dbt5 - Brokerage House
Listening on port: 30000

Using the following database settings:
  Database hostname: localhost
  Database port: 
  Database name: dbt5
Using the following Market Exchange Emulator settings:
  Hostname: localhost
  Port: 30010
Brokerage House opened for business, waiting for traders...
1788942192 373256 TRADE_RESULT giving up after 10 retries 373256 1788942192 
SQL: COMMIT
ERROR:  could not serialize access due to read/write dependencies among transactions
DETAIL:  Reason code: Canceled on commit attempt with conflict in from prepared pivot.
HINT:  The transaction might succeed if retried.


1788942203 373253 TRADE_RESULT giving up after 10 retries 373253 1788942203 
SQL: SELECT * FROM TradeResultFrame5($1, $2, $3, $4, $5, $6)
ERROR:  could not serialize access due to read/write dependencies among transactions
DETAIL:  Reason code: Canceled on identification as a pivot, during write.
HINT:  The transaction might succeed if retried.
CONTEXT:  SQL statement "UPDATE trade
SET t_comm = $1
  , t_dts = $2
  , t_st_id = $3
  , t_trade_price = $4
WHERE t_id = $5"


1788942227 373250 TRADE_RESULT giving up after 10 retries 373250 1788942227 
SQL: COMMIT
ERROR:  could not serialize access due to read/write dependencies among transactions
DETAIL:  Reason code: Canceled on identification as a pivot, during commit attempt.
HINT:  The transaction might succeed if retried.


1788942245 373256 TRADE_RESULT giving up after 10 retries 373256 1788942245 
SQL: COMMIT
ERROR:  could not serialize access due to read/write dependencies among transactions
DETAIL:  Reason code: Canceled on commit attempt with conflict in from prepared pivot.
HINT:  The transaction might succeed if retried.


1788942291 373256 TRADE_RESULT giving up after 10 retries 373256 1788942291 
SQL: SELECT * FROM TradeResultFrame5($1, $2, $3, $4, $5, $6)
ERROR:  could not serialize access due to read/write dependencies among transactions
DETAIL:  Reason code: Canceled on identification as a pivot, during write.
HINT:  The transaction might succeed if retried.
CONTEXT:  SQL statement "UPDATE trade
SET t_comm = $1
  , t_dts = $2
  , t_st_id = $3
  , t_trade_price = $4
WHERE t_id = $5"


1788942311 373259 TRADE_RESULT giving up after 10 retries 373259 1788942311 
SQL: SELECT * FROM TradeResultFrame6($1, $2, $3, $4, $5, $6, $7, $8, $9)
ERROR:  could not serialize access due to read/write dependencies among transactions
DETAIL:  Reason code: Canceled on identification as a pivot, during conflict in checking.
HINT:  The transaction might succeed if retried.
CONTEXT:  SQL statement "INSERT INTO settlement(
    se_t_id
  , se_cash_type
  , se_cash_due_date
  , se_amt)
VALUES (
    $1
  , $2
  , $3
  , $4
)"


1788942455 373252 TRADE_RESULT giving up after 10 retries 373252 1788942455 
SQL: SELECT * FROM TradeResultFrame6($1, $2, $3, $4, $5, $6, $7, $8, $9)
ERROR:  could not serialize access due to read/write dependencies among transactions
DETAIL:  Reason code: Canceled on identification as a pivot, during conflict in checking.
HINT:  The transaction might succeed if retried.
CONTEXT:  SQL statement "INSERT INTO settlement(
    se_t_id
  , se_cash_type
  , se_cash_due_date
  , se_amt)
VALUES (
    $1
  , $2
  , $3
  , $4
)"


1788942463 373243 TRADE_RESULT giving up after 10 retries 373243 1788942463 
SQL: COMMIT
ERROR:  could not serialize access due to read/write dependencies among transactions
DETAIL:  Reason code: Canceled on commit attempt with conflict in from prepared pivot.
HINT:  The transaction might succeed if retried.


1788942481 373253 TRADE_RESULT giving up after 10 retries 373253 1788942481 
SQL: SELECT * FROM TradeResultFrame3($1, $2, $3, $4)
ERROR:  could not serialize access due to read/write dependencies among transactions
DETAIL:  Reason code: Canceled on identification as a pivot, during write.
HINT:  The transaction might succeed if retried.
CONTEXT:  SQL statement "UPDATE trade
SET t_tax = $1
WHERE t_id = $2"


1788942485 373251 TRADE_RESULT giving up after 10 retries 373251 1788942485 
SQL: SELECT * FROM TradeResultFrame6($1, $2, $3, $4, $5, $6, $7, $8, $9)
ERROR:  could not serialize access due to read/write dependencies among transactions
DETAIL:  Reason code: Canceled on identification as a pivot, during conflict in checking.
HINT:  The transaction might succeed if retried.
CONTEXT:  SQL statement "INSERT INTO settlement(
    se_t_id
  , se_cash_type
  , se_cash_due_date
  , se_amt)
VALUES (
    $1
  , $2
  , $3
  , $4
)"


1788942563 373245 TRADE_RESULT giving up after 10 retries 373245 1788942563 
SQL: SELECT * FROM TradeResultFrame6($1, $2, $3, $4, $5, $6, $7, $8, $9)
ERROR:  could not serialize access due to read/write dependencies among transactions
DETAIL:  Reason code: Canceled on identification as a pivot, during conflict in checking.
HINT:  The transaction might succeed if retried.
CONTEXT:  SQL statement "INSERT INTO settlement(
    se_t_id
  , se_cash_type
  , se_cash_due_date
  , se_amt)
VALUES (
    $1
  , $2
  , $3
  , $4
)"


1788942590 373249 TRADE_RESULT giving up after 10 retries 373249 1788942590 
SQL: SELECT * FROM TradeResultFrame5($1, $2, $3, $4, $5, $6)
ERROR:  could not serialize access due to read/write dependencies among transactions
DETAIL:  Reason code: Canceled on identification as a pivot, during write.
HINT:  The transaction might succeed if retried.
CONTEXT:  SQL statement "UPDATE trade
SET t_comm = $1
  , t_dts = $2
  , t_st_id = $3
  , t_trade_price = $4
WHERE t_id = $5"


1788942601 373245 TRADE_RESULT giving up after 10 retries 373245 1788942601 
SQL: SELECT * FROM TradeResultFrame5($1, $2, $3, $4, $5, $6)
ERROR:  could not serialize access due to read/write dependencies among transactions
DETAIL:  Reason code: Canceled on identification as a pivot, during write.
HINT:  The transaction might succeed if retried.
CONTEXT:  SQL statement "UPDATE trade
SET t_comm = $1
  , t_dts = $2
  , t_st_id = $3
  , t_trade_price = $4
WHERE t_id = $5"


1788942601 373249 TRADE_RESULT giving up after 10 retries 373249 1788942601 
SQL: SELECT * FROM TradeResultFrame5($1, $2, $3, $4, $5, $6)
ERROR:  could not serialize access due to read/write dependencies among transactions
DETAIL:  Reason code: Canceled on identification as a pivot, during write.
HINT:  The transaction might succeed if retried.
CONTEXT:  SQL statement "UPDATE trade
SET t_comm = $1
  , t_dts = $2
  , t_st_id = $3
  , t_trade_price = $4
WHERE t_id = $5"


1788942601 373256 TRADE_RESULT giving up after 10 retries 373256 1788942601 
SQL: SELECT * FROM TradeResultFrame5($1, $2, $3, $4, $5, $6)
ERROR:  could not serialize access due to read/write dependencies among transactions
DETAIL:  Reason code: Canceled on identification as a pivot, during write.
HINT:  The transaction might succeed if retried.
CONTEXT:  SQL statement "UPDATE trade
SET t_comm = $1
  , t_dts = $2
  , t_st_id = $3
  , t_trade_price = $4
WHERE t_id = $5"


1788942601 373244 TRADE_RESULT giving up after 10 retries 373244 1788942601 
SQL: SELECT * FROM TradeResultFrame4($1, $2, $3, $4)
ERROR:  could not serialize access due to read/write dependencies among transactions
DETAIL:  Reason code: Canceled on identification as a pivot, during conflict out checking.
HINT:  The transaction might succeed if retried.
CONTEXT:  SQL statement "SELECT s_ex_id
     , s_name
FROM security
WHERE s_symb = $1"


1788942647 373252 TRADE_RESULT giving up after 10 retries 373252 1788942647 
SQL: SELECT * FROM TradeResultFrame5($1, $2, $3, $4, $5, $6)
ERROR:  could not serialize access due to read/write dependencies among transactions
DETAIL:  Reason code: Canceled on identification as a pivot, during write.
HINT:  The transaction might succeed if retried.
CONTEXT:  SQL statement "UPDATE trade
SET t_comm = $1
  , t_dts = $2
  , t_st_id = $3
  , t_trade_price = $4
WHERE t_id = $5"


1788942666 373249 TRADE_RESULT giving up after 10 retries 373249 1788942666 
SQL: SELECT * FROM TradeResultFrame5($1, $2, $3, $4, $5, $6)
ERROR:  could not serialize access due to read/write dependencies among transactions
DETAIL:  Reason code: Canceled on identification as a pivot, during write.
HINT:  The transaction might succeed if retried.
CONTEXT:  SQL statement "UPDATE trade
SET t_comm = $1
  , t_dts = $2
  , t_st_id = $3
  , t_trade_price = $4
WHERE t_id = $5"


1788942684 373252 TRADE_RESULT giving up after 10 retries 373252 1788942684 
SQL: SELECT * FROM TradeResultFrame5($1, $2, $3, $4, $5, $6)
ERROR:  could not serialize access due to read/write dependencies among transactions
DETAIL:  Reason code: Canceled on identification as a pivot, during write.
HINT:  The transaction might succeed if retried.
CONTEXT:  SQL statement "UPDATE trade
SET t_comm = $1
  , t_dts = $2
  , t_st_id = $3
  , t_trade_price = $4
WHERE t_id = $5"


1788942690 373255 TRADE_RESULT giving up after 10 retries 373255 1788942690 
SQL: SELECT * FROM TradeResultFrame6($1, $2, $3, $4, $5, $6, $7, $8, $9)
ERROR:  could not serialize access due to read/write dependencies among transactions
DETAIL:  Reason code: Canceled on identification as a pivot, during conflict out checking.
HINT:  The transaction might succeed if retried.
CONTEXT:  SQL statement "SELECT 1 FROM ONLY "public"."trade" x WHERE "t_id"::pg_catalog.int8 OPERATOR(pg_catalog.=) $1::pg_catalog.int8 FOR KEY SHARE OF x"
SQL statement "INSERT INTO settlement(
    se_t_id
  , se_cash_type
  , se_cash_due_date
  , se_amt)
VALUES (
    $1
  , $2
  , $3
  , $4
)"


1788942700 373256 TRADE_RESULT giving up after 10 retries 373256 1788942700 
SQL: SELECT * FROM TradeResultFrame5($1, $2, $3, $4, $5, $6)
ERROR:  could not serialize access due to read/write dependencies among transactions
DETAIL:  Reason code: Canceled on identification as a pivot, during write.
HINT:  The transaction might succeed if retried.
CONTEXT:  SQL statement "UPDATE trade
SET t_comm = $1
  , t_dts = $2
  , t_st_id = $3
  , t_trade_price = $4
WHERE t_id = $5"


1788942703 373247 TRADE_RESULT giving up after 10 retries 373247 1788942703 
SQL: SELECT * FROM TradeResultFrame6($1, $2, $3, $4, $5, $6, $7, $8, $9)
ERROR:  could not serialize access due to read/write dependencies among transactions
DETAIL:  Reason code: Canceled on identification as a pivot, during conflict in checking.
HINT:  The transaction might succeed if retried.
CONTEXT:  SQL statement "INSERT INTO settlement(
    se_t_id
  , se_cash_type
  , se_cash_due_date
  , se_amt)
VALUES (
    $1
  , $2
  , $3
  , $4
)"


1788942703 373248 TRADE_RESULT giving up after 10 retries 373248 1788942703 
SQL: SELECT * FROM TradeResultFrame5($1, $2, $3, $4, $5, $6)
ERROR:  could not serialize access due to read/write dependencies among transactions
DETAIL:  Reason code: Canceled on identification as a pivot, during write.
HINT:  The transaction might succeed if retried.
CONTEXT:  SQL statement "UPDATE trade
SET t_comm = $1
  , t_dts = $2
  , t_st_id = $3
  , t_trade_price = $4
WHERE t_id = $5"


1788942711 373246 TRADE_RESULT giving up after 10 retries 373246 1788942711 
SQL: SELECT * FROM TradeResultFrame5($1, $2, $3, $4, $5, $6)
ERROR:  could not serialize access due to read/write dependencies among transactions
DETAIL:  Reason code: Canceled on identification as a pivot, during conflict out checking.
HINT:  The transaction might succeed if retried.
CONTEXT:  SQL statement "UPDATE trade
SET t_comm = $1
  , t_dts = $2
  , t_st_id = $3
  , t_trade_price = $4
WHERE t_id = $5"


1788942711 373247 TRADE_RESULT giving up after 10 retries 373247 1788942711 
SQL: SELECT * FROM TradeResultFrame6($1, $2, $3, $4, $5, $6, $7, $8, $9)
ERROR:  could not serialize access due to read/write dependencies among transactions
DETAIL:  Reason code: Canceled on identification as a pivot, during conflict out checking.
HINT:  The transaction might succeed if retried.
CONTEXT:  SQL statement "UPDATE customer_account
SET ca_bal = ca_bal + $1
WHERE ca_id = $2"


1788942742 373248 TRADE_RESULT giving up after 10 retries 373248 1788942742 
SQL: SELECT * FROM TradeResultFrame6($1, $2, $3, $4, $5, $6, $7, $8, $9)
ERROR:  could not serialize access due to read/write dependencies among transactions
DETAIL:  Reason code: Canceled on identification as a pivot, during conflict in checking.
HINT:  The transaction might succeed if retried.
CONTEXT:  SQL statement "INSERT INTO settlement(
    se_t_id
  , se_cash_type
  , se_cash_due_date
  , se_amt)
VALUES (
    $1
  , $2
  , $3
  , $4
)"


1788942748 373258 TRADE_RESULT giving up after 10 retries 373258 1788942748 
SQL: SELECT * FROM TradeResultFrame5($1, $2, $3, $4, $5, $6)
ERROR:  could not serialize access due to read/write dependencies among transactions
DETAIL:  Reason code: Canceled on conflict out to pivot 289040620, during read.
HINT:  The transaction might succeed if retried.
CONTEXT:  SQL statement "UPDATE broker
SET b_comm_total = b_comm_total + $1
  , b_num_trades = b_num_trades + 1
WHERE b_id = $2"


1788942762 373251 TRADE_RESULT giving up after 10 retries 373251 1788942762 
SQL: SELECT * FROM TradeResultFrame5($1, $2, $3, $4, $5, $6)
ERROR:  could not serialize access due to read/write dependencies among transactions
DETAIL:  Reason code: Canceled on identification as a pivot, during write.
HINT:  The transaction might succeed if retried.
CONTEXT:  SQL statement "UPDATE trade
SET t_comm = $1
  , t_dts = $2
  , t_st_id = $3
  , t_trade_price = $4
WHERE t_id = $5"


1788942773 373253 TRADE_RESULT giving up after 10 retries 373253 1788942773 
SQL: SELECT * FROM TradeResultFrame5($1, $2, $3, $4, $5, $6)
ERROR:  could not serialize access due to read/write dependencies among transactions
DETAIL:  Reason code: Canceled on identification as a pivot, during write.
HINT:  The transaction might succeed if retried.
CONTEXT:  SQL statement "UPDATE trade
SET t_comm = $1
  , t_dts = $2
  , t_st_id = $3
  , t_trade_price = $4
WHERE t_id = $5"


1788942798 373256 TRADE_RESULT giving up after 10 retries 373256 1788942798 
SQL: SELECT * FROM TradeResultFrame5($1, $2, $3, $4, $5, $6)
ERROR:  could not serialize access due to read/write dependencies among transactions
DETAIL:  Reason code: Canceled on identification as a pivot, during write.
HINT:  The transaction might succeed if retried.
CONTEXT:  SQL statement "UPDATE trade
SET t_comm = $1
  , t_dts = $2
  , t_st_id = $3
  , t_trade_price = $4
WHERE t_id = $5"


1788942809 373256 TRADE_RESULT giving up after 10 retries 373256 1788942809 
SQL: SELECT * FROM TradeResultFrame5($1, $2, $3, $4, $5, $6)
ERROR:  could not serialize access due to read/write dependencies among transactions
DETAIL:  Reason code: Canceled on conflict out to pivot 289092679, during read.
HINT:  The transaction might succeed if retried.
CONTEXT:  SQL statement "UPDATE broker
SET b_comm_total = b_comm_total + $1
  , b_num_trades = b_num_trades + 1
WHERE b_id = $2"


1788942857 373252 TRADE_RESULT giving up after 10 retries 373252 1788942857 
SQL: SELECT * FROM TradeResultFrame5($1, $2, $3, $4, $5, $6)
ERROR:  could not serialize access due to read/write dependencies among transactions
DETAIL:  Reason code: Canceled on identification as a pivot, during write.
HINT:  The transaction might succeed if retried.
CONTEXT:  SQL statement "UPDATE trade
SET t_comm = $1
  , t_dts = $2
  , t_st_id = $3
  , t_trade_price = $4
WHERE t_id = $5"


1788942863 373246 TRADE_RESULT giving up after 10 retries 373246 1788942863 
SQL: SELECT * FROM TradeResultFrame5($1, $2, $3, $4, $5, $6)
ERROR:  could not serialize access due to read/write dependencies among transactions
DETAIL:  Reason code: Canceled on identification as a pivot, during write.
HINT:  The transaction might succeed if retried.
CONTEXT:  SQL statement "UPDATE trade
SET t_comm = $1
  , t_dts = $2
  , t_st_id = $3
  , t_trade_price = $4
WHERE t_id = $5"


1788942881 373256 TRADE_RESULT giving up after 10 retries 373256 1788942881 
SQL: SELECT * FROM TradeResultFrame5($1, $2, $3, $4, $5, $6)
ERROR:  could not serialize access due to read/write dependencies among transactions
DETAIL:  Reason code: Canceled on identification as a pivot, during conflict out checking.
HINT:  The transaction might succeed if retried.
CONTEXT:  SQL statement "UPDATE trade
SET t_comm = $1
  , t_dts = $2
  , t_st_id = $3
  , t_trade_price = $4
WHERE t_id = $5"


1788942881 373245 TRADE_RESULT giving up after 10 retries 373245 1788942881 
SQL: SELECT * FROM TradeResultFrame5($1, $2, $3, $4, $5, $6)
ERROR:  could not serialize access due to read/write dependencies among transactions
DETAIL:  Reason code: Canceled on identification as a pivot, during write.
HINT:  The transaction might succeed if retried.
CONTEXT:  SQL statement "UPDATE trade
SET t_comm = $1
  , t_dts = $2
  , t_st_id = $3
  , t_trade_price = $4
WHERE t_id = $5"


1788942900 373247 TRADE_RESULT giving up after 10 retries 373247 1788942900 
SQL: SELECT * FROM TradeResultFrame5($1, $2, $3, $4, $5, $6)
ERROR:  could not serialize access due to read/write dependencies among transactions
DETAIL:  Reason code: Canceled on identification as a pivot, during write.
HINT:  The transaction might succeed if retried.
CONTEXT:  SQL statement "UPDATE trade
SET t_comm = $1
  , t_dts = $2
  , t_st_id = $3
  , t_trade_price = $4
WHERE t_id = $5"


1788942900 373258 TRADE_RESULT giving up after 10 retries 373258 1788942900 
SQL: SELECT * FROM TradeResultFrame5($1, $2, $3, $4, $5, $6)
ERROR:  could not serialize access due to read/write dependencies among transactions
DETAIL:  Reason code: Canceled on identification as a pivot, during write.
HINT:  The transaction might succeed if retried.
CONTEXT:  SQL statement "UPDATE trade
SET t_comm = $1
  , t_dts = $2
  , t_st_id = $3
  , t_trade_price = $4
WHERE t_id = $5"


1788942914 373251 TRADE_RESULT giving up after 10 retries 373251 1788942914 
SQL: SELECT * FROM TradeResultFrame3($1, $2, $3, $4)
ERROR:  could not serialize access due to read/write dependencies among transactions
DETAIL:  Reason code: Canceled on identification as a pivot, during conflict in checking.
HINT:  The transaction might succeed if retried.
CONTEXT:  SQL statement "UPDATE trade
SET t_tax = $1
WHERE t_id = $2"


1788942945 373256 TRADE_RESULT giving up after 10 retries 373256 1788942945 
SQL: SELECT * FROM TradeResultFrame5($1, $2, $3, $4, $5, $6)
ERROR:  could not serialize access due to read/write dependencies among transactions
DETAIL:  Reason code: Canceled on identification as a pivot, during write.
HINT:  The transaction might succeed if retried.
CONTEXT:  SQL statement "UPDATE trade
SET t_comm = $1
  , t_dts = $2
  , t_st_id = $3
  , t_trade_price = $4
WHERE t_id = $5"


1788942949 373247 TRADE_RESULT giving up after 10 retries 373247 1788942949 
SQL: SELECT * FROM TradeResultFrame5($1, $2, $3, $4, $5, $6)
ERROR:  could not serialize access due to read/write dependencies among transactions
DETAIL:  Reason code: Canceled on identification as a pivot, during write.
HINT:  The transaction might succeed if retried.
CONTEXT:  SQL statement "UPDATE trade
SET t_comm = $1
  , t_dts = $2
  , t_st_id = $3
  , t_trade_price = $4
WHERE t_id = $5"


1788942964 373247 TRADE_RESULT giving up after 10 retries 373247 1788942964 
SQL: SELECT * FROM TradeResultFrame5($1, $2, $3, $4, $5, $6)
ERROR:  could not serialize access due to read/write dependencies among transactions
DETAIL:  Reason code: Canceled on identification as a pivot, during write.
HINT:  The transaction might succeed if retried.
CONTEXT:  SQL statement "UPDATE trade
SET t_comm = $1
  , t_dts = $2
  , t_st_id = $3
  , t_trade_price = $4
WHERE t_id = $5"


1788942977 373246 TRADE_RESULT giving up after 10 retries 373246 1788942977 
SQL: SELECT * FROM TradeResultFrame6($1, $2, $3, $4, $5, $6, $7, $8, $9)
ERROR:  could not serialize access due to read/write dependencies among transactions
DETAIL:  Reason code: Canceled on identification as a pivot, during conflict out checking.
HINT:  The transaction might succeed if retried.
CONTEXT:  SQL statement "SELECT 1 FROM ONLY "public"."trade" x WHERE "t_id"::pg_catalog.int8 OPERATOR(pg_catalog.=) $1::pg_catalog.int8 FOR KEY SHARE OF x"
SQL statement "INSERT INTO settlement(
    se_t_id
  , se_cash_type
  , se_cash_due_date
  , se_amt)
VALUES (
    $1
  , $2
  , $3
  , $4
)"


1788943046 373256 TRADE_RESULT giving up after 10 retries 373256 1788943046 
SQL: SELECT * FROM TradeResultFrame2($1, $2, $3, $4, $5, $6, $7, $8)
ERROR:  could not serialize access due to read/write dependencies among transactions
DETAIL:  Reason code: Canceled on identification as a pivot, during write.
HINT:  The transaction might succeed if retried.
CONTEXT:  SQL statement "INSERT INTO holding(
    h_t_id
  , h_ca_id
  , h_s_symb
  , h_dts
  , h_price
  , h_qty)
VALUES (
    $1
  , $2
  , $3
  , $4
  , $5
  , $6
)"


1788943046 373243 TRADE_RESULT giving up after 10 retries 373243 1788943046 
SQL: COMMIT
ERROR:  could not serialize access due to read/write dependencies among transactions
DETAIL:  Reason code: Canceled on identification as a pivot, during commit attempt.
HINT:  The transaction might succeed if retried.


1788943061 373246 TRADE_RESULT giving up after 10 retries 373246 1788943061 
SQL: COMMIT
ERROR:  could not serialize access due to read/write dependencies among transactions
DETAIL:  Reason code: Canceled on commit attempt with conflict in from prepared pivot.
HINT:  The transaction might succeed if retried.


1788943114 373251 TRADE_RESULT giving up after 10 retries 373251 1788943114 
SQL: SELECT * FROM TradeResultFrame6($1, $2, $3, $4, $5, $6, $7, $8, $9)
ERROR:  could not serialize access due to read/write dependencies among transactions
DETAIL:  Reason code: Canceled on identification as a pivot, during conflict out checking.
HINT:  The transaction might succeed if retried.
CONTEXT:  SQL statement "SELECT 1 FROM ONLY "public"."trade" x WHERE "t_id"::pg_catalog.int8 OPERATOR(pg_catalog.=) $1::pg_catalog.int8 FOR KEY SHARE OF x"
SQL statement "INSERT INTO settlement(
    se_t_id
  , se_cash_type
  , se_cash_due_date
  , se_amt)
VALUES (
    $1
  , $2
  , $3
  , $4
)"


1788943125 373246 TRADE_RESULT giving up after 10 retries 373246 1788943125 
SQL: SELECT * FROM TradeResultFrame3($1, $2, $3, $4)
ERROR:  could not serialize access due to read/write dependencies among transactions
DETAIL:  Reason code: Canceled on identification as a pivot, during conflict out checking.
HINT:  The transaction might succeed if retried.
CONTEXT:  SQL statement "SELECT sum(tx_rate)
FROM taxrate
WHERE tx_id IN (
                   SELECT cx_tx_id
                   FROM customer_taxrate
                   WHERE cx_c_id = $1
               )"


1788943160 373246 TRADE_RESULT giving up after 10 retries 373246 1788943160 
SQL: SELECT * FROM TradeResultFrame5($1, $2, $3, $4, $5, $6)
ERROR:  could not serialize access due to read/write dependencies among transactions
DETAIL:  Reason code: Canceled on identification as a pivot, during conflict out checking.
HINT:  The transaction might succeed if retried.
CONTEXT:  SQL statement "SELECT 1 FROM ONLY "public"."security" x WHERE "s_symb"::pg_catalog.text OPERATOR(pg_catalog.=) $1::pg_catalog.text FOR KEY SHARE OF x"
SQL statement "UPDATE trade
SET t_comm = $1
  , t_dts = $2
  , t_st_id = $3
  , t_trade_price = $4
WHERE t_id = $5"


1788943193 373251 TRADE_RESULT giving up after 10 retries 373251 1788943193 
SQL: SELECT * FROM TradeResultFrame5($1, $2, $3, $4, $5, $6)
ERROR:  could not serialize access due to read/write dependencies among transactions
DETAIL:  Reason code: Canceled on identification as a pivot, during write.
HINT:  The transaction might succeed if retried.
CONTEXT:  SQL statement "UPDATE trade
SET t_comm = $1
  , t_dts = $2
  , t_st_id = $3
  , t_trade_price = $4
WHERE t_id = $5"


1788943220 373258 TRADE_RESULT giving up after 10 retries 373258 1788943220 
SQL: SELECT * FROM TradeResultFrame5($1, $2, $3, $4, $5, $6)
ERROR:  could not serialize access due to read/write dependencies among transactions
DETAIL:  Reason code: Canceled on identification as a pivot, during conflict in checking.
HINT:  The transaction might succeed if retried.
CONTEXT:  SQL statement "UPDATE trade
SET t_comm = $1
  , t_dts = $2
  , t_st_id = $3
  , t_trade_price = $4
WHERE t_id = $5"


1788943256 373246 TRADE_RESULT giving up after 10 retries 373246 1788943256 
SQL: SELECT * FROM TradeResultFrame6($1, $2, $3, $4, $5, $6, $7, $8, $9)
ERROR:  could not serialize access due to read/write dependencies among transactions
DETAIL:  Reason code: Canceled on identification as a pivot, during conflict in checking.
HINT:  The transaction might succeed if retried.
CONTEXT:  SQL statement "INSERT INTO settlement(
    se_t_id
  , se_cash_type
  , se_cash_due_date
  , se_amt)
VALUES (
    $1
  , $2
  , $3
  , $4
)"


1788943272 373253 TRADE_RESULT giving up after 10 retries 373253 1788943272 
SQL: SELECT * FROM TradeResultFrame4($1, $2, $3, $4)
ERROR:  could not serialize access due to read/write dependencies among transactions
DETAIL:  Reason code: Canceled on identification as a pivot, during conflict out checking.
HINT:  The transaction might succeed if retried.
CONTEXT:  SQL statement "SELECT s_ex_id
     , s_name
FROM security
WHERE s_symb = $1"


1788943280 373244 TRADE_RESULT giving up after 10 retries 373244 1788943280 
SQL: SELECT * FROM TradeResultFrame5($1, $2, $3, $4, $5, $6)
ERROR:  could not serialize access due to read/write dependencies among transactions
DETAIL:  Reason code: Canceled on identification as a pivot, during write.
HINT:  The transaction might succeed if retried.
CONTEXT:  SQL statement "UPDATE trade
SET t_comm = $1
  , t_dts = $2
  , t_st_id = $3
  , t_trade_price = $4
WHERE t_id = $5"


1788943300 373248 TRADE_RESULT giving up after 10 retries 373248 1788943300 
SQL: COMMIT
ERROR:  could not serialize access due to read/write dependencies among transactions
DETAIL:  Reason code: Canceled on identification as a pivot, during commit attempt.
HINT:  The transaction might succeed if retried.


1788943300 373253 TRADE_RESULT giving up after 10 retries 373253 1788943300 
SQL: SELECT * FROM TradeResultFrame5($1, $2, $3, $4, $5, $6)
ERROR:  could not serialize access due to read/write dependencies among transactions
DETAIL:  Reason code: Canceled on identification as a pivot, during write.
HINT:  The transaction might succeed if retried.
CONTEXT:  SQL statement "UPDATE trade
SET t_comm = $1
  , t_dts = $2
  , t_st_id = $3
  , t_trade_price = $4
WHERE t_id = $5"


1788943313 373252 TRADE_RESULT giving up after 10 retries 373252 1788943313 
SQL: SELECT * FROM TradeResultFrame5($1, $2, $3, $4, $5, $6)
ERROR:  could not serialize access due to read/write dependencies among transactions
DETAIL:  Reason code: Canceled on identification as a pivot, during write.
HINT:  The transaction might succeed if retried.
CONTEXT:  SQL statement "UPDATE trade
SET t_comm = $1
  , t_dts = $2
  , t_st_id = $3
  , t_trade_price = $4
WHERE t_id = $5"


1788943325 373250 TRADE_RESULT giving up after 10 retries 373250 1788943325 
SQL: COMMIT
ERROR:  could not serialize access due to read/write dependencies among transactions
DETAIL:  Reason code: Canceled on commit attempt with conflict in from prepared pivot.
HINT:  The transaction might succeed if retried.


1788943326 373254 TRADE_RESULT giving up after 10 retries 373254 1788943326 
SQL: SELECT * FROM TradeResultFrame5($1, $2, $3, $4, $5, $6)
ERROR:  could not serialize access due to read/write dependencies among transactions
DETAIL:  Reason code: Canceled on identification as a pivot, during conflict in checking.
HINT:  The transaction might succeed if retried.
CONTEXT:  SQL statement "UPDATE trade
SET t_comm = $1
  , t_dts = $2
  , t_st_id = $3
  , t_trade_price = $4
WHERE t_id = $5"


1788943331 373246 TRADE_RESULT giving up after 10 retries 373246 1788943331 
SQL: SELECT * FROM TradeResultFrame5($1, $2, $3, $4, $5, $6)
ERROR:  could not serialize access due to read/write dependencies among transactions
DETAIL:  Reason code: Canceled on identification as a pivot, during write.
HINT:  The transaction might succeed if retried.
CONTEXT:  SQL statement "UPDATE trade
SET t_comm = $1
  , t_dts = $2
  , t_st_id = $3
  , t_trade_price = $4
WHERE t_id = $5"


1788943385 373248 TRADE_RESULT giving up after 10 retries 373248 1788943385 
SQL: COMMIT
ERROR:  could not serialize access due to read/write dependencies among transactions
DETAIL:  Reason code: Canceled on commit attempt with conflict in from prepared pivot.
HINT:  The transaction might succeed if retried.


1788943394 373245 TRADE_RESULT giving up after 10 retries 373245 1788943394 
SQL: SELECT * FROM TradeResultFrame5($1, $2, $3, $4, $5, $6)
ERROR:  could not serialize access due to read/write dependencies among transactions
DETAIL:  Reason code: Canceled on identification as a pivot, during write.
HINT:  The transaction might succeed if retried.
CONTEXT:  SQL statement "UPDATE trade
SET t_comm = $1
  , t_dts = $2
  , t_st_id = $3
  , t_trade_price = $4
WHERE t_id = $5"


1788943487 373244 TRADE_RESULT giving up after 10 retries 373244 1788943487 
SQL: COMMIT
ERROR:  could not serialize access due to read/write dependencies among transactions
DETAIL:  Reason code: Canceled on commit attempt with conflict in from prepared pivot.
HINT:  The transaction might succeed if retried.


1788943526 373259 TRADE_RESULT giving up after 10 retries 373259 1788943526 
SQL: SELECT * FROM TradeResultFrame5($1, $2, $3, $4, $5, $6)
ERROR:  could not serialize access due to read/write dependencies among transactions
DETAIL:  Reason code: Canceled on identification as a pivot, during conflict in checking.
HINT:  The transaction might succeed if retried.
CONTEXT:  SQL statement "INSERT INTO trade_history(
    th_t_id
  , th_dts
  , th_st_id
)
VALUES (
    $1
  , $2
  , $3
)"


1788943551 373248 TRADE_RESULT giving up after 10 retries 373248 1788943551 
SQL: SELECT * FROM TradeResultFrame6($1, $2, $3, $4, $5, $6, $7, $8, $9)
ERROR:  could not serialize access due to read/write dependencies among transactions
DETAIL:  Reason code: Canceled on identification as a pivot, during conflict in checking.
HINT:  The transaction might succeed if retried.
CONTEXT:  SQL statement "INSERT INTO settlement(
    se_t_id
  , se_cash_type
  , se_cash_due_date
  , se_amt)
VALUES (
    $1
  , $2
  , $3
  , $4
)"


1788943551 373254 TRADE_RESULT giving up after 10 retries 373254 1788943551 
SQL: COMMIT
ERROR:  could not serialize access due to read/write dependencies among transactions
DETAIL:  Reason code: Canceled on commit attempt with conflict in from prepared pivot.
HINT:  The transaction might succeed if retried.


1788943553 373253 TRADE_RESULT giving up after 10 retries 373253 1788943553 
SQL: COMMIT
ERROR:  could not serialize access due to read/write dependencies among transactions
DETAIL:  Reason code: Canceled on commit attempt with conflict in from prepared pivot.
HINT:  The transaction might succeed if retried.


1788943599 373246 TRADE_RESULT giving up after 10 retries 373246 1788943599 
SQL: SELECT * FROM TradeResultFrame5($1, $2, $3, $4, $5, $6)
ERROR:  could not serialize access due to read/write dependencies among transactions
DETAIL:  Reason code: Canceled on identification as a pivot, during write.
HINT:  The transaction might succeed if retried.
CONTEXT:  SQL statement "UPDATE trade
SET t_comm = $1
  , t_dts = $2
  , t_st_id = $3
  , t_trade_price = $4
WHERE t_id = $5"


1788943606 373259 TRADE_RESULT giving up after 10 retries 373259 1788943606 
SQL: SELECT * FROM TradeResultFrame5($1, $2, $3, $4, $5, $6)
ERROR:  could not serialize access due to read/write dependencies among transactions
DETAIL:  Reason code: Canceled on identification as a pivot, during write.
HINT:  The transaction might succeed if retried.
CONTEXT:  SQL statement "UPDATE trade
SET t_comm = $1
  , t_dts = $2
  , t_st_id = $3
  , t_trade_price = $4
WHERE t_id = $5"


1788943606 373252 TRADE_RESULT giving up after 10 retries 373252 1788943606 
SQL: SELECT * FROM TradeResultFrame5($1, $2, $3, $4, $5, $6)
ERROR:  could not serialize access due to read/write dependencies among transactions
DETAIL:  Reason code: Canceled on identification as a pivot, during write.
HINT:  The transaction might succeed if retried.
CONTEXT:  SQL statement "UPDATE trade
SET t_comm = $1
  , t_dts = $2
  , t_st_id = $3
  , t_trade_price = $4
WHERE t_id = $5"


1788943622 373251 TRADE_RESULT giving up after 10 retries 373251 1788943622 
SQL: COMMIT
ERROR:  could not serialize access due to read/write dependencies among transactions
DETAIL:  Reason code: Canceled on commit attempt with conflict in from prepared pivot.
HINT:  The transaction might succeed if retried.


1788943635 373246 TRADE_RESULT giving up after 10 retries 373246 1788943635 
SQL: SELECT * FROM TradeResultFrame5($1, $2, $3, $4, $5, $6)
ERROR:  could not serialize access due to read/write dependencies among transactions
DETAIL:  Reason code: Canceled on identification as a pivot, during write.
HINT:  The transaction might succeed if retried.
CONTEXT:  SQL statement "UPDATE trade
SET t_comm = $1
  , t_dts = $2
  , t_st_id = $3
  , t_trade_price = $4
WHERE t_id = $5"


1788943635 373252 TRADE_RESULT giving up after 10 retries 373252 1788943635 
SQL: COMMIT
ERROR:  could not serialize access due to read/write dependencies among transactions
DETAIL:  Reason code: Canceled on identification as a pivot, during commit attempt.
HINT:  The transaction might succeed if retried.


1788943643 373247 TRADE_RESULT giving up after 10 retries 373247 1788943643 
SQL: SELECT * FROM TradeResultFrame3($1, $2, $3, $4)
ERROR:  could not serialize access due to read/write dependencies among transactions
DETAIL:  Reason code: Canceled on identification as a pivot, during conflict out checking.
HINT:  The transaction might succeed if retried.
CONTEXT:  SQL statement "SELECT sum(tx_rate)
FROM taxrate
WHERE tx_id IN (
                   SELECT cx_tx_id
                   FROM customer_taxrate
                   WHERE cx_c_id = $1
               )"


1788943648 373244 TRADE_RESULT giving up after 10 retries 373244 1788943648 
SQL: COMMIT
ERROR:  could not serialize access due to read/write dependencies among transactions
DETAIL:  Reason code: Canceled on identification as a pivot, during commit attempt.
HINT:  The transaction might succeed if retried.


1788943687 373248 TRADE_RESULT giving up after 10 retries 373248 1788943687 
SQL: SELECT * FROM TradeResultFrame5($1, $2, $3, $4, $5, $6)
ERROR:  could not serialize access due to read/write dependencies among transactions
DETAIL:  Reason code: Canceled on identification as a pivot, during write.
HINT:  The transaction might succeed if retried.
CONTEXT:  SQL statement "UPDATE trade
SET t_comm = $1
  , t_dts = $2
  , t_st_id = $3
  , t_trade_price = $4
WHERE t_id = $5"


1788943700 373247 TRADE_RESULT giving up after 10 retries 373247 1788943700 
SQL: SELECT * FROM TradeResultFrame5($1, $2, $3, $4, $5, $6)
ERROR:  could not serialize access due to read/write dependencies among transactions
DETAIL:  Reason code: Canceled on identification as a pivot, during write.
HINT:  The transaction might succeed if retried.
CONTEXT:  SQL statement "UPDATE trade
SET t_comm = $1
  , t_dts = $2
  , t_st_id = $3
  , t_trade_price = $4
WHERE t_id = $5"


1788943700 373245 TRADE_RESULT giving up after 10 retries 373245 1788943700 
SQL: SELECT * FROM TradeResultFrame3($1, $2, $3, $4)
ERROR:  could not serialize access due to read/write dependencies among transactions
DETAIL:  Reason code: Canceled on identification as a pivot, during conflict out checking.
HINT:  The transaction might succeed if retried.
CONTEXT:  SQL statement "SELECT sum(tx_rate)
FROM taxrate
WHERE tx_id IN (
                   SELECT cx_tx_id
                   FROM customer_taxrate
                   WHERE cx_c_id = $1
               )"


1788943700 373259 TRADE_RESULT giving up after 10 retries 373259 1788943700 
SQL: SELECT * FROM TradeResultFrame6($1, $2, $3, $4, $5, $6, $7, $8, $9)
ERROR:  could not serialize access due to read/write dependencies among transactions
DETAIL:  Reason code: Canceled on identification as a pivot, during conflict in checking.
HINT:  The transaction might succeed if retried.
CONTEXT:  SQL statement "INSERT INTO settlement(
    se_t_id
  , se_cash_type
  , se_cash_due_date
  , se_amt)
VALUES (
    $1
  , $2
  , $3
  , $4
)"


1788943700 373251 TRADE_RESULT giving up after 10 retries 373251 1788943700 
SQL: SELECT * FROM TradeResultFrame5($1, $2, $3, $4, $5, $6)
ERROR:  could not serialize access due to read/write dependencies among transactions
DETAIL:  Reason code: Canceled on identification as a pivot, during write.
HINT:  The transaction might succeed if retried.
CONTEXT:  SQL statement "UPDATE trade
SET t_comm = $1
  , t_dts = $2
  , t_st_id = $3
  , t_trade_price = $4
WHERE t_id = $5"


1788943700 373255 TRADE_RESULT giving up after 10 retries 373255 1788943700 
SQL: SELECT * FROM TradeResultFrame3($1, $2, $3, $4)
ERROR:  could not serialize access due to read/write dependencies among transactions
DETAIL:  Reason code: Canceled on identification as a pivot, during write.
HINT:  The transaction might succeed if retried.
CONTEXT:  SQL statement "UPDATE trade
SET t_tax = $1
WHERE t_id = $2"


1788943717 373250 TRADE_RESULT giving up after 10 retries 373250 1788943717 
SQL: SELECT * FROM TradeResultFrame3($1, $2, $3, $4)
ERROR:  could not serialize access due to read/write dependencies among transactions
DETAIL:  Reason code: Canceled on identification as a pivot, during write.
HINT:  The transaction might succeed if retried.
CONTEXT:  SQL statement "UPDATE trade
SET t_tax = $1
WHERE t_id = $2"


1788943756 373246 TRADE_RESULT giving up after 10 retries 373246 1788943756 
SQL: SELECT * FROM TradeResultFrame5($1, $2, $3, $4, $5, $6)
ERROR:  could not serialize access due to read/write dependencies among transactions
DETAIL:  Reason code: Canceled on identification as a pivot, during conflict in checking.
HINT:  The transaction might succeed if retried.
CONTEXT:  SQL statement "UPDATE trade
SET t_comm = $1
  , t_dts = $2
  , t_st_id = $3
  , t_trade_price = $4
WHERE t_id = $5"


1788943759 373244 TRADE_RESULT giving up after 10 retries 373244 1788943759 
SQL: SELECT * FROM TradeResultFrame4($1, $2, $3, $4)
ERROR:  could not serialize access due to read/write dependencies among transactions
DETAIL:  Reason code: Canceled on identification as a pivot, during conflict out checking.
HINT:  The transaction might succeed if retried.
CONTEXT:  SQL statement "SELECT s_ex_id
     , s_name
FROM security
WHERE s_symb = $1"


1788943762 373254 TRADE_RESULT giving up after 10 retries 373254 1788943762 
SQL: SELECT * FROM TradeResultFrame5($1, $2, $3, $4, $5, $6)
ERROR:  could not serialize access due to read/write dependencies among transactions
DETAIL:  Reason code: Canceled on identification as a pivot, during write.
HINT:  The transaction might succeed if retried.
CONTEXT:  SQL statement "UPDATE trade
SET t_comm = $1
  , t_dts = $2
  , t_st_id = $3
  , t_trade_price = $4
WHERE t_id = $5"


1788943780 373255 TRADE_RESULT giving up after 10 retries 373255 1788943780 
SQL: SELECT * FROM TradeResultFrame3($1, $2, $3, $4)
ERROR:  could not serialize access due to read/write dependencies among transactions
DETAIL:  Reason code: Canceled on identification as a pivot, during conflict out checking.
HINT:  The transaction might succeed if retried.
CONTEXT:  SQL statement "SELECT sum(tx_rate)
FROM taxrate
WHERE tx_id IN (
                   SELECT cx_tx_id
                   FROM customer_taxrate
                   WHERE cx_c_id = $1
               )"


1788943815 373245 TRADE_RESULT giving up after 10 retries 373245 1788943815 
SQL: SELECT * FROM TradeResultFrame4($1, $2, $3, $4)
ERROR:  could not serialize access due to read/write dependencies among transactions
DETAIL:  Reason code: Canceled on identification as a pivot, during conflict out checking.
HINT:  The transaction might succeed if retried.
CONTEXT:  SQL statement "SELECT s_ex_id
     , s_name
FROM security
WHERE s_symb = $1"


1788943824 373248 TRADE_RESULT giving up after 10 retries 373248 1788943824 
SQL: COMMIT
ERROR:  could not serialize access due to read/write dependencies among transactions
DETAIL:  Reason code: Canceled on identification as a pivot, during commit attempt.
HINT:  The transaction might succeed if retried.


1788943824 373246 TRADE_RESULT giving up after 10 retries 373246 1788943824 
SQL: SELECT * FROM TradeResultFrame6($1, $2, $3, $4, $5, $6, $7, $8, $9)
ERROR:  could not serialize access due to read/write dependencies among transactions
DETAIL:  Reason code: Canceled on identification as a pivot, during conflict out checking.
HINT:  The transaction might succeed if retried.
CONTEXT:  SQL statement "SELECT ca_bal
FROM customer_account
WHERE ca_id = $1"


1788943855 373256 TRADE_RESULT giving up after 10 retries 373256 1788943855 
SQL: SELECT * FROM TradeResultFrame5($1, $2, $3, $4, $5, $6)
ERROR:  could not serialize access due to read/write dependencies among transactions
DETAIL:  Reason code: Canceled on identification as a pivot, during conflict in checking.
HINT:  The transaction might succeed if retried.
CONTEXT:  SQL statement "UPDATE broker
SET b_comm_total = b_comm_total + $1
  , b_num_trades = b_num_trades + 1
WHERE b_id = $2"


1788943858 373245 TRADE_RESULT giving up after 10 retries 373245 1788943858 
SQL: SELECT * FROM TradeResultFrame5($1, $2, $3, $4, $5, $6)
ERROR:  could not serialize access due to read/write dependencies among transactions
DETAIL:  Reason code: Canceled on identification as a pivot, during write.
HINT:  The transaction might succeed if retried.
CONTEXT:  SQL statement "UPDATE trade
SET t_comm = $1
  , t_dts = $2
  , t_st_id = $3
  , t_trade_price = $4
WHERE t_id = $5"


1788943889 373243 TRADE_RESULT giving up after 10 retries 373243 1788943889 
SQL: SELECT * FROM TradeResultFrame3($1, $2, $3, $4)
ERROR:  could not serialize access due to read/write dependencies among transactions
DETAIL:  Reason code: Canceled on identification as a pivot, during write.
HINT:  The transaction might succeed if retried.
CONTEXT:  SQL statement "UPDATE trade
SET t_tax = $1
WHERE t_id = $2"


1788943889 373255 TRADE_RESULT giving up after 10 retries 373255 1788943889 
SQL: COMMIT
ERROR:  could not serialize access due to read/write dependencies among transactions
DETAIL:  Reason code: Canceled on commit attempt with conflict in from prepared pivot.
HINT:  The transaction might succeed if retried.


1788943905 373259 TRADE_RESULT giving up after 10 retries 373259 1788943905 
SQL: SELECT * FROM TradeResultFrame3($1, $2, $3, $4)
ERROR:  could not serialize access due to read/write dependencies among transactions
DETAIL:  Reason code: Canceled on identification as a pivot, during conflict out checking.
HINT:  The transaction might succeed if retried.
CONTEXT:  SQL statement "SELECT sum(tx_rate)
FROM taxrate
WHERE tx_id IN (
                   SELECT cx_tx_id
                   FROM customer_taxrate
                   WHERE cx_c_id = $1
               )"


1788943905 373247 TRADE_RESULT giving up after 10 retries 373247 1788943905 
SQL: SELECT * FROM TradeResultFrame5($1, $2, $3, $4, $5, $6)
ERROR:  could not serialize access due to read/write dependencies among transactions
DETAIL:  Reason code: Canceled on identification as a pivot, during write.
HINT:  The transaction might succeed if retried.
CONTEXT:  SQL statement "UPDATE trade
SET t_comm = $1
  , t_dts = $2
  , t_st_id = $3
  , t_trade_price = $4
WHERE t_id = $5"


1788943946 373251 TRADE_RESULT giving up after 10 retries 373251 1788943946 
SQL: SELECT * FROM TradeResultFrame5($1, $2, $3, $4, $5, $6)
ERROR:  could not serialize access due to read/write dependencies among transactions
DETAIL:  Reason code: Canceled on identification as a pivot, during write.
HINT:  The transaction might succeed if retried.
CONTEXT:  SQL statement "UPDATE trade
SET t_comm = $1
  , t_dts = $2
  , t_st_id = $3
  , t_trade_price = $4
WHERE t_id = $5"


1788943946 373259 TRADE_RESULT giving up after 10 retries 373259 1788943946 
SQL: SELECT * FROM TradeResultFrame5($1, $2, $3, $4, $5, $6)
ERROR:  could not serialize access due to read/write dependencies among transactions
DETAIL:  Reason code: Canceled on identification as a pivot, during write.
HINT:  The transaction might succeed if retried.
CONTEXT:  SQL statement "UPDATE trade
SET t_comm = $1
  , t_dts = $2
  , t_st_id = $3
  , t_trade_price = $4
WHERE t_id = $5"


1788943966 373243 TRADE_RESULT giving up after 10 retries 373243 1788943966 
SQL: SELECT * FROM TradeResultFrame6($1, $2, $3, $4, $5, $6, $7, $8, $9)
ERROR:  could not serialize access due to read/write dependencies among transactions
DETAIL:  Reason code: Canceled on identification as a pivot, during conflict in checking.
HINT:  The transaction might succeed if retried.
CONTEXT:  SQL statement "INSERT INTO settlement(
    se_t_id
  , se_cash_type
  , se_cash_due_date
  , se_amt)
VALUES (
    $1
  , $2
  , $3
  , $4
)"


1788943982 373247 TRADE_RESULT giving up after 10 retries 373247 1788943982 
SQL: SELECT * FROM TradeResultFrame4($1, $2, $3, $4)
ERROR:  could not serialize access due to read/write dependencies among transactions
DETAIL:  Reason code: Canceled on identification as a pivot, during conflict out checking.
HINT:  The transaction might succeed if retried.
CONTEXT:  SQL statement "SELECT s_ex_id
     , s_name
FROM security
WHERE s_symb = $1"


1788943982 373251 TRADE_RESULT giving up after 10 retries 373251 1788943982 
SQL: SELECT * FROM TradeResultFrame5($1, $2, $3, $4, $5, $6)
ERROR:  could not serialize access due to read/write dependencies among transactions
DETAIL:  Reason code: Canceled on identification as a pivot, during conflict out checking.
HINT:  The transaction might succeed if retried.
CONTEXT:  SQL statement "UPDATE trade
SET t_comm = $1
  , t_dts = $2
  , t_st_id = $3
  , t_trade_price = $4
WHERE t_id = $5"


1788943987 373250 TRADE_RESULT giving up after 10 retries 373250 1788943987 
SQL: SELECT * FROM TradeResultFrame5($1, $2, $3, $4, $5, $6)
ERROR:  could not serialize access due to read/write dependencies among transactions
DETAIL:  Reason code: Canceled on identification as a pivot, during conflict out checking.
HINT:  The transaction might succeed if retried.
CONTEXT:  SQL statement "UPDATE trade
SET t_comm = $1
  , t_dts = $2
  , t_st_id = $3
  , t_trade_price = $4
WHERE t_id = $5"


1788943993 373250 TRADE_RESULT giving up after 10 retries 373250 1788943993 
SQL: SELECT * FROM TradeResultFrame3($1, $2, $3, $4)
ERROR:  could not serialize access due to read/write dependencies among transactions
DETAIL:  Reason code: Canceled on identification as a pivot, during write.
HINT:  The transaction might succeed if retried.
CONTEXT:  SQL statement "UPDATE trade
SET t_tax = $1
WHERE t_id = $2"


1788943993 373254 TRADE_RESULT giving up after 10 retries 373254 1788943993 
SQL: SELECT * FROM TradeResultFrame5($1, $2, $3, $4, $5, $6)
ERROR:  could not serialize access due to read/write dependencies among transactions
DETAIL:  Reason code: Canceled on identification as a pivot, during conflict out checking.
HINT:  The transaction might succeed if retried.
CONTEXT:  SQL statement "SELECT 1 FROM ONLY "public"."trade" x WHERE "t_id"::pg_catalog.int8 OPERATOR(pg_catalog.=) $1::pg_catalog.int8 FOR KEY SHARE OF x"
SQL statement "INSERT INTO trade_history(
    th_t_id
  , th_dts
  , th_st_id
)
VALUES (
    $1
  , $2
  , $3
)"


1788943996 373252 TRADE_RESULT giving up after 10 retries 373252 1788943996 
SQL: COMMIT
ERROR:  could not serialize access due to read/write dependencies among transactions
DETAIL:  Reason code: Canceled on identification as a pivot, during commit attempt.
HINT:  The transaction might succeed if retried.


1788943996 373247 TRADE_RESULT giving up after 10 retries 373247 1788943996 
SQL: COMMIT
ERROR:  could not serialize access due to read/write dependencies among transactions
DETAIL:  Reason code: Canceled on identification as a pivot, during commit attempt.
HINT:  The transaction might succeed if retried.


1788944022 373248 TRADE_RESULT giving up after 10 retries 373248 1788944022 
SQL: COMMIT
ERROR:  could not serialize access due to read/write dependencies among transactions
DETAIL:  Reason code: Canceled on commit attempt with conflict in from prepared pivot.
HINT:  The transaction might succeed if retried.


1788944026 373258 TRADE_RESULT giving up after 10 retries 373258 1788944026 
SQL: SELECT * FROM TradeResultFrame5($1, $2, $3, $4, $5, $6)
ERROR:  could not serialize access due to read/write dependencies among transactions
DETAIL:  Reason code: Canceled on conflict out to pivot 290136684, during read.
HINT:  The transaction might succeed if retried.
CONTEXT:  SQL statement "UPDATE broker
SET b_comm_total = b_comm_total + $1
  , b_num_trades = b_num_trades + 1
WHERE b_id = $2"


1788944060 373252 TRADE_RESULT giving up after 10 retries 373252 1788944060 
SQL: SELECT * FROM TradeResultFrame5($1, $2, $3, $4, $5, $6)
ERROR:  could not serialize access due to read/write dependencies among transactions
DETAIL:  Reason code: Canceled on conflict out to pivot 290166067, during read.
HINT:  The transaction might succeed if retried.
CONTEXT:  SQL statement "UPDATE broker
SET b_comm_total = b_comm_total + $1
  , b_num_trades = b_num_trades + 1
WHERE b_id = $2"


1788944069 373245 TRADE_RESULT giving up after 10 retries 373245 1788944069 
SQL: SELECT * FROM TradeResultFrame6($1, $2, $3, $4, $5, $6, $7, $8, $9)
ERROR:  could not serialize access due to read/write dependencies among transactions
DETAIL:  Reason code: Canceled on identification as a pivot, during conflict in checking.
HINT:  The transaction might succeed if retried.
CONTEXT:  SQL statement "INSERT INTO settlement(
    se_t_id
  , se_cash_type
  , se_cash_due_date
  , se_amt)
VALUES (
    $1
  , $2
  , $3
  , $4
)"


1788944098 373250 TRADE_RESULT giving up after 10 retries 373250 1788944098 
SQL: COMMIT
ERROR:  could not serialize access due to read/write dependencies among transactions
DETAIL:  Reason code: Canceled on commit attempt with conflict in from prepared pivot.
HINT:  The transaction might succeed if retried.


1788944103 373247 TRADE_RESULT giving up after 10 retries 373247 1788944103 
SQL: SELECT * FROM TradeResultFrame6($1, $2, $3, $4, $5, $6, $7, $8, $9)
ERROR:  could not serialize access due to read/write dependencies among transactions
DETAIL:  Reason code: Canceled on identification as a pivot, during conflict in checking.
HINT:  The transaction might succeed if retried.
CONTEXT:  SQL statement "INSERT INTO settlement(
    se_t_id
  , se_cash_type
  , se_cash_due_date
  , se_amt)
VALUES (
    $1
  , $2
  , $3
  , $4
)"


1788944124 373249 TRADE_RESULT giving up after 10 retries 373249 1788944124 
SQL: SELECT * FROM TradeResultFrame4($1, $2, $3, $4)
ERROR:  could not serialize access due to read/write dependencies among transactions
DETAIL:  Reason code: Canceled on identification as a pivot, during conflict out checking.
HINT:  The transaction might succeed if retried.
CONTEXT:  SQL statement "SELECT s_ex_id
     , s_name
FROM security
WHERE s_symb = $1"


1788944137 373248 TRADE_RESULT giving up after 10 retries 373248 1788944137 
SQL: SELECT * FROM TradeResultFrame5($1, $2, $3, $4, $5, $6)
ERROR:  could not serialize access due to read/write dependencies among transactions
DETAIL:  Reason code: Canceled on identification as a pivot, during conflict in checking.
HINT:  The transaction might succeed if retried.
CONTEXT:  SQL statement "UPDATE trade
SET t_comm = $1
  , t_dts = $2
  , t_st_id = $3
  , t_trade_price = $4
WHERE t_id = $5"


1788944137 373245 TRADE_RESULT giving up after 10 retries 373245 1788944137 
SQL: COMMIT
ERROR:  could not serialize access due to read/write dependencies among transactions
DETAIL:  Reason code: Canceled on identification as a pivot, during commit attempt.
HINT:  The transaction might succeed if retried.


1788944140 373245 TRADE_RESULT giving up after 10 retries 373245 1788944140 
SQL: SELECT * FROM TradeResultFrame5($1, $2, $3, $4, $5, $6)
ERROR:  could not serialize access due to read/write dependencies among transactions
DETAIL:  Reason code: Canceled on conflict out to pivot 290235172, during read.
HINT:  The transaction might succeed if retried.
CONTEXT:  SQL statement "UPDATE broker
SET b_comm_total = b_comm_total + $1
  , b_num_trades = b_num_trades + 1
WHERE b_id = $2"


1788944161 373258 TRADE_RESULT giving up after 10 retries 373258 1788944161 
SQL: SELECT * FROM TradeResultFrame2($1, $2, $3, $4, $5, $6, $7, $8)
ERROR:  could not serialize access due to read/write dependencies among transactions
DETAIL:  Reason code: Canceled on identification as a pivot, during write.
HINT:  The transaction might succeed if retried.
CONTEXT:  SQL statement "DELETE FROM holding
WHERE h_t_id = $1"


1788944163 373249 TRADE_RESULT giving up after 10 retries 373249 1788944163 
SQL: SELECT * FROM TradeResultFrame6($1, $2, $3, $4, $5, $6, $7, $8, $9)
ERROR:  could not serialize access due to read/write dependencies among transactions
DETAIL:  Reason code: Canceled on identification as a pivot, during conflict in checking.
HINT:  The transaction might succeed if retried.
CONTEXT:  SQL statement "INSERT INTO settlement(
    se_t_id
  , se_cash_type
  , se_cash_due_date
  , se_amt)
VALUES (
    $1
  , $2
  , $3
  , $4
)"


1788944200 373251 TRADE_RESULT giving up after 10 retries 373251 1788944200 
SQL: SELECT * FROM TradeResultFrame6($1, $2, $3, $4, $5, $6, $7, $8, $9)
ERROR:  could not serialize access due to read/write dependencies among transactions
DETAIL:  Reason code: Canceled on identification as a pivot, during conflict in checking.
HINT:  The transaction might succeed if retried.
CONTEXT:  SQL statement "INSERT INTO settlement(
    se_t_id
  , se_cash_type
  , se_cash_due_date
  , se_amt)
VALUES (
    $1
  , $2
  , $3
  , $4
)"


1788944205 373247 TRADE_RESULT giving up after 10 retries 373247 1788944205 
SQL: SELECT * FROM TradeResultFrame6($1, $2, $3, $4, $5, $6, $7, $8, $9)
ERROR:  could not serialize access due to read/write dependencies among transactions
DETAIL:  Reason code: Canceled on identification as a pivot, during conflict in checking.
HINT:  The transaction might succeed if retried.
CONTEXT:  SQL statement "INSERT INTO settlement(
    se_t_id
  , se_cash_type
  , se_cash_due_date
  , se_amt)
VALUES (
    $1
  , $2
  , $3
  , $4
)"


1788944256 373247 TRADE_RESULT giving up after 10 retries 373247 1788944256 
SQL: SELECT * FROM TradeResultFrame3($1, $2, $3, $4)
ERROR:  could not serialize access due to read/write dependencies among transactions
DETAIL:  Reason code: Canceled on identification as a pivot, during write.
HINT:  The transaction might succeed if retried.
CONTEXT:  SQL statement "UPDATE trade
SET t_tax = $1
WHERE t_id = $2"


1788944274 373253 TRADE_RESULT giving up after 10 retries 373253 1788944274 
SQL: SELECT * FROM TradeResultFrame5($1, $2, $3, $4, $5, $6)
ERROR:  could not serialize access due to read/write dependencies among transactions
DETAIL:  Reason code: Canceled on identification as a pivot, during write.
HINT:  The transaction might succeed if retried.
CONTEXT:  SQL statement "UPDATE trade
SET t_comm = $1
  , t_dts = $2
  , t_st_id = $3
  , t_trade_price = $4
WHERE t_id = $5"


1788944274 373251 TRADE_RESULT giving up after 10 retries 373251 1788944274 
SQL: SELECT * FROM TradeResultFrame5($1, $2, $3, $4, $5, $6)
ERROR:  could not serialize access due to read/write dependencies among transactions
DETAIL:  Reason code: Canceled on identification as a pivot, during write.
HINT:  The transaction might succeed if retried.
CONTEXT:  SQL statement "UPDATE trade
SET t_comm = $1
  , t_dts = $2
  , t_st_id = $3
  , t_trade_price = $4
WHERE t_id = $5"


1788944330 373246 TRADE_RESULT giving up after 10 retries 373246 1788944330 
SQL: SELECT * FROM TradeResultFrame5($1, $2, $3, $4, $5, $6)
ERROR:  could not serialize access due to read/write dependencies among transactions
DETAIL:  Reason code: Canceled on identification as a pivot, during write.
HINT:  The transaction might succeed if retried.
CONTEXT:  SQL statement "UPDATE trade
SET t_comm = $1
  , t_dts = $2
  , t_st_id = $3
  , t_trade_price = $4
WHERE t_id = $5"


1788944336 373255 TRADE_RESULT giving up after 10 retries 373255 1788944336 
SQL: COMMIT
ERROR:  could not serialize access due to read/write dependencies among transactions
DETAIL:  Reason code: Canceled on commit attempt with conflict in from prepared pivot.
HINT:  The transaction might succeed if retried.


1788944402 373251 TRADE_RESULT giving up after 10 retries 373251 1788944402 
SQL: SELECT * FROM TradeResultFrame5($1, $2, $3, $4, $5, $6)
ERROR:  could not serialize access due to read/write dependencies among transactions
DETAIL:  Reason code: Canceled on identification as a pivot, during write.
HINT:  The transaction might succeed if retried.
CONTEXT:  SQL statement "UPDATE trade
SET t_comm = $1
  , t_dts = $2
  , t_st_id = $3
  , t_trade_price = $4
WHERE t_id = $5"


1788944406 373248 TRADE_RESULT giving up after 10 retries 373248 1788944406 
SQL: SELECT * FROM TradeResultFrame4($1, $2, $3, $4)
ERROR:  could not serialize access due to read/write dependencies among transactions
DETAIL:  Reason code: Canceled on identification as a pivot, during conflict out checking.
HINT:  The transaction might succeed if retried.
CONTEXT:  SQL statement "SELECT s_ex_id
     , s_name
FROM security
WHERE s_symb = $1"


1788944434 373256 TRADE_RESULT giving up after 10 retries 373256 1788944434 
SQL: COMMIT
ERROR:  could not serialize access due to read/write dependencies among transactions
DETAIL:  Reason code: Canceled on commit attempt with conflict in from prepared pivot.
HINT:  The transaction might succeed if retried.


1788944434 373259 TRADE_RESULT giving up after 10 retries 373259 1788944434 
SQL: COMMIT
ERROR:  could not serialize access due to read/write dependencies among transactions
DETAIL:  Reason code: Canceled on commit attempt with conflict in from prepared pivot.
HINT:  The transaction might succeed if retried.


1788944434 373249 TRADE_RESULT giving up after 10 retries 373249 1788944434 
SQL: COMMIT
ERROR:  could not serialize access due to read/write dependencies among transactions
DETAIL:  Reason code: Canceled on commit attempt with conflict in from prepared pivot.
HINT:  The transaction might succeed if retried.


1788944436 373251 TRADE_RESULT giving up after 10 retries 373251 1788944436 
SQL: SELECT * FROM TradeResultFrame5($1, $2, $3, $4, $5, $6)
ERROR:  could not serialize access due to read/write dependencies among transactions
DETAIL:  Reason code: Canceled on identification as a pivot, during write.
HINT:  The transaction might succeed if retried.
CONTEXT:  SQL statement "UPDATE trade
SET t_comm = $1
  , t_dts = $2
  , t_st_id = $3
  , t_trade_price = $4
WHERE t_id = $5"


1788944437 373254 TRADE_RESULT giving up after 10 retries 373254 1788944437 
SQL: SELECT * FROM TradeResultFrame5($1, $2, $3, $4, $5, $6)
ERROR:  could not serialize access due to read/write dependencies among transactions
DETAIL:  Reason code: Canceled on identification as a pivot, during write.
HINT:  The transaction might succeed if retried.
CONTEXT:  SQL statement "UPDATE trade
SET t_comm = $1
  , t_dts = $2
  , t_st_id = $3
  , t_trade_price = $4
WHERE t_id = $5"


1788944460 373244 TRADE_RESULT giving up after 10 retries 373244 1788944460 
SQL: COMMIT
ERROR:  could not serialize access due to read/write dependencies among transactions
DETAIL:  Reason code: Canceled on commit attempt with conflict in from prepared pivot.
HINT:  The transaction might succeed if retried.


1788944460 373246 TRADE_RESULT giving up after 10 retries 373246 1788944460 
SQL: SELECT * FROM TradeResultFrame6($1, $2, $3, $4, $5, $6, $7, $8, $9)
ERROR:  could not serialize access due to read/write dependencies among transactions
DETAIL:  Reason code: Canceled on identification as a pivot, during conflict in checking.
HINT:  The transaction might succeed if retried.
CONTEXT:  SQL statement "INSERT INTO settlement(
    se_t_id
  , se_cash_type
  , se_cash_due_date
  , se_amt)
VALUES (
    $1
  , $2
  , $3
  , $4
)"


1788944475 373256 TRADE_RESULT giving up after 10 retries 373256 1788944475 
SQL: SELECT * FROM TradeResultFrame6($1, $2, $3, $4, $5, $6, $7, $8, $9)
ERROR:  could not serialize access due to read/write dependencies among transactions
DETAIL:  Reason code: Canceled on identification as a pivot, during conflict in checking.
HINT:  The transaction might succeed if retried.
CONTEXT:  SQL statement "INSERT INTO settlement(
    se_t_id
  , se_cash_type
  , se_cash_due_date
  , se_amt)
VALUES (
    $1
  , $2
  , $3
  , $4
)"


1788944479 373255 TRADE_RESULT giving up after 10 retries 373255 1788944479 
SQL: SELECT * FROM TradeResultFrame5($1, $2, $3, $4, $5, $6)
ERROR:  could not serialize access due to read/write dependencies among transactions
DETAIL:  Reason code: Canceled on identification as a pivot, during write.
HINT:  The transaction might succeed if retried.
CONTEXT:  SQL statement "UPDATE trade
SET t_comm = $1
  , t_dts = $2
  , t_st_id = $3
  , t_trade_price = $4
WHERE t_id = $5"


1788944495 373248 TRADE_RESULT giving up after 10 retries 373248 1788944495 
SQL: COMMIT
ERROR:  could not serialize access due to read/write dependencies among transactions
DETAIL:  Reason code: Canceled on commit attempt with conflict in from prepared pivot.
HINT:  The transaction might succeed if retried.


1788944503 373248 TRADE_RESULT giving up after 10 retries 373248 1788944503 
SQL: SELECT * FROM TradeResultFrame5($1, $2, $3, $4, $5, $6)
ERROR:  could not serialize access due to read/write dependencies among transactions
DETAIL:  Reason code: Canceled on identification as a pivot, during write.
HINT:  The transaction might succeed if retried.
CONTEXT:  SQL statement "UPDATE trade
SET t_comm = $1
  , t_dts = $2
  , t_st_id = $3
  , t_trade_price = $4
WHERE t_id = $5"


1788944507 373253 TRADE_RESULT giving up after 10 retries 373253 1788944507 
SQL: SELECT * FROM TradeResultFrame6($1, $2, $3, $4, $5, $6, $7, $8, $9)
ERROR:  could not serialize access due to read/write dependencies among transactions
DETAIL:  Reason code: Canceled on identification as a pivot, during conflict in checking.
HINT:  The transaction might succeed if retried.
CONTEXT:  SQL statement "INSERT INTO settlement(
    se_t_id
  , se_cash_type
  , se_cash_due_date
  , se_amt)
VALUES (
    $1
  , $2
  , $3
  , $4
)"


1788944568 373243 TRADE_RESULT giving up after 10 retries 373243 1788944568 
SQL: COMMIT
ERROR:  could not serialize access due to read/write dependencies among transactions
DETAIL:  Reason code: Canceled on identification as a pivot, during commit attempt.
HINT:  The transaction might succeed if retried.


1788944572 373243 TRADE_RESULT giving up after 10 retries 373243 1788944572 
SQL: SELECT * FROM TradeResultFrame6($1, $2, $3, $4, $5, $6, $7, $8, $9)
ERROR:  could not serialize access due to read/write dependencies among transactions
DETAIL:  Reason code: Canceled on identification as a pivot, during conflict out checking.
HINT:  The transaction might succeed if retried.
CONTEXT:  SQL statement "UPDATE customer_account
SET ca_bal = ca_bal + $1
WHERE ca_id = $2"


1788944609 373243 TRADE_RESULT giving up after 10 retries 373243 1788944609 
SQL: SELECT * FROM TradeResultFrame3($1, $2, $3, $4)
ERROR:  could not serialize access due to read/write dependencies among transactions
DETAIL:  Reason code: Canceled on identification as a pivot, during write.
HINT:  The transaction might succeed if retried.
CONTEXT:  SQL statement "UPDATE trade
SET t_tax = $1
WHERE t_id = $2"


1788944610 373248 TRADE_RESULT giving up after 10 retries 373248 1788944610 
SQL: SELECT * FROM TradeResultFrame3($1, $2, $3, $4)
ERROR:  could not serialize access due to read/write dependencies among transactions
DETAIL:  Reason code: Canceled on identification as a pivot, during conflict out checking.
HINT:  The transaction might succeed if retried.
CONTEXT:  SQL statement "UPDATE trade
SET t_tax = $1
WHERE t_id = $2"


1788944627 373258 TRADE_RESULT giving up after 10 retries 373258 1788944627 
SQL: SELECT * FROM TradeResultFrame5($1, $2, $3, $4, $5, $6)
ERROR:  could not serialize access due to read/write dependencies among transactions
DETAIL:  Reason code: Canceled on identification as a pivot, during write.
HINT:  The transaction might succeed if retried.
CONTEXT:  SQL statement "UPDATE trade
SET t_comm = $1
  , t_dts = $2
  , t_st_id = $3
  , t_trade_price = $4
WHERE t_id = $5"


1788944633 373251 TRADE_RESULT giving up after 10 retries 373251 1788944633 
SQL: SELECT * FROM TradeResultFrame5($1, $2, $3, $4, $5, $6)
ERROR:  could not serialize access due to read/write dependencies among transactions
DETAIL:  Reason code: Canceled on identification as a pivot, during write.
HINT:  The transaction might succeed if retried.
CONTEXT:  SQL statement "UPDATE trade
SET t_comm = $1
  , t_dts = $2
  , t_st_id = $3
  , t_trade_price = $4
WHERE t_id = $5"


1788944649 373258 TRADE_RESULT giving up after 10 retries 373258 1788944649 
SQL: SELECT * FROM TradeResultFrame3($1, $2, $3, $4)
ERROR:  could not serialize access due to read/write dependencies among transactions
DETAIL:  Reason code: Canceled on identification as a pivot, during conflict out checking.
HINT:  The transaction might succeed if retried.
CONTEXT:  SQL statement "SELECT sum(tx_rate)
FROM taxrate
WHERE tx_id IN (
                   SELECT cx_tx_id
                   FROM customer_taxrate
                   WHERE cx_c_id = $1
               )"


1788944665 373259 TRADE_RESULT giving up after 10 retries 373259 1788944665 
SQL: COMMIT
ERROR:  could not serialize access due to read/write dependencies among transactions
DETAIL:  Reason code: Canceled on commit attempt with conflict in from prepared pivot.
HINT:  The transaction might succeed if retried.


1788944668 373251 TRADE_RESULT giving up after 10 retries 373251 1788944668 
SQL: SELECT * FROM TradeResultFrame5($1, $2, $3, $4, $5, $6)
ERROR:  could not serialize access due to read/write dependencies among transactions
DETAIL:  Reason code: Canceled on identification as a pivot, during write.
HINT:  The transaction might succeed if retried.
CONTEXT:  SQL statement "UPDATE trade
SET t_comm = $1
  , t_dts = $2
  , t_st_id = $3
  , t_trade_price = $4
WHERE t_id = $5"


1788944676 373255 TRADE_RESULT giving up after 10 retries 373255 1788944676 
SQL: COMMIT
ERROR:  could not serialize access due to read/write dependencies among transactions
DETAIL:  Reason code: Canceled on commit attempt with conflict in from prepared pivot.
HINT:  The transaction might succeed if retried.


1788944694 373255 TRADE_RESULT giving up after 10 retries 373255 1788944694 
SQL: COMMIT
ERROR:  could not serialize access due to read/write dependencies among transactions
DETAIL:  Reason code: Canceled on commit attempt with conflict in from prepared pivot.
HINT:  The transaction might succeed if retried.


1788944696 373249 TRADE_RESULT giving up after 10 retries 373249 1788944696 
SQL: SELECT * FROM TradeResultFrame5($1, $2, $3, $4, $5, $6)
ERROR:  could not serialize access due to read/write dependencies among transactions
DETAIL:  Reason code: Canceled on identification as a pivot, during write.
HINT:  The transaction might succeed if retried.
CONTEXT:  SQL statement "UPDATE trade
SET t_comm = $1
  , t_dts = $2
  , t_st_id = $3
  , t_trade_price = $4
WHERE t_id = $5"


1788944724 373259 TRADE_RESULT giving up after 10 retries 373259 1788944724 
SQL: SELECT * FROM TradeResultFrame6($1, $2, $3, $4, $5, $6, $7, $8, $9)
ERROR:  could not serialize access due to read/write dependencies among transactions
DETAIL:  Reason code: Canceled on identification as a pivot, during conflict in checking.
HINT:  The transaction might succeed if retried.
CONTEXT:  SQL statement "INSERT INTO settlement(
    se_t_id
  , se_cash_type
  , se_cash_due_date
  , se_amt)
VALUES (
    $1
  , $2
  , $3
  , $4
)"


1788944724 373249 TRADE_RESULT giving up after 10 retries 373249 1788944724 
SQL: COMMIT
ERROR:  could not serialize access due to read/write dependencies among transactions
DETAIL:  Reason code: Canceled on commit attempt with conflict in from prepared pivot.
HINT:  The transaction might succeed if retried.


1788944724 373255 TRADE_RESULT giving up after 10 retries 373255 1788944724 
SQL: SELECT * FROM TradeResultFrame5($1, $2, $3, $4, $5, $6)
ERROR:  could not serialize access due to read/write dependencies among transactions
DETAIL:  Reason code: Canceled on identification as a pivot, during write.
HINT:  The transaction might succeed if retried.
CONTEXT:  SQL statement "UPDATE trade
SET t_comm = $1
  , t_dts = $2
  , t_st_id = $3
  , t_trade_price = $4
WHERE t_id = $5"


1788944731 373252 TRADE_RESULT giving up after 10 retries 373252 1788944731 
SQL: SELECT * FROM TradeResultFrame4($1, $2, $3, $4)
ERROR:  could not serialize access due to read/write dependencies among transactions
DETAIL:  Reason code: Canceled on identification as a pivot, during conflict out checking.
HINT:  The transaction might succeed if retried.
CONTEXT:  SQL statement "SELECT s_ex_id
     , s_name
FROM security
WHERE s_symb = $1"


1788944753 373248 TRADE_RESULT giving up after 10 retries 373248 1788944753 
SQL: SELECT * FROM TradeResultFrame5($1, $2, $3, $4, $5, $6)
ERROR:  could not serialize access due to read/write dependencies among transactions
DETAIL:  Reason code: Canceled on identification as a pivot, during write.
HINT:  The transaction might succeed if retried.
CONTEXT:  SQL statement "UPDATE trade
SET t_comm = $1
  , t_dts = $2
  , t_st_id = $3
  , t_trade_price = $4
WHERE t_id = $5"


1788944754 373251 TRADE_RESULT giving up after 10 retries 373251 1788944754 
SQL: SELECT * FROM TradeResultFrame5($1, $2, $3, $4, $5, $6)
ERROR:  could not serialize access due to read/write dependencies among transactions
DETAIL:  Reason code: Canceled on identification as a pivot, during write.
HINT:  The transaction might succeed if retried.
CONTEXT:  SQL statement "UPDATE trade
SET t_comm = $1
  , t_dts = $2
  , t_st_id = $3
  , t_trade_price = $4
WHERE t_id = $5"


1788944770 373256 TRADE_RESULT giving up after 10 retries 373256 1788944770 
SQL: SELECT * FROM TradeResultFrame5($1, $2, $3, $4, $5, $6)
ERROR:  could not serialize access due to read/write dependencies among transactions
DETAIL:  Reason code: Canceled on identification as a pivot, during write.
HINT:  The transaction might succeed if retried.
CONTEXT:  SQL statement "UPDATE trade
SET t_comm = $1
  , t_dts = $2
  , t_st_id = $3
  , t_trade_price = $4
WHERE t_id = $5"


1788944813 373258 TRADE_RESULT giving up after 10 retries 373258 1788944813 
SQL: SELECT * FROM TradeResultFrame5($1, $2, $3, $4, $5, $6)
ERROR:  could not serialize access due to read/write dependencies among transactions
DETAIL:  Reason code: Canceled on identification as a pivot, during write.
HINT:  The transaction might succeed if retried.
CONTEXT:  SQL statement "UPDATE trade
SET t_comm = $1
  , t_dts = $2
  , t_st_id = $3
  , t_trade_price = $4
WHERE t_id = $5"


1788944820 373259 TRADE_RESULT giving up after 10 retries 373259 1788944820 
SQL: SELECT * FROM TradeResultFrame5($1, $2, $3, $4, $5, $6)
ERROR:  could not serialize access due to read/write dependencies among transactions
DETAIL:  Reason code: Canceled on identification as a pivot, during write.
HINT:  The transaction might succeed if retried.
CONTEXT:  SQL statement "UPDATE trade
SET t_comm = $1
  , t_dts = $2
  , t_st_id = $3
  , t_trade_price = $4
WHERE t_id = $5"


1788944822 373254 TRADE_RESULT giving up after 10 retries 373254 1788944822 
SQL: SELECT * FROM TradeResultFrame3($1, $2, $3, $4)
ERROR:  could not serialize access due to read/write dependencies among transactions
DETAIL:  Reason code: Canceled on identification as a pivot, during write.
HINT:  The transaction might succeed if retried.
CONTEXT:  SQL statement "UPDATE trade
SET t_tax = $1
WHERE t_id = $2"


1788944860 373251 TRADE_RESULT giving up after 10 retries 373251 1788944860 
SQL: COMMIT
ERROR:  could not serialize access due to read/write dependencies among transactions
DETAIL:  Reason code: Canceled on commit attempt with conflict in from prepared pivot.
HINT:  The transaction might succeed if retried.


1788944894 373248 TRADE_RESULT giving up after 10 retries 373248 1788944894 
SQL: SELECT * FROM TradeResultFrame6($1, $2, $3, $4, $5, $6, $7, $8, $9)
ERROR:  could not serialize access due to read/write dependencies among transactions
DETAIL:  Reason code: Canceled on identification as a pivot, during conflict in checking.
HINT:  The transaction might succeed if retried.
CONTEXT:  SQL statement "INSERT INTO settlement(
    se_t_id
  , se_cash_type
  , se_cash_due_date
  , se_amt)
VALUES (
    $1
  , $2
  , $3
  , $4
)"


1788944905 373259 TRADE_RESULT giving up after 10 retries 373259 1788944905 
SQL: COMMIT
ERROR:  could not serialize access due to read/write dependencies among transactions
DETAIL:  Reason code: Canceled on identification as a pivot, during commit attempt.
HINT:  The transaction might succeed if retried.


1788944924 373259 TRADE_RESULT giving up after 10 retries 373259 1788944924 
SQL: COMMIT
ERROR:  could not serialize access due to read/write dependencies among transactions
DETAIL:  Reason code: Canceled on commit attempt with conflict in from prepared pivot.
HINT:  The transaction might succeed if retried.


1788944926 373244 TRADE_RESULT giving up after 10 retries 373244 1788944926 
SQL: COMMIT
ERROR:  could not serialize access due to read/write dependencies among transactions
DETAIL:  Reason code: Canceled on commit attempt with conflict in from prepared pivot.
HINT:  The transaction might succeed if retried.


1788944956 373246 TRADE_RESULT giving up after 10 retries 373246 1788944956 
SQL: SELECT * FROM TradeResultFrame5($1, $2, $3, $4, $5, $6)
ERROR:  could not serialize access due to read/write dependencies among transactions
DETAIL:  Reason code: Canceled on identification as a pivot, during write.
HINT:  The transaction might succeed if retried.
CONTEXT:  SQL statement "UPDATE trade
SET t_comm = $1
  , t_dts = $2
  , t_st_id = $3
  , t_trade_price = $4
WHERE t_id = $5"


1788945001 373248 TRADE_RESULT giving up after 10 retries 373248 1788945001 
SQL: SELECT * FROM TradeResultFrame3($1, $2, $3, $4)
ERROR:  could not serialize access due to read/write dependencies among transactions
DETAIL:  Reason code: Canceled on identification as a pivot, during write.
HINT:  The transaction might succeed if retried.
CONTEXT:  SQL statement "UPDATE trade
SET t_tax = $1
WHERE t_id = $2"


1788945001 373252 TRADE_RESULT giving up after 10 retries 373252 1788945001 
SQL: SELECT * FROM TradeResultFrame5($1, $2, $3, $4, $5, $6)
ERROR:  could not serialize access due to read/write dependencies among transactions
DETAIL:  Reason code: Canceled on identification as a pivot, during write.
HINT:  The transaction might succeed if retried.
CONTEXT:  SQL statement "UPDATE trade
SET t_comm = $1
  , t_dts = $2
  , t_st_id = $3
  , t_trade_price = $4
WHERE t_id = $5"


1788945015 373248 TRADE_RESULT giving up after 10 retries 373248 1788945015 
SQL: SELECT * FROM TradeResultFrame5($1, $2, $3, $4, $5, $6)
ERROR:  could not serialize access due to read/write dependencies among transactions
DETAIL:  Reason code: Canceled on identification as a pivot, during write.
HINT:  The transaction might succeed if retried.
CONTEXT:  SQL statement "UPDATE trade
SET t_comm = $1
  , t_dts = $2
  , t_st_id = $3
  , t_trade_price = $4
WHERE t_id = $5"


1788945016 373256 TRADE_RESULT giving up after 10 retries 373256 1788945016 
SQL: COMMIT
ERROR:  could not serialize access due to read/write dependencies among transactions
DETAIL:  Reason code: Canceled on identification as a pivot, during commit attempt.
HINT:  The transaction might succeed if retried.


1788945049 373244 TRADE_RESULT giving up after 10 retries 373244 1788945049 
SQL: SELECT * FROM TradeResultFrame6($1, $2, $3, $4, $5, $6, $7, $8, $9)
ERROR:  could not serialize access due to read/write dependencies among transactions
DETAIL:  Reason code: Canceled on identification as a pivot, during conflict in checking.
HINT:  The transaction might succeed if retried.
CONTEXT:  SQL statement "INSERT INTO settlement(
    se_t_id
  , se_cash_type
  , se_cash_due_date
  , se_amt)
VALUES (
    $1
  , $2
  , $3
  , $4
)"


1788945057 373256 TRADE_RESULT giving up after 10 retries 373256 1788945057 
SQL: SELECT * FROM TradeResultFrame5($1, $2, $3, $4, $5, $6)
ERROR:  could not serialize access due to read/write dependencies among transactions
DETAIL:  Reason code: Canceled on identification as a pivot, during write.
HINT:  The transaction might succeed if retried.
CONTEXT:  SQL statement "UPDATE trade
SET t_comm = $1
  , t_dts = $2
  , t_st_id = $3
  , t_trade_price = $4
WHERE t_id = $5"


1788945066 373250 TRADE_RESULT giving up after 10 retries 373250 1788945066 
SQL: COMMIT
ERROR:  could not serialize access due to read/write dependencies among transactions
DETAIL:  Reason code: Canceled on commit attempt with conflict in from prepared pivot.
HINT:  The transaction might succeed if retried.


1788945122 373247 TRADE_RESULT giving up after 10 retries 373247 1788945122 
SQL: SELECT * FROM TradeResultFrame5($1, $2, $3, $4, $5, $6)
ERROR:  could not serialize access due to read/write dependencies among transactions
DETAIL:  Reason code: Canceled on conflict out to pivot 291074666, during read.
HINT:  The transaction might succeed if retried.
CONTEXT:  SQL statement "UPDATE broker
SET b_comm_total = b_comm_total + $1
  , b_num_trades = b_num_trades + 1
WHERE b_id = $2"


1788945153 373245 TRADE_RESULT giving up after 10 retries 373245 1788945153 
SQL: SELECT * FROM TradeResultFrame4($1, $2, $3, $4)
ERROR:  could not serialize access due to read/write dependencies among transactions
DETAIL:  Reason code: Canceled on identification as a pivot, during conflict out checking.
HINT:  The transaction might succeed if retried.
CONTEXT:  SQL statement "SELECT s_ex_id
     , s_name
FROM security
WHERE s_symb = $1"


1788945153 373244 TRADE_RESULT giving up after 10 retries 373244 1788945153 
SQL: SELECT * FROM TradeResultFrame5($1, $2, $3, $4, $5, $6)
ERROR:  could not serialize access due to read/write dependencies among transactions
DETAIL:  Reason code: Canceled on identification as a pivot, during write.
HINT:  The transaction might succeed if retried.
CONTEXT:  SQL statement "UPDATE trade
SET t_comm = $1
  , t_dts = $2
  , t_st_id = $3
  , t_trade_price = $4
WHERE t_id = $5"


1788945157 373243 TRADE_RESULT giving up after 10 retries 373243 1788945157 
SQL: SELECT * FROM TradeResultFrame6($1, $2, $3, $4, $5, $6, $7, $8, $9)
ERROR:  could not serialize access due to read/write dependencies among transactions
DETAIL:  Reason code: Canceled on identification as a pivot, during conflict out checking.
HINT:  The transaction might succeed if retried.
CONTEXT:  SQL statement "UPDATE customer_account
SET ca_bal = ca_bal + $1
WHERE ca_id = $2"


1788945181 373255 TRADE_RESULT giving up after 10 retries 373255 1788945181 
SQL: SELECT * FROM TradeResultFrame5($1, $2, $3, $4, $5, $6)
ERROR:  could not serialize access due to read/write dependencies among transactions
DETAIL:  Reason code: Canceled on identification as a pivot, during write.
HINT:  The transaction might succeed if retried.
CONTEXT:  SQL statement "UPDATE trade
SET t_comm = $1
  , t_dts = $2
  , t_st_id = $3
  , t_trade_price = $4
WHERE t_id = $5"


1788945181 373259 TRADE_RESULT giving up after 10 retries 373259 1788945181 
SQL: SELECT * FROM TradeResultFrame5($1, $2, $3, $4, $5, $6)
ERROR:  could not serialize access due to read/write dependencies among transactions
DETAIL:  Reason code: Canceled on identification as a pivot, during write.
HINT:  The transaction might succeed if retried.
CONTEXT:  SQL statement "UPDATE trade
SET t_comm = $1
  , t_dts = $2
  , t_st_id = $3
  , t_trade_price = $4
WHERE t_id = $5"


1788945181 373253 TRADE_RESULT giving up after 10 retries 373253 1788945181 
SQL: SELECT * FROM TradeResultFrame5($1, $2, $3, $4, $5, $6)
ERROR:  could not serialize access due to read/write dependencies among transactions
DETAIL:  Reason code: Canceled on identification as a pivot, during write.
HINT:  The transaction might succeed if retried.
CONTEXT:  SQL statement "UPDATE trade
SET t_comm = $1
  , t_dts = $2
  , t_st_id = $3
  , t_trade_price = $4
WHERE t_id = $5"


1788945222 373252 TRADE_RESULT giving up after 10 retries 373252 1788945222 
SQL: SELECT * FROM TradeResultFrame5($1, $2, $3, $4, $5, $6)
ERROR:  could not serialize access due to read/write dependencies among transactions
DETAIL:  Reason code: Canceled on identification as a pivot, during conflict out checking.
HINT:  The transaction might succeed if retried.
CONTEXT:  SQL statement "UPDATE trade
SET t_comm = $1
  , t_dts = $2
  , t_st_id = $3
  , t_trade_price = $4
WHERE t_id = $5"


1788945224 373254 TRADE_RESULT giving up after 10 retries 373254 1788945224 
SQL: SELECT * FROM TradeResultFrame5($1, $2, $3, $4, $5, $6)
ERROR:  could not serialize access due to read/write dependencies among transactions
DETAIL:  Reason code: Canceled on identification as a pivot, during write.
HINT:  The transaction might succeed if retried.
CONTEXT:  SQL statement "UPDATE trade
SET t_comm = $1
  , t_dts = $2
  , t_st_id = $3
  , t_trade_price = $4
WHERE t_id = $5"


1788945226 373256 TRADE_RESULT giving up after 10 retries 373256 1788945226 
SQL: COMMIT
ERROR:  could not serialize access due to read/write dependencies among transactions
DETAIL:  Reason code: Canceled on commit attempt with conflict in from prepared pivot.
HINT:  The transaction might succeed if retried.


1788945233 373258 TRADE_RESULT giving up after 10 retries 373258 1788945233 
SQL: SELECT * FROM TradeResultFrame5($1, $2, $3, $4, $5, $6)
ERROR:  could not serialize access due to read/write dependencies among transactions
DETAIL:  Reason code: Canceled on conflict out to pivot 291170993, during read.
HINT:  The transaction might succeed if retried.
CONTEXT:  SQL statement "UPDATE broker
SET b_comm_total = b_comm_total + $1
  , b_num_trades = b_num_trades + 1
WHERE b_id = $2"


1788945238 373255 TRADE_RESULT giving up after 10 retries 373255 1788945238 
SQL: SELECT * FROM TradeResultFrame5($1, $2, $3, $4, $5, $6)
ERROR:  could not serialize access due to read/write dependencies among transactions
DETAIL:  Reason code: Canceled on conflict out to pivot 291174685, during read.
HINT:  The transaction might succeed if retried.
CONTEXT:  SQL statement "UPDATE broker
SET b_comm_total = b_comm_total + $1
  , b_num_trades = b_num_trades + 1
WHERE b_id = $2"


1788945241 373251 TRADE_RESULT giving up after 10 retries 373251 1788945241 
SQL: COMMIT
ERROR:  could not serialize access due to read/write dependencies among transactions
DETAIL:  Reason code: Canceled on commit attempt with conflict in from prepared pivot.
HINT:  The transaction might succeed if retried.


1788945246 373255 TRADE_RESULT giving up after 10 retries 373255 1788945246 
SQL: COMMIT
ERROR:  could not serialize access due to read/write dependencies among transactions
DETAIL:  Reason code: Canceled on commit attempt with conflict in from prepared pivot.
HINT:  The transaction might succeed if retried.


1788945246 373243 TRADE_RESULT giving up after 10 retries 373243 1788945246 
SQL: SELECT * FROM TradeResultFrame5($1, $2, $3, $4, $5, $6)
ERROR:  could not serialize access due to read/write dependencies among transactions
DETAIL:  Reason code: Canceled on identification as a pivot, during write.
HINT:  The transaction might succeed if retried.
CONTEXT:  SQL statement "UPDATE trade
SET t_comm = $1
  , t_dts = $2
  , t_st_id = $3
  , t_trade_price = $4
WHERE t_id = $5"


1788945260 373254 TRADE_RESULT giving up after 10 retries 373254 1788945260 
SQL: SELECT * FROM TradeResultFrame6($1, $2, $3, $4, $5, $6, $7, $8, $9)
ERROR:  could not serialize access due to read/write dependencies among transactions
DETAIL:  Reason code: Canceled on identification as a pivot, during conflict in checking.
HINT:  The transaction might succeed if retried.
CONTEXT:  SQL statement "INSERT INTO settlement(
    se_t_id
  , se_cash_type
  , se_cash_due_date
  , se_amt)
VALUES (
    $1
  , $2
  , $3
  , $4
)"


1788945289 373250 TRADE_RESULT giving up after 10 retries 373250 1788945289 
SQL: SELECT * FROM TradeResultFrame3($1, $2, $3, $4)
ERROR:  could not serialize access due to read/write dependencies among transactions
DETAIL:  Reason code: Canceled on identification as a pivot, during write.
HINT:  The transaction might succeed if retried.
CONTEXT:  SQL statement "UPDATE trade
SET t_tax = $1
WHERE t_id = $2"


1788945289 373244 TRADE_RESULT giving up after 10 retries 373244 1788945289 
SQL: SELECT * FROM TradeResultFrame6($1, $2, $3, $4, $5, $6, $7, $8, $9)
ERROR:  could not serialize access due to read/write dependencies among transactions
DETAIL:  Reason code: Canceled on identification as a pivot, during conflict in checking.
HINT:  The transaction might succeed if retried.
CONTEXT:  SQL statement "INSERT INTO settlement(
    se_t_id
  , se_cash_type
  , se_cash_due_date
  , se_amt)
VALUES (
    $1
  , $2
  , $3
  , $4
)"


1788945305 373259 TRADE_RESULT giving up after 10 retries 373259 1788945305 
SQL: SELECT * FROM TradeResultFrame6($1, $2, $3, $4, $5, $6, $7, $8, $9)
ERROR:  could not serialize access due to read/write dependencies among transactions
DETAIL:  Reason code: Canceled on identification as a pivot, during conflict in checking.
HINT:  The transaction might succeed if retried.
CONTEXT:  SQL statement "INSERT INTO settlement(
    se_t_id
  , se_cash_type
  , se_cash_due_date
  , se_amt)
VALUES (
    $1
  , $2
  , $3
  , $4
)"


1788945308 373252 TRADE_RESULT giving up after 10 retries 373252 1788945308 
SQL: SELECT * FROM TradeResultFrame5($1, $2, $3, $4, $5, $6)
ERROR:  could not serialize access due to read/write dependencies among transactions
DETAIL:  Reason code: Canceled on identification as a pivot, during write.
HINT:  The transaction might succeed if retried.
CONTEXT:  SQL statement "UPDATE trade
SET t_comm = $1
  , t_dts = $2
  , t_st_id = $3
  , t_trade_price = $4
WHERE t_id = $5"


1788945321 373253 TRADE_RESULT giving up after 10 retries 373253 1788945321 
SQL: SELECT * FROM TradeResultFrame5($1, $2, $3, $4, $5, $6)
ERROR:  could not serialize access due to read/write dependencies among transactions
DETAIL:  Reason code: Canceled on identification as a pivot, during conflict out checking.
HINT:  The transaction might succeed if retried.
CONTEXT:  SQL statement "UPDATE trade
SET t_comm = $1
  , t_dts = $2
  , t_st_id = $3
  , t_trade_price = $4
WHERE t_id = $5"


1788945331 373256 TRADE_RESULT giving up after 10 retries 373256 1788945331 
SQL: COMMIT
ERROR:  could not serialize access due to read/write dependencies among transactions
DETAIL:  Reason code: Canceled on commit attempt with conflict in from prepared pivot.
HINT:  The transaction might succeed if retried.


1788945336 373259 TRADE_RESULT giving up after 10 retries 373259 1788945336 
SQL: SELECT * FROM TradeResultFrame5($1, $2, $3, $4, $5, $6)
ERROR:  could not serialize access due to read/write dependencies among transactions
DETAIL:  Reason code: Canceled on identification as a pivot, during write.
HINT:  The transaction might succeed if retried.
CONTEXT:  SQL statement "UPDATE trade
SET t_comm = $1
  , t_dts = $2
  , t_st_id = $3
  , t_trade_price = $4
WHERE t_id = $5"


1788945345 373244 TRADE_RESULT giving up after 10 retries 373244 1788945345 
SQL: SELECT * FROM TradeResultFrame4($1, $2, $3, $4)
ERROR:  could not serialize access due to read/write dependencies among transactions
DETAIL:  Reason code: Canceled on identification as a pivot, during conflict out checking.
HINT:  The transaction might succeed if retried.
CONTEXT:  SQL statement "SELECT s_ex_id
     , s_name
FROM security
WHERE s_symb = $1"


1788945345 373259 TRADE_RESULT giving up after 10 retries 373259 1788945345 
SQL: COMMIT
ERROR:  could not serialize access due to read/write dependencies among transactions
DETAIL:  Reason code: Canceled on identification as a pivot, during commit attempt.
HINT:  The transaction might succeed if retried.


1788945345 373246 TRADE_RESULT giving up after 10 retries 373246 1788945345 
SQL: SELECT * FROM TradeResultFrame5($1, $2, $3, $4, $5, $6)
ERROR:  could not serialize access due to read/write dependencies among transactions
DETAIL:  Reason code: Canceled on identification as a pivot, during write.
HINT:  The transaction might succeed if retried.
CONTEXT:  SQL statement "UPDATE trade
SET t_comm = $1
  , t_dts = $2
  , t_st_id = $3
  , t_trade_price = $4
WHERE t_id = $5"


1788945346 373244 TRADE_RESULT giving up after 10 retries 373244 1788945346 
SQL: SELECT * FROM TradeResultFrame2($1, $2, $3, $4, $5, $6, $7, $8)
ERROR:  could not serialize access due to read/write dependencies among transactions
DETAIL:  Reason code: Canceled on identification as a pivot, during write.
HINT:  The transaction might succeed if retried.
CONTEXT:  SQL statement "DELETE FROM holding
WHERE h_t_id = $1"


1788945421 373253 TRADE_RESULT giving up after 10 retries 373253 1788945421 
SQL: COMMIT
ERROR:  could not serialize access due to read/write dependencies among transactions
DETAIL:  Reason code: Canceled on identification as a pivot, during commit attempt.
HINT:  The transaction might succeed if retried.


1788945421 373249 TRADE_RESULT giving up after 10 retries 373249 1788945421 
SQL: SELECT * FROM TradeResultFrame5($1, $2, $3, $4, $5, $6)
ERROR:  could not serialize access due to concurrent update
CONTEXT:  SQL statement "UPDATE broker
SET b_comm_total = b_comm_total + $1
  , b_num_trades = b_num_trades + 1
WHERE b_id = $2"


1788945437 373247 TRADE_RESULT giving up after 10 retries 373247 1788945437 
SQL: SELECT * FROM TradeResultFrame6($1, $2, $3, $4, $5, $6, $7, $8, $9)
ERROR:  could not serialize access due to read/write dependencies among transactions
DETAIL:  Reason code: Canceled on identification as a pivot, during conflict in checking.
HINT:  The transaction might succeed if retried.
CONTEXT:  SQL statement "INSERT INTO settlement(
    se_t_id
  , se_cash_type
  , se_cash_due_date
  , se_amt)
VALUES (
    $1
  , $2
  , $3
  , $4
)"


1788945454 373254 TRADE_RESULT giving up after 10 retries 373254 1788945454 
SQL: SELECT * FROM TradeResultFrame5($1, $2, $3, $4, $5, $6)
ERROR:  could not serialize access due to read/write dependencies among transactions
DETAIL:  Reason code: Canceled on identification as a pivot, during write.
HINT:  The transaction might succeed if retried.
CONTEXT:  SQL statement "UPDATE trade
SET t_comm = $1
  , t_dts = $2
  , t_st_id = $3
  , t_trade_price = $4
WHERE t_id = $5"


1788945467 373243 TRADE_RESULT giving up after 10 retries 373243 1788945467 
SQL: SELECT * FROM TradeResultFrame2($1, $2, $3, $4, $5, $6, $7, $8)
ERROR:  could not serialize access due to read/write dependencies among transactions
DETAIL:  Reason code: Canceled on identification as a pivot, during write.
HINT:  The transaction might succeed if retried.
CONTEXT:  SQL statement "UPDATE holding
SET h_qty = $1
WHERE h_t_id = $2"


1788945478 373254 TRADE_RESULT giving up after 10 retries 373254 1788945478 
SQL: SELECT * FROM TradeResultFrame5($1, $2, $3, $4, $5, $6)
ERROR:  could not serialize access due to read/write dependencies among transactions
DETAIL:  Reason code: Canceled on identification as a pivot, during write.
HINT:  The transaction might succeed if retried.
CONTEXT:  SQL statement "UPDATE trade
SET t_comm = $1
  , t_dts = $2
  , t_st_id = $3
  , t_trade_price = $4
WHERE t_id = $5"


1788945486 373258 TRADE_RESULT giving up after 10 retries 373258 1788945486 
SQL: SELECT * FROM TradeResultFrame5($1, $2, $3, $4, $5, $6)
ERROR:  could not serialize access due to read/write dependencies among transactions
DETAIL:  Reason code: Canceled on identification as a pivot, during conflict in checking.
HINT:  The transaction might succeed if retried.
CONTEXT:  SQL statement "UPDATE trade
SET t_comm = $1
  , t_dts = $2
  , t_st_id = $3
  , t_trade_price = $4
WHERE t_id = $5"


1788945489 373251 TRADE_RESULT giving up after 10 retries 373251 1788945489 
SQL: SELECT * FROM TradeResultFrame5($1, $2, $3, $4, $5, $6)
ERROR:  could not serialize access due to read/write dependencies among transactions
DETAIL:  Reason code: Canceled on identification as a pivot, during write.
HINT:  The transaction might succeed if retried.
CONTEXT:  SQL statement "UPDATE trade
SET t_comm = $1
  , t_dts = $2
  , t_st_id = $3
  , t_trade_price = $4
WHERE t_id = $5"


1788945496 373251 TRADE_RESULT giving up after 10 retries 373251 1788945496 
SQL: SELECT * FROM TradeResultFrame4($1, $2, $3, $4)
ERROR:  could not serialize access due to read/write dependencies among transactions
DETAIL:  Reason code: Canceled on identification as a pivot, during conflict out checking.
HINT:  The transaction might succeed if retried.
CONTEXT:  SQL statement "SELECT s_ex_id
     , s_name
FROM security
WHERE s_symb = $1"


1788945508 373249 TRADE_RESULT giving up after 10 retries 373249 1788945508 
SQL: COMMIT
ERROR:  could not serialize access due to read/write dependencies among transactions
DETAIL:  Reason code: Canceled on identification as a pivot, during commit attempt.
HINT:  The transaction might succeed if retried.


1788945523 373249 TRADE_RESULT giving up after 10 retries 373249 1788945523 
SQL: SELECT * FROM TradeResultFrame5($1, $2, $3, $4, $5, $6)
ERROR:  could not serialize access due to read/write dependencies among transactions
DETAIL:  Reason code: Canceled on identification as a pivot, during conflict in checking.
HINT:  The transaction might succeed if retried.
CONTEXT:  SQL statement "INSERT INTO trade_history(
    th_t_id
  , th_dts
  , th_st_id
)
VALUES (
    $1
  , $2
  , $3
)"


1788945532 373247 TRADE_RESULT giving up after 10 retries 373247 1788945532 
SQL: SELECT * FROM TradeResultFrame5($1, $2, $3, $4, $5, $6)
ERROR:  could not serialize access due to read/write dependencies among transactions
DETAIL:  Reason code: Canceled on identification as a pivot, during write.
HINT:  The transaction might succeed if retried.
CONTEXT:  SQL statement "UPDATE trade
SET t_comm = $1
  , t_dts = $2
  , t_st_id = $3
  , t_trade_price = $4
WHERE t_id = $5"


1788945539 373244 TRADE_RESULT giving up after 10 retries 373244 1788945539 
SQL: COMMIT
ERROR:  could not serialize access due to read/write dependencies among transactions
DETAIL:  Reason code: Canceled on identification as a pivot, during commit attempt.
HINT:  The transaction might succeed if retried.


1788945539 373256 TRADE_RESULT giving up after 10 retries 373256 1788945539 
SQL: SELECT * FROM TradeResultFrame5($1, $2, $3, $4, $5, $6)
ERROR:  could not serialize access due to read/write dependencies among transactions
DETAIL:  Reason code: Canceled on identification as a pivot, during conflict in checking.
HINT:  The transaction might succeed if retried.
CONTEXT:  SQL statement "INSERT INTO trade_history(
    th_t_id
  , th_dts
  , th_st_id
)
VALUES (
    $1
  , $2
  , $3
)"


1788945539 373251 TRADE_RESULT giving up after 10 retries 373251 1788945539 
SQL: SELECT * FROM TradeResultFrame5($1, $2, $3, $4, $5, $6)
ERROR:  could not serialize access due to read/write dependencies among transactions
DETAIL:  Reason code: Canceled on identification as a pivot, during write.
HINT:  The transaction might succeed if retried.
CONTEXT:  SQL statement "UPDATE trade
SET t_comm = $1
  , t_dts = $2
  , t_st_id = $3
  , t_trade_price = $4
WHERE t_id = $5"


1788945550 373256 TRADE_RESULT giving up after 10 retries 373256 1788945550 
SQL: SELECT * FROM TradeResultFrame5($1, $2, $3, $4, $5, $6)
ERROR:  could not serialize access due to read/write dependencies among transactions
DETAIL:  Reason code: Canceled on conflict out to pivot 291442548, during read.
HINT:  The transaction might succeed if retried.
CONTEXT:  SQL statement "UPDATE broker
SET b_comm_total = b_comm_total + $1
  , b_num_trades = b_num_trades + 1
WHERE b_id = $2"


1788945579 373255 TRADE_RESULT giving up after 10 retries 373255 1788945579 
SQL: SELECT * FROM TradeResultFrame5($1, $2, $3, $4, $5, $6)
ERROR:  could not serialize access due to read/write dependencies among transactions
DETAIL:  Reason code: Canceled on identification as a pivot, during write.
HINT:  The transaction might succeed if retried.
CONTEXT:  SQL statement "UPDATE trade
SET t_comm = $1
  , t_dts = $2
  , t_st_id = $3
  , t_trade_price = $4
WHERE t_id = $5"


1788945591 373256 TRADE_RESULT giving up after 10 retries 373256 1788945591 
SQL: SELECT * FROM TradeResultFrame5($1, $2, $3, $4, $5, $6)
ERROR:  could not serialize access due to read/write dependencies among transactions
DETAIL:  Reason code: Canceled on identification as a pivot, during write.
HINT:  The transaction might succeed if retried.
CONTEXT:  SQL statement "UPDATE trade
SET t_comm = $1
  , t_dts = $2
  , t_st_id = $3
  , t_trade_price = $4
WHERE t_id = $5"


1788945597 373258 TRADE_RESULT giving up after 10 retries 373258 1788945597 
SQL: SELECT * FROM TradeResultFrame6($1, $2, $3, $4, $5, $6, $7, $8, $9)
ERROR:  could not serialize access due to read/write dependencies among transactions
DETAIL:  Reason code: Canceled on identification as a pivot, during conflict in checking.
HINT:  The transaction might succeed if retried.
CONTEXT:  SQL statement "INSERT INTO settlement(
    se_t_id
  , se_cash_type
  , se_cash_due_date
  , se_amt)
VALUES (
    $1
  , $2
  , $3
  , $4
)"


1788945610 373252 TRADE_RESULT giving up after 10 retries 373252 1788945610 
SQL: SELECT * FROM TradeResultFrame5($1, $2, $3, $4, $5, $6)
ERROR:  could not serialize access due to read/write dependencies among transactions
DETAIL:  Reason code: Canceled on identification as a pivot, during write.
HINT:  The transaction might succeed if retried.
CONTEXT:  SQL statement "UPDATE trade
SET t_comm = $1
  , t_dts = $2
  , t_st_id = $3
  , t_trade_price = $4
WHERE t_id = $5"


1788945613 373244 TRADE_RESULT giving up after 10 retries 373244 1788945613 
SQL: SELECT * FROM TradeResultFrame4($1, $2, $3, $4)
ERROR:  could not serialize access due to read/write dependencies among transactions
DETAIL:  Reason code: Canceled on identification as a pivot, during conflict out checking.
HINT:  The transaction might succeed if retried.
CONTEXT:  SQL statement "SELECT s_ex_id
     , s_name
FROM security
WHERE s_symb = $1"


1788945620 373244 TRADE_RESULT giving up after 10 retries 373244 1788945620 
SQL: SELECT * FROM TradeResultFrame2($1, $2, $3, $4, $5, $6, $7, $8)
ERROR:  could not serialize access due to read/write dependencies among transactions
DETAIL:  Reason code: Canceled on identification as a pivot, during write.
HINT:  The transaction might succeed if retried.
CONTEXT:  SQL statement "DELETE FROM holding
WHERE h_t_id = $1"


1788945620 373243 TRADE_RESULT giving up after 10 retries 373243 1788945620 
SQL: SELECT * FROM TradeResultFrame2($1, $2, $3, $4, $5, $6, $7, $8)
ERROR:  could not serialize access due to read/write dependencies among transactions
DETAIL:  Reason code: Canceled on identification as a pivot, during write.
HINT:  The transaction might succeed if retried.
CONTEXT:  SQL statement "UPDATE holding
SET h_qty = $1
WHERE h_t_id = $2"


1788945620 373259 TRADE_RESULT giving up after 10 retries 373259 1788945620 
SQL: SELECT * FROM TradeResultFrame6($1, $2, $3, $4, $5, $6, $7, $8, $9)
ERROR:  could not serialize access due to read/write dependencies among transactions
DETAIL:  Reason code: Canceled on identification as a pivot, during conflict in checking.
HINT:  The transaction might succeed if retried.
CONTEXT:  SQL statement "INSERT INTO settlement(
    se_t_id
  , se_cash_type
  , se_cash_due_date
  , se_amt)
VALUES (
    $1
  , $2
  , $3
  , $4
)"


1788945626 373259 TRADE_RESULT giving up after 10 retries 373259 1788945626 
SQL: SELECT * FROM TradeResultFrame5($1, $2, $3, $4, $5, $6)
ERROR:  could not serialize access due to read/write dependencies among transactions
DETAIL:  Reason code: Canceled on identification as a pivot, during write.
HINT:  The transaction might succeed if retried.
CONTEXT:  SQL statement "UPDATE trade
SET t_comm = $1
  , t_dts = $2
  , t_st_id = $3
  , t_trade_price = $4
WHERE t_id = $5"


1788945677 373244 TRADE_RESULT giving up after 10 retries 373244 1788945677 
SQL: COMMIT
ERROR:  could not serialize access due to read/write dependencies among transactions
DETAIL:  Reason code: Canceled on identification as a pivot, during commit attempt.
HINT:  The transaction might succeed if retried.


1788945687 373256 TRADE_RESULT giving up after 10 retries 373256 1788945687 
SQL: SELECT * FROM TradeResultFrame5($1, $2, $3, $4, $5, $6)
ERROR:  could not serialize access due to read/write dependencies among transactions
DETAIL:  Reason code: Canceled on identification as a pivot, during write.
HINT:  The transaction might succeed if retried.
CONTEXT:  SQL statement "UPDATE trade
SET t_comm = $1
  , t_dts = $2
  , t_st_id = $3
  , t_trade_price = $4
WHERE t_id = $5"


1788945688 373243 TRADE_RESULT giving up after 10 retries 373243 1788945688 
SQL: SELECT * FROM TradeResultFrame5($1, $2, $3, $4, $5, $6)
ERROR:  could not serialize access due to read/write dependencies among transactions
DETAIL:  Reason code: Canceled on identification as a pivot, during conflict out checking.
HINT:  The transaction might succeed if retried.
CONTEXT:  SQL statement "UPDATE trade
SET t_comm = $1
  , t_dts = $2
  , t_st_id = $3
  , t_trade_price = $4
WHERE t_id = $5"


1788945693 373244 TRADE_RESULT giving up after 10 retries 373244 1788945693 
SQL: COMMIT
ERROR:  could not serialize access due to read/write dependencies among transactions
DETAIL:  Reason code: Canceled on commit attempt with conflict in from prepared pivot.
HINT:  The transaction might succeed if retried.


1788945714 373250 TRADE_RESULT giving up after 10 retries 373250 1788945714 
SQL: SELECT * FROM TradeResultFrame5($1, $2, $3, $4, $5, $6)
ERROR:  could not serialize access due to read/write dependencies among transactions
DETAIL:  Reason code: Canceled on identification as a pivot, during write.
HINT:  The transaction might succeed if retried.
CONTEXT:  SQL statement "UPDATE trade
SET t_comm = $1
  , t_dts = $2
  , t_st_id = $3
  , t_trade_price = $4