1789151719,9,0,0.022,4131761
1789151721,9,0,0.013,4131761
1789151727,9,0,0.004,4131761
1789151731,9,0,0.007,4131761
1789151731,9,0,0.011,4131761
1789151732,9,0,0.004,4131761
1789151733,9,0,0.004,4131761
1789151733,9,0,0.003,4131761
1789151733,9,0,0.008,4131761
1789151734,9,0,0.004,4131761
1789151734,8,0,0.034,4131761
1789151734,9,0,0.01,4131761
1789151735,9,0,0.01,4131761
1789151735,9,0,0.005,4131761
1789151735,9,0,0.004,4131761
1789151736,9,0,0.006,4131761
1789151736,9,0,0.007,4131761
1789151737,9,0,0.003,4131761
1789151737,9,0,0.009,4131761
1789151738,9,0,0.009,4131761
1789151739,9,0,0.006,4131761
1789151739,8,0,0.031,4131761
1789151739,9,0,0.004,4131761
1789151739,9,0,0.008,4131761
1789151740,9,0,0.003,4131761
1789151740,9,0,0.011,4131761
1789151741,9,0,0.008,4131761
1789151742,9,0,0.006,4131761
1789151743,9,0,0.004,4131761
1789151744,9,0,0.006,4131761
1789151744,9,0,0.004,4131761
1789151744,9,0,0.004,4131761
1789151744,9,0,0.004,4131761
1789151744,8,0,0.031,4131761
1789151744,9,0,0.006,4131761
1789151745,9,0,0.003,4131761
1789151745,9,0,0.006,4131761
1789151745,9,0,0.015,4131761
1789151745,9,0,0.003,4131761
1789151746,9,0,0.007,4131761
1789151747,9,0,0.011,4131761
1789151747,9,0,0.005,4131761
1789151747,9,0,0.004,4131761
1789151747,8,0,0.032,4131761
1789151748,9,0,0.008,4131761
1789151748,9,0,0.004,4131761
1789151748,9,0,0.004,4131761
1789151748,9,0,0.003,4131761
1789151749,9,0,0.007,4131761
1789151749,9,0,0.003,4131761
1789151749,9,0,0.01,4131761
1789151749,9,0,0.006,4131761
1789151749,9,0,0.008,4131761
1789151750,9,0,0.01,4131761
1789151750,8,0,0.032,4131761
1789151750,9,0,0.005,4131761
1789151751,9,0,0.012,4131761
1789151751,9,0,0.004,4131761
1789151751,9,0,0.003,4131761
1789151751,9,0,0.007,4131761
1789151751,9,0,0.004,4131761
1789151751,9,0,0.006,4131761
1789151751,9,0,0.003,4131761
1789151752,9,0,0.003,4131761
1789151753,9,0,0.007,4131761
1789151753,9,0,0.005,4131761
1789151753,9,0,0.008,4131761
1789151753,8,0,0.034,4131761
1789151753,9,0,0.003,4131761
1789151753,9,0,0.003,4131761
1789151753,9,0,0.009,4131761
1789151753,9,0,0.003,4131761
1789151753,9,0,0.004,4131761
1789151753,9,0,0.003,4131761
1789151753,9,0,0.003,4131761
1789151753,9,0,0.007,4131761
1789151753,8,0,0.031,4131761
1789151753,9,0,0.01,4131761
1789151754,9,0,0.017,4131761
1789151754,9,0,0.009,4131761
1789151754,9,0,0.005,4131761
1789151755,9,0,0.004,4131761
1789151755,9,0,0.011,4131761
1789151755,9,0,0.003,4131761
1789151755,9,0,0.009,4131761
1789151756,9,0,0.003,4131761
1789151756,9,0,0.004,4131761
1789151756,8,0,0.032,4131761
1789151756,9,0,0.009,4131761
1789151756,9,0,0.004,4131761
1789151756,9,0,0.004,4131761
1789151756,9,0,0.011,4131761
1789151756,9,0,0.003,4131761
1789151756,9,0,0.004,4131761
1789151756,9,0,0.011,4131761
1789151757,9,0,0.003,4131761
1789151757,9,0,0.059,4131761
1789151759,9,0,0.004,4131761
1789151759,8,0,0.029,4131761
1789151759,9,0,0.017,4131761
1789151759,9,0,0.003,4131761
1789151759,9,0,0.003,4131761
1789151760,9,0,0.006,4131761
1789151760,9,0,0.01,4131761
1789151760,9,0,0.008,4131761
1789151761,9,0,0.008,4131761
1789151761,9,0,0.003,4131761
1789151761,9,0,0.012,4131761
1789151761,9,0,0.003,4131761
1789151761,8,0,0.031,4131761
1789151762,9,0,0.01,4131761
1789151762,9,0,0.003,4131761
1789151762,9,0,0.007,4131761
1789151762,9,0,0.005,4131761
1789151762,9,0,0.003,4131761
1789151763,9,0,0.004,4131761
1789151763,9,0,0.005,4131761
1789151763,9,0,0.036,4131761
1789151763,9,0,0.01,4131761
1789151764,9,0,0.004,4131761
1789151764,9,0,0.003,4131761
1789151764,8,0,0.031,4131761
1789151764,9,0,0.004,4131761
1789151764,9,0,0.027,4131761
1789151765,9,0,0.005,4131761
1789151765,9,0,0.006,4131761
1789151766,9,0,0.003,4131761
1789151766,9,0,0.009,4131761
1789151766,9,0,0.003,4131761
1789151766,9,0,0.038,4131761
1789151766,9,0,0.008,4131761
1789151766,8,0,0.045,4131761
1789151766,9,0,0.008,4131761
1789151766,9,0,0.011,4131761
1789151766,9,0,0.003,4131761
1789151766,9,0,0.003,4131761
1789151767,9,0,0.004,4131761
1789151767,9,0,0.006,4131761
1789151767,9,0,0.006,4131761
1789151768,9,0,0.017,4131761
1789151768,9,0,0.007,4131761
1789151768,9,0,0.006,4131761
1789151768,8,0,0.031,4131761
1789151768,9,0,0.006,4131761
1789151769,9,0,0.006,4131761
1789151769,9,0,0.005,4131761
1789151769,9,0,0.018,4131761
1789151769,9,0,0.01,4131761
1789151770,9,0,0.003,4131761
1789151771,9,0,0.029,4131761
1789151771,9,0,0.017,4131761
1789151772,9,0,0.017,4131761
1789151772,9,0,0.005,4131761
1789151772,8,0,0.03,4131761
1789151773,9,0,0.004,4131761
1789151773,9,0,0.008,4131761
1789151773,9,0,0.003,4131761
1789151773,9,0,0.018,4131761
1789151773,9,0,0.003,4131761
1789151774,9,0,0.006,4131761
1789151774,9,0,0.003,4131761
1789151775,9,0,0.009,4131761
1789151775,9,0,0.051,4131761
1789151775,9,0,0.008,4131761
1789151775,8,0,0.031,4131761
1789151776,9,0,0.016,4131761
1789151776,9,0,0.004,4131761
1789151776,9,0,0.016,4131761
1789151776,9,0,0.003,4131761
1789151776,9,0,0.007,4131761
1789151776,9,0,0.012,4131761
1789151776,9,0,0.032,4131761
1789151777,9,0,0.013,4131761
1789151777,9,0,0.003,4131761
1789151777,9,0,0.009,4131761
1789151777,8,0,0.037,4131761
1789151777,9,0,0.011,4131761
1789151777,9,0,0.005,4131761
1789151777,9,0,0.018,4131761
1789151777,9,0,0.011,4131761
1789151778,9,0,0.018,4131761
1789151778,9,0,0.007,4131761
1789151778,9,0,0.003,4131761
1789151778,9,0,0.004,4131761
1789151778,9,0,0.004,4131761
1789151778,9,0,0.007,4131761
1789151778,9,0,0.003,4131761
1789151778,9,0,0.003,4131761
1789151778,8,0,0.032,4131761
1789151778,9,0,0.006,4131761
1789151778,9,0,0.023,4131761
1789151778,9,0,0.003,4131761
1789151778,9,0,0.009,4131761
1789151779,9,0,0.006,4131761
1789151780,9,0,0.007,4131761
1789151780,9,0,0.024,4131761
1789151780,9,0,0.003,4131761
1789151780,8,0,0.036,4131761
1789151780,9,0,0.007,4131761
1789151780,9,0,0.005,4131761
1789151781,9,0,0.003,4131761
1789151781,9,0,0.01,4131761
1789151781,9,0,0.003,4131761
1789151782,9,0,0.032,4131761
1789151782,9,0,0.01,4131761
1789151782,9,0,0.016,4131761
1789151783,9,0,0.009,4131761
1789151783,9,0,0.006,4131761
1789151783,8,0,0.032,4131761
1789151783,9,0,0.039,4131761
1789151783,9,0,0.018,4131761
1789151783,9,0,0.006,4131761
1789151784,9,0,0.003,4131761
1789151784,9,0,0.007,4131761
1789151784,9,0,0.005,4131761
1789151785,9,0,0.003,4131761
1789151785,9,0,0.009,4131761
1789151785,9,0,0.014,4131761
1789151786,9,0,0.004,4131761
1789151786,8,0,0.032,4131761
1789151786,9,0,0.004,4131761
1789151786,9,0,0.004,4131761
1789151786,9,0,0.006,4131761
1789151786,9,0,0.015,4131761
1789151786,9,0,0.008,4131761
1789151787,9,0,0.008,4131761
1789151787,9,0,0.01,4131761
1789151787,9,0,0.005,4131761
1789151787,9,0,0.003,4131761
1789151787,9,0,0.023,4131761
1789151787,8,0,0.032,4131761
1789151787,9,0,0.015,4131761
1789151787,9,0,0.012,4131761
1789151787,9,0,0.021,4131761
1789151787,9,0,0.029,4131761
1789151788,9,0,0.003,4131761
1789151788,9,0,0.003,4131761
1789151788,9,0,0.003,4131761
1789151788,9,0,0.01,4131761
1789151789,9,0,0.004,4131761
1789151789,9,0,0.004,4131761
1789151789,8,0,0.029,4131761
1789151789,9,0,0.017,4131761
1789151790,9,0,0.011,4131761
1789151791,9,0,0.004,4131761
1789151791,9,0,0.004,4131761
1789151792,9,0,0.003,4131761
1789151792,9,0,0.003,4131761
1789151792,9,0,0.012,4131761
1789151792,9,0,0.014,4131761
1789151793,9,0,0.012,4131761
1789151793,9,0,0.007,4131761
1789151793,8,0,0.052,4131761
1789151793,9,0,0.016,4131761
1789151793,9,0,0.003,4131761
1789151793,9,0,0.041,4131761
1789151793,9,0,0.013,4131761
1789151793,9,0,0.011,4131761
1789151793,9,0,0.034,4131761
1789151793,9,0,0.011,4131761
1789151793,9,0,0.263,4131761
1789151793,9,0,0.012,4131761
1789151794,9,0,0.003,4131761
1789151794,8,0,0.029,4131761
1789151794,9,0,0.005,4131761
1789151794,9,0,0.009,4131761
1789151794,9,0,0.006,4131761
1789151794,9,0,0.009,4131761
1789151794,9,0,0.003,4131761
1789151794,9,0,0.009,4131761
1789151794,9,0,0.021,4131761
1789151795,9,0,0.007,4131761
1789151795,9,0,0.04,4131761
1789151795,9,0,0.007,4131761
1789151795,8,0,0.036,4131761
1789151795,9,0,0.004,4131761
1789151796,9,0,0.003,4131761
1789151796,9,0,0.009,4131761
1789151796,9,0,0.003,4131761
1789151797,9,0,0.006,4131761
1789151797,9,0,0.007,4131761
1789151797,9,0,0.004,4131761
1789151797,9,0,0.008,4131761
1789151798,9,0,0.005,4131761
1789151798,9,0,0.014,4131761
1789151798,8,0,0.029,4131761
1789151799,9,0,0.004,4131761
1789151799,9,0,0.004,4131761
1789151800,9,0,0.008,4131761
1789151800,9,0,0.008,4131761
1789151801,9,0,0.012,4131761
1789151802,9,0,0.007,4131761
1789151802,9,0,0.011,4131761
1789151802,9,0,0.003,4131761
1789151803,9,0,0.01,4131761
1789151803,9,0,0.009,4131761
1789151803,8,0,0.035,4131761
1789151803,9,0,0.007,4131761
1789151803,9,0,0.004,4131761
1789151803,9,0,0.004,4131761
1789151803,9,0,0.006,4131761
1789151804,9,0,0.004,4131761
1789151804,9,0,0.006,4131761
1789151804,9,0,0.008,4131761
1789151804,9,0,0.007,4131761
1789151805,9,0,0.011,4131761
1789151805,9,0,0.004,4131761
1789151805,9,0,0.007,4131761
1789151805,8,0,0.033,4131761
1789151805,9,0,0.005,4131761
1789151805,9,0,0.003,4131761
1789151806,9,0,0.003,4131761
1789151807,9,0,0.007,4131761
1789151807,9,0,0.004,4131761
1789151807,9,0,0.008,4131761
1789151807,9,0,0.004,4131761
1789151808,9,0,0.012,4131761
1789151808,9,0,0.004,4131761
1789151808,8,0,0.044,4131761
1789151809,9,0,0.004,4131761
1789151809,9,0,0.035,4131761
1789151809,9,0,0.004,4131761
1789151810,9,0,0.014,4131761
1789151810,9,0,0.009,4131761
1789151810,9,0,0.005,4131761
1789151811,9,0,0.003,4131761
1789151811,9,0,0.011,4131761
1789151811,9,0,0.008,4131761
1789151812,9,0,0.016,4131761
1789151812,8,0,0.031,4131761
1789151812,9,0,0.023,4131761
1789151812,9,0,0.015,4131761
1789151812,9,0,0.006,4131761
1789151812,9,0,0.003,4131761
1789151813,9,0,0.023,4131761
1789151813,9,0,0.004,4131761
1789151813,9,0,0.009,4131761
1789151813,9,0,0.003,4131761
1789151813,9,0,0.003,4131761
1789151814,9,0,0.012,4131761
1789151814,9,0,0.004,4131761
1789151814,8,0,0.03,4131761
1789151814,9,0,0.01,4131761
1789151815,9,0,0.004,4131761
1789151815,9,0,0.003,4131761
1789151815,9,0,0.011,4131761
1789151816,9,0,0.004,4131761
1789151817,9,0,0.003,4131761
1789151817,9,0,0.004,4131761
1789151817,9,0,0.005,4131761
1789151817,9,0,0.004,4131761
1789151817,9,0,0.003,4131761
1789151817,8,0,0.036,4131761
1789151817,9,0,0.006,4131761
1789151817,9,0,0.008,4131761
1789151817,9,0,0.016,4131761
1789151818,9,0,0.003,4131761
1789151818,9,0,0.015,4131761
1789151818,9,0,0.004,4131761
1789151819,9,0,0.034,4131761
1789151819,9,0,0.006,4131761
1789151819,9,0,0.007,4131761
1789151819,8,0,0.028,4131761
1789151819,9,0,0.011,4131761
1789151820,9,0,0.007,4131761
1789151820,9,0,0.004,4131761
1789151820,9,0,0.035,4131761
1789151820,9,0,0.013,4131761
1789151821,9,0,0.015,4131761
1789151821,9,0,0.003,4131761
1789151821,9,0,0.003,4131761
1789151821,9,0,0.003,4131761
1789151822,9,0,0.005,4131761
1789151822,8,0,0.048,4131761
1789151822,9,0,0.011,4131761
1789151822,9,0,0.005,4131761
1789151822,9,0,0.006,4131761
1789151822,9,0,0.012,4131761
1789151823,9,0,0.013,4131761
1789151824,9,0,0.006,4131761
1789151824,9,0,0.013,4131761
1789151824,9,0,0.003,4131761
1789151825,9,0,0.01,4131761
1789151825,9,0,0.008,4131761
1789151825,9,0,0.003,4131761
1789151825,8,0,0.032,4131761
1789151826,9,0,0.004,4131761
1789151826,9,0,0.009,4131761
1789151826,9,0,0.003,4131761
1789151827,9,0,0.014,4131761
1789151828,9,0,0.007,4131761
1789151828,9,0,0.006,4131761
1789151828,9,0,0.006,4131761
1789151829,9,0,0.008,4131761
1789151829,9,0,0.005,4131761
1789151829,9,0,0.006,4131761
1789151829,8,0,0.044,4131761
1789151829,9,0,0.026,4131761
1789151829,9,0,0.02,4131761
1789151829,9,0,0.013,4131761
1789151829,9,0,0.012,4131761
1789151829,9,0,0.003,4131761
1789151829,9,0,0.004,4131761
1789151829,9,0,0.003,4131761
1789151831,9,0,0.015,4131761
1789151831,9,0,0.006,4131761
1789151831,8,0,0.033,4131761
1789151831,9,0,0.003,4131761
1789151831,9,0,0.003,4131761
1789151831,9,0,0.019,4131761
1789151832,9,0,0.007,4131761
1789151832,9,0,0.014,4131761
1789151833,9,0,0.027,4131761
1789151833,9,0,0.008,4131761
1789151833,9,0,0.009,4131761
1789151834,9,0,0.008,4131761
1789151834,9,0,0.005,4131761
1789151834,8,0,0.028,4131761
1789151834,9,0,0.004,4131761
1789151834,9,0,0.005,4131761
1789151834,9,0,0.013,4131761
1789151835,9,0,0.004,4131761
1789151835,9,0,0.01,4131761
1789151835,9,0,0.021,4131761
1789151835,9,0,0.028,4131761
1789151835,9,0,0.004,4131761
1789151835,9,0,0.009,4131761
1789151835,9,0,0.007,4131761
1789151835,8,0,0.031,4131761
1789151836,9,0,0.004,4131761
1789151836,9,0,0.003,4131761
1789151836,9,0,0.007,4131761
1789151836,9,0,0.006,4131761
1789151836,9,0,0.011,4131761
1789151836,9,0,0.016,4131761
1789151836,9,0,0.006,4131761
1789151836,9,0,0.013,4131761
1789151837,9,0,0.003,4131761
1789151838,9,0,0.004,4131761
1789151838,8,0,0.028,4131761
1789151838,9,0,0.04,4131761
1789151838,9,0,0.007,4131761
1789151839,9,0,0.006,4131761
1789151839,9,0,0.008,4131761
1789151839,9,0,0.006,4131761
1789151839,9,0,0.003,4131761
1789151839,9,0,0.004,4131761
1789151839,9,0,0.01,4131761
1789151839,9,0,0.01,4131761
1789151839,9,0,0.016,4131761
1789151839,8,0,0.03,4131761
1789151840,9,0,0.021,4131761
1789151840,9,0,0.003,4131761
1789151840,9,0,0.05,4131761
1789151840,9,0,0.059,4131761
1789151841,9,0,0.009,4131761
1789151841,9,0,0.004,4131761
1789151841,9,0,0.004,4131761
1789151842,9,0,0.003,4131761
1789151842,9,0,0.003,4131761
1789151842,9,0,0.005,4131761
1789151842,8,0,0.033,4131761
1789151842,9,0,0.012,4131761
1789151842,9,0,0.009,4131761
1789151842,9,0,0.005,4131761
1789151842,9,0,0.008,4131761
1789151842,9,0,0.01,4131761
1789151843,9,0,0.014,4131761
1789151843,9,0,0.003,4131761
1789151843,9,0,0.004,4131761
1789151843,9,0,0.011,4131761
1789151844,9,0,0.003,4131761
1789151844,8,0,0.049,4131761
1789151844,9,0,0.018,4131761
1789151844,9,0,0.009,4131761
1789151844,9,0,0.003,4131761
1789151844,9,0,0.003,4131761
1789151844,9,0,0.005,4131761
1789151845,9,0,0.006,4131761
1789151845,9,0,0.017,4131761
1789151845,9,0,0.013,4131761
1789151845,9,0,0.003,4131761
1789151846,9,0,0.004,4131761
1789151846,8,0,0.045,4131761
1789151846,9,0,0.004,4131761
1789151846,9,0,0.005,4131761
1789151846,9,0,0.005,4131761
1789151846,9,0,0.015,4131761
1789151847,9,0,0.004,4131761
1789151847,9,0,0.003,4131761
1789151847,9,0,0.01,4131761
1789151847,9,0,0.006,4131761
1789151848,9,0,0.011,4131761
1789151848,9,0,0.004,4131761
1789151848,8,0,0.027,4131761
1789151848,9,0,0.007,4131761
1789151849,9,0,0.007,4131761
1789151849,9,0,0.003,4131761
1789151849,9,0,0.01,4131761
1789151849,9,0,0.037,4131761
1789151850,9,0,0.028,4131761
1789151850,9,0,0.004,4131761
1789151850,9,0,0.01,4131761
1789151851,9,0,0.004,4131761
1789151851,9,0,0.004,4131761
1789151851,8,0,0.087,4131761
1789151851,9,0,0.017,4131761
1789151851,9,0,0.004,4131761
1789151851,9,0,0.005,4131761
1789151852,9,0,0.016,4131761
1789151852,9,0,0.021,4131761
1789151852,9,0,0.005,4131761
1789151852,9,0,0.016,4131761
1789151852,9,0,0.02,4131761
1789151852,9,0,0.008,4131761
1789151852,9,0,0.014,4131761
1789151852,8,0,0.039,4131761
1789151853,9,0,0.012,4131761
1789151853,9,0,0.02,4131761
1789151853,9,0,0.005,4131761
1789151853,9,0,0.003,4131761
1789151854,9,0,0.009,4131761
1789151854,9,0,0.013,4131761
1789151854,9,0,0.013,4131761
1789151854,9,0,0.01,4131761
1789151855,9,0,0.003,4131761
1789151856,9,0,0.01,4131761
1789151856,9,0,0.003,4131761
1789151856,8,0,0.035,4131761
1789151857,9,0,0.006,4131761
1789151857,9,0,0.005,4131761
1789151857,9,0,0.003,4131761
1789151857,9,0,0.014,4131761
1789151857,9,0,0.009,4131761
1789151858,9,0,0.012,4131761
1789151858,9,0,0.033,4131761
1789151858,9,0,0.004,4131761
1789151858,9,0,0.003,4131761
1789151858,8,0,0.03,4131761
1789151858,9,0,0.018,4131761
1789151858,9,0,0.003,4131761
1789151859,9,0,0.012,4131761
1789151859,9,0,0.003,4131761
1789151860,9,0,0.01,4131761
1789151862,9,0,0.008,4131761
1789151862,9,0,0.005,4131761
1789151862,9,0,0.003,4131761
1789151863,9,0,0.003,4131761
1789151863,9,0,0.007,4131761
1789151863,8,0,0.035,4131761
1789151863,9,0,0.005,4131761
1789151863,9,0,0.006,4131761
1789151863,9,0,0.008,4131761
1789151863,9,0,0.004,4131761
1789151863,9,0,0.004,4131761
1789151863,9,0,0.003,4131761
1789151863,9,0,0.004,4131761
1789151863,9,0,0.004,4131761
1789151863,9,0,0.003,4131761
1789151864,9,0,0.005,4131761
1789151864,8,0,0.029,4131761
1789151864,9,0,0.007,4131761
1789151864,9,0,0.005,4131761
1789151865,9,0,0.003,4131761
1789151865,9,0,0.003,4131761
1789151865,9,0,0.004,4131761
1789151865,9,0,0.008,4131761
1789151865,9,0,0.003,4131761
1789151866,9,0,0.003,4131761
1789151866,9,0,0.012,4131761
1789151866,9,0,0.005,4131761
1789151866,8,0,0.049,4131761
1789151867,9,0,0.006,4131761
1789151867,9,0,0.012,4131761
1789151867,9,0,0.046,4131761
1789151868,9,0,0.026,4131761
1789151868,9,0,0.008,4131761
1789151870,9,0,0.005,4131761
1789151870,9,0,0.033,4131761
1789151871,9,0,0.009,4131761
1789151871,9,0,0.012,4131761
1789151871,9,0,0.01,4131761
1789151871,8,0,0.046,4131761
1789151871,9,0,0.056,4131761
1789151871,9,0,0.013,4131761
1789151871,9,0,0.011,4131761
1789151871,9,0,0.012,4131761
1789151872,9,0,0.004,4131761
1789151872,9,0,0.011,4131761
1789151873,9,0,0.007,4131761
1789151873,9,0,0.023,4131761
1789151874,9,0,0.004,4131761
1789151874,9,0,0.006,4131761
1789151874,8,0,0.031,4131761
1789151874,9,0,0.004,4131761
1789151874,9,0,0.016,4131761
1789151875,9,0,0.018,4131761
1789151875,9,0,0.006,4131761
1789151875,9,0,0.004,4131761
1789151875,9,0,0.004,4131761
1789151875,9,0,0.007,4131761
1789151875,9,0,0.013,4131761
1789151876,9,0,0.01,4131761
1789151876,9,0,0.007,4131761
1789151876,8,0,0.089,4131761
1789151876,9,0,0.004,4131761
1789151876,9,0,0.007,4131761
1789151877,9,0,0.008,4131761
1789151877,9,0,0.003,4131761
1789151877,9,0,0.03,4131761
1789151877,9,0,0.004,4131761
1789151878,9,0,0.022,4131761
1789151878,9,0,0.013,4131761
1789151878,9,0,0.008,4131761
1789151878,9,0,0.004,4131761
1789151878,8,0,0.034,4131761
1789151878,9,0,0.007,4131761
1789151878,9,0,0.008,4131761
1789151878,9,0,0.005,4131761
1789151878,9,0,0.003,4131761
1789151878,9,0,0.003,4131761
1789151879,9,0,0.003,4131761
1789151879,9,0,0.011,4131761
1789151879,9,0,0.011,4131761
1789151879,9,0,0.004,4131761
1789151879,9,0,0.114,4131761
1789151879,8,0,0.032,4131761
1789151879,9,0,0.005,4131761
1789151879,9,0,0.011,4131761
1789151880,9,0,0.004,4131761
1789151880,9,0,0.007,4131761
1789151880,9,0,0.007,4131761
1789151881,9,0,0.004,4131761
1789151881,9,0,0.004,4131761
1789151881,9,0,0.008,4131761
1789151881,9,0,0.007,4131761
1789151882,9,0,0.02,4131761
1789151882,8,0,0.074,4131761
1789151882,9,0,0.008,4131761
1789151882,9,0,0.01,4131761
1789151883,9,0,0.005,4131761
1789151883,9,0,0.005,4131761
1789151884,9,0,0.013,4131761
1789151885,9,0,0.004,4131761
1789151885,9,0,0.073,4131761
1789151886,9,0,0.009,4131761
1789151887,9,0,0.008,4131761
1789151888,9,0,0.011,4131761
1789151888,8,0,0.051,4131761
1789151888,9,0,0.008,4131761
1789151888,9,0,0.004,4131761
1789151888,9,0,0.003,4131761
1789151888,9,0,0.017,4131761
1789151888,9,0,0.014,4131761
1789151889,9,0,0.003,4131761
1789151889,9,0,0.003,4131761
1789151889,9,0,0.003,4131761
1789151890,9,0,0.007,4131761
1789151891,9,0,0.005,4131761
1789151891,8,0,0.05,4131761
1789151891,9,0,0.011,4131761
1789151891,9,0,0.009,4131761
1789151891,9,0,0.003,4131761
1789151892,9,0,0.007,4131761
1789151892,9,0,0.005,4131761
1789151892,9,0,0.011,4131761
1789151892,9,0,0.008,4131761
1789151892,9,0,0.004,4131761
1789151892,9,0,0.006,4131761
1789151892,9,0,0.004,4131761
1789151892,8,0,0.03,4131761
1789151892,9,0,0.004,4131761
1789151892,9,0,0.005,4131761
1789151892,9,0,0.014,4131761
1789151892,9,0,0.003,4131761
1789151892,9,0,0.008,4131761
1789151892,9,0,0.003,4131761
1789151893,9,0,0.006,4131761
1789151893,9,0,0.004,4131761
1789151893,9,0,0.009,4131761
1789151894,9,0,0.004,4131761
1789151894,8,0,0.03,4131761
1789151894,9,0,0.005,4131761
1789151894,9,0,0.009,4131761
1789151894,9,0,0.003,4131761
1789151894,9,0,0.01,4131761
1789151894,9,0,0.003,4131761
1789151894,9,0,0.008,4131761
1789151894,9,0,0.004,4131761
1789151894,9,0,0.006,4131761
1789151894,9,0,0.005,4131761
1789151894,9,0,0.008,4131761
1789151894,8,0,0.033,4131761
1789151895,9,0,0.003,4131761
1789151895,9,0,0.004,4131761
1789151895,9,0,0.008,4131761
1789151895,9,0,0.003,4131761
1789151895,9,0,0.01,4131761
1789151895,9,0,0.003,4131761
1789151896,9,0,0.005,4131761
1789151896,9,0,0.006,4131761
1789151897,9,0,0.004,4131761
1789151897,9,0,0.024,4131761
1789151897,8,0,0.043,4131761
1789151897,9,0,0.003,4131761
1789151898,9,0,0.004,4131761
1789151899,9,0,0.015,4131761
1789151899,9,0,0.007,4131761
1789151899,9,0,0.005,4131761
1789151899,9,0,0.008,4131761
1789151899,9,0,0.003,4131761
1789151900,9,0,0.005,4131761
1789151900,9,0,0.006,4131761
1789151900,9,0,0.004,4131761
1789151900,8,0,0.029,4131761
1789151900,9,0,0.004,4131761
1789151901,9,0,0.003,4131761
1789151901,9,0,0.005,4131761
1789151901,9,0,0.006,4131761
1789151901,9,0,0.022,4131761
1789151902,9,0,0.004,4131761
1789151902,9,0,0.003,4131761
1789151902,9,0,0.006,4131761
1789151902,9,0,0.004,4131761
1789151902,9,0,0.009,4131761
1789151903,8,0,0.051,4131761
1789151903,9,0,0.003,4131761
1789151903,9,0,0.003,4131761
1789151903,9,0,0.005,4131761
1789151903,9,0,0.003,4131761
1789151903,9,0,0.01,4131761
1789151904,9,0,0.006,4131761
1789151904,9,0,0.015,4131761
1789151904,9,0,0.011,4131761
1789151904,9,0,0.012,4131761
1789151904,9,0,0.005,4131761
1789151904,8,0,0.031,4131761
1789151904,9,0,0.025,4131761
1789151905,9,0,0.003,4131761
1789151905,9,0,0.005,4131761
1789151905,9,0,0.006,4131761
1789151906,9,0,0.008,4131761
1789151906,9,0,0.003,4131761
1789151907,9,0,0.006,4131761
1789151907,9,0,0.003,4131761
1789151908,9,0,0.004,4131761
1789151908,9,0,0.029,4131761
1789151908,8,0,0.038,4131761
1789151908,9,0,0.022,4131761
1789151908,9,0,0.008,4131761
1789151908,9,0,0.003,4131761
1789151909,9,0,0.003,4131761
1789151909,9,0,0.003,4131761
1789151909,9,0,0.006,4131761
1789151909,9,0,0.003,4131761
1789151909,9,0,0.006,4131761
1789151909,9,0,0.003,4131761
1789151910,9,0,0.014,4131761
1789151910,8,0,0.05,4131761
1789151911,9,0,0.012,4131761
1789151911,9,0,0.004,4131761
1789151911,9,0,0.008,4131761
1789151911,9,0,0.008,4131761
1789151911,9,0,0.003,4131761
1789151911,9,0,0.019,4131761
1789151911,9,0,0.004,4131761
1789151912,9,0,0.003,4131761
1789151913,9,0,0.003,4131761
1789151913,9,0,0.034,4131761
1789151913,9,0,0.005,4131761
1789151913,8,0,0.066,4131761
1789151913,9,0,0.007,4131761
1789151913,9,0,0.024,4131761
1789151913,9,0,0.019,4131761
1789151914,9,0,0.031,4131761
1789151914,9,0,0.004,4131761
1789151914,9,0,0.034,4131761
1789151914,9,0,0.004,4131761
1789151914,9,0,0.005,4131761
1789151914,9,0,0.01,4131761
1789151914,8,0,0.03,4131761
1789151915,9,0,0.008,4131761
1789151915,9,0,0.003,4131761
1789151915,9,0,0.03,4131761
1789151915,9,0,0.006,4131761
1789151916,9,0,0.008,4131761
1789151916,9,0,0.019,4131761
1789151918,9,0,0.003,4131761
1789151918,9,0,0.002,4131761
1789151918,9,0,0.013,4131761
1789151918,9,0,0.005,4131761
1789151918,8,0,0.032,4131761
1789151918,9,0,0.01,4131761
1789151918,9,0,0.01,4131761
1789151919,9,0,0.004,4131761
1789151919,9,0,0.005,4131761
1789151920,9,0,0.021,4131761
1789151920,9,0,0.047,4131761
1789151920,9,0,0.01,4131761
1789151920,9,0,0.014,4131761
1789151920,9,0,0.003,4131761
1789151920,9,0,0.005,4131761
1789151920,9,0,0.003,4131761
1789151920,8,0,0.032,4131761
1789151920,9,0,0.007,4131761
1789151921,9,0,0.01,4131761
1789151921,9,0,0.006,4131761
1789151921,9,0,0.013,4131761
1789151922,9,0,0.006,4131761
1789151923,9,0,0.008,4131761
1789151923,9,0,0.004,4131761
1789151924,9,0,0.008,4131761
1789151924,9,0,0.017,4131761
1789151924,8,0,0.03,4131761
1789151924,9,0,0.004,4131761
1789151924,9,0,0.018,4131761
1789151924,9,0,0.009,4131761
1789151924,9,0,0.012,4131761
1789151925,9,0,0.005,4131761
1789151925,9,0,0.012,4131761
1789151926,9,0,0.004,4131761
1789151926,9,0,0.005,4131761
1789151926,9,0,0.01,4131761
1789151926,9,0,0.01,4131761
1789151926,8,0,0.038,4131761
1789151926,9,0,0.016,4131761
1789151926,9,0,0.007,4131761
1789151926,9,0,0.014,4131761
1789151927,9,0,0.01,4131761
1789151927,9,0,0.004,4131761
1789151927,9,0,0.003,4131761
1789151927,9,0,0.005,4131761
1789151928,9,0,0.006,4131761
1789151928,9,0,0.003,4131761
1789151928,9,0,0.013,4131761
1789151928,8,0,0.034,4131761
1789151928,9,0,0.003,4131761
1789151928,9,0,0.008,4131761
1789151928,9,0,0.006,4131761
1789151928,9,0,0.013,4131761
1789151928,9,0,0.011,4131761
1789151928,9,0,0.013,4131761
1789151929,9,0,0.01,4131761
1789151929,9,0,0.003,4131761
1789151929,9,0,0.004,4131761
1789151929,9,0,0.004,4131761
1789151929,8,0,0.032,4131761
1789151929,9,0,0.003,4131761
1789151930,9,0,0.01,4131761
1789151930,9,0,0.019,4131761
1789151930,9,0,0.011,4131761
1789151930,9,0,0.004,4131761
1789151930,9,0,0.007,4131761
1789151930,9,0,0.003,4131761
1789151931,9,0,0.015,4131761
1789151931,9,0,0.003,4131761
1789151931,9,0,0.004,4131761
1789151931,8,0,0.029,4131761
1789151931,9,0,0.006,4131761
1789151932,9,0,0.004,4131761
1789151932,9,0,0.004,4131761
1789151932,9,0,0.006,4131761
1789151932,9,0,0.008,4131761
1789151933,9,0,0.004,4131761
1789151933,9,0,0.003,4131761
1789151933,9,0,0.009,4131761
1789151933,9,0,0.01,4131761
1789151934,9,0,0.01,4131761
1789151934,8,0,0.042,4131761
1789151934,9,0,0.026,4131761
1789151934,9,0,0.006,4131761
1789151935,9,0,0.011,4131761
1789151935,9,0,0.004,4131761
1789151936,9,0,0.034,4131761
1789151936,9,0,0.044,4131761
1789151936,9,0,0.008,4131761
1789151936,9,0,0.006,4131761
1789151937,9,0,0.003,4131761
1789151937,9,0,0.011,4131761
1789151937,8,0,0.036,4131761
1789151937,9,0,0.006,4131761
1789151937,9,0,0.003,4131761
1789151937,9,0,0.012,4131761
1789151937,9,0,0.006,4131761
1789151937,9,0,0.005,4131761
1789151937,9,0,0.012,4131761
1789151937,9,0,0.03,4131761
1789151938,9,0,0.007,4131761
1789151938,9,0,0.035,4131761
1789151938,9,0,0.02,4131761
1789151938,8,0,0.065,4131761
1789151938,9,0,0.005,4131761
1789151938,9,0,0.023,4131761
1789151938,9,0,0.005,4131761
1789151939,9,0,0.004,4131761
1789151939,9,0,0.008,4131761
1789151940,9,0,0.003,4131761
1789151940,9,0,0.008,4131761
1789151941,9,0,0.009,4131761
1789151943,9,0,0.008,4131761
1789151943,9,0,0.004,4131761
1789151943,8,0,0.035,4131761
1789151943,9,0,0.004,4131761
1789151944,9,0,0.004,4131761
1789151944,9,0,0.003,4131761
1789151944,9,0,0.003,4131761
1789151944,9,0,0.005,4131761
1789151944,9,0,0.012,4131761
1789151945,9,0,0.009,4131761
1789151945,9,0,0.011,4131761
1789151945,9,0,0.005,4131761
1789151945,9,0,0.006,4131761
1789151945,8,0,0.03,4131761
1789151945,9,0,0.008,4131761
1789151946,9,0,0.029,4131761
1789151946,9,0,0.003,4131761
1789151946,9,0,0.012,4131761
1789151946,9,0,0.005,4131761
1789151947,9,0,0.027,4131761
1789151947,9,0,0.009,4131761
1789151947,9,0,0.004,4131761
1789151947,9,0,0.01,4131761
1789151948,9,0,0.004,4131761
1789151948,9,0,0.008,4131761
1789151948,8,0,0.032,4131761
1789151948,9,0,0.004,4131761
1789151948,9,0,0.012,4131761
1789151948,9,0,0.029,4131761
1789151948,9,0,0.005,4131761
1789151948,9,0,0.006,4131761
1789151948,9,0,0.003,4131761
1789151948,9,0,0.005,4131761
1789151948,9,0,0.004,4131761
1789151949,9,0,0.004,4131761
1789151949,9,0,0.006,4131761
1789151949,8,0,0.059,4131761
1789151949,9,0,0.003,4131761
1789151949,9,0,0.014,4131761
1789151949,9,0,0.025,4131761
1789151949,9,0,0.013,4131761
1789151949,9,0,0.006,4131761
1789151949,9,0,0.023,4131761
1789151950,9,0,0.011,4131761
1789151950,9,0,0.003,4131761
1789151950,9,0,0.021,4131761
1789151950,8,0,0.047,4131761
1789151950,9,0,0.006,4131761
1789151951,9,0,0.015,4131761
1789151951,9,0,0.004,4131761
1789151951,9,0,0.003,4131761
1789151952,9,0,0.003,4131761
1789151952,9,0,0.004,4131761
1789151952,9,0,0.007,4131761
1789151952,9,0,0.004,4131761
1789151953,9,0,0.021,4131761
1789151953,9,0,0.012,4131761
1789151953,8,0,0.032,4131761
1789151953,9,0,0.003,4131761
1789151953,9,0,0.003,4131761
1789151953,9,0,0.003,4131761
1789151954,9,0,0.005,4131761
1789151954,9,0,0.005,4131761
1789151955,9,0,0.007,4131761
1789151955,9,0,0.016,4131761
1789151955,9,0,0.013,4131761
1789151955,9,0,0.035,4131761
1789151956,9,0,0.006,4131761
1789151956,8,0,0.033,4131761
1789151957,9,0,0.02,4131761
1789151957,9,0,0.003,4131761
1789151957,9,0,0.003,4131761
1789151957,9,0,0.012,4131761
1789151958,9,0,0.006,4131761
1789151958,9,0,0.026,4131761
1789151958,9,0,0.006,4131761
1789151959,9,0,0.006,4131761
1789151959,9,0,0.004,4131761
1789151959,9,0,0.006,4131761
1789151959,8,0,0.042,4131761
1789151959,9,0,0.007,4131761
1789151959,9,0,0.003,4131761
1789151959,9,0,0.004,4131761
1789151960,9,0,0.035,4131761
1789151960,9,0,0.009,4131761
1789151960,9,0,0.005,4131761
1789151961,9,0,0.003,4131761
1789151961,9,0,0.01,4131761
1789151961,9,0,0.004,4131761
1789151961,9,0,0.006,4131761
1789151961,8,0,0.038,4131761
1789151961,9,0,0.003,4131761
1789151961,9,0,0.019,4131761
1789151962,9,0,0.004,4131761
1789151962,9,0,0.021,4131761
1789151963,9,0,0.004,4131761
1789151963,9,0,0.028,4131761
1789151963,9,0,0.041,4131761
1789151963,9,0,0.018,4131761
1789151963,9,0,0.004,4131761
1789151964,9,0,0.004,4131761
1789151964,8,0,0.034,4131761
1789151964,9,0,0.007,4131761
1789151964,9,0,0.004,4131761
1789151965,9,0,0.003,4131761
1789151966,9,0,0.004,4131761
1789151966,9,0,0.003,4131761
1789151966,9,0,0.01,4131761
1789151967,9,0,0.034,4131761
1789151967,9,0,0.009,4131761
1789151967,9,0,0.008,4131761
1789151967,9,0,0.005,4131761
1789151967,8,0,0.042,4131761
1789151967,9,0,0.008,4131761
1789151968,9,0,0.009,4131761
1789151968,9,0,0.003,4131761
1789151968,9,0,0.011,4131761
1789151968,9,0,0.012,4131761
1789151969,9,0,0.004,4131761
1789151969,9,0,0.008,4131761
1789151969,9,0,0.01,4131761
1789151969,9,0,0.006,4131761
1789151969,9,0,0.008,4131761
1789151969,8,0,0.045,4131761
1789151970,9,0,0.004,4131761
1789151970,9,0,0.004,4131761
1789151970,9,0,0.04,4131761
1789151970,9,0,0.035,4131761
1789151970,9,0,0.003,4131761
1789151970,9,0,0.003,4131761
1789151970,9,0,0.004,4131761
1789151970,9,0,0.008,4131761
1789151971,9,0,0.01,4131761
1789151971,9,0,0.023,4131761
1789151971,8,0,0.036,4131761
1789151971,9,0,0.013,4131761
1789151971,9,0,0.003,4131761
1789151971,9,0,0.01,4131761
1789151972,9,0,0.003,4131761
1789151972,9,0,0.009,4131761
1789151972,9,0,0.014,4131761
1789151973,9,0,0.004,4131761
1789151974,9,0,0.006,4131761
1789151974,9,0,0.003,4131761
1789151974,9,0,0.032,4131761
1789151974,8,0,0.047,4131761
1789151974,9,0,0.004,4131761
1789151975,9,0,0.011,4131761
1789151975,9,0,0.012,4131761
1789151975,9,0,0.007,4131761
1789151975,9,0,0.003,4131761
1789151976,9,0,0.017,4131761
1789151976,9,0,0.004,4131761
1789151976,9,0,0.008,4131761
1789151976,9,0,0.008,4131761
1789151977,9,0,0.01,4131761
1789151977,8,0,0.048,4131761
1789151977,9,0,0.013,4131761
1789151977,9,0,0.003,4131761
1789151977,9,0,0.016,4131761
1789151977,9,0,0.01,4131761
1789151977,9,0,0.005,4131761
1789151977,9,0,0.021,4131761
1789151977,9,0,0.021,4131761
1789151978,9,0,0.003,4131761
1789151978,9,0,0.012,4131761
1789151978,9,0,0.004,4131761
1789151978,8,0,0.031,4131761
1789151979,9,0,0.012,4131761
1789151979,9,0,0.022,4131761
1789151979,9,0,0.03,4131761
1789151979,9,0,0.004,4131761
1789151979,9,0,0.009,4131761
1789151979,9,0,0.008,4131761
1789151979,9,0,0.003,4131761
1789151979,9,0,0.006,4131761
1789151979,9,0,0.01,4131761
1789151980,9,0,0.004,4131761
1789151980,8,0,0.033,4131761
1789151980,9,0,0.019,4131761
1789151980,9,0,0.017,4131761
1789151980,9,0,0.008,4131761
1789151980,9,0,0.004,4131761
1789151980,9,0,0.004,4131761
1789151981,9,0,0.014,4131761
1789151981,9,0,0.008,4131761
1789151981,9,0,0.007,4131761
1789151982,9,0,0.012,4131761
1789151982,9,0,0.019,4131761
1789151982,9,0,0.019,4131761
1789151982,8,0,0.041,4131761
1789151982,9,0,0.025,4131761
1789151983,9,0,0.012,4131761
1789151983,9,0,0.005,4131761
1789151983,9,0,0.01,4131761
1789151984,9,0,0.006,4131761
1789151984,9,0,0.003,4131761
1789151984,9,0,0.005,4131761
1789151984,9,0,0.011,4131761
1789151984,9,0,0.013,4131761
1789151984,8,0,0.032,4131761
1789151984,9,0,0.006,4131761
1789151984,9,0,0.009,4131761
1789151984,9,0,0.02,4131761
1789151985,9,0,0.017,4131761
1789151986,9,0,0.004,4131761
1789151986,9,0,0.013,4131761
1789151986,9,0,0.008,4131761
1789151986,9,0,0.009,4131761
1789151986,9,0,0.005,4131761
1789151987,9,0,0.009,4131761
1789151987,8,0,0.036,4131761
1789151987,9,0,0.003,4131761
1789151987,9,0,0.006,4131761
1789151987,9,0,0.005,4131761
1789151987,9,0,0.032,4131761
1789151988,9,0,0.005,4131761
1789151988,9,0,0.011,4131761
1789151988,9,0,0.003,4131761
1789151988,9,0,0.019,4131761
1789151989,9,0,0.003,4131761
1789151989,9,0,0.004,4131761
1789151989,8,0,0.033,4131761
1789151989,9,0,0.017,4131761
1789151989,9,0,0.01,4131761
1789151990,9,0,0.003,4131761
1789151990,9,0,0.024,4131761
1789151990,9,0,0.029,4131761
1789151991,9,0,0.006,4131761
1789151991,9,0,0.004,4131761
1789151991,9,0,0.004,4131761
1789151991,9,0,0.007,4131761
1789151991,9,0,0.004,4131761
1789151991,8,0,0.032,4131761
1789151992,9,0,0.004,4131761
1789151992,9,0,0.006,4131761
1789151992,9,0,0.004,4131761
1789151992,9,0,0.012,4131761
1789151992,9,0,0.004,4131761
1789151993,9,0,0.014,4131761
1789151993,9,0,0.014,4131761
1789151996,9,0,0.006,4131761
1789151997,9,0,0.004,4131761
1789151997,9,0,0.004,4131761
1789151997,8,0,0.034,4131761
1789151997,9,0,0.01,4131761
1789151997,9,0,0.024,4131761
1789151997,9,0,0.004,4131761
1789151997,9,0,0.032,4131761
1789151997,9,0,0.029,4131761
1789151997,9,0,0.003,4131761
1789151998,9,0,0.033,4131761
1789151998,9,0,0.005,4131761
1789151998,9,0,0.004,4131761
1789151998,9,0,0.007,4131761
1789151998,8,0,0.029,4131761
1789151998,9,0,0.012,4131761
1789151999,9,0,0.004,4131761
1789151999,9,0,0.007,4131761
1789151999,9,0,0.003,4131761
1789151999,9,0,0.004,4131761
1789151999,9,0,0.009,4131761
1789152000,9,0,0.003,4131761
1789152000,9,0,0.009,4131761
1789152001,9,0,0.008,4131761
1789152001,9,0,0.004,4131761
1789152001,9,0,0.016,4131761
1789152001,8,0,0.036,4131761
1789152001,9,0,0.006,4131761
1789152001,9,0,0.011,4131761
1789152001,9,0,0.004,4131761
1789152002,9,0,0.02,4131761
1789152002,9,0,0.024,4131761
1789152002,9,0,0.011,4131761
1789152002,9,0,0.005,4131761
1789152002,9,0,0.009,4131761
1789152002,9,0,0.003,4131761
1789152002,8,0,0.029,4131761
1789152003,9,0,0.011,4131761
1789152003,9,0,0.003,4131761
1789152003,9,0,0.004,4131761
1789152003,9,0,0.017,4131761
1789152003,9,0,0.027,4131761
1789152004,9,0,0.003,4131761
1789152004,9,0,0.004,4131761
1789152004,9,0,0.011,4131761
1789152004,9,0,0.009,4131761
1789152005,9,0,0.004,4131761
1789152005,8,0,0.033,4131761
1789152005,9,0,0.048,4131761
1789152005,9,0,0.005,4131761
1789152006,9,0,0.023,4131761
1789152006,9,0,0.004,4131761
1789152007,9,0,0.053,4131761
1789152007,9,0,0.055,4131761
1789152007,9,0,0.035,4131761
1789152008,9,0,0.007,4131761
1789152008,9,0,0.033,4131761
1789152008,9,0,0.005,4131761
1789152008,8,0,0.039,4131761
1789152008,9,0,0.005,4131761
1789152008,9,0,0.004,4131761
1789152008,9,0,0.003,4131761
1789152009,9,0,0.008,4131761
1789152009,9,0,0.013,4131761
1789152009,9,0,0.009,4131761
1789152011,9,0,0.024,4131761
1789152011,9,0,0.029,4131761
1789152012,9,0,0.003,4131761
1789152012,9,0,0.003,4131761
1789152012,8,0,0.034,4131761
1789152012,9,0,0.011,4131761
1789152012,9,0,0.016,4131761
1789152012,9,0,0.028,4131761
1789152013,9,0,0.01,4131761
1789152013,9,0,0.006,4131761
1789152013,9,0,0.013,4131761
1789152014,9,0,0.012,4131761
1789152014,9,0,0.004,4131761
1789152015,9,0,0.01,4131761
1789152015,9,0,0.004,4131761
1789152015,8,0,0.059,4131761
1789152016,9,0,0.003,4131761
1789152016,9,0,0.004,4131761
1789152016,9,0,0.011,4131761
1789152016,9,0,0.008,4131761
1789152016,9,0,0.004,4131761
1789152016,9,0,0.003,4131761
1789152016,9,0,0.003,4131761
1789152016,9,0,0.003,4131761
1789152016,9,0,0.021,4131761
1789152017,9,0,0.01,4131761
1789152017,8,0,0.036,4131761
1789152017,9,0,0.01,4131761
1789152017,9,0,0.003,4131761
1789152017,9,0,0.008,4131761
1789152017,9,0,0.014,4131761
1789152017,9,0,0.016,4131761
1789152017,9,0,0.016,4131761
1789152018,9,0,0.003,4131761
1789152018,9,0,0.017,4131761
1789152018,9,0,0.008,4131761
1789152018,9,0,0.003,4131761
1789152018,8,0,0.033,4131761
1789152019,9,0,0.014,4131761
1789152019,9,0,0.005,4131761
1789152019,9,0,0.007,4131761
1789152019,9,0,0.004,4131761
1789152020,9,0,0.016,4131761
1789152020,9,0,0.023,4131761
1789152020,9,0,0.003,4131761
1789152021,9,0,0.009,4131761
1789152021,9,0,0.004,4131761
1789152021,9,0,0.004,4131761
1789152021,8,0,0.04,4131761
1789152021,9,0,0.014,4131761
1789152022,9,0,0.015,4131761
1789152022,9,0,0.06,4131761
1789152022,9,0,0.008,4131761
1789152022,9,0,0.022,4131761
1789152023,9,0,0.008,4131761
1789152024,9,0,0.003,4131761
1789152024,9,0,0.012,4131761
1789152024,9,0,0.007,4131761
1789152024,9,0,0.015,4131761
1789152024,8,0,0.042,4131761
1789152025,9,0,0.003,4131761
1789152025,9,0,0.005,4131761
1789152025,9,0,0.015,4131761
1789152025,9,0,0.006,4131761
1789152025,9,0,0.007,4131761
1789152026,9,0,0.008,4131761
1789152026,9,0,0.003,4131761
1789152026,9,0,0.003,4131761
1789152026,9,0,0.004,4131761
1789152027,9,0,0.004,4131761
1789152027,8,0,0.07,4131761
1789152027,9,0,0.02,4131761
1789152027,9,0,0.017,4131761
1789152027,9,0,0.004,4131761
1789152027,9,0,0.003,4131761
1789152027,9,0,0.012,4131761
1789152027,9,0,0.059,4131761
1789152027,9,0,0.01,4131761
1789152028,9,0,0.015,4131761
1789152028,9,0,0.007,4131761
1789152028,9,0,0.004,4131761
1789152029,8,0,0.043,4131761
1789152029,9,0,0.003,4131761
1789152029,9,0,0.003,4131761
1789152029,9,0,0.009,4131761
1789152029,9,0,0.009,4131761
1789152029,9,0,0.007,4131761
1789152029,9,0,0.017,4131761
1789152029,9,0,0.032,4131761
1789152029,9,0,0.005,4131761
1789152029,9,0,0.008,4131761
1789152029,9,0,0.022,4131761
1789152029,8,0,0.03,4131761
1789152029,9,0,0.003,4131761
1789152030,9,0,0.003,4131761
1789152030,9,0,0.008,4131761
1789152030,9,0,0.006,4131761
1789152030,9,0,0.003,4131761
1789152030,9,0,0.008,4131761
1789152030,9,0,0.013,4131761
1789152031,9,0,0.006,4131761
1789152031,9,0,0.004,4131761
1789152032,9,0,0.004,4131761
1789152032,8,0,0.031,4131761
1789152032,9,0,0.003,4131761
1789152032,9,0,0.012,4131761
1789152033,9,0,0.003,4131761
1789152033,9,0,0.007,4131761
1789152033,9,0,0.011,4131761
1789152033,9,0,0.006,4131761
1789152033,9,0,0.008,4131761
1789152033,9,0,0.004,4131761
1789152033,9,0,0.003,4131761
1789152034,9,0,0.004,4131761
1789152034,8,0,0.033,4131761
1789152034,9,0,0.01,4131761
1789152034,9,0,0.014,4131761
1789152035,9,0,0.003,4131761
1789152035,9,0,0.007,4131761
1789152035,9,0,0.025,4131761
1789152036,9,0,0.007,4131761
1789152037,9,0,0.009,4131761
1789152037,9,0,0.003,4131761
1789152037,9,0,0.029,4131761
1789152037,9,0,0.057,4131761
1789152037,8,0,0.069,4131761
1789152037,9,0,0.005,4131761
1789152037,9,0,0.008,4131761
1789152038,9,0,0.006,4131761
1789152039,9,0,0.003,4131761
1789152039,9,0,0.048,4131761
1789152039,9,0,0.004,4131761
1789152039,9,0,0.005,4131761
1789152039,9,0,0.003,4131761
1789152039,9,0,0.011,4131761
1789152039,9,0,0.013,4131761
1789152039,9,0,0.004,4131761
1789152039,8,0,0.035,4131761
1789152039,9,0,0.01,4131761
1789152039,9,0,0.007,4131761
1789152039,9,0,0.012,4131761
1789152039,9,0,0.019,4131761
1789152039,9,0,0.014,4131761
1789152040,9,0,0.01,4131761
1789152040,9,0,0.013,4131761
1789152040,9,0,0.006,4131761
1789152041,9,0,0.008,4131761
1789152041,8,0,0.033,4131761
1789152041,9,0,0.007,4131761
1789152041,9,0,0.004,4131761
1789152041,9,0,0.011,4131761
1789152041,9,0,0.01,4131761
1789152041,9,0,0.003,4131761
1789152042,9,0,0.008,4131761
1789152042,9,0,0.066,4131761
1789152042,9,0,0.006,4131761
1789152043,9,0,0.004,4131761
1789152043,9,0,0.005,4131761
1789152043,8,0,0.037,4131761
1789152043,9,0,0.004,4131761
1789152043,9,0,0.004,4131761
1789152043,9,0,0.005,4131761
1789152043,9,0,0.022,4131761
1789152044,9,0,0.006,4131761
1789152044,9,0,0.003,4131761
1789152044,9,0,0.014,4131761
1789152044,9,0,0.01,4131761
1789152044,9,0,0.027,4131761
1789152044,9,0,0.004,4131761
1789152044,8,0,0.03,4131761
1789152044,9,0,0.032,4131761
1789152044,9,0,0.007,4131761
1789152045,9,0,0.039,4131761
1789152046,9,0,0.009,4131761
1789152046,9,0,0.012,4131761
1789152046,9,0,0.012,4131761
1789152046,9,0,0.009,4131761
1789152046,9,0,0.004,4131761
1789152046,9,0,0.01,4131761
1789152047,9,0,0.004,4131761
1789152047,8,0,0.03,4131761
1789152047,9,0,0.004,4131761
1789152048,9,0,0.022,4131761
1789152048,9,0,0.014,4131761
1789152048,9,0,0.004,4131761
1789152048,9,0,0.01,4131761
1789152049,9,0,0.007,4131761
1789152050,9,0,0.032,4131761
1789152050,9,0,0.003,4131761
1789152050,9,0,0.006,4131761
1789152050,9,0,0.014,4131761
1789152050,8,0,0.046,4131761
1789152050,9,0,0.007,4131761
1789152050,9,0,0.006,4131761
1789152050,9,0,0.004,4131761
1789152050,9,0,0.038,4131761
1789152050,9,0,0.004,4131761
1789152051,9,0,0.005,4131761
1789152051,9,0,0.003,4131761
1789152051,9,0,0.031,4131761
1789152051,9,0,0.01,4131761
1789152051,9,0,0.004,4131761
1789152051,9,0,0.004,4131761
1789152051,8,0,0.031,4131761
1789152051,9,0,0.036,4131761
1789152051,9,0,0.032,4131761
1789152052,9,0,0.003,4131761
1789152052,9,0,0.003,4131761
1789152052,9,0,0.003,4131761
1789152052,9,0,0.008,4131761
1789152052,9,0,0.02,4131761
1789152052,9,0,0.011,4131761
1789152052,9,0,0.005,4131761
1789152052,8,0,0.029,4131761
1789152052,9,0,0.011,4131761
1789152053,9,0,0.005,4131761
1789152053,9,0,0.018,4131761
1789152053,9,0,0.003,4131761
1789152053,9,0,0.005,4131761
1789152053,9,0,0.004,4131761
1789152053,9,0,0.008,4131761
1789152053,9,0,0.003,4131761
1789152053,9,0,0.112,4131761
1789152053,8,0,0.028,4131761
1789152053,9,0,0.034,4131761
1789152055,9,0,0.004,4131761
1789152055,9,0,0.004,4131761
1789152055,9,0,0.014,4131761
1789152056,9,0,0.03,4131761
1789152056,9,0,0.003,4131761
1789152057,9,0,0.005,4131761
1789152057,9,0,0.009,4131761
1789152057,9,0,0.01,4131761
1789152057,9,0,0.003,4131761
1789152058,9,0,0.013,4131761
1789152058,8,0,0.063,4131761
1789152059,9,0,0.009,4131761
1789152059,9,0,0.012,4131761
1789152059,9,0,0.009,4131761
1789152059,9,0,0.005,4131761
1789152059,9,0,0.006,4131761
1789152059,9,0,0.003,4131761
1789152059,9,0,0.009,4131761
1789152059,9,0,0.01,4131761
1789152059,9,0,0.024,4131761
1789152060,9,0,0.01,4131761
1789152060,9,0,0.004,4131761
1789152060,8,0,0.035,4131761
1789152060,9,0,0.004,4131761
1789152060,9,0,0.009,4131761
1789152060,9,0,0.004,4131761
1789152060,9,0,0.005,4131761
1789152060,9,0,0.005,4131761
1789152060,9,0,0.003,4131761
1789152060,9,0,0.009,4131761
1789152060,9,0,0.011,4131761
1789152061,9,0,0.023,4131761
1789152061,8,0,0.045,4131761
1789152061,9,0,0.02,4131761
1789152061,9,0,0.015,4131761
1789152061,9,0,0.004,4131761
1789152061,9,0,0.003,4131761
1789152061,9,0,0.011,4131761
1789152061,9,0,0.007,4131761
1789152061,9,0,0.009,4131761
1789152062,9,0,0.025,4131761
1789152062,9,0,0.007,4131761
1789152062,9,0,0.011,4131761
1789152062,8,0,0.028,4131761
1789152063,9,0,0.005,4131761
1789152063,9,0,0.015,4131761
1789152063,9,0,0.003,4131761
1789152064,9,0,0.004,4131761
1789152065,9,0,0.003,4131761
1789152065,9,0,0.004,4131761
1789152065,9,0,0.007,4131761
1789152065,9,0,0.005,4131761
1789152065,9,0,0.004,4131761
1789152065,9,0,0.004,4131761
1789152065,8,0,0.034,4131761
1789152065,9,0,0.003,4131761
1789152065,9,0,0.005,4131761
1789152065,9,0,0.019,4131761
1789152066,9,0,0.003,4131761
1789152066,9,0,0.005,4131761
1789152066,9,0,0.003,4131761
1789152067,9,0,0.02,4131761
1789152067,9,0,0.017,4131761
1789152068,9,0,0.006,4131761
1789152068,9,0,0.007,4131761
1789152068,8,0,0.036,4131761
1789152069,9,0,0.006,4131761
1789152069,9,0,0.008,4131761
1789152069,9,0,0.01,4131761
1789152069,9,0,0.009,4131761
1789152069,9,0,0.019,4131761
1789152069,9,0,0.021,4131761
1789152069,9,0,0.01,4131761
1789152069,9,0,0.003,4131761
1789152070,9,0,0.008,4131761
1789152070,9,0,0.004,4131761
1789152070,8,0,0.028,4131761
1789152070,9,0,0.004,4131761
1789152070,9,0,0.008,4131761
1789152070,9,0,0.008,4131761
1789152071,9,0,0.005,4131761
1789152071,9,0,0.004,4131761
1789152071,9,0,0.006,4131761
1789152071,9,0,0.003,4131761
1789152072,9,0,0.01,4131761
1789152072,9,0,0.005,4131761
1789152072,9,0,0.011,4131761
1789152072,8,0,0.035,4131761
1789152073,9,0,0.01,4131761
1789152073,9,0,0.003,4131761
1789152074,9,0,0.012,4131761
1789152074,9,0,0.01,4131761
1789152074,9,0,0.004,4131761
1789152075,9,0,0.017,4131761
1789152075,9,0,0.004,4131761
1789152075,9,0,0.004,4131761
1789152076,9,0,0.015,4131761
1789152077,9,0,0.003,4131761
1789152077,8,0,0.037,4131761
1789152077,9,0,0.007,4131761
1789152077,9,0,0.005,4131761
1789152077,9,0,0.003,4131761
1789152077,9,0,0.013,4131761
1789152077,9,0,0.004,4131761
1789152077,9,0,0.005,4131761
1789152077,9,0,0.008,4131761
1789152078,9,0,0.003,4131761
1789152078,9,0,0.01,4131761
1789152078,9,0,0.011,4131761
1789152078,9,0,0.012,4131761
1789152078,8,0,0.055,4131761
1789152078,9,0,0.015,4131761
1789152078,9,0,0.005,4131761
1789152078,9,0,0.004,4131761
1789152078,9,0,0.004,4131761
1789152078,9,0,0.006,4131761
1789152079,9,0,0.004,4131761
1789152079,9,0,0.016,4131761
1789152079,9,0,0.008,4131761
1789152079,9,0,0.004,4131761
1789152079,8,0,0.038,4131761
1789152079,9,0,0.038,4131761
1789152079,9,0,0.004,4131761
1789152079,9,0,0.004,4131761
1789152080,9,0,0.006,4131761
1789152080,9,0,0.003,4131761
1789152080,9,0,0.003,4131761
1789152080,9,0,0.003,4131761
1789152080,9,0,0.007,4131761
1789152080,9,0,0.003,4131761
1789152080,9,0,0.008,4131761
1789152080,8,0,0.029,4131761
1789152080,9,0,0.005,4131761
1789152081,9,0,0.035,4131761
1789152081,9,0,0.007,4131761
1789152081,9,0,0.025,4131761
1789152081,9,0,0.003,4131761
1789152081,9,0,0.004,4131761
1789152081,9,0,0.007,4131761
1789152082,9,0,0.01,4131761
1789152082,9,0,0.011,4131761
1789152082,9,0,0.01,4131761
1789152082,8,0,0.033,4131761
1789152082,9,0,0.009,4131761
1789152082,9,0,0.005,4131761
1789152082,9,0,0.014,4131761
1789152082,9,0,0.03,4131761
1789152082,9,0,0.058,4131761
1789152084,9,0,0.006,4131761
1789152084,9,0,0.003,4131761
1789152084,9,0,0.005,4131761
1789152084,9,0,0.015,4131761
1789152084,9,0,0.009,4131761
1789152084,8,0,0.038,4131761
1789152085,9,0,0.006,4131761
1789152085,9,0,0.004,4131761
1789152085,9,0,0.003,4131761
1789152086,9,0,0.015,4131761
1789152086,9,0,0.007,4131761
1789152086,9,0,0.008,4131761
1789152086,9,0,0.005,4131761
1789152086,9,0,0.029,4131761
1789152087,9,0,0.004,4131761
1789152087,9,0,0.018,4131761
1789152087,8,0,0.062,4131761
1789152087,9,0,0.004,4131761
1789152088,9,0,0.01,4131761
1789152088,9,0,0.005,4131761
1789152088,9,0,0.006,4131761
1789152088,9,0,0.005,4131761
1789152088,9,0,0.011,4131761
1789152088,9,0,0.006,4131761
1789152089,9,0,0.012,4131761
1789152089,9,0,0.004,4131761
1789152089,9,0,0.006,4131761
1789152089,8,0,0.033,4131761
1789152089,9,0,0.007,4131761
1789152089,9,0,0.005,4131761
1789152089,9,0,0.022,4131761
1789152089,9,0,0.003,4131761
1789152089,9,0,0.015,4131761
1789152089,9,0,0.004,4131761
1789152090,9,0,0.004,4131761
1789152090,9,0,0.003,4131761
1789152090,9,0,0.006,4131761
1789152090,9,0,0.004,4131761
1789152090,8,0,0.034,4131761
1789152091,9,0,0.006,4131761
1789152091,9,0,0.005,4131761
1789152091,9,0,0.02,4131761
1789152091,9,0,0.004,4131761
1789152092,9,0,0.005,4131761
1789152092,9,0,0.004,4131761
1789152092,9,0,0.012,4131761
1789152092,9,0,0.003,4131761
1789152093,9,0,0.005,4131761
1789152094,9,0,0.009,4131761
1789152094,8,0,0.035,4131761
1789152094,9,0,0.015,4131761
1789152094,9,0,0.018,4131761
1789152094,9,0,0.014,4131761
1789152094,9,0,0.012,4131761
1789152094,9,0,0.008,4131761
1789152095,9,0,0.008,4131761
1789152095,9,0,0.01,4131761
1789152096,9,0,0.007,4131761
1789152096,9,0,0.003,4131761
1789152096,9,0,0.005,4131761
1789152096,8,0,0.028,4131761
1789152096,9,0,0.007,4131761
1789152096,9,0,0.01,4131761
1789152097,9,0,0.004,4131761
1789152097,9,0,0.003,4131761
1789152097,9,0,0.004,4131761
1789152097,9,0,0.003,4131761
1789152099,9,0,0.029,4131761
1789152100,9,0,0.017,4131761
1789152100,9,0,0.018,4131761
1789152100,9,0,0.003,4131761
1789152100,8,0,0.04,4131761
1789152100,9,0,0.01,4131761
1789152101,9,0,0.004,4131761
1789152101,9,0,0.01,4131761
1789152101,9,0,0.004,4131761
1789152101,9,0,0.025,4131761
1789152101,9,0,0.004,4131761
1789152102,9,0,0.003,4131761
1789152102,9,0,0.003,4131761
1789152102,9,0,0.016,4131761
1789152102,9,0,0.005,4131761
1789152102,8,0,0.068,4131761
1789152102,9,0,0.009,4131761
1789152103,9,0,0.009,4131761
1789152103,9,0,0.007,4131761
1789152104,9,0,0.006,4131761
1789152105,9,0,0.003,4131761
1789152105,9,0,0.003,4131761
1789152105,9,0,0.003,4131761
1789152105,9,0,0.003,4131761
1789152106,9,0,0.014,4131761
1789152106,9,0,0.004,4131761
1789152106,8,0,0.031,4131761
1789152106,9,0,0.004,4131761
1789152106,9,0,0.005,4131761
1789152106,9,0,0.003,4131761
1789152106,9,0,0.007,4131761
1789152106,9,0,0.005,4131761
1789152106,9,0,0.01,4131761
1789152107,9,0,0.007,4131761
1789152107,9,0,0.012,4131761
1789152107,9,0,0.005,4131761
1789152107,9,0,0.004,4131761
1789152107,8,0,0.034,4131761
1789152107,9,0,0.004,4131761
1789152107,9,0,0.023,4131761
1789152107,9,0,0.007,4131761
1789152107,9,0,0.003,4131761
1789152108,9,0,0.003,4131761
1789152108,9,0,0.007,4131761
1789152108,9,0,0.01,4131761
1789152108,9,0,0.013,4131761
1789152109,9,0,0.004,4131761
1789152109,9,0,0.017,4131761
1789152109,8,0,0.051,4131761
1789152109,9,0,0.02,4131761
1789152109,9,0,0.007,4131761
1789152110,9,0,0.015,4131761
1789152110,9,0,0.005,4131761
1789152111,9,0,0.006,4131761
1789152111,9,0,0.005,4131761
1789152112,9,0,0.007,4131761
1789152112,9,0,0.014,4131761
1789152112,9,0,0.004,4131761
1789152113,9,0,0.008,4131761
1789152113,8,0,0.032,4131761
1789152113,9,0,0.007,4131761
1789152113,9,0,0.008,4131761
1789152113,9,0,0.021,4131761
1789152113,9,0,0.007,4131761
1789152113,9,0,0.014,4131761
1789152113,9,0,0.011,4131761
1789152114,9,0,0.005,4131761
1789152114,9,0,0.02,4131761
1789152116,9,0,0.006,4131761
1789152117,9,0,0.007,4131761
1789152117,8,0,0.033,4131761
1789152117,9,0,0.01,4131761
1789152117,9,0,0.005,4131761
1789152118,9,0,0.005,4131761
1789152118,9,0,0.035,4131761
1789152118,9,0,0.004,4131761
1789152118,9,0,0.008,4131761
1789152118,9,0,0.004,4131761
1789152118,9,0,0.007,4131761
1789152118,9,0,0.002,4131761
1789152118,9,0,0.003,4131761
1789152118,9,0,0.004,4131761
1789152118,9,0,0.011,4131761
1789152118,8,0,0.043,4131761
1789152118,9,0,0.003,4131761
1789152118,9,0,0.005,4131761
1789152119,9,0,0.004,4131761
1789152119,9,0,0.023,4131761
1789152119,9,0,0.003,4131761
1789152119,9,0,0.015,4131761
1789152119,9,0,0.018,4131761
1789152120,9,0,0.005,4131761
1789152120,8,0,0.04,4131761
1789152120,9,0,0.009,4131761
1789152120,9,0,0.003,4131761
1789152120,9,0,0.009,4131761
1789152120,9,0,0.02,4131761
1789152120,9,0,0.003,4131761
1789152120,9,0,0.004,4131761
1789152121,9,0,0.009,4131761
1789152121,9,0,0.016,4131761
1789152121,9,0,0.004,4131761
1789152122,9,0,0.013,4131761
1789152122,8,0,0.038,4131761
1789152122,9,0,0.005,4131761
1789152122,9,0,0.013,4131761
1789152122,9,0,0.005,4131761
1789152122,9,0,0.004,4131761
1789152122,9,0,0.003,4131761
1789152122,9,0,0.003,4131761
1789152122,9,0,0.003,4131761
1789152122,9,0,0.003,4131761
1789152122,9,0,0.02,4131761
1789152123,9,0,0.022,4131761
1789152123,8,0,0.041,4131761
1789152123,9,0,0.004,4131761
1789152123,9,0,0.022,4131761
1789152123,9,0,0.016,4131761
1789152123,9,0,0.027,4131761
1789152123,9,0,0.004,4131761
1789152123,9,0,0.011,4131761
1789152123,9,0,0.012,4131761
1789152123,9,0,0.019,4131761
1789152123,9,0,0.026,4131761
1789152123,9,0,0.008,4131761
1789152123,8,0,0.035,4131761
1789152123,9,0,0.007,4131761
1789152124,9,0,0.003,4131761
1789152124,9,0,0.007,4131761
1789152124,9,0,0.015,4131761
1789152124,9,0,0.007,4131761
1789152124,9,0,0.003,4131761
1789152124,9,0,0.012,4131761
1789152125,9,0,0.009,4131761
1789152125,9,0,0.022,4131761
1789152125,9,0,0.006,4131761
1789152125,8,0,0.036,4131761
1789152125,9,0,0.005,4131761
1789152126,9,0,0.003,4131761
1789152126,9,0,0.006,4131761
1789152126,9,0,0.005,4131761
1789152126,9,0,0.006,4131761
1789152126,9,0,0.012,4131761
1789152126,9,0,0.006,4131761
1789152127,9,0,0.011,4131761
1789152127,9,0,0.003,4131761
1789152128,9,0,0.003,4131761
1789152128,9,0,0.004,4131761
1789152128,8,0,0.04,4131761
1789152128,9,0,0.053,4131761
1789152128,9,0,0.05,4131761
1789152128,9,0,0.019,4131761
1789152128,9,0,0.008,4131761
1789152129,9,0,0.015,4131761
1789152129,9,0,0.01,4131761
1789152129,9,0,0.007,4131761
1789152130,9,0,0.016,4131761
1789152130,9,0,0.003,4131761
1789152130,8,0,0.037,4131761
1789152130,9,0,0.013,4131761
1789152130,9,0,0.003,4131761
1789152130,9,0,0.01,4131761
1789152130,9,0,0.007,4131761
1789152130,9,0,0.003,4131761
1789152131,9,0,0.006,4131761
1789152131,9,0,0.006,4131761
1789152131,9,0,0.008,4131761
1789152131,9,0,0.004,4131761
1789152131,9,0,0.009,4131761
1789152131,8,0,0.05,4131761
1789152131,9,0,0.028,4131761
1789152131,9,0,0.003,4131761
1789152132,9,0,0.031,4131761
1789152132,9,0,0.004,4131761
1789152132,9,0,0.023,4131761
1789152132,9,0,0.003,4131761
1789152132,9,0,0.016,4131761
1789152134,9,0,0.011,4131761
1789152134,9,0,0.018,4131761
1789152136,9,0,0.003,4131761
1789152136,8,0,0.044,4131761
1789152136,9,0,0.007,4131761
1789152136,9,0,0.007,4131761
1789152136,9,0,0.018,4131761
1789152137,9,0,0.01,4131761
1789152137,9,0,0.013,4131761
1789152137,9,0,0.003,4131761
1789152137,9,0,0.003,4131761
1789152137,9,0,0.005,4131761
1789152137,9,0,0.006,4131761
1789152138,9,0,0.006,4131761
1789152138,8,0,0.034,4131761
1789152138,9,0,0.021,4131761
1789152138,9,0,0.029,4131761
1789152138,9,0,0.017,4131761
1789152139,9,0,0.003,4131761
1789152139,9,0,0.005,4131761
1789152139,9,0,0.004,4131761
1789152139,9,0,0.003,4131761
1789152139,9,0,0.029,4131761
1789152140,9,0,0.01,4131761
1789152140,9,0,0.007,4131761
1789152140,8,0,0.028,4131761
1789152140,9,0,0.003,4131761
1789152140,9,0,0.003,4131761
1789152140,9,0,0.003,4131761
1789152140,9,0,0.01,4131761
1789152140,9,0,0.005,4131761
1789152141,9,0,0.003,4131761
1789152141,9,0,0.003,4131761
1789152141,9,0,0.004,4131761
1789152142,9,0,0.007,4131761
1789152142,9,0,0.021,4131761
1789152142,8,0,0.049,4131761
1789152142,9,0,0.008,4131761
1789152142,9,0,0.012,4131761
1789152143,9,0,0.003,4131761
1789152143,9,0,0.027,4131761
1789152143,9,0,0.011,4131761
1789152143,9,0,0.005,4131761
1789152144,9,0,0.004,4131761
1789152144,9,0,0.007,4131761
1789152144,9,0,0.006,4131761
1789152144,9,0,0.008,4131761
1789152144,8,0,0.062,4131761
1789152145,9,0,0.003,4131761
1789152145,9,0,0.008,4131761
1789152145,9,0,0.003,4131761
1789152145,9,0,0.007,4131761
1789152145,9,0,0.004,4131761
1789152145,9,0,0.006,4131761
1789152146,9,0,0.003,4131761
1789152147,9,0,0.007,4131761
1789152147,9,0,0.01,4131761
1789152147,9,0,0.004,4131761
1789152147,8,0,0.04,4131761
1789152147,9,0,0.004,4131761
1789152147,9,0,0.006,4131761
1789152147,9,0,0.005,4131761
1789152147,9,0,0.008,4131761
1789152148,9,0,0.011,4131761
1789152148,9,0,0.01,4131761
1789152148,9,0,0.006,4131761
1789152148,9,0,0.005,4131761
1789152148,9,0,0.015,4131761
1789152148,9,0,0.003,4131761
1789152148,8,0,0.03,4131761
1789152148,9,0,0.003,4131761
1789152148,9,0,0.003,4131761
1789152149,9,0,0.003,4131761
1789152149,9,0,0.014,4131761
1789152150,9,0,0.006,4131761
1789152150,9,0,0.009,4131761
1789152150,9,0,0.006,4131761
1789152151,9,0,0.011,4131761
1789152152,9,0,0.006,4131761
1789152152,9,0,0.003,4131761
1789152152,8,0,0.054,4131761
1789152152,9,0,0.007,4131761
1789152152,9,0,0.007,4131761
1789152152,9,0,0.017,4131761
1789152152,9,0,0.015,4131761
1789152152,9,0,0.004,4131761
1789152152,9,0,0.011,4131761
1789152152,9,0,0.005,4131761
1789152153,9,0,0.004,4131761
1789152153,9,0,0.012,4131761
1789152153,9,0,0.005,4131761
1789152153,9,0,0.008,4131761
1789152153,8,0,0.037,4131761
1789152153,9,0,0.016,4131761
1789152153,9,0,0.004,4131761
1789152153,9,0,0.012,4131761
1789152154,9,0,0.003,4131761
1789152154,9,0,0.003,4131761
1789152154,9,0,0.008,4131761
1789152155,9,0,0.005,4131761
1789152155,9,0,0.007,4131761
1789152156,9,0,0.006,4131761
1789152156,8,0,0.051,4131761
1789152156,9,0,0.008,4131761
1789152156,9,0,0.004,4131761
1789152156,9,0,0.004,4131761
1789152156,9,0,0.063,4131761
1789152156,9,0,0.008,4131761
1789152156,9,0,0.019,4131761
1789152157,9,0,0.01,4131761
1789152158,9,0,0.024,4131761
1789152159,9,0,0.034,4131761
1789152159,9,0,0.003,4131761
1789152159,8,0,0.032,4131761
1789152159,9,0,0.003,4131761
1789152159,9,0,0.006,4131761
1789152159,9,0,0.003,4131761
1789152160,9,0,0.003,4131761
1789152160,9,0,0.008,4131761
1789152160,9,0,0.006,4131761
1789152160,9,0,0.009,4131761
1789152161,9,0,0.004,4131761
1789152162,9,0,0.006,4131761
1789152162,9,0,0.004,4131761
1789152162,8,0,0.03,4131761
1789152163,9,0,0.006,4131761
1789152163,9,0,0.006,4131761
1789152163,9,0,0.007,4131761
1789152163,9,0,0.007,4131761
1789152163,9,0,0.028,4131761
1789152163,9,0,0.008,4131761
1789152163,9,0,0.003,4131761
1789152163,9,0,0.004,4131761
1789152163,9,0,0.004,4131761
1789152163,9,0,0.006,4131761
1789152163,9,0,0.014,4131761
1789152163,8,0,0.032,4131761
1789152163,9,0,0.012,4131761
1789152163,9,0,0.033,4131761
1789152163,9,0,0.009,4131761
1789152163,9,0,0.012,4131761
1789152164,9,0,0.004,4131761
1789152164,9,0,0.008,4131761
1789152164,9,0,0.003,4131761
1789152165,9,0,0.009,4131761
1789152165,9,0,0.003,4131761
1789152165,8,0,0.03,4131761
1789152166,9,0,0.021,4131761
1789152166,9,0,0.004,4131761
1789152166,9,0,0.044,4131761
1789152166,9,0,0.02,4131761
1789152166,9,0,0.009,4131761
1789152167,9,0,0.003,4131761
1789152168,9,0,0.031,4131761
1789152168,9,0,0.021,4131761
1789152168,9,0,0.01,4131761
1789152168,9,0,0.003,4131761
1789152168,8,0,0.035,4131761
1789152168,9,0,0.006,4131761
1789152168,9,0,0.007,4131761
1789152168,9,0,0.007,4131761
1789152168,9,0,0.004,4131761
1789152168,9,0,0.003,4131761
1789152168,9,0,0.006,4131761
1789152169,9,0,0.021,4131761
1789152171,9,0,0.004,4131761
1789152171,9,0,0.004,4131761
1789152172,9,0,0.009,4131761
1789152172,8,0,0.041,4131761
1789152172,9,0,0.027,4131761
1789152172,9,0,0.007,4131761
1789152172,9,0,0.004,4131761
1789152172,9,0,0.004,4131761
1789152173,9,0,0.015,4131761
1789152173,9,0,0.004,4131761
1789152174,9,0,0.019,4131761
1789152174,9,0,0.004,4131761
1789152174,9,0,0.011,4131761
1789152174,9,0,0.007,4131761
1789152174,8,0,0.033,4131761
1789152175,9,0,0.011,4131761
1789152175,9,0,0.038,4131761
1789152175,9,0,0.003,4131761
1789152175,9,0,0.003,4131761
1789152175,9,0,0.014,4131761
1789152175,9,0,0.003,4131761
1789152176,9,0,0.004,4131761
1789152176,9,0,0.01,4131761
1789152176,9,0,0.004,4131761
1789152176,9,0,0.003,4131761
1789152176,9,0,0.018,4131761
1789152176,9,0,0.003,4131761
1789152176,8,0,0.041,4131761
1789152176,9,0,0.008,4131761
1789152176,9,0,0.016,4131761
1789152176,9,0,0.003,4131761
1789152176,9,0,0.009,4131761
1789152177,9,0,0.004,4131761
1789152177,9,0,0.007,4131761
1789152177,9,0,0.004,4131761
1789152177,9,0,0.004,4131761
1789152177,8,0,0.044,4131761
1789152177,9,0,0.007,4131761
1789152177,9,0,0.01,4131761
1789152178,9,0,0.017,4131761
1789152178,9,0,0.021,4131761
1789152178,9,0,0.003,4131761
1789152178,9,0,0.006,4131761
1789152178,9,0,0.011,4131761
1789152178,9,0,0.009,4131761
1789152179,9,0,0.005,4131761
1789152179,9,0,0.004,4131761
1789152180,8,0,0.064,4131761
1789152180,9,0,0.018,4131761
1789152180,9,0,0.003,4131761
1789152180,9,0,0.003,4131761
1789152180,9,0,0.004,4131761
1789152181,9,0,0.011,4131761
1789152181,9,0,0.003,4131761
1789152182,9,0,0.004,4131761
1789152182,9,0,0.038,4131761
1789152182,9,0,0.003,4131761
1789152182,9,0,0.011,4131761
1789152182,8,0,0.03,4131761
1789152182,9,0,0.009,4131761
1789152182,9,0,0.004,4131761
1789152182,9,0,0.003,4131761
1789152183,9,0,0.004,4131761
1789152183,9,0,0.005,4131761
1789152184,9,0,0.031,4131761
1789152184,9,0,0.012,4131761
1789152184,9,0,0.032,4131761
1789152185,9,0,0.054,4131761
1789152185,9,0,0.006,4131761
1789152185,9,0,0.041,4131761
1789152185,8,0,0.079,4131761
1789152185,9,0,0.01,4131761
1789152185,9,0,0.003,4131761
1789152186,9,0,0.02,4131761
1789152186,9,0,0.003,4131761
1789152186,9,0,0.004,4131761
1789152186,9,0,0.011,4131761
1789152186,9,0,0.007,4131761
1789152187,9,0,0.031,4131761
1789152187,9,0,0.017,4131761
1789152187,9,0,0.02,4131761
1789152187,9,0,0.012,4131761
1789152187,8,0,0.096,4131761
1789152187,9,0,0.008,4131761
1789152187,9,0,0.004,4131761
1789152187,9,0,0.003,4131761
1789152187,9,0,0.003,4131761
1789152187,9,0,0.003,4131761
1789152188,9,0,0.012,4131761
1789152188,9,0,0.015,4131761
1789152188,9,0,0.008,4131761
1789152188,9,0,0.006,4131761
1789152188,8,0,0.03,4131761
1789152188,9,0,0.006,4131761
1789152189,9,0,0.008,4131761
1789152189,9,0,0.004,4131761
1789152189,9,0,0.004,4131761
1789152189,9,0,0.004,4131761
1789152190,9,0,0.004,4131761
1789152190,9,0,0.017,4131761
1789152190,9,0,0.006,4131761
1789152191,9,0,0.006,4131761
1789152191,8,0,0.047,4131761
1789152191,9,0,0.004,4131761
1789152191,9,0,0.014,4131761
1789152191,9,0,0.019,4131761
1789152191,9,0,0.023,4131761
1789152191,9,0,0.008,4131761
1789152191,9,0,0.006,4131761
1789152192,9,0,0.004,4131761
1789152193,9,0,0.01,4131761
1789152193,9,0,0.006,4131761
1789152194,9,0,0.003,4131761
1789152194,8,0,0.031,4131761
1789152194,9,0,0.003,4131761
1789152194,9,0,0.003,4131761
1789152194,9,0,0.008,4131761
1789152194,9,0,0.035,4131761
1789152194,9,0,0.006,4131761
1789152195,9,0,0.034,4131761
1789152196,9,0,0.014,4131761
1789152197,9,0,0.004,4131761
1789152199,9,0,0.004,4131761
1789152199,9,0,0.007,4131761
1789152199,8,0,0.035,4131761
1789152199,9,0,0.003,4131761
1789152199,9,0,0.004,4131761
1789152199,9,0,0.006,4131761
1789152199,9,0,0.011,4131761
1789152199,9,0,0.009,4131761
1789152199,9,0,0.01,4131761
1789152199,9,0,0.005,4131761
1789152199,9,0,0.013,4131761
1789152200,9,0,0.021,4131761
1789152201,9,0,0.01,4131761
1789152201,8,0,0.037,4131761
1789152201,9,0,0.005,4131761
1789152201,9,0,0.058,4131761
1789152202,9,0,0.02,4131761
1789152202,9,0,0.004,4131761
1789152202,9,0,0.007,4131761
1789152202,9,0,0.009,4131761
1789152202,9,0,0.015,4131761
1789152202,9,0,0.004,4131761
1789152202,9,0,0.012,4131761
1789152203,9,0,0.004,4131761
1789152203,9,0,0.004,4131761
1789152203,8,0,0.034,4131761
1789152203,9,0,0.007,4131761
1789152203,9,0,0.003,4131761
1789152203,9,0,0.003,4131761
1789152203,9,0,0.016,4131761
1789152203,9,0,0.007,4131761
1789152204,9,0,0.004,4131761
1789152204,9,0,0.018,4131761
1789152204,9,0,0.003,4131761
1789152204,9,0,0.003,4131761
1789152204,8,0,0.038,4131761
1789152205,9,0,0.004,4131761
1789152205,9,0,0.01,4131761
1789152205,9,0,0.006,4131761
1789152206,9,0,0.004,4131761
1789152207,9,0,0.008,4131761
1789152207,9,0,0.013,4131761
1789152207,9,0,0.026,4131761
1789152207,9,0,0.008,4131761
1789152208,9,0,0.003,4131761
1789152209,9,0,0.003,4131761
1789152209,8,0,0.047,4131761
1789152209,9,0,0.007,4131761
1789152209,9,0,0.026,4131761
1789152209,9,0,0.004,4131761
1789152209,9,0,0.005,4131761
1789152209,9,0,0.003,4131761
1789152210,9,0,0.031,4131761
1789152210,9,0,0.005,4131761
1789152210,9,0,0.003,4131761
1789152210,9,0,0.018,4131761
1789152210,9,0,0.004,4131761
1789152210,8,0,0.051,4131761
1789152210,9,0,0.006,4131761
1789152210,9,0,0.004,4131761
1789152211,9,0,0.018,4131761
1789152211,9,0,0.045,4131761
1789152211,9,0,0.003,4131761
1789152211,9,0,0.014,4131761
1789152212,9,0,0.004,4131761
1789152212,9,0,0.004,4131761
1789152212,9,0,0.006,4131761
1789152212,9,0,0.004,4131761
1789152212,9,0,0.004,4131761
1789152212,9,0,0.007,4131761
1789152212,8,0,0.039,4131761
1789152213,9,0,0.007,4131761
1789152213,9,0,0.016,4131761
1789152213,9,0,0.003,4131761
1789152214,9,0,0.02,4131761
1789152214,9,0,0.004,4131761
1789152214,9,0,0.014,4131761
1789152214,9,0,0.003,4131761
1789152214,9,0,0.005,4131761
1789152214,8,0,0.037,4131761
1789152215,9,0,0.004,4131761
1789152215,9,0,0.007,4131761
1789152215,9,0,0.003,4131761
1789152215,9,0,0.003,4131761
1789152215,9,0,0.013,4131761
1789152215,9,0,0.003,4131761
1789152215,9,0,0.008,4131761
1789152215,9,0,0.008,4131761
1789152215,9,0,0.003,4131761
1789152215,9,0,0.014,4131761
1789152215,8,0,0.031,4131761
1789152216,9,0,0.006,4131761
1789152216,9,0,0.014,4131761
1789152216,9,0,0.003,4131761
1789152216,9,0,0.01,4131761
1789152216,9,0,0.014,4131761
1789152217,9,0,0.011,4131761
1789152217,9,0,0.008,4131761
1789152217,9,0,0.004,4131761
1789152217,9,0,0.006,4131761
1789152217,9,0,0.013,4131761
1789152217,8,0,0.036,4131761
1789152217,9,0,0.003,4131761
1789152218,9,0,0.019,4131761
1789152218,9,0,0.032,4131761
1789152218,9,0,0.002,4131761
1789152218,9,0,0.016,4131761
1789152218,9,0,0.003,4131761
1789152218,9,0,0.004,4131761
1789152218,9,0,0.008,4131761
1789152218,9,0,0.01,4131761
1789152218,9,0,0.004,4131761
1789152218,8,0,0.029,4131761
1789152218,9,0,0.004,4131761
1789152219,9,0,0.008,4131761
1789152219,9,0,0.008,4131761
1789152219,9,0,0.004,4131761
1789152219,9,0,0.016,4131761
1789152220,9,0,0.004,4131761
1789152220,9,0,0.005,4131761
1789152220,9,0,0.004,4131761
1789152220,9,0,0.005,4131761
1789152220,9,0,0.01,4131761
1789152220,8,0,0.051,4131761
1789152220,9,0,0.006,4131761
1789152220,9,0,0.017,4131761
1789152220,9,0,0.005,4131761
1789152220,9,0,0.006,4131761
1789152220,9,0,0.006,4131761
1789152221,9,0,0.013,4131761
1789152221,9,0,0.018,4131761
1789152221,9,0,0.02,4131761
1789152221,9,0,0.003,4131761
1789152221,9,0,0.011,4131761
1789152221,8,0,0.031,4131761
1789152222,9,0,0.007,4131761
1789152222,9,0,0.009,4131761
1789152222,9,0,0.008,4131761
1789152222,9,0,0.021,4131761
1789152223,9,0,0.011,4131761
1789152223,9,0,0.003,4131761
1789152224,9,0,0.023,4131761
1789152225,9,0,0.006,4131761
1789152225,9,0,0.008,4131761
1789152225,9,0,0.019,4131761
1789152225,8,0,0.042,4131761
1789152225,9,0,0.005,4131761
1789152225,9,0,0.005,4131761
1789152226,9,0,0.01,4131761
1789152226,9,0,0.011,4131761
1789152226,9,0,0.01,4131761
1789152226,9,0,0.003,4131761
1789152226,9,0,0.017,4131761
1789152226,9,0,0.003,4131761
1789152227,9,0,0.015,4131761
1789152227,9,0,0.004,4131761
1789152227,9,0,0.009,4131761
1789152227,8,0,0.035,4131761
1789152227,9,0,0.009,4131761
1789152227,9,0,0.004,4131761
1789152227,9,0,0.046,4131761
1789152228,9,0,0.006,4131761
1789152228,9,0,0.006,4131761
1789152228,9,0,0.027,4131761
1789152229,9,0,0.003,4131761
1789152229,9,0,0.003,4131761
1789152229,9,0,0.018,4131761
1789152229,8,0,0.051,4131761
1789152229,9,0,0.01,4131761
1789152229,9,0,0.028,4131761
1789152230,9,0,0.012,4131761
1789152230,9,0,0.009,4131761
1789152230,9,0,0.011,4131761
1789152230,9,0,0.007,4131761
1789152230,9,0,0.006,4131761
1789152231,9,0,0.009,4131761
1789152231,9,0,0.004,4131761
1789152231,9,0,0.006,4131761
1789152231,9,0,0.006,4131761
1789152231,8,0,0.038,4131761
1789152231,9,0,0.013,4131761
1789152231,9,0,0.008,4131761
1789152231,9,0,0.02,4131761
1789152232,9,0,0.006,4131761
1789152232,9,0,0.003,4131761
1789152232,9,0,0.003,4131761
1789152232,9,0,0.009,4131761
1789152232,9,0,0.003,4131761
1789152232,9,0,0.011,4131761
1789152232,8,0,0.029,4131761
1789152232,9,0,0.006,4131761
1789152232,9,0,0.012,4131761
1789152233,9,0,0.003,4131761
1789152233,9,0,0.003,4131761
1789152233,9,0,0.006,4131761
1789152233,9,0,0.009,4131761
1789152233,9,0,0.003,4131761
1789152233,9,0,0.014,4131761
1789152234,9,0,0.006,4131761
1789152235,9,0,0.016,4131761
1789152235,8,0,0.05,4131761
1789152235,9,0,0.015,4131761
1789152235,9,0,0.005,4131761
1789152235,9,0,0.007,4131761
1789152235,9,0,0.003,4131761
1789152236,9,0,0.035,4131761
1789152236,9,0,0.004,4131761
1789152237,9,0,0.003,4131761
1789152237,9,0,0.005,4131761
1789152237,9,0,0.01,4131761
1789152237,9,0,0.003,4131761
1789152237,8,0,0.037,4131761
1789152237,9,0,0.003,4131761
1789152237,9,0,0.003,4131761
1789152237,9,0,0.009,4131761
1789152238,9,0,0.008,4131761
1789152238,9,0,0.018,4131761
1789152238,9,0,0.034,4131761
1789152238,9,0,0.003,4131761
1789152238,9,0,0.006,4131761
1789152238,9,0,0.021,4131761
1789152238,9,0,0.023,4131761
1789152238,8,0,0.037,4131761
1789152238,9,0,0.01,4131761
1789152238,9,0,0.01,4131761
1789152238,9,0,0.021,4131761
1789152239,9,0,0.021,4131761
1789152239,9,0,0.018,4131761
1789152239,9,0,0.012,4131761
1789152239,9,0,0.003,4131761
1789152240,9,0,0.015,4131761
1789152240,9,0,0.004,4131761
1789152241,9,0,0.006,4131761
1789152241,8,0,0.032,4131761
1789152242,9,0,0.018,4131761
1789152242,9,0,0.003,4131761
1789152242,9,0,0.015,4131761
1789152242,9,0,0.003,4131761
1789152243,9,0,0.003,4131761
1789152243,9,0,0.006,4131761
1789152243,9,0,0.006,4131761
1789152244,9,0,0.003,4131761
1789152244,9,0,0.01,4131761
1789152244,9,0,0.019,4131761
1789152244,8,0,0.037,4131761
1789152244,9,0,0.008,4131761
1789152244,9,0,0.007,4131761
1789152244,9,0,0.005,4131761
1789152245,9,0,0.013,4131761
1789152245,9,0,0.012,4131761
1789152245,9,0,0.008,4131761
1789152245,9,0,0.014,4131761
1789152245,9,0,0.003,4131761
1789152245,9,0,0.015,4131761
1789152245,9,0,0.011,4131761
1789152245,8,0,0.039,4131761
1789152246,9,0,0.004,4131761
1789152246,9,0,0.003,4131761
1789152246,9,0,0.005,4131761
1789152246,9,0,0.009,4131761
1789152247,9,0,0.013,4131761
1789152247,9,0,0.014,4131761
1789152247,9,0,0.029,4131761
1789152248,9,0,0.017,4131761
1789152248,9,0,0.004,4131761
1789152249,9,0,0.004,4131761
1789152249,9,0,0.004,4131761
1789152249,9,0,0.015,4131761
1789152249,9,0,0.004,4131761
1789152249,8,0,0.048,4131761
1789152249,9,0,0.009,4131761
1789152249,9,0,0.015,4131761
1789152249,9,0,0.024,4131761
1789152249,9,0,0.014,4131761
1789152249,9,0,0.01,4131761
1789152249,9,0,0.021,4131761
1789152250,9,0,0.003,4131761
1789152250,9,0,0.018,4131761
1789152250,8,0,0.055,4131761
1789152250,9,0,0.035,4131761
1789152250,9,0,0.006,4131761
1789152250,9,0,0.009,4131761
1789152250,9,0,0.011,4131761
1789152250,9,0,0.007,4131761
1789152250,9,0,0.007,4131761
1789152250,9,0,0.004,4131761
1789152250,9,0,0.009,4131761
1789152250,9,0,0.008,4131761
1789152250,8,0,0.029,4131761
1789152251,9,0,0.003,4131761
1789152251,9,0,0.01,4131761
1789152252,9,0,0.004,4131761
1789152253,9,0,0.033,4131761
1789152253,9,0,0.014,4131761
1789152253,9,0,0.003,4131761
1789152253,9,0,0.003,4131761
1789152254,9,0,0.006,4131761
1789152255,9,0,0.005,4131761
1789152255,9,0,0.007,4131761
1789152255,8,0,0.041,4131761
1789152255,9,0,0.005,4131761
1789152255,9,0,0.004,4131761
1789152255,9,0,0.007,4131761
1789152255,9,0,0.003,4131761
1789152256,9,0,0.081,4131761
1789152256,9,0,0.006,4131761
1789152256,9,0,0.005,4131761
1789152256,9,0,0.004,4131761
1789152256,9,0,0.003,4131761
1789152257,9,0,0.015,4131761
1789152257,8,0,0.035,4131761
1789152257,9,0,0.003,4131761
1789152257,9,0,0.018,4131761
1789152257,9,0,0.01,4131761
1789152257,9,0,0.009,4131761
1789152257,9,0,0.005,4131761
1789152258,9,0,0.004,4131761
1789152258,9,0,0.003,4131761
1789152258,9,0,0.004,4131761
1789152258,9,0,0.006,4131761
1789152258,9,0,0.004,4131761
1789152258,8,0,0.039,4131761
1789152258,9,0,0.005,4131761
1789152259,9,0,0.006,4131761
1789152259,9,0,0.004,4131761
1789152259,9,0,0.009,4131761
1789152259,9,0,0.04,4131761
1789152260,9,0,0.004,4131761
1789152260,9,0,0.007,4131761
1789152260,9,0,0.024,4131761
1789152261,9,0,0.012,4131761
1789152261,9,0,0.003,4131761
1789152261,8,0,0.029,4131761
1789152261,9,0,0.004,4131761
1789152261,9,0,0.006,4131761
1789152261,9,0,0.003,4131761
1789152261,9,0,0.004,4131761
1789152261,9,0,0.003,4131761
1789152261,9,0,0.02,4131761
1789152262,9,0,0.013,4131761
1789152262,9,0,0.011,4131761
1789152263,9,0,0.005,4131761
1789152263,9,0,0.01,4131761
1789152263,8,0,0.047,4131761
1789152263,9,0,0.003,4131761
1789152263,9,0,0.003,4131761
1789152263,9,0,0.003,4131761
1789152264,9,0,0.003,4131761
1789152264,9,0,0.006,4131761
1789152264,9,0,0.019,4131761
1789152264,9,0,0.003,4131761
1789152264,9,0,0.003,4131761
1789152264,9,0,0.043,4131761
1789152265,9,0,0.003,4131761
1789152265,8,0,0.04,4131761
1789152265,9,0,0.007,4131761
1789152265,9,0,0.031,4131761
1789152265,9,0,0.004,4131761
1789152265,9,0,0.008,4131761
1789152265,9,0,0.01,4131761
1789152265,9,0,0.005,4131761
1789152266,9,0,0.003,4131761
1789152267,9,0,0.033,4131761
1789152267,9,0,0.003,4131761
1789152268,9,0,0.004,4131761
1789152268,8,0,0.034,4131761
1789152268,9,0,0.011,4131761
1789152268,9,0,0.004,4131761
1789152268,9,0,0.023,4131761
1789152268,9,0,0.02,4131761
1789152268,9,0,0.004,4131761
1789152269,9,0,0.008,4131761
1789152269,9,0,0.025,4131761
1789152269,9,0,0.007,4131761
1789152269,9,0,0.005,4131761
1789152270,9,0,0.003,4131761
1789152270,8,0,0.053,4131761
1789152270,9,0,0.004,4131761
1789152270,9,0,0.011,4131761
1789152270,9,0,0.01,4131761
1789152270,9,0,0.003,4131761
1789152270,9,0,0.016,4131761
1789152270,9,0,0.004,4131761
1789152271,9,0,0.007,4131761
1789152271,9,0,0.006,4131761
1789152271,9,0,0.003,4131761
1789152271,9,0,0.012,4131761
1789152271,8,0,0.035,4131761
1789152271,9,0,0.003,4131761
1789152271,9,0,0.042,4131761
1789152271,9,0,0.003,4131761
1789152271,9,0,0.042,4131761
1789152271,9,0,0.01,4131761
1789152271,9,0,0.003,4131761
1789152271,9,0,0.007,4131761
1789152271,9,0,0.003,4131761
1789152271,9,0,0.006,4131761
1789152272,9,0,0.014,4131761
1789152272,8,0,0.04,4131761
1789152272,9,0,0.003,4131761
1789152272,9,0,0.003,4131761
1789152272,9,0,0.012,4131761
1789152273,9,0,0.007,4131761
1789152273,9,0,0.005,4131761
1789152274,9,0,0.004,4131761
1789152275,9,0,0.004,4131761
1789152275,9,0,0.013,4131761
1789152276,9,0,0.009,4131761
1789152276,9,0,0.008,4131761
1789152276,8,0,0.057,4131761
1789152276,9,0,0.003,4131761
1789152276,9,0,0.006,4131761
1789152276,9,0,0.014,4131761
1789152276,9,0,0.011,4131761
1789152276,9,0,0.003,4131761
1789152276,9,0,0.003,4131761
1789152276,9,0,0.029,4131761
1789152277,9,0,0.012,4131761
1789152277,9,0,0.003,4131761
1789152277,9,0,0.026,4131761
1789152277,8,0,0.05,4131761
1789152277,9,0,0.006,4131761
1789152277,9,0,0.003,4131761
1789152277,9,0,0.014,4131761
1789152277,9,0,0.013,4131761
1789152277,9,0,0.003,4131761
1789152278,9,0,0.019,4131761
1789152278,9,0,0.003,4131761
1789152278,9,0,0.003,4131761
1789152278,9,0,0.016,4131761
1789152278,9,0,0.004,4131761
1789152278,8,0,0.043,4131761
1789152278,9,0,0.007,4131761
1789152279,9,0,0.007,4131761
1789152279,9,0,0.091,4131761
1789152280,9,0,0.005,4131761
1789152280,9,0,0.007,4131761
1789152281,9,0,0.012,4131761
1789152281,9,0,0.003,4131761
1789152281,9,0,0.011,4131761
1789152282,9,0,0.033,4131761
1789152282,9,0,0.006,4131761
1789152282,8,0,0.065,4131761
1789152282,9,0,0.003,4131761
1789152282,9,0,0.016,4131761
1789152282,9,0,0.008,4131761
1789152282,9,0,0.011,4131761
1789152282,9,0,0.025,4131761
1789152282,9,0,0.003,4131761
1789152282,9,0,0.003,4131761
1789152282,9,0,0.003,4131761
1789152282,9,0,0.01,4131761
1789152283,9,0,0.017,4131761
1789152283,8,0,0.04,4131761
1789152283,9,0,0.005,4131761
1789152283,9,0,0.003,4131761
1789152283,9,0,0.003,4131761
1789152283,9,0,0.006,4131761
1789152283,9,0,0.008,4131761
1789152284,9,0,0.004,4131761
1789152284,9,0,0.013,4131761
1789152284,9,0,0.007,4131761
1789152284,9,0,0.01,4131761
1789152284,9,0,0.004,4131761
1789152284,9,0,0.011,4131761
1789152284,8,0,0.04,4131761
1789152284,9,0,0.018,4131761
1789152284,9,0,0.008,4131761
1789152284,9,0,0.003,4131761
1789152284,9,0,0.007,4131761
1789152284,9,0,0.004,4131761
1789152285,9,0,0.003,4131761
1789152285,9,0,0.021,4131761
1789152285,9,0,0.007,4131761
1789152285,9,0,0.003,4131761
1789152286,8,0,0.032,4131761
1789152286,9,0,0.004,4131761
1789152286,9,0,0.006,4131761
1789152287,9,0,0.018,4131761
1789152287,9,0,0.004,4131761
1789152287,9,0,0.01,4131761
1789152288,9,0,0.004,4131761
1789152288,9,0,0.003,4131761
1789152288,9,0,0.003,4131761
1789152288,9,0,0.011,4131761
1789152288,9,0,0.007,4131761
1789152288,8,0,0.035,4131761
1789152289,9,0,0.025,4131761
1789152289,9,0,0.1,4131761
1789152290,9,0,0.016,4131761
1789152290,9,0,0.01,4131761
1789152290,9,0,0.019,4131761
1789152290,9,0,0.003,4131761
1789152290,9,0,0.028,4131761
1789152291,9,0,0.009,4131761
1789152292,9,0,0.013,4131761
1789152292,9,0,0.016,4131761
1789152292,8,0,0.056,4131761
1789152292,9,0,0.006,4131761
1789152292,9,0,0.007,4131761
1789152292,9,0,0.008,4131761
1789152292,9,0,0.016,4131761
1789152292,9,0,0.03,4131761
1789152292,9,0,0.003,4131761
1789152293,9,0,0.003,4131761
1789152293,9,0,0.004,4131761
1789152293,9,0,0.017,4131761
1789152294,9,0,0.008,4131761
1789152294,8,0,0.029,4131761
1789152294,9,0,0.003,4131761
1789152295,9,0,0.004,4131761
1789152295,9,0,0.019,4131761
1789152296,9,0,0.003,4131761
1789152296,9,0,0.014,4131761
1789152297,9,0,0.015,4131761
1789152298,9,0,0.009,4131761
1789152298,9,0,0.003,4131761
1789152298,9,0,0.013,4131761
1789152299,9,0,0.003,4131761
1789152299,8,0,0.038,4131761
1789152299,9,0,0.004,4131761
1789152299,9,0,0.009,4131761
1789152299,9,0,0.005,4131761
1789152299,9,0,0.009,4131761
1789152299,9,0,0.005,4131761
1789152300,9,0,0.015,4131761
1789152300,9,0,0.009,4131761
1789152300,9,0,0.01,4131761
1789152300,9,0,0.003,4131761
1789152300,9,0,0.01,4131761
1789152300,8,0,0.032,4131761
1789152300,9,0,0.005,4131761
1789152301,9,0,0.048,4131761
1789152301,9,0,0.012,4131761
1789152301,9,0,0.003,4131761
1789152301,9,0,0.03,4131761
1789152302,9,0,0.014,4131761
1789152303,9,0,0.02,4131761
1789152304,9,0,0.014,4131761
1789152304,9,0,0.003,4131761
1789152304,9,0,0.003,4131761
1789152304,8,0,0.037,4131761
1789152304,9,0,0.009,4131761
1789152304,9,0,0.013,4131761
1789152304,9,0,0.012,4131761
1789152304,9,0,0.003,4131761
1789152305,9,0,0.003,4131761
1789152305,9,0,0.003,4131761
1789152305,9,0,0.012,4131761
1789152306,9,0,0.014,4131761
1789152306,9,0,0.016,4131761
1789152306,9,0,0.003,4131761
1789152306,8,0,0.049,4131761
1789152306,9,0,0.018,4131761
1789152306,9,0,0.016,4131761
1789152306,9,0,0.022,4131761
1789152306,9,0,0.007,4131761
1789152306,9,0,0.003,4131761
1789152307,9,0,0.003,4131761
1789152307,9,0,0.007,4131761
1789152307,9,0,0.006,4131761
1789152307,9,0,0.036,4131761
1789152308,9,0,0.006,4131761
1789152308,8,0,0.071,4131761
1789152308,9,0,0.015,4131761
1789152308,9,0,0.004,4131761
1789152308,9,0,0.003,4131761
1789152308,9,0,0.019,4131761
1789152308,9,0,0.003,4131761
1789152308,9,0,0.004,4131761
1789152308,9,0,0.008,4131761
1789152308,9,0,0.011,4131761
1789152308,9,0,0.003,4131761
1789152308,9,0,0.008,4131761
1789152308,8,0,0.032,4131761
1789152309,9,0,0.012,4131761
1789152309,9,0,0.021,4131761
1789152310,9,0,0.003,4131761
1789152311,9,0,0.005,4131761
1789152311,9,0,0.003,4131761
1789152311,9,0,0.003,4131761
1789152311,9,0,0.007,4131761
1789152311,9,0,0.003,4131761
1789152312,9,0,0.014,4131761
1789152312,9,0,0.013,4131761
1789152312,9,0,0.005,4131761
1789152312,8,0,0.045,4131761
1789152312,9,0,0.012,4131761
1789152312,9,0,0.012,4131761
1789152312,9,0,0.003,4131761
1789152312,9,0,0.007,4131761
1789152312,9,0,0.004,4131761
1789152312,9,0,0.003,4131761
1789152313,9,0,0.004,4131761
1789152313,9,0,0.004,4131761
1789152313,9,0,0.01,4131761
1789152313,8,0,0.036,4131761
1789152313,9,0,0.017,4131761
1789152313,9,0,0.004,4131761
1789152314,9,0,0.005,4131761
1789152314,9,0,0.007,4131761
1789152314,9,0,0.003,4131761
1789152314,9,0,0.009,4131761
1789152314,9,0,0.008,4131761
1789152315,9,0,0.012,4131761
1789152315,9,0,0.008,4131761
1789152316,9,0,0.006,4131761
1789152316,8,0,0.062,4131761
1789152316,9,0,0.009,4131761
1789152316,9,0,0.011,4131761
1789152316,9,0,0.003,4131761
1789152316,9,0,0.004,4131761
1789152317,9,0,0.012,4131761
1789152317,9,0,0.007,4131761
1789152317,9,0,0.007,4131761
1789152317,9,0,0.023,4131761
1789152318,9,0,0.005,4131761
1789152318,9,0,0.006,4131761
1789152318,8,0,0.064,4131761
1789152318,9,0,0.007,4131761
1789152318,9,0,0.005,4131761
1789152318,9,0,0.005,4131761
1789152318,9,0,0.015,4131761
1789152318,9,0,0.018,4131761
1789152318,9,0,0.032,4131761
1789152319,9,0,0.017,4131761
1789152319,9,0,0.017,4131761
1789152319,9,0,0.009,4131761
1789152319,9,0,0.004,4131761
1789152319,8,0,0.044,4131761
1789152319,9,0,0.007,4131761
1789152319,9,0,0.007,4131761
1789152320,9,0,0.022,4131761
1789152320,9,0,0.007,4131761
1789152320,9,0,0.011,4131761
1789152320,9,0,0.01,4131761
1789152320,9,0,0.01,4131761
1789152320,9,0,0.003,4131761
1789152320,9,0,0.012,4131761
1789152320,9,0,0.003,4131761
1789152320,8,0,0.031,4131761
1789152320,9,0,0.01,4131761
1789152320,9,0,0.008,4131761
1789152320,9,0,0.008,4131761
1789152321,9,0,0.005,4131761
1789152321,9,0,0.004,4131761
1789152321,9,0,0.023,4131761
1789152321,9,0,0.003,4131761
1789152321,9,0,0.004,4131761
1789152321,9,0,0.006,4131761
1789152321,9,0,0.008,4131761
1789152321,8,0,0.033,4131761
1789152322,9,0,0.004,4131761
1789152322,9,0,0.019,4131761
1789152322,9,0,0.008,4131761
1789152322,9,0,0.004,4131761
1789152322,9,0,0.04,4131761
1789152322,9,0,0.007,4131761
1789152323,9,0,0.007,4131761
1789152323,9,0,0.011,4131761
1789152323,9,0,0.011,4131761
1789152323,9,0,0.009,4131761
1789152323,8,0,0.033,4131761
1789152324,9,0,0.005,4131761
1789152324,9,0,0.003,4131761
1789152324,9,0,0.007,4131761
1789152324,9,0,0.005,4131761
1789152325,9,0,0.018,4131761
1789152325,9,0,0.007,4131761
1789152325,9,0,0.008,4131761
1789152326,9,0,0.004,4131761
1789152327,9,0,0.007,4131761
1789152328,9,0,0.004,4131761
1789152328,8,0,0.042,4131761
1789152328,9,0,0.011,4131761
1789152328,9,0,0.014,4131761
1789152328,9,0,0.004,4131761
1789152329,9,0,0.006,4131761
1789152329,9,0,0.016,4131761
1789152329,9,0,0.005,4131761
1789152329,9,0,0.003,4131761
1789152330,9,0,0.003,4131761
1789152330,9,0,0.011,4131761
1789152331,9,0,0.008,4131761
1789152331,9,0,0.006,4131761
1789152331,8,0,0.032,4131761
1789152331,9,0,0.006,4131761
1789152331,9,0,0.006,4131761
1789152331,9,0,0.006,4131761
1789152331,9,0,0.007,4131761
1789152331,9,0,0.003,4131761
1789152331,9,0,0.01,4131761
1789152332,9,0,0.013,4131761
1789152333,9,0,0.005,4131761
1789152333,9,0,0.008,4131761
1789152333,8,0,0.033,4131761
1789152333,9,0,0.003,4131761
1789152333,9,0,0.009,4131761
1789152333,9,0,0.006,4131761
1789152333,9,0,0.003,4131761
1789152333,9,0,0.003,4131761
1789152334,9,0,0.004,4131761
1789152334,9,0,0.013,4131761
1789152334,9,0,0.049,4131761
1789152334,9,0,0.003,4131761
1789152334,9,0,0.003,4131761
1789152334,9,0,0.006,4131761
1789152334,8,0,0.031,4131761
1789152334,9,0,0.006,4131761
1789152335,9,0,0.003,4131761
1789152335,9,0,0.022,4131761
1789152336,9,0,0.012,4131761
1789152336,9,0,0.009,4131761
1789152337,9,0,0.032,4131761
1789152337,9,0,0.004,4131761
1789152337,9,0,0.01,4131761
1789152338,9,0,0.013,4131761
1789152338,8,0,0.032,4131761
1789152338,9,0,0.018,4131761
1789152338,9,0,0.003,4131761
1789152339,9,0,0.002,4131761
1789152339,9,0,0.004,4131761
1789152340,9,0,0.005,4131761
1789152340,9,0,0.003,4131761
1789152341,9,0,0.028,4131761
1789152341,9,0,0.015,4131761
1789152341,9,0,0.004,4131761
1789152342,9,0,0.018,4131761
1789152342,8,0,0.064,4131761
1789152343,9,0,0.007,4131761
1789152343,9,0,0.004,4131761
1789152343,9,0,0.025,4131761
1789152343,9,0,0.018,4131761
1789152343,9,0,0.006,4131761
1789152343,9,0,0.005,4131761
1789152343,9,0,0.003,4131761
1789152344,9,0,0.013,4131761
1789152344,9,0,0.005,4131761
1789152344,9,0,0.006,4131761
1789152344,8,0,0.036,4131761
1789152344,9,0,0.007,4131761
1789152344,9,0,0.004,4131761
1789152344,9,0,0.009,4131761
1789152344,9,0,0.017,4131761
1789152344,9,0,0.003,4131761
1789152345,9,0,0.006,4131761
1789152345,9,0,0.005,4131761
1789152345,9,0,0.009,4131761
1789152346,9,0,0.014,4131761
1789152346,9,0,0.017,4131761
1789152346,9,0,0.011,4131761
1789152346,8,0,0.062,4131761
1789152346,9,0,0.01,4131761
1789152346,9,0,0.007,4131761
1789152346,9,0,0.004,4131761
1789152346,9,0,0.003,4131761
1789152346,9,0,0.003,4131761
1789152347,9,0,0.01,4131761
1789152347,9,0,0.003,4131761
1789152347,9,0,0.007,4131761
1789152347,9,0,0.004,4131761
1789152347,8,0,0.034,4131761
1789152347,9,0,0.004,4131761
1789152347,9,0,0.004,4131761
1789152347,9,0,0.008,4131761
1789152348,9,0,0.008,4131761
1789152348,9,0,0.014,4131761
1789152348,9,0,0.003,4131761
1789152348,9,0,0.004,4131761
1789152348,9,0,0.015,4131761
1789152349,9,0,0.031,4131761
1789152349,9,0,0.006,4131761
1789152349,9,0,0.011,4131761
1789152349,8,0,0.033,4131761
1789152349,9,0,0.003,4131761
1789152349,9,0,0.006,4131761
1789152349,9,0,0.009,4131761
1789152349,9,0,0.003,4131761
1789152349,9,0,0.005,4131761
1789152349,9,0,0.004,4131761
1789152350,9,0,0.014,4131761
1789152350,9,0,0.008,4131761
1789152350,9,0,0.004,4131761
1789152350,8,0,0.031,4131761
1789152350,9,0,0.007,4131761
1789152350,9,0,0.005,4131761
1789152351,9,0,0.003,4131761
1789152351,9,0,0.004,4131761
1789152351,9,0,0.004,4131761
1789152351,9,0,0.004,4131761
1789152351,9,0,0.009,4131761
1789152351,9,0,0.005,4131761
1789152351,9,0,0.004,4131761
1789152352,9,0,0.007,4131761
1789152352,8,0,0.036,4131761
1789152353,9,0,0.009,4131761
1789152353,9,0,0.012,4131761
1789152353,9,0,0.024,4131761
1789152353,9,0,0.008,4131761
1789152353,9,0,0.01,4131761
1789152353,9,0,0.006,4131761
1789152353,9,0,0.009,4131761
1789152354,9,0,0.012,4131761
1789152354,9,0,0.003,4131761
1789152354,9,0,0.01,4131761
1789152354,8,0,0.033,4131761
1789152355,9,0,0.011,4131761
1789152355,9,0,0.003,4131761
1789152355,9,0,0.008,4131761
1789152356,9,0,0.014,4131761
1789152356,9,0,0.007,4131761
1789152356,9,0,0.008,4131761
1789152356,9,0,0.021,4131761
1789152357,9,0,0.004,4131761
1789152358,9,0,0.003,4131761
1789152358,9,0,0.003,4131761
1789152358,9,0,0.003,4131761
1789152358,8,0,0.054,4131761
1789152358,9,0,0.004,4131761
1789152358,9,0,0.004,4131761
1789152359,9,0,0.02,4131761
1789152359,9,0,0.014,4131761
1789152359,9,0,0.035,4131761
1789152359,9,0,0.034,4131761
1789152359,9,0,0.017,4131761
1789152359,9,0,0.004,4131761
1789152359,9,0,0.004,4131761
1789152359,9,0,0.007,4131761
1789152359,8,0,0.039,4131761
1789152359,9,0,0.01,4131761
1789152359,9,0,0.003,4131761
1789152359,9,0,0.004,4131761
1789152360,9,0,0.006,4131761
1789152360,9,0,0.003,4131761
1789152360,9,0,0.039,4131761
1789152360,9,0,0.016,4131761
1789152361,9,0,0.004,4131761
1789152362,9,0,0.006,4131761
1789152362,8,0,0.073,4131761
1789152362,9,0,0.006,4131761
1789152363,9,0,0.003,4131761
1789152363,9,0,0.007,4131761
1789152363,9,0,0.004,4131761
1789152364,9,0,0.003,4131761
1789152364,9,0,0.003,4131761
1789152365,9,0,0.01,4131761
1789152365,9,0,0.004,4131761
1789152365,9,0,0.003,4131761
1789152366,9,0,0.046,4131761
1789152366,8,0,0.061,4131761
1789152366,9,0,0.017,4131761
1789152366,9,0,0.003,4131761
1789152366,9,0,0.023,4131761
1789152366,9,0,0.06,4131761
1789152366,9,0,0.006,4131761
1789152366,9,0,0.011,4131761
1789152366,9,0,0.016,4131761
1789152367,9,0,0.004,4131761
1789152368,9,0,0.008,4131761
1789152368,9,0,0.004,4131761
1789152368,8,0,0.032,4131761
1789152369,9,0,0.032,4131761
1789152369,9,0,0.005,4131761
1789152369,9,0,0.013,4131761
1789152369,9,0,0.009,4131761
1789152369,9,0,0.006,4131761
1789152370,9,0,0.004,4131761
1789152370,9,0,0.005,4131761
1789152371,9,0,0.004,4131761
1789152371,9,0,0.004,4131761
1789152371,9,0,0.003,4131761
1789152371,8,0,0.044,4131761
1789152372,9,0,0.014,4131761
1789152372,9,0,0.025,4131761
1789152372,9,0,0.006,4131761
1789152372,9,0,0.004,4131761
1789152372,9,0,0.003,4131761
1789152373,9,0,0.006,4131761
1789152374,9,0,0.009,4131761
1789152374,9,0,0.01,4131761
1789152374,9,0,0.021,4131761
1789152375,9,0,0.008,4131761
1789152375,9,0,0.008,4131761
1789152375,9,0,0.026,4131761
1789152375,8,0,0.051,4131761
1789152375,9,0,0.007,4131761
1789152375,9,0,0.005,4131761
1789152375,9,0,0.004,4131761
1789152375,9,0,0.003,4131761
1789152375,9,0,0.009,4131761
1789152375,9,0,0.03,4131761
1789152375,9,0,0.007,4131761
1789152375,9,0,0.003,4131761
1789152375,8,0,0.03,4131761
1789152375,9,0,0.004,4131761
1789152376,9,0,0.004,4131761
1789152376,9,0,0.02,4131761
1789152376,9,0,0.009,4131761
1789152376,9,0,0.021,4131761
1789152376,9,0,0.004,4131761
1789152376,9,0,0.004,4131761
1789152377,9,0,0.011,4131761
1789152378,9,0,0.004,4131761
1789152378,9,0,0.02,4131761
1789152378,8,0,0.042,4131761
1789152379,9,0,0.005,4131761
1789152379,9,0,0.014,4131761
1789152379,9,0,0.019,4131761
1789152381,9,0,0.009,4131761
1789152382,9,0,0.012,4131761
1789152382,9,0,0.008,4131761
1789152382,9,0,0.013,4131761
1789152384,9,0,0.021,4131761
1789152384,9,0,0.008,4131761
1789152385,9,0,0.014,4131761
1789152385,8,0,0.051,4131761
1789152385,9,0,0.006,4131761
1789152385,9,0,0.01,4131761
1789152385,9,0,0.004,4131761
1789152385,9,0,0.008,4131761
1789152385,9,0,0.006,4131761
1789152385,9,0,0.006,4131761
1789152385,9,0,0.01,4131761
1789152385,9,0,0.003,4131761
1789152385,9,0,0.004,4131761
1789152386,9,0,0.004,4131761
1789152386,8,0,0.062,4131761
1789152386,9,0,0.003,4131761
1789152386,9,0,0.008,4131761
1789152386,9,0,0.003,4131761
1789152386,9,0,0.009,4131761
1789152387,9,0,0.003,4131761
1789152387,9,0,0.007,4131761
1789152387,9,0,0.024,4131761
1789152387,9,0,0.016,4131761
1789152387,9,0,0.015,4131761
1789152387,9,0,0.02,4131761
1789152387,8,0,0.042,4131761
1789152387,9,0,0.025,4131761
1789152387,9,0,0.006,4131761
1789152388,9,0,0.018,4131761
1789152388,9,0,0.019,4131761
1789152389,9,0,0.004,4131761
1789152389,9,0,0.011,4131761
1789152389,9,0,0.006,4131761
1789152389,9,0,0.008,4131761
1789152389,9,0,0.011,4131761
1789152389,9,0,0.047,4131761
1789152389,8,0,0.034,4131761
1789152389,9,0,0.026,4131761
1789152389,9,0,0.003,4131761
1789152389,9,0,0.003,4131761
1789152390,9,0,0.003,4131761
1789152390,9,0,0.005,4131761
1789152390,9,0,0.004,4131761
1789152390,9,0,0.003,4131761
1789152390,9,0,0.023,4131761
1789152390,9,0,0.012,4131761
1789152390,9,0,0.011,4131761
1789152390,8,0,0.059,4131761
1789152390,9,0,0.021,4131761
1789152391,9,0,0.049,4131761
1789152391,9,0,0.004,4131761
1789152391,9,0,0.004,4131761
1789152391,9,0,0.015,4131761
1789152391,9,0,0.003,4131761
1789152392,9,0,0.004,4131761
1789152392,9,0,0.016,4131761
1789152392,9,0,0.005,4131761
1789152392,9,0,0.008,4131761
1789152392,8,0,0.038,4131761
1789152392,9,0,0.006,4131761
1789152392,9,0,0.003,4131761
1789152392,9,0,0.009,4131761
1789152392,9,0,0.004,4131761
1789152392,9,0,0.004,4131761
1789152393,9,0,0.005,4131761
1789152393,9,0,0.013,4131761
1789152393,9,0,0.003,4131761
1789152393,9,0,0.008,4131761
1789152394,9,0,0.004,4131761
1789152394,8,0,0.04,4131761
1789152394,9,0,0.004,4131761
1789152394,9,0,0.004,4131761
1789152394,9,0,0.016,4131761
1789152394,9,0,0.01,4131761
1789152395,9,0,0.012,4131761
1789152395,9,0,0.007,4131761
1789152395,9,0,0.005,4131761
1789152395,9,0,0.01,4131761
1789152395,9,0,0.01,4131761
1789152395,9,0,0.013,4131761
1789152395,8,0,0.042,4131761
1789152395,9,0,0.004,4131761
1789152396,9,0,0.02,4131761
1789152396,9,0,0.009,4131761
1789152396,9,0,0.008,4131761
1789152396,9,0,0.016,4131761
1789152397,9,0,0.007,4131761
1789152398,9,0,0.008,4131761
1789152398,9,0,0.016,4131761
1789152399,9,0,0.003,4131761
1789152399,9,0,0.017,4131761
1789152399,9,0,0.008,4131761
1789152399,8,0,0.06,4131761
1789152399,9,0,0.01,4131761
1789152399,9,0,0.003,4131761
1789152399,9,0,0.003,4131761
1789152399,9,0,0.005,4131761
1789152400,9,0,0.004,4131761
1789152400,9,0,0.004,4131761
1789152400,9,0,0.004,4131761
1789152401,9,0,0.003,4131761
1789152401,9,0,0.009,4131761
1789152401,8,0,0.036,4131761
1789152401,9,0,0.004,4131761
1789152401,9,0,0.011,4131761
1789152401,9,0,0.002,4131761
1789152401,9,0,0.003,4131761
1789152401,9,0,0.005,4131761
1789152401,9,0,0.016,4131761
1789152402,9,0,0.025,4131761
1789152402,9,0,0.004,4131761
1789152402,9,0,0.009,4131761
1789152403,9,0,0.014,4131761
1789152403,8,0,0.029,4131761
1789152403,9,0,0.004,4131761
1789152403,9,0,0.005,4131761
1789152403,9,0,0.003,4131761
1789152404,9,0,0.011,4131761
1789152404,9,0,0.003,4131761
1789152404,9,0,0.004,4131761
1789152404,9,0,0.009,4131761
1789152404,9,0,0.02,4131761
1789152405,9,0,0.019,4131761
1789152405,9,0,0.006,4131761
1789152405,8,0,0.03,4131761
1789152405,9,0,0.004,4131761
1789152405,9,0,0.007,4131761
1789152405,9,0,0.006,4131761
1789152405,9,0,0.008,4131761
1789152405,9,0,0.003,4131761
1789152406,9,0,0.023,4131761
1789152406,9,0,0.004,4131761
1789152406,9,0,0.011,4131761
1789152406,9,0,0.003,4131761
1789152407,9,0,0.008,4131761
1789152407,8,0,0.04,4131761
1789152407,9,0,0.014,4131761
1789152407,9,0,0.012,4131761
1789152408,9,0,0.004,4131761
1789152408,9,0,0.003,4131761
1789152409,9,0,0.016,4131761
1789152409,9,0,0.003,4131761
1789152409,9,0,0.009,4131761
1789152409,9,0,0.007,4131761
1789152410,9,0,0.016,4131761
1789152410,9,0,0.005,4131761
1789152410,8,0,0.042,4131761
1789152410,9,0,0.006,4131761
1789152411,9,0,0.023,4131761
1789152411,9,0,0.003,4131761
1789152411,9,0,0.012,4131761
1789152411,9,0,0.013,4131761
1789152411,9,0,0.02,4131761
1789152412,9,0,0.006,4131761
1789152412,9,0,0.005,4131761
1789152412,9,0,0.003,4131761
1789152412,9,0,0.006,4131761
1789152412,8,0,0.043,4131761
1789152412,9,0,0.006,4131761
1789152412,9,0,0.017,4131761
1789152412,9,0,0.003,4131761
1789152412,9,0,0.003,4131761
1789152412,9,0,0.006,4131761
1789152412,9,0,0.007,4131761
1789152413,9,0,0.012,4131761
1789152413,9,0,0.005,4131761
1789152413,9,0,0.011,4131761
1789152414,9,0,0.005,4131761
1789152414,8,0,0.052,4131761
1789152414,9,0,0.011,4131761
1789152415,9,0,0.116,4131761
1789152415,9,0,0.005,4131761
1789152415,9,0,0.006,4131761
1789152415,9,0,0.037,4131761
1789152415,9,0,0.01,4131761
1789152416,9,0,0.011,4131761
1789152417,9,0,0.016,4131761
1789152417,9,0,0.011,4131761
1789152417,9,0,0.012,4131761
1789152417,9,0,0.006,4131761
1789152417,8,0,0.043,4131761
1789152417,9,0,0.003,4131761
1789152418,9,0,0.046,4131761
1789152418,9,0,0.016,4131761
1789152418,9,0,0.004,4131761
1789152418,9,0,0.019,4131761
1789152419,9,0,0.009,4131761
1789152419,9,0,0.003,4131761
1789152419,9,0,0.003,4131761
1789152419,9,0,0.017,4131761
1789152419,8,0,0.038,4131761
1789152419,9,0,0.004,4131761
1789152419,9,0,0.009,4131761
1789152419,9,0,0.011,4131761
1789152419,9,0,0.003,4131761
1789152420,9,0,0.009,4131761
1789152420,9,0,0.02,4131761
1789152420,9,0,0.013,4131761
1789152420,9,0,0.009,4131761
1789152420,9,0,0.013,4131761
1789152420,9,0,0.018,4131761
1789152420,8,0,0.033,4131761
1789152420,9,0,0.005,4131761
1789152420,9,0,0.004,4131761
1789152420,9,0,0.003,4131761
1789152420,9,0,0.01,4131761
1789152420,9,0,0.009,4131761
1789152420,9,0,0.003,4131761
1789152421,9,0,0.005,4131761
1789152421,9,0,0.007,4131761
1789152421,9,0,0.008,4131761
1789152421,9,0,0.014,4131761
1789152421,8,0,0.038,4131761
1789152421,9,0,0.011,4131761
1789152421,9,0,0.005,4131761
1789152421,9,0,0.009,4131761
1789152421,9,0,0.008,4131761
1789152422,9,0,0.015,4131761
1789152422,9,0,0.005,4131761
1789152424,9,0,0.004,4131761
1789152424,9,0,0.04,4131761
1789152424,9,0,0.003,4131761
1789152424,9,0,0.013,4131761
1789152424,8,0,0.034,4131761
1789152424,9,0,0.009,4131761
1789152424,9,0,0.004,4131761
1789152424,9,0,0.006,4131761
1789152425,9,0,0.005,4131761
1789152425,9,0,0.012,4131761
1789152425,9,0,0.003,4131761
1789152426,9,0,0.023,4131761
1789152426,9,0,0.003,4131761
1789152426,9,0,0.003,4131761
1789152427,9,0,0.003,4131761
1789152427,9,0,0.003,4131761
1789152427,8,0,0.039,4131761
1789152427,9,0,0.007,4131761
1789152428,9,0,0.003,4131761
1789152428,9,0,0.006,4131761
1789152428,9,0,0.005,4131761
1789152428,9,0,0.033,4131761
1789152428,9,0,0.01,4131761
1789152428,9,0,0.01,4131761
1789152428,9,0,0.009,4131761
1789152428,9,0,0.012,4131761
1789152428,8,0,0.046,4131761
1789152428,9,0,0.009,4131761
1789152428,9,0,0.008,4131761
1789152429,9,0,0.025,4131761
1789152429,9,0,0.003,4131761
1789152429,9,0,0.025,4131761
1789152429,9,0,0.004,4131761
1789152429,9,0,0.009,4131761
1789152430,9,0,0.009,4131761
1789152430,9,0,0.003,4131761
1789152430,9,0,0.006,4131761
1789152430,8,0,0.028,4131761
1789152430,9,0,0.016,4131761
1789152430,9,0,0.004,4131761
1789152430,9,0,0.012,4131761
1789152431,9,0,0.015,4131761
1789152431,9,0,0.007,4131761
1789152431,9,0,0.011,4131761
1789152433,9,0,0.009,4131761
1789152433,9,0,0.008,4131761
1789152433,9,0,0.003,4131761
1789152433,9,0,0.006,4131761
1789152433,8,0,0.036,4131761
1789152433,9,0,0.008,4131761
1789152433,9,0,0.005,4131761
1789152433,9,0,0.016,4131761
1789152433,9,0,0.011,4131761
1789152434,9,0,0.011,4131761
1789152434,9,0,0.02,4131761
1789152434,9,0,0.016,4131761
1789152434,9,0,0.014,4131761
1789152434,9,0,0.007,4131761
1789152434,9,0,0.006,4131761
1789152434,8,0,0.045,4131761
1789152434,9,0,0.009,4131761
1789152434,9,0,0.003,4131761
1789152435,9,0,0.007,4131761
1789152435,9,0,0.004,4131761
1789152435,9,0,0.017,4131761
1789152435,9,0,0.008,4131761
1789152435,9,0,0.003,4131761
1789152435,9,0,0.004,4131761
1789152436,9,0,0.016,4131761
1789152436,9,0,0.004,4131761
1789152436,8,0,0.033,4131761
1789152436,9,0,0.017,4131761
1789152436,9,0,0.023,4131761
1789152436,9,0,0.007,4131761
1789152436,9,0,0.006,4131761
1789152436,9,0,0.008,4131761
1789152436,9,0,0.018,4131761
1789152436,9,0,0.004,4131761
1789152437,9,0,0.004,4131761
1789152437,9,0,0.011,4131761
1789152437,9,0,0.004,4131761
1789152437,8,0,0.028,4131761
1789152437,9,0,0.003,4131761
1789152437,9,0,0.009,4131761
1789152438,9,0,0.004,4131761
1789152438,9,0,0.004,4131761
1789152438,9,0,0.023,4131761
1789152438,9,0,0.026,4131761
1789152439,9,0,0.015,4131761
1789152439,9,0,0.044,4131761
1789152439,9,0,0.003,4131761
1789152440,9,0,0.003,4131761
1789152440,8,0,0.04,4131761
1789152440,9,0,0.007,4131761
1789152441,9,0,0.017,4131761
1789152441,9,0,0.003,4131761
1789152441,9,0,0.004,4131761
1789152441,9,0,0.007,4131761
1789152442,9,0,0.042,4131761
1789152442,9,0,0.022,4131761
1789152442,9,0,0.01,4131761
1789152443,9,0,0.003,4131761
1789152443,9,0,0.005,4131761
1789152443,8,0,0.033,4131761
1789152443,9,0,0.01,4131761
1789152443,9,0,0.003,4131761
1789152443,9,0,0.02,4131761
1789152443,9,0,0.005,4131761
1789152443,9,0,0.018,4131761
1789152443,9,0,0.008,4131761
1789152444,9,0,0.003,4131761
1789152444,9,0,0.003,4131761
1789152444,9,0,0.003,4131761
1789152444,9,0,0.006,4131761
1789152444,8,0,0.037,4131761
1789152444,9,0,0.02,4131761
1789152444,9,0,0.007,4131761
1789152444,9,0,0.004,4131761
1789152444,9,0,0.004,4131761
1789152444,9,0,0.005,4131761
1789152444,9,0,0.008,4131761
1789152444,9,0,0.003,4131761
1789152444,9,0,0.012,4131761
1789152444,9,0,0.003,4131761
1789152444,9,0,0.012,4131761
1789152444,8,0,0.028,4131761
1789152444,9,0,0.009,4131761
1789152445,9,0,0.003,4131761
1789152445,9,0,0.006,4131761
1789152445,9,0,0.01,4131761
1789152446,9,0,0.003,4131761
1789152446,9,0,0.003,4131761
1789152446,9,0,0.003,4131761
1789152446,9,0,0.003,4131761
1789152446,9,0,0.018,4131761
1789152446,9,0,0.003,4131761
1789152446,8,0,0.036,4131761
1789152446,9,0,0.003,4131761
1789152447,9,0,0.003,4131761
1789152447,9,0,0.012,4131761
1789152447,9,0,0.03,4131761
1789152447,9,0,0.012,4131761
1789152447,9,0,0.006,4131761
1789152448,9,0,0.016,4131761
1789152448,9,0,0.011,4131761
1789152448,9,0,0.004,4131761
1789152449,9,0,0.005,4131761
1789152449,8,0,0.048,4131761
1789152449,9,0,0.012,4131761
1789152449,9,0,0.007,4131761
1789152449,9,0,0.014,4131761
1789152449,9,0,0.005,4131761
1789152450,9,0,0.003,4131761
1789152450,9,0,0.007,4131761
1789152450,9,0,0.003,4131761
1789152452,9,0,0.008,4131761
1789152452,9,0,0.007,4131761
1789152452,9,0,0.004,4131761
1789152452,9,0,0.004,4131761
1789152452,8,0,0.048,4131761
1789152453,9,0,0.004,4131761
1789152453,9,0,0.003,4131761
1789152453,9,0,0.005,4131761
1789152454,9,0,0.026,4131761
1789152454,9,0,0.004,4131761
1789152454,9,0,0.004,4131761
1789152454,9,0,0.005,4131761
1789152454,9,0,0.003,4131761
1789152454,9,0,0.003,4131761
1789152454,8,0,0.037,4131761
1789152454,9,0,0.012,4131761
1789152454,9,0,0.003,4131761
1789152455,9,0,0.006,4131761
1789152455,9,0,0.007,4131761
1789152455,9,0,0.004,4131761
1789152455,9,0,0.003,4131761
1789152455,9,0,0.012,4131761
1789152455,9,0,0.005,4131761
1789152456,9,0,0.004,4131761
1789152457,9,0,0.035,4131761
1789152457,8,0,0.044,4131761
1789152457,9,0,0.031,4131761
1789152457,9,0,0.007,4131761
1789152458,9,0,0.012,4131761
1789152458,9,0,0.01,4131761
1789152458,9,0,0.006,4131761
1789152458,9,0,0.004,4131761
1789152458,9,0,0.034,4131761
1789152458,9,0,0.004,4131761
1789152459,9,0,0.003,4131761
1789152460,9,0,0.017,4131761
1789152460,8,0,0.061,4131761
1789152460,9,0,0.006,4131761
1789152460,9,0,0.003,4131761
1789152460,9,0,0.004,4131761
1789152460,9,0,0.007,4131761
1789152460,9,0,0.005,4131761
1789152461,9,0,0.004,4131761
1789152461,9,0,0.003,4131761
1789152461,9,0,0.003,4131761
1789152461,9,0,0.009,4131761
1789152462,9,0,0.01,4131761
1789152462,8,0,0.032,4131761
1789152462,9,0,0.003,4131761
1789152462,9,0,0.01,4131761
1789152462,9,0,0.012,4131761
1789152462,9,0,0.005,4131761
1789152462,9,0,0.004,4131761
1789152462,9,0,0.018,4131761
1789152462,9,0,0.003,4131761
1789152463,9,0,0.003,4131761
1789152463,9,0,0.003,4131761
1789152463,9,0,0.005,4131761
1789152463,9,0,0.003,4131761
1789152463,8,0,0.039,4131761
1789152463,9,0,0.004,4131761
1789152463,9,0,0.011,4131761
1789152464,9,0,0.015,4131761
1789152464,9,0,0.003,4131761
1789152464,9,0,0.004,4131761
1789152464,9,0,0.008,4131761
1789152465,9,0,0.003,4131761
1789152466,9,0,0.003,4131761
1789152466,9,0,0.003,4131761
1789152466,9,0,0.01,4131761
1789152466,8,0,0.048,4131761
1789152466,9,0,0.009,4131761
1789152466,9,0,0.023,4131761
1789152466,9,0,0.003,4131761
1789152466,9,0,0.008,4131761
1789152467,9,0,0.011,4131761
1789152467,9,0,0.007,4131761
1789152467,9,0,0.009,4131761
1789152467,9,0,0.004,4131761
1789152467,9,0,0.004,4131761
1789152467,8,0,0.039,4131761
1789152467,9,0,0.004,4131761
1789152467,9,0,0.01,4131761
1789152467,9,0,0.039,4131761
1789152467,9,0,0.025,4131761
1789152468,9,0,0.016,4131761
1789152468,9,0,0.004,4131761
1789152468,9,0,0.026,4131761
1789152469,9,0,0.004,4131761
1789152469,9,0,0.003,4131761
1789152469,9,0,0.055,4131761
1789152469,9,0,0.006,4131761
1789152469,8,0,0.077,4131761
1789152469,9,0,0.02,4131761
1789152469,9,0,0.017,4131761
1789152470,9,0,0.008,4131761
1789152470,9,0,0.008,4131761
1789152470,9,0,0.034,4131761
1789152471,9,0,0.007,4131761
1789152471,9,0,0.008,4131761
1789152472,9,0,0.005,4131761
1789152472,9,0,0.015,4131761
1789152472,8,0,0.034,4131761
1789152472,9,0,0.004,4131761
1789152472,9,0,0.004,4131761
1789152472,9,0,0.003,4131761
1789152472,9,0,0.003,4131761
1789152473,9,0,0.007,4131761
1789152473,9,0,0.004,4131761
1789152473,9,0,0.004,4131761
1789152473,9,0,0.01,4131761
1789152473,9,0,0.011,4131761
1789152473,9,0,0.007,4131761
1789152473,8,0,0.03,4131761
1789152473,9,0,0.007,4131761
1789152474,9,0,0.012,4131761
1789152474,9,0,0.003,4131761
1789152474,9,0,0.005,4131761
1789152474,9,0,0.005,4131761
1789152474,9,0,0.004,4131761
1789152475,9,0,0.015,4131761
1789152475,9,0,0.009,4131761
1789152475,9,0,0.041,4131761
1789152475,9,0,0.006,4131761
1789152475,8,0,0.056,4131761
1789152475,9,0,0.009,4131761
1789152475,9,0,0.004,4131761
1789152476,9,0,0.009,4131761
1789152476,9,0,0.009,4131761
1789152476,9,0,0.004,4131761
1789152476,9,0,0.008,4131761
1789152476,9,0,0.006,4131761
1789152476,9,0,0.01,4131761
1789152477,9,0,0.062,4131761
1789152477,9,0,0.007,4131761
1789152477,8,0,0.035,4131761
1789152477,9,0,0.003,4131761
1789152477,9,0,0.019,4131761
1789152477,9,0,0.007,4131761
1789152477,9,0,0.009,4131761
1789152477,9,0,0.003,4131761
1789152478,9,0,0.013,4131761
1789152478,9,0,0.003,4131761
1789152479,9,0,0.003,4131761
1789152479,9,0,0.004,4131761
1789152479,9,0,0.017,4131761
1789152479,8,0,0.033,4131761
1789152479,9,0,0.004,4131761
1789152479,9,0,0.013,4131761
1789152479,9,0,0.007,4131761
1789152480,9,0,0.019,4131761
1789152480,9,0,0.004,4131761
1789152480,9,0,0.014,4131761
1789152480,9,0,0.003,4131761
1789152481,9,0,0.005,4131761
1789152482,9,0,0.023,4131761
1789152482,9,0,0.003,4131761
1789152482,8,0,0.032,4131761
1789152482,9,0,0.007,4131761
1789152482,9,0,0.022,4131761
1789152483,9,0,0.005,4131761
1789152483,9,0,0.012,4131761
1789152483,9,0,0.003,4131761
1789152483,9,0,0.006,4131761
1789152484,9,0,0.007,4131761
1789152484,9,0,0.011,4131761
1789152484,9,0,0.008,4131761
1789152485,9,0,0.01,4131761
1789152485,8,0,0.038,4131761
1789152485,9,0,0.014,4131761
1789152485,9,0,0.017,4131761
1789152485,9,0,0.007,4131761
1789152485,9,0,0.003,4131761
1789152485,9,0,0.003,4131761
1789152485,9,0,0.009,4131761
1789152485,9,0,0.005,4131761
1789152485,9,0,0.009,4131761
1789152486,9,0,0.003,4131761
1789152486,9,0,0.003,4131761
1789152486,8,0,0.032,4131761
1789152486,9,0,0.01,4131761
1789152486,9,0,0.005,4131761
1789152486,9,0,0.016,4131761
1789152487,9,0,0.024,4131761
1789152487,9,0,0.004,4131761
1789152487,9,0,0.004,4131761
1789152487,9,0,0.003,4131761
1789152487,9,0,0.024,4131761
1789152487,9,0,0.006,4131761
1789152489,9,0,0.003,4131761
1789152489,8,0,0.034,4131761
1789152489,9,0,0.004,4131761
1789152489,9,0,0.003,4131761
1789152489,9,0,0.003,4131761
1789152489,9,0,0.028,4131761
1789152490,9,0,0.015,4131761
1789152490,9,0,0.007,4131761
1789152490,9,0,0.008,4131761
1789152490,9,0,0.008,4131761
1789152490,9,0,0.003,4131761
1789152490,9,0,0.011,4131761
1789152490,8,0,0.029,4131761
1789152490,9,0,0.007,4131761
1789152491,9,0,0.003,4131761
1789152491,9,0,0.003,4131761
1789152491,9,0,0.009,4131761
1789152491,9,0,0.003,4131761
1789152491,9,0,0.022,4131761
1789152491,9,0,0.008,4131761
1789152491,9,0,0.006,4131761
1789152491,9,0,0.003,4131761
1789152492,9,0,0.01,4131761
1789152492,8,0,0.041,4131761
1789152492,9,0,0.022,4131761
1789152492,9,0,0.021,4131761
1789152492,9,0,0.004,4131761
1789152492,9,0,0.009,4131761
1789152493,9,0,0.005,4131761
1789152493,9,0,0.002,4131761
1789152493,9,0,0.01,4131761
1789152493,9,0,0.016,4131761
1789152493,9,0,0.003,4131761
1789152493,9,0,0.004,4131761
1789152493,8,0,0.031,4131761
1789152493,9,0,0.011,4131761
1789152494,9,0,0.003,4131761
1789152494,9,0,0.007,4131761
1789152494,9,0,0.003,4131761
1789152494,9,0,0.012,4131761
1789152494,9,0,0.01,4131761
1789152495,9,0,0.003,4131761
1789152496,9,0,0.006,4131761
1789152496,9,0,0.009,4131761
1789152497,9,0,0.01,4131761
1789152497,8,0,0.038,4131761
1789152497,9,0,0.004,4131761
1789152497,9,0,0.004,4131761
1789152498,9,0,0.003,4131761
1789152498,9,0,0.004,4131761
1789152498,9,0,0.003,4131761
1789152498,9,0,0.01,4131761
1789152498,9,0,0.004,4131761
1789152498,9,0,0.004,4131761
1789152500,9,0,0.009,4131761
1789152500,9,0,0.021,4131761
1789152500,9,0,0.008,4131761
1789152500,8,0,0.086,4131761
1789152500,9,0,0.009,4131761
1789152500,9,0,0.007,4131761
1789152501,9,0,0.006,4131761
1789152501,9,0,0.006,4131761
1789152501,9,0,0.013,4131761
1789152501,9,0,0.003,4131761
1789152501,9,0,0.005,4131761
1789152501,9,0,0.015,4131761
1789152501,9,0,0.004,4131761
1789152501,8,0,0.029,4131761
1789152501,9,0,0.009,4131761
1789152501,9,0,0.003,4131761
1789152502,9,0,0.015,4131761
1789152502,9,0,0.004,4131761
1789152502,9,0,0.006,4131761
1789152503,9,0,0.004,4131761
1789152503,9,0,0.024,4131761
1789152503,9,0,0.007,4131761
1789152503,9,0,0.004,4131761
1789152503,9,0,0.014,4131761
1789152503,8,0,0.086,4131761
1789152503,9,0,0.011,4131761
1789152503,9,0,0.007,4131761
1789152504,9,0,0.041,4131761
1789152504,9,0,0.004,4131761
1789152504,9,0,0.009,4131761
1789152504,9,0,0.04,4131761
1789152504,9,0,0.013,4131761
1789152504,9,0,0.012,4131761
1789152505,9,0,0.007,4131761
1789152505,9,0,0.016,4131761
1789152505,9,0,0.005,4131761
1789152505,8,0,0.035,4131761
1789152505,9,0,0.004,4131761
1789152505,9,0,0.011,4131761
1789152506,9,0,0.003,4131761
1789152506,9,0,0.005,4131761
1789152506,9,0,0.004,4131761
1789152506,9,0,0.01,4131761
1789152506,9,0,0.003,4131761
1789152506,9,0,0.009,4131761
1789152507,9,0,0.003,4131761
1789152507,8,0,0.044,4131761
1789152507,9,0,0.015,4131761
1789152507,9,0,0.003,4131761
1789152507,9,0,0.003,4131761
1789152507,9,0,0.021,4131761
1789152507,9,0,0.007,4131761
1789152507,9,0,0.004,4131761
1789152507,9,0,0.012,4131761
1789152507,9,0,0.029,4131761
1789152508,9,0,0.008,4131761
1789152508,9,0,0.003,4131761
1789152508,8,0,0.036,4131761
1789152508,9,0,0.018,4131761
1789152508,9,0,0.004,4131761
1789152508,9,0,0.004,4131761
1789152508,9,0,0.008,4131761
1789152509,9,0,0.011,4131761
1789152509,9,0,0.007,4131761
1789152509,9,0,0.006,4131761
1789152509,9,0,0.007,4131761
1789152509,9,0,0.008,4131761
1789152510,9,0,0.007,4131761
1789152510,8,0,0.04,4131761
1789152510,9,0,0.007,4131761
1789152510,9,0,0.003,4131761
1789152510,9,0,0.007,4131761
1789152510,9,0,0.003,4131761
1789152511,9,0,0.021,4131761
1789152511,9,0,0.01,4131761
1789152512,9,0,0.009,4131761
1789152513,9,0,0.059,4131761
1789152513,9,0,0.019,4131761
1789152514,9,0,0.004,4131761
1789152514,8,0,0.042,4131761
1789152514,9,0,0.004,4131761
1789152515,9,0,0.029,4131761
1789152515,9,0,0.004,4131761
1789152515,9,0,0.004,4131761
1789152515,9,0,0.003,4131761
1789152516,9,0,0.015,4131761
1789152516,9,0,0.011,4131761
1789152516,9,0,0.011,4131761
1789152517,9,0,0.006,4131761
1789152517,9,0,0.029,4131761
1789152517,8,0,0.055,4131761
1789152517,9,0,0.013,4131761
1789152517,9,0,0.016,4131761
1789152517,9,0,0.013,4131761
1789152517,9,0,0.008,4131761
1789152517,9,0,0.012,4131761
1789152517,9,0,0.003,4131761
1789152517,9,0,0.004,4131761
1789152517,9,0,0.004,4131761
1789152517,9,0,0.003,4131761
1789152518,9,0,0.004,4131761
1789152518,9,0,0.007,4131761
1789152518,8,0,0.032,4131761
1789152518,9,0,0.014,4131761
1789152518,9,0,0.006,4131761
1789152518,9,0,0.004,4131761
1789152518,9,0,0.006,4131761
1789152518,9,0,0.011,4131761
1789152518,9,0,0.016,4131761
1789152519,9,0,0.003,4131761
1789152519,9,0,0.015,4131761
1789152519,9,0,0.019,4131761
1789152519,8,0,0.058,4131761
1789152519,9,0,0.009,4131761
1789152519,9,0,0.015,4131761
1789152520,9,0,0.028,4131761
1789152520,9,0,0.003,4131761
1789152520,9,0,0.065,4131761
1789152521,9,0,0.003,4131761
1789152522,9,0,0.006,4131761
1789152522,9,0,0.003,4131761
1789152522,9,0,0.007,4131761
1789152523,9,0,0.014,4131761
1789152523,8,0,0.053,4131761
1789152523,9,0,0.004,4131761
1789152523,9,0,0.003,4131761
1789152523,9,0,0.004,4131761
1789152523,9,0,0.01,4131761
1789152523,9,0,0.009,4131761
1789152523,9,0,0.011,4131761
1789152524,9,0,0.012,4131761
1789152524,9,0,0.011,4131761
1789152524,9,0,0.003,4131761
1789152524,9,0,0.021,4131761
1789152525,8,0,0.038,4131761
1789152525,9,0,0.01,4131761
1789152525,9,0,0.004,4131761
1789152525,9,0,0.007,4131761
1789152525,9,0,0.011,4131761
1789152525,9,0,0.008,4131761
1789152525,9,0,0.007,4131761
1789152525,9,0,0.008,4131761
1789152526,9,0,0.014,4131761
1789152526,9,0,0.016,4131761
1789152526,9,0,0.024,4131761
1789152526,8,0,0.047,4131761
1789152526,9,0,0.008,4131761
1789152526,9,0,0.003,4131761
1789152527,9,0,0.008,4131761
1789152527,9,0,0.012,4131761
1789152527,9,0,0.006,4131761
1789152527,9,0,0.01,4131761
1789152527,9,0,0.007,4131761
1789152527,9,0,0.007,4131761
1789152528,9,0,0.004,4131761
1789152528,9,0,0.01,4131761
1789152528,8,0,0.051,4131761
1789152528,9,0,0.029,4131761
1789152528,9,0,0.016,4131761
1789152528,9,0,0.003,4131761
1789152528,9,0,0.011,4131761
1789152529,9,0,0.007,4131761
1789152530,9,0,0.009,4131761
1789152530,9,0,0.009,4131761
1789152531,9,0,0.011,4131761
1789152533,9,0,0.005,4131761
1789152533,9,0,0.012,4131761
1789152533,9,0,0.01,4131761
1789152533,8,0,0.062,4131761
1789152533,9,0,0.016,4131761
1789152533,9,0,0.004,4131761
1789152533,9,0,0.011,4131761
1789152534,9,0,0.004,4131761
1789152534,9,0,0.007,4131761
1789152534,9,0,0.009,4131761
1789152534,9,0,0.021,4131761
1789152534,9,0,0.022,4131761
1789152535,9,0,0.011,4131761
1789152535,8,0,0.046,4131761
1789152535,9,0,0.009,4131761
1789152535,9,0,0.008,4131761
1789152535,9,0,0.005,4131761
1789152536,9,0,0.011,4131761
1789152536,9,0,0.009,4131761
1789152536,9,0,0.004,4131761
1789152537,9,0,0.006,4131761
1789152537,9,0,0.004,4131761
1789152537,9,0,0.007,4131761
1789152537,9,0,0.004,4131761
1789152537,8,0,0.042,4131761
1789152537,9,0,0.004,4131761
1789152537,9,0,0.011,4131761
1789152537,9,0,0.003,4131761
1789152537,9,0,0.004,4131761
1789152537,9,0,0.003,4131761
1789152537,9,0,0.008,4131761
1789152538,9,0,0.003,4131761
1789152539,9,0,0.009,4131761
1789152539,9,0,0.016,4131761
1789152540,9,0,0.005,4131761
1789152540,8,0,0.035,4131761
1789152540,9,0,0.003,4131761
1789152540,9,0,0.008,4131761
1789152540,9,0,0.006,4131761
1789152540,9,0,0.03,4131761
1789152541,9,0,0.003,4131761
1789152541,9,0,0.007,4131761
1789152541,9,0,0.006,4131761
1789152541,9,0,0.013,4131761
1789152541,9,0,0.004,4131761
1789152541,9,0,0.004,4131761
1789152541,8,0,0.03,4131761
1789152541,9,0,0.011,4131761
1789152542,9,0,0.009,4131761
1789152543,9,0,0.009,4131761
1789152544,9,0,0.004,4131761
1789152544,9,0,0.011,4131761
1789152546,9,0,0.009,4131761
1789152546,9,0,0.003,4131761
1789152547,9,0,0.004,4131761
1789152547,9,0,0.015,4131761
1789152547,9,0,0.004,4131761
1789152547,8,0,0.063,4131761
1789152547,9,0,0.074,4131761
1789152547,9,0,0.056,4131761
1789152547,9,0,0.005,4131761
1789152547,9,0,0.015,4131761
1789152548,9,0,0.021,4131761
1789152548,9,0,0.051,4131761
1789152548,9,0,0.002,4131761
1789152548,9,0,0.003,4131761
1789152548,9,0,0.007,4131761
1789152548,9,0,0.006,4131761
1789152548,8,0,0.035,4131761
1789152549,9,0,0.011,4131761
1789152549,9,0,0.003,4131761
1789152549,9,0,0.032,4131761
1789152549,9,0,0.058,4131761
1789152549,9,0,0.013,4131761
1789152550,9,0,0.006,4131761
1789152550,9,0,0.01,4131761
1789152550,9,0,0.01,4131761
1789152550,9,0,0.009,4131761
1789152550,9,0,0.022,4131761
1789152550,8,0,0.055,4131761
1789152550,9,0,0.022,4131761
1789152550,9,0,0.034,4131761
1789152551,9,0,0.011,4131761
1789152551,9,0,0.003,4131761
1789152552,9,0,0.005,4131761
1789152552,9,0,0.008,4131761
1789152553,9,0,0.003,4131761
1789152553,9,0,0.004,4131761
1789152553,9,0,0.004,4131761
1789152554,9,0,0.003,4131761
1789152554,8,0,0.034,4131761
1789152555,9,0,0.009,4131761
1789152555,9,0,0.009,4131761
1789152555,9,0,0.003,4131761
1789152555,9,0,0.017,4131761
1789152555,9,0,0.006,4131761
1789152555,9,0,0.005,4131761
1789152555,9,0,0.003,4131761
1789152555,9,0,0.009,4131761
1789152556,9,0,0.003,4131761
1789152556,9,0,0.042,4131761
1789152556,8,0,0.07,4131761
1789152556,9,0,0.011,4131761
1789152556,9,0,0.006,4131761
1789152556,9,0,0.003,4131761
1789152557,9,0,0.012,4131761
1789152557,9,0,0.003,4131761
1789152557,9,0,0.018,4131761
1789152557,9,0,0.004,4131761
1789152557,9,0,0.01,4131761
1789152558,9,0,0.012,4131761
1789152558,9,0,0.004,4131761
1789152558,8,0,0.031,4131761
1789152558,9,0,0.003,4131761
1789152559,9,0,0.003,4131761
1789152559,9,0,0.006,4131761
1789152560,9,0,0.005,4131761
1789152561,9,0,0.016,4131761
1789152561,9,0,0.006,4131761
1789152562,9,0,0.025,4131761
1789152563,9,0,0.004,4131761
1789152563,9,0,0.011,4131761
1789152563,9,0,0.009,4131761
1789152563,8,0,0.039,4131761
1789152563,9,0,0.004,4131761
1789152563,9,0,0.005,4131761
1789152564,9,0,0.01,4131761
1789152564,9,0,0.029,4131761
1789152564,9,0,0.025,4131761
1789152564,9,0,0.005,4131761
1789152564,9,0,0.006,4131761
1789152564,9,0,0.006,4131761
1789152564,9,0,0.011,4131761
1789152564,9,0,0.008,4131761
1789152564,8,0,0.033,4131761
1789152565,9,0,0.01,4131761
1789152565,9,0,0.043,4131761
1789152565,9,0,0.005,4131761
1789152566,9,0,0.004,4131761
1789152566,9,0,0.007,4131761
1789152566,9,0,0.03,4131761
1789152566,9,0,0.004,4131761
1789152566,9,0,0.009,4131761
1789152566,9,0,0.01,4131761
1789152567,9,0,0.004,4131761
1789152567,8,0,0.032,4131761
1789152567,9,0,0.007,4131761
1789152568,9,0,0.003,4131761
1789152568,9,0,0.013,4131761
1789152568,9,0,0.006,4131761
1789152568,9,0,0.011,4131761
1789152568,9,0,0.003,4131761
1789152569,9,0,0.011,4131761
1789152569,9,0,0.008,4131761
1789152570,9,0,0.007,4131761
1789152571,9,0,0.013,4131761
1789152571,8,0,0.034,4131761
1789152571,9,0,0.012,4131761
1789152571,9,0,0.027,4131761
1789152571,9,0,0.003,4131761
1789152571,9,0,0.004,4131761
1789152571,9,0,0.005,4131761
1789152571,9,0,0.003,4131761
1789152572,9,0,0.014,4131761
1789152572,9,0,0.012,4131761
1789152572,9,0,0.003,4131761
1789152572,9,0,0.003,4131761
1789152573,8,0,0.038,4131761
1789152573,9,0,0.006,4131761
1789152573,9,0,0.003,4131761
1789152573,9,0,0.043,4131761
1789152573,9,0,0.049,4131761
1789152573,9,0,0.005,4131761
1789152574,9,0,0.009,4131761
1789152574,9,0,0.014,4131761
1789152574,9,0,0.007,4131761
1789152574,9,0,0.015,4131761
1789152575,9,0,0.007,4131761
1789152575,8,0,0.041,4131761
1789152575,9,0,0.003,4131761
1789152575,9,0,0.003,4131761
1789152576,9,0,0.033,4131761
1789152576,9,0,0.004,4131761
1789152576,9,0,0.004,4131761
1789152576,9,0,0.047,4131761
1789152576,9,0,0.004,4131761
1789152576,9,0,0.012,4131761
1789152576,9,0,0.003,4131761
1789152576,9,0,0.011,4131761
1789152576,8,0,0.044,4131761
1789152576,9,0,0.004,4131761
1789152576,9,0,0.013,4131761
1789152577,9,0,0.006,4131761
1789152577,9,0,0.032,4131761
1789152577,9,0,0.018,4131761
1789152577,9,0,0.005,4131761
1789152577,9,0,0.017,4131761
1789152578,9,0,0.01,4131761
1789152578,9,0,0.007,4131761
1789152578,9,0,0.014,4131761
1789152578,8,0,0.042,4131761
1789152578,9,0,0.004,4131761
1789152578,9,0,0.006,4131761
1789152579,9,0,0.003,4131761
1789152579,9,0,0.022,4131761
1789152579,9,0,0.009,4131761
1789152579,9,0,0.003,4131761
1789152579,9,0,0.003,4131761
1789152580,9,0,0.009,4131761
1789152580,9,0,0.007,4131761
1789152580,9,0,0.009,4131761
1789152580,8,0,0.03,4131761
1789152580,9,0,0.004,4131761
1789152581,9,0,0.004,4131761
1789152581,9,0,0.006,4131761
1789152581,9,0,0.033,4131761
1789152582,9,0,0.046,4131761
1789152582,9,0,0.02,4131761
1789152582,9,0,0.005,4131761
1789152582,9,0,0.004,4131761
1789152583,9,0,0.004,4131761
1789152583,9,0,0.007,4131761
1789152583,8,0,0.044,4131761
1789152583,9,0,0.015,4131761
1789152583,9,0,0.003,4131761
1789152583,9,0,0.003,4131761
1789152583,9,0,0.044,4131761
1789152583,9,0,0.004,4131761
1789152583,9,0,0.025,4131761
1789152583,9,0,0.06,4131761
1789152584,9,0,0.02,4131761
1789152584,9,0,0.019,4131761
1789152584,9,0,0.004,4131761
1789152584,8,0,0.035,4131761
1789152584,9,0,0.021,4131761
1789152584,9,0,0.003,4131761
1789152585,9,0,0.02,4131761
1789152585,9,0,0.003,4131761
1789152585,9,0,0.007,4131761
1789152585,9,0,0.012,4131761
1789152585,9,0,0.008,4131761
1789152585,9,0,0.003,4131761
1789152585,9,0,0.013,4131761
1789152585,9,0,0.003,4131761
1789152585,8,0,0.033,4131761
1789152585,9,0,0.006,4131761
1789152586,9,0,0.005,4131761
1789152586,9,0,0.004,4131761
1789152586,9,0,0.024,4131761
1789152586,9,0,0.003,4131761
1789152586,9,0,0.007,4131761
1789152586,9,0,0.003,4131761
1789152587,9,0,0.008,4131761
1789152587,9,0,0.007,4131761
1789152588,9,0,0.003,4131761
1789152588,8,0,0.046,4131761
1789152588,9,0,0.002,4131761
1789152588,9,0,0.005,4131761
1789152588,9,0,0.004,4131761
1789152588,9,0,0.018,4131761
1789152588,9,0,0.012,4131761
1789152589,9,0,0.005,4131761
1789152589,9,0,0.01,4131761
1789152589,9,0,0.003,4131761
1789152589,9,0,0.004,4131761
1789152590,9,0,0.004,4131761
1789152590,9,0,0.003,4131761
1789152590,8,0,0.043,4131761
1789152590,9,0,0.01,4131761
1789152590,9,0,0.003,4131761
1789152590,9,0,0.003,4131761
1789152590,9,0,0.015,4131761
1789152590,9,0,0.003,4131761
1789152590,9,0,0.009,4131761
1789152590,9,0,0.01,4131761
1789152590,9,0,0.003,4131761
1789152591,9,0,0.004,4131761
1789152591,8,0,0.04,4131761
1789152591,9,0,0.006,4131761
1789152591,9,0,0.012,4131761
1789152592,9,0,0.003,4131761
1789152592,9,0,0.003,4131761
1789152592,9,0,0.034,4131761
1789152592,9,0,0.015,4131761
1789152592,9,0,0.028,4131761
1789152592,9,0,0.013,4131761
1789152593,9,0,0.016,4131761
1789152593,9,0,0.009,4131761
1789152593,8,0,0.035,4131761
1789152593,9,0,0.004,4131761
1789152593,9,0,0.006,4131761
1789152593,9,0,0.007,4131761
1789152593,9,0,0.004,4131761
1789152594,9,0,0.008,4131761
1789152594,9,0,0.004,4131761
1789152594,9,0,0.007,4131761
1789152594,9,0,0.009,4131761
1789152594,9,0,0.003,4131761
1789152595,9,0,0.004,4131761
1789152595,8,0,0.042,4131761
1789152595,9,0,0.008,4131761
1789152595,9,0,0.004,4131761
1789152595,9,0,0.003,4131761
1789152595,9,0,0.003,4131761
1789152596,9,0,0.012,4131761
1789152596,9,0,0.014,4131761
1789152596,9,0,0.004,4131761
1789152596,9,0,0.04,4131761
1789152596,9,0,0.008,4131761
1789152596,9,0,0.004,4131761
1789152597,8,0,0.12,4131761
1789152597,9,0,0.01,4131761
1789152597,9,0,0.007,4131761
1789152597,9,0,0.006,4131761
1789152597,9,0,0.019,4131761
1789152597,9,0,0.004,4131761
1789152597,9,0,0.011,4131761
1789152597,9,0,0.01,4131761
1789152597,9,0,0.014,4131761
1789152597,9,0,0.017,4131761
1789152597,9,0,0.004,4131761
1789152598,8,0,0.042,4131761
1789152598,9,0,0.023,4131761
1789152598,9,0,0.011,4131761
1789152598,9,0,0.009,4131761
1789152598,9,0,0.022,4131761
1789152599,9,0,0.01,4131761
1789152599,9,0,0.011,4131761
1789152599,9,0,0.003,4131761
1789152599,9,0,0.004,4131761
1789152600,9,0,0.006,4131761
1789152600,9,0,0.019,4131761
1789152600,8,0,0.034,4131761
1789152600,9,0,0.007,4131761
1789152600,9,0,0.003,4131761
1789152600,9,0,0.012,4131761
1789152600,9,0,0.004,4131761
1789152600,9,0,0.017,4131761
1789152600,9,0,0.009,4131761
1789152601,9,0,0.003,4131761
1789152601,9,0,0.004,4131761
1789152602,9,0,0.003,4131761
1789152602,9,0,0.003,4131761
1789152602,8,0,0.037,4131761
1789152602,9,0,0.013,4131761
1789152602,9,0,0.003,4131761
1789152602,9,0,0.007,4131761
1789152602,9,0,0.025,4131761
1789152603,9,0,0.013,4131761
1789152603,9,0,0.01,4131761
1789152603,9,0,0.006,4131761
1789152603,9,0,0.009,4131761
1789152603,9,0,0.013,4131761
1789152604,9,0,0.006,4131761
1789152604,8,0,0.038,4131761
1789152604,9,0,0.009,4131761
1789152604,9,0,0.005,4131761
1789152604,9,0,0.003,4131761
1789152605,9,0,0.009,4131761
1789152605,9,0,0.004,4131761
1789152605,9,0,0.004,4131761
1789152606,9,0,0.003,4131761
1789152606,9,0,0.012,4131761
1789152606,9,0,0.008,4131761
1789152606,9,0,0.03,4131761
1789152606,8,0,0.055,4131761
1789152606,9,0,0.005,4131761
1789152606,9,0,0.003,4131761
1789152607,9,0,0.01,4131761
1789152607,9,0,0.005,4131761
1789152607,9,0,0.003,4131761
1789152607,9,0,0.042,4131761
1789152607,9,0,0.003,4131761
1789152607,9,0,0.004,4131761
1789152608,9,0,0.065,4131761
1789152609,9,0,0.004,4131761
1789152609,8,0,0.042,4131761
1789152609,9,0,0.017,4131761
1789152610,9,0,0.004,4131761
1789152610,9,0,0.022,4131761
1789152610,9,0,0.003,4131761
1789152611,9,0,0.006,4131761
1789152611,9,0,0.009,4131761
1789152612,9,0,0.01,4131761
1789152612,9,0,0.008,4131761
1789152612,9,0,0.009,4131761
1789152613,9,0,0.005,4131761
1789152613,8,0,0.048,4131761
1789152613,9,0,0.01,4131761
1789152613,9,0,0.006,4131761
1789152614,9,0,0.01,4131761
1789152614,9,0,0.018,4131761
1789152614,9,0,0.01,4131761
1789152614,9,0,0.01,4131761
1789152614,9,0,0.005,4131761
1789152614,9,0,0.016,4131761
1789152614,9,0,0.009,4131761
1789152615,9,0,0.007,4131761
1789152615,8,0,0.041,4131761
1789152615,9,0,0.003,4131761
1789152615,9,0,0.009,4131761
1789152615,9,0,0.017,4131761
1789152615,9,0,0.015,4131761
1789152615,9,0,0.013,4131761
1789152615,9,0,0.006,4131761
1789152616,9,0,0.009,4131761
1789152616,9,0,0.014,4131761
1789152616,9,0,0.013,4131761
1789152616,9,0,0.035,4131761
1789152616,8,0,0.049,4131761
1789152616,9,0,0.01,4131761
1789152617,9,0,0.005,4131761
1789152617,9,0,0.011,4131761
1789152617,9,0,0.007,4131761
1789152618,9,0,0.003,4131761
1789152618,9,0,0.003,4131761
1789152618,9,0,0.01,4131761
1789152619,9,0,0.017,4131761
1789152619,9,0,0.013,4131761
1789152619,9,0,0.011,4131761
1789152619,8,0,0.048,4131761
1789152619,9,0,0.005,4131761
1789152619,9,0,0.008,4131761
1789152619,9,0,0.009,4131761
1789152619,9,0,0.01,4131761
1789152619,9,0,0.004,4131761
1789152620,9,0,0.007,4131761
1789152620,9,0,0.003,4131761
1789152620,9,0,0.01,4131761
1789152620,9,0,0.003,4131761
1789152620,9,0,0.004,4131761
1789152620,8,0,0.055,4131761
1789152621,9,0,0.008,4131761
1789152621,9,0,0.003,4131761
1789152621,9,0,0.006,4131761
1789152621,9,0,0.015,4131761
1789152621,9,0,0.055,4131761
1789152621,9,0,0.003,4131761
1789152621,9,0,0.015,4131761
1789152622,9,0,0.006,4131761
1789152622,9,0,0.023,4131761
1789152622,9,0,0.004,4131761
1789152622,8,0,0.031,4131761
1789152622,9,0,0.003,4131761
1789152622,9,0,0.007,4131761
1789152622,9,0,0.003,4131761
1789152623,9,0,0.014,4131761
1789152623,9,0,0.004,4131761
1789152623,9,0,0.007,4131761
1789152624,9,0,0.006,4131761
1789152624,9,0,0.004,4131761
1789152625,9,0,0.003,4131761
1789152625,9,0,0.003,4131761
1789152625,8,0,0.036,4131761
1789152626,9,0,0.005,4131761
1789152626,9,0,0.004,4131761
1789152626,9,0,0.017,4131761
1789152626,9,0,0.007,4131761
1789152626,9,0,0.01,4131761
1789152626,9,0,0.003,4131761
1789152627,9,0,0.01,4131761
1789152627,9,0,0.002,4131761
1789152627,9,0,0.005,4131761
1789152628,9,0,0.003,4131761
1789152628,8,0,0.036,4131761
1789152628,9,0,0.015,4131761
1789152628,9,0,0.009,4131761
1789152628,9,0,0.004,4131761
1789152628,9,0,0.012,4131761
1789152629,9,0,0.006,4131761
1789152629,9,0,0.006,4131761
1789152629,9,0,0.012,4131761
1789152629,9,0,0.007,4131761
1789152629,9,0,0.008,4131761
1789152629,9,0,0.008,4131761
1789152629,8,0,0.036,4131761
1789152630,9,0,0.017,4131761
1789152630,9,0,0.006,4131761
1789152630,9,0,0.031,4131761
1789152630,9,0,0.004,4131761
1789152630,9,0,0.003,4131761
1789152630,9,0,0.005,4131761
1789152630,9,0,0.018,4131761
1789152631,9,0,0.028,4131761
1789152631,9,0,0.009,4131761
1789152631,9,0,0.006,4131761
1789152631,9,0,0.031,4131761
1789152631,8,0,0.047,4131761
1789152631,9,0,0.008,4131761
1789152631,9,0,0.003,4131761
1789152631,9,0,0.011,4131761
1789152631,9,0,0.003,4131761
1789152631,9,0,0.002,4131761
1789152632,9,0,0.005,4131761
1789152632,9,0,0.008,4131761
1789152632,9,0,0.003,4131761
1789152632,9,0,0.011,4131761
1789152632,8,0,0.035,4131761
1789152633,9,0,0.004,4131761
1789152633,9,0,0.003,4131761
1789152633,9,0,0.014,4131761
1789152633,9,0,0.007,4131761
1789152633,9,0,0.015,4131761
1789152634,9,0,0.004,4131761
1789152634,9,0,0.012,4131761
1789152635,9,0,0.006,4131761
1789152635,9,0,0.005,4131761
1789152635,9,0,0.003,4131761
1789152635,9,0,0.003,4131761
1789152635,9,0,0.007,4131761
1789152635,8,0,0.065,4131761
1789152635,9,0,0.011,4131761
1789152635,9,0,0.009,4131761
1789152635,9,0,0.003,4131761
1789152635,9,0,0.01,4131761
1789152635,9,0,0.005,4131761
1789152635,9,0,0.003,4131761
1789152635,9,0,0.004,4131761
1789152635,9,0,0.004,4131761
1789152635,8,0,0.032,4131761
1789152636,9,0,0.003,4131761
1789152636,9,0,0.01,4131761
1789152636,9,0,0.009,4131761
1789152636,9,0,0.021,4131761
1789152636,9,0,0.013,4131761
1789152636,9,0,0.011,4131761
1789152636,9,0,0.009,4131761
1789152636,9,0,0.006,4131761
1789152637,9,0,0.037,4131761
1789152637,9,0,0.005,4131761
1789152637,8,0,0.035,4131761
1789152637,9,0,0.007,4131761
1789152638,9,0,0.003,4131761
1789152638,9,0,0.011,4131761
1789152638,9,0,0.003,4131761
1789152639,9,0,0.022,4131761
1789152639,9,0,0.004,4131761
1789152639,9,0,0.037,4131761
1789152639,9,0,0.014,4131761
1789152639,9,0,0.012,4131761
1789152640,9,0,0.003,4131761
1789152640,8,0,0.035,4131761
1789152640,9,0,0.01,4131761
1789152640,9,0,0.02,4131761
1789152640,9,0,0.013,4131761
1789152640,9,0,0.021,4131761
1789152641,9,0,0.008,4131761
1789152641,9,0,0.003,4131761
1789152641,9,0,0.006,4131761
1789152641,9,0,0.01,4131761
1789152641,9,0,0.005,4131761
1789152641,9,0,0.01,4131761
1789152641,8,0,0.071,4131761
1789152641,9,0,0.005,4131761
1789152641,9,0,0.003,4131761
1789152641,9,0,0.005,4131761
1789152641,9,0,0.017,4131761
1789152641,9,0,0.019,4131761
1789152642,9,0,0.007,4131761
1789152642,9,0,0.007,4131761
1789152642,9,0,0.009,4131761
1789152642,9,0,0.003,4131761
1789152642,9,0,0.004,4131761
1789152642,8,0,0.029,4131761
1789152643,9,0,0.003,4131761
1789152643,9,0,0.027,4131761
1789152644,9,0,0.015,4131761
1789152645,9,0,0.007,4131761
1789152646,9,0,0.006,4131761
1789152646,9,0,0.003,4131761
1789152647,9,0,0.003,4131761
1789152647,9,0,0.014,4131761
1789152647,9,0,0.003,4131761
1789152647,9,0,0.028,4131761
1789152647,8,0,0.047,4131761
1789152648,9,0,0.007,4131761
1789152648,9,0,0.008,4131761
1789152648,9,0,0.011,4131761
1789152648,9,0,0.007,4131761
1789152649,9,0,0.024,4131761
1789152649,9,0,0.02,4131761
1789152649,9,0,0.007,4131761
1789152649,9,0,0.01,4131761
1789152650,9,0,0.022,4131761
1789152650,9,0,0.003,4131761
1789152650,8,0,0.062,4131761
1789152650,9,0,0.007,4131761
1789152651,9,0,0.004,4131761
1789152651,9,0,0.003,4131761
1789152651,9,0,0.005,4131761
1789152651,9,0,0.02,4131761
1789152651,9,0,0.015,4131761
1789152652,9,0,0.005,4131761
1789152652,9,0,0.007,4131761
1789152652,9,0,0.006,4131761
1789152652,9,0,0.019,4131761
1789152652,8,0,0.07,4131761
1789152652,9,0,0.004,4131761
1789152652,9,0,0.008,4131761
1789152652,9,0,0.013,4131761
1789152653,9,0,0.011,4131761
1789152653,9,0,0.003,4131761
1789152654,9,0,0.004,4131761
1789152654,9,0,0.009,4131761
1789152654,9,0,0.007,4131761
1789152654,9,0,0.019,4131761
1789152655,9,0,0.008,4131761
1789152655,8,0,0.057,4131761
1789152655,9,0,0.017,4131761
1789152655,9,0,0.012,4131761
1789152655,9,0,0.029,4131761
1789152655,9,0,0.008,4131761
1789152656,9,0,0.006,4131761
1789152656,9,0,0.015,4131761
1789152656,9,0,0.015,4131761
1789152656,9,0,0.011,4131761
1789152656,9,0,0.018,4131761
1789152656,9,0,0.015,4131761
1789152656,8,0,0.057,4131761
1789152656,9,0,0.01,4131761
1789152656,9,0,0.003,4131761
1789152656,9,0,0.003,4131761
1789152656,9,0,0.003,4131761
1789152656,9,0,0.006,4131761
1789152656,9,0,0.005,4131761
1789152657,9,0,0.006,4131761
1789152657,9,0,0.012,4131761
1789152657,9,0,0.009,4131761
1789152657,9,0,0.003,4131761
1789152657,9,0,0.007,4131761
1789152657,8,0,0.05,4131761
1789152658,9,0,0.004,4131761
1789152658,9,0,0.003,4131761
1789152658,9,0,0.02,4131761
1789152658,9,0,0.007,4131761
1789152658,9,0,0.007,4131761
1789152658,9,0,0.023,4131761
1789152658,9,0,0.011,4131761
1789152658,9,0,0.007,4131761
1789152658,9,0,0.003,4131761
1789152658,8,0,0.04,4131761
1789152658,9,0,0.02,4131761
1789152659,9,0,0.009,4131761
1789152659,9,0,0.005,4131761
1789152659,9,0,0.011,4131761
1789152659,9,0,0.007,4131761
1789152659,9,0,0.013,4131761
1789152660,9,0,0.011,4131761
1789152661,9,0,0.03,4131761
1789152662,9,0,0.008,4131761
1789152662,9,0,0.012,4131761
1789152662,8,0,0.044,4131761
1789152662,9,0,0.009,4131761
1789152662,9,0,0.003,4131761
1789152663,9,0,0.006,4131761
1789152663,9,0,0.003,4131761
1789152663,9,0,0.006,4131761
1789152663,9,0,0.009,4131761
1789152664,9,0,0.003,4131761
1789152664,9,0,0.005,4131761
1789152664,9,0,0.003,4131761
1789152665,9,0,0.005,4131761
1789152665,8,0,0.072,4131761
1789152665,9,0,0.003,4131761
1789152665,9,0,0.003,4131761
1789152665,9,0,0.006,4131761
1789152665,9,0,0.048,4131761
1789152665,9,0,0.006,4131761
1789152665,9,0,0.012,4131761
1789152666,9,0,0.006,4131761
1789152666,9,0,0.008,4131761
1789152666,9,0,0.025,4131761
1789152666,9,0,0.021,4131761
1789152666,9,0,0.005,4131761
1789152666,9,0,0.006,4131761
1789152666,8,0,0.046,4131761
1789152666,9,0,0.008,4131761
1789152666,9,0,0.009,4131761
1789152666,9,0,0.008,4131761
1789152666,9,0,0.012,4131761
1789152667,9,0,0.006,4131761
1789152667,9,0,0.003,4131761
1789152667,9,0,0.006,4131761
1789152668,9,0,0.015,4131761
1789152668,8,0,0.042,4131761
1789152668,9,0,0.004,4131761
1789152668,9,0,0.003,4131761
1789152668,9,0,0.017,4131761
1789152668,9,0,0.004,4131761
1789152668,9,0,0.021,4131761
1789152669,9,0,0.032,4131761
1789152669,9,0,0.004,4131761
1789152670,9,0,0.004,4131761
1789152670,9,0,0.006,4131761
1789152671,9,0,0.008,4131761
1789152671,8,0,0.047,4131761
1789152671,9,0,0.007,4131761
1789152671,9,0,0.004,4131761
1789152672,9,0,0.005,4131761
1789152672,9,0,0.003,4131761
1789152672,9,0,0.006,4131761
1789152673,9,0,0.003,4131761
1789152673,9,0,0.006,4131761
1789152674,9,0,0.003,4131761
1789152674,9,0,0.008,4131761
1789152675,9,0,0.006,4131761
1789152675,8,0,0.079,4131761
1789152675,9,0,0.008,4131761
1789152675,9,0,0.015,4131761
1789152675,9,0,0.005,4131761
1789152675,9,0,0.028,4131761
1789152675,9,0,0.005,4131761
1789152675,9,0,0.006,4131761
1789152676,9,0,0.031,4131761
1789152676,9,0,0.011,4131761
1789152676,9,0,0.011,4131761
1789152676,9,0,0.003,4131761
1789152676,8,0,0.058,4131761
1789152676,9,0,0.004,4131761
1789152676,9,0,0.022,4131761
1789152676,9,0,0.01,4131761
1789152676,9,0,0.003,4131761
1789152677,9,0,0.006,4131761
1789152677,9,0,0.003,4131761
1789152677,9,0,0.005,4131761
1789152677,9,0,0.003,4131761
1789152677,9,0,0.014,4131761
1789152677,9,0,0.006,4131761
1789152677,8,0,0.039,4131761
1789152677,9,0,0.005,4131761
1789152677,9,0,0.006,4131761
1789152677,9,0,0.006,4131761
1789152677,9,0,0.004,4131761
1789152677,9,0,0.004,4131761
1789152677,9,0,0.004,4131761
1789152677,9,0,0.004,4131761
1789152677,9,0,0.015,4131761
1789152677,9,0,0.005,4131761
1789152677,9,0,0.009,4131761
1789152677,8,0,0.032,4131761
1789152677,9,0,0.003,4131761
1789152678,9,0,0.037,4131761
1789152678,9,0,0.007,4131761
1789152678,9,0,0.031,4131761
1789152678,9,0,0.019,4131761
1789152678,9,0,0.004,4131761
1789152679,9,0,0.012,4131761
1789152679,9,0,0.005,4131761
1789152679,9,0,0.004,4131761
1789152679,9,0,0.005,4131761
1789152680,8,0,0.045,4131761
1789152680,9,0,0.003,4131761
1789152680,9,0,0.009,4131761
1789152680,9,0,0.008,4131761
1789152680,9,0,0.005,4131761
1789152680,9,0,0.009,4131761
1789152681,9,0,0.005,4131761
1789152682,9,0,0.031,4131761
1789152682,9,0,0.009,4131761
1789152682,9,0,0.005,4131761
1789152683,9,0,0.003,4131761
1789152683,8,0,0.066,4131761
1789152683,9,0,0.008,4131761
1789152683,9,0,0.017,4131761
1789152683,9,0,0.006,4131761
1789152683,9,0,0.018,4131761
1789152683,9,0,0.014,4131761
1789152684,9,0,0.014,4131761
1789152684,9,0,0.005,4131761
1789152684,9,0,0.003,4131761
1789152684,9,0,0.014,4131761
1789152685,9,0,0.008,4131761
1789152685,8,0,0.039,4131761
1789152685,9,0,0.006,4131761
1789152685,9,0,0.031,4131761
1789152685,9,0,0.031,4131761
1789152685,9,0,0.008,4131761
1789152685,9,0,0.014,4131761
1789152685,9,0,0.007,4131761
1789152685,9,0,0.003,4131761
1789152686,9,0,0.009,4131761
1789152687,9,0,0.003,4131761
1789152687,9,0,0.013,4131761
1789152687,9,0,0.01,4131761
1789152687,8,0,0.043,4131761
1789152687,9,0,0.018,4131761
1789152687,9,0,0.011,4131761
1789152687,9,0,0.004,4131761
1789152687,9,0,0.003,4131761
1789152687,9,0,0.021,4131761
1789152687,9,0,0.003,4131761
1789152688,9,0,0.003,4131761
1789152689,9,0,0.011,4131761
1789152689,9,0,0.011,4131761
1789152689,8,0,0.038,4131761
1789152689,9,0,0.006,4131761
1789152689,9,0,0.003,4131761
1789152689,9,0,0.017,4131761
1789152689,9,0,0.004,4131761
1789152689,9,0,0.004,4131761
1789152689,9,0,0.003,4131761
1789152689,9,0,0.003,4131761
1789152690,9,0,0.04,4131761
1789152690,9,0,0.007,4131761
1789152690,9,0,0.004,4131761
1789152690,8,0,0.054,4131761
1789152690,9,0,0.013,4131761
1789152690,9,0,0.007,4131761
1789152691,9,0,0.006,4131761
1789152691,9,0,0.004,4131761
1789152691,9,0,0.023,4131761
1789152691,9,0,0.004,4131761
1789152691,9,0,0.012,4131761
1789152691,9,0,0.004,4131761
1789152691,9,0,0.008,4131761
1789152691,9,0,0.006,4131761
1789152691,8,0,0.031,4131761
1789152691,9,0,0.004,4131761
1789152691,9,0,0.012,4131761
1789152691,9,0,0.01,4131761
1789152691,9,0,0.004,4131761
1789152691,9,0,0.009,4131761
1789152692,9,0,0.008,4131761
1789152692,9,0,0.009,4131761
1789152692,9,0,0.005,4131761
1789152692,9,0,0.007,4131761
1789152692,9,0,0.004,4131761
1789152692,8,0,0.045,4131761
1789152693,9,0,0.005,4131761
1789152693,9,0,0.01,4131761
1789152693,9,0,0.015,4131761
1789152694,9,0,0.005,4131761
1789152694,9,0,0.004,4131761
1789152695,9,0,0.006,4131761
1789152695,9,0,0.006,4131761
1789152695,9,0,0.017,4131761
1789152695,9,0,0.022,4131761
1789152696,9,0,0.02,4131761
1789152696,8,0,0.055,4131761
1789152696,9,0,0.008,4131761
1789152696,9,0,0.024,4131761
1789152696,9,0,0.048,4131761
1789152696,9,0,0.004,4131761
1789152696,9,0,0.003,4131761
1789152696,9,0,0.013,4131761
1789152696,9,0,0.011,4131761
1789152697,9,0,0.003,4131761
1789152697,9,0,0.019,4131761
1789152697,9,0,0.017,4131761
1789152697,8,0,0.071,4131761
1789152697,9,0,0.053,4131761
1789152697,9,0,0.009,4131761
1789152697,9,0,0.014,4131761
1789152698,9,0,0.037,4131761
1789152698,9,0,0.011,4131761
1789152698,9,0,0.005,4131761
1789152698,9,0,0.028,4131761
1789152698,9,0,0.015,4131761
1789152698,9,0,0.003,4131761
1789152698,9,0,0.009,4131761
1789152699,9,0,0.046,4131761
1789152699,8,0,0.083,4131761
1789152699,9,0,0.017,4131761
1789152699,9,0,0.003,4131761
1789152699,9,0,0.004,4131761
1789152699,9,0,0.018,4131761
1789152699,9,0,0.013,4131761
1789152699,9,0,0.008,4131761
1789152699,9,0,0.012,4131761
1789152699,9,0,0.008,4131761
1789152699,9,0,0.016,4131761
1789152699,9,0,0.013,4131761
1789152699,8,0,0.043,4131761
1789152700,9,0,0.013,4131761
1789152700,9,0,0.007,4131761
1789152700,9,0,0.016,4131761
1789152700,9,0,0.003,4131761
1789152701,9,0,0.011,4131761
1789152701,9,0,0.009,4131761
1789152702,9,0,0.007,4131761
1789152702,9,0,0.004,4131761
1789152702,9,0,0.01,4131761
1789152702,9,0,0.005,4131761
1789152702,8,0,0.038,4131761
1789152702,9,0,0.011,4131761
1789152702,9,0,0.003,4131761
1789152703,9,0,0.012,4131761
1789152703,9,0,0.004,4131761
1789152703,9,0,0.007,4131761
1789152703,9,0,0.003,4131761
1789152703,9,0,0.003,4131761
1789152703,9,0,0.012,4131761
1789152703,9,0,0.009,4131761
1789152703,8,0,0.03,4131761
1789152703,9,0,0.008,4131761
1789152703,9,0,0.003,4131761
1789152704,9,0,0.007,4131761
1789152704,9,0,0.003,4131761
1789152704,9,0,0.049,4131761
1789152704,9,0,0.011,4131761
1789152704,9,0,0.024,4131761
1789152704,9,0,0.006,4131761
1789152704,9,0,0.014,4131761
1789152705,9,0,0.004,4131761
1789152705,8,0,0.05,4131761
1789152705,9,0,0.006,4131761
1789152705,9,0,0.009,4131761
1789152705,9,0,0.015,4131761
1789152705,9,0,0.009,4131761
1789152705,9,0,0.004,4131761
1789152705,9,0,0.02,4131761
1789152705,9,0,0.005,4131761
1789152706,9,0,0.012,4131761
1789152706,9,0,0.003,4131761
1789152708,9,0,0.004,4131761
1789152708,8,0,0.03,4131761
1789152708,9,0,0.004,4131761
1789152708,9,0,0.004,4131761
1789152708,9,0,0.012,4131761
1789152708,9,0,0.003,4131761
1789152708,9,0,0.011,4131761
1789152708,9,0,0.008,4131761
1789152708,9,0,0.03,4131761
1789152709,9,0,0.005,4131761
1789152709,9,0,0.009,4131761
1789152709,9,0,0.003,4131761
1789152709,8,0,0.032,4131761
1789152709,9,0,0.009,4131761
1789152709,9,0,0.018,4131761
1789152709,9,0,0.015,4131761
1789152709,9,0,0.012,4131761
1789152709,9,0,0.003,4131761
1789152709,9,0,0.007,4131761
1789152709,9,0,0.007,4131761
1789152710,9,0,0.041,4131761
1789152710,9,0,0.01,4131761
1789152710,9,0,0.004,4131761
1789152710,8,0,0.029,4131761
1789152711,9,0,0.005,4131761
1789152711,9,0,0.006,4131761
1789152711,9,0,0.004,4131761
1789152712,9,0,0.011,4131761
1789152712,9,0,0.021,4131761
1789152712,9,0,0.003,4131761
1789152713,9,0,0.004,4131761
1789152713,9,0,0.005,4131761
1789152713,9,0,0.004,4131761
1789152713,9,0,0.004,4131761
1789152713,8,0,0.055,4131761
1789152713,9,0,0.01,4131761
1789152713,9,0,0.003,4131761
1789152714,9,0,0.011,4131761
1789152714,9,0,0.02,4131761
1789152714,9,0,0.006,4131761
1789152714,9,0,0.006,4131761
1789152714,9,0,0.023,4131761
1789152714,9,0,0.019,4131761
1789152714,9,0,0.003,4131761
1789152715,9,0,0.004,4131761
1789152715,8,0,0.044,4131761
1789152715,9,0,0.004,4131761
1789152715,9,0,0.004,4131761
1789152715,9,0,0.013,4131761
1789152715,9,0,0.012,4131761
1789152715,9,0,0.005,4131761
1789152715,9,0,0.004,4131761
1789152715,9,0,0.012,4131761
1789152716,9,0,0.009,4131761
1789152716,9,0,0.027,4131761
1789152716,9,0,0.005,4131761
1789152716,8,0,0.03,4131761
1789152717,9,0,0.008,4131761
1789152717,9,0,0.005,4131761
1789152717,9,0,0.023,4131761
1789152718,9,0,0.003,4131761
1789152718,9,0,0.011,4131761
1789152718,9,0,0.014,4131761
1789152718,9,0,0.003,4131761
1789152718,9,0,0.031,4131761
1789152718,9,0,0.003,4131761
1789152718,9,0,0.013,4131761
1789152718,8,0,0.057,4131761
1789152719,9,0,0.003,4131761
1789152719,9,0,0.007,4131761
1789152719,9,0,0.003,4131761
1789152720,9,0,0.004,4131761
1789152720,9,0,0.003,4131761
1789152720,9,0,0.004,4131761
1789152720,9,0,0.01,4131761
1789152720,9,0,0.005,4131761
1789152720,9,0,0.004,4131761
1789152721,9,0,0.015,4131761
1789152721,8,0,0.048,4131761
1789152721,9,0,0.016,4131761
1789152721,9,0,0.028,4131761
1789152722,9,0,0.015,4131761
1789152722,9,0,0.003,4131761
1789152722,9,0,0.003,4131761
1789152722,9,0,0.004,4131761
1789152722,9,0,0.014,4131761
1789152723,9,0,0.012,4131761
1789152723,9,0,0.005,4131761
1789152723,9,0,0.003,4131761
1789152723,8,0,0.058,4131761
1789152724,9,0,0.006,4131761
1789152724,9,0,0.011,4131761
1789152724,9,0,0.003,4131761
1789152724,9,0,0.003,4131761
1789152724,9,0,0.003,4131761
1789152724,9,0,0.004,4131761
1789152724,9,0,0.005,4131761
1789152724,9,0,0.018,4131761
1789152725,9,0,0.003,4131761
1789152725,9,0,0.004,4131761
1789152725,8,0,0.054,4131761
1789152725,9,0,0.004,4131761
1789152725,9,0,0.003,4131761
1789152726,9,0,0.003,4131761
1789152726,9,0,0.008,4131761
1789152726,9,0,0.012,4131761
1789152726,9,0,0.006,4131761
1789152727,9,0,0.003,4131761
1789152727,9,0,0.003,4131761
1789152727,9,0,0.02,4131761
1789152727,9,0,0.006,4131761
1789152727,8,0,0.03,4131761
1789152727,9,0,0.004,4131761
1789152728,9,0,0.02,4131761
1789152728,9,0,0.003,4131761
1789152729,9,0,0.003,4131761
1789152730,9,0,0.014,4131761
1789152731,9,0,0.011,4131761
1789152731,9,0,0.023,4131761
1789152731,9,0,0.013,4131761
1789152732,9,0,0.009,4131761
1789152732,9,0,0.011,4131761
1789152732,8,0,0.053,4131761
1789152732,9,0,0.004,4131761
1789152732,9,0,0.004,4131761
1789152732,9,0,0.004,4131761
1789152732,9,0,0.004,4131761
1789152732,9,0,0.004,4131761
1789152732,9,0,0.008,4131761
1789152732,9,0,0.013,4131761
1789152732,9,0,0.003,4131761
1789152732,9,0,0.013,4131761
1789152733,9,0,0.003,4131761
1789152733,8,0,0.033,4131761
1789152733,9,0,0.003,4131761
1789152733,9,0,0.011,4131761
1789152733,9,0,0.004,4131761
1789152733,9,0,0.004,4131761
1789152733,9,0,0.004,4131761
1789152733,9,0,0.007,4131761
1789152733,9,0,0.007,4131761
1789152733,9,0,0.005,4131761
1789152733,9,0,0.036,4131761
1789152733,9,0,0.069,4131761
1789152733,8,0,0.061,4131761
1789152733,9,0,0.008,4131761
1789152734,9,0,0.003,4131761
1789152734,9,0,0.003,4131761
1789152734,9,0,0.012,4131761
1789152734,9,0,0.015,4131761
1789152734,9,0,0.004,4131761
1789152734,9,0,0.007,4131761
1789152735,9,0,0.01,4131761
1789152735,9,0,0.006,4131761
1789152735,9,0,0.043,4131761
1789152735,8,0,0.059,4131761
1789152736,9,0,0.007,4131761
1789152736,9,0,0.006,4131761
1789152736,9,0,0.006,4131761
1789152736,9,0,0.01,4131761
1789152736,9,0,0.006,4131761
1789152736,9,0,0.005,4131761
1789152736,9,0,0.008,4131761
1789152737,9,0,0.02,4131761
1789152737,9,0,0.008,4131761
1789152737,9,0,0.012,4131761
1789152737,8,0,0.041,4131761
1789152737,9,0,0.008,4131761
1789152737,9,0,0.005,4131761
1789152738,9,0,0.013,4131761
1789152738,9,0,0.003,4131761
1789152738,9,0,0.005,4131761
1789152738,9,0,0.007,4131761
1789152738,9,0,0.012,4131761
1789152738,9,0,0.005,4131761
1789152739,9,0,0.004,4131761
1789152739,9,0,0.029,4131761
1789152739,8,0,0.039,4131761
1789152739,9,0,0.004,4131761
1789152740,9,0,0.008,4131761
1789152740,9,0,0.004,4131761
1789152740,9,0,0.004,4131761
1789152740,9,0,0.007,4131761
1789152741,9,0,0.003,4131761
1789152742,9,0,0.01,4131761
1789152742,9,0,0.022,4131761
1789152743,9,0,0.022,4131761
1789152743,9,0,0.011,4131761
1789152743,8,0,0.066,4131761
1789152743,9,0,0.018,4131761
1789152743,9,0,0.004,4131761
1789152743,9,0,0.014,4131761
1789152744,9,0,0.014,4131761
1789152744,9,0,0.003,4131761
1789152744,9,0,0.013,4131761
1789152745,9,0,0.006,4131761
1789152746,9,0,0.006,4131761
1789152746,9,0,0.003,4131761
1789152747,9,0,0.003,4131761
1789152747,8,0,0.037,4131761
1789152747,9,0,0.004,4131761
1789152747,9,0,0.013,4131761
1789152747,9,0,0.009,4131761
1789152747,9,0,0.006,4131761
1789152747,9,0,0.006,4131761
1789152747,9,0,0.004,4131761
1789152748,9,0,0.035,4131761
1789152748,9,0,0.003,4131761
1789152748,9,0,0.006,4131761
1789152748,9,0,0.011,4131761
1789152748,9,0,0.004,4131761
1789152748,8,0,0.034,4131761
1789152748,9,0,0.005,4131761
1789152748,9,0,0.038,4131761
1789152748,9,0,0.018,4131761
1789152749,9,0,0.004,4131761
1789152749,9,0,0.006,4131761
1789152749,9,0,0.005,4131761
1789152750,9,0,0.004,4131761
1789152750,9,0,0.008,4131761
1789152751,9,0,0.008,4131761
1789152751,8,0,0.036,4131761
1789152751,9,0,0.006,4131761
1789152751,9,0,0.01,4131761
1789152751,9,0,0.004,4131761
1789152751,9,0,0.016,4131761
1789152752,9,0,0.036,4131761
1789152752,9,0,0.013,4131761
1789152752,9,0,0.003,4131761
1789152752,9,0,0.003,4131761
1789152752,9,0,0.012,4131761
1789152753,9,0,0.009,4131761
1789152753,8,0,0.031,4131761
1789152753,9,0,0.011,4131761
1789152753,9,0,0.003,4131761
1789152753,9,0,0.003,4131761
1789152753,9,0,0.003,4131761
1789152753,9,0,0.007,4131761
1789152754,9,0,0.003,4131761
1789152754,9,0,0.01,4131761
1789152755,9,0,0.005,4131761
1789152755,9,0,0.003,4131761
1789152755,9,0,0.003,4131761
1789152755,9,0,0.003,4131761
1789152756,8,0,0.061,4131761
1789152756,9,0,0.008,4131761
1789152756,9,0,0.005,4131761
1789152756,9,0,0.011,4131761
1789152757,9,0,0.011,4131761
1789152757,9,0,0.011,4131761
1789152757,9,0,0.004,4131761
1789152758,9,0,0.025,4131761
1789152758,9,0,0.005,4131761
1789152758,9,0,0.003,4131761
1789152758,8,0,0.034,4131761
1789152758,9,0,0.006,4131761
1789152758,9,0,0.008,4131761
1789152758,9,0,0.004,4131761
1789152758,9,0,0.025,4131761
1789152758,9,0,0.004,4131761
1789152758,9,0,0.022,4131761
1789152759,9,0,0.003,4131761
1789152759,9,0,0.004,4131761
1789152759,9,0,0.006,4131761
1789152759,9,0,0.004,4131761
1789152759,8,0,0.037,4131761
1789152759,9,0,0.003,4131761
1789152759,9,0,0.004,4131761
1789152759,9,0,0.003,4131761
1789152759,9,0,0.009,4131761
1789152759,9,0,0.01,4131761
1789152759,9,0,0.003,4131761
1789152759,9,0,0.013,4131761
1789152760,9,0,0.004,4131761
1789152760,9,0,0.009,4131761
1789152760,9,0,0.003,4131761
1789152760,8,0,0.044,4131761
1789152760,9,0,0.004,4131761
1789152760,9,0,0.012,4131761
1789152760,9,0,0.003,4131761
1789152760,9,0,0.003,4131761
1789152760,9,0,0.003,4131761
1789152760,9,0,0.004,4131761
1789152761,9,0,0.004,4131761
1789152761,9,0,0.013,4131761
1789152761,9,0,0.003,4131761
1789152761,9,0,0.01,4131761
1789152761,8,0,0.052,4131761
1789152761,9,0,0.003,4131761
1789152761,9,0,0.003,4131761
1789152762,9,0,0.004,4131761
1789152762,9,0,0.008,4131761
1789152762,9,0,0.008,4131761
1789152762,9,0,0.009,4131761
1789152762,9,0,0.035,4131761
1789152762,9,0,0.015,4131761
1789152762,9,0,0.009,4131761
1789152762,9,0,0.007,4131761
1789152762,8,0,0.037,4131761
1789152762,9,0,0.017,4131761
1789152762,9,0,0.003,4131761
1789152763,9,0,0.023,4131761
1789152763,9,0,0.004,4131761
1789152763,9,0,0.009,4131761
1789152763,9,0,0.009,4131761
1789152763,9,0,0.008,4131761
1789152763,9,0,0.004,4131761
1789152763,9,0,0.011,4131761
1789152764,9,0,0.004,4131761
1789152764,9,0,0.004,4131761
1789152764,9,0,0.003,4131761
1789152764,8,0,0.033,4131761
1789152764,9,0,0.007,4131761
1789152764,9,0,0.004,4131761
1789152764,9,0,0.004,4131761
1789152765,9,0,0.018,4131761
1789152765,9,0,0.004,4131761
1789152765,9,0,0.003,4131761
1789152765,9,0,0.005,4131761
1789152765,9,0,0.014,4131761
1789152765,8,0,0.04,4131761
1789152765,9,0,0.003,4131761
1789152765,9,0,0.008,4131761
1789152766,9,0,0.003,4131761
1789152766,9,0,0.01,4131761
1789152766,9,0,0.013,4131761
1789152767,9,0,0.013,4131761
1789152767,9,0,0.008,4131761
1789152767,9,0,0.01,4131761
1789152767,9,0,0.003,4131761
1789152768,9,0,0.012,4131761
1789152768,8,0,0.035,4131761
1789152768,9,0,0.007,4131761
1789152768,9,0,0.012,4131761
1789152769,9,0,0.004,4131761
1789152769,9,0,0.003,4131761
1789152769,9,0,0.011,4131761
1789152770,9,0,0.04,4131761
1789152770,9,0,0.014,4131761
1789152770,9,0,0.015,4131761
1789152770,9,0,0.017,4131761
1789152770,9,0,0.012,4131761
1789152770,8,0,0.048,4131761
1789152770,9,0,0.003,4131761
1789152770,9,0,0.012,4131761
1789152771,9,0,0.047,4131761
1789152771,9,0,0.003,4131761
1789152771,9,0,0.003,4131761
1789152771,9,0,0.004,4131761
1789152772,9,0,0.005,4131761
1789152772,9,0,0.019,4131761
1789152772,9,0,0.004,4131761
1789152772,9,0,0.015,4131761
1789152772,8,0,0.048,4131761
1789152772,9,0,0.004,4131761
1789152772,9,0,0.027,4131761
1789152772,9,0,0.02,4131761
1789152772,9,0,0.01,4131761
1789152772,9,0,0.003,4131761
1789152773,9,0,0.003,4131761
1789152773,9,0,0.004,4131761
1789152775,9,0,0.017,4131761
1789152775,9,0,0.003,4131761
1789152775,9,0,0.004,4131761
1789152775,8,0,0.028,4131761
1789152775,9,0,0.003,4131761
1789152776,9,0,0.006,4131761
1789152776,9,0,0.007,4131761
1789152777,9,0,0.017,4131761
1789152777,9,0,0.007,4131761
1789152777,9,0,0.003,4131761
1789152777,9,0,0.004,4131761
1789152778,9,0,0.006,4131761
1789152778,9,0,0.007,4131761
1789152779,9,0,0.006,4131761
1789152779,8,0,0.039,4131761
1789152779,9,0,0.043,4131761
1789152779,9,0,0.004,4131761
1789152779,9,0,0.003,4131761
1789152779,9,0,0.004,4131761
1789152779,9,0,0.01,4131761
1789152780,9,0,0.003,4131761
1789152780,9,0,0.005,4131761
1789152780,9,0,0.003,4131761
1789152780,9,0,0.004,4131761
1789152780,9,0,0.007,4131761
1789152780,8,0,0.035,4131761
1789152781,9,0,0.01,4131761
1789152781,9,0,0.005,4131761
1789152781,9,0,0.011,4131761
1789152781,9,0,0.009,4131761
1789152781,9,0,0.009,4131761
1789152782,9,0,0.011,4131761
1789152782,9,0,0.018,4131761
1789152782,9,0,0.024,4131761
1789152783,9,0,0.008,4131761
1789152783,9,0,0.003,4131761
1789152783,9,0,0.025,4131761
1789152783,8,0,0.037,4131761
1789152783,9,0,0.005,4131761
1789152783,9,0,0.003,4131761
1789152784,9,0,0.009,4131761
1789152784,9,0,0.013,4131761
1789152784,9,0,0.025,4131761
1789152784,9,0,0.016,4131761
1789152784,9,0,0.003,4131761
1789152784,9,0,0.008,4131761
1789152785,9,0,0.004,4131761
1789152785,8,0,0.04,4131761
1789152785,9,0,0.01,4131761
1789152785,9,0,0.003,4131761
1789152786,9,0,0.003,4131761
1789152786,9,0,0.007,4131761
1789152786,9,0,0.008,4131761
1789152787,9,0,0.003,4131761
1789152788,9,0,0.004,4131761
1789152789,9,0,0.01,4131761
1789152791,9,0,0.007,4131761
1789152792,9,0,0.004,4131761
1789152792,8,0,0.053,4131761
1789152792,9,0,0.025,4131761
1789152792,9,0,0.004,4131761
1789152792,9,0,0.016,4131761
1789152792,9,0,0.013,4131761
1789152792,9,0,0.005,4131761
1789152792,9,0,0.007,4131761
1789152793,9,0,0.005,4131761
1789152793,9,0,0.003,4131761
1789152793,9,0,0.017,4131761
1789152793,9,0,0.003,4131761
1789152793,8,0,0.035,4131761
1789152793,9,0,0.009,4131761
1789152793,9,0,0.025,4131761
1789152793,9,0,0.004,4131761
1789152793,9,0,0.016,4131761
1789152793,9,0,0.003,4131761
1789152793,9,0,0.006,4131761
1789152794,9,0,0.01,4131761
1789152794,9,0,0.02,4131761
1789152795,9,0,0.005,4131761
1789152795,9,0,0.003,4131761
1789152795,8,0,0.037,4131761
1789152795,9,0,0.015,4131761
1789152795,9,0,0.005,4131761
1789152795,9,0,0.013,4131761
1789152795,9,0,0.008,4131761
1789152795,9,0,0.003,4131761
1789152795,9,0,0.01,4131761
1789152796,9,0,0.024,4131761
1789152796,9,0,0.027,4131761
1789152796,9,0,0.012,4131761
1789152796,9,0,0.008,4131761
1789152796,8,0,0.036,4131761
1789152796,9,0,0.01,4131761
1789152797,9,0,0.003,4131761
1789152797,9,0,0.045,4131761
1789152797,9,0,0.008,4131761
1789152797,9,0,0.003,4131761
1789152797,9,0,0.004,4131761
1789152797,9,0,0.008,4131761
1789152797,9,0,0.008,4131761
1789152797,9,0,0.008,4131761
1789152797,9,0,0.01,4131761
1789152797,9,0,0.058,4131761
1789152797,8,0,0.062,4131761
1789152798,9,0,0.026,4131761
1789152798,9,0,0.01,4131761
1789152798,9,0,0.007,4131761
1789152798,9,0,0.007,4131761
1789152798,9,0,0.003,4131761
1789152798,9,0,0.006,4131761
1789152798,9,0,0.003,4131761
1789152798,9,0,0.003,4131761
1789152799,9,0,0.007,4131761
1789152799,8,0,0.03,4131761
1789152799,9,0,0.012,4131761
1789152799,9,0,0.012,4131761
1789152799,9,0,0.003,4131761
1789152799,9,0,0.008,4131761
1789152799,9,0,0.013,4131761
1789152800,9,0,0.004,4131761
1789152801,9,0,0.007,4131761
1789152801,9,0,0.033,4131761
1789152801,9,0,0.006,4131761
1789152802,9,0,0.003,4131761
1789152802,8,0,0.033,4131761
1789152802,9,0,0.003,4131761
1789152802,9,0,0.01,4131761
1789152802,9,0,0.003,4131761
1789152802,9,0,0.008,4131761
1789152802,9,0,0.005,4131761
1789152802,9,0,0.012,4131761
1789152803,9,0,0.008,4131761
1789152803,9,0,0.01,4131761
1789152803,9,0,0.004,4131761
1789152803,9,0,0.008,4131761
1789152803,8,0,0.051,4131761
1789152803,9,0,0.006,4131761
1789152803,9,0,0.013,4131761
1789152803,9,0,0.004,4131761
1789152803,9,0,0.004,4131761
1789152803,9,0,0.006,4131761
1789152803,9,0,0.007,4131761
1789152803,9,0,0.004,4131761
1789152803,9,0,0.007,4131761
1789152804,9,0,0.003,4131761
1789152804,9,0,0.004,4131761
1789152804,9,0,0.003,4131761
1789152804,8,0,0.031,4131761
1789152804,9,0,0.01,4131761
1789152804,9,0,0.017,4131761
1789152804,9,0,0.007,4131761
1789152804,9,0,0.004,4131761
1789152804,9,0,0.013,4131761
1789152805,9,0,0.009,4131761
1789152805,9,0,0.018,4131761
1789152806,9,0,0.006,4131761
1789152806,9,0,0.01,4131761
1789152806,8,0,0.032,4131761
1789152807,9,0,0.007,4131761
1789152807,9,0,0.005,4131761
1789152807,9,0,0.012,4131761
1789152807,9,0,0.004,4131761
1789152807,9,0,0.004,4131761
1789152807,9,0,0.004,4131761
1789152807,9,0,0.009,4131761
1789152807,9,0,0.026,4131761
1789152808,9,0,0.007,4131761
1789152808,9,0,0.006,4131761
1789152808,9,0,0.009,4131761
1789152808,8,0,0.038,4131761
1789152808,9,0,0.006,4131761
1789152809,9,0,0.006,4131761
1789152809,9,0,0.014,4131761
1789152809,9,0,0.01,4131761
1789152809,9,0,0.005,4131761
1789152809,9,0,0.005,4131761
1789152810,9,0,0.009,4131761
1789152810,9,0,0.009,4131761
1789152811,9,0,0.004,4131761
1789152811,9,0,0.005,4131761
1789152811,8,0,0.034,4131761
1789152811,9,0,0.014,4131761
1789152811,9,0,0.005,4131761
1789152811,9,0,0.027,4131761
1789152811,9,0,0.003,4131761
1789152811,9,0,0.003,4131761
1789152812,9,0,0.007,4131761
1789152812,9,0,0.005,4131761
1789152812,9,0,0.014,4131761
1789152812,9,0,0.004,4131761
1789152812,9,0,0.003,4131761
1789152812,9,0,0.005,4131761
1789152812,8,0,0.05,4131761
1789152812,9,0,0.014,4131761
1789152812,9,0,0.005,4131761
1789152813,9,0,0.024,4131761
1789152813,9,0,0.003,4131761
1789152813,9,0,0.013,4131761
1789152813,9,0,0.005,4131761
1789152813,9,0,0.007,4131761
1789152814,9,0,0.014,4131761
1789152814,8,0,0.032,4131761
1789152814,9,0,0.006,4131761
1789152814,9,0,0.005,4131761
1789152815,9,0,0.006,4131761
1789152815,9,0,0.022,4131761
1789152816,9,0,0.011,4131761
1789152816,9,0,0.013,4131761
1789152816,9,0,0.007,4131761
1789152816,9,0,0.009,4131761
1789152817,9,0,0.009,4131761
1789152817,9,0,0.011,4131761
1789152817,9,0,0.038,4131761
1789152817,8,0,0.1,4131761
1789152817,9,0,0.028,4131761
1789152817,9,0,0.02,4131761
1789152817,9,0,0.011,4131761
1789152817,9,0,0.023,4131761
1789152817,9,0,0.008,4131761
1789152817,9,0,0.011,4131761
1789152817,9,0,0.012,4131761
1789152818,9,0,0.012,4131761
1789152818,9,0,0.003,4131761
1789152818,8,0,0.029,4131761
1789152818,9,0,0.003,4131761
1789152820,9,0,0.01,4131761
1789152820,9,0,0.006,4131761
1789152820,9,0,0.025,4131761
1789152820,9,0,0.006,4131761
1789152821,9,0,0.003,4131761
1789152821,9,0,0.012,4131761
1789152821,9,0,0.003,4131761
1789152821,9,0,0.009,4131761
1789152821,9,0,0.005,4131761
1789152821,8,0,0.037,4131761
1789152821,9,0,0.007,4131761
1789152821,9,0,0.006,4131761
1789152822,9,0,0.017,4131761
1789152822,9,0,0.01,4131761
1789152822,9,0,0.004,4131761
1789152822,9,0,0.004,4131761
1789152822,9,0,0.009,4131761
1789152822,9,0,0.008,4131761
1789152822,9,0,0.017,4131761
1789152823,9,0,0.005,4131761
1789152823,8,0,0.031,4131761
1789152823,9,0,0.012,4131761
1789152823,9,0,0.004,4131761
1789152823,9,0,0.031,4131761
1789152823,9,0,0.007,4131761
1789152824,9,0,0.008,4131761
1789152824,9,0,0.009,4131761
1789152824,9,0,0.003,4131761
1789152824,9,0,0.007,4131761
1789152826,9,0,0.015,4131761
1789152827,9,0,0.003,4131761
1789152827,8,0,0.036,4131761
1789152827,9,0,0.015,4131761
1789152828,9,0,0.012,4131761
1789152828,9,0,0.011,4131761
1789152828,9,0,0.009,4131761
1789152828,9,0,0.007,4131761
1789152828,9,0,0.006,4131761
1789152829,9,0,0.014,4131761
1789152829,9,0,0.004,4131761
1789152829,9,0,0.005,4131761
1789152829,9,0,0.003,4131761
1789152829,9,0,0.003,4131761
1789152829,8,0,0.033,4131761
1789152829,9,0,0.019,4131761
1789152829,9,0,0.005,4131761
1789152830,9,0,0.008,4131761
1789152830,9,0,0.004,4131761
1789152830,9,0,0.015,4131761
1789152830,9,0,0.009,4131761
1789152830,9,0,0.01,4131761
1789152830,9,0,0.007,4131761
1789152830,9,0,0.016,4131761
1789152830,9,0,0.016,4131761
1789152830,9,0,0.021,4131761
1789152830,8,0,0.105,4131761
1789152830,9,0,0.003,4131761
1789152831,9,0,0.003,4131761
1789152831,9,0,0.025,4131761
1789152831,9,0,0.003,4131761
1789152831,9,0,0.014,4131761
1789152831,9,0,0.004,4131761
1789152831,9,0,0.003,4131761
1789152831,9,0,0.024,4131761
1789152831,9,0,0.01,4131761
1789152831,8,0,0.075,4131761
1789152831,9,0,0.011,4131761
1789152832,9,0,0.082,4131761
1789152832,9,0,0.01,4131761
1789152832,9,0,0.012,4131761
1789152832,9,0,0.008,4131761
1789152832,9,0,0.003,4131761
1789152832,9,0,0.003,4131761
1789152832,9,0,0.005,4131761
1789152832,9,0,0.006,4131761
1789152832,8,0,0.031,4131761
1789152832,9,0,0.042,4131761
1789152833,9,0,0.003,4131761
1789152833,9,0,0.005,4131761
1789152833,9,0,0.003,4131761
1789152833,9,0,0.003,4131761
1789152833,9,0,0.017,4131761
1789152833,9,0,0.007,4131761
1789152834,9,0,0.008,4131761
1789152834,9,0,0.044,4131761
1789152835,9,0,0.003,4131761
1789152835,8,0,0.031,4131761
1789152835,9,0,0.004,4131761
1789152836,9,0,0.006,4131761
1789152836,9,0,0.007,4131761
1789152836,9,0,0.014,4131761
1789152836,9,0,0.004,4131761
1789152837,9,0,0.003,4131761
1789152838,9,0,0.004,4131761
1789152838,9,0,0.012,4131761
1789152838,9,0,0.004,4131761
1789152839,9,0,0.023,4131761
1789152839,8,0,0.048,4131761
1789152839,9,0,0.011,4131761
1789152839,9,0,0.004,4131761
1789152839,9,0,0.011,4131761
1789152839,9,0,0.004,4131761
1789152839,9,0,0.004,4131761
1789152839,9,0,0.016,4131761
1789152839,9,0,0.006,4131761
1789152840,9,0,0.006,4131761
1789152840,9,0,0.005,4131761
1789152840,9,0,0.012,4131761
1789152840,8,0,0.046,4131761
1789152840,9,0,0.008,4131761
1789152840,9,0,0.003,4131761
1789152840,9,0,0.003,4131761
1789152841,9,0,0.018,4131761
1789152841,9,0,0.004,4131761
1789152841,9,0,0.011,4131761
1789152842,9,0,0.003,4131761
1789152842,9,0,0.017,4131761
1789152844,9,0,0.034,4131761
1789152845,9,0,0.004,4131761
1789152845,8,0,0.032,4131761
1789152845,9,0,0.01,4131761
1789152845,9,0,0.003,4131761
1789152846,9,0,0.006,4131761
1789152846,9,0,0.003,4131761
1789152846,9,0,0.003,4131761
1789152847,9,0,0.004,4131761
1789152847,9,0,0.005,4131761
1789152847,9,0,0.013,4131761
1789152847,9,0,0.005,4131761
1789152847,9,0,0.004,4131761
1789152847,8,0,0.055,4131761
1789152847,9,0,0.015,4131761
1789152847,9,0,0.004,4131761
1789152847,9,0,0.007,4131761
1789152847,9,0,0.003,4131761
1789152847,9,0,0.01,4131761
1789152848,9,0,0.02,4131761
1789152848,9,0,0.023,4131761
1789152848,9,0,0.006,4131761
1789152849,9,0,0.011,4131761
1789152849,9,0,0.007,4131761
1789152849,9,0,0.006,4131761
1789152849,8,0,0.054,4131761
1789152849,9,0,0.01,4131761
1789152849,9,0,0.009,4131761
1789152849,9,0,0.005,4131761
1789152849,9,0,0.003,4131761
1789152849,9,0,0.008,4131761
1789152850,9,0,0.004,4131761
1789152850,9,0,0.007,4131761
1789152850,9,0,0.019,4131761
1789152851,9,0,0.005,4131761
1789152851,8,0,0.046,4131761
1789152851,9,0,0.004,4131761
1789152851,9,0,0.065,4131761
1789152851,9,0,0.018,4131761
1789152851,9,0,0.039,4131761
1789152851,9,0,0.006,4131761
1789152852,9,0,0.009,4131761
1789152852,9,0,0.003,4131761
1789152852,9,0,0.018,4131761
1789152852,9,0,0.006,4131761
1789152853,9,0,0.008,4131761
1789152853,8,0,0.043,4131761
1789152853,9,0,0.013,4131761
1789152853,9,0,0.003,4131761
1789152853,9,0,0.005,4131761
1789152854,9,0,0.007,4131761
1789152854,9,0,0.003,4131761
1789152854,9,0,0.011,4131761
1789152854,9,0,0.011,4131761
1789152854,9,0,0.003,4131761
1789152854,9,0,0.003,4131761
1789152854,9,0,0.027,4131761
1789152854,8,0,0.041,4131761
1789152854,9,0,0.014,4131761
1789152854,9,0,0.004,4131761
1789152854,9,0,0.003,4131761
1789152855,9,0,0.003,4131761
1789152855,9,0,0.003,4131761
1789152855,9,0,0.02,4131761
1789152855,9,0,0.004,4131761
1789152855,9,0,0.005,4131761
1789152856,9,0,0.027,4131761
1789152856,9,0,0.005,4131761
1789152856,8,0,0.039,4131761
1789152856,9,0,0.005,4131761
1789152856,9,0,0.003,4131761
1789152857,9,0,0.045,4131761
1789152857,9,0,0.006,4131761
1789152857,9,0,0.008,4131761
1789152857,9,0,0.003,4131761
1789152857,9,0,0.015,4131761
1789152858,9,0,0.006,4131761
1789152858,9,0,0.004,4131761
1789152858,9,0,0.009,4131761
1789152858,8,0,0.039,4131761
1789152858,9,0,0.007,4131761
1789152858,9,0,0.008,4131761
1789152858,9,0,0.01,4131761
1789152858,9,0,0.072,4131761
1789152858,9,0,0.006,4131761
1789152858,9,0,0.003,4131761
1789152859,9,0,0.008,4131761
1789152860,9,0,0.027,4131761
1789152861,9,0,0.007,4131761
1789152861,9,0,0.008,4131761
1789152861,8,0,0.075,4131761
1789152861,9,0,0.007,4131761
1789152862,9,0,0.003,4131761
1789152862,9,0,0.021,4131761
1789152862,9,0,0.003,4131761
1789152862,9,0,0.039,4131761
1789152862,9,0,0.005,4131761
1789152862,9,0,0.005,4131761
1789152864,9,0,0.03,4131761
1789152864,9,0,0.01,4131761
1789152864,9,0,0.008,4131761
1789152864,8,0,0.043,4131761
1789152865,9,0,0.011,4131761
1789152865,9,0,0.013,4131761
1789152865,9,0,0.012,4131761
1789152865,9,0,0.004,4131761
1789152865,9,0,0.016,4131761
1789152865,9,0,0.012,4131761
1789152865,9,0,0.01,4131761
1789152865,9,0,0.003,4131761
1789152865,9,0,0.004,4131761
1789152865,9,0,0.009,4131761
1789152865,8,0,0.034,4131761
1789152865,9,0,0.003,4131761
1789152866,9,0,0.017,4131761
1789152866,9,0,0.034,4131761
1789152866,9,0,0.012,4131761
1789152866,9,0,0.009,4131761
1789152867,9,0,0.014,4131761
1789152867,9,0,0.004,4131761
1789152867,9,0,0.004,4131761
1789152868,9,0,0.011,4131761
1789152868,9,0,0.013,4131761
1789152868,8,0,0.036,4131761
1789152868,9,0,0.008,4131761
1789152868,9,0,0.014,4131761
1789152868,9,0,0.018,4131761
1789152869,9,0,0.011,4131761
1789152869,9,0,0.007,4131761
1789152869,9,0,0.004,4131761
1789152870,9,0,0.018,4131761
1789152870,9,0,0.009,4131761
1789152870,9,0,0.004,4131761
1789152871,9,0,0.004,4131761
1789152871,9,0,0.031,4131761
1789152871,9,0,0.03,4131761
1789152871,8,0,0.074,4131761
1789152871,9,0,0.004,4131761
1789152872,9,0,0.016,4131761
1789152872,9,0,0.003,4131761
1789152872,9,0,0.013,4131761
1789152872,9,0,0.005,4131761
1789152873,9,0,0.006,4131761
1789152873,9,0,0.006,4131761
1789152873,9,0,0.003,4131761
1789152873,8,0,0.038,4131761
1789152873,9,0,0.006,4131761
1789152873,9,0,0.008,4131761
1789152873,9,0,0.011,4131761
1789152874,9,0,0.003,4131761
1789152874,9,0,0.007,4131761
1789152875,9,0,0.008,4131761
1789152875,9,0,0.006,4131761
1789152875,9,0,0.007,4131761
1789152875,9,0,0.003,4131761
1789152875,9,0,0.014,4131761
1789152876,8,0,0.065,4131761
1789152876,9,0,0.004,4131761
1789152876,9,0,0.012,4131761
1789152876,9,0,0.008,4131761
1789152876,9,0,0.009,4131761
1789152876,9,0,0.007,4131761
1789152876,9,0,0.006,4131761
1789152876,9,0,0.003,4131761
1789152876,9,0,0.036,4131761
1789152876,9,0,0.008,4131761
1789152876,9,0,0.006,4131761
1789152876,8,0,0.031,4131761
1789152876,9,0,0.006,4131761
1789152877,9,0,0.01,4131761
1789152877,9,0,0.003,4131761
1789152877,9,0,0.004,4131761
1789152877,9,0,0.003,4131761
1789152877,9,0,0.003,4131761
1789152878,9,0,0.004,4131761
1789152878,9,0,0.003,4131761
1789152878,9,0,0.008,4131761
1789152878,9,0,0.004,4131761
1789152878,8,0,0.029,4131761
1789152878,9,0,0.003,4131761
1789152879,9,0,0.01,4131761
1789152879,9,0,0.004,4131761
1789152879,9,0,0.003,4131761
1789152879,9,0,0.003,4131761
1789152880,9,0,0.036,4131761
1789152881,9,0,0.022,4131761
1789152881,9,0,0.003,4131761
1789152882,9,0,0.006,4131761
1789152882,9,0,0.003,4131761
1789152882,8,0,0.04,4131761
1789152882,9,0,0.012,4131761
1789152882,9,0,0.012,4131761
1789152882,9,0,0.014,4131761
1789152883,9,0,0.02,4131761
1789152883,9,0,0.006,4131761
1789152883,9,0,0.016,4131761
1789152883,9,0,0.016,4131761
1789152883,9,0,0.003,4131761
1789152883,9,0,0.004,4131761
1789152884,9,0,0.009,4131761
1789152884,8,0,0.035,4131761
1789152884,9,0,0.005,4131761
1789152884,9,0,0.003,4131761
1789152884,9,0,0.003,4131761
1789152884,9,0,0.003,4131761
1789152884,9,0,0.007,4131761
1789152884,9,0,0.011,4131761
1789152885,9,0,0.004,4131761
1789152885,9,0,0.003,4131761
1789152885,9,0,0.003,4131761
1789152885,9,0,0.007,4131761
1789152885,8,0,0.04,4131761
1789152885,9,0,0.006,4131761
1789152885,9,0,0.006,4131761
1789152885,9,0,0.004,4131761
1789152886,9,0,0.016,4131761
1789152886,9,0,0.003,4131761
1789152886,9,0,0.003,4131761
1789152886,9,0,0.005,4131761
1789152886,9,0,0.003,4131761
1789152886,9,0,0.016,4131761
1789152886,9,0,0.04,4131761
1789152886,9,0,0.012,4131761
1789152886,9,0,0.011,4131761
1789152886,8,0,0.067,4131761
1789152886,9,0,0.023,4131761
1789152887,9,0,0.005,4131761
1789152888,9,0,0.016,4131761
1789152888,9,0,0.006,4131761
1789152888,9,0,0.009,4131761
1789152888,9,0,0.013,4131761
1789152889,9,0,0.044,4131761
1789152889,9,0,0.005,4131761
1789152889,8,0,0.035,4131761
1789152889,9,0,0.003,4131761
1789152889,9,0,0.01,4131761
1789152889,9,0,0.016,4131761
1789152889,9,0,0.008,4131761
1789152889,9,0,0.004,4131761
1789152889,9,0,0.011,4131761
1789152889,9,0,0.006,4131761
1789152889,9,0,0.01,4131761
1789152890,9,0,0.005,4131761
1789152890,9,0,0.007,4131761
1789152890,8,0,0.03,4131761
1789152891,9,0,0.007,4131761
1789152891,9,0,0.056,4131761
1789152891,9,0,0.003,4131761
1789152891,9,0,0.017,4131761
1789152891,9,0,0.011,4131761
1789152891,9,0,0.003,4131761
1789152892,9,0,0.005,4131761
1789152892,9,0,0.005,4131761
1789152894,9,0,0.008,4131761
1789152894,9,0,0.005,4131761
1789152894,8,0,0.048,4131761
1789152894,9,0,0.009,4131761
1789152895,9,0,0.003,4131761
1789152895,9,0,0.003,4131761
1789152895,9,0,0.029,4131761
1789152895,9,0,0.04,4131761
1789152895,9,0,0.003,4131761
1789152896,9,0,0.006,4131761
1789152896,9,0,0.016,4131761
1789152896,9,0,0.009,4131761
1789152896,9,0,0.045,4131761
1789152896,8,0,0.049,4131761
1789152896,9,0,0.004,4131761
1789152896,9,0,0.031,4131761
1789152896,9,0,0.034,4131761
1789152897,9,0,0.012,4131761
1789152897,9,0,0.011,4131761
1789152897,9,0,0.009,4131761
1789152897,9,0,0.011,4131761
1789152897,9,0,0.015,4131761
1789152897,9,0,0.009,4131761
1789152898,9,0,0.009,4131761
1789152898,8,0,0.04,4131761
1789152898,9,0,0.006,4131761
1789152898,9,0,0.005,4131761
1789152898,9,0,0.014,4131761
1789152899,9,0,0.009,4131761
1789152899,9,0,0.004,4131761
1789152899,9,0,0.008,4131761
1789152899,9,0,0.009,4131761
1789152900,9,0,0.01,4131761
1789152900,9,0,0.034,4131761
1789152900,9,0,0.008,4131761
1789152900,8,0,0.038,4131761
1789152900,9,0,0.007,4131761
1789152900,9,0,0.004,4131761
1789152900,9,0,0.011,4131761
1789152900,9,0,0.025,4131761
1789152900,9,0,0.014,4131761
1789152901,9,0,0.016,4131761
1789152901,9,0,0.005,4131761
1789152901,9,0,0.005,4131761
1789152901,9,0,0.021,4131761
1789152901,9,0,0.005,4131761
1789152901,9,0,0.004,4131761
1789152901,8,0,0.033,4131761
1789152902,9,0,0.017,4131761
1789152902,9,0,0.004,4131761
1789152902,9,0,0.005,4131761
1789152902,9,0,0.003,4131761
1789152902,9,0,0.003,4131761
1789152902,9,0,0.007,4131761
1789152902,9,0,0.008,4131761
1789152903,9,0,0.005,4131761
1789152903,9,0,0.011,4131761
1789152903,8,0,0.036,4131761
1789152903,9,0,0.015,4131761
1789152903,9,0,0.014,4131761
1789152904,9,0,0.003,4131761
1789152904,9,0,0.006,4131761
1789152904,9,0,0.01,4131761
1789152904,9,0,0.029,4131761
1789152905,9,0,0.018,4131761
1789152905,9,0,0.01,4131761
1789152906,9,0,0.004,4131761
1789152907,9,0,0.014,4131761
1789152907,8,0,0.049,4131761
1789152907,9,0,0.004,4131761
1789152908,9,0,0.003,4131761
1789152908,9,0,0.005,4131761
1789152909,9,0,0.023,4131761
1789152909,9,0,0.074,4131761
1789152909,9,0,0.003,4131761
1789152909,9,0,0.003,4131761
1789152909,9,0,0.008,4131761
1789152909,9,0,0.008,4131761
1789152909,9,0,0.022,4131761
1789152909,8,0,0.033,4131761
1789152909,9,0,0.003,4131761
1789152909,9,0,0.009,4131761
1789152910,9,0,0.003,4131761
1789152910,9,0,0.008,4131761
1789152911,9,0,0.004,4131761
1789152911,9,0,0.017,4131761
1789152911,9,0,0.032,4131761
1789152912,9,0,0.016,4131761
1789152913,9,0,0.004,4131761
1789152913,9,0,0.003,4131761
1789152913,8,0,0.036,4131761
1789152913,9,0,0.008,4131761
1789152913,9,0,0.009,4131761
1789152913,9,0,0.015,4131761
1789152914,9,0,0.038,4131761
1789152914,9,0,0.012,4131761
1789152914,9,0,0.01,4131761
1789152914,9,0,0.004,4131761
1789152914,9,0,0.003,4131761
1789152914,9,0,0.006,4131761
1789152914,9,0,0.005,4131761
1789152914,8,0,0.034,4131761
1789152915,9,0,0.004,4131761
1789152915,9,0,0.006,4131761
1789152915,9,0,0.003,4131761
1789152915,9,0,0.011,4131761
1789152915,9,0,0.007,4131761
1789152915,9,0,0.003,4131761
1789152915,9,0,0.013,4131761
1789152915,9,0,0.004,4131761
1789152915,9,0,0.04,4131761
1789152915,9,0,0.014,4131761
1789152915,9,0,0.003,4131761
1789152915,8,0,0.03,4131761
1789152916,9,0,0.015,4131761
1789152916,9,0,0.004,4131761
1789152916,9,0,0.003,4131761
1789152917,9,0,0.005,4131761
1789152917,9,0,0.005,4131761
1789152918,9,0,0.003,4131761
1789152918,9,0,0.004,4131761
1789152918,9,0,0.003,4131761
1789152919,9,0,0.016,4131761
1789152919,9,0,0.016,4131761
1789152919,8,0,0.033,4131761
1789152919,9,0,0.011,4131761
1789152919,9,0,0.013,4131761
1789152919,9,0,0.003,4131761
1789152919,9,0,0.025,4131761
1789152919,9,0,0.019,4131761
1789152920,9,0,0.011,4131761
1789152921,9,0,0.035,4131761
1789152922,9,0,0.004,4131761
1789152922,9,0,0.024,4131761
1789152922,8,0,0.058,4131761
1789152922,9,0,0.006,4131761
1789152922,9,0,0.012,4131761
1789152924,9,0,0.013,4131761
1789152924,9,0,0.012,4131761
1789152924,9,0,0.003,4131761
1789152924,9,0,0.007,4131761
1789152924,9,0,0.003,4131761
1789152924,9,0,0.003,4131761
1789152924,9,0,0.004,4131761
1789152924,9,0,0.005,4131761
1789152924,8,0,0.03,4131761
1789152924,9,0,0.003,4131761
1789152924,9,0,0.01,4131761
1789152925,9,0,0.004,4131761
1789152925,9,0,0.025,4131761
1789152926,9,0,0.005,4131761
1789152926,9,0,0.003,4131761
1789152926,9,0,0.012,4131761
1789152926,9,0,0.007,4131761
1789152927,9,0,0.003,4131761
1789152927,9,0,0.013,4131761
1789152927,8,0,0.038,4131761
1789152928,9,0,0.03,4131761
1789152928,9,0,0.003,4131761
1789152928,9,0,0.008,4131761
1789152928,9,0,0.003,4131761
1789152928,9,0,0.004,4131761
1789152929,9,0,0.015,4131761
1789152929,9,0,0.003,4131761
1789152929,9,0,0.005,4131761
1789152929,9,0,0.007,4131761
1789152929,9,0,0.004,4131761
1789152929,8,0,0.035,4131761
1789152929,9,0,0.01,4131761
1789152929,9,0,0.01,4131761
1789152929,9,0,0.007,4131761
1789152929,9,0,0.004,4131761
1789152929,9,0,0.006,4131761
1789152929,9,0,0.004,4131761
1789152929,9,0,0.004,4131761
1789152929,9,0,0.007,4131761
1789152930,9,0,0.064,4131761
1789152930,9,0,0.004,4131761
1789152930,8,0,0.03,4131761
1789152930,9,0,0.004,4131761
1789152930,9,0,0.014,4131761
1789152930,9,0,0.013,4131761
1789152931,9,0,0.004,4131761
1789152931,9,0,0.006,4131761
1789152931,9,0,0.008,4131761
1789152931,9,0,0.013,4131761
1789152931,9,0,0.028,4131761
1789152931,9,0,0.007,4131761
1789152931,9,0,0.005,4131761
1789152931,8,0,0.035,4131761
1789152931,9,0,0.006,4131761
1789152932,9,0,0.008,4131761
1789152932,9,0,0.005,4131761
1789152932,9,0,0.011,4131761
1789152932,9,0,0.014,4131761
1789152932,9,0,0.003,4131761
1789152933,9,0,0.003,4131761
1789152933,9,0,0.025,4131761
1789152933,9,0,0.007,4131761
1789152933,9,0,0.004,4131761
1789152933,8,0,0.029,4131761
1789152933,9,0,0.009,4131761
1789152934,9,0,0.005,4131761
1789152934,9,0,0.003,4131761
1789152936,9,0,0.008,4131761
1789152936,9,0,0.007,4131761
1789152937,9,0,0.008,4131761
1789152937,9,0,0.004,4131761
1789152938,9,0,0.004,4131761
1789152938,9,0,0.003,4131761
1789152939,9,0,0.007,4131761
1789152939,9,0,0.005,4131761
1789152939,8,0,0.041,4131761
1789152939,9,0,0.03,4131761
1789152939,9,0,0.003,4131761
1789152939,9,0,0.005,4131761
1789152939,9,0,0.008,4131761
1789152939,9,0,0.035,4131761
1789152939,9,0,0.016,4131761
1789152939,9,0,0.033,4131761
1789152939,9,0,0.003,4131761
1789152939,9,0,0.018,4131761
1789152939,8,0,0.03,4131761
1789152940,9,0,0.024,4131761
1789152940,9,0,0.003,4131761
1789152940,9,0,0.004,4131761
1789152940,9,0,0.012,4131761
1789152942,9,0,0.008,4131761
1789152942,9,0,0.013,4131761
1789152943,9,0,0.018,4131761
1789152943,9,0,0.011,4131761
1789152943,9,0,0.006,4131761
1789152944,9,0,0.003,4131761
1789152944,8,0,0.052,4131761
1789152944,9,0,0.006,4131761
1789152944,9,0,0.003,4131761
1789152944,9,0,0.019,4131761
1789152944,9,0,0.003,4131761
1789152944,9,0,0.008,4131761
1789152945,9,0,0.004,4131761
1789152945,9,0,0.009,4131761
1789152945,9,0,0.003,4131761
1789152945,9,0,0.006,4131761
1789152945,9,0,0.02,4131761
1789152945,8,0,0.043,4131761
1789152945,9,0,0.029,4131761
1789152945,9,0,0.003,4131761
1789152945,9,0,0.008,4131761
1789152945,9,0,0.009,4131761
1789152945,9,0,0.003,4131761
1789152945,9,0,0.004,4131761
1789152946,9,0,0.005,4131761
1789152946,9,0,0.015,4131761
1789152946,9,0,0.006,4131761
1789152946,9,0,0.004,4131761
1789152946,8,0,0.031,4131761
1789152947,9,0,0.013,4131761
1789152947,9,0,0.006,4131761
1789152947,9,0,0.003,4131761
1789152947,9,0,0.008,4131761
1789152949,9,0,0.005,4131761
1789152949,9,0,0.005,4131761
1789152949,9,0,0.026,4131761
1789152950,9,0,0.009,4131761
1789152950,9,0,0.004,4131761
1789152950,9,0,0.006,4131761
1789152951,8,0,0.047,4131761
1789152951,9,0,0.009,4131761
1789152951,9,0,0.003,4131761
1789152951,9,0,0.004,4131761
1789152951,9,0,0.011,4131761
1789152951,9,0,0.017,4131761
1789152951,9,0,0.019,4131761
1789152952,9,0,0.003,4131761
1789152952,9,0,0.006,4131761
1789152952,9,0,0.007,4131761
1789152952,9,0,0.006,4131761
1789152952,8,0,0.043,4131761
1789152952,9,0,0.015,4131761
1789152952,9,0,0.014,4131761
1789152952,9,0,0.003,4131761
1789152953,9,0,0.011,4131761
1789152953,9,0,0.015,4131761
1789152953,9,0,0.003,4131761
1789152953,9,0,0.003,4131761
1789152953,9,0,0.008,4131761
1789152953,9,0,0.019,4131761
1789152955,9,0,0.021,4131761
1789152955,8,0,0.038,4131761
1789152955,9,0,0.016,4131761
1789152955,9,0,0.026,4131761
1789152955,9,0,0.013,4131761
1789152955,9,0,0.004,4131761
1789152955,9,0,0.009,4131761
1789152956,9,0,0.006,4131761
1789152956,9,0,0.004,4131761
1789152957,9,0,0.003,4131761
1789152957,9,0,0.004,4131761
1789152957,9,0,0.007,4131761
1789152957,8,0,0.043,4131761
1789152957,9,0,0.016,4131761
1789152957,9,0,0.01,4131761
1789152957,9,0,0.004,4131761
1789152957,9,0,0.01,4131761
1789152957,9,0,0.007,4131761
1789152957,9,0,0.009,4131761
1789152957,9,0,0.007,4131761
1789152957,9,0,0.003,4131761
1789152957,9,0,0.004,4131761
1789152957,9,0,0.02,4131761
1789152957,8,0,0.052,4131761
1789152958,9,0,0.003,4131761
1789152958,9,0,0.008,4131761
1789152958,9,0,0.013,4131761
1789152959,9,0,0.006,4131761
1789152959,9,0,0.015,4131761
1789152960,9,0,0.003,4131761
1789152960,9,0,0.011,4131761
1789152960,9,0,0.017,4131761
1789152961,9,0,0.016,4131761
1789152961,9,0,0.004,4131761
1789152961,9,0,0.012,4131761
1789152961,9,0,0.023,4131761
1789152961,9,0,0.033,4131761
1789152961,8,0,0.081,4131761
1789152962,9,0,0.004,4131761
1789152962,9,0,0.007,4131761
1789152962,9,0,0.008,4131761
1789152962,9,0,0.038,4131761
1789152962,9,0,0.006,4131761
1789152963,9,0,0.009,4131761
1789152963,9,0,0.004,4131761
1789152963,8,0,0.043,4131761
1789152963,9,0,0.007,4131761
1789152963,9,0,0.008,4131761
1789152964,9,0,0.018,4131761
1789152964,9,0,0.004,4131761
1789152964,9,0,0.015,4131761
1789152964,9,0,0.003,4131761
1789152964,9,0,0.003,4131761
1789152964,9,0,0.018,4131761
1789152964,9,0,0.006,4131761
1789152965,9,0,0.008,4131761
1789152965,8,0,0.04,4131761
1789152965,9,0,0.012,4131761
1789152965,9,0,0.003,4131761
1789152966,9,0,0.003,4131761
1789152966,9,0,0.011,4131761
1789152966,9,0,0.003,4131761
1789152966,9,0,0.005,4131761
1789152966,9,0,0.003,4131761
1789152967,9,0,0.003,4131761
1789152968,9,0,0.006,4131761
1789152968,9,0,0.007,4131761
1789152968,8,0,0.032,4131761
1789152968,9,0,0.007,4131761
1789152969,9,0,0.003,4131761
1789152969,9,0,0.008,4131761
1789152969,9,0,0.021,4131761
1789152969,9,0,0.003,4131761
1789152969,9,0,0.007,4131761
1789152970,9,0,0.009,4131761
1789152970,9,0,0.005,4131761
1789152970,9,0,0.004,4131761
1789152971,9,0,0.024,4131761
1789152971,8,0,0.061,4131761
1789152971,9,0,0.007,4131761
1789152971,9,0,0.003,4131761
1789152971,9,0,0.004,4131761
1789152971,9,0,0.012,4131761
1789152971,9,0,0.004,4131761
1789152971,9,0,0.012,4131761
1789152971,9,0,0.004,4131761
1789152972,9,0,0.004,4131761
1789152972,9,0,0.003,4131761
1789152972,9,0,0.004,4131761
1789152972,9,0,0.005,4131761
1789152972,8,0,0.033,4131761
1789152972,9,0,0.011,4131761
1789152972,9,0,0.003,4131761
1789152973,9,0,0.004,4131761
1789152973,9,0,0.003,4131761
1789152974,9,0,0.01,4131761
1789152975,9,0,0.006,4131761
1789152975,9,0,0.006,4131761
1789152975,9,0,0.004,4131761
1789152975,9,0,0.004,4131761
1789152975,8,0,0.036,4131761
1789152975,9,0,0.003,4131761
1789152976,9,0,0.004,4131761
1789152976,9,0,0.005,4131761
1789152976,9,0,0.004,4131761
1789152976,9,0,0.005,4131761
1789152976,9,0,0.003,4131761
1789152977,9,0,0.003,4131761
1789152977,9,0,0.004,4131761
1789152978,9,0,0.034,4131761
1789152978,9,0,0.005,4131761
1789152978,8,0,0.033,4131761
1789152978,9,0,0.01,4131761
1789152978,9,0,0.014,4131761
1789152978,9,0,0.01,4131761
1789152978,9,0,0.003,4131761
1789152979,9,0,0.009,4131761
1789152979,9,0,0.008,4131761
1789152979,9,0,0.014,4131761
1789152979,9,0,0.006,4131761
1789152979,9,0,0.007,4131761
1789152980,9,0,0.003,4131761
1789152980,8,0,0.034,4131761
1789152980,9,0,0.022,4131761
1789152980,9,0,0.013,4131761
1789152980,9,0,0.006,4131761
1789152980,9,0,0.005,4131761
1789152980,9,0,0.017,4131761
1789152980,9,0,0.008,4131761
1789152980,9,0,0.007,4131761
1789152981,9,0,0.026,4131761
1789152981,9,0,0.006,4131761
1789152981,9,0,0.004,4131761
1789152981,9,0,0.004,4131761
1789152981,8,0,0.053,4131761
1789152981,9,0,0.018,4131761
1789152982,9,0,0.042,4131761
1789152982,9,0,0.024,4131761
1789152982,9,0,0.003,4131761
1789152982,9,0,0.005,4131761
1789152982,9,0,0.003,4131761
1789152983,9,0,0.005,4131761
1789152983,9,0,0.006,4131761
1789152983,9,0,0.008,4131761
1789152983,8,0,0.039,4131761
1789152983,9,0,0.033,4131761
1789152983,9,0,0.004,4131761
1789152983,9,0,0.012,4131761
1789152984,9,0,0.005,4131761
1789152984,9,0,0.008,4131761
1789152984,9,0,0.004,4131761
1789152984,9,0,0.009,4131761
1789152984,9,0,0.007,4131761
1789152984,9,0,0.006,4131761
1789152984,9,0,0.004,4131761
1789152984,8,0,0.029,4131761
1789152984,9,0,0.004,4131761
1789152984,9,0,0.006,4131761
1789152984,9,0,0.004,4131761
1789152985,9,0,0.005,4131761
1789152985,9,0,0.007,4131761
1789152985,9,0,0.013,4131761
1789152986,9,0,0.015,4131761
1789152987,9,0,0.006,4131761
1789152988,9,0,0.003,4131761
1789152988,9,0,0.007,4131761
1789152988,8,0,0.06,4131761
1789152988,9,0,0.019,4131761
1789152988,9,0,0.023,4131761
1789152988,9,0,0.007,4131761
1789152988,9,0,0.008,4131761
1789152989,9,0,0.027,4131761
1789152989,9,0,0.004,4131761
1789152989,9,0,0.006,4131761
1789152990,9,0,0.004,4131761
1789152991,9,0,0.007,4131761
1789152991,9,0,0.009,4131761
1789152991,9,0,0.004,4131761
1789152991,8,0,0.051,4131761
1789152991,9,0,0.016,4131761
1789152992,9,0,0.031,4131761
1789152992,9,0,0.023,4131761
1789152992,9,0,0.01,4131761
1789152992,9,0,0.003,4131761
1789152992,9,0,0.004,4131761
1789152992,9,0,0.003,4131761
1789152992,9,0,0.004,4131761
1789152992,9,0,0.006,4131761
1789152992,8,0,0.032,4131761
1789152992,9,0,0.015,4131761
1789152992,9,0,0.005,4131761
1789152992,9,0,0.012,4131761
1789152992,9,0,0.009,4131761
1789152993,9,0,0.014,4131761
1789152993,9,0,0.006,4131761
1789152993,9,0,0.009,4131761
1789152993,9,0,0.009,4131761
1789152993,9,0,0.005,4131761
1789152993,9,0,0.004,4131761
1789152993,9,0,0.003,4131761
1789152993,8,0,0.036,4131761
1789152993,9,0,0.008,4131761
1789152993,9,0,0.041,4131761
1789152993,9,0,0.01,4131761
1789152994,9,0,0.011,4131761
1789152994,9,0,0.017,4131761
1789152994,9,0,0.003,4131761
1789152995,9,0,0.02,4131761
1789152995,9,0,0.008,4131761
1789152995,9,0,0.052,4131761
1789152995,9,0,0.005,4131761
1789152995,8,0,0.078,4131761
1789152995,9,0,0.01,4131761
1789152995,9,0,0.008,4131761
1789152996,9,0,0.01,4131761
1789152996,9,0,0.006,4131761
1789152997,9,0,0.014,4131761
1789152997,9,0,0.007,4131761
1789152997,9,0,0.02,4131761
1789152997,9,0,0.007,4131761
1789152997,9,0,0.007,4131761
1789152997,8,0,0.042,4131761
1789152998,9,0,0.01,4131761
1789152998,9,0,0.012,4131761
1789152998,9,0,0.005,4131761
1789152998,9,0,0.01,4131761
1789152998,9,0,0.006,4131761
1789152998,9,0,0.003,4131761
1789152998,9,0,0.011,4131761
1789152998,9,0,0.007,4131761
1789152999,9,0,0.014,4131761
1789152999,9,0,0.007,4131761
1789152999,8,0,0.032,4131761
1789152999,9,0,0.003,4131761
1789153000,9,0,0.004,4131761
1789153000,9,0,0.003,4131761
1789153000,9,0,0.011,4131761
1789153000,9,0,0.017,4131761
1789153000,9,0,0.003,4131761
1789153000,9,0,0.011,4131761
1789153000,9,0,0.003,4131761
1789153000,9,0,0.007,4131761
1789153001,9,0,0.003,4131761
1789153001,9,0,0.002,4131761
1789153001,8,0,0.028,4131761
1789153002,9,0,0.003,4131761
1789153002,9,0,0.006,4131761
1789153002,9,0,0.003,4131761
1789153002,9,0,0.003,4131761
1789153002,9,0,0.002,4131761
1789153002,9,0,0.026,4131761
1789153003,9,0,0.012,4131761
1789153003,9,0,0.014,4131761
1789153003,9,0,0.026,4131761
1789153003,8,0,0.052,4131761
1789153003,9,0,0.004,4131761
1789153003,9,0,0.004,4131761
1789153003,9,0,0.003,4131761
1789153003,9,0,0.019,4131761
1789153003,9,0,0.003,4131761
1789153004,9,0,0.003,4131761
1789153004,9,0,0.01,4131761
1789153004,9,0,0.003,4131761
1789153004,9,0,0.014,4131761
1789153004,9,0,0.021,4131761
1789153004,8,0,0.058,4131761
1789153005,9,0,0.004,4131761
1789153005,9,0,0.006,4131761
1789153005,9,0,0.004,4131761
1789153005,9,0,0.014,4131761
1789153005,9,0,0.035,4131761
1789153005,9,0,0.018,4131761
1789153005,9,0,0.003,4131761
1789153006,9,0,0.011,4131761
1789153006,9,0,0.004,4131761
1789153006,9,0,0.012,4131761
1789153007,8,0,0.057,4131761
1789153007,9,0,0.012,4131761
1789153007,9,0,0.01,4131761
1789153008,9,0,0.003,4131761
1789153009,9,0,0.007,4131761
1789153009,9,0,0.027,4131761
1789153010,9,0,0.004,4131761
1789153010,9,0,0.018,4131761
1789153010,9,0,0.032,4131761
1789153010,9,0,0.011,4131761
1789153010,9,0,0.019,4131761
1789153010,9,0,0.003,4131761
1789153010,9,0,0.009,4131761
1789153010,8,0,0.06,4131761
1789153010,9,0,0.007,4131761
1789153010,9,0,0.009,4131761
1789153010,9,0,0.01,4131761
1789153010,9,0,0.019,4131761
1789153010,9,0,0.009,4131761
1789153011,9,0,0.012,4131761
1789153011,9,0,0.003,4131761
1789153011,9,0,0.005,4131761
1789153011,8,0,0.031,4131761
1789153011,9,0,0.006,4131761
1789153011,9,0,0.007,4131761
1789153011,9,0,0.007,4131761
1789153011,9,0,0.012,4131761
1789153011,9,0,0.032,4131761
1789153011,9,0,0.009,4131761
1789153011,9,0,0.003,4131761
1789153012,9,0,0.012,4131761
1789153013,9,0,0.003,4131761
1789153013,9,0,0.008,4131761
1789153013,8,0,0.03,4131761
1789153013,9,0,0.01,4131761
1789153013,9,0,0.024,4131761
1789153013,9,0,0.009,4131761
1789153013,9,0,0.003,4131761
1789153014,9,0,0.026,4131761
1789153014,9,0,0.004,4131761
1789153015,9,0,0.014,4131761
1789153015,9,0,0.005,4131761
1789153015,9,0,0.004,4131761
1789153015,9,0,0.008,4131761
1789153015,8,0,0.046,4131761
1789153015,9,0,0.006,4131761
1789153015,9,0,0.007,4131761
1789153015,9,0,0.021,4131761
1789153015,9,0,0.007,4131761
1789153016,9,0,0.007,4131761
1789153016,9,0,0.004,4131761
1789153016,9,0,0.015,4131761
1789153016,9,0,0.004,4131761
1789153016,9,0,0.007,4131761
1789153016,9,0,0.004,4131761
1789153016,9,0,0.005,4131761
1789153016,8,0,0.036,4131761
1789153017,9,0,0.005,4131761
1789153017,9,0,0.006,4131761
1789153017,9,0,0.005,4131761
1789153017,9,0,0.009,4131761
1789153017,9,0,0.012,4131761
1789153017,9,0,0.004,4131761
1789153017,9,0,0.017,4131761
1789153017,9,0,0.006,4131761
1789153018,9,0,0.016,4131761
1789153018,9,0,0.01,4131761
1789153018,8,0,0.042,4131761
1789153018,9,0,0.028,4131761
1789153018,9,0,0.01,4131761
1789153018,9,0,0.013,4131761
1789153018,9,0,0.01,4131761
1789153019,9,0,0.007,4131761
1789153019,9,0,0.005,4131761
1789153019,9,0,0.012,4131761
1789153020,9,0,0.003,4131761
1789153021,9,0,0.003,4131761
1789153021,8,0,0.034,4131761
1789153021,9,0,0.003,4131761
1789153021,9,0,0.005,4131761
1789153022,9,0,0.007,4131761
1789153022,9,0,0.003,4131761
1789153022,9,0,0.01,4131761
1789153022,9,0,0.01,4131761
1789153022,9,0,0.033,4131761
1789153022,9,0,0.003,4131761
1789153022,9,0,0.006,4131761
1789153022,9,0,0.003,4131761
1789153022,8,0,0.045,4131761
1789153022,9,0,0.008,4131761
1789153022,9,0,0.017,4131761
1789153023,9,0,0.009,4131761
1789153023,9,0,0.005,4131761
1789153023,9,0,0.05,4131761
1789153023,9,0,0.011,4131761
1789153023,9,0,0.016,4131761
1789153023,9,0,0.003,4131761
1789153023,9,0,0.025,4131761
1789153023,9,0,0.004,4131761
1789153023,8,0,0.028,4131761
1789153023,9,0,0.006,4131761
1789153024,9,0,0.004,4131761
1789153024,9,0,0.007,4131761
1789153024,9,0,0.008,4131761
1789153024,9,0,0.006,4131761
1789153024,9,0,0.008,4131761
1789153024,9,0,0.008,4131761
1789153025,9,0,0.006,4131761
1789153026,9,0,0.003,4131761
1789153026,9,0,0.011,4131761
1789153026,8,0,0.063,4131761
1789153026,9,0,0.009,4131761
1789153026,9,0,0.02,4131761
1789153026,9,0,0.011,4131761
1789153026,9,0,0.012,4131761
1789153027,9,0,0.02,4131761
1789153027,9,0,0.003,4131761
1789153027,9,0,0.003,4131761
1789153027,9,0,0.006,4131761
1789153028,9,0,0.016,4131761
1789153029,9,0,0.006,4131761
1789153029,9,0,0.01,4131761
1789153029,8,0,0.055,4131761
1789153029,9,0,0.014,4131761
1789153029,9,0,0.007,4131761
1789153029,9,0,0.018,4131761
1789153029,9,0,0.027,4131761
1789153029,9,0,0.022,4131761
1789153029,9,0,0.01,4131761
1789153029,9,0,0.003,4131761
1789153029,9,0,0.01,4131761
1789153030,9,0,0.009,4131761
1789153030,9,0,0.004,4131761
1789153030,8,0,0.044,4131761
1789153030,9,0,0.011,4131761
1789153030,9,0,0.02,4131761
1789153030,9,0,0.02,4131761
1789153030,9,0,0.019,4131761
1789153030,9,0,0.005,4131761
1789153031,9,0,0.011,4131761
1789153031,9,0,0.009,4131761
1789153031,9,0,0.011,4131761
1789153031,9,0,0.006,4131761
1789153031,8,0,0.044,4131761
1789153031,9,0,0.01,4131761
1789153031,9,0,0.02,4131761
1789153031,9,0,0.003,4131761
1789153032,9,0,0.014,4131761
1789153032,9,0,0.006,4131761
1789153033,9,0,0.004,4131761
1789153033,9,0,0.007,4131761
1789153033,9,0,0.009,4131761
1789153033,9,0,0.013,4131761
1789153034,9,0,0.003,4131761
1789153035,8,0,0.04,4131761
1789153035,9,0,0.003,4131761
1789153035,9,0,0.006,4131761
1789153035,9,0,0.009,4131761
1789153035,9,0,0.042,4131761
1789153035,9,0,0.007,4131761
1789153035,9,0,0.004,4131761
1789153036,9,0,0.004,4131761
1789153036,9,0,0.013,4131761
1789153036,9,0,0.015,4131761
1789153036,9,0,0.021,4131761
1789153036,8,0,0.038,4131761
1789153036,9,0,0.003,4131761
1789153036,9,0,0.008,4131761
1789153036,9,0,0.007,4131761
1789153037,9,0,0.005,4131761
1789153037,9,0,0.005,4131761
1789153037,9,0,0.016,4131761
1789153037,9,0,0.007,4131761
1789153038,9,0,0.049,4131761
1789153038,9,0,0.006,4131761
1789153039,9,0,0.004,4131761
1789153039,8,0,0.047,4131761
1789153039,9,0,0.006,4131761
1789153039,9,0,0.003,4131761
1789153039,9,0,0.007,4131761
1789153039,9,0,0.009,4131761
1789153040,9,0,0.009,4131761
1789153040,9,0,0.009,4131761
1789153040,9,0,0.004,4131761
1789153040,9,0,0.003,4131761
1789153040,9,0,0.005,4131761
1789153040,9,0,0.003,4131761
1789153040,8,0,0.044,4131761
1789153041,9,0,0.004,4131761
1789153041,9,0,0.035,4131761
1789153041,9,0,0.01,4131761
1789153041,9,0,0.004,4131761
1789153042,9,0,0.004,4131761
1789153042,9,0,0.004,4131761
1789153042,9,0,0.022,4131761
1789153042,9,0,0.008,4131761
1789153042,9,0,0.01,4131761
1789153042,9,0,0.003,4131761
1789153042,8,0,0.036,4131761
1789153043,9,0,0.004,4131761
1789153043,9,0,0.017,4131761
1789153043,9,0,0.003,4131761
1789153044,9,0,0.015,4131761
1789153044,9,0,0.005,4131761
1789153045,9,0,0.004,4131761
1789153045,9,0,0.004,4131761
1789153045,9,0,0.003,4131761
1789153045,9,0,0.003,4131761
1789153045,9,0,0.005,4131761
1789153045,8,0,0.038,4131761
1789153045,9,0,0.007,4131761
1789153045,9,0,0.003,4131761
1789153045,9,0,0.016,4131761
1789153045,9,0,0.005,4131761
1789153046,9,0,0.006,4131761
1789153046,9,0,0.008,4131761
1789153046,9,0,0.003,4131761
1789153047,9,0,0.077,4131761
1789153047,9,0,0.032,4131761
1789153047,9,0,0.005,4131761
1789153047,8,0,0.038,4131761
1789153047,9,0,0.003,4131761
1789153047,9,0,0.014,4131761
1789153047,9,0,0.003,4131761
1789153047,9,0,0.003,4131761
1789153048,9,0,0.014,4131761
1789153048,9,0,0.003,4131761
1789153048,9,0,0.009,4131761
1789153048,9,0,0.003,4131761
1789153049,9,0,0.076,4131761
1789153049,9,0,0.003,4131761
1789153049,8,0,0.033,4131761
1789153049,9,0,0.003,4131761
1789153049,9,0,0.007,4131761
1789153049,9,0,0.003,4131761
1789153049,9,0,0.006,4131761
1789153049,9,0,0.011,4131761
1789153050,9,0,0.005,4131761
1789153050,9,0,0.015,4131761
1789153050,9,0,0.005,4131761
1789153050,9,0,0.003,4131761
1789153050,9,0,0.047,4131761
1789153050,8,0,0.059,4131761
1789153051,9,0,0.003,4131761
1789153051,9,0,0.007,4131761
1789153051,9,0,0.003,4131761
1789153051,9,0,0.003,4131761
1789153051,9,0,0.013,4131761
1789153051,9,0,0.004,4131761
1789153051,9,0,0.007,4131761
1789153051,9,0,0.003,4131761
1789153051,9,0,0.005,4131761
1789153051,9,0,0.003,4131761
1789153051,8,0,0.03,4131761
1789153051,9,0,0.019,4131761
1789153051,9,0,0.015,4131761
1789153052,9,0,0.003,4131761
1789153052,9,0,0.014,4131761
1789153052,9,0,0.003,4131761
1789153052,9,0,0.007,4131761
1789153052,9,0,0.008,4131761
1789153053,9,0,0.019,4131761
1789153053,9,0,0.003,4131761
1789153053,9,0,0.022,4131761
1789153053,8,0,0.049,4131761
1789153053,9,0,0.011,4131761
1789153053,9,0,0.007,4131761
1789153053,9,0,0.011,4131761
1789153053,9,0,0.008,4131761
1789153053,9,0,0.007,4131761
1789153054,9,0,0.008,4131761
1789153054,9,0,0.006,4131761
1789153054,9,0,0.014,4131761
1789153055,9,0,0.01,4131761
1789153055,9,0,0.008,4131761
1789153055,8,0,0.043,4131761
1789153056,9,0,0.007,4131761
1789153056,9,0,0.018,4131761
1789153056,9,0,0.012,4131761
1789153056,9,0,0.006,4131761
1789153056,9,0,0.006,4131761
1789153056,9,0,0.004,4131761
1789153056,9,0,0.006,4131761
1789153056,9,0,0.003,4131761
1789153056,9,0,0.004,4131761
1789153056,9,0,0.005,4131761
1789153056,8,0,0.041,4131761
1789153056,9,0,0.012,4131761
1789153056,9,0,0.007,4131761
1789153056,9,0,0.014,4131761
1789153057,9,0,0.009,4131761
1789153057,9,0,0.008,4131761
1789153057,9,0,0.025,4131761
1789153057,9,0,0.005,4131761
1789153057,9,0,0.003,4131761
1789153057,9,0,0.003,4131761
1789153058,9,0,0.024,4131761
1789153058,8,0,0.032,4131761
1789153058,9,0,0.02,4131761
1789153058,9,0,0.015,4131761
1789153058,9,0,0.022,4131761
1789153058,9,0,0.003,4131761
1789153058,9,0,0.006,4131761
1789153058,9,0,0.009,4131761
1789153058,9,0,0.005,4131761
1789153060,9,0,0.003,4131761
1789153060,9,0,0.008,4131761
1789153060,9,0,0.012,4131761
1789153060,9,0,0.011,4131761
1789153060,8,0,0.049,4131761
1789153060,9,0,0.008,4131761
1789153060,9,0,0.004,4131761
1789153060,9,0,0.018,4131761
1789153061,9,0,0.003,4131761
1789153061,9,0,0.027,4131761
1789153061,9,0,0.004,4131761
1789153062,9,0,0.011,4131761
1789153062,9,0,0.013,4131761
1789153062,9,0,0.003,4131761
1789153062,8,0,0.037,4131761
1789153062,9,0,0.011,4131761
1789153062,9,0,0.011,4131761
1789153062,9,0,0.003,4131761
1789153062,9,0,0.011,4131761
1789153062,9,0,0.02,4131761
1789153062,9,0,0.012,4131761
1789153062,9,0,0.016,4131761
1789153063,9,0,0.004,4131761
1789153063,9,0,0.022,4131761
1789153063,9,0,0.007,4131761
1789153063,8,0,0.03,4131761
1789153064,9,0,0.003,4131761
1789153064,9,0,0.003,4131761
1789153065,9,0,0.007,4131761
1789153065,9,0,0.008,4131761
1789153066,9,0,0.006,4131761
1789153066,9,0,0.004,4131761
1789153067,9,0,0.012,4131761
1789153067,9,0,0.004,4131761
1789153067,9,0,0.006,4131761
1789153067,9,0,0.025,4131761
1789153067,9,0,0.009,4131761
1789153068,8,0,0.07,4131761
1789153068,9,0,0.004,4131761
1789153068,9,0,0.017,4131761
1789153068,9,0,0.007,4131761
1789153068,9,0,0.012,4131761
1789153068,9,0,0.037,4131761
1789153068,9,0,0.009,4131761
1789153069,9,0,0.008,4131761
1789153069,9,0,0.014,4131761
1789153069,9,0,0.005,4131761
1789153069,8,0,0.034,4131761
1789153069,9,0,0.012,4131761
1789153070,9,0,0.003,4131761
1789153070,9,0,0.003,4131761
1789153071,9,0,0.007,4131761
1789153071,9,0,0.014,4131761
1789153071,9,0,0.003,4131761
1789153071,9,0,0.003,4131761
1789153071,9,0,0.007,4131761
1789153071,9,0,0.004,4131761
1789153072,9,0,0.004,4131761
1789153072,9,0,0.008,4131761
1789153072,8,0,0.04,4131761
1789153072,9,0,0.003,4131761
1789153072,9,0,0.007,4131761
1789153072,9,0,0.089,4131761
1789153072,9,0,0.014,4131761
1789153073,9,0,0.01,4131761
1789153073,9,0,0.012,4131761
1789153073,9,0,0.013,4131761
1789153073,9,0,0.004,4131761
1789153073,9,0,0.005,4131761
1789153073,8,0,0.035,4131761
1789153073,9,0,0.006,4131761
1789153074,9,0,0.023,4131761
1789153074,9,0,0.035,4131761
1789153074,9,0,0.071,4131761
1789153074,9,0,0.017,4131761
1789153074,9,0,0.014,4131761
1789153074,9,0,0.009,4131761
1789153074,9,0,0.006,4131761
1789153074,9,0,0.018,4131761
1789153074,9,0,0.008,4131761
1789153074,8,0,0.045,4131761
1789153074,9,0,0.009,4131761
1789153074,9,0,0.033,4131761
1789153074,9,0,0.01,4131761
1789153074,9,0,0.005,4131761
1789153075,9,0,0.023,4131761
1789153075,9,0,0.022,4131761
1789153076,9,0,0.008,4131761
1789153076,9,0,0.008,4131761
1789153076,9,0,0.003,4131761
1789153076,9,0,0.009,4131761
1789153076,8,0,0.037,4131761
1789153076,9,0,0.013,4131761
1789153076,9,0,0.004,4131761
1789153076,9,0,0.01,4131761
1789153077,9,0,0.031,4131761
1789153077,9,0,0.007,4131761
1789153077,9,0,0.008,4131761
1789153077,9,0,0.011,4131761
1789153077,9,0,0.003,4131761
1789153077,9,0,0.008,4131761
1789153077,9,0,0.036,4131761
1789153077,8,0,0.043,4131761
1789153078,9,0,0.008,4131761
1789153078,9,0,0.008,4131761
1789153078,9,0,0.004,4131761
1789153078,9,0,0.004,4131761
1789153078,9,0,0.01,4131761
1789153079,9,0,0.008,4131761
1789153079,9,0,0.004,4131761
1789153079,9,0,0.005,4131761
1789153079,9,0,0.037,4131761
1789153080,9,0,0.016,4131761
1789153080,8,0,0.07,4131761
1789153080,9,0,0.025,4131761
1789153080,9,0,0.005,4131761
1789153081,9,0,0.004,4131761
1789153081,9,0,0.006,4131761
1789153081,9,0,0.005,4131761
1789153082,9,0,0.003,4131761
1789153082,9,0,0.02,4131761
1789153082,9,0,0.006,4131761
1789153082,9,0,0.011,4131761
1789153084,9,0,0.021,4131761
1789153084,8,0,0.031,4131761
1789153084,9,0,0.004,4131761
1789153085,9,0,0.008,4131761
1789153085,9,0,0.006,4131761
1789153085,9,0,0.011,4131761
1789153085,9,0,0.016,4131761
1789153085,9,0,0.003,4131761
1789153086,9,0,0.025,4131761
1789153086,9,0,0.006,4131761
1789153086,9,0,0.007,4131761
1789153086,9,0,0.004,4131761
1789153086,9,0,0.005,4131761
1789153086,8,0,0.07,4131761
1789153086,9,0,0.007,4131761
1789153086,9,0,0.007,4131761
1789153086,9,0,0.022,4131761
1789153086,9,0,0.013,4131761
1789153086,9,0,0.003,4131761
1789153086,9,0,0.006,4131761
1789153087,9,0,0.005,4131761
1789153087,9,0,0.003,4131761
1789153087,9,0,0.009,4131761
1789153087,8,0,0.031,4131761
1789153087,9,0,0.003,4131761
1789153087,9,0,0.014,4131761
1789153087,9,0,0.006,4131761
1789153087,9,0,0.01,4131761
1789153087,9,0,0.003,4131761
1789153088,9,0,0.006,4131761
1789153088,9,0,0.007,4131761
1789153088,9,0,0.014,4131761
1789153088,9,0,0.004,4131761
1789153088,9,0,0.026,4131761
1789153089,8,0,0.077,4131761
1789153089,9,0,0.014,4131761
1789153089,9,0,0.003,4131761
1789153089,9,0,0.016,4131761
1789153089,9,0,0.007,4131761
1789153089,9,0,0.009,4131761
1789153089,9,0,0.003,4131761
1789153090,9,0,0.006,4131761
1789153090,9,0,0.01,4131761
1789153090,9,0,0.004,4131761
1789153090,9,0,0.004,4131761
1789153090,8,0,0.034,4131761
1789153090,9,0,0.01,4131761
1789153090,9,0,0.004,4131761
1789153090,9,0,0.007,4131761
1789153090,9,0,0.011,4131761
1789153091,9,0,0.007,4131761
1789153092,9,0,0.003,4131761
1789153093,9,0,0.004,4131761
1789153093,9,0,0.013,4131761
1789153094,9,0,0.007,4131761
1789153094,9,0,0.007,4131761
1789153094,8,0,0.033,4131761
1789153094,9,0,0.017,4131761
1789153094,9,0,0.013,4131761
1789153094,9,0,0.023,4131761
1789153095,9,0,0.03,4131761
1789153095,9,0,0.015,4131761
1789153095,9,0,0.003,4131761
1789153096,9,0,0.005,4131761
1789153096,9,0,0.004,4131761
1789153096,9,0,0.003,4131761
1789153096,9,0,0.004,4131761
1789153096,8,0,0.035,4131761
1789153097,9,0,0.004,4131761
1789153097,9,0,0.008,4131761
1789153097,9,0,0.009,4131761
1789153097,9,0,0.01,4131761
1789153097,9,0,0.033,4131761
1789153097,9,0,0.006,4131761
1789153098,9,0,0.02,4131761
1789153098,9,0,0.008,4131761
1789153098,9,0,0.011,4131761
1789153098,9,0,0.005,4131761
1789153098,8,0,0.036,4131761
1789153098,9,0,0.009,4131761
1789153098,9,0,0.003,4131761
1789153098,9,0,0.004,4131761
1789153098,9,0,0.016,4131761
1789153099,9,0,0.006,4131761
1789153099,9,0,0.017,4131761
1789153099,9,0,0.005,4131761
1789153099,9,0,0.003,4131761
1789153099,9,0,0.021,4131761
1789153099,9,0,0.004,4131761
1789153099,9,0,0.01,4131761
1789153099,8,0,0.065,4131761
1789153099,9,0,0.005,4131761
1789153100,9,0,0.007,4131761
1789153100,9,0,0.004,4131761
1789153100,9,0,0.009,4131761
1789153100,9,0,0.014,4131761
1789153101,9,0,0.021,4131761
1789153101,9,0,0.011,4131761
1789153101,9,0,0.009,4131761
1789153101,9,0,0.01,4131761
1789153101,8,0,0.034,4131761
1789153101,9,0,0.003,4131761
1789153101,9,0,0.073,4131761
1789153101,9,0,0.008,4131761
1789153101,9,0,0.004,4131761
1789153102,9,0,0.009,4131761
1789153102,9,0,0.016,4131761
1789153102,9,0,0.01,4131761
1789153102,9,0,0.005,4131761
1789153103,9,0,0.007,4131761
1789153103,9,0,0.004,4131761
1789153103,8,0,0.035,4131761
1789153103,9,0,0.003,4131761
1789153103,9,0,0.015,4131761
1789153104,9,0,0.007,4131761
1789153104,9,0,0.003,4131761
1789153104,9,0,0.013,4131761
1789153104,9,0,0.023,4131761
1789153104,9,0,0.036,4131761
1789153104,9,0,0.003,4131761
1789153105,9,0,0.003,4131761
1789153105,9,0,0.045,4131761
1789153105,8,0,0.085,4131761
1789153105,9,0,0.016,4131761
1789153105,9,0,0.013,4131761
1789153105,9,0,0.01,4131761
1789153106,9,0,0.011,4131761
1789153106,9,0,0.003,4131761
1789153106,9,0,0.018,4131761
1789153106,9,0,0.011,4131761
1789153106,9,0,0.007,4131761
1789153107,9,0,0.005,4131761
1789153107,9,0,0.005,4131761
1789153107,8,0,0.038,4131761
1789153107,9,0,0.007,4131761
1789153107,9,0,0.007,4131761
1789153107,9,0,0.007,4131761
1789153107,9,0,0.008,4131761
1789153107,9,0,0.012,4131761
1789153107,9,0,0.019,4131761
1789153107,9,0,0.008,4131761
1789153108,9,0,0.025,4131761
1789153108,9,0,0.004,4131761
1789153108,9,0,0.004,4131761
1789153108,8,0,0.038,4131761
1789153108,9,0,0.023,4131761
1789153108,9,0,0.006,4131761
1789153109,9,0,0.007,4131761
1789153109,9,0,0.004,4131761
1789153109,9,0,0.012,4131761
1789153110,9,0,0.007,4131761
1789153110,9,0,0.007,4131761
1789153111,9,0,0.003,4131761
1789153112,9,0,0.003,4131761
1789153112,9,0,0.004,4131761
1789153112,8,0,0.042,4131761
1789153112,9,0,0.026,4131761
1789153112,9,0,0.025,4131761
1789153112,9,0,0.015,4131761
1789153112,9,0,0.007,4131761
1789153112,9,0,0.003,4131761
1789153112,9,0,0.016,4131761
1789153113,9,0,0.008,4131761
1789153113,9,0,0.013,4131761
1789153113,9,0,0.01,4131761
1789153113,9,0,0.004,4131761
1789153113,8,0,0.037,4131761
1789153113,9,0,0.012,4131761
1789153113,9,0,0.009,4131761
1789153113,9,0,0.006,4131761
1789153113,9,0,0.007,4131761
1789153113,9,0,0.013,4131761
1789153113,9,0,0.01,4131761
1789153113,9,0,0.019,4131761
1789153113,9,0,0.028,4131761
1789153113,9,0,0.004,4131761
1789153113,9,0,0.012,4131761
1789153113,8,0,0.03,4131761
1789153114,9,0,0.024,4131761
1789153114,9,0,0.003,4131761
1789153114,9,0,0.003,4131761
1789153114,9,0,0.011,4131761
1789153114,9,0,0.003,4131761
1789153115,9,0,0.023,4131761
1789153115,9,0,0.01,4131761
1789153115,9,0,0.014,4131761
1789153115,9,0,0.004,4131761
1789153115,9,0,0.003,4131761
1789153115,9,0,0.008,4131761
1789153115,8,0,0.06,4131761
1789153115,9,0,0.014,4131761
1789153115,9,0,0.002,4131761
1789153115,9,0,0.017,4131761
1789153115,9,0,0.003,4131761
1789153115,9,0,0.016,4131761
1789153115,9,0,0.003,4131761
1789153116,9,0,0.012,4131761
1789153116,9,0,0.003,4131761
1789153116,9,0,0.004,4131761
1789153116,8,0,0.033,4131761
1789153116,9,0,0.01,4131761
1789153117,9,0,0.013,4131761
1789153117,9,0,0.011,4131761
1789153117,9,0,0.005,4131761
1789153119,9,0,0.015,4131761
1789153119,9,0,0.003,4131761
1789153119,9,0,0.01,4131761
1789153119,9,0,0.003,4131761
1789153119,9,0,0.004,4131761
1789153119,9,0,0.004,4131761
1789153120,9,0,0.003,4131761
1789153120,9,0,0.01,4131761
1789153120,8,0,0.076,4131761
1789153120,9,0,0.005,4131761
1789153120,9,0,0.004,4131761
1789153120,9,0,0.031,4131761
1789153120,9,0,0.003,4131761
1789153120,9,0,0.027,4131761
1789153120,9,0,0.011,4131761
1789153121,9,0,0.006,4131761
1789153121,9,0,0.009,4131761
1789153121,8,0,0.031,4131761
1789153121,9,0,0.014,4131761
1789153121,9,0,0.02,4131761
1789153121,9,0,0.01,4131761
1789153121,9,0,0.016,4131761
1789153121,9,0,0.006,4131761
1789153122,9,0,0.014,4131761
1789153122,9,0,0.007,4131761
1789153122,9,0,0.006,4131761
1789153122,9,0,0.003,4131761
1789153122,9,0,0.003,4131761
1789153122,8,0,0.034,4131761
1789153122,9,0,0.008,4131761
1789153123,9,0,0.005,4131761
1789153123,9,0,0.004,4131761
1789153123,9,0,0.008,4131761
1789153123,9,0,0.027,4131761
1789153123,9,0,0.005,4131761
1789153123,9,0,0.023,4131761
1789153123,9,0,0.003,4131761
1789153123,9,0,0.011,4131761
1789153124,9,0,0.004,4131761
1789153124,8,0,0.041,4131761
1789153124,9,0,0.004,4131761
1789153124,9,0,0.015,4131761
1789153124,9,0,0.007,4131761
1789153124,9,0,0.007,4131761
1789153124,9,0,0.01,4131761
1789153124,9,0,0.015,4131761
1789153124,9,0,0.004,4131761
1789153125,9,0,0.008,4131761
1789153125,9,0,0.004,4131761
1789153125,9,0,0.006,4131761
1789153125,8,0,0.034,4131761
1789153125,9,0,0.011,4131761
1789153125,9,0,0.025,4131761
1789153125,9,0,0.003,4131761
1789153125,9,0,0.011,4131761
1789153126,9,0,0.004,4131761
1789153126,9,0,0.006,4131761
1789153127,9,0,0.012,4131761
1789153127,9,0,0.009,4131761
1789153127,9,0,0.003,4131761
1789153127,9,0,0.004,4131761
1789153127,9,0,0.008,4131761
1789153127,8,0,0.045,4131761
1789153127,9,0,0.017,4131761
1789153127,9,0,0.003,4131761
1789153127,9,0,0.009,4131761
1789153127,9,0,0.012,4131761
1789153128,9,0,0.012,4131761
1789153128,9,0,0.007,4131761
1789153128,9,0,0.003,4131761
1789153128,9,0,0.008,4131761
1789153129,9,0,0.003,4131761
1789153129,8,0,0.031,4131761
1789153129,9,0,0.008,4131761
1789153130,9,0,0.005,4131761
1789153130,9,0,0.004,4131761
1789153130,9,0,0.003,4131761
1789153130,9,0,0.004,4131761
1789153131,9,0,0.003,4131761
1789153131,9,0,0.007,4131761
1789153131,9,0,0.003,4131761
1789153131,9,0,0.006,4131761
1789153132,9,0,0.01,4131761
1789153132,8,0,0.074,4131761
1789153132,9,0,0.003,4131761
1789153132,9,0,0.003,4131761
1789153133,9,0,0.004,4131761
1789153133,9,0,0.022,4131761
1789153133,9,0,0.006,4131761
1789153133,9,0,0.011,4131761
1789153134,9,0,0.014,4131761
1789153134,9,0,0.005,4131761
1789153134,9,0,0.003,4131761
1789153134,9,0,0.003,4131761
1789153134,8,0,0.032,4131761
1789153135,9,0,0.01,4131761
1789153135,9,0,0.008,4131761
1789153135,9,0,0.014,4131761
1789153135,9,0,0.029,4131761
1789153136,9,0,0.005,4131761
1789153136,9,0,0.004,4131761
1789153136,9,0,0.004,4131761
1789153136,9,0,0.003,4131761
1789153136,9,0,0.005,4131761
1789153136,9,0,0.004,4131761
1789153136,8,0,0.032,4131761
1789153136,9,0,0.005,4131761
1789153136,9,0,0.007,4131761
1789153137,9,0,0.003,4131761
1789153137,9,0,0.003,4131761
1789153137,9,0,0.004,4131761
1789153137,9,0,0.023,4131761
1789153137,9,0,0.02,4131761
1789153138,9,0,0.005,4131761
1789153138,9,0,0.003,4131761
1789153140,9,0,0.004,4131761
1789153140,8,0,0.041,4131761
1789153141,9,0,0.009,4131761
1789153141,9,0,0.004,4131761
1789153141,9,0,0.003,4131761
1789153141,9,0,0.002,4131761
1789153142,9,0,0.018,4131761
1789153142,9,0,0.014,4131761
1789153142,9,0,0.006,4131761
1789153142,9,0,0.011,4131761
1789153142,9,0,0.008,4131761
1789153143,9,0,0.004,4131761
1789153143,8,0,0.045,4131761
1789153143,9,0,0.008,4131761
1789153143,9,0,0.01,4131761
1789153143,9,0,0.009,4131761
1789153143,9,0,0.003,4131761
1789153143,9,0,0.007,4131761
1789153143,9,0,0.003,4131761
1789153143,9,0,0.01,4131761
1789153143,9,0,0.004,4131761
1789153143,9,0,0.006,4131761
1789153143,9,0,0.018,4131761
1789153143,8,0,0.039,4131761
1789153143,9,0,0.026,4131761
1789153144,9,0,0.012,4131761
1789153144,9,0,0.003,4131761
1789153144,9,0,0.005,4131761
1789153144,9,0,0.039,4131761
1789153144,9,0,0.012,4131761
1789153144,9,0,0.005,4131761
1789153144,9,0,0.004,4131761
1789153144,9,0,0.016,4131761
1789153145,9,0,0.004,4131761
1789153145,8,0,0.029,4131761
1789153145,9,0,0.003,4131761
1789153145,9,0,0.004,4131761
1789153145,9,0,0.003,4131761
1789153145,9,0,0.003,4131761
1789153147,9,0,0.006,4131761
1789153147,9,0,0.009,4131761
1789153148,9,0,0.018,4131761
1789153148,9,0,0.003,4131761
1789153149,9,0,0.003,4131761
1789153149,9,0,0.007,4131761
1789153149,8,0,0.037,4131761
1789153150,9,0,0.037,4131761
1789153150,9,0,0.004,4131761
1789153150,9,0,0.004,4131761
1789153150,9,0,0.003,4131761
1789153150,9,0,0.007,4131761
1789153150,9,0,0.003,4131761
1789153150,9,0,0.006,4131761
1789153150,9,0,0.004,4131761
1789153151,9,0,0.017,4131761
1789153151,9,0,0.003,4131761
1789153151,9,0,0.005,4131761
1789153151,8,0,0.035,4131761
1789153151,9,0,0.006,4131761
1789153151,9,0,0.007,4131761
1789153151,9,0,0.016,4131761
1789153151,9,0,0.006,4131761
1789153151,9,0,0.008,4131761
1789153151,9,0,0.026,4131761
1789153151,9,0,0.025,4131761
1789153152,9,0,0.003,4131761
1789153152,9,0,0.007,4131761
1789153152,8,0,0.035,4131761
1789153152,9,0,0.005,4131761
1789153152,9,0,0.019,4131761
1789153152,9,0,0.003,4131761
1789153152,9,0,0.011,4131761
1789153153,9,0,0.01,4131761
1789153153,9,0,0.016,4131761
1789153153,9,0,0.011,4131761
1789153153,9,0,0.019,4131761
1789153153,9,0,0.003,4131761
1789153154,9,0,0.008,4131761
1789153154,8,0,0.038,4131761
1789153154,9,0,0.006,4131761
1789153154,9,0,0.014,4131761
1789153154,9,0,0.003,4131761
1789153154,9,0,0.038,4131761
1789153154,9,0,0.011,4131761
1789153154,9,0,0.022,4131761
1789153155,9,0,0.009,4131761
1789153155,9,0,0.004,4131761
1789153155,9,0,0.007,4131761
1789153156,9,0,0.004,4131761
1789153156,8,0,0.038,4131761
1789153156,9,0,0.012,4131761
1789153156,9,0,0.009,4131761
1789153156,9,0,0.005,4131761
1789153157,9,0,0.013,4131761
1789153157,9,0,0.004,4131761
1789153158,9,0,0.006,4131761
1789153158,9,0,0.01,4131761
1789153158,9,0,0.004,4131761
1789153158,9,0,0.003,4131761
1789153160,9,0,0.005,4131761
1789153160,8,0,0.041,4131761
1789153160,9,0,0.009,4131761
1789153160,9,0,0.004,4131761
1789153160,9,0,0.003,4131761
1789153160,9,0,0.018,4131761
1789153160,9,0,0.005,4131761
1789153160,9,0,0.004,4131761
1789153160,9,0,0.004,4131761
1789153161,9,0,0.004,4131761
1789153161,9,0,0.011,4131761
1789153161,9,0,0.008,4131761
1789153161,8,0,0.032,4131761
1789153161,9,0,0.007,4131761
1789153161,9,0,0.009,4131761
1789153161,9,0,0.024,4131761
1789153161,9,0,0.01,4131761
1789153162,9,0,0.004,4131761
1789153162,9,0,0.029,4131761
1789153162,9,0,0.008,4131761
1789153162,9,0,0.011,4131761
1789153162,9,0,0.031,4131761
1789153163,9,0,0.004,4131761
1789153163,8,0,0.035,4131761
1789153163,9,0,0.008,4131761
1789153163,9,0,0.006,4131761
1789153163,9,0,0.007,4131761
1789153163,9,0,0.009,4131761
1789153164,9,0,0.022,4131761
1789153164,9,0,0.003,4131761
1789153164,9,0,0.003,4131761
1789153164,9,0,0.003,4131761
1789153164,9,0,0.015,4131761
1789153164,9,0,0.011,4131761
1789153164,8,0,0.04,4131761
1789153164,9,0,0.009,4131761
1789153164,9,0,0.019,4131761
1789153164,9,0,0.007,4131761
1789153165,9,0,0.009,4131761
1789153165,9,0,0.016,4131761
1789153165,9,0,0.005,4131761
1789153165,9,0,0.025,4131761
1789153166,9,0,0.012,4131761
1789153166,9,0,0.018,4131761
1789153167,9,0,0.003,4131761
1789153167,9,0,0.012,4131761
1789153167,8,0,0.036,4131761
1789153167,9,0,0.015,4131761
1789153167,9,0,0.019,4131761
1789153167,9,0,0.009,4131761
1789153167,9,0,0.007,4131761
1789153167,9,0,0.007,4131761
1789153168,9,0,0.008,4131761
1789153169,9,0,0.003,4131761
1789153169,9,0,0.004,4131761
1789153170,9,0,0.004,4131761
1789153170,8,0,0.052,4131761
1789153170,9,0,0.011,4131761
1789153170,9,0,0.006,4131761
1789153170,9,0,0.026,4131761
1789153170,9,0,0.004,4131761
1789153170,9,0,0.004,4131761
1789153170,9,0,0.01,4131761
1789153171,9,0,0.003,4131761
1789153171,9,0,0.007,4131761
1789153171,9,0,0.008,4131761
1789153171,9,0,0.026,4131761
1789153171,8,0,0.056,4131761
1789153171,9,0,0.011,4131761
1789153172,9,0,0.004,4131761
1789153173,9,0,0.025,4131761
1789153173,9,0,0.007,4131761
1789153173,9,0,0.005,4131761
1789153173,9,0,0.006,4131761
1789153173,9,0,0.017,4131761
1789153174,9,0,0.003,4131761
1789153174,9,0,0.01,4131761
1789153174,9,0,0.017,4131761
1789153174,8,0,0.069,4131761
1789153174,9,0,0.02,4131761
1789153174,9,0,0.023,4131761
1789153175,9,0,0.005,4131761
1789153175,9,0,0.018,4131761
1789153175,9,0,0.034,4131761
1789153175,9,0,0.012,4131761
1789153175,9,0,0.005,4131761
1789153175,9,0,0.009,4131761
1789153176,9,0,0.003,4131761
1789153176,9,0,0.007,4131761
1789153176,8,0,0.04,4131761
1789153177,9,0,0.003,4131761
1789153177,9,0,0.004,4131761
1789153177,9,0,0.025,4131761
1789153177,9,0,0.009,4131761
1789153177,9,0,0.011,4131761
1789153177,9,0,0.014,4131761
1789153177,9,0,0.01,4131761
1789153177,9,0,0.005,4131761
1789153177,9,0,0.029,4131761
1789153178,9,0,0.005,4131761
1789153178,8,0,0.032,4131761
1789153178,9,0,0.018,4131761
1789153178,9,0,0.023,4131761
1789153179,9,0,0.004,4131761
1789153179,9,0,0.004,4131761
1789153179,9,0,0.006,4131761
1789153179,9,0,0.012,4131761
1789153180,9,0,0.019,4131761
1789153181,9,0,0.015,4131761
1789153181,9,0,0.005,4131761
1789153181,9,0,0.019,4131761
1789153181,8,0,0.034,4131761
1789153181,9,0,0.005,4131761
1789153181,9,0,0.003,4131761
1789153181,9,0,0.015,4131761
1789153182,9,0,0.028,4131761
1789153182,9,0,0.023,4131761
1789153182,9,0,0.003,4131761
1789153182,9,0,0.019,4131761
1789153182,9,0,0.006,4131761
1789153182,9,0,0.007,4131761
1789153182,9,0,0.004,4131761
1789153182,8,0,0.067,4131761
1789153182,9,0,0.012,4131761
1789153183,9,0,0.016,4131761
1789153183,9,0,0.013,4131761
1789153183,9,0,0.003,4131761
1789153183,9,0,0.005,4131761
1789153184,9,0,0.002,4131761
1789153184,9,0,0.006,4131761
1789153184,9,0,0.022,4131761
1789153185,9,0,0.006,4131761
1789153185,9,0,0.004,4131761
1789153185,9,0,0.004,4131761
1789153185,8,0,0.033,4131761
1789153185,9,0,0.003,4131761
1789153185,9,0,0.006,4131761
1789153185,9,0,0.003,4131761
1789153185,9,0,0.004,4131761
1789153186,9,0,0.005,4131761
1789153188,9,0,0.016,4131761
1789153188,9,0,0.04,4131761
1789153189,9,0,0.004,4131761
1789153189,9,0,0.007,4131761
1789153189,8,0,0.041,4131761
1789153189,9,0,0.01,4131761
1789153189,9,0,0.004,4131761
1789153189,9,0,0.011,4131761
1789153189,9,0,0.004,4131761
1789153189,9,0,0.022,4131761
1789153189,9,0,0.005,4131761
1789153189,9,0,0.004,4131761
1789153190,9,0,0.004,4131761
1789153190,9,0,0.009,4131761
1789153190,9,0,0.005,4131761
1789153190,8,0,0.037,4131761
1789153190,9,0,0.018,4131761
1789153190,9,0,0.003,4131761
1789153190,9,0,0.015,4131761
1789153190,9,0,0.008,4131761
1789153191,9,0,0.012,4131761
1789153191,9,0,0.008,4131761
1789153191,9,0,0.01,4131761
1789153191,9,0,0.006,4131761
1789153191,9,0,0.014,4131761
1789153191,9,0,0.009,4131761
1789153191,8,0,0.048,4131761
1789153192,9,0,0.018,4131761
1789153192,9,0,0.015,4131761
1789153193,9,0,0.016,4131761
1789153193,9,0,0.003,4131761
1789153193,9,0,0.027,4131761
1789153193,9,0,0.005,4131761
1789153194,9,0,0.007,4131761
1789153195,9,0,0.004,4131761
1789153195,9,0,0.029,4131761
1789153195,9,0,0.017,4131761
1789153195,8,0,0.067,4131761
1789153195,9,0,0.018,4131761
1789153196,9,0,0.003,4131761
1789153196,9,0,0.014,4131761
1789153196,9,0,0.006,4131761
1789153197,9,0,0.004,4131761
1789153197,9,0,0.003,4131761
1789153197,9,0,0.003,4131761
1789153197,9,0,0.003,4131761
1789153197,9,0,0.004,4131761
1789153197,9,0,0.01,4131761
1789153197,8,0,0.051,4131761
1789153197,9,0,0.007,4131761
1789153197,9,0,0.003,4131761
1789153197,9,0,0.016,4131761
1789153198,9,0,0.004,4131761
1789153198,9,0,0.015,4131761
1789153198,9,0,0.009,4131761
1789153198,9,0,0.005,4131761
1789153198,9,0,0.004,4131761
1789153199,9,0,0.004,4131761
1789153200,9,0,0.011,4131761
1789153200,8,0,0.044,4131761
1789153200,9,0,0.01,4131761
1789153200,9,0,0.011,4131761
1789153200,9,0,0.015,4131761
1789153200,9,0,0.012,4131761
1789153200,9,0,0.003,4131761
1789153200,9,0,0.003,4131761
1789153201,9,0,0.006,4131761
1789153201,9,0,0.013,4131761
1789153201,9,0,0.004,4131761
1789153201,9,0,0.024,4131761
1789153201,8,0,0.05,4131761
1789153201,9,0,0.013,4131761
1789153201,9,0,0.008,4131761
1789153202,9,0,0.005,4131761
1789153202,9,0,0.003,4131761
1789153202,9,0,0.016,4131761
1789153202,9,0,0.022,4131761
1789153202,9,0,0.003,4131761
1789153202,9,0,0.014,4131761
1789153202,9,0,0.029,4131761
1789153202,9,0,0.004,4131761
1789153202,8,0,0.037,4131761
1789153202,9,0,0.021,4131761
1789153202,9,0,0.003,4131761
1789153202,9,0,0.004,4131761
1789153202,9,0,0.014,4131761
1789153203,9,0,0.004,4131761
1789153203,9,0,0.015,4131761
1789153203,9,0,0.003,4131761
1789153203,9,0,0.062,4131761
1789153203,9,0,0.004,4131761
1789153203,9,0,0.021,4131761
1789153203,8,0,0.036,4131761
1789153203,9,0,0.004,4131761
1789153203,9,0,0.005,4131761
1789153203,9,0,0.01,4131761
1789153204,9,0,0.005,4131761
1789153204,9,0,0.006,4131761
1789153204,9,0,0.014,4131761
1789153205,9,0,0.003,4131761
1789153205,9,0,0.013,4131761
1789153205,9,0,0.006,4131761
1789153205,9,0,0.004,4131761
1789153205,8,0,0.028,4131761
1789153205,9,0,0.003,4131761
1789153206,9,0,0.012,4131761
1789153206,9,0,0.006,4131761
1789153207,9,0,0.003,4131761
1789153208,9,0,0.021,4131761
1789153209,9,0,0.006,4131761
1789153209,9,0,0.015,4131761
1789153211,9,0,0.01,4131761
1789153211,9,0,0.003,4131761
1789153211,9,0,0.013,4131761
1789153211,8,0,0.065,4131761
1789153211,9,0,0.013,4131761
1789153211,9,0,0.003,4131761
1789153212,9,0,0.008,4131761
1789153212,9,0,0.012,4131761
1789153212,9,0,0.012,4131761
1789153213,9,0,0.01,4131761
1789153213,9,0,0.004,4131761
1789153213,9,0,0.003,4131761
1789153213,9,0,0.012,4131761
1789153213,9,0,0.003,4131761
1789153213,8,0,0.038,4131761
1789153213,9,0,0.006,4131761
1789153213,9,0,0.004,4131761
1789153213,9,0,0.014,4131761
1789153213,9,0,0.016,4131761
1789153214,9,0,0.005,4131761
1789153214,9,0,0.003,4131761
1789153214,9,0,0.009,4131761
1789153214,9,0,0.006,4131761
1789153214,9,0,0.007,4131761
1789153214,9,0,0.005,4131761
1789153214,8,0,0.034,4131761
1789153215,9,0,0.006,4131761
1789153215,9,0,0.011,4131761
1789153215,9,0,0.004,4131761
1789153215,9,0,0.009,4131761
1789153215,9,0,0.007,4131761
1789153216,9,0,0.003,4131761
1789153216,9,0,0.013,4131761
1789153216,9,0,0.004,4131761
1789153216,9,0,0.004,4131761
1789153216,9,0,0.007,4131761
1789153216,8,0,0.044,4131761
1789153216,9,0,0.008,4131761
1789153216,9,0,0.004,4131761
1789153216,9,0,0.005,4131761
1789153216,9,0,0.013,4131761
1789153216,9,0,0.012,4131761
1789153216,9,0,0.01,4131761
1789153216,9,0,0.005,4131761
1789153216,9,0,0.003,4131761
1789153216,9,0,0.009,4131761
1789153216,9,0,0.025,4131761
1789153216,8,0,0.046,4131761
1789153217,9,0,0.019,4131761
1789153217,9,0,0.007,4131761
1789153217,9,0,0.005,4131761
1789153217,9,0,0.004,4131761
1789153217,9,0,0.004,4131761
1789153217,9,0,0.006,4131761
1789153217,9,0,0.002,4131761
1789153217,9,0,0.003,4131761
1789153218,9,0,0.016,4131761
1789153218,9,0,0.004,4131761
1789153218,9,0,0.013,4131761
1789153218,8,0,0.042,4131761
1789153218,9,0,0.008,4131761
1789153218,9,0,0.037,4131761
1789153218,9,0,0.043,4131761
1789153218,9,0,0.015,4131761
1789153219,9,0,0.004,4131761
1789153219,9,0,0.012,4131761
1789153219,9,0,0.005,4131761
1789153219,9,0,0.028,4131761
1789153219,9,0,0.004,4131761
1789153219,8,0,0.03,4131761
1789153219,9,0,0.003,4131761
1789153219,9,0,0.007,4131761
1789153219,9,0,0.016,4131761
1789153219,9,0,0.003,4131761
1789153220,9,0,0.007,4131761
1789153220,9,0,0.003,4131761
1789153221,9,0,0.006,4131761
1789153222,9,0,0.003,4131761
1789153222,9,0,0.014,4131761
1789153222,9,0,0.017,4131761
1789153222,8,0,0.083,4131761
1789153222,9,0,0.018,4131761
1789153222,9,0,0.017,4131761
1789153222,9,0,0.003,4131761
1789153222,9,0,0.004,4131761
1789153222,9,0,0.003,4131761
1789153223,9,0,0.042,4131761
1789153224,9,0,0.013,4131761
1789153224,9,0,0.013,4131761
1789153224,9,0,0.008,4131761
1789153224,9,0,0.048,4131761
1789153224,8,0,0.056,4131761
1789153224,9,0,0.003,4131761
1789153224,9,0,0.006,4131761
1789153225,9,0,0.014,4131761
1789153226,9,0,0.003,4131761
1789153226,9,0,0.009,4131761
1789153226,9,0,0.045,4131761
1789153226,9,0,0.003,4131761
1789153227,9,0,0.01,4131761
1789153227,9,0,0.009,4131761
1789153229,9,0,0.005,4131761
1789153229,8,0,0.035,4131761
1789153229,9,0,0.003,4131761
1789153229,9,0,0.01,4131761
1789153229,9,0,0.015,4131761
1789153229,9,0,0.005,4131761
1789153229,9,0,0.008,4131761
1789153230,9,0,0.007,4131761
1789153230,9,0,0.026,4131761
1789153230,9,0,0.004,4131761
1789153230,9,0,0.009,4131761
1789153230,9,0,0.007,4131761
1789153230,8,0,0.036,4131761
1789153230,9,0,0.015,4131761
1789153230,9,0,0.018,4131761
1789153231,9,0,0.003,4131761
1789153231,9,0,0.01,4131761
1789153231,9,0,0.011,4131761
1789153231,9,0,0.011,4131761
1789153231,9,0,0.019,4131761
1789153231,9,0,0.019,4131761
1789153231,9,0,0.022,4131761
1789153231,9,0,0.009,4131761
1789153231,8,0,0.034,4131761
1789153231,9,0,0.004,4131761
1789153231,9,0,0.003,4131761
1789153231,9,0,0.038,4131761
1789153232,9,0,0.003,4131761
1789153232,9,0,0.004,4131761
1789153232,9,0,0.005,4131761
1789153232,9,0,0.006,4131761
1789153233,9,0,0.004,4131761
1789153233,9,0,0.016,4131761
1789153233,9,0,0.004,4131761
1789153233,8,0,0.032,4131761
1789153233,9,0,0.004,4131761
1789153234,9,0,0.004,4131761
1789153234,9,0,0.011,4131761
1789153234,9,0,0.009,4131761
1789153234,9,0,0.004,4131761
1789153235,9,0,0.003,4131761
1789153235,9,0,0.011,4131761
1789153237,9,0,0.007,4131761
1789153237,9,0,0.004,4131761
1789153238,9,0,0.006,4131761
1789153238,9,0,0.004,4131761
1789153238,8,0,0.05,4131761
1789153238,9,0,0.004,4131761
1789153238,9,0,0.026,4131761
1789153238,9,0,0.006,4131761
1789153238,9,0,0.012,4131761
1789153238,9,0,0.004,4131761
1789153238,9,0,0.02,4131761
1789153239,9,0,0.021,4131761
1789153239,9,0,0.003,4131761
1789153239,9,0,0.011,4131761
1789153239,8,0,0.06,4131761
1789153239,9,0,0.007,4131761
1789153239,9,0,0.025,4131761
1789153239,9,0,0.007,4131761
1789153239,9,0,0.012,4131761
1789153239,9,0,0.003,4131761
1789153239,9,0,0.026,4131761
1789153239,9,0,0.004,4131761
1789153239,9,0,0.005,4131761
1789153239,9,0,0.012,4131761
1789153239,9,0,0.005,4131761
1789153239,9,0,0.012,4131761
1789153239,8,0,0.056,4131761
1789153240,9,0,0.007,4131761
1789153240,9,0,0.005,4131761
1789153240,9,0,0.016,4131761
1789153240,9,0,0.003,4131761
1789153240,9,0,0.003,4131761
1789153240,9,0,0.007,4131761
1789153240,9,0,0.026,4131761
1789153241,9,0,0.011,4131761
1789153241,9,0,0.003,4131761
1789153241,8,0,0.031,4131761
1789153241,9,0,0.004,4131761
1789153242,9,0,0.003,4131761
1789153242,9,0,0.009,4131761
1789153242,9,0,0.006,4131761
1789153243,9,0,0.006,4131761
1789153243,9,0,0.003,4131761
1789153243,9,0,0.003,4131761
1789153243,9,0,0.004,4131761
1789153243,9,0,0.008,4131761
1789153243,9,0,0.004,4131761
1789153244,8,0,0.043,4131761
1789153244,9,0,0.016,4131761
1789153244,9,0,0.003,4131761
1789153244,9,0,0.004,4131761
1789153244,9,0,0.024,4131761
1789153244,9,0,0.019,4131761
1789153244,9,0,0.004,4131761
1789153245,9,0,0.008,4131761
1789153245,9,0,0.004,4131761
1789153245,9,0,0.014,4131761
1789153245,9,0,0.015,4131761
1789153245,8,0,0.034,4131761
1789153245,9,0,0.005,4131761
1789153245,9,0,0.009,4131761
1789153245,9,0,0.01,4131761
1789153245,9,0,0.004,4131761
1789153245,9,0,0.003,4131761
1789153246,9,0,0.003,4131761
1789153246,9,0,0.006,4131761
1789153246,9,0,0.005,4131761
1789153246,9,0,0.028,4131761
1789153246,9,0,0.004,4131761
1789153246,8,0,0.039,4131761
1789153246,9,0,0.006,4131761
1789153246,9,0,0.004,4131761
1789153246,9,0,0.005,4131761
1789153247,9,0,0.006,4131761
1789153247,9,0,0.01,4131761
1789153247,9,0,0.036,4131761
1789153247,9,0,0.008,4131761
1789153247,9,0,0.016,4131761
1789153247,9,0,0.009,4131761
1789153248,9,0,0.005,4131761
1789153248,9,0,0.004,4131761
1789153248,8,0,0.032,4131761
1789153248,9,0,0.007,4131761
1789153249,9,0,0.008,4131761
1789153249,9,0,0.004,4131761
1789153249,9,0,0.004,4131761
1789153250,9,0,0.004,4131761
1789153250,9,0,0.004,4131761
1789153250,9,0,0.01,4131761
1789153251,9,0,0.013,4131761
1789153251,9,0,0.011,4131761
1789153251,8,0,0.038,4131761
1789153251,9,0,0.007,4131761
1789153251,9,0,0.003,4131761
1789153251,9,0,0.007,4131761
1789153251,9,0,0.003,4131761
1789153251,9,0,0.011,4131761
1789153251,9,0,0.004,4131761
1789153251,9,0,0.013,4131761
1789153251,9,0,0.008,4131761
1789153252,9,0,0.022,4131761
1789153252,9,0,0.025,4131761
1789153252,9,0,0.008,4131761
1789153252,8,0,0.045,4131761
1789153252,9,0,0.003,4131761
1789153252,9,0,0.024,4131761
1789153252,9,0,0.014,4131761
1789153252,9,0,0.005,4131761
1789153252,9,0,0.028,4131761
1789153252,9,0,0.024,4131761
1789153253,9,0,0.004,4131761
1789153254,9,0,0.012,4131761
1789153254,9,0,0.006,4131761
1789153254,8,0,0.03,4131761
1789153254,9,0,0.008,4131761
1789153254,9,0,0.021,4131761
1789153254,9,0,0.013,4131761
1789153254,9,0,0.042,4131761
1789153255,9,0,0.021,4131761
1789153255,9,0,0.003,4131761
1789153255,9,0,0.007,4131761
1789153255,9,0,0.003,4131761
1789153256,9,0,0.012,4131761
1789153256,9,0,0.012,4131761
1789153256,8,0,0.058,4131761
1789153256,9,0,0.004,4131761
1789153256,9,0,0.005,4131761
1789153256,9,0,0.009,4131761
1789153256,9,0,0.01,4131761
1789153256,9,0,0.003,4131761
1789153257,9,0,0.009,4131761
1789153257,9,0,0.003,4131761
1789153257,9,0,0.012,4131761
1789153257,9,0,0.006,4131761
1789153257,9,0,0.007,4131761
1789153257,9,0,0.005,4131761
1789153257,8,0,0.032,4131761
1789153257,9,0,0.004,4131761
1789153258,9,0,0.005,4131761
1789153258,9,0,0.003,4131761
1789153258,9,0,0.007,4131761
1789153258,9,0,0.009,4131761
1789153258,9,0,0.006,4131761
1789153258,9,0,0.017,4131761
1789153258,9,0,0.007,4131761
1789153258,9,0,0.006,4131761
1789153258,8,0,0.029,4131761
1789153258,9,0,0.003,4131761
1789153259,9,0,0.011,4131761
1789153259,9,0,0.02,4131761
1789153259,9,0,0.011,4131761
1789153260,9,0,0.003,4131761
1789153260,9,0,0.011,4131761
1789153260,9,0,0.01,4131761
1789153260,9,0,0.004,4131761
1789153260,9,0,0.003,4131761
1789153261,9,0,0.003,4131761
1789153261,8,0,0.033,4131761
1789153261,9,0,0.007,4131761
1789153261,9,0,0.018,4131761
1789153261,9,0,0.009,4131761
1789153261,9,0,0.005,4131761
1789153261,9,0,0.005,4131761
1789153261,9,0,0.022,4131761
1789153262,9,0,0.003,4131761
1789153262,9,0,0.003,4131761
1789153262,9,0,0.012,4131761
1789153262,9,0,0.007,4131761
1789153262,8,0,0.044,4131761
1789153262,9,0,0.003,4131761
1789153263,9,0,0.016,4131761
1789153263,9,0,0.006,4131761
1789153263,9,0,0.003,4131761
1789153264,9,0,0.003,4131761
1789153264,9,0,0.003,4131761
1789153264,9,0,0.003,4131761
1789153264,9,0,0.003,4131761
1789153265,9,0,0.004,4131761
1789153265,9,0,0.007,4131761
1789153265,8,0,0.051,4131761
1789153265,9,0,0.005,4131761
1789153265,9,0,0.011,4131761
1789153265,9,0,0.006,4131761
1789153266,9,0,0.005,4131761
1789153266,9,0,0.005,4131761
1789153266,9,0,0.025,4131761
1789153266,9,0,0.006,4131761
1789153266,9,0,0.005,4131761
1789153266,9,0,0.01,4131761
1789153267,9,0,0.007,4131761
1789153267,8,0,0.04,4131761
1789153267,9,0,0.003,4131761
1789153267,9,0,0.008,4131761
1789153267,9,0,0.011,4131761
1789153267,9,0,0.004,4131761
1789153267,9,0,0.015,4131761
1789153267,9,0,0.004,4131761
1789153267,9,0,0.005,4131761
1789153267,9,0,0.006,4131761
1789153267,9,0,0.011,4131761
1789153268,9,0,0.006,4131761
1789153268,8,0,0.03,4131761
1789153268,9,0,0.008,4131761
1789153268,9,0,0.012,4131761
1789153268,9,0,0.002,4131761
1789153268,9,0,0.018,4131761
1789153268,9,0,0.004,4131761
1789153269,9,0,0.014,4131761
1789153269,9,0,0.004,4131761
1789153270,9,0,0.004,4131761
1789153270,9,0,0.003,4131761
1789153270,9,0,0.007,4131761
1789153270,9,0,0.007,4131761
1789153270,8,0,0.034,4131761
1789153270,9,0,0.006,4131761
1789153270,9,0,0.003,4131761
1789153270,9,0,0.004,4131761
1789153271,9,0,0.004,4131761
1789153271,9,0,0.025,4131761
1789153271,9,0,0.003,4131761
1789153271,9,0,0.013,4131761
1789153272,9,0,0.005,4131761
1789153272,9,0,0.014,4131761
1789153272,8,0,0.071,4131761
1789153272,9,0,0.006,4131761
1789153272,9,0,0.015,4131761
1789153273,9,0,0.005,4131761
1789153273,9,0,0.062,4131761
1789153273,9,0,0.009,4131761
1789153273,9,0,0.004,4131761
1789153273,9,0,0.003,4131761
1789153273,9,0,0.02,4131761
1789153273,9,0,0.008,4131761
1789153274,9,0,0.004,4131761
1789153274,8,0,0.034,4131761
1789153274,9,0,0.004,4131761
1789153274,9,0,0.003,4131761
1789153274,9,0,0.005,4131761
1789153274,9,0,0.006,4131761
1789153275,9,0,0.003,4131761
1789153275,9,0,0.009,4131761
1789153275,9,0,0.008,4131761
1789153275,9,0,0.007,4131761
1789153275,9,0,0.003,4131761
1789153276,9,0,0.006,4131761
1789153276,8,0,0.03,4131761
1789153276,9,0,0.003,4131761
1789153276,9,0,0.012,4131761
1789153276,9,0,0.003,4131761
1789153276,9,0,0.017,4131761
1789153276,9,0,0.007,4131761
1789153277,9,0,0.003,4131761
1789153278,9,0,0.005,4131761
1789153278,9,0,0.01,4131761
1789153278,9,0,0.013,4131761
1789153280,9,0,0.003,4131761
1789153280,8,0,0.036,4131761
1789153280,9,0,0.003,4131761
1789153280,9,0,0.003,4131761
1789153280,9,0,0.019,4131761
1789153280,9,0,0.049,4131761
1789153280,9,0,0.02,4131761
1789153280,9,0,0.007,4131761
1789153281,9,0,0.003,4131761
1789153281,9,0,0.004,4131761
1789153283,9,0,0.008,4131761
1789153283,9,0,0.004,4131761
1789153283,8,0,0.058,4131761
1789153283,9,0,0.003,4131761
1789153283,9,0,0.003,4131761
1789153283,9,0,0.004,4131761
1789153284,9,0,0.003,4131761
1789153285,9,0,0.013,4131761
1789153285,9,0,0.008,4131761
1789153285,9,0,0.003,4131761
1789153285,9,0,0.007,4131761
1789153286,9,0,0.006,4131761
1789153286,9,0,0.006,4131761
1789153286,9,0,0.003,4131761
1789153286,8,0,0.048,4131761
1789153287,9,0,0.008,4131761
1789153287,9,0,0.007,4131761
1789153287,9,0,0.02,4131761
1789153287,9,0,0.01,4131761
1789153287,9,0,0.003,4131761
1789153287,9,0,0.003,4131761
1789153287,9,0,0.003,4131761
1789153287,9,0,0.008,4131761
1789153288,9,0,0.038,4131761
1789153288,8,0,0.052,4131761
1789153288,9,0,0.003,4131761
1789153288,9,0,0.006,4131761
1789153288,9,0,0.003,4131761
1789153289,9,0,0.003,4131761
1789153289,9,0,0.004,4131761
1789153289,9,0,0.011,4131761
1789153289,9,0,0.007,4131761
1789153289,9,0,0.004,4131761
1789153290,9,0,0.003,4131761
1789153290,9,0,0.008,4131761
1789153290,8,0,0.039,4131761
1789153290,9,0,0.008,4131761
1789153290,9,0,0.015,4131761
1789153291,9,0,0.003,4131761
1789153291,9,0,0.007,4131761
1789153291,9,0,0.006,4131761
1789153291,9,0,0.01,4131761
1789153291,9,0,0.022,4131761
1789153291,9,0,0.007,4131761
1789153291,9,0,0.008,4131761
1789153291,9,0,0.007,4131761
1789153291,8,0,0.034,4131761
1789153292,9,0,0.024,4131761
1789153292,9,0,0.004,4131761
1789153292,9,0,0.019,4131761
1789153292,9,0,0.004,4131761
1789153292,9,0,0.003,4131761
1789153292,9,0,0.026,4131761
1789153292,9,0,0.004,4131761
1789153292,9,0,0.012,4131761
1789153292,9,0,0.003,4131761
1789153292,9,0,0.004,4131761
1789153292,8,0,0.034,4131761
1789153293,9,0,0.007,4131761
1789153293,9,0,0.005,4131761
1789153294,9,0,0.007,4131761
1789153294,9,0,0.011,4131761
1789153294,9,0,0.009,4131761
1789153295,9,0,0.003,4131761
1789153295,9,0,0.009,4131761
1789153295,9,0,0.009,4131761
1789153296,9,0,0.003,4131761
1789153296,9,0,0.006,4131761
1789153296,9,0,0.007,4131761
1789153296,9,0,0.004,4131761
1789153296,9,0,0.011,4131761
1789153296,8,0,0.039,4131761
1789153296,9,0,0.011,4131761
1789153296,9,0,0.003,4131761
1789153296,9,0,0.009,4131761
1789153296,9,0,0.013,4131761
1789153296,9,0,0.017,4131761
1789153296,9,0,0.004,4131761
1789153296,9,0,0.003,4131761
1789153296,9,0,0.004,4131761
1789153296,9,0,0.003,4131761
1789153296,8,0,0.033,4131761
1789153296,9,0,0.007,4131761
1789153297,9,0,0.028,4131761
1789153297,9,0,0.008,4131761
1789153297,9,0,0.01,4131761
1789153297,9,0,0.009,4131761
1789153297,9,0,0.004,4131761
1789153297,9,0,0.007,4131761
1789153297,9,0,0.009,4131761
1789153297,9,0,0.006,4131761
1789153297,8,0,0.035,4131761
1789153297,9,0,0.004,4131761
1789153298,9,0,0.013,4131761
1789153298,9,0,0.032,4131761
1789153298,9,0,0.006,4131761
1789153298,9,0,0.007,4131761
1789153299,9,0,0.007,4131761
1789153299,9,0,0.013,4131761
1789153299,9,0,0.003,4131761
1789153300,9,0,0.003,4131761
1789153300,9,0,0.009,4131761
1789153300,8,0,0.042,4131761
1789153300,9,0,0.005,4131761
1789153301,9,0,0.076,4131761
1789153301,9,0,0.049,4131761
1789153301,9,0,0.011,4131761
1789153301,9,0,0.089,4131761
1789153302,9,0,0.013,4131761
1789153302,9,0,0.02,4131761
1789153302,9,0,0.012,4131761
1789153302,9,0,0.007,4131761
1789153302,9,0,0.007,4131761
1789153302,8,0,0.032,4131761
1789153302,9,0,0.008,4131761
1789153304,9,0,0.004,4131761
1789153304,9,0,0.006,4131761
1789153304,9,0,0.003,4131761
1789153305,9,0,0.01,4131761
1789153305,9,0,0.011,4131761
1789153305,9,0,0.003,4131761
1789153305,9,0,0.017,4131761
1789153305,9,0,0.003,4131761
1789153305,8,0,0.061,4131761
1789153306,9,0,0.003,4131761
1789153306,9,0,0.004,4131761
1789153306,9,0,0.008,4131761
1789153306,9,0,0.004,4131761
1789153306,9,0,0.016,4131761
1789153306,9,0,0.003,4131761
1789153306,9,0,0.003,4131761
1789153307,9,0,0.024,4131761
1789153307,9,0,0.014,4131761
1789153307,9,0,0.03,4131761
1789153307,8,0,0.061,4131761
1789153307,9,0,0.003,4131761
1789153307,9,0,0.01,4131761
1789153307,9,0,0.003,4131761
1789153307,9,0,0.015,4131761
1789153308,9,0,0.008,4131761
1789153308,9,0,0.008,4131761
1789153308,9,0,0.004,4131761
1789153309,9,0,0.018,4131761
1789153309,9,0,0.009,4131761
1789153309,9,0,0.003,4131761
1789153309,8,0,0.043,4131761
1789153309,9,0,0.01,4131761
1789153310,9,0,0.007,4131761
1789153310,9,0,0.003,4131761
1789153311,9,0,0.005,4131761
1789153312,9,0,0.01,4131761
1789153312,9,0,0.018,4131761
1789153312,9,0,0.014,4131761
1789153312,9,0,0.007,4131761
1789153312,9,0,0.02,4131761
1789153316,9,0,0.028,4131761
1789153316,8,0,0.054,4131761
1789153316,9,0,0.009,4131761
1789153316,9,0,0.005,4131761
1789153316,9,0,0.009,4131761
1789153316,9,0,0.025,4131761
1789153317,9,0,0.007,4131761
1789153317,9,0,0.006,4131761
1789153318,9,0,0.011,4131761
1789153320,9,0,0.003,4131761
1789153320,9,0,0.01,4131761
1789153320,9,0,0.004,4131761
1789153320,8,0,0.052,4131761
1789153320,9,0,0.01,4131761
1789153320,9,0,0.01,4131761
1789153321,9,0,0.01,4131761
1789153321,9,0,0.016,4131761
1789153321,9,0,0.005,4131761
1789153321,9,0,0.006,4131761
1789153321,9,0,0.003,4131761
1789153321,9,0,0.007,4131761
1789153321,9,0,0.024,4131761
1789153321,9,0,0.005,4131761
1789153321,8,0,0.033,4131761
1789153321,9,0,0.014,4131761
1789153322,9,0,0.029,4131761
1789153322,9,0,0.008,4131761
1789153322,9,0,0.008,4131761
1789153322,9,0,0.068,4131761
1789153322,9,0,0.004,4131761
1789153322,9,0,0.003,4131761
1789153323,9,0,0.004,4131761
1789153323,9,0,0.005,4131761
1789153324,9,0,0.016,4131761
1789153324,8,0,0.03,4131761
1789153324,9,0,0.009,4131761
1789153324,9,0,0.003,4131761
1789153324,9,0,0.009,4131761
1789153325,9,0,0.004,4131761
1789153325,9,0,0.003,4131761
1789153325,9,0,0.008,4131761
1789153325,9,0,0.028,4131761
1789153326,9,0,0.006,4131761
1789153326,9,0,0.006,4131761
1789153326,9,0,0.004,4131761
1789153326,8,0,0.037,4131761
1789153326,9,0,0.003,4131761
1789153326,9,0,0.004,4131761
1789153327,9,0,0.014,4131761
1789153327,9,0,0.003,4131761
1789153327,9,0,0.005,4131761
1789153327,9,0,0.008,4131761
1789153327,9,0,0.007,4131761
1789153327,9,0,0.016,4131761
1789153328,9,0,0.003,4131761
1789153328,9,0,0.024,4131761
1789153328,8,0,0.033,4131761
1789153328,9,0,0.003,4131761
1789153328,9,0,0.008,4131761
1789153328,9,0,0.003,4131761
1789153329,9,0,0.006,4131761
1789153329,9,0,0.008,4131761
1789153329,9,0,0.004,4131761
1789153330,9,0,0.003,4131761
1789153330,9,0,0.009,4131761
1789153330,9,0,0.013,4131761
1789153331,9,0,0.012,4131761
1789153331,8,0,0.035,4131761
1789153331,9,0,0.004,4131761
1789153332,9,0,0.009,4131761
1789153332,9,0,0.012,4131761
1789153332,9,0,0.007,4131761
1789153332,9,0,0.004,4131761
1789153332,9,0,0.005,4131761
1789153332,9,0,0.003,4131761
1789153332,9,0,0.016,4131761
1789153332,9,0,0.005,4131761
1789153333,9,0,0.008,4131761
1789153333,8,0,0.039,4131761
1789153333,9,0,0.008,4131761
1789153333,9,0,0.02,4131761
1789153333,9,0,0.005,4131761
1789153334,9,0,0.007,4131761
1789153334,9,0,0.003,4131761
1789153334,9,0,0.003,4131761
1789153334,9,0,0.003,4131761
1789153334,9,0,0.005,4131761
1789153335,9,0,0.003,4131761
1789153335,9,0,0.004,4131761
1789153335,8,0,0.029,4131761
1789153335,9,0,0.007,4131761
1789153336,9,0,0.006,4131761
1789153336,9,0,0.004,4131761
1789153336,9,0,0.011,4131761
1789153337,9,0,0.013,4131761
1789153338,9,0,0.017,4131761
1789153338,9,0,0.007,4131761
1789153340,9,0,0.003,4131761
1789153340,9,0,0.011,4131761
1789153340,9,0,0.003,4131761
1789153340,9,0,0.007,4131761
1789153340,8,0,0.043,4131761
1789153340,9,0,0.011,4131761
1789153341,9,0,0.005,4131761
1789153341,9,0,0.004,4131761
1789153341,9,0,0.016,4131761
1789153341,9,0,0.009,4131761
1789153341,9,0,0.008,4131761
1789153341,9,0,0.009,4131761
1789153341,9,0,0.003,4131761
1789153342,9,0,0.012,4131761
1789153342,9,0,0.007,4131761
1789153342,8,0,0.036,4131761
1789153342,9,0,0.004,4131761
1789153343,9,0,0.005,4131761
1789153343,9,0,0.014,4131761
1789153343,9,0,0.003,4131761
1789153343,9,0,0.012,4131761
1789153343,9,0,0.003,4131761
1789153343,9,0,0.004,4131761
1789153344,9,0,0.003,4131761
1789153344,9,0,0.005,4131761
1789153344,8,0,0.032,4131761
1789153344,9,0,0.007,4131761
1789153345,9,0,0.01,4131761
1789153345,9,0,0.011,4131761
1789153345,9,0,0.007,4131761
1789153345,9,0,0.097,4131761
1789153345,9,0,0.007,4131761
1789153345,9,0,0.004,4131761
1789153345,9,0,0.005,4131761
1789153345,9,0,0.003,4131761
1789153346,9,0,0.005,4131761
1789153346,8,0,0.036,4131761
1789153346,9,0,0.003,4131761
1789153346,9,0,0.01,4131761
1789153346,9,0,0.01,4131761
1789153346,9,0,0.005,4131761
1789153346,9,0,0.006,4131761
1789153346,9,0,0.005,4131761
1789153346,9,0,0.004,4131761
1789153346,9,0,0.003,4131761
1789153346,9,0,0.007,4131761
1789153347,9,0,0.004,4131761
1789153347,9,0,0.005,4131761
1789153347,8,0,0.041,4131761
1789153347,9,0,0.023,4131761
1789153347,9,0,0.003,4131761
1789153347,9,0,0.012,4131761
1789153347,9,0,0.021,4131761
1789153347,9,0,0.007,4131761
1789153347,9,0,0.028,4131761
1789153348,9,0,0.003,4131761
1789153348,9,0,0.003,4131761
1789153348,9,0,0.005,4131761
1789153348,8,0,0.034,4131761
1789153349,9,0,0.006,4131761
1789153349,9,0,0.008,4131761
1789153349,9,0,0.006,4131761
1789153349,9,0,0.017,4131761
1789153349,9,0,0.011,4131761
1789153350,9,0,0.003,4131761
1789153350,9,0,0.005,4131761
1789153350,9,0,0.004,4131761
1789153350,9,0,0.013,4131761
1789153351,9,0,0.006,4131761
1789153351,8,0,0.063,4131761
1789153351,9,0,0.003,4131761
1789153351,9,0,0.018,4131761
1789153351,9,0,0.009,4131761
1789153351,9,0,0.003,4131761
1789153351,9,0,0.016,4131761
1789153352,9,0,0.003,4131761
1789153352,9,0,0.021,4131761
1789153352,9,0,0.009,4131761
1789153352,9,0,0.008,4131761
1789153353,9,0,0.003,4131761
1789153353,8,0,0.029,4131761
1789153353,9,0,0.009,4131761
1789153353,9,0,0.01,4131761
1789153354,9,0,0.012,4131761
1789153354,9,0,0.006,4131761
1789153354,9,0,0.005,4131761
1789153354,9,0,0.009,4131761
1789153354,9,0,0.003,4131761
1789153355,9,0,0.014,4131761
1789153355,9,0,0.003,4131761
1789153355,9,0,0.006,4131761
1789153356,8,0,0.062,4131761
1789153356,9,0,0.003,4131761
1789153356,9,0,0.007,4131761
1789153356,9,0,0.003,4131761
1789153356,9,0,0.006,4131761
1789153356,9,0,0.005,4131761
1789153357,9,0,0.003,4131761
1789153357,9,0,0.005,4131761
1789153357,9,0,0.028,4131761
1789153357,9,0,0.03,4131761
1789153358,9,0,0.006,4131761
1789153358,8,0,0.034,4131761
1789153358,9,0,0.004,4131761
1789153358,9,0,0.004,4131761
1789153358,9,0,0.016,4131761
1789153358,9,0,0.003,4131761
1789153358,9,0,0.003,4131761
1789153359,9,0,0.004,4131761
1789153359,9,0,0.004,4131761
1789153359,9,0,0.01,4131761
1789153359,9,0,0.006,4131761
1789153359,9,0,0.011,4131761
1789153359,8,0,0.043,4131761
1789153360,9,0,0.01,4131761
1789153360,9,0,0.004,4131761
1789153360,9,0,0.005,4131761
1789153360,9,0,0.023,4131761
1789153361,9,0,0.006,4131761
1789153361,9,0,0.003,4131761
1789153361,9,0,0.009,4131761
1789153362,9,0,0.004,4131761
1789153362,9,0,0.004,4131761
1789153362,9,0,0.01,4131761
1789153362,8,0,0.036,4131761
1789153362,9,0,0.01,4131761
1789153363,9,0,0.005,4131761
1789153363,9,0,0.026,4131761
1789153363,9,0,0.016,4131761
1789153364,9,0,0.03,4131761
1789153364,9,0,0.017,4131761
1789153365,9,0,0.025,4131761
1789153365,9,0,0.013,4131761
1789153365,9,0,0.003,4131761
1789153365,9,0,0.01,4131761
1789153366,9,0,0.025,4131761
1789153366,8,0,0.045,4131761
1789153366,9,0,0.01,4131761
1789153366,9,0,0.003,4131761
1789153366,9,0,0.007,4131761
1789153366,9,0,0.006,4131761
1789153367,9,0,0.01,4131761
1789153367,9,0,0.006,4131761
1789153367,9,0,0.008,4131761
1789153368,9,0,0.008,4131761
1789153368,9,0,0.007,4131761
1789153368,8,0,0.054,4131761
1789153368,9,0,0.005,4131761
1789153368,9,0,0.009,4131761
1789153368,9,0,0.005,4131761
1789153368,9,0,0.009,4131761
1789153368,9,0,0.005,4131761
1789153368,9,0,0.003,4131761
1789153369,9,0,0.007,4131761
1789153369,9,0,0.016,4131761
1789153369,9,0,0.007,4131761
1789153369,9,0,0.025,4131761
1789153369,8,0,0.052,4131761
1789153369,9,0,0.004,4131761
1789153369,9,0,0.007,4131761
1789153369,9,0,0.032,4131761
1789153369,9,0,0.031,4131761
1789153370,9,0,0.009,4131761
1789153370,9,0,0.003,4131761
1789153370,9,0,0.004,4131761
1789153370,9,0,0.003,4131761
1789153371,9,0,0.004,4131761
1789153371,9,0,0.004,4131761
1789153371,9,0,0.004,4131761
1789153371,8,0,0.038,4131761
1789153371,9,0,0.004,4131761
1789153371,9,0,0.009,4131761
1789153371,9,0,0.017,4131761
1789153371,9,0,0.004,4131761
1789153372,9,0,0.009,4131761
1789153373,9,0,0.012,4131761
1789153374,9,0,0.012,4131761
1789153374,9,0,0.003,4131761
1789153375,9,0,0.004,4131761
1789153375,8,0,0.042,4131761
1789153375,9,0,0.01,4131761
1789153375,9,0,0.007,4131761
1789153375,9,0,0.003,4131761
1789153375,9,0,0.006,4131761
1789153376,9,0,0.009,4131761
1789153376,9,0,0.039,4131761
1789153376,9,0,0.019,4131761
1789153376,9,0,0.004,4131761
1789153377,9,0,0.004,4131761
1789153377,9,0,0.019,4131761
1789153377,8,0,0.046,4131761
1789153377,9,0,0.005,4131761
1789153378,9,0,0.007,4131761
1789153378,9,0,0.004,4131761
1789153378,9,0,0.004,4131761
1789153378,9,0,0.022,4131761
1789153379,9,0,0.009,4131761
1789153379,9,0,0.013,4131761
1789153380,9,0,0.026,4131761
1789153380,9,0,0.012,4131761
1789153380,9,0,0.004,4131761
1789153381,8,0,0.055,4131761
1789153381,9,0,0.007,4131761
1789153381,9,0,0.003,4131761
1789153381,9,0,0.01,4131761
1789153381,9,0,0.006,4131761
1789153381,9,0,0.017,4131761
1789153381,9,0,0.009,4131761
1789153381,9,0,0.046,4131761
1789153381,9,0,0.028,4131761
1789153381,9,0,0.089,4131761
1789153381,9,0,0.006,4131761
1789153381,8,0,0.034,4131761
1789153382,9,0,0.004,4131761
1789153382,9,0,0.016,4131761
1789153382,9,0,0.003,4131761
1789153382,9,0,0.01,4131761
1789153382,9,0,0.008,4131761
1789153382,9,0,0.003,4131761
1789153382,9,0,0.003,4131761
1789153382,9,0,0.016,4131761
1789153382,9,0,0.005,4131761
1789153383,9,0,0.006,4131761
1789153383,9,0,0.004,4131761
1789153383,8,0,0.032,4131761
1789153383,9,0,0.006,4131761
1789153383,9,0,0.007,4131761
1789153383,9,0,0.004,4131761
1789153384,9,0,0.011,4131761
1789153385,9,0,0.027,4131761
1789153385,9,0,0.01,4131761
1789153385,9,0,0.011,4131761
1789153385,9,0,0.004,4131761
1789153387,9,0,0.004,4131761
1789153387,8,0,0.032,4131761
1789153388,9,0,0.011,4131761
1789153388,9,0,0.017,4131761
1789153389,9,0,0.004,4131761
1789153389,9,0,0.003,4131761
1789153389,9,0,0.007,4131761
1789153389,9,0,0.003,4131761
1789153389,9,0,0.003,4131761
1789153390,9,0,0.043,4131761
1789153391,9,0,0.004,4131761
1789153391,9,0,0.004,4131761
1789153391,8,0,0.063,4131761
1789153391,9,0,0.025,4131761
1789153391,9,0,0.011,4131761
1789153392,9,0,0.006,4131761
1789153392,9,0,0.004,4131761
1789153392,9,0,0.009,4131761
1789153392,9,0,0.003,4131761
1789153392,9,0,0.009,4131761
1789153392,9,0,0.005,4131761
1789153392,9,0,0.003,4131761
1789153392,9,0,0.005,4131761
1789153392,8,0,0.041,4131761
1789153392,9,0,0.008,4131761
1789153392,9,0,0.007,4131761
1789153392,9,0,0.003,4131761
1789153392,9,0,0.004,4131761
1789153392,9,0,0.022,4131761
1789153392,9,0,0.003,4131761
1789153393,9,0,0.004,4131761
1789153393,9,0,0.006,4131761
1789153393,9,0,0.014,4131761
1789153393,9,0,0.004,4131761
1789153393,9,0,0.007,4131761
1789153393,8,0,0.03,4131761
1789153393,9,0,0.009,4131761
1789153393,9,0,0.021,4131761
1789153393,9,0,0.006,4131761
1789153393,9,0,0.004,4131761
1789153393,9,0,0.003,4131761
1789153393,9,0,0.003,4131761
1789153394,9,0,0.009,4131761
1789153394,9,0,0.003,4131761
1789153394,9,0,0.004,4131761
1789153394,8,0,0.029,4131761
1789153394,9,0,0.008,4131761
1789153395,9,0,0.012,4131761
1789153395,9,0,0.003,4131761
1789153395,9,0,0.003,4131761
1789153395,9,0,0.011,4131761
1789153395,9,0,0.005,4131761
1789153395,9,0,0.003,4131761
1789153395,9,0,0.003,4131761
1789153396,9,0,0.017,4131761
1789153396,9,0,0.006,4131761
1789153396,8,0,0.029,4131761
1789153397,9,0,0.012,4131761
1789153397,9,0,0.003,4131761
1789153397,9,0,0.007,4131761
1789153397,9,0,0.005,4131761
1789153397,9,0,0.003,4131761
1789153397,9,0,0.006,4131761
1789153397,9,0,0.003,4131761
1789153397,9,0,0.004,4131761
1789153397,9,0,0.011,4131761
1789153398,9,0,0.019,4131761
1789153398,8,0,0.038,4131761
1789153399,9,0,0.02,4131761
1789153399,9,0,0.005,4131761
1789153400,9,0,0.026,4131761
1789153401,9,0,0.012,4131761
1789153401,9,0,0.004,4131761
1789153402,9,0,0.004,4131761
1789153402,9,0,0.013,4131761
1789153403,9,0,0.008,4131761
1789153404,9,0,0.016,4131761
1789153404,9,0,0.007,4131761
1789153404,8,0,0.046,4131761
1789153404,9,0,0.004,4131761
1789153405,9,0,0.008,4131761
1789153405,9,0,0.003,4131761
1789153405,9,0,0.009,4131761
1789153405,9,0,0.034,4131761
1789153405,9,0,0.003,4131761
1789153406,9,0,0.097,4131761
1789153406,9,0,0.006,4131761
1789153407,9,0,0.014,4131761
1789153407,9,0,0.005,4131761
1789153407,8,0,0.038,4131761
1789153407,9,0,0.004,4131761
1789153407,9,0,0.032,4131761
1789153407,9,0,0.007,4131761
1789153407,9,0,0.012,4131761
1789153407,9,0,0.02,4131761
1789153408,9,0,0.011,4131761
1789153408,9,0,0.008,4131761
1789153409,9,0,0.006,4131761
1789153409,9,0,0.017,4131761
1789153409,9,0,0.003,4131761
1789153409,8,0,0.049,4131761
1789153409,9,0,0.006,4131761
1789153409,9,0,0.005,4131761
1789153410,9,0,0.008,4131761
1789153410,9,0,0.003,4131761
1789153410,9,0,0.005,4131761
1789153410,9,0,0.003,4131761
1789153410,9,0,0.004,4131761
1789153410,9,0,0.008,4131761
1789153410,9,0,0.008,4131761
1789153410,9,0,0.004,4131761
1789153410,8,0,0.033,4131761
1789153411,9,0,0.009,4131761
1789153411,9,0,0.006,4131761
1789153411,9,0,0.007,4131761
1789153411,9,0,0.009,4131761
1789153411,9,0,0.006,4131761
1789153412,9,0,0.01,4131761
1789153412,9,0,0.049,4131761
1789153413,9,0,0.009,4131761
1789153413,9,0,0.006,4131761
1789153414,9,0,0.004,4131761
1789153414,8,0,0.047,4131761
1789153414,9,0,0.015,4131761
1789153414,9,0,0.02,4131761
1789153414,9,0,0.018,4131761
1789153415,9,0,0.004,4131761
1789153415,9,0,0.003,4131761
1789153415,9,0,0.027,4131761
1789153415,9,0,0.009,4131761
1789153415,9,0,0.016,4131761
1789153415,9,0,0.012,4131761
1789153416,9,0,0.004,4131761
1789153416,8,0,0.034,4131761
1789153416,9,0,0.003,4131761
1789153416,9,0,0.009,4131761
1789153416,9,0,0.004,4131761
1789153416,9,0,0.012,4131761
1789153416,9,0,0.005,4131761
1789153416,9,0,0.007,4131761
1789153417,9,0,0.018,4131761
1789153417,9,0,0.013,4131761
1789153417,9,0,0.036,4131761
1789153418,9,0,0.013,4131761
1789153418,8,0,0.046,4131761
1789153418,9,0,0.003,4131761
1789153419,9,0,0.003,4131761
1789153419,9,0,0.007,4131761
1789153419,9,0,0.004,4131761
1789153419,9,0,0.005,4131761
1789153419,9,0,0.003,4131761
1789153420,9,0,0.003,4131761
1789153420,9,0,0.007,4131761
1789153421,9,0,0.006,4131761
1789153422,9,0,0.006,4131761
1789153422,8,0,0.037,4131761
1789153422,9,0,0.004,4131761
1789153422,9,0,0.006,4131761
1789153422,9,0,0.009,4131761
1789153422,9,0,0.024,4131761
1789153422,9,0,0.003,4131761
1789153422,9,0,0.01,4131761
1789153423,9,0,0.009,4131761
1789153423,9,0,0.004,4131761
1789153423,9,0,0.007,4131761
1789153423,9,0,0.006,4131761
1789153423,8,0,0.03,4131761
1789153423,9,0,0.008,4131761
1789153423,9,0,0.005,4131761
1789153423,9,0,0.013,4131761
1789153423,9,0,0.007,4131761
1789153424,9,0,0.003,4131761
1789153425,9,0,0.003,4131761
1789153425,9,0,0.02,4131761
1789153426,9,0,0.004,4131761
1789153426,9,0,0.01,4131761
1789153427,9,0,0.007,4131761
1789153427,9,0,0.006,4131761
1789153427,8,0,0.049,4131761
1789153427,9,0,0.023,4131761
1789153428,9,0,0.004,4131761
1789153428,9,0,0.006,4131761
1789153428,9,0,0.006,4131761
1789153428,9,0,0.003,4131761
1789153428,9,0,0.006,4131761
1789153428,9,0,0.013,4131761
1789153428,9,0,0.017,4131761
1789153428,9,0,0.004,4131761
1789153428,8,0,0.034,4131761
1789153428,9,0,0.004,4131761
1789153429,9,0,0.003,4131761
1789153429,9,0,0.008,4131761
1789153429,9,0,0.003,4131761
1789153429,9,0,0.043,4131761
1789153429,9,0,0.004,4131761
1789153429,9,0,0.003,4131761
1789153429,9,0,0.005,4131761
1789153429,9,0,0.003,4131761
1789153429,9,0,0.006,4131761
1789153429,8,0,0.034,4131761
1789153429,9,0,0.003,4131761
1789153429,9,0,0.011,4131761
1789153429,9,0,0.049,4131761
1789153429,9,0,0.004,4131761
1789153429,9,0,0.011,4131761
1789153430,9,0,0.004,4131761
1789153430,9,0,0.004,4131761
1789153430,9,0,0.005,4131761
1789153430,9,0,0.004,4131761
1789153430,9,0,0.003,4131761
1789153430,8,0,0.028,4131761
1789153430,9,0,0.009,4131761
1789153430,9,0,0.004,4131761
1789153431,9,0,0.003,4131761
1789153431,9,0,0.01,4131761
1789153431,9,0,0.009,4131761
1789153431,9,0,0.017,4131761
1789153431,9,0,0.025,4131761
1789153431,9,0,0.014,4131761
1789153431,9,0,0.014,4131761
1789153431,9,0,0.011,4131761
1789153432,8,0,0.032,4131761
1789153432,9,0,0.013,4131761
1789153432,9,0,0.005,4131761
1789153432,9,0,0.007,4131761
1789153432,9,0,0.004,4131761
1789153432,9,0,0.009,4131761
1789153432,9,0,0.038,4131761
1789153432,9,0,0.023,4131761
1789153432,9,0,0.007,4131761
1789153432,9,0,0.011,4131761
1789153433,9,0,0.005,4131761
1789153433,8,0,0.044,4131761
1789153433,9,0,0.004,4131761
1789153433,9,0,0.003,4131761
1789153434,9,0,0.014,4131761
1789153435,9,0,0.016,4131761
1789153435,9,0,0.008,4131761
1789153436,9,0,0.003,4131761
1789153436,9,0,0.031,4131761
1789153436,9,0,0.006,4131761
1789153437,9,0,0.008,4131761
1789153437,9,0,0.004,4131761
1789153437,8,0,0.034,4131761
1789153437,9,0,0.01,4131761
1789153437,9,0,0.007,4131761
1789153437,9,0,0.009,4131761
1789153438,9,0,0.013,4131761
1789153439,9,0,0.006,4131761
1789153439,9,0,0.003,4131761
1789153439,9,0,0.054,4131761
1789153440,9,0,0.016,4131761
1789153440,9,0,0.004,4131761
1789153441,9,0,0.003,4131761
1789153441,8,0,0.058,4131761
1789153441,9,0,0.017,4131761
1789153441,9,0,0.003,4131761
1789153441,9,0,0.003,4131761
1789153442,9,0,0.003,4131761
1789153442,9,0,0.003,4131761
1789153442,9,0,0.005,4131761
1789153443,9,0,0.03,4131761
1789153443,9,0,0.003,4131761
1789153444,9,0,0.005,4131761
1789153444,9,0,0.01,4131761
1789153444,9,0,0.003,4131761
1789153444,8,0,0.048,4131761
1789153444,9,0,0.021,4131761
1789153444,9,0,0.139,4131761
1789153444,9,0,0.022,4131761
1789153445,9,0,0.011,4131761
1789153445,9,0,0.019,4131761
1789153445,9,0,0.042,4131761
1789153445,9,0,0.004,4131761
1789153445,9,0,0.005,4131761
1789153445,9,0,0.004,4131761
1789153445,8,0,0.073,4131761
1789153445,9,0,0.035,4131761
1789153446,9,0,0.003,4131761
1789153446,9,0,0.003,4131761
1789153446,9,0,0.004,4131761
1789153446,9,0,0.059,4131761
1789153446,9,0,0.007,4131761
1789153447,9,0,0.011,4131761
1789153447,9,0,0.012,4131761
1789153447,9,0,0.009,4131761
1789153447,9,0,0.004,4131761
1789153447,8,0,0.043,4131761
1789153447,9,0,0.004,4131761
1789153448,9,0,0.007,4131761
1789153448,9,0,0.015,4131761
1789153448,9,0,0.003,4131761
1789153448,9,0,0.019,4131761
1789153448,9,0,0.004,4131761
1789153448,9,0,0.004,4131761
1789153448,9,0,0.003,4131761
1789153449,9,0,0.003,4131761
1789153449,9,0,0.005,4131761
1789153449,8,0,0.066,4131761
1789153449,9,0,0.007,4131761
1789153449,9,0,0.01,4131761
1789153449,9,0,0.011,4131761
1789153449,9,0,0.004,4131761
1789153449,9,0,0.006,4131761
1789153449,9,0,0.01,4131761
1789153449,9,0,0.003,4131761
1789153449,9,0,0.045,4131761
1789153449,9,0,0.014,4131761
1789153449,9,0,0.017,4131761
1789153449,8,0,0.051,4131761
1789153450,9,0,0.007,4131761
1789153450,9,0,0.01,4131761
1789153450,9,0,0.01,4131761
1789153450,9,0,0.006,4131761
1789153450,9,0,0.005,4131761
1789153450,9,0,0.003,4131761
1789153451,9,0,0.015,4131761
1789153451,9,0,0.004,4131761
1789153451,9,0,0.004,4131761
1789153451,9,0,0.039,4131761
1789153451,9,0,0.014,4131761
1789153451,8,0,0.074,4131761
1789153451,9,0,0.041,4131761
1789153452,9,0,0.01,4131761
1789153452,9,0,0.003,4131761
1789153453,9,0,0.011,4131761
1789153453,9,0,0.006,4131761
1789153453,9,0,0.004,4131761
1789153453,9,0,0.007,4131761
1789153453,9,0,0.005,4131761
1789153453,9,0,0.009,4131761
1789153453,8,0,0.041,4131761
1789153454,9,0,0.004,4131761
1789153454,9,0,0.003,4131761
1789153454,9,0,0.013,4131761
1789153454,9,0,0.007,4131761
1789153454,9,0,0.011,4131761
1789153454,9,0,0.017,4131761
1789153455,9,0,0.008,4131761
1789153455,9,0,0.003,4131761
1789153455,9,0,0.014,4131761
1789153455,9,0,0.004,4131761
1789153455,8,0,0.04,4131761
1789153455,9,0,0.016,4131761
1789153455,9,0,0.006,4131761
1789153455,9,0,0.009,4131761
1789153455,9,0,0.006,4131761
1789153456,9,0,0.023,4131761
1789153456,9,0,0.005,4131761
1789153456,9,0,0.009,4131761
1789153457,9,0,0.005,4131761
1789153457,9,0,0.003,4131761
1789153457,9,0,0.018,4131761
1789153458,8,0,0.043,4131761
1789153458,9,0,0.008,4131761
1789153458,9,0,0.015,4131761
1789153458,9,0,0.004,4131761
1789153458,9,0,0.003,4131761
1789153459,9,0,0.003,4131761
1789153459,9,0,0.006,4131761
1789153459,9,0,0.033,4131761
1789153460,9,0,0.029,4131761
1789153461,9,0,0.018,4131761
1789153461,9,0,0.026,4131761
1789153461,9,0,0.007,4131761
1789153461,8,0,0.049,4131761
1789153461,9,0,0.003,4131761
1789153461,9,0,0.004,4131761
1789153461,9,0,0.003,4131761
1789153461,9,0,0.007,4131761
1789153461,9,0,0.011,4131761
1789153462,9,0,0.004,4131761
1789153462,9,0,0.006,4131761
1789153463,9,0,0.005,4131761
1789153463,9,0,0.012,4131761
1789153463,8,0,0.039,4131761
1789153463,9,0,0.003,4131761
1789153463,9,0,0.006,4131761
1789153463,9,0,0.008,4131761
1789153464,9,0,0.01,4131761
1789153465,9,0,0.013,4131761
1789153465,9,0,0.004,4131761
1789153466,9,0,0.007,4131761
1789153466,9,0,0.003,4131761
1789153467,9,0,0.008,4131761
1789153467,9,0,0.009,4131761
1789153467,8,0,0.068,4131761
1789153467,9,0,0.012,4131761
1789153467,9,0,0.014,4131761
1789153467,9,0,0.003,4131761
1789153467,9,0,0.007,4131761
1789153467,9,0,0.006,4131761
1789153467,9,0,0.003,4131761
1789153467,9,0,0.005,4131761
1789153467,9,0,0.008,4131761
1789153468,9,0,0.054,4131761
1789153468,9,0,0.008,4131761
1789153468,8,0,0.037,4131761
1789153468,9,0,0.007,4131761
1789153469,9,0,0.004,4131761
1789153469,9,0,0.007,4131761
1789153469,9,0,0.004,4131761
1789153469,9,0,0.003,4131761
1789153469,9,0,0.008,4131761
1789153469,9,0,0.008,4131761
1789153469,9,0,0.014,4131761
1789153469,9,0,0.005,4131761
1789153469,9,0,0.003,4131761
1789153469,8,0,0.031,4131761
1789153469,9,0,0.003,4131761
1789153469,9,0,0.008,4131761
1789153469,9,0,0.004,4131761
1789153469,9,0,0.009,4131761
1789153469,9,0,0.007,4131761
1789153469,9,0,0.007,4131761
1789153470,9,0,0.014,4131761
1789153470,9,0,0.007,4131761
1789153470,9,0,0.009,4131761
1789153470,9,0,0.009,4131761
1789153470,8,0,0.038,4131761
1789153470,9,0,0.015,4131761
1789153470,9,0,0.004,4131761
1789153471,9,0,0.014,4131761
1789153471,9,0,0.003,4131761
1789153471,9,0,0.002,4131761
1789153471,9,0,0.005,4131761
1789153472,9,0,0.008,4131761
1789153472,9,0,0.008,4131761
1789153473,9,0,0.004,4131761
1789153473,9,0,0.019,4131761
1789153473,8,0,0.053,4131761
1789153473,9,0,0.003,4131761
1789153473,9,0,0.004,4131761
1789153473,9,0,0.007,4131761
1789153473,9,0,0.011,4131761
1789153474,9,0,0.014,4131761
1789153474,9,0,0.003,4131761
1789153474,9,0,0.008,4131761
1789153474,9,0,0.007,4131761
1789153474,9,0,0.005,4131761
1789153474,9,0,0.004,4131761
1789153474,8,0,0.05,4131761
1789153474,9,0,0.054,4131761
1789153475,9,0,0.003,4131761
1789153475,9,0,0.009,4131761
1789153475,9,0,0.021,4131761
1789153475,9,0,0.006,4131761
1789153475,9,0,0.033,4131761
1789153475,9,0,0.003,4131761
1789153475,9,0,0.01,4131761
1789153475,9,0,0.003,4131761
1789153476,9,0,0.004,4131761
1789153476,8,0,0.033,4131761
1789153476,9,0,0.004,4131761
1789153476,9,0,0.015,4131761
1789153476,9,0,0.01,4131761
1789153476,9,0,0.025,4131761
1789153476,9,0,0.022,4131761
1789153477,9,0,0.003,4131761
1789153477,9,0,0.009,4131761
1789153477,9,0,0.009,4131761
1789153478,9,0,0.007,4131761
1789153478,9,0,0.004,4131761
1789153478,8,0,0.04,4131761
1789153478,9,0,0.004,4131761
1789153478,9,0,0.004,4131761
1789153479,9,0,0.005,4131761
1789153479,9,0,0.014,4131761
1789153479,9,0,0.008,4131761
1789153479,9,0,0.025,4131761
1789153479,9,0,0.004,4131761
1789153479,9,0,0.019,4131761
1789153479,9,0,0.006,4131761
1789153479,9,0,0.026,4131761
1789153479,8,0,0.033,4131761
1789153480,9,0,0.003,4131761
1789153480,9,0,0.009,4131761
1789153480,9,0,0.003,4131761
1789153480,9,0,0.01,4131761
1789153481,9,0,0.004,4131761
1789153481,9,0,0.025,4131761
1789153481,9,0,0.015,4131761
1789153481,9,0,0.007,4131761
1789153481,9,0,0.009,4131761
1789153482,9,0,0.004,4131761
1789153482,8,0,0.034,4131761
1789153482,9,0,0.007,4131761
1789153482,9,0,0.017,4131761
1789153483,9,0,0.005,4131761
1789153483,9,0,0.005,4131761
1789153484,9,0,0.006,4131761
1789153484,9,0,0.007,4131761
1789153484,9,0,0.003,4131761
1789153485,9,0,0.005,4131761
1789153485,9,0,0.024,4131761
1789153486,9,0,0.004,4131761
1789153486,9,0,0.005,4131761
1789153486,8,0,0.037,4131761
1789153486,9,0,0.011,4131761
1789153486,9,0,0.003,4131761
1789153487,9,0,0.023,4131761
1789153487,9,0,0.014,4131761
1789153487,9,0,0.004,4131761
1789153487,9,0,0.007,4131761
1789153488,9,0,0.004,4131761
1789153489,9,0,0.015,4131761
1789153490,9,0,0.008,4131761
1789153490,8,0,0.042,4131761
1789153490,9,0,0.009,4131761
1789153490,9,0,0.009,4131761
1789153490,9,0,0.027,4131761
1789153490,9,0,0.01,4131761
1789153491,9,0,0.014,4131761
1789153491,9,0,0.006,4131761
1789153491,9,0,0.004,4131761
1789153492,9,0,0.009,4131761
1789153492,9,0,0.008,4131761
1789153493,9,0,0.003,4131761
1789153493,8,0,0.051,4131761
1789153493,9,0,0.02,4131761
1789153493,9,0,0.005,4131761
1789153493,9,0,0.012,4131761
1789153493,9,0,0.007,4131761
1789153493,9,0,0.004,4131761
1789153493,9,0,0.004,4131761
1789153493,9,0,0.019,4131761
1789153494,9,0,0.02,4131761
1789153494,9,0,0.006,4131761
1789153495,9,0,0.027,4131761
1789153495,8,0,0.051,4131761
1789153495,9,0,0.005,4131761
1789153495,9,0,0.01,4131761
1789153495,9,0,0.012,4131761
1789153495,9,0,0.003,4131761
1789153495,9,0,0.003,4131761
1789153495,9,0,0.007,4131761
1789153495,9,0,0.029,4131761
1789153495,9,0,0.004,4131761
1789153495,9,0,0.004,4131761
1789153496,9,0,0.029,4131761
1789153496,8,0,0.048,4131761
1789153496,9,0,0.008,4131761
1789153496,9,0,0.003,4131761
1789153496,9,0,0.003,4131761
1789153496,9,0,0.019,4131761
1789153496,9,0,0.02,4131761
1789153496,9,0,0.005,4131761
1789153497,9,0,0.007,4131761
1789153497,9,0,0.006,4131761
1789153497,9,0,0.006,4131761
1789153498,9,0,0.004,4131761
1789153498,8,0,0.034,4131761
1789153499,9,0,0.004,4131761
1789153499,9,0,0.008,4131761
1789153499,9,0,0.011,4131761
1789153499,9,0,0.02,4131761
1789153499,9,0,0.003,4131761
1789153499,9,0,0.004,4131761
1789153500,9,0,0.003,4131761
1789153500,9,0,0.01,4131761
1789153502,9,0,0.022,4131761
1789153502,9,0,0.006,4131761
1789153502,8,0,0.06,4131761
1789153503,9,0,0.007,4131761
1789153503,9,0,0.008,4131761
1789153503,9,0,0.011,4131761
1789153503,9,0,0.003,4131761
1789153503,9,0,0.004,4131761
1789153503,9,0,0.015,4131761
1789153504,9,0,0.003,4131761
1789153504,9,0,0.006,4131761
1789153504,9,0,0.005,4131761
1789153504,9,0,0.014,4131761
1789153504,9,0,0.011,4131761
1789153504,8,0,0.063,4131761
1789153504,9,0,0.007,4131761
1789153505,9,0,0.005,4131761
1789153505,9,0,0.003,4131761
1789153505,9,0,0.016,4131761
1789153505,9,0,0.003,4131761
1789153505,9,0,0.033,4131761
1789153505,9,0,0.003,4131761
1789153506,9,0,0.003,4131761
1789153506,9,0,0.005,4131761
1789153506,9,0,0.019,4131761
1789153506,8,0,0.054,4131761
1789153506,9,0,0.004,4131761
1789153506,9,0,0.007,4131761
1789153506,9,0,0.005,4131761
1789153507,9,0,0.015,4131761
1789153507,9,0,0.019,4131761
1789153507,9,0,0.025,4131761
1789153507,9,0,0.003,4131761
1789153507,9,0,0.017,4131761
1789153507,9,0,0.006,4131761
1789153507,8,0,0.039,4131761
1789153507,9,0,0.021,4131761
1789153507,9,0,0.007,4131761
1789153508,9,0,0.003,4131761
1789153508,9,0,0.003,4131761
1789153508,9,0,0.01,4131761
1789153509,9,0,0.017,4131761
1789153509,9,0,0.003,4131761
1789153509,9,0,0.008,4131761
1789153509,9,0,0.003,4131761
1789153509,9,0,0.007,4131761
1789153509,9,0,0.015,4131761
1789153509,9,0,0.007,4131761
1789153509,8,0,0.078,4131761
1789153510,9,0,0.005,4131761
1789153510,9,0,0.007,4131761
1789153510,9,0,0.003,4131761
1789153510,9,0,0.011,4131761
1789153510,9,0,0.01,4131761
1789153510,9,0,0.004,4131761
1789153510,9,0,0.005,4131761
1789153510,9,0,0.016,4131761
1789153510,8,0,0.038,4131761
1789153510,9,0,0.004,4131761
1789153511,9,0,0.044,4131761
1789153511,9,0,0.003,4131761
1789153511,9,0,0.003,4131761
1789153511,9,0,0.004,4131761
1789153511,9,0,0.003,4131761
1789153511,9,0,0.003,4131761
1789153512,9,0,0.007,4131761
1789153512,9,0,0.004,4131761
1789153513,9,0,0.004,4131761
1789153513,8,0,0.043,4131761
1789153513,9,0,0.006,4131761
1789153514,9,0,0.004,4131761
1789153514,9,0,0.044,4131761
1789153514,9,0,0.024,4131761
1789153514,9,0,0.003,4131761
1789153514,9,0,0.005,4131761
1789153515,9,0,0.01,4131761
1789153515,9,0,0.008,4131761
1789153515,9,0,0.004,4131761
1789153515,9,0,0.003,4131761
1789153515,8,0,0.062,4131761
1789153515,9,0,0.004,4131761
1789153515,9,0,0.003,4131761
1789153515,9,0,0.006,4131761
1789153515,9,0,0.023,4131761
1789153515,9,0,0.005,4131761
1789153516,9,0,0.016,4131761
1789153516,9,0,0.007,4131761
1789153516,9,0,0.007,4131761
1789153516,9,0,0.021,4131761
1789153516,9,0,0.004,4131761
1789153516,8,0,0.035,4131761
1789153516,9,0,0.004,4131761
1789153516,9,0,0.003,4131761
1789153516,9,0,0.009,4131761
1789153516,9,0,0.011,4131761
1789153516,9,0,0.017,4131761
1789153516,9,0,0.009,4131761
1789153517,9,0,0.011,4131761
1789153517,9,0,0.013,4131761
1789153517,9,0,0.005,4131761
1789153517,9,0,0.018,4131761
1789153517,8,0,0.062,4131761
1789153517,9,0,0.023,4131761
1789153518,9,0,0.004,4131761
1789153518,9,0,0.011,4131761
1789153518,9,0,0.009,4131761
1789153518,9,0,0.014,4131761
1789153518,9,0,0.003,4131761
1789153519,9,0,0.017,4131761
1789153519,9,0,0.006,4131761
1789153519,9,0,0.006,4131761
1789153519,9,0,0.005,4131761
1789153519,8,0,0.031,4131761
1789153519,9,0,0.005,4131761
1789153519,9,0,0.019,4131761
1789153520,9,0,0.008,4131761
1789153520,9,0,0.005,4131761
1789153520,9,0,0.01,4131761
1789153520,9,0,0.027,4131761
1789153520,9,0,0.004,4131761
1789153520,9,0,0.006,4131761
1789153520,9,0,0.003,4131761
1789153520,9,0,0.003,4131761
1789153520,8,0,0.044,4131761
1789153520,9,0,0.039,4131761
1789153521,9,0,0.003,4131761
1789153521,9,0,0.004,4131761
1789153521,9,0,0.006,4131761
1789153521,9,0,0.003,4131761
1789153521,9,0,0.003,4131761
1789153521,9,0,0.011,4131761
1789153522,9,0,0.008,4131761
1789153522,9,0,0.003,4131761
1789153522,9,0,0.018,4131761
1789153522,9,0,0.003,4131761
1789153522,8,0,0.045,4131761
1789153522,9,0,0.024,4131761
1789153522,9,0,0.03,4131761
1789153522,9,0,0.007,4131761
1789153522,9,0,0.003,4131761
1789153522,9,0,0.009,4131761
1789153522,9,0,0.01,4131761
1789153522,9,0,0.009,4131761
1789153523,9,0,0.005,4131761
1789153523,9,0,0.003,4131761
1789153523,8,0,0.042,4131761
1789153523,9,0,0.006,4131761
1789153523,9,0,0.008,4131761
1789153523,9,0,0.013,4131761
1789153523,9,0,0.009,4131761
1789153524,9,0,0.004,4131761
1789153524,9,0,0.006,4131761
1789153524,9,0,0.004,4131761
1789153524,9,0,0.004,4131761
1789153524,9,0,0.038,4131761
1789153525,9,0,0.004,4131761
1789153525,8,0,0.033,4131761
1789153525,9,0,0.003,4131761
1789153526,9,0,0.003,4131761
1789153526,9,0,0.008,4131761
1789153526,9,0,0.012,4131761
1789153526,9,0,0.003,4131761
1789153526,9,0,0.005,4131761
1789153526,9,0,0.025,4131761
1789153527,9,0,0.009,4131761
1789153527,9,0,0.013,4131761
1789153528,9,0,0.011,4131761
1789153528,8,0,0.031,4131761
1789153528,9,0,0.008,4131761
1789153528,9,0,0.003,4131761
1789153528,9,0,0.003,4131761
1789153528,9,0,0.007,4131761
1789153529,9,0,0.014,4131761
1789153530,9,0,0.003,4131761
1789153530,9,0,0.027,4131761
1789153530,9,0,0.026,4131761
1789153530,9,0,0.011,4131761
1789153531,9,0,0.019,4131761
1789153531,8,0,0.051,4131761
1789153531,9,0,0.01,4131761
1789153531,9,0,0.003,4131761
1789153531,9,0,0.005,4131761
1789153531,9,0,0.003,4131761
1789153531,9,0,0.003,4131761
1789153532,9,0,0.008,4131761
1789153532,9,0,0.003,4131761
1789153532,9,0,0.003,4131761
1789153533,9,0,0.018,4131761
1789153533,9,0,0.004,4131761
1789153533,8,0,0.039,4131761
1789153533,9,0,0.005,4131761
1789153533,9,0,0.015,4131761
1789153533,9,0,0.01,4131761
1789153533,9,0,0.006,4131761
1789153534,9,0,0.011,4131761
1789153534,9,0,0.008,4131761
1789153534,9,0,0.008,4131761
1789153534,9,0,0.004,4131761
1789153534,9,0,0.005,4131761
1789153535,9,0,0.017,4131761
1789153535,8,0,0.039,4131761
1789153535,9,0,0.014,4131761
1789153535,9,0,0.03,4131761
1789153535,9,0,0.008,4131761
1789153535,9,0,0.014,4131761
1789153535,9,0,0.011,4131761
1789153535,9,0,0.003,4131761
1789153536,9,0,0.004,4131761
1789153536,9,0,0.008,4131761
1789153536,9,0,0.004,4131761
1789153537,9,0,0.021,4131761
1789153537,8,0,0.048,4131761
1789153537,9,0,0.011,4131761
1789153537,9,0,0.003,4131761
1789153537,9,0,0.013,4131761
1789153537,9,0,0.005,4131761
1789153537,9,0,0.004,4131761
1789153537,9,0,0.029,4131761
1789153537,9,0,0.003,4131761
1789153538,9,0,0.003,4131761
1789153539,9,0,0.003,4131761
1789153539,9,0,0.033,4131761
1789153539,8,0,0.076,4131761
1789153539,9,0,0.003,4131761
1789153539,9,0,0.031,4131761
1789153539,9,0,0.011,4131761
1789153540,9,0,0.04,4131761
1789153540,9,0,0.046,4131761
1789153541,9,0,0.008,4131761
1789153541,9,0,0.005,4131761
1789153542,9,0,0.044,4131761
1789153542,9,0,0.006,4131761
1789153542,9,0,0.005,4131761
1789153542,8,0,0.049,4131761
1789153542,9,0,0.005,4131761
1789153542,9,0,0.013,4131761
1789153542,9,0,0.004,4131761
1789153542,9,0,0.004,4131761
1789153542,9,0,0.004,4131761
1789153542,9,0,0.004,4131761
1789153543,9,0,0.016,4131761
1789153543,9,0,0.028,4131761
1789153543,9,0,0.011,4131761
1789153543,9,0,0.003,4131761
1789153543,8,0,0.046,4131761
1789153543,9,0,0.015,4131761
1789153543,9,0,0.017,4131761
1789153543,9,0,0.059,4131761
1789153543,9,0,0.009,4131761
1789153543,9,0,0.004,4131761
1789153543,9,0,0.009,4131761
1789153543,9,0,0.019,4131761
1789153544,9,0,0.003,4131761
1789153544,9,0,0.008,4131761
1789153544,9,0,0.009,4131761
1789153545,9,0,0.01,4131761
1789153545,8,0,0.086,4131761
1789153545,9,0,0.003,4131761
1789153545,9,0,0.023,4131761
1789153545,9,0,0.014,4131761
1789153545,9,0,0.025,4131761
1789153546,9,0,0.003,4131761
1789153546,9,0,0.004,4131761
1789153546,9,0,0.003,4131761
1789153546,9,0,0.015,4131761
1789153546,9,0,0.016,4131761
1789153546,8,0,0.036,4131761
1789153547,9,0,0.004,4131761
1789153547,9,0,0.004,4131761
1789153547,9,0,0.008,4131761
1789153547,9,0,0.004,4131761
1789153547,9,0,0.003,4131761
1789153547,9,0,0.006,4131761
1789153547,9,0,0.006,4131761
1789153547,9,0,0.004,4131761
1789153547,9,0,0.006,4131761
1789153548,9,0,0.015,4131761
1789153548,8,0,0.042,4131761
1789153548,9,0,0.011,4131761
1789153548,9,0,0.004,4131761
1789153548,9,0,0.004,4131761
1789153548,9,0,0.013,4131761
1789153548,9,0,0.008,4131761
1789153549,9,0,0.004,4131761
1789153549,9,0,0.016,4131761
1789153549,9,0,0.003,4131761
1789153550,9,0,0.004,4131761
1789153550,9,0,0.005,4131761
1789153550,8,0,0.034,4131761
1789153550,9,0,0.014,4131761
1789153550,9,0,0.025,4131761
1789153551,9,0,0.033,4131761
1789153551,9,0,0.013,4131761
1789153551,9,0,0.007,4131761
1789153551,9,0,0.003,4131761
1789153551,9,0,0.004,4131761
1789153552,9,0,0.005,4131761
1789153552,9,0,0.003,4131761
1789153553,9,0,0.003,4131761
1789153553,8,0,0.053,4131761
1789153553,9,0,0.004,4131761
1789153553,9,0,0.007,4131761
1789153553,9,0,0.003,4131761
1789153553,9,0,0.007,4131761
1789153553,9,0,0.005,4131761
1789153553,9,0,0.031,4131761
1789153554,9,0,0.027,4131761
1789153554,9,0,0.006,4131761
1789153554,9,0,0.007,4131761
1789153554,9,0,0.021,4131761
1789153554,8,0,0.035,4131761
1789153554,9,0,0.011,4131761
1789153554,9,0,0.015,4131761
1789153554,9,0,0.006,4131761
1789153554,9,0,0.016,4131761
1789153554,9,0,0.018,4131761
1789153554,9,0,0.012,4131761
1789153555,9,0,0.046,4131761
1789153555,9,0,0.004,4131761
1789153555,9,0,0.003,4131761
1789153556,9,0,0.004,4131761
1789153556,8,0,0.044,4131761
1789153556,9,0,0.014,4131761
1789153556,9,0,0.004,4131761
1789153556,9,0,0.005,4131761
1789153556,9,0,0.009,4131761
1789153556,9,0,0.006,4131761
1789153556,9,0,0.004,4131761
1789153556,9,0,0.01,4131761
1789153557,9,0,0.016,4131761
1789153557,9,0,0.027,4131761
1789153557,9,0,0.009,4131761
1789153557,9,0,0.01,4131761
1789153557,8,0,0.03,4131761
1789153557,9,0,0.006,4131761
1789153557,9,0,0.004,4131761
1789153557,9,0,0.007,4131761
1789153557,9,0,0.003,4131761
1789153558,9,0,0.008,4131761
1789153558,9,0,0.016,4131761
1789153558,9,0,0.014,4131761
1789153559,9,0,0.004,4131761
1789153559,9,0,0.005,4131761
1789153559,8,0,0.033,4131761
1789153559,9,0,0.004,4131761
1789153559,9,0,0.004,4131761
1789153559,9,0,0.003,4131761
1789153559,9,0,0.019,4131761
1789153559,9,0,0.003,4131761
1789153559,9,0,0.014,4131761
1789153560,9,0,0.003,4131761
1789153560,9,0,0.01,4131761
1789153561,9,0,0.004,4131761
1789153562,9,0,0.002,4131761
1789153562,8,0,0.039,4131761
1789153562,9,0,0.004,4131761
1789153562,9,0,0.018,4131761
1789153562,9,0,0.004,4131761
1789153562,9,0,0.013,4131761
1789153563,9,0,0.006,4131761
1789153563,9,0,0.006,4131761
1789153563,9,0,0.005,4131761
1789153563,9,0,0.013,4131761
1789153563,9,0,0.004,4131761
1789153563,9,0,0.003,4131761
1789153564,9,0,0.01,4131761
1789153564,8,0,0.05,4131761
1789153564,9,0,0.011,4131761
1789153564,9,0,0.016,4131761
1789153564,9,0,0.012,4131761
1789153564,9,0,0.009,4131761
1789153564,9,0,0.008,4131761
1789153564,9,0,0.003,4131761
1789153564,9,0,0.009,4131761
1789153564,9,0,0.006,4131761
1789153565,9,0,0.011,4131761
1789153565,9,0,0.015,4131761
1789153565,8,0,0.032,4131761
1789153565,9,0,0.003,4131761
1789153565,9,0,0.014,4131761
1789153565,9,0,0.003,4131761
1789153565,9,0,0.011,4131761
1789153565,9,0,0.045,4131761
1789153566,9,0,0.008,4131761
1789153566,9,0,0.01,4131761
1789153567,9,0,0.013,4131761
1789153567,9,0,0.004,4131761
1789153567,8,0,0.045,4131761
1789153568,9,0,0.003,4131761
1789153568,9,0,0.003,4131761
1789153568,9,0,0.007,4131761
1789153569,9,0,0.004,4131761
1789153569,9,0,0.004,4131761
1789153569,9,0,0.013,4131761
1789153570,9,0,0.02,4131761
1789153570,9,0,0.004,4131761
1789153570,9,0,0.004,4131761
1789153571,9,0,0.005,4131761
1789153571,8,0,0.044,4131761
1789153571,9,0,0.003,4131761
1789153571,9,0,0.008,4131761
1789153571,9,0,0.007,4131761
1789153571,9,0,0.013,4131761
1789153572,9,0,0.014,4131761
1789153572,9,0,0.006,4131761
1789153572,9,0,0.006,4131761
1789153572,9,0,0.014,4131761
1789153572,9,0,0.016,4131761
1789153572,9,0,0.01,4131761
1789153572,8,0,0.041,4131761
1789153572,9,0,0.003,4131761
1789153573,9,0,0.015,4131761
1789153573,9,0,0.003,4131761
1789153573,9,0,0.003,4131761
1789153573,9,0,0.01,4131761
1789153573,9,0,0.019,4131761
1789153573,9,0,0.005,4131761
1789153573,9,0,0.004,4131761
1789153574,9,0,0.009,4131761
1789153574,9,0,0.004,4131761
1789153574,8,0,0.044,4131761
1789153574,9,0,0.003,4131761
1789153574,9,0,0.022,4131761
1789153574,9,0,0.009,4131761
1789153574,9,0,0.008,4131761
1789153574,9,0,0.017,4131761
1789153575,9,0,0.009,4131761
1789153575,9,0,0.006,4131761
1789153575,9,0,0.014,4131761
1789153575,9,0,0.003,4131761
1789153576,9,0,0.004,4131761
1789153576,8,0,0.035,4131761
1789153576,9,0,0.003,4131761
1789153576,9,0,0.004,4131761
1789153576,9,0,0.003,4131761
1789153576,9,0,0.01,4131761
1789153576,9,0,0.006,4131761
1789153576,9,0,0.005,4131761
1789153576,9,0,0.008,4131761
1789153576,9,0,0.007,4131761
1789153577,9,0,0.008,4131761
1789153577,9,0,0.003,4131761
1789153577,8,0,0.041,4131761
1789153577,9,0,0.008,4131761
1789153578,9,0,0.006,4131761
1789153578,9,0,0.008,4131761
1789153578,9,0,0.009,4131761
1789153578,9,0,0.011,4131761
1789153578,9,0,0.003,4131761
1789153579,9,0,0.003,4131761
1789153579,9,0,0.021,4131761
1789153579,9,0,0.015,4131761
1789153580,9,0,0.025,4131761
1789153580,8,0,0.068,4131761
1789153580,9,0,0.012,4131761
1789153580,9,0,0.005,4131761
1789153580,9,0,0.007,4131761
1789153580,9,0,0.006,4131761
1789153580,9,0,0.011,4131761
1789153580,9,0,0.006,4131761
1789153581,9,0,0.004,4131761
1789153581,9,0,0.006,4131761
1789153581,9,0,0.019,4131761
1789153581,9,0,0.021,4131761
1789153581,9,0,0.012,4131761
1789153581,8,0,0.058,4131761
1789153581,9,0,0.004,4131761
1789153581,9,0,0.008,4131761
1789153582,9,0,0.011,4131761
1789153582,9,0,0.008,4131761
1789153582,9,0,0.008,4131761
1789153582,9,0,0.05,4131761
1789153582,9,0,0.008,4131761
1789153583,9,0,0.004,4131761
1789153583,9,0,0.016,4131761
1789153583,8,0,0.043,4131761
1789153583,9,0,0.003,4131761
1789153583,9,0,0.01,4131761
1789153583,9,0,0.004,4131761
1789153583,9,0,0.013,4131761
1789153583,9,0,0.005,4131761
1789153584,9,0,0.024,4131761
1789153584,9,0,0.015,4131761
1789153585,9,0,0.004,4131761
1789153585,9,0,0.006,4131761
1789153585,9,0,0.004,4131761
1789153585,8,0,0.032,4131761
1789153585,9,0,0.003,4131761
1789153585,9,0,0.009,4131761
1789153585,9,0,0.004,4131761
1789153585,9,0,0.012,4131761
1789153585,9,0,0.004,4131761
1789153586,9,0,0.003,4131761
1789153586,9,0,0.006,4131761
1789153586,9,0,0.011,4131761
1789153587,9,0,0.004,4131761
1789153587,9,0,0.004,4131761
1789153587,8,0,0.04,4131761
1789153587,9,0,0.007,4131761
1789153587,9,0,0.004,4131761
1789153588,9,0,0.005,4131761
1789153589,9,0,0.009,4131761
1789153589,9,0,0.024,4131761
1789153589,9,0,0.009,4131761
1789153589,9,0,0.007,4131761
1789153589,9,0,0.003,4131761
1789153590,9,0,0.009,4131761
1789153590,9,0,0.016,4131761
1789153590,8,0,0.056,4131761
1789153590,9,0,0.015,4131761
1789153591,9,0,0.006,4131761
1789153591,9,0,0.004,4131761
1789153591,9,0,0.003,4131761
1789153591,9,0,0.003,4131761
1789153591,9,0,0.005,4131761
1789153591,9,0,0.024,4131761
1789153592,9,0,0.004,4131761
1789153592,9,0,0.003,4131761
1789153592,9,0,0.01,4131761
1789153592,8,0,0.039,4131761
1789153592,9,0,0.032,4131761
1789153593,9,0,0.007,4131761
1789153593,9,0,0.007,4131761
1789153593,9,0,0.005,4131761
1789153593,9,0,0.01,4131761
1789153593,9,0,0.004,4131761
1789153594,9,0,0.004,4131761
1789153594,9,0,0.005,4131761
1789153594,9,0,0.01,4131761
1789153595,9,0,0.007,4131761
1789153595,8,0,0.047,4131761
1789153595,9,0,0.006,4131761
1789153595,9,0,0.009,4131761
1789153595,9,0,0.004,4131761
1789153595,9,0,0.009,4131761
1789153595,9,0,0.071,4131761
1789153596,9,0,0.015,4131761
1789153596,9,0,0.005,4131761
1789153596,9,0,0.019,4131761
1789153596,9,0,0.004,4131761
1789153597,9,0,0.007,4131761
1789153597,8,0,0.043,4131761
1789153597,9,0,0.003,4131761
1789153597,9,0,0.003,4131761
1789153598,9,0,0.004,4131761
1789153598,9,0,0.006,4131761
1789153598,9,0,0.01,4131761
1789153599,9,0,0.003,4131761
1789153599,9,0,0.004,4131761
1789153599,9,0,0.004,4131761
1789153599,9,0,0.003,4131761
1789153599,9,0,0.005,4131761
1789153599,9,0,0.003,4131761
1789153599,8,0,0.054,4131761
1789153599,9,0,0.003,4131761
1789153599,9,0,0.008,4131761
1789153599,9,0,0.004,4131761
1789153599,9,0,0.006,4131761
1789153600,9,0,0.015,4131761
1789153600,9,0,0.024,4131761
1789153600,9,0,0.005,4131761
1789153600,9,0,0.012,4131761
1789153600,9,0,0.003,4131761
1789153600,9,0,0.006,4131761
1789153600,8,0,0.037,4131761
1789153600,9,0,0.014,4131761
1789153600,9,0,0.003,4131761
1789153601,9,0,0.007,4131761
1789153601,9,0,0.006,4131761
1789153601,9,0,0.024,4131761
1789153602,9,0,0.005,4131761
1789153602,9,0,0.004,4131761
1789153602,9,0,0.009,4131761
1789153602,9,0,0.004,4131761
1789153602,8,0,0.033,4131761
1789153602,9,0,0.007,4131761
1789153603,9,0,0.004,4131761
1789153603,9,0,0.003,4131761
1789153603,9,0,0.009,4131761
1789153603,9,0,0.011,4131761
1789153603,9,0,0.007,4131761
1789153603,9,0,0.004,4131761
1789153603,9,0,0.011,4131761
1789153604,9,0,0.006,4131761
1789153604,9,0,0.004,4131761
1789153604,8,0,0.03,4131761
1789153604,9,0,0.025,4131761
1789153604,9,0,0.008,4131761
1789153605,9,0,0.004,4131761
1789153605,9,0,0.011,4131761
1789153605,9,0,0.003,4131761
1789153605,9,0,0.014,4131761
1789153605,9,0,0.017,4131761
1789153605,9,0,0.007,4131761
1789153605,9,0,0.003,4131761
1789153605,9,0,0.014,4131761
1789153605,8,0,0.039,4131761
1789153605,9,0,0.015,4131761
1789153606,9,0,0.005,4131761
1789153606,9,0,0.003,4131761
1789153607,9,0,0.011,4131761
1789153607,9,0,0.011,4131761
1789153607,9,0,0.006,4131761
1789153608,9,0,0.003,4131761
1789153608,9,0,0.006,4131761
1789153608,9,0,0.003,4131761
1789153609,9,0,0.006,4131761
1789153609,9,0,0.012,4131761
1789153609,8,0,0.034,4131761
1789153609,9,0,0.017,4131761
1789153610,9,0,0.011,4131761
1789153610,9,0,0.004,4131761
1789153611,9,0,0.01,4131761
1789153611,9,0,0.003,4131761
1789153612,9,0,0.003,4131761
1789153612,9,0,0.011,4131761
1789153612,9,0,0.004,4131761
1789153612,9,0,0.005,4131761
1789153612,8,0,0.068,4131761
1789153612,9,0,0.003,4131761
1789153612,9,0,0.003,4131761
1789153612,9,0,0.007,4131761
1789153613,9,0,0.011,4131761
1789153613,9,0,0.005,4131761
1789153613,9,0,0.007,4131761
1789153613,9,0,0.017,4131761
1789153614,9,0,0.01,4131761
1789153614,9,0,0.003,4131761
1789153614,9,0,0.008,4131761
1789153614,8,0,0.03,4131761
1789153614,9,0,0.007,4131761
1789153615,9,0,0.012,4131761
1789153615,9,0,0.008,4131761
1789153615,9,0,0.004,4131761
1789153616,9,0,0.008,4131761
1789153616,9,0,0.009,4131761
1789153617,9,0,0.004,4131761
1789153618,9,0,0.035,4131761
1789153618,9,0,0.049,4131761
1789153618,9,0,0.005,4131761
1789153618,8,0,0.059,4131761
1789153618,9,0,0.019,4131761
1789153619,9,0,0.006,4131761
1789153619,9,0,0.008,4131761
1789153620,9,0,0.004,4131761
1789153620,9,0,0.013,4131761
1789153620,9,0,0.004,4131761
1789153620,9,0,0.009,4131761
1789153620,9,0,0.004,4131761
1789153620,9,0,0.013,4131761
1789153621,9,0,0.011,4131761
1789153621,8,0,0.048,4131761
1789153621,9,0,0.027,4131761
1789153621,9,0,0.023,4131761
1789153621,9,0,0.004,4131761
1789153621,9,0,0.007,4131761
1789153622,9,0,0.016,4131761
1789153622,9,0,0.011,4131761
1789153622,9,0,0.006,4131761
1789153622,9,0,0.004,4131761
1789153622,9,0,0.017,4131761
1789153623,9,0,0.004,4131761
1789153623,9,0,0.003,4131761
1789153623,8,0,0.034,4131761
1789153623,9,0,0.003,4131761
1789153624,9,0,0.01,4131761
1789153624,9,0,0.003,4131761
1789153624,9,0,0.008,4131761
1789153624,9,0,0.03,4131761
1789153624,9,0,0.003,4131761
1789153624,9,0,0.006,4131761
1789153625,9,0,0.052,4131761
1789153625,9,0,0.003,4131761
1789153625,8,0,0.033,4131761
1789153625,9,0,0.017,4131761
1789153625,9,0,0.025,4131761
1789153625,9,0,0.005,4131761
1789153625,9,0,0.004,4131761
1789153625,9,0,0.007,4131761
1789153625,9,0,0.017,4131761
1789153626,9,0,0.022,4131761
1789153626,9,0,0.007,4131761
1789153626,9,0,0.005,4131761
1789153627,9,0,0.01,4131761
1789153627,8,0,0.038,4131761
1789153627,9,0,0.014,4131761
1789153627,9,0,0.012,4131761
1789153627,9,0,0.003,4131761
1789153627,9,0,0.01,4131761
1789153627,9,0,0.008,4131761
1789153627,9,0,0.004,4131761
1789153627,9,0,0.003,4131761
1789153628,9,0,0.011,4131761
1789153628,9,0,0.004,4131761
1789153628,9,0,0.004,4131761
1789153628,8,0,0.038,4131761
1789153628,9,0,0.007,4131761
1789153629,9,0,0.003,4131761
1789153629,9,0,0.008,4131761
1789153629,9,0,0.022,4131761
1789153629,9,0,0.038,4131761
1789153629,9,0,0.008,4131761
1789153629,9,0,0.006,4131761
1789153629,9,0,0.008,4131761
1789153629,9,0,0.003,4131761
1789153629,9,0,0.003,4131761
1789153629,8,0,0.031,4131761
1789153630,9,0,0.006,4131761
1789153630,9,0,0.005,4131761
1789153630,9,0,0.015,4131761
1789153630,9,0,0.009,4131761
1789153631,9,0,0.118,4131761
1789153632,9,0,0.008,4131761
1789153632,9,0,0.005,4131761
1789153632,9,0,0.032,4131761
1789153633,9,0,0.013,4131761
1789153633,9,0,0.008,4131761
1789153633,9,0,0.007,4131761
1789153633,8,0,0.041,4131761
1789153633,9,0,0.004,4131761
1789153633,9,0,0.015,4131761
1789153633,9,0,0.007,4131761
1789153633,9,0,0.004,4131761
1789153634,9,0,0.013,4131761
1789153635,9,0,0.003,4131761
1789153635,9,0,0.004,4131761
1789153635,9,0,0.009,4131761
1789153635,9,0,0.006,4131761
1789153635,8,0,0.044,4131761
1789153635,9,0,0.003,4131761
1789153635,9,0,0.011,4131761
1789153635,9,0,0.006,4131761
1789153635,9,0,0.013,4131761
1789153635,9,0,0.006,4131761
1789153635,9,0,0.009,4131761
1789153635,9,0,0.006,4131761
1789153635,9,0,0.007,4131761
1789153636,9,0,0.003,4131761
1789153636,9,0,0.011,4131761
1789153636,8,0,0.046,4131761
1789153636,9,0,0.003,4131761
1789153636,9,0,0.017,4131761
1789153636,9,0,0.003,4131761
1789153636,9,0,0.03,4131761
1789153636,9,0,0.05,4131761
1789153636,9,0,0.011,4131761
1789153636,9,0,0.003,4131761
1789153636,9,0,0.012,4131761
1789153636,9,0,0.003,4131761
1789153636,9,0,0.042,4131761
1789153636,8,0,0.067,4131761
1789153636,9,0,0.008,4131761
1789153637,9,0,0.005,4131761
1789153637,9,0,0.003,4131761
1789153637,9,0,0.004,4131761
1789153637,9,0,0.004,4131761
1789153637,9,0,0.018,4131761
1789153637,9,0,0.023,4131761
1789153637,9,0,0.047,4131761
1789153637,9,0,0.013,4131761
1789153638,9,0,0.006,4131761
1789153638,8,0,0.03,4131761
1789153638,9,0,0.011,4131761
1789153638,9,0,0.004,4131761
1789153638,9,0,0.007,4131761
1789153638,9,0,0.013,4131761
1789153638,9,0,0.012,4131761
1789153639,9,0,0.028,4131761
1789153639,9,0,0.003,4131761
1789153639,9,0,0.003,4131761
1789153639,9,0,0.008,4131761
1789153640,9,0,0.031,4131761
1789153640,8,0,0.034,4131761
1789153640,9,0,0.019,4131761
1789153640,9,0,0.004,4131761
1789153640,9,0,0.003,4131761
1789153640,9,0,0.004,4131761
1789153640,9,0,0.006,4131761
1789153641,9,0,0.015,4131761
1789153642,9,0,0.009,4131761
1789153643,9,0,0.003,4131761
1789153643,9,0,0.004,4131761
1789153643,9,0,0.014,4131761
1789153643,8,0,0.032,4131761
1789153644,9,0,0.01,4131761
1789153644,9,0,0.008,4131761
1789153644,9,0,0.007,4131761
1789153644,9,0,0.003,4131761
1789153644,9,0,0.005,4131761
1789153644,9,0,0.005,4131761
1789153645,9,0,0.013,4131761
1789153645,9,0,0.004,4131761
1789153645,9,0,0.009,4131761
1789153645,9,0,0.024,4131761
1789153645,8,0,0.073,4131761
1789153645,9,0,0.02,4131761
1789153645,9,0,0.007,4131761
1789153645,9,0,0.036,4131761
1789153645,9,0,0.025,4131761
1789153645,9,0,0.018,4131761
1789153645,9,0,0.003,4131761
1789153645,9,0,0.016,4131761
1789153646,9,0,0.008,4131761
1789153646,9,0,0.008,4131761
1789153646,9,0,0.02,4131761
1789153646,9,0,0.006,4131761
1789153646,8,0,0.044,4131761
1789153646,9,0,0.006,4131761
1789153647,9,0,0.008,4131761
1789153647,9,0,0.003,4131761
1789153647,9,0,0.025,4131761
1789153647,9,0,0.023,4131761
1789153647,9,0,0.013,4131761
1789153647,9,0,0.005,4131761
1789153648,9,0,0.003,4131761
1789153648,9,0,0.028,4131761
1789153648,8,0,0.054,4131761
1789153648,9,0,0.011,4131761
1789153648,9,0,0.017,4131761
1789153649,9,0,0.004,4131761
1789153649,9,0,0.003,4131761
1789153649,9,0,0.007,4131761
1789153650,9,0,0.007,4131761
1789153650,9,0,0.035,4131761
1789153650,9,0,0.004,4131761
1789153651,9,0,0.004,4131761
1789153651,9,0,0.009,4131761
1789153651,8,0,0.035,4131761
1789153651,9,0,0.004,4131761
1789153651,9,0,0.007,4131761
1789153651,9,0,0.019,4131761
1789153651,9,0,0.003,4131761
1789153651,9,0,0.003,4131761
1789153651,9,0,0.007,4131761
1789153651,9,0,0.005,4131761
1789153651,9,0,0.015,4131761
1789153651,9,0,0.003,4131761
1789153651,9,0,0.005,4131761
1789153651,8,0,0.032,4131761
1789153652,9,0,0.003,4131761
1789153652,9,0,0.021,4131761
1789153652,9,0,0.01,4131761
1789153652,9,0,0.003,4131761
1789153653,9,0,0.007,4131761
1789153653,9,0,0.003,4131761
1789153653,9,0,0.004,4131761
1789153653,9,0,0.005,4131761
1789153653,9,0,0.003,4131761
1789153653,9,0,0.007,4131761
1789153653,8,0,0.028,4131761
1789153653,9,0,0.007,4131761
1789153654,9,0,0.003,4131761
1789153654,9,0,0.004,4131761
1789153654,9,0,0.004,4131761
1789153655,9,0,0.005,4131761
1789153655,9,0,0.011,4131761
1789153656,9,0,0.003,4131761
1789153656,9,0,0.003,4131761
1789153656,9,0,0.004,4131761
1789153657,9,0,0.024,4131761
1789153657,8,0,0.06,4131761
1789153657,9,0,0.006,4131761
1789153658,9,0,0.003,4131761
1789153658,9,0,0.026,4131761
1789153658,9,0,0.005,4131761
1789153659,9,0,0.004,4131761
1789153659,9,0,0.004,4131761
1789153659,9,0,0.003,4131761
1789153659,9,0,0.006,4131761
1789153659,9,0,0.01,4131761
1789153659,9,0,0.023,4131761
1789153659,8,0,0.043,4131761
1789153659,9,0,0.008,4131761
1789153659,9,0,0.031,4131761
1789153659,9,0,0.008,4131761
1789153660,9,0,0.004,4131761
1789153660,9,0,0.01,4131761
1789153660,9,0,0.003,4131761
1789153660,9,0,0.005,4131761
1789153661,9,0,0.007,4131761
1789153661,9,0,0.003,4131761
1789153661,9,0,0.005,4131761
1789153661,8,0,0.032,4131761
1789153661,9,0,0.003,4131761
1789153661,9,0,0.009,4131761
1789153661,9,0,0.003,4131761
1789153662,9,0,0.005,4131761
1789153662,9,0,0.003,4131761
1789153662,9,0,0.007,4131761
1789153663,9,0,0.004,4131761
1789153663,9,0,0.003,4131761
1789153663,9,0,0.003,4131761
1789153663,9,0,0.004,4131761
1789153663,8,0,0.036,4131761
1789153663,9,0,0.003,4131761
1789153663,9,0,0.016,4131761
1789153663,9,0,0.004,4131761
1789153664,9,0,0.007,4131761
1789153664,9,0,0.005,4131761
1789153664,9,0,0.011,4131761
1789153666,9,0,0.003,4131761
1789153666,9,0,0.011,4131761
1789153667,9,0,0.01,4131761
1789153667,9,0,0.008,4131761
1789153667,9,0,0.003,4131761
1789153667,9,0,0.005,4131761
1789153667,8,0,0.05,4131761
1789153667,9,0,0.002,4131761
1789153668,9,0,0.008,4131761
1789153668,9,0,0.006,4131761
1789153668,9,0,0.005,4131761
1789153668,9,0,0.012,4131761
1789153668,9,0,0.035,4131761
1789153669,9,0,0.042,4131761
1789153669,9,0,0.034,4131761
1789153669,8,0,0.047,4131761
1789153669,9,0,0.009,4131761
1789153669,9,0,0.011,4131761
1789153669,9,0,0.003,4131761
1789153669,9,0,0.011,4131761
1789153669,9,0,0.014,4131761
1789153669,9,0,0.006,4131761
1789153669,9,0,0.005,4131761
1789153670,9,0,0.003,4131761
1789153670,9,0,0.014,4131761
1789153670,9,0,0.003,4131761
1789153670,9,0,0.005,4131761
1789153670,9,0,0.003,4131761
1789153670,8,0,0.036,4131761
1789153670,9,0,0.006,4131761
1789153670,9,0,0.01,4131761
1789153670,9,0,0.032,4131761
1789153670,9,0,0.006,4131761
1789153671,9,0,0.027,4131761
1789153671,9,0,0.018,4131761
1789153671,9,0,0.005,4131761
1789153671,9,0,0.003,4131761
1789153671,9,0,0.009,4131761
1789153671,8,0,0.03,4131761
1789153671,9,0,0.01,4131761
1789153672,9,0,0.006,4131761
1789153672,9,0,0.01,4131761
1789153672,9,0,0.006,4131761
1789153673,9,0,0.003,4131761
1789153674,9,0,0.009,4131761
1789153674,9,0,0.018,4131761
1789153674,9,0,0.017,4131761
1789153675,9,0,0.005,4131761
1789153675,9,0,0.003,4131761
1789153675,8,0,0.037,4131761
1789153675,9,0,0.005,4131761
1789153675,9,0,0.01,4131761
1789153675,9,0,0.007,4131761
1789153675,9,0,0.007,4131761
1789153675,9,0,0.004,4131761
1789153676,9,0,0.03,4131761
1789153676,9,0,0.009,4131761
1789153676,9,0,0.003,4131761
1789153676,9,0,0.02,4131761
1789153676,8,0,0.031,4131761
1789153676,9,0,0.008,4131761
1789153676,9,0,0.003,4131761
1789153676,9,0,0.003,4131761
1789153679,9,0,0.003,4131761
1789153679,9,0,0.017,4131761
1789153679,9,0,0.003,4131761
1789153679,9,0,0.037,4131761
1789153679,9,0,0.003,4131761
1789153679,9,0,0.013,4131761
1789153679,9,0,0.004,4131761
1789153679,8,0,0.033,4131761
1789153680,9,0,0.011,4131761
1789153680,9,0,0.009,4131761
1789153680,9,0,0.004,4131761
1789153681,9,0,0.016,4131761
1789153682,9,0,0.003,4131761
1789153682,9,0,0.01,4131761
1789153682,9,0,0.005,4131761
1789153682,9,0,0.003,4131761
1789153682,9,0,0.004,4131761
1789153683,9,0,0.009,4131761
1789153683,9,0,0.007,4131761
1789153683,8,0,0.041,4131761
1789153683,9,0,0.007,4131761
1789153683,9,0,0.004,4131761
1789153683,9,0,0.042,4131761
1789153683,9,0,0.028,4131761
1789153683,9,0,0.004,4131761
1789153683,9,0,0.008,4131761
1789153683,9,0,0.006,4131761
1789153683,9,0,0.026,4131761
1789153683,9,0,0.012,4131761
1789153683,8,0,0.042,4131761
1789153683,9,0,0.003,4131761
1789153683,9,0,0.003,4131761
1789153684,9,0,0.015,4131761
1789153684,9,0,0.006,4131761
1789153684,9,0,0.007,4131761
1789153684,9,0,0.006,4131761
1789153684,9,0,0.007,4131761
1789153684,9,0,0.005,4131761
1789153684,9,0,0.004,4131761
1789153684,9,0,0.009,4131761
1789153684,8,0,0.033,4131761
1789153684,9,0,0.012,4131761
1789153685,9,0,0.007,4131761
1789153685,9,0,0.007,4131761
1789153685,9,0,0.005,4131761
1789153685,9,0,0.003,4131761
1789153686,9,0,0.004,4131761
1789153686,9,0,0.013,4131761
1789153687,9,0,0.003,4131761
1789153687,9,0,0.003,4131761
1789153687,9,0,0.008,4131761
1789153687,8,0,0.031,4131761
1789153687,9,0,0.003,4131761
1789153687,9,0,0.003,4131761
1789153687,9,0,0.003,4131761
1789153687,9,0,0.009,4131761
1789153688,9,0,0.007,4131761
1789153688,9,0,0.007,4131761
1789153688,9,0,0.003,4131761
1789153688,9,0,0.01,4131761
1789153688,9,0,0.004,4131761
1789153689,9,0,0.016,4131761
1789153689,8,0,0.037,4131761
1789153689,9,0,0.007,4131761
1789153689,9,0,0.016,4131761
1789153689,9,0,0.018,4131761
1789153689,9,0,0.007,4131761
1789153690,9,0,0.004,4131761
1789153690,9,0,0.004,4131761
1789153690,9,0,0.007,4131761
1789153690,9,0,0.019,4131761
1789153691,9,0,0.019,4131761
1789153691,9,0,0.006,4131761
1789153691,8,0,0.04,4131761
1789153691,9,0,0.006,4131761
1789153691,9,0,0.006,4131761
1789153691,9,0,0.003,4131761
1789153691,9,0,0.009,4131761
1789153691,9,0,0.005,4131761
1789153691,9,0,0.01,4131761
1789153691,9,0,0.021,4131761
1789153691,9,0,0.004,4131761
1789153692,9,0,0.007,4131761
1789153693,9,0,0.006,4131761
1789153693,8,0,0.033,4131761
1789153693,9,0,0.007,4131761
1789153693,9,0,0.009,4131761
1789153693,9,0,0.016,4131761
1789153693,9,0,0.011,4131761
1789153694,9,0,0.003,4131761
1789153694,9,0,0.002,4131761
1789153694,9,0,0.003,4131761
1789153694,9,0,0.003,4131761
1789153694,9,0,0.005,4131761
1789153694,9,0,0.012,4131761
1789153694,8,0,0.043,4131761
1789153694,9,0,0.014,4131761
1789153694,9,0,0.013,4131761
1789153694,9,0,0.014,4131761
1789153694,9,0,0.004,4131761
1789153695,9,0,0.054,4131761
1789153695,9,0,0.013,4131761
1789153696,9,0,0.008,4131761
1789153697,9,0,0.003,4131761
1789153697,9,0,0.016,4131761
1789153697,9,0,0.014,4131761
1789153698,8,0,0.068,4131761
1789153698,9,0,0.004,4131761
1789153698,9,0,0.002,4131761
1789153698,9,0,0.017,4131761
1789153698,9,0,0.019,4131761
1789153698,9,0,0.012,4131761
1789153698,9,0,0.003,4131761
1789153699,9,0,0.012,4131761
1789153699,9,0,0.002,4131761
1789153699,9,0,0.004,4131761
1789153700,9,0,0.004,4131761
1789153700,8,0,0.032,4131761
1789153700,9,0,0.007,4131761
1789153700,9,0,0.032,4131761
1789153700,9,0,0.007,4131761
1789153700,9,0,0.006,4131761
1789153700,9,0,0.015,4131761
1789153700,9,0,0.003,4131761
1789153700,9,0,0.004,4131761
1789153700,9,0,0.006,4131761
1789153701,9,0,0.007,4131761
1789153701,9,0,0.006,4131761
1789153701,8,0,0.033,4131761
1789153701,9,0,0.017,4131761
1789153701,9,0,0.011,4131761
1789153701,9,0,0.003,4131761
1789153701,9,0,0.018,4131761
1789153701,9,0,0.006,4131761
1789153702,9,0,0.005,4131761
1789153702,9,0,0.005,4131761
1789153702,9,0,0.003,4131761
1789153702,9,0,0.004,4131761
1789153702,9,0,0.003,4131761
1789153702,8,0,0.034,4131761
1789153702,9,0,0.009,4131761
1789153703,9,0,0.004,4131761
1789153703,9,0,0.004,4131761
1789153704,9,0,0.011,4131761
1789153704,9,0,0.013,4131761
1789153704,9,0,0.018,4131761
1789153705,9,0,0.005,4131761
1789153706,9,0,0.008,4131761
1789153707,9,0,0.018,4131761
1789153707,9,0,0.004,4131761
1789153707,8,0,0.039,4131761
1789153707,9,0,0.01,4131761
1789153707,9,0,0.003,4131761
1789153708,9,0,0.008,4131761
1789153708,9,0,0.015,4131761
1789153708,9,0,0.008,4131761
1789153708,9,0,0.009,4131761
1789153709,9,0,0.003,4131761
1789153709,9,0,0.006,4131761
1789153710,9,0,0.003,4131761
1789153710,9,0,0.01,4131761
1789153710,8,0,0.052,4131761
1789153710,9,0,0.003,4131761
1789153710,9,0,0.003,4131761
1789153710,9,0,0.031,4131761
1789153710,9,0,0.003,4131761
1789153710,9,0,0.005,4131761
1789153710,9,0,0.008,4131761
1789153711,9,0,0.024,4131761
1789153711,9,0,0.003,4131761
1789153711,9,0,0.011,4131761
1789153712,9,0,0.009,4131761
1789153712,8,0,0.028,4131761
1789153712,9,0,0.023,4131761
1789153712,9,0,0.003,4131761
1789153713,9,0,0.006,4131761
1789153713,9,0,0.007,4131761
1789153715,9,0,0.01,4131761
1789153717,9,0,0.003,4131761
1789153717,9,0,0.019,4131761
1789153718,9,0,0.004,4131761
1789153718,9,0,0.003,4131761
1789153718,9,0,0.004,4131761
1789153718,8,0,0.075,4131761
1789153719,9,0,0.008,4131761
1789153719,9,0,0.003,4131761
1789153719,9,0,0.006,4131761
1789153719,9,0,0.008,4131761
1789153719,9,0,0.016,4131761
1789153719,9,0,0.014,4131761
1789153719,9,0,0.004,4131761
1789153720,9,0,0.004,4131761
1789153720,9,0,0.003,4131761
1789153720,9,0,0.006,4131761
1789153720,9,0,0.005,4131761
1789153720,8,0,0.045,4131761
1789153720,9,0,0.009,4131761
1789153720,9,0,0.005,4131761
1789153720,9,0,0.003,4131761
1789153720,9,0,0.006,4131761
1789153720,9,0,0.005,4131761
1789153720,9,0,0.008,4131761
1789153720,9,0,0.007,4131761
1789153720,9,0,0.003,4131761
1789153721,9,0,0.014,4131761
1789153721,8,0,0.034,4131761
1789153721,9,0,0.003,4131761
1789153721,9,0,0.014,4131761
1789153721,9,0,0.003,4131761
1789153721,9,0,0.009,4131761
1789153722,9,0,0.011,4131761
1789153722,9,0,0.003,4131761
1789153722,9,0,0.005,4131761
1789153722,9,0,0.008,4131761
1789153723,9,0,0.003,4131761
1789153723,9,0,0.004,4131761
1789153723,8,0,0.046,4131761
1789153724,9,0,0.006,4131761
1789153724,9,0,0.003,4131761
1789153724,9,0,0.008,4131761
1789153724,9,0,0.004,4131761
1789153724,9,0,0.011,4131761
1789153724,9,0,0.003,4131761
1789153724,9,0,0.003,4131761
1789153725,9,0,0.003,4131761
1789153725,9,0,0.006,4131761
1789153725,8,0,0.034,4131761
1789153725,9,0,0.039,4131761
1789153726,9,0,0.006,4131761
1789153726,9,0,0.002,4131761
1789153726,9,0,0.005,4131761
1789153726,9,0,0.024,4131761
1789153726,9,0,0.003,4131761
1789153727,9,0,0.011,4131761
1789153727,9,0,0.005,4131761
1789153727,9,0,0.008,4131761
1789153728,9,0,0.003,4131761
1789153728,9,0,0.006,4131761
1789153728,8,0,0.031,4131761
1789153728,9,0,0.008,4131761
1789153728,9,0,0.004,4131761
1789153728,9,0,0.03,4131761
1789153728,9,0,0.01,4131761
1789153729,9,0,0.003,4131761
1789153729,9,0,0.008,4131761
1789153729,9,0,0.015,4131761
1789153729,9,0,0.003,4131761
1789153729,9,0,0.003,4131761
1789153729,9,0,0.006,4131761
1789153729,9,0,0.004,4131761
1789153730,8,0,0.04,4131761
1789153730,9,0,0.022,4131761
1789153730,9,0,0.01,4131761
1789153730,9,0,0.013,4131761
1789153730,9,0,0.004,4131761
1789153730,9,0,0.008,4131761
1789153731,9,0,0.007,4131761
1789153731,9,0,0.016,4131761
1789153731,9,0,0.003,4131761
1789153731,9,0,0.007,4131761
1789153731,8,0,0.048,4131761
1789153731,9,0,0.015,4131761
1789153732,9,0,0.003,4131761
1789153732,9,0,0.019,4131761
1789153732,9,0,0.004,4131761
1789153732,9,0,0.006,4131761
1789153732,9,0,0.012,4131761
1789153732,9,0,0.008,4131761
1789153732,9,0,0.003,4131761
1789153732,9,0,0.006,4131761
1789153732,9,0,0.003,4131761
1789153733,8,0,0.036,4131761
1789153733,9,0,0.008,4131761
1789153733,9,0,0.008,4131761
1789153733,9,0,0.008,4131761
1789153733,9,0,0.016,4131761
1789153733,9,0,0.003,4131761
1789153733,9,0,0.003,4131761
1789153733,9,0,0.003,4131761
1789153733,9,0,0.013,4131761
1789153733,9,0,0.003,4131761
1789153734,9,0,0.007,4131761
1789153734,8,0,0.062,4131761
1789153734,9,0,0.003,4131761
1789153734,9,0,0.003,4131761
1789153734,9,0,0.003,4131761
1789153735,9,0,0.003,4131761
1789153735,9,0,0.003,4131761
1789153735,9,0,0.007,4131761
1789153735,9,0,0.005,4131761
1789153736,9,0,0.016,4131761
1789153736,9,0,0.003,4131761
1789153737,9,0,0.004,4131761
1789153737,8,0,0.076,4131761
1789153737,9,0,0.005,4131761
1789153737,9,0,0.008,4131761
1789153737,9,0,0.014,4131761
1789153739,9,0,0.003,4131761
1789153740,9,0,0.008,4131761
1789153740,9,0,0.004,4131761
1789153740,9,0,0.006,4131761
1789153741,9,0,0.034,4131761
1789153741,9,0,0.012,4131761
1789153741,9,0,0.008,4131761
1789153741,8,0,0.042,4131761
1789153741,9,0,0.005,4131761
1789153741,9,0,0.01,4131761
1789153742,9,0,0.008,4131761
1789153742,9,0,0.003,4131761
1789153742,9,0,0.003,4131761
1789153742,9,0,0.031,4131761
1789153742,9,0,0.007,4131761
1789153742,9,0,0.016,4131761
1789153743,9,0,0.007,4131761
1789153743,9,0,0.004,4131761
1789153743,8,0,0.062,4131761
1789153743,9,0,0.008,4131761
1789153743,9,0,0.005,4131761
1789153743,9,0,0.044,4131761
1789153743,9,0,0.004,4131761
1789153743,9,0,0.011,4131761
1789153743,9,0,0.002,4131761
1789153743,9,0,0.006,4131761
1789153744,9,0,0.015,4131761
1789153744,9,0,0.019,4131761
1789153744,9,0,0.004,4131761
1789153744,9,0,0.004,4131761
1789153744,8,0,0.031,4131761
1789153744,9,0,0.009,4131761
1789153744,9,0,0.003,4131761
1789153745,9,0,0.009,4131761
1789153745,9,0,0.003,4131761
1789153746,9,0,0.003,4131761
1789153746,9,0,0.004,4131761
1789153747,9,0,0.007,4131761
1789153747,9,0,0.003,4131761
1789153747,9,0,0.01,4131761
1789153747,9,0,0.003,4131761
1789153747,8,0,0.045,4131761
1789153747,9,0,0.028,4131761
1789153747,9,0,0.009,4131761
1789153747,9,0,0.043,4131761
1789153747,9,0,0.005,4131761
1789153747,9,0,0.004,4131761
1789153747,9,0,0.003,4131761
1789153747,9,0,0.004,4131761
1789153748,9,0,0.009,4131761
1789153748,9,0,0.005,4131761
1789153748,8,0,0.038,4131761
1789153748,9,0,0.006,4131761
1789153748,9,0,0.01,4131761
1789153748,9,0,0.008,4131761
1789153748,9,0,0.003,4131761
1789153748,9,0,0.007,4131761
1789153748,9,0,0.003,4131761
1789153748,9,0,0.006,4131761
1789153748,9,0,0.003,4131761
1789153749,9,0,0.028,4131761
1789153749,9,0,0.004,4131761
1789153749,8,0,0.032,4131761
1789153749,9,0,0.007,4131761
1789153749,9,0,0.008,4131761
1789153749,9,0,0.009,4131761
1789153749,9,0,0.006,4131761
1789153749,9,0,0.004,4131761
1789153750,9,0,0.017,4131761
1789153750,9,0,0.004,4131761
1789153750,9,0,0.013,4131761
1789153751,9,0,0.032,4131761
1789153751,9,0,0.01,4131761
1789153751,8,0,0.034,4131761
1789153751,9,0,0.024,4131761
1789153751,9,0,0.003,4131761
1789153751,9,0,0.003,4131761
1789153751,9,0,0.003,4131761
1789153751,9,0,0.003,4131761
1789153751,9,0,0.021,4131761
1789153751,9,0,0.003,4131761
1789153752,9,0,0.007,4131761
1789153752,9,0,0.012,4131761
1789153752,9,0,0.006,4131761
1789153752,8,0,0.052,4131761
1789153752,9,0,0.003,4131761
1789153752,9,0,0.003,4131761
1789153752,9,0,0.018,4131761
1789153752,9,0,0.028,4131761
1789153753,9,0,0.003,4131761
1789153753,9,0,0.014,4131761
1789153753,9,0,0.016,4131761
1789153753,9,0,0.003,4131761
1789153753,9,0,0.015,4131761
1789153753,9,0,0.009,4131761
1789153754,8,0,0.034,4131761
1789153754,9,0,0.003,4131761
1789153754,9,0,0.03,4131761
1789153754,9,0,0.008,4131761
1789153754,9,0,0.01,4131761
1789153754,9,0,0.015,4131761
1789153754,9,0,0.005,4131761
1789153755,9,0,0.003,4131761
1789153755,9,0,0.005,4131761
1789153755,9,0,0.014,4131761
1789153756,9,0,0.006,4131761
1789153756,8,0,0.042,4131761
1789153756,9,0,0.006,4131761
1789153756,9,0,0.003,4131761
1789153756,9,0,0.008,4131761
1789153756,9,0,0.029,4131761
1789153756,9,0,0.003,4131761
1789153756,9,0,0.003,4131761
1789153757,9,0,0.01,4131761
1789153757,9,0,0.008,4131761
1789153757,9,0,0.005,4131761
1789153758,9,0,0.023,4131761
1789153758,8,0,0.031,4131761
1789153758,9,0,0.003,4131761
1789153758,9,0,0.006,4131761
1789153758,9,0,0.003,4131761
1789153758,9,0,0.003,4131761
1789153759,9,0,0.003,4131761
1789153759,9,0,0.013,4131761
1789153759,9,0,0.005,4131761
1789153760,9,0,0.018,4131761
1789153761,9,0,0.006,4131761
1789153761,9,0,0.004,4131761
1789153761,8,0,0.039,4131761
1789153761,9,0,0.004,4131761
1789153762,9,0,0.003,4131761
1789153762,9,0,0.002,4131761
1789153762,9,0,0.019,4131761
1789153763,9,0,0.003,4131761
1789153763,9,0,0.029,4131761
1789153764,9,0,0.005,4131761
1789153764,9,0,0.003,4131761
1789153765,9,0,0.025,4131761
1789153765,9,0,0.02,4131761
1789153765,8,0,0.047,4131761
1789153765,9,0,0.009,4131761
1789153765,9,0,0.011,4131761
1789153765,9,0,0.008,4131761
1789153765,9,0,0.007,4131761
1789153765,9,0,0.003,4131761
1789153765,9,0,0.015,4131761
1789153766,9,0,0.004,4131761
1789153766,9,0,0.003,4131761
1789153766,9,0,0.016,4131761
1789153766,9,0,0.011,4131761
1789153767,8,0,0.04,4131761
1789153767,9,0,0.01,4131761
1789153767,9,0,0.003,4131761
1789153767,9,0,0.006,4131761
1789153767,9,0,0.003,4131761
1789153767,9,0,0.005,4131761
1789153767,9,0,0.037,4131761
1789153767,9,0,0.003,4131761
1789153767,9,0,0.006,4131761
1789153767,9,0,0.005,4131761
1789153768,9,0,0.011,4131761
1789153768,8,0,0.034,4131761
1789153768,9,0,0.015,4131761
1789153768,9,0,0.003,4131761
1789153770,9,0,0.005,4131761
1789153770,9,0,0.003,4131761
1789153771,9,0,0.016,4131761
1789153771,9,0,0.015,4131761
1789153771,9,0,0.007,4131761
1789153771,9,0,0.004,4131761
1789153772,9,0,0.003,4131761
1789153772,9,0,0.007,4131761
1789153772,8,0,0.074,4131761
1789153772,9,0,0.024,4131761
1789153772,9,0,0.011,4131761
1789153772,9,0,0.004,4131761
1789153772,9,0,0.003,4131761
1789153773,9,0,0.005,4131761
1789153773,9,0,0.011,4131761
1789153773,9,0,0.024,4131761
1789153773,9,0,0.003,4131761
1789153774,9,0,0.022,4131761
1789153774,9,0,0.012,4131761
1789153774,8,0,0.048,4131761
1789153774,9,0,0.02,4131761
1789153774,9,0,0.019,4131761
1789153774,9,0,0.009,4131761
1789153774,9,0,0.016,4131761
1789153774,9,0,0.003,4131761
1789153774,9,0,0.002,4131761
1789153774,9,0,0.018,4131761
1789153775,9,0,0.005,4131761
1789153775,9,0,0.015,4131761
1789153776,9,0,0.005,4131761
1789153776,9,0,0.02,4131761
1789153776,8,0,0.032,4131761
1789153776,9,0,0.003,4131761
1789153776,9,0,0.025,4131761
1789153776,9,0,0.01,4131761
1789153776,9,0,0.011,4131761
1789153776,9,0,0.003,4131761
1789153776,9,0,0.01,4131761
1789153776,9,0,0.004,4131761
1789153776,9,0,0.009,4131761
1789153777,9,0,0.006,4131761
1789153777,8,0,0.033,4131761
1789153777,9,0,0.006,4131761
1789153777,9,0,0.009,4131761
1789153777,9,0,0.009,4131761
1789153778,9,0,0.004,4131761
1789153778,9,0,0.003,4131761
1789153778,9,0,0.009,4131761
1789153779,9,0,0.003,4131761
1789153779,9,0,0.006,4131761
1789153779,9,0,0.008,4131761
1789153780,9,0,0.009,4131761
1789153780,8,0,0.045,4131761
1789153780,9,0,0.01,4131761
1789153780,9,0,0.015,4131761
1789153780,9,0,0.008,4131761
1789153780,9,0,0.006,4131761
1789153780,9,0,0.004,4131761
1789153780,9,0,0.004,4131761
1789153780,9,0,0.014,4131761
1789153780,9,0,0.003,4131761
1789153781,9,0,0.027,4131761
1789153781,9,0,0.007,4131761
1789153781,9,0,0.004,4131761
1789153781,8,0,0.036,4131761
1789153781,9,0,0.013,4131761
1789153781,9,0,0.021,4131761
1789153781,9,0,0.017,4131761
1789153781,9,0,0.003,4131761
1789153781,9,0,0.008,4131761
1789153781,9,0,0.01,4131761
1789153781,9,0,0.004,4131761
1789153781,9,0,0.005,4131761
1789153782,9,0,0.019,4131761
1789153782,8,0,0.054,4131761
1789153782,9,0,0.003,4131761
1789153782,9,0,0.009,4131761
1789153782,9,0,0.005,4131761
1789153782,9,0,0.01,4131761
1789153782,9,0,0.011,4131761
1789153782,9,0,0.019,4131761
1789153782,9,0,0.004,4131761
1789153782,9,0,0.003,4131761
1789153782,9,0,0.01,4131761
1789153782,9,0,0.019,4131761
1789153782,8,0,0.06,4131761
1789153783,9,0,0.004,4131761
1789153783,9,0,0.003,4131761
1789153783,9,0,0.017,4131761
1789153783,9,0,0.011,4131761
1789153783,9,0,0.005,4131761
1789153783,9,0,0.012,4131761
1789153783,9,0,0.01,4131761
1789153784,9,0,0.007,4131761
1789153784,9,0,0.006,4131761
1789153784,9,0,0.025,4131761
1789153784,8,0,0.057,4131761
1789153785,9,0,0.021,4131761
1789153785,9,0,0.003,4131761
1789153785,9,0,0.011,4131761
1789153785,9,0,0.019,4131761
1789153785,9,0,0.015,4131761
1789153785,9,0,0.003,4131761
1789153785,9,0,0.003,4131761
1789153785,9,0,0.006,4131761
1789153786,9,0,0.019,4131761
1789153786,9,0,0.003,4131761
1789153786,8,0,0.033,4131761
1789153786,9,0,0.006,4131761
1789153786,9,0,0.012,4131761
1789153786,9,0,0.003,4131761
1789153786,9,0,0.003,4131761
1789153786,9,0,0.005,4131761
1789153787,9,0,0.008,4131761
1789153787,9,0,0.004,4131761
1789153787,9,0,0.003,4131761
1789153787,9,0,0.014,4131761
1789153787,9,0,0.004,4131761
1789153787,8,0,0.042,4131761
1789153787,9,0,0.009,4131761
1789153788,9,0,0.044,4131761
1789153788,9,0,0.004,4131761
1789153788,9,0,0.003,4131761
1789153788,9,0,0.017,4131761
1789153789,9,0,0.005,4131761
1789153789,9,0,0.004,4131761
1789153790,9,0,0.018,4131761
1789153790,9,0,0.01,4131761
1789153790,9,0,0.005,4131761
1789153790,8,0,0.038,4131761
1789153790,9,0,0.003,4131761
1789153791,9,0,0.009,4131761
1789153791,9,0,0.005,4131761
1789153791,9,0,0.033,4131761
1789153791,9,0,0.012,4131761
1789153791,9,0,0.003,4131761
1789153791,9,0,0.007,4131761
1789153791,9,0,0.01,4131761
1789153792,9,0,0.015,4131761
1789153792,9,0,0.006,4131761
1789153792,8,0,0.035,4131761
1789153792,9,0,0.007,4131761
1789153793,9,0,0.018,4131761
1789153793,9,0,0.004,4131761
1789153793,9,0,0.004,4131761
1789153793,9,0,0.008,4131761
1789153793,9,0,0.003,4131761
1789153793,9,0,0.003,4131761
1789153793,9,0,0.056,4131761
1789153794,9,0,0.003,4131761
1789153795,9,0,0.003,4131761
1789153795,9,0,0.004,4131761
1789153795,8,0,0.033,4131761
1789153795,9,0,0.006,4131761
1789153795,9,0,0.004,4131761
1789153795,9,0,0.006,4131761
1789153795,9,0,0.035,4131761
1789153796,9,0,0.017,4131761
1789153796,9,0,0.014,4131761
1789153796,9,0,0.014,4131761
1789153796,9,0,0.003,4131761
1789153796,9,0,0.007,4131761
1789153796,9,0,0.004,4131761
1789153796,8,0,0.039,4131761
1789153797,9,0,0.004,4131761
1789153797,9,0,0.004,4131761
1789153797,9,0,0.013,4131761
1789153797,9,0,0.015,4131761
1789153797,9,0,0.006,4131761
1789153797,9,0,0.013,4131761
1789153797,9,0,0.014,4131761
1789153797,9,0,0.004,4131761
1789153798,9,0,0.003,4131761
1789153798,8,0,0.042,4131761
1789153798,9,0,0.014,4131761
1789153798,9,0,0.009,4131761
1789153798,9,0,0.003,4131761
1789153799,9,0,0.006,4131761
1789153799,9,0,0.012,4131761
1789153799,9,0,0.003,4131761
1789153799,9,0,0.024,4131761
1789153800,9,0,0.004,4131761
1789153800,9,0,0.012,4131761
1789153800,9,0,0.004,4131761
1789153801,8,0,0.058,4131761
1789153801,9,0,0.038,4131761
1789153801,9,0,0.023,4131761
1789153801,9,0,0.018,4131761
1789153801,9,0,0.003,4131761
1789153801,9,0,0.004,4131761
1789153802,9,0,0.006,4131761
1789153802,9,0,0.004,4131761
1789153802,9,0,0.004,4131761
1789153802,9,0,0.012,4131761
1789153802,9,0,0.005,4131761
1789153802,8,0,0.032,4131761
1789153803,9,0,0.01,4131761
1789153803,9,0,0.018,4131761
1789153803,9,0,0.003,4131761
1789153803,9,0,0.007,4131761
1789153804,9,0,0.008,4131761
1789153804,9,0,0.009,4131761
1789153804,9,0,0.003,4131761
1789153804,9,0,0.02,4131761
1789153804,9,0,0.003,4131761
1789153805,9,0,0.008,4131761
1789153805,8,0,0.028,4131761
1789153805,9,0,0.003,4131761
1789153805,9,0,0.004,4131761
1789153805,9,0,0.003,4131761
1789153805,9,0,0.006,4131761
1789153806,9,0,0.003,4131761
1789153807,9,0,0.012,4131761
1789153807,9,0,0.033,4131761
1789153807,9,0,0.061,4131761
1789153807,9,0,0.004,4131761
1789153809,9,0,0.005,4131761
1789153809,8,0,0.034,4131761
1789153809,9,0,0.003,4131761
1789153809,9,0,0.003,4131761
1789153809,9,0,0.011,4131761
1789153810,9,0,0.013,4131761
1789153810,9,0,0.004,4131761
1789153810,9,0,0.004,4131761
1789153811,9,0,0.009,4131761
1789153811,9,0,0.008,4131761
1789153812,9,0,0.008,4131761
1789153812,9,0,0.017,4131761
1789153812,8,0,0.051,4131761
1789153812,9,0,0.003,4131761
1789153812,9,0,0.003,4131761
1789153812,9,0,0.003,4131761
1789153813,9,0,0.01,4131761
1789153813,9,0,0.009,4131761
1789153813,9,0,0.003,4131761
1789153814,9,0,0.003,4131761
1789153814,9,0,0.008,4131761
1789153814,9,0,0.007,4131761
1789153814,9,0,0.021,4131761
1789153814,8,0,0.054,4131761
1789153814,9,0,0.008,4131761
1789153814,9,0,0.008,4131761
1789153814,9,0,0.003,4131761
1789153814,9,0,0.003,4131761
1789153815,9,0,0.003,4131761
1789153815,9,0,0.014,4131761
1789153815,9,0,0.003,4131761
1789153815,9,0,0.008,4131761
1789153815,9,0,0.004,4131761
1789153815,9,0,0.004,4131761
1789153815,8,0,0.044,4131761
1789153815,9,0,0.003,4131761
1789153815,9,0,0.005,4131761
1789153815,9,0,0.003,4131761
1789153815,9,0,0.004,4131761
1789153815,9,0,0.003,4131761
1789153815,9,0,0.009,4131761
1789153815,9,0,0.006,4131761
1789153815,9,0,0.003,4131761
1789153816,9,0,0.009,4131761
1789153816,9,0,0.006,4131761
1789153816,8,0,0.048,4131761
1789153816,9,0,0.046,4131761
1789153816,9,0,0.008,4131761
1789153816,9,0,0.003,4131761
1789153816,9,0,0.022,4131761
1789153816,9,0,0.006,4131761
1789153816,9,0,0.005,4131761
1789153817,9,0,0.005,4131761
1789153817,9,0,0.009,4131761
1789153817,9,0,0.004,4131761
1789153817,9,0,0.008,4131761
1789153817,8,0,0.03,4131761
1789153817,9,0,0.031,4131761
1789153817,9,0,0.004,4131761
1789153817,9,0,0.003,4131761
1789153817,9,0,0.004,4131761
1789153818,9,0,0.008,4131761
1789153818,9,0,0.004,4131761
1789153818,9,0,0.003,4131761
1789153818,9,0,0.003,4131761
1789153818,9,0,0.01,4131761
1789153818,9,0,0.013,4131761
1789153818,8,0,0.04,4131761
1789153818,9,0,0.004,4131761
1789153818,9,0,0.02,4131761
1789153819,9,0,0.016,4131761
1789153819,9,0,0.003,4131761
1789153819,9,0,0.009,4131761
1789153819,9,0,0.01,4131761
1789153819,9,0,0.004,4131761
1789153820,9,0,0.003,4131761
1789153820,9,0,0.006,4131761
1789153820,9,0,0.004,4131761
1789153820,8,0,0.055,4131761
1789153820,9,0,0.004,4131761
1789153820,9,0,0.004,4131761
1789153820,9,0,0.027,4131761
1789153820,9,0,0.008,4131761
1789153820,9,0,0.01,4131761
1789153820,9,0,0.011,4131761
1789153820,9,0,0.026,4131761
1789153820,9,0,0.003,4131761
1789153820,9,0,0.012,4131761
1789153820,9,0,0.009,4131761
1789153820,8,0,0.03,4131761
1789153821,9,0,0.004,4131761
1789153821,9,0,0.004,4131761
1789153821,9,0,0.037,4131761
1789153821,9,0,0.005,4131761
1789153821,9,0,0.003,4131761
1789153821,9,0,0.007,4131761
1789153821,9,0,0.015,4131761
1789153821,9,0,0.047,4131761
1789153821,9,0,0.024,4131761
1789153822,9,0,0.004,4131761
1789153822,8,0,0.034,4131761
1789153822,9,0,0.006,4131761
1789153823,9,0,0.012,4131761
1789153823,9,0,0.045,4131761
1789153823,9,0,0.021,4131761
1789153824,9,0,0.013,4131761
1789153824,9,0,0.01,4131761
1789153824,9,0,0.01,4131761
1789153824,9,0,0.022,4131761
1789153824,9,0,0.005,4131761
1789153825,9,0,0.015,4131761
1789153825,8,0,0.046,4131761
1789153825,9,0,0.01,4131761
1789153825,9,0,0.004,4131761
1789153825,9,0,0.007,4131761
1789153826,9,0,0.005,4131761
1789153826,9,0,0.005,4131761
1789153826,9,0,0.011,4131761
1789153827,9,0,0.004,4131761
1789153827,9,0,0.03,4131761
1789153828,9,0,0.003,4131761
1789153829,9,0,0.006,4131761
1789153829,8,0,0.038,4131761
1789153829,9,0,0.02,4131761
1789153830,9,0,0.004,4131761
1789153830,9,0,0.007,4131761
1789153830,9,0,0.027,4131761
1789153830,9,0,0.02,4131761
1789153830,9,0,0.032,4131761
1789153831,9,0,0.003,4131761
1789153831,9,0,0.007,4131761
1789153831,9,0,0.006,4131761
1789153831,9,0,0.007,4131761
1789153832,8,0,0.035,4131761
1789153832,9,0,0.01,4131761
1789153832,9,0,0.009,4131761
1789153832,9,0,0.003,4131761
1789153832,9,0,0.009,4131761
1789153832,9,0,0.012,4131761
1789153832,9,0,0.003,4131761
1789153832,9,0,0.009,4131761
1789153833,9,0,0.016,4131761
1789153833,9,0,0.009,4131761
1789153833,9,0,0.004,4131761
1789153833,8,0,0.039,4131761
1789153834,9,0,0.003,4131761
1789153834,9,0,0.003,4131761
1789153834,9,0,0.007,4131761
1789153834,9,0,0.003,4131761
1789153834,9,0,0.003,4131761
1789153835,9,0,0.014,4131761
1789153835,9,0,0.004,4131761
1789153835,9,0,0.005,4131761
1789153836,9,0,0.02,4131761
1789153836,9,0,0.005,4131761
1789153836,8,0,0.071,4131761
1789153836,9,0,0.034,4131761
1789153836,9,0,0.016,4131761
1789153836,9,0,0.003,4131761
1789153836,9,0,0.027,4131761
1789153836,9,0,0.029,4131761
1789153836,9,0,0.014,4131761
1789153836,9,0,0.006,4131761
1789153836,9,0,0.005,4131761
1789153837,9,0,0.004,4131761
1789153837,9,0,0.003,4131761
1789153837,9,0,0.004,4131761
1789153837,8,0,0.03,4131761
1789153837,9,0,0.011,4131761
1789153837,9,0,0.017,4131761
1789153837,9,0,0.013,4131761
1789153837,9,0,0.008,4131761
1789153837,9,0,0.004,4131761
1789153838,9,0,0.004,4131761
1789153838,9,0,0.003,4131761
1789153839,9,0,0.006,4131761
1789153839,9,0,0.006,4131761
1789153839,8,0,0.038,4131761
1789153839,9,0,0.038,4131761
1789153839,9,0,0.004,4131761
1789153839,9,0,0.004,4131761
1789153839,9,0,0.011,4131761
1789153839,9,0,0.037,4131761
1789153839,9,0,0.039,4131761
1789153840,9,0,0.004,4131761
1789153840,9,0,0.004,4131761
1789153840,9,0,0.006,4131761
1789153840,9,0,0.011,4131761
1789153840,8,0,0.049,4131761
1789153840,9,0,0.014,4131761
1789153840,9,0,0.003,4131761
1789153840,9,0,0.01,4131761
1789153841,9,0,0.006,4131761
1789153841,9,0,0.004,4131761
1789153841,9,0,0.004,4131761
1789153841,9,0,0.051,4131761
1789153842,9,0,0.004,4131761
1789153842,9,0,0.007,4131761
1789153842,9,0,0.01,4131761
1789153842,8,0,0.037,4131761
1789153842,9,0,0.005,4131761
1789153842,9,0,0.004,4131761
1789153843,9,0,0.003,4131761
1789153843,9,0,0.003,4131761
1789153843,9,0,0.01,4131761
1789153843,9,0,0.014,4131761
1789153843,9,0,0.009,4131761
1789153844,9,0,0.017,4131761
1789153845,9,0,0.006,4131761
1789153845,9,0,0.036,4131761
1789153845,8,0,0.068,4131761
1789153845,9,0,0.009,4131761
1789153845,9,0,0.01,4131761
1789153846,9,0,0.009,4131761
1789153847,9,0,0.004,4131761
1789153847,9,0,0.003,4131761
1789153847,9,0,0.004,4131761
1789153848,9,0,0.003,4131761
1789153848,9,0,0.005,4131761
1789153848,9,0,0.005,4131761
1789153849,9,0,0.008,4131761
1789153849,8,0,0.049,4131761
1789153849,9,0,0.004,4131761
1789153849,9,0,0.011,4131761
1789153849,9,0,0.012,4131761
1789153849,9,0,0.003,4131761
1789153849,9,0,0.004,4131761
1789153849,9,0,0.006,4131761
1789153849,9,0,0.003,4131761
1789153849,9,0,0.014,4131761
1789153849,9,0,0.003,4131761
1789153849,9,0,0.004,4131761
1789153849,9,0,0.004,4131761
1789153849,8,0,0.036,4131761
1789153849,9,0,0.013,4131761
1789153850,9,0,0.009,4131761
1789153850,9,0,0.014,4131761
1789153850,9,0,0.013,4131761
1789153850,9,0,0.02,4131761
1789153850,9,0,0.007,4131761
1789153851,9,0,0.005,4131761
1789153851,9,0,0.003,4131761
1789153852,9,0,0.006,4131761
1789153852,8,0,0.028,4131761
1789153852,9,0,0.015,4131761
1789153853,9,0,0.01,4131761
1789153853,9,0,0.037,4131761
1789153853,9,0,0.06,4131761
1789153853,9,0,0.003,4131761
1789153854,9,0,0.041,4131761
1789153854,9,0,0.026,4131761
1789153855,9,0,0.007,4131761
1789153855,9,0,0.027,4131761
1789153855,9,0,0.005,4131761
1789153855,8,0,0.057,4131761
1789153855,9,0,0.007,4131761
1789153856,9,0,0.024,4131761
1789153856,9,0,0.006,4131761
1789153856,9,0,0.034,4131761
1789153856,9,0,0.007,4131761
1789153857,9,0,0.005,4131761
1789153857,9,0,0.004,4131761
1789153857,9,0,0.016,4131761
1789153857,9,0,0.014,4131761
1789153857,9,0,0.008,4131761
1789153857,8,0,0.066,4131761
1789153857,9,0,0.004,4131761
1789153857,9,0,0.005,4131761
1789153857,9,0,0.022,4131761
1789153858,9,0,0.003,4131761
1789153858,9,0,0.003,4131761
1789153858,9,0,0.009,4131761
1789153858,9,0,0.007,4131761
1789153858,9,0,0.024,4131761
1789153858,9,0,0.008,4131761
1789153858,9,0,0.004,4131761
1789153858,8,0,0.027,4131761
1789153858,9,0,0.004,4131761
1789153858,9,0,0.027,4131761
1789153858,9,0,0.014,4131761
1789153858,9,0,0.003,4131761
1789153859,9,0,0.009,4131761
1789153859,9,0,0.011,4131761
1789153859,9,0,0.006,4131761
1789153859,9,0,0.009,4131761
1789153859,9,0,0.006,4131761
1789153859,9,0,0.008,4131761
1789153859,8,0,0.035,4131761
1789153860,9,0,0.007,4131761
1789153860,9,0,0.016,4131761
1789153860,9,0,0.003,4131761
1789153860,9,0,0.007,4131761
1789153862,9,0,0.007,4131761
1789153863,9,0,0.003,4131761
1789153864,9,0,0.009,4131761
1789153864,9,0,0.009,4131761
1789153864,9,0,0.006,4131761
1789153864,9,0,0.012,4131761
1789153864,8,0,0.045,4131761
1789153864,9,0,0.014,4131761
1789153864,9,0,0.004,4131761
1789153864,9,0,0.027,4131761
1789153865,9,0,0.01,4131761
1789153865,9,0,0.013,4131761
1789153865,9,0,0.004,4131761
1789153865,9,0,0.008,4131761
1789153865,9,0,0.004,4131761
1789153865,9,0,0.022,4131761
1789153865,9,0,0.005,4131761
1789153865,9,0,0.021,4131761
1789153865,9,0,0.008,4131761
1789153865,8,0,0.08,4131761
1789153865,9,0,0.042,4131761
1789153865,9,0,0.004,4131761
1789153865,9,0,0.006,4131761
1789153865,9,0,0.011,4131761
1789153866,9,0,0.003,4131761
1789153866,9,0,0.004,4131761
1789153866,9,0,0.035,4131761
1789153866,9,0,0.006,4131761
1789153866,9,0,0.01,4131761
1789153866,8,0,0.03,4131761
1789153866,9,0,0.01,4131761
1789153867,9,0,0.011,4131761
1789153867,9,0,0.005,4131761
1789153867,9,0,0.003,4131761
1789153867,9,0,0.003,4131761
1789153867,9,0,0.013,4131761
1789153867,9,0,0.009,4131761
1789153868,9,0,0.003,4131761
1789153868,9,0,0.031,4131761
1789153868,8,0,0.046,4131761
1789153868,9,0,0.003,4131761
1789153869,9,0,0.012,4131761
1789153869,9,0,0.006,4131761
1789153869,9,0,0.013,4131761
1789153869,9,0,0.003,4131761
1789153869,9,0,0.004,4131761
1789153870,9,0,0.008,4131761
1789153870,9,0,0.005,4131761
1789153871,9,0,0.005,4131761
1789153872,9,0,0.014,4131761
1789153872,8,0,0.047,4131761
1789153872,9,0,0.007,4131761
1789153872,9,0,0.003,4131761
1789153872,9,0,0.027,4131761
1789153872,9,0,0.005,4131761
1789153872,9,0,0.003,4131761
1789153873,9,0,0.01,4131761
1789153873,9,0,0.003,4131761
1789153873,9,0,0.003,4131761
1789153873,9,0,0.014,4131761
1789153873,9,0,0.007,4131761
1789153873,8,0,0.036,4131761
1789153873,9,0,0.005,4131761
1789153874,9,0,0.015,4131761
1789153874,9,0,0.006,4131761
1789153874,9,0,0.006,4131761
1789153874,9,0,0.019,4131761
1789153874,9,0,0.035,4131761
1789153874,9,0,0.005,4131761
1789153874,9,0,0.004,4131761
1789153874,9,0,0.029,4131761
1789153874,9,0,0.013,4131761
1789153874,8,0,0.034,4131761
1789153875,9,0,0.007,4131761
1789153875,9,0,0.011,4131761
1789153876,9,0,0.003,4131761
1789153876,9,0,0.003,4131761
1789153876,9,0,0.02,4131761
1789153877,9,0,0.008,4131761
1789153877,9,0,0.006,4131761
1789153877,9,0,0.003,4131761
1789153877,9,0,0.004,4131761
1789153878,9,0,0.026,4131761
1789153878,8,0,0.046,4131761
1789153878,9,0,0.011,4131761
1789153879,9,0,0.004,4131761
1789153879,9,0,0.003,4131761
1789153879,9,0,0.003,4131761
1789153879,9,0,0.024,4131761
1789153879,9,0,0.007,4131761
1789153880,9,0,0.007,4131761
1789153881,9,0,0.003,4131761
1789153881,9,0,0.017,4131761
1789153881,9,0,0.003,4131761
1789153881,8,0,0.063,4131761
1789153881,9,0,0.014,4131761
1789153881,9,0,0.033,4131761
1789153881,9,0,0.043,4131761
1789153882,9,0,0.005,4131761
1789153882,9,0,0.009,4131761
1789153883,9,0,0.007,4131761
1789153883,9,0,0.003,4131761
1789153884,9,0,0.011,4131761
1789153884,9,0,0.004,4131761
1789153884,9,0,0.013,4131761
1789153884,8,0,0.04,4131761
1789153884,9,0,0.004,4131761
1789153884,9,0,0.01,4131761
1789153884,9,0,0.007,4131761
1789153884,9,0,0.003,4131761
1789153884,9,0,0.004,4131761
1789153885,9,0,0.009,4131761
1789153885,9,0,0.003,4131761
1789153885,9,0,0.01,4131761
1789153885,9,0,0.004,4131761
1789153885,9,0,0.007,4131761
1789153885,8,0,0.029,4131761
1789153885,9,0,0.003,4131761
1789153885,9,0,0.004,4131761
1789153886,9,0,0.004,4131761
1789153886,9,0,0.023,4131761
1789153886,9,0,0.016,4131761
1789153886,9,0,0.037,4131761
1789153886,9,0,0.014,4131761
1789153886,9,0,0.005,4131761
1789153887,9,0,0.004,4131761
1789153888,9,0,0.004,4131761
1789153888,8,0,0.041,4131761
1789153888,9,0,0.008,4131761
1789153888,9,0,0.003,4131761
1789153888,9,0,0.029,4131761
1789153888,9,0,0.025,4131761
1789153888,9,0,0.021,4131761
1789153888,9,0,0.019,4131761
1789153888,9,0,0.029,4131761
1789153888,9,0,0.005,4131761
1789153888,9,0,0.006,4131761
1789153888,9,0,0.003,4131761
1789153889,8,0,0.046,4131761
1789153889,9,0,0.003,4131761
1789153889,9,0,0.007,4131761
1789153889,9,0,0.003,4131761
1789153889,9,0,0.004,4131761
1789153890,9,0,0.003,4131761
1789153890,9,0,0.009,4131761
1789153890,9,0,0.01,4131761
1789153890,9,0,0.005,4131761
1789153890,9,0,0.026,4131761
1789153891,9,0,0.014,4131761
1789153891,9,0,0.01,4131761
1789153891,8,0,0.053,4131761
1789153891,9,0,0.018,4131761
1789153891,9,0,0.003,4131761
1789153891,9,0,0.009,4131761
1789153891,9,0,0.007,4131761
1789153891,9,0,0.01,4131761
1789153891,9,0,0.004,4131761
1789153891,9,0,0.01,4131761
1789153891,9,0,0.007,4131761
1789153891,9,0,0.005,4131761
1789153891,9,0,0.017,4131761
1789153891,8,0,0.033,4131761
1789153892,9,0,0.01,4131761
1789153892,9,0,0.019,4131761
1789153892,9,0,0.015,4131761
1789153893,9,0,0.033,4131761
1789153893,9,0,0.004,4131761
1789153893,9,0,0.003,4131761
1789153893,9,0,0.01,4131761
1789153893,9,0,0.011,4131761
1789153894,9,0,0.005,4131761
1789153894,8,0,0.034,4131761
1789153894,9,0,0.018,4131761
1789153894,9,0,0.003,4131761
1789153894,9,0,0.003,4131761
1789153894,9,0,0.004,4131761
1789153895,9,0,0.005,4131761
1789153895,9,0,0.006,4131761
1789153895,9,0,0.007,4131761
1789153895,9,0,0.006,4131761
1789153896,9,0,0.003,4131761
1789153896,9,0,0.012,4131761
1789153896,8,0,0.055,4131761
1789153896,9,0,0.01,4131761
1789153896,9,0,0.003,4131761
1789153897,9,0,0.016,4131761
1789153897,9,0,0.026,4131761
1789153897,9,0,0.021,4131761
1789153897,9,0,0.011,4131761
1789153897,9,0,0.017,4131761
1789153897,9,0,0.011,4131761
1789153898,9,0,0.003,4131761
1789153898,9,0,0.036,4131761
1789153898,8,0,0.07,4131761
1789153898,9,0,0.006,4131761
1789153898,9,0,0.031,4131761
1789153898,9,0,0.003,4131761
1789153899,9,0,0.017,4131761
1789153899,9,0,0.009,4131761
1789153899,9,0,0.006,4131761
1789153899,9,0,0.008,4131761
1789153899,9,0,0.008,4131761
1789153899,9,0,0.003,4131761
1789153899,9,0,0.008,4131761
1789153899,8,0,0.039,4131761
1789153899,9,0,0.004,4131761
1789153900,9,0,0.008,4131761
1789153900,9,0,0.004,4131761
1789153900,9,0,0.006,4131761
1789153900,9,0,0.016,4131761
1789153900,9,0,0.012,4131761
1789153900,9,0,0.003,4131761
1789153900,9,0,0.004,4131761
1789153900,9,0,0.005,4131761
1789153901,9,0,0.011,4131761
1789153902,8,0,0.058,4131761
1789153902,9,0,0.005,4131761
1789153902,9,0,0.003,4131761
1789153902,9,0,0.003,4131761
1789153902,9,0,0.004,4131761
1789153902,9,0,0.005,4131761
1789153902,9,0,0.008,4131761
1789153902,9,0,0.006,4131761
1789153903,9,0,0.015,4131761
1789153904,9,0,0.005,4131761
1789153904,9,0,0.027,4131761
1789153904,8,0,0.045,4131761
1789153904,9,0,0.015,4131761
1789153904,9,0,0.005,4131761
1789153904,9,0,0.003,4131761
1789153904,9,0,0.008,4131761
1789153904,9,0,0.003,4131761
1789153904,9,0,0.008,4131761
1789153904,9,0,0.011,4131761
1789153904,9,0,0.003,4131761
1789153905,9,0,0.007,4131761
1789153905,9,0,0.008,4131761
1789153905,9,0,0.005,4131761
1789153905,8,0,0.044,4131761
1789153905,9,0,0.006,4131761
1789153905,9,0,0.004,4131761
1789153906,9,0,0.007,4131761
1789153906,9,0,0.006,4131761
1789153906,9,0,0.003,4131761
1789153907,9,0,0.004,4131761
1789153907,9,0,0.003,4131761
1789153907,9,0,0.005,4131761
1789153908,9,0,0.016,4131761
1789153908,8,0,0.044,4131761
1789153908,9,0,0.062,4131761
1789153908,9,0,0.003,4131761
1789153908,9,0,0.003,4131761
1789153910,9,0,0.02,4131761
1789153910,9,0,0.01,4131761
1789153910,9,0,0.003,4131761
1789153911,9,0,0.016,4131761
1789153911,9,0,0.011,4131761
1789153911,9,0,0.005,4131761
1789153911,9,0,0.004,4131761
1789153912,8,0,0.043,4131761
1789153912,9,0,0.013,4131761
1789153912,9,0,0.015,4131761
1789153913,9,0,0.008,4131761
1789153913,9,0,0.004,4131761
1789153913,9,0,0.004,4131761
1789153913,9,0,0.004,4131761
1789153914,9,0,0.013,4131761
1789153914,9,0,0.034,4131761
1789153914,9,0,0.003,4131761
1789153914,9,0,0.007,4131761
1789153914,8,0,0.04,4131761
1789153914,9,0,0.003,4131761
1789153914,9,0,0.003,4131761
1789153914,9,0,0.009,4131761
1789153914,9,0,0.01,4131761
1789153915,9,0,0.056,4131761
1789153915,9,0,0.002,4131761
1789153915,9,0,0.008,4131761
1789153915,9,0,0.016,4131761
1789153915,9,0,0.003,4131761
1789153915,9,0,0.01,4131761
1789153915,8,0,0.044,4131761
1789153915,9,0,0.004,4131761
1789153915,9,0,0.003,4131761
1789153915,9,0,0.004,4131761
1789153915,9,0,0.019,4131761
1789153916,9,0,0.01,4131761
1789153916,9,0,0.003,4131761
1789153916,9,0,0.004,4131761
1789153916,9,0,0.004,4131761
1789153917,9,0,0.003,4131761
1789153917,9,0,0.035,4131761
1789153917,8,0,0.038,4131761
1789153917,9,0,0.009,4131761
1789153918,9,0,0.008,4131761
1789153918,9,0,0.003,4131761
1789153918,9,0,0.004,4131761
1789153918,9,0,0.003,4131761
1789153918,9,0,0.003,4131761
1789153918,9,0,0.002,4131761
1789153918,9,0,0.013,4131761
1789153919,9,0,0.01,4131761
1789153920,9,0,0.014,4131761
1789153920,8,0,0.043,4131761
1789153920,9,0,0.004,4131761
1789153920,9,0,0.017,4131761
1789153920,9,0,0.022,4131761
1789153920,9,0,0.004,4131761
1789153921,9,0,0.003,4131761
1789153921,9,0,0.003,4131761
1789153921,9,0,0.012,4131761
1789153921,9,0,0.024,4131761
1789153921,9,0,0.01,4131761
1789153921,9,0,0.011,4131761
1789153921,8,0,0.035,4131761
1789153921,9,0,0.003,4131761
1789153922,9,0,0.004,4131761
1789153922,9,0,0.007,4131761
1789153923,9,0,0.003,4131761
1789153923,9,0,0.02,4131761
1789153923,9,0,0.003,4131761
1789153923,9,0,0.003,4131761
1789153923,9,0,0.007,4131761
1789153924,9,0,0.01,4131761
1789153924,9,0,0.008,4131761
1789153924,8,0,0.038,4131761
1789153924,9,0,0.012,4131761
1789153925,9,0,0.027,4131761
1789153925,9,0,0.009,4131761
1789153925,9,0,0.007,4131761
1789153925,9,0,0.037,4131761
1789153926,9,0,0.09,4131761
1789153926,9,0,0.011,4131761
1789153926,9,0,0.011,4131761
1789153926,9,0,0.005,4131761
1789153927,9,0,0.009,4131761
1789153927,9,0,0.01,4131761
1789153927,8,0,0.035,4131761
1789153927,9,0,0.009,4131761
1789153927,9,0,0.003,4131761
1789153927,9,0,0.025,4131761
1789153928,9,0,0.06,4131761
1789153928,9,0,0.005,4131761
1789153928,9,0,0.003,4131761
1789153928,9,0,0.012,4131761
1789153928,9,0,0.004,4131761
1789153928,9,0,0.006,4131761
1789153928,8,0,0.035,4131761
1789153928,9,0,0.003,4131761
1789153928,9,0,0.015,4131761
1789153929,9,0,0.014,4131761
1789153929,9,0,0.006,4131761
1789153929,9,0,0.012,4131761
1789153929,9,0,0.009,4131761
1789153929,9,0,0.006,4131761
1789153929,9,0,0.004,4131761
1789153929,9,0,0.018,4131761
1789153930,9,0,0.012,4131761
1789153930,8,0,0.028,4131761
1789153930,9,0,0.003,4131761
1789153931,9,0,0.006,4131761
1789153931,9,0,0.013,4131761
1789153931,9,0,0.013,4131761
1789153931,9,0,0.013,4131761
1789153932,9,0,0.004,4131761
1789153933,9,0,0.01,4131761
1789153933,9,0,0.011,4131761
1789153933,9,0,0.003,4131761
1789153934,9,0,0.029,4131761
1789153934,8,0,0.05,4131761
1789153934,9,0,0.013,4131761
1789153934,9,0,0.014,4131761
1789153934,9,0,0.003,4131761
1789153934,9,0,0.013,4131761
1789153934,9,0,0.003,4131761
1789153934,9,0,0.004,4131761
1789153935,9,0,0.019,4131761
1789153935,9,0,0.011,4131761
1789153935,9,0,0.014,4131761
1789153935,9,0,0.014,4131761
1789153935,8,0,0.036,4131761
1789153935,9,0,0.003,4131761
1789153936,9,0,0.064,4131761
1789153936,9,0,0.017,4131761
1789153936,9,0,0.011,4131761
1789153936,9,0,0.005,4131761
1789153936,9,0,0.01,4131761
1789153936,9,0,0.011,4131761
1789153936,9,0,0.007,4131761
1789153936,9,0,0.02,4131761
1789153936,9,0,0.003,4131761
1789153937,8,0,0.061,4131761
1789153937,9,0,0.003,4131761
1789153937,9,0,0.007,4131761
1789153937,9,0,0.017,4131761
1789153937,9,0,0.012,4131761
1789153937,9,0,0.04,4131761
1789153937,9,0,0.006,4131761
1789153937,9,0,0.009,4131761
1789153938,9,0,0.023,4131761
1789153938,9,0,0.009,4131761
1789153938,9,0,0.02,4131761
1789153938,8,0,0.034,4131761
1789153938,9,0,0.005,4131761
1789153938,9,0,0.003,4131761
1789153938,9,0,0.003,4131761
1789153938,9,0,0.011,4131761
1789153939,9,0,0.007,4131761
1789153939,9,0,0.008,4131761
1789153939,9,0,0.003,4131761
1789153939,9,0,0.019,4131761
1789153939,9,0,0.008,4131761
1789153939,9,0,0.004,4131761
1789153939,8,0,0.032,4131761
1789153939,9,0,0.004,4131761
1789153940,9,0,0.009,4131761
1789153940,9,0,0.003,4131761
1789153940,9,0,0.012,4131761
1789153940,9,0,0.003,4131761
1789153941,9,0,0.017,4131761
1789153941,9,0,0.008,4131761
1789153941,9,0,0.003,4131761
1789153941,9,0,0.003,4131761
1789153942,9,0,0.007,4131761
1789153942,9,0,0.015,4131761
1789153942,8,0,0.044,4131761
1789153942,9,0,0.004,4131761
1789153943,9,0,0.021,4131761
1789153943,9,0,0.003,4131761
1789153943,9,0,0.005,4131761
1789153943,9,0,0.012,4131761
1789153944,9,0,0.013,4131761
1789153944,9,0,0.01,4131761
1789153944,9,0,0.003,4131761
1789153944,9,0,0.003,4131761
1789153944,9,0,0.035,4131761
1789153944,8,0,0.072,4131761
1789153945,9,0,0.014,4131761
1789153945,9,0,0.003,4131761
1789153945,9,0,0.009,4131761
1789153945,9,0,0.013,4131761
1789153945,9,0,0.005,4131761
1789153945,9,0,0.004,4131761
1789153945,9,0,0.013,4131761
1789153945,9,0,0.015,4131761
1789153945,9,0,0.017,4131761
1789153945,8,0,0.044,4131761
1789153945,9,0,0.005,4131761
1789153946,9,0,0.003,4131761
1789153946,9,0,0.012,4131761
1789153946,9,0,0.003,4131761
1789153946,9,0,0.012,4131761
1789153946,9,0,0.013,4131761
1789153946,9,0,0.04,4131761
1789153946,9,0,0.008,4131761
1789153946,9,0,0.003,4131761
1789153947,9,0,0.013,4131761
1789153947,8,0,0.05,4131761
1789153947,9,0,0.003,4131761
1789153947,9,0,0.004,4131761
1789153948,9,0,0.018,4131761
1789153948,9,0,0.031,4131761
1789153948,9,0,0.01,4131761
1789153948,9,0,0.003,4131761
1789153948,9,0,0.007,4131761
1789153949,9,0,0.004,4131761
1789153950,9,0,0.009,4131761
1789153950,9,0,0.003,4131761
1789153950,9,0,0.006,4131761
1789153950,8,0,0.032,4131761
1789153950,9,0,0.004,4131761
1789153950,9,0,0.011,4131761
1789153950,9,0,0.006,4131761
1789153950,9,0,0.003,4131761
1789153951,9,0,0.009,4131761
1789153951,9,0,0.003,4131761
1789153951,9,0,0.01,4131761
1789153951,9,0,0.003,4131761
1789153952,9,0,0.003,4131761
1789153952,8,0,0.031,4131761
1789153952,9,0,0.007,4131761
1789153952,9,0,0.004,4131761
1789153952,9,0,0.003,4131761
1789153952,9,0,0.02,4131761
1789153952,9,0,0.008,4131761
1789153953,9,0,0.015,4131761
1789153953,9,0,0.005,4131761
1789153953,9,0,0.022,4131761
1789153954,9,0,0.015,4131761
1789153955,9,0,0.018,4131761
1789153955,9,0,0.003,4131761
1789153955,8,0,0.034,4131761
1789153955,9,0,0.004,4131761
1789153956,9,0,0.016,4131761
1789153956,9,0,0.012,4131761
1789153957,9,0,0.003,4131761
1789153958,9,0,0.012,4131761
1789153958,9,0,0.003,4131761
1789153958,9,0,0.006,4131761
1789153959,9,0,0.005,4131761
1789153959,9,0,0.004,4131761
1789153959,9,0,0.004,4131761
1789153959,8,0,0.042,4131761
1789153959,9,0,0.006,4131761
1789153959,9,0,0.01,4131761
1789153959,9,0,0.003,4131761
1789153959,9,0,0.003,4131761
1789153959,9,0,0.006,4131761
1789153959,9,0,0.004,4131761
1789153959,9,0,0.009,4131761
1789153959,9,0,0.011,4131761
1789153960,9,0,0.014,4131761
1789153960,8,0,0.034,4131761
1789153960,9,0,0.015,4131761
1789153960,9,0,0.062,4131761
1789153960,9,0,0.011,4131761
1789153961,9,0,0.013,4131761
1789153961,9,0,0.008,4131761
1789153961,9,0,0.012,4131761
1789153961,9,0,0.006,4131761
1789153961,9,0,0.013,4131761
1789153961,9,0,0.004,4131761
1789153961,9,0,0.004,4131761
1789153961,8,0,0.03,4131761
1789153961,9,0,0.009,4131761
1789153962,9,0,0.004,4131761
1789153962,9,0,0.01,4131761
1789153962,9,0,0.003,4131761
1789153962,9,0,0.004,4131761
1789153964,9,0,0.003,4131761
1789153964,9,0,0.006,4131761
1789153964,9,0,0.003,4131761
1789153965,9,0,0.003,4131761
1789153965,9,0,0.004,4131761
1789153965,8,0,0.029,4131761
1789153965,9,0,0.003,4131761
1789153965,9,0,0.006,4131761
1789153965,9,0,0.004,4131761
1789153965,9,0,0.007,4131761
1789153966,9,0,0.011,4131761
1789153966,9,0,0.003,4131761
1789153966,9,0,0.006,4131761
1789153966,9,0,0.006,4131761
1789153967,9,0,0.01,4131761
1789153968,9,0,0.012,4131761
1789153968,8,0,0.034,4131761
1789153968,9,0,0.008,4131761
1789153968,9,0,0.016,4131761
1789153968,9,0,0.062,4131761
1789153968,9,0,0.003,4131761
1789153969,9,0,0.006,4131761
1789153969,9,0,0.003,4131761
1789153970,9,0,0.003,4131761
1789153970,9,0,0.003,4131761
1789153970,9,0,0.004,4131761
1789153970,9,0,0.007,4131761
1789153970,8,0,0.034,4131761
1789153970,9,0,0.004,4131761
1789153970,9,0,0.017,4131761
1789153971,9,0,0.003,4131761
1789153971,9,0,0.004,4131761
1789153971,9,0,0.033,4131761
1789153971,9,0,0.004,4131761
1789153971,9,0,0.02,4131761
1789153971,9,0,0.003,4131761
1789153971,9,0,0.003,4131761
1789153971,9,0,0.004,4131761
1789153971,8,0,0.03,4131761
1789153972,9,0,0.004,4131761
1789153972,9,0,0.006,4131761
1789153972,9,0,0.006,4131761
1789153972,9,0,0.005,4131761
1789153972,9,0,0.01,4131761
1789153972,9,0,0.005,4131761
1789153974,9,0,0.009,4131761
1789153974,9,0,0.004,4131761
1789153974,9,0,0.011,4131761
1789153974,9,0,0.01,4131761
1789153974,8,0,0.035,4131761
1789153974,9,0,0.003,4131761
1789153974,9,0,0.004,4131761
1789153974,9,0,0.008,4131761
1789153975,9,0,0.012,4131761
1789153975,9,0,0.02,4131761
1789153975,9,0,0.003,4131761
1789153975,9,0,0.003,4131761
1789153975,9,0,0.003,4131761
1789153975,9,0,0.024,4131761
1789153976,9,0,0.005,4131761
1789153976,8,0,0.035,4131761
1789153976,9,0,0.005,4131761
1789153976,9,0,0.008,4131761
1789153976,9,0,0.012,4131761
1789153976,9,0,0.003,4131761
1789153976,9,0,0.005,4131761
1789153977,9,0,0.019,4131761
1789153977,9,0,0.017,4131761
1789153977,9,0,0.024,4131761
1789153978,9,0,0.025,4131761
1789153978,9,0,0.003,4131761
1789153978,9,0,0.008,4131761
1789153978,8,0,0.053,4131761
1789153979,9,0,0.018,4131761
1789153980,9,0,0.003,4131761
1789153980,9,0,0.008,4131761
1789153980,9,0,0.009,4131761
1789153981,9,0,0.011,4131761
1789153982,9,0,0.006,4131761
1789153982,9,0,0.003,4131761
1789153982,9,0,0.003,4131761
1789153982,9,0,0.026,4131761
1789153982,8,0,0.071,4131761
1789153982,9,0,0.007,4131761
1789153982,9,0,0.008,4131761
1789153983,9,0,0.004,4131761
1789153983,9,0,0.003,4131761
1789153983,9,0,0.007,4131761
1789153983,9,0,0.027,4131761
1789153983,9,0,0.012,4131761
1789153984,9,0,0.005,4131761
1789153984,9,0,0.003,4131761
1789153984,9,0,0.017,4131761
1789153984,8,0,0.036,4131761
1789153984,9,0,0.006,4131761
1789153985,9,0,0.003,4131761
1789153985,9,0,0.008,4131761
1789153985,9,0,0.005,4131761
1789153985,9,0,0.012,4131761
1789153985,9,0,0.008,4131761
1789153985,9,0,0.021,4131761
1789153985,9,0,0.014,4131761
1789153985,9,0,0.012,4131761
1789153986,9,0,0.013,4131761
1789153986,9,0,0.039,4131761
1789153986,8,0,0.05,4131761
1789153986,9,0,0.02,4131761
1789153986,9,0,0.004,4131761
1789153986,9,0,0.014,4131761
1789153986,9,0,0.01,4131761
1789153987,9,0,0.007,4131761
1789153987,9,0,0.012,4131761
1789153987,9,0,0.005,4131761
1789153988,9,0,0.008,4131761
1789153988,9,0,0.005,4131761
1789153988,8,0,0.046,4131761
1789153988,9,0,0.003,4131761
1789153988,9,0,0.006,4131761
1789153989,9,0,0.034,4131761
1789153989,9,0,0.034,4131761
1789153989,9,0,0.003,4131761
1789153990,9,0,0.006,4131761
1789153990,9,0,0.006,4131761
1789153991,9,0,0.018,4131761
1789153991,9,0,0.023,4131761
1789153992,9,0,0.016,4131761
1789153992,8,0,0.054,4131761
1789153992,9,0,0.013,4131761
1789153992,9,0,0.004,4131761
1789153992,9,0,0.01,4131761
1789153992,9,0,0.004,4131761
1789153992,9,0,0.006,4131761
1789153992,9,0,0.008,4131761
1789153992,9,0,0.003,4131761
1789153992,9,0,0.009,4131761
1789153992,9,0,0.003,4131761
1789153992,9,0,0.006,4131761
1789153992,8,0,0.031,4131761
1789153993,9,0,0.017,4131761
1789153993,9,0,0.007,4131761
1789153993,9,0,0.003,4131761
1789153993,9,0,0.004,4131761
1789153993,9,0,0.01,4131761
1789153993,9,0,0.006,4131761
1789153993,9,0,0.003,4131761
1789153994,9,0,0.014,4131761
1789153994,9,0,0.009,4131761
1789153994,9,0,0.01,4131761
1789153994,8,0,0.029,4131761
1789153994,9,0,0.017,4131761
1789153994,9,0,0.01,4131761
1789153995,9,0,0.005,4131761
1789153995,9,0,0.005,4131761
1789153997,9,0,0.003,4131761
1789153997,9,0,0.003,4131761
1789153998,9,0,0.003,4131761
1789153999,9,0,0.005,4131761
1789153999,9,0,0.048,4131761
1789153999,9,0,0.02,4131761
1789154000,8,0,0.037,4131761
1789154000,9,0,0.006,4131761
1789154000,9,0,0.003,4131761
1789154000,9,0,0.003,4131761
1789154000,9,0,0.007,4131761
1789154000,9,0,0.003,4131761
1789154000,9,0,0.005,4131761
1789154000,9,0,0.004,4131761
1789154000,9,0,0.004,4131761
1789154000,9,0,0.007,4131761
1789154001,9,0,0.006,4131761
1789154001,8,0,0.044,4131761
1789154001,9,0,0.031,4131761
1789154001,9,0,0.007,4131761
1789154001,9,0,0.024,4131761
1789154001,9,0,0.003,4131761
1789154001,9,0,0.01,4131761
1789154001,9,0,0.013,4131761
1789154001,9,0,0.007,4131761
1789154001,9,0,0.012,4131761
1789154002,9,0,0.003,4131761
1789154002,9,0,0.01,4131761
1789154002,9,0,0.014,4131761
1789154002,8,0,0.045,4131761
1789154002,9,0,0.012,4131761
1789154002,9,0,0.014,4131761
1789154002,9,0,0.004,4131761
1789154002,9,0,0.024,4131761
1789154003,9,0,0.004,4131761
1789154003,9,0,0.007,4131761
1789154004,9,0,0.007,4131761
1789154004,9,0,0.013,4131761
1789154004,9,0,0.005,4131761
1789154004,8,0,0.038,4131761
1789154004,9,0,0.007,4131761
1789154004,9,0,0.006,4131761
1789154005,9,0,0.013,4131761
1789154005,9,0,0.01,4131761
1789154005,9,0,0.005,4131761
1789154005,9,0,0.003,4131761
1789154005,9,0,0.003,4131761
1789154005,9,0,0.004,4131761
1789154005,9,0,0.003,4131761
1789154006,8,0,0.033,4131761
1789154006,9,0,0.039,4131761
1789154006,9,0,0.019,4131761
1789154006,9,0,0.028,4131761
1789154006,9,0,0.011,4131761
1789154006,9,0,0.013,4131761
1789154006,9,0,0.019,4131761
1789154006,9,0,0.006,4131761
1789154006,9,0,0.003,4131761
1789154006,9,0,0.003,4131761
1789154007,9,0,0.003,4131761
1789154007,9,0,0.003,4131761
1789154007,8,0,0.03,4131761
1789154007,9,0,0.003,4131761
1789154007,9,0,0.003,4131761
1789154007,9,0,0.005,4131761
1789154007,9,0,0.004,4131761
1789154007,9,0,0.054,4131761
1789154007,9,0,0.004,4131761
1789154007,9,0,0.004,4131761
1789154007,9,0,0.022,4131761
1789154007,9,0,0.067,4131761
1789154008,9,0,0.028,4131761
1789154008,8,0,0.037,4131761
1789154008,9,0,0.004,4131761
1789154008,9,0,0.003,4131761
1789154008,9,0,0.004,4131761
1789154008,9,0,0.003,4131761
1789154008,9,0,0.051,4131761
1789154008,9,0,0.023,4131761
1789154008,9,0,0.006,4131761
1789154008,9,0,0.006,4131761
1789154008,9,0,0.003,4131761
1789154009,9,0,0.005,4131761
1789154009,8,0,0.038,4131761
1789154009,9,0,0.023,4131761
1789154009,9,0,0.004,4131761
1789154010,9,0,0.005,4131761
1789154011,9,0,0.006,4131761
1789154011,9,0,0.006,4131761
1789154011,9,0,0.003,4131761
1789154012,9,0,0.007,4131761
1789154012,9,0,0.007,4131761
1789154012,9,0,0.003,4131761
1789154013,9,0,0.009,4131761
1789154014,8,0,0.038,4131761
1789154014,9,0,0.008,4131761
1789154014,9,0,0.004,4131761
1789154014,9,0,0.005,4131761
1789154014,9,0,0.006,4131761
1789154014,9,0,0.003,4131761
1789154014,9,0,0.004,4131761
1789154014,9,0,0.005,4131761
1789154015,9,0,0.008,4131761
1789154015,9,0,0.01,4131761
1789154015,9,0,0.004,4131761
1789154015,8,0,0.054,4131761
1789154015,9,0,0.004,4131761
1789154016,9,0,0.024,4131761
1789154016,9,0,0.003,4131761
1789154016,9,0,0.005,4131761
1789154016,9,0,0.003,4131761
1789154017,9,0,0.009,4131761
1789154018,9,0,0.003,4131761
1789154018,9,0,0.008,4131761
1789154018,9,0,0.049,4131761
1789154019,9,0,0.012,4131761
1789154019,9,0,0.007,4131761
1789154019,8,0,0.043,4131761
1789154019,9,0,0.006,4131761
1789154019,9,0,0.006,4131761
1789154019,9,0,0.003,4131761
1789154019,9,0,0.056,4131761
1789154020,9,0,0.005,4131761
1789154020,9,0,0.004,4131761
1789154020,9,0,0.003,4131761
1789154020,9,0,0.012,4131761
1789154020,9,0,0.003,4131761
1789154020,9,0,0.005,4131761
1789154020,8,0,0.033,4131761
1789154020,9,0,0.005,4131761
1789154020,9,0,0.006,4131761
1789154021,9,0,0.003,4131761
1789154021,9,0,0.009,4131761
1789154021,9,0,0.004,4131761
1789154021,9,0,0.008,4131761
1789154021,9,0,0.031,4131761
1789154021,9,0,0.006,4131761
1789154021,9,0,0.017,4131761
1789154021,8,0,0.054,4131761
1789154021,9,0,0.004,4131761
1789154021,9,0,0.003,4131761
1789154021,9,0,0.01,4131761
1789154021,9,0,0.003,4131761
1789154021,9,0,0.006,4131761
1789154022,9,0,0.003,4131761
1789154023,9,0,0.003,4131761
1789154023,9,0,0.005,4131761
1789154023,9,0,0.008,4131761
1789154023,9,0,0.004,4131761
1789154023,8,0,0.031,4131761
1789154023,9,0,0.004,4131761
1789154023,9,0,0.003,4131761
1789154024,9,0,0.008,4131761
1789154024,9,0,0.014,4131761
1789154024,9,0,0.007,4131761
1789154024,9,0,0.03,4131761
1789154024,9,0,0.007,4131761
1789154025,9,0,0.014,4131761
1789154025,9,0,0.004,4131761
1789154025,9,0,0.016,4131761
1789154025,8,0,0.051,4131761
1789154025,9,0,0.02,4131761
1789154025,9,0,0.006,4131761
1789154026,9,0,0.023,4131761
1789154026,9,0,0.003,4131761
1789154026,9,0,0.009,4131761
1789154027,9,0,0.003,4131761
1789154027,9,0,0.01,4131761
1789154027,9,0,0.004,4131761
1789154029,9,0,0.047,4131761
1789154030,9,0,0.009,4131761
1789154030,8,0,0.032,4131761
1789154030,9,0,0.014,4131761
1789154030,9,0,0.02,4131761
1789154030,9,0,0.004,4131761
1789154031,9,0,0.018,4131761
1789154032,9,0,0.01,4131761
1789154032,9,0,0.016,4131761
1789154032,9,0,0.007,4131761
1789154033,9,0,0.004,4131761
1789154034,9,0,0.013,4131761
1789154034,9,0,0.013,4131761
1789154034,8,0,0.051,4131761
1789154034,9,0,0.008,4131761
1789154034,9,0,0.019,4131761
1789154034,9,0,0.009,4131761
1789154034,9,0,0.009,4131761
1789154035,9,0,0.004,4131761
1789154035,9,0,0.007,4131761
1789154035,9,0,0.009,4131761
1789154035,9,0,0.005,4131761
1789154035,9,0,0.013,4131761
1789154035,9,0,0.014,4131761
1789154035,8,0,0.031,4131761
1789154035,9,0,0.003,4131761
1789154035,9,0,0.004,4131761
1789154035,9,0,0.003,4131761
1789154036,9,0,0.016,4131761
1789154036,9,0,0.007,4131761
1789154036,9,0,0.029,4131761
1789154036,9,0,0.02,4131761
1789154037,9,0,0.007,4131761
1789154037,9,0,0.003,4131761
1789154037,9,0,0.013,4131761
1789154037,8,0,0.07,4131761
1789154038,9,0,0.045,4131761
1789154038,9,0,0.028,4131761
1789154038,9,0,0.008,4131761
1789154038,9,0,0.005,4131761
1789154038,9,0,0.007,4131761
1789154039,9,0,0.006,4131761
1789154039,9,0,0.005,4131761
1789154039,9,0,0.004,4131761
1789154039,9,0,0.003,4131761
1789154039,9,0,0.006,4131761
1789154039,8,0,0.074,4131761
1789154039,9,0,0.012,4131761
1789154039,9,0,0.008,4131761
1789154039,9,0,0.003,4131761
1789154040,9,0,0.006,4131761
1789154040,9,0,0.02,4131761
1789154040,9,0,0.008,4131761
1789154040,9,0,0.01,4131761
1789154040,9,0,0.004,4131761
1789154040,9,0,0.018,4131761
1789154040,9,0,0.009,4131761
1789154040,8,0,0.03,4131761
1789154040,9,0,0.008,4131761
1789154041,9,0,0.011,4131761
1789154041,9,0,0.004,4131761
1789154041,9,0,0.014,4131761
1789154041,9,0,0.011,4131761
1789154041,9,0,0.003,4131761
1789154042,9,0,0.003,4131761
1789154042,9,0,0.012,4131761
1789154042,9,0,0.004,4131761
1789154042,9,0,0.004,4131761
1789154042,8,0,0.032,4131761
1789154042,9,0,0.004,4131761
1789154042,9,0,0.011,4131761
1789154042,9,0,0.005,4131761
1789154043,9,0,0.009,4131761
1789154044,9,0,0.011,4131761
1789154044,9,0,0.003,4131761
1789154044,9,0,0.007,4131761
1789154044,9,0,0.01,4131761
1789154045,9,0,0.009,4131761
1789154045,9,0,0.004,4131761
1789154045,8,0,0.038,4131761
1789154045,9,0,0.004,4131761
1789154046,9,0,0.008,4131761
1789154046,9,0,0.01,4131761
1789154046,9,0,0.01,4131761
1789154046,9,0,0.01,4131761
1789154046,9,0,0.005,4131761
1789154047,9,0,0.009,4131761
1789154047,9,0,0.004,4131761
1789154047,9,0,0.003,4131761
1789154047,9,0,0.004,4131761
1789154047,8,0,0.041,4131761
1789154047,9,0,0.009,4131761
1789154047,9,0,0.018,4131761
1789154047,9,0,0.006,4131761
1789154048,9,0,0.008,4131761
1789154048,9,0,0.022,4131761
1789154048,9,0,0.005,4131761
1789154048,9,0,0.003,4131761
1789154048,9,0,0.011,4131761
1789154048,9,0,0.014,4131761
1789154049,9,0,0.007,4131761
1789154049,9,0,0.003,4131761
1789154049,8,0,0.037,4131761
1789154049,9,0,0.004,4131761
1789154049,9,0,0.004,4131761
1789154049,9,0,0.013,4131761
1789154049,9,0,0.035,4131761
1789154049,9,0,0.01,4131761
1789154049,9,0,0.003,4131761
1789154050,9,0,0.005,4131761
1789154051,9,0,0.009,4131761
1789154051,9,0,0.005,4131761
1789154051,8,0,0.032,4131761
1789154051,9,0,0.021,4131761
1789154051,9,0,0.05,4131761
1789154052,9,0,0.005,4131761
1789154052,9,0,0.01,4131761
1789154052,9,0,0.01,4131761
1789154053,9,0,0.009,4131761
1789154054,9,0,0.003,4131761
1789154054,9,0,0.029,4131761
1789154055,9,0,0.005,4131761
1789154055,9,0,0.011,4131761
1789154055,8,0,0.065,4131761
1789154055,9,0,0.005,4131761
1789154055,9,0,0.014,4131761
1789154055,9,0,0.01,4131761
1789154055,9,0,0.006,4131761
1789154055,9,0,0.015,4131761
1789154055,9,0,0.024,4131761
1789154056,9,0,0.005,4131761
1789154056,9,0,0.005,4131761
1789154056,9,0,0.006,4131761
1789154056,9,0,0.007,4131761
1789154056,9,0,0.007,4131761
1789154056,8,0,0.04,4131761
1789154057,9,0,0.03,4131761
1789154057,9,0,0.004,4131761
1789154057,9,0,0.019,4131761
1789154057,9,0,0.022,4131761
1789154057,9,0,0.004,4131761
1789154058,9,0,0.007,4131761
1789154058,9,0,0.008,4131761
1789154058,9,0,0.006,4131761
1789154058,9,0,0.009,4131761
1789154058,8,0,0.03,4131761
1789154058,9,0,0.006,4131761
1789154059,9,0,0.008,4131761
1789154060,9,0,0.03,4131761
1789154060,9,0,0.023,4131761
1789154060,9,0,0.01,4131761
1789154060,9,0,0.017,4131761
1789154060,9,0,0.003,4131761
1789154060,9,0,0.011,4131761
1789154060,9,0,0.022,4131761
1789154060,9,0,0.003,4131761
1789154060,8,0,0.025,4131761
1789154060,9,0,0.018,4131761
1789154061,9,0,0.01,4131761
1789154061,9,0,0.003,4131761
1789154061,9,0,0.003,4131761
1789154061,9,0,0.016,4131761
1789154061,9,0,0.011,4131761
1789154062,9,0,0.005,4131761
1789154062,9,0,0.003,4131761
1789154062,9,0,0.007,4131761
1789154063,9,0,0.02,4131761
1789154063,8,0,0.05,4131761
1789154063,9,0,0.009,4131761
1789154063,9,0,0.009,4131761
1789154063,9,0,0.017,4131761
1789154063,9,0,0.003,4131761
1789154063,9,0,0.003,4131761
1789154063,9,0,0.008,4131761
1789154063,9,0,0.003,4131761
1789154063,9,0,0.008,4131761
1789154063,9,0,0.007,4131761
1789154063,9,0,0.014,4131761
1789154063,8,0,0.034,4131761
1789154063,9,0,0.01,4131761
1789154064,9,0,0.028,4131761
1789154064,9,0,0.012,4131761
1789154064,9,0,0.003,4131761
1789154064,9,0,0.003,4131761
1789154064,9,0,0.008,4131761
1789154064,9,0,0.006,4131761
1789154064,9,0,0.01,4131761
1789154064,9,0,0.008,4131761
1789154064,9,0,0.008,4131761
1789154064,9,0,0.004,4131761
1789154064,8,0,0.036,4131761
1789154064,9,0,0.017,4131761
1789154064,9,0,0.006,4131761
1789154064,9,0,0.016,4131761
1789154064,9,0,0.019,4131761
1789154065,9,0,0.007,4131761
1789154065,9,0,0.005,4131761
1789154065,9,0,0.01,4131761
1789154065,9,0,0.003,4131761
1789154065,9,0,0.007,4131761
1789154065,9,0,0.014,4131761
1789154065,8,0,0.047,4131761
1789154065,9,0,0.007,4131761
1789154065,9,0,0.016,4131761
1789154065,9,0,0.003,4131761
1789154065,9,0,0.009,4131761
1789154065,9,0,0.003,4131761
1789154065,9,0,0.004,4131761
1789154066,9,0,0.016,4131761
1789154066,9,0,0.003,4131761
1789154066,9,0,0.004,4131761
1789154066,8,0,0.029,4131761
1789154067,9,0,0.009,4131761
1789154067,9,0,0.017,4131761
1789154067,9,0,0.021,4131761
1789154068,9,0,0.003,4131761
1789154068,9,0,0.007,4131761
1789154068,9,0,0.033,4131761
1789154069,9,0,0.019,4131761
1789154069,9,0,0.006,4131761
1789154069,9,0,0.007,4131761
1789154069,9,0,0.015,4131761
1789154069,8,0,0.032,4131761
1789154069,9,0,0.004,4131761
1789154070,9,0,0.003,4131761
1789154071,9,0,0.007,4131761
1789154071,9,0,0.017,4131761
1789154072,9,0,0.012,4131761
1789154072,9,0,0.005,4131761
1789154073,9,0,0.011,4131761
1789154073,9,0,0.004,4131761
1789154073,9,0,0.003,4131761
1789154073,9,0,0.022,4131761
1789154073,8,0,0.069,4131761
1789154073,9,0,0.024,4131761
1789154073,9,0,0.006,4131761
1789154074,9,0,0.004,4131761
1789154074,9,0,0.013,4131761
1789154074,9,0,0.005,4131761
1789154074,9,0,0.004,4131761
1789154075,9,0,0.007,4131761
1789154075,9,0,0.027,4131761
1789154075,9,0,0.028,4131761
1789154076,9,0,0.02,4131761
1789154076,8,0,0.034,4131761
1789154076,9,0,0.006,4131761
1789154076,9,0,0.051,4131761
1789154076,9,0,0.028,4131761
1789154077,9,0,0.003,4131761
1789154077,9,0,0.016,4131761
1789154077,9,0,0.012,4131761
1789154077,9,0,0.005,4131761
1789154078,9,0,0.011,4131761
1789154078,9,0,0.005,4131761
1789154078,9,0,0.019,4131761
1789154078,8,0,0.069,4131761
1789154079,9,0,0.017,4131761
1789154079,9,0,0.048,4131761
1789154079,9,0,0.004,4131761
1789154079,9,0,0.004,4131761
1789154080,9,0,0.008,4131761
1789154080,9,0,0.004,4131761
1789154080,9,0,0.003,4131761
1789154081,9,0,0.019,4131761
1789154082,9,0,0.003,4131761
1789154082,9,0,0.008,4131761
1789154082,9,0,0.003,4131761
1789154082,8,0,0.042,4131761
1789154082,9,0,0.006,4131761
1789154083,9,0,0.004,4131761
1789154083,9,0,0.011,4131761
1789154083,9,0,0.003,4131761
1789154083,9,0,0.017,4131761
1789154084,9,0,0.013,4131761
1789154084,9,0,0.013,4131761
1789154084,9,0,0.006,4131761
1789154084,9,0,0.004,4131761
1789154084,8,0,0.03,4131761
1789154085,9,0,0.004,4131761
1789154085,9,0,0.031,4131761
1789154085,9,0,0.014,4131761
1789154085,9,0,0.003,4131761
1789154085,9,0,0.01,4131761
1789154085,9,0,0.02,4131761
1789154085,9,0,0.007,4131761
1789154086,9,0,0.014,4131761
1789154086,9,0,0.009,4131761
1789154086,9,0,0.007,4131761
1789154086,8,0,0.048,4131761
1789154086,9,0,0.015,4131761
1789154086,9,0,0.005,4131761
1789154086,9,0,0.014,4131761
1789154086,9,0,0.004,4131761
1789154086,9,0,0.004,4131761
1789154086,9,0,0.005,4131761
1789154087,9,0,0.004,4131761
1789154087,9,0,0.029,4131761
1789154087,9,0,0.005,4131761
1789154087,9,0,0.013,4131761
1789154087,9,0,0.009,4131761
1789154087,8,0,0.032,4131761
1789154087,9,0,0.004,4131761
1789154087,9,0,0.018,4131761
1789154088,9,0,0.012,4131761
1789154088,9,0,0.018,4131761
1789154088,9,0,0.007,4131761
1789154088,9,0,0.004,4131761
1789154088,9,0,0.011,4131761
1789154088,9,0,0.013,4131761
1789154089,9,0,0.004,4131761
1789154089,8,0,0.035,4131761
1789154089,9,0,0.003,4131761
1789154089,9,0,0.006,4131761
1789154089,9,0,0.004,4131761
1789154090,9,0,0.005,4131761
1789154090,9,0,0.004,4131761
1789154090,9,0,0.004,4131761
1789154090,9,0,0.003,4131761
1789154091,9,0,0.028,4131761
1789154091,9,0,0.008,4131761
1789154091,9,0,0.011,4131761
1789154091,8,0,0.06,4131761
1789154091,9,0,0.013,4131761
1789154091,9,0,0.097,4131761
1789154091,9,0,0.017,4131761
1789154091,9,0,0.004,4131761
1789154092,9,0,0.007,4131761
1789154092,9,0,0.018,4131761
1789154092,9,0,0.014,4131761
1789154092,9,0,0.004,4131761
1789154093,9,0,0.021,4131761
1789154093,9,0,0.003,4131761
1789154093,8,0,0.035,4131761
1789154093,9,0,0.006,4131761
1789154093,9,0,0.004,4131761
1789154093,9,0,0.005,4131761
1789154093,9,0,0.005,4131761
1789154094,9,0,0.009,4131761
1789154094,9,0,0.005,4131761
1789154094,9,0,0.004,4131761
1789154094,9,0,0.016,4131761
1789154094,9,0,0.03,4131761
1789154095,9,0,0.003,4131761
1789154095,8,0,0.034,4131761
1789154096,9,0,0.015,4131761
1789154096,9,0,0.003,4131761
1789154096,9,0,0.012,4131761
1789154096,9,0,0.023,4131761
1789154096,9,0,0.011,4131761
1789154096,9,0,0.022,4131761
1789154096,9,0,0.003,4131761
1789154097,9,0,0.013,4131761
1789154097,9,0,0.008,4131761
1789154097,9,0,0.006,4131761
1789154097,8,0,0.039,4131761
1789154097,9,0,0.003,4131761
1789154097,9,0,0.009,4131761
1789154097,9,0,0.003,4131761
1789154098,9,0,0.003,4131761
1789154098,9,0,0.003,4131761
1789154098,9,0,0.003,4131761
1789154098,9,0,0.003,4131761
1789154098,9,0,0.003,4131761
1789154099,9,0,0.007,4131761
1789154099,9,0,0.004,4131761
1789154099,9,0,0.01,4131761
1789154099,8,0,0.042,4131761
1789154099,9,0,0.003,4131761
1789154099,9,0,0.003,4131761
1789154099,9,0,0.008,4131761
1789154100,9,0,0.013,4131761
1789154100,9,0,0.016,4131761
1789154101,9,0,0.003,4131761
1789154101,9,0,0.004,4131761
1789154101,9,0,0.007,4131761
1789154102,9,0,0.014,4131761
1789154102,8,0,0.038,4131761
1789154102,9,0,0.009,4131761
1789154102,9,0,0.003,4131761
1789154102,9,0,0.016,4131761
1789154102,9,0,0.004,4131761
1789154102,9,0,0.013,4131761
1789154102,9,0,0.02,4131761
1789154102,9,0,0.008,4131761
1789154103,9,0,0.003,4131761
1789154103,9,0,0.015,4131761
1789154103,9,0,0.011,4131761
1789154104,8,0,0.033,4131761
1789154104,9,0,0.011,4131761
1789154104,9,0,0.007,4131761
1789154104,9,0,0.007,4131761
1789154104,9,0,0.008,4131761
1789154104,9,0,0.01,4131761
1789154104,9,0,0.012,4131761
1789154104,9,0,0.004,4131761
1789154104,9,0,0.024,4131761
1789154104,9,0,0.008,4131761
1789154105,9,0,0.009,4131761
1789154105,8,0,0.034,4131761
1789154105,9,0,0.011,4131761
1789154105,9,0,0.003,4131761
1789154105,9,0,0.003,4131761
1789154105,9,0,0.003,4131761
1789154105,9,0,0.007,4131761
1789154105,9,0,0.014,4131761
1789154105,9,0,0.016,4131761
1789154105,9,0,0.003,4131761
1789154106,9,0,0.003,4131761
1789154106,9,0,0.015,4131761
1789154106,9,0,0.017,4131761
1789154106,8,0,0.054,4131761
1789154106,9,0,0.006,4131761
1789154106,9,0,0.003,4131761
1789154106,9,0,0.003,4131761
1789154106,9,0,0.015,4131761
1789154106,9,0,0.003,4131761
1789154106,9,0,0.004,4131761
1789154106,9,0,0.003,4131761
1789154106,9,0,0.006,4131761
1789154106,9,0,0.01,4131761
1789154106,8,0,0.031,4131761
1789154107,9,0,0.004,4131761
1789154107,9,0,0.012,4131761
1789154107,9,0,0.007,4131761
1789154107,9,0,0.032,4131761
1789154107,9,0,0.004,4131761
1789154109,9,0,0.01,4131761
1789154109,9,0,0.004,4131761
1789154109,9,0,0.029,4131761
1789154110,9,0,0.003,4131761
1789154110,9,0,0.006,4131761
1789154110,8,0,0.046,4131761
1789154110,9,0,0.005,4131761
1789154110,9,0,0.003,4131761
1789154110,9,0,0.015,4131761
1789154110,9,0,0.042,4131761
1789154110,9,0,0.003,4131761
1789154110,9,0,0.007,4131761
1789154110,9,0,0.006,4131761
1789154110,9,0,0.023,4131761
1789154111,9,0,0.013,4131761
1789154111,9,0,0.003,4131761
1789154111,8,0,0.034,4131761
1789154111,9,0,0.012,4131761
1789154111,9,0,0.028,4131761
1789154111,9,0,0.003,4131761
1789154111,9,0,0.01,4131761
1789154111,9,0,0.005,4131761
1789154111,9,0,0.019,4131761
1789154112,9,0,0.004,4131761
1789154112,9,0,0.003,4131761
1789154112,9,0,0.003,4131761
1789154112,9,0,0.004,4131761
1789154112,8,0,0.04,4131761
1789154112,9,0,0.004,4131761
1789154113,9,0,0.004,4131761
1789154114,9,0,0.015,4131761
1789154114,9,0,0.008,4131761
1789154115,9,0,0.008,4131761
1789154115,9,0,0.003,4131761
1789154115,9,0,0.003,4131761
1789154116,9,0,0.004,4131761
1789154116,9,0,0.005,4131761
1789154116,9,0,0.006,4131761
1789154116,8,0,0.045,4131761
1789154116,9,0,0.018,4131761
1789154117,9,0,0.055,4131761
1789154117,9,0,0.022,4131761
1789154117,9,0,0.004,4131761
1789154117,9,0,0.008,4131761
1789154117,9,0,0.004,4131761
1789154117,9,0,0.007,4131761
1789154117,9,0,0.004,4131761
1789154118,9,0,0.003,4131761
1789154118,9,0,0.023,4131761
1789154118,8,0,0.068,4131761
1789154118,9,0,0.008,4131761
1789154118,9,0,0.019,4131761
1789154118,9,0,0.007,4131761
1789154118,9,0,0.006,4131761
1789154119,9,0,0.026,4131761
1789154119,9,0,0.011,4131761
1789154119,9,0,0.013,4131761
1789154120,9,0,0.005,4131761
1789154120,9,0,0.007,4131761
1789154120,9,0,0.004,4131761
1789154120,8,0,0.038,4131761
1789154120,9,0,0.009,4131761
1789154120,9,0,0.008,4131761
1789154120,9,0,0.003,4131761
1789154120,9,0,0.003,4131761
1789154120,9,0,0.003,4131761
1789154120,9,0,0.004,4131761
1789154121,9,0,0.009,4131761
1789154121,9,0,0.005,4131761
1789154121,9,0,0.013,4131761
1789154121,9,0,0.005,4131761
1789154121,8,0,0.04,4131761
1789154122,9,0,0.004,4131761
1789154122,9,0,0.007,4131761
1789154122,9,0,0.022,4131761
1789154122,9,0,0.005,4131761
1789154123,9,0,0.004,4131761
1789154123,9,0,0.005,4131761
1789154123,9,0,0.007,4131761
1789154123,9,0,0.005,4131761
1789154124,9,0,0.006,4131761
1789154124,9,0,0.004,4131761
1789154124,8,0,0.031,4131761
1789154124,9,0,0.019,4131761
1789154124,9,0,0.003,4131761
1789154125,9,0,0.018,4131761
1789154125,9,0,0.003,4131761
1789154125,9,0,0.009,4131761
1789154125,9,0,0.007,4131761
1789154125,9,0,0.006,4131761
1789154125,9,0,0.004,4131761
1789154126,9,0,0.003,4131761
1789154126,9,0,0.003,4131761
1789154126,8,0,0.035,4131761
1789154126,9,0,0.009,4131761
1789154126,9,0,0.004,4131761
1789154126,9,0,0.008,4131761
1789154126,9,0,0.003,4131761
1789154127,9,0,0.003,4131761
1789154127,9,0,0.003,4131761
1789154127,9,0,0.004,4131761
1789154127,9,0,0.009,4131761
1789154127,9,0,0.016,4131761
1789154128,9,0,0.011,4131761
1789154128,8,0,0.033,4131761
1789154128,9,0,0.011,4131761
1789154128,9,0,0.01,4131761
1789154128,9,0,0.003,4131761
1789154128,9,0,0.009,4131761
1789154129,9,0,0.034,4131761
1789154129,9,0,0.007,4131761
1789154129,9,0,0.019,4131761
1789154129,9,0,0.003,4131761
1789154129,9,0,0.012,4131761
1789154129,9,0,0.004,4131761
1789154129,8,0,0.03,4131761
1789154130,9,0,0.003,4131761
1789154130,9,0,0.011,4131761
1789154130,9,0,0.004,4131761
1789154130,9,0,0.009,4131761
1789154130,9,0,0.003,4131761
1789154130,9,0,0.018,4131761
1789154131,9,0,0.019,4131761
1789154131,9,0,0.019,4131761
1789154131,9,0,0.003,4131761
1789154131,9,0,0.014,4131761
1789154131,8,0,0.034,4131761
1789154131,9,0,0.009,4131761
1789154131,9,0,0.013,4131761
1789154131,9,0,0.009,4131761
1789154131,9,0,0.05,4131761
1789154131,9,0,0.004,4131761
1789154131,9,0,0.007,4131761
1789154132,9,0,0.006,4131761
1789154132,9,0,0.008,4131761
1789154133,9,0,0.004,4131761
1789154133,9,0,0.004,4131761
1789154133,8,0,0.04,4131761
1789154134,9,0,0.004,4131761
1789154134,9,0,0.01,4131761
1789154134,9,0,0.007,4131761
1789154134,9,0,0.003,4131761
1789154135,9,0,0.008,4131761
1789154135,9,0,0.012,4131761
1789154136,9,0,0.003,4131761
1789154136,9,0,0.043,4131761
1789154136,9,0,0.011,4131761
1789154136,9,0,0.003,4131761
1789154136,8,0,0.039,4131761
1789154136,9,0,0.004,4131761
1789154136,9,0,0.011,4131761
1789154137,9,0,0.015,4131761
1789154137,9,0,0.003,4131761
1789154138,9,0,0.003,4131761
1789154138,9,0,0.005,4131761
1789154138,9,0,0.006,4131761
1789154139,9,0,0.009,4131761
1789154139,9,0,0.006,4131761
1789154139,9,0,0.006,4131761
1789154139,8,0,0.036,4131761
1789154139,9,0,0.013,4131761
1789154139,9,0,0.004,4131761
1789154139,9,0,0.012,4131761
1789154140,9,0,0.035,4131761
1789154140,9,0,0.008,4131761
1789154140,9,0,0.01,4131761
1789154140,9,0,0.013,4131761
1789154141,9,0,0.007,4131761
1789154141,9,0,0.003,4131761
1789154141,9,0,0.004,4131761
1789154141,8,0,0.036,4131761
1789154141,9,0,0.003,4131761
1789154141,9,0,0.005,4131761
1789154141,9,0,0.008,4131761
1789154141,9,0,0.003,4131761
1789154141,9,0,0.018,4131761
1789154141,9,0,0.02,4131761
1789154142,9,0,0.004,4131761
1789154142,9,0,0.019,4131761
1789154142,9,0,0.003,4131761
1789154142,9,0,0.003,4131761
1789154142,8,0,0.038,4131761
1789154142,9,0,0.005,4131761
1789154142,9,0,0.029,4131761
1789154142,9,0,0.005,4131761
1789154142,9,0,0.008,4131761
1789154143,9,0,0.027,4131761
1789154143,9,0,0.015,4131761
1789154143,9,0,0.003,4131761
1789154143,9,0,0.006,4131761
1789154143,9,0,0.003,4131761
1789154143,9,0,0.004,4131761
1789154143,8,0,0.032,4131761
1789154143,9,0,0.029,4131761
1789154143,9,0,0.005,4131761
1789154143,9,0,0.009,4131761
1789154144,9,0,0.009,4131761
1789154144,9,0,0.011,4131761
1789154144,9,0,0.005,4131761
1789154144,9,0,0.009,4131761
1789154144,9,0,0.006,4131761
1789154144,9,0,0.011,4131761
1789154144,9,0,0.007,4131761
1789154144,8,0,0.032,4131761
1789154144,9,0,0.004,4131761
1789154144,9,0,0.004,4131761
1789154145,9,0,0.01,4131761
1789154145,9,0,0.009,4131761
1789154145,9,0,0.004,4131761
1789154146,9,0,0.009,4131761
1789154146,9,0,0.003,4131761
1789154147,9,0,0.005,4131761
1789154147,9,0,0.006,4131761
1789154147,9,0,0.007,4131761
1789154147,8,0,0.066,4131761
1789154147,9,0,0.003,4131761
1789154147,9,0,0.008,4131761
1789154147,9,0,0.015,4131761
1789154148,9,0,0.01,4131761
1789154148,9,0,0.003,4131761
1789154148,9,0,0.013,4131761
1789154148,9,0,0.003,4131761
1789154148,9,0,0.042,4131761
1789154148,9,0,0.006,4131761
1789154148,9,0,0.01,4131761
1789154148,8,0,0.032,4131761
1789154149,9,0,0.034,4131761
1789154149,9,0,0.004,4131761
1789154149,9,0,0.021,4131761
1789154149,9,0,0.008,4131761
1789154149,9,0,0.011,4131761
1789154150,9,0,0.01,4131761
1789154150,9,0,0.005,4131761
1789154150,9,0,0.042,4131761
1789154151,9,0,0.013,4131761
1789154151,9,0,0.013,4131761
1789154151,9,0,0.004,4131761
1789154151,8,0,0.037,4131761
1789154151,9,0,0.012,4131761
1789154151,9,0,0.02,4131761
1789154151,9,0,0.015,4131761
1789154152,9,0,0.016,4131761
1789154152,9,0,0.006,4131761
1789154152,9,0,0.016,4131761
1789154153,9,0,0.003,4131761
1789154153,9,0,0.003,4131761
1789154153,9,0,0.019,4131761
1789154153,8,0,0.072,4131761
1789154153,9,0,0.013,4131761
1789154153,9,0,0.012,4131761
1789154154,9,0,0.018,4131761
1789154154,9,0,0.031,4131761
1789154154,9,0,0.021,4131761
1789154155,9,0,0.019,4131761
1789154155,9,0,0.01,4131761
1789154155,9,0,0.005,4131761
1789154156,9,0,0.008,4131761
1789154156,9,0,0.017,4131761
1789154156,8,0,0.039,4131761
1789154157,9,0,0.006,4131761
1789154157,9,0,0.007,4131761
1789154158,9,0,0.021,4131761
1789154158,9,0,0.005,4131761
1789154158,9,0,0.004,4131761
1789154159,9,0,0.008,4131761
1789154159,9,0,0.003,4131761
1789154159,9,0,0.011,4131761
1789154159,9,0,0.006,4131761
1789154159,9,0,0.012,4131761
1789154159,8,0,0.059,4131761
1789154159,9,0,0.003,4131761
1789154159,9,0,0.003,4131761
1789154160,9,0,0.01,4131761
1789154160,9,0,0.005,4131761
1789154160,9,0,0.005,4131761
1789154160,9,0,0.003,4131761
1789154160,9,0,0.003,4131761
1789154160,9,0,0.009,4131761
1789154160,9,0,0.014,4131761
1789154161,9,0,0.019,4131761
1789154161,8,0,0.03,4131761
1789154161,9,0,0.01,4131761
1789154161,9,0,0.004,4131761
1789154161,9,0,0.003,4131761
1789154161,9,0,0.003,4131761
1789154162,9,0,0.028,4131761
1789154162,9,0,0.01,4131761
1789154162,9,0,0.008,4131761
1789154162,9,0,0.037,4131761
1789154162,9,0,0.015,4131761
1789154162,9,0,0.005,4131761
1789154162,8,0,0.037,4131761
1789154162,9,0,0.009,4131761
1789154162,9,0,0.005,4131761
1789154163,9,0,0.003,4131761
1789154163,9,0,0.005,4131761
1789154163,9,0,0.003,4131761
1789154164,9,0,0.02,4131761
1789154164,9,0,0.033,4131761
1789154165,9,0,0.011,4131761
1789154165,9,0,0.003,4131761
1789154165,9,0,0.003,4131761
1789154165,8,0,0.029,4131761
1789154165,9,0,0.006,4131761
1789154166,9,0,0.005,4131761
1789154166,9,0,0.006,4131761
1789154167,9,0,0.016,4131761
1789154167,9,0,0.008,4131761
1789154167,9,0,0.006,4131761
1789154167,9,0,0.006,4131761
1789154168,9,0,0.006,4131761
1789154169,9,0,0.005,4131761
1789154169,9,0,0.004,4131761
1789154169,8,0,0.032,4131761
1789154169,9,0,0.003,4131761
1789154169,9,0,0.02,4131761
1789154169,9,0,0.007,4131761
1789154169,9,0,0.009,4131761
1789154170,9,0,0.006,4131761
1789154170,9,0,0.006,4131761
1789154171,9,0,0.022,4131761
1789154171,9,0,0.003,4131761
1789154171,9,0,0.009,4131761
1789154171,9,0,0.005,4131761
1789154171,8,0,0.031,4131761
1789154171,9,0,0.004,4131761
1789154172,9,0,0.006,4131761
1789154173,9,0,0.009,4131761
1789154173,9,0,0.018,4131761
1789154173,9,0,0.007,4131761
1789154173,9,0,0.004,4131761
1789154174,9,0,0.011,4131761
1789154174,9,0,0.012,4131761
1789154174,9,0,0.004,4131761
1789154175,9,0,0.008,4131761
1789154175,8,0,0.04,4131761
1789154175,9,0,0.003,4131761
1789154175,9,0,0.014,4131761
1789154175,9,0,0.01,4131761
1789154175,9,0,0.003,4131761
1789154175,9,0,0.003,4131761
1789154175,9,0,0.003,4131761
1789154175,9,0,0.027,4131761
1789154175,9,0,0.005,4131761
1789154176,9,0,0.007,4131761
1789154176,9,0,0.018,4131761
1789154176,8,0,0.044,4131761
1789154176,9,0,0.01,4131761
1789154176,9,0,0.013,4131761
1789154176,9,0,0.007,4131761
1789154177,9,0,0.027,4131761
1789154178,9,0,0.053,4131761
1789154178,9,0,0.003,4131761
1789154179,9,0,0.008,4131761
1789154179,9,0,0.007,4131761
1789154179,9,0,0.037,4131761
1789154179,9,0,0.006,4131761
1789154179,8,0,0.053,4131761
1789154179,9,0,0.01,4131761
1789154180,9,0,0.003,4131761
1789154180,9,0,0.012,4131761
1789154180,9,0,0.003,4131761
1789154180,9,0,0.01,4131761
1789154180,9,0,0.007,4131761
1789154180,9,0,0.008,4131761
1789154180,9,0,0.004,4131761
1789154180,9,0,0.017,4131761
1789154180,9,0,0.009,4131761
1789154180,9,0,0.003,4131761
1789154180,8,0,0.036,4131761
1789154181,9,0,0.004,4131761
1789154181,9,0,0.012,4131761
1789154181,9,0,0.015,4131761
1789154181,9,0,0.021,4131761
1789154181,9,0,0.004,4131761
1789154181,9,0,0.003,4131761
1789154181,9,0,0.018,4131761
1789154181,9,0,0.003,4131761
1789154181,9,0,0.004,4131761
1789154181,8,0,0.034,4131761
1789154181,9,0,0.004,4131761
1789154182,9,0,0.005,4131761
1789154182,9,0,0.017,4131761
1789154182,9,0,0.016,4131761
1789154182,9,0,0.005,4131761
1789154183,9,0,0.004,4131761
1789154183,9,0,0.017,4131761
1789154183,9,0,0.003,4131761
1789154183,9,0,0.028,4131761
1789154183,9,0,0.01,4131761
1789154183,8,0,0.055,4131761
1789154184,9,0,0.005,4131761
1789154184,9,0,0.011,4131761
1789154184,9,0,0.003,4131761
1789154184,9,0,0.003,4131761
1789154184,9,0,0.006,4131761
1789154184,9,0,0.003,4131761
1789154184,9,0,0.01,4131761
1789154185,9,0,0.009,4131761
1789154185,9,0,0.004,4131761
1789154185,9,0,0.003,4131761
1789154185,8,0,0.043,4131761
1789154185,9,0,0.007,4131761
1789154186,9,0,0.008,4131761
1789154186,9,0,0.012,4131761
1789154186,9,0,0.003,4131761
1789154186,9,0,0.003,4131761
1789154187,9,0,0.003,4131761
1789154187,9,0,0.004,4131761
1789154187,9,0,0.006,4131761
1789154188,9,0,0.003,4131761
1789154188,9,0,0.003,4131761
1789154188,8,0,0.048,4131761
1789154188,9,0,0.013,4131761
1789154188,9,0,0.003,4131761
1789154188,9,0,0.004,4131761
1789154188,9,0,0.003,4131761
1789154188,9,0,0.009,4131761
1789154188,9,0,0.013,4131761
1789154188,9,0,0.004,4131761
1789154188,9,0,0.004,4131761
1789154188,9,0,0.012,4131761
1789154189,9,0,0.005,4131761
1789154189,8,0,0.037,4131761
1789154189,9,0,0.004,4131761
1789154189,9,0,0.009,4131761
1789154189,9,0,0.012,4131761
1789154189,9,0,0.021,4131761
1789154189,9,0,0.008,4131761
1789154189,9,0,0.017,4131761
1789154190,9,0,0.003,4131761
1789154191,9,0,0.007,4131761
1789154191,9,0,0.005,4131761
1789154191,9,0,0.014,4131761
1789154191,9,0,0.003,4131761
1789154191,8,0,0.062,4131761
1789154191,9,0,0.006,4131761
1789154192,9,0,0.004,4131761
1789154192,9,0,0.005,4131761
1789154192,9,0,0.003,4131761
1789154192,9,0,0.017,4131761
1789154192,9,0,0.014,4131761
1789154192,9,0,0.004,4131761
1789154193,9,0,0.015,4131761
1789154193,9,0,0.007,4131761
1789154193,8,0,0.028,4131761
1789154193,9,0,0.004,4131761
1789154193,9,0,0.026,4131761
1789154194,9,0,0.013,4131761
1789154194,9,0,0.009,4131761
1789154194,9,0,0.006,4131761
1789154194,9,0,0.005,4131761
1789154194,9,0,0.004,4131761
1789154195,9,0,0.037,4131761
1789154195,9,0,0.004,4131761
1789154195,9,0,0.012,4131761
1789154195,8,0,0.032,4131761
1789154196,9,0,0.02,4131761
1789154196,9,0,0.034,4131761
1789154197,9,0,0.009,4131761
1789154197,9,0,0.004,4131761
1789154198,9,0,0.025,4131761
1789154198,9,0,0.008,4131761
1789154199,9,0,0.005,4131761
1789154200,9,0,0.027,4131761
1789154201,9,0,0.007,4131761
1789154202,9,0,0.004,4131761
1789154202,9,0,0.019,4131761
1789154202,8,0,0.094,4131761
1789154202,9,0,0.04,4131761
1789154202,9,0,0.009,4131761
1789154202,9,0,0.008,4131761
1789154202,9,0,0.01,4131761
1789154202,9,0,0.009,4131761
1789154202,9,0,0.003,4131761
1789154203,9,0,0.005,4131761
1789154203,9,0,0.01,4131761
1789154203,9,0,0.003,4131761
1789154203,8,0,0.04,4131761
1789154203,9,0,0.004,4131761
1789154203,9,0,0.005,4131761
1789154204,9,0,0.01,4131761
1789154204,9,0,0.012,4131761
1789154204,9,0,0.003,4131761
1789154204,9,0,0.006,4131761
1789154204,9,0,0.019,4131761
1789154205,9,0,0.007,4131761
1789154205,9,0,0.004,4131761
1789154205,9,0,0.004,4131761
1789154205,8,0,0.038,4131761
1789154205,9,0,0.003,4131761
1789154205,9,0,0.009,4131761
1789154205,9,0,0.006,4131761
1789154206,9,0,0.003,4131761
1789154206,9,0,0.003,4131761
1789154206,9,0,0.004,4131761
1789154206,9,0,0.003,4131761
1789154206,9,0,0.009,4131761
1789154206,9,0,0.009,4131761
1789154207,9,0,0.067,4131761
1789154207,8,0,0.089,4131761
1789154207,9,0,0.028,4131761
1789154207,9,0,0.008,4131761
1789154207,9,0,0.019,4131761
1789154207,9,0,0.003,4131761
1789154207,9,0,0.007,4131761
1789154207,9,0,0.008,4131761
1789154207,9,0,0.01,4131761
1789154208,9,0,0.004,4131761
1789154208,9,0,0.003,4131761
1789154208,9,0,0.004,4131761
1789154208,8,0,0.042,4131761
1789154208,9,0,0.011,4131761
1789154208,9,0,0.018,4131761
1789154208,9,0,0.004,4131761
1789154208,9,0,0.021,4131761
1789154208,9,0,0.007,4131761
1789154209,9,0,0.031,4131761
1789154209,9,0,0.004,4131761
1789154209,9,0,0.003,4131761
1789154209,9,0,0.009,4131761
1789154210,9,0,0.003,4131761
1789154210,9,0,0.014,4131761
1789154210,9,0,0.006,4131761
1789154210,8,0,0.042,4131761
1789154210,9,0,0.003,4131761
1789154211,9,0,0.003,4131761
1789154211,9,0,0.003,4131761
1789154211,9,0,0.009,4131761
1789154211,9,0,0.005,4131761
1789154211,9,0,0.006,4131761
1789154211,9,0,0.003,4131761
1789154212,9,0,0.006,4131761
1789154212,8,0,0.053,4131761
1789154212,9,0,0.007,4131761
1789154212,9,0,0.008,4131761
1789154212,9,0,0.006,4131761
1789154212,9,0,0.005,4131761
1789154213,9,0,0.003,4131761
1789154213,9,0,0.009,4131761
1789154213,9,0,0.006,4131761
1789154213,9,0,0.009,4131761
1789154213,9,0,0.004,4131761
1789154214,9,0,0.004,4131761
1789154214,8,0,0.034,4131761
1789154214,9,0,0.004,4131761
1789154214,9,0,0.009,4131761
1789154214,9,0,0.01,4131761
1789154214,9,0,0.007,4131761
1789154214,9,0,0.005,4131761
1789154214,9,0,0.006,4131761
1789154214,9,0,0.005,4131761
1789154214,9,0,0.013,4131761
1789154215,9,0,0.003,4131761
1789154215,9,0,0.004,4131761
1789154215,8,0,0.031,4131761
1789154215,9,0,0.007,4131761
1789154216,9,0,0.003,4131761
1789154216,9,0,0.007,4131761
1789154216,9,0,0.004,4131761
1789154216,9,0,0.014,4131761
1789154216,9,0,0.004,4131761
1789154216,9,0,0.013,4131761
1789154217,9,0,0.011,4131761
1789154217,9,0,0.019,4131761
1789154217,9,0,0.003,4131761
1789154217,9,0,0.003,4131761
1789154217,8,0,0.033,4131761
1789154217,9,0,0.003,4131761
1789154217,9,0,0.012,4131761
1789154217,9,0,0.023,4131761
1789154217,9,0,0.004,4131761
1789154217,9,0,0.003,4131761
1789154217,9,0,0.012,4131761
1789154217,9,0,0.003,4131761
1789154217,9,0,0.009,4131761
1789154218,9,0,0.019,4131761
1789154218,8,0,0.029,4131761
1789154218,9,0,0.008,4131761
1789154218,9,0,0.004,4131761
1789154218,9,0,0.013,4131761
1789154218,9,0,0.014,4131761
1789154219,9,0,0.014,4131761
1789154219,9,0,0.004,4131761
1789154219,9,0,0.004,4131761
1789154220,9,0,0.017,4131761
1789154220,9,0,0.004,4131761
1789154220,9,0,0.003,4131761
1789154220,8,0,0.054,4131761
1789154220,9,0,0.003,4131761
1789154220,9,0,0.006,4131761
1789154221,9,0,0.018,4131761
1789154221,9,0,0.005,4131761
1789154221,9,0,0.01,4131761
1789154221,9,0,0.008,4131761
1789154221,9,0,0.017,4131761
1789154221,9,0,0.011,4131761
1789154221,9,0,0.01,4131761
1789154221,9,0,0.006,4131761
1789154221,8,0,0.039,4131761
1789154222,9,0,0.006,4131761
1789154222,9,0,0.027,4131761
1789154222,9,0,0.045,4131761
1789154223,9,0,0.013,4131761
1789154224,9,0,0.003,4131761
1789154225,9,0,0.016,4131761
1789154225,9,0,0.003,4131761
1789154225,9,0,0.003,4131761
1789154225,9,0,0.009,4131761
1789154226,9,0,0.005,4131761
1789154226,8,0,0.043,4131761
1789154226,9,0,0.003,4131761
1789154226,9,0,0.008,4131761
1789154227,9,0,0.019,4131761
1789154227,9,0,0.02,4131761
1789154228,9,0,0.003,4131761
1789154228,9,0,0.011,4131761
1789154228,9,0,0.011,4131761
1789154228,9,0,0.019,4131761
1789154229,9,0,0.004,4131761
1789154229,9,0,0.004,4131761
1789154229,8,0,0.049,4131761
1789154229,9,0,0.004,4131761
1789154229,9,0,0.029,4131761
1789154230,9,0,0.005,4131761
1789154230,9,0,0.004,4131761
1789154230,9,0,0.006,4131761
1789154230,9,0,0.01,4131761
1789154230,9,0,0.008,4131761
1789154230,9,0,0.036,4131761
1789154231,9,0,0.003,4131761
1789154231,9,0,0.006,4131761
1789154231,8,0,0.041,4131761
1789154231,9,0,0.014,4131761
1789154232,9,0,0.004,4131761
1789154232,9,0,0.006,4131761
1789154232,9,0,0.003,4131761
1789154232,9,0,0.005,4131761
1789154232,9,0,0.003,4131761
1789154233,9,0,0.003,4131761
1789154233,9,0,0.004,4131761
1789154233,9,0,0.003,4131761
1789154233,9,0,0.006,4131761
1789154233,8,0,0.035,4131761
1789154234,9,0,0.011,4131761
1789154234,9,0,0.005,4131761
1789154234,9,0,0.003,4131761
1789154234,9,0,0.003,4131761
1789154234,9,0,0.004,4131761
1789154235,9,0,0.004,4131761
1789154235,9,0,0.003,4131761
1789154235,9,0,0.02,4131761
1789154235,9,0,0.003,4131761
1789154235,9,0,0.007,4131761
1789154235,8,0,0.029,4131761
1789154235,9,0,0.003,4131761
1789154235,9,0,0.003,4131761
1789154235,9,0,0.011,4131761
1789154236,9,0,0.009,4131761
1789154236,9,0,0.016,4131761
1789154237,9,0,0.004,4131761
1789154238,9,0,0.009,4131761
1789154238,9,0,0.009,4131761
1789154238,9,0,0.004,4131761
1789154239,9,0,0.004,4131761
1789154239,8,0,0.036,4131761
1789154239,9,0,0.013,4131761
1789154239,9,0,0.006,4131761
1789154239,9,0,0.007,4131761
1789154239,9,0,0.009,4131761
1789154240,9,0,0.009,4131761
1789154240,9,0,0.009,4131761
1789154240,9,0,0.005,4131761
1789154241,9,0,0.005,4131761
1789154241,9,0,0.003,4131761
1789154241,9,0,0.006,4131761
1789154241,8,0,0.035,4131761
1789154241,9,0,0.008,4131761
1789154241,9,0,0.008,4131761
1789154241,9,0,0.009,4131761
1789154241,9,0,0.005,4131761
1789154242,9,0,0.018,4131761
1789154243,9,0,0.003,4131761
1789154243,9,0,0.003,4131761
1789154243,9,0,0.002,4131761
1789154244,9,0,0.007,4131761
1789154244,9,0,0.014,4131761
1789154244,8,0,0.041,4131761
1789154244,9,0,0.004,4131761
1789154245,9,0,0.003,4131761
1789154245,9,0,0.004,4131761
1789154245,9,0,0.007,4131761
1789154245,9,0,0.009,4131761
1789154245,9,0,0.006,4131761
1789154245,9,0,0.023,4131761
1789154246,9,0,0.014,4131761
1789154247,9,0,0.003,4131761
1789154247,9,0,0.016,4131761
1789154247,9,0,0.009,4131761
1789154247,9,0,0.007,4131761
1789154247,8,0,0.055,4131761
1789154248,9,0,0.011,4131761
1789154248,9,0,0.015,4131761
1789154248,9,0,0.009,4131761
1789154248,9,0,0.011,4131761
1789154248,9,0,0.003,4131761
1789154248,9,0,0.004,4131761
1789154249,9,0,0.005,4131761
1789154249,9,0,0.004,4131761
1789154249,9,0,0.003,4131761
1789154249,8,0,0.034,4131761
1789154249,9,0,0.004,4131761
1789154249,9,0,0.005,4131761
1789154249,9,0,0.011,4131761
1789154249,9,0,0.017,4131761
1789154249,9,0,0.014,4131761
1789154249,9,0,0.003,4131761
1789154250,9,0,0.004,4131761
1789154250,9,0,0.023,4131761
1789154250,9,0,0.017,4131761
1789154250,8,0,0.081,4131761
1789154250,9,0,0.003,4131761
1789154250,9,0,0.004,4131761
1789154250,9,0,0.003,4131761
1789154250,9,0,0.003,4131761
1789154250,9,0,0.018,4131761
1789154251,9,0,0.01,4131761
1789154251,9,0,0.008,4131761
1789154251,9,0,0.004,4131761
1789154251,9,0,0.009,4131761
1789154251,9,0,0.01,4131761
1789154251,8,0,0.03,4131761
1789154251,9,0,0.013,4131761
1789154251,9,0,0.008,4131761
1789154251,9,0,0.023,4131761
1789154251,9,0,0.004,4131761
1789154252,9,0,0.013,4131761
1789154252,9,0,0.015,4131761
1789154252,9,0,0.003,4131761
1789154252,9,0,0.005,4131761
1789154253,9,0,0.013,4131761
1789154254,9,0,0.01,4131761
1789154254,8,0,0.032,4131761
1789154254,9,0,0.008,4131761
1789154254,9,0,0.04,4131761
1789154255,9,0,0.007,4131761
1789154255,9,0,0.009,4131761
1789154256,9,0,0.007,4131761
1789154256,9,0,0.008,4131761
1789154256,9,0,0.008,4131761
1789154256,9,0,0.009,4131761
1789154256,9,0,0.003,4131761
1789154256,9,0,0.004,4131761
1789154256,9,0,0.01,4131761
1789154256,8,0,0.046,4131761
1789154256,9,0,0.008,4131761
1789154256,9,0,0.003,4131761
1789154257,9,0,0.009,4131761
1789154257,9,0,0.009,4131761
1789154257,9,0,0.003,4131761
1789154257,9,0,0.008,4131761
1789154257,9,0,0.004,4131761
1789154257,9,0,0.003,4131761
1789154257,9,0,0.004,4131761
1789154257,8,0,0.045,4131761
1789154258,9,0,0.015,4131761
1789154258,9,0,0.007,4131761
1789154258,9,0,0.003,4131761
1789154259,9,0,0.005,4131761
1789154259,9,0,0.005,4131761
1789154260,9,0,0.01,4131761
1789154260,9,0,0.006,4131761
1789154260,9,0,0.004,4131761
1789154261,9,0,0.023,4131761
1789154261,9,0,0.003,4131761
1789154261,8,0,0.041,4131761
1789154261,9,0,0.012,4131761
1789154261,9,0,0.01,4131761
1789154262,9,0,0.019,4131761
1789154263,9,0,0.005,4131761
1789154263,9,0,0.01,4131761
1789154263,9,0,0.014,4131761
1789154264,9,0,0.01,4131761
1789154264,9,0,0.007,4131761
1789154265,9,0,0.016,4131761
1789154265,9,0,0.018,4131761
1789154265,8,0,0.044,4131761
1789154265,9,0,0.036,4131761
1789154265,9,0,0.018,4131761
1789154265,9,0,0.016,4131761
1789154265,9,0,0.004,4131761
1789154265,9,0,0.016,4131761
1789154265,9,0,0.003,4131761
1789154265,9,0,0.019,4131761
1789154265,9,0,0.003,4131761
1789154265,9,0,0.005,4131761
1789154266,9,0,0.008,4131761
1789154266,8,0,0.034,4131761
1789154266,9,0,0.004,4131761
1789154266,9,0,0.013,4131761
1789154266,9,0,0.004,4131761
1789154266,9,0,0.012,4131761
1789154266,9,0,0.003,4131761
1789154266,9,0,0.006,4131761
1789154266,9,0,0.01,4131761
1789154266,9,0,0.007,4131761
1789154267,9,0,0.005,4131761
1789154267,9,0,0.007,4131761
1789154267,9,0,0.003,4131761
1789154267,9,0,0.004,4131761
1789154267,8,0,0.036,4131761
1789154267,9,0,0.007,4131761
1789154267,9,0,0.003,4131761
1789154267,9,0,0.007,4131761
1789154267,9,0,0.025,4131761
1789154267,9,0,0.003,4131761
1789154267,9,0,0.005,4131761
1789154268,9,0,0.004,4131761
1789154268,9,0,0.01,4131761
1789154268,9,0,0.009,4131761
1789154268,8,0,0.045,4131761
1789154268,9,0,0.003,4131761
1789154268,9,0,0.009,4131761
1789154268,9,0,0.021,4131761
1789154268,9,0,0.006,4131761
1789154268,9,0,0.004,4131761
1789154269,9,0,0.004,4131761
1789154269,9,0,0.007,4131761
1789154269,9,0,0.009,4131761
1789154270,9,0,0.01,4131761
1789154270,8,0,0.039,4131761
1789154270,9,0,0.018,4131761
1789154270,9,0,0.003,4131761
1789154270,9,0,0.016,4131761
1789154270,9,0,0.017,4131761
1789154270,9,0,0.014,4131761
1789154270,9,0,0.003,4131761
1789154271,9,0,0.007,4131761
1789154271,9,0,0.018,4131761
1789154271,9,0,0.016,4131761
1789154271,9,0,0.003,4131761
1789154271,8,0,0.047,4131761
1789154271,9,0,0.008,4131761
1789154271,9,0,0.013,4131761
1789154271,9,0,0.004,4131761
1789154271,9,0,0.008,4131761
1789154272,9,0,0.006,4131761
1789154272,9,0,0.004,4131761
1789154272,9,0,0.028,4131761
1789154272,9,0,0.007,4131761
1789154272,9,0,0.012,4131761
1789154272,9,0,0.006,4131761
1789154272,8,0,0.035,4131761
1789154272,9,0,0.003,4131761
1789154272,9,0,0.004,4131761
1789154273,9,0,0.011,4131761
1789154273,9,0,0.011,4131761
1789154273,9,0,0.003,4131761
1789154273,9,0,0.016,4131761
1789154273,9,0,0.011,4131761
1789154273,9,0,0.021,4131761
1789154273,9,0,0.003,4131761
1789154274,9,0,0.007,4131761
1789154274,8,0,0.036,4131761
1789154274,9,0,0.005,4131761
1789154274,9,0,0.003,4131761
1789154275,9,0,0.009,4131761
1789154275,9,0,0.006,4131761
1789154275,9,0,0.005,4131761
1789154276,9,0,0.008,4131761
1789154276,9,0,0.003,4131761
1789154276,9,0,0.005,4131761
1789154276,9,0,0.013,4131761
1789154276,8,0,0.039,4131761
1789154276,9,0,0.057,4131761
1789154276,9,0,0.025,4131761
1789154276,9,0,0.014,4131761
1789154277,9,0,0.013,4131761
1789154277,9,0,0.016,4131761
1789154277,9,0,0.009,4131761
1789154277,9,0,0.009,4131761
1789154277,9,0,0.003,4131761
1789154277,9,0,0.005,4131761
1789154278,9,0,0.004,4131761
1789154278,9,0,0.015,4131761
1789154278,8,0,0.03,4131761
1789154278,9,0,0.006,4131761
1789154278,9,0,0.003,4131761
1789154280,9,0,0.012,4131761
1789154280,9,0,0.003,4131761
1789154280,9,0,0.009,4131761
1789154280,9,0,0.005,4131761
1789154280,9,0,0.004,4131761
1789154281,9,0,0.012,4131761
1789154281,9,0,0.011,4131761
1789154281,9,0,0.008,4131761
1789154281,8,0,0.03,4131761
1789154281,9,0,0.004,4131761
1789154281,9,0,0.008,4131761
1789154282,9,0,0.009,4131761
1789154282,9,0,0.02,4131761
1789154282,9,0,0.002,4131761
1789154282,9,0,0.003,4131761
1789154282,9,0,0.01,4131761
1789154282,9,0,0.003,4131761
1789154282,9,0,0.004,4131761
1789154282,9,0,0.003,4131761
1789154282,9,0,0.011,4131761
1789154282,8,0,0.035,4131761
1789154282,9,0,0.005,4131761
1789154283,9,0,0.01,4131761
1789154283,9,0,0.003,4131761
1789154283,9,0,0.003,4131761
1789154283,9,0,0.005,4131761
1789154284,9,0,0.006,4131761
1789154284,9,0,0.006,4131761
1789154284,9,0,0.003,4131761
1789154284,9,0,0.014,4131761
1789154284,8,0,0.036,4131761
1789154284,9,0,0.005,4131761
1789154284,9,0,0.004,4131761
1789154284,9,0,0.003,4131761
1789154284,9,0,0.003,4131761
1789154284,9,0,0.003,4131761
1789154284,9,0,0.01,4131761
1789154284,9,0,0.013,4131761
1789154284,9,0,0.016,4131761
1789154284,9,0,0.011,4131761
1789154285,9,0,0.014,4131761
1789154285,8,0,0.031,4131761
1789154285,9,0,0.004,4131761
1789154285,9,0,0.008,4131761
1789154285,9,0,0.003,4131761
1789154285,9,0,0.026,4131761
1789154286,9,0,0.028,4131761
1789154286,9,0,0.003,4131761
1789154286,9,0,0.012,4131761
1789154288,9,0,0.006,4131761
1789154288,9,0,0.008,4131761
1789154288,9,0,0.004,4131761
1789154288,8,0,0.032,4131761
1789154288,9,0,0.008,4131761
1789154288,9,0,0.006,4131761
1789154288,9,0,0.03,4131761
1789154289,9,0,0.012,4131761
1789154289,9,0,0.004,4131761
1789154289,9,0,0.006,4131761
1789154290,9,0,0.004,4131761
1789154290,9,0,0.01,4131761
1789154291,9,0,0.014,4131761
1789154292,9,0,0.004,4131761
1789154292,8,0,0.045,4131761
1789154292,9,0,0.029,4131761
1789154292,9,0,0.005,4131761
1789154292,9,0,0.006,4131761
1789154292,9,0,0.003,4131761
1789154292,9,0,0.008,4131761
1789154292,9,0,0.009,4131761
1789154292,9,0,0.013,4131761
1789154293,9,0,0.01,4131761
1789154293,9,0,0.003,4131761
1789154293,9,0,0.009,4131761
1789154293,8,0,0.035,4131761
1789154293,9,0,0.005,4131761
1789154293,9,0,0.004,4131761
1789154293,9,0,0.012,4131761
1789154293,9,0,0.005,4131761
1789154293,9,0,0.019,4131761
1789154293,9,0,0.019,4131761
1789154294,9,0,0.006,4131761
1789154294,9,0,0.004,4131761
1789154294,9,0,0.005,4131761
1789154294,9,0,0.004,4131761
1789154294,8,0,0.035,4131761
1789154295,9,0,0.003,4131761
1789154295,9,0,0.008,4131761
1789154295,9,0,0.014,4131761
1789154295,9,0,0.005,4131761
1789154296,9,0,0.004,4131761
1789154296,9,0,0.02,4131761
1789154296,9,0,0.025,4131761
1789154297,9,0,0.011,4131761
1789154299,9,0,0.008,4131761
1789154299,9,0,0.003,4131761
1789154299,8,0,0.039,4131761
1789154299,9,0,0.003,4131761
1789154299,9,0,0.003,4131761
1789154299,9,0,0.003,4131761
1789154300,9,0,0.009,4131761
1789154300,9,0,0.003,4131761
1789154300,9,0,0.007,4131761
1789154300,9,0,0.029,4131761
1789154300,9,0,0.011,4131761
1789154300,9,0,0.003,4131761
1789154300,9,0,0.018,4131761
1789154300,8,0,0.032,4131761
1789154300,9,0,0.003,4131761
1789154300,9,0,0.003,4131761
1789154301,9,0,0.005,4131761
1789154301,9,0,0.011,4131761
1789154301,9,0,0.021,4131761
1789154301,9,0,0.011,4131761
1789154301,9,0,0.01,4131761
1789154301,9,0,0.025,4131761
1789154302,9,0,0.01,4131761
1789154302,9,0,0.002,4131761
1789154302,8,0,0.037,4131761
1789154302,9,0,0.003,4131761
1789154303,9,0,0.025,4131761
1789154304,9,0,0.014,4131761
1789154304,9,0,0.004,4131761
1789154304,9,0,0.013,4131761
1789154304,9,0,0.007,4131761
1789154304,9,0,0.003,4131761
1789154304,9,0,0.042,4131761
1789154305,9,0,0.014,4131761
1789154305,9,0,0.01,4131761
1789154305,8,0,0.037,4131761
1789154305,9,0,0.004,4131761
1789154305,9,0,0.003,4131761
1789154305,9,0,0.008,4131761
1789154305,9,0,0.017,4131761
1789154306,9,0,0.026,4131761
1789154306,9,0,0.01,4131761
1789154306,9,0,0.003,4131761
1789154306,9,0,0.008,4131761
1789154306,9,0,0.008,4131761
1789154306,9,0,0.013,4131761
1789154306,8,0,0.031,4131761
1789154306,9,0,0.011,4131761
1789154306,9,0,0.005,4131761
1789154306,9,0,0.009,4131761
1789154307,9,0,0.003,4131761
1789154309,9,0,0.003,4131761
1789154309,9,0,0.015,4131761
1789154309,9,0,0.003,4131761
1789154309,9,0,0.004,4131761
1789154309,9,0,0.003,4131761
1789154310,9,0,0.005,4131761
1789154310,8,0,0.035,4131761
1789154310,9,0,0.018,4131761
1789154310,9,0,0.003,4131761
1789154310,9,0,0.003,4131761
1789154310,9,0,0.005,4131761
1789154310,9,0,0.004,4131761
1789154311,9,0,0.003,4131761
1789154311,9,0,0.024,4131761
1789154311,9,0,0.006,4131761
1789154311,9,0,0.012,4131761
1789154312,9,0,0.004,4131761
1789154312,8,0,0.032,4131761
1789154312,9,0,0.003,4131761
1789154312,9,0,0.015,4131761
1789154312,9,0,0.006,4131761
1789154313,9,0,0.014,4131761
1789154313,9,0,0.041,4131761
1789154313,9,0,0.004,4131761
1789154314,9,0,0.007,4131761
1789154314,9,0,0.005,4131761
1789154314,9,0,0.01,4131761
1789154314,9,0,0.008,4131761
1789154314,8,0,0.039,4131761
1789154314,9,0,0.015,4131761
1789154314,9,0,0.004,4131761
1789154315,9,0,0.021,4131761
1789154315,9,0,0.007,4131761
1789154315,9,0,0.004,4131761
1789154315,9,0,0.004,4131761
1789154315,9,0,0.005,4131761
1789154316,9,0,0.003,4131761
1789154316,9,0,0.005,4131761
1789154316,9,0,0.011,4131761
1789154316,8,0,0.039,4131761
1789154317,9,0,0.01,4131761
1789154317,9,0,0.004,4131761
1789154317,9,0,0.006,4131761
1789154317,9,0,0.036,4131761
1789154317,9,0,0.003,4131761
1789154317,9,0,0.006,4131761
1789154318,9,0,0.004,4131761
1789154318,9,0,0.013,4131761
1789154319,9,0,0.003,4131761
1789154321,9,0,0.009,4131761
1789154321,9,0,0.008,4131761
1789154321,8,0,0.042,4131761
1789154321,9,0,0.004,4131761
1789154321,9,0,0.01,4131761
1789154321,9,0,0.01,4131761
1789154321,9,0,0.007,4131761
1789154321,9,0,0.004,4131761
1789154322,9,0,0.003,4131761
1789154322,9,0,0.003,4131761
1789154322,9,0,0.003,4131761
1789154323,9,0,0.005,4131761
1789154323,8,0,0.056,4131761
1789154323,9,0,0.015,4131761
1789154323,9,0,0.003,4131761
1789154323,9,0,0.008,4131761
1789154323,9,0,0.003,4131761
1789154323,9,0,0.004,4131761
1789154323,9,0,0.011,4131761
1789154323,9,0,0.01,4131761
1789154323,9,0,0.009,4131761
1789154324,9,0,0.003,4131761
1789154324,9,0,0.007,4131761
1789154324,8,0,0.059,4131761
1789154324,9,0,0.004,4131761
1789154324,9,0,0.009,4131761
1789154324,9,0,0.005,4131761
1789154324,9,0,0.004,4131761
1789154324,9,0,0.022,4131761
1789154325,9,0,0.005,4131761
1789154325,9,0,0.009,4131761
1789154325,9,0,0.01,4131761
1789154325,9,0,0.008,4131761
1789154325,9,0,0.003,4131761
1789154325,8,0,0.032,4131761
1789154325,9,0,0.004,4131761
1789154326,9,0,0.009,4131761
1789154326,9,0,0.006,4131761
1789154326,9,0,0.012,4131761
1789154326,9,0,0.019,4131761
1789154326,9,0,0.025,4131761
1789154327,9,0,0.005,4131761
1789154327,9,0,0.006,4131761
1789154327,9,0,0.008,4131761
1789154328,9,0,0.008,4131761
1789154328,8,0,0.036,4131761
1789154328,9,0,0.014,4131761
1789154329,9,0,0.008,4131761
1789154329,9,0,0.011,4131761
1789154329,9,0,0.003,4131761
1789154330,9,0,0.015,4131761
1789154330,9,0,0.012,4131761
1789154331,9,0,0.004,4131761
1789154331,9,0,0.016,4131761
1789154331,9,0,0.003,4131761
1789154331,9,0,0.002,4131761
1789154331,8,0,0.042,4131761
1789154332,9,0,0.004,4131761
1789154332,9,0,0.007,4131761
1789154332,9,0,0.003,4131761
1789154332,9,0,0.007,4131761
1789154332,9,0,0.03,4131761
1789154333,9,0,0.004,4131761
1789154333,9,0,0.021,4131761
1789154333,9,0,0.014,4131761
1789154333,9,0,0.038,4131761
1789154334,9,0,0.014,4131761
1789154334,8,0,0.032,4131761
1789154334,9,0,0.004,4131761
1789154334,9,0,0.004,4131761
1789154335,9,0,0.022,4131761
1789154335,9,0,0.003,4131761
1789154336,9,0,0.01,4131761
1789154337,9,0,0.017,4131761
1789154337,9,0,0.005,4131761
1789154340,9,0,0.008,4131761
1789154340,9,0,0.02,4131761
1789154340,9,0,0.024,4131761
1789154340,8,0,0.058,4131761
1789154340,9,0,0.022,4131761
1789154341,9,0,0.01,4131761
1789154341,9,0,0.008,4131761
1789154341,9,0,0.014,4131761
1789154341,9,0,0.013,4131761
1789154341,9,0,0.005,4131761
1789154342,9,0,0.003,4131761
1789154343,9,0,0.015,4131761
1789154343,9,0,0.003,4131761
1789154343,9,0,0.003,4131761
1789154343,9,0,0.009,4131761
1789154343,8,0,0.089,4131761
1789154343,9,0,0.006,4131761
1789154343,9,0,0.025,4131761
1789154343,9,0,0.003,4131761
1789154343,9,0,0.004,4131761
1789154343,9,0,0.004,4131761
1789154343,9,0,0.008,4131761
1789154343,9,0,0.013,4131761
1789154344,9,0,0.014,4131761
1789154344,9,0,0.013,4131761
1789154344,8,0,0.073,4131761
1789154344,9,0,0.014,4131761
1789154344,9,0,0.008,4131761
1789154344,9,0,0.028,4131761
1789154345,9,0,0.017,4131761
1789154345,9,0,0.009,4131761
1789154345,9,0,0.003,4131761
1789154346,9,0,0.004,4131761
1789154346,9,0,0.003,4131761
1789154346,9,0,0.005,4131761
1789154346,9,0,0.015,4131761
1789154346,8,0,0.03,4131761
1789154346,9,0,0.003,4131761
1789154346,9,0,0.011,4131761
1789154346,9,0,0.004,4131761
1789154346,9,0,0.004,4131761
1789154347,9,0,0.014,4131761
1789154347,9,0,0.009,4131761
1789154347,9,0,0.003,4131761
1789154348,9,0,0.01,4131761
1789154348,9,0,0.012,4131761
1789154348,9,0,0.016,4131761
1789154348,8,0,0.047,4131761
1789154349,9,0,0.003,4131761
1789154349,9,0,0.003,4131761
1789154349,9,0,0.003,4131761
1789154349,9,0,0.005,4131761
1789154349,9,0,0.015,4131761
1789154350,9,0,0.01,4131761
1789154350,9,0,0.003,4131761
1789154350,9,0,0.019,4131761
1789154350,9,0,0.005,4131761
1789154351,9,0,0.003,4131761
1789154351,8,0,0.036,4131761
1789154351,9,0,0.007,4131761
1789154351,9,0,0.02,4131761
1789154351,9,0,0.003,4131761
1789154351,9,0,0.012,4131761
1789154351,9,0,0.012,4131761
1789154351,9,0,0.018,4131761
1789154352,9,0,0.003,4131761
1789154352,9,0,0.011,4131761
1789154352,9,0,0.013,4131761
1789154352,9,0,0.01,4131761
1789154352,9,0,0.01,4131761
1789154352,8,0,0.033,4131761
1789154352,9,0,0.004,4131761
1789154353,9,0,0.006,4131761
1789154353,9,0,0.028,4131761
1789154353,9,0,0.003,4131761
1789154353,9,0,0.005,4131761
1789154353,9,0,0.006,4131761
1789154353,9,0,0.008,4131761
1789154354,9,0,0.007,4131761
1789154354,9,0,0.009,4131761
1789154355,8,0,0.077,4131761
1789154355,9,0,0.006,4131761
1789154355,9,0,0.008,4131761
1789154356,9,0,0.003,4131761
1789154356,9,0,0.003,4131761
1789154356,9,0,0.009,4131761
1789154356,9,0,0.006,4131761
1789154356,9,0,0.015,4131761
1789154356,9,0,0.003,4131761
1789154357,9,0,0.003,4131761
1789154357,9,0,0.011,4131761
1789154357,8,0,0.036,4131761
1789154357,9,0,0.017,4131761
1789154357,9,0,0.014,4131761
1789154357,9,0,0.003,4131761
1789154358,9,0,0.021,4131761
1789154359,9,0,0.008,4131761
1789154359,9,0,0.022,4131761
1789154359,9,0,0.006,4131761
1789154359,9,0,0.012,4131761
1789154359,9,0,0.004,4131761
1789154360,9,0,0.009,4131761
1789154360,8,0,0.035,4131761
1789154360,9,0,0.004,4131761
1789154360,9,0,0.003,4131761
1789154360,9,0,0.008,4131761
1789154360,9,0,0.014,4131761
1789154361,9,0,0.013,4131761
1789154361,9,0,0.007,4131761
1789154361,9,0,0.005,4131761
1789154361,9,0,0.041,4131761
1789154361,9,0,0.031,4131761
1789154361,9,0,0.008,4131761
1789154361,8,0,0.035,4131761
1789154361,9,0,0.003,4131761
1789154361,9,0,0.005,4131761
1789154361,9,0,0.012,4131761
1789154361,9,0,0.004,4131761
1789154361,9,0,0.003,4131761
1789154361,9,0,0.005,4131761
1789154361,9,0,0.01,4131761
1789154361,9,0,0.007,4131761
1789154362,9,0,0.006,4131761
1789154362,9,0,0.004,4131761
1789154362,9,0,0.003,4131761
1789154362,8,0,0.033,4131761
1789154362,9,0,0.003,4131761
1789154362,9,0,0.043,4131761
1789154362,9,0,0.003,4131761
1789154362,9,0,0.014,4131761
1789154362,9,0,0.007,4131761
1789154363,9,0,0.009,4131761
1789154363,9,0,0.008,4131761
1789154364,9,0,0.007,4131761
1789154364,9,0,0.004,4131761
1789154364,8,0,0.029,4131761
1789154365,9,0,0.004,4131761
1789154366,9,0,0.004,4131761
1789154366,9,0,0.003,4131761
1789154366,9,0,0.011,4131761
1789154367,9,0,0.005,4131761
1789154367,9,0,0.003,4131761
1789154368,9,0,0.01,4131761
1789154368,9,0,0.011,4131761
1789154368,9,0,0.017,4131761
1789154368,9,0,0.027,4131761
1789154369,8,0,0.055,4131761
1789154369,9,0,0.018,4131761
1789154369,9,0,0.016,4131761
1789154369,9,0,0.009,4131761
1789154369,9,0,0.006,4131761
1789154369,9,0,0.011,4131761
1789154369,9,0,0.003,4131761
1789154369,9,0,0.015,4131761
1789154369,9,0,0.02,4131761
1789154369,9,0,0.003,4131761
1789154370,9,0,0.008,4131761
1789154370,9,0,0.007,4131761
1789154370,8,0,0.037,4131761
1789154370,9,0,0.003,4131761
1789154370,9,0,0.003,4131761
1789154370,9,0,0.015,4131761
1789154371,9,0,0.007,4131761
1789154371,9,0,0.011,4131761
1789154371,9,0,0.003,4131761
1789154371,9,0,0.021,4131761
1789154372,9,0,0.003,4131761
1789154372,9,0,0.012,4131761
1789154372,8,0,0.035,4131761
1789154372,9,0,0.005,4131761
1789154372,9,0,0.011,4131761
1789154372,9,0,0.003,4131761
1789154372,9,0,0.004,4131761
1789154373,9,0,0.006,4131761
1789154373,9,0,0.006,4131761
1789154373,9,0,0.01,4131761
1789154373,9,0,0.008,4131761
1789154373,9,0,0.005,4131761
1789154374,9,0,0.01,4131761
1789154374,9,0,0.011,4131761
1789154374,8,0,0.047,4131761
1789154374,9,0,0.003,4131761
1789154374,9,0,0.005,4131761
1789154374,9,0,0.012,4131761
1789154374,9,0,0.022,4131761
1789154374,9,0,0.005,4131761
1789154374,9,0,0.003,4131761
1789154374,9,0,0.006,4131761
1789154374,9,0,0.003,4131761
1789154374,9,0,0.01,4131761
1789154374,8,0,0.03,4131761
1789154375,9,0,0.015,4131761
1789154375,9,0,0.013,4131761
1789154375,9,0,0.016,4131761
1789154375,9,0,0.006,4131761
1789154375,9,0,0.017,4131761
1789154376,9,0,0.003,4131761
1789154376,9,0,0.004,4131761
1789154376,9,0,0.008,4131761
1789154376,9,0,0.017,4131761
1789154377,9,0,0.004,4131761
1789154377,8,0,0.037,4131761
1789154377,9,0,0.004,4131761
1789154377,9,0,0.003,4131761
1789154377,9,0,0.006,4131761
1789154377,9,0,0.004,4131761
1789154377,9,0,0.004,4131761
1789154377,9,0,0.003,4131761
1789154377,9,0,0.046,4131761
1789154377,9,0,0.004,4131761
1789154378,9,0,0.006,4131761
1789154378,9,0,0.017,4131761
1789154378,8,0,0.044,4131761
1789154378,9,0,0.007,4131761
1789154379,9,0,0.007,4131761
1789154379,9,0,0.008,4131761
1789154379,9,0,0.003,4131761
1789154380,9,0,0.003,4131761
1789154380,9,0,0.01,4131761
1789154380,9,0,0.003,4131761
1789154380,9,0,0.005,4131761
1789154381,9,0,0.004,4131761
1789154381,9,0,0.015,4131761
1789154381,9,0,0.003,4131761
1789154381,9,0,0.006,4131761
1789154381,8,0,0.054,4131761
1789154381,9,0,0.005,4131761
1789154381,9,0,0.008,4131761
1789154381,9,0,0.004,4131761
1789154382,9,0,0.01,4131761
1789154382,9,0,0.02,4131761
1789154382,9,0,0.016,4131761
1789154382,9,0,0.008,4131761
1789154382,9,0,0.009,4131761
1789154382,8,0,0.042,4131761
1789154383,9,0,0.011,4131761
1789154383,9,0,0.003,4131761
1789154383,9,0,0.005,4131761
1789154383,9,0,0.014,4131761
1789154383,9,0,0.006,4131761
1789154383,9,0,0.003,4131761
1789154383,9,0,0.01,4131761
1789154383,9,0,0.006,4131761
1789154384,9,0,0.007,4131761
1789154384,9,0,0.007,4131761
1789154384,8,0,0.032,4131761
1789154385,9,0,0.004,4131761
1789154386,9,0,0.003,4131761
1789154386,9,0,0.003,4131761
1789154386,9,0,0.011,4131761
1789154386,9,0,0.006,4131761
1789154387,9,0,0.003,4131761
1789154388,9,0,0.004,4131761
1789154389,9,0,0.03,4131761
1789154389,9,0,0.007,4131761
1789154389,9,0,0.021,4131761
1789154389,9,0,0.015,4131761
1789154389,8,0,0.097,4131761
1789154389,9,0,0.005,4131761
1789154389,9,0,0.006,4131761
1789154389,9,0,0.004,4131761
1789154389,9,0,0.003,4131761
1789154389,9,0,0.015,4131761
1789154390,9,0,0.006,4131761
1789154390,9,0,0.005,4131761
1789154391,9,0,0.011,4131761
1789154391,9,0,0.007,4131761
1789154391,8,0,0.04,4131761
1789154391,9,0,0.005,4131761
1789154391,9,0,0.033,4131761
1789154391,9,0,0.065,4131761
1789154392,9,0,0.007,4131761
1789154392,9,0,0.006,4131761
1789154393,9,0,0.016,4131761
1789154394,9,0,0.003,4131761
1789154395,9,0,0.005,4131761
1789154396,9,0,0.005,4131761
1789154396,9,0,0.011,4131761
1789154396,8,0,0.039,4131761
1789154396,9,0,0.007,4131761
1789154396,9,0,0.003,4131761
1789154396,9,0,0.007,4131761
1789154397,9,0,0.055,4131761
1789154397,9,0,0.009,4131761
1789154397,9,0,0.003,4131761
1789154397,9,0,0.03,4131761
1789154397,9,0,0.003,4131761
1789154397,9,0,0.004,4131761
1789154397,9,0,0.015,4131761
1789154397,8,0,0.073,4131761
1789154397,9,0,0.003,4131761
1789154397,9,0,0.005,4131761
1789154397,9,0,0.003,4131761
1789154397,9,0,0.004,4131761
1789154397,9,0,0.003,4131761
1789154397,9,0,0.026,4131761
1789154398,9,0,0.003,4131761
1789154398,9,0,0.012,4131761
1789154398,9,0,0.003,4131761
1789154398,9,0,0.004,4131761
1789154398,8,0,0.032,4131761
1789154398,9,0,0.004,4131761
1789154399,9,0,0.013,4131761
1789154399,9,0,0.017,4131761
1789154399,9,0,0.021,4131761
1789154399,9,0,0.004,4131761
1789154399,9,0,0.003,4131761
1789154399,9,0,0.006,4131761
1789154399,9,0,0.024,4131761
1789154399,9,0,0.013,4131761
1789154399,9,0,0.004,4131761
1789154399,8,0,0.033,4131761
1789154399,9,0,0.007,4131761
1789154400,9,0,0.03,4131761
1789154400,9,0,0.011,4131761
1789154400,9,0,0.012,4131761
1789154400,9,0,0.004,4131761
1789154401,9,0,0.018,4131761
1789154401,9,0,0.007,4131761
1789154401,9,0,0.003,4131761
1789154402,9,0,0.003,4131761
1789154402,9,0,0.016,4131761
1789154402,8,0,0.049,4131761
1789154402,9,0,0.017,4131761
1789154403,9,0,0.004,4131761
1789154403,9,0,0.009,4131761
1789154404,9,0,0.004,4131761
1789154404,9,0,0.006,4131761
1789154404,9,0,0.003,4131761
1789154405,9,0,0.008,4131761
1789154406,9,0,0.006,4131761
1789154406,9,0,0.009,4131761
1789154407,9,0,0.004,4131761
1789154407,8,0,0.034,4131761
1789154407,9,0,0.013,4131761
1789154407,9,0,0.007,4131761
1789154407,9,0,0.007,4131761
1789154407,9,0,0.011,4131761
1789154407,9,0,0.008,4131761
1789154407,9,0,0.005,4131761
1789154408,9,0,0.014,4131761
1789154408,9,0,0.004,4131761
1789154408,9,0,0.004,4131761
1789154408,9,0,0.032,4131761
1789154408,8,0,0.056,4131761
1789154408,9,0,0.003,4131761
1789154408,9,0,0.007,4131761
1789154408,9,0,0.008,4131761
1789154408,9,0,0.005,4131761
1789154408,9,0,0.004,4131761
1789154408,9,0,0.004,4131761
1789154409,9,0,0.012,4131761
1789154409,9,0,0.006,4131761
1789154409,9,0,0.008,4131761
1789154409,9,0,0.005,4131761
1789154409,8,0,0.044,4131761
1789154410,9,0,0.009,4131761
1789154410,9,0,0.004,4131761
1789154410,9,0,0.015,4131761
1789154410,9,0,0.032,4131761
1789154411,9,0,0.01,4131761
1789154411,9,0,0.003,4131761
1789154411,9,0,0.006,4131761
1789154411,9,0,0.008,4131761
1789154411,9,0,0.003,4131761
1789154411,9,0,0.011,4131761
1789154411,8,0,0.04,4131761
1789154411,9,0,0.012,4131761
1789154411,9,0,0.011,4131761
1789154411,9,0,0.003,4131761
1789154412,9,0,0.033,4131761
1789154412,9,0,0.012,4131761
1789154413,9,0,0.005,4131761
1789154413,9,0,0.003,4131761
1789154413,9,0,0.003,4131761
1789154413,9,0,0.003,4131761
1789154414,9,0,0.004,4131761
1789154414,9,0,0.011,4131761
1789154414,9,0,0.008,4131761
1789154414,8,0,0.046,4131761
1789154414,9,0,0.007,4131761
1789154414,9,0,0.018,4131761
1789154414,9,0,0.007,4131761
1789154415,9,0,0.004,4131761
1789154415,9,0,0.024,4131761
1789154415,9,0,0.007,4131761
1789154415,9,0,0.009,4131761
1789154415,9,0,0.003,4131761
1789154415,8,0,0.049,4131761
1789154415,9,0,0.003,4131761
1789154415,9,0,0.01,4131761
1789154415,9,0,0.008,4131761
1789154417,9,0,0.012,4131761
1789154417,9,0,0.003,4131761
1789154417,9,0,0.004,4131761
1789154417,9,0,0.006,4131761
1789154418,9,0,0.003,4131761
1789154418,9,0,0.048,4131761
1789154418,9,0,0.006,4131761
1789154418,8,0,0.033,4131761
1789154418,9,0,0.006,4131761
1789154418,9,0,0.007,4131761
1789154418,9,0,0.009,4131761
1789154418,9,0,0.007,4131761
1789154419,9,0,0.007,4131761
1789154419,9,0,0.013,4131761
1789154419,9,0,0.013,4131761
1789154419,9,0,0.003,4131761
1789154419,9,0,0.014,4131761
1789154419,9,0,0.006,4131761
1789154419,8,0,0.041,4131761
1789154419,9,0,0.003,4131761
1789154419,9,0,0.004,4131761
1789154419,9,0,0.006,4131761
1789154419,9,0,0.004,4131761
1789154420,9,0,0.008,4131761
1789154420,9,0,0.015,4131761
1789154420,9,0,0.011,4131761
1789154420,9,0,0.003,4131761
1789154420,9,0,0.023,4131761
1789154420,9,0,0.005,4131761
1789154420,8,0,0.031,4131761
1789154420,9,0,0.009,4131761
1789154421,9,0,0.011,4131761
1789154421,9,0,0.012,4131761
1789154421,9,0,0.004,4131761
1789154422,9,0,0.004,4131761
1789154422,9,0,0.018,4131761
1789154422,9,0,0.007,4131761
1789154422,9,0,0.01,4131761
1789154423,9,0,0.035,4131761
1789154424,9,0,0.007,4131761
1789154424,8,0,0.059,4131761
1789154424,9,0,0.015,4131761
1789154424,9,0,0.038,4131761
1789154424,9,0,0.031,4131761
1789154424,9,0,0.004,4131761
1789154424,9,0,0.004,4131761
1789154425,9,0,0.018,4131761
1789154425,9,0,0.003,4131761
1789154425,9,0,0.01,4131761
1789154426,9,0,0.007,4131761
1789154426,9,0,0.007,4131761
1789154426,8,0,0.038,4131761
1789154426,9,0,0.004,4131761
1789154426,9,0,0.008,4131761
1789154426,9,0,0.004,4131761
1789154426,9,0,0.014,4131761
1789154426,9,0,0.003,4131761
1789154426,9,0,0.003,4131761
1789154426,9,0,0.008,4131761
1789154427,9,0,0.003,4131761
1789154428,9,0,0.029,4131761
1789154429,9,0,0.003,4131761
1789154429,9,0,0.003,4131761
1789154429,8,0,0.04,4131761
1789154429,9,0,0.005,4131761
1789154430,9,0,0.012,4131761
1789154430,9,0,0.004,4131761
1789154430,9,0,0.012,4131761
1789154431,9,0,0.003,4131761
1789154431,9,0,0.027,4131761
1789154431,9,0,0.025,4131761
1789154431,9,0,0.008,4131761
1789154431,9,0,0.007,4131761
1789154431,9,0,0.012,4131761
1789154431,8,0,0.108,4131761
1789154431,9,0,0.007,4131761
1789154431,9,0,0.005,4131761
1789154432,9,0,0.01,4131761
1789154432,9,0,0.014,4131761
1789154432,9,0,0.005,4131761
1789154433,9,0,0.004,4131761
1789154433,9,0,0.005,4131761
1789154433,9,0,0.003,4131761
1789154433,9,0,0.004,4131761
1789154433,8,0,0.039,4131761
1789154433,9,0,0.006,4131761
1789154433,9,0,0.003,4131761
1789154433,9,0,0.004,4131761
1789154433,9,0,0.005,4131761
1789154433,9,0,0.01,4131761
1789154433,9,0,0.007,4131761
1789154433,9,0,0.003,4131761
1789154434,9,0,0.024,4131761
1789154434,9,0,0.003,4131761
1789154434,9,0,0.003,4131761
1789154434,8,0,0.047,4131761
1789154434,9,0,0.015,4131761
1789154434,9,0,0.003,4131761
1789154434,9,0,0.018,4131761
1789154434,9,0,0.003,4131761
1789154434,9,0,0.009,4131761
1789154434,9,0,0.014,4131761
1789154435,9,0,0.007,4131761
1789154435,9,0,0.013,4131761
1789154435,9,0,0.008,4131761
1789154436,9,0,0.042,4131761
1789154436,8,0,0.079,4131761
1789154436,9,0,0.045,4131761
1789154436,9,0,0.013,4131761
1789154436,9,0,0.01,4131761
1789154436,9,0,0.017,4131761
1789154437,9,0,0.003,4131761
1789154438,9,0,0.006,4131761
1789154438,9,0,0.003,4131761
1789154438,9,0,0.007,4131761
1789154438,9,0,0.013,4131761
1789154438,9,0,0.007,4131761
1789154438,8,0,0.054,4131761
1789154438,9,0,0.006,4131761
1789154438,9,0,0.005,4131761
1789154439,9,0,0.046,4131761
1789154439,9,0,0.025,4131761
1789154439,9,0,0.012,4131761
1789154439,9,0,0.006,4131761
1789154439,9,0,0.007,4131761
1789154439,9,0,0.01,4131761
1789154439,9,0,0.008,4131761
1789154440,9,0,0.013,4131761
1789154440,8,0,0.037,4131761
1789154441,9,0,0.007,4131761
1789154441,9,0,0.02,4131761
1789154441,9,0,0.023,4131761
1789154441,9,0,0.029,4131761
1789154441,9,0,0.012,4131761
1789154442,9,0,0.014,4131761
1789154442,9,0,0.012,4131761
1789154442,9,0,0.004,4131761
1789154443,9,0,0.018,4131761
1789154443,9,0,0.004,4131761
1789154443,8,0,0.035,4131761
1789154443,9,0,0.006,4131761
1789154443,9,0,0.007,4131761
1789154443,9,0,0.01,4131761
1789154443,9,0,0.008,4131761
1789154443,9,0,0.022,4131761
1789154444,9,0,0.003,4131761
1789154444,9,0,0.014,4131761
1789154445,9,0,0.009,4131761
1789154445,9,0,0.021,4131761
1789154445,9,0,0.02,4131761
1789154445,8,0,0.038,4131761
1789154446,9,0,0.004,4131761
1789154446,9,0,0.008,4131761
1789154446,9,0,0.013,4131761
1789154447,9,0,0.021,4131761
1789154447,9,0,0.003,4131761
1789154449,9,0,0.025,4131761
1789154449,9,0,0.013,4131761
1789154450,9,0,0.004,4131761
1789154450,9,0,0.01,4131761
1789154450,9,0,0.006,4131761
1789154450,9,0,0.008,4131761
1789154450,8,0,0.057,4131761
1789154450,9,0,0.003,4131761
1789154450,9,0,0.003,4131761
1789154450,9,0,0.003,4131761
1789154450,9,0,0.004,4131761
1789154450,9,0,0.008,4131761
1789154450,9,0,0.01,4131761
1789154450,9,0,0.005,4131761
1789154450,9,0,0.008,4131761
1789154450,9,0,0.004,4131761
1789154450,8,0,0.04,4131761
1789154450,9,0,0.004,4131761
1789154450,9,0,0.004,4131761
1789154450,9,0,0.008,4131761
1789154450,9,0,0.002,4131761
1789154450,9,0,0.021,4131761
1789154450,9,0,0.004,4131761
1789154450,9,0,0.018,4131761
1789154450,9,0,0.008,4131761
1789154451,9,0,0.028,4131761
1789154451,9,0,0.011,4131761
1789154451,8,0,0.037,4131761
1789154451,9,0,0.061,4131761
1789154451,9,0,0.015,4131761
1789154451,9,0,0.016,4131761
1789154451,9,0,0.007,4131761
1789154452,9,0,0.003,4131761
1789154452,9,0,0.004,4131761
1789154452,9,0,0.004,4131761
1789154453,9,0,0.005,4131761
1789154453,9,0,0.003,4131761
1789154453,9,0,0.008,4131761
1789154453,8,0,0.028,4131761
1789154454,9,0,0.003,4131761
1789154454,9,0,0.022,4131761
1789154454,9,0,0.008,4131761
1789154454,9,0,0.003,4131761
1789154455,9,0,0.011,4131761
1789154455,9,0,0.005,4131761
1789154455,9,0,0.006,4131761
1789154455,9,0,0.003,4131761
1789154455,9,0,0.006,4131761
1789154456,8,0,0.046,4131761
1789154456,9,0,0.072,4131761
1789154456,9,0,0.013,4131761
1789154456,9,0,0.004,4131761
1789154456,9,0,0.023,4131761
1789154456,9,0,0.007,4131761
1789154457,9,0,0.005,4131761
1789154457,9,0,0.008,4131761
1789154457,9,0,0.006,4131761
1789154458,9,0,0.026,4131761
1789154458,9,0,0.003,4131761
1789154458,9,0,0.036,4131761
1789154458,8,0,0.062,4131761
1789154458,9,0,0.006,4131761
1789154458,9,0,0.01,4131761
1789154458,9,0,0.007,4131761
1789154458,9,0,0.012,4131761
1789154458,9,0,0.011,4131761
1789154459,9,0,0.01,4131761
1789154459,9,0,0.007,4131761
1789154459,9,0,0.012,4131761
1789154460,9,0,0.003,4131761
1789154460,9,0,0.003,4131761
1789154460,8,0,0.035,4131761
1789154460,9,0,0.016,4131761
1789154460,9,0,0.015,4131761
1789154460,9,0,0.004,4131761
1789154460,9,0,0.005,4131761
1789154461,9,0,0.007,4131761
1789154463,9,0,0.009,4131761
1789154463,9,0,0.009,4131761
1789154463,9,0,0.005,4131761
1789154463,9,0,0.013,4131761
1789154464,9,0,0.006,4131761
1789154464,8,0,0.045,4131761
1789154464,9,0,0.004,4131761
1789154464,9,0,0.006,4131761
1789154464,9,0,0.003,4131761
1789154464,9,0,0.003,4131761
1789154464,9,0,0.003,4131761
1789154464,9,0,0.01,4131761
1789154465,9,0,0.016,4131761
1789154465,9,0,0.003,4131761
1789154465,9,0,0.004,4131761
1789154465,9,0,0.003,4131761
1789154465,9,0,0.003,4131761
1789154465,8,0,0.039,4131761
1789154465,9,0,0.008,4131761
1789154465,9,0,0.008,4131761
1789154465,9,0,0.011,4131761
1789154466,9,0,0.019,4131761
1789154466,9,0,0.011,4131761
1789154466,9,0,0.003,4131761
1789154466,9,0,0.004,4131761
1789154466,9,0,0.009,4131761
1789154466,9,0,0.012,4131761
1789154466,8,0,0.04,4131761
1789154466,9,0,0.011,4131761
1789154466,9,0,0.02,4131761
1789154466,9,0,0.005,4131761
1789154466,9,0,0.009,4131761
1789154467,9,0,0.007,4131761
1789154467,9,0,0.003,4131761
1789154467,9,0,0.012,4131761
1789154467,9,0,0.003,4131761
1789154467,9,0,0.013,4131761
1789154467,9,0,0.016,4131761
1789154467,8,0,0.047,4131761
1789154467,9,0,0.011,4131761
1789154467,9,0,0.003,4131761
1789154468,9,0,0.003,4131761
1789154468,9,0,0.011,4131761
1789154468,9,0,0.015,4131761
1789154469,9,0,0.004,4131761
1789154469,9,0,0.017,4131761
1789154470,9,0,0.01,4131761
1789154470,9,0,0.003,4131761
1789154471,9,0,0.003,4131761
1789154471,9,0,0.013,4131761
1789154471,8,0,0.074,4131761
1789154471,9,0,0.072,4131761
1789154471,9,0,0.003,4131761
1789154471,9,0,0.004,4131761
1789154471,9,0,0.004,4131761
1789154471,9,0,0.004,4131761
1789154471,9,0,0.009,4131761
1789154472,9,0,0.022,4131761
1789154472,9,0,0.013,4131761
1789154472,9,0,0.009,4131761
1789154472,8,0,0.038,4131761
1789154473,9,0,0.004,4131761
1789154473,9,0,0.005,4131761
1789154473,9,0,0.01,4131761
1789154473,9,0,0.016,4131761
1789154473,9,0,0.054,4131761
1789154473,9,0,0.034,4131761
1789154474,9,0,0.008,4131761
1789154474,9,0,0.004,4131761
1789154474,9,0,0.024,4131761
1789154475,9,0,0.004,4131761
1789154475,8,0,0.056,4131761
1789154475,9,0,0.011,4131761
1789154475,9,0,0.004,4131761
1789154475,9,0,0.007,4131761
1789154476,9,0,0.005,4131761
1789154477,9,0,0.006,4131761
1789154477,9,0,0.005,4131761
1789154477,9,0,0.003,4131761
1789154477,9,0,0.013,4131761
1789154477,9,0,0.027,4131761
1789154478,9,0,0.003,4131761
1789154478,8,0,0.048,4131761
1789154478,9,0,0.006,4131761
1789154478,9,0,0.007,4131761
1789154478,9,0,0.005,4131761
1789154478,9,0,0.009,4131761
1789154478,9,0,0.017,4131761
1789154478,9,0,0.004,4131761
1789154478,9,0,0.021,4131761
1789154478,9,0,0.015,4131761
1789154478,9,0,0.004,4131761
1789154479,9,0,0.007,4131761
1789154479,8,0,0.043,4131761
1789154479,9,0,0.014,4131761
1789154479,9,0,0.003,4131761
1789154479,9,0,0.007,4131761
1789154479,9,0,0.016,4131761
1789154479,9,0,0.003,4131761
1789154480,9,0,0.003,4131761
1789154480,9,0,0.009,4131761
1789154480,9,0,0.016,4131761
1789154480,9,0,0.026,4131761
1789154480,9,0,0.009,4131761
1789154480,8,0,0.053,4131761
1789154480,9,0,0.011,4131761
1789154481,9,0,0.003,4131761
1789154481,9,0,0.018,4131761
1789154482,9,0,0.004,4131761
1789154482,9,0,0.004,4131761
1789154482,9,0,0.01,4131761
1789154482,9,0,0.004,4131761
1789154482,9,0,0.004,4131761
1789154483,9,0,0.005,4131761
1789154483,9,0,0.007,4131761
1789154483,9,0,0.003,4131761
1789154483,8,0,0.043,4131761
1789154483,9,0,0.022,4131761
1789154483,9,0,0.003,4131761
1789154483,9,0,0.004,4131761
1789154483,9,0,0.006,4131761
1789154483,9,0,0.012,4131761
1789154483,9,0,0.003,4131761
1789154484,9,0,0.015,4131761
1789154484,9,0,0.01,4131761
1789154484,9,0,0.019,4131761
1789154484,8,0,0.052,4131761
1789154484,9,0,0.008,4131761
1789154484,9,0,0.008,4131761
1789154484,9,0,0.023,4131761
1789154484,9,0,0.038,4131761
1789154484,9,0,0.01,4131761
1789154484,9,0,0.028,4131761
1789154484,9,0,0.013,4131761
1789154485,9,0,0.019,4131761
1789154485,9,0,0.006,4131761
1789154485,9,0,0.01,4131761
1789154485,8,0,0.046,4131761
1789154485,9,0,0.004,4131761
1789154486,9,0,0.003,4131761
1789154486,9,0,0.003,4131761
1789154486,9,0,0.008,4131761
1789154488,9,0,0.003,4131761
1789154488,9,0,0.008,4131761
1789154488,9,0,0.01,4131761
1789154488,9,0,0.003,4131761
1789154489,9,0,0.007,4131761
1789154489,9,0,0.003,4131761
1789154489,8,0,0.04,4131761
1789154489,9,0,0.009,4131761
1789154490,9,0,0.016,4131761
1789154490,9,0,0.003,4131761
1789154491,9,0,0.01,4131761
1789154491,9,0,0.007,4131761
1789154491,9,0,0.006,4131761
1789154491,9,0,0.007,4131761
1789154491,9,0,0.019,4131761
1789154491,9,0,0.003,4131761
1789154491,9,0,0.003,4131761
1789154491,8,0,0.038,4131761
1789154492,9,0,0.012,4131761
1789154492,9,0,0.031,4131761
1789154492,9,0,0.007,4131761
1789154492,9,0,0.003,4131761
1789154492,9,0,0.004,4131761
1789154492,9,0,0.006,4131761
1789154493,9,0,0.028,4131761
1789154494,9,0,0.003,4131761
1789154495,9,0,0.037,4131761
1789154496,9,0,0.004,4131761
1789154496,8,0,0.039,4131761
1789154496,9,0,0.011,4131761
1789154496,9,0,0.007,4131761
1789154496,9,0,0.026,4131761
1789154497,9,0,0.003,4131761
1789154497,9,0,0.005,4131761
1789154497,9,0,0.003,4131761
1789154497,9,0,0.055,4131761
1789154498,9,0,0.012,4131761
1789154498,9,0,0.003,4131761
1789154498,9,0,0.004,4131761
1789154498,8,0,0.039,4131761
1789154498,9,0,0.007,4131761
1789154499,9,0,0.003,4131761
1789154499,9,0,0.009,4131761
1789154499,9,0,0.006,4131761
1789154499,9,0,0.029,4131761
1789154500,9,0,0.005,4131761
1789154500,9,0,0.015,4131761
1789154500,9,0,0.01,4131761
1789154500,9,0,0.004,4131761
1789154500,9,0,0.006,4131761
1789154500,8,0,0.06,4131761
1789154501,9,0,0.004,4131761
1789154501,9,0,0.006,4131761
1789154501,9,0,0.01,4131761
1789154501,9,0,0.014,4131761
1789154501,9,0,0.01,4131761
1789154501,9,0,0.01,4131761
1789154501,9,0,0.003,4131761
1789154501,9,0,0.003,4131761
1789154501,9,0,0.01,4131761
1789154501,9,0,0.004,4131761
1789154501,8,0,0.03,4131761
1789154502,9,0,0.022,4131761
1789154502,9,0,0.003,4131761
1789154502,9,0,0.014,4131761
1789154502,9,0,0.003,4131761
1789154503,9,0,0.004,4131761
1789154503,9,0,0.003,4131761
1789154503,9,0,0.007,4131761
1789154503,9,0,0.004,4131761
1789154503,9,0,0.013,4131761
1789154503,9,0,0.006,4131761
1789154503,9,0,0.003,4131761
1789154503,8,0,0.042,4131761
1789154504,9,0,0.006,4131761
1789154504,9,0,0.005,4131761
1789154504,9,0,0.009,4131761
1789154504,9,0,0.003,4131761
1789154504,9,0,0.008,4131761
1789154504,9,0,0.007,4131761
1789154505,9,0,0.007,4131761
1789154505,9,0,0.003,4131761
1789154505,9,0,0.016,4131761
1789154506,9,0,0.003,4131761
1789154506,8,0,0.043,4131761
1789154506,9,0,0.003,4131761
1789154506,9,0,0.006,4131761
1789154506,9,0,0.003,4131761
1789154506,9,0,0.003,4131761
1789154506,9,0,0.007,4131761
1789154506,9,0,0.017,4131761
1789154507,9,0,0.005,4131761
1789154507,9,0,0.003,4131761
1789154507,9,0,0.007,4131761
1789154507,8,0,0.055,4131761
1789154507,9,0,0.006,4131761
1789154507,9,0,0.024,4131761
1789154507,9,0,0.009,4131761
1789154507,9,0,0.013,4131761
1789154507,9,0,0.01,4131761
1789154507,9,0,0.006,4131761
1789154507,9,0,0.004,4131761
1789154507,9,0,0.052,4131761
1789154508,9,0,0.006,4131761
1789154508,8,0,0.046,4131761
1789154508,9,0,0.058,4131761
1789154508,9,0,0.005,4131761
1789154508,9,0,0.012,4131761
1789154508,9,0,0.003,4131761
1789154509,9,0,0.016,4131761
1789154509,9,0,0.003,4131761
1789154509,9,0,0.003,4131761
1789154510,9,0,0.007,4131761
1789154511,9,0,0.004,4131761
1789154512,9,0,0.004,4131761
1789154512,9,0,0.005,4131761
1789154512,8,0,0.033,4131761
1789154513,9,0,0.013,4131761
1789154513,9,0,0.01,4131761
1789154513,9,0,0.008,4131761
1789154513,9,0,0.012,4131761
1789154513,9,0,0.005,4131761
1789154513,9,0,0.008,4131761
1789154513,9,0,0.003,4131761
1789154513,9,0,0.016,4131761
1789154513,9,0,0.003,4131761
1789154514,9,0,0.013,4131761
1789154514,9,0,0.008,4131761
1789154514,8,0,0.034,4131761
1789154514,9,0,0.003,4131761
1789154514,9,0,0.017,4131761
1789154514,9,0,0.003,4131761
1789154515,9,0,0.003,4131761
1789154515,9,0,0.003,4131761
1789154515,9,0,0.004,4131761
1789154516,9,0,0.006,4131761
1789154516,9,0,0.008,4131761
1789154516,9,0,0.005,4131761
1789154516,9,0,0.004,4131761
1789154516,8,0,0.044,4131761
1789154516,9,0,0.011,4131761
1789154516,9,0,0.017,4131761
1789154516,9,0,0.005,4131761
1789154517,9,0,0.006,4131761
1789154517,9,0,0.003,4131761
1789154517,9,0,0.004,4131761
1789154518,9,0,0.019,4131761
1789154518,9,0,0.01,4131761
1789154518,9,0,0.007,4131761
1789154518,8,0,0.039,4131761
1789154518,9,0,0.005,4131761
1789154518,9,0,0.012,4131761
1789154519,9,0,0.019,4131761
1789154520,9,0,0.008,4131761
1789154520,9,0,0.003,4131761
1789154520,9,0,0.003,4131761
1789154521,9,0,0.003,4131761
1789154521,9,0,0.004,4131761
1789154523,9,0,0.006,4131761
1789154523,9,0,0.009,4131761
1789154523,8,0,0.065,4131761
1789154523,9,0,0.006,4131761
1789154523,9,0,0.007,4131761
1789154524,9,0,0.004,4131761
1789154524,9,0,0.045,4131761
1789154524,9,0,0.012,4131761
1789154524,9,0,0.012,4131761
1789154524,9,0,0.003,4131761
1789154525,9,0,0.013,4131761
1789154525,9,0,0.01,4131761
1789154525,9,0,0.004,4131761
1789154525,9,0,0.009,4131761
1789154525,9,0,0.021,4131761
1789154525,8,0,0.096,4131761
1789154525,9,0,0.021,4131761
1789154526,9,0,0.004,4131761
1789154526,9,0,0.017,4131761
1789154526,9,0,0.017,4131761
1789154526,9,0,0.004,4131761
1789154526,9,0,0.003,4131761
1789154526,9,0,0.028,4131761
1789154526,9,0,0.007,4131761
1789154526,9,0,0.006,4131761
1789154526,8,0,0.047,4131761
1789154526,9,0,0.017,4131761
1789154526,9,0,0.004,4131761
1789154526,9,0,0.005,4131761
1789154526,9,0,0.005,4131761
1789154526,9,0,0.019,4131761
1789154526,9,0,0.005,4131761
1789154526,9,0,0.009,4131761
1789154526,9,0,0.004,4131761
1789154527,9,0,0.006,4131761
1789154527,8,0,0.046,4131761
1789154527,9,0,0.013,4131761
1789154527,9,0,0.012,4131761
1789154527,9,0,0.011,4131761
1789154527,9,0,0.003,4131761
1789154528,9,0,0.003,4131761
1789154528,9,0,0.004,4131761
1789154528,9,0,0.017,4131761
1789154528,9,0,0.003,4131761
1789154528,9,0,0.011,4131761
1789154528,9,0,0.01,4131761
1789154528,8,0,0.035,4131761
1789154528,9,0,0.004,4131761
1789154528,9,0,0.023,4131761
1789154529,9,0,0.004,4131761
1789154529,9,0,0.007,4131761
1789154529,9,0,0.003,4131761
1789154529,9,0,0.011,4131761
1789154529,9,0,0.003,4131761
1789154530,9,0,0.018,4131761
1789154530,9,0,0.012,4131761
1789154530,9,0,0.003,4131761
1789154530,8,0,0.043,4131761
1789154530,9,0,0.007,4131761
1789154530,9,0,0.019,4131761
1789154530,9,0,0.003,4131761
1789154531,9,0,0.003,4131761
1789154531,9,0,0.011,4131761
1789154531,9,0,0.011,4131761
1789154533,9,0,0.004,4131761
1789154533,9,0,0.008,4131761
1789154533,9,0,0.003,4131761
1789154533,9,0,0.006,4131761
1789154533,8,0,0.035,4131761
1789154533,9,0,0.004,4131761
1789154533,9,0,0.004,4131761
1789154534,9,0,0.068,4131761
1789154534,9,0,0.018,4131761
1789154534,9,0,0.033,4131761
1789154534,9,0,0.018,4131761
1789154534,9,0,0.004,4131761
1789154535,9,0,0.011,4131761
1789154535,9,0,0.006,4131761
1789154536,9,0,0.007,4131761
1789154536,8,0,0.035,4131761
1789154536,9,0,0.007,4131761
1789154536,9,0,0.004,4131761
1789154536,9,0,0.015,4131761
1789154536,9,0,0.012,4131761
1789154536,9,0,0.003,4131761
1789154536,9,0,0.025,4131761
1789154537,9,0,0.008,4131761
1789154537,9,0,0.004,4131761
1789154537,9,0,0.003,4131761
1789154537,9,0,0.01,4131761
1789154537,8,0,0.034,4131761
1789154537,9,0,0.008,4131761
1789154537,9,0,0.007,4131761
1789154537,9,0,0.008,4131761
1789154538,9,0,0.025,4131761
1789154538,9,0,0.005,4131761
1789154538,9,0,0.008,4131761
1789154538,9,0,0.011,4131761
1789154539,9,0,0.004,4131761
1789154540,9,0,0.004,4131761
1789154540,9,0,0.012,4131761
1789154540,8,0,0.041,4131761
1789154540,9,0,0.014,4131761
1789154540,9,0,0.006,4131761
1789154540,9,0,0.006,4131761
1789154540,9,0,0.004,4131761
1789154541,9,0,0.005,4131761
1789154541,9,0,0.006,4131761
1789154541,9,0,0.006,4131761
1789154541,9,0,0.027,4131761
1789154541,9,0,0.022,4131761
1789154541,9,0,0.003,4131761
1789154541,8,0,0.037,4131761
1789154542,9,0,0.003,4131761
1789154542,9,0,0.004,4131761
1789154542,9,0,0.003,4131761
1789154543,9,0,0.022,4131761
1789154543,9,0,0.003,4131761
1789154544,9,0,0.003,4131761
1789154544,9,0,0.005,4131761
1789154544,9,0,0.008,4131761
1789154544,9,0,0.005,4131761
1789154544,9,0,0.016,4131761
1789154545,8,0,0.068,4131761
1789154545,9,0,0.014,4131761
1789154545,9,0,0.01,4131761
1789154545,9,0,0.003,4131761
1789154545,9,0,0.003,4131761
1789154545,9,0,0.003,4131761
1789154545,9,0,0.008,4131761
1789154545,9,0,0.011,4131761
1789154545,9,0,0.003,4131761
1789154545,9,0,0.005,4131761
1789154545,9,0,0.011,4131761
1789154545,8,0,0.03,4131761
1789154545,9,0,0.003,4131761
1789154545,9,0,0.006,4131761
1789154545,9,0,0.012,4131761
1789154545,9,0,0.006,4131761
1789154545,9,0,0.024,4131761
1789154546,9,0,0.003,4131761
1789154546,9,0,0.026,4131761
1789154546,9,0,0.016,4131761
1789154546,9,0,0.003,4131761
1789154547,9,0,0.031,4131761
1789154547,8,0,0.048,4131761
1789154547,9,0,0.007,4131761
1789154548,9,0,0.007,4131761
1789154548,9,0,0.012,4131761
1789154548,9,0,0.004,4131761
1789154548,9,0,0.003,4131761
1789154548,9,0,0.004,4131761
1789154548,9,0,0.004,4131761
1789154549,9,0,0.003,4131761
1789154549,9,0,0.003,4131761
1789154549,9,0,0.005,4131761
1789154549,8,0,0.06,4131761
1789154549,9,0,0.018,4131761
1789154549,9,0,0.011,4131761
1789154550,9,0,0.01,4131761
1789154550,9,0,0.017,4131761
1789154550,9,0,0.006,4131761
1789154551,9,0,0.007,4131761
1789154551,9,0,0.005,4131761
1789154551,9,0,0.006,4131761
1789154552,9,0,0.02,4131761
1789154552,9,0,0.024,4131761
1789154552,8,0,0.033,4131761
1789154552,9,0,0.003,4131761
1789154552,9,0,0.027,4131761
1789154552,9,0,0.015,4131761
1789154553,9,0,0.012,4131761
1789154553,9,0,0.022,4131761
1789154553,9,0,0.015,4131761
1789154555,9,0,0.006,4131761
1789154555,9,0,0.004,4131761
1789154555,9,0,0.004,4131761
1789154557,9,0,0.005,4131761
1789154557,9,0,0.003,4131761
1789154557,8,0,0.049,4131761
1789154557,9,0,0.004,4131761
1789154557,9,0,0.003,4131761
1789154557,9,0,0.011,4131761
1789154557,9,0,0.019,4131761
1789154557,9,0,0.015,4131761
1789154558,9,0,0.005,4131761
1789154558,9,0,0.005,4131761
1789154558,9,0,0.031,4131761
1789154558,9,0,0.005,4131761
1789154558,8,0,0.043,4131761
1789154558,9,0,0.004,4131761
1789154559,9,0,0.003,4131761
1789154559,9,0,0.006,4131761
1789154559,9,0,0.007,4131761
1789154559,9,0,0.009,4131761
1789154559,9,0,0.003,4131761
1789154559,9,0,0.003,4131761
1789154560,9,0,0.007,4131761
1789154560,9,0,0.004,4131761
1789154560,9,0,0.004,4131761
1789154560,8,0,0.038,4131761
1789154560,9,0,0.003,4131761
1789154560,9,0,0.003,4131761
1789154560,9,0,0.003,4131761
1789154560,9,0,0.003,4131761
1789154560,9,0,0.003,4131761
1789154560,9,0,0.008,4131761
1789154560,9,0,0.019,4131761
1789154560,9,0,0.005,4131761
1789154560,9,0,0.003,4131761
1789154560,9,0,0.009,4131761
1789154560,8,0,0.034,4131761
1789154560,9,0,0.01,4131761
1789154560,9,0,0.015,4131761
1789154560,9,0,0.004,4131761
1789154560,9,0,0.003,4131761
1789154561,9,0,0.01,4131761
1789154561,9,0,0.006,4131761
1789154561,9,0,0.01,4131761
1789154561,9,0,0.004,4131761
1789154561,9,0,0.024,4131761
1789154561,9,0,0.004,4131761
1789154561,9,0,0.011,4131761
1789154561,8,0,0.031,4131761
1789154561,9,0,0.007,4131761
1789154561,9,0,0.008,4131761
1789154561,9,0,0.019,4131761
1789154562,9,0,0.012,4131761
1789154562,9,0,0.005,4131761
1789154562,9,0,0.031,4131761
1789154562,9,0,0.045,4131761
1789154562,9,0,0.016,4131761
1789154563,9,0,0.005,4131761
1789154563,8,0,0.034,4131761
1789154563,9,0,0.007,4131761
1789154564,9,0,0.007,4131761
1789154564,9,0,0.005,4131761
1789154564,9,0,0.002,4131761
1789154565,9,0,0.022,4131761
1789154565,9,0,0.005,4131761
1789154566,9,0,0.005,4131761
1789154566,9,0,0.003,4131761
1789154566,9,0,0.003,4131761
1789154566,9,0,0.004,4131761
1789154566,8,0,0.034,4131761
1789154566,9,0,0.003,4131761
1789154567,9,0,0.009,4131761
1789154567,9,0,0.01,4131761
1789154567,9,0,0.006,4131761
1789154567,9,0,0.007,4131761
1789154567,9,0,0.003,4131761
1789154567,9,0,0.003,4131761
1789154568,9,0,0.004,4131761
1789154568,9,0,0.04,4131761
1789154568,9,0,0.017,4131761
1789154568,8,0,0.037,4131761
1789154568,9,0,0.007,4131761
1789154568,9,0,0.01,4131761
1789154568,9,0,0.01,4131761
1789154568,9,0,0.008,4131761
1789154569,9,0,0.014,4131761
1789154569,9,0,0.011,4131761
1789154569,9,0,0.006,4131761
1789154572,9,0,0.005,4131761
1789154572,9,0,0.007,4131761
1789154572,9,0,0.004,4131761
1789154572,8,0,0.039,4131761
1789154572,9,0,0.005,4131761
1789154572,9,0,0.013,4131761
1789154572,9,0,0.012,4131761
1789154572,9,0,0.003,4131761
1789154573,9,0,0.003,4131761
1789154573,9,0,0.005,4131761
1789154573,9,0,0.012,4131761
1789154573,9,0,0.007,4131761
1789154574,9,0,0.004,4131761
1789154574,9,0,0.036,4131761
1789154574,8,0,0.054,4131761
1789154574,9,0,0.022,4131761
1789154574,9,0,0.014,4131761
1789154574,9,0,0.003,4131761
1789154574,9,0,0.003,4131761
1789154574,9,0,0.012,4131761
1789154574,9,0,0.003,4131761
1789154574,9,0,0.012,4131761
1789154574,9,0,0.003,4131761
1789154574,9,0,0.01,4131761
1789154575,9,0,0.009,4131761
1789154575,8,0,0.03,4131761
1789154575,9,0,0.007,4131761
1789154575,9,0,0.01,4131761
1789154575,9,0,0.007,4131761
1789154575,9,0,0.009,4131761
1789154575,9,0,0.017,4131761
1789154575,9,0,0.021,4131761
1789154576,9,0,0.004,4131761
1789154576,9,0,0.005,4131761
1789154576,9,0,0.012,4131761
1789154576,9,0,0.01,4131761
1789154577,8,0,0.03,4131761
1789154577,9,0,0.007,4131761
1789154577,9,0,0.007,4131761
1789154577,9,0,0.008,4131761
1789154578,9,0,0.004,4131761
1789154578,9,0,0.006,4131761
1789154578,9,0,0.003,4131761
1789154578,9,0,0.004,4131761
1789154578,9,0,0.003,4131761
1789154579,9,0,0.004,4131761
1789154579,9,0,0.034,4131761
1789154579,9,0,0.016,4131761
1789154579,8,0,0.095,4131761
1789154580,9,0,0.011,4131761
1789154580,9,0,0.017,4131761
1789154580,9,0,0.003,4131761
1789154580,9,0,0.003,4131761
1789154580,9,0,0.004,4131761
1789154580,9,0,0.003,4131761
1789154581,9,0,0.004,4131761
1789154581,9,0,0.006,4131761
1789154581,9,0,0.004,4131761
1789154581,8,0,0.029,4131761
1789154581,9,0,0.005,4131761
1789154581,9,0,0.005,4131761
1789154581,9,0,0.015,4131761
1789154581,9,0,0.007,4131761
1789154582,9,0,0.007,4131761
1789154582,9,0,0.003,4131761
1789154583,9,0,0.003,4131761
1789154585,9,0,0.007,4131761
1789154586,9,0,0.01,4131761
1789154586,9,0,0.003,4131761
1789154586,8,0,0.041,4131761
1789154586,9,0,0.006,4131761
1789154586,9,0,0.004,4131761
1789154586,9,0,0.004,4131761
1789154587,9,0,0.006,4131761
1789154587,9,0,0.003,4131761
1789154587,9,0,0.017,4131761
1789154587,9,0,0.003,4131761
1789154587,9,0,0.004,4131761
1789154587,9,0,0.003,4131761
1789154587,9,0,0.01,4131761
1789154587,8,0,0.039,4131761
1789154587,9,0,0.008,4131761
1789154588,9,0,0.006,4131761
1789154588,9,0,0.011,4131761
1789154588,9,0,0.007,4131761
1789154588,9,0,0.01,4131761
1789154588,9,0,0.003,4131761
1789154588,9,0,0.016,4131761
1789154588,9,0,0.02,4131761
1789154588,9,0,0.01,4131761
1789154589,9,0,0.01,4131761
1789154589,8,0,0.034,4131761
1789154589,9,0,0.004,4131761
1789154589,9,0,0.003,4131761
1789154589,9,0,0.008,4131761
1789154589,9,0,0.003,4131761
1789154589,9,0,0.003,4131761
1789154589,9,0,0.003,4131761
1789154589,9,0,0.011,4131761
1789154590,9,0,0.003,4131761
1789154590,9,0,0.005,4131761
1789154590,9,0,0.004,4131761
1789154590,8,0,0.036,4131761
1789154590,9,0,0.049,4131761
1789154590,9,0,0.004,4131761
1789154590,9,0,0.021,4131761
1789154590,9,0,0.007,4131761
1789154590,9,0,0.006,4131761
1789154590,9,0,0.003,4131761
1789154590,9,0,0.034,4131761
1789154591,9,0,0.008,4131761
1789154591,9,0,0.005,4131761
1789154591,9,0,0.004,4131761
1789154591,8,0,0.032,4131761
1789154591,9,0,0.005,4131761
1789154592,9,0,0.01,4131761
1789154592,9,0,0.018,4131761
1789154592,9,0,0.017,4131761
1789154592,9,0,0.006,4131761
1789154592,9,0,0.025,4131761
1789154593,9,0,0.013,4131761
1789154593,9,0,0.004,4131761
1789154593,9,0,0.009,4131761
1789154593,9,0,0.016,4131761
1789154593,8,0,0.035,4131761
1789154593,9,0,0.011,4131761
1789154593,9,0,0.004,4131761
1789154593,9,0,0.015,4131761
1789154593,9,0,0.024,4131761
1789154594,9,0,0.015,4131761
1789154594,9,0,0.008,4131761
1789154595,9,0,0.006,4131761
1789154595,9,0,0.016,4131761
1789154595,9,0,0.006,4131761
1789154596,9,0,0.031,4131761
1789154596,8,0,0.054,4131761
1789154596,9,0,0.003,4131761
1789154596,9,0,0.009,4131761
1789154596,9,0,0.022,4131761
1789154596,9,0,0.018,4131761
1789154596,9,0,0.003,4131761
1789154596,9,0,0.006,4131761
1789154596,9,0,0.007,4131761
1789154596,9,0,0.003,4131761
1789154597,9,0,0.006,4131761
1789154597,9,0,0.003,4131761
1789154597,8,0,0.034,4131761
1789154597,9,0,0.003,4131761
1789154597,9,0,0.008,4131761
1789154598,9,0,0.005,4131761
1789154599,9,0,0.014,4131761
1789154599,9,0,0.004,4131761
1789154599,9,0,0.005,4131761
1789154599,9,0,0.017,4131761
1789154599,9,0,0.017,4131761
1789154600,9,0,0.017,4131761
1789154601,9,0,0.004,4131761
1789154601,8,0,0.032,4131761
1789154601,9,0,0.02,4131761
1789154601,9,0,0.009,4131761
1789154601,9,0,0.003,4131761
1789154601,9,0,0.012,4131761
1789154601,9,0,0.006,4131761
1789154602,9,0,0.005,4131761
1789154603,9,0,0.003,4131761
1789154603,9,0,0.003,4131761
1789154603,9,0,0.007,4131761
1789154603,9,0,0.019,4131761
1789154603,8,0,0.052,4131761
1789154603,9,0,0.003,4131761
1789154603,9,0,0.009,4131761
1789154604,9,0,0.007,4131761
1789154604,9,0,0.013,4131761
1789154604,9,0,0.025,4131761
1789154604,9,0,0.003,4131761
1789154604,9,0,0.003,4131761
1789154604,9,0,0.008,4131761
1789154604,9,0,0.012,4131761
1789154604,9,0,0.014,4131761
1789154605,8,0,0.057,4131761
1789154605,9,0,0.009,4131761
1789154605,9,0,0.016,4131761
1789154606,9,0,0.016,4131761
1789154606,9,0,0.016,4131761
1789154606,9,0,0.004,4131761
1789154607,9,0,0.01,4131761
1789154607,9,0,0.003,4131761
1789154607,9,0,0.006,4131761
1789154608,9,0,0.03,4131761
1789154608,9,0,0.026,4131761
1789154608,8,0,0.071,4131761
1789154608,9,0,0.004,4131761
1789154608,9,0,0.011,4131761
1789154609,9,0,0.004,4131761
1789154609,9,0,0.01,4131761
1789154609,9,0,0.003,4131761
1789154609,9,0,0.004,4131761
1789154610,9,0,0.011,4131761
1789154610,9,0,0.003,4131761
1789154611,9,0,0.003,4131761
1789154613,9,0,0.004,4131761
1789154613,8,0,0.034,4131761
1789154613,9,0,0.01,4131761
1789154613,9,0,0.003,4131761
1789154614,9,0,0.007,4131761
1789154614,9,0,0.011,4131761
1789154614,9,0,0.004,4131761
1789154614,9,0,0.011,4131761
1789154614,9,0,0.003,4131761
1789154615,9,0,0.003,4131761
1789154615,9,0,0.02,4131761
1789154615,9,0,0.003,4131761
1789154615,8,0,0.039,4131761
1789154615,9,0,0.003,4131761
1789154616,9,0,0.003,4131761
1789154616,9,0,0.003,4131761
1789154616,9,0,0.009,4131761
1789154616,9,0,0.008,4131761
1789154616,9,0,0.007,4131761
1789154616,9,0,0.003,4131761
1789154616,9,0,0.02,4131761
1789154617,9,0,0.003,4131761
1789154617,9,0,0.009,4131761
1789154617,8,0,0.099,4131761
1789154617,9,0,0.009,4131761
1789154617,9,0,0.003,4131761
1789154617,9,0,0.003,4131761
1789154618,9,0,0.006,4131761
1789154618,9,0,0.004,4131761
1789154618,9,0,0.007,4131761
1789154618,9,0,0.009,4131761
1789154618,9,0,0.003,4131761
1789154618,9,0,0.023,4131761
1789154619,9,0,0.004,4131761
1789154619,8,0,0.035,4131761
1789154620,9,0,0.004,4131761
1789154620,9,0,0.016,4131761
1789154620,9,0,0.004,4131761
1789154620,9,0,0.003,4131761
1789154620,9,0,0.007,4131761
1789154620,9,0,0.003,4131761
1789154620,9,0,0.018,4131761
1789154620,9,0,0.034,4131761
1789154620,9,0,0.004,4131761
1789154621,9,0,0.004,4131761
1789154621,8,0,0.032,4131761
1789154621,9,0,0.003,4131761
1789154621,9,0,0.003,4131761
1789154621,9,0,0.003,4131761
1789154621,9,0,0.003,4131761
1789154621,9,0,0.013,4131761
1789154622,9,0,0.007,4131761
1789154622,9,0,0.006,4131761
1789154622,9,0,0.033,4131761
1789154622,9,0,0.004,4131761
1789154622,9,0,0.007,4131761
1789154622,8,0,0.035,4131761
1789154622,9,0,0.003,4131761
1789154622,9,0,0.008,4131761
1789154623,9,0,0.004,4131761
1789154623,9,0,0.009,4131761
1789154623,9,0,0.017,4131761
1789154623,9,0,0.007,4131761
1789154623,9,0,0.017,4131761
1789154623,9,0,0.004,4131761
1789154623,9,0,0.003,4131761
1789154624,9,0,0.013,4131761
1789154624,8,0,0.029,4131761
1789154624,9,0,0.003,4131761
1789154624,9,0,0.005,4131761
1789154624,9,0,0.017,4131761
1789154624,9,0,0.008,4131761
1789154624,9,0,0.007,4131761
1789154625,9,0,0.018,4131761
1789154625,9,0,0.012,4131761
1789154625,9,0,0.009,4131761
1789154625,9,0,0.004,4131761
1789154625,9,0,0.007,4131761
1789154625,8,0,0.036,4131761
1789154625,9,0,0.002,4131761
1789154626,9,0,0.009,4131761
1789154626,9,0,0.016,4131761
1789154626,9,0,0.003,4131761
1789154626,9,0,0.006,4131761
1789154627,9,0,0.006,4131761
1789154627,9,0,0.013,4131761
1789154628,9,0,0.004,4131761
1789154628,9,0,0.003,4131761
1789154630,9,0,0.014,4131761
1789154630,8,0,0.037,4131761
1789154630,9,0,0.006,4131761
1789154630,9,0,0.004,4131761
1789154630,9,0,0.018,4131761
1789154630,9,0,0.008,4131761
1789154631,9,0,0.023,4131761
1789154631,9,0,0.005,4131761
1789154631,9,0,0.013,4131761
1789154631,9,0,0.014,4131761
1789154631,9,0,0.012,4131761
1789154631,9,0,0.031,4131761
1789154631,8,0,0.094,4131761
1789154631,9,0,0.012,4131761
1789154631,9,0,0.005,4131761
1789154632,9,0,0.006,4131761
1789154632,9,0,0.005,4131761
1789154632,9,0,0.022,4131761
1789154632,9,0,0.006,4131761
1789154632,9,0,0.008,4131761
1789154633,9,0,0.007,4131761
1789154633,9,0,0.004,4131761
1789154633,9,0,0.004,4131761
1789154633,8,0,0.029,4131761
1789154633,9,0,0.006,4131761
1789154633,9,0,0.008,4131761
1789154633,9,0,0.004,4131761
1789154633,9,0,0.004,4131761
1789154633,9,0,0.009,4131761
1789154634,9,0,0.016,4131761
1789154634,9,0,0.005,4131761
1789154634,9,0,0.008,4131761
1789154634,9,0,0.013,4131761
1789154634,9,0,0.006,4131761
1789154634,8,0,0.035,4131761
1789154635,9,0,0.003,4131761
1789154635,9,0,0.006,4131761
1789154635,9,0,0.019,4131761
1789154635,9,0,0.012,4131761
1789154636,9,0,0.004,4131761
1789154636,9,0,0.015,4131761
1789154636,9,0,0.01,4131761
1789154636,9,0,0.003,4131761
1789154636,9,0,0.003,4131761
1789154637,9,0,0.003,4131761
1789154637,8,0,0.036,4131761
1789154637,9,0,0.004,4131761
1789154637,9,0,0.063,4131761
1789154637,9,0,0.013,4131761
1789154637,9,0,0.004,4131761
1789154637,9,0,0.035,4131761
1789154638,9,0,0.011,4131761
1789154638,9,0,0.012,4131761
1789154638,9,0,0.014,4131761
1789154639,9,0,0.01,4131761
1789154640,9,0,0.005,4131761
1789154640,8,0,0.047,4131761
1789154640,9,0,0.003,4131761
1789154640,9,0,0.008,4131761
1789154640,9,0,0.015,4131761
1789154640,9,0,0.043,4131761
1789154640,9,0,0.003,4131761
1789154640,9,0,0.006,4131761
1789154640,9,0,0.008,4131761
1789154641,9,0,0.01,4131761
1789154641,9,0,0.09,4131761
1789154641,9,0,0.007,4131761
1789154641,8,0,0.032,4131761
1789154642,9,0,0.004,4131761
1789154642,9,0,0.018,4131761
1789154642,9,0,0.004,4131761
1789154642,9,0,0.004,4131761
1789154642,9,0,0.008,4131761
1789154642,9,0,0.012,4131761
1789154643,9,0,0.012,4131761
1789154645,9,0,0.014,4131761
1789154645,9,0,0.014,4131761
1789154646,9,0,0.022,4131761
1789154646,8,0,0.049,4131761
1789154646,9,0,0.005,4131761
1789154646,9,0,0.011,4131761
1789154646,9,0,0.009,4131761
1789154646,9,0,0.003,4131761
1789154647,9,0,0.003,4131761
1789154647,9,0,0.02,4131761
1789154647,9,0,0.003,4131761
1789154648,9,0,0.016,4131761
1789154648,9,0,0.006,4131761
1789154648,9,0,0.003,4131761
1789154648,8,0,0.035,4131761
1789154648,9,0,0.032,4131761
1789154648,9,0,0.028,4131761
1789154648,9,0,0.036,4131761
1789154649,9,0,0.003,4131761
1789154649,9,0,0.004,4131761
1789154649,9,0,0.004,4131761
1789154649,9,0,0.014,4131761
1789154649,9,0,0.014,4131761
1789154649,9,0,0.004,4131761
1789154649,9,0,0.004,4131761
1789154649,8,0,0.032,4131761
1789154649,9,0,0.004,4131761
1789154649,9,0,0.005,4131761
1789154650,9,0,0.007,4131761
1789154650,9,0,0.016,4131761
1789154650,9,0,0.004,4131761
1789154650,9,0,0.01,4131761
1789154650,9,0,0.003,4131761
1789154650,9,0,0.018,4131761
1789154650,9,0,0.014,4131761
1789154651,9,0,0.004,4131761
1789154651,8,0,0.037,4131761
1789154651,9,0,0.008,4131761
1789154651,9,0,0.007,4131761
1789154652,9,0,0.018,4131761
1789154652,9,0,0.007,4131761
1789154652,9,0,0.004,4131761
1789154652,9,0,0.041,4131761
1789154652,9,0,0.009,4131761
1789154652,9,0,0.003,4131761
1789154652,9,0,0.003,4131761
1789154652,9,0,0.004,4131761
1789154652,8,0,0.034,4131761
1789154652,9,0,0.011,4131761
1789154652,9,0,0.005,4131761
1789154652,9,0,0.013,4131761
1789154652,9,0,0.004,4131761
1789154653,9,0,0.015,4131761
1789154653,9,0,0.007,4131761
1789154653,9,0,0.011,4131761
1789154653,9,0,0.022,4131761
1789154653,9,0,0.005,4131761
1789154653,9,0,0.004,4131761
1789154653,8,0,0.044,4131761
1789154653,9,0,0.006,4131761
1789154653,9,0,0.006,4131761
1789154654,9,0,0.007,4131761
1789154654,9,0,0.006,4131761
1789154654,9,0,0.006,4131761
1789154654,9,0,0.013,4131761
1789154654,9,0,0.014,4131761
1789154655,9,0,0.017,4131761
1789154655,9,0,0.007,4131761
1789154656,9,0,0.003,4131761
1789154656,8,0,0.04,4131761
1789154656,9,0,0.002,4131761
1789154656,9,0,0.007,4131761
1789154656,9,0,0.005,4131761
1789154656,9,0,0.009,4131761
1789154656,9,0,0.005,4131761
1789154656,9,0,0.018,4131761
1789154657,9,0,0.004,4131761
1789154658,9,0,0.013,4131761
1789154658,9,0,0.005,4131761
1789154658,9,0,0.006,4131761
1789154658,8,0,0.04,4131761
1789154658,9,0,0.015,4131761
1789154659,9,0,0.007,4131761
1789154659,9,0,0.004,4131761
1789154659,9,0,0.01,4131761
1789154660,9,0,0.006,4131761
1789154660,9,0,0.025,4131761
1789154660,9,0,0.019,4131761
1789154660,9,0,0.012,4131761
1789154661,9,0,0.045,4131761
1789154661,9,0,0.02,4131761
1789154661,8,0,0.077,4131761
1789154661,9,0,0.003,4131761
1789154661,9,0,0.01,4131761
1789154661,9,0,0.003,4131761
1789154661,9,0,0.007,4131761
1789154661,9,0,0.005,4131761
1789154661,9,0,0.004,4131761
1789154662,9,0,0.016,4131761
1789154662,9,0,0.004,4131761
1789154662,9,0,0.015,4131761
1789154662,9,0,0.011,4131761
1789154662,8,0,0.05,4131761
1789154662,9,0,0.002,4131761
1789154663,9,0,0.024,4131761
1789154663,9,0,0.007,4131761
1789154663,9,0,0.015,4131761
1789154664,9,0,0.01,4131761
1789154665,9,0,0.004,4131761
1789154665,9,0,0.005,4131761
1789154665,9,0,0.012,4131761
1789154666,9,0,0.005,4131761
1789154666,9,0,0.017,4131761
1789154666,8,0,0.037,4131761
1789154666,9,0,0.006,4131761
1789154666,9,0,0.019,4131761
1789154666,9,0,0.003,4131761
1789154667,9,0,0.003,4131761
1789154667,9,0,0.003,4131761
1789154667,9,0,0.011,4131761
1789154667,9,0,0.008,4131761
1789154667,9,0,0.016,4131761
1789154667,9,0,0.004,4131761
1789154667,9,0,0.004,4131761
1789154668,8,0,0.056,4131761
1789154668,9,0,0.003,4131761
1789154668,9,0,0.006,4131761
1789154668,9,0,0.023,4131761
1789154668,9,0,0.009,4131761
1789154668,9,0,0.004,4131761
1789154668,9,0,0.005,4131761
1789154669,9,0,0.025,4131761
1789154669,9,0,0.004,4131761
1789154669,9,0,0.006,4131761
1789154670,9,0,0.004,4131761
1789154670,8,0,0.034,4131761
1789154670,9,0,0.004,4131761
1789154670,9,0,0.003,4131761
1789154670,9,0,0.006,4131761
1789154670,9,0,0.004,4131761
1789154670,9,0,0.004,4131761
1789154670,9,0,0.007,4131761
1789154670,9,0,0.003,4131761
1789154670,9,0,0.006,4131761
1789154670,9,0,0.004,4131761
1789154671,9,0,0.003,4131761
1789154671,8,0,0.032,4131761
1789154671,9,0,0.006,4131761
1789154671,9,0,0.003,4131761
1789154671,9,0,0.004,4131761
1789154672,9,0,0.027,4131761
1789154672,9,0,0.003,4131761
1789154672,9,0,0.003,4131761
1789154672,9,0,0.005,4131761
1789154673,9,0,0.013,4131761
1789154673,9,0,0.006,4131761
1789154674,9,0,0.004,4131761
1789154674,8,0,0.04,4131761
1789154674,9,0,0.016,4131761
1789154674,9,0,0.007,4131761
1789154674,9,0,0.016,4131761
1789154674,9,0,0.019,4131761
1789154674,9,0,0.003,4131761
1789154674,9,0,0.014,4131761
1789154674,9,0,0.003,4131761
1789154674,9,0,0.005,4131761
1789154675,9,0,0.004,4131761
1789154675,9,0,0.021,4131761
1789154675,8,0,0.05,4131761
1789154675,9,0,0.007,4131761
1789154675,9,0,0.008,4131761
1789154676,9,0,0.026,4131761
1789154676,9,0,0.016,4131761
1789154676,9,0,0.003,4131761
1789154676,9,0,0.006,4131761
1789154676,9,0,0.013,4131761
1789154677,9,0,0.018,4131761
1789154677,9,0,0.005,4131761
1789154677,9,0,0.026,4131761
1789154677,8,0,0.033,4131761
1789154677,9,0,0.013,4131761
1789154677,9,0,0.04,4131761
1789154677,9,0,0.023,4131761
1789154677,9,0,0.025,4131761
1789154678,9,0,0.015,4131761
1789154678,9,0,0.015,4131761
1789154678,9,0,0.004,4131761
1789154678,9,0,0.003,4131761
1789154678,9,0,0.008,4131761
1789154679,9,0,0.004,4131761
1789154679,8,0,0.03,4131761
1789154679,9,0,0.003,4131761
1789154679,9,0,0.004,4131761
1789154679,9,0,0.005,4131761
1789154679,9,0,0.005,4131761
1789154679,9,0,0.003,4131761
1789154680,9,0,0.009,4131761
1789154680,9,0,0.003,4131761
1789154680,9,0,0.03,4131761
1789154680,9,0,0.003,4131761
1789154681,9,0,0.004,4131761
1789154681,8,0,0.03,4131761
1789154681,9,0,0.009,4131761
1789154681,9,0,0.004,4131761
1789154681,9,0,0.015,4131761
1789154681,9,0,0.004,4131761
1789154681,9,0,0.003,4131761
1789154681,9,0,0.033,4131761
1789154681,9,0,0.012,4131761
1789154682,9,0,0.015,4131761
1789154682,9,0,0.018,4131761
1789154682,9,0,0.004,4131761
1789154682,8,0,0.035,4131761
1789154682,9,0,0.02,4131761
1789154682,9,0,0.027,4131761
1789154683,9,0,0.012,4131761
1789154683,9,0,0.012,4131761
1789154683,9,0,0.014,4131761
1789154683,9,0,0.004,4131761
1789154683,9,0,0.003,4131761
1789154683,9,0,0.003,4131761
1789154683,9,0,0.01,4131761
1789154683,9,0,0.005,4131761
1789154683,8,0,0.03,4131761
1789154683,9,0,0.003,4131761
1789154684,9,0,0.003,4131761
1789154684,9,0,0.012,4131761
1789154684,9,0,0.003,4131761
1789154685,9,0,0.004,4131761
1789154685,9,0,0.007,4131761
1789154686,9,0,0.003,4131761
1789154686,9,0,0.005,4131761
1789154687,9,0,0.004,4131761
1789154687,9,0,0.006,4131761
1789154687,8,0,0.045,4131761
1789154687,9,0,0.003,4131761
1789154687,9,0,0.014,4131761
1789154688,9,0,0.003,4131761
1789154688,9,0,0.005,4131761
1789154688,9,0,0.004,4131761
1789154688,9,0,0.003,4131761
1789154688,9,0,0.011,4131761
1789154688,9,0,0.016,4131761
1789154688,9,0,0.006,4131761
1789154689,9,0,0.006,4131761
1789154689,8,0,0.038,4131761
1789154689,9,0,0.006,4131761
1789154689,9,0,0.007,4131761
1789154689,9,0,0.007,4131761
1789154689,9,0,0.014,4131761
1789154689,9,0,0.011,4131761
1789154689,9,0,0.007,4131761
1789154689,9,0,0.003,4131761
1789154689,9,0,0.004,4131761
1789154689,9,0,0.011,4131761
1789154689,9,0,0.003,4131761
1789154689,8,0,0.031,4131761
1789154689,9,0,0.007,4131761
1789154689,9,0,0.006,4131761
1789154690,9,0,0.024,4131761
1789154690,9,0,0.005,4131761
1789154690,9,0,0.012,4131761
1789154690,9,0,0.005,4131761
1789154690,9,0,0.003,4131761
1789154690,9,0,0.003,4131761
1789154690,9,0,0.014,4131761
1789154690,9,0,0.009,4131761
1789154691,8,0,0.039,4131761
1789154691,9,0,0.006,4131761
1789154691,9,0,0.003,4131761
1789154691,9,0,0.007,4131761
1789154691,9,0,0.007,4131761
1789154691,9,0,0.028,4131761
1789154691,9,0,0.017,4131761
1789154691,9,0,0.017,4131761
1789154691,9,0,0.011,4131761
1789154692,9,0,0.005,4131761
1789154692,9,0,0.028,4131761
1789154692,8,0,0.061,4131761
1789154692,9,0,0.031,4131761
1789154692,9,0,0.015,4131761
1789154692,9,0,0.019,4131761
1789154692,9,0,0.003,4131761
1789154693,9,0,0.005,4131761
1789154693,9,0,0.003,4131761
1789154694,9,0,0.022,4131761
1789154694,9,0,0.003,4131761
1789154694,9,0,0.01,4131761
1789154694,9,0,0.008,4131761
1789154694,8,0,0.038,4131761
1789154695,9,0,0.007,4131761
1789154695,9,0,0.026,4131761
1789154695,9,0,0.009,4131761
1789154695,9,0,0.006,4131761
1789154696,9,0,0.006,4131761
1789154696,9,0,0.009,4131761
1789154696,9,0,0.004,4131761
1789154696,9,0,0.011,4131761
1789154696,9,0,0.009,4131761
1789154696,9,0,0.006,4131761
1789154696,9,0,0.003,4131761
1789154696,8,0,0.039,4131761
1789154697,9,0,0.015,4131761
1789154697,9,0,0.015,4131761
1789154697,9,0,0.004,4131761
1789154697,9,0,0.003,4131761
1789154697,9,0,0.01,4131761
1789154697,9,0,0.003,4131761
1789154697,9,0,0.023,4131761
1789154698,9,0,0.006,4131761
1789154698,9,0,0.025,4131761
1789154698,8,0,0.055,4131761
1789154698,9,0,0.003,4131761
1789154698,9,0,0.005,4131761
1789154698,9,0,0.003,4131761
1789154698,9,0,0.034,4131761
1789154698,9,0,0.003,4131761
1789154698,9,0,0.044,4131761
1789154699,9,0,0.009,4131761
1789154700,9,0,0.038,4131761
1789154700,9,0,0.004,4131761
1789154701,9,0,0.012,4131761
1789154701,8,0,0.059,4131761
1789154701,9,0,0.006,4131761
1789154701,9,0,0.004,4131761
1789154701,9,0,0.004,4131761
1789154702,9,0,0.008,4131761
1789154702,9,0,0.003,4131761
1789154702,9,0,0.01,4131761
1789154702,9,0,0.004,4131761
1789154703,9,0,0.021,4131761
1789154703,9,0,0.005,4131761
1789154703,9,0,0.014,4131761
1789154703,8,0,0.048,4131761
1789154703,9,0,0.003,4131761
1789154703,9,0,0.009,4131761
1789154703,9,0,0.011,4131761
1789154703,9,0,0.003,4131761
1789154704,9,0,0.003,4131761
1789154704,9,0,0.007,4131761
1789154704,9,0,0.008,4131761
1789154704,9,0,0.008,4131761
1789154704,9,0,0.003,4131761
1789154705,9,0,0.011,4131761
1789154705,8,0,0.037,4131761
1789154705,9,0,0.007,4131761
1789154705,9,0,0.005,4131761
1789154706,9,0,0.003,4131761
1789154707,9,0,0.004,4131761
1789154709,9,0,0.007,4131761
1789154709,9,0,0.004,4131761
1789154710,9,0,0.01,4131761
1789154712,9,0,0.005,4131761
1789154712,9,0,0.008,4131761
1789154712,9,0,0.03,4131761
1789154712,9,0,0.056,4131761
1789154712,8,0,0.11,4131761
1789154712,9,0,0.005,4131761
1789154712,9,0,0.008,4131761
1789154712,9,0,0.015,4131761
1789154713,9,0,0.02,4131761
1789154713,9,0,0.003,4131761
1789154713,9,0,0.012,4131761
1789154713,9,0,0.037,4131761
1789154713,9,0,0.049,4131761
1789154714,9,0,0.018,4131761
1789154714,8,0,0.077,4131761
1789154714,9,0,0.066,4131761
1789154714,9,0,0.03,4131761
1789154714,9,0,0.003,4131761
1789154714,9,0,0.023,4131761
1789154714,9,0,0.006,4131761
1789154715,9,0,0.004,4131761
1789154715,9,0,0.017,4131761
1789154715,9,0,0.004,4131761
1789154715,9,0,0.004,4131761
1789154715,9,0,0.024,4131761
1789154715,8,0,0.043,4131761
1789154715,9,0,0.016,4131761
1789154715,9,0,0.007,4131761
1789154716,9,0,0.037,4131761
1789154717,9,0,0.01,4131761
1789154717,9,0,0.021,4131761
1789154717,9,0,0.003,4131761
1789154717,9,0,0.004,4131761
1789154717,9,0,0.003,4131761
1789154717,9,0,0.005,4131761
1789154717,9,0,0.009,4131761
1789154717,9,0,0.008,4131761
1789154717,8,0,0.036,4131761
1789154717,9,0,0.011,4131761
1789154717,9,0,0.011,4131761
1789154717,9,0,0.005,4131761
1789154717,9,0,0.004,4131761
1789154718,9,0,0.004,4131761
1789154718,9,0,0.015,4131761
1789154718,9,0,0.016,4131761
1789154718,9,0,0.044,4131761
1789154718,9,0,0.034,4131761
1789154718,8,0,0.053,4131761
1789154718,9,0,0.008,4131761
1789154718,9,0,0.003,4131761
1789154719,9,0,0.008,4131761
1789154719,9,0,0.023,4131761
1789154719,9,0,0.007,4131761
1789154719,9,0,0.003,4131761
1789154719,9,0,0.003,4131761
1789154720,9,0,0.007,4131761
1789154720,9,0,0.02,4131761
1789154720,9,0,0.038,4131761
1789154720,9,0,0.017,4131761
1789154720,8,0,0.084,4131761
1789154720,9,0,0.003,4131761
1789154720,9,0,0.004,4131761
1789154720,9,0,0.022,4131761
1789154720,9,0,0.004,4131761
1789154720,9,0,0.011,4131761
1789154720,9,0,0.008,4131761
1789154721,9,0,0.007,4131761
1789154721,9,0,0.004,4131761
1789154721,9,0,0.004,4131761
1789154721,8,0,0.03,4131761
1789154721,9,0,0.004,4131761
1789154722,9,0,0.049,4131761
1789154722,9,0,0.005,4131761
1789154722,9,0,0.009,4131761
1789154722,9,0,0.015,4131761
1789154722,9,0,0.019,4131761
1789154722,9,0,0.004,4131761
1789154723,9,0,0.004,4131761
1789154723,9,0,0.021,4131761
1789154723,9,0,0.019,4131761
1789154723,8,0,0.047,4131761
1789154723,9,0,0.013,4131761
1789154723,9,0,0.003,4131761
1789154723,9,0,0.004,4131761
1789154724,9,0,0.007,4131761
1789154724,9,0,0.005,4131761
1789154724,9,0,0.038,4131761
1789154725,9,0,0.003,4131761
1789154725,9,0,0.004,4131761
1789154725,9,0,0.007,4131761
1789154725,9,0,0.007,4131761
1789154725,8,0,0.042,4131761
1789154726,9,0,0.035,4131761
1789154726,9,0,0.029,4131761
1789154726,9,0,0.031,4131761
1789154726,9,0,0.007,4131761
1789154726,9,0,0.008,4131761
1789154727,9,0,0.007,4131761
1789154727,9,0,0.008,4131761
1789154727,9,0,0.01,4131761
1789154727,9,0,0.007,4131761
1789154728,9,0,0.009,4131761
1789154728,8,0,0.051,4131761
1789154728,9,0,0.003,4131761
1789154728,9,0,0.003,4131761
1789154729,9,0,0.007,4131761
1789154729,9,0,0.003,4131761
1789154729,9,0,0.027,4131761
1789154729,9,0,0.003,4131761
1789154730,9,0,0.014,4131761
1789154730,9,0,0.004,4131761
1789154730,9,0,0.006,4131761
1789154731,9,0,0.005,4131761
1789154731,8,0,0.033,4131761
1789154731,9,0,0.004,4131761
1789154731,9,0,0.006,4131761
1789154733,9,0,0.009,4131761
1789154733,9,0,0.005,4131761
1789154733,9,0,0.019,4131761
1789154733,9,0,0.005,4131761
1789154733,9,0,0.005,4131761
1789154733,9,0,0.005,4131761
1789154734,9,0,0.006,4131761
1789154734,9,0,0.007,4131761
1789154734,8,0,0.084,4131761
1789154734,9,0,0.013,4131761
1789154734,9,0,0.008,4131761
1789154734,9,0,0.013,4131761
1789154734,9,0,0.003,4131761
1789154734,9,0,0.032,4131761
1789154734,9,0,0.008,4131761
1789154734,9,0,0.01,4131761
1789154735,9,0,0.004,4131761
1789154735,9,0,0.006,4131761
1789154735,9,0,0.007,4131761
1789154735,8,0,0.035,4131761
1789154735,9,0,0.014,4131761
1789154736,9,0,0.003,4131761
1789154736,9,0,0.003,4131761
1789154736,9,0,0.007,4131761
1789154736,9,0,0.004,4131761
1789154737,9,0,0.008,4131761
1789154737,9,0,0.003,4131761
1789154737,9,0,0.014,4131761
1789154737,9,0,0.003,4131761
1789154737,9,0,0.003,4131761
1789154737,8,0,0.03,4131761
1789154738,9,0,0.011,4131761
1789154738,9,0,0.018,4131761
1789154738,9,0,0.009,4131761
1789154738,9,0,0.033,4131761
1789154739,9,0,0.01,4131761
1789154739,9,0,0.003,4131761
1789154740,9,0,0.006,4131761
1789154740,9,0,0.031,4131761
1789154740,9,0,0.007,4131761
1789154740,9,0,0.014,4131761
1789154740,8,0,0.036,4131761
1789154740,9,0,0.004,4131761
1789154742,9,0,0.005,4131761
1789154742,9,0,0.003,4131761
1789154743,9,0,0.008,4131761
1789154744,9,0,0.004,4131761
1789154744,9,0,0.009,4131761
1789154745,9,0,0.027,4131761
1789154746,9,0,0.005,4131761
1789154746,9,0,0.004,4131761
1789154746,9,0,0.006,4131761
1789154746,8,0,0.113,4131761
1789154746,9,0,0.003,4131761
1789154746,9,0,0.011,4131761
1789154747,9,0,0.005,4131761
1789154747,9,0,0.004,4131761
1789154747,9,0,0.004,4131761
1789154747,9,0,0.003,4131761
1789154747,9,0,0.004,4131761
1789154747,9,0,0.004,4131761
1789154747,9,0,0.024,4131761
1789154748,9,0,0.008,4131761
1789154748,8,0,0.041,4131761
1789154748,9,0,0.023,4131761
1789154748,9,0,0.003,4131761
1789154748,9,0,0.007,4131761
1789154748,9,0,0.009,4131761
1789154748,9,0,0.029,4131761
1789154749,9,0,0.051,4131761
1789154749,9,0,0.004,4131761
1789154749,9,0,0.004,4131761
1789154749,9,0,0.004,4131761
1789154749,9,0,0.04,4131761
1789154749,8,0,0.081,4131761
1789154749,9,0,0.004,4131761
1789154750,9,0,0.003,4131761
1789154750,9,0,0.004,4131761
1789154750,9,0,0.008,4131761
1789154750,9,0,0.032,4131761
1789154750,9,0,0.004,4131761
1789154751,9,0,0.004,4131761
1789154751,9,0,0.006,4131761
1789154751,9,0,0.003,4131761
1789154751,9,0,0.004,4131761
1789154751,8,0,0.04,4131761
1789154751,9,0,0.049,4131761
1789154752,9,0,0.003,4131761
1789154752,9,0,0.003,4131761
1789154752,9,0,0.007,4131761
1789154752,9,0,0.003,4131761
1789154752,9,0,0.003,4131761
1789154752,9,0,0.022,4131761
1789154753,9,0,0.005,4131761
1789154753,9,0,0.01,4131761
1789154753,9,0,0.009,4131761
1789154753,8,0,0.039,4131761
1789154753,9,0,0.016,4131761
1789154753,9,0,0.007,4131761
1789154754,9,0,0.011,4131761
1789154754,9,0,0.015,4131761
1789154754,9,0,0.003,4131761
1789154754,9,0,0.003,4131761
1789154754,9,0,0.013,4131761
1789154755,9,0,0.004,4131761
1789154755,9,0,0.012,4131761
1789154756,9,0,0.003,4131761
1789154756,8,0,0.031,4131761
1789154756,9,0,0.005,4131761
1789154756,9,0,0.003,4131761
1789154756,9,0,0.003,4131761
1789154756,9,0,0.003,4131761
1789154756,9,0,0.003,4131761
1789154756,9,0,0.005,4131761
1789154757,9,0,0.003,4131761
1789154757,9,0,0.004,4131761
1789154757,9,0,0.007,4131761
1789154757,9,0,0.003,4131761
1789154757,8,0,0.037,4131761
1789154757,9,0,0.004,4131761
1789154757,9,0,0.011,4131761
1789154757,9,0,0.012,4131761
1789154757,9,0,0.023,4131761
1789154757,9,0,0.003,4131761
1789154758,9,0,0.009,4131761
1789154758,9,0,0.004,4131761
1789154758,9,0,0.004,4131761
1789154758,9,0,0.003,4131761
1789154758,9,0,0.004,4131761
1789154758,8,0,0.033,4131761
1789154758,9,0,0.026,4131761
1789154758,9,0,0.006,4131761
1789154758,9,0,0.007,4131761
1789154758,9,0,0.004,4131761
1789154759,9,0,0.006,4131761
1789154759,9,0,0.004,4131761
1789154760,9,0,0.006,4131761
1789154760,9,0,0.007,4131761
1789154760,9,0,0.008,4131761
1789154761,9,0,0.003,4131761
1789154761,8,0,0.029,4131761
1789154761,9,0,0.011,4131761
1789154761,9,0,0.003,4131761
1789154761,9,0,0.003,4131761
1789154761,9,0,0.007,4131761
1789154761,9,0,0.01,4131761
1789154761,9,0,0.003,4131761
1789154762,9,0,0.052,4131761
1789154762,9,0,0.005,4131761
1789154762,9,0,0.017,4131761
1789154762,9,0,0.01,4131761
1789154762,8,0,0.031,4131761
1789154762,9,0,0.021,4131761
1789154762,9,0,0.009,4131761
1789154763,9,0,0.027,4131761
1789154763,9,0,0.009,4131761
1789154763,9,0,0.003,4131761
1789154763,9,0,0.003,4131761
1789154764,9,0,0.003,4131761
1789154765,9,0,0.01,4131761
1789154765,9,0,0.022,4131761
1789154765,9,0,0.006,4131761
1789154765,9,0,0.003,4131761
1789154765,8,0,0.038,4131761
1789154765,9,0,0.008,4131761
1789154765,9,0,0.004,4131761
1789154766,9,0,0.007,4131761
1789154766,9,0,0.007,4131761
1789154766,9,0,0.01,4131761
1789154766,9,0,0.073,4131761
1789154766,9,0,0.006,4131761
1789154767,9,0,0.012,4131761
1789154767,9,0,0.007,4131761
1789154767,8,0,0.034,4131761
1789154768,9,0,0.014,4131761
1789154768,9,0,0.007,4131761
1789154768,9,0,0.006,4131761
1789154768,9,0,0.003,4131761
1789154768,9,0,0.003,4131761
1789154769,9,0,0.012,4131761
1789154769,9,0,0.003,4131761
1789154770,9,0,0.008,4131761
1789154770,9,0,0.003,4131761
1789154771,9,0,0.004,4131761
1789154771,8,0,0.037,4131761
1789154771,9,0,0.009,4131761
1789154771,9,0,0.004,4131761
1789154771,9,0,0.003,4131761
1789154771,9,0,0.009,4131761
1789154771,9,0,0.005,4131761
1789154771,9,0,0.004,4131761
1789154771,9,0,0.003,4131761
1789154771,9,0,0.003,4131761
1789154772,9,0,0.003,4131761
1789154772,9,0,0.003,4131761
1789154772,8,0,0.029,4131761
1789154772,9,0,0.003,4131761
1789154772,9,0,0.003,4131761
1789154772,9,0,0.008,4131761
1789154772,9,0,0.003,4131761
1789154772,9,0,0.007,4131761
1789154773,9,0,0.018,4131761
1789154774,9,0,0.004,4131761
1789154774,9,0,0.014,4131761
1789154774,9,0,0.011,4131761
1789154774,9,0,0.007,4131761
1789154774,8,0,0.039,4131761
1789154775,9,0,0.022,4131761
1789154775,9,0,0.014,4131761
1789154775,9,0,0.003,4131761
1789154775,9,0,0.007,4131761
1789154775,9,0,0.003,4131761
1789154776,9,0,0.003,4131761
1789154776,9,0,0.007,4131761
1789154776,9,0,0.01,4131761
1789154777,9,0,0.021,4131761
1789154777,9,0,0.01,4131761
1789154777,8,0,0.036,4131761
1789154777,9,0,0.009,4131761
1789154777,9,0,0.004,4131761
1789154778,9,0,0.02,4131761
1789154778,9,0,0.003,4131761
1789154778,9,0,0.003,4131761
1789154778,9,0,0.012,4131761
1789154779,9,0,0.011,4131761
1789154779,9,0,0.011,4131761
1789154779,9,0,0.004,4131761
1789154780,9,0,0.023,4131761
1789154780,9,0,0.003,4131761
1789154780,9,0,0.01,4131761
1789154780,8,0,0.051,4131761
1789154780,9,0,0.028,4131761
1789154780,9,0,0.04,4131761
1789154780,9,0,0.04,4131761
1789154780,9,0,0.003,4131761
1789154780,9,0,0.003,4131761
1789154780,9,0,0.006,4131761
1789154780,9,0,0.019,4131761
1789154780,9,0,0.003,4131761
1789154780,8,0,0.029,4131761
1789154780,9,0,0.011,4131761
1789154780,9,0,0.01,4131761
1789154780,9,0,0.003,4131761
1789154780,9,0,0.004,4131761
1789154780,9,0,0.005,4131761
1789154781,9,0,0.004,4131761
1789154781,9,0,0.006,4131761
1789154781,9,0,0.006,4131761
1789154781,9,0,0.003,4131761
1789154781,9,0,0.014,4131761
1789154781,8,0,0.031,4131761
1789154781,9,0,0.011,4131761
1789154782,9,0,0.006,4131761
1789154782,9,0,0.012,4131761
1789154782,9,0,0.007,4131761
1789154783,9,0,0.012,4131761
1789154783,9,0,0.003,4131761
1789154784,9,0,0.005,4131761
1789154784,9,0,0.004,4131761
1789154784,9,0,0.003,4131761
1789154785,9,0,0.005,4131761
1789154785,8,0,0.064,4131761
1789154785,9,0,0.006,4131761
1789154785,9,0,0.033,4131761
1789154785,9,0,0.004,4131761
1789154785,9,0,0.003,4131761
1789154785,9,0,0.003,4131761
1789154785,9,0,0.013,4131761
1789154785,9,0,0.007,4131761
1789154785,9,0,0.003,4131761
1789154785,9,0,0.009,4131761
1789154786,9,0,0.003,4131761
1789154786,8,0,0.047,4131761
1789154786,9,0,0.018,4131761
1789154786,9,0,0.016,4131761
1789154786,9,0,0.006,4131761
1789154786,9,0,0.015,4131761
1789154786,9,0,0.007,4131761
1789154786,9,0,0.015,4131761
1789154786,9,0,0.016,4131761
1789154786,9,0,0.009,4131761
1789154786,9,0,0.01,4131761
1789154786,9,0,0.003,4131761
1789154786,8,0,0.076,4131761
1789154786,9,0,0.036,4131761
1789154787,9,0,0.009,4131761
1789154787,9,0,0.005,4131761
1789154787,9,0,0.01,4131761
1789154787,9,0,0.005,4131761
1789154787,9,0,0.006,4131761
1789154787,9,0,0.004,4131761
1789154787,9,0,0.013,4131761
1789154787,9,0,0.003,4131761
1789154788,9,0,0.003,4131761
1789154788,8,0,0.039,4131761
1789154788,9,0,0.024,4131761
1789154788,9,0,0.004,4131761
1789154788,9,0,0.006,4131761
1789154788,9,0,0.003,4131761
1789154789,9,0,0.02,4131761
1789154789,9,0,0.005,4131761
1789154789,9,0,0.008,4131761
1789154789,9,0,0.009,4131761
1789154789,9,0,0.003,4131761
1789154789,9,0,0.003,4131761
1789154789,8,0,0.047,4131761
1789154789,9,0,0.01,4131761
1789154789,9,0,0.003,4131761
1789154789,9,0,0.007,4131761
1789154790,9,0,0.003,4131761
1789154790,9,0,0.005,4131761
1789154790,9,0,0.003,4131761
1789154790,9,0,0.01,4131761
1789154790,9,0,0.004,4131761
1789154790,9,0,0.003,4131761
1789154791,9,0,0.013,4131761
1789154791,9,0,0.005,4131761
1789154791,8,0,0.059,4131761
1789154791,9,0,0.003,4131761
1789154791,9,0,0.006,4131761
1789154791,9,0,0.003,4131761
1789154791,9,0,0.003,4131761
1789154791,9,0,0.003,4131761
1789154791,9,0,0.006,4131761
1789154791,9,0,0.012,4131761
1789154791,9,0,0.024,4131761
1789154791,9,0,0.028,4131761
1789154792,8,0,0.069,4131761
1789154792,9,0,0.007,4131761
1789154792,9,0,0.014,4131761
1789154792,9,0,0.003,4131761
1789154792,9,0,0.003,4131761
1789154792,9,0,0.015,4131761
1789154792,9,0,0.029,4131761
1789154793,9,0,0.005,4131761
1789154793,9,0,0.022,4131761
1789154793,9,0,0.007,4131761
1789154793,9,0,0.004,4131761
1789154793,8,0,0.033,4131761
1789154793,9,0,0.005,4131761
1789154793,9,0,0.019,4131761
1789154793,9,0,0.003,4131761
1789154793,9,0,0.006,4131761
1789154793,9,0,0.026,4131761
1789154794,9,0,0.004,4131761
1789154794,9,0,0.014,4131761
1789154794,9,0,0.01,4131761
1789154794,9,0,0.003,4131761
1789154794,9,0,0.007,4131761
1789154794,9,0,0.004,4131761
1789154794,8,0,0.043,4131761
1789154794,9,0,0.003,4131761
1789154795,9,0,0.014,4131761
1789154795,9,0,0.057,4131761
1789154795,9,0,0.004,4131761
1789154796,9,0,0.009,4131761
1789154796,9,0,0.004,4131761
1789154796,9,0,0.003,4131761
1789154797,9,0,0.003,4131761
1789154797,9,0,0.01,4131761
1789154797,8,0,0.079,4131761
1789154797,9,0,0.027,4131761
1789154797,9,0,0.004,4131761
1789154797,9,0,0.005,4131761
1789154797,9,0,0.003,4131761
1789154798,9,0,0.004,4131761
1789154798,9,0,0.015,4131761
1789154798,9,0,0.042,4131761
1789154798,9,0,0.006,4131761
1789154798,9,0,0.024,4131761
1789154798,9,0,0.021,4131761
1789154798,8,0,0.048,4131761
1789154799,9,0,0.025,4131761
1789154799,9,0,0.007,4131761
1789154799,9,0,0.003,4131761
1789154800,9,0,0.007,4131761
1789154801,9,0,0.003,4131761
1789154801,9,0,0.017,4131761
1789154802,9,0,0.011,4131761
1789154802,9,0,0.003,4131761
1789154802,9,0,0.006,4131761
1789154802,9,0,0.003,4131761
1789154802,8,0,0.063,4131761
1789154802,9,0,0.011,4131761
1789154802,9,0,0.02,4131761
1789154802,9,0,0.003,4131761
1789154802,9,0,0.007,4131761
1789154802,9,0,0.017,4131761
1789154802,9,0,0.003,4131761
1789154803,9,0,0.003,4131761
1789154803,9,0,0.02,4131761
1789154803,9,0,0.003,4131761
1789154803,9,0,0.016,4131761
1789154803,8,0,0.049,4131761
1789154803,9,0,0.031,4131761
1789154803,9,0,0.003,4131761
1789154803,9,0,0.003,4131761
1789154803,9,0,0.022,4131761
1789154803,9,0,0.021,4131761
1789154803,9,0,0.006,4131761
1789154803,9,0,0.003,4131761
1789154803,9,0,0.003,4131761
1789154804,9,0,0.008,4131761
1789154804,9,0,0.012,4131761
1789154804,8,0,0.036,4131761
1789154804,9,0,0.003,4131761
1789154804,9,0,0.007,4131761
1789154804,9,0,0.01,4131761
1789154804,9,0,0.009,4131761
1789154804,9,0,0.005,4131761
1789154804,9,0,0.009,4131761
1789154804,9,0,0.005,4131761
1789154805,9,0,0.011,4131761
1789154805,9,0,0.008,4131761
1789154805,9,0,0.004,4131761
1789154805,8,0,0.03,4131761
1789154805,9,0,0.019,4131761
1789154805,9,0,0.003,4131761
1789154806,9,0,0.004,4131761
1789154807,9,0,0.013,4131761
1789154807,9,0,0.005,4131761
1789154808,9,0,0.007,4131761
1789154808,9,0,0.009,4131761
1789154808,9,0,0.011,4131761
1789154809,9,0,0.005,4131761
1789154809,9,0,0.007,4131761
1789154809,8,0,0.056,4131761
1789154809,9,0,0.01,4131761
1789154809,9,0,0.003,4131761
1789154809,9,0,0.014,4131761
1789154809,9,0,0.003,4131761
1789154809,9,0,0.008,4131761
1789154809,9,0,0.012,4131761
1789154809,9,0,0.003,4131761
1789154809,9,0,0.007,4131761
1789154810,9,0,0.005,4131761
1789154810,9,0,0.014,4131761
1789154810,8,0,0.051,4131761
1789154810,9,0,0.004,4131761
1789154810,9,0,0.003,4131761
1789154810,9,0,0.032,4131761
1789154810,9,0,0.048,4131761
1789154810,9,0,0.006,4131761
1789154810,9,0,0.016,4131761
1789154810,9,0,0.014,4131761
1789154812,9,0,0.004,4131761
1789154812,9,0,0.003,4131761
1789154812,9,0,0.013,4131761
1789154812,8,0,0.034,4131761
1789154812,9,0,0.003,4131761
1789154812,9,0,0.01,4131761
1789154812,9,0,0.003,4131761
1789154813,9,0,0.005,4131761
1789154813,9,0,0.008,4131761
1789154813,9,0,0.007,4131761
1789154813,9,0,0.01,4131761
1789154814,9,0,0.006,4131761
1789154814,9,0,0.009,4131761
1789154814,9,0,0.008,4131761
1789154814,8,0,0.034,4131761
1789154814,9,0,0.003,4131761
1789154815,9,0,0.01,4131761
1789154815,9,0,0.004,4131761
1789154815,9,0,0.003,4131761
1789154815,9,0,0.004,4131761
1789154816,9,0,0.005,4131761
1789154816,9,0,0.003,4131761
1789154816,9,0,0.003,4131761
1789154817,9,0,0.003,4131761
1789154817,9,0,0.006,4131761
1789154817,8,0,0.038,4131761
1789154817,9,0,0.003,4131761
1789154817,9,0,0.007,4131761
1789154817,9,0,0.006,4131761
1789154817,9,0,0.004,4131761
1789154817,9,0,0.023,4131761
1789154817,9,0,0.005,4131761
1789154817,9,0,0.004,4131761
1789154817,9,0,0.004,4131761
1789154818,9,0,0.006,4131761
1789154818,9,0,0.006,4131761
1789154818,8,0,0.03,4131761
1789154818,9,0,0.016,4131761
1789154818,9,0,0.008,4131761
1789154818,9,0,0.003,4131761
1789154819,9,0,0.004,4131761
1789154819,9,0,0.005,4131761
1789154819,9,0,0.01,4131761
1789154819,9,0,0.008,4131761
1789154819,9,0,0.006,4131761
1789154820,9,0,0.003,4131761
1789154820,8,0,0.106,4131761
1789154820,9,0,0.117,4131761
1789154820,9,0,0.007,4131761
1789154821,9,0,0.042,4131761
1789154821,9,0,0.012,4131761
1789154821,9,0,0.008,4131761
1789154821,9,0,0.004,4131761
1789154821,9,0,0.007,4131761
1789154821,9,0,0.011,4131761
1789154822,9,0,0.008,4131761
1789154822,9,0,0.003,4131761
1789154822,9,0,0.006,4131761
1789154822,8,0,0.037,4131761
1789154822,9,0,0.005,4131761
1789154822,9,0,0.008,4131761
1789154823,9,0,0.011,4131761
1789154823,9,0,0.003,4131761
1789154823,9,0,0.005,4131761
1789154823,9,0,0.004,4131761
1789154823,9,0,0.003,4131761
1789154824,9,0,0.016,4131761
1789154824,9,0,0.008,4131761
1789154824,9,0,0.004,4131761
1789154824,8,0,0.03,4131761
1789154824,9,0,0.008,4131761
1789154825,9,0,0.013,4131761
1789154825,9,0,0.007,4131761
1789154825,9,0,0.006,4131761
1789154825,9,0,0.015,4131761
1789154825,9,0,0.008,4131761
1789154825,9,0,0.004,4131761
1789154825,9,0,0.004,4131761
1789154825,9,0,0.015,4131761
1789154826,9,0,0.013,4131761
1789154826,8,0,0.052,4131761
1789154826,9,0,0.003,4131761
1789154826,9,0,0.003,4131761
1789154826,9,0,0.007,4131761
1789154826,9,0,0.028,4131761
1789154826,9,0,0.004,4131761
1789154826,9,0,0.015,4131761
1789154826,9,0,0.014,4131761
1789154827,9,0,0.009,4131761
1789154827,9,0,0.003,4131761
1789154827,9,0,0.026,4131761
1789154827,8,0,0.058,4131761
1789154827,9,0,0.003,4131761
1789154827,9,0,0.009,4131761
1789154828,9,0,0.01,4131761
1789154828,9,0,0.034,4131761
1789154828,9,0,0.005,4131761
1789154829,9,0,0.027,4131761
1789154829,9,0,0.003,4131761
1789154829,9,0,0.019,4131761
1789154829,9,0,0.003,4131761
1789154829,9,0,0.021,4131761
1789154829,8,0,0.039,4131761
1789154830,9,0,0.003,4131761
1789154830,9,0,0.01,4131761
1789154830,9,0,0.008,4131761
1789154830,9,0,0.007,4131761
1789154830,9,0,0.009,4131761
1789154830,9,0,0.009,4131761
1789154830,9,0,0.008,4131761
1789154830,9,0,0.003,4131761
1789154831,9,0,0.003,4131761
1789154832,9,0,0.008,4131761
1789154832,9,0,0.003,4131761
1789154832,8,0,0.051,4131761
1789154832,9,0,0.007,4131761
1789154832,9,0,0.003,4131761
1789154832,9,0,0.003,4131761
1789154832,9,0,0.004,4131761
1789154832,9,0,0.013,4131761
1789154833,9,0,0.006,4131761
1789154833,9,0,0.021,4131761
1789154833,9,0,0.004,4131761
1789154833,9,0,0.004,4131761
1789154833,9,0,0.006,4131761
1789154833,8,0,0.031,4131761
1789154833,9,0,0.012,4131761
1789154833,9,0,0.003,4131761
1789154833,9,0,0.007,4131761
1789154834,9,0,0.01,4131761
1789154834,9,0,0.011,4131761
1789154834,9,0,0.015,4131761
1789154834,9,0,0.007,4131761
1789154834,9,0,0.003,4131761
1789154834,9,0,0.013,4131761
1789154834,8,0,0.041,4131761
1789154834,9,0,0.021,4131761
1789154834,9,0,0.003,4131761
1789154835,9,0,0.025,4131761
1789154835,9,0,0.006,4131761
1789154835,9,0,0.011,4131761
1789154835,9,0,0.009,4131761
1789154835,9,0,0.003,4131761
1789154835,9,0,0.004,4131761
1789154835,9,0,0.003,4131761
1789154836,9,0,0.007,4131761
1789154836,8,0,0.028,4131761
1789154836,9,0,0.008,4131761
1789154836,9,0,0.003,4131761
1789154836,9,0,0.004,4131761
1789154837,9,0,0.028,4131761
1789154837,9,0,0.004,4131761
1789154837,9,0,0.012,4131761
1789154838,9,0,0.01,4131761
1789154838,9,0,0.007,4131761
1789154838,9,0,0.018,4131761
1789154838,9,0,0.015,4131761
1789154838,8,0,0.04,4131761
1789154838,9,0,0.009,4131761
1789154838,9,0,0.004,4131761
1789154839,9,0,0.017,4131761
1789154839,9,0,0.01,4131761
1789154839,9,0,0.003,4131761
1789154839,9,0,0.019,4131761
1789154839,9,0,0.018,4131761
1789154839,9,0,0.006,4131761
1789154840,9,0,0.005,4131761
1789154840,9,0,0.006,4131761
1789154840,8,0,0.032,4131761
1789154840,9,0,0.005,4131761
1789154840,9,0,0.009,4131761
1789154842,9,0,0.003,4131761
1789154843,9,0,0.01,4131761
1789154843,9,0,0.01,4131761
1789154843,9,0,0.008,4131761
1789154843,9,0,0.003,4131761
1789154844,9,0,0.003,4131761
1789154846,9,0,0.018,4131761
1789154846,9,0,0.025,4131761
1789154846,9,0,0.009,4131761
1789154846,8,0,0.067,4131761
1789154846,9,0,0.018,4131761
1789154846,9,0,0.003,4131761
1789154846,9,0,0.008,4131761
1789154846,9,0,0.003,4131761
1789154847,9,0,0.022,4131761
1789154848,9,0,0.004,4131761
1789154848,9,0,0.005,4131761
1789154848,9,0,0.021,4131761
1789154848,9,0,0.007,4131761
1789154848,8,0,0.041,4131761
1789154848,9,0,0.012,4131761
1789154848,9,0,0.003,4131761
1789154849,9,0,0.004,4131761
1789154849,9,0,0.005,4131761
1789154849,9,0,0.017,4131761
1789154849,9,0,0.003,4131761
1789154849,9,0,0.003,4131761
1789154849,9,0,0.003,4131761
1789154849,9,0,0.01,4131761
1789154849,9,0,0.01,4131761
1789154849,8,0,0.033,4131761
1789154850,9,0,0.005,4131761
1789154850,9,0,0.004,4131761
1789154850,9,0,0.017,4131761
1789154850,9,0,0.025,4131761
1789154850,9,0,0.014,4131761
1789154851,9,0,0.008,4131761
1789154851,9,0,0.002,4131761
1789154851,9,0,0.023,4131761
1789154851,9,0,0.004,4131761
1789154851,9,0,0.011,4131761
1789154851,8,0,0.041,4131761
1789154851,9,0,0.004,4131761
1789154851,9,0,0.004,4131761
1789154852,9,0,0.009,4131761
1789154852,9,0,0.004,4131761
1789154852,9,0,0.003,4131761
1789154852,9,0,0.009,4131761
1789154852,9,0,0.006,4131761
1789154852,9,0,0.005,4131761
1789154852,9,0,0.01,4131761
1789154853,9,0,0.027,4131761
1789154853,8,0,0.041,4131761
1789154853,9,0,0.003,4131761
1789154853,9,0,0.004,4131761
1789154853,9,0,0.003,4131761
1789154853,9,0,0.009,4131761
1789154853,9,0,0.009,4131761
1789154853,9,0,0.003,4131761
1789154854,9,0,0.003,4131761
1789154854,9,0,0.003,4131761
1789154854,9,0,0.003,4131761
1789154854,9,0,0.016,4131761
1789154854,9,0,0.005,4131761
1789154854,8,0,0.063,4131761
1789154854,9,0,0.011,4131761
1789154854,9,0,0.005,4131761
1789154854,9,0,0.004,4131761
1789154854,9,0,0.022,4131761
1789154855,9,0,0.006,4131761
1789154855,9,0,0.004,4131761
1789154855,9,0,0.011,4131761
1789154855,9,0,0.004,4131761
1789154855,9,0,0.007,4131761
1789154855,8,0,0.034,4131761
1789154855,9,0,0.004,4131761
1789154855,9,0,0.003,4131761
1789154855,9,0,0.006,4131761
1789154856,9,0,0.003,4131761
1789154856,9,0,0.003,4131761
1789154856,9,0,0.021,4131761
1789154856,9,0,0.003,4131761
1789154856,9,0,0.007,4131761
1789154856,9,0,0.009,4131761
1789154856,9,0,0.009,4131761
1789154856,8,0,0.03,4131761
1789154857,9,0,0.005,4131761
1789154857,9,0,0.003,4131761
1789154858,9,0,0.004,4131761
1789154858,9,0,0.003,4131761
1789154858,9,0,0.007,4131761
1789154858,9,0,0.003,4131761
1789154859,9,0,0.008,4131761
1789154859,9,0,0.013,4131761
1789154859,9,0,0.01,4131761
1789154859,9,0,0.024,4131761
1789154859,8,0,0.05,4131761
1789154859,9,0,0.01,4131761
1789154859,9,0,0.014,4131761
1789154859,9,0,0.015,4131761
1789154859,9,0,0.003,4131761
1789154859,9,0,0.005,4131761
1789154859,9,0,0.009,4131761
1789154859,9,0,0.012,4131761
1789154860,9,0,0.004,4131761
1789154862,9,0,0.02,4131761
1789154862,9,0,0.004,4131761
1789154862,8,0,0.03,4131761
1789154862,9,0,0.006,4131761
1789154862,9,0,0.008,4131761
1789154862,9,0,0.012,4131761
1789154863,9,0,0.005,4131761
1789154863,9,0,0.004,4131761
1789154864,9,0,0.005,4131761
1789154865,9,0,0.01,4131761
1789154865,9,0,0.006,4131761
1789154865,9,0,0.003,4131761
1789154866,9,0,0.023,4131761
1789154866,8,0,0.049,4131761
1789154866,9,0,0.013,4131761
1789154866,9,0,0.003,4131761
1789154866,9,0,0.004,4131761
1789154866,9,0,0.02,4131761
1789154866,9,0,0.005,4131761
1789154866,9,0,0.005,4131761
1789154866,9,0,0.006,4131761
1789154867,9,0,0.013,4131761
1789154867,9,0,0.016,4131761
1789154867,9,0,0.014,4131761
1789154867,8,0,0.053,4131761
1789154867,9,0,0.019,4131761
1789154867,9,0,0.005,4131761
1789154867,9,0,0.004,4131761
1789154867,9,0,0.007,4131761
1789154867,9,0,0.004,4131761
1789154867,9,0,0.02,4131761
1789154867,9,0,0.003,4131761
1789154868,9,0,0.003,4131761
1789154868,9,0,0.018,4131761
1789154868,9,0,0.003,4131761
1789154868,8,0,0.046,4131761
1789154868,9,0,0.003,4131761
1789154868,9,0,0.003,4131761
1789154868,9,0,0.003,4131761
1789154868,9,0,0.015,4131761
1789154869,9,0,0.013,4131761
1789154869,9,0,0.007,4131761
1789154869,9,0,0.007,4131761
1789154870,9,0,0.026,4131761
1789154870,9,0,0.008,4131761
1789154870,9,0,0.005,4131761
1789154870,8,0,0.039,4131761
1789154870,9,0,0.014,4131761
1789154871,9,0,0.004,4131761
1789154871,9,0,0.006,4131761
1789154871,9,0,0.003,4131761
1789154871,9,0,0.003,4131761
1789154871,9,0,0.01,4131761
1789154871,9,0,0.006,4131761
1789154871,9,0,0.003,4131761
1789154872,9,0,0.004,4131761
1789154872,9,0,0.009,4131761
1789154872,8,0,0.039,4131761
1789154872,9,0,0.018,4131761
1789154872,9,0,0.009,4131761
1789154872,9,0,0.003,4131761
1789154872,9,0,0.011,4131761
1789154872,9,0,0.003,4131761
1789154873,9,0,0.003,4131761
1789154873,9,0,0.038,4131761
1789154873,9,0,0.003,4131761
1789154873,9,0,0.007,4131761
1789154873,9,0,0.004,4131761
1789154873,8,0,0.03,4131761
1789154874,9,0,0.007,4131761
1789154874,9,0,0.014,4131761
1789154876,9,0,0.003,4131761
1789154876,9,0,0.013,4131761
1789154876,9,0,0.003,4131761
1789154877,9,0,0.003,4131761
1789154878,9,0,0.003,4131761
1789154878,9,0,0.003,4131761
1789154878,9,0,0.016,4131761
1789154878,9,0,0.008,4131761
1789154878,9,0,0.004,4131761
1789154878,9,0,0.003,4131761
1789154878,8,0,0.055,4131761
1789154878,9,0,0.032,4131761
1789154878,9,0,0.007,4131761
1789154879,9,0,0.007,4131761
1789154879,9,0,0.003,4131761
1789154879,9,0,0.009,4131761
1789154879,9,0,0.003,4131761
1789154879,9,0,0.004,4131761
1789154879,9,0,0.017,4131761
1789154879,8,0,0.057,4131761
1789154879,9,0,0.014,4131761
1789154879,9,0,0.038,4131761
1789154880,9,0,0.034,4131761
1789154880,9,0,0.007,4131761
1789154880,9,0,0.018,4131761
1789154880,9,0,0.008,4131761
1789154880,9,0,0.014,4131761
1789154880,9,0,0.005,4131761
1789154880,9,0,0.006,4131761
1789154880,9,0,0.004,4131761
1789154880,8,0,0.038,4131761
1789154880,9,0,0.003,4131761
1789154880,9,0,0.008,4131761
1789154880,9,0,0.003,4131761
1789154880,9,0,0.005,4131761
1789154880,9,0,0.034,4131761
1789154880,9,0,0.004,4131761
1789154881,9,0,0.014,4131761
1789154881,9,0,0.011,4131761
1789154881,9,0,0.003,4131761
1789154881,9,0,0.007,4131761
1789154881,8,0,0.031,4131761
1789154881,9,0,0.005,4131761
1789154881,9,0,0.007,4131761
1789154882,9,0,0.003,4131761
1789154883,9,0,0.015,4131761
1789154883,9,0,0.015,4131761
1789154883,9,0,0.016,4131761
1789154883,9,0,0.006,4131761
1789154884,9,0,0.003,4131761
1789154884,9,0,0.003,4131761
1789154884,9,0,0.008,4131761
1789154884,8,0,0.037,4131761
1789154884,9,0,0.009,4131761
1789154884,9,0,0.003,4131761
1789154884,9,0,0.004,4131761
1789154884,9,0,0.006,4131761
1789154885,9,0,0.013,4131761
1789154885,9,0,0.004,4131761
1789154885,9,0,0.003,4131761
1789154885,9,0,0.011,4131761
1789154886,9,0,0.006,4131761
1789154886,9,0,0.004,4131761
1789154886,8,0,0.034,4131761
1789154886,9,0,0.012,4131761
1789154886,9,0,0.003,4131761
1789154887,9,0,0.004,4131761
1789154887,9,0,0.008,4131761
1789154887,9,0,0.034,4131761
1789154887,9,0,0.003,4131761
1789154887,9,0,0.003,4131761
1789154887,9,0,0.022,4131761
1789154887,9,0,0.003,4131761
1789154887,9,0,0.022,4131761
1789154887,8,0,0.058,4131761
1789154887,9,0,0.006,4131761
1789154888,9,0,0.004,4131761
1789154888,9,0,0.005,4131761
1789154888,9,0,0.01,4131761
1789154888,9,0,0.007,4131761
1789154888,9,0,0.003,4131761
1789154888,9,0,0.003,4131761
1789154888,9,0,0.008,4131761
1789154888,9,0,0.003,4131761
1789154889,9,0,0.007,4131761
1789154889,8,0,0.029,4131761
1789154889,9,0,0.01,4131761
1789154889,9,0,0.008,4131761
1789154889,9,0,0.008,4131761
1789154889,9,0,0.003,4131761
1789154890,9,0,0.004,4131761
1789154890,9,0,0.003,4131761
1789154890,9,0,0.013,4131761
1789154890,9,0,0.003,4131761
1789154890,9,0,0.016,4131761
1789154891,9,0,0.016,4131761
1789154891,8,0,0.045,4131761
1789154891,9,0,0.01,4131761
1789154891,9,0,0.01,4131761
1789154891,9,0,0.004,4131761
1789154892,9,0,0.007,4131761
1789154892,9,0,0.013,4131761
1789154892,9,0,0.008,4131761
1789154892,9,0,0.003,4131761
1789154893,9,0,0.01,4131761
1789154893,9,0,0.003,4131761
1789154893,9,0,0.033,4131761
1789154893,8,0,0.082,4131761
1789154894,9,0,0.007,4131761
1789154894,9,0,0.01,4131761
1789154894,9,0,0.013,4131761
1789154894,9,0,0.004,4131761
1789154894,9,0,0.007,4131761
1789154894,9,0,0.015,4131761
1789154894,9,0,0.013,4131761
1789154894,9,0,0.006,4131761
1789154895,9,0,0.013,4131761
1789154895,9,0,0.027,4131761
1789154895,8,0,0.07,4131761
1789154895,9,0,0.014,4131761
1789154895,9,0,0.012,4131761
1789154895,9,0,0.005,4131761
1789154895,9,0,0.003,4131761
1789154895,9,0,0.003,4131761
1789154895,9,0,0.013,4131761
1789154895,9,0,0.008,4131761
1789154896,9,0,0.003,4131761
1789154896,9,0,0.008,4131761
1789154896,9,0,0.008,4131761
1789154896,8,0,0.034,4131761
1789154896,9,0,0.012,4131761
1789154896,9,0,0.01,4131761
1789154897,9,0,0.014,4131761
1789154897,9,0,0.003,4131761
1789154898,9,0,0.009,4131761
1789154898,9,0,0.011,4131761
1789154899,9,0,0.008,4131761
1789154900,9,0,0.003,4131761
1789154901,9,0,0.015,4131761
1789154901,9,0,0.004,4131761
1789154901,8,0,0.046,4131761
1789154901,9,0,0.004,4131761
1789154901,9,0,0.018,4131761
1789154901,9,0,0.011,4131761
1789154901,9,0,0.006,4131761
1789154901,9,0,0.003,4131761
1789154902,9,0,0.004,4131761
1789154902,9,0,0.008,4131761
1789154903,9,0,0.004,4131761
1789154903,9,0,0.008,4131761
1789154904,9,0,0.01,4131761
1789154904,8,0,0.041,4131761
1789154904,9,0,0.006,4131761
1789154904,9,0,0.01,4131761
1789154904,9,0,0.021,4131761
1789154905,9,0,0.013,4131761
1789154905,9,0,0.013,4131761
1789154905,9,0,0.007,4131761
1789154905,9,0,0.007,4131761
1789154905,9,0,0.005,4131761
1789154905,9,0,0.009,4131761
1789154906,9,0,0.003,4131761
1789154906,8,0,0.037,4131761
1789154906,9,0,0.007,4131761
1789154906,9,0,0.006,4131761
1789154907,9,0,0.012,4131761
1789154907,9,0,0.009,4131761
1789154907,9,0,0.004,4131761
1789154907,9,0,0.003,4131761
1789154907,9,0,0.003,4131761
1789154908,9,0,0.025,4131761
1789154908,9,0,0.007,4131761
1789154908,9,0,0.004,4131761
1789154908,9,0,0.025,4131761
1789154908,8,0,0.038,4131761
1789154908,9,0,0.003,4131761
1789154908,9,0,0.011,4131761
1789154909,9,0,0.004,4131761
1789154909,9,0,0.003,4131761
1789154909,9,0,0.019,4131761
1789154910,9,0,0.003,4131761
1789154910,9,0,0.012,4131761
1789154910,9,0,0.026,4131761
1789154911,9,0,0.006,4131761
1789154911,8,0,0.042,4131761
1789154911,9,0,0.01,4131761
1789154911,9,0,0.036,4131761
1789154911,9,0,0.021,4131761
1789154911,9,0,0.005,4131761
1789154911,9,0,0.003,4131761
1789154912,9,0,0.007,4131761
1789154912,9,0,0.005,4131761
1789154913,9,0,0.032,4131761
1789154913,9,0,0.023,4131761
1789154914,9,0,0.01,4131761
1789154914,8,0,0.05,4131761
1789154914,9,0,0.034,4131761
1789154915,9,0,0.006,4131761
1789154915,9,0,0.012,4131761
1789154915,9,0,0.033,4131761
1789154916,9,0,0.011,4131761
1789154916,9,0,0.009,4131761
1789154916,9,0,0.005,4131761
1789154916,9,0,0.006,4131761
1789154916,9,0,0.005,4131761
1789154917,9,0,0.003,4131761
1789154917,8,0,0.039,4131761
1789154917,9,0,0.004,4131761
1789154917,9,0,0.048,4131761
1789154917,9,0,0.03,4131761
1789154917,9,0,0.003,4131761
1789154917,9,0,0.017,4131761
1789154918,9,0,0.007,4131761
1789154918,9,0,0.003,4131761
1789154919,9,0,0.005,4131761
1789154919,9,0,0.004,4131761
1789154919,9,0,0.011,4131761
1789154919,8,0,0.056,4131761
1789154919,9,0,0.01,4131761
1789154919,9,0,0.004,4131761
1789154919,9,0,0.004,4131761
1789154919,9,0,0.021,4131761
1789154920,9,0,0.032,4131761
1789154920,9,0,0.008,4131761
1789154920,9,0,0.003,4131761
1789154920,9,0,0.004,4131761
1789154920,9,0,0.005,4131761
1789154920,9,0,0.006,4131761
1789154920,9,0,0.003,4131761
1789154920,8,0,0.036,4131761
1789154920,9,0,0.007,4131761
1789154921,9,0,0.006,4131761
1789154921,9,0,0.003,4131761
1789154921,9,0,0.003,4131761
1789154922,9,0,0.004,4131761
1789154922,9,0,0.003,4131761
1789154922,9,0,0.017,4131761
1789154923,9,0,0.015,4131761
1789154923,9,0,0.012,4131761
1789154924,8,0,0.033,4131761
1789154924,9,0,0.004,4131761
1789154924,9,0,0.009,4131761
1789154924,9,0,0.02,4131761
1789154924,9,0,0.013,4131761
1789154925,9,0,0.008,4131761
1789154925,9,0,0.005,4131761
1789154925,9,0,0.005,4131761
1789154925,9,0,0.005,4131761
1789154925,9,0,0.015,4131761
1789154925,9,0,0.022,4131761
1789154925,8,0,0.032,4131761
1789154926,9,0,0.007,4131761
1789154926,9,0,0.005,4131761
1789154927,9,0,0.011,4131761
1789154927,9,0,0.014,4131761
1789154927,9,0,0.003,4131761
1789154927,9,0,0.014,4131761
1789154927,9,0,0.005,4131761
1789154927,9,0,0.008,4131761
1789154927,9,0,0.003,4131761
1789154927,9,0,0.007,4131761
1789154928,8,0,0.039,4131761
1789154928,9,0,0.003,4131761
1789154928,9,0,0.003,4131761
1789154928,9,0,0.016,4131761
1789154928,9,0,0.01,4131761
1789154928,9,0,0.007,4131761
1789154928,9,0,0.011,4131761
1789154929,9,0,0.003,4131761
1789154929,9,0,0.017,4131761
1789154929,9,0,0.003,4131761
1789154930,9,0,0.009,4131761
1789154930,9,0,0.007,4131761
1789154930,8,0,0.041,4131761
1789154930,9,0,0.015,4131761
1789154930,9,0,0.003,4131761
1789154930,9,0,0.007,4131761
1789154930,9,0,0.015,4131761
1789154930,9,0,0.009,4131761
1789154930,9,0,0.009,4131761
1789154931,9,0,0.004,4131761
1789154931,9,0,0.003,4131761
1789154931,9,0,0.01,4131761
1789154931,8,0,0.037,4131761
1789154931,9,0,0.012,4131761
1789154931,9,0,0.01,4131761
1789154932,9,0,0.004,4131761
1789154932,9,0,0.019,4131761
1789154932,9,0,0.008,4131761
1789154933,9,0,0.008,4131761
1789154933,9,0,0.012,4131761
1789154933,9,0,0.004,4131761
1789154934,9,0,0.013,4131761
1789154934,9,0,0.016,4131761
1789154934,9,0,0.011,4131761
1789154934,8,0,0.04,4131761
1789154934,9,0,0.003,4131761
1789154934,9,0,0.012,4131761
1789154934,9,0,0.008,4131761
1789154934,9,0,0.004,4131761
1789154935,9,0,0.021,4131761
1789154936,9,0,0.006,4131761
1789154936,9,0,0.017,4131761
1789154937,9,0,0.013,4131761
1789154938,9,0,0.011,4131761
1789154938,8,0,0.065,4131761
1789154938,9,0,0.003,4131761
1789154939,9,0,0.007,4131761
1789154939,9,0,0.012,4131761
1789154939,9,0,0.003,4131761
1789154939,9,0,0.003,4131761
1789154939,9,0,0.024,4131761
1789154939,9,0,0.014,4131761
1789154939,9,0,0.015,4131761
1789154940,9,0,0.004,4131761
1789154940,9,0,0.004,4131761
1789154940,8,0,0.048,4131761
1789154940,9,0,0.035,4131761
1789154940,9,0,0.003,4131761
1789154941,9,0,0.003,4131761
1789154941,9,0,0.003,4131761
1789154941,9,0,0.013,4131761
1789154941,9,0,0.008,4131761
1789154942,9,0,0.004,4131761
1789154942,9,0,0.014,4131761
1789154942,9,0,0.015,4131761
1789154942,9,0,0.003,4131761
1789154942,8,0,0.037,4131761
1789154942,9,0,0.015,4131761
1789154943,9,0,0.01,4131761
1789154943,9,0,0.014,4131761
1789154943,9,0,0.003,4131761
1789154943,9,0,0.012,4131761
1789154943,9,0,0.013,4131761
1789154943,9,0,0.025,4131761
1789154943,9,0,0.005,4131761
1789154944,9,0,0.009,4131761
1789154944,9,0,0.022,4131761
1789154944,8,0,0.043,4131761
1789154944,9,0,0.008,4131761
1789154945,9,0,0.007,4131761
1789154945,9,0,0.009,4131761
1789154945,9,0,0.004,4131761
1789154945,9,0,0.008,4131761
1789154945,9,0,0.011,4131761
1789154946,9,0,0.004,4131761
1789154946,9,0,0.003,4131761
1789154947,9,0,0.011,4131761
1789154947,9,0,0.004,4131761
1789154947,8,0,0.036,4131761
1789154947,9,0,0.003,4131761
1789154947,9,0,0.006,4131761
1789154947,9,0,0.005,4131761
1789154947,9,0,0.003,4131761
1789154947,9,0,0.003,4131761
1789154948,9,0,0.007,4131761
1789154948,9,0,0.003,4131761
1789154948,9,0,0.022,4131761
1789154948,9,0,0.003,4131761
1789154948,9,0,0.03,4131761
1789154948,8,0,0.041,4131761
1789154948,9,0,0.01,4131761
1789154948,9,0,0.008,4131761
1789154948,9,0,0.021,4131761
1789154948,9,0,0.003,4131761
1789154948,9,0,0.006,4131761
1789154948,9,0,0.003,4131761
1789154948,9,0,0.016,4131761
1789154949,9,0,0.007,4131761
1789154949,9,0,0.022,4131761
1789154949,9,0,0.008,4131761
1789154949,8,0,0.036,4131761
1789154949,9,0,0.011,4131761
1789154949,9,0,0.003,4131761
1789154949,9,0,0.004,4131761
1789154949,9,0,0.012,4131761
1789154950,9,0,0.003,4131761
1789154950,9,0,0.003,4131761
1789154950,9,0,0.014,4131761
1789154950,9,0,0.008,4131761
1789154951,9,0,0.004,4131761
1789154951,9,0,0.01,4131761
1789154951,8,0,0.03,4131761
1789154951,9,0,0.004,4131761
1789154952,9,0,0.006,4131761
1789154952,9,0,0.01,4131761
1789154952,9,0,0.007,4131761
1789154952,9,0,0.007,4131761
1789154953,9,0,0.004,4131761
1789154953,9,0,0.012,4131761
1789154953,9,0,0.007,4131761
1789154953,9,0,0.005,4131761
1789154953,9,0,0.005,4131761
1789154953,8,0,0.029,4131761
1789154953,9,0,0.02,4131761
1789154954,9,0,0.014,4131761
1789154954,9,0,0.004,4131761
1789154954,9,0,0.032,4131761
1789154955,9,0,0.004,4131761
1789154956,9,0,0.011,4131761
1789154957,9,0,0.003,4131761
1789154957,9,0,0.004,4131761
1789154959,9,0,0.003,4131761
1789154960,9,0,0.009,4131761
1789154960,8,0,0.064,4131761
1789154960,9,0,0.016,4131761
1789154960,9,0,0.007,4131761
1789154960,9,0,0.021,4131761
1789154960,9,0,0.011,4131761
1789154960,9,0,0.008,4131761
1789154960,9,0,0.003,4131761
1789154960,9,0,0.005,4131761
1789154960,9,0,0.007,4131761
1789154960,9,0,0.003,4131761
1789154960,9,0,0.022,4131761
1789154961,9,0,0.016,4131761
1789154961,8,0,0.053,4131761
1789154961,9,0,0.004,4131761
1789154961,9,0,0.004,4131761
1789154961,9,0,0.025,4131761
1789154961,9,0,0.007,4131761
1789154961,9,0,0.011,4131761
1789154961,9,0,0.012,4131761
1789154961,9,0,0.015,4131761
1789154962,9,0,0.015,4131761
1789154962,9,0,0.007,4131761
1789154962,8,0,0.038,4131761
1789154962,9,0,0.007,4131761
1789154963,9,0,0.012,4131761
1789154963,9,0,0.012,4131761
1789154963,9,0,0.003,4131761
1789154963,9,0,0.019,4131761
1789154963,9,0,0.006,4131761
1789154963,9,0,0.009,4131761
1789154963,9,0,0.019,4131761
1789154964,9,0,0.003,4131761
1789154964,9,0,0.004,4131761
1789154964,9,0,0.013,4131761
1789154964,8,0,0.056,4131761
1789154964,9,0,0.003,4131761
1789154964,9,0,0.005,4131761
1789154964,9,0,0.003,4131761
1789154964,9,0,0.003,4131761
1789154964,9,0,0.003,4131761
1789154964,9,0,0.004,4131761
1789154964,9,0,0.009,4131761
1789154964,9,0,0.008,4131761
1789154964,9,0,0.023,4131761
1789154965,8,0,0.031,4131761
1789154965,9,0,0.006,4131761
1789154965,9,0,0.011,4131761
1789154965,9,0,0.024,4131761
1789154965,9,0,0.005,4131761
1789154965,9,0,0.004,4131761
1789154966,9,0,0.004,4131761
1789154966,9,0,0.013,4131761
1789154966,9,0,0.003,4131761
1789154967,9,0,0.007,4131761
1789154967,9,0,0.007,4131761
1789154967,8,0,0.038,4131761
1789154967,9,0,0.017,4131761
1789154967,9,0,0.007,4131761
1789154967,9,0,0.019,4131761
1789154967,9,0,0.007,4131761
1789154967,9,0,0.004,4131761
1789154967,9,0,0.009,4131761
1789154967,9,0,0.007,4131761
1789154967,9,0,0.003,4131761
1789154968,9,0,0.004,4131761
1789154968,9,0,0.003,4131761
1789154968,8,0,0.034,4131761
1789154968,9,0,0.01,4131761
1789154968,9,0,0.012,4131761
1789154968,9,0,0.009,4131761
1789154969,9,0,0.009,4131761
1789154969,9,0,0.01,4131761
1789154969,9,0,0.003,4131761
1789154969,9,0,0.006,4131761
1789154970,9,0,0.003,4131761
1789154971,9,0,0.007,4131761
1789154971,9,0,0.011,4131761
1789154971,8,0,0.032,4131761
1789154971,9,0,0.007,4131761
1789154971,9,0,0.003,4131761
1789154971,9,0,0.003,4131761
1789154972,9,0,0.003,4131761
1789154972,9,0,0.005,4131761
1789154972,9,0,0.004,4131761
1789154973,9,0,0.007,4131761
1789154973,9,0,0.007,4131761
1789154973,9,0,0.013,4131761
1789154974,9,0,0.003,4131761
1789154974,9,0,0.01,4131761
1789154974,8,0,0.043,4131761
1789154974,9,0,0.003,4131761
1789154974,9,0,0.008,4131761
1789154974,9,0,0.031,4131761
1789154974,9,0,0.026,4131761
1789154974,9,0,0.011,4131761
1789154974,9,0,0.004,4131761
1789154974,9,0,0.017,4131761
1789154975,9,0,0.005,4131761
1789154975,9,0,0.015,4131761
1789154975,8,0,0.049,4131761
1789154975,9,0,0.003,4131761
1789154975,9,0,0.04,4131761
1789154975,9,0,0.011,4131761
1789154975,9,0,0.01,4131761
1789154976,9,0,0.003,4131761
1789154976,9,0,0.012,4131761
1789154976,9,0,0.007,4131761
1789154977,9,0,0.012,4131761
1789154977,9,0,0.003,4131761
1789154977,9,0,0.004,4131761
1789154977,8,0,0.042,4131761
1789154977,9,0,0.006,4131761
1789154977,9,0,0.006,4131761
1789154978,9,0,0.009,4131761
1789154978,9,0,0.012,4131761
1789154978,9,0,0.005,4131761
1789154979,9,0,0.006,4131761
1789154979,9,0,0.006,4131761
1789154980,9,0,0.009,4131761
1789154980,9,0,0.003,4131761
1789154980,9,0,0.004,4131761
1789154980,8,0,0.054,4131761
1789154980,9,0,0.006,4131761
1789154980,9,0,0.003,4131761
1789154980,9,0,0.006,4131761
1789154980,9,0,0.007,4131761
1789154980,9,0,0.007,4131761
1789154980,9,0,0.006,4131761
1789154981,9,0,0.003,4131761
1789154981,9,0,0.017,4131761
1789154981,9,0,0.006,4131761
1789154982,9,0,0.004,4131761
1789154982,8,0,0.032,4131761
1789154982,9,0,0.003,4131761
1789154982,9,0,0.027,4131761
1789154983,9,0,0.009,4131761
1789154984,9,0,0.003,4131761
1789154984,9,0,0.003,4131761
1789154984,9,0,0.008,4131761
1789154984,9,0,0.035,4131761
1789154984,9,0,0.033,4131761
1789154984,9,0,0.003,4131761
1789154986,9,0,0.012,4131761
1789154986,8,0,0.071,4131761
1789154986,9,0,0.004,4131761
1789154986,9,0,0.011,4131761
1789154986,9,0,0.003,4131761
1789154986,9,0,0.015,4131761
1789154987,9,0,0.008,4131761
1789154987,9,0,0.013,4131761
1789154987,9,0,0.003,4131761
1789154987,9,0,0.032,4131761
1789154987,9,0,0.004,4131761
1789154987,9,0,0.011,4131761
1789154987,9,0,0.005,4131761
1789154987,9,0,0.004,4131761
1789154987,8,0,0.037,4131761
1789154987,9,0,0.003,4131761
1789154987,9,0,0.004,4131761
1789154987,9,0,0.01,4131761
1789154988,9,0,0.004,4131761
1789154988,9,0,0.012,4131761
1789154988,9,0,0.004,4131761
1789154988,9,0,0.01,4131761
1789154988,9,0,0.004,4131761
1789154988,8,0,0.03,4131761
1789154988,9,0,0.007,4131761
1789154988,9,0,0.004,4131761
1789154989,9,0,0.003,4131761
1789154989,9,0,0.003,4131761
1789154989,9,0,0.008,4131761
1789154990,9,0,0.008,4131761
1789154990,9,0,0.007,4131761
1789154990,9,0,0.003,4131761
1789154990,9,0,0.016,4131761
1789154990,9,0,0.012,4131761
1789154990,8,0,0.043,4131761
1789154991,9,0,0.027,4131761
1789154991,9,0,0.013,4131761
1789154992,9,0,0.01,4131761
1789154992,9,0,0.007,4131761
1789154992,9,0,0.005,4131761
1789154992,9,0,0.003,4131761
1789154993,9,0,0.004,4131761
1789154993,9,0,0.003,4131761
1789154993,9,0,0.01,4131761
1789154994,9,0,0.015,4131761
1789154994,8,0,0.065,4131761
1789154994,9,0,0.008,4131761
1789154994,9,0,0.006,4131761
1789154994,9,0,0.003,4131761
1789154995,9,0,0.004,4131761
1789154995,9,0,0.003,4131761
1789154995,9,0,0.011,4131761
1789154995,9,0,0.009,4131761
1789154996,9,0,0.011,4131761
1789154996,9,0,0.007,4131761
1789154996,9,0,0.01,4131761
1789154996,8,0,0.065,4131761
1789154996,9,0,0.003,4131761
1789154997,9,0,0.004,4131761
1789154997,9,0,0.003,4131761
1789154997,9,0,0.016,4131761
1789154997,9,0,0.004,4131761
1789154997,9,0,0.008,4131761
1789154997,9,0,0.024,4131761
1789154998,9,0,0.002,4131761
1789154998,9,0,0.009,4131761
1789154998,9,0,0.005,4131761
1789154998,9,0,0.011,4131761
1789154998,8,0,0.047,4131761
1789154998,9,0,0.031,4131761
1789154998,9,0,0.004,4131761
1789154998,9,0,0.006,4131761
1789154998,9,0,0.007,4131761
1789154998,9,0,0.003,4131761
1789154998,9,0,0.016,4131761
1789154999,9,0,0.003,4131761
1789154999,9,0,0.004,4131761
1789154999,9,0,0.005,4131761
1789154999,8,0,0.032,4131761
1789154999,9,0,0.009,4131761
1789154999,9,0,0.008,4131761
1789155000,9,0,0.016,4131761
1789155000,9,0,0.005,4131761
1789155000,9,0,0.003,4131761
1789155000,9,0,0.017,4131761
1789155000,9,0,0.004,4131761
1789155001,9,0,0.02,4131761
1789155002,9,0,0.008,4131761
1789155002,9,0,0.011,4131761
1789155002,9,0,0.008,4131761
1789155002,8,0,0.042,4131761
1789155003,9,0,0.003,4131761
1789155003,9,0,0.019,4131761
1789155003,9,0,0.004,4131761
1789155003,9,0,0.008,4131761
1789155003,9,0,0.003,4131761
1789155003,9,0,0.004,4131761
1789155003,9,0,0.012,4131761
1789155004,9,0,0.018,4131761
1789155005,9,0,0.008,4131761
1789155005,9,0,0.003,4131761
1789155005,8,0,0.035,4131761
1789155005,9,0,0.003,4131761
1789155005,9,0,0.006,4131761
1789155005,9,0,0.009,4131761
1789155006,9,0,0.006,4131761
1789155006,9,0,0.003,4131761
1789155006,9,0,0.003,4131761
1789155006,9,0,0.003,4131761
1789155007,9,0,0.003,4131761
1789155007,9,0,0.005,4131761
1789155007,8,0,0.038,4131761
1789155007,9,0,0.04,4131761
1789155007,9,0,0.004,4131761
1789155008,9,0,0.01,4131761
1789155008,9,0,0.024,4131761
1789155008,9,0,0.003,4131761
1789155008,9,0,0.014,4131761
1789155008,9,0,0.003,4131761
1789155009,9,0,0.006,4131761
1789155009,9,0,0.038,4131761
1789155009,9,0,0.003,4131761
1789155009,8,0,0.042,4131761
1789155009,9,0,0.003,4131761
1789155010,9,0,0.003,4131761
1789155010,9,0,0.005,4131761
1789155010,9,0,0.034,4131761
1789155010,9,0,0.037,4131761
1789155010,9,0,0.037,4131761
1789155010,9,0,0.055,4131761
1789155010,9,0,0.008,4131761
1789155011,9,0,0.008,4131761
1789155011,9,0,0.01,4131761
1789155011,8,0,0.046,4131761
1789155011,9,0,0.007,4131761
1789155011,9,0,0.003,4131761
1789155011,9,0,0.006,4131761
1789155011,9,0,0.005,4131761
1789155012,9,0,0.004,4131761
1789155012,9,0,0.015,4131761
1789155012,9,0,0.008,4131761
1789155012,9,0,0.026,4131761
1789155013,9,0,0.006,4131761
1789155014,9,0,0.006,4131761
1789155014,8,0,0.046,4131761
1789155014,9,0,0.008,4131761
1789155014,9,0,0.003,4131761
1789155014,9,0,0.003,4131761
1789155014,9,0,0.003,4131761
1789155014,9,0,0.027,4131761
1789155014,9,0,0.005,4131761
1789155015,9,0,0.003,4131761
1789155015,9,0,0.009,4131761
1789155015,9,0,0.004,4131761
1789155015,9,0,0.027,4131761
1789155015,8,0,0.044,4131761
1789155017,9,0,0.013,4131761
1789155017,9,0,0.004,4131761
1789155017,9,0,0.004,4131761
1789155018,9,0,0.011,4131761
1789155018,9,0,0.003,4131761
1789155018,9,0,0.004,4131761
1789155018,9,0,0.015,4131761
1789155019,9,0,0.003,4131761
1789155019,9,0,0.01,4131761
1789155019,9,0,0.004,4131761
1789155019,8,0,0.044,4131761
1789155019,9,0,0.004,4131761
1789155019,9,0,0.004,4131761
1789155020,9,0,0.016,4131761
1789155020,9,0,0.013,4131761
1789155020,9,0,0.006,4131761
1789155020,9,0,0.003,4131761
1789155020,9,0,0.003,4131761
1789155020,9,0,0.004,4131761
1789155020,9,0,0.017,4131761
1789155020,9,0,0.023,4131761
1789155020,8,0,0.047,4131761
1789155020,9,0,0.013,4131761
1789155020,9,0,0.004,4131761
1789155020,9,0,0.022,4131761
1789155020,9,0,0.016,4131761
1789155020,9,0,0.011,4131761
1789155020,9,0,0.018,4131761
1789155020,9,0,0.009,4131761
1789155021,9,0,0.003,4131761
1789155021,9,0,0.014,4131761
1789155021,9,0,0.012,4131761
1789155021,8,0,0.037,4131761
1789155021,9,0,0.018,4131761
1789155021,9,0,0.006,4131761
1789155021,9,0,0.003,4131761
1789155021,9,0,0.003,4131761
1789155021,9,0,0.009,4131761
1789155022,9,0,0.01,4131761
1789155023,9,0,0.007,4131761
1789155023,9,0,0.004,4131761
1789155023,9,0,0.005,4131761
1789155023,9,0,0.012,4131761
1789155023,8,0,0.044,4131761
1789155023,9,0,0.008,4131761
1789155023,9,0,0.014,4131761
1789155024,9,0,0.008,4131761
1789155024,9,0,0.005,4131761
1789155024,9,0,0.004,4131761
1789155024,9,0,0.004,4131761
1789155024,9,0,0.016,4131761
1789155024,9,0,0.018,4131761
1789155025,9,0,0.017,4131761
1789155025,9,0,0.003,4131761
1789155025,8,0,0.034,4131761
1789155025,9,0,0.025,4131761
1789155025,9,0,0.019,4131761
1789155025,9,0,0.006,4131761
1789155025,9,0,0.004,4131761
1789155026,9,0,0.005,4131761
1789155026,9,0,0.003,4131761
1789155026,9,0,0.009,4131761
1789155026,9,0,0.003,4131761
1789155026,9,0,0.011,4131761
1789155027,9,0,0.004,4131761
1789155027,8,0,0.031,4131761
1789155027,9,0,0.004,4131761
1789155027,9,0,0.011,4131761
1789155027,9,0,0.007,4131761
1789155027,9,0,0.003,4131761
1789155028,9,0,0.005,4131761
1789155028,9,0,0.02,4131761
1789155028,9,0,0.004,4131761
1789155029,9,0,0.004,4131761
1789155029,9,0,0.01,4131761
1789155029,9,0,0.027,4131761
1789155029,8,0,0.074,4131761
1789155029,9,0,0.007,4131761
1789155029,9,0,0.008,4131761
1789155029,9,0,0.003,4131761
1789155029,9,0,0.009,4131761
1789155029,9,0,0.006,4131761
1789155030,9,0,0.009,4131761
1789155030,9,0,0.014,4131761
1789155030,9,0,0.018,4131761
1789155030,9,0,0.004,4131761
1789155030,9,0,0.008,4131761
1789155030,9,0,0.003,4131761
1789155030,8,0,0.03,4131761
1789155030,9,0,0.006,4131761
1789155030,9,0,0.005,4131761
1789155030,9,0,0.004,4131761
1789155030,9,0,0.003,4131761
1789155031,9,0,0.003,4131761
1789155031,9,0,0.006,4131761
1789155031,9,0,0.003,4131761
1789155031,9,0,0.003,4131761
1789155031,9,0,0.004,4131761
1789155031,8,0,0.03,4131761
1789155031,9,0,0.01,4131761
1789155031,9,0,0.004,4131761
1789155031,9,0,0.027,4131761
1789155031,9,0,0.003,4131761
1789155032,9,0,0.004,4131761
1789155033,9,0,0.006,4131761
1789155033,9,0,0.003,4131761
1789155034,9,0,0.004,4131761
1789155035,9,0,0.014,4131761
1789155036,9,0,0.014,4131761
1789155036,8,0,0.048,4131761
1789155036,9,0,0.01,4131761
1789155036,9,0,0.002,4131761
1789155036,9,0,0.006,4131761
1789155036,9,0,0.006,4131761
1789155036,9,0,0.003,4131761
1789155037,9,0,0.003,4131761
1789155037,9,0,0.006,4131761
1789155037,9,0,0.01,4131761
1789155037,9,0,0.007,4131761
1789155038,9,0,0.007,4131761
1789155038,8,0,0.038,4131761
1789155038,9,0,0.03,4131761
1789155038,9,0,0.003,4131761
1789155038,9,0,0.003,4131761
1789155038,9,0,0.074,4131761
1789155038,9,0,0.015,4131761
1789155038,9,0,0.003,4131761
1789155038,9,0,0.01,4131761
1789155038,9,0,0.005,4131761
1789155038,9,0,0.007,4131761
1789155039,9,0,0.004,4131761
1789155039,8,0,0.031,4131761
1789155039,9,0,0.007,4131761
1789155039,9,0,0.008,4131761
1789155040,9,0,0.003,4131761
1789155040,9,0,0.047,4131761
1789155040,9,0,0.014,4131761
1789155040,9,0,0.006,4131761
1789155040,9,0,0.007,4131761
1789155040,9,0,0.003,4131761
1789155040,9,0,0.005,4131761
1789155040,9,0,0.006,4131761
1789155040,8,0,0.033,4131761
1789155041,9,0,0.004,4131761
1789155041,9,0,0.005,4131761
1789155041,9,0,0.008,4131761
1789155041,9,0,0.008,4131761
1789155041,9,0,0.004,4131761
1789155041,9,0,0.004,4131761
1789155041,9,0,0.006,4131761
1789155041,9,0,0.017,4131761
1789155042,9,0,0.003,4131761
1789155042,9,0,0.009,4131761
1789155042,9,0,0.006,4131761
1789155042,8,0,0.029,4131761
1789155042,9,0,0.007,4131761
1789155042,9,0,0.003,4131761
1789155042,9,0,0.015,4131761
1789155043,9,0,0.003,4131761
1789155043,9,0,0.003,4131761
1789155044,9,0,0.004,4131761
1789155044,9,0,0.059,4131761
1789155044,9,0,0.009,4131761
1789155045,9,0,0.008,4131761
1789155045,8,0,0.036,4131761
1789155045,9,0,0.007,4131761
1789155045,9,0,0.003,4131761
1789155046,9,0,0.004,4131761
1789155046,9,0,0.004,4131761
1789155047,9,0,0.007,4131761
1789155047,9,0,0.018,4131761
1789155047,9,0,0.006,4131761
1789155047,9,0,0.007,4131761
1789155048,9,0,0.018,4131761
1789155049,9,0,0.011,4131761
1789155049,9,0,0.048,4131761
1789155049,8,0,0.05,4131761
1789155049,9,0,0.004,4131761
1789155049,9,0,0.003,4131761
1789155049,9,0,0.003,4131761
1789155050,9,0,0.006,4131761
1789155050,9,0,0.013,4131761
1789155050,9,0,0.003,4131761
1789155050,9,0,0.012,4131761
1789155050,9,0,0.003,4131761
1789155050,9,0,0.004,4131761
1789155050,8,0,0.03,4131761
1789155050,9,0,0.007,4131761
1789155050,9,0,0.007,4131761
1789155050,9,0,0.005,4131761
1789155051,9,0,0.006,4131761
1789155051,9,0,0.003,4131761
1789155051,9,0,0.004,4131761
1789155051,9,0,0.007,4131761
1789155051,9,0,0.003,4131761
1789155051,9,0,0.021,4131761
1789155051,9,0,0.006,4131761
1789155051,8,0,0.054,4131761
1789155051,9,0,0.003,4131761
1789155051,9,0,0.007,4131761
1789155052,9,0,0.006,4131761
1789155052,9,0,0.015,4131761
1789155052,9,0,0.008,4131761
1789155052,9,0,0.027,4131761
1789155052,9,0,0.058,4131761
1789155053,9,0,0.006,4131761
1789155053,9,0,0.007,4131761
1789155054,9,0,0.012,4131761
1789155054,8,0,0.063,4131761
1789155054,9,0,0.01,4131761
1789155054,9,0,0.006,4131761
1789155055,9,0,0.003,4131761
1789155055,9,0,0.021,4131761
1789155055,9,0,0.017,4131761
1789155055,9,0,0.003,4131761
1789155056,9,0,0.003,4131761
1789155057,9,0,0.003,4131761
1789155057,9,0,0.003,4131761
1789155058,9,0,0.006,4131761
1789155058,8,0,0.035,4131761
1789155058,9,0,0.006,4131761
1789155058,9,0,0.007,4131761
1789155058,9,0,0.022,4131761
1789155058,9,0,0.03,4131761
1789155058,9,0,0.011,4131761
1789155058,9,0,0.011,4131761
1789155058,9,0,0.003,4131761
1789155059,9,0,0.004,4131761
1789155059,9,0,0.003,4131761
1789155060,9,0,0.003,4131761
1789155060,8,0,0.033,4131761
1789155060,9,0,0.017,4131761
1789155060,9,0,0.009,4131761
1789155060,9,0,0.005,4131761
1789155060,9,0,0.003,4131761
1789155061,9,0,0.008,4131761
1789155061,9,0,0.003,4131761
1789155061,9,0,0.016,4131761
1789155061,9,0,0.009,4131761
1789155061,9,0,0.003,4131761
1789155062,9,0,0.003,4131761
1789155062,8,0,0.064,4131761
1789155062,9,0,0.004,4131761
1789155062,9,0,0.004,4131761
1789155062,9,0,0.003,4131761
1789155062,9,0,0.007,4131761
1789155063,9,0,0.003,4131761
1789155063,9,0,0.003,4131761
1789155063,9,0,0.006,4131761
1789155063,9,0,0.004,4131761
1789155063,9,0,0.041,4131761
1789155063,9,0,0.012,4131761
1789155063,8,0,0.031,4131761
1789155064,9,0,0.03,4131761
1789155064,9,0,0.05,4131761
1789155064,9,0,0.028,4131761
1789155064,9,0,0.009,4131761
1789155064,9,0,0.008,4131761
1789155064,9,0,0.026,4131761
1789155064,9,0,0.01,4131761
1789155064,9,0,0.017,4131761
1789155066,9,0,0.005,4131761
1789155066,9,0,0.003,4131761
1789155066,8,0,0.038,4131761
1789155066,9,0,0.007,4131761
1789155066,9,0,0.003,4131761
1789155066,9,0,0.011,4131761
1789155067,9,0,0.007,4131761
1789155067,9,0,0.005,4131761
1789155067,9,0,0.004,4131761
1789155068,9,0,0.007,4131761
1789155068,9,0,0.017,4131761
1789155068,9,0,0.003,4131761
1789155068,9,0,0.003,4131761
1789155068,8,0,0.062,4131761
1789155068,9,0,0.008,4131761
1789155068,9,0,0.006,4131761
1789155068,9,0,0.004,4131761
1789155068,9,0,0.003,4131761
1789155068,9,0,0.003,4131761
1789155069,9,0,0.003,4131761
1789155069,9,0,0.003,4131761
1789155069,9,0,0.007,4131761
1789155069,9,0,0.016,4131761
1789155069,9,0,0.006,4131761
1789155069,8,0,0.056,4131761
1789155069,9,0,0.011,4131761
1789155069,9,0,0.003,4131761
1789155069,9,0,0.015,4131761
1789155069,9,0,0.006,4131761
1789155069,9,0,0.017,4131761
1789155070,9,0,0.012,4131761
1789155070,9,0,0.009,4131761
1789155070,9,0,0.045,4131761
1789155070,9,0,0.008,4131761
1789155070,9,0,0.003,4131761
1789155070,8,0,0.041,4131761
1789155070,9,0,0.008,4131761
1789155071,9,0,0.007,4131761
1789155071,9,0,0.011,4131761
1789155071,9,0,0.008,4131761
1789155071,9,0,0.009,4131761
1789155071,9,0,0.01,4131761
1789155071,9,0,0.003,4131761
1789155072,9,0,0.009,4131761
1789155072,9,0,0.003,4131761
1789155072,9,0,0.017,4131761
1789155072,8,0,0.041,4131761
1789155072,9,0,0.009,4131761
1789155072,9,0,0.016,4131761
1789155073,9,0,0.01,4131761
1789155073,9,0,0.005,4131761
1789155073,9,0,0.006,4131761
1789155073,9,0,0.004,4131761
1789155074,9,0,0.026,4131761
1789155074,9,0,0.021,4131761
1789155074,9,0,0.015,4131761
1789155075,9,0,0.003,4131761
1789155075,8,0,0.032,4131761
1789155075,9,0,0.005,4131761
1789155075,9,0,0.003,4131761
1789155075,9,0,0.006,4131761
1789155075,9,0,0.04,4131761
1789155075,9,0,0.003,4131761
1789155076,9,0,0.065,4131761
1789155076,9,0,0.003,4131761
1789155076,9,0,0.003,4131761
1789155076,9,0,0.02,4131761
1789155077,9,0,0.004,4131761
1789155077,8,0,0.04,4131761
1789155077,9,0,0.017,4131761
1789155077,9,0,0.006,4131761
1789155077,9,0,0.003,4131761
1789155078,9,0,0.011,4131761
1789155078,9,0,0.024,4131761
1789155078,9,0,0.004,4131761
1789155079,9,0,0.005,4131761
1789155079,9,0,0.003,4131761
1789155080,9,0,0.003,4131761
1789155080,9,0,0.01,4131761
1789155080,8,0,0.036,4131761
1789155080,9,0,0.01,4131761
1789155081,9,0,0.004,4131761
1789155081,9,0,0.004,4131761
1789155081,9,0,0.038,4131761
1789155081,9,0,0.008,4131761
1789155081,9,0,0.003,4131761
1789155082,9,0,0.024,4131761
1789155082,9,0,0.008,4131761
1789155082,9,0,0.004,4131761
1789155082,9,0,0.008,4131761
1789155082,9,0,0.003,4131761
1789155082,8,0,0.042,4131761
1789155082,9,0,0.002,4131761
1789155082,9,0,0.008,4131761
1789155083,9,0,0.019,4131761
1789155083,9,0,0.017,4131761
1789155083,9,0,0.007,4131761
1789155083,9,0,0.003,4131761
1789155083,9,0,0.003,4131761
1789155083,9,0,0.003,4131761
1789155083,9,0,0.004,4131761
1789155083,8,0,0.036,4131761
1789155084,9,0,0.003,4131761
1789155084,9,0,0.005,4131761
1789155084,9,0,0.003,4131761
1789155084,9,0,0.008,4131761
1789155085,9,0,0.004,4131761
1789155085,9,0,0.008,4131761
1789155086,9,0,0.007,4131761
1789155086,9,0,0.003,4131761
1789155086,9,0,0.004,4131761
1789155086,9,0,0.006,4131761
1789155086,8,0,0.044,4131761
1789155086,9,0,0.008,4131761
1789155086,9,0,0.006,4131761
1789155087,9,0,0.012,4131761
1789155087,9,0,0.003,4131761
1789155087,9,0,0.005,4131761
1789155087,9,0,0.023,4131761
1789155087,9,0,0.003,4131761
1789155087,9,0,0.01,4131761
1789155088,9,0,0.007,4131761
1789155088,9,0,0.005,4131761
1789155088,8,0,0.042,4131761
1789155088,9,0,0.003,4131761
1789155088,9,0,0.006,4131761
1789155088,9,0,0.006,4131761
1789155088,9,0,0.003,4131761
1789155088,9,0,0.009,4131761
1789155088,9,0,0.004,4131761
1789155088,9,0,0.014,4131761
1789155089,9,0,0.012,4131761
1789155089,9,0,0.028,4131761
1789155089,9,0,0.004,4131761
1789155089,8,0,0.031,4131761
1789155089,9,0,0.009,4131761
1789155089,9,0,0.005,4131761
1789155089,9,0,0.004,4131761
1789155090,9,0,0.003,4131761
1789155090,9,0,0.01,4131761
1789155090,9,0,0.007,4131761
1789155090,9,0,0.008,4131761
1789155090,9,0,0.037,4131761
1789155091,9,0,0.004,4131761
1789155091,9,0,0.009,4131761
1789155091,9,0,0.009,4131761
1789155091,9,0,0.008,4131761
1789155091,8,0,0.04,4131761
1789155091,9,0,0.013,4131761
1789155091,9,0,0.017,4131761
1789155091,9,0,0.004,4131761
1789155092,9,0,0.014,4131761
1789155092,9,0,0.005,4131761
1789155092,9,0,0.005,4131761
1789155093,9,0,0.014,4131761
1789155093,9,0,0.015,4131761
1789155093,8,0,0.07,4131761
1789155093,9,0,0.003,4131761
1789155094,9,0,0.011,4131761
1789155094,9,0,0.005,4131761
1789155094,9,0,0.006,4131761
1789155094,9,0,0.003,4131761
1789155094,9,0,0.004,4131761
1789155094,9,0,0.003,4131761
1789155095,9,0,0.021,4131761
1789155095,9,0,0.014,4131761
1789155095,9,0,0.003,4131761
1789155095,9,0,0.003,4131761
1789155095,8,0,0.03,4131761
1789155095,9,0,0.003,4131761
1789155095,9,0,0.003,4131761
1789155095,9,0,0.007,4131761
1789155095,9,0,0.003,4131761
1789155096,9,0,0.007,4131761
1789155096,9,0,0.008,4131761
1789155096,9,0,0.013,4131761
1789155096,9,0,0.003,4131761
1789155097,9,0,0.003,4131761
1789155097,8,0,0.03,4131761
1789155097,9,0,0.034,4131761
1789155097,9,0,0.014,4131761
1789155097,9,0,0.003,4131761
1789155097,9,0,0.017,4131761
1789155097,9,0,0.005,4131761
1789155097,9,0,0.004,4131761
1789155098,9,0,0.009,4131761
1789155098,9,0,0.005,4131761
1789155098,9,0,0.015,4131761
1789155098,9,0,0.011,4131761
1789155098,8,0,0.045,4131761
1789155099,9,0,0.005,4131761
1789155099,9,0,0.003,4131761
1789155099,9,0,0.037,4131761
1789155099,9,0,0.008,4131761
1789155100,9,0,0.01,4131761
1789155100,9,0,0.008,4131761
1789155101,9,0,0.021,4131761
1789155101,9,0,0.013,4131761
1789155101,9,0,0.003,4131761
1789155101,9,0,0.009,4131761
1789155102,8,0,0.037,4131761
1789155102,9,0,0.003,4131761
1789155102,9,0,0.013,4131761
1789155102,9,0,0.003,4131761
1789155102,9,0,0.008,4131761
1789155102,9,0,0.008,4131761
1789155103,9,0,0.004,4131761
1789155103,9,0,0.006,4131761
1789155103,9,0,0.005,4131761
1789155103,9,0,0.005,4131761
1789155103,9,0,0.019,4131761
1789155103,9,0,0.01,4131761
1789155103,8,0,0.041,4131761
1789155103,9,0,0.007,4131761
1789155103,9,0,0.02,4131761
1789155104,9,0,0.009,4131761
1789155104,9,0,0.009,4131761
1789155104,9,0,0.006,4131761
1789155105,9,0,0.009,4131761
1789155105,9,0,0.007,4131761
1789155106,9,0,0.038,4131761
1789155106,9,0,0.036,4131761
1789155106,8,0,0.077,4131761
1789155106,9,0,0.013,4131761
1789155106,9,0,0.01,4131761
1789155106,9,0,0.004,4131761
1789155107,9,0,0.057,4131761
1789155107,9,0,0.007,4131761
1789155109,9,0,0.006,4131761
1789155109,9,0,0.01,4131761
1789155109,9,0,0.022,4131761
1789155110,9,0,0.003,4131761
1789155111,9,0,0.007,4131761
1789155111,9,0,0.004,4131761
1789155111,8,0,0.041,4131761
1789155111,9,0,0.006,4131761
1789155111,9,0,0.003,4131761
1789155111,9,0,0.017,4131761
1789155111,9,0,0.005,4131761
1789155111,9,0,0.028,4131761
1789155111,9,0,0.004,4131761
1789155112,9,0,0.012,4131761
1789155112,9,0,0.016,4131761
1789155113,9,0,0.004,4131761
1789155113,8,0,0.035,4131761
1789155113,9,0,0.004,4131761
1789155113,9,0,0.003,4131761
1789155113,9,0,0.004,4131761
1789155113,9,0,0.01,4131761
1789155113,9,0,0.003,4131761
1789155113,9,0,0.003,4131761
1789155114,9,0,0.009,4131761
1789155115,9,0,0.007,4131761
1789155115,9,0,0.003,4131761
1789155115,9,0,0.014,4131761
1789155115,9,0,0.013,4131761
1789155115,8,0,0.081,4131761
1789155115,9,0,0.003,4131761
1789155116,9,0,0.003,4131761
1789155116,9,0,0.003,4131761
1789155116,9,0,0.013,4131761
1789155116,9,0,0.006,4131761
1789155116,9,0,0.008,4131761
1789155116,9,0,0.003,4131761
1789155116,9,0,0.003,4131761
1789155117,9,0,0.004,4131761
1789155117,8,0,0.031,4131761
1789155117,9,0,0.004,4131761
1789155117,9,0,0.008,4131761
1789155117,9,0,0.003,4131761
1789155117,9,0,0.021,4131761
1789155117,9,0,0.003,4131761
1789155118,9,0,0.004,4131761
1789155118,9,0,0.002,4131761
1789155119,9,0,0.015,4131761
1789155119,9,0,0.027,4131761
1789155119,9,0,0.004,4131761
1789155119,8,0,0.044,4131761
1789155119,9,0,0.02,4131761
1789155119,9,0,0.003,4131761
1789155119,9,0,0.006,4131761
1789155119,9,0,0.011,4131761
1789155120,9,0,0.028,4131761
1789155120,9,0,0.011,4131761
1789155120,9,0,0.041,4131761
1789155120,9,0,0.01,4131761
1789155120,9,0,0.003,4131761
1789155122,9,0,0.004,4131761
1789155122,8,0,0.042,4131761
1789155122,9,0,0.003,4131761
1789155122,9,0,0.003,4131761
1789155122,9,0,0.012,4131761
1789155122,9,0,0.015,4131761
1789155122,9,0,0.003,4131761
1789155122,9,0,0.012,4131761
1789155123,9,0,0.007,4131761
1789155124,9,0,0.003,4131761
1789155124,9,0,0.007,4131761
1789155124,9,0,0.003,4131761
1789155124,9,0,0.004,4131761
1789155124,8,0,0.04,4131761
1789155124,9,0,0.003,4131761
1789155124,9,0,0.003,4131761
1789155125,9,0,0.003,4131761
1789155125,9,0,0.004,4131761
1789155125,9,0,0.003,4131761
1789155125,9,0,0.006,4131761
1789155125,9,0,0.014,4131761
1789155126,9,0,0.003,4131761
1789155126,9,0,0.006,4131761
1789155126,8,0,0.029,4131761
1789155126,9,0,0.004,4131761
1789155126,9,0,0.003,4131761
1789155126,9,0,0.003,4131761
1789155126,9,0,0.019,4131761
1789155126,9,0,0.012,4131761
1789155127,9,0,0.008,4131761
1789155128,9,0,0.003,4131761
1789155128,9,0,0.007,4131761
1789155128,9,0,0.01,4131761
1789155129,9,0,0.008,4131761
1789155129,8,0,0.057,4131761
1789155129,9,0,0.03,4131761
1789155129,9,0,0.005,4131761
1789155129,9,0,0.011,4131761
1789155129,9,0,0.008,4131761
1789155130,9,0,0.02,4131761
1789155130,9,0,0.033,4131761
1789155131,9,0,0.008,4131761
1789155131,9,0,0.016,4131761
1789155131,9,0,0.009,4131761
1789155131,9,0,0.007,4131761
1789155131,8,0,0.036,4131761
1789155132,9,0,0.02,4131761
1789155132,9,0,0.003,4131761
1789155132,9,0,0.012,4131761
1789155133,9,0,0.016,4131761
1789155133,9,0,0.015,4131761
1789155134,9,0,0.004,4131761
1789155134,9,0,0.003,4131761
1789155135,9,0,0.008,4131761
1789155135,9,0,0.01,4131761
1789155136,9,0,0.005,4131761
1789155136,8,0,0.057,4131761
1789155136,9,0,0.005,4131761
1789155137,9,0,0.008,4131761
1789155137,9,0,0.003,4131761
1789155137,9,0,0.011,4131761
1789155138,9,0,0.009,4131761
1789155138,9,0,0.003,4131761
1789155138,9,0,0.012,4131761
1789155138,9,0,0.003,4131761
1789155138,9,0,0.009,4131761
1789155138,9,0,0.01,4131761
1789155138,8,0,0.029,4131761
1789155138,9,0,0.041,4131761
1789155138,9,0,0.011,4131761
1789155138,9,0,0.003,4131761
1789155139,9,0,0.003,4131761
1789155139,9,0,0.008,4131761
1789155139,9,0,0.009,4131761
1789155140,9,0,0.006,4131761
1789155140,9,0,0.004,4131761
1789155140,9,0,0.004,4131761
1789155140,9,0,0.014,4131761
1789155140,8,0,0.1,4131761
1789155140,9,0,0.031,4131761
1789155141,9,0,0.017,4131761
1789155141,9,0,0.005,4131761
1789155141,9,0,0.025,4131761
1789155141,9,0,0.005,4131761
1789155141,9,0,0.014,4131761
1789155142,9,0,0.01,4131761
1789155143,9,0,0.008,4131761
1789155143,9,0,0.004,4131761
1789155143,9,0,0.003,4131761
1789155143,8,0,0.045,4131761
1789155143,9,0,0.014,4131761
1789155143,9,0,0.008,4131761
1789155143,9,0,0.004,4131761
1789155144,9,0,0.018,4131761
1789155144,9,0,0.014,4131761
1789155145,9,0,0.025,4131761
1789155145,9,0,0.006,4131761
1789155145,9,0,0.003,4131761
1789155145,9,0,0.003,4131761
1789155146,9,0,0.007,4131761
1789155146,8,0,0.038,4131761
1789155146,9,0,0.002,4131761
1789155146,9,0,0.005,4131761
1789155146,9,0,0.012,4131761
1789155146,9,0,0.008,4131761
1789155146,9,0,0.016,4131761
1789155146,9,0,0.004,4131761
1789155146,9,0,0.015,4131761
1789155147,9,0,0.002,4131761
1789155147,9,0,0.003,4131761
1789155147,9,0,0.039,4131761
1789155147,8,0,0.066,4131761
1789155147,9,0,0.015,4131761
1789155147,9,0,0.021,4131761
1789155147,9,0,0.008,4131761
1789155147,9,0,0.005,4131761
1789155147,9,0,0.003,4131761
1789155147,9,0,0.018,4131761
1789155147,9,0,0.007,4131761
1789155147,9,0,0.027,4131761
1789155148,9,0,0.011,4131761
1789155148,9,0,0.016,4131761
1789155148,8,0,0.038,4131761
1789155148,9,0,0.003,4131761
1789155148,9,0,0.003,4131761
1789155149,9,0,0.003,4131761
1789155149,9,0,0.008,4131761
1789155149,9,0,0.016,4131761
1789155149,9,0,0.009,4131761
1789155150,9,0,0.012,4131761
1789155150,9,0,0.022,4131761
1789155150,9,0,0.006,4131761
1789155150,9,0,0.004,4131761
1789155150,8,0,0.039,4131761
1789155150,9,0,0.004,4131761
1789155150,9,0,0.007,4131761
1789155150,9,0,0.006,4131761
1789155151,9,0,0.006,4131761
1789155151,9,0,0.017,4131761
1789155151,9,0,0.005,4131761
1789155151,9,0,0.015,4131761
1789155152,9,0,0.01,4131761
1789155152,9,0,0.007,4131761
1789155153,9,0,0.013,4131761
1789155153,8,0,0.048,4131761
1789155153,9,0,0.003,4131761
1789155153,9,0,0.017,4131761
1789155153,9,0,0.003,4131761
1789155153,9,0,0.017,4131761
1789155154,9,0,0.013,4131761
1789155154,9,0,0.012,4131761
1789155154,9,0,0.004,4131761
1789155155,9,0,0.024,4131761
1789155157,9,0,0.009,4131761
1789155157,9,0,0.003,4131761
1789155157,8,0,0.033,4131761
1789155157,9,0,0.016,4131761
1789155157,9,0,0.003,4131761
1789155157,9,0,0.004,4131761
1789155157,9,0,0.015,4131761
1789155157,9,0,0.007,4131761
1789155158,9,0,0.003,4131761
1789155158,9,0,0.004,4131761
1789155158,9,0,0.023,4131761
1789155158,9,0,0.008,4131761
1789155158,9,0,0.003,4131761
1789155158,8,0,0.048,4131761
1789155158,9,0,0.006,4131761
1789155158,9,0,0.009,4131761
1789155158,9,0,0.019,4131761
1789155158,9,0,0.01,4131761
1789155158,9,0,0.006,4131761
1789155159,9,0,0.006,4131761
1789155159,9,0,0.017,4131761
1789155159,9,0,0.017,4131761
1789155159,9,0,0.008,4131761
1789155159,9,0,0.012,4131761
1789155159,8,0,0.029,4131761
1789155159,9,0,0.006,4131761
1789155160,9,0,0.003,4131761
1789155160,9,0,0.006,4131761
1789155160,9,0,0.003,4131761
1789155160,9,0,0.017,4131761
1789155160,9,0,0.022,4131761
1789155160,9,0,0.005,4131761
1789155160,9,0,0.003,4131761
1789155161,9,0,0.006,4131761
1789155161,9,0,0.004,4131761
1789155161,9,0,0.008,4131761
1789155161,8,0,0.034,4131761
1789155161,9,0,0.023,4131761
1789155161,9,0,0.019,4131761
1789155161,9,0,0.003,4131761
1789155162,9,0,0.016,4131761
1789155162,9,0,0.006,4131761
1789155162,9,0,0.007,4131761
1789155162,9,0,0.01,4131761
1789155162,9,0,0.005,4131761
1789155164,9,0,0.024,4131761
1789155164,8,0,0.042,4131761
1789155164,9,0,0.004,4131761
1789155165,9,0,0.006,4131761
1789155165,9,0,0.003,4131761
1789155166,9,0,0.007,4131761
1789155166,9,0,0.005,4131761
1789155167,9,0,0.019,4131761
1789155167,9,0,0.041,4131761
1789155167,9,0,0.009,4131761
1789155167,9,0,0.021,4131761
1789155167,9,0,0.005,4131761
1789155167,8,0,0.031,4131761
1789155167,9,0,0.011,4131761
1789155168,9,0,0.018,4131761
1789155168,9,0,0.005,4131761
1789155168,9,0,0.003,4131761
1789155168,9,0,0.004,4131761
1789155168,9,0,0.005,4131761
1789155168,9,0,0.008,4131761
1789155169,9,0,0.004,4131761
1789155169,9,0,0.003,4131761
1789155169,9,0,0.006,4131761
1789155169,8,0,0.068,4131761
1789155169,9,0,0.012,4131761
1789155170,9,0,0.012,4131761
1789155170,9,0,0.012,4131761
1789155170,9,0,0.016,4131761
1789155170,9,0,0.004,4131761
1789155170,9,0,0.033,4131761
1789155170,9,0,0.012,4131761
1789155170,9,0,0.007,4131761
1789155170,9,0,0.04,4131761
1789155171,9,0,0.008,4131761
1789155171,8,0,0.062,4131761
1789155171,9,0,0.007,4131761
1789155171,9,0,0.021,4131761
1789155171,9,0,0.005,4131761
1789155171,9,0,0.078,4131761
1789155172,9,0,0.016,4131761
1789155172,9,0,0.008,4131761
1789155172,9,0,0.004,4131761
1789155172,9,0,0.005,4131761
1789155172,9,0,0.021,4131761
1789155172,9,0,0.004,4131761
1789155172,8,0,0.044,4131761
1789155172,9,0,0.008,4131761
1789155172,9,0,0.01,4131761
1789155173,9,0,0.003,4131761
1789155173,9,0,0.009,4131761
1789155173,9,0,0.008,4131761
1789155173,9,0,0.01,4131761
1789155173,9,0,0.004,4131761
1789155173,9,0,0.005,4131761
1789155173,9,0,0.007,4131761
1789155173,9,0,0.003,4131761
1789155173,8,0,0.03,4131761
1789155173,9,0,0.005,4131761
1789155173,9,0,0.007,4131761
1789155173,9,0,0.007,4131761
1789155173,9,0,0.004,4131761
1789155174,9,0,0.003,4131761
1789155174,9,0,0.009,4131761
1789155174,9,0,0.004,4131761
1789155174,9,0,0.006,4131761
1789155174,9,0,0.007,4131761
1789155175,9,0,0.004,4131761
1789155175,8,0,0.031,4131761
1789155175,9,0,0.02,4131761
1789155175,9,0,0.017,4131761
1789155176,9,0,0.008,4131761
1789155177,9,0,0.004,4131761
1789155177,9,0,0.003,4131761
1789155178,9,0,0.009,4131761
1789155178,9,0,0.007,4131761
1789155178,9,0,0.004,4131761
1789155179,9,0,0.009,4131761
1789155179,9,0,0.026,4131761
1789155179,8,0,0.054,4131761
1789155179,9,0,0.003,4131761
1789155180,9,0,0.004,4131761
1789155180,9,0,0.003,4131761
1789155180,9,0,0.004,4131761
1789155180,9,0,0.003,4131761
1789155180,9,0,0.023,4131761
1789155180,9,0,0.01,4131761
1789155180,9,0,0.01,4131761
1789155181,9,0,0.034,4131761
1789155181,9,0,0.008,4131761
1789155181,8,0,0.034,4131761
1789155181,9,0,0.003,4131761
1789155182,9,0,0.015,4131761
1789155182,9,0,0.025,4131761
1789155182,9,0,0.008,4131761
1789155182,9,0,0.005,4131761
1789155183,9,0,0.006,4131761
1789155183,9,0,0.007,4131761
1789155183,9,0,0.01,4131761
1789155184,9,0,0.004,4131761
1789155184,9,0,0.005,4131761
1789155184,8,0,0.034,4131761
1789155184,9,0,0.01,4131761
1789155184,9,0,0.011,4131761
1789155184,9,0,0.012,4131761
1789155184,9,0,0.004,4131761
1789155184,9,0,0.008,4131761
1789155184,9,0,0.005,4131761
1789155185,9,0,0.014,4131761
1789155185,9,0,0.003,4131761
1789155185,9,0,0.01,4131761
1789155186,9,0,0.003,4131761
1789155186,8,0,0.035,4131761
1789155186,9,0,0.003,4131761
1789155186,9,0,0.003,4131761
1789155186,9,0,0.007,4131761
1789155186,9,0,0.005,4131761
1789155186,9,0,0.006,4131761
1789155186,9,0,0.01,4131761
1789155186,9,0,0.007,4131761
1789155186,9,0,0.004,4131761
1789155186,9,0,0.003,4131761
1789155186,9,0,0.022,4131761
1789155186,8,0,0.038,4131761
1789155187,9,0,0.014,4131761
1789155187,9,0,0.025,4131761
1789155187,9,0,0.003,4131761
1789155187,9,0,0.005,4131761
1789155187,9,0,0.004,4131761
1789155187,9,0,0.003,4131761
1789155187,9,0,0.015,4131761
1789155187,9,0,0.005,4131761
1789155188,9,0,0.021,4131761
1789155188,9,0,0.028,4131761
1789155188,9,0,0.025,4131761
1789155188,8,0,0.063,4131761
1789155188,9,0,0.008,4131761
1789155188,9,0,0.004,4131761
1789155188,9,0,0.019,4131761
1789155188,9,0,0.02,4131761
1789155188,9,0,0.024,4131761
1789155188,9,0,0.004,4131761
1789155189,9,0,0.003,4131761
1789155189,9,0,0.004,4131761
1789155189,9,0,0.007,4131761
1789155189,8,0,0.03,4131761
1789155190,9,0,0.003,4131761
1789155190,9,0,0.013,4131761
1789155190,9,0,0.004,4131761
1789155190,9,0,0.011,4131761
1789155190,9,0,0.007,4131761
1789155190,9,0,0.007,4131761
1789155190,9,0,0.007,4131761
1789155191,9,0,0.008,4131761
1789155191,9,0,0.01,4131761
1789155191,9,0,0.012,4131761
1789155191,8,0,0.041,4131761
1789155191,9,0,0.003,4131761
1789155191,9,0,0.015,4131761
1789155191,9,0,0.016,4131761
1789155192,9,0,0.015,4131761
1789155192,9,0,0.007,4131761
1789155193,9,0,0.003,4131761
1789155193,9,0,0.006,4131761
1789155193,9,0,0.019,4131761
1789155193,9,0,0.009,4131761
1789155193,9,0,0.035,4131761
1789155193,8,0,0.07,4131761
1789155194,9,0,0.003,4131761
1789155194,9,0,0.006,4131761
1789155195,9,0,0.005,4131761
1789155195,9,0,0.011,4131761
1789155195,9,0,0.008,4131761
1789155195,9,0,0.003,4131761
1789155195,9,0,0.031,4131761
1789155196,9,0,0.01,4131761
1789155196,9,0,0.007,4131761
1789155196,9,0,0.004,4131761
1789155196,8,0,0.037,4131761
1789155196,9,0,0.012,4131761
1789155196,9,0,0.01,4131761
1789155196,9,0,0.017,4131761
1789155197,9,0,0.014,4131761
1789155197,9,0,0.022,4131761
1789155197,9,0,0.018,4131761
1789155197,9,0,0.035,4131761
1789155198,9,0,0.005,4131761
1789155198,9,0,0.011,4131761
1789155198,9,0,0.006,4131761
1789155198,9,0,0.006,4131761
1789155198,8,0,0.056,4131761
1789155199,9,0,0.011,4131761
1789155199,9,0,0.003,4131761
1789155199,9,0,0.006,4131761
1789155199,9,0,0.003,4131761
1789155199,9,0,0.005,4131761
1789155199,9,0,0.009,4131761
1789155199,9,0,0.008,4131761
1789155199,9,0,0.027,4131761
1789155200,9,0,0.01,4131761
1789155200,8,0,0.035,4131761
1789155200,9,0,0.02,4131761
1789155201,9,0,0.009,4131761
1789155201,9,0,0.009,4131761
1789155201,9,0,0.009,4131761
1789155202,9,0,0.013,4131761
1789155203,9,0,0.006,4131761
1789155203,9,0,0.003,4131761
1789155203,9,0,0.007,4131761
1789155203,9,0,0.003,4131761
1789155203,9,0,0.01,4131761
1789155204,8,0,0.057,4131761
1789155204,9,0,0.003,4131761
1789155204,9,0,0.003,4131761
1789155204,9,0,0.089,4131761
1789155204,9,0,0.009,4131761
1789155204,9,0,0.006,4131761
1789155204,9,0,0.013,4131761
1789155204,9,0,0.005,4131761
1789155204,9,0,0.006,4131761
1789155204,9,0,0.01,4131761
1789155204,9,0,0.003,4131761
1789155204,8,0,0.036,4131761
1789155205,9,0,0.012,4131761
1789155205,9,0,0.005,4131761
1789155205,9,0,0.023,4131761
1789155205,9,0,0.003,4131761
1789155206,9,0,0.007,4131761
1789155206,9,0,0.02,4131761
1789155206,9,0,0.063,4131761
1789155206,9,0,0.003,4131761
1789155206,9,0,0.008,4131761
1789155206,9,0,0.013,4131761
1789155206,8,0,0.032,4131761
1789155206,9,0,0.007,4131761
1789155207,9,0,0.016,4131761
1789155207,9,0,0.003,4131761
1789155208,9,0,0.005,4131761
1789155208,9,0,0.015,4131761
1789155208,9,0,0.006,4131761
1789155208,9,0,0.01,4131761
1789155209,9,0,0.011,4131761
1789155209,9,0,0.011,4131761
1789155209,9,0,0.02,4131761
1789155209,8,0,0.072,4131761
1789155209,9,0,0.056,4131761
1789155209,9,0,0.004,4131761
1789155209,9,0,0.029,4131761
1789155210,9,0,0.044,4131761
1789155210,9,0,0.009,4131761
1789155210,9,0,0.012,4131761
1789155210,9,0,0.003,4131761
1789155210,9,0,0.004,4131761
1789155210,9,0,0.008,4131761
1789155210,9,0,0.007,4131761
1789155211,8,0,0.031,4131761
1789155211,9,0,0.005,4131761
1789155211,9,0,0.003,4131761
1789155211,9,0,0.005,4131761
1789155211,9,0,0.005,4131761
1789155212,9,0,0.003,4131761
1789155212,9,0,0.003,4131761
1789155212,9,0,0.01,4131761
1789155212,9,0,0.003,4131761
1789155212,9,0,0.003,4131761
1789155212,9,0,0.004,4131761
1789155212,8,0,0.037,4131761
1789155212,9,0,0.008,4131761
1789155213,9,0,0.004,4131761
1789155213,9,0,0.015,4131761
1789155213,9,0,0.003,4131761
1789155213,9,0,0.008,4131761
1789155213,9,0,0.01,4131761
1789155213,9,0,0.022,4131761
1789155214,9,0,0.003,4131761
1789155214,9,0,0.022,4131761
1789155215,9,0,0.005,4131761
1789155215,8,0,0.05,4131761
1789155215,9,0,0.004,4131761
1789155215,9,0,0.004,4131761
1789155215,9,0,0.004,4131761
1789155215,9,0,0.017,4131761
1789155216,9,0,0.003,4131761
1789155216,9,0,0.009,4131761
1789155216,9,0,0.005,4131761
1789155216,9,0,0.003,4131761
1789155216,9,0,0.003,4131761
1789155216,9,0,0.009,4131761
1789155216,8,0,0.063,4131761
1789155216,9,0,0.003,4131761
1789155216,9,0,0.005,4131761
1789155217,9,0,0.003,4131761
1789155217,9,0,0.008,4131761
1789155217,9,0,0.007,4131761
1789155218,9,0,0.012,4131761
1789155218,9,0,0.017,4131761
1789155218,9,0,0.007,4131761
1789155219,9,0,0.004,4131761
1789155219,9,0,0.004,4131761
1789155219,9,0,0.01,4131761
1789155219,8,0,0.059,4131761
1789155219,9,0,0.013,4131761
1789155219,9,0,0.008,4131761
1789155220,9,0,0.005,4131761
1789155220,9,0,0.003,4131761
1789155220,9,0,0.019,4131761
1789155220,9,0,0.004,4131761
1789155220,9,0,0.009,4131761
1789155223,9,0,0.006,4131761
1789155224,9,0,0.007,4131761
1789155224,8,0,0.031,4131761
1789155224,9,0,0.015,4131761
1789155224,9,0,0.011,4131761
1789155224,9,0,0.003,4131761
1789155224,9,0,0.02,4131761
1789155224,9,0,0.004,4131761
1789155225,9,0,0.003,4131761
1789155225,9,0,0.01,4131761
1789155225,9,0,0.003,4131761
1789155225,9,0,0.003,4131761
1789155226,9,0,0.011,4131761
1789155226,8,0,0.071,4131761
1789155226,9,0,0.024,4131761
1789155226,9,0,0.006,4131761
1789155226,9,0,0.003,4131761
1789155226,9,0,0.007,4131761
1789155226,9,0,0.007,4131761
1789155226,9,0,0.006,4131761
1789155226,9,0,0.003,4131761
1789155226,9,0,0.003,4131761
1789155226,9,0,0.004,4131761
1789155227,9,0,0.004,4131761
1789155227,8,0,0.036,4131761
1789155227,9,0,0.005,4131761
1789155227,9,0,0.019,4131761
1789155228,9,0,0.009,4131761
1789155228,9,0,0.009,4131761
1789155228,9,0,0.016,4131761
1789155228,9,0,0.03,4131761
1789155229,9,0,0.018,4131761
1789155229,9,0,0.017,4131761
1789155229,9,0,0.004,4131761
1789155230,9,0,0.003,4131761
1789155230,8,0,0.04,4131761
1789155230,9,0,0.021,4131761
1789155230,9,0,0.004,4131761
1789155230,9,0,0.007,4131761
1789155230,9,0,0.011,4131761
1789155230,9,0,0.003,4131761
1789155231,9,0,0.038,4131761
1789155231,9,0,0.004,4131761
1789155231,9,0,0.01,4131761
1789155231,9,0,0.003,4131761
1789155231,9,0,0.004,4131761
1789155231,8,0,0.035,4131761
1789155231,9,0,0.003,4131761
1789155232,9,0,0.007,4131761
1789155232,9,0,0.014,4131761
1789155232,9,0,0.009,4131761
1789155232,9,0,0.006,4131761
1789155232,9,0,0.003,4131761
1789155232,9,0,0.003,4131761
1789155232,9,0,0.004,4131761
1789155234,9,0,0.003,4131761
1789155234,9,0,0.007,4131761
1789155234,8,0,0.03,4131761
1789155234,9,0,0.011,4131761
1789155234,9,0,0.011,4131761
1789155235,9,0,0.028,4131761
1789155235,9,0,0.017,4131761
1789155235,9,0,0.003,4131761
1789155235,9,0,0.012,4131761
1789155236,9,0,0.004,4131761
1789155236,9,0,0.018,4131761
1789155236,9,0,0.01,4131761
1789155236,9,0,0.007,4131761
1789155236,9,0,0.003,4131761
1789155236,8,0,0.035,4131761
1789155236,9,0,0.008,4131761
1789155238,9,0,0.006,4131761
1789155238,9,0,0.004,4131761
1789155238,9,0,0.004,4131761
1789155238,9,0,0.013,4131761
1789155238,9,0,0.004,4131761
1789155238,9,0,0.003,4131761
1789155239,9,0,0.004,4131761
1789155239,9,0,0.01,4131761
1789155239,8,0,0.042,4131761
1789155239,9,0,0.023,4131761
1789155239,9,0,0.003,4131761
1789155239,9,0,0.009,4131761
1789155239,9,0,0.008,4131761
1789155240,9,0,0.003,4131761
1789155240,9,0,0.016,4131761
1789155240,9,0,0.031,4131761
1789155241,9,0,0.006,4131761
1789155242,9,0,0.01,4131761
1789155242,9,0,0.004,4131761
1789155242,8,0,0.059,4131761
1789155242,9,0,0.003,4131761
1789155242,9,0,0.014,4131761
1789155242,9,0,0.006,4131761
1789155243,9,0,0.021,4131761
1789155243,9,0,0.004,4131761
1789155243,9,0,0.018,4131761
1789155243,9,0,0.003,4131761
1789155244,9,0,0.008,4131761
1789155244,9,0,0.003,4131761
1789155244,9,0,0.006,4131761
1789155244,8,0,0.046,4131761
1789155244,9,0,0.004,4131761
1789155244,9,0,0.004,4131761
1789155245,9,0,0.004,4131761
1789155245,9,0,0.021,4131761
1789155245,9,0,0.003,4131761
1789155245,9,0,0.005,4131761
1789155246,9,0,0.065,4131761
1789155246,9,0,0.007,4131761
1789155246,9,0,0.005,4131761
1789155247,9,0,0.008,4131761
1789155247,8,0,0.061,4131761
1789155247,9,0,0.006,4131761
1789155247,9,0,0.007,4131761
1789155247,9,0,0.003,4131761
1789155247,9,0,0.013,4131761
1789155247,9,0,0.012,4131761
1789155247,9,0,0.003,4131761
1789155247,9,0,0.017,4131761
1789155247,9,0,0.004,4131761
1789155247,9,0,0.003,4131761
1789155248,9,0,0.012,4131761
1789155248,8,0,0.053,4131761
1789155248,9,0,0.003,4131761
1789155248,9,0,0.019,4131761
1789155248,9,0,0.004,4131761
1789155248,9,0,0.006,4131761
1789155248,9,0,0.01,4131761
1789155248,9,0,0.016,4131761
1789155248,9,0,0.006,4131761
1789155248,9,0,0.013,4131761
1789155248,9,0,0.007,4131761
1789155248,9,0,0.008,4131761
1789155248,9,0,0.018,4131761
1789155249,8,0,0.031,4131761
1789155249,9,0,0.003,4131761
1789155249,9,0,0.006,4131761
1789155249,9,0,0.019,4131761
1789155249,9,0,0.016,4131761
1789155249,9,0,0.015,4131761
1789155249,9,0,0.009,4131761
1789155249,9,0,0.006,4131761
1789155249,9,0,0.007,4131761
1789155250,9,0,0.006,4131761
1789155250,8,0,0.034,4131761
1789155250,9,0,0.006,4131761
1789155250,9,0,0.006,4131761
1789155250,9,0,0.003,4131761
1789155251,9,0,0.02,4131761
1789155251,9,0,0.006,4131761
1789155251,9,0,0.006,4131761
1789155252,9,0,0.012,4131761
1789155252,9,0,0.01,4131761
1789155253,9,0,0.006,4131761
1789155253,9,0,0.008,4131761
1789155253,8,0,0.039,4131761
1789155253,9,0,0.008,4131761
1789155254,9,0,0.009,4131761
1789155254,9,0,0.013,4131761
1789155254,9,0,0.01,4131761
1789155254,9,0,0.006,4131761
1789155254,9,0,0.01,4131761
1789155255,9,0,0.004,4131761
1789155255,9,0,0.014,4131761
1789155255,9,0,0.003,4131761
1789155255,9,0,0.01,4131761
1789155255,8,0,0.04,4131761
1789155255,9,0,0.015,4131761
1789155256,9,0,0.027,4131761
1789155256,9,0,0.002,4131761
1789155256,9,0,0.008,4131761
1789155256,9,0,0.004,4131761
1789155257,9,0,0.009,4131761
1789155257,9,0,0.004,4131761
1789155258,9,0,0.004,4131761
1789155258,9,0,0.003,4131761
1789155258,9,0,0.012,4131761
1789155258,8,0,0.063,4131761
1789155258,9,0,0.004,4131761
1789155258,9,0,0.01,4131761
1789155258,9,0,0.003,4131761
1789155258,9,0,0.012,4131761
1789155258,9,0,0.003,4131761
1789155258,9,0,0.003,4131761
1789155258,9,0,0.003,4131761
1789155259,9,0,0.005,4131761
1789155259,9,0,0.008,4131761
1789155259,9,0,0.004,4131761
1789155259,8,0,0.032,4131761
1789155259,9,0,0.009,4131761
1789155259,9,0,0.003,4131761
1789155260,9,0,0.004,4131761
1789155260,9,0,0.005,4131761
1789155260,9,0,0.013,4131761
1789155260,9,0,0.02,4131761
1789155260,9,0,0.007,4131761
1789155260,9,0,0.011,4131761
1789155260,9,0,0.008,4131761
1789155260,9,0,0.003,4131761
1789155260,8,0,0.029,4131761
1789155260,9,0,0.011,4131761
1789155260,9,0,0.007,4131761
1789155261,9,0,0.011,4131761
1789155261,9,0,0.011,4131761
1789155261,9,0,0.003,4131761
1789155262,9,0,0.003,4131761
1789155265,9,0,0.006,4131761
1789155265,9,0,0.02,4131761
1789155265,9,0,0.004,4131761
1789155265,9,0,0.003,4131761
1789155265,8,0,0.064,4131761
1789155265,9,0,0.023,4131761
1789155265,9,0,0.003,4131761
1789155266,9,0,0.023,4131761
1789155266,9,0,0.003,4131761
1789155267,9,0,0.005,4131761
1789155267,9,0,0.011,4131761
1789155267,9,0,0.004,4131761
1789155267,9,0,0.009,4131761
1789155267,9,0,0.003,4131761
1789155268,9,0,0.008,4131761
1789155268,8,0,0.047,4131761
1789155268,9,0,0.008,4131761
1789155268,9,0,0.004,4131761
1789155268,9,0,0.005,4131761
1789155268,9,0,0.003,4131761
1789155268,9,0,0.009,4131761
1789155268,9,0,0.052,4131761
1789155268,9,0,0.011,4131761
1789155268,9,0,0.009,4131761
1789155269,9,0,0.007,4131761
1789155269,9,0,0.004,4131761
1789155269,8,0,0.028,4131761
1789155269,9,0,0.008,4131761
1789155269,9,0,0.008,4131761
1789155269,9,0,0.004,4131761
1789155269,9,0,0.013,4131761
1789155270,9,0,0.004,4131761
1789155270,9,0,0.005,4131761
1789155270,9,0,0.006,4131761
1789155270,9,0,0.01,4131761
1789155270,9,0,0.008,4131761
1789155271,9,0,0.004,4131761
1789155271,8,0,0.029,4131761
1789155271,9,0,0.005,4131761
1789155271,9,0,0.034,4131761
1789155272,9,0,0.003,4131761
1789155273,9,0,0.013,4131761
1789155273,9,0,0.006,4131761
1789155274,9,0,0.003,4131761
1789155274,9,0,0.015,4131761
1789155274,9,0,0.012,4131761
1789155274,9,0,0.033,4131761
1789155274,9,0,0.011,4131761
1789155274,9,0,0.003,4131761
1789155274,8,0,0.067,4131761
1789155274,9,0,0.003,4131761
1789155274,9,0,0.006,4131761
1789155274,9,0,0.014,4131761
1789155275,9,0,0.003,4131761
1789155275,9,0,0.003,4131761
1789155275,9,0,0.064,4131761
1789155275,9,0,0.004,4131761
1789155275,9,0,0.017,4131761
1789155275,9,0,0.006,4131761
1789155275,8,0,0.034,4131761
1789155276,9,0,0.065,4131761
1789155276,9,0,0.015,4131761
1789155276,9,0,0.003,4131761
1789155276,9,0,0.014,4131761
1789155276,9,0,0.003,4131761
1789155277,9,0,0.004,4131761
1789155277,9,0,0.007,4131761
1789155277,9,0,0.003,4131761
1789155277,9,0,0.007,4131761
1789155277,9,0,0.019,4131761
1789155277,8,0,0.028,4131761
1789155277,9,0,0.014,4131761
1789155277,9,0,0.006,4131761
1789155278,9,0,0.017,4131761
1789155278,9,0,0.008,4131761
1789155278,9,0,0.004,4131761
1789155278,9,0,0.017,4131761
1789155278,9,0,0.006,4131761
1789155279,9,0,0.004,4131761
1789155279,9,0,0.015,4131761
1789155279,9,0,0.005,4131761
1789155279,8,0,0.031,4131761
1789155280,9,0,0.01,4131761
1789155280,9,0,0.004,4131761
1789155280,9,0,0.051,4131761
1789155281,9,0,0.006,4131761
1789155281,9,0,0.003,4131761
1789155281,9,0,0.022,4131761
1789155282,9,0,0.004,4131761
1789155283,9,0,0.006,4131761
1789155283,9,0,0.004,4131761
1789155284,9,0,0.012,4131761
1789155284,8,0,0.041,4131761
1789155285,9,0,0.011,4131761
1789155285,9,0,0.008,4131761
1789155285,9,0,0.012,4131761
1789155285,9,0,0.004,4131761
1789155286,9,0,0.012,4131761
1789155286,9,0,0.008,4131761
1789155286,9,0,0.003,4131761
1789155286,9,0,0.003,4131761
1789155287,9,0,0.004,4131761
1789155287,9,0,0.011,4131761
1789155287,8,0,0.047,4131761
1789155287,9,0,0.028,4131761
1789155287,9,0,0.003,4131761
1789155287,9,0,0.003,4131761
1789155287,9,0,0.007,4131761
1789155287,9,0,0.006,4131761
1789155287,9,0,0.008,4131761
1789155287,9,0,0.008,4131761
1789155287,9,0,0.013,4131761
1789155287,9,0,0.003,4131761
1789155288,9,0,0.006,4131761
1789155288,8,0,0.052,4131761
1789155288,9,0,0.008,4131761
1789155288,9,0,0.013,4131761
1789155288,9,0,0.018,4131761
1789155288,9,0,0.004,4131761
1789155288,9,0,0.003,4131761
1789155288,9,0,0.005,4131761
1789155288,9,0,0.003,4131761
1789155289,9,0,0.017,4131761
1789155289,9,0,0.035,4131761
1789155289,9,0,0.005,4131761
1789155289,8,0,0.028,4131761
1789155289,9,0,0.008,4131761
1789155290,9,0,0.027,4131761
1789155290,9,0,0.018,4131761
1789155290,9,0,0.003,4131761
1789155290,9,0,0.025,4131761
1789155290,9,0,0.016,4131761
1789155290,9,0,0.005,4131761
1789155291,9,0,0.004,4131761
1789155292,9,0,0.007,4131761
1789155292,9,0,0.018,4131761
1789155292,8,0,0.042,4131761
1789155292,9,0,0.004,4131761
1789155292,9,0,0.005,4131761
1789155292,9,0,0.013,4131761
1789155292,9,0,0.008,4131761
1789155292,9,0,0.007,4131761
1789155292,9,0,0.003,4131761
1789155293,9,0,0.005,4131761
1789155293,9,0,0.007,4131761
1789155293,9,0,0.003,4131761
1789155293,9,0,0.004,4131761
1789155293,8,0,0.034,4131761
1789155293,9,0,0.023,4131761
1789155293,9,0,0.003,4131761
1789155293,9,0,0.018,4131761
1789155293,9,0,0.011,4131761
1789155294,9,0,0.003,4131761
1789155294,9,0,0.003,4131761
1789155294,9,0,0.005,4131761
1789155294,9,0,0.023,4131761
1789155294,9,0,0.005,4131761
1789155295,9,0,0.009,4131761
1789155295,8,0,0.038,4131761
1789155295,9,0,0.003,4131761
1789155295,9,0,0.007,4131761
1789155296,9,0,0.02,4131761
1789155296,9,0,0.009,4131761
1789155298,9,0,0.003,4131761
1789155298,9,0,0.003,4131761
1789155298,9,0,0.003,4131761
1789155298,9,0,0.005,4131761
1789155298,9,0,0.007,4131761
1789155298,9,0,0.004,4131761
1789155298,8,0,0.046,4131761
1789155298,9,0,0.003,4131761
1789155299,9,0,0.003,4131761
1789155299,9,0,0.009,4131761
1789155299,9,0,0.005,4131761
1789155299,9,0,0.013,4131761
1789155299,9,0,0.018,4131761
1789155299,9,0,0.038,4131761
1789155299,9,0,0.01,4131761
1789155300,9,0,0.02,4131761
1789155300,9,0,0.005,4131761
1789155300,8,0,0.028,4131761
1789155300,9,0,0.007,4131761
1789155300,9,0,0.008,4131761
1789155300,9,0,0.009,4131761
1789155301,9,0,0.007,4131761
1789155302,9,0,0.013,4131761
1789155302,9,0,0.003,4131761
1789155303,9,0,0.011,4131761
1789155303,9,0,0.007,4131761
1789155303,9,0,0.015,4131761
1789155303,9,0,0.005,4131761
1789155303,8,0,0.064,4131761
1789155303,9,0,0.004,4131761
1789155303,9,0,0.014,4131761
1789155303,9,0,0.003,4131761
1789155303,9,0,0.007,4131761
1789155303,9,0,0.009,4131761
1789155304,9,0,0.006,4131761
1789155304,9,0,0.005,4131761
1789155304,9,0,0.008,4131761
1789155304,9,0,0.034,4131761
1789155305,9,0,0.01,4131761
1789155305,8,0,0.032,4131761
1789155305,9,0,0.015,4131761
1789155306,9,0,0.006,4131761
1789155306,9,0,0.019,4131761
1789155306,9,0,0.004,4131761
1789155306,9,0,0.015,4131761
1789155306,9,0,0.003,4131761
1789155307,9,0,0.009,4131761
1789155307,9,0,0.009,4131761
1789155307,9,0,0.005,4131761
1789155307,8,0,0.05,4131761
1789155307,9,0,0.055,4131761
1789155307,9,0,0.012,4131761
1789155308,9,0,0.016,4131761
1789155308,9,0,0.026,4131761
1789155308,9,0,0.011,4131761
1789155308,9,0,0.011,4131761
1789155309,9,0,0.019,4131761
1789155309,9,0,0.008,4131761
1789155310,9,0,0.012,4131761
1789155310,9,0,0.006,4131761
1789155310,9,0,0.003,4131761
1789155310,8,0,0.044,4131761
1789155310,9,0,0.004,4131761
1789155311,9,0,0.016,4131761
1789155311,9,0,0.012,4131761
1789155311,9,0,0.011,4131761
1789155312,9,0,0.008,4131761
1789155312,9,0,0.003,4131761
1789155312,9,0,0.006,4131761
1789155313,9,0,0.003,4131761
1789155313,9,0,0.014,4131761
1789155314,9,0,0.01,4131761
1789155314,8,0,0.036,4131761
1789155314,9,0,0.008,4131761
1789155314,9,0,0.009,4131761
1789155314,9,0,0.005,4131761
1789155314,9,0,0.013,4131761
1789155314,9,0,0.003,4131761
1789155314,9,0,0.003,4131761
1789155315,9,0,0.013,4131761
1789155315,9,0,0.004,4131761
1789155315,9,0,0.029,4131761
1789155315,9,0,0.008,4131761
1789155315,9,0,0.014,4131761
1789155315,8,0,0.028,4131761
1789155315,9,0,0.004,4131761
1789155316,9,0,0.003,4131761
1789155316,9,0,0.007,4131761
1789155316,9,0,0.012,4131761
1789155316,9,0,0.007,4131761
1789155316,9,0,0.005,4131761
1789155316,9,0,0.004,4131761
1789155317,9,0,0.008,4131761
1789155317,9,0,0.016,4131761
1789155317,8,0,0.029,4131761
1789155317,9,0,0.003,4131761
1789155317,9,0,0.009,4131761
1789155317,9,0,0.01,4131761
1789155318,9,0,0.005,4131761
1789155319,9,0,0.008,4131761
1789155319,9,0,0.009,4131761
1789155320,9,0,0.004,4131761
1789155320,9,0,0.01,4131761
1789155321,9,0,0.008,4131761
1789155321,9,0,0.009,4131761
1789155321,9,0,0.004,4131761
1789155321,8,0,0.038,4131761
1789155322,9,0,0.018,4131761
1789155322,9,0,0.027,4131761
1789155322,9,0,0.019,4131761
1789155322,9,0,0.004,4131761
1789155322,9,0,0.003,4131761
1789155322,9,0,0.008,4131761
1789155323,9,0,0.009,4131761
1789155323,9,0,0.003,4131761
1789155323,9,0,0.003,4131761
1789155323,9,0,0.052,4131761
1789155323,8,0,0.116,4131761
1789155323,9,0,0.007,4131761
1789155324,9,0,0.024,4131761
1789155324,9,0,0.015,4131761
1789155324,9,0,0.003,4131761
1789155324,9,0,0.007,4131761
1789155324,9,0,0.022,4131761
1789155324,9,0,0.003,4131761
1789155325,9,0,0.008,4131761
1789155325,9,0,0.005,4131761
1789155325,8,0,0.033,4131761
1789155325,9,0,0.006,4131761
1789155325,9,0,0.004,4131761
1789155325,9,0,0.003,4131761
1789155326,9,0,0.008,4131761
1789155326,9,0,0.007,4131761
1789155327,9,0,0.01,4131761
1789155327,9,0,0.02,4131761
1789155327,9,0,0.004,4131761
1789155327,9,0,0.004,4131761
1789155328,9,0,0.006,4131761
1789155328,8,0,0.043,4131761
1789155328,9,0,0.034,4131761
1789155328,9,0,0.006,4131761
1789155328,9,0,0.012,4131761
1789155328,9,0,0.009,4131761
1789155328,9,0,0.009,4131761
1789155328,9,0,0.007,4131761
1789155329,9,0,0.003,4131761
1789155330,9,0,0.009,4131761
1789155330,9,0,0.082,4131761
1789155330,9,0,0.003,4131761
1789155330,9,0,0.003,4131761
1789155330,8,0,0.054,4131761
1789155330,9,0,0.007,4131761
1789155330,9,0,0.009,4131761
1789155330,9,0,0.013,4131761
1789155331,9,0,0.003,4131761
1789155331,9,0,0.013,4131761
1789155331,9,0,0.004,4131761
1789155331,9,0,0.003,4131761
1789155331,9,0,0.005,4131761
1789155331,9,0,0.006,4131761
1789155331,8,0,0.032,4131761
1789155331,9,0,0.017,4131761
1789155332,9,0,0.021,4131761
1789155332,9,0,0.051,4131761
1789155332,9,0,0.004,4131761
1789155332,9,0,0.003,4131761
1789155332,9,0,0.013,4131761
1789155332,9,0,0.015,4131761
1789155332,9,0,0.003,4131761
1789155333,9,0,0.01,4131761
1789155333,9,0,0.012,4131761
1789155333,8,0,0.037,4131761
1789155333,9,0,0.019,4131761
1789155334,9,0,0.01,4131761
1789155335,9,0,0.004,4131761
1789155335,9,0,0.014,4131761
1789155336,9,0,0.006,4131761
1789155336,9,0,0.008,4131761
1789155336,9,0,0.044,4131761
1789155337,9,0,0.004,4131761
1789155337,9,0,0.017,4131761
1789155337,9,0,0.009,4131761
1789155337,8,0,0.051,4131761
1789155337,9,0,0.004,4131761
1789155337,9,0,0.007,4131761
1789155338,9,0,0.003,4131761
1789155338,9,0,0.004,4131761
1789155338,9,0,0.003,4131761
1789155338,9,0,0.004,4131761
1789155338,9,0,0.007,4131761
1789155338,9,0,0.011,4131761
1789155338,9,0,0.003,4131761
1789155338,9,0,0.008,4131761
1789155338,8,0,0.034,4131761
1789155338,9,0,0.004,4131761
1789155338,9,0,0.006,4131761
1789155338,9,0,0.004,4131761
1789155338,9,0,0.003,4131761
1789155339,9,0,0.02,4131761
1789155339,9,0,0.021,4131761
1789155339,9,0,0.004,4131761
1789155340,9,0,0.003,4131761
1789155340,9,0,0.004,4131761
1789155340,9,0,0.005,4131761
1789155340,8,0,0.029,4131761
1789155340,9,0,0.003,4131761
1789155340,9,0,0.006,4131761
1789155341,9,0,0.005,4131761
1789155342,9,0,0.003,4131761
1789155343,9,0,0.006,4131761
1789155343,9,0,0.005,4131761
1789155344,9,0,0.009,4131761
1789155344,9,0,0.016,4131761
1789155344,9,0,0.005,4131761
1789155345,9,0,0.003,4131761
1789155345,9,0,0.004,4131761
1789155345,8,0,0.046,4131761
1789155345,9,0,0.004,4131761
1789155345,9,0,0.004,4131761
1789155345,9,0,0.004,4131761
1789155345,9,0,0.004,4131761
1789155345,9,0,0.007,4131761
1789155346,9,0,0.007,4131761
1789155346,9,0,0.028,4131761
1789155346,9,0,0.013,4131761
1789155346,9,0,0.005,4131761
1789155346,9,0,0.06,4131761
1789155346,8,0,0.131,4131761
1789155346,9,0,0.028,4131761
1789155346,9,0,0.009,4131761
1789155346,9,0,0.042,4131761
1789155347,9,0,0.014,4131761
1789155347,9,0,0.004,4131761
1789155347,9,0,0.02,4131761
1789155347,9,0,0.003,4131761
1789155347,9,0,0.003,4131761
1789155347,9,0,0.004,4131761
1789155347,8,0,0.031,4131761
1789155347,9,0,0.006,4131761
1789155347,9,0,0.01,4131761
1789155348,9,0,0.003,4131761
1789155348,9,0,0.005,4131761
1789155348,9,0,0.005,4131761
1789155348,9,0,0.004,4131761
1789155349,9,0,0.004,4131761
1789155349,9,0,0.023,4131761
1789155349,9,0,0.009,4131761
1789155349,9,0,0.009,4131761
1789155349,8,0,0.045,4131761
1789155349,9,0,0.003,4131761
1789155349,9,0,0.02,4131761
1789155349,9,0,0.007,4131761
1789155350,9,0,0.013,4131761
1789155350,9,0,0.004,4131761
1789155350,9,0,0.004,4131761
1789155350,9,0,0.007,4131761
1789155350,9,0,0.04,4131761
1789155350,9,0,0.003,4131761
1789155350,9,0,0.005,4131761
1789155350,8,0,0.029,4131761
1789155350,9,0,0.003,4131761
1789155350,9,0,0.015,4131761
1789155350,9,0,0.004,4131761
1789155350,9,0,0.006,4131761
1789155350,9,0,0.014,4131761
1789155350,9,0,0.01,4131761
1789155350,9,0,0.003,4131761
1789155350,9,0,0.007,4131761
1789155350,9,0,0.012,4131761
1789155350,9,0,0.004,4131761
1789155350,8,0,0.029,4131761
1789155350,9,0,0.003,4131761
1789155350,9,0,0.011,4131761
1789155351,9,0,0.009,4131761
1789155351,9,0,0.007,4131761
1789155351,9,0,0.007,4131761
1789155351,9,0,0.014,4131761
1789155351,9,0,0.003,4131761
1789155351,9,0,0.009,4131761
1789155352,9,0,0.015,4131761
1789155352,9,0,0.004,4131761
1789155352,8,0,0.032,4131761
1789155352,9,0,0.024,4131761
1789155353,9,0,0.003,4131761
1789155353,9,0,0.003,4131761
1789155353,9,0,0.003,4131761
1789155354,9,0,0.005,4131761
1789155354,9,0,0.006,4131761
1789155354,9,0,0.017,4131761
1789155354,9,0,0.003,4131761
1789155354,9,0,0.009,4131761
1789155354,9,0,0.025,4131761
1789155354,8,0,0.065,4131761
1789155355,9,0,0.003,4131761
1789155355,9,0,0.004,4131761
1789155355,9,0,0.017,4131761
1789155355,9,0,0.006,4131761
1789155355,9,0,0.011,4131761
1789155355,9,0,0.01,4131761
1789155355,9,0,0.014,4131761
1789155356,9,0,0.009,4131761
1789155356,9,0,0.004,4131761
1789155356,9,0,0.012,4131761
1789155356,8,0,0.032,4131761
1789155357,9,0,0.004,4131761
1789155357,9,0,0.003,4131761
1789155357,9,0,0.013,4131761
1789155357,9,0,0.073,4131761
1789155357,9,0,0.016,4131761
1789155358,9,0,0.003,4131761
1789155358,9,0,0.006,4131761
1789155359,9,0,0.014,4131761
1789155359,9,0,0.003,4131761
1789155359,9,0,0.009,4131761
1789155359,8,0,0.049,4131761
1789155360,9,0,0.005,4131761
1789155360,9,0,0.003,4131761
1789155360,9,0,0.03,4131761
1789155360,9,0,0.011,4131761
1789155360,9,0,0.008,4131761
1789155360,9,0,0.008,4131761
1789155360,9,0,0.007,4131761
1789155361,9,0,0.003,4131761
1789155361,9,0,0.021,4131761
1789155361,9,0,0.01,4131761
1789155361,8,0,0.059,4131761
1789155362,9,0,0.003,4131761
1789155362,9,0,0.006,4131761
1789155362,9,0,0.009,4131761
1789155362,9,0,0.006,4131761
1789155362,9,0,0.006,4131761
1789155362,9,0,0.004,4131761
1789155363,9,0,0.016,4131761
1789155363,9,0,0.005,4131761
1789155363,9,0,0.01,4131761
1789155363,9,0,0.003,4131761
1789155363,8,0,0.041,4131761
1789155364,9,0,0.01,4131761
1789155364,9,0,0.003,4131761
1789155364,9,0,0.005,4131761
1789155365,9,0,0.018,4131761
1789155365,9,0,0.018,4131761
1789155365,9,0,0.003,4131761
1789155365,9,0,0.003,4131761
1789155365,9,0,0.007,4131761
1789155366,9,0,0.005,4131761
1789155366,9,0,0.003,4131761
1789155366,9,0,0.005,4131761
1789155366,8,0,0.047,4131761
1789155366,9,0,0.012,4131761
1789155366,9,0,0.009,4131761
1789155366,9,0,0.053,4131761
1789155366,9,0,0.018,4131761
1789155366,9,0,0.022,4131761
1789155367,9,0,0.015,4131761
1789155367,9,0,0.014,4131761
1789155367,9,0,0.01,4131761
1789155368,9,0,0.004,4131761
1789155368,8,0,0.037,4131761
1789155368,9,0,0.02,4131761
1789155368,9,0,0.003,4131761
1789155369,9,0,0.005,4131761
1789155369,9,0,0.004,4131761
1789155369,9,0,0.013,4131761
1789155369,9,0,0.004,4131761
1789155370,9,0,0.004,4131761
1789155370,9,0,0.034,4131761
1789155370,9,0,0.003,4131761
1789155370,9,0,0.018,4131761
1789155370,8,0,0.034,4131761
1789155370,9,0,0.006,4131761
1789155370,9,0,0.016,4131761
1789155370,9,0,0.014,4131761
1789155371,9,0,0.014,4131761
1789155371,9,0,0.011,4131761
1789155371,9,0,0.01,4131761
1789155371,9,0,0.004,4131761
1789155371,9,0,0.014,4131761
1789155371,9,0,0.014,4131761
1789155372,9,0,0.008,4131761
1789155372,8,0,0.033,4131761
1789155372,9,0,0.013,4131761
1789155372,9,0,0.005,4131761
1789155372,9,0,0.009,4131761
1789155372,9,0,0.006,4131761
1789155372,9,0,0.003,4131761
1789155372,9,0,0.015,4131761
1789155372,9,0,0.003,4131761
1789155373,9,0,0.004,4131761
1789155373,9,0,0.009,4131761
1789155373,9,0,0.018,4131761
1789155373,8,0,0.043,4131761
1789155373,9,0,0.006,4131761
1789155373,9,0,0.016,4131761
1789155374,9,0,0.003,4131761
1789155374,9,0,0.022,4131761
1789155374,9,0,0.011,4131761
1789155374,9,0,0.016,4131761
1789155374,9,0,0.005,4131761
1789155374,9,0,0.012,4131761
1789155374,9,0,0.003,4131761
1789155374,9,0,0.007,4131761
1789155374,8,0,0.033,4131761
1789155375,9,0,0.005,4131761
1789155376,9,0,0.023,4131761
1789155376,9,0,0.003,4131761
1789155376,9,0,0.004,4131761
1789155376,9,0,0.004,4131761
1789155377,9,0,0.005,4131761
1789155378,9,0,0.004,4131761
1789155378,9,0,0.005,4131761
1789155378,9,0,0.003,4131761
1789155378,9,0,0.004,4131761
1789155378,8,0,0.036,4131761
1789155378,9,0,0.003,4131761
1789155378,9,0,0.007,4131761
1789155378,9,0,0.003,4131761
1789155378,9,0,0.009,4131761
1789155378,9,0,0.003,4131761
1789155379,9,0,0.003,4131761
1789155379,9,0,0.007,4131761
1789155379,9,0,0.003,4131761
