dbt5 - Brokerage House
Listening on port: 30000

Using the following database settings:
  Database hostname: localhost
  Database port: 
  Database name: dbt5
Using the following Market Exchange Emulator settings:
  Hostname: localhost
  Port: 30010
Brokerage House opened for business, waiting for traders...
1788949759 1873045 TRADE_RESULT giving up after 10 retries 1873045 1788949759 
SQL: SELECT * FROM TradeResultFrame4($1, $2, $3, $4)
ERROR:  could not serialize access due to read/write dependencies among transactions
DETAIL:  Reason code: Canceled on identification as a pivot, during conflict out checking.
HINT:  The transaction might succeed if retried.
CONTEXT:  SQL statement "SELECT s_ex_id
     , s_name
FROM security
WHERE s_symb = $1"


1788949759 1873036 TRADE_RESULT giving up after 10 retries 1873036 1788949759 
SQL: SELECT * FROM TradeResultFrame4($1, $2, $3, $4)
ERROR:  could not serialize access due to read/write dependencies among transactions
DETAIL:  Reason code: Canceled on identification as a pivot, during conflict out checking.
HINT:  The transaction might succeed if retried.
CONTEXT:  SQL statement "SELECT s_ex_id
     , s_name
FROM security
WHERE s_symb = $1"


1788949759 1873035 TRADE_RESULT giving up after 10 retries 1873035 1788949759 
SQL: COMMIT
ERROR:  could not serialize access due to read/write dependencies among transactions
DETAIL:  Reason code: Canceled on commit attempt with conflict in from prepared pivot.
HINT:  The transaction might succeed if retried.


1788949759 1873034 TRADE_RESULT giving up after 10 retries 1873034 1788949759 
SQL: COMMIT
ERROR:  could not serialize access due to read/write dependencies among transactions
DETAIL:  Reason code: Canceled on commit attempt with conflict in from prepared pivot.
HINT:  The transaction might succeed if retried.


1788949760 1873045 TRADE_RESULT giving up after 10 retries 1873045 1788949760 
SQL: SELECT * FROM TradeResultFrame5($1, $2, $3, $4, $5, $6)
ERROR:  could not serialize access due to read/write dependencies among transactions
DETAIL:  Reason code: Canceled on identification as a pivot, during write.
HINT:  The transaction might succeed if retried.
CONTEXT:  SQL statement "UPDATE trade
SET t_comm = $1
  , t_dts = $2
  , t_st_id = $3
  , t_trade_price = $4
WHERE t_id = $5"


1788949765 1873033 TRADE_RESULT giving up after 10 retries 1873033 1788949765 
SQL: COMMIT
ERROR:  could not serialize access due to read/write dependencies among transactions
DETAIL:  Reason code: Canceled on commit attempt with conflict in from prepared pivot.
HINT:  The transaction might succeed if retried.


1788949765 1873031 TRADE_RESULT giving up after 10 retries 1873031 1788949765 
SQL: SELECT * FROM TradeResultFrame5($1, $2, $3, $4, $5, $6)
ERROR:  could not serialize access due to read/write dependencies among transactions
DETAIL:  Reason code: Canceled on identification as a pivot, during write.
HINT:  The transaction might succeed if retried.
CONTEXT:  SQL statement "UPDATE trade
SET t_comm = $1
  , t_dts = $2
  , t_st_id = $3
  , t_trade_price = $4
WHERE t_id = $5"


1788949765 1873029 TRADE_RESULT giving up after 10 retries 1873029 1788949765 
SQL: SELECT * FROM TradeResultFrame5($1, $2, $3, $4, $5, $6)
ERROR:  could not serialize access due to read/write dependencies among transactions
DETAIL:  Reason code: Canceled on identification as a pivot, during write.
HINT:  The transaction might succeed if retried.
CONTEXT:  SQL statement "UPDATE trade
SET t_comm = $1
  , t_dts = $2
  , t_st_id = $3
  , t_trade_price = $4
WHERE t_id = $5"


1788949774 1873030 TRADE_RESULT giving up after 10 retries 1873030 1788949774 
SQL: SELECT * FROM TradeResultFrame5($1, $2, $3, $4, $5, $6)
ERROR:  could not serialize access due to read/write dependencies among transactions
DETAIL:  Reason code: Canceled on identification as a pivot, during write.
HINT:  The transaction might succeed if retried.
CONTEXT:  SQL statement "UPDATE trade
SET t_comm = $1
  , t_dts = $2
  , t_st_id = $3
  , t_trade_price = $4
WHERE t_id = $5"


1788949778 1873039 TRADE_RESULT giving up after 10 retries 1873039 1788949778 
SQL: SELECT * FROM TradeResultFrame5($1, $2, $3, $4, $5, $6)
ERROR:  could not serialize access due to read/write dependencies among transactions
DETAIL:  Reason code: Canceled on identification as a pivot, during write.
HINT:  The transaction might succeed if retried.
CONTEXT:  SQL statement "UPDATE trade
SET t_comm = $1
  , t_dts = $2
  , t_st_id = $3
  , t_trade_price = $4
WHERE t_id = $5"


1788949778 1873044 TRADE_RESULT giving up after 10 retries 1873044 1788949778 
SQL: SELECT * FROM TradeResultFrame6($1, $2, $3, $4, $5, $6, $7, $8, $9)
ERROR:  could not serialize access due to read/write dependencies among transactions
DETAIL:  Reason code: Canceled on identification as a pivot, during conflict in checking.
HINT:  The transaction might succeed if retried.
CONTEXT:  SQL statement "INSERT INTO settlement(
    se_t_id
  , se_cash_type
  , se_cash_due_date
  , se_amt)
VALUES (
    $1
  , $2
  , $3
  , $4
)"


1788949785 1873040 TRADE_RESULT giving up after 10 retries 1873040 1788949785 
SQL: SELECT * FROM TradeResultFrame6($1, $2, $3, $4, $5, $6, $7, $8, $9)
ERROR:  could not serialize access due to read/write dependencies among transactions
DETAIL:  Reason code: Canceled on identification as a pivot, during conflict in checking.
HINT:  The transaction might succeed if retried.
CONTEXT:  SQL statement "INSERT INTO settlement(
    se_t_id
  , se_cash_type
  , se_cash_due_date
  , se_amt)
VALUES (
    $1
  , $2
  , $3
  , $4
)"


1788949808 1873044 TRADE_RESULT giving up after 10 retries 1873044 1788949808 
SQL: SELECT * FROM TradeResultFrame5($1, $2, $3, $4, $5, $6)
ERROR:  could not serialize access due to read/write dependencies among transactions
DETAIL:  Reason code: Canceled on identification as a pivot, during conflict out checking.
HINT:  The transaction might succeed if retried.
CONTEXT:  SQL statement "SELECT 1 FROM ONLY "public"."security" x WHERE "s_symb"::pg_catalog.text OPERATOR(pg_catalog.=) $1::pg_catalog.text FOR KEY SHARE OF x"
SQL statement "UPDATE trade
SET t_comm = $1
  , t_dts = $2
  , t_st_id = $3
  , t_trade_price = $4
WHERE t_id = $5"


1788949823 1873034 TRADE_RESULT giving up after 10 retries 1873034 1788949823 
SQL: SELECT * FROM TradeResultFrame5($1, $2, $3, $4, $5, $6)
ERROR:  could not serialize access due to read/write dependencies among transactions
DETAIL:  Reason code: Canceled on identification as a pivot, during write.
HINT:  The transaction might succeed if retried.
CONTEXT:  SQL statement "UPDATE trade
SET t_comm = $1
  , t_dts = $2
  , t_st_id = $3
  , t_trade_price = $4
WHERE t_id = $5"


1788949845 1873030 TRADE_RESULT giving up after 10 retries 1873030 1788949845 
SQL: SELECT * FROM TradeResultFrame5($1, $2, $3, $4, $5, $6)
ERROR:  could not serialize access due to read/write dependencies among transactions
DETAIL:  Reason code: Canceled on identification as a pivot, during write.
HINT:  The transaction might succeed if retried.
CONTEXT:  SQL statement "UPDATE trade
SET t_comm = $1
  , t_dts = $2
  , t_st_id = $3
  , t_trade_price = $4
WHERE t_id = $5"


1788949858 1873039 TRADE_RESULT giving up after 10 retries 1873039 1788949858 
SQL: SELECT * FROM TradeResultFrame5($1, $2, $3, $4, $5, $6)
ERROR:  could not serialize access due to read/write dependencies among transactions
DETAIL:  Reason code: Canceled on identification as a pivot, during write.
HINT:  The transaction might succeed if retried.
CONTEXT:  SQL statement "UPDATE trade
SET t_comm = $1
  , t_dts = $2
  , t_st_id = $3
  , t_trade_price = $4
WHERE t_id = $5"


1788949858 1873041 TRADE_RESULT giving up after 10 retries 1873041 1788949858 
SQL: SELECT * FROM TradeResultFrame5($1, $2, $3, $4, $5, $6)
ERROR:  could not serialize access due to read/write dependencies among transactions
DETAIL:  Reason code: Canceled on identification as a pivot, during write.
HINT:  The transaction might succeed if retried.
CONTEXT:  SQL statement "UPDATE trade
SET t_comm = $1
  , t_dts = $2
  , t_st_id = $3
  , t_trade_price = $4
WHERE t_id = $5"


1788949874 1873041 TRADE_RESULT giving up after 10 retries 1873041 1788949874 
SQL: SELECT * FROM TradeResultFrame5($1, $2, $3, $4, $5, $6)
ERROR:  could not serialize access due to read/write dependencies among transactions
DETAIL:  Reason code: Canceled on identification as a pivot, during write.
HINT:  The transaction might succeed if retried.
CONTEXT:  SQL statement "UPDATE trade
SET t_comm = $1
  , t_dts = $2
  , t_st_id = $3
  , t_trade_price = $4
WHERE t_id = $5"


1788949874 1873037 TRADE_RESULT giving up after 10 retries 1873037 1788949874 
SQL: SELECT * FROM TradeResultFrame5($1, $2, $3, $4, $5, $6)
ERROR:  could not serialize access due to read/write dependencies among transactions
DETAIL:  Reason code: Canceled on identification as a pivot, during write.
HINT:  The transaction might succeed if retried.
CONTEXT:  SQL statement "UPDATE trade
SET t_comm = $1
  , t_dts = $2
  , t_st_id = $3
  , t_trade_price = $4
WHERE t_id = $5"


1788949874 1873045 TRADE_RESULT giving up after 10 retries 1873045 1788949874 
SQL: SELECT * FROM TradeResultFrame6($1, $2, $3, $4, $5, $6, $7, $8, $9)
ERROR:  could not serialize access due to read/write dependencies among transactions
DETAIL:  Reason code: Canceled on identification as a pivot, during conflict in checking.
HINT:  The transaction might succeed if retried.
CONTEXT:  SQL statement "INSERT INTO settlement(
    se_t_id
  , se_cash_type
  , se_cash_due_date
  , se_amt)
VALUES (
    $1
  , $2
  , $3
  , $4
)"


1788949874 1873034 TRADE_RESULT giving up after 10 retries 1873034 1788949874 
SQL: SELECT * FROM TradeResultFrame5($1, $2, $3, $4, $5, $6)
ERROR:  could not serialize access due to read/write dependencies among transactions
DETAIL:  Reason code: Canceled on identification as a pivot, during write.
HINT:  The transaction might succeed if retried.
CONTEXT:  SQL statement "UPDATE trade
SET t_comm = $1
  , t_dts = $2
  , t_st_id = $3
  , t_trade_price = $4
WHERE t_id = $5"


1788949877 1873040 TRADE_RESULT giving up after 10 retries 1873040 1788949877 
SQL: SELECT * FROM TradeResultFrame5($1, $2, $3, $4, $5, $6)
ERROR:  could not serialize access due to read/write dependencies among transactions
DETAIL:  Reason code: Canceled on conflict out to pivot 294863268, during read.
HINT:  The transaction might succeed if retried.
CONTEXT:  SQL statement "UPDATE broker
SET b_comm_total = b_comm_total + $1
  , b_num_trades = b_num_trades + 1
WHERE b_id = $2"


1788949886 1873034 TRADE_RESULT giving up after 10 retries 1873034 1788949886 
SQL: SELECT * FROM TradeResultFrame3($1, $2, $3, $4)
ERROR:  could not serialize access due to read/write dependencies among transactions
DETAIL:  Reason code: Canceled on identification as a pivot, during write.
HINT:  The transaction might succeed if retried.
CONTEXT:  SQL statement "UPDATE trade
SET t_tax = $1
WHERE t_id = $2"


1788949934 1873036 TRADE_RESULT giving up after 10 retries 1873036 1788949934 
SQL: SELECT * FROM TradeResultFrame5($1, $2, $3, $4, $5, $6)
ERROR:  could not serialize access due to read/write dependencies among transactions
DETAIL:  Reason code: Canceled on identification as a pivot, during write.
HINT:  The transaction might succeed if retried.
CONTEXT:  SQL statement "UPDATE trade
SET t_comm = $1
  , t_dts = $2
  , t_st_id = $3
  , t_trade_price = $4
WHERE t_id = $5"


1788949985 1873031 TRADE_RESULT giving up after 10 retries 1873031 1788949985 
SQL: SELECT * FROM TradeResultFrame4($1, $2, $3, $4)
ERROR:  could not serialize access due to read/write dependencies among transactions
DETAIL:  Reason code: Canceled on identification as a pivot, during conflict out checking.
HINT:  The transaction might succeed if retried.
CONTEXT:  SQL statement "SELECT s_ex_id
     , s_name
FROM security
WHERE s_symb = $1"


1788949992 1873031 TRADE_RESULT giving up after 10 retries 1873031 1788949992 
SQL: COMMIT
ERROR:  could not serialize access due to read/write dependencies among transactions
DETAIL:  Reason code: Canceled on commit attempt with conflict in from prepared pivot.
HINT:  The transaction might succeed if retried.


1788949994 1873039 TRADE_RESULT giving up after 10 retries 1873039 1788949994 
SQL: COMMIT
ERROR:  could not serialize access due to read/write dependencies among transactions
DETAIL:  Reason code: Canceled on identification as a pivot, during commit attempt.
HINT:  The transaction might succeed if retried.


1788949996 1873042 TRADE_RESULT giving up after 10 retries 1873042 1788949996 
SQL: COMMIT
ERROR:  could not serialize access due to read/write dependencies among transactions
DETAIL:  Reason code: Canceled on commit attempt with conflict in from prepared pivot.
HINT:  The transaction might succeed if retried.


1788950010 1873044 TRADE_RESULT giving up after 10 retries 1873044 1788950010 
SQL: SELECT * FROM TradeResultFrame5($1, $2, $3, $4, $5, $6)
ERROR:  could not serialize access due to read/write dependencies among transactions
DETAIL:  Reason code: Canceled on identification as a pivot, during write.
HINT:  The transaction might succeed if retried.
CONTEXT:  SQL statement "UPDATE trade
SET t_comm = $1
  , t_dts = $2
  , t_st_id = $3
  , t_trade_price = $4
WHERE t_id = $5"


1788950010 1873038 TRADE_RESULT giving up after 10 retries 1873038 1788950010 
SQL: SELECT * FROM TradeResultFrame5($1, $2, $3, $4, $5, $6)
ERROR:  could not serialize access due to read/write dependencies among transactions
DETAIL:  Reason code: Canceled on identification as a pivot, during write.
HINT:  The transaction might succeed if retried.
CONTEXT:  SQL statement "UPDATE trade
SET t_comm = $1
  , t_dts = $2
  , t_st_id = $3
  , t_trade_price = $4
WHERE t_id = $5"


1788950010 1873041 TRADE_RESULT giving up after 10 retries 1873041 1788950010 
SQL: SELECT * FROM TradeResultFrame3($1, $2, $3, $4)
ERROR:  could not serialize access due to read/write dependencies among transactions
DETAIL:  Reason code: Canceled on identification as a pivot, during conflict out checking.
HINT:  The transaction might succeed if retried.
CONTEXT:  SQL statement "SELECT sum(tx_rate)
FROM taxrate
WHERE tx_id IN (
                   SELECT cx_tx_id
                   FROM customer_taxrate
                   WHERE cx_c_id = $1
               )"


1788950013 1873039 TRADE_RESULT giving up after 10 retries 1873039 1788950013 
SQL: SELECT * FROM TradeResultFrame5($1, $2, $3, $4, $5, $6)
ERROR:  could not serialize access due to read/write dependencies among transactions
DETAIL:  Reason code: Canceled on identification as a pivot, during write.
HINT:  The transaction might succeed if retried.
CONTEXT:  SQL statement "UPDATE trade
SET t_comm = $1
  , t_dts = $2
  , t_st_id = $3
  , t_trade_price = $4
WHERE t_id = $5"


1788950013 1873037 TRADE_RESULT giving up after 10 retries 1873037 1788950013 
SQL: SELECT * FROM TradeResultFrame3($1, $2, $3, $4)
ERROR:  could not serialize access due to read/write dependencies among transactions
DETAIL:  Reason code: Canceled on identification as a pivot, during write.
HINT:  The transaction might succeed if retried.
CONTEXT:  SQL statement "UPDATE trade
SET t_tax = $1
WHERE t_id = $2"


1788950014 1873032 TRADE_RESULT giving up after 10 retries 1873032 1788950014 
SQL: SELECT * FROM TradeResultFrame4($1, $2, $3, $4)
ERROR:  could not serialize access due to read/write dependencies among transactions
DETAIL:  Reason code: Canceled on identification as a pivot, during conflict out checking.
HINT:  The transaction might succeed if retried.
CONTEXT:  SQL statement "SELECT s_ex_id
     , s_name
FROM security
WHERE s_symb = $1"


1788950043 1873044 TRADE_RESULT giving up after 10 retries 1873044 1788950043 
SQL: SELECT * FROM TradeResultFrame6($1, $2, $3, $4, $5, $6, $7, $8, $9)
ERROR:  could not serialize access due to read/write dependencies among transactions
DETAIL:  Reason code: Canceled on identification as a pivot, during conflict in checking.
HINT:  The transaction might succeed if retried.
CONTEXT:  SQL statement "INSERT INTO settlement(
    se_t_id
  , se_cash_type
  , se_cash_due_date
  , se_amt)
VALUES (
    $1
  , $2
  , $3
  , $4
)"


1788950045 1873040 TRADE_RESULT giving up after 10 retries 1873040 1788950045 
SQL: SELECT * FROM TradeResultFrame5($1, $2, $3, $4, $5, $6)
ERROR:  could not serialize access due to read/write dependencies among transactions
DETAIL:  Reason code: Canceled on identification as a pivot, during write.
HINT:  The transaction might succeed if retried.
CONTEXT:  SQL statement "UPDATE trade
SET t_comm = $1
  , t_dts = $2
  , t_st_id = $3
  , t_trade_price = $4
WHERE t_id = $5"


1788950047 1873040 TRADE_RESULT giving up after 10 retries 1873040 1788950047 
SQL: SELECT * FROM TradeResultFrame5($1, $2, $3, $4, $5, $6)
ERROR:  could not serialize access due to read/write dependencies among transactions
DETAIL:  Reason code: Canceled on identification as a pivot, during write.
HINT:  The transaction might succeed if retried.
CONTEXT:  SQL statement "UPDATE trade
SET t_comm = $1
  , t_dts = $2
  , t_st_id = $3
  , t_trade_price = $4
WHERE t_id = $5"


1788950054 1873045 TRADE_RESULT giving up after 10 retries 1873045 1788950054 
SQL: SELECT * FROM TradeResultFrame4($1, $2, $3, $4)
ERROR:  could not serialize access due to read/write dependencies among transactions
DETAIL:  Reason code: Canceled on identification as a pivot, during conflict out checking.
HINT:  The transaction might succeed if retried.
CONTEXT:  SQL statement "SELECT cr_rate
FROM commission_rate
WHERE cr_c_tier = $1
  AND cr_tt_id = $2
  AND cr_ex_id = $3
  AND cr_from_qty <= $4
  AND cr_to_qty >= $5
LIMIT 1"


1788950100 1873030 TRADE_RESULT giving up after 10 retries 1873030 1788950100 
SQL: SELECT * FROM TradeResultFrame4($1, $2, $3, $4)
ERROR:  could not serialize access due to read/write dependencies among transactions
DETAIL:  Reason code: Canceled on identification as a pivot, during conflict out checking.
HINT:  The transaction might succeed if retried.
CONTEXT:  SQL statement "SELECT s_ex_id
     , s_name
FROM security
WHERE s_symb = $1"


1788950104 1873035 TRADE_RESULT giving up after 10 retries 1873035 1788950104 
SQL: SELECT * FROM TradeResultFrame5($1, $2, $3, $4, $5, $6)
ERROR:  could not serialize access due to read/write dependencies among transactions
DETAIL:  Reason code: Canceled on identification as a pivot, during write.
HINT:  The transaction might succeed if retried.
CONTEXT:  SQL statement "UPDATE trade
SET t_comm = $1
  , t_dts = $2
  , t_st_id = $3
  , t_trade_price = $4
WHERE t_id = $5"


1788950105 1873039 TRADE_RESULT giving up after 10 retries 1873039 1788950105 
SQL: SELECT * FROM TradeResultFrame5($1, $2, $3, $4, $5, $6)
ERROR:  could not serialize access due to read/write dependencies among transactions
DETAIL:  Reason code: Canceled on identification as a pivot, during write.
HINT:  The transaction might succeed if retried.
CONTEXT:  SQL statement "UPDATE trade
SET t_comm = $1
  , t_dts = $2
  , t_st_id = $3
  , t_trade_price = $4
WHERE t_id = $5"


1788950105 1873040 TRADE_RESULT giving up after 10 retries 1873040 1788950105 
SQL: SELECT * FROM TradeResultFrame3($1, $2, $3, $4)
ERROR:  could not serialize access due to read/write dependencies among transactions
DETAIL:  Reason code: Canceled on identification as a pivot, during conflict out checking.
HINT:  The transaction might succeed if retried.
CONTEXT:  SQL statement "SELECT sum(tx_rate)
FROM taxrate
WHERE tx_id IN (
                   SELECT cx_tx_id
                   FROM customer_taxrate
                   WHERE cx_c_id = $1
               )"


1788950117 1873030 TRADE_RESULT giving up after 10 retries 1873030 1788950117 
SQL: SELECT * FROM TradeResultFrame5($1, $2, $3, $4, $5, $6)
ERROR:  could not serialize access due to read/write dependencies among transactions
DETAIL:  Reason code: Canceled on identification as a pivot, during write.
HINT:  The transaction might succeed if retried.
CONTEXT:  SQL statement "UPDATE trade
SET t_comm = $1
  , t_dts = $2
  , t_st_id = $3
  , t_trade_price = $4
WHERE t_id = $5"


1788950117 1873037 TRADE_RESULT giving up after 10 retries 1873037 1788950117 
SQL: SELECT * FROM TradeResultFrame5($1, $2, $3, $4, $5, $6)
ERROR:  could not serialize access due to read/write dependencies among transactions
DETAIL:  Reason code: Canceled on identification as a pivot, during write.
HINT:  The transaction might succeed if retried.
CONTEXT:  SQL statement "UPDATE trade
SET t_comm = $1
  , t_dts = $2
  , t_st_id = $3
  , t_trade_price = $4
WHERE t_id = $5"


1788950130 1873044 TRADE_RESULT giving up after 10 retries 1873044 1788950130 
SQL: SELECT * FROM TradeResultFrame6($1, $2, $3, $4, $5, $6, $7, $8, $9)
ERROR:  could not serialize access due to read/write dependencies among transactions
DETAIL:  Reason code: Canceled on identification as a pivot, during conflict in checking.
HINT:  The transaction might succeed if retried.
CONTEXT:  SQL statement "INSERT INTO settlement(
    se_t_id
  , se_cash_type
  , se_cash_due_date
  , se_amt)
VALUES (
    $1
  , $2
  , $3
  , $4
)"


1788950151 1873042 TRADE_RESULT giving up after 10 retries 1873042 1788950151 
SQL: COMMIT
ERROR:  could not serialize access due to read/write dependencies among transactions
DETAIL:  Reason code: Canceled on commit attempt with conflict in from prepared pivot.
HINT:  The transaction might succeed if retried.


1788950157 1873041 TRADE_RESULT giving up after 10 retries 1873041 1788950157 
SQL: SELECT * FROM TradeResultFrame3($1, $2, $3, $4)
ERROR:  could not serialize access due to read/write dependencies among transactions
DETAIL:  Reason code: Canceled on identification as a pivot, during conflict out checking.
HINT:  The transaction might succeed if retried.
CONTEXT:  SQL statement "SELECT sum(tx_rate)
FROM taxrate
WHERE tx_id IN (
                   SELECT cx_tx_id
                   FROM customer_taxrate
                   WHERE cx_c_id = $1
               )"


1788950171 1873045 TRADE_RESULT giving up after 10 retries 1873045 1788950171 
SQL: SELECT * FROM TradeResultFrame5($1, $2, $3, $4, $5, $6)
ERROR:  could not serialize access due to read/write dependencies among transactions
DETAIL:  Reason code: Canceled on identification as a pivot, during write.
HINT:  The transaction might succeed if retried.
CONTEXT:  SQL statement "UPDATE trade
SET t_comm = $1
  , t_dts = $2
  , t_st_id = $3
  , t_trade_price = $4
WHERE t_id = $5"


1788950174 1873033 TRADE_RESULT giving up after 10 retries 1873033 1788950174 
SQL: COMMIT
ERROR:  could not serialize access due to read/write dependencies among transactions
DETAIL:  Reason code: Canceled on identification as a pivot, during commit attempt.
HINT:  The transaction might succeed if retried.


1788950191 1873034 TRADE_RESULT giving up after 10 retries 1873034 1788950191 
SQL: SELECT * FROM TradeResultFrame5($1, $2, $3, $4, $5, $6)
ERROR:  could not serialize access due to read/write dependencies among transactions
DETAIL:  Reason code: Canceled on identification as a pivot, during write.
HINT:  The transaction might succeed if retried.
CONTEXT:  SQL statement "UPDATE trade
SET t_comm = $1
  , t_dts = $2
  , t_st_id = $3
  , t_trade_price = $4
WHERE t_id = $5"


1788950276 1873037 TRADE_RESULT giving up after 10 retries 1873037 1788950276 
SQL: SELECT * FROM TradeResultFrame4($1, $2, $3, $4)
ERROR:  could not serialize access due to read/write dependencies among transactions
DETAIL:  Reason code: Canceled on identification as a pivot, during conflict out checking.
HINT:  The transaction might succeed if retried.
CONTEXT:  SQL statement "SELECT s_ex_id
     , s_name
FROM security
WHERE s_symb = $1"


1788950284 1873035 TRADE_RESULT giving up after 10 retries 1873035 1788950284 
SQL: SELECT * FROM TradeResultFrame3($1, $2, $3, $4)
ERROR:  could not serialize access due to read/write dependencies among transactions
DETAIL:  Reason code: Canceled on identification as a pivot, during write.
HINT:  The transaction might succeed if retried.
CONTEXT:  SQL statement "UPDATE trade
SET t_tax = $1
WHERE t_id = $2"


1788950313 1873042 TRADE_RESULT giving up after 10 retries 1873042 1788950313 
SQL: SELECT * FROM TradeResultFrame5($1, $2, $3, $4, $5, $6)
ERROR:  could not serialize access due to read/write dependencies among transactions
DETAIL:  Reason code: Canceled on identification as a pivot, during write.
HINT:  The transaction might succeed if retried.
CONTEXT:  SQL statement "UPDATE trade
SET t_comm = $1
  , t_dts = $2
  , t_st_id = $3
  , t_trade_price = $4
WHERE t_id = $5"


1788950340 1873034 TRADE_RESULT giving up after 10 retries 1873034 1788950340 
SQL: SELECT * FROM TradeResultFrame5($1, $2, $3, $4, $5, $6)
ERROR:  could not serialize access due to read/write dependencies among transactions
DETAIL:  Reason code: Canceled on identification as a pivot, during conflict out checking.
HINT:  The transaction might succeed if retried.
CONTEXT:  SQL statement "UPDATE broker
SET b_comm_total = b_comm_total + $1
  , b_num_trades = b_num_trades + 1
WHERE b_id = $2"


1788950351 1873035 TRADE_RESULT giving up after 10 retries 1873035 1788950351 
SQL: SELECT * FROM TradeResultFrame5($1, $2, $3, $4, $5, $6)
ERROR:  could not serialize access due to read/write dependencies among transactions
DETAIL:  Reason code: Canceled on identification as a pivot, during write.
HINT:  The transaction might succeed if retried.
CONTEXT:  SQL statement "UPDATE trade
SET t_comm = $1
  , t_dts = $2
  , t_st_id = $3
  , t_trade_price = $4
WHERE t_id = $5"


1788950369 1873037 TRADE_RESULT giving up after 10 retries 1873037 1788950369 
SQL: SELECT * FROM TradeResultFrame5($1, $2, $3, $4, $5, $6)
ERROR:  could not serialize access due to read/write dependencies among transactions
DETAIL:  Reason code: Canceled on identification as a pivot, during write.
HINT:  The transaction might succeed if retried.
CONTEXT:  SQL statement "UPDATE trade
SET t_comm = $1
  , t_dts = $2
  , t_st_id = $3
  , t_trade_price = $4
WHERE t_id = $5"


1788950387 1873039 TRADE_RESULT giving up after 10 retries 1873039 1788950387 
SQL: SELECT * FROM TradeResultFrame6($1, $2, $3, $4, $5, $6, $7, $8, $9)
ERROR:  could not serialize access due to read/write dependencies among transactions
DETAIL:  Reason code: Canceled on identification as a pivot, during conflict in checking.
HINT:  The transaction might succeed if retried.
CONTEXT:  SQL statement "INSERT INTO settlement(
    se_t_id
  , se_cash_type
  , se_cash_due_date
  , se_amt)
VALUES (
    $1
  , $2
  , $3
  , $4
)"


1788950395 1873030 TRADE_RESULT giving up after 10 retries 1873030 1788950395 
SQL: SELECT * FROM TradeResultFrame4($1, $2, $3, $4)
ERROR:  could not serialize access due to read/write dependencies among transactions
DETAIL:  Reason code: Canceled on identification as a pivot, during conflict out checking.
HINT:  The transaction might succeed if retried.
CONTEXT:  SQL statement "SELECT s_ex_id
     , s_name
FROM security
WHERE s_symb = $1"


1788950413 1873038 TRADE_RESULT giving up after 10 retries 1873038 1788950413 
SQL: COMMIT
ERROR:  could not serialize access due to read/write dependencies among transactions
DETAIL:  Reason code: Canceled on identification as a pivot, during commit attempt.
HINT:  The transaction might succeed if retried.


1788950447 1873038 TRADE_RESULT giving up after 10 retries 1873038 1788950447 
SQL: SELECT * FROM TradeResultFrame5($1, $2, $3, $4, $5, $6)
ERROR:  could not serialize access due to read/write dependencies among transactions
DETAIL:  Reason code: Canceled on identification as a pivot, during write.
HINT:  The transaction might succeed if retried.
CONTEXT:  SQL statement "UPDATE trade
SET t_comm = $1
  , t_dts = $2
  , t_st_id = $3
  , t_trade_price = $4
WHERE t_id = $5"


1788950450 1873029 TRADE_RESULT giving up after 10 retries 1873029 1788950450 
SQL: COMMIT
ERROR:  could not serialize access due to read/write dependencies among transactions
DETAIL:  Reason code: Canceled on identification as a pivot, during commit attempt.
HINT:  The transaction might succeed if retried.


1788950506 1873040 TRADE_RESULT giving up after 10 retries 1873040 1788950506 
SQL: SELECT * FROM TradeResultFrame4($1, $2, $3, $4)
ERROR:  could not serialize access due to read/write dependencies among transactions
DETAIL:  Reason code: Canceled on identification as a pivot, during conflict out checking.
HINT:  The transaction might succeed if retried.
CONTEXT:  SQL statement "SELECT s_ex_id
     , s_name
FROM security
WHERE s_symb = $1"


1788950515 1873039 TRADE_RESULT giving up after 10 retries 1873039 1788950515 
SQL: SELECT * FROM TradeResultFrame5($1, $2, $3, $4, $5, $6)
ERROR:  could not serialize access due to read/write dependencies among transactions
DETAIL:  Reason code: Canceled on identification as a pivot, during write.
HINT:  The transaction might succeed if retried.
CONTEXT:  SQL statement "UPDATE trade
SET t_comm = $1
  , t_dts = $2
  , t_st_id = $3
  , t_trade_price = $4
WHERE t_id = $5"


1788950515 1873044 TRADE_RESULT giving up after 10 retries 1873044 1788950515 
SQL: SELECT * FROM TradeResultFrame4($1, $2, $3, $4)
ERROR:  could not serialize access due to read/write dependencies among transactions
DETAIL:  Reason code: Canceled on identification as a pivot, during conflict out checking.
HINT:  The transaction might succeed if retried.
CONTEXT:  SQL statement "SELECT s_ex_id
     , s_name
FROM security
WHERE s_symb = $1"


1788950535 1873031 TRADE_RESULT giving up after 10 retries 1873031 1788950535 
SQL: SELECT * FROM TradeResultFrame6($1, $2, $3, $4, $5, $6, $7, $8, $9)
ERROR:  could not serialize access due to read/write dependencies among transactions
DETAIL:  Reason code: Canceled on identification as a pivot, during conflict in checking.
HINT:  The transaction might succeed if retried.
CONTEXT:  SQL statement "INSERT INTO settlement(
    se_t_id
  , se_cash_type
  , se_cash_due_date
  , se_amt)
VALUES (
    $1
  , $2
  , $3
  , $4
)"


1788950543 1873033 TRADE_RESULT giving up after 10 retries 1873033 1788950543 
SQL: SELECT * FROM TradeResultFrame3($1, $2, $3, $4)
ERROR:  could not serialize access due to read/write dependencies among transactions
DETAIL:  Reason code: Canceled on identification as a pivot, during conflict out checking.
HINT:  The transaction might succeed if retried.
CONTEXT:  SQL statement "SELECT sum(tx_rate)
FROM taxrate
WHERE tx_id IN (
                   SELECT cx_tx_id
                   FROM customer_taxrate
                   WHERE cx_c_id = $1
               )"


1788950550 1873030 TRADE_RESULT giving up after 10 retries 1873030 1788950550 
SQL: COMMIT
ERROR:  could not serialize access due to read/write dependencies among transactions
DETAIL:  Reason code: Canceled on identification as a pivot, during commit attempt.
HINT:  The transaction might succeed if retried.


1788950556 1873032 TRADE_RESULT giving up after 10 retries 1873032 1788950556 
SQL: COMMIT
ERROR:  could not serialize access due to read/write dependencies among transactions
DETAIL:  Reason code: Canceled on commit attempt with conflict in from prepared pivot.
HINT:  The transaction might succeed if retried.


1788950556 1873029 TRADE_RESULT giving up after 10 retries 1873029 1788950556 
SQL: SELECT * FROM TradeResultFrame5($1, $2, $3, $4, $5, $6)
ERROR:  could not serialize access due to read/write dependencies among transactions
DETAIL:  Reason code: Canceled on identification as a pivot, during write.
HINT:  The transaction might succeed if retried.
CONTEXT:  SQL statement "UPDATE trade
SET t_comm = $1
  , t_dts = $2
  , t_st_id = $3
  , t_trade_price = $4
WHERE t_id = $5"


1788950556 1873031 TRADE_RESULT giving up after 10 retries 1873031 1788950556 
SQL: SELECT * FROM TradeResultFrame5($1, $2, $3, $4, $5, $6)
ERROR:  could not serialize access due to read/write dependencies among transactions
DETAIL:  Reason code: Canceled on identification as a pivot, during write.
HINT:  The transaction might succeed if retried.
CONTEXT:  SQL statement "UPDATE trade
SET t_comm = $1
  , t_dts = $2
  , t_st_id = $3
  , t_trade_price = $4
WHERE t_id = $5"


1788950603 1873034 TRADE_RESULT giving up after 10 retries 1873034 1788950603 
SQL: COMMIT
ERROR:  could not serialize access due to read/write dependencies among transactions
DETAIL:  Reason code: Canceled on commit attempt with conflict in from prepared pivot.
HINT:  The transaction might succeed if retried.


1788950603 1873033 TRADE_RESULT giving up after 10 retries 1873033 1788950603 
SQL: SELECT * FROM TradeResultFrame2($1, $2, $3, $4, $5, $6, $7, $8)
ERROR:  could not serialize access due to read/write dependencies among transactions
DETAIL:  Reason code: Canceled on identification as a pivot, during conflict out checking.
HINT:  The transaction might succeed if retried.
CONTEXT:  SQL statement "SELECT 1 FROM ONLY "public"."trade" x WHERE "t_id"::pg_catalog.int8 OPERATOR(pg_catalog.=) $1::pg_catalog.int8 FOR KEY SHARE OF x"
SQL statement "INSERT INTO holding(
    h_t_id
  , h_ca_id
  , h_s_symb
  , h_dts
  , h_price
  , h_qty)
VALUES (
    $1
  , $2
  , $3
  , $4
  , $5
  , $6
)"


1788950651 1873042 TRADE_RESULT giving up after 10 retries 1873042 1788950651 
SQL: SELECT * FROM TradeResultFrame4($1, $2, $3, $4)
ERROR:  could not serialize access due to read/write dependencies among transactions
DETAIL:  Reason code: Canceled on identification as a pivot, during conflict out checking.
HINT:  The transaction might succeed if retried.
CONTEXT:  SQL statement "SELECT s_ex_id
     , s_name
FROM security
WHERE s_symb = $1"


1788950651 1873038 TRADE_RESULT giving up after 10 retries 1873038 1788950651 
SQL: SELECT * FROM TradeResultFrame2($1, $2, $3, $4, $5, $6, $7, $8)
ERROR:  could not serialize access due to read/write dependencies among transactions
DETAIL:  Reason code: Canceled on identification as a pivot, during write.
HINT:  The transaction might succeed if retried.
CONTEXT:  SQL statement "INSERT INTO holding(
    h_t_id
  , h_ca_id
  , h_s_symb
  , h_dts
  , h_price
  , h_qty)
VALUES (
    $1
  , $2
  , $3
  , $4
  , $5
  , $6
)"


1788950665 1873039 TRADE_RESULT giving up after 10 retries 1873039 1788950665 
SQL: SELECT * FROM TradeResultFrame5($1, $2, $3, $4, $5, $6)
ERROR:  could not serialize access due to read/write dependencies among transactions
DETAIL:  Reason code: Canceled on identification as a pivot, during write.
HINT:  The transaction might succeed if retried.
CONTEXT:  SQL statement "UPDATE trade
SET t_comm = $1
  , t_dts = $2
  , t_st_id = $3
  , t_trade_price = $4
WHERE t_id = $5"


1788950688 1873030 TRADE_RESULT giving up after 10 retries 1873030 1788950688 
SQL: SELECT * FROM TradeResultFrame5($1, $2, $3, $4, $5, $6)
ERROR:  could not serialize access due to read/write dependencies among transactions
DETAIL:  Reason code: Canceled on identification as a pivot, during conflict out checking.
HINT:  The transaction might succeed if retried.
CONTEXT:  SQL statement "UPDATE trade
SET t_comm = $1
  , t_dts = $2
  , t_st_id = $3
  , t_trade_price = $4
WHERE t_id = $5"


1788950699 1873036 TRADE_RESULT giving up after 10 retries 1873036 1788950699 
SQL: SELECT * FROM TradeResultFrame5($1, $2, $3, $4, $5, $6)
ERROR:  could not serialize access due to read/write dependencies among transactions
DETAIL:  Reason code: Canceled on identification as a pivot, during write.
HINT:  The transaction might succeed if retried.
CONTEXT:  SQL statement "UPDATE trade
SET t_comm = $1
  , t_dts = $2
  , t_st_id = $3
  , t_trade_price = $4
WHERE t_id = $5"


1788950703 1873044 TRADE_RESULT giving up after 10 retries 1873044 1788950703 
SQL: COMMIT
ERROR:  could not serialize access due to read/write dependencies among transactions
DETAIL:  Reason code: Canceled on commit attempt with conflict in from prepared pivot.
HINT:  The transaction might succeed if retried.


1788950714 1873033 TRADE_RESULT giving up after 10 retries 1873033 1788950714 
SQL: SELECT * FROM TradeResultFrame5($1, $2, $3, $4, $5, $6)
ERROR:  could not serialize access due to read/write dependencies among transactions
DETAIL:  Reason code: Canceled on identification as a pivot, during write.
HINT:  The transaction might succeed if retried.
CONTEXT:  SQL statement "UPDATE trade
SET t_comm = $1
  , t_dts = $2
  , t_st_id = $3
  , t_trade_price = $4
WHERE t_id = $5"


1788950714 1873044 TRADE_RESULT giving up after 10 retries 1873044 1788950714 
SQL: SELECT * FROM TradeResultFrame5($1, $2, $3, $4, $5, $6)
ERROR:  could not serialize access due to read/write dependencies among transactions
DETAIL:  Reason code: Canceled on identification as a pivot, during conflict out checking.
HINT:  The transaction might succeed if retried.
CONTEXT:  SQL statement "UPDATE trade
SET t_comm = $1
  , t_dts = $2
  , t_st_id = $3
  , t_trade_price = $4
WHERE t_id = $5"


1788950714 1873037 TRADE_RESULT giving up after 10 retries 1873037 1788950714 
SQL: SELECT * FROM TradeResultFrame5($1, $2, $3, $4, $5, $6)
ERROR:  could not serialize access due to read/write dependencies among transactions
DETAIL:  Reason code: Canceled on identification as a pivot, during conflict out checking.
HINT:  The transaction might succeed if retried.
CONTEXT:  SQL statement "SELECT 1 FROM ONLY "public"."customer_account" x WHERE "ca_id"::pg_catalog.int8 OPERATOR(pg_catalog.=) $1::pg_catalog.int8 FOR KEY SHARE OF x"
SQL statement "UPDATE trade
SET t_comm = $1
  , t_dts = $2
  , t_st_id = $3
  , t_trade_price = $4
WHERE t_id = $5"


1788950741 1873033 TRADE_RESULT giving up after 10 retries 1873033 1788950741 
SQL: SELECT * FROM TradeResultFrame5($1, $2, $3, $4, $5, $6)
ERROR:  could not serialize access due to read/write dependencies among transactions
DETAIL:  Reason code: Canceled on identification as a pivot, during write.
HINT:  The transaction might succeed if retried.
CONTEXT:  SQL statement "UPDATE trade
SET t_comm = $1
  , t_dts = $2
  , t_st_id = $3
  , t_trade_price = $4
WHERE t_id = $5"


1788950754 1873030 TRADE_RESULT giving up after 10 retries 1873030 1788950754 
SQL: SELECT * FROM TradeResultFrame5($1, $2, $3, $4, $5, $6)
ERROR:  could not serialize access due to read/write dependencies among transactions
DETAIL:  Reason code: Canceled on identification as a pivot, during write.
HINT:  The transaction might succeed if retried.
CONTEXT:  SQL statement "UPDATE trade
SET t_comm = $1
  , t_dts = $2
  , t_st_id = $3
  , t_trade_price = $4
WHERE t_id = $5"


1788950782 1873029 TRADE_RESULT giving up after 10 retries 1873029 1788950782 
SQL: COMMIT
ERROR:  could not serialize access due to read/write dependencies among transactions
DETAIL:  Reason code: Canceled on commit attempt with conflict in from prepared pivot.
HINT:  The transaction might succeed if retried.


1788950785 1873042 TRADE_RESULT giving up after 10 retries 1873042 1788950785 
SQL: COMMIT
ERROR:  could not serialize access due to read/write dependencies among transactions
DETAIL:  Reason code: Canceled on commit attempt with conflict in from prepared pivot.
HINT:  The transaction might succeed if retried.


1788950786 1873035 TRADE_RESULT giving up after 10 retries 1873035 1788950786 
SQL: COMMIT
ERROR:  could not serialize access due to read/write dependencies among transactions
DETAIL:  Reason code: Canceled on commit attempt with conflict in from prepared pivot.
HINT:  The transaction might succeed if retried.


1788950805 1873045 TRADE_RESULT giving up after 10 retries 1873045 1788950805 
SQL: SELECT * FROM TradeResultFrame5($1, $2, $3, $4, $5, $6)
ERROR:  could not serialize access due to read/write dependencies among transactions
DETAIL:  Reason code: Canceled on conflict out to pivot 295642323, during read.
HINT:  The transaction might succeed if retried.
CONTEXT:  SQL statement "UPDATE broker
SET b_comm_total = b_comm_total + $1
  , b_num_trades = b_num_trades + 1
WHERE b_id = $2"


1788950819 1873038 TRADE_RESULT giving up after 10 retries 1873038 1788950819 
SQL: COMMIT
ERROR:  could not serialize access due to read/write dependencies among transactions
DETAIL:  Reason code: Canceled on identification as a pivot, during commit attempt.
HINT:  The transaction might succeed if retried.


1788950828 1873039 TRADE_RESULT giving up after 10 retries 1873039 1788950828 
SQL: COMMIT
ERROR:  could not serialize access due to read/write dependencies among transactions
DETAIL:  Reason code: Canceled on commit attempt with conflict in from prepared pivot.
HINT:  The transaction might succeed if retried.


1788950828 1873034 TRADE_RESULT giving up after 10 retries 1873034 1788950828 
SQL: SELECT * FROM TradeResultFrame5($1, $2, $3, $4, $5, $6)
ERROR:  could not serialize access due to read/write dependencies among transactions
DETAIL:  Reason code: Canceled on identification as a pivot, during write.
HINT:  The transaction might succeed if retried.
CONTEXT:  SQL statement "UPDATE trade
SET t_comm = $1
  , t_dts = $2
  , t_st_id = $3
  , t_trade_price = $4
WHERE t_id = $5"


1788950844 1873042 TRADE_RESULT giving up after 10 retries 1873042 1788950844 
SQL: SELECT * FROM TradeResultFrame5($1, $2, $3, $4, $5, $6)
ERROR:  could not serialize access due to read/write dependencies among transactions
DETAIL:  Reason code: Canceled on identification as a pivot, during write.
HINT:  The transaction might succeed if retried.
CONTEXT:  SQL statement "UPDATE trade
SET t_comm = $1
  , t_dts = $2
  , t_st_id = $3
  , t_trade_price = $4
WHERE t_id = $5"


1788950844 1873042 TRADE_RESULT giving up after 10 retries 1873042 1788950844 
SQL: SELECT * FROM TradeResultFrame3($1, $2, $3, $4)
ERROR:  could not serialize access due to read/write dependencies among transactions
DETAIL:  Reason code: Canceled on identification as a pivot, during write.
HINT:  The transaction might succeed if retried.
CONTEXT:  SQL statement "UPDATE trade
SET t_tax = $1
WHERE t_id = $2"


1788950853 1873041 TRADE_RESULT giving up after 10 retries 1873041 1788950853 
SQL: SELECT * FROM TradeResultFrame3($1, $2, $3, $4)
ERROR:  could not serialize access due to read/write dependencies among transactions
DETAIL:  Reason code: Canceled on identification as a pivot, during conflict out checking.
HINT:  The transaction might succeed if retried.
CONTEXT:  SQL statement "SELECT sum(tx_rate)
FROM taxrate
WHERE tx_id IN (
                   SELECT cx_tx_id
                   FROM customer_taxrate
                   WHERE cx_c_id = $1
               )"


1788950874 1873034 TRADE_RESULT giving up after 10 retries 1873034 1788950874 
SQL: SELECT * FROM TradeResultFrame4($1, $2, $3, $4)
ERROR:  could not serialize access due to read/write dependencies among transactions
DETAIL:  Reason code: Canceled on identification as a pivot, during conflict out checking.
HINT:  The transaction might succeed if retried.
CONTEXT:  SQL statement "SELECT s_ex_id
     , s_name
FROM security
WHERE s_symb = $1"


1788950892 1873039 TRADE_RESULT giving up after 10 retries 1873039 1788950892 
SQL: SELECT * FROM TradeResultFrame5($1, $2, $3, $4, $5, $6)
ERROR:  could not serialize access due to read/write dependencies among transactions
DETAIL:  Reason code: Canceled on identification as a pivot, during write.
HINT:  The transaction might succeed if retried.
CONTEXT:  SQL statement "UPDATE trade
SET t_comm = $1
  , t_dts = $2
  , t_st_id = $3
  , t_trade_price = $4
WHERE t_id = $5"


1788950913 1873032 TRADE_RESULT giving up after 10 retries 1873032 1788950913 
SQL: SELECT * FROM TradeResultFrame5($1, $2, $3, $4, $5, $6)
ERROR:  could not serialize access due to read/write dependencies among transactions
DETAIL:  Reason code: Canceled on identification as a pivot, during write.
HINT:  The transaction might succeed if retried.
CONTEXT:  SQL statement "UPDATE trade
SET t_comm = $1
  , t_dts = $2
  , t_st_id = $3
  , t_trade_price = $4
WHERE t_id = $5"


1788950952 1873029 TRADE_RESULT giving up after 10 retries 1873029 1788950952 
SQL: SELECT * FROM TradeResultFrame5($1, $2, $3, $4, $5, $6)
ERROR:  could not serialize access due to read/write dependencies among transactions
DETAIL:  Reason code: Canceled on identification as a pivot, during conflict out checking.
HINT:  The transaction might succeed if retried.
CONTEXT:  SQL statement "SELECT 1 FROM ONLY "public"."security" x WHERE "s_symb"::pg_catalog.text OPERATOR(pg_catalog.=) $1::pg_catalog.text FOR KEY SHARE OF x"
SQL statement "UPDATE trade
SET t_comm = $1
  , t_dts = $2
  , t_st_id = $3
  , t_trade_price = $4
WHERE t_id = $5"


1788950959 1873034 TRADE_RESULT giving up after 10 retries 1873034 1788950959 
SQL: SELECT * FROM TradeResultFrame3($1, $2, $3, $4)
ERROR:  could not serialize access due to read/write dependencies among transactions
DETAIL:  Reason code: Canceled on identification as a pivot, during conflict out checking.
HINT:  The transaction might succeed if retried.
CONTEXT:  SQL statement "SELECT sum(tx_rate)
FROM taxrate
WHERE tx_id IN (
                   SELECT cx_tx_id
                   FROM customer_taxrate
                   WHERE cx_c_id = $1
               )"


1788951033 1873032 TRADE_RESULT giving up after 10 retries 1873032 1788951033 
SQL: SELECT * FROM TradeResultFrame3($1, $2, $3, $4)
ERROR:  could not serialize access due to read/write dependencies among transactions
DETAIL:  Reason code: Canceled on identification as a pivot, during conflict out checking.
HINT:  The transaction might succeed if retried.
CONTEXT:  SQL statement "SELECT sum(tx_rate)
FROM taxrate
WHERE tx_id IN (
                   SELECT cx_tx_id
                   FROM customer_taxrate
                   WHERE cx_c_id = $1
               )"


1788951045 1873045 TRADE_RESULT giving up after 10 retries 1873045 1788951045 
SQL: SELECT * FROM TradeResultFrame3($1, $2, $3, $4)
ERROR:  could not serialize access due to read/write dependencies among transactions
DETAIL:  Reason code: Canceled on identification as a pivot, during write.
HINT:  The transaction might succeed if retried.
CONTEXT:  SQL statement "UPDATE trade
SET t_tax = $1
WHERE t_id = $2"


1788951063 1873030 TRADE_RESULT giving up after 10 retries 1873030 1788951063 
SQL: COMMIT
ERROR:  could not serialize access due to read/write dependencies among transactions
DETAIL:  Reason code: Canceled on commit attempt with conflict in from prepared pivot.
HINT:  The transaction might succeed if retried.


1788951067 1873044 TRADE_RESULT giving up after 10 retries 1873044 1788951067 
SQL: SELECT * FROM TradeResultFrame5($1, $2, $3, $4, $5, $6)
ERROR:  could not serialize access due to read/write dependencies among transactions
DETAIL:  Reason code: Canceled on identification as a pivot, during write.
HINT:  The transaction might succeed if retried.
CONTEXT:  SQL statement "UPDATE trade
SET t_comm = $1
  , t_dts = $2
  , t_st_id = $3
  , t_trade_price = $4
WHERE t_id = $5"


1788951077 1873045 TRADE_RESULT giving up after 10 retries 1873045 1788951077 
SQL: SELECT * FROM TradeResultFrame4($1, $2, $3, $4)
ERROR:  could not serialize access due to read/write dependencies among transactions
DETAIL:  Reason code: Canceled on identification as a pivot, during conflict out checking.
HINT:  The transaction might succeed if retried.
CONTEXT:  SQL statement "SELECT s_ex_id
     , s_name
FROM security
WHERE s_symb = $1"


1788951077 1873038 TRADE_RESULT giving up after 10 retries 1873038 1788951077 
SQL: SELECT * FROM TradeResultFrame5($1, $2, $3, $4, $5, $6)
ERROR:  could not serialize access due to read/write dependencies among transactions
DETAIL:  Reason code: Canceled on identification as a pivot, during write.
HINT:  The transaction might succeed if retried.
CONTEXT:  SQL statement "UPDATE trade
SET t_comm = $1
  , t_dts = $2
  , t_st_id = $3
  , t_trade_price = $4
WHERE t_id = $5"


1788951113 1873041 TRADE_RESULT giving up after 10 retries 1873041 1788951113 
SQL: SELECT * FROM TradeResultFrame5($1, $2, $3, $4, $5, $6)
ERROR:  could not serialize access due to read/write dependencies among transactions
DETAIL:  Reason code: Canceled on identification as a pivot, during write.
HINT:  The transaction might succeed if retried.
CONTEXT:  SQL statement "UPDATE trade
SET t_comm = $1
  , t_dts = $2
  , t_st_id = $3
  , t_trade_price = $4
WHERE t_id = $5"


1788951119 1873033 TRADE_RESULT giving up after 10 retries 1873033 1788951119 
SQL: SELECT * FROM TradeResultFrame3($1, $2, $3, $4)
ERROR:  could not serialize access due to read/write dependencies among transactions
DETAIL:  Reason code: Canceled on identification as a pivot, during conflict out checking.
HINT:  The transaction might succeed if retried.
CONTEXT:  SQL statement "UPDATE trade
SET t_tax = $1
WHERE t_id = $2"


1788951145 1873031 TRADE_RESULT giving up after 10 retries 1873031 1788951145 
SQL: SELECT * FROM TradeResultFrame5($1, $2, $3, $4, $5, $6)
ERROR:  could not serialize access due to read/write dependencies among transactions
DETAIL:  Reason code: Canceled on identification as a pivot, during write.
HINT:  The transaction might succeed if retried.
CONTEXT:  SQL statement "UPDATE trade
SET t_comm = $1
  , t_dts = $2
  , t_st_id = $3
  , t_trade_price = $4
WHERE t_id = $5"


1788951153 1873035 TRADE_RESULT giving up after 10 retries 1873035 1788951153 
SQL: SELECT * FROM TradeResultFrame3($1, $2, $3, $4)
ERROR:  could not serialize access due to read/write dependencies among transactions
DETAIL:  Reason code: Canceled on identification as a pivot, during conflict out checking.
HINT:  The transaction might succeed if retried.
CONTEXT:  SQL statement "SELECT sum(tx_rate)
FROM taxrate
WHERE tx_id IN (
                   SELECT cx_tx_id
                   FROM customer_taxrate
                   WHERE cx_c_id = $1
               )"


1788951169 1873042 TRADE_RESULT giving up after 10 retries 1873042 1788951169 
SQL: SELECT * FROM TradeResultFrame4($1, $2, $3, $4)
ERROR:  could not serialize access due to read/write dependencies among transactions
DETAIL:  Reason code: Canceled on identification as a pivot, during conflict out checking.
HINT:  The transaction might succeed if retried.
CONTEXT:  SQL statement "SELECT s_ex_id
     , s_name
FROM security
WHERE s_symb = $1"


1788951176 1873033 TRADE_RESULT giving up after 10 retries 1873033 1788951176 
SQL: COMMIT
ERROR:  could not serialize access due to read/write dependencies among transactions
DETAIL:  Reason code: Canceled on commit attempt with conflict in from prepared pivot.
HINT:  The transaction might succeed if retried.


1788951192 1873032 TRADE_RESULT giving up after 10 retries 1873032 1788951192 
SQL: SELECT * FROM TradeResultFrame5($1, $2, $3, $4, $5, $6)
ERROR:  could not serialize access due to read/write dependencies among transactions
DETAIL:  Reason code: Canceled on identification as a pivot, during write.
HINT:  The transaction might succeed if retried.
CONTEXT:  SQL statement "UPDATE trade
SET t_comm = $1
  , t_dts = $2
  , t_st_id = $3
  , t_trade_price = $4
WHERE t_id = $5"


1788951192 1873038 TRADE_RESULT giving up after 10 retries 1873038 1788951192 
SQL: SELECT * FROM TradeResultFrame5($1, $2, $3, $4, $5, $6)
ERROR:  could not serialize access due to read/write dependencies among transactions
DETAIL:  Reason code: Canceled on identification as a pivot, during write.
HINT:  The transaction might succeed if retried.
CONTEXT:  SQL statement "UPDATE trade
SET t_comm = $1
  , t_dts = $2
  , t_st_id = $3
  , t_trade_price = $4
WHERE t_id = $5"


1788951213 1873037 TRADE_RESULT giving up after 10 retries 1873037 1788951213 
SQL: COMMIT
ERROR:  could not serialize access due to read/write dependencies among transactions
DETAIL:  Reason code: Canceled on commit attempt with conflict in from prepared pivot.
HINT:  The transaction might succeed if retried.


1788951213 1873035 TRADE_RESULT giving up after 10 retries 1873035 1788951213 
SQL: SELECT * FROM TradeResultFrame6($1, $2, $3, $4, $5, $6, $7, $8, $9)
ERROR:  could not serialize access due to read/write dependencies among transactions
DETAIL:  Reason code: Canceled on identification as a pivot, during conflict out checking.
HINT:  The transaction might succeed if retried.
CONTEXT:  SQL statement "SELECT 1 FROM ONLY "public"."trade" x WHERE "t_id"::pg_catalog.int8 OPERATOR(pg_catalog.=) $1::pg_catalog.int8 FOR KEY SHARE OF x"
SQL statement "INSERT INTO cash_transaction(
    ct_dts
  , ct_t_id
  , ct_amt
  , ct_name
)
VALUES (
    $1
  , $2
  , $3
  , $4 || ' ' || $5::VARCHAR || ' shares of ' || $6
)"


1788951213 1873029 TRADE_RESULT giving up after 10 retries 1873029 1788951213 
SQL: COMMIT
ERROR:  could not serialize access due to read/write dependencies among transactions
DETAIL:  Reason code: Canceled on commit attempt with conflict in from prepared pivot.
HINT:  The transaction might succeed if retried.


1788951213 1873044 TRADE_RESULT giving up after 10 retries 1873044 1788951213 
SQL: COMMIT
ERROR:  could not serialize access due to read/write dependencies among transactions
DETAIL:  Reason code: Canceled on commit attempt with conflict in from prepared pivot.
HINT:  The transaction might succeed if retried.


1788951213 1873036 TRADE_RESULT giving up after 10 retries 1873036 1788951213 
SQL: SELECT * FROM TradeResultFrame6($1, $2, $3, $4, $5, $6, $7, $8, $9)
ERROR:  could not serialize access due to read/write dependencies among transactions
DETAIL:  Reason code: Canceled on identification as a pivot, during conflict in checking.
HINT:  The transaction might succeed if retried.
CONTEXT:  SQL statement "INSERT INTO settlement(
    se_t_id
  , se_cash_type
  , se_cash_due_date
  , se_amt)
VALUES (
    $1
  , $2
  , $3
  , $4
)"


1788951213 1873034 TRADE_RESULT giving up after 10 retries 1873034 1788951213 
SQL: SELECT * FROM TradeResultFrame2($1, $2, $3, $4, $5, $6, $7, $8)
ERROR:  could not serialize access due to read/write dependencies among transactions
DETAIL:  Reason code: Canceled on identification as a pivot, during write.
HINT:  The transaction might succeed if retried.
CONTEXT:  SQL statement "UPDATE holding
SET h_qty = $1
WHERE h_t_id = $2"


1788951213 1873045 TRADE_RESULT giving up after 10 retries 1873045 1788951213 
SQL: SELECT * FROM TradeResultFrame5($1, $2, $3, $4, $5, $6)
ERROR:  could not serialize access due to read/write dependencies among transactions
DETAIL:  Reason code: Canceled on identification as a pivot, during conflict in checking.
HINT:  The transaction might succeed if retried.
CONTEXT:  SQL statement "INSERT INTO trade_history(
    th_t_id
  , th_dts
  , th_st_id
)
VALUES (
    $1
  , $2
  , $3
)"


1788951213 1873038 TRADE_RESULT giving up after 10 retries 1873038 1788951213 
SQL: SELECT * FROM TradeResultFrame5($1, $2, $3, $4, $5, $6)
ERROR:  could not serialize access due to read/write dependencies among transactions
DETAIL:  Reason code: Canceled on identification as a pivot, during write.
HINT:  The transaction might succeed if retried.
CONTEXT:  SQL statement "UPDATE trade
SET t_comm = $1
  , t_dts = $2
  , t_st_id = $3
  , t_trade_price = $4
WHERE t_id = $5"


1788951213 1873032 TRADE_RESULT giving up after 10 retries 1873032 1788951213 
SQL: SELECT * FROM TradeResultFrame6($1, $2, $3, $4, $5, $6, $7, $8, $9)
ERROR:  could not serialize access due to read/write dependencies among transactions
DETAIL:  Reason code: Canceled on identification as a pivot, during conflict in checking.
HINT:  The transaction might succeed if retried.
CONTEXT:  SQL statement "INSERT INTO settlement(
    se_t_id
  , se_cash_type
  , se_cash_due_date
  , se_amt)
VALUES (
    $1
  , $2
  , $3
  , $4
)"


1788951229 1873036 TRADE_RESULT giving up after 10 retries 1873036 1788951229 
SQL: SELECT * FROM TradeResultFrame5($1, $2, $3, $4, $5, $6)
ERROR:  could not serialize access due to read/write dependencies among transactions
DETAIL:  Reason code: Canceled on identification as a pivot, during write.
HINT:  The transaction might succeed if retried.
CONTEXT:  SQL statement "UPDATE trade
SET t_comm = $1
  , t_dts = $2
  , t_st_id = $3
  , t_trade_price = $4
WHERE t_id = $5"


1788951252 1873040 TRADE_RESULT giving up after 10 retries 1873040 1788951252 
SQL: COMMIT
ERROR:  could not serialize access due to read/write dependencies among transactions
DETAIL:  Reason code: Canceled on commit attempt with conflict in from prepared pivot.
HINT:  The transaction might succeed if retried.


1788951252 1873041 TRADE_RESULT giving up after 10 retries 1873041 1788951252 
SQL: COMMIT
ERROR:  could not serialize access due to read/write dependencies among transactions
DETAIL:  Reason code: Canceled on identification as a pivot, during commit attempt.
HINT:  The transaction might succeed if retried.


1788951253 1873044 TRADE_RESULT giving up after 10 retries 1873044 1788951253 
SQL: SELECT * FROM TradeResultFrame5($1, $2, $3, $4, $5, $6)
ERROR:  could not serialize access due to read/write dependencies among transactions
DETAIL:  Reason code: Canceled on identification as a pivot, during conflict out checking.
HINT:  The transaction might succeed if retried.
CONTEXT:  SQL statement "SELECT 1 FROM ONLY "public"."status_type" x WHERE "st_id"::pg_catalog.text OPERATOR(pg_catalog.=) $1::pg_catalog.text FOR KEY SHARE OF x"
SQL statement "INSERT INTO trade_history(
    th_t_id
  , th_dts
  , th_st_id
)
VALUES (
    $1
  , $2
  , $3
)"


1788951259 1873035 TRADE_RESULT giving up after 10 retries 1873035 1788951259 
SQL: SELECT * FROM TradeResultFrame2($1, $2, $3, $4, $5, $6, $7, $8)
ERROR:  could not serialize access due to read/write dependencies among transactions
DETAIL:  Reason code: Canceled on identification as a pivot, during write.
HINT:  The transaction might succeed if retried.
CONTEXT:  SQL statement "UPDATE holding
SET h_qty = $1
WHERE h_t_id = $2"


1788951283 1873033 TRADE_RESULT giving up after 10 retries 1873033 1788951283 
SQL: SELECT * FROM TradeResultFrame5($1, $2, $3, $4, $5, $6)
ERROR:  could not serialize access due to read/write dependencies among transactions
DETAIL:  Reason code: Canceled on identification as a pivot, during write.
HINT:  The transaction might succeed if retried.
CONTEXT:  SQL statement "UPDATE trade
SET t_comm = $1
  , t_dts = $2
  , t_st_id = $3
  , t_trade_price = $4
WHERE t_id = $5"


1788951310 1873041 TRADE_RESULT giving up after 10 retries 1873041 1788951310 
SQL: SELECT * FROM TradeResultFrame5($1, $2, $3, $4, $5, $6)
ERROR:  could not serialize access due to read/write dependencies among transactions
DETAIL:  Reason code: Canceled on identification as a pivot, during conflict out checking.
HINT:  The transaction might succeed if retried.
CONTEXT:  SQL statement "SELECT 1 FROM ONLY "public"."customer_account" x WHERE "ca_id"::pg_catalog.int8 OPERATOR(pg_catalog.=) $1::pg_catalog.int8 FOR KEY SHARE OF x"
SQL statement "UPDATE trade
SET t_comm = $1
  , t_dts = $2
  , t_st_id = $3
  , t_trade_price = $4
WHERE t_id = $5"


1788951328 1873040 TRADE_RESULT giving up after 10 retries 1873040 1788951328 
SQL: SELECT * FROM TradeResultFrame4($1, $2, $3, $4)
ERROR:  could not serialize access due to read/write dependencies among transactions
DETAIL:  Reason code: Canceled on identification as a pivot, during conflict out checking.
HINT:  The transaction might succeed if retried.
CONTEXT:  SQL statement "SELECT s_ex_id
     , s_name
FROM security
WHERE s_symb = $1"


1788951334 1873037 TRADE_RESULT giving up after 10 retries 1873037 1788951334 
SQL: SELECT * FROM TradeResultFrame5($1, $2, $3, $4, $5, $6)
ERROR:  could not serialize access due to read/write dependencies among transactions
DETAIL:  Reason code: Canceled on identification as a pivot, during write.
HINT:  The transaction might succeed if retried.
CONTEXT:  SQL statement "UPDATE trade
SET t_comm = $1
  , t_dts = $2
  , t_st_id = $3
  , t_trade_price = $4
WHERE t_id = $5"


1788951358 1873038 TRADE_RESULT giving up after 10 retries 1873038 1788951358 
SQL: SELECT * FROM TradeResultFrame4($1, $2, $3, $4)
ERROR:  could not serialize access due to read/write dependencies among transactions
DETAIL:  Reason code: Canceled on identification as a pivot, during conflict out checking.
HINT:  The transaction might succeed if retried.
CONTEXT:  SQL statement "SELECT s_ex_id
     , s_name
FROM security
WHERE s_symb = $1"


1788951377 1873032 TRADE_RESULT giving up after 10 retries 1873032 1788951377 
SQL: SELECT * FROM TradeResultFrame6($1, $2, $3, $4, $5, $6, $7, $8, $9)
ERROR:  could not serialize access due to read/write dependencies among transactions
DETAIL:  Reason code: Canceled on identification as a pivot, during conflict in checking.
HINT:  The transaction might succeed if retried.
CONTEXT:  SQL statement "INSERT INTO settlement(
    se_t_id
  , se_cash_type
  , se_cash_due_date
  , se_amt)
VALUES (
    $1
  , $2
  , $3
  , $4
)"


1788951410 1873038 TRADE_RESULT giving up after 10 retries 1873038 1788951410 
SQL: SELECT * FROM TradeResultFrame5($1, $2, $3, $4, $5, $6)
ERROR:  could not serialize access due to read/write dependencies among transactions
DETAIL:  Reason code: Canceled on identification as a pivot, during write.
HINT:  The transaction might succeed if retried.
CONTEXT:  SQL statement "UPDATE trade
SET t_comm = $1
  , t_dts = $2
  , t_st_id = $3
  , t_trade_price = $4
WHERE t_id = $5"


1788951417 1873036 TRADE_RESULT giving up after 10 retries 1873036 1788951417 
SQL: COMMIT
ERROR:  could not serialize access due to read/write dependencies among transactions
DETAIL:  Reason code: Canceled on identification as a pivot, during commit attempt.
HINT:  The transaction might succeed if retried.


1788951448 1873031 TRADE_RESULT giving up after 10 retries 1873031 1788951448 
SQL: SELECT * FROM TradeResultFrame6($1, $2, $3, $4, $5, $6, $7, $8, $9)
ERROR:  could not serialize access due to read/write dependencies among transactions
DETAIL:  Reason code: Canceled on identification as a pivot, during conflict in checking.
HINT:  The transaction might succeed if retried.
CONTEXT:  SQL statement "INSERT INTO settlement(
    se_t_id
  , se_cash_type
  , se_cash_due_date
  , se_amt)
VALUES (
    $1
  , $2
  , $3
  , $4
)"


1788951452 1873041 TRADE_RESULT giving up after 10 retries 1873041 1788951452 
SQL: SELECT * FROM TradeResultFrame5($1, $2, $3, $4, $5, $6)
ERROR:  could not serialize access due to read/write dependencies among transactions
DETAIL:  Reason code: Canceled on identification as a pivot, during conflict in checking.
HINT:  The transaction might succeed if retried.
CONTEXT:  SQL statement "UPDATE trade
SET t_comm = $1
  , t_dts = $2
  , t_st_id = $3
  , t_trade_price = $4
WHERE t_id = $5"


1788951470 1873041 TRADE_RESULT giving up after 10 retries 1873041 1788951470 
SQL: SELECT * FROM TradeResultFrame3($1, $2, $3, $4)
ERROR:  could not serialize access due to read/write dependencies among transactions
DETAIL:  Reason code: Canceled on identification as a pivot, during write.
HINT:  The transaction might succeed if retried.
CONTEXT:  SQL statement "UPDATE trade
SET t_tax = $1
WHERE t_id = $2"


1788951480 1873044 TRADE_RESULT giving up after 10 retries 1873044 1788951480 
SQL: SELECT * FROM TradeResultFrame4($1, $2, $3, $4)
ERROR:  could not serialize access due to read/write dependencies among transactions
DETAIL:  Reason code: Canceled on identification as a pivot, during conflict out checking.
HINT:  The transaction might succeed if retried.
CONTEXT:  SQL statement "SELECT s_ex_id
     , s_name
FROM security
WHERE s_symb = $1"


1788951483 1873041 TRADE_RESULT giving up after 10 retries 1873041 1788951483 
SQL: SELECT * FROM TradeResultFrame5($1, $2, $3, $4, $5, $6)
ERROR:  could not serialize access due to read/write dependencies among transactions
DETAIL:  Reason code: Canceled on identification as a pivot, during conflict in checking.
HINT:  The transaction might succeed if retried.
CONTEXT:  SQL statement "INSERT INTO trade_history(
    th_t_id
  , th_dts
  , th_st_id
)
VALUES (
    $1
  , $2
  , $3
)"


1788951517 1873031 TRADE_RESULT giving up after 10 retries 1873031 1788951517 
SQL: SELECT * FROM TradeResultFrame5($1, $2, $3, $4, $5, $6)
ERROR:  could not serialize access due to read/write dependencies among transactions
DETAIL:  Reason code: Canceled on identification as a pivot, during write.
HINT:  The transaction might succeed if retried.
CONTEXT:  SQL statement "UPDATE trade
SET t_comm = $1
  , t_dts = $2
  , t_st_id = $3
  , t_trade_price = $4
WHERE t_id = $5"


1788951518 1873045 TRADE_RESULT giving up after 10 retries 1873045 1788951518 
SQL: SELECT * FROM TradeResultFrame3($1, $2, $3, $4)
ERROR:  could not serialize access due to read/write dependencies among transactions
DETAIL:  Reason code: Canceled on identification as a pivot, during write.
HINT:  The transaction might succeed if retried.
CONTEXT:  SQL statement "UPDATE trade
SET t_tax = $1
WHERE t_id = $2"


1788951552 1873034 TRADE_RESULT giving up after 10 retries 1873034 1788951552 
SQL: SELECT * FROM TradeResultFrame5($1, $2, $3, $4, $5, $6)
ERROR:  could not serialize access due to read/write dependencies among transactions
DETAIL:  Reason code: Canceled on identification as a pivot, during write.
HINT:  The transaction might succeed if retried.
CONTEXT:  SQL statement "UPDATE trade
SET t_comm = $1
  , t_dts = $2
  , t_st_id = $3
  , t_trade_price = $4
WHERE t_id = $5"


1788951555 1873039 TRADE_RESULT giving up after 10 retries 1873039 1788951555 
SQL: SELECT * FROM TradeResultFrame5($1, $2, $3, $4, $5, $6)
ERROR:  could not serialize access due to read/write dependencies among transactions
DETAIL:  Reason code: Canceled on identification as a pivot, during write.
HINT:  The transaction might succeed if retried.
CONTEXT:  SQL statement "UPDATE trade
SET t_comm = $1
  , t_dts = $2
  , t_st_id = $3
  , t_trade_price = $4
WHERE t_id = $5"


1788951570 1873038 TRADE_RESULT giving up after 10 retries 1873038 1788951570 
SQL: COMMIT
ERROR:  could not serialize access due to read/write dependencies among transactions
DETAIL:  Reason code: Canceled on commit attempt with conflict in from prepared pivot.
HINT:  The transaction might succeed if retried.


1788951601 1873032 TRADE_RESULT giving up after 10 retries 1873032 1788951601 
SQL: SELECT * FROM TradeResultFrame5($1, $2, $3, $4, $5, $6)
ERROR:  could not serialize access due to read/write dependencies among transactions
DETAIL:  Reason code: Canceled on identification as a pivot, during conflict in checking.
HINT:  The transaction might succeed if retried.
CONTEXT:  SQL statement "UPDATE trade
SET t_comm = $1
  , t_dts = $2
  , t_st_id = $3
  , t_trade_price = $4
WHERE t_id = $5"


1788951602 1873039 TRADE_RESULT giving up after 10 retries 1873039 1788951602 
SQL: SELECT * FROM TradeResultFrame5($1, $2, $3, $4, $5, $6)
ERROR:  could not serialize access due to read/write dependencies among transactions
DETAIL:  Reason code: Canceled on identification as a pivot, during write.
HINT:  The transaction might succeed if retried.
CONTEXT:  SQL statement "UPDATE trade
SET t_comm = $1
  , t_dts = $2
  , t_st_id = $3
  , t_trade_price = $4
WHERE t_id = $5"


1788951607 1873041 TRADE_RESULT giving up after 10 retries 1873041 1788951607 
SQL: COMMIT
ERROR:  could not serialize access due to read/write dependencies among transactions
DETAIL:  Reason code: Canceled on identification as a pivot, during commit attempt.
HINT:  The transaction might succeed if retried.


1788951621 1873041 TRADE_RESULT giving up after 10 retries 1873041 1788951621 
SQL: SELECT * FROM TradeResultFrame5($1, $2, $3, $4, $5, $6)
ERROR:  could not serialize access due to read/write dependencies among transactions
DETAIL:  Reason code: Canceled on identification as a pivot, during write.
HINT:  The transaction might succeed if retried.
CONTEXT:  SQL statement "UPDATE trade
SET t_comm = $1
  , t_dts = $2
  , t_st_id = $3
  , t_trade_price = $4
WHERE t_id = $5"


1788951674 1873030 TRADE_RESULT giving up after 10 retries 1873030 1788951674 
SQL: SELECT * FROM TradeResultFrame6($1, $2, $3, $4, $5, $6, $7, $8, $9)
ERROR:  could not serialize access due to read/write dependencies among transactions
DETAIL:  Reason code: Canceled on identification as a pivot, during conflict in checking.
HINT:  The transaction might succeed if retried.
CONTEXT:  SQL statement "INSERT INTO settlement(
    se_t_id
  , se_cash_type
  , se_cash_due_date
  , se_amt)
VALUES (
    $1
  , $2
  , $3
  , $4
)"


1788951681 1873029 TRADE_RESULT giving up after 10 retries 1873029 1788951681 
SQL: COMMIT
ERROR:  could not serialize access due to read/write dependencies among transactions
DETAIL:  Reason code: Canceled on identification as a pivot, during commit attempt.
HINT:  The transaction might succeed if retried.


1788951725 1873034 TRADE_RESULT giving up after 10 retries 1873034 1788951725 
SQL: SELECT * FROM TradeResultFrame5($1, $2, $3, $4, $5, $6)
ERROR:  could not serialize access due to read/write dependencies among transactions
DETAIL:  Reason code: Canceled on identification as a pivot, during write.
HINT:  The transaction might succeed if retried.
CONTEXT:  SQL statement "UPDATE trade
SET t_comm = $1
  , t_dts = $2
  , t_st_id = $3
  , t_trade_price = $4
WHERE t_id = $5"


1788951736 1873030 TRADE_RESULT giving up after 10 retries 1873030 1788951736 
SQL: SELECT * FROM TradeResultFrame5($1, $2, $3, $4, $5, $6)
ERROR:  could not serialize access due to read/write dependencies among transactions
DETAIL:  Reason code: Canceled on identification as a pivot, during write.
HINT:  The transaction might succeed if retried.
CONTEXT:  SQL statement "UPDATE trade
SET t_comm = $1
  , t_dts = $2
  , t_st_id = $3
  , t_trade_price = $4
WHERE t_id = $5"


1788951741 1873038 TRADE_RESULT giving up after 10 retries 1873038 1788951741 
SQL: SELECT * FROM TradeResultFrame5($1, $2, $3, $4, $5, $6)
ERROR:  could not serialize access due to read/write dependencies among transactions
DETAIL:  Reason code: Canceled on identification as a pivot, during write.
HINT:  The transaction might succeed if retried.
CONTEXT:  SQL statement "UPDATE trade
SET t_comm = $1
  , t_dts = $2
  , t_st_id = $3
  , t_trade_price = $4
WHERE t_id = $5"


1788951756 1873034 TRADE_RESULT giving up after 10 retries 1873034 1788951756 
SQL: SELECT * FROM TradeResultFrame3($1, $2, $3, $4)
ERROR:  could not serialize access due to read/write dependencies among transactions
DETAIL:  Reason code: Canceled on identification as a pivot, during conflict out checking.
HINT:  The transaction might succeed if retried.
CONTEXT:  SQL statement "SELECT sum(tx_rate)
FROM taxrate
WHERE tx_id IN (
                   SELECT cx_tx_id
                   FROM customer_taxrate
                   WHERE cx_c_id = $1
               )"


1788951759 1873032 TRADE_RESULT giving up after 10 retries 1873032 1788951759 
SQL: SELECT * FROM TradeResultFrame3($1, $2, $3, $4)
ERROR:  could not serialize access due to read/write dependencies among transactions
DETAIL:  Reason code: Canceled on identification as a pivot, during conflict out checking.
HINT:  The transaction might succeed if retried.
CONTEXT:  SQL statement "SELECT sum(tx_rate)
FROM taxrate
WHERE tx_id IN (
                   SELECT cx_tx_id
                   FROM customer_taxrate
                   WHERE cx_c_id = $1
               )"


1788951759 1873042 TRADE_RESULT giving up after 10 retries 1873042 1788951759 
SQL: SELECT * FROM TradeResultFrame6($1, $2, $3, $4, $5, $6, $7, $8, $9)
ERROR:  could not serialize access due to read/write dependencies among transactions
DETAIL:  Reason code: Canceled on identification as a pivot, during conflict in checking.
HINT:  The transaction might succeed if retried.
CONTEXT:  SQL statement "INSERT INTO settlement(
    se_t_id
  , se_cash_type
  , se_cash_due_date
  , se_amt)
VALUES (
    $1
  , $2
  , $3
  , $4
)"


1788951814 1873038 TRADE_RESULT giving up after 10 retries 1873038 1788951814 
SQL: SELECT * FROM TradeResultFrame5($1, $2, $3, $4, $5, $6)
ERROR:  could not serialize access due to read/write dependencies among transactions
DETAIL:  Reason code: Canceled on identification as a pivot, during write.
HINT:  The transaction might succeed if retried.
CONTEXT:  SQL statement "UPDATE trade
SET t_comm = $1
  , t_dts = $2
  , t_st_id = $3
  , t_trade_price = $4
WHERE t_id = $5"


1788951841 1873035 TRADE_RESULT giving up after 10 retries 1873035 1788951841 
SQL: SELECT * FROM TradeResultFrame5($1, $2, $3, $4, $5, $6)
ERROR:  could not serialize access due to read/write dependencies among transactions
DETAIL:  Reason code: Canceled on identification as a pivot, during write.
HINT:  The transaction might succeed if retried.
CONTEXT:  SQL statement "UPDATE trade
SET t_comm = $1
  , t_dts = $2
  , t_st_id = $3
  , t_trade_price = $4
WHERE t_id = $5"


1788951852 1873034 TRADE_RESULT giving up after 10 retries 1873034 1788951852 
SQL: SELECT * FROM TradeResultFrame4($1, $2, $3, $4)
ERROR:  could not serialize access due to read/write dependencies among transactions
DETAIL:  Reason code: Canceled on identification as a pivot, during conflict out checking.
HINT:  The transaction might succeed if retried.
CONTEXT:  SQL statement "SELECT s_ex_id
     , s_name
FROM security
WHERE s_symb = $1"


1788951852 1873031 TRADE_RESULT giving up after 10 retries 1873031 1788951852 
SQL: SELECT * FROM TradeResultFrame4($1, $2, $3, $4)
ERROR:  could not serialize access due to read/write dependencies among transactions
DETAIL:  Reason code: Canceled on identification as a pivot, during conflict out checking.
HINT:  The transaction might succeed if retried.
CONTEXT:  SQL statement "SELECT s_ex_id
     , s_name
FROM security
WHERE s_symb = $1"


1788951866 1873042 TRADE_RESULT giving up after 10 retries 1873042 1788951866 
SQL: COMMIT
ERROR:  could not serialize access due to read/write dependencies among transactions
DETAIL:  Reason code: Canceled on commit attempt with conflict in from prepared pivot.
HINT:  The transaction might succeed if retried.


1788951877 1873045 TRADE_RESULT giving up after 10 retries 1873045 1788951877 
SQL: COMMIT
ERROR:  could not serialize access due to read/write dependencies among transactions
DETAIL:  Reason code: Canceled on commit attempt with conflict in from prepared pivot.
HINT:  The transaction might succeed if retried.


1788951898 1873031 TRADE_RESULT giving up after 10 retries 1873031 1788951898 
SQL: SELECT * FROM TradeResultFrame5($1, $2, $3, $4, $5, $6)
ERROR:  could not serialize access due to read/write dependencies among transactions
DETAIL:  Reason code: Canceled on identification as a pivot, during write.
HINT:  The transaction might succeed if retried.
CONTEXT:  SQL statement "UPDATE trade
SET t_comm = $1
  , t_dts = $2
  , t_st_id = $3
  , t_trade_price = $4
WHERE t_id = $5"


1788951898 1873044 TRADE_RESULT giving up after 10 retries 1873044 1788951898 
SQL: SELECT * FROM TradeResultFrame5($1, $2, $3, $4, $5, $6)
ERROR:  could not serialize access due to read/write dependencies among transactions
DETAIL:  Reason code: Canceled on identification as a pivot, during write.
HINT:  The transaction might succeed if retried.
CONTEXT:  SQL statement "UPDATE trade
SET t_comm = $1
  , t_dts = $2
  , t_st_id = $3
  , t_trade_price = $4
WHERE t_id = $5"


1788951904 1873034 TRADE_RESULT giving up after 10 retries 1873034 1788951904 
SQL: COMMIT
ERROR:  could not serialize access due to read/write dependencies among transactions
DETAIL:  Reason code: Canceled on commit attempt with conflict in from prepared pivot.
HINT:  The transaction might succeed if retried.


1788951905 1873032 TRADE_RESULT giving up after 10 retries 1873032 1788951905 
SQL: SELECT * FROM TradeResultFrame5($1, $2, $3, $4, $5, $6)
ERROR:  could not serialize access due to read/write dependencies among transactions
DETAIL:  Reason code: Canceled on identification as a pivot, during write.
HINT:  The transaction might succeed if retried.
CONTEXT:  SQL statement "UPDATE trade
SET t_comm = $1
  , t_dts = $2
  , t_st_id = $3
  , t_trade_price = $4
WHERE t_id = $5"


1788951921 1873045 TRADE_RESULT giving up after 10 retries 1873045 1788951921 
SQL: SELECT * FROM TradeResultFrame4($1, $2, $3, $4)
ERROR:  could not serialize access due to read/write dependencies among transactions
DETAIL:  Reason code: Canceled on identification as a pivot, during conflict out checking.
HINT:  The transaction might succeed if retried.
CONTEXT:  SQL statement "SELECT s_ex_id
     , s_name
FROM security
WHERE s_symb = $1"


1788951922 1873030 TRADE_RESULT giving up after 10 retries 1873030 1788951922 
SQL: SELECT * FROM TradeResultFrame5($1, $2, $3, $4, $5, $6)
ERROR:  could not serialize access due to read/write dependencies among transactions
DETAIL:  Reason code: Canceled on identification as a pivot, during conflict out checking.
HINT:  The transaction might succeed if retried.
CONTEXT:  SQL statement "UPDATE trade
SET t_comm = $1
  , t_dts = $2
  , t_st_id = $3
  , t_trade_price = $4
WHERE t_id = $5"


1788951922 1873036 TRADE_RESULT giving up after 10 retries 1873036 1788951922 
SQL: SELECT * FROM TradeResultFrame6($1, $2, $3, $4, $5, $6, $7, $8, $9)
ERROR:  could not serialize access due to read/write dependencies among transactions
DETAIL:  Reason code: Canceled on identification as a pivot, during conflict in checking.
HINT:  The transaction might succeed if retried.
CONTEXT:  SQL statement "INSERT INTO settlement(
    se_t_id
  , se_cash_type
  , se_cash_due_date
  , se_amt)
VALUES (
    $1
  , $2
  , $3
  , $4
)"


1788951928 1873041 TRADE_RESULT giving up after 10 retries 1873041 1788951928 
SQL: SELECT * FROM TradeResultFrame5($1, $2, $3, $4, $5, $6)
ERROR:  could not serialize access due to read/write dependencies among transactions
DETAIL:  Reason code: Canceled on identification as a pivot, during write.
HINT:  The transaction might succeed if retried.
CONTEXT:  SQL statement "UPDATE trade
SET t_comm = $1
  , t_dts = $2
  , t_st_id = $3
  , t_trade_price = $4
WHERE t_id = $5"


1788951933 1873031 TRADE_RESULT giving up after 10 retries 1873031 1788951933 
SQL: COMMIT
ERROR:  could not serialize access due to read/write dependencies among transactions
DETAIL:  Reason code: Canceled on identification as a pivot, during commit attempt.
HINT:  The transaction might succeed if retried.


1788951941 1873039 TRADE_RESULT giving up after 10 retries 1873039 1788951941 
SQL: SELECT * FROM TradeResultFrame3($1, $2, $3, $4)
ERROR:  could not serialize access due to read/write dependencies among transactions
DETAIL:  Reason code: Canceled on identification as a pivot, during write.
HINT:  The transaction might succeed if retried.
CONTEXT:  SQL statement "UPDATE trade
SET t_tax = $1
WHERE t_id = $2"


1788951941 1873036 TRADE_RESULT giving up after 10 retries 1873036 1788951941 
SQL: SELECT * FROM TradeResultFrame5($1, $2, $3, $4, $5, $6)
ERROR:  could not serialize access due to read/write dependencies among transactions
DETAIL:  Reason code: Canceled on identification as a pivot, during write.
HINT:  The transaction might succeed if retried.
CONTEXT:  SQL statement "UPDATE trade
SET t_comm = $1
  , t_dts = $2
  , t_st_id = $3
  , t_trade_price = $4
WHERE t_id = $5"


1788951946 1873044 TRADE_RESULT giving up after 10 retries 1873044 1788951946 
SQL: SELECT * FROM TradeResultFrame5($1, $2, $3, $4, $5, $6)
ERROR:  could not serialize access due to read/write dependencies among transactions
DETAIL:  Reason code: Canceled on conflict out to pivot 296612331, during read.
HINT:  The transaction might succeed if retried.
CONTEXT:  SQL statement "UPDATE broker
SET b_comm_total = b_comm_total + $1
  , b_num_trades = b_num_trades + 1
WHERE b_id = $2"


1788951952 1873045 TRADE_RESULT giving up after 10 retries 1873045 1788951952 
SQL: SELECT * FROM TradeResultFrame5($1, $2, $3, $4, $5, $6)
ERROR:  could not serialize access due to read/write dependencies among transactions
DETAIL:  Reason code: Canceled on identification as a pivot, during write.
HINT:  The transaction might succeed if retried.
CONTEXT:  SQL statement "UPDATE trade
SET t_comm = $1
  , t_dts = $2
  , t_st_id = $3
  , t_trade_price = $4
WHERE t_id = $5"


1788951985 1873033 TRADE_RESULT giving up after 10 retries 1873033 1788951985 
SQL: SELECT * FROM TradeResultFrame5($1, $2, $3, $4, $5, $6)
ERROR:  could not serialize access due to read/write dependencies among transactions
DETAIL:  Reason code: Canceled on identification as a pivot, during write.
HINT:  The transaction might succeed if retried.
CONTEXT:  SQL statement "UPDATE trade
SET t_comm = $1
  , t_dts = $2
  , t_st_id = $3
  , t_trade_price = $4
WHERE t_id = $5"


1788951994 1873031 TRADE_RESULT giving up after 10 retries 1873031 1788951994 
SQL: SELECT * FROM TradeResultFrame3($1, $2, $3, $4)
ERROR:  could not serialize access due to read/write dependencies among transactions
DETAIL:  Reason code: Canceled on identification as a pivot, during write.
HINT:  The transaction might succeed if retried.
CONTEXT:  SQL statement "UPDATE trade
SET t_tax = $1
WHERE t_id = $2"


1788951998 1873041 TRADE_RESULT giving up after 10 retries 1873041 1788951998 
SQL: SELECT * FROM TradeResultFrame5($1, $2, $3, $4, $5, $6)
ERROR:  could not serialize access due to read/write dependencies among transactions
DETAIL:  Reason code: Canceled on identification as a pivot, during write.
HINT:  The transaction might succeed if retried.
CONTEXT:  SQL statement "UPDATE trade
SET t_comm = $1
  , t_dts = $2
  , t_st_id = $3
  , t_trade_price = $4
WHERE t_id = $5"


1788952021 1873033 TRADE_RESULT giving up after 10 retries 1873033 1788952021 
SQL: SELECT * FROM TradeResultFrame5($1, $2, $3, $4, $5, $6)
ERROR:  could not serialize access due to read/write dependencies among transactions
DETAIL:  Reason code: Canceled on identification as a pivot, during write.
HINT:  The transaction might succeed if retried.
CONTEXT:  SQL statement "UPDATE trade
SET t_comm = $1
  , t_dts = $2
  , t_st_id = $3
  , t_trade_price = $4
WHERE t_id = $5"


1788952021 1873042 TRADE_RESULT giving up after 10 retries 1873042 1788952021 
SQL: SELECT * FROM TradeResultFrame3($1, $2, $3, $4)
ERROR:  could not serialize access due to read/write dependencies among transactions
DETAIL:  Reason code: Canceled on identification as a pivot, during conflict out checking.
HINT:  The transaction might succeed if retried.
CONTEXT:  SQL statement "SELECT sum(tx_rate)
FROM taxrate
WHERE tx_id IN (
                   SELECT cx_tx_id
                   FROM customer_taxrate
                   WHERE cx_c_id = $1
               )"


1788952025 1873038 TRADE_RESULT giving up after 10 retries 1873038 1788952025 
SQL: SELECT * FROM TradeResultFrame5($1, $2, $3, $4, $5, $6)
ERROR:  could not serialize access due to read/write dependencies among transactions
DETAIL:  Reason code: Canceled on identification as a pivot, during write.
HINT:  The transaction might succeed if retried.
CONTEXT:  SQL statement "UPDATE trade
SET t_comm = $1
  , t_dts = $2
  , t_st_id = $3
  , t_trade_price = $4
WHERE t_id = $5"


1788952046 1873044 TRADE_RESULT giving up after 10 retries 1873044 1788952046 
SQL: SELECT * FROM TradeResultFrame3($1, $2, $3, $4)
ERROR:  could not serialize access due to read/write dependencies among transactions
DETAIL:  Reason code: Canceled on identification as a pivot, during conflict out checking.
HINT:  The transaction might succeed if retried.
CONTEXT:  SQL statement "SELECT sum(tx_rate)
FROM taxrate
WHERE tx_id IN (
                   SELECT cx_tx_id
                   FROM customer_taxrate
                   WHERE cx_c_id = $1
               )"


1788952046 1873034 TRADE_RESULT giving up after 10 retries 1873034 1788952046 
SQL: SELECT * FROM TradeResultFrame5($1, $2, $3, $4, $5, $6)
ERROR:  could not serialize access due to read/write dependencies among transactions
DETAIL:  Reason code: Canceled on identification as a pivot, during write.
HINT:  The transaction might succeed if retried.
CONTEXT:  SQL statement "UPDATE trade
SET t_comm = $1
  , t_dts = $2
  , t_st_id = $3
  , t_trade_price = $4
WHERE t_id = $5"


1788952075 1873036 TRADE_RESULT giving up after 10 retries 1873036 1788952075 
SQL: SELECT * FROM TradeResultFrame5($1, $2, $3, $4, $5, $6)
ERROR:  could not serialize access due to read/write dependencies among transactions
DETAIL:  Reason code: Canceled on identification as a pivot, during write.
HINT:  The transaction might succeed if retried.
CONTEXT:  SQL statement "UPDATE trade
SET t_comm = $1
  , t_dts = $2
  , t_st_id = $3
  , t_trade_price = $4
WHERE t_id = $5"


1788952097 1873031 TRADE_RESULT giving up after 10 retries 1873031 1788952097 
SQL: COMMIT
ERROR:  could not serialize access due to read/write dependencies among transactions
DETAIL:  Reason code: Canceled on commit attempt with conflict in from prepared pivot.
HINT:  The transaction might succeed if retried.


1788952097 1873036 TRADE_RESULT giving up after 10 retries 1873036 1788952097 
SQL: SELECT * FROM TradeResultFrame5($1, $2, $3, $4, $5, $6)
ERROR:  could not serialize access due to read/write dependencies among transactions
DETAIL:  Reason code: Canceled on identification as a pivot, during write.
HINT:  The transaction might succeed if retried.
CONTEXT:  SQL statement "UPDATE trade
SET t_comm = $1
  , t_dts = $2
  , t_st_id = $3
  , t_trade_price = $4
WHERE t_id = $5"


1788952115 1873034 TRADE_RESULT giving up after 10 retries 1873034 1788952115 
SQL: COMMIT
ERROR:  could not serialize access due to read/write dependencies among transactions
DETAIL:  Reason code: Canceled on commit attempt with conflict in from prepared pivot.
HINT:  The transaction might succeed if retried.


1788952121 1873029 TRADE_RESULT giving up after 10 retries 1873029 1788952121 
SQL: COMMIT
ERROR:  could not serialize access due to read/write dependencies among transactions
DETAIL:  Reason code: Canceled on identification as a pivot, during commit attempt.
HINT:  The transaction might succeed if retried.


1788952135 1873039 TRADE_RESULT giving up after 10 retries 1873039 1788952135 
SQL: SELECT * FROM TradeResultFrame3($1, $2, $3, $4)
ERROR:  could not serialize access due to read/write dependencies among transactions
DETAIL:  Reason code: Canceled on identification as a pivot, during write.
HINT:  The transaction might succeed if retried.
CONTEXT:  SQL statement "UPDATE trade
SET t_tax = $1
WHERE t_id = $2"


1788952139 1873037 TRADE_RESULT giving up after 10 retries 1873037 1788952139 
SQL: SELECT * FROM TradeResultFrame5($1, $2, $3, $4, $5, $6)
ERROR:  could not serialize access due to read/write dependencies among transactions
DETAIL:  Reason code: Canceled on identification as a pivot, during write.
HINT:  The transaction might succeed if retried.
CONTEXT:  SQL statement "UPDATE trade
SET t_comm = $1
  , t_dts = $2
  , t_st_id = $3
  , t_trade_price = $4
WHERE t_id = $5"


1788952151 1873039 TRADE_RESULT giving up after 10 retries 1873039 1788952151 
SQL: COMMIT
ERROR:  could not serialize access due to read/write dependencies among transactions
DETAIL:  Reason code: Canceled on identification as a pivot, during commit attempt.
HINT:  The transaction might succeed if retried.


1788952180 1873032 TRADE_RESULT giving up after 10 retries 1873032 1788952180 
SQL: SELECT * FROM TradeResultFrame5($1, $2, $3, $4, $5, $6)
ERROR:  could not serialize access due to read/write dependencies among transactions
DETAIL:  Reason code: Canceled on identification as a pivot, during write.
HINT:  The transaction might succeed if retried.
CONTEXT:  SQL statement "UPDATE trade
SET t_comm = $1
  , t_dts = $2
  , t_st_id = $3
  , t_trade_price = $4
WHERE t_id = $5"


1788952180 1873033 TRADE_RESULT giving up after 10 retries 1873033 1788952180 
SQL: SELECT * FROM TradeResultFrame6($1, $2, $3, $4, $5, $6, $7, $8, $9)
ERROR:  could not serialize access due to read/write dependencies among transactions
DETAIL:  Reason code: Canceled on identification as a pivot, during conflict in checking.
HINT:  The transaction might succeed if retried.
CONTEXT:  SQL statement "INSERT INTO settlement(
    se_t_id
  , se_cash_type
  , se_cash_due_date
  , se_amt)
VALUES (
    $1
  , $2
  , $3
  , $4
)"


1788952197 1873034 TRADE_RESULT giving up after 10 retries 1873034 1788952197 
SQL: COMMIT
ERROR:  could not serialize access due to read/write dependencies among transactions
DETAIL:  Reason code: Canceled on commit attempt with conflict in from prepared pivot.
HINT:  The transaction might succeed if retried.


1788952229 1873042 TRADE_RESULT giving up after 10 retries 1873042 1788952229 
SQL: SELECT * FROM TradeResultFrame6($1, $2, $3, $4, $5, $6, $7, $8, $9)
ERROR:  could not serialize access due to read/write dependencies among transactions
DETAIL:  Reason code: Canceled on identification as a pivot, during conflict in checking.
HINT:  The transaction might succeed if retried.
CONTEXT:  SQL statement "INSERT INTO settlement(
    se_t_id
  , se_cash_type
  , se_cash_due_date
  , se_amt)
VALUES (
    $1
  , $2
  , $3
  , $4
)"


1788952229 1873045 TRADE_RESULT giving up after 10 retries 1873045 1788952229 
SQL: SELECT * FROM TradeResultFrame4($1, $2, $3, $4)
ERROR:  could not serialize access due to read/write dependencies among transactions
DETAIL:  Reason code: Canceled on identification as a pivot, during conflict out checking.
HINT:  The transaction might succeed if retried.
CONTEXT:  SQL statement "SELECT s_ex_id
     , s_name
FROM security
WHERE s_symb = $1"


1788952239 1873031 TRADE_RESULT giving up after 10 retries 1873031 1788952239 
SQL: SELECT * FROM TradeResultFrame5($1, $2, $3, $4, $5, $6)
ERROR:  could not serialize access due to read/write dependencies among transactions
DETAIL:  Reason code: Canceled on identification as a pivot, during write.
HINT:  The transaction might succeed if retried.
CONTEXT:  SQL statement "UPDATE trade
SET t_comm = $1
  , t_dts = $2
  , t_st_id = $3
  , t_trade_price = $4
WHERE t_id = $5"


1788952245 1873038 TRADE_RESULT giving up after 10 retries 1873038 1788952245 
SQL: COMMIT
ERROR:  could not serialize access due to read/write dependencies among transactions
DETAIL:  Reason code: Canceled on commit attempt with conflict in from prepared pivot.
HINT:  The transaction might succeed if retried.


1788952249 1873038 TRADE_RESULT giving up after 10 retries 1873038 1788952249 
SQL: SELECT * FROM TradeResultFrame5($1, $2, $3, $4, $5, $6)
ERROR:  could not serialize access due to read/write dependencies among transactions
DETAIL:  Reason code: Canceled on identification as a pivot, during write.
HINT:  The transaction might succeed if retried.
CONTEXT:  SQL statement "UPDATE trade
SET t_comm = $1
  , t_dts = $2
  , t_st_id = $3
  , t_trade_price = $4
WHERE t_id = $5"


1788952266 1873036 TRADE_RESULT giving up after 10 retries 1873036 1788952266 
SQL: SELECT * FROM TradeResultFrame6($1, $2, $3, $4, $5, $6, $7, $8, $9)
ERROR:  could not serialize access due to read/write dependencies among transactions
DETAIL:  Reason code: Canceled on identification as a pivot, during conflict out checking.
HINT:  The transaction might succeed if retried.
CONTEXT:  SQL statement "SELECT 1 FROM ONLY "public"."trade" x WHERE "t_id"::pg_catalog.int8 OPERATOR(pg_catalog.=) $1::pg_catalog.int8 FOR KEY SHARE OF x"
SQL statement "INSERT INTO settlement(
    se_t_id
  , se_cash_type
  , se_cash_due_date
  , se_amt)
VALUES (
    $1
  , $2
  , $3
  , $4
)"


1788952266 1873037 TRADE_RESULT giving up after 10 retries 1873037 1788952266 
SQL: SELECT * FROM TradeResultFrame5($1, $2, $3, $4, $5, $6)
ERROR:  could not serialize access due to read/write dependencies among transactions
DETAIL:  Reason code: Canceled on identification as a pivot, during write.
HINT:  The transaction might succeed if retried.
CONTEXT:  SQL statement "UPDATE trade
SET t_comm = $1
  , t_dts = $2
  , t_st_id = $3
  , t_trade_price = $4
WHERE t_id = $5"


1788952282 1873032 TRADE_RESULT giving up after 10 retries 1873032 1788952282 
SQL: SELECT * FROM TradeResultFrame5($1, $2, $3, $4, $5, $6)
ERROR:  could not serialize access due to read/write dependencies among transactions
DETAIL:  Reason code: Canceled on identification as a pivot, during write.
HINT:  The transaction might succeed if retried.
CONTEXT:  SQL statement "UPDATE trade
SET t_comm = $1
  , t_dts = $2
  , t_st_id = $3
  , t_trade_price = $4
WHERE t_id = $5"


1788952288 1873038 TRADE_RESULT giving up after 10 retries 1873038 1788952288 
SQL: COMMIT
ERROR:  could not serialize access due to read/write dependencies among transactions
DETAIL:  Reason code: Canceled on identification as a pivot, during commit attempt.
HINT:  The transaction might succeed if retried.


1788952294 1873038 TRADE_RESULT giving up after 10 retries 1873038 1788952294 
SQL: SELECT * FROM TradeResultFrame3($1, $2, $3, $4)
ERROR:  could not serialize access due to read/write dependencies among transactions
DETAIL:  Reason code: Canceled on identification as a pivot, during conflict out checking.
HINT:  The transaction might succeed if retried.
CONTEXT:  SQL statement "SELECT sum(tx_rate)
FROM taxrate
WHERE tx_id IN (
                   SELECT cx_tx_id
                   FROM customer_taxrate
                   WHERE cx_c_id = $1
               )"


1788952294 1873040 TRADE_RESULT giving up after 10 retries 1873040 1788952294 
SQL: SELECT * FROM TradeResultFrame2($1, $2, $3, $4, $5, $6, $7, $8)
ERROR:  could not serialize access due to read/write dependencies among transactions
DETAIL:  Reason code: Canceled on identification as a pivot, during write.
HINT:  The transaction might succeed if retried.
CONTEXT:  SQL statement "DELETE FROM holding
WHERE h_t_id = $1"


1788952324 1873044 TRADE_RESULT giving up after 10 retries 1873044 1788952324 
SQL: COMMIT
ERROR:  could not serialize access due to read/write dependencies among transactions
DETAIL:  Reason code: Canceled on commit attempt with conflict in from prepared pivot.
HINT:  The transaction might succeed if retried.


1788952328 1873039 TRADE_RESULT giving up after 10 retries 1873039 1788952328 
SQL: COMMIT
ERROR:  could not serialize access due to read/write dependencies among transactions
DETAIL:  Reason code: Canceled on commit attempt with conflict in from prepared pivot.
HINT:  The transaction might succeed if retried.


1788952338 1873034 TRADE_RESULT giving up after 10 retries 1873034 1788952338 
SQL: COMMIT
ERROR:  could not serialize access due to read/write dependencies among transactions
DETAIL:  Reason code: Canceled on identification as a pivot, during commit attempt.
HINT:  The transaction might succeed if retried.


1788952338 1873045 TRADE_RESULT giving up after 10 retries 1873045 1788952338 
SQL: SELECT * FROM TradeResultFrame3($1, $2, $3, $4)
ERROR:  could not serialize access due to read/write dependencies among transactions
DETAIL:  Reason code: Canceled on identification as a pivot, during conflict in checking.
HINT:  The transaction might succeed if retried.
CONTEXT:  SQL statement "UPDATE trade
SET t_tax = $1
WHERE t_id = $2"


1788952338 1873029 TRADE_RESULT giving up after 10 retries 1873029 1788952338 
SQL: SELECT * FROM TradeResultFrame5($1, $2, $3, $4, $5, $6)
ERROR:  could not serialize access due to read/write dependencies among transactions
DETAIL:  Reason code: Canceled on identification as a pivot, during conflict out checking.
HINT:  The transaction might succeed if retried.
CONTEXT:  SQL statement "UPDATE trade
SET t_comm = $1
  , t_dts = $2
  , t_st_id = $3
  , t_trade_price = $4
WHERE t_id = $5"


1788952349 1873029 TRADE_RESULT giving up after 10 retries 1873029 1788952349 
SQL: SELECT * FROM TradeResultFrame6($1, $2, $3, $4, $5, $6, $7, $8, $9)
ERROR:  could not serialize access due to read/write dependencies among transactions
DETAIL:  Reason code: Canceled on identification as a pivot, during conflict in checking.
HINT:  The transaction might succeed if retried.
CONTEXT:  SQL statement "INSERT INTO settlement(
    se_t_id
  , se_cash_type
  , se_cash_due_date
  , se_amt)
VALUES (
    $1
  , $2
  , $3
  , $4
)"


1788952355 1873037 TRADE_RESULT giving up after 10 retries 1873037 1788952355 
SQL: SELECT * FROM TradeResultFrame6($1, $2, $3, $4, $5, $6, $7, $8, $9)
ERROR:  could not serialize access due to read/write dependencies among transactions
DETAIL:  Reason code: Canceled on identification as a pivot, during conflict in checking.
HINT:  The transaction might succeed if retried.
CONTEXT:  SQL statement "INSERT INTO settlement(
    se_t_id
  , se_cash_type
  , se_cash_due_date
  , se_amt)
VALUES (
    $1
  , $2
  , $3
  , $4
)"


1788952367 1873038 TRADE_RESULT giving up after 10 retries 1873038 1788952367 
SQL: SELECT * FROM TradeResultFrame6($1, $2, $3, $4, $5, $6, $7, $8, $9)
ERROR:  could not serialize access due to read/write dependencies among transactions
DETAIL:  Reason code: Canceled on identification as a pivot, during conflict in checking.
HINT:  The transaction might succeed if retried.
CONTEXT:  SQL statement "INSERT INTO settlement(
    se_t_id
  , se_cash_type
  , se_cash_due_date
  , se_amt)
VALUES (
    $1
  , $2
  , $3
  , $4
)"


1788952400 1873041 TRADE_RESULT giving up after 10 retries 1873041 1788952400 
SQL: COMMIT
ERROR:  could not serialize access due to read/write dependencies among transactions
DETAIL:  Reason code: Canceled on commit attempt with conflict in from prepared pivot.
HINT:  The transaction might succeed if retried.


1788952400 1873042 TRADE_RESULT giving up after 10 retries 1873042 1788952400 
SQL: SELECT * FROM TradeResultFrame5($1, $2, $3, $4, $5, $6)
ERROR:  could not serialize access due to read/write dependencies among transactions
DETAIL:  Reason code: Canceled on identification as a pivot, during write.
HINT:  The transaction might succeed if retried.
CONTEXT:  SQL statement "UPDATE trade
SET t_comm = $1
  , t_dts = $2
  , t_st_id = $3
  , t_trade_price = $4
WHERE t_id = $5"


1788952414 1873039 TRADE_RESULT giving up after 10 retries 1873039 1788952414 
SQL: SELECT * FROM TradeResultFrame3($1, $2, $3, $4)
ERROR:  could not serialize access due to read/write dependencies among transactions
DETAIL:  Reason code: Canceled on identification as a pivot, during write.
HINT:  The transaction might succeed if retried.
CONTEXT:  SQL statement "UPDATE trade
SET t_tax = $1
WHERE t_id = $2"


1788952451 1873031 TRADE_RESULT giving up after 10 retries 1873031 1788952451 
SQL: COMMIT
ERROR:  could not serialize access due to read/write dependencies among transactions
DETAIL:  Reason code: Canceled on commit attempt with conflict in from prepared pivot.
HINT:  The transaction might succeed if retried.


1788952475 1873031 TRADE_RESULT giving up after 10 retries 1873031 1788952475 
SQL: SELECT * FROM TradeResultFrame3($1, $2, $3, $4)
ERROR:  could not serialize access due to read/write dependencies among transactions
DETAIL:  Reason code: Canceled on identification as a pivot, during conflict out checking.
HINT:  The transaction might succeed if retried.
CONTEXT:  SQL statement "SELECT sum(tx_rate)
FROM taxrate
WHERE tx_id IN (
                   SELECT cx_tx_id
                   FROM customer_taxrate
                   WHERE cx_c_id = $1
               )"


1788952509 1873042 TRADE_RESULT giving up after 10 retries 1873042 1788952509 
SQL: SELECT * FROM TradeResultFrame5($1, $2, $3, $4, $5, $6)
ERROR:  could not serialize access due to read/write dependencies among transactions
DETAIL:  Reason code: Canceled on identification as a pivot, during write.
HINT:  The transaction might succeed if retried.
CONTEXT:  SQL statement "UPDATE trade
SET t_comm = $1
  , t_dts = $2
  , t_st_id = $3
  , t_trade_price = $4
WHERE t_id = $5"


1788952512 1873029 TRADE_RESULT giving up after 10 retries 1873029 1788952512 
SQL: SELECT * FROM TradeResultFrame5($1, $2, $3, $4, $5, $6)
ERROR:  could not serialize access due to read/write dependencies among transactions
DETAIL:  Reason code: Canceled on identification as a pivot, during write.
HINT:  The transaction might succeed if retried.
CONTEXT:  SQL statement "UPDATE trade
SET t_comm = $1
  , t_dts = $2
  , t_st_id = $3
  , t_trade_price = $4
WHERE t_id = $5"


1788952522 1873041 TRADE_RESULT giving up after 10 retries 1873041 1788952522 
SQL: COMMIT
ERROR:  could not serialize access due to read/write dependencies among transactions
DETAIL:  Reason code: Canceled on commit attempt with conflict in from prepared pivot.
HINT:  The transaction might succeed if retried.


1788952530 1873034 TRADE_RESULT giving up after 10 retries 1873034 1788952530 
SQL: SELECT * FROM TradeResultFrame5($1, $2, $3, $4, $5, $6)
ERROR:  could not serialize access due to read/write dependencies among transactions
DETAIL:  Reason code: Canceled on identification as a pivot, during write.
HINT:  The transaction might succeed if retried.
CONTEXT:  SQL statement "UPDATE trade
SET t_comm = $1
  , t_dts = $2
  , t_st_id = $3
  , t_trade_price = $4
WHERE t_id = $5"


1788952532 1873034 TRADE_RESULT giving up after 10 retries 1873034 1788952532 
SQL: SELECT * FROM TradeResultFrame5($1, $2, $3, $4, $5, $6)
ERROR:  could not serialize access due to read/write dependencies among transactions
DETAIL:  Reason code: Canceled on identification as a pivot, during conflict out checking.
HINT:  The transaction might succeed if retried.
CONTEXT:  SQL statement "SELECT 1 FROM ONLY "public"."security" x WHERE "s_symb"::pg_catalog.text OPERATOR(pg_catalog.=) $1::pg_catalog.text FOR KEY SHARE OF x"
SQL statement "UPDATE trade
SET t_comm = $1
  , t_dts = $2
  , t_st_id = $3
  , t_trade_price = $4
WHERE t_id = $5"


1788952553 1873039 TRADE_RESULT giving up after 10 retries 1873039 1788952553 
SQL: SELECT * FROM TradeResultFrame3($1, $2, $3, $4)
ERROR:  could not serialize access due to read/write dependencies among transactions
DETAIL:  Reason code: Canceled on identification as a pivot, during write.
HINT:  The transaction might succeed if retried.
CONTEXT:  SQL statement "UPDATE trade
SET t_tax = $1
WHERE t_id = $2"


1788952567 1873040 TRADE_RESULT giving up after 10 retries 1873040 1788952567 
SQL: SELECT * FROM TradeResultFrame3($1, $2, $3, $4)
ERROR:  could not serialize access due to read/write dependencies among transactions
DETAIL:  Reason code: Canceled on identification as a pivot, during conflict out checking.
HINT:  The transaction might succeed if retried.
CONTEXT:  SQL statement "SELECT sum(tx_rate)
FROM taxrate
WHERE tx_id IN (
                   SELECT cx_tx_id
                   FROM customer_taxrate
                   WHERE cx_c_id = $1
               )"


1788952573 1873037 TRADE_RESULT giving up after 10 retries 1873037 1788952573 
SQL: SELECT * FROM TradeResultFrame4($1, $2, $3, $4)
ERROR:  could not serialize access due to read/write dependencies among transactions
DETAIL:  Reason code: Canceled on identification as a pivot, during conflict out checking.
HINT:  The transaction might succeed if retried.
CONTEXT:  SQL statement "SELECT s_ex_id
     , s_name
FROM security
WHERE s_symb = $1"


1788952575 1873037 TRADE_RESULT giving up after 10 retries 1873037 1788952575 
SQL: SELECT * FROM TradeResultFrame4($1, $2, $3, $4)
ERROR:  could not serialize access due to read/write dependencies among transactions
DETAIL:  Reason code: Canceled on identification as a pivot, during conflict out checking.
HINT:  The transaction might succeed if retried.
CONTEXT:  SQL statement "SELECT s_ex_id
     , s_name
FROM security
WHERE s_symb = $1"


1788952579 1873033 TRADE_RESULT giving up after 10 retries 1873033 1788952579 
SQL: SELECT * FROM TradeResultFrame6($1, $2, $3, $4, $5, $6, $7, $8, $9)
ERROR:  could not serialize access due to read/write dependencies among transactions
DETAIL:  Reason code: Canceled on identification as a pivot, during conflict in checking.
HINT:  The transaction might succeed if retried.
CONTEXT:  SQL statement "INSERT INTO settlement(
    se_t_id
  , se_cash_type
  , se_cash_due_date
  , se_amt)
VALUES (
    $1
  , $2
  , $3
  , $4
)"


1788952579 1873035 TRADE_RESULT giving up after 10 retries 1873035 1788952579 
SQL: SELECT * FROM TradeResultFrame6($1, $2, $3, $4, $5, $6, $7, $8, $9)
ERROR:  could not serialize access due to read/write dependencies among transactions
DETAIL:  Reason code: Canceled on identification as a pivot, during conflict in checking.
HINT:  The transaction might succeed if retried.
CONTEXT:  SQL statement "INSERT INTO cash_transaction(
    ct_dts
  , ct_t_id
  , ct_amt
  , ct_name
)
VALUES (
    $1
  , $2
  , $3
  , $4 || ' ' || $5::VARCHAR || ' shares of ' || $6
)"


1788952639 1873040 TRADE_RESULT giving up after 10 retries 1873040 1788952639 
SQL: SELECT * FROM TradeResultFrame6($1, $2, $3, $4, $5, $6, $7, $8, $9)
ERROR:  could not serialize access due to read/write dependencies among transactions
DETAIL:  Reason code: Canceled on identification as a pivot, during conflict out checking.
HINT:  The transaction might succeed if retried.
CONTEXT:  SQL statement "SELECT 1 FROM ONLY "public"."trade" x WHERE "t_id"::pg_catalog.int8 OPERATOR(pg_catalog.=) $1::pg_catalog.int8 FOR KEY SHARE OF x"
SQL statement "INSERT INTO settlement(
    se_t_id
  , se_cash_type
  , se_cash_due_date
  , se_amt)
VALUES (
    $1
  , $2
  , $3
  , $4
)"


1788952651 1873030 TRADE_RESULT giving up after 10 retries 1873030 1788952651 
SQL: SELECT * FROM TradeResultFrame5($1, $2, $3, $4, $5, $6)
ERROR:  could not serialize access due to read/write dependencies among transactions
DETAIL:  Reason code: Canceled on identification as a pivot, during write.
HINT:  The transaction might succeed if retried.
CONTEXT:  SQL statement "UPDATE trade
SET t_comm = $1
  , t_dts = $2
  , t_st_id = $3
  , t_trade_price = $4
WHERE t_id = $5"


1788952651 1873037 TRADE_RESULT giving up after 10 retries 1873037 1788952651 
SQL: SELECT * FROM TradeResultFrame5($1, $2, $3, $4, $5, $6)
ERROR:  could not serialize access due to read/write dependencies among transactions
DETAIL:  Reason code: Canceled on identification as a pivot, during conflict in checking.
HINT:  The transaction might succeed if retried.
CONTEXT:  SQL statement "INSERT INTO trade_history(
    th_t_id
  , th_dts
  , th_st_id
)
VALUES (
    $1
  , $2
  , $3
)"


1788952651 1873036 TRADE_RESULT giving up after 10 retries 1873036 1788952651 
SQL: SELECT * FROM TradeResultFrame3($1, $2, $3, $4)
ERROR:  could not serialize access due to read/write dependencies among transactions
DETAIL:  Reason code: Canceled on identification as a pivot, during conflict out checking.
HINT:  The transaction might succeed if retried.
CONTEXT:  SQL statement "SELECT sum(tx_rate)
FROM taxrate
WHERE tx_id IN (
                   SELECT cx_tx_id
                   FROM customer_taxrate
                   WHERE cx_c_id = $1
               )"


1788952651 1873040 TRADE_RESULT giving up after 10 retries 1873040 1788952651 
SQL: COMMIT
ERROR:  could not serialize access due to read/write dependencies among transactions
DETAIL:  Reason code: Canceled on commit attempt with conflict in from prepared pivot.
HINT:  The transaction might succeed if retried.


1788952662 1873030 TRADE_RESULT giving up after 10 retries 1873030 1788952662 
SQL: SELECT * FROM TradeResultFrame5($1, $2, $3, $4, $5, $6)
ERROR:  could not serialize access due to read/write dependencies among transactions
DETAIL:  Reason code: Canceled on identification as a pivot, during write.
HINT:  The transaction might succeed if retried.
CONTEXT:  SQL statement "UPDATE trade
SET t_comm = $1
  , t_dts = $2
  , t_st_id = $3
  , t_trade_price = $4
WHERE t_id = $5"


1788952664 1873029 TRADE_RESULT giving up after 10 retries 1873029 1788952664 
SQL: SELECT * FROM TradeResultFrame2($1, $2, $3, $4, $5, $6, $7, $8)
ERROR:  could not serialize access due to read/write dependencies among transactions
DETAIL:  Reason code: Canceled on identification as a pivot, during write.
HINT:  The transaction might succeed if retried.
CONTEXT:  SQL statement "DELETE FROM holding
WHERE h_t_id = $1"


1788952669 1873035 TRADE_RESULT giving up after 10 retries 1873035 1788952669 
SQL: SELECT * FROM TradeResultFrame6($1, $2, $3, $4, $5, $6, $7, $8, $9)
ERROR:  could not serialize access due to read/write dependencies among transactions
DETAIL:  Reason code: Canceled on identification as a pivot, during conflict in checking.
HINT:  The transaction might succeed if retried.
CONTEXT:  SQL statement "INSERT INTO settlement(
    se_t_id
  , se_cash_type
  , se_cash_due_date
  , se_amt)
VALUES (
    $1
  , $2
  , $3
  , $4
)"


1788952669 1873044 TRADE_RESULT giving up after 10 retries 1873044 1788952669 
SQL: SELECT * FROM TradeResultFrame6($1, $2, $3, $4, $5, $6, $7, $8, $9)
ERROR:  could not serialize access due to read/write dependencies among transactions
DETAIL:  Reason code: Canceled on identification as a pivot, during conflict in checking.
HINT:  The transaction might succeed if retried.
CONTEXT:  SQL statement "INSERT INTO settlement(
    se_t_id
  , se_cash_type
  , se_cash_due_date
  , se_amt)
VALUES (
    $1
  , $2
  , $3
  , $4
)"


1788952688 1873039 TRADE_RESULT giving up after 10 retries 1873039 1788952688 
SQL: COMMIT
ERROR:  could not serialize access due to read/write dependencies among transactions
DETAIL:  Reason code: Canceled on identification as a pivot, during commit attempt.
HINT:  The transaction might succeed if retried.


1788952689 1873042 TRADE_RESULT giving up after 10 retries 1873042 1788952689 
SQL: SELECT * FROM TradeResultFrame4($1, $2, $3, $4)
ERROR:  could not serialize access due to read/write dependencies among transactions
DETAIL:  Reason code: Canceled on identification as a pivot, during conflict out checking.
HINT:  The transaction might succeed if retried.
CONTEXT:  SQL statement "SELECT s_ex_id
     , s_name
FROM security
WHERE s_symb = $1"


1788952763 1873033 TRADE_RESULT giving up after 10 retries 1873033 1788952763 
SQL: SELECT * FROM TradeResultFrame4($1, $2, $3, $4)
ERROR:  could not serialize access due to read/write dependencies among transactions
DETAIL:  Reason code: Canceled on identification as a pivot, during conflict out checking.
HINT:  The transaction might succeed if retried.
CONTEXT:  SQL statement "SELECT s_ex_id
     , s_name
FROM security
WHERE s_symb = $1"


1788952817 1873039 TRADE_RESULT giving up after 10 retries 1873039 1788952817 
SQL: COMMIT
ERROR:  could not serialize access due to read/write dependencies among transactions
DETAIL:  Reason code: Canceled on commit attempt with conflict in from prepared pivot.
HINT:  The transaction might succeed if retried.


1788952821 1873036 TRADE_RESULT giving up after 10 retries 1873036 1788952821 
SQL: SELECT * FROM TradeResultFrame5($1, $2, $3, $4, $5, $6)
ERROR:  could not serialize access due to read/write dependencies among transactions
DETAIL:  Reason code: Canceled on identification as a pivot, during write.
HINT:  The transaction might succeed if retried.
CONTEXT:  SQL statement "UPDATE trade
SET t_comm = $1
  , t_dts = $2
  , t_st_id = $3
  , t_trade_price = $4
WHERE t_id = $5"


1788952849 1873039 TRADE_RESULT giving up after 10 retries 1873039 1788952849 
SQL: SELECT * FROM TradeResultFrame4($1, $2, $3, $4)
ERROR:  could not serialize access due to read/write dependencies among transactions
DETAIL:  Reason code: Canceled on identification as a pivot, during conflict out checking.
HINT:  The transaction might succeed if retried.
CONTEXT:  SQL statement "SELECT s_ex_id
     , s_name
FROM security
WHERE s_symb = $1"


1788952849 1873035 TRADE_RESULT giving up after 10 retries 1873035 1788952849 
SQL: SELECT * FROM TradeResultFrame6($1, $2, $3, $4, $5, $6, $7, $8, $9)
ERROR:  could not serialize access due to read/write dependencies among transactions
DETAIL:  Reason code: Canceled on identification as a pivot, during conflict in checking.
HINT:  The transaction might succeed if retried.
CONTEXT:  SQL statement "INSERT INTO settlement(
    se_t_id
  , se_cash_type
  , se_cash_due_date
  , se_amt)
VALUES (
    $1
  , $2
  , $3
  , $4
)"


1788952853 1873040 TRADE_RESULT giving up after 10 retries 1873040 1788952853 
SQL: SELECT * FROM TradeResultFrame5($1, $2, $3, $4, $5, $6)
ERROR:  could not serialize access due to read/write dependencies among transactions
DETAIL:  Reason code: Canceled on identification as a pivot, during write.
HINT:  The transaction might succeed if retried.
CONTEXT:  SQL statement "UPDATE trade
SET t_comm = $1
  , t_dts = $2
  , t_st_id = $3
  , t_trade_price = $4
WHERE t_id = $5"


1788952872 1873030 TRADE_RESULT giving up after 10 retries 1873030 1788952872 
SQL: SELECT * FROM TradeResultFrame5($1, $2, $3, $4, $5, $6)
ERROR:  could not serialize access due to read/write dependencies among transactions
DETAIL:  Reason code: Canceled on identification as a pivot, during write.
HINT:  The transaction might succeed if retried.
CONTEXT:  SQL statement "UPDATE trade
SET t_comm = $1
  , t_dts = $2
  , t_st_id = $3
  , t_trade_price = $4
WHERE t_id = $5"


1788952889 1873035 TRADE_RESULT giving up after 10 retries 1873035 1788952889 
SQL: COMMIT
ERROR:  could not serialize access due to read/write dependencies among transactions
DETAIL:  Reason code: Canceled on commit attempt with conflict in from prepared pivot.
HINT:  The transaction might succeed if retried.


1788952889 1873042 TRADE_RESULT giving up after 10 retries 1873042 1788952889 
SQL: SELECT * FROM TradeResultFrame5($1, $2, $3, $4, $5, $6)
ERROR:  could not serialize access due to read/write dependencies among transactions
DETAIL:  Reason code: Canceled on identification as a pivot, during write.
HINT:  The transaction might succeed if retried.
CONTEXT:  SQL statement "UPDATE trade
SET t_comm = $1
  , t_dts = $2
  , t_st_id = $3
  , t_trade_price = $4
WHERE t_id = $5"


1788952911 1873031 TRADE_RESULT giving up after 10 retries 1873031 1788952911 
SQL: SELECT * FROM TradeResultFrame4($1, $2, $3, $4)
ERROR:  could not serialize access due to read/write dependencies among transactions
DETAIL:  Reason code: Canceled on identification as a pivot, during conflict out checking.
HINT:  The transaction might succeed if retried.
CONTEXT:  SQL statement "SELECT s_ex_id
     , s_name
FROM security
WHERE s_symb = $1"


1788952932 1873035 TRADE_RESULT giving up after 10 retries 1873035 1788952932 
SQL: COMMIT
ERROR:  could not serialize access due to read/write dependencies among transactions
DETAIL:  Reason code: Canceled on identification as a pivot, during commit attempt.
HINT:  The transaction might succeed if retried.


1788952964 1873042 TRADE_RESULT giving up after 10 retries 1873042 1788952964 
SQL: SELECT * FROM TradeResultFrame5($1, $2, $3, $4, $5, $6)
ERROR:  could not serialize access due to read/write dependencies among transactions
DETAIL:  Reason code: Canceled on identification as a pivot, during write.
HINT:  The transaction might succeed if retried.
CONTEXT:  SQL statement "UPDATE trade
SET t_comm = $1
  , t_dts = $2
  , t_st_id = $3
  , t_trade_price = $4
WHERE t_id = $5"


1788952983 1873045 TRADE_RESULT giving up after 10 retries 1873045 1788952983 
SQL: SELECT * FROM TradeResultFrame5($1, $2, $3, $4, $5, $6)
ERROR:  could not serialize access due to read/write dependencies among transactions
DETAIL:  Reason code: Canceled on identification as a pivot, during conflict out checking.
HINT:  The transaction might succeed if retried.
CONTEXT:  SQL statement "UPDATE trade
SET t_comm = $1
  , t_dts = $2
  , t_st_id = $3
  , t_trade_price = $4
WHERE t_id = $5"


1788953042 1873045 TRADE_RESULT giving up after 10 retries 1873045 1788953042 
SQL: COMMIT
ERROR:  could not serialize access due to read/write dependencies among transactions
DETAIL:  Reason code: Canceled on commit attempt with conflict in from prepared pivot.
HINT:  The transaction might succeed if retried.


1788953064 1873041 TRADE_RESULT giving up after 10 retries 1873041 1788953064 
SQL: SELECT * FROM TradeResultFrame5($1, $2, $3, $4, $5, $6)
ERROR:  could not serialize access due to read/write dependencies among transactions
DETAIL:  Reason code: Canceled on identification as a pivot, during write.
HINT:  The transaction might succeed if retried.
CONTEXT:  SQL statement "UPDATE trade
SET t_comm = $1
  , t_dts = $2
  , t_st_id = $3
  , t_trade_price = $4
WHERE t_id = $5"


1788953065 1873035 TRADE_RESULT giving up after 10 retries 1873035 1788953065 
SQL: COMMIT
ERROR:  could not serialize access due to read/write dependencies among transactions
DETAIL:  Reason code: Canceled on commit attempt with conflict in from prepared pivot.
HINT:  The transaction might succeed if retried.


1788953081 1873045 TRADE_RESULT giving up after 10 retries 1873045 1788953081 
SQL: SELECT * FROM TradeResultFrame4($1, $2, $3, $4)
ERROR:  could not serialize access due to read/write dependencies among transactions
DETAIL:  Reason code: Canceled on identification as a pivot, during conflict out checking.
HINT:  The transaction might succeed if retried.
CONTEXT:  SQL statement "SELECT s_ex_id
     , s_name
FROM security
WHERE s_symb = $1"


1788953092 1873039 TRADE_RESULT giving up after 10 retries 1873039 1788953092 
SQL: COMMIT
ERROR:  could not serialize access due to read/write dependencies among transactions
DETAIL:  Reason code: Canceled on commit attempt with conflict in from prepared pivot.
HINT:  The transaction might succeed if retried.


1788953148 1873030 TRADE_RESULT giving up after 10 retries 1873030 1788953148 
SQL: SELECT * FROM TradeResultFrame6($1, $2, $3, $4, $5, $6, $7, $8, $9)
ERROR:  could not serialize access due to read/write dependencies among transactions
DETAIL:  Reason code: Canceled on identification as a pivot, during conflict in checking.
HINT:  The transaction might succeed if retried.
CONTEXT:  SQL statement "INSERT INTO settlement(
    se_t_id
  , se_cash_type
  , se_cash_due_date
  , se_amt)
VALUES (
    $1
  , $2
  , $3
  , $4
)"


1788953200 1873033 TRADE_RESULT giving up after 10 retries 1873033 1788953200 
SQL: SELECT * FROM TradeResultFrame5($1, $2, $3, $4, $5, $6)
ERROR:  could not serialize access due to read/write dependencies among transactions
DETAIL:  Reason code: Canceled on identification as a pivot, during write.
HINT:  The transaction might succeed if retried.
CONTEXT:  SQL statement "UPDATE trade
SET t_comm = $1
  , t_dts = $2
  , t_st_id = $3
  , t_trade_price = $4
WHERE t_id = $5"


1788953209 1873038 TRADE_RESULT giving up after 10 retries 1873038 1788953209 
SQL: SELECT * FROM TradeResultFrame5($1, $2, $3, $4, $5, $6)
ERROR:  could not serialize access due to read/write dependencies among transactions
DETAIL:  Reason code: Canceled on identification as a pivot, during write.
HINT:  The transaction might succeed if retried.
CONTEXT:  SQL statement "UPDATE trade
SET t_comm = $1
  , t_dts = $2
  , t_st_id = $3
  , t_trade_price = $4
WHERE t_id = $5"


1788953209 1873045 TRADE_RESULT giving up after 10 retries 1873045 1788953209 
SQL: SELECT * FROM TradeResultFrame5($1, $2, $3, $4, $5, $6)
ERROR:  could not serialize access due to read/write dependencies among transactions
DETAIL:  Reason code: Canceled on identification as a pivot, during write.
HINT:  The transaction might succeed if retried.
CONTEXT:  SQL statement "UPDATE trade
SET t_comm = $1
  , t_dts = $2
  , t_st_id = $3
  , t_trade_price = $4
WHERE t_id = $5"


1788953209 1873044 TRADE_RESULT giving up after 10 retries 1873044 1788953209 
SQL: SELECT * FROM TradeResultFrame5($1, $2, $3, $4, $5, $6)
ERROR:  could not serialize access due to read/write dependencies among transactions
DETAIL:  Reason code: Canceled on identification as a pivot, during write.
HINT:  The transaction might succeed if retried.
CONTEXT:  SQL statement "UPDATE trade
SET t_comm = $1
  , t_dts = $2
  , t_st_id = $3
  , t_trade_price = $4
WHERE t_id = $5"


1788953225 1873045 TRADE_RESULT giving up after 10 retries 1873045 1788953225 
SQL: SELECT * FROM TradeResultFrame5($1, $2, $3, $4, $5, $6)
ERROR:  could not serialize access due to read/write dependencies among transactions
DETAIL:  Reason code: Canceled on identification as a pivot, during conflict out checking.
HINT:  The transaction might succeed if retried.
CONTEXT:  SQL statement "UPDATE trade
SET t_comm = $1
  , t_dts = $2
  , t_st_id = $3
  , t_trade_price = $4
WHERE t_id = $5"


1788953231 1873039 TRADE_RESULT giving up after 10 retries 1873039 1788953231 
SQL: SELECT * FROM TradeResultFrame5($1, $2, $3, $4, $5, $6)
ERROR:  could not serialize access due to read/write dependencies among transactions
DETAIL:  Reason code: Canceled on identification as a pivot, during write.
HINT:  The transaction might succeed if retried.
CONTEXT:  SQL statement "UPDATE trade
SET t_comm = $1
  , t_dts = $2
  , t_st_id = $3
  , t_trade_price = $4
WHERE t_id = $5"


1788953245 1873040 TRADE_RESULT giving up after 10 retries 1873040 1788953245 
SQL: SELECT * FROM TradeResultFrame3($1, $2, $3, $4)
ERROR:  could not serialize access due to read/write dependencies among transactions
DETAIL:  Reason code: Canceled on identification as a pivot, during conflict out checking.
HINT:  The transaction might succeed if retried.
CONTEXT:  SQL statement "SELECT sum(tx_rate)
FROM taxrate
WHERE tx_id IN (
                   SELECT cx_tx_id
                   FROM customer_taxrate
                   WHERE cx_c_id = $1
               )"


1788953251 1873031 TRADE_RESULT giving up after 10 retries 1873031 1788953251 
SQL: SELECT * FROM TradeResultFrame5($1, $2, $3, $4, $5, $6)
ERROR:  could not serialize access due to read/write dependencies among transactions
DETAIL:  Reason code: Canceled on identification as a pivot, during write.
HINT:  The transaction might succeed if retried.
CONTEXT:  SQL statement "UPDATE trade
SET t_comm = $1
  , t_dts = $2
  , t_st_id = $3
  , t_trade_price = $4
WHERE t_id = $5"


1788953255 1873035 TRADE_RESULT giving up after 10 retries 1873035 1788953255 
SQL: SELECT * FROM TradeResultFrame5($1, $2, $3, $4, $5, $6)
ERROR:  could not serialize access due to read/write dependencies among transactions
DETAIL:  Reason code: Canceled on identification as a pivot, during conflict in checking.
HINT:  The transaction might succeed if retried.
CONTEXT:  SQL statement "UPDATE trade
SET t_comm = $1
  , t_dts = $2
  , t_st_id = $3
  , t_trade_price = $4
WHERE t_id = $5"


1788953261 1873044 TRADE_RESULT giving up after 10 retries 1873044 1788953261 
SQL: COMMIT
ERROR:  could not serialize access due to read/write dependencies among transactions
DETAIL:  Reason code: Canceled on commit attempt with conflict in from prepared pivot.
HINT:  The transaction might succeed if retried.


1788953261 1873037 TRADE_RESULT giving up after 10 retries 1873037 1788953261 
SQL: SELECT * FROM TradeResultFrame5($1, $2, $3, $4, $5, $6)
ERROR:  could not serialize access due to read/write dependencies among transactions
DETAIL:  Reason code: Canceled on identification as a pivot, during write.
HINT:  The transaction might succeed if retried.
CONTEXT:  SQL statement "UPDATE trade
SET t_comm = $1
  , t_dts = $2
  , t_st_id = $3
  , t_trade_price = $4
WHERE t_id = $5"


1788953269 1873030 TRADE_RESULT giving up after 10 retries 1873030 1788953269 
SQL: SELECT * FROM TradeResultFrame5($1, $2, $