# hostname;interval;timestamp;DEV;tps;rkB/s;wkB/s;dkB/s;areq-sz;aqu-sz;await;%util
madrona;60;1789189615;nvme8n1;421.08;6339.53;455.53;0.00;16.14;0.28;0.66;15.01
madrona;60;1789189615;nvme4n1;411.68;6062.67;376.13;0.00;15.64;0.27;0.65;13.34
madrona;60;1789189615;nvme9n1;430.20;6590.33;497.87;0.00;16.48;0.29;0.66;15.10
madrona;60;1789189615;nvme13n1;422.80;5901.07;370.80;0.00;14.83;0.28;0.66;14.86
madrona;60;1789189615;nvme14n1;416.45;5766.60;458.60;0.00;14.95;0.28;0.66;15.13
madrona;60;1789189615;nvme3n1;418.70;6173.40;317.27;0.00;15.50;0.28;0.66;13.68
madrona;60;1789189615;nvme0n1;7.10;43.40;57.40;0.00;14.20;0.01;1.00;0.13
madrona;60;1789189615;nvme0n1p1;7.10;43.40;57.40;0.00;14.20;0.01;1.00;0.13
madrona;60;1789189615;nvme0n1p14;0.00;0.00;0.00;0.00;0.00;0.00;0.00;0.00
madrona;60;1789189615;nvme0n1p15;0.00;0.00;0.00;0.00;0.00;0.00;0.00;0.00
madrona;60;1789189615;nvme7n1;418.13;5999.13;335.40;0.00;15.15;0.27;0.65;13.89
madrona;60;1789189615;nvme2n1;432.30;6315.00;345.73;0.00;15.41;0.28;0.65;14.37
madrona;60;1789189615;nvme12n1;418.02;6154.87;334.73;0.00;15.52;0.27;0.65;14.06
madrona;60;1789189615;nvme17n1;409.50;5933.93;332.53;0.00;15.30;0.27;0.65;13.70
madrona;60;1789189615;nvme11n1;422.68;5986.60;459.53;0.00;15.25;0.28;0.66;13.68
madrona;60;1789189615;nvme1n1;407.32;5966.07;338.20;0.00;15.48;0.27;0.65;13.77
madrona;60;1789189615;nvme16n1;410.05;5702.80;313.20;0.00;14.67;0.26;0.64;14.11
madrona;60;1789189615;nvme15n1;410.53;5677.00;325.47;0.00;14.62;0.27;0.65;13.85
madrona;60;1789189615;nvme5n1;421.80;5973.53;314.27;0.00;14.91;0.27;0.65;13.87
madrona;60;1789189615;nvme20n1;417.23;5870.00;358.53;0.00;14.93;0.27;0.65;14.81
madrona;60;1789189615;nvme6n1;413.92;5884.80;397.87;0.00;15.18;0.27;0.65;14.63
madrona;60;1789189615;nvme19n1;409.25;5848.67;342.33;0.00;15.13;0.27;0.65;15.01
madrona;60;1789189615;nvme24n1;408.20;5720.67;334.47;0.00;14.83;0.27;0.65;13.96
madrona;60;1789189615;nvme22n1;417.13;5881.73;392.27;0.00;15.04;0.27;0.65;13.96
madrona;60;1789189615;nvme25n1;404.88;5940.27;248.60;0.00;15.29;0.26;0.65;13.41
madrona;60;1789189615;nvme23n1;410.30;5964.67;327.07;0.00;15.33;0.27;0.65;14.27
madrona;60;1789189615;nvme26n1;411.40;5814.80;258.13;0.00;14.76;0.27;0.65;14.45
madrona;60;1789189615;nvme18n1;410.57;5963.93;238.73;0.00;15.11;0.26;0.65;14.23
madrona;60;1789189615;nvme21n1;407.53;5896.87;251.93;0.00;15.09;0.27;0.65;14.43
madrona;60;1789189615;nvme10n1;429.03;6162.33;416.33;0.00;15.33;0.28;0.65;14.61
madrona;60;1789189615;vg_data-lv_stripe;10811.53;155492.27;9141.53;0.00;15.23;6.97;0.64;90.29
madrona;60;1789189675;nvme8n1;1232.85;12545.47;541.53;0.00;10.62;2.11;1.71;40.51
madrona;60;1789189675;nvme4n1;1221.67;12892.27;459.67;0.00;10.93;2.10;1.72;38.60
madrona;60;1789189675;nvme9n1;1235.22;13081.80;574.87;0.00;11.06;2.16;1.75;39.66
madrona;60;1789189675;nvme13n1;1223.37;13005.87;555.53;0.00;11.09;2.09;1.71;39.34
madrona;60;1789189675;nvme14n1;1212.30;12415.67;357.67;0.00;10.54;2.07;1.71;38.22
madrona;60;1789189675;nvme3n1;1214.08;12663.33;481.67;0.00;10.83;2.06;1.70;38.81
madrona;60;1789189675;nvme0n1;11.22;88.27;64.13;0.00;13.59;0.02;1.53;0.27
madrona;60;1789189675;nvme0n1p1;11.22;88.27;64.13;0.00;13.59;0.02;1.53;0.29
madrona;60;1789189675;nvme0n1p14;0.00;0.00;0.00;0.00;0.00;0.00;0.00;0.00
madrona;60;1789189675;nvme0n1p15;0.00;0.00;0.00;0.00;0.00;0.00;0.00;0.00
madrona;60;1789189675;nvme7n1;1229.08;12709.20;438.13;0.00;10.70;2.06;1.68;38.48
madrona;60;1789189675;nvme2n1;1229.32;12657.13;444.40;0.00;10.66;2.10;1.71;39.46
madrona;60;1789189675;nvme12n1;1210.70;13120.20;502.00;0.00;11.25;1.97;1.63;38.91
madrona;60;1789189675;nvme17n1;1206.58;12152.53;659.80;0.00;10.62;2.07;1.71;39.05
madrona;60;1789189675;nvme11n1;1212.33;12775.07;524.40;0.00;10.97;2.06;1.70;40.03
madrona;60;1789189675;nvme1n1;1218.08;12617.93;428.07;0.00;10.71;2.04;1.67;38.45
madrona;60;1789189675;nvme16n1;1233.98;12704.40;548.33;0.00;10.74;2.01;1.63;39.41
madrona;60;1789189675;nvme15n1;1225.88;12487.07;518.20;0.00;10.61;2.03;1.66;39.25
madrona;60;1789189675;nvme5n1;1228.82;12861.47;498.53;0.00;10.87;1.99;1.62;39.50
madrona;60;1789189675;nvme20n1;1214.78;12093.73;350.80;0.00;10.24;1.99;1.64;39.62
madrona;60;1789189675;nvme6n1;1241.83;13011.60;423.67;0.00;10.82;2.10;1.69;40.51
madrona;60;1789189675;nvme19n1;1230.08;12701.80;507.60;0.00;10.74;2.17;1.76;39.35
madrona;60;1789189675;nvme24n1;1220.48;12650.73;391.60;0.00;10.69;1.98;1.62;39.78
madrona;60;1789189675;nvme22n1;1213.68;12564.33;389.60;0.00;10.67;2.04;1.68;38.49
madrona;60;1789189675;nvme25n1;1197.60;12286.00;418.33;0.00;10.61;1.94;1.62;38.93
madrona;60;1789189675;nvme23n1;1212.07;12081.40;397.67;0.00;10.30;2.00;1.65;38.35
madrona;60;1789189675;nvme26n1;1218.13;12597.07;330.33;0.00;10.61;1.97;1.62;38.97
madrona;60;1789189675;nvme18n1;1222.78;12317.87;589.27;0.00;10.56;2.08;1.70;39.61
madrona;60;1789189675;nvme21n1;1201.95;12331.60;342.00;0.00;10.54;1.98;1.65;38.97
madrona;60;1789189675;nvme10n1;1228.17;12827.33;598.13;0.00;10.93;2.05;1.67;40.15
madrona;60;1789189675;vg_data-lv_stripe;31736.65;328156.40;12271.80;0.00;10.73;53.12;1.67;99.19
madrona;60;1789189735;nvme8n1;800.63;10784.53;613.80;0.00;14.24;0.53;0.66;24.76
madrona;60;1789189735;nvme4n1;792.15;10500.60;745.40;0.00;14.20;0.52;0.66;24.96
madrona;60;1789189735;nvme9n1;806.08;11131.87;627.40;0.00;14.59;0.54;0.67;25.25
madrona;60;1789189735;nvme13n1;796.47;10877.33;577.60;0.00;14.38;0.53;0.67;24.61
madrona;60;1789189735;nvme14n1;788.63;10887.73;538.40;0.00;14.49;0.53;0.67;25.12
madrona;60;1789189735;nvme3n1;804.28;10555.47;670.00;0.00;13.96;0.53;0.66;25.13
madrona;60;1789189735;nvme0n1;6.38;10.27;56.73;0.00;10.50;0.01;1.08;0.11
madrona;60;1789189735;nvme0n1p1;6.38;10.27;56.73;0.00;10.50;0.01;1.08;0.11
madrona;60;1789189735;nvme0n1p14;0.00;0.00;0.00;0.00;0.00;0.00;0.00;0.00
madrona;60;1789189735;nvme0n1p15;0.00;0.00;0.00;0.00;0.00;0.00;0.00;0.00
madrona;60;1789189735;nvme7n1;819.58;10627.87;735.87;0.00;13.87;0.54;0.66;25.16
madrona;60;1789189735;nvme2n1;816.50;10575.27;732.07;0.00;13.85;0.53;0.65;25.29
madrona;60;1789189735;nvme12n1;787.28;10751.67;464.47;0.00;14.25;0.51;0.65;24.34
madrona;60;1789189735;nvme17n1;777.38;10045.27;800.13;0.00;13.95;0.51;0.66;24.65
madrona;60;1789189735;nvme11n1;804.93;10593.33;736.20;0.00;14.08;0.53;0.66;24.96
madrona;60;1789189735;nvme1n1;795.50;10297.73;897.67;0.00;14.07;0.52;0.66;23.43
madrona;60;1789189735;nvme16n1;794.07;10992.73;570.00;0.00;14.56;0.52;0.65;24.22
madrona;60;1789189735;nvme15n1;796.52;10666.13;526.60;0.00;14.05;0.52;0.66;24.50
madrona;60;1789189735;nvme5n1;814.65;10569.80;694.00;0.00;13.83;0.53;0.65;24.63
madrona;60;1789189735;nvme20n1;799.00;10386.00;746.13;0.00;13.93;0.52;0.66;26.14
madrona;60;1789189735;nvme6n1;808.58;10858.33;796.33;0.00;14.41;0.53;0.66;24.77
madrona;60;1789189735;nvme19n1;811.37;10755.87;878.93;0.00;14.34;0.53;0.66;24.81
madrona;60;1789189735;nvme24n1;790.02;10247.80;499.33;0.00;13.60;0.51;0.65;24.43
madrona;60;1789189735;nvme22n1;788.73;10430.13;577.80;0.00;13.96;0.52;0.65;23.88
madrona;60;1789189735;nvme25n1;772.58;10184.20;632.93;0.00;14.00;0.51;0.66;24.72
madrona;60;1789189735;nvme23n1;781.95;10432.80;704.33;0.00;14.24;0.51;0.66;24.93
madrona;60;1789189735;nvme26n1;793.82;10528.60;550.40;0.00;13.96;0.52;0.65;25.57
madrona;60;1789189735;nvme18n1;794.68;10208.20;768.93;0.00;13.81;0.52;0.66;25.27
madrona;60;1789189735;nvme21n1;781.98;10198.33;799.27;0.00;14.06;0.52;0.66;24.85
madrona;60;1789189735;nvme10n1;803.28;10767.40;623.33;0.00;14.18;0.53;0.66;23.84
madrona;60;1789189735;vg_data-lv_stripe;20722.38;274851.80;17507.33;0.00;14.11;13.33;0.64;99.56
madrona;60;1789189795;nvme8n1;1192.82;13330.73;356.67;0.00;11.47;1.95;1.64;38.45
madrona;60;1789189795;nvme4n1;1183.00;12594.67;253.47;0.00;10.86;1.94;1.64;37.19
madrona;60;1789189795;nvme9n1;1197.75;13275.67;549.73;0.00;11.54;1.87;1.56;38.49
madrona;60;1789189795;nvme13n1;1166.05;12873.73;650.80;0.00;11.60;1.81;1.56;38.39
madrona;60;1789189795;nvme14n1;1167.85;12542.13;592.27;0.00;11.25;1.85;1.58;38.49
madrona;60;1789189795;nvme3n1;1176.35;12440.20;251.07;0.00;10.79;1.97;1.68;38.05
madrona;60;1789189795;nvme0n1;7.67;12.47;62.87;0.00;9.83;0.01;1.47;0.16
madrona;60;1789189795;nvme0n1p1;7.67;12.47;62.87;0.00;9.83;0.01;1.47;0.17
madrona;60;1789189795;nvme0n1p14;0.00;0.00;0.00;0.00;0.00;0.00;0.00;0.00
madrona;60;1789189795;nvme0n1p15;0.00;0.00;0.00;0.00;0.00;0.00;0.00;0.00
madrona;60;1789189795;nvme7n1;1191.20;13271.53;565.80;0.00;11.62;1.91;1.61;38.46
madrona;60;1789189795;nvme2n1;1198.03;12670.00;563.87;0.00;11.05;1.92;1.60;38.87
madrona;60;1789189795;nvme12n1;1163.52;12835.00;559.33;0.00;11.51;1.84;1.58;38.33
madrona;60;1789189795;nvme17n1;1165.73;12502.80;448.80;0.00;11.11;1.85;1.58;37.72
madrona;60;1789189795;nvme11n1;1186.60;13423.87;558.67;0.00;11.78;1.93;1.63;38.71
madrona;60;1789189795;nvme1n1;1196.13;12773.60;654.73;0.00;11.23;2.00;1.67;38.22
madrona;60;1789189795;nvme16n1;1179.05;12819.47;374.67;0.00;11.19;1.95;1.65;37.61
madrona;60;1789189795;nvme15n1;1174.53;12693.67;327.20;0.00;11.09;1.94;1.65;37.74
madrona;60;1789189795;nvme5n1;1202.58;13475.93;541.53;0.00;11.66;1.91;1.59;38.79
madrona;60;1789189795;nvme20n1;1178.83;12636.93;565.80;0.00;11.20;1.86;1.58;39.45
madrona;60;1789189795;nvme6n1;1204.18;12962.80;546.33;0.00;11.22;2.01;1.67;39.84
madrona;60;1789189795;nvme19n1;1186.77;12830.87;613.87;0.00;11.33;1.91;1.61;38.45
madrona;60;1789189795;nvme24n1;1170.78;12622.87;512.13;0.00;11.22;1.87;1.59;37.96
madrona;60;1789189795;nvme22n1;1172.03;12215.00;712.07;0.00;11.03;1.88;1.61;38.92
madrona;60;1789189795;nvme25n1;1156.77;12237.13;532.00;0.00;11.04;1.98;1.71;37.56
madrona;60;1789189795;nvme23n1;1168.48;12322.40;731.93;0.00;11.17;1.83;1.56;39.15
madrona;60;1789189795;nvme26n1;1177.20;12355.07;445.33;0.00;10.87;2.00;1.70;39.15
madrona;60;1789189795;nvme18n1;1185.97;12520.80;614.07;0.00;11.08;1.90;1.60;39.24
madrona;60;1789189795;nvme21n1;1170.25;12540.60;707.40;0.00;11.32;1.94;1.66;38.59
madrona;60;1789189795;nvme10n1;1178.85;13317.73;370.33;0.00;11.61;1.89;1.60;37.97
madrona;60;1789189795;vg_data-lv_stripe;30692.27;332084.67;13600.27;0.00;11.26;49.67;1.62;99.45
madrona;60;1789189855;nvme8n1;970.80;12059.20;784.80;0.00;13.23;0.85;0.87;30.14
madrona;60;1789189855;nvme4n1;955.72;11884.13;767.93;0.00;13.24;0.84;0.87;30.22
madrona;60;1789189855;nvme9n1;954.92;11911.47;794.27;0.00;13.31;0.82;0.86;31.18
madrona;60;1789189855;nvme13n1;941.82;11499.13;774.00;0.00;13.03;0.77;0.82;30.75
madrona;60;1789189855;nvme14n1;938.40;11377.40;629.47;0.00;12.80;0.75;0.80;29.08
madrona;60;1789189855;nvme3n1;966.02;12005.47;716.33;0.00;13.17;0.80;0.83;30.69
madrona;60;1789189855;nvme0n1;8.28;6.73;75.47;0.00;9.92;0.01;1.16;0.13
madrona;60;1789189855;nvme0n1p1;8.28;6.73;75.47;0.00;9.92;0.01;1.16;0.13
madrona;60;1789189855;nvme0n1p14;0.00;0.00;0.00;0.00;0.00;0.00;0.00;0.00
madrona;60;1789189855;nvme0n1p15;0.00;0.00;0.00;0.00;0.00;0.00;0.00;0.00
madrona;60;1789189855;nvme7n1;960.83;11895.20;747.40;0.00;13.16;0.82;0.85;30.29
madrona;60;1789189855;nvme2n1;975.03;11574.33;664.40;0.00;12.55;0.85;0.87;30.03
madrona;60;1789189855;nvme12n1;948.90;11685.40;743.33;0.00;13.10;0.80;0.85;30.40
madrona;60;1789189855;nvme17n1;950.18;11630.13;836.60;0.00;13.12;0.78;0.82;30.34
madrona;60;1789189855;nvme11n1;955.12;11919.40;675.07;0.00;13.19;0.81;0.85;30.19
madrona;60;1789189855;nvme1n1;950.68;11634.73;744.47;0.00;13.02;0.85;0.90;28.67
madrona;60;1789189855;nvme16n1;956.43;11649.47;622.80;0.00;12.83;0.81;0.84;30.09
madrona;60;1789189855;nvme15n1;960.87;11736.80;520.13;0.00;12.76;0.80;0.84;30.61
madrona;60;1789189855;nvme5n1;960.80;11489.27;717.67;0.00;12.70;0.80;0.83;30.31
madrona;60;1789189855;nvme20n1;935.95;11778.07;485.33;0.00;13.10;0.80;0.86;29.79
madrona;60;1789189855;nvme6n1;973.15;11979.20;721.27;0.00;13.05;0.84;0.87;30.76
madrona;60;1789189855;nvme19n1;961.95;11619.00;733.33;0.00;12.84;0.80;0.84;30.45
madrona;60;1789189855;nvme24n1;939.78;11870.20;412.67;0.00;13.07;0.78;0.83;29.79
madrona;60;1789189855;nvme22n1;947.58;11691.20;496.93;0.00;12.86;0.80;0.85;29.85
madrona;60;1789189855;nvme25n1;926.30;11723.60;465.40;0.00;13.16;0.79;0.85;29.12
madrona;60;1789189855;nvme23n1;930.77;11780.93;487.27;0.00;13.18;0.81;0.87;29.35
madrona;60;1789189855;nvme26n1;956.92;11795.80;513.47;0.00;12.86;0.77;0.80;30.16
madrona;60;1789189855;nvme18n1;962.10;11602.67;723.33;0.00;12.81;0.79;0.83;30.00
madrona;60;1789189855;nvme21n1;931.75;11243.07;505.07;0.00;12.61;0.80;0.85;29.29
madrona;60;1789189855;nvme10n1;963.13;11762.47;741.73;0.00;12.98;0.83;0.86;30.11
madrona;60;1789189855;vg_data-lv_stripe;24777.33;304799.07;17024.07;0.00;12.99;20.87;0.84;99.73
madrona;60;1789189915;nvme8n1;1011.10;12101.40;337.07;0.00;12.30;1.91;1.88;35.26
madrona;60;1789189915;nvme4n1;1024.52;11759.33;447.07;0.00;11.91;1.92;1.88;34.63
madrona;60;1789189915;nvme9n1;1022.30;11902.87;360.80;0.00;12.00;1.94;1.89;34.41
madrona;60;1789189915;nvme13n1;1014.42;11617.47;388.40;0.00;11.84;1.88;1.85;34.34
madrona;60;1789189915;nvme14n1;1007.38;11617.27;350.47;0.00;11.88;1.86;1.84;34.31
madrona;60;1789189915;nvme3n1;1008.17;11554.13;401.93;0.00;11.86;1.86;1.84;34.58
madrona;60;1789189915;nvme0n1;7.42;2.33;66.47;0.00;9.28;0.01;1.70;0.17
madrona;60;1789189915;nvme0n1p1;7.42;2.33;66.47;0.00;9.28;0.01;1.70;0.18
madrona;60;1789189915;nvme0n1p14;0.00;0.00;0.00;0.00;0.00;0.00;0.00;0.00
madrona;60;1789189915;nvme0n1p15;0.00;0.00;0.00;0.00;0.00;0.00;0.00;0.00
madrona;60;1789189915;nvme7n1;1022.28;11900.47;399.47;0.00;12.03;1.94;1.90;34.33
madrona;60;1789189915;nvme2n1;1035.40;12055.67;383.07;0.00;12.01;1.91;1.84;34.81
madrona;60;1789189915;nvme12n1;1007.17;11967.53;379.33;0.00;12.26;1.93;1.91;34.49
madrona;60;1789189915;nvme17n1;1000.35;11494.00;810.67;0.00;12.30;1.85;1.85;35.09
madrona;60;1789189915;nvme11n1;1006.37;11599.27;310.80;0.00;11.83;1.96;1.95;34.43
madrona;60;1789189915;nvme1n1;1008.93;11644.47;393.73;0.00;11.93;1.90;1.89;33.53
madrona;60;1789189915;nvme16n1;1029.67;11727.27;789.60;0.00;12.16;1.86;1.80;34.89
madrona;60;1789189915;nvme15n1;1023.62;11741.47;686.00;0.00;12.14;1.87;1.83;34.85
madrona;60;1789189915;nvme5n1;1033.82;12095.00;375.20;0.00;12.06;1.92;1.86;34.99
madrona;60;1789189915;nvme20n1;1015.48;11608.07;756.67;0.00;12.18;1.84;1.81;36.25
madrona;60;1789189915;nvme6n1;1025.60;11894.53;454.80;0.00;12.04;2.03;1.98;35.01
madrona;60;1789189915;nvme19n1;1012.83;11674.87;631.20;0.00;12.15;1.84;1.82;34.67
madrona;60;1789189915;nvme24n1;1018.67;11889.33;598.40;0.00;12.26;1.87;1.84;34.85
madrona;60;1789189915;nvme22n1;1007.08;11488.60;473.93;0.00;11.88;1.80;1.79;34.17
madrona;60;1789189915;nvme25n1;1005.77;11359.47;724.60;0.00;12.01;1.94;1.93;34.42
madrona;60;1789189915;nvme23n1;1009.63;11252.33;667.33;0.00;11.81;1.89;1.87;34.44
madrona;60;1789189915;nvme26n1;1024.43;11407.07;663.53;0.00;11.78;1.87;1.83;35.31
madrona;60;1789189915;nvme18n1;1012.10;11431.20;619.80;0.00;11.91;1.73;1.71;34.72
madrona;60;1789189915;nvme21n1;1002.07;11358.47;750.13;0.00;12.08;1.87;1.87;35.19
madrona;60;1789189915;nvme10n1;1016.45;12212.40;368.40;0.00;12.38;1.92;1.89;34.35
madrona;60;1789189915;vg_data-lv_stripe;26407.80;304364.53;13522.40;0.00;12.04;49.01;1.86;99.07
madrona;60;1789189975;nvme8n1;975.43;11557.13;620.20;0.00;12.48;0.76;0.78;31.26
madrona;60;1789189975;nvme4n1;977.98;11932.13;695.47;0.00;12.91;0.73;0.75;30.36
madrona;60;1789189975;nvme9n1;992.08;11699.53;662.20;0.00;12.46;0.78;0.78;30.89
madrona;60;1789189975;nvme13n1;980.17;11586.40;595.00;0.00;12.43;0.74;0.76;30.29
madrona;60;1789189975;nvme14n1;970.47;11661.47;562.53;0.00;12.60;0.74;0.76;30.55
madrona;60;1789189975;nvme3n1;979.43;11967.53;713.20;0.00;12.95;0.74;0.76;30.39
madrona;60;1789189975;nvme0n1;8.12;12.33;77.40;0.00;11.06;0.01;1.18;0.15
madrona;60;1789189975;nvme0n1p1;8.12;12.33;77.40;0.00;11.06;0.01;1.18;0.15
madrona;60;1789189975;nvme0n1p14;0.00;0.00;0.00;0.00;0.00;0.00;0.00;0.00
madrona;60;1789189975;nvme0n1p15;0.00;0.00;0.00;0.00;0.00;0.00;0.00;0.00
madrona;60;1789189975;nvme7n1;978.87;11550.40;611.13;0.00;12.42;0.75;0.77;30.07
madrona;60;1789189975;nvme2n1;979.82;11706.67;725.93;0.00;12.69;0.74;0.75;30.71
madrona;60;1789189975;nvme12n1;957.70;11130.40;571.27;0.00;12.22;0.74;0.77;30.33
madrona;60;1789189975;nvme17n1;963.37;11440.27;886.53;0.00;12.80;0.74;0.77;31.07
madrona;60;1789189975;nvme11n1;983.43;11827.60;699.20;0.00;12.74;0.75;0.77;29.83
madrona;60;1789189975;nvme1n1;966.02;11238.73;837.07;0.00;12.50;0.72;0.75;30.12
madrona;60;1789189975;nvme16n1;968.03;11487.00;819.27;0.00;12.71;0.74;0.76;29.84
madrona;60;1789189975;nvme15n1;958.52;11317.13;611.67;0.00;12.45;0.73;0.76;30.08
madrona;60;1789189975;nvme5n1;978.48;11478.47;458.67;0.00;12.20;0.74;0.76;29.67
madrona;60;1789189975;nvme20n1;971.35;11654.00;758.60;0.00;12.78;0.76;0.78;31.23
madrona;60;1789189975;nvme6n1;976.95;11759.80;473.67;0.00;12.52;0.74;0.76;30.06
madrona;60;1789189975;nvme19n1;970.23;11507.33;719.33;0.00;12.60;0.73;0.75;31.03
madrona;60;1789189975;nvme24n1;950.43;11089.60;520.33;0.00;12.22;0.72;0.75;29.37
madrona;60;1789189975;nvme22n1;971.12;11262.13;605.87;0.00;12.22;0.73;0.75;29.43
madrona;60;1789189975;nvme25n1;945.50;11366.73;721.33;0.00;12.78;0.70;0.74;29.45
madrona;60;1789189975;nvme23n1;958.87;11344.47;607.27;0.00;12.46;0.74;0.77;29.41
madrona;60;1789189975;nvme26n1;959.93;11182.87;652.20;0.00;12.33;0.71;0.74;30.16
madrona;60;1789189975;nvme18n1;953.77;11217.87;793.87;0.00;12.59;0.74;0.77;29.82
madrona;60;1789189975;nvme21n1;967.35;11725.73;777.20;0.00;12.92;0.73;0.76;30.72
madrona;60;1789189975;nvme10n1;984.92;11933.27;663.87;0.00;12.79;0.75;0.76;30.61
madrona;60;1789189975;vg_data-lv_stripe;25220.93;299614.93;17362.87;0.00;12.57;19.04;0.75;99.62
madrona;60;1789190035;nvme8n1;915.38;10879.27;490.13;0.00;12.42;1.44;1.57;30.11
madrona;60;1789190035;nvme4n1;903.58;10864.27;553.07;0.00;12.64;1.26;1.39;29.45
madrona;60;1789190035;nvme9n1;920.68;10798.67;584.80;0.00;12.36;1.42;1.55;31.27
madrona;60;1789190035;nvme13n1;915.28;10816.07;695.93;0.00;12.58;1.44;1.57;31.33
madrona;60;1789190035;nvme14n1;910.72;10673.80;785.40;0.00;12.58;1.37;1.51;31.43
madrona;60;1789190035;nvme3n1;903.27;10807.67;466.60;0.00;12.48;1.33;1.47;30.17
madrona;60;1789190035;nvme0n1;9.92;78.33;66.47;0.00;14.60;0.01;1.21;0.22
madrona;60;1789190035;nvme0n1p1;9.92;78.33;66.47;0.00;14.60;0.01;1.21;0.23
madrona;60;1789190035;nvme0n1p14;0.00;0.00;0.00;0.00;0.00;0.00;0.00;0.00
madrona;60;1789190035;nvme0n1p15;0.00;0.00;0.00;0.00;0.00;0.00;0.00;0.00
madrona;60;1789190035;nvme7n1;921.92;11228.33;793.13;0.00;13.04;1.27;1.38;31.19
madrona;60;1789190035;nvme2n1;926.23;11014.40;608.07;0.00;12.55;1.38;1.49;30.89
madrona;60;1789190035;nvme12n1;912.72;10940.00;610.93;0.00;12.66;1.32;1.45;30.54
madrona;60;1789190035;nvme17n1;885.13;10214.87;517.13;0.00;12.12;1.28;1.45;30.29
madrona;60;1789190035;nvme11n1;913.87;10969.53;714.47;0.00;12.79;1.34;1.47;30.09
madrona;60;1789190035;nvme1n1;898.62;10584.40;619.47;0.00;12.47;1.35;1.50;29.82
madrona;60;1789190035;nvme16n1;911.63;10960.33;525.07;0.00;12.60;1.41;1.54;30.29
madrona;60;1789190035;nvme15n1;911.47;10865.47;564.13;0.00;12.54;1.45;1.59;31.18
madrona;60;1789190035;nvme5n1;933.50;11264.47;751.93;0.00;12.87;1.32;1.42;30.91
madrona;60;1789190035;nvme20n1;890.07;10306.13;450.13;0.00;12.08;1.29;1.45;30.62
madrona;60;1789190035;nvme6n1;917.60;11245.20;598.93;0.00;12.91;1.32;1.44;30.84
madrona;60;1789190035;nvme19n1;902.68;10581.07;678.07;0.00;12.47;1.31;1.46;30.42
madrona;60;1789190035;nvme24n1;898.60;10722.93;657.67;0.00;12.66;1.41;1.57;30.92
madrona;60;1789190035;nvme22n1;904.45;10679.13;633.47;0.00;12.51;1.35;1.49;30.26
madrona;60;1789190035;nvme25n1;879.80;9845.47;490.87;0.00;11.75;1.30;1.48;29.70
madrona;60;1789190035;nvme23n1;905.87;10678.93;551.67;0.00;12.40;1.33;1.47;30.75
madrona;60;1789190035;nvme26n1;912.00;11013.93;518.13;0.00;12.64;1.37;1.50;30.95
madrona;60;1789190035;nvme18n1;901.92;10464.87;492.33;0.00;12.15;1.37;1.51;30.17
madrona;60;1789190035;nvme21n1;897.60;10281.73;461.33;0.00;11.97;1.32;1.48;29.99
madrona;60;1789190035;nvme10n1;927.58;11015.73;695.80;0.00;12.63;1.36;1.46;29.92
madrona;60;1789190035;vg_data-lv_stripe;23623.35;279715.67;15508.67;0.00;12.50;34.95;1.48;99.41
madrona;60;1789190095;nvme8n1;1542.83;14945.20;342.00;0.00;9.91;2.50;1.62;53.72
madrona;60;1789190095;nvme4n1;1558.98;14895.00;604.80;0.00;9.94;2.46;1.58;53.09
madrona;60;1789190095;nvme9n1;1540.37;14887.53;359.87;0.00;9.90;2.45;1.59;52.27
madrona;60;1789190095;nvme13n1;1522.82;14760.20;347.13;0.00;9.92;2.51;1.65;50.98
madrona;60;1789190095;nvme14n1;1531.45;14617.40;430.53;0.00;9.83;2.46;1.61;52.19
madrona;60;1789190095;nvme3n1;1550.60;14749.33;631.20;0.00;9.92;2.39;1.54;52.22
madrona;60;1789190095;nvme0n1;25.57;928.40;75.00;0.00;39.25;0.03;1.34;1.05
madrona;60;1789190095;nvme0n1p1;25.57;928.40;75.00;0.00;39.25;0.03;1.34;1.12
madrona;60;1789190095;nvme0n1p14;0.00;0.00;0.00;0.00;0.00;0.00;0.00;0.00
madrona;60;1789190095;nvme0n1p15;0.00;0.00;0.00;0.00;0.00;0.00;0.00;0.00
madrona;60;1789190095;nvme7n1;1523.92;14752.93;459.13;0.00;9.98;2.29;1.50;51.65
madrona;60;1789190095;nvme2n1;1554.85;14651.67;469.40;0.00;9.73;2.40;1.55;51.95
madrona;60;1789190095;nvme12n1;1507.48;14486.20;278.60;0.00;9.79;2.50;1.66;51.59
madrona;60;1789190095;nvme17n1;1532.13;14545.33;276.00;0.00;9.67;2.35;1.54;52.33
madrona;60;1789190095;nvme11n1;1531.40;14474.73;532.13;0.00;9.80;2.42;1.58;53.31
madrona;60;1789190095;nvme1n1;1525.03;14054.47;284.53;0.00;9.40;2.31;1.51;51.70
madrona;60;1789190095;nvme16n1;1554.38;14463.27;264.87;0.00;9.48;2.41;1.55;52.48
madrona;60;1789190095;nvme15n1;1548.42;14149.27;332.73;0.00;9.35;2.48;1.60;51.41
madrona;60;1789190095;nvme5n1;1519.62;14362.00;556.13;0.00;9.82;2.31;1.52;51.43
madrona;60;1789190095;nvme20n1;1527.78;14506.80;462.73;0.00;9.80;2.34;1.53;51.03
madrona;60;1789190095;nvme6n1;1562.50;14919.13;620.20;0.00;9.95;2.57;1.65;54.92
madrona;60;1789190095;nvme19n1;1531.88;14304.47;266.00;0.00;9.51;2.45;1.60;51.77
madrona;60;1789190095;nvme24n1;1562.92;14511.67;584.00;0.00;9.66;2.53;1.62;52.43
madrona;60;1789190095;nvme22n1;1535.83;14788.67;401.87;0.00;9.89;2.50;1.63;51.97
madrona;60;1789190095;nvme25n1;1544.03;14769.00;611.87;0.00;9.96;2.40;1.55;51.66
madrona;60;1789190095;nvme23n1;1535.60;14488.80;384.27;0.00;9.69;2.40;1.56;51.67
madrona;60;1789190095;nvme26n1;1576.08;14962.73;647.53;0.00;9.90;2.52;1.60;52.38
madrona;60;1789190095;nvme18n1;1526.07;14316.93;268.00;0.00;9.56;2.36;1.55;51.17
madrona;60;1789190095;nvme21n1;1540.55;14350.60;577.27;0.00;9.69;2.51;1.63;52.79
madrona;60;1789190095;nvme10n1;1532.03;14697.93;486.60;0.00;9.91;2.44;1.59;51.41
madrona;60;1789190095;vg_data-lv_stripe;40020.70;379411.47;11479.40;0.00;9.77;63.38;1.58;99.99
madrona;60;1789190155;nvme8n1;1263.30;13549.07;454.33;0.00;11.08;2.92;2.31;35.92
madrona;60;1789190155;nvme4n1;1243.18;13546.93;352.73;0.00;11.18;2.81;2.26;34.92
madrona;60;1789190155;nvme9n1;1263.13;13500.00;456.60;0.00;11.05;2.91;2.30;35.73
madrona;60;1789190155;nvme13n1;1249.27;13344.67;662.07;0.00;11.21;2.63;2.10;35.29
madrona;60;1789190155;nvme14n1;1244.75;13240.60;474.47;0.00;11.02;2.79;2.24;36.41
madrona;60;1789190155;nvme3n1;1248.73;13390.93;364.00;0.00;11.02;2.77;2.22;35.72
madrona;60;1789190155;nvme0n1;5.88;86.60;48.00;0.00;22.88;0.01;1.63;0.18
madrona;60;1789190155;nvme0n1p1;5.88;86.60;48.00;0.00;22.88;0.01;1.63;0.19
madrona;60;1789190155;nvme0n1p14;0.00;0.00;0.00;0.00;0.00;0.00;0.00;0.00
madrona;60;1789190155;nvme0n1p15;0.00;0.00;0.00;0.00;0.00;0.00;0.00;0.00
madrona;60;1789190155;nvme7n1;1263.98;13610.00;604.60;0.00;11.25;2.78;2.20;35.99
madrona;60;1789190155;nvme2n1;1271.33;13346.73;386.40;0.00;10.80;2.89;2.27;34.81
madrona;60;1789190155;nvme12n1;1249.17;13864.40;570.53;0.00;11.56;2.78;2.23;35.23
madrona;60;1789190155;nvme17n1;1253.07;13449.40;739.33;0.00;11.32;2.92;2.33;35.73
madrona;60;1789190155;nvme11n1;1239.88;13166.40;608.87;0.00;11.11;2.75;2.22;35.63
madrona;60;1789190155;nvme1n1;1243.37;12874.33;398.67;0.00;10.68;2.58;2.07;34.81
madrona;60;1789190155;nvme16n1;1269.28;13347.67;674.73;0.00;11.05;3.07;2.42;36.33
madrona;60;1789190155;nvme15n1;1260.42;13222.33;768.33;0.00;11.10;2.84;2.25;36.79
madrona;60;1789190155;nvme5n1;1266.22;13610.67;552.33;0.00;11.19;2.93;2.31;35.02
madrona;60;1789190155;nvme20n1;1242.30;13339.87;496.60;0.00;11.14;2.94;2.36;36.19
madrona;60;1789190155;nvme6n1;1270.95;13430.73;572.67;0.00;11.02;2.96;2.33;36.85
madrona;60;1789190155;nvme19n1;1250.73;13298.87;460.80;0.00;11.00;2.67;2.13;35.52
madrona;60;1789190155;nvme24n1;1259.72;13501.07;636.47;0.00;11.22;2.86;2.27;35.41
madrona;60;1789190155;nvme22n1;1251.08;13292.40;590.87;0.00;11.10;2.63;2.11;35.43
madrona;60;1789190155;nvme25n1;1241.78;13364.07;564.27;0.00;11.22;2.59;2.09;36.13
madrona;60;1789190155;nvme23n1;1255.45;13122.07;502.87;0.00;10.85;2.91;2.32;35.89
madrona;60;1789190155;nvme26n1;1256.25;13614.07;578.93;0.00;11.30;2.73;2.17;36.59
madrona;60;1789190155;nvme18n1;1249.55;13001.73;643.67;0.00;10.92;2.66;2.13;36.08
madrona;60;1789190155;nvme21n1;1242.53;13270.80;529.40;0.00;11.11;3.00;2.42;36.26
madrona;60;1789190155;nvme10n1;1247.25;13377.00;381.20;0.00;11.03;2.60;2.08;34.65
madrona;60;1789190155;vg_data-lv_stripe;32598.83;347675.13;14025.73;0.00;11.10;72.70;2.23;99.62
madrona;60;1789190215;nvme8n1;1022.65;12115.33;660.20;0.00;12.49;0.81;0.79;30.19
madrona;60;1789190215;nvme4n1;1016.00;12120.60;720.20;0.00;12.64;0.81;0.80;29.42
madrona;60;1789190215;nvme9n1;1030.53;12462.53;769.87;0.00;12.84;0.81;0.79;30.15
madrona;60;1789190215;nvme13n1;1025.23;11973.07;792.07;0.00;12.45;0.82;0.80;30.55
madrona;60;1789190215;nvme14n1;1029.37;12194.40;794.80;0.00;12.62;0.81;0.79;30.36
madrona;60;1789190215;nvme3n1;1031.98;12591.93;585.13;0.00;12.77;0.80;0.78;31.05
madrona;60;1789190215;nvme0n1;4.60;18.67;44.67;0.00;13.77;0.00;0.86;0.08
madrona;60;1789190215;nvme0n1p1;4.60;18.67;44.67;0.00;13.77;0.00;0.86;0.09
madrona;60;1789190215;nvme0n1p14;0.00;0.00;0.00;0.00;0.00;0.00;0.00;0.00
madrona;60;1789190215;nvme0n1p15;0.00;0.00;0.00;0.00;0.00;0.00;0.00;0.00
madrona;60;1789190215;nvme7n1;1052.45;12415.93;915.13;0.00;12.67;0.83;0.79;31.55
madrona;60;1789190215;nvme2n1;1042.42;12453.53;626.33;0.00;12.55;0.81;0.78;29.65
madrona;60;1789190215;nvme12n1;1008.18;11822.33;700.80;0.00;12.42;0.78;0.77;30.81
madrona;60;1789190215;nvme17n1;1004.43;12165.87;699.13;0.00;12.81;0.78;0.77;30.04
madrona;60;1789190215;nvme11n1;1025.97;12117.87;814.27;0.00;12.60;0.82;0.80;30.11
madrona;60;1789190215;nvme1n1;1010.20;12082.93;631.93;0.00;12.59;0.77;0.76;29.03
madrona;60;1789190215;nvme16n1;1034.57;12489.60;791.20;0.00;12.84;0.79;0.76;29.50
madrona;60;1789190215;nvme15n1;1021.32;12588.87;622.00;0.00;12.94;0.79;0.77;29.47
madrona;60;1789190215;nvme5n1;1042.03;12267.13;863.07;0.00;12.60;0.82;0.79;29.86
madrona;60;1789190215;nvme20n1;1022.03;12496.27;883.93;0.00;13.09;0.81;0.80;31.18
madrona;60;1789190215;nvme6n1;1036.78;12544.93;743.40;0.00;12.82;0.81;0.78;30.91
madrona;60;1789190215;nvme19n1;1017.22;12029.73;614.80;0.00;12.43;0.77;0.76;29.95
madrona;60;1789190215;nvme24n1;1028.12;12464.00;718.67;0.00;12.82;0.81;0.79;30.42
madrona;60;1789190215;nvme22n1;1022.07;11906.67;738.80;0.00;12.37;0.78;0.77;30.45
madrona;60;1789190215;nvme25n1;995.58;11741.20;669.60;0.00;12.47;0.80;0.81;30.15
madrona;60;1789190215;nvme23n1;1016.75;11744.40;692.87;0.00;12.23;0.79;0.78;30.19
madrona;60;1789190215;nvme26n1;1021.22;12608.53;697.67;0.00;13.03;0.79;0.77;31.31
madrona;60;1789190215;nvme18n1;1010.53;11974.20;605.33;0.00;12.45;0.77;0.76;29.69
madrona;60;1789190215;nvme21n1;1018.65;12160.87;919.07;0.00;12.84;0.82;0.80;30.94
madrona;60;1789190215;nvme10n1;1018.55;11942.47;677.40;0.00;12.39;0.80;0.79;28.89
madrona;60;1789190215;vg_data-lv_stripe;26606.92;317477.67;18947.67;0.00;12.64;20.58;0.77;99.68
madrona;60;1789190275;nvme8n1;1203.75;13375.53;518.07;0.00;11.54;2.27;1.89;38.99
madrona;60;1789190275;nvme4n1;1206.82;13435.00;507.13;0.00;11.55;2.30;1.90;39.30
madrona;60;1789190275;nvme9n1;1202.45;13475.47;529.00;0.00;11.65;2.24;1.87;38.69
madrona;60;1789190275;nvme13n1;1186.20;13041.00;643.20;0.00;11.54;2.21;1.86;38.89
madrona;60;1789190275;nvme14n1;1184.97;13235.53;645.53;0.00;11.71;2.21;1.86;38.57
madrona;60;1789190275;nvme3n1;1200.60;13306.27;440.80;0.00;11.45;2.19;1.82;38.31
madrona;60;1789190275;nvme0n1;5.57;22.93;55.47;0.00;14.08;0.01;1.39;0.15
madrona;60;1789190275;nvme0n1p1;5.57;22.93;55.47;0.00;14.08;0.01;1.39;0.16
madrona;60;1789190275;nvme0n1p14;0.00;0.00;0.00;0.00;0.00;0.00;0.00;0.00
madrona;60;1789190275;nvme0n1p15;0.00;0.00;0.00;0.00;0.00;0.00;0.00;0.00
madrona;60;1789190275;nvme7n1;1201.02;13229.73;493.93;0.00;11.43;2.12;1.77;38.46
madrona;60;1789190275;nvme2n1;1217.45;12990.00;665.87;0.00;11.22;2.21;1.82;39.83
madrona;60;1789190275;nvme12n1;1187.17;13408.60;620.13;0.00;11.82;2.22;1.87;38.45
madrona;60;1789190275;nvme17n1;1173.87;12552.93;549.67;0.00;11.16;2.13;1.82;38.23
madrona;60;1789190275;nvme11n1;1190.97;12965.80;407.13;0.00;11.23;2.15;1.81;38.14
madrona;60;1789190275;nvme1n1;1202.10;12706.93;844.00;0.00;11.27;2.24;1.87;39.04
madrona;60;1789190275;nvme16n1;1196.27;12865.87;572.20;0.00;11.23;2.24;1.87;38.45
madrona;60;1789190275;nvme15n1;1192.97;13039.07;592.73;0.00;11.43;2.18;1.83;38.21
madrona;60;1789190275;nvme5n1;1200.78;13278.53;460.27;0.00;11.44;2.16;1.80;37.61
madrona;60;1789190275;nvme20n1;1179.13;12859.00;516.40;0.00;11.34;2.10;1.78;39.55
madrona;60;1789190275;nvme6n1;1198.22;13243.60;442.27;0.00;11.42;2.33;1.94;39.29
madrona;60;1789190275;nvme19n1;1198.45;13169.40;609.73;0.00;11.50;2.25;1.87;38.49
madrona;60;1789190275;nvme24n1;1201.85;13261.20;807.00;0.00;11.71;2.23;1.85;38.67
madrona;60;1789190275;nvme22n1;1197.65;12988.33;589.60;0.00;11.34;2.31;1.93;38.12
madrona;60;1789190275;nvme25n1;1174.63;13039.00;740.93;0.00;11.73;2.22;1.89;39.49
madrona;60;1789190275;nvme23n1;1184.53;13293.73;492.33;0.00;11.64;2.19;1.85;38.26
madrona;60;1789190275;nvme26n1;1207.23;13323.00;887.67;0.00;11.77;2.33;1.93;39.59
madrona;60;1789190275;nvme18n1;1192.07;12806.93;620.20;0.00;11.26;2.14;1.80;38.67
madrona;60;1789190275;nvme21n1;1186.45;12732.73;691.53;0.00;11.31;2.19;1.84;39.53
madrona;60;1789190275;nvme10n1;1202.65;13332.73;532.53;0.00;11.53;2.23;1.86;38.20
madrona;60;1789190275;vg_data-lv_stripe;31071.70;340954.00;15419.87;0.00;11.47;57.45;1.85;99.65
madrona;60;1789190335;nvme8n1;1130.55;13379.60;791.47;0.00;12.53;1.01;0.89;32.13
madrona;60;1789190335;nvme4n1;1133.35;13567.60;710.07;0.00;12.60;1.02;0.90;32.79
madrona;60;1789190335;nvme9n1;1135.28;13495.53;806.67;0.00;12.60;1.00;0.88;32.31
madrona;60;1789190335;nvme13n1;1113.32;13176.80;579.20;0.00;12.36;0.99;0.89;31.27
madrona;60;1789190335;nvme14n1;1108.67;13344.80;668.80;0.00;12.64;1.00;0.90;32.64
madrona;60;1789190335;nvme3n1;1135.90;13354.53;729.73;0.00;12.40;1.04;0.92;34.00
madrona;60;1789190335;nvme0n1;11.25;119.33;71.93;0.00;17.00;0.01;1.00;0.25
madrona;60;1789190335;nvme0n1p1;11.25;119.33;71.93;0.00;17.00;0.01;1.00;0.26
madrona;60;1789190335;nvme0n1p14;0.00;0.00;0.00;0.00;0.00;0.00;0.00;0.00
madrona;60;1789190335;nvme0n1p15;0.00;0.00;0.00;0.00;0.00;0.00;0.00;0.00
madrona;60;1789190335;nvme7n1;1147.58;13858.13;686.13;0.00;12.67;1.05;0.91;33.04
madrona;60;1789190335;nvme2n1;1142.63;13444.53;651.80;0.00;12.34;1.06;0.93;33.03
madrona;60;1789190335;nvme12n1;1121.92;13619.73;668.53;0.00;12.74;1.02;0.91;31.51
madrona;60;1789190335;nvme17n1;1110.33;13474.87;658.07;0.00;12.73;0.96;0.87;30.72
madrona;60;1789190335;nvme11n1;1127.12;14063.67;770.47;0.00;13.16;1.03;0.91;31.07
madrona;60;1789190335;nvme1n1;1129.23;13132.93;840.13;0.00;12.37;1.03;0.92;32.57
madrona;60;1789190335;nvme16n1;1135.83;13795.13;547.20;0.00;12.63;1.04;0.91;31.65
madrona;60;1789190335;nvme15n1;1121.40;13415.67;448.33;0.00;12.36;1.05;0.93;32.60
madrona;60;1789190335;nvme5n1;1138.97;13593.20;571.47;0.00;12.44;1.05;0.93;31.38
madrona;60;1789190335;nvme20n1;1118.18;13436.47;778.93;0.00;12.71;0.98;0.88;33.59
madrona;60;1789190335;nvme6n1;1134.48;14035.93;478.40;0.00;12.79;1.05;0.92;33.12
madrona;60;1789190335;nvme19n1;1127.20;13356.00;656.13;0.00;12.43;1.04;0.92;32.49
madrona;60;1789190335;nvme24n1;1119.92;13454.47;507.27;0.00;12.47;1.06;0.95;31.51
madrona;60;1789190335;nvme22n1;1124.12;13445.87;614.07;0.00;12.51;1.01;0.90;31.97
madrona;60;1789190335;nvme25n1;1100.70;13075.33;665.13;0.00;12.48;1.01;0.92;32.47
madrona;60;1789190335;nvme23n1;1104.87;13260.87;759.20;0.00;12.69;0.97;0.88;32.35
madrona;60;1789190335;nvme26n1;1118.60;13385.60;483.47;0.00;12.40;1.03;0.92;31.89
madrona;60;1789190335;nvme18n1;1111.67;13190.33;637.80;0.00;12.44;0.99;0.89;32.27
madrona;60;1789190335;nvme21n1;1113.90;13124.13;731.93;0.00;12.44;1.01;0.90;32.38
madrona;60;1789190335;nvme10n1;1139.53;13709.53;818.20;0.00;12.75;1.06;0.93;31.61
madrona;60;1789190335;vg_data-lv_stripe;29247.17;350193.93;17258.60;0.00;12.56;26.52;0.91;99.73
madrona;60;1789190395;nvme8n1;1099.83;12715.20;731.07;0.00;12.23;1.91;1.74;37.41
madrona;60;1789190395;nvme4n1;1075.40;12018.27;689.80;0.00;11.82;1.76;1.64;36.27
madrona;60;1789190395;nvme9n1;1083.62;12564.60;718.33;0.00;12.26;1.80;1.66;35.50
madrona;60;1789190395;nvme13n1;1090.15;12671.93;950.00;0.00;12.50;1.73;1.58;36.61
madrona;60;1789190395;nvme14n1;1079.10;12765.67;826.80;0.00;12.60;1.69;1.56;36.35
madrona;60;1789190395;nvme3n1;1082.45;12079.20;740.13;0.00;11.84;1.74;1.61;36.22
madrona;60;1789190395;nvme0n1;8.47;3.93;74.33;0.00;9.24;0.01;1.46;0.17
madrona;60;1789190395;nvme0n1p1;8.47;3.93;74.33;0.00;9.24;0.01;1.46;0.19
madrona;60;1789190395;nvme0n1p14;0.00;0.00;0.00;0.00;0.00;0.00;0.00;0.00
madrona;60;1789190395;nvme0n1p15;0.00;0.00;0.00;0.00;0.00;0.00;0.00;0.00
madrona;60;1789190395;nvme7n1;1088.02;12566.27;516.40;0.00;12.02;1.81;1.66;36.00
madrona;60;1789190395;nvme2n1;1098.97;12212.40;822.80;0.00;11.86;1.74;1.58;36.94
madrona;60;1789190395;nvme12n1;1070.95;12394.87;765.20;0.00;12.29;1.76;1.65;35.81
madrona;60;1789190395;nvme17n1;1060.68;12096.20;478.93;0.00;11.86;1.70;1.60;35.17
madrona;60;1789190395;nvme11n1;1075.88;12545.60;520.13;0.00;12.14;1.78;1.65;35.98
madrona;60;1789190395;nvme1n1;1068.67;12056.20;587.67;0.00;11.83;1.68;1.57;35.60
madrona;60;1789190395;nvme16n1;1075.52;12270.27;507.87;0.00;11.88;1.72;1.60;34.79
madrona;60;1789190395;nvme15n1;1079.68;12598.73;524.73;0.00;12.15;1.77;1.64;35.38
madrona;60;1789190395;nvme5n1;1083.90;12404.87;480.60;0.00;11.89;1.77;1.63;36.00
madrona;60;1789190395;nvme20n1;1069.67;12334.80;452.40;0.00;11.95;1.84;1.72;37.04
madrona;60;1789190395;nvme6n1;1084.40;12331.27;643.93;0.00;11.97;1.81;1.67;37.07
madrona;60;1789190395;nvme19n1;1067.00;12272.47;552.53;0.00;12.02;1.67;1.56;36.43
madrona;60;1789190395;nvme24n1;1073.68;12703.40;589.47;0.00;12.38;1.75;1.63;35.95
madrona;60;1789190395;nvme22n1;1072.68;12280.73;768.53;0.00;12.17;1.70;1.59;35.84
madrona;60;1789190395;nvme25n1;1038.10;11724.53;384.07;0.00;11.66;1.66;1.60;34.55
madrona;60;1789190395;nvme23n1;1084.92;12498.80;682.67;0.00;12.15;1.90;1.75;36.41
madrona;60;1789190395;nvme26n1;1078.43;12491.00;413.07;0.00;11.97;1.77;1.64;36.21
madrona;60;1789190395;nvme18n1;1062.48;12181.67;453.20;0.00;11.89;1.64;1.54;36.06
madrona;60;1789190395;nvme21n1;1063.15;12092.33;381.80;0.00;11.73;1.78;1.67;36.19
madrona;60;1789190395;nvme10n1;1075.23;12596.40;561.73;0.00;12.24;1.79;1.66;35.63
madrona;60;1789190395;vg_data-lv_stripe;27983.52;321465.00;15744.67;0.00;12.05;45.54;1.63;99.43
madrona;60;1789190455;nvme8n1;1065.90;12399.00;624.87;0.00;12.22;0.98;0.92;33.47
madrona;60;1789190455;nvme4n1;1062.52;12251.73;858.80;0.00;12.34;0.94;0.89;32.79
madrona;60;1789190455;nvme9n1;1052.08;12300.73;625.47;0.00;12.29;0.91;0.87;31.95
madrona;60;1789190455;nvme13n1;1047.60;12216.67;842.87;0.00;12.47;0.90;0.86;32.16
madrona;60;1789190455;nvme14n1;1049.78;12109.27;924.87;0.00;12.42;0.92;0.88;32.60
madrona;60;1789190455;nvme3n1;1066.03;12807.07;779.27;0.00;12.74;0.94;0.88;33.24
madrona;60;1789190455;nvme0n1;8.03;4.87;73.93;0.00;9.81;0.01;1.17;0.17
madrona;60;1789190455;nvme0n1p1;8.03;4.87;73.93;0.00;9.81;0.01;1.17;0.18
madrona;60;1789190455;nvme0n1p14;0.00;0.00;0.00;0.00;0.00;0.00;0.00;0.00
madrona;60;1789190455;nvme0n1p15;0.00;0.00;0.00;0.00;0.00;0.00;0.00;0.00
madrona;60;1789190455;nvme7n1;1075.07;12719.67;775.20;0.00;12.55;0.95;0.88;32.91
madrona;60;1789190455;nvme2n1;1081.15;12313.93;905.73;0.00;12.23;0.96;0.89;33.21
madrona;60;1789190455;nvme12n1;1046.80;12086.40;738.53;0.00;12.25;0.90;0.86;32.09
madrona;60;1789190455;nvme17n1;1038.45;12129.60;568.27;0.00;12.23;0.91;0.88;30.91
madrona;60;1789190455;nvme11n1;1048.18;12078.47;698.80;0.00;12.19;0.94;0.89;32.37
madrona;60;1789190455;nvme1n1;1051.42;12279.07;753.60;0.00;12.40;1.01;0.96;31.74
madrona;60;1789190455;nvme16n1;1054.15;12519.73;490.33;0.00;12.34;0.94;0.90;30.87
madrona;60;1789190455;nvme15n1;1057.37;12530.47;420.60;0.00;12.25;0.94;0.89;32.05
madrona;60;1789190455;nvme5n1;1067.52;12794.47;710.60;0.00;12.65;0.91;0.85;32.28
madrona;60;1789190455;nvme20n1;1054.37;12141.87;625.07;0.00;12.11;0.91;0.86;32.48
madrona;60;1789190455;nvme6n1;1066.98;12516.67;909.80;0.00;12.58;0.92;0.86;32.21
madrona;60;1789190455;nvme19n1;1056.45;12453.00;819.40;0.00;12.56;0.98;0.93;33.56
madrona;60;1789190455;nvme24n1;1055.13;12463.20;483.27;0.00;12.27;0.89;0.84;31.33
madrona;60;1789190455;nvme22n1;1062.78;12475.73;928.47;0.00;12.61;0.92;0.87;32.33
madrona;60;1789190455;nvme25n1;1026.23;11748.93;553.60;0.00;11.99;0.85;0.83;32.21
madrona;60;1789190455;nvme23n1;1045.52;12223.07;655.27;0.00;12.32;0.90;0.86;31.95
madrona;60;1789190455;nvme26n1;1057.98;12052.67;577.13;0.00;11.94;0.90;0.85;32.32
madrona;60;1789190455;nvme18n1;1058.22;12485.47;719.33;0.00;12.48;0.98;0.93;32.89
madrona;60;1789190455;nvme21n1;1057.92;12440.20;559.47;0.00;12.29;0.92;0.87;32.42
madrona;60;1789190455;nvme10n1;1061.22;12471.47;735.33;0.00;12.44;0.93;0.87;33.12
madrona;60;1789190455;vg_data-lv_stripe;27467.87;321009.80;18283.13;0.00;12.35;23.93;0.87;99.73
madrona;60;1789190515;nvme8n1;874.15;10544.53;565.60;0.00;12.71;1.25;1.43;29.52
madrona;60;1789190515;nvme4n1;856.40;10686.40;556.47;0.00;13.13;1.13;1.32;28.17
madrona;60;1789190515;nvme9n1;890.28;10728.20;668.80;0.00;12.80;1.30;1.46;29.85
madrona;60;1789190515;nvme13n1;884.18;10486.60;808.47;0.00;12.77;1.27;1.43;30.64
madrona;60;1789190515;nvme14n1;873.37;10300.20;582.67;0.00;12.46;1.23;1.41;29.73
madrona;60;1789190515;nvme3n1;880.22;10590.13;475.87;0.00;12.57;1.18;1.34;29.56
madrona;60;1789190515;nvme0n1;11.70;131.60;79.07;0.00;18.01;0.01;1.22;0.22
madrona;60;1789190515;nvme0n1p1;11.70;131.60;79.07;0.00;18.01;0.01;1.22;0.23
madrona;60;1789190515;nvme0n1p14;0.00;0.00;0.00;0.00;0.00;0.00;0.00;0.00
madrona;60;1789190515;nvme0n1p15;0.00;0.00;0.00;0.00;0.00;0.00;0.00;0.00
madrona;60;1789190515;nvme7n1;888.15;10380.00;561.07;0.00;12.32;1.21;1.36;29.29
madrona;60;1789190515;nvme2n1;892.63;10487.13;698.47;0.00;12.53;1.22;1.37;29.91
madrona;60;1789190515;nvme12n1;873.47;10455.07;747.93;0.00;12.83;1.21;1.38;29.54
madrona;60;1789190515;nvme17n1;864.35;10776.13;725.13;0.00;13.31;1.20;1.39;28.86
madrona;60;1789190515;nvme11n1;863.40;10289.00;552.80;0.00;12.56;1.20;1.39;28.80
madrona;60;1789190515;nvme1n1;853.45;10037.07;609.60;0.00;12.47;1.15;1.35;28.25
madrona;60;1789190515;nvme16n1;878.08;10737.40;766.60;0.00;13.10;1.20;1.37;29.72
madrona;60;1789190515;nvme15n1;875.33;10636.20;725.53;0.00;12.98;1.22;1.40;30.03
madrona;60;1789190515;nvme5n1;882.37;10550.20;496.53;0.00;12.52;1.28;1.45;28.85
madrona;60;1789190515;nvme20n1;872.00;10602.33;644.27;0.00;12.90;1.19;1.36;31.15
madrona;60;1789190515;nvme6n1;872.42;10590.80;492.13;0.00;12.70;1.23;1.40;29.37
madrona;60;1789190515;nvme19n1;867.15;10573.93;596.80;0.00;12.88;1.17;1.35;28.55
madrona;60;1789190515;nvme24n1;878.58;10425.67;810.13;0.00;12.79;1.21;1.38;30.05
madrona;60;1789190515;nvme22n1;884.80;10325.07;771.33;0.00;12.54;1.26;1.43;29.93
madrona;60;1789190515;nvme25n1;850.03;10654.33;560.27;0.00;13.19;1.26;1.48;28.56
madrona;60;1789190515;nvme23n1;849.67;10146.67;510.33;0.00;12.54;1.21;1.42;29.40
madrona;60;1789190515;nvme26n1;868.48;10560.73;644.80;0.00;12.90;1.23;1.42;30.17
madrona;60;1789190515;nvme18n1;865.03;10437.87;584.73;0.00;12.74;1.22;1.41;28.97
madrona;60;1789190515;nvme21n1;875.77;10121.20;775.47;0.00;12.44;1.18;1.35;29.53
madrona;60;1789190515;nvme10n1;879.53;10441.67;505.87;0.00;12.45;1.18;1.34;29.04
madrona;60;1789190515;vg_data-lv_stripe;22694.15;272562.73;16437.67;0.00;12.73;31.39;1.38;99.07
madrona;60;1789190575;nvme8n1;1605.60;15021.20;254.53;0.00;9.51;3.47;2.16;54.63
madrona;60;1789190575;nvme4n1;1595.20;14716.40;507.27;0.00;9.54;3.30;2.07;54.28
madrona;60;1789190575;nvme9n1;1600.98;15234.53;267.60;0.00;9.68;3.31;2.06;53.34
madrona;60;1789190575;nvme13n1;1563.63;14735.47;296.40;0.00;9.61;3.25;2.08;52.60
madrona;60;1789190575;nvme14n1;1571.82;14834.27;357.60;0.00;9.67;3.21;2.04;52.83
madrona;60;1789190575;nvme3n1;1590.85;14578.73;786.93;0.00;9.66;3.27;2.06;54.23
madrona;60;1789190575;nvme0n1;8.12;3.60;60.87;0.00;7.94;0.02;1.94;0.20
madrona;60;1789190575;nvme0n1p1;8.12;3.60;60.87;0.00;7.94;0.02;1.94;0.21
madrona;60;1789190575;nvme0n1p14;0.00;0.00;0.00;0.00;0.00;0.00;0.00;0.00
madrona;60;1789190575;nvme0n1p15;0.00;0.00;0.00;0.00;0.00;0.00;0.00;0.00
madrona;60;1789190575;nvme7n1;1583.05;15008.07;396.20;0.00;9.73;3.43;2.16;52.87
madrona;60;1789190575;nvme2n1;1622.83;15179.60;834.87;0.00;9.87;3.39;2.09;54.69
madrona;60;1789190575;nvme12n1;1540.02;14457.00;261.87;0.00;9.56;3.06;1.99;51.85
madrona;60;1789190575;nvme17n1;1572.35;14519.13;564.87;0.00;9.59;3.21;2.04;53.41
madrona;60;1789190575;nvme11n1;1575.83;14705.07;409.20;0.00;9.59;3.33;2.11;54.60
madrona;60;1789190575;nvme1n1;1595.00;14793.27;752.87;0.00;9.75;3.47;2.18;53.99
madrona;60;1789190575;nvme16n1;1603.33;15102.20;453.00;0.00;9.70;3.30;2.06;53.91
madrona;60;1789190575;nvme15n1;1601.18;15249.87;340.53;0.00;9.74;3.34;2.08;53.70
madrona;60;1789190575;nvme5n1;1584.47;14649.33;449.40;0.00;9.53;3.24;2.04;52.92
madrona;60;1789190575;nvme20n1;1570.12;14751.93;491.33;0.00;9.71;3.22;2.05;52.38
madrona;60;1789190575;nvme6n1;1614.33;15070.00;430.27;0.00;9.60;3.54;2.19;55.69
madrona;60;1789190575;nvme19n1;1588.17;14875.93;727.60;0.00;9.82;3.37;2.12;53.37
madrona;60;1789190575;nvme24n1;1595.40;14919.53;395.20;0.00;9.60;3.38;2.12;53.57
madrona;60;1789190575;nvme22n1;1573.27;15117.27;423.07;0.00;9.88;3.40;2.16;53.89
madrona;60;1789190575;nvme25n1;1561.70;14520.13;353.87;0.00;9.52;3.36;2.15;52.75
madrona;60;1789190575;nvme23n1;1586.13;15237.73;460.60;0.00;9.90;3.32;2.10;53.24
madrona;60;1789190575;nvme26n1;1592.02;14620.73;319.33;0.00;9.38;3.27;2.06;53.55
madrona;60;1789190575;nvme18n1;1583.92;14739.20;541.67;0.00;9.65;3.29;2.08;53.56
madrona;60;1789190575;nvme21n1;1577.33;14970.33;446.13;0.00;9.77;3.35;2.13;53.62
madrona;60;1789190575;nvme10n1;1583.90;14971.60;376.93;0.00;9.69;3.24;2.05;53.79
madrona;60;1789190575;vg_data-lv_stripe;41233.38;386580.27;11899.13;0.00;9.66;86.37;2.09;100.00
madrona;60;1789190635;nvme8n1;1231.58;13918.55;439.79;0.00;11.66;2.55;2.07;34.23
madrona;60;1789190635;nvme4n1;1210.91;13693.85;437.59;0.00;11.67;2.37;1.96;34.03
madrona;60;1789190635;nvme9n1;1230.99;13492.95;562.11;0.00;11.42;2.51;2.04;34.81
madrona;60;1789190635;nvme13n1;1218.40;13505.55;661.09;0.00;11.63;2.39;1.96;35.71
madrona;60;1789190635;nvme14n1;1218.60;13373.70;738.81;0.00;11.58;2.27;1.86;35.06
madrona;60;1789190635;nvme3n1;1212.08;13334.84;448.66;0.00;11.37;2.27;1.88;34.55
madrona;60;1789190635;nvme0n1;7.17;5.20;66.12;0.00;9.95;0.01;1.33;0.12
madrona;60;1789190635;nvme0n1p1;7.17;5.20;66.12;0.00;9.95;0.01;1.33;0.13
madrona;60;1789190635;nvme0n1p14;0.00;0.00;0.00;0.00;0.00;0.00;0.00;0.00
madrona;60;1789190635;nvme0n1p15;0.00;0.00;0.00;0.00;0.00;0.00;0.00;0.00
madrona;60;1789190635;nvme7n1;1222.20;13893.82;498.72;0.00;11.78;2.33;1.91;33.53
madrona;60;1789190635;nvme2n1;1230.56;13358.44;554.04;0.00;11.31;2.36;1.92;34.92
madrona;60;1789190635;nvme12n1;1205.77;13312.85;541.04;0.00;11.49;2.30;1.91;34.19
madrona;60;1789190635;nvme17n1;1213.23;13411.50;656.76;0.00;11.60;2.35;1.94;35.20
madrona;60;1789190635;nvme11n1;1204.43;13238.53;488.05;0.00;11.40;2.32;1.93;33.23
madrona;60;1789190635;nvme1n1;1206.93;12959.84;666.49;0.00;11.29;2.49;2.06;34.10
madrona;60;1789190635;nvme16n1;1219.58;13405.37;478.72;0.00;11.38;2.45;2.01;35.11
madrona;60;1789190635;nvme15n1;1210.46;13534.88;431.73;0.00;11.54;2.21;1.83;35.06
madrona;60;1789190635;nvme5n1;1214.76;13543.68;369.74;0.00;11.45;2.21;1.82;34.07
madrona;60;1789190635;nvme20n1;1218.40;13369.11;773.67;0.00;11.61;2.54;2.08;36.31
madrona;60;1789190635;nvme6n1;1224.68;13509.95;392.40;0.00;11.35;2.22;1.81;34.84
madrona;60;1789190635;nvme19n1;1221.96;13278.99;646.83;0.00;11.40;2.30;1.89;35.01
madrona;60;1789190635;nvme24n1;1215.43;13402.90;420.53;0.00;11.37;2.23;1.83;34.55
madrona;60;1789190635;nvme22n1;1213.91;12918.58;711.28;0.00;11.23;2.51;2.06;34.84
madrona;60;1789190635;nvme25n1;1193.20;13093.28;641.56;0.00;11.51;2.23;1.87;34.80
madrona;60;1789190635;nvme23n1;1215.86;12874.59;921.45;0.00;11.35;2.30;1.89;35.49
madrona;60;1789190635;nvme26n1;1213.60;13497.75;372.27;0.00;11.43;2.29;1.89;34.78
madrona;60;1789190635;nvme18n1;1210.05;13000.43;623.10;0.00;11.26;2.29;1.89;35.16
madrona;60;1789190635;nvme21n1;1211.68;12830.19;684.22;0.00;11.15;2.35;1.94;35.25
madrona;60;1789190635;nvme10n1;1220.23;13594.93;561.24;0.00;11.60;2.24;1.83;34.77
madrona;60;1789190635;vg_data-lv_stripe;31610.63;347350.11;14721.88;0.00;11.45;60.84;1.92;99.48
madrona;60;1789190695;nvme8n1;1081.32;12860.40;791.60;0.00;12.63;0.80;0.74;31.08
madrona;60;1789190695;nvme4n1;1048.62;12573.80;592.47;0.00;12.56;0.79;0.75;30.17
madrona;60;1789190695;nvme9n1;1074.17;12819.73;782.80;0.00;12.66;0.81;0.75;30.93
madrona;60;1789190695;nvme13n1;1059.50;12317.27;942.80;0.00;12.52;0.79;0.74;31.30
madrona;60;1789190695;nvme14n1;1043.43;12234.07;712.27;0.00;12.41;0.77;0.74;30.82
madrona;60;1789190695;nvme3n1;1053.43;12853.07;498.33;0.00;12.67;0.78;0.74;30.44
madrona;60;1789190695;nvme0n1;10.43;134.33;75.53;0.00;20.12;0.01;1.03;0.26
madrona;60;1789190695;nvme0n1p1;10.43;134.33;75.53;0.00;20.12;0.01;1.02;0.27
madrona;60;1789190695;nvme0n1p14;0.00;0.00;0.00;0.00;0.00;0.00;0.00;0.00
madrona;60;1789190695;nvme0n1p15;0.00;0.00;0.00;0.00;0.00;0.00;0.00;0.00
madrona;60;1789190695;nvme7n1;1076.23;12708.00;766.67;0.00;12.52;0.80;0.74;31.30
madrona;60;1789190695;nvme2n1;1075.25;12542.47;634.13;0.00;12.25;0.79;0.74;30.87
madrona;60;1789190695;nvme12n1;1056.48;12538.73;822.80;0.00;12.65;0.78;0.73;31.71
madrona;60;1789190695;nvme17n1;1032.78;12225.87;637.60;0.00;12.46;0.77;0.75;29.90
madrona;60;1789190695;nvme11n1;1063.15;12913.40;846.93;0.00;12.94;0.78;0.74;30.21
madrona;60;1789190695;nvme1n1;1050.73;12357.13;762.80;0.00;12.49;0.79;0.76;29.83
madrona;60;1789190695;nvme16n1;1058.67;12378.47;510.80;0.00;12.18;0.77;0.73;29.67
madrona;60;1789190695;nvme15n1;1058.50;12110.40;619.27;0.00;12.03;0.78;0.74;31.18
madrona;60;1789190695;nvme5n1;1068.53;12973.40;634.27;0.00;12.73;0.79;0.74;29.60
madrona;60;1789190695;nvme20n1;1044.78;11977.87;597.07;0.00;12.04;0.75;0.72;31.25
madrona;60;1789190695;nvme6n1;1051.55;12582.53;435.40;0.00;12.38;0.79;0.75;30.30
madrona;60;1789190695;nvme19n1;1063.38;12820.47;537.00;0.00;12.56;0.78;0.74;30.87
madrona;60;1789190695;nvme24n1;1056.72;12289.60;681.80;0.00;12.28;0.80;0.76;30.05
madrona;60;1789190695;nvme22n1;1060.80;12550.80;733.80;0.00;12.52;0.77;0.73;30.78
madrona;60;1789190695;nvme25n1;1034.75;12260.33;717.93;0.00;12.54;0.77;0.74;30.88
madrona;60;1789190695;nvme23n1;1042.90;12019.07;545.87;0.00;12.05;0.77;0.73;30.30
madrona;60;1789190695;nvme26n1;1052.58;12409.27;662.20;0.00;12.42;0.78;0.74;30.85
madrona;60;1789190695;nvme18n1;1039.37;12124.47;713.87;0.00;12.35;0.76;0.73;30.29
madrona;60;1789190695;nvme21n1;1056.58;11977.00;768.80;0.00;12.06;0.78;0.74;30.94
madrona;60;1789190695;nvme10n1;1068.02;13262.27;801.27;0.00;13.17;0.78;0.73;31.25
madrona;60;1789190695;vg_data-lv_stripe;27473.45;324678.67;17750.53;0.00;12.46;20.23;0.74;99.70
madrona;60;1789190755;nvme8n1;1097.25;12657.60;369.87;0.00;11.87;1.66;1.51;35.71
madrona;60;1789190755;nvme4n1;1098.48;12511.40;721.80;0.00;12.05;1.62;1.48;35.55
madrona;60;1789190755;nvme9n1;1099.27;12838.33;478.60;0.00;12.11;1.58;1.44;35.61
madrona;60;1789190755;nvme13n1;1093.53;12401.40;527.27;0.00;11.82;1.61;1.47;36.29
madrona;60;1789190755;nvme14n1;1076.88;12175.13;469.40;0.00;11.74;1.64;1.52;34.52
madrona;60;1789190755;nvme3n1;1102.90;12657.67;564.93;0.00;11.99;1.59;1.44;35.77
madrona;60;1789190755;nvme0n1;8.18;7.53;70.27;0.00;9.51;0.01;1.63;0.19
madrona;60;1789190755;nvme0n1p1;8.18;7.53;70.27;0.00;9.51;0.01;1.63;0.19
madrona;60;1789190755;nvme0n1p14;0.00;0.00;0.00;0.00;0.00;0.00;0.00;0.00
madrona;60;1789190755;nvme0n1p15;0.00;0.00;0.00;0.00;0.00;0.00;0.00;0.00
madrona;60;1789190755;nvme7n1;1111.10;12627.80;532.93;0.00;11.84;1.54;1.39;35.31
madrona;60;1789190755;nvme2n1;1117.28;12980.13;510.47;0.00;12.07;1.64;1.47;36.01
madrona;60;1789190755;nvme12n1;1082.43;12364.80;477.07;0.00;11.86;1.63;1.50;35.22
madrona;60;1789190755;nvme17n1;1089.12;12308.20;990.27;0.00;12.21;1.65;1.52;36.16
madrona;60;1789190755;nvme11n1;1071.05;12233.93;349.93;0.00;11.75;1.54;1.44;33.37
madrona;60;1789190755;nvme1n1;1093.08;12401.33;667.93;0.00;11.96;1.68;1.54;34.45
madrona;60;1789190755;nvme16n1;1094.73;12537.60;595.13;0.00;12.00;1.75;1.60;34.30
madrona;60;1789190755;nvme15n1;1098.87;12536.40;476.73;0.00;11.84;1.64;1.49;34.78
madrona;60;1789190755;nvme5n1;1095.80;12008.47;560.40;0.00;11.47;1.59;1.45;34.66
madrona;60;1789190755;nvme20n1;1081.85;12176.27;685.27;0.00;11.89;1.65;1.53;37.17
madrona;60;1789190755;nvme6n1;1103.72;12243.47;738.73;0.00;11.76;1.66;1.51;36.51
madrona;60;1789190755;nvme19n1;1107.37;12550.40;697.20;0.00;11.96;1.66;1.49;35.85
madrona;60;1789190755;nvme24n1;1092.28;12504.40;539.07;0.00;11.94;1.68;1.54;35.31
madrona;60;1789190755;nvme22n1;1089.50;12069.47;606.80;0.00;11.63;1.68;1.54;34.62
madrona;60;1789190755;nvme25n1;1078.52;12313.33;492.60;0.00;11.87;1.63;1.51;35.07
madrona;60;1789190755;nvme23n1;1076.00;11989.60;674.20;0.00;11.77;1.60;1.49;35.63
madrona;60;1789190755;nvme26n1;1083.70;12693.20;321.27;0.00;12.01;1.74;1.60;34.25
madrona;60;1789190755;nvme18n1;1081.13;12269.33;651.13;0.00;11.95;1.61;1.49;35.61
madrona;60;1789190755;nvme21n1;1099.37;12346.13;707.40;0.00;11.87;1.67;1.52;35.62
madrona;60;1789190755;nvme10n1;1081.35;12089.53;313.13;0.00;11.47;1.55;1.43;35.27
madrona;60;1789190755;vg_data-lv_stripe;28397.80;322488.20;14719.53;0.00;11.87;42.48;1.50;99.68
madrona;60;1789190815;nvme8n1;1002.10;12194.53;533.20;0.00;12.70;0.72;0.72;28.55
madrona;60;1789190815;nvme4n1;995.97;12467.47;596.33;0.00;13.12;0.72;0.72;28.77
madrona;60;1789190815;nvme9n1;1012.52;12199.13;565.47;0.00;12.61;0.72;0.71;28.88
madrona;60;1789190815;nvme13n1;989.62;12121.27;676.80;0.00;12.93;0.69;0.70;29.29
madrona;60;1789190815;nvme14n1;987.55;12047.73;642.53;0.00;12.85;0.71;0.72;30.25
madrona;60;1789190815;nvme3n1;1003.05;12444.33;591.60;0.00;13.00;0.74;0.74;29.09
madrona;60;1789190815;nvme0n1;6.00;1.67;62.33;0.00;10.67;0.01;1.23;0.11
madrona;60;1789190815;nvme0n1p1;6.00;1.67;62.33;0.00;10.67;0.01;1.23;0.13
madrona;60;1789190815;nvme0n1p14;0.00;0.00;0.00;0.00;0.00;0.00;0.00;0.00
madrona;60;1789190815;nvme0n1p15;0.00;0.00;0.00;0.00;0.00;0.00;0.00;0.00
madrona;60;1789190815;nvme7n1;1011.10;12666.40;601.07;0.00;13.12;0.72;0.71;29.16
madrona;60;1789190815;nvme2n1;1027.32;12732.20;667.60;0.00;13.04;0.74;0.72;29.26
madrona;60;1789190815;nvme12n1;997.10;12219.93;562.73;0.00;12.82;0.72;0.72;29.22
madrona;60;1789190815;nvme17n1;988.83;12013.13;979.87;0.00;13.14;0.69;0.70;29.25
madrona;60;1789190815;nvme11n1;991.52;12732.53;593.20;0.00;13.44;0.70;0.71;27.89
madrona;60;1789190815;nvme1n1;982.50;12158.73;581.47;0.00;12.97;0.71;0.72;28.36
madrona;60;1789190815;nvme16n1;1004.28;12120.47;970.53;0.00;13.04;0.70;0.70;29.54
madrona;60;1789190815;nvme15n1;995.85;12106.87;721.00;0.00;12.88;0.70;0.70;29.31
madrona;60;1789190815;nvme5n1;1003.77;12649.53;638.33;0.00;13.24;0.72;0.71;28.73
madrona;60;1789190815;nvme20n1;986.77;12171.67;678.80;0.00;13.02;0.69;0.70;29.76
madrona;60;1789190815;nvme6n1;1007.22;12215.07;645.40;0.00;12.77;0.73;0.72;29.09
madrona;60;1789190815;nvme19n1;1005.83;12390.40;815.40;0.00;13.13;0.71;0.70;28.97
madrona;60;1789190815;nvme24n1;996.37;11926.40;686.33;0.00;12.66;0.69;0.69;28.56
madrona;60;1789190815;nvme22n1;999.95;12001.00;717.33;0.00;12.72;0.71;0.71;29.85
madrona;60;1789190815;nvme25n1;972.83;11880.33;635.93;0.00;12.87;0.68;0.70;29.00
madrona;60;1789190815;nvme23n1;988.08;11973.87;750.93;0.00;12.88;0.69;0.70;29.95
madrona;60;1789190815;nvme26n1;991.87;12361.73;658.60;0.00;13.13;0.69;0.69;29.59
madrona;60;1789190815;nvme18n1;995.53;11996.00;887.53;0.00;12.94;0.71;0.71;29.11
madrona;60;1789190815;nvme21n1;1006.38;12186.27;801.07;0.00;12.90;0.72;0.72;29.47
madrona;60;1789190815;nvme10n1;1005.82;12520.53;549.93;0.00;12.99;0.73;0.73;28.99
madrona;60;1789190815;vg_data-lv_stripe;25951.30;318495.33;17749.00;0.00;12.96;18.03;0.69;99.73
madrona;60;1789190875;nvme8n1;1034.15;12190.27;501.27;0.00;12.27;1.33;1.28;32.80
madrona;60;1789190875;nvme4n1;1009.57;11878.00;381.07;0.00;12.14;1.30;1.29;32.21
madrona;60;1789190875;nvme9n1;1034.92;12453.07;503.93;0.00;12.52;1.35;1.31;32.26
madrona;60;1789190875;nvme13n1;1013.93;11761.73;388.13;0.00;11.98;1.31;1.29;32.59
madrona;60;1789190875;nvme14n1;998.57;11605.60;332.80;0.00;11.96;1.35;1.36;32.83
madrona;60;1789190875;nvme3n1;1026.23;12411.73;482.00;0.00;12.56;1.37;1.34;33.67
madrona;60;1789190875;nvme0n1;6.45;7.60;65.67;0.00;11.36;0.01;1.09;0.13
madrona;60;1789190875;nvme0n1p1;6.45;7.60;65.67;0.00;11.36;0.01;1.08;0.13
madrona;60;1789190875;nvme0n1p14;0.00;0.00;0.00;0.00;0.00;0.00;0.00;0.00
madrona;60;1789190875;nvme0n1p15;0.00;0.00;0.00;0.00;0.00;0.00;0.00;0.00
madrona;60;1789190875;nvme7n1;1027.80;11976.80;537.73;0.00;12.18;1.30;1.27;31.79
madrona;60;1789190875;nvme2n1;1032.38;12538.87;457.53;0.00;12.59;1.33;1.29;32.51
madrona;60;1789190875;nvme12n1;1010.50;12088.73;429.33;0.00;12.39;1.27;1.25;31.85
madrona;60;1789190875;nvme17n1;1014.67;12074.87;588.07;0.00;12.48;1.34;1.32;32.62
madrona;60;1789190875;nvme11n1;1014.07;11686.60;627.93;0.00;12.14;1.30;1.29;32.66
madrona;60;1789190875;nvme1n1;1012.32;11857.87;454.00;0.00;12.16;1.37;1.35;30.97
madrona;60;1789190875;nvme16n1;1028.58;12379.73;480.33;0.00;12.50;1.37;1.33;32.97
madrona;60;1789190875;nvme15n1;1037.48;11974.00;788.87;0.00;12.30;1.37;1.32;33.63
madrona;60;1789190875;nvme5n1;1031.37;12484.20;492.67;0.00;12.58;1.34;1.30;31.94
madrona;60;1789190875;nvme20n1;1013.23;11968.27;651.13;0.00;12.45;1.35;1.33;33.99
madrona;60;1789190875;nvme6n1;1015.38;11968.73;501.33;0.00;12.28;1.36;1.34;32.69
madrona;60;1789190875;nvme19n1;1017.62;11820.47;422.33;0.00;12.03;1.36;1.34;32.80
madrona;60;1789190875;nvme24n1;1050.15;11849.67;1307.87;0.00;12.53;1.39;1.33;35.70
madrona;60;1789190875;nvme22n1;1009.43;11915.80;375.20;0.00;12.18;1.42;1.40;31.65
madrona;60;1789190875;nvme25n1;1032.40;12005.87;1241.60;0.00;12.83;1.39;1.35;34.89
madrona;60;1789190875;nvme23n1;995.42;11132.40;430.60;0.00;11.62;1.40;1.41;32.14
madrona;60;1789190875;nvme26n1;1042.97;11874.13;1274.93;0.00;12.61;1.34;1.28;35.51
madrona;60;1789190875;nvme18n1;990.38;11673.13;302.00;0.00;12.09;1.32;1.34;31.55
madrona;60;1789190875;nvme21n1;1025.38;11536.27;1096.73;0.00;12.32;1.36;1.33;33.27
madrona;60;1789190875;nvme10n1;1021.03;12057.40;519.60;0.00;12.32;1.28;1.26;32.55
madrona;60;1789190875;vg_data-lv_stripe;26541.33;311164.27;15569.00;0.00;12.31;34.81;1.31;99.39
madrona;60;1789190935;nvme8n1;1542.75;14555.00;425.13;0.00;9.71;2.95;1.91;53.79
madrona;60;1789190935;nvme4n1;1531.68;14567.33;392.27;0.00;9.77;2.79;1.82;51.43
madrona;60;1789190935;nvme9n1;1532.08;14493.47;418.53;0.00;9.73;2.84;1.85;52.01
madrona;60;1789190935;nvme13n1;1508.75;14481.73;475.53;0.00;9.91;2.73;1.81;51.21
madrona;60;1789190935;nvme14n1;1508.48;14408.33;536.00;0.00;9.91;2.77;1.84;50.87
madrona;60;1789190935;nvme3n1;1525.75;14815.20;408.53;0.00;9.98;2.87;1.88;51.49
madrona;60;1789190935;nvme0n1;6.32;29.40;51.00;0.00;12.73;0.01;1.22;0.17
madrona;60;1789190935;nvme0n1p1;6.32;29.40;51.00;0.00;12.73;0.01;1.22;0.17
madrona;60;1789190935;nvme0n1p14;0.00;0.00;0.00;0.00;0.00;0.00;0.00;0.00
madrona;60;1789190935;nvme0n1p15;0.00;0.00;0.00;0.00;0.00;0.00;0.00;0.00
madrona;60;1789190935;nvme7n1;1533.03;14550.07;457.73;0.00;9.79;2.86;1.86;51.49
madrona;60;1789190935;nvme2n1;1522.28;14285.13;438.60;0.00;9.67;2.72;1.79;51.16
madrona;60;1789190935;nvme12n1;1481.77;14155.47;429.40;0.00;9.84;2.64;1.78;50.98
madrona;60;1789190935;nvme17n1;1524.38;14415.60;404.93;0.00;9.72;2.79;1.83;51.63
madrona;60;1789190935;nvme11n1;1511.92;14758.93;463.80;0.00;10.07;2.85;1.89;51.37
madrona;60;1789190935;nvme1n1;1515.92;14358.00;254.93;0.00;9.64;2.82;1.86;51.98
madrona;60;1789190935;nvme16n1;1533.58;14647.53;304.13;0.00;9.75;2.85;1.86;51.05
madrona;60;1789190935;nvme15n1;1531.75;14602.53;332.67;0.00;9.75;2.71;1.77;52.42
madrona;60;1789190935;nvme5n1;1517.42;14380.60;242.40;0.00;9.64;2.66;1.75;50.35
madrona;60;1789190935;nvme20n1;1526.82;14584.60;438.60;0.00;9.84;2.66;1.74;50.85
madrona;60;1789190935;nvme6n1;1547.88;15019.93;413.40;0.00;9.97;2.78;1.80;53.70
madrona;60;1789190935;nvme19n1;1524.02;14819.73;245.33;0.00;9.89;2.83;1.86;51.09
madrona;60;1789190935;nvme24n1;1538.22;14717.53;451.00;0.00;9.86;2.80;1.82;51.19
madrona;60;1789190935;nvme22n1;1523.85;14204.60;488.60;0.00;9.64;2.75;1.81;51.37
madrona;60;1789190935;nvme25n1;1531.40;14635.73;544.93;0.00;9.91;2.86;1.87;51.36
madrona;60;1789190935;nvme23n1;1532.52;14801.00;419.33;0.00;9.93;2.82;1.84;50.05
madrona;60;1789190935;nvme26n1;1551.98;14862.60;435.67;0.00;9.86;2.72;1.75;50.68
madrona;60;1789190935;nvme18n1;1499.40;14534.07;235.80;0.00;9.85;2.69;1.79;50.80
madrona;60;1789190935;nvme21n1;1523.55;14744.60;611.67;0.00;10.08;2.76;1.81;51.47
madrona;60;1789190935;nvme10n1;1513.57;14396.93;449.47;0.00;9.81;2.56;1.69;50.81
madrona;60;1789190935;vg_data-lv_stripe;39635.53;378796.07;10718.40;0.00;9.83;72.17;1.82;99.98
madrona;60;1789190995;nvme8n1;1270.73;14348.53;476.47;0.00;11.67;3.39;2.67;37.81
madrona;60;1789190995;nvme4n1;1252.08;13563.67;530.33;0.00;11.26;3.21;2.57;38.41
madrona;60;1789190995;nvme9n1;1263.93;14056.00;467.53;0.00;11.49;3.46;2.74;37.50
madrona;60;1789190995;nvme13n1;1243.23;13537.80;513.07;0.00;11.30;3.30;2.65;38.01
madrona;60;1789190995;nvme14n1;1241.47;13633.87;479.13;0.00;11.37;3.23;2.60;38.19
madrona;60;1789190995;nvme3n1;1244.53;13113.33;542.20;0.00;10.97;3.08;2.47;38.03
madrona;60;1789190995;nvme0n1;3.35;1.40;39.40;0.00;12.18;0.00;1.37;0.07
madrona;60;1789190995;nvme0n1p1;3.35;1.40;39.40;0.00;12.18;0.00;1.37;0.08
madrona;60;1789190995;nvme0n1p14;0.00;0.00;0.00;0.00;0.00;0.00;0.00;0.00
madrona;60;1789190995;nvme0n1p15;0.00;0.00;0.00;0.00;0.00;0.00;0.00;0.00
madrona;60;1789190995;nvme7n1;1273.50;13608.27;701.73;0.00;11.24;3.44;2.70;37.07
madrona;60;1789190995;nvme2n1;1279.00;13689.93;657.20;0.00;11.22;3.39;2.65;38.51
madrona;60;1789190995;nvme12n1;1230.93;13815.80;466.67;0.00;11.60;3.31;2.69;36.77
madrona;60;1789190995;nvme17n1;1245.92;13362.67;466.00;0.00;11.10;3.62;2.91;38.69
madrona;60;1789190995;nvme11n1;1250.38;13705.80;599.73;0.00;11.44;3.33;2.67;37.84
madrona;60;1789190995;nvme1n1;1263.25;13496.47;761.20;0.00;11.29;3.24;2.56;38.29
madrona;60;1789190995;nvme16n1;1261.10;13586.07;253.13;0.00;10.97;3.59;2.85;37.27
madrona;60;1789190995;nvme15n1;1270.57;13839.20;574.67;0.00;11.34;3.70;2.91;37.97
madrona;60;1789190995;nvme5n1;1268.22;13876.87;563.80;0.00;11.39;3.52;2.78;37.54
madrona;60;1789190995;nvme20n1;1248.08;13831.60;529.27;0.00;11.51;3.41;2.73;38.51
madrona;60;1789190995;nvme6n1;1260.53;13637.13;569.53;0.00;11.27;3.33;2.64;38.27
madrona;60;1789190995;nvme19n1;1271.62;13605.33;657.93;0.00;11.22;3.34;2.62;37.83
madrona;60;1789190995;nvme24n1;1266.92;14044.40;584.53;0.00;11.55;3.29;2.60;37.85
madrona;60;1789190995;nvme22n1;1253.05;13661.07;467.07;0.00;11.27;3.35;2.68;38.39
madrona;60;1789190995;nvme25n1;1235.38;13552.87;578.13;0.00;11.44;3.39;2.74;38.23
madrona;60;1789190995;nvme23n1;1250.73;13417.53;481.20;0.00;11.11;3.33;2.66;37.95
madrona;60;1789190995;nvme26n1;1255.13;13816.73;576.13;0.00;11.47;3.46;2.75;38.55
madrona;60;1789190995;nvme18n1;1260.38;13841.40;562.40;0.00;11.43;3.55;2.81;38.51
madrona;60;1789190995;nvme21n1;1261.48;13459.80;604.53;0.00;11.15;3.49;2.77;38.49
madrona;60;1789190995;nvme10n1;1262.30;14273.33;507.40;0.00;11.71;3.39;2.68;38.65
madrona;60;1789190995;vg_data-lv_stripe;32687.35;356375.07;14171.00;0.00;11.34;87.96;2.69;99.63
madrona;60;1789191055;nvme8n1;976.62;11702.00;502.53;0.00;12.50;0.78;0.80;28.13
madrona;60;1789191055;nvme4n1;968.55;11340.13;580.53;0.00;12.31;0.78;0.80;28.30
madrona;60;1789191055;nvme9n1;971.22;11644.20;524.20;0.00;12.53;0.79;0.81;28.25
madrona;60;1789191055;nvme13n1;977.63;11338.80;657.87;0.00;12.27;0.76;0.78;28.90
madrona;60;1789191055;nvme14n1;974.43;11141.47;628.80;0.00;12.08;0.74;0.76;28.65
madrona;60;1789191055;nvme3n1;979.30;11471.53;692.07;0.00;12.42;0.76;0.78;29.79
madrona;60;1789191055;nvme0n1;4.50;5.00;53.33;0.00;12.96;0.00;1.03;0.08
madrona;60;1789191055;nvme0n1p1;4.50;5.00;53.33;0.00;12.96;0.00;1.03;0.08
madrona;60;1789191055;nvme0n1p14;0.00;0.00;0.00;0.00;0.00;0.00;0.00;0.00
madrona;60;1789191055;nvme0n1p15;0.00;0.00;0.00;0.00;0.00;0.00;0.00;0.00
madrona;60;1789191055;nvme7n1;983.48;11912.93;524.73;0.00;12.65;0.74;0.75;28.38
madrona;60;1789191055;nvme2n1;994.65;11716.07;785.53;0.00;12.57;0.79;0.80;29.56
madrona;60;1789191055;nvme12n1;956.42;11430.47;422.60;0.00;12.39;0.72;0.76;28.11
madrona;60;1789191055;nvme17n1;979.53;11780.33;796.20;0.00;12.84;0.80;0.81;28.75
madrona;60;1789191055;nvme11n1;972.35;11950.73;543.33;0.00;12.85;0.79;0.82;27.82
madrona;60;1789191055;nvme1n1;971.30;11308.80;748.93;0.00;12.41;0.77;0.79;28.78
madrona;60;1789191055;nvme16n1;991.40;12129.80;670.80;0.00;12.91;0.77;0.78;28.97
madrona;60;1789191055;nvme15n1;986.12;12095.67;917.00;0.00;13.20;0.74;0.75;28.89
madrona;60;1789191055;nvme5n1;980.82;11962.00;602.53;0.00;12.81;0.75;0.77;28.67
madrona;60;1789191055;nvme20n1;964.05;11321.13;548.87;0.00;12.31;0.73;0.76;29.27
madrona;60;1789191055;nvme6n1;971.80;11772.13;606.40;0.00;12.74;0.77;0.79;28.07
madrona;60;1789191055;nvme19n1;983.75;11732.47;633.73;0.00;12.57;0.76;0.77;29.51
madrona;60;1789191055;nvme24n1;988.55;11710.67;790.67;0.00;12.65;0.76;0.76;29.11
madrona;60;1789191055;nvme22n1;974.48;11238.47;570.00;0.00;12.12;0.75;0.77;28.75
madrona;60;1789191055;nvme25n1;967.57;11434.53;763.67;0.00;12.61;0.73;0.76;28.53
madrona;60;1789191055;nvme23n1;965.48;11138.80;532.13;0.00;12.09;0.73;0.76;29.16
madrona;60;1789191055;nvme26n1;973.47;11968.67;718.53;0.00;13.03;0.72;0.74;28.17
madrona;60;1789191055;nvme18n1;973.03;11745.47;715.47;0.00;12.81;0.75;0.77;29.47
madrona;60;1789191055;nvme21n1;971.80;11146.93;635.53;0.00;12.12;0.73;0.75;28.43
madrona;60;1789191055;nvme10n1;980.87;11784.27;559.47;0.00;12.58;0.77;0.79;28.93
madrona;60;1789191055;vg_data-lv_stripe;25379.75;301918.13;16672.13;0.00;12.55;19.42;0.77;99.75
madrona;60;1789191115;nvme8n1;1206.58;13939.13;476.73;0.00;11.95;1.88;1.56;37.34
madrona;60;1789191115;nvme4n1;1196.07;13314.07;623.13;0.00;11.65;1.90;1.59;37.64
madrona;60;1789191115;nvme9n1;1215.62;13472.13;825.27;0.00;11.76;1.76;1.45;38.39
madrona;60;1789191115;nvme13n1;1193.62;13382.33;995.93;0.00;12.05;1.69;1.42;39.09
madrona;60;1789191115;nvme14n1;1192.30;13058.67;1013.20;0.00;11.80;1.74;1.46;38.68
madrona;60;1789191115;nvme3n1;1195.90;13272.47;469.47;0.00;11.49;1.82;1.52;38.47
madrona;60;1789191115;nvme0n1;8.43;7.53;73.80;0.00;9.64;0.01;1.38;0.18
madrona;60;1789191115;nvme0n1p1;8.43;7.53;73.80;0.00;9.64;0.01;1.38;0.18
madrona;60;1789191115;nvme0n1p14;0.00;0.00;0.00;0.00;0.00;0.00;0.00;0.00
madrona;60;1789191115;nvme0n1p15;0.00;0.00;0.00;0.00;0.00;0.00;0.00;0.00
madrona;60;1789191115;nvme7n1;1199.87;13559.87;568.20;0.00;11.77;1.75;1.46;37.67
madrona;60;1789191115;nvme2n1;1204.05;13153.07;582.53;0.00;11.41;1.87;1.55;37.81
madrona;60;1789191115;nvme12n1;1185.95;13305.20;918.87;0.00;11.99;1.70;1.43;38.38
madrona;60;1789191115;nvme17n1;1195.75;13254.13;578.33;0.00;11.57;1.80;1.51;37.37
madrona;60;1789191115;nvme11n1;1186.57;13229.33;595.73;0.00;11.65;1.82;1.53;37.49
madrona;60;1789191115;nvme1n1;1201.03;12913.93;542.80;0.00;11.20;1.89;1.58;36.85
madrona;60;1789191115;nvme16n1;1202.08;13438.20;313.40;0.00;11.44;1.69;1.40;36.93
madrona;60;1789191115;nvme15n1;1198.07;13498.73;349.33;0.00;11.56;1.75;1.46;37.49
madrona;60;1789191115;nvme5n1;1202.20;13784.33;489.07;0.00;11.87;1.78;1.48;37.11
madrona;60;1789191115;nvme20n1;1190.00;13459.07;601.67;0.00;11.82;1.74;1.46;38.49
madrona;60;1789191115;nvme6n1;1206.67;13590.93;577.13;0.00;11.74;1.93;1.60;38.88
madrona;60;1789191115;nvme19n1;1203.05;13037.80;426.80;0.00;11.19;1.76;1.46;38.04
madrona;60;1789191115;nvme24n1;1196.88;13721.00;426.40;0.00;11.82;1.68;1.41;37.38
madrona;60;1789191115;nvme22n1;1186.08;13398.87;711.53;0.00;11.90;1.72;1.45;37.05
madrona;60;1789191115;nvme25n1;1182.50;13021.27;595.27;0.00;11.52;1.74;1.47;38.15
madrona;60;1789191115;nvme23n1;1185.98;13739.07;598.27;0.00;12.09;1.79;1.51;38.05
madrona;60;1789191115;nvme26n1;1193.70;13393.73;437.07;0.00;11.59;1.73;1.45;37.81
madrona;60;1789191115;nvme18n1;1187.50;12953.13;402.87;0.00;11.25;1.78;1.50;37.74
madrona;60;1789191115;nvme21n1;1198.17;13365.33;647.20;0.00;11.69;1.88;1.57;38.05
madrona;60;1789191115;nvme10n1;1200.42;13879.40;514.27;0.00;11.99;1.81;1.51;37.51
madrona;60;1789191115;vg_data-lv_stripe;31108.23;348134.73;15280.47;0.00;11.68;46.22;1.49;99.69
madrona;60;1789191175;nvme8n1;1050.08;12527.00;703.13;0.00;12.60;0.84;0.80;29.95
madrona;60;1789191175;nvme4n1;1013.10;11915.67;742.40;0.00;12.49;0.83;0.82;28.87
madrona;60;1789191175;nvme9n1;1047.37;12950.33;708.07;0.00;13.04;0.80;0.77;29.61
madrona;60;1789191175;nvme13n1;1035.10;12573.60;766.13;0.00;12.89;0.78;0.76;29.80
madrona;60;1789191175;nvme14n1;1026.08;12385.20;728.53;0.00;12.78;0.78;0.76;29.42
madrona;60;1789191175;nvme3n1;1028.80;12196.33;786.33;0.00;12.62;0.80;0.78;30.61
madrona;60;1789191175;nvme0n1;32.50;1458.73;82.00;0.00;47.41;0.03;0.86;1.22
madrona;60;1789191175;nvme0n1p1;32.50;1458.73;82.00;0.00;47.41;0.03;0.86;1.29
madrona;60;1789191175;nvme0n1p14;0.00;0.00;0.00;0.00;0.00;0.00;0.00;0.00
madrona;60;1789191175;nvme0n1p15;0.00;0.00;0.00;0.00;0.00;0.00;0.00;0.00
madrona;60;1789191175;nvme7n1;1045.03;11917.80;842.13;0.00;12.21;0.82;0.78;29.43
madrona;60;1789191175;nvme2n1;1047.18;12483.20;739.87;0.00;12.63;0.85;0.81;30.15
madrona;60;1789191175;nvme12n1;1023.00;12618.33;788.60;0.00;13.11;0.75;0.74;29.07
madrona;60;1789191175;nvme17n1;1033.42;12257.13;889.93;0.00;12.72;0.75;0.73;29.63
madrona;60;1789191175;nvme11n1;1028.73;12314.07;749.00;0.00;12.70;0.84;0.82;28.62
madrona;60;1789191175;nvme1n1;1018.53;11712.07;728.07;0.00;12.21;0.80;0.79;29.00
madrona;60;1789191175;nvme16n1;1038.78;12165.20;764.80;0.00;12.45;0.76;0.73;28.85
madrona;60;1789191175;nvme15n1;1037.87;12007.13;843.20;0.00;12.38;0.76;0.73;29.19
madrona;60;1789191175;nvme5n1;1047.57;12271.00;793.80;0.00;12.47;0.84;0.80;28.88
madrona;60;1789191175;nvme20n1;1023.72;11863.80;819.80;0.00;12.39;0.80;0.78;30.67
madrona;60;1789191175;nvme6n1;1042.98;12277.33;896.00;0.00;12.63;0.84;0.81;29.97
madrona;60;1789191175;nvme19n1;1031.03;12056.07;701.87;0.00;12.37;0.82;0.79;29.29
madrona;60;1789191175;nvme24n1;1034.03;12239.93;756.87;0.00;12.57;0.77;0.74;29.55
madrona;60;1789191175;nvme22n1;1028.28;12157.53;772.60;0.00;12.57;0.76;0.74;29.55
madrona;60;1789191175;nvme25n1;1004.90;11545.67;747.80;0.00;12.23;0.75;0.75;28.42
madrona;60;1789191175;nvme23n1;1013.00;11951.80;742.73;0.00;12.53;0.76;0.75;29.17
madrona;60;1789191175;nvme26n1;1028.23;12038.20;647.73;0.00;12.34;0.75;0.73;29.62
madrona;60;1789191175;nvme18n1;1035.82;12177.07;694.80;0.00;12.43;0.80;0.78;29.68
madrona;60;1789191175;nvme21n1;1036.72;12120.13;839.67;0.00;12.50;0.77;0.74;30.34
madrona;60;1789191175;nvme10n1;1036.88;12411.00;738.67;0.00;12.68;0.84;0.81;29.23
madrona;60;1789191175;vg_data-lv_stripe;26837.95;317133.87;19932.53;0.00;12.56;20.35;0.76;99.73
madrona;60;1789191235;nvme8n1;1094.37;12513.13;436.00;0.00;11.83;1.63;1.49;35.08
madrona;60;1789191235;nvme4n1;1107.32;12882.60;676.67;0.00;12.25;1.62;1.46;35.29
madrona;60;1789191235;nvme9n1;1101.52;13109.87;525.40;0.00;12.38;1.67;1.52;34.90
madrona;60;1789191235;nvme13n1;1093.47;13004.20;587.33;0.00;12.43;1.58;1.44;35.37
madrona;60;1789191235;nvme14n1;1098.28;12602.47;562.20;0.00;11.99;1.61;1.47;36.24
madrona;60;1789191235;nvme3n1;1114.45;12723.20;783.87;0.00;12.12;1.62;1.45;36.32
madrona;60;1789191235;nvme0n1;8.30;15.93;69.93;0.00;10.35;0.02;1.87;0.19
madrona;60;1789191235;nvme0n1p1;8.30;15.93;69.93;0.00;10.35;0.02;1.87;0.21
madrona;60;1789191235;nvme0n1p14;0.00;0.00;0.00;0.00;0.00;0.00;0.00;0.00
madrona;60;1789191235;nvme0n1p15;0.00;0.00;0.00;0.00;0.00;0.00;0.00;0.00
madrona;60;1789191235;nvme7n1;1118.27;13253.40;758.67;0.00;12.53;1.61;1.44;35.74
madrona;60;1789191235;nvme2n1;1120.32;12580.33;760.33;0.00;11.91;1.53;1.37;37.00
madrona;60;1789191235;nvme12n1;1075.32;12598.00;542.47;0.00;12.22;1.57;1.46;35.52
madrona;60;1789191235;nvme17n1;1091.40;12368.93;557.60;0.00;11.84;1.59;1.46;35.09
madrona;60;1789191235;nvme11n1;1091.42;12352.40;741.33;0.00;12.00;1.59;1.46;35.91
madrona;60;1789191235;nvme1n1;1097.15;12272.47;833.33;0.00;11.95;1.59;1.45;35.15
madrona;60;1789191235;nvme16n1;1099.95;12497.07;341.60;0.00;11.67;1.64;1.49;34.81
madrona;60;1789191235;nvme15n1;1110.40;12666.07;422.13;0.00;11.79;1.60;1.44;35.29
madrona;60;1789191235;nvme5n1;1120.87;13557.47;995.93;0.00;12.98;1.62;1.45;35.83
madrona;60;1789191235;nvme20n1;1093.23;12713.67;490.27;0.00;12.08;1.56;1.43;36.68
madrona;60;1789191235;nvme6n1;1107.85;12790.40;817.87;0.00;12.28;1.67;1.51;35.81
madrona;60;1789191235;nvme19n1;1104.25;12836.00;629.87;0.00;12.19;1.58;1.43;36.51
madrona;60;1789191235;nvme24n1;1105.42;12594.20;414.00;0.00;11.77;1.60;1.45;35.75
madrona;60;1789191235;nvme22n1;1084.60;12731.27;489.40;0.00;12.19;1.57;1.44;34.61
madrona;60;1789191235;nvme25n1;1084.58;12021.13;592.27;0.00;11.63;1.59;1.47;35.91
madrona;60;1789191235;nvme23n1;1088.33;12712.40;465.07;0.00;12.11;1.58;1.46;35.31
madrona;60;1789191235;nvme26n1;1102.73;12786.93;565.87;0.00;12.11;1.60;1.45;36.34
madrona;60;1789191235;nvme18n1;1098.40;12764.60;557.20;0.00;12.13;1.58;1.44;35.66
madrona;60;1789191235;nvme21n1;1088.00;12061.93;560.47;0.00;11.60;1.56;1.44;34.76
madrona;60;1789191235;nvme10n1;1110.57;12773.27;695.07;0.00;12.13;1.60;1.44;35.47
madrona;60;1789191235;vg_data-lv_stripe;28603.37;329765.87;15802.20;0.00;12.08;41.46;1.45;99.37
madrona;60;1789191295;nvme8n1;1162.97;13313.53;621.07;0.00;11.98;1.04;0.90;36.08
madrona;60;1789191295;nvme4n1;1148.28;12753.87;514.13;0.00;11.55;1.03;0.90;34.51
madrona;60;1789191295;nvme9n1;1162.95;13687.27;550.00;0.00;12.24;1.04;0.90;35.88
madrona;60;1789191295;nvme13n1;1152.05;12841.67;850.87;0.00;11.89;1.02;0.89;35.40
madrona;60;1789191295;nvme14n1;1155.28;12960.40;836.80;0.00;11.94;1.07;0.93;35.34
madrona;60;1789191295;nvme3n1;1156.28;13006.67;535.87;0.00;11.71;1.03;0.89;35.02
madrona;60;1789191295;nvme0n1;9.65;121.53;70.47;0.00;19.90;0.01;1.08;0.23
madrona;60;1789191295;nvme0n1p1;9.65;121.53;70.47;0.00;19.90;0.01;1.08;0.24
madrona;60;1789191295;nvme0n1p14;0.00;0.00;0.00;0.00;0.00;0.00;0.00;0.00
madrona;60;1789191295;nvme0n1p15;0.00;0.00;0.00;0.00;0.00;0.00;0.00;0.00
madrona;60;1789191295;nvme7n1;1163.12;13248.93;769.93;0.00;12.05;1.01;0.87;35.23
madrona;60;1789191295;nvme2n1;1162.75;13012.80;573.07;0.00;11.68;1.04;0.90;35.05
madrona;60;1789191295;nvme12n1;1139.12;13064.20;543.40;0.00;11.95;0.99;0.87;34.17
madrona;60;1789191295;nvme17n1;1152.72;13240.07;1020.20;0.00;12.37;1.02;0.88;35.15
madrona;60;1789191295;nvme11n1;1151.15;13300.60;828.47;0.00;12.27;1.02;0.89;34.33
madrona;60;1789191295;nvme1n1;1139.22;12971.33;575.20;0.00;11.89;1.03;0.90;33.53
madrona;60;1789191295;nvme16n1;1159.17;13045.53;843.27;0.00;11.98;1.04;0.89;35.23
madrona;60;1789191295;nvme15n1;1167.35;13144.40;853.13;0.00;11.99;1.04;0.89;36.22
madrona;60;1789191295;nvme5n1;1163.25;13261.40;733.67;0.00;12.03;1.03;0.89;34.59
madrona;60;1789191295;nvme20n1;1141.68;12629.13;514.13;0.00;11.51;0.99;0.87;35.13
madrona;60;1789191295;nvme6n1;1148.82;12931.40;719.00;0.00;11.88;1.03;0.89;35.05
madrona;60;1789191295;nvme19n1;1155.28;13626.13;724.20;0.00;12.42;1.01;0.87;34.76
madrona;60;1789191295;nvme24n1;1161.15;12885.40;817.00;0.00;11.80;1.07;0.92;35.17
madrona;60;1789191295;nvme22n1;1158.10;13072.93;872.27;0.00;12.04;1.08;0.93;36.06
madrona;60;1789191295;nvme25n1;1135.72;12682.93;603.53;0.00;11.70;1.02;0.90;34.45
madrona;60;1789191295;nvme23n1;1134.47;12588.40;675.47;0.00;11.69;1.03;0.90;34.85
madrona;60;1789191295;nvme26n1;1154.75;12830.60;585.33;0.00;11.62;1.02;0.88;35.41
madrona;60;1789191295;nvme18n1;1146.70;13283.53;720.13;0.00;12.21;1.02;0.89;35.47
madrona;60;1789191295;nvme21n1;1138.48;12830.07;564.87;0.00;11.77;1.04;0.91;34.63
madrona;60;1789191295;nvme10n1;1161.92;13365.27;679.27;0.00;12.09;1.01;0.87;34.95
madrona;60;1789191295;vg_data-lv_stripe;29974.37;339579.80;18124.27;0.00;11.93;26.55;0.89;99.81
madrona;60;1789191355;nvme8n1;921.17;11371.80;623.93;0.00;13.02;1.43;1.56;29.65
madrona;60;1789191355;nvme4n1;914.02;11215.87;706.80;0.00;13.04;1.43;1.56;29.09
madrona;60;1789191355;nvme9n1;920.00;10959.00;895.33;0.00;12.89;1.47;1.60;30.41
madrona;60;1789191355;nvme13n1;906.05;11032.93;593.07;0.00;12.83;1.40;1.55;30.16
madrona;60;1789191355;nvme14n1;896.55;10903.20;659.93;0.00;12.90;1.39;1.55;29.43
madrona;60;1789191355;nvme3n1;925.90;10802.00;720.00;0.00;12.44;1.45;1.57;30.92
madrona;60;1789191355;nvme0n1;8.17;31.60;73.40;0.00;12.86;0.01;1.34;0.17
madrona;60;1789191355;nvme0n1p1;8.17;31.60;73.40;0.00;12.86;0.01;1.34;0.17
madrona;60;1789191355;nvme0n1p14;0.00;0.00;0.00;0.00;0.00;0.00;0.00;0.00
madrona;60;1789191355;nvme0n1p15;0.00;0.00;0.00;0.00;0.00;0.00;0.00;0.00
madrona;60;1789191355;nvme7n1;929.22;11217.73;799.13;0.00;12.93;1.40;1.51;29.89
madrona;60;1789191355;nvme2n1;929.82;11262.87;767.60;0.00;12.94;1.46;1.58;30.40
madrona;60;1789191355;nvme12n1;908.82;10935.47;744.93;0.00;12.85;1.39;1.53;29.21
madrona;60;1789191355;nvme17n1;901.47;10933.27;450.47;0.00;12.63;1.41;1.56;29.01
madrona;60;1789191355;nvme11n1;916.42;11106.07;877.40;0.00;13.08;1.37;1.50;29.83
madrona;60;1789191355;nvme1n1;906.28;11027.13;755.93;0.00;13.00;1.42;1.57;29.05
madrona;60;1789191355;nvme16n1;905.73;11162.87;349.87;0.00;12.71;1.39;1.53;29.31
madrona;60;1789191355;nvme15n1;922.07;11201.33;537.53;0.00;12.73;1.45;1.57;30.17
madrona;60;1789191355;nvme5n1;919.32;11078.07;813.07;0.00;12.93;1.35;1.46;30.30
madrona;60;1789191355;nvme20n1;903.77;10914.60;522.80;0.00;12.66;1.37;1.51;30.77
madrona;60;1789191355;nvme6n1;907.72;10714.53;743.13;0.00;12.62;1.41;1.55;30.14
madrona;60;1789191355;nvme19n1;904.63;11038.27;489.87;0.00;12.74;1.40;1.55;28.74
madrona;60;1789191355;nvme24n1;911.12;11054.40;525.00;0.00;12.71;1.43;1.56;28.80
madrona;60;1789191355;nvme22n1;892.42;10832.13;429.13;0.00;12.62;1.41;1.58;28.75
madrona;60;1789191355;nvme25n1;905.55;11277.47;523.73;0.00;13.03;1.45;1.60;29.96
madrona;60;1789191355;nvme23n1;892.70;10836.00;534.13;0.00;12.74;1.41;1.58;29.77
madrona;60;1789191355;nvme26n1;910.80;10993.20;520.67;0.00;12.64;1.51;1.65;30.07
madrona;60;1789191355;nvme18n1;895.52;10847.67;508.27;0.00;12.68;1.34;1.50;28.91
madrona;60;1789191355;nvme21n1;916.62;11168.93;477.93;0.00;12.71;1.45;1.58;28.90
madrona;60;1789191355;nvme10n1;915.55;11309.27;784.47;0.00;13.21;1.35;1.47;29.82
madrona;60;1789191355;vg_data-lv_stripe;23680.53;287195.40;16354.13;0.00;12.82;36.59;1.55;99.10
madrona;60;1789191415;nvme8n1;1140.75;12880.27;511.07;0.00;11.74;1.57;1.37;38.88
madrona;60;1789191415;nvme4n1;1137.22;12341.13;579.87;0.00;11.36;1.54;1.35;38.72
madrona;60;1789191415;nvme9n1;1153.18;13086.07;476.07;0.00;11.76;1.54;1.34;38.45
madrona;60;1789191415;nvme13n1;1129.03;12429.80;586.27;0.00;11.53;1.59;1.41;37.03
madrona;60;1789191415;nvme14n1;1130.92;12338.33;571.20;0.00;11.42;1.56;1.38;37.60
madrona;60;1789191415;nvme3n1;1136.05;12178.53;584.80;0.00;11.23;1.49;1.31;38.14
madrona;60;1789191415;nvme0n1;8.53;24.33;67.60;0.00;10.77;0.01;1.59;0.19
madrona;60;1789191415;nvme0n1p1;8.53;24.33;67.60;0.00;10.77;0.01;1.59;0.21
madrona;60;1789191415;nvme0n1p14;0.00;0.00;0.00;0.00;0.00;0.00;0.00;0.00
madrona;60;1789191415;nvme0n1p15;0.00;0.00;0.00;0.00;0.00;0.00;0.00;0.00
madrona;60;1789191415;nvme7n1;1135.62;12530.80;680.07;0.00;11.63;1.44;1.27;37.81
madrona;60;1789191415;nvme2n1;1140.92;12055.47;644.73;0.00;11.13;1.50;1.32;37.87
madrona;60;1789191415;nvme12n1;1126.23;12630.93;468.07;0.00;11.63;1.52;1.35;37.48
madrona;60;1789191415;nvme17n1;1133.38;12693.53;691.07;0.00;11.81;1.52;1.34;37.69
madrona;60;1789191415;nvme11n1;1125.22;12539.33;645.53;0.00;11.72;1.48;1.31;37.99
madrona;60;1789191415;nvme1n1;1141.73;12262.80;737.53;0.00;11.39;1.63;1.42;38.61
madrona;60;1789191415;nvme16n1;1142.97;12874.20;606.13;0.00;11.79;1.55;1.35;37.92
madrona;60;1789191415;nvme15n1;1163.63;12812.47;751.20;0.00;11.66;1.59;1.36;38.40
madrona;60;1789191415;nvme5n1;1142.47;12489.00;636.80;0.00;11.49;1.50;1.32;38.49
madrona;60;1789191415;nvme20n1;1123.98;12488.33;754.93;0.00;11.78;1.49;1.33;37.68
madrona;60;1789191415;nvme6n1;1139.35;12091.67;638.27;0.00;11.17;1.58;1.39;38.79
madrona;60;1789191415;nvme19n1;1147.53;12703.13;722.60;0.00;11.70;1.51;1.31;38.77
madrona;60;1789191415;nvme24n1;1153.60;12789.20;762.47;0.00;11.75;1.58;1.37;38.45
madrona;60;1789191415;nvme22n1;1125.53;12214.60;649.07;0.00;11.43;1.43;1.27;37.28
madrona;60;1789191415;nvme25n1;1133.62;12752.73;737.53;0.00;11.90;1.52;1.34;37.88
madrona;60;1789191415;nvme23n1;1131.12;12435.33;644.20;0.00;11.56;1.52;1.34;37.53
madrona;60;1789191415;nvme26n1;1153.27;12660.33;778.67;0.00;11.65;1.65;1.43;38.01
madrona;60;1789191415;nvme18n1;1126.58;12295.67;728.20;0.00;11.56;1.46;1.29;38.37
madrona;60;1789191415;nvme21n1;1135.53;12562.60;804.60;0.00;11.77;1.53;1.35;38.15
madrona;60;1789191415;nvme10n1;1137.00;13021.13;583.00;0.00;11.96;1.48;1.30;38.15
madrona;60;1789191415;vg_data-lv_stripe;29587.48;326157.80;16973.93;0.00;11.60;39.65;1.34;99.81
madrona;60;1789191475;nvme8n1;845.92;11031.07;570.00;0.00;13.71;0.63;0.75;24.35
madrona;60;1789191475;nvme4n1;841.83;10627.13;633.53;0.00;13.38;0.62;0.74;25.08
madrona;60;1789191475;nvme9n1;861.32;11104.47;678.80;0.00;13.68;0.65;0.75;26.19
madrona;60;1789191475;nvme13n1;847.55;10988.33;606.53;0.00;13.68;0.63;0.75;25.87
madrona;60;1789191475;nvme14n1;845.62;11058.60;609.33;0.00;13.80;0.59;0.70;26.24
madrona;60;1789191475;nvme3n1;853.93;11165.53;656.80;0.00;13.84;0.62;0.73;25.95
madrona;60;1789191475;nvme0n1;28.40;603.67;957.20;0.00;54.96;0.03;1.09;1.07
madrona;60;1789191475;nvme0n1p1;28.40;603.67;957.20;0.00;54.96;0.03;1.09;1.13
madrona;60;1789191475;nvme0n1p14;0.00;0.00;0.00;0.00;0.00;0.00;0.00;0.00
madrona;60;1789191475;nvme0n1p15;0.00;0.00;0.00;0.00;0.00;0.00;0.00;0.00
madrona;60;1789191475;nvme7n1;859.17;10717.93;616.40;0.00;13.19;0.61;0.71;25.73
madrona;60;1789191475;nvme2n1;862.40;10966.53;443.67;0.00;13.23;0.63;0.74;25.87
madrona;60;1789191475;nvme12n1;847.58;10505.47;708.80;0.00;13.23;0.64;0.76;26.15
madrona;60;1789191475;nvme17n1;847.42;10883.40;733.07;0.00;13.71;0.60;0.70;25.09
madrona;60;1789191475;nvme11n1;846.60;10596.00;593.07;0.00;13.22;0.60;0.71;24.74
madrona;60;1789191475;nvme1n1;825.82;10384.00;433.07;0.00;13.10;0.55;0.67;23.25
madrona;60;1789191475;nvme16n1;850.80;10863.87;653.60;0.00;13.54;0.63;0.74;25.66
madrona;60;1789191475;nvme15n1;867.30;10971.80;832.67;0.00;13.61;0.64;0.73;26.30
madrona;60;1789191475;nvme5n1;863.88;10896.47;761.07;0.00;13.49;0.65;0.75;25.67
madrona;60;1789191475;nvme20n1;846.68;11125.73;723.00;0.00;13.99;0.61;0.72;27.69
madrona;60;1789191475;nvme6n1;853.88;11093.27;789.87;0.00;13.92;0.59;0.70;25.04
madrona;60;1789191475;nvme19n1;829.75;10631.33;590.13;0.00;13.52;0.58;0.69;25.57
madrona;60;1789191475;nvme24n1;844.98;10932.13;734.53;0.00;13.81;0.61;0.72;25.93
madrona;60;1789191475;nvme22n1;837.68;10686.20;620.00;0.00;13.50;0.60;0.71;24.99
madrona;60;1789191475;nvme25n1;833.93;10301.40;815.40;0.00;13.33;0.60;0.72;26.06
madrona;60;1789191475;nvme23n1;828.40;11171.20;610.20;0.00;14.22;0.59;0.72;26.36
madrona;60;1789191475;nvme26n1;841.22;10944.53;824.00;0.00;13.99;0.58;0.69;25.91
madrona;60;1789191475;nvme18n1;837.88;10408.27;604.67;0.00;13.14;0.59;0.70;26.13
madrona;60;1789191475;nvme21n1;850.17;10737.47;797.53;0.00;13.57;0.60;0.71;25.70
madrona;60;1789191475;nvme10n1;866.72;11069.87;628.80;0.00;13.50;0.63;0.73;24.73
madrona;60;1789191475;vg_data-lv_stripe;22039.60;281864.07;17268.53;0.00;13.57;15.71;0.71;99.44
madrona;60;1789191535;nvme8n1;1635.40;15024.00;387.13;0.00;9.42;5.07;3.10;59.33
madrona;60;1789191535;nvme4n1;1632.30;15068.67;369.33;0.00;9.46;5.07;3.10;58.23
madrona;60;1789191535;nvme9n1;1615.25;14701.40;366.53;0.00;9.33;5.01;3.10;56.99
madrona;60;1789191535;nvme13n1;1586.45;14728.00;395.73;0.00;9.53;4.69;2.96;55.89
madrona;60;1789191535;nvme14n1;1600.93;14568.00;410.00;0.00;9.36;4.70;2.94;56.07
madrona;60;1789191535;nvme3n1;1620.00;14807.67;393.80;0.00;9.38;4.84;2.99;56.68
madrona;60;1789191535;nvme0n1;8.10;26.40;725.27;0.00;92.80;0.02;2.22;0.28
madrona;60;1789191535;nvme0n1p1;8.10;26.40;725.27;0.00;92.80;0.02;2.22;0.31
madrona;60;1789191535;nvme0n1p14;0.00;0.00;0.00;0.00;0.00;0.00;0.00;0.00
madrona;60;1789191535;nvme0n1p15;0.00;0.00;0.00;0.00;0.00;0.00;0.00;0.00
madrona;60;1789191535;nvme7n1;1607.98;15067.67;307.33;0.00;9.56;4.92;3.06;56.71
madrona;60;1789191535;nvme2n1;1619.90;14751.27;393.00;0.00;9.35;4.57;2.82;56.90
madrona;60;1789191535;nvme12n1;1571.20;14580.40;392.93;0.00;9.53;4.45;2.83;55.75
madrona;60;1789191535;nvme17n1;1610.05;14931.40;324.87;0.00;9.48;4.69;2.91;56.87
madrona;60;1789191535;nvme11n1;1590.78;15000.80;304.13;0.00;9.62;4.74;2.98;57.40
madrona;60;1789191535;nvme1n1;1617.30;14936.13;308.40;0.00;9.43;4.90;3.03;57.26
madrona;60;1789191535;nvme16n1;1629.80;15308.67;290.33;0.00;9.57;5.07;3.11;57.08
madrona;60;1789191535;nvme15n1;1624.33;15335.00;323.53;0.00;9.64;5.03;3.10;57.35
madrona;60;1789191535;nvme5n1;1608.83;14806.67;299.13;0.00;9.39;4.73;2.94;57.73
madrona;60;1789191535;nvme20n1;1606.20;14673.00;308.33;0.00;9.33;4.60;2.86;56.09
madrona;60;1789191535;nvme6n1;1632.78;15096.40;376.60;0.00;9.48;5.05;3.09;58.99
madrona;60;1789191535;nvme19n1;1608.15;14655.33;290.27;0.00;9.29;4.84;3.01;56.34
madrona;60;1789191535;nvme24n1;1621.42;15054.93;304.13;0.00;9.47;5.08;3.13;56.54
madrona;60;1789191535;nvme22n1;1604.08;14617.80;400.73;0.00;9.36;4.82;3.00;56.15
madrona;60;1789191535;nvme25n1;1603.07;15040.13;303.00;0.00;9.57;4.76;2.97;55.95
madrona;60;1789191535;nvme23n1;1622.43;14633.67;393.53;0.00;9.26;4.93;3.04;56.97
madrona;60;1789191535;nvme26n1;1626.58;14972.87;333.00;0.00;9.41;4.83;2.97;57.49
madrona;60;1789191535;nvme18n1;1610.37;15090.40;302.07;0.00;9.56;4.65;2.89;56.43
madrona;60;1789191535;nvme21n1;1597.72;14543.27;356.13;0.00;9.33;4.83;3.02;57.27
madrona;60;1789191535;nvme10n1;1593.75;14832.87;415.93;0.00;9.57;4.80;3.01;57.01
madrona;60;1789191535;vg_data-lv_stripe;41897.38;386822.20;9049.93;0.00;9.45;125.78;3.00;99.87
madrona;60;1789191595;nvme8n1;1159.18;13214.00;459.73;0.00;11.80;1.33;1.14;31.90
madrona;60;1789191595;nvme4n1;1171.13;13551.80;539.40;0.00;12.03;1.42;1.21;32.80
madrona;60;1789191595;nvme9n1;1187.88;13877.00;574.87;0.00;12.17;1.40;1.18;32.18
madrona;60;1789191595;nvme13n1;1161.23;13492.07;509.40;0.00;12.06;1.33;1.15;32.43
madrona;60;1789191595;nvme14n1;1176.33;13387.93;615.87;0.00;11.90;1.34;1.14;33.87
madrona;60;1789191595;nvme3n1;1169.88;13155.13;585.53;0.00;11.75;1.33;1.14;33.01
madrona;60;1789191595;nvme0n1;8.13;6.33;1001.80;0.00;123.95;0.02;2.11;0.27
madrona;60;1789191595;nvme0n1p1;8.13;6.33;1001.80;0.00;123.95;0.02;2.11;0.29
madrona;60;1789191595;nvme0n1p14;0.00;0.00;0.00;0.00;0.00;0.00;0.00;0.00
madrona;60;1789191595;nvme0n1p15;0.00;0.00;0.00;0.00;0.00;0.00;0.00;0.00
madrona;60;1789191595;nvme7n1;1172.27;13076.53;713.07;0.00;11.76;1.40;1.20;32.19
madrona;60;1789191595;nvme2n1;1187.92;13488.00;592.67;0.00;11.85;1.29;1.08;33.14
madrona;60;1789191595;nvme12n1;1164.85;13347.20;502.13;0.00;11.89;1.30;1.12;32.07
madrona;60;1789191595;nvme17n1;1165.45;12868.07;909.93;0.00;11.82;1.28;1.10;32.61
madrona;60;1789191595;nvme11n1;1161.15;12779.80;684.53;0.00;11.60;1.36;1.17;31.89
madrona;60;1789191595;nvme1n1;1164.00;13204.20;598.73;0.00;11.86;1.33;1.15;31.76
madrona;60;1789191595;nvme16n1;1175.32;12957.13;756.27;0.00;11.67;1.28;1.09;32.54
madrona;60;1789191595;nvme15n1;1185.87;12807.20;704.20;0.00;11.39;1.34;1.13;34.12
madrona;60;1789191595;nvme5n1;1174.18;13333.27;572.67;0.00;11.84;1.32;1.12;32.44
madrona;60;1789191595;nvme20n1;1159.78;12886.20;699.07;0.00;11.71;1.30;1.12;34.77
madrona;60;1789191595;nvme6n1;1174.87;13107.60;591.80;0.00;11.66;1.34;1.14;31.93
madrona;60;1789191595;nvme19n1;1172.63;13657.07;586.60;0.00;12.15;1.37;1.17;32.87
madrona;60;1789191595;nvme24n1;1175.12;13052.00;632.00;0.00;11.64;1.31;1.11;33.21
madrona;60;1789191595;nvme22n1;1162.40;13070.60;648.73;0.00;11.80;1.28;1.10;32.02
madrona;60;1789191595;nvme25n1;1156.02;12775.20;529.47;0.00;11.51;1.33;1.15;32.26
madrona;60;1789191595;nvme23n1;1154.68;12745.73;674.27;0.00;11.62;1.30;1.13;32.90
madrona;60;1789191595;nvme26n1;1179.45;13069.00;484.67;0.00;11.49;1.33;1.13;33.13
madrona;60;1789191595;nvme18n1;1168.45;13426.27;695.33;0.00;12.09;1.31;1.13;33.04
madrona;60;1789191595;nvme21n1;1158.65;12710.20;655.20;0.00;11.54;1.30;1.12;33.03
madrona;60;1789191595;nvme10n1;1172.13;13179.07;654.27;0.00;11.80;1.33;1.13;32.12
madrona;60;1789191595;vg_data-lv_stripe;30411.95;342220.93;16170.40;0.00;11.78;34.49;1.13;99.73
madrona;60;1789191655;nvme8n1;1248.22;14471.80;696.80;0.00;12.15;1.13;0.90;35.95
madrona;60;1789191655;nvme4n1;1240.32;13474.80;655.47;0.00;11.39;1.10;0.89;36.13
madrona;60;1789191655;nvme9n1;1245.57;14010.33;690.20;0.00;11.80;1.14;0.91;36.41
madrona;60;1789191655;nvme13n1;1229.32;13431.00;670.07;0.00;11.47;1.11;0.90;35.72
madrona;60;1789191655;nvme14n1;1237.37;13562.67;668.27;0.00;11.50;1.14;0.92;36.09
madrona;60;1789191655;nvme3n1;1251.72;13826.07;697.73;0.00;11.60;1.12;0.89;36.53
madrona;60;1789191655;nvme0n1;9.02;28.33;1138.67;0.00;129.43;0.02;2.12;0.27
madrona;60;1789191655;nvme0n1p1;9.02;28.33;1138.67;0.00;129.43;0.02;2.12;0.31
madrona;60;1789191655;nvme0n1p14;0.00;0.00;0.00;0.00;0.00;0.00;0.00;0.00
madrona;60;1789191655;nvme0n1p15;0.00;0.00;0.00;0.00;0.00;0.00;0.00;0.00
madrona;60;1789191655;nvme7n1;1233.00;14386.00;395.33;0.00;11.99;1.10;0.89;33.71
madrona;60;1789191655;nvme2n1;1253.10;13486.20;646.67;0.00;11.28;1.13;0.90;36.61
madrona;60;1789191655;nvme12n1;1227.92;13716.13;710.27;0.00;11.75;1.11;0.91;35.98
madrona;60;1789191655;nvme17n1;1225.23;13600.07;512.00;0.00;11.52;1.06;0.87;35.35
madrona;60;1789191655;nvme11n1;1226.93;14278.33;474.00;0.00;12.02;1.10;0.90;34.31
madrona;60;1789191655;nvme1n1;1232.05;13318.53;562.13;0.00;11.27;1.07;0.87;35.29
madrona;60;1789191655;nvme16n1;1240.47;13824.93;453.60;0.00;11.51;1.13;0.91;35.63
madrona;60;1789191655;nvme15n1;1239.68;13606.73;501.67;0.00;11.38;1.13;0.91;35.43
madrona;60;1789191655;nvme5n1;1232.47;13954.93;628.87;0.00;11.83;1.10;0.89;35.44
madrona;60;1789191655;nvme20n1;1224.80;13746.47;735.93;0.00;11.82;1.15;0.94;37.67
madrona;60;1789191655;nvme6n1;1246.75;13994.13;735.33;0.00;11.81;1.12;0.90;36.65
madrona;60;1789191655;nvme19n1;1239.93;13450.47;613.33;0.00;11.34;1.09;0.88;35.85
madrona;60;1789191655;nvme24n1;1230.65;13569.47;487.73;0.00;11.42;1.09;0.89;34.54
madrona;60;1789191655;nvme22n1;1224.28;13485.40;730.07;0.00;11.61;1.09;0.89;36.07
madrona;60;1789191655;nvme25n1;1234.58;13818.73;776.27;0.00;11.82;1.09;0.88;36.43
madrona;60;1789191655;nvme23n1;1231.08;13490.07;731.67;0.00;11.55;1.12;0.91;36.90
madrona;60;1789191655;nvme26n1;1249.05;13518.47;688.00;0.00;11.37;1.13;0.91;36.70
madrona;60;1789191655;nvme18n1;1233.27;13560.60;686.60;0.00;11.55;1.09;0.89;35.05
madrona;60;1789191655;nvme21n1;1230.52;13663.13;926.80;0.00;11.86;1.10;0.89;36.15
madrona;60;1789191655;nvme10n1;1242.55;14713.47;751.47;0.00;12.45;1.10;0.88;35.23
madrona;60;1789191655;vg_data-lv_stripe;32152.55;357958.67;16826.27;0.00;11.66;28.54;0.89;99.89
madrona;60;1789191715;nvme8n1;1134.20;12729.40;640.20;0.00;11.79;1.70;1.50;34.56
madrona;60;1789191715;nvme4n1;1134.82;13022.47;372.87;0.00;11.80;1.76;1.55;33.41
madrona;60;1789191715;nvme9n1;1147.93;13565.20;646.00;0.00;12.38;1.67;1.45;34.08
madrona;60;1789191715;nvme13n1;1136.28;12972.73;755.80;0.00;12.08;1.69;1.49;33.70
madrona;60;1789191715;nvme14n1;1123.72;12809.20;783.73;0.00;12.10;1.71;1.52;33.89
madrona;60;1789191715;nvme3n1;1139.58;12721.13;566.53;0.00;11.66;1.77;1.55;34.82
madrona;60;1789191715;nvme0n1;10.07;96.13;339.87;0.00;43.31;0.02;2.16;0.29
madrona;60;1789191715;nvme0n1p1;10.07;96.13;339.87;0.00;43.31;0.02;2.15;0.30
madrona;60;1789191715;nvme0n1p14;0.00;0.00;0.00;0.00;0.00;0.00;0.00;0.00
madrona;60;1789191715;nvme0n1p15;0.00;0.00;0.00;0.00;0.00;0.00;0.00;0.00
madrona;60;1789191715;nvme7n1;1137.88;12872.93;435.13;0.00;11.70;1.64;1.44;33.61
madrona;60;1789191715;nvme2n1;1138.50;12653.07;487.60;0.00;11.54;1.67;1.46;33.47
madrona;60;1789191715;nvme12n1;1131.58;13025.53;747.67;0.00;12.17;1.62;1.43;33.91
madrona;60;1789191715;nvme17n1;1123.45;12526.40;507.47;0.00;11.60;1.78;1.59;34.25
madrona;60;1789191715;nvme11n1;1118.32;12411.13;401.73;0.00;11.46;1.66;1.48;33.74
madrona;60;1789191715;nvme1n1;1111.02;12197.40;487.73;0.00;11.42;1.63;1.47;33.08
madrona;60;1789191715;nvme16n1;1135.03;12737.67;572.13;0.00;11.73;1.79;1.57;34.66
madrona;60;1789191715;nvme15n1;1150.02;12796.73;601.07;0.00;11.65;1.86;1.62;34.61
madrona;60;1789191715;nvme5n1;1123.12;12743.47;296.00;0.00;11.61;1.66;1.48;33.21
madrona;60;1789191715;nvme20n1;1127.00;12386.53;669.00;0.00;11.58;1.76;1.56;35.28
madrona;60;1789191715;nvme6n1;1133.77;13136.60;376.47;0.00;11.92;1.79;1.58;34.26
madrona;60;1789191715;nvme19n1;1128.97;12441.27;491.33;0.00;11.46;1.64;1.45;33.83
madrona;60;1789191715;nvme24n1;1144.67;12922.53;531.27;0.00;11.75;1.96;1.71;33.11
madrona;60;1789191715;nvme22n1;1122.72;12694.93;762.80;0.00;11.99;1.66;1.47;33.77
madrona;60;1789191715;nvme25n1;1105.85;12332.93;496.93;0.00;11.60;1.70;1.53;33.19
madrona;60;1789191715;nvme23n1;1127.57;12744.33;694.40;0.00;11.92;1.70;1.51;34.26
madrona;60;1789191715;nvme26n1;1146.82;12799.47;710.07;0.00;11.78;1.79;1.56;34.59
madrona;60;1789191715;nvme18n1;1139.38;12489.20;536.47;0.00;11.43;1.70;1.49;34.01
madrona;60;1789191715;nvme21n1;1122.17;12124.40;656.87;0.00;11.39;1.69;1.51;33.83
madrona;60;1789191715;nvme10n1;1130.30;12603.60;622.20;0.00;11.70;1.70;1.50;33.79
madrona;60;1789191715;vg_data-lv_stripe;29415.82;330460.13;14849.47;0.00;11.74;44.52;1.51;99.65
madrona;60;1789191775;nvme8n1;1000.87;12702.93;614.20;0.00;13.31;0.80;0.80;30.88
madrona;60;1789191775;nvme4n1;1012.88;12328.87;955.80;0.00;13.12;0.81;0.80;30.88
madrona;60;1789191775;nvme9n1;1001.03;12308.13;633.00;0.00;12.93;0.79;0.79;30.67
madrona;60;1789191775;nvme13n1;985.42;12250.67;566.80;0.00;13.01;0.77;0.78;31.19
madrona;60;1789191775;nvme14n1;984.30;12371.73;592.00;0.00;13.17;0.78;0.79;30.53
madrona;60;1789191775;nvme3n1;1005.62;12191.33;738.40;0.00;12.86;0.80;0.79;31.43
madrona;60;1789191775;nvme0n1;11.13;123.13;76.67;0.00;17.95;0.01;1.01;0.26
madrona;60;1789191775;nvme0n1p1;11.13;123.13;76.67;0.00;17.95;0.01;1.02;0.28
madrona;60;1789191775;nvme0n1p14;0.00;0.00;0.00;0.00;0.00;0.00;0.00;0.00
madrona;60;1789191775;nvme0n1p15;0.00;0.00;0.00;0.00;0.00;0.00;0.00;0.00
madrona;60;1789191775;nvme7n1;1013.72;12274.73;977.07;0.00;13.07;0.80;0.78;30.75
madrona;60;1789191775;nvme2n1;1012.48;11915.20;778.33;0.00;12.54;0.80;0.79;30.72
madrona;60;1789191775;nvme12n1;979.03;12342.20;645.13;0.00;13.27;0.75;0.77;31.06
madrona;60;1789191775;nvme17n1;972.73;12220.33;589.47;0.00;13.17;0.77;0.79;29.43
madrona;60;1789191775;nvme11n1;993.22;12433.60;849.93;0.00;13.37;0.78;0.79;30.35
madrona;60;1789191775;nvme1n1;985.25;11697.93;765.67;0.00;12.65;0.78;0.79;29.90
madrona;60;1789191775;nvme16n1;978.40;11694.20;472.93;0.00;12.44;0.80;0.82;29.39
madrona;60;1789191775;nvme15n1;996.65;12332.93;604.13;0.00;12.98;0.81;0.81;31.07
madrona;60;1789191775;nvme5n1;1013.72;12627.20;1072.60;0.00;13.51;0.79;0.78;31.15
madrona;60;1789191775;nvme20n1;976.45;12380.80;405.13;0.00;13.09;0.78;0.79;31.07
madrona;60;1789191775;nvme6n1;1012.32;12285.40;1174.13;0.00;13.30;0.82;0.81;32.36
madrona;60;1789191775;nvme19n1;996.10;12518.87;684.40;0.00;13.25;0.79;0.80;30.22
madrona;60;1789191775;nvme24n1;984.95;12077.00;618.93;0.00;12.89;0.78;0.79;29.71
madrona;60;1789191775;nvme22n1;967.98;11815.40;473.27;0.00;12.70;0.77;0.79;30.33
madrona;60;1789191775;nvme25n1;962.45;12146.93;467.00;0.00;13.11;0.78;0.81;30.07
madrona;60;1789191775;nvme23n1;966.05;11995.67;402.80;0.00;12.83;0.78;0.81;29.72
madrona;60;1789191775;nvme26n1;994.68;12172.27;485.73;0.00;12.73;0.80;0.80;30.39
madrona;60;1789191775;nvme18n1;998.98;12292.13;796.40;0.00;13.10;0.79;0.79;30.59
madrona;60;1789191775;nvme21n1;962.90;12323.87;458.60;0.00;13.27;0.76;0.79;29.37
madrona;60;1789191775;nvme10n1;1000.67;12394.47;697.00;0.00;13.08;0.80;0.80;30.90
madrona;60;1789191775;vg_data-lv_stripe;25760.75;318092.93;17518.87;0.00;13.03;20.25;0.79;99.78
madrona;60;1789191835;nvme8n1;1001.37;12426.33;914.33;0.00;13.32;1.18;1.18;31.59
madrona;60;1789191835;nvme4n1;974.80;12180.87;345.33;0.00;12.85;1.21;1.24;29.60
madrona;60;1789191835;nvme9n1;976.57;12194.13;620.93;0.00;13.12;1.16;1.19;30.35
madrona;60;1789191835;nvme13n1;974.98;12026.60;560.07;0.00;12.91;1.16;1.19;30.85
madrona;60;1789191835;nvme14n1;970.35;12261.60;310.07;0.00;12.96;1.13;1.16;30.56
madrona;60;1789191835;nvme3n1;976.95;12295.40;355.73;0.00;12.95;1.16;1.19;30.98
madrona;60;1789191835;nvme0n1;8.90;10.47;74.07;0.00;9.50;0.01;1.27;0.18
madrona;60;1789191835;nvme0n1p1;8.90;10.47;74.07;0.00;9.50;0.01;1.27;0.18
madrona;60;1789191835;nvme0n1p14;0.00;0.00;0.00;0.00;0.00;0.00;0.00;0.00
madrona;60;1789191835;nvme0n1p15;0.00;0.00;0.00;0.00;0.00;0.00;0.00;0.00
madrona;60;1789191835;nvme7n1;989.08;12379.67;666.80;0.00;13.19;1.18;1.19;30.99
madrona;60;1789191835;nvme2n1;996.57;12376.87;544.87;0.00;12.97;1.21;1.22;31.28
madrona;60;1789191835;nvme12n1;969.68;11662.93;532.73;0.00;12.58;1.14;1.18;30.53
madrona;60;1789191835;nvme17n1;966.52;11897.87;594.73;0.00;12.93;1.16;1.20;30.95
madrona;60;1789191835;nvme11n1;985.80;12046.00;746.13;0.00;12.98;1.14;1.16;29.91
madrona;60;1789191835;nvme1n1;965.65;11702.00;471.73;0.00;12.61;1.16;1.20;29.38
madrona;60;1789191835;nvme16n1;986.42;12185.47;652.93;0.00;13.02;1.17;1.19;31.03
madrona;60;1789191835;nvme15n1;992.70;11780.07;687.00;0.00;12.56;1.14;1.15;32.18
madrona;60;1789191835;nvme5n1;981.82;12393.13;454.13;0.00;13.09;1.11;1.13;29.83
madrona;60;1789191835;nvme20n1;972.03;11757.47;453.47;0.00;12.56;1.22;1.25;32.43
madrona;60;1789191835;nvme6n1;981.62;12299.73;378.60;0.00;12.92;1.14;1.16;29.87
madrona;60;1789191835;nvme19n1;968.55;11761.33;408.13;0.00;12.56;1.08;1.11;30.87
madrona;60;1789191835;nvme24n1;989.68;11928.07;674.93;0.00;12.73;1.18;1.19;30.86
madrona;60;1789191835;nvme22n1;966.57;12189.27;373.13;0.00;13.00;1.19;1.23;30.23
madrona;60;1789191835;nvme25n1;956.55;11558.93;539.60;0.00;12.65;1.16;1.21;30.99
madrona;60;1789191835;nvme23n1;947.35;11591.73;392.13;0.00;12.65;1.13;1.19;30.37
madrona;60;1789191835;nvme26n1;997.93;12112.07;689.87;0.00;12.83;1.21;1.21;32.17
madrona;60;1789191835;nvme18n1;976.70;12239.93;594.47;0.00;13.14;1.10;1.13;31.22
madrona;60;1789191835;nvme21n1;981.12;11693.07;733.00;0.00;12.67;1.17;1.19;31.13
madrona;60;1789191835;nvme10n1;997.08;12553.13;749.40;0.00;13.34;1.12;1.12;31.41
madrona;60;1789191835;vg_data-lv_stripe;25445.68;313495.13;14444.27;0.00;12.89;29.99;1.18;99.55
madrona;60;1789191895;nvme8n1;1581.05;15188.54;352.41;0.00;9.83;3.98;2.52;55.31
madrona;60;1789191895;nvme4n1;1594.48;15502.42;524.51;0.00;10.05;4.03;2.53;54.36
madrona;60;1789191895;nvme9n1;1577.65;15477.49;351.61;0.00;10.03;3.66;2.32;54.68
madrona;60;1789191895;nvme13n1;1552.56;14638.03;473.52;0.00;9.73;3.71;2.39;53.80
madrona;60;1789191895;nvme14n1;1564.87;14741.81;511.38;0.00;9.75;3.73;2.38;53.53
madrona;60;1789191895;nvme3n1;1588.87;15320.78;452.06;0.00;9.93;3.81;2.40;54.94
madrona;60;1789191895;nvme0n1;11.40;175.50;58.79;0.00;20.56;0.02;1.60;0.37
madrona;60;1789191895;nvme0n1p1;11.40;175.50;58.79;0.00;20.56;0.02;1.60;0.37
madrona;60;1789191895;nvme0n1p14;0.00;0.00;0.00;0.00;0.00;0.00;0.00;0.00
madrona;60;1789191895;nvme0n1p15;0.00;0.00;0.00;0.00;0.00;0.00;0.00;0.00
madrona;60;1789191895;nvme7n1;1567.57;15212.40;404.60;0.00;9.96;3.80;2.42;53.47
madrona;60;1789191895;nvme2n1;1580.80;15069.09;506.05;0.00;9.85;3.79;2.39;53.99
madrona;60;1789191895;nvme12n1;1537.83;15135.88;371.80;0.00;10.08;3.74;2.43;52.56
madrona;60;1789191895;nvme17n1;1579.17;15552.14;430.13;0.00;10.12;3.76;2.38;53.96
madrona;60;1789191895;nvme11n1;1560.21;15350.24;296.35;0.00;10.03;3.87;2.48;54.70
madrona;60;1789191895;nvme1n1;1563.02;15161.47;471.39;0.00;10.00;3.82;2.44;53.71
madrona;60;1789191895;nvme16n1;1602.37;15364.37;497.98;0.00;9.90;3.86;2.41;54.46
madrona;60;1789191895;nvme15n1;1605.53;15417.16;525.58;0.00;9.93;3.83;2.39;54.58
madrona;60;1789191895;nvme5n1;1563.49;15075.29;372.54;0.00;9.88;3.78;2.42;53.96
madrona;60;1789191895;nvme20n1;1584.29;15374.77;509.98;0.00;10.03;3.50;2.21;53.70
madrona;60;1789191895;nvme6n1;1593.82;15519.55;468.52;0.00;10.03;4.16;2.61;56.29
madrona;60;1789191895;nvme19n1;1566.87;15575.87;373.94;0.00;10.18;3.78;2.41;53.63
madrona;60;1789191895;nvme24n1;1599.02;15460.69;529.85;0.00;10.00;3.53;2.21;53.50
madrona;60;1789191895;nvme22n1;1562.29;15428.10;483.12;0.00;10.18;3.73;2.39;53.55
madrona;60;1789191895;nvme25n1;1564.36;15189.74;497.92;0.00;10.03;3.47;2.22;53.67
madrona;60;1789191895;nvme23n1;1581.85;15535.61;444.73;0.00;10.10;3.76;2.38;53.89
madrona;60;1789191895;nvme26n1;1612.10;15967.27;515.51;0.00;10.22;3.76;2.33;54.14
madrona;60;1789191895;nvme18n1;1579.04;15416.03;432.06;0.00;10.04;3.91;2.48;54.26
madrona;60;1789191895;nvme21n1;1577.47;15094.15;578.84;0.00;9.94;3.77;2.39;54.54
madrona;60;1789191895;nvme10n1;1567.67;15139.14;413.00;0.00;9.92;3.82;2.44;53.45
madrona;60;1789191895;vg_data-lv_stripe;41009.65;397909.82;11789.37;0.00;9.99;98.44;2.40;99.98
madrona;60;1789191955;nvme8n1;1149.08;12924.47;634.73;0.00;11.80;2.31;2.01;34.70
madrona;60;1789191955;nvme4n1;1145.72;12487.27;610.87;0.00;11.43;2.06;1.79;33.39
madrona;60;1789191955;nvme9n1;1134.83;12885.93;609.80;0.00;11.89;2.07;1.83;33.86
madrona;60;1789191955;nvme13n1;1122.35;12189.33;832.67;0.00;11.60;2.01;1.79;34.03
madrona;60;1789191955;nvme14n1;1131.95;12332.00;750.87;0.00;11.56;2.05;1.81;34.96
madrona;60;1789191955;nvme3n1;1135.87;12549.40;557.47;0.00;11.54;1.79;1.58;33.36
madrona;60;1789191955;nvme0n1;7.13;2.00;69.20;0.00;9.98;0.01;1.25;0.13
madrona;60;1789191955;nvme0n1p1;7.13;2.00;69.20;0.00;9.98;0.01;1.25;0.13
madrona;60;1789191955;nvme0n1p14;0.00;0.00;0.00;0.00;0.00;0.00;0.00;0.00
madrona;60;1789191955;nvme0n1p15;0.00;0.00;0.00;0.00;0.00;0.00;0.00;0.00
madrona;60;1789191955;nvme7n1;1146.32;12860.67;686.53;0.00;11.82;2.06;1.80;33.31
madrona;60;1789191955;nvme2n1;1136.97;12303.80;465.87;0.00;11.23;1.97;1.73;32.87
madrona;60;1789191955;nvme12n1;1106.00;12276.47;535.53;0.00;11.58;1.89;1.71;33.13
madrona;60;1789191955;nvme17n1;1109.10;11936.40;330.93;0.00;11.06;1.98;1.79;32.64
madrona;60;1789191955;nvme11n1;1140.73;12897.73;566.40;0.00;11.80;2.08;1.82;32.33
madrona;60;1789191955;nvme1n1;1119.58;12582.33;384.73;0.00;11.58;1.99;1.77;32.21
madrona;60;1789191955;nvme16n1;1139.18;12670.67;392.40;0.00;11.47;2.04;1.79;32.92
madrona;60;1789191955;nvme15n1;1144.42;12646.67;412.53;0.00;11.41;1.92;1.68;33.76
madrona;60;1789191955;nvme5n1;1138.55;12884.40;550.73;0.00;11.80;1.92;1.68;33.11
madrona;60;1789191955;nvme20n1;1116.98;12471.07;548.93;0.00;11.66;2.12;1.90;34.69
madrona;60;1789191955;nvme6n1;1143.40;12626.87;630.33;0.00;11.59;1.98;1.73;34.01
madrona;60;1789191955;nvme19n1;1121.72;12196.00;289.27;0.00;11.13;2.06;1.84;32.97
madrona;60;1789191955;nvme24n1;1143.08;12141.27;434.73;0.00;11.00;1.93;1.69;32.83
madrona;60;1789191955;nvme22n1;1118.52;12122.13;646.60;0.00;11.42;1.91;1.71;33.27
madrona;60;1789191955;nvme25n1;1116.78;11952.00;490.80;0.00;11.14;2.03;1.82;33.53
madrona;60;1789191955;nvme23n1;1122.43;12076.67;767.07;0.00;11.44;1.93;1.72;33.96
madrona;60;1789191955;nvme26n1;1133.10;12323.73;485.40;0.00;11.30;2.00;1.77;33.79
madrona;60;1789191955;nvme18n1;1133.95;12461.80;349.53;0.00;11.30;1.90;1.68;32.85
madrona;60;1789191955;nvme21n1;1128.75;12265.53;625.40;0.00;11.42;2.12;1.88;34.31
madrona;60;1789191955;nvme10n1;1135.47;13201.20;496.27;0.00;12.06;2.10;1.85;33.26
madrona;60;1789191955;vg_data-lv_stripe;29417.12;324262.40;14086.53;0.00;11.50;52.29;1.78;99.45
madrona;60;1789192015;nvme8n1;1125.23;13049.67;582.13;0.00;12.11;1.13;1.01;34.59
madrona;60;1789192015;nvme4n1;1124.43;12967.67;738.47;0.00;12.19;1.14;1.01;34.54
madrona;60;1789192015;nvme9n1;1134.80;13035.07;542.73;0.00;11.96;1.14;1.01;35.35
madrona;60;1789192015;nvme13n1;1104.33;12938.80;437.40;0.00;12.11;1.11;1.01;34.16
madrona;60;1789192015;nvme14n1;1110.13;12843.53;472.07;0.00;11.99;1.09;0.98;35.00
madrona;60;1789192015;nvme3n1;1121.88;13151.80;583.20;0.00;12.24;1.10;0.98;34.35
madrona;60;1789192015;nvme0n1;9.75;55.53;74.07;0.00;13.29;0.01;1.18;0.20
madrona;60;1789192015;nvme0n1p1;9.75;55.53;74.07;0.00;13.29;0.01;1.18;0.21
madrona;60;1789192015;nvme0n1p14;0.00;0.00;0.00;0.00;0.00;0.00;0.00;0.00
madrona;60;1789192015;nvme0n1p15;0.00;0.00;0.00;0.00;0.00;0.00;0.00;0.00
madrona;60;1789192015;nvme7n1;1139.23;13260.73;815.80;0.00;12.36;1.12;0.99;34.26
madrona;60;1789192015;nvme2n1;1129.72;13194.07;679.87;0.00;12.28;1.07;0.95;34.05
madrona;60;1789192015;nvme12n1;1112.55;12875.47;431.27;0.00;11.96;1.08;0.97;34.11
madrona;60;1789192015;nvme17n1;1110.47;12915.40;813.27;0.00;12.36;1.07;0.97;34.93
madrona;60;1789192015;nvme11n1;1125.30;13046.73;704.07;0.00;12.22;1.14;1.02;33.09
madrona;60;1789192015;nvme1n1;1103.25;12473.53;775.13;0.00;12.01;1.07;0.97;33.88
madrona;60;1789192015;nvme16n1;1143.82;12854.80;724.93;0.00;11.87;1.12;0.98;35.21
madrona;60;1789192015;nvme15n1;1140.20;12812.73;907.20;0.00;12.03;1.11;0.97;35.16
madrona;60;1789192015;nvme5n1;1132.33;13371.33;698.00;0.00;12.43;1.13;0.99;33.43
madrona;60;1789192015;nvme20n1;1105.88;11995.27;714.80;0.00;11.49;1.06;0.96;35.61
madrona;60;1789192015;nvme6n1;1130.88;13252.27;602.53;0.00;12.25;1.10;0.98;35.45
madrona;60;1789192015;nvme19n1;1116.42;13094.13;682.07;0.00;12.34;1.08;0.97;34.91
madrona;60;1789192015;nvme24n1;1137.58;13038.07;852.13;0.00;12.21;1.11;0.97;34.41
madrona;60;1789192015;nvme22n1;1108.45;12846.47;686.53;0.00;12.21;1.06;0.96;35.07
madrona;60;1789192015;nvme25n1;1094.77;12149.80;768.73;0.00;11.80;1.04;0.95;34.37
madrona;60;1789192015;nvme23n1;1117.05;12499.40;684.93;0.00;11.80;1.14;1.02;35.07
madrona;60;1789192015;nvme26n1;1134.90;12786.13;777.27;0.00;11.95;1.10;0.97;35.55
madrona;60;1789192015;nvme18n1;1136.63;12979.80;823.73;0.00;12.14;1.11;0.97;35.38
madrona;60;1789192015;nvme21n1;1105.95;11845.73;805.87;0.00;11.44;1.05;0.95;35.31
madrona;60;1789192015;nvme10n1;1127.80;12947.73;718.93;0.00;12.12;1.13;1.01;34.19
madrona;60;1789192015;vg_data-lv_stripe;29175.75;334227.80;18022.93;0.00;12.07;28.35;0.97;99.85
madrona;60;1789192075;nvme8n1;1048.72;11928.93;430.73;0.00;11.79;1.67;1.59;33.13
madrona;60;1789192075;nvme4n1;1046.58;11425.87;760.47;0.00;11.64;1.78;1.70;32.77
madrona;60;1789192075;nvme9n1;1064.78;11983.20;472.13;0.00;11.70;1.63;1.53;33.61
madrona;60;1789192075;nvme13n1;1033.08;11567.93;566.27;0.00;11.75;1.62;1.57;32.97
madrona;60;1789192075;nvme14n1;1055.10;11969.73;751.07;0.00;12.06;1.56;1.48;33.89
madrona;60;1789192075;nvme3n1;1054.25;11792.87;635.80;0.00;11.79;1.71;1.62;33.15
madrona;60;1789192075;nvme0n1;8.32;29.87;68.40;0.00;11.82;0.01;1.36;0.23
madrona;60;1789192075;nvme0n1p1;8.32;29.87;68.40;0.00;11.82;0.01;1.36;0.23
madrona;60;1789192075;nvme0n1p14;0.00;0.00;0.00;0.00;0.00;0.00;0.00;0.00
madrona;60;1789192075;nvme0n1p15;0.00;0.00;0.00;0.00;0.00;0.00;0.00;0.00
madrona;60;1789192075;nvme7n1;1064.25;12063.87;655.80;0.00;11.95;1.60;1.50;32.84
madrona;60;1789192075;nvme2n1;1057.70;11944.13;642.07;0.00;11.90;1.62;1.53;32.46
madrona;60;1789192075;nvme12n1;1039.18;11248.33;465.67;0.00;11.27;1.62;1.56;32.25
madrona;60;1789192075;nvme17n1;1035.07;11817.87;712.73;0.00;12.11;1.63;1.58;32.59
madrona;60;1789192075;nvme11n1;1049.98;11957.87;556.87;0.00;11.92;1.61;1.53;31.65
madrona;60;1789192075;nvme1n1;1027.72;11680.40;649.67;0.00;12.00;1.74;1.70;31.71
madrona;60;1789192075;nvme16n1;1056.95;12223.60;586.60;0.00;12.12;1.75;1.66;33.33
madrona;60;1789192075;nvme15n1;1061.97;12061.80;514.07;0.00;11.84;1.73;1.63;33.64
madrona;60;1789192075;nvme5n1;1054.92;12015.47;545.73;0.00;11.91;1.69;1.60;32.81
madrona;60;1789192075;nvme20n1;1055.38;11867.67;1101.87;0.00;12.29;1.65;1.57;35.01
madrona;60;1789192075;nvme6n1;1055.25;11934.60;712.67;0.00;11.99;1.73;1.64;33.82
madrona;60;1789192075;nvme19n1;1046.63;12020.27;568.47;0.00;12.03;1.65;1.58;32.10
madrona;60;1789192075;nvme24n1;1064.67;12316.00;539.00;0.00;12.07;1.74;1.64;32.33
madrona;60;1789192075;nvme22n1;1038.65;11445.13;798.67;0.00;11.79;1.65;1.59;32.83
madrona;60;1789192075;nvme25n1;1041.85;12048.00;844.67;0.00;12.37;1.67;1.60;33.57
madrona;60;1789192075;nvme23n1;1052.70;12046.47;1077.87;0.00;12.47;1.67;1.59;33.76
madrona;60;1789192075;nvme26n1;1053.87;12294.13;419.20;0.00;12.06;1.73;1.64;33.56
madrona;60;1789192075;nvme18n1;1061.22;12118.33;679.73;0.00;12.06;1.70;1.60;32.43
madrona;60;1789192075;nvme21n1;1048.17;11908.80;1006.33;0.00;12.32;1.65;1.58;34.15
madrona;60;1789192075;nvme10n1;1041.80;11823.07;501.67;0.00;11.83;1.53;1.47;31.71
madrona;60;1789192075;vg_data-lv_stripe;27311.35;309503.13;17195.80;0.00;11.96;43.23;1.58;99.67
madrona;60;1789192135;nvme8n1;1019.67;12174.67;517.47;0.00;12.45;0.96;0.94;31.91
madrona;60;1789192135;nvme4n1;1001.52;11820.13;479.87;0.00;12.28;0.93;0.93;31.42
madrona;60;1789192135;nvme9n1;1022.48;12050.00;626.53;0.00;12.40;0.95;0.92;32.18
madrona;60;1789192135;nvme13n1;1006.47;12087.87;896.93;0.00;12.90;0.92;0.92;32.59
madrona;60;1789192135;nvme14n1;1017.73;11885.00;930.27;0.00;12.59;0.91;0.90;31.93
madrona;60;1789192135;nvme3n1;1016.58;11808.00;523.20;0.00;12.13;0.94;0.93;31.40
madrona;60;1789192135;nvme0n1;12.80;152.73;74.53;0.00;17.76;0.01;0.92;0.24
madrona;60;1789192135;nvme0n1p1;12.80;152.73;74.53;0.00;17.76;0.01;0.92;0.25
madrona;60;1789192135;nvme0n1p14;0.00;0.00;0.00;0.00;0.00;0.00;0.00;0.00
madrona;60;1789192135;nvme0n1p15;0.00;0.00;0.00;0.00;0.00;0.00;0.00;0.00
madrona;60;1789192135;nvme7n1;1026.05;12240.33;542.67;0.00;12.46;0.90;0.88;31.04
madrona;60;1789192135;nvme2n1;1026.77;11781.20;548.93;0.00;12.01;0.99;0.96;31.04
madrona;60;1789192135;nvme12n1;1001.75;11859.27;699.07;0.00;12.54;0.90;0.90;30.68
madrona;60;1789192135;nvme17n1;1001.90;11961.33;665.20;0.00;12.60;0.94;0.94;30.89
madrona;60;1789192135;nvme11n1;1012.75;12296.60;645.53;0.00;12.78;0.89;0.88;31.03
madrona;60;1789192135;nvme1n1;1003.20;11703.53;656.47;0.00;12.32;0.94;0.93;31.24
madrona;60;1789192135;nvme16n1;1016.08;11880.93;548.93;0.00;12.23;0.93;0.92;31.33
madrona;60;1789192135;nvme15n1;1028.03;12039.40;697.00;0.00;12.39;0.95;0.92;31.58
madrona;60;1789192135;nvme5n1;1036.12;12436.33;667.13;0.00;12.65;0.93;0.90;31.44
madrona;60;1789192135;nvme20n1;1001.57;11447.80;878.67;0.00;12.31;0.93;0.93;31.99
madrona;60;1789192135;nvme6n1;1020.98;12367.33;627.73;0.00;12.73;0.94;0.92;31.43
madrona;60;1789192135;nvme19n1;1008.57;11890.53;558.27;0.00;12.34;0.93;0.93;31.55
madrona;60;1789192135;nvme24n1;1023.52;12154.33;785.93;0.00;12.64;0.95;0.93;31.50
madrona;60;1789192135;nvme22n1;999.13;11484.93;979.80;0.00;12.48;0.90;0.90;31.93
madrona;60;1789192135;nvme25n1;1002.55;11160.00;942.33;0.00;12.07;0.92;0.92;32.24
madrona;60;1789192135;nvme23n1;989.13;11450.67;984.73;0.00;12.57;0.89;0.90;31.70
madrona;60;1789192135;nvme26n1;1025.85;11927.20;818.27;0.00;12.42;0.96;0.94;32.19
madrona;60;1789192135;nvme18n1;1024.42;12021.73;679.93;0.00;12.40;0.96;0.94;31.54
madrona;60;1789192135;nvme21n1;1001.53;11192.87;1012.67;0.00;12.19;0.97;0.96;31.75
madrona;60;1789192135;nvme10n1;1010.78;12372.13;570.93;0.00;12.80;0.91;0.90;31.03
madrona;60;1789192135;vg_data-lv_stripe;26346.80;309496.33;18484.47;0.00;12.45;24.14;0.92;99.67
madrona;60;1789192195;nvme8n1;969.05;12272.33;884.33;0.00;13.58;1.46;1.51;32.16
madrona;60;1789192195;nvme4n1;943.45;11907.80;430.93;0.00;13.08;1.48;1.56;30.69
madrona;60;1789192195;nvme9n1;973.32;11867.07;729.93;0.00;12.94;1.44;1.48;32.07
madrona;60;1789192195;nvme13n1;961.35;11680.40;561.87;0.00;12.73;1.51;1.57;32.47
madrona;60;1789192195;nvme14n1;964.53;11486.93;531.73;0.00;12.46;1.42;1.47;32.73
madrona;60;1789192195;nvme3n1;969.73;12156.00;389.27;0.00;12.94;1.40;1.44;31.31
madrona;60;1789192195;nvme0n1;8.13;3.80;75.87;0.00;9.80;0.01;1.42;0.18
madrona;60;1789192195;nvme0n1p1;8.13;3.80;75.87;0.00;9.80;0.01;1.42;0.18
madrona;60;1789192195;nvme0n1p14;0.00;0.00;0.00;0.00;0.00;0.00;0.00;0.00
madrona;60;1789192195;nvme0n1p15;0.00;0.00;0.00;0.00;0.00;0.00;0.00;0.00
madrona;60;1789192195;nvme7n1;1008.08;11937.27;1054.73;0.00;12.89;1.51;1.50;33.31
madrona;60;1789192195;nvme2n1;957.48;11500.33;419.67;0.00;12.45;1.47;1.54;29.97
madrona;60;1789192195;nvme12n1;957.42;11827.00;589.07;0.00;12.97;1.44;1.50;31.99
madrona;60;1789192195;nvme17n1;964.00;11511.87;627.53;0.00;12.59;1.43;1.48;31.07
madrona;60;1789192195;nvme11n1;1001.92;12577.27;1224.47;0.00;13.78;1.53;1.53;32.75
madrona;60;1789192195;nvme1n1;955.55;11419.60;587.40;0.00;12.57;1.42;1.48;30.05
madrona;60;1789192195;nvme16n1;974.73;11790.13;596.53;0.00;12.71;1.49;1.53;31.13
madrona;60;1789192195;nvme15n1;976.57;11639.33;649.93;0.00;12.58;1.48;1.52;32.29
madrona;60;1789192195;nvme5n1;977.43;11985.93;707.27;0.00;12.99;1.37;1.40;30.44
madrona;60;1789192195;nvme20n1;959.32;11169.33;677.87;0.00;12.35;1.44;1.50;33.55
madrona;60;1789192195;nvme6n1;963.28;11672.60;640.67;0.00;12.78;1.52;1.58;31.71
madrona;60;1789192195;nvme19n1;950.52;11401.20;527.60;0.00;12.55;1.37;1.44;31.17
madrona;60;1789192195;nvme24n1;973.88;11808.47;648.67;0.00;12.79;1.54;1.58;31.92
madrona;60;1789192195;nvme22n1;959.17;11042.47;582.67;0.00;12.12;1.47;1.53;30.89
madrona;60;1789192195;nvme25n1;949.92;11605.60;625.47;0.00;12.88;1.43;1.50;31.05
madrona;60;1789192195;nvme23n1;950.92;10909.80;594.13;0.00;12.10;1.46;1.54;30.95
madrona;60;1789192195;nvme26n1;958.80;11702.60;575.53;0.00;12.81;1.50;1.57;31.61
madrona;60;1789192195;nvme18n1;955.30;11398.80;525.73;0.00;12.48;1.40;1.46;30.10
madrona;60;1789192195;nvme21n1;944.80;11145.67;693.20;0.00;12.53;1.43;1.52;31.66
madrona;60;1789192195;nvme10n1;978.97;12243.20;869.87;0.00;13.39;1.51;1.55;31.99
madrona;60;1789192195;vg_data-lv_stripe;25100.95;303657.80;16946.07;0.00;12.77;37.69;1.50;99.42
madrona;60;1789192255;nvme8n1;1394.02;14030.47;379.20;0.00;10.34;2.53;1.82;47.49
madrona;60;1789192255;nvme4n1;1389.18;13455.80;799.47;0.00;10.26;2.37;1.70;46.95
madrona;60;1789192255;nvme9n1;1390.93;14211.73;379.93;0.00;10.49;2.43;1.75;46.51
madrona;60;1789192255;nvme13n1;1369.48;14334.33;392.13;0.00;10.75;2.45;1.79;46.03
madrona;60;1789192255;nvme14n1;1380.73;14458.80;400.40;0.00;10.76;2.51;1.82;46.19
madrona;60;1789192255;nvme3n1;1406.25;14029.07;833.60;0.00;10.57;2.47;1.75;47.31
madrona;60;1789192255;nvme0n1;7.98;10.80;63.80;0.00;9.34;0.01;1.45;0.19
madrona;60;1789192255;nvme0n1p1;7.98;10.80;63.80;0.00;9.34;0.01;1.45;0.21
madrona;60;1789192255;nvme0n1p14;0.00;0.00;0.00;0.00;0.00;0.00;0.00;0.00
madrona;60;1789192255;nvme0n1p15;0.00;0.00;0.00;0.00;0.00;0.00;0.00;0.00
madrona;60;1789192255;nvme7n1;1399.58;14135.27;687.47;0.00;10.59;2.47;1.76;46.22
madrona;60;1789192255;nvme2n1;1406.77;14293.67;738.47;0.00;10.69;2.49;1.77;46.97
madrona;60;1789192255;nvme12n1;1365.38;14178.40;396.67;0.00;10.67;2.33;1.71;45.53
madrona;60;1789192255;nvme17n1;1373.80;14150.07;611.20;0.00;10.74;2.50;1.82;46.17
madrona;60;1789192255;nvme11n1;1376.18;13963.73;571.60;0.00;10.56;2.45;1.78;46.50
madrona;60;1789192255;nvme1n1;1387.08;14128.93;683.73;0.00;10.68;2.64;1.90;46.53
madrona;60;1789192255;nvme16n1;1407.70;14635.47;668.80;0.00;10.87;2.41;1.71;46.40
madrona;60;1789192255;nvme15n1;1410.38;14626.07;476.27;0.00;10.71;2.47;1.75;46.72
madrona;60;1789192255;nvme5n1;1380.47;13575.80;659.73;0.00;10.31;2.34;1.69;46.31
madrona;60;1789192255;nvme20n1;1388.35;14489.40;475.93;0.00;10.78;2.33;1.68;46.61
madrona;60;1789192255;nvme6n1;1399.07;13696.80;573.80;0.00;10.20;2.47;1.77;48.26
madrona;60;1789192255;nvme19n1;1395.93;14131.07;593.40;0.00;10.55;2.47;1.77;46.37
madrona;60;1789192255;nvme24n1;1407.32;14868.13;535.00;0.00;10.95;2.41;1.71;47.01
madrona;60;1789192255;nvme22n1;1379.77;14280.20;417.00;0.00;10.65;2.42;1.75;46.43
madrona;60;1789192255;nvme25n1;1376.85;14073.87;545.87;0.00;10.62;2.47;1.79;46.22
madrona;60;1789192255;nvme23n1;1392.52;14175.67;502.00;0.00;10.54;2.48;1.78;46.99
madrona;60;1789192255;nvme26n1;1400.78;14911.60;403.67;0.00;10.93;2.48;1.77;46.07
madrona;60;1789192255;nvme18n1;1380.35;13901.67;509.73;0.00;10.44;2.48;1.79;46.53
madrona;60;1789192255;nvme21n1;1372.15;13861.33;605.40;0.00;10.54;2.38;1.74;45.89
madrona;60;1789192255;nvme10n1;1364.72;13865.93;500.67;0.00;10.53;2.35;1.72;45.62
madrona;60;1789192255;vg_data-lv_stripe;36097.03;368462.87;14341.13;0.00;10.60;63.55;1.76;99.87
madrona;60;1789192315;nvme8n1;1012.62;11848.27;647.33;0.00;12.34;1.31;1.30;29.15
madrona;60;1789192315;nvme4n1;994.62;12094.40;374.00;0.00;12.54;1.18;1.19;28.40
madrona;60;1789192315;nvme9n1;1028.53;12332.53;729.73;0.00;12.70;1.35;1.31;29.72
madrona;60;1789192315;nvme13n1;997.85;11687.20;663.73;0.00;12.38;1.19;1.19;29.39
madrona;60;1789192315;nvme14n1;1002.02;11680.33;597.33;0.00;12.25;1.06;1.06;29.36
madrona;60;1789192315;nvme3n1;1009.43;11617.87;277.73;0.00;11.78;1.16;1.15;29.16
madrona;60;1789192315;nvme0n1;8.25;21.87;73.07;0.00;11.51;0.01;1.10;0.18
madrona;60;1789192315;nvme0n1p1;8.25;21.87;73.07;0.00;11.51;0.01;1.10;0.19
madrona;60;1789192315;nvme0n1p14;0.00;0.00;0.00;0.00;0.00;0.00;0.00;0.00
madrona;60;1789192315;nvme0n1p15;0.00;0.00;0.00;0.00;0.00;0.00;0.00;0.00
madrona;60;1789192315;nvme7n1;1024.23;11840.20;865.00;0.00;12.40;1.31;1.28;29.71
madrona;60;1789192315;nvme2n1;1017.62;11613.20;402.53;0.00;11.81;1.19;1.17;29.45
madrona;60;1789192315;nvme12n1;1014.30;11884.87;759.07;0.00;12.47;1.19;1.18;29.89
madrona;60;1789192315;nvme17n1;1008.02;11513.27;975.33;0.00;12.39;1.22;1.21;29.95
madrona;60;1789192315;nvme11n1;1018.00;11815.87;759.53;0.00;12.35;1.33;1.30;28.99
madrona;60;1789192315;nvme1n1;991.40;11014.33;686.00;0.00;11.80;1.20;1.21;28.47
madrona;60;1789192315;nvme16n1;1020.58;11399.73;708.27;0.00;11.86;1.22;1.20;29.25
madrona;60;1789192315;nvme15n1;1025.43;11898.20;753.60;0.00;12.34;1.18;1.15;28.97
madrona;60;1789192315;nvme5n1;1025.87;12234.60;752.73;0.00;12.66;1.25;1.22;29.28
madrona;60;1789192315;nvme20n1;997.67;11331.13;481.73;0.00;11.84;1.21;1.22;29.49
madrona;60;1789192315;nvme6n1;1020.83;12009.87;656.80;0.00;12.41;1.20;1.18;29.28
madrona;60;1789192315;nvme19n1;1017.60;11619.80;860.80;0.00;12.26;1.30;1.27;29.48
madrona;60;1789192315;nvme24n1;1016.70;11646.13;558.80;0.00;12.00;1.16;1.14;29.15
madrona;60;1789192315;nvme22n1;991.38;11466.47;396.80;0.00;11.97;1.17;1.18;28.16
madrona;60;1789192315;nvme25n1;992.18;11285.60;577.20;0.00;11.96;1.21;1.22;28.75
madrona;60;1789192315;nvme23n1;991.80;11566.20;491.60;0.00;12.16;1.17;1.18;28.49
madrona;60;1789192315;nvme26n1;1022.93;11866.00;495.07;0.00;12.08;1.27;1.25;29.89
madrona;60;1789192315;nvme18n1;1026.17;12092.27;1062.13;0.00;12.82;1.30;1.27;29.81
madrona;60;1789192315;nvme21n1;994.87;11543.13;443.07;0.00;12.05;1.21;1.22;28.36
madrona;60;1789192315;nvme10n1;1010.00;11764.00;598.93;0.00;12.24;1.37;1.36;29.06
madrona;60;1789192315;vg_data-lv_stripe;26273.52;304665.00;16574.87;0.00;12.23;31.79;1.21;99.47
madrona;60;1789192375;nvme8n1;1003.50;11750.87;346.53;0.00;12.06;0.90;0.89;31.17
madrona;60;1789192375;nvme4n1;1012.02;11853.53;958.07;0.00;12.66;0.90;0.89;32.88
madrona;60;1789192375;nvme9n1;1013.85;12353.20;351.13;0.00;12.53;0.93;0.91;31.21
madrona;60;1789192375;nvme13n1;999.90;11930.80;476.00;0.00;12.41;0.91;0.91;32.45
madrona;60;1789192375;nvme14n1;1005.17;11976.33;660.27;0.00;12.57;0.93;0.93;32.25
madrona;60;1789192375;nvme3n1;1020.65;12064.53;945.93;0.00;12.75;0.91;0.89;33.35
madrona;60;1789192375;nvme0n1;7.53;24.27;69.60;0.00;12.46;0.01;1.23;0.21
madrona;60;1789192375;nvme0n1p1;7.53;24.27;69.60;0.00;12.46;0.01;1.23;0.23
madrona;60;1789192375;nvme0n1p14;0.00;0.00;0.00;0.00;0.00;0.00;0.00;0.00
madrona;60;1789192375;nvme0n1p15;0.00;0.00;0.00;0.00;0.00;0.00;0.00;0.00
madrona;60;1789192375;nvme7n1;1026.28;12001.27;583.20;0.00;12.26;0.96;0.93;30.53
madrona;60;1789192375;nvme2n1;1018.87;11770.40;906.60;0.00;12.44;0.92;0.90;32.53
madrona;60;1789192375;nvme12n1;1001.23;11975.87;364.07;0.00;12.32;0.90;0.89;31.41
madrona;60;1789192375;nvme17n1;1007.22;11890.27;593.73;0.00;12.39;0.93;0.92;30.68
madrona;60;1789192375;nvme11n1;1014.15;11940.40;553.60;0.00;12.32;0.94;0.92;31.48
madrona;60;1789192375;nvme1n1;1003.30;11722.80;742.47;0.00;12.42;0.91;0.91;32.15
madrona;60;1789192375;nvme16n1;1011.17;12426.40;734.80;0.00;13.02;0.93;0.92;31.90
madrona;60;1789192375;nvme15n1;1040.18;11946.93;831.53;0.00;12.28;0.96;0.93;33.10
madrona;60;1789192375;nvme5n1;1015.92;11997.47;620.60;0.00;12.42;0.91;0.90;30.63
madrona;60;1789192375;nvme20n1;1002.37;12036.73;714.40;0.00;12.72;0.89;0.89;32.51
madrona;60;1789192375;nvme6n1;1024.05;11914.60;781.33;0.00;12.40;0.92;0.90;32.07
madrona;60;1789192375;nvme19n1;1028.70;12270.80;696.47;0.00;12.61;0.93;0.90;32.25
madrona;60;1789192375;nvme24n1;1018.12;12079.20;867.93;0.00;12.72;0.92;0.90;32.65
madrona;60;1789192375;nvme22n1;1007.80;11679.33;838.60;0.00;12.42;0.88;0.87;33.00
madrona;60;1789192375;nvme25n1;986.53;11496.40;615.87;0.00;12.28;0.89;0.91;32.10
madrona;60;1789192375;nvme23n1;1005.93;11714.13;841.27;0.00;12.48;0.92;0.91;32.34
madrona;60;1789192375;nvme26n1;1021.67;11831.20;823.20;0.00;12.39;0.91;0.89;32.48
madrona;60;1789192375;nvme18n1;1014.63;11978.47;570.60;0.00;12.37;0.92;0.91;31.73
madrona;60;1789192375;nvme21n1;992.82;11536.00;656.07;0.00;12.28;0.88;0.88;32.49
madrona;60;1789192375;nvme10n1;1011.93;11912.67;485.87;0.00;12.25;0.88;0.87;32.27
madrona;60;1789192375;vg_data-lv_stripe;26309.73;310053.00;17560.13;0.00;12.45;23.58;0.90;99.71
madrona;60;1789192435;nvme8n1;1030.15;12296.33;583.33;0.00;12.50;1.17;1.13;30.86
madrona;60;1789192435;nvme4n1;1026.38;11921.67;682.60;0.00;12.28;1.08;1.05;30.81
madrona;60;1789192435;nvme9n1;1023.60;12311.07;527.67;0.00;12.54;1.08;1.06;31.26
madrona;60;1789192435;nvme13n1;1006.73;12044.27;514.13;0.00;12.47;1.06;1.05;30.80
madrona;60;1789192435;nvme14n1;1014.95;12026.20;525.67;0.00;12.37;1.09;1.08;30.80
madrona;60;1789192435;nvme3n1;1031.73;11927.87;754.60;0.00;12.29;1.11;1.08;31.24
madrona;60;1789192435;nvme0n1;8.97;31.13;75.33;0.00;11.87;0.01;1.26;0.21
madrona;60;1789192435;nvme0n1p1;8.97;31.13;75.33;0.00;11.87;0.01;1.26;0.21
madrona;60;1789192435;nvme0n1p14;0.00;0.00;0.00;0.00;0.00;0.00;0.00;0.00
madrona;60;1789192435;nvme0n1p15;0.00;0.00;0.00;0.00;0.00;0.00;0.00;0.00
madrona;60;1789192435;nvme7n1;1048.88;12505.07;556.80;0.00;12.45;1.10;1.05;28.98
madrona;60;1789192435;nvme2n1;1047.43;12111.20;706.40;0.00;12.24;1.13;1.07;31.32
madrona;60;1789192435;nvme12n1;1008.08;12165.33;502.73;0.00;12.57;1.08;1.07;29.79
madrona;60;1789192435;nvme17n1;1015.45;12162.53;587.27;0.00;12.56;1.06;1.04;30.05
madrona;60;1789192435;nvme11n1;1010.83;12033.20;515.73;0.00;12.41;1.07;1.06;29.73
madrona;60;1789192435;nvme1n1;1006.65;12130.13;630.27;0.00;12.68;1.07;1.07;29.13
madrona;60;1789192435;nvme16n1;1034.78;12513.00;709.87;0.00;12.78;1.10;1.06;30.46
madrona;60;1789192435;nvme15n1;1048.55;12409.20;669.80;0.00;12.47;1.15;1.10;31.19
madrona;60;1789192435;nvme5n1;1043.88;12537.67;759.33;0.00;12.74;1.14;1.09;29.23
madrona;60;1789192435;nvme20n1;998.43;11667.53;592.27;0.00;12.28;1.12;1.12;31.63
madrona;60;1789192435;nvme6n1;1043.62;12287.67;751.07;0.00;12.49;1.13;1.08;31.51
madrona;60;1789192435;nvme19n1;1044.85;12335.47;746.47;0.00;12.52;1.13;1.08;31.69
madrona;60;1789192435;nvme24n1;1035.62;11925.33;724.40;0.00;12.21;1.14;1.11;31.31
madrona;60;1789192435;nvme22n1;1012.90;11629.00;634.60;0.00;12.11;1.07;1.05;30.33
madrona;60;1789192435;nvme25n1;999.23;11040.60;622.20;0.00;11.67;1.13;1.14;30.75
madrona;60;1789192435;nvme23n1;1019.33;11672.13;533.80;0.00;11.97;1.08;1.06;31.19
madrona;60;1789192435;nvme26n1;1028.22;11726.73;781.73;0.00;12.17;1.15;1.11;32.15
madrona;60;1789192435;nvme18n1;1041.27;12343.47;723.80;0.00;12.55;1.16;1.12;31.60
madrona;60;1789192435;nvme21n1;1009.95;11338.40;753.47;0.00;11.97;1.18;1.17;31.03
madrona;60;1789192435;nvme10n1;1026.72;12411.27;445.60;0.00;12.52;1.13;1.10;30.24
madrona;60;1789192435;vg_data-lv_stripe;26659.45;313471.80;16535.60;0.00;12.38;28.72;1.08;99.47
madrona;60;1789192495;nvme8n1;1674.32;15253.07;135.20;0.00;9.19;5.91;3.53;62.37
madrona;60;1789192495;nvme4n1;1684.75;15045.60;237.73;0.00;9.07;5.81;3.45;61.43
madrona;60;1789192495;nvme9n1;1674.32;15030.00;296.53;0.00;9.15;5.75;3.44;61.46
madrona;60;1789192495;nvme13n1;1637.35;14621.40;332.80;0.00;9.13;5.81;3.55;60.54
madrona;60;1789192495;nvme14n1;1654.20;14706.67;240.13;0.00;9.04;5.80;3.50;60.57
madrona;60;1789192495;nvme3n1;1665.73;15027.53;234.27;0.00;9.16;5.64;3.39;61.37
madrona;60;1789192495;nvme0n1;11.05;239.93;44.00;0.00;25.70;0.02;1.95;0.47
madrona;60;1789192495;nvme0n1p1;11.05;239.93;44.00;0.00;25.70;0.02;1.95;0.47
madrona;60;1789192495;nvme0n1p14;0.00;0.00;0.00;0.00;0.00;0.00;0.00;0.00
madrona;60;1789192495;nvme0n1p15;0.00;0.00;0.00;0.00;0.00;0.00;0.00;0.00
madrona;60;1789192495;nvme7n1;1661.85;14974.47;252.20;0.00;9.16;5.92;3.56;60.71
madrona;60;1789192495;nvme2n1;1675.12;14968.87;146.07;0.00;9.02;5.79;3.46;61.59
madrona;60;1789192495;nvme12n1;1614.10;14271.07;323.33;0.00;9.04;5.47;3.39;58.94
madrona;60;1789192495;nvme17n1;1666.15;14649.27;265.00;0.00;8.95;5.48;3.29;61.10
madrona;60;1789192495;nvme11n1;1658.50;15149.53;246.07;0.00;9.28;5.66;3.42;63.01
madrona;60;1789192495;nvme1n1;1665.70;14754.00;150.40;0.00;8.95;5.84;3.51;62.41
madrona;60;1789192495;nvme16n1;1673.55;15058.67;272.80;0.00;9.16;5.87;3.51;61.75
madrona;60;1789192495;nvme15n1;1699.33;15007.53;257.47;0.00;8.98;5.83;3.43;61.81
madrona;60;1789192495;nvme5n1;1666.38;14841.20;240.40;0.00;9.05;5.78;3.47;61.75
madrona;60;1789192495;nvme20n1;1672.78;14788.00;251.60;0.00;8.99;5.76;3.44;60.39
madrona;60;1789192495;nvme6n1;1696.15;15124.20;329.87;0.00;9.11;6.12;3.61;63.87
madrona;60;1789192495;nvme19n1;1670.10;14543.20;186.53;0.00;8.82;5.74;3.44;60.75
madrona;60;1789192495;nvme24n1;1689.23;15047.20;256.00;0.00;9.06;5.60;3.31;61.42
madrona;60;1789192495;nvme22n1;1656.68;14915.67;187.07;0.00;9.12;5.85;3.53;61.11
madrona;60;1789192495;nvme25n1;1669.48;14724.80;363.67;0.00;9.04;6.03;3.61;61.49
madrona;60;1789192495;nvme23n1;1666.38;14678.47;156.00;0.00;8.90;5.85;3.51;60.05
madrona;60;1789192495;nvme26n1;1693.05;14892.93;334.53;0.00;8.99;5.85;3.45;61.93
madrona;60;1789192495;nvme18n1;1657.87;14621.20;254.20;0.00;8.97;5.48;3.31;61.19
madrona;60;1789192495;nvme21n1;1648.77;14758.20;345.93;0.00;9.16;5.52;3.35;61.49
madrona;60;1789192495;nvme10n1;1659.70;14984.47;160.87;0.00;9.13;5.52;3.33;60.73
madrona;60;1789192495;vg_data-lv_stripe;43351.87;386437.07;6456.67;0.00;9.06;149.87;3.46;100.00
madrona;60;1789192555;nvme8n1;1294.12;13643.27;432.80;0.00;10.88;3.92;3.03;38.46
madrona;60;1789192555;nvme4n1;1275.13;13474.87;235.93;0.00;10.75;3.80;2.98;36.41
madrona;60;1789192555;nvme9n1;1295.02;13522.40;433.67;0.00;10.78;4.19;3.24;38.23
madrona;60;1789192555;nvme13n1;1258.82;13167.67;793.73;0.00;11.09;3.76;2.99;38.08
madrona;60;1789192555;nvme14n1;1273.57;13755.93;732.93;0.00;11.38;3.58;2.81;39.53
madrona;60;1789192555;nvme3n1;1283.77;13824.27;251.13;0.00;10.96;3.78;2.94;38.55
madrona;60;1789192555;nvme0n1;3.83;5.00;41.87;0.00;12.23;0.01;2.19;0.12
madrona;60;1789192555;nvme0n1p1;3.83;5.00;41.87;0.00;12.23;0.01;2.19;0.12
madrona;60;1789192555;nvme0n1p14;0.00;0.00;0.00;0.00;0.00;0.00;0.00;0.00
madrona;60;1789192555;nvme0n1p15;0.00;0.00;0.00;0.00;0.00;0.00;0.00;0.00
madrona;60;1789192555;nvme7n1;1279.43;13417.00;396.60;0.00;10.80;3.66;2.86;38.52
madrona;60;1789192555;nvme2n1;1281.55;13821.40;279.80;0.00;11.00;3.51;2.74;37.86
madrona;60;1789192555;nvme12n1;1269.58;13373.53;618.27;0.00;11.02;3.80;3.00;38.25
madrona;60;1789192555;nvme17n1;1284.52;13343.87;511.27;0.00;10.79;3.95;3.07;38.18
madrona;60;1789192555;nvme11n1;1272.40;13480.27;387.13;0.00;10.90;3.80;2.98;37.50
madrona;60;1789192555;nvme1n1;1260.92;13501.27;344.53;0.00;10.98;3.84;3.05;37.13
madrona;60;1789192555;nvme16n1;1290.88;13578.40;393.80;0.00;10.82;4.62;3.58;38.08
madrona;60;1789192555;nvme15n1;1301.68;13660.47;431.93;0.00;10.83;4.09;3.14;38.99
madrona;60;1789192555;nvme5n1;1285.40;13610.60;459.07;0.00;10.95;3.70;2.88;36.89
madrona;60;1789192555;nvme20n1;1272.68;13171.27;786.47;0.00;10.97;4.13;3.24;40.00
madrona;60;1789192555;nvme6n1;1289.43;14104.33;289.13;0.00;11.16;4.06;3.15;37.93
madrona;60;1789192555;nvme19n1;1297.37;13625.53;416.60;0.00;10.82;4.39;3.38;39.53
madrona;60;1789192555;nvme24n1;1281.10;13144.40;498.13;0.00;10.65;4.13;3.23;38.65
madrona;60;1789192555;nvme22n1;1269.68;13519.60;944.40;0.00;11.39;3.62;2.85;38.97
madrona;60;1789192555;nvme25n1;1269.03;12783.13;767.67;0.00;10.68;3.88;3.06;38.93
madrona;60;1789192555;nvme23n1;1282.82;13554.40;880.60;0.00;11.25;4.10;3.20;39.33
madrona;60;1789192555;nvme26n1;1286.97;13492.93;545.07;0.00;10.91;3.80;2.96;38.64
madrona;60;1789192555;nvme18n1;1288.85;13625.13;457.60;0.00;10.93;4.03;3.13;38.10
madrona;60;1789192555;nvme21n1;1263.62;13011.40;912.53;0.00;11.02;3.92;3.11;39.75
madrona;60;1789192555;nvme10n1;1274.20;13517.93;396.33;0.00;10.92;3.41;2.68;37.83
madrona;60;1789192555;vg_data-lv_stripe;33283.15;350724.33;13597.13;0.00;10.95;101.67;3.05;99.56
madrona;60;1789192615;nvme8n1;1039.20;12600.40;515.20;0.00;12.62;1.06;1.02;30.77
madrona;60;1789192615;nvme4n1;1042.18;12080.40;781.07;0.00;12.34;1.03;0.99;31.02
madrona;60;1789192615;nvme9n1;1059.65;12828.60;763.07;0.00;12.83;1.08;1.02;31.80
madrona;60;1789192615;nvme13n1;1040.72;11980.07;887.47;0.00;12.36;1.06;1.02;31.56
madrona;60;1789192615;nvme14n1;1058.50;12473.00;1004.60;0.00;12.73;1.06;1.00;31.86
madrona;60;1789192615;nvme3n1;1068.30;12160.20;888.80;0.00;12.21;1.05;0.98;32.70
madrona;60;1789192615;nvme0n1;3.00;7.13;43.87;0.00;17.00;0.00;1.00;0.05
madrona;60;1789192615;nvme0n1p1;3.00;7.13;43.87;0.00;17.00;0.00;1.00;0.05
madrona;60;1789192615;nvme0n1p14;0.00;0.00;0.00;0.00;0.00;0.00;0.00;0.00
madrona;60;1789192615;nvme0n1p15;0.00;0.00;0.00;0.00;0.00;0.00;0.00;0.00
madrona;60;1789192615;nvme7n1;1040.37;12301.00;386.20;0.00;12.19;0.99;0.95;30.93
madrona;60;1789192615;nvme2n1;1066.68;12383.27;736.13;0.00;12.30;1.09;1.03;31.56
madrona;60;1789192615;nvme12n1;1044.02;12148.93;786.13;0.00;12.39;1.05;1.01;31.25
madrona;60;1789192615;nvme17n1;1049.42;12381.93;812.40;0.00;12.57;1.09;1.04;31.49
madrona;60;1789192615;nvme11n1;1044.27;12159.87;498.40;0.00;12.12;1.02;0.98;29.65
madrona;60;1789192615;nvme1n1;1043.58;11990.80;718.27;0.00;12.18;1.07;1.03;30.69
madrona;60;1789192615;nvme16n1;1063.98;12782.40;671.73;0.00;12.65;1.07;1.01;30.96
madrona;60;1789192615;nvme15n1;1066.80;12095.93;593.07;0.00;11.89;1.08;1.01;31.90
madrona;60;1789192615;nvme5n1;1052.48;12665.53;622.13;0.00;12.63;1.02;0.97;30.31
madrona;60;1789192615;nvme20n1;1036.08;12032.87;614.40;0.00;12.21;1.14;1.10;31.81
madrona;60;1789192615;nvme6n1;1057.40;12478.00;722.00;0.00;12.48;1.03;0.97;31.15
madrona;60;1789192615;nvme19n1;1064.98;12110.73;775.87;0.00;12.10;1.08;1.02;32.73
madrona;60;1789192615;nvme24n1;1036.63;11588.47;468.53;0.00;11.63;1.03;0.99;29.69
madrona;60;1789192615;nvme22n1;1043.17;12319.20;732.20;0.00;12.51;1.09;1.04;31.17
madrona;60;1789192615;nvme25n1;1017.47;11619.00;473.20;0.00;11.88;0.99;0.97;30.79
madrona;60;1789192615;nvme23n1;1036.75;12016.80;660.00;0.00;12.23;1.08;1.04;32.13
madrona;60;1789192615;nvme26n1;1030.58;11884.40;478.27;0.00;12.00;1.01;0.98;30.37
madrona;60;1789192615;nvme18n1;1053.43;12245.80;741.07;0.00;12.33;1.05;0.99;30.82
madrona;60;1789192615;nvme21n1;1030.72;12174.07;472.53;0.00;12.27;1.09;1.06;30.58
madrona;60;1789192615;nvme10n1;1045.43;12359.07;502.13;0.00;12.30;1.04;1.00;30.98
madrona;60;1789192615;vg_data-lv_stripe;27234.33;317861.87;17304.87;0.00;12.31;27.39;1.01;99.81
madrona;60;1789192675;nvme8n1;1059.90;11952.27;548.93;0.00;11.79;1.42;1.34;35.12
madrona;60;1789192675;nvme4n1;1036.30;11267.07;559.53;0.00;11.41;1.39;1.35;35.23
madrona;60;1789192675;nvme9n1;1059.77;11836.33;645.33;0.00;11.78;1.45;1.37;35.58
madrona;60;1789192675;nvme13n1;1032.83;11818.20;641.33;0.00;12.06;1.39;1.35;35.67
madrona;60;1789192675;nvme14n1;1050.42;11764.73;684.67;0.00;11.85;1.41;1.34;35.68
madrona;60;1789192675;nvme3n1;1046.90;11456.33;636.33;0.00;11.55;1.49;1.42;36.03
madrona;60;1789192675;nvme0n1;3.85;17.87;43.47;0.00;15.93;0.00;1.15;0.08
madrona;60;1789192675;nvme0n1p1;3.85;17.87;43.47;0.00;15.93;0.00;1.15;0.09
madrona;60;1789192675;nvme0n1p14;0.00;0.00;0.00;0.00;0.00;0.00;0.00;0.00
madrona;60;1789192675;nvme0n1p15;0.00;0.00;0.00;0.00;0.00;0.00;0.00;0.00
madrona;60;1789192675;nvme7n1;1056.10;12032.13;510.27;0.00;11.88;1.40;1.33;35.54
madrona;60;1789192675;nvme2n1;1066.90;11722.87;684.60;0.00;11.63;1.44;1.35;36.19
madrona;60;1789192675;nvme12n1;1027.52;11744.60;569.60;0.00;11.98;1.39;1.35;35.22
madrona;60;1789192675;nvme17n1;1043.82;11941.80;362.80;0.00;11.79;1.46;1.40;34.74
madrona;60;1789192675;nvme11n1;1048.73;11759.20;453.60;0.00;11.65;1.41;1.34;34.49
madrona;60;1789192675;nvme1n1;1035.27;11610.80;573.73;0.00;11.77;1.48;1.43;34.26
madrona;60;1789192675;nvme16n1;1055.68;12131.20;525.73;0.00;11.99;1.47;1.39;35.21
madrona;60;1789192675;nvme15n1;1061.83;11644.93;608.80;0.00;11.54;1.45;1.36;35.93
madrona;60;1789192675;nvme5n1;1056.07;11901.27;469.73;0.00;11.71;1.40;1.33;34.72
madrona;60;1789192675;nvme20n1;1036.08;11800.33;506.80;0.00;11.88;1.39;1.34;36.16
madrona;60;1789192675;nvme6n1;1049.70;11720.27;586.33;0.00;11.72;1.44;1.37;35.76
madrona;60;1789192675;nvme19n1;1059.78;12170.07;633.00;0.00;12.08;1.46;1.38;34.56
madrona;60;1789192675;nvme24n1;1044.43;11461.20;601.47;0.00;11.55;1.44;1.38;35.15
madrona;60;1789192675;nvme22n1;1035.10;11484.47;595.67;0.00;11.67;1.37;1.32;34.88
madrona;60;1789192675;nvme25n1;1027.00;11231.13;513.73;0.00;11.44;1.36;1.33;34.77
madrona;60;1789192675;nvme23n1;1035.53;11719.27;681.60;0.00;11.98;1.42;1.37;35.01
madrona;60;1789192675;nvme26n1;1043.90;11636.67;589.80;0.00;11.71;1.41;1.35;35.63
madrona;60;1789192675;nvme18n1;1047.95;11876.00;422.93;0.00;11.74;1.39;1.33;34.30
madrona;60;1789192675;nvme21n1;1023.75;11417.73;415.47;0.00;11.56;1.34;1.31;34.80
madrona;60;1789192675;nvme10n1;1052.22;11582.80;529.60;0.00;11.51;1.41;1.34;34.69
madrona;60;1789192675;vg_data-lv_stripe;27194.47;304681.93;14551.40;0.00;11.74;36.86;1.36;99.60
madrona;60;1789192735;nvme8n1;911.83;10808.27;493.60;0.00;12.39;0.69;0.76;28.37
madrona;60;1789192735;nvme4n1;926.17;11283.93;685.27;0.00;12.92;0.71;0.77;29.62
madrona;60;1789192735;nvme9n1;935.55;10912.93;682.00;0.00;12.39;0.69;0.74;29.52
madrona;60;1789192735;nvme13n1;915.75;10999.93;631.73;0.00;12.70;0.70;0.77;28.93
madrona;60;1789192735;nvme14n1;925.37;11273.60;698.20;0.00;12.94;0.70;0.76;28.68
madrona;60;1789192735;nvme3n1;947.40;11386.60;793.93;0.00;12.86;0.71;0.75;30.26
madrona;60;1789192735;nvme0n1;2.75;5.07;42.40;0.00;17.26;0.00;1.14;0.05
madrona;60;1789192735;nvme0n1p1;2.75;5.07;42.40;0.00;17.26;0.00;1.14;0.05
madrona;60;1789192735;nvme0n1p14;0.00;0.00;0.00;0.00;0.00;0.00;0.00;0.00
madrona;60;1789192735;nvme0n1p15;0.00;0.00;0.00;0.00;0.00;0.00;0.00;0.00
madrona;60;1789192735;nvme7n1;938.50;11266.27;459.13;0.00;12.49;0.72;0.77;28.65
madrona;60;1789192735;nvme2n1;949.38;11254.67;904.27;0.00;12.81;0.72;0.76;29.37
madrona;60;1789192735;nvme12n1;930.87;11039.80;708.67;0.00;12.62;0.70;0.75;30.09
madrona;60;1789192735;nvme17n1;953.75;11470.00;867.07;0.00;12.94;0.72;0.76;28.38
madrona;60;1789192735;nvme11n1;931.32;11203.27;482.60;0.00;12.55;0.70;0.75;28.48
madrona;60;1789192735;nvme1n1;924.30;11404.20;669.73;0.00;13.06;0.69;0.75;27.03
madrona;60;1789192735;nvme16n1;962.65;11966.07;783.93;0.00;13.24;0.72;0.74;29.39
madrona;60;1789192735;nvme15n1;931.85;11546.80;569.20;0.00;13.00;0.69;0.74;28.37
madrona;60;1789192735;nvme5n1;949.32;11552.87;428.07;0.00;12.62;0.71;0.75;28.86
madrona;60;1789192735;nvme20n1;922.58;10726.07;626.33;0.00;12.31;0.66;0.72;29.36
madrona;60;1789192735;nvme6n1;943.48;11326.60;799.27;0.00;12.85;0.71;0.75;28.37
madrona;60;1789192735;nvme19n1;958.50;11872.80;860.47;0.00;13.28;0.70;0.73;29.59
madrona;60;1789192735;nvme24n1;931.00;11976.47;539.80;0.00;13.44;0.69;0.74;27.51
madrona;60;1789192735;nvme22n1;923.05;10905.13;580.27;0.00;12.44;0.68;0.74;28.53
madrona;60;1789192735;nvme25n1;911.35;11090.13;557.73;0.00;12.78;0.68;0.74;28.23
madrona;60;1789192735;nvme23n1;919.05;10659.87;634.40;0.00;12.29;0.69;0.75;29.11
madrona;60;1789192735;nvme26n1;922.42;11193.60;457.33;0.00;12.63;0.70;0.75;28.65
madrona;60;1789192735;nvme18n1;933.40;11463.47;726.00;0.00;13.06;0.69;0.74;29.27
madrona;60;1789192735;nvme21n1;907.45;11038.13;544.87;0.00;12.76;0.67;0.73;28.41
madrona;60;1789192735;nvme10n1;930.53;11058.93;547.00;0.00;12.47;0.68;0.73;28.23
madrona;60;1789192735;vg_data-lv_stripe;24238.55;292684.20;16730.87;0.00;12.77;17.86;0.74;99.57
madrona;60;1789192795;nvme8n1;1430.93;14303.67;219.60;0.00;10.15;3.94;2.76;51.15
madrona;60;1789192795;nvme4n1;1422.63;14307.00;409.07;0.00;10.34;3.82;2.69;49.52
madrona;60;1789192795;nvme9n1;1437.83;14412.20;224.47;0.00;10.18;3.93;2.73;49.77
madrona;60;1789192795;nvme13n1;1392.47;13799.07;426.80;0.00;10.22;3.68;2.64;49.34
madrona;60;1789192795;nvme14n1;1418.70;13923.27;531.60;0.00;10.19;3.81;2.68;48.81
madrona;60;1789192795;nvme3n1;1432.80;14695.00;402.53;0.00;10.54;3.88;2.70;49.70
madrona;60;1789192795;nvme0n1;3.40;2.73;39.07;0.00;12.29;0.01;2.41;0.11
madrona;60;1789192795;nvme0n1p1;3.40;2.73;39.07;0.00;12.29;0.01;2.41;0.11
madrona;60;1789192795;nvme0n1p14;0.00;0.00;0.00;0.00;0.00;0.00;0.00;0.00
madrona;60;1789192795;nvme0n1p15;0.00;0.00;0.00;0.00;0.00;0.00;0.00;0.00
madrona;60;1789192795;nvme7n1;1411.50;14015.47;367.60;0.00;10.19;3.75;2.66;48.67
madrona;60;1789192795;nvme2n1;1436.78;14672.13;517.87;0.00;10.57;3.83;2.66;50.37
madrona;60;1789192795;nvme12n1;1386.85;13863.67;334.40;0.00;10.24;3.61;2.60;48.01
madrona;60;1789192795;nvme17n1;1423.37;14175.00;376.00;0.00;10.22;3.86;2.71;50.01
madrona;60;1789192795;nvme11n1;1406.55;14076.07;251.67;0.00;10.19;3.83;2.72;49.37
madrona;60;1789192795;nvme1n1;1427.73;14255.47;558.00;0.00;10.38;3.86;2.71;49.99
madrona;60;1789192795;nvme16n1;1435.75;14205.80;471.33;0.00;10.22;3.86;2.69;50.27
madrona;60;1789192795;nvme15n1;1446.32;14497.07;462.87;0.00;10.34;3.89;2.69;50.02
madrona;60;1789192795;nvme5n1;1415.90;13986.67;328.40;0.00;10.11;3.73;2.64;49.39
madrona;60;1789192795;nvme20n1;1417.62;13828.20;418.33;0.00;10.05;3.65;2.58;49.42
madrona;60;1789192795;nvme6n1;1428.28;14135.67;319.60;0.00;10.12;3.83;2.68;52.10
madrona;60;1789192795;nvme19n1;1435.27;14195.47;562.00;0.00;10.28;3.97;2.77;49.76
madrona;60;1789192795;nvme24n1;1438.73;14141.27;451.20;0.00;10.14;4.01;2.79;50.40
madrona;60;1789192795;nvme22n1;1419.48;13857.20;537.60;0.00;10.14;3.74;2.63;49.83
madrona;60;1789192795;nvme25n1;1410.15;14034.53;510.53;0.00;10.31;3.85;2.73;49.36
madrona;60;1789192795;nvme23n1;1427.02;13974.67;509.60;0.00;10.15;3.85;2.70;49.37
madrona;60;1789192795;nvme26n1;1433.37;14184.87;466.73;0.00;10.22;3.99;2.78;50.58
madrona;60;1789192795;nvme18n1;1419.42;14155.27;476.47;0.00;10.31;3.92;2.76;48.90
madrona;60;1789192795;nvme21n1;1411.13;14045.00;444.27;0.00;10.27;3.87;2.74;49.05
madrona;60;1789192795;nvme10n1;1413.02;14036.73;267.73;0.00;10.12;3.90;2.76;48.81
madrona;60;1789192795;vg_data-lv_stripe;36980.10;367775.53;10846.27;0.00;10.24;99.79;2.70;99.67
madrona;60;1789192855;nvme8n1;1036.87;12353.00;675.67;0.00;12.57;0.66;0.64;28.33
madrona;60;1789192855;nvme4n1;1025.72;12168.87;755.80;0.00;12.60;0.66;0.64;28.94
madrona;60;1789192855;nvme9n1;1032.38;12081.73;752.20;0.00;12.43;0.67;0.65;29.83
madrona;60;1789192855;nvme13n1;1019.97;12130.27;700.07;0.00;12.58;0.66;0.65;29.14
madrona;60;1789192855;nvme14n1;1029.93;12268.07;866.53;0.00;12.75;0.67;0.65;29.69
madrona;60;1789192855;nvme3n1;1037.95;12182.67;857.00;0.00;12.56;0.67;0.65;29.47
madrona;60;1789192855;nvme0n1;3.75;14.00;44.93;0.00;15.72;0.00;1.01;0.08
madrona;60;1789192855;nvme0n1p1;3.75;14.00;44.93;0.00;15.72;0.00;1.02;0.08
madrona;60;1789192855;nvme0n1p14;0.00;0.00;0.00;0.00;0.00;0.00;0.00;0.00
madrona;60;1789192855;nvme0n1p15;0.00;0.00;0.00;0.00;0.00;0.00;0.00;0.00
madrona;60;1789192855;nvme7n1;1021.47;12214.53;459.13;0.00;12.41;0.65;0.64;28.15
madrona;60;1789192855;nvme2n1;1035.45;12131.20;705.67;0.00;12.40;0.66;0.64;29.29
madrona;60;1789192855;nvme12n1;1016.63;11961.27;519.40;0.00;12.28;0.65;0.64;28.83
madrona;60;1789192855;nvme17n1;1010.95;11971.00;450.73;0.00;12.29;0.64;0.64;27.86
madrona;60;1789192855;nvme11n1;1029.70;12497.47;699.60;0.00;12.82;0.65;0.64;27.77
madrona;60;1789192855;nvme1n1;1014.25;11404.80;732.80;0.00;11.97;0.64;0.63;28.46
madrona;60;1789192855;nvme16n1;1034.75;11918.73;392.33;0.00;11.90;0.66;0.63;28.43
madrona;60;1789192855;nvme15n1;1033.72;11745.60;374.80;0.00;11.73;0.66;0.64;28.95
madrona;60;1789192855;nvme5n1;1042.20;11991.27;682.73;0.00;12.16;0.66;0.63;28.17
madrona;60;1789192855;nvme20n1;1023.92;11957.00;651.20;0.00;12.31;0.65;0.64;29.66
madrona;60;1789192855;nvme6n1;1028.05;12273.73;670.80;0.00;12.59;0.64;0.63;28.77
madrona;60;1789192855;nvme19n1;1013.55;11859.20;534.07;0.00;12.23;0.64;0.64;27.67
madrona;60;1789192855;nvme24n1;1016.45;11702.33;363.27;0.00;11.87;0.65;0.64;27.49
madrona;60;1789192855;nvme22n1;1035.52;12222.27;982.13;0.00;12.75;0.67;0.64;28.79
madrona;60;1789192855;nvme25n1;998.63;11043.87;370.53;0.00;11.43;0.63;0.63;27.56
madrona;60;1789192855;nvme23n1;1029.02;12075.80;997.47;0.00;12.70;0.66;0.64;29.53
madrona;60;1789192855;nvme26n1;1013.50;11475.20;345.47;0.00;11.66;0.64;0.63;28.16
madrona;60;1789192855;nvme18n1;1026.00;11975.40;527.27;0.00;12.19;0.64;0.63;27.81
madrona;60;1789192855;nvme21n1;1019.43;12087.13;415.40;0.00;12.26;0.65;0.63;27.93
madrona;60;1789192855;nvme10n1;1040.18;12320.00;748.20;0.00;12.56;0.66;0.64;29.14
madrona;60;1789192855;vg_data-lv_stripe;26669.15;312010.73;16230.27;0.00;12.31;16.74;0.63;99.63
madrona;60;1789192915;nvme8n1;1299.83;13822.73;711.80;0.00;11.18;1.84;1.41;41.41
madrona;60;1789192915;nvme4n1;1286.95;13836.73;545.33;0.00;11.18;1.81;1.41;40.83
madrona;60;1789192915;nvme9n1;1307.85;14506.67;727.33;0.00;11.65;1.93;1.48;41.47
madrona;60;1789192915;nvme13n1;1268.88;13602.60;429.33;0.00;11.06;1.84;1.45;39.19
madrona;60;1789192915;nvme14n1;1271.23;13267.27;439.00;0.00;10.78;1.86;1.46;39.66
madrona;60;1789192915;nvme3n1;1296.43;13952.80;551.07;0.00;11.19;1.80;1.38;40.05
madrona;60;1789192915;nvme0n1;4.07;18.13;41.60;0.00;14.69;0.01;1.34;0.08
madrona;60;1789192915;nvme0n1p1;4.07;18.13;41.60;0.00;14.69;0.01;1.33;0.09
madrona;60;1789192915;nvme0n1p14;0.00;0.00;0.00;0.00;0.00;0.00;0.00;0.00
madrona;60;1789192915;nvme0n1p15;0.00;0.00;0.00;0.00;0.00;0.00;0.00;0.00
madrona;60;1789192915;nvme7n1;1288.87;13668.60;517.60;0.00;11.01;1.92;1.49;40.15
madrona;60;1789192915;nvme2n1;1297.00;13867.27;509.53;0.00;11.08;1.84;1.42;40.46
madrona;60;1789192915;nvme12n1;1269.85;13949.53;648.67;0.00;11.50;1.76;1.39;39.83
madrona;60;1789192915;nvme17n1;1307.60;14113.60;777.93;0.00;11.39;1.87;1.43;40.15
madrona;60;1789192915;nvme11n1;1283.27;13624.73;596.93;0.00;11.08;1.86;1.45;40.22
madrona;60;1789192915;nvme1n1;1283.17;13937.87;448.13;0.00;11.21;1.83;1.42;41.15
madrona;60;1789192915;nvme16n1;1315.33;14458.20;707.67;0.00;11.53;1.92;1.46;40.75
madrona;60;1789192915;nvme15n1;1304.00;14062.93;538.27;0.00;11.20;1.85;1.42;40.93
madrona;60;1789192915;nvme5n1;1290.02;13576.80;567.27;0.00;10.96;1.76;1.37;40.67
madrona;60;1789192915;nvme20n1;1289.10;13202.73;871.00;0.00;10.92;1.86;1.44;41.81
madrona;60;1789192915;nvme6n1;1300.73;13611.93;574.13;0.00;10.91;1.84;1.42;41.42
madrona;60;1789192915;nvme19n1;1296.37;14197.80;512.93;0.00;11.35;1.78;1.37;40.42
madrona;60;1789192915;nvme24n1;1293.97;13836.13;599.53;0.00;11.16;1.93;1.49;40.30
madrona;60;1789192915;nvme22n1;1264.58;13584.93;346.87;0.00;11.02;1.84;1.45;39.42
madrona;60;1789192915;nvme25n1;1285.35;13601.67;984.53;0.00;11.35;1.78;1.38;41.58
madrona;60;1789192915;nvme23n1;1276.67;13230.67;420.00;0.00;10.69;1.80;1.41;40.21
madrona;60;1789192915;nvme26n1;1312.30;14193.53;866.47;0.00;11.48;1.84;1.40;40.54
madrona;60;1789192915;nvme18n1;1290.22;14014.33;581.27;0.00;11.31;1.82;1.41;39.90
madrona;60;1789192915;nvme21n1;1286.97;13221.27;1047.13;0.00;11.09;1.77;1.38;41.77
madrona;60;1789192915;nvme10n1;1289.20;13582.73;854.40;0.00;11.20;1.89;1.47;40.14
madrona;60;1789192915;vg_data-lv_stripe;33557.67;358526.00;16377.47;0.00;11.17;47.71;1.42;99.62
madrona;60;1789192975;nvme8n1;914.68;11733.38;645.49;0.00;13.53;0.60;0.65;26.69
madrona;60;1789192975;nvme4n1;927.46;11989.87;634.16;0.00;13.61;0.60;0.65;26.20
madrona;60;1789192975;nvme9n1;921.23;11805.97;567.37;0.00;13.43;0.60;0.65;26.28
madrona;60;1789192975;nvme13n1;904.38;11852.02;667.29;0.00;13.84;0.59;0.66;26.54
madrona;60;1789192975;nvme14n1;917.00;11764.37;685.49;0.00;13.58;0.60;0.65;26.87
madrona;60;1789192975;nvme3n1;925.68;11888.15;556.71;0.00;13.44;0.60;0.65;25.98
madrona;60;1789192975;nvme0n1;24.65;1410.70;39.26;0.00;58.83;0.02;0.82;1.08
madrona;60;1789192975;nvme0n1p1;24.65;1410.70;39.26;0.00;58.83;0.02;0.82;1.17
madrona;60;1789192975;nvme0n1p14;0.00;0.00;0.00;0.00;0.00;0.00;0.00;0.00
madrona;60;1789192975;nvme0n1p15;0.00;0.00;0.00;0.00;0.00;0.00;0.00;0.00
madrona;60;1789192975;nvme7n1;935.68;11741.31;802.33;0.00;13.41;0.61;0.65;27.16
madrona;60;1789192975;nvme2n1;935.96;12033.46;684.29;0.00;13.59;0.60;0.64;26.15
madrona;60;1789192975;nvme12n1;914.91;11660.92;678.69;0.00;13.49;0.59;0.65;27.11
madrona;60;1789192975;nvme17n1;927.75;11818.96;952.37;0.00;13.77;0.60;0.64;25.92
madrona;60;1789192975;nvme11n1;921.58;11968.74;620.50;0.00;13.66;0.59;0.64;25.66
madrona;60;1789192975;nvme1n1;914.45;11647.39;748.21;0.00;13.56;0.58;0.64;24.52
madrona;60;1789192975;nvme16n1;938.68;11796.17;739.88;0.00;13.36;0.61;0.65;26.23
madrona;60;1789192975;nvme15n1;935.26;12081.85;711.28;0.00;13.68;0.61;0.65;26.72
madrona;60;1789192975;nvme5n1;932.06;12068.79;584.77;0.00;13.58;0.60;0.64;25.34
madrona;60;1789192975;nvme20n1;920.58;11424.56;1089.89;0.00;13.59;0.60;0.65;28.79
madrona;60;1789192975;nvme6n1;925.00;11892.02;675.82;0.00;13.59;0.59;0.64;25.65
madrona;60;1789192975;nvme19n1;928.50;11646.79;795.20;0.00;13.40;0.60;0.65;26.30
madrona;60;1789192975;nvme24n1;928.60;12010.60;728.95;0.00;13.72;0.60;0.65;26.48
madrona;60;1789192975;nvme22n1;916.55;11444.69;954.64;0.00;13.53;0.59;0.65;27.26
madrona;60;1789192975;nvme25n1;915.70;11769.51;803.67;0.00;13.73;0.59;0.64;26.76
madrona;60;1789192975;nvme23n1;920.28;11780.50;1021.96;0.00;13.91;0.59;0.64;26.42
madrona;60;1789192975;nvme26n1;921.51;12110.38;580.44;0.00;13.77;0.59;0.64;26.71
madrona;60;1789192975;nvme18n1;928.05;12005.67;836.79;0.00;13.84;0.60;0.65;27.16
madrona;60;1789192975;nvme21n1;918.21;11588.14;1070.55;0.00;13.79;0.60;0.65;28.30
madrona;60;1789192975;nvme10n1;941.66;12140.71;710.28;0.00;13.65;0.60;0.64;25.34
madrona;60;1789192975;vg_data-lv_stripe;24032.59;307663.46;19543.68;0.00;13.62;15.34;0.64;99.64
madrona;60;1789193035;nvme8n1;1212.88;13099.33;815.47;0.00;11.47;1.61;1.33;39.11
madrona;60;1789193035;nvme4n1;1208.27;13524.40;702.40;0.00;11.77;1.63;1.35;37.63
madrona;60;1789193035;nvme9n1;1221.67;13283.27;907.60;0.00;11.62;1.61;1.32;38.70
madrona;60;1789193035;nvme13n1;1186.05;12662.60;665.73;0.00;11.24;1.52;1.28;38.03
madrona;60;1789193035;nvme14n1;1194.83;12641.40;600.80;0.00;11.08;1.53;1.28;36.81
madrona;60;1789193035;nvme3n1;1205.88;13179.33;708.40;0.00;11.52;1.58;1.31;37.50
madrona;60;1789193035;nvme0n1;5.30;8.00;66.13;0.00;13.99;0.01;1.42;0.10
madrona;60;1789193035;nvme0n1p1;5.30;8.00;66.13;0.00;13.99;0.01;1.42;0.11
madrona;60;1789193035;nvme0n1p14;0.00;0.00;0.00;0.00;0.00;0.00;0.00;0.00
madrona;60;1789193035;nvme0n1p15;0.00;0.00;0.00;0.00;0.00;0.00;0.00;0.00
madrona;60;1789193035;nvme7n1;1216.35;13513.27;456.20;0.00;11.48;1.57;1.29;36.33
madrona;60;1789193035;nvme2n1;1222.27;12997.27;870.20;0.00;11.35;1.64;1.34;37.37
madrona;60;1789193035;nvme12n1;1201.38;12801.27;910.40;0.00;11.41;1.53;1.27;38.23
madrona;60;1789193035;nvme17n1;1205.52;13344.73;692.33;0.00;11.64;1.59;1.32;37.91
madrona;60;1789193035;nvme11n1;1196.68;13178.33;614.87;0.00;11.53;1.59;1.32;37.26
madrona;60;1789193035;nvme1n1;1201.47;12980.93;719.67;0.00;11.40;1.55;1.29;37.81
madrona;60;1789193035;nvme16n1;1234.80;13636.73;546.47;0.00;11.49;1.64;1.33;37.48
madrona;60;1789193035;nvme15n1;1212.85;13471.13;688.53;0.00;11.67;1.61;1.32;38.27
madrona;60;1789193035;nvme5n1;1211.62;13586.00;409.40;0.00;11.55;1.56;1.29;36.13
madrona;60;1789193035;nvme20n1;1189.98;12429.60;484.93;0.00;10.85;1.50;1.26;38.85
madrona;60;1789193035;nvme6n1;1212.23;13431.40;644.47;0.00;11.61;1.62;1.34;39.08
madrona;60;1789193035;nvme19n1;1204.65;13289.47;500.07;0.00;11.45;1.57;1.30;37.63
madrona;60;1789193035;nvme24n1;1199.73;13322.80;612.67;0.00;11.62;1.66;1.38;37.91
madrona;60;1789193035;nvme22n1;1190.68;12717.53;594.13;0.00;11.18;1.52;1.27;37.13
madrona;60;1789193035;nvme25n1;1174.87;12540.67;645.93;0.00;11.22;1.51;1.29;38.02
madrona;60;1789193035;nvme23n1;1188.70;12280.60;426.07;0.00;10.69;1.52;1.28;36.59
madrona;60;1789193035;nvme26n1;1200.22;12957.87;574.53;0.00;11.27;1.58;1.32;37.70
madrona;60;1789193035;nvme18n1;1219.27;13312.33;555.40;0.00;11.37;1.56;1.28;37.35
madrona;60;1789193035;nvme21n1;1187.05;13132.60;498.47;0.00;11.48;1.55;1.30;37.19
madrona;60;1789193035;nvme10n1;1208.05;12991.93;782.93;0.00;11.40;1.51;1.25;37.01
madrona;60;1789193035;vg_data-lv_stripe;31309.43;340307.53;16628.07;0.00;11.40;40.69;1.30;99.46
madrona;60;1789193095;nvme8n1;985.25;12220.80;693.00;0.00;13.11;0.66;0.67;28.64
madrona;60;1789193095;nvme4n1;976.87;12246.00;852.80;0.00;13.41;0.68;0.70;29.55
madrona;60;1789193095;nvme9n1;996.50;12376.13;796.00;0.00;13.22;0.68;0.69;29.48
madrona;60;1789193095;nvme13n1;981.72;11995.13;911.73;0.00;13.15;0.68;0.69;29.62
madrona;60;1789193095;nvme14n1;987.82;12137.53;923.20;0.00;13.22;0.68;0.69;30.85
madrona;60;1789193095;nvme3n1;985.15;12511.33;679.20;0.00;13.39;0.69;0.70;28.43
madrona;60;1789193095;nvme0n1;9.05;114.93;74.53;0.00;20.94;0.01;1.10;0.17
madrona;60;1789193095;nvme0n1p1;9.05;114.93;74.53;0.00;20.94;0.01;1.09;0.17
madrona;60;1789193095;nvme0n1p14;0.00;0.00;0.00;0.00;0.00;0.00;0.00;0.00
madrona;60;1789193095;nvme0n1p15;0.00;0.00;0.00;0.00;0.00;0.00;0.00;0.00
madrona;60;1789193095;nvme7n1;1000.67;12323.27;844.67;0.00;13.16;0.69;0.69;28.73
madrona;60;1789193095;nvme2n1;1000.60;12407.67;813.87;0.00;13.21;0.68;0.68;29.10
madrona;60;1789193095;nvme12n1;988.20;12231.60;796.13;0.00;13.18;0.67;0.68;28.98
madrona;60;1789193095;nvme17n1;979.95;12090.67;588.40;0.00;12.94;0.66;0.68;28.49
madrona;60;1789193095;nvme11n1;968.10;11970.13;587.33;0.00;12.97;0.66;0.69;26.80
madrona;60;1789193095;nvme1n1;972.82;11899.27;747.93;0.00;13.00;0.65;0.67;28.99
madrona;60;1789193095;nvme16n1;994.13;12411.27;593.80;0.00;13.08;0.67;0.68;28.73
madrona;60;1789193095;nvme15n1;994.62;12289.67;577.93;0.00;12.94;0.68;0.68;30.17
madrona;60;1789193095;nvme5n1;999.75;12687.00;810.27;0.00;13.50;0.68;0.68;28.12
madrona;60;1789193095;nvme20n1;967.47;11892.33;714.47;0.00;13.03;0.66;0.68;30.00
madrona;60;1789193095;nvme6n1;989.43;12534.67;745.07;0.00;13.42;0.67;0.67;28.99
madrona;60;1789193095;nvme19n1;979.38;11905.67;544.47;0.00;12.71;0.65;0.67;28.75
madrona;60;1789193095;nvme24n1;984.30;12690.60;662.13;0.00;13.57;0.67;0.68;28.84
madrona;60;1789193095;nvme22n1;983.43;12229.40;915.27;0.00;13.37;0.67;0.68;28.59
madrona;60;1789193095;nvme25n1;954.20;11671.33;589.53;0.00;12.85;0.65;0.68;28.84
madrona;60;1789193095;nvme23n1;972.92;11853.93;905.00;0.00;13.11;0.67;0.69;29.43
madrona;60;1789193095;nvme26n1;974.55;12246.80;617.40;0.00;13.20;0.66;0.68;29.59
madrona;60;1789193095;nvme18n1;984.88;11959.07;626.27;0.00;12.78;0.67;0.68;28.73
madrona;60;1789193095;nvme21n1;960.18;11264.00;722.13;0.00;12.48;0.65;0.68;29.39
madrona;60;1789193095;nvme10n1;983.50;12426.60;733.67;0.00;13.38;0.67;0.68;28.13
madrona;60;1789193095;vg_data-lv_stripe;25547.97;316472.33;18991.67;0.00;13.13;17.33;0.68;99.78
madrona;60;1789193155;nvme8n1;1240.13;13142.13;585.47;0.00;11.07;2.90;2.33;42.39
madrona;60;1789193155;nvme4n1;1217.75;12859.73;299.60;0.00;10.81;2.71;2.22;41.06
madrona;60;1789193155;nvme9n1;1235.47;13044.80;595.60;0.00;11.04;2.84;2.30;42.35
madrona;60;1789193155;nvme13n1;1218.38;12846.33;692.60;0.00;11.11;2.72;2.23;41.84
madrona;60;1789193155;nvme14n1;1219.08;12523.67;622.47;0.00;10.78;2.66;2.18;42.85
madrona;60;1789193155;nvme3n1;1222.65;13088.07;384.00;0.00;11.02;2.70;2.21;42.15
madrona;60;1789193155;nvme0n1;13.58;347.13;63.53;0.00;30.23;0.02;1.33;0.54
madrona;60;1789193155;nvme0n1p1;13.58;347.13;63.53;0.00;30.23;0.02;1.33;0.55
madrona;60;1789193155;nvme0n1p14;0.00;0.00;0.00;0.00;0.00;0.00;0.00;0.00
madrona;60;1789193155;nvme0n1p15;0.00;0.00;0.00;0.00;0.00;0.00;0.00;0.00
madrona;60;1789193155;nvme7n1;1231.83;12654.67;536.00;0.00;10.71;2.72;2.21;41.57
madrona;60;1789193155;nvme2n1;1230.35;12842.13;491.40;0.00;10.84;2.74;2.23;41.94
madrona;60;1789193155;nvme12n1;1204.08;12475.60;584.53;0.00;10.85;2.70;2.25;41.31
madrona;60;1789193155;nvme17n1;1237.38;12696.47;448.40;0.00;10.62;2.71;2.19;42.31
madrona;60;1789193155;nvme11n1;1221.13;12913.93;655.53;0.00;11.11;2.86;2.34;42.77
madrona;60;1789193155;nvme1n1;1231.67;12463.27;480.67;0.00;10.51;2.74;2.22;42.07
madrona;60;1789193155;nvme16n1;1244.05;12732.80;431.40;0.00;10.58;2.82;2.27;41.62
madrona;60;1789193155;nvme15n1;1237.33;12446.00;361.67;0.00;10.35;2.71;2.19;42.07
madrona;60;1789193155;nvme5n1;1235.88;12947.87;424.73;0.00;10.82;2.77;2.24;41.95
madrona;60;1789193155;nvme20n1;1210.50;12250.53;425.33;0.00;10.47;2.64;2.18;42.26
madrona;60;1789193155;nvme6n1;1228.25;12869.13;412.53;0.00;10.81;2.70;2.20;43.39
madrona;60;1789193155;nvme19n1;1228.07;13104.33;517.00;0.00;11.09;2.63;2.14;41.91
madrona;60;1789193155;nvme24n1;1219.43;12271.67;357.20;0.00;10.36;2.80;2.30;42.34
madrona;60;1789193155;nvme22n1;1210.28;12063.87;527.73;0.00;10.40;2.74;2.27;41.17
madrona;60;1789193155;nvme25n1;1199.67;11828.13;471.20;0.00;10.25;2.77;2.31;41.41
madrona;60;1789193155;nvme23n1;1222.38;12330.93;515.60;0.00;10.51;2.72;2.22;42.21
madrona;60;1789193155;nvme26n1;1232.20;12417.13;336.93;0.00;10.35;2.79;2.27;41.86
madrona;60;1789193155;nvme18n1;1250.07;12750.87;508.13;0.00;10.61;2.85;2.28;41.69
madrona;60;1789193155;nvme21n1;1214.30;12494.80;413.20;0.00;10.63;2.78;2.29;42.05
madrona;60;1789193155;nvme10n1;1230.60;12968.60;624.33;0.00;11.05;2.73;2.22;41.43
madrona;60;1789193155;vg_data-lv_stripe;31873.92;329025.60;12705.93;0.00;10.72;71.54;2.24;99.33
madrona;60;1789193215;nvme8n1;1014.60;11943.33;816.20;0.00;12.58;0.67;0.66;29.60
madrona;60;1789193215;nvme4n1;998.10;11270.27;505.53;0.00;11.80;0.64;0.64;28.65
madrona;60;1789193215;nvme9n1;1029.12;12525.20;794.60;0.00;12.94;0.68;0.66;29.31
madrona;60;1789193215;nvme13n1;989.85;11697.73;626.33;0.00;12.45;0.65;0.66;28.45
madrona;60;1789193215;nvme14n1;997.17;11558.67;566.07;0.00;12.16;0.65;0.65;29.30
madrona;60;1789193215;nvme3n1;1003.45;11336.53;498.93;0.00;11.79;0.65;0.65;28.98
madrona;60;1789193215;nvme0n1;8.02;28.07;75.33;0.00;12.90;0.01;1.07;0.15
madrona;60;1789193215;nvme0n1p1;8.02;28.07;75.33;0.00;12.90;0.01;1.07;0.15
madrona;60;1789193215;nvme0n1p14;0.00;0.00;0.00;0.00;0.00;0.00;0.00;0.00
madrona;60;1789193215;nvme0n1p15;0.00;0.00;0.00;0.00;0.00;0.00;0.00;0.00
madrona;60;1789193215;nvme7n1;1023.65;11697.13;766.60;0.00;12.18;0.66;0.65;28.87
madrona;60;1789193215;nvme2n1;1004.35;11240.93;546.53;0.00;11.74;0.64;0.64;27.97
madrona;60;1789193215;nvme12n1;993.17;11523.13;622.00;0.00;12.23;0.64;0.64;28.69
madrona;60;1789193215;nvme17n1;1020.83;11938.33;1008.20;0.00;12.68;0.67;0.65;28.72
madrona;60;1789193215;nvme11n1;1013.42;11722.53;922.73;0.00;12.48;0.66;0.65;29.29
madrona;60;1789193215;nvme1n1;1004.87;11533.87;682.07;0.00;12.16;0.64;0.64;27.61
madrona;60;1789193215;nvme16n1;1032.68;11944.53;877.73;0.00;12.42;0.67;0.65;28.57
madrona;60;1789193215;nvme15n1;1020.23;11650.40;841.87;0.00;12.24;0.66;0.65;28.95
madrona;60;1789193215;nvme5n1;1023.73;12410.80;704.47;0.00;12.81;0.66;0.65;28.21
madrona;60;1789193215;nvme20n1;998.47;11925.73;632.13;0.00;12.58;0.65;0.65;29.03
madrona;60;1789193215;nvme6n1;1015.17;11891.20;539.93;0.00;12.25;0.65;0.64;29.10
madrona;60;1789193215;nvme19n1;1003.58;11519.13;656.73;0.00;12.13;0.65;0.65;28.27
madrona;60;1789193215;nvme24n1;1008.22;11817.47;742.80;0.00;12.46;0.65;0.64;28.52
madrona;60;1789193215;nvme22n1;999.85;11661.93;582.87;0.00;12.25;0.64;0.64;27.68
madrona;60;1789193215;nvme25n1;982.75;11306.20;680.13;0.00;12.20;0.63;0.64;28.33
madrona;60;1789193215;nvme23n1;991.15;11447.13;564.73;0.00;12.12;0.64;0.65;28.75
madrona;60;1789193215;nvme26n1;1011.07;11984.87;711.27;0.00;12.56;0.65;0.64;28.50
madrona;60;1789193215;nvme18n1;1031.02;11906.67;907.53;0.00;12.43;0.67;0.65;28.75
madrona;60;1789193215;nvme21n1;989.33;11399.00;634.80;0.00;12.16;0.64;0.64;29.09
madrona;60;1789193215;nvme10n1;1029.30;12038.27;925.47;0.00;12.59;0.68;0.66;28.53
madrona;60;1789193215;vg_data-lv_stripe;26229.88;304891.73;18355.60;0.00;12.32;16.84;0.64;99.71
