ctime,relid,schemaname,relname,seq_scan,last_seq_scan,seq_tup_read,idx_scan,last_idx_scan,idx_tup_fetch,n_tup_ins,n_tup_upd,n_tup_del,n_tup_hot_upd,n_tup_newpage_upd,n_live_tup,n_dead_tup,n_mod_since_analyze,n_ins_since_vacuum,last_vacuum,last_autovacuum,last_analyze,last_autoanalyze,vacuum_count,autovacuum_count,analyze_count,autoanalyze_count,total_vacuum_time,total_autovacuum_time,total_analyze_time,total_autoanalyze_time
1789073630.954112,2249856,public,holding,3,2026-09-10 18:14:01.1438+00,53040828,624180,2026-09-10 20:52:24.426011+00,7222118,26678396,122993,182269,27848,95145,26529079,266742,366726,157982,2026-09-10 19:36:12.75693+00,2026-09-10 18:14:29.263615+00,2026-09-10 19:36:13.060392+00,2026-09-10 18:14:29.882987+00,1,1,1,1,45,7564,301,620
1789073630.954112,2250073,public,news_xref,3,2026-09-10 18:36:32.591284+00,90000,392935,2026-09-10 20:52:23.182546+00,14,30000,0,0,0,0,30000,0,0,0,2026-09-10 19:36:13.161571+00,2026-09-10 17:56:48.169274+00,2026-09-10 19:36:13.172374+00,2026-09-10 17:56:48.192926+00,1,1,1,1,3,164,11,24
1789073630.954112,2250006,public,daily_market,6,2026-09-10 18:14:00.82828+00,53635500,39306455,2026-09-10 20:52:23.182546+00,46022781,26817750,257,0,0,257,26824697,257,257,0,2026-09-10 19:36:21.896725+00,2026-09-10 17:53:30.461218+00,2026-09-10 19:36:22.185295+00,2026-09-10 17:53:31.195492+00,1,1,1,1,1254,8383,288,735
1789073630.954112,2250052,public,last_trade,2,2026-09-10 18:39:23.400642+00,41100,54770899,2026-09-10 20:52:24.29095+00,54770670,20550,544920,0,542746,2174,20550,3240,968,0,2026-09-10 19:29:05.269132+00,2026-09-10 17:53:30.000417+00,2026-09-10 19:29:05.305716+00,2026-09-10 20:52:17.691182+00,1,1,1,72,3,12,36,5867
1789073630.954112,2250078,public,sector,136042,2026-09-10 20:52:23.182546+00,1632504,8058,2026-09-10 19:41:17.723459+00,8058,12,0,0,0,0,12,0,0,0,2026-09-10 19:24:23.444133+00,,2026-09-10 19:24:23.444255+00,,1,0,1,0,1,0,1,0
1789073630.954112,2250114,public,taxrate,144904,2026-09-10 20:52:24.426011+00,46369280,836,2026-09-10 20:49:23.504855+00,260,320,6,0,3,3,320,3,6,0,2026-09-10 19:36:20.64208+00,,2026-09-10 19:36:20.642648+00,2026-09-10 17:53:30.277789+00,1,0,1,1,2,0,1,1
1789073630.954112,2249968,public,trade_request,137299,2026-09-10 20:52:23.182546+00,490609987,653410,2026-09-10 20:52:24.29095+00,308843,113075,0,107928,0,0,4006,179,336,165,2026-09-10 19:29:04.821787+00,2026-09-10 20:52:17.565217+00,2026-09-10 19:29:04.822356+00,2026-09-10 20:52:17.591149+00,1,72,1,72,1,1983,1,2061
1789073630.954112,2249881,public,watch_item,4,2026-09-10 18:39:23.873407+00,8946495,302124,2026-09-10 20:52:23.182546+00,6257,2982165,6,0,0,6,2982165,6,6,0,2026-09-10 19:29:05.082092+00,2026-09-10 17:53:21.313017+00,2026-09-10 19:29:05.26188+00,2026-09-10 17:53:21.810508+00,1,1,1,1,2,959,180,498
1789073630.954112,2249962,public,trade_history,3,2026-09-10 19:16:53.853864+00,3732502353,6981327,2026-09-10 20:52:23.182546+00,16729799,1244848456,0,0,0,0,1244850842,17326,663679,681005,2026-09-10 19:29:02.442332+00,2026-09-10 17:56:39.748253+00,2026-09-10 19:29:04.819007+00,2026-09-10 17:56:46.054213+00,1,1,1,1,277842,64922,2377,6306
1789073630.954112,2249938,public,trade,18,2026-09-10 19:24:22.633472+00,7257600000,8441907,2026-09-10 20:52:24.426011+00,5644200878,518682756,890727,0,162554,307573,518669339,731461,1090760,282756,2026-09-10 19:36:10.673673+00,2026-09-10 17:55:13.319747+00,2026-09-10 19:36:12.708234+00,2026-09-10 17:55:14.759594+00,1,1,1,1,313984,19670,2034,1440
1789073630.954112,2250109,public,status_type,2073308,2026-09-10 20:52:24.426011+00,6559515,720,2026-09-10 19:52:27.47718+00,0,5,0,0,0,0,5,0,0,0,2026-09-10 19:24:23.446735+00,,2026-09-10 19:24:23.446839+00,,1,0,1,0,1,0,1,0
1789073630.954112,2249909,public,charge,282758,2026-09-10 20:52:23.182546+00,4241370,0,,0,15,0,0,0,0,15,0,0,0,2026-09-10 19:30:55.68781+00,,2026-09-10 19:30:55.688433+00,,1,0,1,0,1,0,1,0
1789073630.954112,2249988,public,company,5,2026-09-10 18:39:19.216232+00,75000,50995613,2026-09-10 20:52:23.531752+00,176379755,15000,6,0,0,6,15000,6,6,0,2026-09-10 19:36:13.092374+00,2026-09-10 17:53:21.882165+00,2026-09-10 19:36:13.156371+00,2026-09-10 17:53:21.992193+00,1,1,1,1,31,17,62,110
1789073630.954112,2250062,public,news_item,1,2026-09-10 18:13:01.013209+00,30000,784897,2026-09-10 20:52:23.182546+00,798538,30000,12,0,0,12,30000,12,12,0,2026-09-10 19:36:13.288793+00,2026-09-10 17:56:47.547667+00,2026-09-10 19:36:20.294012+00,2026-09-10 17:56:47.994666+00,1,1,1,1,16,1484,143,447
1789073630.954112,2249891,public,broker,137175,2026-09-10 20:52:23.182546+00,41152500,1219673,2026-09-10 20:52:24.426011+00,1218666,300,285021,0,285021,0,300,31,0,0,2026-09-10 19:24:23.448703+00,2026-09-10 20:40:17.597006+00,2026-09-10 19:38:59.555359+00,2026-09-10 20:53:17.543685+00,1,10,2,74,2,42,3,398
1789073630.954112,2249886,public,watch_list,4,2026-09-10 18:39:19.55136+00,120000,302126,2026-09-10 20:52:23.182546+00,301594,30000,0,0,0,0,30000,0,0,0,2026-09-10 19:29:05.065201+00,2026-09-10 17:53:21.830081+00,2026-09-10 19:29:05.076514+00,2026-09-10 17:53:21.851946+00,1,1,1,1,12,10,12,22
1789073630.954112,2249917,public,commission_rate,3,2026-09-10 18:36:32.553549+00,720,612192,2026-09-10 20:52:24.426011+00,1077034,240,0,0,0,0,240,0,0,0,2026-09-10 19:30:55.684574+00,,2026-09-10 19:30:55.685011+00,2026-09-10 17:53:21.85719+00,1,0,1,1,1,0,1,1
1789073630.954112,2249851,public,customer_taxrate,3,2026-09-10 18:39:19.221747+00,180000,46369880,2026-09-10 20:52:24.426011+00,3714,60000,6,0,0,6,60000,6,6,0,2026-09-10 19:36:20.607907+00,2026-09-10 17:53:20.297708+00,2026-09-10 19:36:20.638528+00,2026-09-10 17:53:20.350229+00,1,1,1,1,30,19,29,53
1789073630.954112,2249868,public,holding_history,8,2026-09-10 19:24:22.633472+00,2778954508,53054,2026-09-10 20:52:23.168304+00,118633,695201871,0,0,0,0,695094787,96518,366726,463244,2026-09-10 19:38:52.269828+00,2026-09-10 18:00:34.421363+00,2026-09-10 19:38:55.334914+00,2026-09-10 18:00:44.904449+00,1,3,1,3,149084,284220,3065,13235
1789073630.954112,2250046,public,industry,158070,2026-09-10 20:52:23.182546+00,16114139,1435856,2026-09-10 20:52:23.182546+00,1430592,102,0,0,0,0,102,0,0,0,2026-09-10 19:24:23.445694+00,,2026-09-10 19:24:23.445963+00,2026-09-10 17:53:29.973725+00,1,0,1,1,1,0,1,3
1789073630.954112,2250017,public,exchange,923854,2026-09-10 20:52:23.182546+00,3108246,960,2026-09-10 19:52:24.136675+00,576,4,24,0,24,0,4,24,24,0,2026-09-10 19:30:55.68249+00,,2026-09-10 19:30:55.682645+00,,1,0,1,0,1,0,1,0
1789073630.954112,2249901,public,cash_transaction,2,2026-09-10 19:00:28.999306+00,953848714,5549776,2026-09-10 20:52:23.182546+00,5441535,477180429,350011,0,27949,322062,477234648,345440,600304,256072,2026-09-10 19:30:52.298911+00,2026-09-10 17:59:35.711751+00,2026-09-10 19:30:55.445775+00,2026-09-10 18:00:57.043327+00,1,2,1,3,105990,228022,3126,22811
1789073630.954112,2249875,public,holding_summary,5,2026-09-10 18:36:33.052121+00,4476012,3302023,2026-09-10 20:52:24.426011+00,22897161,1493374,327708,1515,282997,44711,1492018,50135,122731,1370,2026-09-10 19:24:23.479998+00,2026-09-10 18:13:22.057298+00,2026-09-10 19:24:23.595668+00,2026-09-10 20:22:18.570401+00,1,1,1,2,30,365,113,1562
1789073630.954112,2249822,public,account_permission,2,2026-09-10 18:36:32.753413+00,425940,28198,2026-09-10 20:52:23.129148+00,28206,212970,7,0,0,7,212970,7,7,0,2026-09-10 19:29:04.927437+00,2026-09-10 17:53:19.299976+00,2026-09-10 19:29:05.05201+00,2026-09-10 17:53:19.497616+00,1,1,1,1,32,109,122,198
1789073630.954112,2249841,public,customer_account,4,2026-09-10 18:45:15.480553+00,600000,2419325,2026-09-10 20:52:24.426011+00,4052971,150000,256501,0,246699,9802,150000,10667,4266,0,2026-09-10 19:24:23.226634+00,2026-09-10 17:53:20.108136+00,2026-09-10 19:24:23.311106+00,2026-09-10 20:51:17.967475+00,1,1,1,15,12,77,84,5872
1789073630.954112,2250026,public,financial,2,2026-09-10 18:36:32.673292+00,600000,391969,2026-09-10 20:52:23.182546+00,7839342,300000,120,0,0,120,300000,120,120,0,2026-09-10 19:36:20.352757+00,2026-09-10 17:53:29.521608+00,2026-09-10 19:36:20.576514+00,2026-09-10 17:53:29.956687+00,1,1,1,1,57,322,207,435
1789073630.954112,2249830,public,customer,4,2026-09-10 18:39:19.245981+00,120000,1691542,2026-09-10 20:53:49.778873+00,1690095,30000,6,0,0,6,30000,6,6,0,2026-09-10 19:24:22.892301+00,2026-09-10 17:53:19.531775+00,2026-09-10 19:24:23.201268+00,2026-09-10 17:53:20.026228+00,1,1,1,1,59,26,305,495
1789073630.954112,2250121,public,zip_code,2,2026-09-10 18:36:32.586468+00,29482,784872,2026-09-10 20:52:23.182546+00,783910,14741,0,0,0,0,14741,0,0,0,2026-09-10 19:36:13.175189+00,2026-09-10 17:53:30.32548+00,2026-09-10 19:36:13.194698+00,2026-09-10 17:53:30.362036+00,1,1,1,1,1,41,20,31
1789073630.954112,2249929,public,settlement,2,2026-09-10 19:06:58.095243+00,1036800000,5894197,2026-09-10 20:52:23.182546+00,5894196,518679964,370760,0,57933,312827,518680538,355407,643080,279964,2026-09-10 19:38:55.40099+00,2026-09-10 19:38:47.513759+00,2026-09-10 19:38:59.2827+00,2026-09-10 19:38:51.103174+00,1,2,1,2,66,1872326,3881,5015
1789073630.954112,2250000,public,company_competitor,4,2026-09-10 18:39:19.241779+00,180000,391957,2026-09-10 20:52:23.182546+00,0,45000,0,0,0,0,45000,0,0,0,2026-09-10 19:29:04.853693+00,2026-09-10 17:53:22.019369+00,2026-09-10 19:29:04.892815+00,2026-09-10 17:53:22.073157+00,1,1,1,1,32,17,36,54
1789073630.954112,2250104,public,address,2,2026-09-10 18:36:32.586468+00,90008,784659,2026-09-10 20:52:23.531752+00,1764574,45004,7,0,0,7,45004,7,7,0,2026-09-10 19:36:13.198214+00,2026-09-10 17:53:30.143186+00,2026-09-10 19:36:13.272339+00,2026-09-10 17:53:30.265233+00,1,1,1,1,1,84,75,111
1789073630.954112,2249981,public,trade_type,3332340,2026-09-10 20:52:24.426011+00,11650334,2290,2026-09-10 19:53:04.431055+00,370,5,0,0,0,0,5,0,0,0,2026-09-10 19:30:55.686368+00,,2026-09-10 19:30:55.686494+00,,1,0,1,0,1,0,1,0
1789073630.954112,2250083,public,security,531893,2026-09-10 20:52:23.182546+00,10930401150,85304650,2026-09-10 20:52:24.426011+00,85755274,20550,6,0,0,6,20550,6,6,0,2026-09-10 19:24:23.322571+00,2026-09-10 17:56:48.546012+00,2026-09-10 19:24:23.441929+00,2026-09-10 17:56:48.782769+00,1,1,1,1,6,346,119,237
1789073691.059228,2249856,public,holding,3,2026-09-10 18:14:01.1438+00,53040828,628438,2026-09-10 20:54:51.059704+00,7273048,26679459,123738,183461,28146,95592,26529140,268362,369206,159045,2026-09-10 19:36:12.75693+00,2026-09-10 18:14:29.263615+00,2026-09-10 19:36:13.060392+00,2026-09-10 18:14:29.882987+00,1,1,1,1,45,7564,301,620
1789073691.059228,2250073,public,news_xref,3,2026-09-10 18:36:32.591284+00,90000,396639,2026-09-10 20:54:51.059704+00,14,30000,0,0,0,0,30000,0,0,0,2026-09-10 19:36:13.161571+00,2026-09-10 17:56:48.169274+00,2026-09-10 19:36:13.172374+00,2026-09-10 17:56:48.192926+00,1,1,1,1,3,164,11,24
1789073691.059228,2250006,public,daily_market,6,2026-09-10 18:14:00.82828+00,53635500,39648507,2026-09-10 20:54:51.059704+00,46356586,26817750,257,0,0,257,26824697,257,257,0,2026-09-10 19:36:21.896725+00,2026-09-10 17:53:30.461218+00,2026-09-10 19:36:22.185295+00,2026-09-10 17:53:31.195492+00,1,1,1,1,1254,8383,288,735
1789073691.059228,2250052,public,last_trade,2,2026-09-10 18:39:23.400642+00,41100,55247939,2026-09-10 20:54:51.059704+00,55247710,20550,548589,0,546414,2175,20550,3137,4637,0,2026-09-10 19:29:05.269132+00,2026-09-10 17:53:30.000417+00,2026-09-10 19:29:05.305716+00,2026-09-10 20:52:17.691182+00,1,1,1,72,3,12,36,5867
1789073691.059228,2250078,public,sector,136365,2026-09-10 20:54:50.845031+00,1636380,32722,2026-09-10 20:54:50.845031+00,32722,12,0,0,0,0,12,0,0,0,2026-09-10 19:24:23.444133+00,,2026-09-10 19:24:23.444255+00,,1,0,1,0,1,0,1,0
1789073691.059228,2250114,public,taxrate,145979,2026-09-10 20:54:51.059704+00,46713280,1148,2026-09-10 20:54:50.559748+00,572,320,6,0,3,3,320,3,6,0,2026-09-10 19:36:20.64208+00,,2026-09-10 19:36:20.642648+00,2026-09-10 17:53:30.277789+00,1,0,1,1,2,0,1,1
1789073691.059228,2249968,public,trade_request,138476,2026-09-10 20:54:50.845031+00,490891793,657858,2026-09-10 20:54:50.845031+00,313992,114051,0,112429,0,0,470,401,1158,769,2026-09-10 19:29:04.821787+00,2026-09-10 20:54:17.620046+00,2026-09-10 19:29:04.822356+00,2026-09-10 20:54:17.630223+00,1,73,1,73,1,2058,1,2070
1789073691.059228,2249881,public,watch_item,4,2026-09-10 18:39:23.873407+00,8946495,304996,2026-09-10 20:54:51.059704+00,6371,2982165,6,0,0,6,2982165,6,6,0,2026-09-10 19:29:05.082092+00,2026-09-10 17:53:21.313017+00,2026-09-10 19:29:05.26188+00,2026-09-10 17:53:21.810508+00,1,1,1,1,2,959,180,498
1789073691.059228,2249962,public,trade_history,3,2026-09-10 19:16:53.853864+00,3732502353,7049749,2026-09-10 20:54:51.059704+00,16873529,1244861420,0,0,0,0,1244863720,17412,676557,693969,2026-09-10 19:29:02.442332+00,2026-09-10 17:56:39.748253+00,2026-09-10 19:29:04.819007+00,2026-09-10 17:56:46.054213+00,1,1,1,1,277842,64922,2377,6306
1789073691.059228,2249938,public,trade,18,2026-09-10 19:24:22.633472+00,7257600000,8521266,2026-09-10 20:54:51.059704+00,5692043240,518685165,901139,0,164146,311003,518671724,740273,1103125,285165,2026-09-10 19:36:10.673673+00,2026-09-10 17:55:13.319747+00,2026-09-10 19:36:12.708234+00,2026-09-10 17:55:14.759594+00,1,1,1,1,313984,19670,2034,1440
1789073691.059228,2250109,public,status_type,2101423,2026-09-10 20:54:51.059704+00,6665566,1116,2026-09-10 20:54:50.845031+00,0,5,0,0,0,0,5,0,0,0,2026-09-10 19:24:23.446735+00,,2026-09-10 19:24:23.446839+00,,1,0,1,0,1,0,1,0
1789073691.059228,2249909,public,charge,285167,2026-09-10 20:54:51.059704+00,4277505,0,,0,15,0,0,0,0,15,0,0,0,2026-09-10 19:30:55.68781+00,,2026-09-10 19:30:55.688433+00,,1,0,1,0,1,0,1,0
1789073691.059228,2249988,public,company,5,2026-09-10 18:39:19.216232+00,75000,51040603,2026-09-10 20:54:51.059704+00,177498521,15000,6,0,0,6,15000,6,6,0,2026-09-10 19:36:13.092374+00,2026-09-10 17:53:21.882165+00,2026-09-10 19:36:13.156371+00,2026-09-10 17:53:21.992193+00,1,1,1,1,31,17,62,110
1789073691.059228,2250062,public,news_item,1,2026-09-10 18:13:01.013209+00,30000,791985,2026-09-10 20:54:51.059704+00,805306,30000,12,0,0,12,30000,12,12,0,2026-09-10 19:36:13.288793+00,2026-09-10 17:56:47.547667+00,2026-09-10 19:36:20.294012+00,2026-09-10 17:56:47.994666+00,1,1,1,1,16,1484,143,447
1789073691.059228,2249891,public,broker,138349,2026-09-10 20:54:50.845031+00,41504700,1230117,2026-09-10 20:54:51.059704+00,1229106,300,286922,0,286922,0,300,27,1485,0,2026-09-10 19:24:23.448703+00,2026-09-10 20:40:17.597006+00,2026-09-10 19:38:59.555359+00,2026-09-10 20:54:17.633169+00,1,10,2,75,2,42,3,400
1789073691.059228,2249886,public,watch_list,4,2026-09-10 18:39:19.55136+00,120000,304998,2026-09-10 20:54:51.059704+00,304196,30000,0,0,0,0,30000,0,0,0,2026-09-10 19:29:05.065201+00,2026-09-10 17:53:21.830081+00,2026-09-10 19:29:05.076514+00,2026-09-10 17:53:21.851946+00,1,1,1,1,12,10,12,22
1789073691.059228,2249917,public,commission_rate,3,2026-09-10 18:36:32.553549+00,720,616759,2026-09-10 20:54:51.059704+00,1085031,240,0,0,0,0,240,0,0,0,2026-09-10 19:30:55.684574+00,,2026-09-10 19:30:55.685011+00,2026-09-10 17:53:21.85719+00,1,0,1,1,1,0,1,1
1789073691.059228,2249851,public,customer_taxrate,3,2026-09-10 18:39:19.221747+00,180000,46714192,2026-09-10 20:54:51.059704+00,3744,60000,6,0,0,6,60000,6,6,0,2026-09-10 19:36:20.607907+00,2026-09-10 17:53:20.297708+00,2026-09-10 19:36:20.638528+00,2026-09-10 17:53:20.350229+00,1,1,1,1,30,19,29,53
1789073691.059228,2249868,public,holding_history,8,2026-09-10 19:24:22.633472+00,2778954508,53947,2026-09-10 20:54:51.059704+00,119952,695204871,0,0,0,0,695097267,97038,369206,466244,2026-09-10 19:38:52.269828+00,2026-09-10 18:00:34.421363+00,2026-09-10 19:38:55.334914+00,2026-09-10 18:00:44.904449+00,1,3,1,3,149084,284220,3065,13235
1789073691.059228,2250046,public,industry,158655,2026-09-10 20:54:50.845031+00,16169128,1472895,2026-09-10 20:54:51.059704+00,1466891,102,0,0,0,0,102,0,0,0,2026-09-10 19:24:23.445694+00,,2026-09-10 19:24:23.445963+00,2026-09-10 17:53:29.973725+00,1,0,1,1,1,0,1,3
1789073691.059228,2250017,public,exchange,931831,2026-09-10 20:54:51.059704+00,3135090,1500,2026-09-10 20:54:50.298261+00,1116,4,24,0,24,0,4,24,24,0,2026-09-10 19:30:55.68249+00,,2026-09-10 19:30:55.682645+00,,1,0,1,0,1,0,1,0
1789073691.059228,2249901,public,cash_transaction,2,2026-09-10 19:00:28.999306+00,953848714,5596785,2026-09-10 20:54:51.059704+00,5487621,477182153,352861,0,28369,324492,477236354,348088,604860,257796,2026-09-10 19:30:52.298911+00,2026-09-10 17:59:35.711751+00,2026-09-10 19:30:55.445775+00,2026-09-10 18:00:57.043327+00,1,2,1,3,105990,228022,3126,22811
1789073691.059228,2249875,public,holding_summary,5,2026-09-10 18:36:33.052121+00,4476012,3329131,2026-09-10 20:54:51.059704+00,23095951,1493381,329858,1522,285022,44836,1492017,49806,124582,1377,2026-09-10 19:24:23.479998+00,2026-09-10 18:13:22.057298+00,2026-09-10 19:24:23.595668+00,2026-09-10 20:22:18.570401+00,1,1,1,2,30,365,113,1562
1789073691.059228,2249822,public,account_permission,2,2026-09-10 18:36:32.753413+00,425940,28425,2026-09-10 20:54:50.697717+00,28433,212970,8,0,0,8,212970,8,8,0,2026-09-10 19:29:04.927437+00,2026-09-10 17:53:19.299976+00,2026-09-10 19:29:05.05201+00,2026-09-10 17:53:19.497616+00,1,1,1,1,32,109,122,198
1789073691.059228,2249841,public,customer_account,4,2026-09-10 18:45:15.480553+00,600000,2438786,2026-09-10 20:54:51.059704+00,4086609,150000,258225,0,248414,9811,150000,10584,5972,0,2026-09-10 19:24:23.226634+00,2026-09-10 17:53:20.108136+00,2026-09-10 19:24:23.311106+00,2026-09-10 20:51:17.967475+00,1,1,1,15,12,77,84,5872
1789073691.059228,2250026,public,financial,2,2026-09-10 18:36:32.673292+00,600000,395353,2026-09-10 20:54:51.059704+00,7907022,300000,120,0,0,120,300000,120,120,0,2026-09-10 19:36:20.352757+00,2026-09-10 17:53:29.521608+00,2026-09-10 19:36:20.576514+00,2026-09-10 17:53:29.956687+00,1,1,1,1,57,322,207,435
1789073691.059228,2249830,public,customer,4,2026-09-10 18:39:19.245981+00,120000,1705704,2026-09-10 20:54:51.059704+00,1703981,30000,6,0,0,6,30000,6,6,0,2026-09-10 19:24:22.892301+00,2026-09-10 17:53:19.531775+00,2026-09-10 19:24:23.201268+00,2026-09-10 17:53:20.026228+00,1,1,1,1,59,26,305,495
1789073691.059228,2250121,public,zip_code,2,2026-09-10 18:36:32.586468+00,29482,792168,2026-09-10 20:54:51.059704+00,790678,14741,0,0,0,0,14741,0,0,0,2026-09-10 19:36:13.175189+00,2026-09-10 17:53:30.32548+00,2026-09-10 19:36:13.194698+00,2026-09-10 17:53:30.362036+00,1,1,1,1,1,41,20,31
1789073691.059228,2249929,public,settlement,2,2026-09-10 19:06:58.095243+00,1036800000,5944837,2026-09-10 20:54:51.059704+00,5944836,518681841,374160,0,58620,315540,518682389,358460,648331,281841,2026-09-10 19:38:55.40099+00,2026-09-10 19:38:47.513759+00,2026-09-10 19:38:59.2827+00,2026-09-10 19:38:51.103174+00,1,2,1,2,66,1872326,3881,5015
1789073691.059228,2250000,public,company_competitor,4,2026-09-10 18:39:19.241779+00,180000,395341,2026-09-10 20:54:51.059704+00,0,45000,0,0,0,0,45000,0,0,0,2026-09-10 19:29:04.853693+00,2026-09-10 17:53:22.019369+00,2026-09-10 19:29:04.892815+00,2026-09-10 17:53:22.073157+00,1,1,1,1,32,17,36,54
1789073691.059228,2250104,public,address,2,2026-09-10 18:36:32.586468+00,90008,791823,2026-09-10 20:54:51.059704+00,1779814,45004,7,0,0,7,45004,7,7,0,2026-09-10 19:36:13.198214+00,2026-09-10 17:53:30.143186+00,2026-09-10 19:36:13.272339+00,2026-09-10 17:53:30.265233+00,1,1,1,1,1,84,75,111
1789073691.059228,2249981,public,trade_type,3359981,2026-09-10 20:54:51.059704+00,11745800,3412,2026-09-10 20:54:50.845031+00,530,5,0,0,0,0,5,0,0,0,2026-09-10 19:30:55.686368+00,,2026-09-10 19:30:55.686494+00,,1,0,1,0,1,0,1,0
1789073691.059228,2250083,public,security,536486,2026-09-10 20:54:51.059704+00,11024787300,85648375,2026-09-10 20:54:51.059704+00,86101802,20550,6,0,0,6,20550,6,6,0,2026-09-10 19:24:23.322571+00,2026-09-10 17:56:48.546012+00,2026-09-10 19:24:23.441929+00,2026-09-10 17:56:48.782769+00,1,1,1,1,6,346,119,237
1789073750.128031,2249856,public,holding,3,2026-09-10 18:14:01.1438+00,53040828,636363,2026-09-10 20:55:50.152271+00,7366507,26681389,125251,185783,28768,96483,26529211,271504,373403,160975,2026-09-10 19:36:12.75693+00,2026-09-10 18:14:29.263615+00,2026-09-10 19:36:13.060392+00,2026-09-10 18:14:29.882987+00,1,1,1,1,45,7564,301,620
1789073750.128031,2250073,public,news_xref,3,2026-09-10 18:36:32.591284+00,90000,401931,2026-09-10 20:55:50.074931+00,14,30000,0,0,0,0,30000,0,0,0,2026-09-10 19:36:13.161571+00,2026-09-10 17:56:48.169274+00,2026-09-10 19:36:13.172374+00,2026-09-10 17:56:48.192926+00,1,1,1,1,3,164,11,24
1789073750.128031,2250006,public,daily_market,6,2026-09-10 18:14:00.82828+00,53635500,40169455,2026-09-10 20:55:50.074931+00,46865012,26817750,257,0,0,257,26824697,257,257,0,2026-09-10 19:36:21.896725+00,2026-09-10 17:53:30.461218+00,2026-09-10 19:36:22.185295+00,2026-09-10 17:53:31.195492+00,1,1,1,1,1254,8383,288,735
1789073750.128031,2250052,public,last_trade,2,2026-09-10 18:39:23.400642+00,41100,55981524,2026-09-10 20:55:50.152271+00,55981295,20550,554780,0,552605,2175,20550,3072,3540,0,2026-09-10 19:29:05.269132+00,2026-09-10 17:53:30.000417+00,2026-09-10 19:29:05.305716+00,2026-09-10 20:55:17.690006+00,1,1,1,73,3,12,36,5959
1789073750.128031,2250078,public,sector,137427,2026-09-10 20:55:50.074931+00,1649124,81020,2026-09-10 20:55:18.735157+00,81020,12,0,0,0,0,12,0,0,0,2026-09-10 19:24:23.444133+00,,2026-09-10 19:24:23.444255+00,,1,0,1,0,1,0,1,0
1789073750.128031,2250114,public,taxrate,147843,2026-09-10 20:55:50.152271+00,47309760,1286,2026-09-10 20:55:16.317075+00,710,320,6,0,3,3,320,3,6,0,2026-09-10 19:36:20.64208+00,,2026-09-10 19:36:20.642648+00,2026-09-10 17:53:30.277789+00,1,0,1,1,2,0,1,1
1789073750.128031,2249968,public,trade_request,140320,2026-09-10 20:55:50.074931+00,492360925,665039,2026-09-10 20:55:50.152271+00,316124,115624,0,113329,0,0,1132,540,1421,909,2026-09-10 19:29:04.821787+00,2026-09-10 20:55:17.580695+00,2026-09-10 19:29:04.822356+00,2026-09-10 20:55:17.592622+00,1,74,1,74,1,2073,1,2082
1789073750.128031,2249881,public,watch_item,4,2026-09-10 18:39:23.873407+00,8946495,309006,2026-09-10 20:55:50.074931+00,6371,2982165,6,0,0,6,2982165,6,6,0,2026-09-10 19:29:05.082092+00,2026-09-10 17:53:21.313017+00,2026-09-10 19:29:05.26188+00,2026-09-10 17:53:21.810508+00,1,1,1,1,2,959,180,498
1789073750.128031,2249962,public,trade_history,3,2026-09-10 19:16:53.853864+00,3732502353,7142009,2026-09-10 20:55:50.074931+00,17094803,1244869432,0,0,0,0,1244871461,17683,684298,701981,2026-09-10 19:29:02.442332+00,2026-09-10 17:56:39.748253+00,2026-09-10 19:29:04.819007+00,2026-09-10 17:56:46.054213+00,1,1,1,1,277842,64922,2377,6306
1789073750.128031,2249938,public,trade,18,2026-09-10 19:24:22.633472+00,7257600000,8629147,2026-09-10 20:55:50.152271+00,5767947903,518688948,912073,0,166820,314514,518675473,748571,1116508,288948,2026-09-10 19:36:10.673673+00,2026-09-10 17:55:13.319747+00,2026-09-10 19:36:12.708234+00,2026-09-10 17:55:14.759594+00,1,1,1,1,313984,19670,2034,1440
1789073750.128031,2250109,public,status_type,2126923,2026-09-10 20:55:50.152271+00,6748530,1152,2026-09-10 20:54:55.224112+00,0,5,0,0,0,0,5,0,0,0,2026-09-10 19:24:23.446735+00,,2026-09-10 19:24:23.446839+00,,1,0,1,0,1,0,1,0
1789073750.128031,2249909,public,charge,288950,2026-09-10 20:55:50.074931+00,4334250,0,,0,15,0,0,0,0,15,0,0,0,2026-09-10 19:30:55.68781+00,,2026-09-10 19:30:55.688433+00,,1,0,1,0,1,0,1,0
1789073750.128031,2249988,public,company,5,2026-09-10 18:39:19.216232+00,75000,51213466,2026-09-10 20:55:50.074931+00,179420802,15000,6,0,0,6,15000,6,6,0,2026-09-10 19:36:13.092374+00,2026-09-10 17:53:21.882165+00,2026-09-10 19:36:13.156371+00,2026-09-10 17:53:21.992193+00,1,1,1,1,31,17,62,110
1789073750.128031,2250062,public,news_item,1,2026-09-10 18:13:01.013209+00,30000,802445,2026-09-10 20:55:50.074931+00,815642,30000,12,0,0,12,30000,12,12,0,2026-09-10 19:36:13.288793+00,2026-09-10 17:56:47.547667+00,2026-09-10 19:36:20.294012+00,2026-09-10 17:56:47.994666+00,1,1,1,1,16,1484,143,447
1789073750.128031,2249891,public,broker,140193,2026-09-10 20:55:50.074931+00,42057900,1245961,2026-09-10 20:55:50.152271+00,1244941,300,290222,0,290222,0,300,64,1784,0,2026-09-10 19:24:23.448703+00,2026-09-10 20:40:17.597006+00,2026-09-10 19:38:59.555359+00,2026-09-10 20:55:17.697454+00,1,10,2,76,2,42,3,404
1789073750.128031,2249886,public,watch_list,4,2026-09-10 18:39:19.55136+00,120000,309008,2026-09-10 20:55:50.074931+00,308188,30000,0,0,0,0,30000,0,0,0,2026-09-10 19:29:05.065201+00,2026-09-10 17:53:21.830081+00,2026-09-10 19:29:05.076514+00,2026-09-10 17:53:21.851946+00,1,1,1,1,12,10,12,22
1789073750.128031,2249917,public,commission_rate,3,2026-09-10 18:36:32.553549+00,720,624573,2026-09-10 20:55:50.152271+00,1098859,240,0,0,0,0,240,0,0,0,2026-09-10 19:30:55.684574+00,,2026-09-10 19:30:55.685011+00,2026-09-10 17:53:21.85719+00,1,0,1,1,1,0,1,1
1789073750.128031,2249851,public,customer_taxrate,3,2026-09-10 18:39:19.221747+00,180000,47310810,2026-09-10 20:55:50.152271+00,3834,60000,6,0,0,6,60000,6,6,0,2026-09-10 19:36:20.607907+00,2026-09-10 17:53:20.297708+00,2026-09-10 19:36:20.638528+00,2026-09-10 17:53:20.350229+00,1,1,1,1,30,19,29,53
1789073750.128031,2249868,public,holding_history,8,2026-09-10 19:24:22.633472+00,2778954508,54913,2026-09-10 20:55:50.06699+00,121820,695210636,0,0,0,0,695101464,98606,373403,472009,2026-09-10 19:38:52.269828+00,2026-09-10 18:00:34.421363+00,2026-09-10 19:38:55.334914+00,2026-09-10 18:00:44.904449+00,1,3,1,3,149084,284220,3065,13235
1789073750.128031,2250046,public,industry,160067,2026-09-10 20:55:50.074931+00,16312689,1537391,2026-09-10 20:55:50.074931+00,1531179,102,0,0,0,0,102,0,0,0,2026-09-10 19:24:23.445694+00,,2026-09-10 19:24:23.445963+00,2026-09-10 17:53:29.973725+00,1,0,1,1,1,0,1,3
1789073750.128031,2250017,public,exchange,944070,2026-09-10 20:55:50.074931+00,3176352,1536,2026-09-10 20:54:53.872757+00,1152,4,24,0,24,0,4,24,24,0,2026-09-10 19:30:55.68249+00,,2026-09-10 19:30:55.682645+00,,1,0,1,0,1,0,1,0
1789073750.128031,2249901,public,cash_transaction,2,2026-09-10 19:00:28.999306+00,953848714,5671130,2026-09-10 20:55:50.074931+00,5560448,477185079,357910,0,29035,328875,477239193,352915,612748,260722,2026-09-10 19:30:52.298911+00,2026-09-10 17:59:35.711751+00,2026-09-10 19:30:55.445775+00,2026-09-10 18:00:57.043327+00,1,2,1,3,105990,228022,3126,22811
1789073750.128031,2249875,public,holding_summary,5,2026-09-10 18:36:33.052121+00,4476012,3372674,2026-09-10 20:55:50.152271+00,23407598,1493410,333856,1547,288593,45263,1492020,50313,127674,1406,2026-09-10 19:24:23.479998+00,2026-09-10 18:13:22.057298+00,2026-09-10 19:24:23.595668+00,2026-09-10 20:22:18.570401+00,1,1,1,2,30,365,113,1562
1789073750.128031,2249822,public,account_permission,2,2026-09-10 18:36:32.753413+00,425940,28793,2026-09-10 20:55:49.823509+00,28801,212970,8,0,0,8,212970,8,8,0,2026-09-10 19:29:04.927437+00,2026-09-10 17:53:19.299976+00,2026-09-10 19:29:05.05201+00,2026-09-10 17:53:19.497616+00,1,1,1,1,32,109,122,198
1789073750.128031,2249841,public,customer_account,4,2026-09-10 18:45:15.480553+00,600000,2469600,2026-09-10 20:55:50.152271+00,4139570,150000,261159,0,251289,9870,150000,10656,8811,0,2026-09-10 19:24:23.226634+00,2026-09-10 17:53:20.108136+00,2026-09-10 19:24:23.311106+00,2026-09-10 20:51:17.967475+00,1,1,1,15,12,77,84,5872
1789073750.128031,2250026,public,financial,2,2026-09-10 18:36:32.673292+00,600000,400521,2026-09-10 20:55:50.074931+00,8010382,300000,120,0,0,120,300000,120,120,0,2026-09-10 19:36:20.352757+00,2026-09-10 17:53:29.521608+00,2026-09-10 19:36:20.576514+00,2026-09-10 17:53:29.956687+00,1,1,1,1,57,322,207,435
1789073750.128031,2249830,public,customer,4,2026-09-10 18:39:19.245981+00,120000,1727966,2026-09-10 20:55:50.152271+00,1726231,30000,6,0,0,6,30000,6,6,0,2026-09-10 19:24:22.892301+00,2026-09-10 17:53:19.531775+00,2026-09-10 19:24:23.201268+00,2026-09-10 17:53:20.026228+00,1,1,1,1,59,26,305,495
1789073750.128031,2250121,public,zip_code,2,2026-09-10 18:36:32.586468+00,29482,802552,2026-09-10 20:55:50.074931+00,801014,14741,0,0,0,0,14741,0,0,0,2026-09-10 19:36:13.175189+00,2026-09-10 17:53:30.32548+00,2026-09-10 19:36:13.194698+00,2026-09-10 17:53:30.362036+00,1,1,1,1,1,41,20,31
1789073750.128031,2249929,public,settlement,2,2026-09-10 19:06:58.095243+00,1036800000,6022377,2026-09-10 20:55:50.074931+00,6022376,518685056,378800,0,59553,319247,518685481,362659,656063,285056,2026-09-10 19:38:55.40099+00,2026-09-10 19:38:47.513759+00,2026-09-10 19:38:59.2827+00,2026-09-10 19:38:51.103174+00,1,2,1,2,66,1872326,3881,5015
1789073750.128031,2250000,public,company_competitor,4,2026-09-10 18:39:19.241779+00,180000,400509,2026-09-10 20:55:50.074931+00,0,45000,0,0,0,0,45000,0,0,0,2026-09-10 19:29:04.853693+00,2026-09-10 17:53:22.019369+00,2026-09-10 19:29:04.892815+00,2026-09-10 17:53:22.073157+00,1,1,1,1,32,17,36,54
1789073750.128031,2250104,public,address,2,2026-09-10 18:36:32.586468+00,90008,802198,2026-09-10 20:55:50.074931+00,1803130,45004,8,0,0,8,45004,8,8,0,2026-09-10 19:36:13.198214+00,2026-09-10 17:53:30.143186+00,2026-09-10 19:36:13.272339+00,2026-09-10 17:53:30.265233+00,1,1,1,1,1,84,75,111
1789073750.128031,2249981,public,trade_type,3403937,2026-09-10 20:55:50.152271+00,11899308,3667,2026-09-10 20:55:34.986889+00,595,5,0,0,0,0,5,0,0,0,2026-09-10 19:30:55.686368+00,,2026-09-10 19:30:55.686494+00,,1,0,1,0,1,0,1,0
1789073750.128031,2250083,public,security,543557,2026-09-10 20:55:50.074931+00,11170096350,86278063,2026-09-10 20:55:50.152271+00,86737598,20550,6,0,0,6,20550,6,6,0,2026-09-10 19:24:23.322571+00,2026-09-10 17:56:48.546012+00,2026-09-10 19:24:23.441929+00,2026-09-10 17:56:48.782769+00,1,1,1,1,6,346,119,237
1789073810.219444,2249856,public,holding,3,2026-09-10 18:14:01.1438+00,53040828,644588,2026-09-10 20:56:50.214933+00,7462711,26683365,126866,188110,29386,97480,26529281,274739,377959,162951,2026-09-10 19:36:12.75693+00,2026-09-10 18:14:29.263615+00,2026-09-10 19:36:13.060392+00,2026-09-10 18:14:29.882987+00,1,1,1,1,45,7564,301,620
1789073810.219444,2250073,public,news_xref,3,2026-09-10 18:36:32.591284+00,90000,407621,2026-09-10 20:56:50.214933+00,14,30000,0,0,0,0,30000,0,0,0,2026-09-10 19:36:13.161571+00,2026-09-10 17:56:48.169274+00,2026-09-10 19:36:13.172374+00,2026-09-10 17:56:48.192926+00,1,1,1,1,3,164,11,24
1789073810.219444,2250006,public,daily_market,6,2026-09-10 18:14:00.82828+00,53635500,40724468,2026-09-10 20:56:50.214933+00,47406277,26817750,257,0,0,257,26824697,257,257,0,2026-09-10 19:36:21.896725+00,2026-09-10 17:53:30.461218+00,2026-09-10 19:36:22.185295+00,2026-09-10 17:53:31.195492+00,1,1,1,1,1254,8383,288,735
1789073810.219444,2250052,public,last_trade,2,2026-09-10 18:39:23.400642+00,41100,56755124,2026-09-10 20:56:50.214933+00,56754895,20550,561502,0,559326,2176,20550,3101,3480,0,2026-09-10 19:29:05.269132+00,2026-09-10 17:53:30.000417+00,2026-09-10 19:29:05.305716+00,2026-09-10 20:56:17.694901+00,1,1,1,74,3,12,36,6047
1789073810.219444,2250078,public,sector,139413,2026-09-10 20:56:50.214933+00,1672956,81020,2026-09-10 20:55:18.735157+00,81020,12,0,0,0,0,12,0,0,0,2026-09-10 19:24:23.444133+00,,2026-09-10 19:24:23.444255+00,,1,0,1,0,1,0,1,0
1789073810.219444,2250114,public,taxrate,149778,2026-09-10 20:56:50.138244+00,47928960,1286,2026-09-10 20:55:16.317075+00,710,320,6,0,3,3,320,3,6,0,2026-09-10 19:36:20.64208+00,,2026-09-10 19:36:20.642648+00,2026-09-10 17:53:30.277789+00,1,0,1,1,2,0,1,1
1789073810.219444,2249968,public,trade_request,142306,2026-09-10 20:56:50.214933+00,495267766,672825,2026-09-10 20:56:49.970036+00,318659,117269,0,114305,0,0,1789,530,1338,840,2026-09-10 19:29:04.821787+00,2026-09-10 20:56:17.583378+00,2026-09-10 19:29:04.822356+00,2026-09-10 20:56:17.604591+00,1,75,1,75,1,2090,1,2104
1789073810.219444,2249881,public,watch_item,4,2026-09-10 18:39:23.873407+00,8946495,313275,2026-09-10 20:56:50.214933+00,6537,2982165,6,0,0,6,2982165,6,6,0,2026-09-10 19:29:05.082092+00,2026-09-10 17:53:21.313017+00,2026-09-10 19:29:05.26188+00,2026-09-10 17:53:21.810508+00,1,1,1,1,2,959,180,498
1789073810.219444,2249962,public,trade_history,3,2026-09-10 19:16:53.853864+00,3732502353,7241749,2026-09-10 20:56:50.214933+00,17334194,1244877993,0,0,0,0,1244879808,17897,692645,710542,2026-09-10 19:29:02.442332+00,2026-09-10 17:56:39.748253+00,2026-09-10 19:29:04.819007+00,2026-09-10 17:56:46.054213+00,1,1,1,1,277842,64922,2377,6306
1789073810.219444,2249938,public,trade,18,2026-09-10 19:24:22.633472+00,7257600000,8744168,2026-09-10 20:56:50.214933+00,5849001260,518692989,923528,0,169708,318074,518679476,757204,1130794,292989,2026-09-10 19:36:10.673673+00,2026-09-10 17:55:13.319747+00,2026-09-10 19:36:12.708234+00,2026-09-10 17:55:14.759594+00,1,1,1,1,313984,19670,2034,1440
1789073810.219444,2250109,public,status_type,2154306,2026-09-10 20:56:50.214933+00,6837810,1152,2026-09-10 20:54:55.224112+00,0,5,0,0,0,0,5,0,0,0,2026-09-10 19:24:23.446735+00,,2026-09-10 19:24:23.446839+00,,1,0,1,0,1,0,1,0
1789073810.219444,2249909,public,charge,292991,2026-09-10 20:56:50.214933+00,4394865,0,,0,15,0,0,0,0,15,0,0,0,2026-09-10 19:30:55.68781+00,,2026-09-10 19:30:55.688433+00,,1,0,1,0,1,0,1,0
1789073810.219444,2249988,public,company,5,2026-09-10 18:39:19.216232+00,75000,51530933,2026-09-10 20:56:50.214933+00,181597809,15000,7,0,0,7,15000,7,7,0,2026-09-10 19:36:13.092374+00,2026-09-10 17:53:21.882165+00,2026-09-10 19:36:13.156371+00,2026-09-10 17:53:21.992193+00,1,1,1,1,31,17,62,110
1789073810.219444,2250062,public,news_item,1,2026-09-10 18:13:01.013209+00,30000,813755,2026-09-10 20:56:50.214933+00,826882,30000,12,0,0,12,30000,12,12,0,2026-09-10 19:36:13.288793+00,2026-09-10 17:56:47.547667+00,2026-09-10 19:36:20.294012+00,2026-09-10 17:56:47.994666+00,1,1,1,1,16,1484,143,447
1789073810.219444,2249891,public,broker,142179,2026-09-10 20:56:50.214933+00,42653700,1262926,2026-09-10 20:56:50.214933+00,1261895,300,293736,0,293736,0,300,79,1771,0,2026-09-10 19:24:23.448703+00,2026-09-10 20:40:17.597006+00,2026-09-10 19:38:59.555359+00,2026-09-10 20:56:17.703094+00,1,10,2,77,2,42,3,411
1789073810.219444,2249886,public,watch_list,4,2026-09-10 18:39:19.55136+00,120000,313277,2026-09-10 20:56:50.214933+00,312457,30000,0,0,0,0,30000,0,0,0,2026-09-10 19:29:05.065201+00,2026-09-10 17:53:21.830081+00,2026-09-10 19:29:05.076514+00,2026-09-10 17:53:21.851946+00,1,1,1,1,12,10,12,22
1789073810.219444,2249917,public,commission_rate,3,2026-09-10 18:36:32.553549+00,720,632815,2026-09-10 20:56:50.214933+00,1113427,240,0,0,0,0,240,0,0,0,2026-09-10 19:30:55.684574+00,,2026-09-10 19:30:55.685011+00,2026-09-10 17:53:21.85719+00,1,0,1,1,1,0,1,1
1789073810.219444,2249851,public,customer_taxrate,3,2026-09-10 18:39:19.221747+00,180000,47930010,2026-09-10 20:56:50.138244+00,3904,60000,6,0,0,6,60000,6,6,0,2026-09-10 19:36:20.607907+00,2026-09-10 17:53:20.297708+00,2026-09-10 19:36:20.638528+00,2026-09-10 17:53:20.350229+00,1,1,1,1,30,19,29,53
1789073810.219444,2249868,public,holding_history,8,2026-09-10 19:24:22.633472+00,2778954508,55715,2026-09-10 20:56:50.214933+00,123616,695216554,0,0,0,0,695106020,99968,377959,477927,2026-09-10 19:38:52.269828+00,2026-09-10 18:00:34.421363+00,2026-09-10 19:38:55.334914+00,2026-09-10 18:00:44.904449+00,1,3,1,3,149084,284220,3065,13235
1789073810.219444,2250046,public,industry,162425,2026-09-10 20:56:50.214933+00,16553205,1554339,2026-09-10 20:56:50.214933+00,1548039,102,0,0,0,0,102,0,0,0,2026-09-10 19:24:23.445694+00,,2026-09-10 19:24:23.445963+00,2026-09-10 17:53:29.973725+00,1,0,1,1,1,0,1,3
1789073810.219444,2250017,public,exchange,957349,2026-09-10 20:56:50.214933+00,3220971,1536,2026-09-10 20:54:53.872757+00,1152,4,24,0,24,0,4,24,24,0,2026-09-10 19:30:55.68249+00,,2026-09-10 19:30:55.682645+00,,1,0,1,0,1,0,1,0
1789073810.219444,2249901,public,cash_transaction,2,2026-09-10 19:00:28.999306+00,953848714,5751015,2026-09-10 20:56:50.214933+00,5638758,477188229,363127,0,29779,333348,477242293,357846,621065,263872,2026-09-10 19:30:52.298911+00,2026-09-10 17:59:35.711751+00,2026-09-10 19:30:55.445775+00,2026-09-10 18:00:57.043327+00,1,2,1,3,105990,228022,3126,22811
1789073810.219444,2249875,public,holding_summary,5,2026-09-10 18:36:33.052121+00,4476012,3418376,2026-09-10 20:56:50.214933+00,23733386,1493422,338037,1563,292501,45536,1492018,50702,131042,1418,2026-09-10 19:24:23.479998+00,2026-09-10 18:13:22.057298+00,2026-09-10 19:24:23.595668+00,2026-09-10 20:22:18.570401+00,1,1,1,2,30,365,113,1562
1789073810.219444,2249822,public,account_permission,2,2026-09-10 18:36:32.753413+00,425940,29185,2026-09-10 20:56:50.138244+00,29193,212970,8,0,0,8,212970,8,8,0,2026-09-10 19:29:04.927437+00,2026-09-10 17:53:19.299976+00,2026-09-10 19:29:05.05201+00,2026-09-10 17:53:19.497616+00,1,1,1,1,32,109,122,198
1789073810.219444,2249841,public,customer_account,4,2026-09-10 18:45:15.480553+00,600000,2502450,2026-09-10 20:56:50.214933+00,4195609,150000,264316,0,254416,9900,150000,10718,11911,0,2026-09-10 19:24:23.226634+00,2026-09-10 17:53:20.108136+00,2026-09-10 19:24:23.311106+00,2026-09-10 20:51:17.967475+00,1,1,1,15,12,77,84,5872
1789073810.219444,2250026,public,financial,2,2026-09-10 18:36:32.673292+00,600000,406141,2026-09-10 20:56:50.214933+00,8122782,300000,120,0,0,120,300000,120,120,0,2026-09-10 19:36:20.352757+00,2026-09-10 17:53:29.521608+00,2026-09-10 19:36:20.576514+00,2026-09-10 17:53:29.956687+00,1,1,1,1,57,322,207,435
1789073810.219444,2249830,public,customer,4,2026-09-10 18:39:19.245981+00,120000,1751659,2026-09-10 20:56:50.214933+00,1749924,30000,6,0,0,6,30000,6,6,0,2026-09-10 19:24:22.892301+00,2026-09-10 17:53:19.531775+00,2026-09-10 19:24:23.201268+00,2026-09-10 17:53:20.026228+00,1,1,1,1,59,26,305,495
1789073810.219444,2250121,public,zip_code,2,2026-09-10 18:36:32.586468+00,29482,813792,2026-09-10 20:56:50.214933+00,812254,14741,0,0,0,0,14741,0,0,0,2026-09-10 19:36:13.175189+00,2026-09-10 17:53:30.32548+00,2026-09-10 19:36:13.194698+00,2026-09-10 17:53:30.362036+00,1,1,1,1,1,41,20,31
1789073810.219444,2249929,public,settlement,2,2026-09-10 19:06:58.095243+00,1036800000,6106117,2026-09-10 20:56:50.214933+00,6106116,518688499,383760,0,60581,323179,518688849,367100,664391,288499,2026-09-10 19:38:55.40099+00,2026-09-10 19:38:47.513759+00,2026-09-10 19:38:59.2827+00,2026-09-10 19:38:51.103174+00,1,2,1,2,66,1872326,3881,5015
1789073810.219444,2250000,public,company_competitor,4,2026-09-10 18:39:19.241779+00,180000,406129,2026-09-10 20:56:50.214933+00,0,45000,0,0,0,0,45000,0,0,0,2026-09-10 19:29:04.853693+00,2026-09-10 17:53:22.019369+00,2026-09-10 19:29:04.892815+00,2026-09-10 17:53:22.073157+00,1,1,1,1,32,17,36,54
1789073810.219444,2250104,public,address,2,2026-09-10 18:36:32.586468+00,90008,813438,2026-09-10 20:56:50.214933+00,1828353,45004,8,0,0,8,45004,8,8,0,2026-09-10 19:36:13.198214+00,2026-09-10 17:53:30.143186+00,2026-09-10 19:36:13.272339+00,2026-09-10 17:53:30.265233+00,1,1,1,1,1,84,75,111
1789073810.219444,2249981,public,trade_type,3451219,2026-09-10 20:56:50.214933+00,12063876,3667,2026-09-10 20:55:34.986889+00,595,5,0,0,0,0,5,0,0,0,2026-09-10 19:30:55.686368+00,,2026-09-10 19:30:55.686494+00,,1,0,1,0,1,0,1,0
1789073810.219444,2250083,public,security,551216,2026-09-10 20:56:50.214933+00,11327488800,87077458,2026-09-10 20:56:50.214933+00,87542906,20550,6,0,0,6,20550,6,6,0,2026-09-10 19:24:23.322571+00,2026-09-10 17:56:48.546012+00,2026-09-10 19:24:23.441929+00,2026-09-10 17:56:48.782769+00,1,1,1,1,6,346,119,237
1789073870.355072,2249856,public,holding,3,2026-09-10 18:14:01.1438+00,53040828,653639,2026-09-10 20:57:50.332232+00,7574538,26685467,128674,190624,30108,98566,26529350,278278,382867,165053,2026-09-10 19:36:12.75693+00,2026-09-10 18:14:29.263615+00,2026-09-10 19:36:13.060392+00,2026-09-10 18:14:29.882987+00,1,1,1,1,45,7564,301,620
1789073870.355072,2250073,public,news_xref,3,2026-09-10 18:36:32.591284+00,90000,413505,2026-09-10 20:57:50.34966+00,14,30000,0,0,0,0,30000,0,0,0,2026-09-10 19:36:13.161571+00,2026-09-10 17:56:48.169274+00,2026-09-10 19:36:13.172374+00,2026-09-10 17:56:48.192926+00,1,1,1,1,3,164,11,24
1789073870.355072,2250006,public,daily_market,6,2026-09-10 18:14:00.82828+00,53635500,41312514,2026-09-10 20:57:50.34966+00,47980134,26817750,257,0,0,257,26824697,257,257,0,2026-09-10 19:36:21.896725+00,2026-09-10 17:53:30.461218+00,2026-09-10 19:36:22.185295+00,2026-09-10 17:53:31.195492+00,1,1,1,1,1254,8383,288,735
1789073870.355072,2250052,public,last_trade,2,2026-09-10 18:39:23.400642+00,41100,57565932,2026-09-10 20:57:50.34966+00,57565703,20550,568860,0,566683,2177,20550,3251,3999,0,2026-09-10 19:29:05.269132+00,2026-09-10 17:53:30.000417+00,2026-09-10 19:29:05.305716+00,2026-09-10 20:57:17.703782+00,1,1,1,75,3,12,36,6134
1789073870.355072,2250078,public,sector,141420,2026-09-10 20:57:50.332232+00,1697040,81020,2026-09-10 20:55:18.735157+00,81020,12,0,0,0,0,12,0,0,0,2026-09-10 19:24:23.444133+00,,2026-09-10 19:24:23.444255+00,,1,0,1,0,1,0,1,0
1789073870.355072,2250114,public,taxrate,151893,2026-09-10 20:57:50.332232+00,48605760,1298,2026-09-10 20:57:36.32644+00,722,320,6,0,3,3,320,3,6,0,2026-09-10 19:36:20.64208+00,,2026-09-10 19:36:20.642648+00,2026-09-10 17:53:30.277789+00,1,0,1,1,2,0,1,1
1789073870.355072,2249968,public,trade_request,144313,2026-09-10 20:57:50.332232+00,499331056,681457,2026-09-10 20:57:50.20959+00,321847,118989,0,115499,0,0,2278,666,1545,927,2026-09-10 19:29:04.821787+00,2026-09-10 20:57:17.592631+00,2026-09-10 19:29:04.822356+00,2026-09-10 20:57:17.614587+00,1,76,1,76,1,2109,1,2126
1789073870.355072,2249881,public,watch_item,4,2026-09-10 18:39:23.873407+00,8946495,317830,2026-09-10 20:57:50.34966+00,6722,2982165,6,0,0,6,2982165,6,6,0,2026-09-10 19:29:05.082092+00,2026-09-10 17:53:21.313017+00,2026-09-10 19:29:05.26188+00,2026-09-10 17:53:21.810508+00,1,1,1,1,2,959,180,498
1789073870.355072,2249962,public,trade_history,3,2026-09-10 19:16:53.853864+00,3732502353,7345379,2026-09-10 20:57:50.34966+00,17583147,1244887263,0,0,0,0,1244888827,18148,701664,719812,2026-09-10 19:29:02.442332+00,2026-09-10 17:56:39.748253+00,2026-09-10 19:29:04.819007+00,2026-09-10 17:56:46.054213+00,1,1,1,1,277842,64922,2377,6306
1789073870.355072,2249938,public,trade,18,2026-09-10 19:24:22.633472+00,7257600000,8866241,2026-09-10 20:57:50.34966+00,5932754118,518697207,936103,0,172849,321943,518683644,766687,1146214,297207,2026-09-10 19:36:10.673673+00,2026-09-10 17:55:13.319747+00,2026-09-10 19:36:12.708234+00,2026-09-10 17:55:14.759594+00,1,1,1,1,313984,19670,2034,1440
1789073870.355072,2250109,public,status_type,2183462,2026-09-10 20:57:50.34966+00,6931858,1152,2026-09-10 20:54:55.224112+00,0,5,0,0,0,0,5,0,0,0,2026-09-10 19:24:23.446735+00,,2026-09-10 19:24:23.446839+00,,1,0,1,0,1,0,1,0
1789073870.355072,2249909,public,charge,297209,2026-09-10 20:57:50.34966+00,4458135,0,,0,15,0,0,0,0,15,0,0,0,2026-09-10 19:30:55.68781+00,,2026-09-10 19:30:55.688433+00,,1,0,1,0,1,0,1,0
1789073870.355072,2249988,public,company,5,2026-09-10 18:39:19.216232+00,75000,51964635,2026-09-10 20:57:50.34966+00,183846068,15000,7,0,0,7,15000,7,7,0,2026-09-10 19:36:13.092374+00,2026-09-10 17:53:21.882165+00,2026-09-10 19:36:13.156371+00,2026-09-10 17:53:21.992193+00,1,1,1,1,31,17,62,110
1789073870.355072,2250062,public,news_item,1,2026-09-10 18:13:01.013209+00,30000,825471,2026-09-10 20:57:50.34966+00,838546,30000,12,0,0,12,30000,12,12,0,2026-09-10 19:36:13.288793+00,2026-09-10 17:56:47.547667+00,2026-09-10 19:36:20.294012+00,2026-09-10 17:56:47.994666+00,1,1,1,1,16,1484,143,447
1789073870.355072,2249891,public,broker,144186,2026-09-10 20:57:50.332232+00,43255800,1280639,2026-09-10 20:57:50.34966+00,1279594,300,297560,0,297560,0,300,65,1999,0,2026-09-10 19:24:23.448703+00,2026-09-10 20:40:17.597006+00,2026-09-10 19:38:59.555359+00,2026-09-10 20:57:17.708744+00,1,10,2,78,2,42,3,414
1789073870.355072,2249886,public,watch_list,4,2026-09-10 18:39:19.55136+00,120000,317832,2026-09-10 20:57:50.34966+00,317012,30000,0,0,0,0,30000,0,0,0,2026-09-10 19:29:05.065201+00,2026-09-10 17:53:21.830081+00,2026-09-10 19:29:05.076514+00,2026-09-10 17:53:21.851946+00,1,1,1,1,12,10,12,22
1789073870.355072,2249917,public,commission_rate,3,2026-09-10 18:36:32.553549+00,720,641592,2026-09-10 20:57:50.34966+00,1128697,240,0,0,0,0,240,0,0,0,2026-09-10 19:30:55.684574+00,,2026-09-10 19:30:55.685011+00,2026-09-10 17:53:21.85719+00,1,0,1,1,1,0,1,1
1789073870.355072,2249851,public,customer_taxrate,3,2026-09-10 18:39:19.221747+00,180000,48606822,2026-09-10 20:57:50.332232+00,3970,60000,6,0,0,6,60000,6,6,0,2026-09-10 19:36:20.607907+00,2026-09-10 17:53:20.297708+00,2026-09-10 19:36:20.638528+00,2026-09-10 17:53:20.350229+00,1,1,1,1,30,19,29,53
1789073870.355072,2249868,public,holding_history,8,2026-09-10 19:24:22.633472+00,2778954508,56448,2026-09-10 20:57:50.327849+00,125277,695222978,0,0,0,0,695110928,101484,382867,484351,2026-09-10 19:38:52.269828+00,2026-09-10 18:00:34.421363+00,2026-09-10 19:38:55.334914+00,2026-09-10 18:00:44.904449+00,1,3,1,3,149084,284220,3065,13235
1789073870.355072,2250046,public,industry,164795,2026-09-10 20:57:50.332232+00,16794945,1571915,2026-09-10 20:57:50.34966+00,1565535,102,0,0,0,0,102,0,0,0,2026-09-10 19:24:23.445694+00,,2026-09-10 19:24:23.445963+00,2026-09-10 17:53:29.973725+00,1,0,1,1,1,0,1,3
1789073870.355072,2250017,public,exchange,971033,2026-09-10 20:57:50.34966+00,3266862,1536,2026-09-10 20:54:53.872757+00,1152,4,24,0,24,0,4,24,24,0,2026-09-10 19:30:55.68249+00,,2026-09-10 19:30:55.682645+00,,1,0,1,0,1,0,1,0
1789073870.355072,2249901,public,cash_transaction,2,2026-09-10 19:00:28.999306+00,953848714,5833537,2026-09-10 20:57:50.34966+00,5719685,477191669,368572,0,30435,338137,477245658,363029,629875,267312,2026-09-10 19:30:52.298911+00,2026-09-10 17:59:35.711751+00,2026-09-10 19:30:55.445775+00,2026-09-10 18:00:57.043327+00,1,2,1,3,105990,228022,3126,22811
1789073870.355072,2249875,public,holding_summary,5,2026-09-10 18:36:33.052121+00,4476012,3465969,2026-09-10 20:57:50.34966+00,24066526,1493441,342576,1595,296687,45889,1492010,51128,134699,1437,2026-09-10 19:24:23.479998+00,2026-09-10 18:13:22.057298+00,2026-09-10 19:24:23.595668+00,2026-09-10 20:22:18.570401+00,1,1,1,2,30,365,113,1562
1789073870.355072,2249822,public,account_permission,2,2026-09-10 18:36:32.753413+00,425940,29616,2026-09-10 20:57:50.143769+00,29624,212970,8,0,0,8,212970,8,8,0,2026-09-10 19:29:04.927437+00,2026-09-10 17:53:19.299976+00,2026-09-10 19:29:05.05201+00,2026-09-10 17:53:19.497616+00,1,1,1,1,32,109,122,198
1789073870.355072,2249841,public,customer_account,4,2026-09-10 18:45:15.480553+00,600000,2537131,2026-09-10 20:57:50.34966+00,4254059,150000,267763,0,257820,9943,150000,10808,15276,0,2026-09-10 19:24:23.226634+00,2026-09-10 17:53:20.108136+00,2026-09-10 19:24:23.311106+00,2026-09-10 20:51:17.967475+00,1,1,1,15,12,77,84,5872
1789073870.355072,2250026,public,financial,2,2026-09-10 18:36:32.673292+00,600000,411973,2026-09-10 20:57:50.34966+00,8239422,300000,120,0,0,120,300000,120,120,0,2026-09-10 19:36:20.352757+00,2026-09-10 17:53:29.521608+00,2026-09-10 19:36:20.576514+00,2026-09-10 17:53:29.956687+00,1,1,1,1,57,322,207,435
1789073870.355072,2249830,public,customer,4,2026-09-10 18:39:19.245981+00,120000,1776488,2026-09-10 20:57:50.34966+00,1774753,30000,7,0,0,7,30000,7,7,0,2026-09-10 19:24:22.892301+00,2026-09-10 17:53:19.531775+00,2026-09-10 19:24:23.201268+00,2026-09-10 17:53:20.026228+00,1,1,1,1,59,26,305,495
1789073870.355072,2250121,public,zip_code,2,2026-09-10 18:36:32.586468+00,29482,825456,2026-09-10 20:57:50.34966+00,823918,14741,0,0,0,0,14741,0,0,0,2026-09-10 19:36:13.175189+00,2026-09-10 17:53:30.32548+00,2026-09-10 19:36:13.194698+00,2026-09-10 17:53:30.362036+00,1,1,1,1,1,41,20,31
1789073870.355072,2249929,public,settlement,2,2026-09-10 19:06:58.095243+00,1036800000,6192657,2026-09-10 20:57:50.34966+00,6192656,518692258,389000,0,61562,327438,518692506,371802,673288,292258,2026-09-10 19:38:55.40099+00,2026-09-10 19:38:47.513759+00,2026-09-10 19:38:59.2827+00,2026-09-10 19:38:51.103174+00,1,2,1,2,66,1872326,3881,5015
1789073870.355072,2250000,public,company_competitor,4,2026-09-10 18:39:19.241779+00,180000,411961,2026-09-10 20:57:50.34966+00,0,45000,0,0,0,0,45000,0,0,0,2026-09-10 19:29:04.853693+00,2026-09-10 17:53:22.019369+00,2026-09-10 19:29:04.892815+00,2026-09-10 17:53:22.073157+00,1,1,1,1,32,17,36,54
1789073870.355072,2250104,public,address,2,2026-09-10 18:36:32.586468+00,90008,825102,2026-09-10 20:57:50.34966+00,1854500,45004,8,0,0,8,45004,8,8,0,2026-09-10 19:36:13.198214+00,2026-09-10 17:53:30.143186+00,2026-09-10 19:36:13.272339+00,2026-09-10 17:53:30.265233+00,1,1,1,1,1,84,75,111
1789073870.355072,2249981,public,trade_type,3500149,2026-09-10 20:57:50.34966+00,12234999,3667,2026-09-10 20:55:34.986889+00,595,5,0,0,0,0,5,0,0,0,2026-09-10 19:30:55.686368+00,,2026-09-10 19:30:55.686494+00,,1,0,1,0,1,0,1,0
1789073870.355072,2250083,public,security,559068,2026-09-10 20:57:50.34966+00,11488847400,88023417,2026-09-10 20:57:50.34966+00,88494764,20550,6,0,0,6,20550,6,6,0,2026-09-10 19:24:23.322571+00,2026-09-10 17:56:48.546012+00,2026-09-10 19:24:23.441929+00,2026-09-10 17:56:48.782769+00,1,1,1,1,6,346,119,237
1789073930.436156,2249856,public,holding,3,2026-09-10 18:14:01.1438+00,53040828,662256,2026-09-10 20:58:50.394313+00,7672103,26687785,130329,193113,30792,99537,26529587,281736,387860,167371,2026-09-10 19:36:12.75693+00,2026-09-10 18:14:29.263615+00,2026-09-10 19:36:13.060392+00,2026-09-10 18:14:29.882987+00,1,1,1,1,45,7564,301,620
1789073930.436156,2250073,public,news_xref,3,2026-09-10 18:36:32.591284+00,90000,419401,2026-09-10 20:58:50.394313+00,14,30000,0,0,0,0,30000,0,0,0,2026-09-10 19:36:13.161571+00,2026-09-10 17:56:48.169274+00,2026-09-10 19:36:13.172374+00,2026-09-10 17:56:48.192926+00,1,1,1,1,3,164,11,24
1789073930.436156,2250006,public,daily_market,6,2026-09-10 18:14:00.82828+00,53635500,41906513,2026-09-10 20:58:50.394313+00,48559812,26817750,257,0,0,257,26824697,257,257,0,2026-09-10 19:36:21.896725+00,2026-09-10 17:53:30.461218+00,2026-09-10 19:36:22.185295+00,2026-09-10 17:53:31.195492+00,1,1,1,1,1254,8383,288,735
1789073930.436156,2250052,public,last_trade,2,2026-09-10 18:39:23.400642+00,41100,58390994,2026-09-10 20:58:50.394313+00,58390765,20550,576326,0,574147,2179,20550,3042,4016,0,2026-09-10 19:29:05.269132+00,2026-09-10 17:53:30.000417+00,2026-09-10 19:29:05.305716+00,2026-09-10 20:58:18.210522+00,1,1,1,76,3,12,36,6211
1789073930.436156,2250078,public,sector,143478,2026-09-10 20:58:50.252942+00,1721736,81020,2026-09-10 20:55:18.735157+00,81020,12,0,0,0,0,12,0,0,0,2026-09-10 19:24:23.444133+00,,2026-09-10 19:24:23.444255+00,,1,0,1,0,1,0,1,0
1789073930.436156,2250114,public,taxrate,153966,2026-09-10 20:58:50.394313+00,49269120,1299,2026-09-10 20:57:53.901744+00,723,320,6,0,3,3,320,3,6,0,2026-09-10 19:36:20.64208+00,,2026-09-10 19:36:20.642648+00,2026-09-10 17:53:30.277789+00,1,0,1,1,2,0,1,1
1789073930.436156,2249968,public,trade_request,146371,2026-09-10 20:58:50.252942+00,504449725,690232,2026-09-10 20:58:49.697407+00,325177,120620,0,116732,0,0,2667,700,1565,891,2026-09-10 19:29:04.821787+00,2026-09-10 20:58:18.113471+00,2026-09-10 19:29:04.822356+00,2026-09-10 20:58:18.131923+00,1,77,1,77,1,2187,1,2142
1789073930.436156,2249881,public,watch_item,4,2026-09-10 18:39:23.873407+00,8946495,322397,2026-09-10 20:58:50.394313+00,6776,2982165,6,0,0,6,2982165,6,6,0,2026-09-10 19:29:05.082092+00,2026-09-10 17:53:21.313017+00,2026-09-10 19:29:05.26188+00,2026-09-10 17:53:21.810508+00,1,1,1,1,2,959,180,498
1789073930.436156,2249962,public,trade_history,3,2026-09-10 19:16:53.853864+00,3732502353,7448999,2026-09-10 20:58:50.394313+00,17831785,1244896650,0,0,0,0,1244897964,18398,710801,729199,2026-09-10 19:29:02.442332+00,2026-09-10 17:56:39.748253+00,2026-09-10 19:29:04.819007+00,2026-09-10 17:56:46.054213+00,1,1,1,1,277842,64922,2377,6306
1789073930.436156,2249938,public,trade,18,2026-09-10 19:24:22.633472+00,7257600000,8988468,2026-09-10 20:58:50.394313+00,6016260193,518701404,948908,0,176011,325892,518687801,776406,1161950,301404,2026-09-10 19:36:10.673673+00,2026-09-10 17:55:13.319747+00,2026-09-10 19:36:12.708234+00,2026-09-10 17:55:14.759594+00,1,1,1,1,313984,19670,2034,1440
1789073930.436156,2250109,public,status_type,2212869,2026-09-10 20:58:50.394313+00,7026142,1152,2026-09-10 20:54:55.224112+00,0,5,0,0,0,0,5,0,0,0,2026-09-10 19:24:23.446735+00,,2026-09-10 19:24:23.446839+00,,1,0,1,0,1,0,1,0
1789073930.436156,2249909,public,charge,301406,2026-09-10 20:58:50.394313+00,4521090,0,,0,15,0,0,0,0,15,0,0,0,2026-09-10 19:30:55.68781+00,,2026-09-10 19:30:55.688433+00,,1,0,1,0,1,0,1,0
1789073930.436156,2249988,public,company,5,2026-09-10 18:39:19.216232+00,75000,52503455,2026-09-10 20:58:50.394313+00,186264435,15000,7,0,0,7,15000,7,7,0,2026-09-10 19:36:13.092374+00,2026-09-10 17:53:21.882165+00,2026-09-10 19:36:13.156371+00,2026-09-10 17:53:21.992193+00,1,1,1,1,31,17,62,110
1789073930.436156,2250062,public,news_item,1,2026-09-10 18:13:01.013209+00,30000,837257,2026-09-10 20:58:50.394313+00,850326,30000,12,0,0,12,30000,12,12,0,2026-09-10 19:36:13.288793+00,2026-09-10 17:56:47.547667+00,2026-09-10 19:36:20.294012+00,2026-09-10 17:56:47.994666+00,1,1,1,1,16,1484,143,447
1789073930.436156,2249891,public,broker,146244,2026-09-10 20:58:50.252942+00,43873200,1298453,2026-09-10 20:58:50.394313+00,1297399,300,301491,0,301491,0,300,42,2042,0,2026-09-10 19:24:23.448703+00,2026-09-10 20:40:17.597006+00,2026-09-10 19:38:59.555359+00,2026-09-10 20:58:18.213972+00,1,10,2,79,2,42,3,416
1789073930.436156,2249886,public,watch_list,4,2026-09-10 18:39:19.55136+00,120000,322399,2026-09-10 20:58:50.394313+00,321579,30000,0,0,0,0,30000,0,0,0,2026-09-10 19:29:05.065201+00,2026-09-10 17:53:21.830081+00,2026-09-10 19:29:05.076514+00,2026-09-10 17:53:21.851946+00,1,1,1,1,12,10,12,22
1789073930.436156,2249917,public,commission_rate,3,2026-09-10 18:36:32.553549+00,720,650428,2026-09-10 20:58:50.394313+00,1144223,240,0,0,0,0,240,0,0,0,2026-09-10 19:30:55.684574+00,,2026-09-10 19:30:55.685011+00,2026-09-10 17:53:21.85719+00,1,0,1,1,1,0,1,1
1789073930.436156,2249851,public,customer_taxrate,3,2026-09-10 18:39:19.221747+00,180000,49270255,2026-09-10 20:58:50.394313+00,4051,60000,7,0,0,7,60000,7,7,0,2026-09-10 19:36:20.607907+00,2026-09-10 17:53:20.297708+00,2026-09-10 19:36:20.638528+00,2026-09-10 17:53:20.350229+00,1,1,1,1,30,19,29,53
1789073930.436156,2249868,public,holding_history,8,2026-09-10 19:24:22.633472+00,2778954508,57300,2026-09-10 20:58:50.252942+00,127224,695229440,0,0,0,0,695115921,102953,387860,490813,2026-09-10 19:38:52.269828+00,2026-09-10 18:00:34.421363+00,2026-09-10 19:38:55.334914+00,2026-09-10 18:00:44.904449+00,1,3,1,3,149084,284220,3065,13235
1789073930.436156,2250046,public,industry,167229,2026-09-10 20:58:50.252942+00,17043213,1589661,2026-09-10 20:58:50.394313+00,1583205,102,0,0,0,0,102,0,0,0,2026-09-10 19:24:23.445694+00,,2026-09-10 19:24:23.445963+00,2026-09-10 17:53:29.973725+00,1,0,1,1,1,0,1,3
1789073930.436156,2250017,public,exchange,984839,2026-09-10 20:58:50.394313+00,3313270,1536,2026-09-10 20:54:53.872757+00,1152,4,24,0,24,0,4,24,24,0,2026-09-10 19:30:55.68249+00,,2026-09-10 19:30:55.682645+00,,1,0,1,0,1,0,1,0
1789073930.436156,2249901,public,cash_transaction,2,2026-09-10 19:00:28.999306+00,953848714,5916413,2026-09-10 20:58:50.394313+00,5800907,477195157,373938,0,31116,342822,477249083,368095,638666,270800,2026-09-10 19:30:52.298911+00,2026-09-10 17:59:35.711751+00,2026-09-10 19:30:55.445775+00,2026-09-10 18:00:57.043327+00,1,2,1,3,105990,228022,3126,22811
1789073930.436156,2249875,public,holding_summary,5,2026-09-10 18:36:33.052121+00,4476012,3514648,2026-09-10 20:58:50.394313+00,24409338,1493465,347193,1609,300976,46217,1492019,51490,138446,1461,2026-09-10 19:24:23.479998+00,2026-09-10 18:13:22.057298+00,2026-09-10 19:24:23.595668+00,2026-09-10 20:22:18.570401+00,1,1,1,2,30,365,113,1562
1789073930.436156,2249822,public,account_permission,2,2026-09-10 18:36:32.753413+00,425940,30045,2026-09-10 20:58:50.394313+00,30053,212970,8,0,0,8,212970,8,8,0,2026-09-10 19:29:04.927437+00,2026-09-10 17:53:19.299976+00,2026-09-10 19:29:05.05201+00,2026-09-10 17:53:19.497616+00,1,1,1,1,32,109,122,198
1789073930.436156,2249841,public,customer_account,4,2026-09-10 18:45:15.480553+00,600000,2572191,2026-09-10 20:58:50.394313+00,4313527,150000,271256,0,261279,9977,150000,10831,1860,0,2026-09-10 19:24:23.226634+00,2026-09-10 17:53:20.108136+00,2026-09-10 19:24:23.311106+00,2026-09-10 20:58:18.031596+00,1,1,1,16,12,77,84,6306
1789073930.436156,2250026,public,financial,2,2026-09-10 18:36:32.673292+00,600000,417863,2026-09-10 20:58:50.394313+00,8357222,300000,120,0,0,120,300000,120,120,0,2026-09-10 19:36:20.352757+00,2026-09-10 17:53:29.521608+00,2026-09-10 19:36:20.576514+00,2026-09-10 17:53:29.956687+00,1,1,1,1,57,322,207,435
1789073930.436156,2249830,public,customer,4,2026-09-10 18:39:19.245981+00,120000,1801450,2026-09-10 20:58:50.394313+00,1799667,30000,7,0,0,7,30000,7,7,0,2026-09-10 19:24:22.892301+00,2026-09-10 17:53:19.531775+00,2026-09-10 19:24:23.201268+00,2026-09-10 17:53:20.026228+00,1,1,1,1,59,26,305,495
1789073930.436156,2250121,public,zip_code,2,2026-09-10 18:36:32.586468+00,29482,837236,2026-09-10 20:58:50.394313+00,835698,14741,0,0,0,0,14741,0,0,0,2026-09-10 19:36:13.175189+00,2026-09-10 17:53:30.32548+00,2026-09-10 19:36:13.194698+00,2026-09-10 17:53:30.362036+00,1,1,1,1,1,41,20,31
1789073930.436156,2249929,public,settlement,2,2026-09-10 19:06:58.095243+00,1036800000,6279997,2026-09-10 20:58:50.394313+00,6279996,518696099,394360,0,62701,331659,518696253,376614,682395,296099,2026-09-10 19:38:55.40099+00,2026-09-10 19:38:47.513759+00,2026-09-10 19:38:59.2827+00,2026-09-10 19:38:51.103174+00,1,2,1,2,66,1872326,3881,5015
1789073930.436156,2250000,public,company_competitor,4,2026-09-10 18:39:19.241779+00,180000,417851,2026-09-10 20:58:50.394313+00,0,45000,0,0,0,0,45000,0,0,0,2026-09-10 19:29:04.853693+00,2026-09-10 17:53:22.019369+00,2026-09-10 19:29:04.892815+00,2026-09-10 17:53:22.073157+00,1,1,1,1,32,17,36,54
1789073930.436156,2250104,public,address,2,2026-09-10 18:36:32.586468+00,90008,836882,2026-09-10 20:58:50.394313+00,1881024,45004,8,0,0,8,45004,8,8,0,2026-09-10 19:36:13.198214+00,2026-09-10 17:53:30.143186+00,2026-09-10 19:36:13.272339+00,2026-09-10 17:53:30.265233+00,1,1,1,1,1,84,75,111
1789073930.436156,2249981,public,trade_type,3548740,2026-09-10 20:58:50.394313+00,12404984,3667,2026-09-10 20:55:34.986889+00,595,5,0,0,0,0,5,0,0,0,2026-09-10 19:30:55.686368+00,,2026-09-10 19:30:55.686494+00,,1,0,1,0,1,0,1,0
1789073930.436156,2250083,public,security,566984,2026-09-10 20:58:50.394313+00,11651521200,89083299,2026-09-10 20:58:50.394313+00,89562130,20550,6,0,0,6,20550,6,6,0,2026-09-10 19:24:23.322571+00,2026-09-10 17:56:48.546012+00,2026-09-10 19:24:23.441929+00,2026-09-10 17:56:48.782769+00,1,1,1,1,6,346,119,237
1789073990.539548,2249856,public,holding,3,2026-09-10 18:14:01.1438+00,53040828,671263,2026-09-10 20:59:50.546396+00,7778118,26689915,132074,195764,31507,100567,26529520,285379,392834,169501,2026-09-10 19:36:12.75693+00,2026-09-10 18:14:29.263615+00,2026-09-10 19:36:13.060392+00,2026-09-10 18:14:29.882987+00,1,1,1,1,45,7564,301,620
1789073990.539548,2250073,public,news_xref,3,2026-09-10 18:36:32.591284+00,90000,425052,2026-09-10 20:59:50.546396+00,14,30000,0,0,0,0,30000,0,0,0,2026-09-10 19:36:13.161571+00,2026-09-10 17:56:48.169274+00,2026-09-10 19:36:13.172374+00,2026-09-10 17:56:48.192926+00,1,1,1,1,3,164,11,24
1789073990.539548,2250006,public,daily_market,6,2026-09-10 18:14:00.82828+00,53635500,42475700,2026-09-10 20:59:50.546396+00,49116490,26817750,300,0,0,300,26824697,300,300,0,2026-09-10 19:36:21.896725+00,2026-09-10 17:53:30.461218+00,2026-09-10 19:36:22.185295+00,2026-09-10 17:53:31.195492+00,1,1,1,1,1254,8383,288,735
1789073990.539548,2250052,public,last_trade,2,2026-09-10 18:39:23.400642+00,41100,59185020,2026-09-10 20:59:50.546396+00,59184791,20550,583620,0,581440,2180,20550,2965,3800,0,2026-09-10 19:29:05.269132+00,2026-09-10 17:53:30.000417+00,2026-09-10 19:29:05.305716+00,2026-09-10 20:59:17.734648+00,1,1,1,77,3,12,36,6299
1789073990.539548,2250078,public,sector,145447,2026-09-10 20:59:50.546396+00,1745364,81020,2026-09-10 20:55:18.735157+00,81020,12,0,0,0,0,12,0,0,0,2026-09-10 19:24:23.444133+00,,2026-09-10 19:24:23.444255+00,,1,0,1,0,1,0,1,0
1789073990.539548,2250114,public,taxrate,156072,2026-09-10 20:59:50.546396+00,49943040,1311,2026-09-10 20:59:25.563352+00,735,320,6,0,3,3,320,3,6,0,2026-09-10 19:36:20.64208+00,,2026-09-10 19:36:20.642648+00,2026-09-10 17:53:30.277789+00,1,0,1,1,2,0,1,1
1789073990.539548,2249968,public,trade_request,148340,2026-09-10 20:59:50.546396+00,510080717,698829,2026-09-10 20:59:49.859459+00,328677,122247,0,117967,0,0,3028,670,1474,833,2026-09-10 19:29:04.821787+00,2026-09-10 20:59:17.619691+00,2026-09-10 19:29:04.822356+00,2026-09-10 20:59:17.645897+00,1,78,1,78,1,2207,1,2169
1789073990.539548,2249881,public,watch_item,4,2026-09-10 18:39:23.873407+00,8946495,326732,2026-09-10 20:59:50.546396+00,6808,2982165,6,0,0,6,2982165,6,6,0,2026-09-10 19:29:05.082092+00,2026-09-10 17:53:21.313017+00,2026-09-10 19:29:05.26188+00,2026-09-10 17:53:21.810508+00,1,1,1,1,2,959,180,498
1789073990.539548,2249962,public,trade_history,3,2026-09-10 19:16:53.853864+00,3732502353,7549289,2026-09-10 20:59:50.546396+00,18072468,1244905822,0,0,0,0,1244906855,18679,719692,738371,2026-09-10 19:29:02.442332+00,2026-09-10 17:56:39.748253+00,2026-09-10 19:29:04.819007+00,2026-09-10 17:56:46.054213+00,1,1,1,1,277842,64922,2377,6306
1789073990.539548,2249938,public,trade,18,2026-09-10 19:24:22.633472+00,7257600000,9107440,2026-09-10 20:59:50.546396+00,6097425423,518705473,961111,0,179024,329501,518691826,785669,1176878,305473,2026-09-10 19:36:10.673673+00,2026-09-10 17:55:13.319747+00,2026-09-10 19:36:12.708234+00,2026-09-10 17:55:14.759594+00,1,1,1,1,313984,19670,2034,1440
1789073990.539548,2250109,public,status_type,2241522,2026-09-10 20:59:50.546396+00,7117957,1152,2026-09-10 20:54:55.224112+00,0,5,0,0,0,0,5,0,0,0,2026-09-10 19:24:23.446735+00,,2026-09-10 19:24:23.446839+00,,1,0,1,0,1,0,1,0
1789073990.539548,2249909,public,charge,305475,2026-09-10 20:59:50.546396+00,4582125,0,,0,15,0,0,0,0,15,0,0,0,2026-09-10 19:30:55.68781+00,,2026-09-10 19:30:55.688433+00,,1,0,1,0,1,0,1,0
1789073990.539548,2249988,public,company,5,2026-09-10 18:39:19.216232+00,75000,53095612,2026-09-10 20:59:50.546396+00,188606174,15000,7,0,0,7,15000,7,7,0,2026-09-10 19:36:13.092374+00,2026-09-10 17:53:21.882165+00,2026-09-10 19:36:13.156371+00,2026-09-10 17:53:21.992193+00,1,1,1,1,31,17,62,110
1789073990.539548,2250062,public,news_item,1,2026-09-10 18:13:01.013209+00,30000,848559,2026-09-10 20:59:50.546396+00,861628,30000,12,0,0,12,30000,12,12,0,2026-09-10 19:36:13.288793+00,2026-09-10 17:56:47.547667+00,2026-09-10 19:36:20.294012+00,2026-09-10 17:56:47.994666+00,1,1,1,1,16,1484,143,447
1789073990.539548,2249891,public,broker,148213,2026-09-10 20:59:50.546396+00,44463900,1315724,2026-09-10 20:59:50.546396+00,1314658,300,305324,0,305324,0,300,46,1885,0,2026-09-10 19:24:23.448703+00,2026-09-10 20:40:17.597006+00,2026-09-10 19:38:59.555359+00,2026-09-10 20:59:17.745257+00,1,10,2,80,2,42,3,422
1789073990.539548,2249886,public,watch_list,4,2026-09-10 18:39:19.55136+00,120000,326734,2026-09-10 20:59:50.546396+00,325914,30000,0,0,0,0,30000,0,0,0,2026-09-10 19:29:05.065201+00,2026-09-10 17:53:21.830081+00,2026-09-10 19:29:05.076514+00,2026-09-10 17:53:21.851946+00,1,1,1,1,12,10,12,22
1789073990.539548,2249917,public,commission_rate,3,2026-09-10 18:36:32.553549+00,720,659064,2026-09-10 20:59:50.546396+00,1159404,240,0,0,0,0,240,0,0,0,2026-09-10 19:30:55.684574+00,,2026-09-10 19:30:55.685011+00,2026-09-10 17:53:21.85719+00,1,0,1,1,1,0,1,1
1789073990.539548,2249851,public,customer_taxrate,3,2026-09-10 18:39:19.221747+00,180000,49944187,2026-09-10 20:59:50.546396+00,4152,60000,7,0,0,7,60000,7,7,0,2026-09-10 19:36:20.607907+00,2026-09-10 17:53:20.297708+00,2026-09-10 19:36:20.638528+00,2026-09-10 17:53:20.350229+00,1,1,1,1,30,19,29,53
1789073990.539548,2249868,public,holding_history,8,2026-09-10 19:24:22.633472+00,2778954508,58083,2026-09-10 20:59:50.400293+00,129009,695235966,0,0,0,0,695120895,104505,392834,497339,2026-09-10 19:38:52.269828+00,2026-09-10 18:00:34.421363+00,2026-09-10 19:38:55.334914+00,2026-09-10 18:00:44.904449+00,1,3,1,3,149084,284220,3065,13235
1789073990.539548,2250046,public,industry,169548,2026-09-10 20:59:50.546396+00,17279751,1606682,2026-09-10 20:59:50.546396+00,1600158,102,0,0,0,0,102,0,0,0,2026-09-10 19:24:23.445694+00,,2026-09-10 19:24:23.445963+00,2026-09-10 17:53:29.973725+00,1,0,1,1,1,0,1,3
1789073990.539548,2250017,public,exchange,998143,2026-09-10 20:59:50.546396+00,3357929,1536,2026-09-10 20:54:53.872757+00,1152,4,24,0,24,0,4,24,24,0,2026-09-10 19:30:55.68249+00,,2026-09-10 19:30:55.682645+00,,1,0,1,0,1,0,1,0
1789073990.539548,2249901,public,cash_transaction,2,2026-09-10 19:00:28.999306+00,953848714,5996402,2026-09-10 20:59:50.546396+00,5879358,477198581,379188,0,31791,347397,477252422,373063,647255,274224,2026-09-10 19:30:52.298911+00,2026-09-10 17:59:35.711751+00,2026-09-10 19:30:55.445775+00,2026-09-10 18:00:57.043327+00,1,2,1,3,105990,228022,3126,22811
1789073990.539548,2249875,public,holding_summary,5,2026-09-10 18:36:33.052121+00,4476012,3561782,2026-09-10 20:59:50.546396+00,24741574,1493483,351732,1640,305113,46619,1492011,51851,142077,1479,2026-09-10 19:24:23.479998+00,2026-09-10 18:13:22.057298+00,2026-09-10 19:24:23.595668+00,2026-09-10 20:22:18.570401+00,1,1,1,2,30,365,113,1562
1789073990.539548,2249822,public,account_permission,2,2026-09-10 18:36:32.753413+00,425940,30444,2026-09-10 20:59:50.396351+00,30452,212970,8,0,0,8,212970,8,8,0,2026-09-10 19:29:04.927437+00,2026-09-10 17:53:19.299976+00,2026-09-10 19:29:05.05201+00,2026-09-10 17:53:19.497616+00,1,1,1,1,32,109,122,198
1789073990.539548,2249841,public,customer_account,4,2026-09-10 18:45:15.480553+00,600000,2606193,2026-09-10 20:59:50.546396+00,4371184,150000,274691,0,264664,10027,150000,10929,5199,0,2026-09-10 19:24:23.226634+00,2026-09-10 17:53:20.108136+00,2026-09-10 19:24:23.311106+00,2026-09-10 20:58:18.031596+00,1,1,1,16,12,77,84,6306
1789073990.539548,2250026,public,financial,2,2026-09-10 18:36:32.673292+00,600000,423514,2026-09-10 20:59:50.546396+00,8470242,300000,120,0,0,120,300000,120,120,0,2026-09-10 19:36:20.352757+00,2026-09-10 17:53:29.521608+00,2026-09-10 19:36:20.576514+00,2026-09-10 17:53:29.956687+00,1,1,1,1,57,322,207,435
1789073990.539548,2249830,public,customer,4,2026-09-10 18:39:19.245981+00,120000,1825647,2026-09-10 20:59:50.546396+00,1823862,30000,7,0,0,7,30000,7,7,0,2026-09-10 19:24:22.892301+00,2026-09-10 17:53:19.531775+00,2026-09-10 19:24:23.201268+00,2026-09-10 17:53:20.026228+00,1,1,1,1,59,26,305,495
1789073990.539548,2250121,public,zip_code,2,2026-09-10 18:36:32.586468+00,29482,848538,2026-09-10 20:59:50.546396+00,847000,14741,0,0,0,0,14741,0,0,0,2026-09-10 19:36:13.175189+00,2026-09-10 17:53:30.32548+00,2026-09-10 19:36:13.194698+00,2026-09-10 17:53:30.362036+00,1,1,1,1,1,41,20,31
1789073990.539548,2249929,public,settlement,2,2026-09-10 19:06:58.095243+00,1036800000,6363657,2026-09-10 20:59:50.546396+00,6363656,518699851,399280,0,63733,335547,518699884,381058,690946,299851,2026-09-10 19:38:55.40099+00,2026-09-10 19:38:47.513759+00,2026-09-10 19:38:59.2827+00,2026-09-10 19:38:51.103174+00,1,2,1,2,66,1872326,3881,5015
1789073990.539548,2250000,public,company_competitor,4,2026-09-10 18:39:19.241779+00,180000,423502,2026-09-10 20:59:50.546396+00,0,45000,0,0,0,0,45000,0,0,0,2026-09-10 19:29:04.853693+00,2026-09-10 17:53:22.019369+00,2026-09-10 19:29:04.892815+00,2026-09-10 17:53:22.073157+00,1,1,1,1,32,17,36,54
1789073990.539548,2250104,public,address,2,2026-09-10 18:36:32.586468+00,90008,848184,2026-09-10 20:59:50.546396+00,1906373,45004,8,0,0,8,45004,8,8,0,2026-09-10 19:36:13.198214+00,2026-09-10 17:53:30.143186+00,2026-09-10 19:36:13.272339+00,2026-09-10 17:53:30.265233+00,1,1,1,1,1,84,75,111
1789073990.539548,2249981,public,trade_type,3596172,2026-09-10 20:59:50.546396+00,12570439,3667,2026-09-10 20:55:34.986889+00,595,5,0,0,0,0,5,0,0,0,2026-09-10 19:30:55.686368+00,,2026-09-10 19:30:55.686494+00,,1,0,1,0,1,0,1,0
1789073990.539548,2250083,public,security,574637,2026-09-10 20:59:50.546396+00,11808790350,90172895,2026-09-10 20:59:50.546396+00,90658171,20550,6,0,0,6,20550,6,6,0,2026-09-10 19:24:23.322571+00,2026-09-10 17:56:48.546012+00,2026-09-10 19:24:23.441929+00,2026-09-10 17:56:48.782769+00,1,1,1,1,6,346,119,237
1789074050.632046,2249856,public,holding,3,2026-09-10 18:14:01.1438+00,53040828,680545,2026-09-10 21:00:50.685789+00,7889609,26692189,133905,198419,32285,101620,26529639,289069,398103,171775,2026-09-10 19:36:12.75693+00,2026-09-10 18:14:29.263615+00,2026-09-10 19:36:13.060392+00,2026-09-10 18:14:29.882987+00,1,1,1,1,45,7564,301,620
1789074050.632046,2250073,public,news_xref,3,2026-09-10 18:36:32.591284+00,90000,430819,2026-09-10 21:00:50.685789+00,14,30000,0,0,0,0,30000,0,0,0,2026-09-10 19:36:13.161571+00,2026-09-10 17:56:48.169274+00,2026-09-10 19:36:13.172374+00,2026-09-10 17:56:48.192926+00,1,1,1,1,3,164,11,24
1789074050.632046,2250006,public,daily_market,6,2026-09-10 18:14:00.82828+00,53635500,43052890,2026-09-10 21:00:50.685789+00,49679612,26817750,300,0,0,300,26824697,300,300,0,2026-09-10 19:36:21.896725+00,2026-09-10 17:53:30.461218+00,2026-09-10 19:36:22.185295+00,2026-09-10 17:53:31.195492+00,1,1,1,1,1254,8383,288,735
1789074050.632046,2250052,public,last_trade,2,2026-09-10 18:39:23.400642+00,41100,59996523,2026-09-10 21:00:50.685789+00,59996294,20550,591522,0,589341,2181,20550,3085,4296,0,2026-09-10 19:29:05.269132+00,2026-09-10 17:53:30.000417+00,2026-09-10 19:29:05.305716+00,2026-09-10 21:00:17.740193+00,1,1,1,78,3,12,36,6389
1789074050.632046,2250078,public,sector,147469,2026-09-10 21:00:50.685789+00,1769628,81020,2026-09-10 20:55:18.735157+00,81020,12,0,0,0,0,12,0,0,0,2026-09-10 19:24:23.444133+00,,2026-09-10 19:24:23.444255+00,,1,0,1,0,1,0,1,0
1789074050.632046,2250114,public,taxrate,158231,2026-09-10 21:00:50.496176+00,50633920,1311,2026-09-10 20:59:25.563352+00,735,320,6,0,3,3,320,3,6,0,2026-09-10 19:36:20.64208+00,,2026-09-10 19:36:20.642648+00,2026-09-10 17:53:30.277789+00,1,0,1,1,2,0,1,1
1789074050.632046,2249968,public,trade_request,150362,2026-09-10 21:00:50.685789+00,516464798,708208,2026-09-10 21:00:50.496176+00,332673,123952,0,119376,0,0,3318,807,1746,961,2026-09-10 19:29:04.821787+00,2026-09-10 21:00:17.624505+00,2026-09-10 19:29:04.822356+00,2026-09-10 21:00:17.646189+00,1,79,1,79,1,2229,1,2191
1789074050.632046,2249881,public,watch_item,4,2026-09-10 18:39:23.873407+00,8946495,331150,2026-09-10 21:00:50.685789+00,6945,2982165,6,0,0,6,2982165,6,6,0,2026-09-10 19:29:05.082092+00,2026-09-10 17:53:21.313017+00,2026-09-10 19:29:05.26188+00,2026-09-10 17:53:21.810508+00,1,1,1,1,2,959,180,498
1789074050.632046,2249962,public,trade_history,3,2026-09-10 19:16:53.853864+00,3732502353,7652279,2026-09-10 21:00:50.685789+00,18319544,1244915636,0,0,0,0,1244916424,18924,729261,748185,2026-09-10 19:29:02.442332+00,2026-09-10 17:56:39.748253+00,2026-09-10 19:29:04.819007+00,2026-09-10 17:56:46.054213+00,1,1,1,1,277842,64922,2377,6306
1789074050.632046,2249938,public,trade,18,2026-09-10 19:24:22.633472+00,7257600000,9231294,2026-09-10 21:00:50.685789+00,6181172597,518709696,974151,0,182169,333305,518696025,795523,1192830,309696,2026-09-10 19:36:10.673673+00,2026-09-10 17:55:13.319747+00,2026-09-10 19:36:12.708234+00,2026-09-10 17:55:14.759594+00,1,1,1,1,313984,19670,2034,1440
1789074050.632046,2250109,public,status_type,2271727,2026-09-10 21:00:50.685789+00,7213822,1152,2026-09-10 20:54:55.224112+00,0,5,0,0,0,0,5,0,0,0,2026-09-10 19:24:23.446735+00,,2026-09-10 19:24:23.446839+00,,1,0,1,0,1,0,1,0
1789074050.632046,2249909,public,charge,309698,2026-09-10 21:00:50.685789+00,4645470,0,,0,15,0,0,0,0,15,0,0,0,2026-09-10 19:30:55.68781+00,,2026-09-10 19:30:55.688433+00,,1,0,1,0,1,0,1,0
1789074050.632046,2249988,public,company,5,2026-09-10 18:39:19.216232+00,75000,53766817,2026-09-10 21:00:50.685789+00,191211924,15000,7,0,0,7,15000,7,7,0,2026-09-10 19:36:13.092374+00,2026-09-10 17:53:21.882165+00,2026-09-10 19:36:13.156371+00,2026-09-10 17:53:21.992193+00,1,1,1,1,31,17,62,110
1789074050.632046,2250062,public,news_item,1,2026-09-10 18:13:01.013209+00,30000,860089,2026-09-10 21:00:50.685789+00,873154,30000,12,0,0,12,30000,12,12,0,2026-09-10 19:36:13.288793+00,2026-09-10 17:56:47.547667+00,2026-09-10 19:36:20.294012+00,2026-09-10 17:56:47.994666+00,1,1,1,1,16,1484,143,447
1789074050.632046,2249891,public,broker,150235,2026-09-10 21:00:50.685789+00,45070500,1333795,2026-09-10 21:00:50.685789+00,1332722,300,309486,0,309486,0,300,85,2167,0,2026-09-10 19:24:23.448703+00,2026-09-10 20:40:17.597006+00,2026-09-10 19:38:59.555359+00,2026-09-10 21:00:17.747429+00,1,10,2,81,2,42,3,427
1789074050.632046,2249886,public,watch_list,4,2026-09-10 18:39:19.55136+00,120000,331152,2026-09-10 21:00:50.685789+00,330332,30000,0,0,0,0,30000,0,0,0,2026-09-10 19:29:05.065201+00,2026-09-10 17:53:21.830081+00,2026-09-10 19:29:05.076514+00,2026-09-10 17:53:21.851946+00,1,1,1,1,12,10,12,22
1789074050.632046,2249917,public,commission_rate,3,2026-09-10 18:36:32.553549+00,720,668151,2026-09-10 21:00:50.685789+00,1175350,240,0,0,0,0,240,0,0,0,2026-09-10 19:30:55.684574+00,,2026-09-10 19:30:55.685011+00,2026-09-10 17:53:21.85719+00,1,0,1,1,1,0,1,1
1789074050.632046,2249851,public,customer_taxrate,3,2026-09-10 18:39:19.221747+00,180000,50635067,2026-09-10 21:00:50.496176+00,4268,60000,7,0,0,7,60000,7,7,0,2026-09-10 19:36:20.607907+00,2026-09-10 17:53:20.297708+00,2026-09-10 19:36:20.638528+00,2026-09-10 17:53:20.350229+00,1,1,1,1,30,19,29,53
1789074050.632046,2249868,public,holding_history,8,2026-09-10 19:24:22.633472+00,2778954508,58829,2026-09-10 21:00:50.685789+00,130673,695242726,0,0,0,0,695126164,105996,398103,504099,2026-09-10 19:38:52.269828+00,2026-09-10 18:00:34.421363+00,2026-09-10 19:38:55.334914+00,2026-09-10 18:00:44.904449+00,1,3,1,3,149084,284220,3065,13235
1789074050.632046,2250046,public,industry,171957,2026-09-10 21:00:50.685789+00,17525469,1624039,2026-09-10 21:00:50.685789+00,1617447,102,0,0,0,0,102,0,0,0,2026-09-10 19:24:23.445694+00,,2026-09-10 19:24:23.445963+00,2026-09-10 17:53:29.973725+00,1,0,1,1,1,0,1,3
1789074050.632046,2250017,public,exchange,1011809,2026-09-10 21:00:50.685789+00,3403820,1536,2026-09-10 20:54:53.872757+00,1152,4,28,0,28,0,4,28,28,0,2026-09-10 19:30:55.68249+00,,2026-09-10 19:30:55.682645+00,,1,0,1,0,1,0,1,0
1789074050.632046,2249901,public,cash_transaction,2,2026-09-10 19:00:28.999306+00,953848714,6079160,2026-09-10 21:00:50.685789+00,5960500,477202281,384619,0,32544,352075,477256051,378204,656315,277924,2026-09-10 19:30:52.298911+00,2026-09-10 17:59:35.711751+00,2026-09-10 19:30:55.445775+00,2026-09-10 18:00:57.043327+00,1,2,1,3,105990,228022,3126,22811
1789074050.632046,2249875,public,holding_summary,5,2026-09-10 18:36:33.052121+00,4476012,3611072,2026-09-10 21:00:50.685789+00,25087158,1493513,356567,1660,309619,46948,1492021,52397,146038,1509,2026-09-10 19:24:23.479998+00,2026-09-10 18:13:22.057298+00,2026-09-10 19:24:23.595668+00,2026-09-10 20:22:18.570401+00,1,1,1,2,30,365,113,1562
1789074050.632046,2249822,public,account_permission,2,2026-09-10 18:36:32.753413+00,425940,30893,2026-09-10 21:00:50.252096+00,30901,212970,8,0,0,8,212970,8,8,0,2026-09-10 19:29:04.927437+00,2026-09-10 17:53:19.299976+00,2026-09-10 19:29:05.05201+00,2026-09-10 17:53:19.497616+00,1,1,1,1,32,109,122,198
1789074050.632046,2249841,public,customer_account,4,2026-09-10 18:45:15.480553+00,600000,2641865,2026-09-10 21:00:50.685789+00,4431451,150000,278401,0,268334,10067,150000,10947,8828,0,2026-09-10 19:24:23.226634+00,2026-09-10 17:53:20.108136+00,2026-09-10 19:24:23.311106+00,2026-09-10 20:58:18.031596+00,1,1,1,16,12,77,84,6306
1789074050.632046,2250026,public,financial,2,2026-09-10 18:36:32.673292+00,600000,429277,2026-09-10 21:00:50.685789+00,8585502,300000,120,0,0,120,300000,120,120,0,2026-09-10 19:36:20.352757+00,2026-09-10 17:53:29.521608+00,2026-09-10 19:36:20.576514+00,2026-09-10 17:53:29.956687+00,1,1,1,1,57,322,207,435
1789074050.632046,2249830,public,customer,4,2026-09-10 18:39:19.245981+00,120000,1850741,2026-09-10 21:00:50.685789+00,1848956,30000,7,0,0,7,30000,7,7,0,2026-09-10 19:24:22.892301+00,2026-09-10 17:53:19.531775+00,2026-09-10 19:24:23.201268+00,2026-09-10 17:53:20.026228+00,1,1,1,1,59,26,305,495
1789074050.632046,2250121,public,zip_code,2,2026-09-10 18:36:32.586468+00,29482,860064,2026-09-10 21:00:50.685789+00,858526,14741,0,0,0,0,14741,0,0,0,2026-09-10 19:36:13.175189+00,2026-09-10 17:53:30.32548+00,2026-09-10 19:36:13.194698+00,2026-09-10 17:53:30.362036+00,1,1,1,1,1,41,20,31
1789074050.632046,2249929,public,settlement,2,2026-09-10 19:06:58.095243+00,1036800000,6450137,2026-09-10 21:00:50.685789+00,6450136,518703910,404340,0,64747,339593,518703845,385505,699967,303910,2026-09-10 19:38:55.40099+00,2026-09-10 19:38:47.513759+00,2026-09-10 19:38:59.2827+00,2026-09-10 19:38:51.103174+00,1,2,1,2,66,1872326,3881,5015
1789074050.632046,2250000,public,company_competitor,4,2026-09-10 18:39:19.241779+00,180000,429265,2026-09-10 21:00:50.685789+00,0,45000,0,0,0,0,45000,0,0,0,2026-09-10 19:29:04.853693+00,2026-09-10 17:53:22.019369+00,2026-09-10 19:29:04.892815+00,2026-09-10 17:53:22.073157+00,1,1,1,1,32,17,36,54
1789074050.632046,2250104,public,address,2,2026-09-10 18:36:32.586468+00,90008,859710,2026-09-10 21:00:50.685789+00,1932178,45004,8,0,0,8,45004,8,8,0,2026-09-10 19:36:13.198214+00,2026-09-10 17:53:30.143186+00,2026-09-10 19:36:13.272339+00,2026-09-10 17:53:30.265233+00,1,1,1,1,1,84,75,111
1789074050.632046,2249981,public,trade_type,3645649,2026-09-10 21:00:50.685789+00,12743519,3667,2026-09-10 20:55:34.986889+00,595,5,0,0,0,0,5,0,0,0,2026-09-10 19:30:55.686368+00,,2026-09-10 19:30:55.686494+00,,1,0,1,0,1,0,1,0
1789074050.632046,2250083,public,security,582538,2026-09-10 21:00:50.685789+00,11971155900,91347505,2026-09-10 21:00:50.685789+00,91839402,20550,6,0,0,6,20550,6,6,0,2026-09-10 19:24:23.322571+00,2026-09-10 17:56:48.546012+00,2026-09-10 19:24:23.441929+00,2026-09-10 17:56:48.782769+00,1,1,1,1,6,346,119,237
1789074110.770507,2249856,public,holding,3,2026-09-10 18:14:01.1438+00,53040828,689553,2026-09-10 21:01:50.748129+00,7993994,26694458,135653,201166,33000,102653,26529739,292704,403178,174044,2026-09-10 19:36:12.75693+00,2026-09-10 18:14:29.263615+00,2026-09-10 19:36:13.060392+00,2026-09-10 18:14:29.882987+00,1,1,1,1,45,7564,301,620
1789074110.770507,2250073,public,news_xref,3,2026-09-10 18:36:32.591284+00,90000,436571,2026-09-10 21:01:50.62134+00,14,30000,0,0,0,0,30000,0,0,0,2026-09-10 19:36:13.161571+00,2026-09-10 17:56:48.169274+00,2026-09-10 19:36:13.172374+00,2026-09-10 17:56:48.192926+00,1,1,1,1,3,164,11,24
1789074110.770507,2250006,public,daily_market,6,2026-09-10 18:14:00.82828+00,53635500,43626732,2026-09-10 21:01:50.62134+00,50239450,26817750,300,0,0,300,26824697,300,300,0,2026-09-10 19:36:21.896725+00,2026-09-10 17:53:30.461218+00,2026-09-10 19:36:22.185295+00,2026-09-10 17:53:31.195492+00,1,1,1,1,1254,8383,288,735
1789074110.770507,2250052,public,last_trade,2,2026-09-10 18:39:23.400642+00,41100,60793176,2026-09-10 21:01:50.748129+00,60792947,20550,599080,0,596898,2182,20550,3176,4037,0,2026-09-10 19:29:05.269132+00,2026-09-10 17:53:30.000417+00,2026-09-10 19:29:05.305716+00,2026-09-10 21:01:17.77451+00,1,1,1,79,3,12,36,6472
1789074110.770507,2250078,public,sector,149454,2026-09-10 21:01:50.62134+00,1793448,81020,2026-09-10 20:55:18.735157+00,81020,12,0,0,0,0,12,0,0,0,2026-09-10 19:24:23.444133+00,,2026-09-10 19:24:23.444255+00,,1,0,1,0,1,0,1,0
1789074110.770507,2250114,public,taxrate,160253,2026-09-10 21:01:50.748129+00,51280960,1317,2026-09-10 21:01:20.795595+00,741,320,6,0,3,3,320,3,6,0,2026-09-10 19:36:20.64208+00,,2026-09-10 19:36:20.642648+00,2026-09-10 17:53:30.277789+00,1,0,1,1,2,0,1,1
1789074110.770507,2249968,public,trade_request,152347,2026-09-10 21:01:50.62134+00,523264196,717229,2026-09-10 21:01:50.748129+00,336779,125616,0,120777,0,0,3553,796,1673,911,2026-09-10 19:29:04.821787+00,2026-09-10 21:01:17.654786+00,2026-09-10 19:29:04.822356+00,2026-09-10 21:01:17.687226+00,1,80,1,80,1,2256,1,2224
1789074110.770507,2249881,public,watch_item,4,2026-09-10 18:39:23.873407+00,8946495,335563,2026-09-10 21:01:50.62134+00,6945,2982165,6,0,0,6,2982165,6,6,0,2026-09-10 19:29:05.082092+00,2026-09-10 17:53:21.313017+00,2026-09-10 19:29:05.26188+00,2026-09-10 17:53:21.810508+00,1,1,1,1,2,959,180,498
1789074110.770507,2249962,public,trade_history,3,2026-09-10 19:16:53.853864+00,3732502353,7753399,2026-09-10 21:01:50.62134+00,18561861,1244925196,0,0,0,0,1244925608,19300,738445,757745,2026-09-10 19:29:02.442332+00,2026-09-10 17:56:39.748253+00,2026-09-10 19:29:04.819007+00,2026-09-10 17:56:46.054213+00,1,1,1,1,277842,64922,2377,6306
1789074110.770507,2249938,public,trade,18,2026-09-10 19:24:22.633472+00,7257600000,9352685,2026-09-10 21:01:50.748129+00,6262861517,518713774,986599,0,185171,336875,518700051,805063,1208024,313774,2026-09-10 19:36:10.673673+00,2026-09-10 17:55:13.319747+00,2026-09-10 19:36:12.708234+00,2026-09-10 17:55:14.759594+00,1,1,1,1,313984,19670,2034,1440
1789074110.770507,2250109,public,status_type,2301279,2026-09-10 21:01:50.748129+00,7307777,1152,2026-09-10 20:54:55.224112+00,0,5,0,0,0,0,5,0,0,0,2026-09-10 19:24:23.446735+00,,2026-09-10 19:24:23.446839+00,,1,0,1,0,1,0,1,0
1789074110.770507,2249909,public,charge,313776,2026-09-10 21:01:50.62134+00,4706640,0,,0,15,0,0,0,0,15,0,0,0,2026-09-10 19:30:55.68781+00,,2026-09-10 19:30:55.688433+00,,1,0,1,0,1,0,1,0
1789074110.770507,2249988,public,company,5,2026-09-10 18:39:19.216232+00,75000,54474561,2026-09-10 21:01:50.62134+00,193754239,15000,7,0,0,7,15000,7,7,0,2026-09-10 19:36:13.092374+00,2026-09-10 17:53:21.882165+00,2026-09-10 19:36:13.156371+00,2026-09-10 17:53:21.992193+00,1,1,1,1,31,17,62,110
1789074110.770507,2250062,public,news_item,1,2026-09-10 18:13:01.013209+00,30000,871593,2026-09-10 21:01:50.62134+00,884658,30000,12,0,0,12,30000,12,12,0,2026-09-10 19:36:13.288793+00,2026-09-10 17:56:47.547667+00,2026-09-10 19:36:20.294012+00,2026-09-10 17:56:47.994666+00,1,1,1,1,16,1484,143,447
1789074110.770507,2249891,public,broker,152220,2026-09-10 21:01:50.62134+00,45666000,1351429,2026-09-10 21:01:50.748129+00,1350350,300,313537,0,313537,0,300,177,2003,0,2026-09-10 19:24:23.448703+00,2026-09-10 20:40:17.597006+00,2026-09-10 19:38:59.555359+00,2026-09-10 21:01:17.786381+00,1,10,2,82,2,42,3,434
1789074110.770507,2249886,public,watch_list,4,2026-09-10 18:39:19.55136+00,120000,335565,2026-09-10 21:01:50.62134+00,334745,30000,0,0,0,0,30000,0,0,0,2026-09-10 19:29:05.065201+00,2026-09-10 17:53:21.830081+00,2026-09-10 19:29:05.076514+00,2026-09-10 17:53:21.851946+00,1,1,1,1,12,10,12,22
1789074110.770507,2249917,public,commission_rate,3,2026-09-10 18:36:32.553549+00,720,676934,2026-09-10 21:01:50.748129+00,1190879,240,0,0,0,0,240,0,0,0,2026-09-10 19:30:55.684574+00,,2026-09-10 19:30:55.685011+00,2026-09-10 17:53:21.85719+00,1,0,1,1,1,0,1,1
1789074110.770507,2249851,public,customer_taxrate,3,2026-09-10 18:39:19.221747+00,180000,51282113,2026-09-10 21:01:50.748129+00,4382,60000,7,0,0,7,60000,7,7,0,2026-09-10 19:36:20.607907+00,2026-09-10 17:53:20.297708+00,2026-09-10 19:36:20.638528+00,2026-09-10 17:53:20.350229+00,1,1,1,1,30,19,29,53
1789074110.770507,2249868,public,holding_history,8,2026-09-10 19:24:22.633472+00,2778954508,59534,2026-09-10 21:01:50.62134+00,132213,695249490,0,0,0,0,695131239,107685,403178,510863,2026-09-10 19:38:52.269828+00,2026-09-10 18:00:34.421363+00,2026-09-10 19:38:55.334914+00,2026-09-10 18:00:44.904449+00,1,3,1,3,149084,284220,3065,13235
1789074110.770507,2250046,public,industry,174309,2026-09-10 21:01:50.62134+00,17765373,1641357,2026-09-10 21:01:50.62134+00,1634703,102,0,0,0,0,102,0,0,0,2026-09-10 19:24:23.445694+00,,2026-09-10 19:24:23.445963+00,2026-09-10 17:53:29.973725+00,1,0,1,1,1,0,1,3
1789074110.770507,2250017,public,exchange,1025327,2026-09-10 21:01:50.62134+00,3449187,1536,2026-09-10 20:54:53.872757+00,1152,4,28,0,28,0,4,28,28,0,2026-09-10 19:30:55.68249+00,,2026-09-10 19:30:55.682645+00,,1,0,1,0,1,0,1,0
1789074110.770507,2249901,public,cash_transaction,2,2026-09-10 19:00:28.999306+00,953848714,6158991,2026-09-10 21:01:50.62134+00,6038738,477205913,389514,0,33225,356289,477259493,382899,664652,281556,2026-09-10 19:30:52.298911+00,2026-09-10 17:59:35.711751+00,2026-09-10 19:30:55.445775+00,2026-09-10 18:00:57.043327+00,1,2,1,3,105990,228022,3126,22811
1789074110.770507,2249875,public,holding_summary,5,2026-09-10 18:36:33.052121+00,4476012,3658768,2026-09-10 21:01:50.748129+00,25419928,1493523,361262,1674,313934,47328,1492018,52791,149795,1519,2026-09-10 19:24:23.479998+00,2026-09-10 18:13:22.057298+00,2026-09-10 19:24:23.595668+00,2026-09-10 20:22:18.570401+00,1,1,1,2,30,365,113,1562
1789074110.770507,2249822,public,account_permission,2,2026-09-10 18:36:32.753413+00,425940,31309,2026-09-10 21:01:50.560691+00,31317,212970,8,0,0,8,212970,8,8,0,2026-09-10 19:29:04.927437+00,2026-09-10 17:53:19.299976+00,2026-09-10 19:29:05.05201+00,2026-09-10 17:53:19.497616+00,1,1,1,1,32,109,122,198
1789074110.770507,2249841,public,customer_account,4,2026-09-10 18:45:15.480553+00,600000,2676629,2026-09-10 21:01:50.748129+00,4489907,150000,282042,0,271821,10221,150000,11094,12270,0,2026-09-10 19:24:23.226634+00,2026-09-10 17:53:20.108136+00,2026-09-10 19:24:23.311106+00,2026-09-10 20:58:18.031596+00,1,1,1,16,12,77,84,6306
1789074110.770507,2250026,public,financial,2,2026-09-10 18:36:32.673292+00,600000,435031,2026-09-10 21:01:50.62134+00,8700582,300000,140,0,0,140,300000,140,140,0,2026-09-10 19:36:20.352757+00,2026-09-10 17:53:29.521608+00,2026-09-10 19:36:20.576514+00,2026-09-10 17:53:29.956687+00,1,1,1,1,57,322,207,435
1789074110.770507,2249830,public,customer,4,2026-09-10 18:39:19.245981+00,120000,1875212,2026-09-10 21:01:50.748129+00,1873427,30000,7,0,0,7,30000,7,7,0,2026-09-10 19:24:22.892301+00,2026-09-10 17:53:19.531775+00,2026-09-10 19:24:23.201268+00,2026-09-10 17:53:20.026228+00,1,1,1,1,59,26,305,495
1789074110.770507,2250121,public,zip_code,2,2026-09-10 18:36:32.586468+00,29482,871568,2026-09-10 21:01:50.62134+00,870030,14741,0,0,0,0,14741,0,0,0,2026-09-10 19:36:13.175189+00,2026-09-10 17:53:30.32548+00,2026-09-10 19:36:13.194698+00,2026-09-10 17:53:30.362036+00,1,1,1,1,1,41,20,31
1789074110.770507,2249929,public,settlement,2,2026-09-10 19:06:58.095243+00,1036800000,6536097,2026-09-10 21:01:50.62134+00,6536096,518707910,410060,0,65923,344137,518707628,390815,709470,307910,2026-09-10 19:38:55.40099+00,2026-09-10 19:38:47.513759+00,2026-09-10 19:38:59.2827+00,2026-09-10 19:38:51.103174+00,1,2,1,2,66,1872326,3881,5015
1789074110.770507,2250000,public,company_competitor,4,2026-09-10 18:39:19.241779+00,180000,435017,2026-09-10 21:01:50.62134+00,0,45000,0,0,0,0,45000,0,0,0,2026-09-10 19:29:04.853693+00,2026-09-10 17:53:22.019369+00,2026-09-10 19:29:04.892815+00,2026-09-10 17:53:22.073157+00,1,1,1,1,32,17,36,54
1789074110.770507,2250104,public,address,2,2026-09-10 18:36:32.586468+00,90008,871214,2026-09-10 21:01:50.62134+00,1957985,45004,8,0,0,8,45004,8,8,0,2026-09-10 19:36:13.198214+00,2026-09-10 17:53:30.143186+00,2026-09-10 19:36:13.272339+00,2026-09-10 17:53:30.265233+00,1,1,1,1,1,84,75,111
1789074110.770507,2249981,public,trade_type,3693721,2026-09-10 21:01:50.785424+00,12912094,3667,2026-09-10 20:55:34.986889+00,595,5,0,0,0,0,5,0,0,0,2026-09-10 19:30:55.686368+00,,2026-09-10 19:30:55.686494+00,,1,0,1,0,1,0,1,0
1789074110.770507,2250083,public,security,590304,2026-09-10 21:01:50.62134+00,12130747200,92554713,2026-09-10 21:01:50.748129+00,93053136,20550,6,0,0,6,20550,6,6,0,2026-09-10 19:24:23.322571+00,2026-09-10 17:56:48.546012+00,2026-09-10 19:24:23.441929+00,2026-09-10 17:56:48.782769+00,1,1,1,1,6,346,119,237
1789074170.841349,2249856,public,holding,3,2026-09-10 18:14:01.1438+00,53040828,698525,2026-09-10 21:02:50.856426+00,8099999,26696795,137398,203727,33774,103624,26529919,296343,408439,176381,2026-09-10 19:36:12.75693+00,2026-09-10 18:14:29.263615+00,2026-09-10 19:36:13.060392+00,2026-09-10 18:14:29.882987+00,1,1,1,1,45,7564,301,620
1789074170.841349,2250073,public,news_xref,3,2026-09-10 18:36:32.591284+00,90000,442319,2026-09-10 21:02:50.774195+00,16,30000,0,0,0,0,30000,0,0,0,2026-09-10 19:36:13.161571+00,2026-09-10 17:56:48.169274+00,2026-09-10 19:36:13.172374+00,2026-09-10 17:56:48.192926+00,1,1,1,1,3,164,11,24
1789074170.841349,2250006,public,daily_market,6,2026-09-10 18:14:00.82828+00,53635500,44214241,2026-09-10 21:02:50.774195+00,50812748,26817750,300,0,0,300,26824697,300,300,0,2026-09-10 19:36:21.896725+00,2026-09-10 17:53:30.461218+00,2026-09-10 19:36:22.185295+00,2026-09-10 17:53:31.195492+00,1,1,1,1,1254,8383,288,735
1789074170.841349,2250052,public,last_trade,2,2026-09-10 18:39:23.400642+00,41100,61613808,2026-09-10 21:02:50.856426+00,61613579,20550,607026,0,604842,2184,20550,3091,4264,0,2026-09-10 19:29:05.269132+00,2026-09-10 17:53:30.000417+00,2026-09-10 19:29:05.305716+00,2026-09-10 21:02:19.008967+00,1,1,1,80,3,12,36,6561
1789074170.841349,2250078,public,sector,151513,2026-09-10 21:02:50.774195+00,1818156,81020,2026-09-10 20:55:18.735157+00,81020,12,0,0,0,0,12,0,0,0,2026-09-10 19:24:23.444133+00,,2026-09-10 19:24:23.444255+00,,1,0,1,0,1,0,1,0
1789074170.841349,2250114,public,taxrate,162357,2026-09-10 21:02:50.856426+00,51954240,1317,2026-09-10 21:01:20.795595+00,741,320,6,0,3,3,320,3,6,0,2026-09-10 19:36:20.64208+00,,2026-09-10 19:36:20.642648+00,2026-09-10 17:53:30.277789+00,1,0,1,1,2,0,1,1
1789074170.841349,2249968,public,trade_request,154406,2026-09-10 21:02:50.774195+00,530846682,726678,2026-09-10 21:02:50.856426+00,341105,127282,0,122206,0,0,3754,803,1623,851,2026-09-10 19:29:04.821787+00,2026-09-10 21:02:18.899915+00,2026-09-10 19:29:04.822356+00,2026-09-10 21:02:18.918596+00,1,81,1,81,1,2275,1,2243
1789074170.841349,2249881,public,watch_item,4,2026-09-10 18:39:23.873407+00,8946495,340092,2026-09-10 21:02:50.774195+00,7022,2982165,6,0,0,6,2982165,6,6,0,2026-09-10 19:29:05.082092+00,2026-09-10 17:53:21.313017+00,2026-09-10 19:29:05.26188+00,2026-09-10 17:53:21.810508+00,1,1,1,1,2,959,180,498
1789074170.841349,2249962,public,trade_history,3,2026-09-10 19:16:53.853864+00,3732502353,7857269,2026-09-10 21:02:50.774195+00,18811133,1244935017,0,0,0,0,1244935183,19546,748020,767566,2026-09-10 19:29:02.442332+00,2026-09-10 17:56:39.748253+00,2026-09-10 19:29:04.819007+00,2026-09-10 17:56:46.054213+00,1,1,1,1,277842,64922,2377,6306
1789074170.841349,2249938,public,trade,18,2026-09-10 19:24:22.633472+00,7257600000,9477161,2026-09-10 21:02:50.856426+00,6346709476,518717984,999618,0,188384,340622,518704231,814890,1224037,317984,2026-09-10 19:36:10.673673+00,2026-09-10 17:55:13.319747+00,2026-09-10 19:36:12.708234+00,2026-09-10 17:55:14.759594+00,1,1,1,1,313984,19670,2034,1440
1789074170.841349,2250109,public,status_type,2331521,2026-09-10 21:02:50.856426+00,7403681,1152,2026-09-10 20:54:55.224112+00,0,5,0,0,0,0,5,0,0,0,2026-09-10 19:24:23.446735+00,,2026-09-10 19:24:23.446839+00,,1,0,1,0,1,0,1,0
1789074170.841349,2249909,public,charge,317986,2026-09-10 21:02:50.774195+00,4769790,0,,0,15,0,0,0,0,15,0,0,0,2026-09-10 19:30:55.68781+00,,2026-09-10 19:30:55.688433+00,,1,0,1,0,1,0,1,0
1789074170.841349,2249988,public,company,5,2026-09-10 18:39:19.216232+00,75000,55258798,2026-09-10 21:02:50.774195+00,196278054,15000,7,0,0,7,15000,7,7,0,2026-09-10 19:36:13.092374+00,2026-09-10 17:53:21.882165+00,2026-09-10 19:36:13.156371+00,2026-09-10 17:53:21.992193+00,1,1,1,1,31,17,62,110
1789074170.841349,2250062,public,news_item,1,2026-09-10 18:13:01.013209+00,30000,883087,2026-09-10 21:02:50.774195+00,896150,30000,14,0,0,14,30000,14,14,0,2026-09-10 19:36:13.288793+00,2026-09-10 17:56:47.547667+00,2026-09-10 19:36:20.294012+00,2026-09-10 17:56:47.994666+00,1,1,1,1,16,1484,143,447
1789074170.841349,2249891,public,broker,154279,2026-09-10 21:02:50.774195+00,46283700,1369496,2026-09-10 21:02:50.856426+00,1368401,300,317693,0,317693,0,300,56,2121,0,2026-09-10 19:24:23.448703+00,2026-09-10 21:02:19.015376+00,2026-09-10 19:38:59.555359+00,2026-09-10 21:02:19.020221+00,1,11,2,83,2,45,3,439
1789074170.841349,2249886,public,watch_list,4,2026-09-10 18:39:19.55136+00,120000,340094,2026-09-10 21:02:50.774195+00,339274,30000,0,0,0,0,30000,0,0,0,2026-09-10 19:29:05.065201+00,2026-09-10 17:53:21.830081+00,2026-09-10 19:29:05.076514+00,2026-09-10 17:53:21.851946+00,1,1,1,1,12,10,12,22
1789074170.841349,2249917,public,commission_rate,3,2026-09-10 18:36:32.553549+00,720,685965,2026-09-10 21:02:50.856426+00,1206612,240,0,0,0,0,240,0,0,0,2026-09-10 19:30:55.684574+00,,2026-09-10 19:30:55.685011+00,2026-09-10 17:53:21.85719+00,1,0,1,1,1,0,1,1
1789074170.841349,2249851,public,customer_taxrate,3,2026-09-10 18:39:19.221747+00,180000,51955393,2026-09-10 21:02:50.856426+00,4483,60000,7,0,0,7,60000,7,7,0,2026-09-10 19:36:20.607907+00,2026-09-10 17:53:20.297708+00,2026-09-10 19:36:20.638528+00,2026-09-10 17:53:20.350229+00,1,1,1,1,30,19,29,53
1789074170.841349,2249868,public,holding_history,8,2026-09-10 19:24:22.633472+00,2778954508,60344,2026-09-10 21:02:50.774195+00,134062,695256133,0,0,0,0,695136500,109067,408439,517506,2026-09-10 19:38:52.269828+00,2026-09-10 18:00:34.421363+00,2026-09-10 19:38:55.334914+00,2026-09-10 18:00:44.904449+00,1,3,1,3,149084,284220,3065,13235
1789074170.841349,2250046,public,industry,176716,2026-09-10 21:02:50.774195+00,18010887,1658666,2026-09-10 21:02:50.774195+00,1651938,102,0,0,0,0,102,0,0,0,2026-09-10 19:24:23.445694+00,,2026-09-10 19:24:23.445963+00,2026-09-10 17:53:29.973725+00,1,0,1,1,1,0,1,3
1789074170.841349,2250017,public,exchange,1038967,2026-09-10 21:02:50.774195+00,3495212,1536,2026-09-10 20:54:53.872757+00,1152,4,28,0,28,0,4,28,28,0,2026-09-10 19:30:55.68249+00,,2026-09-10 19:30:55.682645+00,,1,0,1,0,1,0,1,0
1789074170.841349,2249901,public,cash_transaction,2,2026-09-10 19:00:28.999306+00,953848714,6242219,2026-09-10 21:02:50.774195+00,6120375,477209663,394864,0,33932,360932,477263163,387903,673672,285306,2026-09-10 19:30:52.298911+00,2026-09-10 17:59:35.711751+00,2026-09-10 19:30:55.445775+00,2026-09-10 18:00:57.043327+00,1,2,1,3,105990,228022,3126,22811
1789074170.841349,2249875,public,holding_summary,5,2026-09-10 18:36:33.052121+00,4476012,3707905,2026-09-10 21:02:50.856426+00,25763858,1493552,366048,1693,318387,47661,1492032,53232,2141,1548,2026-09-10 19:24:23.479998+00,2026-09-10 18:13:22.057298+00,2026-09-10 19:24:23.595668+00,2026-09-10 21:02:18.878562+00,1,1,1,3,30,365,113,2827
1789074170.841349,2249822,public,account_permission,2,2026-09-10 18:36:32.753413+00,425940,31738,2026-09-10 21:02:50.545+00,31746,212970,8,0,0,8,212970,8,8,0,2026-09-10 19:29:04.927437+00,2026-09-10 17:53:19.299976+00,2026-09-10 19:29:05.05201+00,2026-09-10 17:53:19.497616+00,1,1,1,1,32,109,122,198
1789074170.841349,2249841,public,customer_account,4,2026-09-10 18:45:15.480553+00,600000,2712363,2026-09-10 21:02:50.856426+00,4550168,150000,285798,0,275536,10262,150000,11198,15940,0,2026-09-10 19:24:23.226634+00,2026-09-10 17:53:20.108136+00,2026-09-10 19:24:23.311106+00,2026-09-10 20:58:18.031596+00,1,1,1,16,12,77,84,6306
1789074170.841349,2250026,public,financial,2,2026-09-10 18:36:32.673292+00,600000,440776,2026-09-10 21:02:50.774195+00,8815482,300000,140,0,0,140,300000,140,140,0,2026-09-10 19:36:20.352757+00,2026-09-10 17:53:29.521608+00,2026-09-10 19:36:20.576514+00,2026-09-10 17:53:29.956687+00,1,1,1,1,57,322,207,435
1789074170.841349,2249830,public,customer,4,2026-09-10 18:39:19.245981+00,120000,1900323,2026-09-10 21:02:50.856426+00,1898490,30000,7,0,0,7,30000,7,7,0,2026-09-10 19:24:22.892301+00,2026-09-10 17:53:19.531775+00,2026-09-10 19:24:23.201268+00,2026-09-10 17:53:20.026228+00,1,1,1,1,59,26,305,495
1789074170.841349,2250121,public,zip_code,2,2026-09-10 18:36:32.586468+00,29482,883058,2026-09-10 21:02:50.774195+00,881520,14741,0,0,0,0,14741,0,0,0,2026-09-10 19:36:13.175189+00,2026-09-10 17:53:30.32548+00,2026-09-10 19:36:13.194698+00,2026-09-10 17:53:30.362036+00,1,1,1,1,1,41,20,31
1789074170.841349,2249929,public,settlement,2,2026-09-10 19:06:58.095243+00,1036800000,6623757,2026-09-10 21:02:50.774195+00,6623756,518711954,415400,0,67055,348345,518711568,395566,718750,311954,2026-09-10 19:38:55.40099+00,2026-09-10 19:38:47.513759+00,2026-09-10 19:38:59.2827+00,2026-09-10 19:38:51.103174+00,1,2,1,2,66,1872326,3881,5015
1789074170.841349,2250000,public,company_competitor,4,2026-09-10 18:39:19.241779+00,180000,440762,2026-09-10 21:02:50.774195+00,0,45000,0,0,0,0,45000,0,0,0,2026-09-10 19:29:04.853693+00,2026-09-10 17:53:22.019369+00,2026-09-10 19:29:04.892815+00,2026-09-10 17:53:22.073157+00,1,1,1,1,32,17,36,54
1789074170.841349,2250104,public,address,2,2026-09-10 18:36:32.586468+00,90008,882704,2026-09-10 21:02:50.774195+00,1983920,45004,8,0,0,8,45004,8,8,0,2026-09-10 19:36:13.198214+00,2026-09-10 17:53:30.143186+00,2026-09-10 19:36:13.272339+00,2026-09-10 17:53:30.265233+00,1,1,1,1,1,84,75,111
1789074170.841349,2249981,public,trade_type,3743475,2026-09-10 21:02:50.856426+00,13085594,3667,2026-09-10 20:55:34.986889+00,595,5,0,0,0,0,5,0,0,0,2026-09-10 19:30:55.686368+00,,2026-09-10 19:30:55.686494+00,,1,0,1,0,1,0,1,0
1789074170.841349,2250083,public,security,598199,2026-09-10 21:02:50.774195+00,12292989450,93853130,2026-09-10 21:02:50.856426+00,94358318,20550,6,0,0,6,20550,6,6,0,2026-09-10 19:24:23.322571+00,2026-09-10 17:56:48.546012+00,2026-09-10 19:24:23.441929+00,2026-09-10 17:56:48.782769+00,1,1,1,1,6,346,119,237
1789074230.966166,2249856,public,holding,3,2026-09-10 18:14:01.1438+00,53040828,707510,2026-09-10 21:03:50.940668+00,8202123,26699113,139159,206386,34593,104566,26530074,299921,413789,178699,2026-09-10 19:36:12.75693+00,2026-09-10 18:14:29.263615+00,2026-09-10 19:36:13.060392+00,2026-09-10 18:14:29.882987+00,1,1,1,1,45,7564,301,620
1789074230.966166,2250073,public,news_xref,3,2026-09-10 18:36:32.591284+00,90000,448095,2026-09-10 21:03:50.940668+00,16,30000,0,0,0,0,30000,0,0,0,2026-09-10 19:36:13.161571+00,2026-09-10 17:56:48.169274+00,2026-09-10 19:36:13.172374+00,2026-09-10 17:56:48.192926+00,1,1,1,1,3,164,11,24
1789074230.966166,2250006,public,daily_market,6,2026-09-10 18:14:00.82828+00,53635500,44791497,2026-09-10 21:03:50.940668+00,51375998,26817750,300,0,0,300,26824697,300,300,0,2026-09-10 19:36:21.896725+00,2026-09-10 17:53:30.461218+00,2026-09-10 19:36:22.185295+00,2026-09-10 17:53:31.195492+00,1,1,1,1,1254,8383,288,735
1789074230.966166,2250052,public,last_trade,2,2026-09-10 18:39:23.400642+00,41100,62418397,2026-09-10 21:03:50.940668+00,62418168,20550,614901,0,612717,2184,20550,3120,4335,0,2026-09-10 19:29:05.269132+00,2026-09-10 17:53:30.000417+00,2026-09-10 19:29:05.305716+00,2026-09-10 21:03:18.187826+00,1,1,1,81,3,12,36,6638
1789074230.966166,2250078,public,sector,153535,2026-09-10 21:03:50.940668+00,1842420,81020,2026-09-10 20:55:18.735157+00,81020,12,0,0,0,0,12,0,0,0,2026-09-10 19:24:23.444133+00,,2026-09-10 19:24:23.444255+00,,1,0,1,0,1,0,1,0
1789074230.966166,2250114,public,taxrate,164331,2026-09-10 21:03:50.940668+00,52585920,1317,2026-09-10 21:01:20.795595+00,741,320,6,0,3,3,320,3,6,0,2026-09-10 19:36:20.64208+00,,2026-09-10 19:36:20.642648+00,2026-09-10 17:53:30.277789+00,1,0,1,1,2,0,1,1
1789074230.966166,2249968,public,trade_request,156428,2026-09-10 21:03:50.940668+00,538664550,736190,2026-09-10 21:03:50.834904+00,345714,128988,0,123743,0,0,3945,847,1741,911,2026-09-10 19:29:04.821787+00,2026-09-10 21:03:18.083889+00,2026-09-10 19:29:04.822356+00,2026-09-10 21:03:18.105976+00,1,82,1,82,1,2298,1,2265
1789074230.966166,2249881,public,watch_item,4,2026-09-10 18:39:23.873407+00,8946495,344497,2026-09-10 21:03:50.940668+00,7168,2982165,6,0,0,6,2982165,6,6,0,2026-09-10 19:29:05.082092+00,2026-09-10 17:53:21.313017+00,2026-09-10 19:29:05.26188+00,2026-09-10 17:53:21.810508+00,1,1,1,1,2,959,180,498
1789074230.966166,2249962,public,trade_history,3,2026-09-10 19:16:53.853864+00,3732502353,7960009,2026-09-10 21:03:50.940668+00,19057416,1244944864,0,0,0,0,1244944813,19763,757650,777413,2026-09-10 19:29:02.442332+00,2026-09-10 17:56:39.748253+00,2026-09-10 19:29:04.819007+00,2026-09-10 17:56:46.054213+00,1,1,1,1,277842,64922,2377,6306
1789074230.966166,2249938,public,trade,18,2026-09-10 19:24:22.633472+00,7257600000,9601544,2026-09-10 21:03:50.940668+00,6428086330,518722152,1012707,0,191553,344476,518708356,824848,1240175,322152,2026-09-10 19:36:10.673673+00,2026-09-10 17:55:13.319747+00,2026-09-10 19:36:12.708234+00,2026-09-10 17:55:14.759594+00,1,1,1,1,313984,19670,2034,1440
1789074230.966166,2250109,public,status_type,2361632,2026-09-10 21:03:50.940668+00,7499156,1152,2026-09-10 20:54:55.224112+00,0,5,0,0,0,0,5,0,0,0,2026-09-10 19:24:23.446735+00,,2026-09-10 19:24:23.446839+00,,1,0,1,0,1,0,1,0
1789074230.966166,2249909,public,charge,322154,2026-09-10 21:03:50.940668+00,4832310,0,,0,15,0,0,0,0,15,0,0,0,2026-09-10 19:30:55.68781+00,,2026-09-10 19:30:55.688433+00,,1,0,1,0,1,0,1,0
1789074230.966166,2249988,public,company,5,2026-09-10 18:39:19.216232+00,75000,56072062,2026-09-10 21:03:50.940668+00,198935849,15000,7,0,0,7,15000,7,7,0,2026-09-10 19:36:13.092374+00,2026-09-10 17:53:21.882165+00,2026-09-10 19:36:13.156371+00,2026-09-10 17:53:21.992193+00,1,1,1,1,31,17,62,110
1789074230.966166,2250062,public,news_item,1,2026-09-10 18:13:01.013209+00,30000,894639,2026-09-10 21:03:50.940668+00,907702,30000,14,0,0,14,30000,14,14,0,2026-09-10 19:36:13.288793+00,2026-09-10 17:56:47.547667+00,2026-09-10 19:36:20.294012+00,2026-09-10 17:56:47.994666+00,1,1,1,1,16,1484,143,447
1789074230.966166,2249891,public,broker,156301,2026-09-10 21:03:50.940668+00,46890300,1387421,2026-09-10 21:03:50.940668+00,1386316,300,321803,0,321803,0,300,62,2208,0,2026-09-10 19:24:23.448703+00,2026-09-10 21:02:19.015376+00,2026-09-10 19:38:59.555359+00,2026-09-10 21:03:18.191199+00,1,11,2,84,2,45,3,441
1789074230.966166,2249886,public,watch_list,4,2026-09-10 18:39:19.55136+00,120000,344499,2026-09-10 21:03:50.940668+00,343679,30000,0,0,0,0,30000,0,0,0,2026-09-10 19:29:05.065201+00,2026-09-10 17:53:21.830081+00,2026-09-10 19:29:05.076514+00,2026-09-10 17:53:21.851946+00,1,1,1,1,12,10,12,22
1789074230.966166,2249917,public,commission_rate,3,2026-09-10 18:36:32.553549+00,720,694884,2026-09-10 21:03:50.940668+00,1222334,240,0,0,0,0,240,0,0,0,2026-09-10 19:30:55.684574+00,,2026-09-10 19:30:55.685011+00,2026-09-10 17:53:21.85719+00,1,0,1,1,1,0,1,1
1789074230.966166,2249851,public,customer_taxrate,3,2026-09-10 18:39:19.221747+00,180000,52587073,2026-09-10 21:03:50.940668+00,4591,60000,7,0,0,7,60000,7,7,0,2026-09-10 19:36:20.607907+00,2026-09-10 17:53:20.297708+00,2026-09-10 19:36:20.638528+00,2026-09-10 17:53:20.350229+00,1,1,1,1,30,19,29,53
1789074230.966166,2249868,public,holding_history,8,2026-09-10 19:24:22.633472+00,2778954508,61122,2026-09-10 21:03:50.930027+00,135853,695262871,0,0,0,0,695141850,110455,413789,524244,2026-09-10 19:38:52.269828+00,2026-09-10 18:00:34.421363+00,2026-09-10 19:38:55.334914+00,2026-09-10 18:00:44.904449+00,1,3,1,3,149084,284220,3065,13235
1789074230.966166,2250046,public,industry,179107,2026-09-10 21:03:50.940668+00,18254769,1676094,2026-09-10 21:03:50.940668+00,1669266,102,0,0,0,0,102,0,0,0,2026-09-10 19:24:23.445694+00,,2026-09-10 19:24:23.445963+00,2026-09-10 17:53:29.973725+00,1,0,1,1,1,0,1,3
1789074230.966166,2250017,public,exchange,1052494,2026-09-10 21:03:50.940668+00,3540719,1536,2026-09-10 20:54:53.872757+00,1152,4,28,0,28,0,4,28,28,0,2026-09-10 19:30:55.68249+00,,2026-09-10 19:30:55.682645+00,,1,0,1,0,1,0,1,0
1789074230.966166,2249901,public,cash_transaction,2,2026-09-10 19:00:28.999306+00,953848714,6324276,2026-09-10 21:03:50.940668+00,6200887,477213366,400180,0,34696,365484,477266813,392871,682638,289009,2026-09-10 19:30:52.298911+00,2026-09-10 17:59:35.711751+00,2026-09-10 19:30:55.445775+00,2026-09-10 18:00:57.043327+00,1,2,1,3,105990,228022,3126,22811
1789074230.966166,2249875,public,holding_summary,5,2026-09-10 18:36:33.052121+00,4476012,3756297,2026-09-10 21:03:50.940668+00,26099725,1493572,370755,1730,322833,47922,1492023,53520,6109,1568,2026-09-10 19:24:23.479998+00,2026-09-10 18:13:22.057298+00,2026-09-10 19:24:23.595668+00,2026-09-10 21:02:18.878562+00,1,1,1,3,30,365,113,2827
1789074230.966166,2249822,public,account_permission,2,2026-09-10 18:36:32.753413+00,425940,32154,2026-09-10 21:03:50.940668+00,32162,212970,8,0,0,8,212970,8,8,0,2026-09-10 19:29:04.927437+00,2026-09-10 17:53:19.299976+00,2026-09-10 19:29:05.05201+00,2026-09-10 17:53:19.497616+00,1,1,1,1,32,109,122,198
1789074230.966166,2249841,public,customer_account,4,2026-09-10 18:45:15.480553+00,600000,2747615,2026-09-10 21:03:50.940668+00,4609513,150000,289507,0,279212,10295,150000,11225,2037,0,2026-09-10 19:24:23.226634+00,2026-09-10 17:53:20.108136+00,2026-09-10 19:24:23.311106+00,2026-09-10 21:03:18.05613+00,1,1,1,17,12,77,84,6727
1789074230.966166,2250026,public,financial,2,2026-09-10 18:36:32.673292+00,600000,446552,2026-09-10 21:03:50.940668+00,8931002,300000,140,0,0,140,300000,140,140,0,2026-09-10 19:36:20.352757+00,2026-09-10 17:53:29.521608+00,2026-09-10 19:36:20.576514+00,2026-09-10 17:53:29.956687+00,1,1,1,1,57,322,207,435
1789074230.966166,2249830,public,customer,4,2026-09-10 18:39:19.245981+00,120000,1924937,2026-09-10 21:03:50.940668+00,1923032,30000,7,0,0,7,30000,7,7,0,2026-09-10 19:24:22.892301+00,2026-09-10 17:53:19.531775+00,2026-09-10 19:24:23.201268+00,2026-09-10 17:53:20.026228+00,1,1,1,1,59,26,305,495
1789074230.966166,2250121,public,zip_code,2,2026-09-10 18:36:32.586468+00,29482,894610,2026-09-10 21:03:50.940668+00,893072,14741,0,0,0,0,14741,0,0,0,2026-09-10 19:36:13.175189+00,2026-09-10 17:53:30.32548+00,2026-09-10 19:36:13.194698+00,2026-09-10 17:53:30.362036+00,1,1,1,1,1,41,20,31
1789074230.966166,2249929,public,settlement,2,2026-09-10 19:06:58.095243+00,1036800000,6710937,2026-09-10 21:03:50.940668+00,6710936,518715993,420960,0,68312,352648,518715536,400503,728278,315993,2026-09-10 19:38:55.40099+00,2026-09-10 19:38:47.513759+00,2026-09-10 19:38:59.2827+00,2026-09-10 19:38:51.103174+00,1,2,1,2,66,1872326,3881,5015
1789074230.966166,2250000,public,company_competitor,4,2026-09-10 18:39:19.241779+00,180000,446538,2026-09-10 21:03:50.940668+00,0,45000,0,0,0,0,45000,0,0,0,2026-09-10 19:29:04.853693+00,2026-09-10 17:53:22.019369+00,2026-09-10 19:29:04.892815+00,2026-09-10 17:53:22.073157+00,1,1,1,1,32,17,36,54
1789074230.966166,2250104,public,address,2,2026-09-10 18:36:32.586468+00,90008,894256,2026-09-10 21:03:50.940668+00,2009975,45004,8,0,0,8,45004,8,8,0,2026-09-10 19:36:13.198214+00,2026-09-10 17:53:30.143186+00,2026-09-10 19:36:13.272339+00,2026-09-10 17:53:30.265233+00,1,1,1,1,1,84,75,111
1789074230.966166,2249981,public,trade_type,3793071,2026-09-10 21:03:50.940668+00,13258519,3667,2026-09-10 20:55:34.986889+00,595,5,0,0,0,0,5,0,0,0,2026-09-10 19:30:55.686368+00,,2026-09-10 19:30:55.686494+00,,1,0,1,0,1,0,1,0
1789074230.966166,2250083,public,security,605950,2026-09-10 21:03:50.940668+00,12452272500,95172267,2026-09-10 21:03:50.940668+00,95684460,20550,7,0,0,7,20550,7,7,0,2026-09-10 19:24:23.322571+00,2026-09-10 17:56:48.546012+00,2026-09-10 19:24:23.441929+00,2026-09-10 17:56:48.782769+00,1,1,1,1,6,346,119,237
1789074290.052523,2249856,public,holding,3,2026-09-10 18:14:01.1438+00,53040828,716537,2026-09-10 21:04:49.977992+00,8302716,26701397,140921,209056,35312,105609,26530177,303571,419118,180983,2026-09-10 19:36:12.75693+00,2026-09-10 18:14:29.263615+00,2026-09-10 19:36:13.060392+00,2026-09-10 18:14:29.882987+00,1,1,1,1,45,7564,301,620
1789074290.052523,2250073,public,news_xref,3,2026-09-10 18:36:32.591284+00,90000,453800,2026-09-10 21:04:49.842473+00,16,30000,0,0,0,0,30000,0,0,0,2026-09-10 19:36:13.161571+00,2026-09-10 17:56:48.169274+00,2026-09-10 19:36:13.172374+00,2026-09-10 17:56:48.192926+00,1,1,1,1,3,164,11,24
1789074290.052523,2250006,public,daily_market,6,2026-09-10 18:14:00.82828+00,53635500,45360677,2026-09-10 21:04:49.977992+00,51931303,26817750,300,0,0,300,26824697,300,300,0,2026-09-10 19:36:21.896725+00,2026-09-10 17:53:30.461218+00,2026-09-10 19:36:22.185295+00,2026-09-10 17:53:31.195492+00,1,1,1,1,1254,8383,288,735
1789074290.052523,2250052,public,last_trade,2,2026-09-10 18:39:23.400642+00,41100,63215473,2026-09-10 21:04:49.977992+00,63215244,20550,622849,0,620664,2185,20550,3231,4258,0,2026-09-10 19:29:05.269132+00,2026-09-10 17:53:30.000417+00,2026-09-10 19:29:05.305716+00,2026-09-10 21:04:17.768592+00,1,1,1,82,3,12,36,6722
1789074290.052523,2250078,public,sector,155488,2026-09-10 21:04:49.842473+00,1865856,81020,2026-09-10 20:55:18.735157+00,81020,12,0,0,0,0,12,0,0,0,2026-09-10 19:24:23.444133+00,,2026-09-10 19:24:23.444255+00,,1,0,1,0,1,0,1,0
1789074290.052523,2250114,public,taxrate,166436,2026-09-10 21:04:49.738705+00,53259520,1319,2026-09-10 21:03:53.982991+00,743,320,7,0,4,3,320,3,7,0,2026-09-10 19:36:20.64208+00,,2026-09-10 19:36:20.642648+00,2026-09-10 17:53:30.277789+00,1,0,1,1,2,0,1,1
1789074290.052523,2249968,public,trade_request,158381,2026-09-10 21:04:49.842473+00,546437636,745728,2026-09-10 21:04:49.738705+00,350323,130652,0,125277,0,0,4058,851,1739,915,2026-09-10 19:29:04.821787+00,2026-09-10 21:04:17.658385+00,2026-09-10 19:29:04.822356+00,2026-09-10 21:04:17.682393+00,1,83,1,83,1,2321,1,2289
1789074290.052523,2249881,public,watch_item,4,2026-09-10 18:39:23.873407+00,8946495,348848,2026-09-10 21:04:49.842473+00,7412,2982165,6,0,0,6,2982165,6,6,0,2026-09-10 19:29:05.082092+00,2026-09-10 17:53:21.313017+00,2026-09-10 19:29:05.26188+00,2026-09-10 17:53:21.810508+00,1,1,1,1,2,959,180,498
1789074290.052523,2249962,public,trade_history,3,2026-09-10 19:16:53.853864+00,3732502353,8060209,2026-09-10 21:04:49.977992+00,19297848,1244954671,0,0,0,0,1244954397,19986,767234,787220,2026-09-10 19:29:02.442332+00,2026-09-10 17:56:39.748253+00,2026-09-10 19:29:04.819007+00,2026-09-10 17:56:46.054213+00,1,1,1,1,277842,64922,2377,6306
1789074290.052523,2249938,public,trade,18,2026-09-10 19:24:22.633472+00,7257600000,9723500,2026-09-10 21:04:49.977992+00,6509529540,518726280,1025460,0,194657,348027,518712448,834571,1255886,326280,2026-09-10 19:36:10.673673+00,2026-09-10 17:55:13.319747+00,2026-09-10 19:36:12.708234+00,2026-09-10 17:55:14.759594+00,1,1,1,1,313984,19670,2034,1440
1789074290.052523,2250109,public,status_type,2391560,2026-09-10 21:04:49.977992+00,7593836,1152,2026-09-10 20:54:55.224112+00,0,5,0,0,0,0,5,0,0,0,2026-09-10 19:24:23.446735+00,,2026-09-10 19:24:23.446839+00,,1,0,1,0,1,0,1,0
1789074290.052523,2249909,public,charge,326282,2026-09-10 21:04:49.977992+00,4894230,0,,0,15,0,0,0,0,15,0,0,0,2026-09-10 19:30:55.68781+00,,2026-09-10 19:30:55.688433+00,,1,0,1,0,1,0,1,0
1789074290.052523,2249988,public,company,5,2026-09-10 18:39:19.216232+00,75000,56879793,2026-09-10 21:04:49.977992+00,201643144,15000,7,0,0,7,15000,7,7,0,2026-09-10 19:36:13.092374+00,2026-09-10 17:53:21.882165+00,2026-09-10 19:36:13.156371+00,2026-09-10 17:53:21.992193+00,1,1,1,1,31,17,62,110
1789074290.052523,2250062,public,news_item,1,2026-09-10 18:13:01.013209+00,30000,906049,2026-09-10 21:04:49.842473+00,919112,30000,14,0,0,14,30000,14,14,0,2026-09-10 19:36:13.288793+00,2026-09-10 17:56:47.547667+00,2026-09-10 19:36:20.294012+00,2026-09-10 17:56:47.994666+00,1,1,1,1,16,1484,143,447
1789074290.052523,2249891,public,broker,158254,2026-09-10 21:04:49.842473+00,47476200,1405148,2026-09-10 21:04:49.977992+00,1404038,300,325932,0,325932,0,300,66,2133,0,2026-09-10 19:24:23.448703+00,2026-09-10 21:02:19.015376+00,2026-09-10 19:38:59.555359+00,2026-09-10 21:04:17.787826+00,1,11,2,85,2,45,3,453
1789074290.052523,2249886,public,watch_list,4,2026-09-10 18:39:19.55136+00,120000,348850,2026-09-10 21:04:49.842473+00,348030,30000,0,0,0,0,30000,0,0,0,2026-09-10 19:29:05.065201+00,2026-09-10 17:53:21.830081+00,2026-09-10 19:29:05.076514+00,2026-09-10 17:53:21.851946+00,1,1,1,1,12,10,12,22
1789074290.052523,2249917,public,commission_rate,3,2026-09-10 18:36:32.553549+00,720,703770,2026-09-10 21:04:49.977992+00,1238053,240,0,0,0,0,240,0,0,0,2026-09-10 19:30:55.684574+00,,2026-09-10 19:30:55.685011+00,2026-09-10 17:53:21.85719+00,1,0,1,1,1,0,1,1
1789074290.052523,2249851,public,customer_taxrate,3,2026-09-10 18:39:19.221747+00,180000,53260673,2026-09-10 21:04:49.738705+00,4672,60000,7,0,0,7,60000,7,7,0,2026-09-10 19:36:20.607907+00,2026-09-10 17:53:20.297708+00,2026-09-10 19:36:20.638528+00,2026-09-10 17:53:20.350229+00,1,1,1,1,30,19,29,53
1789074290.052523,2249868,public,holding_history,8,2026-09-10 19:24:22.633472+00,2778954508,61919,2026-09-10 21:04:49.977992+00,137670,695269587,0,0,0,0,695147179,111842,419118,530960,2026-09-10 19:38:52.269828+00,2026-09-10 18:00:34.421363+00,2026-09-10 19:38:55.334914+00,2026-09-10 18:00:44.904449+00,1,3,1,3,149084,284220,3065,13235
1789074290.052523,2250046,public,industry,181440,2026-09-10 21:04:49.842473+00,18492735,1693265,2026-09-10 21:04:49.842473+00,1686381,102,0,0,0,0,102,0,0,0,2026-09-10 19:24:23.445694+00,,2026-09-10 19:24:23.445963+00,2026-09-10 17:53:29.973725+00,1,0,1,1,1,0,1,3
1789074290.052523,2250017,public,exchange,1065939,2026-09-10 21:04:49.977992+00,3585840,1536,2026-09-10 20:54:53.872757+00,1152,4,28,0,28,0,4,28,28,0,2026-09-10 19:30:55.68249+00,,2026-09-10 19:30:55.682645+00,,1,0,1,0,1,0,1,0
1789074290.052523,2249901,public,cash_transaction,2,2026-09-10 19:00:28.999306+00,953848714,6405413,2026-09-10 21:04:49.977992+00,6280501,477217089,405657,0,35514,370143,477270465,397999,691767,292732,2026-09-10 19:30:52.298911+00,2026-09-10 17:59:35.711751+00,2026-09-10 19:30:55.445775+00,2026-09-10 18:00:57.043327+00,1,2,1,3,105990,228022,3126,22811
1789074290.052523,2249875,public,holding_summary,5,2026-09-10 18:36:33.052121+00,4476012,3804464,2026-09-10 21:04:49.977992+00,26436579,1493597,375493,1744,327294,48199,1492031,53841,10067,1593,2026-09-10 19:24:23.479998+00,2026-09-10 18:13:22.057298+00,2026-09-10 19:24:23.595668+00,2026-09-10 21:02:18.878562+00,1,1,1,3,30,365,113,2827
1789074290.052523,2249822,public,account_permission,2,2026-09-10 18:36:32.753413+00,425940,32598,2026-09-10 21:04:49.842473+00,32606,212970,8,0,0,8,212970,8,8,0,2026-09-10 19:29:04.927437+00,2026-09-10 17:53:19.299976+00,2026-09-10 19:29:05.05201+00,2026-09-10 17:53:19.497616+00,1,1,1,1,32,109,122,198
1789074290.052523,2249841,public,customer_account,4,2026-09-10 18:45:15.480553+00,600000,2782716,2026-09-10 21:04:49.977992+00,4668618,150000,293233,0,282900,10333,150000,11271,5689,0,2026-09-10 19:24:23.226634+00,2026-09-10 17:53:20.108136+00,2026-09-10 19:24:23.311106+00,2026-09-10 21:03:18.05613+00,1,1,1,17,12,77,84,6727
1789074290.052523,2250026,public,financial,2,2026-09-10 18:36:32.673292+00,600000,452257,2026-09-10 21:04:49.842473+00,9045102,300000,140,0,0,140,300000,140,140,0,2026-09-10 19:36:20.352757+00,2026-09-10 17:53:29.521608+00,2026-09-10 19:36:20.576514+00,2026-09-10 17:53:29.956687+00,1,1,1,1,57,322,207,435
1789074290.052523,2249830,public,customer,4,2026-09-10 18:39:19.245981+00,120000,1949450,2026-09-10 21:04:49.977992+00,1947545,30000,7,0,0,7,30000,7,7,0,2026-09-10 19:24:22.892301+00,2026-09-10 17:53:19.531775+00,2026-09-10 19:24:23.201268+00,2026-09-10 17:53:20.026228+00,1,1,1,1,59,26,305,495
1789074290.052523,2250121,public,zip_code,2,2026-09-10 18:36:32.586468+00,29482,906020,2026-09-10 21:04:49.842473+00,904482,14741,0,0,0,0,14741,0,0,0,2026-09-10 19:36:13.175189+00,2026-09-10 17:53:30.32548+00,2026-09-10 19:36:13.194698+00,2026-09-10 17:53:30.362036+00,1,1,1,1,1,41,20,31
1789074290.052523,2249929,public,settlement,2,2026-09-10 19:06:58.095243+00,1036800000,6795117,2026-09-10 21:04:49.977992+00,6795116,518720047,425760,0,69364,356396,518719494,404733,737036,320047,2026-09-10 19:38:55.40099+00,2026-09-10 19:38:47.513759+00,2026-09-10 19:38:59.2827+00,2026-09-10 19:38:51.103174+00,1,2,1,2,66,1872326,3881,5015
1789074290.052523,2250000,public,company_competitor,4,2026-09-10 18:39:19.241779+00,180000,452243,2026-09-10 21:04:49.842473+00,0,45000,0,0,0,0,45000,0,0,0,2026-09-10 19:29:04.853693+00,2026-09-10 17:53:22.019369+00,2026-09-10 19:29:04.892815+00,2026-09-10 17:53:22.073157+00,1,1,1,1,32,17,36,54
1789074290.052523,2250104,public,address,2,2026-09-10 18:36:32.586468+00,90008,905666,2026-09-10 21:04:49.842473+00,2035546,45004,8,0,0,8,45004,8,8,0,2026-09-10 19:36:13.198214+00,2026-09-10 17:53:30.143186+00,2026-09-10 19:36:13.272339+00,2026-09-10 17:53:30.265233+00,1,1,1,1,1,84,75,111
1789074290.052523,2249981,public,trade_type,3842264,2026-09-10 21:04:49.977992+00,13429365,3667,2026-09-10 20:55:34.986889+00,595,5,0,0,0,0,5,0,0,0,2026-09-10 19:30:55.686368+00,,2026-09-10 19:30:55.686494+00,,1,0,1,0,1,0,1,0
1789074290.052523,2250083,public,security,613690,2026-09-10 21:04:49.977992+00,12611329500,96475601,2026-09-10 21:04:49.977992+00,96994271,20550,7,0,0,7,20550,7,7,0,2026-09-10 19:24:23.322571+00,2026-09-10 17:56:48.546012+00,2026-09-10 19:24:23.441929+00,2026-09-10 17:56:48.782769+00,1,1,1,1,6,346,119,237
1789074352.387157,2249856,public,holding,3,2026-09-10 18:14:01.1438+00,53040828,725810,2026-09-10 21:05:52.419209+00,8407713,26703733,142792,211726,36173,106619,26530294,307311,424614,183319,2026-09-10 19:36:12.75693+00,2026-09-10 18:14:29.263615+00,2026-09-10 19:36:13.060392+00,2026-09-10 18:14:29.882987+00,1,1,1,1,45,7564,301,620
1789074352.387157,2250073,public,news_xref,3,2026-09-10 18:36:32.591284+00,90000,459602,2026-09-10 21:05:52.419922+00,16,30000,0,0,0,0,30000,0,0,0,2026-09-10 19:36:13.161571+00,2026-09-10 17:56:48.169274+00,2026-09-10 19:36:13.172374+00,2026-09-10 17:56:48.192926+00,1,1,1,1,3,164,11,24
1789074352.387157,2250006,public,daily_market,6,2026-09-10 18:14:00.82828+00,53635500,45944752,2026-09-10 21:05:52.429634+00,52501136,26817750,300,0,0,300,26824697,300,300,0,2026-09-10 19:36:21.896725+00,2026-09-10 17:53:30.461218+00,2026-09-10 19:36:22.185295+00,2026-09-10 17:53:31.195492+00,1,1,1,1,1254,8383,288,735
1789074352.387157,2250052,public,last_trade,2,2026-09-10 18:39:23.400642+00,41100,64027304,2026-09-10 21:05:52.429634+00,64027075,20550,630982,0,628796,2186,20550,3141,4319,0,2026-09-10 19:29:05.269132+00,2026-09-10 17:53:30.000417+00,2026-09-10 19:29:05.305716+00,2026-09-10 21:05:17.792177+00,1,1,1,83,3,12,36,6818
1789074352.387157,2250078,public,sector,157517,2026-09-10 21:05:52.429634+00,1890204,81020,2026-09-10 20:55:18.735157+00,81020,12,0,0,0,0,12,0,0,0,2026-09-10 19:24:23.444133+00,,2026-09-10 19:24:23.444255+00,,1,0,1,0,1,0,1,0
1789074352.387157,2250114,public,taxrate,168616,2026-09-10 21:05:52.419209+00,53957120,1319,2026-09-10 21:03:53.982991+00,743,320,7,0,4,3,320,3,7,0,2026-09-10 19:36:20.64208+00,,2026-09-10 19:36:20.642648+00,2026-09-10 17:53:30.277789+00,1,0,1,1,2,0,1,1
1789074352.387157,2249968,public,trade_request,160410,2026-09-10 21:05:52.429634+00,554716041,755520,2026-09-10 21:05:52.42184+00,355117,132333,0,126876,0,0,4119,860,1718,880,2026-09-10 19:29:04.821787+00,2026-09-10 21:05:17.66377+00,2026-09-10 19:29:04.822356+00,2026-09-10 21:05:17.693276+00,1,84,1,84,1,2344,1,2319
1789074352.387157,2249881,public,watch_item,4,2026-09-10 18:39:23.873407+00,8946495,353315,2026-09-10 21:05:52.419922+00,7606,2982165,7,0,0,7,2982165,7,7,0,2026-09-10 19:29:05.082092+00,2026-09-10 17:53:21.313017+00,2026-09-10 19:29:05.26188+00,2026-09-10 17:53:21.810508+00,1,1,1,1,2,959,180,498
1789074352.387157,2249962,public,trade_history,3,2026-09-10 19:16:53.853864+00,3732502353,8162749,2026-09-10 21:05:52.429634+00,19543786,1244964688,0,0,0,0,1244964180,20220,777017,797237,2026-09-10 19:29:02.442332+00,2026-09-10 17:56:39.748253+00,2026-09-10 19:29:04.819007+00,2026-09-10 17:56:46.054213+00,1,1,1,1,277842,64922,2377,6306
1789074352.387157,2249938,public,trade,18,2026-09-10 19:24:22.633472+00,7257600000,9848036,2026-09-10 21:05:52.429634+00,6593256436,518730437,1038468,0,197854,351573,518716560,844407,1271852,330437,2026-09-10 19:36:10.673673+00,2026-09-10 17:55:13.319747+00,2026-09-10 19:36:12.708234+00,2026-09-10 17:55:14.759594+00,1,1,1,1,313984,19670,2034,1440
1789074352.387157,2250109,public,status_type,2422157,2026-09-10 21:05:52.429634+00,7690448,1152,2026-09-10 20:54:55.224112+00,0,5,0,0,0,0,5,0,0,0,2026-09-10 19:24:23.446735+00,,2026-09-10 19:24:23.446839+00,,1,0,1,0,1,0,1,0
1789074352.387157,2249909,public,charge,330439,2026-09-10 21:05:52.419922+00,4956585,0,,0,15,0,0,0,0,15,0,0,0,2026-09-10 19:30:55.68781+00,,2026-09-10 19:30:55.688433+00,,1,0,1,0,1,0,1,0
1789074352.387157,2249988,public,company,5,2026-09-10 18:39:19.216232+00,75000,57738932,2026-09-10 21:05:52.429634+00,204426838,15000,7,0,0,7,15000,7,7,0,2026-09-10 19:36:13.092374+00,2026-09-10 17:53:21.882165+00,2026-09-10 19:36:13.156371+00,2026-09-10 17:53:21.992193+00,1,1,1,1,31,17,62,110
1789074352.387157,2250062,public,news_item,1,2026-09-10 18:13:01.013209+00,30000,917653,2026-09-10 21:05:52.419922+00,930716,30000,14,0,0,14,30000,14,14,0,2026-09-10 19:36:13.288793+00,2026-09-10 17:56:47.547667+00,2026-09-10 19:36:20.294012+00,2026-09-10 17:56:47.994666+00,1,1,1,1,16,1484,143,447
1789074352.387157,2249891,public,broker,160283,2026-09-10 21:05:52.429634+00,48084900,1423120,2026-09-10 21:05:52.419922+00,1422004,300,330170,0,330170,0,300,96,2176,0,2026-09-10 19:24:23.448703+00,2026-09-10 21:02:19.015376+00,2026-09-10 19:38:59.555359+00,2026-09-10 21:05:17.80081+00,1,11,2,86,2,45,3,458
1789074352.387157,2249886,public,watch_list,4,2026-09-10 18:39:19.55136+00,120000,353317,2026-09-10 21:05:52.419922+00,352489,30000,0,0,0,0,30000,0,0,0,2026-09-10 19:29:05.065201+00,2026-09-10 17:53:21.830081+00,2026-09-10 19:29:05.076514+00,2026-09-10 17:53:21.851946+00,1,1,1,1,12,10,12,22
1789074352.387157,2249917,public,commission_rate,3,2026-09-10 18:36:32.553549+00,720,712814,2026-09-10 21:05:52.425875+00,1253947,240,0,0,0,0,240,0,0,0,2026-09-10 19:30:55.684574+00,,2026-09-10 19:30:55.685011+00,2026-09-10 17:53:21.85719+00,1,0,1,1,1,0,1,1
1789074352.387157,2249851,public,customer_taxrate,3,2026-09-10 18:39:19.221747+00,180000,53958273,2026-09-10 21:05:52.419209+00,4767,60000,7,0,0,7,60000,7,7,0,2026-09-10 19:36:20.607907+00,2026-09-10 17:53:20.297708+00,2026-09-10 19:36:20.638528+00,2026-09-10 17:53:20.350229+00,1,1,1,1,30,19,29,53
1789074352.387157,2249868,public,holding_history,8,2026-09-10 19:24:22.633472+00,2778954508,62711,2026-09-10 21:05:50.107159+00,139434,695276464,0,0,0,0,695152675,113223,424614,537837,2026-09-10 19:38:52.269828+00,2026-09-10 18:00:34.421363+00,2026-09-10 19:38:55.334914+00,2026-09-10 18:00:44.904449+00,1,3,1,3,149084,284220,3065,13235
1789074352.387157,2250046,public,industry,183854,2026-09-10 21:05:52.429634+00,18738963,1710731,2026-09-10 21:05:52.419922+00,1703787,102,0,0,0,0,102,0,0,0,2026-09-10 19:24:23.445694+00,,2026-09-10 19:24:23.445963+00,2026-09-10 17:53:29.973725+00,1,0,1,1,1,0,1,3
1789074352.387157,2250017,public,exchange,1079568,2026-09-10 21:05:52.419922+00,3631787,1536,2026-09-10 20:54:53.872757+00,1152,4,28,0,28,0,4,28,28,0,2026-09-10 19:30:55.68249+00,,2026-09-10 19:30:55.682645+00,,1,0,1,0,1,0,1,0
1789074352.387157,2249901,public,cash_transaction,2,2026-09-10 19:00:28.999306+00,953848714,6487168,2026-09-10 21:05:52.429634+00,6360697,477220888,411120,0,36278,374842,477274206,403054,700971,296531,2026-09-10 19:30:52.298911+00,2026-09-10 17:59:35.711751+00,2026-09-10 19:30:55.445775+00,2026-09-10 18:00:57.043327+00,1,2,1,3,105990,228022,3126,22811
1789074352.387157,2249875,public,holding_summary,5,2026-09-10 18:36:33.052121+00,4476012,3853312,2026-09-10 21:05:52.429634+00,26775295,1493615,380364,1767,331866,48498,1492029,54228,14147,1611,2026-09-10 19:24:23.479998+00,2026-09-10 18:13:22.057298+00,2026-09-10 19:24:23.595668+00,2026-09-10 21:02:18.878562+00,1,1,1,3,30,365,113,2827
1789074352.387157,2249822,public,account_permission,2,2026-09-10 18:36:32.753413+00,425940,33012,2026-09-10 21:05:50.107159+00,33020,212970,8,0,0,8,212970,8,8,0,2026-09-10 19:29:04.927437+00,2026-09-10 17:53:19.299976+00,2026-09-10 19:29:05.05201+00,2026-09-10 17:53:19.497616+00,1,1,1,1,32,109,122,198
1789074352.387157,2249841,public,customer_account,4,2026-09-10 18:45:15.480553+00,600000,2818444,2026-09-10 21:05:52.429634+00,4728519,150000,297045,0,286672,10373,150000,11405,9435,0,2026-09-10 19:24:23.226634+00,2026-09-10 17:53:20.108136+00,2026-09-10 19:24:23.311106+00,2026-09-10 21:03:18.05613+00,1,1,1,17,12,77,84,6727
1789074352.387157,2250026,public,financial,2,2026-09-10 18:36:32.673292+00,600000,458059,2026-09-10 21:05:52.419922+00,9161142,300000,140,0,0,140,300000,140,140,0,2026-09-10 19:36:20.352757+00,2026-09-10 17:53:29.521608+00,2026-09-10 19:36:20.576514+00,2026-09-10 17:53:29.956687+00,1,1,1,1,57,322,207,435
1789074352.387157,2249830,public,customer,4,2026-09-10 18:39:19.245981+00,120000,1974386,2026-09-10 21:05:52.429634+00,1972481,30000,7,0,0,7,30000,7,7,0,2026-09-10 19:24:22.892301+00,2026-09-10 17:53:19.531775+00,2026-09-10 19:24:23.201268+00,2026-09-10 17:53:20.026228+00,1,1,1,1,59,26,305,495
1789074352.387157,2250121,public,zip_code,2,2026-09-10 18:36:32.586468+00,29482,917624,2026-09-10 21:05:52.419922+00,916086,14741,0,0,0,0,14741,0,0,0,2026-09-10 19:36:13.175189+00,2026-09-10 17:53:30.32548+00,2026-09-10 19:36:13.194698+00,2026-09-10 17:53:30.362036+00,1,1,1,1,1,41,20,31
1789074352.387157,2249929,public,settlement,2,2026-09-10 19:06:58.095243+00,1036800000,6880577,2026-09-10 21:05:52.429634+00,6880576,518724209,430880,0,70425,360455,518723574,409243,746236,324209,2026-09-10 19:38:55.40099+00,2026-09-10 19:38:47.513759+00,2026-09-10 19:38:59.2827+00,2026-09-10 19:38:51.103174+00,1,2,1,2,66,1872326,3881,5015
1789074352.387157,2250000,public,company_competitor,4,2026-09-10 18:39:19.241779+00,180000,458045,2026-09-10 21:05:52.419922+00,0,45000,0,0,0,0,45000,0,0,0,2026-09-10 19:29:04.853693+00,2026-09-10 17:53:22.019369+00,2026-09-10 19:29:04.892815+00,2026-09-10 17:53:22.073157+00,1,1,1,1,32,17,36,54
1789074352.387157,2250104,public,address,2,2026-09-10 18:36:32.586468+00,90008,917270,2026-09-10 21:05:52.419922+00,2061789,45004,8,0,0,8,45004,8,8,0,2026-09-10 19:36:13.198214+00,2026-09-10 17:53:30.143186+00,2026-09-10 19:36:13.272339+00,2026-09-10 17:53:30.265233+00,1,1,1,1,1,84,75,111
1789074352.387157,2249981,public,trade_type,3891209,2026-09-10 21:05:52.429634+00,13601011,3667,2026-09-10 20:55:34.986889+00,595,5,0,0,0,0,5,0,0,0,2026-09-10 19:30:55.686368+00,,2026-09-10 19:30:55.686494+00,,1,0,1,0,1,0,1,0
1789074352.387157,2250083,public,security,621517,2026-09-10 21:05:52.419922+00,12772174350,97848817,2026-09-10 21:05:52.429634+00,98375371,20550,7,0,0,7,20550,7,7,0,2026-09-10 19:24:23.322571+00,2026-09-10 17:56:48.546012+00,2026-09-10 19:24:23.441929+00,2026-09-10 17:56:48.782769+00,1,1,1,1,6,346,119,237
1789074410.547459,2249856,public,holding,3,2026-09-10 18:14:01.1438+00,53040828,734780,2026-09-10 21:06:50.371953+00,8509968,26706010,144565,214363,36993,107572,26530334,310962,429878,185596,2026-09-10 19:36:12.75693+00,2026-09-10 18:14:29.263615+00,2026-09-10 19:36:13.060392+00,2026-09-10 18:14:29.882987+00,1,1,1,1,45,7564,301,620
1789074410.547459,2250073,public,news_xref,3,2026-09-10 18:36:32.591284+00,90000,465091,2026-09-10 21:06:50.371953+00,16,30000,0,0,0,0,30000,0,0,0,2026-09-10 19:36:13.161571+00,2026-09-10 17:56:48.169274+00,2026-09-10 19:36:13.172374+00,2026-09-10 17:56:48.192926+00,1,1,1,1,3,164,11,24
1789074410.547459,2250006,public,daily_market,6,2026-09-10 18:14:00.82828+00,53635500,46502820,2026-09-10 21:06:50.371953+00,53045734,26817750,300,0,0,300,26824697,300,300,0,2026-09-10 19:36:21.896725+00,2026-09-10 17:53:30.461218+00,2026-09-10 19:36:22.185295+00,2026-09-10 17:53:31.195492+00,1,1,1,1,1254,8383,288,735
1789074410.547459,2250052,public,last_trade,2,2026-09-10 18:39:23.400642+00,41100,64801963,2026-09-10 21:06:50.371953+00,64801734,20550,638784,0,636598,2186,20550,3153,4344,0,2026-09-10 19:29:05.269132+00,2026-09-10 17:53:30.000417+00,2026-09-10 19:29:05.305716+00,2026-09-10 21:06:17.79034+00,1,1,1,84,3,12,36,6895
1789074410.547459,2250078,public,sector,159462,2026-09-10 21:06:50.371953+00,1913544,81020,2026-09-10 20:55:18.735157+00,81020,12,0,0,0,0,12,0,0,0,2026-09-10 19:24:23.444133+00,,2026-09-10 19:24:23.444255+00,,1,0,1,0,1,0,1,0
1789074410.547459,2250114,public,taxrate,170755,2026-09-10 21:06:50.301415+00,54641600,1319,2026-09-10 21:03:53.982991+00,743,320,7,0,4,3,320,3,7,0,2026-09-10 19:36:20.64208+00,,2026-09-10 19:36:20.642648+00,2026-09-10 17:53:30.277789+00,1,0,1,1,2,0,1,1
1789074410.547459,2249968,public,trade_request,162355,2026-09-10 21:06:50.371953+00,562682548,764907,2026-09-10 21:06:50.301415+00,359819,133887,0,128405,0,0,4121,864,1729,892,2026-09-10 19:29:04.821787+00,2026-09-10 21:06:17.680707+00,2026-09-10 19:29:04.822356+00,2026-09-10 21:06:17.711396+00,1,85,1,85,1,2375,1,2350
1789074410.547459,2249881,public,watch_item,4,2026-09-10 18:39:23.873407+00,8946495,357588,2026-09-10 21:06:50.371953+00,7678,2982165,7,0,0,7,2982165,7,7,0,2026-09-10 19:29:05.082092+00,2026-09-10 17:53:21.313017+00,2026-09-10 19:29:05.26188+00,2026-09-10 17:53:21.810508+00,1,1,1,1,2,959,180,498
1789074410.547459,2249962,public,trade_history,3,2026-09-10 19:16:53.853864+00,3732502353,8262429,2026-09-10 21:06:50.371953+00,19782851,1244974289,0,0,0,0,1244973517,20484,786354,806838,2026-09-10 19:29:02.442332+00,2026-09-10 17:56:39.748253+00,2026-09-10 19:29:04.819007+00,2026-09-10 17:56:46.054213+00,1,1,1,1,277842,64922,2377,6306
1789074410.547459,2249938,public,trade,18,2026-09-10 19:24:22.633472+00,7257600000,9969356,2026-09-10 21:06:50.371953+00,6673226470,518734402,1051385,0,201107,355142,518720489,854133,1287468,334402,2026-09-10 19:36:10.673673+00,2026-09-10 17:55:13.319747+00,2026-09-10 19:36:12.708234+00,2026-09-10 17:55:14.759594+00,1,1,1,1,313984,19670,2034,1440
1789074410.547459,2250109,public,status_type,2451501,2026-09-10 21:06:50.371953+00,7782860,1152,2026-09-10 20:54:55.224112+00,0,5,0,0,0,0,5,0,0,0,2026-09-10 19:24:23.446735+00,,2026-09-10 19:24:23.446839+00,,1,0,1,0,1,0,1,0
1789074410.547459,2249909,public,charge,334404,2026-09-10 21:06:50.371953+00,5016060,0,,0,15,0,0,0,0,15,0,0,0,2026-09-10 19:30:55.68781+00,,2026-09-10 19:30:55.688433+00,,1,0,1,0,1,0,1,0
1789074410.547459,2249988,public,company,5,2026-09-10 18:39:19.216232+00,75000,58562578,2026-09-10 21:06:50.371953+00,207170044,15000,7,0,0,7,15000,7,7,0,2026-09-10 19:36:13.092374+00,2026-09-10 17:53:21.882165+00,2026-09-10 19:36:13.156371+00,2026-09-10 17:53:21.992193+00,1,1,1,1,31,17,62,110
1789074410.547459,2250062,public,news_item,1,2026-09-10 18:13:01.013209+00,30000,928631,2026-09-10 21:06:50.371953+00,941694,30000,14,0,0,14,30000,14,14,0,2026-09-10 19:36:13.288793+00,2026-09-10 17:56:47.547667+00,2026-09-10 19:36:20.294012+00,2026-09-10 17:56:47.994666+00,1,1,1,1,16,1484,143,447
1789074410.547459,2249891,public,broker,162228,2026-09-10 21:06:50.371953+00,48668400,1440344,2026-09-10 21:06:50.371953+00,1439179,300,334247,0,334247,0,300,31,2152,0,2026-09-10 19:24:23.448703+00,2026-09-10 21:06:17.796411+00,2026-09-10 19:38:59.555359+00,2026-09-10 21:06:17.803941+00,1,12,2,87,2,49,3,466
1789074410.547459,2249886,public,watch_list,4,2026-09-10 18:39:19.55136+00,120000,357590,2026-09-10 21:06:50.371953+00,356762,30000,0,0,0,0,30000,0,0,0,2026-09-10 19:29:05.065201+00,2026-09-10 17:53:21.830081+00,2026-09-10 19:29:05.076514+00,2026-09-10 17:53:21.851946+00,1,1,1,1,12,10,12,22
1789074410.547459,2249917,public,commission_rate,3,2026-09-10 18:36:32.553549+00,720,721536,2026-09-10 21:06:50.371953+00,1269056,240,0,0,0,0,240,0,0,0,2026-09-10 19:30:55.684574+00,,2026-09-10 19:30:55.685011+00,2026-09-10 17:53:21.85719+00,1,0,1,1,1,0,1,1
1789074410.547459,2249851,public,customer_taxrate,3,2026-09-10 18:39:19.221747+00,180000,54642753,2026-09-10 21:06:50.301415+00,4904,60000,7,0,0,7,60000,7,7,0,2026-09-10 19:36:20.607907+00,2026-09-10 17:53:20.297708+00,2026-09-10 19:36:20.638528+00,2026-09-10 17:53:20.350229+00,1,1,1,1,30,19,29,53
1789074410.547459,2249868,public,holding_history,8,2026-09-10 19:24:22.633472+00,2778954508,63463,2026-09-10 21:06:50.324872+00,141157,695283151,0,0,0,0,695157939,114646,429878,544524,2026-09-10 19:38:52.269828+00,2026-09-10 18:00:34.421363+00,2026-09-10 19:38:55.334914+00,2026-09-10 18:00:44.904449+00,1,3,1,3,149084,284220,3065,13235
1789074410.547459,2250046,public,industry,186183,2026-09-10 21:06:50.371953+00,18976521,1727254,2026-09-10 21:06:50.371953+00,1720254,102,0,0,0,0,102,0,0,0,2026-09-10 19:24:23.445694+00,,2026-09-10 19:24:23.445963+00,2026-09-10 17:53:29.973725+00,1,0,1,1,1,0,1,3
1789074410.547459,2250017,public,exchange,1092558,2026-09-10 21:06:50.371953+00,3675481,1536,2026-09-10 20:54:53.872757+00,1152,4,28,0,28,0,4,28,28,0,2026-09-10 19:30:55.68249+00,,2026-09-10 19:30:55.682645+00,,1,0,1,0,1,0,1,0
1789074410.547459,2249901,public,cash_transaction,2,2026-09-10 19:00:28.999306+00,953848714,6566837,2026-09-10 21:06:50.371953+00,6438854,477224531,416405,0,37031,379374,477277777,408008,709827,300174,2026-09-10 19:30:52.298911+00,2026-09-10 17:59:35.711751+00,2026-09-10 19:30:55.445775+00,2026-09-10 18:00:57.043327+00,1,2,1,3,105990,228022,3126,22811
1789074410.547459,2249875,public,holding_summary,5,2026-09-10 18:36:33.052121+00,4476012,3899888,2026-09-10 21:06:50.371953+00,27096739,1493634,385086,1782,336256,48830,1492034,54637,18018,1630,2026-09-10 19:24:23.479998+00,2026-09-10 18:13:22.057298+00,2026-09-10 19:24:23.595668+00,2026-09-10 21:02:18.878562+00,1,1,1,3,30,365,113,2827
1789074410.547459,2249822,public,account_permission,2,2026-09-10 18:36:32.753413+00,425940,33416,2026-09-10 21:06:50.371953+00,33424,212970,9,0,0,9,212970,9,9,0,2026-09-10 19:29:04.927437+00,2026-09-10 17:53:19.299976+00,2026-09-10 19:29:05.05201+00,2026-09-10 17:53:19.497616+00,1,1,1,1,32,109,122,198
1789074410.547459,2249841,public,customer_account,4,2026-09-10 18:45:15.480553+00,600000,2852696,2026-09-10 21:06:50.371953+00,4785742,150000,300689,0,290274,10415,150000,11415,13001,0,2026-09-10 19:24:23.226634+00,2026-09-10 17:53:20.108136+00,2026-09-10 19:24:23.311106+00,2026-09-10 21:03:18.05613+00,1,1,1,17,12,77,84,6727
1789074410.547459,2250026,public,financial,2,2026-09-10 18:36:32.673292+00,600000,463548,2026-09-10 21:06:50.371953+00,9270922,300000,140,0,0,140,300000,140,140,0,2026-09-10 19:36:20.352757+00,2026-09-10 17:53:29.521608+00,2026-09-10 19:36:20.576514+00,2026-09-10 17:53:29.956687+00,1,1,1,1,57,322,207,435
1789074410.547459,2249830,public,customer,4,2026-09-10 18:39:19.245981+00,120000,1998252,2026-09-10 21:06:50.371953+00,1996299,30000,7,0,0,7,30000,7,7,0,2026-09-10 19:24:22.892301+00,2026-09-10 17:53:19.531775+00,2026-09-10 19:24:23.201268+00,2026-09-10 17:53:20.026228+00,1,1,1,1,59,26,305,495
1789074410.547459,2250121,public,zip_code,2,2026-09-10 18:36:32.586468+00,29482,928602,2026-09-10 21:06:50.371953+00,927064,14741,0,0,0,0,14741,0,0,0,2026-09-10 19:36:13.175189+00,2026-09-10 17:53:30.32548+00,2026-09-10 19:36:13.194698+00,2026-09-10 17:53:30.362036+00,1,1,1,1,1,41,20,31
1789074410.547459,2249929,public,settlement,2,2026-09-10 19:06:58.095243+00,1036800000,6964277,2026-09-10 21:06:50.371953+00,6964276,518728180,436000,0,71490,364510,518727445,413782,755227,328180,2026-09-10 19:38:55.40099+00,2026-09-10 19:38:47.513759+00,2026-09-10 19:38:59.2827+00,2026-09-10 19:38:51.103174+00,1,2,1,2,66,1872326,3881,5015
1789074410.547459,2250000,public,company_competitor,4,2026-09-10 18:39:19.241779+00,180000,463534,2026-09-10 21:06:50.371953+00,0,45000,0,0,0,0,45000,0,0,0,2026-09-10 19:29:04.853693+00,2026-09-10 17:53:22.019369+00,2026-09-10 19:29:04.892815+00,2026-09-10 17:53:22.073157+00,1,1,1,1,32,17,36,54
1789074410.547459,2250104,public,address,2,2026-09-10 18:36:32.586468+00,90008,928248,2026-09-10 21:06:50.371953+00,2086457,45004,8,0,0,8,45004,8,8,0,2026-09-10 19:36:13.198214+00,2026-09-10 17:53:30.143186+00,2026-09-10 19:36:13.272339+00,2026-09-10 17:53:30.265233+00,1,1,1,1,1,84,75,111
1789074410.547459,2249981,public,trade_type,3938974,2026-09-10 21:06:50.371953+00,13766897,3667,2026-09-10 20:55:34.986889+00,595,5,0,0,0,0,5,0,0,0,2026-09-10 19:30:55.686368+00,,2026-09-10 19:30:55.686494+00,,1,0,1,0,1,0,1,0
1789074410.547459,2250083,public,security,629018,2026-09-10 21:06:50.371953+00,12926319900,99162265,2026-09-10 21:06:50.371953+00,99695784,20550,7,0,0,7,20550,7,7,0,2026-09-10 19:24:23.322571+00,2026-09-10 17:56:48.546012+00,2026-09-10 19:24:23.441929+00,2026-09-10 17:56:48.782769+00,1,1,1,1,6,346,119,237
1789074470.632996,2249856,public,holding,3,2026-09-10 18:14:01.1438+00,53040828,744180,2026-09-10 21:07:50.660908+00,8617034,26708336,146392,217205,37794,108598,26530359,314756,435416,187922,2026-09-10 19:36:12.75693+00,2026-09-10 18:14:29.263615+00,2026-09-10 19:36:13.060392+00,2026-09-10 18:14:29.882987+00,1,1,1,1,45,7564,301,620
1789074470.632996,2250073,public,news_xref,3,2026-09-10 18:36:32.591284+00,90000,470778,2026-09-10 21:07:50.660908+00,16,30000,0,0,0,0,30000,0,0,0,2026-09-10 19:36:13.161571+00,2026-09-10 17:56:48.169274+00,2026-09-10 19:36:13.172374+00,2026-09-10 17:56:48.192926+00,1,1,1,1,3,164,11,24
1789074470.632996,2250006,public,daily_market,6,2026-09-10 18:14:00.82828+00,53635500,47070134,2026-09-10 21:07:50.660908+00,53599177,26817750,300,0,0,300,26824697,300,300,0,2026-09-10 19:36:21.896725+00,2026-09-10 17:53:30.461218+00,2026-09-10 19:36:22.185295+00,2026-09-10 17:53:31.195492+00,1,1,1,1,1254,8383,288,735
1789074470.632996,2250052,public,last_trade,2,2026-09-10 18:39:23.400642+00,41100,65591666,2026-09-10 21:07:50.660908+00,65591437,20550,646941,0,644755,2186,20550,3304,4500,0,2026-09-10 19:29:05.269132+00,2026-09-10 17:53:30.000417+00,2026-09-10 19:29:05.305716+00,2026-09-10 21:07:17.790732+00,1,1,1,85,3,12,36,6972
1789074470.632996,2250078,public,sector,161457,2026-09-10 21:07:50.660908+00,1937484,81020,2026-09-10 20:55:18.735157+00,81020,12,0,0,0,0,12,0,0,0,2026-09-10 19:24:23.444133+00,,2026-09-10 19:24:23.444255+00,,1,0,1,0,1,0,1,0
1789074470.632996,2250114,public,taxrate,172934,2026-09-10 21:07:50.660908+00,55338880,1319,2026-09-10 21:03:53.982991+00,743,320,7,0,4,3,320,3,7,0,2026-09-10 19:36:20.64208+00,,2026-09-10 19:36:20.642648+00,2026-09-10 17:53:30.277789+00,1,0,1,1,2,0,1,1
1789074470.632996,2249968,public,trade_request,164350,2026-09-10 21:07:50.660908+00,570979224,774754,2026-09-10 21:07:50.608124+00,364764,135546,0,130035,0,0,4122,935,1778,865,2026-09-10 19:29:04.821787+00,2026-09-10 21:07:17.681121+00,2026-09-10 19:29:04.822356+00,2026-09-10 21:07:17.710196+00,1,86,1,86,1,2403,1,2379
1789074470.632996,2249881,public,watch_item,4,2026-09-10 18:39:23.873407+00,8946495,361937,2026-09-10 21:07:50.660908+00,7907,2982165,7,0,0,7,2982165,7,7,0,2026-09-10 19:29:05.082092+00,2026-09-10 17:53:21.313017+00,2026-09-10 19:29:05.26188+00,2026-09-10 17:53:21.810508+00,1,1,1,1,2,959,180,498
1789074470.632996,2249962,public,trade_history,3,2026-09-10 19:16:53.853864+00,3732502353,8361459,2026-09-10 21:07:50.660908+00,20020675,1244984304,0,0,0,0,1244983305,20711,796142,816853,2026-09-10 19:29:02.442332+00,2026-09-10 17:56:39.748253+00,2026-09-10 19:29:04.819007+00,2026-09-10 17:56:46.054213+00,1,1,1,1,277842,64922,2377,6306
1789074470.632996,2249938,public,trade,18,2026-09-10 19:24:22.633472+00,7257600000,10093116,2026-09-10 21:07:50.660908+00,6753616239,518738516,1064693,0,204443,358772,518724564,864147,1303723,338516,2026-09-10 19:36:10.673673+00,2026-09-10 17:55:13.319747+00,2026-09-10 19:36:12.708234+00,2026-09-10 17:55:14.759594+00,1,1,1,1,313984,19670,2034,1440
1789074470.632996,2250109,public,status_type,2481813,2026-09-10 21:07:50.660908+00,7878120,1152,2026-09-10 20:54:55.224112+00,0,5,0,0,0,0,5,0,0,0,2026-09-10 19:24:23.446735+00,,2026-09-10 19:24:23.446839+00,,1,0,1,0,1,0,1,0
1789074470.632996,2249909,public,charge,338518,2026-09-10 21:07:50.660908+00,5077770,0,,0,15,0,0,0,0,15,0,0,0,2026-09-10 19:30:55.68781+00,,2026-09-10 19:30:55.688433+00,,1,0,1,0,1,0,1,0
1789074470.632996,2249988,public,company,5,2026-09-10 18:39:19.216232+00,75000,59416003,2026-09-10 21:07:50.660908+00,209823049,15000,7,0,0,7,15000,7,7,0,2026-09-10 19:36:13.092374+00,2026-09-10 17:53:21.882165+00,2026-09-10 19:36:13.156371+00,2026-09-10 17:53:21.992193+00,1,1,1,1,31,17,62,110
1789074470.632996,2250062,public,news_item,1,2026-09-10 18:13:01.013209+00,30000,940005,2026-09-10 21:07:50.660908+00,953068,30000,14,0,0,14,30000,14,14,0,2026-09-10 19:36:13.288793+00,2026-09-10 17:56:47.547667+00,2026-09-10 19:36:20.294012+00,2026-09-10 17:56:47.994666+00,1,1,1,1,16,1484,143,447
1789074470.632996,2249891,public,broker,164223,2026-09-10 21:07:50.660908+00,49266900,1458169,2026-09-10 21:07:50.660908+00,1456991,300,338495,0,338495,0,300,58,2244,0,2026-09-10 19:24:23.448703+00,2026-09-10 21:06:17.796411+00,2026-09-10 19:38:59.555359+00,2026-09-10 21:07:17.796835+00,1,12,2,88,2,49,3,470
1789074470.632996,2249886,public,watch_list,4,2026-09-10 18:39:19.55136+00,120000,361939,2026-09-10 21:07:50.660908+00,361111,30000,0,0,0,0,30000,0,0,0,2026-09-10 19:29:05.065201+00,2026-09-10 17:53:21.830081+00,2026-09-10 19:29:05.076514+00,2026-09-10 17:53:21.851946+00,1,1,1,1,12,10,12,22
1789074470.632996,2249917,public,commission_rate,3,2026-09-10 18:36:32.553549+00,720,730544,2026-09-10 21:07:50.660908+00,1284771,240,0,0,0,0,240,0,0,0,2026-09-10 19:30:55.684574+00,,2026-09-10 19:30:55.685011+00,2026-09-10 17:53:21.85719+00,1,0,1,1,1,0,1,1
1789074470.632996,2249851,public,customer_taxrate,3,2026-09-10 18:39:19.221747+00,180000,55340033,2026-09-10 21:07:50.660908+00,5018,60000,7,0,0,7,60000,7,7,0,2026-09-10 19:36:20.607907+00,2026-09-10 17:53:20.297708+00,2026-09-10 19:36:20.638528+00,2026-09-10 17:53:20.350229+00,1,1,1,1,30,19,29,53
1789074470.632996,2249868,public,holding_history,8,2026-09-10 19:24:22.633472+00,2778954508,64224,2026-09-10 21:07:50.660908+00,142909,695290147,0,0,0,0,695163477,116104,435416,551520,2026-09-10 19:38:52.269828+00,2026-09-10 18:00:34.421363+00,2026-09-10 19:38:55.334914+00,2026-09-10 18:00:44.904449+00,1,3,1,3,149084,284220,3065,13235
1789074470.632996,2250046,public,industry,188538,2026-09-10 21:07:50.660908+00,19216731,1744375,2026-09-10 21:07:50.660908+00,1737315,102,0,0,0,0,102,0,0,0,2026-09-10 19:24:23.445694+00,,2026-09-10 19:24:23.445963+00,2026-09-10 17:53:29.973725+00,1,0,1,1,1,0,1,3
1789074470.632996,2250017,public,exchange,1105925,2026-09-10 21:07:50.660908+00,3720436,1536,2026-09-10 20:54:53.872757+00,1152,4,28,0,28,0,4,28,28,0,2026-09-10 19:30:55.68249+00,,2026-09-10 19:30:55.682645+00,,1,0,1,0,1,0,1,0
1789074470.632996,2249901,public,cash_transaction,2,2026-09-10 19:00:28.999306+00,953848714,6645345,2026-09-10 21:07:50.660908+00,6515784,477228349,421315,0,37683,383632,477281543,412524,718503,303992,2026-09-10 19:30:52.298911+00,2026-09-10 17:59:35.711751+00,2026-09-10 19:30:55.445775+00,2026-09-10 18:00:57.043327+00,1,2,1,3,105990,228022,3126,22811
1789074470.632996,2249875,public,holding_summary,5,2026-09-10 18:36:33.052121+00,4476012,3947745,2026-09-10 21:07:50.660908+00,27427951,1493653,389949,1808,340837,49112,1492030,55014,22101,1649,2026-09-10 19:24:23.479998+00,2026-09-10 18:13:22.057298+00,2026-09-10 19:24:23.595668+00,2026-09-10 21:02:18.878562+00,1,1,1,3,30,365,113,2827
1789074470.632996,2249822,public,account_permission,2,2026-09-10 18:36:32.753413+00,425940,33862,2026-09-10 21:07:50.660908+00,33870,212970,9,0,0,9,212970,9,9,0,2026-09-10 19:29:04.927437+00,2026-09-10 17:53:19.299976+00,2026-09-10 19:29:05.05201+00,2026-09-10 17:53:19.497616+00,1,1,1,1,32,109,122,198
1789074470.632996,2249841,public,customer_account,4,2026-09-10 18:45:15.480553+00,600000,2888097,2026-09-10 21:07:50.660908+00,4844570,150000,304513,0,294075,10438,150000,11460,16767,0,2026-09-10 19:24:23.226634+00,2026-09-10 17:53:20.108136+00,2026-09-10 19:24:23.311106+00,2026-09-10 21:03:18.05613+00,1,1,1,17,12,77,84,6727
1789074470.632996,2250026,public,financial,2,2026-09-10 18:36:32.673292+00,600000,469235,2026-09-10 21:07:50.660908+00,9384662,300000,140,0,0,140,300000,140,140,0,2026-09-10 19:36:20.352757+00,2026-09-10 17:53:29.521608+00,2026-09-10 19:36:20.576514+00,2026-09-10 17:53:29.956687+00,1,1,1,1,57,322,207,435
1789074470.632996,2249830,public,customer,4,2026-09-10 18:39:19.245981+00,120000,2022893,2026-09-10 21:07:50.660908+00,2020892,30000,7,0,0,7,30000,7,7,0,2026-09-10 19:24:22.892301+00,2026-09-10 17:53:19.531775+00,2026-09-10 19:24:23.201268+00,2026-09-10 17:53:20.026228+00,1,1,1,1,59,26,305,495
1789074470.632996,2250121,public,zip_code,2,2026-09-10 18:36:32.586468+00,29482,939976,2026-09-10 21:07:50.660908+00,938438,14741,0,0,0,0,14741,0,0,0,2026-09-10 19:36:13.175189+00,2026-09-10 17:53:30.32548+00,2026-09-10 19:36:13.194698+00,2026-09-10 17:53:30.362036+00,1,1,1,1,1,41,20,31
1789074470.632996,2249929,public,settlement,2,2026-09-10 19:06:58.095243+00,1036800000,7046557,2026-09-10 21:07:50.660908+00,7046556,518732341,440600,0,72471,368129,518731528,417742,763910,332341,2026-09-10 19:38:55.40099+00,2026-09-10 19:38:47.513759+00,2026-09-10 19:38:59.2827+00,2026-09-10 19:38:51.103174+00,1,2,1,2,66,1872326,3881,5015
1789074470.632996,2250000,public,company_competitor,4,2026-09-10 18:39:19.241779+00,180000,469221,2026-09-10 21:07:50.660908+00,0,45000,0,0,0,0,45000,0,0,0,2026-09-10 19:29:04.853693+00,2026-09-10 17:53:22.019369+00,2026-09-10 19:29:04.892815+00,2026-09-10 17:53:22.073157+00,1,1,1,1,32,17,36,54
1789074470.632996,2250104,public,address,2,2026-09-10 18:36:32.586468+00,90008,939625,2026-09-10 21:07:50.660908+00,2112068,45004,9,0,0,9,45004,9,9,0,2026-09-10 19:36:13.198214+00,2026-09-10 17:53:30.143186+00,2026-09-10 19:36:13.272339+00,2026-09-10 17:53:30.265233+00,1,1,1,1,1,84,75,111
1789074470.632996,2249981,public,trade_type,3987817,2026-09-10 21:07:50.660908+00,13937405,3667,2026-09-10 20:55:34.986889+00,595,5,0,0,0,0,5,0,0,0,2026-09-10 19:30:55.686368+00,,2026-09-10 19:30:55.686494+00,,1,0,1,0,1,0,1,0
1789074470.632996,2250083,public,security,636698,2026-09-10 21:07:50.660908+00,13084143900,100510460,2026-09-10 21:07:50.660908+00,101050435,20550,7,0,0,7,20550,7,7,0,2026-09-10 19:24:23.322571+00,2026-09-10 17:56:48.546012+00,2026-09-10 19:24:23.441929+00,2026-09-10 17:56:48.782769+00,1,1,1,1,6,346,119,237
1789074530.737585,2249856,public,holding,3,2026-09-10 18:14:01.1438+00,53040828,753608,2026-09-10 21:08:50.781463+00,8724630,26710624,148268,219986,38688,109580,26530388,318552,440980,190210,2026-09-10 19:36:12.75693+00,2026-09-10 18:14:29.263615+00,2026-09-10 19:36:13.060392+00,2026-09-10 18:14:29.882987+00,1,1,1,1,45,7564,301,620
1789074530.737585,2250073,public,news_xref,3,2026-09-10 18:36:32.591284+00,90000,476554,2026-09-10 21:08:50.781463+00,16,30000,0,0,0,0,30000,0,0,0,2026-09-10 19:36:13.161571+00,2026-09-10 17:56:48.169274+00,2026-09-10 19:36:13.172374+00,2026-09-10 17:56:48.192926+00,1,1,1,1,3,164,11,24
1789074530.737585,2250006,public,daily_market,6,2026-09-10 18:14:00.82828+00,53635500,47651384,2026-09-10 21:08:50.781463+00,54166313,26817750,300,0,0,300,26824697,300,300,0,2026-09-10 19:36:21.896725+00,2026-09-10 17:53:30.461218+00,2026-09-10 19:36:22.185295+00,2026-09-10 17:53:31.195492+00,1,1,1,1,1254,8383,288,735
1789074530.737585,2250052,public,last_trade,2,2026-09-10 18:39:23.400642+00,41100,66405801,2026-09-10 21:08:50.781463+00,66405572,20550,655102,0,652916,2186,20550,3253,4481,0,2026-09-10 19:29:05.269132+00,2026-09-10 17:53:30.000417+00,2026-09-10 19:29:05.305716+00,2026-09-10 21:08:18.195747+00,1,1,1,86,3,12,36,7053
1789074530.737585,2250078,public,sector,163476,2026-09-10 21:08:50.606442+00,1961712,81020,2026-09-10 20:55:18.735157+00,81020,12,0,0,0,0,12,0,0,0,2026-09-10 19:24:23.444133+00,,2026-09-10 19:24:23.444255+00,,1,0,1,0,1,0,1,0
1789074530.737585,2250114,public,taxrate,175095,2026-09-10 21:08:50.694356+00,56030400,1319,2026-09-10 21:03:53.982991+00,743,320,7,0,4,3,320,3,7,0,2026-09-10 19:36:20.64208+00,,2026-09-10 19:36:20.642648+00,2026-09-10 17:53:30.277789+00,1,0,1,1,2,0,1,1
1789074530.737585,2249968,public,trade_request,166369,2026-09-10 21:08:50.606442+00,579344976,784601,2026-09-10 21:08:50.694356+00,369731,137229,0,131673,0,0,4173,870,1777,930,2026-09-10 19:29:04.821787+00,2026-09-10 21:08:18.09531+00,2026-09-10 19:29:04.822356+00,2026-09-10 21:08:18.112718+00,1,87,1,87,1,2432,1,2397
1789074530.737585,2249881,public,watch_item,4,2026-09-10 18:39:23.873407+00,8946495,366417,2026-09-10 21:08:50.649947+00,8147,2982165,7,0,0,7,2982165,7,7,0,2026-09-10 19:29:05.082092+00,2026-09-10 17:53:21.313017+00,2026-09-10 19:29:05.26188+00,2026-09-10 17:53:21.810508+00,1,1,1,1,2,959,180,498
1789074530.737585,2249962,public,trade_history,3,2026-09-10 19:16:53.853864+00,3732502353,8465009,2026-09-10 21:08:50.781463+00,20269022,1244994368,0,0,0,0,1244993157,20923,805994,826917,2026-09-10 19:29:02.442332+00,2026-09-10 17:56:39.748253+00,2026-09-10 19:29:04.819007+00,2026-09-10 17:56:46.054213+00,1,1,1,1,277842,64922,2377,6306
1789074530.737585,2249938,public,trade,18,2026-09-10 19:24:22.633472+00,7257600000,10220742,2026-09-10 21:08:50.781463+00,6835640573,518742675,1078578,0,207927,362874,518728686,874585,1320623,342675,2026-09-10 19:36:10.673673+00,2026-09-10 17:55:13.319747+00,2026-09-10 19:36:12.708234+00,2026-09-10 17:55:14.759594+00,1,1,1,1,313984,19670,2034,1440
1789074530.737585,2250109,public,status_type,2512540,2026-09-10 21:08:50.781463+00,7975153,1152,2026-09-10 20:54:55.224112+00,0,5,0,0,0,0,5,0,0,0,2026-09-10 19:24:23.446735+00,,2026-09-10 19:24:23.446839+00,,1,0,1,0,1,0,1,0
1789074530.737585,2249909,public,charge,342677,2026-09-10 21:08:50.781463+00,5140155,0,,0,15,0,0,0,0,15,0,0,0,2026-09-10 19:30:55.68781+00,,2026-09-10 19:30:55.688433+00,,1,0,1,0,1,0,1,0
1789074530.737585,2249988,public,company,5,2026-09-10 18:39:19.216232+00,75000,60280091,2026-09-10 21:08:50.781463+00,212526721,15000,8,0,0,8,15000,8,8,0,2026-09-10 19:36:13.092374+00,2026-09-10 17:53:21.882165+00,2026-09-10 19:36:13.156371+00,2026-09-10 17:53:21.992193+00,1,1,1,1,31,17,62,110
1789074530.737585,2250062,public,news_item,1,2026-09-10 18:13:01.013209+00,30000,951557,2026-09-10 21:08:50.781463+00,964620,30000,14,0,0,14,30000,14,14,0,2026-09-10 19:36:13.288793+00,2026-09-10 17:56:47.547667+00,2026-09-10 19:36:20.294012+00,2026-09-10 17:56:47.994666+00,1,1,1,1,16,1484,143,447
1789074530.737585,2249891,public,broker,166242,2026-09-10 21:08:50.606442+00,49872600,1476242,2026-09-10 21:08:50.781463+00,1475050,300,342730,0,342730,0,300,70,2260,0,2026-09-10 19:24:23.448703+00,2026-09-10 21:06:17.796411+00,2026-09-10 19:38:59.555359+00,2026-09-10 21:08:18.201326+00,1,12,2,89,2,49,3,473
1789074530.737585,2249886,public,watch_list,4,2026-09-10 18:39:19.55136+00,120000,366419,2026-09-10 21:08:50.649947+00,365591,30000,0,0,0,0,30000,0,0,0,2026-09-10 19:29:05.065201+00,2026-09-10 17:53:21.830081+00,2026-09-10 19:29:05.076514+00,2026-09-10 17:53:21.851946+00,1,1,1,1,12,10,12,22
1789074530.737585,2249917,public,commission_rate,3,2026-09-10 18:36:32.553549+00,720,739572,2026-09-10 21:08:50.781463+00,1300697,240,0,0,0,0,240,0,0,0,2026-09-10 19:30:55.684574+00,,2026-09-10 19:30:55.685011+00,2026-09-10 17:53:21.85719+00,1,0,1,1,1,0,1,1
1789074530.737585,2249851,public,customer_taxrate,3,2026-09-10 18:39:19.221747+00,180000,56031553,2026-09-10 21:08:50.694356+00,5108,60000,7,0,0,7,60000,7,7,0,2026-09-10 19:36:20.607907+00,2026-09-10 17:53:20.297708+00,2026-09-10 19:36:20.638528+00,2026-09-10 17:53:20.350229+00,1,1,1,1,30,19,29,53
1789074530.737585,2249868,public,holding_history,8,2026-09-10 19:24:22.633472+00,2778954508,65079,2026-09-10 21:08:50.781463+00,144787,695297093,0,0,0,0,695169041,117486,440980,558466,2026-09-10 19:38:52.269828+00,2026-09-10 18:00:34.421363+00,2026-09-10 19:38:55.334914+00,2026-09-10 18:00:44.904449+00,1,3,1,3,149084,284220,3065,13235
1789074530.737585,2250046,public,industry,190925,2026-09-10 21:08:50.606442+00,19460205,1761751,2026-09-10 21:08:50.781463+00,1754643,102,0,0,0,0,102,0,0,0,2026-09-10 19:24:23.445694+00,,2026-09-10 19:24:23.445963+00,2026-09-10 17:53:29.973725+00,1,0,1,1,1,0,1,3
1789074530.737585,2250017,public,exchange,1119580,2026-09-10 21:08:50.781463+00,3766294,1536,2026-09-10 20:54:53.872757+00,1152,4,28,0,28,0,4,28,28,0,2026-09-10 19:30:55.68249+00,,2026-09-10 19:30:55.682645+00,,1,0,1,0,1,0,1,0
1789074530.737585,2249901,public,cash_transaction,2,2026-09-10 19:00:28.999306+00,953848714,6727753,2026-09-10 21:08:50.781463+00,6596691,477232170,426646,0,38498,388148,477285317,417484,727608,307813,2026-09-10 19:30:52.298911+00,2026-09-10 17:59:35.711751+00,2026-09-10 19:30:55.445775+00,2026-09-10 18:00:57.043327+00,1,2,1,3,105990,228022,3126,22811
1789074530.737585,2249875,public,holding_summary,5,2026-09-10 18:36:33.052121+00,4476012,3996812,2026-09-10 21:08:50.781463+00,27771103,1493666,394796,1833,345411,49385,1492023,55344,26193,1662,2026-09-10 19:24:23.479998+00,2026-09-10 18:13:22.057298+00,2026-09-10 19:24:23.595668+00,2026-09-10 21:02:18.878562+00,1,1,1,3,30,365,113,2827
1789074530.737585,2249822,public,account_permission,2,2026-09-10 18:36:32.753413+00,425940,34264,2026-09-10 21:08:50.781463+00,34272,212970,9,0,0,9,212970,9,9,0,2026-09-10 19:29:04.927437+00,2026-09-10 17:53:19.299976+00,2026-09-10 19:29:05.05201+00,2026-09-10 17:53:19.497616+00,1,1,1,1,32,109,122,198
1789074530.737585,2249841,public,customer_account,4,2026-09-10 18:45:15.480553+00,600000,2923981,2026-09-10 21:08:50.781463+00,4904915,150000,308345,0,297879,10466,150000,11533,2083,0,2026-09-10 19:24:23.226634+00,2026-09-10 17:53:20.108136+00,2026-09-10 19:24:23.311106+00,2026-09-10 21:08:18.063174+00,1,1,1,18,12,77,84,7129
1789074530.737585,2250026,public,financial,2,2026-09-10 18:36:32.673292+00,600000,475011,2026-09-10 21:08:50.781463+00,9500182,300000,140,0,0,140,300000,140,140,0,2026-09-10 19:36:20.352757+00,2026-09-10 17:53:29.521608+00,2026-09-10 19:36:20.576514+00,2026-09-10 17:53:29.956687+00,1,1,1,1,57,322,207,435
1789074530.737585,2249830,public,customer,4,2026-09-10 18:39:19.245981+00,120000,2047989,2026-09-10 21:08:50.781463+00,2045940,30000,7,0,0,7,30000,7,7,0,2026-09-10 19:24:22.892301+00,2026-09-10 17:53:19.531775+00,2026-09-10 19:24:23.201268+00,2026-09-10 17:53:20.026228+00,1,1,1,1,59,26,305,495
1789074530.737585,2250121,public,zip_code,2,2026-09-10 18:36:32.586468+00,29482,951528,2026-09-10 21:08:50.781463+00,949990,14741,0,0,0,0,14741,0,0,0,2026-09-10 19:36:13.175189+00,2026-09-10 17:53:30.32548+00,2026-09-10 19:36:13.194698+00,2026-09-10 17:53:30.362036+00,1,1,1,1,1,41,20,31
1789074530.737585,2249929,public,settlement,2,2026-09-10 19:06:58.095243+00,1036800000,7134037,2026-09-10 21:08:50.781463+00,7134036,518736503,446100,0,73667,372433,518735620,422627,773502,336503,2026-09-10 19:38:55.40099+00,2026-09-10 19:38:47.513759+00,2026-09-10 19:38:59.2827+00,2026-09-10 19:38:51.103174+00,1,2,1,2,66,1872326,3881,5015
1789074530.737585,2250000,public,company_competitor,4,2026-09-10 18:39:19.241779+00,180000,474997,2026-09-10 21:08:50.781463+00,0,45000,0,0,0,0,45000,0,0,0,2026-09-10 19:29:04.853693+00,2026-09-10 17:53:22.019369+00,2026-09-10 19:29:04.892815+00,2026-09-10 17:53:22.073157+00,1,1,1,1,32,17,36,54
1789074530.737585,2250104,public,address,2,2026-09-10 18:36:32.586468+00,90008,951177,2026-09-10 21:08:50.781463+00,2137962,45004,9,0,0,9,45004,9,9,0,2026-09-10 19:36:13.198214+00,2026-09-10 17:53:30.143186+00,2026-09-10 19:36:13.272339+00,2026-09-10 17:53:30.265233+00,1,1,1,1,1,84,75,111
1789074530.737585,2249981,public,trade_type,4038152,2026-09-10 21:08:50.781463+00,14112876,3667,2026-09-10 20:55:34.986889+00,595,5,0,0,0,0,5,0,0,0,2026-09-10 19:30:55.686368+00,,2026-09-10 19:30:55.686494+00,,1,0,1,0,1,0,1,0
1789074530.737585,2250083,public,security,644577,2026-09-10 21:08:50.781463+00,13246057350,101882380,2026-09-10 21:08:50.781463+00,102429057,20550,7,0,0,7,20550,7,7,0,2026-09-10 19:24:23.322571+00,2026-09-10 17:56:48.546012+00,2026-09-10 19:24:23.441929+00,2026-09-10 17:56:48.782769+00,1,1,1,1,6,346,119,237
1789074590.876366,2249856,public,holding,3,2026-09-10 18:14:01.1438+00,53040828,763089,2026-09-10 21:09:50.72866+00,8831577,26712950,150157,222747,39536,110621,26530467,322314,446535,192536,2026-09-10 19:36:12.75693+00,2026-09-10 18:14:29.263615+00,2026-09-10 19:36:13.060392+00,2026-09-10 18:14:29.882987+00,1,1,1,1,45,7564,301,620
1789074590.876366,2250073,public,news_xref,3,2026-09-10 18:36:32.591284+00,90000,482282,2026-09-10 21:09:50.799078+00,16,30000,0,0,0,0,30000,0,0,0,2026-09-10 19:36:13.161571+00,2026-09-10 17:56:48.169274+00,2026-09-10 19:36:13.172374+00,2026-09-10 17:56:48.192926+00,1,1,1,1,3,164,11,24
1789074590.876366,2250006,public,daily_market,6,2026-09-10 18:14:00.82828+00,53635500,48228921,2026-09-10 21:09:50.799078+00,54729727,26817750,300,0,0,300,26824697,300,300,0,2026-09-10 19:36:21.896725+00,2026-09-10 17:53:30.461218+00,2026-09-10 19:36:22.185295+00,2026-09-10 17:53:31.195492+00,1,1,1,1,1254,8383,288,735
1789074590.876366,2250052,public,last_trade,2,2026-09-10 18:39:23.400642+00,41100,67209352,2026-09-10 21:09:50.799078+00,67209123,20550,663400,0,661213,2187,20550,3317,4606,0,2026-09-10 19:29:05.269132+00,2026-09-10 17:53:30.000417+00,2026-09-10 19:29:05.305716+00,2026-09-10 21:09:17.836316+00,1,1,1,87,3,12,36,7146
1789074590.876366,2250078,public,sector,165475,2026-09-10 21:09:50.799078+00,1985700,81020,2026-09-10 20:55:18.735157+00,81020,12,0,0,0,0,12,0,0,0,2026-09-10 19:24:23.444133+00,,2026-09-10 19:24:23.444255+00,,1,0,1,0,1,0,1,0
1789074590.876366,2250114,public,taxrate,177306,2026-09-10 21:09:50.72866+00,56737920,1319,2026-09-10 21:03:53.982991+00,743,320,7,0,4,3,320,3,7,0,2026-09-10 19:36:20.64208+00,,2026-09-10 19:36:20.642648+00,2026-09-10 17:53:30.277789+00,1,0,1,1,2,0,1,1
1789074590.876366,2249968,public,trade_request,168368,2026-09-10 21:09:50.799078+00,587612157,794607,2026-09-10 21:09:50.702199+00,374791,138863,0,133333,0,0,4101,1007,1840,917,2026-09-10 19:29:04.821787+00,2026-09-10 21:09:17.711012+00,2026-09-10 19:29:04.822356+00,2026-09-10 21:09:17.742002+00,1,88,1,88,1,2462,1,2428
1789074590.876366,2249881,public,watch_item,4,2026-09-10 18:39:23.873407+00,8946495,370867,2026-09-10 21:09:50.799078+00,8298,2982165,7,0,0,7,2982165,7,7,0,2026-09-10 19:29:05.082092+00,2026-09-10 17:53:21.313017+00,2026-09-10 19:29:05.26188+00,2026-09-10 17:53:21.810508+00,1,1,1,1,2,959,180,498
1789074590.876366,2249962,public,trade_history,3,2026-09-10 19:16:53.853864+00,3732502353,8564979,2026-09-10 21:09:50.799078+00,20508756,1245004453,0,0,0,0,1245003017,21148,815854,837002,2026-09-10 19:29:02.442332+00,2026-09-10 17:56:39.748253+00,2026-09-10 19:29:04.819007+00,2026-09-10 17:56:46.054213+00,1,1,1,1,277842,64922,2377,6306
1789074590.876366,2249938,public,trade,18,2026-09-10 19:24:22.633472+00,7257600000,10342229,2026-09-10 21:09:50.799078+00,6917277957,518746796,1091561,0,211079,366293,518732766,884438,1336502,346796,2026-09-10 19:36:10.673673+00,2026-09-10 17:55:13.319747+00,2026-09-10 19:36:12.708234+00,2026-09-10 17:55:14.759594+00,1,1,1,1,313984,19670,2034,1440
1789074590.876366,2250109,public,status_type,2543093,2026-09-10 21:09:50.799078+00,8071085,1152,2026-09-10 20:54:55.224112+00,0,5,0,0,0,0,5,0,0,0,2026-09-10 19:24:23.446735+00,,2026-09-10 19:24:23.446839+00,,1,0,1,0,1,0,1,0
1789074590.876366,2249909,public,charge,346798,2026-09-10 21:09:50.799078+00,5201970,0,,0,15,0,0,0,0,15,0,0,0,2026-09-10 19:30:55.68781+00,,2026-09-10 19:30:55.688433+00,,1,0,1,0,1,0,1,0
1789074590.876366,2249988,public,company,5,2026-09-10 18:39:19.216232+00,75000,61138285,2026-09-10 21:09:50.799078+00,215259492,15000,8,0,0,8,15000,8,8,0,2026-09-10 19:36:13.092374+00,2026-09-10 17:53:21.882165+00,2026-09-10 19:36:13.156371+00,2026-09-10 17:53:21.992193+00,1,1,1,1,31,17,62,110
1789074590.876366,2250062,public,news_item,1,2026-09-10 18:13:01.013209+00,30000,963013,2026-09-10 21:09:50.799078+00,976076,30000,14,0,0,14,30000,14,14,0,2026-09-10 19:36:13.288793+00,2026-09-10 17:56:47.547667+00,2026-09-10 19:36:20.294012+00,2026-09-10 17:56:47.994666+00,1,1,1,1,16,1484,143,447
1789074590.876366,2249891,public,broker,168241,2026-09-10 21:09:50.799078+00,50472300,1494102,2026-09-10 21:09:50.799078+00,1492903,300,347009,0,347009,0,300,69,2270,0,2026-09-10 19:24:23.448703+00,2026-09-10 21:06:17.796411+00,2026-09-10 19:38:59.555359+00,2026-09-10 21:09:17.845613+00,1,12,2,90,2,49,3,480
1789074590.876366,2249886,public,watch_list,4,2026-09-10 18:39:19.55136+00,120000,370869,2026-09-10 21:09:50.799078+00,370041,30000,0,0,0,0,30000,0,0,0,2026-09-10 19:29:05.065201+00,2026-09-10 17:53:21.830081+00,2026-09-10 19:29:05.076514+00,2026-09-10 17:53:21.851946+00,1,1,1,1,12,10,12,22
1789074590.876366,2249917,public,commission_rate,3,2026-09-10 18:36:32.553549+00,720,748642,2026-09-10 21:09:50.799078+00,1316586,240,0,0,0,0,240,0,0,0,2026-09-10 19:30:55.684574+00,,2026-09-10 19:30:55.685011+00,2026-09-10 17:53:21.85719+00,1,0,1,1,1,0,1,1
1789074590.876366,2249851,public,customer_taxrate,3,2026-09-10 18:39:19.221747+00,180000,56739073,2026-09-10 21:09:50.72866+00,5222,60000,7,0,0,7,60000,7,7,0,2026-09-10 19:36:20.607907+00,2026-09-10 17:53:20.297708+00,2026-09-10 19:36:20.638528+00,2026-09-10 17:53:20.350229+00,1,1,1,1,30,19,29,53
1789074590.876366,2249868,public,holding_history,8,2026-09-10 19:24:22.633472+00,2778954508,65851,2026-09-10 21:09:50.638603+00,146517,695304069,0,0,0,0,695174596,118907,446535,565442,2026-09-10 19:38:52.269828+00,2026-09-10 18:00:34.421363+00,2026-09-10 19:38:55.334914+00,2026-09-10 18:00:44.904449+00,1,3,1,3,149084,284220,3065,13235
1789074590.876366,2250046,public,industry,193299,2026-09-10 21:09:50.799078+00,19702353,1778983,2026-09-10 21:09:50.799078+00,1771827,102,0,0,0,0,102,0,0,0,2026-09-10 19:24:23.445694+00,,2026-09-10 19:24:23.445963+00,2026-09-10 17:53:29.973725+00,1,0,1,1,1,0,1,3
1789074590.876366,2250017,public,exchange,1133071,2026-09-10 21:09:50.799078+00,3811579,1536,2026-09-10 20:54:53.872757+00,1152,4,28,0,28,0,4,28,28,0,2026-09-10 19:30:55.68249+00,,2026-09-10 19:30:55.682645+00,,1,0,1,0,1,0,1,0
1789074590.876366,2249901,public,cash_transaction,2,2026-09-10 19:00:28.999306+00,953848714,6807021,2026-09-10 21:09:50.799078+00,6674399,477236008,431439,0,39198,392241,477289102,421908,736186,311651,2026-09-10 19:30:52.298911+00,2026-09-10 17:59:35.711751+00,2026-09-10 19:30:55.445775+00,2026-09-10 18:00:57.043327+00,1,2,1,3,105990,228022,3126,22811
1789074590.876366,2249875,public,holding_summary,5,2026-09-10 18:36:33.052121+00,4476012,4045162,2026-09-10 21:09:50.799078+00,28106643,1493684,399719,1858,350044,49675,1492017,55840,30313,1680,2026-09-10 19:24:23.479998+00,2026-09-10 18:13:22.057298+00,2026-09-10 19:24:23.595668+00,2026-09-10 21:02:18.878562+00,1,1,1,3,30,365,113,2827
1789074590.876366,2249822,public,account_permission,2,2026-09-10 18:36:32.753413+00,425940,34673,2026-09-10 21:09:50.442024+00,34681,212970,9,0,0,9,212970,9,9,0,2026-09-10 19:29:04.927437+00,2026-09-10 17:53:19.299976+00,2026-09-10 19:29:05.05201+00,2026-09-10 17:53:19.497616+00,1,1,1,1,32,109,122,198
1789074590.876366,2249841,public,customer_account,4,2026-09-10 18:45:15.480553+00,600000,2959592,2026-09-10 21:09:50.799078+00,4964360,150000,312189,0,301680,10509,150000,11622,5868,0,2026-09-10 19:24:23.226634+00,2026-09-10 17:53:20.108136+00,2026-09-10 19:24:23.311106+00,2026-09-10 21:08:18.063174+00,1,1,1,18,12,77,84,7129
1789074590.876366,2250026,public,financial,2,2026-09-10 18:36:32.673292+00,600000,480739,2026-09-10 21:09:50.799078+00,9614742,300000,140,0,0,140,300000,140,140,0,2026-09-10 19:36:20.352757+00,2026-09-10 17:53:29.521608+00,2026-09-10 19:36:20.576514+00,2026-09-10 17:53:29.956687+00,1,1,1,1,57,322,207,435
1789074590.876366,2249830,public,customer,4,2026-09-10 18:39:19.245981+00,120000,2072743,2026-09-10 21:09:50.799078+00,2070694,30000,8,0,0,8,30000,8,8,0,2026-09-10 19:24:22.892301+00,2026-09-10 17:53:19.531775+00,2026-09-10 19:24:23.201268+00,2026-09-10 17:53:20.026228+00,1,1,1,1,59,26,305,495
1789074590.876366,2250121,public,zip_code,2,2026-09-10 18:36:32.586468+00,29482,962984,2026-09-10 21:09:50.799078+00,961446,14741,0,0,0,0,14741,0,0,0,2026-09-10 19:36:13.175189+00,2026-09-10 17:53:30.32548+00,2026-09-10 19:36:13.194698+00,2026-09-10 17:53:30.362036+00,1,1,1,1,1,41,20,31
1789074590.876366,2249929,public,settlement,2,2026-09-10 19:06:58.095243+00,1036800000,7218717,2026-09-10 21:09:50.799078+00,7218716,518740705,451480,0,74844,376636,518739740,427363,783002,340705,2026-09-10 19:38:55.40099+00,2026-09-10 19:38:47.513759+00,2026-09-10 19:38:59.2827+00,2026-09-10 19:38:51.103174+00,1,2,1,2,66,1872326,3881,5015
1789074590.876366,2250000,public,company_competitor,4,2026-09-10 18:39:19.241779+00,180000,480725,2026-09-10 21:09:50.799078+00,0,45000,0,0,0,0,45000,0,0,0,2026-09-10 19:29:04.853693+00,2026-09-10 17:53:22.019369+00,2026-09-10 19:29:04.892815+00,2026-09-10 17:53:22.073157+00,1,1,1,1,32,17,36,54
1789074590.876366,2250104,public,address,2,2026-09-10 18:36:32.586468+00,90008,962633,2026-09-10 21:09:50.799078+00,2163651,45004,9,0,0,9,45004,9,9,0,2026-09-10 19:36:13.198214+00,2026-09-10 17:53:30.143186+00,2026-09-10 19:36:13.272339+00,2026-09-10 17:53:30.265233+00,1,1,1,1,1,84,75,111
1789074590.876366,2249981,public,trade_type,4085196,2026-09-10 21:09:50.799078+00,14278932,3667,2026-09-10 20:55:34.986889+00,595,5,0,0,0,0,5,0,0,0,2026-09-10 19:30:55.686368+00,,2026-09-10 19:30:55.686494+00,,1,0,1,0,1,0,1,0
1789074590.876366,2250083,public,security,652340,2026-09-10 21:09:50.799078+00,13405587000,103245963,2026-09-10 21:09:50.799078+00,103799619,20550,7,0,0,7,20550,7,7,0,2026-09-10 19:24:23.322571+00,2026-09-10 17:56:48.546012+00,2026-09-10 19:24:23.441929+00,2026-09-10 17:56:48.782769+00,1,1,1,1,6,346,119,237
1789074650.959198,2249856,public,holding,3,2026-09-10 18:14:01.1438+00,53040828,772272,2026-09-10 21:10:50.977919+00,8940184,26715297,151988,225429,40377,111611,26530583,326041,451875,194883,2026-09-10 19:36:12.75693+00,2026-09-10 18:14:29.263615+00,2026-09-10 19:36:13.060392+00,2026-09-10 18:14:29.882987+00,1,1,1,1,45,7564,301,620
1789074650.959198,2250073,public,news_xref,3,2026-09-10 18:36:32.591284+00,90000,487813,2026-09-10 21:10:50.957881+00,16,30000,0,0,0,0,30000,0,0,0,2026-09-10 19:36:13.161571+00,2026-09-10 17:56:48.169274+00,2026-09-10 19:36:13.172374+00,2026-09-10 17:56:48.192926+00,1,1,1,1,3,164,11,24
1789074650.959198,2250006,public,daily_market,6,2026-09-10 18:14:00.82828+00,53635500,48792575,2026-09-10 21:10:50.962994+00,55280001,26817750,300,0,0,300,26824697,300,300,0,2026-09-10 19:36:21.896725+00,2026-09-10 17:53:30.461218+00,2026-09-10 19:36:22.185295+00,2026-09-10 17:53:31.195492+00,1,1,1,1,1254,8383,288,735
1789074650.959198,2250052,public,last_trade,2,2026-09-10 18:39:23.400642+00,41100,67997247,2026-09-10 21:10:50.977919+00,67997018,20550,671321,0,669133,2188,20550,3321,4299,0,2026-09-10 19:29:05.269132+00,2026-09-10 17:53:30.000417+00,2026-09-10 19:29:05.305716+00,2026-09-10 21:10:17.852681+00,1,1,1,88,3,12,36,7233
1789074650.959198,2250078,public,sector,167406,2026-09-10 21:10:50.962994+00,2008872,81020,2026-09-10 20:55:18.735157+00,81020,12,0,0,0,0,12,0,0,0,2026-09-10 19:24:23.444133+00,,2026-09-10 19:24:23.444255+00,,1,0,1,0,1,0,1,0
1789074650.959198,2250114,public,taxrate,179420,2026-09-10 21:10:50.977919+00,57414400,1320,2026-09-10 21:09:53.028436+00,744,320,7,0,4,3,320,3,7,0,2026-09-10 19:36:20.64208+00,,2026-09-10 19:36:20.642648+00,2026-09-10 17:53:30.277789+00,1,0,1,1,2,0,1,1
1789074650.959198,2249968,public,trade_request,170299,2026-09-10 21:10:50.962994+00,595557917,804171,2026-09-10 21:10:50.977919+00,379527,140466,0,134926,0,0,4102,882,1715,883,2026-09-10 19:29:04.821787+00,2026-09-10 21:10:17.725741+00,2026-09-10 19:29:04.822356+00,2026-09-10 21:10:17.763795+00,1,89,1,89,1,2503,1,2466
1789074650.959198,2249881,public,watch_item,4,2026-09-10 18:39:23.873407+00,8946495,375206,2026-09-10 21:10:50.962994+00,8757,2982165,7,0,0,7,2982165,7,7,0,2026-09-10 19:29:05.082092+00,2026-09-10 17:53:21.313017+00,2026-09-10 19:29:05.26188+00,2026-09-10 17:53:21.810508+00,1,1,1,1,2,959,180,498
1789074650.959198,2249962,public,trade_history,3,2026-09-10 19:16:53.853864+00,3732502353,8664839,2026-09-10 21:10:50.962994+00,20748215,1245014265,0,0,0,0,1245012542,21435,825379,846814,2026-09-10 19:29:02.442332+00,2026-09-10 17:56:39.748253+00,2026-09-10 19:29:04.819007+00,2026-09-10 17:56:46.054213+00,1,1,1,1,277842,64922,2377,6306
1789074650.959198,2249938,public,trade,18,2026-09-10 19:24:22.633472+00,7257600000,10464685,2026-09-10 21:10:50.977919+00,6998149891,518750797,1104681,0,214353,369864,518736726,894301,1352321,350797,2026-09-10 19:36:10.673673+00,2026-09-10 17:55:13.319747+00,2026-09-10 19:36:12.708234+00,2026-09-10 17:55:14.759594+00,1,1,1,1,313984,19670,2034,1440
1789074650.959198,2250109,public,status_type,2572878,2026-09-10 21:10:50.977919+00,8164556,1152,2026-09-10 20:54:55.224112+00,0,5,0,0,0,0,5,0,0,0,2026-09-10 19:24:23.446735+00,,2026-09-10 19:24:23.446839+00,,1,0,1,0,1,0,1,0
1789074650.959198,2249909,public,charge,350799,2026-09-10 21:10:50.962994+00,5261985,0,,0,15,0,0,0,0,15,0,0,0,2026-09-10 19:30:55.68781+00,,2026-09-10 19:30:55.688433+00,,1,0,1,0,1,0,1,0
1789074650.959198,2249988,public,company,5,2026-09-10 18:39:19.216232+00,75000,61961513,2026-09-10 21:10:50.962994+00,217862314,15000,8,0,0,8,15000,8,8,0,2026-09-10 19:36:13.092374+00,2026-09-10 17:53:21.882165+00,2026-09-10 19:36:13.156371+00,2026-09-10 17:53:21.992193+00,1,1,1,1,31,17,62,110
1789074650.959198,2250062,public,news_item,1,2026-09-10 18:13:01.013209+00,30000,974075,2026-09-10 21:10:50.957881+00,987138,30000,14,0,0,14,30000,14,14,0,2026-09-10 19:36:13.288793+00,2026-09-10 17:56:47.547667+00,2026-09-10 19:36:20.294012+00,2026-09-10 17:56:47.994666+00,1,1,1,1,16,1484,143,447
1789074650.959198,2249891,public,broker,170172,2026-09-10 21:10:50.962994+00,51051600,1511519,2026-09-10 21:10:50.977919+00,1510315,300,351201,0,351201,0,300,113,2139,0,2026-09-10 19:24:23.448703+00,2026-09-10 21:06:17.796411+00,2026-09-10 19:38:59.555359+00,2026-09-10 21:10:17.860581+00,1,12,2,91,2,49,3,486
1789074650.959198,2249886,public,watch_list,4,2026-09-10 18:39:19.55136+00,120000,375208,2026-09-10 21:10:50.962994+00,374380,30000,0,0,0,0,30000,0,0,0,2026-09-10 19:29:05.065201+00,2026-09-10 17:53:21.830081+00,2026-09-10 19:29:05.076514+00,2026-09-10 17:53:21.851946+00,1,1,1,1,12,10,12,22
1789074650.959198,2249917,public,commission_rate,3,2026-09-10 18:36:32.553549+00,720,757536,2026-09-10 21:10:50.977919+00,1332093,240,0,0,0,0,240,0,0,0,2026-09-10 19:30:55.684574+00,,2026-09-10 19:30:55.685011+00,2026-09-10 17:53:21.85719+00,1,0,1,1,1,0,1,1
1789074650.959198,2249851,public,customer_taxrate,3,2026-09-10 18:39:19.221747+00,180000,57415623,2026-09-10 21:10:50.977919+00,5297,60000,8,0,0,8,60000,8,8,0,2026-09-10 19:36:20.607907+00,2026-09-10 17:53:20.297708+00,2026-09-10 19:36:20.638528+00,2026-09-10 17:53:20.350229+00,1,1,1,1,30,19,29,53
1789074650.959198,2249868,public,holding_history,8,2026-09-10 19:24:22.633472+00,2778954508,66526,2026-09-10 21:10:50.766006+00,147978,695310929,0,0,0,0,695179936,120427,451875,572302,2026-09-10 19:38:52.269828+00,2026-09-10 18:00:34.421363+00,2026-09-10 19:38:55.334914+00,2026-09-10 18:00:44.904449+00,1,3,1,3,149084,284220,3065,13235
1789074650.959198,2250046,public,industry,195586,2026-09-10 21:10:50.962994+00,19935627,1795626,2026-09-10 21:10:50.957881+00,1788420,102,0,0,0,0,102,0,0,0,2026-09-10 19:24:23.445694+00,,2026-09-10 19:24:23.445963+00,2026-09-10 17:53:29.973725+00,1,0,1,1,1,0,1,3
1789074650.959198,2250017,public,exchange,1146162,2026-09-10 21:10:50.962994+00,3855674,1536,2026-09-10 20:54:53.872757+00,1152,4,28,0,28,0,4,28,28,0,2026-09-10 19:30:55.68249+00,,2026-09-10 19:30:55.682645+00,,1,0,1,0,1,0,1,0
1789074650.959198,2249901,public,cash_transaction,2,2026-09-10 19:00:28.999306+00,953848714,6888025,2026-09-10 21:10:50.962994+00,6753823,477239770,437134,0,40044,397090,477292765,427242,745544,315413,2026-09-10 19:30:52.298911+00,2026-09-10 17:59:35.711751+00,2026-09-10 19:30:55.445775+00,2026-09-10 18:00:57.043327+00,1,2,1,3,105990,228022,3126,22811
1789074650.959198,2249875,public,holding_summary,5,2026-09-10 18:36:33.052121+00,4476012,4092992,2026-09-10 21:10:50.977919+00,28435927,1493695,404585,1892,354547,50038,1492004,56125,34285,1691,2026-09-10 19:24:23.479998+00,2026-09-10 18:13:22.057298+00,2026-09-10 19:24:23.595668+00,2026-09-10 21:02:18.878562+00,1,1,1,3,30,365,113,2827
1789074650.959198,2249822,public,account_permission,2,2026-09-10 18:36:32.753413+00,425940,35090,2026-09-10 21:10:50.962994+00,35098,212970,9,0,0,9,212970,9,9,0,2026-09-10 19:29:04.927437+00,2026-09-10 17:53:19.299976+00,2026-09-10 19:29:05.05201+00,2026-09-10 17:53:19.497616+00,1,1,1,1,32,109,122,198
1789074650.959198,2249841,public,customer_account,4,2026-09-10 18:45:15.480553+00,600000,2994399,2026-09-10 21:10:50.977919+00,5022783,150000,315957,0,305396,10561,150000,11708,9531,0,2026-09-10 19:24:23.226634+00,2026-09-10 17:53:20.108136+00,2026-09-10 19:24:23.311106+00,2026-09-10 21:08:18.063174+00,1,1,1,18,12,77,84,7129
1789074650.959198,2250026,public,financial,2,2026-09-10 18:36:32.673292+00,600000,486270,2026-09-10 21:10:50.957881+00,9725362,300000,140,0,0,140,300000,140,140,0,2026-09-10 19:36:20.352757+00,2026-09-10 17:53:29.521608+00,2026-09-10 19:36:20.576514+00,2026-09-10 17:53:29.956687+00,1,1,1,1,57,322,207,435
1789074650.959198,2249830,public,customer,4,2026-09-10 18:39:19.245981+00,120000,2096945,2026-09-10 21:10:50.977919+00,2094896,30000,8,0,0,8,30000,8,8,0,2026-09-10 19:24:22.892301+00,2026-09-10 17:53:19.531775+00,2026-09-10 19:24:23.201268+00,2026-09-10 17:53:20.026228+00,1,1,1,1,59,26,305,495
1789074650.959198,2250121,public,zip_code,2,2026-09-10 18:36:32.586468+00,29482,974046,2026-09-10 21:10:50.957881+00,972508,14741,0,0,0,0,14741,0,0,0,2026-09-10 19:36:13.175189+00,2026-09-10 17:53:30.32548+00,2026-09-10 19:36:13.194698+00,2026-09-10 17:53:30.362036+00,1,1,1,1,1,41,20,31
1789074650.959198,2249929,public,settlement,2,2026-09-10 19:06:58.095243+00,1036800000,7301897,2026-09-10 21:10:50.962994+00,7301896,518744804,456060,0,75803,380257,518743712,431434,791554,344804,2026-09-10 19:38:55.40099+00,2026-09-10 19:38:47.513759+00,2026-09-10 19:38:59.2827+00,2026-09-10 19:38:51.103174+00,1,2,1,2,66,1872326,3881,5015
1789074650.959198,2250000,public,company_competitor,4,2026-09-10 18:39:19.241779+00,180000,486256,2026-09-10 21:10:50.957881+00,0,45000,0,0,0,0,45000,0,0,0,2026-09-10 19:29:04.853693+00,2026-09-10 17:53:22.019369+00,2026-09-10 19:29:04.892815+00,2026-09-10 17:53:22.073157+00,1,1,1,1,32,17,36,54
1789074650.959198,2250104,public,address,2,2026-09-10 18:36:32.586468+00,90008,973695,2026-09-10 21:10:50.957881+00,2188568,45004,9,0,0,9,45004,9,9,0,2026-09-10 19:36:13.198214+00,2026-09-10 17:53:30.143186+00,2026-09-10 19:36:13.272339+00,2026-09-10 17:53:30.265233+00,1,1,1,1,1,84,75,111
1789074650.959198,2249981,public,trade_type,4133491,2026-09-10 21:10:50.977919+00,14447853,3667,2026-09-10 20:55:34.986889+00,595,5,0,0,0,0,5,0,0,0,2026-09-10 19:30:55.686368+00,,2026-09-10 19:30:55.686494+00,,1,0,1,0,1,0,1,0
1789074650.959198,2250083,public,security,659900,2026-09-10 21:10:50.962994+00,13560945000,104563913,2026-09-10 21:10:50.977919+00,105124147,20550,7,0,0,7,20550,7,7,0,2026-09-10 19:24:23.322571+00,2026-09-10 17:56:48.546012+00,2026-09-10 19:24:23.441929+00,2026-09-10 17:56:48.782769+00,1,1,1,1,6,346,119,237
1789074710.087146,2249856,public,holding,3,2026-09-10 18:14:01.1438+00,53040828,781652,2026-09-10 21:11:49.993566+00,9047898,26717601,153803,228208,41184,112619,26530573,329823,457349,197187,2026-09-10 19:36:12.75693+00,2026-09-10 18:14:29.263615+00,2026-09-10 19:36:13.060392+00,2026-09-10 18:14:29.882987+00,1,1,1,1,45,7564,301,620
1789074710.087146,2250073,public,news_xref,3,2026-09-10 18:36:32.591284+00,90000,493514,2026-09-10 21:11:49.993566+00,16,30000,0,0,0,0,30000,0,0,0,2026-09-10 19:36:13.161571+00,2026-09-10 17:56:48.169274+00,2026-09-10 19:36:13.172374+00,2026-09-10 17:56:48.192926+00,1,1,1,1,3,164,11,24
1789074710.087146,2250006,public,daily_market,6,2026-09-10 18:14:00.82828+00,53635500,49360219,2026-09-10 21:11:49.993566+00,55835022,26817750,344,0,0,344,26824697,344,344,0,2026-09-10 19:36:21.896725+00,2026-09-10 17:53:30.461218+00,2026-09-10 19:36:22.185295+00,2026-09-10 17:53:31.195492+00,1,1,1,1,1254,8383,288,735
1789074710.087146,2250052,public,last_trade,2,2026-09-10 18:39:23.400642+00,41100,68791908,2026-09-10 21:11:49.993566+00,68791679,20550,679360,0,677172,2188,20550,3341,4378,0,2026-09-10 19:29:05.269132+00,2026-09-10 17:53:30.000417+00,2026-09-10 19:29:05.305716+00,2026-09-10 21:11:17.86667+00,1,1,1,89,3,12,36,7310
1789074710.087146,2250078,public,sector,169432,2026-09-10 21:11:49.993566+00,2033184,81020,2026-09-10 20:55:18.735157+00,81020,12,0,0,0,0,12,0,0,0,2026-09-10 19:24:23.444133+00,,2026-09-10 19:24:23.444255+00,,1,0,1,0,1,0,1,0
1789074710.087146,2250114,public,taxrate,181648,2026-09-10 21:11:49.993566+00,58127360,1320,2026-09-10 21:09:53.028436+00,744,320,7,0,4,3,320,3,7,0,2026-09-10 19:36:20.64208+00,,2026-09-10 19:36:20.642648+00,2026-09-10 17:53:30.277789+00,1,0,1,1,2,0,1,1
1789074710.087146,2249968,public,trade_request,172325,2026-09-10 21:11:49.993566+00,603925560,813840,2026-09-10 21:11:49.670335+00,384359,142099,0,136506,0,0,4151,879,1747,900,2026-09-10 19:29:04.821787+00,2026-09-10 21:11:17.746685+00,2026-09-10 19:29:04.822356+00,2026-09-10 21:11:17.787638+00,1,90,1,90,1,2545,1,2507
1789074710.087146,2249881,public,watch_item,4,2026-09-10 18:39:23.873407+00,8946495,379550,2026-09-10 21:11:49.993566+00,9001,2982165,7,0,0,7,2982165,7,7,0,2026-09-10 19:29:05.082092+00,2026-09-10 17:53:21.313017+00,2026-09-10 19:29:05.26188+00,2026-09-10 17:53:21.810508+00,1,1,1,1,2,959,180,498
1789074710.087146,2249962,public,trade_history,3,2026-09-10 19:16:53.853864+00,3732502353,8766028,2026-09-10 21:11:49.993566+00,20991136,1245024227,0,0,0,0,1245022245,21694,835082,856776,2026-09-10 19:29:02.442332+00,2026-09-10 17:56:39.748253+00,2026-09-10 19:29:04.819007+00,2026-09-10 17:56:46.054213+00,1,1,1,1,277842,64922,2377,6306
1789074710.087146,2249938,public,trade,18,2026-09-10 19:24:22.633472+00,7257600000,10590000,2026-09-10 21:11:49.993566+00,7079778959,518754941,1118236,0,217862,373651,518740826,904518,1368799,354941,2026-09-10 19:36:10.673673+00,2026-09-10 17:55:13.319747+00,2026-09-10 19:36:12.708234+00,2026-09-10 17:55:14.759594+00,1,1,1,1,313984,19670,2034,1440
1789074710.087146,2250109,public,status_type,2603251,2026-09-10 21:11:49.993566+00,8260243,1152,2026-09-10 20:54:55.224112+00,0,5,0,0,0,0,5,0,0,0,2026-09-10 19:24:23.446735+00,,2026-09-10 19:24:23.446839+00,,1,0,1,0,1,0,1,0
1789074710.087146,2249909,public,charge,354943,2026-09-10 21:11:49.993566+00,5324145,0,,0,15,0,0,0,0,15,0,0,0,2026-09-10 19:30:55.68781+00,,2026-09-10 19:30:55.688433+00,,1,0,1,0,1,0,1,0
1789074710.087146,2249988,public,company,5,2026-09-10 18:39:19.216232+00,75000,62825876,2026-09-10 21:11:49.993566+00,220471278,15000,8,0,0,8,15000,8,8,0,2026-09-10 19:36:13.092374+00,2026-09-10 17:53:21.882165+00,2026-09-10 19:36:13.156371+00,2026-09-10 17:53:21.992193+00,1,1,1,1,31,17,62,110
1789074710.087146,2250062,public,news_item,1,2026-09-10 18:13:01.013209+00,30000,985477,2026-09-10 21:11:49.993566+00,998540,30000,14,0,0,14,30000,14,14,0,2026-09-10 19:36:13.288793+00,2026-09-10 17:56:47.547667+00,2026-09-10 19:36:20.294012+00,2026-09-10 17:56:47.994666+00,1,1,1,1,16,1484,143,447
1789074710.087146,2249891,public,broker,172198,2026-09-10 21:11:49.993566+00,51659400,1529299,2026-09-10 21:11:49.993566+00,1528085,300,355406,0,355406,0,300,51,2179,0,2026-09-10 19:24:23.448703+00,2026-09-10 21:06:17.796411+00,2026-09-10 19:38:59.555359+00,2026-09-10 21:11:17.878015+00,1,12,2,92,2,49,3,491
1789074710.087146,2249886,public,watch_list,4,2026-09-10 18:39:19.55136+00,120000,379552,2026-09-10 21:11:49.993566+00,378724,30000,0,0,0,0,30000,0,0,0,2026-09-10 19:29:05.065201+00,2026-09-10 17:53:21.830081+00,2026-09-10 19:29:05.076514+00,2026-09-10 17:53:21.851946+00,1,1,1,1,12,10,12,22
1789074710.087146,2249917,public,commission_rate,3,2026-09-10 18:36:32.553549+00,720,766545,2026-09-10 21:11:49.993566+00,1348176,240,0,0,0,0,240,0,0,0,2026-09-10 19:30:55.684574+00,,2026-09-10 19:30:55.685011+00,2026-09-10 17:53:21.85719+00,1,0,1,1,1,0,1,1
1789074710.087146,2249851,public,customer_taxrate,3,2026-09-10 18:39:19.221747+00,180000,58128583,2026-09-10 21:11:49.993566+00,5466,60000,8,0,0,8,60000,8,8,0,2026-09-10 19:36:20.607907+00,2026-09-10 17:53:20.297708+00,2026-09-10 19:36:20.638528+00,2026-09-10 17:53:20.350229+00,1,1,1,1,30,19,29,53
1789074710.087146,2249868,public,holding_history,8,2026-09-10 19:24:22.633472+00,2778954508,67355,2026-09-10 21:11:49.928456+00,149803,695317827,0,0,0,0,695185410,121851,457349,579200,2026-09-10 19:38:52.269828+00,2026-09-10 18:00:34.421363+00,2026-09-10 19:38:55.334914+00,2026-09-10 18:00:44.904449+00,1,3,1,3,149084,284220,3065,13235
1789074710.087146,2250046,public,industry,197961,2026-09-10 21:11:49.993566+00,20177877,1812779,2026-09-10 21:11:49.993566+00,1805523,102,0,0,0,0,102,0,0,0,2026-09-10 19:24:23.445694+00,,2026-09-10 19:24:23.445963+00,2026-09-10 17:53:29.973725+00,1,0,1,1,1,0,1,3
1789074710.087146,2250017,public,exchange,1159591,2026-09-10 21:11:49.993566+00,3900698,1536,2026-09-10 20:54:53.872757+00,1152,4,28,0,28,0,4,28,28,0,2026-09-10 19:30:55.68249+00,,2026-09-10 19:30:55.682645+00,,1,0,1,0,1,0,1,0
1789074710.087146,2249901,public,cash_transaction,2,2026-09-10 19:00:28.999306+00,953848714,6967003,2026-09-10 21:11:49.993566+00,6831227,477243544,441743,0,40711,401032,477296477,431471,753865,319187,2026-09-10 19:30:52.298911+00,2026-09-10 17:59:35.711751+00,2026-09-10 19:30:55.445775+00,2026-09-10 18:00:57.043327+00,1,2,1,3,105990,228022,3126,22811
1789074710.087146,2249875,public,holding_summary,5,2026-09-10 18:36:33.052121+00,4476012,4141291,2026-09-10 21:11:49.993566+00,28772823,1493723,409411,1915,359067,50344,1492009,56315,38308,1719,2026-09-10 19:24:23.479998+00,2026-09-10 18:13:22.057298+00,2026-09-10 19:24:23.595668+00,2026-09-10 21:02:18.878562+00,1,1,1,3,30,365,113,2827
1789074710.087146,2249822,public,account_permission,2,2026-09-10 18:36:32.753413+00,425940,35517,2026-09-10 21:11:49.993566+00,35525,212970,9,0,0,9,212970,9,9,0,2026-09-10 19:29:04.927437+00,2026-09-10 17:53:19.299976+00,2026-09-10 19:29:05.05201+00,2026-09-10 17:53:19.497616+00,1,1,1,1,32,109,122,198
1789074710.087146,2249841,public,customer_account,4,2026-09-10 18:45:15.480553+00,600000,3029856,2026-09-10 21:11:49.993566+00,5082052,150000,319738,0,309137,10601,150000,11730,13243,0,2026-09-10 19:24:23.226634+00,2026-09-10 17:53:20.108136+00,2026-09-10 19:24:23.311106+00,2026-09-10 21:08:18.063174+00,1,1,1,18,12,77,84,7129
1789074710.087146,2250026,public,financial,2,2026-09-10 18:36:32.673292+00,600000,491971,2026-09-10 21:11:49.993566+00,9839382,300000,140,0,0,140,300000,140,140,0,2026-09-10 19:36:20.352757+00,2026-09-10 17:53:29.521608+00,2026-09-10 19:36:20.576514+00,2026-09-10 17:53:29.956687+00,1,1,1,1,57,322,207,435
1789074710.087146,2249830,public,customer,4,2026-09-10 18:39:19.245981+00,120000,2121644,2026-09-10 21:11:49.993566+00,2119595,30000,8,0,0,8,30000,8,8,0,2026-09-10 19:24:22.892301+00,2026-09-10 17:53:19.531775+00,2026-09-10 19:24:23.201268+00,2026-09-10 17:53:20.026228+00,1,1,1,1,59,26,305,495
1789074710.087146,2250121,public,zip_code,2,2026-09-10 18:36:32.586468+00,29482,985448,2026-09-10 21:11:49.993566+00,983910,14741,0,0,0,0,14741,0,0,0,2026-09-10 19:36:13.175189+00,2026-09-10 17:53:30.32548+00,2026-09-10 19:36:13.194698+00,2026-09-10 17:53:30.362036+00,1,1,1,1,1,41,20,31
1789074710.087146,2249929,public,settlement,2,2026-09-10 19:06:58.095243+00,1036800000,7386976,2026-09-10 21:11:49.993566+00,7386975,518748915,461540,0,76983,384557,518747735,436308,801057,348915,2026-09-10 19:38:55.40099+00,2026-09-10 19:38:47.513759+00,2026-09-10 19:38:59.2827+00,2026-09-10 19:38:51.103174+00,1,2,1,2,66,1872326,3881,5015
1789074710.087146,2250000,public,company_competitor,4,2026-09-10 18:39:19.241779+00,180000,491957,2026-09-10 21:11:49.993566+00,0,45000,0,0,0,0,45000,0,0,0,2026-09-10 19:29:04.853693+00,2026-09-10 17:53:22.019369+00,2026-09-10 19:29:04.892815+00,2026-09-10 17:53:22.073157+00,1,1,1,1,32,17,36,54
1789074710.087146,2250104,public,address,2,2026-09-10 18:36:32.586468+00,90008,985097,2026-09-10 21:11:49.993566+00,2214082,45004,9,0,0,9,45004,9,9,0,2026-09-10 19:36:13.198214+00,2026-09-10 17:53:30.143186+00,2026-09-10 19:36:13.272339+00,2026-09-10 17:53:30.265233+00,1,1,1,1,1,84,75,111
1789074710.087146,2249981,public,trade_type,4182490,2026-09-10 21:11:49.993566+00,14619395,3667,2026-09-10 20:55:34.986889+00,595,5,0,0,0,0,5,0,0,0,2026-09-10 19:30:55.686368+00,,2026-09-10 19:30:55.686494+00,,1,0,1,0,1,0,1,0
1789074710.087146,2250083,public,security,667628,2026-09-10 21:11:49.993566+00,13719755400,105923180,2026-09-10 21:11:49.993566+00,106489648,20550,7,0,0,7,20550,7,7,0,2026-09-10 19:24:23.322571+00,2026-09-10 17:56:48.546012+00,2026-09-10 19:24:23.441929+00,2026-09-10 17:56:48.782769+00,1,1,1,1,6,346,119,237
1789074770.176373,2249856,public,holding,3,2026-09-10 18:14:01.1438+00,53040828,790388,2026-09-10 21:12:50.121866+00,9157081,26719926,155555,230709,42014,113541,26530793,333340,462677,199512,2026-09-10 19:36:12.75693+00,2026-09-10 18:14:29.263615+00,2026-09-10 19:36:13.060392+00,2026-09-10 18:14:29.882987+00,1,1,1,1,45,7564,301,620
1789074770.176373,2250073,public,news_xref,3,2026-09-10 18:36:32.591284+00,90000,499073,2026-09-10 21:12:50.153445+00,16,30000,0,0,0,0,30000,0,0,0,2026-09-10 19:36:13.161571+00,2026-09-10 17:56:48.169274+00,2026-09-10 19:36:13.172374+00,2026-09-10 17:56:48.192926+00,1,1,1,1,3,164,11,24
1789074770.176373,2250006,public,daily_market,6,2026-09-10 18:14:00.82828+00,53635500,49922118,2026-09-10 21:12:50.153445+00,56383419,26817750,344,0,0,344,26824697,344,344,0,2026-09-10 19:36:21.896725+00,2026-09-10 17:53:30.461218+00,2026-09-10 19:36:22.185295+00,2026-09-10 17:53:31.195492+00,1,1,1,1,1254,8383,288,735
1789074770.176373,2250052,public,last_trade,2,2026-09-10 18:39:23.400642+00,41100,69573407,2026-09-10 21:12:50.153445+00,69573178,20550,687417,0,685229,2188,20550,3428,4392,0,2026-09-10 19:29:05.269132+00,2026-09-10 17:53:30.000417+00,2026-09-10 19:29:05.305716+00,2026-09-10 21:12:17.943989+00,1,1,1,90,3,12,36,7394
1789074770.176373,2250078,public,sector,171381,2026-09-10 21:12:50.153445+00,2056572,81020,2026-09-10 20:55:18.735157+00,81020,12,0,0,0,0,12,0,0,0,2026-09-10 19:24:23.444133+00,,2026-09-10 19:24:23.444255+00,,1,0,1,0,1,0,1,0
1789074770.176373,2250114,public,taxrate,183659,2026-09-10 21:12:50.072139+00,58770880,1320,2026-09-10 21:09:53.028436+00,744,320,7,0,4,3,320,3,7,0,2026-09-10 19:36:20.64208+00,,2026-09-10 19:36:20.642648+00,2026-09-10 17:53:30.277789+00,1,0,1,1,2,0,1,1
1789074770.176373,2249968,public,trade_request,174274,2026-09-10 21:12:50.153445+00,611953810,823668,2026-09-10 21:12:49.901179+00,389467,143768,0,138227,0,0,4072,973,1862,930,2026-09-10 19:29:04.821787+00,2026-09-10 21:12:17.818214+00,2026-09-10 19:29:04.822356+00,2026-09-10 21:12:17.854309+00,1,91,1,91,1,2653,1,2541
1789074770.176373,2249881,public,watch_item,4,2026-09-10 18:39:23.873407+00,8946495,383859,2026-09-10 21:12:50.153445+00,9219,2982165,7,0,0,7,2982165,7,7,0,2026-09-10 19:29:05.082092+00,2026-09-10 17:53:21.313017+00,2026-09-10 19:29:05.26188+00,2026-09-10 17:53:21.810508+00,1,1,1,1,2,959,180,498
1789074770.176373,2249962,public,trade_history,3,2026-09-10 19:16:53.853864+00,3732502353,8865324,2026-09-10 21:12:50.153445+00,21229488,1245034145,0,0,0,0,1245031947,21910,844784,866694,2026-09-10 19:29:02.442332+00,2026-09-10 17:56:39.748253+00,2026-09-10 19:29:04.819007+00,2026-09-10 17:56:46.054213+00,1,1,1,1,277842,64922,2377,6306
1789074770.176373,2249938,public,trade,18,2026-09-10 19:24:22.633472+00,7257600000,10708802,2026-09-10 21:12:50.153445+00,7160666992,518758948,1130747,0,220812,376923,518744784,914023,1384215,358948,2026-09-10 19:36:10.673673+00,2026-09-10 17:55:13.319747+00,2026-09-10 19:36:12.708234+00,2026-09-10 17:55:14.759594+00,1,1,1,1,313984,19670,2034,1440
1789074770.176373,2250109,public,status_type,2633219,2026-09-10 21:12:50.153445+00,8354552,1152,2026-09-10 20:54:55.224112+00,0,5,0,0,0,0,5,0,0,0,2026-09-10 19:24:23.446735+00,,2026-09-10 19:24:23.446839+00,,1,0,1,0,1,0,1,0
1789074770.176373,2249909,public,charge,358950,2026-09-10 21:12:50.153445+00,5384250,0,,0,15,0,0,0,0,15,0,0,0,2026-09-10 19:30:55.68781+00,,2026-09-10 19:30:55.688433+00,,1,0,1,0,1,0,1,0
1789074770.176373,2249988,public,company,5,2026-09-10 18:39:19.216232+00,75000,63656647,2026-09-10 21:12:50.153445+00,223161627,15000,8,0,0,8,15000,8,8,0,2026-09-10 19:36:13.092374+00,2026-09-10 17:53:21.882165+00,2026-09-10 19:36:13.156371+00,2026-09-10 17:53:21.992193+00,1,1,1,1,31,17,62,110
1789074770.176373,2250062,public,news_item,1,2026-09-10 18:13:01.013209+00,30000,996595,2026-09-10 21:12:50.153445+00,1009658,30000,14,0,0,14,30000,14,14,0,2026-09-10 19:36:13.288793+00,2026-09-10 17:56:47.547667+00,2026-09-10 19:36:20.294012+00,2026-09-10 17:56:47.994666+00,1,1,1,1,16,1484,143,447
1789074770.176373,2249891,public,broker,174147,2026-09-10 21:12:50.153445+00,52244100,1546805,2026-09-10 21:12:50.153445+00,1545583,300,359575,0,359575,0,300,54,2173,0,2026-09-10 19:24:23.448703+00,2026-09-10 21:06:17.796411+00,2026-09-10 19:38:59.555359+00,2026-09-10 21:12:17.952241+00,1,12,2,93,2,49,3,497
1789074770.176373,2249886,public,watch_list,4,2026-09-10 18:39:19.55136+00,120000,383861,2026-09-10 21:12:50.153445+00,383033,30000,0,0,0,0,30000,0,0,0,2026-09-10 19:29:05.065201+00,2026-09-10 17:53:21.830081+00,2026-09-10 19:29:05.076514+00,2026-09-10 17:53:21.851946+00,1,1,1,1,12,10,12,22
1789074770.176373,2249917,public,commission_rate,3,2026-09-10 18:36:32.553549+00,720,775328,2026-09-10 21:12:50.153445+00,1363577,240,0,0,0,0,240,0,0,0,2026-09-10 19:30:55.684574+00,,2026-09-10 19:30:55.685011+00,2026-09-10 17:53:21.85719+00,1,0,1,1,1,0,1,1
1789074770.176373,2249851,public,customer_taxrate,3,2026-09-10 18:39:19.221747+00,180000,58772103,2026-09-10 21:12:50.072139+00,5568,60000,8,0,0,8,60000,8,8,0,2026-09-10 19:36:20.607907+00,2026-09-10 17:53:20.297708+00,2026-09-10 19:36:20.638528+00,2026-09-10 17:53:20.350229+00,1,1,1,1,30,19,29,53
1789074770.176373,2249868,public,holding_history,8,2026-09-10 19:24:22.633472+00,2778954508,68140,2026-09-10 21:12:50.153445+00,151574,695324405,0,0,0,0,695190738,123101,462677,585778,2026-09-10 19:38:52.269828+00,2026-09-10 18:00:34.421363+00,2026-09-10 19:38:55.334914+00,2026-09-10 18:00:44.904449+00,1,3,1,3,149084,284220,3065,13235
1789074770.176373,2250046,public,industry,200282,2026-09-10 21:12:50.153445+00,20414619,1829506,2026-09-10 21:12:50.153445+00,1822200,102,0,0,0,0,102,0,0,0,2026-09-10 19:24:23.445694+00,,2026-09-10 19:24:23.445963+00,2026-09-10 17:53:29.973725+00,1,0,1,1,1,0,1,3
1789074770.176373,2250017,public,exchange,1172753,2026-09-10 21:12:50.153445+00,3945158,1536,2026-09-10 20:54:53.872757+00,1152,4,32,0,32,0,4,32,32,0,2026-09-10 19:30:55.68249+00,,2026-09-10 19:30:55.682645+00,,1,0,1,0,1,0,1,0
1789074770.176373,2249901,public,cash_transaction,2,2026-09-10 19:00:28.999306+00,953848714,7046828,2026-09-10 21:12:50.153445+00,6909515,477247304,446827,0,41492,405335,477300189,436169,762661,322947,2026-09-10 19:30:52.298911+00,2026-09-10 17:59:35.711751+00,2026-09-10 19:30:55.445775+00,2026-09-10 18:00:57.043327+00,1,2,1,3,105990,228022,3126,22811
1789074770.176373,2249875,public,holding_summary,5,2026-09-10 18:36:33.052121+00,4476012,4188379,2026-09-10 21:12:50.153445+00,29097727,1493738,414161,1936,363540,50621,1492006,56587,42331,1734,2026-09-10 19:24:23.479998+00,2026-09-10 18:13:22.057298+00,2026-09-10 19:24:23.595668+00,2026-09-10 21:02:18.878562+00,1,1,1,3,30,365,113,2827
1789074770.176373,2249822,public,account_permission,2,2026-09-10 18:36:32.753413+00,425940,35923,2026-09-10 21:12:50.153445+00,35931,212970,9,0,0,9,212970,9,9,0,2026-09-10 19:29:04.927437+00,2026-09-10 17:53:19.299976+00,2026-09-10 19:29:05.05201+00,2026-09-10 17:53:19.497616+00,1,1,1,1,32,109,122,198
1789074770.176373,2249841,public,customer_account,4,2026-09-10 18:45:15.480553+00,600000,3064486,2026-09-10 21:12:50.153445+00,5139926,150000,323503,0,312870,10633,150000,11781,16955,0,2026-09-10 19:24:23.226634+00,2026-09-10 17:53:20.108136+00,2026-09-10 19:24:23.311106+00,2026-09-10 21:08:18.063174+00,1,1,1,18,12,77,84,7129
1789074770.176373,2250026,public,financial,2,2026-09-10 18:36:32.673292+00,600000,497530,2026-09-10 21:12:50.153445+00,9950562,300000,140,0,0,140,300000,140,140,0,2026-09-10 19:36:20.352757+00,2026-09-10 17:53:29.521608+00,2026-09-10 19:36:20.576514+00,2026-09-10 17:53:29.956687+00,1,1,1,1,57,322,207,435
1789074770.176373,2249830,public,customer,4,2026-09-10 18:39:19.245981+00,120000,2145742,2026-09-10 21:12:50.153445+00,2143693,30000,8,0,0,8,30000,8,8,0,2026-09-10 19:24:22.892301+00,2026-09-10 17:53:19.531775+00,2026-09-10 19:24:23.201268+00,2026-09-10 17:53:20.026228+00,1,1,1,1,59,26,305,495
1789074770.176373,2250121,public,zip_code,2,2026-09-10 18:36:32.586468+00,29482,996566,2026-09-10 21:12:50.153445+00,995028,14741,0,0,0,0,14741,0,0,0,2026-09-10 19:36:13.175189+00,2026-09-10 17:53:30.32548+00,2026-09-10 19:36:13.194698+00,2026-09-10 17:53:30.362036+00,1,1,1,1,1,41,20,31
1789074770.176373,2249929,public,settlement,2,2026-09-10 19:06:58.095243+00,1036800000,7472592,2026-09-10 21:12:50.153445+00,7472591,518753003,467300,0,78233,389067,518751758,441366,810840,353003,2026-09-10 19:38:55.40099+00,2026-09-10 19:38:47.513759+00,2026-09-10 19:38:59.2827+00,2026-09-10 19:38:51.103174+00,1,2,1,2,66,1872326,3881,5015
1789074770.176373,2250000,public,company_competitor,4,2026-09-10 18:39:19.241779+00,180000,497516,2026-09-10 21:12:50.153445+00,0,45000,0,0,0,0,45000,0,0,0,2026-09-10 19:29:04.853693+00,2026-09-10 17:53:22.019369+00,2026-09-10 19:29:04.892815+00,2026-09-10 17:53:22.073157+00,1,1,1,1,32,17,36,54
1789074770.176373,2250104,public,address,2,2026-09-10 18:36:32.586468+00,90008,996215,2026-09-10 21:12:50.153445+00,2239248,45004,9,0,0,9,45004,9,9,0,2026-09-10 19:36:13.198214+00,2026-09-10 17:53:30.143186+00,2026-09-10 19:36:13.272339+00,2026-09-10 17:53:30.265233+00,1,1,1,1,1,84,75,111
1789074770.176373,2249981,public,trade_type,4229323,2026-09-10 21:12:50.153445+00,14785048,3667,2026-09-10 20:55:34.986889+00,595,5,0,0,0,0,5,0,0,0,2026-09-10 19:30:55.686368+00,,2026-09-10 19:30:55.686494+00,,1,0,1,0,1,0,1,0
1789074770.176373,2250083,public,security,675229,2026-09-10 21:12:50.153445+00,13875955950,107247534,2026-09-10 21:12:50.153445+00,107821079,20550,7,0,0,7,20550,7,7,0,2026-09-10 19:24:23.322571+00,2026-09-10 17:56:48.546012+00,2026-09-10 19:24:23.441929+00,2026-09-10 17:56:48.782769+00,1,1,1,1,6,346,119,237
1789074830.307772,2249856,public,holding,3,2026-09-10 18:14:01.1438+00,53040828,799766,2026-09-10 21:13:50.291391+00,9266933,26722316,157348,233444,42897,114451,26530852,337067,468272,201902,2026-09-10 19:36:12.75693+00,2026-09-10 18:14:29.263615+00,2026-09-10 19:36:13.060392+00,2026-09-10 18:14:29.882987+00,1,1,1,1,45,7564,301,620
1789074830.307772,2250073,public,news_xref,3,2026-09-10 18:36:32.591284+00,90000,504904,2026-09-10 21:13:50.291391+00,16,30000,0,0,0,0,30000,0,0,0,2026-09-10 19:36:13.161571+00,2026-09-10 17:56:48.169274+00,2026-09-10 19:36:13.172374+00,2026-09-10 17:56:48.192926+00,1,1,1,1,3,164,11,24
1789074830.307772,2250006,public,daily_market,6,2026-09-10 18:14:00.82828+00,53635500,50492462,2026-09-10 21:13:50.291391+00,56939550,26817750,344,0,0,344,26824697,344,344,0,2026-09-10 19:36:21.896725+00,2026-09-10 17:53:30.461218+00,2026-09-10 19:36:22.185295+00,2026-09-10 17:53:31.195492+00,1,1,1,1,1254,8383,288,735
1789074830.307772,2250052,public,last_trade,2,2026-09-10 18:39:23.400642+00,41100,70372661,2026-09-10 21:13:50.291391+00,70372432,20550,695721,0,693532,2189,20550,3446,4399,0,2026-09-10 19:29:05.269132+00,2026-09-10 17:53:30.000417+00,2026-09-10 19:29:05.305716+00,2026-09-10 21:13:18.242523+00,1,1,1,91,3,12,36,7481
1789074830.307772,2250078,public,sector,173408,2026-09-10 21:13:50.291391+00,2080896,81020,2026-09-10 20:55:18.735157+00,81020,12,0,0,0,0,12,0,0,0,2026-09-10 19:24:23.444133+00,,2026-09-10 19:24:23.444255+00,,1,0,1,0,1,0,1,0
1789074830.307772,2250114,public,taxrate,185867,2026-09-10 21:13:50.291391+00,59477440,1320,2026-09-10 21:09:53.028436+00,744,320,7,0,4,3,320,3,7,0,2026-09-10 19:36:20.64208+00,,2026-09-10 19:36:20.642648+00,2026-09-10 17:53:30.277789+00,1,0,1,1,2,0,1,1
1789074830.307772,2249968,public,trade_request,176301,2026-09-10 21:13:50.291391+00,620265840,833640,2026-09-10 21:13:50.196856+00,394376,145408,0,139845,0,0,4115,874,1735,871,2026-09-10 19:29:04.821787+00,2026-09-10 21:13:18.135712+00,2026-09-10 19:29:04.822356+00,2026-09-10 21:13:18.154567+00,1,92,1,92,1,2676,1,2560
1789074830.307772,2249881,public,watch_item,4,2026-09-10 18:39:23.873407+00,8946495,388204,2026-09-10 21:13:50.291391+00,9380,2982165,7,0,0,7,2982165,7,7,0,2026-09-10 19:29:05.082092+00,2026-09-10 17:53:21.313017+00,2026-09-10 19:29:05.26188+00,2026-09-10 17:53:21.810508+00,1,1,1,1,2,959,180,498
1789074830.307772,2249962,public,trade_history,3,2026-09-10 19:16:53.853864+00,3732502353,8968394,2026-09-10 21:13:50.291391+00,21476969,1245044330,0,0,0,0,1245041894,22148,854731,876879,2026-09-10 19:29:02.442332+00,2026-09-10 17:56:39.748253+00,2026-09-10 19:29:04.819007+00,2026-09-10 17:56:46.054213+00,1,1,1,1,277842,64922,2377,6306
1789074830.307772,2249938,public,trade,18,2026-09-10 19:24:22.633472+00,7257600000,10835044,2026-09-10 21:13:50.291391+00,7244307062,518763136,1144168,0,224180,380557,518748935,924211,1400605,363136,2026-09-10 19:36:10.673673+00,2026-09-10 17:55:13.319747+00,2026-09-10 19:36:12.708234+00,2026-09-10 17:55:14.759594+00,1,1,1,1,313984,19670,2034,1440
1789074830.307772,2250109,public,status_type,2664189,2026-09-10 21:13:50.291391+00,8451795,1152,2026-09-10 20:54:55.224112+00,0,5,0,0,0,0,5,0,0,0,2026-09-10 19:24:23.446735+00,,2026-09-10 19:24:23.446839+00,,1,0,1,0,1,0,1,0
1789074830.307772,2249909,public,charge,363138,2026-09-10 21:13:50.291391+00,5447070,0,,0,15,0,0,0,0,15,0,0,0,2026-09-10 19:30:55.68781+00,,2026-09-10 19:30:55.688433+00,,1,0,1,0,1,0,1,0
1789074830.307772,2249988,public,company,5,2026-09-10 18:39:19.216232+00,75000,64516393,2026-09-10 21:13:50.291391+00,225885950,15000,8,0,0,8,15000,8,8,0,2026-09-10 19:36:13.092374+00,2026-09-10 17:53:21.882165+00,2026-09-10 19:36:13.156371+00,2026-09-10 17:53:21.992193+00,1,1,1,1,31,17,62,110
1789074830.307772,2250062,public,news_item,1,2026-09-10 18:13:01.013209+00,30000,1008257,2026-09-10 21:13:50.291391+00,1021320,30000,14,0,0,14,30000,14,14,0,2026-09-10 19:36:13.288793+00,2026-09-10 17:56:47.547667+00,2026-09-10 19:36:20.294012+00,2026-09-10 17:56:47.994666+00,1,1,1,1,16,1484,143,447
1789074830.307772,2249891,public,broker,176174,2026-09-10 21:13:50.291391+00,52852200,1564974,2026-09-10 21:13:50.291391+00,1563745,300,363933,0,363933,0,300,80,2214,0,2026-09-10 19:24:23.448703+00,2026-09-10 21:06:17.796411+00,2026-09-10 19:38:59.555359+00,2026-09-10 21:13:18.246754+00,1,12,2,94,2,49,3,500
1789074830.307772,2249886,public,watch_list,4,2026-09-10 18:39:19.55136+00,120000,388206,2026-09-10 21:13:50.291391+00,387378,30000,0,0,0,0,30000,0,0,0,2026-09-10 19:29:05.065201+00,2026-09-10 17:53:21.830081+00,2026-09-10 19:29:05.076514+00,2026-09-10 17:53:21.851946+00,1,1,1,1,12,10,12,22
1789074830.307772,2249917,public,commission_rate,3,2026-09-10 18:36:32.553549+00,720,784526,2026-09-10 21:13:50.291391+00,1379697,240,0,0,0,0,240,0,0,0,2026-09-10 19:30:55.684574+00,,2026-09-10 19:30:55.685011+00,2026-09-10 17:53:21.85719+00,1,0,1,1,1,0,1,1
1789074830.307772,2249851,public,customer_taxrate,3,2026-09-10 18:39:19.221747+00,180000,59478663,2026-09-10 21:13:50.291391+00,5695,60000,8,0,0,8,60000,8,8,0,2026-09-10 19:36:20.607907+00,2026-09-10 17:53:20.297708+00,2026-09-10 19:36:20.638528+00,2026-09-10 17:53:20.350229+00,1,1,1,1,30,19,29,53
1789074830.307772,2249868,public,holding_history,8,2026-09-10 19:24:22.633472+00,2778954508,68873,2026-09-10 21:13:50.291391+00,153203,695331323,0,0,0,0,695196333,124424,468272,592696,2026-09-10 19:38:52.269828+00,2026-09-10 18:00:34.421363+00,2026-09-10 19:38:55.334914+00,2026-09-10 18:00:44.904449+00,1,3,1,3,149084,284220,3065,13235
1789074830.307772,2250046,public,industry,202682,2026-09-10 21:13:50.291391+00,20659419,1847049,2026-09-10 21:13:50.291391+00,1839693,102,0,0,0,0,102,0,0,0,2026-09-10 19:24:23.445694+00,,2026-09-10 19:24:23.445963+00,2026-09-10 17:53:29.973725+00,1,0,1,1,1,0,1,3
1789074830.307772,2250017,public,exchange,1186458,2026-09-10 21:13:50.291391+00,3991338,1536,2026-09-10 20:54:53.872757+00,1152,4,32,0,32,0,4,32,32,0,2026-09-10 19:30:55.68249+00,,2026-09-10 19:30:55.682645+00,,1,0,1,0,1,0,1,0
1789074830.307772,2249901,public,cash_transaction,2,2026-09-10 19:00:28.999306+00,953848714,7128592,2026-09-10 21:13:50.291391+00,6989702,477251249,451945,0,42297,409648,477304071,440914,771661,326892,2026-09-10 19:30:52.298911+00,2026-09-10 17:59:35.711751+00,2026-09-10 19:30:55.445775+00,2026-09-10 18:00:57.043327+00,1,2,1,3,105990,228022,3126,22811
1789074830.307772,2249875,public,holding_summary,5,2026-09-10 18:36:33.052121+00,4476012,4237757,2026-09-10 21:13:50.291391+00,29438422,1493751,419154,1952,368253,50901,1492005,56847,46509,1747,2026-09-10 19:24:23.479998+00,2026-09-10 18:13:22.057298+00,2026-09-10 19:24:23.595668+00,2026-09-10 21:02:18.878562+00,1,1,1,3,30,365,113,2827
1789074830.307772,2249822,public,account_permission,2,2026-09-10 18:36:32.753413+00,425940,36325,2026-09-10 21:13:50.276121+00,36333,212970,9,0,0,9,212970,9,9,0,2026-09-10 19:29:04.927437+00,2026-09-10 17:53:19.299976+00,2026-09-10 19:29:05.05201+00,2026-09-10 17:53:19.497616+00,1,1,1,1,32,109,122,198
1789074830.307772,2249841,public,customer_account,4,2026-09-10 18:45:15.480553+00,600000,3100805,2026-09-10 21:13:50.291391+00,5200517,150000,327460,0,316792,10668,150000,11842,2077,0,2026-09-10 19:24:23.226634+00,2026-09-10 17:53:20.108136+00,2026-09-10 19:24:23.311106+00,2026-09-10 21:13:18.110112+00,1,1,1,19,12,77,84,7535
1789074830.307772,2250026,public,financial,2,2026-09-10 18:36:32.673292+00,600000,503363,2026-09-10 21:13:50.291391+00,10067222,300000,160,0,0,160,300000,160,160,0,2026-09-10 19:36:20.352757+00,2026-09-10 17:53:29.521608+00,2026-09-10 19:36:20.576514+00,2026-09-10 17:53:29.956687+00,1,1,1,1,57,322,207,435
1789074830.307772,2249830,public,customer,4,2026-09-10 18:39:19.245981+00,120000,2170963,2026-09-10 21:13:50.291391+00,2168866,30000,8,0,0,8,30000,8,8,0,2026-09-10 19:24:22.892301+00,2026-09-10 17:53:19.531775+00,2026-09-10 19:24:23.201268+00,2026-09-10 17:53:20.026228+00,1,1,1,1,59,26,305,495
1789074830.307772,2250121,public,zip_code,2,2026-09-10 18:36:32.586468+00,29482,1008228,2026-09-10 21:13:50.291391+00,1006690,14741,0,0,0,0,14741,0,0,0,2026-09-10 19:36:13.175189+00,2026-09-10 17:53:30.32548+00,2026-09-10 19:36:13.194698+00,2026-09-10 17:53:30.362036+00,1,1,1,1,1,41,20,31
1789074830.307772,2249929,public,settlement,2,2026-09-10 19:06:58.095243+00,1036800000,7558732,2026-09-10 21:13:50.291391+00,7558731,518757274,472420,0,79345,393075,518755936,445814,820138,357274,2026-09-10 19:38:55.40099+00,2026-09-10 19:38:47.513759+00,2026-09-10 19:38:59.2827+00,2026-09-10 19:38:51.103174+00,1,2,1,2,66,1872326,3881,5015
1789074830.307772,2250000,public,company_competitor,4,2026-09-10 18:39:19.241779+00,180000,503347,2026-09-10 21:13:50.291391+00,0,45000,0,0,0,0,45000,0,0,0,2026-09-10 19:29:04.853693+00,2026-09-10 17:53:22.019369+00,2026-09-10 19:29:04.892815+00,2026-09-10 17:53:22.073157+00,1,1,1,1,32,17,36,54
1789074830.307772,2250104,public,address,2,2026-09-10 18:36:32.586468+00,90008,1007877,2026-09-10 21:13:50.291391+00,2265594,45004,9,0,0,9,45004,9,9,0,2026-09-10 19:36:13.198214+00,2026-09-10 17:53:30.143186+00,2026-09-10 19:36:13.272339+00,2026-09-10 17:53:30.265233+00,1,1,1,1,1,84,75,111
1789074830.307772,2249981,public,trade_type,4278979,2026-09-10 21:13:50.291391+00,14958362,3667,2026-09-10 20:55:34.986889+00,595,5,0,0,0,0,5,0,0,0,2026-09-10 19:30:55.686368+00,,2026-09-10 19:30:55.686494+00,,1,0,1,0,1,0,1,0
1789074830.307772,2250083,public,security,683103,2026-09-10 21:13:50.291391+00,14037766650,108603898,2026-09-10 21:13:50.291391+00,109184169,20550,7,0,0,7,20550,7,7,0,2026-09-10 19:24:23.322571+00,2026-09-10 17:56:48.546012+00,2026-09-10 19:24:23.441929+00,2026-09-10 17:56:48.782769+00,1,1,1,1,6,346,119,237
1789074890.361899,2249856,public,holding,3,2026-09-10 18:14:01.1438+00,53040828,808823,2026-09-10 21:14:50.373363+00,9372035,26724739,159156,236006,43825,115331,26531118,340619,473735,204325,2026-09-10 19:36:12.75693+00,2026-09-10 18:14:29.263615+00,2026-09-10 19:36:13.060392+00,2026-09-10 18:14:29.882987+00,1,1,1,1,45,7564,301,620
1789074890.361899,2250073,public,news_xref,3,2026-09-10 18:36:32.591284+00,90000,510828,2026-09-10 21:14:50.373363+00,18,30000,0,0,0,0,30000,0,0,0,2026-09-10 19:36:13.161571+00,2026-09-10 17:56:48.169274+00,2026-09-10 19:36:13.172374+00,2026-09-10 17:56:48.192926+00,1,1,1,1,3,164,11,24
1789074890.361899,2250006,public,daily_market,6,2026-09-10 18:14:00.82828+00,53635500,51092759,2026-09-10 21:14:50.373363+00,57525532,26817750,344,0,0,344,26824697,344,344,0,2026-09-10 19:36:21.896725+00,2026-09-10 17:53:30.461218+00,2026-09-10 19:36:22.185295+00,2026-09-10 17:53:31.195492+00,1,1,1,1,1254,8383,288,735
1789074890.361899,2250052,public,last_trade,2,2026-09-10 18:39:23.400642+00,41100,71200161,2026-09-10 21:14:50.373363+00,71199932,20550,704038,0,701848,2190,20550,3441,4543,0,2026-09-10 19:29:05.269132+00,2026-09-10 17:53:30.000417+00,2026-09-10 19:29:05.305716+00,2026-09-10 21:14:17.856963+00,1,1,1,92,3,12,36,7561
1789074890.361899,2250078,public,sector,175443,2026-09-10 21:14:50.373363+00,2105316,81020,2026-09-10 20:55:18.735157+00,81020,12,0,0,0,0,12,0,0,0,2026-09-10 19:24:23.444133+00,,2026-09-10 19:24:23.444255+00,,1,0,1,0,1,0,1,0
1789074890.361899,2250114,public,taxrate,188032,2026-09-10 21:14:50.215361+00,60170240,1320,2026-09-10 21:09:53.028436+00,744,320,7,0,4,3,320,3,7,0,2026-09-10 19:36:20.64208+00,,2026-09-10 19:36:20.642648+00,2026-09-10 17:53:30.277789+00,1,0,1,1,2,0,1,1
1789074890.361899,2249968,public,trade_request,178336,2026-09-10 21:14:50.373363+00,628604145,843686,2026-09-10 21:14:50.063779+00,399411,147116,0,141520,0,0,4104,928,1836,930,2026-09-10 19:29:04.821787+00,2026-09-10 21:14:17.748444+00,2026-09-10 19:29:04.822356+00,2026-09-10 21:14:17.774119+00,1,93,1,93,1,2709,1,2586
1789074890.361899,2249881,public,watch_item,4,2026-09-10 18:39:23.873407+00,8946495,392771,2026-09-10 21:14:50.373363+00,9973,2982165,7,0,0,7,2982165,7,7,0,2026-09-10 19:29:05.082092+00,2026-09-10 17:53:21.313017+00,2026-09-10 19:29:05.26188+00,2026-09-10 17:53:21.810508+00,1,1,1,1,2,959,180,498
1789074890.361899,2249962,public,trade_history,3,2026-09-10 19:16:53.853864+00,3732502353,9071884,2026-09-10 21:14:50.373363+00,21725324,1245054520,0,0,0,0,1245051868,22364,864705,887069,2026-09-10 19:29:02.442332+00,2026-09-10 17:56:39.748253+00,2026-09-10 19:29:04.819007+00,2026-09-10 17:56:46.054213+00,1,1,1,1,277842,64922,2377,6306
1789074890.361899,2249938,public,trade,18,2026-09-10 19:24:22.633472+00,7257600000,10960173,2026-09-10 21:14:50.373363+00,7327786831,518767334,1157439,0,227482,384115,518753094,934122,1416898,367334,2026-09-10 19:36:10.673673+00,2026-09-10 17:55:13.319747+00,2026-09-10 19:36:12.708234+00,2026-09-10 17:55:14.759594+00,1,1,1,1,313984,19670,2034,1440
1789074890.361899,2250109,public,status_type,2695165,2026-09-10 21:14:50.373363+00,8549462,1152,2026-09-10 20:54:55.224112+00,0,5,0,0,0,0,5,0,0,0,2026-09-10 19:24:23.446735+00,,2026-09-10 19:24:23.446839+00,,1,0,1,0,1,0,1,0
1789074890.361899,2249909,public,charge,367336,2026-09-10 21:14:50.373363+00,5510040,0,,0,15,0,0,0,0,15,0,0,0,2026-09-10 19:30:55.68781+00,,2026-09-10 19:30:55.688433+00,,1,0,1,0,1,0,1,0
1789074890.361899,2249988,public,company,5,2026-09-10 18:39:19.216232+00,75000,65380088,2026-09-10 21:14:50.373363+00,228714198,15000,8,0,0,8,15000,8,8,0,2026-09-10 19:36:13.092374+00,2026-09-10 17:53:21.882165+00,2026-09-10 19:36:13.156371+00,2026-09-10 17:53:21.992193+00,1,1,1,1,31,17,62,110
1789074890.361899,2250062,public,news_item,1,2026-09-10 18:13:01.013209+00,30000,1020103,2026-09-10 21:14:50.373363+00,1033164,30000,16,0,0,16,30000,16,16,0,2026-09-10 19:36:13.288793+00,2026-09-10 17:56:47.547667+00,2026-09-10 19:36:20.294012+00,2026-09-10 17:56:47.994666+00,1,1,1,1,16,1484,143,447
1789074890.361899,2249891,public,broker,178209,2026-09-10 21:14:50.373363+00,53462700,1583158,2026-09-10 21:14:50.373363+00,1581917,300,368222,0,368222,0,300,31,2241,0,2026-09-10 19:24:23.448703+00,2026-09-10 21:06:17.796411+00,2026-09-10 19:38:59.555359+00,2026-09-10 21:14:17.871901+00,1,12,2,95,2,49,3,512
1789074890.361899,2249886,public,watch_list,4,2026-09-10 18:39:19.55136+00,120000,392773,2026-09-10 21:14:50.373363+00,391945,30000,0,0,0,0,30000,0,0,0,2026-09-10 19:29:05.065201+00,2026-09-10 17:53:21.830081+00,2026-09-10 19:29:05.076514+00,2026-09-10 17:53:21.851946+00,1,1,1,1,12,10,12,22
1789074890.361899,2249917,public,commission_rate,3,2026-09-10 18:36:32.553549+00,720,793668,2026-09-10 21:14:50.373363+00,1395774,240,0,0,0,0,240,0,0,0,2026-09-10 19:30:55.684574+00,,2026-09-10 19:30:55.685011+00,2026-09-10 17:53:21.85719+00,1,0,1,1,1,0,1,1
1789074890.361899,2249851,public,customer_taxrate,3,2026-09-10 18:39:19.221747+00,180000,60171463,2026-09-10 21:14:50.215361+00,5785,60000,8,0,0,8,60000,8,8,0,2026-09-10 19:36:20.607907+00,2026-09-10 17:53:20.297708+00,2026-09-10 19:36:20.638528+00,2026-09-10 17:53:20.350229+00,1,1,1,1,30,19,29,53
1789074890.361899,2249868,public,holding_history,8,2026-09-10 19:24:22.633472+00,2778954508,69679,2026-09-10 21:14:50.215361+00,155023,695338116,0,0,0,0,695201796,125754,473735,599489,2026-09-10 19:38:52.269828+00,2026-09-10 18:00:34.421363+00,2026-09-10 19:38:55.334914+00,2026-09-10 18:00:44.904449+00,1,3,1,3,149084,284220,3065,13235
1789074890.361899,2250046,public,industry,205110,2026-09-10 21:14:50.373363+00,20907075,1864866,2026-09-10 21:14:50.373363+00,1857456,102,0,0,0,0,102,0,0,0,2026-09-10 19:24:23.445694+00,,2026-09-10 19:24:23.445963+00,2026-09-10 17:53:29.973725+00,1,0,1,1,1,0,1,3
1789074890.361899,2250017,public,exchange,1200297,2026-09-10 21:14:50.373363+00,4037774,1536,2026-09-10 20:54:53.872757+00,1152,4,32,0,32,0,4,32,32,0,2026-09-10 19:30:55.68249+00,,2026-09-10 19:30:55.682645+00,,1,0,1,0,1,0,1,0
1789074890.361899,2249901,public,cash_transaction,2,2026-09-10 19:00:28.999306+00,953848714,7211621,2026-09-10 21:14:50.373363+00,7071202,477255090,457281,0,43195,414086,477307851,445866,780777,330733,2026-09-10 19:30:52.298911+00,2026-09-10 17:59:35.711751+00,2026-09-10 19:30:55.445775+00,2026-09-10 18:00:57.043327+00,1,2,1,3,105990,228022,3126,22811
1789074890.361899,2249875,public,holding_summary,5,2026-09-10 18:36:33.052121+00,4476012,4286821,2026-09-10 21:14:50.373363+00,29777881,1493774,424052,1986,372877,51175,1492002,57332,50649,1770,2026-09-10 19:24:23.479998+00,2026-09-10 18:13:22.057298+00,2026-09-10 19:24:23.595668+00,2026-09-10 21:02:18.878562+00,1,1,1,3,30,365,113,2827
1789074890.361899,2249822,public,account_permission,2,2026-09-10 18:36:32.753413+00,425940,36739,2026-09-10 21:14:50.373363+00,36747,212970,9,0,0,9,212970,9,9,0,2026-09-10 19:29:04.927437+00,2026-09-10 17:53:19.299976+00,2026-09-10 19:29:05.05201+00,2026-09-10 17:53:19.497616+00,1,1,1,1,32,109,122,198
1789074890.361899,2249841,public,customer_account,4,2026-09-10 18:45:15.480553+00,600000,3136909,2026-09-10 21:14:50.373363+00,5260714,150000,331305,0,320607,10698,150000,11890,5857,0,2026-09-10 19:24:23.226634+00,2026-09-10 17:53:20.108136+00,2026-09-10 19:24:23.311106+00,2026-09-10 21:13:18.110112+00,1,1,1,19,12,77,84,7535
1789074890.361899,2250026,public,financial,2,2026-09-10 18:36:32.673292+00,600000,509284,2026-09-10 21:14:50.373363+00,10185642,300000,160,0,0,160,300000,160,160,0,2026-09-10 19:36:20.352757+00,2026-09-10 17:53:29.521608+00,2026-09-10 19:36:20.576514+00,2026-09-10 17:53:29.956687+00,1,1,1,1,57,322,207,435
1789074890.361899,2249830,public,customer,4,2026-09-10 18:39:19.245981+00,120000,2196050,2026-09-10 21:14:50.373363+00,2193953,30000,8,0,0,8,30000,8,8,0,2026-09-10 19:24:22.892301+00,2026-09-10 17:53:19.531775+00,2026-09-10 19:24:23.201268+00,2026-09-10 17:53:20.026228+00,1,1,1,1,59,26,305,495
1789074890.361899,2250121,public,zip_code,2,2026-09-10 18:36:32.586468+00,29482,1020070,2026-09-10 21:14:50.373363+00,1018532,14741,0,0,0,0,14741,0,0,0,2026-09-10 19:36:13.175189+00,2026-09-10 17:53:30.32548+00,2026-09-10 19:36:13.194698+00,2026-09-10 17:53:30.362036+00,1,1,1,1,1,41,20,31
1789074890.361899,2249929,public,settlement,2,2026-09-10 19:06:58.095243+00,1036800000,7647212,2026-09-10 21:14:50.373363+00,7647211,518761491,478240,0,80650,397590,518760076,450963,830098,361491,2026-09-10 19:38:55.40099+00,2026-09-10 19:38:47.513759+00,2026-09-10 19:38:59.2827+00,2026-09-10 19:38:51.103174+00,1,2,1,2,66,1872326,3881,5015
1789074890.361899,2250000,public,company_competitor,4,2026-09-10 18:39:19.241779+00,180000,509268,2026-09-10 21:14:50.373363+00,0,45000,0,0,0,0,45000,0,0,0,2026-09-10 19:29:04.853693+00,2026-09-10 17:53:22.019369+00,2026-09-10 19:29:04.892815+00,2026-09-10 17:53:22.073157+00,1,1,1,1,32,17,36,54
1789074890.361899,2250104,public,address,2,2026-09-10 18:36:32.586468+00,90008,1019719,2026-09-10 21:14:50.373363+00,2292200,45004,9,0,0,9,45004,9,9,0,2026-09-10 19:36:13.198214+00,2026-09-10 17:53:30.143186+00,2026-09-10 19:36:13.272339+00,2026-09-10 17:53:30.265233+00,1,1,1,1,1,84,75,111
1789074890.361899,2249981,public,trade_type,4328697,2026-09-10 21:14:50.373363+00,15132675,3667,2026-09-10 20:55:34.986889+00,595,5,0,0,0,0,5,0,0,0,2026-09-10 19:30:55.686368+00,,2026-09-10 19:30:55.686494+00,,1,0,1,0,1,0,1,0
1789074890.361899,2250083,public,security,691021,2026-09-10 21:14:50.373363+00,14200481550,109992601,2026-09-10 21:14:50.373363+00,110579689,20550,7,0,0,7,20550,7,7,0,2026-09-10 19:24:23.322571+00,2026-09-10 17:56:48.546012+00,2026-09-10 19:24:23.441929+00,2026-09-10 17:56:48.782769+00,1,1,1,1,6,346,119,237
1789074950.491456,2249856,public,holding,3,2026-09-10 18:14:01.1438+00,53040828,817789,2026-09-10 21:15:50.370561+00,9475407,26727232,160901,238670,44707,116194,26531368,344236,479143,206818,2026-09-10 19:36:12.75693+00,2026-09-10 18:14:29.263615+00,2026-09-10 19:36:13.060392+00,2026-09-10 18:14:29.882987+00,1,1,1,1,45,7564,301,620
1789074950.491456,2250073,public,news_xref,3,2026-09-10 18:36:32.591284+00,90000,516398,2026-09-10 21:15:50.552469+00,18,30000,0,0,0,0,30000,0,0,0,2026-09-10 19:36:13.161571+00,2026-09-10 17:56:48.169274+00,2026-09-10 19:36:13.172374+00,2026-09-10 17:56:48.192926+00,1,1,1,1,3,164,11,24
1789074950.491456,2250006,public,daily_market,6,2026-09-10 18:14:00.82828+00,53635500,51663097,2026-09-10 21:15:50.552469+00,58082302,26817750,344,0,0,344,26824697,344,344,0,2026-09-10 19:36:21.896725+00,2026-09-10 17:53:30.461218+00,2026-09-10 19:36:22.185295+00,2026-09-10 17:53:31.195492+00,1,1,1,1,1254,8383,288,735
1789074950.491456,2250052,public,last_trade,2,2026-09-10 18:39:23.400642+00,41100,71994919,2026-09-10 21:15:50.552469+00,71994690,20550,712276,0,710084,2192,20550,3483,4556,0,2026-09-10 19:29:05.269132+00,2026-09-10 17:53:30.000417+00,2026-09-10 19:29:05.305716+00,2026-09-10 21:15:17.935044+00,1,1,1,93,3,12,36,7645
1789074950.491456,2250078,public,sector,177401,2026-09-10 21:15:50.552469+00,2128812,81020,2026-09-10 20:55:18.735157+00,81020,12,0,0,0,0,12,0,0,0,2026-09-10 19:24:23.444133+00,,2026-09-10 19:24:23.444255+00,,1,0,1,0,1,0,1,0
1789074950.491456,2250114,public,taxrate,190022,2026-09-10 21:15:50.325518+00,60807040,1320,2026-09-10 21:09:53.028436+00,744,320,7,0,4,3,320,3,7,0,2026-09-10 19:36:20.64208+00,,2026-09-10 19:36:20.642648+00,2026-09-10 17:53:30.277789+00,1,0,1,1,2,0,1,1
1789074950.491456,2249968,public,trade_request,180294,2026-09-10 21:15:50.552469+00,636555710,853645,2026-09-10 21:15:50.288142+00,404384,148731,0,143189,0,0,4030,934,1806,909,2026-09-10 19:29:04.821787+00,2026-09-10 21:15:17.815902+00,2026-09-10 19:29:04.822356+00,2026-09-10 21:15:17.84872+00,1,94,1,94,1,2807,1,2617
1789074950.491456,2249881,public,watch_item,4,2026-09-10 18:39:23.873407+00,8946495,397117,2026-09-10 21:15:50.552469+00,10512,2982165,7,0,0,7,2982165,7,7,0,2026-09-10 19:29:05.082092+00,2026-09-10 17:53:21.313017+00,2026-09-10 19:29:05.26188+00,2026-09-10 17:53:21.810508+00,1,1,1,1,2,959,180,498
1789074950.491456,2249962,public,trade_history,3,2026-09-10 19:16:53.853864+00,3732502353,9171764,2026-09-10 21:15:50.552469+00,21964864,1245064574,0,0,0,0,1245061642,22644,874479,897123,2026-09-10 19:29:02.442332+00,2026-09-10 17:56:39.748253+00,2026-09-10 19:29:04.819007+00,2026-09-10 17:56:46.054213+00,1,1,1,1,277842,64922,2377,6306
1789074950.491456,2249938,public,trade,18,2026-09-10 19:24:22.633472+00,7257600000,11084505,2026-09-10 21:15:50.552469+00,7408101038,518771396,1170739,0,230782,387640,518757105,944281,1432991,371396,2026-09-10 19:36:10.673673+00,2026-09-10 17:55:13.319747+00,2026-09-10 19:36:12.708234+00,2026-09-10 17:55:14.759594+00,1,1,1,1,313984,19670,2034,1440
1789074950.491456,2250109,public,status_type,2725483,2026-09-10 21:15:50.552469+00,8644248,1152,2026-09-10 20:54:55.224112+00,0,5,0,0,0,0,5,0,0,0,2026-09-10 19:24:23.446735+00,,2026-09-10 19:24:23.446839+00,,1,0,1,0,1,0,1,0
1789074950.491456,2249909,public,charge,371398,2026-09-10 21:15:50.552469+00,5570970,0,,0,15,0,0,0,0,15,0,0,0,2026-09-10 19:30:55.68781+00,,2026-09-10 19:30:55.688433+00,,1,0,1,0,1,0,1,0
1789074950.491456,2249988,public,company,5,2026-09-10 18:39:19.216232+00,75000,66202930,2026-09-10 21:15:50.552469+00,231481599,15000,8,0,0,8,15000,8,8,0,2026-09-10 19:36:13.092374+00,2026-09-10 17:53:21.882165+00,2026-09-10 19:36:13.156371+00,2026-09-10 17:53:21.992193+00,1,1,1,1,31,17,62,110
1789074950.491456,2250062,public,news_item,1,2026-09-10 18:13:01.013209+00,30000,1031243,2026-09-10 21:15:50.552469+00,1044304,30000,16,0,0,16,30000,16,16,0,2026-09-10 19:36:13.288793+00,2026-09-10 17:56:47.547667+00,2026-09-10 19:36:20.294012+00,2026-09-10 17:56:47.994666+00,1,1,1,1,16,1484,143,447
1789074950.491456,2249891,public,broker,180167,2026-09-10 21:15:50.552469+00,54050100,1600814,2026-09-10 21:15:50.552469+00,1599563,300,372515,0,372515,0,300,88,2300,0,2026-09-10 19:24:23.448703+00,2026-09-10 21:06:17.796411+00,2026-09-10 19:38:59.555359+00,2026-09-10 21:15:17.941179+00,1,12,2,96,2,49,3,516
1789074950.491456,2249886,public,watch_list,4,2026-09-10 18:39:19.55136+00,120000,397119,2026-09-10 21:15:50.552469+00,396291,30000,0,0,0,0,30000,0,0,0,2026-09-10 19:29:05.065201+00,2026-09-10 17:53:21.830081+00,2026-09-10 19:29:05.076514+00,2026-09-10 17:53:21.851946+00,1,1,1,1,12,10,12,22
1789074950.491456,2249917,public,commission_rate,3,2026-09-10 18:36:32.553549+00,720,802748,2026-09-10 21:15:50.552469+00,1411748,240,0,0,0,0,240,0,0,0,2026-09-10 19:30:55.684574+00,,2026-09-10 19:30:55.685011+00,2026-09-10 17:53:21.85719+00,1,0,1,1,1,0,1,1
1789074950.491456,2249851,public,customer_taxrate,3,2026-09-10 18:39:19.221747+00,180000,60808263,2026-09-10 21:15:50.325518+00,5868,60000,8,0,0,8,60000,8,8,0,2026-09-10 19:36:20.607907+00,2026-09-10 17:53:20.297708+00,2026-09-10 19:36:20.638528+00,2026-09-10 17:53:20.350229+00,1,1,1,1,30,19,29,53
1789074950.491456,2249868,public,holding_history,8,2026-09-10 19:24:22.633472+00,2778954508,70397,2026-09-10 21:15:50.249948+00,156636,695345018,0,0,0,0,695207204,127248,479143,606391,2026-09-10 19:38:52.269828+00,2026-09-10 18:00:34.421363+00,2026-09-10 19:38:55.334914+00,2026-09-10 18:00:44.904449+00,1,3,1,3,149084,284220,3065,13235
1789074950.491456,2250046,public,industry,207457,2026-09-10 21:15:50.552469+00,21146469,1881628,2026-09-10 21:15:50.552469+00,1874166,102,0,0,0,0,102,0,0,0,2026-09-10 19:24:23.445694+00,,2026-09-10 19:24:23.445963+00,2026-09-10 17:53:29.973725+00,1,0,1,1,1,0,1,3
1789074950.491456,2250017,public,exchange,1213486,2026-09-10 21:15:50.552469+00,4082096,1536,2026-09-10 20:54:53.872757+00,1152,4,32,0,32,0,4,32,32,0,2026-09-10 19:30:55.68249+00,,2026-09-10 19:30:55.682645+00,,1,0,1,0,1,0,1,0
1789074950.491456,2249901,public,cash_transaction,2,2026-09-10 19:00:28.999306+00,953848714,7291362,2026-09-10 21:15:50.552469+00,7149436,477258944,462330,0,44052,418278,477311623,450489,789598,334587,2026-09-10 19:30:52.298911+00,2026-09-10 17:59:35.711751+00,2026-09-10 19:30:55.445775+00,2026-09-10 18:00:57.043327+00,1,2,1,3,105990,228022,3126,22811
1789074950.491456,2249875,public,holding_summary,5,2026-09-10 18:36:33.052121+00,4476012,4335055,2026-09-10 21:15:50.552469+00,30108426,1493803,429028,2006,377473,51555,1492017,57712,54743,1799,2026-09-10 19:24:23.479998+00,2026-09-10 18:13:22.057298+00,2026-09-10 19:24:23.595668+00,2026-09-10 21:02:18.878562+00,1,1,1,3,30,365,113,2827
1789074950.491456,2249822,public,account_permission,2,2026-09-10 18:36:32.753413+00,425940,37132,2026-09-10 21:15:49.941601+00,37140,212970,9,0,0,9,212970,9,9,0,2026-09-10 19:29:04.927437+00,2026-09-10 17:53:19.299976+00,2026-09-10 19:29:05.05201+00,2026-09-10 17:53:19.497616+00,1,1,1,1,32,109,122,198
1789074950.491456,2249841,public,customer_account,4,2026-09-10 18:45:15.480553+00,600000,3172191,2026-09-10 21:15:50.552469+00,5319592,150000,335163,0,324422,10741,150000,11929,9629,0,2026-09-10 19:24:23.226634+00,2026-09-10 17:53:20.108136+00,2026-09-10 19:24:23.311106+00,2026-09-10 21:13:18.110112+00,1,1,1,19,12,77,84,7535
1789074950.491456,2250026,public,financial,2,2026-09-10 18:36:32.673292+00,600000,514854,2026-09-10 21:15:50.552469+00,10297042,300000,160,0,0,160,300000,160,160,0,2026-09-10 19:36:20.352757+00,2026-09-10 17:53:29.521608+00,2026-09-10 19:36:20.576514+00,2026-09-10 17:53:29.956687+00,1,1,1,1,57,322,207,435
1789074950.491456,2249830,public,customer,4,2026-09-10 18:39:19.245981+00,120000,2220521,2026-09-10 21:15:50.552469+00,2218424,30000,8,0,0,8,30000,8,8,0,2026-09-10 19:24:22.892301+00,2026-09-10 17:53:19.531775+00,2026-09-10 19:24:23.201268+00,2026-09-10 17:53:20.026228+00,1,1,1,1,59,26,305,495
1789074950.491456,2250121,public,zip_code,2,2026-09-10 18:36:32.586468+00,29482,1031210,2026-09-10 21:15:50.552469+00,1029672,14741,0,0,0,0,14741,0,0,0,2026-09-10 19:36:13.175189+00,2026-09-10 17:53:30.32548+00,2026-09-10 19:36:13.194698+00,2026-09-10 17:53:30.362036+00,1,1,1,1,1,41,20,31
1789074950.491456,2249929,public,settlement,2,2026-09-10 19:06:58.095243+00,1036800000,7731372,2026-09-10 21:15:50.552469+00,7731371,518765693,483280,0,81747,401533,518764170,455356,839232,365693,2026-09-10 19:38:55.40099+00,2026-09-10 19:38:47.513759+00,2026-09-10 19:38:59.2827+00,2026-09-10 19:38:51.103174+00,1,2,1,2,66,1872326,3881,5015
1789074950.491456,2250000,public,company_competitor,4,2026-09-10 18:39:19.241779+00,180000,514838,2026-09-10 21:15:50.552469+00,0,45000,0,0,0,0,45000,0,0,0,2026-09-10 19:29:04.853693+00,2026-09-10 17:53:22.019369+00,2026-09-10 19:29:04.892815+00,2026-09-10 17:53:22.073157+00,1,1,1,1,32,17,36,54
1789074950.491456,2250104,public,address,2,2026-09-10 18:36:32.586468+00,90008,1030859,2026-09-10 21:15:50.552469+00,2317186,45004,9,0,0,9,45004,9,9,0,2026-09-10 19:36:13.198214+00,2026-09-10 17:53:30.143186+00,2026-09-10 19:36:13.272339+00,2026-09-10 17:53:30.265233+00,1,1,1,1,1,84,75,111
1789074950.491456,2249981,public,trade_type,4378117,2026-09-10 21:15:50.552469+00,15304810,3667,2026-09-10 20:55:34.986889+00,595,5,0,0,0,0,5,0,0,0,2026-09-10 19:30:55.686368+00,,2026-09-10 19:30:55.686494+00,,1,0,1,0,1,0,1,0
1789074950.491456,2250083,public,security,698640,2026-09-10 21:15:50.552469+00,14357052000,111319697,2026-09-10 21:15:50.552469+00,111914576,20550,8,0,0,8,20550,8,8,0,2026-09-10 19:24:23.322571+00,2026-09-10 17:56:48.546012+00,2026-09-10 19:24:23.441929+00,2026-09-10 17:56:48.782769+00,1,1,1,1,6,346,119,237
1789075010.630505,2249856,public,holding,3,2026-09-10 18:14:01.1438+00,53040828,826835,2026-09-10 21:16:50.661494+00,9580563,26729571,162666,241307,45553,117113,26531469,347837,484559,209157,2026-09-10 19:36:12.75693+00,2026-09-10 18:14:29.263615+00,2026-09-10 19:36:13.060392+00,2026-09-10 18:14:29.882987+00,1,1,1,1,45,7564,301,620
1789075010.630505,2250073,public,news_xref,3,2026-09-10 18:36:32.591284+00,90000,522164,2026-09-10 21:16:50.661494+00,18,30000,0,0,0,0,30000,0,0,0,2026-09-10 19:36:13.161571+00,2026-09-10 17:56:48.169274+00,2026-09-10 19:36:13.172374+00,2026-09-10 17:56:48.192926+00,1,1,1,1,3,164,11,24
1789075010.630505,2250006,public,daily_market,6,2026-09-10 18:14:00.82828+00,53635500,52236305,2026-09-10 21:16:50.661494+00,58641358,26817750,344,0,0,344,26824697,344,344,0,2026-09-10 19:36:21.896725+00,2026-09-10 17:53:30.461218+00,2026-09-10 19:36:22.185295+00,2026-09-10 17:53:31.195492+00,1,1,1,1,1254,8383,288,735
1789075010.630505,2250052,public,last_trade,2,2026-09-10 18:39:23.400642+00,41100,72793915,2026-09-10 21:16:50.661494+00,72793686,20550,720282,0,718087,2195,20550,3258,4301,0,2026-09-10 19:29:05.269132+00,2026-09-10 17:53:30.000417+00,2026-09-10 19:29:05.305716+00,2026-09-10 21:16:17.884463+00,1,1,1,94,3,12,36,7732
1789075010.630505,2250078,public,sector,179408,2026-09-10 21:16:50.616918+00,2152896,81020,2026-09-10 20:55:18.735157+00,81020,12,0,0,0,0,12,0,0,0,2026-09-10 19:24:23.444133+00,,2026-09-10 19:24:23.444255+00,,1,0,1,0,1,0,1,0
1789075010.630505,2250114,public,taxrate,192108,2026-09-10 21:16:50.475999+00,61474560,1322,2026-09-10 21:15:53.078261+00,746,320,8,0,5,3,320,3,8,0,2026-09-10 19:36:20.64208+00,,2026-09-10 19:36:20.642648+00,2026-09-10 17:53:30.277789+00,1,0,1,1,2,0,1,1
1789075010.630505,2249968,public,trade_request,182301,2026-09-10 21:16:50.616918+00,644715012,863268,2026-09-10 21:16:50.303041+00,409186,150417,0,144756,0,0,4145,860,1782,950,2026-09-10 19:29:04.821787+00,2026-09-10 21:16:17.765574+00,2026-09-10 19:29:04.822356+00,2026-09-10 21:16:17.792459+00,1,95,1,95,1,2838,1,2644
1789075010.630505,2249881,public,watch_item,4,2026-09-10 18:39:23.873407+00,8946495,401512,2026-09-10 21:16:50.661494+00,10930,2982165,7,0,0,7,2982165,7,7,0,2026-09-10 19:29:05.082092+00,2026-09-10 17:53:21.313017+00,2026-09-10 19:29:05.26188+00,2026-09-10 17:53:21.810508+00,1,1,1,1,2,959,180,498
1789075010.630505,2249962,public,trade_history,3,2026-09-10 19:16:53.853864+00,3732502353,9273314,2026-09-10 21:16:50.661494+00,22208196,1245074554,0,0,0,0,1245071388,22878,884225,907103,2026-09-10 19:29:02.442332+00,2026-09-10 17:56:39.748253+00,2026-09-10 19:29:04.819007+00,2026-09-10 17:56:46.054213+00,1,1,1,1,277842,64922,2377,6306
1789075010.630505,2249938,public,trade,18,2026-09-10 19:24:22.633472+00,7257600000,11208686,2026-09-10 21:16:50.661494+00,7489389513,518775586,1183776,0,234021,391254,518761251,954025,1449089,375586,2026-09-10 19:36:10.673673+00,2026-09-10 17:55:13.319747+00,2026-09-10 19:36:12.708234+00,2026-09-10 17:55:14.759594+00,1,1,1,1,313984,19670,2034,1440
1789075010.630505,2250109,public,status_type,2755951,2026-09-10 21:16:50.661494+00,8740592,1152,2026-09-10 20:54:55.224112+00,0,5,0,0,0,0,5,0,0,0,2026-09-10 19:24:23.446735+00,,2026-09-10 19:24:23.446839+00,,1,0,1,0,1,0,1,0
1789075010.630505,2249909,public,charge,375588,2026-09-10 21:16:50.661494+00,5633820,0,,0,15,0,0,0,0,15,0,0,0,2026-09-10 19:30:55.68781+00,,2026-09-10 19:30:55.688433+00,,1,0,1,0,1,0,1,0
1789075010.630505,2249988,public,company,5,2026-09-10 18:39:19.216232+00,75000,67045412,2026-09-10 21:16:50.661494+00,234198656,15000,8,0,0,8,15000,8,8,0,2026-09-10 19:36:13.092374+00,2026-09-10 17:53:21.882165+00,2026-09-10 19:36:13.156371+00,2026-09-10 17:53:21.992193+00,1,1,1,1,31,17,62,110
1789075010.630505,2250062,public,news_item,1,2026-09-10 18:13:01.013209+00,30000,1042775,2026-09-10 21:16:50.661494+00,1055836,30000,16,0,0,16,30000,16,16,0,2026-09-10 19:36:13.288793+00,2026-09-10 17:56:47.547667+00,2026-09-10 19:36:20.294012+00,2026-09-10 17:56:47.994666+00,1,1,1,1,16,1484,143,447
1789075010.630505,2249891,public,broker,182174,2026-09-10 21:16:50.616918+00,54652200,1618806,2026-09-10 21:16:50.661494+00,1617549,300,376723,0,376723,0,300,45,2190,0,2026-09-10 19:24:23.448703+00,2026-09-10 21:06:17.796411+00,2026-09-10 19:38:59.555359+00,2026-09-10 21:16:17.892854+00,1,12,2,97,2,49,3,522
1789075010.630505,2249886,public,watch_list,4,2026-09-10 18:39:19.55136+00,120000,401514,2026-09-10 21:16:50.661494+00,400686,30000,0,0,0,0,30000,0,0,0,2026-09-10 19:29:05.065201+00,2026-09-10 17:53:21.830081+00,2026-09-10 19:29:05.076514+00,2026-09-10 17:53:21.851946+00,1,1,1,1,12,10,12,22
1789075010.630505,2249917,public,commission_rate,3,2026-09-10 18:36:32.553549+00,720,811744,2026-09-10 21:16:50.661494+00,1427413,240,0,0,0,0,240,0,0,0,2026-09-10 19:30:55.684574+00,,2026-09-10 19:30:55.685011+00,2026-09-10 17:53:21.85719+00,1,0,1,1,1,0,1,1
1789075010.630505,2249851,public,customer_taxrate,3,2026-09-10 18:39:19.221747+00,180000,61475783,2026-09-10 21:16:50.475999+00,6062,60000,8,0,0,8,60000,8,8,0,2026-09-10 19:36:20.607907+00,2026-09-10 17:53:20.297708+00,2026-09-10 19:36:20.638528+00,2026-09-10 17:53:20.350229+00,1,1,1,1,30,19,29,53
1789075010.630505,2249868,public,holding_history,8,2026-09-10 19:24:22.633472+00,2778954508,71101,2026-09-10 21:16:50.284777+00,158231,695351759,0,0,0,0,695212620,128573,484559,613132,2026-09-10 19:38:52.269828+00,2026-09-10 18:00:34.421363+00,2026-09-10 19:38:55.334914+00,2026-09-10 18:00:44.904449+00,1,3,1,3,149084,284220,3065,13235
1789075010.630505,2250046,public,industry,209839,2026-09-10 21:16:50.616918+00,21389433,1898976,2026-09-10 21:16:50.661494+00,1891464,102,0,0,0,0,102,0,0,0,2026-09-10 19:24:23.445694+00,,2026-09-10 19:24:23.445963+00,2026-09-10 17:53:29.973725+00,1,0,1,1,1,0,1,3
1789075010.630505,2250017,public,exchange,1227102,2026-09-10 21:16:50.661494+00,4127781,1536,2026-09-10 20:54:53.872757+00,1152,4,32,0,32,0,4,32,32,0,2026-09-10 19:30:55.68249+00,,2026-09-10 19:30:55.682645+00,,1,0,1,0,1,0,1,0
1789075010.630505,2249901,public,cash_transaction,2,2026-09-10 19:00:28.999306+00,953848714,7371790,2026-09-10 21:16:50.661494+00,7228365,477262712,467284,0,44857,422427,477315322,454984,798251,338355,2026-09-10 19:30:52.298911+00,2026-09-10 17:59:35.711751+00,2026-09-10 19:30:55.445775+00,2026-09-10 18:00:57.043327+00,1,2,1,3,105990,228022,3126,22811
1789075010.630505,2249875,public,holding_summary,5,2026-09-10 18:36:33.052121+00,4476012,4383510,2026-09-10 21:16:50.661494+00,30444133,1493820,433810,2035,381974,51836,1492006,57961,58776,1816,2026-09-10 19:24:23.479998+00,2026-09-10 18:13:22.057298+00,2026-09-10 19:24:23.595668+00,2026-09-10 21:02:18.878562+00,1,1,1,3,30,365,113,2827
1789075010.630505,2249822,public,account_permission,2,2026-09-10 18:36:32.753413+00,425940,37563,2026-09-10 21:16:50.569223+00,37571,212970,9,0,0,9,212970,9,9,0,2026-09-10 19:29:04.927437+00,2026-09-10 17:53:19.299976+00,2026-09-10 19:29:05.05201+00,2026-09-10 17:53:19.497616+00,1,1,1,1,32,109,122,198
1789075010.630505,2249841,public,customer_account,4,2026-09-10 18:45:15.480553+00,600000,3207767,2026-09-10 21:16:50.661494+00,5379145,150000,338938,0,328163,10775,150000,11927,13328,0,2026-09-10 19:24:23.226634+00,2026-09-10 17:53:20.108136+00,2026-09-10 19:24:23.311106+00,2026-09-10 21:13:18.110112+00,1,1,1,19,12,77,84,7535
1789075010.630505,2250026,public,financial,2,2026-09-10 18:36:32.673292+00,600000,520620,2026-09-10 21:16:50.661494+00,10412362,300000,160,0,0,160,300000,160,160,0,2026-09-10 19:36:20.352757+00,2026-09-10 17:53:29.521608+00,2026-09-10 19:36:20.576514+00,2026-09-10 17:53:29.956687+00,1,1,1,1,57,322,207,435
1789075010.630505,2249830,public,customer,4,2026-09-10 18:39:19.245981+00,120000,2245382,2026-09-10 21:16:50.661494+00,2243284,30000,8,0,0,8,30000,8,8,0,2026-09-10 19:24:22.892301+00,2026-09-10 17:53:19.531775+00,2026-09-10 19:24:23.201268+00,2026-09-10 17:53:20.026228+00,1,1,1,1,59,26,305,495
1789075010.630505,2250121,public,zip_code,2,2026-09-10 18:36:32.586468+00,29482,1042742,2026-09-10 21:16:50.661494+00,1041204,14741,0,0,0,0,14741,0,0,0,2026-09-10 19:36:13.175189+00,2026-09-10 17:53:30.32548+00,2026-09-10 19:36:13.194698+00,2026-09-10 17:53:30.362036+00,1,1,1,1,1,41,20,31
1789075010.630505,2249929,public,settlement,2,2026-09-10 19:06:58.095243+00,1036800000,7817632,2026-09-10 21:16:50.661494+00,7817631,518769824,488880,0,83047,405833,518768203,460295,848865,369824,2026-09-10 19:38:55.40099+00,2026-09-10 19:38:47.513759+00,2026-09-10 19:38:59.2827+00,2026-09-10 19:38:51.103174+00,1,2,1,2,66,1872326,3881,5015
1789075010.630505,2250000,public,company_competitor,4,2026-09-10 18:39:19.241779+00,180000,520604,2026-09-10 21:16:50.661494+00,0,45000,0,0,0,0,45000,0,0,0,2026-09-10 19:29:04.853693+00,2026-09-10 17:53:22.019369+00,2026-09-10 19:29:04.892815+00,2026-09-10 17:53:22.073157+00,1,1,1,1,32,17,36,54
1789075010.630505,2250104,public,address,2,2026-09-10 18:36:32.586468+00,90008,1042391,2026-09-10 21:16:50.661494+00,2343003,45004,9,0,0,9,45004,9,9,0,2026-09-10 19:36:13.198214+00,2026-09-10 17:53:30.143186+00,2026-09-10 19:36:13.272339+00,2026-09-10 17:53:30.265233+00,1,1,1,1,1,84,75,111
1789075010.630505,2249981,public,trade_type,4427783,2026-09-10 21:16:50.661494+00,15477986,3667,2026-09-10 20:55:34.986889+00,595,5,0,0,0,0,5,0,0,0,2026-09-10 19:30:55.686368+00,,2026-09-10 19:30:55.686494+00,,1,0,1,0,1,0,1,0
1789075010.630505,2250083,public,security,706490,2026-09-10 21:16:50.661494+00,14518369500,112662025,2026-09-10 21:16:50.661494+00,113263616,20550,8,0,0,8,20550,8,8,0,2026-09-10 19:24:23.322571+00,2026-09-10 17:56:48.546012+00,2026-09-10 19:24:23.441929+00,2026-09-10 17:56:48.782769+00,1,1,1,1,6,346,119,237
1789075070.737586,2249856,public,holding,3,2026-09-10 18:14:01.1438+00,53040828,835946,2026-09-10 21:17:50.682247+00,9687006,26731901,164499,243896,46399,118100,26531648,351422,489983,211487,2026-09-10 19:36:12.75693+00,2026-09-10 18:14:29.263615+00,2026-09-10 19:36:13.060392+00,2026-09-10 18:14:29.882987+00,1,1,1,1,45,7564,301,620
1789075070.737586,2250073,public,news_xref,3,2026-09-10 18:36:32.591284+00,90000,527952,2026-09-10 21:17:50.728009+00,18,30000,0,0,0,0,30000,0,0,0,2026-09-10 19:36:13.161571+00,2026-09-10 17:56:48.169274+00,2026-09-10 19:36:13.172374+00,2026-09-10 17:56:48.192926+00,1,1,1,1,3,164,11,24
1789075070.737586,2250006,public,daily_market,6,2026-09-10 18:14:00.82828+00,53635500,52817451,2026-09-10 21:17:50.728009+00,59208112,26817750,344,0,0,344,26824697,344,344,0,2026-09-10 19:36:21.896725+00,2026-09-10 17:53:30.461218+00,2026-09-10 19:36:22.185295+00,2026-09-10 17:53:31.195492+00,1,1,1,1,1254,8383,288,735
1789075070.737586,2250052,public,last_trade,2,2026-09-10 18:39:23.400642+00,41100,73603402,2026-09-10 21:17:50.728009+00,73603173,20550,728414,0,726218,2196,20550,3325,4464,0,2026-09-10 19:29:05.269132+00,2026-09-10 17:53:30.000417+00,2026-09-10 19:29:05.305716+00,2026-09-10 21:17:17.888848+00,1,1,1,95,3,12,36,7820
1789075070.737586,2250078,public,sector,181473,2026-09-10 21:17:50.728009+00,2177676,81020,2026-09-10 20:55:18.735157+00,81020,12,0,0,0,0,12,0,0,0,2026-09-10 19:24:23.444133+00,,2026-09-10 19:24:23.444255+00,,1,0,1,0,1,0,1,0
1789075070.737586,2250114,public,taxrate,194236,2026-09-10 21:17:50.682247+00,62155520,1322,2026-09-10 21:15:53.078261+00,746,320,8,0,5,3,320,3,8,0,2026-09-10 19:36:20.64208+00,,2026-09-10 19:36:20.642648+00,2026-09-10 17:53:30.277789+00,1,0,1,1,2,0,1,1
1789075070.737586,2249968,public,trade_request,184366,2026-09-10 21:17:50.728009+00,653217488,873063,2026-09-10 21:17:50.460946+00,414102,152068,0,146367,0,0,4144,911,1789,915,2026-09-10 19:29:04.821787+00,2026-09-10 21:17:17.766664+00,2026-09-10 19:29:04.822356+00,2026-09-10 21:17:17.796675+00,1,96,1,96,1,2869,1,2674
1789075070.737586,2249881,public,watch_item,4,2026-09-10 18:39:23.873407+00,8946495,406001,2026-09-10 21:17:50.682247+00,11073,2982165,8,0,0,8,2982165,8,8,0,2026-09-10 19:29:05.082092+00,2026-09-10 17:53:21.313017+00,2026-09-10 19:29:05.26188+00,2026-09-10 17:53:21.810508+00,1,1,1,1,2,959,180,498
1789075070.737586,2249962,public,trade_history,3,2026-09-10 19:16:53.853864+00,3732502353,9376454,2026-09-10 21:17:50.728009+00,22455370,1245084521,0,0,0,0,1245081140,23093,893977,917070,2026-09-10 19:29:02.442332+00,2026-09-10 17:56:39.748253+00,2026-09-10 19:29:04.819007+00,2026-09-10 17:56:46.054213+00,1,1,1,1,277842,64922,2377,6306
1789075070.737586,2249938,public,trade,18,2026-09-10 19:24:22.633472+00,7257600000,11333135,2026-09-10 21:17:50.728009+00,7571867914,518779714,1196978,0,237371,394869,518765337,964020,1465272,379714,2026-09-10 19:36:10.673673+00,2026-09-10 17:55:13.319747+00,2026-09-10 19:36:12.708234+00,2026-09-10 17:55:14.759594+00,1,1,1,1,313984,19670,2034,1440
1789075070.737586,2250109,public,status_type,2786355,2026-09-10 21:17:50.728009+00,8836556,1152,2026-09-10 20:54:55.224112+00,0,5,0,0,0,0,5,0,0,0,2026-09-10 19:24:23.446735+00,,2026-09-10 19:24:23.446839+00,,1,0,1,0,1,0,1,0
1789075070.737586,2249909,public,charge,379716,2026-09-10 21:17:50.682247+00,5695740,0,,0,15,0,0,0,0,15,0,0,0,2026-09-10 19:30:55.68781+00,,2026-09-10 19:30:55.688433+00,,1,0,1,0,1,0,1,0
1789075070.737586,2249988,public,company,5,2026-09-10 18:39:19.216232+00,75000,67920530,2026-09-10 21:17:50.728009+00,236793378,15000,8,0,0,8,15000,8,8,0,2026-09-10 19:36:13.092374+00,2026-09-10 17:53:21.882165+00,2026-09-10 19:36:13.156371+00,2026-09-10 17:53:21.992193+00,1,1,1,1,31,17,62,110
1789075070.737586,2250062,public,news_item,1,2026-09-10 18:13:01.013209+00,30000,1054351,2026-09-10 21:17:50.728009+00,1067412,30000,16,0,0,16,30000,16,16,0,2026-09-10 19:36:13.288793+00,2026-09-10 17:56:47.547667+00,2026-09-10 19:36:20.294012+00,2026-09-10 17:56:47.994666+00,1,1,1,1,16,1484,143,447
1789075070.737586,2249891,public,broker,184239,2026-09-10 21:17:50.728009+00,55271700,1636656,2026-09-10 21:17:50.728009+00,1635392,300,380928,0,380928,0,300,48,2203,0,2026-09-10 19:24:23.448703+00,2026-09-10 21:06:17.796411+00,2026-09-10 19:38:59.555359+00,2026-09-10 21:17:17.898965+00,1,12,2,98,2,49,3,529
1789075070.737586,2249886,public,watch_list,4,2026-09-10 18:39:19.55136+00,120000,406003,2026-09-10 21:17:50.682247+00,405167,30000,0,0,0,0,30000,0,0,0,2026-09-10 19:29:05.065201+00,2026-09-10 17:53:21.830081+00,2026-09-10 19:29:05.076514+00,2026-09-10 17:53:21.851946+00,1,1,1,1,12,10,12,22
1789075070.737586,2249917,public,commission_rate,3,2026-09-10 18:36:32.553549+00,720,820714,2026-09-10 21:17:50.682247+00,1443296,240,0,0,0,0,240,0,0,0,2026-09-10 19:30:55.684574+00,,2026-09-10 19:30:55.685011+00,2026-09-10 17:53:21.85719+00,1,0,1,1,1,0,1,1
1789075070.737586,2249851,public,customer_taxrate,3,2026-09-10 18:39:19.221747+00,180000,62156743,2026-09-10 21:17:50.682247+00,6174,60000,8,0,0,8,60000,8,8,0,2026-09-10 19:36:20.607907+00,2026-09-10 17:53:20.297708+00,2026-09-10 19:36:20.638528+00,2026-09-10 17:53:20.350229+00,1,1,1,1,30,19,29,53
1789075070.737586,2249868,public,holding_history,8,2026-09-10 19:24:22.633472+00,2778954508,71853,2026-09-10 21:17:50.682247+00,159946,695358511,0,0,0,0,695218044,129901,489983,619884,2026-09-10 19:38:52.269828+00,2026-09-10 18:00:34.421363+00,2026-09-10 19:38:55.334914+00,2026-09-10 18:00:44.904449+00,1,3,1,3,149084,284220,3065,13235
1789075070.737586,2250046,public,industry,212248,2026-09-10 21:17:50.728009+00,21635151,1916392,2026-09-10 21:17:50.728009+00,1908828,102,0,0,0,0,102,0,0,0,2026-09-10 19:24:23.445694+00,,2026-09-10 19:24:23.445963+00,2026-09-10 17:53:29.973725+00,1,0,1,1,1,0,1,3
1789075070.737586,2250017,public,exchange,1240690,2026-09-10 21:17:50.728009+00,4173438,1536,2026-09-10 20:54:53.872757+00,1152,4,32,0,32,0,4,32,32,0,2026-09-10 19:30:55.68249+00,,2026-09-10 19:30:55.682645+00,,1,0,1,0,1,0,1,0
1789075070.737586,2249901,public,cash_transaction,2,2026-09-10 19:00:28.999306+00,953848714,7453763,2026-09-10 21:17:50.728009+00,7308770,477266499,472273,0,45646,426627,477319055,459525,806973,342142,2026-09-10 19:30:52.298911+00,2026-09-10 17:59:35.711751+00,2026-09-10 19:30:55.445775+00,2026-09-10 18:00:57.043327+00,1,2,1,3,105990,228022,3126,22811
1789075070.737586,2249875,public,holding_summary,5,2026-09-10 18:36:33.052121+00,4476012,4432160,2026-09-10 21:17:50.728009+00,30784418,1493845,438628,2053,386523,52105,1492013,58178,62831,1841,2026-09-10 19:24:23.479998+00,2026-09-10 18:13:22.057298+00,2026-09-10 19:24:23.595668+00,2026-09-10 21:02:18.878562+00,1,1,1,3,30,365,113,2827
1789075070.737586,2249822,public,account_permission,2,2026-09-10 18:36:32.753413+00,425940,37972,2026-09-10 21:17:50.605501+00,37980,212970,9,0,0,9,212970,9,9,0,2026-09-10 19:29:04.927437+00,2026-09-10 17:53:19.299976+00,2026-09-10 19:29:05.05201+00,2026-09-10 17:53:19.497616+00,1,1,1,1,32,109,122,198
1789075070.737586,2249841,public,customer_account,4,2026-09-10 18:45:15.480553+00,600000,3243257,2026-09-10 21:17:50.728009+00,5438796,150000,342729,0,331919,10810,150000,12014,17061,0,2026-09-10 19:24:23.226634+00,2026-09-10 17:53:20.108136+00,2026-09-10 19:24:23.311106+00,2026-09-10 21:13:18.110112+00,1,1,1,19,12,77,84,7535
1789075070.737586,2250026,public,financial,2,2026-09-10 18:36:32.673292+00,600000,526408,2026-09-10 21:17:50.728009+00,10528122,300000,160,0,0,160,300000,160,160,0,2026-09-10 19:36:20.352757+00,2026-09-10 17:53:29.521608+00,2026-09-10 19:36:20.576514+00,2026-09-10 17:53:29.956687+00,1,1,1,1,57,322,207,435
1789075070.737586,2249830,public,customer,4,2026-09-10 18:39:19.245981+00,120000,2270225,2026-09-10 21:17:50.728009+00,2268127,30000,8,0,0,8,30000,8,8,0,2026-09-10 19:24:22.892301+00,2026-09-10 17:53:19.531775+00,2026-09-10 19:24:23.201268+00,2026-09-10 17:53:20.026228+00,1,1,1,1,59,26,305,495
1789075070.737586,2250121,public,zip_code,2,2026-09-10 18:36:32.586468+00,29482,1054318,2026-09-10 21:17:50.728009+00,1052780,14741,0,0,0,0,14741,0,0,0,2026-09-10 19:36:13.175189+00,2026-09-10 17:53:30.32548+00,2026-09-10 19:36:13.194698+00,2026-09-10 17:53:30.362036+00,1,1,1,1,1,41,20,31
1789075070.737586,2249929,public,settlement,2,2026-09-10 19:06:58.095243+00,1036800000,7905152,2026-09-10 21:17:50.728009+00,7905151,518773956,494360,0,84314,410046,518772258,465061,858400,373956,2026-09-10 19:38:55.40099+00,2026-09-10 19:38:47.513759+00,2026-09-10 19:38:59.2827+00,2026-09-10 19:38:51.103174+00,1,2,1,2,66,1872326,3881,5015
1789075070.737586,2250000,public,company_competitor,4,2026-09-10 18:39:19.241779+00,180000,526392,2026-09-10 21:17:50.728009+00,0,45000,0,0,0,0,45000,0,0,0,2026-09-10 19:29:04.853693+00,2026-09-10 17:53:22.019369+00,2026-09-10 19:29:04.892815+00,2026-09-10 17:53:22.073157+00,1,1,1,1,32,17,36,54
1789075070.737586,2250104,public,address,2,2026-09-10 18:36:32.586468+00,90008,1053967,2026-09-10 21:17:50.728009+00,2369036,45004,9,0,0,9,45004,9,9,0,2026-09-10 19:36:13.198214+00,2026-09-10 17:53:30.143186+00,2026-09-10 19:36:13.272339+00,2026-09-10 17:53:30.265233+00,1,1,1,1,1,84,75,111
1789075070.737586,2249981,public,trade_type,4477172,2026-09-10 21:17:50.728009+00,15649609,3667,2026-09-10 20:55:34.986889+00,595,5,0,0,0,0,5,0,0,0,2026-09-10 19:30:55.686368+00,,2026-09-10 19:30:55.686494+00,,1,0,1,0,1,0,1,0
1789075070.737586,2250083,public,security,714290,2026-09-10 21:17:50.728009+00,14678659500,114041596,2026-09-10 21:17:50.728009+00,114649480,20550,8,0,0,8,20550,8,8,0,2026-09-10 19:24:23.322571+00,2026-09-10 17:56:48.546012+00,2026-09-10 19:24:23.441929+00,2026-09-10 17:56:48.782769+00,1,1,1,1,6,346,119,237
1789075130.879741,2249856,public,holding,3,2026-09-10 18:14:01.1438+00,53040828,845387,2026-09-10 21:18:50.886359+00,9795840,26734307,166358,246708,47330,119028,26531801,355126,495564,213893,2026-09-10 19:36:12.75693+00,2026-09-10 18:14:29.263615+00,2026-09-10 19:36:13.060392+00,2026-09-10 18:14:29.882987+00,1,1,1,1,45,7564,301,620
1789075130.879741,2250073,public,news_xref,3,2026-09-10 18:36:32.591284+00,90000,533690,2026-09-10 21:18:50.886359+00,18,30000,0,0,0,0,30000,0,0,0,2026-09-10 19:36:13.161571+00,2026-09-10 17:56:48.169274+00,2026-09-10 19:36:13.172374+00,2026-09-10 17:56:48.192926+00,1,1,1,1,3,164,11,24
1789075130.879741,2250006,public,daily_market,6,2026-09-10 18:14:00.82828+00,53635500,53408715,2026-09-10 21:18:50.886359+00,59785367,26817750,344,0,0,344,26824697,344,344,0,2026-09-10 19:36:21.896725+00,2026-09-10 17:53:30.461218+00,2026-09-10 19:36:22.185295+00,2026-09-10 17:53:31.195492+00,1,1,1,1,1254,8383,288,735
1789075130.879741,2250052,public,last_trade,2,2026-09-10 18:39:23.400642+00,41100,74428192,2026-09-10 21:18:50.886359+00,74427963,20550,736711,0,734514,2197,20550,3336,4431,0,2026-09-10 19:29:05.269132+00,2026-09-10 17:53:30.000417+00,2026-09-10 19:29:05.305716+00,2026-09-10 21:18:18.413461+00,1,1,1,96,3,12,36,7895
1789075130.879741,2250078,public,sector,183467,2026-09-10 21:18:50.886359+00,2201604,81020,2026-09-10 20:55:18.735157+00,81020,12,0,0,0,0,12,0,0,0,2026-09-10 19:24:23.444133+00,,2026-09-10 19:24:23.444255+00,,1,0,1,0,1,0,1,0
1789075130.879741,2250114,public,taxrate,196411,2026-09-10 21:18:50.816947+00,62851520,1322,2026-09-10 21:15:53.078261+00,746,320,8,0,5,3,320,3,8,0,2026-09-10 19:36:20.64208+00,,2026-09-10 19:36:20.642648+00,2026-09-10 17:53:30.277789+00,1,0,1,1,2,0,1,1
1789075130.879741,2249968,public,trade_request,186360,2026-09-10 21:18:50.886359+00,661457221,883082,2026-09-10 21:18:50.743464+00,419081,153740,0,148041,0,0,4151,881,1743,885,2026-09-10 19:29:04.821787+00,2026-09-10 21:18:18.316653+00,2026-09-10 19:29:04.822356+00,2026-09-10 21:18:18.336157+00,1,97,1,97,1,3005,1,2692
1789075130.879741,2249881,public,watch_item,4,2026-09-10 18:39:23.873407+00,8946495,410515,2026-09-10 21:18:50.886359+00,11097,2982165,8,0,0,8,2982165,8,8,0,2026-09-10 19:29:05.082092+00,2026-09-10 17:53:21.313017+00,2026-09-10 19:29:05.26188+00,2026-09-10 17:53:21.810508+00,1,1,1,1,2,959,180,498
1789075130.879741,2249962,public,trade_history,3,2026-09-10 19:16:53.853864+00,3732502353,9479164,2026-09-10 21:18:50.886359+00,22701757,1245094696,0,0,0,0,1245091082,23326,903919,927245,2026-09-10 19:29:02.442332+00,2026-09-10 17:56:39.748253+00,2026-09-10 19:29:04.819007+00,2026-09-10 17:56:46.054213+00,1,1,1,1,277842,64922,2377,6306
1789075130.879741,2249938,public,trade,18,2026-09-10 19:24:22.633472+00,7257600000,11459984,2026-09-10 21:18:50.886359+00,7655368385,518783859,1210668,0,240886,398599,518769444,974176,1481867,383859,2026-09-10 19:36:10.673673+00,2026-09-10 17:55:13.319747+00,2026-09-10 19:36:12.708234+00,2026-09-10 17:55:14.759594+00,1,1,1,1,313984,19670,2034,1440
1789075130.879741,2250109,public,status_type,2817233,2026-09-10 21:18:50.886359+00,8933562,1152,2026-09-10 20:54:55.224112+00,0,5,0,0,0,0,5,0,0,0,2026-09-10 19:24:23.446735+00,,2026-09-10 19:24:23.446839+00,,1,0,1,0,1,0,1,0
1789075130.879741,2249909,public,charge,383861,2026-09-10 21:18:50.886359+00,5757915,0,,0,15,0,0,0,0,15,0,0,0,2026-09-10 19:30:55.68781+00,,2026-09-10 19:30:55.688433+00,,1,0,1,0,1,0,1,0
1789075130.879741,2249988,public,company,5,2026-09-10 18:39:19.216232+00,75000,68771761,2026-09-10 21:18:50.886359+00,239549180,15000,8,0,0,8,15000,8,8,0,2026-09-10 19:36:13.092374+00,2026-09-10 17:53:21.882165+00,2026-09-10 19:36:13.156371+00,2026-09-10 17:53:21.992193+00,1,1,1,1,31,17,62,110
1789075130.879741,2250062,public,news_item,1,2026-09-10 18:13:01.013209+00,30000,1065827,2026-09-10 21:18:50.886359+00,1078888,30000,16,0,0,16,30000,16,16,0,2026-09-10 19:36:13.288793+00,2026-09-10 17:56:47.547667+00,2026-09-10 19:36:20.294012+00,2026-09-10 17:56:47.994666+00,1,1,1,1,16,1484,143,447
1789075130.879741,2249891,public,broker,186233,2026-09-10 21:18:50.886359+00,55869900,1654736,2026-09-10 21:18:50.886359+00,1653464,300,385257,0,385257,0,300,91,2229,0,2026-09-10 19:24:23.448703+00,2026-09-10 21:06:17.796411+00,2026-09-10 19:38:59.555359+00,2026-09-10 21:18:18.419802+00,1,12,2,99,2,49,3,533
1789075130.879741,2249886,public,watch_list,4,2026-09-10 18:39:19.55136+00,120000,410517,2026-09-10 21:18:50.886359+00,409681,30000,0,0,0,0,30000,0,0,0,2026-09-10 19:29:05.065201+00,2026-09-10 17:53:21.830081+00,2026-09-10 19:29:05.076514+00,2026-09-10 17:53:21.851946+00,1,1,1,1,12,10,12,22
1789075130.879741,2249917,public,commission_rate,3,2026-09-10 18:36:32.553549+00,720,829866,2026-09-10 21:18:50.886359+00,1459245,240,0,0,0,0,240,0,0,0,2026-09-10 19:30:55.684574+00,,2026-09-10 19:30:55.685011+00,2026-09-10 17:53:21.85719+00,1,0,1,1,1,0,1,1
1789075130.879741,2249851,public,customer_taxrate,3,2026-09-10 18:39:19.221747+00,180000,62852743,2026-09-10 21:18:50.816947+00,6316,60000,8,0,0,8,60000,8,8,0,2026-09-10 19:36:20.607907+00,2026-09-10 17:53:20.297708+00,2026-09-10 19:36:20.638528+00,2026-09-10 17:53:20.350229+00,1,1,1,1,30,19,29,53
1789075130.879741,2249868,public,holding_history,8,2026-09-10 19:24:22.633472+00,2778954508,72656,2026-09-10 21:18:50.886359+00,161788,695365588,0,0,0,0,695223625,131397,495564,626961,2026-09-10 19:38:52.269828+00,2026-09-10 18:00:34.421363+00,2026-09-10 19:38:55.334914+00,2026-09-10 18:00:44.904449+00,1,3,1,3,149084,284220,3065,13235
1789075130.879741,2250046,public,industry,214623,2026-09-10 21:18:50.886359+00,21877401,1933654,2026-09-10 21:18:50.886359+00,1926042,102,0,0,0,0,102,0,0,0,2026-09-10 19:24:23.445694+00,,2026-09-10 19:24:23.445963+00,2026-09-10 17:53:29.973725+00,1,0,1,1,1,0,1,3
1789075130.879741,2250017,public,exchange,1254252,2026-09-10 21:18:50.886359+00,4219079,1536,2026-09-10 20:54:53.872757+00,1152,4,32,0,32,0,4,32,32,0,2026-09-10 19:30:55.68249+00,,2026-09-10 19:30:55.682645+00,,1,0,1,0,1,0,1,0
1789075130.879741,2249901,public,cash_transaction,2,2026-09-10 19:00:28.999306+00,953848714,7534916,2026-09-10 21:18:50.886359+00,7388249,477270387,477114,0,46444,430670,477322883,463970,815642,346030,2026-09-10 19:30:52.298911+00,2026-09-10 17:59:35.711751+00,2026-09-10 19:30:55.445775+00,2026-09-10 18:00:57.043327+00,1,2,1,3,105990,228022,3126,22811
1789075130.879741,2249875,public,holding_summary,5,2026-09-10 18:36:33.052121+00,4476012,4481551,2026-09-10 21:18:50.886359+00,31127180,1493865,443613,2078,391218,52395,1492009,58512,66992,1861,2026-09-10 19:24:23.479998+00,2026-09-10 18:13:22.057298+00,2026-09-10 19:24:23.595668+00,2026-09-10 21:02:18.878562+00,1,1,1,3,30,365,113,2827
1789075130.879741,2249822,public,account_permission,2,2026-09-10 18:36:32.753413+00,425940,38379,2026-09-10 21:18:50.816947+00,38387,212970,10,0,0,10,212970,10,10,0,2026-09-10 19:29:04.927437+00,2026-09-10 17:53:19.299976+00,2026-09-10 19:29:05.05201+00,2026-09-10 17:53:19.497616+00,1,1,1,1,32,109,122,198
1789075130.879741,2249841,public,customer_account,4,2026-09-10 18:45:15.480553+00,600000,3279333,2026-09-10 21:18:50.886359+00,5499366,150000,346625,0,335780,10845,150000,12138,2065,0,2026-09-10 19:24:23.226634+00,2026-09-10 17:53:20.108136+00,2026-09-10 19:24:23.311106+00,2026-09-10 21:18:18.178479+00,1,1,1,20,12,77,84,7954
1789075130.879741,2250026,public,financial,2,2026-09-10 18:36:32.673292+00,600000,532146,2026-09-10 21:18:50.886359+00,10642882,300000,160,0,0,160,300000,160,160,0,2026-09-10 19:36:20.352757+00,2026-09-10 17:53:29.521608+00,2026-09-10 19:36:20.576514+00,2026-09-10 17:53:29.956687+00,1,1,1,1,57,322,207,435
1789075130.879741,2249830,public,customer,4,2026-09-10 18:39:19.245981+00,120000,2295339,2026-09-10 21:18:50.886359+00,2293193,30000,8,0,0,8,30000,8,8,0,2026-09-10 19:24:22.892301+00,2026-09-10 17:53:19.531775+00,2026-09-10 19:24:23.201268+00,2026-09-10 17:53:20.026228+00,1,1,1,1,59,26,305,495
1789075130.879741,2250121,public,zip_code,2,2026-09-10 18:36:32.586468+00,29482,1065794,2026-09-10 21:18:50.886359+00,1064256,14741,0,0,0,0,14741,0,0,0,2026-09-10 19:36:13.175189+00,2026-09-10 17:53:30.32548+00,2026-09-10 19:36:13.194698+00,2026-09-10 17:53:30.362036+00,1,1,1,1,1,41,20,31
1789075130.879741,2249929,public,settlement,2,2026-09-10 19:06:58.095243+00,1036800000,7991892,2026-09-10 21:18:50.886359+00,7991891,518778205,499840,0,85539,414301,518776419,469851,868041,378205,2026-09-10 19:38:55.40099+00,2026-09-10 19:38:47.513759+00,2026-09-10 19:38:59.2827+00,2026-09-10 19:38:51.103174+00,1,2,1,2,66,1872326,3881,5015
1789075130.879741,2250000,public,company_competitor,4,2026-09-10 18:39:19.241779+00,180000,532130,2026-09-10 21:18:50.886359+00,0,45000,0,0,0,0,45000,0,0,0,2026-09-10 19:29:04.853693+00,2026-09-10 17:53:22.019369+00,2026-09-10 19:29:04.892815+00,2026-09-10 17:53:22.073157+00,1,1,1,1,32,17,36,54
1789075130.879741,2250104,public,address,2,2026-09-10 18:36:32.586468+00,90008,1065443,2026-09-10 21:18:50.886359+00,2394857,45004,9,0,0,9,45004,9,9,0,2026-09-10 19:36:13.198214+00,2026-09-10 17:53:30.143186+00,2026-09-10 19:36:13.272339+00,2026-09-10 17:53:30.265233+00,1,1,1,1,1,84,75,111
1789075130.879741,2249981,public,trade_type,4526847,2026-09-10 21:18:50.886359+00,15822872,3667,2026-09-10 20:55:34.986889+00,595,5,0,0,0,0,5,0,0,0,2026-09-10 19:30:55.686368+00,,2026-09-10 19:30:55.686494+00,,1,0,1,0,1,0,1,0
1789075130.879741,2250083,public,security,722114,2026-09-10 21:18:50.886359+00,14839442700,115416990,2026-09-10 21:18:50.886359+00,116033566,20550,8,0,0,8,20550,8,8,0,2026-09-10 19:24:23.322571+00,2026-09-10 17:56:48.546012+00,2026-09-10 19:24:23.441929+00,2026-09-10 17:56:48.782769+00,1,1,1,1,6,346,119,237
1789075190.961371,2249856,public,holding,3,2026-09-10 18:14:01.1438+00,53040828,854419,2026-09-10 21:19:50.916436+00,9903184,26736670,168129,249342,48201,119928,26531976,358686,500839,216256,2026-09-10 19:36:12.75693+00,2026-09-10 18:14:29.263615+00,2026-09-10 19:36:13.060392+00,2026-09-10 18:14:29.882987+00,1,1,1,1,45,7564,301,620
1789075190.961371,2250073,public,news_xref,3,2026-09-10 18:36:32.591284+00,90000,539342,2026-09-10 21:19:50.856276+00,18,30000,0,0,0,0,30000,0,0,0,2026-09-10 19:36:13.161571+00,2026-09-10 17:56:48.169274+00,2026-09-10 19:36:13.172374+00,2026-09-10 17:56:48.192926+00,1,1,1,1,3,164,11,24
1789075190.961371,2250006,public,daily_market,6,2026-09-10 18:14:00.82828+00,53635500,53984993,2026-09-10 21:19:50.856276+00,60347898,26817750,344,0,0,344,26824697,344,344,0,2026-09-10 19:36:21.896725+00,2026-09-10 17:53:30.461218+00,2026-09-10 19:36:22.185295+00,2026-09-10 17:53:31.195492+00,1,1,1,1,1254,8383,288,735
1789075190.961371,2250052,public,last_trade,2,2026-09-10 18:39:23.400642+00,41100,75226120,2026-09-10 21:19:50.916436+00,75225891,20550,744683,0,742484,2199,20550,3347,4142,0,2026-09-10 19:29:05.269132+00,2026-09-10 17:53:30.000417+00,2026-09-10 19:29:05.305716+00,2026-09-10 21:19:17.904359+00,1,1,1,97,3,12,36,7982
1789075190.961371,2250078,public,sector,185445,2026-09-10 21:19:50.856276+00,2225340,81020,2026-09-10 20:55:18.735157+00,81020,12,0,0,0,0,12,0,0,0,2026-09-10 19:24:23.444133+00,,2026-09-10 19:24:23.444255+00,,1,0,1,0,1,0,1,0
1789075190.961371,2250114,public,taxrate,198543,2026-09-10 21:19:50.916436+00,63533760,1322,2026-09-10 21:15:53.078261+00,746,320,8,0,5,3,320,3,8,0,2026-09-10 19:36:20.64208+00,,2026-09-10 19:36:20.642648+00,2026-09-10 17:53:30.277789+00,1,0,1,1,2,0,1,1
1789075190.961371,2249968,public,trade_request,188338,2026-09-10 21:19:50.856276+00,669673048,892681,2026-09-10 21:19:50.916436+00,423821,155377,0,149616,0,0,4173,854,1704,878,2026-09-10 19:29:04.821787+00,2026-09-10 21:19:17.776618+00,2026-09-10 19:29:04.822356+00,2026-09-10 21:19:17.814306+00,1,98,1,98,1,3029,1,2730
1789075190.961371,2249881,public,watch_item,4,2026-09-10 18:39:23.873407+00,8946495,414927,2026-09-10 21:19:50.856276+00,11337,2982165,8,0,0,8,2982165,8,8,0,2026-09-10 19:29:05.082092+00,2026-09-10 17:53:21.313017+00,2026-09-10 19:29:05.26188+00,2026-09-10 17:53:21.810508+00,1,1,1,1,2,959,180,498
1789075190.961371,2249962,public,trade_history,3,2026-09-10 19:16:53.853864+00,3732502353,9579414,2026-09-10 21:19:50.856276+00,22942219,1245104575,0,0,0,0,1245100659,23628,913496,937124,2026-09-10 19:29:02.442332+00,2026-09-10 17:56:39.748253+00,2026-09-10 19:29:04.819007+00,2026-09-10 17:56:46.054213+00,1,1,1,1,277842,64922,2377,6306
1789075190.961371,2249938,public,trade,18,2026-09-10 19:24:22.633472+00,7257600000,11580247,2026-09-10 21:19:50.916436+00,7735993286,518787940,1223234,0,244073,401718,518773475,983588,1497177,387940,2026-09-10 19:36:10.673673+00,2026-09-10 17:55:13.319747+00,2026-09-10 19:36:12.708234+00,2026-09-10 17:55:14.759594+00,1,1,1,1,313984,19670,2034,1440
1789075190.961371,2250109,public,status_type,2847261,2026-09-10 21:19:50.916436+00,9028107,1152,2026-09-10 20:54:55.224112+00,0,5,0,0,0,0,5,0,0,0,2026-09-10 19:24:23.446735+00,,2026-09-10 19:24:23.446839+00,,1,0,1,0,1,0,1,0
1789075190.961371,2249909,public,charge,387942,2026-09-10 21:19:50.834163+00,5819130,0,,0,15,0,0,0,0,15,0,0,0,2026-09-10 19:30:55.68781+00,,2026-09-10 19:30:55.688433+00,,1,0,1,0,1,0,1,0
1789075190.961371,2249988,public,company,5,2026-09-10 18:39:19.216232+00,75000,69621459,2026-09-10 21:19:50.856276+00,242273450,15000,8,0,0,8,15000,8,8,0,2026-09-10 19:36:13.092374+00,2026-09-10 17:53:21.882165+00,2026-09-10 19:36:13.156371+00,2026-09-10 17:53:21.992193+00,1,1,1,1,31,17,62,110
1789075190.961371,2250062,public,news_item,1,2026-09-10 18:13:01.013209+00,30000,1077131,2026-09-10 21:19:50.856276+00,1090192,30000,16,0,0,16,30000,16,16,0,2026-09-10 19:36:13.288793+00,2026-09-10 17:56:47.547667+00,2026-09-10 19:36:20.294012+00,2026-09-10 17:56:47.994666+00,1,1,1,1,16,1484,143,447
1789075190.961371,2249891,public,broker,188211,2026-09-10 21:19:50.856276+00,56463300,1672428,2026-09-10 21:19:50.916436+00,1671142,300,389442,0,389442,0,300,106,2081,0,2026-09-10 19:24:23.448703+00,2026-09-10 21:06:17.796411+00,2026-09-10 19:38:59.555359+00,2026-09-10 21:19:17.909124+00,1,12,2,100,2,49,3,536
1789075190.961371,2249886,public,watch_list,4,2026-09-10 18:39:19.55136+00,120000,414929,2026-09-10 21:19:50.856276+00,414093,30000,0,0,0,0,30000,0,0,0,2026-09-10 19:29:05.065201+00,2026-09-10 17:53:21.830081+00,2026-09-10 19:29:05.076514+00,2026-09-10 17:53:21.851946+00,1,1,1,1,12,10,12,22
1789075190.961371,2249917,public,commission_rate,3,2026-09-10 18:36:32.553549+00,720,838833,2026-09-10 21:19:50.916436+00,1475023,240,0,0,0,0,240,0,0,0,2026-09-10 19:30:55.684574+00,,2026-09-10 19:30:55.685011+00,2026-09-10 17:53:21.85719+00,1,0,1,1,1,0,1,1
1789075190.961371,2249851,public,customer_taxrate,3,2026-09-10 18:39:19.221747+00,180000,63534983,2026-09-10 21:19:50.916436+00,6440,60000,8,0,0,8,60000,8,8,0,2026-09-10 19:36:20.607907+00,2026-09-10 17:53:20.297708+00,2026-09-10 19:36:20.638528+00,2026-09-10 17:53:20.350229+00,1,1,1,1,30,19,29,53
1789075190.961371,2249868,public,holding_history,8,2026-09-10 19:24:22.633472+00,2778954508,73439,2026-09-10 21:19:50.856276+00,163588,695372356,0,0,0,0,695228900,132890,500839,633729,2026-09-10 19:38:52.269828+00,2026-09-10 18:00:34.421363+00,2026-09-10 19:38:55.334914+00,2026-09-10 18:00:44.904449+00,1,3,1,3,149084,284220,3065,13235
1789075190.961371,2250046,public,industry,216976,2026-09-10 21:19:50.856276+00,22117407,1950662,2026-09-10 21:19:50.856276+00,1942998,102,0,0,0,0,102,0,0,0,2026-09-10 19:24:23.445694+00,,2026-09-10 19:24:23.445963+00,2026-09-10 17:53:29.973725+00,1,0,1,1,1,0,1,3
1789075190.961371,2250017,public,exchange,1267619,2026-09-10 21:19:50.856276+00,4263968,1536,2026-09-10 20:54:53.872757+00,1152,4,32,0,32,0,4,32,32,0,2026-09-10 19:30:55.68249+00,,2026-09-10 19:30:55.682645+00,,1,0,1,0,1,0,1,0
1789075190.961371,2249901,public,cash_transaction,2,2026-09-10 19:00:28.999306+00,953848714,7615263,2026-09-10 21:19:50.856276+00,7467083,477274145,482120,0,47225,434895,477326538,468582,824303,349788,2026-09-10 19:30:52.298911+00,2026-09-10 17:59:35.711751+00,2026-09-10 19:30:55.445775+00,2026-09-10 18:00:57.043327+00,1,2,1,3,105990,228022,3126,22811
1789075190.961371,2249875,public,holding_summary,5,2026-09-10 18:36:33.052121+00,4476012,4529234,2026-09-10 21:19:50.916436+00,31455964,1493894,448464,2101,395731,52733,1492016,58904,70963,1890,2026-09-10 19:24:23.479998+00,2026-09-10 18:13:22.057298+00,2026-09-10 19:24:23.595668+00,2026-09-10 21:02:18.878562+00,1,1,1,3,30,365,113,2827
1789075190.961371,2249822,public,account_permission,2,2026-09-10 18:36:32.753413+00,425940,38789,2026-09-10 21:19:50.522474+00,38797,212970,10,0,0,10,212970,10,10,0,2026-09-10 19:29:04.927437+00,2026-09-10 17:53:19.299976+00,2026-09-10 19:29:05.05201+00,2026-09-10 17:53:19.497616+00,1,1,1,1,32,109,122,198
1789075190.961371,2249841,public,customer_account,4,2026-09-10 18:45:15.480553+00,600000,3314484,2026-09-10 21:19:50.916436+00,5557957,150000,350392,0,339489,10903,150000,12201,5720,0,2026-09-10 19:24:23.226634+00,2026-09-10 17:53:20.108136+00,2026-09-10 19:24:23.311106+00,2026-09-10 21:18:18.178479+00,1,1,1,20,12,77,84,7954
1789075190.961371,2250026,public,financial,2,2026-09-10 18:36:32.673292+00,600000,537798,2026-09-10 21:19:50.856276+00,10755922,300000,160,0,0,160,300000,160,160,0,2026-09-10 19:36:20.352757+00,2026-09-10 17:53:29.521608+00,2026-09-10 19:36:20.576514+00,2026-09-10 17:53:29.956687+00,1,1,1,1,57,322,207,435
1789075190.961371,2249830,public,customer,4,2026-09-10 18:39:19.245981+00,120000,2319817,2026-09-10 21:19:50.916436+00,2317671,30000,8,0,0,8,30000,8,8,0,2026-09-10 19:24:22.892301+00,2026-09-10 17:53:19.531775+00,2026-09-10 19:24:23.201268+00,2026-09-10 17:53:20.026228+00,1,1,1,1,59,26,305,495
1789075190.961371,2250121,public,zip_code,2,2026-09-10 18:36:32.586468+00,29482,1077098,2026-09-10 21:19:50.856276+00,1075560,14741,0,0,0,0,14741,0,0,0,2026-09-10 19:36:13.175189+00,2026-09-10 17:53:30.32548+00,2026-09-10 19:36:13.194698+00,2026-09-10 17:53:30.362036+00,1,1,1,1,1,41,20,31
1789075190.961371,2249929,public,settlement,2,2026-09-10 19:06:58.095243+00,1036800000,8078412,2026-09-10 21:19:50.856276+00,8078411,518782304,505700,0,86909,418791,518780390,475049,877872,382304,2026-09-10 19:38:55.40099+00,2026-09-10 19:38:47.513759+00,2026-09-10 19:38:59.2827+00,2026-09-10 19:38:51.103174+00,1,2,1,2,66,1872326,3881,5015
1789075190.961371,2250000,public,company_competitor,4,2026-09-10 18:39:19.241779+00,180000,537782,2026-09-10 21:19:50.856276+00,0,45000,0,0,0,0,45000,0,0,0,2026-09-10 19:29:04.853693+00,2026-09-10 17:53:22.019369+00,2026-09-10 19:29:04.892815+00,2026-09-10 17:53:22.073157+00,1,1,1,1,32,17,36,54
1789075190.961371,2250104,public,address,2,2026-09-10 18:36:32.586468+00,90008,1076750,2026-09-10 21:19:50.856276+00,2420192,45004,10,0,0,10,45004,10,10,0,2026-09-10 19:36:13.198214+00,2026-09-10 17:53:30.143186+00,2026-09-10 19:36:13.272339+00,2026-09-10 17:53:30.265233+00,1,1,1,1,1,84,75,111
1789075190.961371,2249981,public,trade_type,4574638,2026-09-10 21:19:50.916436+00,15990468,3667,2026-09-10 20:55:34.986889+00,595,5,0,0,0,0,5,0,0,0,2026-09-10 19:30:55.686368+00,,2026-09-10 19:30:55.686494+00,,1,0,1,0,1,0,1,0
1789075190.961371,2250083,public,security,729829,2026-09-10 21:19:50.856276+00,14997985950,116774420,2026-09-10 21:19:50.916436+00,117398492,20550,8,0,0,8,20550,8,8,0,2026-09-10 19:24:23.322571+00,2026-09-10 17:56:48.546012+00,2026-09-10 19:24:23.441929+00,2026-09-10 17:56:48.782769+00,1,1,1,1,6,346,119,237
1789075250.050302,2249856,public,holding,3,2026-09-10 18:14:01.1438+00,53040828,863839,2026-09-10 21:20:50.049665+00,10013199,26739056,169988,252132,49105,120883,26532016,362496,506411,218642,2026-09-10 19:36:12.75693+00,2026-09-10 18:14:29.263615+00,2026-09-10 19:36:13.060392+00,2026-09-10 18:14:29.882987+00,1,1,1,1,45,7564,301,620
1789075250.050302,2250073,public,news_xref,3,2026-09-10 18:36:32.591284+00,90000,545051,2026-09-10 21:20:50.049665+00,18,30000,0,0,0,0,30000,0,0,0,2026-09-10 19:36:13.161571+00,2026-09-10 17:56:48.169274+00,2026-09-10 19:36:13.172374+00,2026-09-10 17:56:48.192926+00,1,1,1,1,3,164,11,24
1789075250.050302,2250006,public,daily_market,6,2026-09-10 18:14:00.82828+00,53635500,54557944,2026-09-10 21:20:50.049665+00,60906932,26817750,344,0,0,344,26824697,344,344,0,2026-09-10 19:36:21.896725+00,2026-09-10 17:53:30.461218+00,2026-09-10 19:36:22.185295+00,2026-09-10 17:53:31.195492+00,1,1,1,1,1254,8383,288,735
1789075250.050302,2250052,public,last_trade,2,2026-09-10 18:39:23.400642+00,41100,76021477,2026-09-10 21:20:50.049665+00,76021248,20550,752921,0,750722,2199,20550,3434,4474,0,2026-09-10 19:29:05.269132+00,2026-09-10 17:53:30.000417+00,2026-09-10 19:29:05.305716+00,2026-09-10 21:20:17.92592+00,1,1,1,98,3,12,36,8068
1789075250.050302,2250078,public,sector,187416,2026-09-10 21:20:50.049665+00,2248992,81020,2026-09-10 20:55:18.735157+00,81020,12,0,0,0,0,12,0,0,0,2026-09-10 19:24:23.444133+00,,2026-09-10 19:24:23.444255+00,,1,0,1,0,1,0,1,0
1789075250.050302,2250114,public,taxrate,200758,2026-09-10 21:20:50.049665+00,64242560,1322,2026-09-10 21:15:53.078261+00,746,320,8,0,5,3,320,3,8,0,2026-09-10 19:36:20.64208+00,,2026-09-10 19:36:20.642648+00,2026-09-10 17:53:30.277789+00,1,0,1,1,2,0,1,1
1789075250.050302,2249968,public,trade_request,190309,2026-09-10 21:20:50.049665+00,677836729,902609,2026-09-10 21:20:49.970178+00,428871,156984,0,151252,0,0,4151,889,1759,884,2026-09-10 19:29:04.821787+00,2026-09-10 21:20:17.807057+00,2026-09-10 19:29:04.822356+00,2026-09-10 21:20:17.836806+00,1,99,1,99,1,3061,1,2760
1789075250.050302,2249881,public,watch_item,4,2026-09-10 18:39:23.873407+00,8946495,419356,2026-09-10 21:20:50.049665+00,11449,2982165,8,0,0,8,2982165,8,8,0,2026-09-10 19:29:05.082092+00,2026-09-10 17:53:21.313017+00,2026-09-10 19:29:05.26188+00,2026-09-10 17:53:21.810508+00,1,1,1,1,2,959,180,498
1789075250.050302,2249962,public,trade_history,3,2026-09-10 19:16:53.853864+00,3732502353,9680454,2026-09-10 21:20:50.049665+00,23184636,1245114705,0,0,0,0,1245110541,23876,923378,947254,2026-09-10 19:29:02.442332+00,2026-09-10 17:56:39.748253+00,2026-09-10 19:29:04.819007+00,2026-09-10 17:56:46.054213+00,1,1,1,1,277842,64922,2377,6306
1789075250.050302,2249938,public,trade,18,2026-09-10 19:24:22.633472+00,7257600000,11705145,2026-09-10 21:20:50.049665+00,7818282366,518792090,1237005,0,247681,405468,518777592,993889,1513858,392090,2026-09-10 19:36:10.673673+00,2026-09-10 17:55:13.319747+00,2026-09-10 19:36:12.708234+00,2026-09-10 17:55:14.759594+00,1,1,1,1,313984,19670,2034,1440
1789075250.050302,2250109,public,status_type,2877832,2026-09-10 21:20:50.049665+00,9123738,1152,2026-09-10 20:54:55.224112+00,0,5,0,0,0,0,5,0,0,0,2026-09-10 19:24:23.446735+00,,2026-09-10 19:24:23.446839+00,,1,0,1,0,1,0,1,0
1789075250.050302,2249909,public,charge,392092,2026-09-10 21:20:50.049665+00,5881380,0,,0,15,0,0,0,0,15,0,0,0,2026-09-10 19:30:55.68781+00,,2026-09-10 19:30:55.688433+00,,1,0,1,0,1,0,1,0
1789075250.050302,2249988,public,company,5,2026-09-10 18:39:19.216232+00,75000,70465262,2026-09-10 21:20:50.049665+00,245036815,15000,9,0,0,9,15000,9,9,0,2026-09-10 19:36:13.092374+00,2026-09-10 17:53:21.882165+00,2026-09-10 19:36:13.156371+00,2026-09-10 17:53:21.992193+00,1,1,1,1,31,17,62,110
1789075250.050302,2250062,public,news_item,1,2026-09-10 18:13:01.013209+00,30000,1088549,2026-09-10 21:20:50.049665+00,1101610,30000,16,0,0,16,30000,16,16,0,2026-09-10 19:36:13.288793+00,2026-09-10 17:56:47.547667+00,2026-09-10 19:36:20.294012+00,2026-09-10 17:56:47.994666+00,1,1,1,1,16,1484,143,447
1789075250.050302,2249891,public,broker,190182,2026-09-10 21:20:50.049665+00,57054600,1690296,2026-09-10 21:20:50.049665+00,1688966,300,393757,0,393757,0,300,73,2252,0,2026-09-10 19:24:23.448703+00,2026-09-10 21:20:17.933229+00,2026-09-10 19:38:59.555359+00,2026-09-10 21:20:17.941216+00,1,13,2,101,2,54,3,544
1789075250.050302,2249886,public,watch_list,4,2026-09-10 18:39:19.55136+00,120000,419358,2026-09-10 21:20:50.049665+00,418522,30000,0,0,0,0,30000,0,0,0,2026-09-10 19:29:05.065201+00,2026-09-10 17:53:21.830081+00,2026-09-10 19:29:05.076514+00,2026-09-10 17:53:21.851946+00,1,1,1,1,12,10,12,22
1789075250.050302,2249917,public,commission_rate,3,2026-09-10 18:36:32.553549+00,720,847970,2026-09-10 21:20:50.049665+00,1491066,240,0,0,0,0,240,0,0,0,2026-09-10 19:30:55.684574+00,,2026-09-10 19:30:55.685011+00,2026-09-10 17:53:21.85719+00,1,0,1,1,1,0,1,1
1789075250.050302,2249851,public,customer_taxrate,3,2026-09-10 18:39:19.221747+00,180000,64243783,2026-09-10 21:20:50.049665+00,6588,60000,8,0,0,8,60000,8,8,0,2026-09-10 19:36:20.607907+00,2026-09-10 17:53:20.297708+00,2026-09-10 19:36:20.638528+00,2026-09-10 17:53:20.350229+00,1,1,1,1,30,19,29,53
1789075250.050302,2249868,public,holding_history,8,2026-09-10 19:24:22.633472+00,2778954508,74178,2026-09-10 21:20:50.014341+00,165280,695379391,0,0,0,0,695234472,134353,506411,640764,2026-09-10 19:38:52.269828+00,2026-09-10 18:00:34.421363+00,2026-09-10 19:38:55.334914+00,2026-09-10 18:00:44.904449+00,1,3,1,3,149084,284220,3065,13235
1789075250.050302,2250046,public,industry,219331,2026-09-10 21:20:50.049665+00,22357617,1967843,2026-09-10 21:20:50.049665+00,1960125,102,0,0,0,0,102,0,0,0,2026-09-10 19:24:23.445694+00,,2026-09-10 19:24:23.445963+00,2026-09-10 17:53:29.973725+00,1,0,1,1,1,0,1,3
1789075250.050302,2250017,public,exchange,1281005,2026-09-10 21:20:50.049665+00,4308856,1536,2026-09-10 20:54:53.872757+00,1152,4,32,0,32,0,4,32,32,0,2026-09-10 19:30:55.68249+00,,2026-09-10 19:30:55.682645+00,,1,0,1,0,1,0,1,0
1789075250.050302,2249901,public,cash_transaction,2,2026-09-10 19:00:28.999306+00,953848714,7696368,2026-09-10 21:20:50.049665+00,7546611,477278059,487522,0,48090,439432,477330352,473625,833519,353702,2026-09-10 19:30:52.298911+00,2026-09-10 17:59:35.711751+00,2026-09-10 19:30:55.445775+00,2026-09-10 18:00:57.043327+00,1,2,1,3,105990,228022,3126,22811
1789075250.050302,2249875,public,holding_summary,5,2026-09-10 18:36:33.052121+00,4476012,4577493,2026-09-10 21:20:50.049665+00,31786951,1493920,453416,2125,400376,53040,1492019,59284,75092,1916,2026-09-10 19:24:23.479998+00,2026-09-10 18:13:22.057298+00,2026-09-10 19:24:23.595668+00,2026-09-10 21:02:18.878562+00,1,1,1,3,30,365,113,2827
1789075250.050302,2249822,public,account_permission,2,2026-09-10 18:36:32.753413+00,425940,39173,2026-09-10 21:20:50.014341+00,39181,212970,10,0,0,10,212970,10,10,0,2026-09-10 19:29:04.927437+00,2026-09-10 17:53:19.299976+00,2026-09-10 19:29:05.05201+00,2026-09-10 17:53:19.497616+00,1,1,1,1,32,109,122,198
1789075250.050302,2249841,public,customer_account,4,2026-09-10 18:45:15.480553+00,600000,3350337,2026-09-10 21:20:50.049665+00,5617338,150000,354309,0,343361,10948,150000,12316,9534,0,2026-09-10 19:24:23.226634+00,2026-09-10 17:53:20.108136+00,2026-09-10 19:24:23.311106+00,2026-09-10 21:18:18.178479+00,1,1,1,20,12,77,84,7954
1789075250.050302,2250026,public,financial,2,2026-09-10 18:36:32.673292+00,600000,543507,2026-09-10 21:20:50.049665+00,10870102,300000,160,0,0,160,300000,160,160,0,2026-09-10 19:36:20.352757+00,2026-09-10 17:53:29.521608+00,2026-09-10 19:36:20.576514+00,2026-09-10 17:53:29.956687+00,1,1,1,1,57,322,207,435
1789075250.050302,2249830,public,customer,4,2026-09-10 18:39:19.245981+00,120000,2344633,2026-09-10 21:20:50.049665+00,2342439,30000,8,0,0,8,30000,8,8,0,2026-09-10 19:24:22.892301+00,2026-09-10 17:53:19.531775+00,2026-09-10 19:24:23.201268+00,2026-09-10 17:53:20.026228+00,1,1,1,1,59,26,305,495
1789075250.050302,2250121,public,zip_code,2,2026-09-10 18:36:32.586468+00,29482,1088516,2026-09-10 21:20:50.049665+00,1086978,14741,0,0,0,0,14741,0,0,0,2026-09-10 19:36:13.175189+00,2026-09-10 17:53:30.32548+00,2026-09-10 19:36:13.194698+00,2026-09-10 17:53:30.362036+00,1,1,1,1,1,41,20,31
1789075250.050302,2249929,public,settlement,2,2026-09-10 19:06:58.095243+00,1036800000,8163452,2026-09-10 21:20:50.049665+00,8163451,518786558,510820,0,88204,422616,518784519,479451,887121,386558,2026-09-10 19:38:55.40099+00,2026-09-10 19:38:47.513759+00,2026-09-10 19:38:59.2827+00,2026-09-10 19:38:51.103174+00,1,2,1,2,66,1872326,3881,5015
1789075250.050302,2250000,public,company_competitor,4,2026-09-10 18:39:19.241779+00,180000,543491,2026-09-10 21:20:50.049665+00,0,45000,0,0,0,0,45000,0,0,0,2026-09-10 19:29:04.853693+00,2026-09-10 17:53:22.019369+00,2026-09-10 19:29:04.892815+00,2026-09-10 17:53:22.073157+00,1,1,1,1,32,17,36,54
1789075250.050302,2250104,public,address,2,2026-09-10 18:36:32.586468+00,90008,1088168,2026-09-10 21:20:50.049665+00,2445790,45004,10,0,0,10,45004,10,10,0,2026-09-10 19:36:13.198214+00,2026-09-10 17:53:30.143186+00,2026-09-10 19:36:13.272339+00,2026-09-10 17:53:30.265233+00,1,1,1,1,1,84,75,111
1789075250.050302,2249981,public,trade_type,4623127,2026-09-10 21:20:50.049665+00,16160357,3667,2026-09-10 20:55:34.986889+00,595,5,0,0,0,0,5,0,0,0,2026-09-10 19:30:55.686368+00,,2026-09-10 19:30:55.686494+00,,1,0,1,0,1,0,1,0
1789075250.050302,2250083,public,security,737506,2026-09-10 21:20:50.049665+00,15155748300,118120032,2026-09-10 21:20:50.049665+00,118751190,20550,8,0,0,8,20550,8,8,0,2026-09-10 19:24:23.322571+00,2026-09-10 17:56:48.546012+00,2026-09-10 19:24:23.441929+00,2026-09-10 17:56:48.782769+00,1,1,1,1,6,346,119,237
1789075310.165523,2249856,public,holding,3,2026-09-10 18:14:01.1438+00,53040828,872958,2026-09-10 21:21:50.028032+00,10116071,26741331,171727,254879,49958,121769,26532043,366094,511849,220917,2026-09-10 19:36:12.75693+00,2026-09-10 18:14:29.263615+00,2026-09-10 19:36:13.060392+00,2026-09-10 18:14:29.882987+00,1,1,1,1,45,7564,301,620
1789075310.165523,2250073,public,news_xref,3,2026-09-10 18:36:32.591284+00,90000,550697,2026-09-10 21:21:50.154193+00,18,30000,0,0,0,0,30000,0,0,0,2026-09-10 19:36:13.161571+00,2026-09-10 17:56:48.169274+00,2026-09-10 19:36:13.172374+00,2026-09-10 17:56:48.192926+00,1,1,1,1,3,164,11,24
1789075310.165523,2250006,public,daily_market,6,2026-09-10 18:14:00.82828+00,53635500,55121110,2026-09-10 21:21:50.154193+00,61456177,26817750,344,0,0,344,26824697,344,344,0,2026-09-10 19:36:21.896725+00,2026-09-10 17:53:30.461218+00,2026-09-10 19:36:22.185295+00,2026-09-10 17:53:31.195492+00,1,1,1,1,1254,8383,288,735
1789075310.165523,2250052,public,last_trade,2,2026-09-10 18:39:23.400642+00,41100,76808723,2026-09-10 21:21:50.154193+00,76808494,20550,761000,0,758801,2199,20550,3454,4210,0,2026-09-10 19:29:05.269132+00,2026-09-10 17:53:30.000417+00,2026-09-10 19:29:05.305716+00,2026-09-10 21:21:17.914361+00,1,1,1,99,3,12,36,8145
1789075310.165523,2250078,public,sector,189418,2026-09-10 21:21:50.139499+00,2273016,81020,2026-09-10 20:55:18.735157+00,81020,12,0,0,0,0,12,0,0,0,2026-09-10 19:24:23.444133+00,,2026-09-10 19:24:23.444255+00,,1,0,1,0,1,0,1,0
1789075310.165523,2250114,public,taxrate,202823,2026-09-10 21:21:50.028032+00,64903360,1322,2026-09-10 21:15:53.078261+00,746,320,8,0,5,3,320,3,8,0,2026-09-10 19:36:20.64208+00,,2026-09-10 19:36:20.642648+00,2026-09-10 17:53:30.277789+00,1,0,1,1,2,0,1,1
1789075310.165523,2249968,public,trade_request,192311,2026-09-10 21:21:50.139499+00,686092982,912395,2026-09-10 21:21:49.754812+00,433851,158624,0,152905,0,0,4121,897,1710,854,2026-09-10 19:29:04.821787+00,2026-09-10 21:21:17.797642+00,2026-09-10 19:29:04.822356+00,2026-09-10 21:21:17.828744+00,1,100,1,100,1,3090,1,2792
1789075310.165523,2249881,public,watch_item,4,2026-09-10 18:39:23.873407+00,8946495,423638,2026-09-10 21:21:50.154193+00,11491,2982165,8,0,0,8,2982165,8,8,0,2026-09-10 19:29:05.082092+00,2026-09-10 17:53:21.313017+00,2026-09-10 19:29:05.26188+00,2026-09-10 17:53:21.810508+00,1,1,1,1,2,959,180,498
1789075310.165523,2249962,public,trade_history,3,2026-09-10 19:16:53.853864+00,3732502353,9780364,2026-09-10 21:21:50.154193+00,23424025,1245124630,0,0,0,0,1245120231,24111,933068,957179,2026-09-10 19:29:02.442332+00,2026-09-10 17:56:39.748253+00,2026-09-10 19:29:04.819007+00,2026-09-10 17:56:46.054213+00,1,1,1,1,277842,64922,2377,6306
1789075310.165523,2249938,public,trade,18,2026-09-10 19:24:22.633472+00,7257600000,11827416,2026-09-10 21:21:50.154193+00,7899092927,518796144,1249990,0,251023,408868,518781605,1003510,1529802,396144,2026-09-10 19:36:10.673673+00,2026-09-10 17:55:13.319747+00,2026-09-10 19:36:12.708234+00,2026-09-10 17:55:14.759594+00,1,1,1,1,313984,19670,2034,1440
1789075310.165523,2250109,public,status_type,2908012,2026-09-10 21:21:50.154193+00,9218803,1152,2026-09-10 20:54:55.224112+00,0,5,0,0,0,0,5,0,0,0,2026-09-10 19:24:23.446735+00,,2026-09-10 19:24:23.446839+00,,1,0,1,0,1,0,1,0
1789075310.165523,2249909,public,charge,396146,2026-09-10 21:21:50.154193+00,5942190,0,,0,15,0,0,0,0,15,0,0,0,2026-09-10 19:30:55.68781+00,,2026-09-10 19:30:55.688433+00,,1,0,1,0,1,0,1,0
1789075310.165523,2249988,public,company,5,2026-09-10 18:39:19.216232+00,75000,71323256,2026-09-10 21:21:50.154193+00,247784377,15000,9,0,0,9,15000,9,9,0,2026-09-10 19:36:13.092374+00,2026-09-10 17:53:21.882165+00,2026-09-10 19:36:13.156371+00,2026-09-10 17:53:21.992193+00,1,1,1,1,31,17,62,110
1789075310.165523,2250062,public,news_item,1,2026-09-10 18:13:01.013209+00,30000,1099841,2026-09-10 21:21:50.154193+00,1112902,30000,16,0,0,16,30000,16,16,0,2026-09-10 19:36:13.288793+00,2026-09-10 17:56:47.547667+00,2026-09-10 19:36:20.294012+00,2026-09-10 17:56:47.994666+00,1,1,1,1,16,1484,143,447
1789075310.165523,2249891,public,broker,192184,2026-09-10 21:21:50.139499+00,57655200,1707992,2026-09-10 21:21:50.154193+00,1706650,300,397947,0,397947,0,300,34,2126,0,2026-09-10 19:24:23.448703+00,2026-09-10 21:20:17.933229+00,2026-09-10 19:38:59.555359+00,2026-09-10 21:21:17.923182+00,1,13,2,102,2,54,3,551
1789075310.165523,2249886,public,watch_list,4,2026-09-10 18:39:19.55136+00,120000,423640,2026-09-10 21:21:50.154193+00,422804,30000,0,0,0,0,30000,0,0,0,2026-09-10 19:29:05.065201+00,2026-09-10 17:53:21.830081+00,2026-09-10 19:29:05.076514+00,2026-09-10 17:53:21.851946+00,1,1,1,1,12,10,12,22
1789075310.165523,2249917,public,commission_rate,3,2026-09-10 18:36:32.553549+00,720,856798,2026-09-10 21:21:50.154193+00,1506585,240,0,0,0,0,240,0,0,0,2026-09-10 19:30:55.684574+00,,2026-09-10 19:30:55.685011+00,2026-09-10 17:53:21.85719+00,1,0,1,1,1,0,1,1
1789075310.165523,2249851,public,customer_taxrate,3,2026-09-10 18:39:19.221747+00,180000,64904583,2026-09-10 21:21:50.028032+00,6738,60000,8,0,0,8,60000,8,8,0,2026-09-10 19:36:20.607907+00,2026-09-10 17:53:20.297708+00,2026-09-10 19:36:20.638528+00,2026-09-10 17:53:20.350229+00,1,1,1,1,30,19,29,53
1789075310.165523,2249868,public,holding_history,8,2026-09-10 19:24:22.633472+00,2778954508,74979,2026-09-10 21:21:49.818322+00,167094,695386152,0,0,0,0,695239910,135676,511849,647525,2026-09-10 19:38:52.269828+00,2026-09-10 18:00:34.421363+00,2026-09-10 19:38:55.334914+00,2026-09-10 18:00:44.904449+00,1,3,1,3,149084,284220,3065,13235
1789075310.165523,2250046,public,industry,221711,2026-09-10 21:21:50.139499+00,22600377,1984835,2026-09-10 21:21:50.154193+00,1977063,102,0,0,0,0,102,0,0,0,2026-09-10 19:24:23.445694+00,,2026-09-10 19:24:23.445963+00,2026-09-10 17:53:29.973725+00,1,0,1,1,1,0,1,3
1789075310.165523,2250017,public,exchange,1294343,2026-09-10 21:21:50.154193+00,4353742,1536,2026-09-10 20:54:53.872757+00,1152,4,32,0,32,0,4,32,32,0,2026-09-10 19:30:55.68249+00,,2026-09-10 19:30:55.682645+00,,1,0,1,0,1,0,1,0
1789075310.165523,2249901,public,cash_transaction,2,2026-09-10 19:00:28.999306+00,953848714,7775637,2026-09-10 21:21:50.154193+00,7624391,477281799,492503,0,48938,443565,477334021,478197,842169,357442,2026-09-10 19:30:52.298911+00,2026-09-10 17:59:35.711751+00,2026-09-10 19:30:55.445775+00,2026-09-10 18:00:57.043327+00,1,2,1,3,105990,228022,3126,22811
1789075310.165523,2249875,public,holding_summary,5,2026-09-10 18:36:33.052121+00,4476012,4625284,2026-09-10 21:21:50.154193+00,32120080,1493937,458165,2148,404863,53302,1492019,59488,79116,1933,2026-09-10 19:24:23.479998+00,2026-09-10 18:13:22.057298+00,2026-09-10 19:24:23.595668+00,2026-09-10 21:02:18.878562+00,1,1,1,3,30,365,113,2827
1789075310.165523,2249822,public,account_permission,2,2026-09-10 18:36:32.753413+00,425940,39592,2026-09-10 21:21:50.139499+00,39600,212970,10,0,0,10,212970,10,10,0,2026-09-10 19:29:04.927437+00,2026-09-10 17:53:19.299976+00,2026-09-10 19:29:05.05201+00,2026-09-10 17:53:19.497616+00,1,1,1,1,32,109,122,198
1789075310.165523,2249841,public,customer_account,4,2026-09-10 18:45:15.480553+00,600000,3385402,2026-09-10 21:21:50.154193+00,5676081,150000,358053,0,347073,10980,150000,12366,13203,0,2026-09-10 19:24:23.226634+00,2026-09-10 17:53:20.108136+00,2026-09-10 19:24:23.311106+00,2026-09-10 21:18:18.178479+00,1,1,1,20,12,77,84,7954
1789075310.165523,2250026,public,financial,2,2026-09-10 18:36:32.673292+00,600000,549153,2026-09-10 21:21:50.154193+00,10983022,300000,160,0,0,160,300000,160,160,0,2026-09-10 19:36:20.352757+00,2026-09-10 17:53:29.521608+00,2026-09-10 19:36:20.576514+00,2026-09-10 17:53:29.956687+00,1,1,1,1,57,322,207,435
1789075310.165523,2249830,public,customer,4,2026-09-10 18:39:19.245981+00,120000,2369029,2026-09-10 21:21:50.154193+00,2366785,30000,9,0,0,9,30000,9,9,0,2026-09-10 19:24:22.892301+00,2026-09-10 17:53:19.531775+00,2026-09-10 19:24:23.201268+00,2026-09-10 17:53:20.026228+00,1,1,1,1,59,26,305,495
1789075310.165523,2250121,public,zip_code,2,2026-09-10 18:36:32.586468+00,29482,1099808,2026-09-10 21:21:50.154193+00,1098270,14741,0,0,0,0,14741,0,0,0,2026-09-10 19:36:13.175189+00,2026-09-10 17:53:30.32548+00,2026-09-10 19:36:13.194698+00,2026-09-10 17:53:30.362036+00,1,1,1,1,1,41,20,31
1789075310.165523,2249929,public,settlement,2,2026-09-10 19:06:58.095243+00,1036800000,8247092,2026-09-10 21:21:50.154193+00,8247091,518790673,515840,0,89345,426495,518788543,483697,896165,390673,2026-09-10 19:38:55.40099+00,2026-09-10 19:38:47.513759+00,2026-09-10 19:38:59.2827+00,2026-09-10 19:38:51.103174+00,1,2,1,2,66,1872326,3881,5015
1789075310.165523,2250000,public,company_competitor,4,2026-09-10 18:39:19.241779+00,180000,549137,2026-09-10 21:21:50.154193+00,0,45000,0,0,0,0,45000,0,0,0,2026-09-10 19:29:04.853693+00,2026-09-10 17:53:22.019369+00,2026-09-10 19:29:04.892815+00,2026-09-10 17:53:22.073157+00,1,1,1,1,32,17,36,54
1789075310.165523,2250104,public,address,2,2026-09-10 18:36:32.586468+00,90008,1099460,2026-09-10 21:21:50.154193+00,2471200,45004,10,0,0,10,45004,10,10,0,2026-09-10 19:36:13.198214+00,2026-09-10 17:53:30.143186+00,2026-09-10 19:36:13.272339+00,2026-09-10 17:53:30.265233+00,1,1,1,1,1,84,75,111
1789075310.165523,2249981,public,trade_type,4671148,2026-09-10 21:21:50.154193+00,16328782,3667,2026-09-10 20:55:34.986889+00,595,5,0,0,0,0,5,0,0,0,2026-09-10 19:30:55.686368+00,,2026-09-10 19:30:55.686494+00,,1,0,1,0,1,0,1,0
1789075310.165523,2250083,public,security,745198,2026-09-10 21:21:50.154193+00,15313818900,119470148,2026-09-10 21:21:50.154193+00,120108634,20550,8,0,0,8,20550,8,8,0,2026-09-10 19:24:23.322571+00,2026-09-10 17:56:48.546012+00,2026-09-10 19:24:23.441929+00,2026-09-10 17:56:48.782769+00,1,1,1,1,6,346,119,237
1789075370.258630,2249856,public,holding,3,2026-09-10 18:14:01.1438+00,53040828,882109,2026-09-10 21:22:50.251884+00,10222232,26743707,173443,257630,50833,122610,26532116,369700,517368,223293,2026-09-10 19:36:12.75693+00,2026-09-10 18:14:29.263615+00,2026-09-10 19:36:13.060392+00,2026-09-10 18:14:29.882987+00,1,1,1,1,45,7564,301,620
1789075370.258630,2250073,public,news_xref,3,2026-09-10 18:36:32.591284+00,90000,556404,2026-09-10 21:22:50.251884+00,18,30000,0,0,0,0,30000,0,0,0,2026-09-10 19:36:13.161571+00,2026-09-10 17:56:48.169274+00,2026-09-10 19:36:13.172374+00,2026-09-10 17:56:48.192926+00,1,1,1,1,3,164,11,24
1789075370.258630,2250006,public,daily_market,6,2026-09-10 18:14:00.82828+00,53635500,55688632,2026-09-10 21:22:50.251884+00,62009702,26817750,344,0,0,344,26824697,344,344,0,2026-09-10 19:36:21.896725+00,2026-09-10 17:53:30.461218+00,2026-09-10 19:36:22.185295+00,2026-09-10 17:53:31.195492+00,1,1,1,1,1254,8383,288,735
1789075370.258630,2250052,public,last_trade,2,2026-09-10 18:39:23.400642+00,41100,77602252,2026-09-10 21:22:50.251884+00,77602023,20550,769102,0,766902,2200,20550,3490,4281,0,2026-09-10 19:29:05.269132+00,2026-09-10 17:53:30.000417+00,2026-09-10 19:29:05.305716+00,2026-09-10 21:22:17.93204+00,1,1,1,100,3,12,36,8232
1789075370.258630,2250078,public,sector,191443,2026-09-10 21:22:50.251884+00,2297316,81020,2026-09-10 20:55:18.735157+00,81020,12,0,0,0,0,12,0,0,0,2026-09-10 19:24:23.444133+00,,2026-09-10 19:24:23.444255+00,,1,0,1,0,1,0,1,0
1789075370.258630,2250114,public,taxrate,204842,2026-09-10 21:22:50.251884+00,65549440,1323,2026-09-10 21:21:53.120113+00,747,320,8,0,5,3,320,3,8,0,2026-09-10 19:36:20.64208+00,,2026-09-10 19:36:20.642648+00,2026-09-10 17:53:30.277789+00,1,0,1,1,2,0,1,1
1789075370.258630,2249968,public,trade_request,194336,2026-09-10 21:22:50.251884+00,694370252,922190,2026-09-10 21:22:50.148042+00,438800,160304,0,154550,0,0,4144,881,1757,909,2026-09-10 19:29:04.821787+00,2026-09-10 21:22:17.812011+00,2026-09-10 19:29:04.822356+00,2026-09-10 21:22:17.83869+00,1,101,1,101,1,3122,1,2819
1789075370.258630,2249881,public,watch_item,4,2026-09-10 18:39:23.873407+00,8946495,427976,2026-09-10 21:22:50.251884+00,11963,2982165,8,0,0,8,2982165,8,8,0,2026-09-10 19:29:05.082092+00,2026-09-10 17:53:21.313017+00,2026-09-10 19:29:05.26188+00,2026-09-10 17:53:21.810508+00,1,1,1,1,2,959,180,498
1789075370.258630,2249962,public,trade_history,3,2026-09-10 19:16:53.853864+00,3732502353,9882744,2026-09-10 21:22:50.251884+00,23669564,1245134687,0,0,0,0,1245130042,24357,942879,967236,2026-09-10 19:29:02.442332+00,2026-09-10 17:56:39.748253+00,2026-09-10 19:29:04.819007+00,2026-09-10 17:56:46.054213+00,1,1,1,1,277842,64922,2377,6306
1789075370.258630,2249938,public,trade,18,2026-09-10 19:24:22.633472+00,7257600000,11952813,2026-09-10 21:22:50.251884+00,7981508627,518800232,1263275,0,254370,412454,518785657,1013485,1546040,400232,2026-09-10 19:36:10.673673+00,2026-09-10 17:55:13.319747+00,2026-09-10 19:36:12.708234+00,2026-09-10 17:55:14.759594+00,1,1,1,1,313984,19670,2034,1440
1789075370.258630,2250109,public,status_type,2938593,2026-09-10 21:22:50.251884+00,9314969,1152,2026-09-10 20:54:55.224112+00,0,5,0,0,0,0,5,0,0,0,2026-09-10 19:24:23.446735+00,,2026-09-10 19:24:23.446839+00,,1,0,1,0,1,0,1,0
1789075370.258630,2249909,public,charge,400234,2026-09-10 21:22:50.251884+00,6003510,0,,0,15,0,0,0,0,15,0,0,0,2026-09-10 19:30:55.68781+00,,2026-09-10 19:30:55.688433+00,,1,0,1,0,1,0,1,0
1789075370.258630,2249988,public,company,5,2026-09-10 18:39:19.216232+00,75000,72181685,2026-09-10 21:22:50.251884+00,250502386,15000,9,0,0,9,15000,9,9,0,2026-09-10 19:36:13.092374+00,2026-09-10 17:53:21.882165+00,2026-09-10 19:36:13.156371+00,2026-09-10 17:53:21.992193+00,1,1,1,1,31,17,62,110
1789075370.258630,2250062,public,news_item,1,2026-09-10 18:13:01.013209+00,30000,1111255,2026-09-10 21:22:50.251884+00,1124316,30000,16,0,0,16,30000,16,16,0,2026-09-10 19:36:13.288793+00,2026-09-10 17:56:47.547667+00,2026-09-10 19:36:20.294012+00,2026-09-10 17:56:47.994666+00,1,1,1,1,16,1484,143,447
1789075370.258630,2249891,public,broker,194209,2026-09-10 21:22:50.251884+00,58262700,1725888,2026-09-10 21:22:50.251884+00,1724539,300,402235,0,402235,0,300,85,2213,0,2026-09-10 19:24:23.448703+00,2026-09-10 21:20:17.933229+00,2026-09-10 19:38:59.555359+00,2026-09-10 21:22:17.940781+00,1,13,2,103,2,54,3,558
1789075370.258630,2249886,public,watch_list,4,2026-09-10 18:39:19.55136+00,120000,427978,2026-09-10 21:22:50.251884+00,427142,30000,0,0,0,0,30000,0,0,0,2026-09-10 19:29:05.065201+00,2026-09-10 17:53:21.830081+00,2026-09-10 19:29:05.076514+00,2026-09-10 17:53:21.851946+00,1,1,1,1,12,10,12,22
1789075370.258630,2249917,public,commission_rate,3,2026-09-10 18:36:32.553549+00,720,865792,2026-09-10 21:22:50.251884+00,1522564,240,0,0,0,0,240,0,0,0,2026-09-10 19:30:55.684574+00,,2026-09-10 19:30:55.685011+00,2026-09-10 17:53:21.85719+00,1,0,1,1,1,0,1,1
1789075370.258630,2249851,public,customer_taxrate,3,2026-09-10 18:39:19.221747+00,180000,65550736,2026-09-10 21:22:50.251884+00,6887,60000,9,0,0,9,60000,9,9,0,2026-09-10 19:36:20.607907+00,2026-09-10 17:53:20.297708+00,2026-09-10 19:36:20.638528+00,2026-09-10 17:53:20.350229+00,1,1,1,1,30,19,29,53
1789075370.258630,2249868,public,holding_history,8,2026-09-10 19:24:22.633472+00,2778954508,75773,2026-09-10 21:22:50.251884+00,168890,695392995,0,0,0,0,695245429,137000,517368,654368,2026-09-10 19:38:52.269828+00,2026-09-10 18:00:34.421363+00,2026-09-10 19:38:55.334914+00,2026-09-10 18:00:44.904449+00,1,3,1,3,149084,284220,3065,13235
1789075370.258630,2250046,public,industry,224108,2026-09-10 21:22:50.251884+00,22844871,2002004,2026-09-10 21:22:50.251884+00,1994184,102,0,0,0,0,102,0,0,0,2026-09-10 19:24:23.445694+00,,2026-09-10 19:24:23.445963+00,2026-09-10 17:53:29.973725+00,1,0,1,1,1,0,1,3
1789075370.258630,2250017,public,exchange,1307826,2026-09-10 21:22:50.251884+00,4399062,1536,2026-09-10 20:54:53.872757+00,1152,4,32,0,32,0,4,32,32,0,2026-09-10 19:30:55.68249+00,,2026-09-10 19:30:55.682645+00,,1,0,1,0,1,0,1,0
1789075370.258630,2249901,public,cash_transaction,2,2026-09-10 19:00:28.999306+00,953848714,7856492,2026-09-10 21:22:50.251884+00,7703705,477285656,497466,0,49834,447632,477337817,482714,850928,361299,2026-09-10 19:30:52.298911+00,2026-09-10 17:59:35.711751+00,2026-09-10 19:30:55.445775+00,2026-09-10 18:00:57.043327+00,1,2,1,3,105990,228022,3126,22811
1789075370.258630,2249875,public,holding_summary,5,2026-09-10 18:36:33.052121+00,4476012,4673681,2026-09-10 21:22:50.251884+00,32456640,1493973,463016,2174,409476,53540,1492035,59881,83230,1969,2026-09-10 19:24:23.479998+00,2026-09-10 18:13:22.057298+00,2026-09-10 19:24:23.595668+00,2026-09-10 21:02:18.878562+00,1,1,1,3,30,365,113,2827
1789075370.258630,2249822,public,account_permission,2,2026-09-10 18:36:32.753413+00,425940,40047,2026-09-10 21:22:50.214645+00,40055,212970,10,0,0,10,212970,10,10,0,2026-09-10 19:29:04.927437+00,2026-09-10 17:53:19.299976+00,2026-09-10 19:29:05.05201+00,2026-09-10 17:53:19.497616+00,1,1,1,1,32,109,122,198
1789075370.258630,2249841,public,customer_account,4,2026-09-10 18:45:15.480553+00,600000,3420955,2026-09-10 21:22:50.251884+00,5735439,150000,361918,0,350909,11009,150000,12420,16999,0,2026-09-10 19:24:23.226634+00,2026-09-10 17:53:20.108136+00,2026-09-10 19:24:23.311106+00,2026-09-10 21:18:18.178479+00,1,1,1,20,12,77,84,7954
1789075370.258630,2250026,public,financial,2,2026-09-10 18:36:32.673292+00,600000,554860,2026-09-10 21:22:50.251884+00,11097162,300000,160,0,0,160,300000,160,160,0,2026-09-10 19:36:20.352757+00,2026-09-10 17:53:29.521608+00,2026-09-10 19:36:20.576514+00,2026-09-10 17:53:29.956687+00,1,1,1,1,57,322,207,435
1789075370.258630,2249830,public,customer,4,2026-09-10 18:39:19.245981+00,120000,2393841,2026-09-10 21:22:50.251884+00,2391597,30000,9,0,0,9,30000,9,9,0,2026-09-10 19:24:22.892301+00,2026-09-10 17:53:19.531775+00,2026-09-10 19:24:23.201268+00,2026-09-10 17:53:20.026228+00,1,1,1,1,59,26,305,495
1789075370.258630,2250121,public,zip_code,2,2026-09-10 18:36:32.586468+00,29482,1111222,2026-09-10 21:22:50.251884+00,1109684,14741,0,0,0,0,14741,0,0,0,2026-09-10 19:36:13.175189+00,2026-09-10 17:53:30.32548+00,2026-09-10 19:36:13.194698+00,2026-09-10 17:53:30.362036+00,1,1,1,1,1,41,20,31
1789075370.258630,2249929,public,settlement,2,2026-09-10 19:06:58.095243+00,1036800000,8333772,2026-09-10 21:22:50.251884+00,8333771,518794879,521420,0,90615,430805,518792657,488529,905859,394879,2026-09-10 19:38:55.40099+00,2026-09-10 19:38:47.513759+00,2026-09-10 19:38:59.2827+00,2026-09-10 19:38:51.103174+00,1,2,1,2,66,1872326,3881,5015
1789075370.258630,2250000,public,company_competitor,4,2026-09-10 18:39:19.241779+00,180000,554844,2026-09-10 21:22:50.251884+00,0,45000,0,0,0,0,45000,0,0,0,2026-09-10 19:29:04.853693+00,2026-09-10 17:53:22.019369+00,2026-09-10 19:29:04.892815+00,2026-09-10 17:53:22.073157+00,1,1,1,1,32,17,36,54
1789075370.258630,2250104,public,address,2,2026-09-10 18:36:32.586468+00,90008,1110874,2026-09-10 21:22:50.251884+00,2496830,45004,10,0,0,10,45004,10,10,0,2026-09-10 19:36:13.198214+00,2026-09-10 17:53:30.143186+00,2026-09-10 19:36:13.272339+00,2026-09-10 17:53:30.265233+00,1,1,1,1,1,84,75,111
1789075370.258630,2249981,public,trade_type,4720563,2026-09-10 21:22:50.251884+00,16501450,3667,2026-09-10 20:55:34.986889+00,595,5,0,0,0,0,5,0,0,0,2026-09-10 19:30:55.686368+00,,2026-09-10 19:30:55.686494+00,,1,0,1,0,1,0,1,0
1789075370.258630,2250083,public,security,752974,2026-09-10 21:22:50.251884+00,15473615700,120822637,2026-09-10 21:22:50.251884+00,121467407,20550,8,0,0,8,20550,8,8,0,2026-09-10 19:24:23.322571+00,2026-09-10 17:56:48.546012+00,2026-09-10 19:24:23.441929+00,2026-09-10 17:56:48.782769+00,1,1,1,1,6,346,119,237
1789075430.379128,2249856,public,holding,3,2026-09-10 18:14:01.1438+00,53040828,891505,2026-09-10 21:23:50.340625+00,10328251,26746014,175267,260392,51780,123487,26532182,373331,522838,225600,2026-09-10 19:36:12.75693+00,2026-09-10 18:14:29.263615+00,2026-09-10 19:36:13.060392+00,2026-09-10 18:14:29.882987+00,1,1,1,1,45,7564,301,620
1789075430.379128,2250073,public,news_xref,3,2026-09-10 18:36:32.591284+00,90000,562209,2026-09-10 21:23:50.340625+00,18,30000,0,0,0,0,30000,0,0,0,2026-09-10 19:36:13.161571+00,2026-09-10 17:56:48.169274+00,2026-09-10 19:36:13.172374+00,2026-09-10 17:56:48.192926+00,1,1,1,1,3,164,11,24
1789075430.379128,2250006,public,daily_market,6,2026-09-10 18:14:00.82828+00,53635500,56264314,2026-09-10 21:23:50.340625+00,62572601,26817750,387,0,0,387,26824697,387,387,0,2026-09-10 19:36:21.896725+00,2026-09-10 17:53:30.461218+00,2026-09-10 19:36:22.185295+00,2026-09-10 17:53:31.195492+00,1,1,1,1,1254,8383,288,735
1789075430.379128,2250052,public,last_trade,2,2026-09-10 18:39:23.400642+00,41100,78411550,2026-09-10 21:23:50.340625+00,78411321,20550,777387,0,775186,2201,20550,3447,4419,0,2026-09-10 19:29:05.269132+00,2026-09-10 17:53:30.000417+00,2026-09-10 19:29:05.305716+00,2026-09-10 21:23:18.382797+00,1,1,1,101,3,12,36,8319
1789075430.379128,2250078,public,sector,193456,2026-09-10 21:23:50.26814+00,2321472,81020,2026-09-10 20:55:18.735157+00,81020,12,0,0,0,0,12,0,0,0,2026-09-10 19:24:23.444133+00,,2026-09-10 19:24:23.444255+00,,1,0,1,0,1,0,1,0
1789075430.379128,2250114,public,taxrate,207025,2026-09-10 21:23:50.340625+00,66248000,1323,2026-09-10 21:21:53.120113+00,747,320,8,0,5,3,320,3,8,0,2026-09-10 19:36:20.64208+00,,2026-09-10 19:36:20.642648+00,2026-09-10 17:53:30.277789+00,1,0,1,1,2,0,1,1
1789075430.379128,2249968,public,trade_request,196349,2026-09-10 21:23:50.26814+00,702673206,932204,2026-09-10 21:23:50.203474+00,443850,161974,0,156231,0,0,4128,931,1828,918,2026-09-10 19:29:04.821787+00,2026-09-10 21:23:18.274953+00,2026-09-10 19:29:04.822356+00,2026-09-10 21:23:18.294378+00,1,102,1,102,1,3150,1,2839
1789075430.379128,2249881,public,watch_item,4,2026-09-10 18:39:23.873407+00,8946495,432377,2026-09-10 21:23:50.340625+00,12101,2982165,8,0,0,8,2982165,8,8,0,2026-09-10 19:29:05.082092+00,2026-09-10 17:53:21.313017+00,2026-09-10 19:29:05.26188+00,2026-09-10 17:53:21.810508+00,1,1,1,1,2,959,180,498
1789075430.379128,2249962,public,trade_history,3,2026-09-10 19:16:53.853864+00,3732502353,9985444,2026-09-10 21:23:50.340625+00,23915955,1245144836,0,0,0,0,1245139949,24599,952786,977385,2026-09-10 19:29:02.442332+00,2026-09-10 17:56:39.748253+00,2026-09-10 19:29:04.819007+00,2026-09-10 17:56:46.054213+00,1,1,1,1,277842,64922,2377,6306
1789075430.379128,2249938,public,trade,18,2026-09-10 19:24:22.633472+00,7257600000,12077912,2026-09-10 21:23:50.340625+00,8063673636,518804415,1276576,0,257784,415953,518789791,1023429,1562319,404415,2026-09-10 19:36:10.673673+00,2026-09-10 17:55:13.319747+00,2026-09-10 19:36:12.708234+00,2026-09-10 17:55:14.759594+00,1,1,1,1,313984,19670,2034,1440
1789075430.379128,2250109,public,status_type,2969465,2026-09-10 21:23:50.340625+00,9412254,1152,2026-09-10 20:54:55.224112+00,0,5,0,0,0,0,5,0,0,0,2026-09-10 19:24:23.446735+00,,2026-09-10 19:24:23.446839+00,,1,0,1,0,1,0,1,0
1789075430.379128,2249909,public,charge,404417,2026-09-10 21:23:50.340625+00,6066255,0,,0,15,0,0,0,0,15,0,0,0,2026-09-10 19:30:55.68781+00,,2026-09-10 19:30:55.688433+00,,1,0,1,0,1,0,1,0
1789075430.379128,2249988,public,company,5,2026-09-10 18:39:19.216232+00,75000,73035421,2026-09-10 21:23:50.340625+00,253290687,15000,9,0,0,9,15000,9,9,0,2026-09-10 19:36:13.092374+00,2026-09-10 17:53:21.882165+00,2026-09-10 19:36:13.156371+00,2026-09-10 17:53:21.992193+00,1,1,1,1,31,17,62,110
1789075430.379128,2250062,public,news_item,1,2026-09-10 18:13:01.013209+00,30000,1122865,2026-09-10 21:23:50.340625+00,1135926,30000,16,0,0,16,30000,16,16,0,2026-09-10 19:36:13.288793+00,2026-09-10 17:56:47.547667+00,2026-09-10 19:36:20.294012+00,2026-09-10 17:56:47.994666+00,1,1,1,1,16,1484,143,447
1789075430.379128,2249891,public,broker,196222,2026-09-10 21:23:50.26814+00,58866600,1743929,2026-09-10 21:23:50.340625+00,1742572,300,406491,0,406491,0,300,35,2262,0,2026-09-10 19:24:23.448703+00,2026-09-10 21:20:17.933229+00,2026-09-10 19:38:59.555359+00,2026-09-10 21:23:18.385919+00,1,13,2,104,2,54,3,560
1789075430.379128,2249886,public,watch_list,4,2026-09-10 18:39:19.55136+00,120000,432379,2026-09-10 21:23:50.340625+00,431543,30000,0,0,0,0,30000,0,0,0,2026-09-10 19:29:05.065201+00,2026-09-10 17:53:21.830081+00,2026-09-10 19:29:05.076514+00,2026-09-10 17:53:21.851946+00,1,1,1,1,12,10,12,22
1789075430.379128,2249917,public,commission_rate,3,2026-09-10 18:36:32.553549+00,720,874874,2026-09-10 21:23:50.340625+00,1538600,240,0,0,0,0,240,0,0,0,2026-09-10 19:30:55.684574+00,,2026-09-10 19:30:55.685011+00,2026-09-10 17:53:21.85719+00,1,0,1,1,1,0,1,1
1789075430.379128,2249851,public,customer_taxrate,3,2026-09-10 18:39:19.221747+00,180000,66249296,2026-09-10 21:23:50.340625+00,7019,60000,9,0,0,9,60000,9,9,0,2026-09-10 19:36:20.607907+00,2026-09-10 17:53:20.297708+00,2026-09-10 19:36:20.638528+00,2026-09-10 17:53:20.350229+00,1,1,1,1,30,19,29,53
1789075430.379128,2249868,public,holding_history,8,2026-09-10 19:24:22.633472+00,2778954508,76587,2026-09-10 21:23:50.207868+00,170806,695399888,0,0,0,0,695250899,138423,522838,661261,2026-09-10 19:38:52.269828+00,2026-09-10 18:00:34.421363+00,2026-09-10 19:38:55.334914+00,2026-09-10 18:00:44.904449+00,1,3,1,3,149084,284220,3065,13235
1789075430.379128,2250046,public,industry,226508,2026-09-10 21:23:50.2949+00,23089671,2019467,2026-09-10 21:23:50.340625+00,2011599,102,0,0,0,0,102,0,0,0,2026-09-10 19:24:23.445694+00,,2026-09-10 19:24:23.445963+00,2026-09-10 17:53:29.973725+00,1,0,1,1,1,0,1,3
1789075430.379128,2250017,public,exchange,1321452,2026-09-10 21:23:50.340625+00,4444823,1536,2026-09-10 20:54:53.872757+00,1152,4,32,0,32,0,4,32,32,0,2026-09-10 19:30:55.68249+00,,2026-09-10 19:30:55.682645+00,,1,0,1,0,1,0,1,0
1789075430.379128,2249901,public,cash_transaction,2,2026-09-10 19:00:28.999306+00,953848714,7937458,2026-09-10 21:23:50.340625+00,7783151,477289460,502493,0,50642,451851,477341567,487269,859705,365103,2026-09-10 19:30:52.298911+00,2026-09-10 17:59:35.711751+00,2026-09-10 19:30:55.445775+00,2026-09-10 18:00:57.043327+00,1,2,1,3,105990,228022,3126,22811
1789075430.379128,2249875,public,holding_summary,5,2026-09-10 18:36:33.052121+00,4476012,4722952,2026-09-10 21:23:50.340625+00,32800571,1493988,467877,2205,414032,53845,1492023,60126,87322,1984,2026-09-10 19:24:23.479998+00,2026-09-10 18:13:22.057298+00,2026-09-10 19:24:23.595668+00,2026-09-10 21:02:18.878562+00,1,1,1,3,30,365,113,2827
1789075430.379128,2249822,public,account_permission,2,2026-09-10 18:36:32.753413+00,425940,40466,2026-09-10 21:23:50.340625+00,40474,212970,10,0,0,10,212970,10,10,0,2026-09-10 19:29:04.927437+00,2026-09-10 17:53:19.299976+00,2026-09-10 19:29:05.05201+00,2026-09-10 17:53:19.497616+00,1,1,1,1,32,109,122,198
1789075430.379128,2249841,public,customer_account,4,2026-09-10 18:45:15.480553+00,600000,3456813,2026-09-10 21:23:50.340625+00,5795838,150000,365733,0,354700,11033,150000,12440,2069,0,2026-09-10 19:24:23.226634+00,2026-09-10 17:53:20.108136+00,2026-09-10 19:24:23.311106+00,2026-09-10 21:23:18.243918+00,1,1,1,21,12,77,84,8408
1789075430.379128,2250026,public,financial,2,2026-09-10 18:36:32.673292+00,600000,560665,2026-09-10 21:23:50.340625+00,11213262,300000,160,0,0,160,300000,160,160,0,2026-09-10 19:36:20.352757+00,2026-09-10 17:53:29.521608+00,2026-09-10 19:36:20.576514+00,2026-09-10 17:53:29.956687+00,1,1,1,1,57,322,207,435
1789075430.379128,2249830,public,customer,4,2026-09-10 18:39:19.245981+00,120000,2418812,2026-09-10 21:23:50.340625+00,2416518,30000,9,0,0,9,30000,9,9,0,2026-09-10 19:24:22.892301+00,2026-09-10 17:53:19.531775+00,2026-09-10 19:24:23.201268+00,2026-09-10 17:53:20.026228+00,1,1,1,1,59,26,305,495
1789075430.379128,2250121,public,zip_code,2,2026-09-10 18:36:32.586468+00,29482,1122832,2026-09-10 21:23:50.340625+00,1121294,14741,0,0,0,0,14741,0,0,0,2026-09-10 19:36:13.175189+00,2026-09-10 17:53:30.32548+00,2026-09-10 19:36:13.194698+00,2026-09-10 17:53:30.362036+00,1,1,1,1,1,41,20,31
1789075430.379128,2249929,public,settlement,2,2026-09-10 19:06:58.095243+00,1036800000,8419652,2026-09-10 21:23:50.340625+00,8419651,518799058,526720,0,91845,434875,518796749,493094,915251,399058,2026-09-10 19:38:55.40099+00,2026-09-10 19:38:47.513759+00,2026-09-10 19:38:59.2827+00,2026-09-10 19:38:51.103174+00,1,2,1,2,66,1872326,3881,5015
1789075430.379128,2250000,public,company_competitor,4,2026-09-10 18:39:19.241779+00,180000,560649,2026-09-10 21:23:50.340625+00,0,45000,0,0,0,0,45000,0,0,0,2026-09-10 19:29:04.853693+00,2026-09-10 17:53:22.019369+00,2026-09-10 19:29:04.892815+00,2026-09-10 17:53:22.073157+00,1,1,1,1,32,17,36,54
1789075430.379128,2250104,public,address,2,2026-09-10 18:36:32.586468+00,90008,1122484,2026-09-10 21:23:50.340625+00,2522917,45004,10,0,0,10,45004,10,10,0,2026-09-10 19:36:13.198214+00,2026-09-10 17:53:30.143186+00,2026-09-10 19:36:13.272339+00,2026-09-10 17:53:30.265233+00,1,1,1,1,1,84,75,111
1789075430.379128,2249981,public,trade_type,4769345,2026-09-10 21:23:50.340625+00,16672224,3667,2026-09-10 20:55:34.986889+00,595,5,0,0,0,0,5,0,0,0,2026-09-10 19:30:55.686368+00,,2026-09-10 19:30:55.686494+00,,1,0,1,0,1,0,1,0
1789075430.379128,2250083,public,security,760795,2026-09-10 21:23:50.340625+00,15634337250,122179877,2026-09-10 21:23:50.340625+00,122831740,20550,8,0,0,8,20550,8,8,0,2026-09-10 19:24:23.322571+00,2026-09-10 17:56:48.546012+00,2026-09-10 19:24:23.441929+00,2026-09-10 17:56:48.782769+00,1,1,1,1,6,346,119,237
1789075490.504973,2249856,public,holding,3,2026-09-10 18:14:01.1438+00,53040828,901153,2026-09-10 21:24:50.424891+00,10439821,26748325,177182,263284,52753,124429,26532161,377130,528229,227911,2026-09-10 19:36:12.75693+00,2026-09-10 18:14:29.263615+00,2026-09-10 19:36:13.060392+00,2026-09-10 18:14:29.882987+00,1,1,1,1,45,7564,301,620
1789075490.504973,2250073,public,news_xref,3,2026-09-10 18:36:32.591284+00,90000,567713,2026-09-10 21:24:50.424891+00,18,30000,0,0,0,0,30000,0,0,0,2026-09-10 19:36:13.161571+00,2026-09-10 17:56:48.169274+00,2026-09-10 19:36:13.172374+00,2026-09-10 17:56:48.192926+00,1,1,1,1,3,164,11,24
1789075490.504973,2250006,public,daily_market,6,2026-09-10 18:14:00.82828+00,53635500,56831689,2026-09-10 21:24:50.424891+00,63126529,26817750,387,0,0,387,26824697,387,387,0,2026-09-10 19:36:21.896725+00,2026-09-10 17:53:30.461218+00,2026-09-10 19:36:22.185295+00,2026-09-10 17:53:31.195492+00,1,1,1,1,1254,8383,288,735
1789075490.504973,2250052,public,last_trade,2,2026-09-10 18:39:23.400642+00,41100,79197237,2026-09-10 21:24:50.424891+00,79197008,20550,785345,0,783144,2201,20550,3456,4278,0,2026-09-10 19:29:05.269132+00,2026-09-10 17:53:30.000417+00,2026-09-10 19:29:05.305716+00,2026-09-10 21:24:17.977637+00,1,1,1,102,3,12,36,8400
1789075490.504973,2250078,public,sector,195357,2026-09-10 21:24:50.424891+00,2344284,81020,2026-09-10 20:55:18.735157+00,81020,12,0,0,0,0,12,0,0,0,2026-09-10 19:24:23.444133+00,,2026-09-10 19:24:23.444255+00,,1,0,1,0,1,0,1,0
1789075490.504973,2250114,public,taxrate,209215,2026-09-10 21:24:50.315605+00,66948800,1323,2026-09-10 21:21:53.120113+00,747,320,8,0,5,3,320,3,8,0,2026-09-10 19:36:20.64208+00,,2026-09-10 19:36:20.642648+00,2026-09-10 17:53:30.277789+00,1,0,1,1,2,0,1,1
1789075490.504973,2249968,public,trade_request,198250,2026-09-10 21:24:50.424891+00,710456704,941790,2026-09-10 21:24:50.228413+00,448602,163568,0,157805,0,0,4113,870,1748,907,2026-09-10 19:29:04.821787+00,2026-09-10 21:24:17.840733+00,2026-09-10 19:29:04.822356+00,2026-09-10 21:24:17.8945+00,1,103,1,103,1,3176,1,2893
1789075490.504973,2249881,public,watch_item,4,2026-09-10 18:39:23.873407+00,8946495,436740,2026-09-10 21:24:50.424891+00,12501,2982165,8,0,0,8,2982165,8,8,0,2026-09-10 19:29:05.082092+00,2026-09-10 17:53:21.313017+00,2026-09-10 19:29:05.26188+00,2026-09-10 17:53:21.810508+00,1,1,1,1,2,959,180,498
1789075490.504973,2249962,public,trade_history,3,2026-09-10 19:16:53.853864+00,3732502353,10084164,2026-09-10 21:24:50.424891+00,24152771,1245154678,0,0,0,0,1245149461,24929,962298,987227,2026-09-10 19:29:02.442332+00,2026-09-10 17:56:39.748253+00,2026-09-10 19:29:04.819007+00,2026-09-10 17:56:46.054213+00,1,1,1,1,277842,64922,2377,6306
1789075490.504973,2249938,public,trade,18,2026-09-10 19:24:22.633472+00,7257600000,12200097,2026-09-10 21:24:50.424891+00,8143844205,518808424,1289761,0,261178,419407,518793759,1033247,1578071,408424,2026-09-10 19:36:10.673673+00,2026-09-10 17:55:13.319747+00,2026-09-10 19:36:12.708234+00,2026-09-10 17:55:14.759594+00,1,1,1,1,313984,19670,2034,1440
1789075490.504973,2250109,public,status_type,2999286,2026-09-10 21:24:50.424891+00,9505634,1152,2026-09-10 20:54:55.224112+00,0,5,0,0,0,0,5,0,0,0,2026-09-10 19:24:23.446735+00,,2026-09-10 19:24:23.446839+00,,1,0,1,0,1,0,1,0
1789075490.504973,2249909,public,charge,408426,2026-09-10 21:24:50.424891+00,6126390,0,,0,15,0,0,0,0,15,0,0,0,2026-09-10 19:30:55.68781+00,,2026-09-10 19:30:55.688433+00,,1,0,1,0,1,0,1,0
1789075490.504973,2249988,public,company,5,2026-09-10 18:39:19.216232+00,75000,73841483,2026-09-10 21:24:50.424891+00,255841346,15000,9,0,0,9,15000,9,9,0,2026-09-10 19:36:13.092374+00,2026-09-10 17:53:21.882165+00,2026-09-10 19:36:13.156371+00,2026-09-10 17:53:21.992193+00,1,1,1,1,31,17,62,110
1789075490.504973,2250062,public,news_item,1,2026-09-10 18:13:01.013209+00,30000,1133873,2026-09-10 21:24:50.424891+00,1146934,30000,16,0,0,16,30000,16,16,0,2026-09-10 19:36:13.288793+00,2026-09-10 17:56:47.547667+00,2026-09-10 19:36:20.294012+00,2026-09-10 17:56:47.994666+00,1,1,1,1,16,1484,143,447
1789075490.504973,2249891,public,broker,198123,2026-09-10 21:24:50.424891+00,59436900,1761374,2026-09-10 21:24:50.424891+00,1760008,300,410724,0,410724,0,300,92,2141,0,2026-09-10 19:24:23.448703+00,2026-09-10 21:20:17.933229+00,2026-09-10 19:38:59.555359+00,2026-09-10 21:24:17.983645+00,1,13,2,105,2,54,3,565
1789075490.504973,2249886,public,watch_list,4,2026-09-10 18:39:19.55136+00,120000,436742,2026-09-10 21:24:50.424891+00,435906,30000,0,0,0,0,30000,0,0,0,2026-09-10 19:29:05.065201+00,2026-09-10 17:53:21.830081+00,2026-09-10 19:29:05.076514+00,2026-09-10 17:53:21.851946+00,1,1,1,1,12,10,12,22
1789075490.504973,2249917,public,commission_rate,3,2026-09-10 18:36:32.553549+00,720,883873,2026-09-10 21:24:50.424891+00,1554305,240,0,0,0,0,240,0,0,0,2026-09-10 19:30:55.684574+00,,2026-09-10 19:30:55.685011+00,2026-09-10 17:53:21.85719+00,1,0,1,1,1,0,1,1
1789075490.504973,2249851,public,customer_taxrate,3,2026-09-10 18:39:19.221747+00,180000,66950096,2026-09-10 21:24:50.315605+00,7137,60000,9,0,0,9,60000,9,9,0,2026-09-10 19:36:20.607907+00,2026-09-10 17:53:20.297708+00,2026-09-10 19:36:20.638528+00,2026-09-10 17:53:20.350229+00,1,1,1,1,30,19,29,53
1789075490.504973,2249868,public,holding_history,8,2026-09-10 19:24:22.633472+00,2778954508,77341,2026-09-10 21:24:50.201209+00,172558,695407006,0,0,0,0,695256290,140150,528229,668379,2026-09-10 19:38:52.269828+00,2026-09-10 18:00:34.421363+00,2026-09-10 19:38:55.334914+00,2026-09-10 18:00:44.904449+00,1,3,1,3,149084,284220,3065,13235
1789075490.504973,2250046,public,industry,228758,2026-09-10 21:24:50.424891+00,23319171,2036033,2026-09-10 21:24:50.424891+00,2028111,102,0,0,0,0,102,0,0,0,2026-09-10 19:24:23.445694+00,,2026-09-10 19:24:23.445963+00,2026-09-10 17:53:29.973725+00,1,0,1,1,1,0,1,3
1789075490.504973,2250017,public,exchange,1334500,2026-09-10 21:24:50.424891+00,4488750,1536,2026-09-10 20:54:53.872757+00,1152,4,36,0,36,0,4,36,36,0,2026-09-10 19:30:55.68249+00,,2026-09-10 19:30:55.682645+00,,1,0,1,0,1,0,1,0
1789075490.504973,2249901,public,cash_transaction,2,2026-09-10 19:00:28.999306+00,953848714,8017038,2026-09-10 21:24:50.424891+00,7861240,477293263,507972,0,51587,456385,477345260,492328,868877,368906,2026-09-10 19:30:52.298911+00,2026-09-10 17:59:35.711751+00,2026-09-10 19:30:55.445775+00,2026-09-10 18:00:57.043327+00,1,2,1,3,105990,228022,3126,22811
1789075490.504973,2249875,public,holding_summary,5,2026-09-10 18:36:33.052121+00,4476012,4769973,2026-09-10 21:24:50.424891+00,33122943,1494010,472862,2220,418566,54296,1492030,60625,91292,2006,2026-09-10 19:24:23.479998+00,2026-09-10 18:13:22.057298+00,2026-09-10 19:24:23.595668+00,2026-09-10 21:02:18.878562+00,1,1,1,3,30,365,113,2827
1789075490.504973,2249822,public,account_permission,2,2026-09-10 18:36:32.753413+00,425940,40852,2026-09-10 21:24:50.357784+00,40860,212970,10,0,0,10,212970,10,10,0,2026-09-10 19:29:04.927437+00,2026-09-10 17:53:19.299976+00,2026-09-10 19:29:05.05201+00,2026-09-10 17:53:19.497616+00,1,1,1,1,32,109,122,198
1789075490.504973,2249841,public,customer_account,4,2026-09-10 18:45:15.480553+00,600000,3491737,2026-09-10 21:24:50.424891+00,5853647,150000,369547,0,358463,11084,150000,12543,5762,0,2026-09-10 19:24:23.226634+00,2026-09-10 17:53:20.108136+00,2026-09-10 19:24:23.311106+00,2026-09-10 21:23:18.243918+00,1,1,1,21,12,77,84,8408
1789075490.504973,2250026,public,financial,2,2026-09-10 18:36:32.673292+00,600000,566169,2026-09-10 21:24:50.424891+00,11323342,300000,160,0,0,160,300000,160,160,0,2026-09-10 19:36:20.352757+00,2026-09-10 17:53:29.521608+00,2026-09-10 19:36:20.576514+00,2026-09-10 17:53:29.956687+00,1,1,1,1,57,322,207,435
1789075490.504973,2249830,public,customer,4,2026-09-10 18:39:19.245981+00,120000,2443090,2026-09-10 21:24:50.424891+00,2440796,30000,9,0,0,9,30000,9,9,0,2026-09-10 19:24:22.892301+00,2026-09-10 17:53:19.531775+00,2026-09-10 19:24:23.201268+00,2026-09-10 17:53:20.026228+00,1,1,1,1,59,26,305,495
1789075490.504973,2250121,public,zip_code,2,2026-09-10 18:36:32.586468+00,29482,1133840,2026-09-10 21:24:50.424891+00,1132302,14741,0,0,0,0,14741,0,0,0,2026-09-10 19:36:13.175189+00,2026-09-10 17:53:30.32548+00,2026-09-10 19:36:13.194698+00,2026-09-10 17:53:30.362036+00,1,1,1,1,1,41,20,31
1789075490.504973,2249929,public,settlement,2,2026-09-10 19:06:58.095243+00,1036800000,8502252,2026-09-10 21:24:50.424891+00,8502251,518803188,531600,0,93047,438553,518800719,497313,924101,403188,2026-09-10 19:38:55.40099+00,2026-09-10 19:38:47.513759+00,2026-09-10 19:38:59.2827+00,2026-09-10 19:38:51.103174+00,1,2,1,2,66,1872326,3881,5015
1789075490.504973,2250000,public,company_competitor,4,2026-09-10 18:39:19.241779+00,180000,566153,2026-09-10 21:24:50.424891+00,0,45000,0,0,0,0,45000,0,0,0,2026-09-10 19:29:04.853693+00,2026-09-10 17:53:22.019369+00,2026-09-10 19:29:04.892815+00,2026-09-10 17:53:22.073157+00,1,1,1,1,32,17,36,54
1789075490.504973,2250104,public,address,2,2026-09-10 18:36:32.586468+00,90008,1133492,2026-09-10 21:24:50.424891+00,2547676,45004,10,0,0,10,45004,10,10,0,2026-09-10 19:36:13.198214+00,2026-09-10 17:53:30.143186+00,2026-09-10 19:36:13.272339+00,2026-09-10 17:53:30.265233+00,1,1,1,1,1,84,75,111
1789075490.504973,2249981,public,trade_type,4816769,2026-09-10 21:24:50.424891+00,16838859,3667,2026-09-10 20:55:34.986889+00,595,5,0,0,0,0,5,0,0,0,2026-09-10 19:30:55.686368+00,,2026-09-10 19:30:55.686494+00,,1,0,1,0,1,0,1,0
1789075490.504973,2250083,public,security,768337,2026-09-10 21:24:50.424891+00,15789325350,123485204,2026-09-10 21:24:50.424891+00,124143905,20550,8,0,0,8,20550,8,8,0,2026-09-10 19:24:23.322571+00,2026-09-10 17:56:48.546012+00,2026-09-10 19:24:23.441929+00,2026-09-10 17:56:48.782769+00,1,1,1,1,6,346,119,237
1789075550.607654,2249856,public,holding,3,2026-09-10 18:14:01.1438+00,53040828,910518,2026-09-10 21:25:50.595529+00,10547239,26750720,179042,266072,53719,125323,26532240,380894,533810,230306,2026-09-10 19:36:12.75693+00,2026-09-10 18:14:29.263615+00,2026-09-10 19:36:13.060392+00,2026-09-10 18:14:29.882987+00,1,1,1,1,45,7564,301,620
1789075550.607654,2250073,public,news_xref,3,2026-09-10 18:36:32.591284+00,90000,573505,2026-09-10 21:25:50.601378+00,18,30000,0,0,0,0,30000,0,0,0,2026-09-10 19:36:13.161571+00,2026-09-10 17:56:48.169274+00,2026-09-10 19:36:13.172374+00,2026-09-10 17:56:48.192926+00,1,1,1,1,3,164,11,24
1789075550.607654,2250006,public,daily_market,6,2026-09-10 18:14:00.82828+00,53635500,57417722,2026-09-10 21:25:50.601378+00,63698403,26817750,387,0,0,387,26824697,387,387,0,2026-09-10 19:36:21.896725+00,2026-09-10 17:53:30.461218+00,2026-09-10 19:36:22.185295+00,2026-09-10 17:53:31.195492+00,1,1,1,1,1254,8383,288,735
1789075550.607654,2250052,public,last_trade,2,2026-09-10 18:39:23.400642+00,41100,80010380,2026-09-10 21:25:50.601378+00,80010151,20550,793581,0,791378,2203,20550,3395,4441,0,2026-09-10 19:29:05.269132+00,2026-09-10 17:53:30.000417+00,2026-09-10 19:29:05.305716+00,2026-09-10 21:25:17.942626+00,1,1,1,103,3,12,36,8484
1789075550.607654,2250078,public,sector,197388,2026-09-10 21:25:50.601378+00,2368656,81020,2026-09-10 20:55:18.735157+00,81020,12,0,0,0,0,12,0,0,0,2026-09-10 19:24:23.444133+00,,2026-09-10 19:24:23.444255+00,,1,0,1,0,1,0,1,0
1789075550.607654,2250114,public,taxrate,211310,2026-09-10 21:25:50.595529+00,67619200,1323,2026-09-10 21:21:53.120113+00,747,320,8,0,5,3,320,3,8,0,2026-09-10 19:36:20.64208+00,,2026-09-10 19:36:20.642648+00,2026-09-10 17:53:30.277789+00,1,0,1,1,2,0,1,1
1789075550.607654,2249968,public,trade_request,200281,2026-09-10 21:25:50.601378+00,718765466,951698,2026-09-10 21:25:50.347249+00,453510,165177,0,159423,0,0,4101,930,1752,898,2026-09-10 19:29:04.821787+00,2026-09-10 21:25:17.831023+00,2026-09-10 19:29:04.822356+00,2026-09-10 21:25:17.856104+00,1,104,1,104,1,3206,1,2918
1789075550.607654,2249881,public,watch_item,4,2026-09-10 18:39:23.873407+00,8946495,441220,2026-09-10 21:25:50.601378+00,12501,2982165,8,0,0,8,2982165,8,8,0,2026-09-10 19:29:05.082092+00,2026-09-10 17:53:21.313017+00,2026-09-10 19:29:05.26188+00,2026-09-10 17:53:21.810508+00,1,1,1,1,2,959,180,498
1789075550.607654,2249962,public,trade_history,3,2026-09-10 19:16:53.853864+00,3732502353,10186874,2026-09-10 21:25:50.601378+00,24399430,1245164726,0,0,0,0,1245159257,25181,972094,997275,2026-09-10 19:29:02.442332+00,2026-09-10 17:56:39.748253+00,2026-09-10 19:29:04.819007+00,2026-09-10 17:56:46.054213+00,1,1,1,1,277842,64922,2377,6306
1789075550.607654,2249938,public,trade,18,2026-09-10 19:24:22.633472+00,7257600000,12326017,2026-09-10 21:25:50.601378+00,8226438104,518812539,1303252,0,264670,422997,518797832,1043298,1594446,412539,2026-09-10 19:36:10.673673+00,2026-09-10 17:55:13.319747+00,2026-09-10 19:36:12.708234+00,2026-09-10 17:55:14.759594+00,1,1,1,1,313984,19670,2034,1440
1789075550.607654,2250109,public,status_type,3029871,2026-09-10 21:25:50.601378+00,9601738,1152,2026-09-10 20:54:55.224112+00,0,5,0,0,0,0,5,0,0,0,2026-09-10 19:24:23.446735+00,,2026-09-10 19:24:23.446839+00,,1,0,1,0,1,0,1,0
1789075550.607654,2249909,public,charge,412541,2026-09-10 21:25:50.601378+00,6188115,0,,0,15,0,0,0,0,15,0,0,0,2026-09-10 19:30:55.68781+00,,2026-09-10 19:30:55.688433+00,,1,0,1,0,1,0,1,0
1789075550.607654,2249988,public,company,5,2026-09-10 18:39:19.216232+00,75000,74701803,2026-09-10 21:25:50.601378+00,258661220,15000,9,0,0,9,15000,9,9,0,2026-09-10 19:36:13.092374+00,2026-09-10 17:53:21.882165+00,2026-09-10 19:36:13.156371+00,2026-09-10 17:53:21.992193+00,1,1,1,1,31,17,62,110
1789075550.607654,2250062,public,news_item,1,2026-09-10 18:13:01.013209+00,30000,1145457,2026-09-10 21:25:50.601378+00,1158518,30000,16,0,0,16,30000,16,16,0,2026-09-10 19:36:13.288793+00,2026-09-10 17:56:47.547667+00,2026-09-10 19:36:20.294012+00,2026-09-10 17:56:47.994666+00,1,1,1,1,16,1484,143,447
1789075550.607654,2249891,public,broker,200154,2026-09-10 21:25:50.601378+00,60046200,1779299,2026-09-10 21:25:50.601378+00,1777873,300,415001,0,415001,0,300,54,2197,0,2026-09-10 19:24:23.448703+00,2026-09-10 21:25:17.947157+00,2026-09-10 19:38:59.555359+00,2026-09-10 21:25:17.955586+00,1,14,2,106,2,57,3,574
1789075550.607654,2249886,public,watch_list,4,2026-09-10 18:39:19.55136+00,120000,441222,2026-09-10 21:25:50.601378+00,440386,30000,0,0,0,0,30000,0,0,0,2026-09-10 19:29:05.065201+00,2026-09-10 17:53:21.830081+00,2026-09-10 19:29:05.076514+00,2026-09-10 17:53:21.851946+00,1,1,1,1,12,10,12,22
1789075550.607654,2249917,public,commission_rate,3,2026-09-10 18:36:32.553549+00,720,892959,2026-09-10 21:25:50.601378+00,1570268,240,0,0,0,0,240,0,0,0,2026-09-10 19:30:55.684574+00,,2026-09-10 19:30:55.685011+00,2026-09-10 17:53:21.85719+00,1,0,1,1,1,0,1,1
1789075550.607654,2249851,public,customer_taxrate,3,2026-09-10 18:39:19.221747+00,180000,67620496,2026-09-10 21:25:50.595529+00,7313,60000,9,0,0,9,60000,9,9,0,2026-09-10 19:36:20.607907+00,2026-09-10 17:53:20.297708+00,2026-09-10 19:36:20.638528+00,2026-09-10 17:53:20.350229+00,1,1,1,1,30,19,29,53
1789075550.607654,2249868,public,holding_history,8,2026-09-10 19:24:22.633472+00,2778954508,78060,2026-09-10 21:25:50.149811+00,174217,695414049,0,0,0,0,695261871,141612,533810,675422,2026-09-10 19:38:52.269828+00,2026-09-10 18:00:34.421363+00,2026-09-10 19:38:55.334914+00,2026-09-10 18:00:44.904449+00,1,3,1,3,149084,284220,3065,13235
1789075550.607654,2250046,public,industry,231181,2026-09-10 21:25:50.601378+00,23566317,2053463,2026-09-10 21:25:50.601378+00,2045487,102,0,0,0,0,102,0,0,0,2026-09-10 19:24:23.445694+00,,2026-09-10 19:24:23.445963+00,2026-09-10 17:53:29.973725+00,1,0,1,1,1,0,1,3
1789075550.607654,2250017,public,exchange,1348092,2026-09-10 21:25:50.601378+00,4534474,1536,2026-09-10 20:54:53.872757+00,1152,4,36,0,36,0,4,36,36,0,2026-09-10 19:30:55.68249+00,,2026-09-10 19:30:55.682645+00,,1,0,1,0,1,0,1,0
1789075550.607654,2249901,public,cash_transaction,2,2026-09-10 19:00:28.999306+00,953848714,8098744,2026-09-10 21:25:50.601378+00,7941427,477297107,513107,0,52453,460654,477349036,496959,877788,372750,2026-09-10 19:30:52.298911+00,2026-09-10 17:59:35.711751+00,2026-09-10 19:30:55.445775+00,2026-09-10 18:00:57.043327+00,1,2,1,3,105990,228022,3126,22811
1789075550.607654,2249875,public,holding_summary,5,2026-09-10 18:36:33.052121+00,4476012,4818543,2026-09-10 21:25:50.601378+00,33460566,1494030,477814,2232,423214,54600,1492036,61052,95397,2026,2026-09-10 19:24:23.479998+00,2026-09-10 18:13:22.057298+00,2026-09-10 19:24:23.595668+00,2026-09-10 21:02:18.878562+00,1,1,1,3,30,365,113,2827
1789075550.607654,2249822,public,account_permission,2,2026-09-10 18:36:32.753413+00,425940,41286,2026-09-10 21:25:50.420039+00,41294,212970,10,0,0,10,212970,10,10,0,2026-09-10 19:29:04.927437+00,2026-09-10 17:53:19.299976+00,2026-09-10 19:29:05.05201+00,2026-09-10 17:53:19.497616+00,1,1,1,1,32,109,122,198
1789075550.607654,2249841,public,customer_account,4,2026-09-10 18:45:15.480553+00,600000,3527451,2026-09-10 21:25:50.601378+00,5913212,150000,373402,0,362292,11110,150000,12600,9538,0,2026-09-10 19:24:23.226634+00,2026-09-10 17:53:20.108136+00,2026-09-10 19:24:23.311106+00,2026-09-10 21:23:18.243918+00,1,1,1,21,12,77,84,8408
1789075550.607654,2250026,public,financial,2,2026-09-10 18:36:32.673292+00,600000,571963,2026-09-10 21:25:50.601378+00,11439222,300000,180,0,0,180,300000,180,180,0,2026-09-10 19:36:20.352757+00,2026-09-10 17:53:29.521608+00,2026-09-10 19:36:20.576514+00,2026-09-10 17:53:29.956687+00,1,1,1,1,57,322,207,435
1789075550.607654,2249830,public,customer,4,2026-09-10 18:39:19.245981+00,120000,2467957,2026-09-10 21:25:50.601378+00,2465615,30000,9,0,0,9,30000,9,9,0,2026-09-10 19:24:22.892301+00,2026-09-10 17:53:19.531775+00,2026-09-10 19:24:23.201268+00,2026-09-10 17:53:20.026228+00,1,1,1,1,59,26,305,495
1789075550.607654,2250121,public,zip_code,2,2026-09-10 18:36:32.586468+00,29482,1145424,2026-09-10 21:25:50.601378+00,1143886,14741,0,0,0,0,14741,0,0,0,2026-09-10 19:36:13.175189+00,2026-09-10 17:53:30.32548+00,2026-09-10 19:36:13.194698+00,2026-09-10 17:53:30.362036+00,1,1,1,1,1,41,20,31
1789075550.607654,2249929,public,settlement,2,2026-09-10 19:06:58.095243+00,1036800000,8588512,2026-09-10 21:25:50.601378+00,8588511,518807394,536780,0,94324,442456,518804824,501736,933386,407394,2026-09-10 19:38:55.40099+00,2026-09-10 19:38:47.513759+00,2026-09-10 19:38:59.2827+00,2026-09-10 19:38:51.103174+00,1,2,1,2,66,1872326,3881,5015
1789075550.607654,2250000,public,company_competitor,4,2026-09-10 18:39:19.241779+00,180000,571945,2026-09-10 21:25:50.601378+00,0,45000,0,0,0,0,45000,0,0,0,2026-09-10 19:29:04.853693+00,2026-09-10 17:53:22.019369+00,2026-09-10 19:29:04.892815+00,2026-09-10 17:53:22.073157+00,1,1,1,1,32,17,36,54
1789075550.607654,2250104,public,address,2,2026-09-10 18:36:32.586468+00,90008,1145076,2026-09-10 21:25:50.601378+00,2573784,45004,10,0,0,10,45004,10,10,0,2026-09-10 19:36:13.198214+00,2026-09-10 17:53:30.143186+00,2026-09-10 19:36:13.272339+00,2026-09-10 17:53:30.265233+00,1,1,1,1,1,84,75,111
1789075550.607654,2249981,public,trade_type,4866104,2026-09-10 21:25:50.601378+00,17011619,3667,2026-09-10 20:55:34.986889+00,595,5,0,0,0,0,5,0,0,0,2026-09-10 19:30:55.686368+00,,2026-09-10 19:30:55.686494+00,,1,0,1,0,1,0,1,0
1789075550.607654,2250083,public,security,776137,2026-09-10 21:25:50.601378+00,15949615350,124858980,2026-09-10 21:25:50.601378+00,125524889,20550,8,0,0,8,20550,8,8,0,2026-09-10 19:24:23.322571+00,2026-09-10 17:56:48.546012+00,2026-09-10 19:24:23.441929+00,2026-09-10 17:56:48.782769+00,1,1,1,1,6,346,119,237
1789075610.705002,2249856,public,holding,3,2026-09-10 18:14:01.1438+00,53040828,919588,2026-09-10 21:26:50.70085+00,10651144,26753098,180847,268710,54625,126222,26532334,384546,539281,232684,2026-09-10 19:36:12.75693+00,2026-09-10 18:14:29.263615+00,2026-09-10 19:36:13.060392+00,2026-09-10 18:14:29.882987+00,1,1,1,1,45,7564,301,620
1789075610.705002,2250073,public,news_xref,3,2026-09-10 18:36:32.591284+00,90000,578981,2026-09-10 21:26:50.624655+00,20,30000,0,0,0,0,30000,0,0,0,2026-09-10 19:36:13.161571+00,2026-09-10 17:56:48.169274+00,2026-09-10 19:36:13.172374+00,2026-09-10 17:56:48.192926+00,1,1,1,1,3,164,11,24
1789075610.705002,2250006,public,daily_market,6,2026-09-10 18:14:00.82828+00,53635500,57971833,2026-09-10 21:26:50.624655+00,64239112,26817750,387,0,0,387,26824697,387,387,0,2026-09-10 19:36:21.896725+00,2026-09-10 17:53:30.461218+00,2026-09-10 19:36:22.185295+00,2026-09-10 17:53:31.195492+00,1,1,1,1,1254,8383,288,735
1789075610.705002,2250052,public,last_trade,2,2026-09-10 18:39:23.400642+00,41100,80785250,2026-09-10 21:26:50.70085+00,80785021,20550,801763,0,799559,2204,20550,3392,4420,0,2026-09-10 19:29:05.269132+00,2026-09-10 17:53:30.000417+00,2026-09-10 19:29:05.305716+00,2026-09-10 21:26:17.96497+00,1,1,1,104,3,12,36,8561
1789075610.705002,2250078,public,sector,199326,2026-09-10 21:26:50.624655+00,2391912,81020,2026-09-10 20:55:18.735157+00,81020,12,0,0,0,0,12,0,0,0,2026-09-10 19:24:23.444133+00,,2026-09-10 19:24:23.444255+00,,1,0,1,0,1,0,1,0
1789075610.705002,2250114,public,taxrate,213374,2026-09-10 21:26:50.70085+00,68279680,1323,2026-09-10 21:21:53.120113+00,747,320,8,0,5,3,320,3,8,0,2026-09-10 19:36:20.64208+00,,2026-09-10 19:36:20.642648+00,2026-09-10 17:53:30.277789+00,1,0,1,1,2,0,1,1
1789075610.705002,2249968,public,trade_request,202219,2026-09-10 21:26:50.624655+00,726584527,961581,2026-09-10 21:26:50.70085+00,458541,166765,0,161072,0,0,4013,904,1732,870,2026-09-10 19:29:04.821787+00,2026-09-10 21:26:17.849598+00,2026-09-10 19:29:04.822356+00,2026-09-10 21:26:17.88407+00,1,105,1,105,1,3236,1,2953
1789075610.705002,2249881,public,watch_item,4,2026-09-10 18:39:23.873407+00,8946495,445471,2026-09-10 21:26:50.624655+00,12598,2982165,8,0,0,8,2982165,8,8,0,2026-09-10 19:29:05.082092+00,2026-09-10 17:53:21.313017+00,2026-09-10 19:29:05.26188+00,2026-09-10 17:53:21.810508+00,1,1,1,1,2,959,180,498
1789075610.705002,2249962,public,trade_history,3,2026-09-10 19:16:53.853864+00,3732502353,10285994,2026-09-10 21:26:50.624655+00,24637299,1245174757,0,0,0,0,1245169006,25463,981843,1007306,2026-09-10 19:29:02.442332+00,2026-09-10 17:56:39.748253+00,2026-09-10 19:29:04.819007+00,2026-09-10 17:56:46.054213+00,1,1,1,1,277842,64922,2377,6306
1789075610.705002,2249938,public,trade,18,2026-09-10 19:24:22.633472+00,7257600000,12447478,2026-09-10 21:26:50.70085+00,8306241152,518816588,1316041,0,267932,426194,518801843,1052852,1610084,416588,2026-09-10 19:36:10.673673+00,2026-09-10 17:55:13.319747+00,2026-09-10 19:36:12.708234+00,2026-09-10 17:55:14.759594+00,1,1,1,1,313984,19670,2034,1440
1789075610.705002,2250109,public,status_type,3060045,2026-09-10 21:26:50.70085+00,9695872,1152,2026-09-10 20:54:55.224112+00,0,5,0,0,0,0,5,0,0,0,2026-09-10 19:24:23.446735+00,,2026-09-10 19:24:23.446839+00,,1,0,1,0,1,0,1,0
1789075610.705002,2249909,public,charge,416590,2026-09-10 21:26:50.624655+00,6248850,0,,0,15,0,0,0,0,15,0,0,0,2026-09-10 19:30:55.68781+00,,2026-09-10 19:30:55.688433+00,,1,0,1,0,1,0,1,0
1789075610.705002,2249988,public,company,5,2026-09-10 18:39:19.216232+00,75000,75509113,2026-09-10 21:26:50.624655+00,261388094,15000,9,0,0,9,15000,9,9,0,2026-09-10 19:36:13.092374+00,2026-09-10 17:53:21.882165+00,2026-09-10 19:36:13.156371+00,2026-09-10 17:53:21.992193+00,1,1,1,1,31,17,62,110
1789075610.705002,2250062,public,news_item,1,2026-09-10 18:13:01.013209+00,30000,1156407,2026-09-10 21:26:50.624655+00,1169466,30000,18,0,0,18,30000,18,18,0,2026-09-10 19:36:13.288793+00,2026-09-10 17:56:47.547667+00,2026-09-10 19:36:20.294012+00,2026-09-10 17:56:47.994666+00,1,1,1,1,16,1484,143,447
1789075610.705002,2249891,public,broker,202092,2026-09-10 21:26:50.624655+00,60627600,1796885,2026-09-10 21:26:50.70085+00,1795446,300,419300,0,419300,0,300,70,2225,0,2026-09-10 19:24:23.448703+00,2026-09-10 21:25:17.947157+00,2026-09-10 19:38:59.555359+00,2026-09-10 21:26:17.974463+00,1,14,2,107,2,57,3,582
1789075610.705002,2249886,public,watch_list,4,2026-09-10 18:39:19.55136+00,120000,445473,2026-09-10 21:26:50.624655+00,444637,30000,0,0,0,0,30000,0,0,0,2026-09-10 19:29:05.065201+00,2026-09-10 17:53:21.830081+00,2026-09-10 19:29:05.076514+00,2026-09-10 17:53:21.851946+00,1,1,1,1,12,10,12,22
1789075610.705002,2249917,public,commission_rate,3,2026-09-10 18:36:32.553549+00,720,901944,2026-09-10 21:26:50.70085+00,1585723,240,0,0,0,0,240,0,0,0,2026-09-10 19:30:55.684574+00,,2026-09-10 19:30:55.685011+00,2026-09-10 17:53:21.85719+00,1,0,1,1,1,0,1,1
1789075610.705002,2249851,public,customer_taxrate,3,2026-09-10 18:39:19.221747+00,180000,68280976,2026-09-10 21:26:50.70085+00,7449,60000,9,0,0,9,60000,9,9,0,2026-09-10 19:36:20.607907+00,2026-09-10 17:53:20.297708+00,2026-09-10 19:36:20.638528+00,2026-09-10 17:53:20.350229+00,1,1,1,1,30,19,29,53
1789075610.705002,2249868,public,holding_history,8,2026-09-10 19:24:22.633472+00,2778954508,78857,2026-09-10 21:26:49.545936+00,176001,695420870,0,0,0,0,695267342,142962,539281,682243,2026-09-10 19:38:52.269828+00,2026-09-10 18:00:34.421363+00,2026-09-10 19:38:55.334914+00,2026-09-10 18:00:44.904449+00,1,3,1,3,149084,284220,3065,13235
1789075610.705002,2250046,public,industry,233503,2026-09-10 21:26:50.624655+00,23803161,2069934,2026-09-10 21:26:50.624655+00,2061906,102,0,0,0,0,102,0,0,0,2026-09-10 19:24:23.445694+00,,2026-09-10 19:24:23.445963+00,2026-09-10 17:53:29.973725+00,1,0,1,1,1,0,1,3
1789075610.705002,2250017,public,exchange,1361092,2026-09-10 21:26:50.624655+00,4578221,1536,2026-09-10 20:54:53.872757+00,1152,4,36,0,36,0,4,36,36,0,2026-09-10 19:30:55.68249+00,,2026-09-10 19:30:55.682645+00,,1,0,1,0,1,0,1,0
1789075610.705002,2249901,public,cash_transaction,2,2026-09-10 19:00:28.999306+00,953848714,8177712,2026-09-10 21:26:50.624655+00,8018938,477300967,518125,0,53352,464773,477352797,501545,886567,376610,2026-09-10 19:30:52.298911+00,2026-09-10 17:59:35.711751+00,2026-09-10 19:30:55.445775+00,2026-09-10 18:00:57.043327+00,1,2,1,3,105990,228022,3126,22811
1789075610.705002,2249875,public,holding_summary,5,2026-09-10 18:36:33.052121+00,4476012,4865848,2026-09-10 21:26:50.70085+00,33786875,1494051,482717,2254,427804,54913,1492037,61415,99486,2047,2026-09-10 19:24:23.479998+00,2026-09-10 18:13:22.057298+00,2026-09-10 19:24:23.595668+00,2026-09-10 21:02:18.878562+00,1,1,1,3,30,365,113,2827
1789075610.705002,2249822,public,account_permission,2,2026-09-10 18:36:32.753413+00,425940,41693,2026-09-10 21:26:50.61629+00,41701,212970,10,0,0,10,212970,10,10,0,2026-09-10 19:29:04.927437+00,2026-09-10 17:53:19.299976+00,2026-09-10 19:29:05.05201+00,2026-09-10 17:53:19.497616+00,1,1,1,1,32,109,122,198
1789075610.705002,2249841,public,customer_account,4,2026-09-10 18:45:15.480553+00,600000,3562643,2026-09-10 21:26:50.70085+00,5971329,150000,377271,0,366116,11155,150000,12651,13299,0,2026-09-10 19:24:23.226634+00,2026-09-10 17:53:20.108136+00,2026-09-10 19:24:23.311106+00,2026-09-10 21:23:18.243918+00,1,1,1,21,12,77,84,8408
1789075610.705002,2250026,public,financial,2,2026-09-10 18:36:32.673292+00,600000,577436,2026-09-10 21:26:50.624655+00,11548682,300000,180,0,0,180,300000,180,180,0,2026-09-10 19:36:20.352757+00,2026-09-10 17:53:29.521608+00,2026-09-10 19:36:20.576514+00,2026-09-10 17:53:29.956687+00,1,1,1,1,57,322,207,435
1789075610.705002,2249830,public,customer,4,2026-09-10 18:39:19.245981+00,120000,2492278,2026-09-10 21:26:50.70085+00,2489886,30000,9,0,0,9,30000,9,9,0,2026-09-10 19:24:22.892301+00,2026-09-10 17:53:19.531775+00,2026-09-10 19:24:23.201268+00,2026-09-10 17:53:20.026228+00,1,1,1,1,59,26,305,495
1789075610.705002,2250121,public,zip_code,2,2026-09-10 18:36:32.586468+00,29482,1156370,2026-09-10 21:26:50.624655+00,1154832,14741,0,0,0,0,14741,0,0,0,2026-09-10 19:36:13.175189+00,2026-09-10 17:53:30.32548+00,2026-09-10 19:36:13.194698+00,2026-09-10 17:53:30.362036+00,1,1,1,1,1,41,20,31
1789075610.705002,2249929,public,settlement,2,2026-09-10 19:06:58.095243+00,1036800000,8672552,2026-09-10 21:26:50.624655+00,8672551,518811617,542120,0,95616,446504,518808913,506401,942815,411617,2026-09-10 19:38:55.40099+00,2026-09-10 19:38:47.513759+00,2026-09-10 19:38:59.2827+00,2026-09-10 19:38:51.103174+00,1,2,1,2,66,1872326,3881,5015
1789075610.705002,2250000,public,company_competitor,4,2026-09-10 18:39:19.241779+00,180000,577418,2026-09-10 21:26:50.624655+00,0,45000,0,0,0,0,45000,0,0,0,2026-09-10 19:29:04.853693+00,2026-09-10 17:53:22.019369+00,2026-09-10 19:29:04.892815+00,2026-09-10 17:53:22.073157+00,1,1,1,1,32,17,36,54
1789075610.705002,2250104,public,address,2,2026-09-10 18:36:32.586468+00,90008,1156022,2026-09-10 21:26:50.624655+00,2598369,45004,10,0,0,10,45004,10,10,0,2026-09-10 19:36:13.198214+00,2026-09-10 17:53:30.143186+00,2026-09-10 19:36:13.272339+00,2026-09-10 17:53:30.265233+00,1,1,1,1,1,84,75,111
1789075610.705002,2249981,public,trade_type,4913916,2026-09-10 21:26:50.70085+00,17179146,3667,2026-09-10 20:55:34.986889+00,595,5,0,0,0,0,5,0,0,0,2026-09-10 19:30:55.686368+00,,2026-09-10 19:30:55.686494+00,,1,0,1,0,1,0,1,0
1789075610.705002,2250083,public,security,783664,2026-09-10 21:26:50.624655+00,16104295200,126152905,2026-09-10 21:26:50.70085+00,126825833,20550,8,0,0,8,20550,8,8,0,2026-09-10 19:24:23.322571+00,2026-09-10 17:56:48.546012+00,2026-09-10 19:24:23.441929+00,2026-09-10 17:56:48.782769+00,1,1,1,1,6,346,119,237
1789075670.775530,2249856,public,holding,3,2026-09-10 18:14:01.1438+00,53040828,929264,2026-09-10 21:27:50.769571+00,10762720,26755358,182735,271592,55606,127129,26532254,388250,544885,234944,2026-09-10 19:36:12.75693+00,2026-09-10 18:14:29.263615+00,2026-09-10 19:36:13.060392+00,2026-09-10 18:14:29.882987+00,1,1,1,1,45,7564,301,620
1789075670.775530,2250073,public,news_xref,3,2026-09-10 18:36:32.591284+00,90000,584772,2026-09-10 21:27:50.808933+00,20,30000,0,0,0,0,30000,0,0,0,2026-09-10 19:36:13.161571+00,2026-09-10 17:56:48.169274+00,2026-09-10 19:36:13.172374+00,2026-09-10 17:56:48.192926+00,1,1,1,1,3,164,11,24
1789075670.775530,2250006,public,daily_market,6,2026-09-10 18:14:00.82828+00,53635500,58549375,2026-09-10 21:27:50.808933+00,64802453,26817750,387,0,0,387,26824697,387,387,0,2026-09-10 19:36:21.896725+00,2026-09-10 17:53:30.461218+00,2026-09-10 19:36:22.185295+00,2026-09-10 17:53:31.195492+00,1,1,1,1,1254,8383,288,735
1789075670.775530,2250052,public,last_trade,2,2026-09-10 18:39:23.400642+00,41100,81591705,2026-09-10 21:27:50.808933+00,81591476,20550,809932,0,807727,2205,20550,3310,4492,0,2026-09-10 19:29:05.269132+00,2026-09-10 17:53:30.000417+00,2026-09-10 19:29:05.305716+00,2026-09-10 21:27:17.967501+00,1,1,1,105,3,12,36,8638
1789075670.775530,2250078,public,sector,201358,2026-09-10 21:27:50.808933+00,2416296,81020,2026-09-10 20:55:18.735157+00,81020,12,0,0,0,0,12,0,0,0,2026-09-10 19:24:23.444133+00,,2026-09-10 19:24:23.444255+00,,1,0,1,0,1,0,1,0
1789075670.775530,2250114,public,taxrate,215645,2026-09-10 21:27:50.769571+00,69006400,1323,2026-09-10 21:21:53.120113+00,747,320,8,0,5,3,320,3,8,0,2026-09-10 19:36:20.64208+00,,2026-09-10 19:36:20.642648+00,2026-09-10 17:53:30.277789+00,1,0,1,1,2,0,1,1
1789075670.775530,2249968,public,trade_request,204251,2026-09-10 21:27:50.808933+00,734743158,971422,2026-09-10 21:27:50.769571+00,463465,168405,0,162694,0,0,4005,878,1724,868,2026-09-10 19:29:04.821787+00,2026-09-10 21:27:17.852695+00,2026-09-10 19:29:04.822356+00,2026-09-10 21:27:17.884398+00,1,106,1,106,1,3265,1,2985
1789075670.775530,2249881,public,watch_item,4,2026-09-10 18:39:23.873407+00,8946495,449893,2026-09-10 21:27:50.808933+00,12609,2982165,8,0,0,8,2982165,8,8,0,2026-09-10 19:29:05.082092+00,2026-09-10 17:53:21.313017+00,2026-09-10 19:29:05.26188+00,2026-09-10 17:53:21.810508+00,1,1,1,1,2,959,180,498
1789075670.775530,2249962,public,trade_history,3,2026-09-10 19:16:53.853864+00,3732502353,10387384,2026-09-10 21:27:50.808933+00,24880307,1245184801,0,0,0,0,1245178841,25672,991678,1017350,2026-09-10 19:29:02.442332+00,2026-09-10 17:56:39.748253+00,2026-09-10 19:29:04.819007+00,2026-09-10 17:56:46.054213+00,1,1,1,1,277842,64922,2377,6306
1789075670.775530,2249938,public,trade,18,2026-09-10 19:24:22.633472+00,7257600000,12571227,2026-09-10 21:27:50.808933+00,8388357813,518820742,1329196,0,271407,429544,518805957,1062578,1626217,420742,2026-09-10 19:36:10.673673+00,2026-09-10 17:55:13.319747+00,2026-09-10 19:36:12.708234+00,2026-09-10 17:55:14.759594+00,1,1,1,1,313984,19670,2034,1440
1789075670.775530,2250109,public,status_type,3090663,2026-09-10 21:27:50.808933+00,9792397,1152,2026-09-10 20:54:55.224112+00,0,5,0,0,0,0,5,0,0,0,2026-09-10 19:24:23.446735+00,,2026-09-10 19:24:23.446839+00,,1,0,1,0,1,0,1,0
1789075670.775530,2249909,public,charge,420744,2026-09-10 21:27:50.808933+00,6311160,0,,0,15,0,0,0,0,15,0,0,0,2026-09-10 19:30:55.68781+00,,2026-09-10 19:30:55.688433+00,,1,0,1,0,1,0,1,0
1789075670.775530,2249988,public,company,5,2026-09-10 18:39:19.216232+00,75000,76354262,2026-09-10 21:27:50.808933+00,264117816,15000,9,0,0,9,15000,9,9,0,2026-09-10 19:36:13.092374+00,2026-09-10 17:53:21.882165+00,2026-09-10 19:36:13.156371+00,2026-09-10 17:53:21.992193+00,1,1,1,1,31,17,62,110
1789075670.775530,2250062,public,news_item,1,2026-09-10 18:13:01.013209+00,30000,1167989,2026-09-10 21:27:50.808933+00,1181048,30000,18,0,0,18,30000,18,18,0,2026-09-10 19:36:13.288793+00,2026-09-10 17:56:47.547667+00,2026-09-10 19:36:20.294012+00,2026-09-10 17:56:47.994666+00,1,1,1,1,16,1484,143,447
1789075670.775530,2249891,public,broker,204124,2026-09-10 21:27:50.808933+00,61237200,1814806,2026-09-10 21:27:50.808933+00,1813357,300,423538,0,423538,0,300,50,2241,0,2026-09-10 19:24:23.448703+00,2026-09-10 21:25:17.947157+00,2026-09-10 19:38:59.555359+00,2026-09-10 21:27:17.979885+00,1,14,2,108,2,57,3,587
1789075670.775530,2249886,public,watch_list,4,2026-09-10 18:39:19.55136+00,120000,449895,2026-09-10 21:27:50.808933+00,449059,30000,0,0,0,0,30000,0,0,0,2026-09-10 19:29:05.065201+00,2026-09-10 17:53:21.830081+00,2026-09-10 19:29:05.076514+00,2026-09-10 17:53:21.851946+00,1,1,1,1,12,10,12,22
1789075670.775530,2249917,public,commission_rate,3,2026-09-10 18:36:32.553549+00,720,910998,2026-09-10 21:27:50.808933+00,1601603,240,0,0,0,0,240,0,0,0,2026-09-10 19:30:55.684574+00,,2026-09-10 19:30:55.685011+00,2026-09-10 17:53:21.85719+00,1,0,1,1,1,0,1,1
1789075670.775530,2249851,public,customer_taxrate,3,2026-09-10 18:39:19.221747+00,180000,69007696,2026-09-10 21:27:50.769571+00,7572,60000,9,0,0,9,60000,9,9,0,2026-09-10 19:36:20.607907+00,2026-09-10 17:53:20.297708+00,2026-09-10 19:36:20.638528+00,2026-09-10 17:53:20.350229+00,1,1,1,1,30,19,29,53
1789075670.775530,2249868,public,holding_history,8,2026-09-10 19:24:22.633472+00,2778954508,79636,2026-09-10 21:27:49.906992+00,177713,695427900,0,0,0,0,695272946,144388,544885,689273,2026-09-10 19:38:52.269828+00,2026-09-10 18:00:34.421363+00,2026-09-10 19:38:55.334914+00,2026-09-10 18:00:44.904449+00,1,3,1,3,149084,284220,3065,13235
1789075670.775530,2250046,public,industry,235912,2026-09-10 21:27:50.808933+00,24048879,2087357,2026-09-10 21:27:50.808933+00,2079279,102,0,0,0,0,102,0,0,0,2026-09-10 19:24:23.445694+00,,2026-09-10 19:24:23.445963+00,2026-09-10 17:53:29.973725+00,1,0,1,1,1,0,1,3
1789075670.775530,2250017,public,exchange,1374704,2026-09-10 21:27:50.808933+00,4624054,1536,2026-09-10 20:54:53.872757+00,1152,4,36,0,36,0,4,36,36,0,2026-09-10 19:30:55.68249+00,,2026-09-10 19:30:55.682645+00,,1,0,1,0,1,0,1,0
1789075670.775530,2249901,public,cash_transaction,2,2026-09-10 19:00:28.999306+00,953848714,8257420,2026-09-10 21:27:50.808933+00,8097077,477304782,523009,0,54168,468841,477356557,505983,895211,380425,2026-09-10 19:30:52.298911+00,2026-09-10 17:59:35.711751+00,2026-09-10 19:30:55.445775+00,2026-09-10 18:00:57.043327+00,1,2,1,3,105990,228022,3126,22811
1789075670.775530,2249875,public,holding_summary,5,2026-09-10 18:36:33.052121+00,4476012,4914489,2026-09-10 21:27:50.808933+00,34125486,1494073,487592,2276,432406,55186,1492038,61616,103585,2069,2026-09-10 19:24:23.479998+00,2026-09-10 18:13:22.057298+00,2026-09-10 19:24:23.595668+00,2026-09-10 21:02:18.878562+00,1,1,1,3,30,365,113,2827
1789075670.775530,2249822,public,account_permission,2,2026-09-10 18:36:32.753413+00,425940,42131,2026-09-10 21:27:50.712719+00,42139,212970,10,0,0,10,212970,10,10,0,2026-09-10 19:29:04.927437+00,2026-09-10 17:53:19.299976+00,2026-09-10 19:29:05.05201+00,2026-09-10 17:53:19.497616+00,1,1,1,1,32,109,122,198
1789075670.775530,2249841,public,customer_account,4,2026-09-10 18:45:15.480553+00,600000,3598430,2026-09-10 21:27:50.808933+00,6031261,150000,381091,0,369910,11181,150000,12685,17059,0,2026-09-10 19:24:23.226634+00,2026-09-10 17:53:20.108136+00,2026-09-10 19:24:23.311106+00,2026-09-10 21:23:18.243918+00,1,1,1,21,12,77,84,8408
1789075670.775530,2250026,public,financial,2,2026-09-10 18:36:32.673292+00,600000,583227,2026-09-10 21:27:50.808933+00,11664502,300000,180,0,0,180,300000,180,180,0,2026-09-10 19:36:20.352757+00,2026-09-10 17:53:29.521608+00,2026-09-10 19:36:20.576514+00,2026-09-10 17:53:29.956687+00,1,1,1,1,57,322,207,435
1789075670.775530,2249830,public,customer,4,2026-09-10 18:39:19.245981+00,120000,2517226,2026-09-10 21:27:50.808933+00,2514833,30000,9,0,0,9,30000,9,9,0,2026-09-10 19:24:22.892301+00,2026-09-10 17:53:19.531775+00,2026-09-10 19:24:23.201268+00,2026-09-10 17:53:20.026228+00,1,1,1,1,59,26,305,495
1789075670.775530,2250121,public,zip_code,2,2026-09-10 18:36:32.586468+00,29482,1167952,2026-09-10 21:27:50.808933+00,1166414,14741,0,0,0,0,14741,0,0,0,2026-09-10 19:36:13.175189+00,2026-09-10 17:53:30.32548+00,2026-09-10 19:36:13.194698+00,2026-09-10 17:53:30.362036+00,1,1,1,1,1,41,20,31
1789075670.775530,2249929,public,settlement,2,2026-09-10 19:06:58.095243+00,1036800000,8758472,2026-09-10 21:27:50.808933+00,8758471,518815793,547900,0,97022,450878,518813012,511412,952694,415793,2026-09-10 19:38:55.40099+00,2026-09-10 19:38:47.513759+00,2026-09-10 19:38:59.2827+00,2026-09-10 19:38:51.103174+00,1,2,1,2,66,1872326,3881,5015
1789075670.775530,2250000,public,company_competitor,4,2026-09-10 18:39:19.241779+00,180000,583209,2026-09-10 21:27:50.808933+00,0,45000,0,0,0,0,45000,0,0,0,2026-09-10 19:29:04.853693+00,2026-09-10 17:53:22.019369+00,2026-09-10 19:29:04.892815+00,2026-09-10 17:53:22.073157+00,1,1,1,1,32,17,36,54
1789075670.775530,2250104,public,address,2,2026-09-10 18:36:32.586468+00,90008,1167604,2026-09-10 21:27:50.808933+00,2624500,45004,10,0,0,10,45004,10,10,0,2026-09-10 19:36:13.198214+00,2026-09-10 17:53:30.143186+00,2026-09-10 19:36:13.272339+00,2026-09-10 17:53:30.265233+00,1,1,1,1,1,84,75,111
1789075670.775530,2249981,public,trade_type,4961891,2026-09-10 21:27:50.808933+00,17347614,3667,2026-09-10 20:55:34.986889+00,595,5,0,0,0,0,5,0,0,0,2026-09-10 19:30:55.686368+00,,2026-09-10 19:30:55.686494+00,,1,0,1,0,1,0,1,0
1789075670.775530,2250083,public,security,791485,2026-09-10 21:27:50.808933+00,16265016750,127501377,2026-09-10 21:27:50.808933+00,128180730,20550,9,0,0,9,20550,9,9,0,2026-09-10 19:24:23.322571+00,2026-09-10 17:56:48.546012+00,2026-09-10 19:24:23.441929+00,2026-09-10 17:56:48.782769+00,1,1,1,1,6,346,119,237
1789075730.884589,2249856,public,holding,3,2026-09-10 18:14:01.1438+00,53040828,938501,2026-09-10 21:28:50.909829+00,10869507,26757771,184555,274322,56572,127983,26532381,391914,550326,237357,2026-09-10 19:36:12.75693+00,2026-09-10 18:14:29.263615+00,2026-09-10 19:36:13.060392+00,2026-09-10 18:14:29.882987+00,1,1,1,1,45,7564,301,620
1789075730.884589,2250073,public,news_xref,3,2026-09-10 18:36:32.591284+00,90000,590375,2026-09-10 21:28:50.839317+00,20,30000,0,0,0,0,30000,0,0,0,2026-09-10 19:36:13.161571+00,2026-09-10 17:56:48.169274+00,2026-09-10 19:36:13.172374+00,2026-09-10 17:56:48.192926+00,1,1,1,1,3,164,11,24
1789075730.884589,2250006,public,daily_market,6,2026-09-10 18:14:00.82828+00,53635500,59113639,2026-09-10 21:28:50.839317+00,65352995,26817750,387,0,0,387,26824697,387,387,0,2026-09-10 19:36:21.896725+00,2026-09-10 17:53:30.461218+00,2026-09-10 19:36:22.185295+00,2026-09-10 17:53:31.195492+00,1,1,1,1,1254,8383,288,735
1789075730.884589,2250052,public,last_trade,2,2026-09-10 18:39:23.400642+00,41100,82375528,2026-09-10 21:28:50.909829+00,82375299,20550,818054,0,815849,2205,20550,3415,4324,0,2026-09-10 19:29:05.269132+00,2026-09-10 17:53:30.000417+00,2026-09-10 19:29:05.305716+00,2026-09-10 21:28:18.350577+00,1,1,1,106,3,12,36,8714
1789075730.884589,2250078,public,sector,203304,2026-09-10 21:28:50.839317+00,2439648,81020,2026-09-10 20:55:18.735157+00,81020,12,0,0,0,0,12,0,0,0,2026-09-10 19:24:23.444133+00,,2026-09-10 19:24:23.444255+00,,1,0,1,0,1,0,1,0
1789075730.884589,2250114,public,taxrate,217802,2026-09-10 21:28:50.909829+00,69696640,1325,2026-09-10 21:27:53.161684+00,749,320,9,0,6,3,320,3,9,0,2026-09-10 19:36:20.64208+00,,2026-09-10 19:36:20.642648+00,2026-09-10 17:53:30.277789+00,1,0,1,1,2,0,1,1
1789075730.884589,2249968,public,trade_request,206197,2026-09-10 21:28:50.839317+00,742501407,981220,2026-09-10 21:28:50.909829+00,468286,169979,0,164322,0,0,3960,874,1693,833,2026-09-10 19:29:04.821787+00,2026-09-10 21:28:18.250331+00,2026-09-10 19:29:04.822356+00,2026-09-10 21:28:18.270884+00,1,107,1,107,1,3291,1,3006
1789075730.884589,2249881,public,watch_item,4,2026-09-10 18:39:23.873407+00,8946495,454241,2026-09-10 21:28:50.839317+00,12821,2982165,8,0,0,8,2982165,8,8,0,2026-09-10 19:29:05.082092+00,2026-09-10 17:53:21.313017+00,2026-09-10 19:29:05.26188+00,2026-09-10 17:53:21.810508+00,1,1,1,1,2,959,180,498
1789075730.884589,2249962,public,trade_history,3,2026-09-10 19:16:53.853864+00,3732502353,10487214,2026-09-10 21:28:50.839317+00,25119585,1245194757,0,0,0,0,1245188516,25953,1001353,1027306,2026-09-10 19:29:02.442332+00,2026-09-10 17:56:39.748253+00,2026-09-10 19:29:04.819007+00,2026-09-10 17:56:46.054213+00,1,1,1,1,277842,64922,2377,6306
1789075730.884589,2249938,public,trade,18,2026-09-10 19:24:22.633472+00,7257600000,12694199,2026-09-10 21:28:50.909829+00,8468878225,518824744,1342527,0,274877,433015,518809936,1072477,1642247,424744,2026-09-10 19:36:10.673673+00,2026-09-10 17:55:13.319747+00,2026-09-10 19:36:12.708234+00,2026-09-10 17:55:14.759594+00,1,1,1,1,313984,19670,2034,1440
1789075730.884589,2250109,public,status_type,3120748,2026-09-10 21:28:50.909829+00,9886281,1152,2026-09-10 20:54:55.224112+00,0,5,0,0,0,0,5,0,0,0,2026-09-10 19:24:23.446735+00,,2026-09-10 19:24:23.446839+00,,1,0,1,0,1,0,1,0
1789075730.884589,2249909,public,charge,424746,2026-09-10 21:28:50.839317+00,6371190,0,,0,15,0,0,0,0,15,0,0,0,2026-09-10 19:30:55.68781+00,,2026-09-10 19:30:55.688433+00,,1,0,1,0,1,0,1,0
1789075730.884589,2249988,public,company,5,2026-09-10 18:39:19.216232+00,75000,77156742,2026-09-10 21:28:50.839317+00,266669898,15000,9,0,0,9,15000,9,9,0,2026-09-10 19:36:13.092374+00,2026-09-10 17:53:21.882165+00,2026-09-10 19:36:13.156371+00,2026-09-10 17:53:21.992193+00,1,1,1,1,31,17,62,110
1789075730.884589,2250062,public,news_item,1,2026-09-10 18:13:01.013209+00,30000,1179195,2026-09-10 21:28:50.839317+00,1192254,30000,18,0,0,18,30000,18,18,0,2026-09-10 19:36:13.288793+00,2026-09-10 17:56:47.547667+00,2026-09-10 19:36:20.294012+00,2026-09-10 17:56:47.994666+00,1,1,1,1,16,1484,143,447
1789075730.884589,2249891,public,broker,206070,2026-09-10 21:28:50.839317+00,61821000,1832355,2026-09-10 21:28:50.909829+00,1830898,300,427844,0,427844,0,300,134,2170,0,2026-09-10 19:24:23.448703+00,2026-09-10 21:25:17.947157+00,2026-09-10 19:38:59.555359+00,2026-09-10 21:28:18.355484+00,1,14,2,109,2,57,3,591
1789075730.884589,2249886,public,watch_list,4,2026-09-10 18:39:19.55136+00,120000,454243,2026-09-10 21:28:50.839317+00,453407,30000,0,0,0,0,30000,0,0,0,2026-09-10 19:29:05.065201+00,2026-09-10 17:53:21.830081+00,2026-09-10 19:29:05.076514+00,2026-09-10 17:53:21.851946+00,1,1,1,1,12,10,12,22
1789075730.884589,2249917,public,commission_rate,3,2026-09-10 18:36:32.553549+00,720,919998,2026-09-10 21:28:50.909829+00,1617506,240,0,0,0,0,240,0,0,0,2026-09-10 19:30:55.684574+00,,2026-09-10 19:30:55.685011+00,2026-09-10 17:53:21.85719+00,1,0,1,1,1,0,1,1
1789075730.884589,2249851,public,customer_taxrate,3,2026-09-10 18:39:19.221747+00,180000,69697936,2026-09-10 21:28:50.909829+00,7700,60000,9,0,0,9,60000,9,9,0,2026-09-10 19:36:20.607907+00,2026-09-10 17:53:20.297708+00,2026-09-10 19:36:20.638528+00,2026-09-10 17:53:20.350229+00,1,1,1,1,30,19,29,53
1789075730.884589,2249868,public,holding_history,8,2026-09-10 19:24:22.633472+00,2778954508,80445,2026-09-10 21:28:50.736349+00,179523,695434863,0,0,0,0,695278387,145910,550326,696236,2026-09-10 19:38:52.269828+00,2026-09-10 18:00:34.421363+00,2026-09-10 19:38:55.334914+00,2026-09-10 18:00:44.904449+00,1,3,1,3,149084,284220,3065,13235
1789075730.884589,2250046,public,industry,238208,2026-09-10 21:28:50.839317+00,24283071,2104214,2026-09-10 21:28:50.839317+00,2096088,102,0,0,0,0,102,0,0,0,2026-09-10 19:24:23.445694+00,,2026-09-10 19:24:23.445963+00,2026-09-10 17:53:29.973725+00,1,0,1,1,1,0,1,3
1789075730.884589,2250017,public,exchange,1387865,2026-09-10 21:28:50.839317+00,4668296,1536,2026-09-10 20:54:53.872757+00,1152,4,36,0,36,0,4,36,36,0,2026-09-10 19:30:55.68249+00,,2026-09-10 19:30:55.682645+00,,1,0,1,0,1,0,1,0
1789075730.884589,2249901,public,cash_transaction,2,2026-09-10 19:00:28.999306+00,953848714,8337085,2026-09-10 21:28:50.839317+00,8175188,477308634,528080,0,55041,473039,477360278,510639,904003,384277,2026-09-10 19:30:52.298911+00,2026-09-10 17:59:35.711751+00,2026-09-10 19:30:55.445775+00,2026-09-10 18:00:57.043327+00,1,2,1,3,105990,228022,3126,22811
1789075730.884589,2249875,public,holding_summary,5,2026-09-10 18:36:33.052121+00,4476012,4962084,2026-09-10 21:28:50.909829+00,34452367,1494089,492576,2294,437053,55523,1492036,62161,107653,2085,2026-09-10 19:24:23.479998+00,2026-09-10 18:13:22.057298+00,2026-09-10 19:24:23.595668+00,2026-09-10 21:02:18.878562+00,1,1,1,3,30,365,113,2827
1789075730.884589,2249822,public,account_permission,2,2026-09-10 18:36:32.753413+00,425940,42523,2026-09-10 21:28:50.744823+00,42531,212970,10,0,0,10,212970,10,10,0,2026-09-10 19:29:04.927437+00,2026-09-10 17:53:19.299976+00,2026-09-10 19:29:05.05201+00,2026-09-10 17:53:19.497616+00,1,1,1,1,32,109,122,198
1789075730.884589,2249841,public,customer_account,4,2026-09-10 18:45:15.480553+00,600000,3633698,2026-09-10 21:28:50.909829+00,6089605,150000,384949,0,373688,11261,150001,12789,1983,0,2026-09-10 19:24:23.226634+00,2026-09-10 17:53:20.108136+00,2026-09-10 19:24:23.311106+00,2026-09-10 21:28:18.222874+00,1,1,1,22,12,77,84,8794
1789075730.884589,2250026,public,financial,2,2026-09-10 18:36:32.673292+00,600000,588830,2026-09-10 21:28:50.839317+00,11776562,300000,180,0,0,180,300000,180,180,0,2026-09-10 19:36:20.352757+00,2026-09-10 17:53:29.521608+00,2026-09-10 19:36:20.576514+00,2026-09-10 17:53:29.956687+00,1,1,1,1,57,322,207,435
1789075730.884589,2249830,public,customer,4,2026-09-10 18:39:19.245981+00,120000,2541539,2026-09-10 21:28:50.909829+00,2539097,30000,9,0,0,9,30000,9,9,0,2026-09-10 19:24:22.892301+00,2026-09-10 17:53:19.531775+00,2026-09-10 19:24:23.201268+00,2026-09-10 17:53:20.026228+00,1,1,1,1,59,26,305,495
1789075730.884589,2250121,public,zip_code,2,2026-09-10 18:36:32.586468+00,29482,1179158,2026-09-10 21:28:50.839317+00,1177620,14741,0,0,0,0,14741,0,0,0,2026-09-10 19:36:13.175189+00,2026-09-10 17:53:30.32548+00,2026-09-10 19:36:13.194698+00,2026-09-10 17:53:30.362036+00,1,1,1,1,1,41,20,31
1789075730.884589,2249929,public,settlement,2,2026-09-10 19:06:58.095243+00,1036800000,8842352,2026-09-10 21:28:50.839317+00,8842351,518820024,552880,0,98314,454566,518817080,515709,961742,420024,2026-09-10 19:38:55.40099+00,2026-09-10 19:38:47.513759+00,2026-09-10 19:38:59.2827+00,2026-09-10 19:38:51.103174+00,1,2,1,2,66,1872326,3881,5015
1789075730.884589,2250000,public,company_competitor,4,2026-09-10 18:39:19.241779+00,180000,588812,2026-09-10 21:28:50.839317+00,0,45000,0,0,0,0,45000,0,0,0,2026-09-10 19:29:04.853693+00,2026-09-10 17:53:22.019369+00,2026-09-10 19:29:04.892815+00,2026-09-10 17:53:22.073157+00,1,1,1,1,32,17,36,54
1789075730.884589,2250104,public,address,2,2026-09-10 18:36:32.586468+00,90008,1178810,2026-09-10 21:28:50.839317+00,2649716,45004,10,0,0,10,45004,10,10,0,2026-09-10 19:36:13.198214+00,2026-09-10 17:53:30.143186+00,2026-09-10 19:36:13.272339+00,2026-09-10 17:53:30.265233+00,1,1,1,1,1,84,75,111
1789075730.884589,2249981,public,trade_type,5009741,2026-09-10 21:28:50.909829+00,17515141,3667,2026-09-10 20:55:34.986889+00,595,5,0,0,0,0,5,0,0,0,2026-09-10 19:30:55.686368+00,,2026-09-10 19:30:55.686494+00,,1,0,1,0,1,0,1,0
1789075730.884589,2250083,public,security,799043,2026-09-10 21:28:50.839317+00,16420333650,128797713,2026-09-10 21:28:50.909829+00,129484107,20550,9,0,0,9,20550,9,9,0,2026-09-10 19:24:23.322571+00,2026-09-10 17:56:48.546012+00,2026-09-10 19:24:23.441929+00,2026-09-10 17:56:48.782769+00,1,1,1,1,6,346,119,237
1789075791.003233,2249856,public,holding,3,2026-09-10 18:14:01.1438+00,53040828,947868,2026-09-10 21:29:50.995317+00,10975055,26760307,186357,277132,57485,128872,26532596,395556,555908,239893,2026-09-10 19:36:12.75693+00,2026-09-10 18:14:29.263615+00,2026-09-10 19:36:13.060392+00,2026-09-10 18:14:29.882987+00,1,1,1,1,45,7564,301,620
1789075791.003233,2250073,public,news_xref,3,2026-09-10 18:36:32.591284+00,90000,596214,2026-09-10 21:29:50.995317+00,20,30000,0,0,0,0,30000,0,0,0,2026-09-10 19:36:13.161571+00,2026-09-10 17:56:48.169274+00,2026-09-10 19:36:13.172374+00,2026-09-10 17:56:48.192926+00,1,1,1,1,3,164,11,24
1789075791.003233,2250006,public,daily_market,6,2026-09-10 18:14:00.82828+00,53635500,59702414,2026-09-10 21:29:50.995317+00,65927438,26817750,387,0,0,387,26824697,387,387,0,2026-09-10 19:36:21.896725+00,2026-09-10 17:53:30.461218+00,2026-09-10 19:36:22.185295+00,2026-09-10 17:53:31.195492+00,1,1,1,1,1254,8383,288,735
1789075791.003233,2250052,public,last_trade,2,2026-09-10 18:39:23.400642+00,41100,83190700,2026-09-10 21:29:50.995317+00,83190471,20550,826413,0,824207,2206,20550,3406,4629,0,2026-09-10 19:29:05.269132+00,2026-09-10 17:53:30.000417+00,2026-09-10 19:29:05.305716+00,2026-09-10 21:29:17.982609+00,1,1,1,107,3,12,36,8798
1789075791.003233,2250078,public,sector,205362,2026-09-10 21:29:50.995317+00,2464344,81020,2026-09-10 20:55:18.735157+00,81020,12,0,0,0,0,12,0,0,0,2026-09-10 19:24:23.444133+00,,2026-09-10 19:24:23.444255+00,,1,0,1,0,1,0,1,0
1789075791.003233,2250114,public,taxrate,219986,2026-09-10 21:29:50.583704+00,70395520,1325,2026-09-10 21:27:53.161684+00,749,320,9,0,6,3,320,3,9,0,2026-09-10 19:36:20.64208+00,,2026-09-10 19:36:20.642648+00,2026-09-10 17:53:30.277789+00,1,0,1,1,2,0,1,1
1789075791.003233,2249968,public,trade_request,208255,2026-09-10 21:29:50.995317+00,750631251,991267,2026-09-10 21:29:50.347095+00,473148,171650,0,165962,0,0,3964,909,1793,912,2026-09-10 19:29:04.821787+00,2026-09-10 21:29:17.865498+00,2026-09-10 19:29:04.822356+00,2026-09-10 21:29:17.896166+00,1,108,1,108,1,3319,1,3037
1789075791.003233,2249881,public,watch_item,4,2026-09-10 18:39:23.873407+00,8946495,458816,2026-09-10 21:29:50.995317+00,13214,2982165,9,0,0,9,2982165,9,9,0,2026-09-10 19:29:05.082092+00,2026-09-10 17:53:21.313017+00,2026-09-10 19:29:05.26188+00,2026-09-10 17:53:21.810508+00,1,1,1,1,2,959,180,498
1789075791.003233,2249962,public,trade_history,3,2026-09-10 19:16:53.853864+00,3732502353,10590274,2026-09-10 21:29:50.995317+00,25366868,1245205055,0,0,0,0,1245198555,26212,1011392,1037604,2026-09-10 19:29:02.442332+00,2026-09-10 17:56:39.748253+00,2026-09-10 19:29:04.819007+00,2026-09-10 17:56:46.054213+00,1,1,1,1,277842,64922,2377,6306
1789075791.003233,2249938,public,trade,18,2026-09-10 19:24:22.633472+00,7257600000,12821515,2026-09-10 21:29:50.995317+00,8551400042,518829010,1356016,0,278357,436476,518814157,1082556,1658680,429010,2026-09-10 19:36:10.673673+00,2026-09-10 17:55:13.319747+00,2026-09-10 19:36:12.708234+00,2026-09-10 17:55:14.759594+00,1,1,1,1,313984,19670,2034,1440
1789075791.003233,2250109,public,status_type,3151947,2026-09-10 21:29:50.995317+00,9984192,1152,2026-09-10 20:54:55.224112+00,0,5,0,0,0,0,5,0,0,0,2026-09-10 19:24:23.446735+00,,2026-09-10 19:24:23.446839+00,,1,0,1,0,1,0,1,0
1789075791.003233,2249909,public,charge,429012,2026-09-10 21:29:50.995317+00,6435180,0,,0,15,0,0,0,0,15,0,0,0,2026-09-10 19:30:55.68781+00,,2026-09-10 19:30:55.688433+00,,1,0,1,0,1,0,1,0
1789075791.003233,2249988,public,company,5,2026-09-10 18:39:19.216232+00,75000,77999977,2026-09-10 21:29:50.995317+00,269387710,15000,9,0,0,9,15000,9,9,0,2026-09-10 19:36:13.092374+00,2026-09-10 17:53:21.882165+00,2026-09-10 19:36:13.156371+00,2026-09-10 17:53:21.992193+00,1,1,1,1,31,17,62,110
1789075791.003233,2250062,public,news_item,1,2026-09-10 18:13:01.013209+00,30000,1190873,2026-09-10 21:29:50.995317+00,1203932,30000,18,0,0,18,30000,18,18,0,2026-09-10 19:36:13.288793+00,2026-09-10 17:56:47.547667+00,2026-09-10 19:36:20.294012+00,2026-09-10 17:56:47.994666+00,1,1,1,1,16,1484,143,447
1789075791.003233,2249891,public,broker,208128,2026-09-10 21:29:50.995317+00,62438400,1850577,2026-09-10 21:29:50.995317+00,1849108,300,432200,0,432200,0,300,62,2344,0,2026-09-10 19:24:23.448703+00,2026-09-10 21:25:17.947157+00,2026-09-10 19:38:59.555359+00,2026-09-10 21:29:17.995952+00,1,14,2,110,2,57,3,600
1789075791.003233,2249886,public,watch_list,4,2026-09-10 18:39:19.55136+00,120000,458818,2026-09-10 21:29:50.995317+00,457974,30000,0,0,0,0,30000,0,0,0,2026-09-10 19:29:05.065201+00,2026-09-10 17:53:21.830081+00,2026-09-10 19:29:05.076514+00,2026-09-10 17:53:21.851946+00,1,1,1,1,12,10,12,22
1789075791.003233,2249917,public,commission_rate,3,2026-09-10 18:36:32.553549+00,720,929369,2026-09-10 21:29:50.995317+00,1634053,240,0,0,0,0,240,0,0,0,2026-09-10 19:30:55.684574+00,,2026-09-10 19:30:55.685011+00,2026-09-10 17:53:21.85719+00,1,0,1,1,1,0,1,1
1789075791.003233,2249851,public,customer_taxrate,3,2026-09-10 18:39:19.221747+00,180000,70396816,2026-09-10 21:29:50.583704+00,7839,60000,9,0,0,9,60000,9,9,0,2026-09-10 19:36:20.607907+00,2026-09-10 17:53:20.297708+00,2026-09-10 19:36:20.638528+00,2026-09-10 17:53:20.350229+00,1,1,1,1,30,19,29,53
1789075791.003233,2249868,public,holding_history,8,2026-09-10 19:24:22.633472+00,2778954508,81174,2026-09-10 21:29:50.883147+00,181170,695442011,0,0,0,0,695283969,147476,555908,703384,2026-09-10 19:38:52.269828+00,2026-09-10 18:00:34.421363+00,2026-09-10 19:38:55.334914+00,2026-09-10 18:00:44.904449+00,1,3,1,3,149084,284220,3065,13235
1789075791.003233,2250046,public,industry,240641,2026-09-10 21:29:50.995317+00,24531237,2121779,2026-09-10 21:29:50.995317+00,2113605,102,0,0,0,0,102,0,0,0,2026-09-10 19:24:23.445694+00,,2026-09-10 19:24:23.445963+00,2026-09-10 17:53:29.973725+00,1,0,1,1,1,0,1,3
1789075791.003233,2250017,public,exchange,1401565,2026-09-10 21:29:50.995317+00,4714375,1536,2026-09-10 20:54:53.872757+00,1152,4,36,0,36,0,4,36,36,0,2026-09-10 19:30:55.68249+00,,2026-09-10 19:30:55.682645+00,,1,0,1,0,1,0,1,0
1789075791.003233,2249901,public,cash_transaction,2,2026-09-10 19:00:28.999306+00,953848714,8418880,2026-09-10 21:29:50.995317+00,8255392,477312539,533310,0,55873,477437,477364114,515382,913069,388182,2026-09-10 19:30:52.298911+00,2026-09-10 17:59:35.711751+00,2026-09-10 19:30:55.445775+00,2026-09-10 18:00:57.043327+00,1,2,1,3,105990,228022,3126,22811
1789075791.003233,2249875,public,holding_summary,5,2026-09-10 18:36:33.052121+00,4476012,5011399,2026-09-10 21:29:50.995317+00,34790363,1494118,497643,2320,441795,55848,1492039,62487,111831,2114,2026-09-10 19:24:23.479998+00,2026-09-10 18:13:22.057298+00,2026-09-10 19:24:23.595668+00,2026-09-10 21:02:18.878562+00,1,1,1,3,30,365,113,2827
1789075791.003233,2249822,public,account_permission,2,2026-09-10 18:36:32.753413+00,425940,42936,2026-09-10 21:29:50.995317+00,42944,212970,10,0,0,10,212970,10,10,0,2026-09-10 19:29:04.927437+00,2026-09-10 17:53:19.299976+00,2026-09-10 19:29:05.05201+00,2026-09-10 17:53:19.497616+00,1,1,1,1,32,109,122,198
1789075791.003233,2249841,public,customer_account,4,2026-09-10 18:45:15.480553+00,600000,3670108,2026-09-10 21:29:50.995317+00,6149953,150000,388862,0,377577,11285,150001,12760,5819,0,2026-09-10 19:24:23.226634+00,2026-09-10 17:53:20.108136+00,2026-09-10 19:24:23.311106+00,2026-09-10 21:28:18.222874+00,1,1,1,22,12,77,84,8794
1789075791.003233,2250026,public,financial,2,2026-09-10 18:36:32.673292+00,600000,594669,2026-09-10 21:29:50.995317+00,11893342,300000,180,0,0,180,300000,180,180,0,2026-09-10 19:36:20.352757+00,2026-09-10 17:53:29.521608+00,2026-09-10 19:36:20.576514+00,2026-09-10 17:53:29.956687+00,1,1,1,1,57,322,207,435
1789075791.003233,2249830,public,customer,4,2026-09-10 18:39:19.245981+00,120000,2566842,2026-09-10 21:29:50.995317+00,2564400,30000,9,0,0,9,30000,9,9,0,2026-09-10 19:24:22.892301+00,2026-09-10 17:53:19.531775+00,2026-09-10 19:24:23.201268+00,2026-09-10 17:53:20.026228+00,1,1,1,1,59,26,305,495
1789075791.003233,2250121,public,zip_code,2,2026-09-10 18:36:32.586468+00,29482,1190836,2026-09-10 21:29:50.995317+00,1189298,14741,0,0,0,0,14741,0,0,0,2026-09-10 19:36:13.175189+00,2026-09-10 17:53:30.32548+00,2026-09-10 19:36:13.194698+00,2026-09-10 17:53:30.362036+00,1,1,1,1,1,41,20,31
1789075791.003233,2249929,public,settlement,2,2026-09-10 19:06:58.095243+00,1036800000,8929192,2026-09-10 21:29:50.995317+00,8929191,518824307,558400,0,99655,458745,518821258,520441,971440,424307,2026-09-10 19:38:55.40099+00,2026-09-10 19:38:47.513759+00,2026-09-10 19:38:59.2827+00,2026-09-10 19:38:51.103174+00,1,2,1,2,66,1872326,3881,5015
1789075791.003233,2250000,public,company_competitor,4,2026-09-10 18:39:19.241779+00,180000,594651,2026-09-10 21:29:50.995317+00,0,45000,0,0,0,0,45000,0,0,0,2026-09-10 19:29:04.853693+00,2026-09-10 17:53:22.019369+00,2026-09-10 19:29:04.892815+00,2026-09-10 17:53:22.073157+00,1,1,1,1,32,17,36,54
1789075791.003233,2250104,public,address,2,2026-09-10 18:36:32.586468+00,90008,1190488,2026-09-10 21:29:50.995317+00,2676029,45004,10,0,0,10,45004,10,10,0,2026-09-10 19:36:13.198214+00,2026-09-10 17:53:30.143186+00,2026-09-10 19:36:13.272339+00,2026-09-10 17:53:30.265233+00,1,1,1,1,1,84,75,111
1789075791.003233,2249981,public,trade_type,5059788,2026-09-10 21:29:50.995317+00,17690415,3667,2026-09-10 20:55:34.986889+00,595,5,0,0,0,0,5,0,0,0,2026-09-10 19:30:55.686368+00,,2026-09-10 19:30:55.686494+00,,1,0,1,0,1,0,1,0
1789075791.003233,2250083,public,security,806904,2026-09-10 21:29:50.995317+00,16581877200,130155244,2026-09-10 21:29:50.995317+00,130848336,20550,9,0,0,9,20550,9,9,0,2026-09-10 19:24:23.322571+00,2026-09-10 17:56:48.546012+00,2026-09-10 19:24:23.441929+00,2026-09-10 17:56:48.782769+00,1,1,1,1,6,346,119,237
1789075850.113105,2249856,public,holding,3,2026-09-10 18:14:01.1438+00,53040828,956938,2026-09-10 21:30:50.027059+00,11076493,26762745,188136,279854,58393,129743,26532712,399219,561210,242331,2026-09-10 19:36:12.75693+00,2026-09-10 18:14:29.263615+00,2026-09-10 19:36:13.060392+00,2026-09-10 18:14:29.882987+00,1,1,1,1,45,7564,301,620
1789075850.113105,2250073,public,news_xref,3,2026-09-10 18:36:32.591284+00,90000,601705,2026-09-10 21:30:50.140596+00,20,30000,0,0,0,0,30000,0,0,0,2026-09-10 19:36:13.161571+00,2026-09-10 17:56:48.169274+00,2026-09-10 19:36:13.172374+00,2026-09-10 17:56:48.192926+00,1,1,1,1,3,164,11,24
1789075850.113105,2250006,public,daily_market,6,2026-09-10 18:14:00.82828+00,53635500,60247179,2026-09-10 21:30:50.140596+00,66458867,26817750,387,0,0,387,26824697,387,387,0,2026-09-10 19:36:21.896725+00,2026-09-10 17:53:30.461218+00,2026-09-10 19:36:22.185295+00,2026-09-10 17:53:31.195492+00,1,1,1,1,1254,8383,288,735
1789075850.113105,2250052,public,last_trade,2,2026-09-10 18:39:23.400642+00,41100,83954084,2026-09-10 21:30:50.140596+00,83953855,20550,834317,0,832110,2207,20550,3429,4212,0,2026-09-10 19:29:05.269132+00,2026-09-10 17:53:30.000417+00,2026-09-10 19:29:05.305716+00,2026-09-10 21:30:17.9938+00,1,1,1,108,3,12,36,8885
1789075850.113105,2250078,public,sector,207274,2026-09-10 21:30:50.027059+00,2487288,81020,2026-09-10 20:55:18.735157+00,81020,12,0,0,0,0,12,0,0,0,2026-09-10 19:24:23.444133+00,,2026-09-10 19:24:23.444255+00,,1,0,1,0,1,0,1,0
1789075850.113105,2250114,public,taxrate,222164,2026-09-10 21:30:49.957052+00,71092480,1325,2026-09-10 21:27:53.161684+00,749,320,9,0,6,3,320,3,9,0,2026-09-10 19:36:20.64208+00,,2026-09-10 19:36:20.642648+00,2026-09-10 17:53:30.277789+00,1,0,1,1,2,0,1,1
1789075850.113105,2249968,public,trade_request,210167,2026-09-10 21:30:50.027059+00,758226366,1000767,2026-09-10 21:30:50.022807+00,477789,173226,0,167510,0,0,3995,839,1667,850,2026-09-10 19:29:04.821787+00,2026-09-10 21:30:17.877527+00,2026-09-10 19:29:04.822356+00,2026-09-10 21:30:17.90422+00,1,109,1,109,1,3351,1,3064
1789075850.113105,2249881,public,watch_item,4,2026-09-10 18:39:23.873407+00,8946495,462999,2026-09-10 21:30:50.140596+00,13607,2982165,9,0,0,9,2982165,9,9,0,2026-09-10 19:29:05.082092+00,2026-09-10 17:53:21.313017+00,2026-09-10 19:29:05.26188+00,2026-09-10 17:53:21.810508+00,1,1,1,1,2,959,180,498
1789075850.113105,2249962,public,trade_history,3,2026-09-10 19:16:53.853864+00,3732502353,10689054,2026-09-10 21:30:50.140596+00,25603878,1245214886,0,0,0,0,1245207982,26616,1020819,1047435,2026-09-10 19:29:02.442332+00,2026-09-10 17:56:39.748253+00,2026-09-10 19:29:04.819007+00,2026-09-10 17:56:46.054213+00,1,1,1,1,277842,64922,2377,6306
1789075850.113105,2249938,public,trade,18,2026-09-10 19:24:22.633472+00,7257600000,12943620,2026-09-10 21:30:50.140596+00,8630771007,518832992,1369085,0,281764,439826,518818098,1092222,1674248,432992,2026-09-10 19:36:10.673673+00,2026-09-10 17:55:13.319747+00,2026-09-10 19:36:12.708234+00,2026-09-10 17:55:14.759594+00,1,1,1,1,313984,19670,2034,1440
1789075850.113105,2250109,public,status_type,3181818,2026-09-10 21:30:50.140596+00,10077646,1152,2026-09-10 20:54:55.224112+00,0,5,0,0,0,0,5,0,0,0,2026-09-10 19:24:23.446735+00,,2026-09-10 19:24:23.446839+00,,1,0,1,0,1,0,1,0
1789075850.113105,2249909,public,charge,432994,2026-09-10 21:30:50.140596+00,6494910,0,,0,15,0,0,0,0,15,0,0,0,2026-09-10 19:30:55.68781+00,,2026-09-10 19:30:55.688433+00,,1,0,1,0,1,0,1,0
1789075850.113105,2249988,public,company,5,2026-09-10 18:39:19.216232+00,75000,78779194,2026-09-10 21:30:50.140596+00,271911530,15000,9,0,0,9,15000,9,9,0,2026-09-10 19:36:13.092374+00,2026-09-10 17:53:21.882165+00,2026-09-10 19:36:13.156371+00,2026-09-10 17:53:21.992193+00,1,1,1,1,31,17,62,110
1789075850.113105,2250062,public,news_item,1,2026-09-10 18:13:01.013209+00,30000,1201855,2026-09-10 21:30:50.140596+00,1214914,30000,18,0,0,18,30000,18,18,0,2026-09-10 19:36:13.288793+00,2026-09-10 17:56:47.547667+00,2026-09-10 19:36:20.294012+00,2026-09-10 17:56:47.994666+00,1,1,1,1,16,1484,143,447
1789075850.113105,2249891,public,broker,210040,2026-09-10 21:30:50.027059+00,63012000,1868086,2026-09-10 21:30:50.140596+00,1866609,300,436481,0,436481,0,300,190,2087,0,2026-09-10 19:24:23.448703+00,2026-09-10 21:25:17.947157+00,2026-09-10 19:38:59.555359+00,2026-09-10 21:30:18.000909+00,1,14,2,111,2,57,3,605
1789075850.113105,2249886,public,watch_list,4,2026-09-10 18:39:19.55136+00,120000,463001,2026-09-10 21:30:50.140596+00,462157,30000,0,0,0,0,30000,0,0,0,2026-09-10 19:29:05.065201+00,2026-09-10 17:53:21.830081+00,2026-09-10 19:29:05.076514+00,2026-09-10 17:53:21.851946+00,1,1,1,1,12,10,12,22
1789075850.113105,2249917,public,commission_rate,3,2026-09-10 18:36:32.553549+00,720,938328,2026-09-10 21:30:50.140596+00,1649818,240,0,0,0,0,240,0,0,0,2026-09-10 19:30:55.684574+00,,2026-09-10 19:30:55.685011+00,2026-09-10 17:53:21.85719+00,1,0,1,1,1,0,1,1
1789075850.113105,2249851,public,customer_taxrate,3,2026-09-10 18:39:19.221747+00,180000,71093776,2026-09-10 21:30:49.957052+00,7941,60000,9,0,0,9,60000,9,9,0,2026-09-10 19:36:20.607907+00,2026-09-10 17:53:20.297708+00,2026-09-10 19:36:20.638528+00,2026-09-10 17:53:20.350229+00,1,1,1,1,30,19,29,53
1789075850.113105,2249868,public,holding_history,8,2026-09-10 19:24:22.633472+00,2778954508,81951,2026-09-10 21:30:49.957052+00,182952,695448950,0,0,0,0,695289271,149113,561210,710323,2026-09-10 19:38:52.269828+00,2026-09-10 18:00:34.421363+00,2026-09-10 19:38:55.334914+00,2026-09-10 18:00:44.904449+00,1,3,1,3,149084,284220,3065,13235
1789075850.113105,2250046,public,industry,242902,2026-09-10 21:30:50.027059+00,24761859,2138300,2026-09-10 21:30:50.140596+00,2130078,102,0,0,0,0,102,0,0,0,2026-09-10 19:24:23.445694+00,,2026-09-10 19:24:23.445963+00,2026-09-10 17:53:29.973725+00,1,0,1,1,1,0,1,3
1789075850.113105,2250017,public,exchange,1414663,2026-09-10 21:30:50.140596+00,4758498,1536,2026-09-10 20:54:53.872757+00,1152,4,36,0,36,0,4,36,36,0,2026-09-10 19:30:55.68249+00,,2026-09-10 19:30:55.682645+00,,1,0,1,0,1,0,1,0
1789075850.113105,2249901,public,cash_transaction,2,2026-09-10 19:00:28.999306+00,953848714,8496548,2026-09-10 21:30:50.140596+00,8331574,477316394,537831,0,56683,481148,477367747,519616,921223,392037,2026-09-10 19:30:52.298911+00,2026-09-10 17:59:35.711751+00,2026-09-10 19:30:55.445775+00,2026-09-10 18:00:57.043327+00,1,2,1,3,105990,228022,3126,22811
1789075850.113105,2249875,public,holding_summary,5,2026-09-10 18:36:33.052121+00,4476012,5058821,2026-09-10 21:30:50.140596+00,35114827,1494149,502575,2345,446311,56264,1492044,62944,115769,2145,2026-09-10 19:24:23.479998+00,2026-09-10 18:13:22.057298+00,2026-09-10 19:24:23.595668+00,2026-09-10 21:02:18.878562+00,1,1,1,3,30,365,113,2827
1789075850.113105,2249822,public,account_permission,2,2026-09-10 18:36:32.753413+00,425940,43298,2026-09-10 21:30:49.957052+00,43308,212970,11,0,0,11,212970,11,11,0,2026-09-10 19:29:04.927437+00,2026-09-10 17:53:19.299976+00,2026-09-10 19:29:05.05201+00,2026-09-10 17:53:19.497616+00,1,1,1,1,32,109,122,198
1789075850.113105,2249841,public,customer_account,4,2026-09-10 18:45:15.480553+00,600000,3705203,2026-09-10 21:30:50.140596+00,6208094,150000,392723,0,381284,11439,150001,12981,9452,0,2026-09-10 19:24:23.226634+00,2026-09-10 17:53:20.108136+00,2026-09-10 19:24:23.311106+00,2026-09-10 21:28:18.222874+00,1,1,1,22,12,77,84,8794
1789075850.113105,2250026,public,financial,2,2026-09-10 18:36:32.673292+00,600000,600160,2026-09-10 21:30:50.140596+00,12003162,300000,180,0,0,180,300000,180,180,0,2026-09-10 19:36:20.352757+00,2026-09-10 17:53:29.521608+00,2026-09-10 19:36:20.576514+00,2026-09-10 17:53:29.956687+00,1,1,1,1,57,322,207,435
1789075850.113105,2249830,public,customer,4,2026-09-10 18:39:19.245981+00,120000,2591080,2026-09-10 21:30:50.140596+00,2588638,30000,9,0,0,9,30000,9,9,0,2026-09-10 19:24:22.892301+00,2026-09-10 17:53:19.531775+00,2026-09-10 19:24:23.201268+00,2026-09-10 17:53:20.026228+00,1,1,1,1,59,26,305,495
1789075850.113105,2250121,public,zip_code,2,2026-09-10 18:36:32.586468+00,29482,1201818,2026-09-10 21:30:50.140596+00,1200280,14741,0,0,0,0,14741,0,0,0,2026-09-10 19:36:13.175189+00,2026-09-10 17:53:30.32548+00,2026-09-10 19:36:13.194698+00,2026-09-10 17:53:30.362036+00,1,1,1,1,1,41,20,31
1789075850.113105,2249929,public,settlement,2,2026-09-10 19:06:58.095243+00,1036800000,9012952,2026-09-10 21:30:50.140596+00,9012951,518828500,563840,0,100994,462846,518825196,525278,980818,428500,2026-09-10 19:38:55.40099+00,2026-09-10 19:38:47.513759+00,2026-09-10 19:38:59.2827+00,2026-09-10 19:38:51.103174+00,1,2,1,2,66,1872326,3881,5015
1789075850.113105,2250000,public,company_competitor,4,2026-09-10 18:39:19.241779+00,180000,600142,2026-09-10 21:30:50.140596+00,0,45000,0,0,0,0,45000,0,0,0,2026-09-10 19:29:04.853693+00,2026-09-10 17:53:22.019369+00,2026-09-10 19:29:04.892815+00,2026-09-10 17:53:22.073157+00,1,1,1,1,32,17,36,54
1789075850.113105,2250104,public,address,2,2026-09-10 18:36:32.586468+00,90008,1201470,2026-09-10 21:30:50.140596+00,2700706,45004,10,0,0,10,45004,10,10,0,2026-09-10 19:36:13.198214+00,2026-09-10 17:53:30.143186+00,2026-09-10 19:36:13.272339+00,2026-09-10 17:53:30.265233+00,1,1,1,1,1,84,75,111
1789075850.113105,2249981,public,trade_type,5107390,2026-09-10 21:30:50.140596+00,17857091,3667,2026-09-10 20:55:34.986889+00,595,5,0,0,0,0,5,0,0,0,2026-09-10 19:30:55.686368+00,,2026-09-10 19:30:55.686494+00,,1,0,1,0,1,0,1,0
1789075850.113105,2250083,public,security,814511,2026-09-10 21:30:50.140596+00,16738201050,131409555,2026-09-10 21:30:50.140596+00,132108842,20550,9,0,0,9,20550,9,9,0,2026-09-10 19:24:23.322571+00,2026-09-10 17:56:48.546012+00,2026-09-10 19:24:23.441929+00,2026-09-10 17:56:48.782769+00,1,1,1,1,6,346,119,237
1789075910.239844,2249856,public,holding,3,2026-09-10 18:14:01.1438+00,53040828,965802,2026-09-10 21:31:50.254205+00,11175887,26765042,189882,282395,59325,130557,26532866,402630,566547,244628,2026-09-10 19:36:12.75693+00,2026-09-10 18:14:29.263615+00,2026-09-10 19:36:13.060392+00,2026-09-10 18:14:29.882987+00,1,1,1,1,45,7564,301,620
1789075910.239844,2250073,public,news_xref,3,2026-09-10 18:36:32.591284+00,90000,607535,2026-09-10 21:31:50.254205+00,20,30000,0,0,0,0,30000,0,0,0,2026-09-10 19:36:13.161571+00,2026-09-10 17:56:48.169274+00,2026-09-10 19:36:13.172374+00,2026-09-10 17:56:48.192926+00,1,1,1,1,3,164,11,24
1789075910.239844,2250006,public,daily_market,6,2026-09-10 18:14:00.82828+00,53635500,60832305,2026-09-10 21:31:50.254205+00,67029721,26817750,387,0,0,387,26824697,387,387,0,2026-09-10 19:36:21.896725+00,2026-09-10 17:53:30.461218+00,2026-09-10 19:36:22.185295+00,2026-09-10 17:53:31.195492+00,1,1,1,1,1254,8383,288,735
1789075910.239844,2250052,public,last_trade,2,2026-09-10 18:39:23.400642+00,41100,84766930,2026-09-10 21:31:50.254205+00,84766701,20550,842342,0,840134,2208,20550,3334,4341,0,2026-09-10 19:29:05.269132+00,2026-09-10 17:53:30.000417+00,2026-09-10 19:29:05.305716+00,2026-09-10 21:31:17.990333+00,1,1,1,109,3,12,36,8965
1789075910.239844,2250078,public,sector,209309,2026-09-10 21:31:50.254205+00,2511708,81020,2026-09-10 20:55:18.735157+00,81020,12,0,0,0,0,12,0,0,0,2026-09-10 19:24:23.444133+00,,2026-09-10 19:24:23.444255+00,,1,0,1,0,1,0,1,0
1789075910.239844,2250114,public,taxrate,224292,2026-09-10 21:31:50.254205+00,71773440,1325,2026-09-10 21:27:53.161684+00,749,320,9,0,6,3,320,3,9,0,2026-09-10 19:36:20.64208+00,,2026-09-10 19:36:20.642648+00,2026-09-10 17:53:30.277789+00,1,0,1,1,2,0,1,1
1789075910.239844,2249968,public,trade_request,212202,2026-09-10 21:31:50.254205+00,766430597,1010472,2026-09-10 21:31:50.103675+00,482609,174916,0,169130,0,0,4045,888,1757,895,2026-09-10 19:29:04.821787+00,2026-09-10 21:31:17.877613+00,2026-09-10 19:29:04.822356+00,2026-09-10 21:31:17.907151+00,1,110,1,110,1,3378,1,3094
1789075910.239844,2249881,public,watch_item,4,2026-09-10 18:39:23.873407+00,8946495,467496,2026-09-10 21:31:50.254205+00,13971,2982165,9,0,0,9,2982165,9,9,0,2026-09-10 19:29:05.082092+00,2026-09-10 17:53:21.313017+00,2026-09-10 19:29:05.26188+00,2026-09-10 17:53:21.810508+00,1,1,1,1,2,959,180,498
1789075910.239844,2249962,public,trade_history,3,2026-09-10 19:16:53.853864+00,3732502353,10792874,2026-09-10 21:31:50.254205+00,25853115,1245224783,0,0,0,0,1245217661,26834,1030498,1057332,2026-09-10 19:29:02.442332+00,2026-09-10 17:56:39.748253+00,2026-09-10 19:29:04.819007+00,2026-09-10 17:56:46.054213+00,1,1,1,1,277842,64922,2377,6306
1789075910.239844,2249938,public,trade,18,2026-09-10 19:24:22.633472+00,7257600000,13066914,2026-09-10 21:31:50.254205+00,8714239542,518837107,1381974,0,285163,443161,518822172,1101796,1690130,437107,2026-09-10 19:36:10.673673+00,2026-09-10 17:55:13.319747+00,2026-09-10 19:36:12.708234+00,2026-09-10 17:55:14.759594+00,1,1,1,1,313984,19670,2034,1440
1789075910.239844,2250109,public,status_type,3212144,2026-09-10 21:31:50.254205+00,10173760,1152,2026-09-10 20:54:55.224112+00,0,5,0,0,0,0,5,0,0,0,2026-09-10 19:24:23.446735+00,,2026-09-10 19:24:23.446839+00,,1,0,1,0,1,0,1,0
1789075910.239844,2249909,public,charge,437109,2026-09-10 21:31:50.254205+00,6556635,0,,0,15,0,0,0,0,15,0,0,0,2026-09-10 19:30:55.68781+00,,2026-09-10 19:30:55.688433+00,,1,0,1,0,1,0,1,0
1789075910.239844,2249988,public,company,5,2026-09-10 18:39:19.216232+00,75000,79628762,2026-09-10 21:31:50.254205+00,274650660,15000,9,0,0,9,15000,9,9,0,2026-09-10 19:36:13.092374+00,2026-09-10 17:53:21.882165+00,2026-09-10 19:36:13.156371+00,2026-09-10 17:53:21.992193+00,1,1,1,1,31,17,62,110
1789075910.239844,2250062,public,news_item,1,2026-09-10 18:13:01.013209+00,30000,1213515,2026-09-10 21:31:50.254205+00,1226574,30000,18,0,0,18,30000,18,18,0,2026-09-10 19:36:13.288793+00,2026-09-10 17:56:47.547667+00,2026-09-10 19:36:20.294012+00,2026-09-10 17:56:47.994666+00,1,1,1,1,16,1484,143,447
1789075910.239844,2249891,public,broker,212075,2026-09-10 21:31:50.254205+00,63622500,1885962,2026-09-10 21:31:50.254205+00,1884466,300,440618,0,440618,0,300,62,2128,0,2026-09-10 19:24:23.448703+00,2026-09-10 21:31:17.996865+00,2026-09-10 19:38:59.555359+00,2026-09-10 21:31:18.004575+00,1,15,2,112,2,60,3,613
1789075910.239844,2249886,public,watch_list,4,2026-09-10 18:39:19.55136+00,120000,467498,2026-09-10 21:31:50.254205+00,466654,30000,0,0,0,0,30000,0,0,0,2026-09-10 19:29:05.065201+00,2026-09-10 17:53:21.830081+00,2026-09-10 19:29:05.076514+00,2026-09-10 17:53:21.851946+00,1,1,1,1,12,10,12,22
1789075910.239844,2249917,public,commission_rate,3,2026-09-10 18:36:32.553549+00,720,947176,2026-09-10 21:31:50.254205+00,1665232,240,0,0,0,0,240,0,0,0,2026-09-10 19:30:55.684574+00,,2026-09-10 19:30:55.685011+00,2026-09-10 17:53:21.85719+00,1,0,1,1,1,0,1,1
1789075910.239844,2249851,public,customer_taxrate,3,2026-09-10 18:39:19.221747+00,180000,71774736,2026-09-10 21:31:50.254205+00,8113,60000,9,0,0,9,60000,9,9,0,2026-09-10 19:36:20.607907+00,2026-09-10 17:53:20.297708+00,2026-09-10 19:36:20.638528+00,2026-09-10 17:53:20.350229+00,1,1,1,1,30,19,29,53
1789075910.239844,2249868,public,holding_history,8,2026-09-10 19:24:22.633472+00,2778954508,82724,2026-09-10 21:31:49.448087+00,184682,695455534,0,0,0,0,695294608,150360,566547,716907,2026-09-10 19:38:52.269828+00,2026-09-10 18:00:34.421363+00,2026-09-10 19:38:55.334914+00,2026-09-10 18:00:44.904449+00,1,3,1,3,149084,284220,3065,13235
1789075910.239844,2250046,public,industry,245315,2026-09-10 21:31:50.254205+00,25007985,2155850,2026-09-10 21:31:50.254205+00,2147568,102,0,0,0,0,102,0,0,0,2026-09-10 19:24:23.445694+00,,2026-09-10 19:24:23.445963+00,2026-09-10 17:53:29.973725+00,1,0,1,1,1,0,1,3
1789075910.239844,2250017,public,exchange,1428305,2026-09-10 21:31:50.254205+00,4804412,1536,2026-09-10 20:54:53.872757+00,1152,4,36,0,36,0,4,36,36,0,2026-09-10 19:30:55.68249+00,,2026-09-10 19:30:55.682645+00,,1,0,1,0,1,0,1,0
1789075910.239844,2249901,public,cash_transaction,2,2026-09-10 19:00:28.999306+00,953848714,8579495,2026-09-10 21:31:50.254205+00,8412984,477320129,543232,0,57669,485563,477371434,524508,930311,395772,2026-09-10 19:30:52.298911+00,2026-09-10 17:59:35.711751+00,2026-09-10 19:30:55.445775+00,2026-09-10 18:00:57.043327+00,1,2,1,3,105990,228022,3126,22811
1789075910.239844,2249875,public,holding_summary,5,2026-09-10 18:36:33.052121+00,4476012,5107279,2026-09-10 21:31:50.254205+00,35453182,1494167,507279,2367,450773,56506,1492043,63148,119754,2163,2026-09-10 19:24:23.479998+00,2026-09-10 18:13:22.057298+00,2026-09-10 19:24:23.595668+00,2026-09-10 21:02:18.878562+00,1,1,1,3,30,365,113,2827
1789075910.239844,2249822,public,account_permission,2,2026-09-10 18:36:32.753413+00,425940,43724,2026-09-10 21:31:50.254205+00,43734,212970,11,0,0,11,212970,11,11,0,2026-09-10 19:29:04.927437+00,2026-09-10 17:53:19.299976+00,2026-09-10 19:29:05.05201+00,2026-09-10 17:53:19.497616+00,1,1,1,1,32,109,122,198
1789075910.239844,2249841,public,customer_account,4,2026-09-10 18:45:15.480553+00,600000,3740508,2026-09-10 21:31:50.254205+00,6267641,150000,396462,0,385001,11461,150001,12981,13139,0,2026-09-10 19:24:23.226634+00,2026-09-10 17:53:20.108136+00,2026-09-10 19:24:23.311106+00,2026-09-10 21:28:18.222874+00,1,1,1,22,12,77,84,8794
1789075910.239844,2250026,public,financial,2,2026-09-10 18:36:32.673292+00,600000,605990,2026-09-10 21:31:50.254205+00,12119762,300000,180,0,0,180,300000,180,180,0,2026-09-10 19:36:20.352757+00,2026-09-10 17:53:29.521608+00,2026-09-10 19:36:20.576514+00,2026-09-10 17:53:29.956687+00,1,1,1,1,57,322,207,435
1789075910.239844,2249830,public,customer,4,2026-09-10 18:39:19.245981+00,120000,2615946,2026-09-10 21:31:50.254205+00,2613456,30000,9,0,0,9,30000,9,9,0,2026-09-10 19:24:22.892301+00,2026-09-10 17:53:19.531775+00,2026-09-10 19:24:23.201268+00,2026-09-10 17:53:20.026228+00,1,1,1,1,59,26,305,495
1789075910.239844,2250121,public,zip_code,2,2026-09-10 18:36:32.586468+00,29482,1213478,2026-09-10 21:31:50.254205+00,1211940,14741,0,0,0,0,14741,0,0,0,2026-09-10 19:36:13.175189+00,2026-09-10 17:53:30.32548+00,2026-09-10 19:36:13.194698+00,2026-09-10 17:53:30.362036+00,1,1,1,1,1,41,20,31
1789075910.239844,2249929,public,settlement,2,2026-09-10 19:06:58.095243+00,1036800000,9101312,2026-09-10 21:31:50.254205+00,9101311,518832555,569620,0,102366,467254,518829181,530211,990583,432555,2026-09-10 19:38:55.40099+00,2026-09-10 19:38:47.513759+00,2026-09-10 19:38:59.2827+00,2026-09-10 19:38:51.103174+00,1,2,1,2,66,1872326,3881,5015
1789075910.239844,2250000,public,company_competitor,4,2026-09-10 18:39:19.241779+00,180000,605972,2026-09-10 21:31:50.254205+00,0,45000,0,0,0,0,45000,0,0,0,2026-09-10 19:29:04.853693+00,2026-09-10 17:53:22.019369+00,2026-09-10 19:29:04.892815+00,2026-09-10 17:53:22.073157+00,1,1,1,1,32,17,36,54
1789075910.239844,2250104,public,address,2,2026-09-10 18:36:32.586468+00,90008,1213133,2026-09-10 21:31:50.254205+00,2727034,45004,11,0,0,11,45004,11,11,0,2026-09-10 19:36:13.198214+00,2026-09-10 17:53:30.143186+00,2026-09-10 19:36:13.272339+00,2026-09-10 17:53:30.265233+00,1,1,1,1,1,84,75,111
1789075910.239844,2249981,public,trade_type,5156207,2026-09-10 21:31:50.254205+00,18027832,3667,2026-09-10 20:55:34.986889+00,595,5,0,0,0,0,5,0,0,0,2026-09-10 19:30:55.686368+00,,2026-09-10 19:30:55.686494+00,,1,0,1,0,1,0,1,0
1789075910.239844,2250083,public,security,822323,2026-09-10 21:31:50.254205+00,16898737650,132770107,2026-09-10 21:31:50.254205+00,133476297,20550,9,0,0,9,20550,9,9,0,2026-09-10 19:24:23.322571+00,2026-09-10 17:56:48.546012+00,2026-09-10 19:24:23.441929+00,2026-09-10 17:56:48.782769+00,1,1,1,1,6,346,119,237
1789075970.327882,2249856,public,holding,3,2026-09-10 18:14:01.1438+00,53040828,974956,2026-09-10 21:32:50.383381+00,11282535,26767465,191707,285071,60325,131382,26533034,406253,571899,247051,2026-09-10 19:36:12.75693+00,2026-09-10 18:14:29.263615+00,2026-09-10 19:36:13.060392+00,2026-09-10 18:14:29.882987+00,1,1,1,1,45,7564,301,620
1789075970.327882,2250073,public,news_xref,3,2026-09-10 18:36:32.591284+00,90000,613117,2026-09-10 21:32:50.383381+00,20,30000,0,0,0,0,30000,0,0,0,2026-09-10 19:36:13.161571+00,2026-09-10 17:56:48.169274+00,2026-09-10 19:36:13.172374+00,2026-09-10 17:56:48.192926+00,1,1,1,1,3,164,11,24
1789075970.327882,2250006,public,daily_market,6,2026-09-10 18:14:00.82828+00,53635500,61403689,2026-09-10 21:32:50.383381+00,67587352,26817750,387,0,0,387,26824697,387,387,0,2026-09-10 19:36:21.896725+00,2026-09-10 17:53:30.461218+00,2026-09-10 19:36:22.185295+00,2026-09-10 17:53:31.195492+00,1,1,1,1,1254,8383,288,735
1789075970.327882,2250052,public,last_trade,2,2026-09-10 18:39:23.400642+00,41100,85560990,2026-09-10 21:32:50.383381+00,85560761,20550,850318,0,848107,2211,20550,3538,4218,0,2026-09-10 19:29:05.269132+00,2026-09-10 17:53:30.000417+00,2026-09-10 19:29:05.305716+00,2026-09-10 21:32:18.007729+00,1,1,1,110,3,12,36,9051
1789075970.327882,2250078,public,sector,211290,2026-09-10 21:32:50.268656+00,2535480,81020,2026-09-10 20:55:18.735157+00,81020,12,0,0,0,0,12,0,0,0,2026-09-10 19:24:23.444133+00,,2026-09-10 19:24:23.444255+00,,1,0,1,0,1,0,1,0
1789075970.327882,2250114,public,taxrate,226413,2026-09-10 21:32:50.383381+00,72452160,1325,2026-09-10 21:27:53.161684+00,749,320,9,0,6,3,320,3,9,0,2026-09-10 19:36:20.64208+00,,2026-09-10 19:36:20.642648+00,2026-09-10 17:53:30.277789+00,1,0,1,1,2,0,1,1
1789075970.327882,2249968,public,trade_request,214183,2026-09-10 21:32:50.268656+00,774478826,1020170,2026-09-10 21:32:50.270231+00,487617,176641,0,170796,0,0,4063,889,1713,859,2026-09-10 19:29:04.821787+00,2026-09-10 21:32:17.890341+00,2026-09-10 19:29:04.822356+00,2026-09-10 21:32:17.917683+00,1,111,1,111,1,3410,1,3122
1789075970.327882,2249881,public,watch_item,4,2026-09-10 18:39:23.873407+00,8946495,471849,2026-09-10 21:32:50.383381+00,14293,2982165,9,0,0,9,2982165,9,9,0,2026-09-10 19:29:05.082092+00,2026-09-10 17:53:21.313017+00,2026-09-10 19:29:05.26188+00,2026-09-10 17:53:21.810508+00,1,1,1,1,2,959,180,498
1789075970.327882,2249962,public,trade_history,3,2026-09-10 19:16:53.853864+00,3732502353,10892054,2026-09-10 21:32:50.383381+00,26091191,1245234834,0,0,0,0,1245227338,27208,1040175,1067383,2026-09-10 19:29:02.442332+00,2026-09-10 17:56:39.748253+00,2026-09-10 19:29:04.819007+00,2026-09-10 17:56:46.054213+00,1,1,1,1,277842,64922,2377,6306
1789075970.327882,2249938,public,trade,18,2026-09-10 19:24:22.633472+00,7257600000,13188828,2026-09-10 21:32:50.383381+00,8794098831,518841158,1394921,0,288444,446440,518826187,1111481,1705778,441158,2026-09-10 19:36:10.673673+00,2026-09-10 17:55:13.319747+00,2026-09-10 19:36:12.708234+00,2026-09-10 17:55:14.759594+00,1,1,1,1,313984,19670,2034,1440
1789075970.327882,2250109,public,status_type,3242471,2026-09-10 21:32:50.383381+00,10268761,1152,2026-09-10 20:54:55.224112+00,0,5,0,0,0,0,5,0,0,0,2026-09-10 19:24:23.446735+00,,2026-09-10 19:24:23.446839+00,,1,0,1,0,1,0,1,0
1789075970.327882,2249909,public,charge,441160,2026-09-10 21:32:50.383381+00,6617400,0,,0,15,0,0,0,0,15,0,0,0,2026-09-10 19:30:55.68781+00,,2026-09-10 19:30:55.688433+00,,1,0,1,0,1,0,1,0
1789075970.327882,2249988,public,company,5,2026-09-10 18:39:19.216232+00,75000,80459479,2026-09-10 21:32:50.383381+00,277450926,15000,10,0,0,10,15000,10,10,0,2026-09-10 19:36:13.092374+00,2026-09-10 17:53:21.882165+00,2026-09-10 19:36:13.156371+00,2026-09-10 17:53:21.992193+00,1,1,1,1,31,17,62,110
1789075970.327882,2250062,public,news_item,1,2026-09-10 18:13:01.013209+00,30000,1224679,2026-09-10 21:32:50.383381+00,1237738,30000,18,0,0,18,30000,18,18,0,2026-09-10 19:36:13.288793+00,2026-09-10 17:56:47.547667+00,2026-09-10 19:36:20.294012+00,2026-09-10 17:56:47.994666+00,1,1,1,1,16,1484,143,447
1789075970.327882,2249891,public,broker,214056,2026-09-10 21:32:50.268656+00,64216800,1903770,2026-09-10 21:32:50.383381+00,1902265,300,444928,0,444928,0,300,173,2091,0,2026-09-10 19:24:23.448703+00,2026-09-10 21:31:17.996865+00,2026-09-10 19:38:59.555359+00,2026-09-10 21:32:18.013273+00,1,15,2,113,2,60,3,616
1789075970.327882,2249886,public,watch_list,4,2026-09-10 18:39:19.55136+00,120000,471851,2026-09-10 21:32:50.383381+00,471007,30000,0,0,0,0,30000,0,0,0,2026-09-10 19:29:05.065201+00,2026-09-10 17:53:21.830081+00,2026-09-10 19:29:05.076514+00,2026-09-10 17:53:21.851946+00,1,1,1,1,12,10,12,22
1789075970.327882,2249917,public,commission_rate,3,2026-09-10 18:36:32.553549+00,720,956177,2026-09-10 21:32:50.383381+00,1681185,240,0,0,0,0,240,0,0,0,2026-09-10 19:30:55.684574+00,,2026-09-10 19:30:55.685011+00,2026-09-10 17:53:21.85719+00,1,0,1,1,1,0,1,1
1789075970.327882,2249851,public,customer_taxrate,3,2026-09-10 18:39:19.221747+00,180000,72453456,2026-09-10 21:32:50.383381+00,8237,60000,9,0,0,9,60000,9,9,0,2026-09-10 19:36:20.607907+00,2026-09-10 17:53:20.297708+00,2026-09-10 19:36:20.638528+00,2026-09-10 17:53:20.350229+00,1,1,1,1,30,19,29,53
1789075970.327882,2249868,public,holding_history,8,2026-09-10 19:24:22.633472+00,2778954508,83519,2026-09-10 21:32:50.383381+00,186501,695462458,0,0,0,0,695299960,151932,571899,723831,2026-09-10 19:38:52.269828+00,2026-09-10 18:00:34.421363+00,2026-09-10 19:38:55.334914+00,2026-09-10 18:00:44.904449+00,1,3,1,3,149084,284220,3065,13235
1789075970.327882,2250046,public,industry,247690,2026-09-10 21:32:50.268656+00,25250235,2172652,2026-09-10 21:32:50.383381+00,2164314,102,0,0,0,0,102,0,0,0,2026-09-10 19:24:23.445694+00,,2026-09-10 19:24:23.445963+00,2026-09-10 17:53:29.973725+00,1,0,1,1,1,0,1,3
1789075970.327882,2250017,public,exchange,1441488,2026-09-10 21:32:50.383381+00,4848856,1536,2026-09-10 20:54:53.872757+00,1152,4,36,0,36,0,4,36,36,0,2026-09-10 19:30:55.68249+00,,2026-09-10 19:30:55.682645+00,,1,0,1,0,1,0,1,0
1789075970.327882,2249901,public,cash_transaction,2,2026-09-10 19:00:28.999306+00,953848714,8658062,2026-09-10 21:32:50.383381+00,8490059,477324021,548201,0,58494,489707,477375124,529201,938970,399664,2026-09-10 19:30:52.298911+00,2026-09-10 17:59:35.711751+00,2026-09-10 19:30:55.445775+00,2026-09-10 18:00:57.043327+00,1,2,1,3,105990,228022,3126,22811
1789075970.327882,2249875,public,holding_summary,5,2026-09-10 18:36:33.052121+00,4476012,5155134,2026-09-10 21:32:50.383381+00,35782931,1494178,512199,2402,455333,56866,1492035,63541,123750,2174,2026-09-10 19:24:23.479998+00,2026-09-10 18:13:22.057298+00,2026-09-10 19:24:23.595668+00,2026-09-10 21:02:18.878562+00,1,1,1,3,30,365,113,2827
1789075970.327882,2249822,public,account_permission,2,2026-09-10 18:36:32.753413+00,425940,44121,2026-09-10 21:32:49.744003+00,44131,212970,11,0,0,11,212970,11,11,0,2026-09-10 19:29:04.927437+00,2026-09-10 17:53:19.299976+00,2026-09-10 19:29:05.05201+00,2026-09-10 17:53:19.497616+00,1,1,1,1,32,109,122,198
1789075970.327882,2249841,public,customer_account,4,2026-09-10 18:45:15.480553+00,600000,3775869,2026-09-10 21:32:50.383381+00,6326427,150000,400357,0,388765,11592,150001,13154,16829,0,2026-09-10 19:24:23.226634+00,2026-09-10 17:53:20.108136+00,2026-09-10 19:24:23.311106+00,2026-09-10 21:28:18.222874+00,1,1,1,22,12,77,84,8794
1789075970.327882,2250026,public,financial,2,2026-09-10 18:36:32.673292+00,600000,611572,2026-09-10 21:32:50.383381+00,12231402,300000,180,0,0,180,300000,180,180,0,2026-09-10 19:36:20.352757+00,2026-09-10 17:53:29.521608+00,2026-09-10 19:36:20.576514+00,2026-09-10 17:53:29.956687+00,1,1,1,1,57,322,207,435
1789075970.327882,2249830,public,customer,4,2026-09-10 18:39:19.245981+00,120000,2640425,2026-09-10 21:32:50.383381+00,2637884,30000,9,0,0,9,30000,9,9,0,2026-09-10 19:24:22.892301+00,2026-09-10 17:53:19.531775+00,2026-09-10 19:24:23.201268+00,2026-09-10 17:53:20.026228+00,1,1,1,1,59,26,305,495
1789075970.327882,2250121,public,zip_code,2,2026-09-10 18:36:32.586468+00,29482,1224642,2026-09-10 21:32:50.383381+00,1223104,14741,0,0,0,0,14741,0,0,0,2026-09-10 19:36:13.175189+00,2026-09-10 17:53:30.32548+00,2026-09-10 19:36:13.194698+00,2026-09-10 17:53:30.362036+00,1,1,1,1,1,41,20,31
1789075970.327882,2249929,public,settlement,2,2026-09-10 19:06:58.095243+00,1036800000,9184872,2026-09-10 21:32:50.383381+00,9184871,518836782,574860,0,103674,471186,518833177,534772,999819,436782,2026-09-10 19:38:55.40099+00,2026-09-10 19:38:47.513759+00,2026-09-10 19:38:59.2827+00,2026-09-10 19:38:51.103174+00,1,2,1,2,66,1872326,3881,5015
1789075970.327882,2250000,public,company_competitor,4,2026-09-10 18:39:19.241779+00,180000,611554,2026-09-10 21:32:50.383381+00,0,45000,0,0,0,0,45000,0,0,0,2026-09-10 19:29:04.853693+00,2026-09-10 17:53:22.019369+00,2026-09-10 19:29:04.892815+00,2026-09-10 17:53:22.073157+00,1,1,1,1,32,17,36,54
1789075970.327882,2250104,public,address,2,2026-09-10 18:36:32.586468+00,90008,1224297,2026-09-10 21:32:50.383381+00,2752238,45004,11,0,0,11,45004,11,11,0,2026-09-10 19:36:13.198214+00,2026-09-10 17:53:30.143186+00,2026-09-10 19:36:13.272339+00,2026-09-10 17:53:30.265233+00,1,1,1,1,1,84,75,111
1789075970.327882,2249981,public,trade_type,5203492,2026-09-10 21:32:50.383381+00,18194366,3667,2026-09-10 20:55:34.986889+00,595,5,0,0,0,0,5,0,0,0,2026-09-10 19:30:55.686368+00,,2026-09-10 19:30:55.686494+00,,1,0,1,0,1,0,1,0
1789075970.327882,2250083,public,security,829924,2026-09-10 21:32:50.383381+00,17054938200,134104305,2026-09-10 21:32:50.383381+00,134818009,20550,9,0,0,9,20550,9,9,0,2026-09-10 19:24:23.322571+00,2026-09-10 17:56:48.546012+00,2026-09-10 19:24:23.441929+00,2026-09-10 17:56:48.782769+00,1,1,1,1,6,346,119,237
1789076030.466103,2249856,public,holding,3,2026-09-10 18:14:01.1438+00,53040828,984118,2026-09-10 21:33:50.474413+00,11392532,26769940,193521,287717,61329,132192,26533226,409855,577446,249526,2026-09-10 19:36:12.75693+00,2026-09-10 18:14:29.263615+00,2026-09-10 19:36:13.060392+00,2026-09-10 18:14:29.882987+00,1,1,1,1,45,7564,301,620
1789076030.466103,2250073,public,news_xref,3,2026-09-10 18:36:32.591284+00,90000,618907,2026-09-10 21:33:50.474413+00,20,30000,0,0,0,0,30000,0,0,0,2026-09-10 19:36:13.161571+00,2026-09-10 17:56:48.169274+00,2026-09-10 19:36:13.172374+00,2026-09-10 17:56:48.192926+00,1,1,1,1,3,164,11,24
1789076030.466103,2250006,public,daily_market,6,2026-09-10 18:14:00.82828+00,53635500,61986723,2026-09-10 21:33:50.474413+00,68156090,26817750,387,0,0,387,26824697,387,387,0,2026-09-10 19:36:21.896725+00,2026-09-10 17:53:30.461218+00,2026-09-10 19:36:22.185295+00,2026-09-10 17:53:31.195492+00,1,1,1,1,1254,8383,288,735
1789076030.466103,2250052,public,last_trade,2,2026-09-10 18:39:23.400642+00,41100,86371498,2026-09-10 21:33:50.474413+00,86371269,20550,858600,0,856388,2212,20550,3223,4424,0,2026-09-10 19:29:05.269132+00,2026-09-10 17:53:30.000417+00,2026-09-10 19:29:05.305716+00,2026-09-10 21:33:18.406769+00,1,1,1,111,3,12,36,9127
1789076030.466103,2250078,public,sector,213293,2026-09-10 21:33:50.474413+00,2559516,81020,2026-09-10 20:55:18.735157+00,81020,12,0,0,0,0,12,0,0,0,2026-09-10 19:24:23.444133+00,,2026-09-10 19:24:23.444255+00,,1,0,1,0,1,0,1,0
1789076030.466103,2250114,public,taxrate,228548,2026-09-10 21:33:50.474413+00,73135360,1325,2026-09-10 21:27:53.161684+00,749,320,9,0,6,3,320,3,9,0,2026-09-10 19:36:20.64208+00,,2026-09-10 19:36:20.642648+00,2026-09-10 17:53:30.277789+00,1,0,1,1,2,0,1,1
1789076030.466103,2249968,public,trade_request,216186,2026-09-10 21:33:50.474413+00,782700083,1030165,2026-09-10 21:33:50.46917+00,492628,178340,0,172457,0,0,4109,919,1807,904,2026-09-10 19:29:04.821787+00,2026-09-10 21:33:18.305955+00,2026-09-10 19:29:04.822356+00,2026-09-10 21:33:18.328157+00,1,112,1,112,1,3434,1,3145
1789076030.466103,2249881,public,watch_item,4,2026-09-10 18:39:23.873407+00,8946495,476304,2026-09-10 21:33:50.474413+00,14710,2982165,9,0,0,9,2982165,9,9,0,2026-09-10 19:29:05.082092+00,2026-09-10 17:53:21.313017+00,2026-09-10 19:29:05.26188+00,2026-09-10 17:53:21.810508+00,1,1,1,1,2,959,180,498
1789076030.466103,2249962,public,trade_history,3,2026-09-10 19:16:53.853864+00,3732502353,10994524,2026-09-10 21:33:50.474413+00,26336892,1245245083,0,0,0,0,1245237316,27479,1050153,1077632,2026-09-10 19:29:02.442332+00,2026-09-10 17:56:39.748253+00,2026-09-10 19:29:04.819007+00,2026-09-10 17:56:46.054213+00,1,1,1,1,277842,64922,2377,6306
1789076030.466103,2249938,public,trade,18,2026-09-10 19:24:22.633472+00,7257600000,13314371,2026-09-10 21:33:50.474413+00,8877332280,518845367,1408379,0,291998,449866,518830360,1121497,1722212,445367,2026-09-10 19:36:10.673673+00,2026-09-10 17:55:13.319747+00,2026-09-10 19:36:12.708234+00,2026-09-10 17:55:14.759594+00,1,1,1,1,313984,19670,2034,1440
1789076030.466103,2250109,public,status_type,3273460,2026-09-10 21:33:50.474413+00,10365987,1152,2026-09-10 20:54:55.224112+00,0,5,0,0,0,0,5,0,0,0,2026-09-10 19:24:23.446735+00,,2026-09-10 19:24:23.446839+00,,1,0,1,0,1,0,1,0
1789076030.466103,2249909,public,charge,445369,2026-09-10 21:33:50.474413+00,6680535,0,,0,15,0,0,0,0,15,0,0,0,2026-09-10 19:30:55.68781+00,,2026-09-10 19:30:55.688433+00,,1,0,1,0,1,0,1,0
1789076030.466103,2249988,public,company,5,2026-09-10 18:39:19.216232+00,75000,81305435,2026-09-10 21:33:50.474413+00,280201449,15000,10,0,0,10,15000,10,10,0,2026-09-10 19:36:13.092374+00,2026-09-10 17:53:21.882165+00,2026-09-10 19:36:13.156371+00,2026-09-10 17:53:21.992193+00,1,1,1,1,31,17,62,110
1789076030.466103,2250062,public,news_item,1,2026-09-10 18:13:01.013209+00,30000,1236259,2026-09-10 21:33:50.474413+00,1249318,30000,18,0,0,18,30000,18,18,0,2026-09-10 19:36:13.288793+00,2026-09-10 17:56:47.547667+00,2026-09-10 19:36:20.294012+00,2026-09-10 17:56:47.994666+00,1,1,1,1,16,1484,143,447
1789076030.466103,2249891,public,broker,216059,2026-09-10 21:33:50.474413+00,64817700,1921960,2026-09-10 21:33:50.474413+00,1920410,300,449272,0,449272,0,300,37,2223,0,2026-09-10 19:24:23.448703+00,2026-09-10 21:33:18.41204+00,2026-09-10 19:38:59.555359+00,2026-09-10 21:33:18.415928+00,1,16,2,114,2,63,3,620
1789076030.466103,2249886,public,watch_list,4,2026-09-10 18:39:19.55136+00,120000,476306,2026-09-10 21:33:50.474413+00,475462,30000,0,0,0,0,30000,0,0,0,2026-09-10 19:29:05.065201+00,2026-09-10 17:53:21.830081+00,2026-09-10 19:29:05.076514+00,2026-09-10 17:53:21.851946+00,1,1,1,1,12,10,12,22
1789076030.466103,2249917,public,commission_rate,3,2026-09-10 18:36:32.553549+00,720,965403,2026-09-10 21:33:50.474413+00,1697388,240,0,0,0,0,240,0,0,0,2026-09-10 19:30:55.684574+00,,2026-09-10 19:30:55.685011+00,2026-09-10 17:53:21.85719+00,1,0,1,1,1,0,1,1
1789076030.466103,2249851,public,customer_taxrate,3,2026-09-10 18:39:19.221747+00,180000,73136656,2026-09-10 21:33:50.474413+00,8373,60000,9,0,0,9,60000,9,9,0,2026-09-10 19:36:20.607907+00,2026-09-10 17:53:20.297708+00,2026-09-10 19:36:20.638528+00,2026-09-10 17:53:20.350229+00,1,1,1,1,30,19,29,53
1789076030.466103,2249868,public,holding_history,8,2026-09-10 19:24:22.633472+00,2778954508,84286,2026-09-10 21:33:50.474413+00,188187,695469393,0,0,0,0,695305507,153320,577446,730766,2026-09-10 19:38:52.269828+00,2026-09-10 18:00:34.421363+00,2026-09-10 19:38:55.334914+00,2026-09-10 18:00:44.904449+00,1,3,1,3,149084,284220,3065,13235
1789076030.466103,2250046,public,industry,250074,2026-09-10 21:33:50.474413+00,25493403,2190074,2026-09-10 21:33:50.474413+00,2181684,102,0,0,0,0,102,0,0,0,2026-09-10 19:24:23.445694+00,,2026-09-10 19:24:23.445963+00,2026-09-10 17:53:29.973725+00,1,0,1,1,1,0,1,3
1789076030.466103,2250017,public,exchange,1455061,2026-09-10 21:33:50.474413+00,4894527,1536,2026-09-10 20:54:53.872757+00,1152,4,36,0,36,0,4,36,36,0,2026-09-10 19:30:55.68249+00,,2026-09-10 19:30:55.682645+00,,1,0,1,0,1,0,1,0
1789076030.466103,2249901,public,cash_transaction,2,2026-09-10 19:00:28.999306+00,953848714,8739918,2026-09-10 21:33:50.474413+00,8570225,477327905,553521,0,59423,494098,477378932,534056,948098,403548,2026-09-10 19:30:52.298911+00,2026-09-10 17:59:35.711751+00,2026-09-10 19:30:55.445775+00,2026-09-10 18:00:57.043327+00,1,2,1,3,105990,228022,3126,22811
1789076030.466103,2249875,public,holding_summary,5,2026-09-10 18:36:33.052121+00,4476012,5204176,2026-09-10 21:33:50.474413+00,36122358,1494201,517177,2423,459994,57183,1492039,63989,127894,2197,2026-09-10 19:24:23.479998+00,2026-09-10 18:13:22.057298+00,2026-09-10 19:24:23.595668+00,2026-09-10 21:02:18.878562+00,1,1,1,3,30,365,113,2827
1789076030.466103,2249822,public,account_permission,2,2026-09-10 18:36:32.753413+00,425940,44511,2026-09-10 21:33:50.323609+00,44521,212970,11,0,0,11,212970,11,11,0,2026-09-10 19:29:04.927437+00,2026-09-10 17:53:19.299976+00,2026-09-10 19:29:05.05201+00,2026-09-10 17:53:19.497616+00,1,1,1,1,32,109,122,198
1789076030.466103,2249841,public,customer_account,4,2026-09-10 18:45:15.480553+00,600000,3812011,2026-09-10 21:33:50.474413+00,6386563,150000,404247,0,392629,11618,150000,13164,2067,0,2026-09-10 19:24:23.226634+00,2026-09-10 17:53:20.108136+00,2026-09-10 19:24:23.311106+00,2026-09-10 21:33:18.279804+00,1,1,1,23,12,77,84,9208
1789076030.466103,2250026,public,financial,2,2026-09-10 18:36:32.673292+00,600000,617362,2026-09-10 21:33:50.474413+00,12347202,300000,180,0,0,180,300000,180,180,0,2026-09-10 19:36:20.352757+00,2026-09-10 17:53:29.521608+00,2026-09-10 19:36:20.576514+00,2026-09-10 17:53:29.956687+00,1,1,1,1,57,322,207,435
1789076030.466103,2249830,public,customer,4,2026-09-10 18:39:19.245981+00,120000,2665604,2026-09-10 21:33:50.474413+00,2662981,30000,10,0,0,10,30000,10,10,0,2026-09-10 19:24:22.892301+00,2026-09-10 17:53:19.531775+00,2026-09-10 19:24:23.201268+00,2026-09-10 17:53:20.026228+00,1,1,1,1,59,26,305,495
1789076030.466103,2250121,public,zip_code,2,2026-09-10 18:36:32.586468+00,29482,1236222,2026-09-10 21:33:50.474413+00,1234684,14741,0,0,0,0,14741,0,0,0,2026-09-10 19:36:13.175189+00,2026-09-10 17:53:30.32548+00,2026-09-10 19:36:13.194698+00,2026-09-10 17:53:30.362036+00,1,1,1,1,1,41,20,31
1789076030.466103,2249929,public,settlement,2,2026-09-10 19:06:58.095243+00,1036800000,9271312,2026-09-10 21:33:50.474413+00,9271311,518841035,580320,0,105079,475241,518837321,539429,1009423,441035,2026-09-10 19:38:55.40099+00,2026-09-10 19:38:47.513759+00,2026-09-10 19:38:59.2827+00,2026-09-10 19:38:51.103174+00,1,2,1,2,66,1872326,3881,5015
1789076030.466103,2250000,public,company_competitor,4,2026-09-10 18:39:19.241779+00,180000,617344,2026-09-10 21:33:50.474413+00,0,45000,0,0,0,0,45000,0,0,0,2026-09-10 19:29:04.853693+00,2026-09-10 17:53:22.019369+00,2026-09-10 19:29:04.892815+00,2026-09-10 17:53:22.073157+00,1,1,1,1,32,17,36,54
1789076030.466103,2250104,public,address,2,2026-09-10 18:36:32.586468+00,90008,1235877,2026-09-10 21:33:50.474413+00,2778357,45004,11,0,0,11,45004,11,11,0,2026-09-10 19:36:13.198214+00,2026-09-10 17:53:30.143186+00,2026-09-10 19:36:13.272339+00,2026-09-10 17:53:30.265233+00,1,1,1,1,1,84,75,111
1789076030.466103,2249981,public,trade_type,5252504,2026-09-10 21:33:50.474413+00,18366337,3667,2026-09-10 20:55:34.986889+00,595,5,0,0,0,0,5,0,0,0,2026-09-10 19:30:55.686368+00,,2026-09-10 19:30:55.686494+00,,1,0,1,0,1,0,1,0
1789076030.466103,2250083,public,security,837707,2026-09-10 21:33:50.474413+00,17214878850,135460262,2026-09-10 21:33:50.474413+00,136181339,20550,9,0,0,9,20550,9,9,0,2026-09-10 19:24:23.322571+00,2026-09-10 17:56:48.546012+00,2026-09-10 19:24:23.441929+00,2026-09-10 17:56:48.782769+00,1,1,1,1,6,346,119,237
1789076090.534712,2249856,public,holding,3,2026-09-10 18:14:01.1438+00,53040828,992990,2026-09-10 21:34:50.565178+00,11498387,26772171,195215,290338,62287,132928,26533257,413252,582734,251757,2026-09-10 19:36:12.75693+00,2026-09-10 18:14:29.263615+00,2026-09-10 19:36:13.060392+00,2026-09-10 18:14:29.882987+00,1,1,1,1,45,7564,301,620
1789076090.534712,2250073,public,news_xref,3,2026-09-10 18:36:32.591284+00,90000,624460,2026-09-10 21:34:50.565178+00,20,30000,0,0,0,0,30000,0,0,0,2026-09-10 19:36:13.161571+00,2026-09-10 17:56:48.169274+00,2026-09-10 19:36:13.172374+00,2026-09-10 17:56:48.192926+00,1,1,1,1,3,164,11,24
1789076090.534712,2250006,public,daily_market,6,2026-09-10 18:14:00.82828+00,53635500,62539797,2026-09-10 21:34:50.565178+00,68695582,26817750,387,0,0,387,26824697,387,387,0,2026-09-10 19:36:21.896725+00,2026-09-10 17:53:30.461218+00,2026-09-10 19:36:22.185295+00,2026-09-10 17:53:31.195492+00,1,1,1,1,1254,8383,288,735
1789076090.534712,2250052,public,last_trade,2,2026-09-10 18:39:23.400642+00,41100,87147649,2026-09-10 21:34:50.565178+00,87147420,20550,866480,0,864266,2214,20550,3330,4206,0,2026-09-10 19:29:05.269132+00,2026-09-10 17:53:30.000417+00,2026-09-10 19:29:05.305716+00,2026-09-10 21:34:18.039437+00,1,1,1,112,3,12,36,9209
1789076090.534712,2250078,public,sector,215258,2026-09-10 21:34:50.565178+00,2583096,81020,2026-09-10 20:55:18.735157+00,81020,12,0,0,0,0,12,0,0,0,2026-09-10 19:24:23.444133+00,,2026-09-10 19:24:23.444255+00,,1,0,1,0,1,0,1,0
1789076090.534712,2250114,public,taxrate,230668,2026-09-10 21:34:50.565178+00,73813760,1326,2026-09-10 21:33:53.212891+00,750,320,9,0,6,3,320,3,9,0,2026-09-10 19:36:20.64208+00,,2026-09-10 19:36:20.642648+00,2026-09-10 17:53:30.277789+00,1,0,1,1,2,0,1,1
1789076090.534712,2249968,public,trade_request,218151,2026-09-10 21:34:50.565178+00,790774940,1039710,2026-09-10 21:34:50.165984+00,497482,180008,0,174068,0,0,4124,903,1799,918,2026-09-10 19:29:04.821787+00,2026-09-10 21:34:17.919429+00,2026-09-10 19:29:04.822356+00,2026-09-10 21:34:17.953931+00,1,113,1,113,1,3465,1,3180
1789076090.534712,2249881,public,watch_item,4,2026-09-10 18:39:23.873407+00,8946495,480559,2026-09-10 21:34:50.565178+00,15092,2982165,9,0,0,9,2982165,9,9,0,2026-09-10 19:29:05.082092+00,2026-09-10 17:53:21.313017+00,2026-09-10 19:29:05.26188+00,2026-09-10 17:53:21.810508+00,1,1,1,1,2,959,180,498
1789076090.534712,2249962,public,trade_history,3,2026-09-10 19:16:53.853864+00,3732502353,11094674,2026-09-10 21:34:50.565178+00,26577207,1245254835,0,0,0,0,1245246827,27720,1059664,1087384,2026-09-10 19:29:02.442332+00,2026-09-10 17:56:39.748253+00,2026-09-10 19:29:04.819007+00,2026-09-10 17:56:46.054213+00,1,1,1,1,277842,64922,2377,6306
1789076090.534712,2249938,public,trade,18,2026-09-10 19:24:22.633472+00,7257600000,13435724,2026-09-10 21:34:50.565178+00,8957689491,518849388,1420996,0,295351,453042,518834327,1130776,1737712,449388,2026-09-10 19:36:10.673673+00,2026-09-10 17:55:13.319747+00,2026-09-10 19:36:12.708234+00,2026-09-10 17:55:14.759594+00,1,1,1,1,313984,19670,2034,1440
1789076090.534712,2250109,public,status_type,3303339,2026-09-10 21:34:50.565178+00,10460640,1152,2026-09-10 20:54:55.224112+00,0,5,0,0,0,0,5,0,0,0,2026-09-10 19:24:23.446735+00,,2026-09-10 19:24:23.446839+00,,1,0,1,0,1,0,1,0
1789076090.534712,2249909,public,charge,449390,2026-09-10 21:34:50.565178+00,6740850,0,,0,15,0,0,0,0,15,0,0,0,2026-09-10 19:30:55.68781+00,,2026-09-10 19:30:55.688433+00,,1,0,1,0,1,0,1,0
1789076090.534712,2249988,public,company,5,2026-09-10 18:39:19.216232+00,75000,82138488,2026-09-10 21:34:50.565178+00,282934068,15000,10,0,0,10,15000,10,10,0,2026-09-10 19:36:13.092374+00,2026-09-10 17:53:21.882165+00,2026-09-10 19:36:13.156371+00,2026-09-10 17:53:21.992193+00,1,1,1,1,31,17,62,110
1789076090.534712,2250062,public,news_item,1,2026-09-10 18:13:01.013209+00,30000,1247365,2026-09-10 21:34:50.565178+00,1260424,30000,18,0,0,18,30000,18,18,0,2026-09-10 19:36:13.288793+00,2026-09-10 17:56:47.547667+00,2026-09-10 19:36:20.294012+00,2026-09-10 17:56:47.994666+00,1,1,1,1,16,1484,143,447
1789076090.534712,2249891,public,broker,218024,2026-09-10 21:34:50.565178+00,65407200,1939560,2026-09-10 21:34:50.565178+00,1938005,300,453376,0,453376,0,300,86,2116,0,2026-09-10 19:24:23.448703+00,2026-09-10 21:33:18.41204+00,2026-09-10 19:38:59.555359+00,2026-09-10 21:34:18.044856+00,1,16,2,115,2,63,3,623
1789076090.534712,2249886,public,watch_list,4,2026-09-10 18:39:19.55136+00,120000,480561,2026-09-10 21:34:50.565178+00,479717,30000,0,0,0,0,30000,0,0,0,2026-09-10 19:29:05.065201+00,2026-09-10 17:53:21.830081+00,2026-09-10 19:29:05.076514+00,2026-09-10 17:53:21.851946+00,1,1,1,1,12,10,12,22
1789076090.534712,2249917,public,commission_rate,3,2026-09-10 18:36:32.553549+00,720,974123,2026-09-10 21:34:50.565178+00,1712743,240,0,0,0,0,240,0,0,0,2026-09-10 19:30:55.684574+00,,2026-09-10 19:30:55.685011+00,2026-09-10 17:53:21.85719+00,1,0,1,1,1,0,1,1
1789076090.534712,2249851,public,customer_taxrate,3,2026-09-10 18:39:19.221747+00,180000,73815115,2026-09-10 21:34:50.565178+00,8524,60000,10,0,0,10,60000,10,10,0,2026-09-10 19:36:20.607907+00,2026-09-10 17:53:20.297708+00,2026-09-10 19:36:20.638528+00,2026-09-10 17:53:20.350229+00,1,1,1,1,30,19,29,53
1789076090.534712,2249868,public,holding_history,8,2026-09-10 19:24:22.633472+00,2778954508,85105,2026-09-10 21:34:50.38397+00,190075,695475939,0,0,0,0,695310795,154578,582734,737312,2026-09-10 19:38:52.269828+00,2026-09-10 18:00:34.421363+00,2026-09-10 19:38:55.334914+00,2026-09-10 18:00:44.904449+00,1,3,1,3,149084,284220,3065,13235
1789076090.534712,2250046,public,industry,252419,2026-09-10 21:34:50.565178+00,25732593,2206787,2026-09-10 21:34:50.565178+00,2198343,102,0,0,0,0,102,0,0,0,2026-09-10 19:24:23.445694+00,,2026-09-10 19:24:23.445963+00,2026-09-10 17:53:29.973725+00,1,0,1,1,1,0,1,3
1789076090.534712,2250017,public,exchange,1468311,2026-09-10 21:34:50.565178+00,4939137,1536,2026-09-10 20:54:53.872757+00,1152,4,36,0,36,0,4,36,36,0,2026-09-10 19:30:55.68249+00,,2026-09-10 19:30:55.682645+00,,1,0,1,0,1,0,1,0
1789076090.534712,2249901,public,cash_transaction,2,2026-09-10 19:00:28.999306+00,953848714,8818964,2026-09-10 21:34:50.565178+00,8647817,477331589,558478,0,60266,498212,477382534,538552,956657,407232,2026-09-10 19:30:52.298911+00,2026-09-10 17:59:35.711751+00,2026-09-10 19:30:55.445775+00,2026-09-10 18:00:57.043327+00,1,2,1,3,105990,228022,3126,22811
1789076090.534712,2249875,public,holding_summary,5,2026-09-10 18:36:33.052121+00,4476012,5251322,2026-09-10 21:34:50.565178+00,36452226,1494228,521843,2447,464403,57440,1492044,64207,131827,2224,2026-09-10 19:24:23.479998+00,2026-09-10 18:13:22.057298+00,2026-09-10 19:24:23.595668+00,2026-09-10 21:02:18.878562+00,1,1,1,3,30,365,113,2827
1789076090.534712,2249822,public,account_permission,2,2026-09-10 18:36:32.753413+00,425940,44900,2026-09-10 21:34:50.565178+00,44910,212970,11,0,0,11,212970,11,11,0,2026-09-10 19:29:04.927437+00,2026-09-10 17:53:19.299976+00,2026-09-10 19:29:05.05201+00,2026-09-10 17:53:19.497616+00,1,1,1,1,32,109,122,198
1789076090.534712,2249841,public,customer_account,4,2026-09-10 18:45:15.480553+00,600000,3846768,2026-09-10 21:34:50.565178+00,6444632,150000,407936,0,396283,11653,150000,13249,5669,0,2026-09-10 19:24:23.226634+00,2026-09-10 17:53:20.108136+00,2026-09-10 19:24:23.311106+00,2026-09-10 21:33:18.279804+00,1,1,1,23,12,77,84,9208
1789076090.534712,2250026,public,financial,2,2026-09-10 18:36:32.673292+00,600000,622915,2026-09-10 21:34:50.565178+00,12458262,300000,180,0,0,180,300000,180,180,0,2026-09-10 19:36:20.352757+00,2026-09-10 17:53:29.521608+00,2026-09-10 19:36:20.576514+00,2026-09-10 17:53:29.956687+00,1,1,1,1,57,322,207,435
1789076090.534712,2249830,public,customer,4,2026-09-10 18:39:19.245981+00,120000,2689886,2026-09-10 21:34:50.565178+00,2687215,30000,10,0,0,10,30000,10,10,0,2026-09-10 19:24:22.892301+00,2026-09-10 17:53:19.531775+00,2026-09-10 19:24:23.201268+00,2026-09-10 17:53:20.026228+00,1,1,1,1,59,26,305,495
1789076090.534712,2250121,public,zip_code,2,2026-09-10 18:36:32.586468+00,29482,1247328,2026-09-10 21:34:50.565178+00,1245790,14741,0,0,0,0,14741,0,0,0,2026-09-10 19:36:13.175189+00,2026-09-10 17:53:30.32548+00,2026-09-10 19:36:13.194698+00,2026-09-10 17:53:30.362036+00,1,1,1,1,1,41,20,31
1789076090.534712,2249929,public,settlement,2,2026-09-10 19:06:58.095243+00,1036800000,9356092,2026-09-10 21:34:50.565178+00,9356091,518845071,585980,0,106505,479475,518841254,544301,1019016,445071,2026-09-10 19:38:55.40099+00,2026-09-10 19:38:47.513759+00,2026-09-10 19:38:59.2827+00,2026-09-10 19:38:51.103174+00,1,2,1,2,66,1872326,3881,5015
1789076090.534712,2250000,public,company_competitor,4,2026-09-10 18:39:19.241779+00,180000,622897,2026-09-10 21:34:50.565178+00,0,45000,0,0,0,0,45000,0,0,0,2026-09-10 19:29:04.853693+00,2026-09-10 17:53:22.019369+00,2026-09-10 19:29:04.892815+00,2026-09-10 17:53:22.073157+00,1,1,1,1,32,17,36,54
1789076090.534712,2250104,public,address,2,2026-09-10 18:36:32.586468+00,90008,1246983,2026-09-10 21:34:50.565178+00,2803285,45004,11,0,0,11,45004,11,11,0,2026-09-10 19:36:13.198214+00,2026-09-10 17:53:30.143186+00,2026-09-10 19:36:13.272339+00,2026-09-10 17:53:30.265233+00,1,1,1,1,1,84,75,111
1789076090.534712,2249981,public,trade_type,5300529,2026-09-10 21:34:50.565178+00,18534328,3667,2026-09-10 20:55:34.986889+00,595,5,0,0,0,0,5,0,0,0,2026-09-10 19:30:55.686368+00,,2026-09-10 19:30:55.686494+00,,1,0,1,0,1,0,1,0
1789076090.534712,2250083,public,security,845404,2026-09-10 21:34:50.565178+00,17373052200,136774490,2026-09-10 21:34:50.565178+00,137501298,20550,9,0,0,9,20550,9,9,0,2026-09-10 19:24:23.322571+00,2026-09-10 17:56:48.546012+00,2026-09-10 19:24:23.441929+00,2026-09-10 17:56:48.782769+00,1,1,1,1,6,346,119,237
1789076150.632096,2249856,public,holding,3,2026-09-10 18:14:01.1438+00,53040828,1002108,2026-09-10 21:35:50.649835+00,11604542,26774523,197007,292974,63256,133751,26533419,416736,588179,254109,2026-09-10 19:36:12.75693+00,2026-09-10 18:14:29.263615+00,2026-09-10 19:36:13.060392+00,2026-09-10 18:14:29.882987+00,1,1,1,1,45,7564,301,620
1789076150.632096,2250073,public,news_xref,3,2026-09-10 18:36:32.591284+00,90000,630278,2026-09-10 21:35:50.564466+00,20,30000,0,0,0,0,30000,0,0,0,2026-09-10 19:36:13.161571+00,2026-09-10 17:56:48.169274+00,2026-09-10 19:36:13.172374+00,2026-09-10 17:56:48.192926+00,1,1,1,1,3,164,11,24
1789076150.632096,2250006,public,daily_market,6,2026-09-10 18:14:00.82828+00,53635500,63117082,2026-09-10 21:35:50.595236+00,69259815,26817750,430,0,0,430,26824697,430,430,0,2026-09-10 19:36:21.896725+00,2026-09-10 17:53:30.461218+00,2026-09-10 19:36:22.185295+00,2026-09-10 17:53:31.195492+00,1,1,1,1,1254,8383,288,735
1789076150.632096,2250052,public,last_trade,2,2026-09-10 18:39:23.400642+00,41100,87948998,2026-09-10 21:35:50.649835+00,87948769,20550,874600,0,872386,2214,20550,3273,4372,0,2026-09-10 19:29:05.269132+00,2026-09-10 17:53:30.000417+00,2026-09-10 19:29:05.305716+00,2026-09-10 21:35:18.034348+00,1,1,1,113,3,12,36,9290
1789076150.632096,2250078,public,sector,217242,2026-09-10 21:35:50.649835+00,2606904,81020,2026-09-10 20:55:18.735157+00,81020,12,0,0,0,0,12,0,0,0,2026-09-10 19:24:23.444133+00,,2026-09-10 19:24:23.444255+00,,1,0,1,0,1,0,1,0
1789076150.632096,2250114,public,taxrate,232786,2026-09-10 21:35:50.595236+00,74491520,1326,2026-09-10 21:33:53.212891+00,750,320,9,0,6,3,320,3,9,0,2026-09-10 19:36:20.64208+00,,2026-09-10 19:36:20.642648+00,2026-09-10 17:53:30.277789+00,1,0,1,1,2,0,1,1
1789076150.632096,2249968,public,trade_request,220135,2026-09-10 21:35:50.649835+00,798973959,1049512,2026-09-10 21:35:50.011431+00,502443,181679,0,175698,0,0,4171,888,1792,932,2026-09-10 19:29:04.821787+00,2026-09-10 21:35:17.91988+00,2026-09-10 19:29:04.822356+00,2026-09-10 21:35:17.950349+00,1,114,1,114,1,3501,1,3211
1789076150.632096,2249881,public,watch_item,4,2026-09-10 18:39:23.873407+00,8946495,484987,2026-09-10 21:35:50.595236+00,15264,2982165,9,0,0,9,2982165,9,9,0,2026-09-10 19:29:05.082092+00,2026-09-10 17:53:21.313017+00,2026-09-10 19:29:05.26188+00,2026-09-10 17:53:21.810508+00,1,1,1,1,2,959,180,498
1789076150.632096,2249962,public,trade_history,3,2026-09-10 19:16:53.853864+00,3732502353,11196654,2026-09-10 21:35:50.649835+00,26821797,1245264865,0,0,0,0,1245256630,27947,1069467,1097414,2026-09-10 19:29:02.442332+00,2026-09-10 17:56:39.748253+00,2026-09-10 19:29:04.819007+00,2026-09-10 17:56:46.054213+00,1,1,1,1,277842,64922,2377,6306
1789076150.632096,2249938,public,trade,18,2026-09-10 19:24:22.633472+00,7257600000,13560360,2026-09-10 21:35:50.649835+00,9041243848,518853527,1434667,0,299077,456701,518838428,1140792,1754368,453527,2026-09-10 19:36:10.673673+00,2026-09-10 17:55:13.319747+00,2026-09-10 19:36:12.708234+00,2026-09-10 17:55:14.759594+00,1,1,1,1,313984,19670,2034,1440
1789076150.632096,2250109,public,status_type,3333804,2026-09-10 21:35:50.649835+00,10556576,1152,2026-09-10 20:54:55.224112+00,0,5,0,0,0,0,5,0,0,0,2026-09-10 19:24:23.446735+00,,2026-09-10 19:24:23.446839+00,,1,0,1,0,1,0,1,0
1789076150.632096,2249909,public,charge,453529,2026-09-10 21:35:50.649835+00,6802935,0,,0,15,0,0,0,0,15,0,0,0,2026-09-10 19:30:55.68781+00,,2026-09-10 19:30:55.688433+00,,1,0,1,0,1,0,1,0
1789076150.632096,2249988,public,company,5,2026-09-10 18:39:19.216232+00,75000,82993644,2026-09-10 21:35:50.649835+00,285708788,15000,10,0,0,10,15000,10,10,0,2026-09-10 19:36:13.092374+00,2026-09-10 17:53:21.882165+00,2026-09-10 19:36:13.156371+00,2026-09-10 17:53:21.992193+00,1,1,1,1,31,17,62,110
1789076150.632096,2250062,public,news_item,1,2026-09-10 18:13:01.013209+00,30000,1259001,2026-09-10 21:35:50.564466+00,1272060,30000,18,0,0,18,30000,18,18,0,2026-09-10 19:36:13.288793+00,2026-09-10 17:56:47.547667+00,2026-09-10 19:36:20.294012+00,2026-09-10 17:56:47.994666+00,1,1,1,1,16,1484,143,447
1789076150.632096,2249891,public,broker,220008,2026-09-10 21:35:50.649835+00,66002400,1957430,2026-09-10 21:35:50.649835+00,1955868,300,457605,0,457605,0,300,39,2193,0,2026-09-10 19:24:23.448703+00,2026-09-10 21:33:18.41204+00,2026-09-10 19:38:59.555359+00,2026-09-10 21:35:18.042897+00,1,16,2,116,2,63,3,630
1789076150.632096,2249886,public,watch_list,4,2026-09-10 18:39:19.55136+00,120000,484989,2026-09-10 21:35:50.595236+00,484145,30000,0,0,0,0,30000,0,0,0,2026-09-10 19:29:05.065201+00,2026-09-10 17:53:21.830081+00,2026-09-10 19:29:05.076514+00,2026-09-10 17:53:21.851946+00,1,1,1,1,12,10,12,22
1789076150.632096,2249917,public,commission_rate,3,2026-09-10 18:36:32.553549+00,720,983126,2026-09-10 21:35:50.649835+00,1728504,240,0,0,0,0,240,0,0,0,2026-09-10 19:30:55.684574+00,,2026-09-10 19:30:55.685011+00,2026-09-10 17:53:21.85719+00,1,0,1,1,1,0,1,1
1789076150.632096,2249851,public,customer_taxrate,3,2026-09-10 18:39:19.221747+00,180000,74492875,2026-09-10 21:35:50.595236+00,8674,60000,10,0,0,10,60000,10,10,0,2026-09-10 19:36:20.607907+00,2026-09-10 17:53:20.297708+00,2026-09-10 19:36:20.638528+00,2026-09-10 17:53:20.350229+00,1,1,1,1,30,19,29,53
1789076150.632096,2249868,public,holding_history,8,2026-09-10 19:24:22.633472+00,2778954508,85861,2026-09-10 21:35:50.649835+00,191765,695482720,0,0,0,0,695316240,155914,588179,744093,2026-09-10 19:38:52.269828+00,2026-09-10 18:00:34.421363+00,2026-09-10 19:38:55.334914+00,2026-09-10 18:00:44.904449+00,1,3,1,3,149084,284220,3065,13235
1789076150.632096,2250046,public,industry,254787,2026-09-10 21:35:50.649835+00,25974129,2224293,2026-09-10 21:35:50.564466+00,2215797,102,0,0,0,0,102,0,0,0,2026-09-10 19:24:23.445694+00,,2026-09-10 19:24:23.445963+00,2026-09-10 17:53:29.973725+00,1,0,1,1,1,0,1,3
1789076150.632096,2250017,public,exchange,1481891,2026-09-10 21:35:50.649835+00,4984622,1536,2026-09-10 20:54:53.872757+00,1152,4,36,0,36,0,4,36,36,0,2026-09-10 19:30:55.68249+00,,2026-09-10 19:30:55.682645+00,,1,0,1,0,1,0,1,0
1789076150.632096,2249901,public,cash_transaction,2,2026-09-10 19:00:28.999306+00,953848714,8899872,2026-09-10 21:35:50.649835+00,8727055,477335425,563326,0,61142,502184,477386308,542893,965279,411068,2026-09-10 19:30:52.298911+00,2026-09-10 17:59:35.711751+00,2026-09-10 19:30:55.445775+00,2026-09-10 18:00:57.043327+00,1,2,1,3,105990,228022,3126,22811
1789076150.632096,2249875,public,holding_summary,5,2026-09-10 18:36:33.052121+00,4476012,5299697,2026-09-10 21:35:50.649835+00,36787812,1494242,526679,2476,468976,57703,1492031,64423,135899,2238,2026-09-10 19:24:23.479998+00,2026-09-10 18:13:22.057298+00,2026-09-10 19:24:23.595668+00,2026-09-10 21:02:18.878562+00,1,1,1,3,30,365,113,2827
1789076150.632096,2249822,public,account_permission,2,2026-09-10 18:36:32.753413+00,425940,45340,2026-09-10 21:35:50.595236+00,45350,212970,11,0,0,11,212970,11,11,0,2026-09-10 19:29:04.927437+00,2026-09-10 17:53:19.299976+00,2026-09-10 19:29:05.05201+00,2026-09-10 17:53:19.497616+00,1,1,1,1,32,109,122,198
1789076150.632096,2249841,public,customer_account,4,2026-09-10 18:45:15.480553+00,600000,3882285,2026-09-10 21:35:50.649835+00,6504016,150000,411775,0,400105,11670,150000,13198,9443,0,2026-09-10 19:24:23.226634+00,2026-09-10 17:53:20.108136+00,2026-09-10 19:24:23.311106+00,2026-09-10 21:33:18.279804+00,1,1,1,23,12,77,84,9208
1789076150.632096,2250026,public,financial,2,2026-09-10 18:36:32.673292+00,600000,628733,2026-09-10 21:35:50.564466+00,12574622,300000,180,0,0,180,300000,180,180,0,2026-09-10 19:36:20.352757+00,2026-09-10 17:53:29.521608+00,2026-09-10 19:36:20.576514+00,2026-09-10 17:53:29.956687+00,1,1,1,1,57,322,207,435
1789076150.632096,2249830,public,customer,4,2026-09-10 18:39:19.245981+00,120000,2714643,2026-09-10 21:35:50.649835+00,2711972,30000,10,0,0,10,30000,10,10,0,2026-09-10 19:24:22.892301+00,2026-09-10 17:53:19.531775+00,2026-09-10 19:24:23.201268+00,2026-09-10 17:53:20.026228+00,1,1,1,1,59,26,305,495
1789076150.632096,2250121,public,zip_code,2,2026-09-10 18:36:32.586468+00,29482,1258964,2026-09-10 21:35:50.564466+00,1257426,14741,0,0,0,0,14741,0,0,0,2026-09-10 19:36:13.175189+00,2026-09-10 17:53:30.32548+00,2026-09-10 19:36:13.194698+00,2026-09-10 17:53:30.362036+00,1,1,1,1,1,41,20,31
1789076150.632096,2249929,public,settlement,2,2026-09-10 19:06:58.095243+00,1036800000,9441912,2026-09-10 21:35:50.649835+00,9441911,518849226,591080,0,107804,483276,518845326,548561,1028188,449226,2026-09-10 19:38:55.40099+00,2026-09-10 19:38:47.513759+00,2026-09-10 19:38:59.2827+00,2026-09-10 19:38:51.103174+00,1,2,1,2,66,1872326,3881,5015
1789076150.632096,2250000,public,company_competitor,4,2026-09-10 18:39:19.241779+00,180000,628715,2026-09-10 21:35:50.564466+00,0,45000,0,0,0,0,45000,0,0,0,2026-09-10 19:29:04.853693+00,2026-09-10 17:53:22.019369+00,2026-09-10 19:29:04.892815+00,2026-09-10 17:53:22.073157+00,1,1,1,1,32,17,36,54
1789076150.632096,2250104,public,address,2,2026-09-10 18:36:32.586468+00,90008,1258619,2026-09-10 21:35:50.564466+00,2829358,45004,11,0,0,11,45004,11,11,0,2026-09-10 19:36:13.198214+00,2026-09-10 17:53:30.143186+00,2026-09-10 19:36:13.272339+00,2026-09-10 17:53:30.265233+00,1,1,1,1,1,84,75,111
1789076150.632096,2249981,public,trade_type,5349323,2026-09-10 21:35:50.649835+00,18704831,3667,2026-09-10 20:55:34.986889+00,595,5,0,0,0,0,5,0,0,0,2026-09-10 19:30:55.686368+00,,2026-09-10 19:30:55.686494+00,,1,0,1,0,1,0,1,0
1789076150.632096,2250083,public,security,853166,2026-09-10 21:35:50.649835+00,17532561300,138131485,2026-09-10 21:35:50.649835+00,138864832,20550,9,0,0,9,20550,9,9,0,2026-09-10 19:24:23.322571+00,2026-09-10 17:56:48.546012+00,2026-09-10 19:24:23.441929+00,2026-09-10 17:56:48.782769+00,1,1,1,1,6,346,119,237
1789076210.719594,2249856,public,holding,3,2026-09-10 18:14:01.1438+00,53040828,1011742,2026-09-10 21:36:50.689024+00,11715766,26776801,198888,295817,64296,134592,26533399,420418,593746,256387,2026-09-10 19:36:12.75693+00,2026-09-10 18:14:29.263615+00,2026-09-10 19:36:13.060392+00,2026-09-10 18:14:29.882987+00,1,1,1,1,45,7564,301,620
1789076210.719594,2250073,public,news_xref,3,2026-09-10 18:36:32.591284+00,90000,635995,2026-09-10 21:36:50.689024+00,20,30000,0,0,0,0,30000,0,0,0,2026-09-10 19:36:13.161571+00,2026-09-10 17:56:48.169274+00,2026-09-10 19:36:13.172374+00,2026-09-10 17:56:48.192926+00,1,1,1,1,3,164,11,24
1789076210.719594,2250006,public,daily_market,6,2026-09-10 18:14:00.82828+00,53635500,63699759,2026-09-10 21:36:50.689024+00,69828486,26817750,430,0,0,430,26824697,430,430,0,2026-09-10 19:36:21.896725+00,2026-09-10 17:53:30.461218+00,2026-09-10 19:36:22.185295+00,2026-09-10 17:53:31.195492+00,1,1,1,1,1254,8383,288,735
1789076210.719594,2250052,public,last_trade,2,2026-09-10 18:39:23.400642+00,41100,88759126,2026-09-10 21:36:50.689024+00,88758897,20550,882778,0,880564,2214,20550,3129,4516,0,2026-09-10 19:29:05.269132+00,2026-09-10 17:53:30.000417+00,2026-09-10 19:29:05.305716+00,2026-09-10 21:36:18.032772+00,1,1,1,114,3,12,36,9369
1789076210.719594,2250078,public,sector,219296,2026-09-10 21:36:50.668351+00,2631552,81020,2026-09-10 20:55:18.735157+00,81020,12,0,0,0,0,12,0,0,0,2026-09-10 19:24:23.444133+00,,2026-09-10 19:24:23.444255+00,,1,0,1,0,1,0,1,0
1789076210.719594,2250114,public,taxrate,234986,2026-09-10 21:36:50.53869+00,75195520,1326,2026-09-10 21:33:53.212891+00,750,320,9,0,6,3,320,3,9,0,2026-09-10 19:36:20.64208+00,,2026-09-10 19:36:20.642648+00,2026-09-10 17:53:30.277789+00,1,0,1,1,2,0,1,1
1789076210.719594,2249968,public,trade_request,222189,2026-09-10 21:36:50.668351+00,807487013,1059358,2026-09-10 21:36:49.996338+00,507399,183313,0,177316,0,0,4183,867,1754,905,2026-09-10 19:29:04.821787+00,2026-09-10 21:36:17.92529+00,2026-09-10 19:29:04.822356+00,2026-09-10 21:36:17.951163+00,1,115,1,115,1,3532,1,3237
1789076210.719594,2249881,public,watch_item,4,2026-09-10 18:39:23.873407+00,8946495,489434,2026-09-10 21:36:50.689024+00,15278,2982165,9,0,0,9,2982165,9,9,0,2026-09-10 19:29:05.082092+00,2026-09-10 17:53:21.313017+00,2026-09-10 19:29:05.26188+00,2026-09-10 17:53:21.810508+00,1,1,1,1,2,959,180,498
1789076210.719594,2249962,public,trade_history,3,2026-09-10 19:16:53.853864+00,3732502353,11299424,2026-09-10 21:36:50.689024+00,27068411,1245274920,0,0,0,0,1245266458,28174,1079295,1107469,2026-09-10 19:29:02.442332+00,2026-09-10 17:56:39.748253+00,2026-09-10 19:29:04.819007+00,2026-09-10 17:56:46.054213+00,1,1,1,1,277842,64922,2377,6306
1789076210.719594,2249938,public,trade,18,2026-09-10 19:24:22.633472+00,7257600000,13686674,2026-09-10 21:36:50.689024+00,9124043909,518857682,1448141,0,302703,460218,518842545,1150725,1770775,457682,2026-09-10 19:36:10.673673+00,2026-09-10 17:55:13.319747+00,2026-09-10 19:36:12.708234+00,2026-09-10 17:55:14.759594+00,1,1,1,1,313984,19670,2034,1440
1789076210.719594,2250109,public,status_type,3364475,2026-09-10 21:36:50.689024+00,10653239,1152,2026-09-10 20:54:55.224112+00,0,5,0,0,0,0,5,0,0,0,2026-09-10 19:24:23.446735+00,,2026-09-10 19:24:23.446839+00,,1,0,1,0,1,0,1,0
1789076210.719594,2249909,public,charge,457684,2026-09-10 21:36:50.689024+00,6865260,0,,0,15,0,0,0,0,15,0,0,0,2026-09-10 19:30:55.68781+00,,2026-09-10 19:30:55.688433+00,,1,0,1,0,1,0,1,0
1789076210.719594,2249988,public,company,5,2026-09-10 18:39:19.216232+00,75000,83869588,2026-09-10 21:36:50.689024+00,288464306,15000,10,0,0,10,15000,10,10,0,2026-09-10 19:36:13.092374+00,2026-09-10 17:53:21.882165+00,2026-09-10 19:36:13.156371+00,2026-09-10 17:53:21.992193+00,1,1,1,1,31,17,62,110
1789076210.719594,2250062,public,news_item,1,2026-09-10 18:13:01.013209+00,30000,1270435,2026-09-10 21:36:50.689024+00,1283494,30000,18,0,0,18,30000,18,18,0,2026-09-10 19:36:13.288793+00,2026-09-10 17:56:47.547667+00,2026-09-10 19:36:20.294012+00,2026-09-10 17:56:47.994666+00,1,1,1,1,16,1484,143,447
1789076210.719594,2249891,public,broker,222062,2026-09-10 21:36:50.668351+00,66618600,1975378,2026-09-10 21:36:50.689024+00,1973806,300,461858,0,461858,0,300,65,2288,0,2026-09-10 19:24:23.448703+00,2026-09-10 21:33:18.41204+00,2026-09-10 19:38:59.555359+00,2026-09-10 21:36:18.037737+00,1,16,2,117,2,63,3,633
1789076210.719594,2249886,public,watch_list,4,2026-09-10 18:39:19.55136+00,120000,489436,2026-09-10 21:36:50.689024+00,488592,30000,0,0,0,0,30000,0,0,0,2026-09-10 19:29:05.065201+00,2026-09-10 17:53:21.830081+00,2026-09-10 19:29:05.076514+00,2026-09-10 17:53:21.851946+00,1,1,1,1,12,10,12,22
1789076210.719594,2249917,public,commission_rate,3,2026-09-10 18:36:32.553549+00,720,992203,2026-09-10 21:36:50.689024+00,1744464,240,0,0,0,0,240,0,0,0,2026-09-10 19:30:55.684574+00,,2026-09-10 19:30:55.685011+00,2026-09-10 17:53:21.85719+00,1,0,1,1,1,0,1,1
1789076210.719594,2249851,public,customer_taxrate,3,2026-09-10 18:39:19.221747+00,180000,75196875,2026-09-10 21:36:50.53869+00,8838,60000,10,0,0,10,60000,10,10,0,2026-09-10 19:36:20.607907+00,2026-09-10 17:53:20.297708+00,2026-09-10 19:36:20.638528+00,2026-09-10 17:53:20.350229+00,1,1,1,1,30,19,29,53
1789076210.719594,2249868,public,holding_history,8,2026-09-10 19:24:22.633472+00,2778954508,86594,2026-09-10 21:36:50.689024+00,193448,695489722,0,0,0,0,695321807,157349,593746,751095,2026-09-10 19:38:52.269828+00,2026-09-10 18:00:34.421363+00,2026-09-10 19:38:55.334914+00,2026-09-10 18:00:44.904449+00,1,3,1,3,149084,284220,3065,13235
1789076210.719594,2250046,public,industry,257217,2026-09-10 21:36:50.668351+00,26221989,2241494,2026-09-10 21:36:50.689024+00,2232948,102,0,0,0,0,102,0,0,0,2026-09-10 19:24:23.445694+00,,2026-09-10 19:24:23.445963+00,2026-09-10 17:53:29.973725+00,1,0,1,1,1,0,1,3
1789076210.719594,2250017,public,exchange,1495451,2026-09-10 21:36:50.689024+00,5030398,1536,2026-09-10 20:54:53.872757+00,1152,4,40,0,40,0,4,40,40,0,2026-09-10 19:30:55.68249+00,,2026-09-10 19:30:55.682645+00,,1,0,1,0,1,0,1,0
1789076210.719594,2249901,public,cash_transaction,2,2026-09-10 19:00:28.999306+00,953848714,8980825,2026-09-10 21:36:50.689024+00,8806360,477339246,568232,0,61972,506260,477390072,547274,973949,414889,2026-09-10 19:30:52.298911+00,2026-09-10 17:59:35.711751+00,2026-09-10 19:30:55.445775+00,2026-09-10 18:00:57.043327+00,1,2,1,3,105990,228022,3126,22811
1789076210.719594,2249875,public,holding_summary,5,2026-09-10 18:36:33.052121+00,4476012,5348403,2026-09-10 21:36:50.689024+00,37124233,1494262,531563,2510,473602,57961,1492024,64868,139992,2258,2026-09-10 19:24:23.479998+00,2026-09-10 18:13:22.057298+00,2026-09-10 19:24:23.595668+00,2026-09-10 21:02:18.878562+00,1,1,1,3,30,365,113,2827
1789076210.719594,2249822,public,account_permission,2,2026-09-10 18:36:32.753413+00,425940,45770,2026-09-10 21:36:50.464202+00,45780,212970,11,0,0,11,212970,11,11,0,2026-09-10 19:29:04.927437+00,2026-09-10 17:53:19.299976+00,2026-09-10 19:29:05.05201+00,2026-09-10 17:53:19.497616+00,1,1,1,1,32,109,122,198
1789076210.719594,2249841,public,customer_account,4,2026-09-10 18:45:15.480553+00,600000,3918046,2026-09-10 21:36:50.689024+00,6563914,150000,415600,0,403905,11695,150000,13212,13207,0,2026-09-10 19:24:23.226634+00,2026-09-10 17:53:20.108136+00,2026-09-10 19:24:23.311106+00,2026-09-10 21:33:18.279804+00,1,1,1,23,12,77,84,9208
1789076210.719594,2250026,public,financial,2,2026-09-10 18:36:32.673292+00,600000,634450,2026-09-10 21:36:50.689024+00,12688962,300000,180,0,0,180,300000,180,180,0,2026-09-10 19:36:20.352757+00,2026-09-10 17:53:29.521608+00,2026-09-10 19:36:20.576514+00,2026-09-10 17:53:29.956687+00,1,1,1,1,57,322,207,435
1789076210.719594,2249830,public,customer,4,2026-09-10 18:39:19.245981+00,120000,2739608,2026-09-10 21:36:50.689024+00,2736937,30000,10,0,0,10,30000,10,10,0,2026-09-10 19:24:22.892301+00,2026-09-10 17:53:19.531775+00,2026-09-10 19:24:23.201268+00,2026-09-10 17:53:20.026228+00,1,1,1,1,59,26,305,495
1789076210.719594,2250121,public,zip_code,2,2026-09-10 18:36:32.586468+00,29482,1270398,2026-09-10 21:36:50.689024+00,1268860,14741,0,0,0,0,14741,0,0,0,2026-09-10 19:36:13.175189+00,2026-09-10 17:53:30.32548+00,2026-09-10 19:36:13.194698+00,2026-09-10 17:53:30.362036+00,1,1,1,1,1,41,20,31
1789076210.719594,2249929,public,settlement,2,2026-09-10 19:06:58.095243+00,1036800000,9528452,2026-09-10 21:36:50.689024+00,9528451,518853405,596540,0,109130,487410,518849419,553160,1037741,453405,2026-09-10 19:38:55.40099+00,2026-09-10 19:38:47.513759+00,2026-09-10 19:38:59.2827+00,2026-09-10 19:38:51.103174+00,1,2,1,2,66,1872326,3881,5015
1789076210.719594,2250000,public,company_competitor,4,2026-09-10 18:39:19.241779+00,180000,634432,2026-09-10 21:36:50.689024+00,0,45000,0,0,0,0,45000,0,0,0,2026-09-10 19:29:04.853693+00,2026-09-10 17:53:22.019369+00,2026-09-10 19:29:04.892815+00,2026-09-10 17:53:22.073157+00,1,1,1,1,32,17,36,54
1789076210.719594,2250104,public,address,2,2026-09-10 18:36:32.586468+00,90008,1270053,2026-09-10 21:36:50.689024+00,2855196,45004,11,0,0,11,45004,11,11,0,2026-09-10 19:36:13.198214+00,2026-09-10 17:53:30.143186+00,2026-09-10 19:36:13.272339+00,2026-09-10 17:53:30.265233+00,1,1,1,1,1,84,75,111
1789076210.719594,2249981,public,trade_type,5399096,2026-09-10 21:36:50.689024+00,18878463,3667,2026-09-10 20:55:34.986889+00,595,5,0,0,0,0,5,0,0,0,2026-09-10 19:30:55.686368+00,,2026-09-10 19:30:55.686494+00,,1,0,1,0,1,0,1,0
1789076210.719594,2250083,public,security,861007,2026-09-10 21:36:50.689024+00,17693693850,139521699,2026-09-10 21:36:50.689024+00,140263084,20550,9,0,0,9,20550,9,9,0,2026-09-10 19:24:23.322571+00,2026-09-10 17:56:48.546012+00,2026-09-10 19:24:23.441929+00,2026-09-10 17:56:48.782769+00,1,1,1,1,6,346,119,237
1789076270.851330,2249856,public,holding,3,2026-09-10 18:14:01.1438+00,53040828,1021042,2026-09-10 21:37:50.792736+00,11820144,26779195,200703,298606,65309,135394,26533530,423976,599184,258781,2026-09-10 19:36:12.75693+00,2026-09-10 18:14:29.263615+00,2026-09-10 19:36:13.060392+00,2026-09-10 18:14:29.882987+00,1,1,1,1,45,7564,301,620
1789076270.851330,2250073,public,news_xref,3,2026-09-10 18:36:32.591284+00,90000,641657,2026-09-10 21:37:50.798778+00,20,30000,0,0,0,0,30000,0,0,0,2026-09-10 19:36:13.161571+00,2026-09-10 17:56:48.169274+00,2026-09-10 19:36:13.172374+00,2026-09-10 17:56:48.192926+00,1,1,1,1,3,164,11,24
1789076270.851330,2250006,public,daily_market,6,2026-09-10 18:14:00.82828+00,53635500,64268013,2026-09-10 21:37:50.798778+00,70382855,26817750,430,0,0,430,26824697,430,430,0,2026-09-10 19:36:21.896725+00,2026-09-10 17:53:30.461218+00,2026-09-10 19:36:22.185295+00,2026-09-10 17:53:31.195492+00,1,1,1,1,1254,8383,288,735
1789076270.851330,2250052,public,last_trade,2,2026-09-10 18:39:23.400642+00,41100,89547091,2026-09-10 21:37:50.798778+00,89546862,20550,890950,0,888735,2215,20550,3251,4391,0,2026-09-10 19:29:05.269132+00,2026-09-10 17:53:30.000417+00,2026-09-10 19:29:05.305716+00,2026-09-10 21:37:18.035718+00,1,1,1,115,3,12,36,9448
1789076270.851330,2250078,public,sector,221239,2026-09-10 21:37:50.798778+00,2654868,81020,2026-09-10 20:55:18.735157+00,81020,12,0,0,0,0,12,0,0,0,2026-09-10 19:24:23.444133+00,,2026-09-10 19:24:23.444255+00,,1,0,1,0,1,0,1,0
1789076270.851330,2250114,public,taxrate,237157,2026-09-10 21:37:50.792736+00,75890240,1326,2026-09-10 21:33:53.212891+00,750,320,9,0,6,3,320,3,9,0,2026-09-10 19:36:20.64208+00,,2026-09-10 19:36:20.642648+00,2026-09-10 17:53:30.277789+00,1,0,1,1,2,0,1,1
1789076270.851330,2249968,public,trade_request,224132,2026-09-10 21:37:50.798778+00,815542854,1069172,2026-09-10 21:37:50.792736+00,512309,184892,0,178910,0,0,4109,882,1686,828,2026-09-10 19:29:04.821787+00,2026-09-10 21:37:17.925957+00,2026-09-10 19:29:04.822356+00,2026-09-10 21:37:17.953459+00,1,116,1,116,1,3559,1,3265
1789076270.851330,2249881,public,watch_item,4,2026-09-10 18:39:23.873407+00,8946495,493802,2026-09-10 21:37:50.791684+00,15455,2982165,9,0,0,9,2982165,9,9,0,2026-09-10 19:29:05.082092+00,2026-09-10 17:53:21.313017+00,2026-09-10 19:29:05.26188+00,2026-09-10 17:53:21.810508+00,1,1,1,1,2,959,180,498
1789076270.851330,2249962,public,trade_history,3,2026-09-10 19:16:53.853864+00,3732502353,11400484,2026-09-10 21:37:50.798778+00,27310674,1245284861,0,0,0,0,1245276135,28438,1088972,1117410,2026-09-10 19:29:02.442332+00,2026-09-10 17:56:39.748253+00,2026-09-10 19:29:04.819007+00,2026-09-10 17:56:46.054213+00,1,1,1,1,277842,64922,2377,6306
1789076270.851330,2249938,public,trade,18,2026-09-10 19:24:22.633472+00,7257600000,13811228,2026-09-10 21:37:50.798778+00,9205086022,518861748,1461338,0,306241,463528,518846570,1160309,1786733,461748,2026-09-10 19:36:10.673673+00,2026-09-10 17:55:13.319747+00,2026-09-10 19:36:12.708234+00,2026-09-10 17:55:14.759594+00,1,1,1,1,313984,19670,2034,1440
1789076270.851330,2250109,public,status_type,3394636,2026-09-10 21:37:50.798778+00,10747717,1152,2026-09-10 20:54:55.224112+00,0,5,0,0,0,0,5,0,0,0,2026-09-10 19:24:23.446735+00,,2026-09-10 19:24:23.446839+00,,1,0,1,0,1,0,1,0
1789076270.851330,2249909,public,charge,461750,2026-09-10 21:37:50.798778+00,6926250,0,,0,15,0,0,0,0,15,0,0,0,2026-09-10 19:30:55.68781+00,,2026-09-10 19:30:55.688433+00,,1,0,1,0,1,0,1,0
1789076270.851330,2249988,public,company,5,2026-09-10 18:39:19.216232+00,75000,84707062,2026-09-10 21:37:50.798778+00,290961400,15000,10,0,0,10,15000,10,10,0,2026-09-10 19:36:13.092374+00,2026-09-10 17:53:21.882165+00,2026-09-10 19:36:13.156371+00,2026-09-10 17:53:21.992193+00,1,1,1,1,31,17,62,110
1789076270.851330,2250062,public,news_item,1,2026-09-10 18:13:01.013209+00,30000,1281759,2026-09-10 21:37:50.798778+00,1294818,30000,18,0,0,18,30000,18,18,0,2026-09-10 19:36:13.288793+00,2026-09-10 17:56:47.547667+00,2026-09-10 19:36:20.294012+00,2026-09-10 17:56:47.994666+00,1,1,1,1,16,1484,143,447
1789076270.851330,2249891,public,broker,224005,2026-09-10 21:37:50.798778+00,67201500,1992945,2026-09-10 21:37:50.798778+00,1991361,300,466109,0,466109,0,300,49,2178,0,2026-09-10 19:24:23.448703+00,2026-09-10 21:33:18.41204+00,2026-09-10 19:38:59.555359+00,2026-09-10 21:37:18.046371+00,1,16,2,118,2,63,3,641
1789076270.851330,2249886,public,watch_list,4,2026-09-10 18:39:19.55136+00,120000,493804,2026-09-10 21:37:50.791684+00,492960,30000,0,0,0,0,30000,0,0,0,2026-09-10 19:29:05.065201+00,2026-09-10 17:53:21.830081+00,2026-09-10 19:29:05.076514+00,2026-09-10 17:53:21.851946+00,1,1,1,1,12,10,12,22
1789076270.851330,2249917,public,commission_rate,3,2026-09-10 18:36:32.553549+00,720,1001236,2026-09-10 21:37:50.798778+00,1760504,240,0,0,0,0,240,0,0,0,2026-09-10 19:30:55.684574+00,,2026-09-10 19:30:55.685011+00,2026-09-10 17:53:21.85719+00,1,0,1,1,1,0,1,1
1789076270.851330,2249851,public,customer_taxrate,3,2026-09-10 18:39:19.221747+00,180000,75891595,2026-09-10 21:37:50.792736+00,8974,60000,10,0,0,10,60000,10,10,0,2026-09-10 19:36:20.607907+00,2026-09-10 17:53:20.297708+00,2026-09-10 19:36:20.638528+00,2026-09-10 17:53:20.350229+00,1,1,1,1,30,19,29,53
1789076270.851330,2249868,public,holding_history,8,2026-09-10 19:24:22.633472+00,2778954508,87318,2026-09-10 21:37:50.658347+00,195085,695496720,0,0,0,0,695327245,158909,599184,758093,2026-09-10 19:38:52.269828+00,2026-09-10 18:00:34.421363+00,2026-09-10 19:38:55.334914+00,2026-09-10 18:00:44.904449+00,1,3,1,3,149084,284220,3065,13235
1789076270.851330,2250046,public,industry,259492,2026-09-10 21:37:50.798778+00,26454039,2258528,2026-09-10 21:37:50.798778+00,2249934,102,0,0,0,0,102,0,0,0,2026-09-10 19:24:23.445694+00,,2026-09-10 19:24:23.445963+00,2026-09-10 17:53:29.973725+00,1,0,1,1,1,0,1,3
1789076270.851330,2250017,public,exchange,1508715,2026-09-10 21:37:50.798778+00,5074762,1536,2026-09-10 20:54:53.872757+00,1152,4,40,0,40,0,4,40,40,0,2026-09-10 19:30:55.68249+00,,2026-09-10 19:30:55.682645+00,,1,0,1,0,1,0,1,0
1789076270.851330,2249901,public,cash_transaction,2,2026-09-10 19:00:28.999306+00,953848714,9061203,2026-09-10 21:37:50.798778+00,8885176,477343068,573446,0,62957,510489,477393822,551933,982913,418711,2026-09-10 19:30:52.298911+00,2026-09-10 17:59:35.711751+00,2026-09-10 19:30:55.445775+00,2026-09-10 18:00:57.043327+00,1,2,1,3,105990,228022,3126,22811
1789076270.851330,2249875,public,holding_summary,5,2026-09-10 18:36:33.052121+00,4476012,5396188,2026-09-10 21:37:50.798778+00,37452041,1494278,536508,2532,478228,58280,1492021,65280,144050,2274,2026-09-10 19:24:23.479998+00,2026-09-10 18:13:22.057298+00,2026-09-10 19:24:23.595668+00,2026-09-10 21:02:18.878562+00,1,1,1,3,30,365,113,2827
1789076270.851330,2249822,public,account_permission,2,2026-09-10 18:36:32.753413+00,425940,46163,2026-09-10 21:37:50.754944+00,46173,212970,11,0,0,11,212970,11,11,0,2026-09-10 19:29:04.927437+00,2026-09-10 17:53:19.299976+00,2026-09-10 19:29:05.05201+00,2026-09-10 17:53:19.497616+00,1,1,1,1,32,109,122,198
1789076270.851330,2249841,public,customer_account,4,2026-09-10 18:45:15.480553+00,600000,3953299,2026-09-10 21:37:50.798778+00,6622451,150000,419431,0,407707,11724,150000,13285,16957,0,2026-09-10 19:24:23.226634+00,2026-09-10 17:53:20.108136+00,2026-09-10 19:24:23.311106+00,2026-09-10 21:33:18.279804+00,1,1,1,23,12,77,84,9208
1789076270.851330,2250026,public,financial,2,2026-09-10 18:36:32.673292+00,600000,640114,2026-09-10 21:37:50.798778+00,12802242,300000,200,0,0,200,300000,200,200,0,2026-09-10 19:36:20.352757+00,2026-09-10 17:53:29.521608+00,2026-09-10 19:36:20.576514+00,2026-09-10 17:53:29.956687+00,1,1,1,1,57,322,207,435
1789076270.851330,2249830,public,customer,4,2026-09-10 18:39:19.245981+00,120000,2764145,2026-09-10 21:37:50.798778+00,2761474,30000,10,0,0,10,30000,10,10,0,2026-09-10 19:24:22.892301+00,2026-09-10 17:53:19.531775+00,2026-09-10 19:24:23.201268+00,2026-09-10 17:53:20.026228+00,1,1,1,1,59,26,305,495
1789076270.851330,2250121,public,zip_code,2,2026-09-10 18:36:32.586468+00,29482,1281722,2026-09-10 21:37:50.798778+00,1280184,14741,0,0,0,0,14741,0,0,0,2026-09-10 19:36:13.175189+00,2026-09-10 17:53:30.32548+00,2026-09-10 19:36:13.194698+00,2026-09-10 17:53:30.362036+00,1,1,1,1,1,41,20,31
1789076270.851330,2249929,public,settlement,2,2026-09-10 19:06:58.095243+00,1036800000,9613172,2026-09-10 21:37:50.798778+00,9613171,518857567,601680,0,110428,491252,518853477,557471,1046939,457567,2026-09-10 19:38:55.40099+00,2026-09-10 19:38:47.513759+00,2026-09-10 19:38:59.2827+00,2026-09-10 19:38:51.103174+00,1,2,1,2,66,1872326,3881,5015
1789076270.851330,2250000,public,company_competitor,4,2026-09-10 18:39:19.241779+00,180000,640094,2026-09-10 21:37:50.798778+00,0,45000,0,0,0,0,45000,0,0,0,2026-09-10 19:29:04.853693+00,2026-09-10 17:53:22.019369+00,2026-09-10 19:29:04.892815+00,2026-09-10 17:53:22.073157+00,1,1,1,1,32,17,36,54
1789076270.851330,2250104,public,address,2,2026-09-10 18:36:32.586468+00,90008,1281377,2026-09-10 21:37:50.798778+00,2880476,45004,11,0,0,11,45004,11,11,0,2026-09-10 19:36:13.198214+00,2026-09-10 17:53:30.143186+00,2026-09-10 19:36:13.272339+00,2026-09-10 17:53:30.265233+00,1,1,1,1,1,84,75,111
1789076270.851330,2249981,public,trade_type,5448190,2026-09-10 21:37:50.798778+00,19049603,3667,2026-09-10 20:55:34.986889+00,595,5,0,0,0,0,5,0,0,0,2026-09-10 19:30:55.686368+00,,2026-09-10 19:30:55.686494+00,,1,0,1,0,1,0,1,0
1789076270.851330,2250083,public,security,868609,2026-09-10 21:37:50.798778+00,17849914950,140854627,2026-09-10 21:37:50.798778+00,141602245,20550,9,0,0,9,20550,9,9,0,2026-09-10 19:24:23.322571+00,2026-09-10 17:56:48.546012+00,2026-09-10 19:24:23.441929+00,2026-09-10 17:56:48.782769+00,1,1,1,1,6,346,119,237
1789076330.941216,2249856,public,holding,3,2026-09-10 18:14:01.1438+00,53040828,1030330,2026-09-10 21:38:50.924476+00,11923616,26781623,202512,301345,66314,136198,26533663,427590,604757,261209,2026-09-10 19:36:12.75693+00,2026-09-10 18:14:29.263615+00,2026-09-10 19:36:13.060392+00,2026-09-10 18:14:29.882987+00,1,1,1,1,45,7564,301,620
1789076330.941216,2250073,public,news_xref,3,2026-09-10 18:36:32.591284+00,90000,647421,2026-09-10 21:38:50.947002+00,22,30000,0,0,0,0,30000,0,0,0,2026-09-10 19:36:13.161571+00,2026-09-10 17:56:48.169274+00,2026-09-10 19:36:13.172374+00,2026-09-10 17:56:48.192926+00,1,1,1,1,3,164,11,24
1789076330.941216,2250006,public,daily_market,6,2026-09-10 18:14:00.82828+00,53635500,64856909,2026-09-10 21:38:50.947002+00,70957638,26817750,430,0,0,430,26824697,430,430,0,2026-09-10 19:36:21.896725+00,2026-09-10 17:53:30.461218+00,2026-09-10 19:36:22.185295+00,2026-09-10 17:53:31.195492+00,1,1,1,1,1254,8383,288,735
1789076330.941216,2250052,public,last_trade,2,2026-09-10 18:39:23.400642+00,41100,90366567,2026-09-10 21:38:50.947002+00,90366338,20550,899252,0,897030,2222,20550,3320,4573,0,2026-09-10 19:29:05.269132+00,2026-09-10 17:53:30.000417+00,2026-09-10 19:29:05.305716+00,2026-09-10 21:38:18.476049+00,1,1,1,116,3,12,36,9529
1789076330.941216,2250078,public,sector,223296,2026-09-10 21:38:50.947002+00,2679552,81020,2026-09-10 20:55:18.735157+00,81020,12,0,0,0,0,12,0,0,0,2026-09-10 19:24:23.444133+00,,2026-09-10 19:24:23.444255+00,,1,0,1,0,1,0,1,0
1789076330.941216,2250114,public,taxrate,239289,2026-09-10 21:38:50.924476+00,76572480,1326,2026-09-10 21:33:53.212891+00,750,320,9,0,6,3,320,3,9,0,2026-09-10 19:36:20.64208+00,,2026-09-10 19:36:20.642648+00,2026-09-10 17:53:30.277789+00,1,0,1,1,2,0,1,1
1789076330.941216,2249968,public,trade_request,226189,2026-09-10 21:38:50.947002+00,824060587,1079186,2026-09-10 21:38:50.785177+00,517420,186574,0,180572,0,0,4123,923,1795,905,2026-09-10 19:29:04.821787+00,2026-09-10 21:38:18.370322+00,2026-09-10 19:29:04.822356+00,2026-09-10 21:38:18.392662+00,1,117,1,117,1,3580,1,3288
1789076330.941216,2249881,public,watch_item,4,2026-09-10 18:39:23.873407+00,8946495,498303,2026-09-10 21:38:50.947002+00,15850,2982165,9,0,0,9,2982165,9,9,0,2026-09-10 19:29:05.082092+00,2026-09-10 17:53:21.313017+00,2026-09-10 19:29:05.26188+00,2026-09-10 17:53:21.810508+00,1,1,1,1,2,959,180,498
1789076330.941216,2249962,public,trade_history,3,2026-09-10 19:16:53.853864+00,3732502353,11504344,2026-09-10 21:38:50.947002+00,27559818,1245295075,0,0,0,0,1245286104,28683,1098941,1127624,2026-09-10 19:29:02.442332+00,2026-09-10 17:56:39.748253+00,2026-09-10 19:29:04.819007+00,2026-09-10 17:56:46.054213+00,1,1,1,1,277842,64922,2377,6306
1789076330.941216,2249938,public,trade,18,2026-09-10 19:24:22.633472+00,7257600000,13938475,2026-09-10 21:38:50.947002+00,9287736184,518865950,1474786,0,309789,466956,518850732,1170351,1803153,465950,2026-09-10 19:36:10.673673+00,2026-09-10 17:55:13.319747+00,2026-09-10 19:36:12.708234+00,2026-09-10 17:55:14.759594+00,1,1,1,1,313984,19670,2034,1440
1789076330.941216,2250109,public,status_type,3425632,2026-09-10 21:38:50.947002+00,10845212,1152,2026-09-10 20:54:55.224112+00,0,5,0,0,0,0,5,0,0,0,2026-09-10 19:24:23.446735+00,,2026-09-10 19:24:23.446839+00,,1,0,1,0,1,0,1,0
1789076330.941216,2249909,public,charge,465952,2026-09-10 21:38:50.947002+00,6989280,0,,0,15,0,0,0,0,15,0,0,0,2026-09-10 19:30:55.68781+00,,2026-09-10 19:30:55.688433+00,,1,0,1,0,1,0,1,0
1789076330.941216,2249988,public,company,5,2026-09-10 18:39:19.216232+00,75000,85593069,2026-09-10 21:38:50.947002+00,293577011,15000,10,0,0,10,15000,10,10,0,2026-09-10 19:36:13.092374+00,2026-09-10 17:53:21.882165+00,2026-09-10 19:36:13.156371+00,2026-09-10 17:53:21.992193+00,1,1,1,1,31,17,62,110
1789076330.941216,2250062,public,news_item,1,2026-09-10 18:13:01.013209+00,30000,1293285,2026-09-10 21:38:50.947002+00,1306342,30000,20,0,0,20,30000,20,20,0,2026-09-10 19:36:13.288793+00,2026-09-10 17:56:47.547667+00,2026-09-10 19:36:20.294012+00,2026-09-10 17:56:47.994666+00,1,1,1,1,16,1484,143,447
1789076330.941216,2249891,public,broker,226062,2026-09-10 21:38:50.947002+00,67818600,2011164,2026-09-10 21:38:50.947002+00,2009574,300,470431,0,470431,0,300,62,2239,0,2026-09-10 19:24:23.448703+00,2026-09-10 21:33:18.41204+00,2026-09-10 19:38:59.555359+00,2026-09-10 21:38:18.483151+00,1,16,2,119,2,63,3,647
1789076330.941216,2249886,public,watch_list,4,2026-09-10 18:39:19.55136+00,120000,498305,2026-09-10 21:38:50.947002+00,497461,30000,0,0,0,0,30000,0,0,0,2026-09-10 19:29:05.065201+00,2026-09-10 17:53:21.830081+00,2026-09-10 19:29:05.076514+00,2026-09-10 17:53:21.851946+00,1,1,1,1,12,10,12,22
1789076330.941216,2249917,public,commission_rate,3,2026-09-10 18:36:32.553549+00,720,1010433,2026-09-10 21:38:50.947002+00,1776620,240,0,0,0,0,240,0,0,0,2026-09-10 19:30:55.684574+00,,2026-09-10 19:30:55.685011+00,2026-09-10 17:53:21.85719+00,1,0,1,1,1,0,1,1
1789076330.941216,2249851,public,customer_taxrate,3,2026-09-10 18:39:19.221747+00,180000,76573835,2026-09-10 21:38:50.924476+00,9086,60000,10,0,0,10,60000,10,10,0,2026-09-10 19:36:20.607907+00,2026-09-10 17:53:20.297708+00,2026-09-10 19:36:20.638528+00,2026-09-10 17:53:20.350229+00,1,1,1,1,30,19,29,53
1789076330.941216,2249868,public,holding_history,8,2026-09-10 19:24:22.633472+00,2778954508,88017,2026-09-10 21:38:50.924476+00,196695,695503696,0,0,0,0,695332818,160312,604757,765069,2026-09-10 19:38:52.269828+00,2026-09-10 18:00:34.421363+00,2026-09-10 19:38:55.334914+00,2026-09-10 18:00:44.904449+00,1,3,1,3,149084,284220,3065,13235
1789076330.941216,2250046,public,industry,261895,2026-09-10 21:38:50.947002+00,26699145,2275861,2026-09-10 21:38:50.947002+00,2267217,102,0,0,0,0,102,0,0,0,2026-09-10 19:24:23.445694+00,,2026-09-10 19:24:23.445963+00,2026-09-10 17:53:29.973725+00,1,0,1,1,1,0,1,3
1789076330.941216,2250017,public,exchange,1522372,2026-09-10 21:38:50.947002+00,5120758,1536,2026-09-10 20:54:53.872757+00,1152,4,40,0,40,0,4,40,40,0,2026-09-10 19:30:55.68249+00,,2026-09-10 19:30:55.682645+00,,1,0,1,0,1,0,1,0
1789076330.941216,2249901,public,cash_transaction,2,2026-09-10 19:00:28.999306+00,953848714,9144302,2026-09-10 21:38:50.947002+00,8966718,477346903,578652,0,63937,514715,477397594,556588,991891,422546,2026-09-10 19:30:52.298911+00,2026-09-10 17:59:35.711751+00,2026-09-10 19:30:55.445775+00,2026-09-10 18:00:57.043327+00,1,2,1,3,105990,228022,3126,22811
1789076330.941216,2249875,public,holding_summary,5,2026-09-10 18:36:33.052121+00,4476012,5445542,2026-09-10 21:38:50.947002+00,37793015,1494296,541475,2553,482933,58542,1492022,65577,148195,2292,2026-09-10 19:24:23.479998+00,2026-09-10 18:13:22.057298+00,2026-09-10 19:24:23.595668+00,2026-09-10 21:02:18.878562+00,1,1,1,3,30,365,113,2827
1789076330.941216,2249822,public,account_permission,2,2026-09-10 18:36:32.753413+00,425940,46553,2026-09-10 21:38:50.924476+00,46563,212970,11,0,0,11,212970,11,11,0,2026-09-10 19:29:04.927437+00,2026-09-10 17:53:19.299976+00,2026-09-10 19:29:05.05201+00,2026-09-10 17:53:19.497616+00,1,1,1,1,32,109,122,198
1789076330.941216,2249841,public,customer_account,4,2026-09-10 18:45:15.480553+00,600000,3989510,2026-09-10 21:38:50.947002+00,6682913,150000,423274,0,411529,11745,150000,13328,2073,0,2026-09-10 19:24:23.226634+00,2026-09-10 17:53:20.108136+00,2026-09-10 19:24:23.311106+00,2026-09-10 21:38:18.347861+00,1,1,1,24,12,77,84,9647
1789076330.941216,2250026,public,financial,2,2026-09-10 18:36:32.673292+00,600000,645875,2026-09-10 21:38:50.947002+00,12917462,300000,200,0,0,200,300000,200,200,0,2026-09-10 19:36:20.352757+00,2026-09-10 17:53:29.521608+00,2026-09-10 19:36:20.576514+00,2026-09-10 17:53:29.956687+00,1,1,1,1,57,322,207,435
1789076330.941216,2249830,public,customer,4,2026-09-10 18:39:19.245981+00,120000,2789453,2026-09-10 21:38:50.947002+00,2786732,30000,10,0,0,10,30000,10,10,0,2026-09-10 19:24:22.892301+00,2026-09-10 17:53:19.531775+00,2026-09-10 19:24:23.201268+00,2026-09-10 17:53:20.026228+00,1,1,1,1,59,26,305,495
1789076330.941216,2250121,public,zip_code,2,2026-09-10 18:36:32.586468+00,29482,1293244,2026-09-10 21:38:50.947002+00,1291706,14741,0,0,0,0,14741,0,0,0,2026-09-10 19:36:13.175189+00,2026-09-10 17:53:30.32548+00,2026-09-10 19:36:13.194698+00,2026-09-10 17:53:30.362036+00,1,1,1,1,1,41,20,31
1789076330.941216,2249929,public,settlement,2,2026-09-10 19:06:58.095243+00,1036800000,9701032,2026-09-10 21:38:50.947002+00,9701031,518861805,606980,0,111777,495203,518857622,561913,1056384,461805,2026-09-10 19:38:55.40099+00,2026-09-10 19:38:47.513759+00,2026-09-10 19:38:59.2827+00,2026-09-10 19:38:51.103174+00,1,2,1,2,66,1872326,3881,5015
1789076330.941216,2250000,public,company_competitor,4,2026-09-10 18:39:19.241779+00,180000,645855,2026-09-10 21:38:50.947002+00,0,45000,0,0,0,0,45000,0,0,0,2026-09-10 19:29:04.853693+00,2026-09-10 17:53:22.019369+00,2026-09-10 19:29:04.892815+00,2026-09-10 17:53:22.073157+00,1,1,1,1,32,17,36,54
1789076330.941216,2250104,public,address,2,2026-09-10 18:36:32.586468+00,90008,1292899,2026-09-10 21:38:50.947002+00,2906410,45004,11,0,0,11,45004,11,11,0,2026-09-10 19:36:13.198214+00,2026-09-10 17:53:30.143186+00,2026-09-10 19:36:13.272339+00,2026-09-10 17:53:30.265233+00,1,1,1,1,1,84,75,111
1789076330.941216,2249981,public,trade_type,5499368,2026-09-10 21:38:50.947002+00,19227550,3667,2026-09-10 20:55:34.986889+00,595,5,0,0,0,0,5,0,0,0,2026-09-10 19:30:55.686368+00,,2026-09-10 19:30:55.686494+00,,1,0,1,0,1,0,1,0
1789076330.941216,2250083,public,security,876505,2026-09-10 21:38:50.947002+00,18012177750,142256540,2026-09-10 21:38:50.947002+00,143010703,20550,9,0,0,9,20550,9,9,0,2026-09-10 19:24:23.322571+00,2026-09-10 17:56:48.546012+00,2026-09-10 19:24:23.441929+00,2026-09-10 17:56:48.782769+00,1,1,1,1,6,346,119,237
1789076391.031107,2249856,public,holding,3,2026-09-10 18:14:01.1438+00,53040828,1039431,2026-09-10 21:39:51.019777+00,12026358,26784014,204304,304055,67311,136993,26533790,431136,610220,263600,2026-09-10 19:36:12.75693+00,2026-09-10 18:14:29.263615+00,2026-09-10 19:36:13.060392+00,2026-09-10 18:14:29.882987+00,1,1,1,1,45,7564,301,620
1789076391.031107,2250073,public,news_xref,3,2026-09-10 18:36:32.591284+00,90000,653003,2026-09-10 21:39:51.019777+00,22,30000,0,0,0,0,30000,0,0,0,2026-09-10 19:36:13.161571+00,2026-09-10 17:56:48.169274+00,2026-09-10 19:36:13.172374+00,2026-09-10 17:56:48.192926+00,1,1,1,1,3,164,11,24
1789076391.031107,2250006,public,daily_market,6,2026-09-10 18:14:00.82828+00,53635500,65419920,2026-09-10 21:39:51.019777+00,71507041,26817750,430,0,0,430,26824697,430,430,0,2026-09-10 19:36:21.896725+00,2026-09-10 17:53:30.461218+00,2026-09-10 19:36:22.185295+00,2026-09-10 17:53:31.195492+00,1,1,1,1,1254,8383,288,735
1789076391.031107,2250052,public,last_trade,2,2026-09-10 18:39:23.400642+00,41100,91149408,2026-09-10 21:39:51.019777+00,91149179,20550,907357,0,905134,2223,20550,3246,4343,0,2026-09-10 19:29:05.269132+00,2026-09-10 17:53:30.000417+00,2026-09-10 19:29:05.305716+00,2026-09-10 21:39:19.393766+00,1,1,1,117,3,12,36,9608
1789076391.031107,2250078,public,sector,225224,2026-09-10 21:39:51.019777+00,2702688,81020,2026-09-10 20:55:18.735157+00,81020,12,0,0,0,0,12,0,0,0,2026-09-10 19:24:23.444133+00,,2026-09-10 19:24:23.444255+00,,1,0,1,0,1,0,1,0
1789076391.031107,2250114,public,taxrate,241330,2026-09-10 21:39:51.019777+00,77225600,1326,2026-09-10 21:33:53.212891+00,750,320,9,0,6,3,320,3,9,0,2026-09-10 19:36:20.64208+00,,2026-09-10 19:36:20.642648+00,2026-09-10 17:53:30.277789+00,1,0,1,1,2,0,1,1
1789076391.031107,2249968,public,trade_request,228117,2026-09-10 21:39:51.019777+00,831966966,1088950,2026-09-10 21:39:50.918858+00,522279,188142,0,182183,0,0,4085,865,1691,848,2026-09-10 19:29:04.821787+00,2026-09-10 21:39:19.289503+00,2026-09-10 19:29:04.822356+00,2026-09-10 21:39:19.313107+00,1,118,1,118,1,3605,1,3312
1789076391.031107,2249881,public,watch_item,4,2026-09-10 18:39:23.873407+00,8946495,502560,2026-09-10 21:39:51.019777+00,16118,2982165,9,0,0,9,2982165,9,9,0,2026-09-10 19:29:05.082092+00,2026-09-10 17:53:21.313017+00,2026-09-10 19:29:05.26188+00,2026-09-10 17:53:21.810508+00,1,1,1,1,2,959,180,498
1789076391.031107,2249962,public,trade_history,3,2026-09-10 19:16:53.853864+00,3732502353,11603294,2026-09-10 21:39:51.019777+00,27797301,1245304939,0,0,0,0,1245295741,28910,1108578,1137488,2026-09-10 19:29:02.442332+00,2026-09-10 17:56:39.748253+00,2026-09-10 19:29:04.819007+00,2026-09-10 17:56:46.054213+00,1,1,1,1,277842,64922,2377,6306
1789076391.031107,2249938,public,trade,18,2026-09-10 19:24:22.633472+00,7257600000,14059972,2026-09-10 21:39:51.019777+00,9368611014,518869956,1487482,0,313123,470015,518854703,1179616,1818648,469956,2026-09-10 19:36:10.673673+00,2026-09-10 17:55:13.319747+00,2026-09-10 19:36:12.708234+00,2026-09-10 17:55:14.759594+00,1,1,1,1,313984,19670,2034,1440
1789076391.031107,2250109,public,status_type,3455602,2026-09-10 21:39:51.019777+00,10939216,1152,2026-09-10 20:54:55.224112+00,0,5,0,0,0,0,5,0,0,0,2026-09-10 19:24:23.446735+00,,2026-09-10 19:24:23.446839+00,,1,0,1,0,1,0,1,0
1789076391.031107,2249909,public,charge,469958,2026-09-10 21:39:51.019777+00,7049370,0,,0,15,0,0,0,0,15,0,0,0,2026-09-10 19:30:55.68781+00,,2026-09-10 19:30:55.688433+00,,1,0,1,0,1,0,1,0
1789076391.031107,2249988,public,company,5,2026-09-10 18:39:19.216232+00,75000,86404450,2026-09-10 21:39:51.019777+00,296277966,15000,10,0,0,10,15000,10,10,0,2026-09-10 19:36:13.092374+00,2026-09-10 17:53:21.882165+00,2026-09-10 19:36:13.156371+00,2026-09-10 17:53:21.992193+00,1,1,1,1,31,17,62,110
1789076391.031107,2250062,public,news_item,1,2026-09-10 18:13:01.013209+00,30000,1304449,2026-09-10 21:39:51.019777+00,1317506,30000,20,0,0,20,30000,20,20,0,2026-09-10 19:36:13.288793+00,2026-09-10 17:56:47.547667+00,2026-09-10 19:36:20.294012+00,2026-09-10 17:56:47.994666+00,1,1,1,1,16,1484,143,447
1789076391.031107,2249891,public,broker,227990,2026-09-10 21:39:51.019777+00,68397000,2028633,2026-09-10 21:39:51.019777+00,2027029,300,474645,0,474645,0,300,58,2193,0,2026-09-10 19:24:23.448703+00,2026-09-10 21:33:18.41204+00,2026-09-10 19:38:59.555359+00,2026-09-10 21:39:19.398251+00,1,16,2,120,2,63,3,650
1789076391.031107,2249886,public,watch_list,4,2026-09-10 18:39:19.55136+00,120000,502562,2026-09-10 21:39:51.019777+00,501718,30000,0,0,0,0,30000,0,0,0,2026-09-10 19:29:05.065201+00,2026-09-10 17:53:21.830081+00,2026-09-10 19:29:05.076514+00,2026-09-10 17:53:21.851946+00,1,1,1,1,12,10,12,22
1789076391.031107,2249917,public,commission_rate,3,2026-09-10 18:36:32.553549+00,720,1019333,2026-09-10 21:39:51.019777+00,1792295,240,0,0,0,0,240,0,0,0,2026-09-10 19:30:55.684574+00,,2026-09-10 19:30:55.685011+00,2026-09-10 17:53:21.85719+00,1,0,1,1,1,0,1,1
1789076391.031107,2249851,public,customer_taxrate,3,2026-09-10 18:39:19.221747+00,180000,77226955,2026-09-10 21:39:51.019777+00,9188,60000,10,0,0,10,60000,10,10,0,2026-09-10 19:36:20.607907+00,2026-09-10 17:53:20.297708+00,2026-09-10 19:36:20.638528+00,2026-09-10 17:53:20.350229+00,1,1,1,1,30,19,29,53
1789076391.031107,2249868,public,holding_history,8,2026-09-10 19:24:22.633472+00,2778954508,88789,2026-09-10 21:39:51.019777+00,198469,695510589,0,0,0,0,695338281,161742,610220,771962,2026-09-10 19:38:52.269828+00,2026-09-10 18:00:34.421363+00,2026-09-10 19:38:55.334914+00,2026-09-10 18:00:44.904449+00,1,3,1,3,149084,284220,3065,13235
1789076391.031107,2250046,public,industry,264201,2026-09-10 21:39:51.019777+00,26934357,2292655,2026-09-10 21:39:51.019777+00,2283963,102,0,0,0,0,102,0,0,0,2026-09-10 19:24:23.445694+00,,2026-09-10 19:24:23.445963+00,2026-09-10 17:53:29.973725+00,1,0,1,1,1,0,1,3
1789076391.031107,2250017,public,exchange,1535566,2026-09-10 21:39:51.019777+00,5165203,1536,2026-09-10 20:54:53.872757+00,1152,4,40,0,40,0,4,40,40,0,2026-09-10 19:30:55.68249+00,,2026-09-10 19:30:55.682645+00,,1,0,1,0,1,0,1,0
1789076391.031107,2249901,public,cash_transaction,2,2026-09-10 19:00:28.999306+00,953848714,9222793,2026-09-10 21:39:51.019777+00,9043620,477350675,583630,0,64891,518739,477401315,561024,1000590,426318,2026-09-10 19:30:52.298911+00,2026-09-10 17:59:35.711751+00,2026-09-10 19:30:55.445775+00,2026-09-10 18:00:57.043327+00,1,2,1,3,105990,228022,3126,22811
1789076391.031107,2249875,public,holding_summary,5,2026-09-10 18:36:33.052121+00,4476012,5493120,2026-09-10 21:39:51.019777+00,38120059,1494323,546338,2575,487529,58809,1492026,65905,2193,2319,2026-09-10 19:24:23.479998+00,2026-09-10 18:13:22.057298+00,2026-09-10 19:24:23.595668+00,2026-09-10 21:39:19.260364+00,1,1,1,4,30,365,113,4163
1789076391.031107,2249822,public,account_permission,2,2026-09-10 18:36:32.753413+00,425940,46933,2026-09-10 21:39:50.55153+00,46943,212970,11,0,0,11,212970,11,11,0,2026-09-10 19:29:04.927437+00,2026-09-10 17:53:19.299976+00,2026-09-10 19:29:05.05201+00,2026-09-10 17:53:19.497616+00,1,1,1,1,32,109,122,198
1789076391.031107,2249841,public,customer_account,4,2026-09-10 18:45:15.480553+00,600000,4024459,2026-09-10 21:39:51.019777+00,6741107,150000,427053,0,415290,11763,150000,13412,5794,0,2026-09-10 19:24:23.226634+00,2026-09-10 17:53:20.108136+00,2026-09-10 19:24:23.311106+00,2026-09-10 21:38:18.347861+00,1,1,1,24,12,77,84,9647
1789076391.031107,2250026,public,financial,2,2026-09-10 18:36:32.673292+00,600000,651457,2026-09-10 21:39:51.019777+00,13029102,300000,200,0,0,200,300000,200,200,0,2026-09-10 19:36:20.352757+00,2026-09-10 17:53:29.521608+00,2026-09-10 19:36:20.576514+00,2026-09-10 17:53:29.956687+00,1,1,1,1,57,322,207,435
1789076391.031107,2249830,public,customer,4,2026-09-10 18:39:19.245981+00,120000,2813725,2026-09-10 21:39:51.019777+00,2811004,30000,10,0,0,10,30000,10,10,0,2026-09-10 19:24:22.892301+00,2026-09-10 17:53:19.531775+00,2026-09-10 19:24:23.201268+00,2026-09-10 17:53:20.026228+00,1,1,1,1,59,26,305,495
1789076391.031107,2250121,public,zip_code,2,2026-09-10 18:36:32.586468+00,29482,1304408,2026-09-10 21:39:51.019777+00,1302870,14741,0,0,0,0,14741,0,0,0,2026-09-10 19:36:13.175189+00,2026-09-10 17:53:30.32548+00,2026-09-10 19:36:13.194698+00,2026-09-10 17:53:30.362036+00,1,1,1,1,1,41,20,31
1789076391.031107,2249929,public,settlement,2,2026-09-10 19:06:58.095243+00,1036800000,9784552,2026-09-10 21:39:51.019777+00,9784551,518865934,612360,0,113187,499173,518861677,566432,1065819,465934,2026-09-10 19:38:55.40099+00,2026-09-10 19:38:47.513759+00,2026-09-10 19:38:59.2827+00,2026-09-10 19:38:51.103174+00,1,2,1,2,66,1872326,3881,5015
1789076391.031107,2250000,public,company_competitor,4,2026-09-10 18:39:19.241779+00,180000,651437,2026-09-10 21:39:51.019777+00,0,45000,0,0,0,0,45000,0,0,0,2026-09-10 19:29:04.853693+00,2026-09-10 17:53:22.019369+00,2026-09-10 19:29:04.892815+00,2026-09-10 17:53:22.073157+00,1,1,1,1,32,17,36,54
1789076391.031107,2250104,public,address,2,2026-09-10 18:36:32.586468+00,90008,1304063,2026-09-10 21:39:51.019777+00,2931571,45004,11,0,0,11,45004,11,11,0,2026-09-10 19:36:13.198214+00,2026-09-10 17:53:30.143186+00,2026-09-10 19:36:13.272339+00,2026-09-10 17:53:30.265233+00,1,1,1,1,1,84,75,111
1789076391.031107,2249981,public,trade_type,5546951,2026-09-10 21:39:51.019777+00,19394057,3667,2026-09-10 20:55:34.986889+00,595,5,0,0,0,0,5,0,0,0,2026-09-10 19:30:55.686368+00,,2026-09-10 19:30:55.686494+00,,1,0,1,0,1,0,1,0
1789076391.031107,2250083,public,security,884117,2026-09-10 21:39:51.019777+00,18168604350,143562398,2026-09-10 21:39:51.019777+00,144324024,20550,10,0,0,10,20550,10,10,0,2026-09-10 19:24:23.322571+00,2026-09-10 17:56:48.546012+00,2026-09-10 19:24:23.441929+00,2026-09-10 17:56:48.782769+00,1,1,1,1,6,346,119,237
1789076450.196087,2249856,public,holding,3,2026-09-10 18:14:01.1438+00,53040828,1048573,2026-09-10 21:40:50.13771+00,12130767,26786447,206102,306777,68310,137792,26533910,434723,615846,266033,2026-09-10 19:36:12.75693+00,2026-09-10 18:14:29.263615+00,2026-09-10 19:36:13.060392+00,2026-09-10 18:14:29.882987+00,1,1,1,1,45,7564,301,620
1789076450.196087,2250073,public,news_xref,3,2026-09-10 18:36:32.591284+00,90000,658733,2026-09-10 21:40:50.13771+00,22,30000,0,0,0,0,30000,0,0,0,2026-09-10 19:36:13.161571+00,2026-09-10 17:56:48.169274+00,2026-09-10 19:36:13.172374+00,2026-09-10 17:56:48.192926+00,1,1,1,1,3,164,11,24
1789076450.196087,2250006,public,daily_market,6,2026-09-10 18:14:00.82828+00,53635500,65989768,2026-09-10 21:40:50.13771+00,72062942,26817750,430,0,0,430,26824697,430,430,0,2026-09-10 19:36:21.896725+00,2026-09-10 17:53:30.461218+00,2026-09-10 19:36:22.185295+00,2026-09-10 17:53:31.195492+00,1,1,1,1,1254,8383,288,735
1789076450.196087,2250052,public,last_trade,2,2026-09-10 18:39:23.400642+00,41100,91947785,2026-09-10 21:40:50.13771+00,91947556,20550,915598,0,913375,2223,20550,3409,4359,0,2026-09-10 19:29:05.269132+00,2026-09-10 17:53:30.000417+00,2026-09-10 19:29:05.305716+00,2026-09-10 21:40:18.088204+00,1,1,1,118,3,12,36,9698
1789076450.196087,2250078,public,sector,227235,2026-09-10 21:40:50.13771+00,2726820,81020,2026-09-10 20:55:18.735157+00,81020,12,0,0,0,0,12,0,0,0,2026-09-10 19:24:23.444133+00,,2026-09-10 19:24:23.444255+00,,1,0,1,0,1,0,1,0
1789076450.196087,2250114,public,taxrate,243361,2026-09-10 21:40:50.13771+00,77875520,1328,2026-09-10 21:39:53.258545+00,752,320,10,0,7,3,320,3,10,0,2026-09-10 19:36:20.64208+00,,2026-09-10 19:36:20.642648+00,2026-09-10 17:53:30.277789+00,1,0,1,1,2,0,1,1
1789076450.196087,2249968,public,trade_request,230128,2026-09-10 21:40:50.13771+00,840070007,1098886,2026-09-10 21:40:49.864658+00,527229,189755,0,183830,0,0,4036,861,1748,898,2026-09-10 19:29:04.821787+00,2026-09-10 21:40:17.961684+00,2026-09-10 19:29:04.822356+00,2026-09-10 21:40:17.994539+00,1,119,1,119,1,3637,1,3345
1789076450.196087,2249881,public,watch_item,4,2026-09-10 18:39:23.873407+00,8946495,506968,2026-09-10 21:40:50.13771+00,16299,2982165,9,0,0,9,2982165,9,9,0,2026-09-10 19:29:05.082092+00,2026-09-10 17:53:21.313017+00,2026-09-10 19:29:05.26188+00,2026-09-10 17:53:21.810508+00,1,1,1,1,2,959,180,498
1789076450.196087,2249962,public,trade_history,3,2026-09-10 19:16:53.853864+00,3732502353,11705714,2026-09-10 21:40:50.13771+00,28042864,1245315065,0,0,0,0,1245305612,29165,1118449,1147614,2026-09-10 19:29:02.442332+00,2026-09-10 17:56:39.748253+00,2026-09-10 19:29:04.819007+00,2026-09-10 17:56:46.054213+00,1,1,1,1,277842,64922,2377,6306
1789076450.196087,2249938,public,trade,18,2026-09-10 19:24:22.633472+00,7257600000,14184901,2026-09-10 21:40:50.13771+00,9450493752,518874092,1500810,0,316714,473397,518858792,1189486,1834980,474092,2026-09-10 19:36:10.673673+00,2026-09-10 17:55:13.319747+00,2026-09-10 19:36:12.708234+00,2026-09-10 17:55:14.759594+00,1,1,1,1,313984,19670,2034,1440
1789076450.196087,2250109,public,status_type,3486269,2026-09-10 21:40:50.13771+00,11035294,1152,2026-09-10 20:54:55.224112+00,0,5,0,0,0,0,5,0,0,0,2026-09-10 19:24:23.446735+00,,2026-09-10 19:24:23.446839+00,,1,0,1,0,1,0,1,0
1789076450.196087,2249909,public,charge,474094,2026-09-10 21:40:50.13771+00,7111410,0,,0,15,0,0,0,0,15,0,0,0,2026-09-10 19:30:55.68781+00,,2026-09-10 19:30:55.688433+00,,1,0,1,0,1,0,1,0
1789076450.196087,2249988,public,company,5,2026-09-10 18:39:19.216232+00,75000,87244892,2026-09-10 21:40:50.13771+00,298947994,15000,10,0,0,10,15000,10,10,0,2026-09-10 19:36:13.092374+00,2026-09-10 17:53:21.882165+00,2026-09-10 19:36:13.156371+00,2026-09-10 17:53:21.992193+00,1,1,1,1,31,17,62,110
1789076450.196087,2250062,public,news_item,1,2026-09-10 18:13:01.013209+00,30000,1315909,2026-09-10 21:40:50.13771+00,1328966,30000,20,0,0,20,30000,20,20,0,2026-09-10 19:36:13.288793+00,2026-09-10 17:56:47.547667+00,2026-09-10 19:36:20.294012+00,2026-09-10 17:56:47.994666+00,1,1,1,1,16,1484,143,447
1789076450.196087,2249891,public,broker,230001,2026-09-10 21:40:50.13771+00,69000300,2046473,2026-09-10 21:40:50.13771+00,2044861,300,478958,0,478958,0,300,74,2193,0,2026-09-10 19:24:23.448703+00,2026-09-10 21:33:18.41204+00,2026-09-10 19:38:59.555359+00,2026-09-10 21:40:18.095186+00,1,16,2,121,2,63,3,655
1789076450.196087,2249886,public,watch_list,4,2026-09-10 18:39:19.55136+00,120000,506970,2026-09-10 21:40:50.13771+00,506126,30000,0,0,0,0,30000,0,0,0,2026-09-10 19:29:05.065201+00,2026-09-10 17:53:21.830081+00,2026-09-10 19:29:05.076514+00,2026-09-10 17:53:21.851946+00,1,1,1,1,12,10,12,22
1789076450.196087,2249917,public,commission_rate,3,2026-09-10 18:36:32.553549+00,720,1028390,2026-09-10 21:40:50.13771+00,1808395,240,0,0,0,0,240,0,0,0,2026-09-10 19:30:55.684574+00,,2026-09-10 19:30:55.685011+00,2026-09-10 17:53:21.85719+00,1,0,1,1,1,0,1,1
1789076450.196087,2249851,public,customer_taxrate,3,2026-09-10 18:39:19.221747+00,180000,77876875,2026-09-10 21:40:50.13771+00,9337,60000,10,0,0,10,60000,10,10,0,2026-09-10 19:36:20.607907+00,2026-09-10 17:53:20.297708+00,2026-09-10 19:36:20.638528+00,2026-09-10 17:53:20.350229+00,1,1,1,1,30,19,29,53
1789076450.196087,2249868,public,holding_history,8,2026-09-10 19:24:22.633472+00,2778954508,89546,2026-09-10 21:40:50.13771+00,200182,695517542,0,0,0,0,695343907,163069,615846,778915,2026-09-10 19:38:52.269828+00,2026-09-10 18:00:34.421363+00,2026-09-10 19:38:55.334914+00,2026-09-10 18:00:44.904449+00,1,3,1,3,149084,284220,3065,13235
1789076450.196087,2250046,public,industry,266578,2026-09-10 21:40:50.13771+00,27176811,2309893,2026-09-10 21:40:50.13771+00,2301153,102,0,0,0,0,102,0,0,0,2026-09-10 19:24:23.445694+00,,2026-09-10 19:24:23.445963+00,2026-09-10 17:53:29.973725+00,1,0,1,1,1,0,1,3
1789076450.196087,2250017,public,exchange,1549009,2026-09-10 21:40:50.13771+00,5210433,1536,2026-09-10 20:54:53.872757+00,1152,4,40,0,40,0,4,40,40,0,2026-09-10 19:30:55.68249+00,,2026-09-10 19:30:55.682645+00,,1,0,1,0,1,0,1,0
1789076450.196087,2249901,public,cash_transaction,2,2026-09-10 19:00:28.999306+00,953848714,9303861,2026-09-10 21:40:50.13771+00,9123093,477354511,588658,0,65840,522818,477405091,565496,1009394,430154,2026-09-10 19:30:52.298911+00,2026-09-10 17:59:35.711751+00,2026-09-10 19:30:55.445775+00,2026-09-10 18:00:57.043327+00,1,2,1,3,105990,228022,3126,22811
1789076450.196087,2249875,public,holding_summary,5,2026-09-10 18:36:33.052121+00,4476012,5541747,2026-09-10 21:40:50.13771+00,38457371,1494340,551242,2587,492191,59051,1492028,66113,6328,2336,2026-09-10 19:24:23.479998+00,2026-09-10 18:13:22.057298+00,2026-09-10 19:24:23.595668+00,2026-09-10 21:39:19.260364+00,1,1,1,4,30,365,113,4163
1789076450.196087,2249822,public,account_permission,2,2026-09-10 18:36:32.753413+00,425940,47314,2026-09-10 21:40:50.13771+00,47324,212970,11,0,0,11,212970,11,11,0,2026-09-10 19:29:04.927437+00,2026-09-10 17:53:19.299976+00,2026-09-10 19:29:05.05201+00,2026-09-10 17:53:19.497616+00,1,1,1,1,32,109,122,198
1789076450.196087,2249841,public,customer_account,4,2026-09-10 18:45:15.480553+00,600000,4060066,2026-09-10 21:40:50.13771+00,6800690,150000,430892,0,419105,11787,150000,13497,9570,0,2026-09-10 19:24:23.226634+00,2026-09-10 17:53:20.108136+00,2026-09-10 19:24:23.311106+00,2026-09-10 21:38:18.347861+00,1,1,1,24,12,77,84,9647
1789076450.196087,2250026,public,financial,2,2026-09-10 18:36:32.673292+00,600000,657187,2026-09-10 21:40:50.13771+00,13143702,300000,200,0,0,200,300000,200,200,0,2026-09-10 19:36:20.352757+00,2026-09-10 17:53:29.521608+00,2026-09-10 19:36:20.576514+00,2026-09-10 17:53:29.956687+00,1,1,1,1,57,322,207,435
1789076450.196087,2249830,public,customer,4,2026-09-10 18:39:19.245981+00,120000,2838476,2026-09-10 21:40:50.13771+00,2835755,30000,10,0,0,10,30000,10,10,0,2026-09-10 19:24:22.892301+00,2026-09-10 17:53:19.531775+00,2026-09-10 19:24:23.201268+00,2026-09-10 17:53:20.026228+00,1,1,1,1,59,26,305,495
1789076450.196087,2250121,public,zip_code,2,2026-09-10 18:36:32.586468+00,29482,1315868,2026-09-10 21:40:50.13771+00,1314330,14741,0,0,0,0,14741,0,0,0,2026-09-10 19:36:13.175189+00,2026-09-10 17:53:30.32548+00,2026-09-10 19:36:13.194698+00,2026-09-10 17:53:30.362036+00,1,1,1,1,1,41,20,31
1789076450.196087,2249929,public,settlement,2,2026-09-10 19:06:58.095243+00,1036800000,9871552,2026-09-10 21:40:50.13771+00,9871551,518870159,618100,0,114719,503381,518865812,571295,1075694,470159,2026-09-10 19:38:55.40099+00,2026-09-10 19:38:47.513759+00,2026-09-10 19:38:59.2827+00,2026-09-10 19:38:51.103174+00,1,2,1,2,66,1872326,3881,5015
1789076450.196087,2250000,public,company_competitor,4,2026-09-10 18:39:19.241779+00,180000,657167,2026-09-10 21:40:50.13771+00,0,45000,0,0,0,0,45000,0,0,0,2026-09-10 19:29:04.853693+00,2026-09-10 17:53:22.019369+00,2026-09-10 19:29:04.892815+00,2026-09-10 17:53:22.073157+00,1,1,1,1,32,17,36,54
1789076450.196087,2250104,public,address,2,2026-09-10 18:36:32.586468+00,90008,1315523,2026-09-10 21:40:50.13771+00,2957409,45004,11,0,0,11,45004,11,11,0,2026-09-10 19:36:13.198214+00,2026-09-10 17:53:30.143186+00,2026-09-10 19:36:13.272339+00,2026-09-10 17:53:30.265233+00,1,1,1,1,1,84,75,111
1789076450.196087,2249981,public,trade_type,5595527,2026-09-10 21:40:50.13771+00,19563996,3667,2026-09-10 20:55:34.986889+00,595,5,0,0,0,0,5,0,0,0,2026-09-10 19:30:55.686368+00,,2026-09-10 19:30:55.686494+00,,1,0,1,0,1,0,1,0
1789076450.196087,2250083,public,security,891830,2026-09-10 21:40:50.13771+00,18327106500,144900044,2026-09-10 21:40:50.13771+00,145668293,20550,10,0,0,10,20550,10,10,0,2026-09-10 19:24:23.322571+00,2026-09-10 17:56:48.546012+00,2026-09-10 19:24:23.441929+00,2026-09-10 17:56:48.782769+00,1,1,1,1,6,346,119,237
1789076510.266604,2249856,public,holding,3,2026-09-10 18:14:01.1438+00,53040828,1057799,2026-09-10 21:41:50.171703+00,12235815,26788767,207950,309440,69348,138602,26534041,438276,621281,268353,2026-09-10 19:36:12.75693+00,2026-09-10 18:14:29.263615+00,2026-09-10 19:36:13.060392+00,2026-09-10 18:14:29.882987+00,1,1,1,1,45,7564,301,620
1789076510.266604,2250073,public,news_xref,3,2026-09-10 18:36:32.591284+00,90000,664497,2026-09-10 21:41:50.277472+00,22,30000,0,0,0,0,30000,0,0,0,2026-09-10 19:36:13.161571+00,2026-09-10 17:56:48.169274+00,2026-09-10 19:36:13.172374+00,2026-09-10 17:56:48.192926+00,1,1,1,1,3,164,11,24
1789076510.266604,2250006,public,daily_market,6,2026-09-10 18:14:00.82828+00,53635500,66574755,2026-09-10 21:41:50.277472+00,72633799,26817750,430,0,0,430,26824697,430,430,0,2026-09-10 19:36:21.896725+00,2026-09-10 17:53:30.461218+00,2026-09-10 19:36:22.185295+00,2026-09-10 17:53:31.195492+00,1,1,1,1,1254,8383,288,735
1789076510.266604,2250052,public,last_trade,2,2026-09-10 18:39:23.400642+00,41100,92763559,2026-09-10 21:41:50.277472+00,92763330,20550,923718,0,921495,2223,20550,3499,4472,0,2026-09-10 19:29:05.269132+00,2026-09-10 17:53:30.000417+00,2026-09-10 19:29:05.305716+00,2026-09-10 21:41:18.081785+00,1,1,1,119,3,12,36,9784
1789076510.266604,2250078,public,sector,229239,2026-09-10 21:41:50.171703+00,2750868,81020,2026-09-10 20:55:18.735157+00,81020,12,0,0,0,0,12,0,0,0,2026-09-10 19:24:23.444133+00,,2026-09-10 19:24:23.444255+00,,1,0,1,0,1,0,1,0
1789076510.266604,2250114,public,taxrate,245546,2026-09-10 21:41:50.171703+00,78574720,1328,2026-09-10 21:39:53.258545+00,752,320,10,0,7,3,320,3,10,0,2026-09-10 19:36:20.64208+00,,2026-09-10 19:36:20.642648+00,2026-09-10 17:53:30.277789+00,1,0,1,1,2,0,1,1
1789076510.266604,2249968,public,trade_request,232132,2026-09-10 21:41:50.171703+00,848223969,1108650,2026-09-10 21:41:49.689328+00,531967,191381,0,185420,0,0,4030,924,1772,877,2026-09-10 19:29:04.821787+00,2026-09-10 21:41:17.963345+00,2026-09-10 19:29:04.822356+00,2026-09-10 21:41:17.993914+00,1,120,1,120,1,3667,1,3376
1789076510.266604,2249881,public,watch_item,4,2026-09-10 18:39:23.873407+00,8946495,511478,2026-09-10 21:41:50.277472+00,16438,2982165,10,0,0,10,2982165,10,10,0,2026-09-10 19:29:05.082092+00,2026-09-10 17:53:21.313017+00,2026-09-10 19:29:05.26188+00,2026-09-10 17:53:21.810508+00,1,1,1,1,2,959,180,498
1789076510.266604,2249962,public,trade_history,3,2026-09-10 19:16:53.853864+00,3732502353,11808414,2026-09-10 21:41:50.277472+00,28288929,1245325043,0,0,0,0,1245315346,29409,1128183,1157592,2026-09-10 19:29:02.442332+00,2026-09-10 17:56:39.748253+00,2026-09-10 19:29:04.819007+00,2026-09-10 17:56:46.054213+00,1,1,1,1,277842,64922,2377,6306
1789076510.266604,2249938,public,trade,18,2026-09-10 19:24:22.633472+00,7257600000,14308868,2026-09-10 21:41:50.277472+00,9533246702,518878232,1513995,0,320337,476653,518862885,1199089,1851052,478232,2026-09-10 19:36:10.673673+00,2026-09-10 17:55:13.319747+00,2026-09-10 19:36:12.708234+00,2026-09-10 17:55:14.759594+00,1,1,1,1,313984,19670,2034,1440
1789076510.266604,2250109,public,status_type,3516678,2026-09-10 21:41:50.277472+00,11131163,1152,2026-09-10 20:54:55.224112+00,0,5,0,0,0,0,5,0,0,0,2026-09-10 19:24:23.446735+00,,2026-09-10 19:24:23.446839+00,,1,0,1,0,1,0,1,0
1789076510.266604,2249909,public,charge,478234,2026-09-10 21:41:50.277472+00,7173510,0,,0,15,0,0,0,0,15,0,0,0,2026-09-10 19:30:55.68781+00,,2026-09-10 19:30:55.688433+00,,1,0,1,0,1,0,1,0
1789076510.266604,2249988,public,company,5,2026-09-10 18:39:19.216232+00,75000,88092660,2026-09-10 21:41:50.277472+00,301600347,15000,10,0,0,10,15000,10,10,0,2026-09-10 19:36:13.092374+00,2026-09-10 17:53:21.882165+00,2026-09-10 19:36:13.156371+00,2026-09-10 17:53:21.992193+00,1,1,1,1,31,17,62,110
1789076510.266604,2250062,public,news_item,1,2026-09-10 18:13:01.013209+00,30000,1327437,2026-09-10 21:41:50.277472+00,1340494,30000,20,0,0,20,30000,20,20,0,2026-09-10 19:36:13.288793+00,2026-09-10 17:56:47.547667+00,2026-09-10 19:36:20.294012+00,2026-09-10 17:56:47.994666+00,1,1,1,1,16,1484,143,447
1789076510.266604,2249891,public,broker,232005,2026-09-10 21:41:50.171703+00,69601500,2064381,2026-09-10 21:41:50.277472+00,2062750,300,483175,0,483175,0,300,65,2226,0,2026-09-10 19:24:23.448703+00,2026-09-10 21:33:18.41204+00,2026-09-10 19:38:59.555359+00,2026-09-10 21:41:18.08658+00,1,16,2,122,2,63,3,659
1789076510.266604,2249886,public,watch_list,4,2026-09-10 18:39:19.55136+00,120000,511480,2026-09-10 21:41:50.277472+00,510628,30000,0,0,0,0,30000,0,0,0,2026-09-10 19:29:05.065201+00,2026-09-10 17:53:21.830081+00,2026-09-10 19:29:05.076514+00,2026-09-10 17:53:21.851946+00,1,1,1,1,12,10,12,22
1789076510.266604,2249917,public,commission_rate,3,2026-09-10 18:36:32.553549+00,720,1037432,2026-09-10 21:41:50.277472+00,1824418,240,0,0,0,0,240,0,0,0,2026-09-10 19:30:55.684574+00,,2026-09-10 19:30:55.685011+00,2026-09-10 17:53:21.85719+00,1,0,1,1,1,0,1,1
1789076510.266604,2249851,public,customer_taxrate,3,2026-09-10 18:39:19.221747+00,180000,78576075,2026-09-10 21:41:50.171703+00,9475,60000,10,0,0,10,60000,10,10,0,2026-09-10 19:36:20.607907+00,2026-09-10 17:53:20.297708+00,2026-09-10 19:36:20.638528+00,2026-09-10 17:53:20.350229+00,1,1,1,1,30,19,29,53
1789076510.266604,2249868,public,holding_history,8,2026-09-10 19:24:22.633472+00,2778954508,90276,2026-09-10 21:41:50.148838+00,201861,695524373,0,0,0,0,695349342,164465,621281,785746,2026-09-10 19:38:52.269828+00,2026-09-10 18:00:34.421363+00,2026-09-10 19:38:55.334914+00,2026-09-10 18:00:44.904449+00,1,3,1,3,149084,284220,3065,13235
1789076510.266604,2250046,public,industry,268943,2026-09-10 21:41:50.171703+00,27418041,2327239,2026-09-10 21:41:50.277472+00,2318445,102,0,0,0,0,102,0,0,0,2026-09-10 19:24:23.445694+00,,2026-09-10 19:24:23.445963+00,2026-09-10 17:53:29.973725+00,1,0,1,1,1,0,1,3
1789076510.266604,2250017,public,exchange,1562617,2026-09-10 21:41:50.277472+00,5256184,1536,2026-09-10 20:54:53.872757+00,1152,4,40,0,40,0,4,40,40,0,2026-09-10 19:30:55.68249+00,,2026-09-10 19:30:55.682645+00,,1,0,1,0,1,0,1,0
1789076510.266604,2249901,public,cash_transaction,2,2026-09-10 19:00:28.999306+00,953848714,9386179,2026-09-10 21:41:50.277472+00,9203755,477358297,593742,0,66820,526922,477408825,569959,1018212,433940,2026-09-10 19:30:52.298911+00,2026-09-10 17:59:35.711751+00,2026-09-10 19:30:55.445775+00,2026-09-10 18:00:57.043327+00,1,2,1,3,105990,228022,3126,22811
1789076510.266604,2249875,public,holding_summary,5,2026-09-10 18:36:33.052121+00,4476012,5590606,2026-09-10 21:41:50.277472+00,38798261,1494364,556102,2613,496771,59331,1492032,66342,10379,2360,2026-09-10 19:24:23.479998+00,2026-09-10 18:13:22.057298+00,2026-09-10 19:24:23.595668+00,2026-09-10 21:39:19.260364+00,1,1,1,4,30,365,113,4163
1789076510.266604,2249822,public,account_permission,2,2026-09-10 18:36:32.753413+00,425940,47759,2026-09-10 21:41:50.277472+00,47769,212970,11,0,0,11,212970,11,11,0,2026-09-10 19:29:04.927437+00,2026-09-10 17:53:19.299976+00,2026-09-10 19:29:05.05201+00,2026-09-10 17:53:19.497616+00,1,1,1,1,32,109,122,198
1789076510.266604,2249841,public,customer_account,4,2026-09-10 18:45:15.480553+00,600000,4095699,2026-09-10 21:41:50.277472+00,6860608,150000,434688,0,422879,11809,150000,13547,13304,0,2026-09-10 19:24:23.226634+00,2026-09-10 17:53:20.108136+00,2026-09-10 19:24:23.311106+00,2026-09-10 21:38:18.347861+00,1,1,1,24,12,77,84,9647
1789076510.266604,2250026,public,financial,2,2026-09-10 18:36:32.673292+00,600000,662951,2026-09-10 21:41:50.277472+00,13258982,300000,200,0,0,200,300000,200,200,0,2026-09-10 19:36:20.352757+00,2026-09-10 17:53:29.521608+00,2026-09-10 19:36:20.576514+00,2026-09-10 17:53:29.956687+00,1,1,1,1,57,322,207,435
1789076510.266604,2249830,public,customer,4,2026-09-10 18:39:19.245981+00,120000,2863381,2026-09-10 21:41:50.277472+00,2860660,30000,10,0,0,10,30000,10,10,0,2026-09-10 19:24:22.892301+00,2026-09-10 17:53:19.531775+00,2026-09-10 19:24:23.201268+00,2026-09-10 17:53:20.026228+00,1,1,1,1,59,26,305,495
1789076510.266604,2250121,public,zip_code,2,2026-09-10 18:36:32.586468+00,29482,1327396,2026-09-10 21:41:50.277472+00,1325858,14741,0,0,0,0,14741,0,0,0,2026-09-10 19:36:13.175189+00,2026-09-10 17:53:30.32548+00,2026-09-10 19:36:13.194698+00,2026-09-10 17:53:30.362036+00,1,1,1,1,1,41,20,31
1789076510.266604,2249929,public,settlement,2,2026-09-10 19:06:58.095243+00,1036800000,9958652,2026-09-10 21:41:50.277472+00,9958651,518874297,623300,0,116086,507214,518869863,575608,1084945,474297,2026-09-10 19:38:55.40099+00,2026-09-10 19:38:47.513759+00,2026-09-10 19:38:59.2827+00,2026-09-10 19:38:51.103174+00,1,2,1,2,66,1872326,3881,5015
1789076510.266604,2250000,public,company_competitor,4,2026-09-10 18:39:19.241779+00,180000,662931,2026-09-10 21:41:50.277472+00,0,45000,0,0,0,0,45000,0,0,0,2026-09-10 19:29:04.853693+00,2026-09-10 17:53:22.019369+00,2026-09-10 19:29:04.892815+00,2026-09-10 17:53:22.073157+00,1,1,1,1,32,17,36,54
1789076510.266604,2250104,public,address,2,2026-09-10 18:36:32.586468+00,90008,1327051,2026-09-10 21:41:50.277472+00,2983312,45004,11,0,0,11,45004,11,11,0,2026-09-10 19:36:13.198214+00,2026-09-10 17:53:30.143186+00,2026-09-10 19:36:13.272339+00,2026-09-10 17:53:30.265233+00,1,1,1,1,1,84,75,111
1789076510.266604,2249981,public,trade_type,5645062,2026-09-10 21:41:50.277472+00,19736531,3667,2026-09-10 20:55:34.986889+00,595,5,0,0,0,0,5,0,0,0,2026-09-10 19:30:55.686368+00,,2026-09-10 19:30:55.686494+00,,1,0,1,0,1,0,1,0
1789076510.266604,2250083,public,security,899674,2026-09-10 21:41:50.277472+00,18488300700,146259464,2026-09-10 21:41:50.277472+00,147034475,20550,10,0,0,10,20550,10,10,0,2026-09-10 19:24:23.322571+00,2026-09-10 17:56:48.546012+00,2026-09-10 19:24:23.441929+00,2026-09-10 17:56:48.782769+00,1,1,1,1,6,346,119,237
1789076570.347143,2249856,public,holding,3,2026-09-10 18:14:01.1438+00,53040828,1067237,2026-09-10 21:42:50.365868+00,12343181,26791112,209788,312270,70364,139424,26534145,441807,626710,270698,2026-09-10 19:36:12.75693+00,2026-09-10 18:14:29.263615+00,2026-09-10 19:36:13.060392+00,2026-09-10 18:14:29.882987+00,1,1,1,1,45,7564,301,620
1789076570.347143,2250073,public,news_xref,3,2026-09-10 18:36:32.591284+00,90000,670129,2026-09-10 21:42:50.365868+00,22,30000,0,0,0,0,30000,0,0,0,2026-09-10 19:36:13.161571+00,2026-09-10 17:56:48.169274+00,2026-09-10 19:36:13.172374+00,2026-09-10 17:56:48.192926+00,1,1,1,1,3,164,11,24
1789076570.347143,2250006,public,daily_market,6,2026-09-10 18:14:00.82828+00,53635500,67143509,2026-09-10 21:42:50.365868+00,73188751,26817750,430,0,0,430,26824697,430,430,0,2026-09-10 19:36:21.896725+00,2026-09-10 17:53:30.461218+00,2026-09-10 19:36:22.185295+00,2026-09-10 17:53:31.195492+00,1,1,1,1,1254,8383,288,735
1789076570.347143,2250052,public,last_trade,2,2026-09-10 18:39:23.400642+00,41100,93556288,2026-09-10 21:42:50.365868+00,93556059,20550,931760,0,929533,2227,20550,3382,4318,0,2026-09-10 19:29:05.269132+00,2026-09-10 17:53:30.000417+00,2026-09-10 19:29:05.305716+00,2026-09-10 21:42:18.082812+00,1,1,1,120,3,12,36,9860
1789076570.347143,2250078,public,sector,231201,2026-09-10 21:42:50.246905+00,2774412,81020,2026-09-10 20:55:18.735157+00,81020,12,0,0,0,0,12,0,0,0,2026-09-10 19:24:23.444133+00,,2026-09-10 19:24:23.444255+00,,1,0,1,0,1,0,1,0
1789076570.347143,2250114,public,taxrate,247753,2026-09-10 21:42:50.337376+00,79280960,1328,2026-09-10 21:39:53.258545+00,752,320,10,0,7,3,320,3,10,0,2026-09-10 19:36:20.64208+00,,2026-09-10 19:36:20.642648+00,2026-09-10 17:53:30.277789+00,1,0,1,1,2,0,1,1
1789076570.347143,2249968,public,trade_request,234094,2026-09-10 21:42:50.246905+00,856196758,1118387,2026-09-10 21:42:50.214619+00,536820,193088,0,187065,0,0,4107,889,1788,934,2026-09-10 19:29:04.821787+00,2026-09-10 21:42:17.967551+00,2026-09-10 19:29:04.822356+00,2026-09-10 21:42:18.004566+00,1,121,1,121,1,3695,1,3413
1789076570.347143,2249881,public,watch_item,4,2026-09-10 18:39:23.873407+00,8946495,515885,2026-09-10 21:42:50.365868+00,16524,2982165,10,0,0,10,2982165,10,10,0,2026-09-10 19:29:05.082092+00,2026-09-10 17:53:21.313017+00,2026-09-10 19:29:05.26188+00,2026-09-10 17:53:21.810508+00,1,1,1,1,2,959,180,498
1789076570.347143,2249962,public,trade_history,3,2026-09-10 19:16:53.853864+00,3732502353,11908674,2026-09-10 21:42:50.365868+00,28529380,1245335068,0,0,0,0,1245325093,29687,1137930,1167617,2026-09-10 19:29:02.442332+00,2026-09-10 17:56:39.748253+00,2026-09-10 19:29:04.819007+00,2026-09-10 17:56:46.054213+00,1,1,1,1,277842,64922,2377,6306
1789076570.347143,2249938,public,trade,18,2026-09-10 19:24:22.633472+00,7257600000,14432900,2026-09-10 21:42:50.365868+00,9613685171,518882346,1527248,0,323893,479970,518866949,1208859,1867078,482346,2026-09-10 19:36:10.673673+00,2026-09-10 17:55:13.319747+00,2026-09-10 19:36:12.708234+00,2026-09-10 17:55:14.759594+00,1,1,1,1,313984,19670,2034,1440
1789076570.347143,2250109,public,status_type,3547014,2026-09-10 21:42:50.365868+00,11226484,1152,2026-09-10 20:54:55.224112+00,0,5,0,0,0,0,5,0,0,0,2026-09-10 19:24:23.446735+00,,2026-09-10 19:24:23.446839+00,,1,0,1,0,1,0,1,0
1789076570.347143,2249909,public,charge,482348,2026-09-10 21:42:50.365868+00,7235220,0,,0,15,0,0,0,0,15,0,0,0,2026-09-10 19:30:55.68781+00,,2026-09-10 19:30:55.688433+00,,1,0,1,0,1,0,1,0
1789076570.347143,2249988,public,company,5,2026-09-10 18:39:19.216232+00,75000,88924164,2026-09-10 21:42:50.365868+00,304141459,15000,10,0,0,10,15000,10,10,0,2026-09-10 19:36:13.092374+00,2026-09-10 17:53:21.882165+00,2026-09-10 19:36:13.156371+00,2026-09-10 17:53:21.992193+00,1,1,1,1,31,17,62,110
1789076570.347143,2250062,public,news_item,1,2026-09-10 18:13:01.013209+00,30000,1338701,2026-09-10 21:42:50.365868+00,1351758,30000,20,0,0,20,30000,20,20,0,2026-09-10 19:36:13.288793+00,2026-09-10 17:56:47.547667+00,2026-09-10 19:36:20.294012+00,2026-09-10 17:56:47.994666+00,1,1,1,1,16,1484,143,447
1789076570.347143,2249891,public,broker,233967,2026-09-10 21:42:50.246905+00,70190100,2082134,2026-09-10 21:42:50.365868+00,2080494,300,487414,0,487414,0,300,55,2176,0,2026-09-10 19:24:23.448703+00,2026-09-10 21:33:18.41204+00,2026-09-10 19:38:59.555359+00,2026-09-10 21:42:18.090423+00,1,16,2,123,2,63,3,664
1789076570.347143,2249886,public,watch_list,4,2026-09-10 18:39:19.55136+00,120000,515887,2026-09-10 21:42:50.365868+00,515035,30000,0,0,0,0,30000,0,0,0,2026-09-10 19:29:05.065201+00,2026-09-10 17:53:21.830081+00,2026-09-10 19:29:05.076514+00,2026-09-10 17:53:21.851946+00,1,1,1,1,12,10,12,22
1789076570.347143,2249917,public,commission_rate,3,2026-09-10 18:36:32.553549+00,720,1046499,2026-09-10 21:42:50.365868+00,1840373,240,0,0,0,0,240,0,0,0,2026-09-10 19:30:55.684574+00,,2026-09-10 19:30:55.685011+00,2026-09-10 17:53:21.85719+00,1,0,1,1,1,0,1,1
1789076570.347143,2249851,public,customer_taxrate,3,2026-09-10 18:39:19.221747+00,180000,79282315,2026-09-10 21:42:50.337376+00,9643,60000,10,0,0,10,60000,10,10,0,2026-09-10 19:36:20.607907+00,2026-09-10 17:53:20.297708+00,2026-09-10 19:36:20.638528+00,2026-09-10 17:53:20.350229+00,1,1,1,1,30,19,29,53
1789076570.347143,2249868,public,holding_history,8,2026-09-10 19:24:22.633472+00,2778954508,91076,2026-09-10 21:42:50.337376+00,203655,695531386,0,0,0,0,695354771,166049,626710,792759,2026-09-10 19:38:52.269828+00,2026-09-10 18:00:34.421363+00,2026-09-10 19:38:55.334914+00,2026-09-10 18:00:44.904449+00,1,3,1,3,149084,284220,3065,13235
1789076570.347143,2250046,public,industry,271247,2026-09-10 21:42:50.337376+00,27653049,2344185,2026-09-10 21:42:50.365868+00,2335341,102,0,0,0,0,102,0,0,0,2026-09-10 19:24:23.445694+00,,2026-09-10 19:24:23.445963+00,2026-09-10 17:53:29.973725+00,1,0,1,1,1,0,1,3
1789076570.347143,2250017,public,exchange,1575875,2026-09-10 21:42:50.365868+00,5300598,1536,2026-09-10 20:54:53.872757+00,1152,4,40,0,40,0,4,40,40,0,2026-09-10 19:30:55.68249+00,,2026-09-10 19:30:55.682645+00,,1,0,1,0,1,0,1,0
1789076570.347143,2249901,public,cash_transaction,2,2026-09-10 19:00:28.999306+00,953848714,9465337,2026-09-10 21:42:50.365868+00,9281355,477362095,598536,0,67718,530818,477412548,574247,1026729,437738,2026-09-10 19:30:52.298911+00,2026-09-10 17:59:35.711751+00,2026-09-10 19:30:55.445775+00,2026-09-10 18:00:57.043327+00,1,2,1,3,105990,228022,3126,22811
1789076570.347143,2249875,public,holding_summary,5,2026-09-10 18:36:33.052121+00,4476012,5638632,2026-09-10 21:42:50.365868+00,39130247,1494382,561032,2638,501340,59692,1492034,66670,14417,2378,2026-09-10 19:24:23.479998+00,2026-09-10 18:13:22.057298+00,2026-09-10 19:24:23.595668+00,2026-09-10 21:39:19.260364+00,1,1,1,4,30,365,113,4163
1789076570.347143,2249822,public,account_permission,2,2026-09-10 18:36:32.753413+00,425940,48207,2026-09-10 21:42:50.365868+00,48219,212970,12,0,0,12,212970,12,12,0,2026-09-10 19:29:04.927437+00,2026-09-10 17:53:19.299976+00,2026-09-10 19:29:05.05201+00,2026-09-10 17:53:19.497616+00,1,1,1,1,32,109,122,198
1789076570.347143,2249841,public,customer_account,4,2026-09-10 18:45:15.480553+00,600000,4131016,2026-09-10 21:42:50.365868+00,6919446,150000,438494,0,426652,11842,150000,13559,17027,0,2026-09-10 19:24:23.226634+00,2026-09-10 17:53:20.108136+00,2026-09-10 19:24:23.311106+00,2026-09-10 21:38:18.347861+00,1,1,1,24,12,77,84,9647
1789076570.347143,2250026,public,financial,2,2026-09-10 18:36:32.673292+00,600000,668583,2026-09-10 21:42:50.365868+00,13371622,300000,200,0,0,200,300000,200,200,0,2026-09-10 19:36:20.352757+00,2026-09-10 17:53:29.521608+00,2026-09-10 19:36:20.576514+00,2026-09-10 17:53:29.956687+00,1,1,1,1,57,322,207,435
1789076570.347143,2249830,public,customer,4,2026-09-10 18:39:19.245981+00,120000,2887983,2026-09-10 21:42:50.365868+00,2885262,30000,10,0,0,10,30000,10,10,0,2026-09-10 19:24:22.892301+00,2026-09-10 17:53:19.531775+00,2026-09-10 19:24:23.201268+00,2026-09-10 17:53:20.026228+00,1,1,1,1,59,26,305,495
1789076570.347143,2250121,public,zip_code,2,2026-09-10 18:36:32.586468+00,29482,1338660,2026-09-10 21:42:50.365868+00,1337122,14741,0,0,0,0,14741,0,0,0,2026-09-10 19:36:13.175189+00,2026-09-10 17:53:30.32548+00,2026-09-10 19:36:13.194698+00,2026-09-10 17:53:30.362036+00,1,1,1,1,1,41,20,31
1789076570.347143,2249929,public,settlement,2,2026-09-10 19:06:58.095243+00,1036800000,10044272,2026-09-10 21:42:50.365868+00,10044271,518878446,629180,0,117617,511563,518873901,580663,1094863,478446,2026-09-10 19:38:55.40099+00,2026-09-10 19:38:47.513759+00,2026-09-10 19:38:59.2827+00,2026-09-10 19:38:51.103174+00,1,2,1,2,66,1872326,3881,5015
1789076570.347143,2250000,public,company_competitor,4,2026-09-10 18:39:19.241779+00,180000,668563,2026-09-10 21:42:50.365868+00,0,45000,0,0,0,0,45000,0,0,0,2026-09-10 19:29:04.853693+00,2026-09-10 17:53:22.019369+00,2026-09-10 19:29:04.892815+00,2026-09-10 17:53:22.073157+00,1,1,1,1,32,17,36,54
1789076570.347143,2250104,public,address,2,2026-09-10 18:36:32.586468+00,90008,1338315,2026-09-10 21:42:50.365868+00,3008486,45004,11,0,0,11,45004,11,11,0,2026-09-10 19:36:13.198214+00,2026-09-10 17:53:30.143186+00,2026-09-10 19:36:13.272339+00,2026-09-10 17:53:30.265233+00,1,1,1,1,1,84,75,111
1789076570.347143,2249981,public,trade_type,5693825,2026-09-10 21:42:50.365868+00,19906971,3667,2026-09-10 20:55:34.986889+00,595,5,0,0,0,0,5,0,0,0,2026-09-10 19:30:55.686368+00,,2026-09-10 19:30:55.686494+00,,1,0,1,0,1,0,1,0
1789076570.347143,2250083,public,security,907300,2026-09-10 21:42:50.365868+00,18645015000,147586113,2026-09-10 21:42:50.365868+00,148366935,20550,10,0,0,10,20550,10,10,0,2026-09-10 19:24:23.322571+00,2026-09-10 17:56:48.546012+00,2026-09-10 19:24:23.441929+00,2026-09-10 17:56:48.782769+00,1,1,1,1,6,346,119,237
1789076630.466087,2249856,public,holding,3,2026-09-10 18:14:01.1438+00,53040828,1076636,2026-09-10 21:43:50.466462+00,12452392,26793441,211610,315051,71391,140219,26534197,445385,632251,273027,2026-09-10 19:36:12.75693+00,2026-09-10 18:14:29.263615+00,2026-09-10 19:36:13.060392+00,2026-09-10 18:14:29.882987+00,1,1,1,1,45,7564,301,620
1789076630.466087,2250073,public,news_xref,3,2026-09-10 18:36:32.591284+00,90000,675960,2026-09-10 21:43:50.37801+00,22,30000,0,0,0,0,30000,0,0,0,2026-09-10 19:36:13.161571+00,2026-09-10 17:56:48.169274+00,2026-09-10 19:36:13.172374+00,2026-09-10 17:56:48.192926+00,1,1,1,1,3,164,11,24
1789076630.466087,2250006,public,daily_market,6,2026-09-10 18:14:00.82828+00,53635500,67732826,2026-09-10 21:43:50.37801+00,73763738,26817750,430,0,0,430,26824697,430,430,0,2026-09-10 19:36:21.896725+00,2026-09-10 17:53:30.461218+00,2026-09-10 19:36:22.185295+00,2026-09-10 17:53:31.195492+00,1,1,1,1,1254,8383,288,735
1789076630.466087,2250052,public,last_trade,2,2026-09-10 18:39:23.400642+00,41100,94373663,2026-09-10 21:43:50.466462+00,94373434,20550,939979,0,937751,2228,20550,3241,4357,0,2026-09-10 19:29:05.269132+00,2026-09-10 17:53:30.000417+00,2026-09-10 19:29:05.305716+00,2026-09-10 21:43:18.489392+00,1,1,1,121,3,12,36,9933
1789076630.466087,2250078,public,sector,233228,2026-09-10 21:43:50.37801+00,2798736,81020,2026-09-10 20:55:18.735157+00,81020,12,0,0,0,0,12,0,0,0,2026-09-10 19:24:23.444133+00,,2026-09-10 19:24:23.444255+00,,1,0,1,0,1,0,1,0
1789076630.466087,2250114,public,taxrate,249925,2026-09-10 21:43:50.466462+00,79976000,1328,2026-09-10 21:39:53.258545+00,752,320,10,0,7,3,320,3,10,0,2026-09-10 19:36:20.64208+00,,2026-09-10 19:36:20.642648+00,2026-09-10 17:53:30.277789+00,1,0,1,1,2,0,1,1
1789076630.466087,2249968,public,trade_request,236121,2026-09-10 21:43:50.37801+00,864525712,1128256,2026-09-10 21:43:50.466462+00,541853,194759,0,188667,0,0,4159,872,1756,908,2026-09-10 19:29:04.821787+00,2026-09-10 21:43:18.39876+00,2026-09-10 19:29:04.822356+00,2026-09-10 21:43:18.415891+00,1,122,1,122,1,3720,1,3431
1789076630.466087,2249881,public,watch_item,4,2026-09-10 18:39:23.873407+00,8946495,520440,2026-09-10 21:43:50.37801+00,16573,2982165,10,0,0,10,2982165,10,10,0,2026-09-10 19:29:05.082092+00,2026-09-10 17:53:21.313017+00,2026-09-10 19:29:05.26188+00,2026-09-10 17:53:21.810508+00,1,1,1,1,2,959,180,498
1789076630.466087,2249962,public,trade_history,3,2026-09-10 19:16:53.853864+00,3732502353,12011134,2026-09-10 21:43:50.37801+00,28775015,1245345106,0,0,0,0,1245334926,29892,1147763,1177655,2026-09-10 19:29:02.442332+00,2026-09-10 17:56:39.748253+00,2026-09-10 19:29:04.819007+00,2026-09-10 17:56:46.054213+00,1,1,1,1,277842,64922,2377,6306
1789076630.466087,2249938,public,trade,18,2026-09-10 19:24:22.633472+00,7257600000,14557377,2026-09-10 21:43:50.466462+00,9696288901,518886517,1540346,0,327423,483221,518871087,1218423,1883141,486517,2026-09-10 19:36:10.673673+00,2026-09-10 17:55:13.319747+00,2026-09-10 19:36:12.708234+00,2026-09-10 17:55:14.759594+00,1,1,1,1,313984,19670,2034,1440
1789076630.466087,2250109,public,status_type,3577718,2026-09-10 21:43:50.466462+00,11323517,1152,2026-09-10 20:54:55.224112+00,0,5,0,0,0,0,5,0,0,0,2026-09-10 19:24:23.446735+00,,2026-09-10 19:24:23.446839+00,,1,0,1,0,1,0,1,0
1789076630.466087,2249909,public,charge,486519,2026-09-10 21:43:50.346873+00,7297785,0,,0,15,0,0,0,0,15,0,0,0,2026-09-10 19:30:55.68781+00,,2026-09-10 19:30:55.688433+00,,1,0,1,0,1,0,1,0
1789076630.466087,2249988,public,company,5,2026-09-10 18:39:19.216232+00,75000,89785551,2026-09-10 21:43:50.37801+00,306907417,15000,10,0,0,10,15000,10,10,0,2026-09-10 19:36:13.092374+00,2026-09-10 17:53:21.882165+00,2026-09-10 19:36:13.156371+00,2026-09-10 17:53:21.992193+00,1,1,1,1,31,17,62,110
1789076630.466087,2250062,public,news_item,1,2026-09-10 18:13:01.013209+00,30000,1350363,2026-09-10 21:43:50.37801+00,1363420,30000,20,0,0,20,30000,20,20,0,2026-09-10 19:36:13.288793+00,2026-09-10 17:56:47.547667+00,2026-09-10 19:36:20.294012+00,2026-09-10 17:56:47.994666+00,1,1,1,1,16,1484,143,447
1789076630.466087,2249891,public,broker,235994,2026-09-10 21:43:50.37801+00,70798200,2100267,2026-09-10 21:43:50.466462+00,2098622,300,491650,0,491650,0,300,54,2190,0,2026-09-10 19:24:23.448703+00,2026-09-10 21:33:18.41204+00,2026-09-10 19:38:59.555359+00,2026-09-10 21:43:18.49378+00,1,16,2,124,2,63,3,666
1789076630.466087,2249886,public,watch_list,4,2026-09-10 18:39:19.55136+00,120000,520442,2026-09-10 21:43:50.37801+00,519590,30000,0,0,0,0,30000,0,0,0,2026-09-10 19:29:05.065201+00,2026-09-10 17:53:21.830081+00,2026-09-10 19:29:05.076514+00,2026-09-10 17:53:21.851946+00,1,1,1,1,12,10,12,22
1789076630.466087,2249917,public,commission_rate,3,2026-09-10 18:36:32.553549+00,720,1055584,2026-09-10 21:43:50.466462+00,1856113,240,0,0,0,0,240,0,0,0,2026-09-10 19:30:55.684574+00,,2026-09-10 19:30:55.685011+00,2026-09-10 17:53:21.85719+00,1,0,1,1,1,0,1,1
1789076630.466087,2249851,public,customer_taxrate,3,2026-09-10 18:39:19.221747+00,180000,79977355,2026-09-10 21:43:50.466462+00,9805,60000,10,0,0,10,60000,10,10,0,2026-09-10 19:36:20.607907+00,2026-09-10 17:53:20.297708+00,2026-09-10 19:36:20.638528+00,2026-09-10 17:53:20.350229+00,1,1,1,1,30,19,29,53
1789076630.466087,2249868,public,holding_history,8,2026-09-10 19:24:22.633472+00,2778954508,91850,2026-09-10 21:43:50.108248+00,205433,695538318,0,0,0,0,695360312,167440,632251,799691,2026-09-10 19:38:52.269828+00,2026-09-10 18:00:34.421363+00,2026-09-10 19:38:55.334914+00,2026-09-10 18:00:44.904449+00,1,3,1,3,149084,284220,3065,13235
1789076630.466087,2250046,public,industry,273655,2026-09-10 21:43:50.37801+00,27898665,2361726,2026-09-10 21:43:50.37801+00,2352834,102,0,0,0,0,102,0,0,0,2026-09-10 19:24:23.445694+00,,2026-09-10 19:24:23.445963+00,2026-09-10 17:53:29.973725+00,1,0,1,1,1,0,1,3
1789076630.466087,2250017,public,exchange,1589649,2026-09-10 21:43:50.37801+00,5346817,1536,2026-09-10 20:54:53.872757+00,1152,4,40,0,40,0,4,40,40,0,2026-09-10 19:30:55.68249+00,,2026-09-10 19:30:55.682645+00,,1,0,1,0,1,0,1,0
1789076630.466087,2249901,public,cash_transaction,2,2026-09-10 19:00:28.999306+00,953848714,9545914,2026-09-10 21:43:50.37801+00,9360413,477365875,603217,0,68572,534645,477416287,578293,1035149,441518,2026-09-10 19:30:52.298911+00,2026-09-10 17:59:35.711751+00,2026-09-10 19:30:55.445775+00,2026-09-10 18:00:57.043327+00,1,2,1,3,105990,228022,3126,22811
1789076630.466087,2249875,public,holding_summary,5,2026-09-10 18:36:33.052121+00,4476012,5687467,2026-09-10 21:43:50.466462+00,39469372,1494408,565918,2655,505952,59966,1492042,67029,18510,2404,2026-09-10 19:24:23.479998+00,2026-09-10 18:13:22.057298+00,2026-09-10 19:24:23.595668+00,2026-09-10 21:39:19.260364+00,1,1,1,4,30,365,113,4163
1789076630.466087,2249822,public,account_permission,2,2026-09-10 18:36:32.753413+00,425940,48613,2026-09-10 21:43:50.274723+00,48625,212970,12,0,0,12,212970,12,12,0,2026-09-10 19:29:04.927437+00,2026-09-10 17:53:19.299976+00,2026-09-10 19:29:05.05201+00,2026-09-10 17:53:19.497616+00,1,1,1,1,32,109,122,198
1789076630.466087,2249841,public,customer_account,4,2026-09-10 18:45:15.480553+00,600000,4166985,2026-09-10 21:43:50.466462+00,6979540,150000,442283,0,430429,11854,150000,13596,1992,0,2026-09-10 19:24:23.226634+00,2026-09-10 17:53:20.108136+00,2026-09-10 19:24:23.311106+00,2026-09-10 21:43:18.372336+00,1,1,1,25,12,77,84,10068
1789076630.466087,2250026,public,financial,2,2026-09-10 18:36:32.673292+00,600000,674414,2026-09-10 21:43:50.37801+00,13488242,300000,200,0,0,200,300000,200,200,0,2026-09-10 19:36:20.352757+00,2026-09-10 17:53:29.521608+00,2026-09-10 19:36:20.576514+00,2026-09-10 17:53:29.956687+00,1,1,1,1,57,322,207,435
1789076630.466087,2249830,public,customer,4,2026-09-10 18:39:19.245981+00,120000,2913097,2026-09-10 21:43:50.466462+00,2910326,30000,10,0,0,10,30000,10,10,0,2026-09-10 19:24:22.892301+00,2026-09-10 17:53:19.531775+00,2026-09-10 19:24:23.201268+00,2026-09-10 17:53:20.026228+00,1,1,1,1,59,26,305,495
1789076630.466087,2250121,public,zip_code,2,2026-09-10 18:36:32.586468+00,29482,1350322,2026-09-10 21:43:50.37801+00,1348784,14741,0,0,0,0,14741,0,0,0,2026-09-10 19:36:13.175189+00,2026-09-10 17:53:30.32548+00,2026-09-10 19:36:13.194698+00,2026-09-10 17:53:30.362036+00,1,1,1,1,1,41,20,31
1789076630.466087,2249929,public,settlement,2,2026-09-10 19:06:58.095243+00,1036800000,10131792,2026-09-10 21:43:50.37801+00,10131791,518882608,635080,0,119127,515953,518877994,585674,1104856,482608,2026-09-10 19:38:55.40099+00,2026-09-10 19:38:47.513759+00,2026-09-10 19:38:59.2827+00,2026-09-10 19:38:51.103174+00,1,2,1,2,66,1872326,3881,5015
1789076630.466087,2250000,public,company_competitor,4,2026-09-10 18:39:19.241779+00,180000,674394,2026-09-10 21:43:50.37801+00,0,45000,0,0,0,0,45000,0,0,0,2026-09-10 19:29:04.853693+00,2026-09-10 17:53:22.019369+00,2026-09-10 19:29:04.892815+00,2026-09-10 17:53:22.073157+00,1,1,1,1,32,17,36,54
1789076630.466087,2250104,public,address,2,2026-09-10 18:36:32.586468+00,90008,1349980,2026-09-10 21:43:50.37801+00,3034597,45004,12,0,0,12,45004,12,12,0,2026-09-10 19:36:13.198214+00,2026-09-10 17:53:30.143186+00,2026-09-10 19:36:13.272339+00,2026-09-10 17:53:30.265233+00,1,1,1,1,1,84,75,111
1789076630.466087,2249981,public,trade_type,5743047,2026-09-10 21:43:50.466462+00,20079237,3667,2026-09-10 20:55:34.986889+00,595,5,0,0,0,0,5,0,0,0,2026-09-10 19:30:55.686368+00,,2026-09-10 19:30:55.686494+00,,1,0,1,0,1,0,1,0
1789076630.466087,2250083,public,security,915243,2026-09-10 21:43:50.37801+00,18808243650,148962134,2026-09-10 21:43:50.466462+00,149749708,20550,10,0,0,10,20550,10,10,0,2026-09-10 19:24:23.322571+00,2026-09-10 17:56:48.546012+00,2026-09-10 19:24:23.441929+00,2026-09-10 17:56:48.782769+00,1,1,1,1,6,346,119,237
1789076690.553193,2249856,public,holding,3,2026-09-10 18:14:01.1438+00,53040828,1085535,2026-09-10 21:44:50.508425+00,12557942,26795830,213342,317709,72433,140909,26534383,448778,637626,275416,2026-09-10 19:36:12.75693+00,2026-09-10 18:14:29.263615+00,2026-09-10 19:36:13.060392+00,2026-09-10 18:14:29.882987+00,1,1,1,1,45,7564,301,620
1789076690.553193,2250073,public,news_xref,3,2026-09-10 18:36:32.591284+00,90000,681526,2026-09-10 21:44:50.508425+00,22,30000,0,0,0,0,30000,0,0,0,2026-09-10 19:36:13.161571+00,2026-09-10 17:56:48.169274+00,2026-09-10 19:36:13.172374+00,2026-09-10 17:56:48.192926+00,1,1,1,1,3,164,11,24
1789076690.553193,2250006,public,daily_market,6,2026-09-10 18:14:00.82828+00,53635500,68293113,2026-09-10 21:44:50.508425+00,74310377,26817750,430,0,0,430,26824697,430,430,0,2026-09-10 19:36:21.896725+00,2026-09-10 17:53:30.461218+00,2026-09-10 19:36:22.185295+00,2026-09-10 17:53:31.195492+00,1,1,1,1,1254,8383,288,735
1789076690.553193,2250052,public,last_trade,2,2026-09-10 18:39:23.400642+00,41100,95156814,2026-09-10 21:44:50.508425+00,95156585,20550,948040,0,945812,2228,20550,3466,4417,0,2026-09-10 19:29:05.269132+00,2026-09-10 17:53:30.000417+00,2026-09-10 19:29:05.305716+00,2026-09-10 21:44:18.115722+00,1,1,1,122,3,12,36,10017
1789076690.553193,2250078,public,sector,235206,2026-09-10 21:44:50.508425+00,2822472,81020,2026-09-10 20:55:18.735157+00,81020,12,0,0,0,0,12,0,0,0,2026-09-10 19:24:23.444133+00,,2026-09-10 19:24:23.444255+00,,1,0,1,0,1,0,1,0
1789076690.553193,2250114,public,taxrate,251957,2026-09-10 21:44:50.508425+00,80626240,1328,2026-09-10 21:39:53.258545+00,752,320,10,0,7,3,320,3,10,0,2026-09-10 19:36:20.64208+00,,2026-09-10 19:36:20.642648+00,2026-09-10 17:53:30.277789+00,1,0,1,1,2,0,1,1
1789076690.553193,2249968,public,trade_request,238099,2026-09-10 21:44:50.508425+00,872629903,1138051,2026-09-10 21:44:50.132716+00,546814,196391,0,190353,0,0,4072,954,1854,927,2026-09-10 19:29:04.821787+00,2026-09-10 21:44:18.000048+00,2026-09-10 19:29:04.822356+00,2026-09-10 21:44:18.03049+00,1,123,1,123,1,3748,1,3462
1789076690.553193,2249881,public,watch_item,4,2026-09-10 18:39:23.873407+00,8946495,524735,2026-09-10 21:44:50.508425+00,16902,2982165,10,0,0,10,2982165,10,10,0,2026-09-10 19:29:05.082092+00,2026-09-10 17:53:21.313017+00,2026-09-10 19:29:05.26188+00,2026-09-10 17:53:21.810508+00,1,1,1,1,2,959,180,498
1789076690.553193,2249962,public,trade_history,3,2026-09-10 19:16:53.853864+00,3732502353,12110934,2026-09-10 21:44:50.508425+00,29014389,1245355058,0,0,0,0,1245344617,30153,1157454,1187607,2026-09-10 19:29:02.442332+00,2026-09-10 17:56:39.748253+00,2026-09-10 19:29:04.819007+00,2026-09-10 17:56:46.054213+00,1,1,1,1,277842,64922,2377,6306
1789076690.553193,2249938,public,trade,18,2026-09-10 19:24:22.633472+00,7257600000,14680039,2026-09-10 21:44:50.508425+00,9777000983,518890521,1553577,0,330979,486564,518875052,1228220,1899181,490521,2026-09-10 19:36:10.673673+00,2026-09-10 17:55:13.319747+00,2026-09-10 19:36:12.708234+00,2026-09-10 17:55:14.759594+00,1,1,1,1,313984,19670,2034,1440
1789076690.553193,2250109,public,status_type,3607724,2026-09-10 21:44:50.508425+00,11417423,1152,2026-09-10 20:54:55.224112+00,0,5,0,0,0,0,5,0,0,0,2026-09-10 19:24:23.446735+00,,2026-09-10 19:24:23.446839+00,,1,0,1,0,1,0,1,0
1789076690.553193,2249909,public,charge,490523,2026-09-10 21:44:50.508425+00,7357845,0,,0,15,0,0,0,0,15,0,0,0,2026-09-10 19:30:55.68781+00,,2026-09-10 19:30:55.688433+00,,1,0,1,0,1,0,1,0
1789076690.553193,2249988,public,company,5,2026-09-10 18:39:19.216232+00,75000,90618953,2026-09-10 21:44:50.508425+00,309605398,15000,11,0,0,11,15000,11,11,0,2026-09-10 19:36:13.092374+00,2026-09-10 17:53:21.882165+00,2026-09-10 19:36:13.156371+00,2026-09-10 17:53:21.992193+00,1,1,1,1,31,17,62,110
1789076690.553193,2250062,public,news_item,1,2026-09-10 18:13:01.013209+00,30000,1361495,2026-09-10 21:44:50.508425+00,1374552,30000,20,0,0,20,30000,20,20,0,2026-09-10 19:36:13.288793+00,2026-09-10 17:56:47.547667+00,2026-09-10 19:36:20.294012+00,2026-09-10 17:56:47.994666+00,1,1,1,1,16,1484,143,447
1789076690.553193,2249891,public,broker,237972,2026-09-10 21:44:50.508425+00,71391600,2117678,2026-09-10 21:44:50.508425+00,2116023,300,495887,0,495887,0,300,35,2190,0,2026-09-10 19:24:23.448703+00,2026-09-10 21:33:18.41204+00,2026-09-10 19:38:59.555359+00,2026-09-10 21:44:18.124484+00,1,16,2,125,2,63,3,673
1789076690.553193,2249886,public,watch_list,4,2026-09-10 18:39:19.55136+00,120000,524737,2026-09-10 21:44:50.508425+00,523885,30000,0,0,0,0,30000,0,0,0,2026-09-10 19:29:05.065201+00,2026-09-10 17:53:21.830081+00,2026-09-10 19:29:05.076514+00,2026-09-10 17:53:21.851946+00,1,1,1,1,12,10,12,22
1789076690.553193,2249917,public,commission_rate,3,2026-09-10 18:36:32.553549+00,720,1064465,2026-09-10 21:44:50.508425+00,1871678,240,0,0,0,0,240,0,0,0,2026-09-10 19:30:55.684574+00,,2026-09-10 19:30:55.685011+00,2026-09-10 17:53:21.85719+00,1,0,1,1,1,0,1,1
1789076690.553193,2249851,public,customer_taxrate,3,2026-09-10 18:39:19.221747+00,180000,80627595,2026-09-10 21:44:50.508425+00,9933,60000,10,0,0,10,60000,10,10,0,2026-09-10 19:36:20.607907+00,2026-09-10 17:53:20.297708+00,2026-09-10 19:36:20.638528+00,2026-09-10 17:53:20.350229+00,1,1,1,1,30,19,29,53
1789076690.553193,2249868,public,holding_history,8,2026-09-10 19:24:22.633472+00,2778954508,92642,2026-09-10 21:44:50.456973+00,207213,695545097,0,0,0,0,695365687,168844,637626,806470,2026-09-10 19:38:52.269828+00,2026-09-10 18:00:34.421363+00,2026-09-10 19:38:55.334914+00,2026-09-10 18:00:44.904449+00,1,3,1,3,149084,284220,3065,13235
1789076690.553193,2250046,public,industry,276006,2026-09-10 21:44:50.508425+00,28138467,2378472,2026-09-10 21:44:50.508425+00,2369532,102,0,0,0,0,102,0,0,0,2026-09-10 19:24:23.445694+00,,2026-09-10 19:24:23.445963+00,2026-09-10 17:53:29.973725+00,1,0,1,1,1,0,1,3
1789076690.553193,2250017,public,exchange,1602689,2026-09-10 21:44:50.508425+00,5390555,1536,2026-09-10 20:54:53.872757+00,1152,4,40,0,40,0,4,40,40,0,2026-09-10 19:30:55.68249+00,,2026-09-10 19:30:55.682645+00,,1,0,1,0,1,0,1,0
1789076690.553193,2249901,public,cash_transaction,2,2026-09-10 19:00:28.999306+00,953848714,9625516,2026-09-10 21:44:50.508425+00,9438516,477369705,608451,0,69608,538843,477420014,583006,1044110,445348,2026-09-10 19:30:52.298911+00,2026-09-10 17:59:35.711751+00,2026-09-10 19:30:55.445775+00,2026-09-10 18:00:57.043327+00,1,2,1,3,105990,228022,3126,22811
1789076690.553193,2249875,public,holding_summary,5,2026-09-10 18:36:33.052121+00,4476012,5735149,2026-09-10 21:44:50.508425+00,39798584,1494434,570759,2674,510483,60276,1492050,67416,22550,2430,2026-09-10 19:24:23.479998+00,2026-09-10 18:13:22.057298+00,2026-09-10 19:24:23.595668+00,2026-09-10 21:39:19.260364+00,1,1,1,4,30,365,113,4163
1789076690.553193,2249822,public,account_permission,2,2026-09-10 18:36:32.753413+00,425940,49016,2026-09-10 21:44:50.30732+00,49028,212970,12,0,0,12,212970,12,12,0,2026-09-10 19:29:04.927437+00,2026-09-10 17:53:19.299976+00,2026-09-10 19:29:05.05201+00,2026-09-10 17:53:19.497616+00,1,1,1,1,32,109,122,198
1789076690.553193,2249841,public,customer_account,4,2026-09-10 18:45:15.480553+00,600000,4201814,2026-09-10 21:44:50.508425+00,7037872,150000,446120,0,434202,11918,150000,13672,5719,0,2026-09-10 19:24:23.226634+00,2026-09-10 17:53:20.108136+00,2026-09-10 19:24:23.311106+00,2026-09-10 21:43:18.372336+00,1,1,1,25,12,77,84,10068
1789076690.553193,2250026,public,financial,2,2026-09-10 18:36:32.673292+00,600000,679980,2026-09-10 21:44:50.508425+00,13599562,300000,200,0,0,200,300000,200,200,0,2026-09-10 19:36:20.352757+00,2026-09-10 17:53:29.521608+00,2026-09-10 19:36:20.576514+00,2026-09-10 17:53:29.956687+00,1,1,1,1,57,322,207,435
1789076690.553193,2249830,public,customer,4,2026-09-10 18:39:19.245981+00,120000,2937273,2026-09-10 21:44:50.508425+00,2934502,30000,10,0,0,10,30000,10,10,0,2026-09-10 19:24:22.892301+00,2026-09-10 17:53:19.531775+00,2026-09-10 19:24:23.201268+00,2026-09-10 17:53:20.026228+00,1,1,1,1,59,26,305,495
1789076690.553193,2250121,public,zip_code,2,2026-09-10 18:36:32.586468+00,29482,1361454,2026-09-10 21:44:50.508425+00,1359916,14741,0,0,0,0,14741,0,0,0,2026-09-10 19:36:13.175189+00,2026-09-10 17:53:30.32548+00,2026-09-10 19:36:13.194698+00,2026-09-10 17:53:30.362036+00,1,1,1,1,1,41,20,31
1789076690.553193,2249929,public,settlement,2,2026-09-10 19:06:58.095243+00,1036800000,10215532,2026-09-10 21:44:50.508425+00,10215531,518886771,640140,0,120432,519708,518882034,589908,1113956,486771,2026-09-10 19:38:55.40099+00,2026-09-10 19:38:47.513759+00,2026-09-10 19:38:59.2827+00,2026-09-10 19:38:51.103174+00,1,2,1,2,66,1872326,3881,5015
1789076690.553193,2250000,public,company_competitor,4,2026-09-10 18:39:19.241779+00,180000,679960,2026-09-10 21:44:50.508425+00,0,45000,0,0,0,0,45000,0,0,0,2026-09-10 19:29:04.853693+00,2026-09-10 17:53:22.019369+00,2026-09-10 19:29:04.892815+00,2026-09-10 17:53:22.073157+00,1,1,1,1,32,17,36,54
1789076690.553193,2250104,public,address,2,2026-09-10 18:36:32.586468+00,90008,1361112,2026-09-10 21:44:50.508425+00,3059571,45004,12,0,0,12,45004,12,12,0,2026-09-10 19:36:13.198214+00,2026-09-10 17:53:30.143186+00,2026-09-10 19:36:13.272339+00,2026-09-10 17:53:30.265233+00,1,1,1,1,1,84,75,111
1789076690.553193,2249981,public,trade_type,5790772,2026-09-10 21:44:50.508425+00,20246363,3667,2026-09-10 20:55:34.986889+00,595,5,0,0,0,0,5,0,0,0,2026-09-10 19:30:55.686368+00,,2026-09-10 19:30:55.686494+00,,1,0,1,0,1,0,1,0
1789076690.553193,2250083,public,security,922717,2026-09-10 21:44:50.508425+00,18961834350,150285907,2026-09-10 21:44:50.508425+00,151080563,20550,10,0,0,10,20550,10,10,0,2026-09-10 19:24:23.322571+00,2026-09-10 17:56:48.546012+00,2026-09-10 19:24:23.441929+00,2026-09-10 17:56:48.782769+00,1,1,1,1,6,346,119,237
1789076750.668450,2249856,public,holding,3,2026-09-10 18:14:01.1438+00,53040828,1094615,2026-09-10 21:45:50.631515+00,12661364,26798237,215086,320382,73414,141672,26534574,452223,643091,277823,2026-09-10 19:36:12.75693+00,2026-09-10 18:14:29.263615+00,2026-09-10 19:36:13.060392+00,2026-09-10 18:14:29.882987+00,1,1,1,1,45,7564,301,620
1789076750.668450,2250073,public,news_xref,3,2026-09-10 18:36:32.591284+00,90000,687371,2026-09-10 21:45:50.631515+00,22,30000,0,0,0,0,30000,0,0,0,2026-09-10 19:36:13.161571+00,2026-09-10 17:56:48.169274+00,2026-09-10 19:36:13.172374+00,2026-09-10 17:56:48.192926+00,1,1,1,1,3,164,11,24
1789076750.668450,2250006,public,daily_market,6,2026-09-10 18:14:00.82828+00,53635500,68876058,2026-09-10 21:45:50.631515+00,74879135,26817750,430,0,0,430,26824697,430,430,0,2026-09-10 19:36:21.896725+00,2026-09-10 17:53:30.461218+00,2026-09-10 19:36:22.185295+00,2026-09-10 17:53:31.195492+00,1,1,1,1,1254,8383,288,735
1789076750.668450,2250052,public,last_trade,2,2026-09-10 18:39:23.400642+00,41100,95968544,2026-09-10 21:45:50.631515+00,95968315,20550,956299,0,954067,2232,20550,3330,4441,0,2026-09-10 19:29:05.269132+00,2026-09-10 17:53:30.000417+00,2026-09-10 19:29:05.305716+00,2026-09-10 21:45:18.118035+00,1,1,1,123,3,12,36,10098
1789076750.668450,2250078,public,sector,237266,2026-09-10 21:45:50.587016+00,2847192,81020,2026-09-10 20:55:18.735157+00,81020,12,0,0,0,0,12,0,0,0,2026-09-10 19:24:23.444133+00,,2026-09-10 19:24:23.444255+00,,1,0,1,0,1,0,1,0
1789076750.668450,2250114,public,taxrate,254056,2026-09-10 21:45:50.631515+00,81297920,1328,2026-09-10 21:39:53.258545+00,752,320,10,0,7,3,320,3,10,0,2026-09-10 19:36:20.64208+00,,2026-09-10 19:36:20.642648+00,2026-09-10 17:53:30.277789+00,1,0,1,1,2,0,1,1
1789076750.668450,2249968,public,trade_request,240159,2026-09-10 21:45:50.587016+00,881101280,1147986,2026-09-10 21:45:50.579212+00,551684,198054,0,191979,0,0,4117,912,1792,896,2026-09-10 19:29:04.821787+00,2026-09-10 21:45:18.001114+00,2026-09-10 19:29:04.822356+00,2026-09-10 21:45:18.035966+00,1,124,1,124,1,3784,1,3497
1789076750.668450,2249881,public,watch_item,4,2026-09-10 18:39:23.873407+00,8946495,529216,2026-09-10 21:45:50.631515+00,17392,2982165,10,0,0,10,2982165,10,10,0,2026-09-10 19:29:05.082092+00,2026-09-10 17:53:21.313017+00,2026-09-10 19:29:05.26188+00,2026-09-10 17:53:21.810508+00,1,1,1,1,2,959,180,498
1789076750.668450,2249962,public,trade_history,3,2026-09-10 19:16:53.853864+00,3732502353,12213644,2026-09-10 21:45:50.631515+00,29260647,1245365189,0,0,0,0,1245354511,30390,1167348,1197738,2026-09-10 19:29:02.442332+00,2026-09-10 17:56:39.748253+00,2026-09-10 19:29:04.819007+00,2026-09-10 17:56:46.054213+00,1,1,1,1,277842,64922,2377,6306
1789076750.668450,2249938,public,trade,18,2026-09-10 19:24:22.633472+00,7257600000,14805810,2026-09-10 21:45:50.631515+00,9860063157,518894709,1566829,0,334545,489894,518879204,1237800,1915438,494709,2026-09-10 19:36:10.673673+00,2026-09-10 17:55:13.319747+00,2026-09-10 19:36:12.708234+00,2026-09-10 17:55:14.759594+00,1,1,1,1,313984,19670,2034,1440
1789076750.668450,2250109,public,status_type,3638636,2026-09-10 21:45:50.631515+00,11514899,1152,2026-09-10 20:54:55.224112+00,0,5,0,0,0,0,5,0,0,0,2026-09-10 19:24:23.446735+00,,2026-09-10 19:24:23.446839+00,,1,0,1,0,1,0,1,0
1789076750.668450,2249909,public,charge,494711,2026-09-10 21:45:50.631515+00,7420665,0,,0,15,0,0,0,0,15,0,0,0,2026-09-10 19:30:55.68781+00,,2026-09-10 19:30:55.688433+00,,1,0,1,0,1,0,1,0
1789076750.668450,2249988,public,company,5,2026-09-10 18:39:19.216232+00,75000,91493547,2026-09-10 21:45:50.631515+00,312254587,15000,11,0,0,11,15000,11,11,0,2026-09-10 19:36:13.092374+00,2026-09-10 17:53:21.882165+00,2026-09-10 19:36:13.156371+00,2026-09-10 17:53:21.992193+00,1,1,1,1,31,17,62,110
1789076750.668450,2250062,public,news_item,1,2026-09-10 18:13:01.013209+00,30000,1373185,2026-09-10 21:45:50.631515+00,1386242,30000,20,0,0,20,30000,20,20,0,2026-09-10 19:36:13.288793+00,2026-09-10 17:56:47.547667+00,2026-09-10 19:36:20.294012+00,2026-09-10 17:56:47.994666+00,1,1,1,1,16,1484,143,447
1789076750.668450,2249891,public,broker,240032,2026-09-10 21:45:50.587016+00,72009600,2135803,2026-09-10 21:45:50.631515+00,2134138,300,500175,0,500175,0,300,40,2213,0,2026-09-10 19:24:23.448703+00,2026-09-10 21:33:18.41204+00,2026-09-10 19:38:59.555359+00,2026-09-10 21:45:18.124529+00,1,16,2,126,2,63,3,678
1789076750.668450,2249886,public,watch_list,4,2026-09-10 18:39:19.55136+00,120000,529218,2026-09-10 21:45:50.631515+00,528366,30000,0,0,0,0,30000,0,0,0,2026-09-10 19:29:05.065201+00,2026-09-10 17:53:21.830081+00,2026-09-10 19:29:05.076514+00,2026-09-10 17:53:21.851946+00,1,1,1,1,12,10,12,22
1789076750.668450,2249917,public,commission_rate,3,2026-09-10 18:36:32.553549+00,720,1073582,2026-09-10 21:45:50.631515+00,1887520,240,0,0,0,0,240,0,0,0,2026-09-10 19:30:55.684574+00,,2026-09-10 19:30:55.685011+00,2026-09-10 17:53:21.85719+00,1,0,1,1,1,0,1,1
1789076750.668450,2249851,public,customer_taxrate,3,2026-09-10 18:39:19.221747+00,180000,81299275,2026-09-10 21:45:50.631515+00,10109,60000,10,0,0,10,60000,10,10,0,2026-09-10 19:36:20.607907+00,2026-09-10 17:53:20.297708+00,2026-09-10 19:36:20.638528+00,2026-09-10 17:53:20.350229+00,1,1,1,1,30,19,29,53
1789076750.668450,2249868,public,holding_history,8,2026-09-10 19:24:22.633472+00,2778954508,93510,2026-09-10 21:45:50.492745+00,209151,695551921,0,0,0,0,695371152,170203,643091,813294,2026-09-10 19:38:52.269828+00,2026-09-10 18:00:34.421363+00,2026-09-10 19:38:55.334914+00,2026-09-10 18:00:44.904449+00,1,3,1,3,149084,284220,3065,13235
1789076750.668450,2250046,public,industry,278421,2026-09-10 21:45:50.587016+00,28384797,2396057,2026-09-10 21:45:50.631515+00,2387067,102,0,0,0,0,102,0,0,0,2026-09-10 19:24:23.445694+00,,2026-09-10 19:24:23.445963+00,2026-09-10 17:53:29.973725+00,1,0,1,1,1,0,1,3
1789076750.668450,2250017,public,exchange,1616451,2026-09-10 21:45:50.631515+00,5436804,1536,2026-09-10 20:54:53.872757+00,1152,4,40,0,40,0,4,40,40,0,2026-09-10 19:30:55.68249+00,,2026-09-10 19:30:55.682645+00,,1,0,1,0,1,0,1,0
1789076750.668450,2249901,public,cash_transaction,2,2026-09-10 19:00:28.999306+00,953848714,9706805,2026-09-10 21:45:50.631515+00,9518260,477373543,613596,0,70685,542911,477423791,587579,1053032,449186,2026-09-10 19:30:52.298911+00,2026-09-10 17:59:35.711751+00,2026-09-10 19:30:55.445775+00,2026-09-10 18:00:57.043327+00,1,2,1,3,105990,228022,3126,22811
1789076750.668450,2249875,public,holding_summary,5,2026-09-10 18:36:33.052121+00,4476012,5784113,2026-09-10 21:45:50.631515+00,40137938,1494457,575652,2697,515130,60522,1492056,67759,26666,2453,2026-09-10 19:24:23.479998+00,2026-09-10 18:13:22.057298+00,2026-09-10 19:24:23.595668+00,2026-09-10 21:39:19.260364+00,1,1,1,4,30,365,113,4163
1789076750.668450,2249822,public,account_permission,2,2026-09-10 18:36:32.753413+00,425940,49452,2026-09-10 21:45:50.631515+00,49464,212970,12,0,0,12,212970,12,12,0,2026-09-10 19:29:04.927437+00,2026-09-10 17:53:19.299976+00,2026-09-10 19:29:05.05201+00,2026-09-10 17:53:19.497616+00,1,1,1,1,32,109,122,198
1789076750.668450,2249841,public,customer_account,4,2026-09-10 18:45:15.480553+00,600000,4237771,2026-09-10 21:45:50.631515+00,7098004,150000,449966,0,438026,11940,150000,13720,9496,0,2026-09-10 19:24:23.226634+00,2026-09-10 17:53:20.108136+00,2026-09-10 19:24:23.311106+00,2026-09-10 21:43:18.372336+00,1,1,1,25,12,77,84,10068
1789076750.668450,2250026,public,financial,2,2026-09-10 18:36:32.673292+00,600000,685825,2026-09-10 21:45:50.631515+00,13716462,300000,200,0,0,200,300000,200,200,0,2026-09-10 19:36:20.352757+00,2026-09-10 17:53:29.521608+00,2026-09-10 19:36:20.576514+00,2026-09-10 17:53:29.956687+00,1,1,1,1,57,322,207,435
1789076750.668450,2249830,public,customer,4,2026-09-10 18:39:19.245981+00,120000,2962412,2026-09-10 21:45:50.631515+00,2959641,30000,11,0,0,11,30000,11,11,0,2026-09-10 19:24:22.892301+00,2026-09-10 17:53:19.531775+00,2026-09-10 19:24:23.201268+00,2026-09-10 17:53:20.026228+00,1,1,1,1,59,26,305,495
1789076750.668450,2250121,public,zip_code,2,2026-09-10 18:36:32.586468+00,29482,1373144,2026-09-10 21:45:50.631515+00,1371606,14741,0,0,0,0,14741,0,0,0,2026-09-10 19:36:13.175189+00,2026-09-10 17:53:30.32548+00,2026-09-10 19:36:13.194698+00,2026-09-10 17:53:30.362036+00,1,1,1,1,1,41,20,31
1789076750.668450,2249929,public,settlement,2,2026-09-10 19:06:58.095243+00,1036800000,10301572,2026-09-10 21:45:50.631515+00,10301571,518890974,645440,0,121856,523584,518886150,594284,1123372,490974,2026-09-10 19:38:55.40099+00,2026-09-10 19:38:47.513759+00,2026-09-10 19:38:59.2827+00,2026-09-10 19:38:51.103174+00,1,2,1,2,66,1872326,3881,5015
1789076750.668450,2250000,public,company_competitor,4,2026-09-10 18:39:19.241779+00,180000,685805,2026-09-10 21:45:50.631515+00,0,45000,0,0,0,0,45000,0,0,0,2026-09-10 19:29:04.853693+00,2026-09-10 17:53:22.019369+00,2026-09-10 19:29:04.892815+00,2026-09-10 17:53:22.073157+00,1,1,1,1,32,17,36,54
1789076750.668450,2250104,public,address,2,2026-09-10 18:36:32.586468+00,90008,1372802,2026-09-10 21:45:50.631515+00,3085842,45004,12,0,0,12,45004,12,12,0,2026-09-10 19:36:13.198214+00,2026-09-10 17:53:30.143186+00,2026-09-10 19:36:13.272339+00,2026-09-10 17:53:30.265233+00,1,1,1,1,1,84,75,111
1789076750.668450,2249981,public,trade_type,5840404,2026-09-10 21:45:50.631515+00,20419599,3667,2026-09-10 20:55:34.986889+00,595,5,0,0,0,0,5,0,0,0,2026-09-10 19:30:55.686368+00,,2026-09-10 19:30:55.686494+00,,1,0,1,0,1,0,1,0
1789076750.668450,2250083,public,security,930634,2026-09-10 21:45:50.631515+00,19124528700,151668894,2026-09-10 21:45:50.631515+00,152470158,20550,10,0,0,10,20550,10,10,0,2026-09-10 19:24:23.322571+00,2026-09-10 17:56:48.546012+00,2026-09-10 19:24:23.441929+00,2026-09-10 17:56:48.782769+00,1,1,1,1,6,346,119,237
1789076810.768416,2249856,public,holding,3,2026-09-10 18:14:01.1438+00,53040828,1103946,2026-09-10 21:46:50.711979+00,12765437,26800801,216949,323140,74417,142532,26534824,455832,648583,280387,2026-09-10 19:36:12.75693+00,2026-09-10 18:14:29.263615+00,2026-09-10 19:36:13.060392+00,2026-09-10 18:14:29.882987+00,1,1,1,1,45,7564,301,620
1789076810.768416,2250073,public,news_xref,3,2026-09-10 18:36:32.591284+00,90000,692926,2026-09-10 21:46:50.711979+00,22,30000,0,0,0,0,30000,0,0,0,2026-09-10 19:36:13.161571+00,2026-09-10 17:56:48.169274+00,2026-09-10 19:36:13.172374+00,2026-09-10 17:56:48.192926+00,1,1,1,1,3,164,11,24
1789076810.768416,2250006,public,daily_market,6,2026-09-10 18:14:00.82828+00,53635500,69443043,2026-09-10 21:46:50.711979+00,75432325,26817750,430,0,0,430,26824697,430,430,0,2026-09-10 19:36:21.896725+00,2026-09-10 17:53:30.461218+00,2026-09-10 19:36:22.185295+00,2026-09-10 17:53:31.195492+00,1,1,1,1,1254,8383,288,735
1789076810.768416,2250052,public,last_trade,2,2026-09-10 18:39:23.400642+00,41100,96756706,2026-09-10 21:46:50.711979+00,96756477,20550,964525,0,962289,2236,20550,3497,4487,0,2026-09-10 19:29:05.269132+00,2026-09-10 17:53:30.000417+00,2026-09-10 19:29:05.305716+00,2026-09-10 21:46:18.106443+00,1,1,1,124,3,12,36,10173
1789076810.768416,2250078,public,sector,239207,2026-09-10 21:46:50.711979+00,2870484,81020,2026-09-10 20:55:18.735157+00,81020,12,0,0,0,0,12,0,0,0,2026-09-10 19:24:23.444133+00,,2026-09-10 19:24:23.444255+00,,1,0,1,0,1,0,1,0
1789076810.768416,2250114,public,taxrate,256165,2026-09-10 21:46:50.711979+00,81972800,1329,2026-09-10 21:45:53.307823+00,753,320,10,0,7,3,320,3,10,0,2026-09-10 19:36:20.64208+00,,2026-09-10 19:36:20.642648+00,2026-09-10 17:53:30.277789+00,1,0,1,1,2,0,1,1
1789076810.768416,2249968,public,trade_request,242100,2026-09-10 21:46:50.711979+00,889043928,1157918,2026-09-10 21:46:50.701491+00,556792,199693,0,193635,0,0,4080,919,1801,899,2026-09-10 19:29:04.821787+00,2026-09-10 21:46:18.002456+00,2026-09-10 19:29:04.822356+00,2026-09-10 21:46:18.027355+00,1,125,1,125,1,3818,1,3522
1789076810.768416,2249881,public,watch_item,4,2026-09-10 18:39:23.873407+00,8946495,533592,2026-09-10 21:46:50.711979+00,17670,2982165,10,0,0,10,2982165,10,10,0,2026-09-10 19:29:05.082092+00,2026-09-10 17:53:21.313017+00,2026-09-10 19:29:05.26188+00,2026-09-10 17:53:21.810508+00,1,1,1,1,2,959,180,498
1789076810.768416,2249962,public,trade_history,3,2026-09-10 19:16:53.853864+00,3732502353,12313544,2026-09-10 21:46:50.711979+00,29500005,1245375401,0,0,0,0,1245364369,30744,1177206,1207950,2026-09-10 19:29:02.442332+00,2026-09-10 17:56:39.748253+00,2026-09-10 19:29:04.819007+00,2026-09-10 17:56:46.054213+00,1,1,1,1,277842,64922,2377,6306
1789076810.768416,2249938,public,trade,18,2026-09-10 19:24:22.633472+00,7257600000,14929892,2026-09-10 21:46:50.711979+00,9940757623,518898817,1579899,0,337931,493023,518883276,1247572,1931186,498817,2026-09-10 19:36:10.673673+00,2026-09-10 17:55:13.319747+00,2026-09-10 19:36:12.708234+00,2026-09-10 17:55:14.759594+00,1,1,1,1,313984,19670,2034,1440
1789076810.768416,2250109,public,status_type,3669351,2026-09-10 21:46:50.711979+00,11610538,1152,2026-09-10 20:54:55.224112+00,0,5,0,0,0,0,5,0,0,0,2026-09-10 19:24:23.446735+00,,2026-09-10 19:24:23.446839+00,,1,0,1,0,1,0,1,0
1789076810.768416,2249909,public,charge,498819,2026-09-10 21:46:50.711979+00,7482285,0,,0,15,0,0,0,0,15,0,0,0,2026-09-10 19:30:55.68781+00,,2026-09-10 19:30:55.688433+00,,1,0,1,0,1,0,1,0
1789076810.768416,2249988,public,company,5,2026-09-10 18:39:19.216232+00,75000,92316913,2026-09-10 21:46:50.711979+00,314812556,15000,11,0,0,11,15000,11,11,0,2026-09-10 19:36:13.092374+00,2026-09-10 17:53:21.882165+00,2026-09-10 19:36:13.156371+00,2026-09-10 17:53:21.992193+00,1,1,1,1,31,17,62,110
1789076810.768416,2250062,public,news_item,1,2026-09-10 18:13:01.013209+00,30000,1384295,2026-09-10 21:46:50.711979+00,1397352,30000,20,0,0,20,30000,20,20,0,2026-09-10 19:36:13.288793+00,2026-09-10 17:56:47.547667+00,2026-09-10 19:36:20.294012+00,2026-09-10 17:56:47.994666+00,1,1,1,1,16,1484,143,447
1789076810.768416,2249891,public,broker,241973,2026-09-10 21:46:50.711979+00,72591900,2153688,2026-09-10 21:46:50.711979+00,2152016,300,504599,0,504599,0,300,124,2247,0,2026-09-10 19:24:23.448703+00,2026-09-10 21:33:18.41204+00,2026-09-10 19:38:59.555359+00,2026-09-10 21:46:18.114545+00,1,16,2,127,2,63,3,682
1789076810.768416,2249886,public,watch_list,4,2026-09-10 18:39:19.55136+00,120000,533594,2026-09-10 21:46:50.711979+00,532742,30000,0,0,0,0,30000,0,0,0,2026-09-10 19:29:05.065201+00,2026-09-10 17:53:21.830081+00,2026-09-10 19:29:05.076514+00,2026-09-10 17:53:21.851946+00,1,1,1,1,12,10,12,22
1789076810.768416,2249917,public,commission_rate,3,2026-09-10 18:36:32.553549+00,720,1082856,2026-09-10 21:46:50.711979+00,1903772,240,0,0,0,0,240,0,0,0,2026-09-10 19:30:55.684574+00,,2026-09-10 19:30:55.685011+00,2026-09-10 17:53:21.85719+00,1,0,1,1,1,0,1,1
1789076810.768416,2249851,public,customer_taxrate,3,2026-09-10 18:39:19.221747+00,180000,81974228,2026-09-10 21:46:50.711979+00,10274,60000,11,0,0,11,60000,11,11,0,2026-09-10 19:36:20.607907+00,2026-09-10 17:53:20.297708+00,2026-09-10 19:36:20.638528+00,2026-09-10 17:53:20.350229+00,1,1,1,1,30,19,29,53
1789076810.768416,2249868,public,holding_history,8,2026-09-10 19:24:22.633472+00,2778954508,94296,2026-09-10 21:46:50.711979+00,210920,695559106,0,0,0,0,695376644,171896,648583,820479,2026-09-10 19:38:52.269828+00,2026-09-10 18:00:34.421363+00,2026-09-10 19:38:55.334914+00,2026-09-10 18:00:44.904449+00,1,3,1,3,149084,284220,3065,13235
1789076810.768416,2250046,public,industry,280709,2026-09-10 21:46:50.711979+00,28618173,2412772,2026-09-10 21:46:50.711979+00,2403732,102,0,0,0,0,102,0,0,0,2026-09-10 19:24:23.445694+00,,2026-09-10 19:24:23.445963+00,2026-09-10 17:53:29.973725+00,1,0,1,1,1,0,1,3
1789076810.768416,2250017,public,exchange,1629655,2026-09-10 21:46:50.711979+00,5481396,1536,2026-09-10 20:54:53.872757+00,1152,4,40,0,40,0,4,40,40,0,2026-09-10 19:30:55.68249+00,,2026-09-10 19:30:55.682645+00,,1,0,1,0,1,0,1,0
1789076810.768416,2249901,public,cash_transaction,2,2026-09-10 19:00:28.999306+00,953848714,9785908,2026-09-10 21:46:50.711979+00,9595906,477377490,618468,0,71621,546847,477427587,591968,1061700,453133,2026-09-10 19:30:52.298911+00,2026-09-10 17:59:35.711751+00,2026-09-10 19:30:55.445775+00,2026-09-10 18:00:57.043327+00,1,2,1,3,105990,228022,3126,22811
1789076810.768416,2249875,public,holding_summary,5,2026-09-10 18:36:33.052121+00,4476012,5832570,2026-09-10 21:46:50.711979+00,40467066,1494478,580798,2712,519805,60993,1492064,68340,30796,2474,2026-09-10 19:24:23.479998+00,2026-09-10 18:13:22.057298+00,2026-09-10 19:24:23.595668+00,2026-09-10 21:39:19.260364+00,1,1,1,4,30,365,113,4163
1789076810.768416,2249822,public,account_permission,2,2026-09-10 18:36:32.753413+00,425940,49861,2026-09-10 21:46:50.328425+00,49873,212970,12,0,0,12,212970,12,12,0,2026-09-10 19:29:04.927437+00,2026-09-10 17:53:19.299976+00,2026-09-10 19:29:05.05201+00,2026-09-10 17:53:19.497616+00,1,1,1,1,32,109,122,198
1789076810.768416,2249841,public,customer_account,4,2026-09-10 18:45:15.480553+00,600000,4273605,2026-09-10 21:46:50.711979+00,7157200,150000,453924,0,441909,12015,150000,13863,13292,0,2026-09-10 19:24:23.226634+00,2026-09-10 17:53:20.108136+00,2026-09-10 19:24:23.311106+00,2026-09-10 21:43:18.372336+00,1,1,1,25,12,77,84,10068
1789076810.768416,2250026,public,financial,2,2026-09-10 18:36:32.673292+00,600000,691380,2026-09-10 21:46:50.711979+00,13827562,300000,200,0,0,200,300000,200,200,0,2026-09-10 19:36:20.352757+00,2026-09-10 17:53:29.521608+00,2026-09-10 19:36:20.576514+00,2026-09-10 17:53:29.956687+00,1,1,1,1,57,322,207,435
1789076810.768416,2249830,public,customer,4,2026-09-10 18:39:19.245981+00,120000,2987203,2026-09-10 21:46:50.711979+00,2984432,30000,11,0,0,11,30000,11,11,0,2026-09-10 19:24:22.892301+00,2026-09-10 17:53:19.531775+00,2026-09-10 19:24:23.201268+00,2026-09-10 17:53:20.026228+00,1,1,1,1,59,26,305,495
1789076810.768416,2250121,public,zip_code,2,2026-09-10 18:36:32.586468+00,29482,1384254,2026-09-10 21:46:50.711979+00,1382716,14741,0,0,0,0,14741,0,0,0,2026-09-10 19:36:13.175189+00,2026-09-10 17:53:30.32548+00,2026-09-10 19:36:13.194698+00,2026-09-10 17:53:30.362036+00,1,1,1,1,1,41,20,31
1789076810.768416,2249929,public,settlement,2,2026-09-10 19:06:58.095243+00,1036800000,10386952,2026-09-10 21:46:50.711979+00,10386951,518895302,651300,0,123469,527831,518890280,599365,1133362,495302,2026-09-10 19:38:55.40099+00,2026-09-10 19:38:47.513759+00,2026-09-10 19:38:59.2827+00,2026-09-10 19:38:51.103174+00,1,2,1,2,66,1872326,3881,5015
1789076810.768416,2250000,public,company_competitor,4,2026-09-10 18:39:19.241779+00,180000,691360,2026-09-10 21:46:50.711979+00,0,45000,0,0,0,0,45000,0,0,0,2026-09-10 19:29:04.853693+00,2026-09-10 17:53:22.019369+00,2026-09-10 19:29:04.892815+00,2026-09-10 17:53:22.073157+00,1,1,1,1,32,17,36,54
1789076810.768416,2250104,public,address,2,2026-09-10 18:36:32.586468+00,90008,1383912,2026-09-10 21:46:50.711979+00,3110948,45004,12,0,0,12,45004,12,12,0,2026-09-10 19:36:13.198214+00,2026-09-10 17:53:30.143186+00,2026-09-10 19:36:13.272339+00,2026-09-10 17:53:30.265233+00,1,1,1,1,1,84,75,111
1789076810.768416,2249981,public,trade_type,5888825,2026-09-10 21:46:50.711979+00,20588899,3667,2026-09-10 20:55:34.986889+00,595,5,0,0,0,0,5,0,0,0,2026-09-10 19:30:55.686368+00,,2026-09-10 19:30:55.686494+00,,1,0,1,0,1,0,1,0
1789076810.768416,2250083,public,security,938283,2026-09-10 21:46:50.711979+00,19281715650,152985954,2026-09-10 21:46:50.711979+00,153792850,20550,10,0,0,10,20550,10,10,0,2026-09-10 19:24:23.322571+00,2026-09-10 17:56:48.546012+00,2026-09-10 19:24:23.441929+00,2026-09-10 17:56:48.782769+00,1,1,1,1,6,346,119,237
1789076870.908751,2249856,public,holding,3,2026-09-10 18:14:01.1438+00,53040828,1113203,2026-09-10 21:47:50.862121+00,12874274,26803099,218739,325858,75444,143295,26534868,459294,653975,282685,2026-09-10 19:36:12.75693+00,2026-09-10 18:14:29.263615+00,2026-09-10 19:36:13.060392+00,2026-09-10 18:14:29.882987+00,1,1,1,1,45,7564,301,620
1789076870.908751,2250073,public,news_xref,3,2026-09-10 18:36:32.591284+00,90000,698765,2026-09-10 21:47:50.862121+00,22,30000,0,0,0,0,30000,0,0,0,2026-09-10 19:36:13.161571+00,2026-09-10 17:56:48.169274+00,2026-09-10 19:36:13.172374+00,2026-09-10 17:56:48.192926+00,1,1,1,1,3,164,11,24
1789076870.908751,2250006,public,daily_market,6,2026-09-10 18:14:00.82828+00,53635500,70010402,2026-09-10 21:47:50.862121+00,75986632,26817750,473,0,0,473,26824697,473,473,0,2026-09-10 19:36:21.896725+00,2026-09-10 17:53:30.461218+00,2026-09-10 19:36:22.185295+00,2026-09-10 17:53:31.195492+00,1,1,1,1,1254,8383,288,735
1789076870.908751,2250052,public,last_trade,2,2026-09-10 18:39:23.400642+00,41100,97551534,2026-09-10 21:47:50.862121+00,97551305,20550,972536,0,970299,2237,20550,3342,4316,0,2026-09-10 19:29:05.269132+00,2026-09-10 17:53:30.000417+00,2026-09-10 19:29:05.305716+00,2026-09-10 21:47:18.14185+00,1,1,1,125,3,12,36,10254
1789076870.908751,2250078,public,sector,241246,2026-09-10 21:47:50.862121+00,2894952,81020,2026-09-10 20:55:18.735157+00,81020,12,0,0,0,0,12,0,0,0,2026-09-10 19:24:23.444133+00,,2026-09-10 19:24:23.444255+00,,1,0,1,0,1,0,1,0
1789076870.908751,2250114,public,taxrate,258351,2026-09-10 21:47:50.766013+00,82672320,1329,2026-09-10 21:45:53.307823+00,753,320,10,0,7,3,320,3,10,0,2026-09-10 19:36:20.64208+00,,2026-09-10 19:36:20.642648+00,2026-09-10 17:53:30.277789+00,1,0,1,1,2,0,1,1
1789076870.908751,2249968,public,trade_request,244139,2026-09-10 21:47:50.862121+00,897330430,1167544,2026-09-10 21:47:49.976437+00,561637,201296,0,195196,0,0,4085,841,1685,867,2026-09-10 19:29:04.821787+00,2026-09-10 21:47:18.030825+00,2026-09-10 19:29:04.822356+00,2026-09-10 21:47:18.058744+00,1,126,1,126,1,3854,1,3550
1789076870.908751,2249881,public,watch_item,4,2026-09-10 18:39:23.873407+00,8946495,537919,2026-09-10 21:47:50.862121+00,17758,2982165,10,0,0,10,2982165,10,10,0,2026-09-10 19:29:05.082092+00,2026-09-10 17:53:21.313017+00,2026-09-10 19:29:05.26188+00,2026-09-10 17:53:21.810508+00,1,1,1,1,2,959,180,498
1789076870.908751,2249962,public,trade_history,3,2026-09-10 19:16:53.853864+00,3732502353,12416284,2026-09-10 21:47:50.862121+00,29746269,1245385282,0,0,0,0,1245374013,30981,1186850,1217831,2026-09-10 19:29:02.442332+00,2026-09-10 17:56:39.748253+00,2026-09-10 19:29:04.819007+00,2026-09-10 17:56:46.054213+00,1,1,1,1,277842,64922,2377,6306
1789076870.908751,2249938,public,trade,18,2026-09-10 19:24:22.633472+00,7257600000,15053635,2026-09-10 21:47:50.862121+00,10024622334,518902939,1592898,0,341537,496196,518887355,1256999,1947038,502939,2026-09-10 19:36:10.673673+00,2026-09-10 17:55:13.319747+00,2026-09-10 19:36:12.708234+00,2026-09-10 17:55:14.759594+00,1,1,1,1,313984,19670,2034,1440
1789076870.908751,2250109,public,status_type,3699620,2026-09-10 21:47:50.862121+00,11706096,1152,2026-09-10 20:54:55.224112+00,0,5,0,0,0,0,5,0,0,0,2026-09-10 19:24:23.446735+00,,2026-09-10 19:24:23.446839+00,,1,0,1,0,1,0,1,0
1789076870.908751,2249909,public,charge,502941,2026-09-10 21:47:50.862121+00,7544115,0,,0,15,0,0,0,0,15,0,0,0,2026-09-10 19:30:55.68781+00,,2026-09-10 19:30:55.688433+00,,1,0,1,0,1,0,1,0
1789076870.908751,2249988,public,company,5,2026-09-10 18:39:19.216232+00,75000,93170626,2026-09-10 21:47:50.862121+00,317510846,15000,11,0,0,11,15000,11,11,0,2026-09-10 19:36:13.092374+00,2026-09-10 17:53:21.882165+00,2026-09-10 19:36:13.156371+00,2026-09-10 17:53:21.992193+00,1,1,1,1,31,17,62,110
1789076870.908751,2250062,public,news_item,1,2026-09-10 18:13:01.013209+00,30000,1395973,2026-09-10 21:47:50.862121+00,1409030,30000,20,0,0,20,30000,20,20,0,2026-09-10 19:36:13.288793+00,2026-09-10 17:56:47.547667+00,2026-09-10 19:36:20.294012+00,2026-09-10 17:56:47.994666+00,1,1,1,1,16,1484,143,447
1789076870.908751,2249891,public,broker,244012,2026-09-10 21:47:50.862121+00,73203600,2171435,2026-09-10 21:47:50.862121+00,2169757,300,508775,0,508775,0,300,22,2166,0,2026-09-10 19:24:23.448703+00,2026-09-10 21:33:18.41204+00,2026-09-10 19:38:59.555359+00,2026-09-10 21:47:18.147558+00,1,16,2,128,2,63,3,686
1789076870.908751,2249886,public,watch_list,4,2026-09-10 18:39:19.55136+00,120000,537921,2026-09-10 21:47:50.862121+00,537069,30000,0,0,0,0,30000,0,0,0,2026-09-10 19:29:05.065201+00,2026-09-10 17:53:21.830081+00,2026-09-10 19:29:05.076514+00,2026-09-10 17:53:21.851946+00,1,1,1,1,12,10,12,22
1789076870.908751,2249917,public,commission_rate,3,2026-09-10 18:36:32.553549+00,720,1091837,2026-09-10 21:47:50.862121+00,1919425,240,0,0,0,0,240,0,0,0,2026-09-10 19:30:55.684574+00,,2026-09-10 19:30:55.685011+00,2026-09-10 17:53:21.85719+00,1,0,1,1,1,0,1,1
1789076870.908751,2249851,public,customer_taxrate,3,2026-09-10 18:39:19.221747+00,180000,82673748,2026-09-10 21:47:50.766013+00,10430,60000,11,0,0,11,60000,11,11,0,2026-09-10 19:36:20.607907+00,2026-09-10 17:53:20.297708+00,2026-09-10 19:36:20.638528+00,2026-09-10 17:53:20.350229+00,1,1,1,1,30,19,29,53
1789076870.908751,2249868,public,holding_history,8,2026-09-10 19:24:22.633472+00,2778954508,95011,2026-09-10 21:47:50.599845+00,212521,695565912,0,0,0,0,695382036,173310,653975,827285,2026-09-10 19:38:52.269828+00,2026-09-10 18:00:34.421363+00,2026-09-10 19:38:55.334914+00,2026-09-10 18:00:44.904449+00,1,3,1,3,149084,284220,3065,13235
1789076870.908751,2250046,public,industry,283117,2026-09-10 21:47:50.862121+00,28863789,2430343,2026-09-10 21:47:50.862121+00,2421249,102,0,0,0,0,102,0,0,0,2026-09-10 19:24:23.445694+00,,2026-09-10 19:24:23.445963+00,2026-09-10 17:53:29.973725+00,1,0,1,1,1,0,1,3
1789076870.908751,2250017,public,exchange,1643273,2026-09-10 21:47:50.862121+00,5527228,1536,2026-09-10 20:54:53.872757+00,1152,4,40,0,40,0,4,40,40,0,2026-09-10 19:30:55.68249+00,,2026-09-10 19:30:55.682645+00,,1,0,1,0,1,0,1,0
1789076870.908751,2249901,public,cash_transaction,2,2026-09-10 19:00:28.999306+00,953848714,9867713,2026-09-10 21:47:50.862121+00,9676037,477381223,623753,0,72774,550979,477431265,596657,1070663,456866,2026-09-10 19:30:52.298911+00,2026-09-10 17:59:35.711751+00,2026-09-10 19:30:55.445775+00,2026-09-10 18:00:57.043327+00,1,2,1,3,105990,228022,3126,22811
1789076870.908751,2249875,public,holding_summary,5,2026-09-10 18:36:33.052121+00,4476012,5881176,2026-09-10 21:47:50.862121+00,40806915,1494500,585616,2744,524344,61272,1492057,68515,34800,2496,2026-09-10 19:24:23.479998+00,2026-09-10 18:13:22.057298+00,2026-09-10 19:24:23.595668+00,2026-09-10 21:39:19.260364+00,1,1,1,4,30,365,113,4163
1789076870.908751,2249822,public,account_permission,2,2026-09-10 18:36:32.753413+00,425940,50266,2026-09-10 21:47:50.745756+00,50278,212970,12,0,0,12,212970,12,12,0,2026-09-10 19:29:04.927437+00,2026-09-10 17:53:19.299976+00,2026-09-10 19:29:05.05201+00,2026-09-10 17:53:19.497616+00,1,1,1,1,32,109,122,198
1789076870.908751,2249841,public,customer_account,4,2026-09-10 18:45:15.480553+00,600000,4308997,2026-09-10 21:47:50.862121+00,7216667,150000,457664,0,445635,12029,150000,13839,16970,0,2026-09-10 19:24:23.226634+00,2026-09-10 17:53:20.108136+00,2026-09-10 19:24:23.311106+00,2026-09-10 21:43:18.372336+00,1,1,1,25,12,77,84,10068
1789076870.908751,2250026,public,financial,2,2026-09-10 18:36:32.673292+00,600000,697219,2026-09-10 21:47:50.862121+00,13944342,300000,200,0,0,200,300000,200,200,0,2026-09-10 19:36:20.352757+00,2026-09-10 17:53:29.521608+00,2026-09-10 19:36:20.576514+00,2026-09-10 17:53:29.956687+00,1,1,1,1,57,322,207,435
1789076870.908751,2249830,public,customer,4,2026-09-10 18:39:19.245981+00,120000,3011921,2026-09-10 21:47:50.862121+00,3009150,30000,11,0,0,11,30000,11,11,0,2026-09-10 19:24:22.892301+00,2026-09-10 17:53:19.531775+00,2026-09-10 19:24:23.201268+00,2026-09-10 17:53:20.026228+00,1,1,1,1,59,26,305,495
1789076870.908751,2250121,public,zip_code,2,2026-09-10 18:36:32.586468+00,29482,1395932,2026-09-10 21:47:50.862121+00,1394394,14741,0,0,0,0,14741,0,0,0,2026-09-10 19:36:13.175189+00,2026-09-10 17:53:30.32548+00,2026-09-10 19:36:13.194698+00,2026-09-10 17:53:30.362036+00,1,1,1,1,1,41,20,31
1789076870.908751,2249929,public,settlement,2,2026-09-10 19:06:58.095243+00,1036800000,10472912,2026-09-10 21:47:50.862121+00,10472911,518899393,656460,0,124834,531626,518894284,603563,1142526,499393,2026-09-10 19:38:55.40099+00,2026-09-10 19:38:47.513759+00,2026-09-10 19:38:59.2827+00,2026-09-10 19:38:51.103174+00,1,2,1,2,66,1872326,3881,5015
1789076870.908751,2250000,public,company_competitor,4,2026-09-10 18:39:19.241779+00,180000,697199,2026-09-10 21:47:50.862121+00,0,45000,0,0,0,0,45000,0,0,0,2026-09-10 19:29:04.853693+00,2026-09-10 17:53:22.019369+00,2026-09-10 19:29:04.892815+00,2026-09-10 17:53:22.073157+00,1,1,1,1,32,17,36,54
1789076870.908751,2250104,public,address,2,2026-09-10 18:36:32.586468+00,90008,1395590,2026-09-10 21:47:50.862121+00,3137342,45004,12,0,0,12,45004,12,12,0,2026-09-10 19:36:13.198214+00,2026-09-10 17:53:30.143186+00,2026-09-10 19:36:13.272339+00,2026-09-10 17:53:30.265233+00,1,1,1,1,1,84,75,111
1789076870.908751,2249981,public,trade_type,5937558,2026-09-10 21:47:50.862121+00,20759265,3667,2026-09-10 20:55:34.986889+00,595,5,0,0,0,0,5,0,0,0,2026-09-10 19:30:55.686368+00,,2026-09-10 19:30:55.686494+00,,1,0,1,0,1,0,1,0
1789076870.908751,2250083,public,security,946062,2026-09-10 21:47:50.862121+00,19441574100,154330458,2026-09-10 21:47:50.862121+00,155143578,20550,10,0,0,10,20550,10,10,0,2026-09-10 19:24:23.322571+00,2026-09-10 17:56:48.546012+00,2026-09-10 19:24:23.441929+00,2026-09-10 17:56:48.782769+00,1,1,1,1,6,346,119,237
1789076931.003855,2249856,public,holding,3,2026-09-10 18:14:01.1438+00,53040828,1122841,2026-09-10 21:48:50.970357+00,12983235,26805621,220644,328786,76529,144115,26535017,463023,659494,285207,2026-09-10 19:36:12.75693+00,2026-09-10 18:14:29.263615+00,2026-09-10 19:36:13.060392+00,2026-09-10 18:14:29.882987+00,1,1,1,1,45,7564,301,620
1789076931.003855,2250073,public,news_xref,3,2026-09-10 18:36:32.591284+00,90000,704349,2026-09-10 21:48:50.99135+00,22,30000,0,0,0,0,30000,0,0,0,2026-09-10 19:36:13.161571+00,2026-09-10 17:56:48.169274+00,2026-09-10 19:36:13.172374+00,2026-09-10 17:56:48.192926+00,1,1,1,1,3,164,11,24
1789076931.003855,2250006,public,daily_market,6,2026-09-10 18:14:00.82828+00,53635500,70585652,2026-09-10 21:48:50.99135+00,76548417,26817750,473,0,0,473,26824697,473,473,0,2026-09-10 19:36:21.896725+00,2026-09-10 17:53:30.461218+00,2026-09-10 19:36:22.185295+00,2026-09-10 17:53:31.195492+00,1,1,1,1,1254,8383,288,735
1789076931.003855,2250052,public,last_trade,2,2026-09-10 18:39:23.400642+00,41100,98354262,2026-09-10 21:48:50.99135+00,98354033,20550,980850,0,978611,2239,20550,3513,4323,0,2026-09-10 19:29:05.269132+00,2026-09-10 17:53:30.000417+00,2026-09-10 19:29:05.305716+00,2026-09-10 21:48:18.517737+00,1,1,1,126,3,12,36,10331
1789076931.003855,2250078,public,sector,243198,2026-09-10 21:48:50.970357+00,2918376,81020,2026-09-10 20:55:18.735157+00,81020,12,0,0,0,0,12,0,0,0,2026-09-10 19:24:23.444133+00,,2026-09-10 19:24:23.444255+00,,1,0,1,0,1,0,1,0
1789076931.003855,2250114,public,taxrate,260512,2026-09-10 21:48:50.911687+00,83363840,1329,2026-09-10 21:45:53.307823+00,753,320,10,0,7,3,320,3,10,0,2026-09-10 19:36:20.64208+00,,2026-09-10 19:36:20.642648+00,2026-09-10 17:53:30.277789+00,1,0,1,1,2,0,1,1
1789076931.003855,2249968,public,trade_request,246091,2026-09-10 21:48:50.970357+00,905217042,1177648,2026-09-10 21:48:50.820507+00,566790,202948,0,196936,0,0,3999,940,1762,855,2026-09-10 19:29:04.821787+00,2026-09-10 21:48:18.416159+00,2026-09-10 19:29:04.822356+00,2026-09-10 21:48:18.436819+00,1,127,1,127,1,3878,1,3571
1789076931.003855,2249881,public,watch_item,4,2026-09-10 18:39:23.873407+00,8946495,542335,2026-09-10 21:48:50.99135+00,17871,2982165,10,0,0,10,2982165,10,10,0,2026-09-10 19:29:05.082092+00,2026-09-10 17:53:21.313017+00,2026-09-10 19:29:05.26188+00,2026-09-10 17:53:21.810508+00,1,1,1,1,2,959,180,498
1789076931.003855,2249962,public,trade_history,3,2026-09-10 19:16:53.853864+00,3732502353,12516644,2026-09-10 21:48:50.99135+00,29987091,1245395621,0,0,0,0,1245383874,31459,1196711,1228170,2026-09-10 19:29:02.442332+00,2026-09-10 17:56:39.748253+00,2026-09-10 19:29:04.819007+00,2026-09-10 17:56:46.054213+00,1,1,1,1,277842,64922,2377,6306
1789076931.003855,2249938,public,trade,18,2026-09-10 19:24:22.633472+00,7257600000,15178882,2026-09-10 21:48:50.99135+00,10105538769,518906993,1606445,0,345181,499413,518891377,1266954,1963100,506993,2026-09-10 19:36:10.673673+00,2026-09-10 17:55:13.319747+00,2026-09-10 19:36:12.708234+00,2026-09-10 17:55:14.759594+00,1,1,1,1,313984,19670,2034,1440
1789076931.003855,2250109,public,status_type,3730553,2026-09-10 21:48:50.99135+00,11802058,1152,2026-09-10 20:54:55.224112+00,0,5,0,0,0,0,5,0,0,0,2026-09-10 19:24:23.446735+00,,2026-09-10 19:24:23.446839+00,,1,0,1,0,1,0,1,0
1789076931.003855,2249909,public,charge,506995,2026-09-10 21:48:50.970357+00,7604925,0,,0,15,0,0,0,0,15,0,0,0,2026-09-10 19:30:55.68781+00,,2026-09-10 19:30:55.688433+00,,1,0,1,0,1,0,1,0
1789076931.003855,2249988,public,company,5,2026-09-10 18:39:19.216232+00,75000,93984310,2026-09-10 21:48:50.99135+00,320214102,15000,11,0,0,11,15000,11,11,0,2026-09-10 19:36:13.092374+00,2026-09-10 17:53:21.882165+00,2026-09-10 19:36:13.156371+00,2026-09-10 17:53:21.992193+00,1,1,1,1,31,17,62,110
1789076931.003855,2250062,public,news_item,1,2026-09-10 18:13:01.013209+00,30000,1407141,2026-09-10 21:48:50.99135+00,1420198,30000,20,0,0,20,30000,20,20,0,2026-09-10 19:36:13.288793+00,2026-09-10 17:56:47.547667+00,2026-09-10 19:36:20.294012+00,2026-09-10 17:56:47.994666+00,1,1,1,1,16,1484,143,447
1789076931.003855,2249891,public,broker,245964,2026-09-10 21:48:50.970357+00,73789200,2189457,2026-09-10 21:48:50.99135+00,2187755,300,513269,0,513269,0,300,164,2135,0,2026-09-10 19:24:23.448703+00,2026-09-10 21:33:18.41204+00,2026-09-10 19:38:59.555359+00,2026-09-10 21:48:18.522884+00,1,16,2,129,2,63,3,689
1789076931.003855,2249886,public,watch_list,4,2026-09-10 18:39:19.55136+00,120000,542337,2026-09-10 21:48:50.99135+00,541485,30000,0,0,0,0,30000,0,0,0,2026-09-10 19:29:05.065201+00,2026-09-10 17:53:21.830081+00,2026-09-10 19:29:05.076514+00,2026-09-10 17:53:21.851946+00,1,1,1,1,12,10,12,22
1789076931.003855,2249917,public,commission_rate,3,2026-09-10 18:36:32.553549+00,720,1101091,2026-09-10 21:48:50.970357+00,1935825,240,0,0,0,0,240,0,0,0,2026-09-10 19:30:55.684574+00,,2026-09-10 19:30:55.685011+00,2026-09-10 17:53:21.85719+00,1,0,1,1,1,0,1,1
1789076931.003855,2249851,public,customer_taxrate,3,2026-09-10 18:39:19.221747+00,180000,83365268,2026-09-10 21:48:50.911687+00,10580,60000,11,0,0,11,60000,11,11,0,2026-09-10 19:36:20.607907+00,2026-09-10 17:53:20.297708+00,2026-09-10 19:36:20.638528+00,2026-09-10 17:53:20.350229+00,1,1,1,1,30,19,29,53
1789076931.003855,2249868,public,holding_history,8,2026-09-10 19:24:22.633472+00,2778954508,95769,2026-09-10 21:48:50.970357+00,214191,695573267,0,0,0,0,695387555,175146,659494,834640,2026-09-10 19:38:52.269828+00,2026-09-10 18:00:34.421363+00,2026-09-10 19:38:55.334914+00,2026-09-10 18:00:44.904449+00,1,3,1,3,149084,284220,3065,13235
1789076931.003855,2250046,public,industry,285447,2026-09-10 21:48:50.970357+00,29101449,2447145,2026-09-10 21:48:50.99135+00,2438001,102,0,0,0,0,102,0,0,0,2026-09-10 19:24:23.445694+00,,2026-09-10 19:24:23.445963+00,2026-09-10 17:53:29.973725+00,1,0,1,1,1,0,1,3
1789076931.003855,2250017,public,exchange,1656551,2026-09-10 21:48:50.99135+00,5572029,1536,2026-09-10 20:54:53.872757+00,1152,4,44,0,44,0,4,4,44,0,2026-09-10 19:30:55.68249+00,,2026-09-10 19:30:55.682645+00,,1,0,1,0,1,0,1,0
1789076931.003855,2249901,public,cash_transaction,2,2026-09-10 19:00:28.999306+00,953848714,9948301,2026-09-10 21:48:50.99135+00,9755110,477385285,628878,0,73749,555129,477435053,601398,1079576,460928,2026-09-10 19:30:52.298911+00,2026-09-10 17:59:35.711751+00,2026-09-10 19:30:55.445775+00,2026-09-10 18:00:57.043327+00,1,2,1,3,105990,228022,3126,22811
1789076931.003855,2249875,public,holding_summary,5,2026-09-10 18:36:33.052121+00,4476012,5929984,2026-09-10 21:48:50.99135+00,41141234,1494528,590791,2762,529074,61717,1492066,68986,38899,2524,2026-09-10 19:24:23.479998+00,2026-09-10 18:13:22.057298+00,2026-09-10 19:24:23.595668+00,2026-09-10 21:39:19.260364+00,1,1,1,4,30,365,113,4163
1789076931.003855,2249822,public,account_permission,2,2026-09-10 18:36:32.753413+00,425940,50673,2026-09-10 21:48:50.805409+00,50685,212970,12,0,0,12,212970,12,12,0,2026-09-10 19:29:04.927437+00,2026-09-10 17:53:19.299976+00,2026-09-10 19:29:05.05201+00,2026-09-10 17:53:19.497616+00,1,1,1,1,32,109,122,198
1789076931.003855,2249841,public,customer_account,4,2026-09-10 18:45:15.480553+00,600000,4345114,2026-09-10 21:48:50.99135+00,7276484,150000,461735,0,449533,12202,150000,14108,1966,0,2026-09-10 19:24:23.226634+00,2026-09-10 17:53:20.108136+00,2026-09-10 19:24:23.311106+00,2026-09-10 21:48:18.3906+00,1,1,1,26,12,77,84,10471
1789076931.003855,2250026,public,financial,2,2026-09-10 18:36:32.673292+00,600000,702803,2026-09-10 21:48:50.99135+00,14056022,300000,200,0,0,200,300000,200,200,0,2026-09-10 19:36:20.352757+00,2026-09-10 17:53:29.521608+00,2026-09-10 19:36:20.576514+00,2026-09-10 17:53:29.956687+00,1,1,1,1,57,322,207,435
1789076931.003855,2249830,public,customer,4,2026-09-10 18:39:19.245981+00,120000,3036732,2026-09-10 21:48:50.99135+00,3033913,30000,11,0,0,11,30000,11,11,0,2026-09-10 19:24:22.892301+00,2026-09-10 17:53:19.531775+00,2026-09-10 19:24:23.201268+00,2026-09-10 17:53:20.026228+00,1,1,1,1,59,26,305,495
1789076931.003855,2250121,public,zip_code,2,2026-09-10 18:36:32.586468+00,29482,1407100,2026-09-10 21:48:50.99135+00,1405562,14741,0,0,0,0,14741,0,0,0,2026-09-10 19:36:13.175189+00,2026-09-10 17:53:30.32548+00,2026-09-10 19:36:13.194698+00,2026-09-10 17:53:30.362036+00,1,1,1,1,1,41,20,31
1789076931.003855,2249929,public,settlement,2,2026-09-10 19:06:58.095243+00,1036800000,10558812,2026-09-10 21:48:50.99135+00,10558811,518903804,662020,0,126328,535692,518898383,608426,1152185,503804,2026-09-10 19:38:55.40099+00,2026-09-10 19:38:47.513759+00,2026-09-10 19:38:59.2827+00,2026-09-10 19:38:51.103174+00,1,2,1,2,66,1872326,3881,5015
1789076931.003855,2250000,public,company_competitor,4,2026-09-10 18:39:19.241779+00,180000,702783,2026-09-10 21:48:50.99135+00,0,45000,0,0,0,0,45000,0,0,0,2026-09-10 19:29:04.853693+00,2026-09-10 17:53:22.019369+00,2026-09-10 19:29:04.892815+00,2026-09-10 17:53:22.073157+00,1,1,1,1,32,17,36,54
1789076931.003855,2250104,public,address,2,2026-09-10 18:36:32.586468+00,90008,1406758,2026-09-10 21:48:50.99135+00,3162535,45004,12,0,0,12,45004,12,12,0,2026-09-10 19:36:13.198214+00,2026-09-10 17:53:30.143186+00,2026-09-10 19:36:13.272339+00,2026-09-10 17:53:30.265233+00,1,1,1,1,1,84,75,111
1789076931.003855,2249981,public,trade_type,5986346,2026-09-10 21:48:50.99135+00,20930775,3667,2026-09-10 20:55:34.986889+00,595,5,0,0,0,0,5,0,0,0,2026-09-10 19:30:55.686368+00,,2026-09-10 19:30:55.686494+00,,1,0,1,0,1,0,1,0
1789076931.003855,2250083,public,security,953754,2026-09-10 21:48:50.99135+00,19599644700,155652457,2026-09-10 21:48:50.99135+00,156472938,20550,10,0,0,10,20550,10,10,0,2026-09-10 19:24:23.322571+00,2026-09-10 17:56:48.546012+00,2026-09-10 19:24:23.441929+00,2026-09-10 17:56:48.782769+00,1,1,1,1,6,346,119,237
1789076990.139508,2249856,public,holding,3,2026-09-10 18:14:01.1438+00,53040828,1131885,2026-09-10 21:49:50.092041+00,13087252,26807984,222422,331445,77597,144825,26535185,466458,664931,287570,2026-09-10 19:36:12.75693+00,2026-09-10 18:14:29.263615+00,2026-09-10 19:36:13.060392+00,2026-09-10 18:14:29.882987+00,1,1,1,1,45,7564,301,620
1789076990.139508,2250073,public,news_xref,3,2026-09-10 18:36:32.591284+00,90000,709983,2026-09-10 21:49:50.092041+00,22,30000,0,0,0,0,30000,0,0,0,2026-09-10 19:36:13.161571+00,2026-09-10 17:56:48.169274+00,2026-09-10 19:36:13.172374+00,2026-09-10 17:56:48.192926+00,1,1,1,1,3,164,11,24
1789076990.139508,2250006,public,daily_market,6,2026-09-10 18:14:00.82828+00,53635500,71150552,2026-09-10 21:49:50.092041+00,77099550,26817750,473,0,0,473,26824697,473,473,0,2026-09-10 19:36:21.896725+00,2026-09-10 17:53:30.461218+00,2026-09-10 19:36:22.185295+00,2026-09-10 17:53:31.195492+00,1,1,1,1,1254,8383,288,735
1789076990.139508,2250052,public,last_trade,2,2026-09-10 18:39:23.400642+00,41100,99146713,2026-09-10 21:49:50.092041+00,99146484,20550,988905,0,986666,2239,20550,3314,4365,0,2026-09-10 19:29:05.269132+00,2026-09-10 17:53:30.000417+00,2026-09-10 19:29:05.305716+00,2026-09-10 21:49:18.151582+00,1,1,1,127,3,12,36,10414
1789076990.139508,2250078,public,sector,245187,2026-09-10 21:49:50.092041+00,2942244,81020,2026-09-10 20:55:18.735157+00,81020,12,0,0,0,0,12,0,0,0,2026-09-10 19:24:23.444133+00,,2026-09-10 19:24:23.444255+00,,1,0,1,0,1,0,1,0
1789076990.139508,2250114,public,taxrate,262597,2026-09-10 21:49:50.092041+00,84031040,1329,2026-09-10 21:45:53.307823+00,753,320,10,0,7,3,320,3,10,0,2026-09-10 19:36:20.64208+00,,2026-09-10 19:36:20.642648+00,2026-09-10 17:53:30.277789+00,1,0,1,1,2,0,1,1
1789076990.139508,2249968,public,trade_request,248080,2026-09-10 21:49:50.092041+00,913186772,1187384,2026-09-10 21:49:49.652687+00,571552,204611,0,198563,0,0,4008,911,1779,892,2026-09-10 19:29:04.821787+00,2026-09-10 21:49:18.040957+00,2026-09-10 19:29:04.822356+00,2026-09-10 21:49:18.067674+00,1,128,1,128,1,3920,1,3598
1789076990.139508,2249881,public,watch_item,4,2026-09-10 18:39:23.873407+00,8946495,546695,2026-09-10 21:49:50.092041+00,18255,2982165,10,0,0,10,2982165,10,10,0,2026-09-10 19:29:05.082092+00,2026-09-10 17:53:21.313017+00,2026-09-10 19:29:05.26188+00,2026-09-10 17:53:21.810508+00,1,1,1,1,2,959,180,498
1789076990.139508,2249962,public,trade_history,3,2026-09-10 19:16:53.853864+00,3732502353,12616474,2026-09-10 21:49:50.092041+00,30226945,1245405574,0,0,0,0,1245393596,31690,1206433,1238123,2026-09-10 19:29:02.442332+00,2026-09-10 17:56:39.748253+00,2026-09-10 19:29:04.819007+00,2026-09-10 17:56:46.054213+00,1,1,1,1,277842,64922,2377,6306
1789076990.139508,2249938,public,trade,18,2026-09-10 19:24:22.633472+00,7257600000,15300814,2026-09-10 21:49:50.092041+00,10187444690,518911072,1619619,0,348754,502711,518895419,1276633,1979149,511072,2026-09-10 19:36:10.673673+00,2026-09-10 17:55:13.319747+00,2026-09-10 19:36:12.708234+00,2026-09-10 17:55:14.759594+00,1,1,1,1,313984,19670,2034,1440
1789076990.139508,2250109,public,status_type,3760771,2026-09-10 21:49:50.092041+00,11897163,1152,2026-09-10 20:54:55.224112+00,0,5,0,0,0,0,5,0,0,0,2026-09-10 19:24:23.446735+00,,2026-09-10 19:24:23.446839+00,,1,0,1,0,1,0,1,0
1789076990.139508,2249909,public,charge,511074,2026-09-10 21:49:50.092041+00,7666110,0,,0,15,0,0,0,0,15,0,0,0,2026-09-10 19:30:55.68781+00,,2026-09-10 19:30:55.688433+00,,1,0,1,0,1,0,1,0
1789076990.139508,2249988,public,company,5,2026-09-10 18:39:19.216232+00,75000,94804802,2026-09-10 21:49:50.092041+00,322844178,15000,11,0,0,11,15000,11,11,0,2026-09-10 19:36:13.092374+00,2026-09-10 17:53:21.882165+00,2026-09-10 19:36:13.156371+00,2026-09-10 17:53:21.992193+00,1,1,1,1,31,17,62,110
1789076990.139508,2250062,public,news_item,1,2026-09-10 18:13:01.013209+00,30000,1418409,2026-09-10 21:49:50.092041+00,1431466,30000,20,0,0,20,30000,20,20,0,2026-09-10 19:36:13.288793+00,2026-09-10 17:56:47.547667+00,2026-09-10 19:36:20.294012+00,2026-09-10 17:56:47.994666+00,1,1,1,1,16,1484,143,447
1789076990.139508,2249891,public,broker,247953,2026-09-10 21:49:50.092041+00,74385900,2207211,2026-09-10 21:49:50.092041+00,2205481,300,517483,0,517483,0,300,39,2165,0,2026-09-10 19:24:23.448703+00,2026-09-10 21:49:18.156412+00,2026-09-10 19:38:59.555359+00,2026-09-10 21:49:18.163548+00,1,17,2,130,2,67,3,697
1789076990.139508,2249886,public,watch_list,4,2026-09-10 18:39:19.55136+00,120000,546697,2026-09-10 21:49:50.092041+00,545845,30000,0,0,0,0,30000,0,0,0,2026-09-10 19:29:05.065201+00,2026-09-10 17:53:21.830081+00,2026-09-10 19:29:05.076514+00,2026-09-10 17:53:21.851946+00,1,1,1,1,12,10,12,22
1789076990.139508,2249917,public,commission_rate,3,2026-09-10 18:36:32.553549+00,720,1110040,2026-09-10 21:49:50.092041+00,1951498,240,0,0,0,0,240,0,0,0,2026-09-10 19:30:55.684574+00,,2026-09-10 19:30:55.685011+00,2026-09-10 17:53:21.85719+00,1,0,1,1,1,0,1,1
1789076990.139508,2249851,public,customer_taxrate,3,2026-09-10 18:39:19.221747+00,180000,84032468,2026-09-10 21:49:50.092041+00,10780,60000,11,0,0,11,60000,11,11,0,2026-09-10 19:36:20.607907+00,2026-09-10 17:53:20.297708+00,2026-09-10 19:36:20.638528+00,2026-09-10 17:53:20.350229+00,1,1,1,1,30,19,29,53
1789076990.139508,2249868,public,holding_history,8,2026-09-10 19:24:22.633472+00,2778954508,96543,2026-09-10 21:49:50.092041+00,215946,695580067,0,0,0,0,695392992,176509,664931,841440,2026-09-10 19:38:52.269828+00,2026-09-10 18:00:34.421363+00,2026-09-10 19:38:55.334914+00,2026-09-10 18:00:44.904449+00,1,3,1,3,149084,284220,3065,13235
1789076990.139508,2250046,public,industry,287798,2026-09-10 21:49:50.092041+00,29341251,2464101,2026-09-10 21:49:50.092041+00,2454903,102,0,0,0,0,102,0,0,0,2026-09-10 19:24:23.445694+00,,2026-09-10 19:24:23.445963+00,2026-09-10 17:53:29.973725+00,1,0,1,1,1,0,1,3
1789076990.139508,2250017,public,exchange,1669864,2026-09-10 21:49:50.092041+00,5616942,1536,2026-09-10 20:54:53.872757+00,1152,4,44,0,44,0,4,4,44,0,2026-09-10 19:30:55.68249+00,,2026-09-10 19:30:55.682645+00,,1,0,1,0,1,0,1,0
1789076990.139508,2249901,public,cash_transaction,2,2026-09-10 19:00:28.999306+00,953848714,10027699,2026-09-10 21:49:50.092041+00,9832899,477389076,633930,0,74764,559166,477438783,605879,1088358,464719,2026-09-10 19:30:52.298911+00,2026-09-10 17:59:35.711751+00,2026-09-10 19:30:55.445775+00,2026-09-10 18:00:57.043327+00,1,2,1,3,105990,228022,3126,22811
1789076990.139508,2249875,public,holding_summary,5,2026-09-10 18:36:33.052121+00,4476012,5978128,2026-09-10 21:49:50.092041+00,41476454,1494546,595639,2773,533680,61959,1492072,69269,42952,2542,2026-09-10 19:24:23.479998+00,2026-09-10 18:13:22.057298+00,2026-09-10 19:24:23.595668+00,2026-09-10 21:39:19.260364+00,1,1,1,4,30,365,113,4163
1789076990.139508,2249822,public,account_permission,2,2026-09-10 18:36:32.753413+00,425940,51079,2026-09-10 21:49:50.01247+00,51091,212970,12,0,0,12,212970,12,12,0,2026-09-10 19:29:04.927437+00,2026-09-10 17:53:19.299976+00,2026-09-10 19:29:05.05201+00,2026-09-10 17:53:19.497616+00,1,1,1,1,32,109,122,198
1789076990.139508,2249841,public,customer_account,4,2026-09-10 18:45:15.480553+00,600000,4380394,2026-09-10 21:49:50.092041+00,7335559,150000,465529,0,453317,12212,150000,14132,5696,0,2026-09-10 19:24:23.226634+00,2026-09-10 17:53:20.108136+00,2026-09-10 19:24:23.311106+00,2026-09-10 21:48:18.3906+00,1,1,1,26,12,77,84,10471
1789076990.139508,2250026,public,financial,2,2026-09-10 18:36:32.673292+00,600000,708439,2026-09-10 21:49:50.092041+00,14168742,300000,220,0,0,220,300000,220,220,0,2026-09-10 19:36:20.352757+00,2026-09-10 17:53:29.521608+00,2026-09-10 19:36:20.576514+00,2026-09-10 17:53:29.956687+00,1,1,1,1,57,322,207,435
1789076990.139508,2249830,public,customer,4,2026-09-10 18:39:19.245981+00,120000,3061325,2026-09-10 21:49:50.092041+00,3058458,30000,11,0,0,11,30000,11,11,0,2026-09-10 19:24:22.892301+00,2026-09-10 17:53:19.531775+00,2026-09-10 19:24:23.201268+00,2026-09-10 17:53:20.026228+00,1,1,1,1,59,26,305,495
1789076990.139508,2250121,public,zip_code,2,2026-09-10 18:36:32.586468+00,29482,1418368,2026-09-10 21:49:50.092041+00,1416830,14741,0,0,0,0,14741,0,0,0,2026-09-10 19:36:13.175189+00,2026-09-10 17:53:30.32548+00,2026-09-10 19:36:13.194698+00,2026-09-10 17:53:30.362036+00,1,1,1,1,1,41,20,31
1789076990.139508,2249929,public,settlement,2,2026-09-10 19:06:58.095243+00,1036800000,10642592,2026-09-10 21:49:50.092041+00,10642591,518907939,667140,0,127692,539448,518902436,612626,1161358,507939,2026-09-10 19:38:55.40099+00,2026-09-10 19:38:47.513759+00,2026-09-10 19:38:59.2827+00,2026-09-10 19:38:51.103174+00,1,2,1,2,66,1872326,3881,5015
1789076990.139508,2250000,public,company_competitor,4,2026-09-10 18:39:19.241779+00,180000,708417,2026-09-10 21:49:50.092041+00,0,45000,0,0,0,0,45000,0,0,0,2026-09-10 19:29:04.853693+00,2026-09-10 17:53:22.019369+00,2026-09-10 19:29:04.892815+00,2026-09-10 17:53:22.073157+00,1,1,1,1,32,17,36,54
1789076990.139508,2250104,public,address,2,2026-09-10 18:36:32.586468+00,90008,1418026,2026-09-10 21:49:50.092041+00,3188000,45004,12,0,0,12,45004,12,12,0,2026-09-10 19:36:13.198214+00,2026-09-10 17:53:30.143186+00,2026-09-10 19:36:13.272339+00,2026-09-10 17:53:30.265233+00,1,1,1,1,1,84,75,111
1789076990.139508,2249981,public,trade_type,6033506,2026-09-10 21:49:50.092041+00,21097302,3667,2026-09-10 20:55:34.986889+00,595,5,0,0,0,0,5,0,0,0,2026-09-10 19:30:55.686368+00,,2026-09-10 19:30:55.686494+00,,1,0,1,0,1,0,1,0
1789076990.139508,2250083,public,security,961433,2026-09-10 21:49:50.092041+00,19757448150,156964687,2026-09-10 21:49:50.092041+00,157791057,20550,10,0,0,10,20550,10,10,0,2026-09-10 19:24:23.322571+00,2026-09-10 17:56:48.546012+00,2026-09-10 19:24:23.441929+00,2026-09-10 17:56:48.782769+00,1,1,1,1,6,346,119,237
1789077050.230736,2249856,public,holding,3,2026-09-10 18:14:01.1438+00,53040828,1141187,2026-09-10 21:50:50.116992+00,13194162,26810334,224254,334195,78661,145593,26535228,469955,670462,289920,2026-09-10 19:36:12.75693+00,2026-09-10 18:14:29.263615+00,2026-09-10 19:36:13.060392+00,2026-09-10 18:14:29.882987+00,1,1,1,1,45,7564,301,620
1789077050.230736,2250073,public,news_xref,3,2026-09-10 18:36:32.591284+00,90000,715820,2026-09-10 21:50:50.153931+00,24,30000,0,0,0,0,30000,0,0,0,2026-09-10 19:36:13.161571+00,2026-09-10 17:56:48.169274+00,2026-09-10 19:36:13.172374+00,2026-09-10 17:56:48.192926+00,1,1,1,1,3,164,11,24
1789077050.230736,2250006,public,daily_market,6,2026-09-10 18:14:00.82828+00,53635500,71729948,2026-09-10 21:50:50.153931+00,77664675,26817750,473,0,0,473,26824697,473,473,0,2026-09-10 19:36:21.896725+00,2026-09-10 17:53:30.461218+00,2026-09-10 19:36:22.185295+00,2026-09-10 17:53:31.195492+00,1,1,1,1,1254,8383,288,735
1789077050.230736,2250052,public,last_trade,2,2026-09-10 18:39:23.400642+00,41100,99951661,2026-09-10 21:50:50.153931+00,99951432,20550,997066,0,994826,2240,20550,3493,4299,0,2026-09-10 19:29:05.269132+00,2026-09-10 17:53:30.000417+00,2026-09-10 19:29:05.305716+00,2026-09-10 21:50:18.149901+00,1,1,1,128,3,12,36,10497
1789077050.230736,2250078,public,sector,247200,2026-09-10 21:50:50.116992+00,2966400,81020,2026-09-10 20:55:18.735157+00,81020,12,0,0,0,0,12,0,0,0,2026-09-10 19:24:23.444133+00,,2026-09-10 19:24:23.444255+00,,1,0,1,0,1,0,1,0
1789077050.230736,2250114,public,taxrate,264758,2026-09-10 21:50:50.031243+00,84722560,1329,2026-09-10 21:45:53.307823+00,753,320,10,0,7,3,320,3,10,0,2026-09-10 19:36:20.64208+00,,2026-09-10 19:36:20.642648+00,2026-09-10 17:53:30.277789+00,1,0,1,1,2,0,1,1
1789077050.230736,2249968,public,trade_request,250093,2026-09-10 21:50:50.116992+00,921319322,1197201,2026-09-10 21:50:49.938605+00,576509,206291,0,200167,0,0,4066,872,1734,895,2026-09-10 19:29:04.821787+00,2026-09-10 21:50:18.036398+00,2026-09-10 19:29:04.822356+00,2026-09-10 21:50:18.062171+00,1,129,1,129,1,3951,1,3624
1789077050.230736,2249881,public,watch_item,4,2026-09-10 18:39:23.873407+00,8946495,551120,2026-09-10 21:50:50.153931+00,18494,2982165,10,0,0,10,2982165,10,10,0,2026-09-10 19:29:05.082092+00,2026-09-10 17:53:21.313017+00,2026-09-10 19:29:05.26188+00,2026-09-10 17:53:21.810508+00,1,1,1,1,2,959,180,498
1789077050.230736,2249962,public,trade_history,3,2026-09-10 19:16:53.853864+00,3732502353,12719924,2026-09-10 21:50:50.153931+00,30474946,1245415619,0,0,0,0,1245403423,31908,1216260,1248168,2026-09-10 19:29:02.442332+00,2026-09-10 17:56:39.748253+00,2026-09-10 19:29:04.819007+00,2026-09-10 17:56:46.054213+00,1,1,1,1,277842,64922,2377,6306
1789077050.230736,2249938,public,trade,18,2026-09-10 19:24:22.633472+00,7257600000,15427231,2026-09-10 21:50:50.255385+00,10270872597,518915248,1633310,0,352635,506234,518899561,1286482,1995838,515248,2026-09-10 19:36:10.673673+00,2026-09-10 17:55:13.319747+00,2026-09-10 19:36:12.708234+00,2026-09-10 17:55:14.759594+00,1,1,1,1,313984,19670,2034,1440
1789077050.230736,2250109,public,status_type,3791352,2026-09-10 21:50:50.255385+00,11993628,1152,2026-09-10 20:54:55.224112+00,0,5,0,0,0,0,5,0,0,0,2026-09-10 19:24:23.446735+00,,2026-09-10 19:24:23.446839+00,,1,0,1,0,1,0,1,0
1789077050.230736,2249909,public,charge,515250,2026-09-10 21:50:50.153931+00,7728750,0,,0,15,0,0,0,0,15,0,0,0,2026-09-10 19:30:55.68781+00,,2026-09-10 19:30:55.688433+00,,1,0,1,0,1,0,1,0
1789077050.230736,2249988,public,company,5,2026-09-10 18:39:19.216232+00,75000,95646540,2026-09-10 21:50:50.153931+00,325530495,15000,11,0,0,11,15000,11,11,0,2026-09-10 19:36:13.092374+00,2026-09-10 17:53:21.882165+00,2026-09-10 19:36:13.156371+00,2026-09-10 17:53:21.992193+00,1,1,1,1,31,17,62,110
1789077050.230736,2250062,public,news_item,1,2026-09-10 18:13:01.013209+00,30000,1430081,2026-09-10 21:50:50.153931+00,1443136,30000,22,0,0,22,30000,22,22,0,2026-09-10 19:36:13.288793+00,2026-09-10 17:56:47.547667+00,2026-09-10 19:36:20.294012+00,2026-09-10 17:56:47.994666+00,1,1,1,1,16,1484,143,447
1789077050.230736,2249891,public,broker,249966,2026-09-10 21:50:50.116992+00,74989800,2225245,2026-09-10 21:50:50.255385+00,2223506,300,521722,0,521722,0,300,75,2152,0,2026-09-10 19:24:23.448703+00,2026-09-10 21:49:18.156412+00,2026-09-10 19:38:59.555359+00,2026-09-10 21:50:18.155486+00,1,17,2,131,2,67,3,701
1789077050.230736,2249886,public,watch_list,4,2026-09-10 18:39:19.55136+00,120000,551122,2026-09-10 21:50:50.153931+00,550270,30000,0,0,0,0,30000,0,0,0,2026-09-10 19:29:05.065201+00,2026-09-10 17:53:21.830081+00,2026-09-10 19:29:05.076514+00,2026-09-10 17:53:21.851946+00,1,1,1,1,12,10,12,22
1789077050.230736,2249917,public,commission_rate,3,2026-09-10 18:36:32.553549+00,720,1119111,2026-09-10 21:50:50.255385+00,1967542,240,0,0,0,0,240,0,0,0,2026-09-10 19:30:55.684574+00,,2026-09-10 19:30:55.685011+00,2026-09-10 17:53:21.85719+00,1,0,1,1,1,0,1,1
1789077050.230736,2249851,public,customer_taxrate,3,2026-09-10 18:39:19.221747+00,180000,84723988,2026-09-10 21:50:50.031243+00,10918,60000,11,0,0,11,60000,11,11,0,2026-09-10 19:36:20.607907+00,2026-09-10 17:53:20.297708+00,2026-09-10 19:36:20.638528+00,2026-09-10 17:53:20.350229+00,1,1,1,1,30,19,29,53
1789077050.230736,2249868,public,holding_history,8,2026-09-10 19:24:22.633472+00,2778954508,97390,2026-09-10 21:50:50.116992+00,217904,695586999,0,0,0,0,695398523,177910,670462,848372,2026-09-10 19:38:52.269828+00,2026-09-10 18:00:34.421363+00,2026-09-10 19:38:55.334914+00,2026-09-10 18:00:44.904449+00,1,3,1,3,149084,284220,3065,13235
1789077050.230736,2250046,public,industry,290180,2026-09-10 21:50:50.116992+00,29584215,2481655,2026-09-10 21:50:50.153931+00,2472405,102,0,0,0,0,102,0,0,0,2026-09-10 19:24:23.445694+00,,2026-09-10 19:24:23.445963+00,2026-09-10 17:53:29.973725+00,1,0,1,1,1,0,1,3
1789077050.230736,2250017,public,exchange,1683522,2026-09-10 21:50:50.153931+00,5662791,1536,2026-09-10 20:54:53.872757+00,1152,4,44,0,44,0,4,4,44,0,2026-09-10 19:30:55.68249+00,,2026-09-10 19:30:55.682645+00,,1,0,1,0,1,0,1,0
1789077050.230736,2249901,public,cash_transaction,2,2026-09-10 19:00:28.999306+00,953848714,10110230,2026-09-10 21:50:50.153931+00,9913829,477392896,639018,0,75808,563210,477442546,610282,1097209,468539,2026-09-10 19:30:52.298911+00,2026-09-10 17:59:35.711751+00,2026-09-10 19:30:55.445775+00,2026-09-10 18:00:57.043327+00,1,2,1,3,105990,228022,3126,22811
1789077050.230736,2249875,public,holding_summary,5,2026-09-10 18:36:33.052121+00,4476012,6026712,2026-09-10 21:50:50.255385+00,41813241,1494569,600507,2794,538282,62225,1492075,69579,47033,2565,2026-09-10 19:24:23.479998+00,2026-09-10 18:13:22.057298+00,2026-09-10 19:24:23.595668+00,2026-09-10 21:39:19.260364+00,1,1,1,4,30,365,113,4163
1789077050.230736,2249822,public,account_permission,2,2026-09-10 18:36:32.753413+00,425940,51500,2026-09-10 21:50:50.031243+00,51512,212970,12,0,0,12,212970,12,12,0,2026-09-10 19:29:04.927437+00,2026-09-10 17:53:19.299976+00,2026-09-10 19:29:05.05201+00,2026-09-10 17:53:19.497616+00,1,1,1,1,32,109,122,198
1789077050.230736,2249841,public,customer_account,4,2026-09-10 18:45:15.480553+00,600000,4416189,2026-09-10 21:50:50.255385+00,7395292,150000,469354,0,457125,12229,150000,14214,9459,0,2026-09-10 19:24:23.226634+00,2026-09-10 17:53:20.108136+00,2026-09-10 19:24:23.311106+00,2026-09-10 21:48:18.3906+00,1,1,1,26,12,77,84,10471
1789077050.230736,2250026,public,financial,2,2026-09-10 18:36:32.673292+00,600000,714273,2026-09-10 21:50:50.153931+00,14285422,300000,220,0,0,220,300000,220,220,0,2026-09-10 19:36:20.352757+00,2026-09-10 17:53:29.521608+00,2026-09-10 19:36:20.576514+00,2026-09-10 17:53:29.956687+00,1,1,1,1,57,322,207,435
1789077050.230736,2249830,public,customer,4,2026-09-10 18:39:19.245981+00,120000,3086312,2026-09-10 21:50:50.255385+00,3083397,30000,11,0,0,11,30000,11,11,0,2026-09-10 19:24:22.892301+00,2026-09-10 17:53:19.531775+00,2026-09-10 19:24:23.201268+00,2026-09-10 17:53:20.026228+00,1,1,1,1,59,26,305,495
1789077050.230736,2250121,public,zip_code,2,2026-09-10 18:36:32.586468+00,29482,1430036,2026-09-10 21:50:50.153931+00,1428498,14741,0,0,0,0,14741,0,0,0,2026-09-10 19:36:13.175189+00,2026-09-10 17:53:30.32548+00,2026-09-10 19:36:13.194698+00,2026-09-10 17:53:30.362036+00,1,1,1,1,1,41,20,31
1789077050.230736,2249929,public,settlement,2,2026-09-10 19:06:58.095243+00,1036800000,10729772,2026-09-10 21:50:50.153931+00,10729771,518912097,672280,0,129061,543219,518906517,616852,1170579,512097,2026-09-10 19:38:55.40099+00,2026-09-10 19:38:47.513759+00,2026-09-10 19:38:59.2827+00,2026-09-10 19:38:51.103174+00,1,2,1,2,66,1872326,3881,5015
1789077050.230736,2250000,public,company_competitor,4,2026-09-10 18:39:19.241779+00,180000,714251,2026-09-10 21:50:50.153931+00,0,45000,0,0,0,0,45000,0,0,0,2026-09-10 19:29:04.853693+00,2026-09-10 17:53:22.019369+00,2026-09-10 19:29:04.892815+00,2026-09-10 17:53:22.073157+00,1,1,1,1,32,17,36,54
1789077050.230736,2250104,public,address,2,2026-09-10 18:36:32.586468+00,90008,1429694,2026-09-10 21:50:50.153931+00,3214221,45004,12,0,0,12,45004,12,12,0,2026-09-10 19:36:13.198214+00,2026-09-10 17:53:30.143186+00,2026-09-10 19:36:13.272339+00,2026-09-10 17:53:30.265233+00,1,1,1,1,1,84,75,111
1789077050.230736,2249981,public,trade_type,6083599,2026-09-10 21:50:50.255385+00,21271634,3667,2026-09-10 20:55:34.986889+00,595,5,0,0,0,0,5,0,0,0,2026-09-10 19:30:55.686368+00,,2026-09-10 19:30:55.686494+00,,1,0,1,0,1,0,1,0
1789077050.230736,2250083,public,security,969257,2026-09-10 21:50:50.153931+00,19918231350,158312808,2026-09-10 21:50:50.255385+00,159146493,20550,10,0,0,10,20550,10,10,0,2026-09-10 19:24:23.322571+00,2026-09-10 17:56:48.546012+00,2026-09-10 19:24:23.441929+00,2026-09-10 17:56:48.782769+00,1,1,1,1,6,346,119,237
1789077110.351049,2249856,public,holding,3,2026-09-10 18:14:01.1438+00,53040828,1150706,2026-09-10 21:51:50.36035+00,13301712,26812720,226129,337029,79757,146372,26535324,473555,675876,292306,2026-09-10 19:36:12.75693+00,2026-09-10 18:14:29.263615+00,2026-09-10 19:36:13.060392+00,2026-09-10 18:14:29.882987+00,1,1,1,1,45,7564,301,620
1789077110.351049,2250073,public,news_xref,3,2026-09-10 18:36:32.591284+00,90000,721435,2026-09-10 21:51:50.36035+00,24,30000,0,0,0,0,30000,0,0,0,2026-09-10 19:36:13.161571+00,2026-09-10 17:56:48.169274+00,2026-09-10 19:36:13.172374+00,2026-09-10 17:56:48.192926+00,1,1,1,1,3,164,11,24
1789077110.351049,2250006,public,daily_market,6,2026-09-10 18:14:00.82828+00,53635500,72296808,2026-09-10 21:51:50.36035+00,78217845,26817750,473,0,0,473,26824697,473,473,0,2026-09-10 19:36:21.896725+00,2026-09-10 17:53:30.461218+00,2026-09-10 19:36:22.185295+00,2026-09-10 17:53:31.195492+00,1,1,1,1,1254,8383,288,735
1789077110.351049,2250052,public,last_trade,2,2026-09-10 18:39:23.400642+00,41100,100743665,2026-09-10 21:51:50.36035+00,100743436,20550,1005105,0,1002863,2242,20550,3571,4438,0,2026-09-10 19:29:05.269132+00,2026-09-10 17:53:30.000417+00,2026-09-10 19:29:05.305716+00,2026-09-10 21:51:18.160923+00,1,1,1,129,3,12,36,10578
1789077110.351049,2250078,public,sector,249169,2026-09-10 21:51:50.254579+00,2990028,81020,2026-09-10 20:55:18.735157+00,81020,12,0,0,0,0,12,0,0,0,2026-09-10 19:24:23.444133+00,,2026-09-10 19:24:23.444255+00,,1,0,1,0,1,0,1,0
1789077110.351049,2250114,public,taxrate,266948,2026-09-10 21:51:50.36035+00,85423360,1329,2026-09-10 21:45:53.307823+00,753,320,10,0,7,3,320,3,10,0,2026-09-10 19:36:20.64208+00,,2026-09-10 19:36:20.642648+00,2026-09-10 17:53:30.277789+00,1,0,1,1,2,0,1,1
1789077110.351049,2249968,public,trade_request,252062,2026-09-10 21:51:50.254579+00,929360406,1206909,2026-09-10 21:51:49.902241+00,581436,207914,0,201786,0,0,4046,923,1778,868,2026-09-10 19:29:04.821787+00,2026-09-10 21:51:18.044074+00,2026-09-10 19:29:04.822356+00,2026-09-10 21:51:18.077405+00,1,130,1,130,1,3980,1,3658
1789077110.351049,2249881,public,watch_item,4,2026-09-10 18:39:23.873407+00,8946495,555433,2026-09-10 21:51:50.254579+00,18595,2982165,10,0,0,10,2982165,10,10,0,2026-09-10 19:29:05.082092+00,2026-09-10 17:53:21.313017+00,2026-09-10 19:29:05.26188+00,2026-09-10 17:53:21.810508+00,1,1,1,1,2,959,180,498
1789077110.351049,2249962,public,trade_history,3,2026-09-10 19:16:53.853864+00,3732502353,12820534,2026-09-10 21:51:50.36035+00,30716398,1245425556,0,0,0,0,1245413096,32172,1225933,1258105,2026-09-10 19:29:02.442332+00,2026-09-10 17:56:39.748253+00,2026-09-10 19:29:04.819007+00,2026-09-10 17:56:46.054213+00,1,1,1,1,277842,64922,2377,6306
1789077110.351049,2249938,public,trade,18,2026-09-10 19:24:22.633472+00,7257600000,15553095,2026-09-10 21:51:50.36035+00,10350819900,518919314,1646759,0,356356,509545,518903592,1296143,2011913,519314,2026-09-10 19:36:10.673673+00,2026-09-10 17:55:13.319747+00,2026-09-10 19:36:12.708234+00,2026-09-10 17:55:14.759594+00,1,1,1,1,313984,19670,2034,1440
1789077110.351049,2250109,public,status_type,3821653,2026-09-10 21:51:50.36035+00,12088969,1152,2026-09-10 20:54:55.224112+00,0,5,0,0,0,0,5,0,0,0,2026-09-10 19:24:23.446735+00,,2026-09-10 19:24:23.446839+00,,1,0,1,0,1,0,1,0
1789077110.351049,2249909,public,charge,519316,2026-09-10 21:51:50.36035+00,7789740,0,,0,15,0,0,0,0,15,0,0,0,2026-09-10 19:30:55.68781+00,,2026-09-10 19:30:55.688433+00,,1,0,1,0,1,0,1,0
1789077110.351049,2249988,public,company,5,2026-09-10 18:39:19.216232+00,75000,96476759,2026-09-10 21:51:50.36035+00,328210294,15000,11,0,0,11,15000,11,11,0,2026-09-10 19:36:13.092374+00,2026-09-10 17:53:21.882165+00,2026-09-10 19:36:13.156371+00,2026-09-10 17:53:21.992193+00,1,1,1,1,31,17,62,110
1789077110.351049,2250062,public,news_item,1,2026-09-10 18:13:01.013209+00,30000,1441311,2026-09-10 21:51:50.36035+00,1454366,30000,22,0,0,22,30000,22,22,0,2026-09-10 19:36:13.288793+00,2026-09-10 17:56:47.547667+00,2026-09-10 19:36:20.294012+00,2026-09-10 17:56:47.994666+00,1,1,1,1,16,1484,143,447
1789077110.351049,2249891,public,broker,251935,2026-09-10 21:51:50.254579+00,75580500,2242933,2026-09-10 21:51:50.36035+00,2241179,300,525933,0,525933,0,300,63,2247,0,2026-09-10 19:24:23.448703+00,2026-09-10 21:49:18.156412+00,2026-09-10 19:38:59.555359+00,2026-09-10 21:51:18.16577+00,1,17,2,132,2,67,3,705
1789077110.351049,2249886,public,watch_list,4,2026-09-10 18:39:19.55136+00,120000,555435,2026-09-10 21:51:50.254579+00,554583,30000,0,0,0,0,30000,0,0,0,2026-09-10 19:29:05.065201+00,2026-09-10 17:53:21.830081+00,2026-09-10 19:29:05.076514+00,2026-09-10 17:53:21.851946+00,1,1,1,1,12,10,12,22
1789077110.351049,2249917,public,commission_rate,3,2026-09-10 18:36:32.553549+00,720,1128179,2026-09-10 21:51:50.36035+00,1983607,240,0,0,0,0,240,0,0,0,2026-09-10 19:30:55.684574+00,,2026-09-10 19:30:55.685011+00,2026-09-10 17:53:21.85719+00,1,0,1,1,1,0,1,1
1789077110.351049,2249851,public,customer_taxrate,3,2026-09-10 18:39:19.221747+00,180000,85424788,2026-09-10 21:51:50.36035+00,11029,60000,11,0,0,11,60000,11,11,0,2026-09-10 19:36:20.607907+00,2026-09-10 17:53:20.297708+00,2026-09-10 19:36:20.638528+00,2026-09-10 17:53:20.350229+00,1,1,1,1,30,19,29,53
1789077110.351049,2249868,public,holding_history,8,2026-09-10 19:24:22.633472+00,2778954508,98130,2026-09-10 21:51:50.113364+00,219562,695594094,0,0,0,0,695403937,179591,675876,855467,2026-09-10 19:38:52.269828+00,2026-09-10 18:00:34.421363+00,2026-09-10 19:38:55.334914+00,2026-09-10 18:00:44.904449+00,1,3,1,3,149084,284220,3065,13235
1789077110.351049,2250046,public,industry,292519,2026-09-10 21:51:50.254579+00,29822793,2498550,2026-09-10 21:51:50.36035+00,2489250,102,0,0,0,0,102,0,0,0,2026-09-10 19:24:23.445694+00,,2026-09-10 19:24:23.445963+00,2026-09-10 17:53:29.973725+00,1,0,1,1,1,0,1,3
1789077110.351049,2250017,public,exchange,1696845,2026-09-10 21:51:50.36035+00,5707743,1536,2026-09-10 20:54:53.872757+00,1152,4,44,0,44,0,4,4,44,0,2026-09-10 19:30:55.68249+00,,2026-09-10 19:30:55.682645+00,,1,0,1,0,1,0,1,0
1789077110.351049,2249901,public,cash_transaction,2,2026-09-10 19:00:28.999306+00,953848714,10188801,2026-09-10 21:51:50.36035+00,9990949,477396702,643697,0,76783,566914,477446270,614361,1105612,472345,2026-09-10 19:30:52.298911+00,2026-09-10 17:59:35.711751+00,2026-09-10 19:30:55.445775+00,2026-09-10 18:00:57.043327+00,1,2,1,3,105990,228022,3126,22811
1789077110.351049,2249875,public,holding_summary,5,2026-09-10 18:36:33.052121+00,4476012,6075093,2026-09-10 21:51:50.36035+00,42146882,1494588,605499,2820,542906,62593,1492075,69892,51056,2584,2026-09-10 19:24:23.479998+00,2026-09-10 18:13:22.057298+00,2026-09-10 19:24:23.595668+00,2026-09-10 21:39:19.260364+00,1,1,1,4,30,365,113,4163
1789077110.351049,2249822,public,account_permission,2,2026-09-10 18:36:32.753413+00,425940,51892,2026-09-10 21:51:50.151178+00,51904,212970,12,0,0,12,212970,12,12,0,2026-09-10 19:29:04.927437+00,2026-09-10 17:53:19.299976+00,2026-09-10 19:29:05.05201+00,2026-09-10 17:53:19.497616+00,1,1,1,1,32,109,122,198
1789077110.351049,2249841,public,customer_account,4,2026-09-10 18:45:15.480553+00,600000,4451573,2026-09-10 21:51:50.36035+00,7454294,150000,473170,0,460913,12257,150000,14265,13183,0,2026-09-10 19:24:23.226634+00,2026-09-10 17:53:20.108136+00,2026-09-10 19:24:23.311106+00,2026-09-10 21:48:18.3906+00,1,1,1,26,12,77,84,10471
1789077110.351049,2250026,public,financial,2,2026-09-10 18:36:32.673292+00,600000,719888,2026-09-10 21:51:50.36035+00,14397722,300000,220,0,0,220,300000,220,220,0,2026-09-10 19:36:20.352757+00,2026-09-10 17:53:29.521608+00,2026-09-10 19:36:20.576514+00,2026-09-10 17:53:29.956687+00,1,1,1,1,57,322,207,435
1789077110.351049,2249830,public,customer,4,2026-09-10 18:39:19.245981+00,120000,3111041,2026-09-10 21:51:50.36035+00,3108125,30000,11,0,0,11,30000,11,11,0,2026-09-10 19:24:22.892301+00,2026-09-10 17:53:19.531775+00,2026-09-10 19:24:23.201268+00,2026-09-10 17:53:20.026228+00,1,1,1,1,59,26,305,495
1789077110.351049,2250121,public,zip_code,2,2026-09-10 18:36:32.586468+00,29482,1441266,2026-09-10 21:51:50.36035+00,1439728,14741,0,0,0,0,14741,0,0,0,2026-09-10 19:36:13.175189+00,2026-09-10 17:53:30.32548+00,2026-09-10 19:36:13.194698+00,2026-09-10 17:53:30.362036+00,1,1,1,1,1,41,20,31
1789077110.351049,2249929,public,settlement,2,2026-09-10 19:06:58.095243+00,1036800000,10814252,2026-09-10 21:51:50.36035+00,10814251,518916227,677740,0,130498,547242,518910540,621449,1180062,516227,2026-09-10 19:38:55.40099+00,2026-09-10 19:38:47.513759+00,2026-09-10 19:38:59.2827+00,2026-09-10 19:38:51.103174+00,1,2,1,2,66,1872326,3881,5015
1789077110.351049,2250000,public,company_competitor,4,2026-09-10 18:39:19.241779+00,180000,719866,2026-09-10 21:51:50.36035+00,0,45000,0,0,0,0,45000,0,0,0,2026-09-10 19:29:04.853693+00,2026-09-10 17:53:22.019369+00,2026-09-10 19:29:04.892815+00,2026-09-10 17:53:22.073157+00,1,1,1,1,32,17,36,54
1789077110.351049,2250104,public,address,2,2026-09-10 18:36:32.586468+00,90008,1440924,2026-09-10 21:51:50.36035+00,3239571,45004,12,0,0,12,45004,12,12,0,2026-09-10 19:36:13.198214+00,2026-09-10 17:53:30.143186+00,2026-09-10 19:36:13.272339+00,2026-09-10 17:53:30.265233+00,1,1,1,1,1,84,75,111
1789077110.351049,2249981,public,trade_type,6133001,2026-09-10 21:51:50.36035+00,21444341,3667,2026-09-10 20:55:34.986889+00,595,5,0,0,0,0,5,0,0,0,2026-09-10 19:30:55.686368+00,,2026-09-10 19:30:55.686494+00,,1,0,1,0,1,0,1,0
1789077110.351049,2250083,public,security,976965,2026-09-10 21:51:50.254579+00,20076630750,159639240,2026-09-10 21:51:50.36035+00,160479611,20550,11,0,0,11,20550,11,11,0,2026-09-10 19:24:23.322571+00,2026-09-10 17:56:48.546012+00,2026-09-10 19:24:23.441929+00,2026-09-10 17:56:48.782769+00,1,1,1,1,6,346,119,237
1789077170.422587,2249856,public,holding,3,2026-09-10 18:14:01.1438+00,53040828,1159972,2026-09-10 21:52:50.405181+00,13405146,26815152,227946,339719,80845,147101,26535458,477105,681466,294738,2026-09-10 19:36:12.75693+00,2026-09-10 18:14:29.263615+00,2026-09-10 19:36:13.060392+00,2026-09-10 18:14:29.882987+00,1,1,1,1,45,7564,301,620
1789077170.422587,2250073,public,news_xref,3,2026-09-10 18:36:32.591284+00,90000,727211,2026-09-10 21:52:50.405181+00,24,30000,0,0,0,0,30000,0,0,0,2026-09-10 19:36:13.161571+00,2026-09-10 17:56:48.169274+00,2026-09-10 19:36:13.172374+00,2026-09-10 17:56:48.192926+00,1,1,1,1,3,164,11,24
1789077170.422587,2250006,public,daily_market,6,2026-09-10 18:14:00.82828+00,53635500,72874573,2026-09-10 21:52:50.405181+00,78781532,26817750,473,0,0,473,26824697,473,473,0,2026-09-10 19:36:21.896725+00,2026-09-10 17:53:30.461218+00,2026-09-10 19:36:22.185295+00,2026-09-10 17:53:31.195492+00,1,1,1,1,1254,8383,288,735
1789077170.422587,2250052,public,last_trade,2,2026-09-10 18:39:23.400642+00,41100,101554214,2026-09-10 21:52:50.405181+00,101553985,20550,1013526,0,1011284,2242,20550,3595,4498,0,2026-09-10 19:29:05.269132+00,2026-09-10 17:53:30.000417+00,2026-09-10 19:29:05.305716+00,2026-09-10 21:52:18.177256+00,1,1,1,130,3,12,36,10660
1789077170.422587,2250078,public,sector,251204,2026-09-10 21:52:50.367043+00,3014448,81020,2026-09-10 20:55:18.735157+00,81020,12,0,0,0,0,12,0,0,0,2026-09-10 19:24:23.444133+00,,2026-09-10 19:24:23.444255+00,,1,0,1,0,1,0,1,0
1789077170.422587,2250114,public,taxrate,269047,2026-09-10 21:52:50.349241+00,86095040,1331,2026-09-10 21:51:53.353269+00,755,320,11,0,8,3,320,3,11,0,2026-09-10 19:36:20.64208+00,,2026-09-10 19:36:20.642648+00,2026-09-10 17:53:30.277789+00,1,0,1,1,2,0,1,1
1789077170.422587,2249968,public,trade_request,254097,2026-09-10 21:52:50.367043+00,937647146,1216987,2026-09-10 21:52:50.271346+00,586363,209524,0,203393,0,0,4056,863,1702,857,2026-09-10 19:29:04.821787+00,2026-09-10 21:52:18.062952+00,2026-09-10 19:29:04.822356+00,2026-09-10 21:52:18.09075+00,1,131,1,131,1,4020,1,3686
1789077170.422587,2249881,public,watch_item,4,2026-09-10 18:39:23.873407+00,8946495,559839,2026-09-10 21:52:50.405181+00,18595,2982165,10,0,0,10,2982165,10,10,0,2026-09-10 19:29:05.082092+00,2026-09-10 17:53:21.313017+00,2026-09-10 19:29:05.26188+00,2026-09-10 17:53:21.810508+00,1,1,1,1,2,959,180,498
1789077170.422587,2249962,public,trade_history,3,2026-09-10 19:16:53.853864+00,3732502353,12924094,2026-09-10 21:52:50.405181+00,30965046,1245435767,0,0,0,0,1245423041,32438,1235878,1268316,2026-09-10 19:29:02.442332+00,2026-09-10 17:56:39.748253+00,2026-09-10 19:29:04.819007+00,2026-09-10 17:56:46.054213+00,1,1,1,1,277842,64922,2377,6306
1789077170.422587,2249938,public,trade,18,2026-09-10 19:24:22.633472+00,7257600000,15679248,2026-09-10 21:52:50.405181+00,10433722697,518923531,1659797,0,359891,512607,518907751,1305736,2027952,523531,2026-09-10 19:36:10.673673+00,2026-09-10 17:55:13.319747+00,2026-09-10 19:36:12.708234+00,2026-09-10 17:55:14.759594+00,1,1,1,1,313984,19670,2034,1440
1789077170.422587,2250109,public,status_type,3852621,2026-09-10 21:52:50.405181+00,12185988,1152,2026-09-10 20:54:55.224112+00,0,5,0,0,0,0,5,0,0,0,2026-09-10 19:24:23.446735+00,,2026-09-10 19:24:23.446839+00,,1,0,1,0,1,0,1,0
1789077170.422587,2249909,public,charge,523533,2026-09-10 21:52:50.405181+00,7852995,0,,0,15,0,0,0,0,15,0,0,0,2026-09-10 19:30:55.68781+00,,2026-09-10 19:30:55.688433+00,,1,0,1,0,1,0,1,0
1789077170.422587,2249988,public,company,5,2026-09-10 18:39:19.216232+00,75000,97333252,2026-09-10 21:52:50.405181+00,331096330,15000,11,0,0,11,15000,11,11,0,2026-09-10 19:36:13.092374+00,2026-09-10 17:53:21.882165+00,2026-09-10 19:36:13.156371+00,2026-09-10 17:53:21.992193+00,1,1,1,1,31,17,62,110
1789077170.422587,2250062,public,news_item,1,2026-09-10 18:13:01.013209+00,30000,1452863,2026-09-10 21:52:50.405181+00,1465918,30000,22,0,0,22,30000,22,22,0,2026-09-10 19:36:13.288793+00,2026-09-10 17:56:47.547667+00,2026-09-10 19:36:20.294012+00,2026-09-10 17:56:47.994666+00,1,1,1,1,16,1484,143,447
1789077170.422587,2249891,public,broker,253970,2026-09-10 21:52:50.367043+00,76191000,2260992,2026-09-10 21:52:50.405181+00,2259229,300,530293,0,530293,0,300,70,2262,0,2026-09-10 19:24:23.448703+00,2026-09-10 21:49:18.156412+00,2026-09-10 19:38:59.555359+00,2026-09-10 21:52:18.185635+00,1,17,2,133,2,67,3,709
1789077170.422587,2249886,public,watch_list,4,2026-09-10 18:39:19.55136+00,120000,559841,2026-09-10 21:52:50.405181+00,558989,30000,0,0,0,0,30000,0,0,0,2026-09-10 19:29:05.065201+00,2026-09-10 17:53:21.830081+00,2026-09-10 19:29:05.076514+00,2026-09-10 17:53:21.851946+00,1,1,1,1,12,10,12,22
1789077170.422587,2249917,public,commission_rate,3,2026-09-10 18:36:32.553549+00,720,1137415,2026-09-10 21:52:50.405181+00,1999805,240,0,0,0,0,240,0,0,0,2026-09-10 19:30:55.684574+00,,2026-09-10 19:30:55.685011+00,2026-09-10 17:53:21.85719+00,1,0,1,1,1,0,1,1
1789077170.422587,2249851,public,customer_taxrate,3,2026-09-10 18:39:19.221747+00,180000,86096468,2026-09-10 21:52:50.349241+00,11211,60000,11,0,0,11,60000,11,11,0,2026-09-10 19:36:20.607907+00,2026-09-10 17:53:20.297708+00,2026-09-10 19:36:20.638528+00,2026-09-10 17:53:20.350229+00,1,1,1,1,30,19,29,53
1789077170.422587,2249868,public,holding_history,8,2026-09-10 19:24:22.633472+00,2778954508,98871,2026-09-10 21:52:49.354222+00,221211,695601033,0,0,0,0,695409527,180940,681466,862406,2026-09-10 19:38:52.269828+00,2026-09-10 18:00:34.421363+00,2026-09-10 19:38:55.334914+00,2026-09-10 18:00:44.904449+00,1,3,1,3,149084,284220,3065,13235
1789077170.422587,2250046,public,industry,294960,2026-09-10 21:52:50.367043+00,30071775,2515928,2026-09-10 21:52:50.405181+00,2506578,102,0,0,0,0,102,0,0,0,2026-09-10 19:24:23.445694+00,,2026-09-10 19:24:23.445963+00,2026-09-10 17:53:29.973725+00,1,0,1,1,1,0,1,3
1789077170.422587,2250017,public,exchange,1710426,2026-09-10 21:52:50.405181+00,5753211,1536,2026-09-10 20:54:53.872757+00,1152,4,44,0,44,0,4,4,44,0,2026-09-10 19:30:55.68249+00,,2026-09-10 19:30:55.682645+00,,1,0,1,0,1,0,1,0
1789077170.422587,2249901,public,cash_transaction,2,2026-09-10 19:00:28.999306+00,953848714,10271044,2026-09-10 21:52:50.405181+00,10071647,477400602,648943,0,77872,571071,477450107,618975,1114695,476245,2026-09-10 19:30:52.298911+00,2026-09-10 17:59:35.711751+00,2026-09-10 19:30:55.445775+00,2026-09-10 18:00:57.043327+00,1,2,1,3,105990,228022,3126,22811
1789077170.422587,2249875,public,holding_summary,5,2026-09-10 18:36:33.052121+00,4476012,6124615,2026-09-10 21:52:50.405181+00,42489635,1494609,610489,2836,547647,62842,1492080,70224,55235,2605,2026-09-10 19:24:23.479998+00,2026-09-10 18:13:22.057298+00,2026-09-10 19:24:23.595668+00,2026-09-10 21:39:19.260364+00,1,1,1,4,30,365,113,4163
1789077170.422587,2249822,public,account_permission,2,2026-09-10 18:36:32.753413+00,425940,52278,2026-09-10 21:52:50.328041+00,52290,212970,12,0,0,12,212970,12,12,0,2026-09-10 19:29:04.927437+00,2026-09-10 17:53:19.299976+00,2026-09-10 19:29:05.05201+00,2026-09-10 17:53:19.497616+00,1,1,1,1,32,109,122,198
1789077170.422587,2249841,public,customer_account,4,2026-09-10 18:45:15.480553+00,600000,4487703,2026-09-10 21:52:50.405181+00,7514895,150000,477074,0,464796,12278,150000,14249,17020,0,2026-09-10 19:24:23.226634+00,2026-09-10 17:53:20.108136+00,2026-09-10 19:24:23.311106+00,2026-09-10 21:48:18.3906+00,1,1,1,26,12,77,84,10471
1789077170.422587,2250026,public,financial,2,2026-09-10 18:36:32.673292+00,600000,725664,2026-09-10 21:52:50.405181+00,14513242,300000,220,0,0,220,300000,220,220,0,2026-09-10 19:36:20.352757+00,2026-09-10 17:53:29.521608+00,2026-09-10 19:36:20.576514+00,2026-09-10 17:53:29.956687+00,1,1,1,1,57,322,207,435
1789077170.422587,2249830,public,customer,4,2026-09-10 18:39:19.245981+00,120000,3136229,2026-09-10 21:52:50.405181+00,3133313,30000,11,0,0,11,30000,11,11,0,2026-09-10 19:24:22.892301+00,2026-09-10 17:53:19.531775+00,2026-09-10 19:24:23.201268+00,2026-09-10 17:53:20.026228+00,1,1,1,1,59,26,305,495
1789077170.422587,2250121,public,zip_code,2,2026-09-10 18:36:32.586468+00,29482,1452818,2026-09-10 21:52:50.405181+00,1451280,14741,0,0,0,0,14741,0,0,0,2026-09-10 19:36:13.175189+00,2026-09-10 17:53:30.32548+00,2026-09-10 19:36:13.194698+00,2026-09-10 17:53:30.362036+00,1,1,1,1,1,41,20,31
1789077170.422587,2249929,public,settlement,2,2026-09-10 19:06:58.095243+00,1036800000,10901672,2026-09-10 21:52:50.405181+00,10901671,518920493,683320,0,132048,551272,518914719,626055,1189821,520493,2026-09-10 19:38:55.40099+00,2026-09-10 19:38:47.513759+00,2026-09-10 19:38:59.2827+00,2026-09-10 19:38:51.103174+00,1,2,1,2,66,1872326,3881,5015
1789077170.422587,2250000,public,company_competitor,4,2026-09-10 18:39:19.241779+00,180000,725642,2026-09-10 21:52:50.405181+00,0,45000,0,0,0,0,45000,0,0,0,2026-09-10 19:29:04.853693+00,2026-09-10 17:53:22.019369+00,2026-09-10 19:29:04.892815+00,2026-09-10 17:53:22.073157+00,1,1,1,1,32,17,36,54
1789077170.422587,2250104,public,address,2,2026-09-10 18:36:32.586468+00,90008,1452476,2026-09-10 21:52:50.405181+00,3265371,45004,12,0,0,12,45004,12,12,0,2026-09-10 19:36:13.198214+00,2026-09-10 17:53:30.143186+00,2026-09-10 19:36:13.272339+00,2026-09-10 17:53:30.265233+00,1,1,1,1,1,84,75,111
1789077170.422587,2249981,public,trade_type,6183048,2026-09-10 21:52:50.405181+00,21618804,3667,2026-09-10 20:55:34.986889+00,595,5,0,0,0,0,5,0,0,0,2026-09-10 19:30:55.686368+00,,2026-09-10 19:30:55.686494+00,,1,0,1,0,1,0,1,0
1789077170.422587,2250083,public,security,984770,2026-09-10 21:52:50.405181+00,20237023500,161002061,2026-09-10 21:52:50.405181+00,161849455,20550,11,0,0,11,20550,11,11,0,2026-09-10 19:24:23.322571+00,2026-09-10 17:56:48.546012+00,2026-09-10 19:24:23.441929+00,2026-09-10 17:56:48.782769+00,1,1,1,1,6,346,119,237
1789077230.526360,2249856,public,holding,3,2026-09-10 18:14:01.1438+00,53040828,1169150,2026-09-10 21:53:50.407809+00,13507871,26817473,229758,342425,81885,147873,26535476,480658,686824,297059,2026-09-10 19:36:12.75693+00,2026-09-10 18:14:29.263615+00,2026-09-10 19:36:13.060392+00,2026-09-10 18:14:29.882987+00,1,1,1,1,45,7564,301,620
1789077230.526360,2250073,public,news_xref,3,2026-09-10 18:36:32.591284+00,90000,732790,2026-09-10 21:53:50.407809+00,24,30000,0,0,0,0,30000,0,0,0,2026-09-10 19:36:13.161571+00,2026-09-10 17:56:48.169274+00,2026-09-10 19:36:13.172374+00,2026-09-10 17:56:48.192926+00,1,1,1,1,3,164,11,24
1789077230.526360,2250006,public,daily_market,6,2026-09-10 18:14:00.82828+00,53635500,73436225,2026-09-10 21:53:50.407809+00,79329588,26817750,473,0,0,473,26824697,473,473,0,2026-09-10 19:36:21.896725+00,2026-09-10 17:53:30.461218+00,2026-09-10 19:36:22.185295+00,2026-09-10 17:53:31.195492+00,1,1,1,1,1254,8383,288,735
1789077230.526360,2250052,public,last_trade,2,2026-09-10 18:39:23.400642+00,41100,102336178,2026-09-10 21:53:50.407809+00,102335949,20550,1021390,0,1019146,2244,20550,3555,4404,0,2026-09-10 19:29:05.269132+00,2026-09-10 17:53:30.000417+00,2026-09-10 19:29:05.305716+00,2026-09-10 21:53:18.575131+00,1,1,1,131,3,12,36,10741
1789077230.526360,2250078,public,sector,253150,2026-09-10 21:53:50.407809+00,3037800,81020,2026-09-10 20:55:18.735157+00,81020,12,0,0,0,0,12,0,0,0,2026-09-10 19:24:23.444133+00,,2026-09-10 19:24:23.444255+00,,1,0,1,0,1,0,1,0
1789077230.526360,2250114,public,taxrate,271204,2026-09-10 21:53:50.353325+00,86785280,1331,2026-09-10 21:51:53.353269+00,755,320,11,0,8,3,320,3,11,0,2026-09-10 19:36:20.64208+00,,2026-09-10 19:36:20.642648+00,2026-09-10 17:53:30.277789+00,1,0,1,1,2,0,1,1
1789077230.526360,2249968,public,trade_request,256043,2026-09-10 21:53:50.407809+00,945577070,1226463,2026-09-10 21:53:50.06687+00,591037,211110,0,204957,0,0,4048,916,1766,877,2026-09-10 19:29:04.821787+00,2026-09-10 21:53:18.473885+00,2026-09-10 19:29:04.822356+00,2026-09-10 21:53:18.492256+00,1,132,1,132,1,4046,1,3705
1789077230.526360,2249881,public,watch_item,4,2026-09-10 18:39:23.873407+00,8946495,564140,2026-09-10 21:53:50.353325+00,18965,2982165,11,0,0,11,2982165,11,11,0,2026-09-10 19:29:05.082092+00,2026-09-10 17:53:21.313017+00,2026-09-10 19:29:05.26188+00,2026-09-10 17:53:21.810508+00,1,1,1,1,2,959,180,498
1789077230.526360,2249962,public,trade_history,3,2026-09-10 19:16:53.853864+00,3732502353,13022304,2026-09-10 21:53:50.407809+00,31200692,1245445497,0,0,0,0,1245432492,32717,1245329,1278046,2026-09-10 19:29:02.442332+00,2026-09-10 17:56:39.748253+00,2026-09-10 19:29:04.819007+00,2026-09-10 17:56:46.054213+00,1,1,1,1,277842,64922,2377,6306
1789077230.526360,2249938,public,trade,18,2026-09-10 19:24:22.633472+00,7257600000,15799490,2026-09-10 21:53:50.407809+00,10514272241,518927495,1672862,0,363528,515797,518911684,1315243,2043664,527495,2026-09-10 19:36:10.673673+00,2026-09-10 17:55:13.319747+00,2026-09-10 19:36:12.708234+00,2026-09-10 17:55:14.759594+00,1,1,1,1,313984,19670,2034,1440
1789077230.526360,2250109,public,status_type,3882155,2026-09-10 21:53:50.407809+00,12278621,1152,2026-09-10 20:54:55.224112+00,0,5,0,0,0,0,5,0,0,0,2026-09-10 19:24:23.446735+00,,2026-09-10 19:24:23.446839+00,,1,0,1,0,1,0,1,0
1789077230.526360,2249909,public,charge,527497,2026-09-10 21:53:50.407809+00,7912455,0,,0,15,0,0,0,0,15,0,0,0,2026-09-10 19:30:55.68781+00,,2026-09-10 19:30:55.688433+00,,1,0,1,0,1,0,1,0
1789077230.526360,2249988,public,company,5,2026-09-10 18:39:19.216232+00,75000,98148825,2026-09-10 21:53:50.407809+00,333636510,15000,11,0,0,11,15000,11,11,0,2026-09-10 19:36:13.092374+00,2026-09-10 17:53:21.882165+00,2026-09-10 19:36:13.156371+00,2026-09-10 17:53:21.992193+00,1,1,1,1,31,17,62,110
1789077230.526360,2250062,public,news_item,1,2026-09-10 18:13:01.013209+00,30000,1464021,2026-09-10 21:53:50.407809+00,1477076,30000,22,0,0,22,30000,22,22,0,2026-09-10 19:36:13.288793+00,2026-09-10 17:56:47.547667+00,2026-09-10 19:36:20.294012+00,2026-09-10 17:56:47.994666+00,1,1,1,1,16,1484,143,447
1789077230.526360,2249891,public,broker,255916,2026-09-10 21:53:50.407809+00,76774800,2278289,2026-09-10 21:53:50.407809+00,2276517,300,534457,0,534457,0,300,89,2213,0,2026-09-10 19:24:23.448703+00,2026-09-10 21:49:18.156412+00,2026-09-10 19:38:59.555359+00,2026-09-10 21:53:18.579846+00,1,17,2,134,2,67,3,711
1789077230.526360,2249886,public,watch_list,4,2026-09-10 18:39:19.55136+00,120000,564142,2026-09-10 21:53:50.353325+00,563282,30000,0,0,0,0,30000,0,0,0,2026-09-10 19:29:05.065201+00,2026-09-10 17:53:21.830081+00,2026-09-10 19:29:05.076514+00,2026-09-10 17:53:21.851946+00,1,1,1,1,12,10,12,22
1789077230.526360,2249917,public,commission_rate,3,2026-09-10 18:36:32.553549+00,720,1146250,2026-09-10 21:53:50.407809+00,2015370,240,0,0,0,0,240,0,0,0,2026-09-10 19:30:55.684574+00,,2026-09-10 19:30:55.685011+00,2026-09-10 17:53:21.85719+00,1,0,1,1,1,0,1,1
1789077230.526360,2249851,public,customer_taxrate,3,2026-09-10 18:39:19.221747+00,180000,86786708,2026-09-10 21:53:50.353325+00,11351,60000,11,0,0,11,60000,11,11,0,2026-09-10 19:36:20.607907+00,2026-09-10 17:53:20.297708+00,2026-09-10 19:36:20.638528+00,2026-09-10 17:53:20.350229+00,1,1,1,1,30,19,29,53
1789077230.526360,2249868,public,holding_history,8,2026-09-10 19:24:22.633472+00,2778954508,99576,2026-09-10 21:53:50.185189+00,222893,695607872,0,0,0,0,695414885,182421,686824,869245,2026-09-10 19:38:52.269828+00,2026-09-10 18:00:34.421363+00,2026-09-10 19:38:55.334914+00,2026-09-10 18:00:44.904449+00,1,3,1,3,149084,284220,3065,13235
1789077230.526360,2250046,public,industry,297251,2026-09-10 21:53:50.407809+00,30305457,2532713,2026-09-10 21:53:50.407809+00,2523315,102,0,0,0,0,102,0,0,0,2026-09-10 19:24:23.445694+00,,2026-09-10 19:24:23.445963+00,2026-09-10 17:53:29.973725+00,1,0,1,1,1,0,1,3
1789077230.526360,2250017,public,exchange,1723519,2026-09-10 21:53:50.407809+00,5797246,1536,2026-09-10 20:54:53.872757+00,1152,4,44,0,44,0,4,4,44,0,2026-09-10 19:30:55.68249+00,,2026-09-10 19:30:55.682645+00,,1,0,1,0,1,0,1,0
1789077230.526360,2249901,public,cash_transaction,2,2026-09-10 19:00:28.999306+00,953848714,10349488,2026-09-10 21:53:50.407809+00,10148511,477404342,653969,0,78928,575041,477453738,623407,1123352,479985,2026-09-10 19:30:52.298911+00,2026-09-10 17:59:35.711751+00,2026-09-10 19:30:55.445775+00,2026-09-10 18:00:57.043327+00,1,2,1,3,105990,228022,3126,22811
1789077230.526360,2249875,public,holding_summary,5,2026-09-10 18:36:33.052121+00,4476012,6171871,2026-09-10 21:53:50.407809+00,42816576,1494632,615334,2852,552161,63173,1492089,70679,59189,2628,2026-09-10 19:24:23.479998+00,2026-09-10 18:13:22.057298+00,2026-09-10 19:24:23.595668+00,2026-09-10 21:39:19.260364+00,1,1,1,4,30,365,113,4163
1789077230.526360,2249822,public,account_permission,2,2026-09-10 18:36:32.753413+00,425940,52655,2026-09-10 21:53:50.353325+00,52667,212970,12,0,0,12,212970,12,12,0,2026-09-10 19:29:04.927437+00,2026-09-10 17:53:19.299976+00,2026-09-10 19:29:05.05201+00,2026-09-10 17:53:19.497616+00,1,1,1,1,32,109,122,198
1789077230.526360,2249841,public,customer_account,4,2026-09-10 18:45:15.480553+00,600000,4522319,2026-09-10 21:53:50.407809+00,7572768,150000,480823,0,468493,12330,150000,14308,2045,0,2026-09-10 19:24:23.226634+00,2026-09-10 17:53:20.108136+00,2026-09-10 19:24:23.311106+00,2026-09-10 21:53:18.445418+00,1,1,1,27,12,77,84,10883
1789077230.526360,2250026,public,financial,2,2026-09-10 18:36:32.673292+00,600000,731243,2026-09-10 21:53:50.407809+00,14624822,300000,220,0,0,220,300000,220,220,0,2026-09-10 19:36:20.352757+00,2026-09-10 17:53:29.521608+00,2026-09-10 19:36:20.576514+00,2026-09-10 17:53:29.956687+00,1,1,1,1,57,322,207,435
1789077230.526360,2249830,public,customer,4,2026-09-10 18:39:19.245981+00,120000,3160245,2026-09-10 21:53:50.407809+00,3157329,30000,11,0,0,11,30000,11,11,0,2026-09-10 19:24:22.892301+00,2026-09-10 17:53:19.531775+00,2026-09-10 19:24:23.201268+00,2026-09-10 17:53:20.026228+00,1,1,1,1,59,26,305,495
1789077230.526360,2250121,public,zip_code,2,2026-09-10 18:36:32.586468+00,29482,1463976,2026-09-10 21:53:50.407809+00,1462438,14741,0,0,0,0,14741,0,0,0,2026-09-10 19:36:13.175189+00,2026-09-10 17:53:30.32548+00,2026-09-10 19:36:13.194698+00,2026-09-10 17:53:30.362036+00,1,1,1,1,1,41,20,31
1789077230.526360,2249929,public,settlement,2,2026-09-10 19:06:58.095243+00,1036800000,10984532,2026-09-10 21:53:50.407809+00,10984531,518924586,688380,0,133450,554930,518918673,630210,1198835,524586,2026-09-10 19:38:55.40099+00,2026-09-10 19:38:47.513759+00,2026-09-10 19:38:59.2827+00,2026-09-10 19:38:51.103174+00,1,2,1,2,66,1872326,3881,5015
1789077230.526360,2250000,public,company_competitor,4,2026-09-10 18:39:19.241779+00,180000,731221,2026-09-10 21:53:50.407809+00,0,45000,0,0,0,0,45000,0,0,0,2026-09-10 19:29:04.853693+00,2026-09-10 17:53:22.019369+00,2026-09-10 19:29:04.892815+00,2026-09-10 17:53:22.073157+00,1,1,1,1,32,17,36,54
1789077230.526360,2250104,public,address,2,2026-09-10 18:36:32.586468+00,90008,1463634,2026-09-10 21:53:50.407809+00,3290508,45004,12,0,0,12,45004,12,12,0,2026-09-10 19:36:13.198214+00,2026-09-10 17:53:30.143186+00,2026-09-10 19:36:13.272339+00,2026-09-10 17:53:30.265233+00,1,1,1,1,1,84,75,111
1789077230.526360,2249981,public,trade_type,6229764,2026-09-10 21:53:50.407809+00,21783220,3667,2026-09-10 20:55:34.986889+00,595,5,0,0,0,0,5,0,0,0,2026-09-10 19:30:55.686368+00,,2026-09-10 19:30:55.686494+00,,1,0,1,0,1,0,1,0
1789077230.526360,2250083,public,security,992284,2026-09-10 21:53:50.407809+00,20391436200,162310726,2026-09-10 21:53:50.407809+00,163165441,20550,11,0,0,11,20550,11,11,0,2026-09-10 19:24:23.322571+00,2026-09-10 17:56:48.546012+00,2026-09-10 19:24:23.441929+00,2026-09-10 17:56:48.782769+00,1,1,1,1,6,346,119,237
1789077290.616192,2249856,public,holding,3,2026-09-10 18:14:01.1438+00,53040828,1178482,2026-09-10 21:54:50.565647+00,13612487,26819834,231619,345150,82959,148660,26535621,484106,692330,299420,2026-09-10 19:36:12.75693+00,2026-09-10 18:14:29.263615+00,2026-09-10 19:36:13.060392+00,2026-09-10 18:14:29.882987+00,1,1,1,1,45,7564,301,620
1789077290.616192,2250073,public,news_xref,3,2026-09-10 18:36:32.591284+00,90000,738579,2026-09-10 21:54:50.565647+00,24,30000,0,0,0,0,30000,0,0,0,2026-09-10 19:36:13.161571+00,2026-09-10 17:56:48.169274+00,2026-09-10 19:36:13.172374+00,2026-09-10 17:56:48.192926+00,1,1,1,1,3,164,11,24
1789077290.616192,2250006,public,daily_market,6,2026-09-10 18:14:00.82828+00,53635500,74030113,2026-09-10 21:54:50.565647+00,79909420,26817750,473,0,0,473,26824697,473,473,0,2026-09-10 19:36:21.896725+00,2026-09-10 17:53:30.461218+00,2026-09-10 19:36:22.185295+00,2026-09-10 17:53:31.195492+00,1,1,1,1,1254,8383,288,735
1789077290.616192,2250052,public,last_trade,2,2026-09-10 18:39:23.400642+00,41100,103158548,2026-09-10 21:54:50.565647+00,103158319,20550,1029627,0,1027383,2244,20550,3559,4482,0,2026-09-10 19:29:05.269132+00,2026-09-10 17:53:30.000417+00,2026-09-10 19:29:05.305716+00,2026-09-10 21:54:18.18255+00,1,1,1,132,3,12,36,10826
1789077290.616192,2250078,public,sector,255181,2026-09-10 21:54:50.565647+00,3062172,81020,2026-09-10 20:55:18.735157+00,81020,12,0,0,0,0,12,0,0,0,2026-09-10 19:24:23.444133+00,,2026-09-10 19:24:23.444255+00,,1,0,1,0,1,0,1,0
1789077290.616192,2250114,public,taxrate,273435,2026-09-10 21:54:50.304002+00,87499200,1331,2026-09-10 21:51:53.353269+00,755,320,11,0,8,3,320,3,11,0,2026-09-10 19:36:20.64208+00,,2026-09-10 19:36:20.642648+00,2026-09-10 17:53:30.277789+00,1,0,1,1,2,0,1,1
1789077290.616192,2249968,public,trade_request,258074,2026-09-10 21:54:50.565647+00,953841844,1236397,2026-09-10 21:54:50.216564+00,595959,212759,0,206604,0,0,4041,931,1790,891,2026-09-10 19:29:04.821787+00,2026-09-10 21:54:18.068204+00,2026-09-10 19:29:04.822356+00,2026-09-10 21:54:18.095729+00,1,133,1,133,1,4076,1,3733
1789077290.616192,2249881,public,watch_item,4,2026-09-10 18:39:23.873407+00,8946495,568687,2026-09-10 21:54:50.565647+00,19493,2982165,11,0,0,11,2982165,11,11,0,2026-09-10 19:29:05.082092+00,2026-09-10 17:53:21.313017+00,2026-09-10 19:29:05.26188+00,2026-09-10 17:53:21.810508+00,1,1,1,1,2,959,180,498
1789077290.616192,2249962,public,trade_history,3,2026-09-10 19:16:53.853864+00,3732502353,13124614,2026-09-10 21:54:50.565647+00,31445966,1245455627,0,0,0,0,1245442385,32954,1255222,1288176,2026-09-10 19:29:02.442332+00,2026-09-10 17:56:39.748253+00,2026-09-10 19:29:04.819007+00,2026-09-10 17:56:46.054213+00,1,1,1,1,277842,64922,2377,6306
1789077290.616192,2249938,public,trade,18,2026-09-10 19:24:22.633472+00,7257600000,15924722,2026-09-10 21:54:50.565647+00,10597173068,518931670,1686261,0,367281,519022,518915819,1324917,2059985,531670,2026-09-10 19:36:10.673673+00,2026-09-10 17:55:13.319747+00,2026-09-10 19:36:12.708234+00,2026-09-10 17:55:14.759594+00,1,1,1,1,313984,19670,2034,1440
1789077290.616192,2250109,public,status_type,3912924,2026-09-10 21:54:50.565647+00,12375475,1152,2026-09-10 20:54:55.224112+00,0,5,0,0,0,0,5,0,0,0,2026-09-10 19:24:23.446735+00,,2026-09-10 19:24:23.446839+00,,1,0,1,0,1,0,1,0
1789077290.616192,2249909,public,charge,531672,2026-09-10 21:54:50.565647+00,7975080,0,,0,15,0,0,0,0,15,0,0,0,2026-09-10 19:30:55.68781+00,,2026-09-10 19:30:55.688433+00,,1,0,1,0,1,0,1,0
1789077290.616192,2249988,public,company,5,2026-09-10 18:39:19.216232+00,75000,99001424,2026-09-10 21:54:50.565647+00,336433670,15000,11,0,0,11,15000,11,11,0,2026-09-10 19:36:13.092374+00,2026-09-10 17:53:21.882165+00,2026-09-10 19:36:13.156371+00,2026-09-10 17:53:21.992193+00,1,1,1,1,31,17,62,110
1789077290.616192,2250062,public,news_item,1,2026-09-10 18:13:01.013209+00,30000,1475599,2026-09-10 21:54:50.565647+00,1488654,30000,22,0,0,22,30000,22,22,0,2026-09-10 19:36:13.288793+00,2026-09-10 17:56:47.547667+00,2026-09-10 19:36:20.294012+00,2026-09-10 17:56:47.994666+00,1,1,1,1,16,1484,143,447
1789077290.616192,2249891,public,broker,257947,2026-09-10 21:54:50.565647+00,77384100,2296338,2026-09-10 21:54:50.565647+00,2294553,300,538733,0,538733,0,300,61,2226,0,2026-09-10 19:24:23.448703+00,2026-09-10 21:49:18.156412+00,2026-09-10 19:38:59.555359+00,2026-09-10 21:54:18.197791+00,1,17,2,135,2,67,3,721
1789077290.616192,2249886,public,watch_list,4,2026-09-10 18:39:19.55136+00,120000,568689,2026-09-10 21:54:50.565647+00,567829,30000,0,0,0,0,30000,0,0,0,2026-09-10 19:29:05.065201+00,2026-09-10 17:53:21.830081+00,2026-09-10 19:29:05.076514+00,2026-09-10 17:53:21.851946+00,1,1,1,1,12,10,12,22
1789077290.616192,2249917,public,commission_rate,3,2026-09-10 18:36:32.553549+00,720,1155382,2026-09-10 21:54:50.565647+00,2031448,240,0,0,0,0,240,0,0,0,2026-09-10 19:30:55.684574+00,,2026-09-10 19:30:55.685011+00,2026-09-10 17:53:21.85719+00,1,0,1,1,1,0,1,1
1789077290.616192,2249851,public,customer_taxrate,3,2026-09-10 18:39:19.221747+00,180000,87500628,2026-09-10 21:54:50.304002+00,11553,60000,11,0,0,11,60000,11,11,0,2026-09-10 19:36:20.607907+00,2026-09-10 17:53:20.297708+00,2026-09-10 19:36:20.638528+00,2026-09-10 17:53:20.350229+00,1,1,1,1,30,19,29,53
1789077290.616192,2249868,public,holding_history,8,2026-09-10 19:24:22.633472+00,2778954508,100353,2026-09-10 21:54:50.183369+00,224644,695614819,0,0,0,0,695420391,183862,692330,876192,2026-09-10 19:38:52.269828+00,2026-09-10 18:00:34.421363+00,2026-09-10 19:38:55.334914+00,2026-09-10 18:00:44.904449+00,1,3,1,3,149084,284220,3065,13235
1789077290.616192,2250046,public,industry,299671,2026-09-10 21:54:50.565647+00,30552297,2550130,2026-09-10 21:54:50.565647+00,2540682,102,0,0,0,0,102,0,0,0,2026-09-10 19:24:23.445694+00,,2026-09-10 19:24:23.445963+00,2026-09-10 17:53:29.973725+00,1,0,1,1,1,0,1,3
1789077290.616192,2250017,public,exchange,1737188,2026-09-10 21:54:50.565647+00,5843257,1536,2026-09-10 20:54:53.872757+00,1152,4,44,0,44,0,4,4,44,0,2026-09-10 19:30:55.68249+00,,2026-09-10 19:30:55.682645+00,,1,0,1,0,1,0,1,0
1789077290.616192,2249901,public,cash_transaction,2,2026-09-10 19:00:28.999306+00,953848714,10430849,2026-09-10 21:54:50.565647+00,10228331,477408139,658853,0,79825,579028,477457487,627655,1131985,483782,2026-09-10 19:30:52.298911+00,2026-09-10 17:59:35.711751+00,2026-09-10 19:30:55.445775+00,2026-09-10 18:00:57.043327+00,1,2,1,3,105990,228022,3126,22811
1789077290.616192,2249875,public,holding_summary,5,2026-09-10 18:36:33.052121+00,4476012,6220723,2026-09-10 21:54:50.565647+00,43154186,1494655,620260,2875,556830,63430,1492090,71011,63300,2651,2026-09-10 19:24:23.479998+00,2026-09-10 18:13:22.057298+00,2026-09-10 19:24:23.595668+00,2026-09-10 21:39:19.260364+00,1,1,1,4,30,365,113,4163
1789077290.616192,2249822,public,account_permission,2,2026-09-10 18:36:32.753413+00,425940,53044,2026-09-10 21:54:50.304002+00,53058,212970,13,0,0,13,212970,13,13,0,2026-09-10 19:29:04.927437+00,2026-09-10 17:53:19.299976+00,2026-09-10 19:29:05.05201+00,2026-09-10 17:53:19.497616+00,1,1,1,1,32,109,122,198
1789077290.616192,2249841,public,customer_account,4,2026-09-10 18:45:15.480553+00,600000,4558259,2026-09-10 21:54:50.565647+00,7632828,150000,484628,0,472286,12342,150000,14360,5794,0,2026-09-10 19:24:23.226634+00,2026-09-10 17:53:20.108136+00,2026-09-10 19:24:23.311106+00,2026-09-10 21:53:18.445418+00,1,1,1,27,12,77,84,10883
1789077290.616192,2250026,public,financial,2,2026-09-10 18:36:32.673292+00,600000,737032,2026-09-10 21:54:50.565647+00,14740602,300000,220,0,0,220,300000,220,220,0,2026-09-10 19:36:20.352757+00,2026-09-10 17:53:29.521608+00,2026-09-10 19:36:20.576514+00,2026-09-10 17:53:29.956687+00,1,1,1,1,57,322,207,435
1789077290.616192,2249830,public,customer,4,2026-09-10 18:39:19.245981+00,120000,3185256,2026-09-10 21:54:50.565647+00,3182340,30000,11,0,0,11,30000,11,11,0,2026-09-10 19:24:22.892301+00,2026-09-10 17:53:19.531775+00,2026-09-10 19:24:23.201268+00,2026-09-10 17:53:20.026228+00,1,1,1,1,59,26,305,495
1789077290.616192,2250121,public,zip_code,2,2026-09-10 18:36:32.586468+00,29482,1475554,2026-09-10 21:54:50.565647+00,1474016,14741,0,0,0,0,14741,0,0,0,2026-09-10 19:36:13.175189+00,2026-09-10 17:53:30.32548+00,2026-09-10 19:36:13.194698+00,2026-09-10 17:53:30.362036+00,1,1,1,1,1,41,20,31
1789077290.616192,2249929,public,settlement,2,2026-09-10 19:06:58.095243+00,1036800000,11072072,2026-09-10 21:54:50.565647+00,11072071,518928775,694060,0,134960,559100,518922784,634888,1208626,528775,2026-09-10 19:38:55.40099+00,2026-09-10 19:38:47.513759+00,2026-09-10 19:38:59.2827+00,2026-09-10 19:38:51.103174+00,1,2,1,2,66,1872326,3881,5015
1789077290.616192,2250000,public,company_competitor,4,2026-09-10 18:39:19.241779+00,180000,737010,2026-09-10 21:54:50.565647+00,0,45000,0,0,0,0,45000,0,0,0,2026-09-10 19:29:04.853693+00,2026-09-10 17:53:22.019369+00,2026-09-10 19:29:04.892815+00,2026-09-10 17:53:22.073157+00,1,1,1,1,32,17,36,54
1789077290.616192,2250104,public,address,2,2026-09-10 18:36:32.586468+00,90008,1475212,2026-09-10 21:54:50.565647+00,3316577,45004,12,0,0,12,45004,12,12,0,2026-09-10 19:36:13.198214+00,2026-09-10 17:53:30.143186+00,2026-09-10 19:36:13.272339+00,2026-09-10 17:53:30.265233+00,1,1,1,1,1,84,75,111
1789077290.616192,2249981,public,trade_type,6279823,2026-09-10 21:54:50.565647+00,21957465,3667,2026-09-10 20:55:34.986889+00,595,5,0,0,0,0,5,0,0,0,2026-09-10 19:30:55.686368+00,,2026-09-10 19:30:55.686494+00,,1,0,1,0,1,0,1,0
1789077290.616192,2250083,public,security,1000164,2026-09-10 21:54:50.565647+00,20553370200,163684664,2026-09-10 21:54:50.565647+00,164546477,20550,11,0,0,11,20550,11,11,0,2026-09-10 19:24:23.322571+00,2026-09-10 17:56:48.546012+00,2026-09-10 19:24:23.441929+00,2026-09-10 17:56:48.782769+00,1,1,1,1,6,346,119,237
