dbt5 - Brokerage House
Listening on port: 30000

Using the following database settings:
  Database hostname: localhost
  Database port: 
  Database name: dbt5
Using the following Market Exchange Emulator settings:
  Hostname: localhost
  Port: 30010
Brokerage House opened for business, waiting for traders...
1788912086 2622057 TRADE_RESULT giving up after 10 retries 2622057 1788912086 
SQL: SELECT * FROM TradeResultFrame5($1, $2, $3, $4, $5, $6)
ERROR:  could not serialize access due to read/write dependencies among transactions
DETAIL:  Reason code: Canceled on conflict out to pivot 263577059, during read.
HINT:  The transaction might succeed if retried.
CONTEXT:  SQL statement "UPDATE broker
SET b_comm_total = b_comm_total + $1
  , b_num_trades = b_num_trades + 1
WHERE b_id = $2"


1788912123 2622055 TRADE_RESULT giving up after 10 retries 2622055 1788912123 
SQL: SELECT * FROM TradeResultFrame5($1, $2, $3, $4, $5, $6)
ERROR:  could not serialize access due to read/write dependencies among transactions
DETAIL:  Reason code: Canceled on identification as a pivot, during write.
HINT:  The transaction might succeed if retried.
CONTEXT:  SQL statement "UPDATE trade
SET t_comm = $1
  , t_dts = $2
  , t_st_id = $3
  , t_trade_price = $4
WHERE t_id = $5"


1788912207 2622054 TRADE_RESULT giving up after 10 retries 2622054 1788912207 
SQL: COMMIT
ERROR:  could not serialize access due to read/write dependencies among transactions
DETAIL:  Reason code: Canceled on identification as a pivot, during commit attempt.
HINT:  The transaction might succeed if retried.


1788912282 2622051 TRADE_RESULT giving up after 10 retries 2622051 1788912282 
SQL: COMMIT
ERROR:  could not serialize access due to read/write dependencies among transactions
DETAIL:  Reason code: Canceled on commit attempt with conflict in from prepared pivot.
HINT:  The transaction might succeed if retried.


1788912282 2622065 TRADE_RESULT giving up after 10 retries 2622065 1788912282 
SQL: SELECT * FROM TradeResultFrame5($1, $2, $3, $4, $5, $6)
ERROR:  could not serialize access due to read/write dependencies among transactions
DETAIL:  Reason code: Canceled on identification as a pivot, during write.
HINT:  The transaction might succeed if retried.
CONTEXT:  SQL statement "UPDATE trade
SET t_comm = $1
  , t_dts = $2
  , t_st_id = $3
  , t_trade_price = $4
WHERE t_id = $5"


1788912282 2622056 TRADE_RESULT giving up after 10 retries 2622056 1788912282 
SQL: SELECT * FROM TradeResultFrame5($1, $2, $3, $4, $5, $6)
ERROR:  could not serialize access due to read/write dependencies among transactions
DETAIL:  Reason code: Canceled on identification as a pivot, during conflict in checking.
HINT:  The transaction might succeed if retried.
CONTEXT:  SQL statement "UPDATE trade
SET t_comm = $1
  , t_dts = $2
  , t_st_id = $3
  , t_trade_price = $4
WHERE t_id = $5"


1788912282 2622053 TRADE_RESULT giving up after 10 retries 2622053 1788912282 
SQL: SELECT * FROM TradeResultFrame5($1, $2, $3, $4, $5, $6)
ERROR:  could not serialize access due to read/write dependencies among transactions
DETAIL:  Reason code: Canceled on identification as a pivot, during write.
HINT:  The transaction might succeed if retried.
CONTEXT:  SQL statement "UPDATE trade
SET t_comm = $1
  , t_dts = $2
  , t_st_id = $3
  , t_trade_price = $4
WHERE t_id = $5"


1788912357 2622050 TRADE_RESULT giving up after 10 retries 2622050 1788912357 
SQL: SELECT * FROM TradeResultFrame5($1, $2, $3, $4, $5, $6)
ERROR:  could not serialize access due to read/write dependencies among transactions
DETAIL:  Reason code: Canceled on identification as a pivot, during write.
HINT:  The transaction might succeed if retried.
CONTEXT:  SQL statement "UPDATE trade
SET t_comm = $1
  , t_dts = $2
  , t_st_id = $3
  , t_trade_price = $4
WHERE t_id = $5"


1788912368 2622056 TRADE_RESULT giving up after 10 retries 2622056 1788912368 
SQL: COMMIT
ERROR:  could not serialize access due to read/write dependencies among transactions
DETAIL:  Reason code: Canceled on commit attempt with conflict in from prepared pivot.
HINT:  The transaction might succeed if retried.


1788912373 2622057 TRADE_RESULT giving up after 10 retries 2622057 1788912373 
SQL: SELECT * FROM TradeResultFrame5($1, $2, $3, $4, $5, $6)
ERROR:  could not serialize access due to read/write dependencies among transactions
DETAIL:  Reason code: Canceled on conflict out to pivot 263811143, during read.
HINT:  The transaction might succeed if retried.
CONTEXT:  SQL statement "UPDATE broker
SET b_comm_total = b_comm_total + $1
  , b_num_trades = b_num_trades + 1
WHERE b_id = $2"


1788912373 2622050 TRADE_RESULT giving up after 10 retries 2622050 1788912373 
SQL: COMMIT
ERROR:  could not serialize access due to read/write dependencies among transactions
DETAIL:  Reason code: Canceled on commit attempt with conflict in from prepared pivot.
HINT:  The transaction might succeed if retried.


1788912373 2622065 TRADE_RESULT giving up after 10 retries 2622065 1788912373 
SQL: COMMIT
ERROR:  could not serialize access due to read/write dependencies among transactions
DETAIL:  Reason code: Canceled on commit attempt with conflict in from prepared pivot.
HINT:  The transaction might succeed if retried.


1788912373 2622051 TRADE_RESULT giving up after 10 retries 2622051 1788912373 
SQL: COMMIT
ERROR:  could not serialize access due to read/write dependencies among transactions
DETAIL:  Reason code: Canceled on commit attempt with conflict in from prepared pivot.
HINT:  The transaction might succeed if retried.


1788912373 2622049 TRADE_RESULT giving up after 10 retries 2622049 1788912373 
SQL: COMMIT
ERROR:  could not serialize access due to read/write dependencies among transactions
DETAIL:  Reason code: Canceled on commit attempt with conflict in from prepared pivot.
HINT:  The transaction might succeed if retried.


1788912373 2622058 TRADE_RESULT giving up after 10 retries 2622058 1788912373 
SQL: COMMIT
ERROR:  could not serialize access due to read/write dependencies among transactions
DETAIL:  Reason code: Canceled on commit attempt with conflict in from prepared pivot.
HINT:  The transaction might succeed if retried.


1788912374 2622062 TRADE_RESULT giving up after 10 retries 2622062 1788912374 
SQL: COMMIT
ERROR:  could not serialize access due to read/write dependencies among transactions
DETAIL:  Reason code: Canceled on commit attempt with conflict in from prepared pivot.
HINT:  The transaction might succeed if retried.


1788912375 2622064 TRADE_RESULT giving up after 10 retries 2622064 1788912375 
SQL: SELECT * FROM TradeResultFrame5($1, $2, $3, $4, $5, $6)
ERROR:  could not serialize access due to read/write dependencies among transactions
DETAIL:  Reason code: Canceled on identification as a pivot, during write.
HINT:  The transaction might succeed if retried.
CONTEXT:  SQL statement "UPDATE trade
SET t_comm = $1
  , t_dts = $2
  , t_st_id = $3
  , t_trade_price = $4
WHERE t_id = $5"


1788912383 2622051 TRADE_RESULT giving up after 10 retries 2622051 1788912383 
SQL: SELECT * FROM TradeResultFrame3($1, $2, $3, $4)
ERROR:  could not serialize access due to read/write dependencies among transactions
DETAIL:  Reason code: Canceled on identification as a pivot, during conflict out checking.
HINT:  The transaction might succeed if retried.
CONTEXT:  SQL statement "SELECT sum(tx_rate)
FROM taxrate
WHERE tx_id IN (
                   SELECT cx_tx_id
                   FROM customer_taxrate
                   WHERE cx_c_id = $1
               )"


1788912383 2622057 TRADE_RESULT giving up after 10 retries 2622057 1788912383 
SQL: COMMIT
ERROR:  could not serialize access due to read/write dependencies among transactions
DETAIL:  Reason code: Canceled on commit attempt with conflict in from prepared pivot.
HINT:  The transaction might succeed if retried.


1788912389 2622064 TRADE_RESULT giving up after 10 retries 2622064 1788912389 
SQL: COMMIT
ERROR:  could not serialize access due to read/write dependencies among transactions
DETAIL:  Reason code: Canceled on commit attempt with conflict in from prepared pivot.
HINT:  The transaction might succeed if retried.


1788912389 2622050 TRADE_RESULT giving up after 10 retries 2622050 1788912389 
SQL: COMMIT
ERROR:  could not serialize access due to read/write dependencies among transactions
DETAIL:  Reason code: Canceled on commit attempt with conflict in from prepared pivot.
HINT:  The transaction might succeed if retried.


1788912389 2622052 TRADE_RESULT giving up after 10 retries 2622052 1788912389 
SQL: SELECT * FROM TradeResultFrame5($1, $2, $3, $4, $5, $6)
ERROR:  could not serialize access due to read/write dependencies among transactions
DETAIL:  Reason code: Canceled on identification as a pivot, during write.
HINT:  The transaction might succeed if retried.
CONTEXT:  SQL statement "UPDATE trade
SET t_comm = $1
  , t_dts = $2
  , t_st_id = $3
  , t_trade_price = $4
WHERE t_id = $5"


1788912390 2622059 TRADE_RESULT giving up after 10 retries 2622059 1788912390 
SQL: SELECT * FROM TradeResultFrame5($1, $2, $3, $4, $5, $6)
ERROR:  could not serialize access due to read/write dependencies among transactions
DETAIL:  Reason code: Canceled on conflict out to pivot 263826137, during read.
HINT:  The transaction might succeed if retried.
CONTEXT:  SQL statement "UPDATE broker
SET b_comm_total = b_comm_total + $1
  , b_num_trades = b_num_trades + 1
WHERE b_id = $2"


1788912390 2622064 TRADE_RESULT giving up after 10 retries 2622064 1788912390 
SQL: SELECT * FROM TradeResultFrame6($1, $2, $3, $4, $5, $6, $7, $8, $9)
ERROR:  could not serialize access due to read/write dependencies among transactions
DETAIL:  Reason code: Canceled on identification as a pivot, during conflict out checking.
HINT:  The transaction might succeed if retried.
CONTEXT:  SQL statement "SELECT 1 FROM ONLY "public"."trade" x WHERE "t_id"::pg_catalog.int8 OPERATOR(pg_catalog.=) $1::pg_catalog.int8 FOR KEY SHARE OF x"
SQL statement "INSERT INTO settlement(
    se_t_id
  , se_cash_type
  , se_cash_due_date
  , se_amt)
VALUES (
    $1
  , $2
  , $3
  , $4
)"


1788912392 2622057 TRADE_RESULT giving up after 10 retries 2622057 1788912392 
SQL: COMMIT
ERROR:  could not serialize access due to read/write dependencies among transactions
DETAIL:  Reason code: Canceled on commit attempt with conflict in from prepared pivot.
HINT:  The transaction might succeed if retried.


1788912392 2622051 TRADE_RESULT giving up after 10 retries 2622051 1788912392 
SQL: COMMIT
ERROR:  could not serialize access due to read/write dependencies among transactions
DETAIL:  Reason code: Canceled on commit attempt with conflict in from prepared pivot.
HINT:  The transaction might succeed if retried.


1788912395 2622059 TRADE_RESULT giving up after 10 retries 2622059 1788912395 
SQL: COMMIT
ERROR:  could not serialize access due to read/write dependencies among transactions
DETAIL:  Reason code: Canceled on commit attempt with conflict in from prepared pivot.
HINT:  The transaction might succeed if retried.


1788912395 2622062 TRADE_RESULT giving up after 10 retries 2622062 1788912395 
SQL: SELECT * FROM TradeResultFrame6($1, $2, $3, $4, $5, $6, $7, $8, $9)
ERROR:  could not serialize access due to read/write dependencies among transactions
DETAIL:  Reason code: Canceled on identification as a pivot, during conflict in checking.
HINT:  The transaction might succeed if retried.
CONTEXT:  SQL statement "INSERT INTO settlement(
    se_t_id
  , se_cash_type
  , se_cash_due_date
  , se_amt)
VALUES (
    $1
  , $2
  , $3
  , $4
)"


1788912398 2622052 TRADE_RESULT giving up after 10 retries 2622052 1788912398 
SQL: COMMIT
ERROR:  could not serialize access due to read/write dependencies among transactions
DETAIL:  Reason code: Canceled on commit attempt with conflict in from prepared pivot.
HINT:  The transaction might succeed if retried.


1788912400 2622062 TRADE_RESULT giving up after 10 retries 2622062 1788912400 
SQL: SELECT * FROM TradeResultFrame5($1, $2, $3, $4, $5, $6)
ERROR:  could not serialize access due to read/write dependencies among transactions
DETAIL:  Reason code: Canceled on identification as a pivot, during write.
HINT:  The transaction might succeed if retried.
CONTEXT:  SQL statement "UPDATE trade
SET t_comm = $1
  , t_dts = $2
  , t_st_id = $3
  , t_trade_price = $4
WHERE t_id = $5"


1788912402 2622053 TRADE_RESULT giving up after 10 retries 2622053 1788912402 
SQL: SELECT * FROM TradeResultFrame5($1, $2, $3, $4, $5, $6)
ERROR:  could not serialize access due to read/write dependencies among transactions
DETAIL:  Reason code: Canceled on identification as a pivot, during write.
HINT:  The transaction might succeed if retried.
CONTEXT:  SQL statement "UPDATE trade
SET t_comm = $1
  , t_dts = $2
  , t_st_id = $3
  , t_trade_price = $4
WHERE t_id = $5"


1788912404 2622057 TRADE_RESULT giving up after 10 retries 2622057 1788912404 
SQL: SELECT * FROM TradeResultFrame3($1, $2, $3, $4)
ERROR:  could not serialize access due to read/write dependencies among transactions
DETAIL:  Reason code: Canceled on identification as a pivot, during write.
HINT:  The transaction might succeed if retried.
CONTEXT:  SQL statement "UPDATE trade
SET t_tax = $1
WHERE t_id = $2"


1788912405 2622065 TRADE_RESULT giving up after 10 retries 2622065 1788912405 
SQL: COMMIT
ERROR:  could not serialize access due to read/write dependencies among transactions
DETAIL:  Reason code: Canceled on commit attempt with conflict in from prepared pivot.
HINT:  The transaction might succeed if retried.


1788912405 2622062 TRADE_RESULT giving up after 10 retries 2622062 1788912405 
SQL: COMMIT
ERROR:  could not serialize access due to read/write dependencies among transactions
DETAIL:  Reason code: Canceled on commit attempt with conflict in from prepared pivot.
HINT:  The transaction might succeed if retried.


1788912406 2622056 TRADE_RESULT giving up after 10 retries 2622056 1788912406 
SQL: COMMIT
ERROR:  could not serialize access due to read/write dependencies among transactions
DETAIL:  Reason code: Canceled on commit attempt with conflict in from prepared pivot.
HINT:  The transaction might succeed if retried.


1788912407 2622052 TRADE_RESULT giving up after 10 retries 2622052 1788912407 
SQL: COMMIT
ERROR:  could not serialize access due to read/write dependencies among transactions
DETAIL:  Reason code: Canceled on commit attempt with conflict in from prepared pivot.
HINT:  The transaction might succeed if retried.


1788912407 2622065 TRADE_RESULT giving up after 10 retries 2622065 1788912407 
SQL: COMMIT
ERROR:  could not serialize access due to read/write dependencies among transactions
DETAIL:  Reason code: Canceled on commit attempt with conflict in from prepared pivot.
HINT:  The transaction might succeed if retried.


1788912407 2622058 TRADE_RESULT giving up after 10 retries 2622058 1788912407 
SQL: COMMIT
ERROR:  could not serialize access due to read/write dependencies among transactions
DETAIL:  Reason code: Canceled on commit attempt with conflict in from prepared pivot.
HINT:  The transaction might succeed if retried.


1788912407 2622065 TRADE_RESULT giving up after 10 retries 2622065 1788912407 
SQL: SELECT * FROM TradeResultFrame5($1, $2, $3, $4, $5, $6)
ERROR:  could not serialize access due to read/write dependencies among transactions
DETAIL:  Reason code: Canceled on identification as a pivot, during write.
HINT:  The transaction might succeed if retried.
CONTEXT:  SQL statement "UPDATE trade
SET t_comm = $1
  , t_dts = $2
  , t_st_id = $3
  , t_trade_price = $4
WHERE t_id = $5"


1788912408 2622050 TRADE_RESULT giving up after 10 retries 2622050 1788912408 
SQL: COMMIT
ERROR:  could not serialize access due to read/write dependencies among transactions
DETAIL:  Reason code: Canceled on commit attempt with conflict in from prepared pivot.
HINT:  The transaction might succeed if retried.


1788912408 2622055 TRADE_RESULT giving up after 10 retries 2622055 1788912408 
SQL: COMMIT
ERROR:  could not serialize access due to read/write dependencies among transactions
DETAIL:  Reason code: Canceled on commit attempt with conflict in from prepared pivot.
HINT:  The transaction might succeed if retried.


1788912408 2622054 TRADE_RESULT giving up after 10 retries 2622054 1788912408 
SQL: SELECT * FROM TradeResultFrame5($1, $2, $3, $4, $5, $6)
ERROR:  could not serialize access due to read/write dependencies among transactions
DETAIL:  Reason code: Canceled on conflict out to pivot 263841066, during read.
HINT:  The transaction might succeed if retried.
CONTEXT:  SQL statement "UPDATE broker
SET b_comm_total = b_comm_total + $1
  , b_num_trades = b_num_trades + 1
WHERE b_id = $2"


1788912408 2622055 TRADE_RESULT giving up after 10 retries 2622055 1788912408 
SQL: COMMIT
ERROR:  could not serialize access due to read/write dependencies among transactions
DETAIL:  Reason code: Canceled on commit attempt with conflict in from prepared pivot.
HINT:  The transaction might succeed if retried.


1788912408 2622054 TRADE_RESULT giving up after 10 retries 2622054 1788912408 
SQL: COMMIT
ERROR:  could not serialize access due to read/write dependencies among transactions
DETAIL:  Reason code: Canceled on commit attempt with conflict in from prepared pivot.
HINT:  The transaction might succeed if retried.


1788912408 2622055 TRADE_RESULT giving up after 10 retries 2622055 1788912408 
SQL: COMMIT
ERROR:  could not serialize access due to read/write dependencies among transactions
DETAIL:  Reason code: Canceled on commit attempt with conflict in from prepared pivot.
HINT:  The transaction might succeed if retried.


1788912409 2622064 TRADE_RESULT giving up after 10 retries 2622064 1788912409 
SQL: SELECT * FROM TradeResultFrame5($1, $2, $3, $4, $5, $6)
ERROR:  could not serialize access due to read/write dependencies among transactions
DETAIL:  Reason code: Canceled on identification as a pivot, during write.
HINT:  The transaction might succeed if retried.
CONTEXT:  SQL statement "UPDATE trade
SET t_comm = $1
  , t_dts = $2
  , t_st_id = $3
  , t_trade_price = $4
WHERE t_id = $5"


1788912409 2622058 TRADE_RESULT giving up after 10 retries 2622058 1788912409 
SQL: SELECT * FROM TradeResultFrame6($1, $2, $3, $4, $5, $6, $7, $8, $9)
ERROR:  could not serialize access due to read/write dependencies among transactions
DETAIL:  Reason code: Canceled on identification as a pivot, during conflict in checking.
HINT:  The transaction might succeed if retried.
CONTEXT:  SQL statement "INSERT INTO settlement(
    se_t_id
  , se_cash_type
  , se_cash_due_date
  , se_amt)
VALUES (
    $1
  , $2
  , $3
  , $4
)"


1788912410 2622050 TRADE_RESULT giving up after 10 retries 2622050 1788912410 
SQL: COMMIT
ERROR:  could not serialize access due to read/write dependencies among transactions
DETAIL:  Reason code: Canceled on commit attempt with conflict in from prepared pivot.
HINT:  The transaction might succeed if retried.


1788912410 2622062 TRADE_RESULT giving up after 10 retries 2622062 1788912410 
SQL: COMMIT
ERROR:  could not serialize access due to read/write dependencies among transactions
DETAIL:  Reason code: Canceled on commit attempt with conflict in from prepared pivot.
HINT:  The transaction might succeed if retried.


1788912415 2622060 TRADE_RESULT giving up after 10 retries 2622060 1788912415 
SQL: COMMIT
ERROR:  could not serialize access due to read/write dependencies among transactions
DETAIL:  Reason code: Canceled on commit attempt with conflict in from prepared pivot.
HINT:  The transaction might succeed if retried.


1788912415 2622049 TRADE_RESULT giving up after 10 retries 2622049 1788912415 
SQL: COMMIT
ERROR:  could not serialize access due to read/write dependencies among transactions
DETAIL:  Reason code: Canceled on commit attempt with conflict in from prepared pivot.
HINT:  The transaction might succeed if retried.


1788912415 2622057 TRADE_RESULT giving up after 10 retries 2622057 1788912415 
SQL: COMMIT
ERROR:  could not serialize access due to read/write dependencies among transactions
DETAIL:  Reason code: Canceled on commit attempt with conflict in from prepared pivot.
HINT:  The transaction might succeed if retried.


1788912415 2622056 TRADE_RESULT giving up after 10 retries 2622056 1788912415 
SQL: SELECT * FROM TradeResultFrame5($1, $2, $3, $4, $5, $6)
ERROR:  could not serialize access due to read/write dependencies among transactions
DETAIL:  Reason code: Canceled on conflict out to pivot 263847338, during read.
HINT:  The transaction might succeed if retried.
CONTEXT:  SQL statement "UPDATE broker
SET b_comm_total = b_comm_total + $1
  , b_num_trades = b_num_trades + 1
WHERE b_id = $2"


1788912415 2622054 TRADE_RESULT giving up after 10 retries 2622054 1788912415 
SQL: COMMIT
ERROR:  could not serialize access due to read/write dependencies among transactions
DETAIL:  Reason code: Canceled on commit attempt with conflict in from prepared pivot.
HINT:  The transaction might succeed if retried.


1788912415 2622060 TRADE_RESULT giving up after 10 retries 2622060 1788912415 
SQL: COMMIT
ERROR:  could not serialize access due to read/write dependencies among transactions
DETAIL:  Reason code: Canceled on commit attempt with conflict in from prepared pivot.
HINT:  The transaction might succeed if retried.


1788912415 2622057 TRADE_RESULT giving up after 10 retries 2622057 1788912415 
SQL: SELECT * FROM TradeResultFrame5($1, $2, $3, $4, $5, $6)
ERROR:  could not serialize access due to read/write dependencies among transactions
DETAIL:  Reason code: Canceled on identification as a pivot, during write.
HINT:  The transaction might succeed if retried.
CONTEXT:  SQL statement "UPDATE trade
SET t_comm = $1
  , t_dts = $2
  , t_st_id = $3
  , t_trade_price = $4
WHERE t_id = $5"


1788912415 2622052 TRADE_RESULT giving up after 10 retries 2622052 1788912415 
SQL: COMMIT
ERROR:  could not serialize access due to read/write dependencies among transactions
DETAIL:  Reason code: Canceled on identification as a pivot, during commit attempt.
HINT:  The transaction might succeed if retried.


1788912416 2622059 TRADE_RESULT giving up after 10 retries 2622059 1788912416 
SQL: COMMIT
ERROR:  could not serialize access due to read/write dependencies among transactions
DETAIL:  Reason code: Canceled on commit attempt with conflict in from prepared pivot.
HINT:  The transaction might succeed if retried.


1788912416 2622052 TRADE_RESULT giving up after 10 retries 2622052 1788912416 
SQL: COMMIT
ERROR:  could not serialize access due to read/write dependencies among transactions
DETAIL:  Reason code: Canceled on commit attempt with conflict in from prepared pivot.
HINT:  The transaction might succeed if retried.


1788912416 2622060 TRADE_RESULT giving up after 10 retries 2622060 1788912416 
SQL: COMMIT
ERROR:  could not serialize access due to read/write dependencies among transactions
DETAIL:  Reason code: Canceled on commit attempt with conflict in from prepared pivot.
HINT:  The transaction might succeed if retried.


1788912416 2622052 TRADE_RESULT giving up after 10 retries 2622052 1788912416 
SQL: COMMIT
ERROR:  could not serialize access due to read/write dependencies among transactions
DETAIL:  Reason code: Canceled on commit attempt with conflict in from prepared pivot.
HINT:  The transaction might succeed if retried.


1788912417 2622058 TRADE_RESULT giving up after 10 retries 2622058 1788912417 
SQL: COMMIT
ERROR:  could not serialize access due to read/write dependencies among transactions
DETAIL:  Reason code: Canceled on commit attempt with conflict in from prepared pivot.
HINT:  The transaction might succeed if retried.


1788912417 2622065 TRADE_RESULT giving up after 10 retries 2622065 1788912417 
SQL: COMMIT
ERROR:  could not serialize access due to read/write dependencies among transactions
DETAIL:  Reason code: Canceled on commit attempt with conflict in from prepared pivot.
HINT:  The transaction might succeed if retried.


1788912418 2622049 TRADE_RESULT giving up after 10 retries 2622049 1788912418 
SQL: COMMIT
ERROR:  could not serialize access due to read/write dependencies among transactions
DETAIL:  Reason code: Canceled on commit attempt with conflict in from prepared pivot.
HINT:  The transaction might succeed if retried.


1788912418 2622058 TRADE_RESULT giving up after 10 retries 2622058 1788912418 
SQL: COMMIT
ERROR:  could not serialize access due to read/write dependencies among transactions
DETAIL:  Reason code: Canceled on commit attempt with conflict in from prepared pivot.
HINT:  The transaction might succeed if retried.


1788912423 2622057 TRADE_RESULT giving up after 10 retries 2622057 1788912423 
SQL: COMMIT
ERROR:  could not serialize access due to read/write dependencies among transactions
DETAIL:  Reason code: Canceled on commit attempt with conflict in from prepared pivot.
HINT:  The transaction might succeed if retried.


1788912423 2622050 TRADE_RESULT giving up after 10 retries 2622050 1788912423 
SQL: COMMIT
ERROR:  could not serialize access due to read/write dependencies among transactions
DETAIL:  Reason code: Canceled on commit attempt with conflict in from prepared pivot.
HINT:  The transaction might succeed if retried.


1788912424 2622060 TRADE_RESULT giving up after 10 retries 2622060 1788912424 
SQL: COMMIT
ERROR:  could not serialize access due to read/write dependencies among transactions
DETAIL:  Reason code: Canceled on identification as a pivot, during commit attempt.
HINT:  The transaction might succeed if retried.


1788912424 2622049 TRADE_RESULT giving up after 10 retries 2622049 1788912424 
SQL: SELECT * FROM TradeResultFrame4($1, $2, $3, $4)
ERROR:  could not serialize access due to read/write dependencies among transactions
DETAIL:  Reason code: Canceled on identification as a pivot, during conflict out checking.
HINT:  The transaction might succeed if retried.
CONTEXT:  SQL statement "SELECT s_ex_id
     , s_name
FROM security
WHERE s_symb = $1"


1788912427 2622049 TRADE_RESULT giving up after 10 retries 2622049 1788912427 
SQL: SELECT * FROM TradeResultFrame5($1, $2, $3, $4, $5, $6)
ERROR:  could not serialize access due to read/write dependencies among transactions
DETAIL:  Reason code: Canceled on conflict out to pivot 263857357, during read.
HINT:  The transaction might succeed if retried.
CONTEXT:  SQL statement "UPDATE broker
SET b_comm_total = b_comm_total + $1
  , b_num_trades = b_num_trades + 1
WHERE b_id = $2"


1788912429 2622061 TRADE_RESULT giving up after 10 retries 2622061 1788912429 
SQL: COMMIT
ERROR:  could not serialize access due to read/write dependencies among transactions
DETAIL:  Reason code: Canceled on commit attempt with conflict in from prepared pivot.
HINT:  The transaction might succeed if retried.


1788912435 2622057 TRADE_RESULT giving up after 10 retries 2622057 1788912435 
SQL: COMMIT
ERROR:  could not serialize access due to read/write dependencies among transactions
DETAIL:  Reason code: Canceled on commit attempt with conflict in from prepared pivot.
HINT:  The transaction might succeed if retried.


1788912437 2622052 TRADE_RESULT giving up after 10 retries 2622052 1788912437 
SQL: COMMIT
ERROR:  could not serialize access due to read/write dependencies among transactions
DETAIL:  Reason code: Canceled on identification as a pivot, during commit attempt.
HINT:  The transaction might succeed if retried.


1788912443 2622057 TRADE_RESULT giving up after 10 retries 2622057 1788912443 
SQL: SELECT * FROM TradeResultFrame6($1, $2, $3, $4, $5, $6, $7, $8, $9)
ERROR:  could not serialize access due to read/write dependencies among transactions
DETAIL:  Reason code: Canceled on identification as a pivot, during conflict in checking.
HINT:  The transaction might succeed if retried.
CONTEXT:  SQL statement "INSERT INTO cash_transaction(
    ct_dts
  , ct_t_id
  , ct_amt
  , ct_name
)
VALUES (
    $1
  , $2
  , $3
  , $4 || ' ' || $5::VARCHAR || ' shares of ' || $6
)"


1788912453 2622054 TRADE_RESULT giving up after 10 retries 2622054 1788912453 
SQL: COMMIT
ERROR:  could not serialize access due to read/write dependencies among transactions
DETAIL:  Reason code: Canceled on commit attempt with conflict in from prepared pivot.
HINT:  The transaction might succeed if retried.


1788912454 2622064 TRADE_RESULT giving up after 10 retries 2622064 1788912454 
SQL: SELECT * FROM TradeResultFrame5($1, $2, $3, $4, $5, $6)
ERROR:  could not serialize access due to read/write dependencies among transactions
DETAIL:  Reason code: Canceled on conflict out to pivot 263881126, during read.
HINT:  The transaction might succeed if retried.
CONTEXT:  SQL statement "UPDATE broker
SET b_comm_total = b_comm_total + $1
  , b_num_trades = b_num_trades + 1
WHERE b_id = $2"


1788912456 2622061 TRADE_RESULT giving up after 10 retries 2622061 1788912456 
SQL: COMMIT
ERROR:  could not serialize access due to read/write dependencies among transactions
DETAIL:  Reason code: Canceled on commit attempt with conflict in from prepared pivot.
HINT:  The transaction might succeed if retried.


1788912458 2622057 TRADE_RESULT giving up after 10 retries 2622057 1788912458 
SQL: COMMIT
ERROR:  could not serialize access due to read/write dependencies among transactions
DETAIL:  Reason code: Canceled on commit attempt with conflict in from prepared pivot.
HINT:  The transaction might succeed if retried.


1788912463 2622049 TRADE_RESULT giving up after 10 retries 2622049 1788912463 
SQL: COMMIT
ERROR:  could not serialize access due to read/write dependencies among transactions
DETAIL:  Reason code: Canceled on commit attempt with conflict in from prepared pivot.
HINT:  The transaction might succeed if retried.


1788912463 2622062 TRADE_RESULT giving up after 10 retries 2622062 1788912463 
SQL: COMMIT
ERROR:  could not serialize access due to read/write dependencies among transactions
DETAIL:  Reason code: Canceled on commit attempt with conflict in from prepared pivot.
HINT:  The transaction might succeed if retried.


1788912463 2622058 TRADE_RESULT giving up after 10 retries 2622058 1788912463 
SQL: SELECT * FROM TradeResultFrame5($1, $2, $3, $4, $5, $6)
ERROR:  could not serialize access due to read/write dependencies among transactions
DETAIL:  Reason code: Canceled on identification as a pivot, during write.
HINT:  The transaction might succeed if retried.
CONTEXT:  SQL statement "UPDATE trade
SET t_comm = $1
  , t_dts = $2
  , t_st_id = $3
  , t_trade_price = $4
WHERE t_id = $5"


1788912465 2622057 TRADE_RESULT giving up after 10 retries 2622057 1788912465 
SQL: COMMIT
ERROR:  could not serialize access due to read/write dependencies among transactions
DETAIL:  Reason code: Canceled on commit attempt with conflict in from prepared pivot.
HINT:  The transaction might succeed if retried.


1788912470 2622057 TRADE_RESULT giving up after 10 retries 2622057 1788912470 
SQL: SELECT * FROM TradeResultFrame5($1, $2, $3, $4, $5, $6)
ERROR:  could not serialize access due to read/write dependencies among transactions
DETAIL:  Reason code: Canceled on identification as a pivot, during conflict out checking.
HINT:  The transaction might succeed if retried.
CONTEXT:  SQL statement "SELECT 1 FROM ONLY "public"."status_type" x WHERE "st_id"::pg_catalog.text OPERATOR(pg_catalog.=) $1::pg_catalog.text FOR KEY SHARE OF x"
SQL statement "INSERT INTO trade_history(
    th_t_id
  , th_dts
  , th_st_id
)
VALUES (
    $1
  , $2
  , $3
)"


1788912473 2622059 TRADE_RESULT giving up after 10 retries 2622059 1788912473 
SQL: COMMIT
ERROR:  could not serialize access due to read/write dependencies among transactions
DETAIL:  Reason code: Canceled on commit attempt with conflict in from prepared pivot.
HINT:  The transaction might succeed if retried.


1788912477 2622053 TRADE_RESULT giving up after 10 retries 2622053 1788912477 
SQL: COMMIT
ERROR:  could not serialize access due to read/write dependencies among transactions
DETAIL:  Reason code: Canceled on commit attempt with conflict in from prepared pivot.
HINT:  The transaction might succeed if retried.


1788912479 2622064 TRADE_RESULT giving up after 10 retries 2622064 1788912479 
SQL: SELECT * FROM TradeResultFrame5($1, $2, $3, $4, $5, $6)
ERROR:  could not serialize access due to read/write dependencies among transactions
DETAIL:  Reason code: Canceled on conflict out to pivot 263901992, during read.
HINT:  The transaction might succeed if retried.
CONTEXT:  SQL statement "UPDATE broker
SET b_comm_total = b_comm_total + $1
  , b_num_trades = b_num_trades + 1
WHERE b_id = $2"


1788912479 2622054 TRADE_RESULT giving up after 10 retries 2622054 1788912479 
SQL: SELECT * FROM TradeResultFrame6($1, $2, $3, $4, $5, $6, $7, $8, $9)
ERROR:  could not serialize access due to read/write dependencies among transactions
DETAIL:  Reason code: Canceled on identification as a pivot, during conflict in checking.
HINT:  The transaction might succeed if retried.
CONTEXT:  SQL statement "INSERT INTO settlement(
    se_t_id
  , se_cash_type
  , se_cash_due_date
  , se_amt)
VALUES (
    $1
  , $2
  , $3
  , $4
)"


1788912481 2622052 TRADE_RESULT giving up after 10 retries 2622052 1788912481 
SQL: SELECT * FROM TradeResultFrame5($1, $2, $3, $4, $5, $6)
ERROR:  could not serialize access due to read/write dependencies among transactions
DETAIL:  Reason code: Canceled on conflict out to pivot 263903901, during read.
HINT:  The transaction might succeed if retried.
CONTEXT:  SQL statement "UPDATE broker
SET b_comm_total = b_comm_total + $1
  , b_num_trades = b_num_trades + 1
WHERE b_id = $2"


1788912481 2622062 TRADE_RESULT giving up after 10 retries 2622062 1788912481 
SQL: SELECT * FROM TradeResultFrame5($1, $2, $3, $4, $5, $6)
ERROR:  could not serialize access due to read/write dependencies among transactions
DETAIL:  Reason code: Canceled on conflict out to pivot 263903898, during read.
HINT:  The transaction might succeed if retried.
CONTEXT:  SQL statement "UPDATE broker
SET b_comm_total = b_comm_total + $1
  , b_num_trades = b_num_trades + 1
WHERE b_id = $2"


1788912484 2622050 TRADE_RESULT giving up after 10 retries 2622050 1788912484 
SQL: SELECT * FROM TradeResultFrame5($1, $2, $3, $4, $5, $6)
ERROR:  could not serialize access due to read/write dependencies among transactions
DETAIL:  Reason code: Canceled on identification as a pivot, during write.
HINT:  The transaction might succeed if retried.
CONTEXT:  SQL statement "UPDATE trade
SET t_comm = $1
  , t_dts = $2
  , t_st_id = $3
  , t_trade_price = $4
WHERE t_id = $5"


1788912485 2622060 TRADE_RESULT giving up after 10 retries 2622060 1788912485 
SQL: SELECT * FROM TradeResultFrame5($1, $2, $3, $4, $5, $6)
ERROR:  could not serialize access due to read/write dependencies among transactions
DETAIL:  Reason code: Canceled on identification as a pivot, during conflict out checking.
HINT:  The transaction might succeed if retried.
CONTEXT:  SQL statement "UPDATE trade
SET t_comm = $1
  , t_dts = $2
  , t_st_id = $3
  , t_trade_price = $4
WHERE t_id = $5"


1788912494 2622061 TRADE_RESULT giving up after 10 retries 2622061 1788912494 
SQL: COMMIT
ERROR:  could not serialize access due to read/write dependencies among transactions
DETAIL:  Reason code: Canceled on commit attempt with conflict in from prepared pivot.
HINT:  The transaction might succeed if retried.


1788912494 2622065 TRADE_RESULT giving up after 10 retries 2622065 1788912494 
SQL: SELECT * FROM TradeResultFrame6($1, $2, $3, $4, $5, $6, $7, $8, $9)
ERROR:  could not serialize access due to read/write dependencies among transactions
DETAIL:  Reason code: Canceled on identification as a pivot, during conflict in checking.
HINT:  The transaction might succeed if retried.
CONTEXT:  SQL statement "INSERT INTO settlement(
    se_t_id
  , se_cash_type
  , se_cash_due_date
  , se_amt)
VALUES (
    $1
  , $2
  , $3
  , $4
)"


1788912507 2622056 TRADE_RESULT giving up after 10 retries 2622056 1788912507 
SQL: COMMIT
ERROR:  could not serialize access due to read/write dependencies among transactions
DETAIL:  Reason code: Canceled on identification as a pivot, during commit attempt.
HINT:  The transaction might succeed if retried.


1788912511 2622050 TRADE_RESULT giving up after 10 retries 2622050 1788912511 
SQL: COMMIT
ERROR:  could not serialize access due to read/write dependencies among transactions
DETAIL:  Reason code: Canceled on identification as a pivot, during commit attempt.
HINT:  The transaction might succeed if retried.


1788912512 2622057 TRADE_RESULT giving up after 10 retries 2622057 1788912512 
SQL: SELECT * FROM TradeResultFrame5($1, $2, $3, $4, $5, $6)
ERROR:  could not serialize access due to concurrent update
CONTEXT:  SQL statement "UPDATE broker
SET b_comm_total = b_comm_total + $1
  , b_num_trades = b_num_trades + 1
WHERE b_id = $2"


1788912514 2622064 TRADE_RESULT giving up after 10 retries 2622064 1788912514 
SQL: SELECT * FROM TradeResultFrame4($1, $2, $3, $4)
ERROR:  could not serialize access due to read/write dependencies among transactions
DETAIL:  Reason code: Canceled on identification as a pivot, during conflict out checking.
HINT:  The transaction might succeed if retried.
CONTEXT:  SQL statement "SELECT s_ex_id
     , s_name
FROM security
WHERE s_symb = $1"


1788912516 2622059 TRADE_RESULT giving up after 10 retries 2622059 1788912516 
SQL: COMMIT
ERROR:  could not serialize access due to read/write dependencies among transactions
DETAIL:  Reason code: Canceled on commit attempt with conflict in from prepared pivot.
HINT:  The transaction might succeed if retried.


1788912518 2622058 TRADE_RESULT giving up after 10 retries 2622058 1788912518 
SQL: COMMIT
ERROR:  could not serialize access due to read/write dependencies among transactions
DETAIL:  Reason code: Canceled on commit attempt with conflict in from prepared pivot.
HINT:  The transaction might succeed if retried.


1788912522 2622059 TRADE_RESULT giving up after 10 retries 2622059 1788912522 
SQL: COMMIT
ERROR:  could not serialize access due to read/write dependencies among transactions
DETAIL:  Reason code: Canceled on identification as a pivot, during commit attempt.
HINT:  The transaction might succeed if retried.


1788912526 2622050 TRADE_RESULT giving up after 10 retries 2622050 1788912526 
SQL: SELECT * FROM TradeResultFrame3($1, $2, $3, $4)
ERROR:  could not serialize access due to read/write dependencies among transactions
DETAIL:  Reason code: Canceled on identification as a pivot, during write.
HINT:  The transaction might succeed if retried.
CONTEXT:  SQL statement "UPDATE trade
SET t_tax = $1
WHERE t_id = $2"


1788912640 2622052 TRADE_RESULT giving up after 10 retries 2622052 1788912640 
SQL: SELECT * FROM TradeResultFrame5($1, $2, $3, $4, $5, $6)
ERROR:  could not serialize access due to read/write dependencies among transactions
DETAIL:  Reason code: Canceled on identification as a pivot, during write.
HINT:  The transaction might succeed if retried.
CONTEXT:  SQL statement "UPDATE trade
SET t_comm = $1
  , t_dts = $2
  , t_st_id = $3
  , t_trade_price = $4
WHERE t_id = $5"


1788912646 2622059 TRADE_RESULT giving up after 10 retries 2622059 1788912646 
SQL: SELECT * FROM TradeResultFrame3($1, $2, $3, $4)
ERROR:  could not serialize access due to read/write dependencies among transactions
DETAIL:  Reason code: Canceled on identification as a pivot, during write.
HINT:  The transaction might succeed if retried.
CONTEXT:  SQL statement "UPDATE trade
SET t_tax = $1
WHERE t_id = $2"


1788912678 2622062 TRADE_RESULT giving up after 10 retries 2622062 1788912678 
SQL: SELECT * FROM TradeResultFrame5($1, $2, $3, $4, $5, $6)
ERROR:  could not serialize access due to read/write dependencies among transactions
DETAIL:  Reason code: Canceled on identification as a pivot, during write.
HINT:  The transaction might succeed if retried.
CONTEXT:  SQL statement "UPDATE trade
SET t_comm = $1
  , t_dts = $2
  , t_st_id = $3
  , t_trade_price = $4
WHERE t_id = $5"


1788912681 2622051 TRADE_RESULT giving up after 10 retries 2622051 1788912681 
SQL: SELECT * FROM TradeResultFrame5($1, $2, $3, $4, $5, $6)
ERROR:  could not serialize access due to read/write dependencies among transactions
DETAIL:  Reason code: Canceled on identification as a pivot, during write.
HINT:  The transaction might succeed if retried.
CONTEXT:  SQL statement "UPDATE trade
SET t_comm = $1
  , t_dts = $2
  , t_st_id = $3
  , t_trade_price = $4
WHERE t_id = $5"


1788912700 2622060 TRADE_RESULT giving up after 10 retries 2622060 1788912700 
SQL: SELECT * FROM TradeResultFrame5($1, $2, $3, $4, $5, $6)
ERROR:  could not serialize access due to read/write dependencies among transactions
DETAIL:  Reason code: Canceled on conflict out to pivot 264093528, during read.
HINT:  The transaction might succeed if retried.
CONTEXT:  SQL statement "UPDATE broker
SET b_comm_total = b_comm_total + $1
  , b_num_trades = b_num_trades + 1
WHERE b_id = $2"


1788912714 2622064 TRADE_RESULT giving up after 10 retries 2622064 1788912714 
SQL: COMMIT
ERROR:  could not serialize access due to read/write dependencies among transactions
DETAIL:  Reason code: Canceled on commit attempt with conflict in from prepared pivot.
HINT:  The transaction might succeed if retried.


1788912720 2622054 TRADE_RESULT giving up after 10 retries 2622054 1788912720 
SQL: SELECT * FROM TradeResultFrame5($1, $2, $3, $4, $5, $6)
ERROR:  could not serialize access due to read/write dependencies among transactions
DETAIL:  Reason code: Canceled on identification as a pivot, during write.
HINT:  The transaction might succeed if retried.
CONTEXT:  SQL statement "UPDATE trade
SET t_comm = $1
  , t_dts = $2
  , t_st_id = $3
  , t_trade_price = $4
WHERE t_id = $5"


1788912720 2622064 TRADE_RESULT giving up after 10 retries 2622064 1788912720 
SQL: COMMIT
ERROR:  could not serialize access due to read/write dependencies among transactions
DETAIL:  Reason code: Canceled on commit attempt with conflict in from prepared pivot.
HINT:  The transaction might succeed if retried.


1788912721 2622050 TRADE_RESULT giving up after 10 retries 2622050 1788912721 
SQL: SELECT * FROM TradeResultFrame5($1, $2, $3, $4, $5, $6)
ERROR:  could not serialize access due to read/write dependencies among transactions
DETAIL:  Reason code: Canceled on identification as a pivot, during write.
HINT:  The transaction might succeed if retried.
CONTEXT:  SQL statement "UPDATE trade
SET t_comm = $1
  , t_dts = $2
  , t_st_id = $3
  , t_trade_price = $4
WHERE t_id = $5"


1788912721 2622061 TRADE_RESULT giving up after 10 retries 2622061 1788912721 
SQL: COMMIT
ERROR:  could not serialize access due to read/write dependencies among transactions
DETAIL:  Reason code: Canceled on commit attempt with conflict in from prepared pivot.
HINT:  The transaction might succeed if retried.


1788912722 2622054 TRADE_RESULT giving up after 10 retries 2622054 1788912722 
SQL: COMMIT
ERROR:  could not serialize access due to read/write dependencies among transactions
DETAIL:  Reason code: Canceled on commit attempt with conflict in from prepared pivot.
HINT:  The transaction might succeed if retried.


1788912722 2622057 TRADE_RESULT giving up after 10 retries 2622057 1788912722 
SQL: SELECT * FROM TradeResultFrame4($1, $2, $3, $4)
ERROR:  could not serialize access due to read/write dependencies among transactions
DETAIL:  Reason code: Canceled on identification as a pivot, during conflict out checking.
HINT:  The transaction might succeed if retried.
CONTEXT:  SQL statement "SELECT s_ex_id
     , s_name
FROM security
WHERE s_symb = $1"


1788912723 2622064 TRADE_RESULT giving up after 10 retries 2622064 1788912723 
SQL: COMMIT
ERROR:  could not serialize access due to read/write dependencies among transactions
DETAIL:  Reason code: Canceled on commit attempt with conflict in from prepared pivot.
HINT:  The transaction might succeed if retried.


1788912723 2622061 TRADE_RESULT giving up after 10 retries 2622061 1788912723 
SQL: COMMIT
ERROR:  could not serialize access due to read/write dependencies among transactions
DETAIL:  Reason code: Canceled on commit attempt with conflict in from prepared pivot.
HINT:  The transaction might succeed if retried.


1788912723 2622054 TRADE_RESULT giving up after 10 retries 2622054 1788912723 
SQL: COMMIT
ERROR:  could not serialize access due to read/write dependencies among transactions
DETAIL:  Reason code: Canceled on commit attempt with conflict in from prepared pivot.
HINT:  The transaction might succeed if retried.


1788912723 2622060 TRADE_RESULT giving up after 10 retries 2622060 1788912723 
SQL: COMMIT
ERROR:  could not serialize access due to read/write dependencies among transactions
DETAIL:  Reason code: Canceled on commit attempt with conflict in from prepared pivot.
HINT:  The transaction might succeed if retried.


1788912723 2622049 TRADE_RESULT giving up after 10 retries 2622049 1788912723 
SQL: COMMIT
ERROR:  could not serialize access due to read/write dependencies among transactions
DETAIL:  Reason code: Canceled on commit attempt with conflict in from prepared pivot.
HINT:  The transaction might succeed if retried.


1788912723 2622065 TRADE_RESULT giving up after 10 retries 2622065 1788912723 
SQL: SELECT * FROM TradeResultFrame5($1, $2, $3, $4, $5, $6)
ERROR:  could not serialize access due to read/write dependencies among transactions
DETAIL:  Reason code: Canceled on conflict out to pivot 264115010, during read.
HINT:  The transaction might succeed if retried.
CONTEXT:  SQL statement "UPDATE broker
SET b_comm_total = b_comm_total + $1
  , b_num_trades = b_num_trades + 1
WHERE b_id = $2"


1788912724 2622056 TRADE_RESULT giving up after 10 retries 2622056 1788912724 
SQL: SELECT * FROM TradeResultFrame5($1, $2, $3, $4, $5, $6)
ERROR:  could not serialize access due to read/write dependencies among transactions
DETAIL:  Reason code: Canceled on conflict out to pivot 264115276, during read.
HINT:  The transaction might succeed if retried.
CONTEXT:  SQL statement "UPDATE broker
SET b_comm_total = b_comm_total + $1
  , b_num_trades = b_num_trades + 1
WHERE b_id = $2"


1788912724 2622056 TRADE_RESULT giving up after 10 retries 2622056 1788912724 
SQL: SELECT * FROM TradeResultFrame5($1, $2, $3, $4, $5, $6)
ERROR:  could not serialize access due to read/write dependencies among transactions
DETAIL:  Reason code: Canceled on identification as a pivot, during write.
HINT:  The transaction might succeed if retried.
CONTEXT:  SQL statement "UPDATE trade
SET t_comm = $1
  , t_dts = $2
  , t_st_id = $3
  , t_trade_price = $4
WHERE t_id = $5"


1788912727 2622052 TRADE_RESULT giving up after 10 retries 2622052 1788912727 
SQL: COMMIT
ERROR:  could not serialize access due to read/write dependencies among transactions
DETAIL:  Reason code: Canceled on commit attempt with conflict in from prepared pivot.
HINT:  The transaction might succeed if retried.


1788912727 2622056 TRADE_RESULT giving up after 10 retries 2622056 1788912727 
SQL: COMMIT
ERROR:  could not serialize access due to read/write dependencies among transactions
DETAIL:  Reason code: Canceled on commit attempt with conflict in from prepared pivot.
HINT:  The transaction might succeed if retried.


1788912760 2622057 TRADE_RESULT giving up after 10 retries 2622057 1788912760 
SQL: SELECT * FROM TradeResultFrame4($1, $2, $3, $4)
ERROR:  could not serialize access due to read/write dependencies among transactions
DETAIL:  Reason code: Canceled on identification as a pivot, during conflict out checking.
HINT:  The transaction might succeed if retried.
CONTEXT:  SQL statement "SELECT s_ex_id
     , s_name
FROM security
WHERE s_symb = $1"


1788912800 2622062 TRADE_RESULT giving up after 10 retries 2622062 1788912800 
SQL: SELECT * FROM TradeResultFrame3($1, $2, $3, $4)
ERROR:  could not serialize access due to read/write dependencies among transactions
DETAIL:  Reason code: Canceled on identification as a pivot, during write.
HINT:  The transaction might succeed if retried.
CONTEXT:  SQL statement "UPDATE trade
SET t_tax = $1
WHERE t_id = $2"


1788912802 2622060 TRADE_RESULT giving up after 10 retries 2622060 1788912802 
SQL: SELECT * FROM TradeResultFrame3($1, $2, $3, $4)
ERROR:  could not serialize access due to read/write dependencies among transactions
DETAIL:  Reason code: Canceled on identification as a pivot, during write.
HINT:  The transaction might succeed if retried.
CONTEXT:  SQL statement "UPDATE trade
SET t_tax = $1
WHERE t_id = $2"


1788912805 2622065 TRADE_RESULT giving up after 10 retries 2622065 1788912805 
SQL: SELECT * FROM TradeResultFrame5($1, $2, $3, $4, $5, $6)
ERROR:  could not serialize access due to read/write dependencies among transactions
DETAIL:  Reason code: Canceled on conflict out to pivot 264186060, during read.
HINT:  The transaction might succeed if retried.
CONTEXT:  SQL statement "UPDATE broker
SET b_comm_total = b_comm_total + $1
  , b_num_trades = b_num_trades + 1
WHERE b_id = $2"


1788912810 2622062 TRADE_RESULT giving up after 10 retries 2622062 1788912810 
SQL: COMMIT
ERROR:  could not serialize access due to read/write dependencies among transactions
DETAIL:  Reason code: Canceled on commit attempt with conflict in from prepared pivot.
HINT:  The transaction might succeed if retried.


1788912810 2622057 TRADE_RESULT giving up after 10 retries 2622057 1788912810 
SQL: COMMIT
ERROR:  could not serialize access due to read/write dependencies among transactions
DETAIL:  Reason code: Canceled on commit attempt with conflict in from prepared pivot.
HINT:  The transaction might succeed if retried.


1788912812 2622051 TRADE_RESULT giving up after 10 retries 2622051 1788912812 
SQL: COMMIT
ERROR:  could not serialize access due to read/write dependencies among transactions
DETAIL:  Reason code: Canceled on commit attempt with conflict in from prepared pivot.
HINT:  The transaction might succeed if retried.


1788912812 2622065 TRADE_RESULT giving up after 10 retries 2622065 1788912812 
SQL: COMMIT
ERROR:  could not serialize access due to read/write dependencies among transactions
DETAIL:  Reason code: Canceled on commit attempt with conflict in from prepared pivot.
HINT:  The transaction might succeed if retried.


1788912816 2622061 TRADE_RESULT giving up after 10 retries 2622061 1788912816 
SQL: COMMIT
ERROR:  could not serialize access due to read/write dependencies among transactions
DETAIL:  Reason code: Canceled on commit attempt with conflict in from prepared pivot.
HINT:  The transaction might succeed if retried.


1788912821 2622057 TRADE_RESULT giving up after 10 retries 2622057 1788912821 
SQL: SELECT * FROM TradeResultFrame5($1, $2, $3, $4, $5, $6)
ERROR:  could not serialize access due to read/write dependencies among transactions
DETAIL:  Reason code: Canceled on identification as a pivot, during write.
HINT:  The transaction might succeed if retried.
CONTEXT:  SQL statement "UPDATE trade
SET t_comm = $1
  , t_dts = $2
  , t_st_id = $3
  , t_trade_price = $4
WHERE t_id = $5"


1788912825 2622053 TRADE_RESULT giving up after 10 retries 2622053 1788912825 
SQL: COMMIT
ERROR:  could not serialize access due to read/write dependencies among transactions
DETAIL:  Reason code: Canceled on commit attempt with conflict in from prepared pivot.
HINT:  The transaction might succeed if retried.


1788912838 2622054 TRADE_RESULT giving up after 10 retries 2622054 1788912838 
SQL: COMMIT
ERROR:  could not serialize access due to read/write dependencies among transactions
DETAIL:  Reason code: Canceled on commit attempt with conflict in from prepared pivot.
HINT:  The transaction might succeed if retried.


1788912840 2622055 TRADE_RESULT giving up after 10 retries 2622055 1788912840 
SQL: COMMIT
ERROR:  could not serialize access due to read/write dependencies among transactions
DETAIL:  Reason code: Canceled on commit attempt with conflict in from prepared pivot.
HINT:  The transaction might succeed if retried.


1788912850 2622064 TRADE_RESULT giving up after 10 retries 2622064 1788912850 
SQL: SELECT * FROM TradeResultFrame5($1, $2, $3, $4, $5, $6)
ERROR:  could not serialize access due to read/write dependencies among transactions
DETAIL:  Reason code: Canceled on identification as a pivot, during write.
HINT:  The transaction might succeed if retried.
CONTEXT:  SQL statement "UPDATE trade
SET t_comm = $1
  , t_dts = $2
  , t_st_id = $3
  , t_trade_price = $4
WHERE t_id = $5"


1788912852 2622061 TRADE_RESULT giving up after 10 retries 2622061 1788912852 
SQL: COMMIT
ERROR:  could not serialize access due to read/write dependencies among transactions
DETAIL:  Reason code: Canceled on commit attempt with conflict in from prepared pivot.
HINT:  The transaction might succeed if retried.


1788912852 2622051 TRADE_RESULT giving up after 10 retries 2622051 1788912852 
SQL: SELECT * FROM TradeResultFrame5($1, $2, $3, $4, $5, $6)
ERROR:  could not serialize access due to read/write dependencies among transactions
DETAIL:  Reason code: Canceled on conflict out to pivot 264227689, during read.
HINT:  The transaction might succeed if retried.
CONTEXT:  SQL statement "UPDATE broker
SET b_comm_total = b_comm_total + $1
  , b_num_trades = b_num_trades + 1
WHERE b_id = $2"


1788912859 2622059 TRADE_RESULT giving up after 10 retries 2622059 1788912859 
SQL: SELECT * FROM TradeResultFrame6($1, $2, $3, $4, $5, $6, $7, $8, $9)
ERROR:  could not serialize access due to read/write dependencies among transactions
DETAIL:  Reason code: Canceled on identification as a pivot, during conflict in checking.
HINT:  The transaction might succeed if retried.
CONTEXT:  SQL statement "INSERT INTO settlement(
    se_t_id
  , se_cash_type
  , se_cash_due_date
  , se_amt)
VALUES (
    $1
  , $2
  , $3
  , $4
)"


1788912864 2622060 TRADE_RESULT giving up after 10 retries 2622060 1788912864 
SQL: COMMIT
ERROR:  could not serialize access due to read/write dependencies among transactions
DETAIL:  Reason code: Canceled on commit attempt with conflict in from prepared pivot.
HINT:  The transaction might succeed if retried.


1788912870 2622054 TRADE_RESULT giving up after 10 retries 2622054 1788912870 
SQL: COMMIT
ERROR:  could not serialize access due to read/write dependencies among transactions
DETAIL:  Reason code: Canceled on commit attempt with conflict in from prepared pivot.
HINT:  The transaction might succeed if retried.


1788912871 2622061 TRADE_RESULT giving up after 10 retries 2622061 1788912871 
SQL: SELECT * FROM TradeResultFrame5($1, $2, $3, $4, $5, $6)
ERROR:  could not serialize access due to read/write dependencies among transactions
DETAIL:  Reason code: Canceled on conflict out to pivot 264244474, during read.
HINT:  The transaction might succeed if retried.
CONTEXT:  SQL statement "UPDATE broker
SET b_comm_total = b_comm_total + $1
  , b_num_trades = b_num_trades + 1
WHERE b_id = $2"


1788912885 2622056 TRADE_RESULT giving up after 10 retries 2622056 1788912885 
SQL: SELECT * FROM TradeResultFrame5($1, $2, $3, $4, $5, $6)
ERROR:  could not serialize access due to read/write dependencies among transactions
DETAIL:  Reason code: Canceled on conflict out to pivot 264256690, during read.
HINT:  The transaction might succeed if retried.
CONTEXT:  SQL statement "UPDATE broker
SET b_comm_total = b_comm_total + $1
  , b_num_trades = b_num_trades + 1
WHERE b_id = $2"


1788912885 2622050 TRADE_RESULT giving up after 10 retries 2622050 1788912885 
SQL: COMMIT
ERROR:  could not serialize access due to read/write dependencies among transactions
DETAIL:  Reason code: Canceled on commit attempt with conflict in from prepared pivot.
HINT:  The transaction might succeed if retried.


1788912885 2622061 TRADE_RESULT giving up after 10 retries 2622061 1788912885 
SQL: COMMIT
ERROR:  could not serialize access due to read/write dependencies among transactions
DETAIL:  Reason code: Canceled on commit attempt with conflict in from prepared pivot.
HINT:  The transaction might succeed if retried.


1788912887 2622054 TRADE_RESULT giving up after 10 retries 2622054 1788912887 
SQL: SELECT * FROM TradeResultFrame3($1, $2, $3, $4)
ERROR:  could not serialize access due to read/write dependencies among transactions
DETAIL:  Reason code: Canceled on identification as a pivot, during write.
HINT:  The transaction might succeed if retried.
CONTEXT:  SQL statement "UPDATE trade
SET t_tax = $1
WHERE t_id = $2"


1788912889 2622058 TRADE_RESULT giving up after 10 retries 2622058 1788912889 
SQL: COMMIT
ERROR:  could not serialize access due to read/write dependencies among transactions
DETAIL:  Reason code: Canceled on commit attempt with conflict in from prepared pivot.
HINT:  The transaction might succeed if retried.


1788912891 2622058 TRADE_RESULT giving up after 10 retries 2622058 1788912891 
SQL: COMMIT
ERROR:  could not serialize access due to read/write dependencies among transactions
DETAIL:  Reason code: Canceled on commit attempt with conflict in from prepared pivot.
HINT:  The transaction might succeed if retried.


1788912898 2622061 TRADE_RESULT giving up after 10 retries 2622061 1788912898 
SQL: COMMIT
ERROR:  could not serialize access due to read/write dependencies among transactions
DETAIL:  Reason code: Canceled on commit attempt with conflict in from prepared pivot.
HINT:  The transaction might succeed if retried.


1788912904 2622060 TRADE_RESULT giving up after 10 retries 2622060 1788912904 
SQL: SELECT * FROM TradeResultFrame6($1, $2, $3, $4, $5, $6, $7, $8, $9)
ERROR:  could not serialize access due to read/write dependencies among transactions
DETAIL:  Reason code: Canceled on identification as a pivot, during conflict in checking.
HINT:  The transaction might succeed if retried.
CONTEXT:  SQL statement "INSERT INTO settlement(
    se_t_id
  , se_cash_type
  , se_cash_due_date
  , se_amt)
VALUES (
    $1
  , $2
  , $3
  , $4
)"


1788912908 2622049 TRADE_RESULT giving up after 10 retries 2622049 1788912908 
SQL: COMMIT
ERROR:  could not serialize access due to read/write dependencies among transactions
DETAIL:  Reason code: Canceled on commit attempt with conflict in from prepared pivot.
HINT:  The transaction might succeed if retried.


1788912912 2622051 TRADE_RESULT giving up after 10 retries 2622051 1788912912 
SQL: COMMIT
ERROR:  could not serialize access due to read/write dependencies among transactions
DETAIL:  Reason code: Canceled on commit attempt with conflict in from prepared pivot.
HINT:  The transaction might succeed if retried.


1788912921 2622054 TRADE_RESULT giving up after 10 retries 2622054 1788912921 
SQL: SELECT * FROM TradeResultFrame5($1, $2, $3, $4, $5, $6)
ERROR:  could not serialize access due to read/write dependencies among transactions
DETAIL:  Reason code: Canceled on conflict out to pivot 264288153, during read.
HINT:  The transaction might succeed if retried.
CONTEXT:  SQL statement "UPDATE broker
SET b_comm_total = b_comm_total + $1
  , b_num_trades = b_num_trades + 1
WHERE b_id = $2"


1788912923 2622057 TRADE_RESULT giving up after 10 retries 2622057 1788912923 
SQL: COMMIT
ERROR:  could not serialize access due to read/write dependencies among transactions
DETAIL:  Reason code: Canceled on commit attempt with conflict in from prepared pivot.
HINT:  The transaction might succeed if retried.


1788912928 2622054 TRADE_RESULT giving up after 10 retries 2622054 1788912928 
SQL: COMMIT
ERROR:  could not serialize access due to read/write dependencies among transactions
DETAIL:  Reason code: Canceled on identification as a pivot, during commit attempt.
HINT:  The transaction might succeed if retried.


1788912930 2622051 TRADE_RESULT giving up after 10 retries 2622051 1788912930 
SQL: COMMIT
ERROR:  could not serialize access due to read/write dependencies among transactions
DETAIL:  Reason code: Canceled on commit attempt with conflict in from prepared pivot.
HINT:  The transaction might succeed if retried.


1788912932 2622052 TRADE_RESULT giving up after 10 retries 2622052 1788912932 
SQL: SELECT * FROM TradeResultFrame5($1, $2, $3, $4, $5, $6)
ERROR:  could not serialize access due to read/write dependencies among transactions
DETAIL:  Reason code: Canceled on conflict out to pivot 264297878, during read.
HINT:  The transaction might succeed if retried.
CONTEXT:  SQL statement "UPDATE broker
SET b_comm_total = b_comm_total + $1
  , b_num_trades = b_num_trades + 1
WHERE b_id = $2"


1788912934 2622058 TRADE_RESULT giving up after 10 retries 2622058 1788912934 
SQL: COMMIT
ERROR:  could not serialize access due to read/write dependencies among transactions
DETAIL:  Reason code: Canceled on commit attempt with conflict in from prepared pivot.
HINT:  The transaction might succeed if retried.


1788912935 2622053 TRADE_RESULT giving up after 10 retries 2622053 1788912935 
SQL: COMMIT
ERROR:  could not serialize access due to read/write dependencies among transactions
DETAIL:  Reason code: Canceled on commit attempt with conflict in from prepared pivot.
HINT:  The transaction might succeed if retried.


1788912935 2622055 TRADE_RESULT giving up after 10 retries 2622055 1788912935 
SQL: COMMIT
ERROR:  could not serialize access due to read/write dependencies among transactions
DETAIL:  Reason code: Canceled on commit attempt with conflict in from prepared pivot.
HINT:  The transaction might succeed if retried.


1788912935 2622060 TRADE_RESULT giving up after 10 retries 2622060 1788912935 
SQL: SELECT * FROM TradeResultFrame5($1, $2, $3, $4, $5, $6)
ERROR:  could not serialize access due to read/write dependencies among transactions
DETAIL:  Reason code: Canceled on identification as a pivot, during write.
HINT:  The transaction might succeed if retried.
CONTEXT:  SQL statement "UPDATE trade
SET t_comm = $1
  , t_dts = $2
  , t_st_id = $3
  , t_trade_price = $4
WHERE t_id = $5"


1788912935 2622049 TRADE_RESULT giving up after 10 retries 2622049 1788912935 
SQL: SELECT * FROM TradeResultFrame5($1, $2, $3, $4, $5, $6)
ERROR:  could not serialize access due to read/write dependencies among transactions
DETAIL:  Reason code: Canceled on identification as a pivot, during write.
HINT:  The transaction might succeed if retried.
CONTEXT:  SQL statement "UPDATE trade
SET t_comm = $1
  , t_dts = $2
  , t_st_id = $3
  , t_trade_price = $4
WHERE t_id = $5"


1788912941 2622058 TRADE_RESULT giving up after 10 retries 2622058 1788912941 
SQL: SELECT * FROM TradeResultFrame5($1, $2, $3, $4, $5, $6)
ERROR:  could not serialize access due to read/write dependencies among transactions
DETAIL:  Reason code: Canceled on conflict out to pivot 264306648, during read.
HINT:  The transaction might succeed if retried.
CONTEXT:  SQL statement "UPDATE broker
SET b_comm_total = b_comm_total + $1
  , b_num_trades = b_num_trades + 1
WHERE b_id = $2"


1788912955 2622058 TRADE_RESULT giving up after 10 retries 2622058 1788912955 
SQL: COMMIT
ERROR:  could not serialize access due to read/write dependencies among transactions
DETAIL:  Reason code: Canceled on commit attempt with conflict in from prepared pivot.
HINT:  The transaction might succeed if retried.


1788912965 2622054 TRADE_RESULT giving up after 10 retries 2622054 1788912965 
SQL: COMMIT
ERROR:  could not serialize access due to read/write dependencies among transactions
DETAIL:  Reason code: Canceled on commit attempt with conflict in from prepared pivot.
HINT:  The transaction might succeed if retried.


1788912970 2622056 TRADE_RESULT giving up after 10 retries 2622056 1788912970 
SQL: SELECT * FROM TradeResultFrame5($1, $2, $3, $4, $5, $6)
ERROR:  could not serialize access due to read/write dependencies among transactions
DETAIL:  Reason code: Canceled on identification as a pivot, during write.
HINT:  The transaction might succeed if retried.
CONTEXT:  SQL statement "UPDATE trade
SET t_comm = $1
  , t_dts = $2
  , t_st_id = $3
  , t_trade_price = $4
WHERE t_id = $5"


1788912973 2622049 TRADE_RESULT giving up after 10 retries 2622049 1788912973 
SQL: SELECT * FROM TradeResultFrame5($1, $2, $3, $4, $5, $6)
ERROR:  could not serialize access due to read/write dependencies among transactions
DETAIL:  Reason code: Canceled on conflict out to pivot 264334552, during read.
HINT:  The transaction might succeed if retried.
CONTEXT:  SQL statement "UPDATE broker
SET b_comm_total = b_comm_total + $1
  , b_num_trades = b_num_trades + 1
WHERE b_id = $2"


1788912974 2622055 TRADE_RESULT giving up after 10 retries 2622055 1788912974 
SQL: SELECT * FROM TradeResultFrame5($1, $2, $3, $4, $5, $6)
ERROR:  could not serialize access due to read/write dependencies among transactions
DETAIL:  Reason code: Canceled on conflict out to pivot 264335617, during read.
HINT:  The transaction might succeed if retried.
CONTEXT:  SQL statement "UPDATE broker
SET b_comm_total = b_comm_total + $1
  , b_num_trades = b_num_trades + 1
WHERE b_id = $2"


1788912979 2622060 TRADE_RESULT giving up after 10 retries 2622060 1788912979 
SQL: COMMIT
ERROR:  could not serialize access due to read/write dependencies among transactions
DETAIL:  Reason code: Canceled on commit attempt with conflict in from prepared pivot.
HINT:  The transaction might succeed if retried.


1788912979 2622053 TRADE_RESULT giving up after 10 retries 2622053 1788912979 
SQL: COMMIT
ERROR:  could not serialize access due to read/write dependencies among transactions
DETAIL:  Reason code: Canceled on commit attempt with conflict in from prepared pivot.
HINT:  The transaction might succeed if retried.


1788912979 2622058 TRADE_RESULT giving up after 10 retries 2622058 1788912979 
SQL: COMMIT
ERROR:  could not serialize access due to read/write dependencies among transactions
DETAIL:  Reason code: Canceled on commit attempt with conflict in from prepared pivot.
HINT:  The transaction might succeed if retried.


1788912982 2622062 TRADE_RESULT giving up after 10 retries 2622062 1788912982 
SQL: SELECT * FROM TradeResultFrame5($1, $2, $3, $4, $5, $6)
ERROR:  could not serialize access due to read/write dependencies among transactions
DETAIL:  Reason code: Canceled on identification as a pivot, during write.
HINT:  The transaction might succeed if retried.
CONTEXT:  SQL statement "UPDATE trade
SET t_comm = $1
  , t_dts = $2
  , t_st_id = $3
  , t_trade_price = $4
WHERE t_id = $5"


1788912994 2622054 TRADE_RESULT giving up after 10 retries 2622054 1788912994 
SQL: COMMIT
ERROR:  could not serialize access due to read/write dependencies among transactions
DETAIL:  Reason code: Canceled on commit attempt with conflict in from prepared pivot.
HINT:  The transaction might succeed if retried.


1788912995 2622058 TRADE_RESULT giving up after 10 retries 2622058 1788912995 
SQL: SELECT * FROM TradeResultFrame5($1, $2, $3, $4, $5, $6)
ERROR:  could not serialize access due to read/write dependencies among transactions
DETAIL:  Reason code: Canceled on conflict out to pivot 264353773, during read.
HINT:  The transaction might succeed if retried.
CONTEXT:  SQL statement "UPDATE broker
SET b_comm_total = b_comm_total + $1
  , b_num_trades = b_num_trades + 1
WHERE b_id = $2"


1788913005 2622058 TRADE_RESULT giving up after 10 retries 2622058 1788913005 
SQL: SELECT * FROM TradeResultFrame5($1, $2, $3, $4, $5, $6)
ERROR:  could not serialize access due to read/write dependencies among transactions
DETAIL:  Reason code: Canceled on identification as a pivot, during write.
HINT:  The transaction might succeed if retried.
CONTEXT:  SQL statement "UPDATE trade
SET t_comm = $1
  , t_dts = $2
  , t_st_id = $3
  , t_trade_price = $4
WHERE t_id = $5"


1788913009 2622064 TRADE_RESULT giving up after 10 retries 2622064 1788913009 
SQL: COMMIT
ERROR:  could not serialize access due to read/write dependencies among transactions
DETAIL:  Reason code: Canceled on commit attempt with conflict in from prepared pivot.
HINT:  The transaction might succeed if retried.


1788913011 2622064 TRADE_RESULT giving up after 10 retries 2622064 1788913011 
SQL: SELECT * FROM TradeResultFrame5($1, $2, $3, $4, $5, $6)
ERROR:  could not serialize access due to read/write dependencies among transactions
DETAIL:  Reason code: Canceled on conflict out to pivot 264367396, during read.
HINT:  The transaction might succeed if retried.
CONTEXT:  SQL statement "UPDATE broker
SET b_comm_total = b_comm_total + $1
  , b_num_trades = b_num_trades + 1
WHERE b_id = $2"


1788913020 2622062 TRADE_RESULT giving up after 10 retries 2622062 1788913020 
SQL: SELECT * FROM TradeResultFrame3($1, $2, $3, $4)
ERROR:  could not serialize access due to read/write dependencies among transactions
DETAIL:  Reason code: Canceled on identification as a pivot, during write.
HINT:  The transaction might succeed if retried.
CONTEXT:  SQL statement "UPDATE trade
SET t_tax = $1
WHERE t_id = $2"


1788913040 2622057 TRADE_RESULT giving up after 10 retries 2622057 1788913040 
SQL: COMMIT
ERROR:  could not serialize access due to read/write dependencies among transactions
DETAIL:  Reason code: Canceled on commit attempt with conflict in from prepared pivot.
HINT:  The transaction might succeed if retried.


1788913041 2622055 TRADE_RESULT giving up after 10 retries 2622055 1788913041 
SQL: COMMIT
ERROR:  could not serialize access due to read/write dependencies among transactions
DETAIL:  Reason code: Canceled on commit attempt with conflict in from prepared pivot.
HINT:  The transaction might succeed if retried.


1788913041 2622060 TRADE_RESULT giving up after 10 retries 2622060 1788913041 
SQL: COMMIT
ERROR:  could not serialize access due to read/write dependencies among transactions
DETAIL:  Reason code: Canceled on commit attempt with conflict in from prepared pivot.
HINT:  The transaction might succeed if retried.


1788913049 2622058 TRADE_RESULT giving up after 10 retries 2622058 1788913049 
SQL: SELECT * FROM TradeResultFrame5($1, $2, $3, $4, $5, $6)
ERROR:  could not serialize access due to read/write dependencies among transactions
DETAIL:  Reason code: Canceled on conflict out to pivot 264401201, during read.
HINT:  The transaction might succeed if retried.
CONTEXT:  SQL statement "UPDATE broker
SET b_comm_total = b_comm_total + $1
  , b_num_trades = b_num_trades + 1
WHERE b_id = $2"


1788913050 2622065 TRADE_RESULT giving up after 10 retries 2622065 1788913050 
SQL: COMMIT
ERROR:  could not serialize access due to read/write dependencies among transactions
DETAIL:  Reason code: Canceled on commit attempt with conflict in from prepared pivot.
HINT:  The transaction might succeed if retried.


1788913060 2622060 TRADE_RESULT giving up after 10 retries 2622060 1788913060 
SQL: COMMIT
ERROR:  could not serialize access due to read/write dependencies among transactions
DETAIL:  Reason code: Canceled on commit attempt with conflict in from prepared pivot.
HINT:  The transaction might succeed if retried.


1788913066 2622057 TRADE_RESULT giving up after 10 retries 2622057 1788913066 
SQL: SELECT * FROM TradeResultFrame5($1, $2, $3, $4, $5, $6)
ERROR:  could not serialize access due to read/write dependencies among transactions
DETAIL:  Reason code: Canceled on conflict out to pivot 264416551, during read.
HINT:  The transaction might succeed if retried.
CONTEXT:  SQL statement "UPDATE broker
SET b_comm_total = b_comm_total + $1
  , b_num_trades = b_num_trades + 1
WHERE b_id = $2"


1788913075 2622050 TRADE_RESULT giving up after 10 retries 2622050 1788913075 
SQL: SELECT * FROM TradeResultFrame5($1, $2, $3, $4, $5, $6)
ERROR:  could not serialize access due to read/write dependencies among transactions
DETAIL:  Reason code: Canceled on conflict out to pivot 264423857, during read.
HINT:  The transaction might succeed if retried.
CONTEXT:  SQL statement "UPDATE broker
SET b_comm_total = b_comm_total + $1
  , b_num_trades = b_num_trades + 1
WHERE b_id = $2"


1788913090 2622053 TRADE_RESULT giving up after 10 retries 2622053 1788913090 
SQL: SELECT * FROM TradeResultFrame5($1, $2, $3, $4, $5, $6)
ERROR:  could not serialize access due to read/write dependencies among transactions
DETAIL:  Reason code: Canceled on identification as a pivot, during write.
HINT:  The transaction might succeed if retried.
CONTEXT:  SQL statement "UPDATE trade
SET t_comm = $1
  , t_dts = $2
  , t_st_id = $3
  , t_trade_price = $4
WHERE t_id = $5"


1788913103 2622059 TRADE_RESULT giving up after 10 retries 2622059 1788913103 
SQL: SELECT * FROM TradeResultFrame5($1, $2, $3, $4, $5, $6)
ERROR:  could not serialize access due to read/write dependencies among transactions
DETAIL:  Reason code: Canceled on conflict out to pivot 264448263, during read.
HINT:  The transaction might succeed if retried.
CONTEXT:  SQL statement "UPDATE broker
SET b_comm_total = b_comm_total + $1
  , b_num_trades = b_num_trades + 1
WHERE b_id = $2"


1788913104 2622057 TRADE_RESULT giving up after 10 retries 2622057 1788913104 
SQL: SELECT * FROM TradeResultFrame5($1, $2, $3, $4, $5, $6)
ERROR:  could not serialize access due to read/write dependencies among transactions
DETAIL:  Reason code: Canceled on conflict out to pivot 264449535, during read.
HINT:  The transaction might succeed if retried.
CONTEXT:  SQL statement "UPDATE broker
SET b_comm_total = b_comm_total + $1
  , b_num_trades = b_num_trades + 1
WHERE b_id = $2"


1788913111 2622054 TRADE_RESULT giving up after 10 retries 2622054 1788913111 
SQL: COMMIT
ERROR:  could not serialize access due to read/write dependencies among transactions
DETAIL:  Reason code: Canceled on commit attempt with conflict in from prepared pivot.
HINT:  The transaction might succeed if retried.


1788913111 2622057 TRADE_RESULT giving up after 10 retries 2622057 1788913111 
SQL: COMMIT
ERROR:  could not serialize access due to read/write dependencies among transactions
DETAIL:  Reason code: Canceled on commit attempt with conflict in from prepared pivot.
HINT:  The transaction might succeed if retried.


1788913132 2622052 TRADE_RESULT giving up after 10 retries 2622052 1788913132 
SQL: SELECT * FROM TradeResultFrame4($1, $2, $3, $4)
ERROR:  could not serialize access due to read/write dependencies among transactions
DETAIL:  Reason code: Canceled on identification as a pivot, during conflict out checking.
HINT:  The transaction might succeed if retried.
CONTEXT:  SQL statement "SELECT s_ex_id
     , s_name
FROM security
WHERE s_symb = $1"


1788913132 2622049 TRADE_RESULT giving up after 10 retries 2622049 1788913132 
SQL: SELECT * FROM TradeResultFrame5($1, $2, $3, $4, $5, $6)
ERROR:  could not serialize access due to read/write dependencies among transactions
DETAIL:  Reason code: Canceled on conflict out to pivot 264474344, during read.
HINT:  The transaction might succeed if retried.
CONTEXT:  SQL statement "UPDATE broker
SET b_comm_total = b_comm_total + $1
  , b_num_trades = b_num_trades + 1
WHERE b_id = $2"


1788913137 2622051 TRADE_RESULT giving up after 10 retries 2622051 1788913137 
SQL: SELECT * FROM TradeResultFrame5($1, $2, $3, $4, $5, $6)
ERROR:  could not serialize access due to read/write dependencies among transactions
DETAIL:  Reason code: Canceled on identification as a pivot, during write.
HINT:  The transaction might succeed if retried.
CONTEXT:  SQL statement "UPDATE trade
SET t_comm = $1
  , t_dts = $2
  , t_st_id = $3
  , t_trade_price = $4
WHERE t_id = $5"


1788913141 2622055 TRADE_RESULT giving up after 10 retries 2622055 1788913141 
SQL: COMMIT
ERROR:  could not serialize access due to read/write dependencies among transactions
DETAIL:  Reason code: Canceled on commit attempt with conflict in from prepared pivot.
HINT:  The transaction might succeed if retried.


1788913145 2622055 TRADE_RESULT giving up after 10 retries 2622055 1788913145 
SQL: SELECT * FROM TradeResultFrame5($1, $2, $3, $4, $5, $6)
ERROR:  could not serialize access due to read/write dependencies among transactions
DETAIL:  Reason code: Canceled on conflict out to pivot 264485530, during read.
HINT:  The transaction might succeed if retried.
CONTEXT:  SQL statement "UPDATE broker
SET b_comm_total = b_comm_total + $1
  , b_num_trades = b_num_trades + 1
WHERE b_id = $2"


1788913145 2622060 TRADE_RESULT giving up after 10 retries 2622060 1788913145 
SQL: SELECT * FROM TradeResultFrame6($1, $2, $3, $4, $5, $6, $7, $8, $9)
ERROR:  could not serialize access due to read/write dependencies among transactions
DETAIL:  Reason code: Canceled on identification as a pivot, during conflict in checking.
HINT:  The transaction might succeed if retried.
CONTEXT:  SQL statement "INSERT INTO settlement(
    se_t_id
  , se_cash_type
  , se_cash_due_date
  , se_amt)
VALUES (
    $1
  , $2
  , $3
  , $4
)"


1788913152 2622054 TRADE_RESULT giving up after 10 retries 2622054 1788913152 
SQL: COMMIT
ERROR:  could not serialize access due to read/write dependencies among transactions
DETAIL:  Reason code: Canceled on commit attempt with conflict in from prepared pivot.
HINT:  The transaction might succeed if retried.


1788913152 2622056 TRADE_RESULT giving up after 10 retries 2622056 1788913152 
SQL: SELECT * FROM TradeResultFrame5($1, $2, $3, $4, $5, $6)
ERROR:  could not serialize access due to read/write dependencies among transactions
DETAIL:  Reason code: Canceled on conflict out to pivot 264491995, during read.
HINT:  The transaction might succeed if retried.
CONTEXT:  SQL statement "UPDATE broker
SET b_comm_total = b_comm_total + $1
  , b_num_trades = b_num_trades + 1
WHERE b_id = $2"


1788913161 2622061 TRADE_RESULT giving up after 10 retries 2622061 1788913161 
SQL: SELECT * FROM TradeResultFrame5($1, $2, $3, $4, $5, $6)
ERROR:  could not serialize access due to read/write dependencies among transactions
DETAIL:  Reason code: Canceled on identification as a pivot, during write.
HINT:  The transaction might succeed if retried.
CONTEXT:  SQL statement "UPDATE trade
SET t_comm = $1
  , t_dts = $2
  , t_st_id = $3
  , t_trade_price = $4
WHERE t_id = $5"


1788913164 2622057 TRADE_RESULT giving up after 10 retries 2622057 1788913164 
SQL: COMMIT
ERROR:  could not serialize access due to read/write dependencies among transactions
DETAIL:  Reason code: Canceled on commit attempt with conflict in from prepared pivot.
HINT:  The transaction might succeed if retried.


1788913204 2622049 TRADE_RESULT giving up after 10 retries 2622049 1788913204 
SQL: SELECT * FROM TradeResultFrame5($1, $2, $3, $4, $5, $6)
ERROR:  could not serialize access due to read/write dependencies among transactions
DETAIL:  Reason code: Canceled on conflict out to pivot 264537640, during read.
HINT:  The transaction might succeed if retried.
CONTEXT:  SQL statement "UPDATE broker
SET b_comm_total = b_comm_total + $1
  , b_num_trades = b_num_trades + 1
WHERE b_id = $2"


1788913204 2622056 TRADE_RESULT giving up after 10 retries 2622056 1788913204 
SQL: COMMIT
ERROR:  could not serialize access due to read/write dependencies among transactions
DETAIL:  Reason code: Canceled on commit attempt with conflict in from prepared pivot.
HINT:  The transaction might succeed if retried.


1788913204 2622051 TRADE_RESULT giving up after 10 retries 2622051 1788913204 
SQL: COMMIT
ERROR:  could not serialize access due to read/write dependencies among transactions
DETAIL:  Reason code: Canceled on commit attempt with conflict in from prepared pivot.
HINT:  The transaction might succeed if retried.


1788913206 2622049 TRADE_RESULT giving up after 10 retries 2622049 1788913206 
SQL: COMMIT
ERROR:  could not serialize access due to read/write dependencies among transactions
DETAIL:  Reason code: Canceled on commit attempt with conflict in from prepared pivot.
HINT:  The transaction might succeed if retried.


1788913206 2622062 TRADE_RESULT giving up after 10 retries 2622062 1788913206 
SQL: SELECT * FROM TradeResultFrame5($1, $2, $3, $4, $5, $6)
ERROR:  could not serialize access due to read/write dependencies among transactions
DETAIL:  Reason code: Canceled on conflict out to pivot 264538808, during read.
HINT:  The transaction might succeed if retried.
CONTEXT:  SQL statement "UPDATE broker
SET b_comm_total = b_comm_total + $1
  , b_num_trades = b_num_trades + 1
WHERE b_id = $2"


1788913210 2622050 TRADE_RESULT giving up after 10 retries 2622050 1788913210 
SQL: SELECT * FROM TradeResultFrame5($1, $2, $3, $4, $5, $6)
ERROR:  could not serialize access due to read/write dependencies among transactions
DETAIL:  Reason code: Canceled on conflict out to pivot 264542735, during read.
HINT:  The transaction might succeed if retried.
CONTEXT:  SQL statement "UPDATE broker
SET b_comm_total = b_comm_total + $1
  , b_num_trades = b_num_trades + 1
WHERE b_id = $2"


1788913213 2622059 TRADE_RESULT giving up after 10 retries 2622059 1788913213 
SQL: SELECT * FROM TradeResultFrame5($1, $2, $3, $4, $5, $6)
ERROR:  could not serialize access due to concurrent update
CONTEXT:  SQL statement "UPDATE broker
SET b_comm_total = b_comm_total + $1
  , b_num_trades = b_num_trades + 1
WHERE b_id = $2"


1788913215 2622052 TRADE_RESULT giving up after 10 retries 2622052 1788913215 
SQL: SELECT * FROM TradeResultFrame5($1, $2, $3, $4, $5, $6)
ERROR:  could not serialize access due to read/write dependencies among transactions
DETAIL:  Reason code: Canceled on conflict out to pivot 264546565, during read.
HINT:  The transaction might succeed if retried.
CONTEXT:  SQL statement "UPDATE broker
SET b_comm_total = b_comm_total + $1
  , b_num_trades = b_num_trades + 1
WHERE b_id = $2"


1788913215 2622060 TRADE_RESULT giving up after 10 retries 2622060 1788913215 
SQL: SELECT * FROM TradeResultFrame5($1, $2, $3, $4, $5, $6)
ERROR:  could not serialize access due to read/write dependencies among transactions
DETAIL:  Reason code: Canceled on identification as a pivot, during write.
HINT:  The transaction might succeed if retried.
CONTEXT:  SQL statement "UPDATE trade
SET t_comm = $1
  , t_dts = $2
  , t_st_id = $3
  , t_trade_price = $4
WHERE t_id = $5"


1788913219 2622061 TRADE_RESULT giving up after 10 retries 2622061 1788913219 
SQL: SELECT * FROM TradeResultFrame5($1, $2, $3, $4, $5, $6)
ERROR:  could not serialize access due to read/write dependencies among transactions
DETAIL:  Reason code: Canceled on identification as a pivot, during write.
HINT:  The transaction might succeed if retried.
CONTEXT:  SQL statement "UPDATE trade
SET t_comm = $1
  , t_dts = $2
  , t_st_id = $3
  , t_trade_price = $4
WHERE t_id = $5"


1788913234 2622060 TRADE_RESULT giving up after 10 retries 2622060 1788913234 
SQL: COMMIT
ERROR:  could not serialize access due to read/write dependencies among transactions
DETAIL:  Reason code: Canceled on commit attempt with conflict in from prepared pivot.
HINT:  The transaction might succeed if retried.


1788913234 2622052 TRADE_RESULT giving up after 10 retries 2622052 1788913234 
SQL: SELECT * FROM TradeResultFrame5($1, $2, $3, $4, $5, $6)
ERROR:  could not serialize access due to read/write dependencies among transactions
DETAIL:  Reason code: Canceled on identification as a pivot, during conflict in checking.
HINT:  The transaction might succeed if retried.
CONTEXT:  SQL statement "INSERT INTO trade_history(
    th_t_id
  , th_dts
  , th_st_id
)
VALUES (
    $1
  , $2
  , $3
)"


1788913235 2622049 TRADE_RESULT giving up after 10 retries 2622049 1788913235 
SQL: SELECT * FROM TradeResultFrame5($1, $2, $3, $4, $5, $6)
ERROR:  could not serialize access due to read/write dependencies among transactions
DETAIL:  Reason code: Canceled on conflict out to pivot 264565154, during read.
HINT:  The transaction might succeed if retried.
CONTEXT:  SQL statement "UPDATE broker
SET b_comm_total = b_comm_total + $1
  , b_num_trades = b_num_trades + 1
WHERE b_id = $2"


1788913235 2622050 TRADE_RESULT giving up after 10 retries 2622050 1788913235 
SQL: COMMIT
ERROR:  could not serialize access due to read/write dependencies among transactions
DETAIL:  Reason code: Canceled on commit attempt with conflict in from prepared pivot.
HINT:  The transaction might succeed if retried.


1788913235 2622051 TRADE_RESULT giving up after 10 retries 2622051 1788913235 
SQL: COMMIT
ERROR:  could not serialize access due to read/write dependencies among transactions
DETAIL:  Reason code: Canceled on commit attempt with conflict in from prepared pivot.
HINT:  The transaction might succeed if retried.


1788913235 2622062 TRADE_RESULT giving up after 10 retries 2622062 1788913235 
SQL: COMMIT
ERROR:  could not serialize access due to read/write dependencies among transactions
DETAIL:  Reason code: Canceled on commit attempt with conflict in from prepared pivot.
HINT:  The transaction might succeed if retried.


1788913235 2622052 TRADE_RESULT giving up after 10 retries 2622052 1788913235 
SQL: SELECT * FROM TradeResultFrame5($1, $2, $3, $4, $5, $6)
ERROR:  could not serialize access due to read/write dependencies among transactions
DETAIL:  Reason code: Canceled on conflict out to pivot 264565165, during read.
HINT:  The transaction might succeed if retried.
CONTEXT:  SQL statement "UPDATE broker
SET b_comm_total = b_comm_total + $1
  , b_num_trades = b_num_trades + 1
WHERE b_id = $2"


1788913235 2622062 TRADE_RESULT giving up after 10 retries 2622062 1788913235 
SQL: SELECT * FROM TradeResultFrame5($1, $2, $3, $4, $5, $6)
ERROR:  could not serialize access due to read/write dependencies among transactions
DETAIL:  Reason code: Canceled on conflict out to pivot 264565165, during read.
HINT:  The transaction might succeed if retried.
CONTEXT:  SQL statement "UPDATE broker
SET b_comm_total = b_comm_total + $1
  , b_num_trades = b_num_trades + 1
WHERE b_id = $2"


1788913235 2622050 TRADE_RESULT giving up after 10 retries 2622050 1788913235 
SQL: COMMIT
ERROR:  could not serialize access due to read/write dependencies among transactions
DETAIL:  Reason code: Canceled on commit attempt with conflict in from prepared pivot.
HINT:  The transaction might succeed if retried.


1788913235 2622052 TRADE_RESULT giving up after 10 retries 2622052 1788913235 
SQL: SELECT * FROM TradeResultFrame5($1, $2, $3, $4, $5, $6)
ERROR:  could not serialize access due to read/write dependencies among transactions
DETAIL:  Reason code: Canceled on conflict out to pivot 264565172, during read.
HINT:  The transaction might succeed if retried.
CONTEXT:  SQL statement "UPDATE broker
SET b_comm_total = b_comm_total + $1
  , b_num_trades = b_num_trades + 1
WHERE b_id = $2"


1788913237 2622055 TRADE_RESULT giving up after 10 retries 2622055 1788913237 
SQL: COMMIT
ERROR:  could not serialize access due to read/write dependencies among transactions
DETAIL:  Reason code: Canceled on commit attempt with conflict in from prepared pivot.
HINT:  The transaction might succeed if retried.


1788913237 2622064 TRADE_RESULT giving up after 10 retries 2622064 1788913237 
SQL: SELECT * FROM TradeResultFrame5($1, $2, $3, $4, $5, $6)
ERROR:  could not serialize access due to read/write dependencies among transactions
DETAIL:  Reason code: Canceled on identification as a pivot, during conflict out checking.
HINT:  The transaction might succeed if retried.
CONTEXT:  SQL statement "SELECT 1 FROM ONLY "public"."status_type" x WHERE "st_id"::pg_catalog.text OPERATOR(pg_catalog.=) $1::pg_catalog.text FOR KEY SHARE OF x"
SQL statement "UPDATE trade
SET t_comm = $1
  , t_dts = $2
  , t_st_id = $3
  , t_trade_price = $4
WHERE t_id = $5"


1788913237 2622054 TRADE_RESULT giving up after 10 retries 2622054 1788913237 
SQL: COMMIT
ERROR:  could not serialize access due to read/write dependencies among transactions
DETAIL:  Reason code: Canceled on commit attempt with conflict in from prepared pivot.
HINT:  The transaction might succeed if retried.


1788913242 2622065 TRADE_RESULT giving up after 10 retries 2622065 1788913242 
SQL: COMMIT
ERROR:  could not serialize access due to read/write dependencies among transactions
DETAIL:  Reason code: Canceled on identification as a pivot, during commit attempt.
HINT:  The transaction might succeed if retried.


1788913242 2622049 TRADE_RESULT giving up after 10 retries 2622049 1788913242 
SQL: SELECT * FROM TradeResultFrame3($1, $2, $3, $4)
ERROR:  could not serialize access due to read/write dependencies among transactions
DETAIL:  Reason code: Canceled on identification as a pivot, during conflict in checking.
HINT:  The transaction might succeed if retried.
CONTEXT:  SQL statement "UPDATE trade
SET t_tax = $1
WHERE t_id = $2"


1788913245 2622050 TRADE_RESULT giving up after 10 retries 2622050 1788913245 
SQL: SELECT * FROM TradeResultFrame4($1, $2, $3, $4)
ERROR:  could not serialize access due to read/write dependencies among transactions
DETAIL:  Reason code: Canceled on identification as a pivot, during conflict out checking.
HINT:  The transaction might succeed if retried.
CONTEXT:  SQL statement "SELECT s_ex_id
     , s_name
FROM security
WHERE s_symb = $1"


1788913250 2622049 TRADE_RESULT giving up after 10 retries 2622049 1788913250 
SQL: COMMIT
ERROR:  could not serialize access due to read/write dependencies among transactions
DETAIL:  Reason code: Canceled on commit attempt with conflict in from prepared pivot.
HINT:  The transaction might succeed if retried.


1788913250 2622058 TRADE_RESULT giving up after 10 retries 2622058 1788913250 
SQL: SELECT * FROM TradeResultFrame5($1, $2, $3, $4, $5, $6)
ERROR:  could not serialize access due to read/write dependencies among transactions
DETAIL:  Reason code: Canceled on conflict out to pivot 264578702, during read.
HINT:  The transaction might succeed if retried.
CONTEXT:  SQL statement "UPDATE broker
SET b_comm_total = b_comm_total + $1
  , b_num_trades = b_num_trades + 1
WHERE b_id = $2"


1788913250 2622053 TRADE_RESULT giving up after 10 retries 2622053 1788913250 
SQL: SELECT * FROM TradeResultFrame5($1, $2, $3, $4, $5, $6)
ERROR:  could not serialize access due to read/write dependencies among transactions
DETAIL:  Reason code: Canceled on conflict out to pivot 264578776, during read.
HINT:  The transaction might succeed if retried.
CONTEXT:  SQL statement "UPDATE broker
SET b_comm_total = b_comm_total + $1
  , b_num_trades = b_num_trades + 1
WHERE b_id = $2"


1788913251 2622049 TRADE_RESULT giving up after 10 retries 2622049 1788913251 
SQL: COMMIT
ERROR:  could not serialize access due to read/write dependencies among transactions
DETAIL:  Reason code: Canceled on commit attempt with conflict in from prepared pivot.
HINT:  The transaction might succeed if retried.


1788913267 2622055 TRADE_RESULT giving up after 10 retries 2622055 1788913267 
SQL: COMMIT
ERROR:  could not serialize access due to read/write dependencies among transactions
DETAIL:  Reason code: Canceled on commit attempt with conflict in from prepared pivot.
HINT:  The transaction might succeed if retried.


1788913278 2622060 TRADE_RESULT giving up after 10 retries 2622060 1788913278 
SQL: COMMIT
ERROR:  could not serialize access due to read/write dependencies among transactions
DETAIL:  Reason code: Canceled on commit attempt with conflict in from prepared pivot.
HINT:  The transaction might succeed if retried.


1788913282 2622062 TRADE_RESULT giving up after 10 retries 2622062 1788913282 
SQL: COMMIT
ERROR:  could not serialize access due to read/write dependencies among transactions
DETAIL:  Reason code: Canceled on commit attempt with conflict in from prepared pivot.
HINT:  The transaction might succeed if retried.


1788913295 2622056 TRADE_RESULT giving up after 10 retries 2622056 1788913295 
SQL: COMMIT
ERROR:  could not serialize access due to read/write dependencies among transactions
DETAIL:  Reason code: Canceled on commit attempt with conflict in from prepared pivot.
HINT:  The transaction might succeed if retried.


1788913295 2622051 TRADE_RESULT giving up after 10 retries 2622051 1788913295 
SQL: COMMIT
ERROR:  could not serialize access due to read/write dependencies among transactions
DETAIL:  Reason code: Canceled on commit attempt with conflict in from prepared pivot.
HINT:  The transaction might succeed if retried.


1788913295 2622058 TRADE_RESULT giving up after 10 retries 2622058 1788913295 
SQL: SELECT * FROM TradeResultFrame5($1, $2, $3, $4, $5, $6)
ERROR:  could not serialize access due to read/write dependencies among transactions
DETAIL:  Reason code: Canceled on conflict out to pivot 264617530, during read.
HINT:  The transaction might succeed if retried.
CONTEXT:  SQL statement "UPDATE broker
SET b_comm_total = b_comm_total + $1
  , b_num_trades = b_num_trades + 1
WHERE b_id = $2"


1788913295 2622062 TRADE_RESULT giving up after 10 retries 2622062 1788913295 
SQL: COMMIT
ERROR:  could not serialize access due to read/write dependencies among transactions
DETAIL:  Reason code: Canceled on commit attempt with conflict in from prepared pivot.
HINT:  The transaction might succeed if retried.


1788913296 2622049 TRADE_RESULT giving up after 10 retries 2622049 1788913296 
SQL: COMMIT
ERROR:  could not serialize access due to read/write dependencies among transactions
DETAIL:  Reason code: Canceled on commit attempt with conflict in from prepared pivot.
HINT:  The transaction might succeed if retried.


1788913296 2622051 TRADE_RESULT giving up after 10 retries 2622051 1788913296 
SQL: COMMIT
ERROR:  could not serialize access due to read/write dependencies among transactions
DETAIL:  Reason code: Canceled on commit attempt with conflict in from prepared pivot.
HINT:  The transaction might succeed if retried.


1788913296 2622049 TRADE_RESULT giving up after 10 retries 2622049 1788913296 
SQL: SELECT * FROM TradeResultFrame5($1, $2, $3, $4, $5, $6)
ERROR:  could not serialize access due to read/write dependencies among transactions
DETAIL:  Reason code: Canceled on identification as a pivot, during conflict in checking.
HINT:  The transaction might succeed if retried.
CONTEXT:  SQL statement "UPDATE trade
SET t_comm = $1
  , t_dts = $2
  , t_st_id = $3
  , t_trade_price = $4
WHERE t_id = $5"


1788913296 2622050 TRADE_RESULT giving up after 10 retries 2622050 1788913296 
SQL: SELECT * FROM TradeResultFrame5($1, $2, $3, $4, $5, $6)
ERROR:  could not serialize access due to read/write dependencies among transactions
DETAIL:  Reason code: Canceled on identification as a pivot, during conflict out checking.
HINT:  The transaction might succeed if retried.
CONTEXT:  SQL statement "UPDATE trade
SET t_comm = $1
  , t_dts = $2
  , t_st_id = $3
  , t_trade_price = $4
WHERE t_id = $5"


1788913296 2622065 TRADE_RESULT giving up after 10 retries 2622065 1788913296 
SQL: COMMIT
ERROR:  could not serialize access due to read/write dependencies among transactions
DETAIL:  Reason code: Canceled on commit attempt with conflict in from prepared pivot.
HINT:  The transaction might succeed if retried.


1788913301 2622055 TRADE_RESULT giving up after 10 retries 2622055 1788913301 
SQL: COMMIT
ERROR:  could not serialize access due to read/write dependencies among transactions
DETAIL:  Reason code: Canceled on commit attempt with conflict in from prepared pivot.
HINT:  The transaction might succeed if retried.


1788913314 2622060 TRADE_RESULT giving up after 10 retries 2622060 1788913314 
SQL: SELECT * FROM TradeResultFrame5($1, $2, $3, $4, $5, $6)
ERROR:  could not serialize access due to read/write dependencies among transactions
DETAIL:  Reason code: Canceled on conflict out to pivot 264634067, during read.
HINT:  The transaction might succeed if retried.
CONTEXT:  SQL statement "UPDATE broker
SET b_comm_total = b_comm_total + $1
  , b_num_trades = b_num_trades + 1
WHERE b_id = $2"


1788913317 2622056 TRADE_RESULT giving up after 10 retries 2622056 1788913317 
SQL: COMMIT
ERROR:  could not serialize access due to read/write dependencies among transactions
DETAIL:  Reason code: Canceled on commit attempt with conflict in from prepared pivot.
HINT:  The transaction might succeed if retried.


1788913317 2622065 TRADE_RESULT giving up after 10 retries 2622065 1788913317 
SQL: COMMIT
ERROR:  could not serialize access due to read/write dependencies among transactions
DETAIL:  Reason code: Canceled on commit attempt with conflict in from prepared pivot.
HINT:  The transaction might succeed if retried.


1788913317 2622058 TRADE_RESULT giving up after 10 retries 2622058 1788913317 
SQL: SELECT * FROM TradeResultFrame5($1, $2, $3, $4, $5, $6)
ERROR:  could not serialize access due to read/write dependencies among transactions
DETAIL:  Reason code: Canceled on identification as a pivot, during write.
HINT:  The transaction might succeed if retried.
CONTEXT:  SQL statement "UPDATE trade
SET t_comm = $1
  , t_dts = $2
  , t_st_id = $3
  , t_trade_price = $4
WHERE t_id = $5"


1788913331 2622061 TRADE_RESULT giving up after 10 retries 2622061 1788913331 
SQL: COMMIT
ERROR:  could not serialize access due to read/write dependencies among transactions
DETAIL:  Reason code: Canceled on commit attempt with conflict in from prepared pivot.
HINT:  The transaction might succeed if retried.


1788913331 2622064 TRADE_RESULT giving up after 10 retries 2622064 1788913331 
SQL: COMMIT
ERROR:  could not serialize access due to read/write dependencies among transactions
DETAIL:  Reason code: Canceled on commit attempt with conflict in from prepared pivot.
HINT:  The transaction might succeed if retried.


1788913338 2622050 TRADE_RESULT giving up after 10 retries 2622050 1788913338 
SQL: SELECT * FROM TradeResultFrame3($1, $2, $3, $4)
ERROR:  could not serialize access due to read/write dependencies among transactions
DETAIL:  Reason code: Canceled on identification as a pivot, during write.
HINT:  The transaction might succeed if retried.
CONTEXT:  SQL statement "UPDATE trade
SET t_tax = $1
WHERE t_id = $2"


1788913338 2622056 TRADE_RESULT giving up after 10 retries 2622056 1788913338 
SQL: COMMIT
ERROR:  could not serialize access due to read/write dependencies among transactions
DETAIL:  Reason code: Canceled on commit attempt with conflict in from prepared pivot.
HINT:  The transaction might succeed if retried.


1788913340 2622064 TRADE_RESULT giving up after 10 retries 2622064 1788913340 
SQL: COMMIT
ERROR:  could not serialize access due to read/write dependencies among transactions
DETAIL:  Reason code: Canceled on commit attempt with conflict in from prepared pivot.
HINT:  The transaction might succeed if retried.


1788913348 2622056 TRADE_RESULT giving up after 10 retries 2622056 1788913348 
SQL: SELECT * FROM TradeResultFrame5($1, $2, $3, $4, $5, $6)
ERROR:  could not serialize access due to read/write dependencies among transactions
DETAIL:  Reason code: Canceled on conflict out to pivot 264663825, during read.
HINT:  The transaction might succeed if retried.
CONTEXT:  SQL statement "UPDATE broker
SET b_comm_total = b_comm_total + $1
  , b_num_trades = b_num_trades + 1
WHERE b_id = $2"


1788913352 2622064 TRADE_RESULT giving up after 10 retries 2622064 1788913352 
SQL: SELECT * FROM TradeResultFrame5($1, $2, $3, $4, $5, $6)
ERROR:  could not serialize access due to read/write dependencies among transactions
DETAIL:  Reason code: Canceled on conflict out to pivot 264667774, during read.
HINT:  The transaction might succeed if retried.
CONTEXT:  SQL statement "UPDATE broker
SET b_comm_total = b_comm_total + $1
  , b_num_trades = b_num_trades + 1
WHERE b_id = $2"


1788913358 2622062 TRADE_RESULT giving up after 10 retries 2622062 1788913358 
SQL: SELECT * FROM TradeResultFrame5($1, $2, $3, $4, $5, $6)
ERROR:  could not serialize access due to read/write dependencies among transactions
DETAIL:  Reason code: Canceled on conflict out to pivot 264673291, during read.
HINT:  The transaction might succeed if retried.
CONTEXT:  SQL statement "UPDATE broker
SET b_comm_total = b_comm_total + $1
  , b_num_trades = b_num_trades + 1
WHERE b_id = $2"


1788913359 2622058 TRADE_RESULT giving up after 10 retries 2622058 1788913359 
SQL: SELECT * FROM TradeResultFrame5($1, $2, $3, $4, $5, $6)
ERROR:  could not serialize access due to read/write dependencies among transactions
DETAIL:  Reason code: Canceled on conflict out to pivot 264673299, during read.
HINT:  The transaction might succeed if retried.
CONTEXT:  SQL statement "UPDATE broker
SET b_comm_total = b_comm_total + $1
  , b_num_trades = b_num_trades + 1
WHERE b_id = $2"


1788913362 2622060 TRADE_RESULT giving up after 10 retries 2622060 1788913362 
SQL: SELECT * FROM TradeResultFrame5($1, $2, $3, $4, $5, $6)
ERROR:  could not serialize access due to read/write dependencies among transactions
DETAIL:  Reason code: Canceled on identification as a pivot, during conflict in checking.
HINT:  The transaction might succeed if retried.
CONTEXT:  SQL statement "UPDATE trade
SET t_comm = $1
  , t_dts = $2
  , t_st_id = $3
  , t_trade_price = $4
WHERE t_id = $5"


1788913372 2622058 TRADE_RESULT giving up after 10 retries 2622058 1788913372 
SQL: SELECT * FROM TradeResultFrame5($1, $2, $3, $4, $5, $6)
ERROR:  could not serialize access due to read/write dependencies among transactions
DETAIL:  Reason code: Canceled on identification as a pivot, during conflict out checking.
HINT:  The transaction might succeed if retried.
CONTEXT:  SQL statement "UPDATE trade
SET t_comm = $1
  , t_dts = $2
  , t_st_id = $3
  , t_trade_price = $4
WHERE t_id = $5"


1788913386 2622060 TRADE_RESULT giving up after 10 retries 2622060 1788913386 
SQL: SELECT * FROM TradeResultFrame5($1, $2, $3, $4, $5, $6)
ERROR:  could not serialize access due to read/write dependencies among transactions
DETAIL:  Reason code: Canceled on conflict out to pivot 264697509, during read.
HINT:  The transaction might succeed if retried.
CONTEXT:  SQL statement "UPDATE broker
SET b_comm_total = b_comm_total + $1
  , b_num_trades = b_num_trades + 1
WHERE b_id = $2"


1788913386 2622059 TRADE_RESULT giving up after 10 retries 2622059 1788913386 
SQL: COMMIT
ERROR:  could not serialize access due to read/write dependencies among transactions
DETAIL:  Reason code: Canceled on commit attempt with conflict in from prepared pivot.
HINT:  The transaction might succeed if retried.


1788913386 2622057 TRADE_RESULT giving up after 10 retries 2622057 1788913386 
SQL: COMMIT
ERROR:  could not serialize access due to read/write dependencies among transactions
DETAIL:  Reason code: Canceled on commit attempt with conflict in from prepared pivot.
HINT:  The transaction might succeed if retried.


1788913386 2622058 TRADE_RESULT giving up after 10 retries 2622058 1788913386 
SQL: COMMIT
ERROR:  could not serialize access due to read/write dependencies among transactions
DETAIL:  Reason code: Canceled on commit attempt with conflict in from prepared pivot.
HINT:  The transaction might succeed if retried.


1788913386 2622049 TRADE_RESULT giving up after 10 retries 2622049 1788913386 
SQL: COMMIT
ERROR:  could not serialize access due to read/write dependencies among transactions
DETAIL:  Reason code: Canceled on commit attempt with conflict in from prepared pivot.
HINT:  The transaction might succeed if retried.


1788913386 2622057 TRADE_RESULT giving up after 10 retries 2622057 1788913386 
SQL: COMMIT
ERROR:  could not serialize access due to read/write dependencies among transactions
DETAIL:  Reason code: Canceled on commit attempt with conflict in from prepared pivot.
HINT:  The transaction might succeed if retried.


1788913397 2622058 TRADE_RESULT giving up after 10 retries 2622058 1788913397 
SQL: SELECT * FROM TradeResultFrame3($1, $2, $3, $4)
ERROR:  could not serialize access due to read/write dependencies among transactions
DETAIL:  Reason code: Canceled on identification as a pivot, during write.
HINT:  The transaction might succeed if retried.
CONTEXT:  SQL statement "UPDATE trade
SET t_tax = $1
WHERE t_id = $2"


1788913414 2622059 TRADE_RESULT giving up after 10 retries 2622059 1788913414 
SQL: SELECT * FROM TradeResultFrame5($1, $2, $3, $4, $5, $6)
ERROR:  could not serialize access due to read/write dependencies among transactions
DETAIL:  Reason code: Canceled on conflict out to pivot 264722104, during read.
HINT:  The transaction might succeed if retried.
CONTEXT:  SQL statement "UPDATE broker
SET b_comm_total = b_comm_total + $1
  , b_num_trades = b_num_trades + 1
WHERE b_id = $2"


1788913433 2622056 TRADE_RESULT giving up after 10 retries 2622056 1788913433 
SQL: COMMIT
ERROR:  could not serialize access due to read/write dependencies among transactions
DETAIL:  Reason code: Canceled on commit attempt with conflict in from prepared pivot.
HINT:  The transaction might succeed if retried.


1788913433 2622061 TRADE_RESULT giving up after 10 retries 2622061 1788913433 
SQL: SELECT * FROM TradeResultFrame5($1, $2, $3, $4, $5, $6)
ERROR:  could not serialize access due to read/write dependencies among transactions
DETAIL:  Reason code: Canceled on conflict out to pivot 264738839, during read.
HINT:  The transaction might succeed if retried.
CONTEXT:  SQL statement "UPDATE broker
SET b_comm_total = b_comm_total + $1
  , b_num_trades = b_num_trades + 1
WHERE b_id = $2"


1788913436 2622049 TRADE_RESULT giving up after 10 retries 2622049 1788913436 
SQL: SELECT * FROM TradeResultFrame5($1, $2, $3, $4, $5, $6)
ERROR:  could not serialize access due to read/write dependencies among transactions
DETAIL:  Reason code: Canceled on conflict out to pivot 264741575, during read.
HINT:  The transaction might succeed if retried.
CONTEXT:  SQL statement "UPDATE broker
SET b_comm_total = b_comm_total + $1
  , b_num_trades = b_num_trades + 1
WHERE b_id = $2"


1788913436 2622064 TRADE_RESULT giving up after 10 retries 2622064 1788913436 
SQL: SELECT * FROM TradeResultFrame4($1, $2, $3, $4)
ERROR:  could not serialize access due to read/write dependencies among transactions
DETAIL:  Reason code: Canceled on identification as a pivot, during conflict out checking.
HINT:  The transaction might succeed if retried.
CONTEXT:  SQL statement "SELECT s_ex_id
     , s_name
FROM security
WHERE s_symb = $1"


1788913438 2622064 TRADE_RESULT giving up after 10 retries 2622064 1788913438 
SQL: COMMIT
ERROR:  could not serialize access due to read/write dependencies among transactions
DETAIL:  Reason code: Canceled on commit attempt with conflict in from prepared pivot.
HINT:  The transaction might succeed if retried.


1788913452 2622052 TRADE_RESULT giving up after 10 retries 2622052 1788913452 
SQL: COMMIT
ERROR:  could not serialize access due to read/write dependencies among transactions
DETAIL:  Reason code: Canceled on commit attempt with conflict in from prepared pivot.
HINT:  The transaction might succeed if retried.


1788913452 2622055 TRADE_RESULT giving up after 10 retries 2622055 1788913452 
SQL: COMMIT
ERROR:  could not serialize access due to read/write dependencies among transactions
DETAIL:  Reason code: Canceled on commit attempt with conflict in from prepared pivot.
HINT:  The transaction might succeed if retried.


1788913472 2622053 TRADE_RESULT giving up after 10 retries 2622053 1788913472 
SQL: COMMIT
ERROR:  could not serialize access due to read/write dependencies among transactions
DETAIL:  Reason code: Canceled on commit attempt with conflict in from prepared pivot.
HINT:  The transaction might succeed if retried.


1788913495 2622062 TRADE_RESULT giving up after 10 retries 2622062 1788913495 
SQL: COMMIT
ERROR:  could not serialize access due to read/write dependencies among transactions
DETAIL:  Reason code: Canceled on commit attempt with conflict in from prepared pivot.
HINT:  The transaction might succeed if retried.


1788913498 2622053 TRADE_RESULT giving up after 10 retries 2622053 1788913498 
SQL: COMMIT
ERROR:  could not serialize access due to read/write dependencies among transactions
DETAIL:  Reason code: Canceled on commit attempt with conflict in from prepared pivot.
HINT:  The transaction might succeed if retried.


1788913498 2622051 TRADE_RESULT giving up after 10 retries 2622051 1788913498 
SQL: COMMIT
ERROR:  could not serialize access due to read/write dependencies among transactions
DETAIL:  Reason code: Canceled on commit attempt with conflict in from prepared pivot.
HINT:  The transaction might succeed if retried.


1788913498 2622052 TRADE_RESULT giving up after 10 retries 2622052 1788913498 
SQL: SELECT * FROM TradeResultFrame5($1, $2, $3, $4, $5, $6)
ERROR:  could not serialize access due to read/write dependencies among transactions
DETAIL:  Reason code: Canceled on conflict out to pivot 264796680, during read.
HINT:  The transaction might succeed if retried.
CONTEXT:  SQL statement "UPDATE broker
SET b_comm_total = b_comm_total + $1
  , b_num_trades = b_num_trades + 1
WHERE b_id = $2"


1788913498 2622053 TRADE_RESULT giving up after 10 retries 2622053 1788913498 
SQL: COMMIT
ERROR:  could not serialize access due to read/write dependencies among transactions
DETAIL:  Reason code: Canceled on commit attempt with conflict in from prepared pivot.
HINT:  The transaction might succeed if retried.


1788913498 2622050 TRADE_RESULT giving up after 10 retries 2622050 1788913498 
SQL: COMMIT
ERROR:  could not serialize access due to read/write dependencies among transactions
DETAIL:  Reason code: Canceled on commit attempt with conflict in from prepared pivot.
HINT:  The transaction might succeed if retried.


1788913498 2622053 TRADE_RESULT giving up after 10 retries 2622053 1788913498 
SQL: COMMIT
ERROR:  could not serialize access due to read/write dependencies among transactions
DETAIL:  Reason code: Canceled on commit attempt with conflict in from prepared pivot.
HINT:  The transaction might succeed if retried.


1788913498 2622056 TRADE_RESULT giving up after 10 retries 2622056 1788913498 
SQL: SELECT * FROM TradeResultFrame5($1, $2, $3, $4, $5, $6)
ERROR:  could not serialize access due to read/write dependencies among transactions
DETAIL:  Reason code: Canceled on conflict out to pivot 264796685, during read.
HINT:  The transaction might succeed if retried.
CONTEXT:  SQL statement "UPDATE broker
SET b_comm_total = b_comm_total + $1
  , b_num_trades = b_num_trades + 1
WHERE b_id = $2"


1788913498 2622065 TRADE_RESULT giving up after 10 retries 2622065 1788913498 
SQL: COMMIT
ERROR:  could not serialize access due to read/write dependencies among transactions
DETAIL:  Reason code: Canceled on commit attempt with conflict in from prepared pivot.
HINT:  The transaction might succeed if retried.


1788913498 2622051 TRADE_RESULT giving up after 10 retries 2622051 1788913498 
SQL: COMMIT
ERROR:  could not serialize access due to read/write dependencies among transactions
DETAIL:  Reason code: Canceled on commit attempt with conflict in from prepared pivot.
HINT:  The transaction might succeed if retried.


1788913498 2622061 TRADE_RESULT giving up after 10 retries 2622061 1788913498 
SQL: COMMIT
ERROR:  could not serialize access due to read/write dependencies among transactions
DETAIL:  Reason code: Canceled on commit attempt with conflict in from prepared pivot.
HINT:  The transaction might succeed if retried.


1788913498 2622052 TRADE_RESULT giving up after 10 retries 2622052 1788913498 
SQL: COMMIT
ERROR:  could not serialize access due to read/write dependencies among transactions
DETAIL:  Reason code: Canceled on commit attempt with conflict in from prepared pivot.
HINT:  The transaction might succeed if retried.


1788913498 2622053 TRADE_RESULT giving up after 10 retries 2622053 1788913498 
SQL: COMMIT
ERROR:  could not serialize access due to read/write dependencies among transactions
DETAIL:  Reason code: Canceled on commit attempt with conflict in from prepared pivot.
HINT:  The transaction might succeed if retried.


1788913498 2622051 TRADE_RESULT giving up after 10 retries 2622051 1788913498 
SQL: COMMIT
ERROR:  could not serialize access due to read/write dependencies among transactions
DETAIL:  Reason code: Canceled on commit attempt with conflict in from prepared pivot.
HINT:  The transaction might succeed if retried.


1788913498 2622061 TRADE_RESULT giving up after 10 retries 2622061 1788913498 
SQL: COMMIT
ERROR:  could not serialize access due to read/write dependencies among transactions
DETAIL:  Reason code: Canceled on commit attempt with conflict in from prepared pivot.
HINT:  The transaction might succeed if retried.


1788913506 2622051 TRADE_RESULT giving up after 10 retries 2622051 1788913506 
SQL: COMMIT
ERROR:  could not serialize access due to read/write dependencies among transactions
DETAIL:  Reason code: Canceled on commit attempt with conflict in from prepared pivot.
HINT:  The transaction might succeed if retried.


1788913523 2622050 TRADE_RESULT giving up after 10 retries 2622050 1788913523 
SQL: SELECT * FROM TradeResultFrame5($1, $2, $3, $4, $5, $6)
ERROR:  could not serialize access due to read/write dependencies among transactions
DETAIL:  Reason code: Canceled on conflict out to pivot 264818480, during read.
HINT:  The transaction might succeed if retried.
CONTEXT:  SQL statement "UPDATE broker
SET b_comm_total = b_comm_total + $1
  , b_num_trades = b_num_trades + 1
WHERE b_id = $2"


1788913530 2622057 TRADE_RESULT giving up after 10 retries 2622057 1788913530 
SQL: COMMIT
ERROR:  could not serialize access due to read/write dependencies among transactions
DETAIL:  Reason code: Canceled on commit attempt with conflict in from prepared pivot.
HINT:  The transaction might succeed if retried.


1788913530 2622058 TRADE_RESULT giving up after 10 retries 2622058 1788913530 
SQL: COMMIT
ERROR:  could not serialize access due to read/write dependencies among transactions
DETAIL:  Reason code: Canceled on commit attempt with conflict in from prepared pivot.
HINT:  The transaction might succeed if retried.


1788913530 2622049 TRADE_RESULT giving up after 10 retries 2622049 1788913530 
SQL: COMMIT
ERROR:  could not serialize access due to read/write dependencies among transactions
DETAIL:  Reason code: Canceled on commit attempt with conflict in from prepared pivot.
HINT:  The transaction might succeed if retried.


1788913530 2622059 TRADE_RESULT giving up after 10 retries 2622059 1788913530 
SQL: COMMIT
ERROR:  could not serialize access due to read/write dependencies among transactions
DETAIL:  Reason code: Canceled on commit attempt with conflict in from prepared pivot.
HINT:  The transaction might succeed if retried.


1788913530 2622064 TRADE_RESULT giving up after 10 retries 2622064 1788913530 
SQL: SELECT * FROM TradeResultFrame5($1, $2, $3, $4, $5, $6)
ERROR:  could not serialize access due to read/write dependencies among transactions
DETAIL:  Reason code: Canceled on identification as a pivot, during write.
HINT:  The transaction might succeed if retried.
CONTEXT:  SQL statement "UPDATE trade
SET t_comm = $1
  , t_dts = $2
  , t_st_id = $3
  , t_trade_price = $4
WHERE t_id = $5"


1788913530 2622057 TRADE_RESULT giving up after 10 retries 2622057 1788913530 
SQL: SELECT * FROM TradeResultFrame6($1, $2, $3, $4, $5, $6, $7, $8, $9)
ERROR:  could not serialize access due to read/write dependencies among transactions
DETAIL:  Reason code: Canceled on identification as a pivot, during conflict in checking.
HINT:  The transaction might succeed if retried.
CONTEXT:  SQL statement "INSERT INTO settlement(
    se_t_id
  , se_cash_type
  , se_cash_due_date
  , se_amt)
VALUES (
    $1
  , $2
  , $3
  , $4
)"


1788913535 2622062 TRADE_RESULT giving up after 10 retries 2622062 1788913535 
SQL: COMMIT
ERROR:  could not serialize access due to read/write dependencies among transactions
DETAIL:  Reason code: Canceled on commit attempt with conflict in from prepared pivot.
HINT:  The transaction might succeed if retried.


1788913543 2622054 TRADE_RESULT giving up after 10 retries 2622054 1788913543 
SQL: SELECT * FROM TradeResultFrame3($1, $2, $3, $4)
ERROR:  could not serialize access due to read/write dependencies among transactions
DETAIL:  Reason code: Canceled on identification as a pivot, during write.
HINT:  The transaction might succeed if retried.
CONTEXT:  SQL statement "UPDATE trade
SET t_tax = $1
WHERE t_id = $2"


1788913553 2622054 TRADE_RESULT giving up after 10 retries 2622054 1788913553 
SQL: COMMIT
ERROR:  could not serialize access due to read/write dependencies among transactions
DETAIL:  Reason code: Canceled on commit attempt with conflict in from prepared pivot.
HINT:  The transaction might succeed if retried.


1788913553 2622058 TRADE_RESULT giving up after 10 retries 2622058 1788913553 
SQL: COMMIT
ERROR:  could not serialize access due to read/write dependencies among transactions
DETAIL:  Reason code: Canceled on commit attempt with conflict in from prepared pivot.
HINT:  The transaction might succeed if retried.


1788913553 2622062 TRADE_RESULT giving up after 10 retries 2622062 1788913553 
SQL: COMMIT
ERROR:  could not serialize access due to read/write dependencies among transactions
DETAIL:  Reason code: Canceled on commit attempt with conflict in from prepared pivot.
HINT:  The transaction might succeed if retried.


1788913553 2622059 TRADE_RESULT giving up after 10 retries 2622059 1788913553 
SQL: COMMIT
ERROR:  could not serialize access due to read/write dependencies among transactions
DETAIL:  Reason code: Canceled on commit attempt with conflict in from prepared pivot.
HINT:  The transaction might succeed if retried.


1788913553 2622056 TRADE_RESULT giving up after 10 retries 2622056 1788913553 
SQL: SELECT * FROM TradeResultFrame5($1, $2, $3, $4, $5, $6)
ERROR:  could not serialize access due to read/write dependencies among transactions
DETAIL:  Reason code: Canceled on identification as a pivot, during write.
HINT:  The transaction might succeed if retried.
CONTEXT:  SQL statement "UPDATE trade
SET t_comm = $1
  , t_dts = $2
  , t_st_id = $3
  , t_trade_price = $4
WHERE t_id = $5"


1788913559 2622051 TRADE_RESULT giving up after 10 retries 2622051 1788913559 
SQL: SELECT * FROM TradeResultFrame5($1, $2, $3, $4, $5, $6)
ERROR:  could not serialize access due to read/write dependencies among transactions
DETAIL:  Reason code: Canceled on identification as a pivot, during write.
HINT:  The transaction might succeed if retried.
CONTEXT:  SQL statement "UPDATE trade
SET t_comm = $1
  , t_dts = $2
  , t_st_id = $3
  , t_trade_price = $4
WHERE t_id = $5"


1788913559 2622055 TRADE_RESULT giving up after 10 retries 2622055 1788913559 
SQL: COMMIT
ERROR:  could not serialize access due to read/write dependencies among transactions
DETAIL:  Reason code: Canceled on commit attempt with conflict in from prepared pivot.
HINT:  The transaction might succeed if retried.


1788913561 2622057 TRADE_RESULT giving up after 10 retries 2622057 1788913561 
SQL: SELECT * FROM TradeResultFrame5($1, $2, $3, $4, $5, $6)
ERROR:  could not serialize access due to read/write dependencies among transactions
DETAIL:  Reason code: Canceled on conflict out to pivot 264851735, during read.
HINT:  The transaction might succeed if retried.
CONTEXT:  SQL statement "UPDATE broker
SET b_comm_total = b_comm_total + $1
  , b_num_trades = b_num_trades + 1
WHERE b_id = $2"


1788913573 2622053 TRADE_RESULT giving up after 10 retries 2622053 1788913573 
SQL: SELECT * FROM TradeResultFrame5($1, $2, $3, $4, $5, $6)
ERROR:  could not serialize access due to read/write dependencies among transactions
DETAIL:  Reason code: Canceled on identification as a pivot, during conflict in checking.
HINT:  The transaction might succeed if retried.
CONTEXT:  SQL statement "UPDATE trade
SET t_comm = $1
  , t_dts = $2
  , t_st_id = $3
  , t_trade_price = $4
WHERE t_id = $5"


1788913577 2622055 TRADE_RESULT giving up after 10 retries 2622055 1788913577 
SQL: SELECT * FROM TradeResultFrame6($1, $2, $3, $4, $5, $6, $7, $8, $9)
ERROR:  could not serialize access due to read/write dependencies among transactions
DETAIL:  Reason code: Canceled on identification as a pivot, during conflict in checking.
HINT:  The transaction might succeed if retried.
CONTEXT:  SQL statement "INSERT INTO settlement(
    se_t_id
  , se_cash_type
  , se_cash_due_date
  , se_amt)
VALUES (
    $1
  , $2
  , $3
  , $4
)"


1788913587 2622055 TRADE_RESULT giving up after 10 retries 2622055 1788913587 
SQL: SELECT * FROM TradeResultFrame5($1, $2, $3, $4, $5, $6)
ERROR:  could not serialize access due to read/write dependencies among transactions
DETAIL:  Reason code: Canceled on conflict out to pivot 264874862, during read.
HINT:  The transaction might succeed if retried.
CONTEXT:  SQL statement "UPDATE broker
SET b_comm_total = b_comm_total + $1
  , b_num_trades = b_num_trades + 1
WHERE b_id = $2"


1788913593 2622054 TRADE_RESULT giving up after 10 retries 2622054 1788913593 
SQL: SELECT * FROM TradeResultFrame5($1, $2, $3, $4, $5, $6)
ERROR:  could not serialize access due to read/write dependencies among transactions
DETAIL:  Reason code: Canceled on conflict out to pivot 264879814, during read.
HINT:  The transaction might succeed if retried.
CONTEXT:  SQL statement "UPDATE broker
SET b_comm_total = b_comm_total + $1
  , b_num_trades = b_num_trades + 1
WHERE b_id = $2"


1788913593 2622055 TRADE_RESULT giving up after 10 retries 2622055 1788913593 
SQL: COMMIT
ERROR:  could not serialize access due to read/write dependencies among transactions
DETAIL:  Reason code: Canceled on commit attempt with conflict in from prepared pivot.
HINT:  The transaction might succeed if retried.


1788913593 2622058 TRADE_RESULT giving up after 10 retries 2622058 1788913593 
SQL: COMMIT
ERROR:  could not serialize access due to read/write dependencies among transactions
DETAIL:  Reason code: Canceled on commit attempt with conflict in from prepared pivot.
HINT:  The transaction might succeed if retried.


1788913593 2622054 TRADE_RESULT giving up after 10 retries 2622054 1788913593 
SQL: COMMIT
ERROR:  could not serialize access due to read/write dependencies among transactions
DETAIL:  Reason code: Canceled on commit attempt with conflict in from prepared pivot.
HINT:  The transaction might succeed if retried.


1788913593 2622057 TRADE_RESULT giving up after 10 retries 2622057 1788913593 
SQL: COMMIT
ERROR:  could not serialize access due to read/write dependencies among transactions
DETAIL:  Reason code: Canceled on commit attempt with conflict in from prepared pivot.
HINT:  The transaction might succeed if retried.


1788913593 2622058 TRADE_RESULT giving up after 10 retries 2622058 1788913593 
SQL: COMMIT
ERROR:  could not serialize access due to read/write dependencies among transactions
DETAIL:  Reason code: Canceled on commit attempt with conflict in from prepared pivot.
HINT:  The transaction might succeed if retried.


1788913593 2622055 TRADE_RESULT giving up after 10 retries 2622055 1788913593 
SQL: COMMIT
ERROR:  could not serialize access due to read/write dependencies among transactions
DETAIL:  Reason code: Canceled on commit attempt with conflict in from prepared pivot.
HINT:  The transaction might succeed if retried.


1788913599 2622053 TRADE_RESULT giving up after 10 retries 2622053 1788913599 
SQL: COMMIT
ERROR:  could not serialize access due to read/write dependencies among transactions
DETAIL:  Reason code: Canceled on commit attempt with conflict in from prepared pivot.
HINT:  The transaction might succeed if retried.


1788913604 2622050 TRADE_RESULT giving up after 10 retries 2622050 1788913604 
SQL: COMMIT
ERROR:  could not serialize access due to read/write dependencies among transactions
DETAIL:  Reason code: Canceled on commit attempt with conflict in from prepared pivot.
HINT:  The transaction might succeed if retried.


1788913609 2622057 TRADE_RESULT giving up after 10 retries 2622057 1788913609 
SQL: COMMIT
ERROR:  could not serialize access due to read/write dependencies among transactions
DETAIL:  Reason code: Canceled on commit attempt with conflict in from prepared pivot.
HINT:  The transaction might succeed if retried.


1788913614 2622061 TRADE_RESULT giving up after 10 retries 2622061 1788913614 
SQL: COMMIT
ERROR:  could not serialize access due to read/write dependencies among transactions
DETAIL:  Reason code: Canceled on commit attempt with conflict in from prepared pivot.
HINT:  The transaction might succeed if retried.


1788913614 2622051 TRADE_RESULT giving up after 10 retries 2622051 1788913614 
SQL: COMMIT
ERROR:  could not serialize access due to read/write dependencies among transactions
DETAIL:  Reason code: Canceled on commit attempt with conflict in from prepared pivot.
HINT:  The transaction might succeed if retried.


1788913614 2622049 TRADE_RESULT giving up after 10 retries 2622049 1788913614 
SQL: COMMIT
ERROR:  could not serialize access due to read/write dependencies among transactions
DETAIL:  Reason code: Canceled on commit attempt with conflict in from prepared pivot.
HINT:  The transaction might succeed if retried.


1788913614 2622052 TRADE_RESULT giving up after 10 retries 2622052 1788913614 
SQL: COMMIT
ERROR:  could not serialize access due to read/write dependencies among transactions
DETAIL:  Reason code: Canceled on commit attempt with conflict in from prepared pivot.
HINT:  The transaction might succeed if retried.


1788913614 2622057 TRADE_RESULT giving up after 10 retries 2622057 1788913614 
SQL: COMMIT
ERROR:  could not serialize access due to read/write dependencies among transactions
DETAIL:  Reason code: Canceled on commit attempt with conflict in from prepared pivot.
HINT:  The transaction might succeed if retried.


1788913614 2622059 TRADE_RESULT giving up after 10 retries 2622059 1788913614 
SQL: COMMIT
ERROR:  could not serialize access due to read/write dependencies among transactions
DETAIL:  Reason code: Canceled on commit attempt with conflict in from prepared pivot.
HINT:  The transaction might succeed if retried.


1788913623 2622052 TRADE_RESULT giving up after 10 retries 2622052 1788913623 
SQL: COMMIT
ERROR:  could not serialize access due to read/write dependencies among transactions
DETAIL:  Reason code: Canceled on commit attempt with conflict in from prepared pivot.
HINT:  The transaction might succeed if retried.


1788913630 2622055 TRADE_RESULT giving up after 10 retries 2622055 1788913630 
SQL: SELECT * FROM TradeResultFrame5($1, $2, $3, $4, $5, $6)
ERROR:  could not serialize access due to read/write dependencies among transactions
DETAIL:  Reason code: Canceled on identification as a pivot, during conflict out checking.
HINT:  The transaction might succeed if retried.
CONTEXT:  SQL statement "SELECT 1 FROM ONLY "public"."trade" x WHERE "t_id"::pg_catalog.int8 OPERATOR(pg_catalog.=) $1::pg_catalog.int8 FOR KEY SHARE OF x"
SQL statement "INSERT INTO trade_history(
    th_t_id
  , th_dts
  , th_st_id
)
VALUES (
    $1
  , $2
  , $3
)"


1788913633 2622059 TRADE_RESULT giving up after 10 retries 2622059 1788913633 
SQL: SELECT * FROM TradeResultFrame5($1, $2, $3, $4, $5, $6)
ERROR:  could not serialize access due to read/write dependencies among transactions
DETAIL:  Reason code: Canceled on conflict out to pivot 264914838, during read.
HINT:  The transaction might succeed if retried.
CONTEXT:  SQL statement "UPDATE broker
SET b_comm_total = b_comm_total + $1
  , b_num_trades = b_num_trades + 1
WHERE b_id = $2"


1788913641 2622049 TRADE_RESULT giving up after 10 retries 2622049 1788913641 
SQL: SELECT * FROM TradeResultFrame5($1, $2, $3, $4, $5, $6)
ERROR:  could not serialize access due to read/write dependencies among transactions
DETAIL:  Reason code: Canceled on conflict out to pivot 264921868, during read.
HINT:  The transaction might succeed if retried.
CONTEXT:  SQL statement "UPDATE broker
SET b_comm_total = b_comm_total + $1
  , b_num_trades = b_num_trades + 1
WHERE b_id = $2"


1788913646 2622062 TRADE_RESULT giving up after 10 retries 2622062 1788913646 
SQL: COMMIT
ERROR:  could not serialize access due to read/write dependencies among transactions
DETAIL:  Reason code: Canceled on commit attempt with conflict in from prepared pivot.
HINT:  The transaction might succeed if retried.


1788913646 2622061 TRADE_RESULT giving up after 10 retries 2622061 1788913646 
SQL: SELECT * FROM TradeResultFrame5($1, $2, $3, $4, $5, $6)
ERROR:  could not serialize access due to read/write dependencies among transactions
DETAIL:  Reason code: Canceled on conflict out to pivot 264926269, during read.
HINT:  The transaction might succeed if retried.
CONTEXT:  SQL statement "UPDATE broker
SET b_comm_total = b_comm_total + $1
  , b_num_trades = b_num_trades + 1
WHERE b_id = $2"


1788913646 2622065 TRADE_RESULT giving up after 10 retries 2622065 1788913646 
SQL: SELECT * FROM TradeResultFrame5($1, $2, $3, $4, $5, $6)
ERROR:  could not serialize access due to read/write dependencies among transactions
DETAIL:  Reason code: Canceled on conflict out to pivot 264926267, during read.
HINT:  The transaction might succeed if retried.
CONTEXT:  SQL statement "UPDATE broker
SET b_comm_total = b_comm_total + $1
  , b_num_trades = b_num_trades + 1
WHERE b_id = $2"


1788913646 2622060 TRADE_RESULT giving up after 10 retries 2622060 1788913646 
SQL: COMMIT
ERROR:  could not serialize access due to read/write dependencies among transactions
DETAIL:  Reason code: Canceled on commit attempt with conflict in from prepared pivot.
HINT:  The transaction might succeed if retried.


1788913646 2622051 TRADE_RESULT giving up after 10 retries 2622051 1788913646 
SQL: COMMIT
ERROR:  could not serialize access due to read/write dependencies among transactions
DETAIL:  Reason code: Canceled on commit attempt with conflict in from prepared pivot.
HINT:  The transaction might succeed if retried.


1788913651 2622050 TRADE_RESULT giving up after 10 retries 2622050 1788913651 
SQL: COMMIT
ERROR:  could not serialize access due to read/write dependencies among transactions
DETAIL:  Reason code: Canceled on commit attempt with conflict in from prepared pivot.
HINT:  The transaction might succeed if retried.


1788913651 2622064 TRADE_RESULT giving up after 10 retries 2622064 1788913651 
SQL: COMMIT
ERROR:  could not serialize access due to read/write dependencies among transactions
DETAIL:  Reason code: Canceled on commit attempt with conflict in from prepared pivot.
HINT:  The transaction might succeed if retried.


1788913651 2622051 TRADE_RESULT giving up after 10 retries 2622051 1788913651 
SQL: COMMIT
ERROR:  could not serialize access due to read/write dependencies among transactions
DETAIL:  Reason code: Canceled on commit attempt with conflict in from prepared pivot.
HINT:  The transaction might succeed if retried.


1788913651 2622065 TRADE_RESULT giving up after 10 retries 2622065 1788913651 
SQL: SELECT * FROM TradeResultFrame5($1, $2, $3, $4, $5, $6)
ERROR:  could not serialize access due to read/write dependencies among transactions
DETAIL:  Reason code: Canceled on conflict out to pivot 264930688, during read.
HINT:  The transaction might succeed if retried.
CONTEXT:  SQL statement "UPDATE broker
SET b_comm_total = b_comm_total + $1
  , b_num_trades = b_num_trades + 1
WHERE b_id = $2"


1788913654 2622065 TRADE_RESULT giving up after 10 retries 2622065 1788913654 
SQL: COMMIT
ERROR:  could not serialize access due to read/write dependencies among transactions
DETAIL:  Reason code: Canceled on commit attempt with conflict in from prepared pivot.
HINT:  The transaction might succeed if retried.


1788913654 2622064 TRADE_RESULT giving up after 10 retries 2622064 1788913654 
SQL: COMMIT
ERROR:  could not serialize access due to read/write dependencies among transactions
DETAIL:  Reason code: Canceled on commit attempt with conflict in from prepared pivot.
HINT:  The transaction might succeed if retried.


1788913654 2622056 TRADE_RESULT giving up after 10 retries 2622056 1788913654 
SQL: COMMIT
ERROR:  could not serialize access due to read/write dependencies among transactions
DETAIL:  Reason code: Canceled on commit attempt with conflict in from prepared pivot.
HINT:  The transaction might succeed if retried.


1788913659 2622060 TRADE_RESULT giving up after 10 retries 2622060 1788913659 
SQL: COMMIT
ERROR:  could not serialize access due to read/write dependencies among transactions
DETAIL:  Reason code: Canceled on commit attempt with conflict in from prepared pivot.
HINT:  The transaction might succeed if retried.


1788913672 2622052 TRADE_RESULT giving up after 10 retries 2622052 1788913672 
SQL: SELECT * FROM TradeResultFrame6($1, $2, $3, $4, $5, $6, $7, $8, $9)
ERROR:  could not serialize access due to read/write dependencies among transactions
DETAIL:  Reason code: Canceled on identification as a pivot, during conflict in checking.
HINT:  The transaction might succeed if retried.
CONTEXT:  SQL statement "INSERT INTO settlement(
    se_t_id
  , se_cash_type
  , se_cash_due_date
  , se_amt)
VALUES (
    $1
  , $2
  , $3
  , $4
)"


1788913672 2622061 TRADE_RESULT giving up after 10 retries 2622061 1788913672 
SQL: SELECT * FROM TradeResultFrame6($1, $2, $3, $4, $5, $6, $7, $8, $9)
ERROR:  could not serialize access due to read/write dependencies among transactions
DETAIL:  Reason code: Canceled on identification as a pivot, during conflict in checking.
HINT:  The transaction might succeed if retried.
CONTEXT:  SQL statement "INSERT INTO settlement(
    se_t_id
  , se_cash_type
  , se_cash_due_date
  , se_amt)
VALUES (
    $1
  , $2
  , $3
  , $4
)"


1788913673 2622053 TRADE_RESULT giving up after 10 retries 2622053 1788913673 
SQL: SELECT * FROM TradeResultFrame5($1, $2, $3, $4, $5, $6)
ERROR:  could not serialize access due to read/write dependencies among transactions
DETAIL:  Reason code: Canceled on conflict out to pivot 264950147, during read.
HINT:  The transaction might succeed if retried.
CONTEXT:  SQL statement "UPDATE broker
SET b_comm_total = b_comm_total + $1
  , b_num_trades = b_num_trades + 1
WHERE b_id = $2"


1788913684 2622065 TRADE_RESULT giving up after 10 retries 2622065 1788913684 
SQL: SELECT * FROM TradeResultFrame5($1, $2, $3, $4, $5, $6)
ERROR:  could not serialize access due to read/write dependencies among transactions
DETAIL:  Reason code: Canceled on conflict out to pivot 264959822, during read.
HINT:  The transaction might succeed if retried.
CONTEXT:  SQL statement "UPDATE broker
SET b_comm_total = b_comm_total + $1
  , b_num_trades = b_num_trades + 1
WHERE b_id = $2"


1788913684 2622058 TRADE_RESULT giving up after 10 retries 2622058 1788913684 
SQL: COMMIT
ERROR:  could not serialize access due to read/write dependencies among transactions
DETAIL:  Reason code: Canceled on commit attempt with conflict in from prepared pivot.
HINT:  The transaction might succeed if retried.


1788913684 2622062 TRADE_RESULT giving up after 10 retries 2622062 1788913684 
SQL: SELECT * FROM TradeResultFrame5($1, $2, $3, $4, $5, $6)
ERROR:  could not serialize access due to read/write dependencies among transactions
DETAIL:  Reason code: Canceled on conflict out to pivot 264959813, during read.
HINT:  The transaction might succeed if retried.
CONTEXT:  SQL statement "UPDATE broker
SET b_comm_total = b_comm_total + $1
  , b_num_trades = b_num_trades + 1
WHERE b_id = $2"


1788913684 2622056 TRADE_RESULT giving up after 10 retries 2622056 1788913684 
SQL: COMMIT
ERROR:  could not serialize access due to read/write dependencies among transactions
DETAIL:  Reason code: Canceled on commit attempt with conflict in from prepared pivot.
HINT:  The transaction might succeed if retried.


1788913684 2622049 TRADE_RESULT giving up after 10 retries 2622049 1788913684 
SQL: COMMIT
ERROR:  could not serialize access due to read/write dependencies among transactions
DETAIL:  Reason code: Canceled on commit attempt with conflict in from prepared pivot.
HINT:  The transaction might succeed if retried.


1788913684 2622061 TRADE_RESULT giving up after 10 retries 2622061 1788913684 
SQL: COMMIT
ERROR:  could not serialize access due to read/write dependencies among transactions
DETAIL:  Reason code: Canceled on commit attempt with conflict in from prepared pivot.
HINT:  The transaction might succeed if retried.


1788913697 2622053 TRADE_RESULT giving up after 10 retries 2622053 1788913697 
SQL: SELECT * FROM TradeResultFrame5($1, $2, $3, $4, $5, $6)
ERROR:  could not serialize access due to read/write dependencies among transactions
DETAIL:  Reason code: Canceled on conflict out to pivot 264970966, during read.
HINT:  The transaction might succeed if retried.
CONTEXT:  SQL statement "UPDATE broker
SET b_comm_total = b_comm_total + $1
  , b_num_trades = b_num_trades + 1
WHERE b_id = $2"


1788913698 2622059 TRADE_RESULT giving up after 10 retries 2622059 1788913698 
SQL: SELECT * FROM TradeResultFrame5($1, $2, $3, $4, $5, $6)
ERROR:  could not serialize access due to read/write dependencies among transactions
DETAIL:  Reason code: Canceled on identification as a pivot, during write.
HINT:  The transaction might succeed if retried.
CONTEXT:  SQL statement "UPDATE trade
SET t_comm = $1
  , t_dts = $2
  , t_st_id = $3
  , t_trade_price = $4
WHERE t_id = $5"


1788913700 2622053 TRADE_RESULT giving up after 10 retries 2622053 1788913700 
SQL: SELECT * FROM TradeResultFrame5($1, $2, $3, $4, $5, $6)
ERROR:  could not serialize access due to read/write dependencies among transactions
DETAIL:  Reason code: Canceled on identification as a pivot, during write.
HINT:  The transaction might succeed if retried.
CONTEXT:  SQL statement "UPDATE trade
SET t_comm = $1
  , t_dts = $2
  , t_st_id = $3
  , t_trade_price = $4
WHERE t_id = $5"


1788913702 2622049 TRADE_RESULT giving up after 10 retries 2622049 1788913702 
SQL: COMMIT
ERROR:  could not serialize access due to read/write dependencies among transactions
DETAIL:  Reason code: Canceled on commit attempt with conflict in from prepared pivot.
HINT:  The transaction might succeed if retried.


1788913712 2622056 TRADE_RESULT giving up after 10 retries 2622056 1788913712 
SQL: COMMIT
ERROR:  could not serialize access due to read/write dependencies among transactions
DETAIL:  Reason code: Canceled on commit attempt with conflict in from prepared pivot.
HINT:  The transaction might succeed if retried.


1788913715 2622065 TRADE_RESULT giving up after 10 retries 2622065 1788913715 
SQL: COMMIT
ERROR:  could not serialize access due to read/write dependencies among transactions
DETAIL:  Reason code: Canceled on commit attempt with conflict in from prepared pivot.
HINT:  The transaction might succeed if retried.


1788913720 2622051 TRADE_RESULT giving up after 10 retries 2622051 1788913720 
SQL: COMMIT
ERROR:  could not serialize access due to read/write dependencies among transactions
DETAIL:  Reason code: Canceled on commit attempt with conflict in from prepared pivot.
HINT:  The transaction might succeed if retried.


1788913720 2622058 TRADE_RESULT giving up after 10 retries 2622058 1788913720 
SQL: SELECT * FROM TradeResultFrame5($1, $2, $3, $4, $5, $6)
ERROR:  could not serialize access due to read/write dependencies among transactions
DETAIL:  Reason code: Canceled on identification as a pivot, during write.
HINT:  The transaction might succeed if retried.
CONTEXT:  SQL statement "UPDATE trade
SET t_comm = $1
  , t_dts = $2
  , t_st_id = $3
  , t_trade_price = $4
WHERE t_id = $5"


1788913733 2622049 TRADE_RESULT giving up after 10 retries 2622049 1788913733 
SQL: COMMIT
ERROR:  could not serialize access due to read/write dependencies among transactions
DETAIL:  Reason code: Canceled on commit attempt with conflict in from prepared pivot.
HINT:  The transaction might succeed if retried.


1788913738 2622059 TRADE_RESULT giving up after 10 retries 2622059 1788913738 
SQL: COMMIT
ERROR:  could not serialize access due to read/write dependencies among transactions
DETAIL:  Reason code: Canceled on commit attempt with conflict in from prepared pivot.
HINT:  The transaction might succeed if retried.


1788913738 2622062 TRADE_RESULT giving up after 10 retries 2622062 1788913738 
SQL: COMMIT
ERROR:  could not serialize access due to read/write dependencies among transactions
DETAIL:  Reason code: Canceled on commit attempt with conflict in from prepared pivot.
HINT:  The transaction might succeed if retried.


1788913738 2622051 TRADE_RESULT giving up after 10 retries 2622051 1788913738 
SQL: SELECT * FROM TradeResultFrame5($1, $2, $3, $4, $5, $6)
ERROR:  could not serialize access due to read/write dependencies among transactions
DETAIL:  Reason code: Canceled on conflict out to pivot 265007587, during read.
HINT:  The transaction might succeed if retried.
CONTEXT:  SQL statement "UPDATE broker
SET b_comm_total = b_comm_total + $1
  , b_num_trades = b_num_trades + 1
WHERE b_id = $2"


1788913738 2622054 TRADE_RESULT giving up after 10 retries 2622054 1788913738 
SQL: COMMIT
ERROR:  could not serialize access due to read/write dependencies among transactions
DETAIL:  Reason code: Canceled on commit attempt with conflict in from prepared pivot.
HINT:  The transaction might succeed if retried.


1788913738 2622059 TRADE_RESULT giving up after 10 retries 2622059 1788913738 
SQL: SELECT * FROM TradeResultFrame6($1, $2, $3, $4, $5, $6, $7, $8, $9)
ERROR:  could not serialize access due to read/write dependencies among transactions
DETAIL:  Reason code: Canceled on identification as a pivot, during conflict in checking.
HINT:  The transaction might succeed if retried.
CONTEXT:  SQL statement "INSERT INTO settlement(
    se_t_id
  , se_cash_type
  , se_cash_due_date
  , se_amt)
VALUES (
    $1
  , $2
  , $3
  , $4
)"


1788913738 2622056 TRADE_RESULT giving up after 10 retries 2622056 1788913738 
SQL: COMMIT
ERROR:  could not serialize access due to read/write dependencies among transactions
DETAIL:  Reason code: Canceled on commit attempt with conflict in from prepared pivot.
HINT:  The transaction might succeed if retried.


1788913738 2622051 TRADE_RESULT giving up after 10 retries 2622051 1788913738 
SQL: COMMIT
ERROR:  could not serialize access due to read/write dependencies among transactions
DETAIL:  Reason code: Canceled on commit attempt with conflict in from prepared pivot.
HINT:  The transaction might succeed if retried.


1788913738 2622056 TRADE_RESULT giving up after 10 retries 2622056 1788913738 
SQL: COMMIT
ERROR:  could not serialize access due to read/write dependencies among transactions
DETAIL:  Reason code: Canceled on commit attempt with conflict in from prepared pivot.
HINT:  The transaction might succeed if retried.


1788913738 2622062 TRADE_RESULT giving up after 10 retries 2622062 1788913738 
SQL: COMMIT
ERROR:  could not serialize access due to read/write dependencies among transactions
DETAIL:  Reason code: Canceled on commit attempt with conflict in from prepared pivot.
HINT:  The transaction might succeed if retried.


1788913738 2622059 TRADE_RESULT giving up after 10 retries 2622059 1788913738 
SQL: COMMIT
ERROR:  could not serialize access due to read/write dependencies among transactions
DETAIL:  Reason code: Canceled on commit attempt with conflict in from prepared pivot.
HINT:  The transaction might succeed if retried.


1788913741 2622065 TRADE_RESULT giving up after 10 retries 2622065 1788913741 
SQL: COMMIT
ERROR:  could not serialize access due to read/write dependencies among transactions
DETAIL:  Reason code: Canceled on commit attempt with conflict in from prepared pivot.
HINT:  The transaction might succeed if retried.


1788913763 2622059 TRADE_RESULT giving up after 10 retries 2622059 1788913763 
SQL: SELECT * FROM TradeResultFrame5($1, $2, $3, $4, $5, $6)
ERROR:  could not serialize access due to read/write dependencies among transactions
DETAIL:  Reason code: Canceled on conflict out to pivot 265029154, during read.
HINT:  The transaction might succeed if retried.
CONTEXT:  SQL statement "UPDATE broker
SET b_comm_total = b_comm_total + $1
  , b_num_trades = b_num_trades + 1
WHERE b_id = $2"


1788913766 2622050 TRADE_RESULT giving up after 10 retries 2622050 1788913766 
SQL: COMMIT
ERROR:  could not serialize access due to read/write dependencies among transactions
DETAIL:  Reason code: Canceled on commit attempt with conflict in from prepared pivot.
HINT:  The transaction might succeed if retried.


1788913775 2622051 TRADE_RESULT giving up after 10 retries 2622051 1788913775 
SQL: SELECT * FROM TradeResultFrame5($1, $2, $3, $4, $5, $6)
ERROR:  could not serialize access due to read/write dependencies among transactions
DETAIL:  Reason code: Canceled on conflict out to pivot 265039728, during read.
HINT:  The transaction might succeed if retried.
CONTEXT:  SQL statement "UPDATE broker
SET b_comm_total = b_comm_total + $1
  , b_num_trades = b_num_trades + 1
WHERE b_id = $2"


1788913776 2622051 TRADE_RESULT giving up after 10 retries 2622051 1788913776 
SQL: COMMIT
ERROR:  could not serialize access due to read/write dependencies among transactions
DETAIL:  Reason code: Canceled on commit attempt with conflict in from prepared pivot.
HINT:  The transaction might succeed if retried.


1788913778 2622051 TRADE_RESULT giving up after 10 retries 2622051 1788913778 
SQL: COMMIT
ERROR:  could not serialize access due to read/write dependencies among transactions
DETAIL:  Reason code: Canceled on commit attempt with conflict in from prepared pivot.
HINT:  The transaction might succeed if retried.


1788913780 2622055 TRADE_RESULT giving up after 10 retries 2622055 1788913780 
SQL: SELECT * FROM TradeResultFrame6($1, $2, $3, $4, $5, $6, $7, $8, $9)
ERROR:  could not serialize access due to read/write dependencies among transactions
DETAIL:  Reason code: Canceled on identification as a pivot, during conflict in checking.
HINT:  The transaction might succeed if retried.
CONTEXT:  SQL statement "INSERT INTO settlement(
    se_t_id
  , se_cash_type
  , se_cash_due_date
  , se_amt)
VALUES (
    $1
  , $2
  , $3
  , $4
)"


1788913780 2622058 TRADE_RESULT giving up after 10 retries 2622058 1788913780 
SQL: COMMIT
ERROR:  could not serialize access due to read/write dependencies among transactions
DETAIL:  Reason code: Canceled on identification as a pivot, during commit attempt.
HINT:  The transaction might succeed if retried.


1788913780 2622056 TRADE_RESULT giving up after 10 retries 2622056 1788913780 
SQL: SELECT * FROM TradeResultFrame5($1, $2, $3, $4, $5, $6)
ERROR:  could not serialize access due to read/write dependencies among transactions
DETAIL:  Reason code: Canceled on identification as a pivot, during write.
HINT:  The transaction might succeed if retried.
CONTEXT:  SQL statement "UPDATE trade
SET t_comm = $1
  , t_dts = $2
  , t_st_id = $3
  , t_trade_price = $4
WHERE t_id = $5"


1788913782 2622054 TRADE_RESULT giving up after 10 retries 2622054 1788913782 
SQL: COMMIT
ERROR:  could not serialize access due to read/write dependencies among transactions
DETAIL:  Reason code: Canceled on commit attempt with conflict in from prepared pivot.
HINT:  The transaction might succeed if retried.


1788913793 2622065 TRADE_RESULT giving up after 10 retries 2622065 1788913793 
SQL: COMMIT
ERROR:  could not serialize access due to read/write dependencies among transactions
DETAIL:  Reason code: Canceled on commit attempt with conflict in from prepared pivot.
HINT:  The transaction might succeed if retried.


1788913802 2622052 TRADE_RESULT giving up after 10 retries 2622052 1788913802 
SQL: SELECT * FROM TradeResultFrame5($1, $2, $3, $4, $5, $6)
ERROR:  could not serialize access due to read/write dependencies among transactions
DETAIL:  Reason code: Canceled on conflict out to pivot 265063569, during read.
HINT:  The transaction might succeed if retried.
CONTEXT:  SQL statement "UPDATE broker
SET b_comm_total = b_comm_total + $1
  , b_num_trades = b_num_trades + 1
WHERE b_id = $2"


1788913802 2622059 TRADE_RESULT giving up after 10 retries 2622059 1788913802 
SQL: SELECT * FROM TradeResultFrame6($1, $2, $3, $4, $5, $6, $7, $8, $9)
ERROR:  could not serialize access due to read/write dependencies among transactions
DETAIL:  Reason code: Canceled on identification as a pivot, during conflict in checking.
HINT:  The transaction might succeed if retried.
CONTEXT:  SQL statement "INSERT INTO settlement(
    se_t_id
  , se_cash_type
  , se_cash_due_date
  , se_amt)
VALUES (
    $1
  , $2
  , $3
  , $4
)"


1788913802 2622060 TRADE_RESULT giving up after 10 retries 2622060 1788913802 
SQL: SELECT * FROM TradeResultFrame6($1, $2, $3, $4, $5, $6, $7, $8, $9)
ERROR:  could not serialize access due to read/write dependencies among transactions
DETAIL:  Reason code: Canceled on identification as a pivot, during conflict in checking.
HINT:  The transaction might succeed if retried.
CONTEXT:  SQL statement "INSERT INTO settlement(
    se_t_id
  , se_cash_type
  , se_cash_due_date
  , se_amt)
VALUES (
    $1
  , $2
  , $3
  , $4
)"


1788913804 2622060 TRADE_RESULT giving up after 10 retries 2622060 1788913804 
SQL: SELECT * FROM TradeResultFrame5($1, $2, $3, $4, $5, $6)
ERROR:  could not serialize access due to read/write dependencies among transactions
DETAIL:  Reason code: Canceled on conflict out to pivot 265065200, during read.
HINT:  The transaction might succeed if retried.
CONTEXT:  SQL statement "UPDATE broker
SET b_comm_total = b_comm_total + $1
  , b_num_trades = b_num_trades + 1
WHERE b_id = $2"


1788913810 2622064 TRADE_RESULT giving up after 10 retries 2622064 1788913810 
SQL: COMMIT
ERROR:  could not serialize access due to read/write dependencies among transactions
DETAIL:  Reason code: Canceled on commit attempt with conflict in from prepared pivot.
HINT:  The transaction might succeed if retried.


1788913810 2622060 TRADE_RESULT giving up after 10 retries 2622060 1788913810 
SQL: COMMIT
ERROR:  could not serialize access due to read/write dependencies among transactions
DETAIL:  Reason code: Canceled on commit attempt with conflict in from prepared pivot.
HINT:  The transaction might succeed if retried.


1788913810 2622059 TRADE_RESULT giving up after 10 retries 2622059 1788913810 
SQL: COMMIT
ERROR:  could not serialize access due to read/write dependencies among transactions
DETAIL:  Reason code: Canceled on commit attempt with conflict in from prepared pivot.
HINT:  The transaction might succeed if retried.


1788913810 2622064 TRADE_RESULT giving up after 10 retries 2622064 1788913810 
SQL: COMMIT
ERROR:  could not serialize access due to read/write dependencies among transactions
DETAIL:  Reason code: Canceled on commit attempt with conflict in from prepared pivot.
HINT:  The transaction might succeed if retried.


1788913810 2622060 TRADE_RESULT giving up after 10 retries 2622060 1788913810 
SQL: COMMIT
ERROR:  could not serialize access due to read/write dependencies among transactions
DETAIL:  Reason code: Canceled on commit attempt with conflict in from prepared pivot.
HINT:  The transaction might succeed if retried.


1788913810 2622052 TRADE_RESULT giving up after 10 retries 2622052 1788913810 
SQL: SELECT * FROM TradeResultFrame4($1, $2, $3, $4)
ERROR:  could not serialize access due to read/write dependencies among transactions
DETAIL:  Reason code: Canceled on identification as a pivot, during conflict out checking.
HINT:  The transaction might succeed if retried.
CONTEXT:  SQL statement "SELECT s_ex_id
     , s_name
FROM security
WHERE s_symb = $1"


1788913814 2622060 TRADE_RESULT giving up after 10 retries 2622060 1788913814 
SQL: COMMIT
ERROR:  could not serialize access due to read/write dependencies among transactions
DETAIL:  Reason code: Canceled on commit attempt with conflict in from prepared pivot.
HINT:  The transaction might succeed if retried.


1788913831 2622065 TRADE_RESULT giving up after 10 retries 2622065 1788913831 
SQL: SELECT * FROM TradeResultFrame6($1, $2, $3, $4, $5, $6, $7, $8, $9)
ERROR:  could not serialize access due to read/write dependencies among transactions
DETAIL:  Reason code: Canceled on identification as a pivot, during conflict in checking.
HINT:  The transaction might succeed if retried.
CONTEXT:  SQL statement "INSERT INTO settlement(
    se_t_id
  , se_cash_type
  , se_cash_due_date
  , se_amt)
VALUES (
    $1
  , $2
  , $3
  , $4
)"


1788913832 2622057 TRADE_RESULT giving up after 10 retries 2622057 1788913832 
SQL: SELECT * FROM TradeResultFrame4($1, $2, $3, $4)
ERROR:  could not serialize access due to read/write dependencies among transactions
DETAIL:  Reason code: Canceled on identification as a pivot, during conflict out checking.
HINT:  The transaction might succeed if retried.
CONTEXT:  SQL statement "SELECT s_ex_id
     , s_name
FROM security
WHERE s_symb = $1"


1788913838 2622061 TRADE_RESULT giving up after 10 retries 2622061 1788913838 
SQL: COMMIT
ERROR:  could not serialize access due to read/write dependencies among transactions
DETAIL:  Reason code: Canceled on commit attempt with conflict in from prepared pivot.
HINT:  The transaction might succeed if retried.


1788913838 2622056 TRADE_RESULT giving up after 10 retries 2622056 1788913838 
SQL: COMMIT
ERROR:  could not serialize access due to read/write dependencies among transactions
DETAIL:  Reason code: Canceled on commit attempt with conflict in from prepared pivot.
HINT:  The transaction might succeed if retried.


1788913838 2622058 TRADE_RESULT giving up after 10 retries 2622058 1788913838 
SQL: COMMIT
ERROR:  could not serialize access due to read/write dependencies among transactions
DETAIL:  Reason code: Canceled on commit attempt with conflict in from prepared pivot.
HINT:  The transaction might succeed if retried.


1788913859 2622061 TRADE_RESULT giving up after 10 retries 2622061 1788913859 
SQL: SELECT * FROM TradeResultFrame5($1, $2, $3, $4, $5, $6)
ERROR:  could not serialize access due to read/write dependencies among transactions
DETAIL:  Reason code: Canceled on conflict out to pivot 265113760, during read.
HINT:  The transaction might succeed if retried.
CONTEXT:  SQL statement "UPDATE broker
SET b_comm_total = b_comm_total + $1
  , b_num_trades = b_num_trades + 1
WHERE b_id = $2"


1788913861 2622053 TRADE_RESULT giving up after 10 retries 2622053 1788913861 
SQL: COMMIT
ERROR:  could not serialize access due to read/write dependencies among transactions
DETAIL:  Reason code: Canceled on commit attempt with conflict in from prepared pivot.
HINT:  The transaction might succeed if retried.


1788913878 2622057 TRADE_RESULT giving up after 10 retries 2622057 1788913878 
SQL: COMMIT
ERROR:  could not serialize access due to read/write dependencies among transactions
DETAIL:  Reason code: Canceled on commit attempt with conflict in from prepared pivot.
HINT:  The transaction might succeed if retried.


1788913881 2622060 TRADE_RESULT giving up after 10 retries 2622060 1788913881 
SQL: COMMIT
ERROR:  could not serialize access due to read/write dependencies among transactions
DETAIL:  Reason code: Canceled on commit attempt with conflict in from prepared pivot.
HINT:  The transaction might succeed if retried.


1788913881 2622064 TRADE_RESULT giving up after 10 retries 2622064 1788913881 
SQL: COMMIT
ERROR:  could not serialize access due to read/write dependencies among transactions
DETAIL:  Reason code: Canceled on commit attempt with conflict in from prepared pivot.
HINT:  The transaction might succeed if retried.


1788913885 2622057 TRADE_RESULT giving up after 10 retries 2622057 1788913885 
SQL: COMMIT
ERROR:  could not serialize access due to read/write dependencies among transactions
DETAIL:  Reason code: Canceled on commit attempt with conflict in from prepared pivot.
HINT:  The transaction might succeed if retried.


1788913885 2622049 TRADE_RESULT giving up after 10 retries 2622049 1788913885 
SQL: COMMIT
ERROR:  could not serialize access due to read/write dependencies among transactions
DETAIL:  Reason code: Canceled on commit attempt with conflict in from prepared pivot.
HINT:  The transaction might succeed if retried.


1788913890 2622057 TRADE_RESULT giving up after 10 retries 2622057 1788913890 
SQL: SELECT * FROM TradeResultFrame5($1, $2, $3, $4, $5, $6)
ERROR:  could not serialize access due to read/write dependencies among transactions
DETAIL:  Reason code: Canceled on conflict out to pivot 265141727, during read.
HINT:  The transaction might succeed if retried.
CONTEXT:  SQL statement "UPDATE broker
SET b_comm_total = b_comm_total + $1
  , b_num_trades = b_num_trades + 1
WHERE b_id = $2"


1788913892 2622050 TRADE_RESULT giving up after 10 retries 2622050 1788913892 
SQL: COMMIT
ERROR:  could not serialize access due to read/write dependencies among transactions
DETAIL:  Reason code: Canceled on commit attempt with conflict in from prepared pivot.
HINT:  The transaction might succeed if retried.


1788913896 2622054 TRADE_RESULT giving up after 10 retries 2622054 1788913896 
SQL: SELECT * FROM TradeResultFrame5($1, $2, $3, $4, $5, $6)
ERROR:  could not serialize access due to read/write dependencies among transactions
DETAIL:  Reason code: Canceled on conflict out to pivot 265146549, during read.
HINT:  The transaction might succeed if retried.
CONTEXT:  SQL statement "UPDATE broker
SET b_comm_total = b_comm_total + $1
  , b_num_trades = b_num_trades + 1
WHERE b_id = $2"


1788913905 2622053 TRADE_RESULT giving up after 10 retries 2622053 1788913905 
SQL: COMMIT
ERROR:  could not serialize access due to read/write dependencies among transactions
DETAIL:  Reason code: Canceled on commit attempt with conflict in from prepared pivot.
HINT:  The transaction might succeed if retried.


1788913905 2622064 TRADE_RESULT giving up after 10 retries 2622064 1788913905 
SQL: COMMIT
ERROR:  could not serialize access due to read/write dependencies among transactions
DETAIL:  Reason code: Canceled on commit attempt with conflict in from prepared pivot.
HINT:  The transaction might succeed if retried.


1788913921 2622049 TRADE_RESULT giving up after 10 retries 2622049 1788913921 
SQL: COMMIT
ERROR:  could not serialize access due to read/write dependencies among transactions
DETAIL:  Reason code: Canceled on commit attempt with conflict in from prepared pivot.
HINT:  The transaction might succeed if retried.


1788913924 2622064 TRADE_RESULT giving up after 10 retries 2622064 1788913924 
SQL: SELECT * FROM TradeResultFrame5($1, $2, $3, $4, $5, $6)
ERROR:  could not serialize access due to read/write dependencies among transactions
DETAIL:  Reason code: Canceled on identification as a pivot, during write.
HINT:  The transaction might succeed if retried.
CONTEXT:  SQL statement "UPDATE trade
SET t_comm = $1
  , t_dts = $2
  , t_st_id = $3
  , t_trade_price = $4
WHERE t_id = $5"


1788913928 2622050 TRADE_RESULT giving up after 10 retries 2622050 1788913928 
SQL: SELECT * FROM TradeResultFrame5($1, $2, $3, $4, $5, $6)
ERROR:  could not serialize access due to read/write dependencies among transactions
DETAIL:  Reason code: Canceled on conflict out to pivot 265175038, during read.
HINT:  The transaction might succeed if retried.
CONTEXT:  SQL statement "UPDATE broker
SET b_comm_total = b_comm_total + $1
  , b_num_trades = b_num_trades + 1
WHERE b_id = $2"


1788913928 2622049 TRADE_RESULT giving up after 10 retries 2622049 1788913928 
SQL: SELECT * FROM TradeResultFrame5($1, $2, $3, $4, $5, $6)
ERROR:  could not serialize access due to read/write dependencies among transactions
DETAIL:  Reason code: Canceled on identification as a pivot, during write.
HINT:  The transaction might succeed if retried.
CONTEXT:  SQL statement "UPDATE trade
SET t_comm = $1
  , t_dts = $2
  , t_st_id = $3
  , t_trade_price = $4
WHERE t_id = $5"


1788913930 2622062 TRADE_RESULT giving up after 10 retries 2622062 1788913930 
SQL: SELECT * FROM TradeResultFrame3($1, $2, $3, $4)
ERROR:  could not serialize access due to read/write dependencies among transactions
DETAIL:  Reason code: Canceled on identification as a pivot, during write.
HINT:  The transaction might succeed if retried.
CONTEXT:  SQL statement "UPDATE trade
SET t_tax = $1
WHERE t_id = $2"


1788913933 2622061 TRADE_RESULT giving up after 10 retries 2622061 1788913933 
SQL: COMMIT
ERROR:  could not serialize access due to read/write dependencies among transactions
DETAIL:  Reason code: Canceled on commit attempt with conflict in from prepared pivot.
HINT:  The transaction might succeed if retried.


1788913933 2622054 TRADE_RESULT giving up after 10 retries 2622054 1788913933 
SQL: COMMIT
ERROR:  could not serialize access due to read/write dependencies among transactions
DETAIL:  Reason code: Canceled on commit attempt with conflict in from prepared pivot.
HINT:  The transaction might succeed if retried.


1788913933 2622059 TRADE_RESULT giving up after 10 retries 2622059 1788913933 
SQL: COMMIT
ERROR:  could not serialize access due to read/write dependencies among transactions
DETAIL:  Reason code: Canceled on commit attempt with conflict in from prepared pivot.
HINT:  The transaction might succeed if retried.


1788913933 2622055 TRADE_RESULT giving up after 10 retries 2622055 1788913933 
SQL: COMMIT
ERROR:  could not serialize access due to read/write dependencies among transactions
DETAIL:  Reason code: Canceled on commit attempt with conflict in from prepared pivot.
HINT:  The transaction might succeed if retried.


1788913933 2622052 TRADE_RESULT giving up after 10 retries 2622052 1788913933 
SQL: COMMIT
ERROR:  could not serialize access due to read/write dependencies among transactions
DETAIL:  Reason code: Canceled on commit attempt with conflict in from prepared pivot.
HINT:  The transaction might succeed if retried.


1788913933 2622064 TRADE_RESULT giving up after 10 retries 2622064 1788913933 
SQL: SELECT * FROM TradeResultFrame5($1, $2, $3, $4, $5, $6)
ERROR:  could not serialize access due to read/write dependencies among transactions
DETAIL:  Reason code: Canceled on conflict out to pivot 265179784, during read.
HINT:  The transaction might succeed if retried.
CONTEXT:  SQL statement "UPDATE broker
SET b_comm_total = b_comm_total + $1
  , b_num_trades = b_num_trades + 1
WHERE b_id = $2"


1788913951 2622052 TRADE_RESULT giving up after 10 retries 2622052 1788913951 
SQL: SELECT * FROM TradeResultFrame5($1, $2, $3, $4, $5, $6)
ERROR:  could not serialize access due to read/write dependencies among transactions
DETAIL:  Reason code: Canceled on identification as a pivot, during write.
HINT:  The transaction might succeed if retried.
CONTEXT:  SQL statement "UPDATE trade
SET t_comm = $1
  , t_dts = $2
  , t_st_id = $3
  , t_trade_price = $4
WHERE t_id = $5"


1788913958 2622055 TRADE_RESULT giving up after 10 retries 2622055 1788913958 
SQL: COMMIT
ERROR:  could not serialize access due to read/write dependencies among transactions
DETAIL:  Reason code: Canceled on commit attempt with conflict in from prepared pivot.
HINT:  The transaction might succeed if retried.


1788913962 2622049 TRADE_RESULT giving up after 10 retries 2622049 1788913962 
SQL: SELECT * FROM TradeResultFrame5($1, $2, $3, $4, $5, $6)
ERROR:  could not serialize access due to read/write dependencies among transactions
DETAIL:  Reason code: Canceled on conflict out to pivot 265204804, during read.
HINT:  The transaction might succeed if retried.
CONTEXT:  SQL statement "UPDATE broker
SET b_comm_total = b_comm_total + $1
  , b_num_trades = b_num_trades + 1
WHERE b_id = $2"


1788913962 2622059 TRADE_RESULT giving up after 10 retries 2622059 1788913962 
SQL: COMMIT
ERROR:  could not serialize access due to read/write dependencies among transactions
DETAIL:  Reason code: Canceled on commit attempt with conflict in from prepared pivot.
HINT:  The transaction might succeed if retried.


1788913964 2622058 TRADE_RESULT giving up after 10 retries 2622058 1788913964 
SQL: COMMIT
ERROR:  could not serialize access due to read/write dependencies among transactions
DETAIL:  Reason code: Canceled on commit attempt with conflict in from prepared pivot.
HINT:  The transaction might succeed if retried.


1788913966 2622051 TRADE_RESULT giving up after 10 retries 2622051 1788913966 
SQL: COMMIT
ERROR:  could not serialize access due to read/write dependencies among transactions
DETAIL:  Reason code: Canceled on commit attempt with conflict in from prepared pivot.
HINT:  The transaction might succeed if retried.


1788913969 2622058 TRADE_RESULT giving up after 10 retries 2622058 1788913969 
SQL: SELECT * FROM TradeResultFrame5($1, $2, $3, $4, $5, $6)
ERROR:  could not serialize access due to read/write dependencies among transactions
DETAIL:  Reason code: Canceled on conflict out to pivot 265211331, during read.
HINT:  The transaction might succeed if retried.
CONTEXT:  SQL statement "UPDATE broker
SET b_comm_total = b_comm_total + $1
  , b_num_trades = b_num_trades + 1
WHERE b_id = $2"


1788913969 2622049 TRADE_RESULT giving up after 10 retries 2622049 1788913969 
SQL: COMMIT
ERROR:  could not serialize access due to read/write dependencies among transactions
DETAIL:  Reason code: Canceled on commit attempt with conflict in from prepared pivot.
HINT:  The transaction might succeed if retried.


1788913979 2622065 TRADE_RESULT giving up after 10 retries 2622065 1788913979 
SQL: COMMIT
ERROR:  could not serialize access due to read/write dependencies among transactions
DETAIL:  Reason code: Canceled on commit attempt with conflict in from prepared pivot.
HINT:  The transaction might succeed if retried.


1788913979 2622052 TRADE_RESULT giving up after 10 retries 2622052 1788913979 
SQL: COMMIT
ERROR:  could not serialize access due to read/write dependencies among transactions
DETAIL:  Reason code: Canceled on commit attempt with conflict in from prepared pivot.
HINT:  The transaction might succeed if retried.


1788913994 2622058 TRADE_RESULT giving up after 10 retries 2622058 1788913994 
SQL: COMMIT
ERROR:  could not serialize access due to read/write dependencies among transactions
DETAIL:  Reason code: Canceled on commit attempt with conflict in from prepared pivot.
HINT:  The transaction might succeed if retried.


1788913994 2622055 TRADE_RESULT giving up after 10 retries 2622055 1788913994 
SQL: COMMIT
ERROR:  could not serialize access due to read/write dependencies among transactions
DETAIL:  Reason code: Canceled on commit attempt with conflict in from prepared pivot.
HINT:  The transaction might succeed if retried.


1788913994 2622059 TRADE_RESULT giving up after 10 retries 2622059 1788913994 
SQL: SELECT * FROM TradeResultFrame5($1, $2, $3, $4, $5, $6)
ERROR:  could not serialize access due to read/write dependencies among transactions
DETAIL:  Reason code: Canceled on conflict out to pivot 265232658, during read.
HINT:  The transaction might succeed if retried.
CONTEXT:  SQL statement "UPDATE broker
SET b_comm_total = b_comm_total + $1
  , b_num_trades = b_num_trades + 1
WHERE b_id = $2"


1788913994 2622058 TRADE_RESULT giving up after 10 retries 2622058 1788913994 
SQL: COMMIT
ERROR:  could not serialize access due to read/write dependencies among transactions
DETAIL:  Reason code: Canceled on commit attempt with conflict in from prepared pivot.
HINT:  The transaction might succeed if retried.


1788914019 2622055 TRADE_RESULT giving up after 10 retries 2622055 1788914019 
SQL: SELECT * FROM TradeResultFrame5($1, $2, $3, $4, $5, $6)
ERROR:  could not serialize access due to read/write dependencies among transactions
DETAIL:  Reason code: Canceled on conflict out to pivot 265254951, during read.
HINT:  The transaction might succeed if retried.
CONTEXT:  SQL statement "UPDATE broker
SET b_comm_total = b_comm_total + $1
  , b_num_trades = b_num_trades + 1
WHERE b_id = $2"


1788914019 2622058 TRADE_RESULT giving up after 10 retries 2622058 1788914019 
SQL: COMMIT
ERROR:  could not serialize access due to read/write dependencies among transactions
DETAIL:  Reason code: Canceled on commit attempt with conflict in from prepared pivot.
HINT:  The transaction might succeed if retried.


1788914019 2622054 TRADE_RESULT giving up after 10 retries 2622054 1788914019 
SQL: COMMIT
ERROR:  could not serialize access due to read/write dependencies among transactions
DETAIL:  Reason code: Canceled on commit attempt with conflict in from prepared pivot.
HINT:  The transaction might succeed if retried.


1788914019 2622060 TRADE_RESULT giving up after 10 retries 2622060 1788914019 
SQL: COMMIT
ERROR:  could not serialize access due to read/write dependencies among transactions
DETAIL:  Reason code: Canceled on commit attempt with conflict in from prepared pivot.
HINT:  The transaction might succeed if retried.


1788914021 2622049 TRADE_RESULT giving up after 10 retries 2622049 1788914021 
SQL: COMMIT
ERROR:  could not serialize access due to read/write dependencies among transactions
DETAIL:  Reason code: Canceled on commit attempt with conflict in from prepared pivot.
HINT:  The transaction might succeed if retried.


1788914027 2622050 TRADE_RESULT giving up after 10 retries 2622050 1788914027 
SQL: COMMIT
ERROR:  could not serialize access due to read/write dependencies among transactions
DETAIL:  Reason code: Canceled on commit attempt with conflict in from prepared pivot.
HINT:  The transaction might succeed if retried.


1788914034 2622056 TRADE_RESULT giving up after 10 retries 2622056 1788914034 
SQL: SELECT * FROM TradeResultFrame5($1, $2, $3, $4, $5, $6)
ERROR:  could not serialize access due to read/write dependencies among transactions
DETAIL:  Reason code: Canceled on conflict out to pivot 265268486, during read.
HINT:  The transaction might succeed if retried.
CONTEXT:  SQL statement "UPDATE broker
SET b_comm_total = b_comm_total + $1
  , b_num_trades = b_num_trades + 1
WHERE b_id = $2"


1788914047 2622057 TRADE_RESULT giving up after 10 retries 2622057 1788914047 
SQL: COMMIT
ERROR:  could not serialize access due to read/write dependencies among transactions
DETAIL:  Reason code: Canceled on commit attempt with conflict in from prepared pivot.
HINT:  The transaction might succeed if retried.


1788914064 2622054 TRADE_RESULT giving up after 10 retries 2622054 1788914064 
SQL: SELECT * FROM TradeResultFrame5($1, $2, $3, $4, $5, $6)
ERROR:  could not serialize access due to read/write dependencies among transactions
DETAIL:  Reason code: Canceled on conflict out to pivot 265295226, during read.
HINT:  The transaction might succeed if retried.
CONTEXT:  SQL statement "UPDATE broker
SET b_comm_total = b_comm_total + $1
  , b_num_trades = b_num_trades + 1
WHERE b_id = $2"


1788914064 2622053 TRADE_RESULT giving up after 10 retries 2622053 1788914064 
SQL: COMMIT
ERROR:  could not serialize access due to read/write dependencies among transactions
DETAIL:  Reason code: Canceled on commit attempt with conflict in from prepared pivot.
HINT:  The transaction might succeed if retried.


1788914094 2622052 TRADE_RESULT giving up after 10 retries 2622052 1788914094 
SQL: SELECT * FROM TradeResultFrame6($1, $2, $3, $4, $5, $6, $7, $8, $9)
ERROR:  could not serialize access due to read/write dependencies among transactions
DETAIL:  Reason code: Canceled on identification as a pivot, during conflict in checking.
HINT:  The transaction might succeed if retried.
CONTEXT:  SQL statement "INSERT INTO settlement(
    se_t_id
  , se_cash_type
  , se_cash_due_date
  , se_amt)
VALUES (
    $1
  , $2
  , $3
  , $4
)"


1788914096 2622062 TRADE_RESULT giving up after 10 retries 2622062 1788914096 
SQL: COMMIT
ERROR:  could not serialize access due to read/write dependencies among transactions
DETAIL:  Reason code: Canceled on commit attempt with conflict in from prepared pivot.
HINT:  The transaction might succeed if retried.


1788914116 2622058 TRADE_RESULT giving up after 10 retries 2622058 1788914116 
SQL: SELECT * FROM TradeResultFrame5($1, $2, $3, $4, $5, $6)
ERROR:  could not serialize access due to read/write dependencies among transactions
DETAIL:  Reason code: Canceled on conflict out to pivot 265340147, during read.
HINT:  The transaction might succeed if retried.
CONTEXT:  SQL statement "UPDATE broker
SET b_comm_total = b_comm_total + $1
  , b_num_trades = b_num_trades + 1
WHERE b_id = $2"


1788914120 2622050 TRADE_RESULT giving up after 10 retries 2622050 1788914120 
SQL: COMMIT
ERROR:  could not serialize access due to read/write dependencies among transactions
DETAIL:  Reason code: Canceled on commit attempt with conflict in from prepared pivot.
HINT:  The transaction might succeed if retried.


1788914122 2622056 TRADE_RESULT giving up after 10 retries 2622056 1788914122 
SQL: COMMIT
ERROR:  could not serialize access due to read/write dependencies among transactions
DETAIL:  Reason code: Canceled on commit attempt with conflict in from prepared pivot.
HINT:  The transaction might succeed if retried.


1788914122 2622061 TRADE_RESULT giving up after 10 retries 2622061 1788914122 
SQL: COMMIT
ERROR:  could not serialize access due to read/write dependencies among transactions
DETAIL:  Reason code: Canceled on commit attempt with conflict in from prepared pivot.
HINT:  The transaction might succeed if retried.


1788914122 2622054 TRADE_RESULT giving up after 10 retries 2622054 1788914122 
SQL: COMMIT
ERROR:  could not serialize access due to read/write dependencies among transactions
DETAIL:  Reason code: Canceled on commit attempt with conflict in from prepared pivot.
HINT:  The transaction might succeed if retried.


1788914122 2622065 TRADE_RESULT giving up after 10 retries 2622065 1788914122 
SQL: COMMIT
ERROR:  could not serialize access due to read/write dependencies among transactions
DETAIL:  Reason code: Canceled on commit attempt with conflict in from prepared pivot.
HINT:  The transaction might succeed if retried.


1788914122 2622062 TRADE_RESULT giving up after 10 retries 2622062 1788914122 
SQL: COMMIT
ERROR:  could not serialize access due to read/write dependencies among transactions
DETAIL:  Reason code: Canceled on commit attempt with conflict in from prepared pivot.
HINT:  The transaction might succeed if retried.


1788914122 2622054 TRADE_RESULT giving up after 10 retries 2622054 1788914122 
SQL: SELECT * FROM TradeResultFrame5($1, $2, $3, $4, $5, $6)
ERROR:  could not serialize access due to read/write dependencies among transactions
DETAIL:  Reason code: Canceled on conflict out to pivot 265345159, during read.
HINT:  The transaction might succeed if retried.
CONTEXT:  SQL statement "UPDATE broker
SET b_comm_total = b_comm_total + $1
  , b_num_trades = b_num_trades + 1
WHERE b_id = $2"


1788914122 2622051 TRADE_RESULT giving up after 10 retries 2622051 1788914122 
SQL: COMMIT
ERROR:  could not serialize access due to read/write dependencies among transactions
DETAIL:  Reason code: Canceled on commit attempt with conflict in from prepared pivot.
HINT:  The transaction might succeed if retried.


1788914122 2622049 TRADE_RESULT giving up after 10 retries 2622049 1788914122 
SQL: SELECT * FROM TradeResultFrame5($1, $2, $3, $4, $5, $6)
ERROR:  could not serialize access due to read/write dependencies among transactions
DETAIL:  Reason code: Canceled on identification as a pivot, during conflict out checking.
HINT:  The transaction might succeed if retried.
CONTEXT:  SQL statement "UPDATE trade
SET t_comm = $1
  , t_dts = $2
  , t_st_id = $3
  , t_trade_price = $4
WHERE t_id = $5"


1788914131 2622061 TRADE_RESULT giving up after 10 retries 2622061 1788914131 
SQL: SELECT * FROM TradeResultFrame5($1, $2, $3, $4, $5, $6)
ERROR:  could not serialize access due to read/write dependencies among transactions
DETAIL:  Reason code: Canceled on conflict out to pivot 265353837, during read.
HINT:  The transaction might succeed if retried.
CONTEXT:  SQL statement "UPDATE broker
SET b_comm_total = b_comm_total + $1
  , b_num_trades = b_num_trades + 1
WHERE b_id = $2"


1788914133 2622052 TRADE_RESULT giving up after 10 retries 2622052 1788914133 
SQL: COMMIT
ERROR:  could not serialize access due to read/write dependencies among transactions
DETAIL:  Reason code: Canceled on commit attempt with conflict in from prepared pivot.
HINT:  The transaction might succeed if retried.


1788914147 2622049 TRADE_RESULT giving up after 10 retries 2622049 1788914147 
SQL: COMMIT
ERROR:  could not serialize access due to read/write dependencies among transactions
DETAIL:  Reason code: Canceled on commit attempt with conflict in from prepared pivot.
HINT:  The transaction might succeed if retried.


1788914147 2622053 TRADE_RESULT giving up after 10 retries 2622053 1788914147 
SQL: COMMIT
ERROR:  could not serialize access due to read/write dependencies among transactions
DETAIL:  Reason code: Canceled on commit attempt with conflict in from prepared pivot.
HINT:  The transaction might succeed if retried.


1788914147 2622050 TRADE_RESULT giving up after 10 retries 2622050 1788914147 
SQL: COMMIT
ERROR:  could not serialize access due to read/write dependencies among transactions
DETAIL:  Reason code: Canceled on commit attempt with conflict in from prepared pivot.
HINT:  The transaction might succeed if retried.


1788914147 2622064 TRADE_RESULT giving up after 10 retries 2622064 1788914147 
SQL: COMMIT
ERROR:  could not serialize access due to read/write dependencies among transactions
DETAIL:  Reason code: Canceled on commit attempt with conflict in from prepared pivot.
HINT:  The transaction might succeed if retried.


1788914147 2622061 TRADE_RESULT giving up after 10 retries 2622061 1788914147 
SQL: COMMIT
ERROR:  could not serialize access due to read/write dependencies among transactions
DETAIL:  Reason code: Canceled on commit attempt with conflict in from prepared pivot.
HINT:  The transaction might succeed if retried.


1788914147 2622062 TRADE_RESULT giving up after 10 retries 2622062 1788914147 
SQL: COMMIT
ERROR:  could not serialize access due to read/write dependencies among transactions
DETAIL:  Reason code: Canceled on commit attempt with conflict in from prepared pivot.
HINT:  The transaction might succeed if retried.


1788914147 2622054 TRADE_RESULT giving up after 10 retries 2622054 1788914147 
SQL: COMMIT
ERROR:  could not serialize access due to read/write dependencies among transactions
DETAIL:  Reason code: Canceled on commit attempt with conflict in from prepared pivot.
HINT:  The transaction might succeed if retried.


1788914147 2622053 TRADE_RESULT giving up after 10 retries 2622053 1788914147 
SQL: COMMIT
ERROR:  could not serialize access due to read/write dependencies among transactions
DETAIL:  Reason code: Canceled on identification as a pivot, during commit attempt.
HINT:  The transaction might succeed if retried.


1788914147 2622050 TRADE_RESULT giving up after 10 retries 2622050 1788914147 
SQL: SELECT * FROM TradeResultFrame5($1, $2, $3, $4, $5, $6)
ERROR:  could not serialize access due to read/write dependencies among transactions
DETAIL:  Reason code: Canceled on conflict out to pivot 265367615, during read.
HINT:  The transaction might succeed if retried.
CONTEXT:  SQL statement "UPDATE broker
SET b_comm_total = b_comm_total + $1
  , b_num_trades = b_num_trades + 1
WHERE b_id = $2"


1788914171 2622062 TRADE_RESULT giving up after 10 retries 2622062 1788914171 
SQL: COMMIT
ERROR:  could not serialize access due to read/write dependencies among transactions
DETAIL:  Reason code: Canceled on commit attempt with conflict in from prepared pivot.
HINT:  The transaction might succeed if retried.


1788914171 2622050 TRADE_RESULT giving up after 10 retries 2622050 1788914171 
SQL: COMMIT
ERROR:  could not serialize access due to read/write dependencies among transactions
DETAIL:  Reason code: Canceled on commit attempt with conflict in from prepared pivot.
HINT:  The transaction might succeed if retried.


1788914171 2622055 TRADE_RESULT giving up after 10 retries 2622055 1788914171 
SQL: COMMIT
ERROR:  could not serialize access due to read/write dependencies among transactions
DETAIL:  Reason code: Canceled on commit attempt with conflict in from prepared pivot.
HINT:  The transaction might succeed if retried.


1788914193 2622053 TRADE_RESULT giving up after 10 retries 2622053 1788914193 
SQL: COMMIT
ERROR:  could not serialize access due to read/write dependencies among transactions
DETAIL:  Reason code: Canceled on commit attempt with conflict in from prepared pivot.
HINT:  The transaction might succeed if retried.


1788914200 2622059 TRADE_RESULT giving up after 10 retries 2622059 1788914200 
SQL: COMMIT
ERROR:  could not serialize access due to read/write dependencies among transactions
DETAIL:  Reason code: Canceled on commit attempt with conflict in from prepared pivot.
HINT:  The transaction might succeed if retried.


1788914200 2622056 TRADE_RESULT giving up after 10 retries 2622056 1788914200 
SQL: COMMIT
ERROR:  could not serialize access due to read/write dependencies among transactions
DETAIL:  Reason code: Canceled on commit attempt with conflict in from prepared pivot.
HINT:  The transaction might succeed if retried.


1788914200 2622059 TRADE_RESULT giving up after 10 retries 2622059 1788914200 
SQL: COMMIT
ERROR:  could not serialize access due to read/write dependencies among transactions
DETAIL:  Reason code: Canceled on commit attempt with conflict in from prepared pivot.
HINT:  The transaction might succeed if retried.


1788914200 2622054 TRADE_RESULT giving up after 10 retries 2622054 1788914200 
SQL: SELECT * FROM TradeResultFrame5($1, $2, $3, $4, $5, $6)
ERROR:  could not serialize access due to read/write dependencies among transactions
DETAIL:  Reason code: Canceled on conflict out to pivot 265413966, during read.
HINT:  The transaction might succeed if retried.
CONTEXT:  SQL statement "UPDATE broker
SET b_comm_total = b_comm_total + $1
  , b_num_trades = b_num_trades + 1
WHERE b_id = $2"


1788914208 2622060 TRADE_RESULT giving up after 10 retries 2622060 1788914208 
SQL: SELECT * FROM TradeResultFrame5($1, $2, $3, $4, $5, $6)
ERROR:  could not serialize access due to read/write dependencies among transactions
DETAIL:  Reason code: Canceled on conflict out to pivot 265421643, during read.
HINT:  The transaction might succeed if retried.
CONTEXT:  SQL statement "UPDATE broker
SET b_comm_total = b_comm_total + $1
  , b_num_trades = b_num_trades + 1
WHERE b_id = $2"


1788914211 2622052 TRADE_RESULT giving up after 10 retries 2622052 1788914211 
SQL: COMMIT
ERROR:  could not serialize access due to read/write dependencies among transactions
DETAIL:  Reason code: Canceled on commit attempt with conflict in from prepared pivot.
HINT:  The transaction might succeed if retried.


1788914230 2622057 TRADE_RESULT giving up after 10 retries 2622057 1788914230 
SQL: SELECT * FROM TradeResultFrame3($1, $2, $3, $4)
ERROR:  could not serialize access due to read/write dependencies among transactions
DETAIL:  Reason code: Canceled on identification as a pivot, during write.
HINT:  The transaction might succeed if retried.
CONTEXT:  SQL statement "UPDATE trade
SET t_tax = $1
WHERE t_id = $2"


1788914245 2622061 TRADE_RESULT giving up after 10 retries 2622061 1788914245 
SQL: COMMIT
ERROR:  could not serialize access due to read/write dependencies among transactions
DETAIL:  Reason code: Canceled on commit attempt with conflict in from prepared pivot.
HINT:  The transaction might succeed if retried.


1788914245 2622050 TRADE_RESULT giving up after 10 retries 2622050 1788914245 
SQL: SELECT * FROM TradeResultFrame5($1, $2, $3, $4, $5, $6)
ERROR:  could not serialize access due to read/write dependencies among transactions
DETAIL:  Reason code: Canceled on conflict out to pivot 265453473, during read.
HINT:  The transaction might succeed if retried.
CONTEXT:  SQL statement "UPDATE broker
SET b_comm_total = b_comm_total + $1
  , b_num_trades = b_num_trades + 1
WHERE b_id = $2"


1788914245 2622064 TRADE_RESULT giving up after 10 retries 2622064 1788914245 
SQL: COMMIT
ERROR:  could not serialize access due to read/write dependencies among transactions
DETAIL:  Reason code: Canceled on commit attempt with conflict in from prepared pivot.
HINT:  The transaction might succeed if retried.


1788914245 2622060 TRADE_RESULT giving up after 10 retries 2622060 1788914245 
SQL: COMMIT
ERROR:  could not serialize access due to read/write dependencies among transactions
DETAIL:  Reason code: Canceled on commit attempt with conflict in from prepared pivot.
HINT:  The transaction might succeed if retried.


1788914245 2622058 TRADE_RESULT giving up after 10 retries 2622058 1788914245 
SQL: SELECT * FROM TradeResultFrame5($1, $2, $3, $4, $5, $6)
ERROR:  could not serialize access due to read/write dependencies among transactions
DETAIL:  Reason code: Canceled on conflict out to pivot 265453526, during read.
HINT:  The transaction might succeed if retried.
CONTEXT:  SQL statement "UPDATE broker
SET b_comm_total = b_comm_total + $1
  , b_num_trades = b_num_trades + 1
WHERE b_id = $2"


1788914245 2622050 TRADE_RESULT giving up after 10 retries 2622050 1788914245 
SQL: COMMIT
ERROR:  could not serialize access due to read/write dependencies among transactions
DETAIL:  Reason code: Canceled on commit attempt with conflict in from prepared pivot.
HINT:  The transaction might succeed if retried.


1788914247 2622054 TRADE_RESULT giving up after 10 retries 2622054 1788914247 
SQL: COMMIT
ERROR:  could not serialize access due to read/write dependencies among transactions
DETAIL:  Reason code: Canceled on commit attempt with conflict in from prepared pivot.
HINT:  The transaction might succeed if retried.


1788914258 2622064 TRADE_RESULT giving up after 10 retries 2622064 1788914258 
SQL: SELECT * FROM TradeResultFrame5($1, $2, $3, $4, $5, $6)
ERROR:  could not serialize access due to read/write dependencies among transactions
DETAIL:  Reason code: Canceled on conflict out to pivot 265464839, during read.
HINT:  The transaction might succeed if retried.
CONTEXT:  SQL statement "UPDATE broker
SET b_comm_total = b_comm_total + $1
  , b_num_trades = b_num_trades + 1
WHERE b_id = $2"


1788914275 2622053 TRADE_RESULT giving up after 10 retries 2622053 1788914275 
SQL: SELECT * FROM TradeResultFrame5($1, $2, $3, $4, $5, $6)
ERROR:  could not serialize access due to read/write dependencies among transactions
DETAIL:  Reason code: Canceled on conflict out to pivot 265479604, during read.
HINT:  The transaction might succeed if retried.
CONTEXT:  SQL statement "UPDATE broker
SET b_comm_total = b_comm_total + $1
  , b_num_trades = b_num_trades + 1
WHERE b_id = $2"


1788914278 2622061 TRADE_RESULT giving up after 10 retries 2622061 1788914278 
SQL: SELECT * FROM TradeResultFrame5($1, $2, $3, $4, $5, $6)
ERROR:  could not serialize access due to read/write dependencies among transactions
DETAIL:  Reason code: Canceled on conflict out to pivot 265482352, during read.
HINT:  The transaction might succeed if retried.
CONTEXT:  SQL statement "UPDATE broker
SET b_comm_total = b_comm_total + $1
  , b_num_trades = b_num_trades + 1
WHERE b_id = $2"


1788914278 2622059 TRADE_RESULT giving up after 10 retries 2622059 1788914278 
SQL: COMMIT
ERROR:  could not serialize access due to read/write dependencies among transactions
DETAIL:  Reason code: Canceled on commit attempt with conflict in from prepared pivot.
HINT:  The transaction might succeed if retried.


1788914278 2622051 TRADE_RESULT giving up after 10 retries 2622051 1788914278 
SQL: COMMIT
ERROR:  could not serialize access due to read/write dependencies among transactions
DETAIL:  Reason code: Canceled on commit attempt with conflict in from prepared pivot.
HINT:  The transaction might succeed if retried.


1788914317 2622060 TRADE_RESULT giving up after 10 retries 2622060 1788914317 
SQL: SELECT * FROM TradeResultFrame4($1, $2, $3, $4)
ERROR:  could not serialize access due to read/write dependencies among transactions
DETAIL:  Reason code: Canceled on identification as a pivot, during conflict out checking.
HINT:  The transaction might succeed if retried.
CONTEXT:  SQL statement "SELECT s_ex_id
     , s_name
FROM security
WHERE s_symb = $1"


1788914515 2622058 TRADE_RESULT giving up after 10 retries 2622058 1788914515 
SQL: SELECT * FROM TradeResultFrame3($1, $2, $3, $4)
ERROR:  could not serialize access due to read/write dependencies among transactions
DETAIL:  Reason code: Canceled on identification as a pivot, during write.
HINT:  The transaction might succeed if retried.
CONTEXT:  SQL statement "UPDATE trade
SET t_tax = $1
WHERE t_id = $2"


1788914556 2622055 TRADE_RESULT giving up after 10 retries 2622055 1788914556 
SQL: COMMIT
ERROR:  could not serialize access due to read/write dependencies among transactions
DETAIL:  Reason code: Canceled on identification as a pivot, during commit attempt.
HINT:  The transaction might succeed if retried.


1788914558 2622057 TRADE_RESULT giving up after 10 retries 2622057 1788914558 
SQL: SELECT * FROM TradeResultFrame5($1, $2, $3, $4, $5, $6)
ERROR:  could not serialize access due to read/write dependencies among transactions
DETAIL:  Reason code: Canceled on identification as a pivot, during conflict out checking.
HINT:  The transaction might succeed if retried.
CONTEXT:  SQL statement "UPDATE broker
SET b_comm_total = b_comm_total + $1
  , b_num_trades = b_num_trades + 1
WHERE b_id = $2"


1788914595 2622059 TRADE_RESULT giving up after 10 retries 2622059 1788914595 
SQL: SELECT * FROM TradeResultFrame3($1, $2, $3, $4)
ERROR:  could not serialize access due to read/write dependencies among transactions
DETAIL:  Reason code: Canceled on identification as a pivot, during write.
HINT:  The transaction might succeed if retried.
CONTEXT:  SQL statement "UPDATE trade
SET t_tax = $1
WHERE t_id = $2"


1788914678 2622049 TRADE_RESULT giving up after 10 retries 2622049 1788914678 
SQL: SELECT * FROM TradeResultFrame3($1, $2, $3, $4)
ERROR:  could not serialize access due to read/write dependencies among transactions
DETAIL:  Reason code: Canceled on identification as a pivot, during write.
HINT:  The transaction might succeed if retried.
CONTEXT:  SQL statement "UPDATE trade
SET t_tax = $1
WHERE t_id = $2"


1788914722 2622059 TRADE_RESULT giving up after 10 retries 2622059 1788914722 
SQL: SELECT * FROM TradeResultFrame4($1, $2, $3, $4)
ERROR:  could not serialize access due to read/write dependencies among transactions
DETAIL:  Reason code: Canceled on identification as a pivot, during conflict out checking.
HINT:  The transaction might succeed if retried.
CONTEXT:  SQL statement "SELECT s_ex_id
     , s_name
FROM security
WHERE s_symb = $1"


1788914764 2622054 TRADE_RESULT giving up after 10 retries 2622054 1788914764 
SQL: SELECT * FROM TradeResultFrame6($1, $2, $3, $4, $5, $6, $7, $8, $9)
ERROR:  could not serialize access due to read/write dependencies among transactions
DETAIL:  Reason code: Canceled on identification as a pivot, during conflict in checking.
HINT:  The transaction might succeed if retried.
CONTEXT:  SQL statement "INSERT INTO settlement(
    se_t_id
  , se_cash_type
  , se_cash_due_date
  , se_amt)
VALUES (
    $1
  , $2
  , $3
  , $4
)"


1788914831 2622056 TRADE_RESULT giving up after 10 retries 2622056 1788914831 
SQL: SELECT * FROM TradeResultFrame6($1, $2, $3, $4, $5, $6, $7, $8, $9)
ERROR:  could not serialize access due to read/write dependencies among transactions
DETAIL:  Reason code: Canceled on identification as a pivot, during conflict in checking.
HINT:  The transaction might succeed if retried.
CONTEXT:  SQL statement "INSERT INTO settlement(
    se_t_id
  , se_cash_type
  , se_cash_due_date
  , se_amt)
VALUES (
    $1
  , $2
  , $3
  , $4
)"


1788914831 2622065 TRADE_RESULT giving up after 10 retries 2622065 1788914831 
SQL: SELECT * FROM TradeResultFrame3($1, $2, $3, $4)
ERROR:  could not serialize access due to read/write dependencies among transactions
DETAIL:  Reason code: Canceled on identification as a pivot, during write.
HINT:  The transaction might succeed if retried.
CONTEXT:  SQL statement "UPDATE trade
SET t_tax = $1
WHERE t_id = $2"


1788914927 2622053 TRADE_RESULT giving up after 10 retries 2622053 1788914927 
SQL: SELECT * FROM TradeResultFrame3($1, $2, $3, $4)
ERROR:  could not serialize access due to read/write dependencies among transactions
DETAIL:  Reason code: Canceled on identification as a pivot, during write.
HINT:  The transaction might succeed if retried.
CONTEXT:  SQL statement "UPDATE trade
SET t_tax = $1
WHERE t_id = $2"


1788914944 2622051 TRADE_RESULT giving up after 10 retries 2622051 1788914944 
SQL: COMMIT
ERROR:  could not serialize access due to read/write dependencies among transactions
DETAIL:  Reason code: Canceled on identification as a pivot, during commit attempt.
HINT:  The transaction might succeed if retried.


1788915078 2622057 TRADE_RESULT giving up after 10 retries 