ctime,relid,schemaname,relname,seq_scan,seq_tup_read,idx_scan,idx_tup_fetch,n_tup_ins,n_tup_upd,n_tup_del,n_tup_hot_upd,n_tup_newpage_upd
1788995798.872418,2188149,public,holding_history,0,0,0,0,0,0,0,0,0
1788995798.872418,2188343,public,news_item,0,0,0,0,0,0,0,0,0
1788995798.872418,2188122,public,customer_account,0,0,0,0,0,0,0,0,0
1788995798.872418,2188111,public,customer,0,0,0,0,0,0,0,0,0
1788995798.872418,2188162,public,watch_item,0,0,0,0,0,0,0,0,0
1788995798.872418,2188262,public,trade_type,0,0,0,0,0,0,0,0,0
1788995798.872418,2188167,public,watch_list,0,0,0,0,0,0,0,0,0
1788995798.872418,2188249,public,trade_request,0,0,0,0,0,0,0,0,0
1788995798.872418,2188198,public,commission_rate,0,0,0,0,0,0,0,0,0
1788995798.872418,2188243,public,trade_history,0,0,0,0,0,0,0,0,0
1788995798.872418,2188210,public,settlement,0,0,0,0,0,0,0,0,0
1788995798.872418,2188269,public,company,0,0,0,0,0,0,0,0,0
1788995798.872418,2188172,public,broker,0,0,0,0,0,0,0,0,0
1788995798.872418,2188307,public,financial,0,0,0,0,0,0,0,0,0
1788995798.872418,2188103,public,account_permission,0,0,0,0,0,0,0,0,0
1788995798.872418,2188156,public,holding_summary,0,0,0,0,0,0,0,0,0
1788995798.872418,2188390,public,status_type,0,0,0,0,0,0,0,0,0
1788995798.872418,2188395,public,taxrate,0,0,0,0,0,0,0,0,0
1788995798.872418,2188287,public,daily_market,0,0,0,0,0,0,0,0,0
1788995798.872418,2188190,public,charge,0,0,0,0,0,0,0,0,0
1788995798.872418,2188298,public,exchange,0,0,0,0,0,0,0,0,0
1788995798.872418,2188327,public,industry,0,0,0,0,0,0,0,0,0
1788995798.872418,2188281,public,company_competitor,0,0,0,0,0,0,0,0,0
1788995798.872418,2188364,public,security,0,0,0,0,0,0,0,0,0
1788995798.872418,2188354,public,news_xref,0,0,0,0,0,0,0,0,0
1788995798.872418,2188402,public,zip_code,0,0,0,0,0,0,0,0,0
1788995798.872418,2188219,public,trade,0,0,0,0,0,0,0,0,0
1788995798.872418,2188385,public,address,0,0,0,0,0,0,0,0,0
1788995798.872418,2188137,public,holding,0,0,0,0,0,0,0,0,0
1788995798.872418,2188333,public,last_trade,0,0,0,0,0,0,0,0,0
1788995798.872418,2188182,public,cash_transaction,0,0,0,0,0,0,0,0,0
1788995798.872418,2188359,public,sector,0,0,0,0,0,0,0,0,0
1788995798.872418,2188132,public,customer_taxrate,0,0,0,0,0,0,0,0,0
1788995858.945650,2188149,public,holding_history,0,0,0,0,0,0,0,0,0
1788995858.945650,2188343,public,news_item,0,0,0,0,0,0,0,0,0
1788995858.945650,2188122,public,customer_account,0,0,0,0,0,0,0,0,0
1788995858.945650,2188111,public,customer,0,0,0,0,0,0,0,0,0
1788995858.945650,2188162,public,watch_item,0,0,0,0,0,0,0,0,0
1788995858.945650,2188262,public,trade_type,0,0,0,0,0,0,0,0,0
1788995858.945650,2188167,public,watch_list,0,0,0,0,0,0,0,0,0
1788995858.945650,2188249,public,trade_request,0,0,0,0,0,0,0,0,0
1788995858.945650,2188198,public,commission_rate,0,0,0,0,0,0,0,0,0
1788995858.945650,2188243,public,trade_history,0,0,0,0,0,0,0,0,0
1788995858.945650,2188210,public,settlement,0,0,0,0,0,0,0,0,0
1788995858.945650,2188269,public,company,0,0,0,0,0,0,0,0,0
1788995858.945650,2188172,public,broker,0,0,0,0,0,0,0,0,0
1788995858.945650,2188307,public,financial,0,0,0,0,0,0,0,0,0
1788995858.945650,2188103,public,account_permission,0,0,0,0,0,0,0,0,0
1788995858.945650,2188156,public,holding_summary,0,0,0,0,0,0,0,0,0
1788995858.945650,2188390,public,status_type,0,0,0,0,0,0,0,0,0
1788995858.945650,2188395,public,taxrate,0,0,0,0,0,0,0,0,0
1788995858.945650,2188287,public,daily_market,0,0,0,0,0,0,0,0,0
1788995858.945650,2188190,public,charge,0,0,0,0,0,0,0,0,0
1788995858.945650,2188298,public,exchange,0,0,0,0,0,0,0,0,0
1788995858.945650,2188327,public,industry,0,0,0,0,0,0,0,0,0
1788995858.945650,2188281,public,company_competitor,0,0,0,0,0,0,0,0,0
1788995858.945650,2188364,public,security,0,0,0,0,0,0,0,0,0
1788995858.945650,2188354,public,news_xref,0,0,0,0,0,0,0,0,0
1788995858.945650,2188402,public,zip_code,0,0,0,0,0,0,0,0,0
1788995858.945650,2188219,public,trade,0,0,0,0,0,0,0,0,0
1788995858.945650,2188385,public,address,0,0,0,0,0,0,0,0,0
1788995858.945650,2188137,public,holding,0,0,0,0,0,0,0,0,0
1788995858.945650,2188333,public,last_trade,0,0,0,0,0,0,0,0,0
1788995858.945650,2188182,public,cash_transaction,0,0,0,0,0,0,0,0,0
1788995858.945650,2188359,public,sector,0,0,0,0,0,0,0,0,0
1788995858.945650,2188132,public,customer_taxrate,0,0,0,0,0,0,0,0,0
1788995919.021279,2188149,public,holding_history,0,0,0,0,0,0,0,0,0
1788995919.021279,2188343,public,news_item,0,0,0,0,0,0,0,0,0
1788995919.021279,2188122,public,customer_account,0,0,0,0,0,0,0,0,0
1788995919.021279,2188111,public,customer,0,0,0,0,0,0,0,0,0
1788995919.021279,2188162,public,watch_item,0,0,0,0,0,0,0,0,0
1788995919.021279,2188262,public,trade_type,0,0,0,0,0,0,0,0,0
1788995919.021279,2188167,public,watch_list,0,0,0,0,0,0,0,0,0
1788995919.021279,2188249,public,trade_request,0,0,0,0,0,0,0,0,0
1788995919.021279,2188198,public,commission_rate,0,0,0,0,0,0,0,0,0
1788995919.021279,2188243,public,trade_history,0,0,0,0,0,0,0,0,0
1788995919.021279,2188210,public,settlement,0,0,0,0,0,0,0,0,0
1788995919.021279,2188269,public,company,0,0,0,0,0,0,0,0,0
1788995919.021279,2188172,public,broker,0,0,0,0,0,0,0,0,0
1788995919.021279,2188307,public,financial,0,0,0,0,0,0,0,0,0
1788995919.021279,2188103,public,account_permission,0,0,0,0,0,0,0,0,0
1788995919.021279,2188156,public,holding_summary,0,0,0,0,0,0,0,0,0
1788995919.021279,2188390,public,status_type,0,0,0,0,0,0,0,0,0
1788995919.021279,2188395,public,taxrate,0,0,0,0,0,0,0,0,0
1788995919.021279,2188287,public,daily_market,0,0,0,0,0,0,0,0,0
1788995919.021279,2188190,public,charge,0,0,0,0,0,0,0,0,0
1788995919.021279,2188298,public,exchange,0,0,0,0,0,0,0,0,0
1788995919.021279,2188327,public,industry,0,0,0,0,0,0,0,0,0
1788995919.021279,2188281,public,company_competitor,0,0,0,0,0,0,0,0,0
1788995919.021279,2188364,public,security,0,0,0,0,0,0,0,0,0
1788995919.021279,2188354,public,news_xref,0,0,0,0,0,0,0,0,0
1788995919.021279,2188402,public,zip_code,0,0,0,0,0,0,0,0,0
1788995919.021279,2188219,public,trade,0,0,0,0,0,0,0,0,0
1788995919.021279,2188385,public,address,0,0,0,0,0,0,0,0,0
1788995919.021279,2188137,public,holding,0,0,0,0,0,0,0,0,0
1788995919.021279,2188333,public,last_trade,0,0,0,0,0,0,0,0,0
1788995919.021279,2188182,public,cash_transaction,0,0,0,0,0,0,0,0,0
1788995919.021279,2188359,public,sector,0,0,0,0,0,0,0,0,0
1788995919.021279,2188132,public,customer_taxrate,0,0,0,0,0,0,0,0,0
1788995978.125412,2188149,public,holding_history,0,0,0,0,0,0,0,0,0
1788995978.125412,2188343,public,news_item,0,0,0,0,0,0,0,0,0
1788995978.125412,2188122,public,customer_account,0,0,0,0,0,0,0,0,0
1788995978.125412,2188111,public,customer,0,0,0,0,0,0,0,0,0
1788995978.125412,2188162,public,watch_item,0,0,0,0,0,0,0,0,0
1788995978.125412,2188262,public,trade_type,0,0,0,0,0,0,0,0,0
1788995978.125412,2188167,public,watch_list,0,0,0,0,0,0,0,0,0
1788995978.125412,2188249,public,trade_request,0,0,0,0,0,0,0,0,0
1788995978.125412,2188198,public,commission_rate,0,0,0,0,0,0,0,0,0
1788995978.125412,2188243,public,trade_history,0,0,0,0,0,0,0,0,0
1788995978.125412,2188210,public,settlement,0,0,0,0,0,0,0,0,0
1788995978.125412,2188269,public,company,0,0,0,0,0,0,0,0,0
1788995978.125412,2188172,public,broker,0,0,0,0,0,0,0,0,0
1788995978.125412,2188307,public,financial,0,0,0,0,0,0,0,0,0
1788995978.125412,2188103,public,account_permission,0,0,0,0,0,0,0,0,0
1788995978.125412,2188156,public,holding_summary,0,0,0,0,0,0,0,0,0
1788995978.125412,2188390,public,status_type,0,0,0,0,0,0,0,0,0
1788995978.125412,2188395,public,taxrate,0,0,0,0,0,0,0,0,0
1788995978.125412,2188287,public,daily_market,0,0,0,0,0,0,0,0,0
1788995978.125412,2188190,public,charge,0,0,0,0,0,0,0,0,0
1788995978.125412,2188298,public,exchange,0,0,0,0,0,0,0,0,0
1788995978.125412,2188327,public,industry,0,0,0,0,0,0,0,0,0
1788995978.125412,2188281,public,company_competitor,0,0,0,0,0,0,0,0,0
1788995978.125412,2188364,public,security,0,0,0,0,0,0,0,0,0
1788995978.125412,2188354,public,news_xref,0,0,0,0,0,0,0,0,0
1788995978.125412,2188402,public,zip_code,0,0,0,0,0,0,0,0,0
1788995978.125412,2188219,public,trade,0,0,0,0,0,0,0,0,0
1788995978.125412,2188385,public,address,0,0,0,0,0,0,0,0,0
1788995978.125412,2188137,public,holding,0,0,0,0,0,0,0,0,0
1788995978.125412,2188333,public,last_trade,0,0,0,0,0,0,0,0,0
1788995978.125412,2188182,public,cash_transaction,0,0,0,0,0,0,0,0,0
1788995978.125412,2188359,public,sector,0,0,0,0,0,0,0,0,0
1788995978.125412,2188132,public,customer_taxrate,0,0,0,0,0,0,0,0,0
1788996038.212771,2188149,public,holding_history,0,0,0,0,0,0,0,0,0
1788996038.212771,2188343,public,news_item,0,0,0,0,0,0,0,0,0
1788996038.212771,2188122,public,customer_account,0,0,0,0,0,0,0,0,0
1788996038.212771,2188111,public,customer,0,0,0,0,0,0,0,0,0
1788996038.212771,2188162,public,watch_item,0,0,0,0,0,0,0,0,0
1788996038.212771,2188262,public,trade_type,0,0,0,0,0,0,0,0,0
1788996038.212771,2188167,public,watch_list,0,0,0,0,0,0,0,0,0
1788996038.212771,2188249,public,trade_request,0,0,0,0,0,0,0,0,0
1788996038.212771,2188198,public,commission_rate,0,0,0,0,0,0,0,0,0
1788996038.212771,2188243,public,trade_history,0,0,0,0,0,0,0,0,0
1788996038.212771,2188210,public,settlement,0,0,0,0,0,0,0,0,0
1788996038.212771,2188269,public,company,0,0,0,0,0,0,0,0,0
1788996038.212771,2188172,public,broker,0,0,0,0,0,0,0,0,0
1788996038.212771,2188307,public,financial,0,0,0,0,0,0,0,0,0
1788996038.212771,2188103,public,account_permission,0,0,0,0,0,0,0,0,0
1788996038.212771,2188156,public,holding_summary,0,0,0,0,0,0,0,0,0
1788996038.212771,2188390,public,status_type,0,0,0,0,0,0,0,0,0
1788996038.212771,2188395,public,taxrate,0,0,0,0,0,0,0,0,0
1788996038.212771,2188287,public,daily_market,0,0,0,0,0,0,0,0,0
1788996038.212771,2188190,public,charge,0,0,0,0,0,0,0,0,0
1788996038.212771,2188298,public,exchange,0,0,0,0,0,0,0,0,0
1788996038.212771,2188327,public,industry,0,0,0,0,0,0,0,0,0
1788996038.212771,2188281,public,company_competitor,0,0,0,0,0,0,0,0,0
1788996038.212771,2188364,public,security,0,0,0,0,0,0,0,0,0
1788996038.212771,2188354,public,news_xref,0,0,0,0,0,0,0,0,0
1788996038.212771,2188402,public,zip_code,0,0,0,0,0,0,0,0,0
1788996038.212771,2188219,public,trade,0,0,0,0,0,0,0,0,0
1788996038.212771,2188385,public,address,0,0,0,0,0,0,0,0,0
1788996038.212771,2188137,public,holding,0,0,0,0,0,0,0,0,0
1788996038.212771,2188333,public,last_trade,0,0,0,0,0,0,0,0,0
1788996038.212771,2188182,public,cash_transaction,0,0,0,0,0,0,0,0,0
1788996038.212771,2188359,public,sector,0,0,0,0,0,0,0,0,0
1788996038.212771,2188132,public,customer_taxrate,0,0,0,0,0,0,0,0,0
1788996098.300577,2188149,public,holding_history,0,0,0,0,0,0,0,0,0
1788996098.300577,2188343,public,news_item,0,0,0,0,0,0,0,0,0
1788996098.300577,2188122,public,customer_account,0,0,0,0,0,0,0,0,0
1788996098.300577,2188111,public,customer,0,0,0,0,0,0,0,0,0
1788996098.300577,2188162,public,watch_item,0,0,0,0,0,0,0,0,0
1788996098.300577,2188262,public,trade_type,0,0,0,0,0,0,0,0,0
1788996098.300577,2188167,public,watch_list,0,0,0,0,0,0,0,0,0
1788996098.300577,2188249,public,trade_request,0,0,0,0,0,0,0,0,0
1788996098.300577,2188198,public,commission_rate,0,0,0,0,0,0,0,0,0
1788996098.300577,2188243,public,trade_history,0,0,0,0,0,0,0,0,0
1788996098.300577,2188210,public,settlement,0,0,0,0,0,0,0,0,0
1788996098.300577,2188269,public,company,0,0,0,0,0,0,0,0,0
1788996098.300577,2188172,public,broker,0,0,0,0,0,0,0,0,0
1788996098.300577,2188307,public,financial,0,0,0,0,0,0,0,0,0
1788996098.300577,2188103,public,account_permission,0,0,0,0,0,0,0,0,0
1788996098.300577,2188156,public,holding_summary,0,0,0,0,0,0,0,0,0
1788996098.300577,2188390,public,status_type,0,0,0,0,0,0,0,0,0
1788996098.300577,2188395,public,taxrate,0,0,0,0,0,0,0,0,0
1788996098.300577,2188287,public,daily_market,0,0,0,0,0,0,0,0,0
1788996098.300577,2188190,public,charge,0,0,0,0,0,0,0,0,0
1788996098.300577,2188298,public,exchange,0,0,0,0,0,0,0,0,0
1788996098.300577,2188327,public,industry,0,0,0,0,0,0,0,0,0
1788996098.300577,2188281,public,company_competitor,0,0,0,0,0,0,0,0,0
1788996098.300577,2188364,public,security,0,0,0,0,0,0,0,0,0
1788996098.300577,2188354,public,news_xref,0,0,0,0,0,0,0,0,0
1788996098.300577,2188402,public,zip_code,0,0,0,0,0,0,0,0,0
1788996098.300577,2188219,public,trade,0,0,0,0,0,0,0,0,0
1788996098.300577,2188385,public,address,0,0,0,0,0,0,0,0,0
1788996098.300577,2188137,public,holding,0,0,0,0,0,0,0,0,0
1788996098.300577,2188333,public,last_trade,0,0,0,0,0,0,0,0,0
1788996098.300577,2188182,public,cash_transaction,0,0,0,0,0,0,0,0,0
1788996098.300577,2188359,public,sector,0,0,0,0,0,0,0,0,0
1788996098.300577,2188132,public,customer_taxrate,0,0,0,0,0,0,0,0,0
1788996158.409650,2188149,public,holding_history,0,0,0,0,0,0,0,0,0
1788996158.409650,2188343,public,news_item,0,0,0,0,0,0,0,0,0
1788996158.409650,2188122,public,customer_account,0,0,0,0,0,0,0,0,0
1788996158.409650,2188111,public,customer,0,0,0,0,0,0,0,0,0
1788996158.409650,2188162,public,watch_item,0,0,0,0,0,0,0,0,0
1788996158.409650,2188262,public,trade_type,0,0,0,0,0,0,0,0,0
1788996158.409650,2188167,public,watch_list,0,0,0,0,0,0,0,0,0
1788996158.409650,2188249,public,trade_request,0,0,0,0,0,0,0,0,0
1788996158.409650,2188198,public,commission_rate,0,0,0,0,0,0,0,0,0
1788996158.409650,2188243,public,trade_history,0,0,0,0,0,0,0,0,0
1788996158.409650,2188210,public,settlement,0,0,0,0,0,0,0,0,0
1788996158.409650,2188269,public,company,0,0,0,0,0,0,0,0,0
1788996158.409650,2188172,public,broker,0,0,0,0,0,0,0,0,0
1788996158.409650,2188307,public,financial,0,0,0,0,0,0,0,0,0
1788996158.409650,2188103,public,account_permission,0,0,0,0,0,0,0,0,0
1788996158.409650,2188156,public,holding_summary,0,0,0,0,0,0,0,0,0
1788996158.409650,2188390,public,status_type,0,0,0,0,0,0,0,0,0
1788996158.409650,2188395,public,taxrate,0,0,0,0,0,0,0,0,0
1788996158.409650,2188287,public,daily_market,0,0,0,0,0,0,0,0,0
1788996158.409650,2188190,public,charge,0,0,0,0,0,0,0,0,0
1788996158.409650,2188298,public,exchange,0,0,0,0,0,0,0,0,0
1788996158.409650,2188327,public,industry,0,0,0,0,0,0,0,0,0
1788996158.409650,2188281,public,company_competitor,0,0,0,0,0,0,0,0,0
1788996158.409650,2188364,public,security,0,0,0,0,0,0,0,0,0
1788996158.409650,2188354,public,news_xref,0,0,0,0,0,0,0,0,0
1788996158.409650,2188402,public,zip_code,0,0,0,0,0,0,0,0,0
1788996158.409650,2188219,public,trade,0,0,0,0,0,0,0,0,0
1788996158.409650,2188385,public,address,0,0,0,0,0,0,0,0,0
1788996158.409650,2188137,public,holding,0,0,0,0,0,0,0,0,0
1788996158.409650,2188333,public,last_trade,0,0,0,0,0,0,0,0,0
1788996158.409650,2188182,public,cash_transaction,0,0,0,0,0,0,0,0,0
1788996158.409650,2188359,public,sector,0,0,0,0,0,0,0,0,0
1788996158.409650,2188132,public,customer_taxrate,0,0,0,0,0,0,0,0,0
1788996218.522058,2188149,public,holding_history,0,0,0,0,0,0,0,0,0
1788996218.522058,2188343,public,news_item,0,0,0,0,0,0,0,0,0
1788996218.522058,2188122,public,customer_account,0,0,0,0,0,0,0,0,0
1788996218.522058,2188111,public,customer,0,0,0,0,0,0,0,0,0
1788996218.522058,2188162,public,watch_item,0,0,0,0,0,0,0,0,0
1788996218.522058,2188262,public,trade_type,0,0,0,0,0,0,0,0,0
1788996218.522058,2188167,public,watch_list,0,0,0,0,0,0,0,0,0
1788996218.522058,2188249,public,trade_request,0,0,0,0,0,0,0,0,0
1788996218.522058,2188198,public,commission_rate,0,0,0,0,0,0,0,0,0
1788996218.522058,2188243,public,trade_history,0,0,0,0,0,0,0,0,0
1788996218.522058,2188210,public,settlement,0,0,0,0,0,0,0,0,0
1788996218.522058,2188269,public,company,0,0,0,0,0,0,0,0,0
1788996218.522058,2188172,public,broker,0,0,0,0,0,0,0,0,0
1788996218.522058,2188307,public,financial,0,0,0,0,0,0,0,0,0
1788996218.522058,2188103,public,account_permission,0,0,0,0,0,0,0,0,0
1788996218.522058,2188156,public,holding_summary,0,0,0,0,0,0,0,0,0
1788996218.522058,2188390,public,status_type,0,0,0,0,0,0,0,0,0
1788996218.522058,2188395,public,taxrate,0,0,0,0,0,0,0,0,0
1788996218.522058,2188287,public,daily_market,0,0,0,0,0,0,0,0,0
1788996218.522058,2188190,public,charge,0,0,0,0,0,0,0,0,0
1788996218.522058,2188298,public,exchange,0,0,0,0,0,0,0,0,0
1788996218.522058,2188327,public,industry,0,0,0,0,0,0,0,0,0
1788996218.522058,2188281,public,company_competitor,0,0,0,0,0,0,0,0,0
1788996218.522058,2188364,public,security,0,0,0,0,0,0,0,0,0
1788996218.522058,2188354,public,news_xref,0,0,0,0,0,0,0,0,0
1788996218.522058,2188402,public,zip_code,0,0,0,0,0,0,0,0,0
1788996218.522058,2188219,public,trade,0,0,0,0,0,0,0,0,0
1788996218.522058,2188385,public,address,0,0,0,0,0,0,0,0,0
1788996218.522058,2188137,public,holding,0,0,0,0,0,0,0,0,0
1788996218.522058,2188333,public,last_trade,0,0,0,0,0,0,0,0,0
1788996218.522058,2188182,public,cash_transaction,0,0,0,0,0,0,0,0,0
1788996218.522058,2188359,public,sector,0,0,0,0,0,0,0,0,0
1788996218.522058,2188132,public,customer_taxrate,0,0,0,0,0,0,0,0,0
1788996278.619319,2188149,public,holding_history,0,0,0,0,0,0,0,0,0
1788996278.619319,2188343,public,news_item,0,0,0,0,0,0,0,0,0
1788996278.619319,2188122,public,customer_account,0,0,0,0,0,0,0,0,0
1788996278.619319,2188111,public,customer,0,0,0,0,0,0,0,0,0
1788996278.619319,2188162,public,watch_item,0,0,0,0,0,0,0,0,0
1788996278.619319,2188262,public,trade_type,0,0,0,0,0,0,0,0,0
1788996278.619319,2188167,public,watch_list,0,0,0,0,0,0,0,0,0
1788996278.619319,2188249,public,trade_request,0,0,0,0,0,0,0,0,0
1788996278.619319,2188198,public,commission_rate,0,0,0,0,0,0,0,0,0
1788996278.619319,2188243,public,trade_history,0,0,0,0,0,0,0,0,0
1788996278.619319,2188210,public,settlement,0,0,0,0,0,0,0,0,0
1788996278.619319,2188269,public,company,0,0,0,0,0,0,0,0,0
1788996278.619319,2188172,public,broker,0,0,0,0,0,0,0,0,0
1788996278.619319,2188307,public,financial,0,0,0,0,0,0,0,0,0
1788996278.619319,2188103,public,account_permission,0,0,0,0,0,0,0,0,0
1788996278.619319,2188156,public,holding_summary,0,0,0,0,0,0,0,0,0
1788996278.619319,2188390,public,status_type,0,0,0,0,0,0,0,0,0
1788996278.619319,2188395,public,taxrate,0,0,0,0,0,0,0,0,0
1788996278.619319,2188287,public,daily_market,0,0,0,0,0,0,0,0,0
1788996278.619319,2188190,public,charge,0,0,0,0,0,0,0,0,0
1788996278.619319,2188298,public,exchange,0,0,0,0,0,0,0,0,0
1788996278.619319,2188327,public,industry,0,0,0,0,0,0,0,0,0
1788996278.619319,2188281,public,company_competitor,0,0,0,0,0,0,0,0,0
1788996278.619319,2188364,public,security,0,0,0,0,0,0,0,0,0
1788996278.619319,2188354,public,news_xref,0,0,0,0,0,0,0,0,0
1788996278.619319,2188402,public,zip_code,0,0,0,0,0,0,0,0,0
1788996278.619319,2188219,public,trade,0,0,0,0,0,0,0,0,0
1788996278.619319,2188385,public,address,0,0,0,0,0,0,0,0,0
1788996278.619319,2188137,public,holding,0,0,0,0,0,0,0,0,0
1788996278.619319,2188333,public,last_trade,0,0,0,0,0,0,0,0,0
1788996278.619319,2188182,public,cash_transaction,0,0,0,0,0,0,0,0,0
1788996278.619319,2188359,public,sector,0,0,0,0,0,0,0,0,0
1788996278.619319,2188132,public,customer_taxrate,0,0,0,0,0,0,0,0,0
1788996338.715937,2188149,public,holding_history,0,0,0,0,0,0,0,0,0
1788996338.715937,2188343,public,news_item,0,0,0,0,0,0,0,0,0
1788996338.715937,2188122,public,customer_account,0,0,0,0,0,0,0,0,0
1788996338.715937,2188111,public,customer,0,0,0,0,0,0,0,0,0
1788996338.715937,2188162,public,watch_item,0,0,0,0,0,0,0,0,0
1788996338.715937,2188262,public,trade_type,0,0,0,0,0,0,0,0,0
1788996338.715937,2188167,public,watch_list,0,0,0,0,0,0,0,0,0
1788996338.715937,2188249,public,trade_request,0,0,0,0,0,0,0,0,0
1788996338.715937,2188198,public,commission_rate,0,0,0,0,0,0,0,0,0
1788996338.715937,2188243,public,trade_history,0,0,0,0,0,0,0,0,0
1788996338.715937,2188210,public,settlement,0,0,0,0,0,0,0,0,0
1788996338.715937,2188269,public,company,0,0,0,0,0,0,0,0,0
1788996338.715937,2188172,public,broker,0,0,0,0,0,0,0,0,0
1788996338.715937,2188307,public,financial,0,0,0,0,0,0,0,0,0
1788996338.715937,2188103,public,account_permission,0,0,0,0,0,0,0,0,0
1788996338.715937,2188156,public,holding_summary,0,0,0,0,0,0,0,0,0
1788996338.715937,2188390,public,status_type,0,0,0,0,0,0,0,0,0
1788996338.715937,2188395,public,taxrate,0,0,0,0,0,0,0,0,0
1788996338.715937,2188287,public,daily_market,0,0,0,0,0,0,0,0,0
1788996338.715937,2188190,public,charge,0,0,0,0,0,0,0,0,0
1788996338.715937,2188298,public,exchange,0,0,0,0,0,0,0,0,0
1788996338.715937,2188327,public,industry,0,0,0,0,0,0,0,0,0
1788996338.715937,2188281,public,company_competitor,0,0,0,0,0,0,0,0,0
1788996338.715937,2188364,public,security,0,0,0,0,0,0,0,0,0
1788996338.715937,2188354,public,news_xref,0,0,0,0,0,0,0,0,0
1788996338.715937,2188402,public,zip_code,0,0,0,0,0,0,0,0,0
1788996338.715937,2188219,public,trade,0,0,0,0,0,0,0,0,0
1788996338.715937,2188385,public,address,0,0,0,0,0,0,0,0,0
1788996338.715937,2188137,public,holding,0,0,0,0,0,0,0,0,0
1788996338.715937,2188333,public,last_trade,0,0,0,0,0,0,0,0,0
1788996338.715937,2188182,public,cash_transaction,0,0,0,0,0,0,0,0,0
1788996338.715937,2188359,public,sector,0,0,0,0,0,0,0,0,0
1788996338.715937,2188132,public,customer_taxrate,0,0,0,0,0,0,0,0,0
1788996398.812624,2188149,public,holding_history,0,0,0,0,0,0,0,0,0
1788996398.812624,2188343,public,news_item,0,0,0,0,0,0,0,0,0
1788996398.812624,2188122,public,customer_account,0,0,0,0,0,0,0,0,0
1788996398.812624,2188111,public,customer,0,0,0,0,0,0,0,0,0
1788996398.812624,2188162,public,watch_item,0,0,0,0,0,0,0,0,0
1788996398.812624,2188262,public,trade_type,0,0,0,0,0,0,0,0,0
1788996398.812624,2188167,public,watch_list,0,0,0,0,0,0,0,0,0
1788996398.812624,2188249,public,trade_request,0,0,0,0,0,0,0,0,0
1788996398.812624,2188198,public,commission_rate,0,0,0,0,0,0,0,0,0
1788996398.812624,2188243,public,trade_history,0,0,0,0,0,0,0,0,0
1788996398.812624,2188210,public,settlement,0,0,0,0,0,0,0,0,0
1788996398.812624,2188269,public,company,0,0,0,0,0,0,0,0,0
1788996398.812624,2188172,public,broker,0,0,0,0,0,0,0,0,0
1788996398.812624,2188307,public,financial,0,0,0,0,0,0,0,0,0
1788996398.812624,2188103,public,account_permission,0,0,0,0,0,0,0,0,0
1788996398.812624,2188156,public,holding_summary,0,0,0,0,0,0,0,0,0
1788996398.812624,2188390,public,status_type,0,0,0,0,0,0,0,0,0
1788996398.812624,2188395,public,taxrate,0,0,0,0,0,0,0,0,0
1788996398.812624,2188287,public,daily_market,0,0,0,0,0,0,0,0,0
1788996398.812624,2188190,public,charge,0,0,0,0,0,0,0,0,0
1788996398.812624,2188298,public,exchange,0,0,0,0,0,0,0,0,0
1788996398.812624,2188327,public,industry,0,0,0,0,0,0,0,0,0
1788996398.812624,2188281,public,company_competitor,0,0,0,0,0,0,0,0,0
1788996398.812624,2188364,public,security,0,0,0,0,0,0,0,0,0
1788996398.812624,2188354,public,news_xref,0,0,0,0,0,0,0,0,0
1788996398.812624,2188402,public,zip_code,0,0,0,0,0,0,0,0,0
1788996398.812624,2188219,public,trade,0,0,0,0,0,0,0,0,0
1788996398.812624,2188385,public,address,0,0,0,0,0,0,0,0,0
1788996398.812624,2188137,public,holding,0,0,0,0,0,0,0,0,0
1788996398.812624,2188333,public,last_trade,0,0,0,0,0,0,0,0,0
1788996398.812624,2188182,public,cash_transaction,0,0,0,0,0,0,0,0,0
1788996398.812624,2188359,public,sector,0,0,0,0,0,0,0,0,0
1788996398.812624,2188132,public,customer_taxrate,0,0,0,0,0,0,0,0,0
1788996458.921234,2188149,public,holding_history,0,0,0,0,0,0,0,0,0
1788996458.921234,2188343,public,news_item,0,0,0,0,0,0,0,0,0
1788996458.921234,2188122,public,customer_account,0,0,0,0,0,0,0,0,0
1788996458.921234,2188111,public,customer,0,0,0,0,0,0,0,0,0
1788996458.921234,2188162,public,watch_item,0,0,0,0,0,0,0,0,0
1788996458.921234,2188262,public,trade_type,0,0,0,0,0,0,0,0,0
1788996458.921234,2188167,public,watch_list,0,0,0,0,0,0,0,0,0
1788996458.921234,2188249,public,trade_request,0,0,0,0,0,0,0,0,0
1788996458.921234,2188198,public,commission_rate,0,0,0,0,0,0,0,0,0
1788996458.921234,2188243,public,trade_history,0,0,0,0,0,0,0,0,0
1788996458.921234,2188210,public,settlement,0,0,0,0,0,0,0,0,0
1788996458.921234,2188269,public,company,0,0,0,0,0,0,0,0,0
1788996458.921234,2188172,public,broker,0,0,0,0,0,0,0,0,0
1788996458.921234,2188307,public,financial,0,0,0,0,0,0,0,0,0
1788996458.921234,2188103,public,account_permission,0,0,0,0,0,0,0,0,0
1788996458.921234,2188156,public,holding_summary,0,0,0,0,0,0,0,0,0
1788996458.921234,2188390,public,status_type,0,0,0,0,0,0,0,0,0
1788996458.921234,2188395,public,taxrate,0,0,0,0,0,0,0,0,0
1788996458.921234,2188287,public,daily_market,0,0,0,0,0,0,0,0,0
1788996458.921234,2188190,public,charge,0,0,0,0,0,0,0,0,0
1788996458.921234,2188298,public,exchange,0,0,0,0,0,0,0,0,0
1788996458.921234,2188327,public,industry,0,0,0,0,0,0,0,0,0
1788996458.921234,2188281,public,company_competitor,0,0,0,0,0,0,0,0,0
1788996458.921234,2188364,public,security,0,0,0,0,0,0,0,0,0
1788996458.921234,2188354,public,news_xref,0,0,0,0,0,0,0,0,0
1788996458.921234,2188402,public,zip_code,0,0,0,0,0,0,0,0,0
1788996458.921234,2188219,public,trade,0,0,0,0,0,0,0,0,0
1788996458.921234,2188385,public,address,0,0,0,0,0,0,0,0,0
1788996458.921234,2188137,public,holding,0,0,0,0,0,0,0,0,0
1788996458.921234,2188333,public,last_trade,0,0,0,0,0,0,0,0,0
1788996458.921234,2188182,public,cash_transaction,0,0,0,0,0,0,0,0,0
1788996458.921234,2188359,public,sector,0,0,0,0,0,0,0,0,0
1788996458.921234,2188132,public,customer_taxrate,0,0,0,0,0,0,0,0,0
1788996519.998525,2188149,public,holding_history,0,0,0,0,0,0,0,0,0
1788996519.998525,2188343,public,news_item,0,0,0,0,0,0,0,0,0
1788996519.998525,2188122,public,customer_account,0,0,0,0,0,0,0,0,0
1788996519.998525,2188111,public,customer,0,0,0,0,0,0,0,0,0
1788996519.998525,2188162,public,watch_item,0,0,0,0,0,0,0,0,0
1788996519.998525,2188262,public,trade_type,0,0,0,0,0,0,0,0,0
1788996519.998525,2188167,public,watch_list,0,0,0,0,0,0,0,0,0
1788996519.998525,2188249,public,trade_request,0,0,0,0,0,0,0,0,0
1788996519.998525,2188198,public,commission_rate,0,0,0,0,0,0,0,0,0
1788996519.998525,2188243,public,trade_history,0,0,0,0,0,0,0,0,0
1788996519.998525,2188210,public,settlement,0,0,0,0,0,0,0,0,0
1788996519.998525,2188269,public,company,0,0,0,0,0,0,0,0,0
1788996519.998525,2188172,public,broker,0,0,0,0,0,0,0,0,0
1788996519.998525,2188307,public,financial,0,0,0,0,0,0,0,0,0
1788996519.998525,2188103,public,account_permission,0,0,0,0,0,0,0,0,0
1788996519.998525,2188156,public,holding_summary,0,0,0,0,0,0,0,0,0
1788996519.998525,2188390,public,status_type,0,0,0,0,0,0,0,0,0
1788996519.998525,2188395,public,taxrate,0,0,0,0,0,0,0,0,0
1788996519.998525,2188287,public,daily_market,0,0,0,0,0,0,0,0,0
1788996519.998525,2188190,public,charge,0,0,0,0,0,0,0,0,0
1788996519.998525,2188298,public,exchange,0,0,0,0,0,0,0,0,0
1788996519.998525,2188327,public,industry,0,0,0,0,0,0,0,0,0
1788996519.998525,2188281,public,company_competitor,0,0,0,0,0,0,0,0,0
1788996519.998525,2188364,public,security,0,0,0,0,0,0,0,0,0
1788996519.998525,2188354,public,news_xref,0,0,0,0,0,0,0,0,0
1788996519.998525,2188402,public,zip_code,0,0,0,0,0,0,0,0,0
1788996519.998525,2188219,public,trade,0,0,0,0,0,0,0,0,0
1788996519.998525,2188385,public,address,0,0,0,0,0,0,0,0,0
1788996519.998525,2188137,public,holding,0,0,0,0,0,0,0,0,0
1788996519.998525,2188333,public,last_trade,0,0,0,0,0,0,0,0,0
1788996519.998525,2188182,public,cash_transaction,0,0,0,0,0,0,0,0,0
1788996519.998525,2188359,public,sector,0,0,0,0,0,0,0,0,0
1788996519.998525,2188132,public,customer_taxrate,0,0,0,0,0,0,0,0,0
1788996579.134574,2188149,public,holding_history,0,0,0,0,0,0,0,0,0
1788996579.134574,2188343,public,news_item,0,0,0,0,0,0,0,0,0
1788996579.134574,2188122,public,customer_account,0,0,0,0,0,0,0,0,0
1788996579.134574,2188111,public,customer,0,0,0,0,0,0,0,0,0
1788996579.134574,2188162,public,watch_item,0,0,0,0,0,0,0,0,0
1788996579.134574,2188262,public,trade_type,0,0,0,0,0,0,0,0,0
1788996579.134574,2188167,public,watch_list,0,0,0,0,0,0,0,0,0
1788996579.134574,2188249,public,trade_request,0,0,0,0,0,0,0,0,0
1788996579.134574,2188198,public,commission_rate,0,0,0,0,0,0,0,0,0
1788996579.134574,2188243,public,trade_history,0,0,0,0,0,0,0,0,0
1788996579.134574,2188210,public,settlement,0,0,0,0,0,0,0,0,0
1788996579.134574,2188269,public,company,0,0,0,0,0,0,0,0,0
1788996579.134574,2188172,public,broker,0,0,0,0,0,0,0,0,0
1788996579.134574,2188307,public,financial,0,0,0,0,0,0,0,0,0
1788996579.134574,2188103,public,account_permission,0,0,0,0,0,0,0,0,0
1788996579.134574,2188156,public,holding_summary,0,0,0,0,0,0,0,0,0
1788996579.134574,2188390,public,status_type,0,0,0,0,0,0,0,0,0
1788996579.134574,2188395,public,taxrate,0,0,0,0,0,0,0,0,0
1788996579.134574,2188287,public,daily_market,0,0,0,0,0,0,0,0,0
1788996579.134574,2188190,public,charge,0,0,0,0,0,0,0,0,0
1788996579.134574,2188298,public,exchange,0,0,0,0,0,0,0,0,0
1788996579.134574,2188327,public,industry,0,0,0,0,0,0,0,0,0
1788996579.134574,2188281,public,company_competitor,0,0,0,0,0,0,0,0,0
1788996579.134574,2188364,public,security,0,0,0,0,0,0,0,0,0
1788996579.134574,2188354,public,news_xref,0,0,0,0,0,0,0,0,0
1788996579.134574,2188402,public,zip_code,0,0,0,0,0,0,0,0,0
1788996579.134574,2188219,public,trade,0,0,0,0,0,0,0,0,0
1788996579.134574,2188385,public,address,0,0,0,0,0,0,0,0,0
1788996579.134574,2188137,public,holding,0,0,0,0,0,0,0,0,0
1788996579.134574,2188333,public,last_trade,0,0,0,0,0,0,0,0,0
1788996579.134574,2188182,public,cash_transaction,0,0,0,0,0,0,0,0,0
1788996579.134574,2188359,public,sector,0,0,0,0,0,0,0,0,0
1788996579.134574,2188132,public,customer_taxrate,0,0,0,0,0,0,0,0,0
1788996639.250118,2188149,public,holding_history,0,0,0,0,0,0,0,0,0
1788996639.250118,2188343,public,news_item,0,0,0,0,0,0,0,0,0
1788996639.250118,2188122,public,customer_account,0,0,0,0,0,0,0,0,0
1788996639.250118,2188111,public,customer,0,0,0,0,0,0,0,0,0
1788996639.250118,2188162,public,watch_item,0,0,0,0,0,0,0,0,0
1788996639.250118,2188262,public,trade_type,0,0,0,0,0,0,0,0,0
1788996639.250118,2188167,public,watch_list,0,0,0,0,0,0,0,0,0
1788996639.250118,2188249,public,trade_request,0,0,0,0,0,0,0,0,0
1788996639.250118,2188198,public,commission_rate,0,0,0,0,0,0,0,0,0
1788996639.250118,2188243,public,trade_history,0,0,0,0,0,0,0,0,0
1788996639.250118,2188210,public,settlement,0,0,0,0,0,0,0,0,0
1788996639.250118,2188269,public,company,0,0,0,0,0,0,0,0,0
1788996639.250118,2188172,public,broker,0,0,0,0,0,0,0,0,0
1788996639.250118,2188307,public,financial,0,0,0,0,0,0,0,0,0
1788996639.250118,2188103,public,account_permission,0,0,0,0,0,0,0,0,0
1788996639.250118,2188156,public,holding_summary,0,0,0,0,0,0,0,0,0
1788996639.250118,2188390,public,status_type,0,0,0,0,0,0,0,0,0
1788996639.250118,2188395,public,taxrate,0,0,0,0,0,0,0,0,0
1788996639.250118,2188287,public,daily_market,0,0,0,0,0,0,0,0,0
1788996639.250118,2188190,public,charge,0,0,0,0,0,0,0,0,0
1788996639.250118,2188298,public,exchange,0,0,0,0,0,0,0,0,0
1788996639.250118,2188327,public,industry,0,0,0,0,0,0,0,0,0
1788996639.250118,2188281,public,company_competitor,0,0,0,0,0,0,0,0,0
1788996639.250118,2188364,public,security,0,0,0,0,0,0,0,0,0
1788996639.250118,2188354,public,news_xref,0,0,0,0,0,0,0,0,0
1788996639.250118,2188402,public,zip_code,0,0,0,0,0,0,0,0,0
1788996639.250118,2188219,public,trade,0,0,0,0,0,0,0,0,0
1788996639.250118,2188385,public,address,0,0,0,0,0,0,0,0,0
1788996639.250118,2188137,public,holding,0,0,0,0,0,0,0,0,0
1788996639.250118,2188333,public,last_trade,0,0,0,0,0,0,0,0,0
1788996639.250118,2188182,public,cash_transaction,0,0,0,0,0,0,0,0,0
1788996639.250118,2188359,public,sector,0,0,0,0,0,0,0,0,0
1788996639.250118,2188132,public,customer_taxrate,0,0,0,0,0,0,0,0,0
1788996699.341015,2188149,public,holding_history,0,0,0,0,0,0,0,0,0
1788996699.341015,2188343,public,news_item,0,0,0,0,0,0,0,0,0
1788996699.341015,2188122,public,customer_account,0,0,0,0,0,0,0,0,0
1788996699.341015,2188111,public,customer,0,0,0,0,0,0,0,0,0
1788996699.341015,2188162,public,watch_item,0,0,0,0,0,0,0,0,0
1788996699.341015,2188262,public,trade_type,0,0,0,0,0,0,0,0,0
1788996699.341015,2188167,public,watch_list,0,0,0,0,0,0,0,0,0
1788996699.341015,2188249,public,trade_request,0,0,0,0,0,0,0,0,0
1788996699.341015,2188198,public,commission_rate,0,0,0,0,0,0,0,0,0
1788996699.341015,2188243,public,trade_history,0,0,0,0,0,0,0,0,0
1788996699.341015,2188210,public,settlement,0,0,0,0,0,0,0,0,0
1788996699.341015,2188269,public,company,0,0,0,0,0,0,0,0,0
1788996699.341015,2188172,public,broker,0,0,0,0,0,0,0,0,0
1788996699.341015,2188307,public,financial,0,0,0,0,0,0,0,0,0
1788996699.341015,2188103,public,account_permission,0,0,0,0,0,0,0,0,0
1788996699.341015,2188156,public,holding_summary,0,0,0,0,0,0,0,0,0
1788996699.341015,2188390,public,status_type,0,0,0,0,0,0,0,0,0
1788996699.341015,2188395,public,taxrate,0,0,0,0,0,0,0,0,0
1788996699.341015,2188287,public,daily_market,0,0,0,0,0,0,0,0,0
1788996699.341015,2188190,public,charge,0,0,0,0,0,0,0,0,0
1788996699.341015,2188298,public,exchange,0,0,0,0,0,0,0,0,0
1788996699.341015,2188327,public,industry,0,0,0,0,0,0,0,0,0
1788996699.341015,2188281,public,company_competitor,0,0,0,0,0,0,0,0,0
1788996699.341015,2188364,public,security,0,0,0,0,0,0,0,0,0
1788996699.341015,2188354,public,news_xref,0,0,0,0,0,0,0,0,0
1788996699.341015,2188402,public,zip_code,0,0,0,0,0,0,0,0,0
1788996699.341015,2188219,public,trade,0,0,0,0,0,0,0,0,0
1788996699.341015,2188385,public,address,0,0,0,0,0,0,0,0,0
1788996699.341015,2188137,public,holding,0,0,0,0,0,0,0,0,0
1788996699.341015,2188333,public,last_trade,0,0,0,0,0,0,0,0,0
1788996699.341015,2188182,public,cash_transaction,0,0,0,0,0,0,0,0,0
1788996699.341015,2188359,public,sector,0,0,0,0,0,0,0,0,0
1788996699.341015,2188132,public,customer_taxrate,0,0,0,0,0,0,0,0,0
1788996761.872383,2188149,public,holding_history,0,0,0,0,0,0,0,0,0
1788996761.872383,2188343,public,news_item,0,0,0,0,0,0,0,0,0
1788996761.872383,2188122,public,customer_account,0,0,0,0,0,0,0,0,0
1788996761.872383,2188111,public,customer,0,0,0,0,0,0,0,0,0
1788996761.872383,2188162,public,watch_item,0,0,0,0,0,0,0,0,0
1788996761.872383,2188262,public,trade_type,0,0,0,0,0,0,0,0,0
1788996761.872383,2188167,public,watch_list,0,0,0,0,0,0,0,0,0
1788996761.872383,2188249,public,trade_request,0,0,0,0,0,0,0,0,0
1788996761.872383,2188198,public,commission_rate,0,0,0,0,0,0,0,0,0
1788996761.872383,2188243,public,trade_history,0,0,0,0,0,0,0,0,0
1788996761.872383,2188210,public,settlement,0,0,0,0,0,0,0,0,0
1788996761.872383,2188269,public,company,0,0,0,0,0,0,0,0,0
1788996761.872383,2188172,public,broker,0,0,0,0,0,0,0,0,0
1788996761.872383,2188307,public,financial,0,0,0,0,0,0,0,0,0
1788996761.872383,2188103,public,account_permission,0,0,0,0,0,0,0,0,0
1788996761.872383,2188156,public,holding_summary,0,0,0,0,0,0,0,0,0
1788996761.872383,2188390,public,status_type,0,0,0,0,0,0,0,0,0
1788996761.872383,2188395,public,taxrate,0,0,0,0,0,0,0,0,0
1788996761.872383,2188287,public,daily_market,0,0,0,0,0,0,0,0,0
1788996761.872383,2188190,public,charge,0,0,0,0,0,0,0,0,0
1788996761.872383,2188298,public,exchange,0,0,0,0,0,0,0,0,0
1788996761.872383,2188327,public,industry,0,0,0,0,0,0,0,0,0
1788996761.872383,2188281,public,company_competitor,0,0,0,0,0,0,0,0,0
1788996761.872383,2188364,public,security,0,0,0,0,0,0,0,0,0
1788996761.872383,2188354,public,news_xref,0,0,0,0,0,0,0,0,0
1788996761.872383,2188402,public,zip_code,0,0,0,0,0,0,0,0,0
1788996761.872383,2188219,public,trade,0,0,0,0,0,0,0,0,0
1788996761.872383,2188385,public,address,0,0,0,0,0,0,0,0,0
1788996761.872383,2188137,public,holding,0,0,0,0,0,0,0,0,0
1788996761.872383,2188333,public,last_trade,0,0,0,0,0,0,0,0,0
1788996761.872383,2188182,public,cash_transaction,0,0,0,0,0,0,0,0,0
1788996761.872383,2188359,public,sector,0,0,0,0,0,0,0,0,0
1788996761.872383,2188132,public,customer_taxrate,0,0,0,0,0,0,0,0,0
1788996820.004652,2188149,public,holding_history,0,0,0,0,0,0,0,0,0
1788996820.004652,2188343,public,news_item,0,0,0,0,0,0,0,0,0
1788996820.004652,2188122,public,customer_account,0,0,0,0,0,0,0,0,0
1788996820.004652,2188111,public,customer,0,0,0,0,0,0,0,0,0
1788996820.004652,2188162,public,watch_item,0,0,0,0,0,0,0,0,0
1788996820.004652,2188262,public,trade_type,0,0,0,0,0,0,0,0,0
1788996820.004652,2188167,public,watch_list,0,0,0,0,0,0,0,0,0
1788996820.004652,2188249,public,trade_request,0,0,0,0,0,0,0,0,0
1788996820.004652,2188198,public,commission_rate,0,0,0,0,0,0,0,0,0
1788996820.004652,2188243,public,trade_history,0,0,0,0,0,0,0,0,0
1788996820.004652,2188210,public,settlement,0,0,0,0,0,0,0,0,0
1788996820.004652,2188269,public,company,0,0,0,0,0,0,0,0,0
1788996820.004652,2188172,public,broker,0,0,0,0,0,0,0,0,0
1788996820.004652,2188307,public,financial,0,0,0,0,0,0,0,0,0
1788996820.004652,2188103,public,account_permission,0,0,0,0,0,0,0,0,0
1788996820.004652,2188156,public,holding_summary,0,0,0,0,0,0,0,0,0
1788996820.004652,2188390,public,status_type,0,0,0,0,0,0,0,0,0
1788996820.004652,2188395,public,taxrate,0,0,0,0,0,0,0,0,0
1788996820.004652,2188287,public,daily_market,0,0,0,0,0,0,0,0,0
1788996820.004652,2188190,public,charge,0,0,0,0,0,0,0,0,0
1788996820.004652,2188298,public,exchange,0,0,0,0,0,0,0,0,0
1788996820.004652,2188327,public,industry,0,0,0,0,0,0,0,0,0
1788996820.004652,2188281,public,company_competitor,0,0,0,0,0,0,0,0,0
1788996820.004652,2188364,public,security,0,0,0,0,0,0,0,0,0
1788996820.004652,2188354,public,news_xref,0,0,0,0,0,0,0,0,0
1788996820.004652,2188402,public,zip_code,0,0,0,0,0,0,0,0,0
1788996820.004652,2188219,public,trade,0,0,0,0,0,0,0,0,0
1788996820.004652,2188385,public,address,0,0,0,0,0,0,0,0,0
1788996820.004652,2188137,public,holding,0,0,0,0,0,0,0,0,0
1788996820.004652,2188333,public,last_trade,0,0,0,0,0,0,0,0,0
1788996820.004652,2188182,public,cash_transaction,0,0,0,0,0,0,0,0,0
1788996820.004652,2188359,public,sector,0,0,0,0,0,0,0,0,0
1788996820.004652,2188132,public,customer_taxrate,0,0,0,0,0,0,0,0,0
1788996879.125135,2188149,public,holding_history,0,0,0,0,0,0,0,0,0
1788996879.125135,2188343,public,news_item,0,0,0,0,0,0,0,0,0
1788996879.125135,2188122,public,customer_account,0,0,0,0,0,0,0,0,0
1788996879.125135,2188111,public,customer,0,0,0,0,0,0,0,0,0
1788996879.125135,2188162,public,watch_item,0,0,0,0,0,0,0,0,0
1788996879.125135,2188262,public,trade_type,0,0,0,0,0,0,0,0,0
1788996879.125135,2188167,public,watch_list,0,0,0,0,0,0,0,0,0
1788996879.125135,2188249,public,trade_request,0,0,0,0,0,0,0,0,0
1788996879.125135,2188198,public,commission_rate,0,0,0,0,0,0,0,0,0
1788996879.125135,2188243,public,trade_history,0,0,0,0,0,0,0,0,0
1788996879.125135,2188210,public,settlement,0,0,0,0,0,0,0,0,0
1788996879.125135,2188269,public,company,0,0,0,0,0,0,0,0,0
1788996879.125135,2188172,public,broker,0,0,0,0,0,0,0,0,0
1788996879.125135,2188307,public,financial,0,0,0,0,0,0,0,0,0
1788996879.125135,2188103,public,account_permission,0,0,0,0,0,0,0,0,0
1788996879.125135,2188156,public,holding_summary,0,0,0,0,0,0,0,0,0
1788996879.125135,2188390,public,status_type,0,0,0,0,0,0,0,0,0
1788996879.125135,2188395,public,taxrate,0,0,0,0,0,0,0,0,0
1788996879.125135,2188287,public,daily_market,0,0,0,0,0,0,0,0,0
1788996879.125135,2188190,public,charge,0,0,0,0,0,0,0,0,0
1788996879.125135,2188298,public,exchange,0,0,0,0,0,0,0,0,0
1788996879.125135,2188327,public,industry,0,0,0,0,0,0,0,0,0
1788996879.125135,2188281,public,company_competitor,0,0,0,0,0,0,0,0,0
1788996879.125135,2188364,public,security,0,0,0,0,0,0,0,0,0
1788996879.125135,2188354,public,news_xref,0,0,0,0,0,0,0,0,0
1788996879.125135,2188402,public,zip_code,0,0,0,0,0,0,0,0,0
1788996879.125135,2188219,public,trade,0,0,0,0,0,0,0,0,0
1788996879.125135,2188385,public,address,0,0,0,0,0,0,0,0,0
1788996879.125135,2188137,public,holding,0,0,0,0,0,0,0,0,0
1788996879.125135,2188333,public,last_trade,0,0,0,0,0,0,0,0,0
1788996879.125135,2188182,public,cash_transaction,0,0,0,0,0,0,0,0,0
1788996879.125135,2188359,public,sector,0,0,0,0,0,0,0,0,0
1788996879.125135,2188132,public,customer_taxrate,0,0,0,0,0,0,0,0,0
1788996939.205875,2188149,public,holding_history,0,0,0,0,0,0,0,0,0
1788996939.205875,2188343,public,news_item,0,0,0,0,0,0,0,0,0
1788996939.205875,2188122,public,customer_account,0,0,0,0,0,0,0,0,0
1788996939.205875,2188111,public,customer,0,0,0,0,0,0,0,0,0
1788996939.205875,2188162,public,watch_item,0,0,0,0,0,0,0,0,0
1788996939.205875,2188262,public,trade_type,0,0,0,0,0,0,0,0,0
1788996939.205875,2188167,public,watch_list,0,0,0,0,0,0,0,0,0
1788996939.205875,2188249,public,trade_request,0,0,0,0,0,0,0,0,0
1788996939.205875,2188198,public,commission_rate,0,0,0,0,0,0,0,0,0
1788996939.205875,2188243,public,trade_history,0,0,0,0,0,0,0,0,0
1788996939.205875,2188210,public,settlement,0,0,0,0,0,0,0,0,0
1788996939.205875,2188269,public,company,0,0,0,0,0,0,0,0,0
1788996939.205875,2188172,public,broker,0,0,0,0,0,0,0,0,0
1788996939.205875,2188307,public,financial,0,0,0,0,0,0,0,0,0
1788996939.205875,2188103,public,account_permission,0,0,0,0,0,0,0,0,0
1788996939.205875,2188156,public,holding_summary,0,0,0,0,0,0,0,0,0
1788996939.205875,2188390,public,status_type,0,0,0,0,0,0,0,0,0
1788996939.205875,2188395,public,taxrate,0,0,0,0,0,0,0,0,0
1788996939.205875,2188287,public,daily_market,0,0,0,0,0,0,0,0,0
1788996939.205875,2188190,public,charge,0,0,0,0,0,0,0,0,0
1788996939.205875,2188298,public,exchange,0,0,0,0,0,0,0,0,0
1788996939.205875,2188327,public,industry,0,0,0,0,0,0,0,0,0
1788996939.205875,2188281,public,company_competitor,0,0,0,0,0,0,0,0,0
1788996939.205875,2188364,public,security,0,0,0,0,0,0,0,0,0
1788996939.205875,2188354,public,news_xref,0,0,0,0,0,0,0,0,0
1788996939.205875,2188402,public,zip_code,0,0,0,0,0,0,0,0,0
1788996939.205875,2188219,public,trade,0,0,0,0,0,0,0,0,0
1788996939.205875,2188385,public,address,0,0,0,0,0,0,0,0,0
1788996939.205875,2188137,public,holding,0,0,0,0,0,0,0,0,0
1788996939.205875,2188333,public,last_trade,0,0,0,0,0,0,0,0,0
1788996939.205875,2188182,public,cash_transaction,0,0,0,0,0,0,0,0,0
1788996939.205875,2188359,public,sector,0,0,0,0,0,0,0,0,0
1788996939.205875,2188132,public,customer_taxrate,0,0,0,0,0,0,0,0,0
1788996999.318793,2188149,public,holding_history,0,0,0,0,0,0,0,0,0
1788996999.318793,2188343,public,news_item,0,0,0,0,0,0,0,0,0
1788996999.318793,2188122,public,customer_account,0,0,0,0,0,0,0,0,0
1788996999.318793,2188111,public,customer,0,0,0,0,0,0,0,0,0
1788996999.318793,2188162,public,watch_item,0,0,0,0,0,0,0,0,0
1788996999.318793,2188262,public,trade_type,0,0,0,0,0,0,0,0,0
1788996999.318793,2188167,public,watch_list,0,0,0,0,0,0,0,0,0
1788996999.318793,2188249,public,trade_request,0,0,0,0,0,0,0,0,0
1788996999.318793,2188198,public,commission_rate,0,0,0,0,0,0,0,0,0
1788996999.318793,2188243,public,trade_history,0,0,0,0,0,0,0,0,0
1788996999.318793,2188210,public,settlement,0,0,0,0,0,0,0,0,0
1788996999.318793,2188269,public,company,0,0,0,0,0,0,0,0,0
1788996999.318793,2188172,public,broker,0,0,0,0,0,0,0,0,0
1788996999.318793,2188307,public,financial,0,0,0,0,0,0,0,0,0
1788996999.318793,2188103,public,account_permission,0,0,0,0,0,0,0,0,0
1788996999.318793,2188156,public,holding_summary,0,0,0,0,0,0,0,0,0
1788996999.318793,2188390,public,status_type,0,0,0,0,0,0,0,0,0
1788996999.318793,2188395,public,taxrate,0,0,0,0,0,0,0,0,0
1788996999.318793,2188287,public,daily_market,0,0,0,0,0,0,0,0,0
1788996999.318793,2188190,public,charge,0,0,0,0,0,0,0,0,0
1788996999.318793,2188298,public,exchange,0,0,0,0,0,0,0,0,0
1788996999.318793,2188327,public,industry,0,0,0,0,0,0,0,0,0
1788996999.318793,2188281,public,company_competitor,0,0,0,0,0,0,0,0,0
1788996999.318793,2188364,public,security,0,0,0,0,0,0,0,0,0
1788996999.318793,2188354,public,news_xref,0,0,0,0,0,0,0,0,0
1788996999.318793,2188402,public,zip_code,0,0,0,0,0,0,0,0,0
1788996999.318793,2188219,public,trade,0,0,0,0,0,0,0,0,0
1788996999.318793,2188385,public,address,0,0,0,0,0,0,0,0,0
1788996999.318793,2188137,public,holding,0,0,0,0,0,0,0,0,0
1788996999.318793,2188333,public,last_trade,0,0,0,0,0,0,0,0,0
1788996999.318793,2188182,public,cash_transaction,0,0,0,0,0,0,0,0,0
1788996999.318793,2188359,public,sector,0,0,0,0,0,0,0,0,0
1788996999.318793,2188132,public,customer_taxrate,0,0,0,0,0,0,0,0,0
1788997059.432480,2188149,public,holding_history,0,0,0,0,0,0,0,0,0
1788997059.432480,2188343,public,news_item,0,0,0,0,0,0,0,0,0
1788997059.432480,2188122,public,customer_account,0,0,0,0,0,0,0,0,0
1788997059.432480,2188111,public,customer,0,0,0,0,0,0,0,0,0
1788997059.432480,2188162,public,watch_item,0,0,0,0,0,0,0,0,0
1788997059.432480,2188262,public,trade_type,0,0,0,0,0,0,0,0,0
1788997059.432480,2188167,public,watch_list,0,0,0,0,0,0,0,0,0
1788997059.432480,2188249,public,trade_request,0,0,0,0,0,0,0,0,0
1788997059.432480,2188198,public,commission_rate,0,0,0,0,0,0,0,0,0
1788997059.432480,2188243,public,trade_history,0,0,0,0,0,0,0,0,0
1788997059.432480,2188210,public,settlement,0,0,0,0,0,0,0,0,0
1788997059.432480,2188269,public,company,0,0,0,0,0,0,0,0,0
1788997059.432480,2188172,public,broker,0,0,0,0,0,0,0,0,0
1788997059.432480,2188307,public,financial,0,0,0,0,0,0,0,0,0
1788997059.432480,2188103,public,account_permission,0,0,0,0,0,0,0,0,0
1788997059.432480,2188156,public,holding_summary,0,0,0,0,0,0,0,0,0
1788997059.432480,2188390,public,status_type,0,0,0,0,0,0,0,0,0
1788997059.432480,2188395,public,taxrate,0,0,0,0,0,0,0,0,0
1788997059.432480,2188287,public,daily_market,0,0,0,0,0,0,0,0,0
1788997059.432480,2188190,public,charge,0,0,0,0,0,0,0,0,0
1788997059.432480,2188298,public,exchange,0,0,0,0,0,0,0,0,0
1788997059.432480,2188327,public,industry,0,0,0,0,0,0,0,0,0
1788997059.432480,2188281,public,company_competitor,0,0,0,0,0,0,0,0,0
1788997059.432480,2188364,public,security,0,0,0,0,0,0,0,0,0
1788997059.432480,2188354,public,news_xref,0,0,0,0,0,0,0,0,0
1788997059.432480,2188402,public,zip_code,0,0,0,0,0,0,0,0,0
1788997059.432480,2188219,public,trade,0,0,0,0,0,0,0,0,0
1788997059.432480,2188385,public,address,0,0,0,0,0,0,0,0,0
1788997059.432480,2188137,public,holding,0,0,0,0,0,0,0,0,0
1788997059.432480,2188333,public,last_trade,0,0,0,0,0,0,0,0,0
1788997059.432480,2188182,public,cash_transaction,0,0,0,0,0,0,0,0,0
1788997059.432480,2188359,public,sector,0,0,0,0,0,0,0,0,0
1788997059.432480,2188132,public,customer_taxrate,0,0,0,0,0,0,0,0,0
1788997119.556625,2188149,public,holding_history,0,0,0,0,0,0,0,0,0
1788997119.556625,2188343,public,news_item,0,0,0,0,0,0,0,0,0
1788997119.556625,2188122,public,customer_account,0,0,0,0,0,0,0,0,0
1788997119.556625,2188111,public,customer,0,0,0,0,0,0,0,0,0
1788997119.556625,2188162,public,watch_item,0,0,0,0,0,0,0,0,0
1788997119.556625,2188262,public,trade_type,0,0,0,0,0,0,0,0,0
1788997119.556625,2188167,public,watch_list,0,0,0,0,0,0,0,0,0
1788997119.556625,2188249,public,trade_request,0,0,0,0,0,0,0,0,0
1788997119.556625,2188198,public,commission_rate,0,0,0,0,0,0,0,0,0
1788997119.556625,2188243,public,trade_history,0,0,0,0,0,0,0,0,0
1788997119.556625,2188210,public,settlement,0,0,0,0,0,0,0,0,0
1788997119.556625,2188269,public,company,0,0,0,0,0,0,0,0,0
1788997119.556625,2188172,public,broker,0,0,0,0,0,0,0,0,0
1788997119.556625,2188307,public,financial,0,0,0,0,0,0,0,0,0
1788997119.556625,2188103,public,account_permission,0,0,0,0,0,0,0,0,0
1788997119.556625,2188156,public,holding_summary,0,0,0,0,0,0,0,0,0
1788997119.556625,2188390,public,status_type,0,0,0,0,0,0,0,0,0
1788997119.556625,2188395,public,taxrate,0,0,0,0,0,0,0,0,0
1788997119.556625,2188287,public,daily_market,0,0,0,0,0,0,0,0,0
1788997119.556625,2188190,public,charge,0,0,0,0,0,0,0,0,0
1788997119.556625,2188298,public,exchange,0,0,0,0,0,0,0,0,0
1788997119.556625,2188327,public,industry,0,0,0,0,0,0,0,0,0
1788997119.556625,2188281,public,company_competitor,0,0,0,0,0,0,0,0,0
1788997119.556625,2188364,public,security,0,0,0,0,0,0,0,0,0
1788997119.556625,2188354,public,news_xref,0,0,0,0,0,0,0,0,0
1788997119.556625,2188402,public,zip_code,0,0,0,0,0,0,0,0,0
1788997119.556625,2188219,public,trade,0,0,0,0,0,0,0,0,0
1788997119.556625,2188385,public,address,0,0,0,0,0,0,0,0,0
1788997119.556625,2188137,public,holding,0,0,0,0,0,0,0,0,0
1788997119.556625,2188333,public,last_trade,0,0,0,0,0,0,0,0,0
1788997119.556625,2188182,public,cash_transaction,0,0,0,0,0,0,0,0,0
1788997119.556625,2188359,public,sector,0,0,0,0,0,0,0,0,0
1788997119.556625,2188132,public,customer_taxrate,0,0,0,0,0,0,0,0,0
1788997179.660291,2188149,public,holding_history,0,0,0,0,0,0,0,0,0
1788997179.660291,2188343,public,news_item,0,0,0,0,0,0,0,0,0
1788997179.660291,2188122,public,customer_account,0,0,0,0,0,0,0,0,0
1788997179.660291,2188111,public,customer,0,0,0,0,0,0,0,0,0
1788997179.660291,2188162,public,watch_item,0,0,0,0,0,0,0,0,0
1788997179.660291,2188262,public,trade_type,0,0,0,0,0,0,0,0,0
1788997179.660291,2188167,public,watch_list,0,0,0,0,0,0,0,0,0
1788997179.660291,2188249,public,trade_request,0,0,0,0,0,0,0,0,0
1788997179.660291,2188198,public,commission_rate,0,0,0,0,0,0,0,0,0
1788997179.660291,2188243,public,trade_history,0,0,0,0,0,0,0,0,0
1788997179.660291,2188210,public,settlement,0,0,0,0,0,0,0,0,0
1788997179.660291,2188269,public,company,0,0,0,0,0,0,0,0,0
1788997179.660291,2188172,public,broker,0,0,0,0,0,0,0,0,0
1788997179.660291,2188307,public,financial,0,0,0,0,0,0,0,0,0
1788997179.660291,2188103,public,account_permission,0,0,0,0,0,0,0,0,0
1788997179.660291,2188156,public,holding_summary,0,0,0,0,0,0,0,0,0
1788997179.660291,2188390,public,status_type,0,0,0,0,0,0,0,0,0
1788997179.660291,2188395,public,taxrate,0,0,0,0,0,0,0,0,0
1788997179.660291,2188287,public,daily_market,0,0,0,0,0,0,0,0,0
1788997179.660291,2188190,public,charge,0,0,0,0,0,0,0,0,0
1788997179.660291,2188298,public,exchange,0,0,0,0,0,0,0,0,0
1788997179.660291,2188327,public,industry,0,0,0,0,0,0,0,0,0
1788997179.660291,2188281,public,company_competitor,0,0,0,0,0,0,0,0,0
1788997179.660291,2188364,public,security,0,0,0,0,0,0,0,0,0
1788997179.660291,2188354,public,news_xref,0,0,0,0,0,0,0,0,0
1788997179.660291,2188402,public,zip_code,0,0,0,0,0,0,0,0,0
1788997179.660291,2188219,public,trade,0,0,0,0,0,0,0,0,0
1788997179.660291,2188385,public,address,0,0,0,0,0,0,0,0,0
1788997179.660291,2188137,public,holding,0,0,0,0,0,0,0,0,0
1788997179.660291,2188333,public,last_trade,0,0,0,0,0,0,0,0,0
1788997179.660291,2188182,public,cash_transaction,0,0,0,0,0,0,0,0,0
1788997179.660291,2188359,public,sector,0,0,0,0,0,0,0,0,0
1788997179.660291,2188132,public,customer_taxrate,0,0,0,0,0,0,0,0,0
1788997239.769659,2188149,public,holding_history,0,0,0,0,0,0,0,0,0
1788997239.769659,2188343,public,news_item,0,0,0,0,0,0,0,0,0
1788997239.769659,2188122,public,customer_account,0,0,0,0,0,0,0,0,0
1788997239.769659,2188111,public,customer,0,0,0,0,0,0,0,0,0
1788997239.769659,2188162,public,watch_item,0,0,0,0,0,0,0,0,0
1788997239.769659,2188262,public,trade_type,0,0,0,0,0,0,0,0,0
1788997239.769659,2188167,public,watch_list,0,0,0,0,0,0,0,0,0
1788997239.769659,2188249,public,trade_request,0,0,0,0,0,0,0,0,0
1788997239.769659,2188198,public,commission_rate,0,0,0,0,0,0,0,0,0
1788997239.769659,2188243,public,trade_history,0,0,0,0,0,0,0,0,0
1788997239.769659,2188210,public,settlement,0,0,0,0,0,0,0,0,0
1788997239.769659,2188269,public,company,0,0,0,0,0,0,0,0,0
1788997239.769659,2188172,public,broker,0,0,0,0,0,0,0,0,0
1788997239.769659,2188307,public,financial,0,0,0,0,0,0,0,0,0
1788997239.769659,2188103,public,account_permission,0,0,0,0,0,0,0,0,0
1788997239.769659,2188156,public,holding_summary,0,0,0,0,0,0,0,0,0
1788997239.769659,2188390,public,status_type,0,0,0,0,0,0,0,0,0
1788997239.769659,2188395,public,taxrate,0,0,0,0,0,0,0,0,0
1788997239.769659,2188287,public,daily_market,0,0,0,0,0,0,0,0,0
1788997239.769659,2188190,public,charge,0,0,0,0,0,0,0,0,0
1788997239.769659,2188298,public,exchange,0,0,0,0,0,0,0,0,0
1788997239.769659,2188327,public,industry,0,0,0,0,0,0,0,0,0
1788997239.769659,2188281,public,company_competitor,0,0,0,0,0,0,0,0,0
1788997239.769659,2188364,public,security,0,0,0,0,0,0,0,0,0
1788997239.769659,2188354,public,news_xref,0,0,0,0,0,0,0,0,0
1788997239.769659,2188402,public,zip_code,0,0,0,0,0,0,0,0,0
1788997239.769659,2188219,public,trade,0,0,0,0,0,0,0,0,0
1788997239.769659,2188385,public,address,0,0,0,0,0,0,0,0,0
1788997239.769659,2188137,public,holding,0,0,0,0,0,0,0,0,0
1788997239.769659,2188333,public,last_trade,0,0,0,0,0,0,0,0,0
1788997239.769659,2188182,public,cash_transaction,0,0,0,0,0,0,0,0,0
1788997239.769659,2188359,public,sector,0,0,0,0,0,0,0,0,0
1788997239.769659,2188132,public,customer_taxrate,0,0,0,0,0,0,0,0,0
1788997299.875807,2188149,public,holding_history,0,0,0,0,0,0,0,0,0
1788997299.875807,2188343,public,news_item,0,0,0,0,0,0,0,0,0
1788997299.875807,2188122,public,customer_account,0,0,0,0,0,0,0,0,0
1788997299.875807,2188111,public,customer,0,0,0,0,0,0,0,0,0
1788997299.875807,2188162,public,watch_item,0,0,0,0,0,0,0,0,0
1788997299.875807,2188262,public,trade_type,0,0,0,0,0,0,0,0,0
1788997299.875807,2188167,public,watch_list,0,0,0,0,0,0,0,0,0
1788997299.875807,2188249,public,trade_request,0,0,0,0,0,0,0,0,0
1788997299.875807,2188198,public,commission_rate,0,0,0,0,0,0,0,0,0
1788997299.875807,2188243,public,trade_history,0,0,0,0,0,0,0,0,0
1788997299.875807,2188210,public,settlement,0,0,0,0,0,0,0,0,0
1788997299.875807,2188269,public,company,0,0,0,0,0,0,0,0,0
1788997299.875807,2188172,public,broker,0,0,0,0,0,0,0,0,0
1788997299.875807,2188307,public,financial,0,0,0,0,0,0,0,0,0
1788997299.875807,2188103,public,account_permission,0,0,0,0,0,0,0,0,0
1788997299.875807,2188156,public,holding_summary,0,0,0,0,0,0,0,0,0
1788997299.875807,2188390,public,status_type,0,0,0,0,0,0,0,0,0
1788997299.875807,2188395,public,taxrate,0,0,0,0,0,0,0,0,0
1788997299.875807,2188287,public,daily_market,0,0,0,0,0,0,0,0,0
1788997299.875807,2188190,public,charge,0,0,0,0,0,0,0,0,0
1788997299.875807,2188298,public,exchange,0,0,0,0,0,0,0,0,0
1788997299.875807,2188327,public,industry,0,0,0,0,0,0,0,0,0
1788997299.875807,2188281,public,company_competitor,0,0,0,0,0,0,0,0,0
1788997299.875807,2188364,public,security,0,0,0,0,0,0,0,0,0
1788997299.875807,2188354,public,news_xref,0,0,0,0,0,0,0,0,0
1788997299.875807,2188402,public,zip_code,0,0,0,0,0,0,0,0,0
1788997299.875807,2188219,public,trade,0,0,0,0,0,0,0,0,0
1788997299.875807,2188385,public,address,0,0,0,0,0,0,0,0,0
1788997299.875807,2188137,public,holding,0,0,0,0,0,0,0,0,0
1788997299.875807,2188333,public,last_trade,0,0,0,0,0,0,0,0,0
1788997299.875807,2188182,public,cash_transaction,0,0,0,0,0,0,0,0,0
1788997299.875807,2188359,public,sector,0,0,0,0,0,0,0,0,0
1788997299.875807,2188132,public,customer_taxrate,0,0,0,0,0,0,0,0,0
1788997359.956528,2188149,public,holding_history,0,0,0,0,0,0,0,0,0
1788997359.956528,2188343,public,news_item,0,0,0,0,0,0,0,0,0
1788997359.956528,2188122,public,customer_account,0,0,0,0,0,0,0,0,0
1788997359.956528,2188111,public,customer,0,0,0,0,0,0,0,0,0
1788997359.956528,2188162,public,watch_item,0,0,0,0,0,0,0,0,0
1788997359.956528,2188262,public,trade_type,0,0,0,0,0,0,0,0,0
1788997359.956528,2188167,public,watch_list,0,0,0,0,0,0,0,0,0
1788997359.956528,2188249,public,trade_request,0,0,0,0,0,0,0,0,0
1788997359.956528,2188198,public,commission_rate,0,0,0,0,0,0,0,0,0
1788997359.956528,2188243,public,trade_history,0,0,0,0,0,0,0,0,0
1788997359.956528,2188210,public,settlement,0,0,0,0,0,0,0,0,0
1788997359.956528,2188269,public,company,0,0,0,0,0,0,0,0,0
1788997359.956528,2188172,public,broker,0,0,0,0,0,0,0,0,0
1788997359.956528,2188307,public,financial,0,0,0,0,0,0,0,0,0
1788997359.956528,2188103,public,account_permission,0,0,0,0,0,0,0,0,0
1788997359.956528,2188156,public,holding_summary,0,0,0,0,0,0,0,0,0
1788997359.956528,2188390,public,status_type,0,0,0,0,0,0,0,0,0
1788997359.956528,2188395,public,taxrate,0,0,0,0,0,0,0,0,0
1788997359.956528,2188287,public,daily_market,0,0,0,0,0,0,0,0,0
1788997359.956528,2188190,public,charge,0,0,0,0,0,0,0,0,0
1788997359.956528,2188298,public,exchange,0,0,0,0,0,0,0,0,0
1788997359.956528,2188327,public,industry,0,0,0,0,0,0,0,0,0
1788997359.956528,2188281,public,company_competitor,0,0,0,0,0,0,0,0,0
1788997359.956528,2188364,public,security,0,0,0,0,0,0,0,0,0
1788997359.956528,2188354,public,news_xref,0,0,0,0,0,0,0,0,0
1788997359.956528,2188402,public,zip_code,0,0,0,0,0,0,0,0,0
1788997359.956528,2188219,public,trade,0,0,0,0,0,0,0,0,0
1788997359.956528,2188385,public,address,0,0,0,0,0,0,0,0,0
1788997359.956528,2188137,public,holding,0,0,0,0,0,0,0,0,0
1788997359.956528,2188333,public,last_trade,0,0,0,0,0,0,0,0,0
1788997359.956528,2188182,public,cash_transaction,0,0,0,0,0,0,0,0,0
1788997359.956528,2188359,public,sector,0,0,0,0,0,0,0,0,0
1788997359.956528,2188132,public,customer_taxrate,0,0,0,0,0,0,0,0,0
1788997419.051856,2188149,public,holding_history,0,0,0,0,0,0,0,0,0
1788997419.051856,2188343,public,news_item,0,0,0,0,0,0,0,0,0
1788997419.051856,2188122,public,customer_account,0,0,0,0,0,0,0,0,0
1788997419.051856,2188111,public,customer,0,0,0,0,0,0,0,0,0
1788997419.051856,2188162,public,watch_item,0,0,0,0,0,0,0,0,0
1788997419.051856,2188262,public,trade_type,0,0,0,0,0,0,0,0,0
1788997419.051856,2188167,public,watch_list,0,0,0,0,0,0,0,0,0
1788997419.051856,2188249,public,trade_request,0,0,0,0,0,0,0,0,0
1788997419.051856,2188198,public,commission_rate,0,0,0,0,0,0,0,0,0
1788997419.051856,2188243,public,trade_history,0,0,0,0,0,0,0,0,0
1788997419.051856,2188210,public,settlement,0,0,0,0,0,0,0,0,0
1788997419.051856,2188269,public,company,0,0,0,0,0,0,0,0,0
1788997419.051856,2188172,public,broker,0,0,0,0,0,0,0,0,0
1788997419.051856,2188307,public,financial,0,0,0,0,0,0,0,0,0
1788997419.051856,2188103,public,account_permission,0,0,0,0,0,0,0,0,0
1788997419.051856,2188156,public,holding_summary,0,0,0,0,0,0,0,0,0
1788997419.051856,2188390,public,status_type,0,0,0,0,0,0,0,0,0
1788997419.051856,2188395,public,taxrate,0,0,0,0,0,0,0,0,0
1788997419.051856,2188287,public,daily_market,0,0,0,0,0,0,0,0,0
1788997419.051856,2188190,public,charge,0,0,0,0,0,0,0,0,0
1788997419.051856,2188298,public,exchange,0,0,0,0,0,0,0,0,0
1788997419.051856,2188327,public,industry,0,0,0,0,0,0,0,0,0
1788997419.051856,2188281,public,company_competitor,0,0,0,0,0,0,0,0,0
1788997419.051856,2188364,public,security,0,0,0,0,0,0,0,0,0
1788997419.051856,2188354,public,news_xref,0,0,0,0,0,0,0,0,0
1788997419.051856,2188402,public,zip_code,0,0,0,0,0,0,0,0,0
1788997419.051856,2188219,public,trade,0,0,0,0,0,0,0,0,0
1788997419.051856,2188385,public,address,0,0,0,0,0,0,0,0,0
1788997419.051856,2188137,public,holding,0,0,0,0,0,0,0,0,0
1788997419.051856,2188333,public,last_trade,0,0,0,0,0,0,0,0,0
1788997419.051856,2188182,public,cash_transaction,0,0,0,0,0,0,0,0,0
1788997419.051856,2188359,public,sector,0,0,0,0,0,0,0,0,0
1788997419.051856,2188132,public,customer_taxrate,0,0,0,0,0,0,0,0,0
1788997479.160547,2188149,public,holding_history,0,0,0,0,0,0,0,0,0
1788997479.160547,2188343,public,news_item,0,0,0,0,0,0,0,0,0
1788997479.160547,2188122,public,customer_account,0,0,0,0,0,0,0,0,0
1788997479.160547,2188111,public,customer,0,0,0,0,0,0,0,0,0
1788997479.160547,2188162,public,watch_item,0,0,0,0,0,0,0,0,0
1788997479.160547,2188262,public,trade_type,0,0,0,0,0,0,0,0,0
1788997479.160547,2188167,public,watch_list,0,0,0,0,0,0,0,0,0
1788997479.160547,2188249,public,trade_request,0,0,0,0,0,0,0,0,0
1788997479.160547,2188198,public,commission_rate,0,0,0,0,0,0,0,0,0
1788997479.160547,2188243,public,trade_history,0,0,0,0,0,0,0,0,0
1788997479.160547,2188210,public,settlement,0,0,0,0,0,0,0,0,0
1788997479.160547,2188269,public,company,0,0,0,0,0,0,0,0,0
1788997479.160547,2188172,public,broker,0,0,0,0,0,0,0,0,0
1788997479.160547,2188307,public,financial,0,0,0,0,0,0,0,0,0
1788997479.160547,2188103,public,account_permission,0,0,0,0,0,0,0,0,0
1788997479.160547,2188156,public,holding_summary,0,0,0,0,0,0,0,0,0
1788997479.160547,2188390,public,status_type,0,0,0,0,0,0,0,0,0
1788997479.160547,2188395,public,taxrate,0,0,0,0,0,0,0,0,0
1788997479.160547,2188287,public,daily_market,0,0,0,0,0,0,0,0,0
1788997479.160547,2188190,public,charge,0,0,0,0,0,0,0,0,0
1788997479.160547,2188298,public,exchange,0,0,0,0,0,0,0,0,0
1788997479.160547,2188327,public,industry,0,0,0,0,0,0,0,0,0
1788997479.160547,2188281,public,company_competitor,0,0,0,0,0,0,0,0,0
1788997479.160547,2188364,public,security,0,0,0,0,0,0,0,0,0
1788997479.160547,2188354,public,news_xref,0,0,0,0,0,0,0,0,0
1788997479.160547,2188402,public,zip_code,0,0,0,0,0,0,0,0,0
1788997479.160547,2188219,public,trade,0,0,0,0,0,0,0,0,0
1788997479.160547,2188385,public,address,0,0,0,0,0,0,0,0,0
1788997479.160547,2188137,public,holding,0,0,0,0,0,0,0,0,0
1788997479.160547,2188333,public,last_trade,0,0,0,0,0,0,0,0,0
1788997479.160547,2188182,public,cash_transaction,0,0,0,0,0,0,0,0,0
1788997479.160547,2188359,public,sector,0,0,0,0,0,0,0,0,0
1788997479.160547,2188132,public,customer_taxrate,0,0,0,0,0,0,0,0,0
1788997539.299509,2188149,public,holding_history,0,0,0,0,0,0,0,0,0
1788997539.299509,2188343,public,news_item,0,0,0,0,0,0,0,0,0
1788997539.299509,2188122,public,customer_account,0,0,0,0,0,0,0,0,0
1788997539.299509,2188111,public,customer,0,0,0,0,0,0,0,0,0
1788997539.299509,2188162,public,watch_item,0,0,0,0,0,0,0,0,0
1788997539.299509,2188262,public,trade_type,0,0,0,0,0,0,0,0,0
1788997539.299509,2188167,public,watch_list,0,0,0,0,0,0,0,0,0
1788997539.299509,2188249,public,trade_request,0,0,0,0,0,0,0,0,0
1788997539.299509,2188198,public,commission_rate,0,0,0,0,0,0,0,0,0
1788997539.299509,2188243,public,trade_history,0,0,0,0,0,0,0,0,0
1788997539.299509,2188210,public,settlement,0,0,0,0,0,0,0,0,0
1788997539.299509,2188269,public,company,0,0,0,0,0,0,0,0,0
1788997539.299509,2188172,public,broker,0,0,0,0,0,0,0,0,0
1788997539.299509,2188307,public,financial,0,0,0,0,0,0,0,0,0
1788997539.299509,2188103,public,account_permission,0,0,0,0,0,0,0,0,0
1788997539.299509,2188156,public,holding_summary,0,0,0,0,0,0,0,0,0
1788997539.299509,2188390,public,status_type,0,0,0,0,0,0,0,0,0
1788997539.299509,2188395,public,taxrate,0,0,0,0,0,0,0,0,0
1788997539.299509,2188287,public,daily_market,0,0,0,0,0,0,0,0,0
1788997539.299509,2188190,public,charge,0,0,0,0,0,0,0,0,0
1788997539.299509,2188298,public,exchange,0,0,0,0,0,0,0,0,0
1788997539.299509,2188327,public,industry,0,0,0,0,0,0,0,0,0
1788997539.299509,2188281,public,company_competitor,0,0,0,0,0,0,0,0,0
1788997539.299509,2188364,public,security,0,0,0,0,0,0,0,0,0
1788997539.299509,2188354,public,news_xref,0,0,0,0,0,0,0,0,0
1788997539.299509,2188402,public,zip_code,0,0,0,0,0,0,0,0,0
1788997539.299509,2188219,public,trade,0,0,0,0,0,0,0,0,0
1788997539.299509,2188385,public,address,0,0,0,0,0,0,0,0,0
1788997539.299509,2188137,public,holding,0,0,0,0,0,0,0,0,0
1788997539.299509,2188333,public,last_trade,0,0,0,0,0,0,0,0,0
1788997539.299509,2188182,public,cash_transaction,0,0,0,0,0,0,0,0,0
1788997539.299509,2188359,public,sector,0,0,0,0,0,0,0,0,0
1788997539.299509,2188132,public,customer_taxrate,0,0,0,0,0,0,0,0,0
1788997599.378539,2188149,public,holding_history,0,0,0,0,0,0,0,0,0
1788997599.378539,2188343,public,news_item,0,0,0,0,0,0,0,0,0
1788997599.378539,2188122,public,customer_account,0,0,0,0,0,0,0,0,0
1788997599.378539,2188111,public,customer,0,0,0,0,0,0,0,0,0
1788997599.378539,2188162,public,watch_item,0,0,0,0,0,0,0,0,0
1788997599.378539,2188262,public,trade_type,0,0,0,0,0,0,0,0,0
1788997599.378539,2188167,public,watch_list,0,0,0,0,0,0,0,0,0
1788997599.378539,2188249,public,trade_request,0,0,0,0,0,0,0,0,0
1788997599.378539,2188198,public,commission_rate,0,0,0,0,0,0,0,0,0
1788997599.378539,2188243,public,trade_history,0,0,0,0,0,0,0,0,0
1788997599.378539,2188210,public,settlement,0,0,0,0,0,0,0,0,0
1788997599.378539,2188269,public,company,0,0,0,0,0,0,0,0,0
1788997599.378539,2188172,public,broker,0,0,0,0,0,0,0,0,0
1788997599.378539,2188307,public,financial,0,0,0,0,0,0,0,0,0
1788997599.378539,2188103,public,account_permission,0,0,0,0,0,0,0,0,0
1788997599.378539,2188156,public,holding_summary,0,0,0,0,0,0,0,0,0
1788997599.378539,2188390,public,status_type,0,0,0,0,0,0,0,0,0
1788997599.378539,2188395,public,taxrate,0,0,0,0,0,0,0,0,0
1788997599.378539,2188287,public,daily_market,0,0,0,0,0,0,0,0,0
1788997599.378539,2188190,public,charge,0,0,0,0,0,0,0,0,0
1788997599.378539,2188298,public,exchange,0,0,0,0,0,0,0,0,0
1788997599.378539,2188327,public,industry,0,0,0,0,0,0,0,0,0
1788997599.378539,2188281,public,company_competitor,0,0,0,0,0,0,0,0,0
1788997599.378539,2188364,public,security,0,0,0,0,0,0,0,0,0
1788997599.378539,2188354,public,news_xref,0,0,0,0,0,0,0,0,0
1788997599.378539,2188402,public,zip_code,0,0,0,0,0,0,0,0,0
1788997599.378539,2188219,public,trade,0,0,0,0,0,0,0,0,0
1788997599.378539,2188385,public,address,0,0,0,0,0,0,0,0,0
1788997599.378539,2188137,public,holding,0,0,0,0,0,0,0,0,0
1788997599.378539,2188333,public,last_trade,0,0,0,0,0,0,0,0,0
1788997599.378539,2188182,public,cash_transaction,0,0,0,0,0,0,0,0,0
1788997599.378539,2188359,public,sector,0,0,0,0,0,0,0,0,0
1788997599.378539,2188132,public,customer_taxrate,0,0,0,0,0,0,0,0,0
1788997659.955407,2188149,public,holding_history,0,0,0,0,0,0,0,0,0
1788997659.955407,2188343,public,news_item,0,0,0,0,0,0,0,0,0
1788997659.955407,2188122,public,customer_account,0,0,0,0,0,0,0,0,0
1788997659.955407,2188111,public,customer,0,0,0,0,0,0,0,0,0
1788997659.955407,2188162,public,watch_item,0,0,0,0,0,0,0,0,0
1788997659.955407,2188262,public,trade_type,0,0,0,0,0,0,0,0,0
1788997659.955407,2188167,public,watch_list,0,0,0,0,0,0,0,0,0
1788997659.955407,2188249,public,trade_request,0,0,0,0,0,0,0,0,0
1788997659.955407,2188198,public,commission_rate,0,0,0,0,0,0,0,0,0
1788997659.955407,2188243,public,trade_history,0,0,0,0,0,0,0,0,0
1788997659.955407,2188210,public,settlement,0,0,0,0,0,0,0,0,0
1788997659.955407,2188269,public,company,0,0,0,0,0,0,0,0,0
1788997659.955407,2188172,public,broker,0,0,0,0,0,0,0,0,0
1788997659.955407,2188307,public,financial,0,0,0,0,0,0,0,0,0
1788997659.955407,2188103,public,account_permission,0,0,0,0,0,0,0,0,0
1788997659.955407,2188156,public,holding_summary,0,0,0,0,0,0,0,0,0
1788997659.955407,2188390,public,status_type,0,0,0,0,0,0,0,0,0
1788997659.955407,2188395,public,taxrate,0,0,0,0,0,0,0,0,0
1788997659.955407,2188287,public,daily_market,0,0,0,0,0,0,0,0,0
1788997659.955407,2188190,public,charge,0,0,0,0,0,0,0,0,0
1788997659.955407,2188298,public,exchange,0,0,0,0,0,0,0,0,0
1788997659.955407,2188327,public,industry,0,0,0,0,0,0,0,0,0
1788997659.955407,2188281,public,company_competitor,0,0,0,0,0,0,0,0,0
1788997659.955407,2188364,public,security,0,0,0,0,0,0,0,0,0
1788997659.955407,2188354,public,news_xref,0,0,0,0,0,0,0,0,0
1788997659.955407,2188402,public,zip_code,0,0,0,0,0,0,0,0,0
1788997659.955407,2188219,public,trade,0,0,0,0,0,0,0,0,0
1788997659.955407,2188385,public,address,0,0,0,0,0,0,0,0,0
1788997659.955407,2188137,public,holding,0,0,0,0,0,0,0,0,0
1788997659.955407,2188333,public,last_trade,0,0,0,0,0,0,0,0,0
1788997659.955407,2188182,public,cash_transaction,0,0,0,0,0,0,0,0,0
1788997659.955407,2188359,public,sector,0,0,0,0,0,0,0,0,0
1788997659.955407,2188132,public,customer_taxrate,0,0,0,0,0,0,0,0,0
1788997720.037319,2188149,public,holding_history,0,0,0,0,0,0,0,0,0
1788997720.037319,2188343,public,news_item,0,0,0,0,0,0,0,0,0
1788997720.037319,2188122,public,customer_account,0,0,0,0,0,0,0,0,0
1788997720.037319,2188111,public,customer,0,0,0,0,0,0,0,0,0
1788997720.037319,2188162,public,watch_item,0,0,0,0,0,0,0,0,0
1788997720.037319,2188262,public,trade_type,0,0,0,0,0,0,0,0,0
1788997720.037319,2188167,public,watch_list,0,0,0,0,0,0,0,0,0
1788997720.037319,2188249,public,trade_request,0,0,0,0,0,0,0,0,0
1788997720.037319,2188198,public,commission_rate,0,0,0,0,0,0,0,0,0
1788997720.037319,2188243,public,trade_history,0,0,0,0,0,0,0,0,0
1788997720.037319,2188210,public,settlement,0,0,0,0,0,0,0,0,0
1788997720.037319,2188269,public,company,0,0,0,0,0,0,0,0,0
1788997720.037319,2188172,public,broker,0,0,0,0,0,0,0,0,0
1788997720.037319,2188307,public,financial,0,0,0,0,0,0,0,0,0
1788997720.037319,2188103,public,account_permission,0,0,0,0,0,0,0,0,0
1788997720.037319,2188156,public,holding_summary,0,0,0,0,0,0,0,0,0
1788997720.037319,2188390,public,status_type,0,0,0,0,0,0,0,0,0
1788997720.037319,2188395,public,taxrate,0,0,0,0,0,0,0,0,0
1788997720.037319,2188287,public,daily_market,0,0,0,0,0,0,0,0,0
1788997720.037319,2188190,public,charge,0,0,0,0,0,0,0,0,0
1788997720.037319,2188298,public,exchange,0,0,0,0,0,0,0,0,0
1788997720.037319,2188327,public,industry,0,0,0,0,0,0,0,0,0
1788997720.037319,2188281,public,company_competitor,0,0,0,0,0,0,0,0,0
1788997720.037319,2188364,public,security,0,0,0,0,0,0,0,0,0
1788997720.037319,2188354,public,news_xref,0,0,0,0,0,0,0,0,0
1788997720.037319,2188402,public,zip_code,0,0,0,0,0,0,0,0,0
1788997720.037319,2188219,public,trade,0,0,0,0,0,0,0,0,0
1788997720.037319,2188385,public,address,0,0,0,0,0,0,0,0,0
1788997720.037319,2188137,public,holding,0,0,0,0,0,0,0,0,0
1788997720.037319,2188333,public,last_trade,0,0,0,0,0,0,0,0,0
1788997720.037319,2188182,public,cash_transaction,0,0,0,0,0,0,0,0,0
1788997720.037319,2188359,public,sector,0,0,0,0,0,0,0,0,0
1788997720.037319,2188132,public,customer_taxrate,0,0,0,0,0,0,0,0,0
1788997780.138044,2188149,public,holding_history,0,0,0,0,0,0,0,0,0
1788997780.138044,2188343,public,news_item,0,0,0,0,0,0,0,0,0
1788997780.138044,2188122,public,customer_account,0,0,0,0,0,0,0,0,0
1788997780.138044,2188111,public,customer,0,0,0,0,0,0,0,0,0
1788997780.138044,2188162,public,watch_item,0,0,0,0,0,0,0,0,0
1788997780.138044,2188262,public,trade_type,0,0,0,0,0,0,0,0,0
1788997780.138044,2188167,public,watch_list,0,0,0,0,0,0,0,0,0
1788997780.138044,2188249,public,trade_request,0,0,0,0,0,0,0,0,0
1788997780.138044,2188198,public,commission_rate,0,0,0,0,0,0,0,0,0
1788997780.138044,2188243,public,trade_history,0,0,0,0,0,0,0,0,0
1788997780.138044,2188210,public,settlement,0,0,0,0,0,0,0,0,0
1788997780.138044,2188269,public,company,0,0,0,0,0,0,0,0,0
1788997780.138044,2188172,public,broker,0,0,0,0,0,0,0,0,0
1788997780.138044,2188307,public,financial,0,0,0,0,0,0,0,0,0
1788997780.138044,2188103,public,account_permission,0,0,0,0,0,0,0,0,0
1788997780.138044,2188156,public,holding_summary,0,0,0,0,0,0,0,0,0
1788997780.138044,2188390,public,status_type,0,0,0,0,0,0,0,0,0
1788997780.138044,2188395,public,taxrate,0,0,0,0,0,0,0,0,0
1788997780.138044,2188287,public,daily_market,0,0,0,0,0,0,0,0,0
1788997780.138044,2188190,public,charge,0,0,0,0,0,0,0,0,0
1788997780.138044,2188298,public,exchange,0,0,0,0,0,0,0,0,0
1788997780.138044,2188327,public,industry,0,0,0,0,0,0,0,0,0
1788997780.138044,2188281,public,company_competitor,0,0,0,0,0,0,0,0,0
1788997780.138044,2188364,public,security,0,0,0,0,0,0,0,0,0
1788997780.138044,2188354,public,news_xref,0,0,0,0,0,0,0,0,0
1788997780.138044,2188402,public,zip_code,0,0,0,0,0,0,0,0,0
1788997780.138044,2188219,public,trade,0,0,0,0,0,0,0,0,0
1788997780.138044,2188385,public,address,0,0,0,0,0,0,0,0,0
1788997780.138044,2188137,public,holding,0,0,0,0,0,0,0,0,0
1788997780.138044,2188333,public,last_trade,0,0,0,0,0,0,0,0,0
1788997780.138044,2188182,public,cash_transaction,0,0,0,0,0,0,0,0,0
1788997780.138044,2188359,public,sector,0,0,0,0,0,0,0,0,0
1788997780.138044,2188132,public,customer_taxrate,0,0,0,0,0,0,0,0,0
1788997840.235655,2188149,public,holding_history,0,0,0,0,0,0,0,0,0
1788997840.235655,2188343,public,news_item,0,0,0,0,0,0,0,0,0
1788997840.235655,2188122,public,customer_account,0,0,0,0,0,0,0,0,0
1788997840.235655,2188111,public,customer,0,0,0,0,0,0,0,0,0
1788997840.235655,2188162,public,watch_item,0,0,0,0,0,0,0,0,0
1788997840.235655,2188262,public,trade_type,0,0,0,0,0,0,0,0,0
1788997840.235655,2188167,public,watch_list,0,0,0,0,0,0,0,0,0
1788997840.235655,2188249,public,trade_request,0,0,0,0,0,0,0,0,0
1788997840.235655,2188198,public,commission_rate,0,0,0,0,0,0,0,0,0
1788997840.235655,2188243,public,trade_history,0,0,0,0,0,0,0,0,0
1788997840.235655,2188210,public,settlement,0,0,0,0,0,0,0,0,0
1788997840.235655,2188269,public,company,0,0,0,0,0,0,0,0,0
1788997840.235655,2188172,public,broker,0,0,0,0,0,0,0,0,0
1788997840.235655,2188307,public,financial,0,0,0,0,0,0,0,0,0
1788997840.235655,2188103,public,account_permission,0,0,0,0,0,0,0,0,0
1788997840.235655,2188156,public,holding_summary,0,0,0,0,0,0,0,0,0
1788997840.235655,2188390,public,status_type,0,0,0,0,0,0,0,0,0
1788997840.235655,2188395,public,taxrate,0,0,0,0,0,0,0,0,0
1788997840.235655,2188287,public,daily_market,0,0,0,0,0,0,0,0,0
1788997840.235655,2188190,public,charge,0,0,0,0,0,0,0,0,0
1788997840.235655,2188298,public,exchange,0,0,0,0,0,0,0,0,0
1788997840.235655,2188327,public,industry,0,0,0,0,0,0,0,0,0
1788997840.235655,2188281,public,company_competitor,0,0,0,0,0,0,0,0,0
1788997840.235655,2188364,public,security,0,0,0,0,0,0,0,0,0
1788997840.235655,2188354,public,news_xref,0,0,0,0,0,0,0,0,0
1788997840.235655,2188402,public,zip_code,0,0,0,0,0,0,0,0,0
1788997840.235655,2188219,public,trade,0,0,0,0,0,0,0,0,0
1788997840.235655,2188385,public,address,0,0,0,0,0,0,0,0,0
1788997840.235655,2188137,public,holding,0,0,0,0,0,0,0,0,0
1788997840.235655,2188333,public,last_trade,0,0,0,0,0,0,0,0,0
1788997840.235655,2188182,public,cash_transaction,0,0,0,0,0,0,0,0,0
1788997840.235655,2188359,public,sector,0,0,0,0,0,0,0,0,0
1788997840.235655,2188132,public,customer_taxrate,0,0,0,0,0,0,0,0,0
1788997900.329463,2188149,public,holding_history,0,0,0,0,0,0,0,0,0
1788997900.329463,2188343,public,news_item,0,0,0,0,0,0,0,0,0
1788997900.329463,2188122,public,customer_account,0,0,0,0,0,0,0,0,0
1788997900.329463,2188111,public,customer,0,0,0,0,0,0,0,0,0
1788997900.329463,2188162,public,watch_item,0,0,0,0,0,0,0,0,0
1788997900.329463,2188262,public,trade_type,0,0,0,0,0,0,0,0,0
1788997900.329463,2188167,public,watch_list,0,0,0,0,0,0,0,0,0
1788997900.329463,2188249,public,trade_request,0,0,0,0,0,0,0,0,0
1788997900.329463,2188198,public,commission_rate,0,0,0,0,0,0,0,0,0
1788997900.329463,2188243,public,trade_history,0,0,0,0,0,0,0,0,0
1788997900.329463,2188210,public,settlement,0,0,0,0,0,0,0,0,0
1788997900.329463,2188269,public,company,0,0,0,0,0,0,0,0,0
1788997900.329463,2188172,public,broker,0,0,0,0,0,0,0,0,0
1788997900.329463,2188307,public,financial,0,0,0,0,0,0,0,0,0
1788997900.329463,2188103,public,account_permission,0,0,0,0,0,0,0,0,0
1788997900.329463,2188156,public,holding_summary,0,0,0,0,0,0,0,0,0
1788997900.329463,2188390,public,status_type,0,0,0,0,0,0,0,0,0
1788997900.329463,2188395,public,taxrate,0,0,0,0,0,0,0,0,0
1788997900.329463,2188287,public,daily_market,0,0,0,0,0,0,0,0,0
1788997900.329463,2188190,public,charge,0,0,0,0,0,0,0,0,0
1788997900.329463,2188298,public,exchange,0,0,0,0,0,0,0,0,0
1788997900.329463,2188327,public,industry,0,0,0,0,0,0,0,0,0
1788997900.329463,2188281,public,company_competitor,0,0,0,0,0,0,0,0,0
1788997900.329463,2188364,public,security,0,0,0,0,0,0,0,0,0
1788997900.329463,2188354,public,news_xref,0,0,0,0,0,0,0,0,0
1788997900.329463,2188402,public,zip_code,0,0,0,0,0,0,0,0,0
1788997900.329463,2188219,public,trade,0,0,0,0,0,0,0,0,0
1788997900.329463,2188385,public,address,0,0,0,0,0,0,0,0,0
1788997900.329463,2188137,public,holding,0,0,0,0,0,0,0,0,0
1788997900.329463,2188333,public,last_trade,0,0,0,0,0,0,0,0,0
1788997900.329463,2188182,public,cash_transaction,0,0,0,0,0,0,0,0,0
1788997900.329463,2188359,public,sector,0,0,0,0,0,0,0,0,0
1788997900.329463,2188132,public,customer_taxrate,0,0,0,0,0,0,0,0,0
1788997960.412279,2188149,public,holding_history,0,0,0,0,0,0,0,0,0
1788997960.412279,2188343,public,news_item,0,0,0,0,0,0,0,0,0
1788997960.412279,2188122,public,customer_account,0,0,0,0,0,0,0,0,0
1788997960.412279,2188111,public,customer,0,0,0,0,0,0,0,0,0
1788997960.412279,2188162,public,watch_item,0,0,0,0,0,0,0,0,0
1788997960.412279,2188262,public,trade_type,0,0,0,0,0,0,0,0,0
1788997960.412279,2188167,public,watch_list,0,0,0,0,0,0,0,0,0
1788997960.412279,2188249,public,trade_request,0,0,0,0,0,0,0,0,0
1788997960.412279,2188198,public,commission_rate,0,0,0,0,0,0,0,0,0
1788997960.412279,2188243,public,trade_history,0,0,0,0,0,0,0,0,0
1788997960.412279,2188210,public,settlement,0,0,0,0,0,0,0,0,0
1788997960.412279,2188269,public,company,0,0,0,0,0,0,0,0,0
1788997960.412279,2188172,public,broker,0,0,0,0,0,0,0,0,0
1788997960.412279,2188307,public,financial,0,0,0,0,0,0,0,0,0
1788997960.412279,2188103,public,account_permission,0,0,0,0,0,0,0,0,0
1788997960.412279,2188156,public,holding_summary,0,0,0,0,0,0,0,0,0
1788997960.412279,2188390,public,status_type,0,0,0,0,0,0,0,0,0
1788997960.412279,2188395,public,taxrate,0,0,0,0,0,0,0,0,0
1788997960.412279,2188287,public,daily_market,0,0,0,0,0,0,0,0,0
1788997960.412279,2188190,public,charge,0,0,0,0,0,0,0,0,0
1788997960.412279,2188298,public,exchange,0,0,0,0,0,0,0,0,0
1788997960.412279,2188327,public,industry,0,0,0,0,0,0,0,0,0
1788997960.412279,2188281,public,company_competitor,0,0,0,0,0,0,0,0,0
1788997960.412279,2188364,public,security,0,0,0,0,0,0,0,0,0
1788997960.412279,2188354,public,news_xref,0,0,0,0,0,0,0,0,0
1788997960.412279,2188402,public,zip_code,0,0,0,0,0,0,0,0,0
1788997960.412279,2188219,public,trade,0,0,0,0,0,0,0,0,0
1788997960.412279,2188385,public,address,0,0,0,0,0,0,0,0,0
1788997960.412279,2188137,public,holding,0,0,0,0,0,0,0,0,0
1788997960.412279,2188333,public,last_trade,0,0,0,0,0,0,0,0,0
1788997960.412279,2188182,public,cash_transaction,0,0,0,0,0,0,0,0,0
1788997960.412279,2188359,public,sector,0,0,0,0,0,0,0,0,0
1788997960.412279,2188132,public,customer_taxrate,0,0,0,0,0,0,0,0,0
1788998020.516376,2188149,public,holding_history,0,0,0,0,0,0,0,0,0
1788998020.516376,2188343,public,news_item,0,0,0,0,0,0,0,0,0
1788998020.516376,2188122,public,customer_account,0,0,0,0,0,0,0,0,0
1788998020.516376,2188111,public,customer,0,0,0,0,0,0,0,0,0
1788998020.516376,2188162,public,watch_item,0,0,0,0,0,0,0,0,0
1788998020.516376,2188262,public,trade_type,0,0,0,0,0,0,0,0,0
1788998020.516376,2188167,public,watch_list,0,0,0,0,0,0,0,0,0
1788998020.516376,2188249,public,trade_request,0,0,0,0,0,0,0,0,0
1788998020.516376,2188198,public,commission_rate,0,0,0,0,0,0,0,0,0
1788998020.516376,2188243,public,trade_history,0,0,0,0,0,0,0,0,0
1788998020.516376,2188210,public,settlement,0,0,0,0,0,0,0,0,0
1788998020.516376,2188269,public,company,0,0,0,0,0,0,0,0,0
1788998020.516376,2188172,public,broker,0,0,0,0,0,0,0,0,0
1788998020.516376,2188307,public,financial,0,0,0,0,0,0,0,0,0
1788998020.516376,2188103,public,account_permission,0,0,0,0,0,0,0,0,0
1788998020.516376,2188156,public,holding_summary,0,0,0,0,0,0,0,0,0
1788998020.516376,2188390,public,status_type,0,0,0,0,0,0,0,0,0
1788998020.516376,2188395,public,taxrate,0,0,0,0,0,0,0,0,0
1788998020.516376,2188287,public,daily_market,0,0,0,0,0,0,0,0,0
1788998020.516376,2188190,public,charge,0,0,0,0,0,0,0,0,0
1788998020.516376,2188298,public,exchange,0,0,0,0,0,0,0,0,0
1788998020.516376,2188327,public,industry,0,0,0,0,0,0,0,0,0
1788998020.516376,2188281,public,company_competitor,0,0,0,0,0,0,0,0,0
1788998020.516376,2188364,public,security,0,0,0,0,0,0,0,0,0
1788998020.516376,2188354,public,news_xref,0,0,0,0,0,0,0,0,0
1788998020.516376,2188402,public,zip_code,0,0,0,0,0,0,0,0,0
1788998020.516376,2188219,public,trade,0,0,0,0,0,0,0,0,0
1788998020.516376,2188385,public,address,0,0,0,0,0,0,0,0,0
1788998020.516376,2188137,public,holding,0,0,0,0,0,0,0,0,0
1788998020.516376,2188333,public,last_trade,0,0,0,0,0,0,0,0,0
1788998020.516376,2188182,public,cash_transaction,0,0,0,0,0,0,0,0,0
1788998020.516376,2188359,public,sector,0,0,0,0,0,0,0,0,0
1788998020.516376,2188132,public,customer_taxrate,0,0,0,0,0,0,0,0,0
1788998080.611386,2188149,public,holding_history,0,0,0,0,0,0,0,0,0
1788998080.611386,2188343,public,news_item,0,0,0,0,0,0,0,0,0
1788998080.611386,2188122,public,customer_account,0,0,0,0,0,0,0,0,0
1788998080.611386,2188111,public,customer,0,0,0,0,0,0,0,0,0
1788998080.611386,2188162,public,watch_item,0,0,0,0,0,0,0,0,0
1788998080.611386,2188262,public,trade_type,0,0,0,0,0,0,0,0,0
1788998080.611386,2188167,public,watch_list,0,0,0,0,0,0,0,0,0
1788998080.611386,2188249,public,trade_request,0,0,0,0,0,0,0,0,0
1788998080.611386,2188198,public,commission_rate,0,0,0,0,0,0,0,0,0
1788998080.611386,2188243,public,trade_history,0,0,0,0,0,0,0,0,0
1788998080.611386,2188210,public,settlement,0,0,0,0,0,0,0,0,0
1788998080.611386,2188269,public,company,0,0,0,0,0,0,0,0,0
1788998080.611386,2188172,public,broker,0,0,0,0,0,0,0,0,0
1788998080.611386,2188307,public,financial,0,0,0,0,0,0,0,0,0
1788998080.611386,2188103,public,account_permission,0,0,0,0,0,0,0,0,0
1788998080.611386,2188156,public,holding_summary,0,0,0,0,0,0,0,0,0
1788998080.611386,2188390,public,status_type,0,0,0,0,0,0,0,0,0
1788998080.611386,2188395,public,taxrate,0,0,0,0,0,0,0,0,0
1788998080.611386,2188287,public,daily_market,0,0,0,0,0,0,0,0,0
1788998080.611386,2188190,public,charge,0,0,0,0,0,0,0,0,0
1788998080.611386,2188298,public,exchange,0,0,0,0,0,0,0,0,0
1788998080.611386,2188327,public,industry,0,0,0,0,0,0,0,0,0
1788998080.611386,2188281,public,company_competitor,0,0,0,0,0,0,0,0,0
1788998080.611386,2188364,public,security,0,0,0,0,0,0,0,0,0
1788998080.611386,2188354,public,news_xref,0,0,0,0,0,0,0,0,0
1788998080.611386,2188402,public,zip_code,0,0,0,0,0,0,0,0,0
1788998080.611386,2188219,public,trade,0,0,0,0,0,0,0,0,0
1788998080.611386,2188385,public,address,0,0,0,0,0,0,0,0,0
1788998080.611386,2188137,public,holding,0,0,0,0,0,0,0,0,0
1788998080.611386,2188333,public,last_trade,0,0,0,0,0,0,0,0,0
1788998080.611386,2188182,public,cash_transaction,0,0,0,0,0,0,0,0,0
1788998080.611386,2188359,public,sector,0,0,0,0,0,0,0,0,0
1788998080.611386,2188132,public,customer_taxrate,0,0,0,0,0,0,0,0,0
1788998140.718571,2188149,public,holding_history,0,0,0,0,0,0,0,0,0
1788998140.718571,2188343,public,news_item,0,0,0,0,0,0,0,0,0
1788998140.718571,2188122,public,customer_account,0,0,0,0,0,0,0,0,0
1788998140.718571,2188111,public,customer,0,0,0,0,0,0,0,0,0
1788998140.718571,2188162,public,watch_item,0,0,0,0,0,0,0,0,0
1788998140.718571,2188262,public,trade_type,0,0,0,0,0,0,0,0,0
1788998140.718571,2188167,public,watch_list,0,0,0,0,0,0,0,0,0
1788998140.718571,2188249,public,trade_request,0,0,0,0,0,0,0,0,0
1788998140.718571,2188198,public,commission_rate,0,0,0,0,0,0,0,0,0
1788998140.718571,2188243,public,trade_history,0,0,0,0,0,0,0,0,0
1788998140.718571,2188210,public,settlement,0,0,0,0,0,0,0,0,0
1788998140.718571,2188269,public,company,0,0,0,0,0,0,0,0,0
1788998140.718571,2188172,public,broker,0,0,0,0,0,0,0,0,0
1788998140.718571,2188307,public,financial,0,0,0,0,0,0,0,0,0
1788998140.718571,2188103,public,account_permission,0,0,0,0,0,0,0,0,0
1788998140.718571,2188156,public,holding_summary,0,0,0,0,0,0,0,0,0
1788998140.718571,2188390,public,status_type,0,0,0,0,0,0,0,0,0
1788998140.718571,2188395,public,taxrate,0,0,0,0,0,0,0,0,0
1788998140.718571,2188287,public,daily_market,0,0,0,0,0,0,0,0,0
1788998140.718571,2188190,public,charge,0,0,0,0,0,0,0,0,0
1788998140.718571,2188298,public,exchange,0,0,0,0,0,0,0,0,0
1788998140.718571,2188327,public,industry,0,0,0,0,0,0,0,0,0
1788998140.718571,2188281,public,company_competitor,0,0,0,0,0,0,0,0,0
1788998140.718571,2188364,public,security,0,0,0,0,0,0,0,0,0
1788998140.718571,2188354,public,news_xref,0,0,0,0,0,0,0,0,0
1788998140.718571,2188402,public,zip_code,0,0,0,0,0,0,0,0,0
1788998140.718571,2188219,public,trade,0,0,0,0,0,0,0,0,0
1788998140.718571,2188385,public,address,0,0,0,0,0,0,0,0,0
1788998140.718571,2188137,public,holding,0,0,0,0,0,0,0,0,0
1788998140.718571,2188333,public,last_trade,0,0,0,0,0,0,0,0,0
1788998140.718571,2188182,public,cash_transaction,0,0,0,0,0,0,0,0,0
1788998140.718571,2188359,public,sector,0,0,0,0,0,0,0,0,0
1788998140.718571,2188132,public,customer_taxrate,0,0,0,0,0,0,0,0,0
1788998200.808418,2188149,public,holding_history,0,0,0,0,0,0,0,0,0
1788998200.808418,2188343,public,news_item,0,0,0,0,0,0,0,0,0
1788998200.808418,2188122,public,customer_account,0,0,0,0,0,0,0,0,0
1788998200.808418,2188111,public,customer,0,0,0,0,0,0,0,0,0
1788998200.808418,2188162,public,watch_item,0,0,0,0,0,0,0,0,0
1788998200.808418,2188262,public,trade_type,0,0,0,0,0,0,0,0,0
1788998200.808418,2188167,public,watch_list,0,0,0,0,0,0,0,0,0
1788998200.808418,2188249,public,trade_request,0,0,0,0,0,0,0,0,0
1788998200.808418,2188198,public,commission_rate,0,0,0,0,0,0,0,0,0
1788998200.808418,2188243,public,trade_history,0,0,0,0,0,0,0,0,0
1788998200.808418,2188210,public,settlement,0,0,0,0,0,0,0,0,0
1788998200.808418,2188269,public,company,0,0,0,0,0,0,0,0,0
1788998200.808418,2188172,public,broker,0,0,0,0,0,0,0,0,0
1788998200.808418,2188307,public,financial,0,0,0,0,0,0,0,0,0
1788998200.808418,2188103,public,account_permission,0,0,0,0,0,0,0,0,0
1788998200.808418,2188156,public,holding_summary,0,0,0,0,0,0,0,0,0
1788998200.808418,2188390,public,status_type,0,0,0,0,0,0,0,0,0
1788998200.808418,2188395,public,taxrate,0,0,0,0,0,0,0,0,0
1788998200.808418,2188287,public,daily_market,0,0,0,0,0,0,0,0,0
1788998200.808418,2188190,public,charge,0,0,0,0,0,0,0,0,0
1788998200.808418,2188298,public,exchange,0,0,0,0,0,0,0,0,0
1788998200.808418,2188327,public,industry,0,0,0,0,0,0,0,0,0
1788998200.808418,2188281,public,company_competitor,0,0,0,0,0,0,0,0,0
1788998200.808418,2188364,public,security,0,0,0,0,0,0,0,0,0
1788998200.808418,2188354,public,news_xref,0,0,0,0,0,0,0,0,0
1788998200.808418,2188402,public,zip_code,0,0,0,0,0,0,0,0,0
1788998200.808418,2188219,public,trade,0,0,0,0,0,0,0,0,0
1788998200.808418,2188385,public,address,0,0,0,0,0,0,0,0,0
1788998200.808418,2188137,public,holding,0,0,0,0,0,0,0,0,0
1788998200.808418,2188333,public,last_trade,0,0,0,0,0,0,0,0,0
1788998200.808418,2188182,public,cash_transaction,0,0,0,0,0,0,0,0,0
1788998200.808418,2188359,public,sector,0,0,0,0,0,0,0,0,0
1788998200.808418,2188132,public,customer_taxrate,0,0,0,0,0,0,0,0,0
1788998260.939698,2188149,public,holding_history,0,0,0,0,0,0,0,0,0
1788998260.939698,2188343,public,news_item,0,0,0,0,0,0,0,0,0
1788998260.939698,2188122,public,customer_account,0,0,0,0,0,0,0,0,0
1788998260.939698,2188111,public,customer,0,0,0,0,0,0,0,0,0
1788998260.939698,2188162,public,watch_item,0,0,0,0,0,0,0,0,0
1788998260.939698,2188262,public,trade_type,0,0,0,0,0,0,0,0,0
1788998260.939698,2188167,public,watch_list,0,0,0,0,0,0,0,0,0
1788998260.939698,2188249,public,trade_request,0,0,0,0,0,0,0,0,0
1788998260.939698,2188198,public,commission_rate,0,0,0,0,0,0,0,0,0
1788998260.939698,2188243,public,trade_history,0,0,0,0,0,0,0,0,0
1788998260.939698,2188210,public,settlement,0,0,0,0,0,0,0,0,0
1788998260.939698,2188269,public,company,0,0,0,0,0,0,0,0,0
1788998260.939698,2188172,public,broker,0,0,0,0,0,0,0,0,0
1788998260.939698,2188307,public,financial,0,0,0,0,0,0,0,0,0
1788998260.939698,2188103,public,account_permission,0,0,0,0,0,0,0,0,0
1788998260.939698,2188156,public,holding_summary,0,0,0,0,0,0,0,0,0
1788998260.939698,2188390,public,status_type,0,0,0,0,0,0,0,0,0
1788998260.939698,2188395,public,taxrate,0,0,0,0,0,0,0,0,0
1788998260.939698,2188287,public,daily_market,0,0,0,0,0,0,0,0,0
1788998260.939698,2188190,public,charge,0,0,0,0,0,0,0,0,0
1788998260.939698,2188298,public,exchange,0,0,0,0,0,0,0,0,0
1788998260.939698,2188327,public,industry,0,0,0,0,0,0,0,0,0
1788998260.939698,2188281,public,company_competitor,0,0,0,0,0,0,0,0,0
1788998260.939698,2188364,public,security,0,0,0,0,0,0,0,0,0
1788998260.939698,2188354,public,news_xref,0,0,0,0,0,0,0,0,0
1788998260.939698,2188402,public,zip_code,0,0,0,0,0,0,0,0,0
1788998260.939698,2188219,public,trade,0,0,0,0,0,0,0,0,0
1788998260.939698,2188385,public,address,0,0,0,0,0,0,0,0,0
1788998260.939698,2188137,public,holding,0,0,0,0,0,0,0,0,0
1788998260.939698,2188333,public,last_trade,0,0,0,0,0,0,0,0,0
1788998260.939698,2188182,public,cash_transaction,0,0,0,0,0,0,0,0,0
1788998260.939698,2188359,public,sector,0,0,0,0,0,0,0,0,0
1788998260.939698,2188132,public,customer_taxrate,0,0,0,0,0,0,0,0,0
1788998321.047708,2188149,public,holding_history,0,0,0,0,0,0,0,0,0
1788998321.047708,2188343,public,news_item,0,0,0,0,0,0,0,0,0
1788998321.047708,2188122,public,customer_account,0,0,0,0,0,0,0,0,0
1788998321.047708,2188111,public,customer,0,0,0,0,0,0,0,0,0
1788998321.047708,2188162,public,watch_item,0,0,0,0,0,0,0,0,0
1788998321.047708,2188262,public,trade_type,0,0,0,0,0,0,0,0,0
1788998321.047708,2188167,public,watch_list,0,0,0,0,0,0,0,0,0
1788998321.047708,2188249,public,trade_request,0,0,0,0,0,0,0,0,0
1788998321.047708,2188198,public,commission_rate,0,0,0,0,0,0,0,0,0
1788998321.047708,2188243,public,trade_history,0,0,0,0,0,0,0,0,0
1788998321.047708,2188210,public,settlement,0,0,0,0,0,0,0,0,0
1788998321.047708,2188269,public,company,0,0,0,0,0,0,0,0,0
1788998321.047708,2188172,public,broker,0,0,0,0,0,0,0,0,0
1788998321.047708,2188307,public,financial,0,0,0,0,0,0,0,0,0
1788998321.047708,2188103,public,account_permission,0,0,0,0,0,0,0,0,0
1788998321.047708,2188156,public,holding_summary,0,0,0,0,0,0,0,0,0
1788998321.047708,2188390,public,status_type,0,0,0,0,0,0,0,0,0
1788998321.047708,2188395,public,taxrate,0,0,0,0,0,0,0,0,0
1788998321.047708,2188287,public,daily_market,0,0,0,0,0,0,0,0,0
1788998321.047708,2188190,public,charge,0,0,0,0,0,0,0,0,0
1788998321.047708,2188298,public,exchange,0,0,0,0,0,0,0,0,0
1788998321.047708,2188327,public,industry,0,0,0,0,0,0,0,0,0
1788998321.047708,2188281,public,company_competitor,0,0,0,0,0,0,0,0,0
1788998321.047708,2188364,public,security,0,0,0,0,0,0,0,0,0
1788998321.047708,2188354,public,news_xref,0,0,0,0,0,0,0,0,0
1788998321.047708,2188402,public,zip_code,0,0,0,0,0,0,0,0,0
1788998321.047708,2188219,public,trade,0,0,0,0,0,0,0,0,0
1788998321.047708,2188385,public,address,0,0,0,0,0,0,0,0,0
1788998321.047708,2188137,public,holding,0,0,0,0,0,0,0,0,0
1788998321.047708,2188333,public,last_trade,0,0,0,0,0,0,0,0,0
1788998321.047708,2188182,public,cash_transaction,0,0,0,0,0,0,0,0,0
1788998321.047708,2188359,public,sector,0,0,0,0,0,0,0,0,0
1788998321.047708,2188132,public,customer_taxrate,0,0,0,0,0,0,0,0,0
1788998380.134115,2188149,public,holding_history,0,0,0,0,0,0,0,0,0
1788998380.134115,2188343,public,news_item,0,0,0,0,0,0,0,0,0
1788998380.134115,2188122,public,customer_account,0,0,0,0,0,0,0,0,0
1788998380.134115,2188111,public,customer,0,0,0,0,0,0,0,0,0
1788998380.134115,2188162,public,watch_item,0,0,0,0,0,0,0,0,0
1788998380.134115,2188262,public,trade_type,0,0,0,0,0,0,0,0,0
1788998380.134115,2188167,public,watch_list,0,0,0,0,0,0,0,0,0
1788998380.134115,2188249,public,trade_request,0,0,0,0,0,0,0,0,0
1788998380.134115,2188198,public,commission_rate,0,0,0,0,0,0,0,0,0
1788998380.134115,2188243,public,trade_history,0,0,0,0,0,0,0,0,0
1788998380.134115,2188210,public,settlement,0,0,0,0,0,0,0,0,0
1788998380.134115,2188269,public,company,0,0,0,0,0,0,0,0,0
1788998380.134115,2188172,public,broker,0,0,0,0,0,0,0,0,0
1788998380.134115,2188307,public,financial,0,0,0,0,0,0,0,0,0
1788998380.134115,2188103,public,account_permission,0,0,0,0,0,0,0,0,0
1788998380.134115,2188156,public,holding_summary,0,0,0,0,0,0,0,0,0
1788998380.134115,2188390,public,status_type,0,0,0,0,0,0,0,0,0
1788998380.134115,2188395,public,taxrate,0,0,0,0,0,0,0,0,0
1788998380.134115,2188287,public,daily_market,0,0,0,0,0,0,0,0,0
1788998380.134115,2188190,public,charge,0,0,0,0,0,0,0,0,0
1788998380.134115,2188298,public,exchange,0,0,0,0,0,0,0,0,0
1788998380.134115,2188327,public,industry,0,0,0,0,0,0,0,0,0
1788998380.134115,2188281,public,company_competitor,0,0,0,0,0,0,0,0,0
1788998380.134115,2188364,public,security,0,0,0,0,0,0,0,0,0
1788998380.134115,2188354,public,news_xref,0,0,0,0,0,0,0,0,0
1788998380.134115,2188402,public,zip_code,0,0,0,0,0,0,0,0,0
1788998380.134115,2188219,public,trade,0,0,0,0,0,0,0,0,0
1788998380.134115,2188385,public,address,0,0,0,0,0,0,0,0,0
1788998380.134115,2188137,public,holding,0,0,0,0,0,0,0,0,0
1788998380.134115,2188333,public,last_trade,0,0,0,0,0,0,0,0,0
1788998380.134115,2188182,public,cash_transaction,0,0,0,0,0,0,0,0,0
1788998380.134115,2188359,public,sector,0,0,0,0,0,0,0,0,0
1788998380.134115,2188132,public,customer_taxrate,0,0,0,0,0,0,0,0,0
1788998440.247905,2188149,public,holding_history,0,0,0,0,0,0,0,0,0
1788998440.247905,2188343,public,news_item,0,0,0,0,0,0,0,0,0
1788998440.247905,2188122,public,customer_account,0,0,0,0,0,0,0,0,0
1788998440.247905,2188111,public,customer,0,0,0,0,0,0,0,0,0
1788998440.247905,2188162,public,watch_item,0,0,0,0,0,0,0,0,0
1788998440.247905,2188262,public,trade_type,0,0,0,0,0,0,0,0,0
1788998440.247905,2188167,public,watch_list,0,0,0,0,0,0,0,0,0
1788998440.247905,2188249,public,trade_request,0,0,0,0,0,0,0,0,0
1788998440.247905,2188198,public,commission_rate,0,0,0,0,0,0,0,0,0
1788998440.247905,2188243,public,trade_history,0,0,0,0,0,0,0,0,0
1788998440.247905,2188210,public,settlement,0,0,0,0,0,0,0,0,0
1788998440.247905,2188269,public,company,0,0,0,0,0,0,0,0,0
1788998440.247905,2188172,public,broker,0,0,0,0,0,0,0,0,0
1788998440.247905,2188307,public,financial,0,0,0,0,0,0,0,0,0
1788998440.247905,2188103,public,account_permission,0,0,0,0,0,0,0,0,0
1788998440.247905,2188156,public,holding_summary,0,0,0,0,0,0,0,0,0
1788998440.247905,2188390,public,status_type,0,0,0,0,0,0,0,0,0
1788998440.247905,2188395,public,taxrate,0,0,0,0,0,0,0,0,0
1788998440.247905,2188287,public,daily_market,0,0,0,0,0,0,0,0,0
1788998440.247905,2188190,public,charge,0,0,0,0,0,0,0,0,0
1788998440.247905,2188298,public,exchange,0,0,0,0,0,0,0,0,0
1788998440.247905,2188327,public,industry,0,0,0,0,0,0,0,0,0
1788998440.247905,2188281,public,company_competitor,0,0,0,0,0,0,0,0,0
1788998440.247905,2188364,public,security,0,0,0,0,0,0,0,0,0
1788998440.247905,2188354,public,news_xref,0,0,0,0,0,0,0,0,0
1788998440.247905,2188402,public,zip_code,0,0,0,0,0,0,0,0,0
1788998440.247905,2188219,public,trade,0,0,0,0,0,0,0,0,0
1788998440.247905,2188385,public,address,0,0,0,0,0,0,0,0,0
1788998440.247905,2188137,public,holding,0,0,0,0,0,0,0,0,0
1788998440.247905,2188333,public,last_trade,0,0,0,0,0,0,0,0,0
1788998440.247905,2188182,public,cash_transaction,0,0,0,0,0,0,0,0,0
1788998440.247905,2188359,public,sector,0,0,0,0,0,0,0,0,0
1788998440.247905,2188132,public,customer_taxrate,0,0,0,0,0,0,0,0,0
1788998500.350279,2188149,public,holding_history,0,0,0,0,0,0,0,0,0
1788998500.350279,2188343,public,news_item,0,0,0,0,0,0,0,0,0
1788998500.350279,2188122,public,customer_account,0,0,0,0,0,0,0,0,0
1788998500.350279,2188111,public,customer,0,0,0,0,0,0,0,0,0
1788998500.350279,2188162,public,watch_item,0,0,0,0,0,0,0,0,0
1788998500.350279,2188262,public,trade_type,0,0,0,0,0,0,0,0,0
1788998500.350279,2188167,public,watch_list,0,0,0,0,0,0,0,0,0
1788998500.350279,2188249,public,trade_request,0,0,0,0,0,0,0,0,0
1788998500.350279,2188198,public,commission_rate,0,0,0,0,0,0,0,0,0
1788998500.350279,2188243,public,trade_history,0,0,0,0,0,0,0,0,0
1788998500.350279,2188210,public,settlement,0,0,0,0,0,0,0,0,0
1788998500.350279,2188269,public,company,0,0,0,0,0,0,0,0,0
1788998500.350279,2188172,public,broker,0,0,0,0,0,0,0,0,0
1788998500.350279,2188307,public,financial,0,0,0,0,0,0,0,0,0
1788998500.350279,2188103,public,account_permission,0,0,0,0,0,0,0,0,0
1788998500.350279,2188156,public,holding_summary,0,0,0,0,0,0,0,0,0
1788998500.350279,2188390,public,status_type,0,0,0,0,0,0,0,0,0
1788998500.350279,2188395,public,taxrate,0,0,0,0,0,0,0,0,0
1788998500.350279,2188287,public,daily_market,0,0,0,0,0,0,0,0,0
1788998500.350279,2188190,public,charge,0,0,0,0,0,0,0,0,0
1788998500.350279,2188298,public,exchange,0,0,0,0,0,0,0,0,0
1788998500.350279,2188327,public,industry,0,0,0,0,0,0,0,0,0
1788998500.350279,2188281,public,company_competitor,0,0,0,0,0,0,0,0,0
1788998500.350279,2188364,public,security,0,0,0,0,0,0,0,0,0
1788998500.350279,2188354,public,news_xref,0,0,0,0,0,0,0,0,0
1788998500.350279,2188402,public,zip_code,0,0,0,0,0,0,0,0,0
1788998500.350279,2188219,public,trade,0,0,0,0,0,0,0,0,0
1788998500.350279,2188385,public,address,0,0,0,0,0,0,0,0,0
1788998500.350279,2188137,public,holding,0,0,0,0,0,0,0,0,0
1788998500.350279,2188333,public,last_trade,0,0,0,0,0,0,0,0,0
1788998500.350279,2188182,public,cash_transaction,0,0,0,0,0,0,0,0,0
1788998500.350279,2188359,public,sector,0,0,0,0,0,0,0,0,0
1788998500.350279,2188132,public,customer_taxrate,0,0,0,0,0,0,0,0,0
1788998560.435413,2188149,public,holding_history,0,0,0,0,0,0,0,0,0
1788998560.435413,2188343,public,news_item,0,0,0,0,0,0,0,0,0
1788998560.435413,2188122,public,customer_account,0,0,0,0,0,0,0,0,0
1788998560.435413,2188111,public,customer,0,0,0,0,0,0,0,0,0
1788998560.435413,2188162,public,watch_item,0,0,0,0,0,0,0,0,0
1788998560.435413,2188262,public,trade_type,0,0,0,0,0,0,0,0,0
1788998560.435413,2188167,public,watch_list,0,0,0,0,0,0,0,0,0
1788998560.435413,2188249,public,trade_request,0,0,0,0,0,0,0,0,0
1788998560.435413,2188198,public,commission_rate,0,0,0,0,0,0,0,0,0
1788998560.435413,2188243,public,trade_history,0,0,0,0,0,0,0,0,0
1788998560.435413,2188210,public,settlement,0,0,0,0,0,0,0,0,0
1788998560.435413,2188269,public,company,0,0,0,0,0,0,0,0,0
1788998560.435413,2188172,public,broker,0,0,0,0,0,0,0,0,0
1788998560.435413,2188307,public,financial,0,0,0,0,0,0,0,0,0
1788998560.435413,2188103,public,account_permission,0,0,0,0,0,0,0,0,0
1788998560.435413,2188156,public,holding_summary,0,0,0,0,0,0,0,0,0
1788998560.435413,2188390,public,status_type,0,0,0,0,0,0,0,0,0
1788998560.435413,2188395,public,taxrate,0,0,0,0,0,0,0,0,0
1788998560.435413,2188287,public,daily_market,0,0,0,0,0,0,0,0,0
1788998560.435413,2188190,public,charge,0,0,0,0,0,0,0,0,0
1788998560.435413,2188298,public,exchange,0,0,0,0,0,0,0,0,0
1788998560.435413,2188327,public,industry,0,0,0,0,0,0,0,0,0
1788998560.435413,2188281,public,company_competitor,0,0,0,0,0,0,0,0,0
1788998560.435413,2188364,public,security,0,0,0,0,0,0,0,0,0
1788998560.435413,2188354,public,news_xref,0,0,0,0,0,0,0,0,0
1788998560.435413,2188402,public,zip_code,0,0,0,0,0,0,0,0,0
1788998560.435413,2188219,public,trade,0,0,0,0,0,0,0,0,0
1788998560.435413,2188385,public,address,0,0,0,0,0,0,0,0,0
1788998560.435413,2188137,public,holding,0,0,0,0,0,0,0,0,0
1788998560.435413,2188333,public,last_trade,0,0,0,0,0,0,0,0,0
1788998560.435413,2188182,public,cash_transaction,0,0,0,0,0,0,0,0,0
1788998560.435413,2188359,public,sector,0,0,0,0,0,0,0,0,0
1788998560.435413,2188132,public,customer_taxrate,0,0,0,0,0,0,0,0,0
1788998620.534330,2188149,public,holding_history,0,0,0,0,0,0,0,0,0
1788998620.534330,2188343,public,news_item,0,0,0,0,0,0,0,0,0
1788998620.534330,2188122,public,customer_account,0,0,0,0,0,0,0,0,0
1788998620.534330,2188111,public,customer,0,0,0,0,0,0,0,0,0
1788998620.534330,2188162,public,watch_item,0,0,0,0,0,0,0,0,0
1788998620.534330,2188262,public,trade_type,0,0,0,0,0,0,0,0,0
1788998620.534330,2188167,public,watch_list,0,0,0,0,0,0,0,0,0
1788998620.534330,2188249,public,trade_request,0,0,0,0,0,0,0,0,0
1788998620.534330,2188198,public,commission_rate,0,0,0,0,0,0,0,0,0
1788998620.534330,2188243,public,trade_history,0,0,0,0,0,0,0,0,0
1788998620.534330,2188210,public,settlement,0,0,0,0,0,0,0,0,0
1788998620.534330,2188269,public,company,0,0,0,0,0,0,0,0,0
1788998620.534330,2188172,public,broker,0,0,0,0,0,0,0,0,0
1788998620.534330,2188307,public,financial,0,0,0,0,0,0,0,0,0
1788998620.534330,2188103,public,account_permission,0,0,0,0,0,0,0,0,0
1788998620.534330,2188156,public,holding_summary,0,0,0,0,0,0,0,0,0
1788998620.534330,2188390,public,status_type,0,0,0,0,0,0,0,0,0
1788998620.534330,2188395,public,taxrate,0,0,0,0,0,0,0,0,0
1788998620.534330,2188287,public,daily_market,0,0,0,0,0,0,0,0,0
1788998620.534330,2188190,public,charge,0,0,0,0,0,0,0,0,0
1788998620.534330,2188298,public,exchange,0,0,0,0,0,0,0,0,0
1788998620.534330,2188327,public,industry,0,0,0,0,0,0,0,0,0
1788998620.534330,2188281,public,company_competitor,0,0,0,0,0,0,0,0,0
1788998620.534330,2188364,public,security,0,0,0,0,0,0,0,0,0
1788998620.534330,2188354,public,news_xref,0,0,0,0,0,0,0,0,0
1788998620.534330,2188402,public,zip_code,0,0,0,0,0,0,0,0,0
1788998620.534330,2188219,public,trade,0,0,0,0,0,0,0,0,0
1788998620.534330,2188385,public,address,0,0,0,0,0,0,0,0,0
1788998620.534330,2188137,public,holding,0,0,0,0,0,0,0,0,0
1788998620.534330,2188333,public,last_trade,0,0,0,0,0,0,0,0,0
1788998620.534330,2188182,public,cash_transaction,0,0,0,0,0,0,0,0,0
1788998620.534330,2188359,public,sector,0,0,0,0,0,0,0,0,0
1788998620.534330,2188132,public,customer_taxrate,0,0,0,0,0,0,0,0,0
1788998680.634267,2188149,public,holding_history,0,0,0,0,0,0,0,0,0
1788998680.634267,2188343,public,news_item,0,0,0,0,0,0,0,0,0
1788998680.634267,2188122,public,customer_account,0,0,0,0,0,0,0,0,0
1788998680.634267,2188111,public,customer,0,0,0,0,0,0,0,0,0
1788998680.634267,2188162,public,watch_item,0,0,0,0,0,0,0,0,0
1788998680.634267,2188262,public,trade_type,0,0,0,0,0,0,0,0,0
1788998680.634267,2188167,public,watch_list,0,0,0,0,0,0,0,0,0
1788998680.634267,2188249,public,trade_request,0,0,0,0,0,0,0,0,0
1788998680.634267,2188198,public,commission_rate,0,0,0,0,0,0,0,0,0
1788998680.634267,2188243,public,trade_history,0,0,0,0,0,0,0,0,0
1788998680.634267,2188210,public,settlement,0,0,0,0,0,0,0,0,0
1788998680.634267,2188269,public,company,0,0,0,0,0,0,0,0,0
1788998680.634267,2188172,public,broker,0,0,0,0,0,0,0,0,0
1788998680.634267,2188307,public,financial,0,0,0,0,0,0,0,0,0
1788998680.634267,2188103,public,account_permission,0,0,0,0,0,0,0,0,0
1788998680.634267,2188156,public,holding_summary,0,0,0,0,0,0,0,0,0
1788998680.634267,2188390,public,status_type,0,0,0,0,0,0,0,0,0
1788998680.634267,2188395,public,taxrate,0,0,0,0,0,0,0,0,0
1788998680.634267,2188287,public,daily_market,0,0,0,0,0,0,0,0,0
1788998680.634267,2188190,public,charge,0,0,0,0,0,0,0,0,0
1788998680.634267,2188298,public,exchange,0,0,0,0,0,0,0,0,0
1788998680.634267,2188327,public,industry,0,0,0,0,0,0,0,0,0
1788998680.634267,2188281,public,company_competitor,0,0,0,0,0,0,0,0,0
1788998680.634267,2188364,public,security,0,0,0,0,0,0,0,0,0
1788998680.634267,2188354,public,news_xref,0,0,0,0,0,0,0,0,0
1788998680.634267,2188402,public,zip_code,0,0,0,0,0,0,0,0,0
1788998680.634267,2188219,public,trade,0,0,0,0,0,0,0,0,0
1788998680.634267,2188385,public,address,0,0,0,0,0,0,0,0,0
1788998680.634267,2188137,public,holding,0,0,0,0,0,0,0,0,0
1788998680.634267,2188333,public,last_trade,0,0,0,0,0,0,0,0,0
1788998680.634267,2188182,public,cash_transaction,0,0,0,0,0,0,0,0,0
1788998680.634267,2188359,public,sector,0,0,0,0,0,0,0,0,0
1788998680.634267,2188132,public,customer_taxrate,0,0,0,0,0,0,0,0,0
1788998740.748086,2188149,public,holding_history,0,0,0,0,0,0,0,0,0
1788998740.748086,2188343,public,news_item,0,0,0,0,0,0,0,0,0
1788998740.748086,2188122,public,customer_account,0,0,0,0,0,0,0,0,0
1788998740.748086,2188111,public,customer,0,0,0,0,0,0,0,0,0
1788998740.748086,2188162,public,watch_item,0,0,0,0,0,0,0,0,0
1788998740.748086,2188262,public,trade_type,0,0,0,0,0,0,0,0,0
1788998740.748086,2188167,public,watch_list,0,0,0,0,0,0,0,0,0
1788998740.748086,2188249,public,trade_request,0,0,0,0,0,0,0,0,0
1788998740.748086,2188198,public,commission_rate,0,0,0,0,0,0,0,0,0
1788998740.748086,2188243,public,trade_history,0,0,0,0,0,0,0,0,0
1788998740.748086,2188210,public,settlement,0,0,0,0,0,0,0,0,0
1788998740.748086,2188269,public,company,0,0,0,0,0,0,0,0,0
1788998740.748086,2188172,public,broker,0,0,0,0,0,0,0,0,0
1788998740.748086,2188307,public,financial,0,0,0,0,0,0,0,0,0
1788998740.748086,2188103,public,account_permission,0,0,0,0,0,0,0,0,0
1788998740.748086,2188156,public,holding_summary,0,0,0,0,0,0,0,0,0
1788998740.748086,2188390,public,status_type,0,0,0,0,0,0,0,0,0
1788998740.748086,2188395,public,taxrate,0,0,0,0,0,0,0,0,0
1788998740.748086,2188287,public,daily_market,0,0,0,0,0,0,0,0,0
1788998740.748086,2188190,public,charge,0,0,0,0,0,0,0,0,0
1788998740.748086,2188298,public,exchange,0,0,0,0,0,0,0,0,0
1788998740.748086,2188327,public,industry,0,0,0,0,0,0,0,0,0
1788998740.748086,2188281,public,company_competitor,0,0,0,0,0,0,0,0,0
1788998740.748086,2188364,public,security,0,0,0,0,0,0,0,0,0
1788998740.748086,2188354,public,news_xref,0,0,0,0,0,0,0,0,0
1788998740.748086,2188402,public,zip_code,0,0,0,0,0,0,0,0,0
1788998740.748086,2188219,public,trade,0,0,0,0,0,0,0,0,0
1788998740.748086,2188385,public,address,0,0,0,0,0,0,0,0,0
1788998740.748086,2188137,public,holding,0,0,0,0,0,0,0,0,0
1788998740.748086,2188333,public,last_trade,0,0,0,0,0,0,0,0,0
1788998740.748086,2188182,public,cash_transaction,0,0,0,0,0,0,0,0,0
1788998740.748086,2188359,public,sector,0,0,0,0,0,0,0,0,0
1788998740.748086,2188132,public,customer_taxrate,0,0,0,0,0,0,0,0,0
1788998800.853471,2188149,public,holding_history,0,0,0,0,0,0,0,0,0
1788998800.853471,2188343,public,news_item,0,0,0,0,0,0,0,0,0
1788998800.853471,2188122,public,customer_account,0,0,0,0,0,0,0,0,0
1788998800.853471,2188111,public,customer,0,0,0,0,0,0,0,0,0
1788998800.853471,2188162,public,watch_item,0,0,0,0,0,0,0,0,0
1788998800.853471,2188262,public,trade_type,0,0,0,0,0,0,0,0,0
1788998800.853471,2188167,public,watch_list,0,0,0,0,0,0,0,0,0
1788998800.853471,2188249,public,trade_request,0,0,0,0,0,0,0,0,0
1788998800.853471,2188198,public,commission_rate,0,0,0,0,0,0,0,0,0
1788998800.853471,2188243,public,trade_history,0,0,0,0,0,0,0,0,0
1788998800.853471,2188210,public,settlement,0,0,0,0,0,0,0,0,0
1788998800.853471,2188269,public,company,0,0,0,0,0,0,0,0,0
1788998800.853471,2188172,public,broker,0,0,0,0,0,0,0,0,0
1788998800.853471,2188307,public,financial,0,0,0,0,0,0,0,0,0
1788998800.853471,2188103,public,account_permission,0,0,0,0,0,0,0,0,0
1788998800.853471,2188156,public,holding_summary,0,0,0,0,0,0,0,0,0
1788998800.853471,2188390,public,status_type,0,0,0,0,0,0,0,0,0
1788998800.853471,2188395,public,taxrate,0,0,0,0,0,0,0,0,0
1788998800.853471,2188287,public,daily_market,0,0,0,0,0,0,0,0,0
1788998800.853471,2188190,public,charge,0,0,0,0,0,0,0,0,0
1788998800.853471,2188298,public,exchange,0,0,0,0,0,0,0,0,0
1788998800.853471,2188327,public,industry,0,0,0,0,0,0,0,0,0
1788998800.853471,2188281,public,company_competitor,0,0,0,0,0,0,0,0,0
1788998800.853471,2188364,public,security,0,0,0,0,0,0,0,0,0
1788998800.853471,2188354,public,news_xref,0,0,0,0,0,0,0,0,0
1788998800.853471,2188402,public,zip_code,0,0,0,0,0,0,0,0,0
1788998800.853471,2188219,public,trade,0,0,0,0,0,0,0,0,0
1788998800.853471,2188385,public,address,0,0,0,0,0,0,0,0,0
1788998800.853471,2188137,public,holding,0,0,0,0,0,0,0,0,0
1788998800.853471,2188333,public,last_trade,0,0,0,0,0,0,0,0,0
1788998800.853471,2188182,public,cash_transaction,0,0,0,0,0,0,0,0,0
1788998800.853471,2188359,public,sector,0,0,0,0,0,0,0,0,0
1788998800.853471,2188132,public,customer_taxrate,0,0,0,0,0,0,0,0,0
1788998860.982960,2188149,public,holding_history,0,0,0,0,0,0,0,0,0
1788998860.982960,2188343,public,news_item,0,0,0,0,0,0,0,0,0
1788998860.982960,2188122,public,customer_account,0,0,0,0,0,0,0,0,0
1788998860.982960,2188111,public,customer,0,0,0,0,0,0,0,0,0
1788998860.982960,2188162,public,watch_item,0,0,0,0,0,0,0,0,0
1788998860.982960,2188262,public,trade_type,0,0,0,0,0,0,0,0,0
1788998860.982960,2188167,public,watch_list,0,0,0,0,0,0,0,0,0
1788998860.982960,2188249,public,trade_request,0,0,0,0,0,0,0,0,0
1788998860.982960,2188198,public,commission_rate,0,0,0,0,0,0,0,0,0
1788998860.982960,2188243,public,trade_history,0,0,0,0,0,0,0,0,0
1788998860.982960,2188210,public,settlement,0,0,0,0,0,0,0,0,0
1788998860.982960,2188269,public,company,0,0,0,0,0,0,0,0,0
1788998860.982960,2188172,public,broker,0,0,0,0,0,0,0,0,0
1788998860.982960,2188307,public,financial,0,0,0,0,0,0,0,0,0
1788998860.982960,2188103,public,account_permission,0,0,0,0,0,0,0,0,0
1788998860.982960,2188156,public,holding_summary,0,0,0,0,0,0,0,0,0
1788998860.982960,2188390,public,status_type,0,0,0,0,0,0,0,0,0
1788998860.982960,2188395,public,taxrate,0,0,0,0,0,0,0,0,0
1788998860.982960,2188287,public,daily_market,0,0,0,0,0,0,0,0,0
1788998860.982960,2188190,public,charge,0,0,0,0,0,0,0,0,0
1788998860.982960,2188298,public,exchange,0,0,0,0,0,0,0,0,0
1788998860.982960,2188327,public,industry,0,0,0,0,0,0,0,0,0
1788998860.982960,2188281,public,company_competitor,0,0,0,0,0,0,0,0,0
1788998860.982960,2188364,public,security,0,0,0,0,0,0,0,0,0
1788998860.982960,2188354,public,news_xref,0,0,0,0,0,0,0,0,0
1788998860.982960,2188402,public,zip_code,0,0,0,0,0,0,0,0,0
1788998860.982960,2188219,public,trade,0,0,0,0,0,0,0,0,0
1788998860.982960,2188385,public,address,0,0,0,0,0,0,0,0,0
1788998860.982960,2188137,public,holding,0,0,0,0,0,0,0,0,0
1788998860.982960,2188333,public,last_trade,0,0,0,0,0,0,0,0,0
1788998860.982960,2188182,public,cash_transaction,0,0,0,0,0,0,0,0,0
1788998860.982960,2188359,public,sector,0,0,0,0,0,0,0,0,0
1788998860.982960,2188132,public,customer_taxrate,0,0,0,0,0,0,0,0,0
1788998920.070964,2188149,public,holding_history,0,0,0,0,0,0,0,0,0
1788998920.070964,2188343,public,news_item,0,0,0,0,0,0,0,0,0
1788998920.070964,2188122,public,customer_account,0,0,0,0,0,0,0,0,0
1788998920.070964,2188111,public,customer,0,0,0,0,0,0,0,0,0
1788998920.070964,2188162,public,watch_item,0,0,0,0,0,0,0,0,0
1788998920.070964,2188262,public,trade_type,0,0,0,0,0,0,0,0,0
1788998920.070964,2188167,public,watch_list,0,0,0,0,0,0,0,0,0
1788998920.070964,2188249,public,trade_request,0,0,0,0,0,0,0,0,0
1788998920.070964,2188198,public,commission_rate,0,0,0,0,0,0,0,0,0
1788998920.070964,2188243,public,trade_history,0,0,0,0,0,0,0,0,0
1788998920.070964,2188210,public,settlement,0,0,0,0,0,0,0,0,0
1788998920.070964,2188269,public,company,0,0,0,0,0,0,0,0,0
1788998920.070964,2188172,public,broker,0,0,0,0,0,0,0,0,0
1788998920.070964,2188307,public,financial,0,0,0,0,0,0,0,0,0
1788998920.070964,2188103,public,account_permission,0,0,0,0,0,0,0,0,0
1788998920.070964,2188156,public,holding_summary,0,0,0,0,0,0,0,0,0
1788998920.070964,2188390,public,status_type,0,0,0,0,0,0,0,0,0
1788998920.070964,2188395,public,taxrate,0,0,0,0,0,0,0,0,0
1788998920.070964,2188287,public,daily_market,0,0,0,0,0,0,0,0,0
1788998920.070964,2188190,public,charge,0,0,0,0,0,0,0,0,0
1788998920.070964,2188298,public,exchange,0,0,0,0,0,0,0,0,0
1788998920.070964,2188327,public,industry,0,0,0,0,0,0,0,0,0
1788998920.070964,2188281,public,company_competitor,0,0,0,0,0,0,0,0,0
1788998920.070964,2188364,public,security,0,0,0,0,0,0,0,0,0
1788998920.070964,2188354,public,news_xref,0,0,0,0,0,0,0,0,0
1788998920.070964,2188402,public,zip_code,0,0,0,0,0,0,0,0,0
1788998920.070964,2188219,public,trade,0,0,0,0,0,0,0,0,0
1788998920.070964,2188385,public,address,0,0,0,0,0,0,0,0,0
1788998920.070964,2188137,public,holding,0,0,0,0,0,0,0,0,0
1788998920.070964,2188333,public,last_trade,0,0,0,0,0,0,0,0,0
1788998920.070964,2188182,public,cash_transaction,0,0,0,0,0,0,0,0,0
1788998920.070964,2188359,public,sector,0,0,0,0,0,0,0,0,0
1788998920.070964,2188132,public,customer_taxrate,0,0,0,0,0,0,0,0,0
1788998980.160708,2188149,public,holding_history,0,0,0,0,0,0,0,0,0
1788998980.160708,2188343,public,news_item,0,0,0,0,0,0,0,0,0
1788998980.160708,2188122,public,customer_account,0,0,0,0,0,0,0,0,0
1788998980.160708,2188111,public,customer,0,0,0,0,0,0,0,0,0
1788998980.160708,2188162,public,watch_item,0,0,0,0,0,0,0,0,0
1788998980.160708,2188262,public,trade_type,0,0,0,0,0,0,0,0,0
1788998980.160708,2188167,public,watch_list,0,0,0,0,0,0,0,0,0
1788998980.160708,2188249,public,trade_request,0,0,0,0,0,0,0,0,0
1788998980.160708,2188198,public,commission_rate,0,0,0,0,0,0,0,0,0
1788998980.160708,2188243,public,trade_history,0,0,0,0,0,0,0,0,0
1788998980.160708,2188210,public,settlement,0,0,0,0,0,0,0,0,0
1788998980.160708,2188269,public,company,0,0,0,0,0,0,0,0,0
1788998980.160708,2188172,public,broker,0,0,0,0,0,0,0,0,0
1788998980.160708,2188307,public,financial,0,0,0,0,0,0,0,0,0
1788998980.160708,2188103,public,account_permission,0,0,0,0,0,0,0,0,0
1788998980.160708,2188156,public,holding_summary,0,0,0,0,0,0,0,0,0
1788998980.160708,2188390,public,status_type,0,0,0,0,0,0,0,0,0
1788998980.160708,2188395,public,taxrate,0,0,0,0,0,0,0,0,0
1788998980.160708,2188287,public,daily_market,0,0,0,0,0,0,0,0,0
1788998980.160708,2188190,public,charge,0,0,0,0,0,0,0,0,0
1788998980.160708,2188298,public,exchange,0,0,0,0,0,0,0,0,0
1788998980.160708,2188327,public,industry,0,0,0,0,0,0,0,0,0
1788998980.160708,2188281,public,company_competitor,0,0,0,0,0,0,0,0,0
1788998980.160708,2188364,public,security,0,0,0,0,0,0,0,0,0
1788998980.160708,2188354,public,news_xref,0,0,0,0,0,0,0,0,0
1788998980.160708,2188402,public,zip_code,0,0,0,0,0,0,0,0,0
1788998980.160708,2188219,public,trade,0,0,0,0,0,0,0,0,0
1788998980.160708,2188385,public,address,0,0,0,0,0,0,0,0,0
1788998980.160708,2188137,public,holding,0,0,0,0,0,0,0,0,0
1788998980.160708,2188333,public,last_trade,0,0,0,0,0,0,0,0,0
1788998980.160708,2188182,public,cash_transaction,0,0,0,0,0,0,0,0,0
1788998980.160708,2188359,public,sector,0,0,0,0,0,0,0,0,0
1788998980.160708,2188132,public,customer_taxrate,0,0,0,0,0,0,0,0,0
1788999040.294121,2188149,public,holding_history,0,0,0,0,0,0,0,0,0
1788999040.294121,2188343,public,news_item,0,0,0,0,0,0,0,0,0
1788999040.294121,2188122,public,customer_account,0,0,0,0,0,0,0,0,0
1788999040.294121,2188111,public,customer,0,0,0,0,0,0,0,0,0
1788999040.294121,2188162,public,watch_item,0,0,0,0,0,0,0,0,0
1788999040.294121,2188262,public,trade_type,0,0,0,0,0,0,0,0,0
1788999040.294121,2188167,public,watch_list,0,0,0,0,0,0,0,0,0
1788999040.294121,2188249,public,trade_request,0,0,0,0,0,0,0,0,0
1788999040.294121,2188198,public,commission_rate,0,0,0,0,0,0,0,0,0
1788999040.294121,2188243,public,trade_history,0,0,0,0,0,0,0,0,0
1788999040.294121,2188210,public,settlement,0,0,0,0,0,0,0,0,0
1788999040.294121,2188269,public,company,0,0,0,0,0,0,0,0,0
1788999040.294121,2188172,public,broker,0,0,0,0,0,0,0,0,0
1788999040.294121,2188307,public,financial,0,0,0,0,0,0,0,0,0
1788999040.294121,2188103,public,account_permission,0,0,0,0,0,0,0,0,0
1788999040.294121,2188156,public,holding_summary,0,0,0,0,0,0,0,0,0
1788999040.294121,2188390,public,status_type,0,0,0,0,0,0,0,0,0
1788999040.294121,2188395,public,taxrate,0,0,0,0,0,0,0,0,0
1788999040.294121,2188287,public,daily_market,0,0,0,0,0,0,0,0,0
1788999040.294121,2188190,public,charge,0,0,0,0,0,0,0,0,0
1788999040.294121,2188298,public,exchange,0,0,0,0,0,0,0,0,0
1788999040.294121,2188327,public,industry,0,0,0,0,0,0,0,0,0
1788999040.294121,2188281,public,company_competitor,0,0,0,0,0,0,0,0,0
1788999040.294121,2188364,public,security,0,0,0,0,0,0,0,0,0
1788999040.294121,2188354,public,news_xref,0,0,0,0,0,0,0,0,0
1788999040.294121,2188402,public,zip_code,0,0,0,0,0,0,0,0,0
1788999040.294121,2188219,public,trade,0,0,0,0,0,0,0,0,0
1788999040.294121,2188385,public,address,0,0,0,0,0,0,0,0,0
1788999040.294121,2188137,public,holding,0,0,0,0,0,0,0,0,0
1788999040.294121,2188333,public,last_trade,0,0,0,0,0,0,0,0,0
1788999040.294121,2188182,public,cash_transaction,0,0,0,0,0,0,0,0,0
1788999040.294121,2188359,public,sector,0,0,0,0,0,0,0,0,0
1788999040.294121,2188132,public,customer_taxrate,0,0,0,0,0,0,0,0,0
1788999100.390113,2188149,public,holding_history,0,0,0,0,0,0,0,0,0
1788999100.390113,2188343,public,news_item,0,0,0,0,0,0,0,0,0
1788999100.390113,2188122,public,customer_account,0,0,0,0,0,0,0,0,0
1788999100.390113,2188111,public,customer,0,0,0,0,0,0,0,0,0
1788999100.390113,2188162,public,watch_item,0,0,0,0,0,0,0,0,0
1788999100.390113,2188262,public,trade_type,0,0,0,0,0,0,0,0,0
1788999100.390113,2188167,public,watch_list,0,0,0,0,0,0,0,0,0
1788999100.390113,2188249,public,trade_request,0,0,0,0,0,0,0,0,0
1788999100.390113,2188198,public,commission_rate,0,0,0,0,0,0,0,0,0
1788999100.390113,2188243,public,trade_history,0,0,0,0,0,0,0,0,0
1788999100.390113,2188210,public,settlement,0,0,0,0,0,0,0,0,0
1788999100.390113,2188269,public,company,0,0,0,0,0,0,0,0,0
1788999100.390113,2188172,public,broker,0,0,0,0,0,0,0,0,0
1788999100.390113,2188307,public,financial,0,0,0,0,0,0,0,0,0
1788999100.390113,2188103,public,account_permission,0,0,0,0,0,0,0,0,0
1788999100.390113,2188156,public,holding_summary,0,0,0,0,0,0,0,0,0
1788999100.390113,2188390,public,status_type,0,0,0,0,0,0,0,0,0
1788999100.390113,2188395,public,taxrate,0,0,0,0,0,0,0,0,0
1788999100.390113,2188287,public,daily_market,0,0,0,0,0,0,0,0,0
1788999100.390113,2188190,public,charge,0,0,0,0,0,0,0,0,0
1788999100.390113,2188298,public,exchange,0,0,0,0,0,0,0,0,0
1788999100.390113,2188327,public,industry,0,0,0,0,0,0,0,0,0
1788999100.390113,2188281,public,company_competitor,0,0,0,0,0,0,0,0,0
1788999100.390113,2188364,public,security,0,0,0,0,0,0,0,0,0
1788999100.390113,2188354,public,news_xref,0,0,0,0,0,0,0,0,0
1788999100.390113,2188402,public,zip_code,0,0,0,0,0,0,0,0,0
1788999100.390113,2188219,public,trade,0,0,0,0,0,0,0,0,0
1788999100.390113,2188385,public,address,0,0,0,0,0,0,0,0,0
1788999100.390113,2188137,public,holding,0,0,0,0,0,0,0,0,0
1788999100.390113,2188333,public,last_trade,0,0,0,0,0,0,0,0,0
1788999100.390113,2188182,public,cash_transaction,0,0,0,0,0,0,0,0,0
1788999100.390113,2188359,public,sector,0,0,0,0,0,0,0,0,0
1788999100.390113,2188132,public,customer_taxrate,0,0,0,0,0,0,0,0,0
1788999160.469580,2188149,public,holding_history,0,0,0,0,0,0,0,0,0
1788999160.469580,2188343,public,news_item,0,0,0,0,0,0,0,0,0
1788999160.469580,2188122,public,customer_account,0,0,0,0,0,0,0,0,0
1788999160.469580,2188111,public,customer,0,0,0,0,0,0,0,0,0
1788999160.469580,2188162,public,watch_item,0,0,0,0,0,0,0,0,0
1788999160.469580,2188262,public,trade_type,0,0,0,0,0,0,0,0,0
1788999160.469580,2188167,public,watch_list,0,0,0,0,0,0,0,0,0
1788999160.469580,2188249,public,trade_request,0,0,0,0,0,0,0,0,0
1788999160.469580,2188198,public,commission_rate,0,0,0,0,0,0,0,0,0
1788999160.469580,2188243,public,trade_history,0,0,0,0,0,0,0,0,0
1788999160.469580,2188210,public,settlement,0,0,0,0,0,0,0,0,0
1788999160.469580,2188269,public,company,0,0,0,0,0,0,0,0,0
1788999160.469580,2188172,public,broker,0,0,0,0,0,0,0,0,0
1788999160.469580,2188307,public,financial,0,0,0,0,0,0,0,0,0
1788999160.469580,2188103,public,account_permission,0,0,0,0,0,0,0,0,0
1788999160.469580,2188156,public,holding_summary,0,0,0,0,0,0,0,0,0
1788999160.469580,2188390,public,status_type,0,0,0,0,0,0,0,0,0
1788999160.469580,2188395,public,taxrate,0,0,0,0,0,0,0,0,0
1788999160.469580,2188287,public,daily_market,0,0,0,0,0,0,0,0,0
1788999160.469580,2188190,public,charge,0,0,0,0,0,0,0,0,0
1788999160.469580,2188298,public,exchange,0,0,0,0,0,0,0,0,0
1788999160.469580,2188327,public,industry,0,0,0,0,0,0,0,0,0
1788999160.469580,2188281,public,company_competitor,0,0,0,0,0,0,0,0,0
1788999160.469580,2188364,public,security,0,0,0,0,0,0,0,0,0
1788999160.469580,2188354,public,news_xref,0,0,0,0,0,0,0,0,0
1788999160.469580,2188402,public,zip_code,0,0,0,0,0,0,0,0,0
1788999160.469580,2188219,public,trade,0,0,0,0,0,0,0,0,0
1788999160.469580,2188385,public,address,0,0,0,0,0,0,0,0,0
1788999160.469580,2188137,public,holding,0,0,0,0,0,0,0,0,0
1788999160.469580,2188333,public,last_trade,0,0,0,0,0,0,0,0,0
1788999160.469580,2188182,public,cash_transaction,0,0,0,0,0,0,0,0,0
1788999160.469580,2188359,public,sector,0,0,0,0,0,0,0,0,0
1788999160.469580,2188132,public,customer_taxrate,0,0,0,0,0,0,0,0,0
1788999220.583451,2188149,public,holding_history,0,0,0,0,0,0,0,0,0
1788999220.583451,2188343,public,news_item,0,0,0,0,0,0,0,0,0
1788999220.583451,2188122,public,customer_account,0,0,0,0,0,0,0,0,0
1788999220.583451,2188111,public,customer,0,0,0,0,0,0,0,0,0
1788999220.583451,2188162,public,watch_item,0,0,0,0,0,0,0,0,0
1788999220.583451,2188262,public,trade_type,0,0,0,0,0,0,0,0,0
1788999220.583451,2188167,public,watch_list,0,0,0,0,0,0,0,0,0
1788999220.583451,2188249,public,trade_request,0,0,0,0,0,0,0,0,0
1788999220.583451,2188198,public,commission_rate,0,0,0,0,0,0,0,0,0
1788999220.583451,2188243,public,trade_history,0,0,0,0,0,0,0,0,0
1788999220.583451,2188210,public,settlement,0,0,0,0,0,0,0,0,0
1788999220.583451,2188269,public,company,0,0,0,0,0,0,0,0,0
1788999220.583451,2188172,public,broker,0,0,0,0,0,0,0,0,0
1788999220.583451,2188307,public,financial,0,0,0,0,0,0,0,0,0
1788999220.583451,2188103,public,account_permission,0,0,0,0,0,0,0,0,0
1788999220.583451,2188156,public,holding_summary,0,0,0,0,0,0,0,0,0
1788999220.583451,2188390,public,status_type,0,0,0,0,0,0,0,0,0
1788999220.583451,2188395,public,taxrate,0,0,0,0,0,0,0,0,0
1788999220.583451,2188287,public,daily_market,0,0,0,0,0,0,0,0,0
1788999220.583451,2188190,public,charge,0,0,0,0,0,0,0,0,0
1788999220.583451,2188298,public,exchange,0,0,0,0,0,0,0,0,0
1788999220.583451,2188327,public,industry,0,0,0,0,0,0,0,0,0
1788999220.583451,2188281,public,company_competitor,0,0,0,0,0,0,0,0,0
1788999220.583451,2188364,public,security,0,0,0,0,0,0,0,0,0
1788999220.583451,2188354,public,news_xref,0,0,0,0,0,0,0,0,0
1788999220.583451,2188402,public,zip_code,0,0,0,0,0,0,0,0,0
1788999220.583451,2188219,public,trade,0,0,0,0,0,0,0,0,0
1788999220.583451,2188385,public,address,0,0,0,0,0,0,0,0,0
1788999220.583451,2188137,public,holding,0,0,0,0,0,0,0,0,0
1788999220.583451,2188333,public,last_trade,0,0,0,0,0,0,0,0,0
1788999220.583451,2188182,public,cash_transaction,0,0,0,0,0,0,0,0,0
1788999220.583451,2188359,public,sector,0,0,0,0,0,0,0,0,0
1788999220.583451,2188132,public,customer_taxrate,0,0,0,0,0,0,0,0,0
1788999280.663714,2188149,public,holding_history,0,0,0,0,0,0,0,0,0
1788999280.663714,2188343,public,news_item,0,0,0,0,0,0,0,0,0
1788999280.663714,2188122,public,customer_account,0,0,0,0,0,0,0,0,0
1788999280.663714,2188111,public,customer,0,0,0,0,0,0,0,0,0
1788999280.663714,2188162,public,watch_item,0,0,0,0,0,0,0,0,0
1788999280.663714,2188262,public,trade_type,0,0,0,0,0,0,0,0,0
1788999280.663714,2188167,public,watch_list,0,0,0,0,0,0,0,0,0
1788999280.663714,2188249,public,trade_request,0,0,0,0,0,0,0,0,0
1788999280.663714,2188198,public,commission_rate,0,0,0,0,0,0,0,0,0
1788999280.663714,2188243,public,trade_history,0,0,0,0,0,0,0,0,0
1788999280.663714,2188210,public,settlement,0,0,0,0,0,0,0,0,0
1788999280.663714,2188269,public,company,0,0,0,0,0,0,0,0,0
1788999280.663714,2188172,public,broker,0,0,0,0,0,0,0,0,0
1788999280.663714,2188307,public,financial,0,0,0,0,0,0,0,0,0
1788999280.663714,2188103,public,account_permission,0,0,0,0,0,0,0,0,0
1788999280.663714,2188156,public,holding_summary,0,0,0,0,0,0,0,0,0
1788999280.663714,2188390,public,status_type,0,0,0,0,0,0,0,0,0
1788999280.663714,2188395,public,taxrate,0,0,0,0,0,0,0,0,0
1788999280.663714,2188287,public,daily_market,0,0,0,0,0,0,0,0,0
1788999280.663714,2188190,public,charge,0,0,0,0,0,0,0,0,0
1788999280.663714,2188298,public,exchange,0,0,0,0,0,0,0,0,0
1788999280.663714,2188327,public,industry,0,0,0,0,0,0,0,0,0
1788999280.663714,2188281,public,company_competitor,0,0,0,0,0,0,0,0,0
1788999280.663714,2188364,public,security,0,0,0,0,0,0,0,0,0
1788999280.663714,2188354,public,news_xref,0,0,0,0,0,0,0,0,0
1788999280.663714,2188402,public,zip_code,0,0,0,0,0,0,0,0,0
1788999280.663714,2188219,public,trade,0,0,0,0,0,0,0,0,0
1788999280.663714,2188385,public,address,0,0,0,0,0,0,0,0,0
1788999280.663714,2188137,public,holding,0,0,0,0,0,0,0,0,0
1788999280.663714,2188333,public,last_trade,0,0,0,0,0,0,0,0,0
1788999280.663714,2188182,public,cash_transaction,0,0,0,0,0,0,0,0,0
1788999280.663714,2188359,public,sector,0,0,0,0,0,0,0,0,0
1788999280.663714,2188132,public,customer_taxrate,0,0,0,0,0,0,0,0,0
1788999340.802340,2188149,public,holding_history,0,0,0,0,0,0,0,0,0
1788999340.802340,2188343,public,news_item,0,0,0,0,0,0,0,0,0
1788999340.802340,2188122,public,customer_account,0,0,0,0,0,0,0,0,0
1788999340.802340,2188111,public,customer,0,0,0,0,0,0,0,0,0
1788999340.802340,2188162,public,watch_item,0,0,0,0,0,0,0,0,0
1788999340.802340,2188262,public,trade_type,0,0,0,0,0,0,0,0,0
1788999340.802340,2188167,public,watch_list,0,0,0,0,0,0,0,0,0
1788999340.802340,2188249,public,trade_request,0,0,0,0,0,0,0,0,0
1788999340.802340,2188198,public,commission_rate,0,0,0,0,0,0,0,0,0
1788999340.802340,2188243,public,trade_history,0,0,0,0,0,0,0,0,0
1788999340.802340,2188210,public,settlement,0,0,0,0,0,0,0,0,0
1788999340.802340,2188269,public,company,0,0,0,0,0,0,0,0,0
1788999340.802340,2188172,public,broker,0,0,0,0,0,0,0,0,0
1788999340.802340,2188307,public,financial,0,0,0,0,0,0,0,0,0
1788999340.802340,2188103,public,account_permission,0,0,0,0,0,0,0,0,0
1788999340.802340,2188156,public,holding_summary,0,0,0,0,0,0,0,0,0
1788999340.802340,2188390,public,status_type,0,0,0,0,0,0,0,0,0
1788999340.802340,2188395,public,taxrate,0,0,0,0,0,0,0,0,0
1788999340.802340,2188287,public,daily_market,0,0,0,0,0,0,0,0,0
1788999340.802340,2188190,public,charge,0,0,0,0,0,0,0,0,0
1788999340.802340,2188298,public,exchange,0,0,0,0,0,0,0,0,0
1788999340.802340,2188327,public,industry,0,0,0,0,0,0,0,0,0
1788999340.802340,2188281,public,company_competitor,0,0,0,0,0,0,0,0,0
1788999340.802340,2188364,public,security,0,0,0,0,0,0,0,0,0
1788999340.802340,2188354,public,news_xref,0,0,0,0,0,0,0,0,0
1788999340.802340,2188402,public,zip_code,0,0,0,0,0,0,0,0,0
1788999340.802340,2188219,public,trade,0,0,0,0,0,0,0,0,0
1788999340.802340,2188385,public,address,0,0,0,0,0,0,0,0,0
1788999340.802340,2188137,public,holding,0,0,0,0,0,0,0,0,0
1788999340.802340,2188333,public,last_trade,0,0,0,0,0,0,0,0,0
1788999340.802340,2188182,public,cash_transaction,0,0,0,0,0,0,0,0,0
1788999340.802340,2188359,public,sector,0,0,0,0,0,0,0,0,0
1788999340.802340,2188132,public,customer_taxrate,0,0,0,0,0,0,0,0,0
1788999400.929447,2188149,public,holding_history,0,0,0,0,0,0,0,0,0
1788999400.929447,2188343,public,news_item,0,0,0,0,0,0,0,0,0
1788999400.929447,2188122,public,customer_account,0,0,0,0,0,0,0,0,0
1788999400.929447,2188111,public,customer,0,0,0,0,0,0,0,0,0
1788999400.929447,2188162,public,watch_item,0,0,0,0,0,0,0,0,0
1788999400.929447,2188262,public,trade_type,0,0,0,0,0,0,0,0,0
1788999400.929447,2188167,public,watch_list,0,0,0,0,0,0,0,0,0
1788999400.929447,2188249,public,trade_request,0,0,0,0,0,0,0,0,0
1788999400.929447,2188198,public,commission_rate,0,0,0,0,0,0,0,0,0
1788999400.929447,2188243,public,trade_history,0,0,0,0,0,0,0,0,0
1788999400.929447,2188210,public,settlement,0,0,0,0,0,0,0,0,0
1788999400.929447,2188269,public,company,0,0,0,0,0,0,0,0,0
1788999400.929447,2188172,public,broker,0,0,0,0,0,0,0,0,0
1788999400.929447,2188307,public,financial,0,0,0,0,0,0,0,0,0
1788999400.929447,2188103,public,account_permission,0,0,0,0,0,0,0,0,0
1788999400.929447,2188156,public,holding_summary,0,0,0,0,0,0,0,0,0
1788999400.929447,2188390,public,status_type,0,0,0,0,0,0,0,0,0
1788999400.929447,2188395,public,taxrate,0,0,0,0,0,0,0,0,0
1788999400.929447,2188287,public,daily_market,0,0,0,0,0,0,0,0,0
1788999400.929447,2188190,public,charge,0,0,0,0,0,0,0,0,0
1788999400.929447,2188298,public,exchange,0,0,0,0,0,0,0,0,0
1788999400.929447,2188327,public,industry,0,0,0,0,0,0,0,0,0
1788999400.929447,2188281,public,company_competitor,0,0,0,0,0,0,0,0,0
1788999400.929447,2188364,public,security,0,0,0,0,0,0,0,0,0
1788999400.929447,2188354,public,news_xref,0,0,0,0,0,0,0,0,0
1788999400.929447,2188402,public,zip_code,0,0,0,0,0,0,0,0,0
1788999400.929447,2188219,public,trade,0,0,0,0,0,0,0,0,0
1788999400.929447,2188385,public,address,0,0,0,0,0,0,0,0,0
1788999400.929447,2188137,public,holding,0,0,0,0,0,0,0,0,0
1788999400.929447,2188333,public,last_trade,0,0,0,0,0,0,0,0,0
1788999400.929447,2188182,public,cash_transaction,0,0,0,0,0,0,0,0,0
1788999400.929447,2188359,public,sector,0,0,0,0,0,0,0,0,0
1788999400.929447,2188132,public,customer_taxrate,0,0,0,0,0,0,0,0,0
1788999461.018752,2188149,public,holding_history,0,0,0,0,0,0,0,0,0
1788999461.018752,2188343,public,news_item,0,0,0,0,0,0,0,0,0
1788999461.018752,2188122,public,customer_account,0,0,0,0,0,0,0,0,0
1788999461.018752,2188111,public,customer,0,0,0,0,0,0,0,0,0
1788999461.018752,2188162,public,watch_item,0,0,0,0,0,0,0,0,0
1788999461.018752,2188262,public,trade_type,0,0,0,0,0,0,0,0,0
1788999461.018752,2188167,public,watch_list,0,0,0,0,0,0,0,0,0
1788999461.018752,2188249,public,trade_request,0,0,0,0,0,0,0,0,0
1788999461.018752,2188198,public,commission_rate,0,0,0,0,0,0,0,0,0
1788999461.018752,2188243,public,trade_history,0,0,0,0,0,0,0,0,0
1788999461.018752,2188210,public,settlement,0,0,0,0,0,0,0,0,0
1788999461.018752,2188269,public,company,0,0,0,0,0,0,0,0,0
1788999461.018752,2188172,public,broker,0,0,0,0,0,0,0,0,0
1788999461.018752,2188307,public,financial,0,0,0,0,0,0,0,0,0
1788999461.018752,2188103,public,account_permission,0,0,0,0,0,0,0,0,0
1788999461.018752,2188156,public,holding_summary,0,0,0,0,0,0,0,0,0
1788999461.018752,2188390,public,status_type,0,0,0,0,0,0,0,0,0
1788999461.018752,2188395,public,taxrate,0,0,0,0,0,0,0,0,0
1788999461.018752,2188287,public,daily_market,0,0,0,0,0,0,0,0,0
1788999461.018752,2188190,public,charge,0,0,0,0,0,0,0,0,0
1788999461.018752,2188298,public,exchange,0,0,0,0,0,0,0,0,0
1788999461.018752,2188327,public,industry,0,0,0,0,0,0,0,0,0
1788999461.018752,2188281,public,company_competitor,0,0,0,0,0,0,0,0,0
1788999461.018752,2188364,public,security,0,0,0,0,0,0,0,0,0
1788999461.018752,2188354,public,news_xref,0,0,0,0,0,0,0,0,0
1788999461.018752,2188402,public,zip_code,0,0,0,0,0,0,0,0,0
1788999461.018752,2188219,public,trade,0,0,0,0,0,0,0,0,0
1788999461.018752,2188385,public,address,0,0,0,0,0,0,0,0,0
1788999461.018752,2188137,public,holding,0,0,0,0,0,0,0,0,0
1788999461.018752,2188333,public,last_trade,0,0,0,0,0,0,0,0,0
1788999461.018752,2188182,public,cash_transaction,0,0,0,0,0,0,0,0,0
1788999461.018752,2188359,public,sector,0,0,0,0,0,0,0,0,0
1788999461.018752,2188132,public,customer_taxrate,0,0,0,0,0,0,0,0,0
