ctime,relid,schemaname,relname,seq_scan,seq_tup_read,idx_scan,idx_tup_fetch,n_tup_ins,n_tup_upd,n_tup_del,n_tup_hot_upd,n_tup_newpage_upd
1789170097.302893,3394,pg_catalog,pg_init_privs,0,0,0,0,0,0,0,0,0
1789170097.302893,4167,pg_toast,pg_toast_3256,0,0,0,0,0,0,0,0,0
1789170097.302893,4151,pg_toast,pg_toast_1417,0,0,0,0,0,0,0,0,0
1789170097.302893,2834,pg_toast,pg_toast_2609,0,0,0,0,0,0,0,0,0
1789170097.302893,6000,pg_catalog,pg_replication_origin,0,0,0,0,0,0,0,0,0
1789170097.302893,2840,pg_toast,pg_toast_2619,0,0,0,0,0,0,0,0,0
1789170097.302893,2328,pg_catalog,pg_foreign_data_wrapper,0,0,0,0,0,0,0,0,0
1789170097.302893,4157,pg_toast,pg_toast_2612,0,0,0,0,0,0,0,0,0
1789170097.302893,1260,pg_catalog,pg_authid,0,0,0,0,0,0,0,0,0
1789170097.302893,2362182,pg_toast,pg_toast_2362174,0,0,0,0,0,0,0,0,0
1789170097.302893,6102,pg_catalog,pg_subscription_rel,0,0,0,0,0,0,0,0,0
1789170097.302893,1214,pg_catalog,pg_shdepend,0,0,0,0,0,0,0,0,0
1789170097.302893,4163,pg_toast,pg_toast_2615,0,0,0,0,0,0,0,0,0
1789170097.302893,2362193,pg_toast,pg_toast_2362184,0,0,0,0,0,0,0,0,0
1789170097.302893,4169,pg_toast,pg_toast_3600,0,0,0,0,0,0,0,0,0
1789170097.302893,2615,pg_catalog,pg_namespace,1,4,7,2,0,0,0,0,0
1789170097.302893,2396,pg_catalog,pg_shdescription,0,0,0,0,0,0,0,0,0
1789170097.302893,3600,pg_catalog,pg_ts_dict,0,0,0,0,0,0,0,0,0
1789170097.302893,3596,pg_catalog,pg_seclabel,0,0,0,0,0,0,0,0,0
1789170097.302893,2609,pg_catalog,pg_description,0,0,0,0,0,0,0,0,0
1789170097.302893,13482,pg_toast,pg_toast_13479,0,0,0,0,0,0,0,0,0
1789170097.302893,2362082,pg_toast,pg_toast_2362060,0,0,0,0,0,0,0,0,0
1789170097.302893,3603,pg_catalog,pg_ts_config_map,0,0,0,0,0,0,0,0,0
1789170097.302893,1213,pg_catalog,pg_tablespace,0,0,1,1,0,0,0,0,0
1789170097.302893,2608,pg_catalog,pg_depend,0,0,0,0,0,0,0,0,0
1789170097.302893,2964,pg_catalog,pg_db_role_setting,0,0,0,0,0,0,0,0,0
1789170097.302893,1418,pg_catalog,pg_user_mapping,0,0,0,0,0,0,0,0,0
1789170097.302893,2613,pg_catalog,pg_largeobject,0,0,0,0,0,0,0,0,0
1789170097.302893,6175,pg_toast,pg_toast_3456,0,0,0,0,0,0,0,0,0
1789170097.302893,1261,pg_catalog,pg_auth_members,0,0,0,0,0,0,0,0,0
1789170097.302893,2617,pg_catalog,pg_operator,0,0,8,8,0,0,0,0,0
1789170097.302893,2610,pg_catalog,pg_index,1,221,11,13,0,0,0,0,0
1789170097.302893,1249,pg_catalog,pg_attribute,0,0,76,104,0,0,0,0,0
1789170097.302893,2600,pg_catalog,pg_aggregate,0,0,1,1,0,0,0,0,0
1789170097.302893,2966,pg_toast,pg_toast_2964,0,0,0,0,0,0,0,0,0
1789170097.302893,2618,pg_catalog,pg_rewrite,0,0,2,2,0,0,0,0,0
1789170097.302893,4177,pg_toast,pg_toast_1262,0,0,0,0,0,0,0,0,0
1789170097.302893,13484,information_schema,sql_parts,0,0,,,0,0,0,0,0
1789170097.302893,4159,pg_toast,pg_toast_2600,0,0,0,0,0,0,0,0,0
1789170097.302893,4147,pg_toast,pg_toast_3079,0,0,0,0,0,0,0,0,0
1789170097.302893,13474,information_schema,sql_features,0,0,,,0,0,0,0,0
1789170097.302893,1247,pg_catalog,pg_type,0,0,25,25,0,0,0,0,0
1789170097.302893,2602,pg_catalog,pg_amop,0,0,16,28,0,0,0,0,0
1789170097.302893,3439,pg_toast,pg_toast_3381,0,0,0,0,0,0,0,0,0
1789170097.302893,2846,pg_toast,pg_toast_2396,0,0,0,0,0,0,0,0,0
1789170097.302893,4145,pg_toast,pg_toast_3466,0,0,0,0,0,0,0,0,0
1789170097.302893,3541,pg_catalog,pg_range,0,0,0,0,0,0,0,0,0
1789170097.302893,3602,pg_catalog,pg_ts_config,0,0,0,0,0,0,0,0,0
1789170097.302893,4183,pg_toast,pg_toast_6100,0,0,0,0,0,0,0,0,0
1789170097.302893,2224,pg_catalog,pg_sequence,0,0,0,0,0,0,0,0,0
1789170097.302893,2611,pg_catalog,pg_inherits,0,0,0,0,0,0,0,0,0
1789170097.302893,1417,pg_catalog,pg_foreign_server,0,0,0,0,0,0,0,0,0
1789170097.302893,1262,pg_catalog,pg_database,0,0,0,0,0,0,0,0,0
1789170097.302893,13492,pg_toast,pg_toast_13489,0,0,0,0,0,0,0,0,0
1789170097.302893,3501,pg_catalog,pg_enum,0,0,0,0,0,0,0,0,0
1789170097.302893,2607,pg_catalog,pg_conversion,0,0,0,0,0,0,0,0,0
1789170097.302893,826,pg_catalog,pg_default_acl,0,0,0,0,0,0,0,0,0
1789170097.302893,2604,pg_catalog,pg_attrdef,0,0,0,0,0,0,0,0,0
1789170097.302893,2336,pg_toast,pg_toast_2620,0,0,0,0,0,0,0,0,0
1789170097.302893,2603,pg_catalog,pg_amproc,0,0,5,11,0,0,0,0,0
1789170097.302893,2362101,pg_toast,pg_toast_2362090,0,0,0,0,0,0,0,0,0
1789170097.302893,2606,pg_catalog,pg_constraint,0,0,3,8,0,0,0,0,0
1789170097.302893,1255,pg_catalog,pg_proc,0,0,21,26,0,0,0,0,0
1789170097.302893,4173,pg_toast,pg_toast_1418,0,0,0,0,0,0,0,0,0
1789170097.302893,2620,pg_catalog,pg_trigger,0,0,0,0,0,0,0,0,0
1789170097.302893,2362037,pg_toast,pg_toast_2362031,0,0,0,0,0,0,0,0,0
1789170097.302893,2612,pg_catalog,pg_language,0,0,0,0,0,0,0,0,0
1789170097.302893,4149,pg_toast,pg_toast_2328,0,0,0,0,0,0,0,0,0
1789170097.302893,6351,pg_toast,pg_toast_2610,0,0,0,0,0,0,0,0,0
1789170097.302893,13489,information_schema,sql_sizing,0,0,,,0,0,0,0,0
1789170097.302893,3598,pg_toast,pg_toast_3596,0,0,0,0,0,0,0,0,0
1789170097.302893,2836,pg_toast,pg_toast_1255,0,0,0,0,0,0,0,0,0
1789170097.302893,2362021,pg_toast,pg_toast_2362013,0,0,0,0,0,0,0,0,0
1789170097.302893,2362166,pg_toast,pg_toast_2362148,0,0,0,0,0,0,0,0,0
1789170097.302893,3456,pg_catalog,pg_collation,0,0,1,1,0,0,0,0,0
1789170097.302893,3079,pg_catalog,pg_extension,0,0,0,0,0,0,0,0,0
1789170097.302893,6100,pg_catalog,pg_subscription,0,0,0,0,0,0,0,0,0
1789170097.302893,2832,pg_toast,pg_toast_2606,0,0,0,0,0,0,0,0,0
1789170097.302893,3256,pg_catalog,pg_policy,0,0,0,0,0,0,0,0,0
1789170097.302893,2362029,pg_toast,pg_toast_2362023,0,0,0,0,0,0,0,0,0
1789170097.302893,3466,pg_catalog,pg_event_trigger,0,0,0,0,0,0,0,0,0
1789170097.302893,2362058,pg_toast,pg_toast_2362051,0,0,0,0,0,0,0,0,0
1789170097.302893,3592,pg_catalog,pg_shseclabel,0,0,0,0,0,0,0,0,0
1789170097.302893,3764,pg_catalog,pg_ts_template,0,0,0,0,0,0,0,0,0
1789170097.302893,6237,pg_catalog,pg_publication_namespace,0,0,0,0,0,0,0,0,0
1789170097.302893,13487,pg_toast,pg_toast_13484,0,0,0,0,0,0,0,0,0
1789170097.302893,2995,pg_catalog,pg_largeobject_metadata,0,0,0,0,0,0,0,0,0
1789170097.302893,4143,pg_toast,pg_toast_826,0,0,0,0,0,0,0,0,0
1789170097.302893,4185,pg_toast,pg_toast_1213,0,0,0,0,0,0,0,0,0
1789170097.302893,6243,pg_catalog,pg_parameter_acl,0,0,0,0,0,0,0,0,0
1789170097.302893,2361988,pg_toast,pg_toast_2361978,0,0,0,0,0,0,0,0,0
1789170097.302893,2616,pg_catalog,pg_opclass,0,0,10,179,0,0,0,0,0
1789170097.302893,2362137,pg_toast,pg_toast_2362128,0,0,0,0,0,0,0,0,0
1789170097.302893,2838,pg_toast,pg_toast_2618,0,0,1,3,0,0,0,0,0
1789170097.302893,6228,pg_toast,pg_toast_6106,0,0,0,0,0,0,0,0,0
1789170097.302893,3118,pg_catalog,pg_foreign_table,0,0,0,0,0,0,0,0,0
1789170097.302893,1259,pg_catalog,pg_class,1,523,14,14,0,0,0,0,0
1789170097.302893,3350,pg_catalog,pg_partitioned_table,0,0,0,0,0,0,0,0,0
1789170097.302893,4153,pg_toast,pg_toast_3118,0,0,0,0,0,0,0,0,0
1789170097.302893,4060,pg_toast,pg_toast_3592,0,0,0,0,0,0,0,0,0
1789170097.302893,4165,pg_toast,pg_toast_3350,0,0,0,0,0,0,0,0,0
1789170097.302893,2753,pg_catalog,pg_opfamily,0,0,2,2,0,0,0,0,0
1789170097.302893,3601,pg_catalog,pg_ts_parser,0,0,0,0,0,0,0,0,0
1789170097.302893,6104,pg_catalog,pg_publication,0,0,0,0,0,0,0,0,0
1789170097.302893,13477,pg_toast,pg_toast_13474,0,0,0,0,0,0,0,0,0
1789170097.302893,3429,pg_catalog,pg_statistic_ext_data,0,0,0,0,0,0,0,0,0
1789170097.302893,2619,pg_catalog,pg_statistic,0,0,17,8,0,0,0,0,0
1789170097.302893,4155,pg_toast,pg_toast_3394,0,0,0,0,0,0,0,0,0
1789170097.302893,2362224,pg_toast,pg_toast_2362205,0,0,0,0,0,0,0,0,0
1789170097.302893,3381,pg_catalog,pg_statistic_ext,0,0,3,0,0,0,0,0,0
1789170097.302893,6106,pg_catalog,pg_publication_rel,0,0,0,0,0,0,0,0,0
1789170097.302893,2605,pg_catalog,pg_cast,0,0,54,8,0,0,0,0,0
1789170097.302893,4171,pg_toast,pg_toast_1247,0,0,0,0,0,0,0,0,0
1789170097.302893,2830,pg_toast,pg_toast_2604,0,0,0,0,0,0,0,0,0
1789170097.302893,13479,information_schema,sql_implementation_info,0,0,,,0,0,0,0,0
1789170097.302893,6244,pg_toast,pg_toast_6243,0,0,0,0,0,0,0,0,0
1789170097.302893,2361971,pg_toast,pg_toast_2361963,0,0,0,0,0,0,0,0,0
1789170097.302893,3430,pg_toast,pg_toast_3429,0,0,0,0,0,0,0,0,0
1789170097.302893,3576,pg_catalog,pg_transform,0,0,0,0,0,0,0,0,0
1789170097.302893,2601,pg_catalog,pg_am,0,0,0,0,0,0,0,0,0
1789170157.382253,3394,pg_catalog,pg_init_privs,0,0,0,0,0,0,0,0,0
1789170157.382253,4167,pg_toast,pg_toast_3256,0,0,0,0,0,0,0,0,0
1789170157.382253,4151,pg_toast,pg_toast_1417,0,0,0,0,0,0,0,0,0
1789170157.382253,2834,pg_toast,pg_toast_2609,0,0,0,0,0,0,0,0,0
1789170157.382253,6000,pg_catalog,pg_replication_origin,0,0,0,0,0,0,0,0,0
1789170157.382253,2840,pg_toast,pg_toast_2619,0,0,0,0,0,0,0,0,0
1789170157.382253,2328,pg_catalog,pg_foreign_data_wrapper,0,0,0,0,0,0,0,0,0
1789170157.382253,4157,pg_toast,pg_toast_2612,0,0,0,0,0,0,0,0,0
1789170157.382253,1260,pg_catalog,pg_authid,0,0,0,0,0,0,0,0,0
1789170157.382253,2362182,pg_toast,pg_toast_2362174,0,0,0,0,0,0,0,0,0
1789170157.382253,6102,pg_catalog,pg_subscription_rel,0,0,0,0,0,0,0,0,0
1789170157.382253,1214,pg_catalog,pg_shdepend,0,0,0,0,0,0,0,0,0
1789170157.382253,4163,pg_toast,pg_toast_2615,0,0,0,0,0,0,0,0,0
1789170157.382253,2362193,pg_toast,pg_toast_2362184,0,0,0,0,0,0,0,0,0
1789170157.382253,4169,pg_toast,pg_toast_3600,0,0,0,0,0,0,0,0,0
1789170157.382253,2615,pg_catalog,pg_namespace,1,4,7,2,0,0,0,0,0
1789170157.382253,2396,pg_catalog,pg_shdescription,0,0,0,0,0,0,0,0,0
1789170157.382253,3600,pg_catalog,pg_ts_dict,0,0,0,0,0,0,0,0,0
1789170157.382253,3596,pg_catalog,pg_seclabel,0,0,0,0,0,0,0,0,0
1789170157.382253,2609,pg_catalog,pg_description,0,0,0,0,0,0,0,0,0
1789170157.382253,13482,pg_toast,pg_toast_13479,0,0,0,0,0,0,0,0,0
1789170157.382253,2362082,pg_toast,pg_toast_2362060,0,0,0,0,0,0,0,0,0
1789170157.382253,3603,pg_catalog,pg_ts_config_map,0,0,0,0,0,0,0,0,0
1789170157.382253,1213,pg_catalog,pg_tablespace,0,0,1,1,0,0,0,0,0
1789170157.382253,2608,pg_catalog,pg_depend,0,0,0,0,0,0,0,0,0
1789170157.382253,2964,pg_catalog,pg_db_role_setting,0,0,0,0,0,0,0,0,0
1789170157.382253,1418,pg_catalog,pg_user_mapping,0,0,0,0,0,0,0,0,0
1789170157.382253,2613,pg_catalog,pg_largeobject,0,0,0,0,0,0,0,0,0
1789170157.382253,6175,pg_toast,pg_toast_3456,0,0,0,0,0,0,0,0,0
1789170157.382253,1261,pg_catalog,pg_auth_members,0,0,0,0,0,0,0,0,0
1789170157.382253,2617,pg_catalog,pg_operator,0,0,8,8,0,0,0,0,0
1789170157.382253,2610,pg_catalog,pg_index,1,221,11,13,0,0,0,0,0
1789170157.382253,1249,pg_catalog,pg_attribute,0,0,76,104,0,0,0,0,0
1789170157.382253,2600,pg_catalog,pg_aggregate,0,0,1,1,0,0,0,0,0
1789170157.382253,2966,pg_toast,pg_toast_2964,0,0,0,0,0,0,0,0,0
1789170157.382253,2618,pg_catalog,pg_rewrite,0,0,2,2,0,0,0,0,0
1789170157.382253,4177,pg_toast,pg_toast_1262,0,0,0,0,0,0,0,0,0
1789170157.382253,13484,information_schema,sql_parts,0,0,,,0,0,0,0,0
1789170157.382253,4159,pg_toast,pg_toast_2600,0,0,0,0,0,0,0,0,0
1789170157.382253,4147,pg_toast,pg_toast_3079,0,0,0,0,0,0,0,0,0
1789170157.382253,13474,information_schema,sql_features,0,0,,,0,0,0,0,0
1789170157.382253,1247,pg_catalog,pg_type,0,0,25,25,0,0,0,0,0
1789170157.382253,2602,pg_catalog,pg_amop,0,0,16,28,0,0,0,0,0
1789170157.382253,3439,pg_toast,pg_toast_3381,0,0,0,0,0,0,0,0,0
1789170157.382253,2846,pg_toast,pg_toast_2396,0,0,0,0,0,0,0,0,0
1789170157.382253,4145,pg_toast,pg_toast_3466,0,0,0,0,0,0,0,0,0
1789170157.382253,3541,pg_catalog,pg_range,0,0,0,0,0,0,0,0,0
1789170157.382253,3602,pg_catalog,pg_ts_config,0,0,0,0,0,0,0,0,0
1789170157.382253,4183,pg_toast,pg_toast_6100,0,0,0,0,0,0,0,0,0
1789170157.382253,2224,pg_catalog,pg_sequence,0,0,0,0,0,0,0,0,0
1789170157.382253,2611,pg_catalog,pg_inherits,0,0,0,0,0,0,0,0,0
1789170157.382253,1417,pg_catalog,pg_foreign_server,0,0,0,0,0,0,0,0,0
1789170157.382253,1262,pg_catalog,pg_database,0,0,0,0,0,0,0,0,0
1789170157.382253,13492,pg_toast,pg_toast_13489,0,0,0,0,0,0,0,0,0
1789170157.382253,3501,pg_catalog,pg_enum,0,0,0,0,0,0,0,0,0
1789170157.382253,2607,pg_catalog,pg_conversion,0,0,0,0,0,0,0,0,0
1789170157.382253,826,pg_catalog,pg_default_acl,0,0,0,0,0,0,0,0,0
1789170157.382253,2604,pg_catalog,pg_attrdef,0,0,0,0,0,0,0,0,0
1789170157.382253,2336,pg_toast,pg_toast_2620,0,0,0,0,0,0,0,0,0
1789170157.382253,2603,pg_catalog,pg_amproc,0,0,5,11,0,0,0,0,0
1789170157.382253,2362101,pg_toast,pg_toast_2362090,0,0,0,0,0,0,0,0,0
1789170157.382253,2606,pg_catalog,pg_constraint,0,0,3,8,0,0,0,0,0
1789170157.382253,1255,pg_catalog,pg_proc,0,0,21,26,0,0,0,0,0
1789170157.382253,4173,pg_toast,pg_toast_1418,0,0,0,0,0,0,0,0,0
1789170157.382253,2620,pg_catalog,pg_trigger,0,0,0,0,0,0,0,0,0
1789170157.382253,2362037,pg_toast,pg_toast_2362031,0,0,0,0,0,0,0,0,0
1789170157.382253,2612,pg_catalog,pg_language,0,0,0,0,0,0,0,0,0
1789170157.382253,4149,pg_toast,pg_toast_2328,0,0,0,0,0,0,0,0,0
1789170157.382253,6351,pg_toast,pg_toast_2610,0,0,0,0,0,0,0,0,0
1789170157.382253,13489,information_schema,sql_sizing,0,0,,,0,0,0,0,0
1789170157.382253,3598,pg_toast,pg_toast_3596,0,0,0,0,0,0,0,0,0
1789170157.382253,2836,pg_toast,pg_toast_1255,0,0,0,0,0,0,0,0,0
1789170157.382253,2362021,pg_toast,pg_toast_2362013,0,0,0,0,0,0,0,0,0
1789170157.382253,2362166,pg_toast,pg_toast_2362148,0,0,0,0,0,0,0,0,0
1789170157.382253,3456,pg_catalog,pg_collation,0,0,1,1,0,0,0,0,0
1789170157.382253,3079,pg_catalog,pg_extension,0,0,0,0,0,0,0,0,0
1789170157.382253,6100,pg_catalog,pg_subscription,0,0,0,0,0,0,0,0,0
1789170157.382253,2832,pg_toast,pg_toast_2606,0,0,0,0,0,0,0,0,0
1789170157.382253,3256,pg_catalog,pg_policy,0,0,0,0,0,0,0,0,0
1789170157.382253,2362029,pg_toast,pg_toast_2362023,0,0,0,0,0,0,0,0,0
1789170157.382253,3466,pg_catalog,pg_event_trigger,0,0,0,0,0,0,0,0,0
1789170157.382253,2362058,pg_toast,pg_toast_2362051,0,0,0,0,0,0,0,0,0
1789170157.382253,3592,pg_catalog,pg_shseclabel,0,0,0,0,0,0,0,0,0
1789170157.382253,3764,pg_catalog,pg_ts_template,0,0,0,0,0,0,0,0,0
1789170157.382253,6237,pg_catalog,pg_publication_namespace,0,0,0,0,0,0,0,0,0
1789170157.382253,13487,pg_toast,pg_toast_13484,0,0,0,0,0,0,0,0,0
1789170157.382253,2995,pg_catalog,pg_largeobject_metadata,0,0,0,0,0,0,0,0,0
1789170157.382253,4143,pg_toast,pg_toast_826,0,0,0,0,0,0,0,0,0
1789170157.382253,4185,pg_toast,pg_toast_1213,0,0,0,0,0,0,0,0,0
1789170157.382253,6243,pg_catalog,pg_parameter_acl,0,0,0,0,0,0,0,0,0
1789170157.382253,2361988,pg_toast,pg_toast_2361978,0,0,0,0,0,0,0,0,0
1789170157.382253,2616,pg_catalog,pg_opclass,0,0,10,179,0,0,0,0,0
1789170157.382253,2362137,pg_toast,pg_toast_2362128,0,0,0,0,0,0,0,0,0
1789170157.382253,2838,pg_toast,pg_toast_2618,0,0,1,3,0,0,0,0,0
1789170157.382253,6228,pg_toast,pg_toast_6106,0,0,0,0,0,0,0,0,0
1789170157.382253,3118,pg_catalog,pg_foreign_table,0,0,0,0,0,0,0,0,0
1789170157.382253,1259,pg_catalog,pg_class,1,523,14,14,0,0,0,0,0
1789170157.382253,3350,pg_catalog,pg_partitioned_table,0,0,0,0,0,0,0,0,0
1789170157.382253,4153,pg_toast,pg_toast_3118,0,0,0,0,0,0,0,0,0
1789170157.382253,4060,pg_toast,pg_toast_3592,0,0,0,0,0,0,0,0,0
1789170157.382253,4165,pg_toast,pg_toast_3350,0,0,0,0,0,0,0,0,0
1789170157.382253,2753,pg_catalog,pg_opfamily,0,0,2,2,0,0,0,0,0
1789170157.382253,3601,pg_catalog,pg_ts_parser,0,0,0,0,0,0,0,0,0
1789170157.382253,6104,pg_catalog,pg_publication,0,0,0,0,0,0,0,0,0
1789170157.382253,13477,pg_toast,pg_toast_13474,0,0,0,0,0,0,0,0,0
1789170157.382253,3429,pg_catalog,pg_statistic_ext_data,0,0,0,0,0,0,0,0,0
1789170157.382253,2619,pg_catalog,pg_statistic,0,0,17,8,0,0,0,0,0
1789170157.382253,4155,pg_toast,pg_toast_3394,0,0,0,0,0,0,0,0,0
1789170157.382253,2362224,pg_toast,pg_toast_2362205,0,0,0,0,0,0,0,0,0
1789170157.382253,3381,pg_catalog,pg_statistic_ext,0,0,3,0,0,0,0,0,0
1789170157.382253,6106,pg_catalog,pg_publication_rel,0,0,0,0,0,0,0,0,0
1789170157.382253,2605,pg_catalog,pg_cast,0,0,54,8,0,0,0,0,0
1789170157.382253,4171,pg_toast,pg_toast_1247,0,0,0,0,0,0,0,0,0
1789170157.382253,2830,pg_toast,pg_toast_2604,0,0,0,0,0,0,0,0,0
1789170157.382253,13479,information_schema,sql_implementation_info,0,0,,,0,0,0,0,0
1789170157.382253,6244,pg_toast,pg_toast_6243,0,0,0,0,0,0,0,0,0
1789170157.382253,2361971,pg_toast,pg_toast_2361963,0,0,0,0,0,0,0,0,0
1789170157.382253,3430,pg_toast,pg_toast_3429,0,0,0,0,0,0,0,0,0
1789170157.382253,3576,pg_catalog,pg_transform,0,0,0,0,0,0,0,0,0
1789170157.382253,2601,pg_catalog,pg_am,0,0,0,0,0,0,0,0,0
1789170217.475350,3394,pg_catalog,pg_init_privs,0,0,0,0,0,0,0,0,0
1789170217.475350,4167,pg_toast,pg_toast_3256,0,0,0,0,0,0,0,0,0
1789170217.475350,4151,pg_toast,pg_toast_1417,0,0,0,0,0,0,0,0,0
1789170217.475350,2834,pg_toast,pg_toast_2609,0,0,0,0,0,0,0,0,0
1789170217.475350,6000,pg_catalog,pg_replication_origin,0,0,0,0,0,0,0,0,0
1789170217.475350,2840,pg_toast,pg_toast_2619,0,0,0,0,0,0,0,0,0
1789170217.475350,2328,pg_catalog,pg_foreign_data_wrapper,0,0,0,0,0,0,0,0,0
1789170217.475350,4157,pg_toast,pg_toast_2612,0,0,0,0,0,0,0,0,0
1789170217.475350,1260,pg_catalog,pg_authid,0,0,0,0,0,0,0,0,0
1789170217.475350,2362182,pg_toast,pg_toast_2362174,0,0,0,0,0,0,0,0,0
1789170217.475350,6102,pg_catalog,pg_subscription_rel,0,0,0,0,0,0,0,0,0
1789170217.475350,1214,pg_catalog,pg_shdepend,0,0,0,0,0,0,0,0,0
1789170217.475350,4163,pg_toast,pg_toast_2615,0,0,0,0,0,0,0,0,0
1789170217.475350,2362193,pg_toast,pg_toast_2362184,0,0,0,0,0,0,0,0,0
1789170217.475350,4169,pg_toast,pg_toast_3600,0,0,0,0,0,0,0,0,0
1789170217.475350,2615,pg_catalog,pg_namespace,1,4,7,2,0,0,0,0,0
1789170217.475350,2396,pg_catalog,pg_shdescription,0,0,0,0,0,0,0,0,0
1789170217.475350,3600,pg_catalog,pg_ts_dict,0,0,0,0,0,0,0,0,0
1789170217.475350,3596,pg_catalog,pg_seclabel,0,0,0,0,0,0,0,0,0
1789170217.475350,2609,pg_catalog,pg_description,0,0,0,0,0,0,0,0,0
1789170217.475350,13482,pg_toast,pg_toast_13479,0,0,0,0,0,0,0,0,0
1789170217.475350,2362082,pg_toast,pg_toast_2362060,0,0,0,0,0,0,0,0,0
1789170217.475350,3603,pg_catalog,pg_ts_config_map,0,0,0,0,0,0,0,0,0
1789170217.475350,1213,pg_catalog,pg_tablespace,0,0,1,1,0,0,0,0,0
1789170217.475350,2608,pg_catalog,pg_depend,0,0,0,0,0,0,0,0,0
1789170217.475350,2964,pg_catalog,pg_db_role_setting,0,0,0,0,0,0,0,0,0
1789170217.475350,1418,pg_catalog,pg_user_mapping,0,0,0,0,0,0,0,0,0
1789170217.475350,2613,pg_catalog,pg_largeobject,0,0,0,0,0,0,0,0,0
1789170217.475350,6175,pg_toast,pg_toast_3456,0,0,0,0,0,0,0,0,0
1789170217.475350,1261,pg_catalog,pg_auth_members,0,0,0,0,0,0,0,0,0
1789170217.475350,2617,pg_catalog,pg_operator,0,0,8,8,0,0,0,0,0
1789170217.475350,2610,pg_catalog,pg_index,1,221,11,13,0,0,0,0,0
1789170217.475350,1249,pg_catalog,pg_attribute,0,0,76,104,0,0,0,0,0
1789170217.475350,2600,pg_catalog,pg_aggregate,0,0,1,1,0,0,0,0,0
1789170217.475350,2966,pg_toast,pg_toast_2964,0,0,0,0,0,0,0,0,0
1789170217.475350,2618,pg_catalog,pg_rewrite,0,0,2,2,0,0,0,0,0
1789170217.475350,4177,pg_toast,pg_toast_1262,0,0,0,0,0,0,0,0,0
1789170217.475350,13484,information_schema,sql_parts,0,0,,,0,0,0,0,0
1789170217.475350,4159,pg_toast,pg_toast_2600,0,0,0,0,0,0,0,0,0
1789170217.475350,4147,pg_toast,pg_toast_3079,0,0,0,0,0,0,0,0,0
1789170217.475350,13474,information_schema,sql_features,0,0,,,0,0,0,0,0
1789170217.475350,1247,pg_catalog,pg_type,0,0,25,25,0,0,0,0,0
1789170217.475350,2602,pg_catalog,pg_amop,0,0,16,28,0,0,0,0,0
1789170217.475350,3439,pg_toast,pg_toast_3381,0,0,0,0,0,0,0,0,0
1789170217.475350,2846,pg_toast,pg_toast_2396,0,0,0,0,0,0,0,0,0
1789170217.475350,4145,pg_toast,pg_toast_3466,0,0,0,0,0,0,0,0,0
1789170217.475350,3541,pg_catalog,pg_range,0,0,0,0,0,0,0,0,0
1789170217.475350,3602,pg_catalog,pg_ts_config,0,0,0,0,0,0,0,0,0
1789170217.475350,4183,pg_toast,pg_toast_6100,0,0,0,0,0,0,0,0,0
1789170217.475350,2224,pg_catalog,pg_sequence,0,0,0,0,0,0,0,0,0
1789170217.475350,2611,pg_catalog,pg_inherits,0,0,0,0,0,0,0,0,0
1789170217.475350,1417,pg_catalog,pg_foreign_server,0,0,0,0,0,0,0,0,0
1789170217.475350,1262,pg_catalog,pg_database,0,0,0,0,0,0,0,0,0
1789170217.475350,13492,pg_toast,pg_toast_13489,0,0,0,0,0,0,0,0,0
1789170217.475350,3501,pg_catalog,pg_enum,0,0,0,0,0,0,0,0,0
1789170217.475350,2607,pg_catalog,pg_conversion,0,0,0,0,0,0,0,0,0
1789170217.475350,826,pg_catalog,pg_default_acl,0,0,0,0,0,0,0,0,0
1789170217.475350,2604,pg_catalog,pg_attrdef,0,0,0,0,0,0,0,0,0
1789170217.475350,2336,pg_toast,pg_toast_2620,0,0,0,0,0,0,0,0,0
1789170217.475350,2603,pg_catalog,pg_amproc,0,0,5,11,0,0,0,0,0
1789170217.475350,2362101,pg_toast,pg_toast_2362090,0,0,0,0,0,0,0,0,0
1789170217.475350,2606,pg_catalog,pg_constraint,0,0,3,8,0,0,0,0,0
1789170217.475350,1255,pg_catalog,pg_proc,0,0,21,26,0,0,0,0,0
1789170217.475350,4173,pg_toast,pg_toast_1418,0,0,0,0,0,0,0,0,0
1789170217.475350,2620,pg_catalog,pg_trigger,0,0,0,0,0,0,0,0,0
1789170217.475350,2362037,pg_toast,pg_toast_2362031,0,0,0,0,0,0,0,0,0
1789170217.475350,2612,pg_catalog,pg_language,0,0,0,0,0,0,0,0,0
1789170217.475350,4149,pg_toast,pg_toast_2328,0,0,0,0,0,0,0,0,0
1789170217.475350,6351,pg_toast,pg_toast_2610,0,0,0,0,0,0,0,0,0
1789170217.475350,13489,information_schema,sql_sizing,0,0,,,0,0,0,0,0
1789170217.475350,3598,pg_toast,pg_toast_3596,0,0,0,0,0,0,0,0,0
1789170217.475350,2836,pg_toast,pg_toast_1255,0,0,0,0,0,0,0,0,0
1789170217.475350,2362021,pg_toast,pg_toast_2362013,0,0,0,0,0,0,0,0,0
1789170217.475350,2362166,pg_toast,pg_toast_2362148,0,0,0,0,0,0,0,0,0
1789170217.475350,3456,pg_catalog,pg_collation,0,0,1,1,0,0,0,0,0
1789170217.475350,3079,pg_catalog,pg_extension,0,0,0,0,0,0,0,0,0
1789170217.475350,6100,pg_catalog,pg_subscription,0,0,0,0,0,0,0,0,0
1789170217.475350,2832,pg_toast,pg_toast_2606,0,0,0,0,0,0,0,0,0
1789170217.475350,3256,pg_catalog,pg_policy,0,0,0,0,0,0,0,0,0
1789170217.475350,2362029,pg_toast,pg_toast_2362023,0,0,0,0,0,0,0,0,0
1789170217.475350,3466,pg_catalog,pg_event_trigger,0,0,0,0,0,0,0,0,0
1789170217.475350,2362058,pg_toast,pg_toast_2362051,0,0,0,0,0,0,0,0,0
1789170217.475350,3592,pg_catalog,pg_shseclabel,0,0,0,0,0,0,0,0,0
1789170217.475350,3764,pg_catalog,pg_ts_template,0,0,0,0,0,0,0,0,0
1789170217.475350,6237,pg_catalog,pg_publication_namespace,0,0,0,0,0,0,0,0,0
1789170217.475350,13487,pg_toast,pg_toast_13484,0,0,0,0,0,0,0,0,0
1789170217.475350,2995,pg_catalog,pg_largeobject_metadata,0,0,0,0,0,0,0,0,0
1789170217.475350,4143,pg_toast,pg_toast_826,0,0,0,0,0,0,0,0,0
1789170217.475350,4185,pg_toast,pg_toast_1213,0,0,0,0,0,0,0,0,0
1789170217.475350,6243,pg_catalog,pg_parameter_acl,0,0,0,0,0,0,0,0,0
1789170217.475350,2361988,pg_toast,pg_toast_2361978,0,0,0,0,0,0,0,0,0
1789170217.475350,2616,pg_catalog,pg_opclass,0,0,10,179,0,0,0,0,0
1789170217.475350,2362137,pg_toast,pg_toast_2362128,0,0,0,0,0,0,0,0,0
1789170217.475350,2838,pg_toast,pg_toast_2618,0,0,1,3,0,0,0,0,0
1789170217.475350,6228,pg_toast,pg_toast_6106,0,0,0,0,0,0,0,0,0
1789170217.475350,3118,pg_catalog,pg_foreign_table,0,0,0,0,0,0,0,0,0
1789170217.475350,1259,pg_catalog,pg_class,1,523,14,14,0,0,0,0,0
1789170217.475350,3350,pg_catalog,pg_partitioned_table,0,0,0,0,0,0,0,0,0
1789170217.475350,4153,pg_toast,pg_toast_3118,0,0,0,0,0,0,0,0,0
1789170217.475350,4060,pg_toast,pg_toast_3592,0,0,0,0,0,0,0,0,0
1789170217.475350,4165,pg_toast,pg_toast_3350,0,0,0,0,0,0,0,0,0
1789170217.475350,2753,pg_catalog,pg_opfamily,0,0,2,2,0,0,0,0,0
1789170217.475350,3601,pg_catalog,pg_ts_parser,0,0,0,0,0,0,0,0,0
1789170217.475350,6104,pg_catalog,pg_publication,0,0,0,0,0,0,0,0,0
1789170217.475350,13477,pg_toast,pg_toast_13474,0,0,0,0,0,0,0,0,0
1789170217.475350,3429,pg_catalog,pg_statistic_ext_data,0,0,0,0,0,0,0,0,0
1789170217.475350,2619,pg_catalog,pg_statistic,0,0,17,8,0,0,0,0,0
1789170217.475350,4155,pg_toast,pg_toast_3394,0,0,0,0,0,0,0,0,0
1789170217.475350,2362224,pg_toast,pg_toast_2362205,0,0,0,0,0,0,0,0,0
1789170217.475350,3381,pg_catalog,pg_statistic_ext,0,0,3,0,0,0,0,0,0
1789170217.475350,6106,pg_catalog,pg_publication_rel,0,0,0,0,0,0,0,0,0
1789170217.475350,2605,pg_catalog,pg_cast,0,0,54,8,0,0,0,0,0
1789170217.475350,4171,pg_toast,pg_toast_1247,0,0,0,0,0,0,0,0,0
1789170217.475350,2830,pg_toast,pg_toast_2604,0,0,0,0,0,0,0,0,0
1789170217.475350,13479,information_schema,sql_implementation_info,0,0,,,0,0,0,0,0
1789170217.475350,6244,pg_toast,pg_toast_6243,0,0,0,0,0,0,0,0,0
1789170217.475350,2361971,pg_toast,pg_toast_2361963,0,0,0,0,0,0,0,0,0
1789170217.475350,3430,pg_toast,pg_toast_3429,0,0,0,0,0,0,0,0,0
1789170217.475350,3576,pg_catalog,pg_transform,0,0,0,0,0,0,0,0,0
1789170217.475350,2601,pg_catalog,pg_am,0,0,0,0,0,0,0,0,0
1789170277.552174,3394,pg_catalog,pg_init_privs,0,0,0,0,0,0,0,0,0
1789170277.552174,4167,pg_toast,pg_toast_3256,0,0,0,0,0,0,0,0,0
1789170277.552174,4151,pg_toast,pg_toast_1417,0,0,0,0,0,0,0,0,0
1789170277.552174,2834,pg_toast,pg_toast_2609,0,0,0,0,0,0,0,0,0
1789170277.552174,6000,pg_catalog,pg_replication_origin,0,0,0,0,0,0,0,0,0
1789170277.552174,2840,pg_toast,pg_toast_2619,0,0,0,0,0,0,0,0,0
1789170277.552174,2328,pg_catalog,pg_foreign_data_wrapper,0,0,0,0,0,0,0,0,0
1789170277.552174,4157,pg_toast,pg_toast_2612,0,0,0,0,0,0,0,0,0
1789170277.552174,1260,pg_catalog,pg_authid,0,0,0,0,0,0,0,0,0
1789170277.552174,2362182,pg_toast,pg_toast_2362174,0,0,0,0,0,0,0,0,0
1789170277.552174,6102,pg_catalog,pg_subscription_rel,0,0,0,0,0,0,0,0,0
1789170277.552174,1214,pg_catalog,pg_shdepend,0,0,0,0,0,0,0,0,0
1789170277.552174,4163,pg_toast,pg_toast_2615,0,0,0,0,0,0,0,0,0
1789170277.552174,2362193,pg_toast,pg_toast_2362184,0,0,0,0,0,0,0,0,0
1789170277.552174,4169,pg_toast,pg_toast_3600,0,0,0,0,0,0,0,0,0
1789170277.552174,2615,pg_catalog,pg_namespace,1,4,7,2,0,0,0,0,0
1789170277.552174,2396,pg_catalog,pg_shdescription,0,0,0,0,0,0,0,0,0
1789170277.552174,3600,pg_catalog,pg_ts_dict,0,0,0,0,0,0,0,0,0
1789170277.552174,3596,pg_catalog,pg_seclabel,0,0,0,0,0,0,0,0,0
1789170277.552174,2609,pg_catalog,pg_description,0,0,0,0,0,0,0,0,0
1789170277.552174,13482,pg_toast,pg_toast_13479,0,0,0,0,0,0,0,0,0
1789170277.552174,2362082,pg_toast,pg_toast_2362060,0,0,0,0,0,0,0,0,0
1789170277.552174,3603,pg_catalog,pg_ts_config_map,0,0,0,0,0,0,0,0,0
1789170277.552174,1213,pg_catalog,pg_tablespace,0,0,1,1,0,0,0,0,0
1789170277.552174,2608,pg_catalog,pg_depend,0,0,0,0,0,0,0,0,0
1789170277.552174,2964,pg_catalog,pg_db_role_setting,0,0,0,0,0,0,0,0,0
1789170277.552174,1418,pg_catalog,pg_user_mapping,0,0,0,0,0,0,0,0,0
1789170277.552174,2613,pg_catalog,pg_largeobject,0,0,0,0,0,0,0,0,0
1789170277.552174,6175,pg_toast,pg_toast_3456,0,0,0,0,0,0,0,0,0
1789170277.552174,1261,pg_catalog,pg_auth_members,0,0,0,0,0,0,0,0,0
1789170277.552174,2617,pg_catalog,pg_operator,0,0,8,8,0,0,0,0,0
1789170277.552174,2610,pg_catalog,pg_index,1,221,11,13,0,0,0,0,0
1789170277.552174,1249,pg_catalog,pg_attribute,0,0,76,104,0,0,0,0,0
1789170277.552174,2600,pg_catalog,pg_aggregate,0,0,1,1,0,0,0,0,0
1789170277.552174,2966,pg_toast,pg_toast_2964,0,0,0,0,0,0,0,0,0
1789170277.552174,2618,pg_catalog,pg_rewrite,0,0,2,2,0,0,0,0,0
1789170277.552174,4177,pg_toast,pg_toast_1262,0,0,0,0,0,0,0,0,0
1789170277.552174,13484,information_schema,sql_parts,0,0,,,0,0,0,0,0
1789170277.552174,4159,pg_toast,pg_toast_2600,0,0,0,0,0,0,0,0,0
1789170277.552174,4147,pg_toast,pg_toast_3079,0,0,0,0,0,0,0,0,0
1789170277.552174,13474,information_schema,sql_features,0,0,,,0,0,0,0,0
1789170277.552174,1247,pg_catalog,pg_type,0,0,25,25,0,0,0,0,0
1789170277.552174,2602,pg_catalog,pg_amop,0,0,16,28,0,0,0,0,0
1789170277.552174,3439,pg_toast,pg_toast_3381,0,0,0,0,0,0,0,0,0
1789170277.552174,2846,pg_toast,pg_toast_2396,0,0,0,0,0,0,0,0,0
1789170277.552174,4145,pg_toast,pg_toast_3466,0,0,0,0,0,0,0,0,0
1789170277.552174,3541,pg_catalog,pg_range,0,0,0,0,0,0,0,0,0
1789170277.552174,3602,pg_catalog,pg_ts_config,0,0,0,0,0,0,0,0,0
1789170277.552174,4183,pg_toast,pg_toast_6100,0,0,0,0,0,0,0,0,0
1789170277.552174,2224,pg_catalog,pg_sequence,0,0,0,0,0,0,0,0,0
1789170277.552174,2611,pg_catalog,pg_inherits,0,0,0,0,0,0,0,0,0
1789170277.552174,1417,pg_catalog,pg_foreign_server,0,0,0,0,0,0,0,0,0
1789170277.552174,1262,pg_catalog,pg_database,0,0,0,0,0,0,0,0,0
1789170277.552174,13492,pg_toast,pg_toast_13489,0,0,0,0,0,0,0,0,0
1789170277.552174,3501,pg_catalog,pg_enum,0,0,0,0,0,0,0,0,0
1789170277.552174,2607,pg_catalog,pg_conversion,0,0,0,0,0,0,0,0,0
1789170277.552174,826,pg_catalog,pg_default_acl,0,0,0,0,0,0,0,0,0
1789170277.552174,2604,pg_catalog,pg_attrdef,0,0,0,0,0,0,0,0,0
1789170277.552174,2336,pg_toast,pg_toast_2620,0,0,0,0,0,0,0,0,0
1789170277.552174,2603,pg_catalog,pg_amproc,0,0,5,11,0,0,0,0,0
1789170277.552174,2362101,pg_toast,pg_toast_2362090,0,0,0,0,0,0,0,0,0
1789170277.552174,2606,pg_catalog,pg_constraint,0,0,3,8,0,0,0,0,0
1789170277.552174,1255,pg_catalog,pg_proc,0,0,21,26,0,0,0,0,0
1789170277.552174,4173,pg_toast,pg_toast_1418,0,0,0,0,0,0,0,0,0
1789170277.552174,2620,pg_catalog,pg_trigger,0,0,0,0,0,0,0,0,0
1789170277.552174,2362037,pg_toast,pg_toast_2362031,0,0,0,0,0,0,0,0,0
1789170277.552174,2612,pg_catalog,pg_language,0,0,0,0,0,0,0,0,0
1789170277.552174,4149,pg_toast,pg_toast_2328,0,0,0,0,0,0,0,0,0
1789170277.552174,6351,pg_toast,pg_toast_2610,0,0,0,0,0,0,0,0,0
1789170277.552174,13489,information_schema,sql_sizing,0,0,,,0,0,0,0,0
1789170277.552174,3598,pg_toast,pg_toast_3596,0,0,0,0,0,0,0,0,0
1789170277.552174,2836,pg_toast,pg_toast_1255,0,0,0,0,0,0,0,0,0
1789170277.552174,2362021,pg_toast,pg_toast_2362013,0,0,0,0,0,0,0,0,0
1789170277.552174,2362166,pg_toast,pg_toast_2362148,0,0,0,0,0,0,0,0,0
1789170277.552174,3456,pg_catalog,pg_collation,0,0,1,1,0,0,0,0,0
1789170277.552174,3079,pg_catalog,pg_extension,0,0,0,0,0,0,0,0,0
1789170277.552174,6100,pg_catalog,pg_subscription,0,0,0,0,0,0,0,0,0
1789170277.552174,2832,pg_toast,pg_toast_2606,0,0,0,0,0,0,0,0,0
1789170277.552174,3256,pg_catalog,pg_policy,0,0,0,0,0,0,0,0,0
1789170277.552174,2362029,pg_toast,pg_toast_2362023,0,0,0,0,0,0,0,0,0
1789170277.552174,3466,pg_catalog,pg_event_trigger,0,0,0,0,0,0,0,0,0
1789170277.552174,2362058,pg_toast,pg_toast_2362051,0,0,0,0,0,0,0,0,0
1789170277.552174,3592,pg_catalog,pg_shseclabel,0,0,0,0,0,0,0,0,0
1789170277.552174,3764,pg_catalog,pg_ts_template,0,0,0,0,0,0,0,0,0
1789170277.552174,6237,pg_catalog,pg_publication_namespace,0,0,0,0,0,0,0,0,0
1789170277.552174,13487,pg_toast,pg_toast_13484,0,0,0,0,0,0,0,0,0
1789170277.552174,2995,pg_catalog,pg_largeobject_metadata,0,0,0,0,0,0,0,0,0
1789170277.552174,4143,pg_toast,pg_toast_826,0,0,0,0,0,0,0,0,0
1789170277.552174,4185,pg_toast,pg_toast_1213,0,0,0,0,0,0,0,0,0
1789170277.552174,6243,pg_catalog,pg_parameter_acl,0,0,0,0,0,0,0,0,0
1789170277.552174,2361988,pg_toast,pg_toast_2361978,0,0,0,0,0,0,0,0,0
1789170277.552174,2616,pg_catalog,pg_opclass,0,0,10,179,0,0,0,0,0
1789170277.552174,2362137,pg_toast,pg_toast_2362128,0,0,0,0,0,0,0,0,0
1789170277.552174,2838,pg_toast,pg_toast_2618,0,0,1,3,0,0,0,0,0
1789170277.552174,6228,pg_toast,pg_toast_6106,0,0,0,0,0,0,0,0,0
1789170277.552174,3118,pg_catalog,pg_foreign_table,0,0,0,0,0,0,0,0,0
1789170277.552174,1259,pg_catalog,pg_class,1,523,14,14,0,0,0,0,0
1789170277.552174,3350,pg_catalog,pg_partitioned_table,0,0,0,0,0,0,0,0,0
1789170277.552174,4153,pg_toast,pg_toast_3118,0,0,0,0,0,0,0,0,0
1789170277.552174,4060,pg_toast,pg_toast_3592,0,0,0,0,0,0,0,0,0
1789170277.552174,4165,pg_toast,pg_toast_3350,0,0,0,0,0,0,0,0,0
1789170277.552174,2753,pg_catalog,pg_opfamily,0,0,2,2,0,0,0,0,0
1789170277.552174,3601,pg_catalog,pg_ts_parser,0,0,0,0,0,0,0,0,0
1789170277.552174,6104,pg_catalog,pg_publication,0,0,0,0,0,0,0,0,0
1789170277.552174,13477,pg_toast,pg_toast_13474,0,0,0,0,0,0,0,0,0
1789170277.552174,3429,pg_catalog,pg_statistic_ext_data,0,0,0,0,0,0,0,0,0
1789170277.552174,2619,pg_catalog,pg_statistic,0,0,17,8,0,0,0,0,0
1789170277.552174,4155,pg_toast,pg_toast_3394,0,0,0,0,0,0,0,0,0
1789170277.552174,2362224,pg_toast,pg_toast_2362205,0,0,0,0,0,0,0,0,0
1789170277.552174,3381,pg_catalog,pg_statistic_ext,0,0,3,0,0,0,0,0,0
1789170277.552174,6106,pg_catalog,pg_publication_rel,0,0,0,0,0,0,0,0,0
1789170277.552174,2605,pg_catalog,pg_cast,0,0,54,8,0,0,0,0,0
1789170277.552174,4171,pg_toast,pg_toast_1247,0,0,0,0,0,0,0,0,0
1789170277.552174,2830,pg_toast,pg_toast_2604,0,0,0,0,0,0,0,0,0
1789170277.552174,13479,information_schema,sql_implementation_info,0,0,,,0,0,0,0,0
1789170277.552174,6244,pg_toast,pg_toast_6243,0,0,0,0,0,0,0,0,0
1789170277.552174,2361971,pg_toast,pg_toast_2361963,0,0,0,0,0,0,0,0,0
1789170277.552174,3430,pg_toast,pg_toast_3429,0,0,0,0,0,0,0,0,0
1789170277.552174,3576,pg_catalog,pg_transform,0,0,0,0,0,0,0,0,0
1789170277.552174,2601,pg_catalog,pg_am,0,0,0,0,0,0,0,0,0
1789170337.694941,3394,pg_catalog,pg_init_privs,0,0,0,0,0,0,0,0,0
1789170337.694941,4167,pg_toast,pg_toast_3256,0,0,0,0,0,0,0,0,0
1789170337.694941,4151,pg_toast,pg_toast_1417,0,0,0,0,0,0,0,0,0
1789170337.694941,2834,pg_toast,pg_toast_2609,0,0,0,0,0,0,0,0,0
1789170337.694941,6000,pg_catalog,pg_replication_origin,0,0,0,0,0,0,0,0,0
1789170337.694941,2840,pg_toast,pg_toast_2619,0,0,0,0,0,0,0,0,0
1789170337.694941,2328,pg_catalog,pg_foreign_data_wrapper,0,0,0,0,0,0,0,0,0
1789170337.694941,4157,pg_toast,pg_toast_2612,0,0,0,0,0,0,0,0,0
1789170337.694941,1260,pg_catalog,pg_authid,0,0,0,0,0,0,0,0,0
1789170337.694941,2362182,pg_toast,pg_toast_2362174,0,0,0,0,0,0,0,0,0
1789170337.694941,6102,pg_catalog,pg_subscription_rel,0,0,0,0,0,0,0,0,0
1789170337.694941,1214,pg_catalog,pg_shdepend,0,0,0,0,0,0,0,0,0
1789170337.694941,4163,pg_toast,pg_toast_2615,0,0,0,0,0,0,0,0,0
1789170337.694941,2362193,pg_toast,pg_toast_2362184,0,0,0,0,0,0,0,0,0
1789170337.694941,4169,pg_toast,pg_toast_3600,0,0,0,0,0,0,0,0,0
1789170337.694941,2615,pg_catalog,pg_namespace,1,4,7,2,0,0,0,0,0
1789170337.694941,2396,pg_catalog,pg_shdescription,0,0,0,0,0,0,0,0,0
1789170337.694941,3600,pg_catalog,pg_ts_dict,0,0,0,0,0,0,0,0,0
1789170337.694941,3596,pg_catalog,pg_seclabel,0,0,0,0,0,0,0,0,0
1789170337.694941,2609,pg_catalog,pg_description,0,0,0,0,0,0,0,0,0
1789170337.694941,13482,pg_toast,pg_toast_13479,0,0,0,0,0,0,0,0,0
1789170337.694941,2362082,pg_toast,pg_toast_2362060,0,0,0,0,0,0,0,0,0
1789170337.694941,3603,pg_catalog,pg_ts_config_map,0,0,0,0,0,0,0,0,0
1789170337.694941,1213,pg_catalog,pg_tablespace,0,0,1,1,0,0,0,0,0
1789170337.694941,2608,pg_catalog,pg_depend,0,0,0,0,0,0,0,0,0
1789170337.694941,2964,pg_catalog,pg_db_role_setting,0,0,0,0,0,0,0,0,0
1789170337.694941,1418,pg_catalog,pg_user_mapping,0,0,0,0,0,0,0,0,0
1789170337.694941,2613,pg_catalog,pg_largeobject,0,0,0,0,0,0,0,0,0
1789170337.694941,6175,pg_toast,pg_toast_3456,0,0,0,0,0,0,0,0,0
1789170337.694941,1261,pg_catalog,pg_auth_members,0,0,0,0,0,0,0,0,0
1789170337.694941,2617,pg_catalog,pg_operator,0,0,8,8,0,0,0,0,0
1789170337.694941,2610,pg_catalog,pg_index,1,221,11,13,0,0,0,0,0
1789170337.694941,1249,pg_catalog,pg_attribute,0,0,76,104,0,0,0,0,0
1789170337.694941,2600,pg_catalog,pg_aggregate,0,0,1,1,0,0,0,0,0
1789170337.694941,2966,pg_toast,pg_toast_2964,0,0,0,0,0,0,0,0,0
1789170337.694941,2618,pg_catalog,pg_rewrite,0,0,2,2,0,0,0,0,0
1789170337.694941,4177,pg_toast,pg_toast_1262,0,0,0,0,0,0,0,0,0
1789170337.694941,13484,information_schema,sql_parts,0,0,,,0,0,0,0,0
1789170337.694941,4159,pg_toast,pg_toast_2600,0,0,0,0,0,0,0,0,0
1789170337.694941,4147,pg_toast,pg_toast_3079,0,0,0,0,0,0,0,0,0
1789170337.694941,13474,information_schema,sql_features,0,0,,,0,0,0,0,0
1789170337.694941,1247,pg_catalog,pg_type,0,0,25,25,0,0,0,0,0
1789170337.694941,2602,pg_catalog,pg_amop,0,0,16,28,0,0,0,0,0
1789170337.694941,3439,pg_toast,pg_toast_3381,0,0,0,0,0,0,0,0,0
1789170337.694941,2846,pg_toast,pg_toast_2396,0,0,0,0,0,0,0,0,0
1789170337.694941,4145,pg_toast,pg_toast_3466,0,0,0,0,0,0,0,0,0
1789170337.694941,3541,pg_catalog,pg_range,0,0,0,0,0,0,0,0,0
1789170337.694941,3602,pg_catalog,pg_ts_config,0,0,0,0,0,0,0,0,0
1789170337.694941,4183,pg_toast,pg_toast_6100,0,0,0,0,0,0,0,0,0
1789170337.694941,2224,pg_catalog,pg_sequence,0,0,0,0,0,0,0,0,0
1789170337.694941,2611,pg_catalog,pg_inherits,0,0,0,0,0,0,0,0,0
1789170337.694941,1417,pg_catalog,pg_foreign_server,0,0,0,0,0,0,0,0,0
1789170337.694941,1262,pg_catalog,pg_database,0,0,0,0,0,0,0,0,0
1789170337.694941,13492,pg_toast,pg_toast_13489,0,0,0,0,0,0,0,0,0
1789170337.694941,3501,pg_catalog,pg_enum,0,0,0,0,0,0,0,0,0
1789170337.694941,2607,pg_catalog,pg_conversion,0,0,0,0,0,0,0,0,0
1789170337.694941,826,pg_catalog,pg_default_acl,0,0,0,0,0,0,0,0,0
1789170337.694941,2604,pg_catalog,pg_attrdef,0,0,0,0,0,0,0,0,0
1789170337.694941,2336,pg_toast,pg_toast_2620,0,0,0,0,0,0,0,0,0
1789170337.694941,2603,pg_catalog,pg_amproc,0,0,5,11,0,0,0,0,0
1789170337.694941,2362101,pg_toast,pg_toast_2362090,0,0,0,0,0,0,0,0,0
1789170337.694941,2606,pg_catalog,pg_constraint,0,0,3,8,0,0,0,0,0
1789170337.694941,1255,pg_catalog,pg_proc,0,0,21,26,0,0,0,0,0
1789170337.694941,4173,pg_toast,pg_toast_1418,0,0,0,0,0,0,0,0,0
1789170337.694941,2620,pg_catalog,pg_trigger,0,0,0,0,0,0,0,0,0
1789170337.694941,2362037,pg_toast,pg_toast_2362031,0,0,0,0,0,0,0,0,0
1789170337.694941,2612,pg_catalog,pg_language,0,0,0,0,0,0,0,0,0
1789170337.694941,4149,pg_toast,pg_toast_2328,0,0,0,0,0,0,0,0,0
1789170337.694941,6351,pg_toast,pg_toast_2610,0,0,0,0,0,0,0,0,0
1789170337.694941,13489,information_schema,sql_sizing,0,0,,,0,0,0,0,0
1789170337.694941,3598,pg_toast,pg_toast_3596,0,0,0,0,0,0,0,0,0
1789170337.694941,2836,pg_toast,pg_toast_1255,0,0,0,0,0,0,0,0,0
1789170337.694941,2362021,pg_toast,pg_toast_2362013,0,0,0,0,0,0,0,0,0
1789170337.694941,2362166,pg_toast,pg_toast_2362148,0,0,0,0,0,0,0,0,0
1789170337.694941,3456,pg_catalog,pg_collation,0,0,1,1,0,0,0,0,0
1789170337.694941,3079,pg_catalog,pg_extension,0,0,0,0,0,0,0,0,0
1789170337.694941,6100,pg_catalog,pg_subscription,0,0,0,0,0,0,0,0,0
1789170337.694941,2832,pg_toast,pg_toast_2606,0,0,0,0,0,0,0,0,0
1789170337.694941,3256,pg_catalog,pg_policy,0,0,0,0,0,0,0,0,0
1789170337.694941,2362029,pg_toast,pg_toast_2362023,0,0,0,0,0,0,0,0,0
1789170337.694941,3466,pg_catalog,pg_event_trigger,0,0,0,0,0,0,0,0,0
1789170337.694941,2362058,pg_toast,pg_toast_2362051,0,0,0,0,0,0,0,0,0
1789170337.694941,3592,pg_catalog,pg_shseclabel,0,0,0,0,0,0,0,0,0
1789170337.694941,3764,pg_catalog,pg_ts_template,0,0,0,0,0,0,0,0,0
1789170337.694941,6237,pg_catalog,pg_publication_namespace,0,0,0,0,0,0,0,0,0
1789170337.694941,13487,pg_toast,pg_toast_13484,0,0,0,0,0,0,0,0,0
1789170337.694941,2995,pg_catalog,pg_largeobject_metadata,0,0,0,0,0,0,0,0,0
1789170337.694941,4143,pg_toast,pg_toast_826,0,0,0,0,0,0,0,0,0
1789170337.694941,4185,pg_toast,pg_toast_1213,0,0,0,0,0,0,0,0,0
1789170337.694941,6243,pg_catalog,pg_parameter_acl,0,0,0,0,0,0,0,0,0
1789170337.694941,2361988,pg_toast,pg_toast_2361978,0,0,0,0,0,0,0,0,0
1789170337.694941,2616,pg_catalog,pg_opclass,0,0,10,179,0,0,0,0,0
1789170337.694941,2362137,pg_toast,pg_toast_2362128,0,0,0,0,0,0,0,0,0
1789170337.694941,2838,pg_toast,pg_toast_2618,0,0,1,3,0,0,0,0,0
1789170337.694941,6228,pg_toast,pg_toast_6106,0,0,0,0,0,0,0,0,0
1789170337.694941,3118,pg_catalog,pg_foreign_table,0,0,0,0,0,0,0,0,0
1789170337.694941,1259,pg_catalog,pg_class,1,523,14,14,0,0,0,0,0
1789170337.694941,3350,pg_catalog,pg_partitioned_table,0,0,0,0,0,0,0,0,0
1789170337.694941,4153,pg_toast,pg_toast_3118,0,0,0,0,0,0,0,0,0
1789170337.694941,4060,pg_toast,pg_toast_3592,0,0,0,0,0,0,0,0,0
1789170337.694941,4165,pg_toast,pg_toast_3350,0,0,0,0,0,0,0,0,0
1789170337.694941,2753,pg_catalog,pg_opfamily,0,0,2,2,0,0,0,0,0
1789170337.694941,3601,pg_catalog,pg_ts_parser,0,0,0,0,0,0,0,0,0
1789170337.694941,6104,pg_catalog,pg_publication,0,0,0,0,0,0,0,0,0
1789170337.694941,13477,pg_toast,pg_toast_13474,0,0,0,0,0,0,0,0,0
1789170337.694941,3429,pg_catalog,pg_statistic_ext_data,0,0,0,0,0,0,0,0,0
1789170337.694941,2619,pg_catalog,pg_statistic,0,0,17,8,0,0,0,0,0
1789170337.694941,4155,pg_toast,pg_toast_3394,0,0,0,0,0,0,0,0,0
1789170337.694941,2362224,pg_toast,pg_toast_2362205,0,0,0,0,0,0,0,0,0
1789170337.694941,3381,pg_catalog,pg_statistic_ext,0,0,3,0,0,0,0,0,0
1789170337.694941,6106,pg_catalog,pg_publication_rel,0,0,0,0,0,0,0,0,0
1789170337.694941,2605,pg_catalog,pg_cast,0,0,54,8,0,0,0,0,0
1789170337.694941,4171,pg_toast,pg_toast_1247,0,0,0,0,0,0,0,0,0
1789170337.694941,2830,pg_toast,pg_toast_2604,0,0,0,0,0,0,0,0,0
1789170337.694941,13479,information_schema,sql_implementation_info,0,0,,,0,0,0,0,0
1789170337.694941,6244,pg_toast,pg_toast_6243,0,0,0,0,0,0,0,0,0
1789170337.694941,2361971,pg_toast,pg_toast_2361963,0,0,0,0,0,0,0,0,0
1789170337.694941,3430,pg_toast,pg_toast_3429,0,0,0,0,0,0,0,0,0
1789170337.694941,3576,pg_catalog,pg_transform,0,0,0,0,0,0,0,0,0
1789170337.694941,2601,pg_catalog,pg_am,0,0,0,0,0,0,0,0,0
1789170397.817951,3394,pg_catalog,pg_init_privs,0,0,0,0,0,0,0,0,0
1789170397.817951,4167,pg_toast,pg_toast_3256,0,0,0,0,0,0,0,0,0
1789170397.817951,4151,pg_toast,pg_toast_1417,0,0,0,0,0,0,0,0,0
1789170397.817951,2834,pg_toast,pg_toast_2609,0,0,0,0,0,0,0,0,0
1789170397.817951,6000,pg_catalog,pg_replication_origin,0,0,0,0,0,0,0,0,0
1789170397.817951,2840,pg_toast,pg_toast_2619,0,0,0,0,0,0,0,0,0
1789170397.817951,2328,pg_catalog,pg_foreign_data_wrapper,0,0,0,0,0,0,0,0,0
1789170397.817951,4157,pg_toast,pg_toast_2612,0,0,0,0,0,0,0,0,0
1789170397.817951,1260,pg_catalog,pg_authid,0,0,0,0,0,0,0,0,0
1789170397.817951,2362182,pg_toast,pg_toast_2362174,0,0,0,0,0,0,0,0,0
1789170397.817951,6102,pg_catalog,pg_subscription_rel,0,0,0,0,0,0,0,0,0
1789170397.817951,1214,pg_catalog,pg_shdepend,0,0,0,0,0,0,0,0,0
1789170397.817951,4163,pg_toast,pg_toast_2615,0,0,0,0,0,0,0,0,0
1789170397.817951,2362193,pg_toast,pg_toast_2362184,0,0,0,0,0,0,0,0,0
1789170397.817951,4169,pg_toast,pg_toast_3600,0,0,0,0,0,0,0,0,0
1789170397.817951,2615,pg_catalog,pg_namespace,1,4,7,2,0,0,0,0,0
1789170397.817951,2396,pg_catalog,pg_shdescription,0,0,0,0,0,0,0,0,0
1789170397.817951,3600,pg_catalog,pg_ts_dict,0,0,0,0,0,0,0,0,0
1789170397.817951,3596,pg_catalog,pg_seclabel,0,0,0,0,0,0,0,0,0
1789170397.817951,2609,pg_catalog,pg_description,0,0,0,0,0,0,0,0,0
1789170397.817951,13482,pg_toast,pg_toast_13479,0,0,0,0,0,0,0,0,0
1789170397.817951,2362082,pg_toast,pg_toast_2362060,0,0,0,0,0,0,0,0,0
1789170397.817951,3603,pg_catalog,pg_ts_config_map,0,0,0,0,0,0,0,0,0
1789170397.817951,1213,pg_catalog,pg_tablespace,0,0,1,1,0,0,0,0,0
1789170397.817951,2608,pg_catalog,pg_depend,0,0,0,0,0,0,0,0,0
1789170397.817951,2964,pg_catalog,pg_db_role_setting,0,0,0,0,0,0,0,0,0
1789170397.817951,1418,pg_catalog,pg_user_mapping,0,0,0,0,0,0,0,0,0
1789170397.817951,2613,pg_catalog,pg_largeobject,0,0,0,0,0,0,0,0,0
1789170397.817951,6175,pg_toast,pg_toast_3456,0,0,0,0,0,0,0,0,0
1789170397.817951,1261,pg_catalog,pg_auth_members,0,0,0,0,0,0,0,0,0
1789170397.817951,2617,pg_catalog,pg_operator,0,0,8,8,0,0,0,0,0
1789170397.817951,2610,pg_catalog,pg_index,1,221,11,13,0,0,0,0,0
1789170397.817951,1249,pg_catalog,pg_attribute,0,0,76,104,0,0,0,0,0
1789170397.817951,2600,pg_catalog,pg_aggregate,0,0,1,1,0,0,0,0,0
1789170397.817951,2966,pg_toast,pg_toast_2964,0,0,0,0,0,0,0,0,0
1789170397.817951,2618,pg_catalog,pg_rewrite,0,0,2,2,0,0,0,0,0
1789170397.817951,4177,pg_toast,pg_toast_1262,0,0,0,0,0,0,0,0,0
1789170397.817951,13484,information_schema,sql_parts,0,0,,,0,0,0,0,0
1789170397.817951,4159,pg_toast,pg_toast_2600,0,0,0,0,0,0,0,0,0
1789170397.817951,4147,pg_toast,pg_toast_3079,0,0,0,0,0,0,0,0,0
1789170397.817951,13474,information_schema,sql_features,0,0,,,0,0,0,0,0
1789170397.817951,1247,pg_catalog,pg_type,0,0,25,25,0,0,0,0,0
1789170397.817951,2602,pg_catalog,pg_amop,0,0,16,28,0,0,0,0,0
1789170397.817951,3439,pg_toast,pg_toast_3381,0,0,0,0,0,0,0,0,0
1789170397.817951,2846,pg_toast,pg_toast_2396,0,0,0,0,0,0,0,0,0
1789170397.817951,4145,pg_toast,pg_toast_3466,0,0,0,0,0,0,0,0,0
1789170397.817951,3541,pg_catalog,pg_range,0,0,0,0,0,0,0,0,0
1789170397.817951,3602,pg_catalog,pg_ts_config,0,0,0,0,0,0,0,0,0
1789170397.817951,4183,pg_toast,pg_toast_6100,0,0,0,0,0,0,0,0,0
1789170397.817951,2224,pg_catalog,pg_sequence,0,0,0,0,0,0,0,0,0
1789170397.817951,2611,pg_catalog,pg_inherits,0,0,0,0,0,0,0,0,0
1789170397.817951,1417,pg_catalog,pg_foreign_server,0,0,0,0,0,0,0,0,0
1789170397.817951,1262,pg_catalog,pg_database,0,0,0,0,0,0,0,0,0
1789170397.817951,13492,pg_toast,pg_toast_13489,0,0,0,0,0,0,0,0,0
1789170397.817951,3501,pg_catalog,pg_enum,0,0,0,0,0,0,0,0,0
1789170397.817951,2607,pg_catalog,pg_conversion,0,0,0,0,0,0,0,0,0
1789170397.817951,826,pg_catalog,pg_default_acl,0,0,0,0,0,0,0,0,0
1789170397.817951,2604,pg_catalog,pg_attrdef,0,0,0,0,0,0,0,0,0
1789170397.817951,2336,pg_toast,pg_toast_2620,0,0,0,0,0,0,0,0,0
1789170397.817951,2603,pg_catalog,pg_amproc,0,0,5,11,0,0,0,0,0
1789170397.817951,2362101,pg_toast,pg_toast_2362090,0,0,0,0,0,0,0,0,0
1789170397.817951,2606,pg_catalog,pg_constraint,0,0,3,8,0,0,0,0,0
1789170397.817951,1255,pg_catalog,pg_proc,0,0,21,26,0,0,0,0,0
1789170397.817951,4173,pg_toast,pg_toast_1418,0,0,0,0,0,0,0,0,0
1789170397.817951,2620,pg_catalog,pg_trigger,0,0,0,0,0,0,0,0,0
1789170397.817951,2362037,pg_toast,pg_toast_2362031,0,0,0,0,0,0,0,0,0
1789170397.817951,2612,pg_catalog,pg_language,0,0,0,0,0,0,0,0,0
1789170397.817951,4149,pg_toast,pg_toast_2328,0,0,0,0,0,0,0,0,0
1789170397.817951,6351,pg_toast,pg_toast_2610,0,0,0,0,0,0,0,0,0
1789170397.817951,13489,information_schema,sql_sizing,0,0,,,0,0,0,0,0
1789170397.817951,3598,pg_toast,pg_toast_3596,0,0,0,0,0,0,0,0,0
1789170397.817951,2836,pg_toast,pg_toast_1255,0,0,0,0,0,0,0,0,0
1789170397.817951,2362021,pg_toast,pg_toast_2362013,0,0,0,0,0,0,0,0,0
1789170397.817951,2362166,pg_toast,pg_toast_2362148,0,0,0,0,0,0,0,0,0
1789170397.817951,3456,pg_catalog,pg_collation,0,0,1,1,0,0,0,0,0
1789170397.817951,3079,pg_catalog,pg_extension,0,0,0,0,0,0,0,0,0
1789170397.817951,6100,pg_catalog,pg_subscription,0,0,0,0,0,0,0,0,0
1789170397.817951,2832,pg_toast,pg_toast_2606,0,0,0,0,0,0,0,0,0
1789170397.817951,3256,pg_catalog,pg_policy,0,0,0,0,0,0,0,0,0
1789170397.817951,2362029,pg_toast,pg_toast_2362023,0,0,0,0,0,0,0,0,0
1789170397.817951,3466,pg_catalog,pg_event_trigger,0,0,0,0,0,0,0,0,0
1789170397.817951,2362058,pg_toast,pg_toast_2362051,0,0,0,0,0,0,0,0,0
1789170397.817951,3592,pg_catalog,pg_shseclabel,0,0,0,0,0,0,0,0,0
1789170397.817951,3764,pg_catalog,pg_ts_template,0,0,0,0,0,0,0,0,0
1789170397.817951,6237,pg_catalog,pg_publication_namespace,0,0,0,0,0,0,0,0,0
1789170397.817951,13487,pg_toast,pg_toast_13484,0,0,0,0,0,0,0,0,0
1789170397.817951,2995,pg_catalog,pg_largeobject_metadata,0,0,0,0,0,0,0,0,0
1789170397.817951,4143,pg_toast,pg_toast_826,0,0,0,0,0,0,0,0,0
1789170397.817951,4185,pg_toast,pg_toast_1213,0,0,0,0,0,0,0,0,0
1789170397.817951,6243,pg_catalog,pg_parameter_acl,0,0,0,0,0,0,0,0,0
1789170397.817951,2361988,pg_toast,pg_toast_2361978,0,0,0,0,0,0,0,0,0
1789170397.817951,2616,pg_catalog,pg_opclass,0,0,10,179,0,0,0,0,0
1789170397.817951,2362137,pg_toast,pg_toast_2362128,0,0,0,0,0,0,0,0,0
1789170397.817951,2838,pg_toast,pg_toast_2618,0,0,1,3,0,0,0,0,0
1789170397.817951,6228,pg_toast,pg_toast_6106,0,0,0,0,0,0,0,0,0
1789170397.817951,3118,pg_catalog,pg_foreign_table,0,0,0,0,0,0,0,0,0
1789170397.817951,1259,pg_catalog,pg_class,1,523,14,14,0,0,0,0,0
1789170397.817951,3350,pg_catalog,pg_partitioned_table,0,0,0,0,0,0,0,0,0
1789170397.817951,4153,pg_toast,pg_toast_3118,0,0,0,0,0,0,0,0,0
1789170397.817951,4060,pg_toast,pg_toast_3592,0,0,0,0,0,0,0,0,0
1789170397.817951,4165,pg_toast,pg_toast_3350,0,0,0,0,0,0,0,0,0
1789170397.817951,2753,pg_catalog,pg_opfamily,0,0,2,2,0,0,0,0,0
1789170397.817951,3601,pg_catalog,pg_ts_parser,0,0,0,0,0,0,0,0,0
1789170397.817951,6104,pg_catalog,pg_publication,0,0,0,0,0,0,0,0,0
1789170397.817951,13477,pg_toast,pg_toast_13474,0,0,0,0,0,0,0,0,0
1789170397.817951,3429,pg_catalog,pg_statistic_ext_data,0,0,0,0,0,0,0,0,0
1789170397.817951,2619,pg_catalog,pg_statistic,0,0,17,8,0,0,0,0,0
1789170397.817951,4155,pg_toast,pg_toast_3394,0,0,0,0,0,0,0,0,0
1789170397.817951,2362224,pg_toast,pg_toast_2362205,0,0,0,0,0,0,0,0,0
1789170397.817951,3381,pg_catalog,pg_statistic_ext,0,0,3,0,0,0,0,0,0
1789170397.817951,6106,pg_catalog,pg_publication_rel,0,0,0,0,0,0,0,0,0
1789170397.817951,2605,pg_catalog,pg_cast,0,0,54,8,0,0,0,0,0
1789170397.817951,4171,pg_toast,pg_toast_1247,0,0,0,0,0,0,0,0,0
1789170397.817951,2830,pg_toast,pg_toast_2604,0,0,0,0,0,0,0,0,0
1789170397.817951,13479,information_schema,sql_implementation_info,0,0,,,0,0,0,0,0
1789170397.817951,6244,pg_toast,pg_toast_6243,0,0,0,0,0,0,0,0,0
1789170397.817951,2361971,pg_toast,pg_toast_2361963,0,0,0,0,0,0,0,0,0
1789170397.817951,3430,pg_toast,pg_toast_3429,0,0,0,0,0,0,0,0,0
1789170397.817951,3576,pg_catalog,pg_transform,0,0,0,0,0,0,0,0,0
1789170397.817951,2601,pg_catalog,pg_am,0,0,0,0,0,0,0,0,0
1789170457.908980,3394,pg_catalog,pg_init_privs,0,0,0,0,0,0,0,0,0
1789170457.908980,4167,pg_toast,pg_toast_3256,0,0,0,0,0,0,0,0,0
1789170457.908980,4151,pg_toast,pg_toast_1417,0,0,0,0,0,0,0,0,0
1789170457.908980,2834,pg_toast,pg_toast_2609,0,0,0,0,0,0,0,0,0
1789170457.908980,6000,pg_catalog,pg_replication_origin,0,0,0,0,0,0,0,0,0
1789170457.908980,2840,pg_toast,pg_toast_2619,0,0,0,0,0,0,0,0,0
1789170457.908980,2328,pg_catalog,pg_foreign_data_wrapper,0,0,0,0,0,0,0,0,0
1789170457.908980,4157,pg_toast,pg_toast_2612,0,0,0,0,0,0,0,0,0
1789170457.908980,1260,pg_catalog,pg_authid,0,0,0,0,0,0,0,0,0
1789170457.908980,2362182,pg_toast,pg_toast_2362174,0,0,0,0,0,0,0,0,0
1789170457.908980,6102,pg_catalog,pg_subscription_rel,0,0,0,0,0,0,0,0,0
1789170457.908980,1214,pg_catalog,pg_shdepend,0,0,0,0,0,0,0,0,0
1789170457.908980,4163,pg_toast,pg_toast_2615,0,0,0,0,0,0,0,0,0
1789170457.908980,2362193,pg_toast,pg_toast_2362184,0,0,0,0,0,0,0,0,0
1789170457.908980,4169,pg_toast,pg_toast_3600,0,0,0,0,0,0,0,0,0
1789170457.908980,2615,pg_catalog,pg_namespace,1,4,7,2,0,0,0,0,0
1789170457.908980,2396,pg_catalog,pg_shdescription,0,0,0,0,0,0,0,0,0
1789170457.908980,3600,pg_catalog,pg_ts_dict,0,0,0,0,0,0,0,0,0
1789170457.908980,3596,pg_catalog,pg_seclabel,0,0,0,0,0,0,0,0,0
1789170457.908980,2609,pg_catalog,pg_description,0,0,0,0,0,0,0,0,0
1789170457.908980,13482,pg_toast,pg_toast_13479,0,0,0,0,0,0,0,0,0
1789170457.908980,2362082,pg_toast,pg_toast_2362060,0,0,0,0,0,0,0,0,0
1789170457.908980,3603,pg_catalog,pg_ts_config_map,0,0,0,0,0,0,0,0,0
1789170457.908980,1213,pg_catalog,pg_tablespace,0,0,1,1,0,0,0,0,0
1789170457.908980,2608,pg_catalog,pg_depend,0,0,0,0,0,0,0,0,0
1789170457.908980,2964,pg_catalog,pg_db_role_setting,0,0,0,0,0,0,0,0,0
1789170457.908980,1418,pg_catalog,pg_user_mapping,0,0,0,0,0,0,0,0,0
1789170457.908980,2613,pg_catalog,pg_largeobject,0,0,0,0,0,0,0,0,0
1789170457.908980,6175,pg_toast,pg_toast_3456,0,0,0,0,0,0,0,0,0
1789170457.908980,1261,pg_catalog,pg_auth_members,0,0,0,0,0,0,0,0,0
1789170457.908980,2617,pg_catalog,pg_operator,0,0,8,8,0,0,0,0,0
1789170457.908980,2610,pg_catalog,pg_index,1,221,11,13,0,0,0,0,0
1789170457.908980,1249,pg_catalog,pg_attribute,0,0,76,104,0,0,0,0,0
1789170457.908980,2600,pg_catalog,pg_aggregate,0,0,1,1,0,0,0,0,0
1789170457.908980,2966,pg_toast,pg_toast_2964,0,0,0,0,0,0,0,0,0
1789170457.908980,2618,pg_catalog,pg_rewrite,0,0,2,2,0,0,0,0,0
1789170457.908980,4177,pg_toast,pg_toast_1262,0,0,0,0,0,0,0,0,0
1789170457.908980,13484,information_schema,sql_parts,0,0,,,0,0,0,0,0
1789170457.908980,4159,pg_toast,pg_toast_2600,0,0,0,0,0,0,0,0,0
1789170457.908980,4147,pg_toast,pg_toast_3079,0,0,0,0,0,0,0,0,0
1789170457.908980,13474,information_schema,sql_features,0,0,,,0,0,0,0,0
1789170457.908980,1247,pg_catalog,pg_type,0,0,25,25,0,0,0,0,0
1789170457.908980,2602,pg_catalog,pg_amop,0,0,16,28,0,0,0,0,0
1789170457.908980,3439,pg_toast,pg_toast_3381,0,0,0,0,0,0,0,0,0
1789170457.908980,2846,pg_toast,pg_toast_2396,0,0,0,0,0,0,0,0,0
1789170457.908980,4145,pg_toast,pg_toast_3466,0,0,0,0,0,0,0,0,0
1789170457.908980,3541,pg_catalog,pg_range,0,0,0,0,0,0,0,0,0
1789170457.908980,3602,pg_catalog,pg_ts_config,0,0,0,0,0,0,0,0,0
1789170457.908980,4183,pg_toast,pg_toast_6100,0,0,0,0,0,0,0,0,0
1789170457.908980,2224,pg_catalog,pg_sequence,0,0,0,0,0,0,0,0,0
1789170457.908980,2611,pg_catalog,pg_inherits,0,0,0,0,0,0,0,0,0
1789170457.908980,1417,pg_catalog,pg_foreign_server,0,0,0,0,0,0,0,0,0
1789170457.908980,1262,pg_catalog,pg_database,0,0,0,0,0,0,0,0,0
1789170457.908980,13492,pg_toast,pg_toast_13489,0,0,0,0,0,0,0,0,0
1789170457.908980,3501,pg_catalog,pg_enum,0,0,0,0,0,0,0,0,0
1789170457.908980,2607,pg_catalog,pg_conversion,0,0,0,0,0,0,0,0,0
1789170457.908980,826,pg_catalog,pg_default_acl,0,0,0,0,0,0,0,0,0
1789170457.908980,2604,pg_catalog,pg_attrdef,0,0,0,0,0,0,0,0,0
1789170457.908980,2336,pg_toast,pg_toast_2620,0,0,0,0,0,0,0,0,0
1789170457.908980,2603,pg_catalog,pg_amproc,0,0,5,11,0,0,0,0,0
1789170457.908980,2362101,pg_toast,pg_toast_2362090,0,0,0,0,0,0,0,0,0
1789170457.908980,2606,pg_catalog,pg_constraint,0,0,3,8,0,0,0,0,0
1789170457.908980,1255,pg_catalog,pg_proc,0,0,21,26,0,0,0,0,0
1789170457.908980,4173,pg_toast,pg_toast_1418,0,0,0,0,0,0,0,0,0
1789170457.908980,2620,pg_catalog,pg_trigger,0,0,0,0,0,0,0,0,0
1789170457.908980,2362037,pg_toast,pg_toast_2362031,0,0,0,0,0,0,0,0,0
1789170457.908980,2612,pg_catalog,pg_language,0,0,0,0,0,0,0,0,0
1789170457.908980,4149,pg_toast,pg_toast_2328,0,0,0,0,0,0,0,0,0
1789170457.908980,6351,pg_toast,pg_toast_2610,0,0,0,0,0,0,0,0,0
1789170457.908980,13489,information_schema,sql_sizing,0,0,,,0,0,0,0,0
1789170457.908980,3598,pg_toast,pg_toast_3596,0,0,0,0,0,0,0,0,0
1789170457.908980,2836,pg_toast,pg_toast_1255,0,0,0,0,0,0,0,0,0
1789170457.908980,2362021,pg_toast,pg_toast_2362013,0,0,0,0,0,0,0,0,0
1789170457.908980,2362166,pg_toast,pg_toast_2362148,0,0,0,0,0,0,0,0,0
1789170457.908980,3456,pg_catalog,pg_collation,0,0,1,1,0,0,0,0,0
1789170457.908980,3079,pg_catalog,pg_extension,0,0,0,0,0,0,0,0,0
1789170457.908980,6100,pg_catalog,pg_subscription,0,0,0,0,0,0,0,0,0
1789170457.908980,2832,pg_toast,pg_toast_2606,0,0,0,0,0,0,0,0,0
1789170457.908980,3256,pg_catalog,pg_policy,0,0,0,0,0,0,0,0,0
1789170457.908980,2362029,pg_toast,pg_toast_2362023,0,0,0,0,0,0,0,0,0
1789170457.908980,3466,pg_catalog,pg_event_trigger,0,0,0,0,0,0,0,0,0
1789170457.908980,2362058,pg_toast,pg_toast_2362051,0,0,0,0,0,0,0,0,0
1789170457.908980,3592,pg_catalog,pg_shseclabel,0,0,0,0,0,0,0,0,0
1789170457.908980,3764,pg_catalog,pg_ts_template,0,0,0,0,0,0,0,0,0
1789170457.908980,6237,pg_catalog,pg_publication_namespace,0,0,0,0,0,0,0,0,0
1789170457.908980,13487,pg_toast,pg_toast_13484,0,0,0,0,0,0,0,0,0
1789170457.908980,2995,pg_catalog,pg_largeobject_metadata,0,0,0,0,0,0,0,0,0
1789170457.908980,4143,pg_toast,pg_toast_826,0,0,0,0,0,0,0,0,0
1789170457.908980,4185,pg_toast,pg_toast_1213,0,0,0,0,0,0,0,0,0
1789170457.908980,6243,pg_catalog,pg_parameter_acl,0,0,0,0,0,0,0,0,0
1789170457.908980,2361988,pg_toast,pg_toast_2361978,0,0,0,0,0,0,0,0,0
1789170457.908980,2616,pg_catalog,pg_opclass,0,0,10,179,0,0,0,0,0
1789170457.908980,2362137,pg_toast,pg_toast_2362128,0,0,0,0,0,0,0,0,0
1789170457.908980,2838,pg_toast,pg_toast_2618,0,0,1,3,0,0,0,0,0
1789170457.908980,6228,pg_toast,pg_toast_6106,0,0,0,0,0,0,0,0,0
1789170457.908980,3118,pg_catalog,pg_foreign_table,0,0,0,0,0,0,0,0,0
1789170457.908980,1259,pg_catalog,pg_class,1,523,14,14,0,0,0,0,0
1789170457.908980,3350,pg_catalog,pg_partitioned_table,0,0,0,0,0,0,0,0,0
1789170457.908980,4153,pg_toast,pg_toast_3118,0,0,0,0,0,0,0,0,0
1789170457.908980,4060,pg_toast,pg_toast_3592,0,0,0,0,0,0,0,0,0
1789170457.908980,4165,pg_toast,pg_toast_3350,0,0,0,0,0,0,0,0,0
1789170457.908980,2753,pg_catalog,pg_opfamily,0,0,2,2,0,0,0,0,0
1789170457.908980,3601,pg_catalog,pg_ts_parser,0,0,0,0,0,0,0,0,0
1789170457.908980,6104,pg_catalog,pg_publication,0,0,0,0,0,0,0,0,0
1789170457.908980,13477,pg_toast,pg_toast_13474,0,0,0,0,0,0,0,0,0
1789170457.908980,3429,pg_catalog,pg_statistic_ext_data,0,0,0,0,0,0,0,0,0
1789170457.908980,2619,pg_catalog,pg_statistic,0,0,17,8,0,0,0,0,0
1789170457.908980,4155,pg_toast,pg_toast_3394,0,0,0,0,0,0,0,0,0
1789170457.908980,2362224,pg_toast,pg_toast_2362205,0,0,0,0,0,0,0,0,0
1789170457.908980,3381,pg_catalog,pg_statistic_ext,0,0,3,0,0,0,0,0,0
1789170457.908980,6106,pg_catalog,pg_publication_rel,0,0,0,0,0,0,0,0,0
1789170457.908980,2605,pg_catalog,pg_cast,0,0,54,8,0,0,0,0,0
1789170457.908980,4171,pg_toast,pg_toast_1247,0,0,0,0,0,0,0,0,0
1789170457.908980,2830,pg_toast,pg_toast_2604,0,0,0,0,0,0,0,0,0
1789170457.908980,13479,information_schema,sql_implementation_info,0,0,,,0,0,0,0,0
1789170457.908980,6244,pg_toast,pg_toast_6243,0,0,0,0,0,0,0,0,0
1789170457.908980,2361971,pg_toast,pg_toast_2361963,0,0,0,0,0,0,0,0,0
1789170457.908980,3430,pg_toast,pg_toast_3429,0,0,0,0,0,0,0,0,0
1789170457.908980,3576,pg_catalog,pg_transform,0,0,0,0,0,0,0,0,0
1789170457.908980,2601,pg_catalog,pg_am,0,0,0,0,0,0,0,0,0
1789170518.006616,3394,pg_catalog,pg_init_privs,0,0,0,0,0,0,0,0,0
1789170518.006616,4167,pg_toast,pg_toast_3256,0,0,0,0,0,0,0,0,0
1789170518.006616,4151,pg_toast,pg_toast_1417,0,0,0,0,0,0,0,0,0
1789170518.006616,2834,pg_toast,pg_toast_2609,0,0,0,0,0,0,0,0,0
1789170518.006616,6000,pg_catalog,pg_replication_origin,0,0,0,0,0,0,0,0,0
1789170518.006616,2840,pg_toast,pg_toast_2619,0,0,0,0,0,0,0,0,0
1789170518.006616,2328,pg_catalog,pg_foreign_data_wrapper,0,0,0,0,0,0,0,0,0
1789170518.006616,4157,pg_toast,pg_toast_2612,0,0,0,0,0,0,0,0,0
1789170518.006616,1260,pg_catalog,pg_authid,0,0,0,0,0,0,0,0,0
1789170518.006616,2362182,pg_toast,pg_toast_2362174,0,0,0,0,0,0,0,0,0
1789170518.006616,6102,pg_catalog,pg_subscription_rel,0,0,0,0,0,0,0,0,0
1789170518.006616,1214,pg_catalog,pg_shdepend,0,0,0,0,0,0,0,0,0
1789170518.006616,4163,pg_toast,pg_toast_2615,0,0,0,0,0,0,0,0,0
1789170518.006616,2362193,pg_toast,pg_toast_2362184,0,0,0,0,0,0,0,0,0
1789170518.006616,4169,pg_toast,pg_toast_3600,0,0,0,0,0,0,0,0,0
1789170518.006616,2615,pg_catalog,pg_namespace,1,4,7,2,0,0,0,0,0
1789170518.006616,2396,pg_catalog,pg_shdescription,0,0,0,0,0,0,0,0,0
1789170518.006616,3600,pg_catalog,pg_ts_dict,0,0,0,0,0,0,0,0,0
1789170518.006616,3596,pg_catalog,pg_seclabel,0,0,0,0,0,0,0,0,0
1789170518.006616,2609,pg_catalog,pg_description,0,0,0,0,0,0,0,0,0
1789170518.006616,13482,pg_toast,pg_toast_13479,0,0,0,0,0,0,0,0,0
1789170518.006616,2362082,pg_toast,pg_toast_2362060,0,0,0,0,0,0,0,0,0
1789170518.006616,3603,pg_catalog,pg_ts_config_map,0,0,0,0,0,0,0,0,0
1789170518.006616,1213,pg_catalog,pg_tablespace,0,0,1,1,0,0,0,0,0
1789170518.006616,2608,pg_catalog,pg_depend,0,0,0,0,0,0,0,0,0
1789170518.006616,2964,pg_catalog,pg_db_role_setting,0,0,0,0,0,0,0,0,0
1789170518.006616,1418,pg_catalog,pg_user_mapping,0,0,0,0,0,0,0,0,0
1789170518.006616,2613,pg_catalog,pg_largeobject,0,0,0,0,0,0,0,0,0
1789170518.006616,6175,pg_toast,pg_toast_3456,0,0,0,0,0,0,0,0,0
1789170518.006616,1261,pg_catalog,pg_auth_members,0,0,0,0,0,0,0,0,0
1789170518.006616,2617,pg_catalog,pg_operator,0,0,8,8,0,0,0,0,0
1789170518.006616,2610,pg_catalog,pg_index,1,221,11,13,0,0,0,0,0
1789170518.006616,1249,pg_catalog,pg_attribute,0,0,76,104,0,0,0,0,0
1789170518.006616,2600,pg_catalog,pg_aggregate,0,0,1,1,0,0,0,0,0
1789170518.006616,2966,pg_toast,pg_toast_2964,0,0,0,0,0,0,0,0,0
1789170518.006616,2618,pg_catalog,pg_rewrite,0,0,2,2,0,0,0,0,0
1789170518.006616,4177,pg_toast,pg_toast_1262,0,0,0,0,0,0,0,0,0
1789170518.006616,13484,information_schema,sql_parts,0,0,,,0,0,0,0,0
1789170518.006616,4159,pg_toast,pg_toast_2600,0,0,0,0,0,0,0,0,0
1789170518.006616,4147,pg_toast,pg_toast_3079,0,0,0,0,0,0,0,0,0
1789170518.006616,13474,information_schema,sql_features,0,0,,,0,0,0,0,0
1789170518.006616,1247,pg_catalog,pg_type,0,0,25,25,0,0,0,0,0
1789170518.006616,2602,pg_catalog,pg_amop,0,0,16,28,0,0,0,0,0
1789170518.006616,3439,pg_toast,pg_toast_3381,0,0,0,0,0,0,0,0,0
1789170518.006616,2846,pg_toast,pg_toast_2396,0,0,0,0,0,0,0,0,0
1789170518.006616,4145,pg_toast,pg_toast_3466,0,0,0,0,0,0,0,0,0
1789170518.006616,3541,pg_catalog,pg_range,0,0,0,0,0,0,0,0,0
1789170518.006616,3602,pg_catalog,pg_ts_config,0,0,0,0,0,0,0,0,0
1789170518.006616,4183,pg_toast,pg_toast_6100,0,0,0,0,0,0,0,0,0
1789170518.006616,2224,pg_catalog,pg_sequence,0,0,0,0,0,0,0,0,0
1789170518.006616,2611,pg_catalog,pg_inherits,0,0,0,0,0,0,0,0,0
1789170518.006616,1417,pg_catalog,pg_foreign_server,0,0,0,0,0,0,0,0,0
1789170518.006616,1262,pg_catalog,pg_database,0,0,0,0,0,0,0,0,0
1789170518.006616,13492,pg_toast,pg_toast_13489,0,0,0,0,0,0,0,0,0
1789170518.006616,3501,pg_catalog,pg_enum,0,0,0,0,0,0,0,0,0
1789170518.006616,2607,pg_catalog,pg_conversion,0,0,0,0,0,0,0,0,0
1789170518.006616,826,pg_catalog,pg_default_acl,0,0,0,0,0,0,0,0,0
1789170518.006616,2604,pg_catalog,pg_attrdef,0,0,0,0,0,0,0,0,0
1789170518.006616,2336,pg_toast,pg_toast_2620,0,0,0,0,0,0,0,0,0
1789170518.006616,2603,pg_catalog,pg_amproc,0,0,5,11,0,0,0,0,0
1789170518.006616,2362101,pg_toast,pg_toast_2362090,0,0,0,0,0,0,0,0,0
1789170518.006616,2606,pg_catalog,pg_constraint,0,0,3,8,0,0,0,0,0
1789170518.006616,1255,pg_catalog,pg_proc,0,0,21,26,0,0,0,0,0
1789170518.006616,4173,pg_toast,pg_toast_1418,0,0,0,0,0,0,0,0,0
1789170518.006616,2620,pg_catalog,pg_trigger,0,0,0,0,0,0,0,0,0
1789170518.006616,2362037,pg_toast,pg_toast_2362031,0,0,0,0,0,0,0,0,0
1789170518.006616,2612,pg_catalog,pg_language,0,0,0,0,0,0,0,0,0
1789170518.006616,4149,pg_toast,pg_toast_2328,0,0,0,0,0,0,0,0,0
1789170518.006616,6351,pg_toast,pg_toast_2610,0,0,0,0,0,0,0,0,0
1789170518.006616,13489,information_schema,sql_sizing,0,0,,,0,0,0,0,0
1789170518.006616,3598,pg_toast,pg_toast_3596,0,0,0,0,0,0,0,0,0
1789170518.006616,2836,pg_toast,pg_toast_1255,0,0,0,0,0,0,0,0,0
1789170518.006616,2362021,pg_toast,pg_toast_2362013,0,0,0,0,0,0,0,0,0
1789170518.006616,2362166,pg_toast,pg_toast_2362148,0,0,0,0,0,0,0,0,0
1789170518.006616,3456,pg_catalog,pg_collation,0,0,1,1,0,0,0,0,0
1789170518.006616,3079,pg_catalog,pg_extension,0,0,0,0,0,0,0,0,0
1789170518.006616,6100,pg_catalog,pg_subscription,0,0,0,0,0,0,0,0,0
1789170518.006616,2832,pg_toast,pg_toast_2606,0,0,0,0,0,0,0,0,0
1789170518.006616,3256,pg_catalog,pg_policy,0,0,0,0,0,0,0,0,0
1789170518.006616,2362029,pg_toast,pg_toast_2362023,0,0,0,0,0,0,0,0,0
1789170518.006616,3466,pg_catalog,pg_event_trigger,0,0,0,0,0,0,0,0,0
1789170518.006616,2362058,pg_toast,pg_toast_2362051,0,0,0,0,0,0,0,0,0
1789170518.006616,3592,pg_catalog,pg_shseclabel,0,0,0,0,0,0,0,0,0
1789170518.006616,3764,pg_catalog,pg_ts_template,0,0,0,0,0,0,0,0,0
1789170518.006616,6237,pg_catalog,pg_publication_namespace,0,0,0,0,0,0,0,0,0
1789170518.006616,13487,pg_toast,pg_toast_13484,0,0,0,0,0,0,0,0,0
1789170518.006616,2995,pg_catalog,pg_largeobject_metadata,0,0,0,0,0,0,0,0,0
1789170518.006616,4143,pg_toast,pg_toast_826,0,0,0,0,0,0,0,0,0
1789170518.006616,4185,pg_toast,pg_toast_1213,0,0,0,0,0,0,0,0,0
1789170518.006616,6243,pg_catalog,pg_parameter_acl,0,0,0,0,0,0,0,0,0
1789170518.006616,2361988,pg_toast,pg_toast_2361978,0,0,0,0,0,0,0,0,0
1789170518.006616,2616,pg_catalog,pg_opclass,0,0,10,179,0,0,0,0,0
1789170518.006616,2362137,pg_toast,pg_toast_2362128,0,0,0,0,0,0,0,0,0
1789170518.006616,2838,pg_toast,pg_toast_2618,0,0,1,3,0,0,0,0,0
1789170518.006616,6228,pg_toast,pg_toast_6106,0,0,0,0,0,0,0,0,0
1789170518.006616,3118,pg_catalog,pg_foreign_table,0,0,0,0,0,0,0,0,0
1789170518.006616,1259,pg_catalog,pg_class,1,523,14,14,0,0,0,0,0
1789170518.006616,3350,pg_catalog,pg_partitioned_table,0,0,0,0,0,0,0,0,0
1789170518.006616,4153,pg_toast,pg_toast_3118,0,0,0,0,0,0,0,0,0
1789170518.006616,4060,pg_toast,pg_toast_3592,0,0,0,0,0,0,0,0,0
1789170518.006616,4165,pg_toast,pg_toast_3350,0,0,0,0,0,0,0,0,0
1789170518.006616,2753,pg_catalog,pg_opfamily,0,0,2,2,0,0,0,0,0
1789170518.006616,3601,pg_catalog,pg_ts_parser,0,0,0,0,0,0,0,0,0
1789170518.006616,6104,pg_catalog,pg_publication,0,0,0,0,0,0,0,0,0
1789170518.006616,13477,pg_toast,pg_toast_13474,0,0,0,0,0,0,0,0,0
1789170518.006616,3429,pg_catalog,pg_statistic_ext_data,0,0,0,0,0,0,0,0,0
1789170518.006616,2619,pg_catalog,pg_statistic,0,0,17,8,0,0,0,0,0
1789170518.006616,4155,pg_toast,pg_toast_3394,0,0,0,0,0,0,0,0,0
1789170518.006616,2362224,pg_toast,pg_toast_2362205,0,0,0,0,0,0,0,0,0
1789170518.006616,3381,pg_catalog,pg_statistic_ext,0,0,3,0,0,0,0,0,0
1789170518.006616,6106,pg_catalog,pg_publication_rel,0,0,0,0,0,0,0,0,0
1789170518.006616,2605,pg_catalog,pg_cast,0,0,54,8,0,0,0,0,0
1789170518.006616,4171,pg_toast,pg_toast_1247,0,0,0,0,0,0,0,0,0
1789170518.006616,2830,pg_toast,pg_toast_2604,0,0,0,0,0,0,0,0,0
1789170518.006616,13479,information_schema,sql_implementation_info,0,0,,,0,0,0,0,0
1789170518.006616,6244,pg_toast,pg_toast_6243,0,0,0,0,0,0,0,0,0
1789170518.006616,2361971,pg_toast,pg_toast_2361963,0,0,0,0,0,0,0,0,0
1789170518.006616,3430,pg_toast,pg_toast_3429,0,0,0,0,0,0,0,0,0
1789170518.006616,3576,pg_catalog,pg_transform,0,0,0,0,0,0,0,0,0
1789170518.006616,2601,pg_catalog,pg_am,0,0,0,0,0,0,0,0,0
1789170577.129934,3394,pg_catalog,pg_init_privs,0,0,0,0,0,0,0,0,0
1789170577.129934,4167,pg_toast,pg_toast_3256,0,0,0,0,0,0,0,0,0
1789170577.129934,4151,pg_toast,pg_toast_1417,0,0,0,0,0,0,0,0,0
1789170577.129934,2834,pg_toast,pg_toast_2609,0,0,0,0,0,0,0,0,0
1789170577.129934,6000,pg_catalog,pg_replication_origin,0,0,0,0,0,0,0,0,0
1789170577.129934,2840,pg_toast,pg_toast_2619,0,0,0,0,0,0,0,0,0
1789170577.129934,2328,pg_catalog,pg_foreign_data_wrapper,0,0,0,0,0,0,0,0,0
1789170577.129934,4157,pg_toast,pg_toast_2612,0,0,0,0,0,0,0,0,0
1789170577.129934,1260,pg_catalog,pg_authid,0,0,0,0,0,0,0,0,0
1789170577.129934,2362182,pg_toast,pg_toast_2362174,0,0,0,0,0,0,0,0,0
1789170577.129934,6102,pg_catalog,pg_subscription_rel,0,0,0,0,0,0,0,0,0
1789170577.129934,1214,pg_catalog,pg_shdepend,0,0,0,0,0,0,0,0,0
1789170577.129934,4163,pg_toast,pg_toast_2615,0,0,0,0,0,0,0,0,0
1789170577.129934,2362193,pg_toast,pg_toast_2362184,0,0,0,0,0,0,0,0,0
1789170577.129934,4169,pg_toast,pg_toast_3600,0,0,0,0,0,0,0,0,0
1789170577.129934,2615,pg_catalog,pg_namespace,1,4,7,2,0,0,0,0,0
1789170577.129934,2396,pg_catalog,pg_shdescription,0,0,0,0,0,0,0,0,0
1789170577.129934,3600,pg_catalog,pg_ts_dict,0,0,0,0,0,0,0,0,0
1789170577.129934,3596,pg_catalog,pg_seclabel,0,0,0,0,0,0,0,0,0
1789170577.129934,2609,pg_catalog,pg_description,0,0,0,0,0,0,0,0,0
1789170577.129934,13482,pg_toast,pg_toast_13479,0,0,0,0,0,0,0,0,0
1789170577.129934,2362082,pg_toast,pg_toast_2362060,0,0,0,0,0,0,0,0,0
1789170577.129934,3603,pg_catalog,pg_ts_config_map,0,0,0,0,0,0,0,0,0
1789170577.129934,1213,pg_catalog,pg_tablespace,0,0,1,1,0,0,0,0,0
1789170577.129934,2608,pg_catalog,pg_depend,0,0,0,0,0,0,0,0,0
1789170577.129934,2964,pg_catalog,pg_db_role_setting,0,0,0,0,0,0,0,0,0
1789170577.129934,1418,pg_catalog,pg_user_mapping,0,0,0,0,0,0,0,0,0
1789170577.129934,2613,pg_catalog,pg_largeobject,0,0,0,0,0,0,0,0,0
1789170577.129934,6175,pg_toast,pg_toast_3456,0,0,0,0,0,0,0,0,0
1789170577.129934,1261,pg_catalog,pg_auth_members,0,0,0,0,0,0,0,0,0
1789170577.129934,2617,pg_catalog,pg_operator,0,0,8,8,0,0,0,0,0
1789170577.129934,2610,pg_catalog,pg_index,1,221,11,13,0,0,0,0,0
1789170577.129934,1249,pg_catalog,pg_attribute,0,0,76,104,0,0,0,0,0
1789170577.129934,2600,pg_catalog,pg_aggregate,0,0,1,1,0,0,0,0,0
1789170577.129934,2966,pg_toast,pg_toast_2964,0,0,0,0,0,0,0,0,0
1789170577.129934,2618,pg_catalog,pg_rewrite,0,0,2,2,0,0,0,0,0
1789170577.129934,4177,pg_toast,pg_toast_1262,0,0,0,0,0,0,0,0,0
1789170577.129934,13484,information_schema,sql_parts,0,0,,,0,0,0,0,0
1789170577.129934,4159,pg_toast,pg_toast_2600,0,0,0,0,0,0,0,0,0
1789170577.129934,4147,pg_toast,pg_toast_3079,0,0,0,0,0,0,0,0,0
1789170577.129934,13474,information_schema,sql_features,0,0,,,0,0,0,0,0
1789170577.129934,1247,pg_catalog,pg_type,0,0,25,25,0,0,0,0,0
1789170577.129934,2602,pg_catalog,pg_amop,0,0,16,28,0,0,0,0,0
1789170577.129934,3439,pg_toast,pg_toast_3381,0,0,0,0,0,0,0,0,0
1789170577.129934,2846,pg_toast,pg_toast_2396,0,0,0,0,0,0,0,0,0
1789170577.129934,4145,pg_toast,pg_toast_3466,0,0,0,0,0,0,0,0,0
1789170577.129934,3541,pg_catalog,pg_range,0,0,0,0,0,0,0,0,0
1789170577.129934,3602,pg_catalog,pg_ts_config,0,0,0,0,0,0,0,0,0
1789170577.129934,4183,pg_toast,pg_toast_6100,0,0,0,0,0,0,0,0,0
1789170577.129934,2224,pg_catalog,pg_sequence,0,0,0,0,0,0,0,0,0
1789170577.129934,2611,pg_catalog,pg_inherits,0,0,0,0,0,0,0,0,0
1789170577.129934,1417,pg_catalog,pg_foreign_server,0,0,0,0,0,0,0,0,0
1789170577.129934,1262,pg_catalog,pg_database,0,0,0,0,0,0,0,0,0
1789170577.129934,13492,pg_toast,pg_toast_13489,0,0,0,0,0,0,0,0,0
1789170577.129934,3501,pg_catalog,pg_enum,0,0,0,0,0,0,0,0,0
1789170577.129934,2607,pg_catalog,pg_conversion,0,0,0,0,0,0,0,0,0
1789170577.129934,826,pg_catalog,pg_default_acl,0,0,0,0,0,0,0,0,0
1789170577.129934,2604,pg_catalog,pg_attrdef,0,0,0,0,0,0,0,0,0
1789170577.129934,2336,pg_toast,pg_toast_2620,0,0,0,0,0,0,0,0,0
1789170577.129934,2603,pg_catalog,pg_amproc,0,0,5,11,0,0,0,0,0
1789170577.129934,2362101,pg_toast,pg_toast_2362090,0,0,0,0,0,0,0,0,0
1789170577.129934,2606,pg_catalog,pg_constraint,0,0,3,8,0,0,0,0,0
1789170577.129934,1255,pg_catalog,pg_proc,0,0,21,26,0,0,0,0,0
1789170577.129934,4173,pg_toast,pg_toast_1418,0,0,0,0,0,0,0,0,0
1789170577.129934,2620,pg_catalog,pg_trigger,0,0,0,0,0,0,0,0,0
1789170577.129934,2362037,pg_toast,pg_toast_2362031,0,0,0,0,0,0,0,0,0
1789170577.129934,2612,pg_catalog,pg_language,0,0,0,0,0,0,0,0,0
1789170577.129934,4149,pg_toast,pg_toast_2328,0,0,0,0,0,0,0,0,0
1789170577.129934,6351,pg_toast,pg_toast_2610,0,0,0,0,0,0,0,0,0
1789170577.129934,13489,information_schema,sql_sizing,0,0,,,0,0,0,0,0
1789170577.129934,3598,pg_toast,pg_toast_3596,0,0,0,0,0,0,0,0,0
1789170577.129934,2836,pg_toast,pg_toast_1255,0,0,0,0,0,0,0,0,0
1789170577.129934,2362021,pg_toast,pg_toast_2362013,0,0,0,0,0,0,0,0,0
1789170577.129934,2362166,pg_toast,pg_toast_2362148,0,0,0,0,0,0,0,0,0
1789170577.129934,3456,pg_catalog,pg_collation,0,0,1,1,0,0,0,0,0
1789170577.129934,3079,pg_catalog,pg_extension,0,0,0,0,0,0,0,0,0
1789170577.129934,6100,pg_catalog,pg_subscription,0,0,0,0,0,0,0,0,0
1789170577.129934,2832,pg_toast,pg_toast_2606,0,0,0,0,0,0,0,0,0
1789170577.129934,3256,pg_catalog,pg_policy,0,0,0,0,0,0,0,0,0
1789170577.129934,2362029,pg_toast,pg_toast_2362023,0,0,0,0,0,0,0,0,0
1789170577.129934,3466,pg_catalog,pg_event_trigger,0,0,0,0,0,0,0,0,0
1789170577.129934,2362058,pg_toast,pg_toast_2362051,0,0,0,0,0,0,0,0,0
1789170577.129934,3592,pg_catalog,pg_shseclabel,0,0,0,0,0,0,0,0,0
1789170577.129934,3764,pg_catalog,pg_ts_template,0,0,0,0,0,0,0,0,0
1789170577.129934,6237,pg_catalog,pg_publication_namespace,0,0,0,0,0,0,0,0,0
1789170577.129934,13487,pg_toast,pg_toast_13484,0,0,0,0,0,0,0,0,0
1789170577.129934,2995,pg_catalog,pg_largeobject_metadata,0,0,0,0,0,0,0,0,0
1789170577.129934,4143,pg_toast,pg_toast_826,0,0,0,0,0,0,0,0,0
1789170577.129934,4185,pg_toast,pg_toast_1213,0,0,0,0,0,0,0,0,0
1789170577.129934,6243,pg_catalog,pg_parameter_acl,0,0,0,0,0,0,0,0,0
1789170577.129934,2361988,pg_toast,pg_toast_2361978,0,0,0,0,0,0,0,0,0
1789170577.129934,2616,pg_catalog,pg_opclass,0,0,10,179,0,0,0,0,0
1789170577.129934,2362137,pg_toast,pg_toast_2362128,0,0,0,0,0,0,0,0,0
1789170577.129934,2838,pg_toast,pg_toast_2618,0,0,1,3,0,0,0,0,0
1789170577.129934,6228,pg_toast,pg_toast_6106,0,0,0,0,0,0,0,0,0
1789170577.129934,3118,pg_catalog,pg_foreign_table,0,0,0,0,0,0,0,0,0
1789170577.129934,1259,pg_catalog,pg_class,1,523,14,14,0,0,0,0,0
1789170577.129934,3350,pg_catalog,pg_partitioned_table,0,0,0,0,0,0,0,0,0
1789170577.129934,4153,pg_toast,pg_toast_3118,0,0,0,0,0,0,0,0,0
1789170577.129934,4060,pg_toast,pg_toast_3592,0,0,0,0,0,0,0,0,0
1789170577.129934,4165,pg_toast,pg_toast_3350,0,0,0,0,0,0,0,0,0
1789170577.129934,2753,pg_catalog,pg_opfamily,0,0,2,2,0,0,0,0,0
1789170577.129934,3601,pg_catalog,pg_ts_parser,0,0,0,0,0,0,0,0,0
1789170577.129934,6104,pg_catalog,pg_publication,0,0,0,0,0,0,0,0,0
1789170577.129934,13477,pg_toast,pg_toast_13474,0,0,0,0,0,0,0,0,0
1789170577.129934,3429,pg_catalog,pg_statistic_ext_data,0,0,0,0,0,0,0,0,0
1789170577.129934,2619,pg_catalog,pg_statistic,0,0,17,8,0,0,0,0,0
1789170577.129934,4155,pg_toast,pg_toast_3394,0,0,0,0,0,0,0,0,0
1789170577.129934,2362224,pg_toast,pg_toast_2362205,0,0,0,0,0,0,0,0,0
1789170577.129934,3381,pg_catalog,pg_statistic_ext,0,0,3,0,0,0,0,0,0
1789170577.129934,6106,pg_catalog,pg_publication_rel,0,0,0,0,0,0,0,0,0
1789170577.129934,2605,pg_catalog,pg_cast,0,0,54,8,0,0,0,0,0
1789170577.129934,4171,pg_toast,pg_toast_1247,0,0,0,0,0,0,0,0,0
1789170577.129934,2830,pg_toast,pg_toast_2604,0,0,0,0,0,0,0,0,0
1789170577.129934,13479,information_schema,sql_implementation_info,0,0,,,0,0,0,0,0
1789170577.129934,6244,pg_toast,pg_toast_6243,0,0,0,0,0,0,0,0,0
1789170577.129934,2361971,pg_toast,pg_toast_2361963,0,0,0,0,0,0,0,0,0
1789170577.129934,3430,pg_toast,pg_toast_3429,0,0,0,0,0,0,0,0,0
1789170577.129934,3576,pg_catalog,pg_transform,0,0,0,0,0,0,0,0,0
1789170577.129934,2601,pg_catalog,pg_am,0,0,0,0,0,0,0,0,0
1789170637.246564,3394,pg_catalog,pg_init_privs,0,0,0,0,0,0,0,0,0
1789170637.246564,4167,pg_toast,pg_toast_3256,0,0,0,0,0,0,0,0,0
1789170637.246564,4151,pg_toast,pg_toast_1417,0,0,0,0,0,0,0,0,0
1789170637.246564,2834,pg_toast,pg_toast_2609,0,0,0,0,0,0,0,0,0
1789170637.246564,6000,pg_catalog,pg_replication_origin,0,0,0,0,0,0,0,0,0
1789170637.246564,2840,pg_toast,pg_toast_2619,0,0,0,0,0,0,0,0,0
1789170637.246564,2328,pg_catalog,pg_foreign_data_wrapper,0,0,0,0,0,0,0,0,0
1789170637.246564,4157,pg_toast,pg_toast_2612,0,0,0,0,0,0,0,0,0
1789170637.246564,1260,pg_catalog,pg_authid,0,0,0,0,0,0,0,0,0
1789170637.246564,2362182,pg_toast,pg_toast_2362174,0,0,0,0,0,0,0,0,0
1789170637.246564,6102,pg_catalog,pg_subscription_rel,0,0,0,0,0,0,0,0,0
1789170637.246564,1214,pg_catalog,pg_shdepend,0,0,0,0,0,0,0,0,0
1789170637.246564,4163,pg_toast,pg_toast_2615,0,0,0,0,0,0,0,0,0
1789170637.246564,2362193,pg_toast,pg_toast_2362184,0,0,0,0,0,0,0,0,0
1789170637.246564,4169,pg_toast,pg_toast_3600,0,0,0,0,0,0,0,0,0
1789170637.246564,2615,pg_catalog,pg_namespace,1,4,7,2,0,0,0,0,0
1789170637.246564,2396,pg_catalog,pg_shdescription,0,0,0,0,0,0,0,0,0
1789170637.246564,3600,pg_catalog,pg_ts_dict,0,0,0,0,0,0,0,0,0
1789170637.246564,3596,pg_catalog,pg_seclabel,0,0,0,0,0,0,0,0,0
1789170637.246564,2609,pg_catalog,pg_description,0,0,0,0,0,0,0,0,0
1789170637.246564,13482,pg_toast,pg_toast_13479,0,0,0,0,0,0,0,0,0
1789170637.246564,2362082,pg_toast,pg_toast_2362060,0,0,0,0,0,0,0,0,0
1789170637.246564,3603,pg_catalog,pg_ts_config_map,0,0,0,0,0,0,0,0,0
1789170637.246564,1213,pg_catalog,pg_tablespace,0,0,1,1,0,0,0,0,0
1789170637.246564,2608,pg_catalog,pg_depend,0,0,0,0,0,0,0,0,0
1789170637.246564,2964,pg_catalog,pg_db_role_setting,0,0,0,0,0,0,0,0,0
1789170637.246564,1418,pg_catalog,pg_user_mapping,0,0,0,0,0,0,0,0,0
1789170637.246564,2613,pg_catalog,pg_largeobject,0,0,0,0,0,0,0,0,0
1789170637.246564,6175,pg_toast,pg_toast_3456,0,0,0,0,0,0,0,0,0
1789170637.246564,1261,pg_catalog,pg_auth_members,0,0,0,0,0,0,0,0,0
1789170637.246564,2617,pg_catalog,pg_operator,0,0,8,8,0,0,0,0,0
1789170637.246564,2610,pg_catalog,pg_index,1,221,11,13,0,0,0,0,0
1789170637.246564,1249,pg_catalog,pg_attribute,0,0,76,104,0,0,0,0,0
1789170637.246564,2600,pg_catalog,pg_aggregate,0,0,1,1,0,0,0,0,0
1789170637.246564,2966,pg_toast,pg_toast_2964,0,0,0,0,0,0,0,0,0
1789170637.246564,2618,pg_catalog,pg_rewrite,0,0,2,2,0,0,0,0,0
1789170637.246564,4177,pg_toast,pg_toast_1262,0,0,0,0,0,0,0,0,0
1789170637.246564,13484,information_schema,sql_parts,0,0,,,0,0,0,0,0
1789170637.246564,4159,pg_toast,pg_toast_2600,0,0,0,0,0,0,0,0,0
1789170637.246564,4147,pg_toast,pg_toast_3079,0,0,0,0,0,0,0,0,0
1789170637.246564,13474,information_schema,sql_features,0,0,,,0,0,0,0,0
1789170637.246564,1247,pg_catalog,pg_type,0,0,25,25,0,0,0,0,0
1789170637.246564,2602,pg_catalog,pg_amop,0,0,16,28,0,0,0,0,0
1789170637.246564,3439,pg_toast,pg_toast_3381,0,0,0,0,0,0,0,0,0
1789170637.246564,2846,pg_toast,pg_toast_2396,0,0,0,0,0,0,0,0,0
1789170637.246564,4145,pg_toast,pg_toast_3466,0,0,0,0,0,0,0,0,0
1789170637.246564,3541,pg_catalog,pg_range,0,0,0,0,0,0,0,0,0
1789170637.246564,3602,pg_catalog,pg_ts_config,0,0,0,0,0,0,0,0,0
1789170637.246564,4183,pg_toast,pg_toast_6100,0,0,0,0,0,0,0,0,0
1789170637.246564,2224,pg_catalog,pg_sequence,0,0,0,0,0,0,0,0,0
1789170637.246564,2611,pg_catalog,pg_inherits,0,0,0,0,0,0,0,0,0
1789170637.246564,1417,pg_catalog,pg_foreign_server,0,0,0,0,0,0,0,0,0
1789170637.246564,1262,pg_catalog,pg_database,0,0,0,0,0,0,0,0,0
1789170637.246564,13492,pg_toast,pg_toast_13489,0,0,0,0,0,0,0,0,0
1789170637.246564,3501,pg_catalog,pg_enum,0,0,0,0,0,0,0,0,0
1789170637.246564,2607,pg_catalog,pg_conversion,0,0,0,0,0,0,0,0,0
1789170637.246564,826,pg_catalog,pg_default_acl,0,0,0,0,0,0,0,0,0
1789170637.246564,2604,pg_catalog,pg_attrdef,0,0,0,0,0,0,0,0,0
1789170637.246564,2336,pg_toast,pg_toast_2620,0,0,0,0,0,0,0,0,0
1789170637.246564,2603,pg_catalog,pg_amproc,0,0,5,11,0,0,0,0,0
1789170637.246564,2362101,pg_toast,pg_toast_2362090,0,0,0,0,0,0,0,0,0
1789170637.246564,2606,pg_catalog,pg_constraint,0,0,3,8,0,0,0,0,0
1789170637.246564,1255,pg_catalog,pg_proc,0,0,21,26,0,0,0,0,0
1789170637.246564,4173,pg_toast,pg_toast_1418,0,0,0,0,0,0,0,0,0
1789170637.246564,2620,pg_catalog,pg_trigger,0,0,0,0,0,0,0,0,0
1789170637.246564,2362037,pg_toast,pg_toast_2362031,0,0,0,0,0,0,0,0,0
1789170637.246564,2612,pg_catalog,pg_language,0,0,0,0,0,0,0,0,0
1789170637.246564,4149,pg_toast,pg_toast_2328,0,0,0,0,0,0,0,0,0
1789170637.246564,6351,pg_toast,pg_toast_2610,0,0,0,0,0,0,0,0,0
1789170637.246564,13489,information_schema,sql_sizing,0,0,,,0,0,0,0,0
1789170637.246564,3598,pg_toast,pg_toast_3596,0,0,0,0,0,0,0,0,0
1789170637.246564,2836,pg_toast,pg_toast_1255,0,0,0,0,0,0,0,0,0
1789170637.246564,2362021,pg_toast,pg_toast_2362013,0,0,0,0,0,0,0,0,0
1789170637.246564,2362166,pg_toast,pg_toast_2362148,0,0,0,0,0,0,0,0,0
1789170637.246564,3456,pg_catalog,pg_collation,0,0,1,1,0,0,0,0,0
1789170637.246564,3079,pg_catalog,pg_extension,0,0,0,0,0,0,0,0,0
1789170637.246564,6100,pg_catalog,pg_subscription,0,0,0,0,0,0,0,0,0
1789170637.246564,2832,pg_toast,pg_toast_2606,0,0,0,0,0,0,0,0,0
1789170637.246564,3256,pg_catalog,pg_policy,0,0,0,0,0,0,0,0,0
1789170637.246564,2362029,pg_toast,pg_toast_2362023,0,0,0,0,0,0,0,0,0
1789170637.246564,3466,pg_catalog,pg_event_trigger,0,0,0,0,0,0,0,0,0
1789170637.246564,2362058,pg_toast,pg_toast_2362051,0,0,0,0,0,0,0,0,0
1789170637.246564,3592,pg_catalog,pg_shseclabel,0,0,0,0,0,0,0,0,0
1789170637.246564,3764,pg_catalog,pg_ts_template,0,0,0,0,0,0,0,0,0
1789170637.246564,6237,pg_catalog,pg_publication_namespace,0,0,0,0,0,0,0,0,0
1789170637.246564,13487,pg_toast,pg_toast_13484,0,0,0,0,0,0,0,0,0
1789170637.246564,2995,pg_catalog,pg_largeobject_metadata,0,0,0,0,0,0,0,0,0
1789170637.246564,4143,pg_toast,pg_toast_826,0,0,0,0,0,0,0,0,0
1789170637.246564,4185,pg_toast,pg_toast_1213,0,0,0,0,0,0,0,0,0
1789170637.246564,6243,pg_catalog,pg_parameter_acl,0,0,0,0,0,0,0,0,0
1789170637.246564,2361988,pg_toast,pg_toast_2361978,0,0,0,0,0,0,0,0,0
1789170637.246564,2616,pg_catalog,pg_opclass,0,0,10,179,0,0,0,0,0
1789170637.246564,2362137,pg_toast,pg_toast_2362128,0,0,0,0,0,0,0,0,0
1789170637.246564,2838,pg_toast,pg_toast_2618,0,0,1,3,0,0,0,0,0
1789170637.246564,6228,pg_toast,pg_toast_6106,0,0,0,0,0,0,0,0,0
1789170637.246564,3118,pg_catalog,pg_foreign_table,0,0,0,0,0,0,0,0,0
1789170637.246564,1259,pg_catalog,pg_class,1,523,14,14,0,0,0,0,0
1789170637.246564,3350,pg_catalog,pg_partitioned_table,0,0,0,0,0,0,0,0,0
1789170637.246564,4153,pg_toast,pg_toast_3118,0,0,0,0,0,0,0,0,0
1789170637.246564,4060,pg_toast,pg_toast_3592,0,0,0,0,0,0,0,0,0
1789170637.246564,4165,pg_toast,pg_toast_3350,0,0,0,0,0,0,0,0,0
1789170637.246564,2753,pg_catalog,pg_opfamily,0,0,2,2,0,0,0,0,0
1789170637.246564,3601,pg_catalog,pg_ts_parser,0,0,0,0,0,0,0,0,0
1789170637.246564,6104,pg_catalog,pg_publication,0,0,0,0,0,0,0,0,0
1789170637.246564,13477,pg_toast,pg_toast_13474,0,0,0,0,0,0,0,0,0
1789170637.246564,3429,pg_catalog,pg_statistic_ext_data,0,0,0,0,0,0,0,0,0
1789170637.246564,2619,pg_catalog,pg_statistic,0,0,17,8,0,0,0,0,0
1789170637.246564,4155,pg_toast,pg_toast_3394,0,0,0,0,0,0,0,0,0
1789170637.246564,2362224,pg_toast,pg_toast_2362205,0,0,0,0,0,0,0,0,0
1789170637.246564,3381,pg_catalog,pg_statistic_ext,0,0,3,0,0,0,0,0,0
1789170637.246564,6106,pg_catalog,pg_publication_rel,0,0,0,0,0,0,0,0,0
1789170637.246564,2605,pg_catalog,pg_cast,0,0,54,8,0,0,0,0,0
1789170637.246564,4171,pg_toast,pg_toast_1247,0,0,0,0,0,0,0,0,0
1789170637.246564,2830,pg_toast,pg_toast_2604,0,0,0,0,0,0,0,0,0
1789170637.246564,13479,information_schema,sql_implementation_info,0,0,,,0,0,0,0,0
1789170637.246564,6244,pg_toast,pg_toast_6243,0,0,0,0,0,0,0,0,0
1789170637.246564,2361971,pg_toast,pg_toast_2361963,0,0,0,0,0,0,0,0,0
1789170637.246564,3430,pg_toast,pg_toast_3429,0,0,0,0,0,0,0,0,0
1789170637.246564,3576,pg_catalog,pg_transform,0,0,0,0,0,0,0,0,0
1789170637.246564,2601,pg_catalog,pg_am,0,0,0,0,0,0,0,0,0
1789170697.337420,3394,pg_catalog,pg_init_privs,0,0,0,0,0,0,0,0,0
1789170697.337420,4167,pg_toast,pg_toast_3256,0,0,0,0,0,0,0,0,0
1789170697.337420,4151,pg_toast,pg_toast_1417,0,0,0,0,0,0,0,0,0
1789170697.337420,2834,pg_toast,pg_toast_2609,0,0,0,0,0,0,0,0,0
1789170697.337420,6000,pg_catalog,pg_replication_origin,0,0,0,0,0,0,0,0,0
1789170697.337420,2840,pg_toast,pg_toast_2619,0,0,0,0,0,0,0,0,0
1789170697.337420,2328,pg_catalog,pg_foreign_data_wrapper,0,0,0,0,0,0,0,0,0
1789170697.337420,4157,pg_toast,pg_toast_2612,0,0,0,0,0,0,0,0,0
1789170697.337420,1260,pg_catalog,pg_authid,0,0,0,0,0,0,0,0,0
1789170697.337420,2362182,pg_toast,pg_toast_2362174,0,0,0,0,0,0,0,0,0
1789170697.337420,6102,pg_catalog,pg_subscription_rel,0,0,0,0,0,0,0,0,0
1789170697.337420,1214,pg_catalog,pg_shdepend,0,0,0,0,0,0,0,0,0
1789170697.337420,4163,pg_toast,pg_toast_2615,0,0,0,0,0,0,0,0,0
1789170697.337420,2362193,pg_toast,pg_toast_2362184,0,0,0,0,0,0,0,0,0
1789170697.337420,4169,pg_toast,pg_toast_3600,0,0,0,0,0,0,0,0,0
1789170697.337420,2615,pg_catalog,pg_namespace,1,4,7,2,0,0,0,0,0
1789170697.337420,2396,pg_catalog,pg_shdescription,0,0,0,0,0,0,0,0,0
1789170697.337420,3600,pg_catalog,pg_ts_dict,0,0,0,0,0,0,0,0,0
1789170697.337420,3596,pg_catalog,pg_seclabel,0,0,0,0,0,0,0,0,0
1789170697.337420,2609,pg_catalog,pg_description,0,0,0,0,0,0,0,0,0
1789170697.337420,13482,pg_toast,pg_toast_13479,0,0,0,0,0,0,0,0,0
1789170697.337420,2362082,pg_toast,pg_toast_2362060,0,0,0,0,0,0,0,0,0
1789170697.337420,3603,pg_catalog,pg_ts_config_map,0,0,0,0,0,0,0,0,0
1789170697.337420,1213,pg_catalog,pg_tablespace,0,0,1,1,0,0,0,0,0
1789170697.337420,2608,pg_catalog,pg_depend,0,0,0,0,0,0,0,0,0
1789170697.337420,2964,pg_catalog,pg_db_role_setting,0,0,0,0,0,0,0,0,0
1789170697.337420,1418,pg_catalog,pg_user_mapping,0,0,0,0,0,0,0,0,0
1789170697.337420,2613,pg_catalog,pg_largeobject,0,0,0,0,0,0,0,0,0
1789170697.337420,6175,pg_toast,pg_toast_3456,0,0,0,0,0,0,0,0,0
1789170697.337420,1261,pg_catalog,pg_auth_members,0,0,0,0,0,0,0,0,0
1789170697.337420,2617,pg_catalog,pg_operator,0,0,8,8,0,0,0,0,0
1789170697.337420,2610,pg_catalog,pg_index,1,221,11,13,0,0,0,0,0
1789170697.337420,1249,pg_catalog,pg_attribute,0,0,76,104,0,0,0,0,0
1789170697.337420,2600,pg_catalog,pg_aggregate,0,0,1,1,0,0,0,0,0
1789170697.337420,2966,pg_toast,pg_toast_2964,0,0,0,0,0,0,0,0,0
1789170697.337420,2618,pg_catalog,pg_rewrite,0,0,2,2,0,0,0,0,0
1789170697.337420,4177,pg_toast,pg_toast_1262,0,0,0,0,0,0,0,0,0
1789170697.337420,13484,information_schema,sql_parts,0,0,,,0,0,0,0,0
1789170697.337420,4159,pg_toast,pg_toast_2600,0,0,0,0,0,0,0,0,0
1789170697.337420,4147,pg_toast,pg_toast_3079,0,0,0,0,0,0,0,0,0
1789170697.337420,13474,information_schema,sql_features,0,0,,,0,0,0,0,0
1789170697.337420,1247,pg_catalog,pg_type,0,0,25,25,0,0,0,0,0
1789170697.337420,2602,pg_catalog,pg_amop,0,0,16,28,0,0,0,0,0
1789170697.337420,3439,pg_toast,pg_toast_3381,0,0,0,0,0,0,0,0,0
1789170697.337420,2846,pg_toast,pg_toast_2396,0,0,0,0,0,0,0,0,0
1789170697.337420,4145,pg_toast,pg_toast_3466,0,0,0,0,0,0,0,0,0
1789170697.337420,3541,pg_catalog,pg_range,0,0,0,0,0,0,0,0,0
1789170697.337420,3602,pg_catalog,pg_ts_config,0,0,0,0,0,0,0,0,0
1789170697.337420,4183,pg_toast,pg_toast_6100,0,0,0,0,0,0,0,0,0
1789170697.337420,2224,pg_catalog,pg_sequence,0,0,0,0,0,0,0,0,0
1789170697.337420,2611,pg_catalog,pg_inherits,0,0,0,0,0,0,0,0,0
1789170697.337420,1417,pg_catalog,pg_foreign_server,0,0,0,0,0,0,0,0,0
1789170697.337420,1262,pg_catalog,pg_database,0,0,0,0,0,0,0,0,0
1789170697.337420,13492,pg_toast,pg_toast_13489,0,0,0,0,0,0,0,0,0
1789170697.337420,3501,pg_catalog,pg_enum,0,0,0,0,0,0,0,0,0
1789170697.337420,2607,pg_catalog,pg_conversion,0,0,0,0,0,0,0,0,0
1789170697.337420,826,pg_catalog,pg_default_acl,0,0,0,0,0,0,0,0,0
1789170697.337420,2604,pg_catalog,pg_attrdef,0,0,0,0,0,0,0,0,0
1789170697.337420,2336,pg_toast,pg_toast_2620,0,0,0,0,0,0,0,0,0
1789170697.337420,2603,pg_catalog,pg_amproc,0,0,5,11,0,0,0,0,0
1789170697.337420,2362101,pg_toast,pg_toast_2362090,0,0,0,0,0,0,0,0,0
1789170697.337420,2606,pg_catalog,pg_constraint,0,0,3,8,0,0,0,0,0
1789170697.337420,1255,pg_catalog,pg_proc,0,0,21,26,0,0,0,0,0
1789170697.337420,4173,pg_toast,pg_toast_1418,0,0,0,0,0,0,0,0,0
1789170697.337420,2620,pg_catalog,pg_trigger,0,0,0,0,0,0,0,0,0
1789170697.337420,2362037,pg_toast,pg_toast_2362031,0,0,0,0,0,0,0,0,0
1789170697.337420,2612,pg_catalog,pg_language,0,0,0,0,0,0,0,0,0
1789170697.337420,4149,pg_toast,pg_toast_2328,0,0,0,0,0,0,0,0,0
1789170697.337420,6351,pg_toast,pg_toast_2610,0,0,0,0,0,0,0,0,0
1789170697.337420,13489,information_schema,sql_sizing,0,0,,,0,0,0,0,0
1789170697.337420,3598,pg_toast,pg_toast_3596,0,0,0,0,0,0,0,0,0
1789170697.337420,2836,pg_toast,pg_toast_1255,0,0,0,0,0,0,0,0,0
1789170697.337420,2362021,pg_toast,pg_toast_2362013,0,0,0,0,0,0,0,0,0
1789170697.337420,2362166,pg_toast,pg_toast_2362148,0,0,0,0,0,0,0,0,0
1789170697.337420,3456,pg_catalog,pg_collation,0,0,1,1,0,0,0,0,0
1789170697.337420,3079,pg_catalog,pg_extension,0,0,0,0,0,0,0,0,0
1789170697.337420,6100,pg_catalog,pg_subscription,0,0,0,0,0,0,0,0,0
1789170697.337420,2832,pg_toast,pg_toast_2606,0,0,0,0,0,0,0,0,0
1789170697.337420,3256,pg_catalog,pg_policy,0,0,0,0,0,0,0,0,0
1789170697.337420,2362029,pg_toast,pg_toast_2362023,0,0,0,0,0,0,0,0,0
1789170697.337420,3466,pg_catalog,pg_event_trigger,0,0,0,0,0,0,0,0,0
1789170697.337420,2362058,pg_toast,pg_toast_2362051,0,0,0,0,0,0,0,0,0
1789170697.337420,3592,pg_catalog,pg_shseclabel,0,0,0,0,0,0,0,0,0
1789170697.337420,3764,pg_catalog,pg_ts_template,0,0,0,0,0,0,0,0,0
1789170697.337420,6237,pg_catalog,pg_publication_namespace,0,0,0,0,0,0,0,0,0
1789170697.337420,13487,pg_toast,pg_toast_13484,0,0,0,0,0,0,0,0,0
1789170697.337420,2995,pg_catalog,pg_largeobject_metadata,0,0,0,0,0,0,0,0,0
1789170697.337420,4143,pg_toast,pg_toast_826,0,0,0,0,0,0,0,0,0
1789170697.337420,4185,pg_toast,pg_toast_1213,0,0,0,0,0,0,0,0,0
1789170697.337420,6243,pg_catalog,pg_parameter_acl,0,0,0,0,0,0,0,0,0
1789170697.337420,2361988,pg_toast,pg_toast_2361978,0,0,0,0,0,0,0,0,0
1789170697.337420,2616,pg_catalog,pg_opclass,0,0,10,179,0,0,0,0,0
1789170697.337420,2362137,pg_toast,pg_toast_2362128,0,0,0,0,0,0,0,0,0
1789170697.337420,2838,pg_toast,pg_toast_2618,0,0,1,3,0,0,0,0,0
1789170697.337420,6228,pg_toast,pg_toast_6106,0,0,0,0,0,0,0,0,0
1789170697.337420,3118,pg_catalog,pg_foreign_table,0,0,0,0,0,0,0,0,0
1789170697.337420,1259,pg_catalog,pg_class,1,523,14,14,0,0,0,0,0
1789170697.337420,3350,pg_catalog,pg_partitioned_table,0,0,0,0,0,0,0,0,0
1789170697.337420,4153,pg_toast,pg_toast_3118,0,0,0,0,0,0,0,0,0
1789170697.337420,4060,pg_toast,pg_toast_3592,0,0,0,0,0,0,0,0,0
1789170697.337420,4165,pg_toast,pg_toast_3350,0,0,0,0,0,0,0,0,0
1789170697.337420,2753,pg_catalog,pg_opfamily,0,0,2,2,0,0,0,0,0
1789170697.337420,3601,pg_catalog,pg_ts_parser,0,0,0,0,0,0,0,0,0
1789170697.337420,6104,pg_catalog,pg_publication,0,0,0,0,0,0,0,0,0
1789170697.337420,13477,pg_toast,pg_toast_13474,0,0,0,0,0,0,0,0,0
1789170697.337420,3429,pg_catalog,pg_statistic_ext_data,0,0,0,0,0,0,0,0,0
1789170697.337420,2619,pg_catalog,pg_statistic,0,0,17,8,0,0,0,0,0
1789170697.337420,4155,pg_toast,pg_toast_3394,0,0,0,0,0,0,0,0,0
1789170697.337420,2362224,pg_toast,pg_toast_2362205,0,0,0,0,0,0,0,0,0
1789170697.337420,3381,pg_catalog,pg_statistic_ext,0,0,3,0,0,0,0,0,0
1789170697.337420,6106,pg_catalog,pg_publication_rel,0,0,0,0,0,0,0,0,0
1789170697.337420,2605,pg_catalog,pg_cast,0,0,54,8,0,0,0,0,0
1789170697.337420,4171,pg_toast,pg_toast_1247,0,0,0,0,0,0,0,0,0
1789170697.337420,2830,pg_toast,pg_toast_2604,0,0,0,0,0,0,0,0,0
1789170697.337420,13479,information_schema,sql_implementation_info,0,0,,,0,0,0,0,0
1789170697.337420,6244,pg_toast,pg_toast_6243,0,0,0,0,0,0,0,0,0
1789170697.337420,2361971,pg_toast,pg_toast_2361963,0,0,0,0,0,0,0,0,0
1789170697.337420,3430,pg_toast,pg_toast_3429,0,0,0,0,0,0,0,0,0
1789170697.337420,3576,pg_catalog,pg_transform,0,0,0,0,0,0,0,0,0
1789170697.337420,2601,pg_catalog,pg_am,0,0,0,0,0,0,0,0,0
1789170757.439719,3394,pg_catalog,pg_init_privs,0,0,0,0,0,0,0,0,0
1789170757.439719,4167,pg_toast,pg_toast_3256,0,0,0,0,0,0,0,0,0
1789170757.439719,4151,pg_toast,pg_toast_1417,0,0,0,0,0,0,0,0,0
1789170757.439719,2834,pg_toast,pg_toast_2609,0,0,0,0,0,0,0,0,0
1789170757.439719,6000,pg_catalog,pg_replication_origin,0,0,0,0,0,0,0,0,0
1789170757.439719,2840,pg_toast,pg_toast_2619,0,0,0,0,0,0,0,0,0
1789170757.439719,2328,pg_catalog,pg_foreign_data_wrapper,0,0,0,0,0,0,0,0,0
1789170757.439719,4157,pg_toast,pg_toast_2612,0,0,0,0,0,0,0,0,0
1789170757.439719,1260,pg_catalog,pg_authid,0,0,0,0,0,0,0,0,0
1789170757.439719,2362182,pg_toast,pg_toast_2362174,0,0,0,0,0,0,0,0,0
1789170757.439719,6102,pg_catalog,pg_subscription_rel,0,0,0,0,0,0,0,0,0
1789170757.439719,1214,pg_catalog,pg_shdepend,0,0,0,0,0,0,0,0,0
1789170757.439719,4163,pg_toast,pg_toast_2615,0,0,0,0,0,0,0,0,0
1789170757.439719,2362193,pg_toast,pg_toast_2362184,0,0,0,0,0,0,0,0,0
1789170757.439719,4169,pg_toast,pg_toast_3600,0,0,0,0,0,0,0,0,0
1789170757.439719,2615,pg_catalog,pg_namespace,1,4,7,2,0,0,0,0,0
1789170757.439719,2396,pg_catalog,pg_shdescription,0,0,0,0,0,0,0,0,0
1789170757.439719,3600,pg_catalog,pg_ts_dict,0,0,0,0,0,0,0,0,0
1789170757.439719,3596,pg_catalog,pg_seclabel,0,0,0,0,0,0,0,0,0
1789170757.439719,2609,pg_catalog,pg_description,0,0,0,0,0,0,0,0,0
1789170757.439719,13482,pg_toast,pg_toast_13479,0,0,0,0,0,0,0,0,0
1789170757.439719,2362082,pg_toast,pg_toast_2362060,0,0,0,0,0,0,0,0,0
1789170757.439719,3603,pg_catalog,pg_ts_config_map,0,0,0,0,0,0,0,0,0
1789170757.439719,1213,pg_catalog,pg_tablespace,0,0,1,1,0,0,0,0,0
1789170757.439719,2608,pg_catalog,pg_depend,0,0,0,0,0,0,0,0,0
1789170757.439719,2964,pg_catalog,pg_db_role_setting,0,0,0,0,0,0,0,0,0
1789170757.439719,1418,pg_catalog,pg_user_mapping,0,0,0,0,0,0,0,0,0
1789170757.439719,2613,pg_catalog,pg_largeobject,0,0,0,0,0,0,0,0,0
1789170757.439719,6175,pg_toast,pg_toast_3456,0,0,0,0,0,0,0,0,0
1789170757.439719,1261,pg_catalog,pg_auth_members,0,0,0,0,0,0,0,0,0
1789170757.439719,2617,pg_catalog,pg_operator,0,0,8,8,0,0,0,0,0
1789170757.439719,2610,pg_catalog,pg_index,1,221,11,13,0,0,0,0,0
1789170757.439719,1249,pg_catalog,pg_attribute,0,0,76,104,0,0,0,0,0
1789170757.439719,2600,pg_catalog,pg_aggregate,0,0,1,1,0,0,0,0,0
1789170757.439719,2966,pg_toast,pg_toast_2964,0,0,0,0,0,0,0,0,0
1789170757.439719,2618,pg_catalog,pg_rewrite,0,0,2,2,0,0,0,0,0
1789170757.439719,4177,pg_toast,pg_toast_1262,0,0,0,0,0,0,0,0,0
1789170757.439719,13484,information_schema,sql_parts,0,0,,,0,0,0,0,0
1789170757.439719,4159,pg_toast,pg_toast_2600,0,0,0,0,0,0,0,0,0
1789170757.439719,4147,pg_toast,pg_toast_3079,0,0,0,0,0,0,0,0,0
1789170757.439719,13474,information_schema,sql_features,0,0,,,0,0,0,0,0
1789170757.439719,1247,pg_catalog,pg_type,0,0,25,25,0,0,0,0,0
1789170757.439719,2602,pg_catalog,pg_amop,0,0,16,28,0,0,0,0,0
1789170757.439719,3439,pg_toast,pg_toast_3381,0,0,0,0,0,0,0,0,0
1789170757.439719,2846,pg_toast,pg_toast_2396,0,0,0,0,0,0,0,0,0
1789170757.439719,4145,pg_toast,pg_toast_3466,0,0,0,0,0,0,0,0,0
1789170757.439719,3541,pg_catalog,pg_range,0,0,0,0,0,0,0,0,0
1789170757.439719,3602,pg_catalog,pg_ts_config,0,0,0,0,0,0,0,0,0
1789170757.439719,4183,pg_toast,pg_toast_6100,0,0,0,0,0,0,0,0,0
1789170757.439719,2224,pg_catalog,pg_sequence,0,0,0,0,0,0,0,0,0
1789170757.439719,2611,pg_catalog,pg_inherits,0,0,0,0,0,0,0,0,0
1789170757.439719,1417,pg_catalog,pg_foreign_server,0,0,0,0,0,0,0,0,0
1789170757.439719,1262,pg_catalog,pg_database,0,0,0,0,0,0,0,0,0
1789170757.439719,13492,pg_toast,pg_toast_13489,0,0,0,0,0,0,0,0,0
1789170757.439719,3501,pg_catalog,pg_enum,0,0,0,0,0,0,0,0,0
1789170757.439719,2607,pg_catalog,pg_conversion,0,0,0,0,0,0,0,0,0
1789170757.439719,826,pg_catalog,pg_default_acl,0,0,0,0,0,0,0,0,0
1789170757.439719,2604,pg_catalog,pg_attrdef,0,0,0,0,0,0,0,0,0
1789170757.439719,2336,pg_toast,pg_toast_2620,0,0,0,0,0,0,0,0,0
1789170757.439719,2603,pg_catalog,pg_amproc,0,0,5,11,0,0,0,0,0
1789170757.439719,2362101,pg_toast,pg_toast_2362090,0,0,0,0,0,0,0,0,0
1789170757.439719,2606,pg_catalog,pg_constraint,0,0,3,8,0,0,0,0,0
1789170757.439719,1255,pg_catalog,pg_proc,0,0,21,26,0,0,0,0,0
1789170757.439719,4173,pg_toast,pg_toast_1418,0,0,0,0,0,0,0,0,0
1789170757.439719,2620,pg_catalog,pg_trigger,0,0,0,0,0,0,0,0,0
1789170757.439719,2362037,pg_toast,pg_toast_2362031,0,0,0,0,0,0,0,0,0
1789170757.439719,2612,pg_catalog,pg_language,0,0,0,0,0,0,0,0,0
1789170757.439719,4149,pg_toast,pg_toast_2328,0,0,0,0,0,0,0,0,0
1789170757.439719,6351,pg_toast,pg_toast_2610,0,0,0,0,0,0,0,0,0
1789170757.439719,13489,information_schema,sql_sizing,0,0,,,0,0,0,0,0
1789170757.439719,3598,pg_toast,pg_toast_3596,0,0,0,0,0,0,0,0,0
1789170757.439719,2836,pg_toast,pg_toast_1255,0,0,0,0,0,0,0,0,0
1789170757.439719,2362021,pg_toast,pg_toast_2362013,0,0,0,0,0,0,0,0,0
1789170757.439719,2362166,pg_toast,pg_toast_2362148,0,0,0,0,0,0,0,0,0
1789170757.439719,3456,pg_catalog,pg_collation,0,0,1,1,0,0,0,0,0
1789170757.439719,3079,pg_catalog,pg_extension,0,0,0,0,0,0,0,0,0
1789170757.439719,6100,pg_catalog,pg_subscription,0,0,0,0,0,0,0,0,0
1789170757.439719,2832,pg_toast,pg_toast_2606,0,0,0,0,0,0,0,0,0
1789170757.439719,3256,pg_catalog,pg_policy,0,0,0,0,0,0,0,0,0
1789170757.439719,2362029,pg_toast,pg_toast_2362023,0,0,0,0,0,0,0,0,0
1789170757.439719,3466,pg_catalog,pg_event_trigger,0,0,0,0,0,0,0,0,0
1789170757.439719,2362058,pg_toast,pg_toast_2362051,0,0,0,0,0,0,0,0,0
1789170757.439719,3592,pg_catalog,pg_shseclabel,0,0,0,0,0,0,0,0,0
1789170757.439719,3764,pg_catalog,pg_ts_template,0,0,0,0,0,0,0,0,0
1789170757.439719,6237,pg_catalog,pg_publication_namespace,0,0,0,0,0,0,0,0,0
1789170757.439719,13487,pg_toast,pg_toast_13484,0,0,0,0,0,0,0,0,0
1789170757.439719,2995,pg_catalog,pg_largeobject_metadata,0,0,0,0,0,0,0,0,0
1789170757.439719,4143,pg_toast,pg_toast_826,0,0,0,0,0,0,0,0,0
1789170757.439719,4185,pg_toast,pg_toast_1213,0,0,0,0,0,0,0,0,0
1789170757.439719,6243,pg_catalog,pg_parameter_acl,0,0,0,0,0,0,0,0,0
1789170757.439719,2361988,pg_toast,pg_toast_2361978,0,0,0,0,0,0,0,0,0
1789170757.439719,2616,pg_catalog,pg_opclass,0,0,10,179,0,0,0,0,0
1789170757.439719,2362137,pg_toast,pg_toast_2362128,0,0,0,0,0,0,0,0,0
1789170757.439719,2838,pg_toast,pg_toast_2618,0,0,1,3,0,0,0,0,0
1789170757.439719,6228,pg_toast,pg_toast_6106,0,0,0,0,0,0,0,0,0
1789170757.439719,3118,pg_catalog,pg_foreign_table,0,0,0,0,0,0,0,0,0
1789170757.439719,1259,pg_catalog,pg_class,1,523,14,14,0,0,0,0,0
1789170757.439719,3350,pg_catalog,pg_partitioned_table,0,0,0,0,0,0,0,0,0
1789170757.439719,4153,pg_toast,pg_toast_3118,0,0,0,0,0,0,0,0,0
1789170757.439719,4060,pg_toast,pg_toast_3592,0,0,0,0,0,0,0,0,0
1789170757.439719,4165,pg_toast,pg_toast_3350,0,0,0,0,0,0,0,0,0
1789170757.439719,2753,pg_catalog,pg_opfamily,0,0,2,2,0,0,0,0,0
1789170757.439719,3601,pg_catalog,pg_ts_parser,0,0,0,0,0,0,0,0,0
1789170757.439719,6104,pg_catalog,pg_publication,0,0,0,0,0,0,0,0,0
1789170757.439719,13477,pg_toast,pg_toast_13474,0,0,0,0,0,0,0,0,0
1789170757.439719,3429,pg_catalog,pg_statistic_ext_data,0,0,0,0,0,0,0,0,0
1789170757.439719,2619,pg_catalog,pg_statistic,0,0,17,8,0,0,0,0,0
1789170757.439719,4155,pg_toast,pg_toast_3394,0,0,0,0,0,0,0,0,0
1789170757.439719,2362224,pg_toast,pg_toast_2362205,0,0,0,0,0,0,0,0,0
1789170757.439719,3381,pg_catalog,pg_statistic_ext,0,0,3,0,0,0,0,0,0
1789170757.439719,6106,pg_catalog,pg_publication_rel,0,0,0,0,0,0,0,0,0
1789170757.439719,2605,pg_catalog,pg_cast,0,0,54,8,0,0,0,0,0
1789170757.439719,4171,pg_toast,pg_toast_1247,0,0,0,0,0,0,0,0,0
1789170757.439719,2830,pg_toast,pg_toast_2604,0,0,0,0,0,0,0,0,0
1789170757.439719,13479,information_schema,sql_implementation_info,0,0,,,0,0,0,0,0
1789170757.439719,6244,pg_toast,pg_toast_6243,0,0,0,0,0,0,0,0,0
1789170757.439719,2361971,pg_toast,pg_toast_2361963,0,0,0,0,0,0,0,0,0
1789170757.439719,3430,pg_toast,pg_toast_3429,0,0,0,0,0,0,0,0,0
1789170757.439719,3576,pg_catalog,pg_transform,0,0,0,0,0,0,0,0,0
1789170757.439719,2601,pg_catalog,pg_am,0,0,0,0,0,0,0,0,0
1789170817.552738,3394,pg_catalog,pg_init_privs,0,0,0,0,0,0,0,0,0
1789170817.552738,4167,pg_toast,pg_toast_3256,0,0,0,0,0,0,0,0,0
1789170817.552738,4151,pg_toast,pg_toast_1417,0,0,0,0,0,0,0,0,0
1789170817.552738,2834,pg_toast,pg_toast_2609,0,0,0,0,0,0,0,0,0
1789170817.552738,6000,pg_catalog,pg_replication_origin,0,0,0,0,0,0,0,0,0
1789170817.552738,2840,pg_toast,pg_toast_2619,0,0,0,0,0,0,0,0,0
1789170817.552738,2328,pg_catalog,pg_foreign_data_wrapper,0,0,0,0,0,0,0,0,0
1789170817.552738,4157,pg_toast,pg_toast_2612,0,0,0,0,0,0,0,0,0
1789170817.552738,1260,pg_catalog,pg_authid,0,0,0,0,0,0,0,0,0
1789170817.552738,2362182,pg_toast,pg_toast_2362174,0,0,0,0,0,0,0,0,0
1789170817.552738,6102,pg_catalog,pg_subscription_rel,0,0,0,0,0,0,0,0,0
1789170817.552738,1214,pg_catalog,pg_shdepend,0,0,0,0,0,0,0,0,0
1789170817.552738,4163,pg_toast,pg_toast_2615,0,0,0,0,0,0,0,0,0
1789170817.552738,2362193,pg_toast,pg_toast_2362184,0,0,0,0,0,0,0,0,0
1789170817.552738,4169,pg_toast,pg_toast_3600,0,0,0,0,0,0,0,0,0
1789170817.552738,2615,pg_catalog,pg_namespace,1,4,7,2,0,0,0,0,0
1789170817.552738,2396,pg_catalog,pg_shdescription,0,0,0,0,0,0,0,0,0
1789170817.552738,3600,pg_catalog,pg_ts_dict,0,0,0,0,0,0,0,0,0
1789170817.552738,3596,pg_catalog,pg_seclabel,0,0,0,0,0,0,0,0,0
1789170817.552738,2609,pg_catalog,pg_description,0,0,0,0,0,0,0,0,0
1789170817.552738,13482,pg_toast,pg_toast_13479,0,0,0,0,0,0,0,0,0
1789170817.552738,2362082,pg_toast,pg_toast_2362060,0,0,0,0,0,0,0,0,0
1789170817.552738,3603,pg_catalog,pg_ts_config_map,0,0,0,0,0,0,0,0,0
1789170817.552738,1213,pg_catalog,pg_tablespace,0,0,1,1,0,0,0,0,0
1789170817.552738,2608,pg_catalog,pg_depend,0,0,0,0,0,0,0,0,0
1789170817.552738,2964,pg_catalog,pg_db_role_setting,0,0,0,0,0,0,0,0,0
1789170817.552738,1418,pg_catalog,pg_user_mapping,0,0,0,0,0,0,0,0,0
1789170817.552738,2613,pg_catalog,pg_largeobject,0,0,0,0,0,0,0,0,0
1789170817.552738,6175,pg_toast,pg_toast_3456,0,0,0,0,0,0,0,0,0
1789170817.552738,1261,pg_catalog,pg_auth_members,0,0,0,0,0,0,0,0,0
1789170817.552738,2617,pg_catalog,pg_operator,0,0,8,8,0,0,0,0,0
1789170817.552738,2610,pg_catalog,pg_index,1,221,11,13,0,0,0,0,0
1789170817.552738,1249,pg_catalog,pg_attribute,0,0,76,104,0,0,0,0,0
1789170817.552738,2600,pg_catalog,pg_aggregate,0,0,1,1,0,0,0,0,0
1789170817.552738,2966,pg_toast,pg_toast_2964,0,0,0,0,0,0,0,0,0
1789170817.552738,2618,pg_catalog,pg_rewrite,0,0,2,2,0,0,0,0,0
1789170817.552738,4177,pg_toast,pg_toast_1262,0,0,0,0,0,0,0,0,0
1789170817.552738,13484,information_schema,sql_parts,0,0,,,0,0,0,0,0
1789170817.552738,4159,pg_toast,pg_toast_2600,0,0,0,0,0,0,0,0,0
1789170817.552738,4147,pg_toast,pg_toast_3079,0,0,0,0,0,0,0,0,0
1789170817.552738,13474,information_schema,sql_features,0,0,,,0,0,0,0,0
1789170817.552738,1247,pg_catalog,pg_type,0,0,25,25,0,0,0,0,0
1789170817.552738,2602,pg_catalog,pg_amop,0,0,16,28,0,0,0,0,0
1789170817.552738,3439,pg_toast,pg_toast_3381,0,0,0,0,0,0,0,0,0
1789170817.552738,2846,pg_toast,pg_toast_2396,0,0,0,0,0,0,0,0,0
1789170817.552738,4145,pg_toast,pg_toast_3466,0,0,0,0,0,0,0,0,0
1789170817.552738,3541,pg_catalog,pg_range,0,0,0,0,0,0,0,0,0
1789170817.552738,3602,pg_catalog,pg_ts_config,0,0,0,0,0,0,0,0,0
1789170817.552738,4183,pg_toast,pg_toast_6100,0,0,0,0,0,0,0,0,0
1789170817.552738,2224,pg_catalog,pg_sequence,0,0,0,0,0,0,0,0,0
1789170817.552738,2611,pg_catalog,pg_inherits,0,0,0,0,0,0,0,0,0
1789170817.552738,1417,pg_catalog,pg_foreign_server,0,0,0,0,0,0,0,0,0
1789170817.552738,1262,pg_catalog,pg_database,0,0,0,0,0,0,0,0,0
1789170817.552738,13492,pg_toast,pg_toast_13489,0,0,0,0,0,0,0,0,0
1789170817.552738,3501,pg_catalog,pg_enum,0,0,0,0,0,0,0,0,0
1789170817.552738,2607,pg_catalog,pg_conversion,0,0,0,0,0,0,0,0,0
1789170817.552738,826,pg_catalog,pg_default_acl,0,0,0,0,0,0,0,0,0
1789170817.552738,2604,pg_catalog,pg_attrdef,0,0,0,0,0,0,0,0,0
1789170817.552738,2336,pg_toast,pg_toast_2620,0,0,0,0,0,0,0,0,0
1789170817.552738,2603,pg_catalog,pg_amproc,0,0,5,11,0,0,0,0,0
1789170817.552738,2362101,pg_toast,pg_toast_2362090,0,0,0,0,0,0,0,0,0
1789170817.552738,2606,pg_catalog,pg_constraint,0,0,3,8,0,0,0,0,0
1789170817.552738,1255,pg_catalog,pg_proc,0,0,21,26,0,0,0,0,0
1789170817.552738,4173,pg_toast,pg_toast_1418,0,0,0,0,0,0,0,0,0
1789170817.552738,2620,pg_catalog,pg_trigger,0,0,0,0,0,0,0,0,0
1789170817.552738,2362037,pg_toast,pg_toast_2362031,0,0,0,0,0,0,0,0,0
1789170817.552738,2612,pg_catalog,pg_language,0,0,0,0,0,0,0,0,0
1789170817.552738,4149,pg_toast,pg_toast_2328,0,0,0,0,0,0,0,0,0
1789170817.552738,6351,pg_toast,pg_toast_2610,0,0,0,0,0,0,0,0,0
1789170817.552738,13489,information_schema,sql_sizing,0,0,,,0,0,0,0,0
1789170817.552738,3598,pg_toast,pg_toast_3596,0,0,0,0,0,0,0,0,0
1789170817.552738,2836,pg_toast,pg_toast_1255,0,0,0,0,0,0,0,0,0
1789170817.552738,2362021,pg_toast,pg_toast_2362013,0,0,0,0,0,0,0,0,0
1789170817.552738,2362166,pg_toast,pg_toast_2362148,0,0,0,0,0,0,0,0,0
1789170817.552738,3456,pg_catalog,pg_collation,0,0,1,1,0,0,0,0,0
1789170817.552738,3079,pg_catalog,pg_extension,0,0,0,0,0,0,0,0,0
1789170817.552738,6100,pg_catalog,pg_subscription,0,0,0,0,0,0,0,0,0
1789170817.552738,2832,pg_toast,pg_toast_2606,0,0,0,0,0,0,0,0,0
1789170817.552738,3256,pg_catalog,pg_policy,0,0,0,0,0,0,0,0,0
1789170817.552738,2362029,pg_toast,pg_toast_2362023,0,0,0,0,0,0,0,0,0
1789170817.552738,3466,pg_catalog,pg_event_trigger,0,0,0,0,0,0,0,0,0
1789170817.552738,2362058,pg_toast,pg_toast_2362051,0,0,0,0,0,0,0,0,0
1789170817.552738,3592,pg_catalog,pg_shseclabel,0,0,0,0,0,0,0,0,0
1789170817.552738,3764,pg_catalog,pg_ts_template,0,0,0,0,0,0,0,0,0
1789170817.552738,6237,pg_catalog,pg_publication_namespace,0,0,0,0,0,0,0,0,0
1789170817.552738,13487,pg_toast,pg_toast_13484,0,0,0,0,0,0,0,0,0
1789170817.552738,2995,pg_catalog,pg_largeobject_metadata,0,0,0,0,0,0,0,0,0
1789170817.552738,4143,pg_toast,pg_toast_826,0,0,0,0,0,0,0,0,0
1789170817.552738,4185,pg_toast,pg_toast_1213,0,0,0,0,0,0,0,0,0
1789170817.552738,6243,pg_catalog,pg_parameter_acl,0,0,0,0,0,0,0,0,0
1789170817.552738,2361988,pg_toast,pg_toast_2361978,0,0,0,0,0,0,0,0,0
1789170817.552738,2616,pg_catalog,pg_opclass,0,0,10,179,0,0,0,0,0
1789170817.552738,2362137,pg_toast,pg_toast_2362128,0,0,0,0,0,0,0,0,0
1789170817.552738,2838,pg_toast,pg_toast_2618,0,0,1,3,0,0,0,0,0
1789170817.552738,6228,pg_toast,pg_toast_6106,0,0,0,0,0,0,0,0,0
1789170817.552738,3118,pg_catalog,pg_foreign_table,0,0,0,0,0,0,0,0,0
1789170817.552738,1259,pg_catalog,pg_class,1,523,14,14,0,0,0,0,0
1789170817.552738,3350,pg_catalog,pg_partitioned_table,0,0,0,0,0,0,0,0,0
1789170817.552738,4153,pg_toast,pg_toast_3118,0,0,0,0,0,0,0,0,0
1789170817.552738,4060,pg_toast,pg_toast_3592,0,0,0,0,0,0,0,0,0
1789170817.552738,4165,pg_toast,pg_toast_3350,0,0,0,0,0,0,0,0,0
1789170817.552738,2753,pg_catalog,pg_opfamily,0,0,2,2,0,0,0,0,0
1789170817.552738,3601,pg_catalog,pg_ts_parser,0,0,0,0,0,0,0,0,0
1789170817.552738,6104,pg_catalog,pg_publication,0,0,0,0,0,0,0,0,0
1789170817.552738,13477,pg_toast,pg_toast_13474,0,0,0,0,0,0,0,0,0
1789170817.552738,3429,pg_catalog,pg_statistic_ext_data,0,0,0,0,0,0,0,0,0
1789170817.552738,2619,pg_catalog,pg_statistic,0,0,17,8,0,0,0,0,0
1789170817.552738,4155,pg_toast,pg_toast_3394,0,0,0,0,0,0,0,0,0
1789170817.552738,2362224,pg_toast,pg_toast_2362205,0,0,0,0,0,0,0,0,0
1789170817.552738,3381,pg_catalog,pg_statistic_ext,0,0,3,0,0,0,0,0,0
1789170817.552738,6106,pg_catalog,pg_publication_rel,0,0,0,0,0,0,0,0,0
1789170817.552738,2605,pg_catalog,pg_cast,0,0,54,8,0,0,0,0,0
1789170817.552738,4171,pg_toast,pg_toast_1247,0,0,0,0,0,0,0,0,0
1789170817.552738,2830,pg_toast,pg_toast_2604,0,0,0,0,0,0,0,0,0
1789170817.552738,13479,information_schema,sql_implementation_info,0,0,,,0,0,0,0,0
1789170817.552738,6244,pg_toast,pg_toast_6243,0,0,0,0,0,0,0,0,0
1789170817.552738,2361971,pg_toast,pg_toast_2361963,0,0,0,0,0,0,0,0,0
1789170817.552738,3430,pg_toast,pg_toast_3429,0,0,0,0,0,0,0,0,0
1789170817.552738,3576,pg_catalog,pg_transform,0,0,0,0,0,0,0,0,0
1789170817.552738,2601,pg_catalog,pg_am,0,0,0,0,0,0,0,0,0
1789170877.656759,3394,pg_catalog,pg_init_privs,0,0,0,0,0,0,0,0,0
1789170877.656759,4167,pg_toast,pg_toast_3256,0,0,0,0,0,0,0,0,0
1789170877.656759,4151,pg_toast,pg_toast_1417,0,0,0,0,0,0,0,0,0
1789170877.656759,2834,pg_toast,pg_toast_2609,0,0,0,0,0,0,0,0,0
1789170877.656759,6000,pg_catalog,pg_replication_origin,0,0,0,0,0,0,0,0,0
1789170877.656759,2840,pg_toast,pg_toast_2619,0,0,0,0,0,0,0,0,0
1789170877.656759,2328,pg_catalog,pg_foreign_data_wrapper,0,0,0,0,0,0,0,0,0
1789170877.656759,4157,pg_toast,pg_toast_2612,0,0,0,0,0,0,0,0,0
1789170877.656759,1260,pg_catalog,pg_authid,0,0,0,0,0,0,0,0,0
1789170877.656759,2362182,pg_toast,pg_toast_2362174,0,0,0,0,0,0,0,0,0
1789170877.656759,6102,pg_catalog,pg_subscription_rel,0,0,0,0,0,0,0,0,0
1789170877.656759,1214,pg_catalog,pg_shdepend,0,0,0,0,0,0,0,0,0
1789170877.656759,4163,pg_toast,pg_toast_2615,0,0,0,0,0,0,0,0,0
1789170877.656759,2362193,pg_toast,pg_toast_2362184,0,0,0,0,0,0,0,0,0
1789170877.656759,4169,pg_toast,pg_toast_3600,0,0,0,0,0,0,0,0,0
1789170877.656759,2615,pg_catalog,pg_namespace,1,4,7,2,0,0,0,0,0
1789170877.656759,2396,pg_catalog,pg_shdescription,0,0,0,0,0,0,0,0,0
1789170877.656759,3600,pg_catalog,pg_ts_dict,0,0,0,0,0,0,0,0,0
1789170877.656759,3596,pg_catalog,pg_seclabel,0,0,0,0,0,0,0,0,0
1789170877.656759,2609,pg_catalog,pg_description,0,0,0,0,0,0,0,0,0
1789170877.656759,13482,pg_toast,pg_toast_13479,0,0,0,0,0,0,0,0,0
1789170877.656759,2362082,pg_toast,pg_toast_2362060,0,0,0,0,0,0,0,0,0
1789170877.656759,3603,pg_catalog,pg_ts_config_map,0,0,0,0,0,0,0,0,0
1789170877.656759,1213,pg_catalog,pg_tablespace,0,0,1,1,0,0,0,0,0
1789170877.656759,2608,pg_catalog,pg_depend,0,0,0,0,0,0,0,0,0
1789170877.656759,2964,pg_catalog,pg_db_role_setting,0,0,0,0,0,0,0,0,0
1789170877.656759,1418,pg_catalog,pg_user_mapping,0,0,0,0,0,0,0,0,0
1789170877.656759,2613,pg_catalog,pg_largeobject,0,0,0,0,0,0,0,0,0
1789170877.656759,6175,pg_toast,pg_toast_3456,0,0,0,0,0,0,0,0,0
1789170877.656759,1261,pg_catalog,pg_auth_members,0,0,0,0,0,0,0,0,0
1789170877.656759,2617,pg_catalog,pg_operator,0,0,8,8,0,0,0,0,0
1789170877.656759,2610,pg_catalog,pg_index,1,221,11,13,0,0,0,0,0
1789170877.656759,1249,pg_catalog,pg_attribute,0,0,76,104,0,0,0,0,0
1789170877.656759,2600,pg_catalog,pg_aggregate,0,0,1,1,0,0,0,0,0
1789170877.656759,2966,pg_toast,pg_toast_2964,0,0,0,0,0,0,0,0,0
1789170877.656759,2618,pg_catalog,pg_rewrite,0,0,2,2,0,0,0,0,0
1789170877.656759,4177,pg_toast,pg_toast_1262,0,0,0,0,0,0,0,0,0
1789170877.656759,13484,information_schema,sql_parts,0,0,,,0,0,0,0,0
1789170877.656759,4159,pg_toast,pg_toast_2600,0,0,0,0,0,0,0,0,0
1789170877.656759,4147,pg_toast,pg_toast_3079,0,0,0,0,0,0,0,0,0
1789170877.656759,13474,information_schema,sql_features,0,0,,,0,0,0,0,0
1789170877.656759,1247,pg_catalog,pg_type,0,0,25,25,0,0,0,0,0
1789170877.656759,2602,pg_catalog,pg_amop,0,0,16,28,0,0,0,0,0
1789170877.656759,3439,pg_toast,pg_toast_3381,0,0,0,0,0,0,0,0,0
1789170877.656759,2846,pg_toast,pg_toast_2396,0,0,0,0,0,0,0,0,0
1789170877.656759,4145,pg_toast,pg_toast_3466,0,0,0,0,0,0,0,0,0
1789170877.656759,3541,pg_catalog,pg_range,0,0,0,0,0,0,0,0,0
1789170877.656759,3602,pg_catalog,pg_ts_config,0,0,0,0,0,0,0,0,0
1789170877.656759,4183,pg_toast,pg_toast_6100,0,0,0,0,0,0,0,0,0
1789170877.656759,2224,pg_catalog,pg_sequence,0,0,0,0,0,0,0,0,0
1789170877.656759,2611,pg_catalog,pg_inherits,0,0,0,0,0,0,0,0,0
1789170877.656759,1417,pg_catalog,pg_foreign_server,0,0,0,0,0,0,0,0,0
1789170877.656759,1262,pg_catalog,pg_database,0,0,0,0,0,0,0,0,0
1789170877.656759,13492,pg_toast,pg_toast_13489,0,0,0,0,0,0,0,0,0
1789170877.656759,3501,pg_catalog,pg_enum,0,0,0,0,0,0,0,0,0
1789170877.656759,2607,pg_catalog,pg_conversion,0,0,0,0,0,0,0,0,0
1789170877.656759,826,pg_catalog,pg_default_acl,0,0,0,0,0,0,0,0,0
1789170877.656759,2604,pg_catalog,pg_attrdef,0,0,0,0,0,0,0,0,0
1789170877.656759,2336,pg_toast,pg_toast_2620,0,0,0,0,0,0,0,0,0
1789170877.656759,2603,pg_catalog,pg_amproc,0,0,5,11,0,0,0,0,0
1789170877.656759,2362101,pg_toast,pg_toast_2362090,0,0,0,0,0,0,0,0,0
1789170877.656759,2606,pg_catalog,pg_constraint,0,0,3,8,0,0,0,0,0
1789170877.656759,1255,pg_catalog,pg_proc,0,0,21,26,0,0,0,0,0
1789170877.656759,4173,pg_toast,pg_toast_1418,0,0,0,0,0,0,0,0,0
1789170877.656759,2620,pg_catalog,pg_trigger,0,0,0,0,0,0,0,0,0
1789170877.656759,2362037,pg_toast,pg_toast_2362031,0,0,0,0,0,0,0,0,0
1789170877.656759,2612,pg_catalog,pg_language,0,0,0,0,0,0,0,0,0
1789170877.656759,4149,pg_toast,pg_toast_2328,0,0,0,0,0,0,0,0,0
1789170877.656759,6351,pg_toast,pg_toast_2610,0,0,0,0,0,0,0,0,0
1789170877.656759,13489,information_schema,sql_sizing,0,0,,,0,0,0,0,0
1789170877.656759,3598,pg_toast,pg_toast_3596,0,0,0,0,0,0,0,0,0
1789170877.656759,2836,pg_toast,pg_toast_1255,0,0,0,0,0,0,0,0,0
1789170877.656759,2362021,pg_toast,pg_toast_2362013,0,0,0,0,0,0,0,0,0
1789170877.656759,2362166,pg_toast,pg_toast_2362148,0,0,0,0,0,0,0,0,0
1789170877.656759,3456,pg_catalog,pg_collation,0,0,1,1,0,0,0,0,0
1789170877.656759,3079,pg_catalog,pg_extension,0,0,0,0,0,0,0,0,0
1789170877.656759,6100,pg_catalog,pg_subscription,0,0,0,0,0,0,0,0,0
1789170877.656759,2832,pg_toast,pg_toast_2606,0,0,0,0,0,0,0,0,0
1789170877.656759,3256,pg_catalog,pg_policy,0,0,0,0,0,0,0,0,0
1789170877.656759,2362029,pg_toast,pg_toast_2362023,0,0,0,0,0,0,0,0,0
1789170877.656759,3466,pg_catalog,pg_event_trigger,0,0,0,0,0,0,0,0,0
1789170877.656759,2362058,pg_toast,pg_toast_2362051,0,0,0,0,0,0,0,0,0
1789170877.656759,3592,pg_catalog,pg_shseclabel,0,0,0,0,0,0,0,0,0
1789170877.656759,3764,pg_catalog,pg_ts_template,0,0,0,0,0,0,0,0,0
1789170877.656759,6237,pg_catalog,pg_publication_namespace,0,0,0,0,0,0,0,0,0
1789170877.656759,13487,pg_toast,pg_toast_13484,0,0,0,0,0,0,0,0,0
1789170877.656759,2995,pg_catalog,pg_largeobject_metadata,0,0,0,0,0,0,0,0,0
1789170877.656759,4143,pg_toast,pg_toast_826,0,0,0,0,0,0,0,0,0
1789170877.656759,4185,pg_toast,pg_toast_1213,0,0,0,0,0,0,0,0,0
1789170877.656759,6243,pg_catalog,pg_parameter_acl,0,0,0,0,0,0,0,0,0
1789170877.656759,2361988,pg_toast,pg_toast_2361978,0,0,0,0,0,0,0,0,0
1789170877.656759,2616,pg_catalog,pg_opclass,0,0,10,179,0,0,0,0,0
1789170877.656759,2362137,pg_toast,pg_toast_2362128,0,0,0,0,0,0,0,0,0
1789170877.656759,2838,pg_toast,pg_toast_2618,0,0,1,3,0,0,0,0,0
1789170877.656759,6228,pg_toast,pg_toast_6106,0,0,0,0,0,0,0,0,0
1789170877.656759,3118,pg_catalog,pg_foreign_table,0,0,0,0,0,0,0,0,0
1789170877.656759,1259,pg_catalog,pg_class,1,523,14,14,0,0,0,0,0
1789170877.656759,3350,pg_catalog,pg_partitioned_table,0,0,0,0,0,0,0,0,0
1789170877.656759,4153,pg_toast,pg_toast_3118,0,0,0,0,0,0,0,0,0
1789170877.656759,4060,pg_toast,pg_toast_3592,0,0,0,0,0,0,0,0,0
1789170877.656759,4165,pg_toast,pg_toast_3350,0,0,0,0,0,0,0,0,0
1789170877.656759,2753,pg_catalog,pg_opfamily,0,0,2,2,0,0,0,0,0
1789170877.656759,3601,pg_catalog,pg_ts_parser,0,0,0,0,0,0,0,0,0
1789170877.656759,6104,pg_catalog,pg_publication,0,0,0,0,0,0,0,0,0
1789170877.656759,13477,pg_toast,pg_toast_13474,0,0,0,0,0,0,0,0,0
1789170877.656759,3429,pg_catalog,pg_statistic_ext_data,0,0,0,0,0,0,0,0,0
1789170877.656759,2619,pg_catalog,pg_statistic,0,0,17,8,0,0,0,0,0
1789170877.656759,4155,pg_toast,pg_toast_3394,0,0,0,0,0,0,0,0,0
1789170877.656759,2362224,pg_toast,pg_toast_2362205,0,0,0,0,0,0,0,0,0
1789170877.656759,3381,pg_catalog,pg_statistic_ext,0,0,3,0,0,0,0,0,0
1789170877.656759,6106,pg_catalog,pg_publication_rel,0,0,0,0,0,0,0,0,0
1789170877.656759,2605,pg_catalog,pg_cast,0,0,54,8,0,0,0,0,0
1789170877.656759,4171,pg_toast,pg_toast_1247,0,0,0,0,0,0,0,0,0
1789170877.656759,2830,pg_toast,pg_toast_2604,0,0,0,0,0,0,0,0,0
1789170877.656759,13479,information_schema,sql_implementation_info,0,0,,,0,0,0,0,0
1789170877.656759,6244,pg_toast,pg_toast_6243,0,0,0,0,0,0,0,0,0
1789170877.656759,2361971,pg_toast,pg_toast_2361963,0,0,0,0,0,0,0,0,0
1789170877.656759,3430,pg_toast,pg_toast_3429,0,0,0,0,0,0,0,0,0
1789170877.656759,3576,pg_catalog,pg_transform,0,0,0,0,0,0,0,0,0
1789170877.656759,2601,pg_catalog,pg_am,0,0,0,0,0,0,0,0,0
1789170937.762992,3394,pg_catalog,pg_init_privs,0,0,0,0,0,0,0,0,0
1789170937.762992,4167,pg_toast,pg_toast_3256,0,0,0,0,0,0,0,0,0
1789170937.762992,4151,pg_toast,pg_toast_1417,0,0,0,0,0,0,0,0,0
1789170937.762992,2834,pg_toast,pg_toast_2609,0,0,0,0,0,0,0,0,0
1789170937.762992,6000,pg_catalog,pg_replication_origin,0,0,0,0,0,0,0,0,0
1789170937.762992,2840,pg_toast,pg_toast_2619,0,0,0,0,0,0,0,0,0
1789170937.762992,2328,pg_catalog,pg_foreign_data_wrapper,0,0,0,0,0,0,0,0,0
1789170937.762992,4157,pg_toast,pg_toast_2612,0,0,0,0,0,0,0,0,0
1789170937.762992,1260,pg_catalog,pg_authid,0,0,0,0,0,0,0,0,0
1789170937.762992,2362182,pg_toast,pg_toast_2362174,0,0,0,0,0,0,0,0,0
1789170937.762992,6102,pg_catalog,pg_subscription_rel,0,0,0,0,0,0,0,0,0
1789170937.762992,1214,pg_catalog,pg_shdepend,0,0,0,0,0,0,0,0,0
1789170937.762992,4163,pg_toast,pg_toast_2615,0,0,0,0,0,0,0,0,0
1789170937.762992,2362193,pg_toast,pg_toast_2362184,0,0,0,0,0,0,0,0,0
1789170937.762992,4169,pg_toast,pg_toast_3600,0,0,0,0,0,0,0,0,0
1789170937.762992,2615,pg_catalog,pg_namespace,1,4,7,2,0,0,0,0,0
1789170937.762992,2396,pg_catalog,pg_shdescription,0,0,0,0,0,0,0,0,0
1789170937.762992,3600,pg_catalog,pg_ts_dict,0,0,0,0,0,0,0,0,0
1789170937.762992,3596,pg_catalog,pg_seclabel,0,0,0,0,0,0,0,0,0
1789170937.762992,2609,pg_catalog,pg_description,0,0,0,0,0,0,0,0,0
1789170937.762992,13482,pg_toast,pg_toast_13479,0,0,0,0,0,0,0,0,0
1789170937.762992,2362082,pg_toast,pg_toast_2362060,0,0,0,0,0,0,0,0,0
1789170937.762992,3603,pg_catalog,pg_ts_config_map,0,0,0,0,0,0,0,0,0
1789170937.762992,1213,pg_catalog,pg_tablespace,0,0,1,1,0,0,0,0,0
1789170937.762992,2608,pg_catalog,pg_depend,0,0,0,0,0,0,0,0,0
1789170937.762992,2964,pg_catalog,pg_db_role_setting,0,0,0,0,0,0,0,0,0
1789170937.762992,1418,pg_catalog,pg_user_mapping,0,0,0,0,0,0,0,0,0
1789170937.762992,2613,pg_catalog,pg_largeobject,0,0,0,0,0,0,0,0,0
1789170937.762992,6175,pg_toast,pg_toast_3456,0,0,0,0,0,0,0,0,0
1789170937.762992,1261,pg_catalog,pg_auth_members,0,0,0,0,0,0,0,0,0
1789170937.762992,2617,pg_catalog,pg_operator,0,0,8,8,0,0,0,0,0
1789170937.762992,2610,pg_catalog,pg_index,1,221,11,13,0,0,0,0,0
1789170937.762992,1249,pg_catalog,pg_attribute,0,0,76,104,0,0,0,0,0
1789170937.762992,2600,pg_catalog,pg_aggregate,0,0,1,1,0,0,0,0,0
1789170937.762992,2966,pg_toast,pg_toast_2964,0,0,0,0,0,0,0,0,0
1789170937.762992,2618,pg_catalog,pg_rewrite,0,0,2,2,0,0,0,0,0
1789170937.762992,4177,pg_toast,pg_toast_1262,0,0,0,0,0,0,0,0,0
1789170937.762992,13484,information_schema,sql_parts,0,0,,,0,0,0,0,0
1789170937.762992,4159,pg_toast,pg_toast_2600,0,0,0,0,0,0,0,0,0
1789170937.762992,4147,pg_toast,pg_toast_3079,0,0,0,0,0,0,0,0,0
1789170937.762992,13474,information_schema,sql_features,0,0,,,0,0,0,0,0
1789170937.762992,1247,pg_catalog,pg_type,0,0,25,25,0,0,0,0,0
1789170937.762992,2602,pg_catalog,pg_amop,0,0,16,28,0,0,0,0,0
1789170937.762992,3439,pg_toast,pg_toast_3381,0,0,0,0,0,0,0,0,0
1789170937.762992,2846,pg_toast,pg_toast_2396,0,0,0,0,0,0,0,0,0
1789170937.762992,4145,pg_toast,pg_toast_3466,0,0,0,0,0,0,0,0,0
1789170937.762992,3541,pg_catalog,pg_range,0,0,0,0,0,0,0,0,0
1789170937.762992,3602,pg_catalog,pg_ts_config,0,0,0,0,0,0,0,0,0
1789170937.762992,4183,pg_toast,pg_toast_6100,0,0,0,0,0,0,0,0,0
1789170937.762992,2224,pg_catalog,pg_sequence,0,0,0,0,0,0,0,0,0
1789170937.762992,2611,pg_catalog,pg_inherits,0,0,0,0,0,0,0,0,0
1789170937.762992,1417,pg_catalog,pg_foreign_server,0,0,0,0,0,0,0,0,0
1789170937.762992,1262,pg_catalog,pg_database,0,0,0,0,0,0,0,0,0
1789170937.762992,13492,pg_toast,pg_toast_13489,0,0,0,0,0,0,0,0,0
1789170937.762992,3501,pg_catalog,pg_enum,0,0,0,0,0,0,0,0,0
1789170937.762992,2607,pg_catalog,pg_conversion,0,0,0,0,0,0,0,0,0
1789170937.762992,826,pg_catalog,pg_default_acl,0,0,0,0,0,0,0,0,0
1789170937.762992,2604,pg_catalog,pg_attrdef,0,0,0,0,0,0,0,0,0
1789170937.762992,2336,pg_toast,pg_toast_2620,0,0,0,0,0,0,0,0,0
1789170937.762992,2603,pg_catalog,pg_amproc,0,0,5,11,0,0,0,0,0
1789170937.762992,2362101,pg_toast,pg_toast_2362090,0,0,0,0,0,0,0,0,0
1789170937.762992,2606,pg_catalog,pg_constraint,0,0,3,8,0,0,0,0,0
1789170937.762992,1255,pg_catalog,pg_proc,0,0,21,26,0,0,0,0,0
1789170937.762992,4173,pg_toast,pg_toast_1418,0,0,0,0,0,0,0,0,0
1789170937.762992,2620,pg_catalog,pg_trigger,0,0,0,0,0,0,0,0,0
1789170937.762992,2362037,pg_toast,pg_toast_2362031,0,0,0,0,0,0,0,0,0
1789170937.762992,2612,pg_catalog,pg_language,0,0,0,0,0,0,0,0,0
1789170937.762992,4149,pg_toast,pg_toast_2328,0,0,0,0,0,0,0,0,0
1789170937.762992,6351,pg_toast,pg_toast_2610,0,0,0,0,0,0,0,0,0
1789170937.762992,13489,information_schema,sql_sizing,0,0,,,0,0,0,0,0
1789170937.762992,3598,pg_toast,pg_toast_3596,0,0,0,0,0,0,0,0,0
1789170937.762992,2836,pg_toast,pg_toast_1255,0,0,0,0,0,0,0,0,0
1789170937.762992,2362021,pg_toast,pg_toast_2362013,0,0,0,0,0,0,0,0,0
1789170937.762992,2362166,pg_toast,pg_toast_2362148,0,0,0,0,0,0,0,0,0
1789170937.762992,3456,pg_catalog,pg_collation,0,0,1,1,0,0,0,0,0
1789170937.762992,3079,pg_catalog,pg_extension,0,0,0,0,0,0,0,0,0
1789170937.762992,6100,pg_catalog,pg_subscription,0,0,0,0,0,0,0,0,0
1789170937.762992,2832,pg_toast,pg_toast_2606,0,0,0,0,0,0,0,0,0
1789170937.762992,3256,pg_catalog,pg_policy,0,0,0,0,0,0,0,0,0
1789170937.762992,2362029,pg_toast,pg_toast_2362023,0,0,0,0,0,0,0,0,0
1789170937.762992,3466,pg_catalog,pg_event_trigger,0,0,0,0,0,0,0,0,0
1789170937.762992,2362058,pg_toast,pg_toast_2362051,0,0,0,0,0,0,0,0,0
1789170937.762992,3592,pg_catalog,pg_shseclabel,0,0,0,0,0,0,0,0,0
1789170937.762992,3764,pg_catalog,pg_ts_template,0,0,0,0,0,0,0,0,0
1789170937.762992,6237,pg_catalog,pg_publication_namespace,0,0,0,0,0,0,0,0,0
1789170937.762992,13487,pg_toast,pg_toast_13484,0,0,0,0,0,0,0,0,0
1789170937.762992,2995,pg_catalog,pg_largeobject_metadata,0,0,0,0,0,0,0,0,0
1789170937.762992,4143,pg_toast,pg_toast_826,0,0,0,0,0,0,0,0,0
1789170937.762992,4185,pg_toast,pg_toast_1213,0,0,0,0,0,0,0,0,0
1789170937.762992,6243,pg_catalog,pg_parameter_acl,0,0,0,0,0,0,0,0,0
1789170937.762992,2361988,pg_toast,pg_toast_2361978,0,0,0,0,0,0,0,0,0
1789170937.762992,2616,pg_catalog,pg_opclass,0,0,10,179,0,0,0,0,0
1789170937.762992,2362137,pg_toast,pg_toast_2362128,0,0,0,0,0,0,0,0,0
1789170937.762992,2838,pg_toast,pg_toast_2618,0,0,1,3,0,0,0,0,0
1789170937.762992,6228,pg_toast,pg_toast_6106,0,0,0,0,0,0,0,0,0
1789170937.762992,3118,pg_catalog,pg_foreign_table,0,0,0,0,0,0,0,0,0
1789170937.762992,1259,pg_catalog,pg_class,1,523,14,14,0,0,0,0,0
1789170937.762992,3350,pg_catalog,pg_partitioned_table,0,0,0,0,0,0,0,0,0
1789170937.762992,4153,pg_toast,pg_toast_3118,0,0,0,0,0,0,0,0,0
1789170937.762992,4060,pg_toast,pg_toast_3592,0,0,0,0,0,0,0,0,0
1789170937.762992,4165,pg_toast,pg_toast_3350,0,0,0,0,0,0,0,0,0
1789170937.762992,2753,pg_catalog,pg_opfamily,0,0,2,2,0,0,0,0,0
1789170937.762992,3601,pg_catalog,pg_ts_parser,0,0,0,0,0,0,0,0,0
1789170937.762992,6104,pg_catalog,pg_publication,0,0,0,0,0,0,0,0,0
1789170937.762992,13477,pg_toast,pg_toast_13474,0,0,0,0,0,0,0,0,0
1789170937.762992,3429,pg_catalog,pg_statistic_ext_data,0,0,0,0,0,0,0,0,0
1789170937.762992,2619,pg_catalog,pg_statistic,0,0,17,8,0,0,0,0,0
1789170937.762992,4155,pg_toast,pg_toast_3394,0,0,0,0,0,0,0,0,0
1789170937.762992,2362224,pg_toast,pg_toast_2362205,0,0,0,0,0,0,0,0,0
1789170937.762992,3381,pg_catalog,pg_statistic_ext,0,0,3,0,0,0,0,0,0
1789170937.762992,6106,pg_catalog,pg_publication_rel,0,0,0,0,0,0,0,0,0
1789170937.762992,2605,pg_catalog,pg_cast,0,0,54,8,0,0,0,0,0
1789170937.762992,4171,pg_toast,pg_toast_1247,0,0,0,0,0,0,0,0,0
1789170937.762992,2830,pg_toast,pg_toast_2604,0,0,0,0,0,0,0,0,0
1789170937.762992,13479,information_schema,sql_implementation_info,0,0,,,0,0,0,0,0
1789170937.762992,6244,pg_toast,pg_toast_6243,0,0,0,0,0,0,0,0,0
1789170937.762992,2361971,pg_toast,pg_toast_2361963,0,0,0,0,0,0,0,0,0
1789170937.762992,3430,pg_toast,pg_toast_3429,0,0,0,0,0,0,0,0,0
1789170937.762992,3576,pg_catalog,pg_transform,0,0,0,0,0,0,0,0,0
1789170937.762992,2601,pg_catalog,pg_am,0,0,0,0,0,0,0,0,0
1789170997.891786,3394,pg_catalog,pg_init_privs,0,0,0,0,0,0,0,0,0
1789170997.891786,4167,pg_toast,pg_toast_3256,0,0,0,0,0,0,0,0,0
1789170997.891786,4151,pg_toast,pg_toast_1417,0,0,0,0,0,0,0,0,0
1789170997.891786,2834,pg_toast,pg_toast_2609,0,0,0,0,0,0,0,0,0
1789170997.891786,6000,pg_catalog,pg_replication_origin,0,0,0,0,0,0,0,0,0
1789170997.891786,2840,pg_toast,pg_toast_2619,0,0,0,0,0,0,0,0,0
1789170997.891786,2328,pg_catalog,pg_foreign_data_wrapper,0,0,0,0,0,0,0,0,0
1789170997.891786,4157,pg_toast,pg_toast_2612,0,0,0,0,0,0,0,0,0
1789170997.891786,1260,pg_catalog,pg_authid,0,0,0,0,0,0,0,0,0
1789170997.891786,2362182,pg_toast,pg_toast_2362174,0,0,0,0,0,0,0,0,0
1789170997.891786,6102,pg_catalog,pg_subscription_rel,0,0,0,0,0,0,0,0,0
1789170997.891786,1214,pg_catalog,pg_shdepend,0,0,0,0,0,0,0,0,0
1789170997.891786,4163,pg_toast,pg_toast_2615,0,0,0,0,0,0,0,0,0
1789170997.891786,2362193,pg_toast,pg_toast_2362184,0,0,0,0,0,0,0,0,0
1789170997.891786,4169,pg_toast,pg_toast_3600,0,0,0,0,0,0,0,0,0
1789170997.891786,2615,pg_catalog,pg_namespace,1,4,7,2,0,0,0,0,0
1789170997.891786,2396,pg_catalog,pg_shdescription,0,0,0,0,0,0,0,0,0
1789170997.891786,3600,pg_catalog,pg_ts_dict,0,0,0,0,0,0,0,0,0
1789170997.891786,3596,pg_catalog,pg_seclabel,0,0,0,0,0,0,0,0,0
1789170997.891786,2609,pg_catalog,pg_description,0,0,0,0,0,0,0,0,0
1789170997.891786,13482,pg_toast,pg_toast_13479,0,0,0,0,0,0,0,0,0
1789170997.891786,2362082,pg_toast,pg_toast_2362060,0,0,0,0,0,0,0,0,0
1789170997.891786,3603,pg_catalog,pg_ts_config_map,0,0,0,0,0,0,0,0,0
1789170997.891786,1213,pg_catalog,pg_tablespace,0,0,1,1,0,0,0,0,0
1789170997.891786,2608,pg_catalog,pg_depend,0,0,0,0,0,0,0,0,0
1789170997.891786,2964,pg_catalog,pg_db_role_setting,0,0,0,0,0,0,0,0,0
1789170997.891786,1418,pg_catalog,pg_user_mapping,0,0,0,0,0,0,0,0,0
1789170997.891786,2613,pg_catalog,pg_largeobject,0,0,0,0,0,0,0,0,0
1789170997.891786,6175,pg_toast,pg_toast_3456,0,0,0,0,0,0,0,0,0
1789170997.891786,1261,pg_catalog,pg_auth_members,0,0,0,0,0,0,0,0,0
1789170997.891786,2617,pg_catalog,pg_operator,0,0,8,8,0,0,0,0,0
1789170997.891786,2610,pg_catalog,pg_index,1,221,11,13,0,0,0,0,0
1789170997.891786,1249,pg_catalog,pg_attribute,0,0,76,104,0,0,0,0,0
1789170997.891786,2600,pg_catalog,pg_aggregate,0,0,1,1,0,0,0,0,0
1789170997.891786,2966,pg_toast,pg_toast_2964,0,0,0,0,0,0,0,0,0
1789170997.891786,2618,pg_catalog,pg_rewrite,0,0,2,2,0,0,0,0,0
1789170997.891786,4177,pg_toast,pg_toast_1262,0,0,0,0,0,0,0,0,0
1789170997.891786,13484,information_schema,sql_parts,0,0,,,0,0,0,0,0
1789170997.891786,4159,pg_toast,pg_toast_2600,0,0,0,0,0,0,0,0,0
1789170997.891786,4147,pg_toast,pg_toast_3079,0,0,0,0,0,0,0,0,0
1789170997.891786,13474,information_schema,sql_features,0,0,,,0,0,0,0,0
1789170997.891786,1247,pg_catalog,pg_type,0,0,25,25,0,0,0,0,0
1789170997.891786,2602,pg_catalog,pg_amop,0,0,16,28,0,0,0,0,0
1789170997.891786,3439,pg_toast,pg_toast_3381,0,0,0,0,0,0,0,0,0
1789170997.891786,2846,pg_toast,pg_toast_2396,0,0,0,0,0,0,0,0,0
1789170997.891786,4145,pg_toast,pg_toast_3466,0,0,0,0,0,0,0,0,0
1789170997.891786,3541,pg_catalog,pg_range,0,0,0,0,0,0,0,0,0
1789170997.891786,3602,pg_catalog,pg_ts_config,0,0,0,0,0,0,0,0,0
1789170997.891786,4183,pg_toast,pg_toast_6100,0,0,0,0,0,0,0,0,0
1789170997.891786,2224,pg_catalog,pg_sequence,0,0,0,0,0,0,0,0,0
1789170997.891786,2611,pg_catalog,pg_inherits,0,0,0,0,0,0,0,0,0
1789170997.891786,1417,pg_catalog,pg_foreign_server,0,0,0,0,0,0,0,0,0
1789170997.891786,1262,pg_catalog,pg_database,0,0,0,0,0,0,0,0,0
1789170997.891786,13492,pg_toast,pg_toast_13489,0,0,0,0,0,0,0,0,0
1789170997.891786,3501,pg_catalog,pg_enum,0,0,0,0,0,0,0,0,0
1789170997.891786,2607,pg_catalog,pg_conversion,0,0,0,0,0,0,0,0,0
1789170997.891786,826,pg_catalog,pg_default_acl,0,0,0,0,0,0,0,0,0
1789170997.891786,2604,pg_catalog,pg_attrdef,0,0,0,0,0,0,0,0,0
1789170997.891786,2336,pg_toast,pg_toast_2620,0,0,0,0,0,0,0,0,0
1789170997.891786,2603,pg_catalog,pg_amproc,0,0,5,11,0,0,0,0,0
1789170997.891786,2362101,pg_toast,pg_toast_2362090,0,0,0,0,0,0,0,0,0
1789170997.891786,2606,pg_catalog,pg_constraint,0,0,3,8,0,0,0,0,0
1789170997.891786,1255,pg_catalog,pg_proc,0,0,21,26,0,0,0,0,0
1789170997.891786,4173,pg_toast,pg_toast_1418,0,0,0,0,0,0,0,0,0
1789170997.891786,2620,pg_catalog,pg_trigger,0,0,0,0,0,0,0,0,0
1789170997.891786,2362037,pg_toast,pg_toast_2362031,0,0,0,0,0,0,0,0,0
1789170997.891786,2612,pg_catalog,pg_language,0,0,0,0,0,0,0,0,0
1789170997.891786,4149,pg_toast,pg_toast_2328,0,0,0,0,0,0,0,0,0
1789170997.891786,6351,pg_toast,pg_toast_2610,0,0,0,0,0,0,0,0,0
1789170997.891786,13489,information_schema,sql_sizing,0,0,,,0,0,0,0,0
1789170997.891786,3598,pg_toast,pg_toast_3596,0,0,0,0,0,0,0,0,0
1789170997.891786,2836,pg_toast,pg_toast_1255,0,0,0,0,0,0,0,0,0
1789170997.891786,2362021,pg_toast,pg_toast_2362013,0,0,0,0,0,0,0,0,0
1789170997.891786,2362166,pg_toast,pg_toast_2362148,0,0,0,0,0,0,0,0,0
1789170997.891786,3456,pg_catalog,pg_collation,0,0,1,1,0,0,0,0,0
1789170997.891786,3079,pg_catalog,pg_extension,0,0,0,0,0,0,0,0,0
1789170997.891786,6100,pg_catalog,pg_subscription,0,0,0,0,0,0,0,0,0
1789170997.891786,2832,pg_toast,pg_toast_2606,0,0,0,0,0,0,0,0,0
1789170997.891786,3256,pg_catalog,pg_policy,0,0,0,0,0,0,0,0,0
1789170997.891786,2362029,pg_toast,pg_toast_2362023,0,0,0,0,0,0,0,0,0
1789170997.891786,3466,pg_catalog,pg_event_trigger,0,0,0,0,0,0,0,0,0
1789170997.891786,2362058,pg_toast,pg_toast_2362051,0,0,0,0,0,0,0,0,0
1789170997.891786,3592,pg_catalog,pg_shseclabel,0,0,0,0,0,0,0,0,0
1789170997.891786,3764,pg_catalog,pg_ts_template,0,0,0,0,0,0,0,0,0
1789170997.891786,6237,pg_catalog,pg_publication_namespace,0,0,0,0,0,0,0,0,0
1789170997.891786,13487,pg_toast,pg_toast_13484,0,0,0,0,0,0,0,0,0
1789170997.891786,2995,pg_catalog,pg_largeobject_metadata,0,0,0,0,0,0,0,0,0
1789170997.891786,4143,pg_toast,pg_toast_826,0,0,0,0,0,0,0,0,0
1789170997.891786,4185,pg_toast,pg_toast_1213,0,0,0,0,0,0,0,0,0
1789170997.891786,6243,pg_catalog,pg_parameter_acl,0,0,0,0,0,0,0,0,0
1789170997.891786,2361988,pg_toast,pg_toast_2361978,0,0,0,0,0,0,0,0,0
1789170997.891786,2616,pg_catalog,pg_opclass,0,0,10,179,0,0,0,0,0
1789170997.891786,2362137,pg_toast,pg_toast_2362128,0,0,0,0,0,0,0,0,0
1789170997.891786,2838,pg_toast,pg_toast_2618,0,0,1,3,0,0,0,0,0
1789170997.891786,6228,pg_toast,pg_toast_6106,0,0,0,0,0,0,0,0,0
1789170997.891786,3118,pg_catalog,pg_foreign_table,0,0,0,0,0,0,0,0,0
1789170997.891786,1259,pg_catalog,pg_class,1,523,14,14,0,0,0,0,0
1789170997.891786,3350,pg_catalog,pg_partitioned_table,0,0,0,0,0,0,0,0,0
1789170997.891786,4153,pg_toast,pg_toast_3118,0,0,0,0,0,0,0,0,0
1789170997.891786,4060,pg_toast,pg_toast_3592,0,0,0,0,0,0,0,0,0
1789170997.891786,4165,pg_toast,pg_toast_3350,0,0,0,0,0,0,0,0,0
1789170997.891786,2753,pg_catalog,pg_opfamily,0,0,2,2,0,0,0,0,0
1789170997.891786,3601,pg_catalog,pg_ts_parser,0,0,0,0,0,0,0,0,0
1789170997.891786,6104,pg_catalog,pg_publication,0,0,0,0,0,0,0,0,0
1789170997.891786,13477,pg_toast,pg_toast_13474,0,0,0,0,0,0,0,0,0
1789170997.891786,3429,pg_catalog,pg_statistic_ext_data,0,0,0,0,0,0,0,0,0
1789170997.891786,2619,pg_catalog,pg_statistic,0,0,17,8,0,0,0,0,0
1789170997.891786,4155,pg_toast,pg_toast_3394,0,0,0,0,0,0,0,0,0
1789170997.891786,2362224,pg_toast,pg_toast_2362205,0,0,0,0,0,0,0,0,0
1789170997.891786,3381,pg_catalog,pg_statistic_ext,0,0,3,0,0,0,0,0,0
1789170997.891786,6106,pg_catalog,pg_publication_rel,0,0,0,0,0,0,0,0,0
1789170997.891786,2605,pg_catalog,pg_cast,0,0,54,8,0,0,0,0,0
1789170997.891786,4171,pg_toast,pg_toast_1247,0,0,0,0,0,0,0,0,0
1789170997.891786,2830,pg_toast,pg_toast_2604,0,0,0,0,0,0,0,0,0
1789170997.891786,13479,information_schema,sql_implementation_info,0,0,,,0,0,0,0,0
1789170997.891786,6244,pg_toast,pg_toast_6243,0,0,0,0,0,0,0,0,0
1789170997.891786,2361971,pg_toast,pg_toast_2361963,0,0,0,0,0,0,0,0,0
1789170997.891786,3430,pg_toast,pg_toast_3429,0,0,0,0,0,0,0,0,0
1789170997.891786,3576,pg_catalog,pg_transform,0,0,0,0,0,0,0,0,0
1789170997.891786,2601,pg_catalog,pg_am,0,0,0,0,0,0,0,0,0
1789171058.017660,3394,pg_catalog,pg_init_privs,0,0,0,0,0,0,0,0,0
1789171058.017660,4167,pg_toast,pg_toast_3256,0,0,0,0,0,0,0,0,0
1789171058.017660,4151,pg_toast,pg_toast_1417,0,0,0,0,0,0,0,0,0
1789171058.017660,2834,pg_toast,pg_toast_2609,0,0,0,0,0,0,0,0,0
1789171058.017660,6000,pg_catalog,pg_replication_origin,0,0,0,0,0,0,0,0,0
1789171058.017660,2840,pg_toast,pg_toast_2619,0,0,0,0,0,0,0,0,0
1789171058.017660,2328,pg_catalog,pg_foreign_data_wrapper,0,0,0,0,0,0,0,0,0
1789171058.017660,4157,pg_toast,pg_toast_2612,0,0,0,0,0,0,0,0,0
1789171058.017660,1260,pg_catalog,pg_authid,0,0,0,0,0,0,0,0,0
1789171058.017660,2362182,pg_toast,pg_toast_2362174,0,0,0,0,0,0,0,0,0
1789171058.017660,6102,pg_catalog,pg_subscription_rel,0,0,0,0,0,0,0,0,0
1789171058.017660,1214,pg_catalog,pg_shdepend,0,0,0,0,0,0,0,0,0
1789171058.017660,4163,pg_toast,pg_toast_2615,0,0,0,0,0,0,0,0,0
1789171058.017660,2362193,pg_toast,pg_toast_2362184,0,0,0,0,0,0,0,0,0
1789171058.017660,4169,pg_toast,pg_toast_3600,0,0,0,0,0,0,0,0,0
1789171058.017660,2615,pg_catalog,pg_namespace,1,4,7,2,0,0,0,0,0
1789171058.017660,2396,pg_catalog,pg_shdescription,0,0,0,0,0,0,0,0,0
1789171058.017660,3600,pg_catalog,pg_ts_dict,0,0,0,0,0,0,0,0,0
1789171058.017660,3596,pg_catalog,pg_seclabel,0,0,0,0,0,0,0,0,0
1789171058.017660,2609,pg_catalog,pg_description,0,0,0,0,0,0,0,0,0
1789171058.017660,13482,pg_toast,pg_toast_13479,0,0,0,0,0,0,0,0,0
1789171058.017660,2362082,pg_toast,pg_toast_2362060,0,0,0,0,0,0,0,0,0
1789171058.017660,3603,pg_catalog,pg_ts_config_map,0,0,0,0,0,0,0,0,0
1789171058.017660,1213,pg_catalog,pg_tablespace,0,0,1,1,0,0,0,0,0
1789171058.017660,2608,pg_catalog,pg_depend,0,0,0,0,0,0,0,0,0
1789171058.017660,2964,pg_catalog,pg_db_role_setting,0,0,0,0,0,0,0,0,0
1789171058.017660,1418,pg_catalog,pg_user_mapping,0,0,0,0,0,0,0,0,0
1789171058.017660,2613,pg_catalog,pg_largeobject,0,0,0,0,0,0,0,0,0
1789171058.017660,6175,pg_toast,pg_toast_3456,0,0,0,0,0,0,0,0,0
1789171058.017660,1261,pg_catalog,pg_auth_members,0,0,0,0,0,0,0,0,0
1789171058.017660,2617,pg_catalog,pg_operator,0,0,8,8,0,0,0,0,0
1789171058.017660,2610,pg_catalog,pg_index,1,221,11,13,0,0,0,0,0
1789171058.017660,1249,pg_catalog,pg_attribute,0,0,76,104,0,0,0,0,0
1789171058.017660,2600,pg_catalog,pg_aggregate,0,0,1,1,0,0,0,0,0
1789171058.017660,2966,pg_toast,pg_toast_2964,0,0,0,0,0,0,0,0,0
1789171058.017660,2618,pg_catalog,pg_rewrite,0,0,2,2,0,0,0,0,0
1789171058.017660,4177,pg_toast,pg_toast_1262,0,0,0,0,0,0,0,0,0
1789171058.017660,13484,information_schema,sql_parts,0,0,,,0,0,0,0,0
1789171058.017660,4159,pg_toast,pg_toast_2600,0,0,0,0,0,0,0,0,0
1789171058.017660,4147,pg_toast,pg_toast_3079,0,0,0,0,0,0,0,0,0
1789171058.017660,13474,information_schema,sql_features,0,0,,,0,0,0,0,0
1789171058.017660,1247,pg_catalog,pg_type,0,0,25,25,0,0,0,0,0
1789171058.017660,2602,pg_catalog,pg_amop,0,0,16,28,0,0,0,0,0
1789171058.017660,3439,pg_toast,pg_toast_3381,0,0,0,0,0,0,0,0,0
1789171058.017660,2846,pg_toast,pg_toast_2396,0,0,0,0,0,0,0,0,0
1789171058.017660,4145,pg_toast,pg_toast_3466,0,0,0,0,0,0,0,0,0
1789171058.017660,3541,pg_catalog,pg_range,0,0,0,0,0,0,0,0,0
1789171058.017660,3602,pg_catalog,pg_ts_config,0,0,0,0,0,0,0,0,0
1789171058.017660,4183,pg_toast,pg_toast_6100,0,0,0,0,0,0,0,0,0
1789171058.017660,2224,pg_catalog,pg_sequence,0,0,0,0,0,0,0,0,0
1789171058.017660,2611,pg_catalog,pg_inherits,0,0,0,0,0,0,0,0,0
1789171058.017660,1417,pg_catalog,pg_foreign_server,0,0,0,0,0,0,0,0,0
1789171058.017660,1262,pg_catalog,pg_database,0,0,0,0,0,0,0,0,0
1789171058.017660,13492,pg_toast,pg_toast_13489,0,0,0,0,0,0,0,0,0
1789171058.017660,3501,pg_catalog,pg_enum,0,0,0,0,0,0,0,0,0
1789171058.017660,2607,pg_catalog,pg_conversion,0,0,0,0,0,0,0,0,0
1789171058.017660,826,pg_catalog,pg_default_acl,0,0,0,0,0,0,0,0,0
1789171058.017660,2604,pg_catalog,pg_attrdef,0,0,0,0,0,0,0,0,0
1789171058.017660,2336,pg_toast,pg_toast_2620,0,0,0,0,0,0,0,0,0
1789171058.017660,2603,pg_catalog,pg_amproc,0,0,5,11,0,0,0,0,0
1789171058.017660,2362101,pg_toast,pg_toast_2362090,0,0,0,0,0,0,0,0,0
1789171058.017660,2606,pg_catalog,pg_constraint,0,0,3,8,0,0,0,0,0
1789171058.017660,1255,pg_catalog,pg_proc,0,0,21,26,0,0,0,0,0
1789171058.017660,4173,pg_toast,pg_toast_1418,0,0,0,0,0,0,0,0,0
1789171058.017660,2620,pg_catalog,pg_trigger,0,0,0,0,0,0,0,0,0
1789171058.017660,2362037,pg_toast,pg_toast_2362031,0,0,0,0,0,0,0,0,0
1789171058.017660,2612,pg_catalog,pg_language,0,0,0,0,0,0,0,0,0
1789171058.017660,4149,pg_toast,pg_toast_2328,0,0,0,0,0,0,0,0,0
1789171058.017660,6351,pg_toast,pg_toast_2610,0,0,0,0,0,0,0,0,0
1789171058.017660,13489,information_schema,sql_sizing,0,0,,,0,0,0,0,0
1789171058.017660,3598,pg_toast,pg_toast_3596,0,0,0,0,0,0,0,0,0
1789171058.017660,2836,pg_toast,pg_toast_1255,0,0,0,0,0,0,0,0,0
1789171058.017660,2362021,pg_toast,pg_toast_2362013,0,0,0,0,0,0,0,0,0
1789171058.017660,2362166,pg_toast,pg_toast_2362148,0,0,0,0,0,0,0,0,0
1789171058.017660,3456,pg_catalog,pg_collation,0,0,1,1,0,0,0,0,0
1789171058.017660,3079,pg_catalog,pg_extension,0,0,0,0,0,0,0,0,0
1789171058.017660,6100,pg_catalog,pg_subscription,0,0,0,0,0,0,0,0,0
1789171058.017660,2832,pg_toast,pg_toast_2606,0,0,0,0,0,0,0,0,0
1789171058.017660,3256,pg_catalog,pg_policy,0,0,0,0,0,0,0,0,0
1789171058.017660,2362029,pg_toast,pg_toast_2362023,0,0,0,0,0,0,0,0,0
1789171058.017660,3466,pg_catalog,pg_event_trigger,0,0,0,0,0,0,0,0,0
1789171058.017660,2362058,pg_toast,pg_toast_2362051,0,0,0,0,0,0,0,0,0
1789171058.017660,3592,pg_catalog,pg_shseclabel,0,0,0,0,0,0,0,0,0
1789171058.017660,3764,pg_catalog,pg_ts_template,0,0,0,0,0,0,0,0,0
1789171058.017660,6237,pg_catalog,pg_publication_namespace,0,0,0,0,0,0,0,0,0
1789171058.017660,13487,pg_toast,pg_toast_13484,0,0,0,0,0,0,0,0,0
1789171058.017660,2995,pg_catalog,pg_largeobject_metadata,0,0,0,0,0,0,0,0,0
1789171058.017660,4143,pg_toast,pg_toast_826,0,0,0,0,0,0,0,0,0
1789171058.017660,4185,pg_toast,pg_toast_1213,0,0,0,0,0,0,0,0,0
1789171058.017660,6243,pg_catalog,pg_parameter_acl,0,0,0,0,0,0,0,0,0
1789171058.017660,2361988,pg_toast,pg_toast_2361978,0,0,0,0,0,0,0,0,0
1789171058.017660,2616,pg_catalog,pg_opclass,0,0,10,179,0,0,0,0,0
1789171058.017660,2362137,pg_toast,pg_toast_2362128,0,0,0,0,0,0,0,0,0
1789171058.017660,2838,pg_toast,pg_toast_2618,0,0,1,3,0,0,0,0,0
1789171058.017660,6228,pg_toast,pg_toast_6106,0,0,0,0,0,0,0,0,0
1789171058.017660,3118,pg_catalog,pg_foreign_table,0,0,0,0,0,0,0,0,0
1789171058.017660,1259,pg_catalog,pg_class,1,523,14,14,0,0,0,0,0
1789171058.017660,3350,pg_catalog,pg_partitioned_table,0,0,0,0,0,0,0,0,0
1789171058.017660,4153,pg_toast,pg_toast_3118,0,0,0,0,0,0,0,0,0
1789171058.017660,4060,pg_toast,pg_toast_3592,0,0,0,0,0,0,0,0,0
1789171058.017660,4165,pg_toast,pg_toast_3350,0,0,0,0,0,0,0,0,0
1789171058.017660,2753,pg_catalog,pg_opfamily,0,0,2,2,0,0,0,0,0
1789171058.017660,3601,pg_catalog,pg_ts_parser,0,0,0,0,0,0,0,0,0
1789171058.017660,6104,pg_catalog,pg_publication,0,0,0,0,0,0,0,0,0
1789171058.017660,13477,pg_toast,pg_toast_13474,0,0,0,0,0,0,0,0,0
1789171058.017660,3429,pg_catalog,pg_statistic_ext_data,0,0,0,0,0,0,0,0,0
1789171058.017660,2619,pg_catalog,pg_statistic,0,0,17,8,0,0,0,0,0
1789171058.017660,4155,pg_toast,pg_toast_3394,0,0,0,0,0,0,0,0,0
1789171058.017660,2362224,pg_toast,pg_toast_2362205,0,0,0,0,0,0,0,0,0
1789171058.017660,3381,pg_catalog,pg_statistic_ext,0,0,3,0,0,0,0,0,0
1789171058.017660,6106,pg_catalog,pg_publication_rel,0,0,0,0,0,0,0,0,0
1789171058.017660,2605,pg_catalog,pg_cast,0,0,54,8,0,0,0,0,0
1789171058.017660,4171,pg_toast,pg_toast_1247,0,0,0,0,0,0,0,0,0
1789171058.017660,2830,pg_toast,pg_toast_2604,0,0,0,0,0,0,0,0,0
1789171058.017660,13479,information_schema,sql_implementation_info,0,0,,,0,0,0,0,0
1789171058.017660,6244,pg_toast,pg_toast_6243,0,0,0,0,0,0,0,0,0
1789171058.017660,2361971,pg_toast,pg_toast_2361963,0,0,0,0,0,0,0,0,0
1789171058.017660,3430,pg_toast,pg_toast_3429,0,0,0,0,0,0,0,0,0
1789171058.017660,3576,pg_catalog,pg_transform,0,0,0,0,0,0,0,0,0
1789171058.017660,2601,pg_catalog,pg_am,0,0,0,0,0,0,0,0,0
1789171117.121164,3394,pg_catalog,pg_init_privs,0,0,0,0,0,0,0,0,0
1789171117.121164,4167,pg_toast,pg_toast_3256,0,0,0,0,0,0,0,0,0
1789171117.121164,4151,pg_toast,pg_toast_1417,0,0,0,0,0,0,0,0,0
1789171117.121164,2834,pg_toast,pg_toast_2609,0,0,0,0,0,0,0,0,0
1789171117.121164,6000,pg_catalog,pg_replication_origin,0,0,0,0,0,0,0,0,0
1789171117.121164,2840,pg_toast,pg_toast_2619,0,0,0,0,0,0,0,0,0
1789171117.121164,2328,pg_catalog,pg_foreign_data_wrapper,0,0,0,0,0,0,0,0,0
1789171117.121164,4157,pg_toast,pg_toast_2612,0,0,0,0,0,0,0,0,0
1789171117.121164,1260,pg_catalog,pg_authid,0,0,0,0,0,0,0,0,0
1789171117.121164,2362182,pg_toast,pg_toast_2362174,0,0,0,0,0,0,0,0,0
1789171117.121164,6102,pg_catalog,pg_subscription_rel,0,0,0,0,0,0,0,0,0
1789171117.121164,1214,pg_catalog,pg_shdepend,0,0,0,0,0,0,0,0,0
1789171117.121164,4163,pg_toast,pg_toast_2615,0,0,0,0,0,0,0,0,0
1789171117.121164,2362193,pg_toast,pg_toast_2362184,0,0,0,0,0,0,0,0,0
1789171117.121164,4169,pg_toast,pg_toast_3600,0,0,0,0,0,0,0,0,0
1789171117.121164,2615,pg_catalog,pg_namespace,1,4,7,2,0,0,0,0,0
1789171117.121164,2396,pg_catalog,pg_shdescription,0,0,0,0,0,0,0,0,0
1789171117.121164,3600,pg_catalog,pg_ts_dict,0,0,0,0,0,0,0,0,0
1789171117.121164,3596,pg_catalog,pg_seclabel,0,0,0,0,0,0,0,0,0
1789171117.121164,2609,pg_catalog,pg_description,0,0,0,0,0,0,0,0,0
1789171117.121164,13482,pg_toast,pg_toast_13479,0,0,0,0,0,0,0,0,0
1789171117.121164,2362082,pg_toast,pg_toast_2362060,0,0,0,0,0,0,0,0,0
1789171117.121164,3603,pg_catalog,pg_ts_config_map,0,0,0,0,0,0,0,0,0
1789171117.121164,1213,pg_catalog,pg_tablespace,0,0,1,1,0,0,0,0,0
1789171117.121164,2608,pg_catalog,pg_depend,0,0,0,0,0,0,0,0,0
1789171117.121164,2964,pg_catalog,pg_db_role_setting,0,0,0,0,0,0,0,0,0
1789171117.121164,1418,pg_catalog,pg_user_mapping,0,0,0,0,0,0,0,0,0
1789171117.121164,2613,pg_catalog,pg_largeobject,0,0,0,0,0,0,0,0,0
1789171117.121164,6175,pg_toast,pg_toast_3456,0,0,0,0,0,0,0,0,0
1789171117.121164,1261,pg_catalog,pg_auth_members,0,0,0,0,0,0,0,0,0
1789171117.121164,2617,pg_catalog,pg_operator,0,0,8,8,0,0,0,0,0
1789171117.121164,2610,pg_catalog,pg_index,1,221,11,13,0,0,0,0,0
1789171117.121164,1249,pg_catalog,pg_attribute,0,0,76,104,0,0,0,0,0
1789171117.121164,2600,pg_catalog,pg_aggregate,0,0,1,1,0,0,0,0,0
1789171117.121164,2966,pg_toast,pg_toast_2964,0,0,0,0,0,0,0,0,0
1789171117.121164,2618,pg_catalog,pg_rewrite,0,0,2,2,0,0,0,0,0
1789171117.121164,4177,pg_toast,pg_toast_1262,0,0,0,0,0,0,0,0,0
1789171117.121164,13484,information_schema,sql_parts,0,0,,,0,0,0,0,0
1789171117.121164,4159,pg_toast,pg_toast_2600,0,0,0,0,0,0,0,0,0
1789171117.121164,4147,pg_toast,pg_toast_3079,0,0,0,0,0,0,0,0,0
1789171117.121164,13474,information_schema,sql_features,0,0,,,0,0,0,0,0
1789171117.121164,1247,pg_catalog,pg_type,0,0,25,25,0,0,0,0,0
1789171117.121164,2602,pg_catalog,pg_amop,0,0,16,28,0,0,0,0,0
1789171117.121164,3439,pg_toast,pg_toast_3381,0,0,0,0,0,0,0,0,0
1789171117.121164,2846,pg_toast,pg_toast_2396,0,0,0,0,0,0,0,0,0
1789171117.121164,4145,pg_toast,pg_toast_3466,0,0,0,0,0,0,0,0,0
1789171117.121164,3541,pg_catalog,pg_range,0,0,0,0,0,0,0,0,0
1789171117.121164,3602,pg_catalog,pg_ts_config,0,0,0,0,0,0,0,0,0
1789171117.121164,4183,pg_toast,pg_toast_6100,0,0,0,0,0,0,0,0,0
1789171117.121164,2224,pg_catalog,pg_sequence,0,0,0,0,0,0,0,0,0
1789171117.121164,2611,pg_catalog,pg_inherits,0,0,0,0,0,0,0,0,0
1789171117.121164,1417,pg_catalog,pg_foreign_server,0,0,0,0,0,0,0,0,0
1789171117.121164,1262,pg_catalog,pg_database,0,0,0,0,0,0,0,0,0
1789171117.121164,13492,pg_toast,pg_toast_13489,0,0,0,0,0,0,0,0,0
1789171117.121164,3501,pg_catalog,pg_enum,0,0,0,0,0,0,0,0,0
1789171117.121164,2607,pg_catalog,pg_conversion,0,0,0,0,0,0,0,0,0
1789171117.121164,826,pg_catalog,pg_default_acl,0,0,0,0,0,0,0,0,0
1789171117.121164,2604,pg_catalog,pg_attrdef,0,0,0,0,0,0,0,0,0
1789171117.121164,2336,pg_toast,pg_toast_2620,0,0,0,0,0,0,0,0,0
1789171117.121164,2603,pg_catalog,pg_amproc,0,0,5,11,0,0,0,0,0
1789171117.121164,2362101,pg_toast,pg_toast_2362090,0,0,0,0,0,0,0,0,0
1789171117.121164,2606,pg_catalog,pg_constraint,0,0,3,8,0,0,0,0,0
1789171117.121164,1255,pg_catalog,pg_proc,0,0,21,26,0,0,0,0,0
1789171117.121164,4173,pg_toast,pg_toast_1418,0,0,0,0,0,0,0,0,0
1789171117.121164,2620,pg_catalog,pg_trigger,0,0,0,0,0,0,0,0,0
1789171117.121164,2362037,pg_toast,pg_toast_2362031,0,0,0,0,0,0,0,0,0
1789171117.121164,2612,pg_catalog,pg_language,0,0,0,0,0,0,0,0,0
1789171117.121164,4149,pg_toast,pg_toast_2328,0,0,0,0,0,0,0,0,0
1789171117.121164,6351,pg_toast,pg_toast_2610,0,0,0,0,0,0,0,0,0
1789171117.121164,13489,information_schema,sql_sizing,0,0,,,0,0,0,0,0
1789171117.121164,3598,pg_toast,pg_toast_3596,0,0,0,0,0,0,0,0,0
1789171117.121164,2836,pg_toast,pg_toast_1255,0,0,0,0,0,0,0,0,0
1789171117.121164,2362021,pg_toast,pg_toast_2362013,0,0,0,0,0,0,0,0,0
1789171117.121164,2362166,pg_toast,pg_toast_2362148,0,0,0,0,0,0,0,0,0
1789171117.121164,3456,pg_catalog,pg_collation,0,0,1,1,0,0,0,0,0
1789171117.121164,3079,pg_catalog,pg_extension,0,0,0,0,0,0,0,0,0
1789171117.121164,6100,pg_catalog,pg_subscription,0,0,0,0,0,0,0,0,0
1789171117.121164,2832,pg_toast,pg_toast_2606,0,0,0,0,0,0,0,0,0
1789171117.121164,3256,pg_catalog,pg_policy,0,0,0,0,0,0,0,0,0
1789171117.121164,2362029,pg_toast,pg_toast_2362023,0,0,0,0,0,0,0,0,0
1789171117.121164,3466,pg_catalog,pg_event_trigger,0,0,0,0,0,0,0,0,0
1789171117.121164,2362058,pg_toast,pg_toast_2362051,0,0,0,0,0,0,0,0,0
1789171117.121164,3592,pg_catalog,pg_shseclabel,0,0,0,0,0,0,0,0,0
1789171117.121164,3764,pg_catalog,pg_ts_template,0,0,0,0,0,0,0,0,0
1789171117.121164,6237,pg_catalog,pg_publication_namespace,0,0,0,0,0,0,0,0,0
1789171117.121164,13487,pg_toast,pg_toast_13484,0,0,0,0,0,0,0,0,0
1789171117.121164,2995,pg_catalog,pg_largeobject_metadata,0,0,0,0,0,0,0,0,0
1789171117.121164,4143,pg_toast,pg_toast_826,0,0,0,0,0,0,0,0,0
1789171117.121164,4185,pg_toast,pg_toast_1213,0,0,0,0,0,0,0,0,0
1789171117.121164,6243,pg_catalog,pg_parameter_acl,0,0,0,0,0,0,0,0,0
1789171117.121164,2361988,pg_toast,pg_toast_2361978,0,0,0,0,0,0,0,0,0
1789171117.121164,2616,pg_catalog,pg_opclass,0,0,10,179,0,0,0,0,0
1789171117.121164,2362137,pg_toast,pg_toast_2362128,0,0,0,0,0,0,0,0,0
1789171117.121164,2838,pg_toast,pg_toast_2618,0,0,1,3,0,0,0,0,0
1789171117.121164,6228,pg_toast,pg_toast_6106,0,0,0,0,0,0,0,0,0
1789171117.121164,3118,pg_catalog,pg_foreign_table,0,0,0,0,0,0,0,0,0
1789171117.121164,1259,pg_catalog,pg_class,1,523,14,14,0,0,0,0,0
1789171117.121164,3350,pg_catalog,pg_partitioned_table,0,0,0,0,0,0,0,0,0
1789171117.121164,4153,pg_toast,pg_toast_3118,0,0,0,0,0,0,0,0,0
1789171117.121164,4060,pg_toast,pg_toast_3592,0,0,0,0,0,0,0,0,0
1789171117.121164,4165,pg_toast,pg_toast_3350,0,0,0,0,0,0,0,0,0
1789171117.121164,2753,pg_catalog,pg_opfamily,0,0,2,2,0,0,0,0,0
1789171117.121164,3601,pg_catalog,pg_ts_parser,0,0,0,0,0,0,0,0,0
1789171117.121164,6104,pg_catalog,pg_publication,0,0,0,0,0,0,0,0,0
1789171117.121164,13477,pg_toast,pg_toast_13474,0,0,0,0,0,0,0,0,0
1789171117.121164,3429,pg_catalog,pg_statistic_ext_data,0,0,0,0,0,0,0,0,0
1789171117.121164,2619,pg_catalog,pg_statistic,0,0,17,8,0,0,0,0,0
1789171117.121164,4155,pg_toast,pg_toast_3394,0,0,0,0,0,0,0,0,0
1789171117.121164,2362224,pg_toast,pg_toast_2362205,0,0,0,0,0,0,0,0,0
1789171117.121164,3381,pg_catalog,pg_statistic_ext,0,0,3,0,0,0,0,0,0
1789171117.121164,6106,pg_catalog,pg_publication_rel,0,0,0,0,0,0,0,0,0
1789171117.121164,2605,pg_catalog,pg_cast,0,0,54,8,0,0,0,0,0
1789171117.121164,4171,pg_toast,pg_toast_1247,0,0,0,0,0,0,0,0,0
1789171117.121164,2830,pg_toast,pg_toast_2604,0,0,0,0,0,0,0,0,0
1789171117.121164,13479,information_schema,sql_implementation_info,0,0,,,0,0,0,0,0
1789171117.121164,6244,pg_toast,pg_toast_6243,0,0,0,0,0,0,0,0,0
1789171117.121164,2361971,pg_toast,pg_toast_2361963,0,0,0,0,0,0,0,0,0
1789171117.121164,3430,pg_toast,pg_toast_3429,0,0,0,0,0,0,0,0,0
1789171117.121164,3576,pg_catalog,pg_transform,0,0,0,0,0,0,0,0,0
1789171117.121164,2601,pg_catalog,pg_am,0,0,0,0,0,0,0,0,0
1789171177.284250,3394,pg_catalog,pg_init_privs,0,0,0,0,0,0,0,0,0
1789171177.284250,4167,pg_toast,pg_toast_3256,0,0,0,0,0,0,0,0,0
1789171177.284250,4151,pg_toast,pg_toast_1417,0,0,0,0,0,0,0,0,0
1789171177.284250,2834,pg_toast,pg_toast_2609,0,0,0,0,0,0,0,0,0
1789171177.284250,6000,pg_catalog,pg_replication_origin,0,0,0,0,0,0,0,0,0
1789171177.284250,2840,pg_toast,pg_toast_2619,0,0,0,0,0,0,0,0,0
1789171177.284250,2328,pg_catalog,pg_foreign_data_wrapper,0,0,0,0,0,0,0,0,0
1789171177.284250,4157,pg_toast,pg_toast_2612,0,0,0,0,0,0,0,0,0
1789171177.284250,1260,pg_catalog,pg_authid,0,0,0,0,0,0,0,0,0
1789171177.284250,2362182,pg_toast,pg_toast_2362174,0,0,0,0,0,0,0,0,0
1789171177.284250,6102,pg_catalog,pg_subscription_rel,0,0,0,0,0,0,0,0,0
1789171177.284250,1214,pg_catalog,pg_shdepend,0,0,0,0,0,0,0,0,0
1789171177.284250,4163,pg_toast,pg_toast_2615,0,0,0,0,0,0,0,0,0
1789171177.284250,2362193,pg_toast,pg_toast_2362184,0,0,0,0,0,0,0,0,0
1789171177.284250,4169,pg_toast,pg_toast_3600,0,0,0,0,0,0,0,0,0
1789171177.284250,2615,pg_catalog,pg_namespace,1,4,7,2,0,0,0,0,0
1789171177.284250,2396,pg_catalog,pg_shdescription,0,0,0,0,0,0,0,0,0
1789171177.284250,3600,pg_catalog,pg_ts_dict,0,0,0,0,0,0,0,0,0
1789171177.284250,3596,pg_catalog,pg_seclabel,0,0,0,0,0,0,0,0,0
1789171177.284250,2609,pg_catalog,pg_description,0,0,0,0,0,0,0,0,0
1789171177.284250,13482,pg_toast,pg_toast_13479,0,0,0,0,0,0,0,0,0
1789171177.284250,2362082,pg_toast,pg_toast_2362060,0,0,0,0,0,0,0,0,0
1789171177.284250,3603,pg_catalog,pg_ts_config_map,0,0,0,0,0,0,0,0,0
1789171177.284250,1213,pg_catalog,pg_tablespace,0,0,1,1,0,0,0,0,0
1789171177.284250,2608,pg_catalog,pg_depend,0,0,0,0,0,0,0,0,0
1789171177.284250,2964,pg_catalog,pg_db_role_setting,0,0,0,0,0,0,0,0,0
1789171177.284250,1418,pg_catalog,pg_user_mapping,0,0,0,0,0,0,0,0,0
1789171177.284250,2613,pg_catalog,pg_largeobject,0,0,0,0,0,0,0,0,0
1789171177.284250,6175,pg_toast,pg_toast_3456,0,0,0,0,0,0,0,0,0
1789171177.284250,1261,pg_catalog,pg_auth_members,0,0,0,0,0,0,0,0,0
1789171177.284250,2617,pg_catalog,pg_operator,0,0,8,8,0,0,0,0,0
1789171177.284250,2610,pg_catalog,pg_index,1,221,11,13,0,0,0,0,0
1789171177.284250,1249,pg_catalog,pg_attribute,0,0,76,104,0,0,0,0,0
1789171177.284250,2600,pg_catalog,pg_aggregate,0,0,1,1,0,0,0,0,0
1789171177.284250,2966,pg_toast,pg_toast_2964,0,0,0,0,0,0,0,0,0
1789171177.284250,2618,pg_catalog,pg_rewrite,0,0,2,2,0,0,0,0,0
1789171177.284250,4177,pg_toast,pg_toast_1262,0,0,0,0,0,0,0,0,0
1789171177.284250,13484,information_schema,sql_parts,0,0,,,0,0,0,0,0
1789171177.284250,4159,pg_toast,pg_toast_2600,0,0,0,0,0,0,0,0,0
1789171177.284250,4147,pg_toast,pg_toast_3079,0,0,0,0,0,0,0,0,0
1789171177.284250,13474,information_schema,sql_features,0,0,,,0,0,0,0,0
1789171177.284250,1247,pg_catalog,pg_type,0,0,25,25,0,0,0,0,0
1789171177.284250,2602,pg_catalog,pg_amop,0,0,16,28,0,0,0,0,0
1789171177.284250,3439,pg_toast,pg_toast_3381,0,0,0,0,0,0,0,0,0
1789171177.284250,2846,pg_toast,pg_toast_2396,0,0,0,0,0,0,0,0,0
1789171177.284250,4145,pg_toast,pg_toast_3466,0,0,0,0,0,0,0,0,0
1789171177.284250,3541,pg_catalog,pg_range,0,0,0,0,0,0,0,0,0
1789171177.284250,3602,pg_catalog,pg_ts_config,0,0,0,0,0,0,0,0,0
1789171177.284250,4183,pg_toast,pg_toast_6100,0,0,0,0,0,0,0,0,0
1789171177.284250,2224,pg_catalog,pg_sequence,0,0,0,0,0,0,0,0,0
1789171177.284250,2611,pg_catalog,pg_inherits,0,0,0,0,0,0,0,0,0
1789171177.284250,1417,pg_catalog,pg_foreign_server,0,0,0,0,0,0,0,0,0
1789171177.284250,1262,pg_catalog,pg_database,0,0,0,0,0,0,0,0,0
1789171177.284250,13492,pg_toast,pg_toast_13489,0,0,0,0,0,0,0,0,0
1789171177.284250,3501,pg_catalog,pg_enum,0,0,0,0,0,0,0,0,0
1789171177.284250,2607,pg_catalog,pg_conversion,0,0,0,0,0,0,0,0,0
1789171177.284250,826,pg_catalog,pg_default_acl,0,0,0,0,0,0,0,0,0
1789171177.284250,2604,pg_catalog,pg_attrdef,0,0,0,0,0,0,0,0,0
1789171177.284250,2336,pg_toast,pg_toast_2620,0,0,0,0,0,0,0,0,0
1789171177.284250,2603,pg_catalog,pg_amproc,0,0,5,11,0,0,0,0,0
1789171177.284250,2362101,pg_toast,pg_toast_2362090,0,0,0,0,0,0,0,0,0
1789171177.284250,2606,pg_catalog,pg_constraint,0,0,3,8,0,0,0,0,0
1789171177.284250,1255,pg_catalog,pg_proc,0,0,21,26,0,0,0,0,0
1789171177.284250,4173,pg_toast,pg_toast_1418,0,0,0,0,0,0,0,0,0
1789171177.284250,2620,pg_catalog,pg_trigger,0,0,0,0,0,0,0,0,0
1789171177.284250,2362037,pg_toast,pg_toast_2362031,0,0,0,0,0,0,0,0,0
1789171177.284250,2612,pg_catalog,pg_language,0,0,0,0,0,0,0,0,0
1789171177.284250,4149,pg_toast,pg_toast_2328,0,0,0,0,0,0,0,0,0
1789171177.284250,6351,pg_toast,pg_toast_2610,0,0,0,0,0,0,0,0,0
1789171177.284250,13489,information_schema,sql_sizing,0,0,,,0,0,0,0,0
1789171177.284250,3598,pg_toast,pg_toast_3596,0,0,0,0,0,0,0,0,0
1789171177.284250,2836,pg_toast,pg_toast_1255,0,0,0,0,0,0,0,0,0
1789171177.284250,2362021,pg_toast,pg_toast_2362013,0,0,0,0,0,0,0,0,0
1789171177.284250,2362166,pg_toast,pg_toast_2362148,0,0,0,0,0,0,0,0,0
1789171177.284250,3456,pg_catalog,pg_collation,0,0,1,1,0,0,0,0,0
1789171177.284250,3079,pg_catalog,pg_extension,0,0,0,0,0,0,0,0,0
1789171177.284250,6100,pg_catalog,pg_subscription,0,0,0,0,0,0,0,0,0
1789171177.284250,2832,pg_toast,pg_toast_2606,0,0,0,0,0,0,0,0,0
1789171177.284250,3256,pg_catalog,pg_policy,0,0,0,0,0,0,0,0,0
1789171177.284250,2362029,pg_toast,pg_toast_2362023,0,0,0,0,0,0,0,0,0
1789171177.284250,3466,pg_catalog,pg_event_trigger,0,0,0,0,0,0,0,0,0
1789171177.284250,2362058,pg_toast,pg_toast_2362051,0,0,0,0,0,0,0,0,0
1789171177.284250,3592,pg_catalog,pg_shseclabel,0,0,0,0,0,0,0,0,0
1789171177.284250,3764,pg_catalog,pg_ts_template,0,0,0,0,0,0,0,0,0
1789171177.284250,6237,pg_catalog,pg_publication_namespace,0,0,0,0,0,0,0,0,0
1789171177.284250,13487,pg_toast,pg_toast_13484,0,0,0,0,0,0,0,0,0
1789171177.284250,2995,pg_catalog,pg_largeobject_metadata,0,0,0,0,0,0,0,0,0
1789171177.284250,4143,pg_toast,pg_toast_826,0,0,0,0,0,0,0,0,0
1789171177.284250,4185,pg_toast,pg_toast_1213,0,0,0,0,0,0,0,0,0
1789171177.284250,6243,pg_catalog,pg_parameter_acl,0,0,0,0,0,0,0,0,0
1789171177.284250,2361988,pg_toast,pg_toast_2361978,0,0,0,0,0,0,0,0,0
1789171177.284250,2616,pg_catalog,pg_opclass,0,0,10,179,0,0,0,0,0
1789171177.284250,2362137,pg_toast,pg_toast_2362128,0,0,0,0,0,0,0,0,0
1789171177.284250,2838,pg_toast,pg_toast_2618,0,0,1,3,0,0,0,0,0
1789171177.284250,6228,pg_toast,pg_toast_6106,0,0,0,0,0,0,0,0,0
1789171177.284250,3118,pg_catalog,pg_foreign_table,0,0,0,0,0,0,0,0,0
1789171177.284250,1259,pg_catalog,pg_class,1,523,14,14,0,0,0,0,0
1789171177.284250,3350,pg_catalog,pg_partitioned_table,0,0,0,0,0,0,0,0,0
1789171177.284250,4153,pg_toast,pg_toast_3118,0,0,0,0,0,0,0,0,0
1789171177.284250,4060,pg_toast,pg_toast_3592,0,0,0,0,0,0,0,0,0
1789171177.284250,4165,pg_toast,pg_toast_3350,0,0,0,0,0,0,0,0,0
1789171177.284250,2753,pg_catalog,pg_opfamily,0,0,2,2,0,0,0,0,0
1789171177.284250,3601,pg_catalog,pg_ts_parser,0,0,0,0,0,0,0,0,0
1789171177.284250,6104,pg_catalog,pg_publication,0,0,0,0,0,0,0,0,0
1789171177.284250,13477,pg_toast,pg_toast_13474,0,0,0,0,0,0,0,0,0
1789171177.284250,3429,pg_catalog,pg_statistic_ext_data,0,0,0,0,0,0,0,0,0
1789171177.284250,2619,pg_catalog,pg_statistic,0,0,17,8,0,0,0,0,0
1789171177.284250,4155,pg_toast,pg_toast_3394,0,0,0,0,0,0,0,0,0
1789171177.284250,2362224,pg_toast,pg_toast_2362205,0,0,0,0,0,0,0,0,0
1789171177.284250,3381,pg_catalog,pg_statistic_ext,0,0,3,0,0,0,0,0,0
1789171177.284250,6106,pg_catalog,pg_publication_rel,0,0,0,0,0,0,0,0,0
1789171177.284250,2605,pg_catalog,pg_cast,0,0,54,8,0,0,0,0,0
1789171177.284250,4171,pg_toast,pg_toast_1247,0,0,0,0,0,0,0,0,0
1789171177.284250,2830,pg_toast,pg_toast_2604,0,0,0,0,0,0,0,0,0
1789171177.284250,13479,information_schema,sql_implementation_info,0,0,,,0,0,0,0,0
1789171177.284250,6244,pg_toast,pg_toast_6243,0,0,0,0,0,0,0,0,0
1789171177.284250,2361971,pg_toast,pg_toast_2361963,0,0,0,0,0,0,0,0,0
1789171177.284250,3430,pg_toast,pg_toast_3429,0,0,0,0,0,0,0,0,0
1789171177.284250,3576,pg_catalog,pg_transform,0,0,0,0,0,0,0,0,0
1789171177.284250,2601,pg_catalog,pg_am,0,0,0,0,0,0,0,0,0
1789171237.342369,3394,pg_catalog,pg_init_privs,0,0,0,0,0,0,0,0,0
1789171237.342369,4167,pg_toast,pg_toast_3256,0,0,0,0,0,0,0,0,0
1789171237.342369,4151,pg_toast,pg_toast_1417,0,0,0,0,0,0,0,0,0
1789171237.342369,2834,pg_toast,pg_toast_2609,0,0,0,0,0,0,0,0,0
1789171237.342369,6000,pg_catalog,pg_replication_origin,0,0,0,0,0,0,0,0,0
1789171237.342369,2840,pg_toast,pg_toast_2619,0,0,0,0,0,0,0,0,0
1789171237.342369,2328,pg_catalog,pg_foreign_data_wrapper,0,0,0,0,0,0,0,0,0
1789171237.342369,4157,pg_toast,pg_toast_2612,0,0,0,0,0,0,0,0,0
1789171237.342369,1260,pg_catalog,pg_authid,0,0,0,0,0,0,0,0,0
1789171237.342369,2362182,pg_toast,pg_toast_2362174,0,0,0,0,0,0,0,0,0
1789171237.342369,6102,pg_catalog,pg_subscription_rel,0,0,0,0,0,0,0,0,0
1789171237.342369,1214,pg_catalog,pg_shdepend,0,0,0,0,0,0,0,0,0
1789171237.342369,4163,pg_toast,pg_toast_2615,0,0,0,0,0,0,0,0,0
1789171237.342369,2362193,pg_toast,pg_toast_2362184,0,0,0,0,0,0,0,0,0
1789171237.342369,4169,pg_toast,pg_toast_3600,0,0,0,0,0,0,0,0,0
1789171237.342369,2615,pg_catalog,pg_namespace,1,4,7,2,0,0,0,0,0
1789171237.342369,2396,pg_catalog,pg_shdescription,0,0,0,0,0,0,0,0,0
1789171237.342369,3600,pg_catalog,pg_ts_dict,0,0,0,0,0,0,0,0,0
1789171237.342369,3596,pg_catalog,pg_seclabel,0,0,0,0,0,0,0,0,0
1789171237.342369,2609,pg_catalog,pg_description,0,0,0,0,0,0,0,0,0
1789171237.342369,13482,pg_toast,pg_toast_13479,0,0,0,0,0,0,0,0,0
1789171237.342369,2362082,pg_toast,pg_toast_2362060,0,0,0,0,0,0,0,0,0
1789171237.342369,3603,pg_catalog,pg_ts_config_map,0,0,0,0,0,0,0,0,0
1789171237.342369,1213,pg_catalog,pg_tablespace,0,0,1,1,0,0,0,0,0
1789171237.342369,2608,pg_catalog,pg_depend,0,0,0,0,0,0,0,0,0
1789171237.342369,2964,pg_catalog,pg_db_role_setting,0,0,0,0,0,0,0,0,0
1789171237.342369,1418,pg_catalog,pg_user_mapping,0,0,0,0,0,0,0,0,0
1789171237.342369,2613,pg_catalog,pg_largeobject,0,0,0,0,0,0,0,0,0
1789171237.342369,6175,pg_toast,pg_toast_3456,0,0,0,0,0,0,0,0,0
1789171237.342369,1261,pg_catalog,pg_auth_members,0,0,0,0,0,0,0,0,0
1789171237.342369,2617,pg_catalog,pg_operator,0,0,8,8,0,0,0,0,0
1789171237.342369,2610,pg_catalog,pg_index,1,221,11,13,0,0,0,0,0
1789171237.342369,1249,pg_catalog,pg_attribute,0,0,76,104,0,0,0,0,0
1789171237.342369,2600,pg_catalog,pg_aggregate,0,0,1,1,0,0,0,0,0
1789171237.342369,2966,pg_toast,pg_toast_2964,0,0,0,0,0,0,0,0,0
1789171237.342369,2618,pg_catalog,pg_rewrite,0,0,2,2,0,0,0,0,0
1789171237.342369,4177,pg_toast,pg_toast_1262,0,0,0,0,0,0,0,0,0
1789171237.342369,13484,information_schema,sql_parts,0,0,,,0,0,0,0,0
1789171237.342369,4159,pg_toast,pg_toast_2600,0,0,0,0,0,0,0,0,0
1789171237.342369,4147,pg_toast,pg_toast_3079,0,0,0,0,0,0,0,0,0
1789171237.342369,13474,information_schema,sql_features,0,0,,,0,0,0,0,0
1789171237.342369,1247,pg_catalog,pg_type,0,0,25,25,0,0,0,0,0
1789171237.342369,2602,pg_catalog,pg_amop,0,0,16,28,0,0,0,0,0
1789171237.342369,3439,pg_toast,pg_toast_3381,0,0,0,0,0,0,0,0,0
1789171237.342369,2846,pg_toast,pg_toast_2396,0,0,0,0,0,0,0,0,0
1789171237.342369,4145,pg_toast,pg_toast_3466,0,0,0,0,0,0,0,0,0
1789171237.342369,3541,pg_catalog,pg_range,0,0,0,0,0,0,0,0,0
1789171237.342369,3602,pg_catalog,pg_ts_config,0,0,0,0,0,0,0,0,0
1789171237.342369,4183,pg_toast,pg_toast_6100,0,0,0,0,0,0,0,0,0
1789171237.342369,2224,pg_catalog,pg_sequence,0,0,0,0,0,0,0,0,0
1789171237.342369,2611,pg_catalog,pg_inherits,0,0,0,0,0,0,0,0,0
1789171237.342369,1417,pg_catalog,pg_foreign_server,0,0,0,0,0,0,0,0,0
1789171237.342369,1262,pg_catalog,pg_database,0,0,0,0,0,0,0,0,0
1789171237.342369,13492,pg_toast,pg_toast_13489,0,0,0,0,0,0,0,0,0
1789171237.342369,3501,pg_catalog,pg_enum,0,0,0,0,0,0,0,0,0
1789171237.342369,2607,pg_catalog,pg_conversion,0,0,0,0,0,0,0,0,0
1789171237.342369,826,pg_catalog,pg_default_acl,0,0,0,0,0,0,0,0,0
1789171237.342369,2604,pg_catalog,pg_attrdef,0,0,0,0,0,0,0,0,0
1789171237.342369,2336,pg_toast,pg_toast_2620,0,0,0,0,0,0,0,0,0
1789171237.342369,2603,pg_catalog,pg_amproc,0,0,5,11,0,0,0,0,0
1789171237.342369,2362101,pg_toast,pg_toast_2362090,0,0,0,0,0,0,0,0,0
1789171237.342369,2606,pg_catalog,pg_constraint,0,0,3,8,0,0,0,0,0
1789171237.342369,1255,pg_catalog,pg_proc,0,0,21,26,0,0,0,0,0
1789171237.342369,4173,pg_toast,pg_toast_1418,0,0,0,0,0,0,0,0,0
1789171237.342369,2620,pg_catalog,pg_trigger,0,0,0,0,0,0,0,0,0
1789171237.342369,2362037,pg_toast,pg_toast_2362031,0,0,0,0,0,0,0,0,0
1789171237.342369,2612,pg_catalog,pg_language,0,0,0,0,0,0,0,0,0
1789171237.342369,4149,pg_toast,pg_toast_2328,0,0,0,0,0,0,0,0,0
1789171237.342369,6351,pg_toast,pg_toast_2610,0,0,0,0,0,0,0,0,0
1789171237.342369,13489,information_schema,sql_sizing,0,0,,,0,0,0,0,0
1789171237.342369,3598,pg_toast,pg_toast_3596,0,0,0,0,0,0,0,0,0
1789171237.342369,2836,pg_toast,pg_toast_1255,0,0,0,0,0,0,0,0,0
1789171237.342369,2362021,pg_toast,pg_toast_2362013,0,0,0,0,0,0,0,0,0
1789171237.342369,2362166,pg_toast,pg_toast_2362148,0,0,0,0,0,0,0,0,0
1789171237.342369,3456,pg_catalog,pg_collation,0,0,1,1,0,0,0,0,0
1789171237.342369,3079,pg_catalog,pg_extension,0,0,0,0,0,0,0,0,0
1789171237.342369,6100,pg_catalog,pg_subscription,0,0,0,0,0,0,0,0,0
1789171237.342369,2832,pg_toast,pg_toast_2606,0,0,0,0,0,0,0,0,0
1789171237.342369,3256,pg_catalog,pg_policy,0,0,0,0,0,0,0,0,0
1789171237.342369,2362029,pg_toast,pg_toast_2362023,0,0,0,0,0,0,0,0,0
1789171237.342369,3466,pg_catalog,pg_event_trigger,0,0,0,0,0,0,0,0,0
1789171237.342369,2362058,pg_toast,pg_toast_2362051,0,0,0,0,0,0,0,0,0
1789171237.342369,3592,pg_catalog,pg_shseclabel,0,0,0,0,0,0,0,0,0
1789171237.342369,3764,pg_catalog,pg_ts_template,0,0,0,0,0,0,0,0,0
1789171237.342369,6237,pg_catalog,pg_publication_namespace,0,0,0,0,0,0,0,0,0
1789171237.342369,13487,pg_toast,pg_toast_13484,0,0,0,0,0,0,0,0,0
1789171237.342369,2995,pg_catalog,pg_largeobject_metadata,0,0,0,0,0,0,0,0,0
1789171237.342369,4143,pg_toast,pg_toast_826,0,0,0,0,0,0,0,0,0
1789171237.342369,4185,pg_toast,pg_toast_1213,0,0,0,0,0,0,0,0,0
1789171237.342369,6243,pg_catalog,pg_parameter_acl,0,0,0,0,0,0,0,0,0
1789171237.342369,2361988,pg_toast,pg_toast_2361978,0,0,0,0,0,0,0,0,0
1789171237.342369,2616,pg_catalog,pg_opclass,0,0,10,179,0,0,0,0,0
1789171237.342369,2362137,pg_toast,pg_toast_2362128,0,0,0,0,0,0,0,0,0
1789171237.342369,2838,pg_toast,pg_toast_2618,0,0,1,3,0,0,0,0,0
1789171237.342369,6228,pg_toast,pg_toast_6106,0,0,0,0,0,0,0,0,0
1789171237.342369,3118,pg_catalog,pg_foreign_table,0,0,0,0,0,0,0,0,0
1789171237.342369,1259,pg_catalog,pg_class,1,523,14,14,0,0,0,0,0
1789171237.342369,3350,pg_catalog,pg_partitioned_table,0,0,0,0,0,0,0,0,0
1789171237.342369,4153,pg_toast,pg_toast_3118,0,0,0,0,0,0,0,0,0
1789171237.342369,4060,pg_toast,pg_toast_3592,0,0,0,0,0,0,0,0,0
1789171237.342369,4165,pg_toast,pg_toast_3350,0,0,0,0,0,0,0,0,0
1789171237.342369,2753,pg_catalog,pg_opfamily,0,0,2,2,0,0,0,0,0
1789171237.342369,3601,pg_catalog,pg_ts_parser,0,0,0,0,0,0,0,0,0
1789171237.342369,6104,pg_catalog,pg_publication,0,0,0,0,0,0,0,0,0
1789171237.342369,13477,pg_toast,pg_toast_13474,0,0,0,0,0,0,0,0,0
1789171237.342369,3429,pg_catalog,pg_statistic_ext_data,0,0,0,0,0,0,0,0,0
1789171237.342369,2619,pg_catalog,pg_statistic,0,0,17,8,0,0,0,0,0
1789171237.342369,4155,pg_toast,pg_toast_3394,0,0,0,0,0,0,0,0,0
1789171237.342369,2362224,pg_toast,pg_toast_2362205,0,0,0,0,0,0,0,0,0
1789171237.342369,3381,pg_catalog,pg_statistic_ext,0,0,3,0,0,0,0,0,0
1789171237.342369,6106,pg_catalog,pg_publication_rel,0,0,0,0,0,0,0,0,0
1789171237.342369,2605,pg_catalog,pg_cast,0,0,54,8,0,0,0,0,0
1789171237.342369,4171,pg_toast,pg_toast_1247,0,0,0,0,0,0,0,0,0
1789171237.342369,2830,pg_toast,pg_toast_2604,0,0,0,0,0,0,0,0,0
1789171237.342369,13479,information_schema,sql_implementation_info,0,0,,,0,0,0,0,0
1789171237.342369,6244,pg_toast,pg_toast_6243,0,0,0,0,0,0,0,0,0
1789171237.342369,2361971,pg_toast,pg_toast_2361963,0,0,0,0,0,0,0,0,0
1789171237.342369,3430,pg_toast,pg_toast_3429,0,0,0,0,0,0,0,0,0
1789171237.342369,3576,pg_catalog,pg_transform,0,0,0,0,0,0,0,0,0
1789171237.342369,2601,pg_catalog,pg_am,0,0,0,0,0,0,0,0,0
1789171297.458877,3394,pg_catalog,pg_init_privs,0,0,0,0,0,0,0,0,0
1789171297.458877,4167,pg_toast,pg_toast_3256,0,0,0,0,0,0,0,0,0
1789171297.458877,4151,pg_toast,pg_toast_1417,0,0,0,0,0,0,0,0,0
1789171297.458877,2834,pg_toast,pg_toast_2609,0,0,0,0,0,0,0,0,0
1789171297.458877,6000,pg_catalog,pg_replication_origin,0,0,0,0,0,0,0,0,0
1789171297.458877,2840,pg_toast,pg_toast_2619,0,0,0,0,0,0,0,0,0
1789171297.458877,2328,pg_catalog,pg_foreign_data_wrapper,0,0,0,0,0,0,0,0,0
1789171297.458877,4157,pg_toast,pg_toast_2612,0,0,0,0,0,0,0,0,0
1789171297.458877,1260,pg_catalog,pg_authid,0,0,0,0,0,0,0,0,0
1789171297.458877,2362182,pg_toast,pg_toast_2362174,0,0,0,0,0,0,0,0,0
1789171297.458877,6102,pg_catalog,pg_subscription_rel,0,0,0,0,0,0,0,0,0
1789171297.458877,1214,pg_catalog,pg_shdepend,0,0,0,0,0,0,0,0,0
1789171297.458877,4163,pg_toast,pg_toast_2615,0,0,0,0,0,0,0,0,0
1789171297.458877,2362193,pg_toast,pg_toast_2362184,0,0,0,0,0,0,0,0,0
1789171297.458877,4169,pg_toast,pg_toast_3600,0,0,0,0,0,0,0,0,0
1789171297.458877,2615,pg_catalog,pg_namespace,1,4,7,2,0,0,0,0,0
1789171297.458877,2396,pg_catalog,pg_shdescription,0,0,0,0,0,0,0,0,0
1789171297.458877,3600,pg_catalog,pg_ts_dict,0,0,0,0,0,0,0,0,0
1789171297.458877,3596,pg_catalog,pg_seclabel,0,0,0,0,0,0,0,0,0
1789171297.458877,2609,pg_catalog,pg_description,0,0,0,0,0,0,0,0,0
1789171297.458877,13482,pg_toast,pg_toast_13479,0,0,0,0,0,0,0,0,0
1789171297.458877,2362082,pg_toast,pg_toast_2362060,0,0,0,0,0,0,0,0,0
1789171297.458877,3603,pg_catalog,pg_ts_config_map,0,0,0,0,0,0,0,0,0
1789171297.458877,1213,pg_catalog,pg_tablespace,0,0,1,1,0,0,0,0,0
1789171297.458877,2608,pg_catalog,pg_depend,0,0,0,0,0,0,0,0,0
1789171297.458877,2964,pg_catalog,pg_db_role_setting,0,0,0,0,0,0,0,0,0
1789171297.458877,1418,pg_catalog,pg_user_mapping,0,0,0,0,0,0,0,0,0
1789171297.458877,2613,pg_catalog,pg_largeobject,0,0,0,0,0,0,0,0,0
1789171297.458877,6175,pg_toast,pg_toast_3456,0,0,0,0,0,0,0,0,0
1789171297.458877,1261,pg_catalog,pg_auth_members,0,0,0,0,0,0,0,0,0
1789171297.458877,2617,pg_catalog,pg_operator,0,0,8,8,0,0,0,0,0
1789171297.458877,2610,pg_catalog,pg_index,1,221,11,13,0,0,0,0,0
1789171297.458877,1249,pg_catalog,pg_attribute,0,0,76,104,0,0,0,0,0
1789171297.458877,2600,pg_catalog,pg_aggregate,0,0,1,1,0,0,0,0,0
1789171297.458877,2966,pg_toast,pg_toast_2964,0,0,0,0,0,0,0,0,0
1789171297.458877,2618,pg_catalog,pg_rewrite,0,0,2,2,0,0,0,0,0
1789171297.458877,4177,pg_toast,pg_toast_1262,0,0,0,0,0,0,0,0,0
1789171297.458877,13484,information_schema,sql_parts,0,0,,,0,0,0,0,0
1789171297.458877,4159,pg_toast,pg_toast_2600,0,0,0,0,0,0,0,0,0
1789171297.458877,4147,pg_toast,pg_toast_3079,0,0,0,0,0,0,0,0,0
1789171297.458877,13474,information_schema,sql_features,0,0,,,0,0,0,0,0
1789171297.458877,1247,pg_catalog,pg_type,0,0,25,25,0,0,0,0,0
1789171297.458877,2602,pg_catalog,pg_amop,0,0,16,28,0,0,0,0,0
1789171297.458877,3439,pg_toast,pg_toast_3381,0,0,0,0,0,0,0,0,0
1789171297.458877,2846,pg_toast,pg_toast_2396,0,0,0,0,0,0,0,0,0
1789171297.458877,4145,pg_toast,pg_toast_3466,0,0,0,0,0,0,0,0,0
1789171297.458877,3541,pg_catalog,pg_range,0,0,0,0,0,0,0,0,0
1789171297.458877,3602,pg_catalog,pg_ts_config,0,0,0,0,0,0,0,0,0
1789171297.458877,4183,pg_toast,pg_toast_6100,0,0,0,0,0,0,0,0,0
1789171297.458877,2224,pg_catalog,pg_sequence,0,0,0,0,0,0,0,0,0
1789171297.458877,2611,pg_catalog,pg_inherits,0,0,0,0,0,0,0,0,0
1789171297.458877,1417,pg_catalog,pg_foreign_server,0,0,0,0,0,0,0,0,0
1789171297.458877,1262,pg_catalog,pg_database,0,0,0,0,0,0,0,0,0
1789171297.458877,13492,pg_toast,pg_toast_13489,0,0,0,0,0,0,0,0,0
1789171297.458877,3501,pg_catalog,pg_enum,0,0,0,0,0,0,0,0,0
1789171297.458877,2607,pg_catalog,pg_conversion,0,0,0,0,0,0,0,0,0
1789171297.458877,826,pg_catalog,pg_default_acl,0,0,0,0,0,0,0,0,0
1789171297.458877,2604,pg_catalog,pg_attrdef,0,0,0,0,0,0,0,0,0
1789171297.458877,2336,pg_toast,pg_toast_2620,0,0,0,0,0,0,0,0,0
1789171297.458877,2603,pg_catalog,pg_amproc,0,0,5,11,0,0,0,0,0
1789171297.458877,2362101,pg_toast,pg_toast_2362090,0,0,0,0,0,0,0,0,0
1789171297.458877,2606,pg_catalog,pg_constraint,0,0,3,8,0,0,0,0,0
1789171297.458877,1255,pg_catalog,pg_proc,0,0,21,26,0,0,0,0,0
1789171297.458877,4173,pg_toast,pg_toast_1418,0,0,0,0,0,0,0,0,0
1789171297.458877,2620,pg_catalog,pg_trigger,0,0,0,0,0,0,0,0,0
1789171297.458877,2362037,pg_toast,pg_toast_2362031,0,0,0,0,0,0,0,0,0
1789171297.458877,2612,pg_catalog,pg_language,0,0,0,0,0,0,0,0,0
1789171297.458877,4149,pg_toast,pg_toast_2328,0,0,0,0,0,0,0,0,0
1789171297.458877,6351,pg_toast,pg_toast_2610,0,0,0,0,0,0,0,0,0
1789171297.458877,13489,information_schema,sql_sizing,0,0,,,0,0,0,0,0
1789171297.458877,3598,pg_toast,pg_toast_3596,0,0,0,0,0,0,0,0,0
1789171297.458877,2836,pg_toast,pg_toast_1255,0,0,0,0,0,0,0,0,0
1789171297.458877,2362021,pg_toast,pg_toast_2362013,0,0,0,0,0,0,0,0,0
1789171297.458877,2362166,pg_toast,pg_toast_2362148,0,0,0,0,0,0,0,0,0
1789171297.458877,3456,pg_catalog,pg_collation,0,0,1,1,0,0,0,0,0
1789171297.458877,3079,pg_catalog,pg_extension,0,0,0,0,0,0,0,0,0
1789171297.458877,6100,pg_catalog,pg_subscription,0,0,0,0,0,0,0,0,0
1789171297.458877,2832,pg_toast,pg_toast_2606,0,0,0,0,0,0,0,0,0
1789171297.458877,3256,pg_catalog,pg_policy,0,0,0,0,0,0,0,0,0
1789171297.458877,2362029,pg_toast,pg_toast_2362023,0,0,0,0,0,0,0,0,0
1789171297.458877,3466,pg_catalog,pg_event_trigger,0,0,0,0,0,0,0,0,0
1789171297.458877,2362058,pg_toast,pg_toast_2362051,0,0,0,0,0,0,0,0,0
1789171297.458877,3592,pg_catalog,pg_shseclabel,0,0,0,0,0,0,0,0,0
1789171297.458877,3764,pg_catalog,pg_ts_template,0,0,0,0,0,0,0,0,0
1789171297.458877,6237,pg_catalog,pg_publication_namespace,0,0,0,0,0,0,0,0,0
1789171297.458877,13487,pg_toast,pg_toast_13484,0,0,0,0,0,0,0,0,0
1789171297.458877,2995,pg_catalog,pg_largeobject_metadata,0,0,0,0,0,0,0,0,0
1789171297.458877,4143,pg_toast,pg_toast_826,0,0,0,0,0,0,0,0,0
1789171297.458877,4185,pg_toast,pg_toast_1213,0,0,0,0,0,0,0,0,0
1789171297.458877,6243,pg_catalog,pg_parameter_acl,0,0,0,0,0,0,0,0,0
1789171297.458877,2361988,pg_toast,pg_toast_2361978,0,0,0,0,0,0,0,0,0
1789171297.458877,2616,pg_catalog,pg_opclass,0,0,10,179,0,0,0,0,0
1789171297.458877,2362137,pg_toast,pg_toast_2362128,0,0,0,0,0,0,0,0,0
1789171297.458877,2838,pg_toast,pg_toast_2618,0,0,1,3,0,0,0,0,0
1789171297.458877,6228,pg_toast,pg_toast_6106,0,0,0,0,0,0,0,0,0
1789171297.458877,3118,pg_catalog,pg_foreign_table,0,0,0,0,0,0,0,0,0
1789171297.458877,1259,pg_catalog,pg_class,1,523,14,14,0,0,0,0,0
1789171297.458877,3350,pg_catalog,pg_partitioned_table,0,0,0,0,0,0,0,0,0
1789171297.458877,4153,pg_toast,pg_toast_3118,0,0,0,0,0,0,0,0,0
1789171297.458877,4060,pg_toast,pg_toast_3592,0,0,0,0,0,0,0,0,0
1789171297.458877,4165,pg_toast,pg_toast_3350,0,0,0,0,0,0,0,0,0
1789171297.458877,2753,pg_catalog,pg_opfamily,0,0,2,2,0,0,0,0,0
1789171297.458877,3601,pg_catalog,pg_ts_parser,0,0,0,0,0,0,0,0,0
1789171297.458877,6104,pg_catalog,pg_publication,0,0,0,0,0,0,0,0,0
1789171297.458877,13477,pg_toast,pg_toast_13474,0,0,0,0,0,0,0,0,0
1789171297.458877,3429,pg_catalog,pg_statistic_ext_data,0,0,0,0,0,0,0,0,0
1789171297.458877,2619,pg_catalog,pg_statistic,0,0,17,8,0,0,0,0,0
1789171297.458877,4155,pg_toast,pg_toast_3394,0,0,0,0,0,0,0,0,0
1789171297.458877,2362224,pg_toast,pg_toast_2362205,0,0,0,0,0,0,0,0,0
1789171297.458877,3381,pg_catalog,pg_statistic_ext,0,0,3,0,0,0,0,0,0
1789171297.458877,6106,pg_catalog,pg_publication_rel,0,0,0,0,0,0,0,0,0
1789171297.458877,2605,pg_catalog,pg_cast,0,0,54,8,0,0,0,0,0
1789171297.458877,4171,pg_toast,pg_toast_1247,0,0,0,0,0,0,0,0,0
1789171297.458877,2830,pg_toast,pg_toast_2604,0,0,0,0,0,0,0,0,0
1789171297.458877,13479,information_schema,sql_implementation_info,0,0,,,0,0,0,0,0
1789171297.458877,6244,pg_toast,pg_toast_6243,0,0,0,0,0,0,0,0,0
1789171297.458877,2361971,pg_toast,pg_toast_2361963,0,0,0,0,0,0,0,0,0
1789171297.458877,3430,pg_toast,pg_toast_3429,0,0,0,0,0,0,0,0,0
1789171297.458877,3576,pg_catalog,pg_transform,0,0,0,0,0,0,0,0,0
1789171297.458877,2601,pg_catalog,pg_am,0,0,0,0,0,0,0,0,0
1789171357.569983,3394,pg_catalog,pg_init_privs,0,0,0,0,0,0,0,0,0
1789171357.569983,4167,pg_toast,pg_toast_3256,0,0,0,0,0,0,0,0,0
1789171357.569983,4151,pg_toast,pg_toast_1417,0,0,0,0,0,0,0,0,0
1789171357.569983,2834,pg_toast,pg_toast_2609,0,0,0,0,0,0,0,0,0
1789171357.569983,6000,pg_catalog,pg_replication_origin,0,0,0,0,0,0,0,0,0
1789171357.569983,2840,pg_toast,pg_toast_2619,0,0,0,0,0,0,0,0,0
1789171357.569983,2328,pg_catalog,pg_foreign_data_wrapper,0,0,0,0,0,0,0,0,0
1789171357.569983,4157,pg_toast,pg_toast_2612,0,0,0,0,0,0,0,0,0
1789171357.569983,1260,pg_catalog,pg_authid,0,0,0,0,0,0,0,0,0
1789171357.569983,2362182,pg_toast,pg_toast_2362174,0,0,0,0,0,0,0,0,0
1789171357.569983,6102,pg_catalog,pg_subscription_rel,0,0,0,0,0,0,0,0,0
1789171357.569983,1214,pg_catalog,pg_shdepend,0,0,0,0,0,0,0,0,0
1789171357.569983,4163,pg_toast,pg_toast_2615,0,0,0,0,0,0,0,0,0
1789171357.569983,2362193,pg_toast,pg_toast_2362184,0,0,0,0,0,0,0,0,0
1789171357.569983,4169,pg_toast,pg_toast_3600,0,0,0,0,0,0,0,0,0
1789171357.569983,2615,pg_catalog,pg_namespace,1,4,7,2,0,0,0,0,0
1789171357.569983,2396,pg_catalog,pg_shdescription,0,0,0,0,0,0,0,0,0
1789171357.569983,3600,pg_catalog,pg_ts_dict,0,0,0,0,0,0,0,0,0
1789171357.569983,3596,pg_catalog,pg_seclabel,0,0,0,0,0,0,0,0,0
1789171357.569983,2609,pg_catalog,pg_description,0,0,0,0,0,0,0,0,0
1789171357.569983,13482,pg_toast,pg_toast_13479,0,0,0,0,0,0,0,0,0
1789171357.569983,2362082,pg_toast,pg_toast_2362060,0,0,0,0,0,0,0,0,0
1789171357.569983,3603,pg_catalog,pg_ts_config_map,0,0,0,0,0,0,0,0,0
1789171357.569983,1213,pg_catalog,pg_tablespace,0,0,1,1,0,0,0,0,0
1789171357.569983,2608,pg_catalog,pg_depend,0,0,0,0,0,0,0,0,0
1789171357.569983,2964,pg_catalog,pg_db_role_setting,0,0,0,0,0,0,0,0,0
1789171357.569983,1418,pg_catalog,pg_user_mapping,0,0,0,0,0,0,0,0,0
1789171357.569983,2613,pg_catalog,pg_largeobject,0,0,0,0,0,0,0,0,0
1789171357.569983,6175,pg_toast,pg_toast_3456,0,0,0,0,0,0,0,0,0
1789171357.569983,1261,pg_catalog,pg_auth_members,0,0,0,0,0,0,0,0,0
1789171357.569983,2617,pg_catalog,pg_operator,0,0,8,8,0,0,0,0,0
1789171357.569983,2610,pg_catalog,pg_index,1,221,11,13,0,0,0,0,0
1789171357.569983,1249,pg_catalog,pg_attribute,0,0,76,104,0,0,0,0,0
1789171357.569983,2600,pg_catalog,pg_aggregate,0,0,1,1,0,0,0,0,0
1789171357.569983,2966,pg_toast,pg_toast_2964,0,0,0,0,0,0,0,0,0
1789171357.569983,2618,pg_catalog,pg_rewrite,0,0,2,2,0,0,0,0,0
1789171357.569983,4177,pg_toast,pg_toast_1262,0,0,0,0,0,0,0,0,0
1789171357.569983,13484,information_schema,sql_parts,0,0,,,0,0,0,0,0
1789171357.569983,4159,pg_toast,pg_toast_2600,0,0,0,0,0,0,0,0,0
1789171357.569983,4147,pg_toast,pg_toast_3079,0,0,0,0,0,0,0,0,0
1789171357.569983,13474,information_schema,sql_features,0,0,,,0,0,0,0,0
1789171357.569983,1247,pg_catalog,pg_type,0,0,25,25,0,0,0,0,0
1789171357.569983,2602,pg_catalog,pg_amop,0,0,16,28,0,0,0,0,0
1789171357.569983,3439,pg_toast,pg_toast_3381,0,0,0,0,0,0,0,0,0
1789171357.569983,2846,pg_toast,pg_toast_2396,0,0,0,0,0,0,0,0,0
1789171357.569983,4145,pg_toast,pg_toast_3466,0,0,0,0,0,0,0,0,0
1789171357.569983,3541,pg_catalog,pg_range,0,0,0,0,0,0,0,0,0
1789171357.569983,3602,pg_catalog,pg_ts_config,0,0,0,0,0,0,0,0,0
1789171357.569983,4183,pg_toast,pg_toast_6100,0,0,0,0,0,0,0,0,0
1789171357.569983,2224,pg_catalog,pg_sequence,0,0,0,0,0,0,0,0,0
1789171357.569983,2611,pg_catalog,pg_inherits,0,0,0,0,0,0,0,0,0
1789171357.569983,1417,pg_catalog,pg_foreign_server,0,0,0,0,0,0,0,0,0
1789171357.569983,1262,pg_catalog,pg_database,0,0,0,0,0,0,0,0,0
1789171357.569983,13492,pg_toast,pg_toast_13489,0,0,0,0,0,0,0,0,0
1789171357.569983,3501,pg_catalog,pg_enum,0,0,0,0,0,0,0,0,0
1789171357.569983,2607,pg_catalog,pg_conversion,0,0,0,0,0,0,0,0,0
1789171357.569983,826,pg_catalog,pg_default_acl,0,0,0,0,0,0,0,0,0
1789171357.569983,2604,pg_catalog,pg_attrdef,0,0,0,0,0,0,0,0,0
1789171357.569983,2336,pg_toast,pg_toast_2620,0,0,0,0,0,0,0,0,0
1789171357.569983,2603,pg_catalog,pg_amproc,0,0,5,11,0,0,0,0,0
1789171357.569983,2362101,pg_toast,pg_toast_2362090,0,0,0,0,0,0,0,0,0
1789171357.569983,2606,pg_catalog,pg_constraint,0,0,3,8,0,0,0,0,0
1789171357.569983,1255,pg_catalog,pg_proc,0,0,21,26,0,0,0,0,0
1789171357.569983,4173,pg_toast,pg_toast_1418,0,0,0,0,0,0,0,0,0
1789171357.569983,2620,pg_catalog,pg_trigger,0,0,0,0,0,0,0,0,0
1789171357.569983,2362037,pg_toast,pg_toast_2362031,0,0,0,0,0,0,0,0,0
1789171357.569983,2612,pg_catalog,pg_language,0,0,0,0,0,0,0,0,0
1789171357.569983,4149,pg_toast,pg_toast_2328,0,0,0,0,0,0,0,0,0
1789171357.569983,6351,pg_toast,pg_toast_2610,0,0,0,0,0,0,0,0,0
1789171357.569983,13489,information_schema,sql_sizing,0,0,,,0,0,0,0,0
1789171357.569983,3598,pg_toast,pg_toast_3596,0,0,0,0,0,0,0,0,0
1789171357.569983,2836,pg_toast,pg_toast_1255,0,0,0,0,0,0,0,0,0
1789171357.569983,2362021,pg_toast,pg_toast_2362013,0,0,0,0,0,0,0,0,0
1789171357.569983,2362166,pg_toast,pg_toast_2362148,0,0,0,0,0,0,0,0,0
1789171357.569983,3456,pg_catalog,pg_collation,0,0,1,1,0,0,0,0,0
1789171357.569983,3079,pg_catalog,pg_extension,0,0,0,0,0,0,0,0,0
1789171357.569983,6100,pg_catalog,pg_subscription,0,0,0,0,0,0,0,0,0
1789171357.569983,2832,pg_toast,pg_toast_2606,0,0,0,0,0,0,0,0,0
1789171357.569983,3256,pg_catalog,pg_policy,0,0,0,0,0,0,0,0,0
1789171357.569983,2362029,pg_toast,pg_toast_2362023,0,0,0,0,0,0,0,0,0
1789171357.569983,3466,pg_catalog,pg_event_trigger,0,0,0,0,0,0,0,0,0
1789171357.569983,2362058,pg_toast,pg_toast_2362051,0,0,0,0,0,0,0,0,0
1789171357.569983,3592,pg_catalog,pg_shseclabel,0,0,0,0,0,0,0,0,0
1789171357.569983,3764,pg_catalog,pg_ts_template,0,0,0,0,0,0,0,0,0
1789171357.569983,6237,pg_catalog,pg_publication_namespace,0,0,0,0,0,0,0,0,0
1789171357.569983,13487,pg_toast,pg_toast_13484,0,0,0,0,0,0,0,0,0
1789171357.569983,2995,pg_catalog,pg_largeobject_metadata,0,0,0,0,0,0,0,0,0
1789171357.569983,4143,pg_toast,pg_toast_826,0,0,0,0,0,0,0,0,0
1789171357.569983,4185,pg_toast,pg_toast_1213,0,0,0,0,0,0,0,0,0
1789171357.569983,6243,pg_catalog,pg_parameter_acl,0,0,0,0,0,0,0,0,0
1789171357.569983,2361988,pg_toast,pg_toast_2361978,0,0,0,0,0,0,0,0,0
1789171357.569983,2616,pg_catalog,pg_opclass,0,0,10,179,0,0,0,0,0
1789171357.569983,2362137,pg_toast,pg_toast_2362128,0,0,0,0,0,0,0,0,0
1789171357.569983,2838,pg_toast,pg_toast_2618,0,0,1,3,0,0,0,0,0
1789171357.569983,6228,pg_toast,pg_toast_6106,0,0,0,0,0,0,0,0,0
1789171357.569983,3118,pg_catalog,pg_foreign_table,0,0,0,0,0,0,0,0,0
1789171357.569983,1259,pg_catalog,pg_class,1,523,14,14,0,0,0,0,0
1789171357.569983,3350,pg_catalog,pg_partitioned_table,0,0,0,0,0,0,0,0,0
1789171357.569983,4153,pg_toast,pg_toast_3118,0,0,0,0,0,0,0,0,0
1789171357.569983,4060,pg_toast,pg_toast_3592,0,0,0,0,0,0,0,0,0
1789171357.569983,4165,pg_toast,pg_toast_3350,0,0,0,0,0,0,0,0,0
1789171357.569983,2753,pg_catalog,pg_opfamily,0,0,2,2,0,0,0,0,0
1789171357.569983,3601,pg_catalog,pg_ts_parser,0,0,0,0,0,0,0,0,0
1789171357.569983,6104,pg_catalog,pg_publication,0,0,0,0,0,0,0,0,0
1789171357.569983,13477,pg_toast,pg_toast_13474,0,0,0,0,0,0,0,0,0
1789171357.569983,3429,pg_catalog,pg_statistic_ext_data,0,0,0,0,0,0,0,0,0
1789171357.569983,2619,pg_catalog,pg_statistic,0,0,17,8,0,0,0,0,0
1789171357.569983,4155,pg_toast,pg_toast_3394,0,0,0,0,0,0,0,0,0
1789171357.569983,2362224,pg_toast,pg_toast_2362205,0,0,0,0,0,0,0,0,0
1789171357.569983,3381,pg_catalog,pg_statistic_ext,0,0,3,0,0,0,0,0,0
1789171357.569983,6106,pg_catalog,pg_publication_rel,0,0,0,0,0,0,0,0,0
1789171357.569983,2605,pg_catalog,pg_cast,0,0,54,8,0,0,0,0,0
1789171357.569983,4171,pg_toast,pg_toast_1247,0,0,0,0,0,0,0,0,0
1789171357.569983,2830,pg_toast,pg_toast_2604,0,0,0,0,0,0,0,0,0
1789171357.569983,13479,information_schema,sql_implementation_info,0,0,,,0,0,0,0,0
1789171357.569983,6244,pg_toast,pg_toast_6243,0,0,0,0,0,0,0,0,0
1789171357.569983,2361971,pg_toast,pg_toast_2361963,0,0,0,0,0,0,0,0,0
1789171357.569983,3430,pg_toast,pg_toast_3429,0,0,0,0,0,0,0,0,0
1789171357.569983,3576,pg_catalog,pg_transform,0,0,0,0,0,0,0,0,0
1789171357.569983,2601,pg_catalog,pg_am,0,0,0,0,0,0,0,0,0
1789171417.703739,3394,pg_catalog,pg_init_privs,0,0,0,0,0,0,0,0,0
1789171417.703739,4167,pg_toast,pg_toast_3256,0,0,0,0,0,0,0,0,0
1789171417.703739,4151,pg_toast,pg_toast_1417,0,0,0,0,0,0,0,0,0
1789171417.703739,2834,pg_toast,pg_toast_2609,0,0,0,0,0,0,0,0,0
1789171417.703739,6000,pg_catalog,pg_replication_origin,0,0,0,0,0,0,0,0,0
1789171417.703739,2840,pg_toast,pg_toast_2619,0,0,0,0,0,0,0,0,0
1789171417.703739,2328,pg_catalog,pg_foreign_data_wrapper,0,0,0,0,0,0,0,0,0
1789171417.703739,4157,pg_toast,pg_toast_2612,0,0,0,0,0,0,0,0,0
1789171417.703739,1260,pg_catalog,pg_authid,0,0,0,0,0,0,0,0,0
1789171417.703739,2362182,pg_toast,pg_toast_2362174,0,0,0,0,0,0,0,0,0
1789171417.703739,6102,pg_catalog,pg_subscription_rel,0,0,0,0,0,0,0,0,0
1789171417.703739,1214,pg_catalog,pg_shdepend,0,0,0,0,0,0,0,0,0
1789171417.703739,4163,pg_toast,pg_toast_2615,0,0,0,0,0,0,0,0,0
1789171417.703739,2362193,pg_toast,pg_toast_2362184,0,0,0,0,0,0,0,0,0
1789171417.703739,4169,pg_toast,pg_toast_3600,0,0,0,0,0,0,0,0,0
1789171417.703739,2615,pg_catalog,pg_namespace,1,4,7,2,0,0,0,0,0
1789171417.703739,2396,pg_catalog,pg_shdescription,0,0,0,0,0,0,0,0,0
1789171417.703739,3600,pg_catalog,pg_ts_dict,0,0,0,0,0,0,0,0,0
1789171417.703739,3596,pg_catalog,pg_seclabel,0,0,0,0,0,0,0,0,0
1789171417.703739,2609,pg_catalog,pg_description,0,0,0,0,0,0,0,0,0
1789171417.703739,13482,pg_toast,pg_toast_13479,0,0,0,0,0,0,0,0,0
1789171417.703739,2362082,pg_toast,pg_toast_2362060,0,0,0,0,0,0,0,0,0
1789171417.703739,3603,pg_catalog,pg_ts_config_map,0,0,0,0,0,0,0,0,0
1789171417.703739,1213,pg_catalog,pg_tablespace,0,0,1,1,0,0,0,0,0
1789171417.703739,2608,pg_catalog,pg_depend,0,0,0,0,0,0,0,0,0
1789171417.703739,2964,pg_catalog,pg_db_role_setting,0,0,0,0,0,0,0,0,0
1789171417.703739,1418,pg_catalog,pg_user_mapping,0,0,0,0,0,0,0,0,0
1789171417.703739,2613,pg_catalog,pg_largeobject,0,0,0,0,0,0,0,0,0
1789171417.703739,6175,pg_toast,pg_toast_3456,0,0,0,0,0,0,0,0,0
1789171417.703739,1261,pg_catalog,pg_auth_members,0,0,0,0,0,0,0,0,0
1789171417.703739,2617,pg_catalog,pg_operator,0,0,8,8,0,0,0,0,0
1789171417.703739,2610,pg_catalog,pg_index,1,221,11,13,0,0,0,0,0
1789171417.703739,1249,pg_catalog,pg_attribute,0,0,76,104,0,0,0,0,0
1789171417.703739,2600,pg_catalog,pg_aggregate,0,0,1,1,0,0,0,0,0
1789171417.703739,2966,pg_toast,pg_toast_2964,0,0,0,0,0,0,0,0,0
1789171417.703739,2618,pg_catalog,pg_rewrite,0,0,2,2,0,0,0,0,0
1789171417.703739,4177,pg_toast,pg_toast_1262,0,0,0,0,0,0,0,0,0
1789171417.703739,13484,information_schema,sql_parts,0,0,,,0,0,0,0,0
1789171417.703739,4159,pg_toast,pg_toast_2600,0,0,0,0,0,0,0,0,0
1789171417.703739,4147,pg_toast,pg_toast_3079,0,0,0,0,0,0,0,0,0
1789171417.703739,13474,information_schema,sql_features,0,0,,,0,0,0,0,0
1789171417.703739,1247,pg_catalog,pg_type,0,0,25,25,0,0,0,0,0
1789171417.703739,2602,pg_catalog,pg_amop,0,0,16,28,0,0,0,0,0
1789171417.703739,3439,pg_toast,pg_toast_3381,0,0,0,0,0,0,0,0,0
1789171417.703739,2846,pg_toast,pg_toast_2396,0,0,0,0,0,0,0,0,0
1789171417.703739,4145,pg_toast,pg_toast_3466,0,0,0,0,0,0,0,0,0
1789171417.703739,3541,pg_catalog,pg_range,0,0,0,0,0,0,0,0,0
1789171417.703739,3602,pg_catalog,pg_ts_config,0,0,0,0,0,0,0,0,0
1789171417.703739,4183,pg_toast,pg_toast_6100,0,0,0,0,0,0,0,0,0
1789171417.703739,2224,pg_catalog,pg_sequence,0,0,0,0,0,0,0,0,0
1789171417.703739,2611,pg_catalog,pg_inherits,0,0,0,0,0,0,0,0,0
1789171417.703739,1417,pg_catalog,pg_foreign_server,0,0,0,0,0,0,0,0,0
1789171417.703739,1262,pg_catalog,pg_database,0,0,0,0,0,0,0,0,0
1789171417.703739,13492,pg_toast,pg_toast_13489,0,0,0,0,0,0,0,0,0
1789171417.703739,3501,pg_catalog,pg_enum,0,0,0,0,0,0,0,0,0
1789171417.703739,2607,pg_catalog,pg_conversion,0,0,0,0,0,0,0,0,0
1789171417.703739,826,pg_catalog,pg_default_acl,0,0,0,0,0,0,0,0,0
1789171417.703739,2604,pg_catalog,pg_attrdef,0,0,0,0,0,0,0,0,0
1789171417.703739,2336,pg_toast,pg_toast_2620,0,0,0,0,0,0,0,0,0
1789171417.703739,2603,pg_catalog,pg_amproc,0,0,5,11,0,0,0,0,0
1789171417.703739,2362101,pg_toast,pg_toast_2362090,0,0,0,0,0,0,0,0,0
1789171417.703739,2606,pg_catalog,pg_constraint,0,0,3,8,0,0,0,0,0
1789171417.703739,1255,pg_catalog,pg_proc,0,0,21,26,0,0,0,0,0
1789171417.703739,4173,pg_toast,pg_toast_1418,0,0,0,0,0,0,0,0,0
1789171417.703739,2620,pg_catalog,pg_trigger,0,0,0,0,0,0,0,0,0
1789171417.703739,2362037,pg_toast,pg_toast_2362031,0,0,0,0,0,0,0,0,0
1789171417.703739,2612,pg_catalog,pg_language,0,0,0,0,0,0,0,0,0
1789171417.703739,4149,pg_toast,pg_toast_2328,0,0,0,0,0,0,0,0,0
1789171417.703739,6351,pg_toast,pg_toast_2610,0,0,0,0,0,0,0,0,0
1789171417.703739,13489,information_schema,sql_sizing,0,0,,,0,0,0,0,0
1789171417.703739,3598,pg_toast,pg_toast_3596,0,0,0,0,0,0,0,0,0
1789171417.703739,2836,pg_toast,pg_toast_1255,0,0,0,0,0,0,0,0,0
1789171417.703739,2362021,pg_toast,pg_toast_2362013,0,0,0,0,0,0,0,0,0
1789171417.703739,2362166,pg_toast,pg_toast_2362148,0,0,0,0,0,0,0,0,0
1789171417.703739,3456,pg_catalog,pg_collation,0,0,1,1,0,0,0,0,0
1789171417.703739,3079,pg_catalog,pg_extension,0,0,0,0,0,0,0,0,0
1789171417.703739,6100,pg_catalog,pg_subscription,0,0,0,0,0,0,0,0,0
1789171417.703739,2832,pg_toast,pg_toast_2606,0,0,0,0,0,0,0,0,0
1789171417.703739,3256,pg_catalog,pg_policy,0,0,0,0,0,0,0,0,0
1789171417.703739,2362029,pg_toast,pg_toast_2362023,0,0,0,0,0,0,0,0,0
1789171417.703739,3466,pg_catalog,pg_event_trigger,0,0,0,0,0,0,0,0,0
1789171417.703739,2362058,pg_toast,pg_toast_2362051,0,0,0,0,0,0,0,0,0
1789171417.703739,3592,pg_catalog,pg_shseclabel,0,0,0,0,0,0,0,0,0
1789171417.703739,3764,pg_catalog,pg_ts_template,0,0,0,0,0,0,0,0,0
1789171417.703739,6237,pg_catalog,pg_publication_namespace,0,0,0,0,0,0,0,0,0
1789171417.703739,13487,pg_toast,pg_toast_13484,0,0,0,0,0,0,0,0,0
1789171417.703739,2995,pg_catalog,pg_largeobject_metadata,0,0,0,0,0,0,0,0,0
1789171417.703739,4143,pg_toast,pg_toast_826,0,0,0,0,0,0,0,0,0
1789171417.703739,4185,pg_toast,pg_toast_1213,0,0,0,0,0,0,0,0,0
1789171417.703739,6243,pg_catalog,pg_parameter_acl,0,0,0,0,0,0,0,0,0
1789171417.703739,2361988,pg_toast,pg_toast_2361978,0,0,0,0,0,0,0,0,0
1789171417.703739,2616,pg_catalog,pg_opclass,0,0,10,179,0,0,0,0,0
1789171417.703739,2362137,pg_toast,pg_toast_2362128,0,0,0,0,0,0,0,0,0
1789171417.703739,2838,pg_toast,pg_toast_2618,0,0,1,3,0,0,0,0,0
1789171417.703739,6228,pg_toast,pg_toast_6106,0,0,0,0,0,0,0,0,0
1789171417.703739,3118,pg_catalog,pg_foreign_table,0,0,0,0,0,0,0,0,0
1789171417.703739,1259,pg_catalog,pg_class,1,523,14,14,0,0,0,0,0
1789171417.703739,3350,pg_catalog,pg_partitioned_table,0,0,0,0,0,0,0,0,0
1789171417.703739,4153,pg_toast,pg_toast_3118,0,0,0,0,0,0,0,0,0
1789171417.703739,4060,pg_toast,pg_toast_3592,0,0,0,0,0,0,0,0,0
1789171417.703739,4165,pg_toast,pg_toast_3350,0,0,0,0,0,0,0,0,0
1789171417.703739,2753,pg_catalog,pg_opfamily,0,0,2,2,0,0,0,0,0
1789171417.703739,3601,pg_catalog,pg_ts_parser,0,0,0,0,0,0,0,0,0
1789171417.703739,6104,pg_catalog,pg_publication,0,0,0,0,0,0,0,0,0
1789171417.703739,13477,pg_toast,pg_toast_13474,0,0,0,0,0,0,0,0,0
1789171417.703739,3429,pg_catalog,pg_statistic_ext_data,0,0,0,0,0,0,0,0,0
1789171417.703739,2619,pg_catalog,pg_statistic,0,0,17,8,0,0,0,0,0
1789171417.703739,4155,pg_toast,pg_toast_3394,0,0,0,0,0,0,0,0,0
1789171417.703739,2362224,pg_toast,pg_toast_2362205,0,0,0,0,0,0,0,0,0
1789171417.703739,3381,pg_catalog,pg_statistic_ext,0,0,3,0,0,0,0,0,0
1789171417.703739,6106,pg_catalog,pg_publication_rel,0,0,0,0,0,0,0,0,0
1789171417.703739,2605,pg_catalog,pg_cast,0,0,54,8,0,0,0,0,0
1789171417.703739,4171,pg_toast,pg_toast_1247,0,0,0,0,0,0,0,0,0
1789171417.703739,2830,pg_toast,pg_toast_2604,0,0,0,0,0,0,0,0,0
1789171417.703739,13479,information_schema,sql_implementation_info,0,0,,,0,0,0,0,0
1789171417.703739,6244,pg_toast,pg_toast_6243,0,0,0,0,0,0,0,0,0
1789171417.703739,2361971,pg_toast,pg_toast_2361963,0,0,0,0,0,0,0,0,0
1789171417.703739,3430,pg_toast,pg_toast_3429,0,0,0,0,0,0,0,0,0
1789171417.703739,3576,pg_catalog,pg_transform,0,0,0,0,0,0,0,0,0
1789171417.703739,2601,pg_catalog,pg_am,0,0,0,0,0,0,0,0,0
1789171477.768961,3394,pg_catalog,pg_init_privs,0,0,0,0,0,0,0,0,0
1789171477.768961,4167,pg_toast,pg_toast_3256,0,0,0,0,0,0,0,0,0
1789171477.768961,4151,pg_toast,pg_toast_1417,0,0,0,0,0,0,0,0,0
1789171477.768961,2834,pg_toast,pg_toast_2609,0,0,0,0,0,0,0,0,0
1789171477.768961,6000,pg_catalog,pg_replication_origin,0,0,0,0,0,0,0,0,0
1789171477.768961,2840,pg_toast,pg_toast_2619,0,0,0,0,0,0,0,0,0
1789171477.768961,2328,pg_catalog,pg_foreign_data_wrapper,0,0,0,0,0,0,0,0,0
1789171477.768961,4157,pg_toast,pg_toast_2612,0,0,0,0,0,0,0,0,0
1789171477.768961,1260,pg_catalog,pg_authid,0,0,0,0,0,0,0,0,0
1789171477.768961,2362182,pg_toast,pg_toast_2362174,0,0,0,0,0,0,0,0,0
1789171477.768961,6102,pg_catalog,pg_subscription_rel,0,0,0,0,0,0,0,0,0
1789171477.768961,1214,pg_catalog,pg_shdepend,0,0,0,0,0,0,0,0,0
1789171477.768961,4163,pg_toast,pg_toast_2615,0,0,0,0,0,0,0,0,0
1789171477.768961,2362193,pg_toast,pg_toast_2362184,0,0,0,0,0,0,0,0,0
1789171477.768961,4169,pg_toast,pg_toast_3600,0,0,0,0,0,0,0,0,0
1789171477.768961,2615,pg_catalog,pg_namespace,1,4,7,2,0,0,0,0,0
1789171477.768961,2396,pg_catalog,pg_shdescription,0,0,0,0,0,0,0,0,0
1789171477.768961,3600,pg_catalog,pg_ts_dict,0,0,0,0,0,0,0,0,0
1789171477.768961,3596,pg_catalog,pg_seclabel,0,0,0,0,0,0,0,0,0
1789171477.768961,2609,pg_catalog,pg_description,0,0,0,0,0,0,0,0,0
1789171477.768961,13482,pg_toast,pg_toast_13479,0,0,0,0,0,0,0,0,0
1789171477.768961,2362082,pg_toast,pg_toast_2362060,0,0,0,0,0,0,0,0,0
1789171477.768961,3603,pg_catalog,pg_ts_config_map,0,0,0,0,0,0,0,0,0
1789171477.768961,1213,pg_catalog,pg_tablespace,0,0,1,1,0,0,0,0,0
1789171477.768961,2608,pg_catalog,pg_depend,0,0,0,0,0,0,0,0,0
1789171477.768961,2964,pg_catalog,pg_db_role_setting,0,0,0,0,0,0,0,0,0
1789171477.768961,1418,pg_catalog,pg_user_mapping,0,0,0,0,0,0,0,0,0
1789171477.768961,2613,pg_catalog,pg_largeobject,0,0,0,0,0,0,0,0,0
1789171477.768961,6175,pg_toast,pg_toast_3456,0,0,0,0,0,0,0,0,0
1789171477.768961,1261,pg_catalog,pg_auth_members,0,0,0,0,0,0,0,0,0
1789171477.768961,2617,pg_catalog,pg_operator,0,0,8,8,0,0,0,0,0
1789171477.768961,2610,pg_catalog,pg_index,1,221,11,13,0,0,0,0,0
1789171477.768961,1249,pg_catalog,pg_attribute,0,0,76,104,0,0,0,0,0
1789171477.768961,2600,pg_catalog,pg_aggregate,0,0,1,1,0,0,0,0,0
1789171477.768961,2966,pg_toast,pg_toast_2964,0,0,0,0,0,0,0,0,0
1789171477.768961,2618,pg_catalog,pg_rewrite,0,0,2,2,0,0,0,0,0
1789171477.768961,4177,pg_toast,pg_toast_1262,0,0,0,0,0,0,0,0,0
1789171477.768961,13484,information_schema,sql_parts,0,0,,,0,0,0,0,0
1789171477.768961,4159,pg_toast,pg_toast_2600,0,0,0,0,0,0,0,0,0
1789171477.768961,4147,pg_toast,pg_toast_3079,0,0,0,0,0,0,0,0,0
1789171477.768961,13474,information_schema,sql_features,0,0,,,0,0,0,0,0
1789171477.768961,1247,pg_catalog,pg_type,0,0,25,25,0,0,0,0,0
1789171477.768961,2602,pg_catalog,pg_amop,0,0,16,28,0,0,0,0,0
1789171477.768961,3439,pg_toast,pg_toast_3381,0,0,0,0,0,0,0,0,0
1789171477.768961,2846,pg_toast,pg_toast_2396,0,0,0,0,0,0,0,0,0
1789171477.768961,4145,pg_toast,pg_toast_3466,0,0,0,0,0,0,0,0,0
1789171477.768961,3541,pg_catalog,pg_range,0,0,0,0,0,0,0,0,0
1789171477.768961,3602,pg_catalog,pg_ts_config,0,0,0,0,0,0,0,0,0
1789171477.768961,4183,pg_toast,pg_toast_6100,0,0,0,0,0,0,0,0,0
1789171477.768961,2224,pg_catalog,pg_sequence,0,0,0,0,0,0,0,0,0
1789171477.768961,2611,pg_catalog,pg_inherits,0,0,0,0,0,0,0,0,0
1789171477.768961,1417,pg_catalog,pg_foreign_server,0,0,0,0,0,0,0,0,0
1789171477.768961,1262,pg_catalog,pg_database,0,0,0,0,0,0,0,0,0
1789171477.768961,13492,pg_toast,pg_toast_13489,0,0,0,0,0,0,0,0,0
1789171477.768961,3501,pg_catalog,pg_enum,0,0,0,0,0,0,0,0,0
1789171477.768961,2607,pg_catalog,pg_conversion,0,0,0,0,0,0,0,0,0
1789171477.768961,826,pg_catalog,pg_default_acl,0,0,0,0,0,0,0,0,0
1789171477.768961,2604,pg_catalog,pg_attrdef,0,0,0,0,0,0,0,0,0
1789171477.768961,2336,pg_toast,pg_toast_2620,0,0,0,0,0,0,0,0,0
1789171477.768961,2603,pg_catalog,pg_amproc,0,0,5,11,0,0,0,0,0
1789171477.768961,2362101,pg_toast,pg_toast_2362090,0,0,0,0,0,0,0,0,0
1789171477.768961,2606,pg_catalog,pg_constraint,0,0,3,8,0,0,0,0,0
1789171477.768961,1255,pg_catalog,pg_proc,0,0,21,26,0,0,0,0,0
1789171477.768961,4173,pg_toast,pg_toast_1418,0,0,0,0,0,0,0,0,0
1789171477.768961,2620,pg_catalog,pg_trigger,0,0,0,0,0,0,0,0,0
1789171477.768961,2362037,pg_toast,pg_toast_2362031,0,0,0,0,0,0,0,0,0
1789171477.768961,2612,pg_catalog,pg_language,0,0,0,0,0,0,0,0,0
1789171477.768961,4149,pg_toast,pg_toast_2328,0,0,0,0,0,0,0,0,0
1789171477.768961,6351,pg_toast,pg_toast_2610,0,0,0,0,0,0,0,0,0
1789171477.768961,13489,information_schema,sql_sizing,0,0,,,0,0,0,0,0
1789171477.768961,3598,pg_toast,pg_toast_3596,0,0,0,0,0,0,0,0,0
1789171477.768961,2836,pg_toast,pg_toast_1255,0,0,0,0,0,0,0,0,0
1789171477.768961,2362021,pg_toast,pg_toast_2362013,0,0,0,0,0,0,0,0,0
1789171477.768961,2362166,pg_toast,pg_toast_2362148,0,0,0,0,0,0,0,0,0
1789171477.768961,3456,pg_catalog,pg_collation,0,0,1,1,0,0,0,0,0
1789171477.768961,3079,pg_catalog,pg_extension,0,0,0,0,0,0,0,0,0
1789171477.768961,6100,pg_catalog,pg_subscription,0,0,0,0,0,0,0,0,0
1789171477.768961,2832,pg_toast,pg_toast_2606,0,0,0,0,0,0,0,0,0
1789171477.768961,3256,pg_catalog,pg_policy,0,0,0,0,0,0,0,0,0
1789171477.768961,2362029,pg_toast,pg_toast_2362023,0,0,0,0,0,0,0,0,0
1789171477.768961,3466,pg_catalog,pg_event_trigger,0,0,0,0,0,0,0,0,0
1789171477.768961,2362058,pg_toast,pg_toast_2362051,0,0,0,0,0,0,0,0,0
1789171477.768961,3592,pg_catalog,pg_shseclabel,0,0,0,0,0,0,0,0,0
1789171477.768961,3764,pg_catalog,pg_ts_template,0,0,0,0,0,0,0,0,0
1789171477.768961,6237,pg_catalog,pg_publication_namespace,0,0,0,0,0,0,0,0,0
1789171477.768961,13487,pg_toast,pg_toast_13484,0,0,0,0,0,0,0,0,0
1789171477.768961,2995,pg_catalog,pg_largeobject_metadata,0,0,0,0,0,0,0,0,0
1789171477.768961,4143,pg_toast,pg_toast_826,0,0,0,0,0,0,0,0,0
1789171477.768961,4185,pg_toast,pg_toast_1213,0,0,0,0,0,0,0,0,0
1789171477.768961,6243,pg_catalog,pg_parameter_acl,0,0,0,0,0,0,0,0,0
1789171477.768961,2361988,pg_toast,pg_toast_2361978,0,0,0,0,0,0,0,0,0
1789171477.768961,2616,pg_catalog,pg_opclass,0,0,10,179,0,0,0,0,0
1789171477.768961,2362137,pg_toast,pg_toast_2362128,0,0,0,0,0,0,0,0,0
1789171477.768961,2838,pg_toast,pg_toast_2618,0,0,1,3,0,0,0,0,0
1789171477.768961,6228,pg_toast,pg_toast_6106,0,0,0,0,0,0,0,0,0
1789171477.768961,3118,pg_catalog,pg_foreign_table,0,0,0,0,0,0,0,0,0
1789171477.768961,1259,pg_catalog,pg_class,1,523,14,14,0,0,0,0,0
1789171477.768961,3350,pg_catalog,pg_partitioned_table,0,0,0,0,0,0,0,0,0
1789171477.768961,4153,pg_toast,pg_toast_3118,0,0,0,0,0,0,0,0,0
1789171477.768961,4060,pg_toast,pg_toast_3592,0,0,0,0,0,0,0,0,0
1789171477.768961,4165,pg_toast,pg_toast_3350,0,0,0,0,0,0,0,0,0
1789171477.768961,2753,pg_catalog,pg_opfamily,0,0,2,2,0,0,0,0,0
1789171477.768961,3601,pg_catalog,pg_ts_parser,0,0,0,0,0,0,0,0,0
1789171477.768961,6104,pg_catalog,pg_publication,0,0,0,0,0,0,0,0,0
1789171477.768961,13477,pg_toast,pg_toast_13474,0,0,0,0,0,0,0,0,0
1789171477.768961,3429,pg_catalog,pg_statistic_ext_data,0,0,0,0,0,0,0,0,0
1789171477.768961,2619,pg_catalog,pg_statistic,0,0,17,8,0,0,0,0,0
1789171477.768961,4155,pg_toast,pg_toast_3394,0,0,0,0,0,0,0,0,0
1789171477.768961,2362224,pg_toast,pg_toast_2362205,0,0,0,0,0,0,0,0,0
1789171477.768961,3381,pg_catalog,pg_statistic_ext,0,0,3,0,0,0,0,0,0
1789171477.768961,6106,pg_catalog,pg_publication_rel,0,0,0,0,0,0,0,0,0
1789171477.768961,2605,pg_catalog,pg_cast,0,0,54,8,0,0,0,0,0
1789171477.768961,4171,pg_toast,pg_toast_1247,0,0,0,0,0,0,0,0,0
1789171477.768961,2830,pg_toast,pg_toast_2604,0,0,0,0,0,0,0,0,0
1789171477.768961,13479,information_schema,sql_implementation_info,0,0,,,0,0,0,0,0
1789171477.768961,6244,pg_toast,pg_toast_6243,0,0,0,0,0,0,0,0,0
1789171477.768961,2361971,pg_toast,pg_toast_2361963,0,0,0,0,0,0,0,0,0
1789171477.768961,3430,pg_toast,pg_toast_3429,0,0,0,0,0,0,0,0,0
1789171477.768961,3576,pg_catalog,pg_transform,0,0,0,0,0,0,0,0,0
1789171477.768961,2601,pg_catalog,pg_am,0,0,0,0,0,0,0,0,0
1789171537.914597,3394,pg_catalog,pg_init_privs,0,0,0,0,0,0,0,0,0
1789171537.914597,4167,pg_toast,pg_toast_3256,0,0,0,0,0,0,0,0,0
1789171537.914597,4151,pg_toast,pg_toast_1417,0,0,0,0,0,0,0,0,0
1789171537.914597,2834,pg_toast,pg_toast_2609,0,0,0,0,0,0,0,0,0
1789171537.914597,6000,pg_catalog,pg_replication_origin,0,0,0,0,0,0,0,0,0
1789171537.914597,2840,pg_toast,pg_toast_2619,0,0,0,0,0,0,0,0,0
1789171537.914597,2328,pg_catalog,pg_foreign_data_wrapper,0,0,0,0,0,0,0,0,0
1789171537.914597,4157,pg_toast,pg_toast_2612,0,0,0,0,0,0,0,0,0
1789171537.914597,1260,pg_catalog,pg_authid,0,0,0,0,0,0,0,0,0
1789171537.914597,2362182,pg_toast,pg_toast_2362174,0,0,0,0,0,0,0,0,0
1789171537.914597,6102,pg_catalog,pg_subscription_rel,0,0,0,0,0,0,0,0,0
1789171537.914597,1214,pg_catalog,pg_shdepend,0,0,0,0,0,0,0,0,0
1789171537.914597,4163,pg_toast,pg_toast_2615,0,0,0,0,0,0,0,0,0
1789171537.914597,2362193,pg_toast,pg_toast_2362184,0,0,0,0,0,0,0,0,0
1789171537.914597,4169,pg_toast,pg_toast_3600,0,0,0,0,0,0,0,0,0
1789171537.914597,2615,pg_catalog,pg_namespace,1,4,7,2,0,0,0,0,0
1789171537.914597,2396,pg_catalog,pg_shdescription,0,0,0,0,0,0,0,0,0
1789171537.914597,3600,pg_catalog,pg_ts_dict,0,0,0,0,0,0,0,0,0
1789171537.914597,3596,pg_catalog,pg_seclabel,0,0,0,0,0,0,0,0,0
1789171537.914597,2609,pg_catalog,pg_description,0,0,0,0,0,0,0,0,0
1789171537.914597,13482,pg_toast,pg_toast_13479,0,0,0,0,0,0,0,0,0
1789171537.914597,2362082,pg_toast,pg_toast_2362060,0,0,0,0,0,0,0,0,0
1789171537.914597,3603,pg_catalog,pg_ts_config_map,0,0,0,0,0,0,0,0,0
1789171537.914597,1213,pg_catalog,pg_tablespace,0,0,1,1,0,0,0,0,0
1789171537.914597,2608,pg_catalog,pg_depend,0,0,0,0,0,0,0,0,0
1789171537.914597,2964,pg_catalog,pg_db_role_setting,0,0,0,0,0,0,0,0,0
1789171537.914597,1418,pg_catalog,pg_user_mapping,0,0,0,0,0,0,0,0,0
1789171537.914597,2613,pg_catalog,pg_largeobject,0,0,0,0,0,0,0,0,0
1789171537.914597,6175,pg_toast,pg_toast_3456,0,0,0,0,0,0,0,0,0
1789171537.914597,1261,pg_catalog,pg_auth_members,0,0,0,0,0,0,0,0,0
1789171537.914597,2617,pg_catalog,pg_operator,0,0,8,8,0,0,0,0,0
1789171537.914597,2610,pg_catalog,pg_index,1,221,11,13,0,0,0,0,0
1789171537.914597,1249,pg_catalog,pg_attribute,0,0,76,104,0,0,0,0,0
1789171537.914597,2600,pg_catalog,pg_aggregate,0,0,1,1,0,0,0,0,0
1789171537.914597,2966,pg_toast,pg_toast_2964,0,0,0,0,0,0,0,0,0
1789171537.914597,2618,pg_catalog,pg_rewrite,0,0,2,2,0,0,0,0,0
1789171537.914597,4177,pg_toast,pg_toast_1262,0,0,0,0,0,0,0,0,0
1789171537.914597,13484,information_schema,sql_parts,0,0,,,0,0,0,0,0
1789171537.914597,4159,pg_toast,pg_toast_2600,0,0,0,0,0,0,0,0,0
1789171537.914597,4147,pg_toast,pg_toast_3079,0,0,0,0,0,0,0,0,0
1789171537.914597,13474,information_schema,sql_features,0,0,,,0,0,0,0,0
1789171537.914597,1247,pg_catalog,pg_type,0,0,25,25,0,0,0,0,0
1789171537.914597,2602,pg_catalog,pg_amop,0,0,16,28,0,0,0,0,0
1789171537.914597,3439,pg_toast,pg_toast_3381,0,0,0,0,0,0,0,0,0
1789171537.914597,2846,pg_toast,pg_toast_2396,0,0,0,0,0,0,0,0,0
1789171537.914597,4145,pg_toast,pg_toast_3466,0,0,0,0,0,0,0,0,0
1789171537.914597,3541,pg_catalog,pg_range,0,0,0,0,0,0,0,0,0
1789171537.914597,3602,pg_catalog,pg_ts_config,0,0,0,0,0,0,0,0,0
1789171537.914597,4183,pg_toast,pg_toast_6100,0,0,0,0,0,0,0,0,0
1789171537.914597,2224,pg_catalog,pg_sequence,0,0,0,0,0,0,0,0,0
1789171537.914597,2611,pg_catalog,pg_inherits,0,0,0,0,0,0,0,0,0
1789171537.914597,1417,pg_catalog,pg_foreign_server,0,0,0,0,0,0,0,0,0
1789171537.914597,1262,pg_catalog,pg_database,0,0,0,0,0,0,0,0,0
1789171537.914597,13492,pg_toast,pg_toast_13489,0,0,0,0,0,0,0,0,0
1789171537.914597,3501,pg_catalog,pg_enum,0,0,0,0,0,0,0,0,0
1789171537.914597,2607,pg_catalog,pg_conversion,0,0,0,0,0,0,0,0,0
1789171537.914597,826,pg_catalog,pg_default_acl,0,0,0,0,0,0,0,0,0
1789171537.914597,2604,pg_catalog,pg_attrdef,0,0,0,0,0,0,0,0,0
1789171537.914597,2336,pg_toast,pg_toast_2620,0,0,0,0,0,0,0,0,0
1789171537.914597,2603,pg_catalog,pg_amproc,0,0,5,11,0,0,0,0,0
1789171537.914597,2362101,pg_toast,pg_toast_2362090,0,0,0,0,0,0,0,0,0
1789171537.914597,2606,pg_catalog,pg_constraint,0,0,3,8,0,0,0,0,0
1789171537.914597,1255,pg_catalog,pg_proc,0,0,21,26,0,0,0,0,0
1789171537.914597,4173,pg_toast,pg_toast_1418,0,0,0,0,0,0,0,0,0
1789171537.914597,2620,pg_catalog,pg_trigger,0,0,0,0,0,0,0,0,0
1789171537.914597,2362037,pg_toast,pg_toast_2362031,0,0,0,0,0,0,0,0,0
1789171537.914597,2612,pg_catalog,pg_language,0,0,0,0,0,0,0,0,0
1789171537.914597,4149,pg_toast,pg_toast_2328,0,0,0,0,0,0,0,0,0
1789171537.914597,6351,pg_toast,pg_toast_2610,0,0,0,0,0,0,0,0,0
1789171537.914597,13489,information_schema,sql_sizing,0,0,,,0,0,0,0,0
1789171537.914597,3598,pg_toast,pg_toast_3596,0,0,0,0,0,0,0,0,0
1789171537.914597,2836,pg_toast,pg_toast_1255,0,0,0,0,0,0,0,0,0
1789171537.914597,2362021,pg_toast,pg_toast_2362013,0,0,0,0,0,0,0,0,0
1789171537.914597,2362166,pg_toast,pg_toast_2362148,0,0,0,0,0,0,0,0,0
1789171537.914597,3456,pg_catalog,pg_collation,0,0,1,1,0,0,0,0,0
1789171537.914597,3079,pg_catalog,pg_extension,0,0,0,0,0,0,0,0,0
1789171537.914597,6100,pg_catalog,pg_subscription,0,0,0,0,0,0,0,0,0
1789171537.914597,2832,pg_toast,pg_toast_2606,0,0,0,0,0,0,0,0,0
1789171537.914597,3256,pg_catalog,pg_policy,0,0,0,0,0,0,0,0,0
1789171537.914597,2362029,pg_toast,pg_toast_2362023,0,0,0,0,0,0,0,0,0
1789171537.914597,3466,pg_catalog,pg_event_trigger,0,0,0,0,0,0,0,0,0
1789171537.914597,2362058,pg_toast,pg_toast_2362051,0,0,0,0,0,0,0,0,0
1789171537.914597,3592,pg_catalog,pg_shseclabel,0,0,0,0,0,0,0,0,0
1789171537.914597,3764,pg_catalog,pg_ts_template,0,0,0,0,0,0,0,0,0
1789171537.914597,6237,pg_catalog,pg_publication_namespace,0,0,0,0,0,0,0,0,0
1789171537.914597,13487,pg_toast,pg_toast_13484,0,0,0,0,0,0,0,0,0
1789171537.914597,2995,pg_catalog,pg_largeobject_metadata,0,0,0,0,0,0,0,0,0
1789171537.914597,4143,pg_toast,pg_toast_826,0,0,0,0,0,0,0,0,0
1789171537.914597,4185,pg_toast,pg_toast_1213,0,0,0,0,0,0,0,0,0
1789171537.914597,6243,pg_catalog,pg_parameter_acl,0,0,0,0,0,0,0,0,0
1789171537.914597,2361988,pg_toast,pg_toast_2361978,0,0,0,0,0,0,0,0,0
1789171537.914597,2616,pg_catalog,pg_opclass,0,0,10,179,0,0,0,0,0
1789171537.914597,2362137,pg_toast,pg_toast_2362128,0,0,0,0,0,0,0,0,0
1789171537.914597,2838,pg_toast,pg_toast_2618,0,0,1,3,0,0,0,0,0
1789171537.914597,6228,pg_toast,pg_toast_6106,0,0,0,0,0,0,0,0,0
1789171537.914597,3118,pg_catalog,pg_foreign_table,0,0,0,0,0,0,0,0,0
1789171537.914597,1259,pg_catalog,pg_class,1,523,14,14,0,0,0,0,0
1789171537.914597,3350,pg_catalog,pg_partitioned_table,0,0,0,0,0,0,0,0,0
1789171537.914597,4153,pg_toast,pg_toast_3118,0,0,0,0,0,0,0,0,0
1789171537.914597,4060,pg_toast,pg_toast_3592,0,0,0,0,0,0,0,0,0
1789171537.914597,4165,pg_toast,pg_toast_3350,0,0,0,0,0,0,0,0,0
1789171537.914597,2753,pg_catalog,pg_opfamily,0,0,2,2,0,0,0,0,0
1789171537.914597,3601,pg_catalog,pg_ts_parser,0,0,0,0,0,0,0,0,0
1789171537.914597,6104,pg_catalog,pg_publication,0,0,0,0,0,0,0,0,0
1789171537.914597,13477,pg_toast,pg_toast_13474,0,0,0,0,0,0,0,0,0
1789171537.914597,3429,pg_catalog,pg_statistic_ext_data,0,0,0,0,0,0,0,0,0
1789171537.914597,2619,pg_catalog,pg_statistic,0,0,17,8,0,0,0,0,0
1789171537.914597,4155,pg_toast,pg_toast_3394,0,0,0,0,0,0,0,0,0
1789171537.914597,2362224,pg_toast,pg_toast_2362205,0,0,0,0,0,0,0,0,0
1789171537.914597,3381,pg_catalog,pg_statistic_ext,0,0,3,0,0,0,0,0,0
1789171537.914597,6106,pg_catalog,pg_publication_rel,0,0,0,0,0,0,0,0,0
1789171537.914597,2605,pg_catalog,pg_cast,0,0,54,8,0,0,0,0,0
1789171537.914597,4171,pg_toast,pg_toast_1247,0,0,0,0,0,0,0,0,0
1789171537.914597,2830,pg_toast,pg_toast_2604,0,0,0,0,0,0,0,0,0
1789171537.914597,13479,information_schema,sql_implementation_info,0,0,,,0,0,0,0,0
1789171537.914597,6244,pg_toast,pg_toast_6243,0,0,0,0,0,0,0,0,0
1789171537.914597,2361971,pg_toast,pg_toast_2361963,0,0,0,0,0,0,0,0,0
1789171537.914597,3430,pg_toast,pg_toast_3429,0,0,0,0,0,0,0,0,0
1789171537.914597,3576,pg_catalog,pg_transform,0,0,0,0,0,0,0,0,0
1789171537.914597,2601,pg_catalog,pg_am,0,0,0,0,0,0,0,0,0
1789171598.002926,3394,pg_catalog,pg_init_privs,0,0,0,0,0,0,0,0,0
1789171598.002926,4167,pg_toast,pg_toast_3256,0,0,0,0,0,0,0,0,0
1789171598.002926,4151,pg_toast,pg_toast_1417,0,0,0,0,0,0,0,0,0
1789171598.002926,2834,pg_toast,pg_toast_2609,0,0,0,0,0,0,0,0,0
1789171598.002926,6000,pg_catalog,pg_replication_origin,0,0,0,0,0,0,0,0,0
1789171598.002926,2840,pg_toast,pg_toast_2619,0,0,0,0,0,0,0,0,0
1789171598.002926,2328,pg_catalog,pg_foreign_data_wrapper,0,0,0,0,0,0,0,0,0
1789171598.002926,4157,pg_toast,pg_toast_2612,0,0,0,0,0,0,0,0,0
1789171598.002926,1260,pg_catalog,pg_authid,0,0,0,0,0,0,0,0,0
1789171598.002926,2362182,pg_toast,pg_toast_2362174,0,0,0,0,0,0,0,0,0
1789171598.002926,6102,pg_catalog,pg_subscription_rel,0,0,0,0,0,0,0,0,0
1789171598.002926,1214,pg_catalog,pg_shdepend,0,0,0,0,0,0,0,0,0
1789171598.002926,4163,pg_toast,pg_toast_2615,0,0,0,0,0,0,0,0,0
1789171598.002926,2362193,pg_toast,pg_toast_2362184,0,0,0,0,0,0,0,0,0
1789171598.002926,4169,pg_toast,pg_toast_3600,0,0,0,0,0,0,0,0,0
1789171598.002926,2615,pg_catalog,pg_namespace,1,4,7,2,0,0,0,0,0
1789171598.002926,2396,pg_catalog,pg_shdescription,0,0,0,0,0,0,0,0,0
1789171598.002926,3600,pg_catalog,pg_ts_dict,0,0,0,0,0,0,0,0,0
1789171598.002926,3596,pg_catalog,pg_seclabel,0,0,0,0,0,0,0,0,0
1789171598.002926,2609,pg_catalog,pg_description,0,0,0,0,0,0,0,0,0
1789171598.002926,13482,pg_toast,pg_toast_13479,0,0,0,0,0,0,0,0,0
1789171598.002926,2362082,pg_toast,pg_toast_2362060,0,0,0,0,0,0,0,0,0
1789171598.002926,3603,pg_catalog,pg_ts_config_map,0,0,0,0,0,0,0,0,0
1789171598.002926,1213,pg_catalog,pg_tablespace,0,0,1,1,0,0,0,0,0
1789171598.002926,2608,pg_catalog,pg_depend,0,0,0,0,0,0,0,0,0
1789171598.002926,2964,pg_catalog,pg_db_role_setting,0,0,0,0,0,0,0,0,0
1789171598.002926,1418,pg_catalog,pg_user_mapping,0,0,0,0,0,0,0,0,0
1789171598.002926,2613,pg_catalog,pg_largeobject,0,0,0,0,0,0,0,0,0
1789171598.002926,6175,pg_toast,pg_toast_3456,0,0,0,0,0,0,0,0,0
1789171598.002926,1261,pg_catalog,pg_auth_members,0,0,0,0,0,0,0,0,0
1789171598.002926,2617,pg_catalog,pg_operator,0,0,8,8,0,0,0,0,0
1789171598.002926,2610,pg_catalog,pg_index,1,221,11,13,0,0,0,0,0
1789171598.002926,1249,pg_catalog,pg_attribute,0,0,76,104,0,0,0,0,0
1789171598.002926,2600,pg_catalog,pg_aggregate,0,0,1,1,0,0,0,0,0
1789171598.002926,2966,pg_toast,pg_toast_2964,0,0,0,0,0,0,0,0,0
1789171598.002926,2618,pg_catalog,pg_rewrite,0,0,2,2,0,0,0,0,0
1789171598.002926,4177,pg_toast,pg_toast_1262,0,0,0,0,0,0,0,0,0
1789171598.002926,13484,information_schema,sql_parts,0,0,,,0,0,0,0,0
1789171598.002926,4159,pg_toast,pg_toast_2600,0,0,0,0,0,0,0,0,0
1789171598.002926,4147,pg_toast,pg_toast_3079,0,0,0,0,0,0,0,0,0
1789171598.002926,13474,information_schema,sql_features,0,0,,,0,0,0,0,0
1789171598.002926,1247,pg_catalog,pg_type,0,0,25,25,0,0,0,0,0
1789171598.002926,2602,pg_catalog,pg_amop,0,0,16,28,0,0,0,0,0
1789171598.002926,3439,pg_toast,pg_toast_3381,0,0,0,0,0,0,0,0,0
1789171598.002926,2846,pg_toast,pg_toast_2396,0,0,0,0,0,0,0,0,0
1789171598.002926,4145,pg_toast,pg_toast_3466,0,0,0,0,0,0,0,0,0
1789171598.002926,3541,pg_catalog,pg_range,0,0,0,0,0,0,0,0,0
1789171598.002926,3602,pg_catalog,pg_ts_config,0,0,0,0,0,0,0,0,0
1789171598.002926,4183,pg_toast,pg_toast_6100,0,0,0,0,0,0,0,0,0
1789171598.002926,2224,pg_catalog,pg_sequence,0,0,0,0,0,0,0,0,0
1789171598.002926,2611,pg_catalog,pg_inherits,0,0,0,0,0,0,0,0,0
1789171598.002926,1417,pg_catalog,pg_foreign_server,0,0,0,0,0,0,0,0,0
1789171598.002926,1262,pg_catalog,pg_database,0,0,0,0,0,0,0,0,0
1789171598.002926,13492,pg_toast,pg_toast_13489,0,0,0,0,0,0,0,0,0
1789171598.002926,3501,pg_catalog,pg_enum,0,0,0,0,0,0,0,0,0
1789171598.002926,2607,pg_catalog,pg_conversion,0,0,0,0,0,0,0,0,0
1789171598.002926,826,pg_catalog,pg_default_acl,0,0,0,0,0,0,0,0,0
1789171598.002926,2604,pg_catalog,pg_attrdef,0,0,0,0,0,0,0,0,0
1789171598.002926,2336,pg_toast,pg_toast_2620,0,0,0,0,0,0,0,0,0
1789171598.002926,2603,pg_catalog,pg_amproc,0,0,5,11,0,0,0,0,0
1789171598.002926,2362101,pg_toast,pg_toast_2362090,0,0,0,0,0,0,0,0,0
1789171598.002926,2606,pg_catalog,pg_constraint,0,0,3,8,0,0,0,0,0
1789171598.002926,1255,pg_catalog,pg_proc,0,0,21,26,0,0,0,0,0
1789171598.002926,4173,pg_toast,pg_toast_1418,0,0,0,0,0,0,0,0,0
1789171598.002926,2620,pg_catalog,pg_trigger,0,0,0,0,0,0,0,0,0
1789171598.002926,2362037,pg_toast,pg_toast_2362031,0,0,0,0,0,0,0,0,0
1789171598.002926,2612,pg_catalog,pg_language,0,0,0,0,0,0,0,0,0
1789171598.002926,4149,pg_toast,pg_toast_2328,0,0,0,0,0,0,0,0,0
1789171598.002926,6351,pg_toast,pg_toast_2610,0,0,0,0,0,0,0,0,0
1789171598.002926,13489,information_schema,sql_sizing,0,0,,,0,0,0,0,0
1789171598.002926,3598,pg_toast,pg_toast_3596,0,0,0,0,0,0,0,0,0
1789171598.002926,2836,pg_toast,pg_toast_1255,0,0,0,0,0,0,0,0,0
1789171598.002926,2362021,pg_toast,pg_toast_2362013,0,0,0,0,0,0,0,0,0
1789171598.002926,2362166,pg_toast,pg_toast_2362148,0,0,0,0,0,0,0,0,0
1789171598.002926,3456,pg_catalog,pg_collation,0,0,1,1,0,0,0,0,0
1789171598.002926,3079,pg_catalog,pg_extension,0,0,0,0,0,0,0,0,0
1789171598.002926,6100,pg_catalog,pg_subscription,0,0,0,0,0,0,0,0,0
1789171598.002926,2832,pg_toast,pg_toast_2606,0,0,0,0,0,0,0,0,0
1789171598.002926,3256,pg_catalog,pg_policy,0,0,0,0,0,0,0,0,0
1789171598.002926,2362029,pg_toast,pg_toast_2362023,0,0,0,0,0,0,0,0,0
1789171598.002926,3466,pg_catalog,pg_event_trigger,0,0,0,0,0,0,0,0,0
1789171598.002926,2362058,pg_toast,pg_toast_2362051,0,0,0,0,0,0,0,0,0
1789171598.002926,3592,pg_catalog,pg_shseclabel,0,0,0,0,0,0,0,0,0
1789171598.002926,3764,pg_catalog,pg_ts_template,0,0,0,0,0,0,0,0,0
1789171598.002926,6237,pg_catalog,pg_publication_namespace,0,0,0,0,0,0,0,0,0
1789171598.002926,13487,pg_toast,pg_toast_13484,0,0,0,0,0,0,0,0,0
1789171598.002926,2995,pg_catalog,pg_largeobject_metadata,0,0,0,0,0,0,0,0,0
1789171598.002926,4143,pg_toast,pg_toast_826,0,0,0,0,0,0,0,0,0
1789171598.002926,4185,pg_toast,pg_toast_1213,0,0,0,0,0,0,0,0,0
1789171598.002926,6243,pg_catalog,pg_parameter_acl,0,0,0,0,0,0,0,0,0
1789171598.002926,2361988,pg_toast,pg_toast_2361978,0,0,0,0,0,0,0,0,0
1789171598.002926,2616,pg_catalog,pg_opclass,0,0,10,179,0,0,0,0,0
1789171598.002926,2362137,pg_toast,pg_toast_2362128,0,0,0,0,0,0,0,0,0
1789171598.002926,2838,pg_toast,pg_toast_2618,0,0,1,3,0,0,0,0,0
1789171598.002926,6228,pg_toast,pg_toast_6106,0,0,0,0,0,0,0,0,0
1789171598.002926,3118,pg_catalog,pg_foreign_table,0,0,0,0,0,0,0,0,0
1789171598.002926,1259,pg_catalog,pg_class,1,523,14,14,0,0,0,0,0
1789171598.002926,3350,pg_catalog,pg_partitioned_table,0,0,0,0,0,0,0,0,0
1789171598.002926,4153,pg_toast,pg_toast_3118,0,0,0,0,0,0,0,0,0
1789171598.002926,4060,pg_toast,pg_toast_3592,0,0,0,0,0,0,0,0,0
1789171598.002926,4165,pg_toast,pg_toast_3350,0,0,0,0,0,0,0,0,0
1789171598.002926,2753,pg_catalog,pg_opfamily,0,0,2,2,0,0,0,0,0
1789171598.002926,3601,pg_catalog,pg_ts_parser,0,0,0,0,0,0,0,0,0
1789171598.002926,6104,pg_catalog,pg_publication,0,0,0,0,0,0,0,0,0
1789171598.002926,13477,pg_toast,pg_toast_13474,0,0,0,0,0,0,0,0,0
1789171598.002926,3429,pg_catalog,pg_statistic_ext_data,0,0,0,0,0,0,0,0,0
1789171598.002926,2619,pg_catalog,pg_statistic,0,0,17,8,0,0,0,0,0
1789171598.002926,4155,pg_toast,pg_toast_3394,0,0,0,0,0,0,0,0,0
1789171598.002926,2362224,pg_toast,pg_toast_2362205,0,0,0,0,0,0,0,0,0
1789171598.002926,3381,pg_catalog,pg_statistic_ext,0,0,3,0,0,0,0,0,0
1789171598.002926,6106,pg_catalog,pg_publication_rel,0,0,0,0,0,0,0,0,0
1789171598.002926,2605,pg_catalog,pg_cast,0,0,54,8,0,0,0,0,0
1789171598.002926,4171,pg_toast,pg_toast_1247,0,0,0,0,0,0,0,0,0
1789171598.002926,2830,pg_toast,pg_toast_2604,0,0,0,0,0,0,0,0,0
1789171598.002926,13479,information_schema,sql_implementation_info,0,0,,,0,0,0,0,0
1789171598.002926,6244,pg_toast,pg_toast_6243,0,0,0,0,0,0,0,0,0
1789171598.002926,2361971,pg_toast,pg_toast_2361963,0,0,0,0,0,0,0,0,0
1789171598.002926,3430,pg_toast,pg_toast_3429,0,0,0,0,0,0,0,0,0
1789171598.002926,3576,pg_catalog,pg_transform,0,0,0,0,0,0,0,0,0
1789171598.002926,2601,pg_catalog,pg_am,0,0,0,0,0,0,0,0,0
1789171657.075228,3394,pg_catalog,pg_init_privs,0,0,0,0,0,0,0,0,0
1789171657.075228,4167,pg_toast,pg_toast_3256,0,0,0,0,0,0,0,0,0
1789171657.075228,4151,pg_toast,pg_toast_1417,0,0,0,0,0,0,0,0,0
1789171657.075228,2834,pg_toast,pg_toast_2609,0,0,0,0,0,0,0,0,0
1789171657.075228,6000,pg_catalog,pg_replication_origin,0,0,0,0,0,0,0,0,0
1789171657.075228,2840,pg_toast,pg_toast_2619,0,0,0,0,0,0,0,0,0
1789171657.075228,2328,pg_catalog,pg_foreign_data_wrapper,0,0,0,0,0,0,0,0,0
1789171657.075228,4157,pg_toast,pg_toast_2612,0,0,0,0,0,0,0,0,0
1789171657.075228,1260,pg_catalog,pg_authid,0,0,0,0,0,0,0,0,0
1789171657.075228,2362182,pg_toast,pg_toast_2362174,0,0,0,0,0,0,0,0,0
1789171657.075228,6102,pg_catalog,pg_subscription_rel,0,0,0,0,0,0,0,0,0
1789171657.075228,1214,pg_catalog,pg_shdepend,0,0,0,0,0,0,0,0,0
1789171657.075228,4163,pg_toast,pg_toast_2615,0,0,0,0,0,0,0,0,0
1789171657.075228,2362193,pg_toast,pg_toast_2362184,0,0,0,0,0,0,0,0,0
1789171657.075228,4169,pg_toast,pg_toast_3600,0,0,0,0,0,0,0,0,0
1789171657.075228,2615,pg_catalog,pg_namespace,1,4,7,2,0,0,0,0,0
1789171657.075228,2396,pg_catalog,pg_shdescription,0,0,0,0,0,0,0,0,0
1789171657.075228,3600,pg_catalog,pg_ts_dict,0,0,0,0,0,0,0,0,0
1789171657.075228,3596,pg_catalog,pg_seclabel,0,0,0,0,0,0,0,0,0
1789171657.075228,2609,pg_catalog,pg_description,0,0,0,0,0,0,0,0,0
1789171657.075228,13482,pg_toast,pg_toast_13479,0,0,0,0,0,0,0,0,0
1789171657.075228,2362082,pg_toast,pg_toast_2362060,0,0,0,0,0,0,0,0,0
1789171657.075228,3603,pg_catalog,pg_ts_config_map,0,0,0,0,0,0,0,0,0
1789171657.075228,1213,pg_catalog,pg_tablespace,0,0,1,1,0,0,0,0,0
1789171657.075228,2608,pg_catalog,pg_depend,0,0,0,0,0,0,0,0,0
1789171657.075228,2964,pg_catalog,pg_db_role_setting,0,0,0,0,0,0,0,0,0
1789171657.075228,1418,pg_catalog,pg_user_mapping,0,0,0,0,0,0,0,0,0
1789171657.075228,2613,pg_catalog,pg_largeobject,0,0,0,0,0,0,0,0,0
1789171657.075228,6175,pg_toast,pg_toast_3456,0,0,0,0,0,0,0,0,0
1789171657.075228,1261,pg_catalog,pg_auth_members,0,0,0,0,0,0,0,0,0
1789171657.075228,2617,pg_catalog,pg_operator,0,0,8,8,0,0,0,0,0
1789171657.075228,2610,pg_catalog,pg_index,1,221,11,13,0,0,0,0,0
1789171657.075228,1249,pg_catalog,pg_attribute,0,0,76,104,0,0,0,0,0
1789171657.075228,2600,pg_catalog,pg_aggregate,0,0,1,1,0,0,0,0,0
1789171657.075228,2966,pg_toast,pg_toast_2964,0,0,0,0,0,0,0,0,0
1789171657.075228,2618,pg_catalog,pg_rewrite,0,0,2,2,0,0,0,0,0
1789171657.075228,4177,pg_toast,pg_toast_1262,0,0,0,0,0,0,0,0,0
1789171657.075228,13484,information_schema,sql_parts,0,0,,,0,0,0,0,0
1789171657.075228,4159,pg_toast,pg_toast_2600,0,0,0,0,0,0,0,0,0
1789171657.075228,4147,pg_toast,pg_toast_3079,0,0,0,0,0,0,0,0,0
1789171657.075228,13474,information_schema,sql_features,0,0,,,0,0,0,0,0
1789171657.075228,1247,pg_catalog,pg_type,0,0,25,25,0,0,0,0,0
1789171657.075228,2602,pg_catalog,pg_amop,0,0,16,28,0,0,0,0,0
1789171657.075228,3439,pg_toast,pg_toast_3381,0,0,0,0,0,0,0,0,0
1789171657.075228,2846,pg_toast,pg_toast_2396,0,0,0,0,0,0,0,0,0
1789171657.075228,4145,pg_toast,pg_toast_3466,0,0,0,0,0,0,0,0,0
1789171657.075228,3541,pg_catalog,pg_range,0,0,0,0,0,0,0,0,0
1789171657.075228,3602,pg_catalog,pg_ts_config,0,0,0,0,0,0,0,0,0
1789171657.075228,4183,pg_toast,pg_toast_6100,0,0,0,0,0,0,0,0,0
1789171657.075228,2224,pg_catalog,pg_sequence,0,0,0,0,0,0,0,0,0
1789171657.075228,2611,pg_catalog,pg_inherits,0,0,0,0,0,0,0,0,0
1789171657.075228,1417,pg_catalog,pg_foreign_server,0,0,0,0,0,0,0,0,0
1789171657.075228,1262,pg_catalog,pg_database,0,0,0,0,0,0,0,0,0
1789171657.075228,13492,pg_toast,pg_toast_13489,0,0,0,0,0,0,0,0,0
1789171657.075228,3501,pg_catalog,pg_enum,0,0,0,0,0,0,0,0,0
1789171657.075228,2607,pg_catalog,pg_conversion,0,0,0,0,0,0,0,0,0
1789171657.075228,826,pg_catalog,pg_default_acl,0,0,0,0,0,0,0,0,0
1789171657.075228,2604,pg_catalog,pg_attrdef,0,0,0,0,0,0,0,0,0
1789171657.075228,2336,pg_toast,pg_toast_2620,0,0,0,0,0,0,0,0,0
1789171657.075228,2603,pg_catalog,pg_amproc,0,0,5,11,0,0,0,0,0
1789171657.075228,2362101,pg_toast,pg_toast_2362090,0,0,0,0,0,0,0,0,0
1789171657.075228,2606,pg_catalog,pg_constraint,0,0,3,8,0,0,0,0,0
1789171657.075228,1255,pg_catalog,pg_proc,0,0,21,26,0,0,0,0,0
1789171657.075228,4173,pg_toast,pg_toast_1418,0,0,0,0,0,0,0,0,0
1789171657.075228,2620,pg_catalog,pg_trigger,0,0,0,0,0,0,0,0,0
1789171657.075228,2362037,pg_toast,pg_toast_2362031,0,0,0,0,0,0,0,0,0
1789171657.075228,2612,pg_catalog,pg_language,0,0,0,0,0,0,0,0,0
1789171657.075228,4149,pg_toast,pg_toast_2328,0,0,0,0,0,0,0,0,0
1789171657.075228,6351,pg_toast,pg_toast_2610,0,0,0,0,0,0,0,0,0
1789171657.075228,13489,information_schema,sql_sizing,0,0,,,0,0,0,0,0
1789171657.075228,3598,pg_toast,pg_toast_3596,0,0,0,0,0,0,0,0,0
1789171657.075228,2836,pg_toast,pg_toast_1255,0,0,0,0,0,0,0,0,0
1789171657.075228,2362021,pg_toast,pg_toast_2362013,0,0,0,0,0,0,0,0,0
1789171657.075228,2362166,pg_toast,pg_toast_2362148,0,0,0,0,0,0,0,0,0
1789171657.075228,3456,pg_catalog,pg_collation,0,0,1,1,0,0,0,0,0
1789171657.075228,3079,pg_catalog,pg_extension,0,0,0,0,0,0,0,0,0
1789171657.075228,6100,pg_catalog,pg_subscription,0,0,0,0,0,0,0,0,0
1789171657.075228,2832,pg_toast,pg_toast_2606,0,0,0,0,0,0,0,0,0
1789171657.075228,3256,pg_catalog,pg_policy,0,0,0,0,0,0,0,0,0
1789171657.075228,2362029,pg_toast,pg_toast_2362023,0,0,0,0,0,0,0,0,0
1789171657.075228,3466,pg_catalog,pg_event_trigger,0,0,0,0,0,0,0,0,0
1789171657.075228,2362058,pg_toast,pg_toast_2362051,0,0,0,0,0,0,0,0,0
1789171657.075228,3592,pg_catalog,pg_shseclabel,0,0,0,0,0,0,0,0,0
1789171657.075228,3764,pg_catalog,pg_ts_template,0,0,0,0,0,0,0,0,0
1789171657.075228,6237,pg_catalog,pg_publication_namespace,0,0,0,0,0,0,0,0,0
1789171657.075228,13487,pg_toast,pg_toast_13484,0,0,0,0,0,0,0,0,0
1789171657.075228,2995,pg_catalog,pg_largeobject_metadata,0,0,0,0,0,0,0,0,0
1789171657.075228,4143,pg_toast,pg_toast_826,0,0,0,0,0,0,0,0,0
1789171657.075228,4185,pg_toast,pg_toast_1213,0,0,0,0,0,0,0,0,0
1789171657.075228,6243,pg_catalog,pg_parameter_acl,0,0,0,0,0,0,0,0,0
1789171657.075228,2361988,pg_toast,pg_toast_2361978,0,0,0,0,0,0,0,0,0
1789171657.075228,2616,pg_catalog,pg_opclass,0,0,10,179,0,0,0,0,0
1789171657.075228,2362137,pg_toast,pg_toast_2362128,0,0,0,0,0,0,0,0,0
1789171657.075228,2838,pg_toast,pg_toast_2618,0,0,1,3,0,0,0,0,0
1789171657.075228,6228,pg_toast,pg_toast_6106,0,0,0,0,0,0,0,0,0
1789171657.075228,3118,pg_catalog,pg_foreign_table,0,0,0,0,0,0,0,0,0
1789171657.075228,1259,pg_catalog,pg_class,1,523,14,14,0,0,0,0,0
1789171657.075228,3350,pg_catalog,pg_partitioned_table,0,0,0,0,0,0,0,0,0
1789171657.075228,4153,pg_toast,pg_toast_3118,0,0,0,0,0,0,0,0,0
1789171657.075228,4060,pg_toast,pg_toast_3592,0,0,0,0,0,0,0,0,0
1789171657.075228,4165,pg_toast,pg_toast_3350,0,0,0,0,0,0,0,0,0
1789171657.075228,2753,pg_catalog,pg_opfamily,0,0,2,2,0,0,0,0,0
1789171657.075228,3601,pg_catalog,pg_ts_parser,0,0,0,0,0,0,0,0,0
1789171657.075228,6104,pg_catalog,pg_publication,0,0,0,0,0,0,0,0,0
1789171657.075228,13477,pg_toast,pg_toast_13474,0,0,0,0,0,0,0,0,0
1789171657.075228,3429,pg_catalog,pg_statistic_ext_data,0,0,0,0,0,0,0,0,0
1789171657.075228,2619,pg_catalog,pg_statistic,0,0,17,8,0,0,0,0,0
1789171657.075228,4155,pg_toast,pg_toast_3394,0,0,0,0,0,0,0,0,0
1789171657.075228,2362224,pg_toast,pg_toast_2362205,0,0,0,0,0,0,0,0,0
1789171657.075228,3381,pg_catalog,pg_statistic_ext,0,0,3,0,0,0,0,0,0
1789171657.075228,6106,pg_catalog,pg_publication_rel,0,0,0,0,0,0,0,0,0
1789171657.075228,2605,pg_catalog,pg_cast,0,0,54,8,0,0,0,0,0
1789171657.075228,4171,pg_toast,pg_toast_1247,0,0,0,0,0,0,0,0,0
1789171657.075228,2830,pg_toast,pg_toast_2604,0,0,0,0,0,0,0,0,0
1789171657.075228,13479,information_schema,sql_implementation_info,0,0,,,0,0,0,0,0
1789171657.075228,6244,pg_toast,pg_toast_6243,0,0,0,0,0,0,0,0,0
1789171657.075228,2361971,pg_toast,pg_toast_2361963,0,0,0,0,0,0,0,0,0
1789171657.075228,3430,pg_toast,pg_toast_3429,0,0,0,0,0,0,0,0,0
1789171657.075228,3576,pg_catalog,pg_transform,0,0,0,0,0,0,0,0,0
1789171657.075228,2601,pg_catalog,pg_am,0,0,0,0,0,0,0,0,0
1789171717.185901,3394,pg_catalog,pg_init_privs,0,0,0,0,0,0,0,0,0
1789171717.185901,4167,pg_toast,pg_toast_3256,0,0,0,0,0,0,0,0,0
1789171717.185901,4151,pg_toast,pg_toast_1417,0,0,0,0,0,0,0,0,0
1789171717.185901,2834,pg_toast,pg_toast_2609,0,0,0,0,0,0,0,0,0
1789171717.185901,6000,pg_catalog,pg_replication_origin,0,0,0,0,0,0,0,0,0
1789171717.185901,2840,pg_toast,pg_toast_2619,0,0,0,0,0,0,0,0,0
1789171717.185901,2328,pg_catalog,pg_foreign_data_wrapper,0,0,0,0,0,0,0,0,0
1789171717.185901,4157,pg_toast,pg_toast_2612,0,0,0,0,0,0,0,0,0
1789171717.185901,1260,pg_catalog,pg_authid,0,0,0,0,0,0,0,0,0
1789171717.185901,2362182,pg_toast,pg_toast_2362174,0,0,0,0,0,0,0,0,0
1789171717.185901,6102,pg_catalog,pg_subscription_rel,0,0,0,0,0,0,0,0,0
1789171717.185901,1214,pg_catalog,pg_shdepend,0,0,0,0,0,0,0,0,0
1789171717.185901,4163,pg_toast,pg_toast_2615,0,0,0,0,0,0,0,0,0
1789171717.185901,2362193,pg_toast,pg_toast_2362184,0,0,0,0,0,0,0,0,0
1789171717.185901,4169,pg_toast,pg_toast_3600,0,0,0,0,0,0,0,0,0
1789171717.185901,2615,pg_catalog,pg_namespace,1,4,7,2,0,0,0,0,0
1789171717.185901,2396,pg_catalog,pg_shdescription,0,0,0,0,0,0,0,0,0
1789171717.185901,3600,pg_catalog,pg_ts_dict,0,0,0,0,0,0,0,0,0
1789171717.185901,3596,pg_catalog,pg_seclabel,0,0,0,0,0,0,0,0,0
1789171717.185901,2609,pg_catalog,pg_description,0,0,0,0,0,0,0,0,0
1789171717.185901,13482,pg_toast,pg_toast_13479,0,0,0,0,0,0,0,0,0
1789171717.185901,2362082,pg_toast,pg_toast_2362060,0,0,0,0,0,0,0,0,0
1789171717.185901,3603,pg_catalog,pg_ts_config_map,0,0,0,0,0,0,0,0,0
1789171717.185901,1213,pg_catalog,pg_tablespace,0,0,1,1,0,0,0,0,0
1789171717.185901,2608,pg_catalog,pg_depend,0,0,0,0,0,0,0,0,0
1789171717.185901,2964,pg_catalog,pg_db_role_setting,0,0,0,0,0,0,0,0,0
1789171717.185901,1418,pg_catalog,pg_user_mapping,0,0,0,0,0,0,0,0,0
1789171717.185901,2613,pg_catalog,pg_largeobject,0,0,0,0,0,0,0,0,0
1789171717.185901,6175,pg_toast,pg_toast_3456,0,0,0,0,0,0,0,0,0
1789171717.185901,1261,pg_catalog,pg_auth_members,0,0,0,0,0,0,0,0,0
1789171717.185901,2617,pg_catalog,pg_operator,0,0,8,8,0,0,0,0,0
1789171717.185901,2610,pg_catalog,pg_index,1,221,11,13,0,0,0,0,0
1789171717.185901,1249,pg_catalog,pg_attribute,0,0,76,104,0,0,0,0,0
1789171717.185901,2600,pg_catalog,pg_aggregate,0,0,1,1,0,0,0,0,0
1789171717.185901,2966,pg_toast,pg_toast_2964,0,0,0,0,0,0,0,0,0
1789171717.185901,2618,pg_catalog,pg_rewrite,0,0,2,2,0,0,0,0,0
1789171717.185901,4177,pg_toast,pg_toast_1262,0,0,0,0,0,0,0,0,0
1789171717.185901,13484,information_schema,sql_parts,0,0,,,0,0,0,0,0
1789171717.185901,4159,pg_toast,pg_toast_2600,0,0,0,0,0,0,0,0,0
1789171717.185901,4147,pg_toast,pg_toast_3079,0,0,0,0,0,0,0,0,0
1789171717.185901,13474,information_schema,sql_features,0,0,,,0,0,0,0,0
1789171717.185901,1247,pg_catalog,pg_type,0,0,25,25,0,0,0,0,0
1789171717.185901,2602,pg_catalog,pg_amop,0,0,16,28,0,0,0,0,0
1789171717.185901,3439,pg_toast,pg_toast_3381,0,0,0,0,0,0,0,0,0
1789171717.185901,2846,pg_toast,pg_toast_2396,0,0,0,0,0,0,0,0,0
1789171717.185901,4145,pg_toast,pg_toast_3466,0,0,0,0,0,0,0,0,0
1789171717.185901,3541,pg_catalog,pg_range,0,0,0,0,0,0,0,0,0
1789171717.185901,3602,pg_catalog,pg_ts_config,0,0,0,0,0,0,0,0,0
1789171717.185901,4183,pg_toast,pg_toast_6100,0,0,0,0,0,0,0,0,0
1789171717.185901,2224,pg_catalog,pg_sequence,0,0,0,0,0,0,0,0,0
1789171717.185901,2611,pg_catalog,pg_inherits,0,0,0,0,0,0,0,0,0
1789171717.185901,1417,pg_catalog,pg_foreign_server,0,0,0,0,0,0,0,0,0
1789171717.185901,1262,pg_catalog,pg_database,0,0,0,0,0,0,0,0,0
1789171717.185901,13492,pg_toast,pg_toast_13489,0,0,0,0,0,0,0,0,0
1789171717.185901,3501,pg_catalog,pg_enum,0,0,0,0,0,0,0,0,0
1789171717.185901,2607,pg_catalog,pg_conversion,0,0,0,0,0,0,0,0,0
1789171717.185901,826,pg_catalog,pg_default_acl,0,0,0,0,0,0,0,0,0
1789171717.185901,2604,pg_catalog,pg_attrdef,0,0,0,0,0,0,0,0,0
1789171717.185901,2336,pg_toast,pg_toast_2620,0,0,0,0,0,0,0,0,0
1789171717.185901,2603,pg_catalog,pg_amproc,0,0,5,11,0,0,0,0,0
1789171717.185901,2362101,pg_toast,pg_toast_2362090,0,0,0,0,0,0,0,0,0
1789171717.185901,2606,pg_catalog,pg_constraint,0,0,3,8,0,0,0,0,0
1789171717.185901,1255,pg_catalog,pg_proc,0,0,21,26,0,0,0,0,0
1789171717.185901,4173,pg_toast,pg_toast_1418,0,0,0,0,0,0,0,0,0
1789171717.185901,2620,pg_catalog,pg_trigger,0,0,0,0,0,0,0,0,0
1789171717.185901,2362037,pg_toast,pg_toast_2362031,0,0,0,0,0,0,0,0,0
1789171717.185901,2612,pg_catalog,pg_language,0,0,0,0,0,0,0,0,0
1789171717.185901,4149,pg_toast,pg_toast_2328,0,0,0,0,0,0,0,0,0
1789171717.185901,6351,pg_toast,pg_toast_2610,0,0,0,0,0,0,0,0,0
1789171717.185901,13489,information_schema,sql_sizing,0,0,,,0,0,0,0,0
1789171717.185901,3598,pg_toast,pg_toast_3596,0,0,0,0,0,0,0,0,0
1789171717.185901,2836,pg_toast,pg_toast_1255,0,0,0,0,0,0,0,0,0
1789171717.185901,2362021,pg_toast,pg_toast_2362013,0,0,0,0,0,0,0,0,0
1789171717.185901,2362166,pg_toast,pg_toast_2362148,0,0,0,0,0,0,0,0,0
1789171717.185901,3456,pg_catalog,pg_collation,0,0,1,1,0,0,0,0,0
1789171717.185901,3079,pg_catalog,pg_extension,0,0,0,0,0,0,0,0,0
1789171717.185901,6100,pg_catalog,pg_subscription,0,0,0,0,0,0,0,0,0
1789171717.185901,2832,pg_toast,pg_toast_2606,0,0,0,0,0,0,0,0,0
1789171717.185901,3256,pg_catalog,pg_policy,0,0,0,0,0,0,0,0,0
1789171717.185901,2362029,pg_toast,pg_toast_2362023,0,0,0,0,0,0,0,0,0
1789171717.185901,3466,pg_catalog,pg_event_trigger,0,0,0,0,0,0,0,0,0
1789171717.185901,2362058,pg_toast,pg_toast_2362051,0,0,0,0,0,0,0,0,0
1789171717.185901,3592,pg_catalog,pg_shseclabel,0,0,0,0,0,0,0,0,0
1789171717.185901,3764,pg_catalog,pg_ts_template,0,0,0,0,0,0,0,0,0
1789171717.185901,6237,pg_catalog,pg_publication_namespace,0,0,0,0,0,0,0,0,0
1789171717.185901,13487,pg_toast,pg_toast_13484,0,0,0,0,0,0,0,0,0
1789171717.185901,2995,pg_catalog,pg_largeobject_metadata,0,0,0,0,0,0,0,0,0
1789171717.185901,4143,pg_toast,pg_toast_826,0,0,0,0,0,0,0,0,0
1789171717.185901,4185,pg_toast,pg_toast_1213,0,0,0,0,0,0,0,0,0
1789171717.185901,6243,pg_catalog,pg_parameter_acl,0,0,0,0,0,0,0,0,0
1789171717.185901,2361988,pg_toast,pg_toast_2361978,0,0,0,0,0,0,0,0,0
1789171717.185901,2616,pg_catalog,pg_opclass,0,0,10,179,0,0,0,0,0
1789171717.185901,2362137,pg_toast,pg_toast_2362128,0,0,0,0,0,0,0,0,0
1789171717.185901,2838,pg_toast,pg_toast_2618,0,0,1,3,0,0,0,0,0
1789171717.185901,6228,pg_toast,pg_toast_6106,0,0,0,0,0,0,0,0,0
1789171717.185901,3118,pg_catalog,pg_foreign_table,0,0,0,0,0,0,0,0,0
1789171717.185901,1259,pg_catalog,pg_class,1,523,14,14,0,0,0,0,0
1789171717.185901,3350,pg_catalog,pg_partitioned_table,0,0,0,0,0,0,0,0,0
1789171717.185901,4153,pg_toast,pg_toast_3118,0,0,0,0,0,0,0,0,0
1789171717.185901,4060,pg_toast,pg_toast_3592,0,0,0,0,0,0,0,0,0
1789171717.185901,4165,pg_toast,pg_toast_3350,0,0,0,0,0,0,0,0,0
1789171717.185901,2753,pg_catalog,pg_opfamily,0,0,2,2,0,0,0,0,0
1789171717.185901,3601,pg_catalog,pg_ts_parser,0,0,0,0,0,0,0,0,0
1789171717.185901,6104,pg_catalog,pg_publication,0,0,0,0,0,0,0,0,0
1789171717.185901,13477,pg_toast,pg_toast_13474,0,0,0,0,0,0,0,0,0
1789171717.185901,3429,pg_catalog,pg_statistic_ext_data,0,0,0,0,0,0,0,0,0
1789171717.185901,2619,pg_catalog,pg_statistic,0,0,17,8,0,0,0,0,0
1789171717.185901,4155,pg_toast,pg_toast_3394,0,0,0,0,0,0,0,0,0
1789171717.185901,2362224,pg_toast,pg_toast_2362205,0,0,0,0,0,0,0,0,0
1789171717.185901,3381,pg_catalog,pg_statistic_ext,0,0,3,0,0,0,0,0,0
1789171717.185901,6106,pg_catalog,pg_publication_rel,0,0,0,0,0,0,0,0,0
1789171717.185901,2605,pg_catalog,pg_cast,0,0,54,8,0,0,0,0,0
1789171717.185901,4171,pg_toast,pg_toast_1247,0,0,0,0,0,0,0,0,0
1789171717.185901,2830,pg_toast,pg_toast_2604,0,0,0,0,0,0,0,0,0
1789171717.185901,13479,information_schema,sql_implementation_info,0,0,,,0,0,0,0,0
1789171717.185901,6244,pg_toast,pg_toast_6243,0,0,0,0,0,0,0,0,0
1789171717.185901,2361971,pg_toast,pg_toast_2361963,0,0,0,0,0,0,0,0,0
1789171717.185901,3430,pg_toast,pg_toast_3429,0,0,0,0,0,0,0,0,0
1789171717.185901,3576,pg_catalog,pg_transform,0,0,0,0,0,0,0,0,0
1789171717.185901,2601,pg_catalog,pg_am,0,0,0,0,0,0,0,0,0
1789171777.341657,3394,pg_catalog,pg_init_privs,0,0,0,0,0,0,0,0,0
1789171777.341657,4167,pg_toast,pg_toast_3256,0,0,0,0,0,0,0,0,0
1789171777.341657,4151,pg_toast,pg_toast_1417,0,0,0,0,0,0,0,0,0
1789171777.341657,2834,pg_toast,pg_toast_2609,0,0,0,0,0,0,0,0,0
1789171777.341657,6000,pg_catalog,pg_replication_origin,0,0,0,0,0,0,0,0,0
1789171777.341657,2840,pg_toast,pg_toast_2619,0,0,0,0,0,0,0,0,0
1789171777.341657,2328,pg_catalog,pg_foreign_data_wrapper,0,0,0,0,0,0,0,0,0
1789171777.341657,4157,pg_toast,pg_toast_2612,0,0,0,0,0,0,0,0,0
1789171777.341657,1260,pg_catalog,pg_authid,0,0,0,0,0,0,0,0,0
1789171777.341657,2362182,pg_toast,pg_toast_2362174,0,0,0,0,0,0,0,0,0
1789171777.341657,6102,pg_catalog,pg_subscription_rel,0,0,0,0,0,0,0,0,0
1789171777.341657,1214,pg_catalog,pg_shdepend,0,0,0,0,0,0,0,0,0
1789171777.341657,4163,pg_toast,pg_toast_2615,0,0,0,0,0,0,0,0,0
1789171777.341657,2362193,pg_toast,pg_toast_2362184,0,0,0,0,0,0,0,0,0
1789171777.341657,4169,pg_toast,pg_toast_3600,0,0,0,0,0,0,0,0,0
1789171777.341657,2615,pg_catalog,pg_namespace,1,4,7,2,0,0,0,0,0
1789171777.341657,2396,pg_catalog,pg_shdescription,0,0,0,0,0,0,0,0,0
1789171777.341657,3600,pg_catalog,pg_ts_dict,0,0,0,0,0,0,0,0,0
1789171777.341657,3596,pg_catalog,pg_seclabel,0,0,0,0,0,0,0,0,0
1789171777.341657,2609,pg_catalog,pg_description,0,0,0,0,0,0,0,0,0
1789171777.341657,13482,pg_toast,pg_toast_13479,0,0,0,0,0,0,0,0,0
1789171777.341657,2362082,pg_toast,pg_toast_2362060,0,0,0,0,0,0,0,0,0
1789171777.341657,3603,pg_catalog,pg_ts_config_map,0,0,0,0,0,0,0,0,0
1789171777.341657,1213,pg_catalog,pg_tablespace,0,0,1,1,0,0,0,0,0
1789171777.341657,2608,pg_catalog,pg_depend,0,0,0,0,0,0,0,0,0
1789171777.341657,2964,pg_catalog,pg_db_role_setting,0,0,0,0,0,0,0,0,0
1789171777.341657,1418,pg_catalog,pg_user_mapping,0,0,0,0,0,0,0,0,0
1789171777.341657,2613,pg_catalog,pg_largeobject,0,0,0,0,0,0,0,0,0
1789171777.341657,6175,pg_toast,pg_toast_3456,0,0,0,0,0,0,0,0,0
1789171777.341657,1261,pg_catalog,pg_auth_members,0,0,0,0,0,0,0,0,0
1789171777.341657,2617,pg_catalog,pg_operator,0,0,8,8,0,0,0,0,0
1789171777.341657,2610,pg_catalog,pg_index,1,221,11,13,0,0,0,0,0
1789171777.341657,1249,pg_catalog,pg_attribute,0,0,76,104,0,0,0,0,0
1789171777.341657,2600,pg_catalog,pg_aggregate,0,0,1,1,0,0,0,0,0
1789171777.341657,2966,pg_toast,pg_toast_2964,0,0,0,0,0,0,0,0,0
1789171777.341657,2618,pg_catalog,pg_rewrite,0,0,2,2,0,0,0,0,0
1789171777.341657,4177,pg_toast,pg_toast_1262,0,0,0,0,0,0,0,0,0
1789171777.341657,13484,information_schema,sql_parts,0,0,,,0,0,0,0,0
1789171777.341657,4159,pg_toast,pg_toast_2600,0,0,0,0,0,0,0,0,0
1789171777.341657,4147,pg_toast,pg_toast_3079,0,0,0,0,0,0,0,0,0
1789171777.341657,13474,information_schema,sql_features,0,0,,,0,0,0,0,0
1789171777.341657,1247,pg_catalog,pg_type,0,0,25,25,0,0,0,0,0
1789171777.341657,2602,pg_catalog,pg_amop,0,0,16,28,0,0,0,0,0
1789171777.341657,3439,pg_toast,pg_toast_3381,0,0,0,0,0,0,0,0,0
1789171777.341657,2846,pg_toast,pg_toast_2396,0,0,0,0,0,0,0,0,0
1789171777.341657,4145,pg_toast,pg_toast_3466,0,0,0,0,0,0,0,0,0
1789171777.341657,3541,pg_catalog,pg_range,0,0,0,0,0,0,0,0,0
1789171777.341657,3602,pg_catalog,pg_ts_config,0,0,0,0,0,0,0,0,0
1789171777.341657,4183,pg_toast,pg_toast_6100,0,0,0,0,0,0,0,0,0
1789171777.341657,2224,pg_catalog,pg_sequence,0,0,0,0,0,0,0,0,0
1789171777.341657,2611,pg_catalog,pg_inherits,0,0,0,0,0,0,0,0,0
1789171777.341657,1417,pg_catalog,pg_foreign_server,0,0,0,0,0,0,0,0,0
1789171777.341657,1262,pg_catalog,pg_database,0,0,0,0,0,0,0,0,0
1789171777.341657,13492,pg_toast,pg_toast_13489,0,0,0,0,0,0,0,0,0
1789171777.341657,3501,pg_catalog,pg_enum,0,0,0,0,0,0,0,0,0
1789171777.341657,2607,pg_catalog,pg_conversion,0,0,0,0,0,0,0,0,0
1789171777.341657,826,pg_catalog,pg_default_acl,0,0,0,0,0,0,0,0,0
1789171777.341657,2604,pg_catalog,pg_attrdef,0,0,0,0,0,0,0,0,0
1789171777.341657,2336,pg_toast,pg_toast_2620,0,0,0,0,0,0,0,0,0
1789171777.341657,2603,pg_catalog,pg_amproc,0,0,5,11,0,0,0,0,0
1789171777.341657,2362101,pg_toast,pg_toast_2362090,0,0,0,0,0,0,0,0,0
1789171777.341657,2606,pg_catalog,pg_constraint,0,0,3,8,0,0,0,0,0
1789171777.341657,1255,pg_catalog,pg_proc,0,0,21,26,0,0,0,0,0
1789171777.341657,4173,pg_toast,pg_toast_1418,0,0,0,0,0,0,0,0,0
1789171777.341657,2620,pg_catalog,pg_trigger,0,0,0,0,0,0,0,0,0
1789171777.341657,2362037,pg_toast,pg_toast_2362031,0,0,0,0,0,0,0,0,0
1789171777.341657,2612,pg_catalog,pg_language,0,0,0,0,0,0,0,0,0
1789171777.341657,4149,pg_toast,pg_toast_2328,0,0,0,0,0,0,0,0,0
1789171777.341657,6351,pg_toast,pg_toast_2610,0,0,0,0,0,0,0,0,0
1789171777.341657,13489,information_schema,sql_sizing,0,0,,,0,0,0,0,0
1789171777.341657,3598,pg_toast,pg_toast_3596,0,0,0,0,0,0,0,0,0
1789171777.341657,2836,pg_toast,pg_toast_1255,0,0,0,0,0,0,0,0,0
1789171777.341657,2362021,pg_toast,pg_toast_2362013,0,0,0,0,0,0,0,0,0
1789171777.341657,2362166,pg_toast,pg_toast_2362148,0,0,0,0,0,0,0,0,0
1789171777.341657,3456,pg_catalog,pg_collation,0,0,1,1,0,0,0,0,0
1789171777.341657,3079,pg_catalog,pg_extension,0,0,0,0,0,0,0,0,0
1789171777.341657,6100,pg_catalog,pg_subscription,0,0,0,0,0,0,0,0,0
1789171777.341657,2832,pg_toast,pg_toast_2606,0,0,0,0,0,0,0,0,0
1789171777.341657,3256,pg_catalog,pg_policy,0,0,0,0,0,0,0,0,0
1789171777.341657,2362029,pg_toast,pg_toast_2362023,0,0,0,0,0,0,0,0,0
1789171777.341657,3466,pg_catalog,pg_event_trigger,0,0,0,0,0,0,0,0,0
1789171777.341657,2362058,pg_toast,pg_toast_2362051,0,0,0,0,0,0,0,0,0
1789171777.341657,3592,pg_catalog,pg_shseclabel,0,0,0,0,0,0,0,0,0
1789171777.341657,3764,pg_catalog,pg_ts_template,0,0,0,0,0,0,0,0,0
1789171777.341657,6237,pg_catalog,pg_publication_namespace,0,0,0,0,0,0,0,0,0
1789171777.341657,13487,pg_toast,pg_toast_13484,0,0,0,0,0,0,0,0,0
1789171777.341657,2995,pg_catalog,pg_largeobject_metadata,0,0,0,0,0,0,0,0,0
1789171777.341657,4143,pg_toast,pg_toast_826,0,0,0,0,0,0,0,0,0
1789171777.341657,4185,pg_toast,pg_toast_1213,0,0,0,0,0,0,0,0,0
1789171777.341657,6243,pg_catalog,pg_parameter_acl,0,0,0,0,0,0,0,0,0
1789171777.341657,2361988,pg_toast,pg_toast_2361978,0,0,0,0,0,0,0,0,0
1789171777.341657,2616,pg_catalog,pg_opclass,0,0,10,179,0,0,0,0,0
1789171777.341657,2362137,pg_toast,pg_toast_2362128,0,0,0,0,0,0,0,0,0
1789171777.341657,2838,pg_toast,pg_toast_2618,0,0,1,3,0,0,0,0,0
1789171777.341657,6228,pg_toast,pg_toast_6106,0,0,0,0,0,0,0,0,0
1789171777.341657,3118,pg_catalog,pg_foreign_table,0,0,0,0,0,0,0,0,0
1789171777.341657,1259,pg_catalog,pg_class,1,523,14,14,0,0,0,0,0
1789171777.341657,3350,pg_catalog,pg_partitioned_table,0,0,0,0,0,0,0,0,0
1789171777.341657,4153,pg_toast,pg_toast_3118,0,0,0,0,0,0,0,0,0
1789171777.341657,4060,pg_toast,pg_toast_3592,0,0,0,0,0,0,0,0,0
1789171777.341657,4165,pg_toast,pg_toast_3350,0,0,0,0,0,0,0,0,0
1789171777.341657,2753,pg_catalog,pg_opfamily,0,0,2,2,0,0,0,0,0
1789171777.341657,3601,pg_catalog,pg_ts_parser,0,0,0,0,0,0,0,0,0
1789171777.341657,6104,pg_catalog,pg_publication,0,0,0,0,0,0,0,0,0
1789171777.341657,13477,pg_toast,pg_toast_13474,0,0,0,0,0,0,0,0,0
1789171777.341657,3429,pg_catalog,pg_statistic_ext_data,0,0,0,0,0,0,0,0,0
1789171777.341657,2619,pg_catalog,pg_statistic,0,0,17,8,0,0,0,0,0
1789171777.341657,4155,pg_toast,pg_toast_3394,0,0,0,0,0,0,0,0,0
1789171777.341657,2362224,pg_toast,pg_toast_2362205,0,0,0,0,0,0,0,0,0
1789171777.341657,3381,pg_catalog,pg_statistic_ext,0,0,3,0,0,0,0,0,0
1789171777.341657,6106,pg_catalog,pg_publication_rel,0,0,0,0,0,0,0,0,0
1789171777.341657,2605,pg_catalog,pg_cast,0,0,54,8,0,0,0,0,0
1789171777.341657,4171,pg_toast,pg_toast_1247,0,0,0,0,0,0,0,0,0
1789171777.341657,2830,pg_toast,pg_toast_2604,0,0,0,0,0,0,0,0,0
1789171777.341657,13479,information_schema,sql_implementation_info,0,0,,,0,0,0,0,0
1789171777.341657,6244,pg_toast,pg_toast_6243,0,0,0,0,0,0,0,0,0
1789171777.341657,2361971,pg_toast,pg_toast_2361963,0,0,0,0,0,0,0,0,0
1789171777.341657,3430,pg_toast,pg_toast_3429,0,0,0,0,0,0,0,0,0
1789171777.341657,3576,pg_catalog,pg_transform,0,0,0,0,0,0,0,0,0
1789171777.341657,2601,pg_catalog,pg_am,0,0,0,0,0,0,0,0,0
1789171837.436537,3394,pg_catalog,pg_init_privs,0,0,0,0,0,0,0,0,0
1789171837.436537,4167,pg_toast,pg_toast_3256,0,0,0,0,0,0,0,0,0
1789171837.436537,4151,pg_toast,pg_toast_1417,0,0,0,0,0,0,0,0,0
1789171837.436537,2834,pg_toast,pg_toast_2609,0,0,0,0,0,0,0,0,0
1789171837.436537,6000,pg_catalog,pg_replication_origin,0,0,0,0,0,0,0,0,0
1789171837.436537,2840,pg_toast,pg_toast_2619,0,0,0,0,0,0,0,0,0
1789171837.436537,2328,pg_catalog,pg_foreign_data_wrapper,0,0,0,0,0,0,0,0,0
1789171837.436537,4157,pg_toast,pg_toast_2612,0,0,0,0,0,0,0,0,0
1789171837.436537,1260,pg_catalog,pg_authid,0,0,0,0,0,0,0,0,0
1789171837.436537,2362182,pg_toast,pg_toast_2362174,0,0,0,0,0,0,0,0,0
1789171837.436537,6102,pg_catalog,pg_subscription_rel,0,0,0,0,0,0,0,0,0
1789171837.436537,1214,pg_catalog,pg_shdepend,0,0,0,0,0,0,0,0,0
1789171837.436537,4163,pg_toast,pg_toast_2615,0,0,0,0,0,0,0,0,0
1789171837.436537,2362193,pg_toast,pg_toast_2362184,0,0,0,0,0,0,0,0,0
1789171837.436537,4169,pg_toast,pg_toast_3600,0,0,0,0,0,0,0,0,0
1789171837.436537,2615,pg_catalog,pg_namespace,1,4,7,2,0,0,0,0,0
1789171837.436537,2396,pg_catalog,pg_shdescription,0,0,0,0,0,0,0,0,0
1789171837.436537,3600,pg_catalog,pg_ts_dict,0,0,0,0,0,0,0,0,0
1789171837.436537,3596,pg_catalog,pg_seclabel,0,0,0,0,0,0,0,0,0
1789171837.436537,2609,pg_catalog,pg_description,0,0,0,0,0,0,0,0,0
1789171837.436537,13482,pg_toast,pg_toast_13479,0,0,0,0,0,0,0,0,0
1789171837.436537,2362082,pg_toast,pg_toast_2362060,0,0,0,0,0,0,0,0,0
1789171837.436537,3603,pg_catalog,pg_ts_config_map,0,0,0,0,0,0,0,0,0
1789171837.436537,1213,pg_catalog,pg_tablespace,0,0,1,1,0,0,0,0,0
1789171837.436537,2608,pg_catalog,pg_depend,0,0,0,0,0,0,0,0,0
1789171837.436537,2964,pg_catalog,pg_db_role_setting,0,0,0,0,0,0,0,0,0
1789171837.436537,1418,pg_catalog,pg_user_mapping,0,0,0,0,0,0,0,0,0
1789171837.436537,2613,pg_catalog,pg_largeobject,0,0,0,0,0,0,0,0,0
1789171837.436537,6175,pg_toast,pg_toast_3456,0,0,0,0,0,0,0,0,0
1789171837.436537,1261,pg_catalog,pg_auth_members,0,0,0,0,0,0,0,0,0
1789171837.436537,2617,pg_catalog,pg_operator,0,0,8,8,0,0,0,0,0
1789171837.436537,2610,pg_catalog,pg_index,1,221,11,13,0,0,0,0,0
1789171837.436537,1249,pg_catalog,pg_attribute,0,0,76,104,0,0,0,0,0
1789171837.436537,2600,pg_catalog,pg_aggregate,0,0,1,1,0,0,0,0,0
1789171837.436537,2966,pg_toast,pg_toast_2964,0,0,0,0,0,0,0,0,0
1789171837.436537,2618,pg_catalog,pg_rewrite,0,0,2,2,0,0,0,0,0
1789171837.436537,4177,pg_toast,pg_toast_1262,0,0,0,0,0,0,0,0,0
1789171837.436537,13484,information_schema,sql_parts,0,0,,,0,0,0,0,0
1789171837.436537,4159,pg_toast,pg_toast_2600,0,0,0,0,0,0,0,0,0
1789171837.436537,4147,pg_toast,pg_toast_3079,0,0,0,0,0,0,0,0,0
1789171837.436537,13474,information_schema,sql_features,0,0,,,0,0,0,0,0
1789171837.436537,1247,pg_catalog,pg_type,0,0,25,25,0,0,0,0,0
1789171837.436537,2602,pg_catalog,pg_amop,0,0,16,28,0,0,0,0,0
1789171837.436537,3439,pg_toast,pg_toast_3381,0,0,0,0,0,0,0,0,0
1789171837.436537,2846,pg_toast,pg_toast_2396,0,0,0,0,0,0,0,0,0
1789171837.436537,4145,pg_toast,pg_toast_3466,0,0,0,0,0,0,0,0,0
1789171837.436537,3541,pg_catalog,pg_range,0,0,0,0,0,0,0,0,0
1789171837.436537,3602,pg_catalog,pg_ts_config,0,0,0,0,0,0,0,0,0
1789171837.436537,4183,pg_toast,pg_toast_6100,0,0,0,0,0,0,0,0,0
1789171837.436537,2224,pg_catalog,pg_sequence,0,0,0,0,0,0,0,0,0
1789171837.436537,2611,pg_catalog,pg_inherits,0,0,0,0,0,0,0,0,0
1789171837.436537,1417,pg_catalog,pg_foreign_server,0,0,0,0,0,0,0,0,0
1789171837.436537,1262,pg_catalog,pg_database,0,0,0,0,0,0,0,0,0
1789171837.436537,13492,pg_toast,pg_toast_13489,0,0,0,0,0,0,0,0,0
1789171837.436537,3501,pg_catalog,pg_enum,0,0,0,0,0,0,0,0,0
1789171837.436537,2607,pg_catalog,pg_conversion,0,0,0,0,0,0,0,0,0
1789171837.436537,826,pg_catalog,pg_default_acl,0,0,0,0,0,0,0,0,0
1789171837.436537,2604,pg_catalog,pg_attrdef,0,0,0,0,0,0,0,0,0
1789171837.436537,2336,pg_toast,pg_toast_2620,0,0,0,0,0,0,0,0,0
1789171837.436537,2603,pg_catalog,pg_amproc,0,0,5,11,0,0,0,0,0
1789171837.436537,2362101,pg_toast,pg_toast_2362090,0,0,0,0,0,0,0,0,0
1789171837.436537,2606,pg_catalog,pg_constraint,0,0,3,8,0,0,0,0,0
1789171837.436537,1255,pg_catalog,pg_proc,0,0,21,26,0,0,0,0,0
1789171837.436537,4173,pg_toast,pg_toast_1418,0,0,0,0,0,0,0,0,0
1789171837.436537,2620,pg_catalog,pg_trigger,0,0,0,0,0,0,0,0,0
1789171837.436537,2362037,pg_toast,pg_toast_2362031,0,0,0,0,0,0,0,0,0
1789171837.436537,2612,pg_catalog,pg_language,0,0,0,0,0,0,0,0,0
1789171837.436537,4149,pg_toast,pg_toast_2328,0,0,0,0,0,0,0,0,0
1789171837.436537,6351,pg_toast,pg_toast_2610,0,0,0,0,0,0,0,0,0
1789171837.436537,13489,information_schema,sql_sizing,0,0,,,0,0,0,0,0
1789171837.436537,3598,pg_toast,pg_toast_3596,0,0,0,0,0,0,0,0,0
1789171837.436537,2836,pg_toast,pg_toast_1255,0,0,0,0,0,0,0,0,0
1789171837.436537,2362021,pg_toast,pg_toast_2362013,0,0,0,0,0,0,0,0,0
1789171837.436537,2362166,pg_toast,pg_toast_2362148,0,0,0,0,0,0,0,0,0
1789171837.436537,3456,pg_catalog,pg_collation,0,0,1,1,0,0,0,0,0
1789171837.436537,3079,pg_catalog,pg_extension,0,0,0,0,0,0,0,0,0
1789171837.436537,6100,pg_catalog,pg_subscription,0,0,0,0,0,0,0,0,0
1789171837.436537,2832,pg_toast,pg_toast_2606,0,0,0,0,0,0,0,0,0
1789171837.436537,3256,pg_catalog,pg_policy,0,0,0,0,0,0,0,0,0
1789171837.436537,2362029,pg_toast,pg_toast_2362023,0,0,0,0,0,0,0,0,0
1789171837.436537,3466,pg_catalog,pg_event_trigger,0,0,0,0,0,0,0,0,0
1789171837.436537,2362058,pg_toast,pg_toast_2362051,0,0,0,0,0,0,0,0,0
1789171837.436537,3592,pg_catalog,pg_shseclabel,0,0,0,0,0,0,0,0,0
1789171837.436537,3764,pg_catalog,pg_ts_template,0,0,0,0,0,0,0,0,0
1789171837.436537,6237,pg_catalog,pg_publication_namespace,0,0,0,0,0,0,0,0,0
1789171837.436537,13487,pg_toast,pg_toast_13484,0,0,0,0,0,0,0,0,0
1789171837.436537,2995,pg_catalog,pg_largeobject_metadata,0,0,0,0,0,0,0,0,0
1789171837.436537,4143,pg_toast,pg_toast_826,0,0,0,0,0,0,0,0,0
1789171837.436537,4185,pg_toast,pg_toast_1213,0,0,0,0,0,0,0,0,0
1789171837.436537,6243,pg_catalog,pg_parameter_acl,0,0,0,0,0,0,0,0,0
1789171837.436537,2361988,pg_toast,pg_toast_2361978,0,0,0,0,0,0,0,0,0
1789171837.436537,2616,pg_catalog,pg_opclass,0,0,10,179,0,0,0,0,0
1789171837.436537,2362137,pg_toast,pg_toast_2362128,0,0,0,0,0,0,0,0,0
1789171837.436537,2838,pg_toast,pg_toast_2618,0,0,1,3,0,0,0,0,0
1789171837.436537,6228,pg_toast,pg_toast_6106,0,0,0,0,0,0,0,0,0
1789171837.436537,3118,pg_catalog,pg_foreign_table,0,0,0,0,0,0,0,0,0
1789171837.436537,1259,pg_catalog,pg_class,1,523,14,14,0,0,0,0,0
1789171837.436537,3350,pg_catalog,pg_partitioned_table,0,0,0,0,0,0,0,0,0
1789171837.436537,4153,pg_toast,pg_toast_3118,0,0,0,0,0,0,0,0,0
1789171837.436537,4060,pg_toast,pg_toast_3592,0,0,0,0,0,0,0,0,0
1789171837.436537,4165,pg_toast,pg_toast_3350,0,0,0,0,0,0,0,0,0
1789171837.436537,2753,pg_catalog,pg_opfamily,0,0,2,2,0,0,0,0,0
1789171837.436537,3601,pg_catalog,pg_ts_parser,0,0,0,0,0,0,0,0,0
1789171837.436537,6104,pg_catalog,pg_publication,0,0,0,0,0,0,0,0,0
1789171837.436537,13477,pg_toast,pg_toast_13474,0,0,0,0,0,0,0,0,0
1789171837.436537,3429,pg_catalog,pg_statistic_ext_data,0,0,0,0,0,0,0,0,0
1789171837.436537,2619,pg_catalog,pg_statistic,0,0,17,8,0,0,0,0,0
1789171837.436537,4155,pg_toast,pg_toast_3394,0,0,0,0,0,0,0,0,0
1789171837.436537,2362224,pg_toast,pg_toast_2362205,0,0,0,0,0,0,0,0,0
1789171837.436537,3381,pg_catalog,pg_statistic_ext,0,0,3,0,0,0,0,0,0
1789171837.436537,6106,pg_catalog,pg_publication_rel,0,0,0,0,0,0,0,0,0
1789171837.436537,2605,pg_catalog,pg_cast,0,0,54,8,0,0,0,0,0
1789171837.436537,4171,pg_toast,pg_toast_1247,0,0,0,0,0,0,0,0,0
1789171837.436537,2830,pg_toast,pg_toast_2604,0,0,0,0,0,0,0,0,0
1789171837.436537,13479,information_schema,sql_implementation_info,0,0,,,0,0,0,0,0
1789171837.436537,6244,pg_toast,pg_toast_6243,0,0,0,0,0,0,0,0,0
1789171837.436537,2361971,pg_toast,pg_toast_2361963,0,0,0,0,0,0,0,0,0
1789171837.436537,3430,pg_toast,pg_toast_3429,0,0,0,0,0,0,0,0,0
1789171837.436537,3576,pg_catalog,pg_transform,0,0,0,0,0,0,0,0,0
1789171837.436537,2601,pg_catalog,pg_am,0,0,0,0,0,0,0,0,0
1789171897.544489,3394,pg_catalog,pg_init_privs,0,0,0,0,0,0,0,0,0
1789171897.544489,4167,pg_toast,pg_toast_3256,0,0,0,0,0,0,0,0,0
1789171897.544489,4151,pg_toast,pg_toast_1417,0,0,0,0,0,0,0,0,0
1789171897.544489,2834,pg_toast,pg_toast_2609,0,0,0,0,0,0,0,0,0
1789171897.544489,6000,pg_catalog,pg_replication_origin,0,0,0,0,0,0,0,0,0
1789171897.544489,2840,pg_toast,pg_toast_2619,0,0,0,0,0,0,0,0,0
1789171897.544489,2328,pg_catalog,pg_foreign_data_wrapper,0,0,0,0,0,0,0,0,0
1789171897.544489,4157,pg_toast,pg_toast_2612,0,0,0,0,0,0,0,0,0
1789171897.544489,1260,pg_catalog,pg_authid,0,0,0,0,0,0,0,0,0
1789171897.544489,2362182,pg_toast,pg_toast_2362174,0,0,0,0,0,0,0,0,0
1789171897.544489,6102,pg_catalog,pg_subscription_rel,0,0,0,0,0,0,0,0,0
1789171897.544489,1214,pg_catalog,pg_shdepend,0,0,0,0,0,0,0,0,0
1789171897.544489,4163,pg_toast,pg_toast_2615,0,0,0,0,0,0,0,0,0
1789171897.544489,2362193,pg_toast,pg_toast_2362184,0,0,0,0,0,0,0,0,0
1789171897.544489,4169,pg_toast,pg_toast_3600,0,0,0,0,0,0,0,0,0
1789171897.544489,2615,pg_catalog,pg_namespace,1,4,7,2,0,0,0,0,0
1789171897.544489,2396,pg_catalog,pg_shdescription,0,0,0,0,0,0,0,0,0
1789171897.544489,3600,pg_catalog,pg_ts_dict,0,0,0,0,0,0,0,0,0
1789171897.544489,3596,pg_catalog,pg_seclabel,0,0,0,0,0,0,0,0,0
1789171897.544489,2609,pg_catalog,pg_description,0,0,0,0,0,0,0,0,0
1789171897.544489,13482,pg_toast,pg_toast_13479,0,0,0,0,0,0,0,0,0
1789171897.544489,2362082,pg_toast,pg_toast_2362060,0,0,0,0,0,0,0,0,0
1789171897.544489,3603,pg_catalog,pg_ts_config_map,0,0,0,0,0,0,0,0,0
1789171897.544489,1213,pg_catalog,pg_tablespace,0,0,1,1,0,0,0,0,0
1789171897.544489,2608,pg_catalog,pg_depend,0,0,0,0,0,0,0,0,0
1789171897.544489,2964,pg_catalog,pg_db_role_setting,0,0,0,0,0,0,0,0,0
1789171897.544489,1418,pg_catalog,pg_user_mapping,0,0,0,0,0,0,0,0,0
1789171897.544489,2613,pg_catalog,pg_largeobject,0,0,0,0,0,0,0,0,0
1789171897.544489,6175,pg_toast,pg_toast_3456,0,0,0,0,0,0,0,0,0
1789171897.544489,1261,pg_catalog,pg_auth_members,0,0,0,0,0,0,0,0,0
1789171897.544489,2617,pg_catalog,pg_operator,0,0,8,8,0,0,0,0,0
1789171897.544489,2610,pg_catalog,pg_index,1,221,11,13,0,0,0,0,0
1789171897.544489,1249,pg_catalog,pg_attribute,0,0,76,104,0,0,0,0,0
1789171897.544489,2600,pg_catalog,pg_aggregate,0,0,1,1,0,0,0,0,0
1789171897.544489,2966,pg_toast,pg_toast_2964,0,0,0,0,0,0,0,0,0
1789171897.544489,2618,pg_catalog,pg_rewrite,0,0,2,2,0,0,0,0,0
1789171897.544489,4177,pg_toast,pg_toast_1262,0,0,0,0,0,0,0,0,0
1789171897.544489,13484,information_schema,sql_parts,0,0,,,0,0,0,0,0
1789171897.544489,4159,pg_toast,pg_toast_2600,0,0,0,0,0,0,0,0,0
1789171897.544489,4147,pg_toast,pg_toast_3079,0,0,0,0,0,0,0,0,0
1789171897.544489,13474,information_schema,sql_features,0,0,,,0,0,0,0,0
1789171897.544489,1247,pg_catalog,pg_type,0,0,25,25,0,0,0,0,0
1789171897.544489,2602,pg_catalog,pg_amop,0,0,16,28,0,0,0,0,0
1789171897.544489,3439,pg_toast,pg_toast_3381,0,0,0,0,0,0,0,0,0
1789171897.544489,2846,pg_toast,pg_toast_2396,0,0,0,0,0,0,0,0,0
1789171897.544489,4145,pg_toast,pg_toast_3466,0,0,0,0,0,0,0,0,0
1789171897.544489,3541,pg_catalog,pg_range,0,0,0,0,0,0,0,0,0
1789171897.544489,3602,pg_catalog,pg_ts_config,0,0,0,0,0,0,0,0,0
1789171897.544489,4183,pg_toast,pg_toast_6100,0,0,0,0,0,0,0,0,0
1789171897.544489,2224,pg_catalog,pg_sequence,0,0,0,0,0,0,0,0,0
1789171897.544489,2611,pg_catalog,pg_inherits,0,0,0,0,0,0,0,0,0
1789171897.544489,1417,pg_catalog,pg_foreign_server,0,0,0,0,0,0,0,0,0
1789171897.544489,1262,pg_catalog,pg_database,0,0,0,0,0,0,0,0,0
1789171897.544489,13492,pg_toast,pg_toast_13489,0,0,0,0,0,0,0,0,0
1789171897.544489,3501,pg_catalog,pg_enum,0,0,0,0,0,0,0,0,0
1789171897.544489,2607,pg_catalog,pg_conversion,0,0,0,0,0,0,0,0,0
1789171897.544489,826,pg_catalog,pg_default_acl,0,0,0,0,0,0,0,0,0
1789171897.544489,2604,pg_catalog,pg_attrdef,0,0,0,0,0,0,0,0,0
1789171897.544489,2336,pg_toast,pg_toast_2620,0,0,0,0,0,0,0,0,0
1789171897.544489,2603,pg_catalog,pg_amproc,0,0,5,11,0,0,0,0,0
1789171897.544489,2362101,pg_toast,pg_toast_2362090,0,0,0,0,0,0,0,0,0
1789171897.544489,2606,pg_catalog,pg_constraint,0,0,3,8,0,0,0,0,0
1789171897.544489,1255,pg_catalog,pg_proc,0,0,21,26,0,0,0,0,0
1789171897.544489,4173,pg_toast,pg_toast_1418,0,0,0,0,0,0,0,0,0
1789171897.544489,2620,pg_catalog,pg_trigger,0,0,0,0,0,0,0,0,0
1789171897.544489,2362037,pg_toast,pg_toast_2362031,0,0,0,0,0,0,0,0,0
1789171897.544489,2612,pg_catalog,pg_language,0,0,0,0,0,0,0,0,0
1789171897.544489,4149,pg_toast,pg_toast_2328,0,0,0,0,0,0,0,0,0
1789171897.544489,6351,pg_toast,pg_toast_2610,0,0,0,0,0,0,0,0,0
1789171897.544489,13489,information_schema,sql_sizing,0,0,,,0,0,0,0,0
1789171897.544489,3598,pg_toast,pg_toast_3596,0,0,0,0,0,0,0,0,0
1789171897.544489,2836,pg_toast,pg_toast_1255,0,0,0,0,0,0,0,0,0
1789171897.544489,2362021,pg_toast,pg_toast_2362013,0,0,0,0,0,0,0,0,0
1789171897.544489,2362166,pg_toast,pg_toast_2362148,0,0,0,0,0,0,0,0,0
1789171897.544489,3456,pg_catalog,pg_collation,0,0,1,1,0,0,0,0,0
1789171897.544489,3079,pg_catalog,pg_extension,0,0,0,0,0,0,0,0,0
1789171897.544489,6100,pg_catalog,pg_subscription,0,0,0,0,0,0,0,0,0
1789171897.544489,2832,pg_toast,pg_toast_2606,0,0,0,0,0,0,0,0,0
1789171897.544489,3256,pg_catalog,pg_policy,0,0,0,0,0,0,0,0,0
1789171897.544489,2362029,pg_toast,pg_toast_2362023,0,0,0,0,0,0,0,0,0
1789171897.544489,3466,pg_catalog,pg_event_trigger,0,0,0,0,0,0,0,0,0
1789171897.544489,2362058,pg_toast,pg_toast_2362051,0,0,0,0,0,0,0,0,0
1789171897.544489,3592,pg_catalog,pg_shseclabel,0,0,0,0,0,0,0,0,0
1789171897.544489,3764,pg_catalog,pg_ts_template,0,0,0,0,0,0,0,0,0
1789171897.544489,6237,pg_catalog,pg_publication_namespace,0,0,0,0,0,0,0,0,0
1789171897.544489,13487,pg_toast,pg_toast_13484,0,0,0,0,0,0,0,0,0
1789171897.544489,2995,pg_catalog,pg_largeobject_metadata,0,0,0,0,0,0,0,0,0
1789171897.544489,4143,pg_toast,pg_toast_826,0,0,0,0,0,0,0,0,0
1789171897.544489,4185,pg_toast,pg_toast_1213,0,0,0,0,0,0,0,0,0
1789171897.544489,6243,pg_catalog,pg_parameter_acl,0,0,0,0,0,0,0,0,0
1789171897.544489,2361988,pg_toast,pg_toast_2361978,0,0,0,0,0,0,0,0,0
1789171897.544489,2616,pg_catalog,pg_opclass,0,0,10,179,0,0,0,0,0
1789171897.544489,2362137,pg_toast,pg_toast_2362128,0,0,0,0,0,0,0,0,0
1789171897.544489,2838,pg_toast,pg_toast_2618,0,0,1,3,0,0,0,0,0
1789171897.544489,6228,pg_toast,pg_toast_6106,0,0,0,0,0,0,0,0,0
1789171897.544489,3118,pg_catalog,pg_foreign_table,0,0,0,0,0,0,0,0,0
1789171897.544489,1259,pg_catalog,pg_class,1,523,14,14,0,0,0,0,0
1789171897.544489,3350,pg_catalog,pg_partitioned_table,0,0,0,0,0,0,0,0,0
1789171897.544489,4153,pg_toast,pg_toast_3118,0,0,0,0,0,0,0,0,0
1789171897.544489,4060,pg_toast,pg_toast_3592,0,0,0,0,0,0,0,0,0
1789171897.544489,4165,pg_toast,pg_toast_3350,0,0,0,0,0,0,0,0,0
1789171897.544489,2753,pg_catalog,pg_opfamily,0,0,2,2,0,0,0,0,0
1789171897.544489,3601,pg_catalog,pg_ts_parser,0,0,0,0,0,0,0,0,0
1789171897.544489,6104,pg_catalog,pg_publication,0,0,0,0,0,0,0,0,0
1789171897.544489,13477,pg_toast,pg_toast_13474,0,0,0,0,0,0,0,0,0
1789171897.544489,3429,pg_catalog,pg_statistic_ext_data,0,0,0,0,0,0,0,0,0
1789171897.544489,2619,pg_catalog,pg_statistic,0,0,17,8,0,0,0,0,0
1789171897.544489,4155,pg_toast,pg_toast_3394,0,0,0,0,0,0,0,0,0
1789171897.544489,2362224,pg_toast,pg_toast_2362205,0,0,0,0,0,0,0,0,0
1789171897.544489,3381,pg_catalog,pg_statistic_ext,0,0,3,0,0,0,0,0,0
1789171897.544489,6106,pg_catalog,pg_publication_rel,0,0,0,0,0,0,0,0,0
1789171897.544489,2605,pg_catalog,pg_cast,0,0,54,8,0,0,0,0,0
1789171897.544489,4171,pg_toast,pg_toast_1247,0,0,0,0,0,0,0,0,0
1789171897.544489,2830,pg_toast,pg_toast_2604,0,0,0,0,0,0,0,0,0
1789171897.544489,13479,information_schema,sql_implementation_info,0,0,,,0,0,0,0,0
1789171897.544489,6244,pg_toast,pg_toast_6243,0,0,0,0,0,0,0,0,0
1789171897.544489,2361971,pg_toast,pg_toast_2361963,0,0,0,0,0,0,0,0,0
1789171897.544489,3430,pg_toast,pg_toast_3429,0,0,0,0,0,0,0,0,0
1789171897.544489,3576,pg_catalog,pg_transform,0,0,0,0,0,0,0,0,0
1789171897.544489,2601,pg_catalog,pg_am,0,0,0,0,0,0,0,0,0
1789171957.648623,3394,pg_catalog,pg_init_privs,0,0,0,0,0,0,0,0,0
1789171957.648623,4167,pg_toast,pg_toast_3256,0,0,0,0,0,0,0,0,0
1789171957.648623,4151,pg_toast,pg_toast_1417,0,0,0,0,0,0,0,0,0
1789171957.648623,2834,pg_toast,pg_toast_2609,0,0,0,0,0,0,0,0,0
1789171957.648623,6000,pg_catalog,pg_replication_origin,0,0,0,0,0,0,0,0,0
1789171957.648623,2840,pg_toast,pg_toast_2619,0,0,0,0,0,0,0,0,0
1789171957.648623,2328,pg_catalog,pg_foreign_data_wrapper,0,0,0,0,0,0,0,0,0
1789171957.648623,4157,pg_toast,pg_toast_2612,0,0,0,0,0,0,0,0,0
1789171957.648623,1260,pg_catalog,pg_authid,0,0,0,0,0,0,0,0,0
1789171957.648623,2362182,pg_toast,pg_toast_2362174,0,0,0,0,0,0,0,0,0
1789171957.648623,6102,pg_catalog,pg_subscription_rel,0,0,0,0,0,0,0,0,0
1789171957.648623,1214,pg_catalog,pg_shdepend,0,0,0,0,0,0,0,0,0
1789171957.648623,4163,pg_toast,pg_toast_2615,0,0,0,0,0,0,0,0,0
1789171957.648623,2362193,pg_toast,pg_toast_2362184,0,0,0,0,0,0,0,0,0
1789171957.648623,4169,pg_toast,pg_toast_3600,0,0,0,0,0,0,0,0,0
1789171957.648623,2615,pg_catalog,pg_namespace,1,4,7,2,0,0,0,0,0
1789171957.648623,2396,pg_catalog,pg_shdescription,0,0,0,0,0,0,0,0,0
1789171957.648623,3600,pg_catalog,pg_ts_dict,0,0,0,0,0,0,0,0,0
1789171957.648623,3596,pg_catalog,pg_seclabel,0,0,0,0,0,0,0,0,0
1789171957.648623,2609,pg_catalog,pg_description,0,0,0,0,0,0,0,0,0
1789171957.648623,13482,pg_toast,pg_toast_13479,0,0,0,0,0,0,0,0,0
1789171957.648623,2362082,pg_toast,pg_toast_2362060,0,0,0,0,0,0,0,0,0
1789171957.648623,3603,pg_catalog,pg_ts_config_map,0,0,0,0,0,0,0,0,0
1789171957.648623,1213,pg_catalog,pg_tablespace,0,0,1,1,0,0,0,0,0
1789171957.648623,2608,pg_catalog,pg_depend,0,0,0,0,0,0,0,0,0
1789171957.648623,2964,pg_catalog,pg_db_role_setting,0,0,0,0,0,0,0,0,0
1789171957.648623,1418,pg_catalog,pg_user_mapping,0,0,0,0,0,0,0,0,0
1789171957.648623,2613,pg_catalog,pg_largeobject,0,0,0,0,0,0,0,0,0
1789171957.648623,6175,pg_toast,pg_toast_3456,0,0,0,0,0,0,0,0,0
1789171957.648623,1261,pg_catalog,pg_auth_members,0,0,0,0,0,0,0,0,0
1789171957.648623,2617,pg_catalog,pg_operator,0,0,8,8,0,0,0,0,0
1789171957.648623,2610,pg_catalog,pg_index,1,221,11,13,0,0,0,0,0
1789171957.648623,1249,pg_catalog,pg_attribute,0,0,76,104,0,0,0,0,0
1789171957.648623,2600,pg_catalog,pg_aggregate,0,0,1,1,0,0,0,0,0
1789171957.648623,2966,pg_toast,pg_toast_2964,0,0,0,0,0,0,0,0,0
1789171957.648623,2618,pg_catalog,pg_rewrite,0,0,2,2,0,0,0,0,0
1789171957.648623,4177,pg_toast,pg_toast_1262,0,0,0,0,0,0,0,0,0
1789171957.648623,13484,information_schema,sql_parts,0,0,,,0,0,0,0,0
1789171957.648623,4159,pg_toast,pg_toast_2600,0,0,0,0,0,0,0,0,0
1789171957.648623,4147,pg_toast,pg_toast_3079,0,0,0,0,0,0,0,0,0
1789171957.648623,13474,information_schema,sql_features,0,0,,,0,0,0,0,0
1789171957.648623,1247,pg_catalog,pg_type,0,0,25,25,0,0,0,0,0
1789171957.648623,2602,pg_catalog,pg_amop,0,0,16,28,0,0,0,0,0
1789171957.648623,3439,pg_toast,pg_toast_3381,0,0,0,0,0,0,0,0,0
1789171957.648623,2846,pg_toast,pg_toast_2396,0,0,0,0,0,0,0,0,0
1789171957.648623,4145,pg_toast,pg_toast_3466,0,0,0,0,0,0,0,0,0
1789171957.648623,3541,pg_catalog,pg_range,0,0,0,0,0,0,0,0,0
1789171957.648623,3602,pg_catalog,pg_ts_config,0,0,0,0,0,0,0,0,0
1789171957.648623,4183,pg_toast,pg_toast_6100,0,0,0,0,0,0,0,0,0
1789171957.648623,2224,pg_catalog,pg_sequence,0,0,0,0,0,0,0,0,0
1789171957.648623,2611,pg_catalog,pg_inherits,0,0,0,0,0,0,0,0,0
1789171957.648623,1417,pg_catalog,pg_foreign_server,0,0,0,0,0,0,0,0,0
1789171957.648623,1262,pg_catalog,pg_database,0,0,0,0,0,0,0,0,0
1789171957.648623,13492,pg_toast,pg_toast_13489,0,0,0,0,0,0,0,0,0
1789171957.648623,3501,pg_catalog,pg_enum,0,0,0,0,0,0,0,0,0
1789171957.648623,2607,pg_catalog,pg_conversion,0,0,0,0,0,0,0,0,0
1789171957.648623,826,pg_catalog,pg_default_acl,0,0,0,0,0,0,0,0,0
1789171957.648623,2604,pg_catalog,pg_attrdef,0,0,0,0,0,0,0,0,0
1789171957.648623,2336,pg_toast,pg_toast_2620,0,0,0,0,0,0,0,0,0
1789171957.648623,2603,pg_catalog,pg_amproc,0,0,5,11,0,0,0,0,0
1789171957.648623,2362101,pg_toast,pg_toast_2362090,0,0,0,0,0,0,0,0,0
1789171957.648623,2606,pg_catalog,pg_constraint,0,0,3,8,0,0,0,0,0
1789171957.648623,1255,pg_catalog,pg_proc,0,0,21,26,0,0,0,0,0
1789171957.648623,4173,pg_toast,pg_toast_1418,0,0,0,0,0,0,0,0,0
1789171957.648623,2620,pg_catalog,pg_trigger,0,0,0,0,0,0,0,0,0
1789171957.648623,2362037,pg_toast,pg_toast_2362031,0,0,0,0,0,0,0,0,0
1789171957.648623,2612,pg_catalog,pg_language,0,0,0,0,0,0,0,0,0
1789171957.648623,4149,pg_toast,pg_toast_2328,0,0,0,0,0,0,0,0,0
1789171957.648623,6351,pg_toast,pg_toast_2610,0,0,0,0,0,0,0,0,0
1789171957.648623,13489,information_schema,sql_sizing,0,0,,,0,0,0,0,0
1789171957.648623,3598,pg_toast,pg_toast_3596,0,0,0,0,0,0,0,0,0
1789171957.648623,2836,pg_toast,pg_toast_1255,0,0,0,0,0,0,0,0,0
1789171957.648623,2362021,pg_toast,pg_toast_2362013,0,0,0,0,0,0,0,0,0
1789171957.648623,2362166,pg_toast,pg_toast_2362148,0,0,0,0,0,0,0,0,0
1789171957.648623,3456,pg_catalog,pg_collation,0,0,1,1,0,0,0,0,0
1789171957.648623,3079,pg_catalog,pg_extension,0,0,0,0,0,0,0,0,0
1789171957.648623,6100,pg_catalog,pg_subscription,0,0,0,0,0,0,0,0,0
1789171957.648623,2832,pg_toast,pg_toast_2606,0,0,0,0,0,0,0,0,0
1789171957.648623,3256,pg_catalog,pg_policy,0,0,0,0,0,0,0,0,0
1789171957.648623,2362029,pg_toast,pg_toast_2362023,0,0,0,0,0,0,0,0,0
1789171957.648623,3466,pg_catalog,pg_event_trigger,0,0,0,0,0,0,0,0,0
1789171957.648623,2362058,pg_toast,pg_toast_2362051,0,0,0,0,0,0,0,0,0
1789171957.648623,3592,pg_catalog,pg_shseclabel,0,0,0,0,0,0,0,0,0
1789171957.648623,3764,pg_catalog,pg_ts_template,0,0,0,0,0,0,0,0,0
1789171957.648623,6237,pg_catalog,pg_publication_namespace,0,0,0,0,0,0,0,0,0
1789171957.648623,13487,pg_toast,pg_toast_13484,0,0,0,0,0,0,0,0,0
1789171957.648623,2995,pg_catalog,pg_largeobject_metadata,0,0,0,0,0,0,0,0,0
1789171957.648623,4143,pg_toast,pg_toast_826,0,0,0,0,0,0,0,0,0
1789171957.648623,4185,pg_toast,pg_toast_1213,0,0,0,0,0,0,0,0,0
1789171957.648623,6243,pg_catalog,pg_parameter_acl,0,0,0,0,0,0,0,0,0
1789171957.648623,2361988,pg_toast,pg_toast_2361978,0,0,0,0,0,0,0,0,0
1789171957.648623,2616,pg_catalog,pg_opclass,0,0,10,179,0,0,0,0,0
1789171957.648623,2362137,pg_toast,pg_toast_2362128,0,0,0,0,0,0,0,0,0
1789171957.648623,2838,pg_toast,pg_toast_2618,0,0,1,3,0,0,0,0,0
1789171957.648623,6228,pg_toast,pg_toast_6106,0,0,0,0,0,0,0,0,0
1789171957.648623,3118,pg_catalog,pg_foreign_table,0,0,0,0,0,0,0,0,0
1789171957.648623,1259,pg_catalog,pg_class,1,523,14,14,0,0,0,0,0
1789171957.648623,3350,pg_catalog,pg_partitioned_table,0,0,0,0,0,0,0,0,0
1789171957.648623,4153,pg_toast,pg_toast_3118,0,0,0,0,0,0,0,0,0
1789171957.648623,4060,pg_toast,pg_toast_3592,0,0,0,0,0,0,0,0,0
1789171957.648623,4165,pg_toast,pg_toast_3350,0,0,0,0,0,0,0,0,0
1789171957.648623,2753,pg_catalog,pg_opfamily,0,0,2,2,0,0,0,0,0
1789171957.648623,3601,pg_catalog,pg_ts_parser,0,0,0,0,0,0,0,0,0
1789171957.648623,6104,pg_catalog,pg_publication,0,0,0,0,0,0,0,0,0
1789171957.648623,13477,pg_toast,pg_toast_13474,0,0,0,0,0,0,0,0,0
1789171957.648623,3429,pg_catalog,pg_statistic_ext_data,0,0,0,0,0,0,0,0,0
1789171957.648623,2619,pg_catalog,pg_statistic,0,0,17,8,0,0,0,0,0
1789171957.648623,4155,pg_toast,pg_toast_3394,0,0,0,0,0,0,0,0,0
1789171957.648623,2362224,pg_toast,pg_toast_2362205,0,0,0,0,0,0,0,0,0
1789171957.648623,3381,pg_catalog,pg_statistic_ext,0,0,3,0,0,0,0,0,0
1789171957.648623,6106,pg_catalog,pg_publication_rel,0,0,0,0,0,0,0,0,0
1789171957.648623,2605,pg_catalog,pg_cast,0,0,54,8,0,0,0,0,0
1789171957.648623,4171,pg_toast,pg_toast_1247,0,0,0,0,0,0,0,0,0
1789171957.648623,2830,pg_toast,pg_toast_2604,0,0,0,0,0,0,0,0,0
1789171957.648623,13479,information_schema,sql_implementation_info,0,0,,,0,0,0,0,0
1789171957.648623,6244,pg_toast,pg_toast_6243,0,0,0,0,0,0,0,0,0
1789171957.648623,2361971,pg_toast,pg_toast_2361963,0,0,0,0,0,0,0,0,0
1789171957.648623,3430,pg_toast,pg_toast_3429,0,0,0,0,0,0,0,0,0
1789171957.648623,3576,pg_catalog,pg_transform,0,0,0,0,0,0,0,0,0
1789171957.648623,2601,pg_catalog,pg_am,0,0,0,0,0,0,0,0,0
1789172017.739250,3394,pg_catalog,pg_init_privs,0,0,0,0,0,0,0,0,0
1789172017.739250,4167,pg_toast,pg_toast_3256,0,0,0,0,0,0,0,0,0
1789172017.739250,4151,pg_toast,pg_toast_1417,0,0,0,0,0,0,0,0,0
1789172017.739250,2834,pg_toast,pg_toast_2609,0,0,0,0,0,0,0,0,0
1789172017.739250,6000,pg_catalog,pg_replication_origin,0,0,0,0,0,0,0,0,0
1789172017.739250,2840,pg_toast,pg_toast_2619,0,0,0,0,0,0,0,0,0
1789172017.739250,2328,pg_catalog,pg_foreign_data_wrapper,0,0,0,0,0,0,0,0,0
1789172017.739250,4157,pg_toast,pg_toast_2612,0,0,0,0,0,0,0,0,0
1789172017.739250,1260,pg_catalog,pg_authid,0,0,0,0,0,0,0,0,0
1789172017.739250,2362182,pg_toast,pg_toast_2362174,0,0,0,0,0,0,0,0,0
1789172017.739250,6102,pg_catalog,pg_subscription_rel,0,0,0,0,0,0,0,0,0
1789172017.739250,1214,pg_catalog,pg_shdepend,0,0,0,0,0,0,0,0,0
1789172017.739250,4163,pg_toast,pg_toast_2615,0,0,0,0,0,0,0,0,0
1789172017.739250,2362193,pg_toast,pg_toast_2362184,0,0,0,0,0,0,0,0,0
1789172017.739250,4169,pg_toast,pg_toast_3600,0,0,0,0,0,0,0,0,0
1789172017.739250,2615,pg_catalog,pg_namespace,1,4,7,2,0,0,0,0,0
1789172017.739250,2396,pg_catalog,pg_shdescription,0,0,0,0,0,0,0,0,0
1789172017.739250,3600,pg_catalog,pg_ts_dict,0,0,0,0,0,0,0,0,0
1789172017.739250,3596,pg_catalog,pg_seclabel,0,0,0,0,0,0,0,0,0
1789172017.739250,2609,pg_catalog,pg_description,0,0,0,0,0,0,0,0,0
1789172017.739250,13482,pg_toast,pg_toast_13479,0,0,0,0,0,0,0,0,0
1789172017.739250,2362082,pg_toast,pg_toast_2362060,0,0,0,0,0,0,0,0,0
1789172017.739250,3603,pg_catalog,pg_ts_config_map,0,0,0,0,0,0,0,0,0
1789172017.739250,1213,pg_catalog,pg_tablespace,0,0,1,1,0,0,0,0,0
1789172017.739250,2608,pg_catalog,pg_depend,0,0,0,0,0,0,0,0,0
1789172017.739250,2964,pg_catalog,pg_db_role_setting,0,0,0,0,0,0,0,0,0
1789172017.739250,1418,pg_catalog,pg_user_mapping,0,0,0,0,0,0,0,0,0
1789172017.739250,2613,pg_catalog,pg_largeobject,0,0,0,0,0,0,0,0,0
1789172017.739250,6175,pg_toast,pg_toast_3456,0,0,0,0,0,0,0,0,0
1789172017.739250,1261,pg_catalog,pg_auth_members,0,0,0,0,0,0,0,0,0
1789172017.739250,2617,pg_catalog,pg_operator,0,0,8,8,0,0,0,0,0
1789172017.739250,2610,pg_catalog,pg_index,1,221,11,13,0,0,0,0,0
1789172017.739250,1249,pg_catalog,pg_attribute,0,0,76,104,0,0,0,0,0
1789172017.739250,2600,pg_catalog,pg_aggregate,0,0,1,1,0,0,0,0,0
1789172017.739250,2966,pg_toast,pg_toast_2964,0,0,0,0,0,0,0,0,0
1789172017.739250,2618,pg_catalog,pg_rewrite,0,0,2,2,0,0,0,0,0
1789172017.739250,4177,pg_toast,pg_toast_1262,0,0,0,0,0,0,0,0,0
1789172017.739250,13484,information_schema,sql_parts,0,0,,,0,0,0,0,0
1789172017.739250,4159,pg_toast,pg_toast_2600,0,0,0,0,0,0,0,0,0
1789172017.739250,4147,pg_toast,pg_toast_3079,0,0,0,0,0,0,0,0,0
1789172017.739250,13474,information_schema,sql_features,0,0,,,0,0,0,0,0
1789172017.739250,1247,pg_catalog,pg_type,0,0,25,25,0,0,0,0,0
1789172017.739250,2602,pg_catalog,pg_amop,0,0,16,28,0,0,0,0,0
1789172017.739250,3439,pg_toast,pg_toast_3381,0,0,0,0,0,0,0,0,0
1789172017.739250,2846,pg_toast,pg_toast_2396,0,0,0,0,0,0,0,0,0
1789172017.739250,4145,pg_toast,pg_toast_3466,0,0,0,0,0,0,0,0,0
1789172017.739250,3541,pg_catalog,pg_range,0,0,0,0,0,0,0,0,0
1789172017.739250,3602,pg_catalog,pg_ts_config,0,0,0,0,0,0,0,0,0
1789172017.739250,4183,pg_toast,pg_toast_6100,0,0,0,0,0,0,0,0,0
1789172017.739250,2224,pg_catalog,pg_sequence,0,0,0,0,0,0,0,0,0
1789172017.739250,2611,pg_catalog,pg_inherits,0,0,0,0,0,0,0,0,0
1789172017.739250,1417,pg_catalog,pg_foreign_server,0,0,0,0,0,0,0,0,0
1789172017.739250,1262,pg_catalog,pg_database,0,0,0,0,0,0,0,0,0
1789172017.739250,13492,pg_toast,pg_toast_13489,0,0,0,0,0,0,0,0,0
1789172017.739250,3501,pg_catalog,pg_enum,0,0,0,0,0,0,0,0,0
1789172017.739250,2607,pg_catalog,pg_conversion,0,0,0,0,0,0,0,0,0
1789172017.739250,826,pg_catalog,pg_default_acl,0,0,0,0,0,0,0,0,0
1789172017.739250,2604,pg_catalog,pg_attrdef,0,0,0,0,0,0,0,0,0
1789172017.739250,2336,pg_toast,pg_toast_2620,0,0,0,0,0,0,0,0,0
1789172017.739250,2603,pg_catalog,pg_amproc,0,0,5,11,0,0,0,0,0
1789172017.739250,2362101,pg_toast,pg_toast_2362090,0,0,0,0,0,0,0,0,0
1789172017.739250,2606,pg_catalog,pg_constraint,0,0,3,8,0,0,0,0,0
1789172017.739250,1255,pg_catalog,pg_proc,0,0,21,26,0,0,0,0,0
1789172017.739250,4173,pg_toast,pg_toast_1418,0,0,0,0,0,0,0,0,0
1789172017.739250,2620,pg_catalog,pg_trigger,0,0,0,0,0,0,0,0,0
1789172017.739250,2362037,pg_toast,pg_toast_2362031,0,0,0,0,0,0,0,0,0
1789172017.739250,2612,pg_catalog,pg_language,0,0,0,0,0,0,0,0,0
1789172017.739250,4149,pg_toast,pg_toast_2328,0,0,0,0,0,0,0,0,0
1789172017.739250,6351,pg_toast,pg_toast_2610,0,0,0,0,0,0,0,0,0
1789172017.739250,13489,information_schema,sql_sizing,0,0,,,0,0,0,0,0
1789172017.739250,3598,pg_toast,pg_toast_3596,0,0,0,0,0,0,0,0,0
1789172017.739250,2836,pg_toast,pg_toast_1255,0,0,0,0,0,0,0,0,0
1789172017.739250,2362021,pg_toast,pg_toast_2362013,0,0,0,0,0,0,0,0,0
1789172017.739250,2362166,pg_toast,pg_toast_2362148,0,0,0,0,0,0,0,0,0
1789172017.739250,3456,pg_catalog,pg_collation,0,0,1,1,0,0,0,0,0
1789172017.739250,3079,pg_catalog,pg_extension,0,0,0,0,0,0,0,0,0
1789172017.739250,6100,pg_catalog,pg_subscription,0,0,0,0,0,0,0,0,0
1789172017.739250,2832,pg_toast,pg_toast_2606,0,0,0,0,0,0,0,0,0
1789172017.739250,3256,pg_catalog,pg_policy,0,0,0,0,0,0,0,0,0
1789172017.739250,2362029,pg_toast,pg_toast_2362023,0,0,0,0,0,0,0,0,0
1789172017.739250,3466,pg_catalog,pg_event_trigger,0,0,0,0,0,0,0,0,0
1789172017.739250,2362058,pg_toast,pg_toast_2362051,0,0,0,0,0,0,0,0,0
1789172017.739250,3592,pg_catalog,pg_shseclabel,0,0,0,0,0,0,0,0,0
1789172017.739250,3764,pg_catalog,pg_ts_template,0,0,0,0,0,0,0,0,0
1789172017.739250,6237,pg_catalog,pg_publication_namespace,0,0,0,0,0,0,0,0,0
1789172017.739250,13487,pg_toast,pg_toast_13484,0,0,0,0,0,0,0,0,0
1789172017.739250,2995,pg_catalog,pg_largeobject_metadata,0,0,0,0,0,0,0,0,0
1789172017.739250,4143,pg_toast,pg_toast_826,0,0,0,0,0,0,0,0,0
1789172017.739250,4185,pg_toast,pg_toast_1213,0,0,0,0,0,0,0,0,0
1789172017.739250,6243,pg_catalog,pg_parameter_acl,0,0,0,0,0,0,0,0,0
1789172017.739250,2361988,pg_toast,pg_toast_2361978,0,0,0,0,0,0,0,0,0
1789172017.739250,2616,pg_catalog,pg_opclass,0,0,10,179,0,0,0,0,0
1789172017.739250,2362137,pg_toast,pg_toast_2362128,0,0,0,0,0,0,0,0,0
1789172017.739250,2838,pg_toast,pg_toast_2618,0,0,1,3,0,0,0,0,0
1789172017.739250,6228,pg_toast,pg_toast_6106,0,0,0,0,0,0,0,0,0
1789172017.739250,3118,pg_catalog,pg_foreign_table,0,0,0,0,0,0,0,0,0
1789172017.739250,1259,pg_catalog,pg_class,1,523,14,14,0,0,0,0,0
1789172017.739250,3350,pg_catalog,pg_partitioned_table,0,0,0,0,0,0,0,0,0
1789172017.739250,4153,pg_toast,pg_toast_3118,0,0,0,0,0,0,0,0,0
1789172017.739250,4060,pg_toast,pg_toast_3592,0,0,0,0,0,0,0,0,0
1789172017.739250,4165,pg_toast,pg_toast_3350,0,0,0,0,0,0,0,0,0
1789172017.739250,2753,pg_catalog,pg_opfamily,0,0,2,2,0,0,0,0,0
1789172017.739250,3601,pg_catalog,pg_ts_parser,0,0,0,0,0,0,0,0,0
1789172017.739250,6104,pg_catalog,pg_publication,0,0,0,0,0,0,0,0,0
1789172017.739250,13477,pg_toast,pg_toast_13474,0,0,0,0,0,0,0,0,0
1789172017.739250,3429,pg_catalog,pg_statistic_ext_data,0,0,0,0,0,0,0,0,0
1789172017.739250,2619,pg_catalog,pg_statistic,0,0,17,8,0,0,0,0,0
1789172017.739250,4155,pg_toast,pg_toast_3394,0,0,0,0,0,0,0,0,0
1789172017.739250,2362224,pg_toast,pg_toast_2362205,0,0,0,0,0,0,0,0,0
1789172017.739250,3381,pg_catalog,pg_statistic_ext,0,0,3,0,0,0,0,0,0
1789172017.739250,6106,pg_catalog,pg_publication_rel,0,0,0,0,0,0,0,0,0
1789172017.739250,2605,pg_catalog,pg_cast,0,0,54,8,0,0,0,0,0
1789172017.739250,4171,pg_toast,pg_toast_1247,0,0,0,0,0,0,0,0,0
1789172017.739250,2830,pg_toast,pg_toast_2604,0,0,0,0,0,0,0,0,0
1789172017.739250,13479,information_schema,sql_implementation_info,0,0,,,0,0,0,0,0
1789172017.739250,6244,pg_toast,pg_toast_6243,0,0,0,0,0,0,0,0,0
1789172017.739250,2361971,pg_toast,pg_toast_2361963,0,0,0,0,0,0,0,0,0
1789172017.739250,3430,pg_toast,pg_toast_3429,0,0,0,0,0,0,0,0,0
1789172017.739250,3576,pg_catalog,pg_transform,0,0,0,0,0,0,0,0,0
1789172017.739250,2601,pg_catalog,pg_am,0,0,0,0,0,0,0,0,0
1789172077.833187,3394,pg_catalog,pg_init_privs,0,0,0,0,0,0,0,0,0
1789172077.833187,4167,pg_toast,pg_toast_3256,0,0,0,0,0,0,0,0,0
1789172077.833187,4151,pg_toast,pg_toast_1417,0,0,0,0,0,0,0,0,0
1789172077.833187,2834,pg_toast,pg_toast_2609,0,0,0,0,0,0,0,0,0
1789172077.833187,6000,pg_catalog,pg_replication_origin,0,0,0,0,0,0,0,0,0
1789172077.833187,2840,pg_toast,pg_toast_2619,0,0,0,0,0,0,0,0,0
1789172077.833187,2328,pg_catalog,pg_foreign_data_wrapper,0,0,0,0,0,0,0,0,0
1789172077.833187,4157,pg_toast,pg_toast_2612,0,0,0,0,0,0,0,0,0
1789172077.833187,1260,pg_catalog,pg_authid,0,0,0,0,0,0,0,0,0
1789172077.833187,2362182,pg_toast,pg_toast_2362174,0,0,0,0,0,0,0,0,0
1789172077.833187,6102,pg_catalog,pg_subscription_rel,0,0,0,0,0,0,0,0,0
1789172077.833187,1214,pg_catalog,pg_shdepend,0,0,0,0,0,0,0,0,0
1789172077.833187,4163,pg_toast,pg_toast_2615,0,0,0,0,0,0,0,0,0
1789172077.833187,2362193,pg_toast,pg_toast_2362184,0,0,0,0,0,0,0,0,0
1789172077.833187,4169,pg_toast,pg_toast_3600,0,0,0,0,0,0,0,0,0
1789172077.833187,2615,pg_catalog,pg_namespace,1,4,7,2,0,0,0,0,0
1789172077.833187,2396,pg_catalog,pg_shdescription,0,0,0,0,0,0,0,0,0
1789172077.833187,3600,pg_catalog,pg_ts_dict,0,0,0,0,0,0,0,0,0
1789172077.833187,3596,pg_catalog,pg_seclabel,0,0,0,0,0,0,0,0,0
1789172077.833187,2609,pg_catalog,pg_description,0,0,0,0,0,0,0,0,0
1789172077.833187,13482,pg_toast,pg_toast_13479,0,0,0,0,0,0,0,0,0
1789172077.833187,2362082,pg_toast,pg_toast_2362060,0,0,0,0,0,0,0,0,0
1789172077.833187,3603,pg_catalog,pg_ts_config_map,0,0,0,0,0,0,0,0,0
1789172077.833187,1213,pg_catalog,pg_tablespace,0,0,1,1,0,0,0,0,0
1789172077.833187,2608,pg_catalog,pg_depend,0,0,0,0,0,0,0,0,0
1789172077.833187,2964,pg_catalog,pg_db_role_setting,0,0,0,0,0,0,0,0,0
1789172077.833187,1418,pg_catalog,pg_user_mapping,0,0,0,0,0,0,0,0,0
1789172077.833187,2613,pg_catalog,pg_largeobject,0,0,0,0,0,0,0,0,0
1789172077.833187,6175,pg_toast,pg_toast_3456,0,0,0,0,0,0,0,0,0
1789172077.833187,1261,pg_catalog,pg_auth_members,0,0,0,0,0,0,0,0,0
1789172077.833187,2617,pg_catalog,pg_operator,0,0,8,8,0,0,0,0,0
1789172077.833187,2610,pg_catalog,pg_index,1,221,11,13,0,0,0,0,0
1789172077.833187,1249,pg_catalog,pg_attribute,0,0,76,104,0,0,0,0,0
1789172077.833187,2600,pg_catalog,pg_aggregate,0,0,1,1,0,0,0,0,0
1789172077.833187,2966,pg_toast,pg_toast_2964,0,0,0,0,0,0,0,0,0
1789172077.833187,2618,pg_catalog,pg_rewrite,0,0,2,2,0,0,0,0,0
1789172077.833187,4177,pg_toast,pg_toast_1262,0,0,0,0,0,0,0,0,0
1789172077.833187,13484,information_schema,sql_parts,0,0,,,0,0,0,0,0
1789172077.833187,4159,pg_toast,pg_toast_2600,0,0,0,0,0,0,0,0,0
1789172077.833187,4147,pg_toast,pg_toast_3079,0,0,0,0,0,0,0,0,0
1789172077.833187,13474,information_schema,sql_features,0,0,,,0,0,0,0,0
1789172077.833187,1247,pg_catalog,pg_type,0,0,25,25,0,0,0,0,0
1789172077.833187,2602,pg_catalog,pg_amop,0,0,16,28,0,0,0,0,0
1789172077.833187,3439,pg_toast,pg_toast_3381,0,0,0,0,0,0,0,0,0
1789172077.833187,2846,pg_toast,pg_toast_2396,0,0,0,0,0,0,0,0,0
1789172077.833187,4145,pg_toast,pg_toast_3466,0,0,0,0,0,0,0,0,0
1789172077.833187,3541,pg_catalog,pg_range,0,0,0,0,0,0,0,0,0
1789172077.833187,3602,pg_catalog,pg_ts_config,0,0,0,0,0,0,0,0,0
1789172077.833187,4183,pg_toast,pg_toast_6100,0,0,0,0,0,0,0,0,0
1789172077.833187,2224,pg_catalog,pg_sequence,0,0,0,0,0,0,0,0,0
1789172077.833187,2611,pg_catalog,pg_inherits,0,0,0,0,0,0,0,0,0
1789172077.833187,1417,pg_catalog,pg_foreign_server,0,0,0,0,0,0,0,0,0
1789172077.833187,1262,pg_catalog,pg_database,0,0,0,0,0,0,0,0,0
1789172077.833187,13492,pg_toast,pg_toast_13489,0,0,0,0,0,0,0,0,0
1789172077.833187,3501,pg_catalog,pg_enum,0,0,0,0,0,0,0,0,0
1789172077.833187,2607,pg_catalog,pg_conversion,0,0,0,0,0,0,0,0,0
1789172077.833187,826,pg_catalog,pg_default_acl,0,0,0,0,0,0,0,0,0
1789172077.833187,2604,pg_catalog,pg_attrdef,0,0,0,0,0,0,0,0,0
1789172077.833187,2336,pg_toast,pg_toast_2620,0,0,0,0,0,0,0,0,0
1789172077.833187,2603,pg_catalog,pg_amproc,0,0,5,11,0,0,0,0,0
1789172077.833187,2362101,pg_toast,pg_toast_2362090,0,0,0,0,0,0,0,0,0
1789172077.833187,2606,pg_catalog,pg_constraint,0,0,3,8,0,0,0,0,0
1789172077.833187,1255,pg_catalog,pg_proc,0,0,21,26,0,0,0,0,0
1789172077.833187,4173,pg_toast,pg_toast_1418,0,0,0,0,0,0,0,0,0
1789172077.833187,2620,pg_catalog,pg_trigger,0,0,0,0,0,0,0,0,0
1789172077.833187,2362037,pg_toast,pg_toast_2362031,0,0,0,0,0,0,0,0,0
1789172077.833187,2612,pg_catalog,pg_language,0,0,0,0,0,0,0,0,0
1789172077.833187,4149,pg_toast,pg_toast_2328,0,0,0,0,0,0,0,0,0
1789172077.833187,6351,pg_toast,pg_toast_2610,0,0,0,0,0,0,0,0,0
1789172077.833187,13489,information_schema,sql_sizing,0,0,,,0,0,0,0,0
1789172077.833187,3598,pg_toast,pg_toast_3596,0,0,0,0,0,0,0,0,0
1789172077.833187,2836,pg_toast,pg_toast_1255,0,0,0,0,0,0,0,0,0
1789172077.833187,2362021,pg_toast,pg_toast_2362013,0,0,0,0,0,0,0,0,0
1789172077.833187,2362166,pg_toast,pg_toast_2362148,0,0,0,0,0,0,0,0,0
1789172077.833187,3456,pg_catalog,pg_collation,0,0,1,1,0,0,0,0,0
1789172077.833187,3079,pg_catalog,pg_extension,0,0,0,0,0,0,0,0,0
1789172077.833187,6100,pg_catalog,pg_subscription,0,0,0,0,0,0,0,0,0
1789172077.833187,2832,pg_toast,pg_toast_2606,0,0,0,0,0,0,0,0,0
1789172077.833187,3256,pg_catalog,pg_policy,0,0,0,0,0,0,0,0,0
1789172077.833187,2362029,pg_toast,pg_toast_2362023,0,0,0,0,0,0,0,0,0
1789172077.833187,3466,pg_catalog,pg_event_trigger,0,0,0,0,0,0,0,0,0
1789172077.833187,2362058,pg_toast,pg_toast_2362051,0,0,0,0,0,0,0,0,0
1789172077.833187,3592,pg_catalog,pg_shseclabel,0,0,0,0,0,0,0,0,0
1789172077.833187,3764,pg_catalog,pg_ts_template,0,0,0,0,0,0,0,0,0
1789172077.833187,6237,pg_catalog,pg_publication_namespace,0,0,0,0,0,0,0,0,0
1789172077.833187,13487,pg_toast,pg_toast_13484,0,0,0,0,0,0,0,0,0
1789172077.833187,2995,pg_catalog,pg_largeobject_metadata,0,0,0,0,0,0,0,0,0
1789172077.833187,4143,pg_toast,pg_toast_826,0,0,0,0,0,0,0,0,0
1789172077.833187,4185,pg_toast,pg_toast_1213,0,0,0,0,0,0,0,0,0
1789172077.833187,6243,pg_catalog,pg_parameter_acl,0,0,0,0,0,0,0,0,0
1789172077.833187,2361988,pg_toast,pg_toast_2361978,0,0,0,0,0,0,0,0,0
1789172077.833187,2616,pg_catalog,pg_opclass,0,0,10,179,0,0,0,0,0
1789172077.833187,2362137,pg_toast,pg_toast_2362128,0,0,0,0,0,0,0,0,0
1789172077.833187,2838,pg_toast,pg_toast_2618,0,0,1,3,0,0,0,0,0
1789172077.833187,6228,pg_toast,pg_toast_6106,0,0,0,0,0,0,0,0,0
1789172077.833187,3118,pg_catalog,pg_foreign_table,0,0,0,0,0,0,0,0,0
1789172077.833187,1259,pg_catalog,pg_class,1,523,14,14,0,0,0,0,0
1789172077.833187,3350,pg_catalog,pg_partitioned_table,0,0,0,0,0,0,0,0,0
1789172077.833187,4153,pg_toast,pg_toast_3118,0,0,0,0,0,0,0,0,0
1789172077.833187,4060,pg_toast,pg_toast_3592,0,0,0,0,0,0,0,0,0
1789172077.833187,4165,pg_toast,pg_toast_3350,0,0,0,0,0,0,0,0,0
1789172077.833187,2753,pg_catalog,pg_opfamily,0,0,2,2,0,0,0,0,0
1789172077.833187,3601,pg_catalog,pg_ts_parser,0,0,0,0,0,0,0,0,0
1789172077.833187,6104,pg_catalog,pg_publication,0,0,0,0,0,0,0,0,0
1789172077.833187,13477,pg_toast,pg_toast_13474,0,0,0,0,0,0,0,0,0
1789172077.833187,3429,pg_catalog,pg_statistic_ext_data,0,0,0,0,0,0,0,0,0
1789172077.833187,2619,pg_catalog,pg_statistic,0,0,17,8,0,0,0,0,0
1789172077.833187,4155,pg_toast,pg_toast_3394,0,0,0,0,0,0,0,0,0
1789172077.833187,2362224,pg_toast,pg_toast_2362205,0,0,0,0,0,0,0,0,0
1789172077.833187,3381,pg_catalog,pg_statistic_ext,0,0,3,0,0,0,0,0,0
1789172077.833187,6106,pg_catalog,pg_publication_rel,0,0,0,0,0,0,0,0,0
1789172077.833187,2605,pg_catalog,pg_cast,0,0,54,8,0,0,0,0,0
1789172077.833187,4171,pg_toast,pg_toast_1247,0,0,0,0,0,0,0,0,0
1789172077.833187,2830,pg_toast,pg_toast_2604,0,0,0,0,0,0,0,0,0
1789172077.833187,13479,information_schema,sql_implementation_info,0,0,,,0,0,0,0,0
1789172077.833187,6244,pg_toast,pg_toast_6243,0,0,0,0,0,0,0,0,0
1789172077.833187,2361971,pg_toast,pg_toast_2361963,0,0,0,0,0,0,0,0,0
1789172077.833187,3430,pg_toast,pg_toast_3429,0,0,0,0,0,0,0,0,0
1789172077.833187,3576,pg_catalog,pg_transform,0,0,0,0,0,0,0,0,0
1789172077.833187,2601,pg_catalog,pg_am,0,0,0,0,0,0,0,0,0
1789172137.921331,3394,pg_catalog,pg_init_privs,0,0,0,0,0,0,0,0,0
1789172137.921331,4167,pg_toast,pg_toast_3256,0,0,0,0,0,0,0,0,0
1789172137.921331,4151,pg_toast,pg_toast_1417,0,0,0,0,0,0,0,0,0
1789172137.921331,2834,pg_toast,pg_toast_2609,0,0,0,0,0,0,0,0,0
1789172137.921331,6000,pg_catalog,pg_replication_origin,0,0,0,0,0,0,0,0,0
1789172137.921331,2840,pg_toast,pg_toast_2619,0,0,0,0,0,0,0,0,0
1789172137.921331,2328,pg_catalog,pg_foreign_data_wrapper,0,0,0,0,0,0,0,0,0
1789172137.921331,4157,pg_toast,pg_toast_2612,0,0,0,0,0,0,0,0,0
1789172137.921331,1260,pg_catalog,pg_authid,0,0,0,0,0,0,0,0,0
1789172137.921331,2362182,pg_toast,pg_toast_2362174,0,0,0,0,0,0,0,0,0
1789172137.921331,6102,pg_catalog,pg_subscription_rel,0,0,0,0,0,0,0,0,0
1789172137.921331,1214,pg_catalog,pg_shdepend,0,0,0,0,0,0,0,0,0
1789172137.921331,4163,pg_toast,pg_toast_2615,0,0,0,0,0,0,0,0,0
1789172137.921331,2362193,pg_toast,pg_toast_2362184,0,0,0,0,0,0,0,0,0
1789172137.921331,4169,pg_toast,pg_toast_3600,0,0,0,0,0,0,0,0,0
1789172137.921331,2615,pg_catalog,pg_namespace,1,4,7,2,0,0,0,0,0
1789172137.921331,2396,pg_catalog,pg_shdescription,0,0,0,0,0,0,0,0,0
1789172137.921331,3600,pg_catalog,pg_ts_dict,0,0,0,0,0,0,0,0,0
1789172137.921331,3596,pg_catalog,pg_seclabel,0,0,0,0,0,0,0,0,0
1789172137.921331,2609,pg_catalog,pg_description,0,0,0,0,0,0,0,0,0
1789172137.921331,13482,pg_toast,pg_toast_13479,0,0,0,0,0,0,0,0,0
1789172137.921331,2362082,pg_toast,pg_toast_2362060,0,0,0,0,0,0,0,0,0
1789172137.921331,3603,pg_catalog,pg_ts_config_map,0,0,0,0,0,0,0,0,0
1789172137.921331,1213,pg_catalog,pg_tablespace,0,0,1,1,0,0,0,0,0
1789172137.921331,2608,pg_catalog,pg_depend,0,0,0,0,0,0,0,0,0
1789172137.921331,2964,pg_catalog,pg_db_role_setting,0,0,0,0,0,0,0,0,0
1789172137.921331,1418,pg_catalog,pg_user_mapping,0,0,0,0,0,0,0,0,0
1789172137.921331,2613,pg_catalog,pg_largeobject,0,0,0,0,0,0,0,0,0
1789172137.921331,6175,pg_toast,pg_toast_3456,0,0,0,0,0,0,0,0,0
1789172137.921331,1261,pg_catalog,pg_auth_members,0,0,0,0,0,0,0,0,0
1789172137.921331,2617,pg_catalog,pg_operator,0,0,8,8,0,0,0,0,0
1789172137.921331,2610,pg_catalog,pg_index,1,221,11,13,0,0,0,0,0
1789172137.921331,1249,pg_catalog,pg_attribute,0,0,76,104,0,0,0,0,0
1789172137.921331,2600,pg_catalog,pg_aggregate,0,0,1,1,0,0,0,0,0
1789172137.921331,2966,pg_toast,pg_toast_2964,0,0,0,0,0,0,0,0,0
1789172137.921331,2618,pg_catalog,pg_rewrite,0,0,2,2,0,0,0,0,0
1789172137.921331,4177,pg_toast,pg_toast_1262,0,0,0,0,0,0,0,0,0
1789172137.921331,13484,information_schema,sql_parts,0,0,,,0,0,0,0,0
1789172137.921331,4159,pg_toast,pg_toast_2600,0,0,0,0,0,0,0,0,0
1789172137.921331,4147,pg_toast,pg_toast_3079,0,0,0,0,0,0,0,0,0
1789172137.921331,13474,information_schema,sql_features,0,0,,,0,0,0,0,0
1789172137.921331,1247,pg_catalog,pg_type,0,0,25,25,0,0,0,0,0
1789172137.921331,2602,pg_catalog,pg_amop,0,0,16,28,0,0,0,0,0
1789172137.921331,3439,pg_toast,pg_toast_3381,0,0,0,0,0,0,0,0,0
1789172137.921331,2846,pg_toast,pg_toast_2396,0,0,0,0,0,0,0,0,0
1789172137.921331,4145,pg_toast,pg_toast_3466,0,0,0,0,0,0,0,0,0
1789172137.921331,3541,pg_catalog,pg_range,0,0,0,0,0,0,0,0,0
1789172137.921331,3602,pg_catalog,pg_ts_config,0,0,0,0,0,0,0,0,0
1789172137.921331,4183,pg_toast,pg_toast_6100,0,0,0,0,0,0,0,0,0
1789172137.921331,2224,pg_catalog,pg_sequence,0,0,0,0,0,0,0,0,0
1789172137.921331,2611,pg_catalog,pg_inherits,0,0,0,0,0,0,0,0,0
1789172137.921331,1417,pg_catalog,pg_foreign_server,0,0,0,0,0,0,0,0,0
1789172137.921331,1262,pg_catalog,pg_database,0,0,0,0,0,0,0,0,0
1789172137.921331,13492,pg_toast,pg_toast_13489,0,0,0,0,0,0,0,0,0
1789172137.921331,3501,pg_catalog,pg_enum,0,0,0,0,0,0,0,0,0
1789172137.921331,2607,pg_catalog,pg_conversion,0,0,0,0,0,0,0,0,0
1789172137.921331,826,pg_catalog,pg_default_acl,0,0,0,0,0,0,0,0,0
1789172137.921331,2604,pg_catalog,pg_attrdef,0,0,0,0,0,0,0,0,0
1789172137.921331,2336,pg_toast,pg_toast_2620,0,0,0,0,0,0,0,0,0
1789172137.921331,2603,pg_catalog,pg_amproc,0,0,5,11,0,0,0,0,0
1789172137.921331,2362101,pg_toast,pg_toast_2362090,0,0,0,0,0,0,0,0,0
1789172137.921331,2606,pg_catalog,pg_constraint,0,0,3,8,0,0,0,0,0
1789172137.921331,1255,pg_catalog,pg_proc,0,0,21,26,0,0,0,0,0
1789172137.921331,4173,pg_toast,pg_toast_1418,0,0,0,0,0,0,0,0,0
1789172137.921331,2620,pg_catalog,pg_trigger,0,0,0,0,0,0,0,0,0
1789172137.921331,2362037,pg_toast,pg_toast_2362031,0,0,0,0,0,0,0,0,0
1789172137.921331,2612,pg_catalog,pg_language,0,0,0,0,0,0,0,0,0
1789172137.921331,4149,pg_toast,pg_toast_2328,0,0,0,0,0,0,0,0,0
1789172137.921331,6351,pg_toast,pg_toast_2610,0,0,0,0,0,0,0,0,0
1789172137.921331,13489,information_schema,sql_sizing,0,0,,,0,0,0,0,0
1789172137.921331,3598,pg_toast,pg_toast_3596,0,0,0,0,0,0,0,0,0
1789172137.921331,2836,pg_toast,pg_toast_1255,0,0,0,0,0,0,0,0,0
1789172137.921331,2362021,pg_toast,pg_toast_2362013,0,0,0,0,0,0,0,0,0
1789172137.921331,2362166,pg_toast,pg_toast_2362148,0,0,0,0,0,0,0,0,0
1789172137.921331,3456,pg_catalog,pg_collation,0,0,1,1,0,0,0,0,0
1789172137.921331,3079,pg_catalog,pg_extension,0,0,0,0,0,0,0,0,0
1789172137.921331,6100,pg_catalog,pg_subscription,0,0,0,0,0,0,0,0,0
1789172137.921331,2832,pg_toast,pg_toast_2606,0,0,0,0,0,0,0,0,0
1789172137.921331,3256,pg_catalog,pg_policy,0,0,0,0,0,0,0,0,0
1789172137.921331,2362029,pg_toast,pg_toast_2362023,0,0,0,0,0,0,0,0,0
1789172137.921331,3466,pg_catalog,pg_event_trigger,0,0,0,0,0,0,0,0,0
1789172137.921331,2362058,pg_toast,pg_toast_2362051,0,0,0,0,0,0,0,0,0
1789172137.921331,3592,pg_catalog,pg_shseclabel,0,0,0,0,0,0,0,0,0
1789172137.921331,3764,pg_catalog,pg_ts_template,0,0,0,0,0,0,0,0,0
1789172137.921331,6237,pg_catalog,pg_publication_namespace,0,0,0,0,0,0,0,0,0
1789172137.921331,13487,pg_toast,pg_toast_13484,0,0,0,0,0,0,0,0,0
1789172137.921331,2995,pg_catalog,pg_largeobject_metadata,0,0,0,0,0,0,0,0,0
1789172137.921331,4143,pg_toast,pg_toast_826,0,0,0,0,0,0,0,0,0
1789172137.921331,4185,pg_toast,pg_toast_1213,0,0,0,0,0,0,0,0,0
1789172137.921331,6243,pg_catalog,pg_parameter_acl,0,0,0,0,0,0,0,0,0
1789172137.921331,2361988,pg_toast,pg_toast_2361978,0,0,0,0,0,0,0,0,0
1789172137.921331,2616,pg_catalog,pg_opclass,0,0,10,179,0,0,0,0,0
1789172137.921331,2362137,pg_toast,pg_toast_2362128,0,0,0,0,0,0,0,0,0
1789172137.921331,2838,pg_toast,pg_toast_2618,0,0,1,3,0,0,0,0,0
1789172137.921331,6228,pg_toast,pg_toast_6106,0,0,0,0,0,0,0,0,0
1789172137.921331,3118,pg_catalog,pg_foreign_table,0,0,0,0,0,0,0,0,0
1789172137.921331,1259,pg_catalog,pg_class,1,523,14,14,0,0,0,0,0
1789172137.921331,3350,pg_catalog,pg_partitioned_table,0,0,0,0,0,0,0,0,0
1789172137.921331,4153,pg_toast,pg_toast_3118,0,0,0,0,0,0,0,0,0
1789172137.921331,4060,pg_toast,pg_toast_3592,0,0,0,0,0,0,0,0,0
1789172137.921331,4165,pg_toast,pg_toast_3350,0,0,0,0,0,0,0,0,0
1789172137.921331,2753,pg_catalog,pg_opfamily,0,0,2,2,0,0,0,0,0
1789172137.921331,3601,pg_catalog,pg_ts_parser,0,0,0,0,0,0,0,0,0
1789172137.921331,6104,pg_catalog,pg_publication,0,0,0,0,0,0,0,0,0
1789172137.921331,13477,pg_toast,pg_toast_13474,0,0,0,0,0,0,0,0,0
1789172137.921331,3429,pg_catalog,pg_statistic_ext_data,0,0,0,0,0,0,0,0,0
1789172137.921331,2619,pg_catalog,pg_statistic,0,0,17,8,0,0,0,0,0
1789172137.921331,4155,pg_toast,pg_toast_3394,0,0,0,0,0,0,0,0,0
1789172137.921331,2362224,pg_toast,pg_toast_2362205,0,0,0,0,0,0,0,0,0
1789172137.921331,3381,pg_catalog,pg_statistic_ext,0,0,3,0,0,0,0,0,0
1789172137.921331,6106,pg_catalog,pg_publication_rel,0,0,0,0,0,0,0,0,0
1789172137.921331,2605,pg_catalog,pg_cast,0,0,54,8,0,0,0,0,0
1789172137.921331,4171,pg_toast,pg_toast_1247,0,0,0,0,0,0,0,0,0
1789172137.921331,2830,pg_toast,pg_toast_2604,0,0,0,0,0,0,0,0,0
1789172137.921331,13479,information_schema,sql_implementation_info,0,0,,,0,0,0,0,0
1789172137.921331,6244,pg_toast,pg_toast_6243,0,0,0,0,0,0,0,0,0
1789172137.921331,2361971,pg_toast,pg_toast_2361963,0,0,0,0,0,0,0,0,0
1789172137.921331,3430,pg_toast,pg_toast_3429,0,0,0,0,0,0,0,0,0
1789172137.921331,3576,pg_catalog,pg_transform,0,0,0,0,0,0,0,0,0
1789172137.921331,2601,pg_catalog,pg_am,0,0,0,0,0,0,0,0,0
1789172197.054521,3394,pg_catalog,pg_init_privs,0,0,0,0,0,0,0,0,0
1789172197.054521,4167,pg_toast,pg_toast_3256,0,0,0,0,0,0,0,0,0
1789172197.054521,4151,pg_toast,pg_toast_1417,0,0,0,0,0,0,0,0,0
1789172197.054521,2834,pg_toast,pg_toast_2609,0,0,0,0,0,0,0,0,0
1789172197.054521,6000,pg_catalog,pg_replication_origin,0,0,0,0,0,0,0,0,0
1789172197.054521,2840,pg_toast,pg_toast_2619,0,0,0,0,0,0,0,0,0
1789172197.054521,2328,pg_catalog,pg_foreign_data_wrapper,0,0,0,0,0,0,0,0,0
1789172197.054521,4157,pg_toast,pg_toast_2612,0,0,0,0,0,0,0,0,0
1789172197.054521,1260,pg_catalog,pg_authid,0,0,0,0,0,0,0,0,0
1789172197.054521,2362182,pg_toast,pg_toast_2362174,0,0,0,0,0,0,0,0,0
1789172197.054521,6102,pg_catalog,pg_subscription_rel,0,0,0,0,0,0,0,0,0
1789172197.054521,1214,pg_catalog,pg_shdepend,0,0,0,0,0,0,0,0,0
1789172197.054521,4163,pg_toast,pg_toast_2615,0,0,0,0,0,0,0,0,0
1789172197.054521,2362193,pg_toast,pg_toast_2362184,0,0,0,0,0,0,0,0,0
1789172197.054521,4169,pg_toast,pg_toast_3600,0,0,0,0,0,0,0,0,0
1789172197.054521,2615,pg_catalog,pg_namespace,1,4,7,2,0,0,0,0,0
1789172197.054521,2396,pg_catalog,pg_shdescription,0,0,0,0,0,0,0,0,0
1789172197.054521,3600,pg_catalog,pg_ts_dict,0,0,0,0,0,0,0,0,0
1789172197.054521,3596,pg_catalog,pg_seclabel,0,0,0,0,0,0,0,0,0
1789172197.054521,2609,pg_catalog,pg_description,0,0,0,0,0,0,0,0,0
1789172197.054521,13482,pg_toast,pg_toast_13479,0,0,0,0,0,0,0,0,0
1789172197.054521,2362082,pg_toast,pg_toast_2362060,0,0,0,0,0,0,0,0,0
1789172197.054521,3603,pg_catalog,pg_ts_config_map,0,0,0,0,0,0,0,0,0
1789172197.054521,1213,pg_catalog,pg_tablespace,0,0,1,1,0,0,0,0,0
1789172197.054521,2608,pg_catalog,pg_depend,0,0,0,0,0,0,0,0,0
1789172197.054521,2964,pg_catalog,pg_db_role_setting,0,0,0,0,0,0,0,0,0
1789172197.054521,1418,pg_catalog,pg_user_mapping,0,0,0,0,0,0,0,0,0
1789172197.054521,2613,pg_catalog,pg_largeobject,0,0,0,0,0,0,0,0,0
1789172197.054521,6175,pg_toast,pg_toast_3456,0,0,0,0,0,0,0,0,0
1789172197.054521,1261,pg_catalog,pg_auth_members,0,0,0,0,0,0,0,0,0
1789172197.054521,2617,pg_catalog,pg_operator,0,0,8,8,0,0,0,0,0
1789172197.054521,2610,pg_catalog,pg_index,1,221,11,13,0,0,0,0,0
1789172197.054521,1249,pg_catalog,pg_attribute,0,0,76,104,0,0,0,0,0
1789172197.054521,2600,pg_catalog,pg_aggregate,0,0,1,1,0,0,0,0,0
1789172197.054521,2966,pg_toast,pg_toast_2964,0,0,0,0,0,0,0,0,0
1789172197.054521,2618,pg_catalog,pg_rewrite,0,0,2,2,0,0,0,0,0
1789172197.054521,4177,pg_toast,pg_toast_1262,0,0,0,0,0,0,0,0,0
1789172197.054521,13484,information_schema,sql_parts,0,0,,,0,0,0,0,0
1789172197.054521,4159,pg_toast,pg_toast_2600,0,0,0,0,0,0,0,0,0
1789172197.054521,4147,pg_toast,pg_toast_3079,0,0,0,0,0,0,0,0,0
1789172197.054521,13474,information_schema,sql_features,0,0,,,0,0,0,0,0
1789172197.054521,1247,pg_catalog,pg_type,0,0,25,25,0,0,0,0,0
1789172197.054521,2602,pg_catalog,pg_amop,0,0,16,28,0,0,0,0,0
1789172197.054521,3439,pg_toast,pg_toast_3381,0,0,0,0,0,0,0,0,0
1789172197.054521,2846,pg_toast,pg_toast_2396,0,0,0,0,0,0,0,0,0
1789172197.054521,4145,pg_toast,pg_toast_3466,0,0,0,0,0,0,0,0,0
1789172197.054521,3541,pg_catalog,pg_range,0,0,0,0,0,0,0,0,0
1789172197.054521,3602,pg_catalog,pg_ts_config,0,0,0,0,0,0,0,0,0
1789172197.054521,4183,pg_toast,pg_toast_6100,0,0,0,0,0,0,0,0,0
1789172197.054521,2224,pg_catalog,pg_sequence,0,0,0,0,0,0,0,0,0
1789172197.054521,2611,pg_catalog,pg_inherits,0,0,0,0,0,0,0,0,0
1789172197.054521,1417,pg_catalog,pg_foreign_server,0,0,0,0,0,0,0,0,0
1789172197.054521,1262,pg_catalog,pg_database,0,0,0,0,0,0,0,0,0
1789172197.054521,13492,pg_toast,pg_toast_13489,0,0,0,0,0,0,0,0,0
1789172197.054521,3501,pg_catalog,pg_enum,0,0,0,0,0,0,0,0,0
1789172197.054521,2607,pg_catalog,pg_conversion,0,0,0,0,0,0,0,0,0
1789172197.054521,826,pg_catalog,pg_default_acl,0,0,0,0,0,0,0,0,0
1789172197.054521,2604,pg_catalog,pg_attrdef,0,0,0,0,0,0,0,0,0
1789172197.054521,2336,pg_toast,pg_toast_2620,0,0,0,0,0,0,0,0,0
1789172197.054521,2603,pg_catalog,pg_amproc,0,0,5,11,0,0,0,0,0
1789172197.054521,2362101,pg_toast,pg_toast_2362090,0,0,0,0,0,0,0,0,0
1789172197.054521,2606,pg_catalog,pg_constraint,0,0,3,8,0,0,0,0,0
1789172197.054521,1255,pg_catalog,pg_proc,0,0,21,26,0,0,0,0,0
1789172197.054521,4173,pg_toast,pg_toast_1418,0,0,0,0,0,0,0,0,0
1789172197.054521,2620,pg_catalog,pg_trigger,0,0,0,0,0,0,0,0,0
1789172197.054521,2362037,pg_toast,pg_toast_2362031,0,0,0,0,0,0,0,0,0
1789172197.054521,2612,pg_catalog,pg_language,0,0,0,0,0,0,0,0,0
1789172197.054521,4149,pg_toast,pg_toast_2328,0,0,0,0,0,0,0,0,0
1789172197.054521,6351,pg_toast,pg_toast_2610,0,0,0,0,0,0,0,0,0
1789172197.054521,13489,information_schema,sql_sizing,0,0,,,0,0,0,0,0
1789172197.054521,3598,pg_toast,pg_toast_3596,0,0,0,0,0,0,0,0,0
1789172197.054521,2836,pg_toast,pg_toast_1255,0,0,0,0,0,0,0,0,0
1789172197.054521,2362021,pg_toast,pg_toast_2362013,0,0,0,0,0,0,0,0,0
1789172197.054521,2362166,pg_toast,pg_toast_2362148,0,0,0,0,0,0,0,0,0
1789172197.054521,3456,pg_catalog,pg_collation,0,0,1,1,0,0,0,0,0
1789172197.054521,3079,pg_catalog,pg_extension,0,0,0,0,0,0,0,0,0
1789172197.054521,6100,pg_catalog,pg_subscription,0,0,0,0,0,0,0,0,0
1789172197.054521,2832,pg_toast,pg_toast_2606,0,0,0,0,0,0,0,0,0
1789172197.054521,3256,pg_catalog,pg_policy,0,0,0,0,0,0,0,0,0
1789172197.054521,2362029,pg_toast,pg_toast_2362023,0,0,0,0,0,0,0,0,0
1789172197.054521,3466,pg_catalog,pg_event_trigger,0,0,0,0,0,0,0,0,0
1789172197.054521,2362058,pg_toast,pg_toast_2362051,0,0,0,0,0,0,0,0,0
1789172197.054521,3592,pg_catalog,pg_shseclabel,0,0,0,0,0,0,0,0,0
1789172197.054521,3764,pg_catalog,pg_ts_template,0,0,0,0,0,0,0,0,0
1789172197.054521,6237,pg_catalog,pg_publication_namespace,0,0,0,0,0,0,0,0,0
1789172197.054521,13487,pg_toast,pg_toast_13484,0,0,0,0,0,0,0,0,0
1789172197.054521,2995,pg_catalog,pg_largeobject_metadata,0,0,0,0,0,0,0,0,0
1789172197.054521,4143,pg_toast,pg_toast_826,0,0,0,0,0,0,0,0,0
1789172197.054521,4185,pg_toast,pg_toast_1213,0,0,0,0,0,0,0,0,0
1789172197.054521,6243,pg_catalog,pg_parameter_acl,0,0,0,0,0,0,0,0,0
1789172197.054521,2361988,pg_toast,pg_toast_2361978,0,0,0,0,0,0,0,0,0
1789172197.054521,2616,pg_catalog,pg_opclass,0,0,10,179,0,0,0,0,0
1789172197.054521,2362137,pg_toast,pg_toast_2362128,0,0,0,0,0,0,0,0,0
1789172197.054521,2838,pg_toast,pg_toast_2618,0,0,1,3,0,0,0,0,0
1789172197.054521,6228,pg_toast,pg_toast_6106,0,0,0,0,0,0,0,0,0
1789172197.054521,3118,pg_catalog,pg_foreign_table,0,0,0,0,0,0,0,0,0
1789172197.054521,1259,pg_catalog,pg_class,1,523,14,14,0,0,0,0,0
1789172197.054521,3350,pg_catalog,pg_partitioned_table,0,0,0,0,0,0,0,0,0
1789172197.054521,4153,pg_toast,pg_toast_3118,0,0,0,0,0,0,0,0,0
1789172197.054521,4060,pg_toast,pg_toast_3592,0,0,0,0,0,0,0,0,0
1789172197.054521,4165,pg_toast,pg_toast_3350,0,0,0,0,0,0,0,0,0
1789172197.054521,2753,pg_catalog,pg_opfamily,0,0,2,2,0,0,0,0,0
1789172197.054521,3601,pg_catalog,pg_ts_parser,0,0,0,0,0,0,0,0,0
1789172197.054521,6104,pg_catalog,pg_publication,0,0,0,0,0,0,0,0,0
1789172197.054521,13477,pg_toast,pg_toast_13474,0,0,0,0,0,0,0,0,0
1789172197.054521,3429,pg_catalog,pg_statistic_ext_data,0,0,0,0,0,0,0,0,0
1789172197.054521,2619,pg_catalog,pg_statistic,0,0,17,8,0,0,0,0,0
1789172197.054521,4155,pg_toast,pg_toast_3394,0,0,0,0,0,0,0,0,0
1789172197.054521,2362224,pg_toast,pg_toast_2362205,0,0,0,0,0,0,0,0,0
1789172197.054521,3381,pg_catalog,pg_statistic_ext,0,0,3,0,0,0,0,0,0
1789172197.054521,6106,pg_catalog,pg_publication_rel,0,0,0,0,0,0,0,0,0
1789172197.054521,2605,pg_catalog,pg_cast,0,0,54,8,0,0,0,0,0
1789172197.054521,4171,pg_toast,pg_toast_1247,0,0,0,0,0,0,0,0,0
1789172197.054521,2830,pg_toast,pg_toast_2604,0,0,0,0,0,0,0,0,0
1789172197.054521,13479,information_schema,sql_implementation_info,0,0,,,0,0,0,0,0
1789172197.054521,6244,pg_toast,pg_toast_6243,0,0,0,0,0,0,0,0,0
1789172197.054521,2361971,pg_toast,pg_toast_2361963,0,0,0,0,0,0,0,0,0
1789172197.054521,3430,pg_toast,pg_toast_3429,0,0,0,0,0,0,0,0,0
1789172197.054521,3576,pg_catalog,pg_transform,0,0,0,0,0,0,0,0,0
1789172197.054521,2601,pg_catalog,pg_am,0,0,0,0,0,0,0,0,0
1789172257.122599,3394,pg_catalog,pg_init_privs,0,0,0,0,0,0,0,0,0
1789172257.122599,4167,pg_toast,pg_toast_3256,0,0,0,0,0,0,0,0,0
1789172257.122599,4151,pg_toast,pg_toast_1417,0,0,0,0,0,0,0,0,0
1789172257.122599,2834,pg_toast,pg_toast_2609,0,0,0,0,0,0,0,0,0
1789172257.122599,6000,pg_catalog,pg_replication_origin,0,0,0,0,0,0,0,0,0
1789172257.122599,2840,pg_toast,pg_toast_2619,0,0,0,0,0,0,0,0,0
1789172257.122599,2328,pg_catalog,pg_foreign_data_wrapper,0,0,0,0,0,0,0,0,0
1789172257.122599,4157,pg_toast,pg_toast_2612,0,0,0,0,0,0,0,0,0
1789172257.122599,1260,pg_catalog,pg_authid,0,0,0,0,0,0,0,0,0
1789172257.122599,2362182,pg_toast,pg_toast_2362174,0,0,0,0,0,0,0,0,0
1789172257.122599,6102,pg_catalog,pg_subscription_rel,0,0,0,0,0,0,0,0,0
1789172257.122599,1214,pg_catalog,pg_shdepend,0,0,0,0,0,0,0,0,0
1789172257.122599,4163,pg_toast,pg_toast_2615,0,0,0,0,0,0,0,0,0
1789172257.122599,2362193,pg_toast,pg_toast_2362184,0,0,0,0,0,0,0,0,0
1789172257.122599,4169,pg_toast,pg_toast_3600,0,0,0,0,0,0,0,0,0
1789172257.122599,2615,pg_catalog,pg_namespace,1,4,7,2,0,0,0,0,0
1789172257.122599,2396,pg_catalog,pg_shdescription,0,0,0,0,0,0,0,0,0
1789172257.122599,3600,pg_catalog,pg_ts_dict,0,0,0,0,0,0,0,0,0
1789172257.122599,3596,pg_catalog,pg_seclabel,0,0,0,0,0,0,0,0,0
1789172257.122599,2609,pg_catalog,pg_description,0,0,0,0,0,0,0,0,0
1789172257.122599,13482,pg_toast,pg_toast_13479,0,0,0,0,0,0,0,0,0
1789172257.122599,2362082,pg_toast,pg_toast_2362060,0,0,0,0,0,0,0,0,0
1789172257.122599,3603,pg_catalog,pg_ts_config_map,0,0,0,0,0,0,0,0,0
1789172257.122599,1213,pg_catalog,pg_tablespace,0,0,1,1,0,0,0,0,0
1789172257.122599,2608,pg_catalog,pg_depend,0,0,0,0,0,0,0,0,0
1789172257.122599,2964,pg_catalog,pg_db_role_setting,0,0,0,0,0,0,0,0,0
1789172257.122599,1418,pg_catalog,pg_user_mapping,0,0,0,0,0,0,0,0,0
1789172257.122599,2613,pg_catalog,pg_largeobject,0,0,0,0,0,0,0,0,0
1789172257.122599,6175,pg_toast,pg_toast_3456,0,0,0,0,0,0,0,0,0
1789172257.122599,1261,pg_catalog,pg_auth_members,0,0,0,0,0,0,0,0,0
1789172257.122599,2617,pg_catalog,pg_operator,0,0,8,8,0,0,0,0,0
1789172257.122599,2610,pg_catalog,pg_index,1,221,11,13,0,0,0,0,0
1789172257.122599,1249,pg_catalog,pg_attribute,0,0,76,104,0,0,0,0,0
1789172257.122599,2600,pg_catalog,pg_aggregate,0,0,1,1,0,0,0,0,0
1789172257.122599,2966,pg_toast,pg_toast_2964,0,0,0,0,0,0,0,0,0
1789172257.122599,2618,pg_catalog,pg_rewrite,0,0,2,2,0,0,0,0,0
1789172257.122599,4177,pg_toast,pg_toast_1262,0,0,0,0,0,0,0,0,0
1789172257.122599,13484,information_schema,sql_parts,0,0,,,0,0,0,0,0
1789172257.122599,4159,pg_toast,pg_toast_2600,0,0,0,0,0,0,0,0,0
1789172257.122599,4147,pg_toast,pg_toast_3079,0,0,0,0,0,0,0,0,0
1789172257.122599,13474,information_schema,sql_features,0,0,,,0,0,0,0,0
1789172257.122599,1247,pg_catalog,pg_type,0,0,25,25,0,0,0,0,0
1789172257.122599,2602,pg_catalog,pg_amop,0,0,16,28,0,0,0,0,0
1789172257.122599,3439,pg_toast,pg_toast_3381,0,0,0,0,0,0,0,0,0
1789172257.122599,2846,pg_toast,pg_toast_2396,0,0,0,0,0,0,0,0,0
1789172257.122599,4145,pg_toast,pg_toast_3466,0,0,0,0,0,0,0,0,0
1789172257.122599,3541,pg_catalog,pg_range,0,0,0,0,0,0,0,0,0
1789172257.122599,3602,pg_catalog,pg_ts_config,0,0,0,0,0,0,0,0,0
1789172257.122599,4183,pg_toast,pg_toast_6100,0,0,0,0,0,0,0,0,0
1789172257.122599,2224,pg_catalog,pg_sequence,0,0,0,0,0,0,0,0,0
1789172257.122599,2611,pg_catalog,pg_inherits,0,0,0,0,0,0,0,0,0
1789172257.122599,1417,pg_catalog,pg_foreign_server,0,0,0,0,0,0,0,0,0
1789172257.122599,1262,pg_catalog,pg_database,0,0,0,0,0,0,0,0,0
1789172257.122599,13492,pg_toast,pg_toast_13489,0,0,0,0,0,0,0,0,0
1789172257.122599,3501,pg_catalog,pg_enum,0,0,0,0,0,0,0,0,0
1789172257.122599,2607,pg_catalog,pg_conversion,0,0,0,0,0,0,0,0,0
1789172257.122599,826,pg_catalog,pg_default_acl,0,0,0,0,0,0,0,0,0
1789172257.122599,2604,pg_catalog,pg_attrdef,0,0,0,0,0,0,0,0,0
1789172257.122599,2336,pg_toast,pg_toast_2620,0,0,0,0,0,0,0,0,0
1789172257.122599,2603,pg_catalog,pg_amproc,0,0,5,11,0,0,0,0,0
1789172257.122599,2362101,pg_toast,pg_toast_2362090,0,0,0,0,0,0,0,0,0
1789172257.122599,2606,pg_catalog,pg_constraint,0,0,3,8,0,0,0,0,0
1789172257.122599,1255,pg_catalog,pg_proc,0,0,21,26,0,0,0,0,0
1789172257.122599,4173,pg_toast,pg_toast_1418,0,0,0,0,0,0,0,0,0
1789172257.122599,2620,pg_catalog,pg_trigger,0,0,0,0,0,0,0,0,0
1789172257.122599,2362037,pg_toast,pg_toast_2362031,0,0,0,0,0,0,0,0,0
1789172257.122599,2612,pg_catalog,pg_language,0,0,0,0,0,0,0,0,0
1789172257.122599,4149,pg_toast,pg_toast_2328,0,0,0,0,0,0,0,0,0
1789172257.122599,6351,pg_toast,pg_toast_2610,0,0,0,0,0,0,0,0,0
1789172257.122599,13489,information_schema,sql_sizing,0,0,,,0,0,0,0,0
1789172257.122599,3598,pg_toast,pg_toast_3596,0,0,0,0,0,0,0,0,0
1789172257.122599,2836,pg_toast,pg_toast_1255,0,0,0,0,0,0,0,0,0
1789172257.122599,2362021,pg_toast,pg_toast_2362013,0,0,0,0,0,0,0,0,0
1789172257.122599,2362166,pg_toast,pg_toast_2362148,0,0,0,0,0,0,0,0,0
1789172257.122599,3456,pg_catalog,pg_collation,0,0,1,1,0,0,0,0,0
1789172257.122599,3079,pg_catalog,pg_extension,0,0,0,0,0,0,0,0,0
1789172257.122599,6100,pg_catalog,pg_subscription,0,0,0,0,0,0,0,0,0
1789172257.122599,2832,pg_toast,pg_toast_2606,0,0,0,0,0,0,0,0,0
1789172257.122599,3256,pg_catalog,pg_policy,0,0,0,0,0,0,0,0,0
1789172257.122599,2362029,pg_toast,pg_toast_2362023,0,0,0,0,0,0,0,0,0
1789172257.122599,3466,pg_catalog,pg_event_trigger,0,0,0,0,0,0,0,0,0
1789172257.122599,2362058,pg_toast,pg_toast_2362051,0,0,0,0,0,0,0,0,0
1789172257.122599,3592,pg_catalog,pg_shseclabel,0,0,0,0,0,0,0,0,0
1789172257.122599,3764,pg_catalog,pg_ts_template,0,0,0,0,0,0,0,0,0
1789172257.122599,6237,pg_catalog,pg_publication_namespace,0,0,0,0,0,0,0,0,0
1789172257.122599,13487,pg_toast,pg_toast_13484,0,0,0,0,0,0,0,0,0
1789172257.122599,2995,pg_catalog,pg_largeobject_metadata,0,0,0,0,0,0,0,0,0
1789172257.122599,4143,pg_toast,pg_toast_826,0,0,0,0,0,0,0,0,0
1789172257.122599,4185,pg_toast,pg_toast_1213,0,0,0,0,0,0,0,0,0
1789172257.122599,6243,pg_catalog,pg_parameter_acl,0,0,0,0,0,0,0,0,0
1789172257.122599,2361988,pg_toast,pg_toast_2361978,0,0,0,0,0,0,0,0,0
1789172257.122599,2616,pg_catalog,pg_opclass,0,0,10,179,0,0,0,0,0
1789172257.122599,2362137,pg_toast,pg_toast_2362128,0,0,0,0,0,0,0,0,0
1789172257.122599,2838,pg_toast,pg_toast_2618,0,0,1,3,0,0,0,0,0
1789172257.122599,6228,pg_toast,pg_toast_6106,0,0,0,0,0,0,0,0,0
1789172257.122599,3118,pg_catalog,pg_foreign_table,0,0,0,0,0,0,0,0,0
1789172257.122599,1259,pg_catalog,pg_class,1,523,14,14,0,0,0,0,0
1789172257.122599,3350,pg_catalog,pg_partitioned_table,0,0,0,0,0,0,0,0,0
1789172257.122599,4153,pg_toast,pg_toast_3118,0,0,0,0,0,0,0,0,0
1789172257.122599,4060,pg_toast,pg_toast_3592,0,0,0,0,0,0,0,0,0
1789172257.122599,4165,pg_toast,pg_toast_3350,0,0,0,0,0,0,0,0,0
1789172257.122599,2753,pg_catalog,pg_opfamily,0,0,2,2,0,0,0,0,0
1789172257.122599,3601,pg_catalog,pg_ts_parser,0,0,0,0,0,0,0,0,0
1789172257.122599,6104,pg_catalog,pg_publication,0,0,0,0,0,0,0,0,0
1789172257.122599,13477,pg_toast,pg_toast_13474,0,0,0,0,0,0,0,0,0
1789172257.122599,3429,pg_catalog,pg_statistic_ext_data,0,0,0,0,0,0,0,0,0
1789172257.122599,2619,pg_catalog,pg_statistic,0,0,17,8,0,0,0,0,0
1789172257.122599,4155,pg_toast,pg_toast_3394,0,0,0,0,0,0,0,0,0
1789172257.122599,2362224,pg_toast,pg_toast_2362205,0,0,0,0,0,0,0,0,0
1789172257.122599,3381,pg_catalog,pg_statistic_ext,0,0,3,0,0,0,0,0,0
1789172257.122599,6106,pg_catalog,pg_publication_rel,0,0,0,0,0,0,0,0,0
1789172257.122599,2605,pg_catalog,pg_cast,0,0,54,8,0,0,0,0,0
1789172257.122599,4171,pg_toast,pg_toast_1247,0,0,0,0,0,0,0,0,0
1789172257.122599,2830,pg_toast,pg_toast_2604,0,0,0,0,0,0,0,0,0
1789172257.122599,13479,information_schema,sql_implementation_info,0,0,,,0,0,0,0,0
1789172257.122599,6244,pg_toast,pg_toast_6243,0,0,0,0,0,0,0,0,0
1789172257.122599,2361971,pg_toast,pg_toast_2361963,0,0,0,0,0,0,0,0,0
1789172257.122599,3430,pg_toast,pg_toast_3429,0,0,0,0,0,0,0,0,0
1789172257.122599,3576,pg_catalog,pg_transform,0,0,0,0,0,0,0,0,0
1789172257.122599,2601,pg_catalog,pg_am,0,0,0,0,0,0,0,0,0
1789172317.233697,3394,pg_catalog,pg_init_privs,0,0,0,0,0,0,0,0,0
1789172317.233697,4167,pg_toast,pg_toast_3256,0,0,0,0,0,0,0,0,0
1789172317.233697,4151,pg_toast,pg_toast_1417,0,0,0,0,0,0,0,0,0
1789172317.233697,2834,pg_toast,pg_toast_2609,0,0,0,0,0,0,0,0,0
1789172317.233697,6000,pg_catalog,pg_replication_origin,0,0,0,0,0,0,0,0,0
1789172317.233697,2840,pg_toast,pg_toast_2619,0,0,0,0,0,0,0,0,0
1789172317.233697,2328,pg_catalog,pg_foreign_data_wrapper,0,0,0,0,0,0,0,0,0
1789172317.233697,4157,pg_toast,pg_toast_2612,0,0,0,0,0,0,0,0,0
1789172317.233697,1260,pg_catalog,pg_authid,0,0,0,0,0,0,0,0,0
1789172317.233697,2362182,pg_toast,pg_toast_2362174,0,0,0,0,0,0,0,0,0
1789172317.233697,6102,pg_catalog,pg_subscription_rel,0,0,0,0,0,0,0,0,0
1789172317.233697,1214,pg_catalog,pg_shdepend,0,0,0,0,0,0,0,0,0
1789172317.233697,4163,pg_toast,pg_toast_2615,0,0,0,0,0,0,0,0,0
1789172317.233697,2362193,pg_toast,pg_toast_2362184,0,0,0,0,0,0,0,0,0
1789172317.233697,4169,pg_toast,pg_toast_3600,0,0,0,0,0,0,0,0,0
1789172317.233697,2615,pg_catalog,pg_namespace,1,4,7,2,0,0,0,0,0
1789172317.233697,2396,pg_catalog,pg_shdescription,0,0,0,0,0,0,0,0,0
1789172317.233697,3600,pg_catalog,pg_ts_dict,0,0,0,0,0,0,0,0,0
1789172317.233697,3596,pg_catalog,pg_seclabel,0,0,0,0,0,0,0,0,0
1789172317.233697,2609,pg_catalog,pg_description,0,0,0,0,0,0,0,0,0
1789172317.233697,13482,pg_toast,pg_toast_13479,0,0,0,0,0,0,0,0,0
1789172317.233697,2362082,pg_toast,pg_toast_2362060,0,0,0,0,0,0,0,0,0
1789172317.233697,3603,pg_catalog,pg_ts_config_map,0,0,0,0,0,0,0,0,0
1789172317.233697,1213,pg_catalog,pg_tablespace,0,0,1,1,0,0,0,0,0
1789172317.233697,2608,pg_catalog,pg_depend,0,0,0,0,0,0,0,0,0
1789172317.233697,2964,pg_catalog,pg_db_role_setting,0,0,0,0,0,0,0,0,0
1789172317.233697,1418,pg_catalog,pg_user_mapping,0,0,0,0,0,0,0,0,0
1789172317.233697,2613,pg_catalog,pg_largeobject,0,0,0,0,0,0,0,0,0
1789172317.233697,6175,pg_toast,pg_toast_3456,0,0,0,0,0,0,0,0,0
1789172317.233697,1261,pg_catalog,pg_auth_members,0,0,0,0,0,0,0,0,0
1789172317.233697,2617,pg_catalog,pg_operator,0,0,8,8,0,0,0,0,0
1789172317.233697,2610,pg_catalog,pg_index,1,221,11,13,0,0,0,0,0
1789172317.233697,1249,pg_catalog,pg_attribute,0,0,76,104,0,0,0,0,0
1789172317.233697,2600,pg_catalog,pg_aggregate,0,0,1,1,0,0,0,0,0
1789172317.233697,2966,pg_toast,pg_toast_2964,0,0,0,0,0,0,0,0,0
1789172317.233697,2618,pg_catalog,pg_rewrite,0,0,2,2,0,0,0,0,0
1789172317.233697,4177,pg_toast,pg_toast_1262,0,0,0,0,0,0,0,0,0
1789172317.233697,13484,information_schema,sql_parts,0,0,,,0,0,0,0,0
1789172317.233697,4159,pg_toast,pg_toast_2600,0,0,0,0,0,0,0,0,0
1789172317.233697,4147,pg_toast,pg_toast_3079,0,0,0,0,0,0,0,0,0
1789172317.233697,13474,information_schema,sql_features,0,0,,,0,0,0,0,0
1789172317.233697,1247,pg_catalog,pg_type,0,0,25,25,0,0,0,0,0
1789172317.233697,2602,pg_catalog,pg_amop,0,0,16,28,0,0,0,0,0
1789172317.233697,3439,pg_toast,pg_toast_3381,0,0,0,0,0,0,0,0,0
1789172317.233697,2846,pg_toast,pg_toast_2396,0,0,0,0,0,0,0,0,0
1789172317.233697,4145,pg_toast,pg_toast_3466,0,0,0,0,0,0,0,0,0
1789172317.233697,3541,pg_catalog,pg_range,0,0,0,0,0,0,0,0,0
1789172317.233697,3602,pg_catalog,pg_ts_config,0,0,0,0,0,0,0,0,0
1789172317.233697,4183,pg_toast,pg_toast_6100,0,0,0,0,0,0,0,0,0
1789172317.233697,2224,pg_catalog,pg_sequence,0,0,0,0,0,0,0,0,0
1789172317.233697,2611,pg_catalog,pg_inherits,0,0,0,0,0,0,0,0,0
1789172317.233697,1417,pg_catalog,pg_foreign_server,0,0,0,0,0,0,0,0,0
1789172317.233697,1262,pg_catalog,pg_database,0,0,0,0,0,0,0,0,0
1789172317.233697,13492,pg_toast,pg_toast_13489,0,0,0,0,0,0,0,0,0
1789172317.233697,3501,pg_catalog,pg_enum,0,0,0,0,0,0,0,0,0
1789172317.233697,2607,pg_catalog,pg_conversion,0,0,0,0,0,0,0,0,0
1789172317.233697,826,pg_catalog,pg_default_acl,0,0,0,0,0,0,0,0,0
1789172317.233697,2604,pg_catalog,pg_attrdef,0,0,0,0,0,0,0,0,0
1789172317.233697,2336,pg_toast,pg_toast_2620,0,0,0,0,0,0,0,0,0
1789172317.233697,2603,pg_catalog,pg_amproc,0,0,5,11,0,0,0,0,0
1789172317.233697,2362101,pg_toast,pg_toast_2362090,0,0,0,0,0,0,0,0,0
1789172317.233697,2606,pg_catalog,pg_constraint,0,0,3,8,0,0,0,0,0
1789172317.233697,1255,pg_catalog,pg_proc,0,0,21,26,0,0,0,0,0
1789172317.233697,4173,pg_toast,pg_toast_1418,0,0,0,0,0,0,0,0,0
1789172317.233697,2620,pg_catalog,pg_trigger,0,0,0,0,0,0,0,0,0
1789172317.233697,2362037,pg_toast,pg_toast_2362031,0,0,0,0,0,0,0,0,0
1789172317.233697,2612,pg_catalog,pg_language,0,0,0,0,0,0,0,0,0
1789172317.233697,4149,pg_toast,pg_toast_2328,0,0,0,0,0,0,0,0,0
1789172317.233697,6351,pg_toast,pg_toast_2610,0,0,0,0,0,0,0,0,0
1789172317.233697,13489,information_schema,sql_sizing,0,0,,,0,0,0,0,0
1789172317.233697,3598,pg_toast,pg_toast_3596,0,0,0,0,0,0,0,0,0
1789172317.233697,2836,pg_toast,pg_toast_1255,0,0,0,0,0,0,0,0,0
1789172317.233697,2362021,pg_toast,pg_toast_2362013,0,0,0,0,0,0,0,0,0
1789172317.233697,2362166,pg_toast,pg_toast_2362148,0,0,0,0,0,0,0,0,0
1789172317.233697,3456,pg_catalog,pg_collation,0,0,1,1,0,0,0,0,0
1789172317.233697,3079,pg_catalog,pg_extension,0,0,0,0,0,0,0,0,0
1789172317.233697,6100,pg_catalog,pg_subscription,0,0,0,0,0,0,0,0,0
1789172317.233697,2832,pg_toast,pg_toast_2606,0,0,0,0,0,0,0,0,0
1789172317.233697,3256,pg_catalog,pg_policy,0,0,0,0,0,0,0,0,0
1789172317.233697,2362029,pg_toast,pg_toast_2362023,0,0,0,0,0,0,0,0,0
1789172317.233697,3466,pg_catalog,pg_event_trigger,0,0,0,0,0,0,0,0,0
1789172317.233697,2362058,pg_toast,pg_toast_2362051,0,0,0,0,0,0,0,0,0
1789172317.233697,3592,pg_catalog,pg_shseclabel,0,0,0,0,0,0,0,0,0
1789172317.233697,3764,pg_catalog,pg_ts_template,0,0,0,0,0,0,0,0,0
1789172317.233697,6237,pg_catalog,pg_publication_namespace,0,0,0,0,0,0,0,0,0
1789172317.233697,13487,pg_toast,pg_toast_13484,0,0,0,0,0,0,0,0,0
1789172317.233697,2995,pg_catalog,pg_largeobject_metadata,0,0,0,0,0,0,0,0,0
1789172317.233697,4143,pg_toast,pg_toast_826,0,0,0,0,0,0,0,0,0
1789172317.233697,4185,pg_toast,pg_toast_1213,0,0,0,0,0,0,0,0,0
1789172317.233697,6243,pg_catalog,pg_parameter_acl,0,0,0,0,0,0,0,0,0
1789172317.233697,2361988,pg_toast,pg_toast_2361978,0,0,0,0,0,0,0,0,0
1789172317.233697,2616,pg_catalog,pg_opclass,0,0,10,179,0,0,0,0,0
1789172317.233697,2362137,pg_toast,pg_toast_2362128,0,0,0,0,0,0,0,0,0
1789172317.233697,2838,pg_toast,pg_toast_2618,0,0,1,3,0,0,0,0,0
1789172317.233697,6228,pg_toast,pg_toast_6106,0,0,0,0,0,0,0,0,0
1789172317.233697,3118,pg_catalog,pg_foreign_table,0,0,0,0,0,0,0,0,0
1789172317.233697,1259,pg_catalog,pg_class,1,523,14,14,0,0,0,0,0
1789172317.233697,3350,pg_catalog,pg_partitioned_table,0,0,0,0,0,0,0,0,0
1789172317.233697,4153,pg_toast,pg_toast_3118,0,0,0,0,0,0,0,0,0
1789172317.233697,4060,pg_toast,pg_toast_3592,0,0,0,0,0,0,0,0,0
1789172317.233697,4165,pg_toast,pg_toast_3350,0,0,0,0,0,0,0,0,0
1789172317.233697,2753,pg_catalog,pg_opfamily,0,0,2,2,0,0,0,0,0
1789172317.233697,3601,pg_catalog,pg_ts_parser,0,0,0,0,0,0,0,0,0
1789172317.233697,6104,pg_catalog,pg_publication,0,0,0,0,0,0,0,0,0
1789172317.233697,13477,pg_toast,pg_toast_13474,0,0,0,0,0,0,0,0,0
1789172317.233697,3429,pg_catalog,pg_statistic_ext_data,0,0,0,0,0,0,0,0,0
1789172317.233697,2619,pg_catalog,pg_statistic,0,0,17,8,0,0,0,0,0
1789172317.233697,4155,pg_toast,pg_toast_3394,0,0,0,0,0,0,0,0,0
1789172317.233697,2362224,pg_toast,pg_toast_2362205,0,0,0,0,0,0,0,0,0
1789172317.233697,3381,pg_catalog,pg_statistic_ext,0,0,3,0,0,0,0,0,0
1789172317.233697,6106,pg_catalog,pg_publication_rel,0,0,0,0,0,0,0,0,0
1789172317.233697,2605,pg_catalog,pg_cast,0,0,54,8,0,0,0,0,0
1789172317.233697,4171,pg_toast,pg_toast_1247,0,0,0,0,0,0,0,0,0
1789172317.233697,2830,pg_toast,pg_toast_2604,0,0,0,0,0,0,0,0,0
1789172317.233697,13479,information_schema,sql_implementation_info,0,0,,,0,0,0,0,0
1789172317.233697,6244,pg_toast,pg_toast_6243,0,0,0,0,0,0,0,0,0
1789172317.233697,2361971,pg_toast,pg_toast_2361963,0,0,0,0,0,0,0,0,0
1789172317.233697,3430,pg_toast,pg_toast_3429,0,0,0,0,0,0,0,0,0
1789172317.233697,3576,pg_catalog,pg_transform,0,0,0,0,0,0,0,0,0
1789172317.233697,2601,pg_catalog,pg_am,0,0,0,0,0,0,0,0,0
1789172377.308343,3394,pg_catalog,pg_init_privs,0,0,0,0,0,0,0,0,0
1789172377.308343,4167,pg_toast,pg_toast_3256,0,0,0,0,0,0,0,0,0
1789172377.308343,4151,pg_toast,pg_toast_1417,0,0,0,0,0,0,0,0,0
1789172377.308343,2834,pg_toast,pg_toast_2609,0,0,0,0,0,0,0,0,0
1789172377.308343,6000,pg_catalog,pg_replication_origin,0,0,0,0,0,0,0,0,0
1789172377.308343,2840,pg_toast,pg_toast_2619,0,0,0,0,0,0,0,0,0
1789172377.308343,2328,pg_catalog,pg_foreign_data_wrapper,0,0,0,0,0,0,0,0,0
1789172377.308343,4157,pg_toast,pg_toast_2612,0,0,0,0,0,0,0,0,0
1789172377.308343,1260,pg_catalog,pg_authid,0,0,0,0,0,0,0,0,0
1789172377.308343,2362182,pg_toast,pg_toast_2362174,0,0,0,0,0,0,0,0,0
1789172377.308343,6102,pg_catalog,pg_subscription_rel,0,0,0,0,0,0,0,0,0
1789172377.308343,1214,pg_catalog,pg_shdepend,0,0,0,0,0,0,0,0,0
1789172377.308343,4163,pg_toast,pg_toast_2615,0,0,0,0,0,0,0,0,0
1789172377.308343,2362193,pg_toast,pg_toast_2362184,0,0,0,0,0,0,0,0,0
1789172377.308343,4169,pg_toast,pg_toast_3600,0,0,0,0,0,0,0,0,0
1789172377.308343,2615,pg_catalog,pg_namespace,1,4,7,2,0,0,0,0,0
1789172377.308343,2396,pg_catalog,pg_shdescription,0,0,0,0,0,0,0,0,0
1789172377.308343,3600,pg_catalog,pg_ts_dict,0,0,0,0,0,0,0,0,0
1789172377.308343,3596,pg_catalog,pg_seclabel,0,0,0,0,0,0,0,0,0
1789172377.308343,2609,pg_catalog,pg_description,0,0,0,0,0,0,0,0,0
1789172377.308343,13482,pg_toast,pg_toast_13479,0,0,0,0,0,0,0,0,0
1789172377.308343,2362082,pg_toast,pg_toast_2362060,0,0,0,0,0,0,0,0,0
1789172377.308343,3603,pg_catalog,pg_ts_config_map,0,0,0,0,0,0,0,0,0
1789172377.308343,1213,pg_catalog,pg_tablespace,0,0,1,1,0,0,0,0,0
1789172377.308343,2608,pg_catalog,pg_depend,0,0,0,0,0,0,0,0,0
1789172377.308343,2964,pg_catalog,pg_db_role_setting,0,0,0,0,0,0,0,0,0
1789172377.308343,1418,pg_catalog,pg_user_mapping,0,0,0,0,0,0,0,0,0
1789172377.308343,2613,pg_catalog,pg_largeobject,0,0,0,0,0,0,0,0,0
1789172377.308343,6175,pg_toast,pg_toast_3456,0,0,0,0,0,0,0,0,0
1789172377.308343,1261,pg_catalog,pg_auth_members,0,0,0,0,0,0,0,0,0
1789172377.308343,2617,pg_catalog,pg_operator,0,0,8,8,0,0,0,0,0
1789172377.308343,2610,pg_catalog,pg_index,1,221,11,13,0,0,0,0,0
1789172377.308343,1249,pg_catalog,pg_attribute,0,0,76,104,0,0,0,0,0
1789172377.308343,2600,pg_catalog,pg_aggregate,0,0,1,1,0,0,0,0,0
1789172377.308343,2966,pg_toast,pg_toast_2964,0,0,0,0,0,0,0,0,0
1789172377.308343,2618,pg_catalog,pg_rewrite,0,0,2,2,0,0,0,0,0
1789172377.308343,4177,pg_toast,pg_toast_1262,0,0,0,0,0,0,0,0,0
1789172377.308343,13484,information_schema,sql_parts,0,0,,,0,0,0,0,0
1789172377.308343,4159,pg_toast,pg_toast_2600,0,0,0,0,0,0,0,0,0
1789172377.308343,4147,pg_toast,pg_toast_3079,0,0,0,0,0,0,0,0,0
1789172377.308343,13474,information_schema,sql_features,0,0,,,0,0,0,0,0
1789172377.308343,1247,pg_catalog,pg_type,0,0,25,25,0,0,0,0,0
1789172377.308343,2602,pg_catalog,pg_amop,0,0,16,28,0,0,0,0,0
1789172377.308343,3439,pg_toast,pg_toast_3381,0,0,0,0,0,0,0,0,0
1789172377.308343,2846,pg_toast,pg_toast_2396,0,0,0,0,0,0,0,0,0
1789172377.308343,4145,pg_toast,pg_toast_3466,0,0,0,0,0,0,0,0,0
1789172377.308343,3541,pg_catalog,pg_range,0,0,0,0,0,0,0,0,0
1789172377.308343,3602,pg_catalog,pg_ts_config,0,0,0,0,0,0,0,0,0
1789172377.308343,4183,pg_toast,pg_toast_6100,0,0,0,0,0,0,0,0,0
1789172377.308343,2224,pg_catalog,pg_sequence,0,0,0,0,0,0,0,0,0
1789172377.308343,2611,pg_catalog,pg_inherits,0,0,0,0,0,0,0,0,0
1789172377.308343,1417,pg_catalog,pg_foreign_server,0,0,0,0,0,0,0,0,0
1789172377.308343,1262,pg_catalog,pg_database,0,0,0,0,0,0,0,0,0
1789172377.308343,13492,pg_toast,pg_toast_13489,0,0,0,0,0,0,0,0,0
1789172377.308343,3501,pg_catalog,pg_enum,0,0,0,0,0,0,0,0,0
1789172377.308343,2607,pg_catalog,pg_conversion,0,0,0,0,0,0,0,0,0
1789172377.308343,826,pg_catalog,pg_default_acl,0,0,0,0,0,0,0,0,0
1789172377.308343,2604,pg_catalog,pg_attrdef,0,0,0,0,0,0,0,0,0
1789172377.308343,2336,pg_toast,pg_toast_2620,0,0,0,0,0,0,0,0,0
1789172377.308343,2603,pg_catalog,pg_amproc,0,0,5,11,0,0,0,0,0
1789172377.308343,2362101,pg_toast,pg_toast_2362090,0,0,0,0,0,0,0,0,0
1789172377.308343,2606,pg_catalog,pg_constraint,0,0,3,8,0,0,0,0,0
1789172377.308343,1255,pg_catalog,pg_proc,0,0,21,26,0,0,0,0,0
1789172377.308343,4173,pg_toast,pg_toast_1418,0,0,0,0,0,0,0,0,0
1789172377.308343,2620,pg_catalog,pg_trigger,0,0,0,0,0,0,0,0,0
1789172377.308343,2362037,pg_toast,pg_toast_2362031,0,0,0,0,0,0,0,0,0
1789172377.308343,2612,pg_catalog,pg_language,0,0,0,0,0,0,0,0,0
1789172377.308343,4149,pg_toast,pg_toast_2328,0,0,0,0,0,0,0,0,0
1789172377.308343,6351,pg_toast,pg_toast_2610,0,0,0,0,0,0,0,0,0
1789172377.308343,13489,information_schema,sql_sizing,0,0,,,0,0,0,0,0
1789172377.308343,3598,pg_toast,pg_toast_3596,0,0,0,0,0,0,0,0,0
1789172377.308343,2836,pg_toast,pg_toast_1255,0,0,0,0,0,0,0,0,0
1789172377.308343,2362021,pg_toast,pg_toast_2362013,0,0,0,0,0,0,0,0,0
1789172377.308343,2362166,pg_toast,pg_toast_2362148,0,0,0,0,0,0,0,0,0
1789172377.308343,3456,pg_catalog,pg_collation,0,0,1,1,0,0,0,0,0
1789172377.308343,3079,pg_catalog,pg_extension,0,0,0,0,0,0,0,0,0
1789172377.308343,6100,pg_catalog,pg_subscription,0,0,0,0,0,0,0,0,0
1789172377.308343,2832,pg_toast,pg_toast_2606,0,0,0,0,0,0,0,0,0
1789172377.308343,3256,pg_catalog,pg_policy,0,0,0,0,0,0,0,0,0
1789172377.308343,2362029,pg_toast,pg_toast_2362023,0,0,0,0,0,0,0,0,0
1789172377.308343,3466,pg_catalog,pg_event_trigger,0,0,0,0,0,0,0,0,0
1789172377.308343,2362058,pg_toast,pg_toast_2362051,0,0,0,0,0,0,0,0,0
1789172377.308343,3592,pg_catalog,pg_shseclabel,0,0,0,0,0,0,0,0,0
1789172377.308343,3764,pg_catalog,pg_ts_template,0,0,0,0,0,0,0,0,0
1789172377.308343,6237,pg_catalog,pg_publication_namespace,0,0,0,0,0,0,0,0,0
1789172377.308343,13487,pg_toast,pg_toast_13484,0,0,0,0,0,0,0,0,0
1789172377.308343,2995,pg_catalog,pg_largeobject_metadata,0,0,0,0,0,0,0,0,0
1789172377.308343,4143,pg_toast,pg_toast_826,0,0,0,0,0,0,0,0,0
1789172377.308343,4185,pg_toast,pg_toast_1213,0,0,0,0,0,0,0,0,0
1789172377.308343,6243,pg_catalog,pg_parameter_acl,0,0,0,0,0,0,0,0,0
1789172377.308343,2361988,pg_toast,pg_toast_2361978,0,0,0,0,0,0,0,0,0
1789172377.308343,2616,pg_catalog,pg_opclass,0,0,10,179,0,0,0,0,0
1789172377.308343,2362137,pg_toast,pg_toast_2362128,0,0,0,0,0,0,0,0,0
1789172377.308343,2838,pg_toast,pg_toast_2618,0,0,1,3,0,0,0,0,0
1789172377.308343,6228,pg_toast,pg_toast_6106,0,0,0,0,0,0,0,0,0
1789172377.308343,3118,pg_catalog,pg_foreign_table,0,0,0,0,0,0,0,0,0
1789172377.308343,1259,pg_catalog,pg_class,1,523,14,14,0,0,0,0,0
1789172377.308343,3350,pg_catalog,pg_partitioned_table,0,0,0,0,0,0,0,0,0
1789172377.308343,4153,pg_toast,pg_toast_3118,0,0,0,0,0,0,0,0,0
1789172377.308343,4060,pg_toast,pg_toast_3592,0,0,0,0,0,0,0,0,0
1789172377.308343,4165,pg_toast,pg_toast_3350,0,0,0,0,0,0,0,0,0
1789172377.308343,2753,pg_catalog,pg_opfamily,0,0,2,2,0,0,0,0,0
1789172377.308343,3601,pg_catalog,pg_ts_parser,0,0,0,0,0,0,0,0,0
1789172377.308343,6104,pg_catalog,pg_publication,0,0,0,0,0,0,0,0,0
1789172377.308343,13477,pg_toast,pg_toast_13474,0,0,0,0,0,0,0,0,0
1789172377.308343,3429,pg_catalog,pg_statistic_ext_data,0,0,0,0,0,0,0,0,0
1789172377.308343,2619,pg_catalog,pg_statistic,0,0,17,8,0,0,0,0,0
1789172377.308343,4155,pg_toast,pg_toast_3394,0,0,0,0,0,0,0,0,0
1789172377.308343,2362224,pg_toast,pg_toast_2362205,0,0,0,0,0,0,0,0,0
1789172377.308343,3381,pg_catalog,pg_statistic_ext,0,0,3,0,0,0,0,0,0
1789172377.308343,6106,pg_catalog,pg_publication_rel,0,0,0,0,0,0,0,0,0
1789172377.308343,2605,pg_catalog,pg_cast,0,0,54,8,0,0,0,0,0
1789172377.308343,4171,pg_toast,pg_toast_1247,0,0,0,0,0,0,0,0,0
1789172377.308343,2830,pg_toast,pg_toast_2604,0,0,0,0,0,0,0,0,0
1789172377.308343,13479,information_schema,sql_implementation_info,0,0,,,0,0,0,0,0
1789172377.308343,6244,pg_toast,pg_toast_6243,0,0,0,0,0,0,0,0,0
1789172377.308343,2361971,pg_toast,pg_toast_2361963,0,0,0,0,0,0,0,0,0
1789172377.308343,3430,pg_toast,pg_toast_3429,0,0,0,0,0,0,0,0,0
1789172377.308343,3576,pg_catalog,pg_transform,0,0,0,0,0,0,0,0,0
1789172377.308343,2601,pg_catalog,pg_am,0,0,0,0,0,0,0,0,0
1789172437.402280,3394,pg_catalog,pg_init_privs,0,0,0,0,0,0,0,0,0
1789172437.402280,4167,pg_toast,pg_toast_3256,0,0,0,0,0,0,0,0,0
1789172437.402280,4151,pg_toast,pg_toast_1417,0,0,0,0,0,0,0,0,0
1789172437.402280,2834,pg_toast,pg_toast_2609,0,0,0,0,0,0,0,0,0
1789172437.402280,6000,pg_catalog,pg_replication_origin,0,0,0,0,0,0,0,0,0
1789172437.402280,2840,pg_toast,pg_toast_2619,0,0,0,0,0,0,0,0,0
1789172437.402280,2328,pg_catalog,pg_foreign_data_wrapper,0,0,0,0,0,0,0,0,0
1789172437.402280,4157,pg_toast,pg_toast_2612,0,0,0,0,0,0,0,0,0
1789172437.402280,1260,pg_catalog,pg_authid,0,0,0,0,0,0,0,0,0
1789172437.402280,2362182,pg_toast,pg_toast_2362174,0,0,0,0,0,0,0,0,0
1789172437.402280,6102,pg_catalog,pg_subscription_rel,0,0,0,0,0,0,0,0,0
1789172437.402280,1214,pg_catalog,pg_shdepend,0,0,0,0,0,0,0,0,0
1789172437.402280,4163,pg_toast,pg_toast_2615,0,0,0,0,0,0,0,0,0
1789172437.402280,2362193,pg_toast,pg_toast_2362184,0,0,0,0,0,0,0,0,0
1789172437.402280,4169,pg_toast,pg_toast_3600,0,0,0,0,0,0,0,0,0
1789172437.402280,2615,pg_catalog,pg_namespace,1,4,7,2,0,0,0,0,0
1789172437.402280,2396,pg_catalog,pg_shdescription,0,0,0,0,0,0,0,0,0
1789172437.402280,3600,pg_catalog,pg_ts_dict,0,0,0,0,0,0,0,0,0
1789172437.402280,3596,pg_catalog,pg_seclabel,0,0,0,0,0,0,0,0,0
1789172437.402280,2609,pg_catalog,pg_description,0,0,0,0,0,0,0,0,0
1789172437.402280,13482,pg_toast,pg_toast_13479,0,0,0,0,0,0,0,0,0
1789172437.402280,2362082,pg_toast,pg_toast_2362060,0,0,0,0,0,0,0,0,0
1789172437.402280,3603,pg_catalog,pg_ts_config_map,0,0,0,0,0,0,0,0,0
1789172437.402280,1213,pg_catalog,pg_tablespace,0,0,1,1,0,0,0,0,0
1789172437.402280,2608,pg_catalog,pg_depend,0,0,0,0,0,0,0,0,0
1789172437.402280,2964,pg_catalog,pg_db_role_setting,0,0,0,0,0,0,0,0,0
1789172437.402280,1418,pg_catalog,pg_user_mapping,0,0,0,0,0,0,0,0,0
1789172437.402280,2613,pg_catalog,pg_largeobject,0,0,0,0,0,0,0,0,0
1789172437.402280,6175,pg_toast,pg_toast_3456,0,0,0,0,0,0,0,0,0
1789172437.402280,1261,pg_catalog,pg_auth_members,0,0,0,0,0,0,0,0,0
1789172437.402280,2617,pg_catalog,pg_operator,0,0,8,8,0,0,0,0,0
1789172437.402280,2610,pg_catalog,pg_index,1,221,11,13,0,0,0,0,0
1789172437.402280,1249,pg_catalog,pg_attribute,0,0,76,104,0,0,0,0,0
1789172437.402280,2600,pg_catalog,pg_aggregate,0,0,1,1,0,0,0,0,0
1789172437.402280,2966,pg_toast,pg_toast_2964,0,0,0,0,0,0,0,0,0
1789172437.402280,2618,pg_catalog,pg_rewrite,0,0,2,2,0,0,0,0,0
1789172437.402280,4177,pg_toast,pg_toast_1262,0,0,0,0,0,0,0,0,0
1789172437.402280,13484,information_schema,sql_parts,0,0,,,0,0,0,0,0
1789172437.402280,4159,pg_toast,pg_toast_2600,0,0,0,0,0,0,0,0,0
1789172437.402280,4147,pg_toast,pg_toast_3079,0,0,0,0,0,0,0,0,0
1789172437.402280,13474,information_schema,sql_features,0,0,,,0,0,0,0,0
1789172437.402280,1247,pg_catalog,pg_type,0,0,25,25,0,0,0,0,0
1789172437.402280,2602,pg_catalog,pg_amop,0,0,16,28,0,0,0,0,0
1789172437.402280,3439,pg_toast,pg_toast_3381,0,0,0,0,0,0,0,0,0
1789172437.402280,2846,pg_toast,pg_toast_2396,0,0,0,0,0,0,0,0,0
1789172437.402280,4145,pg_toast,pg_toast_3466,0,0,0,0,0,0,0,0,0
1789172437.402280,3541,pg_catalog,pg_range,0,0,0,0,0,0,0,0,0
1789172437.402280,3602,pg_catalog,pg_ts_config,0,0,0,0,0,0,0,0,0
1789172437.402280,4183,pg_toast,pg_toast_6100,0,0,0,0,0,0,0,0,0
1789172437.402280,2224,pg_catalog,pg_sequence,0,0,0,0,0,0,0,0,0
1789172437.402280,2611,pg_catalog,pg_inherits,0,0,0,0,0,0,0,0,0
1789172437.402280,1417,pg_catalog,pg_foreign_server,0,0,0,0,0,0,0,0,0
1789172437.402280,1262,pg_catalog,pg_database,0,0,0,0,0,0,0,0,0
1789172437.402280,13492,pg_toast,pg_toast_13489,0,0,0,0,0,0,0,0,0
1789172437.402280,3501,pg_catalog,pg_enum,0,0,0,0,0,0,0,0,0
1789172437.402280,2607,pg_catalog,pg_conversion,0,0,0,0,0,0,0,0,0
1789172437.402280,826,pg_catalog,pg_default_acl,0,0,0,0,0,0,0,0,0
1789172437.402280,2604,pg_catalog,pg_attrdef,0,0,0,0,0,0,0,0,0
1789172437.402280,2336,pg_toast,pg_toast_2620,0,0,0,0,0,0,0,0,0
1789172437.402280,2603,pg_catalog,pg_amproc,0,0,5,11,0,0,0,0,0
1789172437.402280,2362101,pg_toast,pg_toast_2362090,0,0,0,0,0,0,0,0,0
1789172437.402280,2606,pg_catalog,pg_constraint,0,0,3,8,0,0,0,0,0
1789172437.402280,1255,pg_catalog,pg_proc,0,0,21,26,0,0,0,0,0
1789172437.402280,4173,pg_toast,pg_toast_1418,0,0,0,0,0,0,0,0,0
1789172437.402280,2620,pg_catalog,pg_trigger,0,0,0,0,0,0,0,0,0
1789172437.402280,2362037,pg_toast,pg_toast_2362031,0,0,0,0,0,0,0,0,0
1789172437.402280,2612,pg_catalog,pg_language,0,0,0,0,0,0,0,0,0
1789172437.402280,4149,pg_toast,pg_toast_2328,0,0,0,0,0,0,0,0,0
1789172437.402280,6351,pg_toast,pg_toast_2610,0,0,0,0,0,0,0,0,0
1789172437.402280,13489,information_schema,sql_sizing,0,0,,,0,0,0,0,0
1789172437.402280,3598,pg_toast,pg_toast_3596,0,0,0,0,0,0,0,0,0
1789172437.402280,2836,pg_toast,pg_toast_1255,0,0,0,0,0,0,0,0,0
1789172437.402280,2362021,pg_toast,pg_toast_2362013,0,0,0,0,0,0,0,0,0
1789172437.402280,2362166,pg_toast,pg_toast_2362148,0,0,0,0,0,0,0,0,0
1789172437.402280,3456,pg_catalog,pg_collation,0,0,1,1,0,0,0,0,0
1789172437.402280,3079,pg_catalog,pg_extension,0,0,0,0,0,0,0,0,0
1789172437.402280,6100,pg_catalog,pg_subscription,0,0,0,0,0,0,0,0,0
1789172437.402280,2832,pg_toast,pg_toast_2606,0,0,0,0,0,0,0,0,0
1789172437.402280,3256,pg_catalog,pg_policy,0,0,0,0,0,0,0,0,0
1789172437.402280,2362029,pg_toast,pg_toast_2362023,0,0,0,0,0,0,0,0,0
1789172437.402280,3466,pg_catalog,pg_event_trigger,0,0,0,0,0,0,0,0,0
1789172437.402280,2362058,pg_toast,pg_toast_2362051,0,0,0,0,0,0,0,0,0
1789172437.402280,3592,pg_catalog,pg_shseclabel,0,0,0,0,0,0,0,0,0
1789172437.402280,3764,pg_catalog,pg_ts_template,0,0,0,0,0,0,0,0,0
1789172437.402280,6237,pg_catalog,pg_publication_namespace,0,0,0,0,0,0,0,0,0
1789172437.402280,13487,pg_toast,pg_toast_13484,0,0,0,0,0,0,0,0,0
1789172437.402280,2995,pg_catalog,pg_largeobject_metadata,0,0,0,0,0,0,0,0,0
1789172437.402280,4143,pg_toast,pg_toast_826,0,0,0,0,0,0,0,0,0
1789172437.402280,4185,pg_toast,pg_toast_1213,0,0,0,0,0,0,0,0,0
1789172437.402280,6243,pg_catalog,pg_parameter_acl,0,0,0,0,0,0,0,0,0
1789172437.402280,2361988,pg_toast,pg_toast_2361978,0,0,0,0,0,0,0,0,0
1789172437.402280,2616,pg_catalog,pg_opclass,0,0,10,179,0,0,0,0,0
1789172437.402280,2362137,pg_toast,pg_toast_2362128,0,0,0,0,0,0,0,0,0
1789172437.402280,2838,pg_toast,pg_toast_2618,0,0,1,3,0,0,0,0,0
1789172437.402280,6228,pg_toast,pg_toast_6106,0,0,0,0,0,0,0,0,0
1789172437.402280,3118,pg_catalog,pg_foreign_table,0,0,0,0,0,0,0,0,0
1789172437.402280,1259,pg_catalog,pg_class,1,523,14,14,0,0,0,0,0
1789172437.402280,3350,pg_catalog,pg_partitioned_table,0,0,0,0,0,0,0,0,0
1789172437.402280,4153,pg_toast,pg_toast_3118,0,0,0,0,0,0,0,0,0
1789172437.402280,4060,pg_toast,pg_toast_3592,0,0,0,0,0,0,0,0,0
1789172437.402280,4165,pg_toast,pg_toast_3350,0,0,0,0,0,0,0,0,0
1789172437.402280,2753,pg_catalog,pg_opfamily,0,0,2,2,0,0,0,0,0
1789172437.402280,3601,pg_catalog,pg_ts_parser,0,0,0,0,0,0,0,0,0
1789172437.402280,6104,pg_catalog,pg_publication,0,0,0,0,0,0,0,0,0
1789172437.402280,13477,pg_toast,pg_toast_13474,0,0,0,0,0,0,0,0,0
1789172437.402280,3429,pg_catalog,pg_statistic_ext_data,0,0,0,0,0,0,0,0,0
1789172437.402280,2619,pg_catalog,pg_statistic,0,0,17,8,0,0,0,0,0
1789172437.402280,4155,pg_toast,pg_toast_3394,0,0,0,0,0,0,0,0,0
1789172437.402280,2362224,pg_toast,pg_toast_2362205,0,0,0,0,0,0,0,0,0
1789172437.402280,3381,pg_catalog,pg_statistic_ext,0,0,3,0,0,0,0,0,0
1789172437.402280,6106,pg_catalog,pg_publication_rel,0,0,0,0,0,0,0,0,0
1789172437.402280,2605,pg_catalog,pg_cast,0,0,54,8,0,0,0,0,0
1789172437.402280,4171,pg_toast,pg_toast_1247,0,0,0,0,0,0,0,0,0
1789172437.402280,2830,pg_toast,pg_toast_2604,0,0,0,0,0,0,0,0,0
1789172437.402280,13479,information_schema,sql_implementation_info,0,0,,,0,0,0,0,0
1789172437.402280,6244,pg_toast,pg_toast_6243,0,0,0,0,0,0,0,0,0
1789172437.402280,2361971,pg_toast,pg_toast_2361963,0,0,0,0,0,0,0,0,0
1789172437.402280,3430,pg_toast,pg_toast_3429,0,0,0,0,0,0,0,0,0
1789172437.402280,3576,pg_catalog,pg_transform,0,0,0,0,0,0,0,0,0
1789172437.402280,2601,pg_catalog,pg_am,0,0,0,0,0,0,0,0,0
1789172497.508219,3394,pg_catalog,pg_init_privs,0,0,0,0,0,0,0,0,0
1789172497.508219,4167,pg_toast,pg_toast_3256,0,0,0,0,0,0,0,0,0
1789172497.508219,4151,pg_toast,pg_toast_1417,0,0,0,0,0,0,0,0,0
1789172497.508219,2834,pg_toast,pg_toast_2609,0,0,0,0,0,0,0,0,0
1789172497.508219,6000,pg_catalog,pg_replication_origin,0,0,0,0,0,0,0,0,0
1789172497.508219,2840,pg_toast,pg_toast_2619,0,0,0,0,0,0,0,0,0
1789172497.508219,2328,pg_catalog,pg_foreign_data_wrapper,0,0,0,0,0,0,0,0,0
1789172497.508219,4157,pg_toast,pg_toast_2612,0,0,0,0,0,0,0,0,0
1789172497.508219,1260,pg_catalog,pg_authid,0,0,0,0,0,0,0,0,0
1789172497.508219,2362182,pg_toast,pg_toast_2362174,0,0,0,0,0,0,0,0,0
1789172497.508219,6102,pg_catalog,pg_subscription_rel,0,0,0,0,0,0,0,0,0
1789172497.508219,1214,pg_catalog,pg_shdepend,0,0,0,0,0,0,0,0,0
1789172497.508219,4163,pg_toast,pg_toast_2615,0,0,0,0,0,0,0,0,0
1789172497.508219,2362193,pg_toast,pg_toast_2362184,0,0,0,0,0,0,0,0,0
1789172497.508219,4169,pg_toast,pg_toast_3600,0,0,0,0,0,0,0,0,0
1789172497.508219,2615,pg_catalog,pg_namespace,1,4,7,2,0,0,0,0,0
1789172497.508219,2396,pg_catalog,pg_shdescription,0,0,0,0,0,0,0,0,0
1789172497.508219,3600,pg_catalog,pg_ts_dict,0,0,0,0,0,0,0,0,0
1789172497.508219,3596,pg_catalog,pg_seclabel,0,0,0,0,0,0,0,0,0
1789172497.508219,2609,pg_catalog,pg_description,0,0,0,0,0,0,0,0,0
1789172497.508219,13482,pg_toast,pg_toast_13479,0,0,0,0,0,0,0,0,0
1789172497.508219,2362082,pg_toast,pg_toast_2362060,0,0,0,0,0,0,0,0,0
1789172497.508219,3603,pg_catalog,pg_ts_config_map,0,0,0,0,0,0,0,0,0
1789172497.508219,1213,pg_catalog,pg_tablespace,0,0,1,1,0,0,0,0,0
1789172497.508219,2608,pg_catalog,pg_depend,0,0,0,0,0,0,0,0,0
1789172497.508219,2964,pg_catalog,pg_db_role_setting,0,0,0,0,0,0,0,0,0
1789172497.508219,1418,pg_catalog,pg_user_mapping,0,0,0,0,0,0,0,0,0
1789172497.508219,2613,pg_catalog,pg_largeobject,0,0,0,0,0,0,0,0,0
1789172497.508219,6175,pg_toast,pg_toast_3456,0,0,0,0,0,0,0,0,0
1789172497.508219,1261,pg_catalog,pg_auth_members,0,0,0,0,0,0,0,0,0
1789172497.508219,2617,pg_catalog,pg_operator,0,0,8,8,0,0,0,0,0
1789172497.508219,2610,pg_catalog,pg_index,1,221,11,13,0,0,0,0,0
1789172497.508219,1249,pg_catalog,pg_attribute,0,0,76,104,0,0,0,0,0
1789172497.508219,2600,pg_catalog,pg_aggregate,0,0,1,1,0,0,0,0,0
1789172497.508219,2966,pg_toast,pg_toast_2964,0,0,0,0,0,0,0,0,0
1789172497.508219,2618,pg_catalog,pg_rewrite,0,0,2,2,0,0,0,0,0
1789172497.508219,4177,pg_toast,pg_toast_1262,0,0,0,0,0,0,0,0,0
1789172497.508219,13484,information_schema,sql_parts,0,0,,,0,0,0,0,0
1789172497.508219,4159,pg_toast,pg_toast_2600,0,0,0,0,0,0,0,0,0
1789172497.508219,4147,pg_toast,pg_toast_3079,0,0,0,0,0,0,0,0,0
1789172497.508219,13474,information_schema,sql_features,0,0,,,0,0,0,0,0
1789172497.508219,1247,pg_catalog,pg_type,0,0,25,25,0,0,0,0,0
1789172497.508219,2602,pg_catalog,pg_amop,0,0,16,28,0,0,0,0,0
1789172497.508219,3439,pg_toast,pg_toast_3381,0,0,0,0,0,0,0,0,0
1789172497.508219,2846,pg_toast,pg_toast_2396,0,0,0,0,0,0,0,0,0
1789172497.508219,4145,pg_toast,pg_toast_3466,0,0,0,0,0,0,0,0,0
1789172497.508219,3541,pg_catalog,pg_range,0,0,0,0,0,0,0,0,0
1789172497.508219,3602,pg_catalog,pg_ts_config,0,0,0,0,0,0,0,0,0
1789172497.508219,4183,pg_toast,pg_toast_6100,0,0,0,0,0,0,0,0,0
1789172497.508219,2224,pg_catalog,pg_sequence,0,0,0,0,0,0,0,0,0
1789172497.508219,2611,pg_catalog,pg_inherits,0,0,0,0,0,0,0,0,0
1789172497.508219,1417,pg_catalog,pg_foreign_server,0,0,0,0,0,0,0,0,0
1789172497.508219,1262,pg_catalog,pg_database,0,0,0,0,0,0,0,0,0
1789172497.508219,13492,pg_toast,pg_toast_13489,0,0,0,0,0,0,0,0,0
1789172497.508219,3501,pg_catalog,pg_enum,0,0,0,0,0,0,0,0,0
1789172497.508219,2607,pg_catalog,pg_conversion,0,0,0,0,0,0,0,0,0
1789172497.508219,826,pg_catalog,pg_default_acl,0,0,0,0,0,0,0,0,0
1789172497.508219,2604,pg_catalog,pg_attrdef,0,0,0,0,0,0,0,0,0
1789172497.508219,2336,pg_toast,pg_toast_2620,0,0,0,0,0,0,0,0,0
1789172497.508219,2603,pg_catalog,pg_amproc,0,0,5,11,0,0,0,0,0
1789172497.508219,2362101,pg_toast,pg_toast_2362090,0,0,0,0,0,0,0,0,0
1789172497.508219,2606,pg_catalog,pg_constraint,0,0,3,8,0,0,0,0,0
1789172497.508219,1255,pg_catalog,pg_proc,0,0,21,26,0,0,0,0,0
1789172497.508219,4173,pg_toast,pg_toast_1418,0,0,0,0,0,0,0,0,0
1789172497.508219,2620,pg_catalog,pg_trigger,0,0,0,0,0,0,0,0,0
1789172497.508219,2362037,pg_toast,pg_toast_2362031,0,0,0,0,0,0,0,0,0
1789172497.508219,2612,pg_catalog,pg_language,0,0,0,0,0,0,0,0,0
1789172497.508219,4149,pg_toast,pg_toast_2328,0,0,0,0,0,0,0,0,0
1789172497.508219,6351,pg_toast,pg_toast_2610,0,0,0,0,0,0,0,0,0
1789172497.508219,13489,information_schema,sql_sizing,0,0,,,0,0,0,0,0
1789172497.508219,3598,pg_toast,pg_toast_3596,0,0,0,0,0,0,0,0,0
1789172497.508219,2836,pg_toast,pg_toast_1255,0,0,0,0,0,0,0,0,0
1789172497.508219,2362021,pg_toast,pg_toast_2362013,0,0,0,0,0,0,0,0,0
1789172497.508219,2362166,pg_toast,pg_toast_2362148,0,0,0,0,0,0,0,0,0
1789172497.508219,3456,pg_catalog,pg_collation,0,0,1,1,0,0,0,0,0
1789172497.508219,3079,pg_catalog,pg_extension,0,0,0,0,0,0,0,0,0
1789172497.508219,6100,pg_catalog,pg_subscription,0,0,0,0,0,0,0,0,0
1789172497.508219,2832,pg_toast,pg_toast_2606,0,0,0,0,0,0,0,0,0
1789172497.508219,3256,pg_catalog,pg_policy,0,0,0,0,0,0,0,0,0
1789172497.508219,2362029,pg_toast,pg_toast_2362023,0,0,0,0,0,0,0,0,0
1789172497.508219,3466,pg_catalog,pg_event_trigger,0,0,0,0,0,0,0,0,0
1789172497.508219,2362058,pg_toast,pg_toast_2362051,0,0,0,0,0,0,0,0,0
1789172497.508219,3592,pg_catalog,pg_shseclabel,0,0,0,0,0,0,0,0,0
1789172497.508219,3764,pg_catalog,pg_ts_template,0,0,0,0,0,0,0,0,0
1789172497.508219,6237,pg_catalog,pg_publication_namespace,0,0,0,0,0,0,0,0,0
1789172497.508219,13487,pg_toast,pg_toast_13484,0,0,0,0,0,0,0,0,0
1789172497.508219,2995,pg_catalog,pg_largeobject_metadata,0,0,0,0,0,0,0,0,0
1789172497.508219,4143,pg_toast,pg_toast_826,0,0,0,0,0,0,0,0,0
1789172497.508219,4185,pg_toast,pg_toast_1213,0,0,0,0,0,0,0,0,0
1789172497.508219,6243,pg_catalog,pg_parameter_acl,0,0,0,0,0,0,0,0,0
1789172497.508219,2361988,pg_toast,pg_toast_2361978,0,0,0,0,0,0,0,0,0
1789172497.508219,2616,pg_catalog,pg_opclass,0,0,10,179,0,0,0,0,0
1789172497.508219,2362137,pg_toast,pg_toast_2362128,0,0,0,0,0,0,0,0,0
1789172497.508219,2838,pg_toast,pg_toast_2618,0,0,1,3,0,0,0,0,0
1789172497.508219,6228,pg_toast,pg_toast_6106,0,0,0,0,0,0,0,0,0
1789172497.508219,3118,pg_catalog,pg_foreign_table,0,0,0,0,0,0,0,0,0
1789172497.508219,1259,pg_catalog,pg_class,1,523,14,14,0,0,0,0,0
1789172497.508219,3350,pg_catalog,pg_partitioned_table,0,0,0,0,0,0,0,0,0
1789172497.508219,4153,pg_toast,pg_toast_3118,0,0,0,0,0,0,0,0,0
1789172497.508219,4060,pg_toast,pg_toast_3592,0,0,0,0,0,0,0,0,0
1789172497.508219,4165,pg_toast,pg_toast_3350,0,0,0,0,0,0,0,0,0
1789172497.508219,2753,pg_catalog,pg_opfamily,0,0,2,2,0,0,0,0,0
1789172497.508219,3601,pg_catalog,pg_ts_parser,0,0,0,0,0,0,0,0,0
1789172497.508219,6104,pg_catalog,pg_publication,0,0,0,0,0,0,0,0,0
1789172497.508219,13477,pg_toast,pg_toast_13474,0,0,0,0,0,0,0,0,0
1789172497.508219,3429,pg_catalog,pg_statistic_ext_data,0,0,0,0,0,0,0,0,0
1789172497.508219,2619,pg_catalog,pg_statistic,0,0,17,8,0,0,0,0,0
1789172497.508219,4155,pg_toast,pg_toast_3394,0,0,0,0,0,0,0,0,0
1789172497.508219,2362224,pg_toast,pg_toast_2362205,0,0,0,0,0,0,0,0,0
1789172497.508219,3381,pg_catalog,pg_statistic_ext,0,0,3,0,0,0,0,0,0
1789172497.508219,6106,pg_catalog,pg_publication_rel,0,0,0,0,0,0,0,0,0
1789172497.508219,2605,pg_catalog,pg_cast,0,0,54,8,0,0,0,0,0
1789172497.508219,4171,pg_toast,pg_toast_1247,0,0,0,0,0,0,0,0,0
1789172497.508219,2830,pg_toast,pg_toast_2604,0,0,0,0,0,0,0,0,0
1789172497.508219,13479,information_schema,sql_implementation_info,0,0,,,0,0,0,0,0
1789172497.508219,6244,pg_toast,pg_toast_6243,0,0,0,0,0,0,0,0,0
1789172497.508219,2361971,pg_toast,pg_toast_2361963,0,0,0,0,0,0,0,0,0
1789172497.508219,3430,pg_toast,pg_toast_3429,0,0,0,0,0,0,0,0,0
1789172497.508219,3576,pg_catalog,pg_transform,0,0,0,0,0,0,0,0,0
1789172497.508219,2601,pg_catalog,pg_am,0,0,0,0,0,0,0,0,0
1789172557.625371,3394,pg_catalog,pg_init_privs,0,0,0,0,0,0,0,0,0
1789172557.625371,4167,pg_toast,pg_toast_3256,0,0,0,0,0,0,0,0,0
1789172557.625371,4151,pg_toast,pg_toast_1417,0,0,0,0,0,0,0,0,0
1789172557.625371,2834,pg_toast,pg_toast_2609,0,0,0,0,0,0,0,0,0
1789172557.625371,6000,pg_catalog,pg_replication_origin,0,0,0,0,0,0,0,0,0
1789172557.625371,2840,pg_toast,pg_toast_2619,0,0,0,0,0,0,0,0,0
1789172557.625371,2328,pg_catalog,pg_foreign_data_wrapper,0,0,0,0,0,0,0,0,0
1789172557.625371,4157,pg_toast,pg_toast_2612,0,0,0,0,0,0,0,0,0
1789172557.625371,1260,pg_catalog,pg_authid,0,0,0,0,0,0,0,0,0
1789172557.625371,2362182,pg_toast,pg_toast_2362174,0,0,0,0,0,0,0,0,0
1789172557.625371,6102,pg_catalog,pg_subscription_rel,0,0,0,0,0,0,0,0,0
1789172557.625371,1214,pg_catalog,pg_shdepend,0,0,0,0,0,0,0,0,0
1789172557.625371,4163,pg_toast,pg_toast_2615,0,0,0,0,0,0,0,0,0
1789172557.625371,2362193,pg_toast,pg_toast_2362184,0,0,0,0,0,0,0,0,0
1789172557.625371,4169,pg_toast,pg_toast_3600,0,0,0,0,0,0,0,0,0
1789172557.625371,2615,pg_catalog,pg_namespace,1,4,7,2,0,0,0,0,0
1789172557.625371,2396,pg_catalog,pg_shdescription,0,0,0,0,0,0,0,0,0
1789172557.625371,3600,pg_catalog,pg_ts_dict,0,0,0,0,0,0,0,0,0
1789172557.625371,3596,pg_catalog,pg_seclabel,0,0,0,0,0,0,0,0,0
1789172557.625371,2609,pg_catalog,pg_description,0,0,0,0,0,0,0,0,0
1789172557.625371,13482,pg_toast,pg_toast_13479,0,0,0,0,0,0,0,0,0
1789172557.625371,2362082,pg_toast,pg_toast_2362060,0,0,0,0,0,0,0,0,0
1789172557.625371,3603,pg_catalog,pg_ts_config_map,0,0,0,0,0,0,0,0,0
1789172557.625371,1213,pg_catalog,pg_tablespace,0,0,1,1,0,0,0,0,0
1789172557.625371,2608,pg_catalog,pg_depend,0,0,0,0,0,0,0,0,0
1789172557.625371,2964,pg_catalog,pg_db_role_setting,0,0,0,0,0,0,0,0,0
1789172557.625371,1418,pg_catalog,pg_user_mapping,0,0,0,0,0,0,0,0,0
1789172557.625371,2613,pg_catalog,pg_largeobject,0,0,0,0,0,0,0,0,0
1789172557.625371,6175,pg_toast,pg_toast_3456,0,0,0,0,0,0,0,0,0
1789172557.625371,1261,pg_catalog,pg_auth_members,0,0,0,0,0,0,0,0,0
1789172557.625371,2617,pg_catalog,pg_operator,0,0,8,8,0,0,0,0,0
1789172557.625371,2610,pg_catalog,pg_index,1,221,11,13,0,0,0,0,0
1789172557.625371,1249,pg_catalog,pg_attribute,0,0,76,104,0,0,0,0,0
1789172557.625371,2600,pg_catalog,pg_aggregate,0,0,1,1,0,0,0,0,0
1789172557.625371,2966,pg_toast,pg_toast_2964,0,0,0,0,0,0,0,0,0
1789172557.625371,2618,pg_catalog,pg_rewrite,0,0,2,2,0,0,0,0,0
1789172557.625371,4177,pg_toast,pg_toast_1262,0,0,0,0,0,0,0,0,0
1789172557.625371,13484,information_schema,sql_parts,0,0,,,0,0,0,0,0
1789172557.625371,4159,pg_toast,pg_toast_2600,0,0,0,0,0,0,0,0,0
1789172557.625371,4147,pg_toast,pg_toast_3079,0,0,0,0,0,0,0,0,0
1789172557.625371,13474,information_schema,sql_features,0,0,,,0,0,0,0,0
1789172557.625371,1247,pg_catalog,pg_type,0,0,25,25,0,0,0,0,0
1789172557.625371,2602,pg_catalog,pg_amop,0,0,16,28,0,0,0,0,0
1789172557.625371,3439,pg_toast,pg_toast_3381,0,0,0,0,0,0,0,0,0
1789172557.625371,2846,pg_toast,pg_toast_2396,0,0,0,0,0,0,0,0,0
1789172557.625371,4145,pg_toast,pg_toast_3466,0,0,0,0,0,0,0,0,0
1789172557.625371,3541,pg_catalog,pg_range,0,0,0,0,0,0,0,0,0
1789172557.625371,3602,pg_catalog,pg_ts_config,0,0,0,0,0,0,0,0,0
1789172557.625371,4183,pg_toast,pg_toast_6100,0,0,0,0,0,0,0,0,0
1789172557.625371,2224,pg_catalog,pg_sequence,0,0,0,0,0,0,0,0,0
1789172557.625371,2611,pg_catalog,pg_inherits,0,0,0,0,0,0,0,0,0
1789172557.625371,1417,pg_catalog,pg_foreign_server,0,0,0,0,0,0,0,0,0
1789172557.625371,1262,pg_catalog,pg_database,0,0,0,0,0,0,0,0,0
1789172557.625371,13492,pg_toast,pg_toast_13489,0,0,0,0,0,0,0,0,0
1789172557.625371,3501,pg_catalog,pg_enum,0,0,0,0,0,0,0,0,0
1789172557.625371,2607,pg_catalog,pg_conversion,0,0,0,0,0,0,0,0,0
1789172557.625371,826,pg_catalog,pg_default_acl,0,0,0,0,0,0,0,0,0
1789172557.625371,2604,pg_catalog,pg_attrdef,0,0,0,0,0,0,0,0,0
1789172557.625371,2336,pg_toast,pg_toast_2620,0,0,0,0,0,0,0,0,0
1789172557.625371,2603,pg_catalog,pg_amproc,0,0,5,11,0,0,0,0,0
1789172557.625371,2362101,pg_toast,pg_toast_2362090,0,0,0,0,0,0,0,0,0
1789172557.625371,2606,pg_catalog,pg_constraint,0,0,3,8,0,0,0,0,0
1789172557.625371,1255,pg_catalog,pg_proc,0,0,21,26,0,0,0,0,0
1789172557.625371,4173,pg_toast,pg_toast_1418,0,0,0,0,0,0,0,0,0
1789172557.625371,2620,pg_catalog,pg_trigger,0,0,0,0,0,0,0,0,0
1789172557.625371,2362037,pg_toast,pg_toast_2362031,0,0,0,0,0,0,0,0,0
1789172557.625371,2612,pg_catalog,pg_language,0,0,0,0,0,0,0,0,0
1789172557.625371,4149,pg_toast,pg_toast_2328,0,0,0,0,0,0,0,0,0
1789172557.625371,6351,pg_toast,pg_toast_2610,0,0,0,0,0,0,0,0,0
1789172557.625371,13489,information_schema,sql_sizing,0,0,,,0,0,0,0,0
1789172557.625371,3598,pg_toast,pg_toast_3596,0,0,0,0,0,0,0,0,0
1789172557.625371,2836,pg_toast,pg_toast_1255,0,0,0,0,0,0,0,0,0
1789172557.625371,2362021,pg_toast,pg_toast_2362013,0,0,0,0,0,0,0,0,0
1789172557.625371,2362166,pg_toast,pg_toast_2362148,0,0,0,0,0,0,0,0,0
1789172557.625371,3456,pg_catalog,pg_collation,0,0,1,1,0,0,0,0,0
1789172557.625371,3079,pg_catalog,pg_extension,0,0,0,0,0,0,0,0,0
1789172557.625371,6100,pg_catalog,pg_subscription,0,0,0,0,0,0,0,0,0
1789172557.625371,2832,pg_toast,pg_toast_2606,0,0,0,0,0,0,0,0,0
1789172557.625371,3256,pg_catalog,pg_policy,0,0,0,0,0,0,0,0,0
1789172557.625371,2362029,pg_toast,pg_toast_2362023,0,0,0,0,0,0,0,0,0
1789172557.625371,3466,pg_catalog,pg_event_trigger,0,0,0,0,0,0,0,0,0
1789172557.625371,2362058,pg_toast,pg_toast_2362051,0,0,0,0,0,0,0,0,0
1789172557.625371,3592,pg_catalog,pg_shseclabel,0,0,0,0,0,0,0,0,0
1789172557.625371,3764,pg_catalog,pg_ts_template,0,0,0,0,0,0,0,0,0
1789172557.625371,6237,pg_catalog,pg_publication_namespace,0,0,0,0,0,0,0,0,0
1789172557.625371,13487,pg_toast,pg_toast_13484,0,0,0,0,0,0,0,0,0
1789172557.625371,2995,pg_catalog,pg_largeobject_metadata,0,0,0,0,0,0,0,0,0
1789172557.625371,4143,pg_toast,pg_toast_826,0,0,0,0,0,0,0,0,0
1789172557.625371,4185,pg_toast,pg_toast_1213,0,0,0,0,0,0,0,0,0
1789172557.625371,6243,pg_catalog,pg_parameter_acl,0,0,0,0,0,0,0,0,0
1789172557.625371,2361988,pg_toast,pg_toast_2361978,0,0,0,0,0,0,0,0,0
1789172557.625371,2616,pg_catalog,pg_opclass,0,0,10,179,0,0,0,0,0
1789172557.625371,2362137,pg_toast,pg_toast_2362128,0,0,0,0,0,0,0,0,0
1789172557.625371,2838,pg_toast,pg_toast_2618,0,0,1,3,0,0,0,0,0
1789172557.625371,6228,pg_toast,pg_toast_6106,0,0,0,0,0,0,0,0,0
1789172557.625371,3118,pg_catalog,pg_foreign_table,0,0,0,0,0,0,0,0,0
1789172557.625371,1259,pg_catalog,pg_class,1,523,14,14,0,0,0,0,0
1789172557.625371,3350,pg_catalog,pg_partitioned_table,0,0,0,0,0,0,0,0,0
1789172557.625371,4153,pg_toast,pg_toast_3118,0,0,0,0,0,0,0,0,0
1789172557.625371,4060,pg_toast,pg_toast_3592,0,0,0,0,0,0,0,0,0
1789172557.625371,4165,pg_toast,pg_toast_3350,0,0,0,0,0,0,0,0,0
1789172557.625371,2753,pg_catalog,pg_opfamily,0,0,2,2,0,0,0,0,0
1789172557.625371,3601,pg_catalog,pg_ts_parser,0,0,0,0,0,0,0,0,0
1789172557.625371,6104,pg_catalog,pg_publication,0,0,0,0,0,0,0,0,0
1789172557.625371,13477,pg_toast,pg_toast_13474,0,0,0,0,0,0,0,0,0
1789172557.625371,3429,pg_catalog,pg_statistic_ext_data,0,0,0,0,0,0,0,0,0
1789172557.625371,2619,pg_catalog,pg_statistic,0,0,17,8,0,0,0,0,0
1789172557.625371,4155,pg_toast,pg_toast_3394,0,0,0,0,0,0,0,0,0
1789172557.625371,2362224,pg_toast,pg_toast_2362205,0,0,0,0,0,0,0,0,0
1789172557.625371,3381,pg_catalog,pg_statistic_ext,0,0,3,0,0,0,0,0,0
1789172557.625371,6106,pg_catalog,pg_publication_rel,0,0,0,0,0,0,0,0,0
1789172557.625371,2605,pg_catalog,pg_cast,0,0,54,8,0,0,0,0,0
1789172557.625371,4171,pg_toast,pg_toast_1247,0,0,0,0,0,0,0,0,0
1789172557.625371,2830,pg_toast,pg_toast_2604,0,0,0,0,0,0,0,0,0
1789172557.625371,13479,information_schema,sql_implementation_info,0,0,,,0,0,0,0,0
1789172557.625371,6244,pg_toast,pg_toast_6243,0,0,0,0,0,0,0,0,0
1789172557.625371,2361971,pg_toast,pg_toast_2361963,0,0,0,0,0,0,0,0,0
1789172557.625371,3430,pg_toast,pg_toast_3429,0,0,0,0,0,0,0,0,0
1789172557.625371,3576,pg_catalog,pg_transform,0,0,0,0,0,0,0,0,0
1789172557.625371,2601,pg_catalog,pg_am,0,0,0,0,0,0,0,0,0
1789172617.969563,3394,pg_catalog,pg_init_privs,0,0,0,0,0,0,0,0,0
1789172617.969563,4167,pg_toast,pg_toast_3256,0,0,0,0,0,0,0,0,0
1789172617.969563,4151,pg_toast,pg_toast_1417,0,0,0,0,0,0,0,0,0
1789172617.969563,2834,pg_toast,pg_toast_2609,0,0,0,0,0,0,0,0,0
1789172617.969563,6000,pg_catalog,pg_replication_origin,0,0,0,0,0,0,0,0,0
1789172617.969563,2840,pg_toast,pg_toast_2619,0,0,0,0,0,0,0,0,0
1789172617.969563,2328,pg_catalog,pg_foreign_data_wrapper,0,0,0,0,0,0,0,0,0
1789172617.969563,4157,pg_toast,pg_toast_2612,0,0,0,0,0,0,0,0,0
1789172617.969563,1260,pg_catalog,pg_authid,0,0,0,0,0,0,0,0,0
1789172617.969563,2362182,pg_toast,pg_toast_2362174,0,0,0,0,0,0,0,0,0
1789172617.969563,6102,pg_catalog,pg_subscription_rel,0,0,0,0,0,0,0,0,0
1789172617.969563,1214,pg_catalog,pg_shdepend,0,0,0,0,0,0,0,0,0
1789172617.969563,4163,pg_toast,pg_toast_2615,0,0,0,0,0,0,0,0,0
1789172617.969563,2362193,pg_toast,pg_toast_2362184,0,0,0,0,0,0,0,0,0
1789172617.969563,4169,pg_toast,pg_toast_3600,0,0,0,0,0,0,0,0,0
1789172617.969563,2615,pg_catalog,pg_namespace,1,4,7,2,0,0,0,0,0
1789172617.969563,2396,pg_catalog,pg_shdescription,0,0,0,0,0,0,0,0,0
1789172617.969563,3600,pg_catalog,pg_ts_dict,0,0,0,0,0,0,0,0,0
1789172617.969563,3596,pg_catalog,pg_seclabel,0,0,0,0,0,0,0,0,0
1789172617.969563,2609,pg_catalog,pg_description,0,0,0,0,0,0,0,0,0
1789172617.969563,13482,pg_toast,pg_toast_13479,0,0,0,0,0,0,0,0,0
1789172617.969563,2362082,pg_toast,pg_toast_2362060,0,0,0,0,0,0,0,0,0
1789172617.969563,3603,pg_catalog,pg_ts_config_map,0,0,0,0,0,0,0,0,0
1789172617.969563,1213,pg_catalog,pg_tablespace,0,0,1,1,0,0,0,0,0
1789172617.969563,2608,pg_catalog,pg_depend,0,0,0,0,0,0,0,0,0
1789172617.969563,2964,pg_catalog,pg_db_role_setting,0,0,0,0,0,0,0,0,0
1789172617.969563,1418,pg_catalog,pg_user_mapping,0,0,0,0,0,0,0,0,0
1789172617.969563,2613,pg_catalog,pg_largeobject,0,0,0,0,0,0,0,0,0
1789172617.969563,6175,pg_toast,pg_toast_3456,0,0,0,0,0,0,0,0,0
1789172617.969563,1261,pg_catalog,pg_auth_members,0,0,0,0,0,0,0,0,0
1789172617.969563,2617,pg_catalog,pg_operator,0,0,8,8,0,0,0,0,0
1789172617.969563,2610,pg_catalog,pg_index,1,221,11,13,0,0,0,0,0
1789172617.969563,1249,pg_catalog,pg_attribute,0,0,76,104,0,0,0,0,0
1789172617.969563,2600,pg_catalog,pg_aggregate,0,0,1,1,0,0,0,0,0
1789172617.969563,2966,pg_toast,pg_toast_2964,0,0,0,0,0,0,0,0,0
1789172617.969563,2618,pg_catalog,pg_rewrite,0,0,2,2,0,0,0,0,0
1789172617.969563,4177,pg_toast,pg_toast_1262,0,0,0,0,0,0,0,0,0
1789172617.969563,13484,information_schema,sql_parts,0,0,,,0,0,0,0,0
1789172617.969563,4159,pg_toast,pg_toast_2600,0,0,0,0,0,0,0,0,0
1789172617.969563,4147,pg_toast,pg_toast_3079,0,0,0,0,0,0,0,0,0
1789172617.969563,13474,information_schema,sql_features,0,0,,,0,0,0,0,0
1789172617.969563,1247,pg_catalog,pg_type,0,0,25,25,0,0,0,0,0
1789172617.969563,2602,pg_catalog,pg_amop,0,0,16,28,0,0,0,0,0
1789172617.969563,3439,pg_toast,pg_toast_3381,0,0,0,0,0,0,0,0,0
1789172617.969563,2846,pg_toast,pg_toast_2396,0,0,0,0,0,0,0,0,0
1789172617.969563,4145,pg_toast,pg_toast_3466,0,0,0,0,0,0,0,0,0
1789172617.969563,3541,pg_catalog,pg_range,0,0,0,0,0,0,0,0,0
1789172617.969563,3602,pg_catalog,pg_ts_config,0,0,0,0,0,0,0,0,0
1789172617.969563,4183,pg_toast,pg_toast_6100,0,0,0,0,0,0,0,0,0
1789172617.969563,2224,pg_catalog,pg_sequence,0,0,0,0,0,0,0,0,0
1789172617.969563,2611,pg_catalog,pg_inherits,0,0,0,0,0,0,0,0,0
1789172617.969563,1417,pg_catalog,pg_foreign_server,0,0,0,0,0,0,0,0,0
1789172617.969563,1262,pg_catalog,pg_database,0,0,0,0,0,0,0,0,0
1789172617.969563,13492,pg_toast,pg_toast_13489,0,0,0,0,0,0,0,0,0
1789172617.969563,3501,pg_catalog,pg_enum,0,0,0,0,0,0,0,0,0
1789172617.969563,2607,pg_catalog,pg_conversion,0,0,0,0,0,0,0,0,0
1789172617.969563,826,pg_catalog,pg_default_acl,0,0,0,0,0,0,0,0,0
1789172617.969563,2604,pg_catalog,pg_attrdef,0,0,0,0,0,0,0,0,0
1789172617.969563,2336,pg_toast,pg_toast_2620,0,0,0,0,0,0,0,0,0
1789172617.969563,2603,pg_catalog,pg_amproc,0,0,5,11,0,0,0,0,0
1789172617.969563,2362101,pg_toast,pg_toast_2362090,0,0,0,0,0,0,0,0,0
1789172617.969563,2606,pg_catalog,pg_constraint,0,0,3,8,0,0,0,0,0
1789172617.969563,1255,pg_catalog,pg_proc,0,0,21,26,0,0,0,0,0
1789172617.969563,4173,pg_toast,pg_toast_1418,0,0,0,0,0,0,0,0,0
1789172617.969563,2620,pg_catalog,pg_trigger,0,0,0,0,0,0,0,0,0
1789172617.969563,2362037,pg_toast,pg_toast_2362031,0,0,0,0,0,0,0,0,0
1789172617.969563,2612,pg_catalog,pg_language,0,0,0,0,0,0,0,0,0
1789172617.969563,4149,pg_toast,pg_toast_2328,0,0,0,0,0,0,0,0,0
1789172617.969563,6351,pg_toast,pg_toast_2610,0,0,0,0,0,0,0,0,0
1789172617.969563,13489,information_schema,sql_sizing,0,0,,,0,0,0,0,0
1789172617.969563,3598,pg_toast,pg_toast_3596,0,0,0,0,0,0,0,0,0
1789172617.969563,2836,pg_toast,pg_toast_1255,0,0,0,0,0,0,0,0,0
1789172617.969563,2362021,pg_toast,pg_toast_2362013,0,0,0,0,0,0,0,0,0
1789172617.969563,2362166,pg_toast,pg_toast_2362148,0,0,0,0,0,0,0,0,0
1789172617.969563,3456,pg_catalog,pg_collation,0,0,1,1,0,0,0,0,0
1789172617.969563,3079,pg_catalog,pg_extension,0,0,0,0,0,0,0,0,0
1789172617.969563,6100,pg_catalog,pg_subscription,0,0,0,0,0,0,0,0,0
1789172617.969563,2832,pg_toast,pg_toast_2606,0,0,0,0,0,0,0,0,0
1789172617.969563,3256,pg_catalog,pg_policy,0,0,0,0,0,0,0,0,0
1789172617.969563,2362029,pg_toast,pg_toast_2362023,0,0,0,0,0,0,0,0,0
1789172617.969563,3466,pg_catalog,pg_event_trigger,0,0,0,0,0,0,0,0,0
1789172617.969563,2362058,pg_toast,pg_toast_2362051,0,0,0,0,0,0,0,0,0
1789172617.969563,3592,pg_catalog,pg_shseclabel,0,0,0,0,0,0,0,0,0
1789172617.969563,3764,pg_catalog,pg_ts_template,0,0,0,0,0,0,0,0,0
1789172617.969563,6237,pg_catalog,pg_publication_namespace,0,0,0,0,0,0,0,0,0
1789172617.969563,13487,pg_toast,pg_toast_13484,0,0,0,0,0,0,0,0,0
1789172617.969563,2995,pg_catalog,pg_largeobject_metadata,0,0,0,0,0,0,0,0,0
1789172617.969563,4143,pg_toast,pg_toast_826,0,0,0,0,0,0,0,0,0
1789172617.969563,4185,pg_toast,pg_toast_1213,0,0,0,0,0,0,0,0,0
1789172617.969563,6243,pg_catalog,pg_parameter_acl,0,0,0,0,0,0,0,0,0
1789172617.969563,2361988,pg_toast,pg_toast_2361978,0,0,0,0,0,0,0,0,0
1789172617.969563,2616,pg_catalog,pg_opclass,0,0,10,179,0,0,0,0,0
1789172617.969563,2362137,pg_toast,pg_toast_2362128,0,0,0,0,0,0,0,0,0
1789172617.969563,2838,pg_toast,pg_toast_2618,0,0,1,3,0,0,0,0,0
1789172617.969563,6228,pg_toast,pg_toast_6106,0,0,0,0,0,0,0,0,0
1789172617.969563,3118,pg_catalog,pg_foreign_table,0,0,0,0,0,0,0,0,0
1789172617.969563,1259,pg_catalog,pg_class,1,523,14,14,0,0,0,0,0
1789172617.969563,3350,pg_catalog,pg_partitioned_table,0,0,0,0,0,0,0,0,0
1789172617.969563,4153,pg_toast,pg_toast_3118,0,0,0,0,0,0,0,0,0
1789172617.969563,4060,pg_toast,pg_toast_3592,0,0,0,0,0,0,0,0,0
1789172617.969563,4165,pg_toast,pg_toast_3350,0,0,0,0,0,0,0,0,0
1789172617.969563,2753,pg_catalog,pg_opfamily,0,0,2,2,0,0,0,0,0
1789172617.969563,3601,pg_catalog,pg_ts_parser,0,0,0,0,0,0,0,0,0
1789172617.969563,6104,pg_catalog,pg_publication,0,0,0,0,0,0,0,0,0
1789172617.969563,13477,pg_toast,pg_toast_13474,0,0,0,0,0,0,0,0,0
1789172617.969563,3429,pg_catalog,pg_statistic_ext_data,0,0,0,0,0,0,0,0,0
1789172617.969563,2619,pg_catalog,pg_statistic,0,0,17,8,0,0,0,0,0
1789172617.969563,4155,pg_toast,pg_toast_3394,0,0,0,0,0,0,0,0,0
1789172617.969563,2362224,pg_toast,pg_toast_2362205,0,0,0,0,0,0,0,0,0
1789172617.969563,3381,pg_catalog,pg_statistic_ext,0,0,3,0,0,0,0,0,0
1789172617.969563,6106,pg_catalog,pg_publication_rel,0,0,0,0,0,0,0,0,0
1789172617.969563,2605,pg_catalog,pg_cast,0,0,54,8,0,0,0,0,0
1789172617.969563,4171,pg_toast,pg_toast_1247,0,0,0,0,0,0,0,0,0
1789172617.969563,2830,pg_toast,pg_toast_2604,0,0,0,0,0,0,0,0,0
1789172617.969563,13479,information_schema,sql_implementation_info,0,0,,,0,0,0,0,0
1789172617.969563,6244,pg_toast,pg_toast_6243,0,0,0,0,0,0,0,0,0
1789172617.969563,2361971,pg_toast,pg_toast_2361963,0,0,0,0,0,0,0,0,0
1789172617.969563,3430,pg_toast,pg_toast_3429,0,0,0,0,0,0,0,0,0
1789172617.969563,3576,pg_catalog,pg_transform,0,0,0,0,0,0,0,0,0
1789172617.969563,2601,pg_catalog,pg_am,0,0,0,0,0,0,0,0,0
1789172677.272742,3394,pg_catalog,pg_init_privs,0,0,0,0,0,0,0,0,0
1789172677.272742,4167,pg_toast,pg_toast_3256,0,0,0,0,0,0,0,0,0
1789172677.272742,4151,pg_toast,pg_toast_1417,0,0,0,0,0,0,0,0,0
1789172677.272742,2834,pg_toast,pg_toast_2609,0,0,0,0,0,0,0,0,0
1789172677.272742,6000,pg_catalog,pg_replication_origin,0,0,0,0,0,0,0,0,0
1789172677.272742,2840,pg_toast,pg_toast_2619,0,0,0,0,0,0,0,0,0
1789172677.272742,2328,pg_catalog,pg_foreign_data_wrapper,0,0,0,0,0,0,0,0,0
1789172677.272742,4157,pg_toast,pg_toast_2612,0,0,0,0,0,0,0,0,0
1789172677.272742,1260,pg_catalog,pg_authid,0,0,0,0,0,0,0,0,0
1789172677.272742,2362182,pg_toast,pg_toast_2362174,0,0,0,0,0,0,0,0,0
1789172677.272742,6102,pg_catalog,pg_subscription_rel,0,0,0,0,0,0,0,0,0
1789172677.272742,1214,pg_catalog,pg_shdepend,0,0,0,0,0,0,0,0,0
1789172677.272742,4163,pg_toast,pg_toast_2615,0,0,0,0,0,0,0,0,0
1789172677.272742,2362193,pg_toast,pg_toast_2362184,0,0,0,0,0,0,0,0,0
1789172677.272742,4169,pg_toast,pg_toast_3600,0,0,0,0,0,0,0,0,0
1789172677.272742,2615,pg_catalog,pg_namespace,1,4,7,2,0,0,0,0,0
1789172677.272742,2396,pg_catalog,pg_shdescription,0,0,0,0,0,0,0,0,0
1789172677.272742,3600,pg_catalog,pg_ts_dict,0,0,0,0,0,0,0,0,0
1789172677.272742,3596,pg_catalog,pg_seclabel,0,0,0,0,0,0,0,0,0
1789172677.272742,2609,pg_catalog,pg_description,0,0,0,0,0,0,0,0,0
1789172677.272742,13482,pg_toast,pg_toast_13479,0,0,0,0,0,0,0,0,0
1789172677.272742,2362082,pg_toast,pg_toast_2362060,0,0,0,0,0,0,0,0,0
1789172677.272742,3603,pg_catalog,pg_ts_config_map,0,0,0,0,0,0,0,0,0
1789172677.272742,1213,pg_catalog,pg_tablespace,0,0,1,1,0,0,0,0,0
1789172677.272742,2608,pg_catalog,pg_depend,0,0,0,0,0,0,0,0,0
1789172677.272742,2964,pg_catalog,pg_db_role_setting,0,0,0,0,0,0,0,0,0
1789172677.272742,1418,pg_catalog,pg_user_mapping,0,0,0,0,0,0,0,0,0
1789172677.272742,2613,pg_catalog,pg_largeobject,0,0,0,0,0,0,0,0,0
1789172677.272742,6175,pg_toast,pg_toast_3456,0,0,0,0,0,0,0,0,0
1789172677.272742,1261,pg_catalog,pg_auth_members,0,0,0,0,0,0,0,0,0
1789172677.272742,2617,pg_catalog,pg_operator,0,0,8,8,0,0,0,0,0
1789172677.272742,2610,pg_catalog,pg_index,1,221,11,13,0,0,0,0,0
1789172677.272742,1249,pg_catalog,pg_attribute,0,0,76,104,0,0,0,0,0
1789172677.272742,2600,pg_catalog,pg_aggregate,0,0,1,1,0,0,0,0,0
1789172677.272742,2966,pg_toast,pg_toast_2964,0,0,0,0,0,0,0,0,0
1789172677.272742,2618,pg_catalog,pg_rewrite,0,0,2,2,0,0,0,0,0
1789172677.272742,4177,pg_toast,pg_toast_1262,0,0,0,0,0,0,0,0,0
1789172677.272742,13484,information_schema,sql_parts,0,0,,,0,0,0,0,0
1789172677.272742,4159,pg_toast,pg_toast_2600,0,0,0,0,0,0,0,0,0
1789172677.272742,4147,pg_toast,pg_toast_3079,0,0,0,0,0,0,0,0,0
1789172677.272742,13474,information_schema,sql_features,0,0,,,0,0,0,0,0
1789172677.272742,1247,pg_catalog,pg_type,0,0,25,25,0,0,0,0,0
1789172677.272742,2602,pg_catalog,pg_amop,0,0,16,28,0,0,0,0,0
1789172677.272742,3439,pg_toast,pg_toast_3381,0,0,0,0,0,0,0,0,0
1789172677.272742,2846,pg_toast,pg_toast_2396,0,0,0,0,0,0,0,0,0
1789172677.272742,4145,pg_toast,pg_toast_3466,0,0,0,0,0,0,0,0,0
1789172677.272742,3541,pg_catalog,pg_range,0,0,0,0,0,0,0,0,0
1789172677.272742,3602,pg_catalog,pg_ts_config,0,0,0,0,0,0,0,0,0
1789172677.272742,4183,pg_toast,pg_toast_6100,0,0,0,0,0,0,0,0,0
1789172677.272742,2224,pg_catalog,pg_sequence,0,0,0,0,0,0,0,0,0
1789172677.272742,2611,pg_catalog,pg_inherits,0,0,0,0,0,0,0,0,0
1789172677.272742,1417,pg_catalog,pg_foreign_server,0,0,0,0,0,0,0,0,0
1789172677.272742,1262,pg_catalog,pg_database,0,0,0,0,0,0,0,0,0
1789172677.272742,13492,pg_toast,pg_toast_13489,0,0,0,0,0,0,0,0,0
1789172677.272742,3501,pg_catalog,pg_enum,0,0,0,0,0,0,0,0,0
1789172677.272742,2607,pg_catalog,pg_conversion,0,0,0,0,0,0,0,0,0
1789172677.272742,826,pg_catalog,pg_default_acl,0,0,0,0,0,0,0,0,0
1789172677.272742,2604,pg_catalog,pg_attrdef,0,0,0,0,0,0,0,0,0
1789172677.272742,2336,pg_toast,pg_toast_2620,0,0,0,0,0,0,0,0,0
1789172677.272742,2603,pg_catalog,pg_amproc,0,0,5,11,0,0,0,0,0
1789172677.272742,2362101,pg_toast,pg_toast_2362090,0,0,0,0,0,0,0,0,0
1789172677.272742,2606,pg_catalog,pg_constraint,0,0,3,8,0,0,0,0,0
1789172677.272742,1255,pg_catalog,pg_proc,0,0,21,26,0,0,0,0,0
1789172677.272742,4173,pg_toast,pg_toast_1418,0,0,0,0,0,0,0,0,0
1789172677.272742,2620,pg_catalog,pg_trigger,0,0,0,0,0,0,0,0,0
1789172677.272742,2362037,pg_toast,pg_toast_2362031,0,0,0,0,0,0,0,0,0
1789172677.272742,2612,pg_catalog,pg_language,0,0,0,0,0,0,0,0,0
1789172677.272742,4149,pg_toast,pg_toast_2328,0,0,0,0,0,0,0,0,0
1789172677.272742,6351,pg_toast,pg_toast_2610,0,0,0,0,0,0,0,0,0
1789172677.272742,13489,information_schema,sql_sizing,0,0,,,0,0,0,0,0
1789172677.272742,3598,pg_toast,pg_toast_3596,0,0,0,0,0,0,0,0,0
1789172677.272742,2836,pg_toast,pg_toast_1255,0,0,0,0,0,0,0,0,0
1789172677.272742,2362021,pg_toast,pg_toast_2362013,0,0,0,0,0,0,0,0,0
1789172677.272742,2362166,pg_toast,pg_toast_2362148,0,0,0,0,0,0,0,0,0
1789172677.272742,3456,pg_catalog,pg_collation,0,0,1,1,0,0,0,0,0
1789172677.272742,3079,pg_catalog,pg_extension,0,0,0,0,0,0,0,0,0
1789172677.272742,6100,pg_catalog,pg_subscription,0,0,0,0,0,0,0,0,0
1789172677.272742,2832,pg_toast,pg_toast_2606,0,0,0,0,0,0,0,0,0
1789172677.272742,3256,pg_catalog,pg_policy,0,0,0,0,0,0,0,0,0
1789172677.272742,2362029,pg_toast,pg_toast_2362023,0,0,0,0,0,0,0,0,0
1789172677.272742,3466,pg_catalog,pg_event_trigger,0,0,0,0,0,0,0,0,0
1789172677.272742,2362058,pg_toast,pg_toast_2362051,0,0,0,0,0,0,0,0,0
1789172677.272742,3592,pg_catalog,pg_shseclabel,0,0,0,0,0,0,0,0,0
1789172677.272742,3764,pg_catalog,pg_ts_template,0,0,0,0,0,0,0,0,0
1789172677.272742,6237,pg_catalog,pg_publication_namespace,0,0,0,0,0,0,0,0,0
1789172677.272742,13487,pg_toast,pg_toast_13484,0,0,0,0,0,0,0,0,0
1789172677.272742,2995,pg_catalog,pg_largeobject_metadata,0,0,0,0,0,0,0,0,0
1789172677.272742,4143,pg_toast,pg_toast_826,0,0,0,0,0,0,0,0,0
1789172677.272742,4185,pg_toast,pg_toast_1213,0,0,0,0,0,0,0,0,0
1789172677.272742,6243,pg_catalog,pg_parameter_acl,0,0,0,0,0,0,0,0,0
1789172677.272742,2361988,pg_toast,pg_toast_2361978,0,0,0,0,0,0,0,0,0
1789172677.272742,2616,pg_catalog,pg_opclass,0,0,10,179,0,0,0,0,0
1789172677.272742,2362137,pg_toast,pg_toast_2362128,0,0,0,0,0,0,0,0,0
1789172677.272742,2838,pg_toast,pg_toast_2618,0,0,1,3,0,0,0,0,0
1789172677.272742,6228,pg_toast,pg_toast_6106,0,0,0,0,0,0,0,0,0
1789172677.272742,3118,pg_catalog,pg_foreign_table,0,0,0,0,0,0,0,0,0
1789172677.272742,1259,pg_catalog,pg_class,1,523,14,14,0,0,0,0,0
1789172677.272742,3350,pg_catalog,pg_partitioned_table,0,0,0,0,0,0,0,0,0
1789172677.272742,4153,pg_toast,pg_toast_3118,0,0,0,0,0,0,0,0,0
1789172677.272742,4060,pg_toast,pg_toast_3592,0,0,0,0,0,0,0,0,0
1789172677.272742,4165,pg_toast,pg_toast_3350,0,0,0,0,0,0,0,0,0
1789172677.272742,2753,pg_catalog,pg_opfamily,0,0,2,2,0,0,0,0,0
1789172677.272742,3601,pg_catalog,pg_ts_parser,0,0,0,0,0,0,0,0,0
1789172677.272742,6104,pg_catalog,pg_publication,0,0,0,0,0,0,0,0,0
1789172677.272742,13477,pg_toast,pg_toast_13474,0,0,0,0,0,0,0,0,0
1789172677.272742,3429,pg_catalog,pg_statistic_ext_data,0,0,0,0,0,0,0,0,0
1789172677.272742,2619,pg_catalog,pg_statistic,0,0,17,8,0,0,0,0,0
1789172677.272742,4155,pg_toast,pg_toast_3394,0,0,0,0,0,0,0,0,0
1789172677.272742,2362224,pg_toast,pg_toast_2362205,0,0,0,0,0,0,0,0,0
1789172677.272742,3381,pg_catalog,pg_statistic_ext,0,0,3,0,0,0,0,0,0
1789172677.272742,6106,pg_catalog,pg_publication_rel,0,0,0,0,0,0,0,0,0
1789172677.272742,2605,pg_catalog,pg_cast,0,0,54,8,0,0,0,0,0
1789172677.272742,4171,pg_toast,pg_toast_1247,0,0,0,0,0,0,0,0,0
1789172677.272742,2830,pg_toast,pg_toast_2604,0,0,0,0,0,0,0,0,0
1789172677.272742,13479,information_schema,sql_implementation_info,0,0,,,0,0,0,0,0
1789172677.272742,6244,pg_toast,pg_toast_6243,0,0,0,0,0,0,0,0,0
1789172677.272742,2361971,pg_toast,pg_toast_2361963,0,0,0,0,0,0,0,0,0
1789172677.272742,3430,pg_toast,pg_toast_3429,0,0,0,0,0,0,0,0,0
1789172677.272742,3576,pg_catalog,pg_transform,0,0,0,0,0,0,0,0,0
1789172677.272742,2601,pg_catalog,pg_am,0,0,0,0,0,0,0,0,0
1789172737.384450,3394,pg_catalog,pg_init_privs,0,0,0,0,0,0,0,0,0
1789172737.384450,4167,pg_toast,pg_toast_3256,0,0,0,0,0,0,0,0,0
1789172737.384450,4151,pg_toast,pg_toast_1417,0,0,0,0,0,0,0,0,0
1789172737.384450,2834,pg_toast,pg_toast_2609,0,0,0,0,0,0,0,0,0
1789172737.384450,6000,pg_catalog,pg_replication_origin,0,0,0,0,0,0,0,0,0
1789172737.384450,2840,pg_toast,pg_toast_2619,0,0,0,0,0,0,0,0,0
1789172737.384450,2328,pg_catalog,pg_foreign_data_wrapper,0,0,0,0,0,0,0,0,0
1789172737.384450,4157,pg_toast,pg_toast_2612,0,0,0,0,0,0,0,0,0
1789172737.384450,1260,pg_catalog,pg_authid,0,0,0,0,0,0,0,0,0
1789172737.384450,2362182,pg_toast,pg_toast_2362174,0,0,0,0,0,0,0,0,0
1789172737.384450,6102,pg_catalog,pg_subscription_rel,0,0,0,0,0,0,0,0,0
1789172737.384450,1214,pg_catalog,pg_shdepend,0,0,0,0,0,0,0,0,0
1789172737.384450,4163,pg_toast,pg_toast_2615,0,0,0,0,0,0,0,0,0
1789172737.384450,2362193,pg_toast,pg_toast_2362184,0,0,0,0,0,0,0,0,0
1789172737.384450,4169,pg_toast,pg_toast_3600,0,0,0,0,0,0,0,0,0
1789172737.384450,2615,pg_catalog,pg_namespace,1,4,7,2,0,0,0,0,0
1789172737.384450,2396,pg_catalog,pg_shdescription,0,0,0,0,0,0,0,0,0
1789172737.384450,3600,pg_catalog,pg_ts_dict,0,0,0,0,0,0,0,0,0
1789172737.384450,3596,pg_catalog,pg_seclabel,0,0,0,0,0,0,0,0,0
1789172737.384450,2609,pg_catalog,pg_description,0,0,0,0,0,0,0,0,0
1789172737.384450,13482,pg_toast,pg_toast_13479,0,0,0,0,0,0,0,0,0
1789172737.384450,2362082,pg_toast,pg_toast_2362060,0,0,0,0,0,0,0,0,0
1789172737.384450,3603,pg_catalog,pg_ts_config_map,0,0,0,0,0,0,0,0,0
1789172737.384450,1213,pg_catalog,pg_tablespace,0,0,1,1,0,0,0,0,0
1789172737.384450,2608,pg_catalog,pg_depend,0,0,0,0,0,0,0,0,0
1789172737.384450,2964,pg_catalog,pg_db_role_setting,0,0,0,0,0,0,0,0,0
1789172737.384450,1418,pg_catalog,pg_user_mapping,0,0,0,0,0,0,0,0,0
1789172737.384450,2613,pg_catalog,pg_largeobject,0,0,0,0,0,0,0,0,0
1789172737.384450,6175,pg_toast,pg_toast_3456,0,0,0,0,0,0,0,0,0
1789172737.384450,1261,pg_catalog,pg_auth_members,0,0,0,0,0,0,0,0,0
1789172737.384450,2617,pg_catalog,pg_operator,0,0,8,8,0,0,0,0,0
1789172737.384450,2610,pg_catalog,pg_index,1,221,11,13,0,0,0,0,0
1789172737.384450,1249,pg_catalog,pg_attribute,0,0,76,104,0,0,0,0,0
1789172737.384450,2600,pg_catalog,pg_aggregate,0,0,1,1,0,0,0,0,0
1789172737.384450,2966,pg_toast,pg_toast_2964,0,0,0,0,0,0,0,0,0
1789172737.384450,2618,pg_catalog,pg_rewrite,0,0,2,2,0,0,0,0,0
1789172737.384450,4177,pg_toast,pg_toast_1262,0,0,0,0,0,0,0,0,0
1789172737.384450,13484,information_schema,sql_parts,0,0,,,0,0,0,0,0
1789172737.384450,4159,pg_toast,pg_toast_2600,0,0,0,0,0,0,0,0,0
1789172737.384450,4147,pg_toast,pg_toast_3079,0,0,0,0,0,0,0,0,0
1789172737.384450,13474,information_schema,sql_features,0,0,,,0,0,0,0,0
1789172737.384450,1247,pg_catalog,pg_type,0,0,25,25,0,0,0,0,0
1789172737.384450,2602,pg_catalog,pg_amop,0,0,16,28,0,0,0,0,0
1789172737.384450,3439,pg_toast,pg_toast_3381,0,0,0,0,0,0,0,0,0
1789172737.384450,2846,pg_toast,pg_toast_2396,0,0,0,0,0,0,0,0,0
1789172737.384450,4145,pg_toast,pg_toast_3466,0,0,0,0,0,0,0,0,0
1789172737.384450,3541,pg_catalog,pg_range,0,0,0,0,0,0,0,0,0
1789172737.384450,3602,pg_catalog,pg_ts_config,0,0,0,0,0,0,0,0,0
1789172737.384450,4183,pg_toast,pg_toast_6100,0,0,0,0,0,0,0,0,0
1789172737.384450,2224,pg_catalog,pg_sequence,0,0,0,0,0,0,0,0,0
1789172737.384450,2611,pg_catalog,pg_inherits,0,0,0,0,0,0,0,0,0
1789172737.384450,1417,pg_catalog,pg_foreign_server,0,0,0,0,0,0,0,0,0
1789172737.384450,1262,pg_catalog,pg_database,0,0,0,0,0,0,0,0,0
1789172737.384450,13492,pg_toast,pg_toast_13489,0,0,0,0,0,0,0,0,0
1789172737.384450,3501,pg_catalog,pg_enum,0,0,0,0,0,0,0,0,0
1789172737.384450,2607,pg_catalog,pg_conversion,0,0,0,0,0,0,0,0,0
1789172737.384450,826,pg_catalog,pg_default_acl,0,0,0,0,0,0,0,0,0
1789172737.384450,2604,pg_catalog,pg_attrdef,0,0,0,0,0,0,0,0,0
1789172737.384450,2336,pg_toast,pg_toast_2620,0,0,0,0,0,0,0,0,0
1789172737.384450,2603,pg_catalog,pg_amproc,0,0,5,11,0,0,0,0,0
1789172737.384450,2362101,pg_toast,pg_toast_2362090,0,0,0,0,0,0,0,0,0
1789172737.384450,2606,pg_catalog,pg_constraint,0,0,3,8,0,0,0,0,0
1789172737.384450,1255,pg_catalog,pg_proc,0,0,21,26,0,0,0,0,0
1789172737.384450,4173,pg_toast,pg_toast_1418,0,0,0,0,0,0,0,0,0
1789172737.384450,2620,pg_catalog,pg_trigger,0,0,0,0,0,0,0,0,0
1789172737.384450,2362037,pg_toast,pg_toast_2362031,0,0,0,0,0,0,0,0,0
1789172737.384450,2612,pg_catalog,pg_language,0,0,0,0,0,0,0,0,0
1789172737.384450,4149,pg_toast,pg_toast_2328,0,0,0,0,0,0,0,0,0
1789172737.384450,6351,pg_toast,pg_toast_2610,0,0,0,0,0,0,0,0,0
1789172737.384450,13489,information_schema,sql_sizing,0,0,,,0,0,0,0,0
1789172737.384450,3598,pg_toast,pg_toast_3596,0,0,0,0,0,0,0,0,0
1789172737.384450,2836,pg_toast,pg_toast_1255,0,0,0,0,0,0,0,0,0
1789172737.384450,2362021,pg_toast,pg_toast_2362013,0,0,0,0,0,0,0,0,0
1789172737.384450,2362166,pg_toast,pg_toast_2362148,0,0,0,0,0,0,0,0,0
1789172737.384450,3456,pg_catalog,pg_collation,0,0,1,1,0,0,0,0,0
1789172737.384450,3079,pg_catalog,pg_extension,0,0,0,0,0,0,0,0,0
1789172737.384450,6100,pg_catalog,pg_subscription,0,0,0,0,0,0,0,0,0
1789172737.384450,2832,pg_toast,pg_toast_2606,0,0,0,0,0,0,0,0,0
1789172737.384450,3256,pg_catalog,pg_policy,0,0,0,0,0,0,0,0,0
1789172737.384450,2362029,pg_toast,pg_toast_2362023,0,0,0,0,0,0,0,0,0
1789172737.384450,3466,pg_catalog,pg_event_trigger,0,0,0,0,0,0,0,0,0
1789172737.384450,2362058,pg_toast,pg_toast_2362051,0,0,0,0,0,0,0,0,0
1789172737.384450,3592,pg_catalog,pg_shseclabel,0,0,0,0,0,0,0,0,0
1789172737.384450,3764,pg_catalog,pg_ts_template,0,0,0,0,0,0,0,0,0
1789172737.384450,6237,pg_catalog,pg_publication_namespace,0,0,0,0,0,0,0,0,0
1789172737.384450,13487,pg_toast,pg_toast_13484,0,0,0,0,0,0,0,0,0
1789172737.384450,2995,pg_catalog,pg_largeobject_metadata,0,0,0,0,0,0,0,0,0
1789172737.384450,4143,pg_toast,pg_toast_826,0,0,0,0,0,0,0,0,0
1789172737.384450,4185,pg_toast,pg_toast_1213,0,0,0,0,0,0,0,0,0
1789172737.384450,6243,pg_catalog,pg_parameter_acl,0,0,0,0,0,0,0,0,0
1789172737.384450,2361988,pg_toast,pg_toast_2361978,0,0,0,0,0,0,0,0,0
1789172737.384450,2616,pg_catalog,pg_opclass,0,0,10,179,0,0,0,0,0
1789172737.384450,2362137,pg_toast,pg_toast_2362128,0,0,0,0,0,0,0,0,0
1789172737.384450,2838,pg_toast,pg_toast_2618,0,0,1,3,0,0,0,0,0
1789172737.384450,6228,pg_toast,pg_toast_6106,0,0,0,0,0,0,0,0,0
1789172737.384450,3118,pg_catalog,pg_foreign_table,0,0,0,0,0,0,0,0,0
1789172737.384450,1259,pg_catalog,pg_class,1,523,14,14,0,0,0,0,0
1789172737.384450,3350,pg_catalog,pg_partitioned_table,0,0,0,0,0,0,0,0,0
1789172737.384450,4153,pg_toast,pg_toast_3118,0,0,0,0,0,0,0,0,0
1789172737.384450,4060,pg_toast,pg_toast_3592,0,0,0,0,0,0,0,0,0
1789172737.384450,4165,pg_toast,pg_toast_3350,0,0,0,0,0,0,0,0,0
1789172737.384450,2753,pg_catalog,pg_opfamily,0,0,2,2,0,0,0,0,0
1789172737.384450,3601,pg_catalog,pg_ts_parser,0,0,0,0,0,0,0,0,0
1789172737.384450,6104,pg_catalog,pg_publication,0,0,0,0,0,0,0,0,0
1789172737.384450,13477,pg_toast,pg_toast_13474,0,0,0,0,0,0,0,0,0
1789172737.384450,3429,pg_catalog,pg_statistic_ext_data,0,0,0,0,0,0,0,0,0
1789172737.384450,2619,pg_catalog,pg_statistic,0,0,17,8,0,0,0,0,0
1789172737.384450,4155,pg_toast,pg_toast_3394,0,0,0,0,0,0,0,0,0
1789172737.384450,2362224,pg_toast,pg_toast_2362205,0,0,0,0,0,0,0,0,0
1789172737.384450,3381,pg_catalog,pg_statistic_ext,0,0,3,0,0,0,0,0,0
1789172737.384450,6106,pg_catalog,pg_publication_rel,0,0,0,0,0,0,0,0,0
1789172737.384450,2605,pg_catalog,pg_cast,0,0,54,8,0,0,0,0,0
1789172737.384450,4171,pg_toast,pg_toast_1247,0,0,0,0,0,0,0,0,0
1789172737.384450,2830,pg_toast,pg_toast_2604,0,0,0,0,0,0,0,0,0
1789172737.384450,13479,information_schema,sql_implementation_info,0,0,,,0,0,0,0,0
1789172737.384450,6244,pg_toast,pg_toast_6243,0,0,0,0,0,0,0,0,0
1789172737.384450,2361971,pg_toast,pg_toast_2361963,0,0,0,0,0,0,0,0,0
1789172737.384450,3430,pg_toast,pg_toast_3429,0,0,0,0,0,0,0,0,0
1789172737.384450,3576,pg_catalog,pg_transform,0,0,0,0,0,0,0,0,0
1789172737.384450,2601,pg_catalog,pg_am,0,0,0,0,0,0,0,0,0
1789172797.435795,3394,pg_catalog,pg_init_privs,0,0,0,0,0,0,0,0,0
1789172797.435795,4167,pg_toast,pg_toast_3256,0,0,0,0,0,0,0,0,0
1789172797.435795,4151,pg_toast,pg_toast_1417,0,0,0,0,0,0,0,0,0
1789172797.435795,2834,pg_toast,pg_toast_2609,0,0,0,0,0,0,0,0,0
1789172797.435795,6000,pg_catalog,pg_replication_origin,0,0,0,0,0,0,0,0,0
1789172797.435795,2840,pg_toast,pg_toast_2619,0,0,0,0,0,0,0,0,0
1789172797.435795,2328,pg_catalog,pg_foreign_data_wrapper,0,0,0,0,0,0,0,0,0
1789172797.435795,4157,pg_toast,pg_toast_2612,0,0,0,0,0,0,0,0,0
1789172797.435795,1260,pg_catalog,pg_authid,0,0,0,0,0,0,0,0,0
1789172797.435795,2362182,pg_toast,pg_toast_2362174,0,0,0,0,0,0,0,0,0
1789172797.435795,6102,pg_catalog,pg_subscription_rel,0,0,0,0,0,0,0,0,0
1789172797.435795,1214,pg_catalog,pg_shdepend,0,0,0,0,0,0,0,0,0
1789172797.435795,4163,pg_toast,pg_toast_2615,0,0,0,0,0,0,0,0,0
1789172797.435795,2362193,pg_toast,pg_toast_2362184,0,0,0,0,0,0,0,0,0
1789172797.435795,4169,pg_toast,pg_toast_3600,0,0,0,0,0,0,0,0,0
1789172797.435795,2615,pg_catalog,pg_namespace,1,4,7,2,0,0,0,0,0
1789172797.435795,2396,pg_catalog,pg_shdescription,0,0,0,0,0,0,0,0,0
1789172797.435795,3600,pg_catalog,pg_ts_dict,0,0,0,0,0,0,0,0,0
1789172797.435795,3596,pg_catalog,pg_seclabel,0,0,0,0,0,0,0,0,0
1789172797.435795,2609,pg_catalog,pg_description,0,0,0,0,0,0,0,0,0
1789172797.435795,13482,pg_toast,pg_toast_13479,0,0,0,0,0,0,0,0,0
1789172797.435795,2362082,pg_toast,pg_toast_2362060,0,0,0,0,0,0,0,0,0
1789172797.435795,3603,pg_catalog,pg_ts_config_map,0,0,0,0,0,0,0,0,0
1789172797.435795,1213,pg_catalog,pg_tablespace,0,0,1,1,0,0,0,0,0
1789172797.435795,2608,pg_catalog,pg_depend,0,0,0,0,0,0,0,0,0
1789172797.435795,2964,pg_catalog,pg_db_role_setting,0,0,0,0,0,0,0,0,0
1789172797.435795,1418,pg_catalog,pg_user_mapping,0,0,0,0,0,0,0,0,0
1789172797.435795,2613,pg_catalog,pg_largeobject,0,0,0,0,0,0,0,0,0
1789172797.435795,6175,pg_toast,pg_toast_3456,0,0,0,0,0,0,0,0,0
1789172797.435795,1261,pg_catalog,pg_auth_members,0,0,0,0,0,0,0,0,0
1789172797.435795,2617,pg_catalog,pg_operator,0,0,8,8,0,0,0,0,0
1789172797.435795,2610,pg_catalog,pg_index,1,221,11,13,0,0,0,0,0
1789172797.435795,1249,pg_catalog,pg_attribute,0,0,76,104,0,0,0,0,0
1789172797.435795,2600,pg_catalog,pg_aggregate,0,0,1,1,0,0,0,0,0
1789172797.435795,2966,pg_toast,pg_toast_2964,0,0,0,0,0,0,0,0,0
1789172797.435795,2618,pg_catalog,pg_rewrite,0,0,2,2,0,0,0,0,0
1789172797.435795,4177,pg_toast,pg_toast_1262,0,0,0,0,0,0,0,0,0
1789172797.435795,13484,information_schema,sql_parts,0,0,,,0,0,0,0,0
1789172797.435795,4159,pg_toast,pg_toast_2600,0,0,0,0,0,0,0,0,0
1789172797.435795,4147,pg_toast,pg_toast_3079,0,0,0,0,0,0,0,0,0
1789172797.435795,13474,information_schema,sql_features,0,0,,,0,0,0,0,0
1789172797.435795,1247,pg_catalog,pg_type,0,0,25,25,0,0,0,0,0
1789172797.435795,2602,pg_catalog,pg_amop,0,0,16,28,0,0,0,0,0
1789172797.435795,3439,pg_toast,pg_toast_3381,0,0,0,0,0,0,0,0,0
1789172797.435795,2846,pg_toast,pg_toast_2396,0,0,0,0,0,0,0,0,0
1789172797.435795,4145,pg_toast,pg_toast_3466,0,0,0,0,0,0,0,0,0
1789172797.435795,3541,pg_catalog,pg_range,0,0,0,0,0,0,0,0,0
1789172797.435795,3602,pg_catalog,pg_ts_config,0,0,0,0,0,0,0,0,0
1789172797.435795,4183,pg_toast,pg_toast_6100,0,0,0,0,0,0,0,0,0
1789172797.435795,2224,pg_catalog,pg_sequence,0,0,0,0,0,0,0,0,0
1789172797.435795,2611,pg_catalog,pg_inherits,0,0,0,0,0,0,0,0,0
1789172797.435795,1417,pg_catalog,pg_foreign_server,0,0,0,0,0,0,0,0,0
1789172797.435795,1262,pg_catalog,pg_database,0,0,0,0,0,0,0,0,0
1789172797.435795,13492,pg_toast,pg_toast_13489,0,0,0,0,0,0,0,0,0
1789172797.435795,3501,pg_catalog,pg_enum,0,0,0,0,0,0,0,0,0
1789172797.435795,2607,pg_catalog,pg_conversion,0,0,0,0,0,0,0,0,0
1789172797.435795,826,pg_catalog,pg_default_acl,0,0,0,0,0,0,0,0,0
1789172797.435795,2604,pg_catalog,pg_attrdef,0,0,0,0,0,0,0,0,0
1789172797.435795,2336,pg_toast,pg_toast_2620,0,0,0,0,0,0,0,0,0
1789172797.435795,2603,pg_catalog,pg_amproc,0,0,5,11,0,0,0,0,0
1789172797.435795,2362101,pg_toast,pg_toast_2362090,0,0,0,0,0,0,0,0,0
1789172797.435795,2606,pg_catalog,pg_constraint,0,0,3,8,0,0,0,0,0
1789172797.435795,1255,pg_catalog,pg_proc,0,0,21,26,0,0,0,0,0
1789172797.435795,4173,pg_toast,pg_toast_1418,0,0,0,0,0,0,0,0,0
1789172797.435795,2620,pg_catalog,pg_trigger,0,0,0,0,0,0,0,0,0
1789172797.435795,2362037,pg_toast,pg_toast_2362031,0,0,0,0,0,0,0,0,0
1789172797.435795,2612,pg_catalog,pg_language,0,0,0,0,0,0,0,0,0
1789172797.435795,4149,pg_toast,pg_toast_2328,0,0,0,0,0,0,0,0,0
1789172797.435795,6351,pg_toast,pg_toast_2610,0,0,0,0,0,0,0,0,0
1789172797.435795,13489,information_schema,sql_sizing,0,0,,,0,0,0,0,0
1789172797.435795,3598,pg_toast,pg_toast_3596,0,0,0,0,0,0,0,0,0
1789172797.435795,2836,pg_toast,pg_toast_1255,0,0,0,0,0,0,0,0,0
1789172797.435795,2362021,pg_toast,pg_toast_2362013,0,0,0,0,0,0,0,0,0
1789172797.435795,2362166,pg_toast,pg_toast_2362148,0,0,0,0,0,0,0,0,0
1789172797.435795,3456,pg_catalog,pg_collation,0,0,1,1,0,0,0,0,0
1789172797.435795,3079,pg_catalog,pg_extension,0,0,0,0,0,0,0,0,0
1789172797.435795,6100,pg_catalog,pg_subscription,0,0,0,0,0,0,0,0,0
1789172797.435795,2832,pg_toast,pg_toast_2606,0,0,0,0,0,0,0,0,0
1789172797.435795,3256,pg_catalog,pg_policy,0,0,0,0,0,0,0,0,0
1789172797.435795,2362029,pg_toast,pg_toast_2362023,0,0,0,0,0,0,0,0,0
1789172797.435795,3466,pg_catalog,pg_event_trigger,0,0,0,0,0,0,0,0,0
1789172797.435795,2362058,pg_toast,pg_toast_2362051,0,0,0,0,0,0,0,0,0
1789172797.435795,3592,pg_catalog,pg_shseclabel,0,0,0,0,0,0,0,0,0
1789172797.435795,3764,pg_catalog,pg_ts_template,0,0,0,0,0,0,0,0,0
1789172797.435795,6237,pg_catalog,pg_publication_namespace,0,0,0,0,0,0,0,0,0
1789172797.435795,13487,pg_toast,pg_toast_13484,0,0,0,0,0,0,0,0,0
1789172797.435795,2995,pg_catalog,pg_largeobject_metadata,0,0,0,0,0,0,0,0,0
1789172797.435795,4143,pg_toast,pg_toast_826,0,0,0,0,0,0,0,0,0
1789172797.435795,4185,pg_toast,pg_toast_1213,0,0,0,0,0,0,0,0,0
1789172797.435795,6243,pg_catalog,pg_parameter_acl,0,0,0,0,0,0,0,0,0
1789172797.435795,2361988,pg_toast,pg_toast_2361978,0,0,0,0,0,0,0,0,0
1789172797.435795,2616,pg_catalog,pg_opclass,0,0,10,179,0,0,0,0,0
1789172797.435795,2362137,pg_toast,pg_toast_2362128,0,0,0,0,0,0,0,0,0
1789172797.435795,2838,pg_toast,pg_toast_2618,0,0,1,3,0,0,0,0,0
1789172797.435795,6228,pg_toast,pg_toast_6106,0,0,0,0,0,0,0,0,0
1789172797.435795,3118,pg_catalog,pg_foreign_table,0,0,0,0,0,0,0,0,0
1789172797.435795,1259,pg_catalog,pg_class,1,523,14,14,0,0,0,0,0
1789172797.435795,3350,pg_catalog,pg_partitioned_table,0,0,0,0,0,0,0,0,0
1789172797.435795,4153,pg_toast,pg_toast_3118,0,0,0,0,0,0,0,0,0
1789172797.435795,4060,pg_toast,pg_toast_3592,0,0,0,0,0,0,0,0,0
1789172797.435795,4165,pg_toast,pg_toast_3350,0,0,0,0,0,0,0,0,0
1789172797.435795,2753,pg_catalog,pg_opfamily,0,0,2,2,0,0,0,0,0
1789172797.435795,3601,pg_catalog,pg_ts_parser,0,0,0,0,0,0,0,0,0
1789172797.435795,6104,pg_catalog,pg_publication,0,0,0,0,0,0,0,0,0
1789172797.435795,13477,pg_toast,pg_toast_13474,0,0,0,0,0,0,0,0,0
1789172797.435795,3429,pg_catalog,pg_statistic_ext_data,0,0,0,0,0,0,0,0,0
1789172797.435795,2619,pg_catalog,pg_statistic,0,0,17,8,0,0,0,0,0
1789172797.435795,4155,pg_toast,pg_toast_3394,0,0,0,0,0,0,0,0,0
1789172797.435795,2362224,pg_toast,pg_toast_2362205,0,0,0,0,0,0,0,0,0
1789172797.435795,3381,pg_catalog,pg_statistic_ext,0,0,3,0,0,0,0,0,0
1789172797.435795,6106,pg_catalog,pg_publication_rel,0,0,0,0,0,0,0,0,0
1789172797.435795,2605,pg_catalog,pg_cast,0,0,54,8,0,0,0,0,0
1789172797.435795,4171,pg_toast,pg_toast_1247,0,0,0,0,0,0,0,0,0
1789172797.435795,2830,pg_toast,pg_toast_2604,0,0,0,0,0,0,0,0,0
1789172797.435795,13479,information_schema,sql_implementation_info,0,0,,,0,0,0,0,0
1789172797.435795,6244,pg_toast,pg_toast_6243,0,0,0,0,0,0,0,0,0
1789172797.435795,2361971,pg_toast,pg_toast_2361963,0,0,0,0,0,0,0,0,0
1789172797.435795,3430,pg_toast,pg_toast_3429,0,0,0,0,0,0,0,0,0
1789172797.435795,3576,pg_catalog,pg_transform,0,0,0,0,0,0,0,0,0
1789172797.435795,2601,pg_catalog,pg_am,0,0,0,0,0,0,0,0,0
1789172857.534587,3394,pg_catalog,pg_init_privs,0,0,0,0,0,0,0,0,0
1789172857.534587,4167,pg_toast,pg_toast_3256,0,0,0,0,0,0,0,0,0
1789172857.534587,4151,pg_toast,pg_toast_1417,0,0,0,0,0,0,0,0,0
1789172857.534587,2834,pg_toast,pg_toast_2609,0,0,0,0,0,0,0,0,0
1789172857.534587,6000,pg_catalog,pg_replication_origin,0,0,0,0,0,0,0,0,0
1789172857.534587,2840,pg_toast,pg_toast_2619,0,0,0,0,0,0,0,0,0
1789172857.534587,2328,pg_catalog,pg_foreign_data_wrapper,0,0,0,0,0,0,0,0,0
1789172857.534587,4157,pg_toast,pg_toast_2612,0,0,0,0,0,0,0,0,0
1789172857.534587,1260,pg_catalog,pg_authid,0,0,0,0,0,0,0,0,0
1789172857.534587,2362182,pg_toast,pg_toast_2362174,0,0,0,0,0,0,0,0,0
1789172857.534587,6102,pg_catalog,pg_subscription_rel,0,0,0,0,0,0,0,0,0
1789172857.534587,1214,pg_catalog,pg_shdepend,0,0,0,0,0,0,0,0,0
1789172857.534587,4163,pg_toast,pg_toast_2615,0,0,0,0,0,0,0,0,0
1789172857.534587,2362193,pg_toast,pg_toast_2362184,0,0,0,0,0,0,0,0,0
1789172857.534587,4169,pg_toast,pg_toast_3600,0,0,0,0,0,0,0,0,0
1789172857.534587,2615,pg_catalog,pg_namespace,1,4,7,2,0,0,0,0,0
1789172857.534587,2396,pg_catalog,pg_shdescription,0,0,0,0,0,0,0,0,0
1789172857.534587,3600,pg_catalog,pg_ts_dict,0,0,0,0,0,0,0,0,0
1789172857.534587,3596,pg_catalog,pg_seclabel,0,0,0,0,0,0,0,0,0
1789172857.534587,2609,pg_catalog,pg_description,0,0,0,0,0,0,0,0,0
1789172857.534587,13482,pg_toast,pg_toast_13479,0,0,0,0,0,0,0,0,0
1789172857.534587,2362082,pg_toast,pg_toast_2362060,0,0,0,0,0,0,0,0,0
1789172857.534587,3603,pg_catalog,pg_ts_config_map,0,0,0,0,0,0,0,0,0
1789172857.534587,1213,pg_catalog,pg_tablespace,0,0,1,1,0,0,0,0,0
1789172857.534587,2608,pg_catalog,pg_depend,0,0,0,0,0,0,0,0,0
1789172857.534587,2964,pg_catalog,pg_db_role_setting,0,0,0,0,0,0,0,0,0
1789172857.534587,1418,pg_catalog,pg_user_mapping,0,0,0,0,0,0,0,0,0
1789172857.534587,2613,pg_catalog,pg_largeobject,0,0,0,0,0,0,0,0,0
1789172857.534587,6175,pg_toast,pg_toast_3456,0,0,0,0,0,0,0,0,0
1789172857.534587,1261,pg_catalog,pg_auth_members,0,0,0,0,0,0,0,0,0
1789172857.534587,2617,pg_catalog,pg_operator,0,0,8,8,0,0,0,0,0
1789172857.534587,2610,pg_catalog,pg_index,1,221,11,13,0,0,0,0,0
1789172857.534587,1249,pg_catalog,pg_attribute,0,0,76,104,0,0,0,0,0
1789172857.534587,2600,pg_catalog,pg_aggregate,0,0,1,1,0,0,0,0,0
1789172857.534587,2966,pg_toast,pg_toast_2964,0,0,0,0,0,0,0,0,0
1789172857.534587,2618,pg_catalog,pg_rewrite,0,0,2,2,0,0,0,0,0
1789172857.534587,4177,pg_toast,pg_toast_1262,0,0,0,0,0,0,0,0,0
1789172857.534587,13484,information_schema,sql_parts,0,0,,,0,0,0,0,0
1789172857.534587,4159,pg_toast,pg_toast_2600,0,0,0,0,0,0,0,0,0
1789172857.534587,4147,pg_toast,pg_toast_3079,0,0,0,0,0,0,0,0,0
1789172857.534587,13474,information_schema,sql_features,0,0,,,0,0,0,0,0
1789172857.534587,1247,pg_catalog,pg_type,0,0,25,25,0,0,0,0,0
1789172857.534587,2602,pg_catalog,pg_amop,0,0,16,28,0,0,0,0,0
1789172857.534587,3439,pg_toast,pg_toast_3381,0,0,0,0,0,0,0,0,0
1789172857.534587,2846,pg_toast,pg_toast_2396,0,0,0,0,0,0,0,0,0
1789172857.534587,4145,pg_toast,pg_toast_3466,0,0,0,0,0,0,0,0,0
1789172857.534587,3541,pg_catalog,pg_range,0,0,0,0,0,0,0,0,0
1789172857.534587,3602,pg_catalog,pg_ts_config,0,0,0,0,0,0,0,0,0
1789172857.534587,4183,pg_toast,pg_toast_6100,0,0,0,0,0,0,0,0,0
1789172857.534587,2224,pg_catalog,pg_sequence,0,0,0,0,0,0,0,0,0
1789172857.534587,2611,pg_catalog,pg_inherits,0,0,0,0,0,0,0,0,0
1789172857.534587,1417,pg_catalog,pg_foreign_server,0,0,0,0,0,0,0,0,0
1789172857.534587,1262,pg_catalog,pg_database,0,0,0,0,0,0,0,0,0
1789172857.534587,13492,pg_toast,pg_toast_13489,0,0,0,0,0,0,0,0,0
1789172857.534587,3501,pg_catalog,pg_enum,0,0,0,0,0,0,0,0,0
1789172857.534587,2607,pg_catalog,pg_conversion,0,0,0,0,0,0,0,0,0
1789172857.534587,826,pg_catalog,pg_default_acl,0,0,0,0,0,0,0,0,0
1789172857.534587,2604,pg_catalog,pg_attrdef,0,0,0,0,0,0,0,0,0
1789172857.534587,2336,pg_toast,pg_toast_2620,0,0,0,0,0,0,0,0,0
1789172857.534587,2603,pg_catalog,pg_amproc,0,0,5,11,0,0,0,0,0
1789172857.534587,2362101,pg_toast,pg_toast_2362090,0,0,0,0,0,0,0,0,0
1789172857.534587,2606,pg_catalog,pg_constraint,0,0,3,8,0,0,0,0,0
1789172857.534587,1255,pg_catalog,pg_proc,0,0,21,26,0,0,0,0,0
1789172857.534587,4173,pg_toast,pg_toast_1418,0,0,0,0,0,0,0,0,0
1789172857.534587,2620,pg_catalog,pg_trigger,0,0,0,0,0,0,0,0,0
1789172857.534587,2362037,pg_toast,pg_toast_2362031,0,0,0,0,0,0,0,0,0
1789172857.534587,2612,pg_catalog,pg_language,0,0,0,0,0,0,0,0,0
1789172857.534587,4149,pg_toast,pg_toast_2328,0,0,0,0,0,0,0,0,0
1789172857.534587,6351,pg_toast,pg_toast_2610,0,0,0,0,0,0,0,0,0
1789172857.534587,13489,information_schema,sql_sizing,0,0,,,0,0,0,0,0
1789172857.534587,3598,pg_toast,pg_toast_3596,0,0,0,0,0,0,0,0,0
1789172857.534587,2836,pg_toast,pg_toast_1255,0,0,0,0,0,0,0,0,0
1789172857.534587,2362021,pg_toast,pg_toast_2362013,0,0,0,0,0,0,0,0,0
1789172857.534587,2362166,pg_toast,pg_toast_2362148,0,0,0,0,0,0,0,0,0
1789172857.534587,3456,pg_catalog,pg_collation,0,0,1,1,0,0,0,0,0
1789172857.534587,3079,pg_catalog,pg_extension,0,0,0,0,0,0,0,0,0
1789172857.534587,6100,pg_catalog,pg_subscription,0,0,0,0,0,0,0,0,0
1789172857.534587,2832,pg_toast,pg_toast_2606,0,0,0,0,0,0,0,0,0
1789172857.534587,3256,pg_catalog,pg_policy,0,0,0,0,0,0,0,0,0
1789172857.534587,2362029,pg_toast,pg_toast_2362023,0,0,0,0,0,0,0,0,0
1789172857.534587,3466,pg_catalog,pg_event_trigger,0,0,0,0,0,0,0,0,0
1789172857.534587,2362058,pg_toast,pg_toast_2362051,0,0,0,0,0,0,0,0,0
1789172857.534587,3592,pg_catalog,pg_shseclabel,0,0,0,0,0,0,0,0,0
1789172857.534587,3764,pg_catalog,pg_ts_template,0,0,0,0,0,0,0,0,0
1789172857.534587,6237,pg_catalog,pg_publication_namespace,0,0,0,0,0,0,0,0,0
1789172857.534587,13487,pg_toast,pg_toast_13484,0,0,0,0,0,0,0,0,0
1789172857.534587,2995,pg_catalog,pg_largeobject_metadata,0,0,0,0,0,0,0,0,0
1789172857.534587,4143,pg_toast,pg_toast_826,0,0,0,0,0,0,0,0,0
1789172857.534587,4185,pg_toast,pg_toast_1213,0,0,0,0,0,0,0,0,0
1789172857.534587,6243,pg_catalog,pg_parameter_acl,0,0,0,0,0,0,0,0,0
1789172857.534587,2361988,pg_toast,pg_toast_2361978,0,0,0,0,0,0,0,0,0
1789172857.534587,2616,pg_catalog,pg_opclass,0,0,10,179,0,0,0,0,0
1789172857.534587,2362137,pg_toast,pg_toast_2362128,0,0,0,0,0,0,0,0,0
1789172857.534587,2838,pg_toast,pg_toast_2618,0,0,1,3,0,0,0,0,0
1789172857.534587,6228,pg_toast,pg_toast_6106,0,0,0,0,0,0,0,0,0
1789172857.534587,3118,pg_catalog,pg_foreign_table,0,0,0,0,0,0,0,0,0
1789172857.534587,1259,pg_catalog,pg_class,1,523,14,14,0,0,0,0,0
1789172857.534587,3350,pg_catalog,pg_partitioned_table,0,0,0,0,0,0,0,0,0
1789172857.534587,4153,pg_toast,pg_toast_3118,0,0,0,0,0,0,0,0,0
1789172857.534587,4060,pg_toast,pg_toast_3592,0,0,0,0,0,0,0,0,0
1789172857.534587,4165,pg_toast,pg_toast_3350,0,0,0,0,0,0,0,0,0
1789172857.534587,2753,pg_catalog,pg_opfamily,0,0,2,2,0,0,0,0,0
1789172857.534587,3601,pg_catalog,pg_ts_parser,0,0,0,0,0,0,0,0,0
1789172857.534587,6104,pg_catalog,pg_publication,0,0,0,0,0,0,0,0,0
1789172857.534587,13477,pg_toast,pg_toast_13474,0,0,0,0,0,0,0,0,0
1789172857.534587,3429,pg_catalog,pg_statistic_ext_data,0,0,0,0,0,0,0,0,0
1789172857.534587,2619,pg_catalog,pg_statistic,0,0,17,8,0,0,0,0,0
1789172857.534587,4155,pg_toast,pg_toast_3394,0,0,0,0,0,0,0,0,0
1789172857.534587,2362224,pg_toast,pg_toast_2362205,0,0,0,0,0,0,0,0,0
1789172857.534587,3381,pg_catalog,pg_statistic_ext,0,0,3,0,0,0,0,0,0
1789172857.534587,6106,pg_catalog,pg_publication_rel,0,0,0,0,0,0,0,0,0
1789172857.534587,2605,pg_catalog,pg_cast,0,0,54,8,0,0,0,0,0
1789172857.534587,4171,pg_toast,pg_toast_1247,0,0,0,0,0,0,0,0,0
1789172857.534587,2830,pg_toast,pg_toast_2604,0,0,0,0,0,0,0,0,0
1789172857.534587,13479,information_schema,sql_implementation_info,0,0,,,0,0,0,0,0
1789172857.534587,6244,pg_toast,pg_toast_6243,0,0,0,0,0,0,0,0,0
1789172857.534587,2361971,pg_toast,pg_toast_2361963,0,0,0,0,0,0,0,0,0
1789172857.534587,3430,pg_toast,pg_toast_3429,0,0,0,0,0,0,0,0,0
1789172857.534587,3576,pg_catalog,pg_transform,0,0,0,0,0,0,0,0,0
1789172857.534587,2601,pg_catalog,pg_am,0,0,0,0,0,0,0,0,0
1789172917.635216,3394,pg_catalog,pg_init_privs,0,0,0,0,0,0,0,0,0
1789172917.635216,4167,pg_toast,pg_toast_3256,0,0,0,0,0,0,0,0,0
1789172917.635216,4151,pg_toast,pg_toast_1417,0,0,0,0,0,0,0,0,0
1789172917.635216,2834,pg_toast,pg_toast_2609,0,0,0,0,0,0,0,0,0
1789172917.635216,6000,pg_catalog,pg_replication_origin,0,0,0,0,0,0,0,0,0
1789172917.635216,2840,pg_toast,pg_toast_2619,0,0,0,0,0,0,0,0,0
1789172917.635216,2328,pg_catalog,pg_foreign_data_wrapper,0,0,0,0,0,0,0,0,0
1789172917.635216,4157,pg_toast,pg_toast_2612,0,0,0,0,0,0,0,0,0
1789172917.635216,1260,pg_catalog,pg_authid,0,0,0,0,0,0,0,0,0
1789172917.635216,2362182,pg_toast,pg_toast_2362174,0,0,0,0,0,0,0,0,0
1789172917.635216,6102,pg_catalog,pg_subscription_rel,0,0,0,0,0,0,0,0,0
1789172917.635216,1214,pg_catalog,pg_shdepend,0,0,0,0,0,0,0,0,0
1789172917.635216,4163,pg_toast,pg_toast_2615,0,0,0,0,0,0,0,0,0
1789172917.635216,2362193,pg_toast,pg_toast_2362184,0,0,0,0,0,0,0,0,0
1789172917.635216,4169,pg_toast,pg_toast_3600,0,0,0,0,0,0,0,0,0
1789172917.635216,2615,pg_catalog,pg_namespace,1,4,7,2,0,0,0,0,0
1789172917.635216,2396,pg_catalog,pg_shdescription,0,0,0,0,0,0,0,0,0
1789172917.635216,3600,pg_catalog,pg_ts_dict,0,0,0,0,0,0,0,0,0
1789172917.635216,3596,pg_catalog,pg_seclabel,0,0,0,0,0,0,0,0,0
1789172917.635216,2609,pg_catalog,pg_description,0,0,0,0,0,0,0,0,0
1789172917.635216,13482,pg_toast,pg_toast_13479,0,0,0,0,0,0,0,0,0
1789172917.635216,2362082,pg_toast,pg_toast_2362060,0,0,0,0,0,0,0,0,0
1789172917.635216,3603,pg_catalog,pg_ts_config_map,0,0,0,0,0,0,0,0,0
1789172917.635216,1213,pg_catalog,pg_tablespace,0,0,1,1,0,0,0,0,0
1789172917.635216,2608,pg_catalog,pg_depend,0,0,0,0,0,0,0,0,0
1789172917.635216,2964,pg_catalog,pg_db_role_setting,0,0,0,0,0,0,0,0,0
1789172917.635216,1418,pg_catalog,pg_user_mapping,0,0,0,0,0,0,0,0,0
1789172917.635216,2613,pg_catalog,pg_largeobject,0,0,0,0,0,0,0,0,0
1789172917.635216,6175,pg_toast,pg_toast_3456,0,0,0,0,0,0,0,0,0
1789172917.635216,1261,pg_catalog,pg_auth_members,0,0,0,0,0,0,0,0,0
1789172917.635216,2617,pg_catalog,pg_operator,0,0,8,8,0,0,0,0,0
1789172917.635216,2610,pg_catalog,pg_index,1,221,11,13,0,0,0,0,0
1789172917.635216,1249,pg_catalog,pg_attribute,0,0,76,104,0,0,0,0,0
1789172917.635216,2600,pg_catalog,pg_aggregate,0,0,1,1,0,0,0,0,0
1789172917.635216,2966,pg_toast,pg_toast_2964,0,0,0,0,0,0,0,0,0
1789172917.635216,2618,pg_catalog,pg_rewrite,0,0,2,2,0,0,0,0,0
1789172917.635216,4177,pg_toast,pg_toast_1262,0,0,0,0,0,0,0,0,0
1789172917.635216,13484,information_schema,sql_parts,0,0,,,0,0,0,0,0
1789172917.635216,4159,pg_toast,pg_toast_2600,0,0,0,0,0,0,0,0,0
1789172917.635216,4147,pg_toast,pg_toast_3079,0,0,0,0,0,0,0,0,0
1789172917.635216,13474,information_schema,sql_features,0,0,,,0,0,0,0,0
1789172917.635216,1247,pg_catalog,pg_type,0,0,25,25,0,0,0,0,0
1789172917.635216,2602,pg_catalog,pg_amop,0,0,16,28,0,0,0,0,0
1789172917.635216,3439,pg_toast,pg_toast_3381,0,0,0,0,0,0,0,0,0
1789172917.635216,2846,pg_toast,pg_toast_2396,0,0,0,0,0,0,0,0,0
1789172917.635216,4145,pg_toast,pg_toast_3466,0,0,0,0,0,0,0,0,0
1789172917.635216,3541,pg_catalog,pg_range,0,0,0,0,0,0,0,0,0
1789172917.635216,3602,pg_catalog,pg_ts_config,0,0,0,0,0,0,0,0,0
1789172917.635216,4183,pg_toast,pg_toast_6100,0,0,0,0,0,0,0,0,0
1789172917.635216,2224,pg_catalog,pg_sequence,0,0,0,0,0,0,0,0,0
1789172917.635216,2611,pg_catalog,pg_inherits,0,0,0,0,0,0,0,0,0
1789172917.635216,1417,pg_catalog,pg_foreign_server,0,0,0,0,0,0,0,0,0
1789172917.635216,1262,pg_catalog,pg_database,0,0,0,0,0,0,0,0,0
1789172917.635216,13492,pg_toast,pg_toast_13489,0,0,0,0,0,0,0,0,0
1789172917.635216,3501,pg_catalog,pg_enum,0,0,0,0,0,0,0,0,0
1789172917.635216,2607,pg_catalog,pg_conversion,0,0,0,0,0,0,0,0,0
1789172917.635216,826,pg_catalog,pg_default_acl,0,0,0,0,0,0,0,0,0
1789172917.635216,2604,pg_catalog,pg_attrdef,0,0,0,0,0,0,0,0,0
1789172917.635216,2336,pg_toast,pg_toast_2620,0,0,0,0,0,0,0,0,0
1789172917.635216,2603,pg_catalog,pg_amproc,0,0,5,11,0,0,0,0,0
1789172917.635216,2362101,pg_toast,pg_toast_2362090,0,0,0,0,0,0,0,0,0
1789172917.635216,2606,pg_catalog,pg_constraint,0,0,3,8,0,0,0,0,0
1789172917.635216,1255,pg_catalog,pg_proc,0,0,21,26,0,0,0,0,0
1789172917.635216,4173,pg_toast,pg_toast_1418,0,0,0,0,0,0,0,0,0
1789172917.635216,2620,pg_catalog,pg_trigger,0,0,0,0,0,0,0,0,0
1789172917.635216,2362037,pg_toast,pg_toast_2362031,0,0,0,0,0,0,0,0,0
1789172917.635216,2612,pg_catalog,pg_language,0,0,0,0,0,0,0,0,0
1789172917.635216,4149,pg_toast,pg_toast_2328,0,0,0,0,0,0,0,0,0
1789172917.635216,6351,pg_toast,pg_toast_2610,0,0,0,0,0,0,0,0,0
1789172917.635216,13489,information_schema,sql_sizing,0,0,,,0,0,0,0,0
1789172917.635216,3598,pg_toast,pg_toast_3596,0,0,0,0,0,0,0,0,0
1789172917.635216,2836,pg_toast,pg_toast_1255,0,0,0,0,0,0,0,0,0
1789172917.635216,2362021,pg_toast,pg_toast_2362013,0,0,0,0,0,0,0,0,0
1789172917.635216,2362166,pg_toast,pg_toast_2362148,0,0,0,0,0,0,0,0,0
1789172917.635216,3456,pg_catalog,pg_collation,0,0,1,1,0,0,0,0,0
1789172917.635216,3079,pg_catalog,pg_extension,0,0,0,0,0,0,0,0,0
1789172917.635216,6100,pg_catalog,pg_subscription,0,0,0,0,0,0,0,0,0
1789172917.635216,2832,pg_toast,pg_toast_2606,0,0,0,0,0,0,0,0,0
1789172917.635216,3256,pg_catalog,pg_policy,0,0,0,0,0,0,0,0,0
1789172917.635216,2362029,pg_toast,pg_toast_2362023,0,0,0,0,0,0,0,0,0
1789172917.635216,3466,pg_catalog,pg_event_trigger,0,0,0,0,0,0,0,0,0
1789172917.635216,2362058,pg_toast,pg_toast_2362051,0,0,0,0,0,0,0,0,0
1789172917.635216,3592,pg_catalog,pg_shseclabel,0,0,0,0,0,0,0,0,0
1789172917.635216,3764,pg_catalog,pg_ts_template,0,0,0,0,0,0,0,0,0
1789172917.635216,6237,pg_catalog,pg_publication_namespace,0,0,0,0,0,0,0,0,0
1789172917.635216,13487,pg_toast,pg_toast_13484,0,0,0,0,0,0,0,0,0
1789172917.635216,2995,pg_catalog,pg_largeobject_metadata,0,0,0,0,0,0,0,0,0
1789172917.635216,4143,pg_toast,pg_toast_826,0,0,0,0,0,0,0,0,0
1789172917.635216,4185,pg_toast,pg_toast_1213,0,0,0,0,0,0,0,0,0
1789172917.635216,6243,pg_catalog,pg_parameter_acl,0,0,0,0,0,0,0,0,0
1789172917.635216,2361988,pg_toast,pg_toast_2361978,0,0,0,0,0,0,0,0,0
1789172917.635216,2616,pg_catalog,pg_opclass,0,0,10,179,0,0,0,0,0
1789172917.635216,2362137,pg_toast,pg_toast_2362128,0,0,0,0,0,0,0,0,0
1789172917.635216,2838,pg_toast,pg_toast_2618,0,0,1,3,0,0,0,0,0
1789172917.635216,6228,pg_toast,pg_toast_6106,0,0,0,0,0,0,0,0,0
1789172917.635216,3118,pg_catalog,pg_foreign_table,0,0,0,0,0,0,0,0,0
1789172917.635216,1259,pg_catalog,pg_class,1,523,14,14,0,0,0,0,0
1789172917.635216,3350,pg_catalog,pg_partitioned_table,0,0,0,0,0,0,0,0,0
1789172917.635216,4153,pg_toast,pg_toast_3118,0,0,0,0,0,0,0,0,0
1789172917.635216,4060,pg_toast,pg_toast_3592,0,0,0,0,0,0,0,0,0
1789172917.635216,4165,pg_toast,pg_toast_3350,0,0,0,0,0,0,0,0,0
1789172917.635216,2753,pg_catalog,pg_opfamily,0,0,2,2,0,0,0,0,0
1789172917.635216,3601,pg_catalog,pg_ts_parser,0,0,0,0,0,0,0,0,0
1789172917.635216,6104,pg_catalog,pg_publication,0,0,0,0,0,0,0,0,0
1789172917.635216,13477,pg_toast,pg_toast_13474,0,0,0,0,0,0,0,0,0
1789172917.635216,3429,pg_catalog,pg_statistic_ext_data,0,0,0,0,0,0,0,0,0
1789172917.635216,2619,pg_catalog,pg_statistic,0,0,17,8,0,0,0,0,0
1789172917.635216,4155,pg_toast,pg_toast_3394,0,0,0,0,0,0,0,0,0
1789172917.635216,2362224,pg_toast,pg_toast_2362205,0,0,0,0,0,0,0,0,0
1789172917.635216,3381,pg_catalog,pg_statistic_ext,0,0,3,0,0,0,0,0,0
1789172917.635216,6106,pg_catalog,pg_publication_rel,0,0,0,0,0,0,0,0,0
1789172917.635216,2605,pg_catalog,pg_cast,0,0,54,8,0,0,0,0,0
1789172917.635216,4171,pg_toast,pg_toast_1247,0,0,0,0,0,0,0,0,0
1789172917.635216,2830,pg_toast,pg_toast_2604,0,0,0,0,0,0,0,0,0
1789172917.635216,13479,information_schema,sql_implementation_info,0,0,,,0,0,0,0,0
1789172917.635216,6244,pg_toast,pg_toast_6243,0,0,0,0,0,0,0,0,0
1789172917.635216,2361971,pg_toast,pg_toast_2361963,0,0,0,0,0,0,0,0,0
1789172917.635216,3430,pg_toast,pg_toast_3429,0,0,0,0,0,0,0,0,0
1789172917.635216,3576,pg_catalog,pg_transform,0,0,0,0,0,0,0,0,0
1789172917.635216,2601,pg_catalog,pg_am,0,0,0,0,0,0,0,0,0
1789172977.759213,3394,pg_catalog,pg_init_privs,0,0,0,0,0,0,0,0,0
1789172977.759213,4167,pg_toast,pg_toast_3256,0,0,0,0,0,0,0,0,0
1789172977.759213,4151,pg_toast,pg_toast_1417,0,0,0,0,0,0,0,0,0
1789172977.759213,2834,pg_toast,pg_toast_2609,0,0,0,0,0,0,0,0,0
1789172977.759213,6000,pg_catalog,pg_replication_origin,0,0,0,0,0,0,0,0,0
1789172977.759213,2840,pg_toast,pg_toast_2619,0,0,0,0,0,0,0,0,0
1789172977.759213,2328,pg_catalog,pg_foreign_data_wrapper,0,0,0,0,0,0,0,0,0
1789172977.759213,4157,pg_toast,pg_toast_2612,0,0,0,0,0,0,0,0,0
1789172977.759213,1260,pg_catalog,pg_authid,0,0,0,0,0,0,0,0,0
1789172977.759213,2362182,pg_toast,pg_toast_2362174,0,0,0,0,0,0,0,0,0
1789172977.759213,6102,pg_catalog,pg_subscription_rel,0,0,0,0,0,0,0,0,0
1789172977.759213,1214,pg_catalog,pg_shdepend,0,0,0,0,0,0,0,0,0
1789172977.759213,4163,pg_toast,pg_toast_2615,0,0,0,0,0,0,0,0,0
1789172977.759213,2362193,pg_toast,pg_toast_2362184,0,0,0,0,0,0,0,0,0
1789172977.759213,4169,pg_toast,pg_toast_3600,0,0,0,0,0,0,0,0,0
1789172977.759213,2615,pg_catalog,pg_namespace,1,4,7,2,0,0,0,0,0
1789172977.759213,2396,pg_catalog,pg_shdescription,0,0,0,0,0,0,0,0,0
1789172977.759213,3600,pg_catalog,pg_ts_dict,0,0,0,0,0,0,0,0,0
1789172977.759213,3596,pg_catalog,pg_seclabel,0,0,0,0,0,0,0,0,0
1789172977.759213,2609,pg_catalog,pg_description,0,0,0,0,0,0,0,0,0
1789172977.759213,13482,pg_toast,pg_toast_13479,0,0,0,0,0,0,0,0,0
1789172977.759213,2362082,pg_toast,pg_toast_2362060,0,0,0,0,0,0,0,0,0
1789172977.759213,3603,pg_catalog,pg_ts_config_map,0,0,0,0,0,0,0,0,0
1789172977.759213,1213,pg_catalog,pg_tablespace,0,0,1,1,0,0,0,0,0
1789172977.759213,2608,pg_catalog,pg_depend,0,0,0,0,0,0,0,0,0
1789172977.759213,2964,pg_catalog,pg_db_role_setting,0,0,0,0,0,0,0,0,0
1789172977.759213,1418,pg_catalog,pg_user_mapping,0,0,0,0,0,0,0,0,0
1789172977.759213,2613,pg_catalog,pg_largeobject,0,0,0,0,0,0,0,0,0
1789172977.759213,6175,pg_toast,pg_toast_3456,0,0,0,0,0,0,0,0,0
1789172977.759213,1261,pg_catalog,pg_auth_members,0,0,0,0,0,0,0,0,0
1789172977.759213,2617,pg_catalog,pg_operator,0,0,8,8,0,0,0,0,0
1789172977.759213,2610,pg_catalog,pg_index,1,221,11,13,0,0,0,0,0
1789172977.759213,1249,pg_catalog,pg_attribute,0,0,76,104,0,0,0,0,0
1789172977.759213,2600,pg_catalog,pg_aggregate,0,0,1,1,0,0,0,0,0
1789172977.759213,2966,pg_toast,pg_toast_2964,0,0,0,0,0,0,0,0,0
1789172977.759213,2618,pg_catalog,pg_rewrite,0,0,2,2,0,0,0,0,0
1789172977.759213,4177,pg_toast,pg_toast_1262,0,0,0,0,0,0,0,0,0
1789172977.759213,13484,information_schema,sql_parts,0,0,,,0,0,0,0,0
1789172977.759213,4159,pg_toast,pg_toast_2600,0,0,0,0,0,0,0,0,0
1789172977.759213,4147,pg_toast,pg_toast_3079,0,0,0,0,0,0,0,0,0
1789172977.759213,13474,information_schema,sql_features,0,0,,,0,0,0,0,0
1789172977.759213,1247,pg_catalog,pg_type,0,0,25,25,0,0,0,0,0
1789172977.759213,2602,pg_catalog,pg_amop,0,0,16,28,0,0,0,0,0
1789172977.759213,3439,pg_toast,pg_toast_3381,0,0,0,0,0,0,0,0,0
1789172977.759213,2846,pg_toast,pg_toast_2396,0,0,0,0,0,0,0,0,0
1789172977.759213,4145,pg_toast,pg_toast_3466,0,0,0,0,0,0,0,0,0
1789172977.759213,3541,pg_catalog,pg_range,0,0,0,0,0,0,0,0,0
1789172977.759213,3602,pg_catalog,pg_ts_config,0,0,0,0,0,0,0,0,0
1789172977.759213,4183,pg_toast,pg_toast_6100,0,0,0,0,0,0,0,0,0
1789172977.759213,2224,pg_catalog,pg_sequence,0,0,0,0,0,0,0,0,0
1789172977.759213,2611,pg_catalog,pg_inherits,0,0,0,0,0,0,0,0,0
1789172977.759213,1417,pg_catalog,pg_foreign_server,0,0,0,0,0,0,0,0,0
1789172977.759213,1262,pg_catalog,pg_database,0,0,0,0,0,0,0,0,0
1789172977.759213,13492,pg_toast,pg_toast_13489,0,0,0,0,0,0,0,0,0
1789172977.759213,3501,pg_catalog,pg_enum,0,0,0,0,0,0,0,0,0
1789172977.759213,2607,pg_catalog,pg_conversion,0,0,0,0,0,0,0,0,0
1789172977.759213,826,pg_catalog,pg_default_acl,0,0,0,0,0,0,0,0,0
1789172977.759213,2604,pg_catalog,pg_attrdef,0,0,0,0,0,0,0,0,0
1789172977.759213,2336,pg_toast,pg_toast_2620,0,0,0,0,0,0,0,0,0
1789172977.759213,2603,pg_catalog,pg_amproc,0,0,5,11,0,0,0,0,0
1789172977.759213,2362101,pg_toast,pg_toast_2362090,0,0,0,0,0,0,0,0,0
1789172977.759213,2606,pg_catalog,pg_constraint,0,0,3,8,0,0,0,0,0
1789172977.759213,1255,pg_catalog,pg_proc,0,0,21,26,0,0,0,0,0
1789172977.759213,4173,pg_toast,pg_toast_1418,0,0,0,0,0,0,0,0,0
1789172977.759213,2620,pg_catalog,pg_trigger,0,0,0,0,0,0,0,0,0
1789172977.759213,2362037,pg_toast,pg_toast_2362031,0,0,0,0,0,0,0,0,0
1789172977.759213,2612,pg_catalog,pg_language,0,0,0,0,0,0,0,0,0
1789172977.759213,4149,pg_toast,pg_toast_2328,0,0,0,0,0,0,0,0,0
1789172977.759213,6351,pg_toast,pg_toast_2610,0,0,0,0,0,0,0,0,0
1789172977.759213,13489,information_schema,sql_sizing,0,0,,,0,0,0,0,0
1789172977.759213,3598,pg_toast,pg_toast_3596,0,0,0,0,0,0,0,0,0
1789172977.759213,2836,pg_toast,pg_toast_1255,0,0,0,0,0,0,0,0,0
1789172977.759213,2362021,pg_toast,pg_toast_2362013,0,0,0,0,0,0,0,0,0
1789172977.759213,2362166,pg_toast,pg_toast_2362148,0,0,0,0,0,0,0,0,0
1789172977.759213,3456,pg_catalog,pg_collation,0,0,1,1,0,0,0,0,0
1789172977.759213,3079,pg_catalog,pg_extension,0,0,0,0,0,0,0,0,0
1789172977.759213,6100,pg_catalog,pg_subscription,0,0,0,0,0,0,0,0,0
1789172977.759213,2832,pg_toast,pg_toast_2606,0,0,0,0,0,0,0,0,0
1789172977.759213,3256,pg_catalog,pg_policy,0,0,0,0,0,0,0,0,0
1789172977.759213,2362029,pg_toast,pg_toast_2362023,0,0,0,0,0,0,0,0,0
1789172977.759213,3466,pg_catalog,pg_event_trigger,0,0,0,0,0,0,0,0,0
1789172977.759213,2362058,pg_toast,pg_toast_2362051,0,0,0,0,0,0,0,0,0
1789172977.759213,3592,pg_catalog,pg_shseclabel,0,0,0,0,0,0,0,0,0
1789172977.759213,3764,pg_catalog,pg_ts_template,0,0,0,0,0,0,0,0,0
1789172977.759213,6237,pg_catalog,pg_publication_namespace,0,0,0,0,0,0,0,0,0
1789172977.759213,13487,pg_toast,pg_toast_13484,0,0,0,0,0,0,0,0,0
1789172977.759213,2995,pg_catalog,pg_largeobject_metadata,0,0,0,0,0,0,0,0,0
1789172977.759213,4143,pg_toast,pg_toast_826,0,0,0,0,0,0,0,0,0
1789172977.759213,4185,pg_toast,pg_toast_1213,0,0,0,0,0,0,0,0,0
1789172977.759213,6243,pg_catalog,pg_parameter_acl,0,0,0,0,0,0,0,0,0
1789172977.759213,2361988,pg_toast,pg_toast_2361978,0,0,0,0,0,0,0,0,0
1789172977.759213,2616,pg_catalog,pg_opclass,0,0,10,179,0,0,0,0,0
1789172977.759213,2362137,pg_toast,pg_toast_2362128,0,0,0,0,0,0,0,0,0
1789172977.759213,2838,pg_toast,pg_toast_2618,0,0,1,3,0,0,0,0,0
1789172977.759213,6228,pg_toast,pg_toast_6106,0,0,0,0,0,0,0,0,0
1789172977.759213,3118,pg_catalog,pg_foreign_table,0,0,0,0,0,0,0,0,0
1789172977.759213,1259,pg_catalog,pg_class,1,523,14,14,0,0,0,0,0
1789172977.759213,3350,pg_catalog,pg_partitioned_table,0,0,0,0,0,0,0,0,0
1789172977.759213,4153,pg_toast,pg_toast_3118,0,0,0,0,0,0,0,0,0
1789172977.759213,4060,pg_toast,pg_toast_3592,0,0,0,0,0,0,0,0,0
1789172977.759213,4165,pg_toast,pg_toast_3350,0,0,0,0,0,0,0,0,0
1789172977.759213,2753,pg_catalog,pg_opfamily,0,0,2,2,0,0,0,0,0
1789172977.759213,3601,pg_catalog,pg_ts_parser,0,0,0,0,0,0,0,0,0
1789172977.759213,6104,pg_catalog,pg_publication,0,0,0,0,0,0,0,0,0
1789172977.759213,13477,pg_toast,pg_toast_13474,0,0,0,0,0,0,0,0,0
1789172977.759213,3429,pg_catalog,pg_statistic_ext_data,0,0,0,0,0,0,0,0,0
1789172977.759213,2619,pg_catalog,pg_statistic,0,0,17,8,0,0,0,0,0
1789172977.759213,4155,pg_toast,pg_toast_3394,0,0,0,0,0,0,0,0,0
1789172977.759213,2362224,pg_toast,pg_toast_2362205,0,0,0,0,0,0,0,0,0
1789172977.759213,3381,pg_catalog,pg_statistic_ext,0,0,3,0,0,0,0,0,0
1789172977.759213,6106,pg_catalog,pg_publication_rel,0,0,0,0,0,0,0,0,0
1789172977.759213,2605,pg_catalog,pg_cast,0,0,54,8,0,0,0,0,0
1789172977.759213,4171,pg_toast,pg_toast_1247,0,0,0,0,0,0,0,0,0
1789172977.759213,2830,pg_toast,pg_toast_2604,0,0,0,0,0,0,0,0,0
1789172977.759213,13479,information_schema,sql_implementation_info,0,0,,,0,0,0,0,0
1789172977.759213,6244,pg_toast,pg_toast_6243,0,0,0,0,0,0,0,0,0
1789172977.759213,2361971,pg_toast,pg_toast_2361963,0,0,0,0,0,0,0,0,0
1789172977.759213,3430,pg_toast,pg_toast_3429,0,0,0,0,0,0,0,0,0
1789172977.759213,3576,pg_catalog,pg_transform,0,0,0,0,0,0,0,0,0
1789172977.759213,2601,pg_catalog,pg_am,0,0,0,0,0,0,0,0,0
1789173037.922475,3394,pg_catalog,pg_init_privs,0,0,0,0,0,0,0,0,0
1789173037.922475,4167,pg_toast,pg_toast_3256,0,0,0,0,0,0,0,0,0
1789173037.922475,4151,pg_toast,pg_toast_1417,0,0,0,0,0,0,0,0,0
1789173037.922475,2834,pg_toast,pg_toast_2609,0,0,0,0,0,0,0,0,0
1789173037.922475,6000,pg_catalog,pg_replication_origin,0,0,0,0,0,0,0,0,0
1789173037.922475,2840,pg_toast,pg_toast_2619,0,0,0,0,0,0,0,0,0
1789173037.922475,2328,pg_catalog,pg_foreign_data_wrapper,0,0,0,0,0,0,0,0,0
1789173037.922475,4157,pg_toast,pg_toast_2612,0,0,0,0,0,0,0,0,0
1789173037.922475,1260,pg_catalog,pg_authid,0,0,0,0,0,0,0,0,0
1789173037.922475,2362182,pg_toast,pg_toast_2362174,0,0,0,0,0,0,0,0,0
1789173037.922475,6102,pg_catalog,pg_subscription_rel,0,0,0,0,0,0,0,0,0
1789173037.922475,1214,pg_catalog,pg_shdepend,0,0,0,0,0,0,0,0,0
1789173037.922475,4163,pg_toast,pg_toast_2615,0,0,0,0,0,0,0,0,0
1789173037.922475,2362193,pg_toast,pg_toast_2362184,0,0,0,0,0,0,0,0,0
1789173037.922475,4169,pg_toast,pg_toast_3600,0,0,0,0,0,0,0,0,0
1789173037.922475,2615,pg_catalog,pg_namespace,1,4,7,2,0,0,0,0,0
1789173037.922475,2396,pg_catalog,pg_shdescription,0,0,0,0,0,0,0,0,0
1789173037.922475,3600,pg_catalog,pg_ts_dict,0,0,0,0,0,0,0,0,0
1789173037.922475,3596,pg_catalog,pg_seclabel,0,0,0,0,0,0,0,0,0
1789173037.922475,2609,pg_catalog,pg_description,0,0,0,0,0,0,0,0,0
1789173037.922475,13482,pg_toast,pg_toast_13479,0,0,0,0,0,0,0,0,0
1789173037.922475,2362082,pg_toast,pg_toast_2362060,0,0,0,0,0,0,0,0,0
1789173037.922475,3603,pg_catalog,pg_ts_config_map,0,0,0,0,0,0,0,0,0
1789173037.922475,1213,pg_catalog,pg_tablespace,0,0,1,1,0,0,0,0,0
1789173037.922475,2608,pg_catalog,pg_depend,0,0,0,0,0,0,0,0,0
1789173037.922475,2964,pg_catalog,pg_db_role_setting,0,0,0,0,0,0,0,0,0
1789173037.922475,1418,pg_catalog,pg_user_mapping,0,0,0,0,0,0,0,0,0
1789173037.922475,2613,pg_catalog,pg_largeobject,0,0,0,0,0,0,0,0,0
1789173037.922475,6175,pg_toast,pg_toast_3456,0,0,0,0,0,0,0,0,0
1789173037.922475,1261,pg_catalog,pg_auth_members,0,0,0,0,0,0,0,0,0
1789173037.922475,2617,pg_catalog,pg_operator,0,0,8,8,0,0,0,0,0
1789173037.922475,2610,pg_catalog,pg_index,1,221,11,13,0,0,0,0,0
1789173037.922475,1249,pg_catalog,pg_attribute,0,0,76,104,0,0,0,0,0
1789173037.922475,2600,pg_catalog,pg_aggregate,0,0,1,1,0,0,0,0,0
1789173037.922475,2966,pg_toast,pg_toast_2964,0,0,0,0,0,0,0,0,0
1789173037.922475,2618,pg_catalog,pg_rewrite,0,0,2,2,0,0,0,0,0
1789173037.922475,4177,pg_toast,pg_toast_1262,0,0,0,0,0,0,0,0,0
1789173037.922475,13484,information_schema,sql_parts,0,0,,,0,0,0,0,0
1789173037.922475,4159,pg_toast,pg_toast_2600,0,0,0,0,0,0,0,0,0
1789173037.922475,4147,pg_toast,pg_toast_3079,0,0,0,0,0,0,0,0,0
1789173037.922475,13474,information_schema,sql_features,0,0,,,0,0,0,0,0
1789173037.922475,1247,pg_catalog,pg_type,0,0,25,25,0,0,0,0,0
1789173037.922475,2602,pg_catalog,pg_amop,0,0,16,28,0,0,0,0,0
1789173037.922475,3439,pg_toast,pg_toast_3381,0,0,0,0,0,0,0,0,0
1789173037.922475,2846,pg_toast,pg_toast_2396,0,0,0,0,0,0,0,0,0
1789173037.922475,4145,pg_toast,pg_toast_3466,0,0,0,0,0,0,0,0,0
1789173037.922475,3541,pg_catalog,pg_range,0,0,0,0,0,0,0,0,0
1789173037.922475,3602,pg_catalog,pg_ts_config,0,0,0,0,0,0,0,0,0
1789173037.922475,4183,pg_toast,pg_toast_6100,0,0,0,0,0,0,0,0,0
1789173037.922475,2224,pg_catalog,pg_sequence,0,0,0,0,0,0,0,0,0
1789173037.922475,2611,pg_catalog,pg_inherits,0,0,0,0,0,0,0,0,0
1789173037.922475,1417,pg_catalog,pg_foreign_server,0,0,0,0,0,0,0,0,0
1789173037.922475,1262,pg_catalog,pg_database,0,0,0,0,0,0,0,0,0
1789173037.922475,13492,pg_toast,pg_toast_13489,0,0,0,0,0,0,0,0,0
1789173037.922475,3501,pg_catalog,pg_enum,0,0,0,0,0,0,0,0,0
1789173037.922475,2607,pg_catalog,pg_conversion,0,0,0,0,0,0,0,0,0
1789173037.922475,826,pg_catalog,pg_default_acl,0,0,0,0,0,0,0,0,0
1789173037.922475,2604,pg_catalog,pg_attrdef,0,0,0,0,0,0,0,0,0
1789173037.922475,2336,pg_toast,pg_toast_2620,0,0,0,0,0,0,0,0,0
1789173037.922475,2603,pg_catalog,pg_amproc,0,0,5,11,0,0,0,0,0
1789173037.922475,2362101,pg_toast,pg_toast_2362090,0,0,0,0,0,0,0,0,0
1789173037.922475,2606,pg_catalog,pg_constraint,0,0,3,8,0,0,0,0,0
1789173037.922475,1255,pg_catalog,pg_proc,0,0,21,26,0,0,0,0,0
1789173037.922475,4173,pg_toast,pg_toast_1418,0,0,0,0,0,0,0,0,0
1789173037.922475,2620,pg_catalog,pg_trigger,0,0,0,0,0,0,0,0,0
1789173037.922475,2362037,pg_toast,pg_toast_2362031,0,0,0,0,0,0,0,0,0
1789173037.922475,2612,pg_catalog,pg_language,0,0,0,0,0,0,0,0,0
1789173037.922475,4149,pg_toast,pg_toast_2328,0,0,0,0,0,0,0,0,0
1789173037.922475,6351,pg_toast,pg_toast_2610,0,0,0,0,0,0,0,0,0
1789173037.922475,13489,information_schema,sql_sizing,0,0,,,0,0,0,0,0
1789173037.922475,3598,pg_toast,pg_toast_3596,0,0,0,0,0,0,0,0,0
1789173037.922475,2836,pg_toast,pg_toast_1255,0,0,0,0,0,0,0,0,0
1789173037.922475,2362021,pg_toast,pg_toast_2362013,0,0,0,0,0,0,0,0,0
1789173037.922475,2362166,pg_toast,pg_toast_2362148,0,0,0,0,0,0,0,0,0
1789173037.922475,3456,pg_catalog,pg_collation,0,0,1,1,0,0,0,0,0
1789173037.922475,3079,pg_catalog,pg_extension,0,0,0,0,0,0,0,0,0
1789173037.922475,6100,pg_catalog,pg_subscription,0,0,0,0,0,0,0,0,0
1789173037.922475,2832,pg_toast,pg_toast_2606,0,0,0,0,0,0,0,0,0
1789173037.922475,3256,pg_catalog,pg_policy,0,0,0,0,0,0,0,0,0
1789173037.922475,2362029,pg_toast,pg_toast_2362023,0,0,0,0,0,0,0,0,0
1789173037.922475,3466,pg_catalog,pg_event_trigger,0,0,0,0,0,0,0,0,0
1789173037.922475,2362058,pg_toast,pg_toast_2362051,0,0,0,0,0,0,0,0,0
1789173037.922475,3592,pg_catalog,pg_shseclabel,0,0,0,0,0,0,0,0,0
1789173037.922475,3764,pg_catalog,pg_ts_template,0,0,0,0,0,0,0,0,0
1789173037.922475,6237,pg_catalog,pg_publication_namespace,0,0,0,0,0,0,0,0,0
1789173037.922475,13487,pg_toast,pg_toast_13484,0,0,0,0,0,0,0,0,0
1789173037.922475,2995,pg_catalog,pg_largeobject_metadata,0,0,0,0,0,0,0,0,0
1789173037.922475,4143,pg_toast,pg_toast_826,0,0,0,0,0,0,0,0,0
1789173037.922475,4185,pg_toast,pg_toast_1213,0,0,0,0,0,0,0,0,0
1789173037.922475,6243,pg_catalog,pg_parameter_acl,0,0,0,0,0,0,0,0,0
1789173037.922475,2361988,pg_toast,pg_toast_2361978,0,0,0,0,0,0,0,0,0
1789173037.922475,2616,pg_catalog,pg_opclass,0,0,10,179,0,0,0,0,0
1789173037.922475,2362137,pg_toast,pg_toast_2362128,0,0,0,0,0,0,0,0,0
1789173037.922475,2838,pg_toast,pg_toast_2618,0,0,1,3,0,0,0,0,0
1789173037.922475,6228,pg_toast,pg_toast_6106,0,0,0,0,0,0,0,0,0
1789173037.922475,3118,pg_catalog,pg_foreign_table,0,0,0,0,0,0,0,0,0
1789173037.922475,1259,pg_catalog,pg_class,1,523,14,14,0,0,0,0,0
1789173037.922475,3350,pg_catalog,pg_partitioned_table,0,0,0,0,0,0,0,0,0
1789173037.922475,4153,pg_toast,pg_toast_3118,0,0,0,0,0,0,0,0,0
1789173037.922475,4060,pg_toast,pg_toast_3592,0,0,0,0,0,0,0,0,0
1789173037.922475,4165,pg_toast,pg_toast_3350,0,0,0,0,0,0,0,0,0
1789173037.922475,2753,pg_catalog,pg_opfamily,0,0,2,2,0,0,0,0,0
1789173037.922475,3601,pg_catalog,pg_ts_parser,0,0,0,0,0,0,0,0,0
1789173037.922475,6104,pg_catalog,pg_publication,0,0,0,0,0,0,0,0,0
1789173037.922475,13477,pg_toast,pg_toast_13474,0,0,0,0,0,0,0,0,0
1789173037.922475,3429,pg_catalog,pg_statistic_ext_data,0,0,0,0,0,0,0,0,0
1789173037.922475,2619,pg_catalog,pg_statistic,0,0,17,8,0,0,0,0,0
1789173037.922475,4155,pg_toast,pg_toast_3394,0,0,0,0,0,0,0,0,0
1789173037.922475,2362224,pg_toast,pg_toast_2362205,0,0,0,0,0,0,0,0,0
1789173037.922475,3381,pg_catalog,pg_statistic_ext,0,0,3,0,0,0,0,0,0
1789173037.922475,6106,pg_catalog,pg_publication_rel,0,0,0,0,0,0,0,0,0
1789173037.922475,2605,pg_catalog,pg_cast,0,0,54,8,0,0,0,0,0
1789173037.922475,4171,pg_toast,pg_toast_1247,0,0,0,0,0,0,0,0,0
1789173037.922475,2830,pg_toast,pg_toast_2604,0,0,0,0,0,0,0,0,0
1789173037.922475,13479,information_schema,sql_implementation_info,0,0,,,0,0,0,0,0
1789173037.922475,6244,pg_toast,pg_toast_6243,0,0,0,0,0,0,0,0,0
1789173037.922475,2361971,pg_toast,pg_toast_2361963,0,0,0,0,0,0,0,0,0
1789173037.922475,3430,pg_toast,pg_toast_3429,0,0,0,0,0,0,0,0,0
1789173037.922475,3576,pg_catalog,pg_transform,0,0,0,0,0,0,0,0,0
1789173037.922475,2601,pg_catalog,pg_am,0,0,0,0,0,0,0,0,0
1789173098.011852,3394,pg_catalog,pg_init_privs,0,0,0,0,0,0,0,0,0
1789173098.011852,4167,pg_toast,pg_toast_3256,0,0,0,0,0,0,0,0,0
1789173098.011852,4151,pg_toast,pg_toast_1417,0,0,0,0,0,0,0,0,0
1789173098.011852,2834,pg_toast,pg_toast_2609,0,0,0,0,0,0,0,0,0
1789173098.011852,6000,pg_catalog,pg_replication_origin,0,0,0,0,0,0,0,0,0
1789173098.011852,2840,pg_toast,pg_toast_2619,0,0,0,0,0,0,0,0,0
1789173098.011852,2328,pg_catalog,pg_foreign_data_wrapper,0,0,0,0,0,0,0,0,0
1789173098.011852,4157,pg_toast,pg_toast_2612,0,0,0,0,0,0,0,0,0
1789173098.011852,1260,pg_catalog,pg_authid,0,0,0,0,0,0,0,0,0
1789173098.011852,2362182,pg_toast,pg_toast_2362174,0,0,0,0,0,0,0,0,0
1789173098.011852,6102,pg_catalog,pg_subscription_rel,0,0,0,0,0,0,0,0,0
1789173098.011852,1214,pg_catalog,pg_shdepend,0,0,0,0,0,0,0,0,0
1789173098.011852,4163,pg_toast,pg_toast_2615,0,0,0,0,0,0,0,0,0
1789173098.011852,2362193,pg_toast,pg_toast_2362184,0,0,0,0,0,0,0,0,0
1789173098.011852,4169,pg_toast,pg_toast_3600,0,0,0,0,0,0,0,0,0
1789173098.011852,2615,pg_catalog,pg_namespace,1,4,7,2,0,0,0,0,0
1789173098.011852,2396,pg_catalog,pg_shdescription,0,0,0,0,0,0,0,0,0
1789173098.011852,3600,pg_catalog,pg_ts_dict,0,0,0,0,0,0,0,0,0
1789173098.011852,3596,pg_catalog,pg_seclabel,0,0,0,0,0,0,0,0,0
1789173098.011852,2609,pg_catalog,pg_description,0,0,0,0,0,0,0,0,0
1789173098.011852,13482,pg_toast,pg_toast_13479,0,0,0,0,0,0,0,0,0
1789173098.011852,2362082,pg_toast,pg_toast_2362060,0,0,0,0,0,0,0,0,0
1789173098.011852,3603,pg_catalog,pg_ts_config_map,0,0,0,0,0,0,0,0,0
1789173098.011852,1213,pg_catalog,pg_tablespace,0,0,1,1,0,0,0,0,0
1789173098.011852,2608,pg_catalog,pg_depend,0,0,0,0,0,0,0,0,0
1789173098.011852,2964,pg_catalog,pg_db_role_setting,0,0,0,0,0,0,0,0,0
1789173098.011852,1418,pg_catalog,pg_user_mapping,0,0,0,0,0,0,0,0,0
1789173098.011852,2613,pg_catalog,pg_largeobject,0,0,0,0,0,0,0,0,0
1789173098.011852,6175,pg_toast,pg_toast_3456,0,0,0,0,0,0,0,0,0
1789173098.011852,1261,pg_catalog,pg_auth_members,0,0,0,0,0,0,0,0,0
1789173098.011852,2617,pg_catalog,pg_operator,0,0,8,8,0,0,0,0,0
1789173098.011852,2610,pg_catalog,pg_index,1,221,11,13,0,0,0,0,0
1789173098.011852,1249,pg_catalog,pg_attribute,0,0,76,104,0,0,0,0,0
1789173098.011852,2600,pg_catalog,pg_aggregate,0,0,1,1,0,0,0,0,0
1789173098.011852,2966,pg_toast,pg_toast_2964,0,0,0,0,0,0,0,0,0
1789173098.011852,2618,pg_catalog,pg_rewrite,0,0,2,2,0,0,0,0,0
1789173098.011852,4177,pg_toast,pg_toast_1262,0,0,0,0,0,0,0,0,0
1789173098.011852,13484,information_schema,sql_parts,0,0,,,0,0,0,0,0
1789173098.011852,4159,pg_toast,pg_toast_2600,0,0,0,0,0,0,0,0,0
1789173098.011852,4147,pg_toast,pg_toast_3079,0,0,0,0,0,0,0,0,0
1789173098.011852,13474,information_schema,sql_features,0,0,,,0,0,0,0,0
1789173098.011852,1247,pg_catalog,pg_type,0,0,25,25,0,0,0,0,0
1789173098.011852,2602,pg_catalog,pg_amop,0,0,16,28,0,0,0,0,0
1789173098.011852,3439,pg_toast,pg_toast_3381,0,0,0,0,0,0,0,0,0
1789173098.011852,2846,pg_toast,pg_toast_2396,0,0,0,0,0,0,0,0,0
1789173098.011852,4145,pg_toast,pg_toast_3466,0,0,0,0,0,0,0,0,0
1789173098.011852,3541,pg_catalog,pg_range,0,0,0,0,0,0,0,0,0
1789173098.011852,3602,pg_catalog,pg_ts_config,0,0,0,0,0,0,0,0,0
1789173098.011852,4183,pg_toast,pg_toast_6100,0,0,0,0,0,0,0,0,0
1789173098.011852,2224,pg_catalog,pg_sequence,0,0,0,0,0,0,0,0,0
1789173098.011852,2611,pg_catalog,pg_inherits,0,0,0,0,0,0,0,0,0
1789173098.011852,1417,pg_catalog,pg_foreign_server,0,0,0,0,0,0,0,0,0
1789173098.011852,1262,pg_catalog,pg_database,0,0,0,0,0,0,0,0,0
1789173098.011852,13492,pg_toast,pg_toast_13489,0,0,0,0,0,0,0,0,0
1789173098.011852,3501,pg_catalog,pg_enum,0,0,0,0,0,0,0,0,0
1789173098.011852,2607,pg_catalog,pg_conversion,0,0,0,0,0,0,0,0,0
1789173098.011852,826,pg_catalog,pg_default_acl,0,0,0,0,0,0,0,0,0
1789173098.011852,2604,pg_catalog,pg_attrdef,0,0,0,0,0,0,0,0,0
1789173098.011852,2336,pg_toast,pg_toast_2620,0,0,0,0,0,0,0,0,0
1789173098.011852,2603,pg_catalog,pg_amproc,0,0,5,11,0,0,0,0,0
1789173098.011852,2362101,pg_toast,pg_toast_2362090,0,0,0,0,0,0,0,0,0
1789173098.011852,2606,pg_catalog,pg_constraint,0,0,3,8,0,0,0,0,0
1789173098.011852,1255,pg_catalog,pg_proc,0,0,21,26,0,0,0,0,0
1789173098.011852,4173,pg_toast,pg_toast_1418,0,0,0,0,0,0,0,0,0
1789173098.011852,2620,pg_catalog,pg_trigger,0,0,0,0,0,0,0,0,0
1789173098.011852,2362037,pg_toast,pg_toast_2362031,0,0,0,0,0,0,0,0,0
1789173098.011852,2612,pg_catalog,pg_language,0,0,0,0,0,0,0,0,0
1789173098.011852,4149,pg_toast,pg_toast_2328,0,0,0,0,0,0,0,0,0
1789173098.011852,6351,pg_toast,pg_toast_2610,0,0,0,0,0,0,0,0,0
1789173098.011852,13489,information_schema,sql_sizing,0,0,,,0,0,0,0,0
1789173098.011852,3598,pg_toast,pg_toast_3596,0,0,0,0,0,0,0,0,0
1789173098.011852,2836,pg_toast,pg_toast_1255,0,0,0,0,0,0,0,0,0
1789173098.011852,2362021,pg_toast,pg_toast_2362013,0,0,0,0,0,0,0,0,0
1789173098.011852,2362166,pg_toast,pg_toast_2362148,0,0,0,0,0,0,0,0,0
1789173098.011852,3456,pg_catalog,pg_collation,0,0,1,1,0,0,0,0,0
1789173098.011852,3079,pg_catalog,pg_extension,0,0,0,0,0,0,0,0,0
1789173098.011852,6100,pg_catalog,pg_subscription,0,0,0,0,0,0,0,0,0
1789173098.011852,2832,pg_toast,pg_toast_2606,0,0,0,0,0,0,0,0,0
1789173098.011852,3256,pg_catalog,pg_policy,0,0,0,0,0,0,0,0,0
1789173098.011852,2362029,pg_toast,pg_toast_2362023,0,0,0,0,0,0,0,0,0
1789173098.011852,3466,pg_catalog,pg_event_trigger,0,0,0,0,0,0,0,0,0
1789173098.011852,2362058,pg_toast,pg_toast_2362051,0,0,0,0,0,0,0,0,0
1789173098.011852,3592,pg_catalog,pg_shseclabel,0,0,0,0,0,0,0,0,0
1789173098.011852,3764,pg_catalog,pg_ts_template,0,0,0,0,0,0,0,0,0
1789173098.011852,6237,pg_catalog,pg_publication_namespace,0,0,0,0,0,0,0,0,0
1789173098.011852,13487,pg_toast,pg_toast_13484,0,0,0,0,0,0,0,0,0
1789173098.011852,2995,pg_catalog,pg_largeobject_metadata,0,0,0,0,0,0,0,0,0
1789173098.011852,4143,pg_toast,pg_toast_826,0,0,0,0,0,0,0,0,0
1789173098.011852,4185,pg_toast,pg_toast_1213,0,0,0,0,0,0,0,0,0
1789173098.011852,6243,pg_catalog,pg_parameter_acl,0,0,0,0,0,0,0,0,0
1789173098.011852,2361988,pg_toast,pg_toast_2361978,0,0,0,0,0,0,0,0,0
1789173098.011852,2616,pg_catalog,pg_opclass,0,0,10,179,0,0,0,0,0
1789173098.011852,2362137,pg_toast,pg_toast_2362128,0,0,0,0,0,0,0,0,0
1789173098.011852,2838,pg_toast,pg_toast_2618,0,0,1,3,0,0,0,0,0
1789173098.011852,6228,pg_toast,pg_toast_6106,0,0,0,0,0,0,0,0,0
1789173098.011852,3118,pg_catalog,pg_foreign_table,0,0,0,0,0,0,0,0,0
1789173098.011852,1259,pg_catalog,pg_class,1,523,14,14,0,0,0,0,0
1789173098.011852,3350,pg_catalog,pg_partitioned_table,0,0,0,0,0,0,0,0,0
1789173098.011852,4153,pg_toast,pg_toast_3118,0,0,0,0,0,0,0,0,0
1789173098.011852,4060,pg_toast,pg_toast_3592,0,0,0,0,0,0,0,0,0
1789173098.011852,4165,pg_toast,pg_toast_3350,0,0,0,0,0,0,0,0,0
1789173098.011852,2753,pg_catalog,pg_opfamily,0,0,2,2,0,0,0,0,0
1789173098.011852,3601,pg_catalog,pg_ts_parser,0,0,0,0,0,0,0,0,0
1789173098.011852,6104,pg_catalog,pg_publication,0,0,0,0,0,0,0,0,0
1789173098.011852,13477,pg_toast,pg_toast_13474,0,0,0,0,0,0,0,0,0
1789173098.011852,3429,pg_catalog,pg_statistic_ext_data,0,0,0,0,0,0,0,0,0
1789173098.011852,2619,pg_catalog,pg_statistic,0,0,17,8,0,0,0,0,0
1789173098.011852,4155,pg_toast,pg_toast_3394,0,0,0,0,0,0,0,0,0
1789173098.011852,2362224,pg_toast,pg_toast_2362205,0,0,0,0,0,0,0,0,0
1789173098.011852,3381,pg_catalog,pg_statistic_ext,0,0,3,0,0,0,0,0,0
1789173098.011852,6106,pg_catalog,pg_publication_rel,0,0,0,0,0,0,0,0,0
1789173098.011852,2605,pg_catalog,pg_cast,0,0,54,8,0,0,0,0,0
1789173098.011852,4171,pg_toast,pg_toast_1247,0,0,0,0,0,0,0,0,0
1789173098.011852,2830,pg_toast,pg_toast_2604,0,0,0,0,0,0,0,0,0
1789173098.011852,13479,information_schema,sql_implementation_info,0,0,,,0,0,0,0,0
1789173098.011852,6244,pg_toast,pg_toast_6243,0,0,0,0,0,0,0,0,0
1789173098.011852,2361971,pg_toast,pg_toast_2361963,0,0,0,0,0,0,0,0,0
1789173098.011852,3430,pg_toast,pg_toast_3429,0,0,0,0,0,0,0,0,0
1789173098.011852,3576,pg_catalog,pg_transform,0,0,0,0,0,0,0,0,0
1789173098.011852,2601,pg_catalog,pg_am,0,0,0,0,0,0,0,0,0
1789173157.125133,3394,pg_catalog,pg_init_privs,0,0,0,0,0,0,0,0,0
1789173157.125133,4167,pg_toast,pg_toast_3256,0,0,0,0,0,0,0,0,0
1789173157.125133,4151,pg_toast,pg_toast_1417,0,0,0,0,0,0,0,0,0
1789173157.125133,2834,pg_toast,pg_toast_2609,0,0,0,0,0,0,0,0,0
1789173157.125133,6000,pg_catalog,pg_replication_origin,0,0,0,0,0,0,0,0,0
1789173157.125133,2840,pg_toast,pg_toast_2619,0,0,0,0,0,0,0,0,0
1789173157.125133,2328,pg_catalog,pg_foreign_data_wrapper,0,0,0,0,0,0,0,0,0
1789173157.125133,4157,pg_toast,pg_toast_2612,0,0,0,0,0,0,0,0,0
1789173157.125133,1260,pg_catalog,pg_authid,0,0,0,0,0,0,0,0,0
1789173157.125133,2362182,pg_toast,pg_toast_2362174,0,0,0,0,0,0,0,0,0
1789173157.125133,6102,pg_catalog,pg_subscription_rel,0,0,0,0,0,0,0,0,0
1789173157.125133,1214,pg_catalog,pg_shdepend,0,0,0,0,0,0,0,0,0
1789173157.125133,4163,pg_toast,pg_toast_2615,0,0,0,0,0,0,0,0,0
1789173157.125133,2362193,pg_toast,pg_toast_2362184,0,0,0,0,0,0,0,0,0
1789173157.125133,4169,pg_toast,pg_toast_3600,0,0,0,0,0,0,0,0,0
1789173157.125133,2615,pg_catalog,pg_namespace,1,4,7,2,0,0,0,0,0
1789173157.125133,2396,pg_catalog,pg_shdescription,0,0,0,0,0,0,0,0,0
1789173157.125133,3600,pg_catalog,pg_ts_dict,0,0,0,0,0,0,0,0,0
1789173157.125133,3596,pg_catalog,pg_seclabel,0,0,0,0,0,0,0,0,0
1789173157.125133,2609,pg_catalog,pg_description,0,0,0,0,0,0,0,0,0
1789173157.125133,13482,pg_toast,pg_toast_13479,0,0,0,0,0,0,0,0,0
1789173157.125133,2362082,pg_toast,pg_toast_2362060,0,0,0,0,0,0,0,0,0
1789173157.125133,3603,pg_catalog,pg_ts_config_map,0,0,0,0,0,0,0,0,0
1789173157.125133,1213,pg_catalog,pg_tablespace,0,0,1,1,0,0,0,0,0
1789173157.125133,2608,pg_catalog,pg_depend,0,0,0,0,0,0,0,0,0
1789173157.125133,2964,pg_catalog,pg_db_role_setting,0,0,0,0,0,0,0,0,0
1789173157.125133,1418,pg_catalog,pg_user_mapping,0,0,0,0,0,0,0,0,0
1789173157.125133,2613,pg_catalog,pg_largeobject,0,0,0,0,0,0,0,0,0
1789173157.125133,6175,pg_toast,pg_toast_3456,0,0,0,0,0,0,0,0,0
1789173157.125133,1261,pg_catalog,pg_auth_members,0,0,0,0,0,0,0,0,0
1789173157.125133,2617,pg_catalog,pg_operator,0,0,8,8,0,0,0,0,0
1789173157.125133,2610,pg_catalog,pg_index,1,221,11,13,0,0,0,0,0
1789173157.125133,1249,pg_catalog,pg_attribute,0,0,76,104,0,0,0,0,0
1789173157.125133,2600,pg_catalog,pg_aggregate,0,0,1,1,0,0,0,0,0
1789173157.125133,2966,pg_toast,pg_toast_2964,0,0,0,0,0,0,0,0,0
1789173157.125133,2618,pg_catalog,pg_rewrite,0,0,2,2,0,0,0,0,0
1789173157.125133,4177,pg_toast,pg_toast_1262,0,0,0,0,0,0,0,0,0
1789173157.125133,13484,information_schema,sql_parts,0,0,,,0,0,0,0,0
1789173157.125133,4159,pg_toast,pg_toast_2600,0,0,0,0,0,0,0,0,0
1789173157.125133,4147,pg_toast,pg_toast_3079,0,0,0,0,0,0,0,0,0
1789173157.125133,13474,information_schema,sql_features,0,0,,,0,0,0,0,0
1789173157.125133,1247,pg_catalog,pg_type,0,0,25,25,0,0,0,0,0
1789173157.125133,2602,pg_catalog,pg_amop,0,0,16,28,0,0,0,0,0
1789173157.125133,3439,pg_toast,pg_toast_3381,0,0,0,0,0,0,0,0,0
1789173157.125133,2846,pg_toast,pg_toast_2396,0,0,0,0,0,0,0,0,0
1789173157.125133,4145,pg_toast,pg_toast_3466,0,0,0,0,0,0,0,0,0
1789173157.125133,3541,pg_catalog,pg_range,0,0,0,0,0,0,0,0,0
1789173157.125133,3602,pg_catalog,pg_ts_config,0,0,0,0,0,0,0,0,0
1789173157.125133,4183,pg_toast,pg_toast_6100,0,0,0,0,0,0,0,0,0
1789173157.125133,2224,pg_catalog,pg_sequence,0,0,0,0,0,0,0,0,0
1789173157.125133,2611,pg_catalog,pg_inherits,0,0,0,0,0,0,0,0,0
1789173157.125133,1417,pg_catalog,pg_foreign_server,0,0,0,0,0,0,0,0,0
1789173157.125133,1262,pg_catalog,pg_database,0,0,0,0,0,0,0,0,0
1789173157.125133,13492,pg_toast,pg_toast_13489,0,0,0,0,0,0,0,0,0
1789173157.125133,3501,pg_catalog,pg_enum,0,0,0,0,0,0,0,0,0
1789173157.125133,2607,pg_catalog,pg_conversion,0,0,0,0,0,0,0,0,0
1789173157.125133,826,pg_catalog,pg_default_acl,0,0,0,0,0,0,0,0,0
1789173157.125133,2604,pg_catalog,pg_attrdef,0,0,0,0,0,0,0,0,0
1789173157.125133,2336,pg_toast,pg_toast_2620,0,0,0,0,0,0,0,0,0
1789173157.125133,2603,pg_catalog,pg_amproc,0,0,5,11,0,0,0,0,0
1789173157.125133,2362101,pg_toast,pg_toast_2362090,0,0,0,0,0,0,0,0,0
1789173157.125133,2606,pg_catalog,pg_constraint,0,0,3,8,0,0,0,0,0
1789173157.125133,1255,pg_catalog,pg_proc,0,0,21,26,0,0,0,0,0
1789173157.125133,4173,pg_toast,pg_toast_1418,0,0,0,0,0,0,0,0,0
1789173157.125133,2620,pg_catalog,pg_trigger,0,0,0,0,0,0,0,0,0
1789173157.125133,2362037,pg_toast,pg_toast_2362031,0,0,0,0,0,0,0,0,0
1789173157.125133,2612,pg_catalog,pg_language,0,0,0,0,0,0,0,0,0
1789173157.125133,4149,pg_toast,pg_toast_2328,0,0,0,0,0,0,0,0,0
1789173157.125133,6351,pg_toast,pg_toast_2610,0,0,0,0,0,0,0,0,0
1789173157.125133,13489,information_schema,sql_sizing,0,0,,,0,0,0,0,0
1789173157.125133,3598,pg_toast,pg_toast_3596,0,0,0,0,0,0,0,0,0
1789173157.125133,2836,pg_toast,pg_toast_1255,0,0,0,0,0,0,0,0,0
1789173157.125133,2362021,pg_toast,pg_toast_2362013,0,0,0,0,0,0,0,0,0
1789173157.125133,2362166,pg_toast,pg_toast_2362148,0,0,0,0,0,0,0,0,0
1789173157.125133,3456,pg_catalog,pg_collation,0,0,1,1,0,0,0,0,0
1789173157.125133,3079,pg_catalog,pg_extension,0,0,0,0,0,0,0,0,0
1789173157.125133,6100,pg_catalog,pg_subscription,0,0,0,0,0,0,0,0,0
1789173157.125133,2832,pg_toast,pg_toast_2606,0,0,0,0,0,0,0,0,0
1789173157.125133,3256,pg_catalog,pg_policy,0,0,0,0,0,0,0,0,0
1789173157.125133,2362029,pg_toast,pg_toast_2362023,0,0,0,0,0,0,0,0,0
1789173157.125133,3466,pg_catalog,pg_event_trigger,0,0,0,0,0,0,0,0,0
1789173157.125133,2362058,pg_toast,pg_toast_2362051,0,0,0,0,0,0,0,0,0
1789173157.125133,3592,pg_catalog,pg_shseclabel,0,0,0,0,0,0,0,0,0
1789173157.125133,3764,pg_catalog,pg_ts_template,0,0,0,0,0,0,0,0,0
1789173157.125133,6237,pg_catalog,pg_publication_namespace,0,0,0,0,0,0,0,0,0
1789173157.125133,13487,pg_toast,pg_toast_13484,0,0,0,0,0,0,0,0,0
1789173157.125133,2995,pg_catalog,pg_largeobject_metadata,0,0,0,0,0,0,0,0,0
1789173157.125133,4143,pg_toast,pg_toast_826,0,0,0,0,0,0,0,0,0
1789173157.125133,4185,pg_toast,pg_toast_1213,0,0,0,0,0,0,0,0,0
1789173157.125133,6243,pg_catalog,pg_parameter_acl,0,0,0,0,0,0,0,0,0
1789173157.125133,2361988,pg_toast,pg_toast_2361978,0,0,0,0,0,0,0,0,0
1789173157.125133,2616,pg_catalog,pg_opclass,0,0,10,179,0,0,0,0,0
1789173157.125133,2362137,pg_toast,pg_toast_2362128,0,0,0,0,0,0,0,0,0
1789173157.125133,2838,pg_toast,pg_toast_2618,0,0,1,3,0,0,0,0,0
1789173157.125133,6228,pg_toast,pg_toast_6106,0,0,0,0,0,0,0,0,0
1789173157.125133,3118,pg_catalog,pg_foreign_table,0,0,0,0,0,0,0,0,0
1789173157.125133,1259,pg_catalog,pg_class,1,523,14,14,0,0,0,0,0
1789173157.125133,3350,pg_catalog,pg_partitioned_table,0,0,0,0,0,0,0,0,0
1789173157.125133,4153,pg_toast,pg_toast_3118,0,0,0,0,0,0,0,0,0
1789173157.125133,4060,pg_toast,pg_toast_3592,0,0,0,0,0,0,0,0,0
1789173157.125133,4165,pg_toast,pg_toast_3350,0,0,0,0,0,0,0,0,0
1789173157.125133,2753,pg_catalog,pg_opfamily,0,0,2,2,0,0,0,0,0
1789173157.125133,3601,pg_catalog,pg_ts_parser,0,0,0,0,0,0,0,0,0
1789173157.125133,6104,pg_catalog,pg_publication,0,0,0,0,0,0,0,0,0
1789173157.125133,13477,pg_toast,pg_toast_13474,0,0,0,0,0,0,0,0,0
1789173157.125133,3429,pg_catalog,pg_statistic_ext_data,0,0,0,0,0,0,0,0,0
1789173157.125133,2619,pg_catalog,pg_statistic,0,0,17,8,0,0,0,0,0
1789173157.125133,4155,pg_toast,pg_toast_3394,0,0,0,0,0,0,0,0,0
1789173157.125133,2362224,pg_toast,pg_toast_2362205,0,0,0,0,0,0,0,0,0
1789173157.125133,3381,pg_catalog,pg_statistic_ext,0,0,3,0,0,0,0,0,0
1789173157.125133,6106,pg_catalog,pg_publication_rel,0,0,0,0,0,0,0,0,0
1789173157.125133,2605,pg_catalog,pg_cast,0,0,54,8,0,0,0,0,0
1789173157.125133,4171,pg_toast,pg_toast_1247,0,0,0,0,0,0,0,0,0
1789173157.125133,2830,pg_toast,pg_toast_2604,0,0,0,0,0,0,0,0,0
1789173157.125133,13479,information_schema,sql_implementation_info,0,0,,,0,0,0,0,0
1789173157.125133,6244,pg_toast,pg_toast_6243,0,0,0,0,0,0,0,0,0
1789173157.125133,2361971,pg_toast,pg_toast_2361963,0,0,0,0,0,0,0,0,0
1789173157.125133,3430,pg_toast,pg_toast_3429,0,0,0,0,0,0,0,0,0
1789173157.125133,3576,pg_catalog,pg_transform,0,0,0,0,0,0,0,0,0
1789173157.125133,2601,pg_catalog,pg_am,0,0,0,0,0,0,0,0,0
1789173217.215777,3394,pg_catalog,pg_init_privs,0,0,0,0,0,0,0,0,0
1789173217.215777,4167,pg_toast,pg_toast_3256,0,0,0,0,0,0,0,0,0
1789173217.215777,4151,pg_toast,pg_toast_1417,0,0,0,0,0,0,0,0,0
1789173217.215777,2834,pg_toast,pg_toast_2609,0,0,0,0,0,0,0,0,0
1789173217.215777,6000,pg_catalog,pg_replication_origin,0,0,0,0,0,0,0,0,0
1789173217.215777,2840,pg_toast,pg_toast_2619,0,0,0,0,0,0,0,0,0
1789173217.215777,2328,pg_catalog,pg_foreign_data_wrapper,0,0,0,0,0,0,0,0,0
1789173217.215777,4157,pg_toast,pg_toast_2612,0,0,0,0,0,0,0,0,0
1789173217.215777,1260,pg_catalog,pg_authid,0,0,0,0,0,0,0,0,0
1789173217.215777,2362182,pg_toast,pg_toast_2362174,0,0,0,0,0,0,0,0,0
1789173217.215777,6102,pg_catalog,pg_subscription_rel,0,0,0,0,0,0,0,0,0
1789173217.215777,1214,pg_catalog,pg_shdepend,0,0,0,0,0,0,0,0,0
1789173217.215777,4163,pg_toast,pg_toast_2615,0,0,0,0,0,0,0,0,0
1789173217.215777,2362193,pg_toast,pg_toast_2362184,0,0,0,0,0,0,0,0,0
1789173217.215777,4169,pg_toast,pg_toast_3600,0,0,0,0,0,0,0,0,0
1789173217.215777,2615,pg_catalog,pg_namespace,1,4,7,2,0,0,0,0,0
1789173217.215777,2396,pg_catalog,pg_shdescription,0,0,0,0,0,0,0,0,0
1789173217.215777,3600,pg_catalog,pg_ts_dict,0,0,0,0,0,0,0,0,0
1789173217.215777,3596,pg_catalog,pg_seclabel,0,0,0,0,0,0,0,0,0
1789173217.215777,2609,pg_catalog,pg_description,0,0,0,0,0,0,0,0,0
1789173217.215777,13482,pg_toast,pg_toast_13479,0,0,0,0,0,0,0,0,0
1789173217.215777,2362082,pg_toast,pg_toast_2362060,0,0,0,0,0,0,0,0,0
1789173217.215777,3603,pg_catalog,pg_ts_config_map,0,0,0,0,0,0,0,0,0
1789173217.215777,1213,pg_catalog,pg_tablespace,0,0,1,1,0,0,0,0,0
1789173217.215777,2608,pg_catalog,pg_depend,0,0,0,0,0,0,0,0,0
1789173217.215777,2964,pg_catalog,pg_db_role_setting,0,0,0,0,0,0,0,0,0
1789173217.215777,1418,pg_catalog,pg_user_mapping,0,0,0,0,0,0,0,0,0
1789173217.215777,2613,pg_catalog,pg_largeobject,0,0,0,0,0,0,0,0,0
1789173217.215777,6175,pg_toast,pg_toast_3456,0,0,0,0,0,0,0,0,0
1789173217.215777,1261,pg_catalog,pg_auth_members,0,0,0,0,0,0,0,0,0
1789173217.215777,2617,pg_catalog,pg_operator,0,0,8,8,0,0,0,0,0
1789173217.215777,2610,pg_catalog,pg_index,1,221,11,13,0,0,0,0,0
1789173217.215777,1249,pg_catalog,pg_attribute,0,0,76,104,0,0,0,0,0
1789173217.215777,2600,pg_catalog,pg_aggregate,0,0,1,1,0,0,0,0,0
1789173217.215777,2966,pg_toast,pg_toast_2964,0,0,0,0,0,0,0,0,0
1789173217.215777,2618,pg_catalog,pg_rewrite,0,0,2,2,0,0,0,0,0
1789173217.215777,4177,pg_toast,pg_toast_1262,0,0,0,0,0,0,0,0,0
1789173217.215777,13484,information_schema,sql_parts,0,0,,,0,0,0,0,0
1789173217.215777,4159,pg_toast,pg_toast_2600,0,0,0,0,0,0,0,0,0
1789173217.215777,4147,pg_toast,pg_toast_3079,0,0,0,0,0,0,0,0,0
1789173217.215777,13474,information_schema,sql_features,0,0,,,0,0,0,0,0
1789173217.215777,1247,pg_catalog,pg_type,0,0,25,25,0,0,0,0,0
1789173217.215777,2602,pg_catalog,pg_amop,0,0,16,28,0,0,0,0,0
1789173217.215777,3439,pg_toast,pg_toast_3381,0,0,0,0,0,0,0,0,0
1789173217.215777,2846,pg_toast,pg_toast_2396,0,0,0,0,0,0,0,0,0
1789173217.215777,4145,pg_toast,pg_toast_3466,0,0,0,0,0,0,0,0,0
1789173217.215777,3541,pg_catalog,pg_range,0,0,0,0,0,0,0,0,0
1789173217.215777,3602,pg_catalog,pg_ts_config,0,0,0,0,0,0,0,0,0
1789173217.215777,4183,pg_toast,pg_toast_6100,0,0,0,0,0,0,0,0,0
1789173217.215777,2224,pg_catalog,pg_sequence,0,0,0,0,0,0,0,0,0
1789173217.215777,2611,pg_catalog,pg_inherits,0,0,0,0,0,0,0,0,0
1789173217.215777,1417,pg_catalog,pg_foreign_server,0,0,0,0,0,0,0,0,0
1789173217.215777,1262,pg_catalog,pg_database,0,0,0,0,0,0,0,0,0
1789173217.215777,13492,pg_toast,pg_toast_13489,0,0,0,0,0,0,0,0,0
1789173217.215777,3501,pg_catalog,pg_enum,0,0,0,0,0,0,0,0,0
1789173217.215777,2607,pg_catalog,pg_conversion,0,0,0,0,0,0,0,0,0
1789173217.215777,826,pg_catalog,pg_default_acl,0,0,0,0,0,0,0,0,0
1789173217.215777,2604,pg_catalog,pg_attrdef,0,0,0,0,0,0,0,0,0
1789173217.215777,2336,pg_toast,pg_toast_2620,0,0,0,0,0,0,0,0,0
1789173217.215777,2603,pg_catalog,pg_amproc,0,0,5,11,0,0,0,0,0
1789173217.215777,2362101,pg_toast,pg_toast_2362090,0,0,0,0,0,0,0,0,0
1789173217.215777,2606,pg_catalog,pg_constraint,0,0,3,8,0,0,0,0,0
1789173217.215777,1255,pg_catalog,pg_proc,0,0,21,26,0,0,0,0,0
1789173217.215777,4173,pg_toast,pg_toast_1418,0,0,0,0,0,0,0,0,0
1789173217.215777,2620,pg_catalog,pg_trigger,0,0,0,0,0,0,0,0,0
1789173217.215777,2362037,pg_toast,pg_toast_2362031,0,0,0,0,0,0,0,0,0
1789173217.215777,2612,pg_catalog,pg_language,0,0,0,0,0,0,0,0,0
1789173217.215777,4149,pg_toast,pg_toast_2328,0,0,0,0,0,0,0,0,0
1789173217.215777,6351,pg_toast,pg_toast_2610,0,0,0,0,0,0,0,0,0
1789173217.215777,13489,information_schema,sql_sizing,0,0,,,0,0,0,0,0
1789173217.215777,3598,pg_toast,pg_toast_3596,0,0,0,0,0,0,0,0,0
1789173217.215777,2836,pg_toast,pg_toast_1255,0,0,0,0,0,0,0,0,0
1789173217.215777,2362021,pg_toast,pg_toast_2362013,0,0,0,0,0,0,0,0,0
1789173217.215777,2362166,pg_toast,pg_toast_2362148,0,0,0,0,0,0,0,0,0
1789173217.215777,3456,pg_catalog,pg_collation,0,0,1,1,0,0,0,0,0
1789173217.215777,3079,pg_catalog,pg_extension,0,0,0,0,0,0,0,0,0
1789173217.215777,6100,pg_catalog,pg_subscription,0,0,0,0,0,0,0,0,0
1789173217.215777,2832,pg_toast,pg_toast_2606,0,0,0,0,0,0,0,0,0
1789173217.215777,3256,pg_catalog,pg_policy,0,0,0,0,0,0,0,0,0
1789173217.215777,2362029,pg_toast,pg_toast_2362023,0,0,0,0,0,0,0,0,0
1789173217.215777,3466,pg_catalog,pg_event_trigger,0,0,0,0,0,0,0,0,0
1789173217.215777,2362058,pg_toast,pg_toast_2362051,0,0,0,0,0,0,0,0,0
1789173217.215777,3592,pg_catalog,pg_shseclabel,0,0,0,0,0,0,0,0,0
1789173217.215777,3764,pg_catalog,pg_ts_template,0,0,0,0,0,0,0,0,0
1789173217.215777,6237,pg_catalog,pg_publication_namespace,0,0,0,0,0,0,0,0,0
1789173217.215777,13487,pg_toast,pg_toast_13484,0,0,0,0,0,0,0,0,0
1789173217.215777,2995,pg_catalog,pg_largeobject_metadata,0,0,0,0,0,0,0,0,0
1789173217.215777,4143,pg_toast,pg_toast_826,0,0,0,0,0,0,0,0,0
1789173217.215777,4185,pg_toast,pg_toast_1213,0,0,0,0,0,0,0,0,0
1789173217.215777,6243,pg_catalog,pg_parameter_acl,0,0,0,0,0,0,0,0,0
1789173217.215777,2361988,pg_toast,pg_toast_2361978,0,0,0,0,0,0,0,0,0
1789173217.215777,2616,pg_catalog,pg_opclass,0,0,10,179,0,0,0,0,0
1789173217.215777,2362137,pg_toast,pg_toast_2362128,0,0,0,0,0,0,0,0,0
1789173217.215777,2838,pg_toast,pg_toast_2618,0,0,1,3,0,0,0,0,0
1789173217.215777,6228,pg_toast,pg_toast_6106,0,0,0,0,0,0,0,0,0
1789173217.215777,3118,pg_catalog,pg_foreign_table,0,0,0,0,0,0,0,0,0
1789173217.215777,1259,pg_catalog,pg_class,1,523,14,14,0,0,0,0,0
1789173217.215777,3350,pg_catalog,pg_partitioned_table,0,0,0,0,0,0,0,0,0
1789173217.215777,4153,pg_toast,pg_toast_3118,0,0,0,0,0,0,0,0,0
1789173217.215777,4060,pg_toast,pg_toast_3592,0,0,0,0,0,0,0,0,0
1789173217.215777,4165,pg_toast,pg_toast_3350,0,0,0,0,0,0,0,0,0
1789173217.215777,2753,pg_catalog,pg_opfamily,0,0,2,2,0,0,0,0,0
1789173217.215777,3601,pg_catalog,pg_ts_parser,0,0,0,0,0,0,0,0,0
1789173217.215777,6104,pg_catalog,pg_publication,0,0,0,0,0,0,0,0,0
1789173217.215777,13477,pg_toast,pg_toast_13474,0,0,0,0,0,0,0,0,0
1789173217.215777,3429,pg_catalog,pg_statistic_ext_data,0,0,0,0,0,0,0,0,0
1789173217.215777,2619,pg_catalog,pg_statistic,0,0,17,8,0,0,0,0,0
1789173217.215777,4155,pg_toast,pg_toast_3394,0,0,0,0,0,0,0,0,0
1789173217.215777,2362224,pg_toast,pg_toast_2362205,0,0,0,0,0,0,0,0,0
1789173217.215777,3381,pg_catalog,pg_statistic_ext,0,0,3,0,0,0,0,0,0
1789173217.215777,6106,pg_catalog,pg_publication_rel,0,0,0,0,0,0,0,0,0
1789173217.215777,2605,pg_catalog,pg_cast,0,0,54,8,0,0,0,0,0
1789173217.215777,4171,pg_toast,pg_toast_1247,0,0,0,0,0,0,0,0,0
1789173217.215777,2830,pg_toast,pg_toast_2604,0,0,0,0,0,0,0,0,0
1789173217.215777,13479,information_schema,sql_implementation_info,0,0,,,0,0,0,0,0
1789173217.215777,6244,pg_toast,pg_toast_6243,0,0,0,0,0,0,0,0,0
1789173217.215777,2361971,pg_toast,pg_toast_2361963,0,0,0,0,0,0,0,0,0
1789173217.215777,3430,pg_toast,pg_toast_3429,0,0,0,0,0,0,0,0,0
1789173217.215777,3576,pg_catalog,pg_transform,0,0,0,0,0,0,0,0,0
1789173217.215777,2601,pg_catalog,pg_am,0,0,0,0,0,0,0,0,0
1789173277.338496,3394,pg_catalog,pg_init_privs,0,0,0,0,0,0,0,0,0
1789173277.338496,4167,pg_toast,pg_toast_3256,0,0,0,0,0,0,0,0,0
1789173277.338496,4151,pg_toast,pg_toast_1417,0,0,0,0,0,0,0,0,0
1789173277.338496,2834,pg_toast,pg_toast_2609,0,0,0,0,0,0,0,0,0
1789173277.338496,6000,pg_catalog,pg_replication_origin,0,0,0,0,0,0,0,0,0
1789173277.338496,2840,pg_toast,pg_toast_2619,0,0,0,0,0,0,0,0,0
1789173277.338496,2328,pg_catalog,pg_foreign_data_wrapper,0,0,0,0,0,0,0,0,0
1789173277.338496,4157,pg_toast,pg_toast_2612,0,0,0,0,0,0,0,0,0
1789173277.338496,1260,pg_catalog,pg_authid,0,0,0,0,0,0,0,0,0
1789173277.338496,2362182,pg_toast,pg_toast_2362174,0,0,0,0,0,0,0,0,0
1789173277.338496,6102,pg_catalog,pg_subscription_rel,0,0,0,0,0,0,0,0,0
1789173277.338496,1214,pg_catalog,pg_shdepend,0,0,0,0,0,0,0,0,0
1789173277.338496,4163,pg_toast,pg_toast_2615,0,0,0,0,0,0,0,0,0
1789173277.338496,2362193,pg_toast,pg_toast_2362184,0,0,0,0,0,0,0,0,0
1789173277.338496,4169,pg_toast,pg_toast_3600,0,0,0,0,0,0,0,0,0
1789173277.338496,2615,pg_catalog,pg_namespace,1,4,7,2,0,0,0,0,0
1789173277.338496,2396,pg_catalog,pg_shdescription,0,0,0,0,0,0,0,0,0
1789173277.338496,3600,pg_catalog,pg_ts_dict,0,0,0,0,0,0,0,0,0
1789173277.338496,3596,pg_catalog,pg_seclabel,0,0,0,0,0,0,0,0,0
1789173277.338496,2609,pg_catalog,pg_description,0,0,0,0,0,0,0,0,0
1789173277.338496,13482,pg_toast,pg_toast_13479,0,0,0,0,0,0,0,0,0
1789173277.338496,2362082,pg_toast,pg_toast_2362060,0,0,0,0,0,0,0,0,0
1789173277.338496,3603,pg_catalog,pg_ts_config_map,0,0,0,0,0,0,0,0,0
1789173277.338496,1213,pg_catalog,pg_tablespace,0,0,1,1,0,0,0,0,0
1789173277.338496,2608,pg_catalog,pg_depend,0,0,0,0,0,0,0,0,0
1789173277.338496,2964,pg_catalog,pg_db_role_setting,0,0,0,0,0,0,0,0,0
1789173277.338496,1418,pg_catalog,pg_user_mapping,0,0,0,0,0,0,0,0,0
1789173277.338496,2613,pg_catalog,pg_largeobject,0,0,0,0,0,0,0,0,0
1789173277.338496,6175,pg_toast,pg_toast_3456,0,0,0,0,0,0,0,0,0
1789173277.338496,1261,pg_catalog,pg_auth_members,0,0,0,0,0,0,0,0,0
1789173277.338496,2617,pg_catalog,pg_operator,0,0,8,8,0,0,0,0,0
1789173277.338496,2610,pg_catalog,pg_index,1,221,11,13,0,0,0,0,0
1789173277.338496,1249,pg_catalog,pg_attribute,0,0,76,104,0,0,0,0,0
1789173277.338496,2600,pg_catalog,pg_aggregate,0,0,1,1,0,0,0,0,0
1789173277.338496,2966,pg_toast,pg_toast_2964,0,0,0,0,0,0,0,0,0
1789173277.338496,2618,pg_catalog,pg_rewrite,0,0,2,2,0,0,0,0,0
1789173277.338496,4177,pg_toast,pg_toast_1262,0,0,0,0,0,0,0,0,0
1789173277.338496,13484,information_schema,sql_parts,0,0,,,0,0,0,0,0
1789173277.338496,4159,pg_toast,pg_toast_2600,0,0,0,0,0,0,0,0,0
1789173277.338496,4147,pg_toast,pg_toast_3079,0,0,0,0,0,0,0,0,0
1789173277.338496,13474,information_schema,sql_features,0,0,,,0,0,0,0,0
1789173277.338496,1247,pg_catalog,pg_type,0,0,25,25,0,0,0,0,0
1789173277.338496,2602,pg_catalog,pg_amop,0,0,16,28,0,0,0,0,0
1789173277.338496,3439,pg_toast,pg_toast_3381,0,0,0,0,0,0,0,0,0
1789173277.338496,2846,pg_toast,pg_toast_2396,0,0,0,0,0,0,0,0,0
1789173277.338496,4145,pg_toast,pg_toast_3466,0,0,0,0,0,0,0,0,0
1789173277.338496,3541,pg_catalog,pg_range,0,0,0,0,0,0,0,0,0
1789173277.338496,3602,pg_catalog,pg_ts_config,0,0,0,0,0,0,0,0,0
1789173277.338496,4183,pg_toast,pg_toast_6100,0,0,0,0,0,0,0,0,0
1789173277.338496,2224,pg_catalog,pg_sequence,0,0,0,0,0,0,0,0,0
1789173277.338496,2611,pg_catalog,pg_inherits,0,0,0,0,0,0,0,0,0
1789173277.338496,1417,pg_catalog,pg_foreign_server,0,0,0,0,0,0,0,0,0
1789173277.338496,1262,pg_catalog,pg_database,0,0,0,0,0,0,0,0,0
1789173277.338496,13492,pg_toast,pg_toast_13489,0,0,0,0,0,0,0,0,0
1789173277.338496,3501,pg_catalog,pg_enum,0,0,0,0,0,0,0,0,0
1789173277.338496,2607,pg_catalog,pg_conversion,0,0,0,0,0,0,0,0,0
1789173277.338496,826,pg_catalog,pg_default_acl,0,0,0,0,0,0,0,0,0
1789173277.338496,2604,pg_catalog,pg_attrdef,0,0,0,0,0,0,0,0,0
1789173277.338496,2336,pg_toast,pg_toast_2620,0,0,0,0,0,0,0,0,0
1789173277.338496,2603,pg_catalog,pg_amproc,0,0,5,11,0,0,0,0,0
1789173277.338496,2362101,pg_toast,pg_toast_2362090,0,0,0,0,0,0,0,0,0
1789173277.338496,2606,pg_catalog,pg_constraint,0,0,3,8,0,0,0,0,0
1789173277.338496,1255,pg_catalog,pg_proc,0,0,21,26,0,0,0,0,0
1789173277.338496,4173,pg_toast,pg_toast_1418,0,0,0,0,0,0,0,0,0
1789173277.338496,2620,pg_catalog,pg_trigger,0,0,0,0,0,0,0,0,0
1789173277.338496,2362037,pg_toast,pg_toast_2362031,0,0,0,0,0,0,0,0,0
1789173277.338496,2612,pg_catalog,pg_language,0,0,0,0,0,0,0,0,0
1789173277.338496,4149,pg_toast,pg_toast_2328,0,0,0,0,0,0,0,0,0
1789173277.338496,6351,pg_toast,pg_toast_2610,0,0,0,0,0,0,0,0,0
1789173277.338496,13489,information_schema,sql_sizing,0,0,,,0,0,0,0,0
1789173277.338496,3598,pg_toast,pg_toast_3596,0,0,0,0,0,0,0,0,0
1789173277.338496,2836,pg_toast,pg_toast_1255,0,0,0,0,0,0,0,0,0
1789173277.338496,2362021,pg_toast,pg_toast_2362013,0,0,0,0,0,0,0,0,0
1789173277.338496,2362166,pg_toast,pg_toast_2362148,0,0,0,0,0,0,0,0,0
1789173277.338496,3456,pg_catalog,pg_collation,0,0,1,1,0,0,0,0,0
1789173277.338496,3079,pg_catalog,pg_extension,0,0,0,0,0,0,0,0,0
1789173277.338496,6100,pg_catalog,pg_subscription,0,0,0,0,0,0,0,0,0
1789173277.338496,2832,pg_toast,pg_toast_2606,0,0,0,0,0,0,0,0,0
1789173277.338496,3256,pg_catalog,pg_policy,0,0,0,0,0,0,0,0,0
1789173277.338496,2362029,pg_toast,pg_toast_2362023,0,0,0,0,0,0,0,0,0
1789173277.338496,3466,pg_catalog,pg_event_trigger,0,0,0,0,0,0,0,0,0
1789173277.338496,2362058,pg_toast,pg_toast_2362051,0,0,0,0,0,0,0,0,0
1789173277.338496,3592,pg_catalog,pg_shseclabel,0,0,0,0,0,0,0,0,0
1789173277.338496,3764,pg_catalog,pg_ts_template,0,0,0,0,0,0,0,0,0
1789173277.338496,6237,pg_catalog,pg_publication_namespace,0,0,0,0,0,0,0,0,0
1789173277.338496,13487,pg_toast,pg_toast_13484,0,0,0,0,0,0,0,0,0
1789173277.338496,2995,pg_catalog,pg_largeobject_metadata,0,0,0,0,0,0,0,0,0
1789173277.338496,4143,pg_toast,pg_toast_826,0,0,0,0,0,0,0,0,0
1789173277.338496,4185,pg_toast,pg_toast_1213,0,0,0,0,0,0,0,0,0
1789173277.338496,6243,pg_catalog,pg_parameter_acl,0,0,0,0,0,0,0,0,0
1789173277.338496,2361988,pg_toast,pg_toast_2361978,0,0,0,0,0,0,0,0,0
1789173277.338496,2616,pg_catalog,pg_opclass,0,0,10,179,0,0,0,0,0
1789173277.338496,2362137,pg_toast,pg_toast_2362128,0,0,0,0,0,0,0,0,0
1789173277.338496,2838,pg_toast,pg_toast_2618,0,0,1,3,0,0,0,0,0
1789173277.338496,6228,pg_toast,pg_toast_6106,0,0,0,0,0,0,0,0,0
1789173277.338496,3118,pg_catalog,pg_foreign_table,0,0,0,0,0,0,0,0,0
1789173277.338496,1259,pg_catalog,pg_class,1,523,14,14,0,0,0,0,0
1789173277.338496,3350,pg_catalog,pg_partitioned_table,0,0,0,0,0,0,0,0,0
1789173277.338496,4153,pg_toast,pg_toast_3118,0,0,0,0,0,0,0,0,0
1789173277.338496,4060,pg_toast,pg_toast_3592,0,0,0,0,0,0,0,0,0
1789173277.338496,4165,pg_toast,pg_toast_3350,0,0,0,0,0,0,0,0,0
1789173277.338496,2753,pg_catalog,pg_opfamily,0,0,2,2,0,0,0,0,0
1789173277.338496,3601,pg_catalog,pg_ts_parser,0,0,0,0,0,0,0,0,0
1789173277.338496,6104,pg_catalog,pg_publication,0,0,0,0,0,0,0,0,0
1789173277.338496,13477,pg_toast,pg_toast_13474,0,0,0,0,0,0,0,0,0
1789173277.338496,3429,pg_catalog,pg_statistic_ext_data,0,0,0,0,0,0,0,0,0
1789173277.338496,2619,pg_catalog,pg_statistic,0,0,17,8,0,0,0,0,0
1789173277.338496,4155,pg_toast,pg_toast_3394,0,0,0,0,0,0,0,0,0
1789173277.338496,2362224,pg_toast,pg_toast_2362205,0,0,0,0,0,0,0,0,0
1789173277.338496,3381,pg_catalog,pg_statistic_ext,0,0,3,0,0,0,0,0,0
1789173277.338496,6106,pg_catalog,pg_publication_rel,0,0,0,0,0,0,0,0,0
1789173277.338496,2605,pg_catalog,pg_cast,0,0,54,8,0,0,0,0,0
1789173277.338496,4171,pg_toast,pg_toast_1247,0,0,0,0,0,0,0,0,0
1789173277.338496,2830,pg_toast,pg_toast_2604,0,0,0,0,0,0,0,0,0
1789173277.338496,13479,information_schema,sql_implementation_info,0,0,,,0,0,0,0,0
1789173277.338496,6244,pg_toast,pg_toast_6243,0,0,0,0,0,0,0,0,0
1789173277.338496,2361971,pg_toast,pg_toast_2361963,0,0,0,0,0,0,0,0,0
1789173277.338496,3430,pg_toast,pg_toast_3429,0,0,0,0,0,0,0,0,0
1789173277.338496,3576,pg_catalog,pg_transform,0,0,0,0,0,0,0,0,0
1789173277.338496,2601,pg_catalog,pg_am,0,0,0,0,0,0,0,0,0
1789173337.420530,3394,pg_catalog,pg_init_privs,0,0,0,0,0,0,0,0,0
1789173337.420530,4167,pg_toast,pg_toast_3256,0,0,0,0,0,0,0,0,0
1789173337.420530,4151,pg_toast,pg_toast_1417,0,0,0,0,0,0,0,0,0
1789173337.420530,2834,pg_toast,pg_toast_2609,0,0,0,0,0,0,0,0,0
1789173337.420530,6000,pg_catalog,pg_replication_origin,0,0,0,0,0,0,0,0,0
1789173337.420530,2840,pg_toast,pg_toast_2619,0,0,0,0,0,0,0,0,0
1789173337.420530,2328,pg_catalog,pg_foreign_data_wrapper,0,0,0,0,0,0,0,0,0
1789173337.420530,4157,pg_toast,pg_toast_2612,0,0,0,0,0,0,0,0,0
1789173337.420530,1260,pg_catalog,pg_authid,0,0,0,0,0,0,0,0,0
1789173337.420530,2362182,pg_toast,pg_toast_2362174,0,0,0,0,0,0,0,0,0
1789173337.420530,6102,pg_catalog,pg_subscription_rel,0,0,0,0,0,0,0,0,0
1789173337.420530,1214,pg_catalog,pg_shdepend,0,0,0,0,0,0,0,0,0
1789173337.420530,4163,pg_toast,pg_toast_2615,0,0,0,0,0,0,0,0,0
1789173337.420530,2362193,pg_toast,pg_toast_2362184,0,0,0,0,0,0,0,0,0
1789173337.420530,4169,pg_toast,pg_toast_3600,0,0,0,0,0,0,0,0,0
1789173337.420530,2615,pg_catalog,pg_namespace,1,4,7,2,0,0,0,0,0
1789173337.420530,2396,pg_catalog,pg_shdescription,0,0,0,0,0,0,0,0,0
1789173337.420530,3600,pg_catalog,pg_ts_dict,0,0,0,0,0,0,0,0,0
1789173337.420530,3596,pg_catalog,pg_seclabel,0,0,0,0,0,0,0,0,0
1789173337.420530,2609,pg_catalog,pg_description,0,0,0,0,0,0,0,0,0
1789173337.420530,13482,pg_toast,pg_toast_13479,0,0,0,0,0,0,0,0,0
1789173337.420530,2362082,pg_toast,pg_toast_2362060,0,0,0,0,0,0,0,0,0
1789173337.420530,3603,pg_catalog,pg_ts_config_map,0,0,0,0,0,0,0,0,0
1789173337.420530,1213,pg_catalog,pg_tablespace,0,0,1,1,0,0,0,0,0
1789173337.420530,2608,pg_catalog,pg_depend,0,0,0,0,0,0,0,0,0
1789173337.420530,2964,pg_catalog,pg_db_role_setting,0,0,0,0,0,0,0,0,0
1789173337.420530,1418,pg_catalog,pg_user_mapping,0,0,0,0,0,0,0,0,0
1789173337.420530,2613,pg_catalog,pg_largeobject,0,0,0,0,0,0,0,0,0
1789173337.420530,6175,pg_toast,pg_toast_3456,0,0,0,0,0,0,0,0,0
1789173337.420530,1261,pg_catalog,pg_auth_members,0,0,0,0,0,0,0,0,0
1789173337.420530,2617,pg_catalog,pg_operator,0,0,8,8,0,0,0,0,0
1789173337.420530,2610,pg_catalog,pg_index,1,221,11,13,0,0,0,0,0
1789173337.420530,1249,pg_catalog,pg_attribute,0,0,76,104,0,0,0,0,0
1789173337.420530,2600,pg_catalog,pg_aggregate,0,0,1,1,0,0,0,0,0
1789173337.420530,2966,pg_toast,pg_toast_2964,0,0,0,0,0,0,0,0,0
1789173337.420530,2618,pg_catalog,pg_rewrite,0,0,2,2,0,0,0,0,0
1789173337.420530,4177,pg_toast,pg_toast_1262,0,0,0,0,0,0,0,0,0
1789173337.420530,13484,information_schema,sql_parts,0,0,,,0,0,0,0,0
1789173337.420530,4159,pg_toast,pg_toast_2600,0,0,0,0,0,0,0,0,0
1789173337.420530,4147,pg_toast,pg_toast_3079,0,0,0,0,0,0,0,0,0
1789173337.420530,13474,information_schema,sql_features,0,0,,,0,0,0,0,0
1789173337.420530,1247,pg_catalog,pg_type,0,0,25,25,0,0,0,0,0
1789173337.420530,2602,pg_catalog,pg_amop,0,0,16,28,0,0,0,0,0
1789173337.420530,3439,pg_toast,pg_toast_3381,0,0,0,0,0,0,0,0,0
1789173337.420530,2846,pg_toast,pg_toast_2396,0,0,0,0,0,0,0,0,0
1789173337.420530,4145,pg_toast,pg_toast_3466,0,0,0,0,0,0,0,0,0
1789173337.420530,3541,pg_catalog,pg_range,0,0,0,0,0,0,0,0,0
1789173337.420530,3602,pg_catalog,pg_ts_config,0,0,0,0,0,0,0,0,0
1789173337.420530,4183,pg_toast,pg_toast_6100,0,0,0,0,0,0,0,0,0
1789173337.420530,2224,pg_catalog,pg_sequence,0,0,0,0,0,0,0,0,0
1789173337.420530,2611,pg_catalog,pg_inherits,0,0,0,0,0,0,0,0,0
1789173337.420530,1417,pg_catalog,pg_foreign_server,0,0,0,0,0,0,0,0,0
1789173337.420530,1262,pg_catalog,pg_database,0,0,0,0,0,0,0,0,0
1789173337.420530,13492,pg_toast,pg_toast_13489,0,0,0,0,0,0,0,0,0
1789173337.420530,3501,pg_catalog,pg_enum,0,0,0,0,0,0,0,0,0
1789173337.420530,2607,pg_catalog,pg_conversion,0,0,0,0,0,0,0,0,0
1789173337.420530,826,pg_catalog,pg_default_acl,0,0,0,0,0,0,0,0,0
1789173337.420530,2604,pg_catalog,pg_attrdef,0,0,0,0,0,0,0,0,0
1789173337.420530,2336,pg_toast,pg_toast_2620,0,0,0,0,0,0,0,0,0
1789173337.420530,2603,pg_catalog,pg_amproc,0,0,5,11,0,0,0,0,0
1789173337.420530,2362101,pg_toast,pg_toast_2362090,0,0,0,0,0,0,0,0,0
1789173337.420530,2606,pg_catalog,pg_constraint,0,0,3,8,0,0,0,0,0
1789173337.420530,1255,pg_catalog,pg_proc,0,0,21,26,0,0,0,0,0
1789173337.420530,4173,pg_toast,pg_toast_1418,0,0,0,0,0,0,0,0,0
1789173337.420530,2620,pg_catalog,pg_trigger,0,0,0,0,0,0,0,0,0
1789173337.420530,2362037,pg_toast,pg_toast_2362031,0,0,0,0,0,0,0,0,0
1789173337.420530,2612,pg_catalog,pg_language,0,0,0,0,0,0,0,0,0
1789173337.420530,4149,pg_toast,pg_toast_2328,0,0,0,0,0,0,0,0,0
1789173337.420530,6351,pg_toast,pg_toast_2610,0,0,0,0,0,0,0,0,0
1789173337.420530,13489,information_schema,sql_sizing,0,0,,,0,0,0,0,0
1789173337.420530,3598,pg_toast,pg_toast_3596,0,0,0,0,0,0,0,0,0
1789173337.420530,2836,pg_toast,pg_toast_1255,0,0,0,0,0,0,0,0,0
1789173337.420530,2362021,pg_toast,pg_toast_2362013,0,0,0,0,0,0,0,0,0
1789173337.420530,2362166,pg_toast,pg_toast_2362148,0,0,0,0,0,0,0,0,0
1789173337.420530,3456,pg_catalog,pg_collation,0,0,1,1,0,0,0,0,0
1789173337.420530,3079,pg_catalog,pg_extension,0,0,0,0,0,0,0,0,0
1789173337.420530,6100,pg_catalog,pg_subscription,0,0,0,0,0,0,0,0,0
1789173337.420530,2832,pg_toast,pg_toast_2606,0,0,0,0,0,0,0,0,0
1789173337.420530,3256,pg_catalog,pg_policy,0,0,0,0,0,0,0,0,0
1789173337.420530,2362029,pg_toast,pg_toast_2362023,0,0,0,0,0,0,0,0,0
1789173337.420530,3466,pg_catalog,pg_event_trigger,0,0,0,0,0,0,0,0,0
1789173337.420530,2362058,pg_toast,pg_toast_2362051,0,0,0,0,0,0,0,0,0
1789173337.420530,3592,pg_catalog,pg_shseclabel,0,0,0,0,0,0,0,0,0
1789173337.420530,3764,pg_catalog,pg_ts_template,0,0,0,0,0,0,0,0,0
1789173337.420530,6237,pg_catalog,pg_publication_namespace,0,0,0,0,0,0,0,0,0
1789173337.420530,13487,pg_toast,pg_toast_13484,0,0,0,0,0,0,0,0,0
1789173337.420530,2995,pg_catalog,pg_largeobject_metadata,0,0,0,0,0,0,0,0,0
1789173337.420530,4143,pg_toast,pg_toast_826,0,0,0,0,0,0,0,0,0
1789173337.420530,4185,pg_toast,pg_toast_1213,0,0,0,0,0,0,0,0,0
1789173337.420530,6243,pg_catalog,pg_parameter_acl,0,0,0,0,0,0,0,0,0
1789173337.420530,2361988,pg_toast,pg_toast_2361978,0,0,0,0,0,0,0,0,0
1789173337.420530,2616,pg_catalog,pg_opclass,0,0,10,179,0,0,0,0,0
1789173337.420530,2362137,pg_toast,pg_toast_2362128,0,0,0,0,0,0,0,0,0
1789173337.420530,2838,pg_toast,pg_toast_2618,0,0,1,3,0,0,0,0,0
1789173337.420530,6228,pg_toast,pg_toast_6106,0,0,0,0,0,0,0,0,0
1789173337.420530,3118,pg_catalog,pg_foreign_table,0,0,0,0,0,0,0,0,0
1789173337.420530,1259,pg_catalog,pg_class,1,523,14,14,0,0,0,0,0
1789173337.420530,3350,pg_catalog,pg_partitioned_table,0,0,0,0,0,0,0,0,0
1789173337.420530,4153,pg_toast,pg_toast_3118,0,0,0,0,0,0,0,0,0
1789173337.420530,4060,pg_toast,pg_toast_3592,0,0,0,0,0,0,0,0,0
1789173337.420530,4165,pg_toast,pg_toast_3350,0,0,0,0,0,0,0,0,0
1789173337.420530,2753,pg_catalog,pg_opfamily,0,0,2,2,0,0,0,0,0
1789173337.420530,3601,pg_catalog,pg_ts_parser,0,0,0,0,0,0,0,0,0
1789173337.420530,6104,pg_catalog,pg_publication,0,0,0,0,0,0,0,0,0
1789173337.420530,13477,pg_toast,pg_toast_13474,0,0,0,0,0,0,0,0,0
1789173337.420530,3429,pg_catalog,pg_statistic_ext_data,0,0,0,0,0,0,0,0,0
1789173337.420530,2619,pg_catalog,pg_statistic,0,0,17,8,0,0,0,0,0
1789173337.420530,4155,pg_toast,pg_toast_3394,0,0,0,0,0,0,0,0,0
1789173337.420530,2362224,pg_toast,pg_toast_2362205,0,0,0,0,0,0,0,0,0
1789173337.420530,3381,pg_catalog,pg_statistic_ext,0,0,3,0,0,0,0,0,0
1789173337.420530,6106,pg_catalog,pg_publication_rel,0,0,0,0,0,0,0,0,0
1789173337.420530,2605,pg_catalog,pg_cast,0,0,54,8,0,0,0,0,0
1789173337.420530,4171,pg_toast,pg_toast_1247,0,0,0,0,0,0,0,0,0
1789173337.420530,2830,pg_toast,pg_toast_2604,0,0,0,0,0,0,0,0,0
1789173337.420530,13479,information_schema,sql_implementation_info,0,0,,,0,0,0,0,0
1789173337.420530,6244,pg_toast,pg_toast_6243,0,0,0,0,0,0,0,0,0
1789173337.420530,2361971,pg_toast,pg_toast_2361963,0,0,0,0,0,0,0,0,0
1789173337.420530,3430,pg_toast,pg_toast_3429,0,0,0,0,0,0,0,0,0
1789173337.420530,3576,pg_catalog,pg_transform,0,0,0,0,0,0,0,0,0
1789173337.420530,2601,pg_catalog,pg_am,0,0,0,0,0,0,0,0,0
1789173397.522054,3394,pg_catalog,pg_init_privs,0,0,0,0,0,0,0,0,0
1789173397.522054,4167,pg_toast,pg_toast_3256,0,0,0,0,0,0,0,0,0
1789173397.522054,4151,pg_toast,pg_toast_1417,0,0,0,0,0,0,0,0,0
1789173397.522054,2834,pg_toast,pg_toast_2609,0,0,0,0,0,0,0,0,0
1789173397.522054,6000,pg_catalog,pg_replication_origin,0,0,0,0,0,0,0,0,0
1789173397.522054,2840,pg_toast,pg_toast_2619,0,0,0,0,0,0,0,0,0
1789173397.522054,2328,pg_catalog,pg_foreign_data_wrapper,0,0,0,0,0,0,0,0,0
1789173397.522054,4157,pg_toast,pg_toast_2612,0,0,0,0,0,0,0,0,0
1789173397.522054,1260,pg_catalog,pg_authid,0,0,0,0,0,0,0,0,0
1789173397.522054,2362182,pg_toast,pg_toast_2362174,0,0,0,0,0,0,0,0,0
1789173397.522054,6102,pg_catalog,pg_subscription_rel,0,0,0,0,0,0,0,0,0
1789173397.522054,1214,pg_catalog,pg_shdepend,0,0,0,0,0,0,0,0,0
1789173397.522054,4163,pg_toast,pg_toast_2615,0,0,0,0,0,0,0,0,0
1789173397.522054,2362193,pg_toast,pg_toast_2362184,0,0,0,0,0,0,0,0,0
1789173397.522054,4169,pg_toast,pg_toast_3600,0,0,0,0,0,0,0,0,0
1789173397.522054,2615,pg_catalog,pg_namespace,1,4,7,2,0,0,0,0,0
1789173397.522054,2396,pg_catalog,pg_shdescription,0,0,0,0,0,0,0,0,0
1789173397.522054,3600,pg_catalog,pg_ts_dict,0,0,0,0,0,0,0,0,0
1789173397.522054,3596,pg_catalog,pg_seclabel,0,0,0,0,0,0,0,0,0
1789173397.522054,2609,pg_catalog,pg_description,0,0,0,0,0,0,0,0,0
1789173397.522054,13482,pg_toast,pg_toast_13479,0,0,0,0,0,0,0,0,0
1789173397.522054,2362082,pg_toast,pg_toast_2362060,0,0,0,0,0,0,0,0,0
1789173397.522054,3603,pg_catalog,pg_ts_config_map,0,0,0,0,0,0,0,0,0
1789173397.522054,1213,pg_catalog,pg_tablespace,0,0,1,1,0,0,0,0,0
1789173397.522054,2608,pg_catalog,pg_depend,0,0,0,0,0,0,0,0,0
1789173397.522054,2964,pg_catalog,pg_db_role_setting,0,0,0,0,0,0,0,0,0
1789173397.522054,1418,pg_catalog,pg_user_mapping,0,0,0,0,0,0,0,0,0
1789173397.522054,2613,pg_catalog,pg_largeobject,0,0,0,0,0,0,0,0,0
1789173397.522054,6175,pg_toast,pg_toast_3456,0,0,0,0,0,0,0,0,0
1789173397.522054,1261,pg_catalog,pg_auth_members,0,0,0,0,0,0,0,0,0
1789173397.522054,2617,pg_catalog,pg_operator,0,0,8,8,0,0,0,0,0
1789173397.522054,2610,pg_catalog,pg_index,1,221,11,13,0,0,0,0,0
1789173397.522054,1249,pg_catalog,pg_attribute,0,0,76,104,0,0,0,0,0
1789173397.522054,2600,pg_catalog,pg_aggregate,0,0,1,1,0,0,0,0,0
1789173397.522054,2966,pg_toast,pg_toast_2964,0,0,0,0,0,0,0,0,0
1789173397.522054,2618,pg_catalog,pg_rewrite,0,0,2,2,0,0,0,0,0
1789173397.522054,4177,pg_toast,pg_toast_1262,0,0,0,0,0,0,0,0,0
1789173397.522054,13484,information_schema,sql_parts,0,0,,,0,0,0,0,0
1789173397.522054,4159,pg_toast,pg_toast_2600,0,0,0,0,0,0,0,0,0
1789173397.522054,4147,pg_toast,pg_toast_3079,0,0,0,0,0,0,0,0,0
1789173397.522054,13474,information_schema,sql_features,0,0,,,0,0,0,0,0
1789173397.522054,1247,pg_catalog,pg_type,0,0,25,25,0,0,0,0,0
1789173397.522054,2602,pg_catalog,pg_amop,0,0,16,28,0,0,0,0,0
1789173397.522054,3439,pg_toast,pg_toast_3381,0,0,0,0,0,0,0,0,0
1789173397.522054,2846,pg_toast,pg_toast_2396,0,0,0,0,0,0,0,0,0
1789173397.522054,4145,pg_toast,pg_toast_3466,0,0,0,0,0,0,0,0,0
1789173397.522054,3541,pg_catalog,pg_range,0,0,0,0,0,0,0,0,0
1789173397.522054,3602,pg_catalog,pg_ts_config,0,0,0,0,0,0,0,0,0
1789173397.522054,4183,pg_toast,pg_toast_6100,0,0,0,0,0,0,0,0,0
1789173397.522054,2224,pg_catalog,pg_sequence,0,0,0,0,0,0,0,0,0
1789173397.522054,2611,pg_catalog,pg_inherits,0,0,0,0,0,0,0,0,0
1789173397.522054,1417,pg_catalog,pg_foreign_server,0,0,0,0,0,0,0,0,0
1789173397.522054,1262,pg_catalog,pg_database,0,0,0,0,0,0,0,0,0
1789173397.522054,13492,pg_toast,pg_toast_13489,0,0,0,0,0,0,0,0,0
1789173397.522054,3501,pg_catalog,pg_enum,0,0,0,0,0,0,0,0,0
1789173397.522054,2607,pg_catalog,pg_conversion,0,0,0,0,0,0,0,0,0
1789173397.522054,826,pg_catalog,pg_default_acl,0,0,0,0,0,0,0,0,0
1789173397.522054,2604,pg_catalog,pg_attrdef,0,0,0,0,0,0,0,0,0
1789173397.522054,2336,pg_toast,pg_toast_2620,0,0,0,0,0,0,0,0,0
1789173397.522054,2603,pg_catalog,pg_amproc,0,0,5,11,0,0,0,0,0
1789173397.522054,2362101,pg_toast,pg_toast_2362090,0,0,0,0,0,0,0,0,0
1789173397.522054,2606,pg_catalog,pg_constraint,0,0,3,8,0,0,0,0,0
1789173397.522054,1255,pg_catalog,pg_proc,0,0,21,26,0,0,0,0,0
1789173397.522054,4173,pg_toast,pg_toast_1418,0,0,0,0,0,0,0,0,0
1789173397.522054,2620,pg_catalog,pg_trigger,0,0,0,0,0,0,0,0,0
1789173397.522054,2362037,pg_toast,pg_toast_2362031,0,0,0,0,0,0,0,0,0
1789173397.522054,2612,pg_catalog,pg_language,0,0,0,0,0,0,0,0,0
1789173397.522054,4149,pg_toast,pg_toast_2328,0,0,0,0,0,0,0,0,0
1789173397.522054,6351,pg_toast,pg_toast_2610,0,0,0,0,0,0,0,0,0
1789173397.522054,13489,information_schema,sql_sizing,0,0,,,0,0,0,0,0
1789173397.522054,3598,pg_toast,pg_toast_3596,0,0,0,0,0,0,0,0,0
1789173397.522054,2836,pg_toast,pg_toast_1255,0,0,0,0,0,0,0,0,0
1789173397.522054,2362021,pg_toast,pg_toast_2362013,0,0,0,0,0,0,0,0,0
1789173397.522054,2362166,pg_toast,pg_toast_2362148,0,0,0,0,0,0,0,0,0
1789173397.522054,3456,pg_catalog,pg_collation,0,0,1,1,0,0,0,0,0
1789173397.522054,3079,pg_catalog,pg_extension,0,0,0,0,0,0,0,0,0
1789173397.522054,6100,pg_catalog,pg_subscription,0,0,0,0,0,0,0,0,0
1789173397.522054,2832,pg_toast,pg_toast_2606,0,0,0,0,0,0,0,0,0
1789173397.522054,3256,pg_catalog,pg_policy,0,0,0,0,0,0,0,0,0
1789173397.522054,2362029,pg_toast,pg_toast_2362023,0,0,0,0,0,0,0,0,0
1789173397.522054,3466,pg_catalog,pg_event_trigger,0,0,0,0,0,0,0,0,0
1789173397.522054,2362058,pg_toast,pg_toast_2362051,0,0,0,0,0,0,0,0,0
1789173397.522054,3592,pg_catalog,pg_shseclabel,0,0,0,0,0,0,0,0,0
1789173397.522054,3764,pg_catalog,pg_ts_template,0,0,0,0,0,0,0,0,0
1789173397.522054,6237,pg_catalog,pg_publication_namespace,0,0,0,0,0,0,0,0,0
1789173397.522054,13487,pg_toast,pg_toast_13484,0,0,0,0,0,0,0,0,0
1789173397.522054,2995,pg_catalog,pg_largeobject_metadata,0,0,0,0,0,0,0,0,0
1789173397.522054,4143,pg_toast,pg_toast_826,0,0,0,0,0,0,0,0,0
1789173397.522054,4185,pg_toast,pg_toast_1213,0,0,0,0,0,0,0,0,0
1789173397.522054,6243,pg_catalog,pg_parameter_acl,0,0,0,0,0,0,0,0,0
1789173397.522054,2361988,pg_toast,pg_toast_2361978,0,0,0,0,0,0,0,0,0
1789173397.522054,2616,pg_catalog,pg_opclass,0,0,10,179,0,0,0,0,0
1789173397.522054,2362137,pg_toast,pg_toast_2362128,0,0,0,0,0,0,0,0,0
1789173397.522054,2838,pg_toast,pg_toast_2618,0,0,1,3,0,0,0,0,0
1789173397.522054,6228,pg_toast,pg_toast_6106,0,0,0,0,0,0,0,0,0
1789173397.522054,3118,pg_catalog,pg_foreign_table,0,0,0,0,0,0,0,0,0
1789173397.522054,1259,pg_catalog,pg_class,1,523,14,14,0,0,0,0,0
1789173397.522054,3350,pg_catalog,pg_partitioned_table,0,0,0,0,0,0,0,0,0
1789173397.522054,4153,pg_toast,pg_toast_3118,0,0,0,0,0,0,0,0,0
1789173397.522054,4060,pg_toast,pg_toast_3592,0,0,0,0,0,0,0,0,0
1789173397.522054,4165,pg_toast,pg_toast_3350,0,0,0,0,0,0,0,0,0
1789173397.522054,2753,pg_catalog,pg_opfamily,0,0,2,2,0,0,0,0,0
1789173397.522054,3601,pg_catalog,pg_ts_parser,0,0,0,0,0,0,0,0,0
1789173397.522054,6104,pg_catalog,pg_publication,0,0,0,0,0,0,0,0,0
1789173397.522054,13477,pg_toast,pg_toast_13474,0,0,0,0,0,0,0,0,0
1789173397.522054,3429,pg_catalog,pg_statistic_ext_data,0,0,0,0,0,0,0,0,0
1789173397.522054,2619,pg_catalog,pg_statistic,0,0,17,8,0,0,0,0,0
1789173397.522054,4155,pg_toast,pg_toast_3394,0,0,0,0,0,0,0,0,0
1789173397.522054,2362224,pg_toast,pg_toast_2362205,0,0,0,0,0,0,0,0,0
1789173397.522054,3381,pg_catalog,pg_statistic_ext,0,0,3,0,0,0,0,0,0
1789173397.522054,6106,pg_catalog,pg_publication_rel,0,0,0,0,0,0,0,0,0
1789173397.522054,2605,pg_catalog,pg_cast,0,0,54,8,0,0,0,0,0
1789173397.522054,4171,pg_toast,pg_toast_1247,0,0,0,0,0,0,0,0,0
1789173397.522054,2830,pg_toast,pg_toast_2604,0,0,0,0,0,0,0,0,0
1789173397.522054,13479,information_schema,sql_implementation_info,0,0,,,0,0,0,0,0
1789173397.522054,6244,pg_toast,pg_toast_6243,0,0,0,0,0,0,0,0,0
1789173397.522054,2361971,pg_toast,pg_toast_2361963,0,0,0,0,0,0,0,0,0
1789173397.522054,3430,pg_toast,pg_toast_3429,0,0,0,0,0,0,0,0,0
1789173397.522054,3576,pg_catalog,pg_transform,0,0,0,0,0,0,0,0,0
1789173397.522054,2601,pg_catalog,pg_am,0,0,0,0,0,0,0,0,0
1789173457.628672,3394,pg_catalog,pg_init_privs,0,0,0,0,0,0,0,0,0
1789173457.628672,4167,pg_toast,pg_toast_3256,0,0,0,0,0,0,0,0,0
1789173457.628672,4151,pg_toast,pg_toast_1417,0,0,0,0,0,0,0,0,0
1789173457.628672,2834,pg_toast,pg_toast_2609,0,0,0,0,0,0,0,0,0
1789173457.628672,6000,pg_catalog,pg_replication_origin,0,0,0,0,0,0,0,0,0
1789173457.628672,2840,pg_toast,pg_toast_2619,0,0,0,0,0,0,0,0,0
1789173457.628672,2328,pg_catalog,pg_foreign_data_wrapper,0,0,0,0,0,0,0,0,0
1789173457.628672,4157,pg_toast,pg_toast_2612,0,0,0,0,0,0,0,0,0
1789173457.628672,1260,pg_catalog,pg_authid,0,0,0,0,0,0,0,0,0
1789173457.628672,2362182,pg_toast,pg_toast_2362174,0,0,0,0,0,0,0,0,0
1789173457.628672,6102,pg_catalog,pg_subscription_rel,0,0,0,0,0,0,0,0,0
1789173457.628672,1214,pg_catalog,pg_shdepend,0,0,0,0,0,0,0,0,0
1789173457.628672,4163,pg_toast,pg_toast_2615,0,0,0,0,0,0,0,0,0
1789173457.628672,2362193,pg_toast,pg_toast_2362184,0,0,0,0,0,0,0,0,0
1789173457.628672,4169,pg_toast,pg_toast_3600,0,0,0,0,0,0,0,0,0
1789173457.628672,2615,pg_catalog,pg_namespace,1,4,7,2,0,0,0,0,0
1789173457.628672,2396,pg_catalog,pg_shdescription,0,0,0,0,0,0,0,0,0
1789173457.628672,3600,pg_catalog,pg_ts_dict,0,0,0,0,0,0,0,0,0
1789173457.628672,3596,pg_catalog,pg_seclabel,0,0,0,0,0,0,0,0,0
1789173457.628672,2609,pg_catalog,pg_description,0,0,0,0,0,0,0,0,0
1789173457.628672,13482,pg_toast,pg_toast_13479,0,0,0,0,0,0,0,0,0
1789173457.628672,2362082,pg_toast,pg_toast_2362060,0,0,0,0,0,0,0,0,0
1789173457.628672,3603,pg_catalog,pg_ts_config_map,0,0,0,0,0,0,0,0,0
1789173457.628672,1213,pg_catalog,pg_tablespace,0,0,1,1,0,0,0,0,0
1789173457.628672,2608,pg_catalog,pg_depend,0,0,0,0,0,0,0,0,0
1789173457.628672,2964,pg_catalog,pg_db_role_setting,0,0,0,0,0,0,0,0,0
1789173457.628672,1418,pg_catalog,pg_user_mapping,0,0,0,0,0,0,0,0,0
1789173457.628672,2613,pg_catalog,pg_largeobject,0,0,0,0,0,0,0,0,0
1789173457.628672,6175,pg_toast,pg_toast_3456,0,0,0,0,0,0,0,0,0
1789173457.628672,1261,pg_catalog,pg_auth_members,0,0,0,0,0,0,0,0,0
1789173457.628672,2617,pg_catalog,pg_operator,0,0,8,8,0,0,0,0,0
1789173457.628672,2610,pg_catalog,pg_index,1,221,11,13,0,0,0,0,0
1789173457.628672,1249,pg_catalog,pg_attribute,0,0,76,104,0,0,0,0,0
1789173457.628672,2600,pg_catalog,pg_aggregate,0,0,1,1,0,0,0,0,0
1789173457.628672,2966,pg_toast,pg_toast_2964,0,0,0,0,0,0,0,0,0
1789173457.628672,2618,pg_catalog,pg_rewrite,0,0,2,2,0,0,0,0,0
1789173457.628672,4177,pg_toast,pg_toast_1262,0,0,0,0,0,0,0,0,0
1789173457.628672,13484,information_schema,sql_parts,0,0,,,0,0,0,0,0
1789173457.628672,4159,pg_toast,pg_toast_2600,0,0,0,0,0,0,0,0,0
1789173457.628672,4147,pg_toast,pg_toast_3079,0,0,0,0,0,0,0,0,0
1789173457.628672,13474,information_schema,sql_features,0,0,,,0,0,0,0,0
1789173457.628672,1247,pg_catalog,pg_type,0,0,25,25,0,0,0,0,0
1789173457.628672,2602,pg_catalog,pg_amop,0,0,16,28,0,0,0,0,0
1789173457.628672,3439,pg_toast,pg_toast_3381,0,0,0,0,0,0,0,0,0
1789173457.628672,2846,pg_toast,pg_toast_2396,0,0,0,0,0,0,0,0,0
1789173457.628672,4145,pg_toast,pg_toast_3466,0,0,0,0,0,0,0,0,0
1789173457.628672,3541,pg_catalog,pg_range,0,0,0,0,0,0,0,0,0
1789173457.628672,3602,pg_catalog,pg_ts_config,0,0,0,0,0,0,0,0,0
1789173457.628672,4183,pg_toast,pg_toast_6100,0,0,0,0,0,0,0,0,0
1789173457.628672,2224,pg_catalog,pg_sequence,0,0,0,0,0,0,0,0,0
1789173457.628672,2611,pg_catalog,pg_inherits,0,0,0,0,0,0,0,0,0
1789173457.628672,1417,pg_catalog,pg_foreign_server,0,0,0,0,0,0,0,0,0
1789173457.628672,1262,pg_catalog,pg_database,0,0,0,0,0,0,0,0,0
1789173457.628672,13492,pg_toast,pg_toast_13489,0,0,0,0,0,0,0,0,0
1789173457.628672,3501,pg_catalog,pg_enum,0,0,0,0,0,0,0,0,0
1789173457.628672,2607,pg_catalog,pg_conversion,0,0,0,0,0,0,0,0,0
1789173457.628672,826,pg_catalog,pg_default_acl,0,0,0,0,0,0,0,0,0
1789173457.628672,2604,pg_catalog,pg_attrdef,0,0,0,0,0,0,0,0,0
1789173457.628672,2336,pg_toast,pg_toast_2620,0,0,0,0,0,0,0,0,0
1789173457.628672,2603,pg_catalog,pg_amproc,0,0,5,11,0,0,0,0,0
1789173457.628672,2362101,pg_toast,pg_toast_2362090,0,0,0,0,0,0,0,0,0
1789173457.628672,2606,pg_catalog,pg_constraint,0,0,3,8,0,0,0,0,0
1789173457.628672,1255,pg_catalog,pg_proc,0,0,21,26,0,0,0,0,0
1789173457.628672,4173,pg_toast,pg_toast_1418,0,0,0,0,0,0,0,0,0
1789173457.628672,2620,pg_catalog,pg_trigger,0,0,0,0,0,0,0,0,0
1789173457.628672,2362037,pg_toast,pg_toast_2362031,0,0,0,0,0,0,0,0,0
1789173457.628672,2612,pg_catalog,pg_language,0,0,0,0,0,0,0,0,0
1789173457.628672,4149,pg_toast,pg_toast_2328,0,0,0,0,0,0,0,0,0
1789173457.628672,6351,pg_toast,pg_toast_2610,0,0,0,0,0,0,0,0,0
1789173457.628672,13489,information_schema,sql_sizing,0,0,,,0,0,0,0,0
1789173457.628672,3598,pg_toast,pg_toast_3596,0,0,0,0,0,0,0,0,0
1789173457.628672,2836,pg_toast,pg_toast_1255,0,0,0,0,0,0,0,0,0
1789173457.628672,2362021,pg_toast,pg_toast_2362013,0,0,0,0,0,0,0,0,0
1789173457.628672,2362166,pg_toast,pg_toast_2362148,0,0,0,0,0,0,0,0,0
1789173457.628672,3456,pg_catalog,pg_collation,0,0,1,1,0,0,0,0,0
1789173457.628672,3079,pg_catalog,pg_extension,0,0,0,0,0,0,0,0,0
1789173457.628672,6100,pg_catalog,pg_subscription,0,0,0,0,0,0,0,0,0
1789173457.628672,2832,pg_toast,pg_toast_2606,0,0,0,0,0,0,0,0,0
1789173457.628672,3256,pg_catalog,pg_policy,0,0,0,0,0,0,0,0,0
1789173457.628672,2362029,pg_toast,pg_toast_2362023,0,0,0,0,0,0,0,0,0
1789173457.628672,3466,pg_catalog,pg_event_trigger,0,0,0,0,0,0,0,0,0
1789173457.628672,2362058,pg_toast,pg_toast_2362051,0,0,0,0,0,0,0,0,0
1789173457.628672,3592,pg_catalog,pg_shseclabel,0,0,0,0,0,0,0,0,0
1789173457.628672,3764,pg_catalog,pg_ts_template,0,0,0,0,0,0,0,0,0
1789173457.628672,6237,pg_catalog,pg_publication_namespace,0,0,0,0,0,0,0,0,0
1789173457.628672,13487,pg_toast,pg_toast_13484,0,0,0,0,0,0,0,0,0
1789173457.628672,2995,pg_catalog,pg_largeobject_metadata,0,0,0,0,0,0,0,0,0
1789173457.628672,4143,pg_toast,pg_toast_826,0,0,0,0,0,0,0,0,0
1789173457.628672,4185,pg_toast,pg_toast_1213,0,0,0,0,0,0,0,0,0
1789173457.628672,6243,pg_catalog,pg_parameter_acl,0,0,0,0,0,0,0,0,0
1789173457.628672,2361988,pg_toast,pg_toast_2361978,0,0,0,0,0,0,0,0,0
1789173457.628672,2616,pg_catalog,pg_opclass,0,0,10,179,0,0,0,0,0
1789173457.628672,2362137,pg_toast,pg_toast_2362128,0,0,0,0,0,0,0,0,0
1789173457.628672,2838,pg_toast,pg_toast_2618,0,0,1,3,0,0,0,0,0
1789173457.628672,6228,pg_toast,pg_toast_6106,0,0,0,0,0,0,0,0,0
1789173457.628672,3118,pg_catalog,pg_foreign_table,0,0,0,0,0,0,0,0,0
1789173457.628672,1259,pg_catalog,pg_class,1,523,14,14,0,0,0,0,0
1789173457.628672,3350,pg_catalog,pg_partitioned_table,0,0,0,0,0,0,0,0,0
1789173457.628672,4153,pg_toast,pg_toast_3118,0,0,0,0,0,0,0,0,0
1789173457.628672,4060,pg_toast,pg_toast_3592,0,0,0,0,0,0,0,0,0
1789173457.628672,4165,pg_toast,pg_toast_3350,0,0,0,0,0,0,0,0,0
1789173457.628672,2753,pg_catalog,pg_opfamily,0,0,2,2,0,0,0,0,0
1789173457.628672,3601,pg_catalog,pg_ts_parser,0,0,0,0,0,0,0,0,0
1789173457.628672,6104,pg_catalog,pg_publication,0,0,0,0,0,0,0,0,0
1789173457.628672,13477,pg_toast,pg_toast_13474,0,0,0,0,0,0,0,0,0
1789173457.628672,3429,pg_catalog,pg_statistic_ext_data,0,0,0,0,0,0,0,0,0
1789173457.628672,2619,pg_catalog,pg_statistic,0,0,17,8,0,0,0,0,0
1789173457.628672,4155,pg_toast,pg_toast_3394,0,0,0,0,0,0,0,0,0
1789173457.628672,2362224,pg_toast,pg_toast_2362205,0,0,0,0,0,0,0,0,0
1789173457.628672,3381,pg_catalog,pg_statistic_ext,0,0,3,0,0,0,0,0,0
1789173457.628672,6106,pg_catalog,pg_publication_rel,0,0,0,0,0,0,0,0,0
1789173457.628672,2605,pg_catalog,pg_cast,0,0,54,8,0,0,0,0,0
1789173457.628672,4171,pg_toast,pg_toast_1247,0,0,0,0,0,0,0,0,0
1789173457.628672,2830,pg_toast,pg_toast_2604,0,0,0,0,0,0,0,0,0
1789173457.628672,13479,information_schema,sql_implementation_info,0,0,,,0,0,0,0,0
1789173457.628672,6244,pg_toast,pg_toast_6243,0,0,0,0,0,0,0,0,0
1789173457.628672,2361971,pg_toast,pg_toast_2361963,0,0,0,0,0,0,0,0,0
1789173457.628672,3430,pg_toast,pg_toast_3429,0,0,0,0,0,0,0,0,0
1789173457.628672,3576,pg_catalog,pg_transform,0,0,0,0,0,0,0,0,0
1789173457.628672,2601,pg_catalog,pg_am,0,0,0,0,0,0,0,0,0
1789173517.732149,3394,pg_catalog,pg_init_privs,0,0,0,0,0,0,0,0,0
1789173517.732149,4167,pg_toast,pg_toast_3256,0,0,0,0,0,0,0,0,0
1789173517.732149,4151,pg_toast,pg_toast_1417,0,0,0,0,0,0,0,0,0
1789173517.732149,2834,pg_toast,pg_toast_2609,0,0,0,0,0,0,0,0,0
1789173517.732149,6000,pg_catalog,pg_replication_origin,0,0,0,0,0,0,0,0,0
1789173517.732149,2840,pg_toast,pg_toast_2619,0,0,0,0,0,0,0,0,0
1789173517.732149,2328,pg_catalog,pg_foreign_data_wrapper,0,0,0,0,0,0,0,0,0
1789173517.732149,4157,pg_toast,pg_toast_2612,0,0,0,0,0,0,0,0,0
1789173517.732149,1260,pg_catalog,pg_authid,0,0,0,0,0,0,0,0,0
1789173517.732149,2362182,pg_toast,pg_toast_2362174,0,0,0,0,0,0,0,0,0
1789173517.732149,6102,pg_catalog,pg_subscription_rel,0,0,0,0,0,0,0,0,0
1789173517.732149,1214,pg_catalog,pg_shdepend,0,0,0,0,0,0,0,0,0
1789173517.732149,4163,pg_toast,pg_toast_2615,0,0,0,0,0,0,0,0,0
1789173517.732149,2362193,pg_toast,pg_toast_2362184,0,0,0,0,0,0,0,0,0
1789173517.732149,4169,pg_toast,pg_toast_3600,0,0,0,0,0,0,0,0,0
1789173517.732149,2615,pg_catalog,pg_namespace,1,4,7,2,0,0,0,0,0
1789173517.732149,2396,pg_catalog,pg_shdescription,0,0,0,0,0,0,0,0,0
1789173517.732149,3600,pg_catalog,pg_ts_dict,0,0,0,0,0,0,0,0,0
1789173517.732149,3596,pg_catalog,pg_seclabel,0,0,0,0,0,0,0,0,0
1789173517.732149,2609,pg_catalog,pg_description,0,0,0,0,0,0,0,0,0
1789173517.732149,13482,pg_toast,pg_toast_13479,0,0,0,0,0,0,0,0,0
1789173517.732149,2362082,pg_toast,pg_toast_2362060,0,0,0,0,0,0,0,0,0
1789173517.732149,3603,pg_catalog,pg_ts_config_map,0,0,0,0,0,0,0,0,0
1789173517.732149,1213,pg_catalog,pg_tablespace,0,0,1,1,0,0,0,0,0
1789173517.732149,2608,pg_catalog,pg_depend,0,0,0,0,0,0,0,0,0
1789173517.732149,2964,pg_catalog,pg_db_role_setting,0,0,0,0,0,0,0,0,0
1789173517.732149,1418,pg_catalog,pg_user_mapping,0,0,0,0,0,0,0,0,0
1789173517.732149,2613,pg_catalog,pg_largeobject,0,0,0,0,0,0,0,0,0
1789173517.732149,6175,pg_toast,pg_toast_3456,0,0,0,0,0,0,0,0,0
1789173517.732149,1261,pg_catalog,pg_auth_members,0,0,0,0,0,0,0,0,0
1789173517.732149,2617,pg_catalog,pg_operator,0,0,8,8,0,0,0,0,0
1789173517.732149,2610,pg_catalog,pg_index,1,221,11,13,0,0,0,0,0
1789173517.732149,1249,pg_catalog,pg_attribute,0,0,76,104,0,0,0,0,0
1789173517.732149,2600,pg_catalog,pg_aggregate,0,0,1,1,0,0,0,0,0
1789173517.732149,2966,pg_toast,pg_toast_2964,0,0,0,0,0,0,0,0,0
1789173517.732149,2618,pg_catalog,pg_rewrite,0,0,2,2,0,0,0,0,0
1789173517.732149,4177,pg_toast,pg_toast_1262,0,0,0,0,0,0,0,0,0
1789173517.732149,13484,information_schema,sql_parts,0,0,,,0,0,0,0,0
1789173517.732149,4159,pg_toast,pg_toast_2600,0,0,0,0,0,0,0,0,0
1789173517.732149,4147,pg_toast,pg_toast_3079,0,0,0,0,0,0,0,0,0
1789173517.732149,13474,information_schema,sql_features,0,0,,,0,0,0,0,0
1789173517.732149,1247,pg_catalog,pg_type,0,0,25,25,0,0,0,0,0
1789173517.732149,2602,pg_catalog,pg_amop,0,0,16,28,0,0,0,0,0
1789173517.732149,3439,pg_toast,pg_toast_3381,0,0,0,0,0,0,0,0,0
1789173517.732149,2846,pg_toast,pg_toast_2396,0,0,0,0,0,0,0,0,0
1789173517.732149,4145,pg_toast,pg_toast_3466,0,0,0,0,0,0,0,0,0
1789173517.732149,3541,pg_catalog,pg_range,0,0,0,0,0,0,0,0,0
1789173517.732149,3602,pg_catalog,pg_ts_config,0,0,0,0,0,0,0,0,0
1789173517.732149,4183,pg_toast,pg_toast_6100,0,0,0,0,0,0,0,0,0
1789173517.732149,2224,pg_catalog,pg_sequence,0,0,0,0,0,0,0,0,0
1789173517.732149,2611,pg_catalog,pg_inherits,0,0,0,0,0,0,0,0,0
1789173517.732149,1417,pg_catalog,pg_foreign_server,0,0,0,0,0,0,0,0,0
1789173517.732149,1262,pg_catalog,pg_database,0,0,0,0,0,0,0,0,0
1789173517.732149,13492,pg_toast,pg_toast_13489,0,0,0,0,0,0,0,0,0
1789173517.732149,3501,pg_catalog,pg_enum,0,0,0,0,0,0,0,0,0
1789173517.732149,2607,pg_catalog,pg_conversion,0,0,0,0,0,0,0,0,0
1789173517.732149,826,pg_catalog,pg_default_acl,0,0,0,0,0,0,0,0,0
1789173517.732149,2604,pg_catalog,pg_attrdef,0,0,0,0,0,0,0,0,0
1789173517.732149,2336,pg_toast,pg_toast_2620,0,0,0,0,0,0,0,0,0
1789173517.732149,2603,pg_catalog,pg_amproc,0,0,5,11,0,0,0,0,0
1789173517.732149,2362101,pg_toast,pg_toast_2362090,0,0,0,0,0,0,0,0,0
1789173517.732149,2606,pg_catalog,pg_constraint,0,0,3,8,0,0,0,0,0
1789173517.732149,1255,pg_catalog,pg_proc,0,0,21,26,0,0,0,0,0
1789173517.732149,4173,pg_toast,pg_toast_1418,0,0,0,0,0,0,0,0,0
1789173517.732149,2620,pg_catalog,pg_trigger,0,0,0,0,0,0,0,0,0
1789173517.732149,2362037,pg_toast,pg_toast_2362031,0,0,0,0,0,0,0,0,0
1789173517.732149,2612,pg_catalog,pg_language,0,0,0,0,0,0,0,0,0
1789173517.732149,4149,pg_toast,pg_toast_2328,0,0,0,0,0,0,0,0,0
1789173517.732149,6351,pg_toast,pg_toast_2610,0,0,0,0,0,0,0,0,0
1789173517.732149,13489,information_schema,sql_sizing,0,0,,,0,0,0,0,0
1789173517.732149,3598,pg_toast,pg_toast_3596,0,0,0,0,0,0,0,0,0
1789173517.732149,2836,pg_toast,pg_toast_1255,0,0,0,0,0,0,0,0,0
1789173517.732149,2362021,pg_toast,pg_toast_2362013,0,0,0,0,0,0,0,0,0
1789173517.732149,2362166,pg_toast,pg_toast_2362148,0,0,0,0,0,0,0,0,0
1789173517.732149,3456,pg_catalog,pg_collation,0,0,1,1,0,0,0,0,0
1789173517.732149,3079,pg_catalog,pg_extension,0,0,0,0,0,0,0,0,0
1789173517.732149,6100,pg_catalog,pg_subscription,0,0,0,0,0,0,0,0,0
1789173517.732149,2832,pg_toast,pg_toast_2606,0,0,0,0,0,0,0,0,0
1789173517.732149,3256,pg_catalog,pg_policy,0,0,0,0,0,0,0,0,0
1789173517.732149,2362029,pg_toast,pg_toast_2362023,0,0,0,0,0,0,0,0,0
1789173517.732149,3466,pg_catalog,pg_event_trigger,0,0,0,0,0,0,0,0,0
1789173517.732149,2362058,pg_toast,pg_toast_2362051,0,0,0,0,0,0,0,0,0
1789173517.732149,3592,pg_catalog,pg_shseclabel,0,0,0,0,0,0,0,0,0
1789173517.732149,3764,pg_catalog,pg_ts_template,0,0,0,0,0,0,0,0,0
1789173517.732149,6237,pg_catalog,pg_publication_namespace,0,0,0,0,0,0,0,0,0
1789173517.732149,13487,pg_toast,pg_toast_13484,0,0,0,0,0,0,0,0,0
1789173517.732149,2995,pg_catalog,pg_largeobject_metadata,0,0,0,0,0,0,0,0,0
1789173517.732149,4143,pg_toast,pg_toast_826,0,0,0,0,0,0,0,0,0
1789173517.732149,4185,pg_toast,pg_toast_1213,0,0,0,0,0,0,0,0,0
1789173517.732149,6243,pg_catalog,pg_parameter_acl,0,0,0,0,0,0,0,0,0
1789173517.732149,2361988,pg_toast,pg_toast_2361978,0,0,0,0,0,0,0,0,0
1789173517.732149,2616,pg_catalog,pg_opclass,0,0,10,179,0,0,0,0,0
1789173517.732149,2362137,pg_toast,pg_toast_2362128,0,0,0,0,0,0,0,0,0
1789173517.732149,2838,pg_toast,pg_toast_2618,0,0,1,3,0,0,0,0,0
1789173517.732149,6228,pg_toast,pg_toast_6106,0,0,0,0,0,0,0,0,0
1789173517.732149,3118,pg_catalog,pg_foreign_table,0,0,0,0,0,0,0,0,0
1789173517.732149,1259,pg_catalog,pg_class,1,523,14,14,0,0,0,0,0
1789173517.732149,3350,pg_catalog,pg_partitioned_table,0,0,0,0,0,0,0,0,0
1789173517.732149,4153,pg_toast,pg_toast_3118,0,0,0,0,0,0,0,0,0
1789173517.732149,4060,pg_toast,pg_toast_3592,0,0,0,0,0,0,0,0,0
1789173517.732149,4165,pg_toast,pg_toast_3350,0,0,0,0,0,0,0,0,0
1789173517.732149,2753,pg_catalog,pg_opfamily,0,0,2,2,0,0,0,0,0
1789173517.732149,3601,pg_catalog,pg_ts_parser,0,0,0,0,0,0,0,0,0
1789173517.732149,6104,pg_catalog,pg_publication,0,0,0,0,0,0,0,0,0
1789173517.732149,13477,pg_toast,pg_toast_13474,0,0,0,0,0,0,0,0,0
1789173517.732149,3429,pg_catalog,pg_statistic_ext_data,0,0,0,0,0,0,0,0,0
1789173517.732149,2619,pg_catalog,pg_statistic,0,0,17,8,0,0,0,0,0
1789173517.732149,4155,pg_toast,pg_toast_3394,0,0,0,0,0,0,0,0,0
1789173517.732149,2362224,pg_toast,pg_toast_2362205,0,0,0,0,0,0,0,0,0
1789173517.732149,3381,pg_catalog,pg_statistic_ext,0,0,3,0,0,0,0,0,0
1789173517.732149,6106,pg_catalog,pg_publication_rel,0,0,0,0,0,0,0,0,0
1789173517.732149,2605,pg_catalog,pg_cast,0,0,54,8,0,0,0,0,0
1789173517.732149,4171,pg_toast,pg_toast_1247,0,0,0,0,0,0,0,0,0
1789173517.732149,2830,pg_toast,pg_toast_2604,0,0,0,0,0,0,0,0,0
1789173517.732149,13479,information_schema,sql_implementation_info,0,0,,,0,0,0,0,0
1789173517.732149,6244,pg_toast,pg_toast_6243,0,0,0,0,0,0,0,0,0
1789173517.732149,2361971,pg_toast,pg_toast_2361963,0,0,0,0,0,0,0,0,0
1789173517.732149,3430,pg_toast,pg_toast_3429,0,0,0,0,0,0,0,0,0
1789173517.732149,3576,pg_catalog,pg_transform,0,0,0,0,0,0,0,0,0
1789173517.732149,2601,pg_catalog,pg_am,0,0,0,0,0,0,0,0,0
1789173577.841964,3394,pg_catalog,pg_init_privs,0,0,0,0,0,0,0,0,0
1789173577.841964,4167,pg_toast,pg_toast_3256,0,0,0,0,0,0,0,0,0
1789173577.841964,4151,pg_toast,pg_toast_1417,0,0,0,0,0,0,0,0,0
1789173577.841964,2834,pg_toast,pg_toast_2609,0,0,0,0,0,0,0,0,0
1789173577.841964,6000,pg_catalog,pg_replication_origin,0,0,0,0,0,0,0,0,0
1789173577.841964,2840,pg_toast,pg_toast_2619,0,0,0,0,0,0,0,0,0
1789173577.841964,2328,pg_catalog,pg_foreign_data_wrapper,0,0,0,0,0,0,0,0,0
1789173577.841964,4157,pg_toast,pg_toast_2612,0,0,0,0,0,0,0,0,0
1789173577.841964,1260,pg_catalog,pg_authid,0,0,0,0,0,0,0,0,0
1789173577.841964,2362182,pg_toast,pg_toast_2362174,0,0,0,0,0,0,0,0,0
1789173577.841964,6102,pg_catalog,pg_subscription_rel,0,0,0,0,0,0,0,0,0
1789173577.841964,1214,pg_catalog,pg_shdepend,0,0,0,0,0,0,0,0,0
1789173577.841964,4163,pg_toast,pg_toast_2615,0,0,0,0,0,0,0,0,0
1789173577.841964,2362193,pg_toast,pg_toast_2362184,0,0,0,0,0,0,0,0,0
1789173577.841964,4169,pg_toast,pg_toast_3600,0,0,0,0,0,0,0,0,0
1789173577.841964,2615,pg_catalog,pg_namespace,1,4,7,2,0,0,0,0,0
1789173577.841964,2396,pg_catalog,pg_shdescription,0,0,0,0,0,0,0,0,0
1789173577.841964,3600,pg_catalog,pg_ts_dict,0,0,0,0,0,0,0,0,0
1789173577.841964,3596,pg_catalog,pg_seclabel,0,0,0,0,0,0,0,0,0
1789173577.841964,2609,pg_catalog,pg_description,0,0,0,0,0,0,0,0,0
1789173577.841964,13482,pg_toast,pg_toast_13479,0,0,0,0,0,0,0,0,0
1789173577.841964,2362082,pg_toast,pg_toast_2362060,0,0,0,0,0,0,0,0,0
1789173577.841964,3603,pg_catalog,pg_ts_config_map,0,0,0,0,0,0,0,0,0
1789173577.841964,1213,pg_catalog,pg_tablespace,0,0,1,1,0,0,0,0,0
1789173577.841964,2608,pg_catalog,pg_depend,0,0,0,0,0,0,0,0,0
1789173577.841964,2964,pg_catalog,pg_db_role_setting,0,0,0,0,0,0,0,0,0
1789173577.841964,1418,pg_catalog,pg_user_mapping,0,0,0,0,0,0,0,0,0
1789173577.841964,2613,pg_catalog,pg_largeobject,0,0,0,0,0,0,0,0,0
1789173577.841964,6175,pg_toast,pg_toast_3456,0,0,0,0,0,0,0,0,0
1789173577.841964,1261,pg_catalog,pg_auth_members,0,0,0,0,0,0,0,0,0
1789173577.841964,2617,pg_catalog,pg_operator,0,0,8,8,0,0,0,0,0
1789173577.841964,2610,pg_catalog,pg_index,1,221,11,13,0,0,0,0,0
1789173577.841964,1249,pg_catalog,pg_attribute,0,0,76,104,0,0,0,0,0
1789173577.841964,2600,pg_catalog,pg_aggregate,0,0,1,1,0,0,0,0,0
1789173577.841964,2966,pg_toast,pg_toast_2964,0,0,0,0,0,0,0,0,0
1789173577.841964,2618,pg_catalog,pg_rewrite,0,0,2,2,0,0,0,0,0
1789173577.841964,4177,pg_toast,pg_toast_1262,0,0,0,0,0,0,0,0,0
1789173577.841964,13484,information_schema,sql_parts,0,0,,,0,0,0,0,0
1789173577.841964,4159,pg_toast,pg_toast_2600,0,0,0,0,0,0,0,0,0
1789173577.841964,4147,pg_toast,pg_toast_3079,0,0,0,0,0,0,0,0,0
1789173577.841964,13474,information_schema,sql_features,0,0,,,0,0,0,0,0
1789173577.841964,1247,pg_catalog,pg_type,0,0,25,25,0,0,0,0,0
1789173577.841964,2602,pg_catalog,pg_amop,0,0,16,28,0,0,0,0,0
1789173577.841964,3439,pg_toast,pg_toast_3381,0,0,0,0,0,0,0,0,0
1789173577.841964,2846,pg_toast,pg_toast_2396,0,0,0,0,0,0,0,0,0
1789173577.841964,4145,pg_toast,pg_toast_3466,0,0,0,0,0,0,0,0,0
1789173577.841964,3541,pg_catalog,pg_range,0,0,0,0,0,0,0,0,0
1789173577.841964,3602,pg_catalog,pg_ts_config,0,0,0,0,0,0,0,0,0
1789173577.841964,4183,pg_toast,pg_toast_6100,0,0,0,0,0,0,0,0,0
1789173577.841964,2224,pg_catalog,pg_sequence,0,0,0,0,0,0,0,0,0
1789173577.841964,2611,pg_catalog,pg_inherits,0,0,0,0,0,0,0,0,0
1789173577.841964,1417,pg_catalog,pg_foreign_server,0,0,0,0,0,0,0,0,0
1789173577.841964,1262,pg_catalog,pg_database,0,0,0,0,0,0,0,0,0
1789173577.841964,13492,pg_toast,pg_toast_13489,0,0,0,0,0,0,0,0,0
1789173577.841964,3501,pg_catalog,pg_enum,0,0,0,0,0,0,0,0,0
1789173577.841964,2607,pg_catalog,pg_conversion,0,0,0,0,0,0,0,0,0
1789173577.841964,826,pg_catalog,pg_default_acl,0,0,0,0,0,0,0,0,0
1789173577.841964,2604,pg_catalog,pg_attrdef,0,0,0,0,0,0,0,0,0
1789173577.841964,2336,pg_toast,pg_toast_2620,0,0,0,0,0,0,0,0,0
1789173577.841964,2603,pg_catalog,pg_amproc,0,0,5,11,0,0,0,0,0
1789173577.841964,2362101,pg_toast,pg_toast_2362090,0,0,0,0,0,0,0,0,0
1789173577.841964,2606,pg_catalog,pg_constraint,0,0,3,8,0,0,0,0,0
1789173577.841964,1255,pg_catalog,pg_proc,0,0,21,26,0,0,0,0,0
1789173577.841964,4173,pg_toast,pg_toast_1418,0,0,0,0,0,0,0,0,0
1789173577.841964,2620,pg_catalog,pg_trigger,0,0,0,0,0,0,0,0,0
1789173577.841964,2362037,pg_toast,pg_toast_2362031,0,0,0,0,0,0,0,0,0
1789173577.841964,2612,pg_catalog,pg_language,0,0,0,0,0,0,0,0,0
1789173577.841964,4149,pg_toast,pg_toast_2328,0,0,0,0,0,0,0,0,0
1789173577.841964,6351,pg_toast,pg_toast_2610,0,0,0,0,0,0,0,0,0
1789173577.841964,13489,information_schema,sql_sizing,0,0,,,0,0,0,0,0
1789173577.841964,3598,pg_toast,pg_toast_3596,0,0,0,0,0,0,0,0,0
1789173577.841964,2836,pg_toast,pg_toast_1255,0,0,0,0,0,0,0,0,0
1789173577.841964,2362021,pg_toast,pg_toast_2362013,0,0,0,0,0,0,0,0,0
1789173577.841964,2362166,pg_toast,pg_toast_2362148,0,0,0,0,0,0,0,0,0
1789173577.841964,3456,pg_catalog,pg_collation,0,0,1,1,0,0,0,0,0
1789173577.841964,3079,pg_catalog,pg_extension,0,0,0,0,0,0,0,0,0
1789173577.841964,6100,pg_catalog,pg_subscription,0,0,0,0,0,0,0,0,0
1789173577.841964,2832,pg_toast,pg_toast_2606,0,0,0,0,0,0,0,0,0
1789173577.841964,3256,pg_catalog,pg_policy,0,0,0,0,0,0,0,0,0
1789173577.841964,2362029,pg_toast,pg_toast_2362023,0,0,0,0,0,0,0,0,0
1789173577.841964,3466,pg_catalog,pg_event_trigger,0,0,0,0,0,0,0,0,0
1789173577.841964,2362058,pg_toast,pg_toast_2362051,0,0,0,0,0,0,0,0,0
1789173577.841964,3592,pg_catalog,pg_shseclabel,0,0,0,0,0,0,0,0,0
1789173577.841964,3764,pg_catalog,pg_ts_template,0,0,0,0,0,0,0,0,0
1789173577.841964,6237,pg_catalog,pg_publication_namespace,0,0,0,0,0,0,0,0,0
1789173577.841964,13487,pg_toast,pg_toast_13484,0,0,0,0,0,0,0,0,0
1789173577.841964,2995,pg_catalog,pg_largeobject_metadata,0,0,0,0,0,0,0,0,0
1789173577.841964,4143,pg_toast,pg_toast_826,0,0,0,0,0,0,0,0,0
1789173577.841964,4185,pg_toast,pg_toast_1213,0,0,0,0,0,0,0,0,0
1789173577.841964,6243,pg_catalog,pg_parameter_acl,0,0,0,0,0,0,0,0,0
1789173577.841964,2361988,pg_toast,pg_toast_2361978,0,0,0,0,0,0,0,0,0
1789173577.841964,2616,pg_catalog,pg_opclass,0,0,10,179,0,0,0,0,0
1789173577.841964,2362137,pg_toast,pg_toast_2362128,0,0,0,0,0,0,0,0,0
1789173577.841964,2838,pg_toast,pg_toast_2618,0,0,1,3,0,0,0,0,0
1789173577.841964,6228,pg_toast,pg_toast_6106,0,0,0,0,0,0,0,0,0
1789173577.841964,3118,pg_catalog,pg_foreign_table,0,0,0,0,0,0,0,0,0
1789173577.841964,1259,pg_catalog,pg_class,1,523,14,14,0,0,0,0,0
1789173577.841964,3350,pg_catalog,pg_partitioned_table,0,0,0,0,0,0,0,0,0
1789173577.841964,4153,pg_toast,pg_toast_3118,0,0,0,0,0,0,0,0,0
1789173577.841964,4060,pg_toast,pg_toast_3592,0,0,0,0,0,0,0,0,0
1789173577.841964,4165,pg_toast,pg_toast_3350,0,0,0,0,0,0,0,0,0
1789173577.841964,2753,pg_catalog,pg_opfamily,0,0,2,2,0,0,0,0,0
1789173577.841964,3601,pg_catalog,pg_ts_parser,0,0,0,0,0,0,0,0,0
1789173577.841964,6104,pg_catalog,pg_publication,0,0,0,0,0,0,0,0,0
1789173577.841964,13477,pg_toast,pg_toast_13474,0,0,0,0,0,0,0,0,0
1789173577.841964,3429,pg_catalog,pg_statistic_ext_data,0,0,0,0,0,0,0,0,0
1789173577.841964,2619,pg_catalog,pg_statistic,0,0,17,8,0,0,0,0,0
1789173577.841964,4155,pg_toast,pg_toast_3394,0,0,0,0,0,0,0,0,0
1789173577.841964,2362224,pg_toast,pg_toast_2362205,0,0,0,0,0,0,0,0,0
1789173577.841964,3381,pg_catalog,pg_statistic_ext,0,0,3,0,0,0,0,0,0
1789173577.841964,6106,pg_catalog,pg_publication_rel,0,0,0,0,0,0,0,0,0
1789173577.841964,2605,pg_catalog,pg_cast,0,0,54,8,0,0,0,0,0
1789173577.841964,4171,pg_toast,pg_toast_1247,0,0,0,0,0,0,0,0,0
1789173577.841964,2830,pg_toast,pg_toast_2604,0,0,0,0,0,0,0,0,0
1789173577.841964,13479,information_schema,sql_implementation_info,0,0,,,0,0,0,0,0
1789173577.841964,6244,pg_toast,pg_toast_6243,0,0,0,0,0,0,0,0,0
1789173577.841964,2361971,pg_toast,pg_toast_2361963,0,0,0,0,0,0,0,0,0
1789173577.841964,3430,pg_toast,pg_toast_3429,0,0,0,0,0,0,0,0,0
1789173577.841964,3576,pg_catalog,pg_transform,0,0,0,0,0,0,0,0,0
1789173577.841964,2601,pg_catalog,pg_am,0,0,0,0,0,0,0,0,0
1789173637.932037,3394,pg_catalog,pg_init_privs,0,0,0,0,0,0,0,0,0
1789173637.932037,4167,pg_toast,pg_toast_3256,0,0,0,0,0,0,0,0,0
1789173637.932037,4151,pg_toast,pg_toast_1417,0,0,0,0,0,0,0,0,0
1789173637.932037,2834,pg_toast,pg_toast_2609,0,0,0,0,0,0,0,0,0
1789173637.932037,6000,pg_catalog,pg_replication_origin,0,0,0,0,0,0,0,0,0
1789173637.932037,2840,pg_toast,pg_toast_2619,0,0,0,0,0,0,0,0,0
1789173637.932037,2328,pg_catalog,pg_foreign_data_wrapper,0,0,0,0,0,0,0,0,0
1789173637.932037,4157,pg_toast,pg_toast_2612,0,0,0,0,0,0,0,0,0
1789173637.932037,1260,pg_catalog,pg_authid,0,0,0,0,0,0,0,0,0
1789173637.932037,2362182,pg_toast,pg_toast_2362174,0,0,0,0,0,0,0,0,0
1789173637.932037,6102,pg_catalog,pg_subscription_rel,0,0,0,0,0,0,0,0,0
1789173637.932037,1214,pg_catalog,pg_shdepend,0,0,0,0,0,0,0,0,0
1789173637.932037,4163,pg_toast,pg_toast_2615,0,0,0,0,0,0,0,0,0
1789173637.932037,2362193,pg_toast,pg_toast_2362184,0,0,0,0,0,0,0,0,0
1789173637.932037,4169,pg_toast,pg_toast_3600,0,0,0,0,0,0,0,0,0
1789173637.932037,2615,pg_catalog,pg_namespace,1,4,7,2,0,0,0,0,0
1789173637.932037,2396,pg_catalog,pg_shdescription,0,0,0,0,0,0,0,0,0
1789173637.932037,3600,pg_catalog,pg_ts_dict,0,0,0,0,0,0,0,0,0
1789173637.932037,3596,pg_catalog,pg_seclabel,0,0,0,0,0,0,0,0,0
1789173637.932037,2609,pg_catalog,pg_description,0,0,0,0,0,0,0,0,0
1789173637.932037,13482,pg_toast,pg_toast_13479,0,0,0,0,0,0,0,0,0
1789173637.932037,2362082,pg_toast,pg_toast_2362060,0,0,0,0,0,0,0,0,0
1789173637.932037,3603,pg_catalog,pg_ts_config_map,0,0,0,0,0,0,0,0,0
1789173637.932037,1213,pg_catalog,pg_tablespace,0,0,1,1,0,0,0,0,0
1789173637.932037,2608,pg_catalog,pg_depend,0,0,0,0,0,0,0,0,0
1789173637.932037,2964,pg_catalog,pg_db_role_setting,0,0,0,0,0,0,0,0,0
1789173637.932037,1418,pg_catalog,pg_user_mapping,0,0,0,0,0,0,0,0,0
1789173637.932037,2613,pg_catalog,pg_largeobject,0,0,0,0,0,0,0,0,0
1789173637.932037,6175,pg_toast,pg_toast_3456,0,0,0,0,0,0,0,0,0
1789173637.932037,1261,pg_catalog,pg_auth_members,0,0,0,0,0,0,0,0,0
1789173637.932037,2617,pg_catalog,pg_operator,0,0,8,8,0,0,0,0,0
1789173637.932037,2610,pg_catalog,pg_index,1,221,11,13,0,0,0,0,0
1789173637.932037,1249,pg_catalog,pg_attribute,0,0,76,104,0,0,0,0,0
1789173637.932037,2600,pg_catalog,pg_aggregate,0,0,1,1,0,0,0,0,0
1789173637.932037,2966,pg_toast,pg_toast_2964,0,0,0,0,0,0,0,0,0
1789173637.932037,2618,pg_catalog,pg_rewrite,0,0,2,2,0,0,0,0,0
1789173637.932037,4177,pg_toast,pg_toast_1262,0,0,0,0,0,0,0,0,0
1789173637.932037,13484,information_schema,sql_parts,0,0,,,0,0,0,0,0
1789173637.932037,4159,pg_toast,pg_toast_2600,0,0,0,0,0,0,0,0,0
1789173637.932037,4147,pg_toast,pg_toast_3079,0,0,0,0,0,0,0,0,0
1789173637.932037,13474,information_schema,sql_features,0,0,,,0,0,0,0,0
1789173637.932037,1247,pg_catalog,pg_type,0,0,25,25,0,0,0,0,0
1789173637.932037,2602,pg_catalog,pg_amop,0,0,16,28,0,0,0,0,0
1789173637.932037,3439,pg_toast,pg_toast_3381,0,0,0,0,0,0,0,0,0
1789173637.932037,2846,pg_toast,pg_toast_2396,0,0,0,0,0,0,0,0,0
1789173637.932037,4145,pg_toast,pg_toast_3466,0,0,0,0,0,0,0,0,0
1789173637.932037,3541,pg_catalog,pg_range,0,0,0,0,0,0,0,0,0
1789173637.932037,3602,pg_catalog,pg_ts_config,0,0,0,0,0,0,0,0,0
1789173637.932037,4183,pg_toast,pg_toast_6100,0,0,0,0,0,0,0,0,0
1789173637.932037,2224,pg_catalog,pg_sequence,0,0,0,0,0,0,0,0,0
1789173637.932037,2611,pg_catalog,pg_inherits,0,0,0,0,0,0,0,0,0
1789173637.932037,1417,pg_catalog,pg_foreign_server,0,0,0,0,0,0,0,0,0
1789173637.932037,1262,pg_catalog,pg_database,0,0,0,0,0,0,0,0,0
1789173637.932037,13492,pg_toast,pg_toast_13489,0,0,0,0,0,0,0,0,0
1789173637.932037,3501,pg_catalog,pg_enum,0,0,0,0,0,0,0,0,0
1789173637.932037,2607,pg_catalog,pg_conversion,0,0,0,0,0,0,0,0,0
1789173637.932037,826,pg_catalog,pg_default_acl,0,0,0,0,0,0,0,0,0
1789173637.932037,2604,pg_catalog,pg_attrdef,0,0,0,0,0,0,0,0,0
1789173637.932037,2336,pg_toast,pg_toast_2620,0,0,0,0,0,0,0,0,0
1789173637.932037,2603,pg_catalog,pg_amproc,0,0,5,11,0,0,0,0,0
1789173637.932037,2362101,pg_toast,pg_toast_2362090,0,0,0,0,0,0,0,0,0
1789173637.932037,2606,pg_catalog,pg_constraint,0,0,3,8,0,0,0,0,0
1789173637.932037,1255,pg_catalog,pg_proc,0,0,21,26,0,0,0,0,0
1789173637.932037,4173,pg_toast,pg_toast_1418,0,0,0,0,0,0,0,0,0
1789173637.932037,2620,pg_catalog,pg_trigger,0,0,0,0,0,0,0,0,0
1789173637.932037,2362037,pg_toast,pg_toast_2362031,0,0,0,0,0,0,0,0,0
1789173637.932037,2612,pg_catalog,pg_language,0,0,0,0,0,0,0,0,0
1789173637.932037,4149,pg_toast,pg_toast_2328,0,0,0,0,0,0,0,0,0
1789173637.932037,6351,pg_toast,pg_toast_2610,0,0,0,0,0,0,0,0,0
1789173637.932037,13489,information_schema,sql_sizing,0,0,,,0,0,0,0,0
1789173637.932037,3598,pg_toast,pg_toast_3596,0,0,0,0,0,0,0,0,0
1789173637.932037,2836,pg_toast,pg_toast_1255,0,0,0,0,0,0,0,0,0
1789173637.932037,2362021,pg_toast,pg_toast_2362013,0,0,0,0,0,0,0,0,0
1789173637.932037,2362166,pg_toast,pg_toast_2362148,0,0,0,0,0,0,0,0,0
1789173637.932037,3456,pg_catalog,pg_collation,0,0,1,1,0,0,0,0,0
1789173637.932037,3079,pg_catalog,pg_extension,0,0,0,0,0,0,0,0,0
1789173637.932037,6100,pg_catalog,pg_subscription,0,0,0,0,0,0,0,0,0
1789173637.932037,2832,pg_toast,pg_toast_2606,0,0,0,0,0,0,0,0,0
1789173637.932037,3256,pg_catalog,pg_policy,0,0,0,0,0,0,0,0,0
1789173637.932037,2362029,pg_toast,pg_toast_2362023,0,0,0,0,0,0,0,0,0
1789173637.932037,3466,pg_catalog,pg_event_trigger,0,0,0,0,0,0,0,0,0
1789173637.932037,2362058,pg_toast,pg_toast_2362051,0,0,0,0,0,0,0,0,0
1789173637.932037,3592,pg_catalog,pg_shseclabel,0,0,0,0,0,0,0,0,0
1789173637.932037,3764,pg_catalog,pg_ts_template,0,0,0,0,0,0,0,0,0
1789173637.932037,6237,pg_catalog,pg_publication_namespace,0,0,0,0,0,0,0,0,0
1789173637.932037,13487,pg_toast,pg_toast_13484,0,0,0,0,0,0,0,0,0
1789173637.932037,2995,pg_catalog,pg_largeobject_metadata,0,0,0,0,0,0,0,0,0
1789173637.932037,4143,pg_toast,pg_toast_826,0,0,0,0,0,0,0,0,0
1789173637.932037,4185,pg_toast,pg_toast_1213,0,0,0,0,0,0,0,0,0
1789173637.932037,6243,pg_catalog,pg_parameter_acl,0,0,0,0,0,0,0,0,0
1789173637.932037,2361988,pg_toast,pg_toast_2361978,0,0,0,0,0,0,0,0,0
1789173637.932037,2616,pg_catalog,pg_opclass,0,0,10,179,0,0,0,0,0
1789173637.932037,2362137,pg_toast,pg_toast_2362128,0,0,0,0,0,0,0,0,0
1789173637.932037,2838,pg_toast,pg_toast_2618,0,0,1,3,0,0,0,0,0
1789173637.932037,6228,pg_toast,pg_toast_6106,0,0,0,0,0,0,0,0,0
1789173637.932037,3118,pg_catalog,pg_foreign_table,0,0,0,0,0,0,0,0,0
1789173637.932037,1259,pg_catalog,pg_class,1,523,14,14,0,0,0,0,0
1789173637.932037,3350,pg_catalog,pg_partitioned_table,0,0,0,0,0,0,0,0,0
1789173637.932037,4153,pg_toast,pg_toast_3118,0,0,0,0,0,0,0,0,0
1789173637.932037,4060,pg_toast,pg_toast_3592,0,0,0,0,0,0,0,0,0
1789173637.932037,4165,pg_toast,pg_toast_3350,0,0,0,0,0,0,0,0,0
1789173637.932037,2753,pg_catalog,pg_opfamily,0,0,2,2,0,0,0,0,0
1789173637.932037,3601,pg_catalog,pg_ts_parser,0,0,0,0,0,0,0,0,0
1789173637.932037,6104,pg_catalog,pg_publication,0,0,0,0,0,0,0,0,0
1789173637.932037,13477,pg_toast,pg_toast_13474,0,0,0,0,0,0,0,0,0
1789173637.932037,3429,pg_catalog,pg_statistic_ext_data,0,0,0,0,0,0,0,0,0
1789173637.932037,2619,pg_catalog,pg_statistic,0,0,17,8,0,0,0,0,0
1789173637.932037,4155,pg_toast,pg_toast_3394,0,0,0,0,0,0,0,0,0
1789173637.932037,2362224,pg_toast,pg_toast_2362205,0,0,0,0,0,0,0,0,0
1789173637.932037,3381,pg_catalog,pg_statistic_ext,0,0,3,0,0,0,0,0,0
1789173637.932037,6106,pg_catalog,pg_publication_rel,0,0,0,0,0,0,0,0,0
1789173637.932037,2605,pg_catalog,pg_cast,0,0,54,8,0,0,0,0,0
1789173637.932037,4171,pg_toast,pg_toast_1247,0,0,0,0,0,0,0,0,0
1789173637.932037,2830,pg_toast,pg_toast_2604,0,0,0,0,0,0,0,0,0
1789173637.932037,13479,information_schema,sql_implementation_info,0,0,,,0,0,0,0,0
1789173637.932037,6244,pg_toast,pg_toast_6243,0,0,0,0,0,0,0,0,0
1789173637.932037,2361971,pg_toast,pg_toast_2361963,0,0,0,0,0,0,0,0,0
1789173637.932037,3430,pg_toast,pg_toast_3429,0,0,0,0,0,0,0,0,0
1789173637.932037,3576,pg_catalog,pg_transform,0,0,0,0,0,0,0,0,0
1789173637.932037,2601,pg_catalog,pg_am,0,0,0,0,0,0,0,0,0
1789173698.048638,3394,pg_catalog,pg_init_privs,0,0,0,0,0,0,0,0,0
1789173698.048638,4167,pg_toast,pg_toast_3256,0,0,0,0,0,0,0,0,0
1789173698.048638,4151,pg_toast,pg_toast_1417,0,0,0,0,0,0,0,0,0
1789173698.048638,2834,pg_toast,pg_toast_2609,0,0,0,0,0,0,0,0,0
1789173698.048638,6000,pg_catalog,pg_replication_origin,0,0,0,0,0,0,0,0,0
1789173698.048638,2840,pg_toast,pg_toast_2619,0,0,0,0,0,0,0,0,0
1789173698.048638,2328,pg_catalog,pg_foreign_data_wrapper,0,0,0,0,0,0,0,0,0
1789173698.048638,4157,pg_toast,pg_toast_2612,0,0,0,0,0,0,0,0,0
1789173698.048638,1260,pg_catalog,pg_authid,0,0,0,0,0,0,0,0,0
1789173698.048638,2362182,pg_toast,pg_toast_2362174,0,0,0,0,0,0,0,0,0
1789173698.048638,6102,pg_catalog,pg_subscription_rel,0,0,0,0,0,0,0,0,0
1789173698.048638,1214,pg_catalog,pg_shdepend,0,0,0,0,0,0,0,0,0
1789173698.048638,4163,pg_toast,pg_toast_2615,0,0,0,0,0,0,0,0,0
1789173698.048638,2362193,pg_toast,pg_toast_2362184,0,0,0,0,0,0,0,0,0
1789173698.048638,4169,pg_toast,pg_toast_3600,0,0,0,0,0,0,0,0,0
1789173698.048638,2615,pg_catalog,pg_namespace,1,4,7,2,0,0,0,0,0
1789173698.048638,2396,pg_catalog,pg_shdescription,0,0,0,0,0,0,0,0,0
1789173698.048638,3600,pg_catalog,pg_ts_dict,0,0,0,0,0,0,0,0,0
1789173698.048638,3596,pg_catalog,pg_seclabel,0,0,0,0,0,0,0,0,0
1789173698.048638,2609,pg_catalog,pg_description,0,0,0,0,0,0,0,0,0
1789173698.048638,13482,pg_toast,pg_toast_13479,0,0,0,0,0,0,0,0,0
1789173698.048638,2362082,pg_toast,pg_toast_2362060,0,0,0,0,0,0,0,0,0
1789173698.048638,3603,pg_catalog,pg_ts_config_map,0,0,0,0,0,0,0,0,0
1789173698.048638,1213,pg_catalog,pg_tablespace,0,0,1,1,0,0,0,0,0
1789173698.048638,2608,pg_catalog,pg_depend,0,0,0,0,0,0,0,0,0
1789173698.048638,2964,pg_catalog,pg_db_role_setting,0,0,0,0,0,0,0,0,0
1789173698.048638,1418,pg_catalog,pg_user_mapping,0,0,0,0,0,0,0,0,0
1789173698.048638,2613,pg_catalog,pg_largeobject,0,0,0,0,0,0,0,0,0
1789173698.048638,6175,pg_toast,pg_toast_3456,0,0,0,0,0,0,0,0,0
1789173698.048638,1261,pg_catalog,pg_auth_members,0,0,0,0,0,0,0,0,0
1789173698.048638,2617,pg_catalog,pg_operator,0,0,8,8,0,0,0,0,0
1789173698.048638,2610,pg_catalog,pg_index,1,221,11,13,0,0,0,0,0
1789173698.048638,1249,pg_catalog,pg_attribute,0,0,76,104,0,0,0,0,0
1789173698.048638,2600,pg_catalog,pg_aggregate,0,0,1,1,0,0,0,0,0
1789173698.048638,2966,pg_toast,pg_toast_2964,0,0,0,0,0,0,0,0,0
1789173698.048638,2618,pg_catalog,pg_rewrite,0,0,2,2,0,0,0,0,0
1789173698.048638,4177,pg_toast,pg_toast_1262,0,0,0,0,0,0,0,0,0
1789173698.048638,13484,information_schema,sql_parts,0,0,,,0,0,0,0,0
1789173698.048638,4159,pg_toast,pg_toast_2600,0,0,0,0,0,0,0,0,0
1789173698.048638,4147,pg_toast,pg_toast_3079,0,0,0,0,0,0,0,0,0
1789173698.048638,13474,information_schema,sql_features,0,0,,,0,0,0,0,0
1789173698.048638,1247,pg_catalog,pg_type,0,0,25,25,0,0,0,0,0
1789173698.048638,2602,pg_catalog,pg_amop,0,0,16,28,0,0,0,0,0
1789173698.048638,3439,pg_toast,pg_toast_3381,0,0,0,0,0,0,0,0,0
1789173698.048638,2846,pg_toast,pg_toast_2396,0,0,0,0,0,0,0,0,0
1789173698.048638,4145,pg_toast,pg_toast_3466,0,0,0,0,0,0,0,0,0
1789173698.048638,3541,pg_catalog,pg_range,0,0,0,0,0,0,0,0,0
1789173698.048638,3602,pg_catalog,pg_ts_config,0,0,0,0,0,0,0,0,0
1789173698.048638,4183,pg_toast,pg_toast_6100,0,0,0,0,0,0,0,0,0
1789173698.048638,2224,pg_catalog,pg_sequence,0,0,0,0,0,0,0,0,0
1789173698.048638,2611,pg_catalog,pg_inherits,0,0,0,0,0,0,0,0,0
1789173698.048638,1417,pg_catalog,pg_foreign_server,0,0,0,0,0,0,0,0,0
1789173698.048638,1262,pg_catalog,pg_database,0,0,0,0,0,0,0,0,0
1789173698.048638,13492,pg_toast,pg_toast_13489,0,0,0,0,0,0,0,0,0
1789173698.048638,3501,pg_catalog,pg_enum,0,0,0,0,0,0,0,0,0
1789173698.048638,2607,pg_catalog,pg_conversion,0,0,0,0,0,0,0,0,0
1789173698.048638,826,pg_catalog,pg_default_acl,0,0,0,0,0,0,0,0,0
1789173698.048638,2604,pg_catalog,pg_attrdef,0,0,0,0,0,0,0,0,0
1789173698.048638,2336,pg_toast,pg_toast_2620,0,0,0,0,0,0,0,0,0
1789173698.048638,2603,pg_catalog,pg_amproc,0,0,5,11,0,0,0,0,0
1789173698.048638,2362101,pg_toast,pg_toast_2362090,0,0,0,0,0,0,0,0,0
1789173698.048638,2606,pg_catalog,pg_constraint,0,0,3,8,0,0,0,0,0
1789173698.048638,1255,pg_catalog,pg_proc,0,0,21,26,0,0,0,0,0
1789173698.048638,4173,pg_toast,pg_toast_1418,0,0,0,0,0,0,0,0,0
1789173698.048638,2620,pg_catalog,pg_trigger,0,0,0,0,0,0,0,0,0
1789173698.048638,2362037,pg_toast,pg_toast_2362031,0,0,0,0,0,0,0,0,0
1789173698.048638,2612,pg_catalog,pg_language,0,0,0,0,0,0,0,0,0
1789173698.048638,4149,pg_toast,pg_toast_2328,0,0,0,0,0,0,0,0,0
1789173698.048638,6351,pg_toast,pg_toast_2610,0,0,0,0,0,0,0,0,0
1789173698.048638,13489,information_schema,sql_sizing,0,0,,,0,0,0,0,0
1789173698.048638,3598,pg_toast,pg_toast_3596,0,0,0,0,0,0,0,0,0
1789173698.048638,2836,pg_toast,pg_toast_1255,0,0,0,0,0,0,0,0,0
1789173698.048638,2362021,pg_toast,pg_toast_2362013,0,0,0,0,0,0,0,0,0
1789173698.048638,2362166,pg_toast,pg_toast_2362148,0,0,0,0,0,0,0,0,0
1789173698.048638,3456,pg_catalog,pg_collation,0,0,1,1,0,0,0,0,0
1789173698.048638,3079,pg_catalog,pg_extension,0,0,0,0,0,0,0,0,0
1789173698.048638,6100,pg_catalog,pg_subscription,0,0,0,0,0,0,0,0,0
1789173698.048638,2832,pg_toast,pg_toast_2606,0,0,0,0,0,0,0,0,0
1789173698.048638,3256,pg_catalog,pg_policy,0,0,0,0,0,0,0,0,0
1789173698.048638,2362029,pg_toast,pg_toast_2362023,0,0,0,0,0,0,0,0,0
1789173698.048638,3466,pg_catalog,pg_event_trigger,0,0,0,0,0,0,0,0,0
1789173698.048638,2362058,pg_toast,pg_toast_2362051,0,0,0,0,0,0,0,0,0
1789173698.048638,3592,pg_catalog,pg_shseclabel,0,0,0,0,0,0,0,0,0
1789173698.048638,3764,pg_catalog,pg_ts_template,0,0,0,0,0,0,0,0,0
1789173698.048638,6237,pg_catalog,pg_publication_namespace,0,0,0,0,0,0,0,0,0
1789173698.048638,13487,pg_toast,pg_toast_13484,0,0,0,0,0,0,0,0,0
1789173698.048638,2995,pg_catalog,pg_largeobject_metadata,0,0,0,0,0,0,0,0,0
1789173698.048638,4143,pg_toast,pg_toast_826,0,0,0,0,0,0,0,0,0
1789173698.048638,4185,pg_toast,pg_toast_1213,0,0,0,0,0,0,0,0,0
1789173698.048638,6243,pg_catalog,pg_parameter_acl,0,0,0,0,0,0,0,0,0
1789173698.048638,2361988,pg_toast,pg_toast_2361978,0,0,0,0,0,0,0,0,0
1789173698.048638,2616,pg_catalog,pg_opclass,0,0,10,179,0,0,0,0,0
1789173698.048638,2362137,pg_toast,pg_toast_2362128,0,0,0,0,0,0,0,0,0
1789173698.048638,2838,pg_toast,pg_toast_2618,0,0,1,3,0,0,0,0,0
1789173698.048638,6228,pg_toast,pg_toast_6106,0,0,0,0,0,0,0,0,0
1789173698.048638,3118,pg_catalog,pg_foreign_table,0,0,0,0,0,0,0,0,0
1789173698.048638,1259,pg_catalog,pg_class,1,523,14,14,0,0,0,0,0
1789173698.048638,3350,pg_catalog,pg_partitioned_table,0,0,0,0,0,0,0,0,0
1789173698.048638,4153,pg_toast,pg_toast_3118,0,0,0,0,0,0,0,0,0
1789173698.048638,4060,pg_toast,pg_toast_3592,0,0,0,0,0,0,0,0,0
1789173698.048638,4165,pg_toast,pg_toast_3350,0,0,0,0,0,0,0,0,0
1789173698.048638,2753,pg_catalog,pg_opfamily,0,0,2,2,0,0,0,0,0
1789173698.048638,3601,pg_catalog,pg_ts_parser,0,0,0,0,0,0,0,0,0
1789173698.048638,6104,pg_catalog,pg_publication,0,0,0,0,0,0,0,0,0
1789173698.048638,13477,pg_toast,pg_toast_13474,0,0,0,0,0,0,0,0,0
1789173698.048638,3429,pg_catalog,pg_statistic_ext_data,0,0,0,0,0,0,0,0,0
1789173698.048638,2619,pg_catalog,pg_statistic,0,0,17,8,0,0,0,0,0
1789173698.048638,4155,pg_toast,pg_toast_3394,0,0,0,0,0,0,0,0,0
1789173698.048638,2362224,pg_toast,pg_toast_2362205,0,0,0,0,0,0,0,0,0
1789173698.048638,3381,pg_catalog,pg_statistic_ext,0,0,3,0,0,0,0,0,0
1789173698.048638,6106,pg_catalog,pg_publication_rel,0,0,0,0,0,0,0,0,0
1789173698.048638,2605,pg_catalog,pg_cast,0,0,54,8,0,0,0,0,0
1789173698.048638,4171,pg_toast,pg_toast_1247,0,0,0,0,0,0,0,0,0
1789173698.048638,2830,pg_toast,pg_toast_2604,0,0,0,0,0,0,0,0,0
1789173698.048638,13479,information_schema,sql_implementation_info,0,0,,,0,0,0,0,0
1789173698.048638,6244,pg_toast,pg_toast_6243,0,0,0,0,0,0,0,0,0
1789173698.048638,2361971,pg_toast,pg_toast_2361963,0,0,0,0,0,0,0,0,0
1789173698.048638,3430,pg_toast,pg_toast_3429,0,0,0,0,0,0,0,0,0
1789173698.048638,3576,pg_catalog,pg_transform,0,0,0,0,0,0,0,0,0
1789173698.048638,2601,pg_catalog,pg_am,0,0,0,0,0,0,0,0,0
1789173757.212187,3394,pg_catalog,pg_init_privs,0,0,0,0,0,0,0,0,0
1789173757.212187,4167,pg_toast,pg_toast_3256,0,0,0,0,0,0,0,0,0
1789173757.212187,4151,pg_toast,pg_toast_1417,0,0,0,0,0,0,0,0,0
1789173757.212187,2834,pg_toast,pg_toast_2609,0,0,0,0,0,0,0,0,0
1789173757.212187,6000,pg_catalog,pg_replication_origin,0,0,0,0,0,0,0,0,0
1789173757.212187,2840,pg_toast,pg_toast_2619,0,0,0,0,0,0,0,0,0
1789173757.212187,2328,pg_catalog,pg_foreign_data_wrapper,0,0,0,0,0,0,0,0,0
1789173757.212187,4157,pg_toast,pg_toast_2612,0,0,0,0,0,0,0,0,0
1789173757.212187,1260,pg_catalog,pg_authid,0,0,0,0,0,0,0,0,0
1789173757.212187,2362182,pg_toast,pg_toast_2362174,0,0,0,0,0,0,0,0,0
1789173757.212187,6102,pg_catalog,pg_subscription_rel,0,0,0,0,0,0,0,0,0
1789173757.212187,1214,pg_catalog,pg_shdepend,0,0,0,0,0,0,0,0,0
1789173757.212187,4163,pg_toast,pg_toast_2615,0,0,0,0,0,0,0,0,0
1789173757.212187,2362193,pg_toast,pg_toast_2362184,0,0,0,0,0,0,0,0,0
1789173757.212187,4169,pg_toast,pg_toast_3600,0,0,0,0,0,0,0,0,0
1789173757.212187,2615,pg_catalog,pg_namespace,1,4,7,2,0,0,0,0,0
1789173757.212187,2396,pg_catalog,pg_shdescription,0,0,0,0,0,0,0,0,0
1789173757.212187,3600,pg_catalog,pg_ts_dict,0,0,0,0,0,0,0,0,0
1789173757.212187,3596,pg_catalog,pg_seclabel,0,0,0,0,0,0,0,0,0
1789173757.212187,2609,pg_catalog,pg_description,0,0,0,0,0,0,0,0,0
1789173757.212187,13482,pg_toast,pg_toast_13479,0,0,0,0,0,0,0,0,0
1789173757.212187,2362082,pg_toast,pg_toast_2362060,0,0,0,0,0,0,0,0,0
1789173757.212187,3603,pg_catalog,pg_ts_config_map,0,0,0,0,0,0,0,0,0
1789173757.212187,1213,pg_catalog,pg_tablespace,0,0,1,1,0,0,0,0,0
1789173757.212187,2608,pg_catalog,pg_depend,0,0,0,0,0,0,0,0,0
1789173757.212187,2964,pg_catalog,pg_db_role_setting,0,0,0,0,0,0,0,0,0
1789173757.212187,1418,pg_catalog,pg_user_mapping,0,0,0,0,0,0,0,0,0
1789173757.212187,2613,pg_catalog,pg_largeobject,0,0,0,0,0,0,0,0,0
1789173757.212187,6175,pg_toast,pg_toast_3456,0,0,0,0,0,0,0,0,0
1789173757.212187,1261,pg_catalog,pg_auth_members,0,0,0,0,0,0,0,0,0
1789173757.212187,2617,pg_catalog,pg_operator,0,0,8,8,0,0,0,0,0
1789173757.212187,2610,pg_catalog,pg_index,1,221,11,13,0,0,0,0,0
1789173757.212187,1249,pg_catalog,pg_attribute,0,0,76,104,0,0,0,0,0
1789173757.212187,2600,pg_catalog,pg_aggregate,0,0,1,1,0,0,0,0,0
1789173757.212187,2966,pg_toast,pg_toast_2964,0,0,0,0,0,0,0,0,0
1789173757.212187,2618,pg_catalog,pg_rewrite,0,0,2,2,0,0,0,0,0
1789173757.212187,4177,pg_toast,pg_toast_1262,0,0,0,0,0,0,0,0,0
1789173757.212187,13484,information_schema,sql_parts,0,0,,,0,0,0,0,0
1789173757.212187,4159,pg_toast,pg_toast_2600,0,0,0,0,0,0,0,0,0
1789173757.212187,4147,pg_toast,pg_toast_3079,0,0,0,0,0,0,0,0,0
1789173757.212187,13474,information_schema,sql_features,0,0,,,0,0,0,0,0
1789173757.212187,1247,pg_catalog,pg_type,0,0,25,25,0,0,0,0,0
1789173757.212187,2602,pg_catalog,pg_amop,0,0,16,28,0,0,0,0,0
1789173757.212187,3439,pg_toast,pg_toast_3381,0,0,0,0,0,0,0,0,0
1789173757.212187,2846,pg_toast,pg_toast_2396,0,0,0,0,0,0,0,0,0
1789173757.212187,4145,pg_toast,pg_toast_3466,0,0,0,0,0,0,0,0,0
1789173757.212187,3541,pg_catalog,pg_range,0,0,0,0,0,0,0,0,0
1789173757.212187,3602,pg_catalog,pg_ts_config,0,0,0,0,0,0,0,0,0
1789173757.212187,4183,pg_toast,pg_toast_6100,0,0,0,0,0,0,0,0,0
1789173757.212187,2224,pg_catalog,pg_sequence,0,0,0,0,0,0,0,0,0
1789173757.212187,2611,pg_catalog,pg_inherits,0,0,0,0,0,0,0,0,0
1789173757.212187,1417,pg_catalog,pg_foreign_server,0,0,0,0,0,0,0,0,0
1789173757.212187,1262,pg_catalog,pg_database,0,0,0,0,0,0,0,0,0
1789173757.212187,13492,pg_toast,pg_toast_13489,0,0,0,0,0,0,0,0,0
1789173757.212187,3501,pg_catalog,pg_enum,0,0,0,0,0,0,0,0,0
1789173757.212187,2607,pg_catalog,pg_conversion,0,0,0,0,0,0,0,0,0
1789173757.212187,826,pg_catalog,pg_default_acl,0,0,0,0,0,0,0,0,0
1789173757.212187,2604,pg_catalog,pg_attrdef,0,0,0,0,0,0,0,0,0
1789173757.212187,2336,pg_toast,pg_toast_2620,0,0,0,0,0,0,0,0,0
1789173757.212187,2603,pg_catalog,pg_amproc,0,0,5,11,0,0,0,0,0
1789173757.212187,2362101,pg_toast,pg_toast_2362090,0,0,0,0,0,0,0,0,0
1789173757.212187,2606,pg_catalog,pg_constraint,0,0,3,8,0,0,0,0,0
1789173757.212187,1255,pg_catalog,pg_proc,0,0,21,26,0,0,0,0,0
1789173757.212187,4173,pg_toast,pg_toast_1418,0,0,0,0,0,0,0,0,0
1789173757.212187,2620,pg_catalog,pg_trigger,0,0,0,0,0,0,0,0,0
1789173757.212187,2362037,pg_toast,pg_toast_2362031,0,0,0,0,0,0,0,0,0
1789173757.212187,2612,pg_catalog,pg_language,0,0,0,0,0,0,0,0,0
1789173757.212187,4149,pg_toast,pg_toast_2328,0,0,0,0,0,0,0,0,0
1789173757.212187,6351,pg_toast,pg_toast_2610,0,0,0,0,0,0,0,0,0
1789173757.212187,13489,information_schema,sql_sizing,0,0,,,0,0,0,0,0
1789173757.212187,3598,pg_toast,pg_toast_3596,0,0,0,0,0,0,0,0,0
1789173757.212187,2836,pg_toast,pg_toast_1255,0,0,0,0,0,0,0,0,0
1789173757.212187,2362021,pg_toast,pg_toast_2362013,0,0,0,0,0,0,0,0,0
1789173757.212187,2362166,pg_toast,pg_toast_2362148,0,0,0,0,0,0,0,0,0
1789173757.212187,3456,pg_catalog,pg_collation,0,0,1,1,0,0,0,0,0
1789173757.212187,3079,pg_catalog,pg_extension,0,0,0,0,0,0,0,0,0
1789173757.212187,6100,pg_catalog,pg_subscription,0,0,0,0,0,0,0,0,0
1789173757.212187,2832,pg_toast,pg_toast_2606,0,0,0,0,0,0,0,0,0
1789173757.212187,3256,pg_catalog,pg_policy,0,0,0,0,0,0,0,0,0
1789173757.212187,2362029,pg_toast,pg_toast_2362023,0,0,0,0,0,0,0,0,0
1789173757.212187,3466,pg_catalog,pg_event_trigger,0,0,0,0,0,0,0,0,0
1789173757.212187,2362058,pg_toast,pg_toast_2362051,0,0,0,0,0,0,0,0,0
1789173757.212187,3592,pg_catalog,pg_shseclabel,0,0,0,0,0,0,0,0,0
1789173757.212187,3764,pg_catalog,pg_ts_template,0,0,0,0,0,0,0,0,0
1789173757.212187,6237,pg_catalog,pg_publication_namespace,0,0,0,0,0,0,0,0,0
1789173757.212187,13487,pg_toast,pg_toast_13484,0,0,0,0,0,0,0,0,0
1789173757.212187,2995,pg_catalog,pg_largeobject_metadata,0,0,0,0,0,0,0,0,0
1789173757.212187,4143,pg_toast,pg_toast_826,0,0,0,0,0,0,0,0,0
1789173757.212187,4185,pg_toast,pg_toast_1213,0,0,0,0,0,0,0,0,0
1789173757.212187,6243,pg_catalog,pg_parameter_acl,0,0,0,0,0,0,0,0,0
1789173757.212187,2361988,pg_toast,pg_toast_2361978,0,0,0,0,0,0,0,0,0
1789173757.212187,2616,pg_catalog,pg_opclass,0,0,10,179,0,0,0,0,0
1789173757.212187,2362137,pg_toast,pg_toast_2362128,0,0,0,0,0,0,0,0,0
1789173757.212187,2838,pg_toast,pg_toast_2618,0,0,1,3,0,0,0,0,0
1789173757.212187,6228,pg_toast,pg_toast_6106,0,0,0,0,0,0,0,0,0
1789173757.212187,3118,pg_catalog,pg_foreign_table,0,0,0,0,0,0,0,0,0
1789173757.212187,1259,pg_catalog,pg_class,1,523,14,14,0,0,0,0,0
1789173757.212187,3350,pg_catalog,pg_partitioned_table,0,0,0,0,0,0,0,0,0
1789173757.212187,4153,pg_toast,pg_toast_3118,0,0,0,0,0,0,0,0,0
1789173757.212187,4060,pg_toast,pg_toast_3592,0,0,0,0,0,0,0,0,0
1789173757.212187,4165,pg_toast,pg_toast_3350,0,0,0,0,0,0,0,0,0
1789173757.212187,2753,pg_catalog,pg_opfamily,0,0,2,2,0,0,0,0,0
1789173757.212187,3601,pg_catalog,pg_ts_parser,0,0,0,0,0,0,0,0,0
1789173757.212187,6104,pg_catalog,pg_publication,0,0,0,0,0,0,0,0,0
1789173757.212187,13477,pg_toast,pg_toast_13474,0,0,0,0,0,0,0,0,0
1789173757.212187,3429,pg_catalog,pg_statistic_ext_data,0,0,0,0,0,0,0,0,0
1789173757.212187,2619,pg_catalog,pg_statistic,0,0,17,8,0,0,0,0,0
1789173757.212187,4155,pg_toast,pg_toast_3394,0,0,0,0,0,0,0,0,0
1789173757.212187,2362224,pg_toast,pg_toast_2362205,0,0,0,0,0,0,0,0,0
1789173757.212187,3381,pg_catalog,pg_statistic_ext,0,0,3,0,0,0,0,0,0
1789173757.212187,6106,pg_catalog,pg_publication_rel,0,0,0,0,0,0,0,0,0
1789173757.212187,2605,pg_catalog,pg_cast,0,0,54,8,0,0,0,0,0
1789173757.212187,4171,pg_toast,pg_toast_1247,0,0,0,0,0,0,0,0,0
1789173757.212187,2830,pg_toast,pg_toast_2604,0,0,0,0,0,0,0,0,0
1789173757.212187,13479,information_schema,sql_implementation_info,0,0,,,0,0,0,0,0
1789173757.212187,6244,pg_toast,pg_toast_6243,0,0,0,0,0,0,0,0,0
1789173757.212187,2361971,pg_toast,pg_toast_2361963,0,0,0,0,0,0,0,0,0
1789173757.212187,3430,pg_toast,pg_toast_3429,0,0,0,0,0,0,0,0,0
1789173757.212187,3576,pg_catalog,pg_transform,0,0,0,0,0,0,0,0,0
1789173757.212187,2601,pg_catalog,pg_am,0,0,0,0,0,0,0,0,0
