ctime,relid,schemaname,relname,seq_scan,seq_tup_read,idx_scan,idx_tup_fetch,n_tup_ins,n_tup_upd,n_tup_del,n_tup_hot_upd,n_tup_newpage_upd
1788908174.462004,1985536,pg_toast,pg_toast_1985517,0,0,0,0,0,0,0,0,0
1788908174.462004,3576,pg_catalog,pg_transform,0,0,0,0,0,0,0,0,0
1788908174.462004,2601,pg_catalog,pg_am,0,0,0,0,0,0,0,0,0
1788908174.462004,1985363,public,settlement,0,0,0,0,0,0,0,0,0
1788908174.462004,3394,pg_catalog,pg_init_privs,0,0,0,0,0,0,0,0,0
1788908174.462004,4167,pg_toast,pg_toast_3256,0,0,0,0,0,0,0,0,0
1788908174.462004,4151,pg_toast,pg_toast_1417,0,0,0,0,0,0,0,0,0
1788908174.462004,2834,pg_toast,pg_toast_2609,0,0,0,0,0,0,0,0,0
1788908174.462004,6000,pg_catalog,pg_replication_origin,0,0,0,0,0,0,0,0,0
1788908174.462004,2840,pg_toast,pg_toast_2619,0,0,0,0,0,0,0,0,0
1788908174.462004,1985486,public,last_trade,0,0,0,0,0,0,0,0,0
1788908174.462004,2328,pg_catalog,pg_foreign_data_wrapper,0,0,0,0,0,0,0,0,0
1788908174.462004,4157,pg_toast,pg_toast_2612,0,0,0,0,0,0,0,0,0
1788908174.462004,1260,pg_catalog,pg_authid,0,0,0,0,0,0,0,0,0
1788908174.462004,6102,pg_catalog,pg_subscription_rel,0,0,0,0,0,0,0,0,0
1788908174.462004,1214,pg_catalog,pg_shdepend,0,0,0,0,0,0,0,0,0
1788908174.462004,4163,pg_toast,pg_toast_2615,0,0,0,0,0,0,0,0,0
1788908174.462004,1985343,public,charge,0,0,0,0,0,0,0,0,0
1788908174.462004,1985440,public,daily_market,0,0,0,0,0,0,0,0,0
1788908174.462004,1985422,public,company,0,0,0,0,0,0,0,0,0
1788908174.462004,4169,pg_toast,pg_toast_3600,0,0,0,0,0,0,0,0,0
1788908174.462004,2615,pg_catalog,pg_namespace,1,4,5,2,0,0,0,0,0
1788908174.462004,2396,pg_catalog,pg_shdescription,0,0,0,0,0,0,0,0,0
1788908174.462004,3600,pg_catalog,pg_ts_dict,0,0,0,0,0,0,0,0,0
1788908174.462004,1985325,public,broker,0,0,0,0,0,0,0,0,0
1788908174.462004,3596,pg_catalog,pg_seclabel,0,0,0,0,0,0,0,0,0
1788908174.462004,1985460,public,financial,0,0,0,0,0,0,0,0,0
1788908174.462004,2609,pg_catalog,pg_description,0,0,0,0,0,0,0,0,0
1788908174.462004,1985351,public,commission_rate,0,0,0,0,0,0,0,0,0
1788908174.462004,13482,pg_toast,pg_toast_13479,0,0,0,0,0,0,0,0,0
1788908174.462004,1985396,public,trade_history,0,0,0,0,0,0,0,0,0
1788908174.462004,3603,pg_catalog,pg_ts_config_map,0,0,0,0,0,0,0,0,0
1788908174.462004,1213,pg_catalog,pg_tablespace,0,0,1,1,0,0,0,0,0
1788908174.462004,2608,pg_catalog,pg_depend,0,0,0,0,0,0,0,0,0
1788908174.462004,2964,pg_catalog,pg_db_role_setting,0,0,0,0,0,0,0,0,0
1788908174.462004,1985283,pg_toast,pg_toast_1985275,0,0,0,0,0,0,0,0,0
1788908174.462004,1418,pg_catalog,pg_user_mapping,0,0,0,0,0,0,0,0,0
1788908174.462004,2613,pg_catalog,pg_largeobject,0,0,0,0,0,0,0,0,0
1788908174.462004,6175,pg_toast,pg_toast_3456,0,0,0,0,0,0,0,0,0
1788908174.462004,1261,pg_catalog,pg_auth_members,0,0,0,0,0,0,0,0,0
1788908174.462004,1985335,public,cash_transaction,0,0,0,0,0,0,0,0,0
1788908174.462004,2617,pg_catalog,pg_operator,0,0,5,5,0,0,0,0,0
1788908174.462004,1985300,pg_toast,pg_toast_1985290,0,0,0,0,0,0,0,0,0
1788908174.462004,1985538,public,address,0,0,0,0,0,0,0,0,0
1788908174.462004,2610,pg_catalog,pg_index,1,221,11,14,0,0,0,0,0
1788908174.462004,1249,pg_catalog,pg_attribute,0,0,75,92,0,0,0,0,0
1788908174.462004,1985512,public,sector,0,0,0,0,0,0,0,0,0
1788908174.462004,1985415,public,trade_type,0,0,0,0,0,0,0,0,0
1788908174.462004,2600,pg_catalog,pg_aggregate,0,0,1,1,0,0,0,0,0
1788908174.462004,2966,pg_toast,pg_toast_2964,0,0,0,0,0,0,0,0,0
1788908174.462004,1985451,public,exchange,0,0,0,0,0,0,0,0,0
1788908174.462004,2618,pg_catalog,pg_rewrite,0,0,1,1,0,0,0,0,0
1788908174.462004,4177,pg_toast,pg_toast_1262,0,0,0,0,0,0,0,0,0
1788908174.462004,13484,information_schema,sql_parts,0,0,,,0,0,0,0,0
1788908174.462004,4159,pg_toast,pg_toast_2600,0,0,0,0,0,0,0,0,0
1788908174.462004,4147,pg_toast,pg_toast_3079,0,0,0,0,0,0,0,0,0
1788908174.462004,13474,information_schema,sql_features,0,0,,,0,0,0,0,0
1788908174.462004,1985394,pg_toast,pg_toast_1985372,0,0,0,0,0,0,0,0,0
1788908174.462004,1247,pg_catalog,pg_type,0,0,19,19,0,0,0,0,0
1788908174.462004,2602,pg_catalog,pg_amop,0,0,12,25,0,0,0,0,0
1788908174.462004,3439,pg_toast,pg_toast_3381,0,0,0,0,0,0,0,0,0
1788908174.462004,2846,pg_toast,pg_toast_2396,0,0,0,0,0,0,0,0,0
1788908174.462004,1985555,public,zip_code,0,0,0,0,0,0,0,0,0
1788908174.462004,1985478,pg_toast,pg_toast_1985460,0,0,0,0,0,0,0,0,0
1788908174.462004,4145,pg_toast,pg_toast_3466,0,0,0,0,0,0,0,0,0
1788908174.462004,3541,pg_catalog,pg_range,0,0,0,0,0,0,0,0,0
1788908174.462004,3602,pg_catalog,pg_ts_config,0,0,0,0,0,0,0,0,0
1788908174.462004,1985333,pg_toast,pg_toast_1985325,0,0,0,0,0,0,0,0,0
1788908174.462004,4183,pg_toast,pg_toast_6100,0,0,0,0,0,0,0,0,0
1788908174.462004,1985496,public,news_item,0,0,0,0,0,0,0,0,0
1788908174.462004,2224,pg_catalog,pg_sequence,0,0,0,0,0,0,0,0,0
1788908174.462004,2611,pg_catalog,pg_inherits,0,0,0,0,0,0,0,0,0
1788908174.462004,1417,pg_catalog,pg_foreign_server,0,0,0,0,0,0,0,0,0
1788908174.462004,1262,pg_catalog,pg_database,0,0,0,0,0,0,0,0,0
1788908174.462004,13492,pg_toast,pg_toast_13489,0,0,0,0,0,0,0,0,0
1788908174.462004,3501,pg_catalog,pg_enum,0,0,0,0,0,0,0,0,0
1788908174.462004,2607,pg_catalog,pg_conversion,0,0,0,0,0,0,0,0,0
1788908174.462004,1985449,pg_toast,pg_toast_1985440,0,0,0,0,0,0,0,0,0
1788908174.462004,826,pg_catalog,pg_default_acl,0,0,0,0,0,0,0,0,0
1788908174.462004,2604,pg_catalog,pg_attrdef,0,0,0,0,0,0,0,0,0
1788908174.462004,2336,pg_toast,pg_toast_2620,0,0,0,0,0,0,0,0,0
1788908174.462004,2603,pg_catalog,pg_amproc,0,0,5,11,0,0,0,0,0
1788908174.462004,2606,pg_catalog,pg_constraint,0,0,3,8,0,0,0,0,0
1788908174.462004,1255,pg_catalog,pg_proc,0,0,19,24,0,0,0,0,0
1788908174.462004,4173,pg_toast,pg_toast_1418,0,0,0,0,0,0,0,0,0
1788908174.462004,1985285,public,customer_taxrate,0,0,0,0,0,0,0,0,0
1788908174.462004,2620,pg_catalog,pg_trigger,0,0,0,0,0,0,0,0,0
1788908174.462004,1985256,public,account_permission,0,0,0,0,0,0,0,0,0
1788908174.462004,1985507,public,news_xref,0,0,0,0,0,0,0,0,0
1788908174.462004,1985480,public,industry,0,0,0,0,0,0,0,0,0
1788908174.462004,2612,pg_catalog,pg_language,0,0,0,0,0,0,0,0,0
1788908174.462004,4149,pg_toast,pg_toast_2328,0,0,0,0,0,0,0,0,0
1788908174.462004,6351,pg_toast,pg_toast_2610,0,0,0,0,0,0,0,0,0
1788908174.462004,13489,information_schema,sql_sizing,0,0,,,0,0,0,0,0
1788908174.462004,1985494,pg_toast,pg_toast_1985486,0,0,0,0,0,0,0,0,0
1788908174.462004,3598,pg_toast,pg_toast_3596,0,0,0,0,0,0,0,0,0
1788908174.462004,2836,pg_toast,pg_toast_1255,0,0,0,0,0,0,0,0,0
1788908174.462004,3456,pg_catalog,pg_collation,0,0,0,0,0,0,0,0,0
1788908174.462004,3079,pg_catalog,pg_extension,0,0,0,0,0,0,0,0,0
1788908174.462004,6100,pg_catalog,pg_subscription,0,0,0,0,0,0,0,0,0
1788908174.462004,2832,pg_toast,pg_toast_2606,0,0,0,0,0,0,0,0,0
1788908174.462004,3256,pg_catalog,pg_policy,0,0,0,0,0,0,0,0,0
1788908174.462004,1985302,public,holding_history,0,0,0,0,0,0,0,0,0
1788908174.462004,1985517,public,security,0,0,0,0,0,0,0,0,0
1788908174.462004,3466,pg_catalog,pg_event_trigger,0,0,0,0,0,0,0,0,0
1788908174.462004,3592,pg_catalog,pg_shseclabel,0,0,0,0,0,0,0,0,0
1788908174.462004,3764,pg_catalog,pg_ts_template,0,0,0,0,0,0,0,0,0
1788908174.462004,6237,pg_catalog,pg_publication_namespace,0,0,0,0,0,0,0,0,0
1788908174.462004,13487,pg_toast,pg_toast_13484,0,0,0,0,0,0,0,0,0
1788908174.462004,2995,pg_catalog,pg_largeobject_metadata,0,0,0,0,0,0,0,0,0
1788908174.462004,1985275,public,customer_account,0,0,0,0,0,0,0,0,0
1788908174.462004,4143,pg_toast,pg_toast_826,0,0,0,0,0,0,0,0,0
1788908174.462004,4185,pg_toast,pg_toast_1213,0,0,0,0,0,0,0,0,0
1788908174.462004,6243,pg_catalog,pg_parameter_acl,0,0,0,0,0,0,0,0,0
1788908174.462004,2616,pg_catalog,pg_opclass,0,0,8,134,0,0,0,0,0
1788908174.462004,1985290,public,holding,0,0,0,0,0,0,0,0,0
1788908174.462004,2838,pg_toast,pg_toast_2618,0,0,1,3,0,0,0,0,0
1788908174.462004,6228,pg_toast,pg_toast_6106,0,0,0,0,0,0,0,0,0
1788908174.462004,1985349,pg_toast,pg_toast_1985343,0,0,0,0,0,0,0,0,0
1788908174.462004,1985434,public,company_competitor,0,0,0,0,0,0,0,0,0
1788908174.462004,1985370,pg_toast,pg_toast_1985363,0,0,0,0,0,0,0,0,0
1788908174.462004,1985505,pg_toast,pg_toast_1985496,0,0,0,0,0,0,0,0,0
1788908174.462004,1985264,public,customer,0,0,0,0,0,0,0,0,0
1788908174.462004,3118,pg_catalog,pg_foreign_table,0,0,0,0,0,0,0,0,0
1788908174.462004,1259,pg_catalog,pg_class,1,523,12,12,0,0,0,0,0
1788908174.462004,3350,pg_catalog,pg_partitioned_table,0,0,0,0,0,0,0,0,0
1788908174.462004,4153,pg_toast,pg_toast_3118,0,0,0,0,0,0,0,0,0
1788908174.462004,4060,pg_toast,pg_toast_3592,0,0,0,0,0,0,0,0,0
1788908174.462004,1985543,public,status_type,0,0,0,0,0,0,0,0,0
1788908174.462004,4165,pg_toast,pg_toast_3350,0,0,0,0,0,0,0,0,0
1788908174.462004,1985402,public,trade_request,0,0,0,0,0,0,0,0,0
1788908174.462004,2753,pg_catalog,pg_opfamily,0,0,2,2,0,0,0,0,0
1788908174.462004,3601,pg_catalog,pg_ts_parser,0,0,0,0,0,0,0,0,0
1788908174.462004,6104,pg_catalog,pg_publication,0,0,0,0,0,0,0,0,0
1788908174.462004,13477,pg_toast,pg_toast_13474,0,0,0,0,0,0,0,0,0
1788908174.462004,3429,pg_catalog,pg_statistic_ext_data,0,0,0,0,0,0,0,0,0
1788908174.462004,2619,pg_catalog,pg_statistic,0,0,17,8,0,0,0,0,0
1788908174.462004,4155,pg_toast,pg_toast_3394,0,0,0,0,0,0,0,0,0
1788908174.462004,1985548,public,taxrate,0,0,0,0,0,0,0,0,0
1788908174.462004,3381,pg_catalog,pg_statistic_ext,0,0,3,0,0,0,0,0,0
1788908174.462004,6106,pg_catalog,pg_publication_rel,0,0,0,0,0,0,0,0,0
1788908174.462004,1985372,public,trade,0,0,0,0,0,0,0,0,0
1788908174.462004,2605,pg_catalog,pg_cast,0,0,34,7,0,0,0,0,0
1788908174.462004,4171,pg_toast,pg_toast_1247,0,0,0,0,0,0,0,0,0
1788908174.462004,2830,pg_toast,pg_toast_2604,0,0,0,0,0,0,0,0,0
1788908174.462004,1985309,public,holding_summary,0,0,0,0,0,0,0,0,0
1788908174.462004,1985413,pg_toast,pg_toast_1985402,0,0,0,0,0,0,0,0,0
1788908174.462004,13479,information_schema,sql_implementation_info,0,0,,,0,0,0,0,0
1788908174.462004,1985341,pg_toast,pg_toast_1985335,0,0,0,0,0,0,0,0,0
1788908174.462004,6244,pg_toast,pg_toast_6243,0,0,0,0,0,0,0,0,0
1788908174.462004,1985315,public,watch_item,0,0,0,0,0,0,0,0,0
1788908174.462004,3430,pg_toast,pg_toast_3429,0,0,0,0,0,0,0,0,0
1788908174.462004,1985320,public,watch_list,0,0,0,0,0,0,0,0,0
1788908234.555644,1985536,pg_toast,pg_toast_1985517,0,0,0,0,0,0,0,0,0
1788908234.555644,3576,pg_catalog,pg_transform,0,0,0,0,0,0,0,0,0
1788908234.555644,2601,pg_catalog,pg_am,0,0,0,0,0,0,0,0,0
1788908234.555644,1985363,public,settlement,0,0,0,0,0,0,0,0,0
1788908234.555644,3394,pg_catalog,pg_init_privs,0,0,0,0,0,0,0,0,0
1788908234.555644,4167,pg_toast,pg_toast_3256,0,0,0,0,0,0,0,0,0
1788908234.555644,4151,pg_toast,pg_toast_1417,0,0,0,0,0,0,0,0,0
1788908234.555644,2834,pg_toast,pg_toast_2609,0,0,0,0,0,0,0,0,0
1788908234.555644,6000,pg_catalog,pg_replication_origin,0,0,0,0,0,0,0,0,0
1788908234.555644,2840,pg_toast,pg_toast_2619,0,0,0,0,0,0,0,0,0
1788908234.555644,1985486,public,last_trade,0,0,0,0,0,0,0,0,0
1788908234.555644,2328,pg_catalog,pg_foreign_data_wrapper,0,0,0,0,0,0,0,0,0
1788908234.555644,4157,pg_toast,pg_toast_2612,0,0,0,0,0,0,0,0,0
1788908234.555644,1260,pg_catalog,pg_authid,0,0,0,0,0,0,0,0,0
1788908234.555644,6102,pg_catalog,pg_subscription_rel,0,0,0,0,0,0,0,0,0
1788908234.555644,1214,pg_catalog,pg_shdepend,0,0,0,0,0,0,0,0,0
1788908234.555644,4163,pg_toast,pg_toast_2615,0,0,0,0,0,0,0,0,0
1788908234.555644,1985343,public,charge,0,0,0,0,0,0,0,0,0
1788908234.555644,1985440,public,daily_market,0,0,0,0,0,0,0,0,0
1788908234.555644,1985422,public,company,0,0,0,0,0,0,0,0,0
1788908234.555644,4169,pg_toast,pg_toast_3600,0,0,0,0,0,0,0,0,0
1788908234.555644,2615,pg_catalog,pg_namespace,1,4,5,2,0,0,0,0,0
1788908234.555644,2396,pg_catalog,pg_shdescription,0,0,0,0,0,0,0,0,0
1788908234.555644,3600,pg_catalog,pg_ts_dict,0,0,0,0,0,0,0,0,0
1788908234.555644,1985325,public,broker,0,0,0,0,0,0,0,0,0
1788908234.555644,3596,pg_catalog,pg_seclabel,0,0,0,0,0,0,0,0,0
1788908234.555644,1985460,public,financial,0,0,0,0,0,0,0,0,0
1788908234.555644,2609,pg_catalog,pg_description,0,0,0,0,0,0,0,0,0
1788908234.555644,1985351,public,commission_rate,0,0,0,0,0,0,0,0,0
1788908234.555644,13482,pg_toast,pg_toast_13479,0,0,0,0,0,0,0,0,0
1788908234.555644,1985396,public,trade_history,0,0,0,0,0,0,0,0,0
1788908234.555644,3603,pg_catalog,pg_ts_config_map,0,0,0,0,0,0,0,0,0
1788908234.555644,1213,pg_catalog,pg_tablespace,0,0,1,1,0,0,0,0,0
1788908234.555644,2608,pg_catalog,pg_depend,0,0,0,0,0,0,0,0,0
1788908234.555644,2964,pg_catalog,pg_db_role_setting,0,0,0,0,0,0,0,0,0
1788908234.555644,1985283,pg_toast,pg_toast_1985275,0,0,0,0,0,0,0,0,0
1788908234.555644,1418,pg_catalog,pg_user_mapping,0,0,0,0,0,0,0,0,0
1788908234.555644,2613,pg_catalog,pg_largeobject,0,0,0,0,0,0,0,0,0
1788908234.555644,6175,pg_toast,pg_toast_3456,0,0,0,0,0,0,0,0,0
1788908234.555644,1261,pg_catalog,pg_auth_members,0,0,0,0,0,0,0,0,0
1788908234.555644,1985335,public,cash_transaction,0,0,0,0,0,0,0,0,0
1788908234.555644,2617,pg_catalog,pg_operator,0,0,5,5,0,0,0,0,0
1788908234.555644,1985300,pg_toast,pg_toast_1985290,0,0,0,0,0,0,0,0,0
1788908234.555644,1985538,public,address,0,0,0,0,0,0,0,0,0
1788908234.555644,2610,pg_catalog,pg_index,1,221,11,14,0,0,0,0,0
1788908234.555644,1249,pg_catalog,pg_attribute,0,0,75,92,0,0,0,0,0
1788908234.555644,1985512,public,sector,0,0,0,0,0,0,0,0,0
1788908234.555644,1985415,public,trade_type,0,0,0,0,0,0,0,0,0
1788908234.555644,2600,pg_catalog,pg_aggregate,0,0,1,1,0,0,0,0,0
1788908234.555644,2966,pg_toast,pg_toast_2964,0,0,0,0,0,0,0,0,0
1788908234.555644,1985451,public,exchange,0,0,0,0,0,0,0,0,0
1788908234.555644,2618,pg_catalog,pg_rewrite,0,0,1,1,0,0,0,0,0
1788908234.555644,4177,pg_toast,pg_toast_1262,0,0,0,0,0,0,0,0,0
1788908234.555644,13484,information_schema,sql_parts,0,0,,,0,0,0,0,0
1788908234.555644,4159,pg_toast,pg_toast_2600,0,0,0,0,0,0,0,0,0
1788908234.555644,4147,pg_toast,pg_toast_3079,0,0,0,0,0,0,0,0,0
1788908234.555644,13474,information_schema,sql_features,0,0,,,0,0,0,0,0
1788908234.555644,1985394,pg_toast,pg_toast_1985372,0,0,0,0,0,0,0,0,0
1788908234.555644,1247,pg_catalog,pg_type,0,0,19,19,0,0,0,0,0
1788908234.555644,2602,pg_catalog,pg_amop,0,0,12,25,0,0,0,0,0
1788908234.555644,3439,pg_toast,pg_toast_3381,0,0,0,0,0,0,0,0,0
1788908234.555644,2846,pg_toast,pg_toast_2396,0,0,0,0,0,0,0,0,0
1788908234.555644,1985555,public,zip_code,0,0,0,0,0,0,0,0,0
1788908234.555644,1985478,pg_toast,pg_toast_1985460,0,0,0,0,0,0,0,0,0
1788908234.555644,4145,pg_toast,pg_toast_3466,0,0,0,0,0,0,0,0,0
1788908234.555644,3541,pg_catalog,pg_range,0,0,0,0,0,0,0,0,0
1788908234.555644,3602,pg_catalog,pg_ts_config,0,0,0,0,0,0,0,0,0
1788908234.555644,1985333,pg_toast,pg_toast_1985325,0,0,0,0,0,0,0,0,0
1788908234.555644,4183,pg_toast,pg_toast_6100,0,0,0,0,0,0,0,0,0
1788908234.555644,1985496,public,news_item,0,0,0,0,0,0,0,0,0
1788908234.555644,2224,pg_catalog,pg_sequence,0,0,0,0,0,0,0,0,0
1788908234.555644,2611,pg_catalog,pg_inherits,0,0,0,0,0,0,0,0,0
1788908234.555644,1417,pg_catalog,pg_foreign_server,0,0,0,0,0,0,0,0,0
1788908234.555644,1262,pg_catalog,pg_database,0,0,0,0,0,0,0,0,0
1788908234.555644,13492,pg_toast,pg_toast_13489,0,0,0,0,0,0,0,0,0
1788908234.555644,3501,pg_catalog,pg_enum,0,0,0,0,0,0,0,0,0
1788908234.555644,2607,pg_catalog,pg_conversion,0,0,0,0,0,0,0,0,0
1788908234.555644,1985449,pg_toast,pg_toast_1985440,0,0,0,0,0,0,0,0,0
1788908234.555644,826,pg_catalog,pg_default_acl,0,0,0,0,0,0,0,0,0
1788908234.555644,2604,pg_catalog,pg_attrdef,0,0,0,0,0,0,0,0,0
1788908234.555644,2336,pg_toast,pg_toast_2620,0,0,0,0,0,0,0,0,0
1788908234.555644,2603,pg_catalog,pg_amproc,0,0,5,11,0,0,0,0,0
1788908234.555644,2606,pg_catalog,pg_constraint,0,0,3,8,0,0,0,0,0
1788908234.555644,1255,pg_catalog,pg_proc,0,0,19,24,0,0,0,0,0
1788908234.555644,4173,pg_toast,pg_toast_1418,0,0,0,0,0,0,0,0,0
1788908234.555644,1985285,public,customer_taxrate,0,0,0,0,0,0,0,0,0
1788908234.555644,2620,pg_catalog,pg_trigger,0,0,0,0,0,0,0,0,0
1788908234.555644,1985256,public,account_permission,0,0,0,0,0,0,0,0,0
1788908234.555644,1985507,public,news_xref,0,0,0,0,0,0,0,0,0
1788908234.555644,1985480,public,industry,0,0,0,0,0,0,0,0,0
1788908234.555644,2612,pg_catalog,pg_language,0,0,0,0,0,0,0,0,0
1788908234.555644,4149,pg_toast,pg_toast_2328,0,0,0,0,0,0,0,0,0
1788908234.555644,6351,pg_toast,pg_toast_2610,0,0,0,0,0,0,0,0,0
1788908234.555644,13489,information_schema,sql_sizing,0,0,,,0,0,0,0,0
1788908234.555644,1985494,pg_toast,pg_toast_1985486,0,0,0,0,0,0,0,0,0
1788908234.555644,3598,pg_toast,pg_toast_3596,0,0,0,0,0,0,0,0,0
1788908234.555644,2836,pg_toast,pg_toast_1255,0,0,0,0,0,0,0,0,0
1788908234.555644,3456,pg_catalog,pg_collation,0,0,0,0,0,0,0,0,0
1788908234.555644,3079,pg_catalog,pg_extension,0,0,0,0,0,0,0,0,0
1788908234.555644,6100,pg_catalog,pg_subscription,0,0,0,0,0,0,0,0,0
1788908234.555644,2832,pg_toast,pg_toast_2606,0,0,0,0,0,0,0,0,0
1788908234.555644,3256,pg_catalog,pg_policy,0,0,0,0,0,0,0,0,0
1788908234.555644,1985302,public,holding_history,0,0,0,0,0,0,0,0,0
1788908234.555644,1985517,public,security,0,0,0,0,0,0,0,0,0
1788908234.555644,3466,pg_catalog,pg_event_trigger,0,0,0,0,0,0,0,0,0
1788908234.555644,3592,pg_catalog,pg_shseclabel,0,0,0,0,0,0,0,0,0
1788908234.555644,3764,pg_catalog,pg_ts_template,0,0,0,0,0,0,0,0,0
1788908234.555644,6237,pg_catalog,pg_publication_namespace,0,0,0,0,0,0,0,0,0
1788908234.555644,13487,pg_toast,pg_toast_13484,0,0,0,0,0,0,0,0,0
1788908234.555644,2995,pg_catalog,pg_largeobject_metadata,0,0,0,0,0,0,0,0,0
1788908234.555644,1985275,public,customer_account,0,0,0,0,0,0,0,0,0
1788908234.555644,4143,pg_toast,pg_toast_826,0,0,0,0,0,0,0,0,0
1788908234.555644,4185,pg_toast,pg_toast_1213,0,0,0,0,0,0,0,0,0
1788908234.555644,6243,pg_catalog,pg_parameter_acl,0,0,0,0,0,0,0,0,0
1788908234.555644,2616,pg_catalog,pg_opclass,0,0,8,134,0,0,0,0,0
1788908234.555644,1985290,public,holding,0,0,0,0,0,0,0,0,0
1788908234.555644,2838,pg_toast,pg_toast_2618,0,0,1,3,0,0,0,0,0
1788908234.555644,6228,pg_toast,pg_toast_6106,0,0,0,0,0,0,0,0,0
1788908234.555644,1985349,pg_toast,pg_toast_1985343,0,0,0,0,0,0,0,0,0
1788908234.555644,1985434,public,company_competitor,0,0,0,0,0,0,0,0,0
1788908234.555644,1985370,pg_toast,pg_toast_1985363,0,0,0,0,0,0,0,0,0
1788908234.555644,1985505,pg_toast,pg_toast_1985496,0,0,0,0,0,0,0,0,0
1788908234.555644,1985264,public,customer,0,0,0,0,0,0,0,0,0
1788908234.555644,3118,pg_catalog,pg_foreign_table,0,0,0,0,0,0,0,0,0
1788908234.555644,1259,pg_catalog,pg_class,1,523,12,12,0,0,0,0,0
1788908234.555644,3350,pg_catalog,pg_partitioned_table,0,0,0,0,0,0,0,0,0
1788908234.555644,4153,pg_toast,pg_toast_3118,0,0,0,0,0,0,0,0,0
1788908234.555644,4060,pg_toast,pg_toast_3592,0,0,0,0,0,0,0,0,0
1788908234.555644,1985543,public,status_type,0,0,0,0,0,0,0,0,0
1788908234.555644,4165,pg_toast,pg_toast_3350,0,0,0,0,0,0,0,0,0
1788908234.555644,1985402,public,trade_request,0,0,0,0,0,0,0,0,0
1788908234.555644,2753,pg_catalog,pg_opfamily,0,0,2,2,0,0,0,0,0
1788908234.555644,3601,pg_catalog,pg_ts_parser,0,0,0,0,0,0,0,0,0
1788908234.555644,6104,pg_catalog,pg_publication,0,0,0,0,0,0,0,0,0
1788908234.555644,13477,pg_toast,pg_toast_13474,0,0,0,0,0,0,0,0,0
1788908234.555644,3429,pg_catalog,pg_statistic_ext_data,0,0,0,0,0,0,0,0,0
1788908234.555644,2619,pg_catalog,pg_statistic,0,0,17,8,0,0,0,0,0
1788908234.555644,4155,pg_toast,pg_toast_3394,0,0,0,0,0,0,0,0,0
1788908234.555644,1985548,public,taxrate,0,0,0,0,0,0,0,0,0
1788908234.555644,3381,pg_catalog,pg_statistic_ext,0,0,3,0,0,0,0,0,0
1788908234.555644,6106,pg_catalog,pg_publication_rel,0,0,0,0,0,0,0,0,0
1788908234.555644,1985372,public,trade,0,0,0,0,0,0,0,0,0
1788908234.555644,2605,pg_catalog,pg_cast,0,0,34,7,0,0,0,0,0
1788908234.555644,4171,pg_toast,pg_toast_1247,0,0,0,0,0,0,0,0,0
1788908234.555644,2830,pg_toast,pg_toast_2604,0,0,0,0,0,0,0,0,0
1788908234.555644,1985309,public,holding_summary,0,0,0,0,0,0,0,0,0
1788908234.555644,1985413,pg_toast,pg_toast_1985402,0,0,0,0,0,0,0,0,0
1788908234.555644,13479,information_schema,sql_implementation_info,0,0,,,0,0,0,0,0
1788908234.555644,1985341,pg_toast,pg_toast_1985335,0,0,0,0,0,0,0,0,0
1788908234.555644,6244,pg_toast,pg_toast_6243,0,0,0,0,0,0,0,0,0
1788908234.555644,1985315,public,watch_item,0,0,0,0,0,0,0,0,0
1788908234.555644,3430,pg_toast,pg_toast_3429,0,0,0,0,0,0,0,0,0
1788908234.555644,1985320,public,watch_list,0,0,0,0,0,0,0,0,0
1788908294.645757,1985536,pg_toast,pg_toast_1985517,0,0,0,0,0,0,0,0,0
1788908294.645757,3576,pg_catalog,pg_transform,0,0,0,0,0,0,0,0,0
1788908294.645757,2601,pg_catalog,pg_am,0,0,0,0,0,0,0,0,0
1788908294.645757,1985363,public,settlement,0,0,0,0,0,0,0,0,0
1788908294.645757,3394,pg_catalog,pg_init_privs,0,0,0,0,0,0,0,0,0
1788908294.645757,4167,pg_toast,pg_toast_3256,0,0,0,0,0,0,0,0,0
1788908294.645757,4151,pg_toast,pg_toast_1417,0,0,0,0,0,0,0,0,0
1788908294.645757,2834,pg_toast,pg_toast_2609,0,0,0,0,0,0,0,0,0
1788908294.645757,6000,pg_catalog,pg_replication_origin,0,0,0,0,0,0,0,0,0
1788908294.645757,2840,pg_toast,pg_toast_2619,0,0,0,0,0,0,0,0,0
1788908294.645757,1985486,public,last_trade,0,0,0,0,0,0,0,0,0
1788908294.645757,2328,pg_catalog,pg_foreign_data_wrapper,0,0,0,0,0,0,0,0,0
1788908294.645757,4157,pg_toast,pg_toast_2612,0,0,0,0,0,0,0,0,0
1788908294.645757,1260,pg_catalog,pg_authid,0,0,0,0,0,0,0,0,0
1788908294.645757,6102,pg_catalog,pg_subscription_rel,0,0,0,0,0,0,0,0,0
1788908294.645757,1214,pg_catalog,pg_shdepend,0,0,0,0,0,0,0,0,0
1788908294.645757,4163,pg_toast,pg_toast_2615,0,0,0,0,0,0,0,0,0
1788908294.645757,1985343,public,charge,0,0,0,0,0,0,0,0,0
1788908294.645757,1985440,public,daily_market,0,0,0,0,0,0,0,0,0
1788908294.645757,1985422,public,company,0,0,0,0,0,0,0,0,0
1788908294.645757,4169,pg_toast,pg_toast_3600,0,0,0,0,0,0,0,0,0
1788908294.645757,2615,pg_catalog,pg_namespace,1,4,5,2,0,0,0,0,0
1788908294.645757,2396,pg_catalog,pg_shdescription,0,0,0,0,0,0,0,0,0
1788908294.645757,3600,pg_catalog,pg_ts_dict,0,0,0,0,0,0,0,0,0
1788908294.645757,1985325,public,broker,0,0,0,0,0,0,0,0,0
1788908294.645757,3596,pg_catalog,pg_seclabel,0,0,0,0,0,0,0,0,0
1788908294.645757,1985460,public,financial,0,0,0,0,0,0,0,0,0
1788908294.645757,2609,pg_catalog,pg_description,0,0,0,0,0,0,0,0,0
1788908294.645757,1985351,public,commission_rate,0,0,0,0,0,0,0,0,0
1788908294.645757,13482,pg_toast,pg_toast_13479,0,0,0,0,0,0,0,0,0
1788908294.645757,1985396,public,trade_history,0,0,0,0,0,0,0,0,0
1788908294.645757,3603,pg_catalog,pg_ts_config_map,0,0,0,0,0,0,0,0,0
1788908294.645757,1213,pg_catalog,pg_tablespace,0,0,1,1,0,0,0,0,0
1788908294.645757,2608,pg_catalog,pg_depend,0,0,0,0,0,0,0,0,0
1788908294.645757,2964,pg_catalog,pg_db_role_setting,0,0,0,0,0,0,0,0,0
1788908294.645757,1985283,pg_toast,pg_toast_1985275,0,0,0,0,0,0,0,0,0
1788908294.645757,1418,pg_catalog,pg_user_mapping,0,0,0,0,0,0,0,0,0
1788908294.645757,2613,pg_catalog,pg_largeobject,0,0,0,0,0,0,0,0,0
1788908294.645757,6175,pg_toast,pg_toast_3456,0,0,0,0,0,0,0,0,0
1788908294.645757,1261,pg_catalog,pg_auth_members,0,0,0,0,0,0,0,0,0
1788908294.645757,1985335,public,cash_transaction,0,0,0,0,0,0,0,0,0
1788908294.645757,2617,pg_catalog,pg_operator,0,0,5,5,0,0,0,0,0
1788908294.645757,1985300,pg_toast,pg_toast_1985290,0,0,0,0,0,0,0,0,0
1788908294.645757,1985538,public,address,0,0,0,0,0,0,0,0,0
1788908294.645757,2610,pg_catalog,pg_index,1,221,11,14,0,0,0,0,0
1788908294.645757,1249,pg_catalog,pg_attribute,0,0,75,92,0,0,0,0,0
1788908294.645757,1985512,public,sector,0,0,0,0,0,0,0,0,0
1788908294.645757,1985415,public,trade_type,0,0,0,0,0,0,0,0,0
1788908294.645757,2600,pg_catalog,pg_aggregate,0,0,1,1,0,0,0,0,0
1788908294.645757,2966,pg_toast,pg_toast_2964,0,0,0,0,0,0,0,0,0
1788908294.645757,1985451,public,exchange,0,0,0,0,0,0,0,0,0
1788908294.645757,2618,pg_catalog,pg_rewrite,0,0,1,1,0,0,0,0,0
1788908294.645757,4177,pg_toast,pg_toast_1262,0,0,0,0,0,0,0,0,0
1788908294.645757,13484,information_schema,sql_parts,0,0,,,0,0,0,0,0
1788908294.645757,4159,pg_toast,pg_toast_2600,0,0,0,0,0,0,0,0,0
1788908294.645757,4147,pg_toast,pg_toast_3079,0,0,0,0,0,0,0,0,0
1788908294.645757,13474,information_schema,sql_features,0,0,,,0,0,0,0,0
1788908294.645757,1985394,pg_toast,pg_toast_1985372,0,0,0,0,0,0,0,0,0
1788908294.645757,1247,pg_catalog,pg_type,0,0,19,19,0,0,0,0,0
1788908294.645757,2602,pg_catalog,pg_amop,0,0,12,25,0,0,0,0,0
1788908294.645757,3439,pg_toast,pg_toast_3381,0,0,0,0,0,0,0,0,0
1788908294.645757,2846,pg_toast,pg_toast_2396,0,0,0,0,0,0,0,0,0
1788908294.645757,1985555,public,zip_code,0,0,0,0,0,0,0,0,0
1788908294.645757,1985478,pg_toast,pg_toast_1985460,0,0,0,0,0,0,0,0,0
1788908294.645757,4145,pg_toast,pg_toast_3466,0,0,0,0,0,0,0,0,0
1788908294.645757,3541,pg_catalog,pg_range,0,0,0,0,0,0,0,0,0
1788908294.645757,3602,pg_catalog,pg_ts_config,0,0,0,0,0,0,0,0,0
1788908294.645757,1985333,pg_toast,pg_toast_1985325,0,0,0,0,0,0,0,0,0
1788908294.645757,4183,pg_toast,pg_toast_6100,0,0,0,0,0,0,0,0,0
1788908294.645757,1985496,public,news_item,0,0,0,0,0,0,0,0,0
1788908294.645757,2224,pg_catalog,pg_sequence,0,0,0,0,0,0,0,0,0
1788908294.645757,2611,pg_catalog,pg_inherits,0,0,0,0,0,0,0,0,0
1788908294.645757,1417,pg_catalog,pg_foreign_server,0,0,0,0,0,0,0,0,0
1788908294.645757,1262,pg_catalog,pg_database,0,0,0,0,0,0,0,0,0
1788908294.645757,13492,pg_toast,pg_toast_13489,0,0,0,0,0,0,0,0,0
1788908294.645757,3501,pg_catalog,pg_enum,0,0,0,0,0,0,0,0,0
1788908294.645757,2607,pg_catalog,pg_conversion,0,0,0,0,0,0,0,0,0
1788908294.645757,1985449,pg_toast,pg_toast_1985440,0,0,0,0,0,0,0,0,0
1788908294.645757,826,pg_catalog,pg_default_acl,0,0,0,0,0,0,0,0,0
1788908294.645757,2604,pg_catalog,pg_attrdef,0,0,0,0,0,0,0,0,0
1788908294.645757,2336,pg_toast,pg_toast_2620,0,0,0,0,0,0,0,0,0
1788908294.645757,2603,pg_catalog,pg_amproc,0,0,5,11,0,0,0,0,0
1788908294.645757,2606,pg_catalog,pg_constraint,0,0,3,8,0,0,0,0,0
1788908294.645757,1255,pg_catalog,pg_proc,0,0,19,24,0,0,0,0,0
1788908294.645757,4173,pg_toast,pg_toast_1418,0,0,0,0,0,0,0,0,0
1788908294.645757,1985285,public,customer_taxrate,0,0,0,0,0,0,0,0,0
1788908294.645757,2620,pg_catalog,pg_trigger,0,0,0,0,0,0,0,0,0
1788908294.645757,1985256,public,account_permission,0,0,0,0,0,0,0,0,0
1788908294.645757,1985507,public,news_xref,0,0,0,0,0,0,0,0,0
1788908294.645757,1985480,public,industry,0,0,0,0,0,0,0,0,0
1788908294.645757,2612,pg_catalog,pg_language,0,0,0,0,0,0,0,0,0
1788908294.645757,4149,pg_toast,pg_toast_2328,0,0,0,0,0,0,0,0,0
1788908294.645757,6351,pg_toast,pg_toast_2610,0,0,0,0,0,0,0,0,0
1788908294.645757,13489,information_schema,sql_sizing,0,0,,,0,0,0,0,0
1788908294.645757,1985494,pg_toast,pg_toast_1985486,0,0,0,0,0,0,0,0,0
1788908294.645757,3598,pg_toast,pg_toast_3596,0,0,0,0,0,0,0,0,0
1788908294.645757,2836,pg_toast,pg_toast_1255,0,0,0,0,0,0,0,0,0
1788908294.645757,3456,pg_catalog,pg_collation,0,0,0,0,0,0,0,0,0
1788908294.645757,3079,pg_catalog,pg_extension,0,0,0,0,0,0,0,0,0
1788908294.645757,6100,pg_catalog,pg_subscription,0,0,0,0,0,0,0,0,0
1788908294.645757,2832,pg_toast,pg_toast_2606,0,0,0,0,0,0,0,0,0
1788908294.645757,3256,pg_catalog,pg_policy,0,0,0,0,0,0,0,0,0
1788908294.645757,1985302,public,holding_history,0,0,0,0,0,0,0,0,0
1788908294.645757,1985517,public,security,0,0,0,0,0,0,0,0,0
1788908294.645757,3466,pg_catalog,pg_event_trigger,0,0,0,0,0,0,0,0,0
1788908294.645757,3592,pg_catalog,pg_shseclabel,0,0,0,0,0,0,0,0,0
1788908294.645757,3764,pg_catalog,pg_ts_template,0,0,0,0,0,0,0,0,0
1788908294.645757,6237,pg_catalog,pg_publication_namespace,0,0,0,0,0,0,0,0,0
1788908294.645757,13487,pg_toast,pg_toast_13484,0,0,0,0,0,0,0,0,0
1788908294.645757,2995,pg_catalog,pg_largeobject_metadata,0,0,0,0,0,0,0,0,0
1788908294.645757,1985275,public,customer_account,0,0,0,0,0,0,0,0,0
1788908294.645757,4143,pg_toast,pg_toast_826,0,0,0,0,0,0,0,0,0
1788908294.645757,4185,pg_toast,pg_toast_1213,0,0,0,0,0,0,0,0,0
1788908294.645757,6243,pg_catalog,pg_parameter_acl,0,0,0,0,0,0,0,0,0
1788908294.645757,2616,pg_catalog,pg_opclass,0,0,8,134,0,0,0,0,0
1788908294.645757,1985290,public,holding,0,0,0,0,0,0,0,0,0
1788908294.645757,2838,pg_toast,pg_toast_2618,0,0,1,3,0,0,0,0,0
1788908294.645757,6228,pg_toast,pg_toast_6106,0,0,0,0,0,0,0,0,0
1788908294.645757,1985349,pg_toast,pg_toast_1985343,0,0,0,0,0,0,0,0,0
1788908294.645757,1985434,public,company_competitor,0,0,0,0,0,0,0,0,0
1788908294.645757,1985370,pg_toast,pg_toast_1985363,0,0,0,0,0,0,0,0,0
1788908294.645757,1985505,pg_toast,pg_toast_1985496,0,0,0,0,0,0,0,0,0
1788908294.645757,1985264,public,customer,0,0,0,0,0,0,0,0,0
1788908294.645757,3118,pg_catalog,pg_foreign_table,0,0,0,0,0,0,0,0,0
1788908294.645757,1259,pg_catalog,pg_class,1,523,12,12,0,0,0,0,0
1788908294.645757,3350,pg_catalog,pg_partitioned_table,0,0,0,0,0,0,0,0,0
1788908294.645757,4153,pg_toast,pg_toast_3118,0,0,0,0,0,0,0,0,0
1788908294.645757,4060,pg_toast,pg_toast_3592,0,0,0,0,0,0,0,0,0
1788908294.645757,1985543,public,status_type,0,0,0,0,0,0,0,0,0
1788908294.645757,4165,pg_toast,pg_toast_3350,0,0,0,0,0,0,0,0,0
1788908294.645757,1985402,public,trade_request,0,0,0,0,0,0,0,0,0
1788908294.645757,2753,pg_catalog,pg_opfamily,0,0,2,2,0,0,0,0,0
1788908294.645757,3601,pg_catalog,pg_ts_parser,0,0,0,0,0,0,0,0,0
1788908294.645757,6104,pg_catalog,pg_publication,0,0,0,0,0,0,0,0,0
1788908294.645757,13477,pg_toast,pg_toast_13474,0,0,0,0,0,0,0,0,0
1788908294.645757,3429,pg_catalog,pg_statistic_ext_data,0,0,0,0,0,0,0,0,0
1788908294.645757,2619,pg_catalog,pg_statistic,0,0,17,8,0,0,0,0,0
1788908294.645757,4155,pg_toast,pg_toast_3394,0,0,0,0,0,0,0,0,0
1788908294.645757,1985548,public,taxrate,0,0,0,0,0,0,0,0,0
1788908294.645757,3381,pg_catalog,pg_statistic_ext,0,0,3,0,0,0,0,0,0
1788908294.645757,6106,pg_catalog,pg_publication_rel,0,0,0,0,0,0,0,0,0
1788908294.645757,1985372,public,trade,0,0,0,0,0,0,0,0,0
1788908294.645757,2605,pg_catalog,pg_cast,0,0,34,7,0,0,0,0,0
1788908294.645757,4171,pg_toast,pg_toast_1247,0,0,0,0,0,0,0,0,0
1788908294.645757,2830,pg_toast,pg_toast_2604,0,0,0,0,0,0,0,0,0
1788908294.645757,1985309,public,holding_summary,0,0,0,0,0,0,0,0,0
1788908294.645757,1985413,pg_toast,pg_toast_1985402,0,0,0,0,0,0,0,0,0
1788908294.645757,13479,information_schema,sql_implementation_info,0,0,,,0,0,0,0,0
1788908294.645757,1985341,pg_toast,pg_toast_1985335,0,0,0,0,0,0,0,0,0
1788908294.645757,6244,pg_toast,pg_toast_6243,0,0,0,0,0,0,0,0,0
1788908294.645757,1985315,public,watch_item,0,0,0,0,0,0,0,0,0
1788908294.645757,3430,pg_toast,pg_toast_3429,0,0,0,0,0,0,0,0,0
1788908294.645757,1985320,public,watch_list,0,0,0,0,0,0,0,0,0
1788908354.756775,1985536,pg_toast,pg_toast_1985517,0,0,0,0,0,0,0,0,0
1788908354.756775,3576,pg_catalog,pg_transform,0,0,0,0,0,0,0,0,0
1788908354.756775,2601,pg_catalog,pg_am,0,0,0,0,0,0,0,0,0
1788908354.756775,1985363,public,settlement,0,0,0,0,0,0,0,0,0
1788908354.756775,3394,pg_catalog,pg_init_privs,0,0,0,0,0,0,0,0,0
1788908354.756775,4167,pg_toast,pg_toast_3256,0,0,0,0,0,0,0,0,0
1788908354.756775,4151,pg_toast,pg_toast_1417,0,0,0,0,0,0,0,0,0
1788908354.756775,2834,pg_toast,pg_toast_2609,0,0,0,0,0,0,0,0,0
1788908354.756775,6000,pg_catalog,pg_replication_origin,0,0,0,0,0,0,0,0,0
1788908354.756775,2840,pg_toast,pg_toast_2619,0,0,0,0,0,0,0,0,0
1788908354.756775,1985486,public,last_trade,0,0,0,0,0,0,0,0,0
1788908354.756775,2328,pg_catalog,pg_foreign_data_wrapper,0,0,0,0,0,0,0,0,0
1788908354.756775,4157,pg_toast,pg_toast_2612,0,0,0,0,0,0,0,0,0
1788908354.756775,1260,pg_catalog,pg_authid,0,0,0,0,0,0,0,0,0
1788908354.756775,6102,pg_catalog,pg_subscription_rel,0,0,0,0,0,0,0,0,0
1788908354.756775,1214,pg_catalog,pg_shdepend,0,0,0,0,0,0,0,0,0
1788908354.756775,4163,pg_toast,pg_toast_2615,0,0,0,0,0,0,0,0,0
1788908354.756775,1985343,public,charge,0,0,0,0,0,0,0,0,0
1788908354.756775,1985440,public,daily_market,0,0,0,0,0,0,0,0,0
1788908354.756775,1985422,public,company,0,0,0,0,0,0,0,0,0
1788908354.756775,4169,pg_toast,pg_toast_3600,0,0,0,0,0,0,0,0,0
1788908354.756775,2615,pg_catalog,pg_namespace,1,4,5,2,0,0,0,0,0
1788908354.756775,2396,pg_catalog,pg_shdescription,0,0,0,0,0,0,0,0,0
1788908354.756775,3600,pg_catalog,pg_ts_dict,0,0,0,0,0,0,0,0,0
1788908354.756775,1985325,public,broker,0,0,0,0,0,0,0,0,0
1788908354.756775,3596,pg_catalog,pg_seclabel,0,0,0,0,0,0,0,0,0
1788908354.756775,1985460,public,financial,0,0,0,0,0,0,0,0,0
1788908354.756775,2609,pg_catalog,pg_description,0,0,0,0,0,0,0,0,0
1788908354.756775,1985351,public,commission_rate,0,0,0,0,0,0,0,0,0
1788908354.756775,13482,pg_toast,pg_toast_13479,0,0,0,0,0,0,0,0,0
1788908354.756775,1985396,public,trade_history,0,0,0,0,0,0,0,0,0
1788908354.756775,3603,pg_catalog,pg_ts_config_map,0,0,0,0,0,0,0,0,0
1788908354.756775,1213,pg_catalog,pg_tablespace,0,0,1,1,0,0,0,0,0
1788908354.756775,2608,pg_catalog,pg_depend,0,0,0,0,0,0,0,0,0
1788908354.756775,2964,pg_catalog,pg_db_role_setting,0,0,0,0,0,0,0,0,0
1788908354.756775,1985283,pg_toast,pg_toast_1985275,0,0,0,0,0,0,0,0,0
1788908354.756775,1418,pg_catalog,pg_user_mapping,0,0,0,0,0,0,0,0,0
1788908354.756775,2613,pg_catalog,pg_largeobject,0,0,0,0,0,0,0,0,0
1788908354.756775,6175,pg_toast,pg_toast_3456,0,0,0,0,0,0,0,0,0
1788908354.756775,1261,pg_catalog,pg_auth_members,0,0,0,0,0,0,0,0,0
1788908354.756775,1985335,public,cash_transaction,0,0,0,0,0,0,0,0,0
1788908354.756775,2617,pg_catalog,pg_operator,0,0,5,5,0,0,0,0,0
1788908354.756775,1985300,pg_toast,pg_toast_1985290,0,0,0,0,0,0,0,0,0
1788908354.756775,1985538,public,address,0,0,0,0,0,0,0,0,0
1788908354.756775,2610,pg_catalog,pg_index,1,221,11,14,0,0,0,0,0
1788908354.756775,1249,pg_catalog,pg_attribute,0,0,75,92,0,0,0,0,0
1788908354.756775,1985512,public,sector,0,0,0,0,0,0,0,0,0
1788908354.756775,1985415,public,trade_type,0,0,0,0,0,0,0,0,0
1788908354.756775,2600,pg_catalog,pg_aggregate,0,0,1,1,0,0,0,0,0
1788908354.756775,2966,pg_toast,pg_toast_2964,0,0,0,0,0,0,0,0,0
1788908354.756775,1985451,public,exchange,0,0,0,0,0,0,0,0,0
1788908354.756775,2618,pg_catalog,pg_rewrite,0,0,1,1,0,0,0,0,0
1788908354.756775,4177,pg_toast,pg_toast_1262,0,0,0,0,0,0,0,0,0
1788908354.756775,13484,information_schema,sql_parts,0,0,,,0,0,0,0,0
1788908354.756775,4159,pg_toast,pg_toast_2600,0,0,0,0,0,0,0,0,0
1788908354.756775,4147,pg_toast,pg_toast_3079,0,0,0,0,0,0,0,0,0
1788908354.756775,13474,information_schema,sql_features,0,0,,,0,0,0,0,0
1788908354.756775,1985394,pg_toast,pg_toast_1985372,0,0,0,0,0,0,0,0,0
1788908354.756775,1247,pg_catalog,pg_type,0,0,19,19,0,0,0,0,0
1788908354.756775,2602,pg_catalog,pg_amop,0,0,12,25,0,0,0,0,0
1788908354.756775,3439,pg_toast,pg_toast_3381,0,0,0,0,0,0,0,0,0
1788908354.756775,2846,pg_toast,pg_toast_2396,0,0,0,0,0,0,0,0,0
1788908354.756775,1985555,public,zip_code,0,0,0,0,0,0,0,0,0
1788908354.756775,1985478,pg_toast,pg_toast_1985460,0,0,0,0,0,0,0,0,0
1788908354.756775,4145,pg_toast,pg_toast_3466,0,0,0,0,0,0,0,0,0
1788908354.756775,3541,pg_catalog,pg_range,0,0,0,0,0,0,0,0,0
1788908354.756775,3602,pg_catalog,pg_ts_config,0,0,0,0,0,0,0,0,0
1788908354.756775,1985333,pg_toast,pg_toast_1985325,0,0,0,0,0,0,0,0,0
1788908354.756775,4183,pg_toast,pg_toast_6100,0,0,0,0,0,0,0,0,0
1788908354.756775,1985496,public,news_item,0,0,0,0,0,0,0,0,0
1788908354.756775,2224,pg_catalog,pg_sequence,0,0,0,0,0,0,0,0,0
1788908354.756775,2611,pg_catalog,pg_inherits,0,0,0,0,0,0,0,0,0
1788908354.756775,1417,pg_catalog,pg_foreign_server,0,0,0,0,0,0,0,0,0
1788908354.756775,1262,pg_catalog,pg_database,0,0,0,0,0,0,0,0,0
1788908354.756775,13492,pg_toast,pg_toast_13489,0,0,0,0,0,0,0,0,0
1788908354.756775,3501,pg_catalog,pg_enum,0,0,0,0,0,0,0,0,0
1788908354.756775,2607,pg_catalog,pg_conversion,0,0,0,0,0,0,0,0,0
1788908354.756775,1985449,pg_toast,pg_toast_1985440,0,0,0,0,0,0,0,0,0
1788908354.756775,826,pg_catalog,pg_default_acl,0,0,0,0,0,0,0,0,0
1788908354.756775,2604,pg_catalog,pg_attrdef,0,0,0,0,0,0,0,0,0
1788908354.756775,2336,pg_toast,pg_toast_2620,0,0,0,0,0,0,0,0,0
1788908354.756775,2603,pg_catalog,pg_amproc,0,0,5,11,0,0,0,0,0
1788908354.756775,2606,pg_catalog,pg_constraint,0,0,3,8,0,0,0,0,0
1788908354.756775,1255,pg_catalog,pg_proc,0,0,19,24,0,0,0,0,0
1788908354.756775,4173,pg_toast,pg_toast_1418,0,0,0,0,0,0,0,0,0
1788908354.756775,1985285,public,customer_taxrate,0,0,0,0,0,0,0,0,0
1788908354.756775,2620,pg_catalog,pg_trigger,0,0,0,0,0,0,0,0,0
1788908354.756775,1985256,public,account_permission,0,0,0,0,0,0,0,0,0
1788908354.756775,1985507,public,news_xref,0,0,0,0,0,0,0,0,0
1788908354.756775,1985480,public,industry,0,0,0,0,0,0,0,0,0
1788908354.756775,2612,pg_catalog,pg_language,0,0,0,0,0,0,0,0,0
1788908354.756775,4149,pg_toast,pg_toast_2328,0,0,0,0,0,0,0,0,0
1788908354.756775,6351,pg_toast,pg_toast_2610,0,0,0,0,0,0,0,0,0
1788908354.756775,13489,information_schema,sql_sizing,0,0,,,0,0,0,0,0
1788908354.756775,1985494,pg_toast,pg_toast_1985486,0,0,0,0,0,0,0,0,0
1788908354.756775,3598,pg_toast,pg_toast_3596,0,0,0,0,0,0,0,0,0
1788908354.756775,2836,pg_toast,pg_toast_1255,0,0,0,0,0,0,0,0,0
1788908354.756775,3456,pg_catalog,pg_collation,0,0,0,0,0,0,0,0,0
1788908354.756775,3079,pg_catalog,pg_extension,0,0,0,0,0,0,0,0,0
1788908354.756775,6100,pg_catalog,pg_subscription,0,0,0,0,0,0,0,0,0
1788908354.756775,2832,pg_toast,pg_toast_2606,0,0,0,0,0,0,0,0,0
1788908354.756775,3256,pg_catalog,pg_policy,0,0,0,0,0,0,0,0,0
1788908354.756775,1985302,public,holding_history,0,0,0,0,0,0,0,0,0
1788908354.756775,1985517,public,security,0,0,0,0,0,0,0,0,0
1788908354.756775,3466,pg_catalog,pg_event_trigger,0,0,0,0,0,0,0,0,0
1788908354.756775,3592,pg_catalog,pg_shseclabel,0,0,0,0,0,0,0,0,0
1788908354.756775,3764,pg_catalog,pg_ts_template,0,0,0,0,0,0,0,0,0
1788908354.756775,6237,pg_catalog,pg_publication_namespace,0,0,0,0,0,0,0,0,0
1788908354.756775,13487,pg_toast,pg_toast_13484,0,0,0,0,0,0,0,0,0
1788908354.756775,2995,pg_catalog,pg_largeobject_metadata,0,0,0,0,0,0,0,0,0
1788908354.756775,1985275,public,customer_account,0,0,0,0,0,0,0,0,0
1788908354.756775,4143,pg_toast,pg_toast_826,0,0,0,0,0,0,0,0,0
1788908354.756775,4185,pg_toast,pg_toast_1213,0,0,0,0,0,0,0,0,0
1788908354.756775,6243,pg_catalog,pg_parameter_acl,0,0,0,0,0,0,0,0,0
1788908354.756775,2616,pg_catalog,pg_opclass,0,0,8,134,0,0,0,0,0
1788908354.756775,1985290,public,holding,0,0,0,0,0,0,0,0,0
1788908354.756775,2838,pg_toast,pg_toast_2618,0,0,1,3,0,0,0,0,0
1788908354.756775,6228,pg_toast,pg_toast_6106,0,0,0,0,0,0,0,0,0
1788908354.756775,1985349,pg_toast,pg_toast_1985343,0,0,0,0,0,0,0,0,0
1788908354.756775,1985434,public,company_competitor,0,0,0,0,0,0,0,0,0
1788908354.756775,1985370,pg_toast,pg_toast_1985363,0,0,0,0,0,0,0,0,0
1788908354.756775,1985505,pg_toast,pg_toast_1985496,0,0,0,0,0,0,0,0,0
1788908354.756775,1985264,public,customer,0,0,0,0,0,0,0,0,0
1788908354.756775,3118,pg_catalog,pg_foreign_table,0,0,0,0,0,0,0,0,0
1788908354.756775,1259,pg_catalog,pg_class,1,523,12,12,0,0,0,0,0
1788908354.756775,3350,pg_catalog,pg_partitioned_table,0,0,0,0,0,0,0,0,0
1788908354.756775,4153,pg_toast,pg_toast_3118,0,0,0,0,0,0,0,0,0
1788908354.756775,4060,pg_toast,pg_toast_3592,0,0,0,0,0,0,0,0,0
1788908354.756775,1985543,public,status_type,0,0,0,0,0,0,0,0,0
1788908354.756775,4165,pg_toast,pg_toast_3350,0,0,0,0,0,0,0,0,0
1788908354.756775,1985402,public,trade_request,0,0,0,0,0,0,0,0,0
1788908354.756775,2753,pg_catalog,pg_opfamily,0,0,2,2,0,0,0,0,0
1788908354.756775,3601,pg_catalog,pg_ts_parser,0,0,0,0,0,0,0,0,0
1788908354.756775,6104,pg_catalog,pg_publication,0,0,0,0,0,0,0,0,0
1788908354.756775,13477,pg_toast,pg_toast_13474,0,0,0,0,0,0,0,0,0
1788908354.756775,3429,pg_catalog,pg_statistic_ext_data,0,0,0,0,0,0,0,0,0
1788908354.756775,2619,pg_catalog,pg_statistic,0,0,17,8,0,0,0,0,0
1788908354.756775,4155,pg_toast,pg_toast_3394,0,0,0,0,0,0,0,0,0
1788908354.756775,1985548,public,taxrate,0,0,0,0,0,0,0,0,0
1788908354.756775,3381,pg_catalog,pg_statistic_ext,0,0,3,0,0,0,0,0,0
1788908354.756775,6106,pg_catalog,pg_publication_rel,0,0,0,0,0,0,0,0,0
1788908354.756775,1985372,public,trade,0,0,0,0,0,0,0,0,0
1788908354.756775,2605,pg_catalog,pg_cast,0,0,34,7,0,0,0,0,0
1788908354.756775,4171,pg_toast,pg_toast_1247,0,0,0,0,0,0,0,0,0
1788908354.756775,2830,pg_toast,pg_toast_2604,0,0,0,0,0,0,0,0,0
1788908354.756775,1985309,public,holding_summary,0,0,0,0,0,0,0,0,0
1788908354.756775,1985413,pg_toast,pg_toast_1985402,0,0,0,0,0,0,0,0,0
1788908354.756775,13479,information_schema,sql_implementation_info,0,0,,,0,0,0,0,0
1788908354.756775,1985341,pg_toast,pg_toast_1985335,0,0,0,0,0,0,0,0,0
1788908354.756775,6244,pg_toast,pg_toast_6243,0,0,0,0,0,0,0,0,0
1788908354.756775,1985315,public,watch_item,0,0,0,0,0,0,0,0,0
1788908354.756775,3430,pg_toast,pg_toast_3429,0,0,0,0,0,0,0,0,0
1788908354.756775,1985320,public,watch_list,0,0,0,0,0,0,0,0,0
1788908414.892885,1985536,pg_toast,pg_toast_1985517,0,0,0,0,0,0,0,0,0
1788908414.892885,3576,pg_catalog,pg_transform,0,0,0,0,0,0,0,0,0
1788908414.892885,2601,pg_catalog,pg_am,0,0,0,0,0,0,0,0,0
1788908414.892885,1985363,public,settlement,0,0,0,0,0,0,0,0,0
1788908414.892885,3394,pg_catalog,pg_init_privs,0,0,0,0,0,0,0,0,0
1788908414.892885,4167,pg_toast,pg_toast_3256,0,0,0,0,0,0,0,0,0
1788908414.892885,4151,pg_toast,pg_toast_1417,0,0,0,0,0,0,0,0,0
1788908414.892885,2834,pg_toast,pg_toast_2609,0,0,0,0,0,0,0,0,0
1788908414.892885,6000,pg_catalog,pg_replication_origin,0,0,0,0,0,0,0,0,0
1788908414.892885,2840,pg_toast,pg_toast_2619,0,0,0,0,0,0,0,0,0
1788908414.892885,1985486,public,last_trade,0,0,0,0,0,0,0,0,0
1788908414.892885,2328,pg_catalog,pg_foreign_data_wrapper,0,0,0,0,0,0,0,0,0
1788908414.892885,4157,pg_toast,pg_toast_2612,0,0,0,0,0,0,0,0,0
1788908414.892885,1260,pg_catalog,pg_authid,0,0,0,0,0,0,0,0,0
1788908414.892885,6102,pg_catalog,pg_subscription_rel,0,0,0,0,0,0,0,0,0
1788908414.892885,1214,pg_catalog,pg_shdepend,0,0,0,0,0,0,0,0,0
1788908414.892885,4163,pg_toast,pg_toast_2615,0,0,0,0,0,0,0,0,0
1788908414.892885,1985343,public,charge,0,0,0,0,0,0,0,0,0
1788908414.892885,1985440,public,daily_market,0,0,0,0,0,0,0,0,0
1788908414.892885,1985422,public,company,0,0,0,0,0,0,0,0,0
1788908414.892885,4169,pg_toast,pg_toast_3600,0,0,0,0,0,0,0,0,0
1788908414.892885,2615,pg_catalog,pg_namespace,1,4,5,2,0,0,0,0,0
1788908414.892885,2396,pg_catalog,pg_shdescription,0,0,0,0,0,0,0,0,0
1788908414.892885,3600,pg_catalog,pg_ts_dict,0,0,0,0,0,0,0,0,0
1788908414.892885,1985325,public,broker,0,0,0,0,0,0,0,0,0
1788908414.892885,3596,pg_catalog,pg_seclabel,0,0,0,0,0,0,0,0,0
1788908414.892885,1985460,public,financial,0,0,0,0,0,0,0,0,0
1788908414.892885,2609,pg_catalog,pg_description,0,0,0,0,0,0,0,0,0
1788908414.892885,1985351,public,commission_rate,0,0,0,0,0,0,0,0,0
1788908414.892885,13482,pg_toast,pg_toast_13479,0,0,0,0,0,0,0,0,0
1788908414.892885,1985396,public,trade_history,0,0,0,0,0,0,0,0,0
1788908414.892885,3603,pg_catalog,pg_ts_config_map,0,0,0,0,0,0,0,0,0
1788908414.892885,1213,pg_catalog,pg_tablespace,0,0,1,1,0,0,0,0,0
1788908414.892885,2608,pg_catalog,pg_depend,0,0,0,0,0,0,0,0,0
1788908414.892885,2964,pg_catalog,pg_db_role_setting,0,0,0,0,0,0,0,0,0
1788908414.892885,1985283,pg_toast,pg_toast_1985275,0,0,0,0,0,0,0,0,0
1788908414.892885,1418,pg_catalog,pg_user_mapping,0,0,0,0,0,0,0,0,0
1788908414.892885,2613,pg_catalog,pg_largeobject,0,0,0,0,0,0,0,0,0
1788908414.892885,6175,pg_toast,pg_toast_3456,0,0,0,0,0,0,0,0,0
1788908414.892885,1261,pg_catalog,pg_auth_members,0,0,0,0,0,0,0,0,0
1788908414.892885,1985335,public,cash_transaction,0,0,0,0,0,0,0,0,0
1788908414.892885,2617,pg_catalog,pg_operator,0,0,5,5,0,0,0,0,0
1788908414.892885,1985300,pg_toast,pg_toast_1985290,0,0,0,0,0,0,0,0,0
1788908414.892885,1985538,public,address,0,0,0,0,0,0,0,0,0
1788908414.892885,2610,pg_catalog,pg_index,1,221,11,14,0,0,0,0,0
1788908414.892885,1249,pg_catalog,pg_attribute,0,0,75,92,0,0,0,0,0
1788908414.892885,1985512,public,sector,0,0,0,0,0,0,0,0,0
1788908414.892885,1985415,public,trade_type,0,0,0,0,0,0,0,0,0
1788908414.892885,2600,pg_catalog,pg_aggregate,0,0,1,1,0,0,0,0,0
1788908414.892885,2966,pg_toast,pg_toast_2964,0,0,0,0,0,0,0,0,0
1788908414.892885,1985451,public,exchange,0,0,0,0,0,0,0,0,0
1788908414.892885,2618,pg_catalog,pg_rewrite,0,0,1,1,0,0,0,0,0
1788908414.892885,4177,pg_toast,pg_toast_1262,0,0,0,0,0,0,0,0,0
1788908414.892885,13484,information_schema,sql_parts,0,0,,,0,0,0,0,0
1788908414.892885,4159,pg_toast,pg_toast_2600,0,0,0,0,0,0,0,0,0
1788908414.892885,4147,pg_toast,pg_toast_3079,0,0,0,0,0,0,0,0,0
1788908414.892885,13474,information_schema,sql_features,0,0,,,0,0,0,0,0
1788908414.892885,1985394,pg_toast,pg_toast_1985372,0,0,0,0,0,0,0,0,0
1788908414.892885,1247,pg_catalog,pg_type,0,0,19,19,0,0,0,0,0
1788908414.892885,2602,pg_catalog,pg_amop,0,0,12,25,0,0,0,0,0
1788908414.892885,3439,pg_toast,pg_toast_3381,0,0,0,0,0,0,0,0,0
1788908414.892885,2846,pg_toast,pg_toast_2396,0,0,0,0,0,0,0,0,0
1788908414.892885,1985555,public,zip_code,0,0,0,0,0,0,0,0,0
1788908414.892885,1985478,pg_toast,pg_toast_1985460,0,0,0,0,0,0,0,0,0
1788908414.892885,4145,pg_toast,pg_toast_3466,0,0,0,0,0,0,0,0,0
1788908414.892885,3541,pg_catalog,pg_range,0,0,0,0,0,0,0,0,0
1788908414.892885,3602,pg_catalog,pg_ts_config,0,0,0,0,0,0,0,0,0
1788908414.892885,1985333,pg_toast,pg_toast_1985325,0,0,0,0,0,0,0,0,0
1788908414.892885,4183,pg_toast,pg_toast_6100,0,0,0,0,0,0,0,0,0
1788908414.892885,1985496,public,news_item,0,0,0,0,0,0,0,0,0
1788908414.892885,2224,pg_catalog,pg_sequence,0,0,0,0,0,0,0,0,0
1788908414.892885,2611,pg_catalog,pg_inherits,0,0,0,0,0,0,0,0,0
1788908414.892885,1417,pg_catalog,pg_foreign_server,0,0,0,0,0,0,0,0,0
1788908414.892885,1262,pg_catalog,pg_database,0,0,0,0,0,0,0,0,0
1788908414.892885,13492,pg_toast,pg_toast_13489,0,0,0,0,0,0,0,0,0
1788908414.892885,3501,pg_catalog,pg_enum,0,0,0,0,0,0,0,0,0
1788908414.892885,2607,pg_catalog,pg_conversion,0,0,0,0,0,0,0,0,0
1788908414.892885,1985449,pg_toast,pg_toast_1985440,0,0,0,0,0,0,0,0,0
1788908414.892885,826,pg_catalog,pg_default_acl,0,0,0,0,0,0,0,0,0
1788908414.892885,2604,pg_catalog,pg_attrdef,0,0,0,0,0,0,0,0,0
1788908414.892885,2336,pg_toast,pg_toast_2620,0,0,0,0,0,0,0,0,0
1788908414.892885,2603,pg_catalog,pg_amproc,0,0,5,11,0,0,0,0,0
1788908414.892885,2606,pg_catalog,pg_constraint,0,0,3,8,0,0,0,0,0
1788908414.892885,1255,pg_catalog,pg_proc,0,0,19,24,0,0,0,0,0
1788908414.892885,4173,pg_toast,pg_toast_1418,0,0,0,0,0,0,0,0,0
1788908414.892885,1985285,public,customer_taxrate,0,0,0,0,0,0,0,0,0
1788908414.892885,2620,pg_catalog,pg_trigger,0,0,0,0,0,0,0,0,0
1788908414.892885,1985256,public,account_permission,0,0,0,0,0,0,0,0,0
1788908414.892885,1985507,public,news_xref,0,0,0,0,0,0,0,0,0
1788908414.892885,1985480,public,industry,0,0,0,0,0,0,0,0,0
1788908414.892885,2612,pg_catalog,pg_language,0,0,0,0,0,0,0,0,0
1788908414.892885,4149,pg_toast,pg_toast_2328,0,0,0,0,0,0,0,0,0
1788908414.892885,6351,pg_toast,pg_toast_2610,0,0,0,0,0,0,0,0,0
1788908414.892885,13489,information_schema,sql_sizing,0,0,,,0,0,0,0,0
1788908414.892885,1985494,pg_toast,pg_toast_1985486,0,0,0,0,0,0,0,0,0
1788908414.892885,3598,pg_toast,pg_toast_3596,0,0,0,0,0,0,0,0,0
1788908414.892885,2836,pg_toast,pg_toast_1255,0,0,0,0,0,0,0,0,0
1788908414.892885,3456,pg_catalog,pg_collation,0,0,0,0,0,0,0,0,0
1788908414.892885,3079,pg_catalog,pg_extension,0,0,0,0,0,0,0,0,0
1788908414.892885,6100,pg_catalog,pg_subscription,0,0,0,0,0,0,0,0,0
1788908414.892885,2832,pg_toast,pg_toast_2606,0,0,0,0,0,0,0,0,0
1788908414.892885,3256,pg_catalog,pg_policy,0,0,0,0,0,0,0,0,0
1788908414.892885,1985302,public,holding_history,0,0,0,0,0,0,0,0,0
1788908414.892885,1985517,public,security,0,0,0,0,0,0,0,0,0
1788908414.892885,3466,pg_catalog,pg_event_trigger,0,0,0,0,0,0,0,0,0
1788908414.892885,3592,pg_catalog,pg_shseclabel,0,0,0,0,0,0,0,0,0
1788908414.892885,3764,pg_catalog,pg_ts_template,0,0,0,0,0,0,0,0,0
1788908414.892885,6237,pg_catalog,pg_publication_namespace,0,0,0,0,0,0,0,0,0
1788908414.892885,13487,pg_toast,pg_toast_13484,0,0,0,0,0,0,0,0,0
1788908414.892885,2995,pg_catalog,pg_largeobject_metadata,0,0,0,0,0,0,0,0,0
1788908414.892885,1985275,public,customer_account,0,0,0,0,0,0,0,0,0
1788908414.892885,4143,pg_toast,pg_toast_826,0,0,0,0,0,0,0,0,0
1788908414.892885,4185,pg_toast,pg_toast_1213,0,0,0,0,0,0,0,0,0
1788908414.892885,6243,pg_catalog,pg_parameter_acl,0,0,0,0,0,0,0,0,0
1788908414.892885,2616,pg_catalog,pg_opclass,0,0,8,134,0,0,0,0,0
1788908414.892885,1985290,public,holding,0,0,0,0,0,0,0,0,0
1788908414.892885,2838,pg_toast,pg_toast_2618,0,0,1,3,0,0,0,0,0
1788908414.892885,6228,pg_toast,pg_toast_6106,0,0,0,0,0,0,0,0,0
1788908414.892885,1985349,pg_toast,pg_toast_1985343,0,0,0,0,0,0,0,0,0
1788908414.892885,1985434,public,company_competitor,0,0,0,0,0,0,0,0,0
1788908414.892885,1985370,pg_toast,pg_toast_1985363,0,0,0,0,0,0,0,0,0
1788908414.892885,1985505,pg_toast,pg_toast_1985496,0,0,0,0,0,0,0,0,0
1788908414.892885,1985264,public,customer,0,0,0,0,0,0,0,0,0
1788908414.892885,3118,pg_catalog,pg_foreign_table,0,0,0,0,0,0,0,0,0
1788908414.892885,1259,pg_catalog,pg_class,1,523,12,12,0,0,0,0,0
1788908414.892885,3350,pg_catalog,pg_partitioned_table,0,0,0,0,0,0,0,0,0
1788908414.892885,4153,pg_toast,pg_toast_3118,0,0,0,0,0,0,0,0,0
1788908414.892885,4060,pg_toast,pg_toast_3592,0,0,0,0,0,0,0,0,0
1788908414.892885,1985543,public,status_type,0,0,0,0,0,0,0,0,0
1788908414.892885,4165,pg_toast,pg_toast_3350,0,0,0,0,0,0,0,0,0
1788908414.892885,1985402,public,trade_request,0,0,0,0,0,0,0,0,0
1788908414.892885,2753,pg_catalog,pg_opfamily,0,0,2,2,0,0,0,0,0
1788908414.892885,3601,pg_catalog,pg_ts_parser,0,0,0,0,0,0,0,0,0
1788908414.892885,6104,pg_catalog,pg_publication,0,0,0,0,0,0,0,0,0
1788908414.892885,13477,pg_toast,pg_toast_13474,0,0,0,0,0,0,0,0,0
1788908414.892885,3429,pg_catalog,pg_statistic_ext_data,0,0,0,0,0,0,0,0,0
1788908414.892885,2619,pg_catalog,pg_statistic,0,0,17,8,0,0,0,0,0
1788908414.892885,4155,pg_toast,pg_toast_3394,0,0,0,0,0,0,0,0,0
1788908414.892885,1985548,public,taxrate,0,0,0,0,0,0,0,0,0
1788908414.892885,3381,pg_catalog,pg_statistic_ext,0,0,3,0,0,0,0,0,0
1788908414.892885,6106,pg_catalog,pg_publication_rel,0,0,0,0,0,0,0,0,0
1788908414.892885,1985372,public,trade,0,0,0,0,0,0,0,0,0
1788908414.892885,2605,pg_catalog,pg_cast,0,0,34,7,0,0,0,0,0
1788908414.892885,4171,pg_toast,pg_toast_1247,0,0,0,0,0,0,0,0,0
1788908414.892885,2830,pg_toast,pg_toast_2604,0,0,0,0,0,0,0,0,0
1788908414.892885,1985309,public,holding_summary,0,0,0,0,0,0,0,0,0
1788908414.892885,1985413,pg_toast,pg_toast_1985402,0,0,0,0,0,0,0,0,0
1788908414.892885,13479,information_schema,sql_implementation_info,0,0,,,0,0,0,0,0
1788908414.892885,1985341,pg_toast,pg_toast_1985335,0,0,0,0,0,0,0,0,0
1788908414.892885,6244,pg_toast,pg_toast_6243,0,0,0,0,0,0,0,0,0
1788908414.892885,1985315,public,watch_item,0,0,0,0,0,0,0,0,0
1788908414.892885,3430,pg_toast,pg_toast_3429,0,0,0,0,0,0,0,0,0
1788908414.892885,1985320,public,watch_list,0,0,0,0,0,0,0,0,0
1788908475.007910,1985536,pg_toast,pg_toast_1985517,0,0,0,0,0,0,0,0,0
1788908475.007910,3576,pg_catalog,pg_transform,0,0,0,0,0,0,0,0,0
1788908475.007910,2601,pg_catalog,pg_am,0,0,0,0,0,0,0,0,0
1788908475.007910,1985363,public,settlement,0,0,0,0,0,0,0,0,0
1788908475.007910,3394,pg_catalog,pg_init_privs,0,0,0,0,0,0,0,0,0
1788908475.007910,4167,pg_toast,pg_toast_3256,0,0,0,0,0,0,0,0,0
1788908475.007910,4151,pg_toast,pg_toast_1417,0,0,0,0,0,0,0,0,0
1788908475.007910,2834,pg_toast,pg_toast_2609,0,0,0,0,0,0,0,0,0
1788908475.007910,6000,pg_catalog,pg_replication_origin,0,0,0,0,0,0,0,0,0
1788908475.007910,2840,pg_toast,pg_toast_2619,0,0,0,0,0,0,0,0,0
1788908475.007910,1985486,public,last_trade,0,0,0,0,0,0,0,0,0
1788908475.007910,2328,pg_catalog,pg_foreign_data_wrapper,0,0,0,0,0,0,0,0,0
1788908475.007910,4157,pg_toast,pg_toast_2612,0,0,0,0,0,0,0,0,0
1788908475.007910,1260,pg_catalog,pg_authid,0,0,0,0,0,0,0,0,0
1788908475.007910,6102,pg_catalog,pg_subscription_rel,0,0,0,0,0,0,0,0,0
1788908475.007910,1214,pg_catalog,pg_shdepend,0,0,0,0,0,0,0,0,0
1788908475.007910,4163,pg_toast,pg_toast_2615,0,0,0,0,0,0,0,0,0
1788908475.007910,1985343,public,charge,0,0,0,0,0,0,0,0,0
1788908475.007910,1985440,public,daily_market,0,0,0,0,0,0,0,0,0
1788908475.007910,1985422,public,company,0,0,0,0,0,0,0,0,0
1788908475.007910,4169,pg_toast,pg_toast_3600,0,0,0,0,0,0,0,0,0
1788908475.007910,2615,pg_catalog,pg_namespace,1,4,5,2,0,0,0,0,0
1788908475.007910,2396,pg_catalog,pg_shdescription,0,0,0,0,0,0,0,0,0
1788908475.007910,3600,pg_catalog,pg_ts_dict,0,0,0,0,0,0,0,0,0
1788908475.007910,1985325,public,broker,0,0,0,0,0,0,0,0,0
1788908475.007910,3596,pg_catalog,pg_seclabel,0,0,0,0,0,0,0,0,0
1788908475.007910,1985460,public,financial,0,0,0,0,0,0,0,0,0
1788908475.007910,2609,pg_catalog,pg_description,0,0,0,0,0,0,0,0,0
1788908475.007910,1985351,public,commission_rate,0,0,0,0,0,0,0,0,0
1788908475.007910,13482,pg_toast,pg_toast_13479,0,0,0,0,0,0,0,0,0
1788908475.007910,1985396,public,trade_history,0,0,0,0,0,0,0,0,0
1788908475.007910,3603,pg_catalog,pg_ts_config_map,0,0,0,0,0,0,0,0,0
1788908475.007910,1213,pg_catalog,pg_tablespace,0,0,1,1,0,0,0,0,0
1788908475.007910,2608,pg_catalog,pg_depend,0,0,0,0,0,0,0,0,0
1788908475.007910,2964,pg_catalog,pg_db_role_setting,0,0,0,0,0,0,0,0,0
1788908475.007910,1985283,pg_toast,pg_toast_1985275,0,0,0,0,0,0,0,0,0
1788908475.007910,1418,pg_catalog,pg_user_mapping,0,0,0,0,0,0,0,0,0
1788908475.007910,2613,pg_catalog,pg_largeobject,0,0,0,0,0,0,0,0,0
1788908475.007910,6175,pg_toast,pg_toast_3456,0,0,0,0,0,0,0,0,0
1788908475.007910,1261,pg_catalog,pg_auth_members,0,0,0,0,0,0,0,0,0
1788908475.007910,1985335,public,cash_transaction,0,0,0,0,0,0,0,0,0
1788908475.007910,2617,pg_catalog,pg_operator,0,0,5,5,0,0,0,0,0
1788908475.007910,1985300,pg_toast,pg_toast_1985290,0,0,0,0,0,0,0,0,0
1788908475.007910,1985538,public,address,0,0,0,0,0,0,0,0,0
1788908475.007910,2610,pg_catalog,pg_index,1,221,11,14,0,0,0,0,0
1788908475.007910,1249,pg_catalog,pg_attribute,0,0,75,92,0,0,0,0,0
1788908475.007910,1985512,public,sector,0,0,0,0,0,0,0,0,0
1788908475.007910,1985415,public,trade_type,0,0,0,0,0,0,0,0,0
1788908475.007910,2600,pg_catalog,pg_aggregate,0,0,1,1,0,0,0,0,0
1788908475.007910,2966,pg_toast,pg_toast_2964,0,0,0,0,0,0,0,0,0
1788908475.007910,1985451,public,exchange,0,0,0,0,0,0,0,0,0
1788908475.007910,2618,pg_catalog,pg_rewrite,0,0,1,1,0,0,0,0,0
1788908475.007910,4177,pg_toast,pg_toast_1262,0,0,0,0,0,0,0,0,0
1788908475.007910,13484,information_schema,sql_parts,0,0,,,0,0,0,0,0
1788908475.007910,4159,pg_toast,pg_toast_2600,0,0,0,0,0,0,0,0,0
1788908475.007910,4147,pg_toast,pg_toast_3079,0,0,0,0,0,0,0,0,0
1788908475.007910,13474,information_schema,sql_features,0,0,,,0,0,0,0,0
1788908475.007910,1985394,pg_toast,pg_toast_1985372,0,0,0,0,0,0,0,0,0
1788908475.007910,1247,pg_catalog,pg_type,0,0,19,19,0,0,0,0,0
1788908475.007910,2602,pg_catalog,pg_amop,0,0,12,25,0,0,0,0,0
1788908475.007910,3439,pg_toast,pg_toast_3381,0,0,0,0,0,0,0,0,0
1788908475.007910,2846,pg_toast,pg_toast_2396,0,0,0,0,0,0,0,0,0
1788908475.007910,1985555,public,zip_code,0,0,0,0,0,0,0,0,0
1788908475.007910,1985478,pg_toast,pg_toast_1985460,0,0,0,0,0,0,0,0,0
1788908475.007910,4145,pg_toast,pg_toast_3466,0,0,0,0,0,0,0,0,0
1788908475.007910,3541,pg_catalog,pg_range,0,0,0,0,0,0,0,0,0
1788908475.007910,3602,pg_catalog,pg_ts_config,0,0,0,0,0,0,0,0,0
1788908475.007910,1985333,pg_toast,pg_toast_1985325,0,0,0,0,0,0,0,0,0
1788908475.007910,4183,pg_toast,pg_toast_6100,0,0,0,0,0,0,0,0,0
1788908475.007910,1985496,public,news_item,0,0,0,0,0,0,0,0,0
1788908475.007910,2224,pg_catalog,pg_sequence,0,0,0,0,0,0,0,0,0
1788908475.007910,2611,pg_catalog,pg_inherits,0,0,0,0,0,0,0,0,0
1788908475.007910,1417,pg_catalog,pg_foreign_server,0,0,0,0,0,0,0,0,0
1788908475.007910,1262,pg_catalog,pg_database,0,0,0,0,0,0,0,0,0
1788908475.007910,13492,pg_toast,pg_toast_13489,0,0,0,0,0,0,0,0,0
1788908475.007910,3501,pg_catalog,pg_enum,0,0,0,0,0,0,0,0,0
1788908475.007910,2607,pg_catalog,pg_conversion,0,0,0,0,0,0,0,0,0
1788908475.007910,1985449,pg_toast,pg_toast_1985440,0,0,0,0,0,0,0,0,0
1788908475.007910,826,pg_catalog,pg_default_acl,0,0,0,0,0,0,0,0,0
1788908475.007910,2604,pg_catalog,pg_attrdef,0,0,0,0,0,0,0,0,0
1788908475.007910,2336,pg_toast,pg_toast_2620,0,0,0,0,0,0,0,0,0
1788908475.007910,2603,pg_catalog,pg_amproc,0,0,5,11,0,0,0,0,0
1788908475.007910,2606,pg_catalog,pg_constraint,0,0,3,8,0,0,0,0,0
1788908475.007910,1255,pg_catalog,pg_proc,0,0,19,24,0,0,0,0,0
1788908475.007910,4173,pg_toast,pg_toast_1418,0,0,0,0,0,0,0,0,0
1788908475.007910,1985285,public,customer_taxrate,0,0,0,0,0,0,0,0,0
1788908475.007910,2620,pg_catalog,pg_trigger,0,0,0,0,0,0,0,0,0
1788908475.007910,1985256,public,account_permission,0,0,0,0,0,0,0,0,0
1788908475.007910,1985507,public,news_xref,0,0,0,0,0,0,0,0,0
1788908475.007910,1985480,public,industry,0,0,0,0,0,0,0,0,0
1788908475.007910,2612,pg_catalog,pg_language,0,0,0,0,0,0,0,0,0
1788908475.007910,4149,pg_toast,pg_toast_2328,0,0,0,0,0,0,0,0,0
1788908475.007910,6351,pg_toast,pg_toast_2610,0,0,0,0,0,0,0,0,0
1788908475.007910,13489,information_schema,sql_sizing,0,0,,,0,0,0,0,0
1788908475.007910,1985494,pg_toast,pg_toast_1985486,0,0,0,0,0,0,0,0,0
1788908475.007910,3598,pg_toast,pg_toast_3596,0,0,0,0,0,0,0,0,0
1788908475.007910,2836,pg_toast,pg_toast_1255,0,0,0,0,0,0,0,0,0
1788908475.007910,3456,pg_catalog,pg_collation,0,0,0,0,0,0,0,0,0
1788908475.007910,3079,pg_catalog,pg_extension,0,0,0,0,0,0,0,0,0
1788908475.007910,6100,pg_catalog,pg_subscription,0,0,0,0,0,0,0,0,0
1788908475.007910,2832,pg_toast,pg_toast_2606,0,0,0,0,0,0,0,0,0
1788908475.007910,3256,pg_catalog,pg_policy,0,0,0,0,0,0,0,0,0
1788908475.007910,1985302,public,holding_history,0,0,0,0,0,0,0,0,0
1788908475.007910,1985517,public,security,0,0,0,0,0,0,0,0,0
1788908475.007910,3466,pg_catalog,pg_event_trigger,0,0,0,0,0,0,0,0,0
1788908475.007910,3592,pg_catalog,pg_shseclabel,0,0,0,0,0,0,0,0,0
1788908475.007910,3764,pg_catalog,pg_ts_template,0,0,0,0,0,0,0,0,0
1788908475.007910,6237,pg_catalog,pg_publication_namespace,0,0,0,0,0,0,0,0,0
1788908475.007910,13487,pg_toast,pg_toast_13484,0,0,0,0,0,0,0,0,0
1788908475.007910,2995,pg_catalog,pg_largeobject_metadata,0,0,0,0,0,0,0,0,0
1788908475.007910,1985275,public,customer_account,0,0,0,0,0,0,0,0,0
1788908475.007910,4143,pg_toast,pg_toast_826,0,0,0,0,0,0,0,0,0
1788908475.007910,4185,pg_toast,pg_toast_1213,0,0,0,0,0,0,0,0,0
1788908475.007910,6243,pg_catalog,pg_parameter_acl,0,0,0,0,0,0,0,0,0
1788908475.007910,2616,pg_catalog,pg_opclass,0,0,8,134,0,0,0,0,0
1788908475.007910,1985290,public,holding,0,0,0,0,0,0,0,0,0
1788908475.007910,2838,pg_toast,pg_toast_2618,0,0,1,3,0,0,0,0,0
1788908475.007910,6228,pg_toast,pg_toast_6106,0,0,0,0,0,0,0,0,0
1788908475.007910,1985349,pg_toast,pg_toast_1985343,0,0,0,0,0,0,0,0,0
1788908475.007910,1985434,public,company_competitor,0,0,0,0,0,0,0,0,0
1788908475.007910,1985370,pg_toast,pg_toast_1985363,0,0,0,0,0,0,0,0,0
1788908475.007910,1985505,pg_toast,pg_toast_1985496,0,0,0,0,0,0,0,0,0
1788908475.007910,1985264,public,customer,0,0,0,0,0,0,0,0,0
1788908475.007910,3118,pg_catalog,pg_foreign_table,0,0,0,0,0,0,0,0,0
1788908475.007910,1259,pg_catalog,pg_class,1,523,12,12,0,0,0,0,0
1788908475.007910,3350,pg_catalog,pg_partitioned_table,0,0,0,0,0,0,0,0,0
1788908475.007910,4153,pg_toast,pg_toast_3118,0,0,0,0,0,0,0,0,0
1788908475.007910,4060,pg_toast,pg_toast_3592,0,0,0,0,0,0,0,0,0
1788908475.007910,1985543,public,status_type,0,0,0,0,0,0,0,0,0
1788908475.007910,4165,pg_toast,pg_toast_3350,0,0,0,0,0,0,0,0,0
1788908475.007910,1985402,public,trade_request,0,0,0,0,0,0,0,0,0
1788908475.007910,2753,pg_catalog,pg_opfamily,0,0,2,2,0,0,0,0,0
1788908475.007910,3601,pg_catalog,pg_ts_parser,0,0,0,0,0,0,0,0,0
1788908475.007910,6104,pg_catalog,pg_publication,0,0,0,0,0,0,0,0,0
1788908475.007910,13477,pg_toast,pg_toast_13474,0,0,0,0,0,0,0,0,0
1788908475.007910,3429,pg_catalog,pg_statistic_ext_data,0,0,0,0,0,0,0,0,0
1788908475.007910,2619,pg_catalog,pg_statistic,0,0,17,8,0,0,0,0,0
1788908475.007910,4155,pg_toast,pg_toast_3394,0,0,0,0,0,0,0,0,0
1788908475.007910,1985548,public,taxrate,0,0,0,0,0,0,0,0,0
1788908475.007910,3381,pg_catalog,pg_statistic_ext,0,0,3,0,0,0,0,0,0
1788908475.007910,6106,pg_catalog,pg_publication_rel,0,0,0,0,0,0,0,0,0
1788908475.007910,1985372,public,trade,0,0,0,0,0,0,0,0,0
1788908475.007910,2605,pg_catalog,pg_cast,0,0,34,7,0,0,0,0,0
1788908475.007910,4171,pg_toast,pg_toast_1247,0,0,0,0,0,0,0,0,0
1788908475.007910,2830,pg_toast,pg_toast_2604,0,0,0,0,0,0,0,0,0
1788908475.007910,1985309,public,holding_summary,0,0,0,0,0,0,0,0,0
1788908475.007910,1985413,pg_toast,pg_toast_1985402,0,0,0,0,0,0,0,0,0
1788908475.007910,13479,information_schema,sql_implementation_info,0,0,,,0,0,0,0,0
1788908475.007910,1985341,pg_toast,pg_toast_1985335,0,0,0,0,0,0,0,0,0
1788908475.007910,6244,pg_toast,pg_toast_6243,0,0,0,0,0,0,0,0,0
1788908475.007910,1985315,public,watch_item,0,0,0,0,0,0,0,0,0
1788908475.007910,3430,pg_toast,pg_toast_3429,0,0,0,0,0,0,0,0,0
1788908475.007910,1985320,public,watch_list,0,0,0,0,0,0,0,0,0
1788908534.116538,1985536,pg_toast,pg_toast_1985517,0,0,0,0,0,0,0,0,0
1788908534.116538,3576,pg_catalog,pg_transform,0,0,0,0,0,0,0,0,0
1788908534.116538,2601,pg_catalog,pg_am,0,0,0,0,0,0,0,0,0
1788908534.116538,1985363,public,settlement,0,0,0,0,0,0,0,0,0
1788908534.116538,3394,pg_catalog,pg_init_privs,0,0,0,0,0,0,0,0,0
1788908534.116538,4167,pg_toast,pg_toast_3256,0,0,0,0,0,0,0,0,0
1788908534.116538,4151,pg_toast,pg_toast_1417,0,0,0,0,0,0,0,0,0
1788908534.116538,2834,pg_toast,pg_toast_2609,0,0,0,0,0,0,0,0,0
1788908534.116538,6000,pg_catalog,pg_replication_origin,0,0,0,0,0,0,0,0,0
1788908534.116538,2840,pg_toast,pg_toast_2619,0,0,0,0,0,0,0,0,0
1788908534.116538,1985486,public,last_trade,0,0,0,0,0,0,0,0,0
1788908534.116538,2328,pg_catalog,pg_foreign_data_wrapper,0,0,0,0,0,0,0,0,0
1788908534.116538,4157,pg_toast,pg_toast_2612,0,0,0,0,0,0,0,0,0
1788908534.116538,1260,pg_catalog,pg_authid,0,0,0,0,0,0,0,0,0
1788908534.116538,6102,pg_catalog,pg_subscription_rel,0,0,0,0,0,0,0,0,0
1788908534.116538,1214,pg_catalog,pg_shdepend,0,0,0,0,0,0,0,0,0
1788908534.116538,4163,pg_toast,pg_toast_2615,0,0,0,0,0,0,0,0,0
1788908534.116538,1985343,public,charge,0,0,0,0,0,0,0,0,0
1788908534.116538,1985440,public,daily_market,0,0,0,0,0,0,0,0,0
1788908534.116538,1985422,public,company,0,0,0,0,0,0,0,0,0
1788908534.116538,4169,pg_toast,pg_toast_3600,0,0,0,0,0,0,0,0,0
1788908534.116538,2615,pg_catalog,pg_namespace,1,4,5,2,0,0,0,0,0
1788908534.116538,2396,pg_catalog,pg_shdescription,0,0,0,0,0,0,0,0,0
1788908534.116538,3600,pg_catalog,pg_ts_dict,0,0,0,0,0,0,0,0,0
1788908534.116538,1985325,public,broker,0,0,0,0,0,0,0,0,0
1788908534.116538,3596,pg_catalog,pg_seclabel,0,0,0,0,0,0,0,0,0
1788908534.116538,1985460,public,financial,0,0,0,0,0,0,0,0,0
1788908534.116538,2609,pg_catalog,pg_description,0,0,0,0,0,0,0,0,0
1788908534.116538,1985351,public,commission_rate,0,0,0,0,0,0,0,0,0
1788908534.116538,13482,pg_toast,pg_toast_13479,0,0,0,0,0,0,0,0,0
1788908534.116538,1985396,public,trade_history,0,0,0,0,0,0,0,0,0
1788908534.116538,3603,pg_catalog,pg_ts_config_map,0,0,0,0,0,0,0,0,0
1788908534.116538,1213,pg_catalog,pg_tablespace,0,0,1,1,0,0,0,0,0
1788908534.116538,2608,pg_catalog,pg_depend,0,0,0,0,0,0,0,0,0
1788908534.116538,2964,pg_catalog,pg_db_role_setting,0,0,0,0,0,0,0,0,0
1788908534.116538,1985283,pg_toast,pg_toast_1985275,0,0,0,0,0,0,0,0,0
1788908534.116538,1418,pg_catalog,pg_user_mapping,0,0,0,0,0,0,0,0,0
1788908534.116538,2613,pg_catalog,pg_largeobject,0,0,0,0,0,0,0,0,0
1788908534.116538,6175,pg_toast,pg_toast_3456,0,0,0,0,0,0,0,0,0
1788908534.116538,1261,pg_catalog,pg_auth_members,0,0,0,0,0,0,0,0,0
1788908534.116538,1985335,public,cash_transaction,0,0,0,0,0,0,0,0,0
1788908534.116538,2617,pg_catalog,pg_operator,0,0,5,5,0,0,0,0,0
1788908534.116538,1985300,pg_toast,pg_toast_1985290,0,0,0,0,0,0,0,0,0
1788908534.116538,1985538,public,address,0,0,0,0,0,0,0,0,0
1788908534.116538,2610,pg_catalog,pg_index,1,221,11,14,0,0,0,0,0
1788908534.116538,1249,pg_catalog,pg_attribute,0,0,75,92,0,0,0,0,0
1788908534.116538,1985512,public,sector,0,0,0,0,0,0,0,0,0
1788908534.116538,1985415,public,trade_type,0,0,0,0,0,0,0,0,0
1788908534.116538,2600,pg_catalog,pg_aggregate,0,0,1,1,0,0,0,0,0
1788908534.116538,2966,pg_toast,pg_toast_2964,0,0,0,0,0,0,0,0,0
1788908534.116538,1985451,public,exchange,0,0,0,0,0,0,0,0,0
1788908534.116538,2618,pg_catalog,pg_rewrite,0,0,1,1,0,0,0,0,0
1788908534.116538,4177,pg_toast,pg_toast_1262,0,0,0,0,0,0,0,0,0
1788908534.116538,13484,information_schema,sql_parts,0,0,,,0,0,0,0,0
1788908534.116538,4159,pg_toast,pg_toast_2600,0,0,0,0,0,0,0,0,0
1788908534.116538,4147,pg_toast,pg_toast_3079,0,0,0,0,0,0,0,0,0
1788908534.116538,13474,information_schema,sql_features,0,0,,,0,0,0,0,0
1788908534.116538,1985394,pg_toast,pg_toast_1985372,0,0,0,0,0,0,0,0,0
1788908534.116538,1247,pg_catalog,pg_type,0,0,19,19,0,0,0,0,0
1788908534.116538,2602,pg_catalog,pg_amop,0,0,12,25,0,0,0,0,0
1788908534.116538,3439,pg_toast,pg_toast_3381,0,0,0,0,0,0,0,0,0
1788908534.116538,2846,pg_toast,pg_toast_2396,0,0,0,0,0,0,0,0,0
1788908534.116538,1985555,public,zip_code,0,0,0,0,0,0,0,0,0
1788908534.116538,1985478,pg_toast,pg_toast_1985460,0,0,0,0,0,0,0,0,0
1788908534.116538,4145,pg_toast,pg_toast_3466,0,0,0,0,0,0,0,0,0
1788908534.116538,3541,pg_catalog,pg_range,0,0,0,0,0,0,0,0,0
1788908534.116538,3602,pg_catalog,pg_ts_config,0,0,0,0,0,0,0,0,0
1788908534.116538,1985333,pg_toast,pg_toast_1985325,0,0,0,0,0,0,0,0,0
1788908534.116538,4183,pg_toast,pg_toast_6100,0,0,0,0,0,0,0,0,0
1788908534.116538,1985496,public,news_item,0,0,0,0,0,0,0,0,0
1788908534.116538,2224,pg_catalog,pg_sequence,0,0,0,0,0,0,0,0,0
1788908534.116538,2611,pg_catalog,pg_inherits,0,0,0,0,0,0,0,0,0
1788908534.116538,1417,pg_catalog,pg_foreign_server,0,0,0,0,0,0,0,0,0
1788908534.116538,1262,pg_catalog,pg_database,0,0,0,0,0,0,0,0,0
1788908534.116538,13492,pg_toast,pg_toast_13489,0,0,0,0,0,0,0,0,0
1788908534.116538,3501,pg_catalog,pg_enum,0,0,0,0,0,0,0,0,0
1788908534.116538,2607,pg_catalog,pg_conversion,0,0,0,0,0,0,0,0,0
1788908534.116538,1985449,pg_toast,pg_toast_1985440,0,0,0,0,0,0,0,0,0
1788908534.116538,826,pg_catalog,pg_default_acl,0,0,0,0,0,0,0,0,0
1788908534.116538,2604,pg_catalog,pg_attrdef,0,0,0,0,0,0,0,0,0
1788908534.116538,2336,pg_toast,pg_toast_2620,0,0,0,0,0,0,0,0,0
1788908534.116538,2603,pg_catalog,pg_amproc,0,0,5,11,0,0,0,0,0
1788908534.116538,2606,pg_catalog,pg_constraint,0,0,3,8,0,0,0,0,0
1788908534.116538,1255,pg_catalog,pg_proc,0,0,19,24,0,0,0,0,0
1788908534.116538,4173,pg_toast,pg_toast_1418,0,0,0,0,0,0,0,0,0
1788908534.116538,1985285,public,customer_taxrate,0,0,0,0,0,0,0,0,0
1788908534.116538,2620,pg_catalog,pg_trigger,0,0,0,0,0,0,0,0,0
1788908534.116538,1985256,public,account_permission,0,0,0,0,0,0,0,0,0
1788908534.116538,1985507,public,news_xref,0,0,0,0,0,0,0,0,0
1788908534.116538,1985480,public,industry,0,0,0,0,0,0,0,0,0
1788908534.116538,2612,pg_catalog,pg_language,0,0,0,0,0,0,0,0,0
1788908534.116538,4149,pg_toast,pg_toast_2328,0,0,0,0,0,0,0,0,0
1788908534.116538,6351,pg_toast,pg_toast_2610,0,0,0,0,0,0,0,0,0
1788908534.116538,13489,information_schema,sql_sizing,0,0,,,0,0,0,0,0
1788908534.116538,1985494,pg_toast,pg_toast_1985486,0,0,0,0,0,0,0,0,0
1788908534.116538,3598,pg_toast,pg_toast_3596,0,0,0,0,0,0,0,0,0
1788908534.116538,2836,pg_toast,pg_toast_1255,0,0,0,0,0,0,0,0,0
1788908534.116538,3456,pg_catalog,pg_collation,0,0,0,0,0,0,0,0,0
1788908534.116538,3079,pg_catalog,pg_extension,0,0,0,0,0,0,0,0,0
1788908534.116538,6100,pg_catalog,pg_subscription,0,0,0,0,0,0,0,0,0
1788908534.116538,2832,pg_toast,pg_toast_2606,0,0,0,0,0,0,0,0,0
1788908534.116538,3256,pg_catalog,pg_policy,0,0,0,0,0,0,0,0,0
1788908534.116538,1985302,public,holding_history,0,0,0,0,0,0,0,0,0
1788908534.116538,1985517,public,security,0,0,0,0,0,0,0,0,0
1788908534.116538,3466,pg_catalog,pg_event_trigger,0,0,0,0,0,0,0,0,0
1788908534.116538,3592,pg_catalog,pg_shseclabel,0,0,0,0,0,0,0,0,0
1788908534.116538,3764,pg_catalog,pg_ts_template,0,0,0,0,0,0,0,0,0
1788908534.116538,6237,pg_catalog,pg_publication_namespace,0,0,0,0,0,0,0,0,0
1788908534.116538,13487,pg_toast,pg_toast_13484,0,0,0,0,0,0,0,0,0
1788908534.116538,2995,pg_catalog,pg_largeobject_metadata,0,0,0,0,0,0,0,0,0
1788908534.116538,1985275,public,customer_account,0,0,0,0,0,0,0,0,0
1788908534.116538,4143,pg_toast,pg_toast_826,0,0,0,0,0,0,0,0,0
1788908534.116538,4185,pg_toast,pg_toast_1213,0,0,0,0,0,0,0,0,0
1788908534.116538,6243,pg_catalog,pg_parameter_acl,0,0,0,0,0,0,0,0,0
1788908534.116538,2616,pg_catalog,pg_opclass,0,0,8,134,0,0,0,0,0
1788908534.116538,1985290,public,holding,0,0,0,0,0,0,0,0,0
1788908534.116538,2838,pg_toast,pg_toast_2618,0,0,1,3,0,0,0,0,0
1788908534.116538,6228,pg_toast,pg_toast_6106,0,0,0,0,0,0,0,0,0
1788908534.116538,1985349,pg_toast,pg_toast_1985343,0,0,0,0,0,0,0,0,0
1788908534.116538,1985434,public,company_competitor,0,0,0,0,0,0,0,0,0
1788908534.116538,1985370,pg_toast,pg_toast_1985363,0,0,0,0,0,0,0,0,0
1788908534.116538,1985505,pg_toast,pg_toast_1985496,0,0,0,0,0,0,0,0,0
1788908534.116538,1985264,public,customer,0,0,0,0,0,0,0,0,0
1788908534.116538,3118,pg_catalog,pg_foreign_table,0,0,0,0,0,0,0,0,0
1788908534.116538,1259,pg_catalog,pg_class,1,523,12,12,0,0,0,0,0
1788908534.116538,3350,pg_catalog,pg_partitioned_table,0,0,0,0,0,0,0,0,0
1788908534.116538,4153,pg_toast,pg_toast_3118,0,0,0,0,0,0,0,0,0
1788908534.116538,4060,pg_toast,pg_toast_3592,0,0,0,0,0,0,0,0,0
1788908534.116538,1985543,public,status_type,0,0,0,0,0,0,0,0,0
1788908534.116538,4165,pg_toast,pg_toast_3350,0,0,0,0,0,0,0,0,0
1788908534.116538,1985402,public,trade_request,0,0,0,0,0,0,0,0,0
1788908534.116538,2753,pg_catalog,pg_opfamily,0,0,2,2,0,0,0,0,0
1788908534.116538,3601,pg_catalog,pg_ts_parser,0,0,0,0,0,0,0,0,0
1788908534.116538,6104,pg_catalog,pg_publication,0,0,0,0,0,0,0,0,0
1788908534.116538,13477,pg_toast,pg_toast_13474,0,0,0,0,0,0,0,0,0
1788908534.116538,3429,pg_catalog,pg_statistic_ext_data,0,0,0,0,0,0,0,0,0
1788908534.116538,2619,pg_catalog,pg_statistic,0,0,17,8,0,0,0,0,0
1788908534.116538,4155,pg_toast,pg_toast_3394,0,0,0,0,0,0,0,0,0
1788908534.116538,1985548,public,taxrate,0,0,0,0,0,0,0,0,0
1788908534.116538,3381,pg_catalog,pg_statistic_ext,0,0,3,0,0,0,0,0,0
1788908534.116538,6106,pg_catalog,pg_publication_rel,0,0,0,0,0,0,0,0,0
1788908534.116538,1985372,public,trade,0,0,0,0,0,0,0,0,0
1788908534.116538,2605,pg_catalog,pg_cast,0,0,34,7,0,0,0,0,0
1788908534.116538,4171,pg_toast,pg_toast_1247,0,0,0,0,0,0,0,0,0
1788908534.116538,2830,pg_toast,pg_toast_2604,0,0,0,0,0,0,0,0,0
1788908534.116538,1985309,public,holding_summary,0,0,0,0,0,0,0,0,0
1788908534.116538,1985413,pg_toast,pg_toast_1985402,0,0,0,0,0,0,0,0,0
1788908534.116538,13479,information_schema,sql_implementation_info,0,0,,,0,0,0,0,0
1788908534.116538,1985341,pg_toast,pg_toast_1985335,0,0,0,0,0,0,0,0,0
1788908534.116538,6244,pg_toast,pg_toast_6243,0,0,0,0,0,0,0,0,0
1788908534.116538,1985315,public,watch_item,0,0,0,0,0,0,0,0,0
1788908534.116538,3430,pg_toast,pg_toast_3429,0,0,0,0,0,0,0,0,0
1788908534.116538,1985320,public,watch_list,0,0,0,0,0,0,0,0,0
1788908594.263967,1985536,pg_toast,pg_toast_1985517,0,0,0,0,0,0,0,0,0
1788908594.263967,3576,pg_catalog,pg_transform,0,0,0,0,0,0,0,0,0
1788908594.263967,2601,pg_catalog,pg_am,0,0,0,0,0,0,0,0,0
1788908594.263967,1985363,public,settlement,0,0,0,0,0,0,0,0,0
1788908594.263967,3394,pg_catalog,pg_init_privs,0,0,0,0,0,0,0,0,0
1788908594.263967,4167,pg_toast,pg_toast_3256,0,0,0,0,0,0,0,0,0
1788908594.263967,4151,pg_toast,pg_toast_1417,0,0,0,0,0,0,0,0,0
1788908594.263967,2834,pg_toast,pg_toast_2609,0,0,0,0,0,0,0,0,0
1788908594.263967,6000,pg_catalog,pg_replication_origin,0,0,0,0,0,0,0,0,0
1788908594.263967,2840,pg_toast,pg_toast_2619,0,0,0,0,0,0,0,0,0
1788908594.263967,1985486,public,last_trade,0,0,0,0,0,0,0,0,0
1788908594.263967,2328,pg_catalog,pg_foreign_data_wrapper,0,0,0,0,0,0,0,0,0
1788908594.263967,4157,pg_toast,pg_toast_2612,0,0,0,0,0,0,0,0,0
1788908594.263967,1260,pg_catalog,pg_authid,0,0,0,0,0,0,0,0,0
1788908594.263967,6102,pg_catalog,pg_subscription_rel,0,0,0,0,0,0,0,0,0
1788908594.263967,1214,pg_catalog,pg_shdepend,0,0,0,0,0,0,0,0,0
1788908594.263967,4163,pg_toast,pg_toast_2615,0,0,0,0,0,0,0,0,0
1788908594.263967,1985343,public,charge,0,0,0,0,0,0,0,0,0
1788908594.263967,1985440,public,daily_market,0,0,0,0,0,0,0,0,0
1788908594.263967,1985422,public,company,0,0,0,0,0,0,0,0,0
1788908594.263967,4169,pg_toast,pg_toast_3600,0,0,0,0,0,0,0,0,0
1788908594.263967,2615,pg_catalog,pg_namespace,1,4,5,2,0,0,0,0,0
1788908594.263967,2396,pg_catalog,pg_shdescription,0,0,0,0,0,0,0,0,0
1788908594.263967,3600,pg_catalog,pg_ts_dict,0,0,0,0,0,0,0,0,0
1788908594.263967,1985325,public,broker,0,0,0,0,0,0,0,0,0
1788908594.263967,3596,pg_catalog,pg_seclabel,0,0,0,0,0,0,0,0,0
1788908594.263967,1985460,public,financial,0,0,0,0,0,0,0,0,0
1788908594.263967,2609,pg_catalog,pg_description,0,0,0,0,0,0,0,0,0
1788908594.263967,1985351,public,commission_rate,0,0,0,0,0,0,0,0,0
1788908594.263967,13482,pg_toast,pg_toast_13479,0,0,0,0,0,0,0,0,0
1788908594.263967,1985396,public,trade_history,0,0,0,0,0,0,0,0,0
1788908594.263967,3603,pg_catalog,pg_ts_config_map,0,0,0,0,0,0,0,0,0
1788908594.263967,1213,pg_catalog,pg_tablespace,0,0,1,1,0,0,0,0,0
1788908594.263967,2608,pg_catalog,pg_depend,0,0,0,0,0,0,0,0,0
1788908594.263967,2964,pg_catalog,pg_db_role_setting,0,0,0,0,0,0,0,0,0
1788908594.263967,1985283,pg_toast,pg_toast_1985275,0,0,0,0,0,0,0,0,0
1788908594.263967,1418,pg_catalog,pg_user_mapping,0,0,0,0,0,0,0,0,0
1788908594.263967,2613,pg_catalog,pg_largeobject,0,0,0,0,0,0,0,0,0
1788908594.263967,6175,pg_toast,pg_toast_3456,0,0,0,0,0,0,0,0,0
1788908594.263967,1261,pg_catalog,pg_auth_members,0,0,0,0,0,0,0,0,0
1788908594.263967,1985335,public,cash_transaction,0,0,0,0,0,0,0,0,0
1788908594.263967,2617,pg_catalog,pg_operator,0,0,5,5,0,0,0,0,0
1788908594.263967,1985300,pg_toast,pg_toast_1985290,0,0,0,0,0,0,0,0,0
1788908594.263967,1985538,public,address,0,0,0,0,0,0,0,0,0
1788908594.263967,2610,pg_catalog,pg_index,1,221,11,14,0,0,0,0,0
1788908594.263967,1249,pg_catalog,pg_attribute,0,0,75,92,0,0,0,0,0
1788908594.263967,1985512,public,sector,0,0,0,0,0,0,0,0,0
1788908594.263967,1985415,public,trade_type,0,0,0,0,0,0,0,0,0
1788908594.263967,2600,pg_catalog,pg_aggregate,0,0,1,1,0,0,0,0,0
1788908594.263967,2966,pg_toast,pg_toast_2964,0,0,0,0,0,0,0,0,0
1788908594.263967,1985451,public,exchange,0,0,0,0,0,0,0,0,0
1788908594.263967,2618,pg_catalog,pg_rewrite,0,0,1,1,0,0,0,0,0
1788908594.263967,4177,pg_toast,pg_toast_1262,0,0,0,0,0,0,0,0,0
1788908594.263967,13484,information_schema,sql_parts,0,0,,,0,0,0,0,0
1788908594.263967,4159,pg_toast,pg_toast_2600,0,0,0,0,0,0,0,0,0
1788908594.263967,4147,pg_toast,pg_toast_3079,0,0,0,0,0,0,0,0,0
1788908594.263967,13474,information_schema,sql_features,0,0,,,0,0,0,0,0
1788908594.263967,1985394,pg_toast,pg_toast_1985372,0,0,0,0,0,0,0,0,0
1788908594.263967,1247,pg_catalog,pg_type,0,0,19,19,0,0,0,0,0
1788908594.263967,2602,pg_catalog,pg_amop,0,0,12,25,0,0,0,0,0
1788908594.263967,3439,pg_toast,pg_toast_3381,0,0,0,0,0,0,0,0,0
1788908594.263967,2846,pg_toast,pg_toast_2396,0,0,0,0,0,0,0,0,0
1788908594.263967,1985555,public,zip_code,0,0,0,0,0,0,0,0,0
1788908594.263967,1985478,pg_toast,pg_toast_1985460,0,0,0,0,0,0,0,0,0
1788908594.263967,4145,pg_toast,pg_toast_3466,0,0,0,0,0,0,0,0,0
1788908594.263967,3541,pg_catalog,pg_range,0,0,0,0,0,0,0,0,0
1788908594.263967,3602,pg_catalog,pg_ts_config,0,0,0,0,0,0,0,0,0
1788908594.263967,1985333,pg_toast,pg_toast_1985325,0,0,0,0,0,0,0,0,0
1788908594.263967,4183,pg_toast,pg_toast_6100,0,0,0,0,0,0,0,0,0
1788908594.263967,1985496,public,news_item,0,0,0,0,0,0,0,0,0
1788908594.263967,2224,pg_catalog,pg_sequence,0,0,0,0,0,0,0,0,0
1788908594.263967,2611,pg_catalog,pg_inherits,0,0,0,0,0,0,0,0,0
1788908594.263967,1417,pg_catalog,pg_foreign_server,0,0,0,0,0,0,0,0,0
1788908594.263967,1262,pg_catalog,pg_database,0,0,0,0,0,0,0,0,0
1788908594.263967,13492,pg_toast,pg_toast_13489,0,0,0,0,0,0,0,0,0
1788908594.263967,3501,pg_catalog,pg_enum,0,0,0,0,0,0,0,0,0
1788908594.263967,2607,pg_catalog,pg_conversion,0,0,0,0,0,0,0,0,0
1788908594.263967,1985449,pg_toast,pg_toast_1985440,0,0,0,0,0,0,0,0,0
1788908594.263967,826,pg_catalog,pg_default_acl,0,0,0,0,0,0,0,0,0
1788908594.263967,2604,pg_catalog,pg_attrdef,0,0,0,0,0,0,0,0,0
1788908594.263967,2336,pg_toast,pg_toast_2620,0,0,0,0,0,0,0,0,0
1788908594.263967,2603,pg_catalog,pg_amproc,0,0,5,11,0,0,0,0,0
1788908594.263967,2606,pg_catalog,pg_constraint,0,0,3,8,0,0,0,0,0
1788908594.263967,1255,pg_catalog,pg_proc,0,0,19,24,0,0,0,0,0
1788908594.263967,4173,pg_toast,pg_toast_1418,0,0,0,0,0,0,0,0,0
1788908594.263967,1985285,public,customer_taxrate,0,0,0,0,0,0,0,0,0
1788908594.263967,2620,pg_catalog,pg_trigger,0,0,0,0,0,0,0,0,0
1788908594.263967,1985256,public,account_permission,0,0,0,0,0,0,0,0,0
1788908594.263967,1985507,public,news_xref,0,0,0,0,0,0,0,0,0
1788908594.263967,1985480,public,industry,0,0,0,0,0,0,0,0,0
1788908594.263967,2612,pg_catalog,pg_language,0,0,0,0,0,0,0,0,0
1788908594.263967,4149,pg_toast,pg_toast_2328,0,0,0,0,0,0,0,0,0
1788908594.263967,6351,pg_toast,pg_toast_2610,0,0,0,0,0,0,0,0,0
1788908594.263967,13489,information_schema,sql_sizing,0,0,,,0,0,0,0,0
1788908594.263967,1985494,pg_toast,pg_toast_1985486,0,0,0,0,0,0,0,0,0
1788908594.263967,3598,pg_toast,pg_toast_3596,0,0,0,0,0,0,0,0,0
1788908594.263967,2836,pg_toast,pg_toast_1255,0,0,0,0,0,0,0,0,0
1788908594.263967,3456,pg_catalog,pg_collation,0,0,0,0,0,0,0,0,0
1788908594.263967,3079,pg_catalog,pg_extension,0,0,0,0,0,0,0,0,0
1788908594.263967,6100,pg_catalog,pg_subscription,0,0,0,0,0,0,0,0,0
1788908594.263967,2832,pg_toast,pg_toast_2606,0,0,0,0,0,0,0,0,0
1788908594.263967,3256,pg_catalog,pg_policy,0,0,0,0,0,0,0,0,0
1788908594.263967,1985302,public,holding_history,0,0,0,0,0,0,0,0,0
1788908594.263967,1985517,public,security,0,0,0,0,0,0,0,0,0
1788908594.263967,3466,pg_catalog,pg_event_trigger,0,0,0,0,0,0,0,0,0
1788908594.263967,3592,pg_catalog,pg_shseclabel,0,0,0,0,0,0,0,0,0
1788908594.263967,3764,pg_catalog,pg_ts_template,0,0,0,0,0,0,0,0,0
1788908594.263967,6237,pg_catalog,pg_publication_namespace,0,0,0,0,0,0,0,0,0
1788908594.263967,13487,pg_toast,pg_toast_13484,0,0,0,0,0,0,0,0,0
1788908594.263967,2995,pg_catalog,pg_largeobject_metadata,0,0,0,0,0,0,0,0,0
1788908594.263967,1985275,public,customer_account,0,0,0,0,0,0,0,0,0
1788908594.263967,4143,pg_toast,pg_toast_826,0,0,0,0,0,0,0,0,0
1788908594.263967,4185,pg_toast,pg_toast_1213,0,0,0,0,0,0,0,0,0
1788908594.263967,6243,pg_catalog,pg_parameter_acl,0,0,0,0,0,0,0,0,0
1788908594.263967,2616,pg_catalog,pg_opclass,0,0,8,134,0,0,0,0,0
1788908594.263967,1985290,public,holding,0,0,0,0,0,0,0,0,0
1788908594.263967,2838,pg_toast,pg_toast_2618,0,0,1,3,0,0,0,0,0
1788908594.263967,6228,pg_toast,pg_toast_6106,0,0,0,0,0,0,0,0,0
1788908594.263967,1985349,pg_toast,pg_toast_1985343,0,0,0,0,0,0,0,0,0
1788908594.263967,1985434,public,company_competitor,0,0,0,0,0,0,0,0,0
1788908594.263967,1985370,pg_toast,pg_toast_1985363,0,0,0,0,0,0,0,0,0
1788908594.263967,1985505,pg_toast,pg_toast_1985496,0,0,0,0,0,0,0,0,0
1788908594.263967,1985264,public,customer,0,0,0,0,0,0,0,0,0
1788908594.263967,3118,pg_catalog,pg_foreign_table,0,0,0,0,0,0,0,0,0
1788908594.263967,1259,pg_catalog,pg_class,1,523,12,12,0,0,0,0,0
1788908594.263967,3350,pg_catalog,pg_partitioned_table,0,0,0,0,0,0,0,0,0
1788908594.263967,4153,pg_toast,pg_toast_3118,0,0,0,0,0,0,0,0,0
1788908594.263967,4060,pg_toast,pg_toast_3592,0,0,0,0,0,0,0,0,0
1788908594.263967,1985543,public,status_type,0,0,0,0,0,0,0,0,0
1788908594.263967,4165,pg_toast,pg_toast_3350,0,0,0,0,0,0,0,0,0
1788908594.263967,1985402,public,trade_request,0,0,0,0,0,0,0,0,0
1788908594.263967,2753,pg_catalog,pg_opfamily,0,0,2,2,0,0,0,0,0
1788908594.263967,3601,pg_catalog,pg_ts_parser,0,0,0,0,0,0,0,0,0
1788908594.263967,6104,pg_catalog,pg_publication,0,0,0,0,0,0,0,0,0
1788908594.263967,13477,pg_toast,pg_toast_13474,0,0,0,0,0,0,0,0,0
1788908594.263967,3429,pg_catalog,pg_statistic_ext_data,0,0,0,0,0,0,0,0,0
1788908594.263967,2619,pg_catalog,pg_statistic,0,0,17,8,0,0,0,0,0
1788908594.263967,4155,pg_toast,pg_toast_3394,0,0,0,0,0,0,0,0,0
1788908594.263967,1985548,public,taxrate,0,0,0,0,0,0,0,0,0
1788908594.263967,3381,pg_catalog,pg_statistic_ext,0,0,3,0,0,0,0,0,0
1788908594.263967,6106,pg_catalog,pg_publication_rel,0,0,0,0,0,0,0,0,0
1788908594.263967,1985372,public,trade,0,0,0,0,0,0,0,0,0
1788908594.263967,2605,pg_catalog,pg_cast,0,0,34,7,0,0,0,0,0
1788908594.263967,4171,pg_toast,pg_toast_1247,0,0,0,0,0,0,0,0,0
1788908594.263967,2830,pg_toast,pg_toast_2604,0,0,0,0,0,0,0,0,0
1788908594.263967,1985309,public,holding_summary,0,0,0,0,0,0,0,0,0
1788908594.263967,1985413,pg_toast,pg_toast_1985402,0,0,0,0,0,0,0,0,0
1788908594.263967,13479,information_schema,sql_implementation_info,0,0,,,0,0,0,0,0
1788908594.263967,1985341,pg_toast,pg_toast_1985335,0,0,0,0,0,0,0,0,0
1788908594.263967,6244,pg_toast,pg_toast_6243,0,0,0,0,0,0,0,0,0
1788908594.263967,1985315,public,watch_item,0,0,0,0,0,0,0,0,0
1788908594.263967,3430,pg_toast,pg_toast_3429,0,0,0,0,0,0,0,0,0
1788908594.263967,1985320,public,watch_list,0,0,0,0,0,0,0,0,0
1788908654.371764,1985536,pg_toast,pg_toast_1985517,0,0,0,0,0,0,0,0,0
1788908654.371764,3576,pg_catalog,pg_transform,0,0,0,0,0,0,0,0,0
1788908654.371764,2601,pg_catalog,pg_am,0,0,0,0,0,0,0,0,0
1788908654.371764,1985363,public,settlement,0,0,0,0,0,0,0,0,0
1788908654.371764,3394,pg_catalog,pg_init_privs,0,0,0,0,0,0,0,0,0
1788908654.371764,4167,pg_toast,pg_toast_3256,0,0,0,0,0,0,0,0,0
1788908654.371764,4151,pg_toast,pg_toast_1417,0,0,0,0,0,0,0,0,0
1788908654.371764,2834,pg_toast,pg_toast_2609,0,0,0,0,0,0,0,0,0
1788908654.371764,6000,pg_catalog,pg_replication_origin,0,0,0,0,0,0,0,0,0
1788908654.371764,2840,pg_toast,pg_toast_2619,0,0,0,0,0,0,0,0,0
1788908654.371764,1985486,public,last_trade,0,0,0,0,0,0,0,0,0
1788908654.371764,2328,pg_catalog,pg_foreign_data_wrapper,0,0,0,0,0,0,0,0,0
1788908654.371764,4157,pg_toast,pg_toast_2612,0,0,0,0,0,0,0,0,0
1788908654.371764,1260,pg_catalog,pg_authid,0,0,0,0,0,0,0,0,0
1788908654.371764,6102,pg_catalog,pg_subscription_rel,0,0,0,0,0,0,0,0,0
1788908654.371764,1214,pg_catalog,pg_shdepend,0,0,0,0,0,0,0,0,0
1788908654.371764,4163,pg_toast,pg_toast_2615,0,0,0,0,0,0,0,0,0
1788908654.371764,1985343,public,charge,0,0,0,0,0,0,0,0,0
1788908654.371764,1985440,public,daily_market,0,0,0,0,0,0,0,0,0
1788908654.371764,1985422,public,company,0,0,0,0,0,0,0,0,0
1788908654.371764,4169,pg_toast,pg_toast_3600,0,0,0,0,0,0,0,0,0
1788908654.371764,2615,pg_catalog,pg_namespace,1,4,5,2,0,0,0,0,0
1788908654.371764,2396,pg_catalog,pg_shdescription,0,0,0,0,0,0,0,0,0
1788908654.371764,3600,pg_catalog,pg_ts_dict,0,0,0,0,0,0,0,0,0
1788908654.371764,1985325,public,broker,0,0,0,0,0,0,0,0,0
1788908654.371764,3596,pg_catalog,pg_seclabel,0,0,0,0,0,0,0,0,0
1788908654.371764,1985460,public,financial,0,0,0,0,0,0,0,0,0
1788908654.371764,2609,pg_catalog,pg_description,0,0,0,0,0,0,0,0,0
1788908654.371764,1985351,public,commission_rate,0,0,0,0,0,0,0,0,0
1788908654.371764,13482,pg_toast,pg_toast_13479,0,0,0,0,0,0,0,0,0
1788908654.371764,1985396,public,trade_history,0,0,0,0,0,0,0,0,0
1788908654.371764,3603,pg_catalog,pg_ts_config_map,0,0,0,0,0,0,0,0,0
1788908654.371764,1213,pg_catalog,pg_tablespace,0,0,1,1,0,0,0,0,0
1788908654.371764,2608,pg_catalog,pg_depend,0,0,0,0,0,0,0,0,0
1788908654.371764,2964,pg_catalog,pg_db_role_setting,0,0,0,0,0,0,0,0,0
1788908654.371764,1985283,pg_toast,pg_toast_1985275,0,0,0,0,0,0,0,0,0
1788908654.371764,1418,pg_catalog,pg_user_mapping,0,0,0,0,0,0,0,0,0
1788908654.371764,2613,pg_catalog,pg_largeobject,0,0,0,0,0,0,0,0,0
1788908654.371764,6175,pg_toast,pg_toast_3456,0,0,0,0,0,0,0,0,0
1788908654.371764,1261,pg_catalog,pg_auth_members,0,0,0,0,0,0,0,0,0
1788908654.371764,1985335,public,cash_transaction,0,0,0,0,0,0,0,0,0
1788908654.371764,2617,pg_catalog,pg_operator,0,0,5,5,0,0,0,0,0
1788908654.371764,1985300,pg_toast,pg_toast_1985290,0,0,0,0,0,0,0,0,0
1788908654.371764,1985538,public,address,0,0,0,0,0,0,0,0,0
1788908654.371764,2610,pg_catalog,pg_index,1,221,11,14,0,0,0,0,0
1788908654.371764,1249,pg_catalog,pg_attribute,0,0,75,92,0,0,0,0,0
1788908654.371764,1985512,public,sector,0,0,0,0,0,0,0,0,0
1788908654.371764,1985415,public,trade_type,0,0,0,0,0,0,0,0,0
1788908654.371764,2600,pg_catalog,pg_aggregate,0,0,1,1,0,0,0,0,0
1788908654.371764,2966,pg_toast,pg_toast_2964,0,0,0,0,0,0,0,0,0
1788908654.371764,1985451,public,exchange,0,0,0,0,0,0,0,0,0
1788908654.371764,2618,pg_catalog,pg_rewrite,0,0,1,1,0,0,0,0,0
1788908654.371764,4177,pg_toast,pg_toast_1262,0,0,0,0,0,0,0,0,0
1788908654.371764,13484,information_schema,sql_parts,0,0,,,0,0,0,0,0
1788908654.371764,4159,pg_toast,pg_toast_2600,0,0,0,0,0,0,0,0,0
1788908654.371764,4147,pg_toast,pg_toast_3079,0,0,0,0,0,0,0,0,0
1788908654.371764,13474,information_schema,sql_features,0,0,,,0,0,0,0,0
1788908654.371764,1985394,pg_toast,pg_toast_1985372,0,0,0,0,0,0,0,0,0
1788908654.371764,1247,pg_catalog,pg_type,0,0,19,19,0,0,0,0,0
1788908654.371764,2602,pg_catalog,pg_amop,0,0,12,25,0,0,0,0,0
1788908654.371764,3439,pg_toast,pg_toast_3381,0,0,0,0,0,0,0,0,0
1788908654.371764,2846,pg_toast,pg_toast_2396,0,0,0,0,0,0,0,0,0
1788908654.371764,1985555,public,zip_code,0,0,0,0,0,0,0,0,0
1788908654.371764,1985478,pg_toast,pg_toast_1985460,0,0,0,0,0,0,0,0,0
1788908654.371764,4145,pg_toast,pg_toast_3466,0,0,0,0,0,0,0,0,0
1788908654.371764,3541,pg_catalog,pg_range,0,0,0,0,0,0,0,0,0
1788908654.371764,3602,pg_catalog,pg_ts_config,0,0,0,0,0,0,0,0,0
1788908654.371764,1985333,pg_toast,pg_toast_1985325,0,0,0,0,0,0,0,0,0
1788908654.371764,4183,pg_toast,pg_toast_6100,0,0,0,0,0,0,0,0,0
1788908654.371764,1985496,public,news_item,0,0,0,0,0,0,0,0,0
1788908654.371764,2224,pg_catalog,pg_sequence,0,0,0,0,0,0,0,0,0
1788908654.371764,2611,pg_catalog,pg_inherits,0,0,0,0,0,0,0,0,0
1788908654.371764,1417,pg_catalog,pg_foreign_server,0,0,0,0,0,0,0,0,0
1788908654.371764,1262,pg_catalog,pg_database,0,0,0,0,0,0,0,0,0
1788908654.371764,13492,pg_toast,pg_toast_13489,0,0,0,0,0,0,0,0,0
1788908654.371764,3501,pg_catalog,pg_enum,0,0,0,0,0,0,0,0,0
1788908654.371764,2607,pg_catalog,pg_conversion,0,0,0,0,0,0,0,0,0
1788908654.371764,1985449,pg_toast,pg_toast_1985440,0,0,0,0,0,0,0,0,0
1788908654.371764,826,pg_catalog,pg_default_acl,0,0,0,0,0,0,0,0,0
1788908654.371764,2604,pg_catalog,pg_attrdef,0,0,0,0,0,0,0,0,0
1788908654.371764,2336,pg_toast,pg_toast_2620,0,0,0,0,0,0,0,0,0
1788908654.371764,2603,pg_catalog,pg_amproc,0,0,5,11,0,0,0,0,0
1788908654.371764,2606,pg_catalog,pg_constraint,0,0,3,8,0,0,0,0,0
1788908654.371764,1255,pg_catalog,pg_proc,0,0,19,24,0,0,0,0,0
1788908654.371764,4173,pg_toast,pg_toast_1418,0,0,0,0,0,0,0,0,0
1788908654.371764,1985285,public,customer_taxrate,0,0,0,0,0,0,0,0,0
1788908654.371764,2620,pg_catalog,pg_trigger,0,0,0,0,0,0,0,0,0
1788908654.371764,1985256,public,account_permission,0,0,0,0,0,0,0,0,0
1788908654.371764,1985507,public,news_xref,0,0,0,0,0,0,0,0,0
1788908654.371764,1985480,public,industry,0,0,0,0,0,0,0,0,0
1788908654.371764,2612,pg_catalog,pg_language,0,0,0,0,0,0,0,0,0
1788908654.371764,4149,pg_toast,pg_toast_2328,0,0,0,0,0,0,0,0,0
1788908654.371764,6351,pg_toast,pg_toast_2610,0,0,0,0,0,0,0,0,0
1788908654.371764,13489,information_schema,sql_sizing,0,0,,,0,0,0,0,0
1788908654.371764,1985494,pg_toast,pg_toast_1985486,0,0,0,0,0,0,0,0,0
1788908654.371764,3598,pg_toast,pg_toast_3596,0,0,0,0,0,0,0,0,0
1788908654.371764,2836,pg_toast,pg_toast_1255,0,0,0,0,0,0,0,0,0
1788908654.371764,3456,pg_catalog,pg_collation,0,0,0,0,0,0,0,0,0
1788908654.371764,3079,pg_catalog,pg_extension,0,0,0,0,0,0,0,0,0
1788908654.371764,6100,pg_catalog,pg_subscription,0,0,0,0,0,0,0,0,0
1788908654.371764,2832,pg_toast,pg_toast_2606,0,0,0,0,0,0,0,0,0
1788908654.371764,3256,pg_catalog,pg_policy,0,0,0,0,0,0,0,0,0
1788908654.371764,1985302,public,holding_history,0,0,0,0,0,0,0,0,0
1788908654.371764,1985517,public,security,0,0,0,0,0,0,0,0,0
1788908654.371764,3466,pg_catalog,pg_event_trigger,0,0,0,0,0,0,0,0,0
1788908654.371764,3592,pg_catalog,pg_shseclabel,0,0,0,0,0,0,0,0,0
1788908654.371764,3764,pg_catalog,pg_ts_template,0,0,0,0,0,0,0,0,0
1788908654.371764,6237,pg_catalog,pg_publication_namespace,0,0,0,0,0,0,0,0,0
1788908654.371764,13487,pg_toast,pg_toast_13484,0,0,0,0,0,0,0,0,0
1788908654.371764,2995,pg_catalog,pg_largeobject_metadata,0,0,0,0,0,0,0,0,0
1788908654.371764,1985275,public,customer_account,0,0,0,0,0,0,0,0,0
1788908654.371764,4143,pg_toast,pg_toast_826,0,0,0,0,0,0,0,0,0
1788908654.371764,4185,pg_toast,pg_toast_1213,0,0,0,0,0,0,0,0,0
1788908654.371764,6243,pg_catalog,pg_parameter_acl,0,0,0,0,0,0,0,0,0
1788908654.371764,2616,pg_catalog,pg_opclass,0,0,8,134,0,0,0,0,0
1788908654.371764,1985290,public,holding,0,0,0,0,0,0,0,0,0
1788908654.371764,2838,pg_toast,pg_toast_2618,0,0,1,3,0,0,0,0,0
1788908654.371764,6228,pg_toast,pg_toast_6106,0,0,0,0,0,0,0,0,0
1788908654.371764,1985349,pg_toast,pg_toast_1985343,0,0,0,0,0,0,0,0,0
1788908654.371764,1985434,public,company_competitor,0,0,0,0,0,0,0,0,0
1788908654.371764,1985370,pg_toast,pg_toast_1985363,0,0,0,0,0,0,0,0,0
1788908654.371764,1985505,pg_toast,pg_toast_1985496,0,0,0,0,0,0,0,0,0
1788908654.371764,1985264,public,customer,0,0,0,0,0,0,0,0,0
1788908654.371764,3118,pg_catalog,pg_foreign_table,0,0,0,0,0,0,0,0,0
1788908654.371764,1259,pg_catalog,pg_class,1,523,12,12,0,0,0,0,0
1788908654.371764,3350,pg_catalog,pg_partitioned_table,0,0,0,0,0,0,0,0,0
1788908654.371764,4153,pg_toast,pg_toast_3118,0,0,0,0,0,0,0,0,0
1788908654.371764,4060,pg_toast,pg_toast_3592,0,0,0,0,0,0,0,0,0
1788908654.371764,1985543,public,status_type,0,0,0,0,0,0,0,0,0
1788908654.371764,4165,pg_toast,pg_toast_3350,0,0,0,0,0,0,0,0,0
1788908654.371764,1985402,public,trade_request,0,0,0,0,0,0,0,0,0
1788908654.371764,2753,pg_catalog,pg_opfamily,0,0,2,2,0,0,0,0,0
1788908654.371764,3601,pg_catalog,pg_ts_parser,0,0,0,0,0,0,0,0,0
1788908654.371764,6104,pg_catalog,pg_publication,0,0,0,0,0,0,0,0,0
1788908654.371764,13477,pg_toast,pg_toast_13474,0,0,0,0,0,0,0,0,0
1788908654.371764,3429,pg_catalog,pg_statistic_ext_data,0,0,0,0,0,0,0,0,0
1788908654.371764,2619,pg_catalog,pg_statistic,0,0,17,8,0,0,0,0,0
1788908654.371764,4155,pg_toast,pg_toast_3394,0,0,0,0,0,0,0,0,0
1788908654.371764,1985548,public,taxrate,0,0,0,0,0,0,0,0,0
1788908654.371764,3381,pg_catalog,pg_statistic_ext,0,0,3,0,0,0,0,0,0
1788908654.371764,6106,pg_catalog,pg_publication_rel,0,0,0,0,0,0,0,0,0
1788908654.371764,1985372,public,trade,0,0,0,0,0,0,0,0,0
1788908654.371764,2605,pg_catalog,pg_cast,0,0,34,7,0,0,0,0,0
1788908654.371764,4171,pg_toast,pg_toast_1247,0,0,0,0,0,0,0,0,0
1788908654.371764,2830,pg_toast,pg_toast_2604,0,0,0,0,0,0,0,0,0
1788908654.371764,1985309,public,holding_summary,0,0,0,0,0,0,0,0,0
1788908654.371764,1985413,pg_toast,pg_toast_1985402,0,0,0,0,0,0,0,0,0
1788908654.371764,13479,information_schema,sql_implementation_info,0,0,,,0,0,0,0,0
1788908654.371764,1985341,pg_toast,pg_toast_1985335,0,0,0,0,0,0,0,0,0
1788908654.371764,6244,pg_toast,pg_toast_6243,0,0,0,0,0,0,0,0,0
1788908654.371764,1985315,public,watch_item,0,0,0,0,0,0,0,0,0
1788908654.371764,3430,pg_toast,pg_toast_3429,0,0,0,0,0,0,0,0,0
1788908654.371764,1985320,public,watch_list,0,0,0,0,0,0,0,0,0
1788908714.467761,1985536,pg_toast,pg_toast_1985517,0,0,0,0,0,0,0,0,0
1788908714.467761,3576,pg_catalog,pg_transform,0,0,0,0,0,0,0,0,0
1788908714.467761,2601,pg_catalog,pg_am,0,0,0,0,0,0,0,0,0
1788908714.467761,1985363,public,settlement,0,0,0,0,0,0,0,0,0
1788908714.467761,3394,pg_catalog,pg_init_privs,0,0,0,0,0,0,0,0,0
1788908714.467761,4167,pg_toast,pg_toast_3256,0,0,0,0,0,0,0,0,0
1788908714.467761,4151,pg_toast,pg_toast_1417,0,0,0,0,0,0,0,0,0
1788908714.467761,2834,pg_toast,pg_toast_2609,0,0,0,0,0,0,0,0,0
1788908714.467761,6000,pg_catalog,pg_replication_origin,0,0,0,0,0,0,0,0,0
1788908714.467761,2840,pg_toast,pg_toast_2619,0,0,0,0,0,0,0,0,0
1788908714.467761,1985486,public,last_trade,0,0,0,0,0,0,0,0,0
1788908714.467761,2328,pg_catalog,pg_foreign_data_wrapper,0,0,0,0,0,0,0,0,0
1788908714.467761,4157,pg_toast,pg_toast_2612,0,0,0,0,0,0,0,0,0
1788908714.467761,1260,pg_catalog,pg_authid,0,0,0,0,0,0,0,0,0
1788908714.467761,6102,pg_catalog,pg_subscription_rel,0,0,0,0,0,0,0,0,0
1788908714.467761,1214,pg_catalog,pg_shdepend,0,0,0,0,0,0,0,0,0
1788908714.467761,4163,pg_toast,pg_toast_2615,0,0,0,0,0,0,0,0,0
1788908714.467761,1985343,public,charge,0,0,0,0,0,0,0,0,0
1788908714.467761,1985440,public,daily_market,0,0,0,0,0,0,0,0,0
1788908714.467761,1985422,public,company,0,0,0,0,0,0,0,0,0
1788908714.467761,4169,pg_toast,pg_toast_3600,0,0,0,0,0,0,0,0,0
1788908714.467761,2615,pg_catalog,pg_namespace,1,4,5,2,0,0,0,0,0
1788908714.467761,2396,pg_catalog,pg_shdescription,0,0,0,0,0,0,0,0,0
1788908714.467761,3600,pg_catalog,pg_ts_dict,0,0,0,0,0,0,0,0,0
1788908714.467761,1985325,public,broker,0,0,0,0,0,0,0,0,0
1788908714.467761,3596,pg_catalog,pg_seclabel,0,0,0,0,0,0,0,0,0
1788908714.467761,1985460,public,financial,0,0,0,0,0,0,0,0,0
1788908714.467761,2609,pg_catalog,pg_description,0,0,0,0,0,0,0,0,0
1788908714.467761,1985351,public,commission_rate,0,0,0,0,0,0,0,0,0
1788908714.467761,13482,pg_toast,pg_toast_13479,0,0,0,0,0,0,0,0,0
1788908714.467761,1985396,public,trade_history,0,0,0,0,0,0,0,0,0
1788908714.467761,3603,pg_catalog,pg_ts_config_map,0,0,0,0,0,0,0,0,0
1788908714.467761,1213,pg_catalog,pg_tablespace,0,0,1,1,0,0,0,0,0
1788908714.467761,2608,pg_catalog,pg_depend,0,0,0,0,0,0,0,0,0
1788908714.467761,2964,pg_catalog,pg_db_role_setting,0,0,0,0,0,0,0,0,0
1788908714.467761,1985283,pg_toast,pg_toast_1985275,0,0,0,0,0,0,0,0,0
1788908714.467761,1418,pg_catalog,pg_user_mapping,0,0,0,0,0,0,0,0,0
1788908714.467761,2613,pg_catalog,pg_largeobject,0,0,0,0,0,0,0,0,0
1788908714.467761,6175,pg_toast,pg_toast_3456,0,0,0,0,0,0,0,0,0
1788908714.467761,1261,pg_catalog,pg_auth_members,0,0,0,0,0,0,0,0,0
1788908714.467761,1985335,public,cash_transaction,0,0,0,0,0,0,0,0,0
1788908714.467761,2617,pg_catalog,pg_operator,0,0,5,5,0,0,0,0,0
1788908714.467761,1985300,pg_toast,pg_toast_1985290,0,0,0,0,0,0,0,0,0
1788908714.467761,1985538,public,address,0,0,0,0,0,0,0,0,0
1788908714.467761,2610,pg_catalog,pg_index,1,221,11,14,0,0,0,0,0
1788908714.467761,1249,pg_catalog,pg_attribute,0,0,75,92,0,0,0,0,0
1788908714.467761,1985512,public,sector,0,0,0,0,0,0,0,0,0
1788908714.467761,1985415,public,trade_type,0,0,0,0,0,0,0,0,0
1788908714.467761,2600,pg_catalog,pg_aggregate,0,0,1,1,0,0,0,0,0
1788908714.467761,2966,pg_toast,pg_toast_2964,0,0,0,0,0,0,0,0,0
1788908714.467761,1985451,public,exchange,0,0,0,0,0,0,0,0,0
1788908714.467761,2618,pg_catalog,pg_rewrite,0,0,1,1,0,0,0,0,0
1788908714.467761,4177,pg_toast,pg_toast_1262,0,0,0,0,0,0,0,0,0
1788908714.467761,13484,information_schema,sql_parts,0,0,,,0,0,0,0,0
1788908714.467761,4159,pg_toast,pg_toast_2600,0,0,0,0,0,0,0,0,0
1788908714.467761,4147,pg_toast,pg_toast_3079,0,0,0,0,0,0,0,0,0
1788908714.467761,13474,information_schema,sql_features,0,0,,,0,0,0,0,0
1788908714.467761,1985394,pg_toast,pg_toast_1985372,0,0,0,0,0,0,0,0,0
1788908714.467761,1247,pg_catalog,pg_type,0,0,19,19,0,0,0,0,0
1788908714.467761,2602,pg_catalog,pg_amop,0,0,12,25,0,0,0,0,0
1788908714.467761,3439,pg_toast,pg_toast_3381,0,0,0,0,0,0,0,0,0
1788908714.467761,2846,pg_toast,pg_toast_2396,0,0,0,0,0,0,0,0,0
1788908714.467761,1985555,public,zip_code,0,0,0,0,0,0,0,0,0
1788908714.467761,1985478,pg_toast,pg_toast_1985460,0,0,0,0,0,0,0,0,0
1788908714.467761,4145,pg_toast,pg_toast_3466,0,0,0,0,0,0,0,0,0
1788908714.467761,3541,pg_catalog,pg_range,0,0,0,0,0,0,0,0,0
1788908714.467761,3602,pg_catalog,pg_ts_config,0,0,0,0,0,0,0,0,0
1788908714.467761,1985333,pg_toast,pg_toast_1985325,0,0,0,0,0,0,0,0,0
1788908714.467761,4183,pg_toast,pg_toast_6100,0,0,0,0,0,0,0,0,0
1788908714.467761,1985496,public,news_item,0,0,0,0,0,0,0,0,0
1788908714.467761,2224,pg_catalog,pg_sequence,0,0,0,0,0,0,0,0,0
1788908714.467761,2611,pg_catalog,pg_inherits,0,0,0,0,0,0,0,0,0
1788908714.467761,1417,pg_catalog,pg_foreign_server,0,0,0,0,0,0,0,0,0
1788908714.467761,1262,pg_catalog,pg_database,0,0,0,0,0,0,0,0,0
1788908714.467761,13492,pg_toast,pg_toast_13489,0,0,0,0,0,0,0,0,0
1788908714.467761,3501,pg_catalog,pg_enum,0,0,0,0,0,0,0,0,0
1788908714.467761,2607,pg_catalog,pg_conversion,0,0,0,0,0,0,0,0,0
1788908714.467761,1985449,pg_toast,pg_toast_1985440,0,0,0,0,0,0,0,0,0
1788908714.467761,826,pg_catalog,pg_default_acl,0,0,0,0,0,0,0,0,0
1788908714.467761,2604,pg_catalog,pg_attrdef,0,0,0,0,0,0,0,0,0
1788908714.467761,2336,pg_toast,pg_toast_2620,0,0,0,0,0,0,0,0,0
1788908714.467761,2603,pg_catalog,pg_amproc,0,0,5,11,0,0,0,0,0
1788908714.467761,2606,pg_catalog,pg_constraint,0,0,3,8,0,0,0,0,0
1788908714.467761,1255,pg_catalog,pg_proc,0,0,19,24,0,0,0,0,0
1788908714.467761,4173,pg_toast,pg_toast_1418,0,0,0,0,0,0,0,0,0
1788908714.467761,1985285,public,customer_taxrate,0,0,0,0,0,0,0,0,0
1788908714.467761,2620,pg_catalog,pg_trigger,0,0,0,0,0,0,0,0,0
1788908714.467761,1985256,public,account_permission,0,0,0,0,0,0,0,0,0
1788908714.467761,1985507,public,news_xref,0,0,0,0,0,0,0,0,0
1788908714.467761,1985480,public,industry,0,0,0,0,0,0,0,0,0
1788908714.467761,2612,pg_catalog,pg_language,0,0,0,0,0,0,0,0,0
1788908714.467761,4149,pg_toast,pg_toast_2328,0,0,0,0,0,0,0,0,0
1788908714.467761,6351,pg_toast,pg_toast_2610,0,0,0,0,0,0,0,0,0
1788908714.467761,13489,information_schema,sql_sizing,0,0,,,0,0,0,0,0
1788908714.467761,1985494,pg_toast,pg_toast_1985486,0,0,0,0,0,0,0,0,0
1788908714.467761,3598,pg_toast,pg_toast_3596,0,0,0,0,0,0,0,0,0
1788908714.467761,2836,pg_toast,pg_toast_1255,0,0,0,0,0,0,0,0,0
1788908714.467761,3456,pg_catalog,pg_collation,0,0,0,0,0,0,0,0,0
1788908714.467761,3079,pg_catalog,pg_extension,0,0,0,0,0,0,0,0,0
1788908714.467761,6100,pg_catalog,pg_subscription,0,0,0,0,0,0,0,0,0
1788908714.467761,2832,pg_toast,pg_toast_2606,0,0,0,0,0,0,0,0,0
1788908714.467761,3256,pg_catalog,pg_policy,0,0,0,0,0,0,0,0,0
1788908714.467761,1985302,public,holding_history,0,0,0,0,0,0,0,0,0
1788908714.467761,1985517,public,security,0,0,0,0,0,0,0,0,0
1788908714.467761,3466,pg_catalog,pg_event_trigger,0,0,0,0,0,0,0,0,0
1788908714.467761,3592,pg_catalog,pg_shseclabel,0,0,0,0,0,0,0,0,0
1788908714.467761,3764,pg_catalog,pg_ts_template,0,0,0,0,0,0,0,0,0
1788908714.467761,6237,pg_catalog,pg_publication_namespace,0,0,0,0,0,0,0,0,0
1788908714.467761,13487,pg_toast,pg_toast_13484,0,0,0,0,0,0,0,0,0
1788908714.467761,2995,pg_catalog,pg_largeobject_metadata,0,0,0,0,0,0,0,0,0
1788908714.467761,1985275,public,customer_account,0,0,0,0,0,0,0,0,0
1788908714.467761,4143,pg_toast,pg_toast_826,0,0,0,0,0,0,0,0,0
1788908714.467761,4185,pg_toast,pg_toast_1213,0,0,0,0,0,0,0,0,0
1788908714.467761,6243,pg_catalog,pg_parameter_acl,0,0,0,0,0,0,0,0,0
1788908714.467761,2616,pg_catalog,pg_opclass,0,0,8,134,0,0,0,0,0
1788908714.467761,1985290,public,holding,0,0,0,0,0,0,0,0,0
1788908714.467761,2838,pg_toast,pg_toast_2618,0,0,1,3,0,0,0,0,0
1788908714.467761,6228,pg_toast,pg_toast_6106,0,0,0,0,0,0,0,0,0
1788908714.467761,1985349,pg_toast,pg_toast_1985343,0,0,0,0,0,0,0,0,0
1788908714.467761,1985434,public,company_competitor,0,0,0,0,0,0,0,0,0
1788908714.467761,1985370,pg_toast,pg_toast_1985363,0,0,0,0,0,0,0,0,0
1788908714.467761,1985505,pg_toast,pg_toast_1985496,0,0,0,0,0,0,0,0,0
1788908714.467761,1985264,public,customer,0,0,0,0,0,0,0,0,0
1788908714.467761,3118,pg_catalog,pg_foreign_table,0,0,0,0,0,0,0,0,0
1788908714.467761,1259,pg_catalog,pg_class,1,523,12,12,0,0,0,0,0
1788908714.467761,3350,pg_catalog,pg_partitioned_table,0,0,0,0,0,0,0,0,0
1788908714.467761,4153,pg_toast,pg_toast_3118,0,0,0,0,0,0,0,0,0
1788908714.467761,4060,pg_toast,pg_toast_3592,0,0,0,0,0,0,0,0,0
1788908714.467761,1985543,public,status_type,0,0,0,0,0,0,0,0,0
1788908714.467761,4165,pg_toast,pg_toast_3350,0,0,0,0,0,0,0,0,0
1788908714.467761,1985402,public,trade_request,0,0,0,0,0,0,0,0,0
1788908714.467761,2753,pg_catalog,pg_opfamily,0,0,2,2,0,0,0,0,0
1788908714.467761,3601,pg_catalog,pg_ts_parser,0,0,0,0,0,0,0,0,0
1788908714.467761,6104,pg_catalog,pg_publication,0,0,0,0,0,0,0,0,0
1788908714.467761,13477,pg_toast,pg_toast_13474,0,0,0,0,0,0,0,0,0
1788908714.467761,3429,pg_catalog,pg_statistic_ext_data,0,0,0,0,0,0,0,0,0
1788908714.467761,2619,pg_catalog,pg_statistic,0,0,17,8,0,0,0,0,0
1788908714.467761,4155,pg_toast,pg_toast_3394,0,0,0,0,0,0,0,0,0
1788908714.467761,1985548,public,taxrate,0,0,0,0,0,0,0,0,0
1788908714.467761,3381,pg_catalog,pg_statistic_ext,0,0,3,0,0,0,0,0,0
1788908714.467761,6106,pg_catalog,pg_publication_rel,0,0,0,0,0,0,0,0,0
1788908714.467761,1985372,public,trade,0,0,0,0,0,0,0,0,0
1788908714.467761,2605,pg_catalog,pg_cast,0,0,34,7,0,0,0,0,0
1788908714.467761,4171,pg_toast,pg_toast_1247,0,0,0,0,0,0,0,0,0
1788908714.467761,2830,pg_toast,pg_toast_2604,0,0,0,0,0,0,0,0,0
1788908714.467761,1985309,public,holding_summary,0,0,0,0,0,0,0,0,0
1788908714.467761,1985413,pg_toast,pg_toast_1985402,0,0,0,0,0,0,0,0,0
1788908714.467761,13479,information_schema,sql_implementation_info,0,0,,,0,0,0,0,0
1788908714.467761,1985341,pg_toast,pg_toast_1985335,0,0,0,0,0,0,0,0,0
1788908714.467761,6244,pg_toast,pg_toast_6243,0,0,0,0,0,0,0,0,0
1788908714.467761,1985315,public,watch_item,0,0,0,0,0,0,0,0,0
1788908714.467761,3430,pg_toast,pg_toast_3429,0,0,0,0,0,0,0,0,0
1788908714.467761,1985320,public,watch_list,0,0,0,0,0,0,0,0,0
1788908774.611194,1985536,pg_toast,pg_toast_1985517,0,0,0,0,0,0,0,0,0
1788908774.611194,3576,pg_catalog,pg_transform,0,0,0,0,0,0,0,0,0
1788908774.611194,2601,pg_catalog,pg_am,0,0,0,0,0,0,0,0,0
1788908774.611194,1985363,public,settlement,0,0,0,0,0,0,0,0,0
1788908774.611194,3394,pg_catalog,pg_init_privs,0,0,0,0,0,0,0,0,0
1788908774.611194,4167,pg_toast,pg_toast_3256,0,0,0,0,0,0,0,0,0
1788908774.611194,4151,pg_toast,pg_toast_1417,0,0,0,0,0,0,0,0,0
1788908774.611194,2834,pg_toast,pg_toast_2609,0,0,0,0,0,0,0,0,0
1788908774.611194,6000,pg_catalog,pg_replication_origin,0,0,0,0,0,0,0,0,0
1788908774.611194,2840,pg_toast,pg_toast_2619,0,0,0,0,0,0,0,0,0
1788908774.611194,1985486,public,last_trade,0,0,0,0,0,0,0,0,0
1788908774.611194,2328,pg_catalog,pg_foreign_data_wrapper,0,0,0,0,0,0,0,0,0
1788908774.611194,4157,pg_toast,pg_toast_2612,0,0,0,0,0,0,0,0,0
1788908774.611194,1260,pg_catalog,pg_authid,0,0,0,0,0,0,0,0,0
1788908774.611194,6102,pg_catalog,pg_subscription_rel,0,0,0,0,0,0,0,0,0
1788908774.611194,1214,pg_catalog,pg_shdepend,0,0,0,0,0,0,0,0,0
1788908774.611194,4163,pg_toast,pg_toast_2615,0,0,0,0,0,0,0,0,0
1788908774.611194,1985343,public,charge,0,0,0,0,0,0,0,0,0
1788908774.611194,1985440,public,daily_market,0,0,0,0,0,0,0,0,0
1788908774.611194,1985422,public,company,0,0,0,0,0,0,0,0,0
1788908774.611194,4169,pg_toast,pg_toast_3600,0,0,0,0,0,0,0,0,0
1788908774.611194,2615,pg_catalog,pg_namespace,1,4,5,2,0,0,0,0,0
1788908774.611194,2396,pg_catalog,pg_shdescription,0,0,0,0,0,0,0,0,0
1788908774.611194,3600,pg_catalog,pg_ts_dict,0,0,0,0,0,0,0,0,0
1788908774.611194,1985325,public,broker,0,0,0,0,0,0,0,0,0
1788908774.611194,3596,pg_catalog,pg_seclabel,0,0,0,0,0,0,0,0,0
1788908774.611194,1985460,public,financial,0,0,0,0,0,0,0,0,0
1788908774.611194,2609,pg_catalog,pg_description,0,0,0,0,0,0,0,0,0
1788908774.611194,1985351,public,commission_rate,0,0,0,0,0,0,0,0,0
1788908774.611194,13482,pg_toast,pg_toast_13479,0,0,0,0,0,0,0,0,0
1788908774.611194,1985396,public,trade_history,0,0,0,0,0,0,0,0,0
1788908774.611194,3603,pg_catalog,pg_ts_config_map,0,0,0,0,0,0,0,0,0
1788908774.611194,1213,pg_catalog,pg_tablespace,0,0,1,1,0,0,0,0,0
1788908774.611194,2608,pg_catalog,pg_depend,0,0,0,0,0,0,0,0,0
1788908774.611194,2964,pg_catalog,pg_db_role_setting,0,0,0,0,0,0,0,0,0
1788908774.611194,1985283,pg_toast,pg_toast_1985275,0,0,0,0,0,0,0,0,0
1788908774.611194,1418,pg_catalog,pg_user_mapping,0,0,0,0,0,0,0,0,0
1788908774.611194,2613,pg_catalog,pg_largeobject,0,0,0,0,0,0,0,0,0
1788908774.611194,6175,pg_toast,pg_toast_3456,0,0,0,0,0,0,0,0,0
1788908774.611194,1261,pg_catalog,pg_auth_members,0,0,0,0,0,0,0,0,0
1788908774.611194,1985335,public,cash_transaction,0,0,0,0,0,0,0,0,0
1788908774.611194,2617,pg_catalog,pg_operator,0,0,5,5,0,0,0,0,0
1788908774.611194,1985300,pg_toast,pg_toast_1985290,0,0,0,0,0,0,0,0,0
1788908774.611194,1985538,public,address,0,0,0,0,0,0,0,0,0
1788908774.611194,2610,pg_catalog,pg_index,1,221,11,14,0,0,0,0,0
1788908774.611194,1249,pg_catalog,pg_attribute,0,0,75,92,0,0,0,0,0
1788908774.611194,1985512,public,sector,0,0,0,0,0,0,0,0,0
1788908774.611194,1985415,public,trade_type,0,0,0,0,0,0,0,0,0
1788908774.611194,2600,pg_catalog,pg_aggregate,0,0,1,1,0,0,0,0,0
1788908774.611194,2966,pg_toast,pg_toast_2964,0,0,0,0,0,0,0,0,0
1788908774.611194,1985451,public,exchange,0,0,0,0,0,0,0,0,0
1788908774.611194,2618,pg_catalog,pg_rewrite,0,0,1,1,0,0,0,0,0
1788908774.611194,4177,pg_toast,pg_toast_1262,0,0,0,0,0,0,0,0,0
1788908774.611194,13484,information_schema,sql_parts,0,0,,,0,0,0,0,0
1788908774.611194,4159,pg_toast,pg_toast_2600,0,0,0,0,0,0,0,0,0
1788908774.611194,4147,pg_toast,pg_toast_3079,0,0,0,0,0,0,0,0,0
1788908774.611194,13474,information_schema,sql_features,0,0,,,0,0,0,0,0
1788908774.611194,1985394,pg_toast,pg_toast_1985372,0,0,0,0,0,0,0,0,0
1788908774.611194,1247,pg_catalog,pg_type,0,0,19,19,0,0,0,0,0
1788908774.611194,2602,pg_catalog,pg_amop,0,0,12,25,0,0,0,0,0
1788908774.611194,3439,pg_toast,pg_toast_3381,0,0,0,0,0,0,0,0,0
1788908774.611194,2846,pg_toast,pg_toast_2396,0,0,0,0,0,0,0,0,0
1788908774.611194,1985555,public,zip_code,0,0,0,0,0,0,0,0,0
1788908774.611194,1985478,pg_toast,pg_toast_1985460,0,0,0,0,0,0,0,0,0
1788908774.611194,4145,pg_toast,pg_toast_3466,0,0,0,0,0,0,0,0,0
1788908774.611194,3541,pg_catalog,pg_range,0,0,0,0,0,0,0,0,0
1788908774.611194,3602,pg_catalog,pg_ts_config,0,0,0,0,0,0,0,0,0
1788908774.611194,1985333,pg_toast,pg_toast_1985325,0,0,0,0,0,0,0,0,0
1788908774.611194,4183,pg_toast,pg_toast_6100,0,0,0,0,0,0,0,0,0
1788908774.611194,1985496,public,news_item,0,0,0,0,0,0,0,0,0
1788908774.611194,2224,pg_catalog,pg_sequence,0,0,0,0,0,0,0,0,0
1788908774.611194,2611,pg_catalog,pg_inherits,0,0,0,0,0,0,0,0,0
1788908774.611194,1417,pg_catalog,pg_foreign_server,0,0,0,0,0,0,0,0,0
1788908774.611194,1262,pg_catalog,pg_database,0,0,0,0,0,0,0,0,0
1788908774.611194,13492,pg_toast,pg_toast_13489,0,0,0,0,0,0,0,0,0
1788908774.611194,3501,pg_catalog,pg_enum,0,0,0,0,0,0,0,0,0
1788908774.611194,2607,pg_catalog,pg_conversion,0,0,0,0,0,0,0,0,0
1788908774.611194,1985449,pg_toast,pg_toast_1985440,0,0,0,0,0,0,0,0,0
1788908774.611194,826,pg_catalog,pg_default_acl,0,0,0,0,0,0,0,0,0
1788908774.611194,2604,pg_catalog,pg_attrdef,0,0,0,0,0,0,0,0,0
1788908774.611194,2336,pg_toast,pg_toast_2620,0,0,0,0,0,0,0,0,0
1788908774.611194,2603,pg_catalog,pg_amproc,0,0,5,11,0,0,0,0,0
1788908774.611194,2606,pg_catalog,pg_constraint,0,0,3,8,0,0,0,0,0
1788908774.611194,1255,pg_catalog,pg_proc,0,0,19,24,0,0,0,0,0
1788908774.611194,4173,pg_toast,pg_toast_1418,0,0,0,0,0,0,0,0,0
1788908774.611194,1985285,public,customer_taxrate,0,0,0,0,0,0,0,0,0
1788908774.611194,2620,pg_catalog,pg_trigger,0,0,0,0,0,0,0,0,0
1788908774.611194,1985256,public,account_permission,0,0,0,0,0,0,0,0,0
1788908774.611194,1985507,public,news_xref,0,0,0,0,0,0,0,0,0
1788908774.611194,1985480,public,industry,0,0,0,0,0,0,0,0,0
1788908774.611194,2612,pg_catalog,pg_language,0,0,0,0,0,0,0,0,0
1788908774.611194,4149,pg_toast,pg_toast_2328,0,0,0,0,0,0,0,0,0
1788908774.611194,6351,pg_toast,pg_toast_2610,0,0,0,0,0,0,0,0,0
1788908774.611194,13489,information_schema,sql_sizing,0,0,,,0,0,0,0,0
1788908774.611194,1985494,pg_toast,pg_toast_1985486,0,0,0,0,0,0,0,0,0
1788908774.611194,3598,pg_toast,pg_toast_3596,0,0,0,0,0,0,0,0,0
1788908774.611194,2836,pg_toast,pg_toast_1255,0,0,0,0,0,0,0,0,0
1788908774.611194,3456,pg_catalog,pg_collation,0,0,0,0,0,0,0,0,0
1788908774.611194,3079,pg_catalog,pg_extension,0,0,0,0,0,0,0,0,0
1788908774.611194,6100,pg_catalog,pg_subscription,0,0,0,0,0,0,0,0,0
1788908774.611194,2832,pg_toast,pg_toast_2606,0,0,0,0,0,0,0,0,0
1788908774.611194,3256,pg_catalog,pg_policy,0,0,0,0,0,0,0,0,0
1788908774.611194,1985302,public,holding_history,0,0,0,0,0,0,0,0,0
1788908774.611194,1985517,public,security,0,0,0,0,0,0,0,0,0
1788908774.611194,3466,pg_catalog,pg_event_trigger,0,0,0,0,0,0,0,0,0
1788908774.611194,3592,pg_catalog,pg_shseclabel,0,0,0,0,0,0,0,0,0
1788908774.611194,3764,pg_catalog,pg_ts_template,0,0,0,0,0,0,0,0,0
1788908774.611194,6237,pg_catalog,pg_publication_namespace,0,0,0,0,0,0,0,0,0
1788908774.611194,13487,pg_toast,pg_toast_13484,0,0,0,0,0,0,0,0,0
1788908774.611194,2995,pg_catalog,pg_largeobject_metadata,0,0,0,0,0,0,0,0,0
1788908774.611194,1985275,public,customer_account,0,0,0,0,0,0,0,0,0
1788908774.611194,4143,pg_toast,pg_toast_826,0,0,0,0,0,0,0,0,0
1788908774.611194,4185,pg_toast,pg_toast_1213,0,0,0,0,0,0,0,0,0
1788908774.611194,6243,pg_catalog,pg_parameter_acl,0,0,0,0,0,0,0,0,0
1788908774.611194,2616,pg_catalog,pg_opclass,0,0,8,134,0,0,0,0,0
1788908774.611194,1985290,public,holding,0,0,0,0,0,0,0,0,0
1788908774.611194,2838,pg_toast,pg_toast_2618,0,0,1,3,0,0,0,0,0
1788908774.611194,6228,pg_toast,pg_toast_6106,0,0,0,0,0,0,0,0,0
1788908774.611194,1985349,pg_toast,pg_toast_1985343,0,0,0,0,0,0,0,0,0
1788908774.611194,1985434,public,company_competitor,0,0,0,0,0,0,0,0,0
1788908774.611194,1985370,pg_toast,pg_toast_1985363,0,0,0,0,0,0,0,0,0
1788908774.611194,1985505,pg_toast,pg_toast_1985496,0,0,0,0,0,0,0,0,0
1788908774.611194,1985264,public,customer,0,0,0,0,0,0,0,0,0
1788908774.611194,3118,pg_catalog,pg_foreign_table,0,0,0,0,0,0,0,0,0
1788908774.611194,1259,pg_catalog,pg_class,1,523,12,12,0,0,0,0,0
1788908774.611194,3350,pg_catalog,pg_partitioned_table,0,0,0,0,0,0,0,0,0
1788908774.611194,4153,pg_toast,pg_toast_3118,0,0,0,0,0,0,0,0,0
1788908774.611194,4060,pg_toast,pg_toast_3592,0,0,0,0,0,0,0,0,0
1788908774.611194,1985543,public,status_type,0,0,0,0,0,0,0,0,0
1788908774.611194,4165,pg_toast,pg_toast_3350,0,0,0,0,0,0,0,0,0
1788908774.611194,1985402,public,trade_request,0,0,0,0,0,0,0,0,0
1788908774.611194,2753,pg_catalog,pg_opfamily,0,0,2,2,0,0,0,0,0
1788908774.611194,3601,pg_catalog,pg_ts_parser,0,0,0,0,0,0,0,0,0
1788908774.611194,6104,pg_catalog,pg_publication,0,0,0,0,0,0,0,0,0
1788908774.611194,13477,pg_toast,pg_toast_13474,0,0,0,0,0,0,0,0,0
1788908774.611194,3429,pg_catalog,pg_statistic_ext_data,0,0,0,0,0,0,0,0,0
1788908774.611194,2619,pg_catalog,pg_statistic,0,0,17,8,0,0,0,0,0
1788908774.611194,4155,pg_toast,pg_toast_3394,0,0,0,0,0,0,0,0,0
1788908774.611194,1985548,public,taxrate,0,0,0,0,0,0,0,0,0
1788908774.611194,3381,pg_catalog,pg_statistic_ext,0,0,3,0,0,0,0,0,0
1788908774.611194,6106,pg_catalog,pg_publication_rel,0,0,0,0,0,0,0,0,0
1788908774.611194,1985372,public,trade,0,0,0,0,0,0,0,0,0
1788908774.611194,2605,pg_catalog,pg_cast,0,0,34,7,0,0,0,0,0
1788908774.611194,4171,pg_toast,pg_toast_1247,0,0,0,0,0,0,0,0,0
1788908774.611194,2830,pg_toast,pg_toast_2604,0,0,0,0,0,0,0,0,0
1788908774.611194,1985309,public,holding_summary,0,0,0,0,0,0,0,0,0
1788908774.611194,1985413,pg_toast,pg_toast_1985402,0,0,0,0,0,0,0,0,0
1788908774.611194,13479,information_schema,sql_implementation_info,0,0,,,0,0,0,0,0
1788908774.611194,1985341,pg_toast,pg_toast_1985335,0,0,0,0,0,0,0,0,0
1788908774.611194,6244,pg_toast,pg_toast_6243,0,0,0,0,0,0,0,0,0
1788908774.611194,1985315,public,watch_item,0,0,0,0,0,0,0,0,0
1788908774.611194,3430,pg_toast,pg_toast_3429,0,0,0,0,0,0,0,0,0
1788908774.611194,1985320,public,watch_list,0,0,0,0,0,0,0,0,0
1788908834.727650,1985536,pg_toast,pg_toast_1985517,0,0,0,0,0,0,0,0,0
1788908834.727650,3576,pg_catalog,pg_transform,0,0,0,0,0,0,0,0,0
1788908834.727650,2601,pg_catalog,pg_am,0,0,0,0,0,0,0,0,0
1788908834.727650,1985363,public,settlement,0,0,0,0,0,0,0,0,0
1788908834.727650,3394,pg_catalog,pg_init_privs,0,0,0,0,0,0,0,0,0
1788908834.727650,4167,pg_toast,pg_toast_3256,0,0,0,0,0,0,0,0,0
1788908834.727650,4151,pg_toast,pg_toast_1417,0,0,0,0,0,0,0,0,0
1788908834.727650,2834,pg_toast,pg_toast_2609,0,0,0,0,0,0,0,0,0
1788908834.727650,6000,pg_catalog,pg_replication_origin,0,0,0,0,0,0,0,0,0
1788908834.727650,2840,pg_toast,pg_toast_2619,0,0,0,0,0,0,0,0,0
1788908834.727650,1985486,public,last_trade,0,0,0,0,0,0,0,0,0
1788908834.727650,2328,pg_catalog,pg_foreign_data_wrapper,0,0,0,0,0,0,0,0,0
1788908834.727650,4157,pg_toast,pg_toast_2612,0,0,0,0,0,0,0,0,0
1788908834.727650,1260,pg_catalog,pg_authid,0,0,0,0,0,0,0,0,0
1788908834.727650,6102,pg_catalog,pg_subscription_rel,0,0,0,0,0,0,0,0,0
1788908834.727650,1214,pg_catalog,pg_shdepend,0,0,0,0,0,0,0,0,0
1788908834.727650,4163,pg_toast,pg_toast_2615,0,0,0,0,0,0,0,0,0
1788908834.727650,1985343,public,charge,0,0,0,0,0,0,0,0,0
1788908834.727650,1985440,public,daily_market,0,0,0,0,0,0,0,0,0
1788908834.727650,1985422,public,company,0,0,0,0,0,0,0,0,0
1788908834.727650,4169,pg_toast,pg_toast_3600,0,0,0,0,0,0,0,0,0
1788908834.727650,2615,pg_catalog,pg_namespace,1,4,5,2,0,0,0,0,0
1788908834.727650,2396,pg_catalog,pg_shdescription,0,0,0,0,0,0,0,0,0
1788908834.727650,3600,pg_catalog,pg_ts_dict,0,0,0,0,0,0,0,0,0
1788908834.727650,1985325,public,broker,0,0,0,0,0,0,0,0,0
1788908834.727650,3596,pg_catalog,pg_seclabel,0,0,0,0,0,0,0,0,0
1788908834.727650,1985460,public,financial,0,0,0,0,0,0,0,0,0
1788908834.727650,2609,pg_catalog,pg_description,0,0,0,0,0,0,0,0,0
1788908834.727650,1985351,public,commission_rate,0,0,0,0,0,0,0,0,0
1788908834.727650,13482,pg_toast,pg_toast_13479,0,0,0,0,0,0,0,0,0
1788908834.727650,1985396,public,trade_history,0,0,0,0,0,0,0,0,0
1788908834.727650,3603,pg_catalog,pg_ts_config_map,0,0,0,0,0,0,0,0,0
1788908834.727650,1213,pg_catalog,pg_tablespace,0,0,1,1,0,0,0,0,0
1788908834.727650,2608,pg_catalog,pg_depend,0,0,0,0,0,0,0,0,0
1788908834.727650,2964,pg_catalog,pg_db_role_setting,0,0,0,0,0,0,0,0,0
1788908834.727650,1985283,pg_toast,pg_toast_1985275,0,0,0,0,0,0,0,0,0
1788908834.727650,1418,pg_catalog,pg_user_mapping,0,0,0,0,0,0,0,0,0
1788908834.727650,2613,pg_catalog,pg_largeobject,0,0,0,0,0,0,0,0,0
1788908834.727650,6175,pg_toast,pg_toast_3456,0,0,0,0,0,0,0,0,0
1788908834.727650,1261,pg_catalog,pg_auth_members,0,0,0,0,0,0,0,0,0
1788908834.727650,1985335,public,cash_transaction,0,0,0,0,0,0,0,0,0
1788908834.727650,2617,pg_catalog,pg_operator,0,0,5,5,0,0,0,0,0
1788908834.727650,1985300,pg_toast,pg_toast_1985290,0,0,0,0,0,0,0,0,0
1788908834.727650,1985538,public,address,0,0,0,0,0,0,0,0,0
1788908834.727650,2610,pg_catalog,pg_index,1,221,11,14,0,0,0,0,0
1788908834.727650,1249,pg_catalog,pg_attribute,0,0,75,92,0,0,0,0,0
1788908834.727650,1985512,public,sector,0,0,0,0,0,0,0,0,0
1788908834.727650,1985415,public,trade_type,0,0,0,0,0,0,0,0,0
1788908834.727650,2600,pg_catalog,pg_aggregate,0,0,1,1,0,0,0,0,0
1788908834.727650,2966,pg_toast,pg_toast_2964,0,0,0,0,0,0,0,0,0
1788908834.727650,1985451,public,exchange,0,0,0,0,0,0,0,0,0
1788908834.727650,2618,pg_catalog,pg_rewrite,0,0,1,1,0,0,0,0,0
1788908834.727650,4177,pg_toast,pg_toast_1262,0,0,0,0,0,0,0,0,0
1788908834.727650,13484,information_schema,sql_parts,0,0,,,0,0,0,0,0
1788908834.727650,4159,pg_toast,pg_toast_2600,0,0,0,0,0,0,0,0,0
1788908834.727650,4147,pg_toast,pg_toast_3079,0,0,0,0,0,0,0,0,0
1788908834.727650,13474,information_schema,sql_features,0,0,,,0,0,0,0,0
1788908834.727650,1985394,pg_toast,pg_toast_1985372,0,0,0,0,0,0,0,0,0
1788908834.727650,1247,pg_catalog,pg_type,0,0,19,19,0,0,0,0,0
1788908834.727650,2602,pg_catalog,pg_amop,0,0,12,25,0,0,0,0,0
1788908834.727650,3439,pg_toast,pg_toast_3381,0,0,0,0,0,0,0,0,0
1788908834.727650,2846,pg_toast,pg_toast_2396,0,0,0,0,0,0,0,0,0
1788908834.727650,1985555,public,zip_code,0,0,0,0,0,0,0,0,0
1788908834.727650,1985478,pg_toast,pg_toast_1985460,0,0,0,0,0,0,0,0,0
1788908834.727650,4145,pg_toast,pg_toast_3466,0,0,0,0,0,0,0,0,0
1788908834.727650,3541,pg_catalog,pg_range,0,0,0,0,0,0,0,0,0
1788908834.727650,3602,pg_catalog,pg_ts_config,0,0,0,0,0,0,0,0,0
1788908834.727650,1985333,pg_toast,pg_toast_1985325,0,0,0,0,0,0,0,0,0
1788908834.727650,4183,pg_toast,pg_toast_6100,0,0,0,0,0,0,0,0,0
1788908834.727650,1985496,public,news_item,0,0,0,0,0,0,0,0,0
1788908834.727650,2224,pg_catalog,pg_sequence,0,0,0,0,0,0,0,0,0
1788908834.727650,2611,pg_catalog,pg_inherits,0,0,0,0,0,0,0,0,0
1788908834.727650,1417,pg_catalog,pg_foreign_server,0,0,0,0,0,0,0,0,0
1788908834.727650,1262,pg_catalog,pg_database,0,0,0,0,0,0,0,0,0
1788908834.727650,13492,pg_toast,pg_toast_13489,0,0,0,0,0,0,0,0,0
1788908834.727650,3501,pg_catalog,pg_enum,0,0,0,0,0,0,0,0,0
1788908834.727650,2607,pg_catalog,pg_conversion,0,0,0,0,0,0,0,0,0
1788908834.727650,1985449,pg_toast,pg_toast_1985440,0,0,0,0,0,0,0,0,0
1788908834.727650,826,pg_catalog,pg_default_acl,0,0,0,0,0,0,0,0,0
1788908834.727650,2604,pg_catalog,pg_attrdef,0,0,0,0,0,0,0,0,0
1788908834.727650,2336,pg_toast,pg_toast_2620,0,0,0,0,0,0,0,0,0
1788908834.727650,2603,pg_catalog,pg_amproc,0,0,5,11,0,0,0,0,0
1788908834.727650,2606,pg_catalog,pg_constraint,0,0,3,8,0,0,0,0,0
1788908834.727650,1255,pg_catalog,pg_proc,0,0,19,24,0,0,0,0,0
1788908834.727650,4173,pg_toast,pg_toast_1418,0,0,0,0,0,0,0,0,0
1788908834.727650,1985285,public,customer_taxrate,0,0,0,0,0,0,0,0,0
1788908834.727650,2620,pg_catalog,pg_trigger,0,0,0,0,0,0,0,0,0
1788908834.727650,1985256,public,account_permission,0,0,0,0,0,0,0,0,0
1788908834.727650,1985507,public,news_xref,0,0,0,0,0,0,0,0,0
1788908834.727650,1985480,public,industry,0,0,0,0,0,0,0,0,0
1788908834.727650,2612,pg_catalog,pg_language,0,0,0,0,0,0,0,0,0
1788908834.727650,4149,pg_toast,pg_toast_2328,0,0,0,0,0,0,0,0,0
1788908834.727650,6351,pg_toast,pg_toast_2610,0,0,0,0,0,0,0,0,0
1788908834.727650,13489,information_schema,sql_sizing,0,0,,,0,0,0,0,0
1788908834.727650,1985494,pg_toast,pg_toast_1985486,0,0,0,0,0,0,0,0,0
1788908834.727650,3598,pg_toast,pg_toast_3596,0,0,0,0,0,0,0,0,0
1788908834.727650,2836,pg_toast,pg_toast_1255,0,0,0,0,0,0,0,0,0
1788908834.727650,3456,pg_catalog,pg_collation,0,0,0,0,0,0,0,0,0
1788908834.727650,3079,pg_catalog,pg_extension,0,0,0,0,0,0,0,0,0
1788908834.727650,6100,pg_catalog,pg_subscription,0,0,0,0,0,0,0,0,0
1788908834.727650,2832,pg_toast,pg_toast_2606,0,0,0,0,0,0,0,0,0
1788908834.727650,3256,pg_catalog,pg_policy,0,0,0,0,0,0,0,0,0
1788908834.727650,1985302,public,holding_history,0,0,0,0,0,0,0,0,0
1788908834.727650,1985517,public,security,0,0,0,0,0,0,0,0,0
1788908834.727650,3466,pg_catalog,pg_event_trigger,0,0,0,0,0,0,0,0,0
1788908834.727650,3592,pg_catalog,pg_shseclabel,0,0,0,0,0,0,0,0,0
1788908834.727650,3764,pg_catalog,pg_ts_template,0,0,0,0,0,0,0,0,0
1788908834.727650,6237,pg_catalog,pg_publication_namespace,0,0,0,0,0,0,0,0,0
1788908834.727650,13487,pg_toast,pg_toast_13484,0,0,0,0,0,0,0,0,0
1788908834.727650,2995,pg_catalog,pg_largeobject_metadata,0,0,0,0,0,0,0,0,0
1788908834.727650,1985275,public,customer_account,0,0,0,0,0,0,0,0,0
1788908834.727650,4143,pg_toast,pg_toast_826,0,0,0,0,0,0,0,0,0
1788908834.727650,4185,pg_toast,pg_toast_1213,0,0,0,0,0,0,0,0,0
1788908834.727650,6243,pg_catalog,pg_parameter_acl,0,0,0,0,0,0,0,0,0
1788908834.727650,2616,pg_catalog,pg_opclass,0,0,8,134,0,0,0,0,0
1788908834.727650,1985290,public,holding,0,0,0,0,0,0,0,0,0
1788908834.727650,2838,pg_toast,pg_toast_2618,0,0,1,3,0,0,0,0,0
1788908834.727650,6228,pg_toast,pg_toast_6106,0,0,0,0,0,0,0,0,0
1788908834.727650,1985349,pg_toast,pg_toast_1985343,0,0,0,0,0,0,0,0,0
1788908834.727650,1985434,public,company_competitor,0,0,0,0,0,0,0,0,0
1788908834.727650,1985370,pg_toast,pg_toast_1985363,0,0,0,0,0,0,0,0,0
1788908834.727650,1985505,pg_toast,pg_toast_1985496,0,0,0,0,0,0,0,0,0
1788908834.727650,1985264,public,customer,0,0,0,0,0,0,0,0,0
1788908834.727650,3118,pg_catalog,pg_foreign_table,0,0,0,0,0,0,0,0,0
1788908834.727650,1259,pg_catalog,pg_class,1,523,12,12,0,0,0,0,0
1788908834.727650,3350,pg_catalog,pg_partitioned_table,0,0,0,0,0,0,0,0,0
1788908834.727650,4153,pg_toast,pg_toast_3118,0,0,0,0,0,0,0,0,0
1788908834.727650,4060,pg_toast,pg_toast_3592,0,0,0,0,0,0,0,0,0
1788908834.727650,1985543,public,status_type,0,0,0,0,0,0,0,0,0
1788908834.727650,4165,pg_toast,pg_toast_3350,0,0,0,0,0,0,0,0,0
1788908834.727650,1985402,public,trade_request,0,0,0,0,0,0,0,0,0
1788908834.727650,2753,pg_catalog,pg_opfamily,0,0,2,2,0,0,0,0,0
1788908834.727650,3601,pg_catalog,pg_ts_parser,0,0,0,0,0,0,0,0,0
1788908834.727650,6104,pg_catalog,pg_publication,0,0,0,0,0,0,0,0,0
1788908834.727650,13477,pg_toast,pg_toast_13474,0,0,0,0,0,0,0,0,0
1788908834.727650,3429,pg_catalog,pg_statistic_ext_data,0,0,0,0,0,0,0,0,0
1788908834.727650,2619,pg_catalog,pg_statistic,0,0,17,8,0,0,0,0,0
1788908834.727650,4155,pg_toast,pg_toast_3394,0,0,0,0,0,0,0,0,0
1788908834.727650,1985548,public,taxrate,0,0,0,0,0,0,0,0,0
1788908834.727650,3381,pg_catalog,pg_statistic_ext,0,0,3,0,0,0,0,0,0
1788908834.727650,6106,pg_catalog,pg_publication_rel,0,0,0,0,0,0,0,0,0
1788908834.727650,1985372,public,trade,0,0,0,0,0,0,0,0,0
1788908834.727650,2605,pg_catalog,pg_cast,0,0,34,7,0,0,0,0,0
1788908834.727650,4171,pg_toast,pg_toast_1247,0,0,0,0,0,0,0,0,0
1788908834.727650,2830,pg_toast,pg_toast_2604,0,0,0,0,0,0,0,0,0
1788908834.727650,1985309,public,holding_summary,0,0,0,0,0,0,0,0,0
1788908834.727650,1985413,pg_toast,pg_toast_1985402,0,0,0,0,0,0,0,0,0
1788908834.727650,13479,information_schema,sql_implementation_info,0,0,,,0,0,0,0,0
1788908834.727650,1985341,pg_toast,pg_toast_1985335,0,0,0,0,0,0,0,0,0
1788908834.727650,6244,pg_toast,pg_toast_6243,0,0,0,0,0,0,0,0,0
1788908834.727650,1985315,public,watch_item,0,0,0,0,0,0,0,0,0
1788908834.727650,3430,pg_toast,pg_toast_3429,0,0,0,0,0,0,0,0,0
1788908834.727650,1985320,public,watch_list,0,0,0,0,0,0,0,0,0
1788908894.802179,1985536,pg_toast,pg_toast_1985517,0,0,0,0,0,0,0,0,0
1788908894.802179,3576,pg_catalog,pg_transform,0,0,0,0,0,0,0,0,0
1788908894.802179,2601,pg_catalog,pg_am,0,0,0,0,0,0,0,0,0
1788908894.802179,1985363,public,settlement,0,0,0,0,0,0,0,0,0
1788908894.802179,3394,pg_catalog,pg_init_privs,0,0,0,0,0,0,0,0,0
1788908894.802179,4167,pg_toast,pg_toast_3256,0,0,0,0,0,0,0,0,0
1788908894.802179,4151,pg_toast,pg_toast_1417,0,0,0,0,0,0,0,0,0
1788908894.802179,2834,pg_toast,pg_toast_2609,0,0,0,0,0,0,0,0,0
1788908894.802179,6000,pg_catalog,pg_replication_origin,0,0,0,0,0,0,0,0,0
1788908894.802179,2840,pg_toast,pg_toast_2619,0,0,0,0,0,0,0,0,0
1788908894.802179,1985486,public,last_trade,0,0,0,0,0,0,0,0,0
1788908894.802179,2328,pg_catalog,pg_foreign_data_wrapper,0,0,0,0,0,0,0,0,0
1788908894.802179,4157,pg_toast,pg_toast_2612,0,0,0,0,0,0,0,0,0
1788908894.802179,1260,pg_catalog,pg_authid,0,0,0,0,0,0,0,0,0
1788908894.802179,6102,pg_catalog,pg_subscription_rel,0,0,0,0,0,0,0,0,0
1788908894.802179,1214,pg_catalog,pg_shdepend,0,0,0,0,0,0,0,0,0
1788908894.802179,4163,pg_toast,pg_toast_2615,0,0,0,0,0,0,0,0,0
1788908894.802179,1985343,public,charge,0,0,0,0,0,0,0,0,0
1788908894.802179,1985440,public,daily_market,0,0,0,0,0,0,0,0,0
1788908894.802179,1985422,public,company,0,0,0,0,0,0,0,0,0
1788908894.802179,4169,pg_toast,pg_toast_3600,0,0,0,0,0,0,0,0,0
1788908894.802179,2615,pg_catalog,pg_namespace,1,4,5,2,0,0,0,0,0
1788908894.802179,2396,pg_catalog,pg_shdescription,0,0,0,0,0,0,0,0,0
1788908894.802179,3600,pg_catalog,pg_ts_dict,0,0,0,0,0,0,0,0,0
1788908894.802179,1985325,public,broker,0,0,0,0,0,0,0,0,0
1788908894.802179,3596,pg_catalog,pg_seclabel,0,0,0,0,0,0,0,0,0
1788908894.802179,1985460,public,financial,0,0,0,0,0,0,0,0,0
1788908894.802179,2609,pg_catalog,pg_description,0,0,0,0,0,0,0,0,0
1788908894.802179,1985351,public,commission_rate,0,0,0,0,0,0,0,0,0
1788908894.802179,13482,pg_toast,pg_toast_13479,0,0,0,0,0,0,0,0,0
1788908894.802179,1985396,public,trade_history,0,0,0,0,0,0,0,0,0
1788908894.802179,3603,pg_catalog,pg_ts_config_map,0,0,0,0,0,0,0,0,0
1788908894.802179,1213,pg_catalog,pg_tablespace,0,0,1,1,0,0,0,0,0
1788908894.802179,2608,pg_catalog,pg_depend,0,0,0,0,0,0,0,0,0
1788908894.802179,2964,pg_catalog,pg_db_role_setting,0,0,0,0,0,0,0,0,0
1788908894.802179,1985283,pg_toast,pg_toast_1985275,0,0,0,0,0,0,0,0,0
1788908894.802179,1418,pg_catalog,pg_user_mapping,0,0,0,0,0,0,0,0,0
1788908894.802179,2613,pg_catalog,pg_largeobject,0,0,0,0,0,0,0,0,0
1788908894.802179,6175,pg_toast,pg_toast_3456,0,0,0,0,0,0,0,0,0
1788908894.802179,1261,pg_catalog,pg_auth_members,0,0,0,0,0,0,0,0,0
1788908894.802179,1985335,public,cash_transaction,0,0,0,0,0,0,0,0,0
1788908894.802179,2617,pg_catalog,pg_operator,0,0,5,5,0,0,0,0,0
1788908894.802179,1985300,pg_toast,pg_toast_1985290,0,0,0,0,0,0,0,0,0
1788908894.802179,1985538,public,address,0,0,0,0,0,0,0,0,0
1788908894.802179,2610,pg_catalog,pg_index,1,221,11,14,0,0,0,0,0
1788908894.802179,1249,pg_catalog,pg_attribute,0,0,75,92,0,0,0,0,0
1788908894.802179,1985512,public,sector,0,0,0,0,0,0,0,0,0
1788908894.802179,1985415,public,trade_type,0,0,0,0,0,0,0,0,0
1788908894.802179,2600,pg_catalog,pg_aggregate,0,0,1,1,0,0,0,0,0
1788908894.802179,2966,pg_toast,pg_toast_2964,0,0,0,0,0,0,0,0,0
1788908894.802179,1985451,public,exchange,0,0,0,0,0,0,0,0,0
1788908894.802179,2618,pg_catalog,pg_rewrite,0,0,1,1,0,0,0,0,0
1788908894.802179,4177,pg_toast,pg_toast_1262,0,0,0,0,0,0,0,0,0
1788908894.802179,13484,information_schema,sql_parts,0,0,,,0,0,0,0,0
1788908894.802179,4159,pg_toast,pg_toast_2600,0,0,0,0,0,0,0,0,0
1788908894.802179,4147,pg_toast,pg_toast_3079,0,0,0,0,0,0,0,0,0
1788908894.802179,13474,information_schema,sql_features,0,0,,,0,0,0,0,0
1788908894.802179,1985394,pg_toast,pg_toast_1985372,0,0,0,0,0,0,0,0,0
1788908894.802179,1247,pg_catalog,pg_type,0,0,19,19,0,0,0,0,0
1788908894.802179,2602,pg_catalog,pg_amop,0,0,12,25,0,0,0,0,0
1788908894.802179,3439,pg_toast,pg_toast_3381,0,0,0,0,0,0,0,0,0
1788908894.802179,2846,pg_toast,pg_toast_2396,0,0,0,0,0,0,0,0,0
1788908894.802179,1985555,public,zip_code,0,0,0,0,0,0,0,0,0
1788908894.802179,1985478,pg_toast,pg_toast_1985460,0,0,0,0,0,0,0,0,0
1788908894.802179,4145,pg_toast,pg_toast_3466,0,0,0,0,0,0,0,0,0
1788908894.802179,3541,pg_catalog,pg_range,0,0,0,0,0,0,0,0,0
1788908894.802179,3602,pg_catalog,pg_ts_config,0,0,0,0,0,0,0,0,0
1788908894.802179,1985333,pg_toast,pg_toast_1985325,0,0,0,0,0,0,0,0,0
1788908894.802179,4183,pg_toast,pg_toast_6100,0,0,0,0,0,0,0,0,0
1788908894.802179,1985496,public,news_item,0,0,0,0,0,0,0,0,0
1788908894.802179,2224,pg_catalog,pg_sequence,0,0,0,0,0,0,0,0,0
1788908894.802179,2611,pg_catalog,pg_inherits,0,0,0,0,0,0,0,0,0
1788908894.802179,1417,pg_catalog,pg_foreign_server,0,0,0,0,0,0,0,0,0
1788908894.802179,1262,pg_catalog,pg_database,0,0,0,0,0,0,0,0,0
1788908894.802179,13492,pg_toast,pg_toast_13489,0,0,0,0,0,0,0,0,0
1788908894.802179,3501,pg_catalog,pg_enum,0,0,0,0,0,0,0,0,0
1788908894.802179,2607,pg_catalog,pg_conversion,0,0,0,0,0,0,0,0,0
1788908894.802179,1985449,pg_toast,pg_toast_1985440,0,0,0,0,0,0,0,0,0
1788908894.802179,826,pg_catalog,pg_default_acl,0,0,0,0,0,0,0,0,0
1788908894.802179,2604,pg_catalog,pg_attrdef,0,0,0,0,0,0,0,0,0
1788908894.802179,2336,pg_toast,pg_toast_2620,0,0,0,0,0,0,0,0,0
1788908894.802179,2603,pg_catalog,pg_amproc,0,0,5,11,0,0,0,0,0
1788908894.802179,2606,pg_catalog,pg_constraint,0,0,3,8,0,0,0,0,0
1788908894.802179,1255,pg_catalog,pg_proc,0,0,19,24,0,0,0,0,0
1788908894.802179,4173,pg_toast,pg_toast_1418,0,0,0,0,0,0,0,0,0
1788908894.802179,1985285,public,customer_taxrate,0,0,0,0,0,0,0,0,0
1788908894.802179,2620,pg_catalog,pg_trigger,0,0,0,0,0,0,0,0,0
1788908894.802179,1985256,public,account_permission,0,0,0,0,0,0,0,0,0
1788908894.802179,1985507,public,news_xref,0,0,0,0,0,0,0,0,0
1788908894.802179,1985480,public,industry,0,0,0,0,0,0,0,0,0
1788908894.802179,2612,pg_catalog,pg_language,0,0,0,0,0,0,0,0,0
1788908894.802179,4149,pg_toast,pg_toast_2328,0,0,0,0,0,0,0,0,0
1788908894.802179,6351,pg_toast,pg_toast_2610,0,0,0,0,0,0,0,0,0
1788908894.802179,13489,information_schema,sql_sizing,0,0,,,0,0,0,0,0
1788908894.802179,1985494,pg_toast,pg_toast_1985486,0,0,0,0,0,0,0,0,0
1788908894.802179,3598,pg_toast,pg_toast_3596,0,0,0,0,0,0,0,0,0
1788908894.802179,2836,pg_toast,pg_toast_1255,0,0,0,0,0,0,0,0,0
1788908894.802179,3456,pg_catalog,pg_collation,0,0,0,0,0,0,0,0,0
1788908894.802179,3079,pg_catalog,pg_extension,0,0,0,0,0,0,0,0,0
1788908894.802179,6100,pg_catalog,pg_subscription,0,0,0,0,0,0,0,0,0
1788908894.802179,2832,pg_toast,pg_toast_2606,0,0,0,0,0,0,0,0,0
1788908894.802179,3256,pg_catalog,pg_policy,0,0,0,0,0,0,0,0,0
1788908894.802179,1985302,public,holding_history,0,0,0,0,0,0,0,0,0
1788908894.802179,1985517,public,security,0,0,0,0,0,0,0,0,0
1788908894.802179,3466,pg_catalog,pg_event_trigger,0,0,0,0,0,0,0,0,0
1788908894.802179,3592,pg_catalog,pg_shseclabel,0,0,0,0,0,0,0,0,0
1788908894.802179,3764,pg_catalog,pg_ts_template,0,0,0,0,0,0,0,0,0
1788908894.802179,6237,pg_catalog,pg_publication_namespace,0,0,0,0,0,0,0,0,0
1788908894.802179,13487,pg_toast,pg_toast_13484,0,0,0,0,0,0,0,0,0
1788908894.802179,2995,pg_catalog,pg_largeobject_metadata,0,0,0,0,0,0,0,0,0
1788908894.802179,1985275,public,customer_account,0,0,0,0,0,0,0,0,0
1788908894.802179,4143,pg_toast,pg_toast_826,0,0,0,0,0,0,0,0,0
1788908894.802179,4185,pg_toast,pg_toast_1213,0,0,0,0,0,0,0,0,0
1788908894.802179,6243,pg_catalog,pg_parameter_acl,0,0,0,0,0,0,0,0,0
1788908894.802179,2616,pg_catalog,pg_opclass,0,0,8,134,0,0,0,0,0
1788908894.802179,1985290,public,holding,0,0,0,0,0,0,0,0,0
1788908894.802179,2838,pg_toast,pg_toast_2618,0,0,1,3,0,0,0,0,0
1788908894.802179,6228,pg_toast,pg_toast_6106,0,0,0,0,0,0,0,0,0
1788908894.802179,1985349,pg_toast,pg_toast_1985343,0,0,0,0,0,0,0,0,0
1788908894.802179,1985434,public,company_competitor,0,0,0,0,0,0,0,0,0
1788908894.802179,1985370,pg_toast,pg_toast_1985363,0,0,0,0,0,0,0,0,0
1788908894.802179,1985505,pg_toast,pg_toast_1985496,0,0,0,0,0,0,0,0,0
1788908894.802179,1985264,public,customer,0,0,0,0,0,0,0,0,0
1788908894.802179,3118,pg_catalog,pg_foreign_table,0,0,0,0,0,0,0,0,0
1788908894.802179,1259,pg_catalog,pg_class,1,523,12,12,0,0,0,0,0
1788908894.802179,3350,pg_catalog,pg_partitioned_table,0,0,0,0,0,0,0,0,0
1788908894.802179,4153,pg_toast,pg_toast_3118,0,0,0,0,0,0,0,0,0
1788908894.802179,4060,pg_toast,pg_toast_3592,0,0,0,0,0,0,0,0,0
1788908894.802179,1985543,public,status_type,0,0,0,0,0,0,0,0,0
1788908894.802179,4165,pg_toast,pg_toast_3350,0,0,0,0,0,0,0,0,0
1788908894.802179,1985402,public,trade_request,0,0,0,0,0,0,0,0,0
1788908894.802179,2753,pg_catalog,pg_opfamily,0,0,2,2,0,0,0,0,0
1788908894.802179,3601,pg_catalog,pg_ts_parser,0,0,0,0,0,0,0,0,0
1788908894.802179,6104,pg_catalog,pg_publication,0,0,0,0,0,0,0,0,0
1788908894.802179,13477,pg_toast,pg_toast_13474,0,0,0,0,0,0,0,0,0
1788908894.802179,3429,pg_catalog,pg_statistic_ext_data,0,0,0,0,0,0,0,0,0
1788908894.802179,2619,pg_catalog,pg_statistic,0,0,17,8,0,0,0,0,0
1788908894.802179,4155,pg_toast,pg_toast_3394,0,0,0,0,0,0,0,0,0
1788908894.802179,1985548,public,taxrate,0,0,0,0,0,0,0,0,0
1788908894.802179,3381,pg_catalog,pg_statistic_ext,0,0,3,0,0,0,0,0,0
1788908894.802179,6106,pg_catalog,pg_publication_rel,0,0,0,0,0,0,0,0,0
1788908894.802179,1985372,public,trade,0,0,0,0,0,0,0,0,0
1788908894.802179,2605,pg_catalog,pg_cast,0,0,34,7,0,0,0,0,0
1788908894.802179,4171,pg_toast,pg_toast_1247,0,0,0,0,0,0,0,0,0
1788908894.802179,2830,pg_toast,pg_toast_2604,0,0,0,0,0,0,0,0,0
1788908894.802179,1985309,public,holding_summary,0,0,0,0,0,0,0,0,0
1788908894.802179,1985413,pg_toast,pg_toast_1985402,0,0,0,0,0,0,0,0,0
1788908894.802179,13479,information_schema,sql_implementation_info,0,0,,,0,0,0,0,0
1788908894.802179,1985341,pg_toast,pg_toast_1985335,0,0,0,0,0,0,0,0,0
1788908894.802179,6244,pg_toast,pg_toast_6243,0,0,0,0,0,0,0,0,0
1788908894.802179,1985315,public,watch_item,0,0,0,0,0,0,0,0,0
1788908894.802179,3430,pg_toast,pg_toast_3429,0,0,0,0,0,0,0,0,0
1788908894.802179,1985320,public,watch_list,0,0,0,0,0,0,0,0,0
1788908954.975659,1985536,pg_toast,pg_toast_1985517,0,0,0,0,0,0,0,0,0
1788908954.975659,3576,pg_catalog,pg_transform,0,0,0,0,0,0,0,0,0
1788908954.975659,2601,pg_catalog,pg_am,0,0,0,0,0,0,0,0,0
1788908954.975659,1985363,public,settlement,0,0,0,0,0,0,0,0,0
1788908954.975659,3394,pg_catalog,pg_init_privs,0,0,0,0,0,0,0,0,0
1788908954.975659,4167,pg_toast,pg_toast_3256,0,0,0,0,0,0,0,0,0
1788908954.975659,4151,pg_toast,pg_toast_1417,0,0,0,0,0,0,0,0,0
1788908954.975659,2834,pg_toast,pg_toast_2609,0,0,0,0,0,0,0,0,0
1788908954.975659,6000,pg_catalog,pg_replication_origin,0,0,0,0,0,0,0,0,0
1788908954.975659,2840,pg_toast,pg_toast_2619,0,0,0,0,0,0,0,0,0
1788908954.975659,1985486,public,last_trade,0,0,0,0,0,0,0,0,0
1788908954.975659,2328,pg_catalog,pg_foreign_data_wrapper,0,0,0,0,0,0,0,0,0
1788908954.975659,4157,pg_toast,pg_toast_2612,0,0,0,0,0,0,0,0,0
1788908954.975659,1260,pg_catalog,pg_authid,0,0,0,0,0,0,0,0,0
1788908954.975659,6102,pg_catalog,pg_subscription_rel,0,0,0,0,0,0,0,0,0
1788908954.975659,1214,pg_catalog,pg_shdepend,0,0,0,0,0,0,0,0,0
1788908954.975659,4163,pg_toast,pg_toast_2615,0,0,0,0,0,0,0,0,0
1788908954.975659,1985343,public,charge,0,0,0,0,0,0,0,0,0
1788908954.975659,1985440,public,daily_market,0,0,0,0,0,0,0,0,0
1788908954.975659,1985422,public,company,0,0,0,0,0,0,0,0,0
1788908954.975659,4169,pg_toast,pg_toast_3600,0,0,0,0,0,0,0,0,0
1788908954.975659,2615,pg_catalog,pg_namespace,1,4,5,2,0,0,0,0,0
1788908954.975659,2396,pg_catalog,pg_shdescription,0,0,0,0,0,0,0,0,0
1788908954.975659,3600,pg_catalog,pg_ts_dict,0,0,0,0,0,0,0,0,0
1788908954.975659,1985325,public,broker,0,0,0,0,0,0,0,0,0
1788908954.975659,3596,pg_catalog,pg_seclabel,0,0,0,0,0,0,0,0,0
1788908954.975659,1985460,public,financial,0,0,0,0,0,0,0,0,0
1788908954.975659,2609,pg_catalog,pg_description,0,0,0,0,0,0,0,0,0
1788908954.975659,1985351,public,commission_rate,0,0,0,0,0,0,0,0,0
1788908954.975659,13482,pg_toast,pg_toast_13479,0,0,0,0,0,0,0,0,0
1788908954.975659,1985396,public,trade_history,0,0,0,0,0,0,0,0,0
1788908954.975659,3603,pg_catalog,pg_ts_config_map,0,0,0,0,0,0,0,0,0
1788908954.975659,1213,pg_catalog,pg_tablespace,0,0,1,1,0,0,0,0,0
1788908954.975659,2608,pg_catalog,pg_depend,0,0,0,0,0,0,0,0,0
1788908954.975659,2964,pg_catalog,pg_db_role_setting,0,0,0,0,0,0,0,0,0
1788908954.975659,1985283,pg_toast,pg_toast_1985275,0,0,0,0,0,0,0,0,0
1788908954.975659,1418,pg_catalog,pg_user_mapping,0,0,0,0,0,0,0,0,0
1788908954.975659,2613,pg_catalog,pg_largeobject,0,0,0,0,0,0,0,0,0
1788908954.975659,6175,pg_toast,pg_toast_3456,0,0,0,0,0,0,0,0,0
1788908954.975659,1261,pg_catalog,pg_auth_members,0,0,0,0,0,0,0,0,0
1788908954.975659,1985335,public,cash_transaction,0,0,0,0,0,0,0,0,0
1788908954.975659,2617,pg_catalog,pg_operator,0,0,5,5,0,0,0,0,0
1788908954.975659,1985300,pg_toast,pg_toast_1985290,0,0,0,0,0,0,0,0,0
1788908954.975659,1985538,public,address,0,0,0,0,0,0,0,0,0
1788908954.975659,2610,pg_catalog,pg_index,1,221,11,14,0,0,0,0,0
1788908954.975659,1249,pg_catalog,pg_attribute,0,0,75,92,0,0,0,0,0
1788908954.975659,1985512,public,sector,0,0,0,0,0,0,0,0,0
1788908954.975659,1985415,public,trade_type,0,0,0,0,0,0,0,0,0
1788908954.975659,2600,pg_catalog,pg_aggregate,0,0,1,1,0,0,0,0,0
1788908954.975659,2966,pg_toast,pg_toast_2964,0,0,0,0,0,0,0,0,0
1788908954.975659,1985451,public,exchange,0,0,0,0,0,0,0,0,0
1788908954.975659,2618,pg_catalog,pg_rewrite,0,0,1,1,0,0,0,0,0
1788908954.975659,4177,pg_toast,pg_toast_1262,0,0,0,0,0,0,0,0,0
1788908954.975659,13484,information_schema,sql_parts,0,0,,,0,0,0,0,0
1788908954.975659,4159,pg_toast,pg_toast_2600,0,0,0,0,0,0,0,0,0
1788908954.975659,4147,pg_toast,pg_toast_3079,0,0,0,0,0,0,0,0,0
1788908954.975659,13474,information_schema,sql_features,0,0,,,0,0,0,0,0
1788908954.975659,1985394,pg_toast,pg_toast_1985372,0,0,0,0,0,0,0,0,0
1788908954.975659,1247,pg_catalog,pg_type,0,0,19,19,0,0,0,0,0
1788908954.975659,2602,pg_catalog,pg_amop,0,0,12,25,0,0,0,0,0
1788908954.975659,3439,pg_toast,pg_toast_3381,0,0,0,0,0,0,0,0,0
1788908954.975659,2846,pg_toast,pg_toast_2396,0,0,0,0,0,0,0,0,0
1788908954.975659,1985555,public,zip_code,0,0,0,0,0,0,0,0,0
1788908954.975659,1985478,pg_toast,pg_toast_1985460,0,0,0,0,0,0,0,0,0
1788908954.975659,4145,pg_toast,pg_toast_3466,0,0,0,0,0,0,0,0,0
1788908954.975659,3541,pg_catalog,pg_range,0,0,0,0,0,0,0,0,0
1788908954.975659,3602,pg_catalog,pg_ts_config,0,0,0,0,0,0,0,0,0
1788908954.975659,1985333,pg_toast,pg_toast_1985325,0,0,0,0,0,0,0,0,0
1788908954.975659,4183,pg_toast,pg_toast_6100,0,0,0,0,0,0,0,0,0
1788908954.975659,1985496,public,news_item,0,0,0,0,0,0,0,0,0
1788908954.975659,2224,pg_catalog,pg_sequence,0,0,0,0,0,0,0,0,0
1788908954.975659,2611,pg_catalog,pg_inherits,0,0,0,0,0,0,0,0,0
1788908954.975659,1417,pg_catalog,pg_foreign_server,0,0,0,0,0,0,0,0,0
1788908954.975659,1262,pg_catalog,pg_database,0,0,0,0,0,0,0,0,0
1788908954.975659,13492,pg_toast,pg_toast_13489,0,0,0,0,0,0,0,0,0
1788908954.975659,3501,pg_catalog,pg_enum,0,0,0,0,0,0,0,0,0
1788908954.975659,2607,pg_catalog,pg_conversion,0,0,0,0,0,0,0,0,0
1788908954.975659,1985449,pg_toast,pg_toast_1985440,0,0,0,0,0,0,0,0,0
1788908954.975659,826,pg_catalog,pg_default_acl,0,0,0,0,0,0,0,0,0
1788908954.975659,2604,pg_catalog,pg_attrdef,0,0,0,0,0,0,0,0,0
1788908954.975659,2336,pg_toast,pg_toast_2620,0,0,0,0,0,0,0,0,0
1788908954.975659,2603,pg_catalog,pg_amproc,0,0,5,11,0,0,0,0,0
1788908954.975659,2606,pg_catalog,pg_constraint,0,0,3,8,0,0,0,0,0
1788908954.975659,1255,pg_catalog,pg_proc,0,0,19,24,0,0,0,0,0
1788908954.975659,4173,pg_toast,pg_toast_1418,0,0,0,0,0,0,0,0,0
1788908954.975659,1985285,public,customer_taxrate,0,0,0,0,0,0,0,0,0
1788908954.975659,2620,pg_catalog,pg_trigger,0,0,0,0,0,0,0,0,0
1788908954.975659,1985256,public,account_permission,0,0,0,0,0,0,0,0,0
1788908954.975659,1985507,public,news_xref,0,0,0,0,0,0,0,0,0
1788908954.975659,1985480,public,industry,0,0,0,0,0,0,0,0,0
1788908954.975659,2612,pg_catalog,pg_language,0,0,0,0,0,0,0,0,0
1788908954.975659,4149,pg_toast,pg_toast_2328,0,0,0,0,0,0,0,0,0
1788908954.975659,6351,pg_toast,pg_toast_2610,0,0,0,0,0,0,0,0,0
1788908954.975659,13489,information_schema,sql_sizing,0,0,,,0,0,0,0,0
1788908954.975659,1985494,pg_toast,pg_toast_1985486,0,0,0,0,0,0,0,0,0
1788908954.975659,3598,pg_toast,pg_toast_3596,0,0,0,0,0,0,0,0,0
1788908954.975659,2836,pg_toast,pg_toast_1255,0,0,0,0,0,0,0,0,0
1788908954.975659,3456,pg_catalog,pg_collation,0,0,0,0,0,0,0,0,0
1788908954.975659,3079,pg_catalog,pg_extension,0,0,0,0,0,0,0,0,0
1788908954.975659,6100,pg_catalog,pg_subscription,0,0,0,0,0,0,0,0,0
1788908954.975659,2832,pg_toast,pg_toast_2606,0,0,0,0,0,0,0,0,0
1788908954.975659,3256,pg_catalog,pg_policy,0,0,0,0,0,0,0,0,0
1788908954.975659,1985302,public,holding_history,0,0,0,0,0,0,0,0,0
1788908954.975659,1985517,public,security,0,0,0,0,0,0,0,0,0
1788908954.975659,3466,pg_catalog,pg_event_trigger,0,0,0,0,0,0,0,0,0
1788908954.975659,3592,pg_catalog,pg_shseclabel,0,0,0,0,0,0,0,0,0
1788908954.975659,3764,pg_catalog,pg_ts_template,0,0,0,0,0,0,0,0,0
1788908954.975659,6237,pg_catalog,pg_publication_namespace,0,0,0,0,0,0,0,0,0
1788908954.975659,13487,pg_toast,pg_toast_13484,0,0,0,0,0,0,0,0,0
1788908954.975659,2995,pg_catalog,pg_largeobject_metadata,0,0,0,0,0,0,0,0,0
1788908954.975659,1985275,public,customer_account,0,0,0,0,0,0,0,0,0
1788908954.975659,4143,pg_toast,pg_toast_826,0,0,0,0,0,0,0,0,0
1788908954.975659,4185,pg_toast,pg_toast_1213,0,0,0,0,0,0,0,0,0
1788908954.975659,6243,pg_catalog,pg_parameter_acl,0,0,0,0,0,0,0,0,0
1788908954.975659,2616,pg_catalog,pg_opclass,0,0,8,134,0,0,0,0,0
1788908954.975659,1985290,public,holding,0,0,0,0,0,0,0,0,0
1788908954.975659,2838,pg_toast,pg_toast_2618,0,0,1,3,0,0,0,0,0
1788908954.975659,6228,pg_toast,pg_toast_6106,0,0,0,0,0,0,0,0,0
1788908954.975659,1985349,pg_toast,pg_toast_1985343,0,0,0,0,0,0,0,0,0
1788908954.975659,1985434,public,company_competitor,0,0,0,0,0,0,0,0,0
1788908954.975659,1985370,pg_toast,pg_toast_1985363,0,0,0,0,0,0,0,0,0
1788908954.975659,1985505,pg_toast,pg_toast_1985496,0,0,0,0,0,0,0,0,0
1788908954.975659,1985264,public,customer,0,0,0,0,0,0,0,0,0
1788908954.975659,3118,pg_catalog,pg_foreign_table,0,0,0,0,0,0,0,0,0
1788908954.975659,1259,pg_catalog,pg_class,1,523,12,12,0,0,0,0,0
1788908954.975659,3350,pg_catalog,pg_partitioned_table,0,0,0,0,0,0,0,0,0
1788908954.975659,4153,pg_toast,pg_toast_3118,0,0,0,0,0,0,0,0,0
1788908954.975659,4060,pg_toast,pg_toast_3592,0,0,0,0,0,0,0,0,0
1788908954.975659,1985543,public,status_type,0,0,0,0,0,0,0,0,0
1788908954.975659,4165,pg_toast,pg_toast_3350,0,0,0,0,0,0,0,0,0
1788908954.975659,1985402,public,trade_request,0,0,0,0,0,0,0,0,0
1788908954.975659,2753,pg_catalog,pg_opfamily,0,0,2,2,0,0,0,0,0
1788908954.975659,3601,pg_catalog,pg_ts_parser,0,0,0,0,0,0,0,0,0
1788908954.975659,6104,pg_catalog,pg_publication,0,0,0,0,0,0,0,0,0
1788908954.975659,13477,pg_toast,pg_toast_13474,0,0,0,0,0,0,0,0,0
1788908954.975659,3429,pg_catalog,pg_statistic_ext_data,0,0,0,0,0,0,0,0,0
1788908954.975659,2619,pg_catalog,pg_statistic,0,0,17,8,0,0,0,0,0
1788908954.975659,4155,pg_toast,pg_toast_3394,0,0,0,0,0,0,0,0,0
1788908954.975659,1985548,public,taxrate,0,0,0,0,0,0,0,0,0
1788908954.975659,3381,pg_catalog,pg_statistic_ext,0,0,3,0,0,0,0,0,0
1788908954.975659,6106,pg_catalog,pg_publication_rel,0,0,0,0,0,0,0,0,0
1788908954.975659,1985372,public,trade,0,0,0,0,0,0,0,0,0
1788908954.975659,2605,pg_catalog,pg_cast,0,0,34,7,0,0,0,0,0
1788908954.975659,4171,pg_toast,pg_toast_1247,0,0,0,0,0,0,0,0,0
1788908954.975659,2830,pg_toast,pg_toast_2604,0,0,0,0,0,0,0,0,0
1788908954.975659,1985309,public,holding_summary,0,0,0,0,0,0,0,0,0
1788908954.975659,1985413,pg_toast,pg_toast_1985402,0,0,0,0,0,0,0,0,0
1788908954.975659,13479,information_schema,sql_implementation_info,0,0,,,0,0,0,0,0
1788908954.975659,1985341,pg_toast,pg_toast_1985335,0,0,0,0,0,0,0,0,0
1788908954.975659,6244,pg_toast,pg_toast_6243,0,0,0,0,0,0,0,0,0
1788908954.975659,1985315,public,watch_item,0,0,0,0,0,0,0,0,0
1788908954.975659,3430,pg_toast,pg_toast_3429,0,0,0,0,0,0,0,0,0
1788908954.975659,1985320,public,watch_list,0,0,0,0,0,0,0,0,0
1788909014.078828,1985536,pg_toast,pg_toast_1985517,0,0,0,0,0,0,0,0,0
1788909014.078828,3576,pg_catalog,pg_transform,0,0,0,0,0,0,0,0,0
1788909014.078828,2601,pg_catalog,pg_am,0,0,0,0,0,0,0,0,0
1788909014.078828,1985363,public,settlement,0,0,0,0,0,0,0,0,0
1788909014.078828,3394,pg_catalog,pg_init_privs,0,0,0,0,0,0,0,0,0
1788909014.078828,4167,pg_toast,pg_toast_3256,0,0,0,0,0,0,0,0,0
1788909014.078828,4151,pg_toast,pg_toast_1417,0,0,0,0,0,0,0,0,0
1788909014.078828,2834,pg_toast,pg_toast_2609,0,0,0,0,0,0,0,0,0
1788909014.078828,6000,pg_catalog,pg_replication_origin,0,0,0,0,0,0,0,0,0
1788909014.078828,2840,pg_toast,pg_toast_2619,0,0,0,0,0,0,0,0,0
1788909014.078828,1985486,public,last_trade,0,0,0,0,0,0,0,0,0
1788909014.078828,2328,pg_catalog,pg_foreign_data_wrapper,0,0,0,0,0,0,0,0,0
1788909014.078828,4157,pg_toast,pg_toast_2612,0,0,0,0,0,0,0,0,0
1788909014.078828,1260,pg_catalog,pg_authid,0,0,0,0,0,0,0,0,0
1788909014.078828,6102,pg_catalog,pg_subscription_rel,0,0,0,0,0,0,0,0,0
1788909014.078828,1214,pg_catalog,pg_shdepend,0,0,0,0,0,0,0,0,0
1788909014.078828,4163,pg_toast,pg_toast_2615,0,0,0,0,0,0,0,0,0
1788909014.078828,1985343,public,charge,0,0,0,0,0,0,0,0,0
1788909014.078828,1985440,public,daily_market,0,0,0,0,0,0,0,0,0
1788909014.078828,1985422,public,company,0,0,0,0,0,0,0,0,0
1788909014.078828,4169,pg_toast,pg_toast_3600,0,0,0,0,0,0,0,0,0
1788909014.078828,2615,pg_catalog,pg_namespace,1,4,5,2,0,0,0,0,0
1788909014.078828,2396,pg_catalog,pg_shdescription,0,0,0,0,0,0,0,0,0
1788909014.078828,3600,pg_catalog,pg_ts_dict,0,0,0,0,0,0,0,0,0
1788909014.078828,1985325,public,broker,0,0,0,0,0,0,0,0,0
1788909014.078828,3596,pg_catalog,pg_seclabel,0,0,0,0,0,0,0,0,0
1788909014.078828,1985460,public,financial,0,0,0,0,0,0,0,0,0
1788909014.078828,2609,pg_catalog,pg_description,0,0,0,0,0,0,0,0,0
1788909014.078828,1985351,public,commission_rate,0,0,0,0,0,0,0,0,0
1788909014.078828,13482,pg_toast,pg_toast_13479,0,0,0,0,0,0,0,0,0
1788909014.078828,1985396,public,trade_history,0,0,0,0,0,0,0,0,0
1788909014.078828,3603,pg_catalog,pg_ts_config_map,0,0,0,0,0,0,0,0,0
1788909014.078828,1213,pg_catalog,pg_tablespace,0,0,1,1,0,0,0,0,0
1788909014.078828,2608,pg_catalog,pg_depend,0,0,0,0,0,0,0,0,0
1788909014.078828,2964,pg_catalog,pg_db_role_setting,0,0,0,0,0,0,0,0,0
1788909014.078828,1985283,pg_toast,pg_toast_1985275,0,0,0,0,0,0,0,0,0
1788909014.078828,1418,pg_catalog,pg_user_mapping,0,0,0,0,0,0,0,0,0
1788909014.078828,2613,pg_catalog,pg_largeobject,0,0,0,0,0,0,0,0,0
1788909014.078828,6175,pg_toast,pg_toast_3456,0,0,0,0,0,0,0,0,0
1788909014.078828,1261,pg_catalog,pg_auth_members,0,0,0,0,0,0,0,0,0
1788909014.078828,1985335,public,cash_transaction,0,0,0,0,0,0,0,0,0
1788909014.078828,2617,pg_catalog,pg_operator,0,0,5,5,0,0,0,0,0
1788909014.078828,1985300,pg_toast,pg_toast_1985290,0,0,0,0,0,0,0,0,0
1788909014.078828,1985538,public,address,0,0,0,0,0,0,0,0,0
1788909014.078828,2610,pg_catalog,pg_index,1,221,11,14,0,0,0,0,0
1788909014.078828,1249,pg_catalog,pg_attribute,0,0,75,92,0,0,0,0,0
1788909014.078828,1985512,public,sector,0,0,0,0,0,0,0,0,0
1788909014.078828,1985415,public,trade_type,0,0,0,0,0,0,0,0,0
1788909014.078828,2600,pg_catalog,pg_aggregate,0,0,1,1,0,0,0,0,0
1788909014.078828,2966,pg_toast,pg_toast_2964,0,0,0,0,0,0,0,0,0
1788909014.078828,1985451,public,exchange,0,0,0,0,0,0,0,0,0
1788909014.078828,2618,pg_catalog,pg_rewrite,0,0,1,1,0,0,0,0,0
1788909014.078828,4177,pg_toast,pg_toast_1262,0,0,0,0,0,0,0,0,0
1788909014.078828,13484,information_schema,sql_parts,0,0,,,0,0,0,0,0
1788909014.078828,4159,pg_toast,pg_toast_2600,0,0,0,0,0,0,0,0,0
1788909014.078828,4147,pg_toast,pg_toast_3079,0,0,0,0,0,0,0,0,0
1788909014.078828,13474,information_schema,sql_features,0,0,,,0,0,0,0,0
1788909014.078828,1985394,pg_toast,pg_toast_1985372,0,0,0,0,0,0,0,0,0
1788909014.078828,1247,pg_catalog,pg_type,0,0,19,19,0,0,0,0,0
1788909014.078828,2602,pg_catalog,pg_amop,0,0,12,25,0,0,0,0,0
1788909014.078828,3439,pg_toast,pg_toast_3381,0,0,0,0,0,0,0,0,0
1788909014.078828,2846,pg_toast,pg_toast_2396,0,0,0,0,0,0,0,0,0
1788909014.078828,1985555,public,zip_code,0,0,0,0,0,0,0,0,0
1788909014.078828,1985478,pg_toast,pg_toast_1985460,0,0,0,0,0,0,0,0,0
1788909014.078828,4145,pg_toast,pg_toast_3466,0,0,0,0,0,0,0,0,0
1788909014.078828,3541,pg_catalog,pg_range,0,0,0,0,0,0,0,0,0
1788909014.078828,3602,pg_catalog,pg_ts_config,0,0,0,0,0,0,0,0,0
1788909014.078828,1985333,pg_toast,pg_toast_1985325,0,0,0,0,0,0,0,0,0
1788909014.078828,4183,pg_toast,pg_toast_6100,0,0,0,0,0,0,0,0,0
1788909014.078828,1985496,public,news_item,0,0,0,0,0,0,0,0,0
1788909014.078828,2224,pg_catalog,pg_sequence,0,0,0,0,0,0,0,0,0
1788909014.078828,2611,pg_catalog,pg_inherits,0,0,0,0,0,0,0,0,0
1788909014.078828,1417,pg_catalog,pg_foreign_server,0,0,0,0,0,0,0,0,0
1788909014.078828,1262,pg_catalog,pg_database,0,0,0,0,0,0,0,0,0
1788909014.078828,13492,pg_toast,pg_toast_13489,0,0,0,0,0,0,0,0,0
1788909014.078828,3501,pg_catalog,pg_enum,0,0,0,0,0,0,0,0,0
1788909014.078828,2607,pg_catalog,pg_conversion,0,0,0,0,0,0,0,0,0
1788909014.078828,1985449,pg_toast,pg_toast_1985440,0,0,0,0,0,0,0,0,0
1788909014.078828,826,pg_catalog,pg_default_acl,0,0,0,0,0,0,0,0,0
1788909014.078828,2604,pg_catalog,pg_attrdef,0,0,0,0,0,0,0,0,0
1788909014.078828,2336,pg_toast,pg_toast_2620,0,0,0,0,0,0,0,0,0
1788909014.078828,2603,pg_catalog,pg_amproc,0,0,5,11,0,0,0,0,0
1788909014.078828,2606,pg_catalog,pg_constraint,0,0,3,8,0,0,0,0,0
1788909014.078828,1255,pg_catalog,pg_proc,0,0,19,24,0,0,0,0,0
1788909014.078828,4173,pg_toast,pg_toast_1418,0,0,0,0,0,0,0,0,0
1788909014.078828,1985285,public,customer_taxrate,0,0,0,0,0,0,0,0,0
1788909014.078828,2620,pg_catalog,pg_trigger,0,0,0,0,0,0,0,0,0
1788909014.078828,1985256,public,account_permission,0,0,0,0,0,0,0,0,0
1788909014.078828,1985507,public,news_xref,0,0,0,0,0,0,0,0,0
1788909014.078828,1985480,public,industry,0,0,0,0,0,0,0,0,0
1788909014.078828,2612,pg_catalog,pg_language,0,0,0,0,0,0,0,0,0
1788909014.078828,4149,pg_toast,pg_toast_2328,0,0,0,0,0,0,0,0,0
1788909014.078828,6351,pg_toast,pg_toast_2610,0,0,0,0,0,0,0,0,0
1788909014.078828,13489,information_schema,sql_sizing,0,0,,,0,0,0,0,0
1788909014.078828,1985494,pg_toast,pg_toast_1985486,0,0,0,0,0,0,0,0,0
1788909014.078828,3598,pg_toast,pg_toast_3596,0,0,0,0,0,0,0,0,0
1788909014.078828,2836,pg_toast,pg_toast_1255,0,0,0,0,0,0,0,0,0
1788909014.078828,3456,pg_catalog,pg_collation,0,0,0,0,0,0,0,0,0
1788909014.078828,3079,pg_catalog,pg_extension,0,0,0,0,0,0,0,0,0
1788909014.078828,6100,pg_catalog,pg_subscription,0,0,0,0,0,0,0,0,0
1788909014.078828,2832,pg_toast,pg_toast_2606,0,0,0,0,0,0,0,0,0
1788909014.078828,3256,pg_catalog,pg_policy,0,0,0,0,0,0,0,0,0
1788909014.078828,1985302,public,holding_history,0,0,0,0,0,0,0,0,0
1788909014.078828,1985517,public,security,0,0,0,0,0,0,0,0,0
1788909014.078828,3466,pg_catalog,pg_event_trigger,0,0,0,0,0,0,0,0,0
1788909014.078828,3592,pg_catalog,pg_shseclabel,0,0,0,0,0,0,0,0,0
1788909014.078828,3764,pg_catalog,pg_ts_template,0,0,0,0,0,0,0,0,0
1788909014.078828,6237,pg_catalog,pg_publication_namespace,0,0,0,0,0,0,0,0,0
1788909014.078828,13487,pg_toast,pg_toast_13484,0,0,0,0,0,0,0,0,0
1788909014.078828,2995,pg_catalog,pg_largeobject_metadata,0,0,0,0,0,0,0,0,0
1788909014.078828,1985275,public,customer_account,0,0,0,0,0,0,0,0,0
1788909014.078828,4143,pg_toast,pg_toast_826,0,0,0,0,0,0,0,0,0
1788909014.078828,4185,pg_toast,pg_toast_1213,0,0,0,0,0,0,0,0,0
1788909014.078828,6243,pg_catalog,pg_parameter_acl,0,0,0,0,0,0,0,0,0
1788909014.078828,2616,pg_catalog,pg_opclass,0,0,8,134,0,0,0,0,0
1788909014.078828,1985290,public,holding,0,0,0,0,0,0,0,0,0
1788909014.078828,2838,pg_toast,pg_toast_2618,0,0,1,3,0,0,0,0,0
1788909014.078828,6228,pg_toast,pg_toast_6106,0,0,0,0,0,0,0,0,0
1788909014.078828,1985349,pg_toast,pg_toast_1985343,0,0,0,0,0,0,0,0,0
1788909014.078828,1985434,public,company_competitor,0,0,0,0,0,0,0,0,0
1788909014.078828,1985370,pg_toast,pg_toast_1985363,0,0,0,0,0,0,0,0,0
1788909014.078828,1985505,pg_toast,pg_toast_1985496,0,0,0,0,0,0,0,0,0
1788909014.078828,1985264,public,customer,0,0,0,0,0,0,0,0,0
1788909014.078828,3118,pg_catalog,pg_foreign_table,0,0,0,0,0,0,0,0,0
1788909014.078828,1259,pg_catalog,pg_class,1,523,12,12,0,0,0,0,0
1788909014.078828,3350,pg_catalog,pg_partitioned_table,0,0,0,0,0,0,0,0,0
1788909014.078828,4153,pg_toast,pg_toast_3118,0,0,0,0,0,0,0,0,0
1788909014.078828,4060,pg_toast,pg_toast_3592,0,0,0,0,0,0,0,0,0
1788909014.078828,1985543,public,status_type,0,0,0,0,0,0,0,0,0
1788909014.078828,4165,pg_toast,pg_toast_3350,0,0,0,0,0,0,0,0,0
1788909014.078828,1985402,public,trade_request,0,0,0,0,0,0,0,0,0
1788909014.078828,2753,pg_catalog,pg_opfamily,0,0,2,2,0,0,0,0,0
1788909014.078828,3601,pg_catalog,pg_ts_parser,0,0,0,0,0,0,0,0,0
1788909014.078828,6104,pg_catalog,pg_publication,0,0,0,0,0,0,0,0,0
1788909014.078828,13477,pg_toast,pg_toast_13474,0,0,0,0,0,0,0,0,0
1788909014.078828,3429,pg_catalog,pg_statistic_ext_data,0,0,0,0,0,0,0,0,0
1788909014.078828,2619,pg_catalog,pg_statistic,0,0,17,8,0,0,0,0,0
1788909014.078828,4155,pg_toast,pg_toast_3394,0,0,0,0,0,0,0,0,0
1788909014.078828,1985548,public,taxrate,0,0,0,0,0,0,0,0,0
1788909014.078828,3381,pg_catalog,pg_statistic_ext,0,0,3,0,0,0,0,0,0
1788909014.078828,6106,pg_catalog,pg_publication_rel,0,0,0,0,0,0,0,0,0
1788909014.078828,1985372,public,trade,0,0,0,0,0,0,0,0,0
1788909014.078828,2605,pg_catalog,pg_cast,0,0,34,7,0,0,0,0,0
1788909014.078828,4171,pg_toast,pg_toast_1247,0,0,0,0,0,0,0,0,0
1788909014.078828,2830,pg_toast,pg_toast_2604,0,0,0,0,0,0,0,0,0
1788909014.078828,1985309,public,holding_summary,0,0,0,0,0,0,0,0,0
1788909014.078828,1985413,pg_toast,pg_toast_1985402,0,0,0,0,0,0,0,0,0
1788909014.078828,13479,information_schema,sql_implementation_info,0,0,,,0,0,0,0,0
1788909014.078828,1985341,pg_toast,pg_toast_1985335,0,0,0,0,0,0,0,0,0
1788909014.078828,6244,pg_toast,pg_toast_6243,0,0,0,0,0,0,0,0,0
1788909014.078828,1985315,public,watch_item,0,0,0,0,0,0,0,0,0
1788909014.078828,3430,pg_toast,pg_toast_3429,0,0,0,0,0,0,0,0,0
1788909014.078828,1985320,public,watch_list,0,0,0,0,0,0,0,0,0
1788909074.221485,1985536,pg_toast,pg_toast_1985517,0,0,0,0,0,0,0,0,0
1788909074.221485,3576,pg_catalog,pg_transform,0,0,0,0,0,0,0,0,0
1788909074.221485,2601,pg_catalog,pg_am,0,0,0,0,0,0,0,0,0
1788909074.221485,1985363,public,settlement,0,0,0,0,0,0,0,0,0
1788909074.221485,3394,pg_catalog,pg_init_privs,0,0,0,0,0,0,0,0,0
1788909074.221485,4167,pg_toast,pg_toast_3256,0,0,0,0,0,0,0,0,0
1788909074.221485,4151,pg_toast,pg_toast_1417,0,0,0,0,0,0,0,0,0
1788909074.221485,2834,pg_toast,pg_toast_2609,0,0,0,0,0,0,0,0,0
1788909074.221485,6000,pg_catalog,pg_replication_origin,0,0,0,0,0,0,0,0,0
1788909074.221485,2840,pg_toast,pg_toast_2619,0,0,0,0,0,0,0,0,0
1788909074.221485,1985486,public,last_trade,0,0,0,0,0,0,0,0,0
1788909074.221485,2328,pg_catalog,pg_foreign_data_wrapper,0,0,0,0,0,0,0,0,0
1788909074.221485,4157,pg_toast,pg_toast_2612,0,0,0,0,0,0,0,0,0
1788909074.221485,1260,pg_catalog,pg_authid,0,0,0,0,0,0,0,0,0
1788909074.221485,6102,pg_catalog,pg_subscription_rel,0,0,0,0,0,0,0,0,0
1788909074.221485,1214,pg_catalog,pg_shdepend,0,0,0,0,0,0,0,0,0
1788909074.221485,4163,pg_toast,pg_toast_2615,0,0,0,0,0,0,0,0,0
1788909074.221485,1985343,public,charge,0,0,0,0,0,0,0,0,0
1788909074.221485,1985440,public,daily_market,0,0,0,0,0,0,0,0,0
1788909074.221485,1985422,public,company,0,0,0,0,0,0,0,0,0
1788909074.221485,4169,pg_toast,pg_toast_3600,0,0,0,0,0,0,0,0,0
1788909074.221485,2615,pg_catalog,pg_namespace,1,4,5,2,0,0,0,0,0
1788909074.221485,2396,pg_catalog,pg_shdescription,0,0,0,0,0,0,0,0,0
1788909074.221485,3600,pg_catalog,pg_ts_dict,0,0,0,0,0,0,0,0,0
1788909074.221485,1985325,public,broker,0,0,0,0,0,0,0,0,0
1788909074.221485,3596,pg_catalog,pg_seclabel,0,0,0,0,0,0,0,0,0
1788909074.221485,1985460,public,financial,0,0,0,0,0,0,0,0,0
1788909074.221485,2609,pg_catalog,pg_description,0,0,0,0,0,0,0,0,0
1788909074.221485,1985351,public,commission_rate,0,0,0,0,0,0,0,0,0
1788909074.221485,13482,pg_toast,pg_toast_13479,0,0,0,0,0,0,0,0,0
1788909074.221485,1985396,public,trade_history,0,0,0,0,0,0,0,0,0
1788909074.221485,3603,pg_catalog,pg_ts_config_map,0,0,0,0,0,0,0,0,0
1788909074.221485,1213,pg_catalog,pg_tablespace,0,0,1,1,0,0,0,0,0
1788909074.221485,2608,pg_catalog,pg_depend,0,0,0,0,0,0,0,0,0
1788909074.221485,2964,pg_catalog,pg_db_role_setting,0,0,0,0,0,0,0,0,0
1788909074.221485,1985283,pg_toast,pg_toast_1985275,0,0,0,0,0,0,0,0,0
1788909074.221485,1418,pg_catalog,pg_user_mapping,0,0,0,0,0,0,0,0,0
1788909074.221485,2613,pg_catalog,pg_largeobject,0,0,0,0,0,0,0,0,0
1788909074.221485,6175,pg_toast,pg_toast_3456,0,0,0,0,0,0,0,0,0
1788909074.221485,1261,pg_catalog,pg_auth_members,0,0,0,0,0,0,0,0,0
1788909074.221485,1985335,public,cash_transaction,0,0,0,0,0,0,0,0,0
1788909074.221485,2617,pg_catalog,pg_operator,0,0,5,5,0,0,0,0,0
1788909074.221485,1985300,pg_toast,pg_toast_1985290,0,0,0,0,0,0,0,0,0
1788909074.221485,1985538,public,address,0,0,0,0,0,0,0,0,0
1788909074.221485,2610,pg_catalog,pg_index,1,221,11,14,0,0,0,0,0
1788909074.221485,1249,pg_catalog,pg_attribute,0,0,75,92,0,0,0,0,0
1788909074.221485,1985512,public,sector,0,0,0,0,0,0,0,0,0
1788909074.221485,1985415,public,trade_type,0,0,0,0,0,0,0,0,0
1788909074.221485,2600,pg_catalog,pg_aggregate,0,0,1,1,0,0,0,0,0
1788909074.221485,2966,pg_toast,pg_toast_2964,0,0,0,0,0,0,0,0,0
1788909074.221485,1985451,public,exchange,0,0,0,0,0,0,0,0,0
1788909074.221485,2618,pg_catalog,pg_rewrite,0,0,1,1,0,0,0,0,0
1788909074.221485,4177,pg_toast,pg_toast_1262,0,0,0,0,0,0,0,0,0
1788909074.221485,13484,information_schema,sql_parts,0,0,,,0,0,0,0,0
1788909074.221485,4159,pg_toast,pg_toast_2600,0,0,0,0,0,0,0,0,0
1788909074.221485,4147,pg_toast,pg_toast_3079,0,0,0,0,0,0,0,0,0
1788909074.221485,13474,information_schema,sql_features,0,0,,,0,0,0,0,0
1788909074.221485,1985394,pg_toast,pg_toast_1985372,0,0,0,0,0,0,0,0,0
1788909074.221485,1247,pg_catalog,pg_type,0,0,19,19,0,0,0,0,0
1788909074.221485,2602,pg_catalog,pg_amop,0,0,12,25,0,0,0,0,0
1788909074.221485,3439,pg_toast,pg_toast_3381,0,0,0,0,0,0,0,0,0
1788909074.221485,2846,pg_toast,pg_toast_2396,0,0,0,0,0,0,0,0,0
1788909074.221485,1985555,public,zip_code,0,0,0,0,0,0,0,0,0
1788909074.221485,1985478,pg_toast,pg_toast_1985460,0,0,0,0,0,0,0,0,0
1788909074.221485,4145,pg_toast,pg_toast_3466,0,0,0,0,0,0,0,0,0
1788909074.221485,3541,pg_catalog,pg_range,0,0,0,0,0,0,0,0,0
1788909074.221485,3602,pg_catalog,pg_ts_config,0,0,0,0,0,0,0,0,0
1788909074.221485,1985333,pg_toast,pg_toast_1985325,0,0,0,0,0,0,0,0,0
1788909074.221485,4183,pg_toast,pg_toast_6100,0,0,0,0,0,0,0,0,0
1788909074.221485,1985496,public,news_item,0,0,0,0,0,0,0,0,0
1788909074.221485,2224,pg_catalog,pg_sequence,0,0,0,0,0,0,0,0,0
1788909074.221485,2611,pg_catalog,pg_inherits,0,0,0,0,0,0,0,0,0
1788909074.221485,1417,pg_catalog,pg_foreign_server,0,0,0,0,0,0,0,0,0
1788909074.221485,1262,pg_catalog,pg_database,0,0,0,0,0,0,0,0,0
1788909074.221485,13492,pg_toast,pg_toast_13489,0,0,0,0,0,0,0,0,0
1788909074.221485,3501,pg_catalog,pg_enum,0,0,0,0,0,0,0,0,0
1788909074.221485,2607,pg_catalog,pg_conversion,0,0,0,0,0,0,0,0,0
1788909074.221485,1985449,pg_toast,pg_toast_1985440,0,0,0,0,0,0,0,0,0
1788909074.221485,826,pg_catalog,pg_default_acl,0,0,0,0,0,0,0,0,0
1788909074.221485,2604,pg_catalog,pg_attrdef,0,0,0,0,0,0,0,0,0
1788909074.221485,2336,pg_toast,pg_toast_2620,0,0,0,0,0,0,0,0,0
1788909074.221485,2603,pg_catalog,pg_amproc,0,0,5,11,0,0,0,0,0
1788909074.221485,2606,pg_catalog,pg_constraint,0,0,3,8,0,0,0,0,0
1788909074.221485,1255,pg_catalog,pg_proc,0,0,19,24,0,0,0,0,0
1788909074.221485,4173,pg_toast,pg_toast_1418,0,0,0,0,0,0,0,0,0
1788909074.221485,1985285,public,customer_taxrate,0,0,0,0,0,0,0,0,0
1788909074.221485,2620,pg_catalog,pg_trigger,0,0,0,0,0,0,0,0,0
1788909074.221485,1985256,public,account_permission,0,0,0,0,0,0,0,0,0
1788909074.221485,1985507,public,news_xref,0,0,0,0,0,0,0,0,0
1788909074.221485,1985480,public,industry,0,0,0,0,0,0,0,0,0
1788909074.221485,2612,pg_catalog,pg_language,0,0,0,0,0,0,0,0,0
1788909074.221485,4149,pg_toast,pg_toast_2328,0,0,0,0,0,0,0,0,0
1788909074.221485,6351,pg_toast,pg_toast_2610,0,0,0,0,0,0,0,0,0
1788909074.221485,13489,information_schema,sql_sizing,0,0,,,0,0,0,0,0
1788909074.221485,1985494,pg_toast,pg_toast_1985486,0,0,0,0,0,0,0,0,0
1788909074.221485,3598,pg_toast,pg_toast_3596,0,0,0,0,0,0,0,0,0
1788909074.221485,2836,pg_toast,pg_toast_1255,0,0,0,0,0,0,0,0,0
1788909074.221485,3456,pg_catalog,pg_collation,0,0,0,0,0,0,0,0,0
1788909074.221485,3079,pg_catalog,pg_extension,0,0,0,0,0,0,0,0,0
1788909074.221485,6100,pg_catalog,pg_subscription,0,0,0,0,0,0,0,0,0
1788909074.221485,2832,pg_toast,pg_toast_2606,0,0,0,0,0,0,0,0,0
1788909074.221485,3256,pg_catalog,pg_policy,0,0,0,0,0,0,0,0,0
1788909074.221485,1985302,public,holding_history,0,0,0,0,0,0,0,0,0
1788909074.221485,1985517,public,security,0,0,0,0,0,0,0,0,0
1788909074.221485,3466,pg_catalog,pg_event_trigger,0,0,0,0,0,0,0,0,0
1788909074.221485,3592,pg_catalog,pg_shseclabel,0,0,0,0,0,0,0,0,0
1788909074.221485,3764,pg_catalog,pg_ts_template,0,0,0,0,0,0,0,0,0
1788909074.221485,6237,pg_catalog,pg_publication_namespace,0,0,0,0,0,0,0,0,0
1788909074.221485,13487,pg_toast,pg_toast_13484,0,0,0,0,0,0,0,0,0
1788909074.221485,2995,pg_catalog,pg_largeobject_metadata,0,0,0,0,0,0,0,0,0
1788909074.221485,1985275,public,customer_account,0,0,0,0,0,0,0,0,0
1788909074.221485,4143,pg_toast,pg_toast_826,0,0,0,0,0,0,0,0,0
1788909074.221485,4185,pg_toast,pg_toast_1213,0,0,0,0,0,0,0,0,0
1788909074.221485,6243,pg_catalog,pg_parameter_acl,0,0,0,0,0,0,0,0,0
1788909074.221485,2616,pg_catalog,pg_opclass,0,0,8,134,0,0,0,0,0
1788909074.221485,1985290,public,holding,0,0,0,0,0,0,0,0,0
1788909074.221485,2838,pg_toast,pg_toast_2618,0,0,1,3,0,0,0,0,0
1788909074.221485,6228,pg_toast,pg_toast_6106,0,0,0,0,0,0,0,0,0
1788909074.221485,1985349,pg_toast,pg_toast_1985343,0,0,0,0,0,0,0,0,0
1788909074.221485,1985434,public,company_competitor,0,0,0,0,0,0,0,0,0
1788909074.221485,1985370,pg_toast,pg_toast_1985363,0,0,0,0,0,0,0,0,0
1788909074.221485,1985505,pg_toast,pg_toast_1985496,0,0,0,0,0,0,0,0,0
1788909074.221485,1985264,public,customer,0,0,0,0,0,0,0,0,0
1788909074.221485,3118,pg_catalog,pg_foreign_table,0,0,0,0,0,0,0,0,0
1788909074.221485,1259,pg_catalog,pg_class,1,523,12,12,0,0,0,0,0
1788909074.221485,3350,pg_catalog,pg_partitioned_table,0,0,0,0,0,0,0,0,0
1788909074.221485,4153,pg_toast,pg_toast_3118,0,0,0,0,0,0,0,0,0
1788909074.221485,4060,pg_toast,pg_toast_3592,0,0,0,0,0,0,0,0,0
1788909074.221485,1985543,public,status_type,0,0,0,0,0,0,0,0,0
1788909074.221485,4165,pg_toast,pg_toast_3350,0,0,0,0,0,0,0,0,0
1788909074.221485,1985402,public,trade_request,0,0,0,0,0,0,0,0,0
1788909074.221485,2753,pg_catalog,pg_opfamily,0,0,2,2,0,0,0,0,0
1788909074.221485,3601,pg_catalog,pg_ts_parser,0,0,0,0,0,0,0,0,0
1788909074.221485,6104,pg_catalog,pg_publication,0,0,0,0,0,0,0,0,0
1788909074.221485,13477,pg_toast,pg_toast_13474,0,0,0,0,0,0,0,0,0
1788909074.221485,3429,pg_catalog,pg_statistic_ext_data,0,0,0,0,0,0,0,0,0
1788909074.221485,2619,pg_catalog,pg_statistic,0,0,17,8,0,0,0,0,0
1788909074.221485,4155,pg_toast,pg_toast_3394,0,0,0,0,0,0,0,0,0
1788909074.221485,1985548,public,taxrate,0,0,0,0,0,0,0,0,0
1788909074.221485,3381,pg_catalog,pg_statistic_ext,0,0,3,0,0,0,0,0,0
1788909074.221485,6106,pg_catalog,pg_publication_rel,0,0,0,0,0,0,0,0,0
1788909074.221485,1985372,public,trade,0,0,0,0,0,0,0,0,0
1788909074.221485,2605,pg_catalog,pg_cast,0,0,34,7,0,0,0,0,0
1788909074.221485,4171,pg_toast,pg_toast_1247,0,0,0,0,0,0,0,0,0
1788909074.221485,2830,pg_toast,pg_toast_2604,0,0,0,0,0,0,0,0,0
1788909074.221485,1985309,public,holding_summary,0,0,0,0,0,0,0,0,0
1788909074.221485,1985413,pg_toast,pg_toast_1985402,0,0,0,0,0,0,0,0,0
1788909074.221485,13479,information_schema,sql_implementation_info,0,0,,,0,0,0,0,0
1788909074.221485,1985341,pg_toast,pg_toast_1985335,0,0,0,0,0,0,0,0,0
1788909074.221485,6244,pg_toast,pg_toast_6243,0,0,0,0,0,0,0,0,0
1788909074.221485,1985315,public,watch_item,0,0,0,0,0,0,0,0,0
1788909074.221485,3430,pg_toast,pg_toast_3429,0,0,0,0,0,0,0,0,0
1788909074.221485,1985320,public,watch_list,0,0,0,0,0,0,0,0,0
1788909134.319732,1985536,pg_toast,pg_toast_1985517,0,0,0,0,0,0,0,0,0
1788909134.319732,3576,pg_catalog,pg_transform,0,0,0,0,0,0,0,0,0
1788909134.319732,2601,pg_catalog,pg_am,0,0,0,0,0,0,0,0,0
1788909134.319732,1985363,public,settlement,0,0,0,0,0,0,0,0,0
1788909134.319732,3394,pg_catalog,pg_init_privs,0,0,0,0,0,0,0,0,0
1788909134.319732,4167,pg_toast,pg_toast_3256,0,0,0,0,0,0,0,0,0
1788909134.319732,4151,pg_toast,pg_toast_1417,0,0,0,0,0,0,0,0,0
1788909134.319732,2834,pg_toast,pg_toast_2609,0,0,0,0,0,0,0,0,0
1788909134.319732,6000,pg_catalog,pg_replication_origin,0,0,0,0,0,0,0,0,0
1788909134.319732,2840,pg_toast,pg_toast_2619,0,0,0,0,0,0,0,0,0
1788909134.319732,1985486,public,last_trade,0,0,0,0,0,0,0,0,0
1788909134.319732,2328,pg_catalog,pg_foreign_data_wrapper,0,0,0,0,0,0,0,0,0
1788909134.319732,4157,pg_toast,pg_toast_2612,0,0,0,0,0,0,0,0,0
1788909134.319732,1260,pg_catalog,pg_authid,0,0,0,0,0,0,0,0,0
1788909134.319732,6102,pg_catalog,pg_subscription_rel,0,0,0,0,0,0,0,0,0
1788909134.319732,1214,pg_catalog,pg_shdepend,0,0,0,0,0,0,0,0,0
1788909134.319732,4163,pg_toast,pg_toast_2615,0,0,0,0,0,0,0,0,0
1788909134.319732,1985343,public,charge,0,0,0,0,0,0,0,0,0
1788909134.319732,1985440,public,daily_market,0,0,0,0,0,0,0,0,0
1788909134.319732,1985422,public,company,0,0,0,0,0,0,0,0,0
1788909134.319732,4169,pg_toast,pg_toast_3600,0,0,0,0,0,0,0,0,0
1788909134.319732,2615,pg_catalog,pg_namespace,1,4,5,2,0,0,0,0,0
1788909134.319732,2396,pg_catalog,pg_shdescription,0,0,0,0,0,0,0,0,0
1788909134.319732,3600,pg_catalog,pg_ts_dict,0,0,0,0,0,0,0,0,0
1788909134.319732,1985325,public,broker,0,0,0,0,0,0,0,0,0
1788909134.319732,3596,pg_catalog,pg_seclabel,0,0,0,0,0,0,0,0,0
1788909134.319732,1985460,public,financial,0,0,0,0,0,0,0,0,0
1788909134.319732,2609,pg_catalog,pg_description,0,0,0,0,0,0,0,0,0
1788909134.319732,1985351,public,commission_rate,0,0,0,0,0,0,0,0,0
1788909134.319732,13482,pg_toast,pg_toast_13479,0,0,0,0,0,0,0,0,0
1788909134.319732,1985396,public,trade_history,0,0,0,0,0,0,0,0,0
1788909134.319732,3603,pg_catalog,pg_ts_config_map,0,0,0,0,0,0,0,0,0
1788909134.319732,1213,pg_catalog,pg_tablespace,0,0,1,1,0,0,0,0,0
1788909134.319732,2608,pg_catalog,pg_depend,0,0,0,0,0,0,0,0,0
1788909134.319732,2964,pg_catalog,pg_db_role_setting,0,0,0,0,0,0,0,0,0
1788909134.319732,1985283,pg_toast,pg_toast_1985275,0,0,0,0,0,0,0,0,0
1788909134.319732,1418,pg_catalog,pg_user_mapping,0,0,0,0,0,0,0,0,0
1788909134.319732,2613,pg_catalog,pg_largeobject,0,0,0,0,0,0,0,0,0
1788909134.319732,6175,pg_toast,pg_toast_3456,0,0,0,0,0,0,0,0,0
1788909134.319732,1261,pg_catalog,pg_auth_members,0,0,0,0,0,0,0,0,0
1788909134.319732,1985335,public,cash_transaction,0,0,0,0,0,0,0,0,0
1788909134.319732,2617,pg_catalog,pg_operator,0,0,5,5,0,0,0,0,0
1788909134.319732,1985300,pg_toast,pg_toast_1985290,0,0,0,0,0,0,0,0,0
1788909134.319732,1985538,public,address,0,0,0,0,0,0,0,0,0
1788909134.319732,2610,pg_catalog,pg_index,1,221,11,14,0,0,0,0,0
1788909134.319732,1249,pg_catalog,pg_attribute,0,0,75,92,0,0,0,0,0
1788909134.319732,1985512,public,sector,0,0,0,0,0,0,0,0,0
1788909134.319732,1985415,public,trade_type,0,0,0,0,0,0,0,0,0
1788909134.319732,2600,pg_catalog,pg_aggregate,0,0,1,1,0,0,0,0,0
1788909134.319732,2966,pg_toast,pg_toast_2964,0,0,0,0,0,0,0,0,0
1788909134.319732,1985451,public,exchange,0,0,0,0,0,0,0,0,0
1788909134.319732,2618,pg_catalog,pg_rewrite,0,0,1,1,0,0,0,0,0
1788909134.319732,4177,pg_toast,pg_toast_1262,0,0,0,0,0,0,0,0,0
1788909134.319732,13484,information_schema,sql_parts,0,0,,,0,0,0,0,0
1788909134.319732,4159,pg_toast,pg_toast_2600,0,0,0,0,0,0,0,0,0
1788909134.319732,4147,pg_toast,pg_toast_3079,0,0,0,0,0,0,0,0,0
1788909134.319732,13474,information_schema,sql_features,0,0,,,0,0,0,0,0
1788909134.319732,1985394,pg_toast,pg_toast_1985372,0,0,0,0,0,0,0,0,0
1788909134.319732,1247,pg_catalog,pg_type,0,0,19,19,0,0,0,0,0
1788909134.319732,2602,pg_catalog,pg_amop,0,0,12,25,0,0,0,0,0
1788909134.319732,3439,pg_toast,pg_toast_3381,0,0,0,0,0,0,0,0,0
1788909134.319732,2846,pg_toast,pg_toast_2396,0,0,0,0,0,0,0,0,0
1788909134.319732,1985555,public,zip_code,0,0,0,0,0,0,0,0,0
1788909134.319732,1985478,pg_toast,pg_toast_1985460,0,0,0,0,0,0,0,0,0
1788909134.319732,4145,pg_toast,pg_toast_3466,0,0,0,0,0,0,0,0,0
1788909134.319732,3541,pg_catalog,pg_range,0,0,0,0,0,0,0,0,0
1788909134.319732,3602,pg_catalog,pg_ts_config,0,0,0,0,0,0,0,0,0
1788909134.319732,1985333,pg_toast,pg_toast_1985325,0,0,0,0,0,0,0,0,0
1788909134.319732,4183,pg_toast,pg_toast_6100,0,0,0,0,0,0,0,0,0
1788909134.319732,1985496,public,news_item,0,0,0,0,0,0,0,0,0
1788909134.319732,2224,pg_catalog,pg_sequence,0,0,0,0,0,0,0,0,0
1788909134.319732,2611,pg_catalog,pg_inherits,0,0,0,0,0,0,0,0,0
1788909134.319732,1417,pg_catalog,pg_foreign_server,0,0,0,0,0,0,0,0,0
1788909134.319732,1262,pg_catalog,pg_database,0,0,0,0,0,0,0,0,0
1788909134.319732,13492,pg_toast,pg_toast_13489,0,0,0,0,0,0,0,0,0
1788909134.319732,3501,pg_catalog,pg_enum,0,0,0,0,0,0,0,0,0
1788909134.319732,2607,pg_catalog,pg_conversion,0,0,0,0,0,0,0,0,0
1788909134.319732,1985449,pg_toast,pg_toast_1985440,0,0,0,0,0,0,0,0,0
1788909134.319732,826,pg_catalog,pg_default_acl,0,0,0,0,0,0,0,0,0
1788909134.319732,2604,pg_catalog,pg_attrdef,0,0,0,0,0,0,0,0,0
1788909134.319732,2336,pg_toast,pg_toast_2620,0,0,0,0,0,0,0,0,0
1788909134.319732,2603,pg_catalog,pg_amproc,0,0,5,11,0,0,0,0,0
1788909134.319732,2606,pg_catalog,pg_constraint,0,0,3,8,0,0,0,0,0
1788909134.319732,1255,pg_catalog,pg_proc,0,0,19,24,0,0,0,0,0
1788909134.319732,4173,pg_toast,pg_toast_1418,0,0,0,0,0,0,0,0,0
1788909134.319732,1985285,public,customer_taxrate,0,0,0,0,0,0,0,0,0
1788909134.319732,2620,pg_catalog,pg_trigger,0,0,0,0,0,0,0,0,0
1788909134.319732,1985256,public,account_permission,0,0,0,0,0,0,0,0,0
1788909134.319732,1985507,public,news_xref,0,0,0,0,0,0,0,0,0
1788909134.319732,1985480,public,industry,0,0,0,0,0,0,0,0,0
1788909134.319732,2612,pg_catalog,pg_language,0,0,0,0,0,0,0,0,0
1788909134.319732,4149,pg_toast,pg_toast_2328,0,0,0,0,0,0,0,0,0
1788909134.319732,6351,pg_toast,pg_toast_2610,0,0,0,0,0,0,0,0,0
1788909134.319732,13489,information_schema,sql_sizing,0,0,,,0,0,0,0,0
1788909134.319732,1985494,pg_toast,pg_toast_1985486,0,0,0,0,0,0,0,0,0
1788909134.319732,3598,pg_toast,pg_toast_3596,0,0,0,0,0,0,0,0,0
1788909134.319732,2836,pg_toast,pg_toast_1255,0,0,0,0,0,0,0,0,0
1788909134.319732,3456,pg_catalog,pg_collation,0,0,0,0,0,0,0,0,0
1788909134.319732,3079,pg_catalog,pg_extension,0,0,0,0,0,0,0,0,0
1788909134.319732,6100,pg_catalog,pg_subscription,0,0,0,0,0,0,0,0,0
1788909134.319732,2832,pg_toast,pg_toast_2606,0,0,0,0,0,0,0,0,0
1788909134.319732,3256,pg_catalog,pg_policy,0,0,0,0,0,0,0,0,0
1788909134.319732,1985302,public,holding_history,0,0,0,0,0,0,0,0,0
1788909134.319732,1985517,public,security,0,0,0,0,0,0,0,0,0
1788909134.319732,3466,pg_catalog,pg_event_trigger,0,0,0,0,0,0,0,0,0
1788909134.319732,3592,pg_catalog,pg_shseclabel,0,0,0,0,0,0,0,0,0
1788909134.319732,3764,pg_catalog,pg_ts_template,0,0,0,0,0,0,0,0,0
1788909134.319732,6237,pg_catalog,pg_publication_namespace,0,0,0,0,0,0,0,0,0
1788909134.319732,13487,pg_toast,pg_toast_13484,0,0,0,0,0,0,0,0,0
1788909134.319732,2995,pg_catalog,pg_largeobject_metadata,0,0,0,0,0,0,0,0,0
1788909134.319732,1985275,public,customer_account,0,0,0,0,0,0,0,0,0
1788909134.319732,4143,pg_toast,pg_toast_826,0,0,0,0,0,0,0,0,0
1788909134.319732,4185,pg_toast,pg_toast_1213,0,0,0,0,0,0,0,0,0
1788909134.319732,6243,pg_catalog,pg_parameter_acl,0,0,0,0,0,0,0,0,0
1788909134.319732,2616,pg_catalog,pg_opclass,0,0,8,134,0,0,0,0,0
1788909134.319732,1985290,public,holding,0,0,0,0,0,0,0,0,0
1788909134.319732,2838,pg_toast,pg_toast_2618,0,0,1,3,0,0,0,0,0
1788909134.319732,6228,pg_toast,pg_toast_6106,0,0,0,0,0,0,0,0,0
1788909134.319732,1985349,pg_toast,pg_toast_1985343,0,0,0,0,0,0,0,0,0
1788909134.319732,1985434,public,company_competitor,0,0,0,0,0,0,0,0,0
1788909134.319732,1985370,pg_toast,pg_toast_1985363,0,0,0,0,0,0,0,0,0
1788909134.319732,1985505,pg_toast,pg_toast_1985496,0,0,0,0,0,0,0,0,0
1788909134.319732,1985264,public,customer,0,0,0,0,0,0,0,0,0
1788909134.319732,3118,pg_catalog,pg_foreign_table,0,0,0,0,0,0,0,0,0
1788909134.319732,1259,pg_catalog,pg_class,1,523,12,12,0,0,0,0,0
1788909134.319732,3350,pg_catalog,pg_partitioned_table,0,0,0,0,0,0,0,0,0
1788909134.319732,4153,pg_toast,pg_toast_3118,0,0,0,0,0,0,0,0,0
1788909134.319732,4060,pg_toast,pg_toast_3592,0,0,0,0,0,0,0,0,0
1788909134.319732,1985543,public,status_type,0,0,0,0,0,0,0,0,0
1788909134.319732,4165,pg_toast,pg_toast_3350,0,0,0,0,0,0,0,0,0
1788909134.319732,1985402,public,trade_request,0,0,0,0,0,0,0,0,0
1788909134.319732,2753,pg_catalog,pg_opfamily,0,0,2,2,0,0,0,0,0
1788909134.319732,3601,pg_catalog,pg_ts_parser,0,0,0,0,0,0,0,0,0
1788909134.319732,6104,pg_catalog,pg_publication,0,0,0,0,0,0,0,0,0
1788909134.319732,13477,pg_toast,pg_toast_13474,0,0,0,0,0,0,0,0,0
1788909134.319732,3429,pg_catalog,pg_statistic_ext_data,0,0,0,0,0,0,0,0,0
1788909134.319732,2619,pg_catalog,pg_statistic,0,0,17,8,0,0,0,0,0
1788909134.319732,4155,pg_toast,pg_toast_3394,0,0,0,0,0,0,0,0,0
1788909134.319732,1985548,public,taxrate,0,0,0,0,0,0,0,0,0
1788909134.319732,3381,pg_catalog,pg_statistic_ext,0,0,3,0,0,0,0,0,0
1788909134.319732,6106,pg_catalog,pg_publication_rel,0,0,0,0,0,0,0,0,0
1788909134.319732,1985372,public,trade,0,0,0,0,0,0,0,0,0
1788909134.319732,2605,pg_catalog,pg_cast,0,0,34,7,0,0,0,0,0
1788909134.319732,4171,pg_toast,pg_toast_1247,0,0,0,0,0,0,0,0,0
1788909134.319732,2830,pg_toast,pg_toast_2604,0,0,0,0,0,0,0,0,0
1788909134.319732,1985309,public,holding_summary,0,0,0,0,0,0,0,0,0
1788909134.319732,1985413,pg_toast,pg_toast_1985402,0,0,0,0,0,0,0,0,0
1788909134.319732,13479,information_schema,sql_implementation_info,0,0,,,0,0,0,0,0
1788909134.319732,1985341,pg_toast,pg_toast_1985335,0,0,0,0,0,0,0,0,0
1788909134.319732,6244,pg_toast,pg_toast_6243,0,0,0,0,0,0,0,0,0
1788909134.319732,1985315,public,watch_item,0,0,0,0,0,0,0,0,0
1788909134.319732,3430,pg_toast,pg_toast_3429,0,0,0,0,0,0,0,0,0
1788909134.319732,1985320,public,watch_list,0,0,0,0,0,0,0,0,0
1788909194.424501,1985536,pg_toast,pg_toast_1985517,0,0,0,0,0,0,0,0,0
1788909194.424501,3576,pg_catalog,pg_transform,0,0,0,0,0,0,0,0,0
1788909194.424501,2601,pg_catalog,pg_am,0,0,0,0,0,0,0,0,0
1788909194.424501,1985363,public,settlement,0,0,0,0,0,0,0,0,0
1788909194.424501,3394,pg_catalog,pg_init_privs,0,0,0,0,0,0,0,0,0
1788909194.424501,4167,pg_toast,pg_toast_3256,0,0,0,0,0,0,0,0,0
1788909194.424501,4151,pg_toast,pg_toast_1417,0,0,0,0,0,0,0,0,0
1788909194.424501,2834,pg_toast,pg_toast_2609,0,0,0,0,0,0,0,0,0
1788909194.424501,6000,pg_catalog,pg_replication_origin,0,0,0,0,0,0,0,0,0
1788909194.424501,2840,pg_toast,pg_toast_2619,0,0,0,0,0,0,0,0,0
1788909194.424501,1985486,public,last_trade,0,0,0,0,0,0,0,0,0
1788909194.424501,2328,pg_catalog,pg_foreign_data_wrapper,0,0,0,0,0,0,0,0,0
1788909194.424501,4157,pg_toast,pg_toast_2612,0,0,0,0,0,0,0,0,0
1788909194.424501,1260,pg_catalog,pg_authid,0,0,0,0,0,0,0,0,0
1788909194.424501,6102,pg_catalog,pg_subscription_rel,0,0,0,0,0,0,0,0,0
1788909194.424501,1214,pg_catalog,pg_shdepend,0,0,0,0,0,0,0,0,0
1788909194.424501,4163,pg_toast,pg_toast_2615,0,0,0,0,0,0,0,0,0
1788909194.424501,1985343,public,charge,0,0,0,0,0,0,0,0,0
1788909194.424501,1985440,public,daily_market,0,0,0,0,0,0,0,0,0
1788909194.424501,1985422,public,company,0,0,0,0,0,0,0,0,0
1788909194.424501,4169,pg_toast,pg_toast_3600,0,0,0,0,0,0,0,0,0
1788909194.424501,2615,pg_catalog,pg_namespace,1,4,5,2,0,0,0,0,0
1788909194.424501,2396,pg_catalog,pg_shdescription,0,0,0,0,0,0,0,0,0
1788909194.424501,3600,pg_catalog,pg_ts_dict,0,0,0,0,0,0,0,0,0
1788909194.424501,1985325,public,broker,0,0,0,0,0,0,0,0,0
1788909194.424501,3596,pg_catalog,pg_seclabel,0,0,0,0,0,0,0,0,0
1788909194.424501,1985460,public,financial,0,0,0,0,0,0,0,0,0
1788909194.424501,2609,pg_catalog,pg_description,0,0,0,0,0,0,0,0,0
1788909194.424501,1985351,public,commission_rate,0,0,0,0,0,0,0,0,0
1788909194.424501,13482,pg_toast,pg_toast_13479,0,0,0,0,0,0,0,0,0
1788909194.424501,1985396,public,trade_history,0,0,0,0,0,0,0,0,0
1788909194.424501,3603,pg_catalog,pg_ts_config_map,0,0,0,0,0,0,0,0,0
1788909194.424501,1213,pg_catalog,pg_tablespace,0,0,1,1,0,0,0,0,0
1788909194.424501,2608,pg_catalog,pg_depend,0,0,0,0,0,0,0,0,0
1788909194.424501,2964,pg_catalog,pg_db_role_setting,0,0,0,0,0,0,0,0,0
1788909194.424501,1985283,pg_toast,pg_toast_1985275,0,0,0,0,0,0,0,0,0
1788909194.424501,1418,pg_catalog,pg_user_mapping,0,0,0,0,0,0,0,0,0
1788909194.424501,2613,pg_catalog,pg_largeobject,0,0,0,0,0,0,0,0,0
1788909194.424501,6175,pg_toast,pg_toast_3456,0,0,0,0,0,0,0,0,0
1788909194.424501,1261,pg_catalog,pg_auth_members,0,0,0,0,0,0,0,0,0
1788909194.424501,1985335,public,cash_transaction,0,0,0,0,0,0,0,0,0
1788909194.424501,2617,pg_catalog,pg_operator,0,0,5,5,0,0,0,0,0
1788909194.424501,1985300,pg_toast,pg_toast_1985290,0,0,0,0,0,0,0,0,0
1788909194.424501,1985538,public,address,0,0,0,0,0,0,0,0,0
1788909194.424501,2610,pg_catalog,pg_index,1,221,11,14,0,0,0,0,0
1788909194.424501,1249,pg_catalog,pg_attribute,0,0,75,92,0,0,0,0,0
1788909194.424501,1985512,public,sector,0,0,0,0,0,0,0,0,0
1788909194.424501,1985415,public,trade_type,0,0,0,0,0,0,0,0,0
1788909194.424501,2600,pg_catalog,pg_aggregate,0,0,1,1,0,0,0,0,0
1788909194.424501,2966,pg_toast,pg_toast_2964,0,0,0,0,0,0,0,0,0
1788909194.424501,1985451,public,exchange,0,0,0,0,0,0,0,0,0
1788909194.424501,2618,pg_catalog,pg_rewrite,0,0,1,1,0,0,0,0,0
1788909194.424501,4177,pg_toast,pg_toast_1262,0,0,0,0,0,0,0,0,0
1788909194.424501,13484,information_schema,sql_parts,0,0,,,0,0,0,0,0
1788909194.424501,4159,pg_toast,pg_toast_2600,0,0,0,0,0,0,0,0,0
1788909194.424501,4147,pg_toast,pg_toast_3079,0,0,0,0,0,0,0,0,0
1788909194.424501,13474,information_schema,sql_features,0,0,,,0,0,0,0,0
1788909194.424501,1985394,pg_toast,pg_toast_1985372,0,0,0,0,0,0,0,0,0
1788909194.424501,1247,pg_catalog,pg_type,0,0,19,19,0,0,0,0,0
1788909194.424501,2602,pg_catalog,pg_amop,0,0,12,25,0,0,0,0,0
1788909194.424501,3439,pg_toast,pg_toast_3381,0,0,0,0,0,0,0,0,0
1788909194.424501,2846,pg_toast,pg_toast_2396,0,0,0,0,0,0,0,0,0
1788909194.424501,1985555,public,zip_code,0,0,0,0,0,0,0,0,0
1788909194.424501,1985478,pg_toast,pg_toast_1985460,0,0,0,0,0,0,0,0,0
1788909194.424501,4145,pg_toast,pg_toast_3466,0,0,0,0,0,0,0,0,0
1788909194.424501,3541,pg_catalog,pg_range,0,0,0,0,0,0,0,0,0
1788909194.424501,3602,pg_catalog,pg_ts_config,0,0,0,0,0,0,0,0,0
1788909194.424501,1985333,pg_toast,pg_toast_1985325,0,0,0,0,0,0,0,0,0
1788909194.424501,4183,pg_toast,pg_toast_6100,0,0,0,0,0,0,0,0,0
1788909194.424501,1985496,public,news_item,0,0,0,0,0,0,0,0,0
1788909194.424501,2224,pg_catalog,pg_sequence,0,0,0,0,0,0,0,0,0
1788909194.424501,2611,pg_catalog,pg_inherits,0,0,0,0,0,0,0,0,0
1788909194.424501,1417,pg_catalog,pg_foreign_server,0,0,0,0,0,0,0,0,0
1788909194.424501,1262,pg_catalog,pg_database,0,0,0,0,0,0,0,0,0
1788909194.424501,13492,pg_toast,pg_toast_13489,0,0,0,0,0,0,0,0,0
1788909194.424501,3501,pg_catalog,pg_enum,0,0,0,0,0,0,0,0,0
1788909194.424501,2607,pg_catalog,pg_conversion,0,0,0,0,0,0,0,0,0
1788909194.424501,1985449,pg_toast,pg_toast_1985440,0,0,0,0,0,0,0,0,0
1788909194.424501,826,pg_catalog,pg_default_acl,0,0,0,0,0,0,0,0,0
1788909194.424501,2604,pg_catalog,pg_attrdef,0,0,0,0,0,0,0,0,0
1788909194.424501,2336,pg_toast,pg_toast_2620,0,0,0,0,0,0,0,0,0
1788909194.424501,2603,pg_catalog,pg_amproc,0,0,5,11,0,0,0,0,0
1788909194.424501,2606,pg_catalog,pg_constraint,0,0,3,8,0,0,0,0,0
1788909194.424501,1255,pg_catalog,pg_proc,0,0,19,24,0,0,0,0,0
1788909194.424501,4173,pg_toast,pg_toast_1418,0,0,0,0,0,0,0,0,0
1788909194.424501,1985285,public,customer_taxrate,0,0,0,0,0,0,0,0,0
1788909194.424501,2620,pg_catalog,pg_trigger,0,0,0,0,0,0,0,0,0
1788909194.424501,1985256,public,account_permission,0,0,0,0,0,0,0,0,0
1788909194.424501,1985507,public,news_xref,0,0,0,0,0,0,0,0,0
1788909194.424501,1985480,public,industry,0,0,0,0,0,0,0,0,0
1788909194.424501,2612,pg_catalog,pg_language,0,0,0,0,0,0,0,0,0
1788909194.424501,4149,pg_toast,pg_toast_2328,0,0,0,0,0,0,0,0,0
1788909194.424501,6351,pg_toast,pg_toast_2610,0,0,0,0,0,0,0,0,0
1788909194.424501,13489,information_schema,sql_sizing,0,0,,,0,0,0,0,0
1788909194.424501,1985494,pg_toast,pg_toast_1985486,0,0,0,0,0,0,0,0,0
1788909194.424501,3598,pg_toast,pg_toast_3596,0,0,0,0,0,0,0,0,0
1788909194.424501,2836,pg_toast,pg_toast_1255,0,0,0,0,0,0,0,0,0
1788909194.424501,3456,pg_catalog,pg_collation,0,0,0,0,0,0,0,0,0
1788909194.424501,3079,pg_catalog,pg_extension,0,0,0,0,0,0,0,0,0
1788909194.424501,6100,pg_catalog,pg_subscription,0,0,0,0,0,0,0,0,0
1788909194.424501,2832,pg_toast,pg_toast_2606,0,0,0,0,0,0,0,0,0
1788909194.424501,3256,pg_catalog,pg_policy,0,0,0,0,0,0,0,0,0
1788909194.424501,1985302,public,holding_history,0,0,0,0,0,0,0,0,0
1788909194.424501,1985517,public,security,0,0,0,0,0,0,0,0,0
1788909194.424501,3466,pg_catalog,pg_event_trigger,0,0,0,0,0,0,0,0,0
1788909194.424501,3592,pg_catalog,pg_shseclabel,0,0,0,0,0,0,0,0,0
1788909194.424501,3764,pg_catalog,pg_ts_template,0,0,0,0,0,0,0,0,0
1788909194.424501,6237,pg_catalog,pg_publication_namespace,0,0,0,0,0,0,0,0,0
1788909194.424501,13487,pg_toast,pg_toast_13484,0,0,0,0,0,0,0,0,0
1788909194.424501,2995,pg_catalog,pg_largeobject_metadata,0,0,0,0,0,0,0,0,0
1788909194.424501,1985275,public,customer_account,0,0,0,0,0,0,0,0,0
1788909194.424501,4143,pg_toast,pg_toast_826,0,0,0,0,0,0,0,0,0
1788909194.424501,4185,pg_toast,pg_toast_1213,0,0,0,0,0,0,0,0,0
1788909194.424501,6243,pg_catalog,pg_parameter_acl,0,0,0,0,0,0,0,0,0
1788909194.424501,2616,pg_catalog,pg_opclass,0,0,8,134,0,0,0,0,0
1788909194.424501,1985290,public,holding,0,0,0,0,0,0,0,0,0
1788909194.424501,2838,pg_toast,pg_toast_2618,0,0,1,3,0,0,0,0,0
1788909194.424501,6228,pg_toast,pg_toast_6106,0,0,0,0,0,0,0,0,0
1788909194.424501,1985349,pg_toast,pg_toast_1985343,0,0,0,0,0,0,0,0,0
1788909194.424501,1985434,public,company_competitor,0,0,0,0,0,0,0,0,0
1788909194.424501,1985370,pg_toast,pg_toast_1985363,0,0,0,0,0,0,0,0,0
1788909194.424501,1985505,pg_toast,pg_toast_1985496,0,0,0,0,0,0,0,0,0
1788909194.424501,1985264,public,customer,0,0,0,0,0,0,0,0,0
1788909194.424501,3118,pg_catalog,pg_foreign_table,0,0,0,0,0,0,0,0,0
1788909194.424501,1259,pg_catalog,pg_class,1,523,12,12,0,0,0,0,0
1788909194.424501,3350,pg_catalog,pg_partitioned_table,0,0,0,0,0,0,0,0,0
1788909194.424501,4153,pg_toast,pg_toast_3118,0,0,0,0,0,0,0,0,0
1788909194.424501,4060,pg_toast,pg_toast_3592,0,0,0,0,0,0,0,0,0
1788909194.424501,1985543,public,status_type,0,0,0,0,0,0,0,0,0
1788909194.424501,4165,pg_toast,pg_toast_3350,0,0,0,0,0,0,0,0,0
1788909194.424501,1985402,public,trade_request,0,0,0,0,0,0,0,0,0
1788909194.424501,2753,pg_catalog,pg_opfamily,0,0,2,2,0,0,0,0,0
1788909194.424501,3601,pg_catalog,pg_ts_parser,0,0,0,0,0,0,0,0,0
1788909194.424501,6104,pg_catalog,pg_publication,0,0,0,0,0,0,0,0,0
1788909194.424501,13477,pg_toast,pg_toast_13474,0,0,0,0,0,0,0,0,0
1788909194.424501,3429,pg_catalog,pg_statistic_ext_data,0,0,0,0,0,0,0,0,0
1788909194.424501,2619,pg_catalog,pg_statistic,0,0,17,8,0,0,0,0,0
1788909194.424501,4155,pg_toast,pg_toast_3394,0,0,0,0,0,0,0,0,0
1788909194.424501,1985548,public,taxrate,0,0,0,0,0,0,0,0,0
1788909194.424501,3381,pg_catalog,pg_statistic_ext,0,0,3,0,0,0,0,0,0
1788909194.424501,6106,pg_catalog,pg_publication_rel,0,0,0,0,0,0,0,0,0
1788909194.424501,1985372,public,trade,0,0,0,0,0,0,0,0,0
1788909194.424501,2605,pg_catalog,pg_cast,0,0,34,7,0,0,0,0,0
1788909194.424501,4171,pg_toast,pg_toast_1247,0,0,0,0,0,0,0,0,0
1788909194.424501,2830,pg_toast,pg_toast_2604,0,0,0,0,0,0,0,0,0
1788909194.424501,1985309,public,holding_summary,0,0,0,0,0,0,0,0,0
1788909194.424501,1985413,pg_toast,pg_toast_1985402,0,0,0,0,0,0,0,0,0
1788909194.424501,13479,information_schema,sql_implementation_info,0,0,,,0,0,0,0,0
1788909194.424501,1985341,pg_toast,pg_toast_1985335,0,0,0,0,0,0,0,0,0
1788909194.424501,6244,pg_toast,pg_toast_6243,0,0,0,0,0,0,0,0,0
1788909194.424501,1985315,public,watch_item,0,0,0,0,0,0,0,0,0
1788909194.424501,3430,pg_toast,pg_toast_3429,0,0,0,0,0,0,0,0,0
1788909194.424501,1985320,public,watch_list,0,0,0,0,0,0,0,0,0
1788909254.587175,1985536,pg_toast,pg_toast_1985517,0,0,0,0,0,0,0,0,0
1788909254.587175,3576,pg_catalog,pg_transform,0,0,0,0,0,0,0,0,0
1788909254.587175,2601,pg_catalog,pg_am,0,0,0,0,0,0,0,0,0
1788909254.587175,1985363,public,settlement,0,0,0,0,0,0,0,0,0
1788909254.587175,3394,pg_catalog,pg_init_privs,0,0,0,0,0,0,0,0,0
1788909254.587175,4167,pg_toast,pg_toast_3256,0,0,0,0,0,0,0,0,0
1788909254.587175,4151,pg_toast,pg_toast_1417,0,0,0,0,0,0,0,0,0
1788909254.587175,2834,pg_toast,pg_toast_2609,0,0,0,0,0,0,0,0,0
1788909254.587175,6000,pg_catalog,pg_replication_origin,0,0,0,0,0,0,0,0,0
1788909254.587175,2840,pg_toast,pg_toast_2619,0,0,0,0,0,0,0,0,0
1788909254.587175,1985486,public,last_trade,0,0,0,0,0,0,0,0,0
1788909254.587175,2328,pg_catalog,pg_foreign_data_wrapper,0,0,0,0,0,0,0,0,0
1788909254.587175,4157,pg_toast,pg_toast_2612,0,0,0,0,0,0,0,0,0
1788909254.587175,1260,pg_catalog,pg_authid,0,0,0,0,0,0,0,0,0
1788909254.587175,6102,pg_catalog,pg_subscription_rel,0,0,0,0,0,0,0,0,0
1788909254.587175,1214,pg_catalog,pg_shdepend,0,0,0,0,0,0,0,0,0
1788909254.587175,4163,pg_toast,pg_toast_2615,0,0,0,0,0,0,0,0,0
1788909254.587175,1985343,public,charge,0,0,0,0,0,0,0,0,0
1788909254.587175,1985440,public,daily_market,0,0,0,0,0,0,0,0,0
1788909254.587175,1985422,public,company,0,0,0,0,0,0,0,0,0
1788909254.587175,4169,pg_toast,pg_toast_3600,0,0,0,0,0,0,0,0,0
1788909254.587175,2615,pg_catalog,pg_namespace,1,4,5,2,0,0,0,0,0
1788909254.587175,2396,pg_catalog,pg_shdescription,0,0,0,0,0,0,0,0,0
1788909254.587175,3600,pg_catalog,pg_ts_dict,0,0,0,0,0,0,0,0,0
1788909254.587175,1985325,public,broker,0,0,0,0,0,0,0,0,0
1788909254.587175,3596,pg_catalog,pg_seclabel,0,0,0,0,0,0,0,0,0
1788909254.587175,1985460,public,financial,0,0,0,0,0,0,0,0,0
1788909254.587175,2609,pg_catalog,pg_description,0,0,0,0,0,0,0,0,0
1788909254.587175,1985351,public,commission_rate,0,0,0,0,0,0,0,0,0
1788909254.587175,13482,pg_toast,pg_toast_13479,0,0,0,0,0,0,0,0,0
1788909254.587175,1985396,public,trade_history,0,0,0,0,0,0,0,0,0
1788909254.587175,3603,pg_catalog,pg_ts_config_map,0,0,0,0,0,0,0,0,0
1788909254.587175,1213,pg_catalog,pg_tablespace,0,0,1,1,0,0,0,0,0
1788909254.587175,2608,pg_catalog,pg_depend,0,0,0,0,0,0,0,0,0
1788909254.587175,2964,pg_catalog,pg_db_role_setting,0,0,0,0,0,0,0,0,0
1788909254.587175,1985283,pg_toast,pg_toast_1985275,0,0,0,0,0,0,0,0,0
1788909254.587175,1418,pg_catalog,pg_user_mapping,0,0,0,0,0,0,0,0,0
1788909254.587175,2613,pg_catalog,pg_largeobject,0,0,0,0,0,0,0,0,0
1788909254.587175,6175,pg_toast,pg_toast_3456,0,0,0,0,0,0,0,0,0
1788909254.587175,1261,pg_catalog,pg_auth_members,0,0,0,0,0,0,0,0,0
1788909254.587175,1985335,public,cash_transaction,0,0,0,0,0,0,0,0,0
1788909254.587175,2617,pg_catalog,pg_operator,0,0,5,5,0,0,0,0,0
1788909254.587175,1985300,pg_toast,pg_toast_1985290,0,0,0,0,0,0,0,0,0
1788909254.587175,1985538,public,address,0,0,0,0,0,0,0,0,0
1788909254.587175,2610,pg_catalog,pg_index,1,221,11,14,0,0,0,0,0
1788909254.587175,1249,pg_catalog,pg_attribute,0,0,75,92,0,0,0,0,0
1788909254.587175,1985512,public,sector,0,0,0,0,0,0,0,0,0
1788909254.587175,1985415,public,trade_type,0,0,0,0,0,0,0,0,0
1788909254.587175,2600,pg_catalog,pg_aggregate,0,0,1,1,0,0,0,0,0
1788909254.587175,2966,pg_toast,pg_toast_2964,0,0,0,0,0,0,0,0,0
1788909254.587175,1985451,public,exchange,0,0,0,0,0,0,0,0,0
1788909254.587175,2618,pg_catalog,pg_rewrite,0,0,1,1,0,0,0,0,0
1788909254.587175,4177,pg_toast,pg_toast_1262,0,0,0,0,0,0,0,0,0
1788909254.587175,13484,information_schema,sql_parts,0,0,,,0,0,0,0,0
1788909254.587175,4159,pg_toast,pg_toast_2600,0,0,0,0,0,0,0,0,0
1788909254.587175,4147,pg_toast,pg_toast_3079,0,0,0,0,0,0,0,0,0
1788909254.587175,13474,information_schema,sql_features,0,0,,,0,0,0,0,0
1788909254.587175,1985394,pg_toast,pg_toast_1985372,0,0,0,0,0,0,0,0,0
1788909254.587175,1247,pg_catalog,pg_type,0,0,19,19,0,0,0,0,0
1788909254.587175,2602,pg_catalog,pg_amop,0,0,12,25,0,0,0,0,0
1788909254.587175,3439,pg_toast,pg_toast_3381,0,0,0,0,0,0,0,0,0
1788909254.587175,2846,pg_toast,pg_toast_2396,0,0,0,0,0,0,0,0,0
1788909254.587175,1985555,public,zip_code,0,0,0,0,0,0,0,0,0
1788909254.587175,1985478,pg_toast,pg_toast_1985460,0,0,0,0,0,0,0,0,0
1788909254.587175,4145,pg_toast,pg_toast_3466,0,0,0,0,0,0,0,0,0
1788909254.587175,3541,pg_catalog,pg_range,0,0,0,0,0,0,0,0,0
1788909254.587175,3602,pg_catalog,pg_ts_config,0,0,0,0,0,0,0,0,0
1788909254.587175,1985333,pg_toast,pg_toast_1985325,0,0,0,0,0,0,0,0,0
1788909254.587175,4183,pg_toast,pg_toast_6100,0,0,0,0,0,0,0,0,0
1788909254.587175,1985496,public,news_item,0,0,0,0,0,0,0,0,0
1788909254.587175,2224,pg_catalog,pg_sequence,0,0,0,0,0,0,0,0,0
1788909254.587175,2611,pg_catalog,pg_inherits,0,0,0,0,0,0,0,0,0
1788909254.587175,1417,pg_catalog,pg_foreign_server,0,0,0,0,0,0,0,0,0
1788909254.587175,1262,pg_catalog,pg_database,0,0,0,0,0,0,0,0,0
1788909254.587175,13492,pg_toast,pg_toast_13489,0,0,0,0,0,0,0,0,0
1788909254.587175,3501,pg_catalog,pg_enum,0,0,0,0,0,0,0,0,0
1788909254.587175,2607,pg_catalog,pg_conversion,0,0,0,0,0,0,0,0,0
1788909254.587175,1985449,pg_toast,pg_toast_1985440,0,0,0,0,0,0,0,0,0
1788909254.587175,826,pg_catalog,pg_default_acl,0,0,0,0,0,0,0,0,0
1788909254.587175,2604,pg_catalog,pg_attrdef,0,0,0,0,0,0,0,0,0
1788909254.587175,2336,pg_toast,pg_toast_2620,0,0,0,0,0,0,0,0,0
1788909254.587175,2603,pg_catalog,pg_amproc,0,0,5,11,0,0,0,0,0
1788909254.587175,2606,pg_catalog,pg_constraint,0,0,3,8,0,0,0,0,0
1788909254.587175,1255,pg_catalog,pg_proc,0,0,19,24,0,0,0,0,0
1788909254.587175,4173,pg_toast,pg_toast_1418,0,0,0,0,0,0,0,0,0
1788909254.587175,1985285,public,customer_taxrate,0,0,0,0,0,0,0,0,0
1788909254.587175,2620,pg_catalog,pg_trigger,0,0,0,0,0,0,0,0,0
1788909254.587175,1985256,public,account_permission,0,0,0,0,0,0,0,0,0
1788909254.587175,1985507,public,news_xref,0,0,0,0,0,0,0,0,0
1788909254.587175,1985480,public,industry,0,0,0,0,0,0,0,0,0
1788909254.587175,2612,pg_catalog,pg_language,0,0,0,0,0,0,0,0,0
1788909254.587175,4149,pg_toast,pg_toast_2328,0,0,0,0,0,0,0,0,0
1788909254.587175,6351,pg_toast,pg_toast_2610,0,0,0,0,0,0,0,0,0
1788909254.587175,13489,information_schema,sql_sizing,0,0,,,0,0,0,0,0
1788909254.587175,1985494,pg_toast,pg_toast_1985486,0,0,0,0,0,0,0,0,0
1788909254.587175,3598,pg_toast,pg_toast_3596,0,0,0,0,0,0,0,0,0
1788909254.587175,2836,pg_toast,pg_toast_1255,0,0,0,0,0,0,0,0,0
1788909254.587175,3456,pg_catalog,pg_collation,0,0,0,0,0,0,0,0,0
1788909254.587175,3079,pg_catalog,pg_extension,0,0,0,0,0,0,0,0,0
1788909254.587175,6100,pg_catalog,pg_subscription,0,0,0,0,0,0,0,0,0
1788909254.587175,2832,pg_toast,pg_toast_2606,0,0,0,0,0,0,0,0,0
1788909254.587175,3256,pg_catalog,pg_policy,0,0,0,0,0,0,0,0,0
1788909254.587175,1985302,public,holding_history,0,0,0,0,0,0,0,0,0
1788909254.587175,1985517,public,security,0,0,0,0,0,0,0,0,0
1788909254.587175,3466,pg_catalog,pg_event_trigger,0,0,0,0,0,0,0,0,0
1788909254.587175,3592,pg_catalog,pg_shseclabel,0,0,0,0,0,0,0,0,0
1788909254.587175,3764,pg_catalog,pg_ts_template,0,0,0,0,0,0,0,0,0
1788909254.587175,6237,pg_catalog,pg_publication_namespace,0,0,0,0,0,0,0,0,0
1788909254.587175,13487,pg_toast,pg_toast_13484,0,0,0,0,0,0,0,0,0
1788909254.587175,2995,pg_catalog,pg_largeobject_metadata,0,0,0,0,0,0,0,0,0
1788909254.587175,1985275,public,customer_account,0,0,0,0,0,0,0,0,0
1788909254.587175,4143,pg_toast,pg_toast_826,0,0,0,0,0,0,0,0,0
1788909254.587175,4185,pg_toast,pg_toast_1213,0,0,0,0,0,0,0,0,0
1788909254.587175,6243,pg_catalog,pg_parameter_acl,0,0,0,0,0,0,0,0,0
1788909254.587175,2616,pg_catalog,pg_opclass,0,0,8,134,0,0,0,0,0
1788909254.587175,1985290,public,holding,0,0,0,0,0,0,0,0,0
1788909254.587175,2838,pg_toast,pg_toast_2618,0,0,1,3,0,0,0,0,0
1788909254.587175,6228,pg_toast,pg_toast_6106,0,0,0,0,0,0,0,0,0
1788909254.587175,1985349,pg_toast,pg_toast_1985343,0,0,0,0,0,0,0,0,0
1788909254.587175,1985434,public,company_competitor,0,0,0,0,0,0,0,0,0
1788909254.587175,1985370,pg_toast,pg_toast_1985363,0,0,0,0,0,0,0,0,0
1788909254.587175,1985505,pg_toast,pg_toast_1985496,0,0,0,0,0,0,0,0,0
1788909254.587175,1985264,public,customer,0,0,0,0,0,0,0,0,0
1788909254.587175,3118,pg_catalog,pg_foreign_table,0,0,0,0,0,0,0,0,0
1788909254.587175,1259,pg_catalog,pg_class,1,523,12,12,0,0,0,0,0
1788909254.587175,3350,pg_catalog,pg_partitioned_table,0,0,0,0,0,0,0,0,0
1788909254.587175,4153,pg_toast,pg_toast_3118,0,0,0,0,0,0,0,0,0
1788909254.587175,4060,pg_toast,pg_toast_3592,0,0,0,0,0,0,0,0,0
1788909254.587175,1985543,public,status_type,0,0,0,0,0,0,0,0,0
1788909254.587175,4165,pg_toast,pg_toast_3350,0,0,0,0,0,0,0,0,0
1788909254.587175,1985402,public,trade_request,0,0,0,0,0,0,0,0,0
1788909254.587175,2753,pg_catalog,pg_opfamily,0,0,2,2,0,0,0,0,0
1788909254.587175,3601,pg_catalog,pg_ts_parser,0,0,0,0,0,0,0,0,0
1788909254.587175,6104,pg_catalog,pg_publication,0,0,0,0,0,0,0,0,0
1788909254.587175,13477,pg_toast,pg_toast_13474,0,0,0,0,0,0,0,0,0
1788909254.587175,3429,pg_catalog,pg_statistic_ext_data,0,0,0,0,0,0,0,0,0
1788909254.587175,2619,pg_catalog,pg_statistic,0,0,17,8,0,0,0,0,0
1788909254.587175,4155,pg_toast,pg_toast_3394,0,0,0,0,0,0,0,0,0
1788909254.587175,1985548,public,taxrate,0,0,0,0,0,0,0,0,0
1788909254.587175,3381,pg_catalog,pg_statistic_ext,0,0,3,0,0,0,0,0,0
1788909254.587175,6106,pg_catalog,pg_publication_rel,0,0,0,0,0,0,0,0,0
1788909254.587175,1985372,public,trade,0,0,0,0,0,0,0,0,0
1788909254.587175,2605,pg_catalog,pg_cast,0,0,34,7,0,0,0,0,0
1788909254.587175,4171,pg_toast,pg_toast_1247,0,0,0,0,0,0,0,0,0
1788909254.587175,2830,pg_toast,pg_toast_2604,0,0,0,0,0,0,0,0,0
1788909254.587175,1985309,public,holding_summary,0,0,0,0,0,0,0,0,0
1788909254.587175,1985413,pg_toast,pg_toast_1985402,0,0,0,0,0,0,0,0,0
1788909254.587175,13479,information_schema,sql_implementation_info,0,0,,,0,0,0,0,0
1788909254.587175,1985341,pg_toast,pg_toast_1985335,0,0,0,0,0,0,0,0,0
1788909254.587175,6244,pg_toast,pg_toast_6243,0,0,0,0,0,0,0,0,0
1788909254.587175,1985315,public,watch_item,0,0,0,0,0,0,0,0,0
1788909254.587175,3430,pg_toast,pg_toast_3429,0,0,0,0,0,0,0,0,0
1788909254.587175,1985320,public,watch_list,0,0,0,0,0,0,0,0,0
1788909314.679337,1985536,pg_toast,pg_toast_1985517,0,0,0,0,0,0,0,0,0
1788909314.679337,3576,pg_catalog,pg_transform,0,0,0,0,0,0,0,0,0
1788909314.679337,2601,pg_catalog,pg_am,0,0,0,0,0,0,0,0,0
1788909314.679337,1985363,public,settlement,0,0,0,0,0,0,0,0,0
1788909314.679337,3394,pg_catalog,pg_init_privs,0,0,0,0,0,0,0,0,0
1788909314.679337,4167,pg_toast,pg_toast_3256,0,0,0,0,0,0,0,0,0
1788909314.679337,4151,pg_toast,pg_toast_1417,0,0,0,0,0,0,0,0,0
1788909314.679337,2834,pg_toast,pg_toast_2609,0,0,0,0,0,0,0,0,0
1788909314.679337,6000,pg_catalog,pg_replication_origin,0,0,0,0,0,0,0,0,0
1788909314.679337,2840,pg_toast,pg_toast_2619,0,0,0,0,0,0,0,0,0
1788909314.679337,1985486,public,last_trade,0,0,0,0,0,0,0,0,0
1788909314.679337,2328,pg_catalog,pg_foreign_data_wrapper,0,0,0,0,0,0,0,0,0
1788909314.679337,4157,pg_toast,pg_toast_2612,0,0,0,0,0,0,0,0,0
1788909314.679337,1260,pg_catalog,pg_authid,0,0,0,0,0,0,0,0,0
1788909314.679337,6102,pg_catalog,pg_subscription_rel,0,0,0,0,0,0,0,0,0
1788909314.679337,1214,pg_catalog,pg_shdepend,0,0,0,0,0,0,0,0,0
1788909314.679337,4163,pg_toast,pg_toast_2615,0,0,0,0,0,0,0,0,0
1788909314.679337,1985343,public,charge,0,0,0,0,0,0,0,0,0
1788909314.679337,1985440,public,daily_market,0,0,0,0,0,0,0,0,0
1788909314.679337,1985422,public,company,0,0,0,0,0,0,0,0,0
1788909314.679337,4169,pg_toast,pg_toast_3600,0,0,0,0,0,0,0,0,0
1788909314.679337,2615,pg_catalog,pg_namespace,1,4,5,2,0,0,0,0,0
1788909314.679337,2396,pg_catalog,pg_shdescription,0,0,0,0,0,0,0,0,0
1788909314.679337,3600,pg_catalog,pg_ts_dict,0,0,0,0,0,0,0,0,0
1788909314.679337,1985325,public,broker,0,0,0,0,0,0,0,0,0
1788909314.679337,3596,pg_catalog,pg_seclabel,0,0,0,0,0,0,0,0,0
1788909314.679337,1985460,public,financial,0,0,0,0,0,0,0,0,0
1788909314.679337,2609,pg_catalog,pg_description,0,0,0,0,0,0,0,0,0
1788909314.679337,1985351,public,commission_rate,0,0,0,0,0,0,0,0,0
1788909314.679337,13482,pg_toast,pg_toast_13479,0,0,0,0,0,0,0,0,0
1788909314.679337,1985396,public,trade_history,0,0,0,0,0,0,0,0,0
1788909314.679337,3603,pg_catalog,pg_ts_config_map,0,0,0,0,0,0,0,0,0
1788909314.679337,1213,pg_catalog,pg_tablespace,0,0,1,1,0,0,0,0,0
1788909314.679337,2608,pg_catalog,pg_depend,0,0,0,0,0,0,0,0,0
1788909314.679337,2964,pg_catalog,pg_db_role_setting,0,0,0,0,0,0,0,0,0
1788909314.679337,1985283,pg_toast,pg_toast_1985275,0,0,0,0,0,0,0,0,0
1788909314.679337,1418,pg_catalog,pg_user_mapping,0,0,0,0,0,0,0,0,0
1788909314.679337,2613,pg_catalog,pg_largeobject,0,0,0,0,0,0,0,0,0
1788909314.679337,6175,pg_toast,pg_toast_3456,0,0,0,0,0,0,0,0,0
1788909314.679337,1261,pg_catalog,pg_auth_members,0,0,0,0,0,0,0,0,0
1788909314.679337,1985335,public,cash_transaction,0,0,0,0,0,0,0,0,0
1788909314.679337,2617,pg_catalog,pg_operator,0,0,5,5,0,0,0,0,0
1788909314.679337,1985300,pg_toast,pg_toast_1985290,0,0,0,0,0,0,0,0,0
1788909314.679337,1985538,public,address,0,0,0,0,0,0,0,0,0
1788909314.679337,2610,pg_catalog,pg_index,1,221,11,14,0,0,0,0,0
1788909314.679337,1249,pg_catalog,pg_attribute,0,0,75,92,0,0,0,0,0
1788909314.679337,1985512,public,sector,0,0,0,0,0,0,0,0,0
1788909314.679337,1985415,public,trade_type,0,0,0,0,0,0,0,0,0
1788909314.679337,2600,pg_catalog,pg_aggregate,0,0,1,1,0,0,0,0,0
1788909314.679337,2966,pg_toast,pg_toast_2964,0,0,0,0,0,0,0,0,0
1788909314.679337,1985451,public,exchange,0,0,0,0,0,0,0,0,0
1788909314.679337,2618,pg_catalog,pg_rewrite,0,0,1,1,0,0,0,0,0
1788909314.679337,4177,pg_toast,pg_toast_1262,0,0,0,0,0,0,0,0,0
1788909314.679337,13484,information_schema,sql_parts,0,0,,,0,0,0,0,0
1788909314.679337,4159,pg_toast,pg_toast_2600,0,0,0,0,0,0,0,0,0
1788909314.679337,4147,pg_toast,pg_toast_3079,0,0,0,0,0,0,0,0,0
1788909314.679337,13474,information_schema,sql_features,0,0,,,0,0,0,0,0
1788909314.679337,1985394,pg_toast,pg_toast_1985372,0,0,0,0,0,0,0,0,0
1788909314.679337,1247,pg_catalog,pg_type,0,0,19,19,0,0,0,0,0
1788909314.679337,2602,pg_catalog,pg_amop,0,0,12,25,0,0,0,0,0
1788909314.679337,3439,pg_toast,pg_toast_3381,0,0,0,0,0,0,0,0,0
1788909314.679337,2846,pg_toast,pg_toast_2396,0,0,0,0,0,0,0,0,0
1788909314.679337,1985555,public,zip_code,0,0,0,0,0,0,0,0,0
1788909314.679337,1985478,pg_toast,pg_toast_1985460,0,0,0,0,0,0,0,0,0
1788909314.679337,4145,pg_toast,pg_toast_3466,0,0,0,0,0,0,0,0,0
1788909314.679337,3541,pg_catalog,pg_range,0,0,0,0,0,0,0,0,0
1788909314.679337,3602,pg_catalog,pg_ts_config,0,0,0,0,0,0,0,0,0
1788909314.679337,1985333,pg_toast,pg_toast_1985325,0,0,0,0,0,0,0,0,0
1788909314.679337,4183,pg_toast,pg_toast_6100,0,0,0,0,0,0,0,0,0
1788909314.679337,1985496,public,news_item,0,0,0,0,0,0,0,0,0
1788909314.679337,2224,pg_catalog,pg_sequence,0,0,0,0,0,0,0,0,0
1788909314.679337,2611,pg_catalog,pg_inherits,0,0,0,0,0,0,0,0,0
1788909314.679337,1417,pg_catalog,pg_foreign_server,0,0,0,0,0,0,0,0,0
1788909314.679337,1262,pg_catalog,pg_database,0,0,0,0,0,0,0,0,0
1788909314.679337,13492,pg_toast,pg_toast_13489,0,0,0,0,0,0,0,0,0
1788909314.679337,3501,pg_catalog,pg_enum,0,0,0,0,0,0,0,0,0
1788909314.679337,2607,pg_catalog,pg_conversion,0,0,0,0,0,0,0,0,0
1788909314.679337,1985449,pg_toast,pg_toast_1985440,0,0,0,0,0,0,0,0,0
1788909314.679337,826,pg_catalog,pg_default_acl,0,0,0,0,0,0,0,0,0
1788909314.679337,2604,pg_catalog,pg_attrdef,0,0,0,0,0,0,0,0,0
1788909314.679337,2336,pg_toast,pg_toast_2620,0,0,0,0,0,0,0,0,0
1788909314.679337,2603,pg_catalog,pg_amproc,0,0,5,11,0,0,0,0,0
1788909314.679337,2606,pg_catalog,pg_constraint,0,0,3,8,0,0,0,0,0
1788909314.679337,1255,pg_catalog,pg_proc,0,0,19,24,0,0,0,0,0
1788909314.679337,4173,pg_toast,pg_toast_1418,0,0,0,0,0,0,0,0,0
1788909314.679337,1985285,public,customer_taxrate,0,0,0,0,0,0,0,0,0
1788909314.679337,2620,pg_catalog,pg_trigger,0,0,0,0,0,0,0,0,0
1788909314.679337,1985256,public,account_permission,0,0,0,0,0,0,0,0,0
1788909314.679337,1985507,public,news_xref,0,0,0,0,0,0,0,0,0
1788909314.679337,1985480,public,industry,0,0,0,0,0,0,0,0,0
1788909314.679337,2612,pg_catalog,pg_language,0,0,0,0,0,0,0,0,0
1788909314.679337,4149,pg_toast,pg_toast_2328,0,0,0,0,0,0,0,0,0
1788909314.679337,6351,pg_toast,pg_toast_2610,0,0,0,0,0,0,0,0,0
1788909314.679337,13489,information_schema,sql_sizing,0,0,,,0,0,0,0,0
1788909314.679337,1985494,pg_toast,pg_toast_1985486,0,0,0,0,0,0,0,0,0
1788909314.679337,3598,pg_toast,pg_toast_3596,0,0,0,0,0,0,0,0,0
1788909314.679337,2836,pg_toast,pg_toast_1255,0,0,0,0,0,0,0,0,0
1788909314.679337,3456,pg_catalog,pg_collation,0,0,0,0,0,0,0,0,0
1788909314.679337,3079,pg_catalog,pg_extension,0,0,0,0,0,0,0,0,0
1788909314.679337,6100,pg_catalog,pg_subscription,0,0,0,0,0,0,0,0,0
1788909314.679337,2832,pg_toast,pg_toast_2606,0,0,0,0,0,0,0,0,0
1788909314.679337,3256,pg_catalog,pg_policy,0,0,0,0,0,0,0,0,0
1788909314.679337,1985302,public,holding_history,0,0,0,0,0,0,0,0,0
1788909314.679337,1985517,public,security,0,0,0,0,0,0,0,0,0
1788909314.679337,3466,pg_catalog,pg_event_trigger,0,0,0,0,0,0,0,0,0
1788909314.679337,3592,pg_catalog,pg_shseclabel,0,0,0,0,0,0,0,0,0
1788909314.679337,3764,pg_catalog,pg_ts_template,0,0,0,0,0,0,0,0,0
1788909314.679337,6237,pg_catalog,pg_publication_namespace,0,0,0,0,0,0,0,0,0
1788909314.679337,13487,pg_toast,pg_toast_13484,0,0,0,0,0,0,0,0,0
1788909314.679337,2995,pg_catalog,pg_largeobject_metadata,0,0,0,0,0,0,0,0,0
1788909314.679337,1985275,public,customer_account,0,0,0,0,0,0,0,0,0
1788909314.679337,4143,pg_toast,pg_toast_826,0,0,0,0,0,0,0,0,0
1788909314.679337,4185,pg_toast,pg_toast_1213,0,0,0,0,0,0,0,0,0
1788909314.679337,6243,pg_catalog,pg_parameter_acl,0,0,0,0,0,0,0,0,0
1788909314.679337,2616,pg_catalog,pg_opclass,0,0,8,134,0,0,0,0,0
1788909314.679337,1985290,public,holding,0,0,0,0,0,0,0,0,0
1788909314.679337,2838,pg_toast,pg_toast_2618,0,0,1,3,0,0,0,0,0
1788909314.679337,6228,pg_toast,pg_toast_6106,0,0,0,0,0,0,0,0,0
1788909314.679337,1985349,pg_toast,pg_toast_1985343,0,0,0,0,0,0,0,0,0
1788909314.679337,1985434,public,company_competitor,0,0,0,0,0,0,0,0,0
1788909314.679337,1985370,pg_toast,pg_toast_1985363,0,0,0,0,0,0,0,0,0
1788909314.679337,1985505,pg_toast,pg_toast_1985496,0,0,0,0,0,0,0,0,0
1788909314.679337,1985264,public,customer,0,0,0,0,0,0,0,0,0
1788909314.679337,3118,pg_catalog,pg_foreign_table,0,0,0,0,0,0,0,0,0
1788909314.679337,1259,pg_catalog,pg_class,1,523,12,12,0,0,0,0,0
1788909314.679337,3350,pg_catalog,pg_partitioned_table,0,0,0,0,0,0,0,0,0
1788909314.679337,4153,pg_toast,pg_toast_3118,0,0,0,0,0,0,0,0,0
1788909314.679337,4060,pg_toast,pg_toast_3592,0,0,0,0,0,0,0,0,0
1788909314.679337,1985543,public,status_type,0,0,0,0,0,0,0,0,0
1788909314.679337,4165,pg_toast,pg_toast_3350,0,0,0,0,0,0,0,0,0
1788909314.679337,1985402,public,trade_request,0,0,0,0,0,0,0,0,0
1788909314.679337,2753,pg_catalog,pg_opfamily,0,0,2,2,0,0,0,0,0
1788909314.679337,3601,pg_catalog,pg_ts_parser,0,0,0,0,0,0,0,0,0
1788909314.679337,6104,pg_catalog,pg_publication,0,0,0,0,0,0,0,0,0
1788909314.679337,13477,pg_toast,pg_toast_13474,0,0,0,0,0,0,0,0,0
1788909314.679337,3429,pg_catalog,pg_statistic_ext_data,0,0,0,0,0,0,0,0,0
1788909314.679337,2619,pg_catalog,pg_statistic,0,0,17,8,0,0,0,0,0
1788909314.679337,4155,pg_toast,pg_toast_3394,0,0,0,0,0,0,0,0,0
1788909314.679337,1985548,public,taxrate,0,0,0,0,0,0,0,0,0
1788909314.679337,3381,pg_catalog,pg_statistic_ext,0,0,3,0,0,0,0,0,0
1788909314.679337,6106,pg_catalog,pg_publication_rel,0,0,0,0,0,0,0,0,0
1788909314.679337,1985372,public,trade,0,0,0,0,0,0,0,0,0
1788909314.679337,2605,pg_catalog,pg_cast,0,0,34,7,0,0,0,0,0
1788909314.679337,4171,pg_toast,pg_toast_1247,0,0,0,0,0,0,0,0,0
1788909314.679337,2830,pg_toast,pg_toast_2604,0,0,0,0,0,0,0,0,0
1788909314.679337,1985309,public,holding_summary,0,0,0,0,0,0,0,0,0
1788909314.679337,1985413,pg_toast,pg_toast_1985402,0,0,0,0,0,0,0,0,0
1788909314.679337,13479,information_schema,sql_implementation_info,0,0,,,0,0,0,0,0
1788909314.679337,1985341,pg_toast,pg_toast_1985335,0,0,0,0,0,0,0,0,0
1788909314.679337,6244,pg_toast,pg_toast_6243,0,0,0,0,0,0,0,0,0
1788909314.679337,1985315,public,watch_item,0,0,0,0,0,0,0,0,0
1788909314.679337,3430,pg_toast,pg_toast_3429,0,0,0,0,0,0,0,0,0
1788909314.679337,1985320,public,watch_list,0,0,0,0,0,0,0,0,0
1788909374.823727,1985536,pg_toast,pg_toast_1985517,0,0,0,0,0,0,0,0,0
1788909374.823727,3576,pg_catalog,pg_transform,0,0,0,0,0,0,0,0,0
1788909374.823727,2601,pg_catalog,pg_am,0,0,0,0,0,0,0,0,0
1788909374.823727,1985363,public,settlement,0,0,0,0,0,0,0,0,0
1788909374.823727,3394,pg_catalog,pg_init_privs,0,0,0,0,0,0,0,0,0
1788909374.823727,4167,pg_toast,pg_toast_3256,0,0,0,0,0,0,0,0,0
1788909374.823727,4151,pg_toast,pg_toast_1417,0,0,0,0,0,0,0,0,0
1788909374.823727,2834,pg_toast,pg_toast_2609,0,0,0,0,0,0,0,0,0
1788909374.823727,6000,pg_catalog,pg_replication_origin,0,0,0,0,0,0,0,0,0
1788909374.823727,2840,pg_toast,pg_toast_2619,0,0,0,0,0,0,0,0,0
1788909374.823727,1985486,public,last_trade,0,0,0,0,0,0,0,0,0
1788909374.823727,2328,pg_catalog,pg_foreign_data_wrapper,0,0,0,0,0,0,0,0,0
1788909374.823727,4157,pg_toast,pg_toast_2612,0,0,0,0,0,0,0,0,0
1788909374.823727,1260,pg_catalog,pg_authid,0,0,0,0,0,0,0,0,0
1788909374.823727,6102,pg_catalog,pg_subscription_rel,0,0,0,0,0,0,0,0,0
1788909374.823727,1214,pg_catalog,pg_shdepend,0,0,0,0,0,0,0,0,0
1788909374.823727,4163,pg_toast,pg_toast_2615,0,0,0,0,0,0,0,0,0
1788909374.823727,1985343,public,charge,0,0,0,0,0,0,0,0,0
1788909374.823727,1985440,public,daily_market,0,0,0,0,0,0,0,0,0
1788909374.823727,1985422,public,company,0,0,0,0,0,0,0,0,0
1788909374.823727,4169,pg_toast,pg_toast_3600,0,0,0,0,0,0,0,0,0
1788909374.823727,2615,pg_catalog,pg_namespace,1,4,5,2,0,0,0,0,0
1788909374.823727,2396,pg_catalog,pg_shdescription,0,0,0,0,0,0,0,0,0
1788909374.823727,3600,pg_catalog,pg_ts_dict,0,0,0,0,0,0,0,0,0
1788909374.823727,1985325,public,broker,0,0,0,0,0,0,0,0,0
1788909374.823727,3596,pg_catalog,pg_seclabel,0,0,0,0,0,0,0,0,0
1788909374.823727,1985460,public,financial,0,0,0,0,0,0,0,0,0
1788909374.823727,2609,pg_catalog,pg_description,0,0,0,0,0,0,0,0,0
1788909374.823727,1985351,public,commission_rate,0,0,0,0,0,0,0,0,0
1788909374.823727,13482,pg_toast,pg_toast_13479,0,0,0,0,0,0,0,0,0
1788909374.823727,1985396,public,trade_history,0,0,0,0,0,0,0,0,0
1788909374.823727,3603,pg_catalog,pg_ts_config_map,0,0,0,0,0,0,0,0,0
1788909374.823727,1213,pg_catalog,pg_tablespace,0,0,1,1,0,0,0,0,0
1788909374.823727,2608,pg_catalog,pg_depend,0,0,0,0,0,0,0,0,0
1788909374.823727,2964,pg_catalog,pg_db_role_setting,0,0,0,0,0,0,0,0,0
1788909374.823727,1985283,pg_toast,pg_toast_1985275,0,0,0,0,0,0,0,0,0
1788909374.823727,1418,pg_catalog,pg_user_mapping,0,0,0,0,0,0,0,0,0
1788909374.823727,2613,pg_catalog,pg_largeobject,0,0,0,0,0,0,0,0,0
1788909374.823727,6175,pg_toast,pg_toast_3456,0,0,0,0,0,0,0,0,0
1788909374.823727,1261,pg_catalog,pg_auth_members,0,0,0,0,0,0,0,0,0
1788909374.823727,1985335,public,cash_transaction,0,0,0,0,0,0,0,0,0
1788909374.823727,2617,pg_catalog,pg_operator,0,0,5,5,0,0,0,0,0
1788909374.823727,1985300,pg_toast,pg_toast_1985290,0,0,0,0,0,0,0,0,0
1788909374.823727,1985538,public,address,0,0,0,0,0,0,0,0,0
1788909374.823727,2610,pg_catalog,pg_index,1,221,11,14,0,0,0,0,0
1788909374.823727,1249,pg_catalog,pg_attribute,0,0,75,92,0,0,0,0,0
1788909374.823727,1985512,public,sector,0,0,0,0,0,0,0,0,0
1788909374.823727,1985415,public,trade_type,0,0,0,0,0,0,0,0,0
1788909374.823727,2600,pg_catalog,pg_aggregate,0,0,1,1,0,0,0,0,0
1788909374.823727,2966,pg_toast,pg_toast_2964,0,0,0,0,0,0,0,0,0
1788909374.823727,1985451,public,exchange,0,0,0,0,0,0,0,0,0
1788909374.823727,2618,pg_catalog,pg_rewrite,0,0,1,1,0,0,0,0,0
1788909374.823727,4177,pg_toast,pg_toast_1262,0,0,0,0,0,0,0,0,0
1788909374.823727,13484,information_schema,sql_parts,0,0,,,0,0,0,0,0
1788909374.823727,4159,pg_toast,pg_toast_2600,0,0,0,0,0,0,0,0,0
1788909374.823727,4147,pg_toast,pg_toast_3079,0,0,0,0,0,0,0,0,0
1788909374.823727,13474,information_schema,sql_features,0,0,,,0,0,0,0,0
1788909374.823727,1985394,pg_toast,pg_toast_1985372,0,0,0,0,0,0,0,0,0
1788909374.823727,1247,pg_catalog,pg_type,0,0,19,19,0,0,0,0,0
1788909374.823727,2602,pg_catalog,pg_amop,0,0,12,25,0,0,0,0,0
1788909374.823727,3439,pg_toast,pg_toast_3381,0,0,0,0,0,0,0,0,0
1788909374.823727,2846,pg_toast,pg_toast_2396,0,0,0,0,0,0,0,0,0
1788909374.823727,1985555,public,zip_code,0,0,0,0,0,0,0,0,0
1788909374.823727,1985478,pg_toast,pg_toast_1985460,0,0,0,0,0,0,0,0,0
1788909374.823727,4145,pg_toast,pg_toast_3466,0,0,0,0,0,0,0,0,0
1788909374.823727,3541,pg_catalog,pg_range,0,0,0,0,0,0,0,0,0
1788909374.823727,3602,pg_catalog,pg_ts_config,0,0,0,0,0,0,0,0,0
1788909374.823727,1985333,pg_toast,pg_toast_1985325,0,0,0,0,0,0,0,0,0
1788909374.823727,4183,pg_toast,pg_toast_6100,0,0,0,0,0,0,0,0,0
1788909374.823727,1985496,public,news_item,0,0,0,0,0,0,0,0,0
1788909374.823727,2224,pg_catalog,pg_sequence,0,0,0,0,0,0,0,0,0
1788909374.823727,2611,pg_catalog,pg_inherits,0,0,0,0,0,0,0,0,0
1788909374.823727,1417,pg_catalog,pg_foreign_server,0,0,0,0,0,0,0,0,0
1788909374.823727,1262,pg_catalog,pg_database,0,0,0,0,0,0,0,0,0
1788909374.823727,13492,pg_toast,pg_toast_13489,0,0,0,0,0,0,0,0,0
1788909374.823727,3501,pg_catalog,pg_enum,0,0,0,0,0,0,0,0,0
1788909374.823727,2607,pg_catalog,pg_conversion,0,0,0,0,0,0,0,0,0
1788909374.823727,1985449,pg_toast,pg_toast_1985440,0,0,0,0,0,0,0,0,0
1788909374.823727,826,pg_catalog,pg_default_acl,0,0,0,0,0,0,0,0,0
1788909374.823727,2604,pg_catalog,pg_attrdef,0,0,0,0,0,0,0,0,0
1788909374.823727,2336,pg_toast,pg_toast_2620,0,0,0,0,0,0,0,0,0
1788909374.823727,2603,pg_catalog,pg_amproc,0,0,5,11,0,0,0,0,0
1788909374.823727,2606,pg_catalog,pg_constraint,0,0,3,8,0,0,0,0,0
1788909374.823727,1255,pg_catalog,pg_proc,0,0,19,24,0,0,0,0,0
1788909374.823727,4173,pg_toast,pg_toast_1418,0,0,0,0,0,0,0,0,0
1788909374.823727,1985285,public,customer_taxrate,0,0,0,0,0,0,0,0,0
1788909374.823727,2620,pg_catalog,pg_trigger,0,0,0,0,0,0,0,0,0
1788909374.823727,1985256,public,account_permission,0,0,0,0,0,0,0,0,0
1788909374.823727,1985507,public,news_xref,0,0,0,0,0,0,0,0,0
1788909374.823727,1985480,public,industry,0,0,0,0,0,0,0,0,0
1788909374.823727,2612,pg_catalog,pg_language,0,0,0,0,0,0,0,0,0
1788909374.823727,4149,pg_toast,pg_toast_2328,0,0,0,0,0,0,0,0,0
1788909374.823727,6351,pg_toast,pg_toast_2610,0,0,0,0,0,0,0,0,0
1788909374.823727,13489,information_schema,sql_sizing,0,0,,,0,0,0,0,0
1788909374.823727,1985494,pg_toast,pg_toast_1985486,0,0,0,0,0,0,0,0,0
1788909374.823727,3598,pg_toast,pg_toast_3596,0,0,0,0,0,0,0,0,0
1788909374.823727,2836,pg_toast,pg_toast_1255,0,0,0,0,0,0,0,0,0
1788909374.823727,3456,pg_catalog,pg_collation,0,0,0,0,0,0,0,0,0
1788909374.823727,3079,pg_catalog,pg_extension,0,0,0,0,0,0,0,0,0
1788909374.823727,6100,pg_catalog,pg_subscription,0,0,0,0,0,0,0,0,0
1788909374.823727,2832,pg_toast,pg_toast_2606,0,0,0,0,0,0,0,0,0
1788909374.823727,3256,pg_catalog,pg_policy,0,0,0,0,0,0,0,0,0
1788909374.823727,1985302,public,holding_history,0,0,0,0,0,0,0,0,0
1788909374.823727,1985517,public,security,0,0,0,0,0,0,0,0,0
1788909374.823727,3466,pg_catalog,pg_event_trigger,0,0,0,0,0,0,0,0,0
1788909374.823727,3592,pg_catalog,pg_shseclabel,0,0,0,0,0,0,0,0,0
1788909374.823727,3764,pg_catalog,pg_ts_template,0,0,0,0,0,0,0,0,0
1788909374.823727,6237,pg_catalog,pg_publication_namespace,0,0,0,0,0,0,0,0,0
1788909374.823727,13487,pg_toast,pg_toast_13484,0,0,0,0,0,0,0,0,0
1788909374.823727,2995,pg_catalog,pg_largeobject_metadata,0,0,0,0,0,0,0,0,0
1788909374.823727,1985275,public,customer_account,0,0,0,0,0,0,0,0,0
1788909374.823727,4143,pg_toast,pg_toast_826,0,0,0,0,0,0,0,0,0
1788909374.823727,4185,pg_toast,pg_toast_1213,0,0,0,0,0,0,0,0,0
1788909374.823727,6243,pg_catalog,pg_parameter_acl,0,0,0,0,0,0,0,0,0
1788909374.823727,2616,pg_catalog,pg_opclass,0,0,8,134,0,0,0,0,0
1788909374.823727,1985290,public,holding,0,0,0,0,0,0,0,0,0
1788909374.823727,2838,pg_toast,pg_toast_2618,0,0,1,3,0,0,0,0,0
1788909374.823727,6228,pg_toast,pg_toast_6106,0,0,0,0,0,0,0,0,0
1788909374.823727,1985349,pg_toast,pg_toast_1985343,0,0,0,0,0,0,0,0,0
1788909374.823727,1985434,public,company_competitor,0,0,0,0,0,0,0,0,0
1788909374.823727,1985370,pg_toast,pg_toast_1985363,0,0,0,0,0,0,0,0,0
1788909374.823727,1985505,pg_toast,pg_toast_1985496,0,0,0,0,0,0,0,0,0
1788909374.823727,1985264,public,customer,0,0,0,0,0,0,0,0,0
1788909374.823727,3118,pg_catalog,pg_foreign_table,0,0,0,0,0,0,0,0,0
1788909374.823727,1259,pg_catalog,pg_class,1,523,12,12,0,0,0,0,0
1788909374.823727,3350,pg_catalog,pg_partitioned_table,0,0,0,0,0,0,0,0,0
1788909374.823727,4153,pg_toast,pg_toast_3118,0,0,0,0,0,0,0,0,0
1788909374.823727,4060,pg_toast,pg_toast_3592,0,0,0,0,0,0,0,0,0
1788909374.823727,1985543,public,status_type,0,0,0,0,0,0,0,0,0
1788909374.823727,4165,pg_toast,pg_toast_3350,0,0,0,0,0,0,0,0,0
1788909374.823727,1985402,public,trade_request,0,0,0,0,0,0,0,0,0
1788909374.823727,2753,pg_catalog,pg_opfamily,0,0,2,2,0,0,0,0,0
1788909374.823727,3601,pg_catalog,pg_ts_parser,0,0,0,0,0,0,0,0,0
1788909374.823727,6104,pg_catalog,pg_publication,0,0,0,0,0,0,0,0,0
1788909374.823727,13477,pg_toast,pg_toast_13474,0,0,0,0,0,0,0,0,0
1788909374.823727,3429,pg_catalog,pg_statistic_ext_data,0,0,0,0,0,0,0,0,0
1788909374.823727,2619,pg_catalog,pg_statistic,0,0,17,8,0,0,0,0,0
1788909374.823727,4155,pg_toast,pg_toast_3394,0,0,0,0,0,0,0,0,0
1788909374.823727,1985548,public,taxrate,0,0,0,0,0,0,0,0,0
1788909374.823727,3381,pg_catalog,pg_statistic_ext,0,0,3,0,0,0,0,0,0
1788909374.823727,6106,pg_catalog,pg_publication_rel,0,0,0,0,0,0,0,0,0
1788909374.823727,1985372,public,trade,0,0,0,0,0,0,0,0,0
1788909374.823727,2605,pg_catalog,pg_cast,0,0,34,7,0,0,0,0,0
1788909374.823727,4171,pg_toast,pg_toast_1247,0,0,0,0,0,0,0,0,0
1788909374.823727,2830,pg_toast,pg_toast_2604,0,0,0,0,0,0,0,0,0
1788909374.823727,1985309,public,holding_summary,0,0,0,0,0,0,0,0,0
1788909374.823727,1985413,pg_toast,pg_toast_1985402,0,0,0,0,0,0,0,0,0
1788909374.823727,13479,information_schema,sql_implementation_info,0,0,,,0,0,0,0,0
1788909374.823727,1985341,pg_toast,pg_toast_1985335,0,0,0,0,0,0,0,0,0
1788909374.823727,6244,pg_toast,pg_toast_6243,0,0,0,0,0,0,0,0,0
1788909374.823727,1985315,public,watch_item,0,0,0,0,0,0,0,0,0
1788909374.823727,3430,pg_toast,pg_toast_3429,0,0,0,0,0,0,0,0,0
1788909374.823727,1985320,public,watch_list,0,0,0,0,0,0,0,0,0
1788909434.959457,1985536,pg_toast,pg_toast_1985517,0,0,0,0,0,0,0,0,0
1788909434.959457,3576,pg_catalog,pg_transform,0,0,0,0,0,0,0,0,0
1788909434.959457,2601,pg_catalog,pg_am,0,0,0,0,0,0,0,0,0
1788909434.959457,1985363,public,settlement,0,0,0,0,0,0,0,0,0
1788909434.959457,3394,pg_catalog,pg_init_privs,0,0,0,0,0,0,0,0,0
1788909434.959457,4167,pg_toast,pg_toast_3256,0,0,0,0,0,0,0,0,0
1788909434.959457,4151,pg_toast,pg_toast_1417,0,0,0,0,0,0,0,0,0
1788909434.959457,2834,pg_toast,pg_toast_2609,0,0,0,0,0,0,0,0,0
1788909434.959457,6000,pg_catalog,pg_replication_origin,0,0,0,0,0,0,0,0,0
1788909434.959457,2840,pg_toast,pg_toast_2619,0,0,0,0,0,0,0,0,0
1788909434.959457,1985486,public,last_trade,0,0,0,0,0,0,0,0,0
1788909434.959457,2328,pg_catalog,pg_foreign_data_wrapper,0,0,0,0,0,0,0,0,0
1788909434.959457,4157,pg_toast,pg_toast_2612,0,0,0,0,0,0,0,0,0
1788909434.959457,1260,pg_catalog,pg_authid,0,0,0,0,0,0,0,0,0
1788909434.959457,6102,pg_catalog,pg_subscription_rel,0,0,0,0,0,0,0,0,0
1788909434.959457,1214,pg_catalog,pg_shdepend,0,0,0,0,0,0,0,0,0
1788909434.959457,4163,pg_toast,pg_toast_2615,0,0,0,0,0,0,0,0,0
1788909434.959457,1985343,public,charge,0,0,0,0,0,0,0,0,0
1788909434.959457,1985440,public,daily_market,0,0,0,0,0,0,0,0,0
1788909434.959457,1985422,public,company,0,0,0,0,0,0,0,0,0
1788909434.959457,4169,pg_toast,pg_toast_3600,0,0,0,0,0,0,0,0,0
1788909434.959457,2615,pg_catalog,pg_namespace,1,4,5,2,0,0,0,0,0
1788909434.959457,2396,pg_catalog,pg_shdescription,0,0,0,0,0,0,0,0,0
1788909434.959457,3600,pg_catalog,pg_ts_dict,0,0,0,0,0,0,0,0,0
1788909434.959457,1985325,public,broker,0,0,0,0,0,0,0,0,0
1788909434.959457,3596,pg_catalog,pg_seclabel,0,0,0,0,0,0,0,0,0
1788909434.959457,1985460,public,financial,0,0,0,0,0,0,0,0,0
1788909434.959457,2609,pg_catalog,pg_description,0,0,0,0,0,0,0,0,0
1788909434.959457,1985351,public,commission_rate,0,0,0,0,0,0,0,0,0
1788909434.959457,13482,pg_toast,pg_toast_13479,0,0,0,0,0,0,0,0,0
1788909434.959457,1985396,public,trade_history,0,0,0,0,0,0,0,0,0
1788909434.959457,3603,pg_catalog,pg_ts_config_map,0,0,0,0,0,0,0,0,0
1788909434.959457,1213,pg_catalog,pg_tablespace,0,0,1,1,0,0,0,0,0
1788909434.959457,2608,pg_catalog,pg_depend,0,0,0,0,0,0,0,0,0
1788909434.959457,2964,pg_catalog,pg_db_role_setting,0,0,0,0,0,0,0,0,0
1788909434.959457,1985283,pg_toast,pg_toast_1985275,0,0,0,0,0,0,0,0,0
1788909434.959457,1418,pg_catalog,pg_user_mapping,0,0,0,0,0,0,0,0,0
1788909434.959457,2613,pg_catalog,pg_largeobject,0,0,0,0,0,0,0,0,0
1788909434.959457,6175,pg_toast,pg_toast_3456,0,0,0,0,0,0,0,0,0
1788909434.959457,1261,pg_catalog,pg_auth_members,0,0,0,0,0,0,0,0,0
1788909434.959457,1985335,public,cash_transaction,0,0,0,0,0,0,0,0,0
1788909434.959457,2617,pg_catalog,pg_operator,0,0,5,5,0,0,0,0,0
1788909434.959457,1985300,pg_toast,pg_toast_1985290,0,0,0,0,0,0,0,0,0
1788909434.959457,1985538,public,address,0,0,0,0,0,0,0,0,0
1788909434.959457,2610,pg_catalog,pg_index,1,221,11,14,0,0,0,0,0
1788909434.959457,1249,pg_catalog,pg_attribute,0,0,75,92,0,0,0,0,0
1788909434.959457,1985512,public,sector,0,0,0,0,0,0,0,0,0
1788909434.959457,1985415,public,trade_type,0,0,0,0,0,0,0,0,0
1788909434.959457,2600,pg_catalog,pg_aggregate,0,0,1,1,0,0,0,0,0
1788909434.959457,2966,pg_toast,pg_toast_2964,0,0,0,0,0,0,0,0,0
1788909434.959457,1985451,public,exchange,0,0,0,0,0,0,0,0,0
1788909434.959457,2618,pg_catalog,pg_rewrite,0,0,1,1,0,0,0,0,0
1788909434.959457,4177,pg_toast,pg_toast_1262,0,0,0,0,0,0,0,0,0
1788909434.959457,13484,information_schema,sql_parts,0,0,,,0,0,0,0,0
1788909434.959457,4159,pg_toast,pg_toast_2600,0,0,0,0,0,0,0,0,0
1788909434.959457,4147,pg_toast,pg_toast_3079,0,0,0,0,0,0,0,0,0
1788909434.959457,13474,information_schema,sql_features,0,0,,,0,0,0,0,0
1788909434.959457,1985394,pg_toast,pg_toast_1985372,0,0,0,0,0,0,0,0,0
1788909434.959457,1247,pg_catalog,pg_type,0,0,19,19,0,0,0,0,0
1788909434.959457,2602,pg_catalog,pg_amop,0,0,12,25,0,0,0,0,0
1788909434.959457,3439,pg_toast,pg_toast_3381,0,0,0,0,0,0,0,0,0
1788909434.959457,2846,pg_toast,pg_toast_2396,0,0,0,0,0,0,0,0,0
1788909434.959457,1985555,public,zip_code,0,0,0,0,0,0,0,0,0
1788909434.959457,1985478,pg_toast,pg_toast_1985460,0,0,0,0,0,0,0,0,0
1788909434.959457,4145,pg_toast,pg_toast_3466,0,0,0,0,0,0,0,0,0
1788909434.959457,3541,pg_catalog,pg_range,0,0,0,0,0,0,0,0,0
1788909434.959457,3602,pg_catalog,pg_ts_config,0,0,0,0,0,0,0,0,0
1788909434.959457,1985333,pg_toast,pg_toast_1985325,0,0,0,0,0,0,0,0,0
1788909434.959457,4183,pg_toast,pg_toast_6100,0,0,0,0,0,0,0,0,0
1788909434.959457,1985496,public,news_item,0,0,0,0,0,0,0,0,0
1788909434.959457,2224,pg_catalog,pg_sequence,0,0,0,0,0,0,0,0,0
1788909434.959457,2611,pg_catalog,pg_inherits,0,0,0,0,0,0,0,0,0
1788909434.959457,1417,pg_catalog,pg_foreign_server,0,0,0,0,0,0,0,0,0
1788909434.959457,1262,pg_catalog,pg_database,0,0,0,0,0,0,0,0,0
1788909434.959457,13492,pg_toast,pg_toast_13489,0,0,0,0,0,0,0,0,0
1788909434.959457,3501,pg_catalog,pg_enum,0,0,0,0,0,0,0,0,0
1788909434.959457,2607,pg_catalog,pg_conversion,0,0,0,0,0,0,0,0,0
1788909434.959457,1985449,pg_toast,pg_toast_1985440,0,0,0,0,0,0,0,0,0
1788909434.959457,826,pg_catalog,pg_default_acl,0,0,0,0,0,0,0,0,0
1788909434.959457,2604,pg_catalog,pg_attrdef,0,0,0,0,0,0,0,0,0
1788909434.959457,2336,pg_toast,pg_toast_2620,0,0,0,0,0,0,0,0,0
1788909434.959457,2603,pg_catalog,pg_amproc,0,0,5,11,0,0,0,0,0
1788909434.959457,2606,pg_catalog,pg_constraint,0,0,3,8,0,0,0,0,0
1788909434.959457,1255,pg_catalog,pg_proc,0,0,19,24,0,0,0,0,0
1788909434.959457,4173,pg_toast,pg_toast_1418,0,0,0,0,0,0,0,0,0
1788909434.959457,1985285,public,customer_taxrate,0,0,0,0,0,0,0,0,0
1788909434.959457,2620,pg_catalog,pg_trigger,0,0,0,0,0,0,0,0,0
1788909434.959457,1985256,public,account_permission,0,0,0,0,0,0,0,0,0
1788909434.959457,1985507,public,news_xref,0,0,0,0,0,0,0,0,0
1788909434.959457,1985480,public,industry,0,0,0,0,0,0,0,0,0
1788909434.959457,2612,pg_catalog,pg_language,0,0,0,0,0,0,0,0,0
1788909434.959457,4149,pg_toast,pg_toast_2328,0,0,0,0,0,0,0,0,0
1788909434.959457,6351,pg_toast,pg_toast_2610,0,0,0,0,0,0,0,0,0
1788909434.959457,13489,information_schema,sql_sizing,0,0,,,0,0,0,0,0
1788909434.959457,1985494,pg_toast,pg_toast_1985486,0,0,0,0,0,0,0,0,0
1788909434.959457,3598,pg_toast,pg_toast_3596,0,0,0,0,0,0,0,0,0
1788909434.959457,2836,pg_toast,pg_toast_1255,0,0,0,0,0,0,0,0,0
1788909434.959457,3456,pg_catalog,pg_collation,0,0,0,0,0,0,0,0,0
1788909434.959457,3079,pg_catalog,pg_extension,0,0,0,0,0,0,0,0,0
1788909434.959457,6100,pg_catalog,pg_subscription,0,0,0,0,0,0,0,0,0
1788909434.959457,2832,pg_toast,pg_toast_2606,0,0,0,0,0,0,0,0,0
1788909434.959457,3256,pg_catalog,pg_policy,0,0,0,0,0,0,0,0,0
1788909434.959457,1985302,public,holding_history,0,0,0,0,0,0,0,0,0
1788909434.959457,1985517,public,security,0,0,0,0,0,0,0,0,0
1788909434.959457,3466,pg_catalog,pg_event_trigger,0,0,0,0,0,0,0,0,0
1788909434.959457,3592,pg_catalog,pg_shseclabel,0,0,0,0,0,0,0,0,0
1788909434.959457,3764,pg_catalog,pg_ts_template,0,0,0,0,0,0,0,0,0
1788909434.959457,6237,pg_catalog,pg_publication_namespace,0,0,0,0,0,0,0,0,0
1788909434.959457,13487,pg_toast,pg_toast_13484,0,0,0,0,0,0,0,0,0
1788909434.959457,2995,pg_catalog,pg_largeobject_metadata,0,0,0,0,0,0,0,0,0
1788909434.959457,1985275,public,customer_account,0,0,0,0,0,0,0,0,0
1788909434.959457,4143,pg_toast,pg_toast_826,0,0,0,0,0,0,0,0,0
1788909434.959457,4185,pg_toast,pg_toast_1213,0,0,0,0,0,0,0,0,0
1788909434.959457,6243,pg_catalog,pg_parameter_acl,0,0,0,0,0,0,0,0,0
1788909434.959457,2616,pg_catalog,pg_opclass,0,0,8,134,0,0,0,0,0
1788909434.959457,1985290,public,holding,0,0,0,0,0,0,0,0,0
1788909434.959457,2838,pg_toast,pg_toast_2618,0,0,1,3,0,0,0,0,0
1788909434.959457,6228,pg_toast,pg_toast_6106,0,0,0,0,0,0,0,0,0
1788909434.959457,1985349,pg_toast,pg_toast_1985343,0,0,0,0,0,0,0,0,0
1788909434.959457,1985434,public,company_competitor,0,0,0,0,0,0,0,0,0
1788909434.959457,1985370,pg_toast,pg_toast_1985363,0,0,0,0,0,0,0,0,0
1788909434.959457,1985505,pg_toast,pg_toast_1985496,0,0,0,0,0,0,0,0,0
1788909434.959457,1985264,public,customer,0,0,0,0,0,0,0,0,0
1788909434.959457,3118,pg_catalog,pg_foreign_table,0,0,0,0,0,0,0,0,0
1788909434.959457,1259,pg_catalog,pg_class,1,523,12,12,0,0,0,0,0
1788909434.959457,3350,pg_catalog,pg_partitioned_table,0,0,0,0,0,0,0,0,0
1788909434.959457,4153,pg_toast,pg_toast_3118,0,0,0,0,0,0,0,0,0
1788909434.959457,4060,pg_toast,pg_toast_3592,0,0,0,0,0,0,0,0,0
1788909434.959457,1985543,public,status_type,0,0,0,0,0,0,0,0,0
1788909434.959457,4165,pg_toast,pg_toast_3350,0,0,0,0,0,0,0,0,0
1788909434.959457,1985402,public,trade_request,0,0,0,0,0,0,0,0,0
1788909434.959457,2753,pg_catalog,pg_opfamily,0,0,2,2,0,0,0,0,0
1788909434.959457,3601,pg_catalog,pg_ts_parser,0,0,0,0,0,0,0,0,0
1788909434.959457,6104,pg_catalog,pg_publication,0,0,0,0,0,0,0,0,0
1788909434.959457,13477,pg_toast,pg_toast_13474,0,0,0,0,0,0,0,0,0
1788909434.959457,3429,pg_catalog,pg_statistic_ext_data,0,0,0,0,0,0,0,0,0
1788909434.959457,2619,pg_catalog,pg_statistic,0,0,17,8,0,0,0,0,0
1788909434.959457,4155,pg_toast,pg_toast_3394,0,0,0,0,0,0,0,0,0
1788909434.959457,1985548,public,taxrate,0,0,0,0,0,0,0,0,0
1788909434.959457,3381,pg_catalog,pg_statistic_ext,0,0,3,0,0,0,0,0,0
1788909434.959457,6106,pg_catalog,pg_publication_rel,0,0,0,0,0,0,0,0,0
1788909434.959457,1985372,public,trade,0,0,0,0,0,0,0,0,0
1788909434.959457,2605,pg_catalog,pg_cast,0,0,34,7,0,0,0,0,0
1788909434.959457,4171,pg_toast,pg_toast_1247,0,0,0,0,0,0,0,0,0
1788909434.959457,2830,pg_toast,pg_toast_2604,0,0,0,0,0,0,0,0,0
1788909434.959457,1985309,public,holding_summary,0,0,0,0,0,0,0,0,0
1788909434.959457,1985413,pg_toast,pg_toast_1985402,0,0,0,0,0,0,0,0,0
1788909434.959457,13479,information_schema,sql_implementation_info,0,0,,,0,0,0,0,0
1788909434.959457,1985341,pg_toast,pg_toast_1985335,0,0,0,0,0,0,0,0,0
1788909434.959457,6244,pg_toast,pg_toast_6243,0,0,0,0,0,0,0,0,0
1788909434.959457,1985315,public,watch_item,0,0,0,0,0,0,0,0,0
1788909434.959457,3430,pg_toast,pg_toast_3429,0,0,0,0,0,0,0,0,0
1788909434.959457,1985320,public,watch_list,0,0,0,0,0,0,0,0,0
1788909495.070985,1985536,pg_toast,pg_toast_1985517,0,0,0,0,0,0,0,0,0
1788909495.070985,3576,pg_catalog,pg_transform,0,0,0,0,0,0,0,0,0
1788909495.070985,2601,pg_catalog,pg_am,0,0,0,0,0,0,0,0,0
1788909495.070985,1985363,public,settlement,0,0,0,0,0,0,0,0,0
1788909495.070985,3394,pg_catalog,pg_init_privs,0,0,0,0,0,0,0,0,0
1788909495.070985,4167,pg_toast,pg_toast_3256,0,0,0,0,0,0,0,0,0
1788909495.070985,4151,pg_toast,pg_toast_1417,0,0,0,0,0,0,0,0,0
1788909495.070985,2834,pg_toast,pg_toast_2609,0,0,0,0,0,0,0,0,0
1788909495.070985,6000,pg_catalog,pg_replication_origin,0,0,0,0,0,0,0,0,0
1788909495.070985,2840,pg_toast,pg_toast_2619,0,0,0,0,0,0,0,0,0
1788909495.070985,1985486,public,last_trade,0,0,0,0,0,0,0,0,0
1788909495.070985,2328,pg_catalog,pg_foreign_data_wrapper,0,0,0,0,0,0,0,0,0
1788909495.070985,4157,pg_toast,pg_toast_2612,0,0,0,0,0,0,0,0,0
1788909495.070985,1260,pg_catalog,pg_authid,0,0,0,0,0,0,0,0,0
1788909495.070985,6102,pg_catalog,pg_subscription_rel,0,0,0,0,0,0,0,0,0
1788909495.070985,1214,pg_catalog,pg_shdepend,0,0,0,0,0,0,0,0,0
1788909495.070985,4163,pg_toast,pg_toast_2615,0,0,0,0,0,0,0,0,0
1788909495.070985,1985343,public,charge,0,0,0,0,0,0,0,0,0
1788909495.070985,1985440,public,daily_market,0,0,0,0,0,0,0,0,0
1788909495.070985,1985422,public,company,0,0,0,0,0,0,0,0,0
1788909495.070985,4169,pg_toast,pg_toast_3600,0,0,0,0,0,0,0,0,0
1788909495.070985,2615,pg_catalog,pg_namespace,1,4,5,2,0,0,0,0,0
1788909495.070985,2396,pg_catalog,pg_shdescription,0,0,0,0,0,0,0,0,0
1788909495.070985,3600,pg_catalog,pg_ts_dict,0,0,0,0,0,0,0,0,0
1788909495.070985,1985325,public,broker,0,0,0,0,0,0,0,0,0
1788909495.070985,3596,pg_catalog,pg_seclabel,0,0,0,0,0,0,0,0,0
1788909495.070985,1985460,public,financial,0,0,0,0,0,0,0,0,0
1788909495.070985,2609,pg_catalog,pg_description,0,0,0,0,0,0,0,0,0
1788909495.070985,1985351,public,commission_rate,0,0,0,0,0,0,0,0,0
1788909495.070985,13482,pg_toast,pg_toast_13479,0,0,0,0,0,0,0,0,0
1788909495.070985,1985396,public,trade_history,0,0,0,0,0,0,0,0,0
1788909495.070985,3603,pg_catalog,pg_ts_config_map,0,0,0,0,0,0,0,0,0
1788909495.070985,1213,pg_catalog,pg_tablespace,0,0,1,1,0,0,0,0,0
1788909495.070985,2608,pg_catalog,pg_depend,0,0,0,0,0,0,0,0,0
1788909495.070985,2964,pg_catalog,pg_db_role_setting,0,0,0,0,0,0,0,0,0
1788909495.070985,1985283,pg_toast,pg_toast_1985275,0,0,0,0,0,0,0,0,0
1788909495.070985,1418,pg_catalog,pg_user_mapping,0,0,0,0,0,0,0,0,0
1788909495.070985,2613,pg_catalog,pg_largeobject,0,0,0,0,0,0,0,0,0
1788909495.070985,6175,pg_toast,pg_toast_3456,0,0,0,0,0,0,0,0,0
1788909495.070985,1261,pg_catalog,pg_auth_members,0,0,0,0,0,0,0,0,0
1788909495.070985,1985335,public,cash_transaction,0,0,0,0,0,0,0,0,0
1788909495.070985,2617,pg_catalog,pg_operator,0,0,5,5,0,0,0,0,0
1788909495.070985,1985300,pg_toast,pg_toast_1985290,0,0,0,0,0,0,0,0,0
1788909495.070985,1985538,public,address,0,0,0,0,0,0,0,0,0
1788909495.070985,2610,pg_catalog,pg_index,1,221,11,14,0,0,0,0,0
1788909495.070985,1249,pg_catalog,pg_attribute,0,0,75,92,0,0,0,0,0
1788909495.070985,1985512,public,sector,0,0,0,0,0,0,0,0,0
1788909495.070985,1985415,public,trade_type,0,0,0,0,0,0,0,0,0
1788909495.070985,2600,pg_catalog,pg_aggregate,0,0,1,1,0,0,0,0,0
1788909495.070985,2966,pg_toast,pg_toast_2964,0,0,0,0,0,0,0,0,0
1788909495.070985,1985451,public,exchange,0,0,0,0,0,0,0,0,0
1788909495.070985,2618,pg_catalog,pg_rewrite,0,0,1,1,0,0,0,0,0
1788909495.070985,4177,pg_toast,pg_toast_1262,0,0,0,0,0,0,0,0,0
1788909495.070985,13484,information_schema,sql_parts,0,0,,,0,0,0,0,0
1788909495.070985,4159,pg_toast,pg_toast_2600,0,0,0,0,0,0,0,0,0
1788909495.070985,4147,pg_toast,pg_toast_3079,0,0,0,0,0,0,0,0,0
1788909495.070985,13474,information_schema,sql_features,0,0,,,0,0,0,0,0
1788909495.070985,1985394,pg_toast,pg_toast_1985372,0,0,0,0,0,0,0,0,0
1788909495.070985,1247,pg_catalog,pg_type,0,0,19,19,0,0,0,0,0
1788909495.070985,2602,pg_catalog,pg_amop,0,0,12,25,0,0,0,0,0
1788909495.070985,3439,pg_toast,pg_toast_3381,0,0,0,0,0,0,0,0,0
1788909495.070985,2846,pg_toast,pg_toast_2396,0,0,0,0,0,0,0,0,0
1788909495.070985,1985555,public,zip_code,0,0,0,0,0,0,0,0,0
1788909495.070985,1985478,pg_toast,pg_toast_1985460,0,0,0,0,0,0,0,0,0
1788909495.070985,4145,pg_toast,pg_toast_3466,0,0,0,0,0,0,0,0,0
1788909495.070985,3541,pg_catalog,pg_range,0,0,0,0,0,0,0,0,0
1788909495.070985,3602,pg_catalog,pg_ts_config,0,0,0,0,0,0,0,0,0
1788909495.070985,1985333,pg_toast,pg_toast_1985325,0,0,0,0,0,0,0,0,0
1788909495.070985,4183,pg_toast,pg_toast_6100,0,0,0,0,0,0,0,0,0
1788909495.070985,1985496,public,news_item,0,0,0,0,0,0,0,0,0
1788909495.070985,2224,pg_catalog,pg_sequence,0,0,0,0,0,0,0,0,0
1788909495.070985,2611,pg_catalog,pg_inherits,0,0,0,0,0,0,0,0,0
1788909495.070985,1417,pg_catalog,pg_foreign_server,0,0,0,0,0,0,0,0,0
1788909495.070985,1262,pg_catalog,pg_database,0,0,0,0,0,0,0,0,0
1788909495.070985,13492,pg_toast,pg_toast_13489,0,0,0,0,0,0,0,0,0
1788909495.070985,3501,pg_catalog,pg_enum,0,0,0,0,0,0,0,0,0
1788909495.070985,2607,pg_catalog,pg_conversion,0,0,0,0,0,0,0,0,0
1788909495.070985,1985449,pg_toast,pg_toast_1985440,0,0,0,0,0,0,0,0,0
1788909495.070985,826,pg_catalog,pg_default_acl,0,0,0,0,0,0,0,0,0
1788909495.070985,2604,pg_catalog,pg_attrdef,0,0,0,0,0,0,0,0,0
1788909495.070985,2336,pg_toast,pg_toast_2620,0,0,0,0,0,0,0,0,0
1788909495.070985,2603,pg_catalog,pg_amproc,0,0,5,11,0,0,0,0,0
1788909495.070985,2606,pg_catalog,pg_constraint,0,0,3,8,0,0,0,0,0
1788909495.070985,1255,pg_catalog,pg_proc,0,0,19,24,0,0,0,0,0
1788909495.070985,4173,pg_toast,pg_toast_1418,0,0,0,0,0,0,0,0,0
1788909495.070985,1985285,public,customer_taxrate,0,0,0,0,0,0,0,0,0
1788909495.070985,2620,pg_catalog,pg_trigger,0,0,0,0,0,0,0,0,0
1788909495.070985,1985256,public,account_permission,0,0,0,0,0,0,0,0,0
1788909495.070985,1985507,public,news_xref,0,0,0,0,0,0,0,0,0
1788909495.070985,1985480,public,industry,0,0,0,0,0,0,0,0,0
1788909495.070985,2612,pg_catalog,pg_language,0,0,0,0,0,0,0,0,0
1788909495.070985,4149,pg_toast,pg_toast_2328,0,0,0,0,0,0,0,0,0
1788909495.070985,6351,pg_toast,pg_toast_2610,0,0,0,0,0,0,0,0,0
1788909495.070985,13489,information_schema,sql_sizing,0,0,,,0,0,0,0,0
1788909495.070985,1985494,pg_toast,pg_toast_1985486,0,0,0,0,0,0,0,0,0
1788909495.070985,3598,pg_toast,pg_toast_3596,0,0,0,0,0,0,0,0,0
1788909495.070985,2836,pg_toast,pg_toast_1255,0,0,0,0,0,0,0,0,0
1788909495.070985,3456,pg_catalog,pg_collation,0,0,0,0,0,0,0,0,0
1788909495.070985,3079,pg_catalog,pg_extension,0,0,0,0,0,0,0,0,0
1788909495.070985,6100,pg_catalog,pg_subscription,0,0,0,0,0,0,0,0,0
1788909495.070985,2832,pg_toast,pg_toast_2606,0,0,0,0,0,0,0,0,0
1788909495.070985,3256,pg_catalog,pg_policy,0,0,0,0,0,0,0,0,0
1788909495.070985,1985302,public,holding_history,0,0,0,0,0,0,0,0,0
1788909495.070985,1985517,public,security,0,0,0,0,0,0,0,0,0
1788909495.070985,3466,pg_catalog,pg_event_trigger,0,0,0,0,0,0,0,0,0
1788909495.070985,3592,pg_catalog,pg_shseclabel,0,0,0,0,0,0,0,0,0
1788909495.070985,3764,pg_catalog,pg_ts_template,0,0,0,0,0,0,0,0,0
1788909495.070985,6237,pg_catalog,pg_publication_namespace,0,0,0,0,0,0,0,0,0
1788909495.070985,13487,pg_toast,pg_toast_13484,0,0,0,0,0,0,0,0,0
1788909495.070985,2995,pg_catalog,pg_largeobject_metadata,0,0,0,0,0,0,0,0,0
1788909495.070985,1985275,public,customer_account,0,0,0,0,0,0,0,0,0
1788909495.070985,4143,pg_toast,pg_toast_826,0,0,0,0,0,0,0,0,0
1788909495.070985,4185,pg_toast,pg_toast_1213,0,0,0,0,0,0,0,0,0
1788909495.070985,6243,pg_catalog,pg_parameter_acl,0,0,0,0,0,0,0,0,0
1788909495.070985,2616,pg_catalog,pg_opclass,0,0,8,134,0,0,0,0,0
1788909495.070985,1985290,public,holding,0,0,0,0,0,0,0,0,0
1788909495.070985,2838,pg_toast,pg_toast_2618,0,0,1,3,0,0,0,0,0
1788909495.070985,6228,pg_toast,pg_toast_6106,0,0,0,0,0,0,0,0,0
1788909495.070985,1985349,pg_toast,pg_toast_1985343,0,0,0,0,0,0,0,0,0
1788909495.070985,1985434,public,company_competitor,0,0,0,0,0,0,0,0,0
1788909495.070985,1985370,pg_toast,pg_toast_1985363,0,0,0,0,0,0,0,0,0
1788909495.070985,1985505,pg_toast,pg_toast_1985496,0,0,0,0,0,0,0,0,0
1788909495.070985,1985264,public,customer,0,0,0,0,0,0,0,0,0
1788909495.070985,3118,pg_catalog,pg_foreign_table,0,0,0,0,0,0,0,0,0
1788909495.070985,1259,pg_catalog,pg_class,1,523,12,12,0,0,0,0,0
1788909495.070985,3350,pg_catalog,pg_partitioned_table,0,0,0,0,0,0,0,0,0
1788909495.070985,4153,pg_toast,pg_toast_3118,0,0,0,0,0,0,0,0,0
1788909495.070985,4060,pg_toast,pg_toast_3592,0,0,0,0,0,0,0,0,0
1788909495.070985,1985543,public,status_type,0,0,0,0,0,0,0,0,0
1788909495.070985,4165,pg_toast,pg_toast_3350,0,0,0,0,0,0,0,0,0
1788909495.070985,1985402,public,trade_request,0,0,0,0,0,0,0,0,0
1788909495.070985,2753,pg_catalog,pg_opfamily,0,0,2,2,0,0,0,0,0
1788909495.070985,3601,pg_catalog,pg_ts_parser,0,0,0,0,0,0,0,0,0
1788909495.070985,6104,pg_catalog,pg_publication,0,0,0,0,0,0,0,0,0
1788909495.070985,13477,pg_toast,pg_toast_13474,0,0,0,0,0,0,0,0,0
1788909495.070985,3429,pg_catalog,pg_statistic_ext_data,0,0,0,0,0,0,0,0,0
1788909495.070985,2619,pg_catalog,pg_statistic,0,0,17,8,0,0,0,0,0
1788909495.070985,4155,pg_toast,pg_toast_3394,0,0,0,0,0,0,0,0,0
1788909495.070985,1985548,public,taxrate,0,0,0,0,0,0,0,0,0
1788909495.070985,3381,pg_catalog,pg_statistic_ext,0,0,3,0,0,0,0,0,0
1788909495.070985,6106,pg_catalog,pg_publication_rel,0,0,0,0,0,0,0,0,0
1788909495.070985,1985372,public,trade,0,0,0,0,0,0,0,0,0
1788909495.070985,2605,pg_catalog,pg_cast,0,0,34,7,0,0,0,0,0
1788909495.070985,4171,pg_toast,pg_toast_1247,0,0,0,0,0,0,0,0,0
1788909495.070985,2830,pg_toast,pg_toast_2604,0,0,0,0,0,0,0,0,0
1788909495.070985,1985309,public,holding_summary,0,0,0,0,0,0,0,0,0
1788909495.070985,1985413,pg_toast,pg_toast_1985402,0,0,0,0,0,0,0,0,0
1788909495.070985,13479,information_schema,sql_implementation_info,0,0,,,0,0,0,0,0
1788909495.070985,1985341,pg_toast,pg_toast_1985335,0,0,0,0,0,0,0,0,0
1788909495.070985,6244,pg_toast,pg_toast_6243,0,0,0,0,0,0,0,0,0
1788909495.070985,1985315,public,watch_item,0,0,0,0,0,0,0,0,0
1788909495.070985,3430,pg_toast,pg_toast_3429,0,0,0,0,0,0,0,0,0
1788909495.070985,1985320,public,watch_list,0,0,0,0,0,0,0,0,0
1788909555.179507,1985536,pg_toast,pg_toast_1985517,0,0,0,0,0,0,0,0,0
1788909555.179507,3576,pg_catalog,pg_transform,0,0,0,0,0,0,0,0,0
1788909555.179507,2601,pg_catalog,pg_am,0,0,0,0,0,0,0,0,0
1788909555.179507,1985363,public,settlement,0,0,0,0,0,0,0,0,0
1788909555.179507,3394,pg_catalog,pg_init_privs,0,0,0,0,0,0,0,0,0
1788909555.179507,4167,pg_toast,pg_toast_3256,0,0,0,0,0,0,0,0,0
1788909555.179507,4151,pg_toast,pg_toast_1417,0,0,0,0,0,0,0,0,0
1788909555.179507,2834,pg_toast,pg_toast_2609,0,0,0,0,0,0,0,0,0
1788909555.179507,6000,pg_catalog,pg_replication_origin,0,0,0,0,0,0,0,0,0
1788909555.179507,2840,pg_toast,pg_toast_2619,0,0,0,0,0,0,0,0,0
1788909555.179507,1985486,public,last_trade,0,0,0,0,0,0,0,0,0
1788909555.179507,2328,pg_catalog,pg_foreign_data_wrapper,0,0,0,0,0,0,0,0,0
1788909555.179507,4157,pg_toast,pg_toast_2612,0,0,0,0,0,0,0,0,0
1788909555.179507,1260,pg_catalog,pg_authid,0,0,0,0,0,0,0,0,0
1788909555.179507,6102,pg_catalog,pg_subscription_rel,0,0,0,0,0,0,0,0,0
1788909555.179507,1214,pg_catalog,pg_shdepend,0,0,0,0,0,0,0,0,0
1788909555.179507,4163,pg_toast,pg_toast_2615,0,0,0,0,0,0,0,0,0
1788909555.179507,1985343,public,charge,0,0,0,0,0,0,0,0,0
1788909555.179507,1985440,public,daily_market,0,0,0,0,0,0,0,0,0
1788909555.179507,1985422,public,company,0,0,0,0,0,0,0,0,0
1788909555.179507,4169,pg_toast,pg_toast_3600,0,0,0,0,0,0,0,0,0
1788909555.179507,2615,pg_catalog,pg_namespace,1,4,5,2,0,0,0,0,0
1788909555.179507,2396,pg_catalog,pg_shdescription,0,0,0,0,0,0,0,0,0
1788909555.179507,3600,pg_catalog,pg_ts_dict,0,0,0,0,0,0,0,0,0
1788909555.179507,1985325,public,broker,0,0,0,0,0,0,0,0,0
1788909555.179507,3596,pg_catalog,pg_seclabel,0,0,0,0,0,0,0,0,0
1788909555.179507,1985460,public,financial,0,0,0,0,0,0,0,0,0
1788909555.179507,2609,pg_catalog,pg_description,0,0,0,0,0,0,0,0,0
1788909555.179507,1985351,public,commission_rate,0,0,0,0,0,0,0,0,0
1788909555.179507,13482,pg_toast,pg_toast_13479,0,0,0,0,0,0,0,0,0
1788909555.179507,1985396,public,trade_history,0,0,0,0,0,0,0,0,0
1788909555.179507,3603,pg_catalog,pg_ts_config_map,0,0,0,0,0,0,0,0,0
1788909555.179507,1213,pg_catalog,pg_tablespace,0,0,1,1,0,0,0,0,0
1788909555.179507,2608,pg_catalog,pg_depend,0,0,0,0,0,0,0,0,0
1788909555.179507,2964,pg_catalog,pg_db_role_setting,0,0,0,0,0,0,0,0,0
1788909555.179507,1985283,pg_toast,pg_toast_1985275,0,0,0,0,0,0,0,0,0
1788909555.179507,1418,pg_catalog,pg_user_mapping,0,0,0,0,0,0,0,0,0
1788909555.179507,2613,pg_catalog,pg_largeobject,0,0,0,0,0,0,0,0,0
1788909555.179507,6175,pg_toast,pg_toast_3456,0,0,0,0,0,0,0,0,0
1788909555.179507,1261,pg_catalog,pg_auth_members,0,0,0,0,0,0,0,0,0
1788909555.179507,1985335,public,cash_transaction,0,0,0,0,0,0,0,0,0
1788909555.179507,2617,pg_catalog,pg_operator,0,0,5,5,0,0,0,0,0
1788909555.179507,1985300,pg_toast,pg_toast_1985290,0,0,0,0,0,0,0,0,0
1788909555.179507,1985538,public,address,0,0,0,0,0,0,0,0,0
1788909555.179507,2610,pg_catalog,pg_index,1,221,11,14,0,0,0,0,0
1788909555.179507,1249,pg_catalog,pg_attribute,0,0,75,92,0,0,0,0,0
1788909555.179507,1985512,public,sector,0,0,0,0,0,0,0,0,0
1788909555.179507,1985415,public,trade_type,0,0,0,0,0,0,0,0,0
1788909555.179507,2600,pg_catalog,pg_aggregate,0,0,1,1,0,0,0,0,0
1788909555.179507,2966,pg_toast,pg_toast_2964,0,0,0,0,0,0,0,0,0
1788909555.179507,1985451,public,exchange,0,0,0,0,0,0,0,0,0
1788909555.179507,2618,pg_catalog,pg_rewrite,0,0,1,1,0,0,0,0,0
1788909555.179507,4177,pg_toast,pg_toast_1262,0,0,0,0,0,0,0,0,0
1788909555.179507,13484,information_schema,sql_parts,0,0,,,0,0,0,0,0
1788909555.179507,4159,pg_toast,pg_toast_2600,0,0,0,0,0,0,0,0,0
1788909555.179507,4147,pg_toast,pg_toast_3079,0,0,0,0,0,0,0,0,0
1788909555.179507,13474,information_schema,sql_features,0,0,,,0,0,0,0,0
1788909555.179507,1985394,pg_toast,pg_toast_1985372,0,0,0,0,0,0,0,0,0
1788909555.179507,1247,pg_catalog,pg_type,0,0,19,19,0,0,0,0,0
1788909555.179507,2602,pg_catalog,pg_amop,0,0,12,25,0,0,0,0,0
1788909555.179507,3439,pg_toast,pg_toast_3381,0,0,0,0,0,0,0,0,0
1788909555.179507,2846,pg_toast,pg_toast_2396,0,0,0,0,0,0,0,0,0
1788909555.179507,1985555,public,zip_code,0,0,0,0,0,0,0,0,0
1788909555.179507,1985478,pg_toast,pg_toast_1985460,0,0,0,0,0,0,0,0,0
1788909555.179507,4145,pg_toast,pg_toast_3466,0,0,0,0,0,0,0,0,0
1788909555.179507,3541,pg_catalog,pg_range,0,0,0,0,0,0,0,0,0
1788909555.179507,3602,pg_catalog,pg_ts_config,0,0,0,0,0,0,0,0,0
1788909555.179507,1985333,pg_toast,pg_toast_1985325,0,0,0,0,0,0,0,0,0
1788909555.179507,4183,pg_toast,pg_toast_6100,0,0,0,0,0,0,0,0,0
1788909555.179507,1985496,public,news_item,0,0,0,0,0,0,0,0,0
1788909555.179507,2224,pg_catalog,pg_sequence,0,0,0,0,0,0,0,0,0
1788909555.179507,2611,pg_catalog,pg_inherits,0,0,0,0,0,0,0,0,0
1788909555.179507,1417,pg_catalog,pg_foreign_server,0,0,0,0,0,0,0,0,0
1788909555.179507,1262,pg_catalog,pg_database,0,0,0,0,0,0,0,0,0
1788909555.179507,13492,pg_toast,pg_toast_13489,0,0,0,0,0,0,0,0,0
1788909555.179507,3501,pg_catalog,pg_enum,0,0,0,0,0,0,0,0,0
1788909555.179507,2607,pg_catalog,pg_conversion,0,0,0,0,0,0,0,0,0
1788909555.179507,1985449,pg_toast,pg_toast_1985440,0,0,0,0,0,0,0,0,0
1788909555.179507,826,pg_catalog,pg_default_acl,0,0,0,0,0,0,0,0,0
1788909555.179507,2604,pg_catalog,pg_attrdef,0,0,0,0,0,0,0,0,0
1788909555.179507,2336,pg_toast,pg_toast_2620,0,0,0,0,0,0,0,0,0
1788909555.179507,2603,pg_catalog,pg_amproc,0,0,5,11,0,0,0,0,0
1788909555.179507,2606,pg_catalog,pg_constraint,0,0,3,8,0,0,0,0,0
1788909555.179507,1255,pg_catalog,pg_proc,0,0,19,24,0,0,0,0,0
1788909555.179507,4173,pg_toast,pg_toast_1418,0,0,0,0,0,0,0,0,0
1788909555.179507,1985285,public,customer_taxrate,0,0,0,0,0,0,0,0,0
1788909555.179507,2620,pg_catalog,pg_trigger,0,0,0,0,0,0,0,0,0
1788909555.179507,1985256,public,account_permission,0,0,0,0,0,0,0,0,0
1788909555.179507,1985507,public,news_xref,0,0,0,0,0,0,0,0,0
1788909555.179507,1985480,public,industry,0,0,0,0,0,0,0,0,0
1788909555.179507,2612,pg_catalog,pg_language,0,0,0,0,0,0,0,0,0
1788909555.179507,4149,pg_toast,pg_toast_2328,0,0,0,0,0,0,0,0,0
1788909555.179507,6351,pg_toast,pg_toast_2610,0,0,0,0,0,0,0,0,0
1788909555.179507,13489,information_schema,sql_sizing,0,0,,,0,0,0,0,0
1788909555.179507,1985494,pg_toast,pg_toast_1985486,0,0,0,0,0,0,0,0,0
1788909555.179507,3598,pg_toast,pg_toast_3596,0,0,0,0,0,0,0,0,0
1788909555.179507,2836,pg_toast,pg_toast_1255,0,0,0,0,0,0,0,0,0
1788909555.179507,3456,pg_catalog,pg_collation,0,0,0,0,0,0,0,0,0
1788909555.179507,3079,pg_catalog,pg_extension,0,0,0,0,0,0,0,0,0
1788909555.179507,6100,pg_catalog,pg_subscription,0,0,0,0,0,0,0,0,0
1788909555.179507,2832,pg_toast,pg_toast_2606,0,0,0,0,0,0,0,0,0
1788909555.179507,3256,pg_catalog,pg_policy,0,0,0,0,0,0,0,0,0
1788909555.179507,1985302,public,holding_history,0,0,0,0,0,0,0,0,0
1788909555.179507,1985517,public,security,0,0,0,0,0,0,0,0,0
1788909555.179507,3466,pg_catalog,pg_event_trigger,0,0,0,0,0,0,0,0,0
1788909555.179507,3592,pg_catalog,pg_shseclabel,0,0,0,0,0,0,0,0,0
1788909555.179507,3764,pg_catalog,pg_ts_template,0,0,0,0,0,0,0,0,0
1788909555.179507,6237,pg_catalog,pg_publication_namespace,0,0,0,0,0,0,0,0,0
1788909555.179507,13487,pg_toast,pg_toast_13484,0,0,0,0,0,0,0,0,0
1788909555.179507,2995,pg_catalog,pg_largeobject_metadata,0,0,0,0,0,0,0,0,0
1788909555.179507,1985275,public,customer_account,0,0,0,0,0,0,0,0,0
1788909555.179507,4143,pg_toast,pg_toast_826,0,0,0,0,0,0,0,0,0
1788909555.179507,4185,pg_toast,pg_toast_1213,0,0,0,0,0,0,0,0,0
1788909555.179507,6243,pg_catalog,pg_parameter_acl,0,0,0,0,0,0,0,0,0
1788909555.179507,2616,pg_catalog,pg_opclass,0,0,8,134,0,0,0,0,0
1788909555.179507,1985290,public,holding,0,0,0,0,0,0,0,0,0
1788909555.179507,2838,pg_toast,pg_toast_2618,0,0,1,3,0,0,0,0,0
1788909555.179507,6228,pg_toast,pg_toast_6106,0,0,0,0,0,0,0,0,0
1788909555.179507,1985349,pg_toast,pg_toast_1985343,0,0,0,0,0,0,0,0,0
1788909555.179507,1985434,public,company_competitor,0,0,0,0,0,0,0,0,0
1788909555.179507,1985370,pg_toast,pg_toast_1985363,0,0,0,0,0,0,0,0,0
1788909555.179507,1985505,pg_toast,pg_toast_1985496,0,0,0,0,0,0,0,0,0
1788909555.179507,1985264,public,customer,0,0,0,0,0,0,0,0,0
1788909555.179507,3118,pg_catalog,pg_foreign_table,0,0,0,0,0,0,0,0,0
1788909555.179507,1259,pg_catalog,pg_class,1,523,12,12,0,0,0,0,0
1788909555.179507,3350,pg_catalog,pg_partitioned_table,0,0,0,0,0,0,0,0,0
1788909555.179507,4153,pg_toast,pg_toast_3118,0,0,0,0,0,0,0,0,0
1788909555.179507,4060,pg_toast,pg_toast_3592,0,0,0,0,0,0,0,0,0
1788909555.179507,1985543,public,status_type,0,0,0,0,0,0,0,0,0
1788909555.179507,4165,pg_toast,pg_toast_3350,0,0,0,0,0,0,0,0,0
1788909555.179507,1985402,public,trade_request,0,0,0,0,0,0,0,0,0
1788909555.179507,2753,pg_catalog,pg_opfamily,0,0,2,2,0,0,0,0,0
1788909555.179507,3601,pg_catalog,pg_ts_parser,0,0,0,0,0,0,0,0,0
1788909555.179507,6104,pg_catalog,pg_publication,0,0,0,0,0,0,0,0,0
1788909555.179507,13477,pg_toast,pg_toast_13474,0,0,0,0,0,0,0,0,0
1788909555.179507,3429,pg_catalog,pg_statistic_ext_data,0,0,0,0,0,0,0,0,0
1788909555.179507,2619,pg_catalog,pg_statistic,0,0,17,8,0,0,0,0,0
1788909555.179507,4155,pg_toast,pg_toast_3394,0,0,0,0,0,0,0,0,0
1788909555.179507,1985548,public,taxrate,0,0,0,0,0,0,0,0,0
1788909555.179507,3381,pg_catalog,pg_statistic_ext,0,0,3,0,0,0,0,0,0
1788909555.179507,6106,pg_catalog,pg_publication_rel,0,0,0,0,0,0,0,0,0
1788909555.179507,1985372,public,trade,0,0,0,0,0,0,0,0,0
1788909555.179507,2605,pg_catalog,pg_cast,0,0,34,7,0,0,0,0,0
1788909555.179507,4171,pg_toast,pg_toast_1247,0,0,0,0,0,0,0,0,0
1788909555.179507,2830,pg_toast,pg_toast_2604,0,0,0,0,0,0,0,0,0
1788909555.179507,1985309,public,holding_summary,0,0,0,0,0,0,0,0,0
1788909555.179507,1985413,pg_toast,pg_toast_1985402,0,0,0,0,0,0,0,0,0
1788909555.179507,13479,information_schema,sql_implementation_info,0,0,,,0,0,0,0,0
1788909555.179507,1985341,pg_toast,pg_toast_1985335,0,0,0,0,0,0,0,0,0
1788909555.179507,6244,pg_toast,pg_toast_6243,0,0,0,0,0,0,0,0,0
1788909555.179507,1985315,public,watch_item,0,0,0,0,0,0,0,0,0
1788909555.179507,3430,pg_toast,pg_toast_3429,0,0,0,0,0,0,0,0,0
1788909555.179507,1985320,public,watch_list,0,0,0,0,0,0,0,0,0
1788909615.334651,1985536,pg_toast,pg_toast_1985517,0,0,0,0,0,0,0,0,0
1788909615.334651,3576,pg_catalog,pg_transform,0,0,0,0,0,0,0,0,0
1788909615.334651,2601,pg_catalog,pg_am,0,0,0,0,0,0,0,0,0
1788909615.334651,1985363,public,settlement,0,0,0,0,0,0,0,0,0
1788909615.334651,3394,pg_catalog,pg_init_privs,0,0,0,0,0,0,0,0,0
1788909615.334651,4167,pg_toast,pg_toast_3256,0,0,0,0,0,0,0,0,0
1788909615.334651,4151,pg_toast,pg_toast_1417,0,0,0,0,0,0,0,0,0
1788909615.334651,2834,pg_toast,pg_toast_2609,0,0,0,0,0,0,0,0,0
1788909615.334651,6000,pg_catalog,pg_replication_origin,0,0,0,0,0,0,0,0,0
1788909615.334651,2840,pg_toast,pg_toast_2619,0,0,0,0,0,0,0,0,0
1788909615.334651,1985486,public,last_trade,0,0,0,0,0,0,0,0,0
1788909615.334651,2328,pg_catalog,pg_foreign_data_wrapper,0,0,0,0,0,0,0,0,0
1788909615.334651,4157,pg_toast,pg_toast_2612,0,0,0,0,0,0,0,0,0
1788909615.334651,1260,pg_catalog,pg_authid,0,0,0,0,0,0,0,0,0
1788909615.334651,6102,pg_catalog,pg_subscription_rel,0,0,0,0,0,0,0,0,0
1788909615.334651,1214,pg_catalog,pg_shdepend,0,0,0,0,0,0,0,0,0
1788909615.334651,4163,pg_toast,pg_toast_2615,0,0,0,0,0,0,0,0,0
1788909615.334651,1985343,public,charge,0,0,0,0,0,0,0,0,0
1788909615.334651,1985440,public,daily_market,0,0,0,0,0,0,0,0,0
1788909615.334651,1985422,public,company,0,0,0,0,0,0,0,0,0
1788909615.334651,4169,pg_toast,pg_toast_3600,0,0,0,0,0,0,0,0,0
1788909615.334651,2615,pg_catalog,pg_namespace,1,4,5,2,0,0,0,0,0
1788909615.334651,2396,pg_catalog,pg_shdescription,0,0,0,0,0,0,0,0,0
1788909615.334651,3600,pg_catalog,pg_ts_dict,0,0,0,0,0,0,0,0,0
1788909615.334651,1985325,public,broker,0,0,0,0,0,0,0,0,0
1788909615.334651,3596,pg_catalog,pg_seclabel,0,0,0,0,0,0,0,0,0
1788909615.334651,1985460,public,financial,0,0,0,0,0,0,0,0,0
1788909615.334651,2609,pg_catalog,pg_description,0,0,0,0,0,0,0,0,0
1788909615.334651,1985351,public,commission_rate,0,0,0,0,0,0,0,0,0
1788909615.334651,13482,pg_toast,pg_toast_13479,0,0,0,0,0,0,0,0,0
1788909615.334651,1985396,public,trade_history,0,0,0,0,0,0,0,0,0
1788909615.334651,3603,pg_catalog,pg_ts_config_map,0,0,0,0,0,0,0,0,0
1788909615.334651,1213,pg_catalog,pg_tablespace,0,0,1,1,0,0,0,0,0
1788909615.334651,2608,pg_catalog,pg_depend,0,0,0,0,0,0,0,0,0
1788909615.334651,2964,pg_catalog,pg_db_role_setting,0,0,0,0,0,0,0,0,0
1788909615.334651,1985283,pg_toast,pg_toast_1985275,0,0,0,0,0,0,0,0,0
1788909615.334651,1418,pg_catalog,pg_user_mapping,0,0,0,0,0,0,0,0,0
1788909615.334651,2613,pg_catalog,pg_largeobject,0,0,0,0,0,0,0,0,0
1788909615.334651,6175,pg_toast,pg_toast_3456,0,0,0,0,0,0,0,0,0
1788909615.334651,1261,pg_catalog,pg_auth_members,0,0,0,0,0,0,0,0,0
1788909615.334651,1985335,public,cash_transaction,0,0,0,0,0,0,0,0,0
1788909615.334651,2617,pg_catalog,pg_operator,0,0,5,5,0,0,0,0,0
1788909615.334651,1985300,pg_toast,pg_toast_1985290,0,0,0,0,0,0,0,0,0
1788909615.334651,1985538,public,address,0,0,0,0,0,0,0,0,0
1788909615.334651,2610,pg_catalog,pg_index,1,221,11,14,0,0,0,0,0
1788909615.334651,1249,pg_catalog,pg_attribute,0,0,75,92,0,0,0,0,0
1788909615.334651,1985512,public,sector,0,0,0,0,0,0,0,0,0
1788909615.334651,1985415,public,trade_type,0,0,0,0,0,0,0,0,0
1788909615.334651,2600,pg_catalog,pg_aggregate,0,0,1,1,0,0,0,0,0
1788909615.334651,2966,pg_toast,pg_toast_2964,0,0,0,0,0,0,0,0,0
1788909615.334651,1985451,public,exchange,0,0,0,0,0,0,0,0,0
1788909615.334651,2618,pg_catalog,pg_rewrite,0,0,1,1,0,0,0,0,0
1788909615.334651,4177,pg_toast,pg_toast_1262,0,0,0,0,0,0,0,0,0
1788909615.334651,13484,information_schema,sql_parts,0,0,,,0,0,0,0,0
1788909615.334651,4159,pg_toast,pg_toast_2600,0,0,0,0,0,0,0,0,0
1788909615.334651,4147,pg_toast,pg_toast_3079,0,0,0,0,0,0,0,0,0
1788909615.334651,13474,information_schema,sql_features,0,0,,,0,0,0,0,0
1788909615.334651,1985394,pg_toast,pg_toast_1985372,0,0,0,0,0,0,0,0,0
1788909615.334651,1247,pg_catalog,pg_type,0,0,19,19,0,0,0,0,0
1788909615.334651,2602,pg_catalog,pg_amop,0,0,12,25,0,0,0,0,0
1788909615.334651,3439,pg_toast,pg_toast_3381,0,0,0,0,0,0,0,0,0
1788909615.334651,2846,pg_toast,pg_toast_2396,0,0,0,0,0,0,0,0,0
1788909615.334651,1985555,public,zip_code,0,0,0,0,0,0,0,0,0
1788909615.334651,1985478,pg_toast,pg_toast_1985460,0,0,0,0,0,0,0,0,0
1788909615.334651,4145,pg_toast,pg_toast_3466,0,0,0,0,0,0,0,0,0
1788909615.334651,3541,pg_catalog,pg_range,0,0,0,0,0,0,0,0,0
1788909615.334651,3602,pg_catalog,pg_ts_config,0,0,0,0,0,0,0,0,0
1788909615.334651,1985333,pg_toast,pg_toast_1985325,0,0,0,0,0,0,0,0,0
1788909615.334651,4183,pg_toast,pg_toast_6100,0,0,0,0,0,0,0,0,0
1788909615.334651,1985496,public,news_item,0,0,0,0,0,0,0,0,0
1788909615.334651,2224,pg_catalog,pg_sequence,0,0,0,0,0,0,0,0,0
1788909615.334651,2611,pg_catalog,pg_inherits,0,0,0,0,0,0,0,0,0
1788909615.334651,1417,pg_catalog,pg_foreign_server,0,0,0,0,0,0,0,0,0
1788909615.334651,1262,pg_catalog,pg_database,0,0,0,0,0,0,0,0,0
1788909615.334651,13492,pg_toast,pg_toast_13489,0,0,0,0,0,0,0,0,0
1788909615.334651,3501,pg_catalog,pg_enum,0,0,0,0,0,0,0,0,0
1788909615.334651,2607,pg_catalog,pg_conversion,0,0,0,0,0,0,0,0,0
1788909615.334651,1985449,pg_toast,pg_toast_1985440,0,0,0,0,0,0,0,0,0
1788909615.334651,826,pg_catalog,pg_default_acl,0,0,0,0,0,0,0,0,0
1788909615.334651,2604,pg_catalog,pg_attrdef,0,0,0,0,0,0,0,0,0
1788909615.334651,2336,pg_toast,pg_toast_2620,0,0,0,0,0,0,0,0,0
1788909615.334651,2603,pg_catalog,pg_amproc,0,0,5,11,0,0,0,0,0
1788909615.334651,2606,pg_catalog,pg_constraint,0,0,3,8,0,0,0,0,0
1788909615.334651,1255,pg_catalog,pg_proc,0,0,19,24,0,0,0,0,0
1788909615.334651,4173,pg_toast,pg_toast_1418,0,0,0,0,0,0,0,0,0
1788909615.334651,1985285,public,customer_taxrate,0,0,0,0,0,0,0,0,0
1788909615.334651,2620,pg_catalog,pg_trigger,0,0,0,0,0,0,0,0,0
1788909615.334651,1985256,public,account_permission,0,0,0,0,0,0,0,0,0
1788909615.334651,1985507,public,news_xref,0,0,0,0,0,0,0,0,0
1788909615.334651,1985480,public,industry,0,0,0,0,0,0,0,0,0
1788909615.334651,2612,pg_catalog,pg_language,0,0,0,0,0,0,0,0,0
1788909615.334651,4149,pg_toast,pg_toast_2328,0,0,0,0,0,0,0,0,0
1788909615.334651,6351,pg_toast,pg_toast_2610,0,0,0,0,0,0,0,0,0
1788909615.334651,13489,information_schema,sql_sizing,0,0,,,0,0,0,0,0
1788909615.334651,1985494,pg_toast,pg_toast_1985486,0,0,0,0,0,0,0,0,0
1788909615.334651,3598,pg_toast,pg_toast_3596,0,0,0,0,0,0,0,0,0
1788909615.334651,2836,pg_toast,pg_toast_1255,0,0,0,0,0,0,0,0,0
1788909615.334651,3456,pg_catalog,pg_collation,0,0,0,0,0,0,0,0,0
1788909615.334651,3079,pg_catalog,pg_extension,0,0,0,0,0,0,0,0,0
1788909615.334651,6100,pg_catalog,pg_subscription,0,0,0,0,0,0,0,0,0
1788909615.334651,2832,pg_toast,pg_toast_2606,0,0,0,0,0,0,0,0,0
1788909615.334651,3256,pg_catalog,pg_policy,0,0,0,0,0,0,0,0,0
1788909615.334651,1985302,public,holding_history,0,0,0,0,0,0,0,0,0
1788909615.334651,1985517,public,security,0,0,0,0,0,0,0,0,0
1788909615.334651,3466,pg_catalog,pg_event_trigger,0,0,0,0,0,0,0,0,0
1788909615.334651,3592,pg_catalog,pg_shseclabel,0,0,0,0,0,0,0,0,0
1788909615.334651,3764,pg_catalog,pg_ts_template,0,0,0,0,0,0,0,0,0
1788909615.334651,6237,pg_catalog,pg_publication_namespace,0,0,0,0,0,0,0,0,0
1788909615.334651,13487,pg_toast,pg_toast_13484,0,0,0,0,0,0,0,0,0
1788909615.334651,2995,pg_catalog,pg_largeobject_metadata,0,0,0,0,0,0,0,0,0
1788909615.334651,1985275,public,customer_account,0,0,0,0,0,0,0,0,0
1788909615.334651,4143,pg_toast,pg_toast_826,0,0,0,0,0,0,0,0,0
1788909615.334651,4185,pg_toast,pg_toast_1213,0,0,0,0,0,0,0,0,0
1788909615.334651,6243,pg_catalog,pg_parameter_acl,0,0,0,0,0,0,0,0,0
1788909615.334651,2616,pg_catalog,pg_opclass,0,0,8,134,0,0,0,0,0
1788909615.334651,1985290,public,holding,0,0,0,0,0,0,0,0,0
1788909615.334651,2838,pg_toast,pg_toast_2618,0,0,1,3,0,0,0,0,0
1788909615.334651,6228,pg_toast,pg_toast_6106,0,0,0,0,0,0,0,0,0
1788909615.334651,1985349,pg_toast,pg_toast_1985343,0,0,0,0,0,0,0,0,0
1788909615.334651,1985434,public,company_competitor,0,0,0,0,0,0,0,0,0
1788909615.334651,1985370,pg_toast,pg_toast_1985363,0,0,0,0,0,0,0,0,0
1788909615.334651,1985505,pg_toast,pg_toast_1985496,0,0,0,0,0,0,0,0,0
1788909615.334651,1985264,public,customer,0,0,0,0,0,0,0,0,0
1788909615.334651,3118,pg_catalog,pg_foreign_table,0,0,0,0,0,0,0,0,0
1788909615.334651,1259,pg_catalog,pg_class,1,523,12,12,0,0,0,0,0
1788909615.334651,3350,pg_catalog,pg_partitioned_table,0,0,0,0,0,0,0,0,0
1788909615.334651,4153,pg_toast,pg_toast_3118,0,0,0,0,0,0,0,0,0
1788909615.334651,4060,pg_toast,pg_toast_3592,0,0,0,0,0,0,0,0,0
1788909615.334651,1985543,public,status_type,0,0,0,0,0,0,0,0,0
1788909615.334651,4165,pg_toast,pg_toast_3350,0,0,0,0,0,0,0,0,0
1788909615.334651,1985402,public,trade_request,0,0,0,0,0,0,0,0,0
1788909615.334651,2753,pg_catalog,pg_opfamily,0,0,2,2,0,0,0,0,0
1788909615.334651,3601,pg_catalog,pg_ts_parser,0,0,0,0,0,0,0,0,0
1788909615.334651,6104,pg_catalog,pg_publication,0,0,0,0,0,0,0,0,0
1788909615.334651,13477,pg_toast,pg_toast_13474,0,0,0,0,0,0,0,0,0
1788909615.334651,3429,pg_catalog,pg_statistic_ext_data,0,0,0,0,0,0,0,0,0
1788909615.334651,2619,pg_catalog,pg_statistic,0,0,17,8,0,0,0,0,0
1788909615.334651,4155,pg_toast,pg_toast_3394,0,0,0,0,0,0,0,0,0
1788909615.334651,1985548,public,taxrate,0,0,0,0,0,0,0,0,0
1788909615.334651,3381,pg_catalog,pg_statistic_ext,0,0,3,0,0,0,0,0,0
1788909615.334651,6106,pg_catalog,pg_publication_rel,0,0,0,0,0,0,0,0,0
1788909615.334651,1985372,public,trade,0,0,0,0,0,0,0,0,0
1788909615.334651,2605,pg_catalog,pg_cast,0,0,34,7,0,0,0,0,0
1788909615.334651,4171,pg_toast,pg_toast_1247,0,0,0,0,0,0,0,0,0
1788909615.334651,2830,pg_toast,pg_toast_2604,0,0,0,0,0,0,0,0,0
1788909615.334651,1985309,public,holding_summary,0,0,0,0,0,0,0,0,0
1788909615.334651,1985413,pg_toast,pg_toast_1985402,0,0,0,0,0,0,0,0,0
1788909615.334651,13479,information_schema,sql_implementation_info,0,0,,,0,0,0,0,0
1788909615.334651,1985341,pg_toast,pg_toast_1985335,0,0,0,0,0,0,0,0,0
1788909615.334651,6244,pg_toast,pg_toast_6243,0,0,0,0,0,0,0,0,0
1788909615.334651,1985315,public,watch_item,0,0,0,0,0,0,0,0,0
1788909615.334651,3430,pg_toast,pg_toast_3429,0,0,0,0,0,0,0,0,0
1788909615.334651,1985320,public,watch_list,0,0,0,0,0,0,0,0,0
1788909675.467807,1985536,pg_toast,pg_toast_1985517,0,0,0,0,0,0,0,0,0
1788909675.467807,3576,pg_catalog,pg_transform,0,0,0,0,0,0,0,0,0
1788909675.467807,2601,pg_catalog,pg_am,0,0,0,0,0,0,0,0,0
1788909675.467807,1985363,public,settlement,0,0,0,0,0,0,0,0,0
1788909675.467807,3394,pg_catalog,pg_init_privs,0,0,0,0,0,0,0,0,0
1788909675.467807,4167,pg_toast,pg_toast_3256,0,0,0,0,0,0,0,0,0
1788909675.467807,4151,pg_toast,pg_toast_1417,0,0,0,0,0,0,0,0,0
1788909675.467807,2834,pg_toast,pg_toast_2609,0,0,0,0,0,0,0,0,0
1788909675.467807,6000,pg_catalog,pg_replication_origin,0,0,0,0,0,0,0,0,0
1788909675.467807,2840,pg_toast,pg_toast_2619,0,0,0,0,0,0,0,0,0
1788909675.467807,1985486,public,last_trade,0,0,0,0,0,0,0,0,0
1788909675.467807,2328,pg_catalog,pg_foreign_data_wrapper,0,0,0,0,0,0,0,0,0
1788909675.467807,4157,pg_toast,pg_toast_2612,0,0,0,0,0,0,0,0,0
1788909675.467807,1260,pg_catalog,pg_authid,0,0,0,0,0,0,0,0,0
1788909675.467807,6102,pg_catalog,pg_subscription_rel,0,0,0,0,0,0,0,0,0
1788909675.467807,1214,pg_catalog,pg_shdepend,0,0,0,0,0,0,0,0,0
1788909675.467807,4163,pg_toast,pg_toast_2615,0,0,0,0,0,0,0,0,0
1788909675.467807,1985343,public,charge,0,0,0,0,0,0,0,0,0
1788909675.467807,1985440,public,daily_market,0,0,0,0,0,0,0,0,0
1788909675.467807,1985422,public,company,0,0,0,0,0,0,0,0,0
1788909675.467807,4169,pg_toast,pg_toast_3600,0,0,0,0,0,0,0,0,0
1788909675.467807,2615,pg_catalog,pg_namespace,1,4,5,2,0,0,0,0,0
1788909675.467807,2396,pg_catalog,pg_shdescription,0,0,0,0,0,0,0,0,0
1788909675.467807,3600,pg_catalog,pg_ts_dict,0,0,0,0,0,0,0,0,0
1788909675.467807,1985325,public,broker,0,0,0,0,0,0,0,0,0
1788909675.467807,3596,pg_catalog,pg_seclabel,0,0,0,0,0,0,0,0,0
1788909675.467807,1985460,public,financial,0,0,0,0,0,0,0,0,0
1788909675.467807,2609,pg_catalog,pg_description,0,0,0,0,0,0,0,0,0
1788909675.467807,1985351,public,commission_rate,0,0,0,0,0,0,0,0,0
1788909675.467807,13482,pg_toast,pg_toast_13479,0,0,0,0,0,0,0,0,0
1788909675.467807,1985396,public,trade_history,0,0,0,0,0,0,0,0,0
1788909675.467807,3603,pg_catalog,pg_ts_config_map,0,0,0,0,0,0,0,0,0
1788909675.467807,1213,pg_catalog,pg_tablespace,0,0,1,1,0,0,0,0,0
1788909675.467807,2608,pg_catalog,pg_depend,0,0,0,0,0,0,0,0,0
1788909675.467807,2964,pg_catalog,pg_db_role_setting,0,0,0,0,0,0,0,0,0
1788909675.467807,1985283,pg_toast,pg_toast_1985275,0,0,0,0,0,0,0,0,0
1788909675.467807,1418,pg_catalog,pg_user_mapping,0,0,0,0,0,0,0,0,0
1788909675.467807,2613,pg_catalog,pg_largeobject,0,0,0,0,0,0,0,0,0
1788909675.467807,6175,pg_toast,pg_toast_3456,0,0,0,0,0,0,0,0,0
1788909675.467807,1261,pg_catalog,pg_auth_members,0,0,0,0,0,0,0,0,0
1788909675.467807,1985335,public,cash_transaction,0,0,0,0,0,0,0,0,0
1788909675.467807,2617,pg_catalog,pg_operator,0,0,5,5,0,0,0,0,0
1788909675.467807,1985300,pg_toast,pg_toast_1985290,0,0,0,0,0,0,0,0,0
1788909675.467807,1985538,public,address,0,0,0,0,0,0,0,0,0
1788909675.467807,2610,pg_catalog,pg_index,1,221,11,14,0,0,0,0,0
1788909675.467807,1249,pg_catalog,pg_attribute,0,0,75,92,0,0,0,0,0
1788909675.467807,1985512,public,sector,0,0,0,0,0,0,0,0,0
1788909675.467807,1985415,public,trade_type,0,0,0,0,0,0,0,0,0
1788909675.467807,2600,pg_catalog,pg_aggregate,0,0,1,1,0,0,0,0,0
1788909675.467807,2966,pg_toast,pg_toast_2964,0,0,0,0,0,0,0,0,0
1788909675.467807,1985451,public,exchange,0,0,0,0,0,0,0,0,0
1788909675.467807,2618,pg_catalog,pg_rewrite,0,0,1,1,0,0,0,0,0
1788909675.467807,4177,pg_toast,pg_toast_1262,0,0,0,0,0,0,0,0,0
1788909675.467807,13484,information_schema,sql_parts,0,0,,,0,0,0,0,0
1788909675.467807,4159,pg_toast,pg_toast_2600,0,0,0,0,0,0,0,0,0
1788909675.467807,4147,pg_toast,pg_toast_3079,0,0,0,0,0,0,0,0,0
1788909675.467807,13474,information_schema,sql_features,0,0,,,0,0,0,0,0
1788909675.467807,1985394,pg_toast,pg_toast_1985372,0,0,0,0,0,0,0,0,0
1788909675.467807,1247,pg_catalog,pg_type,0,0,19,19,0,0,0,0,0
1788909675.467807,2602,pg_catalog,pg_amop,0,0,12,25,0,0,0,0,0
1788909675.467807,3439,pg_toast,pg_toast_3381,0,0,0,0,0,0,0,0,0
1788909675.467807,2846,pg_toast,pg_toast_2396,0,0,0,0,0,0,0,0,0
1788909675.467807,1985555,public,zip_code,0,0,0,0,0,0,0,0,0
1788909675.467807,1985478,pg_toast,pg_toast_1985460,0,0,0,0,0,0,0,0,0
1788909675.467807,4145,pg_toast,pg_toast_3466,0,0,0,0,0,0,0,0,0
1788909675.467807,3541,pg_catalog,pg_range,0,0,0,0,0,0,0,0,0
1788909675.467807,3602,pg_catalog,pg_ts_config,0,0,0,0,0,0,0,0,0
1788909675.467807,1985333,pg_toast,pg_toast_1985325,0,0,0,0,0,0,0,0,0
1788909675.467807,4183,pg_toast,pg_toast_6100,0,0,0,0,0,0,0,0,0
1788909675.467807,1985496,public,news_item,0,0,0,0,0,0,0,0,0
1788909675.467807,2224,pg_catalog,pg_sequence,0,0,0,0,0,0,0,0,0
1788909675.467807,2611,pg_catalog,pg_inherits,0,0,0,0,0,0,0,0,0
1788909675.467807,1417,pg_catalog,pg_foreign_server,0,0,0,0,0,0,0,0,0
1788909675.467807,1262,pg_catalog,pg_database,0,0,0,0,0,0,0,0,0
1788909675.467807,13492,pg_toast,pg_toast_13489,0,0,0,0,0,0,0,0,0
1788909675.467807,3501,pg_catalog,pg_enum,0,0,0,0,0,0,0,0,0
1788909675.467807,2607,pg_catalog,pg_conversion,0,0,0,0,0,0,0,0,0
1788909675.467807,1985449,pg_toast,pg_toast_1985440,0,0,0,0,0,0,0,0,0
1788909675.467807,826,pg_catalog,pg_default_acl,0,0,0,0,0,0,0,0,0
1788909675.467807,2604,pg_catalog,pg_attrdef,0,0,0,0,0,0,0,0,0
1788909675.467807,2336,pg_toast,pg_toast_2620,0,0,0,0,0,0,0,0,0
1788909675.467807,2603,pg_catalog,pg_amproc,0,0,5,11,0,0,0,0,0
1788909675.467807,2606,pg_catalog,pg_constraint,0,0,3,8,0,0,0,0,0
1788909675.467807,1255,pg_catalog,pg_proc,0,0,19,24,0,0,0,0,0
1788909675.467807,4173,pg_toast,pg_toast_1418,0,0,0,0,0,0,0,0,0
1788909675.467807,1985285,public,customer_taxrate,0,0,0,0,0,0,0,0,0
1788909675.467807,2620,pg_catalog,pg_trigger,0,0,0,0,0,0,0,0,0
1788909675.467807,1985256,public,account_permission,0,0,0,0,0,0,0,0,0
1788909675.467807,1985507,public,news_xref,0,0,0,0,0,0,0,0,0
1788909675.467807,1985480,public,industry,0,0,0,0,0,0,0,0,0
1788909675.467807,2612,pg_catalog,pg_language,0,0,0,0,0,0,0,0,0
1788909675.467807,4149,pg_toast,pg_toast_2328,0,0,0,0,0,0,0,0,0
1788909675.467807,6351,pg_toast,pg_toast_2610,0,0,0,0,0,0,0,0,0
1788909675.467807,13489,information_schema,sql_sizing,0,0,,,0,0,0,0,0
1788909675.467807,1985494,pg_toast,pg_toast_1985486,0,0,0,0,0,0,0,0,0
1788909675.467807,3598,pg_toast,pg_toast_3596,0,0,0,0,0,0,0,0,0
1788909675.467807,2836,pg_toast,pg_toast_1255,0,0,0,0,0,0,0,0,0
1788909675.467807,3456,pg_catalog,pg_collation,0,0,0,0,0,0,0,0,0
1788909675.467807,3079,pg_catalog,pg_extension,0,0,0,0,0,0,0,0,0
1788909675.467807,6100,pg_catalog,pg_subscription,0,0,0,0,0,0,0,0,0
1788909675.467807,2832,pg_toast,pg_toast_2606,0,0,0,0,0,0,0,0,0
1788909675.467807,3256,pg_catalog,pg_policy,0,0,0,0,0,0,0,0,0
1788909675.467807,1985302,public,holding_history,0,0,0,0,0,0,0,0,0
1788909675.467807,1985517,public,security,0,0,0,0,0,0,0,0,0
1788909675.467807,3466,pg_catalog,pg_event_trigger,0,0,0,0,0,0,0,0,0
1788909675.467807,3592,pg_catalog,pg_shseclabel,0,0,0,0,0,0,0,0,0
1788909675.467807,3764,pg_catalog,pg_ts_template,0,0,0,0,0,0,0,0,0
1788909675.467807,6237,pg_catalog,pg_publication_namespace,0,0,0,0,0,0,0,0,0
1788909675.467807,13487,pg_toast,pg_toast_13484,0,0,0,0,0,0,0,0,0
1788909675.467807,2995,pg_catalog,pg_largeobject_metadata,0,0,0,0,0,0,0,0,0
1788909675.467807,1985275,public,customer_account,0,0,0,0,0,0,0,0,0
1788909675.467807,4143,pg_toast,pg_toast_826,0,0,0,0,0,0,0,0,0
1788909675.467807,4185,pg_toast,pg_toast_1213,0,0,0,0,0,0,0,0,0
1788909675.467807,6243,pg_catalog,pg_parameter_acl,0,0,0,0,0,0,0,0,0
1788909675.467807,2616,pg_catalog,pg_opclass,0,0,8,134,0,0,0,0,0
1788909675.467807,1985290,public,holding,0,0,0,0,0,0,0,0,0
1788909675.467807,2838,pg_toast,pg_toast_2618,0,0,1,3,0,0,0,0,0
1788909675.467807,6228,pg_toast,pg_toast_6106,0,0,0,0,0,0,0,0,0
1788909675.467807,1985349,pg_toast,pg_toast_1985343,0,0,0,0,0,0,0,0,0
1788909675.467807,1985434,public,company_competitor,0,0,0,0,0,0,0,0,0
1788909675.467807,1985370,pg_toast,pg_toast_1985363,0,0,0,0,0,0,0,0,0
1788909675.467807,1985505,pg_toast,pg_toast_1985496,0,0,0,0,0,0,0,0,0
1788909675.467807,1985264,public,customer,0,0,0,0,0,0,0,0,0
1788909675.467807,3118,pg_catalog,pg_foreign_table,0,0,0,0,0,0,0,0,0
1788909675.467807,1259,pg_catalog,pg_class,1,523,12,12,0,0,0,0,0
1788909675.467807,3350,pg_catalog,pg_partitioned_table,0,0,0,0,0,0,0,0,0
1788909675.467807,4153,pg_toast,pg_toast_3118,0,0,0,0,0,0,0,0,0
1788909675.467807,4060,pg_toast,pg_toast_3592,0,0,0,0,0,0,0,0,0
1788909675.467807,1985543,public,status_type,0,0,0,0,0,0,0,0,0
1788909675.467807,4165,pg_toast,pg_toast_3350,0,0,0,0,0,0,0,0,0
1788909675.467807,1985402,public,trade_request,0,0,0,0,0,0,0,0,0
1788909675.467807,2753,pg_catalog,pg_opfamily,0,0,2,2,0,0,0,0,0
1788909675.467807,3601,pg_catalog,pg_ts_parser,0,0,0,0,0,0,0,0,0
1788909675.467807,6104,pg_catalog,pg_publication,0,0,0,0,0,0,0,0,0
1788909675.467807,13477,pg_toast,pg_toast_13474,0,0,0,0,0,0,0,0,0
1788909675.467807,3429,pg_catalog,pg_statistic_ext_data,0,0,0,0,0,0,0,0,0
1788909675.467807,2619,pg_catalog,pg_statistic,0,0,17,8,0,0,0,0,0
1788909675.467807,4155,pg_toast,pg_toast_3394,0,0,0,0,0,0,0,0,0
1788909675.467807,1985548,public,taxrate,0,0,0,0,0,0,0,0,0
1788909675.467807,3381,pg_catalog,pg_statistic_ext,0,0,3,0,0,0,0,0,0
1788909675.467807,6106,pg_catalog,pg_publication_rel,0,0,0,0,0,0,0,0,0
1788909675.467807,1985372,public,trade,0,0,0,0,0,0,0,0,0
1788909675.467807,2605,pg_catalog,pg_cast,0,0,34,7,0,0,0,0,0
1788909675.467807,4171,pg_toast,pg_toast_1247,0,0,0,0,0,0,0,0,0
1788909675.467807,2830,pg_toast,pg_toast_2604,0,0,0,0,0,0,0,0,0
1788909675.467807,1985309,public,holding_summary,0,0,0,0,0,0,0,0,0
1788909675.467807,1985413,pg_toast,pg_toast_1985402,0,0,0,0,0,0,0,0,0
1788909675.467807,13479,information_schema,sql_implementation_info,0,0,,,0,0,0,0,0
1788909675.467807,1985341,pg_toast,pg_toast_1985335,0,0,0,0,0,0,0,0,0
1788909675.467807,6244,pg_toast,pg_toast_6243,0,0,0,0,0,0,0,0,0
1788909675.467807,1985315,public,watch_item,0,0,0,0,0,0,0,0,0
1788909675.467807,3430,pg_toast,pg_toast_3429,0,0,0,0,0,0,0,0,0
1788909675.467807,1985320,public,watch_list,0,0,0,0,0,0,0,0,0
1788909735.582092,1985536,pg_toast,pg_toast_1985517,0,0,0,0,0,0,0,0,0
1788909735.582092,3576,pg_catalog,pg_transform,0,0,0,0,0,0,0,0,0
1788909735.582092,2601,pg_catalog,pg_am,0,0,0,0,0,0,0,0,0
1788909735.582092,1985363,public,settlement,0,0,0,0,0,0,0,0,0
1788909735.582092,3394,pg_catalog,pg_init_privs,0,0,0,0,0,0,0,0,0
1788909735.582092,4167,pg_toast,pg_toast_3256,0,0,0,0,0,0,0,0,0
1788909735.582092,4151,pg_toast,pg_toast_1417,0,0,0,0,0,0,0,0,0
1788909735.582092,2834,pg_toast,pg_toast_2609,0,0,0,0,0,0,0,0,0
1788909735.582092,6000,pg_catalog,pg_replication_origin,0,0,0,0,0,0,0,0,0
1788909735.582092,2840,pg_toast,pg_toast_2619,0,0,0,0,0,0,0,0,0
1788909735.582092,1985486,public,last_trade,0,0,0,0,0,0,0,0,0
1788909735.582092,2328,pg_catalog,pg_foreign_data_wrapper,0,0,0,0,0,0,0,0,0
1788909735.582092,4157,pg_toast,pg_toast_2612,0,0,0,0,0,0,0,0,0
1788909735.582092,1260,pg_catalog,pg_authid,0,0,0,0,0,0,0,0,0
1788909735.582092,6102,pg_catalog,pg_subscription_rel,0,0,0,0,0,0,0,0,0
1788909735.582092,1214,pg_catalog,pg_shdepend,0,0,0,0,0,0,0,0,0
1788909735.582092,4163,pg_toast,pg_toast_2615,0,0,0,0,0,0,0,0,0
1788909735.582092,1985343,public,charge,0,0,0,0,0,0,0,0,0
1788909735.582092,1985440,public,daily_market,0,0,0,0,0,0,0,0,0
1788909735.582092,1985422,public,company,0,0,0,0,0,0,0,0,0
1788909735.582092,4169,pg_toast,pg_toast_3600,0,0,0,0,0,0,0,0,0
1788909735.582092,2615,pg_catalog,pg_namespace,1,4,5,2,0,0,0,0,0
1788909735.582092,2396,pg_catalog,pg_shdescription,0,0,0,0,0,0,0,0,0
1788909735.582092,3600,pg_catalog,pg_ts_dict,0,0,0,0,0,0,0,0,0
1788909735.582092,1985325,public,broker,0,0,0,0,0,0,0,0,0
1788909735.582092,3596,pg_catalog,pg_seclabel,0,0,0,0,0,0,0,0,0
1788909735.582092,1985460,public,financial,0,0,0,0,0,0,0,0,0
1788909735.582092,2609,pg_catalog,pg_description,0,0,0,0,0,0,0,0,0
1788909735.582092,1985351,public,commission_rate,0,0,0,0,0,0,0,0,0
1788909735.582092,13482,pg_toast,pg_toast_13479,0,0,0,0,0,0,0,0,0
1788909735.582092,1985396,public,trade_history,0,0,0,0,0,0,0,0,0
1788909735.582092,3603,pg_catalog,pg_ts_config_map,0,0,0,0,0,0,0,0,0
1788909735.582092,1213,pg_catalog,pg_tablespace,0,0,1,1,0,0,0,0,0
1788909735.582092,2608,pg_catalog,pg_depend,0,0,0,0,0,0,0,0,0
1788909735.582092,2964,pg_catalog,pg_db_role_setting,0,0,0,0,0,0,0,0,0
1788909735.582092,1985283,pg_toast,pg_toast_1985275,0,0,0,0,0,0,0,0,0
1788909735.582092,1418,pg_catalog,pg_user_mapping,0,0,0,0,0,0,0,0,0
1788909735.582092,2613,pg_catalog,pg_largeobject,0,0,0,0,0,0,0,0,0
1788909735.582092,6175,pg_toast,pg_toast_3456,0,0,0,0,0,0,0,0,0
1788909735.582092,1261,pg_catalog,pg_auth_members,0,0,0,0,0,0,0,0,0
1788909735.582092,1985335,public,cash_transaction,0,0,0,0,0,0,0,0,0
1788909735.582092,2617,pg_catalog,pg_operator,0,0,5,5,0,0,0,0,0
1788909735.582092,1985300,pg_toast,pg_toast_1985290,0,0,0,0,0,0,0,0,0
1788909735.582092,1985538,public,address,0,0,0,0,0,0,0,0,0
1788909735.582092,2610,pg_catalog,pg_index,1,221,11,14,0,0,0,0,0
1788909735.582092,1249,pg_catalog,pg_attribute,0,0,75,92,0,0,0,0,0
1788909735.582092,1985512,public,sector,0,0,0,0,0,0,0,0,0
1788909735.582092,1985415,public,trade_type,0,0,0,0,0,0,0,0,0
1788909735.582092,2600,pg_catalog,pg_aggregate,0,0,1,1,0,0,0,0,0
1788909735.582092,2966,pg_toast,pg_toast_2964,0,0,0,0,0,0,0,0,0
1788909735.582092,1985451,public,exchange,0,0,0,0,0,0,0,0,0
1788909735.582092,2618,pg_catalog,pg_rewrite,0,0,1,1,0,0,0,0,0
1788909735.582092,4177,pg_toast,pg_toast_1262,0,0,0,0,0,0,0,0,0
1788909735.582092,13484,information_schema,sql_parts,0,0,,,0,0,0,0,0
1788909735.582092,4159,pg_toast,pg_toast_2600,0,0,0,0,0,0,0,0,0
1788909735.582092,4147,pg_toast,pg_toast_3079,0,0,0,0,0,0,0,0,0
1788909735.582092,13474,information_schema,sql_features,0,0,,,0,0,0,0,0
1788909735.582092,1985394,pg_toast,pg_toast_1985372,0,0,0,0,0,0,0,0,0
1788909735.582092,1247,pg_catalog,pg_type,0,0,19,19,0,0,0,0,0
1788909735.582092,2602,pg_catalog,pg_amop,0,0,12,25,0,0,0,0,0
1788909735.582092,3439,pg_toast,pg_toast_3381,0,0,0,0,0,0,0,0,0
1788909735.582092,2846,pg_toast,pg_toast_2396,0,0,0,0,0,0,0,0,0
1788909735.582092,1985555,public,zip_code,0,0,0,0,0,0,0,0,0
1788909735.582092,1985478,pg_toast,pg_toast_1985460,0,0,0,0,0,0,0,0,0
1788909735.582092,4145,pg_toast,pg_toast_3466,0,0,0,0,0,0,0,0,0
1788909735.582092,3541,pg_catalog,pg_range,0,0,0,0,0,0,0,0,0
1788909735.582092,3602,pg_catalog,pg_ts_config,0,0,0,0,0,0,0,0,0
1788909735.582092,1985333,pg_toast,pg_toast_1985325,0,0,0,0,0,0,0,0,0
1788909735.582092,4183,pg_toast,pg_toast_6100,0,0,0,0,0,0,0,0,0
1788909735.582092,1985496,public,news_item,0,0,0,0,0,0,0,0,0
1788909735.582092,2224,pg_catalog,pg_sequence,0,0,0,0,0,0,0,0,0
1788909735.582092,2611,pg_catalog,pg_inherits,0,0,0,0,0,0,0,0,0
1788909735.582092,1417,pg_catalog,pg_foreign_server,0,0,0,0,0,0,0,0,0
1788909735.582092,1262,pg_catalog,pg_database,0,0,0,0,0,0,0,0,0
1788909735.582092,13492,pg_toast,pg_toast_13489,0,0,0,0,0,0,0,0,0
1788909735.582092,3501,pg_catalog,pg_enum,0,0,0,0,0,0,0,0,0
1788909735.582092,2607,pg_catalog,pg_conversion,0,0,0,0,0,0,0,0,0
1788909735.582092,1985449,pg_toast,pg_toast_1985440,0,0,0,0,0,0,0,0,0
1788909735.582092,826,pg_catalog,pg_default_acl,0,0,0,0,0,0,0,0,0
1788909735.582092,2604,pg_catalog,pg_attrdef,0,0,0,0,0,0,0,0,0
1788909735.582092,2336,pg_toast,pg_toast_2620,0,0,0,0,0,0,0,0,0
1788909735.582092,2603,pg_catalog,pg_amproc,0,0,5,11,0,0,0,0,0
1788909735.582092,2606,pg_catalog,pg_constraint,0,0,3,8,0,0,0,0,0
1788909735.582092,1255,pg_catalog,pg_proc,0,0,19,24,0,0,0,0,0
1788909735.582092,4173,pg_toast,pg_toast_1418,0,0,0,0,0,0,0,0,0
1788909735.582092,1985285,public,customer_taxrate,0,0,0,0,0,0,0,0,0
1788909735.582092,2620,pg_catalog,pg_trigger,0,0,0,0,0,0,0,0,0
1788909735.582092,1985256,public,account_permission,0,0,0,0,0,0,0,0,0
1788909735.582092,1985507,public,news_xref,0,0,0,0,0,0,0,0,0
1788909735.582092,1985480,public,industry,0,0,0,0,0,0,0,0,0
1788909735.582092,2612,pg_catalog,pg_language,0,0,0,0,0,0,0,0,0
1788909735.582092,4149,pg_toast,pg_toast_2328,0,0,0,0,0,0,0,0,0
1788909735.582092,6351,pg_toast,pg_toast_2610,0,0,0,0,0,0,0,0,0
1788909735.582092,13489,information_schema,sql_sizing,0,0,,,0,0,0,0,0
1788909735.582092,1985494,pg_toast,pg_toast_1985486,0,0,0,0,0,0,0,0,0
1788909735.582092,3598,pg_toast,pg_toast_3596,0,0,0,0,0,0,0,0,0
1788909735.582092,2836,pg_toast,pg_toast_1255,0,0,0,0,0,0,0,0,0
1788909735.582092,3456,pg_catalog,pg_collation,0,0,0,0,0,0,0,0,0
1788909735.582092,3079,pg_catalog,pg_extension,0,0,0,0,0,0,0,0,0
1788909735.582092,6100,pg_catalog,pg_subscription,0,0,0,0,0,0,0,0,0
1788909735.582092,2832,pg_toast,pg_toast_2606,0,0,0,0,0,0,0,0,0
1788909735.582092,3256,pg_catalog,pg_policy,0,0,0,0,0,0,0,0,0
1788909735.582092,1985302,public,holding_history,0,0,0,0,0,0,0,0,0
1788909735.582092,1985517,public,security,0,0,0,0,0,0,0,0,0
1788909735.582092,3466,pg_catalog,pg_event_trigger,0,0,0,0,0,0,0,0,0
1788909735.582092,3592,pg_catalog,pg_shseclabel,0,0,0,0,0,0,0,0,0
1788909735.582092,3764,pg_catalog,pg_ts_template,0,0,0,0,0,0,0,0,0
1788909735.582092,6237,pg_catalog,pg_publication_namespace,0,0,0,0,0,0,0,0,0
1788909735.582092,13487,pg_toast,pg_toast_13484,0,0,0,0,0,0,0,0,0
1788909735.582092,2995,pg_catalog,pg_largeobject_metadata,0,0,0,0,0,0,0,0,0
1788909735.582092,1985275,public,customer_account,0,0,0,0,0,0,0,0,0
1788909735.582092,4143,pg_toast,pg_toast_826,0,0,0,0,0,0,0,0,0
1788909735.582092,4185,pg_toast,pg_toast_1213,0,0,0,0,0,0,0,0,0
1788909735.582092,6243,pg_catalog,pg_parameter_acl,0,0,0,0,0,0,0,0,0
1788909735.582092,2616,pg_catalog,pg_opclass,0,0,8,134,0,0,0,0,0
1788909735.582092,1985290,public,holding,0,0,0,0,0,0,0,0,0
1788909735.582092,2838,pg_toast,pg_toast_2618,0,0,1,3,0,0,0,0,0
1788909735.582092,6228,pg_toast,pg_toast_6106,0,0,0,0,0,0,0,0,0
1788909735.582092,1985349,pg_toast,pg_toast_1985343,0,0,0,0,0,0,0,0,0
1788909735.582092,1985434,public,company_competitor,0,0,0,0,0,0,0,0,0
1788909735.582092,1985370,pg_toast,pg_toast_1985363,0,0,0,0,0,0,0,0,0
1788909735.582092,1985505,pg_toast,pg_toast_1985496,0,0,0,0,0,0,0,0,0
1788909735.582092,1985264,public,customer,0,0,0,0,0,0,0,0,0
1788909735.582092,3118,pg_catalog,pg_foreign_table,0,0,0,0,0,0,0,0,0
1788909735.582092,1259,pg_catalog,pg_class,1,523,12,12,0,0,0,0,0
1788909735.582092,3350,pg_catalog,pg_partitioned_table,0,0,0,0,0,0,0,0,0
1788909735.582092,4153,pg_toast,pg_toast_3118,0,0,0,0,0,0,0,0,0
1788909735.582092,4060,pg_toast,pg_toast_3592,0,0,0,0,0,0,0,0,0
1788909735.582092,1985543,public,status_type,0,0,0,0,0,0,0,0,0
1788909735.582092,4165,pg_toast,pg_toast_3350,0,0,0,0,0,0,0,0,0
1788909735.582092,1985402,public,trade_request,0,0,0,0,0,0,0,0,0
1788909735.582092,2753,pg_catalog,pg_opfamily,0,0,2,2,0,0,0,0,0
1788909735.582092,3601,pg_catalog,pg_ts_parser,0,0,0,0,0,0,0,0,0
1788909735.582092,6104,pg_catalog,pg_publication,0,0,0,0,0,0,0,0,0
1788909735.582092,13477,pg_toast,pg_toast_13474,0,0,0,0,0,0,0,0,0
1788909735.582092,3429,pg_catalog,pg_statistic_ext_data,0,0,0,0,0,0,0,0,0
1788909735.582092,2619,pg_catalog,pg_statistic,0,0,17,8,0,0,0,0,0
1788909735.582092,4155,pg_toast,pg_toast_3394,0,0,0,0,0,0,0,0,0
1788909735.582092,1985548,public,taxrate,0,0,0,0,0,0,0,0,0
1788909735.582092,3381,pg_catalog,pg_statistic_ext,0,0,3,0,0,0,0,0,0
1788909735.582092,6106,pg_catalog,pg_publication_rel,0,0,0,0,0,0,0,0,0
1788909735.582092,1985372,public,trade,0,0,0,0,0,0,0,0,0
1788909735.582092,2605,pg_catalog,pg_cast,0,0,34,7,0,0,0,0,0
1788909735.582092,4171,pg_toast,pg_toast_1247,0,0,0,0,0,0,0,0,0
1788909735.582092,2830,pg_toast,pg_toast_2604,0,0,0,0,0,0,0,0,0
1788909735.582092,1985309,public,holding_summary,0,0,0,0,0,0,0,0,0
1788909735.582092,1985413,pg_toast,pg_toast_1985402,0,0,0,0,0,0,0,0,0
1788909735.582092,13479,information_schema,sql_implementation_info,0,0,,,0,0,0,0,0
1788909735.582092,1985341,pg_toast,pg_toast_1985335,0,0,0,0,0,0,0,0,0
1788909735.582092,6244,pg_toast,pg_toast_6243,0,0,0,0,0,0,0,0,0
1788909735.582092,1985315,public,watch_item,0,0,0,0,0,0,0,0,0
1788909735.582092,3430,pg_toast,pg_toast_3429,0,0,0,0,0,0,0,0,0
1788909735.582092,1985320,public,watch_list,0,0,0,0,0,0,0,0,0
1788909795.694933,1985536,pg_toast,pg_toast_1985517,0,0,0,0,0,0,0,0,0
1788909795.694933,3576,pg_catalog,pg_transform,0,0,0,0,0,0,0,0,0
1788909795.694933,2601,pg_catalog,pg_am,0,0,0,0,0,0,0,0,0
1788909795.694933,1985363,public,settlement,0,0,0,0,0,0,0,0,0
1788909795.694933,3394,pg_catalog,pg_init_privs,0,0,0,0,0,0,0,0,0
1788909795.694933,4167,pg_toast,pg_toast_3256,0,0,0,0,0,0,0,0,0
1788909795.694933,4151,pg_toast,pg_toast_1417,0,0,0,0,0,0,0,0,0
1788909795.694933,2834,pg_toast,pg_toast_2609,0,0,0,0,0,0,0,0,0
1788909795.694933,6000,pg_catalog,pg_replication_origin,0,0,0,0,0,0,0,0,0
1788909795.694933,2840,pg_toast,pg_toast_2619,0,0,0,0,0,0,0,0,0
1788909795.694933,1985486,public,last_trade,0,0,0,0,0,0,0,0,0
1788909795.694933,2328,pg_catalog,pg_foreign_data_wrapper,0,0,0,0,0,0,0,0,0
1788909795.694933,4157,pg_toast,pg_toast_2612,0,0,0,0,0,0,0,0,0
1788909795.694933,1260,pg_catalog,pg_authid,0,0,0,0,0,0,0,0,0
1788909795.694933,6102,pg_catalog,pg_subscription_rel,0,0,0,0,0,0,0,0,0
1788909795.694933,1214,pg_catalog,pg_shdepend,0,0,0,0,0,0,0,0,0
1788909795.694933,4163,pg_toast,pg_toast_2615,0,0,0,0,0,0,0,0,0
1788909795.694933,1985343,public,charge,0,0,0,0,0,0,0,0,0
1788909795.694933,1985440,public,daily_market,0,0,0,0,0,0,0,0,0
1788909795.694933,1985422,public,company,0,0,0,0,0,0,0,0,0
1788909795.694933,4169,pg_toast,pg_toast_3600,0,0,0,0,0,0,0,0,0
1788909795.694933,2615,pg_catalog,pg_namespace,1,4,5,2,0,0,0,0,0
1788909795.694933,2396,pg_catalog,pg_shdescription,0,0,0,0,0,0,0,0,0
1788909795.694933,3600,pg_catalog,pg_ts_dict,0,0,0,0,0,0,0,0,0
1788909795.694933,1985325,public,broker,0,0,0,0,0,0,0,0,0
1788909795.694933,3596,pg_catalog,pg_seclabel,0,0,0,0,0,0,0,0,0
1788909795.694933,1985460,public,financial,0,0,0,0,0,0,0,0,0
1788909795.694933,2609,pg_catalog,pg_description,0,0,0,0,0,0,0,0,0
1788909795.694933,1985351,public,commission_rate,0,0,0,0,0,0,0,0,0
1788909795.694933,13482,pg_toast,pg_toast_13479,0,0,0,0,0,0,0,0,0
1788909795.694933,1985396,public,trade_history,0,0,0,0,0,0,0,0,0
1788909795.694933,3603,pg_catalog,pg_ts_config_map,0,0,0,0,0,0,0,0,0
1788909795.694933,1213,pg_catalog,pg_tablespace,0,0,1,1,0,0,0,0,0
1788909795.694933,2608,pg_catalog,pg_depend,0,0,0,0,0,0,0,0,0
1788909795.694933,2964,pg_catalog,pg_db_role_setting,0,0,0,0,0,0,0,0,0
1788909795.694933,1985283,pg_toast,pg_toast_1985275,0,0,0,0,0,0,0,0,0
1788909795.694933,1418,pg_catalog,pg_user_mapping,0,0,0,0,0,0,0,0,0
1788909795.694933,2613,pg_catalog,pg_largeobject,0,0,0,0,0,0,0,0,0
1788909795.694933,6175,pg_toast,pg_toast_3456,0,0,0,0,0,0,0,0,0
1788909795.694933,1261,pg_catalog,pg_auth_members,0,0,0,0,0,0,0,0,0
1788909795.694933,1985335,public,cash_transaction,0,0,0,0,0,0,0,0,0
1788909795.694933,2617,pg_catalog,pg_operator,0,0,5,5,0,0,0,0,0
1788909795.694933,1985300,pg_toast,pg_toast_1985290,0,0,0,0,0,0,0,0,0
1788909795.694933,1985538,public,address,0,0,0,0,0,0,0,0,0
1788909795.694933,2610,pg_catalog,pg_index,1,221,11,14,0,0,0,0,0
1788909795.694933,1249,pg_catalog,pg_attribute,0,0,75,92,0,0,0,0,0
1788909795.694933,1985512,public,sector,0,0,0,0,0,0,0,0,0
1788909795.694933,1985415,public,trade_type,0,0,0,0,0,0,0,0,0
1788909795.694933,2600,pg_catalog,pg_aggregate,0,0,1,1,0,0,0,0,0
1788909795.694933,2966,pg_toast,pg_toast_2964,0,0,0,0,0,0,0,0,0
1788909795.694933,1985451,public,exchange,0,0,0,0,0,0,0,0,0
1788909795.694933,2618,pg_catalog,pg_rewrite,0,0,1,1,0,0,0,0,0
1788909795.694933,4177,pg_toast,pg_toast_1262,0,0,0,0,0,0,0,0,0
1788909795.694933,13484,information_schema,sql_parts,0,0,,,0,0,0,0,0
1788909795.694933,4159,pg_toast,pg_toast_2600,0,0,0,0,0,0,0,0,0
1788909795.694933,4147,pg_toast,pg_toast_3079,0,0,0,0,0,0,0,0,0
1788909795.694933,13474,information_schema,sql_features,0,0,,,0,0,0,0,0
1788909795.694933,1985394,pg_toast,pg_toast_1985372,0,0,0,0,0,0,0,0,0
1788909795.694933,1247,pg_catalog,pg_type,0,0,19,19,0,0,0,0,0
1788909795.694933,2602,pg_catalog,pg_amop,0,0,12,25,0,0,0,0,0
1788909795.694933,3439,pg_toast,pg_toast_3381,0,0,0,0,0,0,0,0,0
1788909795.694933,2846,pg_toast,pg_toast_2396,0,0,0,0,0,0,0,0,0
1788909795.694933,1985555,public,zip_code,0,0,0,0,0,0,0,0,0
1788909795.694933,1985478,pg_toast,pg_toast_1985460,0,0,0,0,0,0,0,0,0
1788909795.694933,4145,pg_toast,pg_toast_3466,0,0,0,0,0,0,0,0,0
1788909795.694933,3541,pg_catalog,pg_range,0,0,0,0,0,0,0,0,0
1788909795.694933,3602,pg_catalog,pg_ts_config,0,0,0,0,0,0,0,0,0
1788909795.694933,1985333,pg_toast,pg_toast_1985325,0,0,0,0,0,0,0,0,0
1788909795.694933,4183,pg_toast,pg_toast_6100,0,0,0,0,0,0,0,0,0
1788909795.694933,1985496,public,news_item,0,0,0,0,0,0,0,0,0
1788909795.694933,2224,pg_catalog,pg_sequence,0,0,0,0,0,0,0,0,0
1788909795.694933,2611,pg_catalog,pg_inherits,0,0,0,0,0,0,0,0,0
1788909795.694933,1417,pg_catalog,pg_foreign_server,0,0,0,0,0,0,0,0,0
1788909795.694933,1262,pg_catalog,pg_database,0,0,0,0,0,0,0,0,0
1788909795.694933,13492,pg_toast,pg_toast_13489,0,0,0,0,0,0,0,0,0
1788909795.694933,3501,pg_catalog,pg_enum,0,0,0,0,0,0,0,0,0
1788909795.694933,2607,pg_catalog,pg_conversion,0,0,0,0,0,0,0,0,0
1788909795.694933,1985449,pg_toast,pg_toast_1985440,0,0,0,0,0,0,0,0,0
1788909795.694933,826,pg_catalog,pg_default_acl,0,0,0,0,0,0,0,0,0
1788909795.694933,2604,pg_catalog,pg_attrdef,0,0,0,0,0,0,0,0,0
1788909795.694933,2336,pg_toast,pg_toast_2620,0,0,0,0,0,0,0,0,0
1788909795.694933,2603,pg_catalog,pg_amproc,0,0,5,11,0,0,0,0,0
1788909795.694933,2606,pg_catalog,pg_constraint,0,0,3,8,0,0,0,0,0
1788909795.694933,1255,pg_catalog,pg_proc,0,0,19,24,0,0,0,0,0
1788909795.694933,4173,pg_toast,pg_toast_1418,0,0,0,0,0,0,0,0,0
1788909795.694933,1985285,public,customer_taxrate,0,0,0,0,0,0,0,0,0
1788909795.694933,2620,pg_catalog,pg_trigger,0,0,0,0,0,0,0,0,0
1788909795.694933,1985256,public,account_permission,0,0,0,0,0,0,0,0,0
1788909795.694933,1985507,public,news_xref,0,0,0,0,0,0,0,0,0
1788909795.694933,1985480,public,industry,0,0,0,0,0,0,0,0,0
1788909795.694933,2612,pg_catalog,pg_language,0,0,0,0,0,0,0,0,0
1788909795.694933,4149,pg_toast,pg_toast_2328,0,0,0,0,0,0,0,0,0
1788909795.694933,6351,pg_toast,pg_toast_2610,0,0,0,0,0,0,0,0,0
1788909795.694933,13489,information_schema,sql_sizing,0,0,,,0,0,0,0,0
1788909795.694933,1985494,pg_toast,pg_toast_1985486,0,0,0,0,0,0,0,0,0
1788909795.694933,3598,pg_toast,pg_toast_3596,0,0,0,0,0,0,0,0,0
1788909795.694933,2836,pg_toast,pg_toast_1255,0,0,0,0,0,0,0,0,0
1788909795.694933,3456,pg_catalog,pg_collation,0,0,0,0,0,0,0,0,0
1788909795.694933,3079,pg_catalog,pg_extension,0,0,0,0,0,0,0,0,0
1788909795.694933,6100,pg_catalog,pg_subscription,0,0,0,0,0,0,0,0,0
1788909795.694933,2832,pg_toast,pg_toast_2606,0,0,0,0,0,0,0,0,0
1788909795.694933,3256,pg_catalog,pg_policy,0,0,0,0,0,0,0,0,0
1788909795.694933,1985302,public,holding_history,0,0,0,0,0,0,0,0,0
1788909795.694933,1985517,public,security,0,0,0,0,0,0,0,0,0
1788909795.694933,3466,pg_catalog,pg_event_trigger,0,0,0,0,0,0,0,0,0
1788909795.694933,3592,pg_catalog,pg_shseclabel,0,0,0,0,0,0,0,0,0
1788909795.694933,3764,pg_catalog,pg_ts_template,0,0,0,0,0,0,0,0,0
1788909795.694933,6237,pg_catalog,pg_publication_namespace,0,0,0,0,0,0,0,0,0
1788909795.694933,13487,pg_toast,pg_toast_13484,0,0,0,0,0,0,0,0,0
1788909795.694933,2995,pg_catalog,pg_largeobject_metadata,0,0,0,0,0,0,0,0,0
1788909795.694933,1985275,public,customer_account,0,0,0,0,0,0,0,0,0
1788909795.694933,4143,pg_toast,pg_toast_826,0,0,0,0,0,0,0,0,0
1788909795.694933,4185,pg_toast,pg_toast_1213,0,0,0,0,0,0,0,0,0
1788909795.694933,6243,pg_catalog,pg_parameter_acl,0,0,0,0,0,0,0,0,0
1788909795.694933,2616,pg_catalog,pg_opclass,0,0,8,134,0,0,0,0,0
1788909795.694933,1985290,public,holding,0,0,0,0,0,0,0,0,0
1788909795.694933,2838,pg_toast,pg_toast_2618,0,0,1,3,0,0,0,0,0
1788909795.694933,6228,pg_toast,pg_toast_6106,0,0,0,0,0,0,0,0,0
1788909795.694933,1985349,pg_toast,pg_toast_1985343,0,0,0,0,0,0,0,0,0
1788909795.694933,1985434,public,company_competitor,0,0,0,0,0,0,0,0,0
1788909795.694933,1985370,pg_toast,pg_toast_1985363,0,0,0,0,0,0,0,0,0
1788909795.694933,1985505,pg_toast,pg_toast_1985496,0,0,0,0,0,0,0,0,0
1788909795.694933,1985264,public,customer,0,0,0,0,0,0,0,0,0
1788909795.694933,3118,pg_catalog,pg_foreign_table,0,0,0,0,0,0,0,0,0
1788909795.694933,1259,pg_catalog,pg_class,1,523,12,12,0,0,0,0,0
1788909795.694933,3350,pg_catalog,pg_partitioned_table,0,0,0,0,0,0,0,0,0
1788909795.694933,4153,pg_toast,pg_toast_3118,0,0,0,0,0,0,0,0,0
1788909795.694933,4060,pg_toast,pg_toast_3592,0,0,0,0,0,0,0,0,0
1788909795.694933,1985543,public,status_type,0,0,0,0,0,0,0,0,0
1788909795.694933,4165,pg_toast,pg_toast_3350,0,0,0,0,0,0,0,0,0
1788909795.694933,1985402,public,trade_request,0,0,0,0,0,0,0,0,0
1788909795.694933,2753,pg_catalog,pg_opfamily,0,0,2,2,0,0,0,0,0
1788909795.694933,3601,pg_catalog,pg_ts_parser,0,0,0,0,0,0,0,0,0
1788909795.694933,6104,pg_catalog,pg_publication,0,0,0,0,0,0,0,0,0
1788909795.694933,13477,pg_toast,pg_toast_13474,0,0,0,0,0,0,0,0,0
1788909795.694933,3429,pg_catalog,pg_statistic_ext_data,0,0,0,0,0,0,0,0,0
1788909795.694933,2619,pg_catalog,pg_statistic,0,0,17,8,0,0,0,0,0
1788909795.694933,4155,pg_toast,pg_toast_3394,0,0,0,0,0,0,0,0,0
1788909795.694933,1985548,public,taxrate,0,0,0,0,0,0,0,0,0
1788909795.694933,3381,pg_catalog,pg_statistic_ext,0,0,3,0,0,0,0,0,0
1788909795.694933,6106,pg_catalog,pg_publication_rel,0,0,0,0,0,0,0,0,0
1788909795.694933,1985372,public,trade,0,0,0,0,0,0,0,0,0
1788909795.694933,2605,pg_catalog,pg_cast,0,0,34,7,0,0,0,0,0
1788909795.694933,4171,pg_toast,pg_toast_1247,0,0,0,0,0,0,0,0,0
1788909795.694933,2830,pg_toast,pg_toast_2604,0,0,0,0,0,0,0,0,0
1788909795.694933,1985309,public,holding_summary,0,0,0,0,0,0,0,0,0
1788909795.694933,1985413,pg_toast,pg_toast_1985402,0,0,0,0,0,0,0,0,0
1788909795.694933,13479,information_schema,sql_implementation_info,0,0,,,0,0,0,0,0
1788909795.694933,1985341,pg_toast,pg_toast_1985335,0,0,0,0,0,0,0,0,0
1788909795.694933,6244,pg_toast,pg_toast_6243,0,0,0,0,0,0,0,0,0
1788909795.694933,1985315,public,watch_item,0,0,0,0,0,0,0,0,0
1788909795.694933,3430,pg_toast,pg_toast_3429,0,0,0,0,0,0,0,0,0
1788909795.694933,1985320,public,watch_list,0,0,0,0,0,0,0,0,0
1788909855.802939,1985536,pg_toast,pg_toast_1985517,0,0,0,0,0,0,0,0,0
1788909855.802939,3576,pg_catalog,pg_transform,0,0,0,0,0,0,0,0,0
1788909855.802939,2601,pg_catalog,pg_am,0,0,0,0,0,0,0,0,0
1788909855.802939,1985363,public,settlement,0,0,0,0,0,0,0,0,0
1788909855.802939,3394,pg_catalog,pg_init_privs,0,0,0,0,0,0,0,0,0
1788909855.802939,4167,pg_toast,pg_toast_3256,0,0,0,0,0,0,0,0,0
1788909855.802939,4151,pg_toast,pg_toast_1417,0,0,0,0,0,0,0,0,0
1788909855.802939,2834,pg_toast,pg_toast_2609,0,0,0,0,0,0,0,0,0
1788909855.802939,6000,pg_catalog,pg_replication_origin,0,0,0,0,0,0,0,0,0
1788909855.802939,2840,pg_toast,pg_toast_2619,0,0,0,0,0,0,0,0,0
1788909855.802939,1985486,public,last_trade,0,0,0,0,0,0,0,0,0
1788909855.802939,2328,pg_catalog,pg_foreign_data_wrapper,0,0,0,0,0,0,0,0,0
1788909855.802939,4157,pg_toast,pg_toast_2612,0,0,0,0,0,0,0,0,0
1788909855.802939,1260,pg_catalog,pg_authid,0,0,0,0,0,0,0,0,0
1788909855.802939,6102,pg_catalog,pg_subscription_rel,0,0,0,0,0,0,0,0,0
1788909855.802939,1214,pg_catalog,pg_shdepend,0,0,0,0,0,0,0,0,0
1788909855.802939,4163,pg_toast,pg_toast_2615,0,0,0,0,0,0,0,0,0
1788909855.802939,1985343,public,charge,0,0,0,0,0,0,0,0,0
1788909855.802939,1985440,public,daily_market,0,0,0,0,0,0,0,0,0
1788909855.802939,1985422,public,company,0,0,0,0,0,0,0,0,0
1788909855.802939,4169,pg_toast,pg_toast_3600,0,0,0,0,0,0,0,0,0
1788909855.802939,2615,pg_catalog,pg_namespace,1,4,5,2,0,0,0,0,0
1788909855.802939,2396,pg_catalog,pg_shdescription,0,0,0,0,0,0,0,0,0
1788909855.802939,3600,pg_catalog,pg_ts_dict,0,0,0,0,0,0,0,0,0
1788909855.802939,1985325,public,broker,0,0,0,0,0,0,0,0,0
1788909855.802939,3596,pg_catalog,pg_seclabel,0,0,0,0,0,0,0,0,0
1788909855.802939,1985460,public,financial,0,0,0,0,0,0,0,0,0
1788909855.802939,2609,pg_catalog,pg_description,0,0,0,0,0,0,0,0,0
1788909855.802939,1985351,public,commission_rate,0,0,0,0,0,0,0,0,0
1788909855.802939,13482,pg_toast,pg_toast_13479,0,0,0,0,0,0,0,0,0
1788909855.802939,1985396,public,trade_history,0,0,0,0,0,0,0,0,0
1788909855.802939,3603,pg_catalog,pg_ts_config_map,0,0,0,0,0,0,0,0,0
1788909855.802939,1213,pg_catalog,pg_tablespace,0,0,1,1,0,0,0,0,0
1788909855.802939,2608,pg_catalog,pg_depend,0,0,0,0,0,0,0,0,0
1788909855.802939,2964,pg_catalog,pg_db_role_setting,0,0,0,0,0,0,0,0,0
1788909855.802939,1985283,pg_toast,pg_toast_1985275,0,0,0,0,0,0,0,0,0
1788909855.802939,1418,pg_catalog,pg_user_mapping,0,0,0,0,0,0,0,0,0
1788909855.802939,2613,pg_catalog,pg_largeobject,0,0,0,0,0,0,0,0,0
1788909855.802939,6175,pg_toast,pg_toast_3456,0,0,0,0,0,0,0,0,0
1788909855.802939,1261,pg_catalog,pg_auth_members,0,0,0,0,0,0,0,0,0
1788909855.802939,1985335,public,cash_transaction,0,0,0,0,0,0,0,0,0
1788909855.802939,2617,pg_catalog,pg_operator,0,0,5,5,0,0,0,0,0
1788909855.802939,1985300,pg_toast,pg_toast_1985290,0,0,0,0,0,0,0,0,0
1788909855.802939,1985538,public,address,0,0,0,0,0,0,0,0,0
1788909855.802939,2610,pg_catalog,pg_index,1,221,11,14,0,0,0,0,0
1788909855.802939,1249,pg_catalog,pg_attribute,0,0,75,92,0,0,0,0,0
1788909855.802939,1985512,public,sector,0,0,0,0,0,0,0,0,0
1788909855.802939,1985415,public,trade_type,0,0,0,0,0,0,0,0,0
1788909855.802939,2600,pg_catalog,pg_aggregate,0,0,1,1,0,0,0,0,0
1788909855.802939,2966,pg_toast,pg_toast_2964,0,0,0,0,0,0,0,0,0
1788909855.802939,1985451,public,exchange,0,0,0,0,0,0,0,0,0
1788909855.802939,2618,pg_catalog,pg_rewrite,0,0,1,1,0,0,0,0,0
1788909855.802939,4177,pg_toast,pg_toast_1262,0,0,0,0,0,0,0,0,0
1788909855.802939,13484,information_schema,sql_parts,0,0,,,0,0,0,0,0
1788909855.802939,4159,pg_toast,pg_toast_2600,0,0,0,0,0,0,0,0,0
1788909855.802939,4147,pg_toast,pg_toast_3079,0,0,0,0,0,0,0,0,0
1788909855.802939,13474,information_schema,sql_features,0,0,,,0,0,0,0,0
1788909855.802939,1985394,pg_toast,pg_toast_1985372,0,0,0,0,0,0,0,0,0
1788909855.802939,1247,pg_catalog,pg_type,0,0,19,19,0,0,0,0,0
1788909855.802939,2602,pg_catalog,pg_amop,0,0,12,25,0,0,0,0,0
1788909855.802939,3439,pg_toast,pg_toast_3381,0,0,0,0,0,0,0,0,0
1788909855.802939,2846,pg_toast,pg_toast_2396,0,0,0,0,0,0,0,0,0
1788909855.802939,1985555,public,zip_code,0,0,0,0,0,0,0,0,0
1788909855.802939,1985478,pg_toast,pg_toast_1985460,0,0,0,0,0,0,0,0,0
1788909855.802939,4145,pg_toast,pg_toast_3466,0,0,0,0,0,0,0,0,0
1788909855.802939,3541,pg_catalog,pg_range,0,0,0,0,0,0,0,0,0
1788909855.802939,3602,pg_catalog,pg_ts_config,0,0,0,0,0,0,0,0,0
1788909855.802939,1985333,pg_toast,pg_toast_1985325,0,0,0,0,0,0,0,0,0
1788909855.802939,4183,pg_toast,pg_toast_6100,0,0,0,0,0,0,0,0,0
1788909855.802939,1985496,public,news_item,0,0,0,0,0,0,0,0,0
1788909855.802939,2224,pg_catalog,pg_sequence,0,0,0,0,0,0,0,0,0
1788909855.802939,2611,pg_catalog,pg_inherits,0,0,0,0,0,0,0,0,0
1788909855.802939,1417,pg_catalog,pg_foreign_server,0,0,0,0,0,0,0,0,0
1788909855.802939,1262,pg_catalog,pg_database,0,0,0,0,0,0,0,0,0
1788909855.802939,13492,pg_toast,pg_toast_13489,0,0,0,0,0,0,0,0,0
1788909855.802939,3501,pg_catalog,pg_enum,0,0,0,0,0,0,0,0,0
1788909855.802939,2607,pg_catalog,pg_conversion,0,0,0,0,0,0,0,0,0
1788909855.802939,1985449,pg_toast,pg_toast_1985440,0,0,0,0,0,0,0,0,0
1788909855.802939,826,pg_catalog,pg_default_acl,0,0,0,0,0,0,0,0,0
1788909855.802939,2604,pg_catalog,pg_attrdef,0,0,0,0,0,0,0,0,0
1788909855.802939,2336,pg_toast,pg_toast_2620,0,0,0,0,0,0,0,0,0
1788909855.802939,2603,pg_catalog,pg_amproc,0,0,5,11,0,0,0,0,0
1788909855.802939,2606,pg_catalog,pg_constraint,0,0,3,8,0,0,0,0,0
1788909855.802939,1255,pg_catalog,pg_proc,0,0,19,24,0,0,0,0,0
1788909855.802939,4173,pg_toast,pg_toast_1418,0,0,0,0,0,0,0,0,0
1788909855.802939,1985285,public,customer_taxrate,0,0,0,0,0,0,0,0,0
1788909855.802939,2620,pg_catalog,pg_trigger,0,0,0,0,0,0,0,0,0
1788909855.802939,1985256,public,account_permission,0,0,0,0,0,0,0,0,0
1788909855.802939,1985507,public,news_xref,0,0,0,0,0,0,0,0,0
1788909855.802939,1985480,public,industry,0,0,0,0,0,0,0,0,0
1788909855.802939,2612,pg_catalog,pg_language,0,0,0,0,0,0,0,0,0
1788909855.802939,4149,pg_toast,pg_toast_2328,0,0,0,0,0,0,0,0,0
1788909855.802939,6351,pg_toast,pg_toast_2610,0,0,0,0,0,0,0,0,0
1788909855.802939,13489,information_schema,sql_sizing,0,0,,,0,0,0,0,0
1788909855.802939,1985494,pg_toast,pg_toast_1985486,0,0,0,0,0,0,0,0,0
1788909855.802939,3598,pg_toast,pg_toast_3596,0,0,0,0,0,0,0,0,0
1788909855.802939,2836,pg_toast,pg_toast_1255,0,0,0,0,0,0,0,0,0
1788909855.802939,3456,pg_catalog,pg_collation,0,0,0,0,0,0,0,0,0
1788909855.802939,3079,pg_catalog,pg_extension,0,0,0,0,0,0,0,0,0
1788909855.802939,6100,pg_catalog,pg_subscription,0,0,0,0,0,0,0,0,0
1788909855.802939,2832,pg_toast,pg_toast_2606,0,0,0,0,0,0,0,0,0
1788909855.802939,3256,pg_catalog,pg_policy,0,0,0,0,0,0,0,0,0
1788909855.802939,1985302,public,holding_history,0,0,0,0,0,0,0,0,0
1788909855.802939,1985517,public,security,0,0,0,0,0,0,0,0,0
1788909855.802939,3466,pg_catalog,pg_event_trigger,0,0,0,0,0,0,0,0,0
1788909855.802939,3592,pg_catalog,pg_shseclabel,0,0,0,0,0,0,0,0,0
1788909855.802939,3764,pg_catalog,pg_ts_template,0,0,0,0,0,0,0,0,0
1788909855.802939,6237,pg_catalog,pg_publication_namespace,0,0,0,0,0,0,0,0,0
1788909855.802939,13487,pg_toast,pg_toast_13484,0,0,0,0,0,0,0,0,0
1788909855.802939,2995,pg_catalog,pg_largeobject_metadata,0,0,0,0,0,0,0,0,0
1788909855.802939,1985275,public,customer_account,0,0,0,0,0,0,0,0,0
1788909855.802939,4143,pg_toast,pg_toast_826,0,0,0,0,0,0,0,0,0
1788909855.802939,4185,pg_toast,pg_toast_1213,0,0,0,0,0,0,0,0,0
1788909855.802939,6243,pg_catalog,pg_parameter_acl,0,0,0,0,0,0,0,0,0
1788909855.802939,2616,pg_catalog,pg_opclass,0,0,8,134,0,0,0,0,0
1788909855.802939,1985290,public,holding,0,0,0,0,0,0,0,0,0
1788909855.802939,2838,pg_toast,pg_toast_2618,0,0,1,3,0,0,0,0,0
1788909855.802939,6228,pg_toast,pg_toast_6106,0,0,0,0,0,0,0,0,0
1788909855.802939,1985349,pg_toast,pg_toast_1985343,0,0,0,0,0,0,0,0,0
1788909855.802939,1985434,public,company_competitor,0,0,0,0,0,0,0,0,0
1788909855.802939,1985370,pg_toast,pg_toast_1985363,0,0,0,0,0,0,0,0,0
1788909855.802939,1985505,pg_toast,pg_toast_1985496,0,0,0,0,0,0,0,0,0
1788909855.802939,1985264,public,customer,0,0,0,0,0,0,0,0,0
1788909855.802939,3118,pg_catalog,pg_foreign_table,0,0,0,0,0,0,0,0,0
1788909855.802939,1259,pg_catalog,pg_class,1,523,12,12,0,0,0,0,0
1788909855.802939,3350,pg_catalog,pg_partitioned_table,0,0,0,0,0,0,0,0,0
1788909855.802939,4153,pg_toast,pg_toast_3118,0,0,0,0,0,0,0,0,0
1788909855.802939,4060,pg_toast,pg_toast_3592,0,0,0,0,0,0,0,0,0
1788909855.802939,1985543,public,status_type,0,0,0,0,0,0,0,0,0
1788909855.802939,4165,pg_toast,pg_toast_3350,0,0,0,0,0,0,0,0,0
1788909855.802939,1985402,public,trade_request,0,0,0,0,0,0,0,0,0
1788909855.802939,2753,pg_catalog,pg_opfamily,0,0,2,2,0,0,0,0,0
1788909855.802939,3601,pg_catalog,pg_ts_parser,0,0,0,0,0,0,0,0,0
1788909855.802939,6104,pg_catalog,pg_publication,0,0,0,0,0,0,0,0,0
1788909855.802939,13477,pg_toast,pg_toast_13474,0,0,0,0,0,0,0,0,0
1788909855.802939,3429,pg_catalog,pg_statistic_ext_data,0,0,0,0,0,0,0,0,0
1788909855.802939,2619,pg_catalog,pg_statistic,0,0,17,8,0,0,0,0,0
1788909855.802939,4155,pg_toast,pg_toast_3394,0,0,0,0,0,0,0,0,0
1788909855.802939,1985548,public,taxrate,0,0,0,0,0,0,0,0,0
1788909855.802939,3381,pg_catalog,pg_statistic_ext,0,0,3,0,0,0,0,0,0
1788909855.802939,6106,pg_catalog,pg_publication_rel,0,0,0,0,0,0,0,0,0
1788909855.802939,1985372,public,trade,0,0,0,0,0,0,0,0,0
1788909855.802939,2605,pg_catalog,pg_cast,0,0,34,7,0,0,0,0,0
1788909855.802939,4171,pg_toast,pg_toast_1247,0,0,0,0,0,0,0,0,0
1788909855.802939,2830,pg_toast,pg_toast_2604,0,0,0,0,0,0,0,0,0
1788909855.802939,1985309,public,holding_summary,0,0,0,0,0,0,0,0,0
1788909855.802939,1985413,pg_toast,pg_toast_1985402,0,0,0,0,0,0,0,0,0
1788909855.802939,13479,information_schema,sql_implementation_info,0,0,,,0,0,0,0,0
1788909855.802939,1985341,pg_toast,pg_toast_1985335,0,0,0,0,0,0,0,0,0
1788909855.802939,6244,pg_toast,pg_toast_6243,0,0,0,0,0,0,0,0,0
1788909855.802939,1985315,public,watch_item,0,0,0,0,0,0,0,0,0
1788909855.802939,3430,pg_toast,pg_toast_3429,0,0,0,0,0,0,0,0,0
1788909855.802939,1985320,public,watch_list,0,0,0,0,0,0,0,0,0
1788909915.936536,1985536,pg_toast,pg_toast_1985517,0,0,0,0,0,0,0,0,0
1788909915.936536,3576,pg_catalog,pg_transform,0,0,0,0,0,0,0,0,0
1788909915.936536,2601,pg_catalog,pg_am,0,0,0,0,0,0,0,0,0
1788909915.936536,1985363,public,settlement,0,0,0,0,0,0,0,0,0
1788909915.936536,3394,pg_catalog,pg_init_privs,0,0,0,0,0,0,0,0,0
1788909915.936536,4167,pg_toast,pg_toast_3256,0,0,0,0,0,0,0,0,0
1788909915.936536,4151,pg_toast,pg_toast_1417,0,0,0,0,0,0,0,0,0
1788909915.936536,2834,pg_toast,pg_toast_2609,0,0,0,0,0,0,0,0,0
1788909915.936536,6000,pg_catalog,pg_replication_origin,0,0,0,0,0,0,0,0,0
1788909915.936536,2840,pg_toast,pg_toast_2619,0,0,0,0,0,0,0,0,0
1788909915.936536,1985486,public,last_trade,0,0,0,0,0,0,0,0,0
1788909915.936536,2328,pg_catalog,pg_foreign_data_wrapper,0,0,0,0,0,0,0,0,0
1788909915.936536,4157,pg_toast,pg_toast_2612,0,0,0,0,0,0,0,0,0
1788909915.936536,1260,pg_catalog,pg_authid,0,0,0,0,0,0,0,0,0
1788909915.936536,6102,pg_catalog,pg_subscription_rel,0,0,0,0,0,0,0,0,0
1788909915.936536,1214,pg_catalog,pg_shdepend,0,0,0,0,0,0,0,0,0
1788909915.936536,4163,pg_toast,pg_toast_2615,0,0,0,0,0,0,0,0,0
1788909915.936536,1985343,public,charge,0,0,0,0,0,0,0,0,0
1788909915.936536,1985440,public,daily_market,0,0,0,0,0,0,0,0,0
1788909915.936536,1985422,public,company,0,0,0,0,0,0,0,0,0
1788909915.936536,4169,pg_toast,pg_toast_3600,0,0,0,0,0,0,0,0,0
1788909915.936536,2615,pg_catalog,pg_namespace,1,4,5,2,0,0,0,0,0
1788909915.936536,2396,pg_catalog,pg_shdescription,0,0,0,0,0,0,0,0,0
1788909915.936536,3600,pg_catalog,pg_ts_dict,0,0,0,0,0,0,0,0,0
1788909915.936536,1985325,public,broker,0,0,0,0,0,0,0,0,0
1788909915.936536,3596,pg_catalog,pg_seclabel,0,0,0,0,0,0,0,0,0
1788909915.936536,1985460,public,financial,0,0,0,0,0,0,0,0,0
1788909915.936536,2609,pg_catalog,pg_description,0,0,0,0,0,0,0,0,0
1788909915.936536,1985351,public,commission_rate,0,0,0,0,0,0,0,0,0
1788909915.936536,13482,pg_toast,pg_toast_13479,0,0,0,0,0,0,0,0,0
1788909915.936536,1985396,public,trade_history,0,0,0,0,0,0,0,0,0
1788909915.936536,3603,pg_catalog,pg_ts_config_map,0,0,0,0,0,0,0,0,0
1788909915.936536,1213,pg_catalog,pg_tablespace,0,0,1,1,0,0,0,0,0
1788909915.936536,2608,pg_catalog,pg_depend,0,0,0,0,0,0,0,0,0
1788909915.936536,2964,pg_catalog,pg_db_role_setting,0,0,0,0,0,0,0,0,0
1788909915.936536,1985283,pg_toast,pg_toast_1985275,0,0,0,0,0,0,0,0,0
1788909915.936536,1418,pg_catalog,pg_user_mapping,0,0,0,0,0,0,0,0,0
1788909915.936536,2613,pg_catalog,pg_largeobject,0,0,0,0,0,0,0,0,0
1788909915.936536,6175,pg_toast,pg_toast_3456,0,0,0,0,0,0,0,0,0
1788909915.936536,1261,pg_catalog,pg_auth_members,0,0,0,0,0,0,0,0,0
1788909915.936536,1985335,public,cash_transaction,0,0,0,0,0,0,0,0,0
1788909915.936536,2617,pg_catalog,pg_operator,0,0,5,5,0,0,0,0,0
1788909915.936536,1985300,pg_toast,pg_toast_1985290,0,0,0,0,0,0,0,0,0
1788909915.936536,1985538,public,address,0,0,0,0,0,0,0,0,0
1788909915.936536,2610,pg_catalog,pg_index,1,221,11,14,0,0,0,0,0
1788909915.936536,1249,pg_catalog,pg_attribute,0,0,75,92,0,0,0,0,0
1788909915.936536,1985512,public,sector,0,0,0,0,0,0,0,0,0
1788909915.936536,1985415,public,trade_type,0,0,0,0,0,0,0,0,0
1788909915.936536,2600,pg_catalog,pg_aggregate,0,0,1,1,0,0,0,0,0
1788909915.936536,2966,pg_toast,pg_toast_2964,0,0,0,0,0,0,0,0,0
1788909915.936536,1985451,public,exchange,0,0,0,0,0,0,0,0,0
1788909915.936536,2618,pg_catalog,pg_rewrite,0,0,1,1,0,0,0,0,0
1788909915.936536,4177,pg_toast,pg_toast_1262,0,0,0,0,0,0,0,0,0
1788909915.936536,13484,information_schema,sql_parts,0,0,,,0,0,0,0,0
1788909915.936536,4159,pg_toast,pg_toast_2600,0,0,0,0,0,0,0,0,0
1788909915.936536,4147,pg_toast,pg_toast_3079,0,0,0,0,0,0,0,0,0
1788909915.936536,13474,information_schema,sql_features,0,0,,,0,0,0,0,0
1788909915.936536,1985394,pg_toast,pg_toast_1985372,0,0,0,0,0,0,0,0,0
1788909915.936536,1247,pg_catalog,pg_type,0,0,19,19,0,0,0,0,0
1788909915.936536,2602,pg_catalog,pg_amop,0,0,12,25,0,0,0,0,0
1788909915.936536,3439,pg_toast,pg_toast_3381,0,0,0,0,0,0,0,0,0
1788909915.936536,2846,pg_toast,pg_toast_2396,0,0,0,0,0,0,0,0,0
1788909915.936536,1985555,public,zip_code,0,0,0,0,0,0,0,0,0
1788909915.936536,1985478,pg_toast,pg_toast_1985460,0,0,0,0,0,0,0,0,0
1788909915.936536,4145,pg_toast,pg_toast_3466,0,0,0,0,0,0,0,0,0
1788909915.936536,3541,pg_catalog,pg_range,0,0,0,0,0,0,0,0,0
1788909915.936536,3602,pg_catalog,pg_ts_config,0,0,0,0,0,0,0,0,0
1788909915.936536,1985333,pg_toast,pg_toast_1985325,0,0,0,0,0,0,0,0,0
1788909915.936536,4183,pg_toast,pg_toast_6100,0,0,0,0,0,0,0,0,0
1788909915.936536,1985496,public,news_item,0,0,0,0,0,0,0,0,0
1788909915.936536,2224,pg_catalog,pg_sequence,0,0,0,0,0,0,0,0,0
1788909915.936536,2611,pg_catalog,pg_inherits,0,0,0,0,0,0,0,0,0
1788909915.936536,1417,pg_catalog,pg_foreign_server,0,0,0,0,0,0,0,0,0
1788909915.936536,1262,pg_catalog,pg_database,0,0,0,0,0,0,0,0,0
1788909915.936536,13492,pg_toast,pg_toast_13489,0,0,0,0,0,0,0,0,0
1788909915.936536,3501,pg_catalog,pg_enum,0,0,0,0,0,0,0,0,0
1788909915.936536,2607,pg_catalog,pg_conversion,0,0,0,0,0,0,0,0,0
1788909915.936536,1985449,pg_toast,pg_toast_1985440,0,0,0,0,0,0,0,0,0
1788909915.936536,826,pg_catalog,pg_default_acl,0,0,0,0,0,0,0,0,0
1788909915.936536,2604,pg_catalog,pg_attrdef,0,0,0,0,0,0,0,0,0
1788909915.936536,2336,pg_toast,pg_toast_2620,0,0,0,0,0,0,0,0,0
1788909915.936536,2603,pg_catalog,pg_amproc,0,0,5,11,0,0,0,0,0
1788909915.936536,2606,pg_catalog,pg_constraint,0,0,3,8,0,0,0,0,0
1788909915.936536,1255,pg_catalog,pg_proc,0,0,19,24,0,0,0,0,0
1788909915.936536,4173,pg_toast,pg_toast_1418,0,0,0,0,0,0,0,0,0
1788909915.936536,1985285,public,customer_taxrate,0,0,0,0,0,0,0,0,0
1788909915.936536,2620,pg_catalog,pg_trigger,0,0,0,0,0,0,0,0,0
1788909915.936536,1985256,public,account_permission,0,0,0,0,0,0,0,0,0
1788909915.936536,1985507,public,news_xref,0,0,0,0,0,0,0,0,0
1788909915.936536,1985480,public,industry,0,0,0,0,0,0,0,0,0
1788909915.936536,2612,pg_catalog,pg_language,0,0,0,0,0,0,0,0,0
1788909915.936536,4149,pg_toast,pg_toast_2328,0,0,0,0,0,0,0,0,0
1788909915.936536,6351,pg_toast,pg_toast_2610,0,0,0,0,0,0,0,0,0
1788909915.936536,13489,information_schema,sql_sizing,0,0,,,0,0,0,0,0
1788909915.936536,1985494,pg_toast,pg_toast_1985486,0,0,0,0,0,0,0,0,0
1788909915.936536,3598,pg_toast,pg_toast_3596,0,0,0,0,0,0,0,0,0
1788909915.936536,2836,pg_toast,pg_toast_1255,0,0,0,0,0,0,0,0,0
1788909915.936536,3456,pg_catalog,pg_collation,0,0,0,0,0,0,0,0,0
1788909915.936536,3079,pg_catalog,pg_extension,0,0,0,0,0,0,0,0,0
1788909915.936536,6100,pg_catalog,pg_subscription,0,0,0,0,0,0,0,0,0
1788909915.936536,2832,pg_toast,pg_toast_2606,0,0,0,0,0,0,0,0,0
1788909915.936536,3256,pg_catalog,pg_policy,0,0,0,0,0,0,0,0,0
1788909915.936536,1985302,public,holding_history,0,0,0,0,0,0,0,0,0
1788909915.936536,1985517,public,security,0,0,0,0,0,0,0,0,0
1788909915.936536,3466,pg_catalog,pg_event_trigger,0,0,0,0,0,0,0,0,0
1788909915.936536,3592,pg_catalog,pg_shseclabel,0,0,0,0,0,0,0,0,0
1788909915.936536,3764,pg_catalog,pg_ts_template,0,0,0,0,0,0,0,0,0
1788909915.936536,6237,pg_catalog,pg_publication_namespace,0,0,0,0,0,0,0,0,0
1788909915.936536,13487,pg_toast,pg_toast_13484,0,0,0,0,0,0,0,0,0
1788909915.936536,2995,pg_catalog,pg_largeobject_metadata,0,0,0,0,0,0,0,0,0
1788909915.936536,1985275,public,customer_account,0,0,0,0,0,0,0,0,0
1788909915.936536,4143,pg_toast,pg_toast_826,0,0,0,0,0,0,0,0,0
1788909915.936536,4185,pg_toast,pg_toast_1213,0,0,0,0,0,0,0,0,0
1788909915.936536,6243,pg_catalog,pg_parameter_acl,0,0,0,0,0,0,0,0,0
1788909915.936536,2616,pg_catalog,pg_opclass,0,0,8,134,0,0,0,0,0
1788909915.936536,1985290,public,holding,0,0,0,0,0,0,0,0,0
1788909915.936536,2838,pg_toast,pg_toast_2618,0,0,1,3,0,0,0,0,0
1788909915.936536,6228,pg_toast,pg_toast_6106,0,0,0,0,0,0,0,0,0
1788909915.936536,1985349,pg_toast,pg_toast_1985343,0,0,0,0,0,0,0,0,0
1788909915.936536,1985434,public,company_competitor,0,0,0,0,0,0,0,0,0
1788909915.936536,1985370,pg_toast,pg_toast_1985363,0,0,0,0,0,0,0,0,0
1788909915.936536,1985505,pg_toast,pg_toast_1985496,0,0,0,0,0,0,0,0,0
1788909915.936536,1985264,public,customer,0,0,0,0,0,0,0,0,0
1788909915.936536,3118,pg_catalog,pg_foreign_table,0,0,0,0,0,0,0,0,0
1788909915.936536,1259,pg_catalog,pg_class,1,523,12,12,0,0,0,0,0
1788909915.936536,3350,pg_catalog,pg_partitioned_table,0,0,0,0,0,0,0,0,0
1788909915.936536,4153,pg_toast,pg_toast_3118,0,0,0,0,0,0,0,0,0
1788909915.936536,4060,pg_toast,pg_toast_3592,0,0,0,0,0,0,0,0,0
1788909915.936536,1985543,public,status_type,0,0,0,0,0,0,0,0,0
1788909915.936536,4165,pg_toast,pg_toast_3350,0,0,0,0,0,0,0,0,0
1788909915.936536,1985402,public,trade_request,0,0,0,0,0,0,0,0,0
1788909915.936536,2753,pg_catalog,pg_opfamily,0,0,2,2,0,0,0,0,0
1788909915.936536,3601,pg_catalog,pg_ts_parser,0,0,0,0,0,0,0,0,0
1788909915.936536,6104,pg_catalog,pg_publication,0,0,0,0,0,0,0,0,0
1788909915.936536,13477,pg_toast,pg_toast_13474,0,0,0,0,0,0,0,0,0
1788909915.936536,3429,pg_catalog,pg_statistic_ext_data,0,0,0,0,0,0,0,0,0
1788909915.936536,2619,pg_catalog,pg_statistic,0,0,17,8,0,0,0,0,0
1788909915.936536,4155,pg_toast,pg_toast_3394,0,0,0,0,0,0,0,0,0
1788909915.936536,1985548,public,taxrate,0,0,0,0,0,0,0,0,0
1788909915.936536,3381,pg_catalog,pg_statistic_ext,0,0,3,0,0,0,0,0,0
1788909915.936536,6106,pg_catalog,pg_publication_rel,0,0,0,0,0,0,0,0,0
1788909915.936536,1985372,public,trade,0,0,0,0,0,0,0,0,0
1788909915.936536,2605,pg_catalog,pg_cast,0,0,34,7,0,0,0,0,0
1788909915.936536,4171,pg_toast,pg_toast_1247,0,0,0,0,0,0,0,0,0
1788909915.936536,2830,pg_toast,pg_toast_2604,0,0,0,0,0,0,0,0,0
1788909915.936536,1985309,public,holding_summary,0,0,0,0,0,0,0,0,0
1788909915.936536,1985413,pg_toast,pg_toast_1985402,0,0,0,0,0,0,0,0,0
1788909915.936536,13479,information_schema,sql_implementation_info,0,0,,,0,0,0,0,0
1788909915.936536,1985341,pg_toast,pg_toast_1985335,0,0,0,0,0,0,0,0,0
1788909915.936536,6244,pg_toast,pg_toast_6243,0,0,0,0,0,0,0,0,0
1788909915.936536,1985315,public,watch_item,0,0,0,0,0,0,0,0,0
1788909915.936536,3430,pg_toast,pg_toast_3429,0,0,0,0,0,0,0,0,0
1788909915.936536,1985320,public,watch_list,0,0,0,0,0,0,0,0,0
1788909976.068032,1985536,pg_toast,pg_toast_1985517,0,0,0,0,0,0,0,0,0
1788909976.068032,3576,pg_catalog,pg_transform,0,0,0,0,0,0,0,0,0
1788909976.068032,2601,pg_catalog,pg_am,0,0,0,0,0,0,0,0,0
1788909976.068032,1985363,public,settlement,0,0,0,0,0,0,0,0,0
1788909976.068032,3394,pg_catalog,pg_init_privs,0,0,0,0,0,0,0,0,0
1788909976.068032,4167,pg_toast,pg_toast_3256,0,0,0,0,0,0,0,0,0
1788909976.068032,4151,pg_toast,pg_toast_1417,0,0,0,0,0,0,0,0,0
1788909976.068032,2834,pg_toast,pg_toast_2609,0,0,0,0,0,0,0,0,0
1788909976.068032,6000,pg_catalog,pg_replication_origin,0,0,0,0,0,0,0,0,0
1788909976.068032,2840,pg_toast,pg_toast_2619,0,0,0,0,0,0,0,0,0
1788909976.068032,1985486,public,last_trade,0,0,0,0,0,0,0,0,0
1788909976.068032,2328,pg_catalog,pg_foreign_data_wrapper,0,0,0,0,0,0,0,0,0
1788909976.068032,4157,pg_toast,pg_toast_2612,0,0,0,0,0,0,0,0,0
1788909976.068032,1260,pg_catalog,pg_authid,0,0,0,0,0,0,0,0,0
1788909976.068032,6102,pg_catalog,pg_subscription_rel,0,0,0,0,0,0,0,0,0
1788909976.068032,1214,pg_catalog,pg_shdepend,0,0,0,0,0,0,0,0,0
1788909976.068032,4163,pg_toast,pg_toast_2615,0,0,0,0,0,0,0,0,0
1788909976.068032,1985343,public,charge,0,0,0,0,0,0,0,0,0
1788909976.068032,1985440,public,daily_market,0,0,0,0,0,0,0,0,0
1788909976.068032,1985422,public,company,0,0,0,0,0,0,0,0,0
1788909976.068032,4169,pg_toast,pg_toast_3600,0,0,0,0,0,0,0,0,0
1788909976.068032,2615,pg_catalog,pg_namespace,1,4,5,2,0,0,0,0,0
1788909976.068032,2396,pg_catalog,pg_shdescription,0,0,0,0,0,0,0,0,0
1788909976.068032,3600,pg_catalog,pg_ts_dict,0,0,0,0,0,0,0,0,0
1788909976.068032,1985325,public,broker,0,0,0,0,0,0,0,0,0
1788909976.068032,3596,pg_catalog,pg_seclabel,0,0,0,0,0,0,0,0,0
1788909976.068032,1985460,public,financial,0,0,0,0,0,0,0,0,0
1788909976.068032,2609,pg_catalog,pg_description,0,0,0,0,0,0,0,0,0
1788909976.068032,1985351,public,commission_rate,0,0,0,0,0,0,0,0,0
1788909976.068032,13482,pg_toast,pg_toast_13479,0,0,0,0,0,0,0,0,0
1788909976.068032,1985396,public,trade_history,0,0,0,0,0,0,0,0,0
1788909976.068032,3603,pg_catalog,pg_ts_config_map,0,0,0,0,0,0,0,0,0
1788909976.068032,1213,pg_catalog,pg_tablespace,0,0,1,1,0,0,0,0,0
1788909976.068032,2608,pg_catalog,pg_depend,0,0,0,0,0,0,0,0,0
1788909976.068032,2964,pg_catalog,pg_db_role_setting,0,0,0,0,0,0,0,0,0
1788909976.068032,1985283,pg_toast,pg_toast_1985275,0,0,0,0,0,0,0,0,0
1788909976.068032,1418,pg_catalog,pg_user_mapping,0,0,0,0,0,0,0,0,0
1788909976.068032,2613,pg_catalog,pg_largeobject,0,0,0,0,0,0,0,0,0
1788909976.068032,6175,pg_toast,pg_toast_3456,0,0,0,0,0,0,0,0,0
1788909976.068032,1261,pg_catalog,pg_auth_members,0,0,0,0,0,0,0,0,0
1788909976.068032,1985335,public,cash_transaction,0,0,0,0,0,0,0,0,0
1788909976.068032,2617,pg_catalog,pg_operator,0,0,5,5,0,0,0,0,0
1788909976.068032,1985300,pg_toast,pg_toast_1985290,0,0,0,0,0,0,0,0,0
1788909976.068032,1985538,public,address,0,0,0,0,0,0,0,0,0
1788909976.068032,2610,pg_catalog,pg_index,1,221,11,14,0,0,0,0,0
1788909976.068032,1249,pg_catalog,pg_attribute,0,0,75,92,0,0,0,0,0
1788909976.068032,1985512,public,sector,0,0,0,0,0,0,0,0,0
1788909976.068032,1985415,public,trade_type,0,0,0,0,0,0,0,0,0
1788909976.068032,2600,pg_catalog,pg_aggregate,0,0,1,1,0,0,0,0,0
1788909976.068032,2966,pg_toast,pg_toast_2964,0,0,0,0,0,0,0,0,0
1788909976.068032,1985451,public,exchange,0,0,0,0,0,0,0,0,0
1788909976.068032,2618,pg_catalog,pg_rewrite,0,0,1,1,0,0,0,0,0
1788909976.068032,4177,pg_toast,pg_toast_1262,0,0,0,0,0,0,0,0,0
1788909976.068032,13484,information_schema,sql_parts,0,0,,,0,0,0,0,0
1788909976.068032,4159,pg_toast,pg_toast_2600,0,0,0,0,0,0,0,0,0
1788909976.068032,4147,pg_toast,pg_toast_3079,0,0,0,0,0,0,0,0,0
1788909976.068032,13474,information_schema,sql_features,0,0,,,0,0,0,0,0
1788909976.068032,1985394,pg_toast,pg_toast_1985372,0,0,0,0,0,0,0,0,0
1788909976.068032,1247,pg_catalog,pg_type,0,0,19,19,0,0,0,0,0
1788909976.068032,2602,pg_catalog,pg_amop,0,0,12,25,0,0,0,0,0
1788909976.068032,3439,pg_toast,pg_toast_3381,0,0,0,0,0,0,0,0,0
1788909976.068032,2846,pg_toast,pg_toast_2396,0,0,0,0,0,0,0,0,0
1788909976.068032,1985555,public,zip_code,0,0,0,0,0,0,0,0,0
1788909976.068032,1985478,pg_toast,pg_toast_1985460,0,0,0,0,0,0,0,0,0
1788909976.068032,4145,pg_toast,pg_toast_3466,0,0,0,0,0,0,0,0,0
1788909976.068032,3541,pg_catalog,pg_range,0,0,0,0,0,0,0,0,0
1788909976.068032,3602,pg_catalog,pg_ts_config,0,0,0,0,0,0,0,0,0
1788909976.068032,1985333,pg_toast,pg_toast_1985325,0,0,0,0,0,0,0,0,0
1788909976.068032,4183,pg_toast,pg_toast_6100,0,0,0,0,0,0,0,0,0
1788909976.068032,1985496,public,news_item,0,0,0,0,0,0,0,0,0
1788909976.068032,2224,pg_catalog,pg_sequence,0,0,0,0,0,0,0,0,0
1788909976.068032,2611,pg_catalog,pg_inherits,0,0,0,0,0,0,0,0,0
1788909976.068032,1417,pg_catalog,pg_foreign_server,0,0,0,0,0,0,0,0,0
1788909976.068032,1262,pg_catalog,pg_database,0,0,0,0,0,0,0,0,0
1788909976.068032,13492,pg_toast,pg_toast_13489,0,0,0,0,0,0,0,0,0
1788909976.068032,3501,pg_catalog,pg_enum,0,0,0,0,0,0,0,0,0
1788909976.068032,2607,pg_catalog,pg_conversion,0,0,0,0,0,0,0,0,0
1788909976.068032,1985449,pg_toast,pg_toast_1985440,0,0,0,0,0,0,0,0,0
1788909976.068032,826,pg_catalog,pg_default_acl,0,0,0,0,0,0,0,0,0
1788909976.068032,2604,pg_catalog,pg_attrdef,0,0,0,0,0,0,0,0,0
1788909976.068032,2336,pg_toast,pg_toast_2620,0,0,0,0,0,0,0,0,0
1788909976.068032,2603,pg_catalog,pg_amproc,0,0,5,11,0,0,0,0,0
1788909976.068032,2606,pg_catalog,pg_constraint,0,0,3,8,0,0,0,0,0
1788909976.068032,1255,pg_catalog,pg_proc,0,0,19,24,0,0,0,0,0
1788909976.068032,4173,pg_toast,pg_toast_1418,0,0,0,0,0,0,0,0,0
1788909976.068032,1985285,public,customer_taxrate,0,0,0,0,0,0,0,0,0
1788909976.068032,2620,pg_catalog,pg_trigger,0,0,0,0,0,0,0,0,0
1788909976.068032,1985256,public,account_permission,0,0,0,0,0,0,0,0,0
1788909976.068032,1985507,public,news_xref,0,0,0,0,0,0,0,0,0
1788909976.068032,1985480,public,industry,0,0,0,0,0,0,0,0,0
1788909976.068032,2612,pg_catalog,pg_language,0,0,0,0,0,0,0,0,0
1788909976.068032,4149,pg_toast,pg_toast_2328,0,0,0,0,0,0,0,0,0
1788909976.068032,6351,pg_toast,pg_toast_2610,0,0,0,0,0,0,0,0,0
1788909976.068032,13489,information_schema,sql_sizing,0,0,,,0,0,0,0,0
1788909976.068032,1985494,pg_toast,pg_toast_1985486,0,0,0,0,0,0,0,0,0
1788909976.068032,3598,pg_toast,pg_toast_3596,0,0,0,0,0,0,0,0,0
1788909976.068032,2836,pg_toast,pg_toast_1255,0,0,0,0,0,0,0,0,0
1788909976.068032,3456,pg_catalog,pg_collation,0,0,0,0,0,0,0,0,0
1788909976.068032,3079,pg_catalog,pg_extension,0,0,0,0,0,0,0,0,0
1788909976.068032,6100,pg_catalog,pg_subscription,0,0,0,0,0,0,0,0,0
1788909976.068032,2832,pg_toast,pg_toast_2606,0,0,0,0,0,0,0,0,0
1788909976.068032,3256,pg_catalog,pg_policy,0,0,0,0,0,0,0,0,0
1788909976.068032,1985302,public,holding_history,0,0,0,0,0,0,0,0,0
1788909976.068032,1985517,public,security,0,0,0,0,0,0,0,0,0
1788909976.068032,3466,pg_catalog,pg_event_trigger,0,0,0,0,0,0,0,0,0
1788909976.068032,3592,pg_catalog,pg_shseclabel,0,0,0,0,0,0,0,0,0
1788909976.068032,3764,pg_catalog,pg_ts_template,0,0,0,0,0,0,0,0,0
1788909976.068032,6237,pg_catalog,pg_publication_namespace,0,0,0,0,0,0,0,0,0
1788909976.068032,13487,pg_toast,pg_toast_13484,0,0,0,0,0,0,0,0,0
1788909976.068032,2995,pg_catalog,pg_largeobject_metadata,0,0,0,0,0,0,0,0,0
1788909976.068032,1985275,public,customer_account,0,0,0,0,0,0,0,0,0
1788909976.068032,4143,pg_toast,pg_toast_826,0,0,0,0,0,0,0,0,0
1788909976.068032,4185,pg_toast,pg_toast_1213,0,0,0,0,0,0,0,0,0
1788909976.068032,6243,pg_catalog,pg_parameter_acl,0,0,0,0,0,0,0,0,0
1788909976.068032,2616,pg_catalog,pg_opclass,0,0,8,134,0,0,0,0,0
1788909976.068032,1985290,public,holding,0,0,0,0,0,0,0,0,0
1788909976.068032,2838,pg_toast,pg_toast_2618,0,0,1,3,0,0,0,0,0
1788909976.068032,6228,pg_toast,pg_toast_6106,0,0,0,0,0,0,0,0,0
1788909976.068032,1985349,pg_toast,pg_toast_1985343,0,0,0,0,0,0,0,0,0
1788909976.068032,1985434,public,company_competitor,0,0,0,0,0,0,0,0,0
1788909976.068032,1985370,pg_toast,pg_toast_1985363,0,0,0,0,0,0,0,0,0
1788909976.068032,1985505,pg_toast,pg_toast_1985496,0,0,0,0,0,0,0,0,0
1788909976.068032,1985264,public,customer,0,0,0,0,0,0,0,0,0
1788909976.068032,3118,pg_catalog,pg_foreign_table,0,0,0,0,0,0,0,0,0
1788909976.068032,1259,pg_catalog,pg_class,1,523,12,12,0,0,0,0,0
1788909976.068032,3350,pg_catalog,pg_partitioned_table,0,0,0,0,0,0,0,0,0
1788909976.068032,4153,pg_toast,pg_toast_3118,0,0,0,0,0,0,0,0,0
1788909976.068032,4060,pg_toast,pg_toast_3592,0,0,0,0,0,0,0,0,0
1788909976.068032,1985543,public,status_type,0,0,0,0,0,0,0,0,0
1788909976.068032,4165,pg_toast,pg_toast_3350,0,0,0,0,0,0,0,0,0
1788909976.068032,1985402,public,trade_request,0,0,0,0,0,0,0,0,0
1788909976.068032,2753,pg_catalog,pg_opfamily,0,0,2,2,0,0,0,0,0
1788909976.068032,3601,pg_catalog,pg_ts_parser,0,0,0,0,0,0,0,0,0
1788909976.068032,6104,pg_catalog,pg_publication,0,0,0,0,0,0,0,0,0
1788909976.068032,13477,pg_toast,pg_toast_13474,0,0,0,0,0,0,0,0,0
1788909976.068032,3429,pg_catalog,pg_statistic_ext_data,0,0,0,0,0,0,0,0,0
1788909976.068032,2619,pg_catalog,pg_statistic,0,0,17,8,0,0,0,0,0
1788909976.068032,4155,pg_toast,pg_toast_3394,0,0,0,0,0,0,0,0,0
1788909976.068032,1985548,public,taxrate,0,0,0,0,0,0,0,0,0
1788909976.068032,3381,pg_catalog,pg_statistic_ext,0,0,3,0,0,0,0,0,0
1788909976.068032,6106,pg_catalog,pg_publication_rel,0,0,0,0,0,0,0,0,0
1788909976.068032,1985372,public,trade,0,0,0,0,0,0,0,0,0
1788909976.068032,2605,pg_catalog,pg_cast,0,0,34,7,0,0,0,0,0
1788909976.068032,4171,pg_toast,pg_toast_1247,0,0,0,0,0,0,0,0,0
1788909976.068032,2830,pg_toast,pg_toast_2604,0,0,0,0,0,0,0,0,0
1788909976.068032,1985309,public,holding_summary,0,0,0,0,0,0,0,0,0
1788909976.068032,1985413,pg_toast,pg_toast_1985402,0,0,0,0,0,0,0,0,0
1788909976.068032,13479,information_schema,sql_implementation_info,0,0,,,0,0,0,0,0
1788909976.068032,1985341,pg_toast,pg_toast_1985335,0,0,0,0,0,0,0,0,0
1788909976.068032,6244,pg_toast,pg_toast_6243,0,0,0,0,0,0,0,0,0
1788909976.068032,1985315,public,watch_item,0,0,0,0,0,0,0,0,0
1788909976.068032,3430,pg_toast,pg_toast_3429,0,0,0,0,0,0,0,0,0
1788909976.068032,1985320,public,watch_list,0,0,0,0,0,0,0,0,0
1788910035.162142,1985536,pg_toast,pg_toast_1985517,0,0,0,0,0,0,0,0,0
1788910035.162142,3576,pg_catalog,pg_transform,0,0,0,0,0,0,0,0,0
1788910035.162142,2601,pg_catalog,pg_am,0,0,0,0,0,0,0,0,0
1788910035.162142,1985363,public,settlement,0,0,0,0,0,0,0,0,0
1788910035.162142,3394,pg_catalog,pg_init_privs,0,0,0,0,0,0,0,0,0
1788910035.162142,4167,pg_toast,pg_toast_3256,0,0,0,0,0,0,0,0,0
1788910035.162142,4151,pg_toast,pg_toast_1417,0,0,0,0,0,0,0,0,0
1788910035.162142,2834,pg_toast,pg_toast_2609,0,0,0,0,0,0,0,0,0
1788910035.162142,6000,pg_catalog,pg_replication_origin,0,0,0,0,0,0,0,0,0
1788910035.162142,2840,pg_toast,pg_toast_2619,0,0,0,0,0,0,0,0,0
1788910035.162142,1985486,public,last_trade,0,0,0,0,0,0,0,0,0
1788910035.162142,2328,pg_catalog,pg_foreign_data_wrapper,0,0,0,0,0,0,0,0,0
1788910035.162142,4157,pg_toast,pg_toast_2612,0,0,0,0,0,0,0,0,0
1788910035.162142,1260,pg_catalog,pg_authid,0,0,0,0,0,0,0,0,0
1788910035.162142,6102,pg_catalog,pg_subscription_rel,0,0,0,0,0,0,0,0,0
1788910035.162142,1214,pg_catalog,pg_shdepend,0,0,0,0,0,0,0,0,0
1788910035.162142,4163,pg_toast,pg_toast_2615,0,0,0,0,0,0,0,0,0
1788910035.162142,1985343,public,charge,0,0,0,0,0,0,0,0,0
1788910035.162142,1985440,public,daily_market,0,0,0,0,0,0,0,0,0
1788910035.162142,1985422,public,company,0,0,0,0,0,0,0,0,0
1788910035.162142,4169,pg_toast,pg_toast_3600,0,0,0,0,0,0,0,0,0
1788910035.162142,2615,pg_catalog,pg_namespace,1,4,5,2,0,0,0,0,0
1788910035.162142,2396,pg_catalog,pg_shdescription,0,0,0,0,0,0,0,0,0
1788910035.162142,3600,pg_catalog,pg_ts_dict,0,0,0,0,0,0,0,0,0
1788910035.162142,1985325,public,broker,0,0,0,0,0,0,0,0,0
1788910035.162142,3596,pg_catalog,pg_seclabel,0,0,0,0,0,0,0,0,0
1788910035.162142,1985460,public,financial,0,0,0,0,0,0,0,0,0
1788910035.162142,2609,pg_catalog,pg_description,0,0,0,0,0,0,0,0,0
1788910035.162142,1985351,public,commission_rate,0,0,0,0,0,0,0,0,0
1788910035.162142,13482,pg_toast,pg_toast_13479,0,0,0,0,0,0,0,0,0
1788910035.162142,1985396,public,trade_history,0,0,0,0,0,0,0,0,0
1788910035.162142,3603,pg_catalog,pg_ts_config_map,0,0,0,0,0,0,0,0,0
1788910035.162142,1213,pg_catalog,pg_tablespace,0,0,1,1,0,0,0,0,0
1788910035.162142,2608,pg_catalog,pg_depend,0,0,0,0,0,0,0,0,0
1788910035.162142,2964,pg_catalog,pg_db_role_setting,0,0,0,0,0,0,0,0,0
1788910035.162142,1985283,pg_toast,pg_toast_1985275,0,0,0,0,0,0,0,0,0
1788910035.162142,1418,pg_catalog,pg_user_mapping,0,0,0,0,0,0,0,0,0
1788910035.162142,2613,pg_catalog,pg_largeobject,0,0,0,0,0,0,0,0,0
1788910035.162142,6175,pg_toast,pg_toast_3456,0,0,0,0,0,0,0,0,0
1788910035.162142,1261,pg_catalog,pg_auth_members,0,0,0,0,0,0,0,0,0
1788910035.162142,1985335,public,cash_transaction,0,0,0,0,0,0,0,0,0
1788910035.162142,2617,pg_catalog,pg_operator,0,0,5,5,0,0,0,0,0
1788910035.162142,1985300,pg_toast,pg_toast_1985290,0,0,0,0,0,0,0,0,0
1788910035.162142,1985538,public,address,0,0,0,0,0,0,0,0,0
1788910035.162142,2610,pg_catalog,pg_index,1,221,11,14,0,0,0,0,0
1788910035.162142,1249,pg_catalog,pg_attribute,0,0,75,92,0,0,0,0,0
1788910035.162142,1985512,public,sector,0,0,0,0,0,0,0,0,0
1788910035.162142,1985415,public,trade_type,0,0,0,0,0,0,0,0,0
1788910035.162142,2600,pg_catalog,pg_aggregate,0,0,1,1,0,0,0,0,0
1788910035.162142,2966,pg_toast,pg_toast_2964,0,0,0,0,0,0,0,0,0
1788910035.162142,1985451,public,exchange,0,0,0,0,0,0,0,0,0
1788910035.162142,2618,pg_catalog,pg_rewrite,0,0,1,1,0,0,0,0,0
1788910035.162142,4177,pg_toast,pg_toast_1262,0,0,0,0,0,0,0,0,0
1788910035.162142,13484,information_schema,sql_parts,0,0,,,0,0,0,0,0
1788910035.162142,4159,pg_toast,pg_toast_2600,0,0,0,0,0,0,0,0,0
1788910035.162142,4147,pg_toast,pg_toast_3079,0,0,0,0,0,0,0,0,0
1788910035.162142,13474,information_schema,sql_features,0,0,,,0,0,0,0,0
1788910035.162142,1985394,pg_toast,pg_toast_1985372,0,0,0,0,0,0,0,0,0
1788910035.162142,1247,pg_catalog,pg_type,0,0,19,19,0,0,0,0,0
1788910035.162142,2602,pg_catalog,pg_amop,0,0,12,25,0,0,0,0,0
1788910035.162142,3439,pg_toast,pg_toast_3381,0,0,0,0,0,0,0,0,0
1788910035.162142,2846,pg_toast,pg_toast_2396,0,0,0,0,0,0,0,0,0
1788910035.162142,1985555,public,zip_code,0,0,0,0,0,0,0,0,0
1788910035.162142,1985478,pg_toast,pg_toast_1985460,0,0,0,0,0,0,0,0,0
1788910035.162142,4145,pg_toast,pg_toast_3466,0,0,0,0,0,0,0,0,0
1788910035.162142,3541,pg_catalog,pg_range,0,0,0,0,0,0,0,0,0
1788910035.162142,3602,pg_catalog,pg_ts_config,0,0,0,0,0,0,0,0,0
1788910035.162142,1985333,pg_toast,pg_toast_1985325,0,0,0,0,0,0,0,0,0
1788910035.162142,4183,pg_toast,pg_toast_6100,0,0,0,0,0,0,0,0,0
1788910035.162142,1985496,public,news_item,0,0,0,0,0,0,0,0,0
1788910035.162142,2224,pg_catalog,pg_sequence,0,0,0,0,0,0,0,0,0
1788910035.162142,2611,pg_catalog,pg_inherits,0,0,0,0,0,0,0,0,0
1788910035.162142,1417,pg_catalog,pg_foreign_server,0,0,0,0,0,0,0,0,0
1788910035.162142,1262,pg_catalog,pg_database,0,0,0,0,0,0,0,0,0
1788910035.162142,13492,pg_toast,pg_toast_13489,0,0,0,0,0,0,0,0,0
1788910035.162142,3501,pg_catalog,pg_enum,0,0,0,0,0,0,0,0,0
1788910035.162142,2607,pg_catalog,pg_conversion,0,0,0,0,0,0,0,0,0
1788910035.162142,1985449,pg_toast,pg_toast_1985440,0,0,0,0,0,0,0,0,0
1788910035.162142,826,pg_catalog,pg_default_acl,0,0,0,0,0,0,0,0,0
1788910035.162142,2604,pg_catalog,pg_attrdef,0,0,0,0,0,0,0,0,0
1788910035.162142,2336,pg_toast,pg_toast_2620,0,0,0,0,0,0,0,0,0
1788910035.162142,2603,pg_catalog,pg_amproc,0,0,5,11,0,0,0,0,0
1788910035.162142,2606,pg_catalog,pg_constraint,0,0,3,8,0,0,0,0,0
1788910035.162142,1255,pg_catalog,pg_proc,0,0,19,24,0,0,0,0,0
1788910035.162142,4173,pg_toast,pg_toast_1418,0,0,0,0,0,0,0,0,0
1788910035.162142,1985285,public,customer_taxrate,0,0,0,0,0,0,0,0,0
1788910035.162142,2620,pg_catalog,pg_trigger,0,0,0,0,0,0,0,0,0
1788910035.162142,1985256,public,account_permission,0,0,0,0,0,0,0,0,0
1788910035.162142,1985507,public,news_xref,0,0,0,0,0,0,0,0,0
1788910035.162142,1985480,public,industry,0,0,0,0,0,0,0,0,0
1788910035.162142,2612,pg_catalog,pg_language,0,0,0,0,0,0,0,0,0
1788910035.162142,4149,pg_toast,pg_toast_2328,0,0,0,0,0,0,0,0,0
1788910035.162142,6351,pg_toast,pg_toast_2610,0,0,0,0,0,0,0,0,0
1788910035.162142,13489,information_schema,sql_sizing,0,0,,,0,0,0,0,0
1788910035.162142,1985494,pg_toast,pg_toast_1985486,0,0,0,0,0,0,0,0,0
1788910035.162142,3598,pg_toast,pg_toast_3596,0,0,0,0,0,0,0,0,0
1788910035.162142,2836,pg_toast,pg_toast_1255,0,0,0,0,0,0,0,0,0
1788910035.162142,3456,pg_catalog,pg_collation,0,0,0,0,0,0,0,0,0
1788910035.162142,3079,pg_catalog,pg_extension,0,0,0,0,0,0,0,0,0
1788910035.162142,6100,pg_catalog,pg_subscription,0,0,0,0,0,0,0,0,0
1788910035.162142,2832,pg_toast,pg_toast_2606,0,0,0,0,0,0,0,0,0
1788910035.162142,3256,pg_catalog,pg_policy,0,0,0,0,0,0,0,0,0
1788910035.162142,1985302,public,holding_history,0,0,0,0,0,0,0,0,0
1788910035.162142,1985517,public,security,0,0,0,0,0,0,0,0,0
1788910035.162142,3466,pg_catalog,pg_event_trigger,0,0,0,0,0,0,0,0,0
1788910035.162142,3592,pg_catalog,pg_shseclabel,0,0,0,0,0,0,0,0,0
1788910035.162142,3764,pg_catalog,pg_ts_template,0,0,0,0,0,0,0,0,0
1788910035.162142,6237,pg_catalog,pg_publication_namespace,0,0,0,0,0,0,0,0,0
1788910035.162142,13487,pg_toast,pg_toast_13484,0,0,0,0,0,0,0,0,0
1788910035.162142,2995,pg_catalog,pg_largeobject_metadata,0,0,0,0,0,0,0,0,0
1788910035.162142,1985275,public,customer_account,0,0,0,0,0,0,0,0,0
1788910035.162142,4143,pg_toast,pg_toast_826,0,0,0,0,0,0,0,0,0
1788910035.162142,4185,pg_toast,pg_toast_1213,0,0,0,0,0,0,0,0,0
1788910035.162142,6243,pg_catalog,pg_parameter_acl,0,0,0,0,0,0,0,0,0
1788910035.162142,2616,pg_catalog,pg_opclass,0,0,8,134,0,0,0,0,0
1788910035.162142,1985290,public,holding,0,0,0,0,0,0,0,0,0
1788910035.162142,2838,pg_toast,pg_toast_2618,0,0,1,3,0,0,0,0,0
1788910035.162142,6228,pg_toast,pg_toast_6106,0,0,0,0,0,0,0,0,0
1788910035.162142,1985349,pg_toast,pg_toast_1985343,0,0,0,0,0,0,0,0,0
1788910035.162142,1985434,public,company_competitor,0,0,0,0,0,0,0,0,0
1788910035.162142,1985370,pg_toast,pg_toast_1985363,0,0,0,0,0,0,0,0,0
1788910035.162142,1985505,pg_toast,pg_toast_1985496,0,0,0,0,0,0,0,0,0
1788910035.162142,1985264,public,customer,0,0,0,0,0,0,0,0,0
1788910035.162142,3118,pg_catalog,pg_foreign_table,0,0,0,0,0,0,0,0,0
1788910035.162142,1259,pg_catalog,pg_class,1,523,12,12,0,0,0,0,0
1788910035.162142,3350,pg_catalog,pg_partitioned_table,0,0,0,0,0,0,0,0,0
1788910035.162142,4153,pg_toast,pg_toast_3118,0,0,0,0,0,0,0,0,0
1788910035.162142,4060,pg_toast,pg_toast_3592,0,0,0,0,0,0,0,0,0
1788910035.162142,1985543,public,status_type,0,0,0,0,0,0,0,0,0
1788910035.162142,4165,pg_toast,pg_toast_3350,0,0,0,0,0,0,0,0,0
1788910035.162142,1985402,public,trade_request,0,0,0,0,0,0,0,0,0
1788910035.162142,2753,pg_catalog,pg_opfamily,0,0,2,2,0,0,0,0,0
1788910035.162142,3601,pg_catalog,pg_ts_parser,0,0,0,0,0,0,0,0,0
1788910035.162142,6104,pg_catalog,pg_publication,0,0,0,0,0,0,0,0,0
1788910035.162142,13477,pg_toast,pg_toast_13474,0,0,0,0,0,0,0,0,0
1788910035.162142,3429,pg_catalog,pg_statistic_ext_data,0,0,0,0,0,0,0,0,0
1788910035.162142,2619,pg_catalog,pg_statistic,0,0,17,8,0,0,0,0,0
1788910035.162142,4155,pg_toast,pg_toast_3394,0,0,0,0,0,0,0,0,0
1788910035.162142,1985548,public,taxrate,0,0,0,0,0,0,0,0,0
1788910035.162142,3381,pg_catalog,pg_statistic_ext,0,0,3,0,0,0,0,0,0
1788910035.162142,6106,pg_catalog,pg_publication_rel,0,0,0,0,0,0,0,0,0
1788910035.162142,1985372,public,trade,0,0,0,0,0,0,0,0,0
1788910035.162142,2605,pg_catalog,pg_cast,0,0,34,7,0,0,0,0,0
1788910035.162142,4171,pg_toast,pg_toast_1247,0,0,0,0,0,0,0,0,0
1788910035.162142,2830,pg_toast,pg_toast_2604,0,0,0,0,0,0,0,0,0
1788910035.162142,1985309,public,holding_summary,0,0,0,0,0,0,0,0,0
1788910035.162142,1985413,pg_toast,pg_toast_1985402,0,0,0,0,0,0,0,0,0
1788910035.162142,13479,information_schema,sql_implementation_info,0,0,,,0,0,0,0,0
1788910035.162142,1985341,pg_toast,pg_toast_1985335,0,0,0,0,0,0,0,0,0
1788910035.162142,6244,pg_toast,pg_toast_6243,0,0,0,0,0,0,0,0,0
1788910035.162142,1985315,public,watch_item,0,0,0,0,0,0,0,0,0
1788910035.162142,3430,pg_toast,pg_toast_3429,0,0,0,0,0,0,0,0,0
1788910035.162142,1985320,public,watch_list,0,0,0,0,0,0,0,0,0
1788910095.288314,1985536,pg_toast,pg_toast_1985517,0,0,0,0,0,0,0,0,0
1788910095.288314,3576,pg_catalog,pg_transform,0,0,0,0,0,0,0,0,0
1788910095.288314,2601,pg_catalog,pg_am,0,0,0,0,0,0,0,0,0
1788910095.288314,1985363,public,settlement,0,0,0,0,0,0,0,0,0
1788910095.288314,3394,pg_catalog,pg_init_privs,0,0,0,0,0,0,0,0,0
1788910095.288314,4167,pg_toast,pg_toast_3256,0,0,0,0,0,0,0,0,0
1788910095.288314,4151,pg_toast,pg_toast_1417,0,0,0,0,0,0,0,0,0
1788910095.288314,2834,pg_toast,pg_toast_2609,0,0,0,0,0,0,0,0,0
1788910095.288314,6000,pg_catalog,pg_replication_origin,0,0,0,0,0,0,0,0,0
1788910095.288314,2840,pg_toast,pg_toast_2619,0,0,0,0,0,0,0,0,0
1788910095.288314,1985486,public,last_trade,0,0,0,0,0,0,0,0,0
1788910095.288314,2328,pg_catalog,pg_foreign_data_wrapper,0,0,0,0,0,0,0,0,0
1788910095.288314,4157,pg_toast,pg_toast_2612,0,0,0,0,0,0,0,0,0
1788910095.288314,1260,pg_catalog,pg_authid,0,0,0,0,0,0,0,0,0
1788910095.288314,6102,pg_catalog,pg_subscription_rel,0,0,0,0,0,0,0,0,0
1788910095.288314,1214,pg_catalog,pg_shdepend,0,0,0,0,0,0,0,0,0
1788910095.288314,4163,pg_toast,pg_toast_2615,0,0,0,0,0,0,0,0,0
1788910095.288314,1985343,public,charge,0,0,0,0,0,0,0,0,0
1788910095.288314,1985440,public,daily_market,0,0,0,0,0,0,0,0,0
1788910095.288314,1985422,public,company,0,0,0,0,0,0,0,0,0
1788910095.288314,4169,pg_toast,pg_toast_3600,0,0,0,0,0,0,0,0,0
1788910095.288314,2615,pg_catalog,pg_namespace,1,4,5,2,0,0,0,0,0
1788910095.288314,2396,pg_catalog,pg_shdescription,0,0,0,0,0,0,0,0,0
1788910095.288314,3600,pg_catalog,pg_ts_dict,0,0,0,0,0,0,0,0,0
1788910095.288314,1985325,public,broker,0,0,0,0,0,0,0,0,0
1788910095.288314,3596,pg_catalog,pg_seclabel,0,0,0,0,0,0,0,0,0
1788910095.288314,1985460,public,financial,0,0,0,0,0,0,0,0,0
1788910095.288314,2609,pg_catalog,pg_description,0,0,0,0,0,0,0,0,0
1788910095.288314,1985351,public,commission_rate,0,0,0,0,0,0,0,0,0
1788910095.288314,13482,pg_toast,pg_toast_13479,0,0,0,0,0,0,0,0,0
1788910095.288314,1985396,public,trade_history,0,0,0,0,0,0,0,0,0
1788910095.288314,3603,pg_catalog,pg_ts_config_map,0,0,0,0,0,0,0,0,0
1788910095.288314,1213,pg_catalog,pg_tablespace,0,0,1,1,0,0,0,0,0
1788910095.288314,2608,pg_catalog,pg_depend,0,0,0,0,0,0,0,0,0
1788910095.288314,2964,pg_catalog,pg_db_role_setting,0,0,0,0,0,0,0,0,0
1788910095.288314,1985283,pg_toast,pg_toast_1985275,0,0,0,0,0,0,0,0,0
1788910095.288314,1418,pg_catalog,pg_user_mapping,0,0,0,0,0,0,0,0,0
1788910095.288314,2613,pg_catalog,pg_largeobject,0,0,0,0,0,0,0,0,0
1788910095.288314,6175,pg_toast,pg_toast_3456,0,0,0,0,0,0,0,0,0
1788910095.288314,1261,pg_catalog,pg_auth_members,0,0,0,0,0,0,0,0,0
1788910095.288314,1985335,public,cash_transaction,0,0,0,0,0,0,0,0,0
1788910095.288314,2617,pg_catalog,pg_operator,0,0,5,5,0,0,0,0,0
1788910095.288314,1985300,pg_toast,pg_toast_1985290,0,0,0,0,0,0,0,0,0
1788910095.288314,1985538,public,address,0,0,0,0,0,0,0,0,0
1788910095.288314,2610,pg_catalog,pg_index,1,221,11,14,0,0,0,0,0
1788910095.288314,1249,pg_catalog,pg_attribute,0,0,75,92,0,0,0,0,0
1788910095.288314,1985512,public,sector,0,0,0,0,0,0,0,0,0
1788910095.288314,1985415,public,trade_type,0,0,0,0,0,0,0,0,0
1788910095.288314,2600,pg_catalog,pg_aggregate,0,0,1,1,0,0,0,0,0
1788910095.288314,2966,pg_toast,pg_toast_2964,0,0,0,0,0,0,0,0,0
1788910095.288314,1985451,public,exchange,0,0,0,0,0,0,0,0,0
1788910095.288314,2618,pg_catalog,pg_rewrite,0,0,1,1,0,0,0,0,0
1788910095.288314,4177,pg_toast,pg_toast_1262,0,0,0,0,0,0,0,0,0
1788910095.288314,13484,information_schema,sql_parts,0,0,,,0,0,0,0,0
1788910095.288314,4159,pg_toast,pg_toast_2600,0,0,0,0,0,0,0,0,0
1788910095.288314,4147,pg_toast,pg_toast_3079,0,0,0,0,0,0,0,0,0
1788910095.288314,13474,information_schema,sql_features,0,0,,,0,0,0,0,0
1788910095.288314,1985394,pg_toast,pg_toast_1985372,0,0,0,0,0,0,0,0,0
1788910095.288314,1247,pg_catalog,pg_type,0,0,19,19,0,0,0,0,0
1788910095.288314,2602,pg_catalog,pg_amop,0,0,12,25,0,0,0,0,0
1788910095.288314,3439,pg_toast,pg_toast_3381,0,0,0,0,0,0,0,0,0
1788910095.288314,2846,pg_toast,pg_toast_2396,0,0,0,0,0,0,0,0,0
1788910095.288314,1985555,public,zip_code,0,0,0,0,0,0,0,0,0
1788910095.288314,1985478,pg_toast,pg_toast_1985460,0,0,0,0,0,0,0,0,0
1788910095.288314,4145,pg_toast,pg_toast_3466,0,0,0,0,0,0,0,0,0
1788910095.288314,3541,pg_catalog,pg_range,0,0,0,0,0,0,0,0,0
1788910095.288314,3602,pg_catalog,pg_ts_config,0,0,0,0,0,0,0,0,0
1788910095.288314,1985333,pg_toast,pg_toast_1985325,0,0,0,0,0,0,0,0,0
1788910095.288314,4183,pg_toast,pg_toast_6100,0,0,0,0,0,0,0,0,0
1788910095.288314,1985496,public,news_item,0,0,0,0,0,0,0,0,0
1788910095.288314,2224,pg_catalog,pg_sequence,0,0,0,0,0,0,0,0,0
1788910095.288314,2611,pg_catalog,pg_inherits,0,0,0,0,0,0,0,0,0
1788910095.288314,1417,pg_catalog,pg_foreign_server,0,0,0,0,0,0,0,0,0
1788910095.288314,1262,pg_catalog,pg_database,0,0,0,0,0,0,0,0,0
1788910095.288314,13492,pg_toast,pg_toast_13489,0,0,0,0,0,0,0,0,0
1788910095.288314,3501,pg_catalog,pg_enum,0,0,0,0,0,0,0,0,0
1788910095.288314,2607,pg_catalog,pg_conversion,0,0,0,0,0,0,0,0,0
1788910095.288314,1985449,pg_toast,pg_toast_1985440,0,0,0,0,0,0,0,0,0
1788910095.288314,826,pg_catalog,pg_default_acl,0,0,0,0,0,0,0,0,0
1788910095.288314,2604,pg_catalog,pg_attrdef,0,0,0,0,0,0,0,0,0
1788910095.288314,2336,pg_toast,pg_toast_2620,0,0,0,0,0,0,0,0,0
1788910095.288314,2603,pg_catalog,pg_amproc,0,0,5,11,0,0,0,0,0
1788910095.288314,2606,pg_catalog,pg_constraint,0,0,3,8,0,0,0,0,0
1788910095.288314,1255,pg_catalog,pg_proc,0,0,19,24,0,0,0,0,0
1788910095.288314,4173,pg_toast,pg_toast_1418,0,0,0,0,0,0,0,0,0
1788910095.288314,1985285,public,customer_taxrate,0,0,0,0,0,0,0,0,0
1788910095.288314,2620,pg_catalog,pg_trigger,0,0,0,0,0,0,0,0,0
1788910095.288314,1985256,public,account_permission,0,0,0,0,0,0,0,0,0
1788910095.288314,1985507,public,news_xref,0,0,0,0,0,0,0,0,0
1788910095.288314,1985480,public,industry,0,0,0,0,0,0,0,0,0
1788910095.288314,2612,pg_catalog,pg_language,0,0,0,0,0,0,0,0,0
1788910095.288314,4149,pg_toast,pg_toast_2328,0,0,0,0,0,0,0,0,0
1788910095.288314,6351,pg_toast,pg_toast_2610,0,0,0,0,0,0,0,0,0
1788910095.288314,13489,information_schema,sql_sizing,0,0,,,0,0,0,0,0
1788910095.288314,1985494,pg_toast,pg_toast_1985486,0,0,0,0,0,0,0,0,0
1788910095.288314,3598,pg_toast,pg_toast_3596,0,0,0,0,0,0,0,0,0
1788910095.288314,2836,pg_toast,pg_toast_1255,0,0,0,0,0,0,0,0,0
1788910095.288314,3456,pg_catalog,pg_collation,0,0,0,0,0,0,0,0,0
1788910095.288314,3079,pg_catalog,pg_extension,0,0,0,0,0,0,0,0,0
1788910095.288314,6100,pg_catalog,pg_subscription,0,0,0,0,0,0,0,0,0
1788910095.288314,2832,pg_toast,pg_toast_2606,0,0,0,0,0,0,0,0,0
1788910095.288314,3256,pg_catalog,pg_policy,0,0,0,0,0,0,0,0,0
1788910095.288314,1985302,public,holding_history,0,0,0,0,0,0,0,0,0
1788910095.288314,1985517,public,security,0,0,0,0,0,0,0,0,0
1788910095.288314,3466,pg_catalog,pg_event_trigger,0,0,0,0,0,0,0,0,0
1788910095.288314,3592,pg_catalog,pg_shseclabel,0,0,0,0,0,0,0,0,0
1788910095.288314,3764,pg_catalog,pg_ts_template,0,0,0,0,0,0,0,0,0
1788910095.288314,6237,pg_catalog,pg_publication_namespace,0,0,0,0,0,0,0,0,0
1788910095.288314,13487,pg_toast,pg_toast_13484,0,0,0,0,0,0,0,0,0
1788910095.288314,2995,pg_catalog,pg_largeobject_metadata,0,0,0,0,0,0,0,0,0
1788910095.288314,1985275,public,customer_account,0,0,0,0,0,0,0,0,0
1788910095.288314,4143,pg_toast,pg_toast_826,0,0,0,0,0,0,0,0,0
1788910095.288314,4185,pg_toast,pg_toast_1213,0,0,0,0,0,0,0,0,0
1788910095.288314,6243,pg_catalog,pg_parameter_acl,0,0,0,0,0,0,0,0,0
1788910095.288314,2616,pg_catalog,pg_opclass,0,0,8,134,0,0,0,0,0
1788910095.288314,1985290,public,holding,0,0,0,0,0,0,0,0,0
1788910095.288314,2838,pg_toast,pg_toast_2618,0,0,1,3,0,0,0,0,0
1788910095.288314,6228,pg_toast,pg_toast_6106,0,0,0,0,0,0,0,0,0
1788910095.288314,1985349,pg_toast,pg_toast_1985343,0,0,0,0,0,0,0,0,0
1788910095.288314,1985434,public,company_competitor,0,0,0,0,0,0,0,0,0
1788910095.288314,1985370,pg_toast,pg_toast_1985363,0,0,0,0,0,0,0,0,0
1788910095.288314,1985505,pg_toast,pg_toast_1985496,0,0,0,0,0,0,0,0,0
1788910095.288314,1985264,public,customer,0,0,0,0,0,0,0,0,0
1788910095.288314,3118,pg_catalog,pg_foreign_table,0,0,0,0,0,0,0,0,0
1788910095.288314,1259,pg_catalog,pg_class,1,523,12,12,0,0,0,0,0
1788910095.288314,3350,pg_catalog,pg_partitioned_table,0,0,0,0,0,0,0,0,0
1788910095.288314,4153,pg_toast,pg_toast_3118,0,0,0,0,0,0,0,0,0
1788910095.288314,4060,pg_toast,pg_toast_3592,0,0,0,0,0,0,0,0,0
1788910095.288314,1985543,public,status_type,0,0,0,0,0,0,0,0,0
1788910095.288314,4165,pg_toast,pg_toast_3350,0,0,0,0,0,0,0,0,0
1788910095.288314,1985402,public,trade_request,0,0,0,0,0,0,0,0,0
1788910095.288314,2753,pg_catalog,pg_opfamily,0,0,2,2,0,0,0,0,0
1788910095.288314,3601,pg_catalog,pg_ts_parser,0,0,0,0,0,0,0,0,0
1788910095.288314,6104,pg_catalog,pg_publication,0,0,0,0,0,0,0,0,0
1788910095.288314,13477,pg_toast,pg_toast_13474,0,0,0,0,0,0,0,0,0
1788910095.288314,3429,pg_catalog,pg_statistic_ext_data,0,0,0,0,0,0,0,0,0
1788910095.288314,2619,pg_catalog,pg_statistic,0,0,17,8,0,0,0,0,0
1788910095.288314,4155,pg_toast,pg_toast_3394,0,0,0,0,0,0,0,0,0
1788910095.288314,1985548,public,taxrate,0,0,0,0,0,0,0,0,0
1788910095.288314,3381,pg_catalog,pg_statistic_ext,0,0,3,0,0,0,0,0,0
1788910095.288314,6106,pg_catalog,pg_publication_rel,0,0,0,0,0,0,0,0,0
1788910095.288314,1985372,public,trade,0,0,0,0,0,0,0,0,0
1788910095.288314,2605,pg_catalog,pg_cast,0,0,34,7,0,0,0,0,0
1788910095.288314,4171,pg_toast,pg_toast_1247,0,0,0,0,0,0,0,0,0
1788910095.288314,2830,pg_toast,pg_toast_2604,0,0,0,0,0,0,0,0,0
1788910095.288314,1985309,public,holding_summary,0,0,0,0,0,0,0,0,0
1788910095.288314,1985413,pg_toast,pg_toast_1985402,0,0,0,0,0,0,0,0,0
1788910095.288314,13479,information_schema,sql_implementation_info,0,0,,,0,0,0,0,0
1788910095.288314,1985341,pg_toast,pg_toast_1985335,0,0,0,0,0,0,0,0,0
1788910095.288314,6244,pg_toast,pg_toast_6243,0,0,0,0,0,0,0,0,0
1788910095.288314,1985315,public,watch_item,0,0,0,0,0,0,0,0,0
1788910095.288314,3430,pg_toast,pg_toast_3429,0,0,0,0,0,0,0,0,0
1788910095.288314,1985320,public,watch_list,0,0,0,0,0,0,0,0,0
1788910155.393199,1985536,pg_toast,pg_toast_1985517,0,0,0,0,0,0,0,0,0
1788910155.393199,3576,pg_catalog,pg_transform,0,0,0,0,0,0,0,0,0
1788910155.393199,2601,pg_catalog,pg_am,0,0,0,0,0,0,0,0,0
1788910155.393199,1985363,public,settlement,0,0,0,0,0,0,0,0,0
1788910155.393199,3394,pg_catalog,pg_init_privs,0,0,0,0,0,0,0,0,0
1788910155.393199,4167,pg_toast,pg_toast_3256,0,0,0,0,0,0,0,0,0
1788910155.393199,4151,pg_toast,pg_toast_1417,0,0,0,0,0,0,0,0,0
1788910155.393199,2834,pg_toast,pg_toast_2609,0,0,0,0,0,0,0,0,0
1788910155.393199,6000,pg_catalog,pg_replication_origin,0,0,0,0,0,0,0,0,0
1788910155.393199,2840,pg_toast,pg_toast_2619,0,0,0,0,0,0,0,0,0
1788910155.393199,1985486,public,last_trade,0,0,0,0,0,0,0,0,0
1788910155.393199,2328,pg_catalog,pg_foreign_data_wrapper,0,0,0,0,0,0,0,0,0
1788910155.393199,4157,pg_toast,pg_toast_2612,0,0,0,0,0,0,0,0,0
1788910155.393199,1260,pg_catalog,pg_authid,0,0,0,0,0,0,0,0,0
1788910155.393199,6102,pg_catalog,pg_subscription_rel,0,0,0,0,0,0,0,0,0
1788910155.393199,1214,pg_catalog,pg_shdepend,0,0,0,0,0,0,0,0,0
1788910155.393199,4163,pg_toast,pg_toast_2615,0,0,0,0,0,0,0,0,0
1788910155.393199,1985343,public,charge,0,0,0,0,0,0,0,0,0
1788910155.393199,1985440,public,daily_market,0,0,0,0,0,0,0,0,0
1788910155.393199,1985422,public,company,0,0,0,0,0,0,0,0,0
1788910155.393199,4169,pg_toast,pg_toast_3600,0,0,0,0,0,0,0,0,0
1788910155.393199,2615,pg_catalog,pg_namespace,1,4,5,2,0,0,0,0,0
1788910155.393199,2396,pg_catalog,pg_shdescription,0,0,0,0,0,0,0,0,0
1788910155.393199,3600,pg_catalog,pg_ts_dict,0,0,0,0,0,0,0,0,0
1788910155.393199,1985325,public,broker,0,0,0,0,0,0,0,0,0
1788910155.393199,3596,pg_catalog,pg_seclabel,0,0,0,0,0,0,0,0,0
1788910155.393199,1985460,public,financial,0,0,0,0,0,0,0,0,0
1788910155.393199,2609,pg_catalog,pg_description,0,0,0,0,0,0,0,0,0
1788910155.393199,1985351,public,commission_rate,0,0,0,0,0,0,0,0,0
1788910155.393199,13482,pg_toast,pg_toast_13479,0,0,0,0,0,0,0,0,0
1788910155.393199,1985396,public,trade_history,0,0,0,0,0,0,0,0,0
1788910155.393199,3603,pg_catalog,pg_ts_config_map,0,0,0,0,0,0,0,0,0
1788910155.393199,1213,pg_catalog,pg_tablespace,0,0,1,1,0,0,0,0,0
1788910155.393199,2608,pg_catalog,pg_depend,0,0,0,0,0,0,0,0,0
1788910155.393199,2964,pg_catalog,pg_db_role_setting,0,0,0,0,0,0,0,0,0
1788910155.393199,1985283,pg_toast,pg_toast_1985275,0,0,0,0,0,0,0,0,0
1788910155.393199,1418,pg_catalog,pg_user_mapping,0,0,0,0,0,0,0,0,0
1788910155.393199,2613,pg_catalog,pg_largeobject,0,0,0,0,0,0,0,0,0
1788910155.393199,6175,pg_toast,pg_toast_3456,0,0,0,0,0,0,0,0,0
1788910155.393199,1261,pg_catalog,pg_auth_members,0,0,0,0,0,0,0,0,0
1788910155.393199,1985335,public,cash_transaction,0,0,0,0,0,0,0,0,0
1788910155.393199,2617,pg_catalog,pg_operator,0,0,5,5,0,0,0,0,0
1788910155.393199,1985300,pg_toast,pg_toast_1985290,0,0,0,0,0,0,0,0,0
1788910155.393199,1985538,public,address,0,0,0,0,0,0,0,0,0
1788910155.393199,2610,pg_catalog,pg_index,1,221,11,14,0,0,0,0,0
1788910155.393199,1249,pg_catalog,pg_attribute,0,0,75,92,0,0,0,0,0
1788910155.393199,1985512,public,sector,0,0,0,0,0,0,0,0,0
1788910155.393199,1985415,public,trade_type,0,0,0,0,0,0,0,0,0
1788910155.393199,2600,pg_catalog,pg_aggregate,0,0,1,1,0,0,0,0,0
1788910155.393199,2966,pg_toast,pg_toast_2964,0,0,0,0,0,0,0,0,0
1788910155.393199,1985451,public,exchange,0,0,0,0,0,0,0,0,0
1788910155.393199,2618,pg_catalog,pg_rewrite,0,0,1,1,0,0,0,0,0
1788910155.393199,4177,pg_toast,pg_toast_1262,0,0,0,0,0,0,0,0,0
1788910155.393199,13484,information_schema,sql_parts,0,0,,,0,0,0,0,0
1788910155.393199,4159,pg_toast,pg_toast_2600,0,0,0,0,0,0,0,0,0
1788910155.393199,4147,pg_toast,pg_toast_3079,0,0,0,0,0,0,0,0,0
1788910155.393199,13474,information_schema,sql_features,0,0,,,0,0,0,0,0
1788910155.393199,1985394,pg_toast,pg_toast_1985372,0,0,0,0,0,0,0,0,0
1788910155.393199,1247,pg_catalog,pg_type,0,0,19,19,0,0,0,0,0
1788910155.393199,2602,pg_catalog,pg_amop,0,0,12,25,0,0,0,0,0
1788910155.393199,3439,pg_toast,pg_toast_3381,0,0,0,0,0,0,0,0,0
1788910155.393199,2846,pg_toast,pg_toast_2396,0,0,0,0,0,0,0,0,0
1788910155.393199,1985555,public,zip_code,0,0,0,0,0,0,0,0,0
1788910155.393199,1985478,pg_toast,pg_toast_1985460,0,0,0,0,0,0,0,0,0
1788910155.393199,4145,pg_toast,pg_toast_3466,0,0,0,0,0,0,0,0,0
1788910155.393199,3541,pg_catalog,pg_range,0,0,0,0,0,0,0,0,0
1788910155.393199,3602,pg_catalog,pg_ts_config,0,0,0,0,0,0,0,0,0
1788910155.393199,1985333,pg_toast,pg_toast_1985325,0,0,0,0,0,0,0,0,0
1788910155.393199,4183,pg_toast,pg_toast_6100,0,0,0,0,0,0,0,0,0
1788910155.393199,1985496,public,news_item,0,0,0,0,0,0,0,0,0
1788910155.393199,2224,pg_catalog,pg_sequence,0,0,0,0,0,0,0,0,0
1788910155.393199,2611,pg_catalog,pg_inherits,0,0,0,0,0,0,0,0,0
1788910155.393199,1417,pg_catalog,pg_foreign_server,0,0,0,0,0,0,0,0,0
1788910155.393199,1262,pg_catalog,pg_database,0,0,0,0,0,0,0,0,0
1788910155.393199,13492,pg_toast,pg_toast_13489,0,0,0,0,0,0,0,0,0
1788910155.393199,3501,pg_catalog,pg_enum,0,0,0,0,0,0,0,0,0
1788910155.393199,2607,pg_catalog,pg_conversion,0,0,0,0,0,0,0,0,0
1788910155.393199,1985449,pg_toast,pg_toast_1985440,0,0,0,0,0,0,0,0,0
1788910155.393199,826,pg_catalog,pg_default_acl,0,0,0,0,0,0,0,0,0
1788910155.393199,2604,pg_catalog,pg_attrdef,0,0,0,0,0,0,0,0,0
1788910155.393199,2336,pg_toast,pg_toast_2620,0,0,0,0,0,0,0,0,0
1788910155.393199,2603,pg_catalog,pg_amproc,0,0,5,11,0,0,0,0,0
1788910155.393199,2606,pg_catalog,pg_constraint,0,0,3,8,0,0,0,0,0
1788910155.393199,1255,pg_catalog,pg_proc,0,0,19,24,0,0,0,0,0
1788910155.393199,4173,pg_toast,pg_toast_1418,0,0,0,0,0,0,0,0,0
1788910155.393199,1985285,public,customer_taxrate,0,0,0,0,0,0,0,0,0
1788910155.393199,2620,pg_catalog,pg_trigger,0,0,0,0,0,0,0,0,0
1788910155.393199,1985256,public,account_permission,0,0,0,0,0,0,0,0,0
1788910155.393199,1985507,public,news_xref,0,0,0,0,0,0,0,0,0
1788910155.393199,1985480,public,industry,0,0,0,0,0,0,0,0,0
1788910155.393199,2612,pg_catalog,pg_language,0,0,0,0,0,0,0,0,0
1788910155.393199,4149,pg_toast,pg_toast_2328,0,0,0,0,0,0,0,0,0
1788910155.393199,6351,pg_toast,pg_toast_2610,0,0,0,0,0,0,0,0,0
1788910155.393199,13489,information_schema,sql_sizing,0,0,,,0,0,0,0,0
1788910155.393199,1985494,pg_toast,pg_toast_1985486,0,0,0,0,0,0,0,0,0
1788910155.393199,3598,pg_toast,pg_toast_3596,0,0,0,0,0,0,0,0,0
1788910155.393199,2836,pg_toast,pg_toast_1255,0,0,0,0,0,0,0,0,0
1788910155.393199,3456,pg_catalog,pg_collation,0,0,0,0,0,0,0,0,0
1788910155.393199,3079,pg_catalog,pg_extension,0,0,0,0,0,0,0,0,0
1788910155.393199,6100,pg_catalog,pg_subscription,0,0,0,0,0,0,0,0,0
1788910155.393199,2832,pg_toast,pg_toast_2606,0,0,0,0,0,0,0,0,0
1788910155.393199,3256,pg_catalog,pg_policy,0,0,0,0,0,0,0,0,0
1788910155.393199,1985302,public,holding_history,0,0,0,0,0,0,0,0,0
1788910155.393199,1985517,public,security,0,0,0,0,0,0,0,0,0
1788910155.393199,3466,pg_catalog,pg_event_trigger,0,0,0,0,0,0,0,0,0
1788910155.393199,3592,pg_catalog,pg_shseclabel,0,0,0,0,0,0,0,0,0
1788910155.393199,3764,pg_catalog,pg_ts_template,0,0,0,0,0,0,0,0,0
1788910155.393199,6237,pg_catalog,pg_publication_namespace,0,0,0,0,0,0,0,0,0
1788910155.393199,13487,pg_toast,pg_toast_13484,0,0,0,0,0,0,0,0,0
1788910155.393199,2995,pg_catalog,pg_largeobject_metadata,0,0,0,0,0,0,0,0,0
1788910155.393199,1985275,public,customer_account,0,0,0,0,0,0,0,0,0
1788910155.393199,4143,pg_toast,pg_toast_826,0,0,0,0,0,0,0,0,0
1788910155.393199,4185,pg_toast,pg_toast_1213,0,0,0,0,0,0,0,0,0
1788910155.393199,6243,pg_catalog,pg_parameter_acl,0,0,0,0,0,0,0,0,0
1788910155.393199,2616,pg_catalog,pg_opclass,0,0,8,134,0,0,0,0,0
1788910155.393199,1985290,public,holding,0,0,0,0,0,0,0,0,0
1788910155.393199,2838,pg_toast,pg_toast_2618,0,0,1,3,0,0,0,0,0
1788910155.393199,6228,pg_toast,pg_toast_6106,0,0,0,0,0,0,0,0,0
1788910155.393199,1985349,pg_toast,pg_toast_1985343,0,0,0,0,0,0,0,0,0
1788910155.393199,1985434,public,company_competitor,0,0,0,0,0,0,0,0,0
1788910155.393199,1985370,pg_toast,pg_toast_1985363,0,0,0,0,0,0,0,0,0
1788910155.393199,1985505,pg_toast,pg_toast_1985496,0,0,0,0,0,0,0,0,0
1788910155.393199,1985264,public,customer,0,0,0,0,0,0,0,0,0
1788910155.393199,3118,pg_catalog,pg_foreign_table,0,0,0,0,0,0,0,0,0
1788910155.393199,1259,pg_catalog,pg_class,1,523,12,12,0,0,0,0,0
1788910155.393199,3350,pg_catalog,pg_partitioned_table,0,0,0,0,0,0,0,0,0
1788910155.393199,4153,pg_toast,pg_toast_3118,0,0,0,0,0,0,0,0,0
1788910155.393199,4060,pg_toast,pg_toast_3592,0,0,0,0,0,0,0,0,0
1788910155.393199,1985543,public,status_type,0,0,0,0,0,0,0,0,0
1788910155.393199,4165,pg_toast,pg_toast_3350,0,0,0,0,0,0,0,0,0
1788910155.393199,1985402,public,trade_request,0,0,0,0,0,0,0,0,0
1788910155.393199,2753,pg_catalog,pg_opfamily,0,0,2,2,0,0,0,0,0
1788910155.393199,3601,pg_catalog,pg_ts_parser,0,0,0,0,0,0,0,0,0
1788910155.393199,6104,pg_catalog,pg_publication,0,0,0,0,0,0,0,0,0
1788910155.393199,13477,pg_toast,pg_toast_13474,0,0,0,0,0,0,0,0,0
1788910155.393199,3429,pg_catalog,pg_statistic_ext_data,0,0,0,0,0,0,0,0,0
1788910155.393199,2619,pg_catalog,pg_statistic,0,0,17,8,0,0,0,0,0
1788910155.393199,4155,pg_toast,pg_toast_3394,0,0,0,0,0,0,0,0,0
1788910155.393199,1985548,public,taxrate,0,0,0,0,0,0,0,0,0
1788910155.393199,3381,pg_catalog,pg_statistic_ext,0,0,3,0,0,0,0,0,0
1788910155.393199,6106,pg_catalog,pg_publication_rel,0,0,0,0,0,0,0,0,0
1788910155.393199,1985372,public,trade,0,0,0,0,0,0,0,0,0
1788910155.393199,2605,pg_catalog,pg_cast,0,0,34,7,0,0,0,0,0
1788910155.393199,4171,pg_toast,pg_toast_1247,0,0,0,0,0,0,0,0,0
1788910155.393199,2830,pg_toast,pg_toast_2604,0,0,0,0,0,0,0,0,0
1788910155.393199,1985309,public,holding_summary,0,0,0,0,0,0,0,0,0
1788910155.393199,1985413,pg_toast,pg_toast_1985402,0,0,0,0,0,0,0,0,0
1788910155.393199,13479,information_schema,sql_implementation_info,0,0,,,0,0,0,0,0
1788910155.393199,1985341,pg_toast,pg_toast_1985335,0,0,0,0,0,0,0,0,0
1788910155.393199,6244,pg_toast,pg_toast_6243,0,0,0,0,0,0,0,0,0
1788910155.393199,1985315,public,watch_item,0,0,0,0,0,0,0,0,0
1788910155.393199,3430,pg_toast,pg_toast_3429,0,0,0,0,0,0,0,0,0
1788910155.393199,1985320,public,watch_list,0,0,0,0,0,0,0,0,0
1788910215.559131,1985536,pg_toast,pg_toast_1985517,0,0,0,0,0,0,0,0,0
1788910215.559131,3576,pg_catalog,pg_transform,0,0,0,0,0,0,0,0,0
1788910215.559131,2601,pg_catalog,pg_am,0,0,0,0,0,0,0,0,0
1788910215.559131,1985363,public,settlement,0,0,0,0,0,0,0,0,0
1788910215.559131,3394,pg_catalog,pg_init_privs,0,0,0,0,0,0,0,0,0
1788910215.559131,4167,pg_toast,pg_toast_3256,0,0,0,0,0,0,0,0,0
1788910215.559131,4151,pg_toast,pg_toast_1417,0,0,0,0,0,0,0,0,0
1788910215.559131,2834,pg_toast,pg_toast_2609,0,0,0,0,0,0,0,0,0
1788910215.559131,6000,pg_catalog,pg_replication_origin,0,0,0,0,0,0,0,0,0
1788910215.559131,2840,pg_toast,pg_toast_2619,0,0,0,0,0,0,0,0,0
1788910215.559131,1985486,public,last_trade,0,0,0,0,0,0,0,0,0
1788910215.559131,2328,pg_catalog,pg_foreign_data_wrapper,0,0,0,0,0,0,0,0,0
1788910215.559131,4157,pg_toast,pg_toast_2612,0,0,0,0,0,0,0,0,0
1788910215.559131,1260,pg_catalog,pg_authid,0,0,0,0,0,0,0,0,0
1788910215.559131,6102,pg_catalog,pg_subscription_rel,0,0,0,0,0,0,0,0,0
1788910215.559131,1214,pg_catalog,pg_shdepend,0,0,0,0,0,0,0,0,0
1788910215.559131,4163,pg_toast,pg_toast_2615,0,0,0,0,0,0,0,0,0
1788910215.559131,1985343,public,charge,0,0,0,0,0,0,0,0,0
1788910215.559131,1985440,public,daily_market,0,0,0,0,0,0,0,0,0
1788910215.559131,1985422,public,company,0,0,0,0,0,0,0,0,0
1788910215.559131,4169,pg_toast,pg_toast_3600,0,0,0,0,0,0,0,0,0
1788910215.559131,2615,pg_catalog,pg_namespace,1,4,5,2,0,0,0,0,0
1788910215.559131,2396,pg_catalog,pg_shdescription,0,0,0,0,0,0,0,0,0
1788910215.559131,3600,pg_catalog,pg_ts_dict,0,0,0,0,0,0,0,0,0
1788910215.559131,1985325,public,broker,0,0,0,0,0,0,0,0,0
1788910215.559131,3596,pg_catalog,pg_seclabel,0,0,0,0,0,0,0,0,0
1788910215.559131,1985460,public,financial,0,0,0,0,0,0,0,0,0
1788910215.559131,2609,pg_catalog,pg_description,0,0,0,0,0,0,0,0,0
1788910215.559131,1985351,public,commission_rate,0,0,0,0,0,0,0,0,0
1788910215.559131,13482,pg_toast,pg_toast_13479,0,0,0,0,0,0,0,0,0
1788910215.559131,1985396,public,trade_history,0,0,0,0,0,0,0,0,0
1788910215.559131,3603,pg_catalog,pg_ts_config_map,0,0,0,0,0,0,0,0,0
1788910215.559131,1213,pg_catalog,pg_tablespace,0,0,1,1,0,0,0,0,0
1788910215.559131,2608,pg_catalog,pg_depend,0,0,0,0,0,0,0,0,0
1788910215.559131,2964,pg_catalog,pg_db_role_setting,0,0,0,0,0,0,0,0,0
1788910215.559131,1985283,pg_toast,pg_toast_1985275,0,0,0,0,0,0,0,0,0
1788910215.559131,1418,pg_catalog,pg_user_mapping,0,0,0,0,0,0,0,0,0
1788910215.559131,2613,pg_catalog,pg_largeobject,0,0,0,0,0,0,0,0,0
1788910215.559131,6175,pg_toast,pg_toast_3456,0,0,0,0,0,0,0,0,0
1788910215.559131,1261,pg_catalog,pg_auth_members,0,0,0,0,0,0,0,0,0
1788910215.559131,1985335,public,cash_transaction,0,0,0,0,0,0,0,0,0
1788910215.559131,2617,pg_catalog,pg_operator,0,0,5,5,0,0,0,0,0
1788910215.559131,1985300,pg_toast,pg_toast_1985290,0,0,0,0,0,0,0,0,0
1788910215.559131,1985538,public,address,0,0,0,0,0,0,0,0,0
1788910215.559131,2610,pg_catalog,pg_index,1,221,11,14,0,0,0,0,0
1788910215.559131,1249,pg_catalog,pg_attribute,0,0,75,92,0,0,0,0,0
1788910215.559131,1985512,public,sector,0,0,0,0,0,0,0,0,0
1788910215.559131,1985415,public,trade_type,0,0,0,0,0,0,0,0,0
1788910215.559131,2600,pg_catalog,pg_aggregate,0,0,1,1,0,0,0,0,0
1788910215.559131,2966,pg_toast,pg_toast_2964,0,0,0,0,0,0,0,0,0
1788910215.559131,1985451,public,exchange,0,0,0,0,0,0,0,0,0
1788910215.559131,2618,pg_catalog,pg_rewrite,0,0,1,1,0,0,0,0,0
1788910215.559131,4177,pg_toast,pg_toast_1262,0,0,0,0,0,0,0,0,0
1788910215.559131,13484,information_schema,sql_parts,0,0,,,0,0,0,0,0
1788910215.559131,4159,pg_toast,pg_toast_2600,0,0,0,0,0,0,0,0,0
1788910215.559131,4147,pg_toast,pg_toast_3079,0,0,0,0,0,0,0,0,0
1788910215.559131,13474,information_schema,sql_features,0,0,,,0,0,0,0,0
1788910215.559131,1985394,pg_toast,pg_toast_1985372,0,0,0,0,0,0,0,0,0
1788910215.559131,1247,pg_catalog,pg_type,0,0,19,19,0,0,0,0,0
1788910215.559131,2602,pg_catalog,pg_amop,0,0,12,25,0,0,0,0,0
1788910215.559131,3439,pg_toast,pg_toast_3381,0,0,0,0,0,0,0,0,0
1788910215.559131,2846,pg_toast,pg_toast_2396,0,0,0,0,0,0,0,0,0
1788910215.559131,1985555,public,zip_code,0,0,0,0,0,0,0,0,0
1788910215.559131,1985478,pg_toast,pg_toast_1985460,0,0,0,0,0,0,0,0,0
1788910215.559131,4145,pg_toast,pg_toast_3466,0,0,0,0,0,0,0,0,0
1788910215.559131,3541,pg_catalog,pg_range,0,0,0,0,0,0,0,0,0
1788910215.559131,3602,pg_catalog,pg_ts_config,0,0,0,0,0,0,0,0,0
1788910215.559131,1985333,pg_toast,pg_toast_1985325,0,0,0,0,0,0,0,0,0
1788910215.559131,4183,pg_toast,pg_toast_6100,0,0,0,0,0,0,0,0,0
1788910215.559131,1985496,public,news_item,0,0,0,0,0,0,0,0,0
1788910215.559131,2224,pg_catalog,pg_sequence,0,0,0,0,0,0,0,0,0
1788910215.559131,2611,pg_catalog,pg_inherits,0,0,0,0,0,0,0,0,0
1788910215.559131,1417,pg_catalog,pg_foreign_server,0,0,0,0,0,0,0,0,0
1788910215.559131,1262,pg_catalog,pg_database,0,0,0,0,0,0,0,0,0
1788910215.559131,13492,pg_toast,pg_toast_13489,0,0,0,0,0,0,0,0,0
1788910215.559131,3501,pg_catalog,pg_enum,0,0,0,0,0,0,0,0,0
1788910215.559131,2607,pg_catalog,pg_conversion,0,0,0,0,0,0,0,0,0
1788910215.559131,1985449,pg_toast,pg_toast_1985440,0,0,0,0,0,0,0,0,0
1788910215.559131,826,pg_catalog,pg_default_acl,0,0,0,0,0,0,0,0,0
1788910215.559131,2604,pg_catalog,pg_attrdef,0,0,0,0,0,0,0,0,0
1788910215.559131,2336,pg_toast,pg_toast_2620,0,0,0,0,0,0,0,0,0
1788910215.559131,2603,pg_catalog,pg_amproc,0,0,5,11,0,0,0,0,0
1788910215.559131,2606,pg_catalog,pg_constraint,0,0,3,8,0,0,0,0,0
1788910215.559131,1255,pg_catalog,pg_proc,0,0,19,24,0,0,0,0,0
1788910215.559131,4173,pg_toast,pg_toast_1418,0,0,0,0,0,0,0,0,0
1788910215.559131,1985285,public,customer_taxrate,0,0,0,0,0,0,0,0,0
1788910215.559131,2620,pg_catalog,pg_trigger,0,0,0,0,0,0,0,0,0
1788910215.559131,1985256,public,account_permission,0,0,0,0,0,0,0,0,0
1788910215.559131,1985507,public,news_xref,0,0,0,0,0,0,0,0,0
1788910215.559131,1985480,public,industry,0,0,0,0,0,0,0,0,0
1788910215.559131,2612,pg_catalog,pg_language,0,0,0,0,0,0,0,0,0
1788910215.559131,4149,pg_toast,pg_toast_2328,0,0,0,0,0,0,0,0,0
1788910215.559131,6351,pg_toast,pg_toast_2610,0,0,0,0,0,0,0,0,0
1788910215.559131,13489,information_schema,sql_sizing,0,0,,,0,0,0,0,0
1788910215.559131,1985494,pg_toast,pg_toast_1985486,0,0,0,0,0,0,0,0,0
1788910215.559131,3598,pg_toast,pg_toast_3596,0,0,0,0,0,0,0,0,0
1788910215.559131,2836,pg_toast,pg_toast_1255,0,0,0,0,0,0,0,0,0
1788910215.559131,3456,pg_catalog,pg_collation,0,0,0,0,0,0,0,0,0
1788910215.559131,3079,pg_catalog,pg_extension,0,0,0,0,0,0,0,0,0
1788910215.559131,6100,pg_catalog,pg_subscription,0,0,0,0,0,0,0,0,0
1788910215.559131,2832,pg_toast,pg_toast_2606,0,0,0,0,0,0,0,0,0
1788910215.559131,3256,pg_catalog,pg_policy,0,0,0,0,0,0,0,0,0
1788910215.559131,1985302,public,holding_history,0,0,0,0,0,0,0,0,0
1788910215.559131,1985517,public,security,0,0,0,0,0,0,0,0,0
1788910215.559131,3466,pg_catalog,pg_event_trigger,0,0,0,0,0,0,0,0,0
1788910215.559131,3592,pg_catalog,pg_shseclabel,0,0,0,0,0,0,0,0,0
1788910215.559131,3764,pg_catalog,pg_ts_template,0,0,0,0,0,0,0,0,0
1788910215.559131,6237,pg_catalog,pg_publication_namespace,0,0,0,0,0,0,0,0,0
1788910215.559131,13487,pg_toast,pg_toast_13484,0,0,0,0,0,0,0,0,0
1788910215.559131,2995,pg_catalog,pg_largeobject_metadata,0,0,0,0,0,0,0,0,0
1788910215.559131,1985275,public,customer_account,0,0,0,0,0,0,0,0,0
1788910215.559131,4143,pg_toast,pg_toast_826,0,0,0,0,0,0,0,0,0
1788910215.559131,4185,pg_toast,pg_toast_1213,0,0,0,0,0,0,0,0,0
1788910215.559131,6243,pg_catalog,pg_parameter_acl,0,0,0,0,0,0,0,0,0
1788910215.559131,2616,pg_catalog,pg_opclass,0,0,8,134,0,0,0,0,0
1788910215.559131,1985290,public,holding,0,0,0,0,0,0,0,0,0
1788910215.559131,2838,pg_toast,pg_toast_2618,0,0,1,3,0,0,0,0,0
1788910215.559131,6228,pg_toast,pg_toast_6106,0,0,0,0,0,0,0,0,0
1788910215.559131,1985349,pg_toast,pg_toast_1985343,0,0,0,0,0,0,0,0,0
1788910215.559131,1985434,public,company_competitor,0,0,0,0,0,0,0,0,0
1788910215.559131,1985370,pg_toast,pg_toast_1985363,0,0,0,0,0,0,0,0,0
1788910215.559131,1985505,pg_toast,pg_toast_1985496,0,0,0,0,0,0,0,0,0
1788910215.559131,1985264,public,customer,0,0,0,0,0,0,0,0,0
1788910215.559131,3118,pg_catalog,pg_foreign_table,0,0,0,0,0,0,0,0,0
1788910215.559131,1259,pg_catalog,pg_class,1,523,12,12,0,0,0,0,0
1788910215.559131,3350,pg_catalog,pg_partitioned_table,0,0,0,0,0,0,0,0,0
1788910215.559131,4153,pg_toast,pg_toast_3118,0,0,0,0,0,0,0,0,0
1788910215.559131,4060,pg_toast,pg_toast_3592,0,0,0,0,0,0,0,0,0
1788910215.559131,1985543,public,status_type,0,0,0,0,0,0,0,0,0
1788910215.559131,4165,pg_toast,pg_toast_3350,0,0,0,0,0,0,0,0,0
1788910215.559131,1985402,public,trade_request,0,0,0,0,0,0,0,0,0
1788910215.559131,2753,pg_catalog,pg_opfamily,0,0,2,2,0,0,0,0,0
1788910215.559131,3601,pg_catalog,pg_ts_parser,0,0,0,0,0,0,0,0,0
1788910215.559131,6104,pg_catalog,pg_publication,0,0,0,0,0,0,0,0,0
1788910215.559131,13477,pg_toast,pg_toast_13474,0,0,0,0,0,0,0,0,0
1788910215.559131,3429,pg_catalog,pg_statistic_ext_data,0,0,0,0,0,0,0,0,0
1788910215.559131,2619,pg_catalog,pg_statistic,0,0,17,8,0,0,0,0,0
1788910215.559131,4155,pg_toast,pg_toast_3394,0,0,0,0,0,0,0,0,0
1788910215.559131,1985548,public,taxrate,0,0,0,0,0,0,0,0,0
1788910215.559131,3381,pg_catalog,pg_statistic_ext,0,0,3,0,0,0,0,0,0
1788910215.559131,6106,pg_catalog,pg_publication_rel,0,0,0,0,0,0,0,0,0
1788910215.559131,1985372,public,trade,0,0,0,0,0,0,0,0,0
1788910215.559131,2605,pg_catalog,pg_cast,0,0,34,7,0,0,0,0,0
1788910215.559131,4171,pg_toast,pg_toast_1247,0,0,0,0,0,0,0,0,0
1788910215.559131,2830,pg_toast,pg_toast_2604,0,0,0,0,0,0,0,0,0
1788910215.559131,1985309,public,holding_summary,0,0,0,0,0,0,0,0,0
1788910215.559131,1985413,pg_toast,pg_toast_1985402,0,0,0,0,0,0,0,0,0
1788910215.559131,13479,information_schema,sql_implementation_info,0,0,,,0,0,0,0,0
1788910215.559131,1985341,pg_toast,pg_toast_1985335,0,0,0,0,0,0,0,0,0
1788910215.559131,6244,pg_toast,pg_toast_6243,0,0,0,0,0,0,0,0,0
1788910215.559131,1985315,public,watch_item,0,0,0,0,0,0,0,0,0
1788910215.559131,3430,pg_toast,pg_toast_3429,0,0,0,0,0,0,0,0,0
1788910215.559131,1985320,public,watch_list,0,0,0,0,0,0,0,0,0
1788910275.681840,1985536,pg_toast,pg_toast_1985517,0,0,0,0,0,0,0,0,0
1788910275.681840,3576,pg_catalog,pg_transform,0,0,0,0,0,0,0,0,0
1788910275.681840,2601,pg_catalog,pg_am,0,0,0,0,0,0,0,0,0
1788910275.681840,1985363,public,settlement,0,0,0,0,0,0,0,0,0
1788910275.681840,3394,pg_catalog,pg_init_privs,0,0,0,0,0,0,0,0,0
1788910275.681840,4167,pg_toast,pg_toast_3256,0,0,0,0,0,0,0,0,0
1788910275.681840,4151,pg_toast,pg_toast_1417,0,0,0,0,0,0,0,0,0
1788910275.681840,2834,pg_toast,pg_toast_2609,0,0,0,0,0,0,0,0,0
1788910275.681840,6000,pg_catalog,pg_replication_origin,0,0,0,0,0,0,0,0,0
1788910275.681840,2840,pg_toast,pg_toast_2619,0,0,0,0,0,0,0,0,0
1788910275.681840,1985486,public,last_trade,0,0,0,0,0,0,0,0,0
1788910275.681840,2328,pg_catalog,pg_foreign_data_wrapper,0,0,0,0,0,0,0,0,0
1788910275.681840,4157,pg_toast,pg_toast_2612,0,0,0,0,0,0,0,0,0
1788910275.681840,1260,pg_catalog,pg_authid,0,0,0,0,0,0,0,0,0
1788910275.681840,6102,pg_catalog,pg_subscription_rel,0,0,0,0,0,0,0,0,0
1788910275.681840,1214,pg_catalog,pg_shdepend,0,0,0,0,0,0,0,0,0
1788910275.681840,4163,pg_toast,pg_toast_2615,0,0,0,0,0,0,0,0,0
1788910275.681840,1985343,public,charge,0,0,0,0,0,0,0,0,0
1788910275.681840,1985440,public,daily_market,0,0,0,0,0,0,0,0,0
1788910275.681840,1985422,public,company,0,0,0,0,0,0,0,0,0
1788910275.681840,4169,pg_toast,pg_toast_3600,0,0,0,0,0,0,0,0,0
1788910275.681840,2615,pg_catalog,pg_namespace,1,4,5,2,0,0,0,0,0
1788910275.681840,2396,pg_catalog,pg_shdescription,0,0,0,0,0,0,0,0,0
1788910275.681840,3600,pg_catalog,pg_ts_dict,0,0,0,0,0,0,0,0,0
1788910275.681840,1985325,public,broker,0,0,0,0,0,0,0,0,0
1788910275.681840,3596,pg_catalog,pg_seclabel,0,0,0,0,0,0,0,0,0
1788910275.681840,1985460,public,financial,0,0,0,0,0,0,0,0,0
1788910275.681840,2609,pg_catalog,pg_description,0,0,0,0,0,0,0,0,0
1788910275.681840,1985351,public,commission_rate,0,0,0,0,0,0,0,0,0
1788910275.681840,13482,pg_toast,pg_toast_13479,0,0,0,0,0,0,0,0,0
1788910275.681840,1985396,public,trade_history,0,0,0,0,0,0,0,0,0
1788910275.681840,3603,pg_catalog,pg_ts_config_map,0,0,0,0,0,0,0,0,0
1788910275.681840,1213,pg_catalog,pg_tablespace,0,0,1,1,0,0,0,0,0
1788910275.681840,2608,pg_catalog,pg_depend,0,0,0,0,0,0,0,0,0
1788910275.681840,2964,pg_catalog,pg_db_role_setting,0,0,0,0,0,0,0,0,0
1788910275.681840,1985283,pg_toast,pg_toast_1985275,0,0,0,0,0,0,0,0,0
1788910275.681840,1418,pg_catalog,pg_user_mapping,0,0,0,0,0,0,0,0,0
1788910275.681840,2613,pg_catalog,pg_largeobject,0,0,0,0,0,0,0,0,0
1788910275.681840,6175,pg_toast,pg_toast_3456,0,0,0,0,0,0,0,0,0
1788910275.681840,1261,pg_catalog,pg_auth_members,0,0,0,0,0,0,0,0,0
1788910275.681840,1985335,public,cash_transaction,0,0,0,0,0,0,0,0,0
1788910275.681840,2617,pg_catalog,pg_operator,0,0,5,5,0,0,0,0,0
1788910275.681840,1985300,pg_toast,pg_toast_1985290,0,0,0,0,0,0,0,0,0
1788910275.681840,1985538,public,address,0,0,0,0,0,0,0,0,0
1788910275.681840,2610,pg_catalog,pg_index,1,221,11,14,0,0,0,0,0
1788910275.681840,1249,pg_catalog,pg_attribute,0,0,75,92,0,0,0,0,0
1788910275.681840,1985512,public,sector,0,0,0,0,0,0,0,0,0
1788910275.681840,1985415,public,trade_type,0,0,0,0,0,0,0,0,0
1788910275.681840,2600,pg_catalog,pg_aggregate,0,0,1,1,0,0,0,0,0
1788910275.681840,2966,pg_toast,pg_toast_2964,0,0,0,0,0,0,0,0,0
1788910275.681840,1985451,public,exchange,0,0,0,0,0,0,0,0,0
1788910275.681840,2618,pg_catalog,pg_rewrite,0,0,1,1,0,0,0,0,0
1788910275.681840,4177,pg_toast,pg_toast_1262,0,0,0,0,0,0,0,0,0
1788910275.681840,13484,information_schema,sql_parts,0,0,,,0,0,0,0,0
1788910275.681840,4159,pg_toast,pg_toast_2600,0,0,0,0,0,0,0,0,0
1788910275.681840,4147,pg_toast,pg_toast_3079,0,0,0,0,0,0,0,0,0
1788910275.681840,13474,information_schema,sql_features,0,0,,,0,0,0,0,0
1788910275.681840,1985394,pg_toast,pg_toast_1985372,0,0,0,0,0,0,0,0,0
1788910275.681840,1247,pg_catalog,pg_type,0,0,19,19,0,0,0,0,0
1788910275.681840,2602,pg_catalog,pg_amop,0,0,12,25,0,0,0,0,0
1788910275.681840,3439,pg_toast,pg_toast_3381,0,0,0,0,0,0,0,0,0
1788910275.681840,2846,pg_toast,pg_toast_2396,0,0,0,0,0,0,0,0,0
1788910275.681840,1985555,public,zip_code,0,0,0,0,0,0,0,0,0
1788910275.681840,1985478,pg_toast,pg_toast_1985460,0,0,0,0,0,0,0,0,0
1788910275.681840,4145,pg_toast,pg_toast_3466,0,0,0,0,0,0,0,0,0
1788910275.681840,3541,pg_catalog,pg_range,0,0,0,0,0,0,0,0,0
1788910275.681840,3602,pg_catalog,pg_ts_config,0,0,0,0,0,0,0,0,0
1788910275.681840,1985333,pg_toast,pg_toast_1985325,0,0,0,0,0,0,0,0,0
1788910275.681840,4183,pg_toast,pg_toast_6100,0,0,0,0,0,0,0,0,0
1788910275.681840,1985496,public,news_item,0,0,0,0,0,0,0,0,0
1788910275.681840,2224,pg_catalog,pg_sequence,0,0,0,0,0,0,0,0,0
1788910275.681840,2611,pg_catalog,pg_inherits,0,0,0,0,0,0,0,0,0
1788910275.681840,1417,pg_catalog,pg_foreign_server,0,0,0,0,0,0,0,0,0
1788910275.681840,1262,pg_catalog,pg_database,0,0,0,0,0,0,0,0,0
1788910275.681840,13492,pg_toast,pg_toast_13489,0,0,0,0,0,0,0,0,0
1788910275.681840,3501,pg_catalog,pg_enum,0,0,0,0,0,0,0,0,0
1788910275.681840,2607,pg_catalog,pg_conversion,0,0,0,0,0,0,0,0,0
1788910275.681840,1985449,pg_toast,pg_toast_1985440,0,0,0,0,0,0,0,0,0
1788910275.681840,826,pg_catalog,pg_default_acl,0,0,0,0,0,0,0,0,0
1788910275.681840,2604,pg_catalog,pg_attrdef,0,0,0,0,0,0,0,0,0
1788910275.681840,2336,pg_toast,pg_toast_2620,0,0,0,0,0,0,0,0,0
1788910275.681840,2603,pg_catalog,pg_amproc,0,0,5,11,0,0,0,0,0
1788910275.681840,2606,pg_catalog,pg_constraint,0,0,3,8,0,0,0,0,0
1788910275.681840,1255,pg_catalog,pg_proc,0,0,19,24,0,0,0,0,0
1788910275.681840,4173,pg_toast,pg_toast_1418,0,0,0,0,0,0,0,0,0
1788910275.681840,1985285,public,customer_taxrate,0,0,0,0,0,0,0,0,0
1788910275.681840,2620,pg_catalog,pg_trigger,0,0,0,0,0,0,0,0,0
1788910275.681840,1985256,public,account_permission,0,0,0,0,0,0,0,0,0
1788910275.681840,1985507,public,news_xref,0,0,0,0,0,0,0,0,0
1788910275.681840,1985480,public,industry,0,0,0,0,0,0,0,0,0
1788910275.681840,2612,pg_catalog,pg_language,0,0,0,0,0,0,0,0,0
1788910275.681840,4149,pg_toast,pg_toast_2328,0,0,0,0,0,0,0,0,0
1788910275.681840,6351,pg_toast,pg_toast_2610,0,0,0,0,0,0,0,0,0
1788910275.681840,13489,information_schema,sql_sizing,0,0,,,0,0,0,0,0
1788910275.681840,1985494,pg_toast,pg_toast_1985486,0,0,0,0,0,0,0,0,0
1788910275.681840,3598,pg_toast,pg_toast_3596,0,0,0,0,0,0,0,0,0
1788910275.681840,2836,pg_toast,pg_toast_1255,0,0,0,0,0,0,0,0,0
1788910275.681840,3456,pg_catalog,pg_collation,0,0,0,0,0,0,0,0,0
1788910275.681840,3079,pg_catalog,pg_extension,0,0,0,0,0,0,0,0,0
1788910275.681840,6100,pg_catalog,pg_subscription,0,0,0,0,0,0,0,0,0
1788910275.681840,2832,pg_toast,pg_toast_2606,0,0,0,0,0,0,0,0,0
1788910275.681840,3256,pg_catalog,pg_policy,0,0,0,0,0,0,0,0,0
1788910275.681840,1985302,public,holding_history,0,0,0,0,0,0,0,0,0
1788910275.681840,1985517,public,security,0,0,0,0,0,0,0,0,0
1788910275.681840,3466,pg_catalog,pg_event_trigger,0,0,0,0,0,0,0,0,0
1788910275.681840,3592,pg_catalog,pg_shseclabel,0,0,0,0,0,0,0,0,0
1788910275.681840,3764,pg_catalog,pg_ts_template,0,0,0,0,0,0,0,0,0
1788910275.681840,6237,pg_catalog,pg_publication_namespace,0,0,0,0,0,0,0,0,0
1788910275.681840,13487,pg_toast,pg_toast_13484,0,0,0,0,0,0,0,0,0
1788910275.681840,2995,pg_catalog,pg_largeobject_metadata,0,0,0,0,0,0,0,0,0
1788910275.681840,1985275,public,customer_account,0,0,0,0,0,0,0,0,0
1788910275.681840,4143,pg_toast,pg_toast_826,0,0,0,0,0,0,0,0,0
1788910275.681840,4185,pg_toast,pg_toast_1213,0,0,0,0,0,0,0,0,0
1788910275.681840,6243,pg_catalog,pg_parameter_acl,0,0,0,0,0,0,0,0,0
1788910275.681840,2616,pg_catalog,pg_opclass,0,0,8,134,0,0,0,0,0
1788910275.681840,1985290,public,holding,0,0,0,0,0,0,0,0,0
1788910275.681840,2838,pg_toast,pg_toast_2618,0,0,1,3,0,0,0,0,0
1788910275.681840,6228,pg_toast,pg_toast_6106,0,0,0,0,0,0,0,0,0
1788910275.681840,1985349,pg_toast,pg_toast_1985343,0,0,0,0,0,0,0,0,0
1788910275.681840,1985434,public,company_competitor,0,0,0,0,0,0,0,0,0
1788910275.681840,1985370,pg_toast,pg_toast_1985363,0,0,0,0,0,0,0,0,0
1788910275.681840,1985505,pg_toast,pg_toast_1985496,0,0,0,0,0,0,0,0,0
1788910275.681840,1985264,public,customer,0,0,0,0,0,0,0,0,0
1788910275.681840,3118,pg_catalog,pg_foreign_table,0,0,0,0,0,0,0,0,0
1788910275.681840,1259,pg_catalog,pg_class,1,523,12,12,0,0,0,0,0
1788910275.681840,3350,pg_catalog,pg_partitioned_table,0,0,0,0,0,0,0,0,0
1788910275.681840,4153,pg_toast,pg_toast_3118,0,0,0,0,0,0,0,0,0
1788910275.681840,4060,pg_toast,pg_toast_3592,0,0,0,0,0,0,0,0,0
1788910275.681840,1985543,public,status_type,0,0,0,0,0,0,0,0,0
1788910275.681840,4165,pg_toast,pg_toast_3350,0,0,0,0,0,0,0,0,0
1788910275.681840,1985402,public,trade_request,0,0,0,0,0,0,0,0,0
1788910275.681840,2753,pg_catalog,pg_opfamily,0,0,2,2,0,0,0,0,0
1788910275.681840,3601,pg_catalog,pg_ts_parser,0,0,0,0,0,0,0,0,0
1788910275.681840,6104,pg_catalog,pg_publication,0,0,0,0,0,0,0,0,0
1788910275.681840,13477,pg_toast,pg_toast_13474,0,0,0,0,0,0,0,0,0
1788910275.681840,3429,pg_catalog,pg_statistic_ext_data,0,0,0,0,0,0,0,0,0
1788910275.681840,2619,pg_catalog,pg_statistic,0,0,17,8,0,0,0,0,0
1788910275.681840,4155,pg_toast,pg_toast_3394,0,0,0,0,0,0,0,0,0
1788910275.681840,1985548,public,taxrate,0,0,0,0,0,0,0,0,0
1788910275.681840,3381,pg_catalog,pg_statistic_ext,0,0,3,0,0,0,0,0,0
1788910275.681840,6106,pg_catalog,pg_publication_rel,0,0,0,0,0,0,0,0,0
1788910275.681840,1985372,public,trade,0,0,0,0,0,0,0,0,0
1788910275.681840,2605,pg_catalog,pg_cast,0,0,34,7,0,0,0,0,0
1788910275.681840,4171,pg_toast,pg_toast_1247,0,0,0,0,0,0,0,0,0
1788910275.681840,2830,pg_toast,pg_toast_2604,0,0,0,0,0,0,0,0,0
1788910275.681840,1985309,public,holding_summary,0,0,0,0,0,0,0,0,0
1788910275.681840,1985413,pg_toast,pg_toast_1985402,0,0,0,0,0,0,0,0,0
1788910275.681840,13479,information_schema,sql_implementation_info,0,0,,,0,0,0,0,0
1788910275.681840,1985341,pg_toast,pg_toast_1985335,0,0,0,0,0,0,0,0,0
1788910275.681840,6244,pg_toast,pg_toast_6243,0,0,0,0,0,0,0,0,0
1788910275.681840,1985315,public,watch_item,0,0,0,0,0,0,0,0,0
1788910275.681840,3430,pg_toast,pg_toast_3429,0,0,0,0,0,0,0,0,0
1788910275.681840,1985320,public,watch_list,0,0,0,0,0,0,0,0,0
1788910335.787056,1985536,pg_toast,pg_toast_1985517,0,0,0,0,0,0,0,0,0
1788910335.787056,3576,pg_catalog,pg_transform,0,0,0,0,0,0,0,0,0
1788910335.787056,2601,pg_catalog,pg_am,0,0,0,0,0,0,0,0,0
1788910335.787056,1985363,public,settlement,0,0,0,0,0,0,0,0,0
1788910335.787056,3394,pg_catalog,pg_init_privs,0,0,0,0,0,0,0,0,0
1788910335.787056,4167,pg_toast,pg_toast_3256,0,0,0,0,0,0,0,0,0
1788910335.787056,4151,pg_toast,pg_toast_1417,0,0,0,0,0,0,0,0,0
1788910335.787056,2834,pg_toast,pg_toast_2609,0,0,0,0,0,0,0,0,0
1788910335.787056,6000,pg_catalog,pg_replication_origin,0,0,0,0,0,0,0,0,0
1788910335.787056,2840,pg_toast,pg_toast_2619,0,0,0,0,0,0,0,0,0
1788910335.787056,1985486,public,last_trade,0,0,0,0,0,0,0,0,0
1788910335.787056,2328,pg_catalog,pg_foreign_data_wrapper,0,0,0,0,0,0,0,0,0
1788910335.787056,4157,pg_toast,pg_toast_2612,0,0,0,0,0,0,0,0,0
1788910335.787056,1260,pg_catalog,pg_authid,0,0,0,0,0,0,0,0,0
1788910335.787056,6102,pg_catalog,pg_subscription_rel,0,0,0,0,0,0,0,0,0
1788910335.787056,1214,pg_catalog,pg_shdepend,0,0,0,0,0,0,0,0,0
1788910335.787056,4163,pg_toast,pg_toast_2615,0,0,0,0,0,0,0,0,0
1788910335.787056,1985343,public,charge,0,0,0,0,0,0,0,0,0
1788910335.787056,1985440,public,daily_market,0,0,0,0,0,0,0,0,0
1788910335.787056,1985422,public,company,0,0,0,0,0,0,0,0,0
1788910335.787056,4169,pg_toast,pg_toast_3600,0,0,0,0,0,0,0,0,0
1788910335.787056,2615,pg_catalog,pg_namespace,1,4,5,2,0,0,0,0,0
1788910335.787056,2396,pg_catalog,pg_shdescription,0,0,0,0,0,0,0,0,0
1788910335.787056,3600,pg_catalog,pg_ts_dict,0,0,0,0,0,0,0,0,0
1788910335.787056,1985325,public,broker,0,0,0,0,0,0,0,0,0
1788910335.787056,3596,pg_catalog,pg_seclabel,0,0,0,0,0,0,0,0,0
1788910335.787056,1985460,public,financial,0,0,0,0,0,0,0,0,0
1788910335.787056,2609,pg_catalog,pg_description,0,0,0,0,0,0,0,0,0
1788910335.787056,1985351,public,commission_rate,0,0,0,0,0,0,0,0,0
1788910335.787056,13482,pg_toast,pg_toast_13479,0,0,0,0,0,0,0,0,0
1788910335.787056,1985396,public,trade_history,0,0,0,0,0,0,0,0,0
1788910335.787056,3603,pg_catalog,pg_ts_config_map,0,0,0,0,0,0,0,0,0
1788910335.787056,1213,pg_catalog,pg_tablespace,0,0,1,1,0,0,0,0,0
1788910335.787056,2608,pg_catalog,pg_depend,0,0,0,0,0,0,0,0,0
1788910335.787056,2964,pg_catalog,pg_db_role_setting,0,0,0,0,0,0,0,0,0
1788910335.787056,1985283,pg_toast,pg_toast_1985275,0,0,0,0,0,0,0,0,0
1788910335.787056,1418,pg_catalog,pg_user_mapping,0,0,0,0,0,0,0,0,0
1788910335.787056,2613,pg_catalog,pg_largeobject,0,0,0,0,0,0,0,0,0
1788910335.787056,6175,pg_toast,pg_toast_3456,0,0,0,0,0,0,0,0,0
1788910335.787056,1261,pg_catalog,pg_auth_members,0,0,0,0,0,0,0,0,0
1788910335.787056,1985335,public,cash_transaction,0,0,0,0,0,0,0,0,0
1788910335.787056,2617,pg_catalog,pg_operator,0,0,5,5,0,0,0,0,0
1788910335.787056,1985300,pg_toast,pg_toast_1985290,0,0,0,0,0,0,0,0,0
1788910335.787056,1985538,public,address,0,0,0,0,0,0,0,0,0
1788910335.787056,2610,pg_catalog,pg_index,1,221,11,14,0,0,0,0,0
1788910335.787056,1249,pg_catalog,pg_attribute,0,0,75,92,0,0,0,0,0
1788910335.787056,1985512,public,sector,0,0,0,0,0,0,0,0,0
1788910335.787056,1985415,public,trade_type,0,0,0,0,0,0,0,0,0
1788910335.787056,2600,pg_catalog,pg_aggregate,0,0,1,1,0,0,0,0,0
1788910335.787056,2966,pg_toast,pg_toast_2964,0,0,0,0,0,0,0,0,0
1788910335.787056,1985451,public,exchange,0,0,0,0,0,0,0,0,0
1788910335.787056,2618,pg_catalog,pg_rewrite,0,0,1,1,0,0,0,0,0
1788910335.787056,4177,pg_toast,pg_toast_1262,0,0,0,0,0,0,0,0,0
1788910335.787056,13484,information_schema,sql_parts,0,0,,,0,0,0,0,0
1788910335.787056,4159,pg_toast,pg_toast_2600,0,0,0,0,0,0,0,0,0
1788910335.787056,4147,pg_toast,pg_toast_3079,0,0,0,0,0,0,0,0,0
1788910335.787056,13474,information_schema,sql_features,0,0,,,0,0,0,0,0
1788910335.787056,1985394,pg_toast,pg_toast_1985372,0,0,0,0,0,0,0,0,0
1788910335.787056,1247,pg_catalog,pg_type,0,0,19,19,0,0,0,0,0
1788910335.787056,2602,pg_catalog,pg_amop,0,0,12,25,0,0,0,0,0
1788910335.787056,3439,pg_toast,pg_toast_3381,0,0,0,0,0,0,0,0,0
1788910335.787056,2846,pg_toast,pg_toast_2396,0,0,0,0,0,0,0,0,0
1788910335.787056,1985555,public,zip_code,0,0,0,0,0,0,0,0,0
1788910335.787056,1985478,pg_toast,pg_toast_1985460,0,0,0,0,0,0,0,0,0
1788910335.787056,4145,pg_toast,pg_toast_3466,0,0,0,0,0,0,0,0,0
1788910335.787056,3541,pg_catalog,pg_range,0,0,0,0,0,0,0,0,0
1788910335.787056,3602,pg_catalog,pg_ts_config,0,0,0,0,0,0,0,0,0
1788910335.787056,1985333,pg_toast,pg_toast_1985325,0,0,0,0,0,0,0,0,0
1788910335.787056,4183,pg_toast,pg_toast_6100,0,0,0,0,0,0,0,0,0
1788910335.787056,1985496,public,news_item,0,0,0,0,0,0,0,0,0
1788910335.787056,2224,pg_catalog,pg_sequence,0,0,0,0,0,0,0,0,0
1788910335.787056,2611,pg_catalog,pg_inherits,0,0,0,0,0,0,0,0,0
1788910335.787056,1417,pg_catalog,pg_foreign_server,0,0,0,0,0,0,0,0,0
1788910335.787056,1262,pg_catalog,pg_database,0,0,0,0,0,0,0,0,0
1788910335.787056,13492,pg_toast,pg_toast_13489,0,0,0,0,0,0,0,0,0
1788910335.787056,3501,pg_catalog,pg_enum,0,0,0,0,0,0,0,0,0
1788910335.787056,2607,pg_catalog,pg_conversion,0,0,0,0,0,0,0,0,0
1788910335.787056,1985449,pg_toast,pg_toast_1985440,0,0,0,0,0,0,0,0,0
1788910335.787056,826,pg_catalog,pg_default_acl,0,0,0,0,0,0,0,0,0
1788910335.787056,2604,pg_catalog,pg_attrdef,0,0,0,0,0,0,0,0,0
1788910335.787056,2336,pg_toast,pg_toast_2620,0,0,0,0,0,0,0,0,0
1788910335.787056,2603,pg_catalog,pg_amproc,0,0,5,11,0,0,0,0,0
1788910335.787056,2606,pg_catalog,pg_constraint,0,0,3,8,0,0,0,0,0
1788910335.787056,1255,pg_catalog,pg_proc,0,0,19,24,0,0,0,0,0
1788910335.787056,4173,pg_toast,pg_toast_1418,0,0,0,0,0,0,0,0,0
1788910335.787056,1985285,public,customer_taxrate,0,0,0,0,0,0,0,0,0
1788910335.787056,2620,pg_catalog,pg_trigger,0,0,0,0,0,0,0,0,0
1788910335.787056,1985256,public,account_permission,0,0,0,0,0,0,0,0,0
1788910335.787056,1985507,public,news_xref,0,0,0,0,0,0,0,0,0
1788910335.787056,1985480,public,industry,0,0,0,0,0,0,0,0,0
1788910335.787056,2612,pg_catalog,pg_language,0,0,0,0,0,0,0,0,0
1788910335.787056,4149,pg_toast,pg_toast_2328,0,0,0,0,0,0,0,0,0
1788910335.787056,6351,pg_toast,pg_toast_2610,0,0,0,0,0,0,0,0,0
1788910335.787056,13489,information_schema,sql_sizing,0,0,,,0,0,0,0,0
1788910335.787056,1985494,pg_toast,pg_toast_1985486,0,0,0,0,0,0,0,0,0
1788910335.787056,3598,pg_toast,pg_toast_3596,0,0,0,0,0,0,0,0,0
1788910335.787056,2836,pg_toast,pg_toast_1255,0,0,0,0,0,0,0,0,0
1788910335.787056,3456,pg_catalog,pg_collation,0,0,0,0,0,0,0,0,0
1788910335.787056,3079,pg_catalog,pg_extension,0,0,0,0,0,0,0,0,0
1788910335.787056,6100,pg_catalog,pg_subscription,0,0,0,0,0,0,0,0,0
1788910335.787056,2832,pg_toast,pg_toast_2606,0,0,0,0,0,0,0,0,0
1788910335.787056,3256,pg_catalog,pg_policy,0,0,0,0,0,0,0,0,0
1788910335.787056,1985302,public,holding_history,0,0,0,0,0,0,0,0,0
1788910335.787056,1985517,public,security,0,0,0,0,0,0,0,0,0
1788910335.787056,3466,pg_catalog,pg_event_trigger,0,0,0,0,0,0,0,0,0
1788910335.787056,3592,pg_catalog,pg_shseclabel,0,0,0,0,0,0,0,0,0
1788910335.787056,3764,pg_catalog,pg_ts_template,0,0,0,0,0,0,0,0,0
1788910335.787056,6237,pg_catalog,pg_publication_namespace,0,0,0,0,0,0,0,0,0
1788910335.787056,13487,pg_toast,pg_toast_13484,0,0,0,0,0,0,0,0,0
1788910335.787056,2995,pg_catalog,pg_largeobject_metadata,0,0,0,0,0,0,0,0,0
1788910335.787056,1985275,public,customer_account,0,0,0,0,0,0,0,0,0
1788910335.787056,4143,pg_toast,pg_toast_826,0,0,0,0,0,0,0,0,0
1788910335.787056,4185,pg_toast,pg_toast_1213,0,0,0,0,0,0,0,0,0
1788910335.787056,6243,pg_catalog,pg_parameter_acl,0,0,0,0,0,0,0,0,0
1788910335.787056,2616,pg_catalog,pg_opclass,0,0,8,134,0,0,0,0,0
1788910335.787056,1985290,public,holding,0,0,0,0,0,0,0,0,0
1788910335.787056,2838,pg_toast,pg_toast_2618,0,0,1,3,0,0,0,0,0
1788910335.787056,6228,pg_toast,pg_toast_6106,0,0,0,0,0,0,0,0,0
1788910335.787056,1985349,pg_toast,pg_toast_1985343,0,0,0,0,0,0,0,0,0
1788910335.787056,1985434,public,company_competitor,0,0,0,0,0,0,0,0,0
1788910335.787056,1985370,pg_toast,pg_toast_1985363,0,0,0,0,0,0,0,0,0
1788910335.787056,1985505,pg_toast,pg_toast_1985496,0,0,0,0,0,0,0,0,0
1788910335.787056,1985264,public,customer,0,0,0,0,0,0,0,0,0
1788910335.787056,3118,pg_catalog,pg_foreign_table,0,0,0,0,0,0,0,0,0
1788910335.787056,1259,pg_catalog,pg_class,1,523,12,12,0,0,0,0,0
1788910335.787056,3350,pg_catalog,pg_partitioned_table,0,0,0,0,0,0,0,0,0
1788910335.787056,4153,pg_toast,pg_toast_3118,0,0,0,0,0,0,0,0,0
1788910335.787056,4060,pg_toast,pg_toast_3592,0,0,0,0,0,0,0,0,0
1788910335.787056,1985543,public,status_type,0,0,0,0,0,0,0,0,0
1788910335.787056,4165,pg_toast,pg_toast_3350,0,0,0,0,0,0,0,0,0
1788910335.787056,1985402,public,trade_request,0,0,0,0,0,0,0,0,0
1788910335.787056,2753,pg_catalog,pg_opfamily,0,0,2,2,0,0,0,0,0
1788910335.787056,3601,pg_catalog,pg_ts_parser,0,0,0,0,0,0,0,0,0
1788910335.787056,6104,pg_catalog,pg_publication,0,0,0,0,0,0,0,0,0
1788910335.787056,13477,pg_toast,pg_toast_13474,0,0,0,0,0,0,0,0,0
1788910335.787056,3429,pg_catalog,pg_statistic_ext_data,0,0,0,0,0,0,0,0,0
1788910335.787056,2619,pg_catalog,pg_statistic,0,0,17,8,0,0,0,0,0
1788910335.787056,4155,pg_toast,pg_toast_3394,0,0,0,0,0,0,0,0,0
1788910335.787056,1985548,public,taxrate,0,0,0,0,0,0,0,0,0
1788910335.787056,3381,pg_catalog,pg_statistic_ext,0,0,3,0,0,0,0,0,0
1788910335.787056,6106,pg_catalog,pg_publication_rel,0,0,0,0,0,0,0,0,0
1788910335.787056,1985372,public,trade,0,0,0,0,0,0,0,0,0
1788910335.787056,2605,pg_catalog,pg_cast,0,0,34,7,0,0,0,0,0
1788910335.787056,4171,pg_toast,pg_toast_1247,0,0,0,0,0,0,0,0,0
1788910335.787056,2830,pg_toast,pg_toast_2604,0,0,0,0,0,0,0,0,0
1788910335.787056,1985309,public,holding_summary,0,0,0,0,0,0,0,0,0
1788910335.787056,1985413,pg_toast,pg_toast_1985402,0,0,0,0,0,0,0,0,0
1788910335.787056,13479,information_schema,sql_implementation_info,0,0,,,0,0,0,0,0
1788910335.787056,1985341,pg_toast,pg_toast_1985335,0,0,0,0,0,0,0,0,0
1788910335.787056,6244,pg_toast,pg_toast_6243,0,0,0,0,0,0,0,0,0
1788910335.787056,1985315,public,watch_item,0,0,0,0,0,0,0,0,0
1788910335.787056,3430,pg_toast,pg_toast_3429,0,0,0,0,0,0,0,0,0
1788910335.787056,1985320,public,watch_list,0,0,0,0,0,0,0,0,0
1788910395.908239,1985536,pg_toast,pg_toast_1985517,0,0,0,0,0,0,0,0,0
1788910395.908239,3576,pg_catalog,pg_transform,0,0,0,0,0,0,0,0,0
1788910395.908239,2601,pg_catalog,pg_am,0,0,0,0,0,0,0,0,0
1788910395.908239,1985363,public,settlement,0,0,0,0,0,0,0,0,0
1788910395.908239,3394,pg_catalog,pg_init_privs,0,0,0,0,0,0,0,0,0
1788910395.908239,4167,pg_toast,pg_toast_3256,0,0,0,0,0,0,0,0,0
1788910395.908239,4151,pg_toast,pg_toast_1417,0,0,0,0,0,0,0,0,0
1788910395.908239,2834,pg_toast,pg_toast_2609,0,0,0,0,0,0,0,0,0
1788910395.908239,6000,pg_catalog,pg_replication_origin,0,0,0,0,0,0,0,0,0
1788910395.908239,2840,pg_toast,pg_toast_2619,0,0,0,0,0,0,0,0,0
1788910395.908239,1985486,public,last_trade,0,0,0,0,0,0,0,0,0
1788910395.908239,2328,pg_catalog,pg_foreign_data_wrapper,0,0,0,0,0,0,0,0,0
1788910395.908239,4157,pg_toast,pg_toast_2612,0,0,0,0,0,0,0,0,0
1788910395.908239,1260,pg_catalog,pg_authid,0,0,0,0,0,0,0,0,0
1788910395.908239,6102,pg_catalog,pg_subscription_rel,0,0,0,0,0,0,0,0,0
1788910395.908239,1214,pg_catalog,pg_shdepend,0,0,0,0,0,0,0,0,0
1788910395.908239,4163,pg_toast,pg_toast_2615,0,0,0,0,0,0,0,0,0
1788910395.908239,1985343,public,charge,0,0,0,0,0,0,0,0,0
1788910395.908239,1985440,public,daily_market,0,0,0,0,0,0,0,0,0
1788910395.908239,1985422,public,company,0,0,0,0,0,0,0,0,0
1788910395.908239,4169,pg_toast,pg_toast_3600,0,0,0,0,0,0,0,0,0
1788910395.908239,2615,pg_catalog,pg_namespace,1,4,5,2,0,0,0,0,0
1788910395.908239,2396,pg_catalog,pg_shdescription,0,0,0,0,0,0,0,0,0
1788910395.908239,3600,pg_catalog,pg_ts_dict,0,0,0,0,0,0,0,0,0
1788910395.908239,1985325,public,broker,0,0,0,0,0,0,0,0,0
1788910395.908239,3596,pg_catalog,pg_seclabel,0,0,0,0,0,0,0,0,0
1788910395.908239,1985460,public,financial,0,0,0,0,0,0,0,0,0
1788910395.908239,2609,pg_catalog,pg_description,0,0,0,0,0,0,0,0,0
1788910395.908239,1985351,public,commission_rate,0,0,0,0,0,0,0,0,0
1788910395.908239,13482,pg_toast,pg_toast_13479,0,0,0,0,0,0,0,0,0
1788910395.908239,1985396,public,trade_history,0,0,0,0,0,0,0,0,0
1788910395.908239,3603,pg_catalog,pg_ts_config_map,0,0,0,0,0,0,0,0,0
1788910395.908239,1213,pg_catalog,pg_tablespace,0,0,1,1,0,0,0,0,0
1788910395.908239,2608,pg_catalog,pg_depend,0,0,0,0,0,0,0,0,0
1788910395.908239,2964,pg_catalog,pg_db_role_setting,0,0,0,0,0,0,0,0,0
1788910395.908239,1985283,pg_toast,pg_toast_1985275,0,0,0,0,0,0,0,0,0
1788910395.908239,1418,pg_catalog,pg_user_mapping,0,0,0,0,0,0,0,0,0
1788910395.908239,2613,pg_catalog,pg_largeobject,0,0,0,0,0,0,0,0,0
1788910395.908239,6175,pg_toast,pg_toast_3456,0,0,0,0,0,0,0,0,0
1788910395.908239,1261,pg_catalog,pg_auth_members,0,0,0,0,0,0,0,0,0
1788910395.908239,1985335,public,cash_transaction,0,0,0,0,0,0,0,0,0
1788910395.908239,2617,pg_catalog,pg_operator,0,0,5,5,0,0,0,0,0
1788910395.908239,1985300,pg_toast,pg_toast_1985290,0,0,0,0,0,0,0,0,0
1788910395.908239,1985538,public,address,0,0,0,0,0,0,0,0,0
1788910395.908239,2610,pg_catalog,pg_index,1,221,11,14,0,0,0,0,0
1788910395.908239,1249,pg_catalog,pg_attribute,0,0,75,92,0,0,0,0,0
1788910395.908239,1985512,public,sector,0,0,0,0,0,0,0,0,0
1788910395.908239,1985415,public,trade_type,0,0,0,0,0,0,0,0,0
1788910395.908239,2600,pg_catalog,pg_aggregate,0,0,1,1,0,0,0,0,0
1788910395.908239,2966,pg_toast,pg_toast_2964,0,0,0,0,0,0,0,0,0
1788910395.908239,1985451,public,exchange,0,0,0,0,0,0,0,0,0
1788910395.908239,2618,pg_catalog,pg_rewrite,0,0,1,1,0,0,0,0,0
1788910395.908239,4177,pg_toast,pg_toast_1262,0,0,0,0,0,0,0,0,0
1788910395.908239,13484,information_schema,sql_parts,0,0,,,0,0,0,0,0
1788910395.908239,4159,pg_toast,pg_toast_2600,0,0,0,0,0,0,0,0,0
1788910395.908239,4147,pg_toast,pg_toast_3079,0,0,0,0,0,0,0,0,0
1788910395.908239,13474,information_schema,sql_features,0,0,,,0,0,0,0,0
1788910395.908239,1985394,pg_toast,pg_toast_1985372,0,0,0,0,0,0,0,0,0
1788910395.908239,1247,pg_catalog,pg_type,0,0,19,19,0,0,0,0,0
1788910395.908239,2602,pg_catalog,pg_amop,0,0,12,25,0,0,0,0,0
1788910395.908239,3439,pg_toast,pg_toast_3381,0,0,0,0,0,0,0,0,0
1788910395.908239,2846,pg_toast,pg_toast_2396,0,0,0,0,0,0,0,0,0
1788910395.908239,1985555,public,zip_code,0,0,0,0,0,0,0,0,0
1788910395.908239,1985478,pg_toast,pg_toast_1985460,0,0,0,0,0,0,0,0,0
1788910395.908239,4145,pg_toast,pg_toast_3466,0,0,0,0,0,0,0,0,0
1788910395.908239,3541,pg_catalog,pg_range,0,0,0,0,0,0,0,0,0
1788910395.908239,3602,pg_catalog,pg_ts_config,0,0,0,0,0,0,0,0,0
1788910395.908239,1985333,pg_toast,pg_toast_1985325,0,0,0,0,0,0,0,0,0
1788910395.908239,4183,pg_toast,pg_toast_6100,0,0,0,0,0,0,0,0,0
1788910395.908239,1985496,public,news_item,0,0,0,0,0,0,0,0,0
1788910395.908239,2224,pg_catalog,pg_sequence,0,0,0,0,0,0,0,0,0
1788910395.908239,2611,pg_catalog,pg_inherits,0,0,0,0,0,0,0,0,0
1788910395.908239,1417,pg_catalog,pg_foreign_server,0,0,0,0,0,0,0,0,0
1788910395.908239,1262,pg_catalog,pg_database,0,0,0,0,0,0,0,0,0
1788910395.908239,13492,pg_toast,pg_toast_13489,0,0,0,0,0,0,0,0,0
1788910395.908239,3501,pg_catalog,pg_enum,0,0,0,0,0,0,0,0,0
1788910395.908239,2607,pg_catalog,pg_conversion,0,0,0,0,0,0,0,0,0
1788910395.908239,1985449,pg_toast,pg_toast_1985440,0,0,0,0,0,0,0,0,0
1788910395.908239,826,pg_catalog,pg_default_acl,0,0,0,0,0,0,0,0,0
1788910395.908239,2604,pg_catalog,pg_attrdef,0,0,0,0,0,0,0,0,0
1788910395.908239,2336,pg_toast,pg_toast_2620,0,0,0,0,0,0,0,0,0
1788910395.908239,2603,pg_catalog,pg_amproc,0,0,5,11,0,0,0,0,0
1788910395.908239,2606,pg_catalog,pg_constraint,0,0,3,8,0,0,0,0,0
1788910395.908239,1255,pg_catalog,pg_proc,0,0,19,24,0,0,0,0,0
1788910395.908239,4173,pg_toast,pg_toast_1418,0,0,0,0,0,0,0,0,0
1788910395.908239,1985285,public,customer_taxrate,0,0,0,0,0,0,0,0,0
1788910395.908239,2620,pg_catalog,pg_trigger,0,0,0,0,0,0,0,0,0
1788910395.908239,1985256,public,account_permission,0,0,0,0,0,0,0,0,0
1788910395.908239,1985507,public,news_xref,0,0,0,0,0,0,0,0,0
1788910395.908239,1985480,public,industry,0,0,0,0,0,0,0,0,0
1788910395.908239,2612,pg_catalog,pg_language,0,0,0,0,0,0,0,0,0
1788910395.908239,4149,pg_toast,pg_toast_2328,0,0,0,0,0,0,0,0,0
1788910395.908239,6351,pg_toast,pg_toast_2610,0,0,0,0,0,0,0,0,0
1788910395.908239,13489,information_schema,sql_sizing,0,0,,,0,0,0,0,0
1788910395.908239,1985494,pg_toast,pg_toast_1985486,0,0,0,0,0,0,0,0,0
1788910395.908239,3598,pg_toast,pg_toast_3596,0,0,0,0,0,0,0,0,0
1788910395.908239,2836,pg_toast,pg_toast_1255,0,0,0,0,0,0,0,0,0
1788910395.908239,3456,pg_catalog,pg_collation,0,0,0,0,0,0,0,0,0
1788910395.908239,3079,pg_catalog,pg_extension,0,0,0,0,0,0,0,0,0
1788910395.908239,6100,pg_catalog,pg_subscription,0,0,0,0,0,0,0,0,0
1788910395.908239,2832,pg_toast,pg_toast_2606,0,0,0,0,0,0,0,0,0
1788910395.908239,3256,pg_catalog,pg_policy,0,0,0,0,0,0,0,0,0
1788910395.908239,1985302,public,holding_history,0,0,0,0,0,0,0,0,0
1788910395.908239,1985517,public,security,0,0,0,0,0,0,0,0,0
1788910395.908239,3466,pg_catalog,pg_event_trigger,0,0,0,0,0,0,0,0,0
1788910395.908239,3592,pg_catalog,pg_shseclabel,0,0,0,0,0,0,0,0,0
1788910395.908239,3764,pg_catalog,pg_ts_template,0,0,0,0,0,0,0,0,0
1788910395.908239,6237,pg_catalog,pg_publication_namespace,0,0,0,0,0,0,0,0,0
1788910395.908239,13487,pg_toast,pg_toast_13484,0,0,0,0,0,0,0,0,0
1788910395.908239,2995,pg_catalog,pg_largeobject_metadata,0,0,0,0,0,0,0,0,0
1788910395.908239,1985275,public,customer_account,0,0,0,0,0,0,0,0,0
1788910395.908239,4143,pg_toast,pg_toast_826,0,0,0,0,0,0,0,0,0
1788910395.908239,4185,pg_toast,pg_toast_1213,0,0,0,0,0,0,0,0,0
1788910395.908239,6243,pg_catalog,pg_parameter_acl,0,0,0,0,0,0,0,0,0
1788910395.908239,2616,pg_catalog,pg_opclass,0,0,8,134,0,0,0,0,0
1788910395.908239,1985290,public,holding,0,0,0,0,0,0,0,0,0
1788910395.908239,2838,pg_toast,pg_toast_2618,0,0,1,3,0,0,0,0,0
1788910395.908239,6228,pg_toast,pg_toast_6106,0,0,0,0,0,0,0,0,0
1788910395.908239,1985349,pg_toast,pg_toast_1985343,0,0,0,0,0,0,0,0,0
1788910395.908239,1985434,public,company_competitor,0,0,0,0,0,0,0,0,0
1788910395.908239,1985370,pg_toast,pg_toast_1985363,0,0,0,0,0,0,0,0,0
1788910395.908239,1985505,pg_toast,pg_toast_1985496,0,0,0,0,0,0,0,0,0
1788910395.908239,1985264,public,customer,0,0,0,0,0,0,0,0,0
1788910395.908239,3118,pg_catalog,pg_foreign_table,0,0,0,0,0,0,0,0,0
1788910395.908239,1259,pg_catalog,pg_class,1,523,12,12,0,0,0,0,0
1788910395.908239,3350,pg_catalog,pg_partitioned_table,0,0,0,0,0,0,0,0,0
1788910395.908239,4153,pg_toast,pg_toast_3118,0,0,0,0,0,0,0,0,0
1788910395.908239,4060,pg_toast,pg_toast_3592,0,0,0,0,0,0,0,0,0
1788910395.908239,1985543,public,status_type,0,0,0,0,0,0,0,0,0
1788910395.908239,4165,pg_toast,pg_toast_3350,0,0,0,0,0,0,0,0,0
1788910395.908239,1985402,public,trade_request,0,0,0,0,0,0,0,0,0
1788910395.908239,2753,pg_catalog,pg_opfamily,0,0,2,2,0,0,0,0,0
1788910395.908239,3601,pg_catalog,pg_ts_parser,0,0,0,0,0,0,0,0,0
1788910395.908239,6104,pg_catalog,pg_publication,0,0,0,0,0,0,0,0,0
1788910395.908239,13477,pg_toast,pg_toast_13474,0,0,0,0,0,0,0,0,0
1788910395.908239,3429,pg_catalog,pg_statistic_ext_data,0,0,0,0,0,0,0,0,0
1788910395.908239,2619,pg_catalog,pg_statistic,0,0,17,8,0,0,0,0,0
1788910395.908239,4155,pg_toast,pg_toast_3394,0,0,0,0,0,0,0,0,0
1788910395.908239,1985548,public,taxrate,0,0,0,0,0,0,0,0,0
1788910395.908239,3381,pg_catalog,pg_statistic_ext,0,0,3,0,0,0,0,0,0
1788910395.908239,6106,pg_catalog,pg_publication_rel,0,0,0,0,0,0,0,0,0
1788910395.908239,1985372,public,trade,0,0,0,0,0,0,0,0,0
1788910395.908239,2605,pg_catalog,pg_cast,0,0,34,7,0,0,0,0,0
1788910395.908239,4171,pg_toast,pg_toast_1247,0,0,0,0,0,0,0,0,0
1788910395.908239,2830,pg_toast,pg_toast_2604,0,0,0,0,0,0,0,0,0
1788910395.908239,1985309,public,holding_summary,0,0,0,0,0,0,0,0,0
1788910395.908239,1985413,pg_toast,pg_toast_1985402,0,0,0,0,0,0,0,0,0
1788910395.908239,13479,information_schema,sql_implementation_info,0,0,,,0,0,0,0,0
1788910395.908239,1985341,pg_toast,pg_toast_1985335,0,0,0,0,0,0,0,0,0
1788910395.908239,6244,pg_toast,pg_toast_6243,0,0,0,0,0,0,0,0,0
1788910395.908239,1985315,public,watch_item,0,0,0,0,0,0,0,0,0
1788910395.908239,3430,pg_toast,pg_toast_3429,0,0,0,0,0,0,0,0,0
1788910395.908239,1985320,public,watch_list,0,0,0,0,0,0,0,0,0
1788910456.002430,1985536,pg_toast,pg_toast_1985517,0,0,0,0,0,0,0,0,0
1788910456.002430,3576,pg_catalog,pg_transform,0,0,0,0,0,0,0,0,0
1788910456.002430,2601,pg_catalog,pg_am,0,0,0,0,0,0,0,0,0
1788910456.002430,1985363,public,settlement,0,0,0,0,0,0,0,0,0
1788910456.002430,3394,pg_catalog,pg_init_privs,0,0,0,0,0,0,0,0,0
1788910456.002430,4167,pg_toast,pg_toast_3256,0,0,0,0,0,0,0,0,0
1788910456.002430,4151,pg_toast,pg_toast_1417,0,0,0,0,0,0,0,0,0
1788910456.002430,2834,pg_toast,pg_toast_2609,0,0,0,0,0,0,0,0,0
1788910456.002430,6000,pg_catalog,pg_replication_origin,0,0,0,0,0,0,0,0,0
1788910456.002430,2840,pg_toast,pg_toast_2619,0,0,0,0,0,0,0,0,0
1788910456.002430,1985486,public,last_trade,0,0,0,0,0,0,0,0,0
1788910456.002430,2328,pg_catalog,pg_foreign_data_wrapper,0,0,0,0,0,0,0,0,0
1788910456.002430,4157,pg_toast,pg_toast_2612,0,0,0,0,0,0,0,0,0
1788910456.002430,1260,pg_catalog,pg_authid,0,0,0,0,0,0,0,0,0
1788910456.002430,6102,pg_catalog,pg_subscription_rel,0,0,0,0,0,0,0,0,0
1788910456.002430,1214,pg_catalog,pg_shdepend,0,0,0,0,0,0,0,0,0
1788910456.002430,4163,pg_toast,pg_toast_2615,0,0,0,0,0,0,0,0,0
1788910456.002430,1985343,public,charge,0,0,0,0,0,0,0,0,0
1788910456.002430,1985440,public,daily_market,0,0,0,0,0,0,0,0,0
1788910456.002430,1985422,public,company,0,0,0,0,0,0,0,0,0
1788910456.002430,4169,pg_toast,pg_toast_3600,0,0,0,0,0,0,0,0,0
1788910456.002430,2615,pg_catalog,pg_namespace,1,4,5,2,0,0,0,0,0
1788910456.002430,2396,pg_catalog,pg_shdescription,0,0,0,0,0,0,0,0,0
1788910456.002430,3600,pg_catalog,pg_ts_dict,0,0,0,0,0,0,0,0,0
1788910456.002430,1985325,public,broker,0,0,0,0,0,0,0,0,0
1788910456.002430,3596,pg_catalog,pg_seclabel,0,0,0,0,0,0,0,0,0
1788910456.002430,1985460,public,financial,0,0,0,0,0,0,0,0,0
1788910456.002430,2609,pg_catalog,pg_description,0,0,0,0,0,0,0,0,0
1788910456.002430,1985351,public,commission_rate,0,0,0,0,0,0,0,0,0
1788910456.002430,13482,pg_toast,pg_toast_13479,0,0,0,0,0,0,0,0,0
1788910456.002430,1985396,public,trade_history,0,0,0,0,0,0,0,0,0
1788910456.002430,3603,pg_catalog,pg_ts_config_map,0,0,0,0,0,0,0,0,0
1788910456.002430,1213,pg_catalog,pg_tablespace,0,0,1,1,0,0,0,0,0
1788910456.002430,2608,pg_catalog,pg_depend,0,0,0,0,0,0,0,0,0
1788910456.002430,2964,pg_catalog,pg_db_role_setting,0,0,0,0,0,0,0,0,0
1788910456.002430,1985283,pg_toast,pg_toast_1985275,0,0,0,0,0,0,0,0,0
1788910456.002430,1418,pg_catalog,pg_user_mapping,0,0,0,0,0,0,0,0,0
1788910456.002430,2613,pg_catalog,pg_largeobject,0,0,0,0,0,0,0,0,0
1788910456.002430,6175,pg_toast,pg_toast_3456,0,0,0,0,0,0,0,0,0
1788910456.002430,1261,pg_catalog,pg_auth_members,0,0,0,0,0,0,0,0,0
1788910456.002430,1985335,public,cash_transaction,0,0,0,0,0,0,0,0,0
1788910456.002430,2617,pg_catalog,pg_operator,0,0,5,5,0,0,0,0,0
1788910456.002430,1985300,pg_toast,pg_toast_1985290,0,0,0,0,0,0,0,0,0
1788910456.002430,1985538,public,address,0,0,0,0,0,0,0,0,0
1788910456.002430,2610,pg_catalog,pg_index,1,221,11,14,0,0,0,0,0
1788910456.002430,1249,pg_catalog,pg_attribute,0,0,75,92,0,0,0,0,0
1788910456.002430,1985512,public,sector,0,0,0,0,0,0,0,0,0
1788910456.002430,1985415,public,trade_type,0,0,0,0,0,0,0,0,0
1788910456.002430,2600,pg_catalog,pg_aggregate,0,0,1,1,0,0,0,0,0
1788910456.002430,2966,pg_toast,pg_toast_2964,0,0,0,0,0,0,0,0,0
1788910456.002430,1985451,public,exchange,0,0,0,0,0,0,0,0,0
1788910456.002430,2618,pg_catalog,pg_rewrite,0,0,1,1,0,0,0,0,0
1788910456.002430,4177,pg_toast,pg_toast_1262,0,0,0,0,0,0,0,0,0
1788910456.002430,13484,information_schema,sql_parts,0,0,,,0,0,0,0,0
1788910456.002430,4159,pg_toast,pg_toast_2600,0,0,0,0,0,0,0,0,0
1788910456.002430,4147,pg_toast,pg_toast_3079,0,0,0,0,0,0,0,0,0
1788910456.002430,13474,information_schema,sql_features,0,0,,,0,0,0,0,0
1788910456.002430,1985394,pg_toast,pg_toast_1985372,0,0,0,0,0,0,0,0,0
1788910456.002430,1247,pg_catalog,pg_type,0,0,19,19,0,0,0,0,0
1788910456.002430,2602,pg_catalog,pg_amop,0,0,12,25,0,0,0,0,0
1788910456.002430,3439,pg_toast,pg_toast_3381,0,0,0,0,0,0,0,0,0
1788910456.002430,2846,pg_toast,pg_toast_2396,0,0,0,0,0,0,0,0,0
1788910456.002430,1985555,public,zip_code,0,0,0,0,0,0,0,0,0
1788910456.002430,1985478,pg_toast,pg_toast_1985460,0,0,0,0,0,0,0,0,0
1788910456.002430,4145,pg_toast,pg_toast_3466,0,0,0,0,0,0,0,0,0
1788910456.002430,3541,pg_catalog,pg_range,0,0,0,0,0,0,0,0,0
1788910456.002430,3602,pg_catalog,pg_ts_config,0,0,0,0,0,0,0,0,0
1788910456.002430,1985333,pg_toast,pg_toast_1985325,0,0,0,0,0,0,0,0,0
1788910456.002430,4183,pg_toast,pg_toast_6100,0,0,0,0,0,0,0,0,0
1788910456.002430,1985496,public,news_item,0,0,0,0,0,0,0,0,0
1788910456.002430,2224,pg_catalog,pg_sequence,0,0,0,0,0,0,0,0,0
1788910456.002430,2611,pg_catalog,pg_inherits,0,0,0,0,0,0,0,0,0
1788910456.002430,1417,pg_catalog,pg_foreign_server,0,0,0,0,0,0,0,0,0
1788910456.002430,1262,pg_catalog,pg_database,0,0,0,0,0,0,0,0,0
1788910456.002430,13492,pg_toast,pg_toast_13489,0,0,0,0,0,0,0,0,0
1788910456.002430,3501,pg_catalog,pg_enum,0,0,0,0,0,0,0,0,0
1788910456.002430,2607,pg_catalog,pg_conversion,0,0,0,0,0,0,0,0,0
1788910456.002430,1985449,pg_toast,pg_toast_1985440,0,0,0,0,0,0,0,0,0
1788910456.002430,826,pg_catalog,pg_default_acl,0,0,0,0,0,0,0,0,0
1788910456.002430,2604,pg_catalog,pg_attrdef,0,0,0,0,0,0,0,0,0
1788910456.002430,2336,pg_toast,pg_toast_2620,0,0,0,0,0,0,0,0,0
1788910456.002430,2603,pg_catalog,pg_amproc,0,0,5,11,0,0,0,0,0
1788910456.002430,2606,pg_catalog,pg_constraint,0,0,3,8,0,0,0,0,0
1788910456.002430,1255,pg_catalog,pg_proc,0,0,19,24,0,0,0,0,0
1788910456.002430,4173,pg_toast,pg_toast_1418,0,0,0,0,0,0,0,0,0
1788910456.002430,1985285,public,customer_taxrate,0,0,0,0,0,0,0,0,0
1788910456.002430,2620,pg_catalog,pg_trigger,0,0,0,0,0,0,0,0,0
1788910456.002430,1985256,public,account_permission,0,0,0,0,0,0,0,0,0
1788910456.002430,1985507,public,news_xref,0,0,0,0,0,0,0,0,0
1788910456.002430,1985480,public,industry,0,0,0,0,0,0,0,0,0
1788910456.002430,2612,pg_catalog,pg_language,0,0,0,0,0,0,0,0,0
1788910456.002430,4149,pg_toast,pg_toast_2328,0,0,0,0,0,0,0,0,0
1788910456.002430,6351,pg_toast,pg_toast_2610,0,0,0,0,0,0,0,0,0
1788910456.002430,13489,information_schema,sql_sizing,0,0,,,0,0,0,0,0
1788910456.002430,1985494,pg_toast,pg_toast_1985486,0,0,0,0,0,0,0,0,0
1788910456.002430,3598,pg_toast,pg_toast_3596,0,0,0,0,0,0,0,0,0
1788910456.002430,2836,pg_toast,pg_toast_1255,0,0,0,0,0,0,0,0,0
1788910456.002430,3456,pg_catalog,pg_collation,0,0,0,0,0,0,0,0,0
1788910456.002430,3079,pg_catalog,pg_extension,0,0,0,0,0,0,0,0,0
1788910456.002430,6100,pg_catalog,pg_subscription,0,0,0,0,0,0,0,0,0
1788910456.002430,2832,pg_toast,pg_toast_2606,0,0,0,0,0,0,0,0,0
1788910456.002430,3256,pg_catalog,pg_policy,0,0,0,0,0,0,0,0,0
1788910456.002430,1985302,public,holding_history,0,0,0,0,0,0,0,0,0
1788910456.002430,1985517,public,security,0,0,0,0,0,0,0,0,0
1788910456.002430,3466,pg_catalog,pg_event_trigger,0,0,0,0,0,0,0,0,0
1788910456.002430,3592,pg_catalog,pg_shseclabel,0,0,0,0,0,0,0,0,0
1788910456.002430,3764,pg_catalog,pg_ts_template,0,0,0,0,0,0,0,0,0
1788910456.002430,6237,pg_catalog,pg_publication_namespace,0,0,0,0,0,0,0,0,0
1788910456.002430,13487,pg_toast,pg_toast_13484,0,0,0,0,0,0,0,0,0
1788910456.002430,2995,pg_catalog,pg_largeobject_metadata,0,0,0,0,0,0,0,0,0
1788910456.002430,1985275,public,customer_account,0,0,0,0,0,0,0,0,0
1788910456.002430,4143,pg_toast,pg_toast_826,0,0,0,0,0,0,0,0,0
1788910456.002430,4185,pg_toast,pg_toast_1213,0,0,0,0,0,0,0,0,0
1788910456.002430,6243,pg_catalog,pg_parameter_acl,0,0,0,0,0,0,0,0,0
1788910456.002430,2616,pg_catalog,pg_opclass,0,0,8,134,0,0,0,0,0
1788910456.002430,1985290,public,holding,0,0,0,0,0,0,0,0,0
1788910456.002430,2838,pg_toast,pg_toast_2618,0,0,1,3,0,0,0,0,0
1788910456.002430,6228,pg_toast,pg_toast_6106,0,0,0,0,0,0,0,0,0
1788910456.002430,1985349,pg_toast,pg_toast_1985343,0,0,0,0,0,0,0,0,0
1788910456.002430,1985434,public,company_competitor,0,0,0,0,0,0,0,0,0
1788910456.002430,1985370,pg_toast,pg_toast_1985363,0,0,0,0,0,0,0,0,0
1788910456.002430,1985505,pg_toast,pg_toast_1985496,0,0,0,0,0,0,0,0,0
1788910456.002430,1985264,public,customer,0,0,0,0,0,0,0,0,0
1788910456.002430,3118,pg_catalog,pg_foreign_table,0,0,0,0,0,0,0,0,0
1788910456.002430,1259,pg_catalog,pg_class,1,523,12,12,0,0,0,0,0
1788910456.002430,3350,pg_catalog,pg_partitioned_table,0,0,0,0,0,0,0,0,0
1788910456.002430,4153,pg_toast,pg_toast_3118,0,0,0,0,0,0,0,0,0
1788910456.002430,4060,pg_toast,pg_toast_3592,0,0,0,0,0,0,0,0,0
1788910456.002430,1985543,public,status_type,0,0,0,0,0,0,0,0,0
1788910456.002430,4165,pg_toast,pg_toast_3350,0,0,0,0,0,0,0,0,0
1788910456.002430,1985402,public,trade_request,0,0,0,0,0,0,0,0,0
1788910456.002430,2753,pg_catalog,pg_opfamily,0,0,2,2,0,0,0,0,0
1788910456.002430,3601,pg_catalog,pg_ts_parser,0,0,0,0,0,0,0,0,0
1788910456.002430,6104,pg_catalog,pg_publication,0,0,0,0,0,0,0,0,0
1788910456.002430,13477,pg_toast,pg_toast_13474,0,0,0,0,0,0,0,0,0
1788910456.002430,3429,pg_catalog,pg_statistic_ext_data,0,0,0,0,0,0,0,0,0
1788910456.002430,2619,pg_catalog,pg_statistic,0,0,17,8,0,0,0,0,0
1788910456.002430,4155,pg_toast,pg_toast_3394,0,0,0,0,0,0,0,0,0
1788910456.002430,1985548,public,taxrate,0,0,0,0,0,0,0,0,0
1788910456.002430,3381,pg_catalog,pg_statistic_ext,0,0,3,0,0,0,0,0,0
1788910456.002430,6106,pg_catalog,pg_publication_rel,0,0,0,0,0,0,0,0,0
1788910456.002430,1985372,public,trade,0,0,0,0,0,0,0,0,0
1788910456.002430,2605,pg_catalog,pg_cast,0,0,34,7,0,0,0,0,0
1788910456.002430,4171,pg_toast,pg_toast_1247,0,0,0,0,0,0,0,0,0
1788910456.002430,2830,pg_toast,pg_toast_2604,0,0,0,0,0,0,0,0,0
1788910456.002430,1985309,public,holding_summary,0,0,0,0,0,0,0,0,0
1788910456.002430,1985413,pg_toast,pg_toast_1985402,0,0,0,0,0,0,0,0,0
1788910456.002430,13479,information_schema,sql_implementation_info,0,0,,,0,0,0,0,0
1788910456.002430,1985341,pg_toast,pg_toast_1985335,0,0,0,0,0,0,0,0,0
1788910456.002430,6244,pg_toast,pg_toast_6243,0,0,0,0,0,0,0,0,0
1788910456.002430,1985315,public,watch_item,0,0,0,0,0,0,0,0,0
1788910456.002430,3430,pg_toast,pg_toast_3429,0,0,0,0,0,0,0,0,0
1788910456.002430,1985320,public,watch_list,0,0,0,0,0,0,0,0,0
1788910515.133504,1985536,pg_toast,pg_toast_1985517,0,0,0,0,0,0,0,0,0
1788910515.133504,3576,pg_catalog,pg_transform,0,0,0,0,0,0,0,0,0
1788910515.133504,2601,pg_catalog,pg_am,0,0,0,0,0,0,0,0,0
1788910515.133504,1985363,public,settlement,0,0,0,0,0,0,0,0,0
1788910515.133504,3394,pg_catalog,pg_init_privs,0,0,0,0,0,0,0,0,0
1788910515.133504,4167,pg_toast,pg_toast_3256,0,0,0,0,0,0,0,0,0
1788910515.133504,4151,pg_toast,pg_toast_1417,0,0,0,0,0,0,0,0,0
1788910515.133504,2834,pg_toast,pg_toast_2609,0,0,0,0,0,0,0,0,0
1788910515.133504,6000,pg_catalog,pg_replication_origin,0,0,0,0,0,0,0,0,0
1788910515.133504,2840,pg_toast,pg_toast_2619,0,0,0,0,0,0,0,0,0
1788910515.133504,1985486,public,last_trade,0,0,0,0,0,0,0,0,0
1788910515.133504,2328,pg_catalog,pg_foreign_data_wrapper,0,0,0,0,0,0,0,0,0
1788910515.133504,4157,pg_toast,pg_toast_2612,0,0,0,0,0,0,0,0,0
1788910515.133504,1260,pg_catalog,pg_authid,0,0,0,0,0,0,0,0,0
1788910515.133504,6102,pg_catalog,pg_subscription_rel,0,0,0,0,0,0,0,0,0
1788910515.133504,1214,pg_catalog,pg_shdepend,0,0,0,0,0,0,0,0,0
1788910515.133504,4163,pg_toast,pg_toast_2615,0,0,0,0,0,0,0,0,0
1788910515.133504,1985343,public,charge,0,0,0,0,0,0,0,0,0
1788910515.133504,1985440,public,daily_market,0,0,0,0,0,0,0,0,0
1788910515.133504,1985422,public,company,0,0,0,0,0,0,0,0,0
1788910515.133504,4169,pg_toast,pg_toast_3600,0,0,0,0,0,0,0,0,0
1788910515.133504,2615,pg_catalog,pg_namespace,1,4,5,2,0,0,0,0,0
1788910515.133504,2396,pg_catalog,pg_shdescription,0,0,0,0,0,0,0,0,0
1788910515.133504,3600,pg_catalog,pg_ts_dict,0,0,0,0,0,0,0,0,0
1788910515.133504,1985325,public,broker,0,0,0,0,0,0,0,0,0
1788910515.133504,3596,pg_catalog,pg_seclabel,0,0,0,0,0,0,0,0,0
1788910515.133504,1985460,public,financial,0,0,0,0,0,0,0,0,0
1788910515.133504,2609,pg_catalog,pg_description,0,0,0,0,0,0,0,0,0
1788910515.133504,1985351,public,commission_rate,0,0,0,0,0,0,0,0,0
1788910515.133504,13482,pg_toast,pg_toast_13479,0,0,0,0,0,0,0,0,0
1788910515.133504,1985396,public,trade_history,0,0,0,0,0,0,0,0,0
1788910515.133504,3603,pg_catalog,pg_ts_config_map,0,0,0,0,0,0,0,0,0
1788910515.133504,1213,pg_catalog,pg_tablespace,0,0,1,1,0,0,0,0,0
1788910515.133504,2608,pg_catalog,pg_depend,0,0,0,0,0,0,0,0,0
1788910515.133504,2964,pg_catalog,pg_db_role_setting,0,0,0,0,0,0,0,0,0
1788910515.133504,1985283,pg_toast,pg_toast_1985275,0,0,0,0,0,0,0,0,0
1788910515.133504,1418,pg_catalog,pg_user_mapping,0,0,0,0,0,0,0,0,0
1788910515.133504,2613,pg_catalog,pg_largeobject,0,0,0,0,0,0,0,0,0
1788910515.133504,6175,pg_toast,pg_toast_3456,0,0,0,0,0,0,0,0,0
1788910515.133504,1261,pg_catalog,pg_auth_members,0,0,0,0,0,0,0,0,0
1788910515.133504,1985335,public,cash_transaction,0,0,0,0,0,0,0,0,0
1788910515.133504,2617,pg_catalog,pg_operator,0,0,5,5,0,0,0,0,0
1788910515.133504,1985300,pg_toast,pg_toast_1985290,0,0,0,0,0,0,0,0,0
1788910515.133504,1985538,public,address,0,0,0,0,0,0,0,0,0
1788910515.133504,2610,pg_catalog,pg_index,1,221,11,14,0,0,0,0,0
1788910515.133504,1249,pg_catalog,pg_attribute,0,0,75,92,0,0,0,0,0
1788910515.133504,1985512,public,sector,0,0,0,0,0,0,0,0,0
1788910515.133504,1985415,public,trade_type,0,0,0,0,0,0,0,0,0
1788910515.133504,2600,pg_catalog,pg_aggregate,0,0,1,1,0,0,0,0,0
1788910515.133504,2966,pg_toast,pg_toast_2964,0,0,0,0,0,0,0,0,0
1788910515.133504,1985451,public,exchange,0,0,0,0,0,0,0,0,0
1788910515.133504,2618,pg_catalog,pg_rewrite,0,0,1,1,0,0,0,0,0
1788910515.133504,4177,pg_toast,pg_toast_1262,0,0,0,0,0,0,0,0,0
1788910515.133504,13484,information_schema,sql_parts,0,0,,,0,0,0,0,0
1788910515.133504,4159,pg_toast,pg_toast_2600,0,0,0,0,0,0,0,0,0
1788910515.133504,4147,pg_toast,pg_toast_3079,0,0,0,0,0,0,0,0,0
1788910515.133504,13474,information_schema,sql_features,0,0,,,0,0,0,0,0
1788910515.133504,1985394,pg_toast,pg_toast_1985372,0,0,0,0,0,0,0,0,0
1788910515.133504,1247,pg_catalog,pg_type,0,0,19,19,0,0,0,0,0
1788910515.133504,2602,pg_catalog,pg_amop,0,0,12,25,0,0,0,0,0
1788910515.133504,3439,pg_toast,pg_toast_3381,0,0,0,0,0,0,0,0,0
1788910515.133504,2846,pg_toast,pg_toast_2396,0,0,0,0,0,0,0,0,0
1788910515.133504,1985555,public,zip_code,0,0,0,0,0,0,0,0,0
1788910515.133504,1985478,pg_toast,pg_toast_1985460,0,0,0,0,0,0,0,0,0
1788910515.133504,4145,pg_toast,pg_toast_3466,0,0,0,0,0,0,0,0,0
1788910515.133504,3541,pg_catalog,pg_range,0,0,0,0,0,0,0,0,0
1788910515.133504,3602,pg_catalog,pg_ts_config,0,0,0,0,0,0,0,0,0
1788910515.133504,1985333,pg_toast,pg_toast_1985325,0,0,0,0,0,0,0,0,0
1788910515.133504,4183,pg_toast,pg_toast_6100,0,0,0,0,0,0,0,0,0
1788910515.133504,1985496,public,news_item,0,0,0,0,0,0,0,0,0
1788910515.133504,2224,pg_catalog,pg_sequence,0,0,0,0,0,0,0,0,0
1788910515.133504,2611,pg_catalog,pg_inherits,0,0,0,0,0,0,0,0,0
1788910515.133504,1417,pg_catalog,pg_foreign_server,0,0,0,0,0,0,0,0,0
1788910515.133504,1262,pg_catalog,pg_database,0,0,0,0,0,0,0,0,0
1788910515.133504,13492,pg_toast,pg_toast_13489,0,0,0,0,0,0,0,0,0
1788910515.133504,3501,pg_catalog,pg_enum,0,0,0,0,0,0,0,0,0
1788910515.133504,2607,pg_catalog,pg_conversion,0,0,0,0,0,0,0,0,0
1788910515.133504,1985449,pg_toast,pg_toast_1985440,0,0,0,0,0,0,0,0,0
1788910515.133504,826,pg_catalog,pg_default_acl,0,0,0,0,0,0,0,0,0
1788910515.133504,2604,pg_catalog,pg_attrdef,0,0,0,0,0,0,0,0,0
1788910515.133504,2336,pg_toast,pg_toast_2620,0,0,0,0,0,0,0,0,0
1788910515.133504,2603,pg_catalog,pg_amproc,0,0,5,11,0,0,0,0,0
1788910515.133504,2606,pg_catalog,pg_constraint,0,0,3,8,0,0,0,0,0
1788910515.133504,1255,pg_catalog,pg_proc,0,0,19,24,0,0,0,0,0
1788910515.133504,4173,pg_toast,pg_toast_1418,0,0,0,0,0,0,0,0,0
1788910515.133504,1985285,public,customer_taxrate,0,0,0,0,0,0,0,0,0
1788910515.133504,2620,pg_catalog,pg_trigger,0,0,0,0,0,0,0,0,0
1788910515.133504,1985256,public,account_permission,0,0,0,0,0,0,0,0,0
1788910515.133504,1985507,public,news_xref,0,0,0,0,0,0,0,0,0
1788910515.133504,1985480,public,industry,0,0,0,0,0,0,0,0,0
1788910515.133504,2612,pg_catalog,pg_language,0,0,0,0,0,0,0,0,0
1788910515.133504,4149,pg_toast,pg_toast_2328,0,0,0,0,0,0,0,0,0
1788910515.133504,6351,pg_toast,pg_toast_2610,0,0,0,0,0,0,0,0,0
1788910515.133504,13489,information_schema,sql_sizing,0,0,,,0,0,0,0,0
1788910515.133504,1985494,pg_toast,pg_toast_1985486,0,0,0,0,0,0,0,0,0
1788910515.133504,3598,pg_toast,pg_toast_3596,0,0,0,0,0,0,0,0,0
1788910515.133504,2836,pg_toast,pg_toast_1255,0,0,0,0,0,0,0,0,0
1788910515.133504,3456,pg_catalog,pg_collation,0,0,0,0,0,0,0,0,0
1788910515.133504,3079,pg_catalog,pg_extension,0,0,0,0,0,0,0,0,0
1788910515.133504,6100,pg_catalog,pg_subscription,0,0,0,0,0,0,0,0,0
1788910515.133504,2832,pg_toast,pg_toast_2606,0,0,0,0,0,0,0,0,0
1788910515.133504,3256,pg_catalog,pg_policy,0,0,0,0,0,0,0,0,0
1788910515.133504,1985302,public,holding_history,0,0,0,0,0,0,0,0,0
1788910515.133504,1985517,public,security,0,0,0,0,0,0,0,0,0
1788910515.133504,3466,pg_catalog,pg_event_trigger,0,0,0,0,0,0,0,0,0
1788910515.133504,3592,pg_catalog,pg_shseclabel,0,0,0,0,0,0,0,0,0
1788910515.133504,3764,pg_catalog,pg_ts_template,0,0,0,0,0,0,0,0,0
1788910515.133504,6237,pg_catalog,pg_publication_namespace,0,0,0,0,0,0,0,0,0
1788910515.133504,13487,pg_toast,pg_toast_13484,0,0,0,0,0,0,0,0,0
1788910515.133504,2995,pg_catalog,pg_largeobject_metadata,0,0,0,0,0,0,0,0,0
1788910515.133504,1985275,public,customer_account,0,0,0,0,0,0,0,0,0
1788910515.133504,4143,pg_toast,pg_toast_826,0,0,0,0,0,0,0,0,0
1788910515.133504,4185,pg_toast,pg_toast_1213,0,0,0,0,0,0,0,0,0
1788910515.133504,6243,pg_catalog,pg_parameter_acl,0,0,0,0,0,0,0,0,0
1788910515.133504,2616,pg_catalog,pg_opclass,0,0,8,134,0,0,0,0,0
1788910515.133504,1985290,public,holding,0,0,0,0,0,0,0,0,0
1788910515.133504,2838,pg_toast,pg_toast_2618,0,0,1,3,0,0,0,0,0
1788910515.133504,6228,pg_toast,pg_toast_6106,0,0,0,0,0,0,0,0,0
1788910515.133504,1985349,pg_toast,pg_toast_1985343,0,0,0,0,0,0,0,0,0
1788910515.133504,1985434,public,company_competitor,0,0,0,0,0,0,0,0,0
1788910515.133504,1985370,pg_toast,pg_toast_1985363,0,0,0,0,0,0,0,0,0
1788910515.133504,1985505,pg_toast,pg_toast_1985496,0,0,0,0,0,0,0,0,0
1788910515.133504,1985264,public,customer,0,0,0,0,0,0,0,0,0
1788910515.133504,3118,pg_catalog,pg_foreign_table,0,0,0,0,0,0,0,0,0
1788910515.133504,1259,pg_catalog,pg_class,1,523,12,12,0,0,0,0,0
1788910515.133504,3350,pg_catalog,pg_partitioned_table,0,0,0,0,0,0,0,0,0
1788910515.133504,4153,pg_toast,pg_toast_3118,0,0,0,0,0,0,0,0,0
1788910515.133504,4060,pg_toast,pg_toast_3592,0,0,0,0,0,0,0,0,0
1788910515.133504,1985543,public,status_type,0,0,0,0,0,0,0,0,0
1788910515.133504,4165,pg_toast,pg_toast_3350,0,0,0,0,0,0,0,0,0
1788910515.133504,1985402,public,trade_request,0,0,0,0,0,0,0,0,0
1788910515.133504,2753,pg_catalog,pg_opfamily,0,0,2,2,0,0,0,0,0
1788910515.133504,3601,pg_catalog,pg_ts_parser,0,0,0,0,0,0,0,0,0
1788910515.133504,6104,pg_catalog,pg_publication,0,0,0,0,0,0,0,0,0
1788910515.133504,13477,pg_toast,pg_toast_13474,0,0,0,0,0,0,0,0,0
1788910515.133504,3429,pg_catalog,pg_statistic_ext_data,0,0,0,0,0,0,0,0,0
1788910515.133504,2619,pg_catalog,pg_statistic,0,0,17,8,0,0,0,0,0
1788910515.133504,4155,pg_toast,pg_toast_3394,0,0,0,0,0,0,0,0,0
1788910515.133504,1985548,public,taxrate,0,0,0,0,0,0,0,0,0
1788910515.133504,3381,pg_catalog,pg_statistic_ext,0,0,3,0,0,0,0,0,0
1788910515.133504,6106,pg_catalog,pg_publication_rel,0,0,0,0,0,0,0,0,0
1788910515.133504,1985372,public,trade,0,0,0,0,0,0,0,0,0
1788910515.133504,2605,pg_catalog,pg_cast,0,0,34,7,0,0,0,0,0
1788910515.133504,4171,pg_toast,pg_toast_1247,0,0,0,0,0,0,0,0,0
1788910515.133504,2830,pg_toast,pg_toast_2604,0,0,0,0,0,0,0,0,0
1788910515.133504,1985309,public,holding_summary,0,0,0,0,0,0,0,0,0
1788910515.133504,1985413,pg_toast,pg_toast_1985402,0,0,0,0,0,0,0,0,0
1788910515.133504,13479,information_schema,sql_implementation_info,0,0,,,0,0,0,0,0
1788910515.133504,1985341,pg_toast,pg_toast_1985335,0,0,0,0,0,0,0,0,0
1788910515.133504,6244,pg_toast,pg_toast_6243,0,0,0,0,0,0,0,0,0
1788910515.133504,1985315,public,watch_item,0,0,0,0,0,0,0,0,0
1788910515.133504,3430,pg_toast,pg_toast_3429,0,0,0,0,0,0,0,0,0
1788910515.133504,1985320,public,watch_list,0,0,0,0,0,0,0,0,0
1788910575.246150,1985536,pg_toast,pg_toast_1985517,0,0,0,0,0,0,0,0,0
1788910575.246150,3576,pg_catalog,pg_transform,0,0,0,0,0,0,0,0,0
1788910575.246150,2601,pg_catalog,pg_am,0,0,0,0,0,0,0,0,0
1788910575.246150,1985363,public,settlement,0,0,0,0,0,0,0,0,0
1788910575.246150,3394,pg_catalog,pg_init_privs,0,0,0,0,0,0,0,0,0
1788910575.246150,4167,pg_toast,pg_toast_3256,0,0,0,0,0,0,0,0,0
1788910575.246150,4151,pg_toast,pg_toast_1417,0,0,0,0,0,0,0,0,0
1788910575.246150,2834,pg_toast,pg_toast_2609,0,0,0,0,0,0,0,0,0
1788910575.246150,6000,pg_catalog,pg_replication_origin,0,0,0,0,0,0,0,0,0
1788910575.246150,2840,pg_toast,pg_toast_2619,0,0,0,0,0,0,0,0,0
1788910575.246150,1985486,public,last_trade,0,0,0,0,0,0,0,0,0
1788910575.246150,2328,pg_catalog,pg_foreign_data_wrapper,0,0,0,0,0,0,0,0,0
1788910575.246150,4157,pg_toast,pg_toast_2612,0,0,0,0,0,0,0,0,0
1788910575.246150,1260,pg_catalog,pg_authid,0,0,0,0,0,0,0,0,0
1788910575.246150,6102,pg_catalog,pg_subscription_rel,0,0,0,0,0,0,0,0,0
1788910575.246150,1214,pg_catalog,pg_shdepend,0,0,0,0,0,0,0,0,0
1788910575.246150,4163,pg_toast,pg_toast_2615,0,0,0,0,0,0,0,0,0
1788910575.246150,1985343,public,charge,0,0,0,0,0,0,0,0,0
1788910575.246150,1985440,public,daily_market,0,0,0,0,0,0,0,0,0
1788910575.246150,1985422,public,company,0,0,0,0,0,0,0,0,0
1788910575.246150,4169,pg_toast,pg_toast_3600,0,0,0,0,0,0,0,0,0
1788910575.246150,2615,pg_catalog,pg_namespace,1,4,5,2,0,0,0,0,0
1788910575.246150,2396,pg_catalog,pg_shdescription,0,0,0,0,0,0,0,0,0
1788910575.246150,3600,pg_catalog,pg_ts_dict,0,0,0,0,0,0,0,0,0
1788910575.246150,1985325,public,broker,0,0,0,0,0,0,0,0,0
1788910575.246150,3596,pg_catalog,pg_seclabel,0,0,0,0,0,0,0,0,0
1788910575.246150,1985460,public,financial,0,0,0,0,0,0,0,0,0
1788910575.246150,2609,pg_catalog,pg_description,0,0,0,0,0,0,0,0,0
1788910575.246150,1985351,public,commission_rate,0,0,0,0,0,0,0,0,0
1788910575.246150,13482,pg_toast,pg_toast_13479,0,0,0,0,0,0,0,0,0
1788910575.246150,1985396,public,trade_history,0,0,0,0,0,0,0,0,0
1788910575.246150,3603,pg_catalog,pg_ts_config_map,0,0,0,0,0,0,0,0,0
1788910575.246150,1213,pg_catalog,pg_tablespace,0,0,1,1,0,0,0,0,0
1788910575.246150,2608,pg_catalog,pg_depend,0,0,0,0,0,0,0,0,0
1788910575.246150,2964,pg_catalog,pg_db_role_setting,0,0,0,0,0,0,0,0,0
1788910575.246150,1985283,pg_toast,pg_toast_1985275,0,0,0,0,0,0,0,0,0
1788910575.246150,1418,pg_catalog,pg_user_mapping,0,0,0,0,0,0,0,0,0
1788910575.246150,2613,pg_catalog,pg_largeobject,0,0,0,0,0,0,0,0,0
1788910575.246150,6175,pg_toast,pg_toast_3456,0,0,0,0,0,0,0,0,0
1788910575.246150,1261,pg_catalog,pg_auth_members,0,0,0,0,0,0,0,0,0
1788910575.246150,1985335,public,cash_transaction,0,0,0,0,0,0,0,0,0
1788910575.246150,2617,pg_catalog,pg_operator,0,0,5,5,0,0,0,0,0
1788910575.246150,1985300,pg_toast,pg_toast_1985290,0,0,0,0,0,0,0,0,0
1788910575.246150,1985538,public,address,0,0,0,0,0,0,0,0,0
1788910575.246150,2610,pg_catalog,pg_index,1,221,11,14,0,0,0,0,0
1788910575.246150,1249,pg_catalog,pg_attribute,0,0,75,92,0,0,0,0,0
1788910575.246150,1985512,public,sector,0,0,0,0,0,0,0,0,0
1788910575.246150,1985415,public,trade_type,0,0,0,0,0,0,0,0,0
1788910575.246150,2600,pg_catalog,pg_aggregate,0,0,1,1,0,0,0,0,0
1788910575.246150,2966,pg_toast,pg_toast_2964,0,0,0,0,0,0,0,0,0
1788910575.246150,1985451,public,exchange,0,0,0,0,0,0,0,0,0
1788910575.246150,2618,pg_catalog,pg_rewrite,0,0,1,1,0,0,0,0,0
1788910575.246150,4177,pg_toast,pg_toast_1262,0,0,0,0,0,0,0,0,0
1788910575.246150,13484,information_schema,sql_parts,0,0,,,0,0,0,0,0
1788910575.246150,4159,pg_toast,pg_toast_2600,0,0,0,0,0,0,0,0,0
1788910575.246150,4147,pg_toast,pg_toast_3079,0,0,0,0,0,0,0,0,0
1788910575.246150,13474,information_schema,sql_features,0,0,,,0,0,0,0,0
1788910575.246150,1985394,pg_toast,pg_toast_1985372,0,0,0,0,0,0,0,0,0
1788910575.246150,1247,pg_catalog,pg_type,0,0,19,19,0,0,0,0,0
1788910575.246150,2602,pg_catalog,pg_amop,0,0,12,25,0,0,0,0,0
1788910575.246150,3439,pg_toast,pg_toast_3381,0,0,0,0,0,0,0,0,0
1788910575.246150,2846,pg_toast,pg_toast_2396,0,0,0,0,0,0,0,0,0
1788910575.246150,1985555,public,zip_code,0,0,0,0,0,0,0,0,0
1788910575.246150,1985478,pg_toast,pg_toast_1985460,0,0,0,0,0,0,0,0,0
1788910575.246150,4145,pg_toast,pg_toast_3466,0,0,0,0,0,0,0,0,0
1788910575.246150,3541,pg_catalog,pg_range,0,0,0,0,0,0,0,0,0
1788910575.246150,3602,pg_catalog,pg_ts_config,0,0,0,0,0,0,0,0,0
1788910575.246150,1985333,pg_toast,pg_toast_1985325,0,0,0,0,0,0,0,0,0
1788910575.246150,4183,pg_toast,pg_toast_6100,0,0,0,0,0,0,0,0,0
1788910575.246150,1985496,public,news_item,0,0,0,0,0,0,0,0,0
1788910575.246150,2224,pg_catalog,pg_sequence,0,0,0,0,0,0,0,0,0
1788910575.246150,2611,pg_catalog,pg_inherits,0,0,0,0,0,0,0,0,0
1788910575.246150,1417,pg_catalog,pg_foreign_server,0,0,0,0,0,0,0,0,0
1788910575.246150,1262,pg_catalog,pg_database,0,0,0,0,0,0,0,0,0
1788910575.246150,13492,pg_toast,pg_toast_13489,0,0,0,0,0,0,0,0,0
1788910575.246150,3501,pg_catalog,pg_enum,0,0,0,0,0,0,0,0,0
1788910575.246150,2607,pg_catalog,pg_conversion,0,0,0,0,0,0,0,0,0
1788910575.246150,1985449,pg_toast,pg_toast_1985440,0,0,0,0,0,0,0,0,0
1788910575.246150,826,pg_catalog,pg_default_acl,0,0,0,0,0,0,0,0,0
1788910575.246150,2604,pg_catalog,pg_attrdef,0,0,0,0,0,0,0,0,0
1788910575.246150,2336,pg_toast,pg_toast_2620,0,0,0,0,0,0,0,0,0
1788910575.246150,2603,pg_catalog,pg_amproc,0,0,5,11,0,0,0,0,0
1788910575.246150,2606,pg_catalog,pg_constraint,0,0,3,8,0,0,0,0,0
1788910575.246150,1255,pg_catalog,pg_proc,0,0,19,24,0,0,0,0,0
1788910575.246150,4173,pg_toast,pg_toast_1418,0,0,0,0,0,0,0,0,0
1788910575.246150,1985285,public,customer_taxrate,0,0,0,0,0,0,0,0,0
1788910575.246150,2620,pg_catalog,pg_trigger,0,0,0,0,0,0,0,0,0
1788910575.246150,1985256,public,account_permission,0,0,0,0,0,0,0,0,0
1788910575.246150,1985507,public,news_xref,0,0,0,0,0,0,0,0,0
1788910575.246150,1985480,public,industry,0,0,0,0,0,0,0,0,0
1788910575.246150,2612,pg_catalog,pg_language,0,0,0,0,0,0,0,0,0
1788910575.246150,4149,pg_toast,pg_toast_2328,0,0,0,0,0,0,0,0,0
1788910575.246150,6351,pg_toast,pg_toast_2610,0,0,0,0,0,0,0,0,0
1788910575.246150,13489,information_schema,sql_sizing,0,0,,,0,0,0,0,0
1788910575.246150,1985494,pg_toast,pg_toast_1985486,0,0,0,0,0,0,0,0,0
1788910575.246150,3598,pg_toast,pg_toast_3596,0,0,0,0,0,0,0,0,0
1788910575.246150,2836,pg_toast,pg_toast_1255,0,0,0,0,0,0,0,0,0
1788910575.246150,3456,pg_catalog,pg_collation,0,0,0,0,0,0,0,0,0
1788910575.246150,3079,pg_catalog,pg_extension,0,0,0,0,0,0,0,0,0
1788910575.246150,6100,pg_catalog,pg_subscription,0,0,0,0,0,0,0,0,0
1788910575.246150,2832,pg_toast,pg_toast_2606,0,0,0,0,0,0,0,0,0
1788910575.246150,3256,pg_catalog,pg_policy,0,0,0,0,0,0,0,0,0
1788910575.246150,1985302,public,holding_history,0,0,0,0,0,0,0,0,0
1788910575.246150,1985517,public,security,0,0,0,0,0,0,0,0,0
1788910575.246150,3466,pg_catalog,pg_event_trigger,0,0,0,0,0,0,0,0,0
1788910575.246150,3592,pg_catalog,pg_shseclabel,0,0,0,0,0,0,0,0,0
1788910575.246150,3764,pg_catalog,pg_ts_template,0,0,0,0,0,0,0,0,0
1788910575.246150,6237,pg_catalog,pg_publication_namespace,0,0,0,0,0,0,0,0,0
1788910575.246150,13487,pg_toast,pg_toast_13484,0,0,0,0,0,0,0,0,0
1788910575.246150,2995,pg_catalog,pg_largeobject_metadata,0,0,0,0,0,0,0,0,0
1788910575.246150,1985275,public,customer_account,0,0,0,0,0,0,0,0,0
1788910575.246150,4143,pg_toast,pg_toast_826,0,0,0,0,0,0,0,0,0
1788910575.246150,4185,pg_toast,pg_toast_1213,0,0,0,0,0,0,0,0,0
1788910575.246150,6243,pg_catalog,pg_parameter_acl,0,0,0,0,0,0,0,0,0
1788910575.246150,2616,pg_catalog,pg_opclass,0,0,8,134,0,0,0,0,0
1788910575.246150,1985290,public,holding,0,0,0,0,0,0,0,0,0
1788910575.246150,2838,pg_toast,pg_toast_2618,0,0,1,3,0,0,0,0,0
1788910575.246150,6228,pg_toast,pg_toast_6106,0,0,0,0,0,0,0,0,0
1788910575.246150,1985349,pg_toast,pg_toast_1985343,0,0,0,0,0,0,0,0,0
1788910575.246150,1985434,public,company_competitor,0,0,0,0,0,0,0,0,0
1788910575.246150,1985370,pg_toast,pg_toast_1985363,0,0,0,0,0,0,0,0,0
1788910575.246150,1985505,pg_toast,pg_toast_1985496,0,0,0,0,0,0,0,0,0
1788910575.246150,1985264,public,customer,0,0,0,0,0,0,0,0,0
1788910575.246150,3118,pg_catalog,pg_foreign_table,0,0,0,0,0,0,0,0,0
1788910575.246150,1259,pg_catalog,pg_class,1,523,12,12,0,0,0,0,0
1788910575.246150,3350,pg_catalog,pg_partitioned_table,0,0,0,0,0,0,0,0,0
1788910575.246150,4153,pg_toast,pg_toast_3118,0,0,0,0,0,0,0,0,0
1788910575.246150,4060,pg_toast,pg_toast_3592,0,0,0,0,0,0,0,0,0
1788910575.246150,1985543,public,status_type,0,0,0,0,0,0,0,0,0
1788910575.246150,4165,pg_toast,pg_toast_3350,0,0,0,0,0,0,0,0,0
1788910575.246150,1985402,public,trade_request,0,0,0,0,0,0,0,0,0
1788910575.246150,2753,pg_catalog,pg_opfamily,0,0,2,2,0,0,0,0,0
1788910575.246150,3601,pg_catalog,pg_ts_parser,0,0,0,0,0,0,0,0,0
1788910575.246150,6104,pg_catalog,pg_publication,0,0,0,0,0,0,0,0,0
1788910575.246150,13477,pg_toast,pg_toast_13474,0,0,0,0,0,0,0,0,0
1788910575.246150,3429,pg_catalog,pg_statistic_ext_data,0,0,0,0,0,0,0,0,0
1788910575.246150,2619,pg_catalog,pg_statistic,0,0,17,8,0,0,0,0,0
1788910575.246150,4155,pg_toast,pg_toast_3394,0,0,0,0,0,0,0,0,0
1788910575.246150,1985548,public,taxrate,0,0,0,0,0,0,0,0,0
1788910575.246150,3381,pg_catalog,pg_statistic_ext,0,0,3,0,0,0,0,0,0
1788910575.246150,6106,pg_catalog,pg_publication_rel,0,0,0,0,0,0,0,0,0
1788910575.246150,1985372,public,trade,0,0,0,0,0,0,0,0,0
1788910575.246150,2605,pg_catalog,pg_cast,0,0,34,7,0,0,0,0,0
1788910575.246150,4171,pg_toast,pg_toast_1247,0,0,0,0,0,0,0,0,0
1788910575.246150,2830,pg_toast,pg_toast_2604,0,0,0,0,0,0,0,0,0
1788910575.246150,1985309,public,holding_summary,0,0,0,0,0,0,0,0,0
1788910575.246150,1985413,pg_toast,pg_toast_1985402,0,0,0,0,0,0,0,0,0
1788910575.246150,13479,information_schema,sql_implementation_info,0,0,,,0,0,0,0,0
1788910575.246150,1985341,pg_toast,pg_toast_1985335,0,0,0,0,0,0,0,0,0
1788910575.246150,6244,pg_toast,pg_toast_6243,0,0,0,0,0,0,0,0,0
1788910575.246150,1985315,public,watch_item,0,0,0,0,0,0,0,0,0
1788910575.246150,3430,pg_toast,pg_toast_3429,0,0,0,0,0,0,0,0,0
1788910575.246150,1985320,public,watch_list,0,0,0,0,0,0,0,0,0
1788910635.393938,1985536,pg_toast,pg_toast_1985517,0,0,0,0,0,0,0,0,0
1788910635.393938,3576,pg_catalog,pg_transform,0,0,0,0,0,0,0,0,0
1788910635.393938,2601,pg_catalog,pg_am,0,0,0,0,0,0,0,0,0
1788910635.393938,1985363,public,settlement,0,0,0,0,0,0,0,0,0
1788910635.393938,3394,pg_catalog,pg_init_privs,0,0,0,0,0,0,0,0,0
1788910635.393938,4167,pg_toast,pg_toast_3256,0,0,0,0,0,0,0,0,0
1788910635.393938,4151,pg_toast,pg_toast_1417,0,0,0,0,0,0,0,0,0
1788910635.393938,2834,pg_toast,pg_toast_2609,0,0,0,0,0,0,0,0,0
1788910635.393938,6000,pg_catalog,pg_replication_origin,0,0,0,0,0,0,0,0,0
1788910635.393938,2840,pg_toast,pg_toast_2619,0,0,0,0,0,0,0,0,0
1788910635.393938,1985486,public,last_trade,0,0,0,0,0,0,0,0,0
1788910635.393938,2328,pg_catalog,pg_foreign_data_wrapper,0,0,0,0,0,0,0,0,0
1788910635.393938,4157,pg_toast,pg_toast_2612,0,0,0,0,0,0,0,0,0
1788910635.393938,1260,pg_catalog,pg_authid,0,0,0,0,0,0,0,0,0
1788910635.393938,6102,pg_catalog,pg_subscription_rel,0,0,0,0,0,0,0,0,0
1788910635.393938,1214,pg_catalog,pg_shdepend,0,0,0,0,0,0,0,0,0
1788910635.393938,4163,pg_toast,pg_toast_2615,0,0,0,0,0,0,0,0,0
1788910635.393938,1985343,public,charge,0,0,0,0,0,0,0,0,0
1788910635.393938,1985440,public,daily_market,0,0,0,0,0,0,0,0,0
1788910635.393938,1985422,public,company,0,0,0,0,0,0,0,0,0
1788910635.393938,4169,pg_toast,pg_toast_3600,0,0,0,0,0,0,0,0,0
1788910635.393938,2615,pg_catalog,pg_namespace,1,4,5,2,0,0,0,0,0
1788910635.393938,2396,pg_catalog,pg_shdescription,0,0,0,0,0,0,0,0,0
1788910635.393938,3600,pg_catalog,pg_ts_dict,0,0,0,0,0,0,0,0,0
1788910635.393938,1985325,public,broker,0,0,0,0,0,0,0,0,0
1788910635.393938,3596,pg_catalog,pg_seclabel,0,0,0,0,0,0,0,0,0
1788910635.393938,1985460,public,financial,0,0,0,0,0,0,0,0,0
1788910635.393938,2609,pg_catalog,pg_description,0,0,0,0,0,0,0,0,0
1788910635.393938,1985351,public,commission_rate,0,0,0,0,0,0,0,0,0
1788910635.393938,13482,pg_toast,pg_toast_13479,0,0,0,0,0,0,0,0,0
1788910635.393938,1985396,public,trade_history,0,0,0,0,0,0,0,0,0
1788910635.393938,3603,pg_catalog,pg_ts_config_map,0,0,0,0,0,0,0,0,0
1788910635.393938,1213,pg_catalog,pg_tablespace,0,0,1,1,0,0,0,0,0
1788910635.393938,2608,pg_catalog,pg_depend,0,0,0,0,0,0,0,0,0
1788910635.393938,2964,pg_catalog,pg_db_role_setting,0,0,0,0,0,0,0,0,0
1788910635.393938,1985283,pg_toast,pg_toast_1985275,0,0,0,0,0,0,0,0,0
1788910635.393938,1418,pg_catalog,pg_user_mapping,0,0,0,0,0,0,0,0,0
1788910635.393938,2613,pg_catalog,pg_largeobject,0,0,0,0,0,0,0,0,0
1788910635.393938,6175,pg_toast,pg_toast_3456,0,0,0,0,0,0,0,0,0
1788910635.393938,1261,pg_catalog,pg_auth_members,0,0,0,0,0,0,0,0,0
1788910635.393938,1985335,public,cash_transaction,0,0,0,0,0,0,0,0,0
1788910635.393938,2617,pg_catalog,pg_operator,0,0,5,5,0,0,0,0,0
1788910635.393938,1985300,pg_toast,pg_toast_1985290,0,0,0,0,0,0,0,0,0
1788910635.393938,1985538,public,address,0,0,0,0,0,0,0,0,0
1788910635.393938,2610,pg_catalog,pg_index,1,221,11,14,0,0,0,0,0
1788910635.393938,1249,pg_catalog,pg_attribute,0,0,75,92,0,0,0,0,0
1788910635.393938,1985512,public,sector,0,0,0,0,0,0,0,0,0
1788910635.393938,1985415,public,trade_type,0,0,0,0,0,0,0,0,0
1788910635.393938,2600,pg_catalog,pg_aggregate,0,0,1,1,0,0,0,0,0
1788910635.393938,2966,pg_toast,pg_toast_2964,0,0,0,0,0,0,0,0,0
1788910635.393938,1985451,public,exchange,0,0,0,0,0,0,0,0,0
1788910635.393938,2618,pg_catalog,pg_rewrite,0,0,1,1,0,0,0,0,0
1788910635.393938,4177,pg_toast,pg_toast_1262,0,0,0,0,0,0,0,0,0
1788910635.393938,13484,information_schema,sql_parts,0,0,,,0,0,0,0,0
1788910635.393938,4159,pg_toast,pg_toast_2600,0,0,0,0,0,0,0,0,0
1788910635.393938,4147,pg_toast,pg_toast_3079,0,0,0,0,0,0,0,0,0
1788910635.393938,13474,information_schema,sql_features,0,0,,,0,0,0,0,0
1788910635.393938,1985394,pg_toast,pg_toast_1985372,0,0,0,0,0,0,0,0,0
1788910635.393938,1247,pg_catalog,pg_type,0,0,19,19,0,0,0,0,0
1788910635.393938,2602,pg_catalog,pg_amop,0,0,12,25,0,0,0,0,0
1788910635.393938,3439,pg_toast,pg_toast_3381,0,0,0,0,0,0,0,0,0
1788910635.393938,2846,pg_toast,pg_toast_2396,0,0,0,0,0,0,0,0,0
1788910635.393938,1985555,public,zip_code,0,0,0,0,0,0,0,0,0
1788910635.393938,1985478,pg_toast,pg_toast_1985460,0,0,0,0,0,0,0,0,0
1788910635.393938,4145,pg_toast,pg_toast_3466,0,0,0,0,0,0,0,0,0
1788910635.393938,3541,pg_catalog,pg_range,0,0,0,0,0,0,0,0,0
1788910635.393938,3602,pg_catalog,pg_ts_config,0,0,0,0,0,0,0,0,0
1788910635.393938,1985333,pg_toast,pg_toast_1985325,0,0,0,0,0,0,0,0,0
1788910635.393938,4183,pg_toast,pg_toast_6100,0,0,0,0,0,0,0,0,0
1788910635.393938,1985496,public,news_item,0,0,0,0,0,0,0,0,0
1788910635.393938,2224,pg_catalog,pg_sequence,0,0,0,0,0,0,0,0,0
1788910635.393938,2611,pg_catalog,pg_inherits,0,0,0,0,0,0,0,0,0
1788910635.393938,1417,pg_catalog,pg_foreign_server,0,0,0,0,0,0,0,0,0
1788910635.393938,1262,pg_catalog,pg_database,0,0,0,0,0,0,0,0,0
1788910635.393938,13492,pg_toast,pg_toast_13489,0,0,0,0,0,0,0,0,0
1788910635.393938,3501,pg_catalog,pg_enum,0,0,0,0,0,0,0,0,0
1788910635.393938,2607,pg_catalog,pg_conversion,0,0,0,0,0,0,0,0,0
1788910635.393938,1985449,pg_toast,pg_toast_1985440,0,0,0,0,0,0,0,0,0
1788910635.393938,826,pg_catalog,pg_default_acl,0,0,0,0,0,0,0,0,0
1788910635.393938,2604,pg_catalog,pg_attrdef,0,0,0,0,0,0,0,0,0
1788910635.393938,2336,pg_toast,pg_toast_2620,0,0,0,0,0,0,0,0,0
1788910635.393938,2603,pg_catalog,pg_amproc,0,0,5,11,0,0,0,0,0
1788910635.393938,2606,pg_catalog,pg_constraint,0,0,3,8,0,0,0,0,0
1788910635.393938,1255,pg_catalog,pg_proc,0,0,19,24,0,0,0,0,0
1788910635.393938,4173,pg_toast,pg_toast_1418,0,0,0,0,0,0,0,0,0
1788910635.393938,1985285,public,customer_taxrate,0,0,0,0,0,0,0,0,0
1788910635.393938,2620,pg_catalog,pg_trigger,0,0,0,0,0,0,0,0,0
1788910635.393938,1985256,public,account_permission,0,0,0,0,0,0,0,0,0
1788910635.393938,1985507,public,news_xref,0,0,0,0,0,0,0,0,0
1788910635.393938,1985480,public,industry,0,0,0,0,0,0,0,0,0
1788910635.393938,2612,pg_catalog,pg_language,0,0,0,0,0,0,0,0,0
1788910635.393938,4149,pg_toast,pg_toast_2328,0,0,0,0,0,0,0,0,0
1788910635.393938,6351,pg_toast,pg_toast_2610,0,0,0,0,0,0,0,0,0
1788910635.393938,13489,information_schema,sql_sizing,0,0,,,0,0,0,0,0
1788910635.393938,1985494,pg_toast,pg_toast_1985486,0,0,0,0,0,0,0,0,0
1788910635.393938,3598,pg_toast,pg_toast_3596,0,0,0,0,0,0,0,0,0
1788910635.393938,2836,pg_toast,pg_toast_1255,0,0,0,0,0,0,0,0,0
1788910635.393938,3456,pg_catalog,pg_collation,0,0,0,0,0,0,0,0,0
1788910635.393938,3079,pg_catalog,pg_extension,0,0,0,0,0,0,0,0,0
1788910635.393938,6100,pg_catalog,pg_subscription,0,0,0,0,0,0,0,0,0
1788910635.393938,2832,pg_toast,pg_toast_2606,0,0,0,0,0,0,0,0,0
1788910635.393938,3256,pg_catalog,pg_policy,0,0,0,0,0,0,0,0,0
1788910635.393938,1985302,public,holding_history,0,0,0,0,0,0,0,0,0
1788910635.393938,1985517,public,security,0,0,0,0,0,0,0,0,0
1788910635.393938,3466,pg_catalog,pg_event_trigger,0,0,0,0,0,0,0,0,0
1788910635.393938,3592,pg_catalog,pg_shseclabel,0,0,0,0,0,0,0,0,0
1788910635.393938,3764,pg_catalog,pg_ts_template,0,0,0,0,0,0,0,0,0
1788910635.393938,6237,pg_catalog,pg_publication_namespace,0,0,0,0,0,0,0,0,0
1788910635.393938,13487,pg_toast,pg_toast_13484,0,0,0,0,0,0,0,0,0
1788910635.393938,2995,pg_catalog,pg_largeobject_metadata,0,0,0,0,0,0,0,0,0
1788910635.393938,1985275,public,customer_account,0,0,0,0,0,0,0,0,0
1788910635.393938,4143,pg_toast,pg_toast_826,0,0,0,0,0,0,0,0,0
1788910635.393938,4185,pg_toast,pg_toast_1213,0,0,0,0,0,0,0,0,0
1788910635.393938,6243,pg_catalog,pg_parameter_acl,0,0,0,0,0,0,0,0,0
1788910635.393938,2616,pg_catalog,pg_opclass,0,0,8,134,0,0,0,0,0
1788910635.393938,1985290,public,holding,0,0,0,0,0,0,0,0,0
1788910635.393938,2838,pg_toast,pg_toast_2618,0,0,1,3,0,0,0,0,0
1788910635.393938,6228,pg_toast,pg_toast_6106,0,0,0,0,0,0,0,0,0
1788910635.393938,1985349,pg_toast,pg_toast_1985343,0,0,0,0,0,0,0,0,0
1788910635.393938,1985434,public,company_competitor,0,0,0,0,0,0,0,0,0
1788910635.393938,1985370,pg_toast,pg_toast_1985363,0,0,0,0,0,0,0,0,0
1788910635.393938,1985505,pg_toast,pg_toast_1985496,0,0,0,0,0,0,0,0,0
1788910635.393938,1985264,public,customer,0,0,0,0,0,0,0,0,0
1788910635.393938,3118,pg_catalog,pg_foreign_table,0,0,0,0,0,0,0,0,0
1788910635.393938,1259,pg_catalog,pg_class,1,523,12,12,0,0,0,0,0
1788910635.393938,3350,pg_catalog,pg_partitioned_table,0,0,0,0,0,0,0,0,0
1788910635.393938,4153,pg_toast,pg_toast_3118,0,0,0,0,0,0,0,0,0
1788910635.393938,4060,pg_toast,pg_toast_3592,0,0,0,0,0,0,0,0,0
1788910635.393938,1985543,public,status_type,0,0,0,0,0,0,0,0,0
1788910635.393938,4165,pg_toast,pg_toast_3350,0,0,0,0,0,0,0,0,0
1788910635.393938,1985402,public,trade_request,0,0,0,0,0,0,0,0,0
1788910635.393938,2753,pg_catalog,pg_opfamily,0,0,2,2,0,0,0,0,0
1788910635.393938,3601,pg_catalog,pg_ts_parser,0,0,0,0,0,0,0,0,0
1788910635.393938,6104,pg_catalog,pg_publication,0,0,0,0,0,0,0,0,0
1788910635.393938,13477,pg_toast,pg_toast_13474,0,0,0,0,0,0,0,0,0
1788910635.393938,3429,pg_catalog,pg_statistic_ext_data,0,0,0,0,0,0,0,0,0
1788910635.393938,2619,pg_catalog,pg_statistic,0,0,17,8,0,0,0,0,0
1788910635.393938,4155,pg_toast,pg_toast_3394,0,0,0,0,0,0,0,0,0
1788910635.393938,1985548,public,taxrate,0,0,0,0,0,0,0,0,0
1788910635.393938,3381,pg_catalog,pg_statistic_ext,0,0,3,0,0,0,0,0,0
1788910635.393938,6106,pg_catalog,pg_publication_rel,0,0,0,0,0,0,0,0,0
1788910635.393938,1985372,public,trade,0,0,0,0,0,0,0,0,0
1788910635.393938,2605,pg_catalog,pg_cast,0,0,34,7,0,0,0,0,0
1788910635.393938,4171,pg_toast,pg_toast_1247,0,0,0,0,0,0,0,0,0
1788910635.393938,2830,pg_toast,pg_toast_2604,0,0,0,0,0,0,0,0,0
1788910635.393938,1985309,public,holding_summary,0,0,0,0,0,0,0,0,0
1788910635.393938,1985413,pg_toast,pg_toast_1985402,0,0,0,0,0,0,0,0,0
1788910635.393938,13479,information_schema,sql_implementation_info,0,0,,,0,0,0,0,0
1788910635.393938,1985341,pg_toast,pg_toast_1985335,0,0,0,0,0,0,0,0,0
1788910635.393938,6244,pg_toast,pg_toast_6243,0,0,0,0,0,0,0,0,0
1788910635.393938,1985315,public,watch_item,0,0,0,0,0,0,0,0,0
1788910635.393938,3430,pg_toast,pg_toast_3429,0,0,0,0,0,0,0,0,0
1788910635.393938,1985320,public,watch_list,0,0,0,0,0,0,0,0,0
1788910695.488620,1985536,pg_toast,pg_toast_1985517,0,0,0,0,0,0,0,0,0
1788910695.488620,3576,pg_catalog,pg_transform,0,0,0,0,0,0,0,0,0
1788910695.488620,2601,pg_catalog,pg_am,0,0,0,0,0,0,0,0,0
1788910695.488620,1985363,public,settlement,0,0,0,0,0,0,0,0,0
1788910695.488620,3394,pg_catalog,pg_init_privs,0,0,0,0,0,0,0,0,0
1788910695.488620,4167,pg_toast,pg_toast_3256,0,0,0,0,0,0,0,0,0
1788910695.488620,4151,pg_toast,pg_toast_1417,0,0,0,0,0,0,0,0,0
1788910695.488620,2834,pg_toast,pg_toast_2609,0,0,0,0,0,0,0,0,0
1788910695.488620,6000,pg_catalog,pg_replication_origin,0,0,0,0,0,0,0,0,0
1788910695.488620,2840,pg_toast,pg_toast_2619,0,0,0,0,0,0,0,0,0
1788910695.488620,1985486,public,last_trade,0,0,0,0,0,0,0,0,0
1788910695.488620,2328,pg_catalog,pg_foreign_data_wrapper,0,0,0,0,0,0,0,0,0
1788910695.488620,4157,pg_toast,pg_toast_2612,0,0,0,0,0,0,0,0,0
1788910695.488620,1260,pg_catalog,pg_authid,0,0,0,0,0,0,0,0,0
1788910695.488620,6102,pg_catalog,pg_subscription_rel,0,0,0,0,0,0,0,0,0
1788910695.488620,1214,pg_catalog,pg_shdepend,0,0,0,0,0,0,0,0,0
1788910695.488620,4163,pg_toast,pg_toast_2615,0,0,0,0,0,0,0,0,0
1788910695.488620,1985343,public,charge,0,0,0,0,0,0,0,0,0
1788910695.488620,1985440,public,daily_market,0,0,0,0,0,0,0,0,0
1788910695.488620,1985422,public,company,0,0,0,0,0,0,0,0,0
1788910695.488620,4169,pg_toast,pg_toast_3600,0,0,0,0,0,0,0,0,0
1788910695.488620,2615,pg_catalog,pg_namespace,1,4,5,2,0,0,0,0,0
1788910695.488620,2396,pg_catalog,pg_shdescription,0,0,0,0,0,0,0,0,0
1788910695.488620,3600,pg_catalog,pg_ts_dict,0,0,0,0,0,0,0,0,0
1788910695.488620,1985325,public,broker,0,0,0,0,0,0,0,0,0
1788910695.488620,3596,pg_catalog,pg_seclabel,0,0,0,0,0,0,0,0,0
1788910695.488620,1985460,public,financial,0,0,0,0,0,0,0,0,0
1788910695.488620,2609,pg_catalog,pg_description,0,0,0,0,0,0,0,0,0
1788910695.488620,1985351,public,commission_rate,0,0,0,0,0,0,0,0,0
1788910695.488620,13482,pg_toast,pg_toast_13479,0,0,0,0,0,0,0,0,0
1788910695.488620,1985396,public,trade_history,0,0,0,0,0,0,0,0,0
1788910695.488620,3603,pg_catalog,pg_ts_config_map,0,0,0,0,0,0,0,0,0
1788910695.488620,1213,pg_catalog,pg_tablespace,0,0,1,1,0,0,0,0,0
1788910695.488620,2608,pg_catalog,pg_depend,0,0,0,0,0,0,0,0,0
1788910695.488620,2964,pg_catalog,pg_db_role_setting,0,0,0,0,0,0,0,0,0
1788910695.488620,1985283,pg_toast,pg_toast_1985275,0,0,0,0,0,0,0,0,0
1788910695.488620,1418,pg_catalog,pg_user_mapping,0,0,0,0,0,0,0,0,0
1788910695.488620,2613,pg_catalog,pg_largeobject,0,0,0,0,0,0,0,0,0
1788910695.488620,6175,pg_toast,pg_toast_3456,0,0,0,0,0,0,0,0,0
1788910695.488620,1261,pg_catalog,pg_auth_members,0,0,0,0,0,0,0,0,0
1788910695.488620,1985335,public,cash_transaction,0,0,0,0,0,0,0,0,0
1788910695.488620,2617,pg_catalog,pg_operator,0,0,5,5,0,0,0,0,0
1788910695.488620,1985300,pg_toast,pg_toast_1985290,0,0,0,0,0,0,0,0,0
1788910695.488620,1985538,public,address,0,0,0,0,0,0,0,0,0
1788910695.488620,2610,pg_catalog,pg_index,1,221,11,14,0,0,0,0,0
1788910695.488620,1249,pg_catalog,pg_attribute,0,0,75,92,0,0,0,0,0
1788910695.488620,1985512,public,sector,0,0,0,0,0,0,0,0,0
1788910695.488620,1985415,public,trade_type,0,0,0,0,0,0,0,0,0
1788910695.488620,2600,pg_catalog,pg_aggregate,0,0,1,1,0,0,0,0,0
1788910695.488620,2966,pg_toast,pg_toast_2964,0,0,0,0,0,0,0,0,0
1788910695.488620,1985451,public,exchange,0,0,0,0,0,0,0,0,0
1788910695.488620,2618,pg_catalog,pg_rewrite,0,0,1,1,0,0,0,0,0
1788910695.488620,4177,pg_toast,pg_toast_1262,0,0,0,0,0,0,0,0,0
1788910695.488620,13484,information_schema,sql_parts,0,0,,,0,0,0,0,0
1788910695.488620,4159,pg_toast,pg_toast_2600,0,0,0,0,0,0,0,0,0
1788910695.488620,4147,pg_toast,pg_toast_3079,0,0,0,0,0,0,0,0,0
1788910695.488620,13474,information_schema,sql_features,0,0,,,0,0,0,0,0
1788910695.488620,1985394,pg_toast,pg_toast_1985372,0,0,0,0,0,0,0,0,0
1788910695.488620,1247,pg_catalog,pg_type,0,0,19,19,0,0,0,0,0
1788910695.488620,2602,pg_catalog,pg_amop,0,0,12,25,0,0,0,0,0
1788910695.488620,3439,pg_toast,pg_toast_3381,0,0,0,0,0,0,0,0,0
1788910695.488620,2846,pg_toast,pg_toast_2396,0,0,0,0,0,0,0,0,0
1788910695.488620,1985555,public,zip_code,0,0,0,0,0,0,0,0,0
1788910695.488620,1985478,pg_toast,pg_toast_1985460,0,0,0,0,0,0,0,0,0
1788910695.488620,4145,pg_toast,pg_toast_3466,0,0,0,0,0,0,0,0,0
1788910695.488620,3541,pg_catalog,pg_range,0,0,0,0,0,0,0,0,0
1788910695.488620,3602,pg_catalog,pg_ts_config,0,0,0,0,0,0,0,0,0
1788910695.488620,1985333,pg_toast,pg_toast_1985325,0,0,0,0,0,0,0,0,0
1788910695.488620,4183,pg_toast,pg_toast_6100,0,0,0,0,0,0,0,0,0
1788910695.488620,1985496,public,news_item,0,0,0,0,0,0,0,0,0
1788910695.488620,2224,pg_catalog,pg_sequence,0,0,0,0,0,0,0,0,0
1788910695.488620,2611,pg_catalog,pg_inherits,0,0,0,0,0,0,0,0,0
1788910695.488620,1417,pg_catalog,pg_foreign_server,0,0,0,0,0,0,0,0,0
1788910695.488620,1262,pg_catalog,pg_database,0,0,0,0,0,0,0,0,0
1788910695.488620,13492,pg_toast,pg_toast_13489,0,0,0,0,0,0,0,0,0
1788910695.488620,3501,pg_catalog,pg_enum,0,0,0,0,0,0,0,0,0
1788910695.488620,2607,pg_catalog,pg_conversion,0,0,0,0,0,0,0,0,0
1788910695.488620,1985449,pg_toast,pg_toast_1985440,0,0,0,0,0,0,0,0,0
1788910695.488620,826,pg_catalog,pg_default_acl,0,0,0,0,0,0,0,0,0
1788910695.488620,2604,pg_catalog,pg_attrdef,0,0,0,0,0,0,0,0,0
1788910695.488620,2336,pg_toast,pg_toast_2620,0,0,0,0,0,0,0,0,0
1788910695.488620,2603,pg_catalog,pg_amproc,0,0,5,11,0,0,0,0,0
1788910695.488620,2606,pg_catalog,pg_constraint,0,0,3,8,0,0,0,0,0
1788910695.488620,1255,pg_catalog,pg_proc,0,0,19,24,0,0,0,0,0
1788910695.488620,4173,pg_toast,pg_toast_1418,0,0,0,0,0,0,0,0,0
1788910695.488620,1985285,public,customer_taxrate,0,0,0,0,0,0,0,0,0
1788910695.488620,2620,pg_catalog,pg_trigger,0,0,0,0,0,0,0,0,0
1788910695.488620,1985256,public,account_permission,0,0,0,0,0,0,0,0,0
1788910695.488620,1985507,public,news_xref,0,0,0,0,0,0,0,0,0
1788910695.488620,1985480,public,industry,0,0,0,0,0,0,0,0,0
1788910695.488620,2612,pg_catalog,pg_language,0,0,0,0,0,0,0,0,0
1788910695.488620,4149,pg_toast,pg_toast_2328,0,0,0,0,0,0,0,0,0
1788910695.488620,6351,pg_toast,pg_toast_2610,0,0,0,0,0,0,0,0,0
1788910695.488620,13489,information_schema,sql_sizing,0,0,,,0,0,0,0,0
1788910695.488620,1985494,pg_toast,pg_toast_1985486,0,0,0,0,0,0,0,0,0
1788910695.488620,3598,pg_toast,pg_toast_3596,0,0,0,0,0,0,0,0,0
1788910695.488620,2836,pg_toast,pg_toast_1255,0,0,0,0,0,0,0,0,0
1788910695.488620,3456,pg_catalog,pg_collation,0,0,0,0,0,0,0,0,0
1788910695.488620,3079,pg_catalog,pg_extension,0,0,0,0,0,0,0,0,0
1788910695.488620,6100,pg_catalog,pg_subscription,0,0,0,0,0,0,0,0,0
1788910695.488620,2832,pg_toast,pg_toast_2606,0,0,0,0,0,0,0,0,0
1788910695.488620,3256,pg_catalog,pg_policy,0,0,0,0,0,0,0,0,0
1788910695.488620,1985302,public,holding_history,0,0,0,0,0,0,0,0,0
1788910695.488620,1985517,public,security,0,0,0,0,0,0,0,0,0
1788910695.488620,3466,pg_catalog,pg_event_trigger,0,0,0,0,0,0,0,0,0
1788910695.488620,3592,pg_catalog,pg_shseclabel,0,0,0,0,0,0,0,0,0
1788910695.488620,3764,pg_catalog,pg_ts_template,0,0,0,0,0,0,0,0,0
1788910695.488620,6237,pg_catalog,pg_publication_namespace,0,0,0,0,0,0,0,0,0
1788910695.488620,13487,pg_toast,pg_toast_13484,0,0,0,0,0,0,0,0,0
1788910695.488620,2995,pg_catalog,pg_largeobject_metadata,0,0,0,0,0,0,0,0,0
1788910695.488620,1985275,public,customer_account,0,0,0,0,0,0,0,0,0
1788910695.488620,4143,pg_toast,pg_toast_826,0,0,0,0,0,0,0,0,0
1788910695.488620,4185,pg_toast,pg_toast_1213,0,0,0,0,0,0,0,0,0
1788910695.488620,6243,pg_catalog,pg_parameter_acl,0,0,0,0,0,0,0,0,0
1788910695.488620,2616,pg_catalog,pg_opclass,0,0,8,134,0,0,0,0,0
1788910695.488620,1985290,public,holding,0,0,0,0,0,0,0,0,0
1788910695.488620,2838,pg_toast,pg_toast_2618,0,0,1,3,0,0,0,0,0
1788910695.488620,6228,pg_toast,pg_toast_6106,0,0,0,0,0,0,0,0,0
1788910695.488620,1985349,pg_toast,pg_toast_1985343,0,0,0,0,0,0,0,0,0
1788910695.488620,1985434,public,company_competitor,0,0,0,0,0,0,0,0,0
1788910695.488620,1985370,pg_toast,pg_toast_1985363,0,0,0,0,0,0,0,0,0
1788910695.488620,1985505,pg_toast,pg_toast_1985496,0,0,0,0,0,0,0,0,0
1788910695.488620,1985264,public,customer,0,0,0,0,0,0,0,0,0
1788910695.488620,3118,pg_catalog,pg_foreign_table,0,0,0,0,0,0,0,0,0
1788910695.488620,1259,pg_catalog,pg_class,1,523,12,12,0,0,0,0,0
1788910695.488620,3350,pg_catalog,pg_partitioned_table,0,0,0,0,0,0,0,0,0
1788910695.488620,4153,pg_toast,pg_toast_3118,0,0,0,0,0,0,0,0,0
1788910695.488620,4060,pg_toast,pg_toast_3592,0,0,0,0,0,0,0,0,0
1788910695.488620,1985543,public,status_type,0,0,0,0,0,0,0,0,0
1788910695.488620,4165,pg_toast,pg_toast_3350,0,0,0,0,0,0,0,0,0
1788910695.488620,1985402,public,trade_request,0,0,0,0,0,0,0,0,0
1788910695.488620,2753,pg_catalog,pg_opfamily,0,0,2,2,0,0,0,0,0
1788910695.488620,3601,pg_catalog,pg_ts_parser,0,0,0,0,0,0,0,0,0
1788910695.488620,6104,pg_catalog,pg_publication,0,0,0,0,0,0,0,0,0
1788910695.488620,13477,pg_toast,pg_toast_13474,0,0,0,0,0,0,0,0,0
1788910695.488620,3429,pg_catalog,pg_statistic_ext_data,0,0,0,0,0,0,0,0,0
1788910695.488620,2619,pg_catalog,pg_statistic,0,0,17,8,0,0,0,0,0
1788910695.488620,4155,pg_toast,pg_toast_3394,0,0,0,0,0,0,0,0,0
1788910695.488620,1985548,public,taxrate,0,0,0,0,0,0,0,0,0
1788910695.488620,3381,pg_catalog,pg_statistic_ext,0,0,3,0,0,0,0,0,0
1788910695.488620,6106,pg_catalog,pg_publication_rel,0,0,0,0,0,0,0,0,0
1788910695.488620,1985372,public,trade,0,0,0,0,0,0,0,0,0
1788910695.488620,2605,pg_catalog,pg_cast,0,0,34,7,0,0,0,0,0
1788910695.488620,4171,pg_toast,pg_toast_1247,0,0,0,0,0,0,0,0,0
1788910695.488620,2830,pg_toast,pg_toast_2604,0,0,0,0,0,0,0,0,0
1788910695.488620,1985309,public,holding_summary,0,0,0,0,0,0,0,0,0
1788910695.488620,1985413,pg_toast,pg_toast_1985402,0,0,0,0,0,0,0,0,0
1788910695.488620,13479,information_schema,sql_implementation_info,0,0,,,0,0,0,0,0
1788910695.488620,1985341,pg_toast,pg_toast_1985335,0,0,0,0,0,0,0,0,0
1788910695.488620,6244,pg_toast,pg_toast_6243,0,0,0,0,0,0,0,0,0
1788910695.488620,1985315,public,watch_item,0,0,0,0,0,0,0,0,0
1788910695.488620,3430,pg_toast,pg_toast_3429,0,0,0,0,0,0,0,0,0
1788910695.488620,1985320,public,watch_list,0,0,0,0,0,0,0,0,0
1788910755.615650,1985536,pg_toast,pg_toast_1985517,0,0,0,0,0,0,0,0,0
1788910755.615650,3576,pg_catalog,pg_transform,0,0,0,0,0,0,0,0,0
1788910755.615650,2601,pg_catalog,pg_am,0,0,0,0,0,0,0,0,0
1788910755.615650,1985363,public,settlement,0,0,0,0,0,0,0,0,0
1788910755.615650,3394,pg_catalog,pg_init_privs,0,0,0,0,0,0,0,0,0
1788910755.615650,4167,pg_toast,pg_toast_3256,0,0,0,0,0,0,0,0,0
1788910755.615650,4151,pg_toast,pg_toast_1417,0,0,0,0,0,0,0,0,0
1788910755.615650,2834,pg_toast,pg_toast_2609,0,0,0,0,0,0,0,0,0
1788910755.615650,6000,pg_catalog,pg_replication_origin,0,0,0,0,0,0,0,0,0
1788910755.615650,2840,pg_toast,pg_toast_2619,0,0,0,0,0,0,0,0,0
1788910755.615650,1985486,public,last_trade,0,0,0,0,0,0,0,0,0
1788910755.615650,2328,pg_catalog,pg_foreign_data_wrapper,0,0,0,0,0,0,0,0,0
1788910755.615650,4157,pg_toast,pg_toast_2612,0,0,0,0,0,0,0,0,0
1788910755.615650,1260,pg_catalog,pg_authid,0,0,0,0,0,0,0,0,0
1788910755.615650,6102,pg_catalog,pg_subscription_rel,0,0,0,0,0,0,0,0,0
1788910755.615650,1214,pg_catalog,pg_shdepend,0,0,0,0,0,0,0,0,0
1788910755.615650,4163,pg_toast,pg_toast_2615,0,0,0,0,0,0,0,0,0
1788910755.615650,1985343,public,charge,0,0,0,0,0,0,0,0,0
1788910755.615650,1985440,public,daily_market,0,0,0,0,0,0,0,0,0
1788910755.615650,1985422,public,company,0,0,0,0,0,0,0,0,0
1788910755.615650,4169,pg_toast,pg_toast_3600,0,0,0,0,0,0,0,0,0
1788910755.615650,2615,pg_catalog,pg_namespace,1,4,5,2,0,0,0,0,0
1788910755.615650,2396,pg_catalog,pg_shdescription,0,0,0,0,0,0,0,0,0
1788910755.615650,3600,pg_catalog,pg_ts_dict,0,0,0,0,0,0,0,0,0
1788910755.615650,1985325,public,broker,0,0,0,0,0,0,0,0,0
1788910755.615650,3596,pg_catalog,pg_seclabel,0,0,0,0,0,0,0,0,0
1788910755.615650,1985460,public,financial,0,0,0,0,0,0,0,0,0
1788910755.615650,2609,pg_catalog,pg_description,0,0,0,0,0,0,0,0,0
1788910755.615650,1985351,public,commission_rate,0,0,0,0,0,0,0,0,0
1788910755.615650,13482,pg_toast,pg_toast_13479,0,0,0,0,0,0,0,0,0
1788910755.615650,1985396,public,trade_history,0,0,0,0,0,0,0,0,0
1788910755.615650,3603,pg_catalog,pg_ts_config_map,0,0,0,0,0,0,0,0,0
1788910755.615650,1213,pg_catalog,pg_tablespace,0,0,1,1,0,0,0,0,0
1788910755.615650,2608,pg_catalog,pg_depend,0,0,0,0,0,0,0,0,0
1788910755.615650,2964,pg_catalog,pg_db_role_setting,0,0,0,0,0,0,0,0,0
1788910755.615650,1985283,pg_toast,pg_toast_1985275,0,0,0,0,0,0,0,0,0
1788910755.615650,1418,pg_catalog,pg_user_mapping,0,0,0,0,0,0,0,0,0
1788910755.615650,2613,pg_catalog,pg_largeobject,0,0,0,0,0,0,0,0,0
1788910755.615650,6175,pg_toast,pg_toast_3456,0,0,0,0,0,0,0,0,0
1788910755.615650,1261,pg_catalog,pg_auth_members,0,0,0,0,0,0,0,0,0
1788910755.615650,1985335,public,cash_transaction,0,0,0,0,0,0,0,0,0
1788910755.615650,2617,pg_catalog,pg_operator,0,0,5,5,0,0,0,0,0
1788910755.615650,1985300,pg_toast,pg_toast_1985290,0,0,0,0,0,0,0,0,0
1788910755.615650,1985538,public,address,0,0,0,0,0,0,0,0,0
1788910755.615650,2610,pg_catalog,pg_index,1,221,11,14,0,0,0,0,0
1788910755.615650,1249,pg_catalog,pg_attribute,0,0,75,92,0,0,0,0,0
1788910755.615650,1985512,public,sector,0,0,0,0,0,0,0,0,0
1788910755.615650,1985415,public,trade_type,0,0,0,0,0,0,0,0,0
1788910755.615650,2600,pg_catalog,pg_aggregate,0,0,1,1,0,0,0,0,0
1788910755.615650,2966,pg_toast,pg_toast_2964,0,0,0,0,0,0,0,0,0
1788910755.615650,1985451,public,exchange,0,0,0,0,0,0,0,0,0
1788910755.615650,2618,pg_catalog,pg_rewrite,0,0,1,1,0,0,0,0,0
1788910755.615650,4177,pg_toast,pg_toast_1262,0,0,0,0,0,0,0,0,0
1788910755.615650,13484,information_schema,sql_parts,0,0,,,0,0,0,0,0
1788910755.615650,4159,pg_toast,pg_toast_2600,0,0,0,0,0,0,0,0,0
1788910755.615650,4147,pg_toast,pg_toast_3079,0,0,0,0,0,0,0,0,0
1788910755.615650,13474,information_schema,sql_features,0,0,,,0,0,0,0,0
1788910755.615650,1985394,pg_toast,pg_toast_1985372,0,0,0,0,0,0,0,0,0
1788910755.615650,1247,pg_catalog,pg_type,0,0,19,19,0,0,0,0,0
1788910755.615650,2602,pg_catalog,pg_amop,0,0,12,25,0,0,0,0,0
1788910755.615650,3439,pg_toast,pg_toast_3381,0,0,0,0,0,0,0,0,0
1788910755.615650,2846,pg_toast,pg_toast_2396,0,0,0,0,0,0,0,0,0
1788910755.615650,1985555,public,zip_code,0,0,0,0,0,0,0,0,0
1788910755.615650,1985478,pg_toast,pg_toast_1985460,0,0,0,0,0,0,0,0,0
1788910755.615650,4145,pg_toast,pg_toast_3466,0,0,0,0,0,0,0,0,0
1788910755.615650,3541,pg_catalog,pg_range,0,0,0,0,0,0,0,0,0
1788910755.615650,3602,pg_catalog,pg_ts_config,0,0,0,0,0,0,0,0,0
1788910755.615650,1985333,pg_toast,pg_toast_1985325,0,0,0,0,0,0,0,0,0
1788910755.615650,4183,pg_toast,pg_toast_6100,0,0,0,0,0,0,0,0,0
1788910755.615650,1985496,public,news_item,0,0,0,0,0,0,0,0,0
1788910755.615650,2224,pg_catalog,pg_sequence,0,0,0,0,0,0,0,0,0
1788910755.615650,2611,pg_catalog,pg_inherits,0,0,0,0,0,0,0,0,0
1788910755.615650,1417,pg_catalog,pg_foreign_server,0,0,0,0,0,0,0,0,0
1788910755.615650,1262,pg_catalog,pg_database,0,0,0,0,0,0,0,0,0
1788910755.615650,13492,pg_toast,pg_toast_13489,0,0,0,0,0,0,0,0,0
1788910755.615650,3501,pg_catalog,pg_enum,0,0,0,0,0,0,0,0,0
1788910755.615650,2607,pg_catalog,pg_conversion,0,0,0,0,0,0,0,0,0
1788910755.615650,1985449,pg_toast,pg_toast_1985440,0,0,0,0,0,0,0,0,0
1788910755.615650,826,pg_catalog,pg_default_acl,0,0,0,0,0,0,0,0,0
1788910755.615650,2604,pg_catalog,pg_attrdef,0,0,0,0,0,0,0,0,0
1788910755.615650,2336,pg_toast,pg_toast_2620,0,0,0,0,0,0,0,0,0
1788910755.615650,2603,pg_catalog,pg_amproc,0,0,5,11,0,0,0,0,0
1788910755.615650,2606,pg_catalog,pg_constraint,0,0,3,8,0,0,0,0,0
1788910755.615650,1255,pg_catalog,pg_proc,0,0,19,24,0,0,0,0,0
1788910755.615650,4173,pg_toast,pg_toast_1418,0,0,0,0,0,0,0,0,0
1788910755.615650,1985285,public,customer_taxrate,0,0,0,0,0,0,0,0,0
1788910755.615650,2620,pg_catalog,pg_trigger,0,0,0,0,0,0,0,0,0
1788910755.615650,1985256,public,account_permission,0,0,0,0,0,0,0,0,0
1788910755.615650,1985507,public,news_xref,0,0,0,0,0,0,0,0,0
1788910755.615650,1985480,public,industry,0,0,0,0,0,0,0,0,0
1788910755.615650,2612,pg_catalog,pg_language,0,0,0,0,0,0,0,0,0
1788910755.615650,4149,pg_toast,pg_toast_2328,0,0,0,0,0,0,0,0,0
1788910755.615650,6351,pg_toast,pg_toast_2610,0,0,0,0,0,0,0,0,0
1788910755.615650,13489,information_schema,sql_sizing,0,0,,,0,0,0,0,0
1788910755.615650,1985494,pg_toast,pg_toast_1985486,0,0,0,0,0,0,0,0,0
1788910755.615650,3598,pg_toast,pg_toast_3596,0,0,0,0,0,0,0,0,0
1788910755.615650,2836,pg_toast,pg_toast_1255,0,0,0,0,0,0,0,0,0
1788910755.615650,3456,pg_catalog,pg_collation,0,0,0,0,0,0,0,0,0
1788910755.615650,3079,pg_catalog,pg_extension,0,0,0,0,0,0,0,0,0
1788910755.615650,6100,pg_catalog,pg_subscription,0,0,0,0,0,0,0,0,0
1788910755.615650,2832,pg_toast,pg_toast_2606,0,0,0,0,0,0,0,0,0
1788910755.615650,3256,pg_catalog,pg_policy,0,0,0,0,0,0,0,0,0
1788910755.615650,1985302,public,holding_history,0,0,0,0,0,0,0,0,0
1788910755.615650,1985517,public,security,0,0,0,0,0,0,0,0,0
1788910755.615650,3466,pg_catalog,pg_event_trigger,0,0,0,0,0,0,0,0,0
1788910755.615650,3592,pg_catalog,pg_shseclabel,0,0,0,0,0,0,0,0,0
1788910755.615650,3764,pg_catalog,pg_ts_template,0,0,0,0,0,0,0,0,0
1788910755.615650,6237,pg_catalog,pg_publication_namespace,0,0,0,0,0,0,0,0,0
1788910755.615650,13487,pg_toast,pg_toast_13484,0,0,0,0,0,0,0,0,0
1788910755.615650,2995,pg_catalog,pg_largeobject_metadata,0,0,0,0,0,0,0,0,0
1788910755.615650,1985275,public,customer_account,0,0,0,0,0,0,0,0,0
1788910755.615650,4143,pg_toast,pg_toast_826,0,0,0,0,0,0,0,0,0
1788910755.615650,4185,pg_toast,pg_toast_1213,0,0,0,0,0,0,0,0,0
1788910755.615650,6243,pg_catalog,pg_parameter_acl,0,0,0,0,0,0,0,0,0
1788910755.615650,2616,pg_catalog,pg_opclass,0,0,8,134,0,0,0,0,0
1788910755.615650,1985290,public,holding,0,0,0,0,0,0,0,0,0
1788910755.615650,2838,pg_toast,pg_toast_2618,0,0,1,3,0,0,0,0,0
1788910755.615650,6228,pg_toast,pg_toast_6106,0,0,0,0,0,0,0,0,0
1788910755.615650,1985349,pg_toast,pg_toast_1985343,0,0,0,0,0,0,0,0,0
1788910755.615650,1985434,public,company_competitor,0,0,0,0,0,0,0,0,0
1788910755.615650,1985370,pg_toast,pg_toast_1985363,0,0,0,0,0,0,0,0,0
1788910755.615650,1985505,pg_toast,pg_toast_1985496,0,0,0,0,0,0,0,0,0
1788910755.615650,1985264,public,customer,0,0,0,0,0,0,0,0,0
1788910755.615650,3118,pg_catalog,pg_foreign_table,0,0,0,0,0,0,0,0,0
1788910755.615650,1259,pg_catalog,pg_class,1,523,12,12,0,0,0,0,0
1788910755.615650,3350,pg_catalog,pg_partitioned_table,0,0,0,0,0,0,0,0,0
1788910755.615650,4153,pg_toast,pg_toast_3118,0,0,0,0,0,0,0,0,0
1788910755.615650,4060,pg_toast,pg_toast_3592,0,0,0,0,0,0,0,0,0
1788910755.615650,1985543,public,status_type,0,0,0,0,0,0,0,0,0
1788910755.615650,4165,pg_toast,pg_toast_3350,0,0,0,0,0,0,0,0,0
1788910755.615650,1985402,public,trade_request,0,0,0,0,0,0,0,0,0
1788910755.615650,2753,pg_catalog,pg_opfamily,0,0,2,2,0,0,0,0,0
1788910755.615650,3601,pg_catalog,pg_ts_parser,0,0,0,0,0,0,0,0,0
1788910755.615650,6104,pg_catalog,pg_publication,0,0,0,0,0,0,0,0,0
1788910755.615650,13477,pg_toast,pg_toast_13474,0,0,0,0,0,0,0,0,0
1788910755.615650,3429,pg_catalog,pg_statistic_ext_data,0,0,0,0,0,0,0,0,0
1788910755.615650,2619,pg_catalog,pg_statistic,0,0,17,8,0,0,0,0,0
1788910755.615650,4155,pg_toast,pg_toast_3394,0,0,0,0,0,0,0,0,0
1788910755.615650,1985548,public,taxrate,0,0,0,0,0,0,0,0,0
1788910755.615650,3381,pg_catalog,pg_statistic_ext,0,0,3,0,0,0,0,0,0
1788910755.615650,6106,pg_catalog,pg_publication_rel,0,0,0,0,0,0,0,0,0
1788910755.615650,1985372,public,trade,0,0,0,0,0,0,0,0,0
1788910755.615650,2605,pg_catalog,pg_cast,0,0,34,7,0,0,0,0,0
1788910755.615650,4171,pg_toast,pg_toast_1247,0,0,0,0,0,0,0,0,0
1788910755.615650,2830,pg_toast,pg_toast_2604,0,0,0,0,0,0,0,0,0
1788910755.615650,1985309,public,holding_summary,0,0,0,0,0,0,0,0,0
1788910755.615650,1985413,pg_toast,pg_toast_1985402,0,0,0,0,0,0,0,0,0
1788910755.615650,13479,information_schema,sql_implementation_info,0,0,,,0,0,0,0,0
1788910755.615650,1985341,pg_toast,pg_toast_1985335,0,0,0,0,0,0,0,0,0
1788910755.615650,6244,pg_toast,pg_toast_6243,0,0,0,0,0,0,0,0,0
1788910755.615650,1985315,public,watch_item,0,0,0,0,0,0,0,0,0
1788910755.615650,3430,pg_toast,pg_toast_3429,0,0,0,0,0,0,0,0,0
1788910755.615650,1985320,public,watch_list,0,0,0,0,0,0,0,0,0
1788910815.727661,1985536,pg_toast,pg_toast_1985517,0,0,0,0,0,0,0,0,0
1788910815.727661,3576,pg_catalog,pg_transform,0,0,0,0,0,0,0,0,0
1788910815.727661,2601,pg_catalog,pg_am,0,0,0,0,0,0,0,0,0
1788910815.727661,1985363,public,settlement,0,0,0,0,0,0,0,0,0
1788910815.727661,3394,pg_catalog,pg_init_privs,0,0,0,0,0,0,0,0,0
1788910815.727661,4167,pg_toast,pg_toast_3256,0,0,0,0,0,0,0,0,0
1788910815.727661,4151,pg_toast,pg_toast_1417,0,0,0,0,0,0,0,0,0
1788910815.727661,2834,pg_toast,pg_toast_2609,0,0,0,0,0,0,0,0,0
1788910815.727661,6000,pg_catalog,pg_replication_origin,0,0,0,0,0,0,0,0,0
1788910815.727661,2840,pg_toast,pg_toast_2619,0,0,0,0,0,0,0,0,0
1788910815.727661,1985486,public,last_trade,0,0,0,0,0,0,0,0,0
1788910815.727661,2328,pg_catalog,pg_foreign_data_wrapper,0,0,0,0,0,0,0,0,0
1788910815.727661,4157,pg_toast,pg_toast_2612,0,0,0,0,0,0,0,0,0
1788910815.727661,1260,pg_catalog,pg_authid,0,0,0,0,0,0,0,0,0
1788910815.727661,6102,pg_catalog,pg_subscription_rel,0,0,0,0,0,0,0,0,0
1788910815.727661,1214,pg_catalog,pg_shdepend,0,0,0,0,0,0,0,0,0
1788910815.727661,4163,pg_toast,pg_toast_2615,0,0,0,0,0,0,0,0,0
1788910815.727661,1985343,public,charge,0,0,0,0,0,0,0,0,0
1788910815.727661,1985440,public,daily_market,0,0,0,0,0,0,0,0,0
1788910815.727661,1985422,public,company,0,0,0,0,0,0,0,0,0
1788910815.727661,4169,pg_toast,pg_toast_3600,0,0,0,0,0,0,0,0,0
1788910815.727661,2615,pg_catalog,pg_namespace,1,4,5,2,0,0,0,0,0
1788910815.727661,2396,pg_catalog,pg_shdescription,0,0,0,0,0,0,0,0,0
1788910815.727661,3600,pg_catalog,pg_ts_dict,0,0,0,0,0,0,0,0,0
1788910815.727661,1985325,public,broker,0,0,0,0,0,0,0,0,0
1788910815.727661,3596,pg_catalog,pg_seclabel,0,0,0,0,0,0,0,0,0
1788910815.727661,1985460,public,financial,0,0,0,0,0,0,0,0,0
1788910815.727661,2609,pg_catalog,pg_description,0,0,0,0,0,0,0,0,0
1788910815.727661,1985351,public,commission_rate,0,0,0,0,0,0,0,0,0
1788910815.727661,13482,pg_toast,pg_toast_13479,0,0,0,0,0,0,0,0,0
1788910815.727661,1985396,public,trade_history,0,0,0,0,0,0,0,0,0
1788910815.727661,3603,pg_catalog,pg_ts_config_map,0,0,0,0,0,0,0,0,0
1788910815.727661,1213,pg_catalog,pg_tablespace,0,0,1,1,0,0,0,0,0
1788910815.727661,2608,pg_catalog,pg_depend,0,0,0,0,0,0,0,0,0
1788910815.727661,2964,pg_catalog,pg_db_role_setting,0,0,0,0,0,0,0,0,0
1788910815.727661,1985283,pg_toast,pg_toast_1985275,0,0,0,0,0,0,0,0,0
1788910815.727661,1418,pg_catalog,pg_user_mapping,0,0,0,0,0,0,0,0,0
1788910815.727661,2613,pg_catalog,pg_largeobject,0,0,0,0,0,0,0,0,0
1788910815.727661,6175,pg_toast,pg_toast_3456,0,0,0,0,0,0,0,0,0
1788910815.727661,1261,pg_catalog,pg_auth_members,0,0,0,0,0,0,0,0,0
1788910815.727661,1985335,public,cash_transaction,0,0,0,0,0,0,0,0,0
1788910815.727661,2617,pg_catalog,pg_operator,0,0,5,5,0,0,0,0,0
1788910815.727661,1985300,pg_toast,pg_toast_1985290,0,0,0,0,0,0,0,0,0
1788910815.727661,1985538,public,address,0,0,0,0,0,0,0,0,0
1788910815.727661,2610,pg_catalog,pg_index,1,221,11,14,0,0,0,0,0
1788910815.727661,1249,pg_catalog,pg_attribute,0,0,75,92,0,0,0,0,0
1788910815.727661,1985512,public,sector,0,0,0,0,0,0,0,0,0
1788910815.727661,1985415,public,trade_type,0,0,0,0,0,0,0,0,0
1788910815.727661,2600,pg_catalog,pg_aggregate,0,0,1,1,0,0,0,0,0
1788910815.727661,2966,pg_toast,pg_toast_2964,0,0,0,0,0,0,0,0,0
1788910815.727661,1985451,public,exchange,0,0,0,0,0,0,0,0,0
1788910815.727661,2618,pg_catalog,pg_rewrite,0,0,1,1,0,0,0,0,0
1788910815.727661,4177,pg_toast,pg_toast_1262,0,0,0,0,0,0,0,0,0
1788910815.727661,13484,information_schema,sql_parts,0,0,,,0,0,0,0,0
1788910815.727661,4159,pg_toast,pg_toast_2600,0,0,0,0,0,0,0,0,0
1788910815.727661,4147,pg_toast,pg_toast_3079,0,0,0,0,0,0,0,0,0
1788910815.727661,13474,information_schema,sql_features,0,0,,,0,0,0,0,0
1788910815.727661,1985394,pg_toast,pg_toast_1985372,0,0,0,0,0,0,0,0,0
1788910815.727661,1247,pg_catalog,pg_type,0,0,19,19,0,0,0,0,0
1788910815.727661,2602,pg_catalog,pg_amop,0,0,12,25,0,0,0,0,0
1788910815.727661,3439,pg_toast,pg_toast_3381,0,0,0,0,0,0,0,0,0
1788910815.727661,2846,pg_toast,pg_toast_2396,0,0,0,0,0,0,0,0,0
1788910815.727661,1985555,public,zip_code,0,0,0,0,0,0,0,0,0
1788910815.727661,1985478,pg_toast,pg_toast_1985460,0,0,0,0,0,0,0,0,0
1788910815.727661,4145,pg_toast,pg_toast_3466,0,0,0,0,0,0,0,0,0
1788910815.727661,3541,pg_catalog,pg_range,0,0,0,0,0,0,0,0,0
1788910815.727661,3602,pg_catalog,pg_ts_config,0,0,0,0,0,0,0,0,0
1788910815.727661,1985333,pg_toast,pg_toast_1985325,0,0,0,0,0,0,0,0,0
1788910815.727661,4183,pg_toast,pg_toast_6100,0,0,0,0,0,0,0,0,0
1788910815.727661,1985496,public,news_item,0,0,0,0,0,0,0,0,0
1788910815.727661,2224,pg_catalog,pg_sequence,0,0,0,0,0,0,0,0,0
1788910815.727661,2611,pg_catalog,pg_inherits,0,0,0,0,0,0,0,0,0
1788910815.727661,1417,pg_catalog,pg_foreign_server,0,0,0,0,0,0,0,0,0
1788910815.727661,1262,pg_catalog,pg_database,0,0,0,0,0,0,0,0,0
1788910815.727661,13492,pg_toast,pg_toast_13489,0,0,0,0,0,0,0,0,0
1788910815.727661,3501,pg_catalog,pg_enum,0,0,0,0,0,0,0,0,0
1788910815.727661,2607,pg_catalog,pg_conversion,0,0,0,0,0,0,0,0,0
1788910815.727661,1985449,pg_toast,pg_toast_1985440,0,0,0,0,0,0,0,0,0
1788910815.727661,826,pg_catalog,pg_default_acl,0,0,0,0,0,0,0,0,0
1788910815.727661,2604,pg_catalog,pg_attrdef,0,0,0,0,0,0,0,0,0
1788910815.727661,2336,pg_toast,pg_toast_2620,0,0,0,0,0,0,0,0,0
1788910815.727661,2603,pg_catalog,pg_amproc,0,0,5,11,0,0,0,0,0
1788910815.727661,2606,pg_catalog,pg_constraint,0,0,3,8,0,0,0,0,0
1788910815.727661,1255,pg_catalog,pg_proc,0,0,19,24,0,0,0,0,0
1788910815.727661,4173,pg_toast,pg_toast_1418,0,0,0,0,0,0,0,0,0
1788910815.727661,1985285,public,customer_taxrate,0,0,0,0,0,0,0,0,0
1788910815.727661,2620,pg_catalog,pg_trigger,0,0,0,0,0,0,0,0,0
1788910815.727661,1985256,public,account_permission,0,0,0,0,0,0,0,0,0
1788910815.727661,1985507,public,news_xref,0,0,0,0,0,0,0,0,0
1788910815.727661,1985480,public,industry,0,0,0,0,0,0,0,0,0
1788910815.727661,2612,pg_catalog,pg_language,0,0,0,0,0,0,0,0,0
1788910815.727661,4149,pg_toast,pg_toast_2328,0,0,0,0,0,0,0,0,0
1788910815.727661,6351,pg_toast,pg_toast_2610,0,0,0,0,0,0,0,0,0
1788910815.727661,13489,information_schema,sql_sizing,0,0,,,0,0,0,0,0
1788910815.727661,1985494,pg_toast,pg_toast_1985486,0,0,0,0,0,0,0,0,0
1788910815.727661,3598,pg_toast,pg_toast_3596,0,0,0,0,0,0,0,0,0
1788910815.727661,2836,pg_toast,pg_toast_1255,0,0,0,0,0,0,0,0,0
1788910815.727661,3456,pg_catalog,pg_collation,0,0,0,0,0,0,0,0,0
1788910815.727661,3079,pg_catalog,pg_extension,0,0,0,0,0,0,0,0,0
1788910815.727661,6100,pg_catalog,pg_subscription,0,0,0,0,0,0,0,0,0
1788910815.727661,2832,pg_toast,pg_toast_2606,0,0,0,0,0,0,0,0,0
1788910815.727661,3256,pg_catalog,pg_policy,0,0,0,0,0,0,0,0,0
1788910815.727661,1985302,public,holding_history,0,0,0,0,0,0,0,0,0
1788910815.727661,1985517,public,security,0,0,0,0,0,0,0,0,0
1788910815.727661,3466,pg_catalog,pg_event_trigger,0,0,0,0,0,0,0,0,0
1788910815.727661,3592,pg_catalog,pg_shseclabel,0,0,0,0,0,0,0,0,0
1788910815.727661,3764,pg_catalog,pg_ts_template,0,0,0,0,0,0,0,0,0
1788910815.727661,6237,pg_catalog,pg_publication_namespace,0,0,0,0,0,0,0,0,0
1788910815.727661,13487,pg_toast,pg_toast_13484,0,0,0,0,0,0,0,0,0
1788910815.727661,2995,pg_catalog,pg_largeobject_metadata,0,0,0,0,0,0,0,0,0
1788910815.727661,1985275,public,customer_account,0,0,0,0,0,0,0,0,0
1788910815.727661,4143,pg_toast,pg_toast_826,0,0,0,0,0,0,0,0,0
1788910815.727661,4185,pg_toast,pg_toast_1213,0,0,0,0,0,0,0,0,0
1788910815.727661,6243,pg_catalog,pg_parameter_acl,0,0,0,0,0,0,0,0,0
1788910815.727661,2616,pg_catalog,pg_opclass,0,0,8,134,0,0,0,0,0
1788910815.727661,1985290,public,holding,0,0,0,0,0,0,0,0,0
1788910815.727661,2838,pg_toast,pg_toast_2618,0,0,1,3,0,0,0,0,0
1788910815.727661,6228,pg_toast,pg_toast_6106,0,0,0,0,0,0,0,0,0
1788910815.727661,1985349,pg_toast,pg_toast_1985343,0,0,0,0,0,0,0,0,0
1788910815.727661,1985434,public,company_competitor,0,0,0,0,0,0,0,0,0
1788910815.727661,1985370,pg_toast,pg_toast_1985363,0,0,0,0,0,0,0,0,0
1788910815.727661,1985505,pg_toast,pg_toast_1985496,0,0,0,0,0,0,0,0,0
1788910815.727661,1985264,public,customer,0,0,0,0,0,0,0,0,0
1788910815.727661,3118,pg_catalog,pg_foreign_table,0,0,0,0,0,0,0,0,0
1788910815.727661,1259,pg_catalog,pg_class,1,523,12,12,0,0,0,0,0
1788910815.727661,3350,pg_catalog,pg_partitioned_table,0,0,0,0,0,0,0,0,0
1788910815.727661,4153,pg_toast,pg_toast_3118,0,0,0,0,0,0,0,0,0
1788910815.727661,4060,pg_toast,pg_toast_3592,0,0,0,0,0,0,0,0,0
1788910815.727661,1985543,public,status_type,0,0,0,0,0,0,0,0,0
1788910815.727661,4165,pg_toast,pg_toast_3350,0,0,0,0,0,0,0,0,0
1788910815.727661,1985402,public,trade_request,0,0,0,0,0,0,0,0,0
1788910815.727661,2753,pg_catalog,pg_opfamily,0,0,2,2,0,0,0,0,0
1788910815.727661,3601,pg_catalog,pg_ts_parser,0,0,0,0,0,0,0,0,0
1788910815.727661,6104,pg_catalog,pg_publication,0,0,0,0,0,0,0,0,0
1788910815.727661,13477,pg_toast,pg_toast_13474,0,0,0,0,0,0,0,0,0
1788910815.727661,3429,pg_catalog,pg_statistic_ext_data,0,0,0,0,0,0,0,0,0
1788910815.727661,2619,pg_catalog,pg_statistic,0,0,17,8,0,0,0,0,0
1788910815.727661,4155,pg_toast,pg_toast_3394,0,0,0,0,0,0,0,0,0
1788910815.727661,1985548,public,taxrate,0,0,0,0,0,0,0,0,0
1788910815.727661,3381,pg_catalog,pg_statistic_ext,0,0,3,0,0,0,0,0,0
1788910815.727661,6106,pg_catalog,pg_publication_rel,0,0,0,0,0,0,0,0,0
1788910815.727661,1985372,public,trade,0,0,0,0,0,0,0,0,0
1788910815.727661,2605,pg_catalog,pg_cast,0,0,34,7,0,0,0,0,0
1788910815.727661,4171,pg_toast,pg_toast_1247,0,0,0,0,0,0,0,0,0
1788910815.727661,2830,pg_toast,pg_toast_2604,0,0,0,0,0,0,0,0,0
1788910815.727661,1985309,public,holding_summary,0,0,0,0,0,0,0,0,0
1788910815.727661,1985413,pg_toast,pg_toast_1985402,0,0,0,0,0,0,0,0,0
1788910815.727661,13479,information_schema,sql_implementation_info,0,0,,,0,0,0,0,0
1788910815.727661,1985341,pg_toast,pg_toast_1985335,0,0,0,0,0,0,0,0,0
1788910815.727661,6244,pg_toast,pg_toast_6243,0,0,0,0,0,0,0,0,0
1788910815.727661,1985315,public,watch_item,0,0,0,0,0,0,0,0,0
1788910815.727661,3430,pg_toast,pg_toast_3429,0,0,0,0,0,0,0,0,0
1788910815.727661,1985320,public,watch_list,0,0,0,0,0,0,0,0,0
1788910875.827873,1985536,pg_toast,pg_toast_1985517,0,0,0,0,0,0,0,0,0
1788910875.827873,3576,pg_catalog,pg_transform,0,0,0,0,0,0,0,0,0
1788910875.827873,2601,pg_catalog,pg_am,0,0,0,0,0,0,0,0,0
1788910875.827873,1985363,public,settlement,0,0,0,0,0,0,0,0,0
1788910875.827873,3394,pg_catalog,pg_init_privs,0,0,0,0,0,0,0,0,0
1788910875.827873,4167,pg_toast,pg_toast_3256,0,0,0,0,0,0,0,0,0
1788910875.827873,4151,pg_toast,pg_toast_1417,0,0,0,0,0,0,0,0,0
1788910875.827873,2834,pg_toast,pg_toast_2609,0,0,0,0,0,0,0,0,0
1788910875.827873,6000,pg_catalog,pg_replication_origin,0,0,0,0,0,0,0,0,0
1788910875.827873,2840,pg_toast,pg_toast_2619,0,0,0,0,0,0,0,0,0
1788910875.827873,1985486,public,last_trade,0,0,0,0,0,0,0,0,0
1788910875.827873,2328,pg_catalog,pg_foreign_data_wrapper,0,0,0,0,0,0,0,0,0
1788910875.827873,4157,pg_toast,pg_toast_2612,0,0,0,0,0,0,0,0,0
1788910875.827873,1260,pg_catalog,pg_authid,0,0,0,0,0,0,0,0,0
1788910875.827873,6102,pg_catalog,pg_subscription_rel,0,0,0,0,0,0,0,0,0
1788910875.827873,1214,pg_catalog,pg_shdepend,0,0,0,0,0,0,0,0,0
1788910875.827873,4163,pg_toast,pg_toast_2615,0,0,0,0,0,0,0,0,0
1788910875.827873,1985343,public,charge,0,0,0,0,0,0,0,0,0
1788910875.827873,1985440,public,daily_market,0,0,0,0,0,0,0,0,0
1788910875.827873,1985422,public,company,0,0,0,0,0,0,0,0,0
1788910875.827873,4169,pg_toast,pg_toast_3600,0,0,0,0,0,0,0,0,0
1788910875.827873,2615,pg_catalog,pg_namespace,1,4,5,2,0,0,0,0,0
1788910875.827873,2396,pg_catalog,pg_shdescription,0,0,0,0,0,0,0,0,0
1788910875.827873,3600,pg_catalog,pg_ts_dict,0,0,0,0,0,0,0,0,0
1788910875.827873,1985325,public,broker,0,0,0,0,0,0,0,0,0
1788910875.827873,3596,pg_catalog,pg_seclabel,0,0,0,0,0,0,0,0,0
1788910875.827873,1985460,public,financial,0,0,0,0,0,0,0,0,0
1788910875.827873,2609,pg_catalog,pg_description,0,0,0,0,0,0,0,0,0
1788910875.827873,1985351,public,commission_rate,0,0,0,0,0,0,0,0,0
1788910875.827873,13482,pg_toast,pg_toast_13479,0,0,0,0,0,0,0,0,0
1788910875.827873,1985396,public,trade_history,0,0,0,0,0,0,0,0,0
1788910875.827873,3603,pg_catalog,pg_ts_config_map,0,0,0,0,0,0,0,0,0
1788910875.827873,1213,pg_catalog,pg_tablespace,0,0,1,1,0,0,0,0,0
1788910875.827873,2608,pg_catalog,pg_depend,0,0,0,0,0,0,0,0,0
1788910875.827873,2964,pg_catalog,pg_db_role_setting,0,0,0,0,0,0,0,0,0
1788910875.827873,1985283,pg_toast,pg_toast_1985275,0,0,0,0,0,0,0,0,0
1788910875.827873,1418,pg_catalog,pg_user_mapping,0,0,0,0,0,0,0,0,0
1788910875.827873,2613,pg_catalog,pg_largeobject,0,0,0,0,0,0,0,0,0
1788910875.827873,6175,pg_toast,pg_toast_3456,0,0,0,0,0,0,0,0,0
1788910875.827873,1261,pg_catalog,pg_auth_members,0,0,0,0,0,0,0,0,0
1788910875.827873,1985335,public,cash_transaction,0,0,0,0,0,0,0,0,0
1788910875.827873,2617,pg_catalog,pg_operator,0,0,5,5,0,0,0,0,0
1788910875.827873,1985300,pg_toast,pg_toast_1985290,0,0,0,0,0,0,0,0,0
1788910875.827873,1985538,public,address,0,0,0,0,0,0,0,0,0
1788910875.827873,2610,pg_catalog,pg_index,1,221,11,14,0,0,0,0,0
1788910875.827873,1249,pg_catalog,pg_attribute,0,0,75,92,0,0,0,0,0
1788910875.827873,1985512,public,sector,0,0,0,0,0,0,0,0,0
1788910875.827873,1985415,public,trade_type,0,0,0,0,0,0,0,0,0
1788910875.827873,2600,pg_catalog,pg_aggregate,0,0,1,1,0,0,0,0,0
1788910875.827873,2966,pg_toast,pg_toast_2964,0,0,0,0,0,0,0,0,0
1788910875.827873,1985451,public,exchange,0,0,0,0,0,0,0,0,0
1788910875.827873,2618,pg_catalog,pg_rewrite,0,0,1,1,0,0,0,0,0
1788910875.827873,4177,pg_toast,pg_toast_1262,0,0,0,0,0,0,0,0,0
1788910875.827873,13484,information_schema,sql_parts,0,0,,,0,0,0,0,0
1788910875.827873,4159,pg_toast,pg_toast_2600,0,0,0,0,0,0,0,0,0
1788910875.827873,4147,pg_toast,pg_toast_3079,0,0,0,0,0,0,0,0,0
1788910875.827873,13474,information_schema,sql_features,0,0,,,0,0,0,0,0
1788910875.827873,1985394,pg_toast,pg_toast_1985372,0,0,0,0,0,0,0,0,0
1788910875.827873,1247,pg_catalog,pg_type,0,0,19,19,0,0,0,0,0
1788910875.827873,2602,pg_catalog,pg_amop,0,0,12,25,0,0,0,0,0
1788910875.827873,3439,pg_toast,pg_toast_3381,0,0,0,0,0,0,0,0,0
1788910875.827873,2846,pg_toast,pg_toast_2396,0,0,0,0,0,0,0,0,0
1788910875.827873,1985555,public,zip_code,0,0,0,0,0,0,0,0,0
1788910875.827873,1985478,pg_toast,pg_toast_1985460,0,0,0,0,0,0,0,0,0
1788910875.827873,4145,pg_toast,pg_toast_3466,0,0,0,0,0,0,0,0,0
1788910875.827873,3541,pg_catalog,pg_range,0,0,0,0,0,0,0,0,0
1788910875.827873,3602,pg_catalog,pg_ts_config,0,0,0,0,0,0,0,0,0
1788910875.827873,1985333,pg_toast,pg_toast_1985325,0,0,0,0,0,0,0,0,0
1788910875.827873,4183,pg_toast,pg_toast_6100,0,0,0,0,0,0,0,0,0
1788910875.827873,1985496,public,news_item,0,0,0,0,0,0,0,0,0
1788910875.827873,2224,pg_catalog,pg_sequence,0,0,0,0,0,0,0,0,0
1788910875.827873,2611,pg_catalog,pg_inherits,0,0,0,0,0,0,0,0,0
1788910875.827873,1417,pg_catalog,pg_foreign_server,0,0,0,0,0,0,0,0,0
1788910875.827873,1262,pg_catalog,pg_database,0,0,0,0,0,0,0,0,0
1788910875.827873,13492,pg_toast,pg_toast_13489,0,0,0,0,0,0,0,0,0
1788910875.827873,3501,pg_catalog,pg_enum,0,0,0,0,0,0,0,0,0
1788910875.827873,2607,pg_catalog,pg_conversion,0,0,0,0,0,0,0,0,0
1788910875.827873,1985449,pg_toast,pg_toast_1985440,0,0,0,0,0,0,0,0,0
1788910875.827873,826,pg_catalog,pg_default_acl,0,0,0,0,0,0,0,0,0
1788910875.827873,2604,pg_catalog,pg_attrdef,0,0,0,0,0,0,0,0,0
1788910875.827873,2336,pg_toast,pg_toast_2620,0,0,0,0,0,0,0,0,0
1788910875.827873,2603,pg_catalog,pg_amproc,0,0,5,11,0,0,0,0,0
1788910875.827873,2606,pg_catalog,pg_constraint,0,0,3,8,0,0,0,0,0
1788910875.827873,1255,pg_catalog,pg_proc,0,0,19,24,0,0,0,0,0
1788910875.827873,4173,pg_toast,pg_toast_1418,0,0,0,0,0,0,0,0,0
1788910875.827873,1985285,public,customer_taxrate,0,0,0,0,0,0,0,0,0
1788910875.827873,2620,pg_catalog,pg_trigger,0,0,0,0,0,0,0,0,0
1788910875.827873,1985256,public,account_permission,0,0,0,0,0,0,0,0,0
1788910875.827873,1985507,public,news_xref,0,0,0,0,0,0,0,0,0
1788910875.827873,1985480,public,industry,0,0,0,0,0,0,0,0,0
1788910875.827873,2612,pg_catalog,pg_language,0,0,0,0,0,0,0,0,0
1788910875.827873,4149,pg_toast,pg_toast_2328,0,0,0,0,0,0,0,0,0
1788910875.827873,6351,pg_toast,pg_toast_2610,0,0,0,0,0,0,0,0,0
1788910875.827873,13489,information_schema,sql_sizing,0,0,,,0,0,0,0,0
1788910875.827873,1985494,pg_toast,pg_toast_1985486,0,0,0,0,0,0,0,0,0
1788910875.827873,3598,pg_toast,pg_toast_3596,0,0,0,0,0,0,0,0,0
1788910875.827873,2836,pg_toast,pg_toast_1255,0,0,0,0,0,0,0,0,0
1788910875.827873,3456,pg_catalog,pg_collation,0,0,0,0,0,0,0,0,0
1788910875.827873,3079,pg_catalog,pg_extension,0,0,0,0,0,0,0,0,0
1788910875.827873,6100,pg_catalog,pg_subscription,0,0,0,0,0,0,0,0,0
1788910875.827873,2832,pg_toast,pg_toast_2606,0,0,0,0,0,0,0,0,0
1788910875.827873,3256,pg_catalog,pg_policy,0,0,0,0,0,0,0,0,0
1788910875.827873,1985302,public,holding_history,0,0,0,0,0,0,0,0,0
1788910875.827873,1985517,public,security,0,0,0,0,0,0,0,0,0
1788910875.827873,3466,pg_catalog,pg_event_trigger,0,0,0,0,0,0,0,0,0
1788910875.827873,3592,pg_catalog,pg_shseclabel,0,0,0,0,0,0,0,0,0
1788910875.827873,3764,pg_catalog,pg_ts_template,0,0,0,0,0,0,0,0,0
1788910875.827873,6237,pg_catalog,pg_publication_namespace,0,0,0,0,0,0,0,0,0
1788910875.827873,13487,pg_toast,pg_toast_13484,0,0,0,0,0,0,0,0,0
1788910875.827873,2995,pg_catalog,pg_largeobject_metadata,0,0,0,0,0,0,0,0,0
1788910875.827873,1985275,public,customer_account,0,0,0,0,0,0,0,0,0
1788910875.827873,4143,pg_toast,pg_toast_826,0,0,0,0,0,0,0,0,0
1788910875.827873,4185,pg_toast,pg_toast_1213,0,0,0,0,0,0,0,0,0
1788910875.827873,6243,pg_catalog,pg_parameter_acl,0,0,0,0,0,0,0,0,0
1788910875.827873,2616,pg_catalog,pg_opclass,0,0,8,134,0,0,0,0,0
1788910875.827873,1985290,public,holding,0,0,0,0,0,0,0,0,0
1788910875.827873,2838,pg_toast,pg_toast_2618,0,0,1,3,0,0,0,0,0
1788910875.827873,6228,pg_toast,pg_toast_6106,0,0,0,0,0,0,0,0,0
1788910875.827873,1985349,pg_toast,pg_toast_1985343,0,0,0,0,0,0,0,0,0
1788910875.827873,1985434,public,company_competitor,0,0,0,0,0,0,0,0,0
1788910875.827873,1985370,pg_toast,pg_toast_1985363,0,0,0,0,0,0,0,0,0
1788910875.827873,1985505,pg_toast,pg_toast_1985496,0,0,0,0,0,0,0,0,0
1788910875.827873,1985264,public,customer,0,0,0,0,0,0,0,0,0
1788910875.827873,3118,pg_catalog,pg_foreign_table,0,0,0,0,0,0,0,0,0
1788910875.827873,1259,pg_catalog,pg_class,1,523,12,12,0,0,0,0,0
1788910875.827873,3350,pg_catalog,pg_partitioned_table,0,0,0,0,0,0,0,0,0
1788910875.827873,4153,pg_toast,pg_toast_3118,0,0,0,0,0,0,0,0,0
1788910875.827873,4060,pg_toast,pg_toast_3592,0,0,0,0,0,0,0,0,0
1788910875.827873,1985543,public,status_type,0,0,0,0,0,0,0,0,0
1788910875.827873,4165,pg_toast,pg_toast_3350,0,0,0,0,0,0,0,0,0
1788910875.827873,1985402,public,trade_request,0,0,0,0,0,0,0,0,0
1788910875.827873,2753,pg_catalog,pg_opfamily,0,0,2,2,0,0,0,0,0
1788910875.827873,3601,pg_catalog,pg_ts_parser,0,0,0,0,0,0,0,0,0
1788910875.827873,6104,pg_catalog,pg_publication,0,0,0,0,0,0,0,0,0
1788910875.827873,13477,pg_toast,pg_toast_13474,0,0,0,0,0,0,0,0,0
1788910875.827873,3429,pg_catalog,pg_statistic_ext_data,0,0,0,0,0,0,0,0,0
1788910875.827873,2619,pg_catalog,pg_statistic,0,0,17,8,0,0,0,0,0
1788910875.827873,4155,pg_toast,pg_toast_3394,0,0,0,0,0,0,0,0,0
1788910875.827873,1985548,public,taxrate,0,0,0,0,0,0,0,0,0
1788910875.827873,3381,pg_catalog,pg_statistic_ext,0,0,3,0,0,0,0,0,0
1788910875.827873,6106,pg_catalog,pg_publication_rel,0,0,0,0,0,0,0,0,0
1788910875.827873,1985372,public,trade,0,0,0,0,0,0,0,0,0
1788910875.827873,2605,pg_catalog,pg_cast,0,0,34,7,0,0,0,0,0
1788910875.827873,4171,pg_toast,pg_toast_1247,0,0,0,0,0,0,0,0,0
1788910875.827873,2830,pg_toast,pg_toast_2604,0,0,0,0,0,0,0,0,0
1788910875.827873,1985309,public,holding_summary,0,0,0,0,0,0,0,0,0
1788910875.827873,1985413,pg_toast,pg_toast_1985402,0,0,0,0,0,0,0,0,0
1788910875.827873,13479,information_schema,sql_implementation_info,0,0,,,0,0,0,0,0
1788910875.827873,1985341,pg_toast,pg_toast_1985335,0,0,0,0,0,0,0,0,0
1788910875.827873,6244,pg_toast,pg_toast_6243,0,0,0,0,0,0,0,0,0
1788910875.827873,1985315,public,watch_item,0,0,0,0,0,0,0,0,0
1788910875.827873,3430,pg_toast,pg_toast_3429,0,0,0,0,0,0,0,0,0
1788910875.827873,1985320,public,watch_list,0,0,0,0,0,0,0,0,0
1788910935.934398,1985536,pg_toast,pg_toast_1985517,0,0,0,0,0,0,0,0,0
1788910935.934398,3576,pg_catalog,pg_transform,0,0,0,0,0,0,0,0,0
1788910935.934398,2601,pg_catalog,pg_am,0,0,0,0,0,0,0,0,0
1788910935.934398,1985363,public,settlement,0,0,0,0,0,0,0,0,0
1788910935.934398,3394,pg_catalog,pg_init_privs,0,0,0,0,0,0,0,0,0
1788910935.934398,4167,pg_toast,pg_toast_3256,0,0,0,0,0,0,0,0,0
1788910935.934398,4151,pg_toast,pg_toast_1417,0,0,0,0,0,0,0,0,0
1788910935.934398,2834,pg_toast,pg_toast_2609,0,0,0,0,0,0,0,0,0
1788910935.934398,6000,pg_catalog,pg_replication_origin,0,0,0,0,0,0,0,0,0
1788910935.934398,2840,pg_toast,pg_toast_2619,0,0,0,0,0,0,0,0,0
1788910935.934398,1985486,public,last_trade,0,0,0,0,0,0,0,0,0
1788910935.934398,2328,pg_catalog,pg_foreign_data_wrapper,0,0,0,0,0,0,0,0,0
1788910935.934398,4157,pg_toast,pg_toast_2612,0,0,0,0,0,0,0,0,0
1788910935.934398,1260,pg_catalog,pg_authid,0,0,0,0,0,0,0,0,0
1788910935.934398,6102,pg_catalog,pg_subscription_rel,0,0,0,0,0,0,0,0,0
1788910935.934398,1214,pg_catalog,pg_shdepend,0,0,0,0,0,0,0,0,0
1788910935.934398,4163,pg_toast,pg_toast_2615,0,0,0,0,0,0,0,0,0
1788910935.934398,1985343,public,charge,0,0,0,0,0,0,0,0,0
1788910935.934398,1985440,public,daily_market,0,0,0,0,0,0,0,0,0
1788910935.934398,1985422,public,company,0,0,0,0,0,0,0,0,0
1788910935.934398,4169,pg_toast,pg_toast_3600,0,0,0,0,0,0,0,0,0
1788910935.934398,2615,pg_catalog,pg_namespace,1,4,5,2,0,0,0,0,0
1788910935.934398,2396,pg_catalog,pg_shdescription,0,0,0,0,0,0,0,0,0
1788910935.934398,3600,pg_catalog,pg_ts_dict,0,0,0,0,0,0,0,0,0
1788910935.934398,1985325,public,broker,0,0,0,0,0,0,0,0,0
1788910935.934398,3596,pg_catalog,pg_seclabel,0,0,0,0,0,0,0,0,0
1788910935.934398,1985460,public,financial,0,0,0,0,0,0,0,0,0
1788910935.934398,2609,pg_catalog,pg_description,0,0,0,0,0,0,0,0,0
1788910935.934398,1985351,public,commission_rate,0,0,0,0,0,0,0,0,0
1788910935.934398,13482,pg_toast,pg_toast_13479,0,0,0,0,0,0,0,0,0
1788910935.934398,1985396,public,trade_history,0,0,0,0,0,0,0,0,0
1788910935.934398,3603,pg_catalog,pg_ts_config_map,0,0,0,0,0,0,0,0,0
1788910935.934398,1213,pg_catalog,pg_tablespace,0,0,1,1,0,0,0,0,0
1788910935.934398,2608,pg_catalog,pg_depend,0,0,0,0,0,0,0,0,0
1788910935.934398,2964,pg_catalog,pg_db_role_setting,0,0,0,0,0,0,0,0,0
1788910935.934398,1985283,pg_toast,pg_toast_1985275,0,0,0,0,0,0,0,0,0
1788910935.934398,1418,pg_catalog,pg_user_mapping,0,0,0,0,0,0,0,0,0
1788910935.934398,2613,pg_catalog,pg_largeobject,0,0,0,0,0,0,0,0,0
1788910935.934398,6175,pg_toast,pg_toast_3456,0,0,0,0,0,0,0,0,0
1788910935.934398,1261,pg_catalog,pg_auth_members,0,0,0,0,0,0,0,0,0
1788910935.934398,1985335,public,cash_transaction,0,0,0,0,0,0,0,0,0
1788910935.934398,2617,pg_catalog,pg_operator,0,0,5,5,0,0,0,0,0
1788910935.934398,1985300,pg_toast,pg_toast_1985290,0,0,0,0,0,0,0,0,0
1788910935.934398,1985538,public,address,0,0,0,0,0,0,0,0,0
1788910935.934398,2610,pg_catalog,pg_index,1,221,11,14,0,0,0,0,0
1788910935.934398,1249,pg_catalog,pg_attribute,0,0,75,92,0,0,0,0,0
1788910935.934398,1985512,public,sector,0,0,0,0,0,0,0,0,0
1788910935.934398,1985415,public,trade_type,0,0,0,0,0,0,0,0,0
1788910935.934398,2600,pg_catalog,pg_aggregate,0,0,1,1,0,0,0,0,0
1788910935.934398,2966,pg_toast,pg_toast_2964,0,0,0,0,0,0,0,0,0
1788910935.934398,1985451,public,exchange,0,0,0,0,0,0,0,0,0
1788910935.934398,2618,pg_catalog,pg_rewrite,0,0,1,1,0,0,0,0,0
1788910935.934398,4177,pg_toast,pg_toast_1262,0,0,0,0,0,0,0,0,0
1788910935.934398,13484,information_schema,sql_parts,0,0,,,0,0,0,0,0
1788910935.934398,4159,pg_toast,pg_toast_2600,0,0,0,0,0,0,0,0,0
1788910935.934398,4147,pg_toast,pg_toast_3079,0,0,0,0,0,0,0,0,0
1788910935.934398,13474,information_schema,sql_features,0,0,,,0,0,0,0,0
1788910935.934398,1985394,pg_toast,pg_toast_1985372,0,0,0,0,0,0,0,0,0
1788910935.934398,1247,pg_catalog,pg_type,0,0,19,19,0,0,0,0,0
1788910935.934398,2602,pg_catalog,pg_amop,0,0,12,25,0,0,0,0,0
1788910935.934398,3439,pg_toast,pg_toast_3381,0,0,0,0,0,0,0,0,0
1788910935.934398,2846,pg_toast,pg_toast_2396,0,0,0,0,0,0,0,0,0
1788910935.934398,1985555,public,zip_code,0,0,0,0,0,0,0,0,0
1788910935.934398,1985478,pg_toast,pg_toast_1985460,0,0,0,0,0,0,0,0,0
1788910935.934398,4145,pg_toast,pg_toast_3466,0,0,0,0,0,0,0,0,0
1788910935.934398,3541,pg_catalog,pg_range,0,0,0,0,0,0,0,0,0
1788910935.934398,3602,pg_catalog,pg_ts_config,0,0,0,0,0,0,0,0,0
1788910935.934398,1985333,pg_toast,pg_toast_1985325,0,0,0,0,0,0,0,0,0
1788910935.934398,4183,pg_toast,pg_toast_6100,0,0,0,0,0,0,0,0,0
1788910935.934398,1985496,public,news_item,0,0,0,0,0,0,0,0,0
1788910935.934398,2224,pg_catalog,pg_sequence,0,0,0,0,0,0,0,0,0
1788910935.934398,2611,pg_catalog,pg_inherits,0,0,0,0,0,0,0,0,0
1788910935.934398,1417,pg_catalog,pg_foreign_server,0,0,0,0,0,0,0,0,0
1788910935.934398,1262,pg_catalog,pg_database,0,0,0,0,0,0,0,0,0
1788910935.934398,13492,pg_toast,pg_toast_13489,0,0,0,0,0,0,0,0,0
1788910935.934398,3501,pg_catalog,pg_enum,0,0,0,0,0,0,0,0,0
1788910935.934398,2607,pg_catalog,pg_conversion,0,0,0,0,0,0,0,0,0
1788910935.934398,1985449,pg_toast,pg_toast_1985440,0,0,0,0,0,0,0,0,0
1788910935.934398,826,pg_catalog,pg_default_acl,0,0,0,0,0,0,0,0,0
1788910935.934398,2604,pg_catalog,pg_attrdef,0,0,0,0,0,0,0,0,0
1788910935.934398,2336,pg_toast,pg_toast_2620,0,0,0,0,0,0,0,0,0
1788910935.934398,2603,pg_catalog,pg_amproc,0,0,5,11,0,0,0,0,0
1788910935.934398,2606,pg_catalog,pg_constraint,0,0,3,8,0,0,0,0,0
1788910935.934398,1255,pg_catalog,pg_proc,0,0,19,24,0,0,0,0,0
1788910935.934398,4173,pg_toast,pg_toast_1418,0,0,0,0,0,0,0,0,0
1788910935.934398,1985285,public,customer_taxrate,0,0,0,0,0,0,0,0,0
1788910935.934398,2620,pg_catalog,pg_trigger,0,0,0,0,0,0,0,0,0
1788910935.934398,1985256,public,account_permission,0,0,0,0,0,0,0,0,0
1788910935.934398,1985507,public,news_xref,0,0,0,0,0,0,0,0,0
1788910935.934398,1985480,public,industry,0,0,0,0,0,0,0,0,0
1788910935.934398,2612,pg_catalog,pg_language,0,0,0,0,0,0,0,0,0
1788910935.934398,4149,pg_toast,pg_toast_2328,0,0,0,0,0,0,0,0,0
1788910935.934398,6351,pg_toast,pg_toast_2610,0,0,0,0,0,0,0,0,0
1788910935.934398,13489,information_schema,sql_sizing,0,0,,,0,0,0,0,0
1788910935.934398,1985494,pg_toast,pg_toast_1985486,0,0,0,0,0,0,0,0,0
1788910935.934398,3598,pg_toast,pg_toast_3596,0,0,0,0,0,0,0,0,0
1788910935.934398,2836,pg_toast,pg_toast_1255,0,0,0,0,0,0,0,0,0
1788910935.934398,3456,pg_catalog,pg_collation,0,0,0,0,0,0,0,0,0
1788910935.934398,3079,pg_catalog,pg_extension,0,0,0,0,0,0,0,0,0
1788910935.934398,6100,pg_catalog,pg_subscription,0,0,0,0,0,0,0,0,0
1788910935.934398,2832,pg_toast,pg_toast_2606,0,0,0,0,0,0,0,0,0
1788910935.934398,3256,pg_catalog,pg_policy,0,0,0,0,0,0,0,0,0
1788910935.934398,1985302,public,holding_history,0,0,0,0,0,0,0,0,0
1788910935.934398,1985517,public,security,0,0,0,0,0,0,0,0,0
1788910935.934398,3466,pg_catalog,pg_event_trigger,0,0,0,0,0,0,0,0,0
1788910935.934398,3592,pg_catalog,pg_shseclabel,0,0,0,0,0,0,0,0,0
1788910935.934398,3764,pg_catalog,pg_ts_template,0,0,0,0,0,0,0,0,0
1788910935.934398,6237,pg_catalog,pg_publication_namespace,0,0,0,0,0,0,0,0,0
1788910935.934398,13487,pg_toast,pg_toast_13484,0,0,0,0,0,0,0,0,0
1788910935.934398,2995,pg_catalog,pg_largeobject_metadata,0,0,0,0,0,0,0,0,0
1788910935.934398,1985275,public,customer_account,0,0,0,0,0,0,0,0,0
1788910935.934398,4143,pg_toast,pg_toast_826,0,0,0,0,0,0,0,0,0
1788910935.934398,4185,pg_toast,pg_toast_1213,0,0,0,0,0,0,0,0,0
1788910935.934398,6243,pg_catalog,pg_parameter_acl,0,0,0,0,0,0,0,0,0
1788910935.934398,2616,pg_catalog,pg_opclass,0,0,8,134,0,0,0,0,0
1788910935.934398,1985290,public,holding,0,0,0,0,0,0,0,0,0
1788910935.934398,2838,pg_toast,pg_toast_2618,0,0,1,3,0,0,0,0,0
1788910935.934398,6228,pg_toast,pg_toast_6106,0,0,0,0,0,0,0,0,0
1788910935.934398,1985349,pg_toast,pg_toast_1985343,0,0,0,0,0,0,0,0,0
1788910935.934398,1985434,public,company_competitor,0,0,0,0,0,0,0,0,0
1788910935.934398,1985370,pg_toast,pg_toast_1985363,0,0,0,0,0,0,0,0,0
1788910935.934398,1985505,pg_toast,pg_toast_1985496,0,0,0,0,0,0,0,0,0
1788910935.934398,1985264,public,customer,0,0,0,0,0,0,0,0,0
1788910935.934398,3118,pg_catalog,pg_foreign_table,0,0,0,0,0,0,0,0,0
1788910935.934398,1259,pg_catalog,pg_class,1,523,12,12,0,0,0,0,0
1788910935.934398,3350,pg_catalog,pg_partitioned_table,0,0,0,0,0,0,0,0,0
1788910935.934398,4153,pg_toast,pg_toast_3118,0,0,0,0,0,0,0,0,0
1788910935.934398,4060,pg_toast,pg_toast_3592,0,0,0,0,0,0,0,0,0
1788910935.934398,1985543,public,status_type,0,0,0,0,0,0,0,0,0
1788910935.934398,4165,pg_toast,pg_toast_3350,0,0,0,0,0,0,0,0,0
1788910935.934398,1985402,public,trade_request,0,0,0,0,0,0,0,0,0
1788910935.934398,2753,pg_catalog,pg_opfamily,0,0,2,2,0,0,0,0,0
1788910935.934398,3601,pg_catalog,pg_ts_parser,0,0,0,0,0,0,0,0,0
1788910935.934398,6104,pg_catalog,pg_publication,0,0,0,0,0,0,0,0,0
1788910935.934398,13477,pg_toast,pg_toast_13474,0,0,0,0,0,0,0,0,0
1788910935.934398,3429,pg_catalog,pg_statistic_ext_data,0,0,0,0,0,0,0,0,0
1788910935.934398,2619,pg_catalog,pg_statistic,0,0,17,8,0,0,0,0,0
1788910935.934398,4155,pg_toast,pg_toast_3394,0,0,0,0,0,0,0,0,0
1788910935.934398,1985548,public,taxrate,0,0,0,0,0,0,0,0,0
1788910935.934398,3381,pg_catalog,pg_statistic_ext,0,0,3,0,0,0,0,0,0
1788910935.934398,6106,pg_catalog,pg_publication_rel,0,0,0,0,0,0,0,0,0
1788910935.934398,1985372,public,trade,0,0,0,0,0,0,0,0,0
1788910935.934398,2605,pg_catalog,pg_cast,0,0,34,7,0,0,0,0,0
1788910935.934398,4171,pg_toast,pg_toast_1247,0,0,0,0,0,0,0,0,0
1788910935.934398,2830,pg_toast,pg_toast_2604,0,0,0,0,0,0,0,0,0
1788910935.934398,1985309,public,holding_summary,0,0,0,0,0,0,0,0,0
1788910935.934398,1985413,pg_toast,pg_toast_1985402,0,0,0,0,0,0,0,0,0
1788910935.934398,13479,information_schema,sql_implementation_info,0,0,,,0,0,0,0,0
1788910935.934398,1985341,pg_toast,pg_toast_1985335,0,0,0,0,0,0,0,0,0
1788910935.934398,6244,pg_toast,pg_toast_6243,0,0,0,0,0,0,0,0,0
1788910935.934398,1985315,public,watch_item,0,0,0,0,0,0,0,0,0
1788910935.934398,3430,pg_toast,pg_toast_3429,0,0,0,0,0,0,0,0,0
1788910935.934398,1985320,public,watch_list,0,0,0,0,0,0,0,0,0
1788910996.087647,1985536,pg_toast,pg_toast_1985517,0,0,0,0,0,0,0,0,0
1788910996.087647,3576,pg_catalog,pg_transform,0,0,0,0,0,0,0,0,0
1788910996.087647,2601,pg_catalog,pg_am,0,0,0,0,0,0,0,0,0
1788910996.087647,1985363,public,settlement,0,0,0,0,0,0,0,0,0
1788910996.087647,3394,pg_catalog,pg_init_privs,0,0,0,0,0,0,0,0,0
1788910996.087647,4167,pg_toast,pg_toast_3256,0,0,0,0,0,0,0,0,0
1788910996.087647,4151,pg_toast,pg_toast_1417,0,0,0,0,0,0,0,0,0
1788910996.087647,2834,pg_toast,pg_toast_2609,0,0,0,0,0,0,0,0,0
1788910996.087647,6000,pg_catalog,pg_replication_origin,0,0,0,0,0,0,0,0,0
1788910996.087647,2840,pg_toast,pg_toast_2619,0,0,0,0,0,0,0,0,0
1788910996.087647,1985486,public,last_trade,0,0,0,0,0,0,0,0,0
1788910996.087647,2328,pg_catalog,pg_foreign_data_wrapper,0,0,0,0,0,0,0,0,0
1788910996.087647,4157,pg_toast,pg_toast_2612,0,0,0,0,0,0,0,0,0
1788910996.087647,1260,pg_catalog,pg_authid,0,0,0,0,0,0,0,0,0
1788910996.087647,6102,pg_catalog,pg_subscription_rel,0,0,0,0,0,0,0,0,0
1788910996.087647,1214,pg_catalog,pg_shdepend,0,0,0,0,0,0,0,0,0
1788910996.087647,4163,pg_toast,pg_toast_2615,0,0,0,0,0,0,0,0,0
1788910996.087647,1985343,public,charge,0,0,0,0,0,0,0,0,0
1788910996.087647,1985440,public,daily_market,0,0,0,0,0,0,0,0,0
1788910996.087647,1985422,public,company,0,0,0,0,0,0,0,0,0
1788910996.087647,4169,pg_toast,pg_toast_3600,0,0,0,0,0,0,0,0,0
1788910996.087647,2615,pg_catalog,pg_namespace,1,4,5,2,0,0,0,0,0
1788910996.087647,2396,pg_catalog,pg_shdescription,0,0,0,0,0,0,0,0,0
1788910996.087647,3600,pg_catalog,pg_ts_dict,0,0,0,0,0,0,0,0,0
1788910996.087647,1985325,public,broker,0,0,0,0,0,0,0,0,0
1788910996.087647,3596,pg_catalog,pg_seclabel,0,0,0,0,0,0,0,0,0
1788910996.087647,1985460,public,financial,0,0,0,0,0,0,0,0,0
1788910996.087647,2609,pg_catalog,pg_description,0,0,0,0,0,0,0,0,0
1788910996.087647,1985351,public,commission_rate,0,0,0,0,0,0,0,0,0
1788910996.087647,13482,pg_toast,pg_toast_13479,0,0,0,0,0,0,0,0,0
1788910996.087647,1985396,public,trade_history,0,0,0,0,0,0,0,0,0
1788910996.087647,3603,pg_catalog,pg_ts_config_map,0,0,0,0,0,0,0,0,0
1788910996.087647,1213,pg_catalog,pg_tablespace,0,0,1,1,0,0,0,0,0
1788910996.087647,2608,pg_catalog,pg_depend,0,0,0,0,0,0,0,0,0
1788910996.087647,2964,pg_catalog,pg_db_role_setting,0,0,0,0,0,0,0,0,0
1788910996.087647,1985283,pg_toast,pg_toast_1985275,0,0,0,0,0,0,0,0,0
1788910996.087647,1418,pg_catalog,pg_user_mapping,0,0,0,0,0,0,0,0,0
1788910996.087647,2613,pg_catalog,pg_largeobject,0,0,0,0,0,0,0,0,0
1788910996.087647,6175,pg_toast,pg_toast_3456,0,0,0,0,0,0,0,0,0
1788910996.087647,1261,pg_catalog,pg_auth_members,0,0,0,0,0,0,0,0,0
1788910996.087647,1985335,public,cash_transaction,0,0,0,0,0,0,0,0,0
1788910996.087647,2617,pg_catalog,pg_operator,0,0,5,5,0,0,0,0,0
1788910996.087647,1985300,pg_toast,pg_toast_1985290,0,0,0,0,0,0,0,0,0
1788910996.087647,1985538,public,address,0,0,0,0,0,0,0,0,0
1788910996.087647,2610,pg_catalog,pg_index,1,221,11,14,0,0,0,0,0
1788910996.087647,1249,pg_catalog,pg_attribute,0,0,75,92,0,0,0,0,0
1788910996.087647,1985512,public,sector,0,0,0,0,0,0,0,0,0
1788910996.087647,1985415,public,trade_type,0,0,0,0,0,0,0,0,0
1788910996.087647,2600,pg_catalog,pg_aggregate,0,0,1,1,0,0,0,0,0
1788910996.087647,2966,pg_toast,pg_toast_2964,0,0,0,0,0,0,0,0,0
1788910996.087647,1985451,public,exchange,0,0,0,0,0,0,0,0,0
1788910996.087647,2618,pg_catalog,pg_rewrite,0,0,1,1,0,0,0,0,0
1788910996.087647,4177,pg_toast,pg_toast_1262,0,0,0,0,0,0,0,0,0
1788910996.087647,13484,information_schema,sql_parts,0,0,,,0,0,0,0,0
1788910996.087647,4159,pg_toast,pg_toast_2600,0,0,0,0,0,0,0,0,0
1788910996.087647,4147,pg_toast,pg_toast_3079,0,0,0,0,0,0,0,0,0
1788910996.087647,13474,information_schema,sql_features,0,0,,,0,0,0,0,0
1788910996.087647,1985394,pg_toast,pg_toast_1985372,0,0,0,0,0,0,0,0,0
1788910996.087647,1247,pg_catalog,pg_type,0,0,19,19,0,0,0,0,0
1788910996.087647,2602,pg_catalog,pg_amop,0,0,12,25,0,0,0,0,0
1788910996.087647,3439,pg_toast,pg_toast_3381,0,0,0,0,0,0,0,0,0
1788910996.087647,2846,pg_toast,pg_toast_2396,0,0,0,0,0,0,0,0,0
1788910996.087647,1985555,public,zip_code,0,0,0,0,0,0,0,0,0
1788910996.087647,1985478,pg_toast,pg_toast_1985460,0,0,0,0,0,0,0,0,0
1788910996.087647,4145,pg_toast,pg_toast_3466,0,0,0,0,0,0,0,0,0
1788910996.087647,3541,pg_catalog,pg_range,0,0,0,0,0,0,0,0,0
1788910996.087647,3602,pg_catalog,pg_ts_config,0,0,0,0,0,0,0,0,0
1788910996.087647,1985333,pg_toast,pg_toast_1985325,0,0,0,0,0,0,0,0,0
1788910996.087647,4183,pg_toast,pg_toast_6100,0,0,0,0,0,0,0,0,0
1788910996.087647,1985496,public,news_item,0,0,0,0,0,0,0,0,0
1788910996.087647,2224,pg_catalog,pg_sequence,0,0,0,0,0,0,0,0,0
1788910996.087647,2611,pg_catalog,pg_inherits,0,0,0,0,0,0,0,0,0
1788910996.087647,1417,pg_catalog,pg_foreign_server,0,0,0,0,0,0,0,0,0
1788910996.087647,1262,pg_catalog,pg_database,0,0,0,0,0,0,0,0,0
1788910996.087647,13492,pg_toast,pg_toast_13489,0,0,0,0,0,0,0,0,0
1788910996.087647,3501,pg_catalog,pg_enum,0,0,0,0,0,0,0,0,0
1788910996.087647,2607,pg_catalog,pg_conversion,0,0,0,0,0,0,0,0,0
1788910996.087647,1985449,pg_toast,pg_toast_1985440,0,0,0,0,0,0,0,0,0
1788910996.087647,826,pg_catalog,pg_default_acl,0,0,0,0,0,0,0,0,0
1788910996.087647,2604,pg_catalog,pg_attrdef,0,0,0,0,0,0,0,0,0
1788910996.087647,2336,pg_toast,pg_toast_2620,0,0,0,0,0,0,0,0,0
1788910996.087647,2603,pg_catalog,pg_amproc,0,0,5,11,0,0,0,0,0
1788910996.087647,2606,pg_catalog,pg_constraint,0,0,3,8,0,0,0,0,0
1788910996.087647,1255,pg_catalog,pg_proc,0,0,19,24,0,0,0,0,0
1788910996.087647,4173,pg_toast,pg_toast_1418,0,0,0,0,0,0,0,0,0
1788910996.087647,1985285,public,customer_taxrate,0,0,0,0,0,0,0,0,0
1788910996.087647,2620,pg_catalog,pg_trigger,0,0,0,0,0,0,0,0,0
1788910996.087647,1985256,public,account_permission,0,0,0,0,0,0,0,0,0
1788910996.087647,1985507,public,news_xref,0,0,0,0,0,0,0,0,0
1788910996.087647,1985480,public,industry,0,0,0,0,0,0,0,0,0
1788910996.087647,2612,pg_catalog,pg_language,0,0,0,0,0,0,0,0,0
1788910996.087647,4149,pg_toast,pg_toast_2328,0,0,0,0,0,0,0,0,0
1788910996.087647,6351,pg_toast,pg_toast_2610,0,0,0,0,0,0,0,0,0
1788910996.087647,13489,information_schema,sql_sizing,0,0,,,0,0,0,0,0
1788910996.087647,1985494,pg_toast,pg_toast_1985486,0,0,0,0,0,0,0,0,0
1788910996.087647,3598,pg_toast,pg_toast_3596,0,0,0,0,0,0,0,0,0
1788910996.087647,2836,pg_toast,pg_toast_1255,0,0,0,0,0,0,0,0,0
1788910996.087647,3456,pg_catalog,pg_collation,0,0,0,0,0,0,0,0,0
1788910996.087647,3079,pg_catalog,pg_extension,0,0,0,0,0,0,0,0,0
1788910996.087647,6100,pg_catalog,pg_subscription,0,0,0,0,0,0,0,0,0
1788910996.087647,2832,pg_toast,pg_toast_2606,0,0,0,0,0,0,0,0,0
1788910996.087647,3256,pg_catalog,pg_policy,0,0,0,0,0,0,0,0,0
1788910996.087647,1985302,public,holding_history,0,0,0,0,0,0,0,0,0
1788910996.087647,1985517,public,security,0,0,0,0,0,0,0,0,0
1788910996.087647,3466,pg_catalog,pg_event_trigger,0,0,0,0,0,0,0,0,0
1788910996.087647,3592,pg_catalog,pg_shseclabel,0,0,0,0,0,0,0,0,0
1788910996.087647,3764,pg_catalog,pg_ts_template,0,0,0,0,0,0,0,0,0
1788910996.087647,6237,pg_catalog,pg_publication_namespace,0,0,0,0,0,0,0,0,0
1788910996.087647,13487,pg_toast,pg_toast_13484,0,0,0,0,0,0,0,0,0
1788910996.087647,2995,pg_catalog,pg_largeobject_metadata,0,0,0,0,0,0,0,0,0
1788910996.087647,1985275,public,customer_account,0,0,0,0,0,0,0,0,0
1788910996.087647,4143,pg_toast,pg_toast_826,0,0,0,0,0,0,0,0,0
1788910996.087647,4185,pg_toast,pg_toast_1213,0,0,0,0,0,0,0,0,0
1788910996.087647,6243,pg_catalog,pg_parameter_acl,0,0,0,0,0,0,0,0,0
1788910996.087647,2616,pg_catalog,pg_opclass,0,0,8,134,0,0,0,0,0
1788910996.087647,1985290,public,holding,0,0,0,0,0,0,0,0,0
1788910996.087647,2838,pg_toast,pg_toast_2618,0,0,1,3,0,0,0,0,0
1788910996.087647,6228,pg_toast,pg_toast_6106,0,0,0,0,0,0,0,0,0
1788910996.087647,1985349,pg_toast,pg_toast_1985343,0,0,0,0,0,0,0,0,0
1788910996.087647,1985434,public,company_competitor,0,0,0,0,0,0,0,0,0
1788910996.087647,1985370,pg_toast,pg_toast_1985363,0,0,0,0,0,0,0,0,0
1788910996.087647,1985505,pg_toast,pg_toast_1985496,0,0,0,0,0,0,0,0,0
1788910996.087647,1985264,public,customer,0,0,0,0,0,0,0,0,0
1788910996.087647,3118,pg_catalog,pg_foreign_table,0,0,0,0,0,0,0,0,0
1788910996.087647,1259,pg_catalog,pg_class,1,523,12,12,0,0,0,0,0
1788910996.087647,3350,pg_catalog,pg_partitioned_table,0,0,0,0,0,0,0,0,0
1788910996.087647,4153,pg_toast,pg_toast_3118,0,0,0,0,0,0,0,0,0
1788910996.087647,4060,pg_toast,pg_toast_3592,0,0,0,0,0,0,0,0,0
1788910996.087647,1985543,public,status_type,0,0,0,0,0,0,0,0,0
1788910996.087647,4165,pg_toast,pg_toast_3350,0,0,0,0,0,0,0,0,0
1788910996.087647,1985402,public,trade_request,0,0,0,0,0,0,0,0,0
1788910996.087647,2753,pg_catalog,pg_opfamily,0,0,2,2,0,0,0,0,0
1788910996.087647,3601,pg_catalog,pg_ts_parser,0,0,0,0,0,0,0,0,0
1788910996.087647,6104,pg_catalog,pg_publication,0,0,0,0,0,0,0,0,0
1788910996.087647,13477,pg_toast,pg_toast_13474,0,0,0,0,0,0,0,0,0
1788910996.087647,3429,pg_catalog,pg_statistic_ext_data,0,0,0,0,0,0,0,0,0
1788910996.087647,2619,pg_catalog,pg_statistic,0,0,17,8,0,0,0,0,0
1788910996.087647,4155,pg_toast,pg_toast_3394,0,0,0,0,0,0,0,0,0
1788910996.087647,1985548,public,taxrate,0,0,0,0,0,0,0,0,0
1788910996.087647,3381,pg_catalog,pg_statistic_ext,0,0,3,0,0,0,0,0,0
1788910996.087647,6106,pg_catalog,pg_publication_rel,0,0,0,0,0,0,0,0,0
1788910996.087647,1985372,public,trade,0,0,0,0,0,0,0,0,0
1788910996.087647,2605,pg_catalog,pg_cast,0,0,34,7,0,0,0,0,0
1788910996.087647,4171,pg_toast,pg_toast_1247,0,0,0,0,0,0,0,0,0
1788910996.087647,2830,pg_toast,pg_toast_2604,0,0,0,0,0,0,0,0,0
1788910996.087647,1985309,public,holding_summary,0,0,0,0,0,0,0,0,0
1788910996.087647,1985413,pg_toast,pg_toast_1985402,0,0,0,0,0,0,0,0,0
1788910996.087647,13479,information_schema,sql_implementation_info,0,0,,,0,0,0,0,0
1788910996.087647,1985341,pg_toast,pg_toast_1985335,0,0,0,0,0,0,0,0,0
1788910996.087647,6244,pg_toast,pg_toast_6243,0,0,0,0,0,0,0,0,0
1788910996.087647,1985315,public,watch_item,0,0,0,0,0,0,0,0,0
1788910996.087647,3430,pg_toast,pg_toast_3429,0,0,0,0,0,0,0,0,0
1788910996.087647,1985320,public,watch_list,0,0,0,0,0,0,0,0,0
1788911056.215012,1985536,pg_toast,pg_toast_1985517,0,0,0,0,0,0,0,0,0
1788911056.215012,3576,pg_catalog,pg_transform,0,0,0,0,0,0,0,0,0
1788911056.215012,2601,pg_catalog,pg_am,0,0,0,0,0,0,0,0,0
1788911056.215012,1985363,public,settlement,0,0,0,0,0,0,0,0,0
1788911056.215012,3394,pg_catalog,pg_init_privs,0,0,0,0,0,0,0,0,0
1788911056.215012,4167,pg_toast,pg_toast_3256,0,0,0,0,0,0,0,0,0
1788911056.215012,4151,pg_toast,pg_toast_1417,0,0,0,0,0,0,0,0,0
1788911056.215012,2834,pg_toast,pg_toast_2609,0,0,0,0,0,0,0,0,0
1788911056.215012,6000,pg_catalog,pg_replication_origin,0,0,0,0,0,0,0,0,0
1788911056.215012,2840,pg_toast,pg_toast_2619,0,0,0,0,0,0,0,0,0
1788911056.215012,1985486,public,last_trade,0,0,0,0,0,0,0,0,0
1788911056.215012,2328,pg_catalog,pg_foreign_data_wrapper,0,0,0,0,0,0,0,0,0
1788911056.215012,4157,pg_toast,pg_toast_2612,0,0,0,0,0,0,0,0,0
1788911056.215012,1260,pg_catalog,pg_authid,0,0,0,0,0,0,0,0,0
1788911056.215012,6102,pg_catalog,pg_subscription_rel,0,0,0,0,0,0,0,0,0
1788911056.215012,1214,pg_catalog,pg_shdepend,0,0,0,0,0,0,0,0,0
1788911056.215012,4163,pg_toast,pg_toast_2615,0,0,0,0,0,0,0,0,0
1788911056.215012,1985343,public,charge,0,0,0,0,0,0,0,0,0
1788911056.215012,1985440,public,daily_market,0,0,0,0,0,0,0,0,0
1788911056.215012,1985422,public,company,0,0,0,0,0,0,0,0,0
1788911056.215012,4169,pg_toast,pg_toast_3600,0,0,0,0,0,0,0,0,0
1788911056.215012,2615,pg_catalog,pg_namespace,1,4,5,2,0,0,0,0,0
1788911056.215012,2396,pg_catalog,pg_shdescription,0,0,0,0,0,0,0,0,0
1788911056.215012,3600,pg_catalog,pg_ts_dict,0,0,0,0,0,0,0,0,0
1788911056.215012,1985325,public,broker,0,0,0,0,0,0,0,0,0
1788911056.215012,3596,pg_catalog,pg_seclabel,0,0,0,0,0,0,0,0,0
1788911056.215012,1985460,public,financial,0,0,0,0,0,0,0,0,0
1788911056.215012,2609,pg_catalog,pg_description,0,0,0,0,0,0,0,0,0
1788911056.215012,1985351,public,commission_rate,0,0,0,0,0,0,0,0,0
1788911056.215012,13482,pg_toast,pg_toast_13479,0,0,0,0,0,0,0,0,0
1788911056.215012,1985396,public,trade_history,0,0,0,0,0,0,0,0,0
1788911056.215012,3603,pg_catalog,pg_ts_config_map,0,0,0,0,0,0,0,0,0
1788911056.215012,1213,pg_catalog,pg_tablespace,0,0,1,1,0,0,0,0,0
1788911056.215012,2608,pg_catalog,pg_depend,0,0,0,0,0,0,0,0,0
1788911056.215012,2964,pg_catalog,pg_db_role_setting,0,0,0,0,0,0,0,0,0
1788911056.215012,1985283,pg_toast,pg_toast_1985275,0,0,0,0,0,0,0,0,0
1788911056.215012,1418,pg_catalog,pg_user_mapping,0,0,0,0,0,0,0,0,0
1788911056.215012,2613,pg_catalog,pg_largeobject,0,0,0,0,0,0,0,0,0
1788911056.215012,6175,pg_toast,pg_toast_3456,0,0,0,0,0,0,0,0,0
1788911056.215012,1261,pg_catalog,pg_auth_members,0,0,0,0,0,0,0,0,0
1788911056.215012,1985335,public,cash_transaction,0,0,0,0,0,0,0,0,0
1788911056.215012,2617,pg_catalog,pg_operator,0,0,5,5,0,0,0,0,0
1788911056.215012,1985300,pg_toast,pg_toast_1985290,0,0,0,0,0,0,0,0,0
1788911056.215012,1985538,public,address,0,0,0,0,0,0,0,0,0
1788911056.215012,2610,pg_catalog,pg_index,1,221,11,14,0,0,0,0,0
1788911056.215012,1249,pg_catalog,pg_attribute,0,0,75,92,0,0,0,0,0
1788911056.215012,1985512,public,sector,0,0,0,0,0,0,0,0,0
1788911056.215012,1985415,public,trade_type,0,0,0,0,0,0,0,0,0
1788911056.215012,2600,pg_catalog,pg_aggregate,0,0,1,1,0,0,0,0,0
1788911056.215012,2966,pg_toast,pg_toast_2964,0,0,0,0,0,0,0,0,0
1788911056.215012,1985451,public,exchange,0,0,0,0,0,0,0,0,0
1788911056.215012,2618,pg_catalog,pg_rewrite,0,0,1,1,0,0,0,0,0
1788911056.215012,4177,pg_toast,pg_toast_1262,0,0,0,0,0,0,0,0,0
1788911056.215012,13484,information_schema,sql_parts,0,0,,,0,0,0,0,0
1788911056.215012,4159,pg_toast,pg_toast_2600,0,0,0,0,0,0,0,0,0
1788911056.215012,4147,pg_toast,pg_toast_3079,0,0,0,0,0,0,0,0,0
1788911056.215012,13474,information_schema,sql_features,0,0,,,0,0,0,0,0
1788911056.215012,1985394,pg_toast,pg_toast_1985372,0,0,0,0,0,0,0,0,0
1788911056.215012,1247,pg_catalog,pg_type,0,0,19,19,0,0,0,0,0
1788911056.215012,2602,pg_catalog,pg_amop,0,0,12,25,0,0,0,0,0
1788911056.215012,3439,pg_toast,pg_toast_3381,0,0,0,0,0,0,0,0,0
1788911056.215012,2846,pg_toast,pg_toast_2396,0,0,0,0,0,0,0,0,0
1788911056.215012,1985555,public,zip_code,0,0,0,0,0,0,0,0,0
1788911056.215012,1985478,pg_toast,pg_toast_1985460,0,0,0,0,0,0,0,0,0
1788911056.215012,4145,pg_toast,pg_toast_3466,0,0,0,0,0,0,0,0,0
1788911056.215012,3541,pg_catalog,pg_range,0,0,0,0,0,0,0,0,0
1788911056.215012,3602,pg_catalog,pg_ts_config,0,0,0,0,0,0,0,0,0
1788911056.215012,1985333,pg_toast,pg_toast_1985325,0,0,0,0,0,0,0,0,0
1788911056.215012,4183,pg_toast,pg_toast_6100,0,0,0,0,0,0,0,0,0
1788911056.215012,1985496,public,news_item,0,0,0,0,0,0,0,0,0
1788911056.215012,2224,pg_catalog,pg_sequence,0,0,0,0,0,0,0,0,0
1788911056.215012,2611,pg_catalog,pg_inherits,0,0,0,0,0,0,0,0,0
1788911056.215012,1417,pg_catalog,pg_foreign_server,0,0,0,0,0,0,0,0,0
1788911056.215012,1262,pg_catalog,pg_database,0,0,0,0,0,0,0,0,0
1788911056.215012,13492,pg_toast,pg_toast_13489,0,0,0,0,0,0,0,0,0
1788911056.215012,3501,pg_catalog,pg_enum,0,0,0,0,0,0,0,0,0
1788911056.215012,2607,pg_catalog,pg_conversion,0,0,0,0,0,0,0,0,0
1788911056.215012,1985449,pg_toast,pg_toast_1985440,0,0,0,0,0,0,0,0,0
1788911056.215012,826,pg_catalog,pg_default_acl,0,0,0,0,0,0,0,0,0
1788911056.215012,2604,pg_catalog,pg_attrdef,0,0,0,0,0,0,0,0,0
1788911056.215012,2336,pg_toast,pg_toast_2620,0,0,0,0,0,0,0,0,0
1788911056.215012,2603,pg_catalog,pg_amproc,0,0,5,11,0,0,0,0,0
1788911056.215012,2606,pg_catalog,pg_constraint,0,0,3,8,0,0,0,0,0
1788911056.215012,1255,pg_catalog,pg_proc,0,0,19,24,0,0,0,0,0
1788911056.215012,4173,pg_toast,pg_toast_1418,0,0,0,0,0,0,0,0,0
1788911056.215012,1985285,public,customer_taxrate,0,0,0,0,0,0,0,0,0
1788911056.215012,2620,pg_catalog,pg_trigger,0,0,0,0,0,0,0,0,0
1788911056.215012,1985256,public,account_permission,0,0,0,0,0,0,0,0,0
1788911056.215012,1985507,public,news_xref,0,0,0,0,0,0,0,0,0
1788911056.215012,1985480,public,industry,0,0,0,0,0,0,0,0,0
1788911056.215012,2612,pg_catalog,pg_language,0,0,0,0,0,0,0,0,0
1788911056.215012,4149,pg_toast,pg_toast_2328,0,0,0,0,0,0,0,0,0
1788911056.215012,6351,pg_toast,pg_toast_2610,0,0,0,0,0,0,0,0,0
1788911056.215012,13489,information_schema,sql_sizing,0,0,,,0,0,0,0,0
1788911056.215012,1985494,pg_toast,pg_toast_1985486,0,0,0,0,0,0,0,0,0
1788911056.215012,3598,pg_toast,pg_toast_3596,0,0,0,0,0,0,0,0,0
1788911056.215012,2836,pg_toast,pg_toast_1255,0,0,0,0,0,0,0,0,0
1788911056.215012,3456,pg_catalog,pg_collation,0,0,0,0,0,0,0,0,0
1788911056.215012,3079,pg_catalog,pg_extension,0,0,0,0,0,0,0,0,0
1788911056.215012,6100,pg_catalog,pg_subscription,0,0,0,0,0,0,0,0,0
1788911056.215012,2832,pg_toast,pg_toast_2606,0,0,0,0,0,0,0,0,0
1788911056.215012,3256,pg_catalog,pg_policy,0,0,0,0,0,0,0,0,0
1788911056.215012,1985302,public,holding_history,0,0,0,0,0,0,0,0,0
1788911056.215012,1985517,public,security,0,0,0,0,0,0,0,0,0
1788911056.215012,3466,pg_catalog,pg_event_trigger,0,0,0,0,0,0,0,0,0
1788911056.215012,3592,pg_catalog,pg_shseclabel,0,0,0,0,0,0,0,0,0
1788911056.215012,3764,pg_catalog,pg_ts_template,0,0,0,0,0,0,0,0,0
1788911056.215012,6237,pg_catalog,pg_publication_namespace,0,0,0,0,0,0,0,0,0
1788911056.215012,13487,pg_toast,pg_toast_13484,0,0,0,0,0,0,0,0,0
1788911056.215012,2995,pg_catalog,pg_largeobject_metadata,0,0,0,0,0,0,0,0,0
1788911056.215012,1985275,public,customer_account,0,0,0,0,0,0,0,0,0
1788911056.215012,4143,pg_toast,pg_toast_826,0,0,0,0,0,0,0,0,0
1788911056.215012,4185,pg_toast,pg_toast_1213,0,0,0,0,0,0,0,0,0
1788911056.215012,6243,pg_catalog,pg_parameter_acl,0,0,0,0,0,0,0,0,0
1788911056.215012,2616,pg_catalog,pg_opclass,0,0,8,134,0,0,0,0,0
1788911056.215012,1985290,public,holding,0,0,0,0,0,0,0,0,0
1788911056.215012,2838,pg_toast,pg_toast_2618,0,0,1,3,0,0,0,0,0
1788911056.215012,6228,pg_toast,pg_toast_6106,0,0,0,0,0,0,0,0,0
1788911056.215012,1985349,pg_toast,pg_toast_1985343,0,0,0,0,0,0,0,0,0
1788911056.215012,1985434,public,company_competitor,0,0,0,0,0,0,0,0,0
1788911056.215012,1985370,pg_toast,pg_toast_1985363,0,0,0,0,0,0,0,0,0
1788911056.215012,1985505,pg_toast,pg_toast_1985496,0,0,0,0,0,0,0,0,0
1788911056.215012,1985264,public,customer,0,0,0,0,0,0,0,0,0
1788911056.215012,3118,pg_catalog,pg_foreign_table,0,0,0,0,0,0,0,0,0
1788911056.215012,1259,pg_catalog,pg_class,1,523,12,12,0,0,0,0,0
1788911056.215012,3350,pg_catalog,pg_partitioned_table,0,0,0,0,0,0,0,0,0
1788911056.215012,4153,pg_toast,pg_toast_3118,0,0,0,0,0,0,0,0,0
1788911056.215012,4060,pg_toast,pg_toast_3592,0,0,0,0,0,0,0,0,0
1788911056.215012,1985543,public,status_type,0,0,0,0,0,0,0,0,0
1788911056.215012,4165,pg_toast,pg_toast_3350,0,0,0,0,0,0,0,0,0
1788911056.215012,1985402,public,trade_request,0,0,0,0,0,0,0,0,0
1788911056.215012,2753,pg_catalog,pg_opfamily,0,0,2,2,0,0,0,0,0
1788911056.215012,3601,pg_catalog,pg_ts_parser,0,0,0,0,0,0,0,0,0
1788911056.215012,6104,pg_catalog,pg_publication,0,0,0,0,0,0,0,0,0
1788911056.215012,13477,pg_toast,pg_toast_13474,0,0,0,0,0,0,0,0,0
1788911056.215012,3429,pg_catalog,pg_statistic_ext_data,0,0,0,0,0,0,0,0,0
1788911056.215012,2619,pg_catalog,pg_statistic,0,0,17,8,0,0,0,0,0
1788911056.215012,4155,pg_toast,pg_toast_3394,0,0,0,0,0,0,0,0,0
1788911056.215012,1985548,public,taxrate,0,0,0,0,0,0,0,0,0
1788911056.215012,3381,pg_catalog,pg_statistic_ext,0,0,3,0,0,0,0,0,0
1788911056.215012,6106,pg_catalog,pg_publication_rel,0,0,0,0,0,0,0,0,0
1788911056.215012,1985372,public,trade,0,0,0,0,0,0,0,0,0
1788911056.215012,2605,pg_catalog,pg_cast,0,0,34,7,0,0,0,0,0
1788911056.215012,4171,pg_toast,pg_toast_1247,0,0,0,0,0,0,0,0,0
1788911056.215012,2830,pg_toast,pg_toast_2604,0,0,0,0,0,0,0,0,0
1788911056.215012,1985309,public,holding_summary,0,0,0,0,0,0,0,0,0
1788911056.215012,1985413,pg_toast,pg_toast_1985402,0,0,0,0,0,0,0,0,0
1788911056.215012,13479,information_schema,sql_implementation_info,0,0,,,0,0,0,0,0
1788911056.215012,1985341,pg_toast,pg_toast_1985335,0,0,0,0,0,0,0,0,0
1788911056.215012,6244,pg_toast,pg_toast_6243,0,0,0,0,0,0,0,0,0
1788911056.215012,1985315,public,watch_item,0,0,0,0,0,0,0,0,0
1788911056.215012,3430,pg_toast,pg_toast_3429,0,0,0,0,0,0,0,0,0
1788911056.215012,1985320,public,watch_list,0,0,0,0,0,0,0,0,0
1788911116.326449,1985536,pg_toast,pg_toast_1985517,0,0,0,0,0,0,0,0,0
1788911116.326449,3576,pg_catalog,pg_transform,0,0,0,0,0,0,0,0,0
1788911116.326449,2601,pg_catalog,pg_am,0,0,0,0,0,0,0,0,0
1788911116.326449,1985363,public,settlement,0,0,0,0,0,0,0,0,0
1788911116.326449,3394,pg_catalog,pg_init_privs,0,0,0,0,0,0,0,0,0
1788911116.326449,4167,pg_toast,pg_toast_3256,0,0,0,0,0,0,0,0,0
1788911116.326449,4151,pg_toast,pg_toast_1417,0,0,0,0,0,0,0,0,0
1788911116.326449,2834,pg_toast,pg_toast_2609,0,0,0,0,0,0,0,0,0
1788911116.326449,6000,pg_catalog,pg_replication_origin,0,0,0,0,0,0,0,0,0
1788911116.326449,2840,pg_toast,pg_toast_2619,0,0,0,0,0,0,0,0,0
1788911116.326449,1985486,public,last_trade,0,0,0,0,0,0,0,0,0
1788911116.326449,2328,pg_catalog,pg_foreign_data_wrapper,0,0,0,0,0,0,0,0,0
1788911116.326449,4157,pg_toast,pg_toast_2612,0,0,0,0,0,0,0,0,0
1788911116.326449,1260,pg_catalog,pg_authid,0,0,0,0,0,0,0,0,0
1788911116.326449,6102,pg_catalog,pg_subscription_rel,0,0,0,0,0,0,0,0,0
1788911116.326449,1214,pg_catalog,pg_shdepend,0,0,0,0,0,0,0,0,0
1788911116.326449,4163,pg_toast,pg_toast_2615,0,0,0,0,0,0,0,0,0
1788911116.326449,1985343,public,charge,0,0,0,0,0,0,0,0,0
1788911116.326449,1985440,public,daily_market,0,0,0,0,0,0,0,0,0
1788911116.326449,1985422,public,company,0,0,0,0,0,0,0,0,0
1788911116.326449,4169,pg_toast,pg_toast_3600,0,0,0,0,0,0,0,0,0
1788911116.326449,2615,pg_catalog,pg_namespace,1,4,5,2,0,0,0,0,0
1788911116.326449,2396,pg_catalog,pg_shdescription,0,0,0,0,0,0,0,0,0
1788911116.326449,3600,pg_catalog,pg_ts_dict,0,0,0,0,0,0,0,0,0
1788911116.326449,1985325,public,broker,0,0,0,0,0,0,0,0,0
1788911116.326449,3596,pg_catalog,pg_seclabel,0,0,0,0,0,0,0,0,0
1788911116.326449,1985460,public,financial,0,0,0,0,0,0,0,0,0
1788911116.326449,2609,pg_catalog,pg_description,0,0,0,0,0,0,0,0,0
1788911116.326449,1985351,public,commission_rate,0,0,0,0,0,0,0,0,0
1788911116.326449,13482,pg_toast,pg_toast_13479,0,0,0,0,0,0,0,0,0
1788911116.326449,1985396,public,trade_history,0,0,0,0,0,0,0,0,0
1788911116.326449,3603,pg_catalog,pg_ts_config_map,0,0,0,0,0,0,0,0,0
1788911116.326449,1213,pg_catalog,pg_tablespace,0,0,1,1,0,0,0,0,0
1788911116.326449,2608,pg_catalog,pg_depend,0,0,0,0,0,0,0,0,0
1788911116.326449,2964,pg_catalog,pg_db_role_setting,0,0,0,0,0,0,0,0,0
1788911116.326449,1985283,pg_toast,pg_toast_1985275,0,0,0,0,0,0,0,0,0
1788911116.326449,1418,pg_catalog,pg_user_mapping,0,0,0,0,0,0,0,0,0
1788911116.326449,2613,pg_catalog,pg_largeobject,0,0,0,0,0,0,0,0,0
1788911116.326449,6175,pg_toast,pg_toast_3456,0,0,0,0,0,0,0,0,0
1788911116.326449,1261,pg_catalog,pg_auth_members,0,0,0,0,0,0,0,0,0
1788911116.326449,1985335,public,cash_transaction,0,0,0,0,0,0,0,0,0
1788911116.326449,2617,pg_catalog,pg_operator,0,0,5,5,0,0,0,0,0
1788911116.326449,1985300,pg_toast,pg_toast_1985290,0,0,0,0,0,0,0,0,0
1788911116.326449,1985538,public,address,0,0,0,0,0,0,0,0,0
1788911116.326449,2610,pg_catalog,pg_index,1,221,11,14,0,0,0,0,0
1788911116.326449,1249,pg_catalog,pg_attribute,0,0,75,92,0,0,0,0,0
1788911116.326449,1985512,public,sector,0,0,0,0,0,0,0,0,0
1788911116.326449,1985415,public,trade_type,0,0,0,0,0,0,0,0,0
1788911116.326449,2600,pg_catalog,pg_aggregate,0,0,1,1,0,0,0,0,0
1788911116.326449,2966,pg_toast,pg_toast_2964,0,0,0,0,0,0,0,0,0
1788911116.326449,1985451,public,exchange,0,0,0,0,0,0,0,0,0
1788911116.326449,2618,pg_catalog,pg_rewrite,0,0,1,1,0,0,0,0,0
1788911116.326449,4177,pg_toast,pg_toast_1262,0,0,0,0,0,0,0,0,0
1788911116.326449,13484,information_schema,sql_parts,0,0,,,0,0,0,0,0
1788911116.326449,4159,pg_toast,pg_toast_2600,0,0,0,0,0,0,0,0,0
1788911116.326449,4147,pg_toast,pg_toast_3079,0,0,0,0,0,0,0,0,0
1788911116.326449,13474,information_schema,sql_features,0,0,,,0,0,0,0,0
1788911116.326449,1985394,pg_toast,pg_toast_1985372,0,0,0,0,0,0,0,0,0
1788911116.326449,1247,pg_catalog,pg_type,0,0,19,19,0,0,0,0,0
1788911116.326449,2602,pg_catalog,pg_amop,0,0,12,25,0,0,0,0,0
1788911116.326449,3439,pg_toast,pg_toast_3381,0,0,0,0,0,0,0,0,0
1788911116.326449,2846,pg_toast,pg_toast_2396,0,0,0,0,0,0,0,0,0
1788911116.326449,1985555,public,zip_code,0,0,0,0,0,0,0,0,0
1788911116.326449,1985478,pg_toast,pg_toast_1985460,0,0,0,0,0,0,0,0,0
1788911116.326449,4145,pg_toast,pg_toast_3466,0,0,0,0,0,0,0,0,0
1788911116.326449,3541,pg_catalog,pg_range,0,0,0,0,0,0,0,0,0
1788911116.326449,3602,pg_catalog,pg_ts_config,0,0,0,0,0,0,0,0,0
1788911116.326449,1985333,pg_toast,pg_toast_1985325,0,0,0,0,0,0,0,0,0
1788911116.326449,4183,pg_toast,pg_toast_6100,0,0,0,0,0,0,0,0,0
1788911116.326449,1985496,public,news_item,0,0,0,0,0,0,0,0,0
1788911116.326449,2224,pg_catalog,pg_sequence,0,0,0,0,0,0,0,0,0
1788911116.326449,2611,pg_catalog,pg_inherits,0,0,0,0,0,0,0,0,0
1788911116.326449,1417,pg_catalog,pg_foreign_server,0,0,0,0,0,0,0,0,0
1788911116.326449,1262,pg_catalog,pg_database,0,0,0,0,0,0,0,0,0
1788911116.326449,13492,pg_toast,pg_toast_13489,0,0,0,0,0,0,0,0,0
1788911116.326449,3501,pg_catalog,pg_enum,0,0,0,0,0,0,0,0,0
1788911116.326449,2607,pg_catalog,pg_conversion,0,0,0,0,0,0,0,0,0
1788911116.326449,1985449,pg_toast,pg_toast_1985440,0,0,0,0,0,0,0,0,0
1788911116.326449,826,pg_catalog,pg_default_acl,0,0,0,0,0,0,0,0,0
1788911116.326449,2604,pg_catalog,pg_attrdef,0,0,0,0,0,0,0,0,0
1788911116.326449,2336,pg_toast,pg_toast_2620,0,0,0,0,0,0,0,0,0
1788911116.326449,2603,pg_catalog,pg_amproc,0,0,5,11,0,0,0,0,0
1788911116.326449,2606,pg_catalog,pg_constraint,0,0,3,8,0,0,0,0,0
1788911116.326449,1255,pg_catalog,pg_proc,0,0,19,24,0,0,0,0,0
1788911116.326449,4173,pg_toast,pg_toast_1418,0,0,0,0,0,0,0,0,0
1788911116.326449,1985285,public,customer_taxrate,0,0,0,0,0,0,0,0,0
1788911116.326449,2620,pg_catalog,pg_trigger,0,0,0,0,0,0,0,0,0
1788911116.326449,1985256,public,account_permission,0,0,0,0,0,0,0,0,0
1788911116.326449,1985507,public,news_xref,0,0,0,0,0,0,0,0,0
1788911116.326449,1985480,public,industry,0,0,0,0,0,0,0,0,0
1788911116.326449,2612,pg_catalog,pg_language,0,0,0,0,0,0,0,0,0
1788911116.326449,4149,pg_toast,pg_toast_2328,0,0,0,0,0,0,0,0,0
1788911116.326449,6351,pg_toast,pg_toast_2610,0,0,0,0,0,0,0,0,0
1788911116.326449,13489,information_schema,sql_sizing,0,0,,,0,0,0,0,0
1788911116.326449,1985494,pg_toast,pg_toast_1985486,0,0,0,0,0,0,0,0,0
1788911116.326449,3598,pg_toast,pg_toast_3596,0,0,0,0,0,0,0,0,0
1788911116.326449,2836,pg_toast,pg_toast_1255,0,0,0,0,0,0,0,0,0
1788911116.326449,3456,pg_catalog,pg_collation,0,0,0,0,0,0,0,0,0
1788911116.326449,3079,pg_catalog,pg_extension,0,0,0,0,0,0,0,0,0
1788911116.326449,6100,pg_catalog,pg_subscription,0,0,0,0,0,0,0,0,0
1788911116.326449,2832,pg_toast,pg_toast_2606,0,0,0,0,0,0,0,0,0
1788911116.326449,3256,pg_catalog,pg_policy,0,0,0,0,0,0,0,0,0
1788911116.326449,1985302,public,holding_history,0,0,0,0,0,0,0,0,0
1788911116.326449,1985517,public,security,0,0,0,0,0,0,0,0,0
1788911116.326449,3466,pg_catalog,pg_event_trigger,0,0,0,0,0,0,0,0,0
1788911116.326449,3592,pg_catalog,pg_shseclabel,0,0,0,0,0,0,0,0,0
1788911116.326449,3764,pg_catalog,pg_ts_template,0,0,0,0,0,0,0,0,0
1788911116.326449,6237,pg_catalog,pg_publication_namespace,0,0,0,0,0,0,0,0,0
1788911116.326449,13487,pg_toast,pg_toast_13484,0,0,0,0,0,0,0,0,0
1788911116.326449,2995,pg_catalog,pg_largeobject_metadata,0,0,0,0,0,0,0,0,0
1788911116.326449,1985275,public,customer_account,0,0,0,0,0,0,0,0,0
1788911116.326449,4143,pg_toast,pg_toast_826,0,0,0,0,0,0,0,0,0
1788911116.326449,4185,pg_toast,pg_toast_1213,0,0,0,0,0,0,0,0,0
1788911116.326449,6243,pg_catalog,pg_parameter_acl,0,0,0,0,0,0,0,0,0
1788911116.326449,2616,pg_catalog,pg_opclass,0,0,8,134,0,0,0,0,0
1788911116.326449,1985290,public,holding,0,0,0,0,0,0,0,0,0
1788911116.326449,2838,pg_toast,pg_toast_2618,0,0,1,3,0,0,0,0,0
1788911116.326449,6228,pg_toast,pg_toast_6106,0,0,0,0,0,0,0,0,0
1788911116.326449,1985349,pg_toast,pg_toast_1985343,0,0,0,0,0,0,0,0,0
1788911116.326449,1985434,public,company_competitor,0,0,0,0,0,0,0,0,0
1788911116.326449,1985370,pg_toast,pg_toast_1985363,0,0,0,0,0,0,0,0,0
1788911116.326449,1985505,pg_toast,pg_toast_1985496,0,0,0,0,0,0,0,0,0
1788911116.326449,1985264,public,customer,0,0,0,0,0,0,0,0,0
1788911116.326449,3118,pg_catalog,pg_foreign_table,0,0,0,0,0,0,0,0,0
1788911116.326449,1259,pg_catalog,pg_class,1,523,12,12,0,0,0,0,0
1788911116.326449,3350,pg_catalog,pg_partitioned_table,0,0,0,0,0,0,0,0,0
1788911116.326449,4153,pg_toast,pg_toast_3118,0,0,0,0,0,0,0,0,0
1788911116.326449,4060,pg_toast,pg_toast_3592,0,0,0,0,0,0,0,0,0
1788911116.326449,1985543,public,status_type,0,0,0,0,0,0,0,0,0
1788911116.326449,4165,pg_toast,pg_toast_3350,0,0,0,0,0,0,0,0,0
1788911116.326449,1985402,public,trade_request,0,0,0,0,0,0,0,0,0
1788911116.326449,2753,pg_catalog,pg_opfamily,0,0,2,2,0,0,0,0,0
1788911116.326449,3601,pg_catalog,pg_ts_parser,0,0,0,0,0,0,0,0,0
1788911116.326449,6104,pg_catalog,pg_publication,0,0,0,0,0,0,0,0,0
1788911116.326449,13477,pg_toast,pg_toast_13474,0,0,0,0,0,0,0,0,0
1788911116.326449,3429,pg_catalog,pg_statistic_ext_data,0,0,0,0,0,0,0,0,0
1788911116.326449,2619,pg_catalog,pg_statistic,0,0,17,8,0,0,0,0,0
1788911116.326449,4155,pg_toast,pg_toast_3394,0,0,0,0,0,0,0,0,0
1788911116.326449,1985548,public,taxrate,0,0,0,0,0,0,0,0,0
1788911116.326449,3381,pg_catalog,pg_statistic_ext,0,0,3,0,0,0,0,0,0
1788911116.326449,6106,pg_catalog,pg_publication_rel,0,0,0,0,0,0,0,0,0
1788911116.326449,1985372,public,trade,0,0,0,0,0,0,0,0,0
1788911116.326449,2605,pg_catalog,pg_cast,0,0,34,7,0,0,0,0,0
1788911116.326449,4171,pg_toast,pg_toast_1247,0,0,0,0,0,0,0,0,0
1788911116.326449,2830,pg_toast,pg_toast_2604,0,0,0,0,0,0,0,0,0
1788911116.326449,1985309,public,holding_summary,0,0,0,0,0,0,0,0,0
1788911116.326449,1985413,pg_toast,pg_toast_1985402,0,0,0,0,0,0,0,0,0
1788911116.326449,13479,information_schema,sql_implementation_info,0,0,,,0,0,0,0,0
1788911116.326449,1985341,pg_toast,pg_toast_1985335,0,0,0,0,0,0,0,0,0
1788911116.326449,6244,pg_toast,pg_toast_6243,0,0,0,0,0,0,0,0,0
1788911116.326449,1985315,public,watch_item,0,0,0,0,0,0,0,0,0
1788911116.326449,3430,pg_toast,pg_toast_3429,0,0,0,0,0,0,0,0,0
1788911116.326449,1985320,public,watch_list,0,0,0,0,0,0,0,0,0
1788911176.438178,1985536,pg_toast,pg_toast_1985517,0,0,0,0,0,0,0,0,0
1788911176.438178,3576,pg_catalog,pg_transform,0,0,0,0,0,0,0,0,0
1788911176.438178,2601,pg_catalog,pg_am,0,0,0,0,0,0,0,0,0
1788911176.438178,1985363,public,settlement,0,0,0,0,0,0,0,0,0
1788911176.438178,3394,pg_catalog,pg_init_privs,0,0,0,0,0,0,0,0,0
1788911176.438178,4167,pg_toast,pg_toast_3256,0,0,0,0,0,0,0,0,0
1788911176.438178,4151,pg_toast,pg_toast_1417,0,0,0,0,0,0,0,0,0
1788911176.438178,2834,pg_toast,pg_toast_2609,0,0,0,0,0,0,0,0,0
1788911176.438178,6000,pg_catalog,pg_replication_origin,0,0,0,0,0,0,0,0,0
1788911176.438178,2840,pg_toast,pg_toast_2619,0,0,0,0,0,0,0,0,0
1788911176.438178,1985486,public,last_trade,0,0,0,0,0,0,0,0,0
1788911176.438178,2328,pg_catalog,pg_foreign_data_wrapper,0,0,0,0,0,0,0,0,0
1788911176.438178,4157,pg_toast,pg_toast_2612,0,0,0,0,0,0,0,0,0
1788911176.438178,1260,pg_catalog,pg_authid,0,0,0,0,0,0,0,0,0
1788911176.438178,6102,pg_catalog,pg_subscription_rel,0,0,0,0,0,0,0,0,0
1788911176.438178,1214,pg_catalog,pg_shdepend,0,0,0,0,0,0,0,0,0
1788911176.438178,4163,pg_toast,pg_toast_2615,0,0,0,0,0,0,0,0,0
1788911176.438178,1985343,public,charge,0,0,0,0,0,0,0,0,0
1788911176.438178,1985440,public,daily_market,0,0,0,0,0,0,0,0,0
1788911176.438178,1985422,public,company,0,0,0,0,0,0,0,0,0
1788911176.438178,4169,pg_toast,pg_toast_3600,0,0,0,0,0,0,0,0,0
1788911176.438178,2615,pg_catalog,pg_namespace,1,4,5,2,0,0,0,0,0
1788911176.438178,2396,pg_catalog,pg_shdescription,0,0,0,0,0,0,0,0,0
1788911176.438178,3600,pg_catalog,pg_ts_dict,0,0,0,0,0,0,0,0,0
1788911176.438178,1985325,public,broker,0,0,0,0,0,0,0,0,0
1788911176.438178,3596,pg_catalog,pg_seclabel,0,0,0,0,0,0,0,0,0
1788911176.438178,1985460,public,financial,0,0,0,0,0,0,0,0,0
1788911176.438178,2609,pg_catalog,pg_description,0,0,0,0,0,0,0,0,0
1788911176.438178,1985351,public,commission_rate,0,0,0,0,0,0,0,0,0
1788911176.438178,13482,pg_toast,pg_toast_13479,0,0,0,0,0,0,0,0,0
1788911176.438178,1985396,public,trade_history,0,0,0,0,0,0,0,0,0
1788911176.438178,3603,pg_catalog,pg_ts_config_map,0,0,0,0,0,0,0,0,0
1788911176.438178,1213,pg_catalog,pg_tablespace,0,0,1,1,0,0,0,0,0
1788911176.438178,2608,pg_catalog,pg_depend,0,0,0,0,0,0,0,0,0
1788911176.438178,2964,pg_catalog,pg_db_role_setting,0,0,0,0,0,0,0,0,0
1788911176.438178,1985283,pg_toast,pg_toast_1985275,0,0,0,0,0,0,0,0,0
1788911176.438178,1418,pg_catalog,pg_user_mapping,0,0,0,0,0,0,0,0,0
1788911176.438178,2613,pg_catalog,pg_largeobject,0,0,0,0,0,0,0,0,0
1788911176.438178,6175,pg_toast,pg_toast_3456,0,0,0,0,0,0,0,0,0
1788911176.438178,1261,pg_catalog,pg_auth_members,0,0,0,0,0,0,0,0,0
1788911176.438178,1985335,public,cash_transaction,0,0,0,0,0,0,0,0,0
1788911176.438178,2617,pg_catalog,pg_operator,0,0,5,5,0,0,0,0,0
1788911176.438178,1985300,pg_toast,pg_toast_1985290,0,0,0,0,0,0,0,0,0
1788911176.438178,1985538,public,address,0,0,0,0,0,0,0,0,0
1788911176.438178,2610,pg_catalog,pg_index,1,221,11,14,0,0,0,0,0
1788911176.438178,1249,pg_catalog,pg_attribute,0,0,75,92,0,0,0,0,0
1788911176.438178,1985512,public,sector,0,0,0,0,0,0,0,0,0
1788911176.438178,1985415,public,trade_type,0,0,0,0,0,0,0,0,0
1788911176.438178,2600,pg_catalog,pg_aggregate,0,0,1,1,0,0,0,0,0
1788911176.438178,2966,pg_toast,pg_toast_2964,0,0,0,0,0,0,0,0,0
1788911176.438178,1985451,public,exchange,0,0,0,0,0,0,0,0,0
1788911176.438178,2618,pg_catalog,pg_rewrite,0,0,1,1,0,0,0,0,0
1788911176.438178,4177,pg_toast,pg_toast_1262,0,0,0,0,0,0,0,0,0
1788911176.438178,13484,information_schema,sql_parts,0,0,,,0,0,0,0,0
1788911176.438178,4159,pg_toast,pg_toast_2600,0,0,0,0,0,0,0,0,0
1788911176.438178,4147,pg_toast,pg_toast_3079,0,0,0,0,0,0,0,0,0
1788911176.438178,13474,information_schema,sql_features,0,0,,,0,0,0,0,0
1788911176.438178,1985394,pg_toast,pg_toast_1985372,0,0,0,0,0,0,0,0,0
1788911176.438178,1247,pg_catalog,pg_type,0,0,19,19,0,0,0,0,0
1788911176.438178,2602,pg_catalog,pg_amop,0,0,12,25,0,0,0,0,0
1788911176.438178,3439,pg_toast,pg_toast_3381,0,0,0,0,0,0,0,0,0
1788911176.438178,2846,pg_toast,pg_toast_2396,0,0,0,0,0,0,0,0,0
1788911176.438178,1985555,public,zip_code,0,0,0,0,0,0,0,0,0
1788911176.438178,1985478,pg_toast,pg_toast_1985460,0,0,0,0,0,0,0,0,0
1788911176.438178,4145,pg_toast,pg_toast_3466,0,0,0,0,0,0,0,0,0
1788911176.438178,3541,pg_catalog,pg_range,0,0,0,0,0,0,0,0,0
1788911176.438178,3602,pg_catalog,pg_ts_config,0,0,0,0,0,0,0,0,0
1788911176.438178,1985333,pg_toast,pg_toast_1985325,0,0,0,0,0,0,0,0,0
1788911176.438178,4183,pg_toast,pg_toast_6100,0,0,0,0,0,0,0,0,0
1788911176.438178,1985496,public,news_item,0,0,0,0,0,0,0,0,0
1788911176.438178,2224,pg_catalog,pg_sequence,0,0,0,0,0,0,0,0,0
1788911176.438178,2611,pg_catalog,pg_inherits,0,0,0,0,0,0,0,0,0
1788911176.438178,1417,pg_catalog,pg_foreign_server,0,0,0,0,0,0,0,0,0
1788911176.438178,1262,pg_catalog,pg_database,0,0,0,0,0,0,0,0,0
1788911176.438178,13492,pg_toast,pg_toast_13489,0,0,0,0,0,0,0,0,0
1788911176.438178,3501,pg_catalog,pg_enum,0,0,0,0,0,0,0,0,0
1788911176.438178,2607,pg_catalog,pg_conversion,0,0,0,0,0,0,0,0,0
1788911176.438178,1985449,pg_toast,pg_toast_1985440,0,0,0,0,0,0,0,0,0
1788911176.438178,826,pg_catalog,pg_default_acl,0,0,0,0,0,0,0,0,0
1788911176.438178,2604,pg_catalog,pg_attrdef,0,0,0,0,0,0,0,0,0
1788911176.438178,2336,pg_toast,pg_toast_2620,0,0,0,0,0,0,0,0,0
1788911176.438178,2603,pg_catalog,pg_amproc,0,0,5,11,0,0,0,0,0
1788911176.438178,2606,pg_catalog,pg_constraint,0,0,3,8,0,0,0,0,0
1788911176.438178,1255,pg_catalog,pg_proc,0,0,19,24,0,0,0,0,0
1788911176.438178,4173,pg_toast,pg_toast_1418,0,0,0,0,0,0,0,0,0
1788911176.438178,1985285,public,customer_taxrate,0,0,0,0,0,0,0,0,0
1788911176.438178,2620,pg_catalog,pg_trigger,0,0,0,0,0,0,0,0,0
1788911176.438178,1985256,public,account_permission,0,0,0,0,0,0,0,0,0
1788911176.438178,1985507,public,news_xref,0,0,0,0,0,0,0,0,0
1788911176.438178,1985480,public,industry,0,0,0,0,0,0,0,0,0
1788911176.438178,2612,pg_catalog,pg_language,0,0,0,0,0,0,0,0,0
1788911176.438178,4149,pg_toast,pg_toast_2328,0,0,0,0,0,0,0,0,0
1788911176.438178,6351,pg_toast,pg_toast_2610,0,0,0,0,0,0,0,0,0
1788911176.438178,13489,information_schema,sql_sizing,0,0,,,0,0,0,0,0
1788911176.438178,1985494,pg_toast,pg_toast_1985486,0,0,0,0,0,0,0,0,0
1788911176.438178,3598,pg_toast,pg_toast_3596,0,0,0,0,0,0,0,0,0
1788911176.438178,2836,pg_toast,pg_toast_1255,0,0,0,0,0,0,0,0,0
1788911176.438178,3456,pg_catalog,pg_collation,0,0,0,0,0,0,0,0,0
1788911176.438178,3079,pg_catalog,pg_extension,0,0,0,0,0,0,0,0,0
1788911176.438178,6100,pg_catalog,pg_subscription,0,0,0,0,0,0,0,0,0
1788911176.438178,2832,pg_toast,pg_toast_2606,0,0,0,0,0,0,0,0,0
1788911176.438178,3256,pg_catalog,pg_policy,0,0,0,0,0,0,0,0,0
1788911176.438178,1985302,public,holding_history,0,0,0,0,0,0,0,0,0
1788911176.438178,1985517,public,security,0,0,0,0,0,0,0,0,0
1788911176.438178,3466,pg_catalog,pg_event_trigger,0,0,0,0,0,0,0,0,0
1788911176.438178,3592,pg_catalog,pg_shseclabel,0,0,0,0,0,0,0,0,0
1788911176.438178,3764,pg_catalog,pg_ts_template,0,0,0,0,0,0,0,0,0
1788911176.438178,6237,pg_catalog,pg_publication_namespace,0,0,0,0,0,0,0,0,0
1788911176.438178,13487,pg_toast,pg_toast_13484,0,0,0,0,0,0,0,0,0
1788911176.438178,2995,pg_catalog,pg_largeobject_metadata,0,0,0,0,0,0,0,0,0
1788911176.438178,1985275,public,customer_account,0,0,0,0,0,0,0,0,0
1788911176.438178,4143,pg_toast,pg_toast_826,0,0,0,0,0,0,0,0,0
1788911176.438178,4185,pg_toast,pg_toast_1213,0,0,0,0,0,0,0,0,0
1788911176.438178,6243,pg_catalog,pg_parameter_acl,0,0,0,0,0,0,0,0,0
1788911176.438178,2616,pg_catalog,pg_opclass,0,0,8,134,0,0,0,0,0
1788911176.438178,1985290,public,holding,0,0,0,0,0,0,0,0,0
1788911176.438178,2838,pg_toast,pg_toast_2618,0,0,1,3,0,0,0,0,0
1788911176.438178,6228,pg_toast,pg_toast_6106,0,0,0,0,0,0,0,0,0
1788911176.438178,1985349,pg_toast,pg_toast_1985343,0,0,0,0,0,0,0,0,0
1788911176.438178,1985434,public,company_competitor,0,0,0,0,0,0,0,0,0
1788911176.438178,1985370,pg_toast,pg_toast_1985363,0,0,0,0,0,0,0,0,0
1788911176.438178,1985505,pg_toast,pg_toast_1985496,0,0,0,0,0,0,0,0,0
1788911176.438178,1985264,public,customer,0,0,0,0,0,0,0,0,0
1788911176.438178,3118,pg_catalog,pg_foreign_table,0,0,0,0,0,0,0,0,0
1788911176.438178,1259,pg_catalog,pg_class,1,523,12,12,0,0,0,0,0
1788911176.438178,3350,pg_catalog,pg_partitioned_table,0,0,0,0,0,0,0,0,0
1788911176.438178,4153,pg_toast,pg_toast_3118,0,0,0,0,0,0,0,0,0
1788911176.438178,4060,pg_toast,pg_toast_3592,0,0,0,0,0,0,0,0,0
1788911176.438178,1985543,public,status_type,0,0,0,0,0,0,0,0,0
1788911176.438178,4165,pg_toast,pg_toast_3350,0,0,0,0,0,0,0,0,0
1788911176.438178,1985402,public,trade_request,0,0,0,0,0,0,0,0,0
1788911176.438178,2753,pg_catalog,pg_opfamily,0,0,2,2,0,0,0,0,0
1788911176.438178,3601,pg_catalog,pg_ts_parser,0,0,0,0,0,0,0,0,0
1788911176.438178,6104,pg_catalog,pg_publication,0,0,0,0,0,0,0,0,0
1788911176.438178,13477,pg_toast,pg_toast_13474,0,0,0,0,0,0,0,0,0
1788911176.438178,3429,pg_catalog,pg_statistic_ext_data,0,0,0,0,0,0,0,0,0
1788911176.438178,2619,pg_catalog,pg_statistic,0,0,17,8,0,0,0,0,0
1788911176.438178,4155,pg_toast,pg_toast_3394,0,0,0,0,0,0,0,0,0
1788911176.438178,1985548,public,taxrate,0,0,0,0,0,0,0,0,0
1788911176.438178,3381,pg_catalog,pg_statistic_ext,0,0,3,0,0,0,0,0,0
1788911176.438178,6106,pg_catalog,pg_publication_rel,0,0,0,0,0,0,0,0,0
1788911176.438178,1985372,public,trade,0,0,0,0,0,0,0,0,0
1788911176.438178,2605,pg_catalog,pg_cast,0,0,34,7,0,0,0,0,0
1788911176.438178,4171,pg_toast,pg_toast_1247,0,0,0,0,0,0,0,0,0
1788911176.438178,2830,pg_toast,pg_toast_2604,0,0,0,0,0,0,0,0,0
1788911176.438178,1985309,public,holding_summary,0,0,0,0,0,0,0,0,0
1788911176.438178,1985413,pg_toast,pg_toast_1985402,0,0,0,0,0,0,0,0,0
1788911176.438178,13479,information_schema,sql_implementation_info,0,0,,,0,0,0,0,0
1788911176.438178,1985341,pg_toast,pg_toast_1985335,0,0,0,0,0,0,0,0,0
1788911176.438178,6244,pg_toast,pg_toast_6243,0,0,0,0,0,0,0,0,0
1788911176.438178,1985315,public,watch_item,0,0,0,0,0,0,0,0,0
1788911176.438178,3430,pg_toast,pg_toast_3429,0,0,0,0,0,0,0,0,0
1788911176.438178,1985320,public,watch_list,0,0,0,0,0,0,0,0,0
1788911236.555542,1985536,pg_toast,pg_toast_1985517,0,0,0,0,0,0,0,0,0
1788911236.555542,3576,pg_catalog,pg_transform,0,0,0,0,0,0,0,0,0
1788911236.555542,2601,pg_catalog,pg_am,0,0,0,0,0,0,0,0,0
1788911236.555542,1985363,public,settlement,0,0,0,0,0,0,0,0,0
1788911236.555542,3394,pg_catalog,pg_init_privs,0,0,0,0,0,0,0,0,0
1788911236.555542,4167,pg_toast,pg_toast_3256,0,0,0,0,0,0,0,0,0
1788911236.555542,4151,pg_toast,pg_toast_1417,0,0,0,0,0,0,0,0,0
1788911236.555542,2834,pg_toast,pg_toast_2609,0,0,0,0,0,0,0,0,0
1788911236.555542,6000,pg_catalog,pg_replication_origin,0,0,0,0,0,0,0,0,0
1788911236.555542,2840,pg_toast,pg_toast_2619,0,0,0,0,0,0,0,0,0
1788911236.555542,1985486,public,last_trade,0,0,0,0,0,0,0,0,0
1788911236.555542,2328,pg_catalog,pg_foreign_data_wrapper,0,0,0,0,0,0,0,0,0
1788911236.555542,4157,pg_toast,pg_toast_2612,0,0,0,0,0,0,0,0,0
1788911236.555542,1260,pg_catalog,pg_authid,0,0,0,0,0,0,0,0,0
1788911236.555542,6102,pg_catalog,pg_subscription_rel,0,0,0,0,0,0,0,0,0
1788911236.555542,1214,pg_catalog,pg_shdepend,0,0,0,0,0,0,0,0,0
1788911236.555542,4163,pg_toast,pg_toast_2615,0,0,0,0,0,0,0,0,0
1788911236.555542,1985343,public,charge,0,0,0,0,0,0,0,0,0
1788911236.555542,1985440,public,daily_market,0,0,0,0,0,0,0,0,0
1788911236.555542,1985422,public,company,0,0,0,0,0,0,0,0,0
1788911236.555542,4169,pg_toast,pg_toast_3600,0,0,0,0,0,0,0,0,0
1788911236.555542,2615,pg_catalog,pg_namespace,1,4,5,2,0,0,0,0,0
1788911236.555542,2396,pg_catalog,pg_shdescription,0,0,0,0,0,0,0,0,0
1788911236.555542,3600,pg_catalog,pg_ts_dict,0,0,0,0,0,0,0,0,0
1788911236.555542,1985325,public,broker,0,0,0,0,0,0,0,0,0
1788911236.555542,3596,pg_catalog,pg_seclabel,0,0,0,0,0,0,0,0,0
1788911236.555542,1985460,public,financial,0,0,0,0,0,0,0,0,0
1788911236.555542,2609,pg_catalog,pg_description,0,0,0,0,0,0,0,0,0
1788911236.555542,1985351,public,commission_rate,0,0,0,0,0,0,0,0,0
1788911236.555542,13482,pg_toast,pg_toast_13479,0,0,0,0,0,0,0,0,0
1788911236.555542,1985396,public,trade_history,0,0,0,0,0,0,0,0,0
1788911236.555542,3603,pg_catalog,pg_ts_config_map,0,0,0,0,0,0,0,0,0
1788911236.555542,1213,pg_catalog,pg_tablespace,0,0,1,1,0,0,0,0,0
1788911236.555542,2608,pg_catalog,pg_depend,0,0,0,0,0,0,0,0,0
1788911236.555542,2964,pg_catalog,pg_db_role_setting,0,0,0,0,0,0,0,0,0
1788911236.555542,1985283,pg_toast,pg_toast_1985275,0,0,0,0,0,0,0,0,0
1788911236.555542,1418,pg_catalog,pg_user_mapping,0,0,0,0,0,0,0,0,0
1788911236.555542,2613,pg_catalog,pg_largeobject,0,0,0,0,0,0,0,0,0
1788911236.555542,6175,pg_toast,pg_toast_3456,0,0,0,0,0,0,0,0,0
1788911236.555542,1261,pg_catalog,pg_auth_members,0,0,0,0,0,0,0,0,0
1788911236.555542,1985335,public,cash_transaction,0,0,0,0,0,0,0,0,0
1788911236.555542,2617,pg_catalog,pg_operator,0,0,5,5,0,0,0,0,0
1788911236.555542,1985300,pg_toast,pg_toast_1985290,0,0,0,0,0,0,0,0,0
1788911236.555542,1985538,public,address,0,0,0,0,0,0,0,0,0
1788911236.555542,2610,pg_catalog,pg_index,1,221,11,14,0,0,0,0,0
1788911236.555542,1249,pg_catalog,pg_attribute,0,0,75,92,0,0,0,0,0
1788911236.555542,1985512,public,sector,0,0,0,0,0,0,0,0,0
1788911236.555542,1985415,public,trade_type,0,0,0,0,0,0,0,0,0
1788911236.555542,2600,pg_catalog,pg_aggregate,0,0,1,1,0,0,0,0,0
1788911236.555542,2966,pg_toast,pg_toast_2964,0,0,0,0,0,0,0,0,0
1788911236.555542,1985451,public,exchange,0,0,0,0,0,0,0,0,0
1788911236.555542,2618,pg_catalog,pg_rewrite,0,0,1,1,0,0,0,0,0
1788911236.555542,4177,pg_toast,pg_toast_1262,0,0,0,0,0,0,0,0,0
1788911236.555542,13484,information_schema,sql_parts,0,0,,,0,0,0,0,0
1788911236.555542,4159,pg_toast,pg_toast_2600,0,0,0,0,0,0,0,0,0
1788911236.555542,4147,pg_toast,pg_toast_3079,0,0,0,0,0,0,0,0,0
1788911236.555542,13474,information_schema,sql_features,0,0,,,0,0,0,0,0
1788911236.555542,1985394,pg_toast,pg_toast_1985372,0,0,0,0,0,0,0,0,0
1788911236.555542,1247,pg_catalog,pg_type,0,0,19,19,0,0,0,0,0
1788911236.555542,2602,pg_catalog,pg_amop,0,0,12,25,0,0,0,0,0
1788911236.555542,3439,pg_toast,pg_toast_3381,0,0,0,0,0,0,0,0,0
1788911236.555542,2846,pg_toast,pg_toast_2396,0,0,0,0,0,0,0,0,0
1788911236.555542,1985555,public,zip_code,0,0,0,0,0,0,0,0,0
1788911236.555542,1985478,pg_toast,pg_toast_1985460,0,0,0,0,0,0,0,0,0
1788911236.555542,4145,pg_toast,pg_toast_3466,0,0,0,0,0,0,0,0,0
1788911236.555542,3541,pg_catalog,pg_range,0,0,0,0,0,0,0,0,0
1788911236.555542,3602,pg_catalog,pg_ts_config,0,0,0,0,0,0,0,0,0
1788911236.555542,1985333,pg_toast,pg_toast_1985325,0,0,0,0,0,0,0,0,0
1788911236.555542,4183,pg_toast,pg_toast_6100,0,0,0,0,0,0,0,0,0
1788911236.555542,1985496,public,news_item,0,0,0,0,0,0,0,0,0
1788911236.555542,2224,pg_catalog,pg_sequence,0,0,0,0,0,0,0,0,0
1788911236.555542,2611,pg_catalog,pg_inherits,0,0,0,0,0,0,0,0,0
1788911236.555542,1417,pg_catalog,pg_foreign_server,0,0,0,0,0,0,0,0,0
1788911236.555542,1262,pg_catalog,pg_database,0,0,0,0,0,0,0,0,0
1788911236.555542,13492,pg_toast,pg_toast_13489,0,0,0,0,0,0,0,0,0
1788911236.555542,3501,pg_catalog,pg_enum,0,0,0,0,0,0,0,0,0
1788911236.555542,2607,pg_catalog,pg_conversion,0,0,0,0,0,0,0,0,0
1788911236.555542,1985449,pg_toast,pg_toast_1985440,0,0,0,0,0,0,0,0,0
1788911236.555542,826,pg_catalog,pg_default_acl,0,0,0,0,0,0,0,0,0
1788911236.555542,2604,pg_catalog,pg_attrdef,0,0,0,0,0,0,0,0,0
1788911236.555542,2336,pg_toast,pg_toast_2620,0,0,0,0,0,0,0,0,0
1788911236.555542,2603,pg_catalog,pg_amproc,0,0,5,11,0,0,0,0,0
1788911236.555542,2606,pg_catalog,pg_constraint,0,0,3,8,0,0,0,0,0
1788911236.555542,1255,pg_catalog,pg_proc,0,0,19,24,0,0,0,0,0
1788911236.555542,4173,pg_toast,pg_toast_1418,0,0,0,0,0,0,0,0,0
1788911236.555542,1985285,public,customer_taxrate,0,0,0,0,0,0,0,0,0
1788911236.555542,2620,pg_catalog,pg_trigger,0,0,0,0,0,0,0,0,0
1788911236.555542,1985256,public,account_permission,0,0,0,0,0,0,0,0,0
1788911236.555542,1985507,public,news_xref,0,0,0,0,0,0,0,0,0
1788911236.555542,1985480,public,industry,0,0,0,0,0,0,0,0,0
1788911236.555542,2612,pg_catalog,pg_language,0,0,0,0,0,0,0,0,0
1788911236.555542,4149,pg_toast,pg_toast_2328,0,0,0,0,0,0,0,0,0
1788911236.555542,6351,pg_toast,pg_toast_2610,0,0,0,0,0,0,0,0,0
1788911236.555542,13489,information_schema,sql_sizing,0,0,,,0,0,0,0,0
1788911236.555542,1985494,pg_toast,pg_toast_1985486,0,0,0,0,0,0,0,0,0
1788911236.555542,3598,pg_toast,pg_toast_3596,0,0,0,0,0,0,0,0,0
1788911236.555542,2836,pg_toast,pg_toast_1255,0,0,0,0,0,0,0,0,0
1788911236.555542,3456,pg_catalog,pg_collation,0,0,0,0,0,0,0,0,0
1788911236.555542,3079,pg_catalog,pg_extension,0,0,0,0,0,0,0,0,0
1788911236.555542,6100,pg_catalog,pg_subscription,0,0,0,0,0,0,0,0,0
1788911236.555542,2832,pg_toast,pg_toast_2606,0,0,0,0,0,0,0,0,0
1788911236.555542,3256,pg_catalog,pg_policy,0,0,0,0,0,0,0,0,0
1788911236.555542,1985302,public,holding_history,0,0,0,0,0,0,0,0,0
1788911236.555542,1985517,public,security,0,0,0,0,0,0,0,0,0
1788911236.555542,3466,pg_catalog,pg_event_trigger,0,0,0,0,0,0,0,0,0
1788911236.555542,3592,pg_catalog,pg_shseclabel,0,0,0,0,0,0,0,0,0
1788911236.555542,3764,pg_catalog,pg_ts_template,0,0,0,0,0,0,0,0,0
1788911236.555542,6237,pg_catalog,pg_publication_namespace,0,0,0,0,0,0,0,0,0
1788911236.555542,13487,pg_toast,pg_toast_13484,0,0,0,0,0,0,0,0,0
1788911236.555542,2995,pg_catalog,pg_largeobject_metadata,0,0,0,0,0,0,0,0,0
1788911236.555542,1985275,public,customer_account,0,0,0,0,0,0,0,0,0
1788911236.555542,4143,pg_toast,pg_toast_826,0,0,0,0,0,0,0,0,0
1788911236.555542,4185,pg_toast,pg_toast_1213,0,0,0,0,0,0,0,0,0
1788911236.555542,6243,pg_catalog,pg_parameter_acl,0,0,0,0,0,0,0,0,0
1788911236.555542,2616,pg_catalog,pg_opclass,0,0,8,134,0,0,0,0,0
1788911236.555542,1985290,public,holding,0,0,0,0,0,0,0,0,0
1788911236.555542,2838,pg_toast,pg_toast_2618,0,0,1,3,0,0,0,0,0
1788911236.555542,6228,pg_toast,pg_toast_6106,0,0,0,0,0,0,0,0,0
1788911236.555542,1985349,pg_toast,pg_toast_1985343,0,0,0,0,0,0,0,0,0
1788911236.555542,1985434,public,company_competitor,0,0,0,0,0,0,0,0,0
1788911236.555542,1985370,pg_toast,pg_toast_1985363,0,0,0,0,0,0,0,0,0
1788911236.555542,1985505,pg_toast,pg_toast_1985496,0,0,0,0,0,0,0,0,0
1788911236.555542,1985264,public,customer,0,0,0,0,0,0,0,0,0
1788911236.555542,3118,pg_catalog,pg_foreign_table,0,0,0,0,0,0,0,0,0
1788911236.555542,1259,pg_catalog,pg_class,1,523,12,12,0,0,0,0,0
1788911236.555542,3350,pg_catalog,pg_partitioned_table,0,0,0,0,0,0,0,0,0
1788911236.555542,4153,pg_toast,pg_toast_3118,0,0,0,0,0,0,0,0,0
1788911236.555542,4060,pg_toast,pg_toast_3592,0,0,0,0,0,0,0,0,0
1788911236.555542,1985543,public,status_type,0,0,0,0,0,0,0,0,0
1788911236.555542,4165,pg_toast,pg_toast_3350,0,0,0,0,0,0,0,0,0
1788911236.555542,1985402,public,trade_request,0,0,0,0,0,0,0,0,0
1788911236.555542,2753,pg_catalog,pg_opfamily,0,0,2,2,0,0,0,0,0
1788911236.555542,3601,pg_catalog,pg_ts_parser,0,0,0,0,0,0,0,0,0
1788911236.555542,6104,pg_catalog,pg_publication,0,0,0,0,0,0,0,0,0
1788911236.555542,13477,pg_toast,pg_toast_13474,0,0,0,0,0,0,0,0,0
1788911236.555542,3429,pg_catalog,pg_statistic_ext_data,0,0,0,0,0,0,0,0,0
1788911236.555542,2619,pg_catalog,pg_statistic,0,0,17,8,0,0,0,0,0
1788911236.555542,4155,pg_toast,pg_toast_3394,0,0,0,0,0,0,0,0,0
1788911236.555542,1985548,public,taxrate,0,0,0,0,0,0,0,0,0
1788911236.555542,3381,pg_catalog,pg_statistic_ext,0,0,3,0,0,0,0,0,0
1788911236.555542,6106,pg_catalog,pg_publication_rel,0,0,0,0,0,0,0,0,0
1788911236.555542,1985372,public,trade,0,0,0,0,0,0,0,0,0
1788911236.555542,2605,pg_catalog,pg_cast,0,0,34,7,0,0,0,0,0
1788911236.555542,4171,pg_toast,pg_toast_1247,0,0,0,0,0,0,0,0,0
1788911236.555542,2830,pg_toast,pg_toast_2604,0,0,0,0,0,0,0,0,0
1788911236.555542,1985309,public,holding_summary,0,0,0,0,0,0,0,0,0
1788911236.555542,1985413,pg_toast,pg_toast_1985402,0,0,0,0,0,0,0,0,0
1788911236.555542,13479,information_schema,sql_implementation_info,0,0,,,0,0,0,0,0
1788911236.555542,1985341,pg_toast,pg_toast_1985335,0,0,0,0,0,0,0,0,0
1788911236.555542,6244,pg_toast,pg_toast_6243,0,0,0,0,0,0,0,0,0
1788911236.555542,1985315,public,watch_item,0,0,0,0,0,0,0,0,0
1788911236.555542,3430,pg_toast,pg_toast_3429,0,0,0,0,0,0,0,0,0
1788911236.555542,1985320,public,watch_list,0,0,0,0,0,0,0,0,0
1788911296.715650,1985536,pg_toast,pg_toast_1985517,0,0,0,0,0,0,0,0,0
1788911296.715650,3576,pg_catalog,pg_transform,0,0,0,0,0,0,0,0,0
1788911296.715650,2601,pg_catalog,pg_am,0,0,0,0,0,0,0,0,0
1788911296.715650,1985363,public,settlement,0,0,0,0,0,0,0,0,0
1788911296.715650,3394,pg_catalog,pg_init_privs,0,0,0,0,0,0,0,0,0
1788911296.715650,4167,pg_toast,pg_toast_3256,0,0,0,0,0,0,0,0,0
1788911296.715650,4151,pg_toast,pg_toast_1417,0,0,0,0,0,0,0,0,0
1788911296.715650,2834,pg_toast,pg_toast_2609,0,0,0,0,0,0,0,0,0
1788911296.715650,6000,pg_catalog,pg_replication_origin,0,0,0,0,0,0,0,0,0
1788911296.715650,2840,pg_toast,pg_toast_2619,0,0,0,0,0,0,0,0,0
1788911296.715650,1985486,public,last_trade,0,0,0,0,0,0,0,0,0
1788911296.715650,2328,pg_catalog,pg_foreign_data_wrapper,0,0,0,0,0,0,0,0,0
1788911296.715650,4157,pg_toast,pg_toast_2612,0,0,0,0,0,0,0,0,0
1788911296.715650,1260,pg_catalog,pg_authid,0,0,0,0,0,0,0,0,0
1788911296.715650,6102,pg_catalog,pg_subscription_rel,0,0,0,0,0,0,0,0,0
1788911296.715650,1214,pg_catalog,pg_shdepend,0,0,0,0,0,0,0,0,0
1788911296.715650,4163,pg_toast,pg_toast_2615,0,0,0,0,0,0,0,0,0
1788911296.715650,1985343,public,charge,0,0,0,0,0,0,0,0,0
1788911296.715650,1985440,public,daily_market,0,0,0,0,0,0,0,0,0
1788911296.715650,1985422,public,company,0,0,0,0,0,0,0,0,0
1788911296.715650,4169,pg_toast,pg_toast_3600,0,0,0,0,0,0,0,0,0
1788911296.715650,2615,pg_catalog,pg_namespace,1,4,5,2,0,0,0,0,0
1788911296.715650,2396,pg_catalog,pg_shdescription,0,0,0,0,0,0,0,0,0
1788911296.715650,3600,pg_catalog,pg_ts_dict,0,0,0,0,0,0,0,0,0
1788911296.715650,1985325,public,broker,0,0,0,0,0,0,0,0,0
1788911296.715650,3596,pg_catalog,pg_seclabel,0,0,0,0,0,0,0,0,0
1788911296.715650,1985460,public,financial,0,0,0,0,0,0,0,0,0
1788911296.715650,2609,pg_catalog,pg_description,0,0,0,0,0,0,0,0,0
1788911296.715650,1985351,public,commission_rate,0,0,0,0,0,0,0,0,0
1788911296.715650,13482,pg_toast,pg_toast_13479,0,0,0,0,0,0,0,0,0
1788911296.715650,1985396,public,trade_history,0,0,0,0,0,0,0,0,0
1788911296.715650,3603,pg_catalog,pg_ts_config_map,0,0,0,0,0,0,0,0,0
1788911296.715650,1213,pg_catalog,pg_tablespace,0,0,1,1,0,0,0,0,0
1788911296.715650,2608,pg_catalog,pg_depend,0,0,0,0,0,0,0,0,0
1788911296.715650,2964,pg_catalog,pg_db_role_setting,0,0,0,0,0,0,0,0,0
1788911296.715650,1985283,pg_toast,pg_toast_1985275,0,0,0,0,0,0,0,0,0
1788911296.715650,1418,pg_catalog,pg_user_mapping,0,0,0,0,0,0,0,0,0
1788911296.715650,2613,pg_catalog,pg_largeobject,0,0,0,0,0,0,0,0,0
1788911296.715650,6175,pg_toast,pg_toast_3456,0,0,0,0,0,0,0,0,0
1788911296.715650,1261,pg_catalog,pg_auth_members,0,0,0,0,0,0,0,0,0
1788911296.715650,1985335,public,cash_transaction,0,0,0,0,0,0,0,0,0
1788911296.715650,2617,pg_catalog,pg_operator,0,0,5,5,0,0,0,0,0
1788911296.715650,1985300,pg_toast,pg_toast_1985290,0,0,0,0,0,0,0,0,0
1788911296.715650,1985538,public,address,0,0,0,0,0,0,0,0,0
1788911296.715650,2610,pg_catalog,pg_index,1,221,11,14,0,0,0,0,0
1788911296.715650,1249,pg_catalog,pg_attribute,0,0,75,92,0,0,0,0,0
1788911296.715650,1985512,public,sector,0,0,0,0,0,0,0,0,0
1788911296.715650,1985415,public,trade_type,0,0,0,0,0,0,0,0,0
1788911296.715650,2600,pg_catalog,pg_aggregate,0,0,1,1,0,0,0,0,0
1788911296.715650,2966,pg_toast,pg_toast_2964,0,0,0,0,0,0,0,0,0
1788911296.715650,1985451,public,exchange,0,0,0,0,0,0,0,0,0
1788911296.715650,2618,pg_catalog,pg_rewrite,0,0,1,1,0,0,0,0,0
1788911296.715650,4177,pg_toast,pg_toast_1262,0,0,0,0,0,0,0,0,0
1788911296.715650,13484,information_schema,sql_parts,0,0,,,0,0,0,0,0
1788911296.715650,4159,pg_toast,pg_toast_2600,0,0,0,0,0,0,0,0,0
1788911296.715650,4147,pg_toast,pg_toast_3079,0,0,0,0,0,0,0,0,0
1788911296.715650,13474,information_schema,sql_features,0,0,,,0,0,0,0,0
1788911296.715650,1985394,pg_toast,pg_toast_1985372,0,0,0,0,0,0,0,0,0
1788911296.715650,1247,pg_catalog,pg_type,0,0,19,19,0,0,0,0,0
1788911296.715650,2602,pg_catalog,pg_amop,0,0,12,25,0,0,0,0,0
1788911296.715650,3439,pg_toast,pg_toast_3381,0,0,0,0,0,0,0,0,0
1788911296.715650,2846,pg_toast,pg_toast_2396,0,0,0,0,0,0,0,0,0
1788911296.715650,1985555,public,zip_code,0,0,0,0,0,0,0,0,0
1788911296.715650,1985478,pg_toast,pg_toast_1985460,0,0,0,0,0,0,0,0,0
1788911296.715650,4145,pg_toast,pg_toast_3466,0,0,0,0,0,0,0,0,0
1788911296.715650,3541,pg_catalog,pg_range,0,0,0,0,0,0,0,0,0
1788911296.715650,3602,pg_catalog,pg_ts_config,0,0,0,0,0,0,0,0,0
1788911296.715650,1985333,pg_toast,pg_toast_1985325,0,0,0,0,0,0,0,0,0
1788911296.715650,4183,pg_toast,pg_toast_6100,0,0,0,0,0,0,0,0,0
1788911296.715650,1985496,public,news_item,0,0,0,0,0,0,0,0,0
1788911296.715650,2224,pg_catalog,pg_sequence,0,0,0,0,0,0,0,0,0
1788911296.715650,2611,pg_catalog,pg_inherits,0,0,0,0,0,0,0,0,0
1788911296.715650,1417,pg_catalog,pg_foreign_server,0,0,0,0,0,0,0,0,0
1788911296.715650,1262,pg_catalog,pg_database,0,0,0,0,0,0,0,0,0
1788911296.715650,13492,pg_toast,pg_toast_13489,0,0,0,0,0,0,0,0,0
1788911296.715650,3501,pg_catalog,pg_enum,0,0,0,0,0,0,0,0,0
1788911296.715650,2607,pg_catalog,pg_conversion,0,0,0,0,0,0,0,0,0
1788911296.715650,1985449,pg_toast,pg_toast_1985440,0,0,0,0,0,0,0,0,0
1788911296.715650,826,pg_catalog,pg_default_acl,0,0,0,0,0,0,0,0,0
1788911296.715650,2604,pg_catalog,pg_attrdef,0,0,0,0,0,0,0,0,0
1788911296.715650,2336,pg_toast,pg_toast_2620,0,0,0,0,0,0,0,0,0
1788911296.715650,2603,pg_catalog,pg_amproc,0,0,5,11,0,0,0,0,0
1788911296.715650,2606,pg_catalog,pg_constraint,0,0,3,8,0,0,0,0,0
1788911296.715650,1255,pg_catalog,pg_proc,0,0,19,24,0,0,0,0,0
1788911296.715650,4173,pg_toast,pg_toast_1418,0,0,0,0,0,0,0,0,0
1788911296.715650,1985285,public,customer_taxrate,0,0,0,0,0,0,0,0,0
1788911296.715650,2620,pg_catalog,pg_trigger,0,0,0,0,0,0,0,0,0
1788911296.715650,1985256,public,account_permission,0,0,0,0,0,0,0,0,0
1788911296.715650,1985507,public,news_xref,0,0,0,0,0,0,0,0,0
1788911296.715650,1985480,public,industry,0,0,0,0,0,0,0,0,0
1788911296.715650,2612,pg_catalog,pg_language,0,0,0,0,0,0,0,0,0
1788911296.715650,4149,pg_toast,pg_toast_2328,0,0,0,0,0,0,0,0,0
1788911296.715650,6351,pg_toast,pg_toast_2610,0,0,0,0,0,0,0,0,0
1788911296.715650,13489,information_schema,sql_sizing,0,0,,,0,0,0,0,0
1788911296.715650,1985494,pg_toast,pg_toast_1985486,0,0,0,0,0,0,0,0,0
1788911296.715650,3598,pg_toast,pg_toast_3596,0,0,0,0,0,0,0,0,0
1788911296.715650,2836,pg_toast,pg_toast_1255,0,0,0,0,0,0,0,0,0
1788911296.715650,3456,pg_catalog,pg_collation,0,0,0,0,0,0,0,0,0
1788911296.715650,3079,pg_catalog,pg_extension,0,0,0,0,0,0,0,0,0
1788911296.715650,6100,pg_catalog,pg_subscription,0,0,0,0,0,0,0,0,0
1788911296.715650,2832,pg_toast,pg_toast_2606,0,0,0,0,0,0,0,0,0
1788911296.715650,3256,pg_catalog,pg_policy,0,0,0,0,0,0,0,0,0
1788911296.715650,1985302,public,holding_history,0,0,0,0,0,0,0,0,0
1788911296.715650,1985517,public,security,0,0,0,0,0,0,0,0,0
1788911296.715650,3466,pg_catalog,pg_event_trigger,0,0,0,0,0,0,0,0,0
1788911296.715650,3592,pg_catalog,pg_shseclabel,0,0,0,0,0,0,0,0,0
1788911296.715650,3764,pg_catalog,pg_ts_template,0,0,0,0,0,0,0,0,0
1788911296.715650,6237,pg_catalog,pg_publication_namespace,0,0,0,0,0,0,0,0,0
1788911296.715650,13487,pg_toast,pg_toast_13484,0,0,0,0,0,0,0,0,0
1788911296.715650,2995,pg_catalog,pg_largeobject_metadata,0,0,0,0,0,0,0,0,0
1788911296.715650,1985275,public,customer_account,0,0,0,0,0,0,0,0,0
1788911296.715650,4143,pg_toast,pg_toast_826,0,0,0,0,0,0,0,0,0
1788911296.715650,4185,pg_toast,pg_toast_1213,0,0,0,0,0,0,0,0,0
1788911296.715650,6243,pg_catalog,pg_parameter_acl,0,0,0,0,0,0,0,0,0
1788911296.715650,2616,pg_catalog,pg_opclass,0,0,8,134,0,0,0,0,0
1788911296.715650,1985290,public,holding,0,0,0,0,0,0,0,0,0
1788911296.715650,2838,pg_toast,pg_toast_2618,0,0,1,3,0,0,0,0,0
1788911296.715650,6228,pg_toast,pg_toast_6106,0,0,0,0,0,0,0,0,0
1788911296.715650,1985349,pg_toast,pg_toast_1985343,0,0,0,0,0,0,0,0,0
1788911296.715650,1985434,public,company_competitor,0,0,0,0,0,0,0,0,0
1788911296.715650,1985370,pg_toast,pg_toast_1985363,0,0,0,0,0,0,0,0,0
1788911296.715650,1985505,pg_toast,pg_toast_1985496,0,0,0,0,0,0,0,0,0
1788911296.715650,1985264,public,customer,0,0,0,0,0,0,0,0,0
1788911296.715650,3118,pg_catalog,pg_foreign_table,0,0,0,0,0,0,0,0,0
1788911296.715650,1259,pg_catalog,pg_class,1,523,12,12,0,0,0,0,0
1788911296.715650,3350,pg_catalog,pg_partitioned_table,0,0,0,0,0,0,0,0,0
1788911296.715650,4153,pg_toast,pg_toast_3118,0,0,0,0,0,0,0,0,0
1788911296.715650,4060,pg_toast,pg_toast_3592,0,0,0,0,0,0,0,0,0
1788911296.715650,1985543,public,status_type,0,0,0,0,0,0,0,0,0
1788911296.715650,4165,pg_toast,pg_toast_3350,0,0,0,0,0,0,0,0,0
1788911296.715650,1985402,public,trade_request,0,0,0,0,0,0,0,0,0
1788911296.715650,2753,pg_catalog,pg_opfamily,0,0,2,2,0,0,0,0,0
1788911296.715650,3601,pg_catalog,pg_ts_parser,0,0,0,0,0,0,0,0,0
1788911296.715650,6104,pg_catalog,pg_publication,0,0,0,0,0,0,0,0,0
1788911296.715650,13477,pg_toast,pg_toast_13474,0,0,0,0,0,0,0,0,0
1788911296.715650,3429,pg_catalog,pg_statistic_ext_data,0,0,0,0,0,0,0,0,0
1788911296.715650,2619,pg_catalog,pg_statistic,0,0,17,8,0,0,0,0,0
1788911296.715650,4155,pg_toast,pg_toast_3394,0,0,0,0,0,0,0,0,0
1788911296.715650,1985548,public,taxrate,0,0,0,0,0,0,0,0,0
1788911296.715650,3381,pg_catalog,pg_statistic_ext,0,0,3,0,0,0,0,0,0
1788911296.715650,6106,pg_catalog,pg_publication_rel,0,0,0,0,0,0,0,0,0
1788911296.715650,1985372,public,trade,0,0,0,0,0,0,0,0,0
1788911296.715650,2605,pg_catalog,pg_cast,0,0,34,7,0,0,0,0,0
1788911296.715650,4171,pg_toast,pg_toast_1247,0,0,0,0,0,0,0,0,0
1788911296.715650,2830,pg_toast,pg_toast_2604,0,0,0,0,0,0,0,0,0
1788911296.715650,1985309,public,holding_summary,0,0,0,0,0,0,0,0,0
1788911296.715650,1985413,pg_toast,pg_toast_1985402,0,0,0,0,0,0,0,0,0
1788911296.715650,13479,information_schema,sql_implementation_info,0,0,,,0,0,0,0,0
1788911296.715650,1985341,pg_toast,pg_toast_1985335,0,0,0,0,0,0,0,0,0
1788911296.715650,6244,pg_toast,pg_toast_6243,0,0,0,0,0,0,0,0,0
1788911296.715650,1985315,public,watch_item,0,0,0,0,0,0,0,0,0
1788911296.715650,3430,pg_toast,pg_toast_3429,0,0,0,0,0,0,0,0,0
1788911296.715650,1985320,public,watch_list,0,0,0,0,0,0,0,0,0
1788911356.844230,1985536,pg_toast,pg_toast_1985517,0,0,0,0,0,0,0,0,0
1788911356.844230,3576,pg_catalog,pg_transform,0,0,0,0,0,0,0,0,0
1788911356.844230,2601,pg_catalog,pg_am,0,0,0,0,0,0,0,0,0
1788911356.844230,1985363,public,settlement,0,0,0,0,0,0,0,0,0
1788911356.844230,3394,pg_catalog,pg_init_privs,0,0,0,0,0,0,0,0,0
1788911356.844230,4167,pg_toast,pg_toast_3256,0,0,0,0,0,0,0,0,0
1788911356.844230,4151,pg_toast,pg_toast_1417,0,0,0,0,0,0,0,0,0
1788911356.844230,2834,pg_toast,pg_toast_2609,0,0,0,0,0,0,0,0,0
1788911356.844230,6000,pg_catalog,pg_replication_origin,0,0,0,0,0,0,0,0,0
1788911356.844230,2840,pg_toast,pg_toast_2619,0,0,0,0,0,0,0,0,0
1788911356.844230,1985486,public,last_trade,0,0,0,0,0,0,0,0,0
1788911356.844230,2328,pg_catalog,pg_foreign_data_wrapper,0,0,0,0,0,0,0,0,0
1788911356.844230,4157,pg_toast,pg_toast_2612,0,0,0,0,0,0,0,0,0
1788911356.844230,1260,pg_catalog,pg_authid,0,0,0,0,0,0,0,0,0
1788911356.844230,6102,pg_catalog,pg_subscription_rel,0,0,0,0,0,0,0,0,0
1788911356.844230,1214,pg_catalog,pg_shdepend,0,0,0,0,0,0,0,0,0
1788911356.844230,4163,pg_toast,pg_toast_2615,0,0,0,0,0,0,0,0,0
1788911356.844230,1985343,public,charge,0,0,0,0,0,0,0,0,0
1788911356.844230,1985440,public,daily_market,0,0,0,0,0,0,0,0,0
1788911356.844230,1985422,public,company,0,0,0,0,0,0,0,0,0
1788911356.844230,4169,pg_toast,pg_toast_3600,0,0,0,0,0,0,0,0,0
1788911356.844230,2615,pg_catalog,pg_namespace,1,4,5,2,0,0,0,0,0
1788911356.844230,2396,pg_catalog,pg_shdescription,0,0,0,0,0,0,0,0,0
1788911356.844230,3600,pg_catalog,pg_ts_dict,0,0,0,0,0,0,0,0,0
1788911356.844230,1985325,public,broker,0,0,0,0,0,0,0,0,0
1788911356.844230,3596,pg_catalog,pg_seclabel,0,0,0,0,0,0,0,0,0
1788911356.844230,1985460,public,financial,0,0,0,0,0,0,0,0,0
1788911356.844230,2609,pg_catalog,pg_description,0,0,0,0,0,0,0,0,0
1788911356.844230,1985351,public,commission_rate,0,0,0,0,0,0,0,0,0
1788911356.844230,13482,pg_toast,pg_toast_13479,0,0,0,0,0,0,0,0,0
1788911356.844230,1985396,public,trade_history,0,0,0,0,0,0,0,0,0
1788911356.844230,3603,pg_catalog,pg_ts_config_map,0,0,0,0,0,0,0,0,0
1788911356.844230,1213,pg_catalog,pg_tablespace,0,0,1,1,0,0,0,0,0
1788911356.844230,2608,pg_catalog,pg_depend,0,0,0,0,0,0,0,0,0
1788911356.844230,2964,pg_catalog,pg_db_role_setting,0,0,0,0,0,0,0,0,0
1788911356.844230,1985283,pg_toast,pg_toast_1985275,0,0,0,0,0,0,0,0,0
1788911356.844230,1418,pg_catalog,pg_user_mapping,0,0,0,0,0,0,0,0,0
1788911356.844230,2613,pg_catalog,pg_largeobject,0,0,0,0,0,0,0,0,0
1788911356.844230,6175,pg_toast,pg_toast_3456,0,0,0,0,0,0,0,0,0
1788911356.844230,1261,pg_catalog,pg_auth_members,0,0,0,0,0,0,0,0,0
1788911356.844230,1985335,public,cash_transaction,0,0,0,0,0,0,0,0,0
1788911356.844230,2617,pg_catalog,pg_operator,0,0,5,5,0,0,0,0,0
1788911356.844230,1985300,pg_toast,pg_toast_1985290,0,0,0,0,0,0,0,0,0
1788911356.844230,1985538,public,address,0,0,0,0,0,0,0,0,0
1788911356.844230,2610,pg_catalog,pg_index,1,221,11,14,0,0,0,0,0
1788911356.844230,1249,pg_catalog,pg_attribute,0,0,75,92,0,0,0,0,0
1788911356.844230,1985512,public,sector,0,0,0,0,0,0,0,0,0
1788911356.844230,1985415,public,trade_type,0,0,0,0,0,0,0,0,0
1788911356.844230,2600,pg_catalog,pg_aggregate,0,0,1,1,0,0,0,0,0
1788911356.844230,2966,pg_toast,pg_toast_2964,0,0,0,0,0,0,0,0,0
1788911356.844230,1985451,public,exchange,0,0,0,0,0,0,0,0,0
1788911356.844230,2618,pg_catalog,pg_rewrite,0,0,1,1,0,0,0,0,0
1788911356.844230,4177,pg_toast,pg_toast_1262,0,0,0,0,0,0,0,0,0
1788911356.844230,13484,information_schema,sql_parts,0,0,,,0,0,0,0,0
1788911356.844230,4159,pg_toast,pg_toast_2600,0,0,0,0,0,0,0,0,0
1788911356.844230,4147,pg_toast,pg_toast_3079,0,0,0,0,0,0,0,0,0
1788911356.844230,13474,information_schema,sql_features,0,0,,,0,0,0,0,0
1788911356.844230,1985394,pg_toast,pg_toast_1985372,0,0,0,0,0,0,0,0,0
1788911356.844230,1247,pg_catalog,pg_type,0,0,19,19,0,0,0,0,0
1788911356.844230,2602,pg_catalog,pg_amop,0,0,12,25,0,0,0,0,0
1788911356.844230,3439,pg_toast,pg_toast_3381,0,0,0,0,0,0,0,0,0
1788911356.844230,2846,pg_toast,pg_toast_2396,0,0,0,0,0,0,0,0,0
1788911356.844230,1985555,public,zip_code,0,0,0,0,0,0,0,0,0
1788911356.844230,1985478,pg_toast,pg_toast_1985460,0,0,0,0,0,0,0,0,0
1788911356.844230,4145,pg_toast,pg_toast_3466,0,0,0,0,0,0,0,0,0
1788911356.844230,3541,pg_catalog,pg_range,0,0,0,0,0,0,0,0,0
1788911356.844230,3602,pg_catalog,pg_ts_config,0,0,0,0,0,0,0,0,0
1788911356.844230,1985333,pg_toast,pg_toast_1985325,0,0,0,0,0,0,0,0,0
1788911356.844230,4183,pg_toast,pg_toast_6100,0,0,0,0,0,0,0,0,0
1788911356.844230,1985496,public,news_item,0,0,0,0,0,0,0,0,0
1788911356.844230,2224,pg_catalog,pg_sequence,0,0,0,0,0,0,0,0,0
1788911356.844230,2611,pg_catalog,pg_inherits,0,0,0,0,0,0,0,0,0
1788911356.844230,1417,pg_catalog,pg_foreign_server,0,0,0,0,0,0,0,0,0
1788911356.844230,1262,pg_catalog,pg_database,0,0,0,0,0,0,0,0,0
1788911356.844230,13492,pg_toast,pg_toast_13489,0,0,0,0,0,0,0,0,0
1788911356.844230,3501,pg_catalog,pg_enum,0,0,0,0,0,0,0,0,0
1788911356.844230,2607,pg_catalog,pg_conversion,0,0,0,0,0,0,0,0,0
1788911356.844230,1985449,pg_toast,pg_toast_1985440,0,0,0,0,0,0,0,0,0
1788911356.844230,826,pg_catalog,pg_default_acl,0,0,0,0,0,0,0,0,0
1788911356.844230,2604,pg_catalog,pg_attrdef,0,0,0,0,0,0,0,0,0
1788911356.844230,2336,pg_toast,pg_toast_2620,0,0,0,0,0,0,0,0,0
1788911356.844230,2603,pg_catalog,pg_amproc,0,0,5,11,0,0,0,0,0
1788911356.844230,2606,pg_catalog,pg_constraint,0,0,3,8,0,0,0,0,0
1788911356.844230,1255,pg_catalog,pg_proc,0,0,19,24,0,0,0,0,0
1788911356.844230,4173,pg_toast,pg_toast_1418,0,0,0,0,0,0,0,0,0
1788911356.844230,1985285,public,customer_taxrate,0,0,0,0,0,0,0,0,0
1788911356.844230,2620,pg_catalog,pg_trigger,0,0,0,0,0,0,0,0,0
1788911356.844230,1985256,public,account_permission,0,0,0,0,0,0,0,0,0
1788911356.844230,1985507,public,news_xref,0,0,0,0,0,0,0,0,0
1788911356.844230,1985480,public,industry,0,0,0,0,0,0,0,0,0
1788911356.844230,2612,pg_catalog,pg_language,0,0,0,0,0,0,0,0,0
1788911356.844230,4149,pg_toast,pg_toast_2328,0,0,0,0,0,0,0,0,0
1788911356.844230,6351,pg_toast,pg_toast_2610,0,0,0,0,0,0,0,0,0
1788911356.844230,13489,information_schema,sql_sizing,0,0,,,0,0,0,0,0
1788911356.844230,1985494,pg_toast,pg_toast_1985486,0,0,0,0,0,0,0,0,0
1788911356.844230,3598,pg_toast,pg_toast_3596,0,0,0,0,0,0,0,0,0
1788911356.844230,2836,pg_toast,pg_toast_1255,0,0,0,0,0,0,0,0,0
1788911356.844230,3456,pg_catalog,pg_collation,0,0,0,0,0,0,0,0,0
1788911356.844230,3079,pg_catalog,pg_extension,0,0,0,0,0,0,0,0,0
1788911356.844230,6100,pg_catalog,pg_subscription,0,0,0,0,0,0,0,0,0
1788911356.844230,2832,pg_toast,pg_toast_2606,0,0,0,0,0,0,0,0,0
1788911356.844230,3256,pg_catalog,pg_policy,0,0,0,0,0,0,0,0,0
1788911356.844230,1985302,public,holding_history,0,0,0,0,0,0,0,0,0
1788911356.844230,1985517,public,security,0,0,0,0,0,0,0,0,0
1788911356.844230,3466,pg_catalog,pg_event_trigger,0,0,0,0,0,0,0,0,0
1788911356.844230,3592,pg_catalog,pg_shseclabel,0,0,0,0,0,0,0,0,0
1788911356.844230,3764,pg_catalog,pg_ts_template,0,0,0,0,0,0,0,0,0
1788911356.844230,6237,pg_catalog,pg_publication_namespace,0,0,0,0,0,0,0,0,0
1788911356.844230,13487,pg_toast,pg_toast_13484,0,0,0,0,0,0,0,0,0
1788911356.844230,2995,pg_catalog,pg_largeobject_metadata,0,0,0,0,0,0,0,0,0
1788911356.844230,1985275,public,customer_account,0,0,0,0,0,0,0,0,0
1788911356.844230,4143,pg_toast,pg_toast_826,0,0,0,0,0,0,0,0,0
1788911356.844230,4185,pg_toast,pg_toast_1213,0,0,0,0,0,0,0,0,0
1788911356.844230,6243,pg_catalog,pg_parameter_acl,0,0,0,0,0,0,0,0,0
1788911356.844230,2616,pg_catalog,pg_opclass,0,0,8,134,0,0,0,0,0
1788911356.844230,1985290,public,holding,0,0,0,0,0,0,0,0,0
1788911356.844230,2838,pg_toast,pg_toast_2618,0,0,1,3,0,0,0,0,0
1788911356.844230,6228,pg_toast,pg_toast_6106,0,0,0,0,0,0,0,0,0
1788911356.844230,1985349,pg_toast,pg_toast_1985343,0,0,0,0,0,0,0,0,0
1788911356.844230,1985434,public,company_competitor,0,0,0,0,0,0,0,0,0
1788911356.844230,1985370,pg_toast,pg_toast_1985363,0,0,0,0,0,0,0,0,0
1788911356.844230,1985505,pg_toast,pg_toast_1985496,0,0,0,0,0,0,0,0,0
1788911356.844230,1985264,public,customer,0,0,0,0,0,0,0,0,0
1788911356.844230,3118,pg_catalog,pg_foreign_table,0,0,0,0,0,0,0,0,0
1788911356.844230,1259,pg_catalog,pg_class,1,523,12,12,0,0,0,0,0
1788911356.844230,3350,pg_catalog,pg_partitioned_table,0,0,0,0,0,0,0,0,0
1788911356.844230,4153,pg_toast,pg_toast_3118,0,0,0,0,0,0,0,0,0
1788911356.844230,4060,pg_toast,pg_toast_3592,0,0,0,0,0,0,0,0,0
1788911356.844230,1985543,public,status_type,0,0,0,0,0,0,0,0,0
1788911356.844230,4165,pg_toast,pg_toast_3350,0,0,0,0,0,0,0,0,0
1788911356.844230,1985402,public,trade_request,0,0,0,0,0,0,0,0,0
1788911356.844230,2753,pg_catalog,pg_opfamily,0,0,2,2,0,0,0,0,0
1788911356.844230,3601,pg_catalog,pg_ts_parser,0,0,0,0,0,0,0,0,0
1788911356.844230,6104,pg_catalog,pg_publication,0,0,0,0,0,0,0,0,0
1788911356.844230,13477,pg_toast,pg_toast_13474,0,0,0,0,0,0,0,0,0
1788911356.844230,3429,pg_catalog,pg_statistic_ext_data,0,0,0,0,0,0,0,0,0
1788911356.844230,2619,pg_catalog,pg_statistic,0,0,17,8,0,0,0,0,0
1788911356.844230,4155,pg_toast,pg_toast_3394,0,0,0,0,0,0,0,0,0
1788911356.844230,1985548,public,taxrate,0,0,0,0,0,0,0,0,0
1788911356.844230,3381,pg_catalog,pg_statistic_ext,0,0,3,0,0,0,0,0,0
1788911356.844230,6106,pg_catalog,pg_publication_rel,0,0,0,0,0,0,0,0,0
1788911356.844230,1985372,public,trade,0,0,0,0,0,0,0,0,0
1788911356.844230,2605,pg_catalog,pg_cast,0,0,34,7,0,0,0,0,0
1788911356.844230,4171,pg_toast,pg_toast_1247,0,0,0,0,0,0,0,0,0
1788911356.844230,2830,pg_toast,pg_toast_2604,0,0,0,0,0,0,0,0,0
1788911356.844230,1985309,public,holding_summary,0,0,0,0,0,0,0,0,0
1788911356.844230,1985413,pg_toast,pg_toast_1985402,0,0,0,0,0,0,0,0,0
1788911356.844230,13479,information_schema,sql_implementation_info,0,0,,,0,0,0,0,0
1788911356.844230,1985341,pg_toast,pg_toast_1985335,0,0,0,0,0,0,0,0,0
1788911356.844230,6244,pg_toast,pg_toast_6243,0,0,0,0,0,0,0,0,0
1788911356.844230,1985315,public,watch_item,0,0,0,0,0,0,0,0,0
1788911356.844230,3430,pg_toast,pg_toast_3429,0,0,0,0,0,0,0,0,0
1788911356.844230,1985320,public,watch_list,0,0,0,0,0,0,0,0,0
1788911416.965935,1985536,pg_toast,pg_toast_1985517,0,0,0,0,0,0,0,0,0
1788911416.965935,3576,pg_catalog,pg_transform,0,0,0,0,0,0,0,0,0
1788911416.965935,2601,pg_catalog,pg_am,0,0,0,0,0,0,0,0,0
1788911416.965935,1985363,public,settlement,0,0,0,0,0,0,0,0,0
1788911416.965935,3394,pg_catalog,pg_init_privs,0,0,0,0,0,0,0,0,0
1788911416.965935,4167,pg_toast,pg_toast_3256,0,0,0,0,0,0,0,0,0
1788911416.965935,4151,pg_toast,pg_toast_1417,0,0,0,0,0,0,0,0,0
1788911416.965935,2834,pg_toast,pg_toast_2609,0,0,0,0,0,0,0,0,0
1788911416.965935,6000,pg_catalog,pg_replication_origin,0,0,0,0,0,0,0,0,0
1788911416.965935,2840,pg_toast,pg_toast_2619,0,0,0,0,0,0,0,0,0
1788911416.965935,1985486,public,last_trade,0,0,0,0,0,0,0,0,0
1788911416.965935,2328,pg_catalog,pg_foreign_data_wrapper,0,0,0,0,0,0,0,0,0
1788911416.965935,4157,pg_toast,pg_toast_2612,0,0,0,0,0,0,0,0,0
1788911416.965935,1260,pg_catalog,pg_authid,0,0,0,0,0,0,0,0,0
1788911416.965935,6102,pg_catalog,pg_subscription_rel,0,0,0,0,0,0,0,0,0
1788911416.965935,1214,pg_catalog,pg_shdepend,0,0,0,0,0,0,0,0,0
1788911416.965935,4163,pg_toast,pg_toast_2615,0,0,0,0,0,0,0,0,0
1788911416.965935,1985343,public,charge,0,0,0,0,0,0,0,0,0
1788911416.965935,1985440,public,daily_market,0,0,0,0,0,0,0,0,0
1788911416.965935,1985422,public,company,0,0,0,0,0,0,0,0,0
1788911416.965935,4169,pg_toast,pg_toast_3600,0,0,0,0,0,0,0,0,0
1788911416.965935,2615,pg_catalog,pg_namespace,1,4,5,2,0,0,0,0,0
1788911416.965935,2396,pg_catalog,pg_shdescription,0,0,0,0,0,0,0,0,0
1788911416.965935,3600,pg_catalog,pg_ts_dict,0,0,0,0,0,0,0,0,0
1788911416.965935,1985325,public,broker,0,0,0,0,0,0,0,0,0
1788911416.965935,3596,pg_catalog,pg_seclabel,0,0,0,0,0,0,0,0,0
1788911416.965935,1985460,public,financial,0,0,0,0,0,0,0,0,0
1788911416.965935,2609,pg_catalog,pg_description,0,0,0,0,0,0,0,0,0
1788911416.965935,1985351,public,commission_rate,0,0,0,0,0,0,0,0,0
1788911416.965935,13482,pg_toast,pg_toast_13479,0,0,0,0,0,0,0,0,0
1788911416.965935,1985396,public,trade_history,0,0,0,0,0,0,0,0,0
1788911416.965935,3603,pg_catalog,pg_ts_config_map,0,0,0,0,0,0,0,0,0
1788911416.965935,1213,pg_catalog,pg_tablespace,0,0,1,1,0,0,0,0,0
1788911416.965935,2608,pg_catalog,pg_depend,0,0,0,0,0,0,0,0,0
1788911416.965935,2964,pg_catalog,pg_db_role_setting,0,0,0,0,0,0,0,0,0
1788911416.965935,1985283,pg_toast,pg_toast_1985275,0,0,0,0,0,0,0,0,0
1788911416.965935,1418,pg_catalog,pg_user_mapping,0,0,0,0,0,0,0,0,0
1788911416.965935,2613,pg_catalog,pg_largeobject,0,0,0,0,0,0,0,0,0
1788911416.965935,6175,pg_toast,pg_toast_3456,0,0,0,0,0,0,0,0,0
1788911416.965935,1261,pg_catalog,pg_auth_members,0,0,0,0,0,0,0,0,0
1788911416.965935,1985335,public,cash_transaction,0,0,0,0,0,0,0,0,0
1788911416.965935,2617,pg_catalog,pg_operator,0,0,5,5,0,0,0,0,0
1788911416.965935,1985300,pg_toast,pg_toast_1985290,0,0,0,0,0,0,0,0,0
1788911416.965935,1985538,public,address,0,0,0,0,0,0,0,0,0
1788911416.965935,2610,pg_catalog,pg_index,1,221,11,14,0,0,0,0,0
1788911416.965935,1249,pg_catalog,pg_attribute,0,0,75,92,0,0,0,0,0
1788911416.965935,1985512,public,sector,0,0,0,0,0,0,0,0,0
1788911416.965935,1985415,public,trade_type,0,0,0,0,0,0,0,0,0
1788911416.965935,2600,pg_catalog,pg_aggregate,0,0,1,1,0,0,0,0,0
1788911416.965935,2966,pg_toast,pg_toast_2964,0,0,0,0,0,0,0,0,0
1788911416.965935,1985451,public,exchange,0,0,0,0,0,0,0,0,0
1788911416.965935,2618,pg_catalog,pg_rewrite,0,0,1,1,0,0,0,0,0
1788911416.965935,4177,pg_toast,pg_toast_1262,0,0,0,0,0,0,0,0,0
1788911416.965935,13484,information_schema,sql_parts,0,0,,,0,0,0,0,0
1788911416.965935,4159,pg_toast,pg_toast_2600,0,0,0,0,0,0,0,0,0
1788911416.965935,4147,pg_toast,pg_toast_3079,0,0,0,0,0,0,0,0,0
1788911416.965935,13474,information_schema,sql_features,0,0,,,0,0,0,0,0
1788911416.965935,1985394,pg_toast,pg_toast_1985372,0,0,0,0,0,0,0,0,0
1788911416.965935,1247,pg_catalog,pg_type,0,0,19,19,0,0,0,0,0
1788911416.965935,2602,pg_catalog,pg_amop,0,0,12,25,0,0,0,0,0
1788911416.965935,3439,pg_toast,pg_toast_3381,0,0,0,0,0,0,0,0,0
1788911416.965935,2846,pg_toast,pg_toast_2396,0,0,0,0,0,0,0,0,0
1788911416.965935,1985555,public,zip_code,0,0,0,0,0,0,0,0,0
1788911416.965935,1985478,pg_toast,pg_toast_1985460,0,0,0,0,0,0,0,0,0
1788911416.965935,4145,pg_toast,pg_toast_3466,0,0,0,0,0,0,0,0,0
1788911416.965935,3541,pg_catalog,pg_range,0,0,0,0,0,0,0,0,0
1788911416.965935,3602,pg_catalog,pg_ts_config,0,0,0,0,0,0,0,0,0
1788911416.965935,1985333,pg_toast,pg_toast_1985325,0,0,0,0,0,0,0,0,0
1788911416.965935,4183,pg_toast,pg_toast_6100,0,0,0,0,0,0,0,0,0
1788911416.965935,1985496,public,news_item,0,0,0,0,0,0,0,0,0
1788911416.965935,2224,pg_catalog,pg_sequence,0,0,0,0,0,0,0,0,0
1788911416.965935,2611,pg_catalog,pg_inherits,0,0,0,0,0,0,0,0,0
1788911416.965935,1417,pg_catalog,pg_foreign_server,0,0,0,0,0,0,0,0,0
1788911416.965935,1262,pg_catalog,pg_database,0,0,0,0,0,0,0,0,0
1788911416.965935,13492,pg_toast,pg_toast_13489,0,0,0,0,0,0,0,0,0
1788911416.965935,3501,pg_catalog,pg_enum,0,0,0,0,0,0,0,0,0
1788911416.965935,2607,pg_catalog,pg_conversion,0,0,0,0,0,0,0,0,0
1788911416.965935,1985449,pg_toast,pg_toast_1985440,0,0,0,0,0,0,0,0,0
1788911416.965935,826,pg_catalog,pg_default_acl,0,0,0,0,0,0,0,0,0
1788911416.965935,2604,pg_catalog,pg_attrdef,0,0,0,0,0,0,0,0,0
1788911416.965935,2336,pg_toast,pg_toast_2620,0,0,0,0,0,0,0,0,0
1788911416.965935,2603,pg_catalog,pg_amproc,0,0,5,11,0,0,0,0,0
1788911416.965935,2606,pg_catalog,pg_constraint,0,0,3,8,0,0,0,0,0
1788911416.965935,1255,pg_catalog,pg_proc,0,0,19,24,0,0,0,0,0
1788911416.965935,4173,pg_toast,pg_toast_1418,0,0,0,0,0,0,0,0,0
1788911416.965935,1985285,public,customer_taxrate,0,0,0,0,0,0,0,0,0
1788911416.965935,2620,pg_catalog,pg_trigger,0,0,0,0,0,0,0,0,0
1788911416.965935,1985256,public,account_permission,0,0,0,0,0,0,0,0,0
1788911416.965935,1985507,public,news_xref,0,0,0,0,0,0,0,0,0
1788911416.965935,1985480,public,industry,0,0,0,0,0,0,0,0,0
1788911416.965935,2612,pg_catalog,pg_language,0,0,0,0,0,0,0,0,0
1788911416.965935,4149,pg_toast,pg_toast_2328,0,0,0,0,0,0,0,0,0
1788911416.965935,6351,pg_toast,pg_toast_2610,0,0,0,0,0,0,0,0,0
1788911416.965935,13489,information_schema,sql_sizing,0,0,,,0,0,0,0,0
1788911416.965935,1985494,pg_toast,pg_toast_1985486,0,0,0,0,0,0,0,0,0
1788911416.965935,3598,pg_toast,pg_toast_3596,0,0,0,0,0,0,0,0,0
1788911416.965935,2836,pg_toast,pg_toast_1255,0,0,0,0,0,0,0,0,0
1788911416.965935,3456,pg_catalog,pg_collation,0,0,0,0,0,0,0,0,0
1788911416.965935,3079,pg_catalog,pg_extension,0,0,0,0,0,0,0,0,0
1788911416.965935,6100,pg_catalog,pg_subscription,0,0,0,0,0,0,0,0,0
1788911416.965935,2832,pg_toast,pg_toast_2606,0,0,0,0,0,0,0,0,0
1788911416.965935,3256,pg_catalog,pg_policy,0,0,0,0,0,0,0,0,0
1788911416.965935,1985302,public,holding_history,0,0,0,0,0,0,0,0,0
1788911416.965935,1985517,public,security,0,0,0,0,0,0,0,0,0
1788911416.965935,3466,pg_catalog,pg_event_trigger,0,0,0,0,0,0,0,0,0
1788911416.965935,3592,pg_catalog,pg_shseclabel,0,0,0,0,0,0,0,0,0
1788911416.965935,3764,pg_catalog,pg_ts_template,0,0,0,0,0,0,0,0,0
1788911416.965935,6237,pg_catalog,pg_publication_namespace,0,0,0,0,0,0,0,0,0
1788911416.965935,13487,pg_toast,pg_toast_13484,0,0,0,0,0,0,0,0,0
1788911416.965935,2995,pg_catalog,pg_largeobject_metadata,0,0,0,0,0,0,0,0,0
1788911416.965935,1985275,public,customer_account,0,0,0,0,0,0,0,0,0
1788911416.965935,4143,pg_toast,pg_toast_826,0,0,0,0,0,0,0,0,0
1788911416.965935,4185,pg_toast,pg_toast_1213,0,0,0,0,0,0,0,0,0
1788911416.965935,6243,pg_catalog,pg_parameter_acl,0,0,0,0,0,0,0,0,0
1788911416.965935,2616,pg_catalog,pg_opclass,0,0,8,134,0,0,0,0,0
1788911416.965935,1985290,public,holding,0,0,0,0,0,0,0,0,0
1788911416.965935,2838,pg_toast,pg_toast_2618,0,0,1,3,0,0,0,0,0
1788911416.965935,6228,pg_toast,pg_toast_6106,0,0,0,0,0,0,0,0,0
1788911416.965935,1985349,pg_toast,pg_toast_1985343,0,0,0,0,0,0,0,0,0
1788911416.965935,1985434,public,company_competitor,0,0,0,0,0,0,0,0,0
1788911416.965935,1985370,pg_toast,pg_toast_1985363,0,0,0,0,0,0,0,0,0
1788911416.965935,1985505,pg_toast,pg_toast_1985496,0,0,0,0,0,0,0,0,0
1788911416.965935,1985264,public,customer,0,0,0,0,0,0,0,0,0
1788911416.965935,3118,pg_catalog,pg_foreign_table,0,0,0,0,0,0,0,0,0
1788911416.965935,1259,pg_catalog,pg_class,1,523,12,12,0,0,0,0,0
1788911416.965935,3350,pg_catalog,pg_partitioned_table,0,0,0,0,0,0,0,0,0
1788911416.965935,4153,pg_toast,pg_toast_3118,0,0,0,0,0,0,0,0,0
1788911416.965935,4060,pg_toast,pg_toast_3592,0,0,0,0,0,0,0,0,0
1788911416.965935,1985543,public,status_type,0,0,0,0,0,0,0,0,0
1788911416.965935,4165,pg_toast,pg_toast_3350,0,0,0,0,0,0,0,0,0
1788911416.965935,1985402,public,trade_request,0,0,0,0,0,0,0,0,0
1788911416.965935,2753,pg_catalog,pg_opfamily,0,0,2,2,0,0,0,0,0
1788911416.965935,3601,pg_catalog,pg_ts_parser,0,0,0,0,0,0,0,0,0
1788911416.965935,6104,pg_catalog,pg_publication,0,0,0,0,0,0,0,0,0
1788911416.965935,13477,pg_toast,pg_toast_13474,0,0,0,0,0,0,0,0,0
1788911416.965935,3429,pg_catalog,pg_statistic_ext_data,0,0,0,0,0,0,0,0,0
1788911416.965935,2619,pg_catalog,pg_statistic,0,0,17,8,0,0,0,0,0
1788911416.965935,4155,pg_toast,pg_toast_3394,0,0,0,0,0,0,0,0,0
1788911416.965935,1985548,public,taxrate,0,0,0,0,0,0,0,0,0
1788911416.965935,3381,pg_catalog,pg_statistic_ext,0,0,3,0,0,0,0,0,0
1788911416.965935,6106,pg_catalog,pg_publication_rel,0,0,0,0,0,0,0,0,0
1788911416.965935,1985372,public,trade,0,0,0,0,0,0,0,0,0
1788911416.965935,2605,pg_catalog,pg_cast,0,0,34,7,0,0,0,0,0
1788911416.965935,4171,pg_toast,pg_toast_1247,0,0,0,0,0,0,0,0,0
1788911416.965935,2830,pg_toast,pg_toast_2604,0,0,0,0,0,0,0,0,0
1788911416.965935,1985309,public,holding_summary,0,0,0,0,0,0,0,0,0
1788911416.965935,1985413,pg_toast,pg_toast_1985402,0,0,0,0,0,0,0,0,0
1788911416.965935,13479,information_schema,sql_implementation_info,0,0,,,0,0,0,0,0
1788911416.965935,1985341,pg_toast,pg_toast_1985335,0,0,0,0,0,0,0,0,0
1788911416.965935,6244,pg_toast,pg_toast_6243,0,0,0,0,0,0,0,0,0
1788911416.965935,1985315,public,watch_item,0,0,0,0,0,0,0,0,0
1788911416.965935,3430,pg_toast,pg_toast_3429,0,0,0,0,0,0,0,0,0
1788911416.965935,1985320,public,watch_list,0,0,0,0,0,0,0,0,0
1788911477.072920,1985536,pg_toast,pg_toast_1985517,0,0,0,0,0,0,0,0,0
1788911477.072920,3576,pg_catalog,pg_transform,0,0,0,0,0,0,0,0,0
1788911477.072920,2601,pg_catalog,pg_am,0,0,0,0,0,0,0,0,0
1788911477.072920,1985363,public,settlement,0,0,0,0,0,0,0,0,0
1788911477.072920,3394,pg_catalog,pg_init_privs,0,0,0,0,0,0,0,0,0
1788911477.072920,4167,pg_toast,pg_toast_3256,0,0,0,0,0,0,0,0,0
1788911477.072920,4151,pg_toast,pg_toast_1417,0,0,0,0,0,0,0,0,0
1788911477.072920,2834,pg_toast,pg_toast_2609,0,0,0,0,0,0,0,0,0
1788911477.072920,6000,pg_catalog,pg_replication_origin,0,0,0,0,0,0,0,0,0
1788911477.072920,2840,pg_toast,pg_toast_2619,0,0,0,0,0,0,0,0,0
1788911477.072920,1985486,public,last_trade,0,0,0,0,0,0,0,0,0
1788911477.072920,2328,pg_catalog,pg_foreign_data_wrapper,0,0,0,0,0,0,0,0,0
1788911477.072920,4157,pg_toast,pg_toast_2612,0,0,0,0,0,0,0,0,0
1788911477.072920,1260,pg_catalog,pg_authid,0,0,0,0,0,0,0,0,0
1788911477.072920,6102,pg_catalog,pg_subscription_rel,0,0,0,0,0,0,0,0,0
1788911477.072920,1214,pg_catalog,pg_shdepend,0,0,0,0,0,0,0,0,0
1788911477.072920,4163,pg_toast,pg_toast_2615,0,0,0,0,0,0,0,0,0
1788911477.072920,1985343,public,charge,0,0,0,0,0,0,0,0,0
1788911477.072920,1985440,public,daily_market,0,0,0,0,0,0,0,0,0
1788911477.072920,1985422,public,company,0,0,0,0,0,0,0,0,0
1788911477.072920,4169,pg_toast,pg_toast_3600,0,0,0,0,0,0,0,0,0
1788911477.072920,2615,pg_catalog,pg_namespace,1,4,5,2,0,0,0,0,0
1788911477.072920,2396,pg_catalog,pg_shdescription,0,0,0,0,0,0,0,0,0
1788911477.072920,3600,pg_catalog,pg_ts_dict,0,0,0,0,0,0,0,0,0
1788911477.072920,1985325,public,broker,0,0,0,0,0,0,0,0,0
1788911477.072920,3596,pg_catalog,pg_seclabel,0,0,0,0,0,0,0,0,0
1788911477.072920,1985460,public,financial,0,0,0,0,0,0,0,0,0
1788911477.072920,2609,pg_catalog,pg_description,0,0,0,0,0,0,0,0,0
1788911477.072920,1985351,public,commission_rate,0,0,0,0,0,0,0,0,0
1788911477.072920,13482,pg_toast,pg_toast_13479,0,0,0,0,0,0,0,0,0
1788911477.072920,1985396,public,trade_history,0,0,0,0,0,0,0,0,0
1788911477.072920,3603,pg_catalog,pg_ts_config_map,0,0,0,0,0,0,0,0,0
1788911477.072920,1213,pg_catalog,pg_tablespace,0,0,1,1,0,0,0,0,0
1788911477.072920,2608,pg_catalog,pg_depend,0,0,0,0,0,0,0,0,0
1788911477.072920,2964,pg_catalog,pg_db_role_setting,0,0,0,0,0,0,0,0,0
1788911477.072920,1985283,pg_toast,pg_toast_1985275,0,0,0,0,0,0,0,0,0
1788911477.072920,1418,pg_catalog,pg_user_mapping,0,0,0,0,0,0,0,0,0
1788911477.072920,2613,pg_catalog,pg_largeobject,0,0,0,0,0,0,0,0,0
1788911477.072920,6175,pg_toast,pg_toast_3456,0,0,0,0,0,0,0,0,0
1788911477.072920,1261,pg_catalog,pg_auth_members,0,0,0,0,0,0,0,0,0
1788911477.072920,1985335,public,cash_transaction,0,0,0,0,0,0,0,0,0
1788911477.072920,2617,pg_catalog,pg_operator,0,0,5,5,0,0,0,0,0
1788911477.072920,1985300,pg_toast,pg_toast_1985290,0,0,0,0,0,0,0,0,0
1788911477.072920,1985538,public,address,0,0,0,0,0,0,0,0,0
1788911477.072920,2610,pg_catalog,pg_index,1,221,11,14,0,0,0,0,0
1788911477.072920,1249,pg_catalog,pg_attribute,0,0,75,92,0,0,0,0,0
1788911477.072920,1985512,public,sector,0,0,0,0,0,0,0,0,0
1788911477.072920,1985415,public,trade_type,0,0,0,0,0,0,0,0,0
1788911477.072920,2600,pg_catalog,pg_aggregate,0,0,1,1,0,0,0,0,0
1788911477.072920,2966,pg_toast,pg_toast_2964,0,0,0,0,0,0,0,0,0
1788911477.072920,1985451,public,exchange,0,0,0,0,0,0,0,0,0
1788911477.072920,2618,pg_catalog,pg_rewrite,0,0,1,1,0,0,0,0,0
1788911477.072920,4177,pg_toast,pg_toast_1262,0,0,0,0,0,0,0,0,0
1788911477.072920,13484,information_schema,sql_parts,0,0,,,0,0,0,0,0
1788911477.072920,4159,pg_toast,pg_toast_2600,0,0,0,0,0,0,0,0,0
1788911477.072920,4147,pg_toast,pg_toast_3079,0,0,0,0,0,0,0,0,0
1788911477.072920,13474,information_schema,sql_features,0,0,,,0,0,0,0,0
1788911477.072920,1985394,pg_toast,pg_toast_1985372,0,0,0,0,0,0,0,0,0
1788911477.072920,1247,pg_catalog,pg_type,0,0,19,19,0,0,0,0,0
1788911477.072920,2602,pg_catalog,pg_amop,0,0,12,25,0,0,0,0,0
1788911477.072920,3439,pg_toast,pg_toast_3381,0,0,0,0,0,0,0,0,0
1788911477.072920,2846,pg_toast,pg_toast_2396,0,0,0,0,0,0,0,0,0
1788911477.072920,1985555,public,zip_code,0,0,0,0,0,0,0,0,0
1788911477.072920,1985478,pg_toast,pg_toast_1985460,0,0,0,0,0,0,0,0,0
1788911477.072920,4145,pg_toast,pg_toast_3466,0,0,0,0,0,0,0,0,0
1788911477.072920,3541,pg_catalog,pg_range,0,0,0,0,0,0,0,0,0
1788911477.072920,3602,pg_catalog,pg_ts_config,0,0,0,0,0,0,0,0,0
1788911477.072920,1985333,pg_toast,pg_toast_1985325,0,0,0,0,0,0,0,0,0
1788911477.072920,4183,pg_toast,pg_toast_6100,0,0,0,0,0,0,0,0,0
1788911477.072920,1985496,public,news_item,0,0,0,0,0,0,0,0,0
1788911477.072920,2224,pg_catalog,pg_sequence,0,0,0,0,0,0,0,0,0
1788911477.072920,2611,pg_catalog,pg_inherits,0,0,0,0,0,0,0,0,0
1788911477.072920,1417,pg_catalog,pg_foreign_server,0,0,0,0,0,0,0,0,0
1788911477.072920,1262,pg_catalog,pg_database,0,0,0,0,0,0,0,0,0
1788911477.072920,13492,pg_toast,pg_toast_13489,0,0,0,0,0,0,0,0,0
1788911477.072920,3501,pg_catalog,pg_enum,0,0,0,0,0,0,0,0,0
1788911477.072920,2607,pg_catalog,pg_conversion,0,0,0,0,0,0,0,0,0
1788911477.072920,1985449,pg_toast,pg_toast_1985440,0,0,0,0,0,0,0,0,0
1788911477.072920,826,pg_catalog,pg_default_acl,0,0,0,0,0,0,0,0,0
1788911477.072920,2604,pg_catalog,pg_attrdef,0,0,0,0,0,0,0,0,0
1788911477.072920,2336,pg_toast,pg_toast_2620,0,0,0,0,0,0,0,0,0
1788911477.072920,2603,pg_catalog,pg_amproc,0,0,5,11,0,0,0,0,0
1788911477.072920,2606,pg_catalog,pg_constraint,0,0,3,8,0,0,0,0,0
1788911477.072920,1255,pg_catalog,pg_proc,0,0,19,24,0,0,0,0,0
1788911477.072920,4173,pg_toast,pg_toast_1418,0,0,0,0,0,0,0,0,0
1788911477.072920,1985285,public,customer_taxrate,0,0,0,0,0,0,0,0,0
1788911477.072920,2620,pg_catalog,pg_trigger,0,0,0,0,0,0,0,0,0
1788911477.072920,1985256,public,account_permission,0,0,0,0,0,0,0,0,0
1788911477.072920,1985507,public,news_xref,0,0,0,0,0,0,0,0,0
1788911477.072920,1985480,public,industry,0,0,0,0,0,0,0,0,0
1788911477.072920,2612,pg_catalog,pg_language,0,0,0,0,0,0,0,0,0
1788911477.072920,4149,pg_toast,pg_toast_2328,0,0,0,0,0,0,0,0,0
1788911477.072920,6351,pg_toast,pg_toast_2610,0,0,0,0,0,0,0,0,0
1788911477.072920,13489,information_schema,sql_sizing,0,0,,,0,0,0,0,0
1788911477.072920,1985494,pg_toast,pg_toast_1985486,0,0,0,0,0,0,0,0,0
1788911477.072920,3598,pg_toast,pg_toast_3596,0,0,0,0,0,0,0,0,0
1788911477.072920,2836,pg_toast,pg_toast_1255,0,0,0,0,0,0,0,0,0
1788911477.072920,3456,pg_catalog,pg_collation,0,0,0,0,0,0,0,0,0
1788911477.072920,3079,pg_catalog,pg_extension,0,0,0,0,0,0,0,0,0
1788911477.072920,6100,pg_catalog,pg_subscription,0,0,0,0,0,0,0,0,0
1788911477.072920,2832,pg_toast,pg_toast_2606,0,0,0,0,0,0,0,0,0
1788911477.072920,3256,pg_catalog,pg_policy,0,0,0,0,0,0,0,0,0
1788911477.072920,1985302,public,holding_history,0,0,0,0,0,0,0,0,0
1788911477.072920,1985517,public,security,0,0,0,0,0,0,0,0,0
1788911477.072920,3466,pg_catalog,pg_event_trigger,0,0,0,0,0,0,0,0,0
1788911477.072920,3592,pg_catalog,pg_shseclabel,0,0,0,0,0,0,0,0,0
1788911477.072920,3764,pg_catalog,pg_ts_template,0,0,0,0,0,0,0,0,0
1788911477.072920,6237,pg_catalog,pg_publication_namespace,0,0,0,0,0,0,0,0,0
1788911477.072920,13487,pg_toast,pg_toast_13484,0,0,0,0,0,0,0,0,0
1788911477.072920,2995,pg_catalog,pg_largeobject_metadata,0,0,0,0,0,0,0,0,0
1788911477.072920,1985275,public,customer_account,0,0,0,0,0,0,0,0,0
1788911477.072920,4143,pg_toast,pg_toast_826,0,0,0,0,0,0,0,0,0
1788911477.072920,4185,pg_toast,pg_toast_1213,0,0,0,0,0,0,0,0,0
1788911477.072920,6243,pg_catalog,pg_parameter_acl,0,0,0,0,0,0,0,0,0
1788911477.072920,2616,pg_catalog,pg_opclass,0,0,8,134,0,0,0,0,0
1788911477.072920,1985290,public,holding,0,0,0,0,0,0,0,0,0
1788911477.072920,2838,pg_toast,pg_toast_2618,0,0,1,3,0,0,0,0,0
1788911477.072920,6228,pg_toast,pg_toast_6106,0,0,0,0,0,0,0,0,0
1788911477.072920,1985349,pg_toast,pg_toast_1985343,0,0,0,0,0,0,0,0,0
1788911477.072920,1985434,public,company_competitor,0,0,0,0,0,0,0,0,0
1788911477.072920,1985370,pg_toast,pg_toast_1985363,0,0,0,0,0,0,0,0,0
1788911477.072920,1985505,pg_toast,pg_toast_1985496,0,0,0,0,0,0,0,0,0
1788911477.072920,1985264,public,customer,0,0,0,0,0,0,0,0,0
1788911477.072920,3118,pg_catalog,pg_foreign_table,0,0,0,0,0,0,0,0,0
1788911477.072920,1259,pg_catalog,pg_class,1,523,12,12,0,0,0,0,0
1788911477.072920,3350,pg_catalog,pg_partitioned_table,0,0,0,0,0,0,0,0,0
1788911477.072920,4153,pg_toast,pg_toast_3118,0,0,0,0,0,0,0,0,0
1788911477.072920,4060,pg_toast,pg_toast_3592,0,0,0,0,0,0,0,0,0
1788911477.072920,1985543,public,status_type,0,0,0,0,0,0,0,0,0
1788911477.072920,4165,pg_toast,pg_toast_3350,0,0,0,0,0,0,0,0,0
1788911477.072920,1985402,public,trade_request,0,0,0,0,0,0,0,0,0
1788911477.072920,2753,pg_catalog,pg_opfamily,0,0,2,2,0,0,0,0,0
1788911477.072920,3601,pg_catalog,pg_ts_parser,0,0,0,0,0,0,0,0,0
1788911477.072920,6104,pg_catalog,pg_publication,0,0,0,0,0,0,0,0,0
1788911477.072920,13477,pg_toast,pg_toast_13474,0,0,0,0,0,0,0,0,0
1788911477.072920,3429,pg_catalog,pg_statistic_ext_data,0,0,0,0,0,0,0,0,0
1788911477.072920,2619,pg_catalog,pg_statistic,0,0,17,8,0,0,0,0,0
1788911477.072920,4155,pg_toast,pg_toast_3394,0,0,0,0,0,0,0,0,0
1788911477.072920,1985548,public,taxrate,0,0,0,0,0,0,0,0,0
1788911477.072920,3381,pg_catalog,pg_statistic_ext,0,0,3,0,0,0,0,0,0
1788911477.072920,6106,pg_catalog,pg_publication_rel,0,0,0,0,0,0,0,0,0
1788911477.072920,1985372,public,trade,0,0,0,0,0,0,0,0,0
1788911477.072920,2605,pg_catalog,pg_cast,0,0,34,7,0,0,0,0,0
1788911477.072920,4171,pg_toast,pg_toast_1247,0,0,0,0,0,0,0,0,0
1788911477.072920,2830,pg_toast,pg_toast_2604,0,0,0,0,0,0,0,0,0
1788911477.072920,1985309,public,holding_summary,0,0,0,0,0,0,0,0,0
1788911477.072920,1985413,pg_toast,pg_toast_1985402,0,0,0,0,0,0,0,0,0
1788911477.072920,13479,information_schema,sql_implementation_info,0,0,,,0,0,0,0,0
1788911477.072920,1985341,pg_toast,pg_toast_1985335,0,0,0,0,0,0,0,0,0
1788911477.072920,6244,pg_toast,pg_toast_6243,0,0,0,0,0,0,0,0,0
1788911477.072920,1985315,public,watch_item,0,0,0,0,0,0,0,0,0
1788911477.072920,3430,pg_toast,pg_toast_3429,0,0,0,0,0,0,0,0,0
1788911477.072920,1985320,public,watch_list,0,0,0,0,0,0,0,0,0
1788911536.184627,1985536,pg_toast,pg_toast_1985517,0,0,0,0,0,0,0,0,0
1788911536.184627,3576,pg_catalog,pg_transform,0,0,0,0,0,0,0,0,0
1788911536.184627,2601,pg_catalog,pg_am,0,0,0,0,0,0,0,0,0
1788911536.184627,1985363,public,settlement,0,0,0,0,0,0,0,0,0
1788911536.184627,3394,pg_catalog,pg_init_privs,0,0,0,0,0,0,0,0,0
1788911536.184627,4167,pg_toast,pg_toast_3256,0,0,0,0,0,0,0,0,0
1788911536.184627,4151,pg_toast,pg_toast_1417,0,0,0,0,0,0,0,0,0
1788911536.184627,2834,pg_toast,pg_toast_2609,0,0,0,0,0,0,0,0,0
1788911536.184627,6000,pg_catalog,pg_replication_origin,0,0,0,0,0,0,0,0,0
1788911536.184627,2840,pg_toast,pg_toast_2619,0,0,0,0,0,0,0,0,0
1788911536.184627,1985486,public,last_trade,0,0,0,0,0,0,0,0,0
1788911536.184627,2328,pg_catalog,pg_foreign_data_wrapper,0,0,0,0,0,0,0,0,0
1788911536.184627,4157,pg_toast,pg_toast_2612,0,0,0,0,0,0,0,0,0
1788911536.184627,1260,pg_catalog,pg_authid,0,0,0,0,0,0,0,0,0
1788911536.184627,6102,pg_catalog,pg_subscription_rel,0,0,0,0,0,0,0,0,0
1788911536.184627,1214,pg_catalog,pg_shdepend,0,0,0,0,0,0,0,0,0
1788911536.184627,4163,pg_toast,pg_toast_2615,0,0,0,0,0,0,0,0,0
1788911536.184627,1985343,public,charge,0,0,0,0,0,0,0,0,0
1788911536.184627,1985440,public,daily_market,0,0,0,0,0,0,0,0,0
1788911536.184627,1985422,public,company,0,0,0,0,0,0,0,0,0
1788911536.184627,4169,pg_toast,pg_toast_3600,0,0,0,0,0,0,0,0,0
1788911536.184627,2615,pg_catalog,pg_namespace,1,4,5,2,0,0,0,0,0
1788911536.184627,2396,pg_catalog,pg_shdescription,0,0,0,0,0,0,0,0,0
1788911536.184627,3600,pg_catalog,pg_ts_dict,0,0,0,0,0,0,0,0,0
1788911536.184627,1985325,public,broker,0,0,0,0,0,0,0,0,0
1788911536.184627,3596,pg_catalog,pg_seclabel,0,0,0,0,0,0,0,0,0
1788911536.184627,1985460,public,financial,0,0,0,0,0,0,0,0,0
1788911536.184627,2609,pg_catalog,pg_description,0,0,0,0,0,0,0,0,0
1788911536.184627,1985351,public,commission_rate,0,0,0,0,0,0,0,0,0
1788911536.184627,13482,pg_toast,pg_toast_13479,0,0,0,0,0,0,0,0,0
1788911536.184627,1985396,public,trade_history,0,0,0,0,0,0,0,0,0
1788911536.184627,3603,pg_catalog,pg_ts_config_map,0,0,0,0,0,0,0,0,0
1788911536.184627,1213,pg_catalog,pg_tablespace,0,0,1,1,0,0,0,0,0
1788911536.184627,2608,pg_catalog,pg_depend,0,0,0,0,0,0,0,0,0
1788911536.184627,2964,pg_catalog,pg_db_role_setting,0,0,0,0,0,0,0,0,0
1788911536.184627,1985283,pg_toast,pg_toast_1985275,0,0,0,0,0,0,0,0,0
1788911536.184627,1418,pg_catalog,pg_user_mapping,0,0,0,0,0,0,0,0,0
1788911536.184627,2613,pg_catalog,pg_largeobject,0,0,0,0,0,0,0,0,0
1788911536.184627,6175,pg_toast,pg_toast_3456,0,0,0,0,0,0,0,0,0
1788911536.184627,1261,pg_catalog,pg_auth_members,0,0,0,0,0,0,0,0,0
1788911536.184627,1985335,public,cash_transaction,0,0,0,0,0,0,0,0,0
1788911536.184627,2617,pg_catalog,pg_operator,0,0,5,5,0,0,0,0,0
1788911536.184627,1985300,pg_toast,pg_toast_1985290,0,0,0,0,0,0,0,0,0
1788911536.184627,1985538,public,address,0,0,0,0,0,0,0,0,0
1788911536.184627,2610,pg_catalog,pg_index,1,221,11,14,0,0,0,0,0
1788911536.184627,1249,pg_catalog,pg_attribute,0,0,75,92,0,0,0,0,0
1788911536.184627,1985512,public,sector,0,0,0,0,0,0,0,0,0
1788911536.184627,1985415,public,trade_type,0,0,0,0,0,0,0,0,0
1788911536.184627,2600,pg_catalog,pg_aggregate,0,0,1,1,0,0,0,0,0
1788911536.184627,2966,pg_toast,pg_toast_2964,0,0,0,0,0,0,0,0,0
1788911536.184627,1985451,public,exchange,0,0,0,0,0,0,0,0,0
1788911536.184627,2618,pg_catalog,pg_rewrite,0,0,1,1,0,0,0,0,0
1788911536.184627,4177,pg_toast,pg_toast_1262,0,0,0,0,0,0,0,0,0
1788911536.184627,13484,information_schema,sql_parts,0,0,,,0,0,0,0,0
1788911536.184627,4159,pg_toast,pg_toast_2600,0,0,0,0,0,0,0,0,0
1788911536.184627,4147,pg_toast,pg_toast_3079,0,0,0,0,0,0,0,0,0
1788911536.184627,13474,information_schema,sql_features,0,0,,,0,0,0,0,0
1788911536.184627,1985394,pg_toast,pg_toast_1985372,0,0,0,0,0,0,0,0,0
1788911536.184627,1247,pg_catalog,pg_type,0,0,19,19,0,0,0,0,0
1788911536.184627,2602,pg_catalog,pg_amop,0,0,12,25,0,0,0,0,0
1788911536.184627,3439,pg_toast,pg_toast_3381,0,0,0,0,0,0,0,0,0
1788911536.184627,2846,pg_toast,pg_toast_2396,0,0,0,0,0,0,0,0,0
1788911536.184627,1985555,public,zip_code,0,0,0,0,0,0,0,0,0
1788911536.184627,1985478,pg_toast,pg_toast_1985460,0,0,0,0,0,0,0,0,0
1788911536.184627,4145,pg_toast,pg_toast_3466,0,0,0,0,0,0,0,0,0
1788911536.184627,3541,pg_catalog,pg_range,0,0,0,0,0,0,0,0,0
1788911536.184627,3602,pg_catalog,pg_ts_config,0,0,0,0,0,0,0,0,0
1788911536.184627,1985333,pg_toast,pg_toast_1985325,0,0,0,0,0,0,0,0,0
1788911536.184627,4183,pg_toast,pg_toast_6100,0,0,0,0,0,0,0,0,0
1788911536.184627,1985496,public,news_item,0,0,0,0,0,0,0,0,0
1788911536.184627,2224,pg_catalog,pg_sequence,0,0,0,0,0,0,0,0,0
1788911536.184627,2611,pg_catalog,pg_inherits,0,0,0,0,0,0,0,0,0
1788911536.184627,1417,pg_catalog,pg_foreign_server,0,0,0,0,0,0,0,0,0
1788911536.184627,1262,pg_catalog,pg_database,0,0,0,0,0,0,0,0,0
1788911536.184627,13492,pg_toast,pg_toast_13489,0,0,0,0,0,0,0,0,0
1788911536.184627,3501,pg_catalog,pg_enum,0,0,0,0,0,0,0,0,0
1788911536.184627,2607,pg_catalog,pg_conversion,0,0,0,0,0,0,0,0,0
1788911536.184627,1985449,pg_toast,pg_toast_1985440,0,0,0,0,0,0,0,0,0
1788911536.184627,826,pg_catalog,pg_default_acl,0,0,0,0,0,0,0,0,0
1788911536.184627,2604,pg_catalog,pg_attrdef,0,0,0,0,0,0,0,0,0
1788911536.184627,2336,pg_toast,pg_toast_2620,0,0,0,0,0,0,0,0,0
1788911536.184627,2603,pg_catalog,pg_amproc,0,0,5,11,0,0,0,0,0
1788911536.184627,2606,pg_catalog,pg_constraint,0,0,3,8,0,0,0,0,0
1788911536.184627,1255,pg_catalog,pg_proc,0,0,19,24,0,0,0,0,0
1788911536.184627,4173,pg_toast,pg_toast_1418,0,0,0,0,0,0,0,0,0
1788911536.184627,1985285,public,customer_taxrate,0,0,0,0,0,0,0,0,0
1788911536.184627,2620,pg_catalog,pg_trigger,0,0,0,0,0,0,0,0,0
1788911536.184627,1985256,public,account_permission,0,0,0,0,0,0,0,0,0
1788911536.184627,1985507,public,news_xref,0,0,0,0,0,0,0,0,0
1788911536.184627,1985480,public,industry,0,0,0,0,0,0,0,0,0
1788911536.184627,2612,pg_catalog,pg_language,0,0,0,0,0,0,0,0,0
1788911536.184627,4149,pg_toast,pg_toast_2328,0,0,0,0,0,0,0,0,0
1788911536.184627,6351,pg_toast,pg_toast_2610,0,0,0,0,0,0,0,0,0
1788911536.184627,13489,information_schema,sql_sizing,0,0,,,0,0,0,0,0
1788911536.184627,1985494,pg_toast,pg_toast_1985486,0,0,0,0,0,0,0,0,0
1788911536.184627,3598,pg_toast,pg_toast_3596,0,0,0,0,0,0,0,0,0
1788911536.184627,2836,pg_toast,pg_toast_1255,0,0,0,0,0,0,0,0,0
1788911536.184627,3456,pg_catalog,pg_collation,0,0,0,0,0,0,0,0,0
1788911536.184627,3079,pg_catalog,pg_extension,0,0,0,0,0,0,0,0,0
1788911536.184627,6100,pg_catalog,pg_subscription,0,0,0,0,0,0,0,0,0
1788911536.184627,2832,pg_toast,pg_toast_2606,0,0,0,0,0,0,0,0,0
1788911536.184627,3256,pg_catalog,pg_policy,0,0,0,0,0,0,0,0,0
1788911536.184627,1985302,public,holding_history,0,0,0,0,0,0,0,0,0
1788911536.184627,1985517,public,security,0,0,0,0,0,0,0,0,0
1788911536.184627,3466,pg_catalog,pg_event_trigger,0,0,0,0,0,0,0,0,0
1788911536.184627,3592,pg_catalog,pg_shseclabel,0,0,0,0,0,0,0,0,0
1788911536.184627,3764,pg_catalog,pg_ts_template,0,0,0,0,0,0,0,0,0
1788911536.184627,6237,pg_catalog,pg_publication_namespace,0,0,0,0,0,0,0,0,0
1788911536.184627,13487,pg_toast,pg_toast_13484,0,0,0,0,0,0,0,0,0
1788911536.184627,2995,pg_catalog,pg_largeobject_metadata,0,0,0,0,0,0,0,0,0
1788911536.184627,1985275,public,customer_account,0,0,0,0,0,0,0,0,0
1788911536.184627,4143,pg_toast,pg_toast_826,0,0,0,0,0,0,0,0,0
1788911536.184627,4185,pg_toast,pg_toast_1213,0,0,0,0,0,0,0,0,0
1788911536.184627,6243,pg_catalog,pg_parameter_acl,0,0,0,0,0,0,0,0,0
1788911536.184627,2616,pg_catalog,pg_opclass,0,0,8,134,0,0,0,0,0
1788911536.184627,1985290,public,holding,0,0,0,0,0,0,0,0,0
1788911536.184627,2838,pg_toast,pg_toast_2618,0,0,1,3,0,0,0,0,0
1788911536.184627,6228,pg_toast,pg_toast_6106,0,0,0,0,0,0,0,0,0
1788911536.184627,1985349,pg_toast,pg_toast_1985343,0,0,0,0,0,0,0,0,0
1788911536.184627,1985434,public,company_competitor,0,0,0,0,0,0,0,0,0
1788911536.184627,1985370,pg_toast,pg_toast_1985363,0,0,0,0,0,0,0,0,0
1788911536.184627,1985505,pg_toast,pg_toast_1985496,0,0,0,0,0,0,0,0,0
1788911536.184627,1985264,public,customer,0,0,0,0,0,0,0,0,0
1788911536.184627,3118,pg_catalog,pg_foreign_table,0,0,0,0,0,0,0,0,0
1788911536.184627,1259,pg_catalog,pg_class,1,523,12,12,0,0,0,0,0
1788911536.184627,3350,pg_catalog,pg_partitioned_table,0,0,0,0,0,0,0,0,0
1788911536.184627,4153,pg_toast,pg_toast_3118,0,0,0,0,0,0,0,0,0
1788911536.184627,4060,pg_toast,pg_toast_3592,0,0,0,0,0,0,0,0,0
1788911536.184627,1985543,public,status_type,0,0,0,0,0,0,0,0,0
1788911536.184627,4165,pg_toast,pg_toast_3350,0,0,0,0,0,0,0,0,0
1788911536.184627,1985402,public,trade_request,0,0,0,0,0,0,0,0,0
1788911536.184627,2753,pg_catalog,pg_opfamily,0,0,2,2,0,0,0,0,0
1788911536.184627,3601,pg_catalog,pg_ts_parser,0,0,0,0,0,0,0,0,0
1788911536.184627,6104,pg_catalog,pg_publication,0,0,0,0,0,0,0,0,0
1788911536.184627,13477,pg_toast,pg_toast_13474,0,0,0,0,0,0,0,0,0
1788911536.184627,3429,pg_catalog,pg_statistic_ext_data,0,0,0,0,0,0,0,0,0
1788911536.184627,2619,pg_catalog,pg_statistic,0,0,17,8,0,0,0,0,0
1788911536.184627,4155,pg_toast,pg_toast_3394,0,0,0,0,0,0,0,0,0
1788911536.184627,1985548,public,taxrate,0,0,0,0,0,0,0,0,0
1788911536.184627,3381,pg_catalog,pg_statistic_ext,0,0,3,0,0,0,0,0,0
1788911536.184627,6106,pg_catalog,pg_publication_rel,0,0,0,0,0,0,0,0,0
1788911536.184627,1985372,public,trade,0,0,0,0,0,0,0,0,0
1788911536.184627,2605,pg_catalog,pg_cast,0,0,34,7,0,0,0,0,0
1788911536.184627,4171,pg_toast,pg_toast_1247,0,0,0,0,0,0,0,0,0
1788911536.184627,2830,pg_toast,pg_toast_2604,0,0,0,0,0,0,0,0,0
1788911536.184627,1985309,public,holding_summary,0,0,0,0,0,0,0,0,0
1788911536.184627,1985413,pg_toast,pg_toast_1985402,0,0,0,0,0,0,0,0,0
1788911536.184627,13479,information_schema,sql_implementation_info,0,0,,,0,0,0,0,0
1788911536.184627,1985341,pg_toast,pg_toast_1985335,0,0,0,0,0,0,0,0,0
1788911536.184627,6244,pg_toast,pg_toast_6243,0,0,0,0,0,0,0,0,0
1788911536.184627,1985315,public,watch_item,0,0,0,0,0,0,0,0,0
1788911536.184627,3430,pg_toast,pg_toast_3429,0,0,0,0,0,0,0,0,0
1788911536.184627,1985320,public,watch_list,0,0,0,0,0,0,0,0,0
1788911596.302657,1985536,pg_toast,pg_toast_1985517,0,0,0,0,0,0,0,0,0
1788911596.302657,3576,pg_catalog,pg_transform,0,0,0,0,0,0,0,0,0
1788911596.302657,2601,pg_catalog,pg_am,0,0,0,0,0,0,0,0,0
1788911596.302657,1985363,public,settlement,0,0,0,0,0,0,0,0,0
1788911596.302657,3394,pg_catalog,pg_init_privs,0,0,0,0,0,0,0,0,0
1788911596.302657,4167,pg_toast,pg_toast_3256,0,0,0,0,0,0,0,0,0
1788911596.302657,4151,pg_toast,pg_toast_1417,0,0,0,0,0,0,0,0,0
1788911596.302657,2834,pg_toast,pg_toast_2609,0,0,0,0,0,0,0,0,0
1788911596.302657,6000,pg_catalog,pg_replication_origin,0,0,0,0,0,0,0,0,0
1788911596.302657,2840,pg_toast,pg_toast_2619,0,0,0,0,0,0,0,0,0
1788911596.302657,1985486,public,last_trade,0,0,0,0,0,0,0,0,0
1788911596.302657,2328,pg_catalog,pg_foreign_data_wrapper,0,0,0,0,0,0,0,0,0
1788911596.302657,4157,pg_toast,pg_toast_2612,0,0,0,0,0,0,0,0,0
1788911596.302657,1260,pg_catalog,pg_authid,0,0,0,0,0,0,0,0,0
1788911596.302657,6102,pg_catalog,pg_subscription_rel,0,0,0,0,0,0,0,0,0
1788911596.302657,1214,pg_catalog,pg_shdepend,0,0,0,0,0,0,0,0,0
1788911596.302657,4163,pg_toast,pg_toast_2615,0,0,0,0,0,0,0,0,0
1788911596.302657,1985343,public,charge,0,0,0,0,0,0,0,0,0
1788911596.302657,1985440,public,daily_market,0,0,0,0,0,0,0,0,0
1788911596.302657,1985422,public,company,0,0,0,0,0,0,0,0,0
1788911596.302657,4169,pg_toast,pg_toast_3600,0,0,0,0,0,0,0,0,0
1788911596.302657,2615,pg_catalog,pg_namespace,1,4,5,2,0,0,0,0,0
1788911596.302657,2396,pg_catalog,pg_shdescription,0,0,0,0,0,0,0,0,0
1788911596.302657,3600,pg_catalog,pg_ts_dict,0,0,0,0,0,0,0,0,0
1788911596.302657,1985325,public,broker,0,0,0,0,0,0,0,0,0
1788911596.302657,3596,pg_catalog,pg_seclabel,0,0,0,0,0,0,0,0,0
1788911596.302657,1985460,public,financial,0,0,0,0,0,0,0,0,0
1788911596.302657,2609,pg_catalog,pg_description,0,0,0,0,0,0,0,0,0
1788911596.302657,1985351,public,commission_rate,0,0,0,0,0,0,0,0,0
1788911596.302657,13482,pg_toast,pg_toast_13479,0,0,0,0,0,0,0,0,0
1788911596.302657,1985396,public,trade_history,0,0,0,0,0,0,0,0,0
1788911596.302657,3603,pg_catalog,pg_ts_config_map,0,0,0,0,0,0,0,0,0
1788911596.302657,1213,pg_catalog,pg_tablespace,0,0,1,1,0,0,0,0,0
1788911596.302657,2608,pg_catalog,pg_depend,0,0,0,0,0,0,0,0,0
1788911596.302657,2964,pg_catalog,pg_db_role_setting,0,0,0,0,0,0,0,0,0
1788911596.302657,1985283,pg_toast,pg_toast_1985275,0,0,0,0,0,0,0,0,0
1788911596.302657,1418,pg_catalog,pg_user_mapping,0,0,0,0,0,0,0,0,0
1788911596.302657,2613,pg_catalog,pg_largeobject,0,0,0,0,0,0,0,0,0
1788911596.302657,6175,pg_toast,pg_toast_3456,0,0,0,0,0,0,0,0,0
1788911596.302657,1261,pg_catalog,pg_auth_members,0,0,0,0,0,0,0,0,0
1788911596.302657,1985335,public,cash_transaction,0,0,0,0,0,0,0,0,0
1788911596.302657,2617,pg_catalog,pg_operator,0,0,5,5,0,0,0,0,0
1788911596.302657,1985300,pg_toast,pg_toast_1985290,0,0,0,0,0,0,0,0,0
1788911596.302657,1985538,public,address,0,0,0,0,0,0,0,0,0
1788911596.302657,2610,pg_catalog,pg_index,1,221,11,14,0,0,0,0,0
1788911596.302657,1249,pg_catalog,pg_attribute,0,0,75,92,0,0,0,0,0
1788911596.302657,1985512,public,sector,0,0,0,0,0,0,0,0,0
1788911596.302657,1985415,public,trade_type,0,0,0,0,0,0,0,0,0
1788911596.302657,2600,pg_catalog,pg_aggregate,0,0,1,1,0,0,0,0,0
1788911596.302657,2966,pg_toast,pg_toast_2964,0,0,0,0,0,0,0,0,0
1788911596.302657,1985451,public,exchange,0,0,0,0,0,0,0,0,0
1788911596.302657,2618,pg_catalog,pg_rewrite,0,0,1,1,0,0,0,0,0
1788911596.302657,4177,pg_toast,pg_toast_1262,0,0,0,0,0,0,0,0,0
1788911596.302657,13484,information_schema,sql_parts,0,0,,,0,0,0,0,0
1788911596.302657,4159,pg_toast,pg_toast_2600,0,0,0,0,0,0,0,0,0
1788911596.302657,4147,pg_toast,pg_toast_3079,0,0,0,0,0,0,0,0,0
1788911596.302657,13474,information_schema,sql_features,0,0,,,0,0,0,0,0
1788911596.302657,1985394,pg_toast,pg_toast_1985372,0,0,0,0,0,0,0,0,0
1788911596.302657,1247,pg_catalog,pg_type,0,0,19,19,0,0,0,0,0
1788911596.302657,2602,pg_catalog,pg_amop,0,0,12,25,0,0,0,0,0
1788911596.302657,3439,pg_toast,pg_toast_3381,0,0,0,0,0,0,0,0,0
1788911596.302657,2846,pg_toast,pg_toast_2396,0,0,0,0,0,0,0,0,0
1788911596.302657,1985555,public,zip_code,0,0,0,0,0,0,0,0,0
1788911596.302657,1985478,pg_toast,pg_toast_1985460,0,0,0,0,0,0,0,0,0
1788911596.302657,4145,pg_toast,pg_toast_3466,0,0,0,0,0,0,0,0,0
1788911596.302657,3541,pg_catalog,pg_range,0,0,0,0,0,0,0,0,0
1788911596.302657,3602,pg_catalog,pg_ts_config,0,0,0,0,0,0,0,0,0
1788911596.302657,1985333,pg_toast,pg_toast_1985325,0,0,0,0,0,0,0,0,0
1788911596.302657,4183,pg_toast,pg_toast_6100,0,0,0,0,0,0,0,0,0
1788911596.302657,1985496,public,news_item,0,0,0,0,0,0,0,0,0
1788911596.302657,2224,pg_catalog,pg_sequence,0,0,0,0,0,0,0,0,0
1788911596.302657,2611,pg_catalog,pg_inherits,0,0,0,0,0,0,0,0,0
1788911596.302657,1417,pg_catalog,pg_foreign_server,0,0,0,0,0,0,0,0,0
1788911596.302657,1262,pg_catalog,pg_database,0,0,0,0,0,0,0,0,0
1788911596.302657,13492,pg_toast,pg_toast_13489,0,0,0,0,0,0,0,0,0
1788911596.302657,3501,pg_catalog,pg_enum,0,0,0,0,0,0,0,0,0
1788911596.302657,2607,pg_catalog,pg_conversion,0,0,0,0,0,0,0,0,0
1788911596.302657,1985449,pg_toast,pg_toast_1985440,0,0,0,0,0,0,0,0,0
1788911596.302657,826,pg_catalog,pg_default_acl,0,0,0,0,0,0,0,0,0
1788911596.302657,2604,pg_catalog,pg_attrdef,0,0,0,0,0,0,0,0,0
1788911596.302657,2336,pg_toast,pg_toast_2620,0,0,0,0,0,0,0,0,0
1788911596.302657,2603,pg_catalog,pg_amproc,0,0,5,11,0,0,0,0,0
1788911596.302657,2606,pg_catalog,pg_constraint,0,0,3,8,0,0,0,0,0
1788911596.302657,1255,pg_catalog,pg_proc,0,0,19,24,0,0,0,0,0
1788911596.302657,4173,pg_toast,pg_toast_1418,0,0,0,0,0,0,0,0,0
1788911596.302657,1985285,public,customer_taxrate,0,0,0,0,0,0,0,0,0
1788911596.302657,2620,pg_catalog,pg_trigger,0,0,0,0,0,0,0,0,0
1788911596.302657,1985256,public,account_permission,0,0,0,0,0,0,0,0,0
1788911596.302657,1985507,public,news_xref,0,0,0,0,0,0,0,0,0
1788911596.302657,1985480,public,industry,0,0,0,0,0,0,0,0,0
1788911596.302657,2612,pg_catalog,pg_language,0,0,0,0,0,0,0,0,0
1788911596.302657,4149,pg_toast,pg_toast_2328,0,0,0,0,0,0,0,0,0
1788911596.302657,6351,pg_toast,pg_toast_2610,0,0,0,0,0,0,0,0,0
1788911596.302657,13489,information_schema,sql_sizing,0,0,,,0,0,0,0,0
1788911596.302657,1985494,pg_toast,pg_toast_1985486,0,0,0,0,0,0,0,0,0
1788911596.302657,3598,pg_toast,pg_toast_3596,0,0,0,0,0,0,0,0,0
1788911596.302657,2836,pg_toast,pg_toast_1255,0,0,0,0,0,0,0,0,0
1788911596.302657,3456,pg_catalog,pg_collation,0,0,0,0,0,0,0,0,0
1788911596.302657,3079,pg_catalog,pg_extension,0,0,0,0,0,0,0,0,0
1788911596.302657,6100,pg_catalog,pg_subscription,0,0,0,0,0,0,0,0,0
1788911596.302657,2832,pg_toast,pg_toast_2606,0,0,0,0,0,0,0,0,0
1788911596.302657,3256,pg_catalog,pg_policy,0,0,0,0,0,0,0,0,0
1788911596.302657,1985302,public,holding_history,0,0,0,0,0,0,0,0,0
1788911596.302657,1985517,public,security,0,0,0,0,0,0,0,0,0
1788911596.302657,3466,pg_catalog,pg_event_trigger,0,0,0,0,0,0,0,0,0
1788911596.302657,3592,pg_catalog,pg_shseclabel,0,0,0,0,0,0,0,0,0
1788911596.302657,3764,pg_catalog,pg_ts_template,0,0,0,0,0,0,0,0,0
1788911596.302657,6237,pg_catalog,pg_publication_namespace,0,0,0,0,0,0,0,0,0
1788911596.302657,13487,pg_toast,pg_toast_13484,0,0,0,0,0,0,0,0,0
1788911596.302657,2995,pg_catalog,pg_largeobject_metadata,0,0,0,0,0,0,0,0,0
1788911596.302657,1985275,public,customer_account,0,0,0,0,0,0,0,0,0
1788911596.302657,4143,pg_toast,pg_toast_826,0,0,0,0,0,0,0,0,0
1788911596.302657,4185,pg_toast,pg_toast_1213,0,0,0,0,0,0,0,0,0
1788911596.302657,6243,pg_catalog,pg_parameter_acl,0,0,0,0,0,0,0,0,0
1788911596.302657,2616,pg_catalog,pg_opclass,0,0,8,134,0,0,0,0,0
1788911596.302657,1985290,public,holding,0,0,0,0,0,0,0,0,0
1788911596.302657,2838,pg_toast,pg_toast_2618,0,0,1,3,0,0,0,0,0
1788911596.302657,6228,pg_toast,pg_toast_6106,0,0,0,0,0,0,0,0,0
1788911596.302657,1985349,pg_toast,pg_toast_1985343,0,0,0,0,0,0,0,0,0
1788911596.302657,1985434,public,company_competitor,0,0,0,0,0,0,0,0,0
1788911596.302657,1985370,pg_toast,pg_toast_1985363,0,0,0,0,0,0,0,0,0
1788911596.302657,1985505,pg_toast,pg_toast_1985496,0,0,0,0,0,0,0,0,0
1788911596.302657,1985264,public,customer,0,0,0,0,0,0,0,0,0
1788911596.302657,3118,pg_catalog,pg_foreign_table,0,0,0,0,0,0,0,0,0
1788911596.302657,1259,pg_catalog,pg_class,1,523,12,12,0,0,0,0,0
1788911596.302657,3350,pg_catalog,pg_partitioned_table,0,0,0,0,0,0,0,0,0
1788911596.302657,4153,pg_toast,pg_toast_3118,0,0,0,0,0,0,0,0,0
1788911596.302657,4060,pg_toast,pg_toast_3592,0,0,0,0,0,0,0,0,0
1788911596.302657,1985543,public,status_type,0,0,0,0,0,0,0,0,0
1788911596.302657,4165,pg_toast,pg_toast_3350,0,0,0,0,0,0,0,0,0
1788911596.302657,1985402,public,trade_request,0,0,0,0,0,0,0,0,0
1788911596.302657,2753,pg_catalog,pg_opfamily,0,0,2,2,0,0,0,0,0
1788911596.302657,3601,pg_catalog,pg_ts_parser,0,0,0,0,0,0,0,0,0
1788911596.302657,6104,pg_catalog,pg_publication,0,0,0,0,0,0,0,0,0
1788911596.302657,13477,pg_toast,pg_toast_13474,0,0,0,0,0,0,0,0,0
1788911596.302657,3429,pg_catalog,pg_statistic_ext_data,0,0,0,0,0,0,0,0,0
1788911596.302657,2619,pg_catalog,pg_statistic,0,0,17,8,0,0,0,0,0
1788911596.302657,4155,pg_toast,pg_toast_3394,0,0,0,0,0,0,0,0,0
1788911596.302657,1985548,public,taxrate,0,0,0,0,0,0,0,0,0
1788911596.302657,3381,pg_catalog,pg_statistic_ext,0,0,3,0,0,0,0,0,0
1788911596.302657,6106,pg_catalog,pg_publication_rel,0,0,0,0,0,0,0,0,0
1788911596.302657,1985372,public,trade,0,0,0,0,0,0,0,0,0
1788911596.302657,2605,pg_catalog,pg_cast,0,0,34,7,0,0,0,0,0
1788911596.302657,4171,pg_toast,pg_toast_1247,0,0,0,0,0,0,0,0,0
1788911596.302657,2830,pg_toast,pg_toast_2604,0,0,0,0,0,0,0,0,0
1788911596.302657,1985309,public,holding_summary,0,0,0,0,0,0,0,0,0
1788911596.302657,1985413,pg_toast,pg_toast_1985402,0,0,0,0,0,0,0,0,0
1788911596.302657,13479,information_schema,sql_implementation_info,0,0,,,0,0,0,0,0
1788911596.302657,1985341,pg_toast,pg_toast_1985335,0,0,0,0,0,0,0,0,0
1788911596.302657,6244,pg_toast,pg_toast_6243,0,0,0,0,0,0,0,0,0
1788911596.302657,1985315,public,watch_item,0,0,0,0,0,0,0,0,0
1788911596.302657,3430,pg_toast,pg_toast_3429,0,0,0,0,0,0,0,0,0
1788911596.302657,1985320,public,watch_list,0,0,0,0,0,0,0,0,0
1788911656.409423,1985536,pg_toast,pg_toast_1985517,0,0,0,0,0,0,0,0,0
1788911656.409423,3576,pg_catalog,pg_transform,0,0,0,0,0,0,0,0,0
1788911656.409423,2601,pg_catalog,pg_am,0,0,0,0,0,0,0,0,0
1788911656.409423,1985363,public,settlement,0,0,0,0,0,0,0,0,0
1788911656.409423,3394,pg_catalog,pg_init_privs,0,0,0,0,0,0,0,0,0
1788911656.409423,4167,pg_toast,pg_toast_3256,0,0,0,0,0,0,0,0,0
1788911656.409423,4151,pg_toast,pg_toast_1417,0,0,0,0,0,0,0,0,0
1788911656.409423,2834,pg_toast,pg_toast_2609,0,0,0,0,0,0,0,0,0
1788911656.409423,6000,pg_catalog,pg_replication_origin,0,0,0,0,0,0,0,0,0
1788911656.409423,2840,pg_toast,pg_toast_2619,0,0,0,0,0,0,0,0,0
1788911656.409423,1985486,public,last_trade,0,0,0,0,0,0,0,0,0
1788911656.409423,2328,pg_catalog,pg_foreign_data_wrapper,0,0,0,0,0,0,0,0,0
1788911656.409423,4157,pg_toast,pg_toast_2612,0,0,0,0,0,0,0,0,0
1788911656.409423,1260,pg_catalog,pg_authid,0,0,0,0,0,0,0,0,0
1788911656.409423,6102,pg_catalog,pg_subscription_rel,0,0,0,0,0,0,0,0,0
1788911656.409423,1214,pg_catalog,pg_shdepend,0,0,0,0,0,0,0,0,0
1788911656.409423,4163,pg_toast,pg_toast_2615,0,0,0,0,0,0,0,0,0
1788911656.409423,1985343,public,charge,0,0,0,0,0,0,0,0,0
1788911656.409423,1985440,public,daily_market,0,0,0,0,0,0,0,0,0
1788911656.409423,1985422,public,company,0,0,0,0,0,0,0,0,0
1788911656.409423,4169,pg_toast,pg_toast_3600,0,0,0,0,0,0,0,0,0
1788911656.409423,2615,pg_catalog,pg_namespace,1,4,5,2,0,0,0,0,0
1788911656.409423,2396,pg_catalog,pg_shdescription,0,0,0,0,0,0,0,0,0
1788911656.409423,3600,pg_catalog,pg_ts_dict,0,0,0,0,0,0,0,0,0
1788911656.409423,1985325,public,broker,0,0,0,0,0,0,0,0,0
1788911656.409423,3596,pg_catalog,pg_seclabel,0,0,0,0,0,0,0,0,0
1788911656.409423,1985460,public,financial,0,0,0,0,0,0,0,0,0
1788911656.409423,2609,pg_catalog,pg_description,0,0,0,0,0,0,0,0,0
1788911656.409423,1985351,public,commission_rate,0,0,0,0,0,0,0,0,0
1788911656.409423,13482,pg_toast,pg_toast_13479,0,0,0,0,0,0,0,0,0
1788911656.409423,1985396,public,trade_history,0,0,0,0,0,0,0,0,0
1788911656.409423,3603,pg_catalog,pg_ts_config_map,0,0,0,0,0,0,0,0,0
1788911656.409423,1213,pg_catalog,pg_tablespace,0,0,1,1,0,0,0,0,0
1788911656.409423,2608,pg_catalog,pg_depend,0,0,0,0,0,0,0,0,0
1788911656.409423,2964,pg_catalog,pg_db_role_setting,0,0,0,0,0,0,0,0,0
1788911656.409423,1985283,pg_toast,pg_toast_1985275,0,0,0,0,0,0,0,0,0
1788911656.409423,1418,pg_catalog,pg_user_mapping,0,0,0,0,0,0,0,0,0
1788911656.409423,2613,pg_catalog,pg_largeobject,0,0,0,0,0,0,0,0,0
1788911656.409423,6175,pg_toast,pg_toast_3456,0,0,0,0,0,0,0,0,0
1788911656.409423,1261,pg_catalog,pg_auth_members,0,0,0,0,0,0,0,0,0
1788911656.409423,1985335,public,cash_transaction,0,0,0,0,0,0,0,0,0
1788911656.409423,2617,pg_catalog,pg_operator,0,0,5,5,0,0,0,0,0
1788911656.409423,1985300,pg_toast,pg_toast_1985290,0,0,0,0,0,0,0,0,0
1788911656.409423,1985538,public,address,0,0,0,0,0,0,0,0,0
1788911656.409423,2610,pg_catalog,pg_index,1,221,11,14,0,0,0,0,0
1788911656.409423,1249,pg_catalog,pg_attribute,0,0,75,92,0,0,0,0,0
1788911656.409423,1985512,public,sector,0,0,0,0,0,0,0,0,0
1788911656.409423,1985415,public,trade_type,0,0,0,0,0,0,0,0,0
1788911656.409423,2600,pg_catalog,pg_aggregate,0,0,1,1,0,0,0,0,0
1788911656.409423,2966,pg_toast,pg_toast_2964,0,0,0,0,0,0,0,0,0
1788911656.409423,1985451,public,exchange,0,0,0,0,0,0,0,0,0
1788911656.409423,2618,pg_catalog,pg_rewrite,0,0,1,1,0,0,0,0,0
1788911656.409423,4177,pg_toast,pg_toast_1262,0,0,0,0,0,0,0,0,0
1788911656.409423,13484,information_schema,sql_parts,0,0,,,0,0,0,0,0
1788911656.409423,4159,pg_toast,pg_toast_2600,0,0,0,0,0,0,0,0,0
1788911656.409423,4147,pg_toast,pg_toast_3079,0,0,0,0,0,0,0,0,0
1788911656.409423,13474,information_schema,sql_features,0,0,,,0,0,0,0,0
1788911656.409423,1985394,pg_toast,pg_toast_1985372,0,0,0,0,0,0,0,0,0
1788911656.409423,1247,pg_catalog,pg_type,0,0,19,19,0,0,0,0,0
1788911656.409423,2602,pg_catalog,pg_amop,0,0,12,25,0,0,0,0,0
1788911656.409423,3439,pg_toast,pg_toast_3381,0,0,0,0,0,0,0,0,0
1788911656.409423,2846,pg_toast,pg_toast_2396,0,0,0,0,0,0,0,0,0
1788911656.409423,1985555,public,zip_code,0,0,0,0,0,0,0,0,0
1788911656.409423,1985478,pg_toast,pg_toast_1985460,0,0,0,0,0,0,0,0,0
1788911656.409423,4145,pg_toast,pg_toast_3466,0,0,0,0,0,0,0,0,0
1788911656.409423,3541,pg_catalog,pg_range,0,0,0,0,0,0,0,0,0
1788911656.409423,3602,pg_catalog,pg_ts_config,0,0,0,0,0,0,0,0,0
1788911656.409423,1985333,pg_toast,pg_toast_1985325,0,0,0,0,0,0,0,0,0
1788911656.409423,4183,pg_toast,pg_toast_6100,0,0,0,0,0,0,0,0,0
1788911656.409423,1985496,public,news_item,0,0,0,0,0,0,0,0,0
1788911656.409423,2224,pg_catalog,pg_sequence,0,0,0,0,0,0,0,0,0
1788911656.409423,2611,pg_catalog,pg_inherits,0,0,0,0,0,0,0,0,0
1788911656.409423,1417,pg_catalog,pg_foreign_server,0,0,0,0,0,0,0,0,0
1788911656.409423,1262,pg_catalog,pg_database,0,0,0,0,0,0,0,0,0
1788911656.409423,13492,pg_toast,pg_toast_13489,0,0,0,0,0,0,0,0,0
1788911656.409423,3501,pg_catalog,pg_enum,0,0,0,0,0,0,0,0,0
1788911656.409423,2607,pg_catalog,pg_conversion,0,0,0,0,0,0,0,0,0
1788911656.409423,1985449,pg_toast,pg_toast_1985440,0,0,0,0,0,0,0,0,0
1788911656.409423,826,pg_catalog,pg_default_acl,0,0,0,0,0,0,0,0,0
1788911656.409423,2604,pg_catalog,pg_attrdef,0,0,0,0,0,0,0,0,0
1788911656.409423,2336,pg_toast,pg_toast_2620,0,0,0,0,0,0,0,0,0
1788911656.409423,2603,pg_catalog,pg_amproc,0,0,5,11,0,0,0,0,0
1788911656.409423,2606,pg_catalog,pg_constraint,0,0,3,8,0,0,0,0,0
1788911656.409423,1255,pg_catalog,pg_proc,0,0,19,24,0,0,0,0,0
1788911656.409423,4173,pg_toast,pg_toast_1418,0,0,0,0,0,0,0,0,0
1788911656.409423,1985285,public,customer_taxrate,0,0,0,0,0,0,0,0,0
1788911656.409423,2620,pg_catalog,pg_trigger,0,0,0,0,0,0,0,0,0
1788911656.409423,1985256,public,account_permission,0,0,0,0,0,0,0,0,0
1788911656.409423,1985507,public,news_xref,0,0,0,0,0,0,0,0,0
1788911656.409423,1985480,public,industry,0,0,0,0,0,0,0,0,0
1788911656.409423,2612,pg_catalog,pg_language,0,0,0,0,0,0,0,0,0
1788911656.409423,4149,pg_toast,pg_toast_2328,0,0,0,0,0,0,0,0,0
1788911656.409423,6351,pg_toast,pg_toast_2610,0,0,0,0,0,0,0,0,0
1788911656.409423,13489,information_schema,sql_sizing,0,0,,,0,0,0,0,0
1788911656.409423,1985494,pg_toast,pg_toast_1985486,0,0,0,0,0,0,0,0,0
1788911656.409423,3598,pg_toast,pg_toast_3596,0,0,0,0,0,0,0,0,0
1788911656.409423,2836,pg_toast,pg_toast_1255,0,0,0,0,0,0,0,0,0
1788911656.409423,3456,pg_catalog,pg_collation,0,0,0,0,0,0,0,0,0
1788911656.409423,3079,pg_catalog,pg_extension,0,0,0,0,0,0,0,0,0
1788911656.409423,6100,pg_catalog,pg_subscription,0,0,0,0,0,0,0,0,0
1788911656.409423,2832,pg_toast,pg_toast_2606,0,0,0,0,0,0,0,0,0
1788911656.409423,3256,pg_catalog,pg_policy,0,0,0,0,0,0,0,0,0
1788911656.409423,1985302,public,holding_history,0,0,0,0,0,0,0,0,0
1788911656.409423,1985517,public,security,0,0,0,0,0,0,0,0,0
1788911656.409423,3466,pg_catalog,pg_event_trigger,0,0,0,0,0,0,0,0,0
1788911656.409423,3592,pg_catalog,pg_shseclabel,0,0,0,0,0,0,0,0,0
1788911656.409423,3764,pg_catalog,pg_ts_template,0,0,0,0,0,0,0,0,0
1788911656.409423,6237,pg_catalog,pg_publication_namespace,0,0,0,0,0,0,0,0,0
1788911656.409423,13487,pg_toast,pg_toast_13484,0,0,0,0,0,0,0,0,0
1788911656.409423,2995,pg_catalog,pg_largeobject_metadata,0,0,0,0,0,0,0,0,0
1788911656.409423,1985275,public,customer_account,0,0,0,0,0,0,0,0,0
1788911656.409423,4143,pg_toast,pg_toast_826,0,0,0,0,0,0,0,0,0
1788911656.409423,4185,pg_toast,pg_toast_1213,0,0,0,0,0,0,0,0,0
1788911656.409423,6243,pg_catalog,pg_parameter_acl,0,0,0,0,0,0,0,0,0
1788911656.409423,2616,pg_catalog,pg_opclass,0,0,8,134,0,0,0,0,0
1788911656.409423,1985290,public,holding,0,0,0,0,0,0,0,0,0
1788911656.409423,2838,pg_toast,pg_toast_2618,0,0,1,3,0,0,0,0,0
1788911656.409423,6228,pg_toast,pg_toast_6106,0,0,0,0,0,0,0,0,0
1788911656.409423,1985349,pg_toast,pg_toast_1985343,0,0,0,0,0,0,0,0,0
1788911656.409423,1985434,public,company_competitor,0,0,0,0,0,0,0,0,0
1788911656.409423,1985370,pg_toast,pg_toast_1985363,0,0,0,0,0,0,0,0,0
1788911656.409423,1985505,pg_toast,pg_toast_1985496,0,0,0,0,0,0,0,0,0
1788911656.409423,1985264,public,customer,0,0,0,0,0,0,0,0,0
1788911656.409423,3118,pg_catalog,pg_foreign_table,0,0,0,0,0,0,0,0,0
1788911656.409423,1259,pg_catalog,pg_class,1,523,12,12,0,0,0,0,0
1788911656.409423,3350,pg_catalog,pg_partitioned_table,0,0,0,0,0,0,0,0,0
1788911656.409423,4153,pg_toast,pg_toast_3118,0,0,0,0,0,0,0,0,0
1788911656.409423,4060,pg_toast,pg_toast_3592,0,0,0,0,0,0,0,0,0
1788911656.409423,1985543,public,status_type,0,0,0,0,0,0,0,0,0
1788911656.409423,4165,pg_toast,pg_toast_3350,0,0,0,0,0,0,0,0,0
1788911656.409423,1985402,public,trade_request,0,0,0,0,0,0,0,0,0
1788911656.409423,2753,pg_catalog,pg_opfamily,0,0,2,2,0,0,0,0,0
1788911656.409423,3601,pg_catalog,pg_ts_parser,0,0,0,0,0,0,0,0,0
1788911656.409423,6104,pg_catalog,pg_publication,0,0,0,0,0,0,0,0,0
1788911656.409423,13477,pg_toast,pg_toast_13474,0,0,0,0,0,0,0,0,0
1788911656.409423,3429,pg_catalog,pg_statistic_ext_data,0,0,0,0,0,0,0,0,0
1788911656.409423,2619,pg_catalog,pg_statistic,0,0,17,8,0,0,0,0,0
1788911656.409423,4155,pg_toast,pg_toast_3394,0,0,0,0,0,0,0,0,0
1788911656.409423,1985548,public,taxrate,0,0,0,0,0,0,0,0,0
1788911656.409423,3381,pg_catalog,pg_statistic_ext,0,0,3,0,0,0,0,0,0
1788911656.409423,6106,pg_catalog,pg_publication_rel,0,0,0,0,0,0,0,0,0
1788911656.409423,1985372,public,trade,0,0,0,0,0,0,0,0,0
1788911656.409423,2605,pg_catalog,pg_cast,0,0,34,7,0,0,0,0,0
1788911656.409423,4171,pg_toast,pg_toast_1247,0,0,0,0,0,0,0,0,0
1788911656.409423,2830,pg_toast,pg_toast_2604,0,0,0,0,0,0,0,0,0
1788911656.409423,1985309,public,holding_summary,0,0,0,0,0,0,0,0,0
1788911656.409423,1985413,pg_toast,pg_toast_1985402,0,0,0,0,0,0,0,0,0
1788911656.409423,13479,information_schema,sql_implementation_info,0,0,,,0,0,0,0,0
1788911656.409423,1985341,pg_toast,pg_toast_1985335,0,0,0,0,0,0,0,0,0
1788911656.409423,6244,pg_toast,pg_toast_6243,0,0,0,0,0,0,0,0,0
1788911656.409423,1985315,public,watch_item,0,0,0,0,0,0,0,0,0
1788911656.409423,3430,pg_toast,pg_toast_3429,0,0,0,0,0,0,0,0,0
1788911656.409423,1985320,public,watch_list,0,0,0,0,0,0,0,0,0
1788911716.522171,1985536,pg_toast,pg_toast_1985517,0,0,0,0,0,0,0,0,0
1788911716.522171,3576,pg_catalog,pg_transform,0,0,0,0,0,0,0,0,0
1788911716.522171,2601,pg_catalog,pg_am,0,0,0,0,0,0,0,0,0
1788911716.522171,1985363,public,settlement,0,0,0,0,0,0,0,0,0
1788911716.522171,3394,pg_catalog,pg_init_privs,0,0,0,0,0,0,0,0,0
1788911716.522171,4167,pg_toast,pg_toast_3256,0,0,0,0,0,0,0,0,0
1788911716.522171,4151,pg_toast,pg_toast_1417,0,0,0,0,0,0,0,0,0
1788911716.522171,2834,pg_toast,pg_toast_2609,0,0,0,0,0,0,0,0,0
1788911716.522171,6000,pg_catalog,pg_replication_origin,0,0,0,0,0,0,0,0,0
1788911716.522171,2840,pg_toast,pg_toast_2619,0,0,0,0,0,0,0,0,0
1788911716.522171,1985486,public,last_trade,0,0,0,0,0,0,0,0,0
1788911716.522171,2328,pg_catalog,pg_foreign_data_wrapper,0,0,0,0,0,0,0,0,0
1788911716.522171,4157,pg_toast,pg_toast_2612,0,0,0,0,0,0,0,0,0
1788911716.522171,1260,pg_catalog,pg_authid,0,0,0,0,0,0,0,0,0
1788911716.522171,6102,pg_catalog,pg_subscription_rel,0,0,0,0,0,0,0,0,0
1788911716.522171,1214,pg_catalog,pg_shdepend,0,0,0,0,0,0,0,0,0
1788911716.522171,4163,pg_toast,pg_toast_2615,0,0,0,0,0,0,0,0,0
1788911716.522171,1985343,public,charge,0,0,0,0,0,0,0,0,0
1788911716.522171,1985440,public,daily_market,0,0,0,0,0,0,0,0,0
1788911716.522171,1985422,public,company,0,0,0,0,0,0,0,0,0
1788911716.522171,4169,pg_toast,pg_toast_3600,0,0,0,0,0,0,0,0,0
1788911716.522171,2615,pg_catalog,pg_namespace,1,4,5,2,0,0,0,0,0
1788911716.522171,2396,pg_catalog,pg_shdescription,0,0,0,0,0,0,0,0,0
1788911716.522171,3600,pg_catalog,pg_ts_dict,0,0,0,0,0,0,0,0,0
1788911716.522171,1985325,public,broker,0,0,0,0,0,0,0,0,0
1788911716.522171,3596,pg_catalog,pg_seclabel,0,0,0,0,0,0,0,0,0
1788911716.522171,1985460,public,financial,0,0,0,0,0,0,0,0,0
1788911716.522171,2609,pg_catalog,pg_description,0,0,0,0,0,0,0,0,0
1788911716.522171,1985351,public,commission_rate,0,0,0,0,0,0,0,0,0
1788911716.522171,13482,pg_toast,pg_toast_13479,0,0,0,0,0,0,0,0,0
1788911716.522171,1985396,public,trade_history,0,0,0,0,0,0,0,0,0
1788911716.522171,3603,pg_catalog,pg_ts_config_map,0,0,0,0,0,0,0,0,0
1788911716.522171,1213,pg_catalog,pg_tablespace,0,0,1,1,0,0,0,0,0
1788911716.522171,2608,pg_catalog,pg_depend,0,0,0,0,0,0,0,0,0
1788911716.522171,2964,pg_catalog,pg_db_role_setting,0,0,0,0,0,0,0,0,0
1788911716.522171,1985283,pg_toast,pg_toast_1985275,0,0,0,0,0,0,0,0,0
1788911716.522171,1418,pg_catalog,pg_user_mapping,0,0,0,0,0,0,0,0,0
1788911716.522171,2613,pg_catalog,pg_largeobject,0,0,0,0,0,0,0,0,0
1788911716.522171,6175,pg_toast,pg_toast_3456,0,0,0,0,0,0,0,0,0
1788911716.522171,1261,pg_catalog,pg_auth_members,0,0,0,0,0,0,0,0,0
1788911716.522171,1985335,public,cash_transaction,0,0,0,0,0,0,0,0,0
1788911716.522171,2617,pg_catalog,pg_operator,0,0,5,5,0,0,0,0,0
1788911716.522171,1985300,pg_toast,pg_toast_1985290,0,0,0,0,0,0,0,0,0
1788911716.522171,1985538,public,address,0,0,0,0,0,0,0,0,0
1788911716.522171,2610,pg_catalog,pg_index,1,221,11,14,0,0,0,0,0
1788911716.522171,1249,pg_catalog,pg_attribute,0,0,75,92,0,0,0,0,0
1788911716.522171,1985512,public,sector,0,0,0,0,0,0,0,0,0
1788911716.522171,1985415,public,trade_type,0,0,0,0,0,0,0,0,0
1788911716.522171,2600,pg_catalog,pg_aggregate,0,0,1,1,0,0,0,0,0
1788911716.522171,2966,pg_toast,pg_toast_2964,0,0,0,0,0,0,0,0,0
1788911716.522171,1985451,public,exchange,0,0,0,0,0,0,0,0,0
1788911716.522171,2618,pg_catalog,pg_rewrite,0,0,1,1,0,0,0,0,0
1788911716.522171,4177,pg_toast,pg_toast_1262,0,0,0,0,0,0,0,0,0
1788911716.522171,13484,information_schema,sql_parts,0,0,,,0,0,0,0,0
1788911716.522171,4159,pg_toast,pg_toast_2600,0,0,0,0,0,0,0,0,0
1788911716.522171,4147,pg_toast,pg_toast_3079,0,0,0,0,0,0,0,0,0
1788911716.522171,13474,information_schema,sql_features,0,0,,,0,0,0,0,0
1788911716.522171,1985394,pg_toast,pg_toast_1985372,0,0,0,0,0,0,0,0,0
1788911716.522171,1247,pg_catalog,pg_type,0,0,19,19,0,0,0,0,0
1788911716.522171,2602,pg_catalog,pg_amop,0,0,12,25,0,0,0,0,0
1788911716.522171,3439,pg_toast,pg_toast_3381,0,0,0,0,0,0,0,0,0
1788911716.522171,2846,pg_toast,pg_toast_2396,0,0,0,0,0,0,0,0,0
1788911716.522171,1985555,public,zip_code,0,0,0,0,0,0,0,0,0
1788911716.522171,1985478,pg_toast,pg_toast_1985460,0,0,0,0,0,0,0,0,0
1788911716.522171,4145,pg_toast,pg_toast_3466,0,0,0,0,0,0,0,0,0
1788911716.522171,3541,pg_catalog,pg_range,0,0,0,0,0,0,0,0,0
1788911716.522171,3602,pg_catalog,pg_ts_config,0,0,0,0,0,0,0,0,0
1788911716.522171,1985333,pg_toast,pg_toast_1985325,0,0,0,0,0,0,0,0,0
1788911716.522171,4183,pg_toast,pg_toast_6100,0,0,0,0,0,0,0,0,0
1788911716.522171,1985496,public,news_item,0,0,0,0,0,0,0,0,0
1788911716.522171,2224,pg_catalog,pg_sequence,0,0,0,0,0,0,0,0,0
1788911716.522171,2611,pg_catalog,pg_inherits,0,0,0,0,0,0,0,0,0
1788911716.522171,1417,pg_catalog,pg_foreign_server,0,0,0,0,0,0,0,0,0
1788911716.522171,1262,pg_catalog,pg_database,0,0,0,0,0,0,0,0,0
1788911716.522171,13492,pg_toast,pg_toast_13489,0,0,0,0,0,0,0,0,0
1788911716.522171,3501,pg_catalog,pg_enum,0,0,0,0,0,0,0,0,0
1788911716.522171,2607,pg_catalog,pg_conversion,0,0,0,0,0,0,0,0,0
1788911716.522171,1985449,pg_toast,pg_toast_1985440,0,0,0,0,0,0,0,0,0
1788911716.522171,826,pg_catalog,pg_default_acl,0,0,0,0,0,0,0,0,0
1788911716.522171,2604,pg_catalog,pg_attrdef,0,0,0,0,0,0,0,0,0
1788911716.522171,2336,pg_toast,pg_toast_2620,0,0,0,0,0,0,0,0,0
1788911716.522171,2603,pg_catalog,pg_amproc,0,0,5,11,0,0,0,0,0
1788911716.522171,2606,pg_catalog,pg_constraint,0,0,3,8,0,0,0,0,0
1788911716.522171,1255,pg_catalog,pg_proc,0,0,19,24,0,0,0,0,0
1788911716.522171,4173,pg_toast,pg_toast_1418,0,0,0,0,0,0,0,0,0
1788911716.522171,1985285,public,customer_taxrate,0,0,0,0,0,0,0,0,0
1788911716.522171,2620,pg_catalog,pg_trigger,0,0,0,0,0,0,0,0,0
1788911716.522171,1985256,public,account_permission,0,0,0,0,0,0,0,0,0
1788911716.522171,1985507,public,news_xref,0,0,0,0,0,0,0,0,0
1788911716.522171,1985480,public,industry,0,0,0,0,0,0,0,0,0
1788911716.522171,2612,pg_catalog,pg_language,0,0,0,0,0,0,0,0,0
1788911716.522171,4149,pg_toast,pg_toast_2328,0,0,0,0,0,0,0,0,0
1788911716.522171,6351,pg_toast,pg_toast_2610,0,0,0,0,0,0,0,0,0
1788911716.522171,13489,information_schema,sql_sizing,0,0,,,0,0,0,0,0
1788911716.522171,1985494,pg_toast,pg_toast_1985486,0,0,0,0,0,0,0,0,0
1788911716.522171,3598,pg_toast,pg_toast_3596,0,0,0,0,0,0,0,0,0
1788911716.522171,2836,pg_toast,pg_toast_1255,0,0,0,0,0,0,0,0,0
1788911716.522171,3456,pg_catalog,pg_collation,0,0,0,0,0,0,0,0,0
1788911716.522171,3079,pg_catalog,pg_extension,0,0,0,0,0,0,0,0,0
1788911716.522171,6100,pg_catalog,pg_subscription,0,0,0,0,0,0,0,0,0
1788911716.522171,2832,pg_toast,pg_toast_2606,0,0,0,0,0,0,0,0,0
1788911716.522171,3256,pg_catalog,pg_policy,0,0,0,0,0,0,0,0,0
1788911716.522171,1985302,public,holding_history,0,0,0,0,0,0,0,0,0
1788911716.522171,1985517,public,security,0,0,0,0,0,0,0,0,0
1788911716.522171,3466,pg_catalog,pg_event_trigger,0,0,0,0,0,0,0,0,0
1788911716.522171,3592,pg_catalog,pg_shseclabel,0,0,0,0,0,0,0,0,0
1788911716.522171,3764,pg_catalog,pg_ts_template,0,0,0,0,0,0,0,0,0
1788911716.522171,6237,pg_catalog,pg_publication_namespace,0,0,0,0,0,0,0,0,0
1788911716.522171,13487,pg_toast,pg_toast_13484,0,0,0,0,0,0,0,0,0
1788911716.522171,2995,pg_catalog,pg_largeobject_metadata,0,0,0,0,0,0,0,0,0
1788911716.522171,1985275,public,customer_account,0,0,0,0,0,0,0,0,0
1788911716.522171,4143,pg_toast,pg_toast_826,0,0,0,0,0,0,0,0,0
1788911716.522171,4185,pg_toast,pg_toast_1213,0,0,0,0,0,0,0,0,0
1788911716.522171,6243,pg_catalog,pg_parameter_acl,0,0,0,0,0,0,0,0,0
1788911716.522171,2616,pg_catalog,pg_opclass,0,0,8,134,0,0,0,0,0
1788911716.522171,1985290,public,holding,0,0,0,0,0,0,0,0,0
1788911716.522171,2838,pg_toast,pg_toast_2618,0,0,1,3,0,0,0,0,0
1788911716.522171,6228,pg_toast,pg_toast_6106,0,0,0,0,0,0,0,0,0
1788911716.522171,1985349,pg_toast,pg_toast_1985343,0,0,0,0,0,0,0,0,0
1788911716.522171,1985434,public,company_competitor,0,0,0,0,0,0,0,0,0
1788911716.522171,1985370,pg_toast,pg_toast_1985363,0,0,0,0,0,0,0,0,0
1788911716.522171,1985505,pg_toast,pg_toast_1985496,0,0,0,0,0,0,0,0,0
1788911716.522171,1985264,public,customer,0,0,0,0,0,0,0,0,0
1788911716.522171,3118,pg_catalog,pg_foreign_table,0,0,0,0,0,0,0,0,0
1788911716.522171,1259,pg_catalog,pg_class,1,523,12,12,0,0,0,0,0
1788911716.522171,3350,pg_catalog,pg_partitioned_table,0,0,0,0,0,0,0,0,0
1788911716.522171,4153,pg_toast,pg_toast_3118,0,0,0,0,0,0,0,0,0
1788911716.522171,4060,pg_toast,pg_toast_3592,0,0,0,0,0,0,0,0,0
1788911716.522171,1985543,public,status_type,0,0,0,0,0,0,0,0,0
1788911716.522171,4165,pg_toast,pg_toast_3350,0,0,0,0,0,0,0,0,0
1788911716.522171,1985402,public,trade_request,0,0,0,0,0,0,0,0,0
1788911716.522171,2753,pg_catalog,pg_opfamily,0,0,2,2,0,0,0,0,0
1788911716.522171,3601,pg_catalog,pg_ts_parser,0,0,0,0,0,0,0,0,0
1788911716.522171,6104,pg_catalog,pg_publication,0,0,0,0,0,0,0,0,0
1788911716.522171,13477,pg_toast,pg_toast_13474,0,0,0,0,0,0,0,0,0
1788911716.522171,3429,pg_catalog,pg_statistic_ext_data,0,0,0,0,0,0,0,0,0
1788911716.522171,2619,pg_catalog,pg_statistic,0,0,17,8,0,0,0,0,0
1788911716.522171,4155,pg_toast,pg_toast_3394,0,0,0,0,0,0,0,0,0
1788911716.522171,1985548,public,taxrate,0,0,0,0,0,0,0,0,0
1788911716.522171,3381,pg_catalog,pg_statistic_ext,0,0,3,0,0,0,0,0,0
1788911716.522171,6106,pg_catalog,pg_publication_rel,0,0,0,0,0,0,0,0,0
1788911716.522171,1985372,public,trade,0,0,0,0,0,0,0,0,0
1788911716.522171,2605,pg_catalog,pg_cast,0,0,34,7,0,0,0,0,0
1788911716.522171,4171,pg_toast,pg_toast_1247,0,0,0,0,0,0,0,0,0
1788911716.522171,2830,pg_toast,pg_toast_2604,0,0,0,0,0,0,0,0,0
1788911716.522171,1985309,public,holding_summary,0,0,0,0,0,0,0,0,0
1788911716.522171,1985413,pg_toast,pg_toast_1985402,0,0,0,0,0,0,0,0,0
1788911716.522171,13479,information_schema,sql_implementation_info,0,0,,,0,0,0,0,0
1788911716.522171,1985341,pg_toast,pg_toast_1985335,0,0,0,0,0,0,0,0,0
1788911716.522171,6244,pg_toast,pg_toast_6243,0,0,0,0,0,0,0,0,0
1788911716.522171,1985315,public,watch_item,0,0,0,0,0,0,0,0,0
1788911716.522171,3430,pg_toast,pg_toast_3429,0,0,0,0,0,0,0,0,0
1788911716.522171,1985320,public,watch_list,0,0,0,0,0,0,0,0,0
1788911776.660529,1985536,pg_toast,pg_toast_1985517,0,0,0,0,0,0,0,0,0
1788911776.660529,3576,pg_catalog,pg_transform,0,0,0,0,0,0,0,0,0
1788911776.660529,2601,pg_catalog,pg_am,0,0,0,0,0,0,0,0,0
1788911776.660529,1985363,public,settlement,0,0,0,0,0,0,0,0,0
1788911776.660529,3394,pg_catalog,pg_init_privs,0,0,0,0,0,0,0,0,0
1788911776.660529,4167,pg_toast,pg_toast_3256,0,0,0,0,0,0,0,0,0
1788911776.660529,4151,pg_toast,pg_toast_1417,0,0,0,0,0,0,0,0,0
1788911776.660529,2834,pg_toast,pg_toast_2609,0,0,0,0,0,0,0,0,0
1788911776.660529,6000,pg_catalog,pg_replication_origin,0,0,0,0,0,0,0,0,0
1788911776.660529,2840,pg_toast,pg_toast_2619,0,0,0,0,0,0,0,0,0
1788911776.660529,1985486,public,last_trade,0,0,0,0,0,0,0,0,0
1788911776.660529,2328,pg_catalog,pg_foreign_data_wrapper,0,0,0,0,0,0,0,0,0
1788911776.660529,4157,pg_toast,pg_toast_2612,0,0,0,0,0,0,0,0,0
1788911776.660529,1260,pg_catalog,pg_authid,0,0,0,0,0,0,0,0,0
1788911776.660529,6102,pg_catalog,pg_subscription_rel,0,0,0,0,0,0,0,0,0
1788911776.660529,1214,pg_catalog,pg_shdepend,0,0,0,0,0,0,0,0,0
1788911776.660529,4163,pg_toast,pg_toast_2615,0,0,0,0,0,0,0,0,0
1788911776.660529,1985343,public,charge,0,0,0,0,0,0,0,0,0
1788911776.660529,1985440,public,daily_market,0,0,0,0,0,0,0,0,0
1788911776.660529,1985422,public,company,0,0,0,0,0,0,0,0,0
1788911776.660529,4169,pg_toast,pg_toast_3600,0,0,0,0,0,0,0,0,0
1788911776.660529,2615,pg_catalog,pg_namespace,1,4,5,2,0,0,0,0,0
1788911776.660529,2396,pg_catalog,pg_shdescription,0,0,0,0,0,0,0,0,0
1788911776.660529,3600,pg_catalog,pg_ts_dict,0,0,0,0,0,0,0,0,0
1788911776.660529,1985325,public,broker,0,0,0,0,0,0,0,0,0
1788911776.660529,3596,pg_catalog,pg_seclabel,0,0,0,0,0,0,0,0,0
1788911776.660529,1985460,public,financial,0,0,0,0,0,0,0,0,0
1788911776.660529,2609,pg_catalog,pg_description,0,0,0,0,0,0,0,0,0
1788911776.660529,1985351,public,commission_rate,0,0,0,0,0,0,0,0,0
1788911776.660529,13482,pg_toast,pg_toast_13479,0,0,0,0,0,0,0,0,0
1788911776.660529,1985396,public,trade_history,0,0,0,0,0,0,0,0,0
1788911776.660529,3603,pg_catalog,pg_ts_config_map,0,0,0,0,0,0,0,0,0
1788911776.660529,1213,pg_catalog,pg_tablespace,0,0,1,1,0,0,0,0,0
1788911776.660529,2608,pg_catalog,pg_depend,0,0,0,0,0,0,0,0,0
1788911776.660529,2964,pg_catalog,pg_db_role_setting,0,0,0,0,0,0,0,0,0
1788911776.660529,1985283,pg_toast,pg_toast_1985275,0,0,0,0,0,0,0,0,0
1788911776.660529,1418,pg_catalog,pg_user_mapping,0,0,0,0,0,0,0,0,0
1788911776.660529,2613,pg_catalog,pg_largeobject,0,0,0,0,0,0,0,0,0
1788911776.660529,6175,pg_toast,pg_toast_3456,0,0,0,0,0,0,0,0,0
1788911776.660529,1261,pg_catalog,pg_auth_members,0,0,0,0,0,0,0,0,0
1788911776.660529,1985335,public,cash_transaction,0,0,0,0,0,0,0,0,0
1788911776.660529,2617,pg_catalog,pg_operator,0,0,5,5,0,0,0,0,0
1788911776.660529,1985300,pg_toast,pg_toast_1985290,0,0,0,0,0,0,0,0,0
1788911776.660529,1985538,public,address,0,0,0,0,0,0,0,0,0
1788911776.660529,2610,pg_catalog,pg_index,1,221,11,14,0,0,0,0,0
1788911776.660529,1249,pg_catalog,pg_attribute,0,0,75,92,0,0,0,0,0
1788911776.660529,1985512,public,sector,0,0,0,0,0,0,0,0,0
1788911776.660529,1985415,public,trade_type,0,0,0,0,0,0,0,0,0
1788911776.660529,2600,pg_catalog,pg_aggregate,0,0,1,1,0,0,0,0,0
1788911776.660529,2966,pg_toast,pg_toast_2964,0,0,0,0,0,0,0,0,0
1788911776.660529,1985451,public,exchange,0,0,0,0,0,0,0,0,0
1788911776.660529,2618,pg_catalog,pg_rewrite,0,0,1,1,0,0,0,0,0
1788911776.660529,4177,pg_toast,pg_toast_1262,0,0,0,0,0,0,0,0,0
1788911776.660529,13484,information_schema,sql_parts,0,0,,,0,0,0,0,0
1788911776.660529,4159,pg_toast,pg_toast_2600,0,0,0,0,0,0,0,0,0
1788911776.660529,4147,pg_toast,pg_toast_3079,0,0,0,0,0,0,0,0,0
1788911776.660529,13474,information_schema,sql_features,0,0,,,0,0,0,0,0
1788911776.660529,1985394,pg_toast,pg_toast_1985372,0,0,0,0,0,0,0,0,0
1788911776.660529,1247,pg_catalog,pg_type,0,0,19,19,0,0,0,0,0
1788911776.660529,2602,pg_catalog,pg_amop,0,0,12,25,0,0,0,0,0
1788911776.660529,3439,pg_toast,pg_toast_3381,0,0,0,0,0,0,0,0,0
1788911776.660529,2846,pg_toast,pg_toast_2396,0,0,0,0,0,0,0,0,0
1788911776.660529,1985555,public,zip_code,0,0,0,0,0,0,0,0,0
1788911776.660529,1985478,pg_toast,pg_toast_1985460,0,0,0,0,0,0,0,0,0
1788911776.660529,4145,pg_toast,pg_toast_3466,0,0,0,0,0,0,0,0,0
1788911776.660529,3541,pg_catalog,pg_range,0,0,0,0,0,0,0,0,0
1788911776.660529,3602,pg_catalog,pg_ts_config,0,0,0,0,0,0,0,0,0
1788911776.660529,1985333,pg_toast,pg_toast_1985325,0,0,0,0,0,0,0,0,0
1788911776.660529,4183,pg_toast,pg_toast_6100,0,0,0,0,0,0,0,0,0
1788911776.660529,1985496,public,news_item,0,0,0,0,0,0,0,0,0
1788911776.660529,2224,pg_catalog,pg_sequence,0,0,0,0,0,0,0,0,0
1788911776.660529,2611,pg_catalog,pg_inherits,0,0,0,0,0,0,0,0,0
1788911776.660529,1417,pg_catalog,pg_foreign_server,0,0,0,0,0,0,0,0,0
1788911776.660529,1262,pg_catalog,pg_database,0,0,0,0,0,0,0,0,0
1788911776.660529,13492,pg_toast,pg_toast_13489,0,0,0,0,0,0,0,0,0
1788911776.660529,3501,pg_catalog,pg_enum,0,0,0,0,0,0,0,0,0
1788911776.660529,2607,pg_catalog,pg_conversion,0,0,0,0,0,0,0,0,0
1788911776.660529,1985449,pg_toast,pg_toast_1985440,0,0,0,0,0,0,0,0,0
1788911776.660529,826,pg_catalog,pg_default_acl,0,0,0,0,0,0,0,0,0
1788911776.660529,2604,pg_catalog,pg_attrdef,0,0,0,0,0,0,0,0,0
1788911776.660529,2336,pg_toast,pg_toast_2620,0,0,0,0,0,0,0,0,0
1788911776.660529,2603,pg_catalog,pg_amproc,0,0,5,11,0,0,0,0,0
1788911776.660529,2606,pg_catalog,pg_constraint,0,0,3,8,0,0,0,0,0
1788911776.660529,1255,pg_catalog,pg_proc,0,0,19,24,0,0,0,0,0
1788911776.660529,4173,pg_toast,pg_toast_1418,0,0,0,0,0,0,0,0,0
1788911776.660529,1985285,public,customer_taxrate,0,0,0,0,0,0,0,0,0
1788911776.660529,2620,pg_catalog,pg_trigger,0,0,0,0,0,0,0,0,0
1788911776.660529,1985256,public,account_permission,0,0,0,0,0,0,0,0,0
1788911776.660529,1985507,public,news_xref,0,0,0,0,0,0,0,0,0
1788911776.660529,1985480,public,industry,0,0,0,0,0,0,0,0,0
1788911776.660529,2612,pg_catalog,pg_language,0,0,0,0,0,0,0,0,0
1788911776.660529,4149,pg_toast,pg_toast_2328,0,0,0,0,0,0,0,0,0
1788911776.660529,6351,pg_toast,pg_toast_2610,0,0,0,0,0,0,0,0,0
1788911776.660529,13489,information_schema,sql_sizing,0,0,,,0,0,0,0,0
1788911776.660529,1985494,pg_toast,pg_toast_1985486,0,0,0,0,0,0,0,0,0
1788911776.660529,3598,pg_toast,pg_toast_3596,0,0,0,0,0,0,0,0,0
1788911776.660529,2836,pg_toast,pg_toast_1255,0,0,0,0,0,0,0,0,0
1788911776.660529,3456,pg_catalog,pg_collation,0,0,0,0,0,0,0,0,0
1788911776.660529,3079,pg_catalog,pg_extension,0,0,0,0,0,0,0,0,0
1788911776.660529,6100,pg_catalog,pg_subscription,0,0,0,0,0,0,0,0,0
1788911776.660529,2832,pg_toast,pg_toast_2606,0,0,0,0,0,0,0,0,0
1788911776.660529,3256,pg_catalog,pg_policy,0,0,0,0,0,0,0,0,0
1788911776.660529,1985302,public,holding_history,0,0,0,0,0,0,0,0,0
1788911776.660529,1985517,public,security,0,0,0,0,0,0,0,0,0
1788911776.660529,3466,pg_catalog,pg_event_trigger,0,0,0,0,0,0,0,0,0
1788911776.660529,3592,pg_catalog,pg_shseclabel,0,0,0,0,0,0,0,0,0
1788911776.660529,3764,pg_catalog,pg_ts_template,0,0,0,0,0,0,0,0,0
1788911776.660529,6237,pg_catalog,pg_publication_namespace,0,0,0,0,0,0,0,0,0
1788911776.660529,13487,pg_toast,pg_toast_13484,0,0,0,0,0,0,0,0,0
1788911776.660529,2995,pg_catalog,pg_largeobject_metadata,0,0,0,0,0,0,0,0,0
1788911776.660529,1985275,public,customer_account,0,0,0,0,0,0,0,0,0
1788911776.660529,4143,pg_toast,pg_toast_826,0,0,0,0,0,0,0,0,0
1788911776.660529,4185,pg_toast,pg_toast_1213,0,0,0,0,0,0,0,0,0
1788911776.660529,6243,pg_catalog,pg_parameter_acl,0,0,0,0,0,0,0,0,0
1788911776.660529,2616,pg_catalog,pg_opclass,0,0,8,134,0,0,0,0,0
1788911776.660529,1985290,public,holding,0,0,0,0,0,0,0,0,0
1788911776.660529,2838,pg_toast,pg_toast_2618,0,0,1,3,0,0,0,0,0
1788911776.660529,6228,pg_toast,pg_toast_6106,0,0,0,0,0,0,0,0,0
1788911776.660529,1985349,pg_toast,pg_toast_1985343,0,0,0,0,0,0,0,0,0
1788911776.660529,1985434,public,company_competitor,0,0,0,0,0,0,0,0,0
1788911776.660529,1985370,pg_toast,pg_toast_1985363,0,0,0,0,0,0,0,0,0
1788911776.660529,1985505,pg_toast,pg_toast_1985496,0,0,0,0,0,0,0,0,0
1788911776.660529,1985264,public,customer,0,0,0,0,0,0,0,0,0
1788911776.660529,3118,pg_catalog,pg_foreign_table,0,0,0,0,0,0,0,0,0
1788911776.660529,1259,pg_catalog,pg_class,1,523,12,12,0,0,0,0,0
1788911776.660529,3350,pg_catalog,pg_partitioned_table,0,0,0,0,0,0,0,0,0
1788911776.660529,4153,pg_toast,pg_toast_3118,0,0,0,0,0,0,0,0,0
1788911776.660529,4060,pg_toast,pg_toast_3592,0,0,0,0,0,0,0,0,0
1788911776.660529,1985543,public,status_type,0,0,0,0,0,0,0,0,0
1788911776.660529,4165,pg_toast,pg_toast_3350,0,0,0,0,0,0,0,0,0
1788911776.660529,1985402,public,trade_request,0,0,0,0,0,0,0,0,0
1788911776.660529,2753,pg_catalog,pg_opfamily,0,0,2,2,0,0,0,0,0
1788911776.660529,3601,pg_catalog,pg_ts_parser,0,0,0,0,0,0,0,0,0
1788911776.660529,6104,pg_catalog,pg_publication,0,0,0,0,0,0,0,0,0
1788911776.660529,13477,pg_toast,pg_toast_13474,0,0,0,0,0,0,0,0,0
1788911776.660529,3429,pg_catalog,pg_statistic_ext_data,0,0,0,0,0,0,0,0,0
1788911776.660529,2619,pg_catalog,pg_statistic,0,0,17,8,0,0,0,0,0
1788911776.660529,4155,pg_toast,pg_toast_3394,0,0,0,0,0,0,0,0,0
1788911776.660529,1985548,public,taxrate,0,0,0,0,0,0,0,0,0
1788911776.660529,3381,pg_catalog,pg_statistic_ext,0,0,3,0,0,0,0,0,0
1788911776.660529,6106,pg_catalog,pg_publication_rel,0,0,0,0,0,0,0,0,0
1788911776.660529,1985372,public,trade,0,0,0,0,0,0,0,0,0
1788911776.660529,2605,pg_catalog,pg_cast,0,0,34,7,0,0,0,0,0
1788911776.660529,4171,pg_toast,pg_toast_1247,0,0,0,0,0,0,0,0,0
1788911776.660529,2830,pg_toast,pg_toast_2604,0,0,0,0,0,0,0,0,0
1788911776.660529,1985309,public,holding_summary,0,0,0,0,0,0,0,0,0
1788911776.660529,1985413,pg_toast,pg_toast_1985402,0,0,0,0,0,0,0,0,0
1788911776.660529,13479,information_schema,sql_implementation_info,0,0,,,0,0,0,0,0
1788911776.660529,1985341,pg_toast,pg_toast_1985335,0,0,0,0,0,0,0,0,0
1788911776.660529,6244,pg_toast,pg_toast_6243,0,0,0,0,0,0,0,0,0
1788911776.660529,1985315,public,watch_item,0,0,0,0,0,0,0,0,0
1788911776.660529,3430,pg_toast,pg_toast_3429,0,0,0,0,0,0,0,0,0
1788911776.660529,1985320,public,watch_list,0,0,0,0,0,0,0,0,0
1788911836.779353,1985536,pg_toast,pg_toast_1985517,0,0,0,0,0,0,0,0,0
1788911836.779353,3576,pg_catalog,pg_transform,0,0,0,0,0,0,0,0,0
1788911836.779353,2601,pg_catalog,pg_am,0,0,0,0,0,0,0,0,0
1788911836.779353,1985363,public,settlement,0,0,0,0,0,0,0,0,0
1788911836.779353,3394,pg_catalog,pg_init_privs,0,0,0,0,0,0,0,0,0
1788911836.779353,4167,pg_toast,pg_toast_3256,0,0,0,0,0,0,0,0,0
1788911836.779353,4151,pg_toast,pg_toast_1417,0,0,0,0,0,0,0,0,0
1788911836.779353,2834,pg_toast,pg_toast_2609,0,0,0,0,0,0,0,0,0
1788911836.779353,6000,pg_catalog,pg_replication_origin,0,0,0,0,0,0,0,0,0
1788911836.779353,2840,pg_toast,pg_toast_2619,0,0,0,0,0,0,0,0,0
1788911836.779353,1985486,public,last_trade,0,0,0,0,0,0,0,0,0
1788911836.779353,2328,pg_catalog,pg_foreign_data_wrapper,0,0,0,0,0,0,0,0,0
1788911836.779353,4157,pg_toast,pg_toast_2612,0,0,0,0,0,0,0,0,0
1788911836.779353,1260,pg_catalog,pg_authid,0,0,0,0,0,0,0,0,0
1788911836.779353,6102,pg_catalog,pg_subscription_rel,0,0,0,0,0,0,0,0,0
1788911836.779353,1214,pg_catalog,pg_shdepend,0,0,0,0,0,0,0,0,0
1788911836.779353,4163,pg_toast,pg_toast_2615,0,0,0,0,0,0,0,0,0
1788911836.779353,1985343,public,charge,0,0,0,0,0,0,0,0,0
1788911836.779353,1985440,public,daily_market,0,0,0,0,0,0,0,0,0
1788911836.779353,1985422,public,company,0,0,0,0,0,0,0,0,0
1788911836.779353,4169,pg_toast,pg_toast_3600,0,0,0,0,0,0,0,0,0
1788911836.779353,2615,pg_catalog,pg_namespace,1,4,5,2,0,0,0,0,0
1788911836.779353,2396,pg_catalog,pg_shdescription,0,0,0,0,0,0,0,0,0
1788911836.779353,3600,pg_catalog,pg_ts_dict,0,0,0,0,0,0,0,0,0
1788911836.779353,1985325,public,broker,0,0,0,0,0,0,0,0,0
1788911836.779353,3596,pg_catalog,pg_seclabel,0,0,0,0,0,0,0,0,0
1788911836.779353,1985460,public,financial,0,0,0,0,0,0,0,0,0
1788911836.779353,2609,pg_catalog,pg_description,0,0,0,0,0,0,0,0,0
1788911836.779353,1985351,public,commission_rate,0,0,0,0,0,0,0,0,0
1788911836.779353,13482,pg_toast,pg_toast_13479,0,0,0,0,0,0,0,0,0
1788911836.779353,1985396,public,trade_history,0,0,0,0,0,0,0,0,0
1788911836.779353,3603,pg_catalog,pg_ts_config_map,0,0,0,0,0,0,0,0,0
1788911836.779353,1213,pg_catalog,pg_tablespace,0,0,1,1,0,0,0,0,0
1788911836.779353,2608,pg_catalog,pg_depend,0,0,0,0,0,0,0,0,0
1788911836.779353,2964,pg_catalog,pg_db_role_setting,0,0,0,0,0,0,0,0,0
1788911836.779353,1985283,pg_toast,pg_toast_1985275,0,0,0,0,0,0,0,0,0
1788911836.779353,1418,pg_catalog,pg_user_mapping,0,0,0,0,0,0,0,0,0
1788911836.779353,2613,pg_catalog,pg_largeobject,0,0,0,0,0,0,0,0,0
1788911836.779353,6175,pg_toast,pg_toast_3456,0,0,0,0,0,0,0,0,0
1788911836.779353,1261,pg_catalog,pg_auth_members,0,0,0,0,0,0,0,0,0
1788911836.779353,1985335,public,cash_transaction,0,0,0,0,0,0,0,0,0
1788911836.779353,2617,pg_catalog,pg_operator,0,0,5,5,0,0,0,0,0
1788911836.779353,1985300,pg_toast,pg_toast_1985290,0,0,0,0,0,0,0,0,0
1788911836.779353,1985538,public,address,0,0,0,0,0,0,0,0,0
1788911836.779353,2610,pg_catalog,pg_index,1,221,11,14,0,0,0,0,0
1788911836.779353,1249,pg_catalog,pg_attribute,0,0,75,92,0,0,0,0,0
1788911836.779353,1985512,public,sector,0,0,0,0,0,0,0,0,0
1788911836.779353,1985415,public,trade_type,0,0,0,0,0,0,0,0,0
1788911836.779353,2600,pg_catalog,pg_aggregate,0,0,1,1,0,0,0,0,0
1788911836.779353,2966,pg_toast,pg_toast_2964,0,0,0,0,0,0,0,0,0
1788911836.779353,1985451,public,exchange,0,0,0,0,0,0,0,0,0
1788911836.779353,2618,pg_catalog,pg_rewrite,0,0,1,1,0,0,0,0,0
1788911836.779353,4177,pg_toast,pg_toast_1262,0,0,0,0,0,0,0,0,0
1788911836.779353,13484,information_schema,sql_parts,0,0,,,0,0,0,0,0
1788911836.779353,4159,pg_toast,pg_toast_2600,0,0,0,0,0,0,0,0,0
1788911836.779353,4147,pg_toast,pg_toast_3079,0,0,0,0,0,0,0,0,0
1788911836.779353,13474,information_schema,sql_features,0,0,,,0,0,0,0,0
1788911836.779353,1985394,pg_toast,pg_toast_1985372,0,0,0,0,0,0,0,0,0
1788911836.779353,1247,pg_catalog,pg_type,0,0,19,19,0,0,0,0,0
1788911836.779353,2602,pg_catalog,pg_amop,0,0,12,25,0,0,0,0,0
1788911836.779353,3439,pg_toast,pg_toast_3381,0,0,0,0,0,0,0,0,0
1788911836.779353,2846,pg_toast,pg_toast_2396,0,0,0,0,0,0,0,0,0
1788911836.779353,1985555,public,zip_code,0,0,0,0,0,0,0,0,0
1788911836.779353,1985478,pg_toast,pg_toast_1985460,0,0,0,0,0,0,0,0,0
1788911836.779353,4145,pg_toast,pg_toast_3466,0,0,0,0,0,0,0,0,0
1788911836.779353,3541,pg_catalog,pg_range,0,0,0,0,0,0,0,0,0
1788911836.779353,3602,pg_catalog,pg_ts_config,0,0,0,0,0,0,0,0,0
1788911836.779353,1985333,pg_toast,pg_toast_1985325,0,0,0,0,0,0,0,0,0
1788911836.779353,4183,pg_toast,pg_toast_6100,0,0,0,0,0,0,0,0,0
1788911836.779353,1985496,public,news_item,0,0,0,0,0,0,0,0,0
1788911836.779353,2224,pg_catalog,pg_sequence,0,0,0,0,0,0,0,0,0
1788911836.779353,2611,pg_catalog,pg_inherits,0,0,0,0,0,0,0,0,0
1788911836.779353,1417,pg_catalog,pg_foreign_server,0,0,0,0,0,0,0,0,0
1788911836.779353,1262,pg_catalog,pg_database,0,0,0,0,0,0,0,0,0
1788911836.779353,13492,pg_toast,pg_toast_13489,0,0,0,0,0,0,0,0,0
1788911836.779353,3501,pg_catalog,pg_enum,0,0,0,0,0,0,0,0,0
1788911836.779353,2607,pg_catalog,pg_conversion,0,0,0,0,0,0,0,0,0
1788911836.779353,1985449,pg_toast,pg_toast_1985440,0,0,0,0,0,0,0,0,0
1788911836.779353,826,pg_catalog,pg_default_acl,0,0,0,0,0,0,0,0,0
1788911836.779353,2604,pg_catalog,pg_attrdef,0,0,0,0,0,0,0,0,0
1788911836.779353,2336,pg_toast,pg_toast_2620,0,0,0,0,0,0,0,0,0
1788911836.779353,2603,pg_catalog,pg_amproc,0,0,5,11,0,0,0,0,0
1788911836.779353,2606,pg_catalog,pg_constraint,0,0,3,8,0,0,0,0,0
1788911836.779353,1255,pg_catalog,pg_proc,0,0,19,24,0,0,0,0,0
1788911836.779353,4173,pg_toast,pg_toast_1418,0,0,0,0,0,0,0,0,0
1788911836.779353,1985285,public,customer_taxrate,0,0,0,0,0,0,0,0,0
1788911836.779353,2620,pg_catalog,pg_trigger,0,0,0,0,0,0,0,0,0
1788911836.779353,1985256,public,account_permission,0,0,0,0,0,0,0,0,0
1788911836.779353,1985507,public,news_xref,0,0,0,0,0,0,0,0,0
1788911836.779353,1985480,public,industry,0,0,0,0,0,0,0,0,0
1788911836.779353,2612,pg_catalog,pg_language,0,0,0,0,0,0,0,0,0
1788911836.779353,4149,pg_toast,pg_toast_2328,0,0,0,0,0,0,0,0,0
1788911836.779353,6351,pg_toast,pg_toast_2610,0,0,0,0,0,0,0,0,0
1788911836.779353,13489,information_schema,sql_sizing,0,0,,,0,0,0,0,0
1788911836.779353,1985494,pg_toast,pg_toast_1985486,0,0,0,0,0,0,0,0,0
1788911836.779353,3598,pg_toast,pg_toast_3596,0,0,0,0,0,0,0,0,0
1788911836.779353,2836,pg_toast,pg_toast_1255,0,0,0,0,0,0,0,0,0
1788911836.779353,3456,pg_catalog,pg_collation,0,0,0,0,0,0,0,0,0
1788911836.779353,3079,pg_catalog,pg_extension,0,0,0,0,0,0,0,0,0
1788911836.779353,6100,pg_catalog,pg_subscription,0,0,0,0,0,0,0,0,0
1788911836.779353,2832,pg_toast,pg_toast_2606,0,0,0,0,0,0,0,0,0
1788911836.779353,3256,pg_catalog,pg_policy,0,0,0,0,0,0,0,0,0
1788911836.779353,1985302,public,holding_history,0,0,0,0,0,0,0,0,0
1788911836.779353,1985517,public,security,0,0,0,0,0,0,0,0,0
1788911836.779353,3466,pg_catalog,pg_event_trigger,0,0,0,0,0,0,0,0,0
1788911836.779353,3592,pg_catalog,pg_shseclabel,0,0,0,0,0,0,0,0,0
1788911836.779353,3764,pg_catalog,pg_ts_template,0,0,0,0,0,0,0,0,0
1788911836.779353,6237,pg_catalog,pg_publication_namespace,0,0,0,0,0,0,0,0,0
1788911836.779353,13487,pg_toast,pg_toast_13484,0,0,0,0,0,0,0,0,0
1788911836.779353,2995,pg_catalog,pg_largeobject_metadata,0,0,0,0,0,0,0,0,0
1788911836.779353,1985275,public,customer_account,0,0,0,0,0,0,0,0,0
1788911836.779353,4143,pg_toast,pg_toast_826,0,0,0,0,0,0,0,0,0
1788911836.779353,4185,pg_toast,pg_toast_1213,0,0,0,0,0,0,0,0,0
1788911836.779353,6243,pg_catalog,pg_parameter_acl,0,0,0,0,0,0,0,0,0
1788911836.779353,2616,pg_catalog,pg_opclass,0,0,8,134,0,0,0,0,0
1788911836.779353,1985290,public,holding,0,0,0,0,0,0,0,0,0
1788911836.779353,2838,pg_toast,pg_toast_2618,0,0,1,3,0,0,0,0,0
1788911836.779353,6228,pg_toast,pg_toast_6106,0,0,0,0,0,0,0,0,0
1788911836.779353,1985349,pg_toast,pg_toast_1985343,0,0,0,0,0,0,0,0,0
1788911836.779353,1985434,public,company_competitor,0,0,0,0,0,0,0,0,0
1788911836.779353,1985370,pg_toast,pg_toast_1985363,0,0,0,0,0,0,0,0,0
1788911836.779353,1985505,pg_toast,pg_toast_1985496,0,0,0,0,0,0,0,0,0
1788911836.779353,1985264,public,customer,0,0,0,0,0,0,0,0,0
1788911836.779353,3118,pg_catalog,pg_foreign_table,0,0,0,0,0,0,0,0,0
1788911836.779353,1259,pg_catalog,pg_class,1,523,12,12,0,0,0,0,0
1788911836.779353,3350,pg_catalog,pg_partitioned_table,0,0,0,0,0,0,0,0,0
1788911836.779353,4153,pg_toast,pg_toast_3118,0,0,0,0,0,0,0,0,0
1788911836.779353,4060,pg_toast,pg_toast_3592,0,0,0,0,0,0,0,0,0
1788911836.779353,1985543,public,status_type,0,0,0,0,0,0,0,0,0
1788911836.779353,4165,pg_toast,pg_toast_3350,0,0,0,0,0,0,0,0,0
1788911836.779353,1985402,public,trade_request,0,0,0,0,0,0,0,0,0
1788911836.779353,2753,pg_catalog,pg_opfamily,0,0,2,2,0,0,0,0,0
1788911836.779353,3601,pg_catalog,pg_ts_parser,0,0,0,0,0,0,0,0,0
1788911836.779353,6104,pg_catalog,pg_publication,0,0,0,0,0,0,0,0,0
1788911836.779353,13477,pg_toast,pg_toast_13474,0,0,0,0,0,0,0,0,0
1788911836.779353,3429,pg_catalog,pg_statistic_ext_data,0,0,0,0,0,0,0,0,0
1788911836.779353,2619,pg_catalog,pg_statistic,0,0,17,8,0,0,0,0,0
1788911836.779353,4155,pg_toast,pg_toast_3394,0,0,0,0,0,0,0,0,0
1788911836.779353,1985548,public,taxrate,0,0,0,0,0,0,0,0,0
1788911836.779353,3381,pg_catalog,pg_statistic_ext,0,0,3,0,0,0,0,0,0
1788911836.779353,6106,pg_catalog,pg_publication_rel,0,0,0,0,0,0,0,0,0
1788911836.779353,1985372,public,trade,0,0,0,0,0,0,0,0,0
1788911836.779353,2605,pg_catalog,pg_cast,0,0,34,7,0,0,0,0,0
1788911836.779353,4171,pg_toast,pg_toast_1247,0,0,0,0,0,0,0,0,0
1788911836.779353,2830,pg_toast,pg_toast_2604,0,0,0,0,0,0,0,0,0
1788911836.779353,1985309,public,holding_summary,0,0,0,0,0,0,0,0,0
1788911836.779353,1985413,pg_toast,pg_toast_1985402,0,0,0,0,0,0,0,0,0
1788911836.779353,13479,information_schema,sql_implementation_info,0,0,,,0,0,0,0,0
1788911836.779353,1985341,pg_toast,pg_toast_1985335,0,0,0,0,0,0,0,0,0
1788911836.779353,6244,pg_toast,pg_toast_6243,0,0,0,0,0,0,0,0,0
1788911836.779353,1985315,public,watch_item,0,0,0,0,0,0,0,0,0
1788911836.779353,3430,pg_toast,pg_toast_3429,0,0,0,0,0,0,0,0,0
1788911836.779353,1985320,public,watch_list,0,0,0,0,0,0,0,0,0
