ctime,relid,indexrelid,schemaname,relname,indexrelname,idx_scan,last_idx_scan,idx_tup_read,idx_tup_fetch
1788945882.463647,1985275,1990584,public,customer_account,pk_customer_account,128707895,2026-09-09 09:23:00.050373+00,128845556,128656347
1788945882.463647,1985325,1990585,public,broker,pk_broker,132135896,2026-09-09 09:23:00.050373+00,132138569,131851083
1788945882.463647,1985343,1990588,public,charge,pk_charge,0,,0,0
1788945882.463647,1985256,1990590,public,account_permission,pk_account_permission,1746393,2026-09-09 09:22:58.067786+00,1746616,1746557
1788945882.463647,1985285,1990592,public,customer_taxrate,pk_customer_taxrate,88729761,2026-09-09 09:23:00.050373+00,18036743,13170671
1788945882.463647,1985335,1990593,public,cash_transaction,pk_cash_transaction,342242832,2026-09-09 09:22:58.067786+00,418536166,415094770
1788945882.463647,1985290,1990597,public,holding,pk_holding,18866918,2026-09-09 09:23:00.050373+00,23728633,18865981
1788945882.463647,1985264,1990596,public,customer,pk_customer,93914427,2026-09-09 09:24:41.309123+00,94104481,93978096
1788945882.463647,1985434,1990600,public,company_competitor,pk_company_competitor,24177172,2026-09-09 09:22:58.067786+00,72531512,0
1788945882.463647,1985548,1990602,public,taxrate,pk_taxrate,18022003,2026-09-09 09:23:00.050373+00,18022010,18019517
1788945882.463647,1985402,1990604,public,trade_request,pk_trade_request,6589655,2026-09-09 09:22:59.359886+00,6902070,6686495
1788945882.463647,1985372,1990607,public,trade,pk_trade,472635752,2026-09-09 09:23:00.050373+00,1071601683,990859129
1788945882.463647,1985415,1990609,public,trade_type,pk_trade_type,386330,2026-09-09 08:37:44.345171+00,386330,4090
1788945882.463647,1985451,1990611,public,exchange,pk_exchange,369744,2026-09-09 08:37:36.703674+00,369744,366036
1788945882.463647,1985480,1990613,public,industry,pk_industry,83059491,2026-09-09 09:22:58.067786+00,83059491,82888331
1788945882.463647,1985543,1990606,public,status_type,pk_status_type,652671,2026-09-09 08:37:37.329724+00,652671,1470
1788945882.463647,1985351,1990616,public,commission_rate,pk_commission_rate,38588873,2026-09-09 09:23:00.050373+00,67637209,67634898
1788945882.463647,1985440,1990618,public,daily_market,pk_daily_market,2385537394,2026-09-09 09:22:58.067786+00,2330614097,2330253523
1788945882.463647,1985396,1990620,public,trade_history,pk_trade_history,431278449,2026-09-09 09:22:58.067786+00,1232749006,1232436235
1788945882.463647,1985309,1990621,public,holding_summary,pk_holding_summary,206395923,2026-09-09 09:23:00.050373+00,1424344309,1423317208
1788945882.463647,1985512,1990624,public,sector,pk_sector,2361567,2026-09-09 05:14:30.973506+00,2361567,2361567
1788945882.463647,1985402,1990626,public,trade_request,i_tr_s_symb,2319566299,2026-09-09 09:23:00.009415+00,7235097483,6942201751
1788945882.463647,1985315,1990627,public,watch_item,pk_watch_item,18657670,2026-09-09 09:22:58.067786+00,1867514603,58391776
1788945882.463647,1985264,1990629,public,customer,i_c_tax_id,11227089,2026-09-09 09:22:58.067786+00,11227181,11227089
1788945882.463647,1985496,1990630,public,news_item,pk_news_item,48366526,2026-09-09 09:22:58.067786+00,48366773,48358487
1788945882.463647,1985422,1990632,public,company,i_co_name,6976000,2026-09-09 09:22:58.067786+00,6976071,6976000
1788945882.463647,1985517,1990633,public,security,pk_security,2266361365,2026-09-09 09:23:00.050373+00,2266361445,2266175840
1788945882.463647,1985460,1990635,public,financial,pk_financial,24177469,2026-09-09 09:22:58.067786+00,483602158,483549320
1788945882.463647,1985538,1990637,public,address,pk_address,48363579,2026-09-09 09:22:59.116213+00,108743704,108726391
1788945882.463647,1985320,1990639,public,watch_list,pk_watch_list,6982,2026-09-09 09:20:59.105114+00,6982,0
1788945882.463647,1985507,1990641,public,news_xref,pk_news_xref,24189208,2026-09-09 09:22:58.067786+00,48366526,298
1788945882.463647,1985486,1990643,public,last_trade,pk_last_trade,3348510038,2026-09-09 09:23:00.009415+00,3349388146,3348500157
1788945882.463647,1985275,1990645,public,customer_account,i_ca_c_id,22511747,2026-09-09 09:22:58.067786+00,125438454,123591662
1788945882.463647,1985555,1990646,public,zip_code,pk_zip_code,48365942,2026-09-09 09:22:58.067786+00,48365942,48354340
1788945882.463647,1985517,1990648,public,security,i_security,1768453487,2026-09-09 09:22:58.067786+00,2420070562,2420062324
1788945882.463647,1985422,1990649,public,company,pk_company,261936376,2026-09-09 09:22:59.116213+00,4141126704,4141065253
1788945882.463647,1985320,1990651,public,watch_list,i_wl_c_id,18650690,2026-09-09 09:22:58.067786+00,18650690,18650688
1788945882.463647,1985302,1990652,public,holding_history,pk_holding_history,1863343,2026-09-09 09:22:58.031601+00,121346557,121340464
1788945882.463647,1985363,1990654,public,settlement,pk_settlement,363296253,2026-09-09 09:22:58.067786+00,451277475,428727355
1788945882.463647,1985290,1990656,public,holding,i_holding,19861516,2026-09-09 09:23:00.050373+00,492107471,455292379
1788945882.463647,1985440,1990657,public,daily_market,i_dm_s_symb,151,2026-09-09 09:14:59.083472+00,4665848,193140
1788945882.463647,1985372,1990658,public,trade,i_t_st_id,32,2026-09-09 08:21:59.735225+00,17116616,33163
1788945882.463647,1985372,1990659,public,trade,i_t_s_symb,5685416,2026-09-09 09:22:58.067786+00,149728140144,147651284913
1788945882.463647,1985372,1990660,public,trade,i_t_ca_id,50702826,2026-09-09 09:22:58.067786+00,236616223910,233801468782
1788945882.463647,1985302,1990662,public,holding_history,i_hh_t_id,1381123,2026-09-09 09:22:58.031601+00,117646548,117646548
1788945942.539650,1985275,1990584,public,customer_account,pk_customer_account,128756407,2026-09-09 09:25:42.519723+00,128894072,128704839
1788945942.539650,1985325,1990585,public,broker,pk_broker,132224611,2026-09-09 09:25:42.519723+00,132227284,131939661
1788945942.539650,1985343,1990588,public,charge,pk_charge,0,,0,0
1788945942.539650,1985256,1990590,public,account_permission,pk_account_permission,1747099,2026-09-09 09:25:42.512791+00,1747325,1747265
1788945942.539650,1985285,1990592,public,customer_taxrate,pk_customer_taxrate,88762871,2026-09-09 09:25:42.519723+00,18043806,13177498
1788945942.539650,1985335,1990593,public,cash_transaction,pk_cash_transaction,342382906,2026-09-09 09:25:42.512791+00,418674136,415232143
1788945942.539650,1985290,1990597,public,holding,pk_holding,18873292,2026-09-09 09:25:42.519723+00,23735089,18872352
1788945942.539650,1985264,1990596,public,customer,pk_customer,93951751,2026-09-09 09:25:42.519723+00,94141805,94015420
1788945942.539650,1985434,1990600,public,company_competitor,pk_company_competitor,24187194,2026-09-09 09:25:42.512791+00,72561578,0
1788945942.539650,1985548,1990602,public,taxrate,pk_taxrate,18029054,2026-09-09 09:25:42.519723+00,18029061,18026568
1788945942.539650,1985402,1990604,public,trade_request,pk_trade_request,6591141,2026-09-09 09:25:42.519723+00,6916649,6699045
1788945942.539650,1985372,1990607,public,trade,pk_trade,472856862,2026-09-09 09:25:42.519723+00,1071860047,991080208
1788945942.539650,1985415,1990609,public,trade_type,pk_trade_type,400667,2026-09-09 09:25:42.512791+00,400667,4355
1788945942.539650,1985451,1990611,public,exchange,pk_exchange,383220,2026-09-09 09:25:42.512791+00,383220,379512
1788945942.539650,1985480,1990613,public,industry,pk_industry,83090126,2026-09-09 09:25:42.512791+00,83090126,82917998
1788945942.539650,1985543,1990606,public,status_type,pk_status_type,672375,2026-09-09 09:25:42.512791+00,672375,1490
1788945942.539650,1985351,1990616,public,commission_rate,pk_commission_rate,38602996,2026-09-09 09:25:42.519723+00,67661797,67659483
1788945942.539650,1985440,1990618,public,daily_market,pk_daily_market,2386512240,2026-09-09 09:25:42.512791+00,2331566163,2331205447
1788945942.539650,1985396,1990620,public,trade_history,pk_trade_history,431490815,2026-09-09 09:25:42.512791+00,1233188070,1232868743
1788945942.539650,1985309,1990621,public,holding_summary,pk_holding_summary,206477242,2026-09-09 09:25:42.519723+00,1424931069,1423903840
1788945942.539650,1985512,1990624,public,sector,pk_sector,2361567,2026-09-09 05:14:30.973506+00,2361567,2361567
1788945942.539650,1985402,1990626,public,trade_request,i_tr_s_symb,2320326505,2026-09-09 09:25:42.519723+00,7235234177,6942325137
1788945942.539650,1985315,1990627,public,watch_item,pk_watch_item,18665575,2026-09-09 09:25:42.512791+00,1868272211,58433187
1788945942.539650,1985264,1990629,public,customer,i_c_tax_id,11231705,2026-09-09 09:25:42.512791+00,11231797,11231705
1788945942.539650,1985496,1990630,public,news_item,pk_news_item,48387060,2026-09-09 09:25:42.512791+00,48387307,48378776
1788945942.539650,1985422,1990632,public,company,i_co_name,6978825,2026-09-09 09:25:42.512791+00,6978896,6978825
1788945942.539650,1985517,1990633,public,security,pk_security,2267810967,2026-09-09 09:25:42.519723+00,2267811047,2267625417
1788945942.539650,1985460,1990635,public,financial,pk_financial,24187491,2026-09-09 09:25:42.512791+00,483802598,483749760
1788945942.539650,1985538,1990637,public,address,pk_address,48384100,2026-09-09 09:25:42.512791+00,108789282,108771969
1788945942.539650,1985320,1990639,public,watch_list,pk_watch_list,7300,2026-09-09 09:25:42.271964+00,7300,0
1788945942.539650,1985507,1990641,public,news_xref,pk_news_xref,24199720,2026-09-09 09:25:42.512791+00,48387060,298
1788945942.539650,1985486,1990643,public,last_trade,pk_last_trade,3349881224,2026-09-09 09:25:42.519723+00,3350759332,3349871309
1788945942.539650,1985275,1990645,public,customer_account,i_ca_c_id,22521402,2026-09-09 09:25:42.512791+00,125491840,123643256
1788945942.539650,1985555,1990646,public,zip_code,pk_zip_code,48386622,2026-09-09 09:25:42.512791+00,48386622,48374384
1788945942.539650,1985517,1990648,public,security,i_security,1769020743,2026-09-09 09:25:42.512791+00,2420846038,2420837800
1788945942.539650,1985422,1990649,public,company,pk_company,262559459,2026-09-09 09:25:42.512791+00,4143084253,4143022802
1788945942.539650,1985320,1990651,public,watch_list,i_wl_c_id,18658277,2026-09-09 09:25:42.512791+00,18658277,18658275
1788945942.539650,1985302,1990652,public,holding_history,pk_holding_history,1864721,2026-09-09 09:25:42.359765+00,121349549,121343176
1788945942.539650,1985363,1990654,public,settlement,pk_settlement,363445993,2026-09-09 09:25:42.512791+00,451427377,428877095
1788945942.539650,1985290,1990656,public,holding,i_holding,19868960,2026-09-09 09:25:42.519723+00,492311547,455471975
1788945942.539650,1985440,1990657,public,daily_market,i_dm_s_symb,151,2026-09-09 09:14:59.083472+00,4665848,193140
1788945942.539650,1985372,1990658,public,trade,i_t_st_id,33,2026-09-09 09:24:48.460179+00,17840489,33425
1788945942.539650,1985372,1990659,public,trade,i_t_s_symb,5700712,2026-09-09 09:25:42.512791+00,149793587490,147715575172
1788945942.539650,1985372,1990660,public,trade,i_t_ca_id,50723848,2026-09-09 09:25:42.512791+00,236722827812,233906541860
1788945942.539650,1985302,1990662,public,holding_history,i_hh_t_id,1381730,2026-09-09 09:25:42.359765+00,117647366,117647366
1788946002.708181,1985275,1990584,public,customer_account,pk_customer_account,128833614,2026-09-09 09:26:42.727984+00,128971284,128782013
1788946002.708181,1985325,1990585,public,broker,pk_broker,132311443,2026-09-09 09:26:42.727984+00,132314116,132026306
1788946002.708181,1985343,1990588,public,charge,pk_charge,0,,0,0
1788946002.708181,1985256,1990590,public,account_permission,pk_account_permission,1748200,2026-09-09 09:26:42.488543+00,1748426,1748366
1788946002.708181,1985285,1990592,public,customer_taxrate,pk_customer_taxrate,88819749,2026-09-09 09:26:42.727509+00,18055470,13188695
1788946002.708181,1985335,1990593,public,cash_transaction,pk_cash_transaction,342597755,2026-09-09 09:26:42.727984+00,418885747,415442806
1788946002.708181,1985290,1990597,public,holding,pk_holding,18885348,2026-09-09 09:26:42.727509+00,23747294,18884406
1788946002.708181,1985264,1990596,public,customer,pk_customer,94009846,2026-09-09 09:26:42.727984+00,94199900,94073514
1788946002.708181,1985434,1990600,public,company_competitor,pk_company_competitor,24202319,2026-09-09 09:26:42.727984+00,72606953,0
1788946002.708181,1985548,1990602,public,taxrate,pk_taxrate,18040685,2026-09-09 09:26:42.727509+00,18040692,18038195
1788946002.708181,1985402,1990604,public,trade_request,pk_trade_request,6593583,2026-09-09 09:26:42.718738+00,6919091,6701487
1788946002.708181,1985372,1990607,public,trade,pk_trade,473159256,2026-09-09 09:26:42.727984+00,1072206964,991382505
1788946002.708181,1985415,1990609,public,trade_type,pk_trade_type,406371,2026-09-09 09:26:35.58092+00,406371,4395
1788946002.708181,1985451,1990611,public,exchange,pk_exchange,388760,2026-09-09 09:26:35.58092+00,388760,385052
1788946002.708181,1985480,1990613,public,industry,pk_industry,83135680,2026-09-09 09:26:42.727984+00,83135680,82963322
1788946002.708181,1985543,1990606,public,status_type,pk_status_type,686579,2026-09-09 09:26:42.698376+00,686579,1522
1788946002.708181,1985351,1990616,public,commission_rate,pk_commission_rate,38626318,2026-09-09 09:26:42.727984+00,67703023,67700702
1788946002.708181,1985440,1990618,public,daily_market,pk_daily_market,2387997002,2026-09-09 09:26:42.727984+00,2333016507,2332655569
1788946002.708181,1985396,1990620,public,trade_history,pk_trade_history,431778933,2026-09-09 09:26:42.727984+00,1233855703,1233527672
1788946002.708181,1985309,1990621,public,holding_summary,pk_holding_summary,206604636,2026-09-09 09:26:42.727984+00,1425822919,1424795488
1788946002.708181,1985512,1990624,public,sector,pk_sector,2361567,2026-09-09 05:14:30.973506+00,2361567,2361567
1788946002.708181,1985402,1990626,public,trade_request,i_tr_s_symb,2320609058,2026-09-09 09:26:42.727984+00,7235485117,6942573021
1788946002.708181,1985315,1990627,public,watch_item,pk_watch_item,18677251,2026-09-09 09:26:42.727984+00,1869433031,58497056
1788946002.708181,1985264,1990629,public,customer,i_c_tax_id,11238765,2026-09-09 09:26:42.727984+00,11238857,11238765
1788946002.708181,1985496,1990630,public,news_item,pk_news_item,48417492,2026-09-09 09:26:42.727984+00,48417739,48409117
1788946002.708181,1985422,1990632,public,company,i_co_name,6983162,2026-09-09 09:26:42.727984+00,6983233,6983162
1788946002.708181,1985517,1990633,public,security,pk_security,2274725287,2026-09-09 09:26:42.727984+00,2274725367,2274539643
1788946002.708181,1985460,1990635,public,financial,pk_financial,24202616,2026-09-09 09:26:42.727984+00,484105098,484052260
1788946002.708181,1985538,1990637,public,address,pk_address,48414416,2026-09-09 09:26:42.727984+00,108857385,108840072
1788946002.708181,1985320,1990639,public,watch_list,pk_watch_list,7342,2026-09-09 09:25:50.369987+00,7342,0
1788946002.708181,1985507,1990641,public,news_xref,pk_news_xref,24215027,2026-09-09 09:26:42.727984+00,48417492,298
1788946002.708181,1985486,1990643,public,last_trade,pk_last_trade,3351967130,2026-09-09 09:26:42.727984+00,3352845238,3351957146
1788946002.708181,1985275,1990645,public,customer_account,i_ca_c_id,22535587,2026-09-09 09:26:42.727984+00,125572266,123720766
1788946002.708181,1985555,1990646,public,zip_code,pk_zip_code,48416956,2026-09-09 09:26:42.727984+00,48416956,48404634
1788946002.708181,1985517,1990648,public,security,i_security,1769241192,2026-09-09 09:26:42.727984+00,2421146379,2421138141
1788946002.708181,1985422,1990649,public,company,pk_company,268223969,2026-09-09 09:26:42.727984+00,4151140306,4151078855
1788946002.708181,1985320,1990651,public,watch_list,i_wl_c_id,18669911,2026-09-09 09:26:42.727984+00,18669911,18669909
1788946002.708181,1985302,1990652,public,holding_history,pk_holding_history,1866010,2026-09-09 09:26:42.57588+00,121353134,121346681
1788946002.708181,1985363,1990654,public,settlement,pk_settlement,363674113,2026-09-09 09:26:42.727984+00,451655724,429105215
1788946002.708181,1985290,1990656,public,holding,i_holding,19881462,2026-09-09 09:26:42.727984+00,492657472,455776837
1788946002.708181,1985440,1990657,public,daily_market,i_dm_s_symb,151,2026-09-09 09:14:59.083472+00,4665848,193140
1788946002.708181,1985372,1990658,public,trade,i_t_st_id,33,2026-09-09 09:24:48.460179+00,17840489,33425
1788946002.708181,1985372,1990659,public,trade,i_t_s_symb,5709517,2026-09-09 09:26:42.727984+00,149895411905,147815599600
1788946002.708181,1985372,1990660,public,trade,i_t_ca_id,50755597,2026-09-09 09:26:42.727984+00,236885124229,234066515643
1788946002.708181,1985302,1990662,public,holding_history,i_hh_t_id,1382571,2026-09-09 09:26:42.57588+00,117648495,117648495
1788946062.787503,1985275,1990584,public,customer_account,pk_customer_account,128915912,2026-09-09 09:27:42.797169+00,129053585,128864273
1788946062.787503,1985325,1990585,public,broker,pk_broker,132612648,2026-09-09 09:27:42.797169+00,132615321,132327259
1788946062.787503,1985343,1990588,public,charge,pk_charge,0,,0,0
1788946062.787503,1985256,1990590,public,account_permission,pk_account_permission,1749296,2026-09-09 09:27:42.743001+00,1749522,1749462
1788946062.787503,1985285,1990592,public,customer_taxrate,pk_customer_taxrate,88877773,2026-09-09 09:27:42.797169+00,18067270,13200108
1788946062.787503,1985335,1990593,public,cash_transaction,pk_cash_transaction,342824589,2026-09-09 09:27:42.797169+00,419109119,415665159
1788946062.787503,1985290,1990597,public,holding,pk_holding,18897920,2026-09-09 09:27:42.641478+00,23760056,18896973
1788946062.787503,1985264,1990596,public,customer,pk_customer,94071326,2026-09-09 09:27:42.797169+00,94261380,94134993
1788946062.787503,1985434,1990600,public,company_competitor,pk_company_competitor,24218296,2026-09-09 09:27:42.797169+00,72654884,0
1788946062.787503,1985548,1990602,public,taxrate,pk_taxrate,18052446,2026-09-09 09:27:42.797169+00,18052453,18049956
1788946062.787503,1985402,1990604,public,trade_request,pk_trade_request,6596469,2026-09-09 09:27:42.641478+00,6921977,6704373
1788946062.787503,1985372,1990607,public,trade,pk_trade,473467845,2026-09-09 09:27:42.797169+00,1072563618,991690977
1788946062.787503,1985415,1990609,public,trade_type,pk_trade_type,406371,2026-09-09 09:26:35.58092+00,406371,4395
1788946062.787503,1985451,1990611,public,exchange,pk_exchange,388760,2026-09-09 09:26:35.58092+00,388760,385052
1788946062.787503,1985480,1990613,public,industry,pk_industry,83183677,2026-09-09 09:27:42.797169+00,83183677,83011253
1788946062.787503,1985543,1990606,public,status_type,pk_status_type,692754,2026-09-09 09:27:42.763698+00,692754,1533
1788946062.787503,1985351,1990616,public,commission_rate,pk_commission_rate,38651224,2026-09-09 09:27:42.797169+00,67746600,67744276
1788946062.787503,1985440,1990618,public,daily_market,pk_daily_market,2389567188,2026-09-09 09:27:42.797169+00,2334550414,2334189230
1788946062.787503,1985396,1990620,public,trade_history,pk_trade_history,432074241,2026-09-09 09:27:42.797169+00,1234546717,1234212495
1788946062.787503,1985309,1990621,public,holding_summary,pk_holding_summary,206739251,2026-09-09 09:27:42.797169+00,1426755938,1425728293
1788946062.787503,1985512,1990624,public,sector,pk_sector,2361567,2026-09-09 05:14:30.973506+00,2361567,2361567
1788946062.787503,1985402,1990626,public,trade_request,i_tr_s_symb,2322216777,2026-09-09 09:27:42.797169+00,7237387666,6944469814
1788946062.787503,1985315,1990627,public,watch_item,pk_watch_item,18689470,2026-09-09 09:27:42.797169+00,1870658909,58561586
1788946062.787503,1985264,1990629,public,customer,i_c_tax_id,11246222,2026-09-09 09:27:42.797169+00,11246314,11246222
1788946062.787503,1985496,1990630,public,news_item,pk_news_item,48449494,2026-09-09 09:27:42.797169+00,48449741,48441095
1788946062.787503,1985422,1990632,public,company,i_co_name,6987737,2026-09-09 09:27:42.797169+00,6987809,6987737
1788946062.787503,1985517,1990633,public,security,pk_security,2276114110,2026-09-09 09:27:42.797169+00,2276114190,2275928377
1788946062.787503,1985460,1990635,public,financial,pk_financial,24218593,2026-09-09 09:27:42.797169+00,484424638,484371800
1788946062.787503,1985538,1990637,public,address,pk_address,48446370,2026-09-09 09:27:42.797169+00,108929405,108912092
1788946062.787503,1985320,1990639,public,watch_list,pk_watch_list,7342,2026-09-09 09:25:50.369987+00,7342,0
1788946062.787503,1985507,1990641,public,news_xref,pk_news_xref,24231052,2026-09-09 09:27:42.797169+00,48449494,298
1788946062.787503,1985486,1990643,public,last_trade,pk_last_trade,3354162757,2026-09-09 09:27:42.797169+00,3355040865,3354152773
1788946062.787503,1985275,1990645,public,customer_account,i_ca_c_id,22550457,2026-09-09 09:27:42.797169+00,125656271,123801813
1788946062.787503,1985555,1990646,public,zip_code,pk_zip_code,48448910,2026-09-09 09:27:42.797169+00,48448910,48436588
1788946062.787503,1985517,1990648,public,security,i_security,1770430018,2026-09-09 09:27:42.797169+00,2422774237,2422765999
1788946062.787503,1985422,1990649,public,company,pk_company,268295865,2026-09-09 09:27:42.797169+00,4153758687,4153697232
1788946062.787503,1985320,1990651,public,watch_list,i_wl_c_id,18682130,2026-09-09 09:27:42.797169+00,18682130,18682128
1788946062.787503,1985302,1990652,public,holding_history,pk_holding_history,1867191,2026-09-09 09:27:42.736098+00,121356694,121350241
1788946062.787503,1985363,1990654,public,settlement,pk_settlement,363914453,2026-09-09 09:27:42.797169+00,451896286,429345555
1788946062.787503,1985290,1990656,public,holding,i_holding,19894546,2026-09-09 09:27:42.797169+00,493019997,456096650
1788946062.787503,1985440,1990657,public,daily_market,i_dm_s_symb,151,2026-09-09 09:14:59.083472+00,4665848,193140
1788946062.787503,1985372,1990658,public,trade,i_t_st_id,33,2026-09-09 09:24:48.460179+00,17840489,33425
1788946062.787503,1985372,1990659,public,trade,i_t_s_symb,5713031,2026-09-09 09:27:42.797169+00,150003813045,147922084694
1788946062.787503,1985372,1990660,public,trade,i_t_ca_id,50789016,2026-09-09 09:27:42.797169+00,237055303374,234234257719
1788946062.787503,1985302,1990662,public,holding_history,i_hh_t_id,1383468,2026-09-09 09:27:42.736098+00,117649676,117649676
1788946122.941070,1985275,1990584,public,customer_account,pk_customer_account,128998260,2026-09-09 09:28:42.935129+00,129135940,128946579
1788946122.941070,1985325,1990585,public,broker,pk_broker,132921866,2026-09-09 09:28:42.935129+00,132924539,132636240
1788946122.941070,1985343,1990588,public,charge,pk_charge,0,,0,0
1788946122.941070,1985256,1990590,public,account_permission,pk_account_permission,1750455,2026-09-09 09:28:42.935129+00,1750681,1750621
1788946122.941070,1985285,1990592,public,customer_taxrate,pk_customer_taxrate,88935616,2026-09-09 09:28:42.935129+00,18079018,13211424
1788946122.941070,1985335,1990593,public,cash_transaction,pk_cash_transaction,343049500,2026-09-09 09:28:42.935129+00,419330512,415885625
1788946122.941070,1985290,1990597,public,holding,pk_holding,18910339,2026-09-09 09:28:42.858421+00,23772674,18909391
1788946122.941070,1985264,1990596,public,customer,pk_customer,94132575,2026-09-09 09:28:42.935129+00,94322629,94196242
1788946122.941070,1985434,1990600,public,company_competitor,pk_company_competitor,24234187,2026-09-09 09:28:42.935129+00,72702557,0
1788946122.941070,1985548,1990602,public,taxrate,pk_taxrate,18064156,2026-09-09 09:28:42.935129+00,18064163,18061663
1788946122.941070,1985402,1990604,public,trade_request,pk_trade_request,6599554,2026-09-09 09:28:42.858421+00,6925062,6707458
1788946122.941070,1985372,1990607,public,trade,pk_trade,473776280,2026-09-09 09:28:42.935129+00,1072920494,991999292
1788946122.941070,1985415,1990609,public,trade_type,pk_trade_type,406371,2026-09-09 09:26:35.58092+00,406371,4395
1788946122.941070,1985451,1990611,public,exchange,pk_exchange,388760,2026-09-09 09:26:35.58092+00,388760,385052
1788946122.941070,1985480,1990613,public,industry,pk_industry,83231420,2026-09-09 09:28:42.935129+00,83231420,83058926
1788946122.941070,1985543,1990606,public,status_type,pk_status_type,696490,2026-09-09 09:28:42.935129+00,696490,1561
1788946122.941070,1985351,1990616,public,commission_rate,pk_commission_rate,38676064,2026-09-09 09:28:42.935129+00,67790435,67788108
1788946122.941070,1985440,1990618,public,daily_market,pk_daily_market,2391138033,2026-09-09 09:28:42.935129+00,2336085134,2335723729
1788946122.941070,1985396,1990620,public,trade_history,pk_trade_history,432364467,2026-09-09 09:28:42.935129+00,1235231152,1234893199
1788946122.941070,1985309,1990621,public,holding_summary,pk_holding_summary,206873221,2026-09-09 09:28:42.935129+00,1427685745,1426657863
1788946122.941070,1985512,1990624,public,sector,pk_sector,2361567,2026-09-09 05:14:30.973506+00,2361567,2361567
1788946122.941070,1985402,1990626,public,trade_request,i_tr_s_symb,2323847527,2026-09-09 09:28:42.935129+00,7240058556,6947134454
1788946122.941070,1985315,1990627,public,watch_item,pk_watch_item,18701741,2026-09-09 09:28:42.935129+00,1871888479,58629014
1788946122.941070,1985264,1990629,public,customer,i_c_tax_id,11253642,2026-09-09 09:28:42.935129+00,11253734,11253642
1788946122.941070,1985496,1990630,public,news_item,pk_news_item,48481276,2026-09-09 09:28:42.935129+00,48481523,48472877
1788946122.941070,1985422,1990632,public,company,i_co_name,6992294,2026-09-09 09:28:42.935129+00,6992366,6992294
1788946122.941070,1985517,1990633,public,security,pk_security,2277505163,2026-09-09 09:28:42.935129+00,2277505243,2277319334
1788946122.941070,1985460,1990635,public,financial,pk_financial,24234484,2026-09-09 09:28:42.935129+00,484742458,484689620
1788946122.941070,1985538,1990637,public,address,pk_address,48478152,2026-09-09 09:28:42.935129+00,109000901,108983588
1788946122.941070,1985320,1990639,public,watch_list,pk_watch_list,7342,2026-09-09 09:25:50.369987+00,7342,0
1788946122.941070,1985507,1990641,public,news_xref,pk_news_xref,24246943,2026-09-09 09:28:42.935129+00,48481276,298
1788946122.941070,1985486,1990643,public,last_trade,pk_last_trade,3356358742,2026-09-09 09:28:42.935129+00,3357236850,3356348711
1788946122.941070,1985275,1990645,public,customer_account,i_ca_c_id,22565261,2026-09-09 09:28:42.935129+00,125739887,123882484
1788946122.941070,1985555,1990646,public,zip_code,pk_zip_code,48480692,2026-09-09 09:28:42.935129+00,48480692,48468370
1788946122.941070,1985517,1990648,public,security,i_security,1771635280,2026-09-09 09:28:42.935129+00,2424424210,2424415972
1788946122.941070,1985422,1990649,public,company,pk_company,268367450,2026-09-09 09:28:42.935129+00,4156294286,4156232831
1788946122.941070,1985320,1990651,public,watch_list,i_wl_c_id,18694401,2026-09-09 09:28:42.935129+00,18694401,18694399
1788946122.941070,1985302,1990652,public,holding_history,pk_holding_history,1868394,2026-09-09 09:28:42.79785+00,121360372,121353919
1788946122.941070,1985363,1990654,public,settlement,pk_settlement,364152413,2026-09-09 09:28:42.935129+00,452134470,429583515
1788946122.941070,1985290,1990656,public,holding,i_holding,19907604,2026-09-09 09:28:42.935129+00,493374750,456409223
1788946122.941070,1985440,1990657,public,daily_market,i_dm_s_symb,151,2026-09-09 09:14:59.083472+00,4665848,193140
1788946122.941070,1985372,1990658,public,trade,i_t_st_id,33,2026-09-09 09:24:48.460179+00,17840489,33425
1788946122.941070,1985372,1990659,public,trade,i_t_s_symb,5716542,2026-09-09 09:28:42.935129+00,150112087572,148028443634
1788946122.941070,1985372,1990660,public,trade,i_t_ca_id,50822400,2026-09-09 09:28:42.935129+00,237226108074,234402619620
1788946122.941070,1985302,1990662,public,holding_history,i_hh_t_id,1384362,2026-09-09 09:28:42.79785+00,117650879,117650879
1788946183.042342,1985275,1990584,public,customer_account,pk_customer_account,129080905,2026-09-09 09:29:42.995614+00,129218588,129029187
1788946183.042342,1985325,1990585,public,broker,pk_broker,133235611,2026-09-09 09:29:42.995614+00,133238284,132949683
1788946183.042342,1985343,1990588,public,charge,pk_charge,0,,0,0
1788946183.042342,1985256,1990590,public,account_permission,pk_account_permission,1751559,2026-09-09 09:29:42.995614+00,1751785,1751725
1788946183.042342,1985285,1990592,public,customer_taxrate,pk_customer_taxrate,88993492,2026-09-09 09:29:42.995614+00,18090684,13222513
1788946183.042342,1985335,1990593,public,cash_transaction,pk_cash_transaction,343275636,2026-09-09 09:29:42.995614+00,419553171,416107391
1788946183.042342,1985290,1990597,public,holding,pk_holding,18922652,2026-09-09 09:29:42.839883+00,23785169,18921701
1788946183.042342,1985264,1990596,public,customer,pk_customer,94194086,2026-09-09 09:29:42.995614+00,94384140,94257750
1788946183.042342,1985434,1990600,public,company_competitor,pk_company_competitor,24250171,2026-09-09 09:29:42.995614+00,72750509,0
1788946183.042342,1985548,1990602,public,taxrate,pk_taxrate,18075794,2026-09-09 09:29:42.995614+00,18075801,18073298
1788946183.042342,1985402,1990604,public,trade_request,pk_trade_request,6602922,2026-09-09 09:29:42.839883+00,6928430,6710826
1788946183.042342,1985372,1990607,public,trade,pk_trade,474087363,2026-09-09 09:29:42.995614+00,1073280732,992310266
1788946183.042342,1985415,1990609,public,trade_type,pk_trade_type,406371,2026-09-09 09:26:35.58092+00,406371,4395
1788946183.042342,1985451,1990611,public,exchange,pk_exchange,388760,2026-09-09 09:26:35.58092+00,388760,385052
1788946183.042342,1985480,1990613,public,industry,pk_industry,83279454,2026-09-09 09:29:42.995614+00,83279454,83106878
1788946183.042342,1985543,1990606,public,status_type,pk_status_type,698464,2026-09-09 09:29:42.580033+00,698464,1561
1788946183.042342,1985351,1990616,public,commission_rate,pk_commission_rate,38701018,2026-09-09 09:29:42.995614+00,67834274,67831947
1788946183.042342,1985440,1990618,public,daily_market,pk_daily_market,2392697655,2026-09-09 09:29:42.995614+00,2337608521,2337246920
1788946183.042342,1985396,1990620,public,trade_history,pk_trade_history,432653865,2026-09-09 09:29:42.995614+00,1235917204,1235577265
1788946183.042342,1985309,1990621,public,holding_summary,pk_holding_summary,207009105,2026-09-09 09:29:42.995614+00,1428630344,1427602289
1788946183.042342,1985512,1990624,public,sector,pk_sector,2361567,2026-09-09 05:14:30.973506+00,2361567,2361567
1788946183.042342,1985402,1990626,public,trade_request,i_tr_s_symb,2325442698,2026-09-09 09:29:42.995614+00,7243291944,6950361107
1788946183.042342,1985315,1990627,public,watch_item,pk_watch_item,18713901,2026-09-09 09:29:42.995614+00,1873106236,58697984
1788946183.042342,1985264,1990629,public,customer,i_c_tax_id,11261162,2026-09-09 09:29:42.995614+00,11261254,11261162
1788946183.042342,1985496,1990630,public,news_item,pk_news_item,48513244,2026-09-09 09:29:42.995614+00,48513491,48504845
1788946183.042342,1985422,1990632,public,company,i_co_name,6996949,2026-09-09 09:29:42.995614+00,6997021,6996949
1788946183.042342,1985517,1990633,public,security,pk_security,2278884646,2026-09-09 09:29:42.995614+00,2278884726,2278698733
1788946183.042342,1985460,1990635,public,financial,pk_financial,24250468,2026-09-09 09:29:42.995614+00,485062138,485009300
1788946183.042342,1985538,1990637,public,address,pk_address,48510120,2026-09-09 09:29:42.995614+00,109072844,109055531
1788946183.042342,1985320,1990639,public,watch_list,pk_watch_list,7342,2026-09-09 09:25:50.369987+00,7342,0
1788946183.042342,1985507,1990641,public,news_xref,pk_news_xref,24262927,2026-09-09 09:29:42.995614+00,48513244,298
1788946183.042342,1985486,1990643,public,last_trade,pk_last_trade,3358557169,2026-09-09 09:29:42.995614+00,3359435277,3358547095
1788946183.042342,1985275,1990645,public,customer_account,i_ca_c_id,22580188,2026-09-09 09:29:42.995614+00,125825137,123964740
1788946183.042342,1985555,1990646,public,zip_code,pk_zip_code,48512660,2026-09-09 09:29:42.995614+00,48512660,48500338
1788946183.042342,1985517,1990648,public,security,i_security,1772814933,2026-09-09 09:29:42.995614+00,2426037535,2426029297
1788946183.042342,1985422,1990649,public,company,pk_company,268439301,2026-09-09 09:29:42.995614+00,4158887628,4158826173
1788946183.042342,1985320,1990651,public,watch_list,i_wl_c_id,18706561,2026-09-09 09:29:42.995614+00,18706561,18706559
1788946183.042342,1985302,1990652,public,holding_history,pk_holding_history,1869558,2026-09-09 09:29:42.995614+00,121363861,121357408
1788946183.042342,1985363,1990654,public,settlement,pk_settlement,364392833,2026-09-09 09:29:42.995614+00,452375131,429823935
1788946183.042342,1985290,1990656,public,holding,i_holding,19920582,2026-09-09 09:29:42.995614+00,493726586,456718752
1788946183.042342,1985440,1990657,public,daily_market,i_dm_s_symb,151,2026-09-09 09:14:59.083472+00,4665848,193140
1788946183.042342,1985372,1990658,public,trade,i_t_st_id,33,2026-09-09 09:24:48.460179+00,17840489,33425
1788946183.042342,1985372,1990659,public,trade,i_t_s_symb,5720057,2026-09-09 09:29:42.877619+00,150220402611,148134846392
1788946183.042342,1985372,1990660,public,trade,i_t_ca_id,50855773,2026-09-09 09:29:42.995614+00,237397029565,234571093924
1788946183.042342,1985302,1990662,public,holding_history,i_hh_t_id,1385248,2026-09-09 09:29:42.995614+00,117652043,117652043
1788946242.188039,1985275,1990584,public,customer_account,pk_customer_account,129164033,2026-09-09 09:30:42.199473+00,129301720,129112275
1788946242.188039,1985325,1990585,public,broker,pk_broker,133547451,2026-09-09 09:30:42.199473+00,133550124,133261285
1788946242.188039,1985343,1990588,public,charge,pk_charge,0,,0,0
1788946242.188039,1985256,1990590,public,account_permission,pk_account_permission,1752678,2026-09-09 09:30:42.124039+00,1752904,1752844
1788946242.188039,1985285,1990592,public,customer_taxrate,pk_customer_taxrate,89053358,2026-09-09 09:30:42.199473+00,18102853,13234154
1788946242.188039,1985335,1990593,public,cash_transaction,pk_cash_transaction,343497752,2026-09-09 09:30:42.124039+00,419772004,416325284
1788946242.188039,1985290,1990597,public,holding,pk_holding,18935671,2026-09-09 09:30:42.199473+00,23798405,18934718
1788946242.188039,1985264,1990596,public,customer,pk_customer,94255195,2026-09-09 09:30:42.199473+00,94445249,94318852
1788946242.188039,1985434,1990600,public,company_competitor,pk_company_competitor,24265861,2026-09-09 09:30:42.124039+00,72797579,0
1788946242.188039,1985548,1990602,public,taxrate,pk_taxrate,18087923,2026-09-09 09:30:42.199473+00,18087930,18085424
1788946242.188039,1985402,1990604,public,trade_request,pk_trade_request,6606528,2026-09-09 09:30:42.199473+00,6932036,6714432
1788946242.188039,1985372,1990607,public,trade,pk_trade,474398022,2026-09-09 09:30:42.199473+00,1073641578,992620829
1788946242.188039,1985415,1990609,public,trade_type,pk_trade_type,406371,2026-09-09 09:26:35.58092+00,406371,4395
1788946242.188039,1985451,1990611,public,exchange,pk_exchange,388760,2026-09-09 09:26:35.58092+00,388760,385052
1788946242.188039,1985480,1990613,public,industry,pk_industry,83326606,2026-09-09 09:30:42.124039+00,83326606,83153948
1788946242.188039,1985543,1990606,public,status_type,pk_status_type,700329,2026-09-09 09:30:42.056102+00,700329,1568
1788946242.188039,1985351,1990616,public,commission_rate,pk_commission_rate,38726113,2026-09-09 09:30:42.199473+00,67878331,67876002
1788946242.188039,1985440,1990618,public,daily_market,pk_daily_market,2394247216,2026-09-09 09:30:42.124039+00,2339122369,2338760518
1788946242.188039,1985396,1990620,public,trade_history,pk_trade_history,432937251,2026-09-09 09:30:42.124039+00,1236588884,1236247071
1788946242.188039,1985309,1990621,public,holding_summary,pk_holding_summary,207143392,2026-09-09 09:30:42.199473+00,1429556841,1428528597
1788946242.188039,1985512,1990624,public,sector,pk_sector,2361567,2026-09-09 05:14:30.973506+00,2361567,2361567
1788946242.188039,1985402,1990626,public,trade_request,i_tr_s_symb,2327028765,2026-09-09 09:30:42.199473+00,7247050956,6954112783
1788946242.188039,1985315,1990627,public,watch_item,pk_watch_item,18726051,2026-09-09 09:30:42.124039+00,1874321156,58766782
1788946242.188039,1985264,1990629,public,customer,i_c_tax_id,11268487,2026-09-09 09:30:42.124039+00,11268579,11268487
1788946242.188039,1985496,1990630,public,news_item,pk_news_item,48544624,2026-09-09 09:30:42.124039+00,48544871,48536225
1788946242.188039,1985422,1990632,public,company,i_co_name,7001519,2026-09-09 09:30:42.124039+00,7001591,7001519
1788946242.188039,1985517,1990633,public,security,pk_security,2280256944,2026-09-09 09:30:42.199473+00,2280257024,2280070927
1788946242.188039,1985460,1990635,public,financial,pk_financial,24266158,2026-09-09 09:30:42.124039+00,485375938,485323100
1788946242.188039,1985538,1990637,public,address,pk_address,48541500,2026-09-09 09:30:42.124039+00,109143096,109125783
1788946242.188039,1985320,1990639,public,watch_list,pk_watch_list,7342,2026-09-09 09:25:50.369987+00,7342,0
1788946242.188039,1985507,1990641,public,news_xref,pk_news_xref,24278617,2026-09-09 09:30:42.124039+00,48544624,298
1788946242.188039,1985486,1990643,public,last_trade,pk_last_trade,3360731345,2026-09-09 09:30:42.199473+00,3361609453,3360721235
1788946242.188039,1985275,1990645,public,customer_account,i_ca_c_id,22594854,2026-09-09 09:30:42.124039+00,125908326,124044938
1788946242.188039,1985555,1990646,public,zip_code,pk_zip_code,48544040,2026-09-09 09:30:42.124039+00,48544040,48531718
1788946242.188039,1985517,1990648,public,security,i_security,1773985839,2026-09-09 09:30:42.124039+00,2427638124,2427629886
1788946242.188039,1985422,1990649,public,company,pk_company,268509894,2026-09-09 09:30:42.124039+00,4161302283,4161240828
1788946242.188039,1985320,1990651,public,watch_list,i_wl_c_id,18718711,2026-09-09 09:30:42.124039+00,18718711,18718709
1788946242.188039,1985302,1990652,public,holding_history,pk_holding_history,1870820,2026-09-09 09:30:42.124039+00,121367663,121361210
1788946242.188039,1985363,1990654,public,settlement,pk_settlement,364627353,2026-09-09 09:30:42.124039+00,452609886,430058455
1788946242.188039,1985290,1990656,public,holding,i_holding,19933905,2026-09-09 09:30:42.199473+00,494100367,457048653
1788946242.188039,1985440,1990657,public,daily_market,i_dm_s_symb,152,2026-09-09 09:29:48.509245+00,4667172,194445
1788946242.188039,1985372,1990658,public,trade,i_t_st_id,33,2026-09-09 09:24:48.460179+00,17840489,33425
1788946242.188039,1985372,1990659,public,trade,i_t_s_symb,5723464,2026-09-09 09:30:42.124039+00,150325568798,148238149565
1788946242.188039,1985372,1990660,public,trade,i_t_ca_id,50888833,2026-09-09 09:30:42.124039+00,237564969883,234736632654
1788946242.188039,1985302,1990662,public,holding_history,i_hh_t_id,1386187,2026-09-09 09:30:42.124039+00,117653305,117653305
1788946302.271422,1985275,1990584,public,customer_account,pk_customer_account,129248442,2026-09-09 09:31:42.168699+00,129386138,129196643
1788946302.271422,1985325,1990585,public,broker,pk_broker,133861598,2026-09-09 09:31:42.168699+00,133864271,133575046
1788946302.271422,1985343,1990588,public,charge,pk_charge,0,,0,0
1788946302.271422,1985256,1990590,public,account_permission,pk_account_permission,1753827,2026-09-09 09:31:42.168699+00,1754053,1753993
1788946302.271422,1985285,1990592,public,customer_taxrate,pk_customer_taxrate,89112766,2026-09-09 09:31:42.168699+00,18114993,13245766
1788946302.271422,1985335,1990593,public,cash_transaction,pk_cash_transaction,343721987,2026-09-09 09:31:42.168699+00,419992852,416545175
1788946302.271422,1985290,1990597,public,holding,pk_holding,18948637,2026-09-09 09:31:42.06947+00,23811596,18947683
1788946302.271422,1985264,1990596,public,customer,pk_customer,94317298,2026-09-09 09:31:42.168699+00,94507352,94380953
1788946302.271422,1985434,1990600,public,company_competitor,pk_company_competitor,24281880,2026-09-09 09:31:42.168699+00,72845636,0
1788946302.271422,1985548,1990602,public,taxrate,pk_taxrate,18100026,2026-09-09 09:31:42.168699+00,18100033,18097526
1788946302.271422,1985402,1990604,public,trade_request,pk_trade_request,6610268,2026-09-09 09:31:42.06947+00,6935776,6718172
1788946302.271422,1985372,1990607,public,trade,pk_trade,474712742,2026-09-09 09:31:42.168699+00,1074007859,992935418
1788946302.271422,1985415,1990609,public,trade_type,pk_trade_type,406371,2026-09-09 09:26:35.58092+00,406371,4395
1788946302.271422,1985451,1990611,public,exchange,pk_exchange,388760,2026-09-09 09:26:35.58092+00,388760,385052
1788946302.271422,1985480,1990613,public,industry,pk_industry,83374733,2026-09-09 09:31:42.168699+00,83374733,83202005
1788946302.271422,1985543,1990606,public,status_type,pk_status_type,701255,2026-09-09 09:31:41.37992+00,701255,1568
1788946302.271422,1985351,1990616,public,commission_rate,pk_commission_rate,38751704,2026-09-09 09:31:42.168699+00,67923468,67921135
1788946302.271422,1985440,1990618,public,daily_market,pk_daily_market,2395798155,2026-09-09 09:31:42.168699+00,2340636960,2340274889
1788946302.271422,1985396,1990620,public,trade_history,pk_trade_history,433224473,2026-09-09 09:31:42.168699+00,1237271089,1236928346
1788946302.271422,1985309,1990621,public,holding_summary,pk_holding_summary,207280007,2026-09-09 09:31:42.168699+00,1430492327,1429463872
1788946302.271422,1985512,1990624,public,sector,pk_sector,2361567,2026-09-09 05:14:30.973506+00,2361567,2361567
1788946302.271422,1985402,1990626,public,trade_request,i_tr_s_symb,2328610739,2026-09-09 09:31:42.168699+00,7251203979,6958247609
1788946302.271422,1985315,1990627,public,watch_item,pk_watch_item,18738119,2026-09-09 09:31:42.168699+00,1875527028,58831362
1788946302.271422,1985264,1990629,public,customer,i_c_tax_id,11275854,2026-09-09 09:31:42.168699+00,11275946,11275854
1788946302.271422,1985496,1990630,public,news_item,pk_news_item,48576662,2026-09-09 09:31:42.168699+00,48576909,48568263
1788946302.271422,1985422,1990632,public,company,i_co_name,7006108,2026-09-09 09:31:42.168699+00,7006180,7006108
1788946302.271422,1985517,1990633,public,security,pk_security,2281627549,2026-09-09 09:31:42.168699+00,2281627629,2281441427
1788946302.271422,1985460,1990635,public,financial,pk_financial,24282177,2026-09-09 09:31:42.168699+00,485696318,485643480
1788946302.271422,1985538,1990637,public,address,pk_address,48573538,2026-09-09 09:31:42.168699+00,109215134,109197821
1788946302.271422,1985320,1990639,public,watch_list,pk_watch_list,7342,2026-09-09 09:25:50.369987+00,7342,0
1788946302.271422,1985507,1990641,public,news_xref,pk_news_xref,24294636,2026-09-09 09:31:42.168699+00,48576662,298
1788946302.271422,1985486,1990643,public,last_trade,pk_last_trade,3362910077,2026-09-09 09:31:42.168699+00,3363788185,3362899940
1788946302.271422,1985275,1990645,public,customer_account,i_ca_c_id,22609733,2026-09-09 09:31:42.168699+00,125992634,124126171
1788946302.271422,1985555,1990646,public,zip_code,pk_zip_code,48576078,2026-09-09 09:31:42.168699+00,48576078,48563756
1788946302.271422,1985517,1990648,public,security,i_security,1775156214,2026-09-09 09:31:42.168699+00,2429239887,2429231649
1788946302.271422,1985422,1990649,public,company,pk_company,268582031,2026-09-09 09:31:42.168699+00,4164115823,4164054368
1788946302.271422,1985320,1990651,public,watch_list,i_wl_c_id,18730779,2026-09-09 09:31:42.168699+00,18730779,18730777
1788946302.271422,1985302,1990652,public,holding_history,pk_holding_history,1872031,2026-09-09 09:31:42.023693+00,121371261,121364808
1788946302.271422,1985363,1990654,public,settlement,pk_settlement,364869533,2026-09-09 09:31:42.168699+00,452852285,430300635
1788946302.271422,1985290,1990656,public,holding,i_holding,19947140,2026-09-09 09:31:42.168699+00,494463275,457366811
1788946302.271422,1985440,1990657,public,daily_market,i_dm_s_symb,152,2026-09-09 09:29:48.509245+00,4667172,194445
1788946302.271422,1985372,1990658,public,trade,i_t_st_id,33,2026-09-09 09:24:48.460179+00,17840489,33425
1788946302.271422,1985372,1990659,public,trade,i_t_s_symb,5726877,2026-09-09 09:31:42.168699+00,150430635711,148341359712
1788946302.271422,1985372,1990660,public,trade,i_t_ca_id,50922417,2026-09-09 09:31:42.168699+00,237736861907,234906064927
1788946302.271422,1985302,1990662,public,holding_history,i_hh_t_id,1387087,2026-09-09 09:31:42.023693+00,117654516,117654516
1788946362.422745,1985275,1990584,public,customer_account,pk_customer_account,129333653,2026-09-09 09:32:42.424803+00,129471359,129281813
1788946362.422745,1985325,1990585,public,broker,pk_broker,134178958,2026-09-09 09:32:42.424803+00,134181631,133892085
1788946362.422745,1985343,1990588,public,charge,pk_charge,0,,0,0
1788946362.422745,1985256,1990590,public,account_permission,pk_account_permission,1754991,2026-09-09 09:32:42.377589+00,1755217,1755157
1788946362.422745,1985285,1990592,public,customer_taxrate,pk_customer_taxrate,89175742,2026-09-09 09:32:42.424803+00,18127792,13258034
1788946362.422745,1985335,1990593,public,cash_transaction,pk_cash_transaction,343945691,2026-09-09 09:32:42.377589+00,420213160,416764492
1788946362.422745,1985290,1990597,public,holding,pk_holding,18962380,2026-09-09 09:32:42.424803+00,23825547,18961425
1788946362.422745,1985264,1990596,public,customer,pk_customer,94379406,2026-09-09 09:32:42.424803+00,94569460,94443054
1788946362.422745,1985434,1990600,public,company_competitor,pk_company_competitor,24297637,2026-09-09 09:32:42.377589+00,72892907,0
1788946362.422745,1985548,1990602,public,taxrate,pk_taxrate,18112773,2026-09-09 09:32:42.424803+00,18112780,18110270
1788946362.422745,1985402,1990604,public,trade_request,pk_trade_request,6614074,2026-09-09 09:32:42.423008+00,6939582,6721978
1788946362.422745,1985372,1990607,public,trade,pk_trade,475027674,2026-09-09 09:32:42.424803+00,1074375203,993250204
1788946362.422745,1985415,1990609,public,trade_type,pk_trade_type,406371,2026-09-09 09:26:35.58092+00,406371,4395
1788946362.422745,1985451,1990611,public,exchange,pk_exchange,388760,2026-09-09 09:26:35.58092+00,388760,385052
1788946362.422745,1985480,1990613,public,industry,pk_industry,83422094,2026-09-09 09:32:42.377589+00,83422094,83249276
1788946362.422745,1985543,1990606,public,status_type,pk_status_type,701975,2026-09-09 09:32:42.012075+00,701975,1572
1788946362.422745,1985351,1990616,public,commission_rate,pk_commission_rate,38777628,2026-09-09 09:32:42.424803+00,67968862,67966525
1788946362.422745,1985440,1990618,public,daily_market,pk_daily_market,2397359730,2026-09-09 09:32:42.377589+00,2342162932,2341800629
1788946362.422745,1985396,1990620,public,trade_history,pk_trade_history,433507785,2026-09-09 09:32:42.377589+00,1237944536,1237601070
1788946362.422745,1985309,1990621,public,holding_summary,pk_holding_summary,207416462,2026-09-09 09:32:42.424803+00,1431423179,1430394482
1788946362.422745,1985512,1990624,public,sector,pk_sector,2361567,2026-09-09 05:14:30.973506+00,2361567,2361567
1788946362.422745,1985402,1990626,public,trade_request,i_tr_s_symb,2330197724,2026-09-09 09:32:42.423008+00,7255747719,6962713316
1788946362.422745,1985315,1990627,public,watch_item,pk_watch_item,18750377,2026-09-09 09:32:42.377589+00,1876753381,58898047
1788946362.422745,1985264,1990629,public,customer,i_c_tax_id,11283201,2026-09-09 09:32:42.377589+00,11283293,11283201
1788946362.422745,1985496,1990630,public,news_item,pk_news_item,48608176,2026-09-09 09:32:42.377589+00,48608423,48599777
1788946362.422745,1985422,1990632,public,company,i_co_name,7010525,2026-09-09 09:32:42.372108+00,7010597,7010525
1788946362.422745,1985517,1990633,public,security,pk_security,2283013259,2026-09-09 09:32:42.424803+00,2283013339,2282827038
1788946362.422745,1985460,1990635,public,financial,pk_financial,24297936,2026-09-09 09:32:42.377589+00,486011518,485958660
1788946362.422745,1985538,1990637,public,address,pk_address,48605052,2026-09-09 09:32:42.377589+00,109285933,109268620
1788946362.422745,1985320,1990639,public,watch_list,pk_watch_list,7342,2026-09-09 09:25:50.369987+00,7342,0
1788946362.422745,1985507,1990641,public,news_xref,pk_news_xref,24310393,2026-09-09 09:32:42.377589+00,48608176,298
1788946362.422745,1985486,1990643,public,last_trade,pk_last_trade,3365100527,2026-09-09 09:32:42.423008+00,3365978635,3365090355
1788946362.422745,1985275,1990645,public,customer_account,i_ca_c_id,22624428,2026-09-09 09:32:42.377589+00,126076238,124206747
1788946362.422745,1985555,1990646,public,zip_code,pk_zip_code,48607592,2026-09-09 09:32:42.377589+00,48607592,48595270
1788946362.422745,1985517,1990648,public,security,i_security,1776327719,2026-09-09 09:32:42.377589+00,2430842413,2430834175
1788946362.422745,1985422,1990649,public,company,pk_company,268653153,2026-09-09 09:32:42.377589+00,4166718432,4166656977
1788946362.422745,1985320,1990651,public,watch_list,i_wl_c_id,18743037,2026-09-09 09:32:42.377589+00,18743037,18743035
1788946362.422745,1985302,1990652,public,holding_history,pk_holding_history,1873186,2026-09-09 09:32:42.372108+00,121374783,121368330
1788946362.422745,1985363,1990654,public,settlement,pk_settlement,365106793,2026-09-09 09:32:42.377589+00,453089771,430537895
1788946362.422745,1985290,1990656,public,holding,i_holding,19960883,2026-09-09 09:32:42.424803+00,494840202,457697818
1788946362.422745,1985440,1990657,public,daily_market,i_dm_s_symb,152,2026-09-09 09:29:48.509245+00,4667172,194445
1788946362.422745,1985372,1990658,public,trade,i_t_st_id,33,2026-09-09 09:24:48.460179+00,17840489,33425
1788946362.422745,1985372,1990659,public,trade,i_t_s_symb,5730368,2026-09-09 09:32:42.377589+00,150538390064,148447199812
1788946362.422745,1985372,1990660,public,trade,i_t_ca_id,50955541,2026-09-09 09:32:42.377589+00,237906954713,235073720726
1788946362.422745,1985302,1990662,public,holding_history,i_hh_t_id,1387954,2026-09-09 09:32:42.372108+00,117655671,117655671
1788946422.572150,1985275,1990584,public,customer_account,pk_customer_account,129419125,2026-09-09 09:33:42.556623+00,129556834,129367259
1788946422.572150,1985325,1990585,public,broker,pk_broker,134496759,2026-09-09 09:33:42.556623+00,134499432,134209553
1788946422.572150,1985343,1990588,public,charge,pk_charge,0,,0,0
1788946422.572150,1985256,1990590,public,account_permission,pk_account_permission,1756164,2026-09-09 09:33:42.474301+00,1756390,1756330
1788946422.572150,1985285,1990592,public,customer_taxrate,pk_customer_taxrate,89236241,2026-09-09 09:33:42.556623+00,18140101,13269837
1788946422.572150,1985335,1990593,public,cash_transaction,pk_cash_transaction,344169749,2026-09-09 09:33:42.546107+00,420433806,416984145
1788946422.572150,1985290,1990597,public,holding,pk_holding,18975333,2026-09-09 09:33:42.556623+00,23838683,18974376
1788946422.572150,1985264,1990596,public,customer,pk_customer,94441822,2026-09-09 09:33:42.556623+00,94631876,94505469
1788946422.572150,1985434,1990600,public,company_competitor,pk_company_competitor,24313553,2026-09-09 09:33:42.546107+00,72940655,0
1788946422.572150,1985548,1990602,public,taxrate,pk_taxrate,18125058,2026-09-09 09:33:42.556623+00,18125065,18122550
1788946422.572150,1985402,1990604,public,trade_request,pk_trade_request,6618094,2026-09-09 09:33:42.556623+00,6943602,6725998
1788946422.572150,1985372,1990607,public,trade,pk_trade,475342246,2026-09-09 09:33:42.556623+00,1074743044,993564671
1788946422.572150,1985415,1990609,public,trade_type,pk_trade_type,406371,2026-09-09 09:26:35.58092+00,406371,4395
1788946422.572150,1985451,1990611,public,exchange,pk_exchange,388760,2026-09-09 09:26:35.58092+00,388760,385052
1788946422.572150,1985480,1990613,public,industry,pk_industry,83469914,2026-09-09 09:33:42.546107+00,83469914,83297024
1788946422.572150,1985543,1990606,public,status_type,pk_status_type,702443,2026-09-09 09:33:41.904839+00,702443,1572
1788946422.572150,1985351,1990616,public,commission_rate,pk_commission_rate,38803503,2026-09-09 09:33:42.556623+00,68014305,68011962
1788946422.572150,1985440,1990618,public,daily_market,pk_daily_market,2398936795,2026-09-09 09:33:42.546107+00,2343703956,2343341397
1788946422.572150,1985396,1990620,public,trade_history,pk_trade_history,433791711,2026-09-09 09:33:42.546107+00,1238619854,1238275916
1788946422.572150,1985309,1990621,public,holding_summary,pk_holding_summary,207554262,2026-09-09 09:33:42.556623+00,1432366796,1431337899
1788946422.572150,1985512,1990624,public,sector,pk_sector,2361567,2026-09-09 05:14:30.973506+00,2361567,2361567
1788946422.572150,1985402,1990626,public,trade_request,i_tr_s_symb,2331810829,2026-09-09 09:33:42.556623+00,7260615809,6967501129
1788946422.572150,1985315,1990627,public,watch_item,pk_watch_item,18762694,2026-09-09 09:33:42.546107+00,1877988207,58965820
1788946422.572150,1985264,1990629,public,customer,i_c_tax_id,11290644,2026-09-09 09:33:42.546107+00,11290736,11290644
1788946422.572150,1985496,1990630,public,news_item,pk_news_item,48640012,2026-09-09 09:33:42.546107+00,48640261,48631612
1788946422.572150,1985422,1990632,public,company,i_co_name,7015142,2026-09-09 09:33:42.546107+00,7015214,7015142
1788946422.572150,1985517,1990633,public,security,pk_security,2284411745,2026-09-09 09:33:42.556623+00,2284411825,2284225439
1788946422.572150,1985460,1990635,public,financial,pk_financial,24313852,2026-09-09 09:33:42.546107+00,486329838,486276980
1788946422.572150,1985538,1990637,public,address,pk_address,48636884,2026-09-09 09:33:42.546107+00,109357459,109340146
1788946422.572150,1985320,1990639,public,watch_list,pk_watch_list,7342,2026-09-09 09:25:50.369987+00,7342,0
1788946422.572150,1985507,1990641,public,news_xref,pk_news_xref,24326312,2026-09-09 09:33:42.546107+00,48640012,300
1788946422.572150,1985486,1990643,public,last_trade,pk_last_trade,3367315643,2026-09-09 09:33:42.556623+00,3368193751,3367305451
1788946422.572150,1985275,1990645,public,customer_account,i_ca_c_id,22639333,2026-09-09 09:33:42.546107+00,126160997,124288533
1788946422.572150,1985555,1990646,public,zip_code,pk_zip_code,48639424,2026-09-09 09:33:42.546107+00,48639424,48627102
1788946422.572150,1985517,1990648,public,security,i_security,1777519666,2026-09-09 09:33:42.546107+00,2432473721,2432465483
1788946422.572150,1985422,1990649,public,company,pk_company,268724791,2026-09-09 09:33:42.546107+00,4169271577,4169210122
1788946422.572150,1985320,1990651,public,watch_list,i_wl_c_id,18755354,2026-09-09 09:33:42.546107+00,18755354,18755352
1788946422.572150,1985302,1990652,public,holding_history,pk_holding_history,1874408,2026-09-09 09:33:42.430612+00,121378394,121371941
1788946422.572150,1985363,1990654,public,settlement,pk_settlement,365347173,2026-09-09 09:33:42.546107+00,453330373,430778275
1788946422.572150,1985290,1990656,public,holding,i_holding,19974169,2026-09-09 09:33:42.556623+00,495200386,458015047
1788946422.572150,1985440,1990657,public,daily_market,i_dm_s_symb,152,2026-09-09 09:29:48.509245+00,4667172,194445
1788946422.572150,1985372,1990658,public,trade,i_t_st_id,33,2026-09-09 09:24:48.460179+00,17840489,33425
1788946422.572150,1985372,1990659,public,trade,i_t_s_symb,5733849,2026-09-09 09:33:42.546107+00,150645864554,148552770477
1788946422.572150,1985372,1990660,public,trade,i_t_ca_id,50988946,2026-09-09 09:33:42.546107+00,238077430384,235241754525
1788946422.572150,1985302,1990662,public,holding_history,i_hh_t_id,1388878,2026-09-09 09:33:42.430612+00,117656893,117656893
1788946482.693814,1985275,1990584,public,customer_account,pk_customer_account,129503859,2026-09-09 09:34:42.698814+00,129641569,129451960
1788946482.693814,1985325,1990585,public,broker,pk_broker,134814429,2026-09-09 09:34:42.698814+00,134817102,134526979
1788946482.693814,1985343,1990588,public,charge,pk_charge,0,,0,0
1788946482.693814,1985256,1990590,public,account_permission,pk_account_permission,1757292,2026-09-09 09:34:42.698814+00,1757518,1757458
1788946482.693814,1985285,1990592,public,customer_taxrate,pk_customer_taxrate,89295160,2026-09-09 09:34:42.698814+00,18152130,13281376
1788946482.693814,1985335,1990593,public,cash_transaction,pk_cash_transaction,344391855,2026-09-09 09:34:42.698814+00,420652556,417201895
1788946482.693814,1985290,1990597,public,holding,pk_holding,18988386,2026-09-09 09:34:42.633016+00,23851897,18987425
1788946482.693814,1985264,1990596,public,customer,pk_customer,94503573,2026-09-09 09:34:42.698814+00,94693627,94567219
1788946482.693814,1985434,1990600,public,company_competitor,pk_company_competitor,24329414,2026-09-09 09:34:42.698814+00,72988238,0
1788946482.693814,1985548,1990602,public,taxrate,pk_taxrate,18137054,2026-09-09 09:34:42.698814+00,18137061,18134544
1788946482.693814,1985402,1990604,public,trade_request,pk_trade_request,6622194,2026-09-09 09:34:42.633016+00,6947702,6730098
1788946482.693814,1985372,1990607,public,trade,pk_trade,475651210,2026-09-09 09:34:42.698814+00,1075105094,993873532
1788946482.693814,1985415,1990609,public,trade_type,pk_trade_type,406371,2026-09-09 09:26:35.58092+00,406371,4395
1788946482.693814,1985451,1990611,public,exchange,pk_exchange,388760,2026-09-09 09:26:35.58092+00,388760,385052
1788946482.693814,1985480,1990613,public,industry,pk_industry,83517575,2026-09-09 09:34:42.698814+00,83517575,83344607
1788946482.693814,1985543,1990606,public,status_type,pk_status_type,702939,2026-09-09 09:34:42.364076+00,702939,1572
1788946482.693814,1985351,1990616,public,commission_rate,pk_commission_rate,38829084,2026-09-09 09:34:42.698814+00,68059265,68056919
1788946482.693814,1985440,1990618,public,daily_market,pk_daily_market,2400501467,2026-09-09 09:34:42.698814+00,2345232590,2344869783
1788946482.693814,1985396,1990620,public,trade_history,pk_trade_history,434072343,2026-09-09 09:34:42.698814+00,1239286425,1238941982
1788946482.693814,1985309,1990621,public,holding_summary,pk_holding_summary,207690271,2026-09-09 09:34:42.698814+00,1433296284,1432267207
1788946482.693814,1985512,1990624,public,sector,pk_sector,2361567,2026-09-09 05:14:30.973506+00,2361567,2361567
1788946482.693814,1985402,1990626,public,trade_request,i_tr_s_symb,2333385497,2026-09-09 09:34:42.698814+00,7265630954,6972399393
1788946482.693814,1985315,1990627,public,watch_item,pk_watch_item,18774879,2026-09-09 09:34:42.698814+00,1879213350,59028535
1788946482.693814,1985264,1990629,public,customer,i_c_tax_id,11298059,2026-09-09 09:34:42.698814+00,11298151,11298059
1788946482.693814,1985496,1990630,public,news_item,pk_news_item,48671734,2026-09-09 09:34:42.698814+00,48671983,48663334
1788946482.693814,1985422,1990632,public,company,i_co_name,7019638,2026-09-09 09:34:42.698814+00,7019710,7019638
1788946482.693814,1985517,1990633,public,security,pk_security,2285797196,2026-09-09 09:34:42.698814+00,2285797276,2285610806
1788946482.693814,1985460,1990635,public,financial,pk_financial,24329713,2026-09-09 09:34:42.698814+00,486647058,486594200
1788946482.693814,1985538,1990637,public,address,pk_address,48668606,2026-09-09 09:34:42.698814+00,109428898,109411585
1788946482.693814,1985320,1990639,public,watch_list,pk_watch_list,7342,2026-09-09 09:25:50.369987+00,7342,0
1788946482.693814,1985507,1990641,public,news_xref,pk_news_xref,24342173,2026-09-09 09:34:42.698814+00,48671734,300
1788946482.693814,1985486,1990643,public,last_trade,pk_last_trade,3369506337,2026-09-09 09:34:42.698814+00,3370384445,3369496145
1788946482.693814,1985275,1990645,public,customer_account,i_ca_c_id,22654034,2026-09-09 09:34:42.698814+00,126244836,124369335
1788946482.693814,1985555,1990646,public,zip_code,pk_zip_code,48671146,2026-09-09 09:34:42.698814+00,48671146,48658824
1788946482.693814,1985517,1990648,public,security,i_security,1778683118,2026-09-09 09:34:42.698814+00,2434065054,2434056816
1788946482.693814,1985422,1990649,public,company,pk_company,268796264,2026-09-09 09:34:42.698814+00,4172011982,4171950527
1788946482.693814,1985320,1990651,public,watch_list,i_wl_c_id,18767539,2026-09-09 09:34:42.698814+00,18767539,18767537
1788946482.693814,1985302,1990652,public,holding_history,pk_holding_history,1875734,2026-09-09 09:34:42.698814+00,121382370,121375917
1788946482.693814,1985363,1990654,public,settlement,pk_settlement,365583893,2026-09-09 09:34:42.698814+00,453567336,431014995
1788946482.693814,1985290,1990656,public,holding,i_holding,19987493,2026-09-09 09:34:42.698814+00,495560976,458331097
1788946482.693814,1985440,1990657,public,daily_market,i_dm_s_symb,152,2026-09-09 09:29:48.509245+00,4667172,194445
1788946482.693814,1985372,1990658,public,trade,i_t_st_id,33,2026-09-09 09:24:48.460179+00,17840489,33425
1788946482.693814,1985372,1990659,public,trade,i_t_s_symb,5737372,2026-09-09 09:34:42.698814+00,150754421390,148659406532
1788946482.693814,1985372,1990660,public,trade,i_t_ca_id,51022134,2026-09-09 09:34:42.698814+00,238247197440,235409090476
1788946482.693814,1985302,1990662,public,holding_history,i_hh_t_id,1389845,2026-09-09 09:34:42.698814+00,117658219,117658219
1788946542.836813,1985275,1990584,public,customer_account,pk_customer_account,129590033,2026-09-09 09:35:42.853515+00,129727746,129538104
1788946542.836813,1985325,1990585,public,broker,pk_broker,135134898,2026-09-09 09:35:42.853515+00,135137571,134847140
1788946542.836813,1985343,1990588,public,charge,pk_charge,0,,0,0
1788946542.836813,1985256,1990590,public,account_permission,pk_account_permission,1758459,2026-09-09 09:35:42.824751+00,1758685,1758625
1788946542.836813,1985285,1990592,public,customer_taxrate,pk_customer_taxrate,89357720,2026-09-09 09:35:42.853515+00,18164834,13293634
1788946542.836813,1985335,1990593,public,cash_transaction,pk_cash_transaction,344617672,2026-09-09 09:35:42.824751+00,420874923,417423272
1788946542.836813,1985290,1990597,public,holding,pk_holding,19002169,2026-09-09 09:35:42.853515+00,23865880,19001205
1788946542.836813,1985264,1990596,public,customer,pk_customer,94565724,2026-09-09 09:35:42.853515+00,94755778,94629365
1788946542.836813,1985434,1990600,public,company_competitor,pk_company_competitor,24345130,2026-09-09 09:35:42.824751+00,73035386,0
1788946542.836813,1985548,1990602,public,taxrate,pk_taxrate,18149711,2026-09-09 09:35:42.853515+00,18149718,18147198
1788946542.836813,1985402,1990604,public,trade_request,pk_trade_request,6626661,2026-09-09 09:35:42.844257+00,6952169,6734565
1788946542.836813,1985372,1990607,public,trade,pk_trade,475966075,2026-09-09 09:35:42.853515+00,1075475419,994188271
1788946542.836813,1985415,1990609,public,trade_type,pk_trade_type,406371,2026-09-09 09:26:35.58092+00,406371,4395
1788946542.836813,1985451,1990611,public,exchange,pk_exchange,388760,2026-09-09 09:26:35.58092+00,388760,385052
1788946542.836813,1985480,1990613,public,industry,pk_industry,83564789,2026-09-09 09:35:42.824751+00,83564789,83391755
1788946542.836813,1985543,1990606,public,status_type,pk_status_type,703226,2026-09-09 09:35:16.238126+00,703226,1575
1788946542.836813,1985351,1990616,public,commission_rate,pk_commission_rate,38855154,2026-09-09 09:35:42.853515+00,68105157,68102805
1788946542.836813,1985440,1990618,public,daily_market,pk_daily_market,2402057710,2026-09-09 09:35:42.824751+00,2346753096,2346390048
1788946542.836813,1985396,1990620,public,trade_history,pk_trade_history,434353831,2026-09-09 09:35:42.824751+00,1239955983,1239611249
1788946542.836813,1985309,1990621,public,holding_summary,pk_holding_summary,207827333,2026-09-09 09:35:42.853515+00,1434228468,1433199130
1788946542.836813,1985512,1990624,public,sector,pk_sector,2361567,2026-09-09 05:14:30.973506+00,2361567,2361567
1788946542.836813,1985402,1990626,public,trade_request,i_tr_s_symb,2335018731,2026-09-09 09:35:42.844257+00,7270955020,6977590591
1788946542.836813,1985315,1990627,public,watch_item,pk_watch_item,18787069,2026-09-09 09:35:42.824751+00,1880432810,59095802
1788946542.836813,1985264,1990629,public,customer,i_c_tax_id,11305335,2026-09-09 09:35:42.824751+00,11305427,11305335
1788946542.836813,1985496,1990630,public,news_item,pk_news_item,48703166,2026-09-09 09:35:42.824751+00,48703415,48694766
1788946542.836813,1985422,1990632,public,company,i_co_name,7024231,2026-09-09 09:35:42.824751+00,7024303,7024231
1788946542.836813,1985517,1990633,public,security,pk_security,2287176824,2026-09-09 09:35:42.853515+00,2287176904,2286990332
1788946542.836813,1985460,1990635,public,financial,pk_financial,24345429,2026-09-09 09:35:42.824751+00,486961378,486908520
1788946542.836813,1985538,1990637,public,address,pk_address,48700038,2026-09-09 09:35:42.824751+00,109499730,109482417
1788946542.836813,1985320,1990639,public,watch_list,pk_watch_list,7342,2026-09-09 09:25:50.369987+00,7342,0
1788946542.836813,1985507,1990641,public,news_xref,pk_news_xref,24357889,2026-09-09 09:35:42.824751+00,48703166,300
1788946542.836813,1985486,1990643,public,last_trade,pk_last_trade,3371692142,2026-09-09 09:35:42.844257+00,3372570250,3371681950
1788946542.836813,1985275,1990645,public,customer_account,i_ca_c_id,22668712,2026-09-09 09:35:42.824751+00,126328551,124449933
1788946542.836813,1985555,1990646,public,zip_code,pk_zip_code,48702578,2026-09-09 09:35:42.824751+00,48702578,48690256
1788946542.836813,1985517,1990648,public,security,i_security,1779888283,2026-09-09 09:35:42.824751+00,2435713240,2435705002
1788946542.836813,1985422,1990649,public,company,pk_company,268867002,2026-09-09 09:35:42.824751+00,4174556730,4174495275
1788946542.836813,1985320,1990651,public,watch_list,i_wl_c_id,18779729,2026-09-09 09:35:42.824751+00,18779729,18779727
1788946542.836813,1985302,1990652,public,holding_history,pk_holding_history,1876991,2026-09-09 09:35:42.762149+00,121386145,121379692
1788946542.836813,1985363,1990654,public,settlement,pk_settlement,365821913,2026-09-09 09:35:42.824751+00,453805555,431253015
1788946542.836813,1985290,1990656,public,holding,i_holding,20001323,2026-09-09 09:35:42.853515+00,495943036,458667359
1788946542.836813,1985440,1990657,public,daily_market,i_dm_s_symb,152,2026-09-09 09:29:48.509245+00,4667172,194445
1788946542.836813,1985372,1990658,public,trade,i_t_st_id,33,2026-09-09 09:24:48.460179+00,17840489,33425
1788946542.836813,1985372,1990659,public,trade,i_t_s_symb,5740900,2026-09-09 09:35:42.824751+00,150863515786,148766565385
1788946542.836813,1985372,1990660,public,trade,i_t_ca_id,51055134,2026-09-09 09:35:42.824751+00,238415965354,235575441732
1788946542.836813,1985302,1990662,public,holding_history,i_hh_t_id,1390760,2026-09-09 09:35:42.762149+00,117659476,117659476
1788946602.978676,1985275,1990584,public,customer_account,pk_customer_account,129675791,2026-09-09 09:36:42.975158+00,129813507,129623824
1788946602.978676,1985325,1990585,public,broker,pk_broker,135454067,2026-09-09 09:36:42.975158+00,135456740,135166016
1788946602.978676,1985343,1990588,public,charge,pk_charge,0,,0,0
1788946602.978676,1985256,1990590,public,account_permission,pk_account_permission,1759565,2026-09-09 09:36:42.959716+00,1759791,1759731
1788946602.978676,1985285,1990592,public,customer_taxrate,pk_customer_taxrate,89419362,2026-09-09 09:36:42.975158+00,18177351,13305628
1788946602.978676,1985335,1990593,public,cash_transaction,pk_cash_transaction,344841201,2026-09-09 09:36:42.975158+00,421095080,417642464
1788946602.978676,1985290,1990597,public,holding,pk_holding,19015711,2026-09-09 09:36:42.778617+00,23879635,19014747
1788946602.978676,1985264,1990596,public,customer,pk_customer,94627897,2026-09-09 09:36:42.975158+00,94817951,94691537
1788946602.978676,1985434,1990600,public,company_competitor,pk_company_competitor,24360959,2026-09-09 09:36:42.975158+00,73082873,0
1788946602.978676,1985548,1990602,public,taxrate,pk_taxrate,18162183,2026-09-09 09:36:42.975158+00,18162190,18159669
1788946602.978676,1985402,1990604,public,trade_request,pk_trade_request,6630918,2026-09-09 09:36:42.778617+00,6956426,6738822
1788946602.978676,1985372,1990607,public,trade,pk_trade,476281988,2026-09-09 09:36:42.975158+00,1075846031,994504062
1788946602.978676,1985415,1990609,public,trade_type,pk_trade_type,406371,2026-09-09 09:26:35.58092+00,406371,4395
1788946602.978676,1985451,1990611,public,exchange,pk_exchange,388760,2026-09-09 09:26:35.58092+00,388760,385052
1788946602.978676,1985480,1990613,public,industry,pk_industry,83612350,2026-09-09 09:36:42.975158+00,83612350,83439242
1788946602.978676,1985543,1990606,public,status_type,pk_status_type,703226,2026-09-09 09:35:16.238126+00,703226,1575
1788946602.978676,1985351,1990616,public,commission_rate,pk_commission_rate,38881048,2026-09-09 09:36:42.975158+00,68150675,68148318
1788946602.978676,1985440,1990618,public,daily_market,pk_daily_market,2403604031,2026-09-09 09:36:42.975158+00,2348263275,2347899995
1788946602.978676,1985396,1990620,public,trade_history,pk_trade_history,434635721,2026-09-09 09:36:42.975158+00,1240626648,1240281911
1788946602.978676,1985309,1990621,public,holding_summary,pk_holding_summary,207965074,2026-09-09 09:36:42.975158+00,1435169601,1434139962
1788946602.978676,1985512,1990624,public,sector,pk_sector,2361567,2026-09-09 05:14:30.973506+00,2361567,2361567
1788946602.978676,1985402,1990626,public,trade_request,i_tr_s_symb,2336628034,2026-09-09 09:36:42.975158+00,7276266428,6982749083
1788946602.978676,1985315,1990627,public,watch_item,pk_watch_item,18799208,2026-09-09 09:36:42.975158+00,1881638412,59162862
1788946602.978676,1985264,1990629,public,customer,i_c_tax_id,11312677,2026-09-09 09:36:42.975158+00,11312769,11312677
1788946602.978676,1985496,1990630,public,news_item,pk_news_item,48734824,2026-09-09 09:36:42.975158+00,48735073,48726424
1788946602.978676,1985422,1990632,public,company,i_co_name,7028811,2026-09-09 09:36:42.975158+00,7028883,7028811
1788946602.978676,1985517,1990633,public,security,pk_security,2288544989,2026-09-09 09:36:42.975158+00,2288545069,2288358378
1788946602.978676,1985460,1990635,public,financial,pk_financial,24361258,2026-09-09 09:36:42.975158+00,487277958,487225100
1788946602.978676,1985538,1990637,public,address,pk_address,48731696,2026-09-09 09:36:42.975158+00,109570810,109553497
1788946602.978676,1985320,1990639,public,watch_list,pk_watch_list,7350,2026-09-09 09:35:48.55917+00,7350,0
1788946602.978676,1985507,1990641,public,news_xref,pk_news_xref,24373718,2026-09-09 09:36:42.975158+00,48734824,300
1788946602.978676,1985486,1990643,public,last_trade,pk_last_trade,3373875880,2026-09-09 09:36:42.975158+00,3374753988,3373865688
1788946602.978676,1985275,1990645,public,customer_account,i_ca_c_id,22683539,2026-09-09 09:36:42.975158+00,126413088,124531516
1788946602.978676,1985555,1990646,public,zip_code,pk_zip_code,48734236,2026-09-09 09:36:42.975158+00,48734236,48721914
1788946602.978676,1985517,1990648,public,security,i_security,1781077329,2026-09-09 09:36:42.975158+00,2437341001,2437332763
1788946602.978676,1985422,1990649,public,company,pk_company,268938250,2026-09-09 09:36:42.975158+00,4177256926,4177195471
1788946602.978676,1985320,1990651,public,watch_list,i_wl_c_id,18791860,2026-09-09 09:36:42.975158+00,18791860,18791858
1788946602.978676,1985302,1990652,public,holding_history,pk_holding_history,1878165,2026-09-09 09:36:42.895197+00,121389679,121383226
1788946602.978676,1985363,1990654,public,settlement,pk_settlement,366058273,2026-09-09 09:36:42.975158+00,454042163,431489375
1788946602.978676,1985290,1990656,public,holding,i_holding,20014905,2026-09-09 09:36:42.975158+00,496320192,458998213
1788946602.978676,1985440,1990657,public,daily_market,i_dm_s_symb,152,2026-09-09 09:29:48.509245+00,4667172,194445
1788946602.978676,1985372,1990658,public,trade,i_t_st_id,33,2026-09-09 09:24:48.460179+00,17840489,33425
1788946602.978676,1985372,1990659,public,trade,i_t_s_symb,5744410,2026-09-09 09:36:42.975158+00,150971661676,148872798713
1788946602.978676,1985372,1990660,public,trade,i_t_ca_id,51088287,2026-09-09 09:36:42.975158+00,238585532668,235742572940
1788946602.978676,1985302,1990662,public,holding_history,i_hh_t_id,1391640,2026-09-09 09:36:42.895197+00,117660650,117660650
1788946662.129490,1985275,1990584,public,customer_account,pk_customer_account,129761743,2026-09-09 09:37:42.117629+00,129899467,129709742
1788946662.129490,1985325,1990585,public,broker,pk_broker,135768524,2026-09-09 09:37:42.117629+00,135771197,135480168
1788946662.129490,1985343,1990588,public,charge,pk_charge,0,,0,0
1788946662.129490,1985256,1990590,public,account_permission,pk_account_permission,1760646,2026-09-09 09:37:42.086775+00,1760874,1760814
1788946662.129490,1985285,1990592,public,customer_taxrate,pk_customer_taxrate,89481516,2026-09-09 09:37:42.117629+00,18189971,13317797
1788946662.129490,1985335,1990593,public,cash_transaction,pk_cash_transaction,345062586,2026-09-09 09:37:42.091268+00,421313256,417859736
1788946662.129490,1985290,1990597,public,holding,pk_holding,19029699,2026-09-09 09:37:42.117629+00,23893803,19028731
1788946662.129490,1985264,1990596,public,customer,pk_customer,94689711,2026-09-09 09:37:42.117629+00,94879765,94753349
1788946662.129490,1985434,1990600,public,company_competitor,pk_company_competitor,24376590,2026-09-09 09:37:42.091268+00,73129766,0
1788946662.129490,1985548,1990602,public,taxrate,pk_taxrate,18174759,2026-09-09 09:37:42.117629+00,18174766,18172245
1788946662.129490,1985402,1990604,public,trade_request,pk_trade_request,6635307,2026-09-09 09:37:42.117629+00,6960815,6743211
1788946662.129490,1985372,1990607,public,trade,pk_trade,476594004,2026-09-09 09:37:42.117629+00,1076214135,994815969
1788946662.129490,1985415,1990609,public,trade_type,pk_trade_type,406371,2026-09-09 09:26:35.58092+00,406371,4395
1788946662.129490,1985451,1990611,public,exchange,pk_exchange,388760,2026-09-09 09:26:35.58092+00,388760,385052
1788946662.129490,1985480,1990613,public,industry,pk_industry,83659367,2026-09-09 09:37:42.091268+00,83659367,83486135
1788946662.129490,1985543,1990606,public,status_type,pk_status_type,703226,2026-09-09 09:35:16.238126+00,703226,1575
1788946662.129490,1985351,1990616,public,commission_rate,pk_commission_rate,38907168,2026-09-09 09:37:42.117629+00,68196184,68193823
1788946662.129490,1985440,1990618,public,daily_market,pk_daily_market,2405140389,2026-09-09 09:37:42.091268+00,2349763985,2349400474
1788946662.129490,1985396,1990620,public,trade_history,pk_trade_history,434913331,2026-09-09 09:37:42.091268+00,1241286986,1240942246
1788946662.129490,1985309,1990621,public,holding_summary,pk_holding_summary,208101216,2026-09-09 09:37:42.117629+00,1436088612,1435058748
1788946662.129490,1985512,1990624,public,sector,pk_sector,2361567,2026-09-09 05:14:30.973506+00,2361567,2361567
1788946662.129490,1985402,1990626,public,trade_request,i_tr_s_symb,2338227136,2026-09-09 09:37:42.117629+00,7281579094,6987899065
1788946662.129490,1985315,1990627,public,watch_item,pk_watch_item,18811180,2026-09-09 09:37:42.091268+00,1882839019,59232254
1788946662.129490,1985264,1990629,public,customer,i_c_tax_id,11319813,2026-09-09 09:37:42.091268+00,11319905,11319813
1788946662.129490,1985496,1990630,public,news_item,pk_news_item,48766086,2026-09-09 09:37:42.091268+00,48766335,48757686
1788946662.129490,1985422,1990632,public,company,i_co_name,7033437,2026-09-09 09:37:42.091268+00,7033509,7033437
1788946662.129490,1985517,1990633,public,security,pk_security,2289905267,2026-09-09 09:37:42.117629+00,2289905347,2289718569
1788946662.129490,1985460,1990635,public,financial,pk_financial,24376889,2026-09-09 09:37:42.091268+00,487590578,487537720
1788946662.129490,1985538,1990637,public,address,pk_address,48762958,2026-09-09 09:37:42.091268+00,109641011,109623698
1788946662.129490,1985320,1990639,public,watch_list,pk_watch_list,7350,2026-09-09 09:35:48.55917+00,7350,0
1788946662.129490,1985507,1990641,public,news_xref,pk_news_xref,24389349,2026-09-09 09:37:42.091268+00,48766086,300
1788946662.129490,1985486,1990643,public,last_trade,pk_last_trade,3376029678,2026-09-09 09:37:42.117629+00,3376907786,3376019462
1788946662.129490,1985275,1990645,public,customer_account,i_ca_c_id,22698064,2026-09-09 09:37:42.091268+00,126495441,124610990
1788946662.129490,1985555,1990646,public,zip_code,pk_zip_code,48765498,2026-09-09 09:37:42.091268+00,48765498,48753176
1788946662.129490,1985517,1990648,public,security,i_security,1782257967,2026-09-09 09:37:42.091268+00,2438955476,2438947238
1788946662.129490,1985422,1990649,public,company,pk_company,269008556,2026-09-09 09:37:42.091268+00,4179846224,4179784769
1788946662.129490,1985320,1990651,public,watch_list,i_wl_c_id,18803832,2026-09-09 09:37:42.091268+00,18803832,18803830
1788946662.129490,1985302,1990652,public,holding_history,pk_holding_history,1879376,2026-09-09 09:37:42.091268+00,121393429,121386976
1788946662.129490,1985363,1990654,public,settlement,pk_settlement,366293813,2026-09-09 09:37:42.091268+00,454277944,431724915
1788946662.129490,1985290,1990656,public,holding,i_holding,20028643,2026-09-09 09:37:42.117629+00,496700586,459331058
1788946662.129490,1985440,1990657,public,daily_market,i_dm_s_symb,152,2026-09-09 09:29:48.509245+00,4667172,194445
1788946662.129490,1985372,1990658,public,trade,i_t_st_id,33,2026-09-09 09:24:48.460179+00,17840489,33425
1788946662.129490,1985372,1990659,public,trade,i_t_s_symb,5747786,2026-09-09 09:37:42.091268+00,151075718516,148975008263
1788946662.129490,1985372,1990660,public,trade,i_t_ca_id,51121087,2026-09-09 09:37:42.091268+00,238753172283,235907806714
1788946662.129490,1985302,1990662,public,holding_history,i_hh_t_id,1392539,2026-09-09 09:37:42.091268+00,117661861,117661861
1788946722.232075,1985275,1990584,public,customer_account,pk_customer_account,129847894,2026-09-09 09:38:42.267668+00,129985629,129795853
1788946722.232075,1985325,1990585,public,broker,pk_broker,136086608,2026-09-09 09:38:42.267668+00,136089281,135797973
1788946722.232075,1985343,1990588,public,charge,pk_charge,0,,0,0
1788946722.232075,1985256,1990590,public,account_permission,pk_account_permission,1761807,2026-09-09 09:38:42.204641+00,1762035,1761975
1788946722.232075,1985285,1990592,public,customer_taxrate,pk_customer_taxrate,89543137,2026-09-09 09:38:42.267668+00,18202472,13329840
1788946722.232075,1985335,1990593,public,cash_transaction,pk_cash_transaction,345286356,2026-09-09 09:38:42.250985+00,421533466,418078937
1788946722.232075,1985290,1990597,public,holding,pk_holding,19043178,2026-09-09 09:38:42.267668+00,23907472,19042210
1788946722.232075,1985264,1990596,public,customer,pk_customer,94752010,2026-09-09 09:38:42.267668+00,94942064,94815642
1788946722.232075,1985434,1990600,public,company_competitor,pk_company_competitor,24392369,2026-09-09 09:38:42.250985+00,73177103,0
1788946722.232075,1985548,1990602,public,taxrate,pk_taxrate,18187228,2026-09-09 09:38:42.267668+00,18187235,18184712
1788946722.232075,1985402,1990604,public,trade_request,pk_trade_request,6639692,2026-09-09 09:38:42.267668+00,6965200,6747596
1788946722.232075,1985372,1990607,public,trade,pk_trade,476906707,2026-09-09 09:38:42.267668+00,1076581912,995128573
1788946722.232075,1985415,1990609,public,trade_type,pk_trade_type,406371,2026-09-09 09:26:35.58092+00,406371,4395
1788946722.232075,1985451,1990611,public,exchange,pk_exchange,388760,2026-09-09 09:26:35.58092+00,388760,385052
1788946722.232075,1985480,1990613,public,industry,pk_industry,83706776,2026-09-09 09:38:42.250985+00,83706776,83533472
1788946722.232075,1985543,1990606,public,status_type,pk_status_type,703226,2026-09-09 09:35:16.238126+00,703226,1575
1788946722.232075,1985351,1990616,public,commission_rate,pk_commission_rate,38933289,2026-09-09 09:38:42.267668+00,68242058,68239695
1788946722.232075,1985440,1990618,public,daily_market,pk_daily_market,2406704279,2026-09-09 09:38:42.250985+00,2351292151,2350928413
1788946722.232075,1985396,1990620,public,trade_history,pk_trade_history,435193379,2026-09-09 09:38:42.250985+00,1241952953,1241608210
1788946722.232075,1985309,1990621,public,holding_summary,pk_holding_summary,208239079,2026-09-09 09:38:42.267668+00,1437023418,1435993335
1788946722.232075,1985512,1990624,public,sector,pk_sector,2361567,2026-09-09 05:14:30.973506+00,2361567,2361567
1788946722.232075,1985402,1990626,public,trade_request,i_tr_s_symb,2339809723,2026-09-09 09:38:42.267668+00,7286871087,6993024526
1788946722.232075,1985315,1990627,public,watch_item,pk_watch_item,18823438,2026-09-09 09:38:42.250985+00,1884065706,59296891
1788946722.232075,1985264,1990629,public,customer,i_c_tax_id,11327211,2026-09-09 09:38:42.250985+00,11327303,11327211
1788946722.232075,1985496,1990630,public,news_item,pk_news_item,48797644,2026-09-09 09:38:42.250985+00,48797893,48789244
1788946722.232075,1985422,1990632,public,company,i_co_name,7037991,2026-09-09 09:38:42.250985+00,7038063,7037991
1788946722.232075,1985517,1990633,public,security,pk_security,2291293415,2026-09-09 09:38:42.267668+00,2291293495,2291106598
1788946722.232075,1985460,1990635,public,financial,pk_financial,24392668,2026-09-09 09:38:42.250985+00,487906158,487853300
1788946722.232075,1985538,1990637,public,address,pk_address,48794519,2026-09-09 09:38:42.250985+00,109712263,109694950
1788946722.232075,1985320,1990639,public,watch_list,pk_watch_list,7350,2026-09-09 09:35:48.55917+00,7350,0
1788946722.232075,1985507,1990641,public,news_xref,pk_news_xref,24405128,2026-09-09 09:38:42.250985+00,48797644,300
1788946722.232075,1985486,1990643,public,last_trade,pk_last_trade,3378226243,2026-09-09 09:38:42.267668+00,3379104351,3378215995
1788946722.232075,1985275,1990645,public,customer_account,i_ca_c_id,22712794,2026-09-09 09:38:42.250985+00,126579792,124692233
1788946722.232075,1985555,1990646,public,zip_code,pk_zip_code,48797056,2026-09-09 09:38:42.250985+00,48797056,48784734
1788946722.232075,1985517,1990648,public,security,i_security,1783426212,2026-09-09 09:38:42.250985+00,2440554268,2440546030
1788946722.232075,1985422,1990649,public,company,pk_company,269079555,2026-09-09 09:38:42.250985+00,4182358746,4182297291
1788946722.232075,1985320,1990651,public,watch_list,i_wl_c_id,18816090,2026-09-09 09:38:42.250985+00,18816090,18816088
1788946722.232075,1985302,1990652,public,holding_history,pk_holding_history,1880516,2026-09-09 09:38:42.250985+00,121396886,121390433
1788946722.232075,1985363,1990654,public,settlement,pk_settlement,366531131,2026-09-09 09:38:42.250985+00,454515522,431962233
1788946722.232075,1985290,1990656,public,holding,i_holding,20042301,2026-09-09 09:38:42.267668+00,497072980,459655969
1788946722.232075,1985440,1990657,public,daily_market,i_dm_s_symb,152,2026-09-09 09:29:48.509245+00,4667172,194445
1788946722.232075,1985372,1990658,public,trade,i_t_st_id,33,2026-09-09 09:24:48.460179+00,17840489,33425
1788946722.232075,1985372,1990659,public,trade,i_t_s_symb,5751321,2026-09-09 09:38:42.250985+00,151184913971,149082261696
1788946722.232075,1985372,1990660,public,trade,i_t_ca_id,51154113,2026-09-09 09:38:42.250985+00,238921545870,236073761446
1788946722.232075,1985302,1990662,public,holding_history,i_hh_t_id,1393409,2026-09-09 09:38:42.250985+00,117663001,117663001
1788946782.383254,1985275,1990584,public,customer_account,pk_customer_account,129934154,2026-09-09 09:39:42.190802+00,130071889,129882078
1788946782.383254,1985325,1990585,public,broker,pk_broker,136407524,2026-09-09 09:39:42.190802+00,136410197,136118603
1788946782.383254,1985343,1990588,public,charge,pk_charge,0,,0,0
1788946782.383254,1985256,1990590,public,account_permission,pk_account_permission,1762943,2026-09-09 09:39:42.155689+00,1763171,1763111
1788946782.383254,1985285,1990592,public,customer_taxrate,pk_customer_taxrate,89604382,2026-09-09 09:39:42.187339+00,18214956,13341863
1788946782.383254,1985335,1990593,public,cash_transaction,pk_cash_transaction,345508886,2026-09-09 09:39:42.190802+00,421752564,418297058
1788946782.383254,1985290,1990597,public,holding,pk_holding,19056349,2026-09-09 09:39:42.103715+00,23920789,19055379
1788946782.383254,1985264,1990596,public,customer,pk_customer,94814439,2026-09-09 09:39:42.190802+00,95004493,94878070
1788946782.383254,1985434,1990600,public,company_competitor,pk_company_competitor,24408222,2026-09-09 09:39:42.190802+00,73224662,0
1788946782.383254,1985548,1990602,public,taxrate,pk_taxrate,18199690,2026-09-09 09:39:42.187339+00,18199697,18197173
1788946782.383254,1985402,1990604,public,trade_request,pk_trade_request,6644087,2026-09-09 09:39:42.103715+00,6969595,6751991
1788946782.383254,1985372,1990607,public,trade,pk_trade,477221477,2026-09-09 09:39:42.190802+00,1076952271,995443238
1788946782.383254,1985415,1990609,public,trade_type,pk_trade_type,406371,2026-09-09 09:26:35.58092+00,406371,4395
1788946782.383254,1985451,1990611,public,exchange,pk_exchange,388760,2026-09-09 09:26:35.58092+00,388760,385052
1788946782.383254,1985480,1990613,public,industry,pk_industry,83754405,2026-09-09 09:39:42.190802+00,83754405,83581031
1788946782.383254,1985543,1990606,public,status_type,pk_status_type,703226,2026-09-09 09:35:16.238126+00,703226,1575
1788946782.383254,1985351,1990616,public,commission_rate,pk_commission_rate,38959433,2026-09-09 09:39:42.190802+00,68287872,68285508
1788946782.383254,1985440,1990618,public,daily_market,pk_daily_market,2408270257,2026-09-09 09:39:42.190802+00,2352822252,2352458296
1788946782.383254,1985396,1990620,public,trade_history,pk_trade_history,435475499,2026-09-09 09:39:42.190802+00,1242623882,1242279138
1788946782.383254,1985309,1990621,public,holding_summary,pk_holding_summary,208376416,2026-09-09 09:39:42.190802+00,1437955256,1436924970
1788946782.383254,1985512,1990624,public,sector,pk_sector,2361567,2026-09-09 05:14:30.973506+00,2361567,2361567
1788946782.383254,1985402,1990626,public,trade_request,i_tr_s_symb,2341423349,2026-09-09 09:39:42.187339+00,7292300596,6998279032
1788946782.383254,1985315,1990627,public,watch_item,pk_watch_item,18835709,2026-09-09 09:39:42.190802+00,1885295746,59366224
1788946782.383254,1985264,1990629,public,customer,i_c_tax_id,11334590,2026-09-09 09:39:42.190802+00,11334682,11334590
1788946782.383254,1985496,1990630,public,news_item,pk_news_item,48829350,2026-09-09 09:39:42.190802+00,48829599,48820950
1788946782.383254,1985422,1990632,public,company,i_co_name,7042519,2026-09-09 09:39:42.190802+00,7042591,7042519
1788946782.383254,1985517,1990633,public,security,pk_security,2292681616,2026-09-09 09:39:42.190802+00,2292681696,2292494722
1788946782.383254,1985460,1990635,public,financial,pk_financial,24408521,2026-09-09 09:39:42.190802+00,488223218,488170360
1788946782.383254,1985538,1990637,public,address,pk_address,48826225,2026-09-09 09:39:42.190802+00,109783539,109766226
1788946782.383254,1985320,1990639,public,watch_list,pk_watch_list,7350,2026-09-09 09:35:48.55917+00,7350,0
1788946782.383254,1985507,1990641,public,news_xref,pk_news_xref,24420981,2026-09-09 09:39:42.190802+00,48829350,300
1788946782.383254,1985486,1990643,public,last_trade,pk_last_trade,3380420813,2026-09-09 09:39:42.190802+00,3381298921,3380410560
1788946782.383254,1985275,1990645,public,customer_account,i_ca_c_id,22727563,2026-09-09 09:39:42.190802+00,126663698,124773112
1788946782.383254,1985555,1990646,public,zip_code,pk_zip_code,48828762,2026-09-09 09:39:42.190802+00,48828762,48816440
1788946782.383254,1985517,1990648,public,security,i_security,1784615172,2026-09-09 09:39:42.190802+00,2442181318,2442173080
1788946782.383254,1985422,1990649,public,company,pk_company,269150954,2026-09-09 09:39:42.190802+00,4184861672,4184800217
1788946782.383254,1985320,1990651,public,watch_list,i_wl_c_id,18828361,2026-09-09 09:39:42.190802+00,18828361,18828359
1788946782.383254,1985302,1990652,public,holding_history,pk_holding_history,1881755,2026-09-09 09:39:42.187339+00,121400661,121394208
1788946782.383254,1985363,1990654,public,settlement,pk_settlement,366771031,2026-09-09 09:39:42.190802+00,454755620,432202133
1788946782.383254,1985290,1990656,public,holding,i_holding,20055838,2026-09-09 09:39:42.190802+00,497441346,459977258
1788946782.383254,1985440,1990657,public,daily_market,i_dm_s_symb,152,2026-09-09 09:29:48.509245+00,4667172,194445
1788946782.383254,1985372,1990658,public,trade,i_t_st_id,33,2026-09-09 09:24:48.460179+00,17840489,33425
1788946782.383254,1985372,1990659,public,trade,i_t_s_symb,5754727,2026-09-09 09:39:42.190802+00,151289994777,149185473817
1788946782.383254,1985372,1990660,public,trade,i_t_ca_id,51187484,2026-09-09 09:39:42.190802+00,239092149028,236241916276
1788946782.383254,1985302,1990662,public,holding_history,i_hh_t_id,1394336,2026-09-09 09:39:42.187339+00,117664240,117664240
1788946842.563380,1985275,1990584,public,customer_account,pk_customer_account,130020153,2026-09-09 09:40:42.57883+00,130157894,129968048
1788946842.563380,1985325,1990585,public,broker,pk_broker,136728050,2026-09-09 09:40:42.57883+00,136730723,136438801
1788946842.563380,1985343,1990588,public,charge,pk_charge,0,,0,0
1788946842.563380,1985256,1990590,public,account_permission,pk_account_permission,1764061,2026-09-09 09:40:42.571706+00,1764289,1764229
1788946842.563380,1985285,1990592,public,customer_taxrate,pk_customer_taxrate,89664687,2026-09-09 09:40:42.57883+00,18227254,13353622
1788946842.563380,1985335,1990593,public,cash_transaction,pk_cash_transaction,345733871,2026-09-09 09:40:42.571706+00,421974035,418517586
1788946842.563380,1985290,1990597,public,holding,pk_holding,19069528,2026-09-09 09:40:42.57883+00,23934139,19068553
1788946842.563380,1985264,1990596,public,customer,pk_customer,94876703,2026-09-09 09:40:42.57883+00,95066757,94940333
1788946842.563380,1985434,1990600,public,company_competitor,pk_company_competitor,24424107,2026-09-09 09:40:42.571706+00,73272317,0
1788946842.563380,1985548,1990602,public,taxrate,pk_taxrate,18211961,2026-09-09 09:40:42.57883+00,18211968,18209442
1788946842.563380,1985402,1990604,public,trade_request,pk_trade_request,6648588,2026-09-09 09:40:42.560771+00,6974096,6756492
1788946842.563380,1985372,1990607,public,trade,pk_trade,477535323,2026-09-09 09:40:42.57883+00,1077321054,995757002
1788946842.563380,1985415,1990609,public,trade_type,pk_trade_type,406371,2026-09-09 09:26:35.58092+00,406371,4395
1788946842.563380,1985451,1990611,public,exchange,pk_exchange,388760,2026-09-09 09:26:35.58092+00,388760,385052
1788946842.563380,1985480,1990613,public,industry,pk_industry,83802126,2026-09-09 09:40:42.571706+00,83802126,83628686
1788946842.563380,1985543,1990606,public,status_type,pk_status_type,703226,2026-09-09 09:35:16.238126+00,703226,1575
1788946842.563380,1985351,1990616,public,commission_rate,pk_commission_rate,38985353,2026-09-09 09:40:42.57883+00,68333350,68330983
1788946842.563380,1985440,1990618,public,daily_market,pk_daily_market,2409837015,2026-09-09 09:40:42.571706+00,2354352970,2353988814
1788946842.563380,1985396,1990620,public,trade_history,pk_trade_history,435757132,2026-09-09 09:40:42.571706+00,1243293555,1242948811
1788946842.563380,1985309,1990621,public,holding_summary,pk_holding_summary,208513334,2026-09-09 09:40:42.57883+00,1438889389,1437858903
1788946842.563380,1985512,1990624,public,sector,pk_sector,2361567,2026-09-09 05:14:30.973506+00,2361567,2361567
1788946842.563380,1985402,1990626,public,trade_request,i_tr_s_symb,2343043010,2026-09-09 09:40:42.571706+00,7297795488,7003587785
1788946842.563380,1985315,1990627,public,watch_item,pk_watch_item,18847971,2026-09-09 09:40:42.571706+00,1886522907,59433499
1788946842.563380,1985264,1990629,public,customer,i_c_tax_id,11341956,2026-09-09 09:40:42.571706+00,11342048,11341956
1788946842.563380,1985496,1990630,public,news_item,pk_news_item,48861120,2026-09-09 09:40:42.571706+00,48861369,48852720
1788946842.563380,1985422,1990632,public,company,i_co_name,7047078,2026-09-09 09:40:42.571706+00,7047150,7047078
1788946842.563380,1985517,1990633,public,security,pk_security,2294069908,2026-09-09 09:40:42.57883+00,2294069988,2293882938
1788946842.563380,1985460,1990635,public,financial,pk_financial,24424406,2026-09-09 09:40:42.571706+00,488540918,488488060
1788946842.563380,1985538,1990637,public,address,pk_address,48857995,2026-09-09 09:40:42.571706+00,109854876,109837563
1788946842.563380,1985320,1990639,public,watch_list,pk_watch_list,7350,2026-09-09 09:35:48.55917+00,7350,0
1788946842.563380,1985507,1990641,public,news_xref,pk_news_xref,24436866,2026-09-09 09:40:42.571706+00,48861120,300
1788946842.563380,1985486,1990643,public,last_trade,pk_last_trade,3382617578,2026-09-09 09:40:42.571706+00,3383495686,3382607325
1788946842.563380,1985275,1990645,public,customer_account,i_ca_c_id,22742350,2026-09-09 09:40:42.571706+00,126747577,124853965
1788946842.563380,1985555,1990646,public,zip_code,pk_zip_code,48860532,2026-09-09 09:40:42.571706+00,48860532,48848210
1788946842.563380,1985517,1990648,public,security,i_security,1785810601,2026-09-09 09:40:42.571706+00,2443816316,2443808078
1788946842.563380,1985422,1990649,public,company,pk_company,269222469,2026-09-09 09:40:42.571706+00,4187504658,4187443203
1788946842.563380,1985320,1990651,public,watch_list,i_wl_c_id,18840623,2026-09-09 09:40:42.571706+00,18840623,18840621
1788946842.563380,1985302,1990652,public,holding_history,pk_holding_history,1882923,2026-09-09 09:40:42.567693+00,121404169,121397716
1788946842.563380,1985363,1990654,public,settlement,pk_settlement,367010284,2026-09-09 09:40:42.571706+00,454995083,432441386
1788946842.563380,1985290,1990656,public,holding,i_holding,20069135,2026-09-09 09:40:42.57883+00,497808830,460297522
1788946842.563380,1985440,1990657,public,daily_market,i_dm_s_symb,152,2026-09-09 09:29:48.509245+00,4667172,194445
1788946842.563380,1985372,1990658,public,trade,i_t_st_id,33,2026-09-09 09:24:48.460179+00,17840489,33425
1788946842.563380,1985372,1990659,public,trade,i_t_s_symb,5758263,2026-09-09 09:40:42.567693+00,151399466228,149292997443
1788946842.563380,1985372,1990660,public,trade,i_t_ca_id,51220613,2026-09-09 09:40:42.571706+00,239261555225,236408890490
1788946842.563380,1985302,1990662,public,holding_history,i_hh_t_id,1395230,2026-09-09 09:40:42.567693+00,117665408,117665408
1788946902.730083,1985275,1990584,public,customer_account,pk_customer_account,130107241,2026-09-09 09:41:42.704246+00,130244987,130055106
1788946902.730083,1985325,1990585,public,broker,pk_broker,137046465,2026-09-09 09:41:42.704246+00,137049138,136756861
1788946902.730083,1985343,1990588,public,charge,pk_charge,0,,0,0
1788946902.730083,1985256,1990590,public,account_permission,pk_account_permission,1765182,2026-09-09 09:41:42.704246+00,1765411,1765350
1788946902.730083,1985285,1990592,public,customer_taxrate,pk_customer_taxrate,89728387,2026-09-09 09:41:42.704246+00,18240244,13366096
1788946902.730083,1985335,1990593,public,cash_transaction,pk_cash_transaction,345957641,2026-09-09 09:41:42.704246+00,422194453,418737023
1788946902.730083,1985290,1990597,public,holding,pk_holding,19083501,2026-09-09 09:41:42.697104+00,23948333,19082525
1788946902.730083,1985264,1990596,public,customer,pk_customer,94939330,2026-09-09 09:41:42.704246+00,95129384,95002957
1788946902.730083,1985434,1990600,public,company_competitor,pk_company_competitor,24439937,2026-09-09 09:41:42.704246+00,73319807,0
1788946902.730083,1985548,1990602,public,taxrate,pk_taxrate,18224907,2026-09-09 09:41:42.704246+00,18224914,18222388
1788946902.730083,1985402,1990604,public,trade_request,pk_trade_request,6653128,2026-09-09 09:41:42.696763+00,6978636,6761032
1788946902.730083,1985372,1990607,public,trade,pk_trade,477851660,2026-09-09 09:41:42.704246+00,1077694457,996073215
1788946902.730083,1985415,1990609,public,trade_type,pk_trade_type,406371,2026-09-09 09:26:35.58092+00,406371,4395
1788946902.730083,1985451,1990611,public,exchange,pk_exchange,388760,2026-09-09 09:26:35.58092+00,388760,385052
1788946902.730083,1985480,1990613,public,industry,pk_industry,83849694,2026-09-09 09:41:42.704246+00,83849694,83676176
1788946902.730083,1985543,1990606,public,status_type,pk_status_type,703226,2026-09-09 09:35:16.238126+00,703226,1575
1788946902.730083,1985351,1990616,public,commission_rate,pk_commission_rate,39011778,2026-09-09 09:41:42.704246+00,68379438,68377068
1788946902.730083,1985440,1990618,public,daily_market,pk_daily_market,2411398061,2026-09-09 09:41:42.704246+00,2355878050,2355513642
1788946902.730083,1985396,1990620,public,trade_history,pk_trade_history,436037782,2026-09-09 09:41:42.704246+00,1243961350,1243616605
1788946902.730083,1985309,1990621,public,holding_summary,pk_holding_summary,208651547,2026-09-09 09:41:42.704246+00,1439823594,1438792887
1788946902.730083,1985512,1990624,public,sector,pk_sector,2361567,2026-09-09 05:14:30.973506+00,2361567,2361567
1788946902.730083,1985402,1990626,public,trade_request,i_tr_s_symb,2344590954,2026-09-09 09:41:42.704246+00,7303063557,7008659268
1788946902.730083,1985315,1990627,public,watch_item,pk_watch_item,18860157,2026-09-09 09:41:42.704246+00,1887745322,59505199
1788946902.730083,1985264,1990629,public,customer,i_c_tax_id,11349250,2026-09-09 09:41:42.704246+00,11349342,11349250
1788946902.730083,1985496,1990630,public,news_item,pk_news_item,48892780,2026-09-09 09:41:42.704246+00,48893029,48884380
1788946902.730083,1985422,1990632,public,company,i_co_name,7051544,2026-09-09 09:41:42.704246+00,7051616,7051544
1788946902.730083,1985517,1990633,public,security,pk_security,2295453519,2026-09-09 09:41:42.704246+00,2295453599,2295266440
1788946902.730083,1985460,1990635,public,financial,pk_financial,24440236,2026-09-09 09:41:42.704246+00,488857518,488804660
1788946902.730083,1985538,1990637,public,address,pk_address,48889655,2026-09-09 09:41:42.704246+00,109925995,109908682
1788946902.730083,1985320,1990639,public,watch_list,pk_watch_list,7350,2026-09-09 09:35:48.55917+00,7350,0
1788946902.730083,1985507,1990641,public,news_xref,pk_news_xref,24452696,2026-09-09 09:41:42.704246+00,48892780,300
1788946902.730083,1985486,1990643,public,last_trade,pk_last_trade,3384807490,2026-09-09 09:41:42.704246+00,3385685598,3384797192
1788946902.730083,1985275,1990645,public,customer_account,i_ca_c_id,22757096,2026-09-09 09:41:42.704246+00,126831447,124934752
1788946902.730083,1985555,1990646,public,zip_code,pk_zip_code,48892192,2026-09-09 09:41:42.704246+00,48892192,48879870
1788946902.730083,1985517,1990648,public,security,i_security,1786952292,2026-09-09 09:41:42.704246+00,2445378364,2445370126
1788946902.730083,1985422,1990649,public,company,pk_company,269293832,2026-09-09 09:41:42.704246+00,4190117504,4190056049
1788946902.730083,1985320,1990651,public,watch_list,i_wl_c_id,18852809,2026-09-09 09:41:42.704246+00,18852809,18852807
1788946902.730083,1985302,1990652,public,holding_history,pk_holding_history,1884158,2026-09-09 09:41:42.643891+00,121407910,121401457
1788946902.730083,1985363,1990654,public,settlement,pk_settlement,367249244,2026-09-09 09:41:42.704246+00,455234293,432680346
1788946902.730083,1985290,1990656,public,holding,i_holding,20083152,2026-09-09 09:41:42.704246+00,498197578,460636969
1788946902.730083,1985440,1990657,public,daily_market,i_dm_s_symb,152,2026-09-09 09:29:48.509245+00,4667172,194445
1788946902.730083,1985372,1990658,public,trade,i_t_st_id,33,2026-09-09 09:24:48.460179+00,17840489,33425
1788946902.730083,1985372,1990659,public,trade,i_t_s_symb,5761738,2026-09-09 09:41:42.704246+00,151506735831,149398359908
1788946902.730083,1985372,1990660,public,trade,i_t_ca_id,51253740,2026-09-09 09:41:42.704246+00,239431033597,236575933452
1788946902.730083,1985302,1990662,public,holding_history,i_hh_t_id,1396146,2026-09-09 09:41:42.643891+00,117666643,117666643
1788946962.853617,1985275,1990584,public,customer_account,pk_customer_account,130194395,2026-09-09 09:42:42.868238+00,130332150,130142218
1788946962.853617,1985325,1990585,public,broker,pk_broker,137365409,2026-09-09 09:42:42.868238+00,137368082,137075395
1788946962.853617,1985343,1990588,public,charge,pk_charge,0,,0,0
1788946962.853617,1985256,1990590,public,account_permission,pk_account_permission,1766365,2026-09-09 09:42:42.849089+00,1766594,1766533
1788946962.853617,1985285,1990592,public,customer_taxrate,pk_customer_taxrate,89789543,2026-09-09 09:42:42.868238+00,18252653,13378059
1788946962.853617,1985335,1990593,public,cash_transaction,pk_cash_transaction,346181944,2026-09-09 09:42:42.849089+00,422415588,418957176
1788946962.853617,1985290,1990597,public,holding,pk_holding,19097418,2026-09-09 09:42:42.868238+00,23962419,19096438
1788946962.853617,1985264,1990596,public,customer,pk_customer,95002005,2026-09-09 09:42:42.868238+00,95192059,95065629
1788946962.853617,1985434,1990600,public,company_competitor,pk_company_competitor,24455734,2026-09-09 09:42:42.849089+00,73367198,0
1788946962.853617,1985548,1990602,public,taxrate,pk_taxrate,18237288,2026-09-09 09:42:42.868238+00,18237295,18234766
1788946962.853617,1985402,1990604,public,trade_request,pk_trade_request,6657580,2026-09-09 09:42:42.853448+00,6983088,6765484
1788946962.853617,1985372,1990607,public,trade,pk_trade,478167978,2026-09-09 09:42:42.868238+00,1078067770,996389412
1788946962.853617,1985415,1990609,public,trade_type,pk_trade_type,406371,2026-09-09 09:26:35.58092+00,406371,4395
1788946962.853617,1985451,1990611,public,exchange,pk_exchange,388760,2026-09-09 09:26:35.58092+00,388760,385052
1788946962.853617,1985480,1990613,public,industry,pk_industry,83897159,2026-09-09 09:42:42.849089+00,83897159,83723567
1788946962.853617,1985543,1990606,public,status_type,pk_status_type,703226,2026-09-09 09:35:16.238126+00,703226,1575
1788946962.853617,1985351,1990616,public,commission_rate,pk_commission_rate,39038200,2026-09-09 09:42:42.868238+00,68426144,68423770
1788946962.853617,1985440,1990618,public,daily_market,pk_daily_market,2412957556,2026-09-09 09:42:42.849089+00,2357401570,2357036907
1788946962.853617,1985396,1990620,public,trade_history,pk_trade_history,436318862,2026-09-09 09:42:42.849089+00,1244630066,1244285319
1788946962.853617,1985309,1990621,public,holding_summary,pk_holding_summary,208789046,2026-09-09 09:42:42.868238+00,1440749576,1439718591
1788946962.853617,1985512,1990624,public,sector,pk_sector,2361567,2026-09-09 05:14:30.973506+00,2361567,2361567
1788946962.853617,1985402,1990626,public,trade_request,i_tr_s_symb,2346159387,2026-09-09 09:42:42.868238+00,7308371374,7013800662
1788946962.853617,1985315,1990627,public,watch_item,pk_watch_item,18872366,2026-09-09 09:42:42.849089+00,1888967111,59572661
1788946962.853617,1985264,1990629,public,customer,i_c_tax_id,11356588,2026-09-09 09:42:42.849089+00,11356680,11356588
1788946962.853617,1985496,1990630,public,news_item,pk_news_item,48924374,2026-09-09 09:42:42.849089+00,48924623,48915974
1788946962.853617,1985422,1990632,public,company,i_co_name,7056055,2026-09-09 09:42:42.849089+00,7056127,7056055
1788946962.853617,1985517,1990633,public,security,pk_security,2296836457,2026-09-09 09:42:42.868238+00,2296836537,2296649271
1788946962.853617,1985460,1990635,public,financial,pk_financial,24456033,2026-09-09 09:42:42.849089+00,489173458,489120600
1788946962.853617,1985538,1990637,public,address,pk_address,48921249,2026-09-09 09:42:42.849089+00,109997053,109979740
1788946962.853617,1985320,1990639,public,watch_list,pk_watch_list,7350,2026-09-09 09:35:48.55917+00,7350,0
1788946962.853617,1985507,1990641,public,news_xref,pk_news_xref,24468493,2026-09-09 09:42:42.849089+00,48924374,300
1788946962.853617,1985486,1990643,public,last_trade,pk_last_trade,3386989436,2026-09-09 09:42:42.868238+00,3387867544,3386979138
1788946962.853617,1985275,1990645,public,customer_account,i_ca_c_id,22771860,2026-09-09 09:42:42.849089+00,126914723,125015027
1788946962.853617,1985555,1990646,public,zip_code,pk_zip_code,48923786,2026-09-09 09:42:42.849089+00,48923786,48911464
1788946962.853617,1985517,1990648,public,security,i_security,1788109833,2026-09-09 09:42:42.849089+00,2446962426,2446954188
1788946962.853617,1985422,1990649,public,company,pk_company,269365073,2026-09-09 09:42:42.849089+00,4192802699,4192741244
1788946962.853617,1985320,1990651,public,watch_list,i_wl_c_id,18865018,2026-09-09 09:42:42.849089+00,18865018,18865016
1788946962.853617,1985302,1990652,public,holding_history,pk_holding_history,1885402,2026-09-09 09:42:42.849089+00,121411640,121405187
1788946962.853617,1985363,1990654,public,settlement,pk_settlement,367486584,2026-09-09 09:42:42.849089+00,455471881,432917686
1788946962.853617,1985290,1990656,public,holding,i_holding,20097009,2026-09-09 09:42:42.868238+00,498585309,460975236
1788946962.853617,1985440,1990657,public,daily_market,i_dm_s_symb,153,2026-09-09 09:41:48.595447+00,4668486,195750
1788946962.853617,1985372,1990658,public,trade,i_t_st_id,33,2026-09-09 09:24:48.460179+00,17840489,33425
1788946962.853617,1985372,1990659,public,trade,i_t_s_symb,5765142,2026-09-09 09:42:42.849089+00,151611832483,149501583920
1788946962.853617,1985372,1990660,public,trade,i_t_ca_id,51287051,2026-09-09 09:42:42.849089+00,239601514329,236743968084
1788946962.853617,1985302,1990662,public,holding_history,i_hh_t_id,1397053,2026-09-09 09:42:42.849089+00,117667887,117667887
1788947023.020015,1985275,1990584,public,customer_account,pk_customer_account,130281200,2026-09-09 09:43:43.024114+00,130418971,130228992
1788947023.020015,1985325,1990585,public,broker,pk_broker,137682739,2026-09-09 09:43:43.024114+00,137685412,137392315
1788947023.020015,1985343,1990588,public,charge,pk_charge,0,,0,0
1788947023.020015,1985256,1990590,public,account_permission,pk_account_permission,1767496,2026-09-09 09:43:42.982187+00,1767725,1767664
1788947023.020015,1985285,1990592,public,customer_taxrate,pk_customer_taxrate,89850950,2026-09-09 09:43:43.024114+00,18265202,13390115
1788947023.020015,1985335,1990593,public,cash_transaction,pk_cash_transaction,346405089,2026-09-09 09:43:42.982187+00,422635483,419176186
1788947023.020015,1985290,1990597,public,holding,pk_holding,19111362,2026-09-09 09:43:43.024114+00,23976580,19110380
1788947023.020015,1985264,1990596,public,customer,pk_customer,95064524,2026-09-09 09:43:43.024114+00,95254578,95128144
1788947023.020015,1985434,1990600,public,company_competitor,pk_company_competitor,24471534,2026-09-09 09:43:42.982187+00,73414598,0
1788947023.020015,1985548,1990602,public,taxrate,pk_taxrate,18249804,2026-09-09 09:43:43.024114+00,18249811,18247282
1788947023.020015,1985402,1990604,public,trade_request,pk_trade_request,6662095,2026-09-09 09:43:43.024114+00,6987603,6769999
1788947023.020015,1985372,1990607,public,trade,pk_trade,478488316,2026-09-09 09:43:43.024114+00,1078444883,996709631
1788947023.020015,1985415,1990609,public,trade_type,pk_trade_type,406371,2026-09-09 09:26:35.58092+00,406371,4395
1788947023.020015,1985451,1990611,public,exchange,pk_exchange,388760,2026-09-09 09:26:35.58092+00,388760,385052
1788947023.020015,1985480,1990613,public,industry,pk_industry,83944627,2026-09-09 09:43:42.982187+00,83944627,83770967
1788947023.020015,1985543,1990606,public,status_type,pk_status_type,703226,2026-09-09 09:35:16.238126+00,703226,1575
1788947023.020015,1985351,1990616,public,commission_rate,pk_commission_rate,39064580,2026-09-09 09:43:43.024114+00,68472410,68470035
1788947023.020015,1985440,1990618,public,daily_market,pk_daily_market,2414514365,2026-09-09 09:43:42.982187+00,2358922433,2358557554
1788947023.020015,1985396,1990620,public,trade_history,pk_trade_history,436598492,2026-09-09 09:43:42.982187+00,1245295152,1244950402
1788947023.020015,1985309,1990621,public,holding_summary,pk_holding_summary,208927587,2026-09-09 09:43:43.024114+00,1441688575,1440657336
1788947023.020015,1985512,1990624,public,sector,pk_sector,2361567,2026-09-09 05:14:30.973506+00,2361567,2361567
1788947023.020015,1985402,1990626,public,trade_request,i_tr_s_symb,2347748109,2026-09-09 09:43:43.024114+00,7313820785,7019035248
1788947023.020015,1985315,1990627,public,watch_item,pk_watch_item,18884533,2026-09-09 09:43:42.982187+00,1890184232,59642174
1788947023.020015,1985264,1990629,public,customer,i_c_tax_id,11363888,2026-09-09 09:43:42.982187+00,11363980,11363888
1788947023.020015,1985496,1990630,public,news_item,pk_news_item,48955974,2026-09-09 09:43:42.982187+00,48956223,48947574
1788947023.020015,1985422,1990632,public,company,i_co_name,7060642,2026-09-09 09:43:42.982187+00,7060714,7060642
1788947023.020015,1985517,1990633,public,security,pk_security,2298215944,2026-09-09 09:43:43.024114+00,2298216024,2298028668
1788947023.020015,1985460,1990635,public,financial,pk_financial,24471833,2026-09-09 09:43:42.982187+00,489489458,489436600
1788947023.020015,1985538,1990637,public,address,pk_address,48952849,2026-09-09 09:43:42.982187+00,110068241,110050928
1788947023.020015,1985320,1990639,public,watch_list,pk_watch_list,7350,2026-09-09 09:35:48.55917+00,7350,0
1788947023.020015,1985507,1990641,public,news_xref,pk_news_xref,24484293,2026-09-09 09:43:42.982187+00,48955974,300
1788947023.020015,1985486,1990643,public,last_trade,pk_last_trade,3389181348,2026-09-09 09:43:43.024114+00,3390059456,3389170997
1788947023.020015,1985275,1990645,public,customer_account,i_ca_c_id,22786565,2026-09-09 09:43:42.982187+00,126999074,125096317
1788947023.020015,1985555,1990646,public,zip_code,pk_zip_code,48955386,2026-09-09 09:43:42.982187+00,48955386,48943064
1788947023.020015,1985517,1990648,public,security,i_security,1789284049,2026-09-09 09:43:42.982187+00,2448568393,2448560155
1788947023.020015,1985422,1990649,public,company,pk_company,269436080,2026-09-09 09:43:42.982187+00,4195395197,4195333742
1788947023.020015,1985320,1990651,public,watch_list,i_wl_c_id,18877185,2026-09-09 09:43:42.982187+00,18877185,18877183
1788947023.020015,1985302,1990652,public,holding_history,pk_holding_history,1886647,2026-09-09 09:43:42.792541+00,121415467,121409014
1788947023.020015,1985363,1990654,public,settlement,pk_settlement,367720984,2026-09-09 09:43:42.982187+00,455706493,433152086
1788947023.020015,1985290,1990656,public,holding,i_holding,20111019,2026-09-09 09:43:43.024114+00,498970800,461311103
1788947023.020015,1985440,1990657,public,daily_market,i_dm_s_symb,153,2026-09-09 09:41:48.595447+00,4668486,195750
1788947023.020015,1985372,1990658,public,trade,i_t_st_id,33,2026-09-09 09:24:48.460179+00,17840489,33425
1788947023.020015,1985372,1990659,public,trade,i_t_s_symb,5768584,2026-09-09 09:43:42.982187+00,151717964701,149605827435
1788947023.020015,1985372,1990660,public,trade,i_t_ca_id,51320074,2026-09-09 09:43:42.982187+00,239770711589,236910737441
1788947023.020015,1985302,1990662,public,holding_history,i_hh_t_id,1398007,2026-09-09 09:43:42.792541+00,117669132,117669132
1788947082.101868,1985275,1990584,public,customer_account,pk_customer_account,130367203,2026-09-09 09:44:42.151468+00,130504975,130314890
1788947082.101868,1985325,1990585,public,broker,pk_broker,137995120,2026-09-09 09:44:42.151468+00,137997793,137704409
1788947082.101868,1985343,1990588,public,charge,pk_charge,0,,0,0
1788947082.101868,1985256,1990590,public,account_permission,pk_account_permission,1768619,2026-09-09 09:44:42.14171+00,1768848,1768787
1788947082.101868,1985285,1990592,public,customer_taxrate,pk_customer_taxrate,89913652,2026-09-09 09:44:42.151468+00,18277994,13402413
1788947082.101868,1985335,1990593,public,cash_transaction,pk_cash_transaction,346625011,2026-09-09 09:44:42.14171+00,422852108,419391826
1788947082.101868,1985290,1990597,public,holding,pk_holding,19125188,2026-09-09 09:44:42.151468+00,23990581,19124201
1788947082.101868,1985264,1990596,public,customer,pk_customer,95126390,2026-09-09 09:44:42.151468+00,95316444,95190008
1788947082.101868,1985434,1990600,public,company_competitor,pk_company_competitor,24487127,2026-09-09 09:44:42.14171+00,73461377,0
1788947082.101868,1985548,1990602,public,taxrate,pk_taxrate,18262553,2026-09-09 09:44:42.151468+00,18262560,18260029
1788947082.101868,1985402,1990604,public,trade_request,pk_trade_request,6666523,2026-09-09 09:44:42.142786+00,6992031,6774427
1788947082.101868,1985372,1990607,public,trade,pk_trade,478800551,2026-09-09 09:44:42.151468+00,1078813228,997021746
1788947082.101868,1985415,1990609,public,trade_type,pk_trade_type,406371,2026-09-09 09:26:35.58092+00,406371,4395
1788947082.101868,1985451,1990611,public,exchange,pk_exchange,388760,2026-09-09 09:26:35.58092+00,388760,385052
1788947082.101868,1985480,1990613,public,industry,pk_industry,83991474,2026-09-09 09:44:42.14171+00,83991474,83817746
1788947082.101868,1985543,1990606,public,status_type,pk_status_type,703226,2026-09-09 09:35:16.238126+00,703226,1575
1788947082.101868,1985351,1990616,public,commission_rate,pk_commission_rate,39090720,2026-09-09 09:44:42.151468+00,68518237,68515858
1788947082.101868,1985440,1990618,public,daily_market,pk_daily_market,2416054678,2026-09-09 09:44:42.14171+00,2360427345,2360062227
1788947082.101868,1985396,1990620,public,trade_history,pk_trade_history,436874979,2026-09-09 09:44:42.14171+00,1245952959,1245608206
1788947082.101868,1985309,1990621,public,holding_summary,pk_holding_summary,209063890,2026-09-09 09:44:42.151468+00,1442606872,1441575486
1788947082.101868,1985512,1990624,public,sector,pk_sector,2361567,2026-09-09 05:14:30.973506+00,2361567,2361567
1788947082.101868,1985402,1990626,public,trade_request,i_tr_s_symb,2349297655,2026-09-09 09:44:42.142786+00,7319141881,7024139230
1788947082.101868,1985315,1990627,public,watch_item,pk_watch_item,18896549,2026-09-09 09:44:42.14171+00,1891389135,59704083
1788947082.101868,1985264,1990629,public,customer,i_c_tax_id,11371032,2026-09-09 09:44:42.14171+00,11371124,11371032
1788947082.101868,1985496,1990630,public,news_item,pk_news_item,48987160,2026-09-09 09:44:42.14171+00,48987409,48978760
1788947082.101868,1985422,1990632,public,company,i_co_name,7065184,2026-09-09 09:44:42.14171+00,7065256,7065184
1788947082.101868,1985517,1990633,public,security,pk_security,2299581816,2026-09-09 09:44:42.151468+00,2299581896,2299394440
1788947082.101868,1985460,1990635,public,financial,pk_financial,24487428,2026-09-09 09:44:42.14171+00,489801378,489748500
1788947082.101868,1985538,1990637,public,address,pk_address,48984035,2026-09-09 09:44:42.14171+00,110138486,110121173
1788947082.101868,1985320,1990639,public,watch_list,pk_watch_list,7350,2026-09-09 09:35:48.55917+00,7350,0
1788947082.101868,1985507,1990641,public,news_xref,pk_news_xref,24499886,2026-09-09 09:44:42.14171+00,48987160,300
1788947082.101868,1985486,1990643,public,last_trade,pk_last_trade,3391339521,2026-09-09 09:44:42.142786+00,3392217629,3391329170
1788947082.101868,1985275,1990645,public,customer_account,i_ca_c_id,22801169,2026-09-09 09:44:42.14171+00,127081205,125175820
1788947082.101868,1985555,1990646,public,zip_code,pk_zip_code,48986572,2026-09-09 09:44:42.14171+00,48986572,48974250
1788947082.101868,1985517,1990648,public,security,i_security,1790430182,2026-09-09 09:44:42.14171+00,2450134731,2450126493
1788947082.101868,1985422,1990649,public,company,pk_company,269506271,2026-09-09 09:44:42.14171+00,4197981881,4197920426
1788947082.101868,1985320,1990651,public,watch_list,i_wl_c_id,18889201,2026-09-09 09:44:42.14171+00,18889201,18889199
1788947082.101868,1985302,1990652,public,holding_history,pk_holding_history,1887845,2026-09-09 09:44:42.14171+00,121419094,121412641
1788947082.101868,1985363,1990654,public,settlement,pk_settlement,367956301,2026-09-09 09:44:42.14171+00,455942016,433387403
1788947082.101868,1985290,1990656,public,holding,i_holding,20124732,2026-09-09 09:44:42.151468+00,499351499,461642096
1788947082.101868,1985440,1990657,public,daily_market,i_dm_s_symb,153,2026-09-09 09:41:48.595447+00,4668486,195750
1788947082.101868,1985372,1990658,public,trade,i_t_st_id,33,2026-09-09 09:24:48.460179+00,17840489,33425
1788947082.101868,1985372,1990659,public,trade,i_t_s_symb,5772002,2026-09-09 09:44:42.14171+00,151823488351,149709471876
1788947082.101868,1985372,1990660,public,trade,i_t_ca_id,51352714,2026-09-09 09:44:42.14171+00,239937083598,237074720792
1788947082.101868,1985302,1990662,public,holding_history,i_hh_t_id,1398893,2026-09-09 09:44:42.14171+00,117670330,117670330
1788947142.319801,1985275,1990584,public,customer_account,pk_customer_account,130454072,2026-09-09 09:45:42.33418+00,130591858,130401730
1788947142.319801,1985325,1990585,public,broker,pk_broker,138314966,2026-09-09 09:45:42.33418+00,138317639,138023952
1788947142.319801,1985343,1990588,public,charge,pk_charge,0,,0,0
1788947142.319801,1985256,1990590,public,account_permission,pk_account_permission,1769735,2026-09-09 09:45:42.324719+00,1769964,1769903
1788947142.319801,1985285,1990592,public,customer_taxrate,pk_customer_taxrate,89978313,2026-09-09 09:45:42.33418+00,18291156,13415055
1788947142.319801,1985335,1990593,public,cash_transaction,pk_cash_transaction,346848214,2026-09-09 09:45:42.324719+00,423071866,419610621
1788947142.319801,1985290,1990597,public,holding,pk_holding,19139034,2026-09-09 09:45:42.33418+00,24004603,19138044
1788947142.319801,1985264,1990596,public,customer,pk_customer,95188956,2026-09-09 09:45:42.33418+00,95379010,95252571
1788947142.319801,1985434,1990600,public,company_competitor,pk_company_competitor,24502889,2026-09-09 09:45:42.324719+00,73508663,0
1788947142.319801,1985548,1990602,public,taxrate,pk_taxrate,18275678,2026-09-09 09:45:42.33418+00,18275685,18273152
1788947142.319801,1985402,1990604,public,trade_request,pk_trade_request,6670961,2026-09-09 09:45:42.33418+00,6996469,6778865
1788947142.319801,1985372,1990607,public,trade,pk_trade,479116156,2026-09-09 09:45:42.33418+00,1079184824,997337250
1788947142.319801,1985415,1990609,public,trade_type,pk_trade_type,406371,2026-09-09 09:26:35.58092+00,406371,4395
1788947142.319801,1985451,1990611,public,exchange,pk_exchange,388760,2026-09-09 09:26:35.58092+00,388760,385052
1788947142.319801,1985480,1990613,public,industry,pk_industry,84038836,2026-09-09 09:45:42.324719+00,84038836,83865032
1788947142.319801,1985543,1990606,public,status_type,pk_status_type,703226,2026-09-09 09:35:16.238126+00,703226,1575
1788947142.319801,1985351,1990616,public,commission_rate,pk_commission_rate,39116984,2026-09-09 09:45:42.33418+00,68564084,68561700
1788947142.319801,1985440,1990618,public,daily_market,pk_daily_market,2417606298,2026-09-09 09:45:42.324719+00,2361943033,2361577672
1788947142.319801,1985396,1990620,public,trade_history,pk_trade_history,437156577,2026-09-09 09:45:42.324719+00,1246623038,1246278282
1788947142.319801,1985309,1990621,public,holding_summary,pk_holding_summary,209201608,2026-09-09 09:45:42.33418+00,1443540835,1442509198
1788947142.319801,1985512,1990624,public,sector,pk_sector,2361567,2026-09-09 05:14:30.973506+00,2361567,2361567
1788947142.319801,1985402,1990626,public,trade_request,i_tr_s_symb,2350915181,2026-09-09 09:45:42.33418+00,7324684368,7029485551
1788947142.319801,1985315,1990627,public,watch_item,pk_watch_item,18908684,2026-09-09 09:45:42.324719+00,1892600335,59771978
1788947142.319801,1985264,1990629,public,customer,i_c_tax_id,11378436,2026-09-09 09:45:42.324719+00,11378528,11378436
1788947142.319801,1985496,1990630,public,news_item,pk_news_item,49018688,2026-09-09 09:45:42.324719+00,49018937,49010287
1788947142.319801,1985422,1990632,public,company,i_co_name,7069733,2026-09-09 09:45:42.324719+00,7069805,7069733
1788947142.319801,1985517,1990633,public,security,pk_security,2300956802,2026-09-09 09:45:42.33418+00,2300956882,2300769340
1788947142.319801,1985460,1990635,public,financial,pk_financial,24503190,2026-09-09 09:45:42.324719+00,490116618,490063740
1788947142.319801,1985538,1990637,public,address,pk_address,49015559,2026-09-09 09:45:42.324719+00,110209467,110192154
1788947142.319801,1985320,1990639,public,watch_list,pk_watch_list,7350,2026-09-09 09:35:48.55917+00,7350,0
1788947142.319801,1985507,1990641,public,news_xref,pk_news_xref,24515651,2026-09-09 09:45:42.324719+00,49018688,302
1788947142.319801,1985486,1990643,public,last_trade,pk_last_trade,3393520950,2026-09-09 09:45:42.33418+00,3394399058,3393510527
1788947142.319801,1985275,1990645,public,customer_account,i_ca_c_id,22815976,2026-09-09 09:45:42.324719+00,127161985,125256588
1788947142.319801,1985555,1990646,public,zip_code,pk_zip_code,49018096,2026-09-09 09:45:42.324719+00,49018096,49005774
1788947142.319801,1985517,1990648,public,security,i_security,1791624184,2026-09-09 09:45:42.324719+00,2451769526,2451761288
1788947142.319801,1985422,1990649,public,company,pk_company,269577219,2026-09-09 09:45:42.324719+00,4200524340,4200462885
1788947142.319801,1985320,1990651,public,watch_list,i_wl_c_id,18901336,2026-09-09 09:45:42.324719+00,18901336,18901334
1788947142.319801,1985302,1990652,public,holding_history,pk_holding_history,1889029,2026-09-09 09:45:42.276427+00,121422642,121416189
1788947142.319801,1985363,1990654,public,settlement,pk_settlement,368194519,2026-09-09 09:45:42.324719+00,456180434,433625621
1788947142.319801,1985290,1990656,public,holding,i_holding,20138681,2026-09-09 09:45:42.33418+00,499739374,461979532
1788947142.319801,1985440,1990657,public,daily_market,i_dm_s_symb,153,2026-09-09 09:41:48.595447+00,4668486,195750
1788947142.319801,1985372,1990658,public,trade,i_t_st_id,33,2026-09-09 09:24:48.460179+00,17840489,33425
1788947142.319801,1985372,1990659,public,trade,i_t_s_symb,5775535,2026-09-09 09:45:42.317896+00,151932307966,149816351669
1788947142.319801,1985372,1990660,public,trade,i_t_ca_id,51385930,2026-09-09 09:45:42.324719+00,240106751112,237241950237
1788947142.319801,1985302,1990662,public,holding_history,i_hh_t_id,1399786,2026-09-09 09:45:42.276427+00,117671514,117671514
1788947202.440997,1985275,1990584,public,customer_account,pk_customer_account,130540799,2026-09-09 09:46:42.435899+00,130678587,130488425
1788947202.440997,1985325,1990585,public,broker,pk_broker,138634527,2026-09-09 09:46:42.435899+00,138637200,138343217
1788947202.440997,1985343,1990588,public,charge,pk_charge,0,,0,0
1788947202.440997,1985256,1990590,public,account_permission,pk_account_permission,1770903,2026-09-09 09:46:42.429607+00,1771132,1771071
1788947202.440997,1985285,1990592,public,customer_taxrate,pk_customer_taxrate,90041725,2026-09-09 09:46:42.435899+00,18304065,13427464
1788947202.440997,1985335,1990593,public,cash_transaction,pk_cash_transaction,347070930,2026-09-09 09:46:42.429607+00,423291309,419829145
1788947202.440997,1985290,1990597,public,holding,pk_holding,19152902,2026-09-09 09:46:42.435899+00,24018653,19151909
1788947202.440997,1985264,1990596,public,customer,pk_customer,95251421,2026-09-09 09:46:42.435899+00,95441475,95315033
1788947202.440997,1985434,1990600,public,company_competitor,pk_company_competitor,24518767,2026-09-09 09:46:42.429607+00,73556297,0
1788947202.440997,1985548,1990602,public,taxrate,pk_taxrate,18288554,2026-09-09 09:46:42.435899+00,18288561,18286026
1788947202.440997,1985402,1990604,public,trade_request,pk_trade_request,6675399,2026-09-09 09:46:42.435899+00,7000907,6783303
1788947202.440997,1985372,1990607,public,trade,pk_trade,479433782,2026-09-09 09:46:42.435899+00,1079559067,997654759
1788947202.440997,1985415,1990609,public,trade_type,pk_trade_type,406371,2026-09-09 09:26:35.58092+00,406371,4395
1788947202.440997,1985451,1990611,public,exchange,pk_exchange,388760,2026-09-09 09:26:35.58092+00,388760,385052
1788947202.440997,1985480,1990613,public,industry,pk_industry,84086546,2026-09-09 09:46:42.429607+00,84086546,83912666
1788947202.440997,1985543,1990606,public,status_type,pk_status_type,703226,2026-09-09 09:35:16.238126+00,703226,1575
1788947202.440997,1985351,1990616,public,commission_rate,pk_commission_rate,39143220,2026-09-09 09:46:42.435899+00,68609967,68607580
1788947202.440997,1985440,1990618,public,daily_market,pk_daily_market,2419177698,2026-09-09 09:46:42.429607+00,2363478352,2363112749
1788947202.440997,1985396,1990620,public,trade_history,pk_trade_history,437437657,2026-09-09 09:46:42.429607+00,1247291259,1246946502
1788947202.440997,1985309,1990621,public,holding_summary,pk_holding_summary,209339101,2026-09-09 09:46:42.435899+00,1444474205,1443442348
1788947202.440997,1985512,1990624,public,sector,pk_sector,2361567,2026-09-09 05:14:30.973506+00,2361567,2361567
1788947202.440997,1985402,1990626,public,trade_request,i_tr_s_symb,2352549128,2026-09-09 09:46:42.435899+00,7330338246,7034892586
1788947202.440997,1985315,1990627,public,watch_item,pk_watch_item,18920967,2026-09-09 09:46:42.429607+00,1893831873,59840047
1788947202.440997,1985264,1990629,public,customer,i_c_tax_id,11385606,2026-09-09 09:46:42.429607+00,11385698,11385606
1788947202.440997,1985496,1990630,public,news_item,pk_news_item,49050444,2026-09-09 09:46:42.429607+00,49050693,49042043
1788947202.440997,1985422,1990632,public,company,i_co_name,7074340,2026-09-09 09:46:42.429607+00,7074412,7074340
1788947202.440997,1985517,1990633,public,security,pk_security,2302350001,2026-09-09 09:46:42.435899+00,2302350081,2302162453
1788947202.440997,1985460,1990635,public,financial,pk_financial,24519068,2026-09-09 09:46:42.429607+00,490434178,490381300
1788947202.440997,1985538,1990637,public,address,pk_address,49047315,2026-09-09 09:46:42.429607+00,110280937,110263624
1788947202.440997,1985320,1990639,public,watch_list,pk_watch_list,7350,2026-09-09 09:35:48.55917+00,7350,0
1788947202.440997,1985507,1990641,public,news_xref,pk_news_xref,24531529,2026-09-09 09:46:42.429607+00,49050444,302
1788947202.440997,1985486,1990643,public,last_trade,pk_last_trade,3395721515,2026-09-09 09:46:42.435899+00,3396599623,3395711092
1788947202.440997,1985275,1990645,public,customer_account,i_ca_c_id,22830766,2026-09-09 09:46:42.429607+00,127242805,125337396
1788947202.440997,1985555,1990646,public,zip_code,pk_zip_code,49049852,2026-09-09 09:46:42.429607+00,49049852,49037530
1788947202.440997,1985517,1990648,public,security,i_security,1792830338,2026-09-09 09:46:42.429607+00,2453419911,2453411673
1788947202.440997,1985422,1990649,public,company,pk_company,269648582,2026-09-09 09:46:42.429607+00,4202979749,4202918294
1788947202.440997,1985320,1990651,public,watch_list,i_wl_c_id,18913619,2026-09-09 09:46:42.429607+00,18913619,18913617
1788947202.440997,1985302,1990652,public,holding_history,pk_holding_history,1890308,2026-09-09 09:46:42.418451+00,121426512,121420059
1788947202.440997,1985363,1990654,public,settlement,pk_settlement,368431899,2026-09-09 09:46:42.429607+00,456418023,433863001
1788947202.440997,1985290,1990656,public,holding,i_holding,20152419,2026-09-09 09:46:42.435899+00,500126540,462316436
1788947202.440997,1985440,1990657,public,daily_market,i_dm_s_symb,153,2026-09-09 09:41:48.595447+00,4668486,195750
1788947202.440997,1985372,1990658,public,trade,i_t_st_id,33,2026-09-09 09:24:48.460179+00,17840489,33425
1788947202.440997,1985372,1990659,public,trade,i_t_s_symb,5778953,2026-09-09 09:46:42.429607+00,152037606531,149919779694
1788947202.440997,1985372,1990660,public,trade,i_t_ca_id,51419172,2026-09-09 09:46:42.429607+00,240277464677,237410208718
1788947202.440997,1985302,1990662,public,holding_history,i_hh_t_id,1400727,2026-09-09 09:46:42.418451+00,117672793,117672793
1788947262.585301,1985275,1990584,public,customer_account,pk_customer_account,130626713,2026-09-09 09:47:42.571052+00,130764501,130574304
1788947262.585301,1985325,1990585,public,broker,pk_broker,138949234,2026-09-09 09:47:42.571052+00,138951907,138657654
1788947262.585301,1985343,1990588,public,charge,pk_charge,0,,0,0
1788947262.585301,1985256,1990590,public,account_permission,pk_account_permission,1772024,2026-09-09 09:47:42.571052+00,1772253,1772192
1788947262.585301,1985285,1990592,public,customer_taxrate,pk_customer_taxrate,90106201,2026-09-09 09:47:42.561178+00,18317182,13440055
1788947262.585301,1985335,1990593,public,cash_transaction,pk_cash_transaction,347293344,2026-09-09 09:47:42.571052+00,423510458,420047301
1788947262.585301,1985290,1990597,public,holding,pk_holding,19166644,2026-09-09 09:47:42.427102+00,24032548,19165646
1788947262.585301,1985264,1990596,public,customer,pk_customer,95313138,2026-09-09 09:47:42.571052+00,95503192,95376747
1788947262.585301,1985434,1990600,public,company_competitor,pk_company_competitor,24534381,2026-09-09 09:47:42.571052+00,73603139,0
1788947262.585301,1985548,1990602,public,taxrate,pk_taxrate,18301628,2026-09-09 09:47:42.561178+00,18301635,18299099
1788947262.585301,1985402,1990604,public,trade_request,pk_trade_request,6679977,2026-09-09 09:47:42.268624+00,7005485,6787881
1788947262.585301,1985372,1990607,public,trade,pk_trade,479746107,2026-09-09 09:47:42.571052+00,1079927663,997966972
1788947262.585301,1985415,1990609,public,trade_type,pk_trade_type,406371,2026-09-09 09:26:35.58092+00,406371,4395
1788947262.585301,1985451,1990611,public,exchange,pk_exchange,388760,2026-09-09 09:26:35.58092+00,388760,385052
1788947262.585301,1985480,1990613,public,industry,pk_industry,84133388,2026-09-09 09:47:42.571052+00,84133388,83959508
1788947262.585301,1985543,1990606,public,status_type,pk_status_type,703226,2026-09-09 09:35:16.238126+00,703226,1575
1788947262.585301,1985351,1990616,public,commission_rate,pk_commission_rate,39169125,2026-09-09 09:47:42.571052+00,68655159,68652770
1788947262.585301,1985440,1990618,public,daily_market,pk_daily_market,2420735675,2026-09-09 09:47:42.571052+00,2365000697,2364634856
1788947262.585301,1985396,1990620,public,trade_history,pk_trade_history,437716497,2026-09-09 09:47:42.571052+00,1247954923,1247610161
1788947262.585301,1985309,1990621,public,holding_summary,pk_holding_summary,209475769,2026-09-09 09:47:42.571052+00,1445404263,1444372211
1788947262.585301,1985512,1990624,public,sector,pk_sector,2361567,2026-09-09 05:14:30.973506+00,2361567,2361567
1788947262.585301,1985402,1990626,public,trade_request,i_tr_s_symb,2354149040,2026-09-09 09:47:42.571052+00,7335842954,7040146546
1788947262.585301,1985315,1990627,public,watch_item,pk_watch_item,18933128,2026-09-09 09:47:42.571052+00,1895052387,59903745
1788947262.585301,1985264,1990629,public,customer,i_c_tax_id,11392923,2026-09-09 09:47:42.571052+00,11393015,11392923
1788947262.585301,1985496,1990630,public,news_item,pk_news_item,49081672,2026-09-09 09:47:42.571052+00,49081921,49073271
1788947262.585301,1985422,1990632,public,company,i_co_name,7078967,2026-09-09 09:47:42.571052+00,7079039,7078967
1788947262.585301,1985517,1990633,public,security,pk_security,2303732440,2026-09-09 09:47:42.571052+00,2303732520,2303544772
1788947262.585301,1985460,1990635,public,financial,pk_financial,24534682,2026-09-09 09:47:42.571052+00,490746458,490693580
1788947262.585301,1985538,1990637,public,address,pk_address,49078543,2026-09-09 09:47:42.571052+00,110351293,110333980
1788947262.585301,1985320,1990639,public,watch_list,pk_watch_list,7350,2026-09-09 09:35:48.55917+00,7350,0
1788947262.585301,1985507,1990641,public,news_xref,pk_news_xref,24547143,2026-09-09 09:47:42.571052+00,49081672,302
1788947262.585301,1985486,1990643,public,last_trade,pk_last_trade,3397909563,2026-09-09 09:47:42.571052+00,3398787671,3397899140
1788947262.585301,1985275,1990645,public,customer_account,i_ca_c_id,22845318,2026-09-09 09:47:42.571052+00,127323343,125417920
1788947262.585301,1985555,1990646,public,zip_code,pk_zip_code,49081080,2026-09-09 09:47:42.571052+00,49081080,49068758
1788947262.585301,1985517,1990648,public,security,i_security,1794012761,2026-09-09 09:47:42.571052+00,2455038144,2455029906
1788947262.585301,1985422,1990649,public,company,pk_company,269718726,2026-09-09 09:47:42.571052+00,4205686338,4205624883
1788947262.585301,1985320,1990651,public,watch_list,i_wl_c_id,18925780,2026-09-09 09:47:42.571052+00,18925780,18925778
1788947262.585301,1985302,1990652,public,holding_history,pk_holding_history,1891543,2026-09-09 09:47:42.428929+00,121430235,121423782
1788947262.585301,1985363,1990654,public,settlement,pk_settlement,368666719,2026-09-09 09:47:42.571052+00,456653097,434097821
1788947262.585301,1985290,1990656,public,holding,i_holding,20166144,2026-09-09 09:47:42.571052+00,500513391,462651756
1788947262.585301,1985440,1990657,public,daily_market,i_dm_s_symb,153,2026-09-09 09:41:48.595447+00,4668486,195750
1788947262.585301,1985372,1990658,public,trade,i_t_st_id,33,2026-09-09 09:24:48.460179+00,17840489,33425
1788947262.585301,1985372,1990659,public,trade,i_t_s_symb,5782450,2026-09-09 09:47:42.571052+00,152145790255,150026030702
1788947262.585301,1985372,1990660,public,trade,i_t_ca_id,51452087,2026-09-09 09:47:42.571052+00,240445827549,237576150912
1788947262.585301,1985302,1990662,public,holding_history,i_hh_t_id,1401638,2026-09-09 09:47:42.428929+00,117674028,117674028
1788947322.743657,1985275,1990584,public,customer_account,pk_customer_account,130712843,2026-09-09 09:48:42.725725+00,130850635,130660403
1788947322.743657,1985325,1990585,public,broker,pk_broker,139263683,2026-09-09 09:48:42.725725+00,139266356,138971734
1788947322.743657,1985343,1990588,public,charge,pk_charge,0,,0,0
1788947322.743657,1985256,1990590,public,account_permission,pk_account_permission,1773190,2026-09-09 09:48:42.725725+00,1773419,1773358
1788947322.743657,1985285,1990592,public,customer_taxrate,pk_customer_taxrate,90166617,2026-09-09 09:48:42.725725+00,18329553,13451924
1788947322.743657,1985335,1990593,public,cash_transaction,pk_cash_transaction,347515398,2026-09-09 09:48:42.725725+00,423729051,420264928
1788947322.743657,1985290,1990597,public,holding,pk_holding,19180221,2026-09-09 09:48:42.668519+00,24046161,19179219
1788947322.743657,1985264,1990596,public,customer,pk_customer,95375235,2026-09-09 09:48:42.725725+00,95565289,95438841
1788947322.743657,1985434,1990600,public,company_competitor,pk_company_competitor,24550106,2026-09-09 09:48:42.725725+00,73650314,0
1788947322.743657,1985548,1990602,public,taxrate,pk_taxrate,18313964,2026-09-09 09:48:42.725725+00,18313971,18311431
1788947322.743657,1985402,1990604,public,trade_request,pk_trade_request,6684436,2026-09-09 09:48:42.668519+00,7009944,6792340
1788947322.743657,1985372,1990607,public,trade,pk_trade,480058111,2026-09-09 09:48:42.725725+00,1080295222,998278860
1788947322.743657,1985415,1990609,public,trade_type,pk_trade_type,406371,2026-09-09 09:26:35.58092+00,406371,4395
1788947322.743657,1985451,1990611,public,exchange,pk_exchange,388760,2026-09-09 09:26:35.58092+00,388760,385052
1788947322.743657,1985480,1990613,public,industry,pk_industry,84180707,2026-09-09 09:48:42.725725+00,84180707,84006683
1788947322.743657,1985543,1990606,public,status_type,pk_status_type,703226,2026-09-09 09:35:16.238126+00,703226,1575
1788947322.743657,1985351,1990616,public,commission_rate,pk_commission_rate,39195227,2026-09-09 09:48:42.725725+00,68700879,68698486
1788947322.743657,1985440,1990618,public,daily_market,pk_daily_market,2422259433,2026-09-09 09:48:42.725725+00,2366488853,2366122746
1788947322.743657,1985396,1990620,public,trade_history,pk_trade_history,437994947,2026-09-09 09:48:42.725725+00,1248617648,1248272882
1788947322.743657,1985309,1990621,public,holding_summary,pk_holding_summary,209612627,2026-09-09 09:48:42.725725+00,1446330262,1445297983
1788947322.743657,1985512,1990624,public,sector,pk_sector,2361567,2026-09-09 05:14:30.973506+00,2361567,2361567
1788947322.743657,1985402,1990626,public,trade_request,i_tr_s_symb,2355733130,2026-09-09 09:48:42.725725+00,7341230102,7045323641
1788947322.743657,1985315,1990627,public,watch_item,pk_watch_item,18945082,2026-09-09 09:48:42.725725+00,1896241120,59974305
1788947322.743657,1985264,1990629,public,customer,i_c_tax_id,11400140,2026-09-09 09:48:42.725725+00,11400232,11400140
1788947322.743657,1985496,1990630,public,news_item,pk_news_item,49113122,2026-09-09 09:48:42.725725+00,49113371,49104721
1788947322.743657,1985422,1990632,public,company,i_co_name,7083427,2026-09-09 09:48:42.725725+00,7083499,7083427
1788947322.743657,1985517,1990633,public,security,pk_security,2305080392,2026-09-09 09:48:42.725725+00,2305080472,2304892642
1788947322.743657,1985460,1990635,public,financial,pk_financial,24550407,2026-09-09 09:48:42.725725+00,491060958,491008080
1788947322.743657,1985538,1990637,public,address,pk_address,49109993,2026-09-09 09:48:42.725725+00,110421779,110404466
1788947322.743657,1985320,1990639,public,watch_list,pk_watch_list,7358,2026-09-09 09:47:48.620917+00,7358,0
1788947322.743657,1985507,1990641,public,news_xref,pk_news_xref,24562868,2026-09-09 09:48:42.725725+00,49113122,302
1788947322.743657,1985486,1990643,public,last_trade,pk_last_trade,3400057051,2026-09-09 09:48:42.725725+00,3400935159,3400046593
1788947322.743657,1985275,1990645,public,customer_account,i_ca_c_id,22860109,2026-09-09 09:48:42.725725+00,127403535,125498098
1788947322.743657,1985555,1990646,public,zip_code,pk_zip_code,49112530,2026-09-09 09:48:42.725725+00,49112530,49100208
1788947322.743657,1985517,1990648,public,security,i_security,1795180948,2026-09-09 09:48:42.725725+00,2456636082,2456627844
1788947322.743657,1985422,1990649,public,company,pk_company,269789684,2026-09-09 09:48:42.725725+00,4208311274,4208249819
1788947322.743657,1985320,1990651,public,watch_list,i_wl_c_id,18937726,2026-09-09 09:48:42.725725+00,18937726,18937724
1788947322.743657,1985302,1990652,public,holding_history,pk_holding_history,1892746,2026-09-09 09:48:42.564866+00,121433828,121427375
1788947322.743657,1985363,1990654,public,settlement,pk_settlement,368901319,2026-09-09 09:48:42.725725+00,456887915,434332421
1788947322.743657,1985290,1990656,public,holding,i_holding,20179799,2026-09-09 09:48:42.725725+00,500849664,462974887
1788947322.743657,1985440,1990657,public,daily_market,i_dm_s_symb,153,2026-09-09 09:41:48.595447+00,4668486,195750
1788947322.743657,1985372,1990658,public,trade,i_t_st_id,33,2026-09-09 09:24:48.460179+00,17840489,33425
1788947322.743657,1985372,1990659,public,trade,i_t_s_symb,5785949,2026-09-09 09:48:42.725725+00,152254540919,150132835642
1788947322.743657,1985372,1990660,public,trade,i_t_ca_id,51484967,2026-09-09 09:48:42.725725+00,240614705563,237742598449
1788947322.743657,1985302,1990662,public,holding_history,i_hh_t_id,1402555,2026-09-09 09:48:42.564866+00,117675231,117675231
1788947382.884219,1985275,1990584,public,customer_account,pk_customer_account,130799193,2026-09-09 09:49:42.886581+00,130936987,130746714
1788947382.884219,1985325,1990585,public,broker,pk_broker,139584315,2026-09-09 09:49:42.886581+00,139586988,139292047
1788947382.884219,1985343,1990588,public,charge,pk_charge,0,,0,0
1788947382.884219,1985256,1990590,public,account_permission,pk_account_permission,1774356,2026-09-09 09:49:42.884423+00,1774585,1774524
1788947382.884219,1985285,1990592,public,customer_taxrate,pk_customer_taxrate,90228239,2026-09-09 09:49:42.886581+00,18342130,13463996
1788947382.884219,1985335,1990593,public,cash_transaction,pk_cash_transaction,347738205,2026-09-09 09:49:42.884423+00,423948421,420483391
1788947382.884219,1985290,1990597,public,holding,pk_holding,19193801,2026-09-09 09:49:42.886581+00,24059757,19192798
1788947382.884219,1985264,1990596,public,customer,pk_customer,95437561,2026-09-09 09:49:42.886581+00,95627615,95501165
1788947382.884219,1985434,1990600,public,company_competitor,pk_company_competitor,24565922,2026-09-09 09:49:42.884423+00,73697762,0
1788947382.884219,1985548,1990602,public,taxrate,pk_taxrate,18326517,2026-09-09 09:49:42.886581+00,18326524,18323980
1788947382.884219,1985402,1990604,public,trade_request,pk_trade_request,6689050,2026-09-09 09:49:42.886581+00,7014558,6796954
1788947382.884219,1985372,1990607,public,trade,pk_trade,480375001,2026-09-09 09:49:42.886581+00,1080668296,998595642
1788947382.884219,1985415,1990609,public,trade_type,pk_trade_type,406371,2026-09-09 09:26:35.58092+00,406371,4395
1788947382.884219,1985451,1990611,public,exchange,pk_exchange,388760,2026-09-09 09:26:35.58092+00,388760,385052
1788947382.884219,1985480,1990613,public,industry,pk_industry,84228229,2026-09-09 09:49:42.884423+00,84228229,84054131
1788947382.884219,1985543,1990606,public,status_type,pk_status_type,703226,2026-09-09 09:35:16.238126+00,703226,1575
1788947382.884219,1985351,1990616,public,commission_rate,pk_commission_rate,39221346,2026-09-09 09:49:42.886581+00,68746914,68744517
1788947382.884219,1985440,1990618,public,daily_market,pk_daily_market,2423817141,2026-09-09 09:49:42.884423+00,2368010496,2367644132
1788947382.884219,1985396,1990620,public,trade_history,pk_trade_history,438276676,2026-09-09 09:49:42.884423+00,1249287776,1248943009
1788947382.884219,1985309,1990621,public,holding_summary,pk_holding_summary,209749936,2026-09-09 09:49:42.886581+00,1447264382,1446231887
1788947382.884219,1985512,1990624,public,sector,pk_sector,2361567,2026-09-09 05:14:30.973506+00,2361567,2361567
1788947382.884219,1985402,1990626,public,trade_request,i_tr_s_symb,2357364308,2026-09-09 09:49:42.886581+00,7346757632,7050639960
1788947382.884219,1985315,1990627,public,watch_item,pk_watch_item,18957271,2026-09-09 09:49:42.884423+00,1897460380,60041072
1788947382.884219,1985264,1990629,public,customer,i_c_tax_id,11407535,2026-09-09 09:49:42.884423+00,11407627,11407535
1788947382.884219,1985496,1990630,public,news_item,pk_news_item,49144754,2026-09-09 09:49:42.884423+00,49145003,49136353
1788947382.884219,1985422,1990632,public,company,i_co_name,7087984,2026-09-09 09:49:42.884423+00,7088056,7087984
1788947382.884219,1985517,1990633,public,security,pk_security,2306461155,2026-09-09 09:49:42.886581+00,2306461235,2306273324
1788947382.884219,1985460,1990635,public,financial,pk_financial,24566223,2026-09-09 09:49:42.884423+00,491377278,491324400
1788947382.884219,1985538,1990637,public,address,pk_address,49141625,2026-09-09 09:49:42.884423+00,110492839,110475526
1788947382.884219,1985320,1990639,public,watch_list,pk_watch_list,7358,2026-09-09 09:47:48.620917+00,7358,0
1788947382.884219,1985507,1990641,public,news_xref,pk_news_xref,24578684,2026-09-09 09:49:42.884423+00,49144754,302
1788947382.884219,1985486,1990643,public,last_trade,pk_last_trade,3402247134,2026-09-09 09:49:42.886581+00,3403125242,3402236643
1788947382.884219,1985275,1990645,public,customer_account,i_ca_c_id,22874836,2026-09-09 09:49:42.884423+00,127484306,125578857
1788947382.884219,1985555,1990646,public,zip_code,pk_zip_code,49144162,2026-09-09 09:49:42.884423+00,49144162,49131840
1788947382.884219,1985517,1990648,public,security,i_security,1796384933,2026-09-09 09:49:42.884423+00,2458284507,2458276269
1788947382.884219,1985422,1990649,public,company,pk_company,269860858,2026-09-09 09:49:42.884423+00,4210981408,4210919953
1788947382.884219,1985320,1990651,public,watch_list,i_wl_c_id,18949915,2026-09-09 09:49:42.884423+00,18949915,18949913
1788947382.884219,1985302,1990652,public,holding_history,pk_holding_history,1893982,2026-09-09 09:49:42.69672+00,121437580,121431127
1788947382.884219,1985363,1990654,public,settlement,pk_settlement,369139698,2026-09-09 09:49:42.884423+00,457126502,434570800
1788947382.884219,1985290,1990656,public,holding,i_holding,20193393,2026-09-09 09:49:42.886581+00,501176472,463300812
1788947382.884219,1985440,1990657,public,daily_market,i_dm_s_symb,153,2026-09-09 09:41:48.595447+00,4668486,195750
1788947382.884219,1985372,1990658,public,trade,i_t_st_id,33,2026-09-09 09:24:48.460179+00,17840489,33425
1788947382.884219,1985372,1990659,public,trade,i_t_s_symb,5789409,2026-09-09 09:49:42.884423+00,152361053941,150237449244
1788947382.884219,1985372,1990660,public,trade,i_t_ca_id,51518256,2026-09-09 09:49:42.884423+00,240784055744,237909512035
1788947382.884219,1985302,1990662,public,holding_history,i_hh_t_id,1403465,2026-09-09 09:49:42.69672+00,117676467,117676467
1788947443.067668,1985275,1990584,public,customer_account,pk_customer_account,130886402,2026-09-09 09:50:43.026059+00,131024197,130833887
1788947443.067668,1985325,1990585,public,broker,pk_broker,139904594,2026-09-09 09:50:43.026059+00,139907267,139611993
1788947443.067668,1985343,1990588,public,charge,pk_charge,0,,0,0
1788947443.067668,1985256,1990590,public,account_permission,pk_account_permission,1775508,2026-09-09 09:50:42.950328+00,1775737,1775676
1788947443.067668,1985285,1990592,public,customer_taxrate,pk_customer_taxrate,90290163,2026-09-09 09:50:43.026059+00,18354753,13476086
1788947443.067668,1985335,1990593,public,cash_transaction,pk_cash_transaction,347962683,2026-09-09 09:50:43.026059+00,424169519,420703547
1788947443.067668,1985290,1990597,public,holding,pk_holding,19207975,2026-09-09 09:50:43.017228+00,24073974,19206969
1788947443.067668,1985264,1990596,public,customer,pk_customer,95500567,2026-09-09 09:50:43.026059+00,95690621,95564170
1788947443.067668,1985434,1990600,public,company_competitor,pk_company_competitor,24581863,2026-09-09 09:50:43.026059+00,73745585,0
1788947443.067668,1985548,1990602,public,taxrate,pk_taxrate,18339101,2026-09-09 09:50:43.026059+00,18339108,18336563
1788947443.067668,1985402,1990604,public,trade_request,pk_trade_request,6693667,2026-09-09 09:50:43.025626+00,7019175,6801571
1788947443.067668,1985372,1990607,public,trade,pk_trade,480695837,2026-09-09 09:50:43.026059+00,1081045379,998916373
1788947443.067668,1985415,1990609,public,trade_type,pk_trade_type,406371,2026-09-09 09:26:35.58092+00,406371,4395
1788947443.067668,1985451,1990611,public,exchange,pk_exchange,388760,2026-09-09 09:26:35.58092+00,388760,385052
1788947443.067668,1985480,1990613,public,industry,pk_industry,84276130,2026-09-09 09:50:43.026059+00,84276130,84101954
1788947443.067668,1985543,1990606,public,status_type,pk_status_type,703226,2026-09-09 09:35:16.238126+00,703226,1575
1788947443.067668,1985351,1990616,public,commission_rate,pk_commission_rate,39247738,2026-09-09 09:50:43.026059+00,68793503,68791103
1788947443.067668,1985440,1990618,public,daily_market,pk_daily_market,2425398745,2026-09-09 09:50:43.026059+00,2369556155,2369189528
1788947443.067668,1985396,1990620,public,trade_history,pk_trade_history,438560706,2026-09-09 09:50:43.026059+00,1249964019,1249619248
1788947443.067668,1985309,1990621,public,holding_summary,pk_holding_summary,209888698,2026-09-09 09:50:43.026059+00,1448207399,1447174705
1788947443.067668,1985512,1990624,public,sector,pk_sector,2361567,2026-09-09 05:14:30.973506+00,2361567,2361567
1788947443.067668,1985402,1990626,public,trade_request,i_tr_s_symb,2358986524,2026-09-09 09:50:43.026059+00,7352249493,7055936707
1788947443.067668,1985315,1990627,public,watch_item,pk_watch_item,18969696,2026-09-09 09:50:43.026059+00,1898703649,60103043
1788947443.067668,1985264,1990629,public,customer,i_c_tax_id,11415052,2026-09-09 09:50:43.026059+00,11415144,11415052
1788947443.067668,1985496,1990630,public,news_item,pk_news_item,49176636,2026-09-09 09:50:43.026059+00,49176885,49168235
1788947443.067668,1985422,1990632,public,company,i_co_name,7092566,2026-09-09 09:50:43.026059+00,7092638,7092566
1788947443.067668,1985517,1990633,public,security,pk_security,2307865236,2026-09-09 09:50:43.026059+00,2307865316,2307677291
1788947443.067668,1985460,1990635,public,financial,pk_financial,24582164,2026-09-09 09:50:43.026059+00,491696098,491643220
1788947443.067668,1985538,1990637,public,address,pk_address,49173510,2026-09-09 09:50:43.026059+00,110564607,110547294
1788947443.067668,1985320,1990639,public,watch_list,pk_watch_list,7358,2026-09-09 09:47:48.620917+00,7358,0
1788947443.067668,1985507,1990641,public,news_xref,pk_news_xref,24594625,2026-09-09 09:50:43.026059+00,49176636,302
1788947443.067668,1985486,1990643,public,last_trade,pk_last_trade,3404466487,2026-09-09 09:50:43.026059+00,3405344595,3404455943
1788947443.067668,1985275,1990645,public,customer_account,i_ca_c_id,22889769,2026-09-09 09:50:43.026059+00,127566038,125660565
1788947443.067668,1985555,1990646,public,zip_code,pk_zip_code,49176044,2026-09-09 09:50:43.026059+00,49176044,49163722
1788947443.067668,1985517,1990648,public,security,i_security,1797580588,2026-09-09 09:50:43.026059+00,2459920309,2459912071
1788947443.067668,1985422,1990649,public,company,pk_company,269932665,2026-09-09 09:50:43.026059+00,4213477245,4213415790
1788947443.067668,1985320,1990651,public,watch_list,i_wl_c_id,18962340,2026-09-09 09:50:43.026059+00,18962340,18962338
1788947443.067668,1985302,1990652,public,holding_history,pk_holding_history,1895201,2026-09-09 09:50:42.928946+00,121441273,121434820
1788947443.067668,1985363,1990654,public,settlement,pk_settlement,369380978,2026-09-09 09:50:43.026059+00,457367996,434812080
1788947443.067668,1985290,1990656,public,holding,i_holding,20207296,2026-09-09 09:50:43.026059+00,501519365,463642378
1788947443.067668,1985440,1990657,public,daily_market,i_dm_s_symb,153,2026-09-09 09:41:48.595447+00,4668486,195750
1788947443.067668,1985372,1990658,public,trade,i_t_st_id,33,2026-09-09 09:24:48.460179+00,17840489,33425
1788947443.067668,1985372,1990659,public,trade,i_t_s_symb,5792836,2026-09-09 09:50:43.026059+00,152467338386,150341832388
1788947443.067668,1985372,1990660,public,trade,i_t_ca_id,51551769,2026-09-09 09:50:43.026059+00,240955393984,238078383921
1788947443.067668,1985302,1990662,public,holding_history,i_hh_t_id,1404369,2026-09-09 09:50:42.928946+00,117677686,117677686
1788947502.194603,1985275,1990584,public,customer_account,pk_customer_account,130970846,2026-09-09 09:51:42.135505+00,131108657,130918291
1788947502.194603,1985325,1990585,public,broker,pk_broker,140218794,2026-09-09 09:51:42.135505+00,140221467,139925891
1788947502.194603,1985343,1990588,public,charge,pk_charge,0,,0,0
1788947502.194603,1985256,1990590,public,account_permission,pk_account_permission,1776615,2026-09-09 09:51:42.135505+00,1776844,1776783
1788947502.194603,1985285,1990592,public,customer_taxrate,pk_customer_taxrate,90349455,2026-09-09 09:51:42.135505+00,18366879,13487698
1788947502.194603,1985335,1990593,public,cash_transaction,pk_cash_transaction,348184195,2026-09-09 09:51:42.135505+00,424387726,420920869
1788947502.194603,1985290,1990597,public,holding,pk_holding,19221151,2026-09-09 09:51:42.133795+00,24087233,19220143
1788947502.194603,1985264,1990596,public,customer,pk_customer,95561657,2026-09-09 09:51:42.135505+00,95751711,95625257
1788947502.194603,1985434,1990600,public,company_competitor,pk_company_competitor,24597330,2026-09-09 09:51:42.135505+00,73791986,0
1788947502.194603,1985548,1990602,public,taxrate,pk_taxrate,18351185,2026-09-09 09:51:42.135505+00,18351192,18348645
1788947502.194603,1985402,1990604,public,trade_request,pk_trade_request,6697982,2026-09-09 09:51:42.133795+00,7023490,6805886
1788947502.194603,1985372,1990607,public,trade,pk_trade,481004054,2026-09-09 09:51:42.135505+00,1081408045,999224479
1788947502.194603,1985415,1990609,public,trade_type,pk_trade_type,406371,2026-09-09 09:26:35.58092+00,406371,4395
1788947502.194603,1985451,1990611,public,exchange,pk_exchange,388760,2026-09-09 09:26:35.58092+00,388760,385052
1788947502.194603,1985480,1990613,public,industry,pk_industry,84322615,2026-09-09 09:51:42.135505+00,84322615,84148355
1788947502.194603,1985543,1990606,public,status_type,pk_status_type,703226,2026-09-09 09:35:16.238126+00,703226,1575
1788947502.194603,1985351,1990616,public,commission_rate,pk_commission_rate,39273219,2026-09-09 09:51:42.135505+00,68837962,68835561
1788947502.194603,1985440,1990618,public,daily_market,pk_daily_market,2426923653,2026-09-09 09:51:42.135505+00,2371045715,2370678861
1788947502.194603,1985396,1990620,public,trade_history,pk_trade_history,438837666,2026-09-09 09:51:42.135505+00,1250623149,1250278376
1788947502.194603,1985309,1990621,public,holding_summary,pk_holding_summary,210023209,2026-09-09 09:51:42.135505+00,1449121561,1448088644
1788947502.194603,1985512,1990624,public,sector,pk_sector,2361567,2026-09-09 05:14:30.973506+00,2361567,2361567
1788947502.194603,1985402,1990626,public,trade_request,i_tr_s_symb,2360547841,2026-09-09 09:51:42.135505+00,7357566537,7061059887
1788947502.194603,1985315,1990627,public,watch_item,pk_watch_item,18981596,2026-09-09 09:51:42.135505+00,1899893354,60165714
1788947502.194603,1985264,1990629,public,customer,i_c_tax_id,11422179,2026-09-09 09:51:42.135505+00,11422271,11422179
1788947502.194603,1985496,1990630,public,news_item,pk_news_item,49207570,2026-09-09 09:51:42.135505+00,49207819,49199169
1788947502.194603,1985422,1990632,public,company,i_co_name,7097011,2026-09-09 09:51:42.135505+00,7097084,7097011
1788947502.194603,1985517,1990633,public,security,pk_security,2309215374,2026-09-09 09:51:42.135505+00,2309215454,2309027328
1788947502.194603,1985460,1990635,public,financial,pk_financial,24597631,2026-09-09 09:51:42.135505+00,492005438,491952560
1788947502.194603,1985538,1990637,public,address,pk_address,49204444,2026-09-09 09:51:42.135505+00,110634170,110616857
1788947502.194603,1985320,1990639,public,watch_list,pk_watch_list,7358,2026-09-09 09:47:48.620917+00,7358,0
1788947502.194603,1985507,1990641,public,news_xref,pk_news_xref,24610092,2026-09-09 09:51:42.135505+00,49207570,302
1788947502.194603,1985486,1990643,public,last_trade,pk_last_trade,3406606950,2026-09-09 09:51:42.135505+00,3407485058,3406596387
1788947502.194603,1985275,1990645,public,customer_account,i_ca_c_id,22904284,2026-09-09 09:51:42.135505+00,127645286,125739773
1788947502.194603,1985555,1990646,public,zip_code,pk_zip_code,49206978,2026-09-09 09:51:42.135505+00,49206978,49194656
1788947502.194603,1985517,1990648,public,security,i_security,1798734787,2026-09-09 09:51:42.135505+00,2461499717,2461491479
1788947502.194603,1985422,1990649,public,company,pk_company,270002359,2026-09-09 09:51:42.135505+00,4216168392,4216106935
1788947502.194603,1985320,1990651,public,watch_list,i_wl_c_id,18974240,2026-09-09 09:51:42.135505+00,18974240,18974238
1788947502.194603,1985302,1990652,public,holding_history,pk_holding_history,1896372,2026-09-09 09:51:42.134979+00,121444796,121438343
1788947502.194603,1985363,1990654,public,settlement,pk_settlement,369614618,2026-09-09 09:51:42.135505+00,457601847,435045720
1788947502.194603,1985290,1990656,public,holding,i_holding,20220632,2026-09-09 09:51:42.135505+00,501840362,463961400
1788947502.194603,1985440,1990657,public,daily_market,i_dm_s_symb,153,2026-09-09 09:41:48.595447+00,4668486,195750
1788947502.194603,1985372,1990658,public,trade,i_t_st_id,33,2026-09-09 09:24:48.460179+00,17840489,33425
1788947502.194603,1985372,1990659,public,trade,i_t_s_symb,5796287,2026-09-09 09:51:42.135505+00,152573826604,150446421510
1788947502.194603,1985372,1990660,public,trade,i_t_ca_id,51584325,2026-09-09 09:51:42.135505+00,241122556141,238243141357
1788947502.194603,1985302,1990662,public,holding_history,i_hh_t_id,1405247,2026-09-09 09:51:42.134979+00,117678857,117678857
1788947562.287731,1985275,1990584,public,customer_account,pk_customer_account,131057076,2026-09-09 09:52:42.265175+00,131194888,131004484
1788947562.287731,1985325,1990585,public,broker,pk_broker,140538674,2026-09-09 09:52:42.265175+00,140541347,140245417
1788947562.287731,1985343,1990588,public,charge,pk_charge,0,,0,0
1788947562.287731,1985256,1990590,public,account_permission,pk_account_permission,1777806,2026-09-09 09:52:42.188645+00,1778035,1777974
1788947562.287731,1985285,1990592,public,customer_taxrate,pk_customer_taxrate,90410642,2026-09-09 09:52:42.265175+00,18379409,13499674
1788947562.287731,1985335,1990593,public,cash_transaction,pk_cash_transaction,348405574,2026-09-09 09:52:42.265175+00,424605882,421138041
1788947562.287731,1985290,1990597,public,holding,pk_holding,19234588,2026-09-09 09:52:42.262874+00,24100739,19233577
1788947562.287731,1985264,1990596,public,customer,pk_customer,95623955,2026-09-09 09:52:42.265175+00,95814010,95687551
1788947562.287731,1985434,1990600,public,company_competitor,pk_company_competitor,24613183,2026-09-09 09:52:42.265175+00,73839545,0
1788947562.287731,1985548,1990602,public,taxrate,pk_taxrate,18363665,2026-09-09 09:52:42.265175+00,18363672,18361125
1788947562.287731,1985402,1990604,public,trade_request,pk_trade_request,6702505,2026-09-09 09:52:42.262874+00,7028013,6810409
1788947562.287731,1985372,1990607,public,trade,pk_trade,481321451,2026-09-09 09:52:42.265175+00,1081780771,999541776
1788947562.287731,1985415,1990609,public,trade_type,pk_trade_type,406371,2026-09-09 09:26:35.58092+00,406371,4395
1788947562.287731,1985451,1990611,public,exchange,pk_exchange,388760,2026-09-09 09:26:35.58092+00,388760,385052
1788947562.287731,1985480,1990613,public,industry,pk_industry,84370252,2026-09-09 09:52:42.265175+00,84370252,84195914
1788947562.287731,1985543,1990606,public,status_type,pk_status_type,703226,2026-09-09 09:35:16.238126+00,703226,1575
1788947562.287731,1985351,1990616,public,commission_rate,pk_commission_rate,39299353,2026-09-09 09:52:42.265175+00,68883638,68881234
1788947562.287731,1985440,1990618,public,daily_market,pk_daily_market,2428475927,2026-09-09 09:52:42.265175+00,2372561984,2372194888
1788947562.287731,1985396,1990620,public,trade_history,pk_trade_history,439118873,2026-09-09 09:52:42.265175+00,1251292356,1250947580
1788947562.287731,1985309,1990621,public,holding_summary,pk_holding_summary,210161363,2026-09-09 09:52:42.265175+00,1450062217,1449029096
1788947562.287731,1985512,1990624,public,sector,pk_sector,2361567,2026-09-09 05:14:30.973506+00,2361567,2361567
1788947562.287731,1985402,1990626,public,trade_request,i_tr_s_symb,2362155004,2026-09-09 09:52:42.265175+00,7363061044,7066359680
1788947562.287731,1985315,1990627,public,watch_item,pk_watch_item,18993656,2026-09-09 09:52:42.265175+00,1901103456,60233551
1788947562.287731,1985264,1990629,public,customer,i_c_tax_id,11429527,2026-09-09 09:52:42.265175+00,11429620,11429527
1788947562.287731,1985496,1990630,public,news_item,pk_news_item,49239276,2026-09-09 09:52:42.265175+00,49239525,49230875
1788947562.287731,1985422,1990632,public,company,i_co_name,7101631,2026-09-09 09:52:42.265175+00,7101704,7101631
1788947562.287731,1985517,1990633,public,security,pk_security,2310589703,2026-09-09 09:52:42.265175+00,2310589783,2310401574
1788947562.287731,1985460,1990635,public,financial,pk_financial,24613484,2026-09-09 09:52:42.265175+00,492322498,492269620
1788947562.287731,1985538,1990637,public,address,pk_address,49236150,2026-09-09 09:52:42.265175+00,110705424,110688111
1788947562.287731,1985320,1990639,public,watch_list,pk_watch_list,7358,2026-09-09 09:47:48.620917+00,7358,0
1788947562.287731,1985507,1990641,public,news_xref,pk_news_xref,24625945,2026-09-09 09:52:42.265175+00,49239276,302
1788947562.287731,1985486,1990643,public,last_trade,pk_last_trade,3408795127,2026-09-09 09:52:42.265175+00,3409673235,3408784513
1788947562.287731,1985275,1990645,public,customer_account,i_ca_c_id,22919071,2026-09-09 09:52:42.265175+00,127726780,125821231
1788947562.287731,1985555,1990646,public,zip_code,pk_zip_code,49238684,2026-09-09 09:52:42.265175+00,49238684,49226362
1788947562.287731,1985517,1990648,public,security,i_security,1799921834,2026-09-09 09:52:42.265175+00,2463124886,2463116648
1788947562.287731,1985422,1990649,public,company,pk_company,270073653,2026-09-09 09:52:42.265175+00,4218813656,4218752199
1788947562.287731,1985320,1990651,public,watch_list,i_wl_c_id,18986300,2026-09-09 09:52:42.265175+00,18986300,18986298
1788947562.287731,1985302,1990652,public,holding_history,pk_holding_history,1897586,2026-09-09 09:52:42.265175+00,121448398,121441945
1788947562.287731,1985363,1990654,public,settlement,pk_settlement,369851755,2026-09-09 09:52:42.265175+00,457839195,435282857
1788947562.287731,1985290,1990656,public,holding,i_holding,20234303,2026-09-09 09:52:42.265175+00,502175486,464294168
1788947562.287731,1985440,1990657,public,daily_market,i_dm_s_symb,153,2026-09-09 09:41:48.595447+00,4668486,195750
1788947562.287731,1985372,1990658,public,trade,i_t_st_id,33,2026-09-09 09:24:48.460179+00,17840489,33425
1788947562.287731,1985372,1990659,public,trade,i_t_s_symb,5799747,2026-09-09 09:52:42.265175+00,152680807627,150551486769
1788947562.287731,1985372,1990660,public,trade,i_t_ca_id,51617487,2026-09-09 09:52:42.265175+00,241292740086,238410880313
1788947562.287731,1985302,1990662,public,holding_history,i_hh_t_id,1406156,2026-09-09 09:52:42.265175+00,117680071,117680071
1788947622.423725,1985275,1990584,public,customer_account,pk_customer_account,131142510,2026-09-09 09:53:42.385046+00,131280327,131089881
1788947622.423725,1985325,1990585,public,broker,pk_broker,140860588,2026-09-09 09:53:42.385046+00,140863261,140567063
1788947622.423725,1985343,1990588,public,charge,pk_charge,0,,0,0
1788947622.423725,1985256,1990590,public,account_permission,pk_account_permission,1778980,2026-09-09 09:53:42.385046+00,1779209,1779148
1788947622.423725,1985285,1990592,public,customer_taxrate,pk_customer_taxrate,90469702,2026-09-09 09:53:42.221636+00,18391447,13511168
1788947622.423725,1985335,1990593,public,cash_transaction,pk_cash_transaction,348628844,2026-09-09 09:53:42.385046+00,424825675,421356939
1788947622.423725,1985290,1990597,public,holding,pk_holding,19247633,2026-09-09 09:53:42.144119+00,24113838,19246620
1788947622.423725,1985264,1990596,public,customer,pk_customer,95685894,2026-09-09 09:53:42.385046+00,95875949,95749488
1788947622.423725,1985434,1990600,public,company_competitor,pk_company_competitor,24628966,2026-09-09 09:53:42.385046+00,73886894,0
1788947622.423725,1985548,1990602,public,taxrate,pk_taxrate,18375672,2026-09-09 09:53:42.221636+00,18375679,18373131
1788947622.423725,1985402,1990604,public,trade_request,pk_trade_request,6706945,2026-09-09 09:53:42.144119+00,7032453,6814849
1788947622.423725,1985372,1990607,public,trade,pk_trade,481634071,2026-09-09 09:53:42.385046+00,1082147480,999854316
1788947622.423725,1985415,1990609,public,trade_type,pk_trade_type,406371,2026-09-09 09:26:35.58092+00,406371,4395
1788947622.423725,1985451,1990611,public,exchange,pk_exchange,388760,2026-09-09 09:26:35.58092+00,388760,385052
1788947622.423725,1985480,1990613,public,industry,pk_industry,84417679,2026-09-09 09:53:42.385046+00,84417679,84243263
1788947622.423725,1985543,1990606,public,status_type,pk_status_type,703226,2026-09-09 09:35:16.238126+00,703226,1575
1788947622.423725,1985351,1990616,public,commission_rate,pk_commission_rate,39325069,2026-09-09 09:53:42.385046+00,68928953,68926545
1788947622.423725,1985440,1990618,public,daily_market,pk_daily_market,2430030905,2026-09-09 09:53:42.385046+00,2374081014,2373713707
1788947622.423725,1985396,1990620,public,trade_history,pk_trade_history,439400558,2026-09-09 09:53:42.385046+00,1251962461,1251617681
1788947622.423725,1985309,1990621,public,holding_summary,pk_holding_summary,210297386,2026-09-09 09:53:42.385046+00,1450990327,1449956974
1788947622.423725,1985512,1990624,public,sector,pk_sector,2361567,2026-09-09 05:14:30.973506+00,2361567,2361567
1788947622.423725,1985402,1990626,public,trade_request,i_tr_s_symb,2363767201,2026-09-09 09:53:42.385046+00,7368595426,7071705345
1788947622.423725,1985315,1990627,public,watch_item,pk_watch_item,19005873,2026-09-09 09:53:42.385046+00,1902322067,60299035
1788947622.423725,1985264,1990629,public,customer,i_c_tax_id,11436989,2026-09-09 09:53:42.385046+00,11437082,11436989
1788947622.423725,1985496,1990630,public,news_item,pk_news_item,49270842,2026-09-09 09:53:42.385046+00,49271091,49262441
1788947622.423725,1985422,1990632,public,company,i_co_name,7106306,2026-09-09 09:53:42.385046+00,7106379,7106306
1788947622.423725,1985517,1990633,public,security,pk_security,2311967249,2026-09-09 09:53:42.385046+00,2311967329,2311779042
1788947622.423725,1985460,1990635,public,financial,pk_financial,24629267,2026-09-09 09:53:42.385046+00,492638158,492585280
1788947622.423725,1985538,1990637,public,address,pk_address,49267716,2026-09-09 09:53:42.385046+00,110776679,110759366
1788947622.423725,1985320,1990639,public,watch_list,pk_watch_list,7358,2026-09-09 09:47:48.620917+00,7358,0
1788947622.423725,1985507,1990641,public,news_xref,pk_news_xref,24641728,2026-09-09 09:53:42.385046+00,49270842,302
1788947622.423725,1985486,1990643,public,last_trade,pk_last_trade,3410975868,2026-09-09 09:53:42.385046+00,3411853976,3410965245
1788947622.423725,1985275,1990645,public,customer_account,i_ca_c_id,22933784,2026-09-09 09:53:42.385046+00,127807337,125901754
1788947622.423725,1985555,1990646,public,zip_code,pk_zip_code,49270250,2026-09-09 09:53:42.385046+00,49270250,49257928
1788947622.423725,1985517,1990648,public,security,i_security,1801111252,2026-09-09 09:53:42.385046+00,2464751386,2464743148
1788947622.423725,1985422,1990649,public,company,pk_company,270144620,2026-09-09 09:53:42.385046+00,4221413611,4221352154
1788947622.423725,1985320,1990651,public,watch_list,i_wl_c_id,18998517,2026-09-09 09:53:42.385046+00,18998517,18998515
1788947622.423725,1985302,1990652,public,holding_history,pk_holding_history,1898789,2026-09-09 09:53:42.385046+00,121451981,121445528
1788947622.423725,1985363,1990654,public,settlement,pk_settlement,370090710,2026-09-09 09:53:42.385046+00,458078368,435521812
1788947622.423725,1985290,1990656,public,holding,i_holding,20247685,2026-09-09 09:53:42.385046+00,502498697,464614828
1788947622.423725,1985440,1990657,public,daily_market,i_dm_s_symb,153,2026-09-09 09:41:48.595447+00,4668486,195750
1788947622.423725,1985372,1990658,public,trade,i_t_st_id,33,2026-09-09 09:24:48.460179+00,17840489,33425
1788947622.423725,1985372,1990659,public,trade,i_t_s_symb,5803221,2026-09-09 09:53:42.385046+00,152788200007,150656963223
1788947622.423725,1985372,1990660,public,trade,i_t_ca_id,51650752,2026-09-09 09:53:42.385046+00,241463040947,238578732030
1788947622.423725,1985302,1990662,public,holding_history,i_hh_t_id,1407078,2026-09-09 09:53:42.385046+00,117681274,117681274
1788947682.575653,1985275,1990584,public,customer_account,pk_customer_account,131228848,2026-09-09 09:54:42.569037+00,131366672,131176186
1788947682.575653,1985325,1990585,public,broker,pk_broker,141182230,2026-09-09 09:54:42.569037+00,141184903,140888410
1788947682.575653,1985343,1990588,public,charge,pk_charge,0,,0,0
1788947682.575653,1985256,1990590,public,account_permission,pk_account_permission,1780160,2026-09-09 09:54:42.396082+00,1780389,1780328
1788947682.575653,1985285,1990592,public,customer_taxrate,pk_customer_taxrate,90531831,2026-09-09 09:54:42.543688+00,18404182,13523425
1788947682.575653,1985335,1990593,public,cash_transaction,pk_cash_transaction,348852574,2026-09-09 09:54:42.569037+00,425045947,421576318
1788947682.575653,1985290,1990597,public,holding,pk_holding,19261302,2026-09-09 09:54:42.441209+00,24127582,19260284
1788947682.575653,1985264,1990596,public,customer,pk_customer,95748136,2026-09-09 09:54:42.569037+00,95938191,95811728
1788947682.575653,1985434,1990600,public,company_competitor,pk_company_competitor,24644788,2026-09-09 09:54:42.569037+00,73934360,0
1788947682.575653,1985548,1990602,public,taxrate,pk_taxrate,18388365,2026-09-09 09:54:42.543688+00,18388372,18385822
1788947682.575653,1985402,1990604,public,trade_request,pk_trade_request,6711533,2026-09-09 09:54:42.441209+00,7037041,6819437
1788947682.575653,1985372,1990607,public,trade,pk_trade,481949827,2026-09-09 09:54:42.569037+00,1082518758,1000169965
1788947682.575653,1985415,1990609,public,trade_type,pk_trade_type,406371,2026-09-09 09:26:35.58092+00,406371,4395
1788947682.575653,1985451,1990611,public,exchange,pk_exchange,388760,2026-09-09 09:26:35.58092+00,388760,385052
1788947682.575653,1985480,1990613,public,industry,pk_industry,84465237,2026-09-09 09:54:42.569037+00,84465237,84290729
1788947682.575653,1985543,1990606,public,status_type,pk_status_type,703226,2026-09-09 09:35:16.238126+00,703226,1575
1788947682.575653,1985351,1990616,public,commission_rate,pk_commission_rate,39351058,2026-09-09 09:54:42.569037+00,68974840,68972427
1788947682.575653,1985440,1990618,public,daily_market,pk_daily_market,2431592007,2026-09-09 09:54:42.569037+00,2375606338,2375238762
1788947682.575653,1985396,1990620,public,trade_history,pk_trade_history,439680978,2026-09-09 09:54:42.569037+00,1252630023,1252285242
1788947682.575653,1985309,1990621,public,holding_summary,pk_holding_summary,210434483,2026-09-09 09:54:42.569037+00,1451925106,1450891565
1788947682.575653,1985512,1990624,public,sector,pk_sector,2361567,2026-09-09 05:14:30.973506+00,2361567,2361567
1788947682.575653,1985402,1990626,public,trade_request,i_tr_s_symb,2365395587,2026-09-09 09:54:42.569037+00,7374249172,7077138580
1788947682.575653,1985315,1990627,public,watch_item,pk_watch_item,19018173,2026-09-09 09:54:42.569037+00,1903547948,60362754
1788947682.575653,1985264,1990629,public,customer,i_c_tax_id,11444264,2026-09-09 09:54:42.569037+00,11444357,11444264
1788947682.575653,1985496,1990630,public,news_item,pk_news_item,49302486,2026-09-09 09:54:42.569037+00,49302735,49294085
1788947682.575653,1985422,1990632,public,company,i_co_name,7110869,2026-09-09 09:54:42.569037+00,7110942,7110869
1788947682.575653,1985517,1990633,public,security,pk_security,2313352309,2026-09-09 09:54:42.569037+00,2313352389,2313163987
1788947682.575653,1985460,1990635,public,financial,pk_financial,24645089,2026-09-09 09:54:42.569037+00,492954598,492901720
1788947682.575653,1985538,1990637,public,address,pk_address,49299360,2026-09-09 09:54:42.569037+00,110847682,110830369
1788947682.575653,1985320,1990639,public,watch_list,pk_watch_list,7358,2026-09-09 09:47:48.620917+00,7358,0
1788947682.575653,1985507,1990641,public,news_xref,pk_news_xref,24657550,2026-09-09 09:54:42.569037+00,49302486,302
1788947682.575653,1985486,1990643,public,last_trade,pk_last_trade,3413170607,2026-09-09 09:54:42.569037+00,3414048715,3413159953
1788947682.575653,1985275,1990645,public,customer_account,i_ca_c_id,22948557,2026-09-09 09:54:42.569037+00,127888356,125982721
1788947682.575653,1985555,1990646,public,zip_code,pk_zip_code,49301894,2026-09-09 09:54:42.569037+00,49301894,49289572
1788947682.575653,1985517,1990648,public,security,i_security,1802311390,2026-09-09 09:54:42.569037+00,2466393982,2466385744
1788947682.575653,1985422,1990649,public,company,pk_company,270215861,2026-09-09 09:54:42.569037+00,4223938870,4223877413
1788947682.575653,1985320,1990651,public,watch_list,i_wl_c_id,19010817,2026-09-09 09:54:42.569037+00,19010817,19010815
1788947682.575653,1985302,1990652,public,holding_history,pk_holding_history,1900081,2026-09-09 09:54:42.439993+00,121455839,121449386
1788947682.575653,1985363,1990654,public,settlement,pk_settlement,370327430,2026-09-09 09:54:42.569037+00,458315288,435758532
1788947682.575653,1985290,1990656,public,holding,i_holding,20261352,2026-09-09 09:54:42.569037+00,502833433,464946386
1788947682.575653,1985440,1990657,public,daily_market,i_dm_s_symb,154,2026-09-09 09:53:48.67171+00,4669827,197055
1788947682.575653,1985372,1990658,public,trade,i_t_st_id,33,2026-09-09 09:24:48.460179+00,17840489,33425
1788947682.575653,1985372,1990659,public,trade,i_t_s_symb,5806680,2026-09-09 09:54:42.569037+00,152895130495,150761981182
1788947682.575653,1985372,1990660,public,trade,i_t_ca_id,51683919,2026-09-09 09:54:42.569037+00,241632475409,238745725377
1788947682.575653,1985302,1990662,public,holding_history,i_hh_t_id,1408030,2026-09-09 09:54:42.439993+00,117682566,117682566
1788947742.746016,1985275,1990584,public,customer_account,pk_customer_account,131314925,2026-09-09 09:55:42.765384+00,131452751,131262218
1788947742.746016,1985325,1990585,public,broker,pk_broker,141501565,2026-09-09 09:55:42.765384+00,141504238,141207428
1788947742.746016,1985343,1990588,public,charge,pk_charge,0,,0,0
1788947742.746016,1985256,1990590,public,account_permission,pk_account_permission,1781318,2026-09-09 09:55:42.484863+00,1781547,1781486
1788947742.746016,1985285,1990592,public,customer_taxrate,pk_customer_taxrate,90592129,2026-09-09 09:55:42.765384+00,18416465,13535211
1788947742.746016,1985335,1990593,public,cash_transaction,pk_cash_transaction,349076218,2026-09-09 09:55:42.765384+00,425266048,421795474
1788947742.746016,1985290,1990597,public,holding,pk_holding,19274680,2026-09-09 09:55:42.656302+00,24141059,19273657
1788947742.746016,1985264,1990596,public,customer,pk_customer,95810273,2026-09-09 09:55:42.765384+00,96000328,95873861
1788947742.746016,1985434,1990600,public,company_competitor,pk_company_competitor,24660521,2026-09-09 09:55:42.765384+00,73981559,0
1788947742.746016,1985548,1990602,public,taxrate,pk_taxrate,18400609,2026-09-09 09:55:42.765384+00,18400616,18398065
1788947742.746016,1985402,1990604,public,trade_request,pk_trade_request,6715991,2026-09-09 09:55:42.656302+00,7041499,6823895
1788947742.746016,1985372,1990607,public,trade,pk_trade,482262101,2026-09-09 09:55:42.765384+00,1082886367,1000482126
1788947742.746016,1985415,1990609,public,trade_type,pk_trade_type,406371,2026-09-09 09:26:35.58092+00,406371,4395
1788947742.746016,1985451,1990611,public,exchange,pk_exchange,388760,2026-09-09 09:26:35.58092+00,388760,385052
1788947742.746016,1985480,1990613,public,industry,pk_industry,84512508,2026-09-09 09:55:42.765384+00,84512508,84337928
1788947742.746016,1985543,1990606,public,status_type,pk_status_type,703226,2026-09-09 09:35:16.238126+00,703226,1575
1788947742.746016,1985351,1990616,public,commission_rate,pk_commission_rate,39377057,2026-09-09 09:55:42.765384+00,69020389,69017972
1788947742.746016,1985440,1990618,public,daily_market,pk_daily_market,2433166727,2026-09-09 09:55:42.765384+00,2377145053,2376777246
1788947742.746016,1985396,1990620,public,trade_history,pk_trade_history,439961191,2026-09-09 09:55:42.765384+00,1253296908,1252952123
1788947742.746016,1985309,1990621,public,holding_summary,pk_holding_summary,210571297,2026-09-09 09:55:42.765384+00,1452852852,1451819056
1788947742.746016,1985512,1990624,public,sector,pk_sector,2361567,2026-09-09 05:14:30.973506+00,2361567,2361567
1788947742.746016,1985402,1990626,public,trade_request,i_tr_s_symb,2366986111,2026-09-09 09:55:42.765384+00,7379790064,7082441470
1788947742.746016,1985315,1990627,public,watch_item,pk_watch_item,19030511,2026-09-09 09:55:42.765384+00,1904784600,60429646
1788947742.746016,1985264,1990629,public,customer,i_c_tax_id,11451521,2026-09-09 09:55:42.743757+00,11451614,11451521
1788947742.746016,1985496,1990630,public,news_item,pk_news_item,49333952,2026-09-09 09:55:42.765384+00,49334201,49325551
1788947742.746016,1985422,1990632,public,company,i_co_name,7115373,2026-09-09 09:55:42.765384+00,7115446,7115373
1788947742.746016,1985517,1990633,public,security,pk_security,2314750650,2026-09-09 09:55:42.765384+00,2314750730,2314562226
1788947742.746016,1985460,1990635,public,financial,pk_financial,24660822,2026-09-09 09:55:42.765384+00,493269258,493216380
1788947742.746016,1985538,1990637,public,address,pk_address,49330826,2026-09-09 09:55:42.765384+00,110918299,110900986
1788947742.746016,1985320,1990639,public,watch_list,pk_watch_list,7358,2026-09-09 09:47:48.620917+00,7358,0
1788947742.746016,1985507,1990641,public,news_xref,pk_news_xref,24673283,2026-09-09 09:55:42.765384+00,49333952,302
1788947742.746016,1985486,1990643,public,last_trade,pk_last_trade,3415371831,2026-09-09 09:55:42.765384+00,3416249939,3415361132
1788947742.746016,1985275,1990645,public,customer_account,i_ca_c_id,22963234,2026-09-09 09:55:42.765384+00,127968912,126063244
1788947742.746016,1985555,1990646,public,zip_code,pk_zip_code,49333360,2026-09-09 09:55:42.765384+00,49333360,49321038
1788947742.746016,1985517,1990648,public,security,i_security,1803485910,2026-09-09 09:55:42.765384+00,2468001974,2467993736
1788947742.746016,1985422,1990649,public,company,pk_company,270286777,2026-09-09 09:55:42.765384+00,4226643732,4226582275
1788947742.746016,1985320,1990651,public,watch_list,i_wl_c_id,19023155,2026-09-09 09:55:42.765384+00,19023155,19023153
1788947742.746016,1985302,1990652,public,holding_history,pk_holding_history,1901299,2026-09-09 09:55:42.765384+00,121459508,121453055
1788947742.746016,1985363,1990654,public,settlement,pk_settlement,370565149,2026-09-09 09:55:42.765384+00,458553267,435996251
1788947742.746016,1985290,1990656,public,holding,i_holding,20274832,2026-09-09 09:55:42.765384+00,503165517,465274889
1788947742.746016,1985440,1990657,public,daily_market,i_dm_s_symb,154,2026-09-09 09:53:48.67171+00,4669827,197055
1788947742.746016,1985372,1990658,public,trade,i_t_st_id,33,2026-09-09 09:24:48.460179+00,17840489,33425
1788947742.746016,1985372,1990659,public,trade,i_t_s_symb,5810171,2026-09-09 09:55:42.765384+00,153003205204,150868125691
1788947742.746016,1985372,1990660,public,trade,i_t_ca_id,51717050,2026-09-09 09:55:42.765384+00,241802446711,238913252926
1788947742.746016,1985302,1990662,public,holding_history,i_hh_t_id,1408929,2026-09-09 09:55:42.765384+00,117683784,117683784
1788947802.875733,1985275,1990584,public,customer_account,pk_customer_account,131401223,2026-09-09 09:56:42.883714+00,131539049,131348491
1788947802.875733,1985325,1990585,public,broker,pk_broker,141820735,2026-09-09 09:56:42.883714+00,141823408,141526243
1788947802.875733,1985343,1990588,public,charge,pk_charge,0,,0,0
1788947802.875733,1985256,1990590,public,account_permission,pk_account_permission,1782487,2026-09-09 09:56:42.883714+00,1782716,1782655
1788947802.875733,1985285,1990592,public,customer_taxrate,pk_customer_taxrate,90653870,2026-09-09 09:56:42.883714+00,18429048,13547380
1788947802.875733,1985335,1990593,public,cash_transaction,pk_cash_transaction,349297937,2026-09-09 09:56:42.883714+00,425484396,422012840
1788947802.875733,1985290,1990597,public,holding,pk_holding,19288249,2026-09-09 09:56:42.76129+00,24154706,19287226
1788947802.875733,1985264,1990596,public,customer,pk_customer,95872513,2026-09-09 09:56:42.883714+00,96062568,95936096
1788947802.875733,1985434,1990600,public,company_competitor,pk_company_competitor,24676316,2026-09-09 09:56:42.883714+00,74028944,0
1788947802.875733,1985548,1990602,public,taxrate,pk_taxrate,18413158,2026-09-09 09:56:42.883714+00,18413165,18410614
1788947802.875733,1985402,1990604,public,trade_request,pk_trade_request,6720526,2026-09-09 09:56:42.76129+00,7046034,6828430
1788947802.875733,1985372,1990607,public,trade,pk_trade,482574854,2026-09-09 09:56:42.883714+00,1083254996,1000794774
1788947802.875733,1985415,1990609,public,trade_type,pk_trade_type,406371,2026-09-09 09:26:35.58092+00,406371,4395
1788947802.875733,1985451,1990611,public,exchange,pk_exchange,388760,2026-09-09 09:26:35.58092+00,388760,385052
1788947802.875733,1985480,1990613,public,industry,pk_industry,84559969,2026-09-09 09:56:42.883714+00,84559969,84385313
1788947802.875733,1985543,1990606,public,status_type,pk_status_type,703226,2026-09-09 09:35:16.238126+00,703226,1575
1788947802.875733,1985351,1990616,public,commission_rate,pk_commission_rate,39403285,2026-09-09 09:56:42.883714+00,69066590,69064171
1788947802.875733,1985440,1990618,public,daily_market,pk_daily_market,2434713270,2026-09-09 09:56:42.883714+00,2378655774,2378287725
1788947802.875733,1985396,1990620,public,trade_history,pk_trade_history,440239521,2026-09-09 09:56:42.883714+00,1253959361,1253614575
1788947802.875733,1985309,1990621,public,holding_summary,pk_holding_summary,210709008,2026-09-09 09:56:42.883714+00,1453783881,1452749816
1788947802.875733,1985512,1990624,public,sector,pk_sector,2361567,2026-09-09 05:14:30.973506+00,2361567,2361567
1788947802.875733,1985402,1990626,public,trade_request,i_tr_s_symb,2368586187,2026-09-09 09:56:42.883714+00,7385302686,7087764777
1788947802.875733,1985315,1990627,public,watch_item,pk_watch_item,19042630,2026-09-09 09:56:42.883714+00,1905995906,60501061
1788947802.875733,1985264,1990629,public,customer,i_c_tax_id,11458928,2026-09-09 09:56:42.883714+00,11459021,11458928
1788947802.875733,1985496,1990630,public,news_item,pk_news_item,49365542,2026-09-09 09:56:42.883714+00,49365791,49357141
1788947802.875733,1985422,1990632,public,company,i_co_name,7119937,2026-09-09 09:56:42.883714+00,7120010,7119937
1788947802.875733,1985517,1990633,public,security,pk_security,2316120991,2026-09-09 09:56:42.883714+00,2316121071,2315932465
1788947802.875733,1985460,1990635,public,financial,pk_financial,24676619,2026-09-09 09:56:42.883714+00,493585218,493532320
1788947802.875733,1985538,1990637,public,address,pk_address,49362416,2026-09-09 09:56:42.883714+00,110989533,110972220
1788947802.875733,1985320,1990639,public,watch_list,pk_watch_list,7358,2026-09-09 09:47:48.620917+00,7358,0
1788947802.875733,1985507,1990641,public,news_xref,pk_news_xref,24689078,2026-09-09 09:56:42.883714+00,49365542,302
1788947802.875733,1985486,1990643,public,last_trade,pk_last_trade,3417547972,2026-09-09 09:56:42.883714+00,3418426080,3417537273
1788947802.875733,1985275,1990645,public,customer_account,i_ca_c_id,22977896,2026-09-09 09:56:42.883714+00,128049829,126144105
1788947802.875733,1985555,1990646,public,zip_code,pk_zip_code,49364950,2026-09-09 09:56:42.883714+00,49364950,49352628
1788947802.875733,1985517,1990648,public,security,i_security,1804665658,2026-09-09 09:56:42.883714+00,2469616880,2469608642
1788947802.875733,1985422,1990649,public,company,pk_company,270357805,2026-09-09 09:56:42.883714+00,4229131293,4229069836
1788947802.875733,1985320,1990651,public,watch_list,i_wl_c_id,19035274,2026-09-09 09:56:42.883714+00,19035274,19035272
1788947802.875733,1985302,1990652,public,holding_history,pk_holding_history,1902587,2026-09-09 09:56:42.723279+00,121463413,121456960
1788947802.875733,1985363,1990654,public,settlement,pk_settlement,370801189,2026-09-09 09:56:42.883714+00,458789503,436232291
1788947802.875733,1985290,1990656,public,holding,i_holding,20288391,2026-09-09 09:56:42.883714+00,503493794,465599255
1788947802.875733,1985440,1990657,public,daily_market,i_dm_s_symb,154,2026-09-09 09:53:48.67171+00,4669827,197055
1788947802.875733,1985372,1990658,public,trade,i_t_st_id,33,2026-09-09 09:24:48.460179+00,17840489,33425
1788947802.875733,1985372,1990659,public,trade,i_t_s_symb,5813650,2026-09-09 09:56:42.883714+00,153110636277,150973634317
1788947802.875733,1985372,1990660,public,trade,i_t_ca_id,51750086,2026-09-09 09:56:42.883714+00,241971931205,239080297555
1788947802.875733,1985302,1990662,public,holding_history,i_hh_t_id,1409887,2026-09-09 09:56:42.723279+00,117685072,117685072
1788947863.032294,1985275,1990584,public,customer_account,pk_customer_account,131488667,2026-09-09 09:57:43.008197+00,131626497,131435903
1788947863.032294,1985325,1990585,public,broker,pk_broker,142140588,2026-09-09 09:57:43.008197+00,142143261,141845758
1788947863.032294,1985343,1990588,public,charge,pk_charge,0,,0,0
1788947863.032294,1985256,1990590,public,account_permission,pk_account_permission,1783639,2026-09-09 09:57:43.008197+00,1783868,1783807
1788947863.032294,1985285,1990592,public,customer_taxrate,pk_customer_taxrate,90716697,2026-09-09 09:57:42.995164+00,18441883,13559673
1788947863.032294,1985335,1990593,public,cash_transaction,pk_cash_transaction,349523686,2026-09-09 09:57:43.008197+00,425706918,422234365
1788947863.032294,1985290,1990597,public,holding,pk_holding,19302140,2026-09-09 09:57:42.995164+00,24168690,19301113
1788947863.032294,1985264,1990596,public,customer,pk_customer,95935369,2026-09-09 09:57:43.008197+00,96125424,95998951
1788947863.032294,1985434,1990600,public,company_competitor,pk_company_competitor,24692229,2026-09-09 09:57:43.008197+00,74076683,0
1788947863.032294,1985548,1990602,public,taxrate,pk_taxrate,18425942,2026-09-09 09:57:42.995164+00,18425949,18423395
1788947863.032294,1985402,1990604,public,trade_request,pk_trade_request,6725092,2026-09-09 09:57:42.995164+00,7050600,6832996
1788947863.032294,1985372,1990607,public,trade,pk_trade,482897454,2026-09-09 09:57:43.008197+00,1083634276,1001117257
1788947863.032294,1985415,1990609,public,trade_type,pk_trade_type,406371,2026-09-09 09:26:35.58092+00,406371,4395
1788947863.032294,1985451,1990611,public,exchange,pk_exchange,388760,2026-09-09 09:26:35.58092+00,388760,385052
1788947863.032294,1985480,1990613,public,industry,pk_industry,84607772,2026-09-09 09:57:43.008197+00,84607772,84433052
1788947863.032294,1985543,1990606,public,status_type,pk_status_type,703226,2026-09-09 09:35:16.238126+00,703226,1575
1788947863.032294,1985351,1990616,public,commission_rate,pk_commission_rate,39429792,2026-09-09 09:57:43.008197+00,69112603,69110177
1788947863.032294,1985440,1990618,public,daily_market,pk_daily_market,2436288293,2026-09-09 09:57:43.008197+00,2380194728,2379826457
1788947863.032294,1985396,1990620,public,trade_history,pk_trade_history,440524258,2026-09-09 09:57:43.008197+00,1254636828,1254292039
1788947863.032294,1985309,1990621,public,holding_summary,pk_holding_summary,210847481,2026-09-09 09:57:43.008197+00,1454720507,1453686197
1788947863.032294,1985512,1990624,public,sector,pk_sector,2361567,2026-09-09 05:14:30.973506+00,2361567,2361567
1788947863.032294,1985402,1990626,public,trade_request,i_tr_s_symb,2370153256,2026-09-09 09:57:43.008197+00,7390702722,7092947289
1788947863.032294,1985315,1990627,public,watch_item,pk_watch_item,19054961,2026-09-09 09:57:43.008197+00,1907231023,60569100
1788947863.032294,1985264,1990629,public,customer,i_c_tax_id,11466265,2026-09-09 09:57:43.008197+00,11466358,11466265
1788947863.032294,1985496,1990630,public,news_item,pk_news_item,49397372,2026-09-09 09:57:43.008197+00,49397623,49388970
1788947863.032294,1985422,1990632,public,company,i_co_name,7124650,2026-09-09 09:57:43.008197+00,7124723,7124650
1788947863.032294,1985517,1990633,public,security,pk_security,2317518268,2026-09-09 09:57:43.008197+00,2317518348,2317329636
1788947863.032294,1985460,1990635,public,financial,pk_financial,24692532,2026-09-09 09:57:43.008197+00,493903478,493850580
1788947863.032294,1985538,1990637,public,address,pk_address,49394242,2026-09-09 09:57:43.008197+00,111060870,111043557
1788947863.032294,1985320,1990639,public,watch_list,pk_watch_list,7358,2026-09-09 09:47:48.620917+00,7358,0
1788947863.032294,1985507,1990641,public,news_xref,pk_news_xref,24704994,2026-09-09 09:57:43.008197+00,49397372,304
1788947863.032294,1985486,1990643,public,last_trade,pk_last_trade,3419753727,2026-09-09 09:57:43.008197+00,3420631835,3419743028
1788947863.032294,1985275,1990645,public,customer_account,i_ca_c_id,22992724,2026-09-09 09:57:43.008197+00,128130838,126225049
1788947863.032294,1985555,1990646,public,zip_code,pk_zip_code,49396776,2026-09-09 09:57:43.008197+00,49396776,49384454
1788947863.032294,1985517,1990648,public,security,i_security,1805822787,2026-09-09 09:57:43.008197+00,2471199094,2471190856
1788947863.032294,1985422,1990649,public,company,pk_company,270429246,2026-09-09 09:57:43.008197+00,4231604273,4231542816
1788947863.032294,1985320,1990651,public,watch_list,i_wl_c_id,19047605,2026-09-09 09:57:43.008197+00,19047605,19047603
1788947863.032294,1985302,1990652,public,holding_history,pk_holding_history,1903732,2026-09-09 09:57:42.885817+00,121466852,121460399
1788947863.032294,1985363,1990654,public,settlement,pk_settlement,371041220,2026-09-09 09:57:43.008197+00,459029755,436472322
1788947863.032294,1985290,1990656,public,holding,i_holding,20302514,2026-09-09 09:57:43.008197+00,503841781,465943034
1788947863.032294,1985440,1990657,public,daily_market,i_dm_s_symb,154,2026-09-09 09:53:48.67171+00,4669827,197055
1788947863.032294,1985372,1990658,public,trade,i_t_st_id,33,2026-09-09 09:24:48.460179+00,17840489,33425
1788947863.032294,1985372,1990659,public,trade,i_t_s_symb,5817073,2026-09-09 09:57:43.008197+00,153216064461,151077173167
1788947863.032294,1985372,1990660,public,trade,i_t_ca_id,51783377,2026-09-09 09:57:43.008197+00,242142415627,239248325721
1788947863.032294,1985302,1990662,public,holding_history,i_hh_t_id,1410719,2026-09-09 09:57:42.885817+00,117686217,117686217
1788947922.139739,1985275,1990584,public,customer_account,pk_customer_account,131574587,2026-09-09 09:58:42.185748+00,131712422,131521784
1788947922.139739,1985325,1990585,public,broker,pk_broker,142456695,2026-09-09 09:58:42.185748+00,142459368,142161553
1788947922.139739,1985343,1990588,public,charge,pk_charge,0,,0,0
1788947922.139739,1985256,1990590,public,account_permission,pk_account_permission,1784808,2026-09-09 09:58:42.165953+00,1785037,1784976
1788947922.139739,1985285,1990592,public,customer_taxrate,pk_customer_taxrate,90777596,2026-09-09 09:58:42.165953+00,18454231,13571496
1788947922.139739,1985335,1990593,public,cash_transaction,pk_cash_transaction,349744108,2026-09-09 09:58:42.165953+00,425924265,422450799
1788947922.139739,1985290,1990597,public,holding,pk_holding,19315822,2026-09-09 09:58:42.185748+00,24182489,19314794
1788947922.139739,1985264,1990596,public,customer,pk_customer,95997072,2026-09-09 09:58:42.185748+00,96187127,96060654
1788947922.139739,1985434,1990600,public,company_competitor,pk_company_competitor,24707794,2026-09-09 09:58:42.165953+00,74123378,0
1788947922.139739,1985548,1990602,public,taxrate,pk_taxrate,18438258,2026-09-09 09:58:42.165953+00,18438265,18435709
1788947922.139739,1985402,1990604,public,trade_request,pk_trade_request,6729577,2026-09-09 09:58:42.119291+00,7055085,6837481
1788947922.139739,1985372,1990607,public,trade,pk_trade,483208241,2026-09-09 09:58:42.185748+00,1084000720,1001427932
1788947922.139739,1985415,1990609,public,trade_type,pk_trade_type,406371,2026-09-09 09:26:35.58092+00,406371,4395
1788947922.139739,1985451,1990611,public,exchange,pk_exchange,388760,2026-09-09 09:26:35.58092+00,388760,385052
1788947922.139739,1985480,1990613,public,industry,pk_industry,84654541,2026-09-09 09:58:42.165953+00,84654541,84479747
1788947922.139739,1985543,1990606,public,status_type,pk_status_type,703226,2026-09-09 09:35:16.238126+00,703226,1575
1788947922.139739,1985351,1990616,public,commission_rate,pk_commission_rate,39455864,2026-09-09 09:58:42.185748+00,69158067,69155636
1788947922.139739,1985440,1990618,public,daily_market,pk_daily_market,2437813197,2026-09-09 09:58:42.165953+00,2381684211,2381315722
1788947922.139739,1985396,1990620,public,trade_history,pk_trade_history,440800758,2026-09-09 09:58:42.165953+00,1255294462,1254949670
1788947922.139739,1985309,1990621,public,holding_summary,pk_holding_summary,210983456,2026-09-09 09:58:42.185748+00,1455638733,1454604161
1788947922.139739,1985512,1990624,public,sector,pk_sector,2361567,2026-09-09 05:14:30.973506+00,2361567,2361567
1788947922.139739,1985402,1990626,public,trade_request,i_tr_s_symb,2371746442,2026-09-09 09:58:42.165953+00,7396132285,7098192535
1788947922.139739,1985315,1990627,public,watch_item,pk_watch_item,19066884,2026-09-09 09:58:42.165953+00,1908421758,60635716
1788947922.139739,1985264,1990629,public,customer,i_c_tax_id,11473499,2026-09-09 09:58:42.165953+00,11473592,11473499
1788947922.139739,1985496,1990630,public,news_item,pk_news_item,49428502,2026-09-09 09:58:42.165953+00,49428753,49420100
1788947922.139739,1985422,1990632,public,company,i_co_name,7129236,2026-09-09 09:58:42.165953+00,7129309,7129236
1788947922.139739,1985517,1990633,public,security,pk_security,2318868626,2026-09-09 09:58:42.185748+00,2318868706,2318679901
1788947922.139739,1985460,1990635,public,financial,pk_financial,24708097,2026-09-09 09:58:42.165953+00,494214778,494161880
1788947922.139739,1985538,1990637,public,address,pk_address,49425372,2026-09-09 09:58:42.165953+00,111130725,111113412
1788947922.139739,1985320,1990639,public,watch_list,pk_watch_list,7358,2026-09-09 09:47:48.620917+00,7358,0
1788947922.139739,1985507,1990641,public,news_xref,pk_news_xref,24720559,2026-09-09 09:58:42.165953+00,49428502,304
1788947922.139739,1985486,1990643,public,last_trade,pk_last_trade,3421898134,2026-09-09 09:58:42.165953+00,3422776242,3421887416
1788947922.139739,1985275,1990645,public,customer_account,i_ca_c_id,23007221,2026-09-09 09:58:42.165953+00,128210466,126304604
1788947922.139739,1985555,1990646,public,zip_code,pk_zip_code,49427906,2026-09-09 09:58:42.165953+00,49427906,49415584
1788947922.139739,1985517,1990648,public,security,i_security,1806999468,2026-09-09 09:58:42.165953+00,2472808904,2472800666
1788947922.139739,1985422,1990649,public,company,pk_company,270499309,2026-09-09 09:58:42.165953+00,4234345767,4234284310
1788947922.139739,1985320,1990651,public,watch_list,i_wl_c_id,19059528,2026-09-09 09:58:42.165953+00,19059528,19059526
1788947922.139739,1985302,1990652,public,holding_history,pk_holding_history,1904888,2026-09-09 09:58:42.165953+00,121470286,121463833
1788947922.139739,1985363,1990654,public,settlement,pk_settlement,371275240,2026-09-09 09:58:42.165953+00,459264002,436706342
1788947922.139739,1985290,1990656,public,holding,i_holding,20316192,2026-09-09 09:58:42.185748+00,504170981,466267473
1788947922.139739,1985440,1990657,public,daily_market,i_dm_s_symb,154,2026-09-09 09:53:48.67171+00,4669827,197055
1788947922.139739,1985372,1990658,public,trade,i_t_st_id,33,2026-09-09 09:24:48.460179+00,17840489,33425
1788947922.139739,1985372,1990659,public,trade,i_t_s_symb,5820420,2026-09-09 09:58:42.165953+00,153319700950,151178949759
1788947922.139739,1985372,1990660,public,trade,i_t_ca_id,51816099,2026-09-09 09:58:42.165953+00,242309904649,239413399175
1788947922.139739,1985302,1990662,public,holding_history,i_hh_t_id,1411593,2026-09-09 09:58:42.165953+00,117687373,117687373
1788947982.364022,1985275,1990584,public,customer_account,pk_customer_account,131661010,2026-09-09 09:59:42.364045+00,131798846,131608164
1788947982.364022,1985325,1990585,public,broker,pk_broker,142774984,2026-09-09 09:59:42.364045+00,142777657,142479495
1788947982.364022,1985343,1990588,public,charge,pk_charge,0,,0,0
1788947982.364022,1985256,1990590,public,account_permission,pk_account_permission,1785985,2026-09-09 09:59:42.364045+00,1786214,1786153
1788947982.364022,1985285,1990592,public,customer_taxrate,pk_customer_taxrate,90840465,2026-09-09 09:59:42.364045+00,18467085,13583840
1788947982.364022,1985335,1990593,public,cash_transaction,pk_cash_transaction,349968130,2026-09-09 09:59:42.364045+00,426144805,422670468
1788947982.364022,1985290,1990597,public,holding,pk_holding,19329823,2026-09-09 09:59:42.276949+00,24196598,19328791
1788947982.364022,1985264,1990596,public,customer,pk_customer,96059303,2026-09-09 09:59:42.364045+00,96249358,96122882
1788947982.364022,1985434,1990600,public,company_competitor,pk_company_competitor,24723512,2026-09-09 09:59:42.364045+00,74170532,0
1788947982.364022,1985548,1990602,public,taxrate,pk_taxrate,18451059,2026-09-09 09:59:42.364045+00,18451066,18448508
1788947982.364022,1985402,1990604,public,trade_request,pk_trade_request,6734190,2026-09-09 09:59:42.199346+00,7059698,6842094
1788947982.364022,1985372,1990607,public,trade,pk_trade,483529481,2026-09-09 09:59:42.364045+00,1084377779,1001749057
1788947982.364022,1985415,1990609,public,trade_type,pk_trade_type,406371,2026-09-09 09:26:35.58092+00,406371,4395
1788947982.364022,1985451,1990611,public,exchange,pk_exchange,388760,2026-09-09 09:26:35.58092+00,388760,385052
1788947982.364022,1985480,1990613,public,industry,pk_industry,84701769,2026-09-09 09:59:42.364045+00,84701769,84526901
1788947982.364022,1985543,1990606,public,status_type,pk_status_type,703226,2026-09-09 09:35:16.238126+00,703226,1575
1788947982.364022,1985351,1990616,public,commission_rate,pk_commission_rate,39481967,2026-09-09 09:59:42.364045+00,69204117,69201682
1788947982.364022,1985440,1990618,public,daily_market,pk_daily_market,2439389422,2026-09-09 09:59:42.364045+00,2383224874,2382856169
1788947982.364022,1985396,1990620,public,trade_history,pk_trade_history,441082118,2026-09-09 09:59:42.364045+00,1255964178,1255619384
1788947982.364022,1985309,1990621,public,holding_summary,pk_holding_summary,211120274,2026-09-09 09:59:42.364045+00,1456568068,1455533212
1788947982.364022,1985512,1990624,public,sector,pk_sector,2361567,2026-09-09 05:14:30.973506+00,2361567,2361567
1788947982.364022,1985402,1990626,public,trade_request,i_tr_s_symb,2373358367,2026-09-09 09:59:42.364045+00,7401660526,7103475474
1788947982.364022,1985315,1990627,public,watch_item,pk_watch_item,19079211,2026-09-09 09:59:42.364045+00,1909662863,60701632
1788947982.364022,1985264,1990629,public,customer,i_c_tax_id,11480768,2026-09-09 09:59:42.364045+00,11480861,11480768
1788947982.364022,1985496,1990630,public,news_item,pk_news_item,49459938,2026-09-09 09:59:42.364045+00,49460189,49451536
1788947982.364022,1985422,1990632,public,company,i_co_name,7133734,2026-09-09 09:59:42.364045+00,7133807,7133734
1788947982.364022,1985517,1990633,public,security,pk_security,2320270172,2026-09-09 09:59:42.364045+00,2320270252,2320081332
1788947982.364022,1985460,1990635,public,financial,pk_financial,24723815,2026-09-09 09:59:42.364045+00,494529138,494476240
1788947982.364022,1985538,1990637,public,address,pk_address,49456808,2026-09-09 09:59:42.364045+00,111201444,111184131
1788947982.364022,1985320,1990639,public,watch_list,pk_watch_list,7358,2026-09-09 09:47:48.620917+00,7358,0
1788947982.364022,1985507,1990641,public,news_xref,pk_news_xref,24736277,2026-09-09 09:59:42.364045+00,49459938,304
1788947982.364022,1985486,1990643,public,last_trade,pk_last_trade,3424103155,2026-09-09 09:59:42.364045+00,3424981263,3424092419
1788947982.364022,1985275,1990645,public,customer_account,i_ca_c_id,23021951,2026-09-09 09:59:42.364045+00,128290886,126384955
1788947982.364022,1985555,1990646,public,zip_code,pk_zip_code,49459342,2026-09-09 09:59:42.364045+00,49459342,49447020
1788947982.364022,1985517,1990648,public,security,i_security,1808188102,2026-09-09 09:59:42.364045+00,2474436108,2474427870
1788947982.364022,1985422,1990649,public,company,pk_company,270570104,2026-09-09 09:59:42.364045+00,4236860584,4236799127
1788947982.364022,1985320,1990651,public,watch_list,i_wl_c_id,19071855,2026-09-09 09:59:42.364045+00,19071855,19071853
1788947982.364022,1985302,1990652,public,holding_history,pk_holding_history,1906053,2026-09-09 09:59:42.282563+00,121473828,121467375
1788947982.364022,1985363,1990654,public,settlement,pk_settlement,371513260,2026-09-09 09:59:42.364045+00,459502247,436944362
1788947982.364022,1985290,1990656,public,holding,i_holding,20330074,2026-09-09 09:59:42.364045+00,504512330,466603402
1788947982.364022,1985440,1990657,public,daily_market,i_dm_s_symb,154,2026-09-09 09:53:48.67171+00,4669827,197055
1788947982.364022,1985372,1990658,public,trade,i_t_st_id,33,2026-09-09 09:24:48.460179+00,17840489,33425
1788947982.364022,1985372,1990659,public,trade,i_t_s_symb,5823867,2026-09-09 09:59:42.364045+00,153426422701,151283754066
1788947982.364022,1985372,1990660,public,trade,i_t_ca_id,51848950,2026-09-09 09:59:42.364045+00,242478344939,239579410197
1788947982.364022,1985302,1990662,public,holding_history,i_hh_t_id,1412436,2026-09-09 09:59:42.282563+00,117688538,117688538
1788948042.523650,1985275,1990584,public,customer_account,pk_customer_account,131747176,2026-09-09 10:00:42.538152+00,131885020,131694288
1788948042.523650,1985325,1990585,public,broker,pk_broker,143093768,2026-09-09 10:00:42.538152+00,143096441,142797971
1788948042.523650,1985343,1990588,public,charge,pk_charge,0,,0,0
1788948042.523650,1985256,1990590,public,account_permission,pk_account_permission,1787179,2026-09-09 10:00:42.538152+00,1787408,1787347
1788948042.523650,1985285,1990592,public,customer_taxrate,pk_customer_taxrate,90902207,2026-09-09 10:00:42.525797+00,18479602,13595809
1788948042.523650,1985335,1990593,public,cash_transaction,pk_cash_transaction,350190401,2026-09-09 10:00:42.538152+00,426363613,422888389
1788948042.523650,1985290,1990597,public,holding,pk_holding,19343488,2026-09-09 10:00:42.525797+00,24210399,19342455
1788948042.523650,1985264,1990596,public,customer,pk_customer,96121543,2026-09-09 10:00:42.538152+00,96311598,96185122
1788948042.523650,1985434,1990600,public,company_competitor,pk_company_competitor,24739364,2026-09-09 10:00:42.538152+00,74218088,0
1788948042.523650,1985548,1990602,public,taxrate,pk_taxrate,18463539,2026-09-09 10:00:42.525797+00,18463546,18460987
1788948042.523650,1985402,1990604,public,trade_request,pk_trade_request,6738721,2026-09-09 10:00:42.525797+00,7064229,6846625
1788948042.523650,1985372,1990607,public,trade,pk_trade,483843904,2026-09-09 10:00:42.538152+00,1084747478,1002063369
1788948042.523650,1985415,1990609,public,trade_type,pk_trade_type,406371,2026-09-09 09:26:35.58092+00,406371,4395
1788948042.523650,1985451,1990611,public,exchange,pk_exchange,388760,2026-09-09 09:26:35.58092+00,388760,385052
1788948042.523650,1985480,1990613,public,industry,pk_industry,84749395,2026-09-09 10:00:42.538152+00,84749395,84574457
1788948042.523650,1985543,1990606,public,status_type,pk_status_type,703226,2026-09-09 09:35:16.238126+00,703226,1575
1788948042.523650,1985351,1990616,public,commission_rate,pk_commission_rate,39507992,2026-09-09 10:00:42.538152+00,69249767,69247326
1788948042.523650,1985440,1990618,public,daily_market,pk_daily_market,2440943814,2026-09-09 10:00:42.538152+00,2384743262,2384374298
1788948042.523650,1985396,1990620,public,trade_history,pk_trade_history,441362768,2026-09-09 10:00:42.538152+00,1256632225,1256287429
1788948042.523650,1985309,1990621,public,holding_summary,pk_holding_summary,211257503,2026-09-09 10:00:42.538152+00,1457499377,1456464282
1788948042.523650,1985512,1990624,public,sector,pk_sector,2361567,2026-09-09 05:14:30.973506+00,2361567,2361567
1788948042.523650,1985402,1990626,public,trade_request,i_tr_s_symb,2374970382,2026-09-09 10:00:42.538152+00,7407131094,7108736591
1788948042.523650,1985315,1990627,public,watch_item,pk_watch_item,19091406,2026-09-09 10:00:42.538152+00,1910879181,60767349
1788948042.523650,1985264,1990629,public,customer,i_c_tax_id,11488123,2026-09-09 10:00:42.538152+00,11488216,11488123
1788948042.523650,1985496,1990630,public,news_item,pk_news_item,49491642,2026-09-09 10:00:42.538152+00,49491893,49483240
1788948042.523650,1985422,1990632,public,company,i_co_name,7138292,2026-09-09 10:00:42.538152+00,7138365,7138292
1788948042.523650,1985517,1990633,public,security,pk_security,2321645887,2026-09-09 10:00:42.538152+00,2321645967,2321456953
1788948042.523650,1985460,1990635,public,financial,pk_financial,24739667,2026-09-09 10:00:42.538152+00,494846178,494793280
1788948042.523650,1985538,1990637,public,address,pk_address,49488512,2026-09-09 10:00:42.538152+00,111272505,111255192
1788948042.523650,1985320,1990639,public,watch_list,pk_watch_list,7366,2026-09-09 09:59:48.702158+00,7366,0
1788948042.523650,1985507,1990641,public,news_xref,pk_news_xref,24752129,2026-09-09 10:00:42.538152+00,49491642,304
1788948042.523650,1985486,1990643,public,last_trade,pk_last_trade,3426285649,2026-09-09 10:00:42.538152+00,3427163757,3426274912
1788948042.523650,1985275,1990645,public,customer_account,i_ca_c_id,23036689,2026-09-09 10:00:42.538152+00,128371777,126465771
1788948042.523650,1985555,1990646,public,zip_code,pk_zip_code,49491046,2026-09-09 10:00:42.538152+00,49491046,49478724
1788948042.523650,1985517,1990648,public,security,i_security,1809377612,2026-09-09 10:00:42.538152+00,2476064152,2476055914
1788948042.523650,1985422,1990649,public,company,pk_company,270641420,2026-09-09 10:00:42.538152+00,4239565846,4239504389
1788948042.523650,1985320,1990651,public,watch_list,i_wl_c_id,19084042,2026-09-09 10:00:42.538152+00,19084042,19084040
1788948042.523650,1985302,1990652,public,holding_history,pk_holding_history,1907296,2026-09-09 10:00:42.499778+00,121477601,121471148
1788948042.523650,1985363,1990654,public,settlement,pk_settlement,371751860,2026-09-09 10:00:42.538152+00,459741058,437182962
1788948042.523650,1985290,1990656,public,holding,i_holding,20343641,2026-09-09 10:00:42.538152+00,504850392,466935684
1788948042.523650,1985440,1990657,public,daily_market,i_dm_s_symb,154,2026-09-09 09:53:48.67171+00,4669827,197055
1788948042.523650,1985372,1990658,public,trade,i_t_st_id,33,2026-09-09 09:24:48.460179+00,17840489,33425
1788948042.523650,1985372,1990659,public,trade,i_t_s_symb,5827274,2026-09-09 10:00:42.538152+00,153531650085,151387101405
1788948042.523650,1985372,1990660,public,trade,i_t_ca_id,51882189,2026-09-09 10:00:42.538152+00,242649033178,239747639791
1788948042.523650,1985302,1990662,public,holding_history,i_hh_t_id,1413346,2026-09-09 10:00:42.499778+00,117689781,117689781
1788948102.680105,1985275,1990584,public,customer_account,pk_customer_account,131833354,2026-09-09 10:01:42.662006+00,131971202,131780435
1788948102.680105,1985325,1990585,public,broker,pk_broker,143408386,2026-09-09 10:01:42.662006+00,143411059,143112278
1788948102.680105,1985343,1990588,public,charge,pk_charge,0,,0,0
1788948102.680105,1985256,1990590,public,account_permission,pk_account_permission,1788293,2026-09-09 10:01:42.412759+00,1788522,1788461
1788948102.680105,1985285,1990592,public,customer_taxrate,pk_customer_taxrate,90963285,2026-09-09 10:01:42.662006+00,18492049,13607767
1788948102.680105,1985335,1990593,public,cash_transaction,pk_cash_transaction,350412533,2026-09-09 10:01:42.662006+00,426582281,423106088
1788948102.680105,1985290,1990597,public,holding,pk_holding,19357346,2026-09-09 10:01:42.649773+00,24224351,19356312
1788948102.680105,1985264,1990596,public,customer,pk_customer,96183776,2026-09-09 10:01:42.662006+00,96373831,96247354
1788948102.680105,1985434,1990600,public,company_competitor,pk_company_competitor,24755076,2026-09-09 10:01:42.662006+00,74265224,0
1788948102.680105,1985548,1990602,public,taxrate,pk_taxrate,18475961,2026-09-09 10:01:42.662006+00,18475968,18473407
1788948102.680105,1985402,1990604,public,trade_request,pk_trade_request,6743156,2026-09-09 10:01:42.649773+00,7068664,6851060
1788948102.680105,1985372,1990607,public,trade,pk_trade,484159125,2026-09-09 10:01:42.662006+00,1085117953,1002378469
1788948102.680105,1985415,1990609,public,trade_type,pk_trade_type,406371,2026-09-09 09:26:35.58092+00,406371,4395
1788948102.680105,1985451,1990611,public,exchange,pk_exchange,388760,2026-09-09 09:26:35.58092+00,388760,385052
1788948102.680105,1985480,1990613,public,industry,pk_industry,84796597,2026-09-09 10:01:42.662006+00,84796597,84621593
1788948102.680105,1985543,1990606,public,status_type,pk_status_type,703226,2026-09-09 09:35:16.238126+00,703226,1575
1788948102.680105,1985351,1990616,public,commission_rate,pk_commission_rate,39534165,2026-09-09 10:01:42.662006+00,69295673,69293228
1788948102.680105,1985440,1990618,public,daily_market,pk_daily_market,2442495061,2026-09-09 10:01:42.662006+00,2386258923,2385889711
1788948102.680105,1985396,1990620,public,trade_history,pk_trade_history,441641468,2026-09-09 10:01:42.662006+00,1257295328,1256950526
1788948102.680105,1985309,1990621,public,holding_summary,pk_holding_summary,211394540,2026-09-09 10:01:42.662006+00,1458429959,1457394627
1788948102.680105,1985512,1990624,public,sector,pk_sector,2361567,2026-09-09 05:14:30.973506+00,2361567,2361567
1788948102.680105,1985402,1990626,public,trade_request,i_tr_s_symb,2376562299,2026-09-09 10:01:42.662006+00,7412536462,7113935903
1788948102.680105,1985315,1990627,public,watch_item,pk_watch_item,19103525,2026-09-09 10:01:42.662006+00,1912093557,60835164
1788948102.680105,1985264,1990629,public,customer,i_c_tax_id,11495497,2026-09-09 10:01:42.662006+00,11495590,11495497
1788948102.680105,1985496,1990630,public,news_item,pk_news_item,49523066,2026-09-09 10:01:42.662006+00,49523317,49514664
1788948102.680105,1985422,1990632,public,company,i_co_name,7142842,2026-09-09 10:01:42.662006+00,7142915,7142842
1788948102.680105,1985517,1990633,public,security,pk_security,2323021467,2026-09-09 10:01:42.662006+00,2323021547,2322832445
1788948102.680105,1985460,1990635,public,financial,pk_financial,24755379,2026-09-09 10:01:42.662006+00,495160418,495107520
1788948102.680105,1985538,1990637,public,address,pk_address,49519936,2026-09-09 10:01:42.662006+00,111342967,111325654
1788948102.680105,1985320,1990639,public,watch_list,pk_watch_list,7366,2026-09-09 09:59:48.702158+00,7366,0
1788948102.680105,1985507,1990641,public,news_xref,pk_news_xref,24767841,2026-09-09 10:01:42.662006+00,49523066,304
1788948102.680105,1985486,1990643,public,last_trade,pk_last_trade,3428465675,2026-09-09 10:01:42.662006+00,3429343783,3428454931
1788948102.680105,1985275,1990645,public,customer_account,i_ca_c_id,23051385,2026-09-09 10:01:42.662006+00,128452401,126546304
1788948102.680105,1985555,1990646,public,zip_code,pk_zip_code,49522470,2026-09-09 10:01:42.662006+00,49522470,49510148
1788948102.680105,1985517,1990648,public,security,i_security,1810552074,2026-09-09 10:01:42.662006+00,2477671708,2477663470
1788948102.680105,1985422,1990649,public,company,pk_company,270712202,2026-09-09 10:01:42.662006+00,4242123133,4242061676
1788948102.680105,1985320,1990651,public,watch_list,i_wl_c_id,19096161,2026-09-09 10:01:42.662006+00,19096161,19096159
1788948102.680105,1985302,1990652,public,holding_history,pk_holding_history,1908505,2026-09-09 10:01:42.649398+00,121481300,121474847
1788948102.680105,1985363,1990654,public,settlement,pk_settlement,371988320,2026-09-09 10:01:42.662006+00,459977727,437419422
1788948102.680105,1985290,1990656,public,holding,i_holding,20357417,2026-09-09 10:01:42.662006+00,505184919,467263979
1788948102.680105,1985440,1990657,public,daily_market,i_dm_s_symb,154,2026-09-09 09:53:48.67171+00,4669827,197055
1788948102.680105,1985372,1990658,public,trade,i_t_st_id,33,2026-09-09 09:24:48.460179+00,17840489,33425
1788948102.680105,1985372,1990659,public,trade,i_t_s_symb,5830762,2026-09-09 10:01:42.662006+00,153639589614,151493100323
1788948102.680105,1985372,1990660,public,trade,i_t_ca_id,51915085,2026-09-09 10:01:42.662006+00,242817921408,239914092681
1788948102.680105,1985302,1990662,public,holding_history,i_hh_t_id,1414275,2026-09-09 10:01:42.649398+00,117690990,117690990
1788948162.819272,1985275,1990584,public,customer_account,pk_customer_account,131919206,2026-09-09 10:02:42.815083+00,132057057,131866258
1788948162.819272,1985325,1990585,public,broker,pk_broker,143726800,2026-09-09 10:02:42.815083+00,143729473,143430361
1788948162.819272,1985343,1990588,public,charge,pk_charge,0,,0,0
1788948162.819272,1985256,1990590,public,account_permission,pk_account_permission,1789446,2026-09-09 10:02:42.756415+00,1789675,1789614
1788948162.819272,1985285,1990592,public,customer_taxrate,pk_customer_taxrate,91023078,2026-09-09 10:02:42.81294+00,18504328,13619519
1788948162.819272,1985335,1990593,public,cash_transaction,pk_cash_transaction,350636977,2026-09-09 10:02:42.76122+00,426803367,423326252
1788948162.819272,1985290,1990597,public,holding,pk_holding,19370540,2026-09-09 10:02:42.81294+00,24237637,19369505
1788948162.819272,1985264,1990596,public,customer,pk_customer,96245784,2026-09-09 10:02:42.815083+00,96435839,96309361
1788948162.819272,1985434,1990600,public,company_competitor,pk_company_competitor,24770891,2026-09-09 10:02:42.76122+00,74312669,0
1788948162.819272,1985548,1990602,public,taxrate,pk_taxrate,18488213,2026-09-09 10:02:42.81294+00,18488220,18485656
1788948162.819272,1985402,1990604,public,trade_request,pk_trade_request,6747636,2026-09-09 10:02:42.793162+00,7073144,6855540
1788948162.819272,1985372,1990607,public,trade,pk_trade,484468662,2026-09-09 10:02:42.815083+00,1085482482,1002687911
1788948162.819272,1985415,1990609,public,trade_type,pk_trade_type,406371,2026-09-09 09:26:35.58092+00,406371,4395
1788948162.819272,1985451,1990611,public,exchange,pk_exchange,388760,2026-09-09 09:26:35.58092+00,388760,385052
1788948162.819272,1985480,1990613,public,industry,pk_industry,84844120,2026-09-09 10:02:42.76122+00,84844120,84669038
1788948162.819272,1985543,1990606,public,status_type,pk_status_type,703226,2026-09-09 09:35:16.238126+00,703226,1575
1788948162.819272,1985351,1990616,public,commission_rate,pk_commission_rate,39560036,2026-09-09 10:02:42.815083+00,69341238,69338789
1788948162.819272,1985440,1990618,public,daily_market,pk_daily_market,2444046026,2026-09-09 10:02:42.76122+00,2387773887,2387404464
1788948162.819272,1985396,1990620,public,trade_history,pk_trade_history,441922148,2026-09-09 10:02:42.76122+00,1257963314,1257618509
1788948162.819272,1985309,1990621,public,holding_summary,pk_holding_summary,211530792,2026-09-09 10:02:42.815083+00,1459355943,1458320365
1788948162.819272,1985512,1990624,public,sector,pk_sector,2361567,2026-09-09 05:14:30.973506+00,2361567,2361567
1788948162.819272,1985402,1990626,public,trade_request,i_tr_s_symb,2378186324,2026-09-09 10:02:42.81294+00,7418032262,7119244813
1788948162.819272,1985315,1990627,public,watch_item,pk_watch_item,19115697,2026-09-09 10:02:42.76122+00,1913305694,60903547
1788948162.819272,1985264,1990629,public,customer,i_c_tax_id,11502738,2026-09-09 10:02:42.76122+00,11502831,11502738
1788948162.819272,1985496,1990630,public,news_item,pk_news_item,49554696,2026-09-09 10:02:42.76122+00,49554947,49546294
1788948162.819272,1985422,1990632,public,company,i_co_name,7147419,2026-09-09 10:02:42.756415+00,7147492,7147419
1788948162.819272,1985517,1990633,public,security,pk_security,2324394014,2026-09-09 10:02:42.815083+00,2324394094,2324204898
1788948162.819272,1985460,1990635,public,financial,pk_financial,24771194,2026-09-09 10:02:42.76122+00,495476718,495423820
1788948162.819272,1985538,1990637,public,address,pk_address,49551569,2026-09-09 10:02:42.76122+00,111414243,111396930
1788948162.819272,1985320,1990639,public,watch_list,pk_watch_list,7366,2026-09-09 09:59:48.702158+00,7366,0
1788948162.819272,1985507,1990641,public,news_xref,pk_news_xref,24783656,2026-09-09 10:02:42.76122+00,49554696,304
1788948162.819272,1985486,1990643,public,last_trade,pk_last_trade,3430638134,2026-09-09 10:02:42.81294+00,3431516242,3430627363
1788948162.819272,1985275,1990645,public,customer_account,i_ca_c_id,23066067,2026-09-09 10:02:42.76122+00,128532601,126626427
1788948162.819272,1985555,1990646,public,zip_code,pk_zip_code,49554100,2026-09-09 10:02:42.76122+00,49554100,49541778
1788948162.819272,1985517,1990648,public,security,i_security,1811749431,2026-09-09 10:02:42.76122+00,2479310299,2479302061
1788948162.819272,1985422,1990649,public,company,pk_company,270783341,2026-09-09 10:02:42.76122+00,4244740753,4244679296
1788948162.819272,1985320,1990651,public,watch_list,i_wl_c_id,19108333,2026-09-09 10:02:42.76122+00,19108333,19108331
1788948162.819272,1985302,1990652,public,holding_history,pk_holding_history,1909712,2026-09-09 10:02:42.756415+00,121485009,121478556
1788948162.819272,1985363,1990654,public,settlement,pk_settlement,372226720,2026-09-09 10:02:42.76122+00,460216382,437657822
1788948162.819272,1985290,1990656,public,holding,i_holding,20370786,2026-09-09 10:02:42.81294+00,505509419,467582597
1788948162.819272,1985440,1990657,public,daily_market,i_dm_s_symb,154,2026-09-09 09:53:48.67171+00,4669827,197055
1788948162.819272,1985372,1990658,public,trade,i_t_st_id,33,2026-09-09 09:24:48.460179+00,17840489,33425
1788948162.819272,1985372,1990659,public,trade,i_t_s_symb,5834231,2026-09-09 10:02:42.76122+00,153746948028,151598532857
1788948162.819272,1985372,1990660,public,trade,i_t_ca_id,51948319,2026-09-09 10:02:42.76122+00,242988195258,240081910051
1788948162.819272,1985302,1990662,public,holding_history,i_hh_t_id,1415200,2026-09-09 10:02:42.756415+00,117692197,117692197
1788948222.901422,1985275,1990584,public,customer_account,pk_customer_account,132005473,2026-09-09 10:03:42.828056+00,132143325,131952487
1788948222.901422,1985325,1990585,public,broker,pk_broker,144046544,2026-09-09 10:03:42.828056+00,144049217,143749810
1788948222.901422,1985343,1990588,public,charge,pk_charge,0,,0,0
1788948222.901422,1985256,1990590,public,account_permission,pk_account_permission,1790587,2026-09-09 10:03:42.828056+00,1790816,1790755
1788948222.901422,1985285,1990592,public,customer_taxrate,pk_customer_taxrate,91083582,2026-09-09 10:03:42.828056+00,18516588,13631401
1788948222.901422,1985335,1990593,public,cash_transaction,pk_cash_transaction,350858238,2026-09-09 10:03:42.828056+00,427021269,423543252
1788948222.901422,1985290,1990597,public,holding,pk_holding,19384202,2026-09-09 10:03:42.818881+00,24251428,19383165
1788948222.901422,1985264,1990596,public,customer,pk_customer,96308024,2026-09-09 10:03:42.828056+00,96498079,96371598
1788948222.901422,1985434,1990600,public,company_competitor,pk_company_competitor,24786644,2026-09-09 10:03:42.828056+00,74359928,0
1788948222.901422,1985548,1990602,public,taxrate,pk_taxrate,18500445,2026-09-09 10:03:42.828056+00,18500452,18497886
1788948222.901422,1985402,1990604,public,trade_request,pk_trade_request,6752201,2026-09-09 10:03:42.818881+00,7077709,6860105
1788948222.901422,1985372,1990607,public,trade,pk_trade,484786725,2026-09-09 10:03:42.828056+00,1085856882,1003005874
1788948222.901422,1985415,1990609,public,trade_type,pk_trade_type,406371,2026-09-09 09:26:35.58092+00,406371,4395
1788948222.901422,1985451,1990611,public,exchange,pk_exchange,388760,2026-09-09 09:26:35.58092+00,388760,385052
1788948222.901422,1985480,1990613,public,industry,pk_industry,84891445,2026-09-09 10:03:42.828056+00,84891445,84716297
1788948222.901422,1985543,1990606,public,status_type,pk_status_type,703226,2026-09-09 09:35:16.238126+00,703226,1575
1788948222.901422,1985351,1990616,public,commission_rate,pk_commission_rate,39586178,2026-09-09 10:03:42.828056+00,69386823,69384370
1788948222.901422,1985440,1990618,public,daily_market,pk_daily_market,2445616420,2026-09-09 10:03:42.828056+00,2389308326,2388938645
1788948222.901422,1985396,1990620,public,trade_history,pk_trade_history,442203150,2026-09-09 10:03:42.828056+00,1258632715,1258287905
1788948222.901422,1985309,1990621,public,holding_summary,pk_holding_summary,211668202,2026-09-09 10:03:42.828056+00,1460285764,1459249952
1788948222.901422,1985512,1990624,public,sector,pk_sector,2361567,2026-09-09 05:14:30.973506+00,2361567,2361567
1788948222.901422,1985402,1990626,public,trade_request,i_tr_s_symb,2379787098,2026-09-09 10:03:42.828056+00,7423456683,7124473440
1788948222.901422,1985315,1990627,public,watch_item,pk_watch_item,19127921,2026-09-09 10:03:42.828056+00,1914534910,60971990
1788948222.901422,1985264,1990629,public,customer,i_c_tax_id,11510103,2026-09-09 10:03:42.828056+00,11510196,11510103
1788948222.901422,1985496,1990630,public,news_item,pk_news_item,49586202,2026-09-09 10:03:42.828056+00,49586453,49577800
1788948222.901422,1985422,1990632,public,company,i_co_name,7151937,2026-09-09 10:03:42.828056+00,7152010,7151937
1788948222.901422,1985517,1990633,public,security,pk_security,2325787335,2026-09-09 10:03:42.828056+00,2325787415,2325598134
1788948222.901422,1985460,1990635,public,financial,pk_financial,24786947,2026-09-09 10:03:42.828056+00,495791778,495738880
1788948222.901422,1985538,1990637,public,address,pk_address,49583075,2026-09-09 10:03:42.828056+00,111484992,111467679
1788948222.901422,1985320,1990639,public,watch_list,pk_watch_list,7366,2026-09-09 09:59:48.702158+00,7366,0
1788948222.901422,1985507,1990641,public,news_xref,pk_news_xref,24799409,2026-09-09 10:03:42.828056+00,49586202,304
1788948222.901422,1985486,1990643,public,last_trade,pk_last_trade,3432836240,2026-09-09 10:03:42.828056+00,3433714348,3432825431
1788948222.901422,1985275,1990645,public,customer_account,i_ca_c_id,23080752,2026-09-09 10:03:42.828056+00,128613554,126707304
1788948222.901422,1985555,1990646,public,zip_code,pk_zip_code,49585606,2026-09-09 10:03:42.828056+00,49585606,49573284
1788948222.901422,1985517,1990648,public,security,i_security,1812933135,2026-09-09 10:03:42.828056+00,2480930766,2480922528
1788948222.901422,1985422,1990649,public,company,pk_company,270854346,2026-09-09 10:03:42.828056+00,4247425712,4247364255
1788948222.901422,1985320,1990651,public,watch_list,i_wl_c_id,19120557,2026-09-09 10:03:42.828056+00,19120557,19120555
1788948222.901422,1985302,1990652,public,holding_history,pk_holding_history,1910929,2026-09-09 10:03:42.751664+00,121488702,121482249
1788948222.901422,1985363,1990654,public,settlement,pk_settlement,372463516,2026-09-09 10:03:42.828056+00,460453424,437894618
1788948222.901422,1985290,1990656,public,holding,i_holding,20384441,2026-09-09 10:03:42.828056+00,505846614,467912763
1788948222.901422,1985440,1990657,public,daily_market,i_dm_s_symb,154,2026-09-09 09:53:48.67171+00,4669827,197055
1788948222.901422,1985372,1990658,public,trade,i_t_st_id,33,2026-09-09 09:24:48.460179+00,17840489,33425
1788948222.901422,1985372,1990659,public,trade,i_t_s_symb,5837599,2026-09-09 10:03:42.828056+00,153851252832,151700967264
1788948222.901422,1985372,1990660,public,trade,i_t_ca_id,51981544,2026-09-09 10:03:42.828056+00,243158100785,240249367642
1788948222.901422,1985302,1990662,public,holding_history,i_hh_t_id,1416135,2026-09-09 10:03:42.751664+00,117693414,117693414
1788948283.037061,1985275,1990584,public,customer_account,pk_customer_account,132092143,2026-09-09 10:04:43.03405+00,132229997,132039122
1788948283.037061,1985325,1990585,public,broker,pk_broker,144367182,2026-09-09 10:04:43.03405+00,144369855,144070125
1788948283.037061,1985343,1990588,public,charge,pk_charge,0,,0,0
1788948283.037061,1985256,1990590,public,account_permission,pk_account_permission,1791687,2026-09-09 10:04:42.953641+00,1791916,1791855
1788948283.037061,1985285,1990592,public,customer_taxrate,pk_customer_taxrate,91146691,2026-09-09 10:04:43.03405+00,18529442,13643817
1788948283.037061,1985335,1990593,public,cash_transaction,pk_cash_transaction,351081620,2026-09-09 10:04:43.03405+00,427241322,423762396
1788948283.037061,1985290,1990597,public,holding,pk_holding,19397767,2026-09-09 10:04:42.909253+00,24265110,19396727
1788948283.037061,1985264,1990596,public,customer,pk_customer,96370555,2026-09-09 10:04:43.03405+00,96560610,96434124
1788948283.037061,1985434,1990600,public,company_competitor,pk_company_competitor,24802455,2026-09-09 10:04:43.03405+00,74407361,0
1788948283.037061,1985548,1990602,public,taxrate,pk_taxrate,18513262,2026-09-09 10:04:43.03405+00,18513269,18510702
1788948283.037061,1985402,1990604,public,trade_request,pk_trade_request,6756608,2026-09-09 10:04:42.909253+00,7082116,6864512
1788948283.037061,1985372,1990607,public,trade,pk_trade,485103583,2026-09-09 10:04:43.03405+00,1086229935,1003322610
1788948283.037061,1985415,1990609,public,trade_type,pk_trade_type,406371,2026-09-09 09:26:35.58092+00,406371,4395
1788948283.037061,1985451,1990611,public,exchange,pk_exchange,388760,2026-09-09 09:26:35.58092+00,388760,385052
1788948283.037061,1985480,1990613,public,industry,pk_industry,84938952,2026-09-09 10:04:43.03405+00,84938952,84763730
1788948283.037061,1985543,1990606,public,status_type,pk_status_type,703226,2026-09-09 09:35:16.238126+00,703226,1575
1788948283.037061,1985351,1990616,public,commission_rate,pk_commission_rate,39612463,2026-09-09 10:04:43.03405+00,69432697,69430239
1788948283.037061,1985440,1990618,public,daily_market,pk_daily_market,2447161836,2026-09-09 10:04:43.03405+00,2390818111,2390448203
1788948283.037061,1985396,1990620,public,trade_history,pk_trade_history,442484360,2026-09-09 10:04:43.03405+00,1259302376,1258957562
1788948283.037061,1985309,1990621,public,holding_summary,pk_holding_summary,211806128,2026-09-09 10:04:43.03405+00,1461220526,1460184447
1788948283.037061,1985512,1990624,public,sector,pk_sector,2361567,2026-09-09 05:14:30.973506+00,2361567,2361567
1788948283.037061,1985402,1990626,public,trade_request,i_tr_s_symb,2381398675,2026-09-09 10:04:43.03405+00,7428904792,7129739613
1788948283.037061,1985315,1990627,public,watch_item,pk_watch_item,19139956,2026-09-09 10:04:43.03405+00,1915737293,61035188
1788948283.037061,1985264,1990629,public,customer,i_c_tax_id,11517430,2026-09-09 10:04:43.03405+00,11517523,11517430
1788948283.037061,1985496,1990630,public,news_item,pk_news_item,49617824,2026-09-09 10:04:43.03405+00,49618075,49609422
1788948283.037061,1985422,1990632,public,company,i_co_name,7156440,2026-09-09 10:04:43.03405+00,7156513,7156440
1788948283.037061,1985517,1990633,public,security,pk_security,2327157176,2026-09-09 10:04:43.03405+00,2327157256,2326967869
1788948283.037061,1985460,1990635,public,financial,pk_financial,24802758,2026-09-09 10:04:43.03405+00,496107998,496055100
1788948283.037061,1985538,1990637,public,address,pk_address,49614697,2026-09-09 10:04:43.03405+00,111555966,111538653
1788948283.037061,1985320,1990639,public,watch_list,pk_watch_list,7366,2026-09-09 09:59:48.702158+00,7366,0
1788948283.037061,1985507,1990641,public,news_xref,pk_news_xref,24815220,2026-09-09 10:04:43.03405+00,49617824,304
1788948283.037061,1985486,1990643,public,last_trade,pk_last_trade,3435013467,2026-09-09 10:04:43.03405+00,3435891575,3435002623
1788948283.037061,1985275,1990645,public,customer_account,i_ca_c_id,23095534,2026-09-09 10:04:43.03405+00,128694475,126788135
1788948283.037061,1985555,1990646,public,zip_code,pk_zip_code,49617228,2026-09-09 10:04:43.03405+00,49617228,49604906
1788948283.037061,1985517,1990648,public,security,i_security,1814126051,2026-09-09 10:04:43.03405+00,2482563617,2482555379
1788948283.037061,1985422,1990649,public,company,pk_company,270925620,2026-09-09 10:04:43.03405+00,4250080952,4250019495
1788948283.037061,1985320,1990651,public,watch_list,i_wl_c_id,19132592,2026-09-09 10:04:43.03405+00,19132592,19132590
1788948283.037061,1985302,1990652,public,holding_history,pk_holding_history,1912150,2026-09-09 10:04:42.935672+00,121492431,121485978
1788948283.037061,1985363,1990654,public,settlement,pk_settlement,372700776,2026-09-09 10:04:43.03405+00,460690875,438131878
1788948283.037061,1985290,1990656,public,holding,i_holding,20398258,2026-09-09 10:04:43.03405+00,506179959,468238587
1788948283.037061,1985440,1990657,public,daily_market,i_dm_s_symb,154,2026-09-09 09:53:48.67171+00,4669827,197055
1788948283.037061,1985372,1990658,public,trade,i_t_st_id,33,2026-09-09 09:24:48.460179+00,17840489,33425
1788948283.037061,1985372,1990659,public,trade,i_t_s_symb,5841029,2026-09-09 10:04:43.03405+00,153956818582,151804637600
1788948283.037061,1985372,1990660,public,trade,i_t_ca_id,52014779,2026-09-09 10:04:43.03405+00,243328680992,240417487706
1788948283.037061,1985302,1990662,public,holding_history,i_hh_t_id,1417063,2026-09-09 10:04:42.935672+00,117694635,117694635
1788948342.202654,1985275,1990584,public,customer_account,pk_customer_account,132176859,2026-09-09 10:05:42.189158+00,132314717,132123805
1788948342.202654,1985325,1990585,public,broker,pk_broker,144682854,2026-09-09 10:05:42.189158+00,144685527,144385486
1788948342.202654,1985343,1990588,public,charge,pk_charge,0,,0,0
1788948342.202654,1985256,1990590,public,account_permission,pk_account_permission,1792831,2026-09-09 10:05:42.111017+00,1793060,1792999
1788948342.202654,1985285,1990592,public,customer_taxrate,pk_customer_taxrate,91206749,2026-09-09 10:05:42.17584+00,18541665,13655823
1788948342.202654,1985335,1990593,public,cash_transaction,pk_cash_transaction,351303532,2026-09-09 10:05:42.111017+00,427460000,423980042
1788948342.202654,1985290,1990597,public,holding,pk_holding,19410809,2026-09-09 10:05:42.189158+00,24278295,19409768
1788948342.202654,1985264,1990596,public,customer,pk_customer,96431857,2026-09-09 10:05:42.189158+00,96621912,96495424
1788948342.202654,1985434,1990600,public,company_competitor,pk_company_competitor,24818018,2026-09-09 10:05:42.111017+00,74454050,0
1788948342.202654,1985548,1990602,public,taxrate,pk_taxrate,18525446,2026-09-09 10:05:42.17584+00,18525453,18522886
1788948342.202654,1985402,1990604,public,trade_request,pk_trade_request,6760961,2026-09-09 10:05:42.189158+00,7086469,6868865
1788948342.202654,1985372,1990607,public,trade,pk_trade,485417221,2026-09-09 10:05:42.189158+00,1086598198,1003636126
1788948342.202654,1985415,1990609,public,trade_type,pk_trade_type,406371,2026-09-09 09:26:35.58092+00,406371,4395
1788948342.202654,1985451,1990611,public,exchange,pk_exchange,388760,2026-09-09 09:26:35.58092+00,388760,385052
1788948342.202654,1985480,1990613,public,industry,pk_industry,84985713,2026-09-09 10:05:42.111017+00,84985713,84810419
1788948342.202654,1985543,1990606,public,status_type,pk_status_type,703226,2026-09-09 09:35:16.238126+00,703226,1575
1788948342.202654,1985351,1990616,public,commission_rate,pk_commission_rate,39638155,2026-09-09 10:05:42.189158+00,69477568,69475107
1788948342.202654,1985440,1990618,public,daily_market,pk_daily_market,2448692466,2026-09-09 10:05:42.111017+00,2392313555,2391943401
1788948342.202654,1985396,1990620,public,trade_history,pk_trade_history,442762199,2026-09-09 10:05:42.111017+00,1259963595,1259618777
1788948342.202654,1985309,1990621,public,holding_summary,pk_holding_summary,211941582,2026-09-09 10:05:42.189158+00,1462142071,1461105732
1788948342.202654,1985512,1990624,public,sector,pk_sector,2361567,2026-09-09 05:14:30.973506+00,2361567,2361567
1788948342.202654,1985402,1990626,public,trade_request,i_tr_s_symb,2382944769,2026-09-09 10:05:42.189158+00,7434155769,7134825967
1788948342.202654,1985315,1990627,public,watch_item,pk_watch_item,19151912,2026-09-09 10:05:42.111017+00,1916935502,61099275
1788948342.202654,1985264,1990629,public,customer,i_c_tax_id,11524614,2026-09-09 10:05:42.111017+00,11524707,11524614
1788948342.202654,1985496,1990630,public,news_item,pk_news_item,49648950,2026-09-09 10:05:42.111017+00,49649201,49640548
1788948342.202654,1985422,1990632,public,company,i_co_name,7160869,2026-09-09 10:05:42.111017+00,7160942,7160869
1788948342.202654,1985517,1990633,public,security,pk_security,2328514034,2026-09-09 10:05:42.189158+00,2328514114,2328324649
1788948342.202654,1985460,1990635,public,financial,pk_financial,24818321,2026-09-09 10:05:42.111017+00,496419258,496366360
1788948342.202654,1985538,1990637,public,address,pk_address,49645823,2026-09-09 10:05:42.111017+00,111625983,111608670
1788948342.202654,1985320,1990639,public,watch_list,pk_watch_list,7366,2026-09-09 09:59:48.702158+00,7366,0
1788948342.202654,1985507,1990641,public,news_xref,pk_news_xref,24830783,2026-09-09 10:05:42.111017+00,49648950,304
1788948342.202654,1985486,1990643,public,last_trade,pk_last_trade,3437167154,2026-09-09 10:05:42.189158+00,3438045262,3437156293
1788948342.202654,1985275,1990645,public,customer_account,i_ca_c_id,23110045,2026-09-09 10:05:42.111017+00,128774279,126867850
1788948342.202654,1985555,1990646,public,zip_code,pk_zip_code,49648354,2026-09-09 10:05:42.111017+00,49648354,49636032
1788948342.202654,1985517,1990648,public,security,i_security,1815267915,2026-09-09 10:05:42.111017+00,2484124885,2484116647
1788948342.202654,1985422,1990649,public,company,pk_company,270995708,2026-09-09 10:05:42.111017+00,4252577569,4252516112
1788948342.202654,1985320,1990651,public,watch_list,i_wl_c_id,19144548,2026-09-09 10:05:42.111017+00,19144548,19144546
1788948342.202654,1985302,1990652,public,holding_history,pk_holding_history,1913294,2026-09-09 10:05:42.015676+00,121495864,121489411
1788948342.202654,1985363,1990654,public,settlement,pk_settlement,372934225,2026-09-09 10:05:42.111017+00,460924544,438365327
1788948342.202654,1985290,1990656,public,holding,i_holding,20411555,2026-09-09 10:05:42.189158+00,506504402,468555300
1788948342.202654,1985440,1990657,public,daily_market,i_dm_s_symb,154,2026-09-09 09:53:48.67171+00,4669827,197055
1788948342.202654,1985372,1990658,public,trade,i_t_st_id,33,2026-09-09 09:24:48.460179+00,17840489,33425
1788948342.202654,1985372,1990659,public,trade,i_t_s_symb,5844431,2026-09-09 10:05:42.111017+00,154061832011,151907767739
1788948342.202654,1985372,1990660,public,trade,i_t_ca_id,52047345,2026-09-09 10:05:42.111017+00,243495806902,240582199278
1788948342.202654,1985302,1990662,public,holding_history,i_hh_t_id,1417921,2026-09-09 10:05:42.015676+00,117695779,117695779
1788948402.308649,1985275,1990584,public,customer_account,pk_customer_account,132263472,2026-09-09 10:06:42.290042+00,132401334,132210383
1788948402.308649,1985325,1990585,public,broker,pk_broker,145004431,2026-09-09 10:06:42.290042+00,145007104,144706761
1788948402.308649,1985343,1990588,public,charge,pk_charge,0,,0,0
1788948402.308649,1985256,1990590,public,account_permission,pk_account_permission,1793972,2026-09-09 10:06:41.963114+00,1794201,1794140
1788948402.308649,1985285,1990592,public,customer_taxrate,pk_customer_taxrate,91267115,2026-09-09 10:06:42.290042+00,18554043,13667914
1788948402.308649,1985335,1990593,public,cash_transaction,pk_cash_transaction,351526400,2026-09-09 10:06:42.272054+00,427679453,424198635
1788948402.308649,1985290,1990597,public,holding,pk_holding,19424404,2026-09-09 10:06:42.290042+00,24292026,19423361
1788948402.308649,1985264,1990596,public,customer,pk_customer,96494496,2026-09-09 10:06:42.290042+00,96684551,96558061
1788948402.308649,1985434,1990600,public,company_competitor,pk_company_competitor,24833927,2026-09-09 10:06:42.272054+00,74501777,0
1788948402.308649,1985548,1990602,public,taxrate,pk_taxrate,18537785,2026-09-09 10:06:42.290042+00,18537792,18535225
1788948402.308649,1985402,1990604,public,trade_request,pk_trade_request,6765437,2026-09-09 10:06:42.290042+00,7090945,6873341
1788948402.308649,1985372,1990607,public,trade,pk_trade,485731529,2026-09-09 10:06:42.290042+00,1086967762,1003950299
1788948402.308649,1985415,1990609,public,trade_type,pk_trade_type,406371,2026-09-09 09:26:35.58092+00,406371,4395
1788948402.308649,1985451,1990611,public,exchange,pk_exchange,388760,2026-09-09 09:26:35.58092+00,388760,385052
1788948402.308649,1985480,1990613,public,industry,pk_industry,85033512,2026-09-09 10:06:42.272054+00,85033512,84858146
1788948402.308649,1985543,1990606,public,status_type,pk_status_type,703226,2026-09-09 09:35:16.238126+00,703226,1575
1788948402.308649,1985351,1990616,public,commission_rate,pk_commission_rate,39664396,2026-09-09 10:06:42.290042+00,69523605,69521143
1788948402.308649,1985440,1990618,public,daily_market,pk_daily_market,2450265678,2026-09-09 10:06:42.272054+00,2393850796,2393480412
1788948402.308649,1985396,1990620,public,trade_history,pk_trade_history,443043009,2026-09-09 10:06:42.272054+00,1260631776,1260286951
1788948402.308649,1985309,1990621,public,holding_summary,pk_holding_summary,212080288,2026-09-09 10:06:42.290042+00,1463082347,1462045786
1788948402.308649,1985512,1990624,public,sector,pk_sector,2361567,2026-09-09 05:14:30.973506+00,2361567,2361567
1788948402.308649,1985402,1990626,public,trade_request,i_tr_s_symb,2384537996,2026-09-09 10:06:42.290042+00,7439632413,7140090994
1788948402.308649,1985315,1990627,public,watch_item,pk_watch_item,19164152,2026-09-09 10:06:42.272054+00,1918168571,61169422
1788948402.308649,1985264,1990629,public,customer,i_c_tax_id,11531942,2026-09-09 10:06:42.272054+00,11532035,11531942
1788948402.308649,1985496,1990630,public,news_item,pk_news_item,49680768,2026-09-09 10:06:42.272054+00,49681019,49672366
1788948402.308649,1985422,1990632,public,company,i_co_name,7165442,2026-09-09 10:06:42.272054+00,7165515,7165442
1788948402.308649,1985517,1990633,public,security,pk_security,2329908890,2026-09-09 10:06:42.290042+00,2329908970,2329719393
1788948402.308649,1985460,1990635,public,financial,pk_financial,24834230,2026-09-09 10:06:42.272054+00,496737438,496684540
1788948402.308649,1985538,1990637,public,address,pk_address,49677641,2026-09-09 10:06:42.272054+00,111697661,111680348
1788948402.308649,1985320,1990639,public,watch_list,pk_watch_list,7366,2026-09-09 09:59:48.702158+00,7366,0
1788948402.308649,1985507,1990641,public,news_xref,pk_news_xref,24846692,2026-09-09 10:06:42.272054+00,49680768,304
1788948402.308649,1985486,1990643,public,last_trade,pk_last_trade,3439374849,2026-09-09 10:06:42.290042+00,3440252957,3439363981
1788948402.308649,1985275,1990645,public,customer_account,i_ca_c_id,23124870,2026-09-09 10:06:42.272054+00,128855936,126949403
1788948402.308649,1985555,1990646,public,zip_code,pk_zip_code,49680172,2026-09-09 10:06:42.272054+00,49680172,49667850
1788948402.308649,1985517,1990648,public,security,i_security,1816443891,2026-09-09 10:06:42.272054+00,2485733652,2485725414
1788948402.308649,1985422,1990649,public,company,pk_company,271067215,2026-09-09 10:06:42.272054+00,4255085601,4255024144
1788948402.308649,1985320,1990651,public,watch_list,i_wl_c_id,19156788,2026-09-09 10:06:42.272054+00,19156788,19156786
1788948402.308649,1985302,1990652,public,holding_history,pk_holding_history,1914499,2026-09-09 10:06:42.124008+00,121499489,121493036
1788948402.308649,1985363,1990654,public,settlement,pk_settlement,373173505,2026-09-09 10:06:42.272054+00,461164107,438604607
1788948402.308649,1985290,1990656,public,holding,i_holding,20425157,2026-09-09 10:06:42.290042+00,506839491,468882028
1788948402.308649,1985440,1990657,public,daily_market,i_dm_s_symb,155,2026-09-09 10:05:48.742029+00,4671167,198360
1788948402.308649,1985372,1990658,public,trade,i_t_st_id,33,2026-09-09 09:24:48.460179+00,17840489,33425
1788948402.308649,1985372,1990659,public,trade,i_t_s_symb,5847837,2026-09-09 10:06:42.272054+00,154167005934,152011053577
1788948402.308649,1985372,1990660,public,trade,i_t_ca_id,52080648,2026-09-09 10:06:42.272054+00,243666431784,240750361168
1788948402.308649,1985302,1990662,public,holding_history,i_hh_t_id,1418816,2026-09-09 10:06:42.124008+00,117696984,117696984
1788948462.475550,1985275,1990584,public,customer_account,pk_customer_account,132349563,2026-09-09 10:07:42.480635+00,132487426,132296439
1788948462.475550,1985325,1990585,public,broker,pk_broker,145325945,2026-09-09 10:07:42.480635+00,145328618,145028017
1788948462.475550,1985343,1990588,public,charge,pk_charge,0,,0,0
1788948462.475550,1985256,1990590,public,account_permission,pk_account_permission,1795083,2026-09-09 10:07:42.390053+00,1795312,1795251
1788948462.475550,1985285,1990592,public,customer_taxrate,pk_customer_taxrate,91330808,2026-09-09 10:07:42.480635+00,18566924,13680554
1788948462.475550,1985335,1990593,public,cash_transaction,pk_cash_transaction,351750804,2026-09-09 10:07:42.458695+00,427900411,424418649
1788948462.475550,1985290,1990597,public,holding,pk_holding,19438458,2026-09-09 10:07:42.480635+00,24306210,19437414
1788948462.475550,1985264,1990596,public,customer,pk_customer,96556619,2026-09-09 10:07:42.480635+00,96746674,96620181
1788948462.475550,1985434,1990600,public,company_competitor,pk_company_competitor,24849681,2026-09-09 10:07:42.458695+00,74549039,0
1788948462.475550,1985548,1990602,public,taxrate,pk_taxrate,18550633,2026-09-09 10:07:42.480635+00,18550640,18548072
1788948462.475550,1985402,1990604,public,trade_request,pk_trade_request,6769890,2026-09-09 10:07:42.480635+00,7095398,6877794
1788948462.475550,1985372,1990607,public,trade,pk_trade,486045979,2026-09-09 10:07:42.480635+00,1087337337,1004264641
1788948462.475550,1985415,1990609,public,trade_type,pk_trade_type,406371,2026-09-09 09:26:35.58092+00,406371,4395
1788948462.475550,1985451,1990611,public,exchange,pk_exchange,388760,2026-09-09 09:26:35.58092+00,388760,385052
1788948462.475550,1985480,1990613,public,industry,pk_industry,85080854,2026-09-09 10:07:42.458695+00,85080854,84905408
1788948462.475550,1985543,1990606,public,status_type,pk_status_type,703226,2026-09-09 09:35:16.238126+00,703226,1575
1788948462.475550,1985351,1990616,public,commission_rate,pk_commission_rate,39690383,2026-09-09 10:07:42.480635+00,69569281,69566817
1788948462.475550,1985440,1990618,public,daily_market,pk_daily_market,2451814132,2026-09-09 10:07:42.458695+00,2395363626,2394992996
1788948462.475550,1985396,1990620,public,trade_history,pk_trade_history,443323899,2026-09-09 10:07:42.458695+00,1261300739,1260955910
1788948462.475550,1985309,1990621,public,holding_summary,pk_holding_summary,212217116,2026-09-09 10:07:42.480635+00,1464017846,1462981056
1788948462.475550,1985512,1990624,public,sector,pk_sector,2361567,2026-09-09 05:14:30.973506+00,2361567,2361567
1788948462.475550,1985402,1990626,public,trade_request,i_tr_s_symb,2386135969,2026-09-09 10:07:42.480635+00,7445132874,7145407224
1788948462.475550,1985315,1990627,public,watch_item,pk_watch_item,19176302,2026-09-09 10:07:42.458695+00,1919377309,61235317
1788948462.475550,1985264,1990629,public,customer,i_c_tax_id,11539267,2026-09-09 10:07:42.458695+00,11539360,11539267
1788948462.475550,1985496,1990630,public,news_item,pk_news_item,49712276,2026-09-09 10:07:42.458695+00,49712527,49703874
1788948462.475550,1985422,1990632,public,company,i_co_name,7169959,2026-09-09 10:07:42.438333+00,7170032,7169959
1788948462.475550,1985517,1990633,public,security,pk_security,2331281118,2026-09-09 10:07:42.480635+00,2331281198,2331091538
1788948462.475550,1985460,1990635,public,financial,pk_financial,24849984,2026-09-09 10:07:42.458695+00,497052518,496999620
1788948462.475550,1985538,1990637,public,address,pk_address,49709149,2026-09-09 10:07:42.458695+00,111768733,111751420
1788948462.475550,1985320,1990639,public,watch_list,pk_watch_list,7366,2026-09-09 09:59:48.702158+00,7366,0
1788948462.475550,1985507,1990641,public,news_xref,pk_news_xref,24862446,2026-09-09 10:07:42.458695+00,49712276,304
1788948462.475550,1985486,1990643,public,last_trade,pk_last_trade,3441557040,2026-09-09 10:07:42.480635+00,3442435148,3441546155
1788948462.475550,1985275,1990645,public,customer_account,i_ca_c_id,23139572,2026-09-09 10:07:42.458695+00,128936978,127030317
1788948462.475550,1985555,1990646,public,zip_code,pk_zip_code,49711680,2026-09-09 10:07:42.458695+00,49711680,49699358
1788948462.475550,1985517,1990648,public,security,i_security,1817625732,2026-09-09 10:07:42.458695+00,2487350005,2487341767
1788948462.475550,1985422,1990649,public,company,pk_company,271138282,2026-09-09 10:07:42.458695+00,4257813105,4257751648
1788948462.475550,1985320,1990651,public,watch_list,i_wl_c_id,19168938,2026-09-09 10:07:42.458695+00,19168938,19168936
1788948462.475550,1985302,1990652,public,holding_history,pk_holding_history,1915717,2026-09-09 10:07:42.401185+00,121503132,121496679
1788948462.475550,1985363,1990654,public,settlement,pk_settlement,373410485,2026-09-09 10:07:42.458695+00,461401319,438841587
1788948462.475550,1985290,1990656,public,holding,i_holding,20439157,2026-09-09 10:07:42.480635+00,507184895,469218629
1788948462.475550,1985440,1990657,public,daily_market,i_dm_s_symb,155,2026-09-09 10:05:48.742029+00,4671167,198360
1788948462.475550,1985372,1990658,public,trade,i_t_st_id,33,2026-09-09 09:24:48.460179+00,17840489,33425
1788948462.475550,1985372,1990659,public,trade,i_t_s_symb,5851310,2026-09-09 10:07:42.458695+00,154274885098,152116992827
1788948462.475550,1985372,1990660,public,trade,i_t_ca_id,52113799,2026-09-09 10:07:42.458695+00,243836720719,240918192024
1788948462.475550,1985302,1990662,public,holding_history,i_hh_t_id,1419746,2026-09-09 10:07:42.401185+00,117698202,117698202
1788948522.659652,1985275,1990584,public,customer_account,pk_customer_account,132436777,2026-09-09 10:08:42.661117+00,132574643,132383625
1788948522.659652,1985325,1990585,public,broker,pk_broker,145649090,2026-09-09 10:08:42.661117+00,145651763,145350809
1788948522.659652,1985343,1990588,public,charge,pk_charge,0,,0,0
1788948522.659652,1985256,1990590,public,account_permission,pk_account_permission,1796254,2026-09-09 10:08:42.64295+00,1796483,1796422
1788948522.659652,1985285,1990592,public,customer_taxrate,pk_customer_taxrate,91391635,2026-09-09 10:08:42.661117+00,18579283,13692647
1788948522.659652,1985335,1990593,public,cash_transaction,pk_cash_transaction,351974330,2026-09-09 10:08:42.645163+00,428120470,424637817
1788948522.659652,1985290,1990597,public,holding,pk_holding,19452344,2026-09-09 10:08:42.661117+00,24320219,19451294
1788948522.659652,1985264,1990596,public,customer,pk_customer,96619293,2026-09-09 10:08:42.661117+00,96809348,96682854
1788948522.659652,1985434,1990600,public,company_competitor,pk_company_competitor,24865598,2026-09-09 10:08:42.645163+00,74596790,0
1788948522.659652,1985548,1990602,public,taxrate,pk_taxrate,18562941,2026-09-09 10:08:42.661117+00,18562948,18560378
1788948522.659652,1985402,1990604,public,trade_request,pk_trade_request,6774575,2026-09-09 10:08:42.661117+00,7100083,6882479
1788948522.659652,1985372,1990607,public,trade,pk_trade,486365418,2026-09-09 10:08:42.661117+00,1087713838,1004583961
1788948522.659652,1985415,1990609,public,trade_type,pk_trade_type,406371,2026-09-09 09:26:35.58092+00,406371,4395
1788948522.659652,1985451,1990611,public,exchange,pk_exchange,388760,2026-09-09 09:26:35.58092+00,388760,385052
1788948522.659652,1985480,1990613,public,industry,pk_industry,85128679,2026-09-09 10:08:42.645163+00,85128679,84953159
1788948522.659652,1985543,1990606,public,status_type,pk_status_type,703226,2026-09-09 09:35:16.238126+00,703226,1575
1788948522.659652,1985351,1990616,public,commission_rate,pk_commission_rate,39716805,2026-09-09 10:08:42.661117+00,69615506,69613039
1788948522.659652,1985440,1990618,public,daily_market,pk_daily_market,2453377350,2026-09-09 10:08:42.645163+00,2396890610,2396519720
1788948522.659652,1985396,1990620,public,trade_history,pk_trade_history,443605779,2026-09-09 10:08:42.645163+00,1261971902,1261627066
1788948522.659652,1985309,1990621,public,holding_summary,pk_holding_summary,212356154,2026-09-09 10:08:42.661117+00,1464961188,1463924172
1788948522.659652,1985512,1990624,public,sector,pk_sector,2361567,2026-09-09 05:14:30.973506+00,2361567,2361567
1788948522.659652,1985402,1990626,public,trade_request,i_tr_s_symb,2387743492,2026-09-09 10:08:42.661117+00,7450669557,7150736652
1788948522.659652,1985315,1990627,public,watch_item,pk_watch_item,19188578,2026-09-09 10:08:42.645163+00,1920601791,61302398
1788948522.659652,1985264,1990629,public,customer,i_c_tax_id,11546571,2026-09-09 10:08:42.645163+00,11546664,11546571
1788948522.659652,1985496,1990630,public,news_item,pk_news_item,49744110,2026-09-09 10:08:42.645163+00,49744361,49735708
1788948522.659652,1985422,1990632,public,company,i_co_name,7174523,2026-09-09 10:08:42.645163+00,7174596,7174523
1788948522.659652,1985517,1990633,public,security,pk_security,2332665641,2026-09-09 10:08:42.661117+00,2332665721,2332475956
1788948522.659652,1985460,1990635,public,financial,pk_financial,24865903,2026-09-09 10:08:42.645163+00,497370918,497318000
1788948522.659652,1985538,1990637,public,address,pk_address,49740983,2026-09-09 10:08:42.645163+00,111840278,111822965
1788948522.659652,1985320,1990639,public,watch_list,pk_watch_list,7366,2026-09-09 09:59:48.702158+00,7366,0
1788948522.659652,1985507,1990641,public,news_xref,pk_news_xref,24878363,2026-09-09 10:08:42.645163+00,49744110,304
1788948522.659652,1985486,1990643,public,last_trade,pk_last_trade,3443758263,2026-09-09 10:08:42.661117+00,3444636371,3443747374
1788948522.659652,1985275,1990645,public,customer_account,i_ca_c_id,23154364,2026-09-09 10:08:42.645163+00,129018753,127111994
1788948522.659652,1985555,1990646,public,zip_code,pk_zip_code,49743514,2026-09-09 10:08:42.645163+00,49743514,49731192
1788948522.659652,1985517,1990648,public,security,i_security,1818810273,2026-09-09 10:08:42.645163+00,2488971340,2488963102
1788948522.659652,1985422,1990649,public,company,pk_company,271209951,2026-09-09 10:08:42.645163+00,4260448748,4260387291
1788948522.659652,1985320,1990651,public,watch_list,i_wl_c_id,19181214,2026-09-09 10:08:42.645163+00,19181214,19181212
1788948522.659652,1985302,1990652,public,holding_history,pk_holding_history,1916942,2026-09-09 10:08:42.64295+00,121506900,121500447
1788948522.659652,1985363,1990654,public,settlement,pk_settlement,373649905,2026-09-09 10:08:42.645163+00,461640933,439081007
1788948522.659652,1985290,1990656,public,holding,i_holding,20452945,2026-09-09 10:08:42.661117+00,507536321,469561165
1788948522.659652,1985440,1990657,public,daily_market,i_dm_s_symb,155,2026-09-09 10:05:48.742029+00,4671167,198360
1788948522.659652,1985372,1990658,public,trade,i_t_st_id,33,2026-09-09 09:24:48.460179+00,17840489,33425
1788948522.659652,1985372,1990659,public,trade,i_t_s_symb,5854768,2026-09-09 10:08:42.645163+00,154381984556,152222165982
1788948522.659652,1985372,1990660,public,trade,i_t_ca_id,52147001,2026-09-09 10:08:42.645163+00,244006135574,241085160971
1788948522.659652,1985302,1990662,public,holding_history,i_hh_t_id,1420648,2026-09-09 10:08:42.64295+00,117699427,117699427
1788948582.820129,1985275,1990584,public,customer_account,pk_customer_account,132522281,2026-09-09 10:09:42.83546+00,132660148,132469095
1788948582.820129,1985325,1990585,public,broker,pk_broker,145966153,2026-09-09 10:09:42.83546+00,145968826,145667635
1788948582.820129,1985343,1990588,public,charge,pk_charge,0,,0,0
1788948582.820129,1985256,1990590,public,account_permission,pk_account_permission,1797384,2026-09-09 10:09:42.747079+00,1797613,1797552
1788948582.820129,1985285,1990592,public,customer_taxrate,pk_customer_taxrate,91454325,2026-09-09 10:09:42.83546+00,18591944,13705040
1788948582.820129,1985335,1990593,public,cash_transaction,pk_cash_transaction,352198210,2026-09-09 10:09:42.83546+00,428340822,424857214
1788948582.820129,1985290,1990597,public,holding,pk_holding,19466027,2026-09-09 10:09:42.477055+00,24334037,19464976
1788948582.820129,1985264,1990596,public,customer,pk_customer,96681058,2026-09-09 10:09:42.83546+00,96871113,96744614
1788948582.820129,1985434,1990600,public,company_competitor,pk_company_competitor,24881253,2026-09-09 10:09:42.83546+00,74643755,0
1788948582.820129,1985548,1990602,public,taxrate,pk_taxrate,18575558,2026-09-09 10:09:42.83546+00,18575565,18572995
1788948582.820129,1985402,1990604,public,trade_request,pk_trade_request,6779000,2026-09-09 10:09:42.477055+00,7104508,6886904
1788948582.820129,1985372,1990607,public,trade,pk_trade,486677617,2026-09-09 10:09:42.83546+00,1088080379,1004896058
1788948582.820129,1985415,1990609,public,trade_type,pk_trade_type,406371,2026-09-09 09:26:35.58092+00,406371,4395
1788948582.820129,1985451,1990611,public,exchange,pk_exchange,388760,2026-09-09 09:26:35.58092+00,388760,385052
1788948582.820129,1985480,1990613,public,industry,pk_industry,85175720,2026-09-09 10:09:42.83546+00,85175720,85000124
1788948582.820129,1985543,1990606,public,status_type,pk_status_type,703226,2026-09-09 09:35:16.238126+00,703226,1575
1788948582.820129,1985351,1990616,public,commission_rate,pk_commission_rate,39742520,2026-09-09 10:09:42.83546+00,69660540,69658066
1788948582.820129,1985440,1990618,public,daily_market,pk_daily_market,2454927490,2026-09-09 10:09:42.83546+00,2398405074,2398033931
1788948582.820129,1985396,1990620,public,trade_history,pk_trade_history,443885809,2026-09-09 10:09:42.83546+00,1262638977,1262294140
1788948582.820129,1985309,1990621,public,holding_summary,pk_holding_summary,212492441,2026-09-09 10:09:42.83546+00,1465895715,1464858512
1788948582.820129,1985512,1990624,public,sector,pk_sector,2361567,2026-09-09 05:14:30.973506+00,2361567,2361567
1788948582.820129,1985402,1990626,public,trade_request,i_tr_s_symb,2389334566,2026-09-09 10:09:42.83546+00,7456121681,7155989492
1788948582.820129,1985315,1990627,public,watch_item,pk_watch_item,19200704,2026-09-09 10:09:42.83546+00,1921813523,61370370
1788948582.820129,1985264,1990629,public,customer,i_c_tax_id,11553756,2026-09-09 10:09:42.83546+00,11553849,11553756
1788948582.820129,1985496,1990630,public,news_item,pk_news_item,49775424,2026-09-09 10:09:42.83546+00,49775675,49767021
1788948582.820129,1985422,1990632,public,company,i_co_name,7179055,2026-09-09 10:09:42.83546+00,7179128,7179055
1788948582.820129,1985517,1990633,public,security,pk_security,2334039887,2026-09-09 10:09:42.83546+00,2334039967,2333850093
1788948582.820129,1985460,1990635,public,financial,pk_financial,24881558,2026-09-09 10:09:42.83546+00,497684018,497631100
1788948582.820129,1985538,1990637,public,address,pk_address,49772293,2026-09-09 10:09:42.83546+00,111910874,111893561
1788948582.820129,1985320,1990639,public,watch_list,pk_watch_list,7366,2026-09-09 09:59:48.702158+00,7366,0
1788948582.820129,1985507,1990641,public,news_xref,pk_news_xref,24894021,2026-09-09 10:09:42.83546+00,49775424,306
1788948582.820129,1985486,1990643,public,last_trade,pk_last_trade,3445942114,2026-09-09 10:09:42.83546+00,3446820222,3445931225
1788948582.820129,1985275,1990645,public,customer_account,i_ca_c_id,23169026,2026-09-09 10:09:42.83546+00,129099624,127192767
1788948582.820129,1985555,1990646,public,zip_code,pk_zip_code,49774824,2026-09-09 10:09:42.83546+00,49774824,49762502
1788948582.820129,1985517,1990648,public,security,i_security,1819985873,2026-09-09 10:09:42.83546+00,2490580208,2490571970
1788948582.820129,1985422,1990649,public,company,pk_company,271280479,2026-09-09 10:09:42.83546+00,4263103242,4263041785
1788948582.820129,1985320,1990651,public,watch_list,i_wl_c_id,19193340,2026-09-09 10:09:42.83546+00,19193340,19193338
1788948582.820129,1985302,1990652,public,holding_history,pk_holding_history,1918073,2026-09-09 10:09:42.83546+00,121510307,121503854
1788948582.820129,1985363,1990654,public,settlement,pk_settlement,373885625,2026-09-09 10:09:42.83546+00,461876859,439316727
1788948582.820129,1985290,1990656,public,holding,i_holding,20466653,2026-09-09 10:09:42.83546+00,507876910,469892827
1788948582.820129,1985440,1990657,public,daily_market,i_dm_s_symb,155,2026-09-09 10:05:48.742029+00,4671167,198360
1788948582.820129,1985372,1990658,public,trade,i_t_st_id,33,2026-09-09 09:24:48.460179+00,17840489,33425
1788948582.820129,1985372,1990659,public,trade,i_t_s_symb,5858327,2026-09-09 10:09:42.83546+00,154492223261,152330420355
1788948582.820129,1985372,1990660,public,trade,i_t_ca_id,52179910,2026-09-09 10:09:42.83546+00,244174127463,241250734227
1788948582.820129,1985302,1990662,public,holding_history,i_hh_t_id,1421522,2026-09-09 10:09:42.83546+00,117700558,117700558
1788948642.983693,1985275,1990584,public,customer_account,pk_customer_account,132609271,2026-09-09 10:10:42.951682+00,132747140,132556047
1788948642.983693,1985325,1990585,public,broker,pk_broker,146286987,2026-09-09 10:10:42.951682+00,146289660,145988199
1788948642.983693,1985343,1990588,public,charge,pk_charge,0,,0,0
1788948642.983693,1985256,1990590,public,account_permission,pk_account_permission,1798528,2026-09-09 10:10:42.906554+00,1798757,1798696
1788948642.983693,1985285,1990592,public,customer_taxrate,pk_customer_taxrate,91517616,2026-09-09 10:10:42.951682+00,18604779,13717642
1788948642.983693,1985335,1990593,public,cash_transaction,pk_cash_transaction,352422314,2026-09-09 10:10:42.951682+00,428561409,425076898
1788948642.983693,1985290,1990597,public,holding,pk_holding,19479723,2026-09-09 10:10:42.922331+00,24347904,19478668
1788948642.983693,1985264,1990596,public,customer,pk_customer,96743790,2026-09-09 10:10:42.951682+00,96933845,96807345
1788948642.983693,1985434,1990600,public,company_competitor,pk_company_competitor,24897143,2026-09-09 10:10:42.951682+00,74691425,0
1788948642.983693,1985548,1990602,public,taxrate,pk_taxrate,18588365,2026-09-09 10:10:42.951682+00,18588372,18585800
1788948642.983693,1985402,1990604,public,trade_request,pk_trade_request,6783519,2026-09-09 10:10:42.922331+00,7109027,6891423
1788948642.983693,1985372,1990607,public,trade,pk_trade,486997330,2026-09-09 10:10:42.951682+00,1088456716,1005215678
1788948642.983693,1985415,1990609,public,trade_type,pk_trade_type,406371,2026-09-09 09:26:35.58092+00,406371,4395
1788948642.983693,1985451,1990611,public,exchange,pk_exchange,388760,2026-09-09 09:26:35.58092+00,388760,385052
1788948642.983693,1985480,1990613,public,industry,pk_industry,85223458,2026-09-09 10:10:42.951682+00,85223458,85047794
1788948642.983693,1985543,1990606,public,status_type,pk_status_type,703226,2026-09-09 09:35:16.238126+00,703226,1575
1788948642.983693,1985351,1990616,public,commission_rate,pk_commission_rate,39768938,2026-09-09 10:10:42.951682+00,69706872,69704393
1788948642.983693,1985440,1990618,public,daily_market,pk_daily_market,2456486045,2026-09-09 10:10:42.951682+00,2399927614,2399556239
1788948642.983693,1985396,1990620,public,trade_history,pk_trade_history,444167737,2026-09-09 10:10:42.951682+00,1263310436,1262965591
1788948642.983693,1985309,1990621,public,holding_summary,pk_holding_summary,212630555,2026-09-09 10:10:42.951682+00,1466832006,1465794508
1788948642.983693,1985512,1990624,public,sector,pk_sector,2361567,2026-09-09 05:14:30.973506+00,2361567,2361567
1788948642.983693,1985402,1990626,public,trade_request,i_tr_s_symb,2390971120,2026-09-09 10:10:42.951682+00,7461738888,7161420415
1788948642.983693,1985315,1990627,public,watch_item,pk_watch_item,19212891,2026-09-09 10:10:42.951682+00,1923029983,61434599
1788948642.983693,1985264,1990629,public,customer,i_c_tax_id,11561228,2026-09-09 10:10:42.906554+00,11561321,11561228
1788948642.983693,1985496,1990630,public,news_item,pk_news_item,49807204,2026-09-09 10:10:42.951682+00,49807455,49798801
1788948642.983693,1985422,1990632,public,company,i_co_name,7183700,2026-09-09 10:10:42.951682+00,7183773,7183700
1788948642.983693,1985517,1990633,public,security,pk_security,2335421081,2026-09-09 10:10:42.951682+00,2335421161,2335231184
1788948642.983693,1985460,1990635,public,financial,pk_financial,24897448,2026-09-09 10:10:42.951682+00,498001818,497948900
1788948642.983693,1985538,1990637,public,address,pk_address,49804073,2026-09-09 10:10:42.951682+00,111982377,111965064
1788948642.983693,1985320,1990639,public,watch_list,pk_watch_list,7366,2026-09-09 09:59:48.702158+00,7366,0
1788948642.983693,1985507,1990641,public,news_xref,pk_news_xref,24909911,2026-09-09 10:10:42.951682+00,49807204,306
1788948642.983693,1985486,1990643,public,last_trade,pk_last_trade,3448132287,2026-09-09 10:10:42.951682+00,3449010395,3448121398
1788948642.983693,1985275,1990645,public,customer_account,i_ca_c_id,23183836,2026-09-09 10:10:42.951682+00,129180636,127273663
1788948642.983693,1985555,1990646,public,zip_code,pk_zip_code,49806604,2026-09-09 10:10:42.951682+00,49806604,49794282
1788948642.983693,1985517,1990648,public,security,i_security,1821194262,2026-09-09 10:10:42.951682+00,2492235288,2492227050
1788948642.983693,1985422,1990649,public,company,pk_company,271352021,2026-09-09 10:10:42.951682+00,4265851213,4265789756
1788948642.983693,1985320,1990651,public,watch_list,i_wl_c_id,19205527,2026-09-09 10:10:42.951682+00,19205527,19205525
1788948642.983693,1985302,1990652,public,holding_history,pk_holding_history,1919312,2026-09-09 10:10:42.951682+00,121514022,121507569
1788948642.983693,1985363,1990654,public,settlement,pk_settlement,374123363,2026-09-09 10:10:42.951682+00,462114865,439554465
1788948642.983693,1985290,1990656,public,holding,i_holding,20480495,2026-09-09 10:10:42.951682+00,508213415,470219117
1788948642.983693,1985440,1990657,public,daily_market,i_dm_s_symb,155,2026-09-09 10:05:48.742029+00,4671167,198360
1788948642.983693,1985372,1990658,public,trade,i_t_st_id,33,2026-09-09 09:24:48.460179+00,17840489,33425
1788948642.983693,1985372,1990659,public,trade,i_t_s_symb,5861839,2026-09-09 10:10:42.951682+00,154601089543,152437325713
1788948642.983693,1985372,1990660,public,trade,i_t_ca_id,52213051,2026-09-09 10:10:42.951682+00,244343824244,241417980117
1788948642.983693,1985302,1990662,public,holding_history,i_hh_t_id,1422424,2026-09-09 10:10:42.951682+00,117701797,117701797
1788948702.126468,1985275,1990584,public,customer_account,pk_customer_account,132694094,2026-09-09 10:11:42.123992+00,132831964,132640838
1788948702.126468,1985325,1990585,public,broker,pk_broker,146599989,2026-09-09 10:11:42.123992+00,146602662,146300864
1788948702.126468,1985343,1990588,public,charge,pk_charge,0,,0,0
1788948702.126468,1985256,1990590,public,account_permission,pk_account_permission,1799656,2026-09-09 10:11:42.047492+00,1799885,1799824
1788948702.126468,1985285,1990592,public,customer_taxrate,pk_customer_taxrate,91578869,2026-09-09 10:11:42.123992+00,18617201,13729825
1788948702.126468,1985335,1990593,public,cash_transaction,pk_cash_transaction,352641403,2026-09-09 10:11:42.107681+00,428777175,425291723
1788948702.126468,1985290,1990597,public,holding,pk_holding,19492846,2026-09-09 10:11:42.123992+00,24361175,19491788
1788948702.126468,1985264,1990596,public,customer,pk_customer,96804979,2026-09-09 10:11:42.123992+00,96995034,96868531
1788948702.126468,1985434,1990600,public,company_competitor,pk_company_competitor,24912698,2026-09-09 10:11:42.107681+00,74738090,0
1788948702.126468,1985548,1990602,public,taxrate,pk_taxrate,18600745,2026-09-09 10:11:42.123992+00,18600752,18598179
1788948702.126468,1985402,1990604,public,trade_request,pk_trade_request,6787875,2026-09-09 10:11:42.123992+00,7113383,6895779
1788948702.126468,1985372,1990607,public,trade,pk_trade,487307652,2026-09-09 10:11:42.123992+00,1088820981,1005525890
1788948702.126468,1985415,1990609,public,trade_type,pk_trade_type,406371,2026-09-09 09:26:35.58092+00,406371,4395
1788948702.126468,1985451,1990611,public,exchange,pk_exchange,388760,2026-09-09 09:26:35.58092+00,388760,385052
1788948702.126468,1985480,1990613,public,industry,pk_industry,85270195,2026-09-09 10:11:42.107681+00,85270195,85094459
1788948702.126468,1985543,1990606,public,status_type,pk_status_type,703226,2026-09-09 09:35:16.238126+00,703226,1575
1788948702.126468,1985351,1990616,public,commission_rate,pk_commission_rate,39794559,2026-09-09 10:11:42.123992+00,69751469,69748983
1788948702.126468,1985440,1990618,public,daily_market,pk_daily_market,2458023521,2026-09-09 10:11:42.107681+00,2401429802,2401058168
1788948702.126468,1985396,1990620,public,trade_history,pk_trade_history,444442337,2026-09-09 10:11:42.107681+00,1263963938,1263619090
1788948702.126468,1985309,1990621,public,holding_summary,pk_holding_summary,212765550,2026-09-09 10:11:42.123992+00,1467748230,1466710496
1788948702.126468,1985512,1990624,public,sector,pk_sector,2361567,2026-09-09 05:14:30.973506+00,2361567,2361567
1788948702.126468,1985402,1990626,public,trade_request,i_tr_s_symb,2392552409,2026-09-09 10:11:42.123992+00,7467253404,7166716564
1788948702.126468,1985315,1990627,public,watch_item,pk_watch_item,19224926,2026-09-09 10:11:42.107681+00,1924234697,61501685
1788948702.126468,1985264,1990629,public,customer,i_c_tax_id,11568421,2026-09-09 10:11:42.107681+00,11568514,11568421
1788948702.126468,1985496,1990630,public,news_item,pk_news_item,49838314,2026-09-09 10:11:42.107681+00,49838565,49829911
1788948702.126468,1985422,1990632,public,company,i_co_name,7188193,2026-09-09 10:11:42.073405+00,7188266,7188193
1788948702.126468,1985517,1990633,public,security,pk_security,2336784391,2026-09-09 10:11:42.123992+00,2336784471,2336594379
1788948702.126468,1985460,1990635,public,financial,pk_financial,24913003,2026-09-09 10:11:42.107681+00,498312918,498260000
1788948702.126468,1985538,1990637,public,address,pk_address,49835183,2026-09-09 10:11:42.107681+00,112052287,112034974
1788948702.126468,1985320,1990639,public,watch_list,pk_watch_list,7366,2026-09-09 09:59:48.702158+00,7366,0
1788948702.126468,1985507,1990641,public,news_xref,pk_news_xref,24925466,2026-09-09 10:11:42.107681+00,49838314,306
1788948702.126468,1985486,1990643,public,last_trade,pk_last_trade,3450288098,2026-09-09 10:11:42.123992+00,3451166206,3450277191
1788948702.126468,1985275,1990645,public,customer_account,i_ca_c_id,23198311,2026-09-09 10:11:42.107681+00,129260098,127353008
1788948702.126468,1985555,1990646,public,zip_code,pk_zip_code,49837714,2026-09-09 10:11:42.107681+00,49837714,49825392
1788948702.126468,1985517,1990648,public,security,i_security,1822360991,2026-09-09 10:11:42.107681+00,2493832930,2493824692
1788948702.126468,1985422,1990649,public,company,pk_company,271421971,2026-09-09 10:11:42.107681+00,4268370183,4268308726
1788948702.126468,1985320,1990651,public,watch_list,i_wl_c_id,19217562,2026-09-09 10:11:42.107681+00,19217562,19217560
1788948702.126468,1985302,1990652,public,holding_history,pk_holding_history,1920607,2026-09-09 10:11:42.073405+00,121517897,121511444
1788948702.126468,1985363,1990654,public,settlement,pk_settlement,374355323,2026-09-09 10:11:42.107681+00,462347035,439786425
1788948702.126468,1985290,1990656,public,holding,i_holding,20493896,2026-09-09 10:11:42.123992+00,508541831,470537338
1788948702.126468,1985440,1990657,public,daily_market,i_dm_s_symb,155,2026-09-09 10:05:48.742029+00,4671167,198360
1788948702.126468,1985372,1990658,public,trade,i_t_st_id,33,2026-09-09 09:24:48.460179+00,17840489,33425
1788948702.126468,1985372,1990659,public,trade,i_t_s_symb,5865283,2026-09-09 10:11:42.073405+00,154708183025,152542485733
1788948702.126468,1985372,1990660,public,trade,i_t_ca_id,52245466,2026-09-09 10:11:42.107681+00,244509714921,241581477558
1788948702.126468,1985302,1990662,public,holding_history,i_hh_t_id,1423356,2026-09-09 10:11:42.073405+00,117703092,117703092
1788948762.247651,1985275,1990584,public,customer_account,pk_customer_account,132781112,2026-09-09 10:12:42.196494+00,132918990,132727816
1788948762.247651,1985325,1990585,public,broker,pk_broker,146921950,2026-09-09 10:12:42.196494+00,146924623,146622509
1788948762.247651,1985343,1990588,public,charge,pk_charge,0,,0,0
1788948762.247651,1985256,1990590,public,account_permission,pk_account_permission,1800818,2026-09-09 10:12:41.980587+00,1801047,1800986
1788948762.247651,1985285,1990592,public,customer_taxrate,pk_customer_taxrate,91642580,2026-09-09 10:12:42.196494+00,18630092,13742383
1788948762.247651,1985335,1990593,public,cash_transaction,pk_cash_transaction,352863880,2026-09-09 10:12:42.177094+00,428996389,425510009
1788948762.247651,1985290,1990597,public,holding,pk_holding,19506745,2026-09-09 10:12:42.196494+00,24375232,19505686
1788948762.247651,1985264,1990596,public,customer,pk_customer,96867377,2026-09-09 10:12:42.196494+00,97057432,96930926
1788948762.247651,1985434,1990600,public,company_competitor,pk_company_competitor,24928415,2026-09-09 10:12:42.177094+00,74785241,0
1788948762.247651,1985548,1990602,public,taxrate,pk_taxrate,18613588,2026-09-09 10:12:42.196494+00,18613595,18611021
1788948762.247651,1985402,1990604,public,trade_request,pk_trade_request,6792398,2026-09-09 10:12:42.196494+00,7117906,6900302
1788948762.247651,1985372,1990607,public,trade,pk_trade,487623732,2026-09-09 10:12:42.196494+00,1089193638,1005841836
1788948762.247651,1985415,1990609,public,trade_type,pk_trade_type,406371,2026-09-09 09:26:35.58092+00,406371,4395
1788948762.247651,1985451,1990611,public,exchange,pk_exchange,388760,2026-09-09 09:26:35.58092+00,388760,385052
1788948762.247651,1985480,1990613,public,industry,pk_industry,85317424,2026-09-09 10:12:42.177094+00,85317424,85141610
1788948762.247651,1985543,1990606,public,status_type,pk_status_type,703226,2026-09-09 09:35:16.238126+00,703226,1575
1788948762.247651,1985351,1990616,public,commission_rate,pk_commission_rate,39820952,2026-09-09 10:12:42.196494+00,69797840,69795345
1788948762.247651,1985440,1990618,public,daily_market,pk_daily_market,2459582883,2026-09-09 10:12:42.177094+00,2402953439,2402581567
1788948762.247651,1985396,1990620,public,trade_history,pk_trade_history,444720527,2026-09-09 10:12:42.177094+00,1264626227,1264281372
1788948762.247651,1985309,1990621,public,holding_summary,pk_holding_summary,212902908,2026-09-09 10:12:42.196494+00,1468673342,1467635353
1788948762.247651,1985512,1990624,public,sector,pk_sector,2361567,2026-09-09 05:14:30.973506+00,2361567,2361567
1788948762.247651,1985402,1990626,public,trade_request,i_tr_s_symb,2394166058,2026-09-09 10:12:42.196494+00,7472866185,7172108905
1788948762.247651,1985315,1990627,public,watch_item,pk_watch_item,19237097,2026-09-09 10:12:42.177094+00,1925454758,61567807
1788948762.247651,1985264,1990629,public,customer,i_c_tax_id,11575634,2026-09-09 10:12:42.177094+00,11575727,11575634
1788948762.247651,1985496,1990630,public,news_item,pk_news_item,49869748,2026-09-09 10:12:42.177094+00,49869999,49861345
1788948762.247651,1985422,1990632,public,company,i_co_name,7192677,2026-09-09 10:12:42.177094+00,7192750,7192677
1788948762.247651,1985517,1990633,public,security,pk_security,2338167886,2026-09-09 10:12:42.196494+00,2338167966,2337977752
1788948762.247651,1985460,1990635,public,financial,pk_financial,24928720,2026-09-09 10:12:42.177094+00,498627258,498574340
1788948762.247651,1985538,1990637,public,address,pk_address,49866617,2026-09-09 10:12:42.177094+00,112122914,112105601
1788948762.247651,1985320,1990639,public,watch_list,pk_watch_list,7374,2026-09-09 10:11:48.773864+00,7374,0
1788948762.247651,1985507,1990641,public,news_xref,pk_news_xref,24941183,2026-09-09 10:12:42.177094+00,49869748,306
1788948762.247651,1985486,1990643,public,last_trade,pk_last_trade,3452469182,2026-09-09 10:12:42.196494+00,3453347290,3452458275
1788948762.247651,1985275,1990645,public,customer_account,i_ca_c_id,23212932,2026-09-09 10:12:42.177094+00,129340285,127433081
1788948762.247651,1985555,1990646,public,zip_code,pk_zip_code,49869148,2026-09-09 10:12:42.177094+00,49869148,49856826
1788948762.247651,1985517,1990648,public,security,i_security,1823552516,2026-09-09 10:12:42.177094+00,2495464471,2495456233
1788948762.247651,1985422,1990649,public,company,pk_company,271492804,2026-09-09 10:12:42.177094+00,4271017485,4270956028
1788948762.247651,1985320,1990651,public,watch_list,i_wl_c_id,19229725,2026-09-09 10:12:42.177094+00,19229725,19229723
1788948762.247651,1985302,1990652,public,holding_history,pk_holding_history,1921841,2026-09-09 10:12:42.177094+00,121521623,121515170
1788948762.247651,1985363,1990654,public,settlement,pk_settlement,374590203,2026-09-09 10:12:42.177094+00,462582110,440021305
1788948762.247651,1985290,1990656,public,holding,i_holding,20507721,2026-09-09 10:12:42.196494+00,508897091,470881223
1788948762.247651,1985440,1990657,public,daily_market,i_dm_s_symb,155,2026-09-09 10:05:48.742029+00,4671167,198360
1788948762.247651,1985372,1990658,public,trade,i_t_st_id,33,2026-09-09 09:24:48.460179+00,17840489,33425
1788948762.247651,1985372,1990659,public,trade,i_t_s_symb,5868699,2026-09-09 10:12:42.177094+00,154814104456,152646500011
1788948762.247651,1985372,1990660,public,trade,i_t_ca_id,52278481,2026-09-09 10:12:42.177094+00,244679665757,241748971200
1788948762.247651,1985302,1990662,public,holding_history,i_hh_t_id,1424279,2026-09-09 10:12:42.177094+00,117704326,117704326
1788948822.419999,1985275,1990584,public,customer_account,pk_customer_account,132868399,2026-09-09 10:13:42.421934+00,133006279,132815064
1788948822.419999,1985325,1990585,public,broker,pk_broker,147241753,2026-09-09 10:13:42.421934+00,147244426,146941860
1788948822.419999,1985343,1990588,public,charge,pk_charge,0,,0,0
1788948822.419999,1985256,1990590,public,account_permission,pk_account_permission,1801934,2026-09-09 10:13:42.326563+00,1802165,1802104
1788948822.419999,1985285,1990592,public,customer_taxrate,pk_customer_taxrate,91704983,2026-09-09 10:13:42.415666+00,18642838,13754859
1788948822.419999,1985335,1990593,public,cash_transaction,pk_cash_transaction,353088018,2026-09-09 10:13:42.421934+00,429217157,425729851
1788948822.419999,1985290,1990597,public,holding,pk_holding,19520637,2026-09-09 10:13:42.415666+00,24389276,19519575
1788948822.419999,1985264,1990596,public,customer,pk_customer,96930189,2026-09-09 10:13:42.421934+00,97120244,96993735
1788948822.419999,1985434,1990600,public,company_competitor,pk_company_competitor,24944180,2026-09-09 10:13:42.421934+00,74832536,0
1788948822.419999,1985548,1990602,public,taxrate,pk_taxrate,18626309,2026-09-09 10:13:42.415666+00,18626316,18623740
1788948822.419999,1985402,1990604,public,trade_request,pk_trade_request,6796967,2026-09-09 10:13:42.415666+00,7122475,6904871
1788948822.419999,1985372,1990607,public,trade,pk_trade,487944814,2026-09-09 10:13:42.421934+00,1089570808,1006162795
1788948822.419999,1985415,1990609,public,trade_type,pk_trade_type,406371,2026-09-09 09:26:35.58092+00,406371,4395
1788948822.419999,1985451,1990611,public,exchange,pk_exchange,388760,2026-09-09 09:26:35.58092+00,388760,385052
1788948822.419999,1985480,1990613,public,industry,pk_industry,85364789,2026-09-09 10:13:42.421934+00,85364789,85188905
1788948822.419999,1985543,1990606,public,status_type,pk_status_type,703226,2026-09-09 09:35:16.238126+00,703226,1575
1788948822.419999,1985351,1990616,public,commission_rate,pk_commission_rate,39847492,2026-09-09 10:13:42.421934+00,69844391,69841895
1788948822.419999,1985440,1990618,public,daily_market,pk_daily_market,2461142588,2026-09-09 10:13:42.421934+00,2404477308,2404105205
1788948822.419999,1985396,1990620,public,trade_history,pk_trade_history,445003847,2026-09-09 10:13:42.421934+00,1265300888,1264956030
1788948822.419999,1985309,1990621,public,holding_summary,pk_holding_summary,213041275,2026-09-09 10:13:42.421934+00,1469608554,1468570296
1788948822.419999,1985512,1990624,public,sector,pk_sector,2361567,2026-09-09 05:14:30.973506+00,2361567,2361567
1788948822.419999,1985402,1990626,public,trade_request,i_tr_s_symb,2395732888,2026-09-09 10:13:42.421934+00,7478264575,7177325870
1788948822.419999,1985315,1990627,public,watch_item,pk_watch_item,19249327,2026-09-09 10:13:42.421934+00,1926680085,61638081
1788948822.419999,1985264,1990629,public,customer,i_c_tax_id,11582962,2026-09-09 10:13:42.421934+00,11583055,11582962
1788948822.419999,1985496,1990630,public,news_item,pk_news_item,49901278,2026-09-09 10:13:42.421934+00,49901529,49892875
1788948822.419999,1985422,1990632,public,company,i_co_name,7197300,2026-09-09 10:13:42.421934+00,7197373,7197300
1788948822.419999,1985517,1990633,public,security,pk_security,2339551336,2026-09-09 10:13:42.421934+00,2339551416,2339361108
1788948822.419999,1985460,1990635,public,financial,pk_financial,24944485,2026-09-09 10:13:42.421934+00,498942558,498889640
1788948822.419999,1985538,1990637,public,address,pk_address,49898147,2026-09-09 10:13:42.421934+00,112194145,112176832
1788948822.419999,1985320,1990639,public,watch_list,pk_watch_list,7374,2026-09-09 10:11:48.773864+00,7374,0
1788948822.419999,1985507,1990641,public,news_xref,pk_news_xref,24956948,2026-09-09 10:13:42.421934+00,49901278,306
1788948822.419999,1985486,1990643,public,last_trade,pk_last_trade,3454660954,2026-09-09 10:13:42.421934+00,3455539062,3454649987
1788948822.419999,1985275,1990645,public,customer_account,i_ca_c_id,23227735,2026-09-09 10:13:42.421934+00,129421246,127513907
1788948822.419999,1985555,1990646,public,zip_code,pk_zip_code,49900678,2026-09-09 10:13:42.421934+00,49900678,49888356
1788948822.419999,1985517,1990648,public,security,i_security,1824706662,2026-09-09 10:13:42.421934+00,2497043630,2497035392
1788948822.419999,1985422,1990649,public,company,pk_company,271563705,2026-09-09 10:13:42.421934+00,4273459937,4273398480
1788948822.419999,1985320,1990651,public,watch_list,i_wl_c_id,19241955,2026-09-09 10:13:42.421934+00,19241955,19241953
1788948822.419999,1985302,1990652,public,holding_history,pk_holding_history,1923044,2026-09-09 10:13:42.421934+00,121525246,121518793
1788948822.419999,1985363,1990654,public,settlement,pk_settlement,374829483,2026-09-09 10:13:42.421934+00,462821619,440260585
1788948822.419999,1985290,1990656,public,holding,i_holding,20521533,2026-09-09 10:13:42.421934+00,509231447,471204957
1788948822.419999,1985440,1990657,public,daily_market,i_dm_s_symb,155,2026-09-09 10:05:48.742029+00,4671167,198360
1788948822.419999,1985372,1990658,public,trade,i_t_st_id,33,2026-09-09 09:24:48.460179+00,17840489,33425
1788948822.419999,1985372,1990659,public,trade,i_t_s_symb,5872183,2026-09-09 10:13:42.421934+00,154921758150,152752214721
1788948822.419999,1985372,1990660,public,trade,i_t_ca_id,52311741,2026-09-09 10:13:42.421934+00,244850067410,241916906943
1788948822.419999,1985302,1990662,public,holding_history,i_hh_t_id,1425166,2026-09-09 10:13:42.421934+00,117705529,117705529
1788948882.558771,1985275,1990584,public,customer_account,pk_customer_account,132954859,2026-09-09 10:14:42.550545+00,133092739,132901492
1788948882.558771,1985325,1990585,public,broker,pk_broker,147560349,2026-09-09 10:14:42.550545+00,147563022,147260160
1788948882.558771,1985343,1990588,public,charge,pk_charge,0,,0,0
1788948882.558771,1985256,1990590,public,account_permission,pk_account_permission,1803048,2026-09-09 10:14:42.550545+00,1803279,1803218
1788948882.558771,1985285,1990592,public,customer_taxrate,pk_customer_taxrate,91766533,2026-09-09 10:14:42.550545+00,18655427,13767178
1788948882.558771,1985335,1990593,public,cash_transaction,pk_cash_transaction,353308861,2026-09-09 10:14:42.550545+00,429434581,425946378
1788948882.558771,1985290,1990597,public,holding,pk_holding,19534523,2026-09-09 10:14:42.48496+00,24403313,19533459
1788948882.558771,1985264,1990596,public,customer,pk_customer,96992601,2026-09-09 10:14:42.550545+00,97182656,97056144
1788948882.558771,1985434,1990600,public,company_competitor,pk_company_competitor,24959934,2026-09-09 10:14:42.550545+00,74879798,0
1788948882.558771,1985548,1990602,public,taxrate,pk_taxrate,18638868,2026-09-09 10:14:42.550545+00,18638875,18636299
1788948882.558771,1985402,1990604,public,trade_request,pk_trade_request,6801415,2026-09-09 10:14:42.48496+00,7126923,6909319
1788948882.558771,1985372,1990607,public,trade,pk_trade,488261295,2026-09-09 10:14:42.550545+00,1089942889,1006479157
1788948882.558771,1985415,1990609,public,trade_type,pk_trade_type,406371,2026-09-09 09:26:35.58092+00,406371,4395
1788948882.558771,1985451,1990611,public,exchange,pk_exchange,388760,2026-09-09 09:26:35.58092+00,388760,385052
1788948882.558771,1985480,1990613,public,industry,pk_industry,85412117,2026-09-09 10:14:42.550545+00,85412117,85236167
1788948882.558771,1985543,1990606,public,status_type,pk_status_type,703226,2026-09-09 09:35:16.238126+00,703226,1575
1788948882.558771,1985351,1990616,public,commission_rate,pk_commission_rate,39873781,2026-09-09 10:14:42.550545+00,69890316,69887817
1788948882.558771,1985440,1990618,public,daily_market,pk_daily_market,2462699982,2026-09-09 10:14:42.550545+00,2405999025,2405626693
1788948882.558771,1985396,1990620,public,trade_history,pk_trade_history,445282467,2026-09-09 10:14:42.550545+00,1265964332,1265619469
1788948882.558771,1985309,1990621,public,holding_summary,pk_holding_summary,213179115,2026-09-09 10:14:42.550545+00,1470542679,1469504102
1788948882.558771,1985512,1990624,public,sector,pk_sector,2361567,2026-09-09 05:14:30.973506+00,2361567,2361567
1788948882.558771,1985402,1990626,public,trade_request,i_tr_s_symb,2397354317,2026-09-09 10:14:42.550545+00,7483841021,7182695473
1788948882.558771,1985315,1990627,public,watch_item,pk_watch_item,19261492,2026-09-09 10:14:42.550545+00,1927899324,61710375
1788948882.558771,1985264,1990629,public,customer,i_c_tax_id,11590279,2026-09-09 10:14:42.550545+00,11590372,11590279
1788948882.558771,1985496,1990630,public,news_item,pk_news_item,49932786,2026-09-09 10:14:42.550545+00,49933037,49924383
1788948882.558771,1985422,1990632,public,company,i_co_name,7201797,2026-09-09 10:14:42.550545+00,7201870,7201797
1788948882.558771,1985517,1990633,public,security,pk_security,2340932292,2026-09-09 10:14:42.550545+00,2340932372,2340741988
1788948882.558771,1985460,1990635,public,financial,pk_financial,24960239,2026-09-09 10:14:42.550545+00,499257638,499204720
1788948882.558771,1985538,1990637,public,address,pk_address,49929658,2026-09-09 10:14:42.550545+00,112264766,112247453
1788948882.558771,1985320,1990639,public,watch_list,pk_watch_list,7374,2026-09-09 10:11:48.773864+00,7374,0
1788948882.558771,1985507,1990641,public,news_xref,pk_news_xref,24972702,2026-09-09 10:14:42.550545+00,49932786,306
1788948882.558771,1985486,1990643,public,last_trade,pk_last_trade,3456849204,2026-09-09 10:14:42.550545+00,3457727312,3456838230
1788948882.558771,1985275,1990645,public,customer_account,i_ca_c_id,23242439,2026-09-09 10:14:42.550545+00,129502364,127594912
1788948882.558771,1985555,1990646,public,zip_code,pk_zip_code,49932186,2026-09-09 10:14:42.550545+00,49932186,49919864
1788948882.558771,1985517,1990648,public,security,i_security,1825903101,2026-09-09 10:14:42.550545+00,2498681451,2498673213
1788948882.558771,1985422,1990649,public,company,pk_company,271634695,2026-09-09 10:14:42.550545+00,4276127388,4276065931
1788948882.558771,1985320,1990651,public,watch_list,i_wl_c_id,19254120,2026-09-09 10:14:42.550545+00,19254120,19254118
1788948882.558771,1985302,1990652,public,holding_history,pk_holding_history,1924274,2026-09-09 10:14:42.542735+00,121528920,121522467
1788948882.558771,1985363,1990654,public,settlement,pk_settlement,375064903,2026-09-09 10:14:42.550545+00,463057255,440496005
1788948882.558771,1985290,1990656,public,holding,i_holding,20535250,2026-09-09 10:14:42.550545+00,509573850,471536236
1788948882.558771,1985440,1990657,public,daily_market,i_dm_s_symb,155,2026-09-09 10:05:48.742029+00,4671167,198360
1788948882.558771,1985372,1990658,public,trade,i_t_st_id,33,2026-09-09 09:24:48.460179+00,17840489,33425
1788948882.558771,1985372,1990659,public,trade,i_t_s_symb,5875595,2026-09-09 10:14:42.550545+00,155027638305,152856181601
1788948882.558771,1985372,1990660,public,trade,i_t_ca_id,52344796,2026-09-09 10:14:42.550545+00,245019820011,242084207904
1788948882.558771,1985302,1990662,public,holding_history,i_hh_t_id,1426098,2026-09-09 10:14:42.542735+00,117706759,117706759
1788948942.699665,1985275,1990584,public,customer_account,pk_customer_account,133041045,2026-09-09 10:15:42.701564+00,133178929,132987651
1788948942.699665,1985325,1990585,public,broker,pk_broker,147879141,2026-09-09 10:15:42.701564+00,147881814,147578596
1788948942.699665,1985343,1990588,public,charge,pk_charge,0,,0,0
1788948942.699665,1985256,1990590,public,account_permission,pk_account_permission,1804150,2026-09-09 10:15:42.629551+00,1804381,1804320
1788948942.699665,1985285,1990592,public,customer_taxrate,pk_customer_taxrate,91826497,2026-09-09 10:15:42.701564+00,18667675,13779066
1788948942.699665,1985335,1990593,public,cash_transaction,pk_cash_transaction,353531227,2026-09-09 10:15:42.629551+00,429653525,426164393
1788948942.699665,1985290,1990597,public,holding,pk_holding,19548097,2026-09-09 10:15:42.701564+00,24417028,19547028
1788948942.699665,1985264,1990596,public,customer,pk_customer,97054792,2026-09-09 10:15:42.701564+00,97244847,97118334
1788948942.699665,1985434,1990600,public,company_competitor,pk_company_competitor,24975733,2026-09-09 10:15:42.629551+00,74927195,0
1788948942.699665,1985548,1990602,public,taxrate,pk_taxrate,18651077,2026-09-09 10:15:42.701564+00,18651084,18648505
1788948942.699665,1985402,1990604,public,trade_request,pk_trade_request,6805917,2026-09-09 10:15:42.701564+00,7131425,6913821
1788948942.699665,1985372,1990607,public,trade,pk_trade,488578122,2026-09-09 10:15:42.701564+00,1090314971,1006795851
1788948942.699665,1985415,1990609,public,trade_type,pk_trade_type,406371,2026-09-09 09:26:35.58092+00,406371,4395
1788948942.699665,1985451,1990611,public,exchange,pk_exchange,388760,2026-09-09 09:26:35.58092+00,388760,385052
1788948942.699665,1985480,1990613,public,industry,pk_industry,85459588,2026-09-09 10:15:42.629551+00,85459588,85283564
1788948942.699665,1985543,1990606,public,status_type,pk_status_type,703226,2026-09-09 09:35:16.238126+00,703226,1575
1788948942.699665,1985351,1990616,public,commission_rate,pk_commission_rate,39899876,2026-09-09 10:15:42.701564+00,69936005,69933504
1788948942.699665,1985440,1990618,public,daily_market,pk_daily_market,2464257271,2026-09-09 10:15:42.629551+00,2407520357,2407147793
1788948942.699665,1985396,1990620,public,trade_history,pk_trade_history,445563757,2026-09-09 10:15:42.629551+00,1266634061,1266289190
1788948942.699665,1985309,1990621,public,holding_summary,pk_holding_summary,213316622,2026-09-09 10:15:42.701564+00,1471476844,1470438026
1788948942.699665,1985512,1990624,public,sector,pk_sector,2361567,2026-09-09 05:14:30.973506+00,2361567,2361567
1788948942.699665,1985402,1990626,public,trade_request,i_tr_s_symb,2398947767,2026-09-09 10:15:42.701564+00,7489388112,7188014066
1788948942.699665,1985315,1990627,public,watch_item,pk_watch_item,19273652,2026-09-09 10:15:42.629551+00,1929119747,61776088
1788948942.699665,1985264,1990629,public,customer,i_c_tax_id,11597502,2026-09-09 10:15:42.629551+00,11597595,11597502
1788948942.699665,1985496,1990630,public,news_item,pk_news_item,49964384,2026-09-09 10:15:42.629551+00,49964635,49955981
1788948942.699665,1985422,1990632,public,company,i_co_name,7206419,2026-09-09 10:15:42.629551+00,7206493,7206419
1788948942.699665,1985517,1990633,public,security,pk_security,2342312023,2026-09-09 10:15:42.701564+00,2342312103,2342121639
1788948942.699665,1985460,1990635,public,financial,pk_financial,24976038,2026-09-09 10:15:42.629551+00,499573618,499520700
1788948942.699665,1985538,1990637,public,address,pk_address,49961256,2026-09-09 10:15:42.629551+00,112335857,112318544
1788948942.699665,1985320,1990639,public,watch_list,pk_watch_list,7374,2026-09-09 10:11:48.773864+00,7374,0
1788948942.699665,1985507,1990641,public,news_xref,pk_news_xref,24988501,2026-09-09 10:15:42.629551+00,49964384,306
1788948942.699665,1985486,1990643,public,last_trade,pk_last_trade,3459037418,2026-09-09 10:15:42.701564+00,3459915526,3459026428
1788948942.699665,1985275,1990645,public,customer_account,i_ca_c_id,23257111,2026-09-09 10:15:42.629551+00,129583388,127675813
1788948942.699665,1985555,1990646,public,zip_code,pk_zip_code,49963784,2026-09-09 10:15:42.629551+00,49963784,49951462
1788948942.699665,1985517,1990648,public,security,i_security,1827077580,2026-09-09 10:15:42.629551+00,2500289211,2500280973
1788948942.699665,1985422,1990649,public,company,pk_company,271705722,2026-09-09 10:15:42.629551+00,4278669930,4278608469
1788948942.699665,1985320,1990651,public,watch_list,i_wl_c_id,19266280,2026-09-09 10:15:42.629551+00,19266280,19266278
1788948942.699665,1985302,1990652,public,holding_history,pk_holding_history,1925539,2026-09-09 10:15:42.629551+00,121532681,121526228
1788948942.699665,1985363,1990654,public,settlement,pk_settlement,375302723,2026-09-09 10:15:42.629551+00,463295301,440733825
1788948942.699665,1985290,1990656,public,holding,i_holding,20548789,2026-09-09 10:15:42.701564+00,509915363,471866033
1788948942.699665,1985440,1990657,public,daily_market,i_dm_s_symb,155,2026-09-09 10:05:48.742029+00,4671167,198360
1788948942.699665,1985372,1990658,public,trade,i_t_st_id,33,2026-09-09 09:24:48.460179+00,17840489,33425
1788948942.699665,1985372,1990659,public,trade,i_t_s_symb,5879062,2026-09-09 10:15:42.629551+00,155134706610,152961323870
1788948942.699665,1985372,1990660,public,trade,i_t_ca_id,52377992,2026-09-09 10:15:42.629551+00,245189697390,242251628495
1788948942.699665,1985302,1990662,public,holding_history,i_hh_t_id,1427033,2026-09-09 10:15:42.629551+00,117708024,117708024
1788949002.893356,1985275,1990584,public,customer_account,pk_customer_account,133127620,2026-09-09 10:16:42.886828+00,133265508,133074202
1788949002.893356,1985325,1990585,public,broker,pk_broker,148196279,2026-09-09 10:16:42.886828+00,148198952,147895465
1788949002.893356,1985343,1990588,public,charge,pk_charge,0,,0,0
1788949002.893356,1985256,1990590,public,account_permission,pk_account_permission,1805343,2026-09-09 10:16:42.831354+00,1805574,1805513
1788949002.893356,1985285,1990592,public,customer_taxrate,pk_customer_taxrate,91889928,2026-09-09 10:16:42.886828+00,18680684,13791712
1788949002.893356,1985335,1990593,public,cash_transaction,pk_cash_transaction,353755557,2026-09-09 10:16:42.84782+00,429874424,426384351
1788949002.893356,1985290,1990597,public,holding,pk_holding,19561941,2026-09-09 10:16:42.886828+00,24431030,19560871
1788949002.893356,1985264,1990596,public,customer,pk_customer,97117098,2026-09-09 10:16:42.886828+00,97307154,97180634
1788949002.893356,1985434,1990600,public,company_competitor,pk_company_competitor,24991514,2026-09-09 10:16:42.84782+00,74974538,0
1788949002.893356,1985548,1990602,public,taxrate,pk_taxrate,18664029,2026-09-09 10:16:42.886828+00,18664036,18661455
1788949002.893356,1985402,1990604,public,trade_request,pk_trade_request,6810403,2026-09-09 10:16:42.886828+00,7135911,6918307
1788949002.893356,1985372,1990607,public,trade,pk_trade,488892397,2026-09-09 10:16:42.886828+00,1090685221,1007109987
1788949002.893356,1985415,1990609,public,trade_type,pk_trade_type,406371,2026-09-09 09:26:35.58092+00,406371,4395
1788949002.893356,1985451,1990611,public,exchange,pk_exchange,388760,2026-09-09 09:26:35.58092+00,388760,385052
1788949002.893356,1985480,1990613,public,industry,pk_industry,85506999,2026-09-09 10:16:42.84782+00,85506999,85330907
1788949002.893356,1985543,1990606,public,status_type,pk_status_type,703226,2026-09-09 09:35:16.238126+00,703226,1575
1788949002.893356,1985351,1990616,public,commission_rate,pk_commission_rate,39926090,2026-09-09 10:16:42.886828+00,69981954,69979448
1788949002.893356,1985440,1990618,public,daily_market,pk_daily_market,2465812420,2026-09-09 10:16:42.84782+00,2409039614,2408666820
1788949002.893356,1985396,1990620,public,trade_history,pk_trade_history,445844677,2026-09-09 10:16:42.84782+00,1267302787,1266957915
1788949002.893356,1985309,1990621,public,holding_summary,pk_holding_summary,213454503,2026-09-09 10:16:42.886828+00,1472412698,1471373645
1788949002.893356,1985512,1990624,public,sector,pk_sector,2361567,2026-09-09 05:14:30.973506+00,2361567,2361567
1788949002.893356,1985402,1990626,public,trade_request,i_tr_s_symb,2400518384,2026-09-09 10:16:42.886828+00,7494809950,7193239814
1788949002.893356,1985315,1990627,public,watch_item,pk_watch_item,19285822,2026-09-09 10:16:42.84782+00,1930337738,61841304
1788949002.893356,1985264,1990629,public,customer,i_c_tax_id,11604884,2026-09-09 10:16:42.84782+00,11604978,11604884
1788949002.893356,1985496,1990630,public,news_item,pk_news_item,49995946,2026-09-09 10:16:42.84782+00,49996197,49987543
1788949002.893356,1985422,1990632,public,company,i_co_name,7210901,2026-09-09 10:16:42.84782+00,7210975,7210901
1788949002.893356,1985517,1990633,public,security,pk_security,2343690545,2026-09-09 10:16:42.886828+00,2343690625,2343500051
1788949002.893356,1985460,1990635,public,financial,pk_financial,24991819,2026-09-09 10:16:42.84782+00,499889238,499836320
1788949002.893356,1985538,1990637,public,address,pk_address,49992818,2026-09-09 10:16:42.84782+00,112406855,112389542
1788949002.893356,1985320,1990639,public,watch_list,pk_watch_list,7374,2026-09-09 10:11:48.773864+00,7374,0
1788949002.893356,1985507,1990641,public,news_xref,pk_news_xref,25004282,2026-09-09 10:16:42.84782+00,49995946,306
1788949002.893356,1985486,1990643,public,last_trade,pk_last_trade,3461224950,2026-09-09 10:16:42.886828+00,3462103058,3461213960
1788949002.893356,1985275,1990645,public,customer_account,i_ca_c_id,23271844,2026-09-09 10:16:42.84782+00,129664586,127756867
1788949002.893356,1985555,1990646,public,zip_code,pk_zip_code,49995346,2026-09-09 10:16:42.84782+00,49995346,49983024
1788949002.893356,1985517,1990648,public,security,i_security,1828236527,2026-09-09 10:16:42.84782+00,2501874230,2501865992
1788949002.893356,1985422,1990649,public,company,pk_company,271776845,2026-09-09 10:16:42.84782+00,4281245051,4281183590
1788949002.893356,1985320,1990651,public,watch_list,i_wl_c_id,19278450,2026-09-09 10:16:42.84782+00,19278450,19278448
1788949002.893356,1985302,1990652,public,holding_history,pk_holding_history,1926784,2026-09-09 10:16:42.84782+00,121536401,121529948
1788949002.893356,1985363,1990654,public,settlement,pk_settlement,375539163,2026-09-09 10:16:42.84782+00,463532007,440970265
1788949002.893356,1985290,1990656,public,holding,i_holding,20562694,2026-09-09 10:16:42.886828+00,510265056,472203050
1788949002.893356,1985440,1990657,public,daily_market,i_dm_s_symb,155,2026-09-09 10:05:48.742029+00,4671167,198360
1788949002.893356,1985372,1990658,public,trade,i_t_st_id,33,2026-09-09 09:24:48.460179+00,17840489,33425
1788949002.893356,1985372,1990659,public,trade,i_t_s_symb,5882595,2026-09-09 10:16:42.84782+00,155244014545,153068658307
1788949002.893356,1985372,1990660,public,trade,i_t_ca_id,52411110,2026-09-09 10:16:42.84782+00,245359257291,242418732515
1788949002.893356,1985302,1990662,public,holding_history,i_hh_t_id,1427982,2026-09-09 10:16:42.84782+00,117709269,117709269
1788949063.007792,1985275,1990584,public,customer_account,pk_customer_account,133214369,2026-09-09 10:17:43.016013+00,133352269,133160919
1788949063.007792,1985325,1990585,public,broker,pk_broker,148514716,2026-09-09 10:17:43.016013+00,148517389,148213581
1788949063.007792,1985343,1990588,public,charge,pk_charge,0,,0,0
1788949063.007792,1985256,1990590,public,account_permission,pk_account_permission,1806516,2026-09-09 10:17:42.920894+00,1806747,1806686
1788949063.007792,1985285,1990592,public,customer_taxrate,pk_customer_taxrate,91951264,2026-09-09 10:17:43.016013+00,18693215,13803948
1788949063.007792,1985335,1990593,public,cash_transaction,pk_cash_transaction,353977848,2026-09-09 10:17:42.988273+00,430093447,426602478
1788949063.007792,1985290,1990597,public,holding,pk_holding,19575753,2026-09-09 10:17:43.016013+00,24445006,19574681
1788949063.007792,1985264,1990596,public,customer,pk_customer,97179472,2026-09-09 10:17:43.016013+00,97369528,97243004
1788949063.007792,1985434,1990600,public,company_competitor,pk_company_competitor,25007309,2026-09-09 10:17:42.988273+00,75021923,0
1788949063.007792,1985548,1990602,public,taxrate,pk_taxrate,18676511,2026-09-09 10:17:43.016013+00,18676518,18673934
1788949063.007792,1985402,1990604,public,trade_request,pk_trade_request,6815017,2026-09-09 10:17:43.016013+00,7140525,6922921
1788949063.007792,1985372,1990607,public,trade,pk_trade,489206841,2026-09-09 10:17:43.016013+00,1091056415,1007424314
1788949063.007792,1985415,1990609,public,trade_type,pk_trade_type,406371,2026-09-09 09:26:35.58092+00,406371,4395
1788949063.007792,1985451,1990611,public,exchange,pk_exchange,388760,2026-09-09 09:26:35.58092+00,388760,385052
1788949063.007792,1985480,1990613,public,industry,pk_industry,85554456,2026-09-09 10:17:42.988273+00,85554456,85378292
1788949063.007792,1985543,1990606,public,status_type,pk_status_type,703226,2026-09-09 09:35:16.238126+00,703226,1575
1788949063.007792,1985351,1990616,public,commission_rate,pk_commission_rate,39952318,2026-09-09 10:17:43.016013+00,70028078,70025570
1788949063.007792,1985440,1990618,public,daily_market,pk_daily_market,2467367346,2026-09-09 10:17:42.988273+00,2410558597,2410185573
1788949063.007792,1985396,1990620,public,trade_history,pk_trade_history,446122917,2026-09-09 10:17:42.988273+00,1267965145,1267620270
1788949063.007792,1985309,1990621,public,holding_summary,pk_holding_summary,213592618,2026-09-09 10:17:43.016013+00,1473348335,1472309077
1788949063.007792,1985512,1990624,public,sector,pk_sector,2361567,2026-09-09 05:14:30.973506+00,2361567,2361567
1788949063.007792,1985402,1990626,public,trade_request,i_tr_s_symb,2402094656,2026-09-09 10:17:43.016013+00,7500189580,7198417175
1788949063.007792,1985315,1990627,public,watch_item,pk_watch_item,19297962,2026-09-09 10:17:42.988273+00,1931552569,61909238
1788949063.007792,1985264,1990629,public,customer,i_c_tax_id,11612118,2026-09-09 10:17:42.988273+00,11612212,11612118
1788949063.007792,1985496,1990630,public,news_item,pk_news_item,50027536,2026-09-09 10:17:42.988273+00,50027787,50019133
1788949063.007792,1985422,1990632,public,company,i_co_name,7215491,2026-09-09 10:17:42.988273+00,7215565,7215491
1788949063.007792,1985517,1990633,public,security,pk_security,2345067489,2026-09-09 10:17:43.016013+00,2345067569,2344876894
1788949063.007792,1985460,1990635,public,financial,pk_financial,25007614,2026-09-09 10:17:42.988273+00,500205138,500152220
1788949063.007792,1985538,1990637,public,address,pk_address,50024408,2026-09-09 10:17:42.988273+00,112477636,112460323
1788949063.007792,1985320,1990639,public,watch_list,pk_watch_list,7374,2026-09-09 10:11:48.773864+00,7374,0
1788949063.007792,1985507,1990641,public,news_xref,pk_news_xref,25020077,2026-09-09 10:17:42.988273+00,50027536,306
1788949063.007792,1985486,1990643,public,last_trade,pk_last_trade,3463411441,2026-09-09 10:17:43.016013+00,3464289549,3463400434
1788949063.007792,1985275,1990645,public,customer_account,i_ca_c_id,23286594,2026-09-09 10:17:42.988273+00,129745830,127837975
1788949063.007792,1985555,1990646,public,zip_code,pk_zip_code,50026936,2026-09-09 10:17:42.988273+00,50026936,50014614
1788949063.007792,1985517,1990648,public,security,i_security,1829400236,2026-09-09 10:17:42.988273+00,2503467100,2503458862
1788949063.007792,1985422,1990649,public,company,pk_company,271847885,2026-09-09 10:17:42.988273+00,4283932544,4283871083
1788949063.007792,1985320,1990651,public,watch_list,i_wl_c_id,19290590,2026-09-09 10:17:42.988273+00,19290590,19290588
1788949063.007792,1985302,1990652,public,holding_history,pk_holding_history,1928040,2026-09-09 10:17:42.988273+00,121540152,121533699
1788949063.007792,1985363,1990654,public,settlement,pk_settlement,375774683,2026-09-09 10:17:42.988273+00,463767733,441205785
1788949063.007792,1985290,1990656,public,holding,i_holding,20576315,2026-09-09 10:17:43.016013+00,510601349,472526218
1788949063.007792,1985440,1990657,public,daily_market,i_dm_s_symb,155,2026-09-09 10:05:48.742029+00,4671167,198360
1788949063.007792,1985372,1990658,public,trade,i_t_st_id,33,2026-09-09 09:24:48.460179+00,17840489,33425
1788949063.007792,1985372,1990659,public,trade,i_t_s_symb,5886066,2026-09-09 10:17:42.988273+00,155351811489,153174506313
1788949063.007792,1985372,1990660,public,trade,i_t_ca_id,52444168,2026-09-09 10:17:42.988273+00,245528796104,242585816479
1788949063.007792,1985302,1990662,public,holding_history,i_hh_t_id,1428931,2026-09-09 10:17:42.988273+00,117710525,117710525
1788949122.124299,1985275,1990584,public,customer_account,pk_customer_account,133299891,2026-09-09 10:18:42.0839+00,133437794,133246390
1788949122.124299,1985325,1990585,public,broker,pk_broker,148829091,2026-09-09 10:18:42.0839+00,148831764,148527635
1788949122.124299,1985343,1990588,public,charge,pk_charge,0,,0,0
1788949122.124299,1985256,1990590,public,account_permission,pk_account_permission,1807651,2026-09-09 10:18:42.005038+00,1807882,1807821
1788949122.124299,1985285,1990592,public,customer_taxrate,pk_customer_taxrate,92015734,2026-09-09 10:18:42.0839+00,18706357,13816865
1788949122.124299,1985335,1990593,public,cash_transaction,pk_cash_transaction,354196743,2026-09-09 10:18:42.005038+00,430309050,426817113
1788949122.124299,1985290,1990597,public,holding,pk_holding,19589751,2026-09-09 10:18:42.0839+00,24459200,19588678
1788949122.124299,1985264,1990596,public,customer,pk_customer,97240896,2026-09-09 10:18:42.0839+00,97430952,97304424
1788949122.124299,1985434,1990600,public,company_competitor,pk_company_competitor,25022813,2026-09-09 10:18:42.005038+00,75068435,0
1788949122.124299,1985548,1990602,public,taxrate,pk_taxrate,18689611,2026-09-09 10:18:42.0839+00,18689618,18687029
1788949122.124299,1985402,1990604,public,trade_request,pk_trade_request,6819465,2026-09-09 10:18:42.0839+00,7144973,6927369
1788949122.124299,1985372,1990607,public,trade,pk_trade,489518902,2026-09-09 10:18:42.0839+00,1091423276,1007736247
1788949122.124299,1985415,1990609,public,trade_type,pk_trade_type,406371,2026-09-09 09:26:35.58092+00,406371,4395
1788949122.124299,1985451,1990611,public,exchange,pk_exchange,388760,2026-09-09 09:26:35.58092+00,388760,385052
1788949122.124299,1985480,1990613,public,industry,pk_industry,85601042,2026-09-09 10:18:42.005038+00,85601042,85424804
1788949122.124299,1985543,1990606,public,status_type,pk_status_type,703226,2026-09-09 09:35:16.238126+00,703226,1575
1788949122.124299,1985351,1990616,public,commission_rate,pk_commission_rate,39978211,2026-09-09 10:18:42.0839+00,70073585,70071073
1788949122.124299,1985440,1990618,public,daily_market,pk_daily_market,2468901086,2026-09-09 10:18:42.005038+00,2412057197,2411683923
1788949122.124299,1985396,1990620,public,trade_history,pk_trade_history,446398307,2026-09-09 10:18:42.005038+00,1268620333,1268275451
1788949122.124299,1985309,1990621,public,holding_summary,pk_holding_summary,213727814,2026-09-09 10:18:42.0839+00,1474262642,1473223109
1788949122.124299,1985512,1990624,public,sector,pk_sector,2361567,2026-09-09 05:14:30.973506+00,2361567,2361567
1788949122.124299,1985402,1990626,public,trade_request,i_tr_s_symb,2403629336,2026-09-09 10:18:42.0839+00,7505372962,7203425962
1788949122.124299,1985315,1990627,public,watch_item,pk_watch_item,19309972,2026-09-09 10:18:42.005038+00,1932756474,61980657
1788949122.124299,1985264,1990629,public,customer,i_c_tax_id,11619318,2026-09-09 10:18:42.005038+00,11619412,11619318
1788949122.124299,1985496,1990630,public,news_item,pk_news_item,50058544,2026-09-09 10:18:42.005038+00,50058795,50050141
1788949122.124299,1985422,1990632,public,company,i_co_name,7220021,2026-09-09 10:18:42.005038+00,7220095,7220021
1788949122.124299,1985517,1990633,public,security,pk_security,2346428405,2026-09-09 10:18:42.0839+00,2346428485,2346237701
1788949122.124299,1985460,1990635,public,financial,pk_financial,25023118,2026-09-09 10:18:42.005038+00,500515218,500462300
1788949122.124299,1985538,1990637,public,address,pk_address,50055416,2026-09-09 10:18:42.005038+00,112547218,112529905
1788949122.124299,1985320,1990639,public,watch_list,pk_watch_list,7374,2026-09-09 10:11:48.773864+00,7374,0
1788949122.124299,1985507,1990641,public,news_xref,pk_news_xref,25035581,2026-09-09 10:18:42.005038+00,50058544,306
1788949122.124299,1985486,1990643,public,last_trade,pk_last_trade,3465562782,2026-09-09 10:18:42.0839+00,3466440890,3465551755
1788949122.124299,1985275,1990645,public,customer_account,i_ca_c_id,23301083,2026-09-09 10:18:42.005038+00,129825059,127917057
1788949122.124299,1985555,1990646,public,zip_code,pk_zip_code,50057944,2026-09-09 10:18:42.005038+00,50057944,50045622
1788949122.124299,1985517,1990648,public,security,i_security,1830533139,2026-09-09 10:18:42.005038+00,2505016873,2505008635
1788949122.124299,1985422,1990649,public,company,pk_company,271917552,2026-09-09 10:18:42.005038+00,4286373762,4286312301
1788949122.124299,1985320,1990651,public,watch_list,i_wl_c_id,19302600,2026-09-09 10:18:42.005038+00,19302600,19302598
1788949122.124299,1985302,1990652,public,holding_history,pk_holding_history,1929192,2026-09-09 10:18:41.972886+00,121543581,121537128
1788949122.124299,1985363,1990654,public,settlement,pk_settlement,376007023,2026-09-09 10:18:42.005038+00,464000282,441438125
1788949122.124299,1985290,1990656,public,holding,i_holding,20590189,2026-09-09 10:18:42.0839+00,510950680,472861817
1788949122.124299,1985440,1990657,public,daily_market,i_dm_s_symb,156,2026-09-09 10:17:48.815397+00,4672493,199665
1788949122.124299,1985372,1990658,public,trade,i_t_st_id,33,2026-09-09 09:24:48.460179+00,17840489,33425
1788949122.124299,1985372,1990659,public,trade,i_t_s_symb,5889416,2026-09-09 10:18:42.005038+00,155455855016,153276668995
1788949122.124299,1985372,1990660,public,trade,i_t_ca_id,52476709,2026-09-09 10:18:42.005038+00,245695967182,242750568673
1788949122.124299,1985302,1990662,public,holding_history,i_hh_t_id,1429803,2026-09-09 10:18:41.972886+00,117711677,117711677
1788949182.280528,1985275,1990584,public,customer_account,pk_customer_account,133387616,2026-09-09 10:19:42.252937+00,133525523,133334076
1788949182.280528,1985325,1990585,public,broker,pk_broker,149153752,2026-09-09 10:19:42.252937+00,149156425,148851994
1788949182.280528,1985343,1990588,public,charge,pk_charge,0,,0,0
1788949182.280528,1985256,1990590,public,account_permission,pk_account_permission,1808825,2026-09-09 10:19:42.23335+00,1809056,1808995
1788949182.280528,1985285,1990592,public,customer_taxrate,pk_customer_taxrate,92079769,2026-09-09 10:19:42.252937+00,18719405,13829592
1788949182.280528,1985335,1990593,public,cash_transaction,pk_cash_transaction,354420559,2026-09-09 10:19:42.23335+00,430529534,427036703
1788949182.280528,1985290,1990597,public,holding,pk_holding,19603859,2026-09-09 10:19:42.252937+00,24473491,19602782
1788949182.280528,1985264,1990596,public,customer,pk_customer,97303896,2026-09-09 10:19:42.252937+00,97493952,97367420
1788949182.280528,1985434,1990600,public,company_competitor,pk_company_competitor,25038709,2026-09-09 10:19:42.23335+00,75116123,0
1788949182.280528,1985548,1990602,public,taxrate,pk_taxrate,18702608,2026-09-09 10:19:42.252937+00,18702615,18700021
1788949182.280528,1985402,1990604,public,trade_request,pk_trade_request,6824153,2026-09-09 10:19:42.252937+00,7149661,6932057
1788949182.280528,1985372,1990607,public,trade,pk_trade,489845009,2026-09-09 10:19:42.252937+00,1091806565,1008062229
1788949182.280528,1985415,1990609,public,trade_type,pk_trade_type,406371,2026-09-09 09:26:35.58092+00,406371,4395
1788949182.280528,1985451,1990611,public,exchange,pk_exchange,388760,2026-09-09 09:26:35.58092+00,388760,385052
1788949182.280528,1985480,1990613,public,industry,pk_industry,85648796,2026-09-09 10:19:42.23335+00,85648796,85472492
1788949182.280528,1985543,1990606,public,status_type,pk_status_type,703226,2026-09-09 09:35:16.238126+00,703226,1575
1788949182.280528,1985351,1990616,public,commission_rate,pk_commission_rate,40004848,2026-09-09 10:19:42.252937+00,70120470,70117954
1788949182.280528,1985440,1990618,public,daily_market,pk_daily_market,2470455405,2026-09-09 10:19:42.23335+00,2413575415,2413201925
1788949182.280528,1985396,1990620,public,trade_history,pk_trade_history,446682296,2026-09-09 10:19:42.23335+00,1269296544,1268951651
1788949182.280528,1985309,1990621,public,holding_summary,pk_holding_summary,213866825,2026-09-09 10:19:42.252937+00,1475203625,1474163832
1788949182.280528,1985512,1990624,public,sector,pk_sector,2361567,2026-09-09 05:14:30.973506+00,2361567,2361567
1788949182.280528,1985402,1990626,public,trade_request,i_tr_s_symb,2405231297,2026-09-09 10:19:42.252937+00,7510734721,7208609802
1788949182.280528,1985315,1990627,public,watch_item,pk_watch_item,19322124,2026-09-09 10:19:42.23335+00,1933971692,62049812
1788949182.280528,1985264,1990629,public,customer,i_c_tax_id,11626707,2026-09-09 10:19:42.23335+00,11626801,11626707
1788949182.280528,1985496,1990630,public,news_item,pk_news_item,50090336,2026-09-09 10:19:42.23335+00,50090587,50081933
1788949182.280528,1985422,1990632,public,company,i_co_name,7224703,2026-09-09 10:19:42.23335+00,7224777,7224703
1788949182.280528,1985517,1990633,public,security,pk_security,2347805349,2026-09-09 10:19:42.252937+00,2347805429,2347614526
1788949182.280528,1985460,1990635,public,financial,pk_financial,25039014,2026-09-09 10:19:42.23335+00,500833138,500780220
1788949182.280528,1985538,1990637,public,address,pk_address,50087208,2026-09-09 10:19:42.23335+00,112618495,112601182
1788949182.280528,1985320,1990639,public,watch_list,pk_watch_list,7374,2026-09-09 10:11:48.773864+00,7374,0
1788949182.280528,1985507,1990641,public,news_xref,pk_news_xref,25051477,2026-09-09 10:19:42.23335+00,50090336,306
1788949182.280528,1985486,1990643,public,last_trade,pk_last_trade,3467751916,2026-09-09 10:19:42.252937+00,3468630024,3467740820
1788949182.280528,1985275,1990645,public,customer_account,i_ca_c_id,23315894,2026-09-09 10:19:42.23335+00,129906186,127998034
1788949182.280528,1985555,1990646,public,zip_code,pk_zip_code,50089736,2026-09-09 10:19:42.23335+00,50089736,50077414
1788949182.280528,1985517,1990648,public,security,i_security,1831713765,2026-09-09 10:19:42.23335+00,2506632967,2506624729
1788949182.280528,1985422,1990649,public,company,pk_company,271989065,2026-09-09 10:19:42.23335+00,4289074223,4289012762
1788949182.280528,1985320,1990651,public,watch_list,i_wl_c_id,19314752,2026-09-09 10:19:42.23335+00,19314752,19314750
1788949182.280528,1985302,1990652,public,holding_history,pk_holding_history,1930392,2026-09-09 10:19:42.169383+00,121547277,121540824
1788949182.280528,1985363,1990654,public,settlement,pk_settlement,376248182,2026-09-09 10:19:42.23335+00,464241675,441679284
1788949182.280528,1985290,1990656,public,holding,i_holding,20603992,2026-09-09 10:19:42.252937+00,511300249,473197622
1788949182.280528,1985440,1990657,public,daily_market,i_dm_s_symb,156,2026-09-09 10:17:48.815397+00,4672493,199665
1788949182.280528,1985372,1990658,public,trade,i_t_st_id,33,2026-09-09 09:24:48.460179+00,17840489,33425
1788949182.280528,1985372,1990659,public,trade,i_t_s_symb,5892785,2026-09-09 10:19:42.23335+00,155560619795,153379534545
1788949182.280528,1985372,1990660,public,trade,i_t_ca_id,52510029,2026-09-09 10:19:42.23335+00,245867647587,242919767097
1788949182.280528,1985302,1990662,public,holding_history,i_hh_t_id,1430694,2026-09-09 10:19:42.169383+00,117712877,117712877
1788949242.394547,1985275,1990584,public,customer_account,pk_customer_account,133473980,2026-09-09 10:20:42.387983+00,133611891,133420405
1788949242.394547,1985325,1990585,public,broker,pk_broker,149477771,2026-09-09 10:20:42.387983+00,149480444,149175733
1788949242.394547,1985343,1990588,public,charge,pk_charge,0,,0,0
1788949242.394547,1985256,1990590,public,account_permission,pk_account_permission,1809961,2026-09-09 10:20:42.381095+00,1810192,1810131
1788949242.394547,1985285,1990592,public,customer_taxrate,pk_customer_taxrate,92142429,2026-09-09 10:20:42.387983+00,18732180,13842107
1788949242.394547,1985335,1990593,public,cash_transaction,pk_cash_transaction,354645389,2026-09-09 10:20:42.381095+00,430751029,427257221
1788949242.394547,1985290,1990597,public,holding,pk_holding,19617690,2026-09-09 10:20:42.387983+00,24487493,19616607
1788949242.394547,1985264,1990596,public,customer,pk_customer,97366280,2026-09-09 10:20:42.387983+00,97556336,97429799
1788949242.394547,1985434,1990600,public,company_competitor,pk_company_competitor,25054544,2026-09-09 10:20:42.381095+00,75163628,0
1788949242.394547,1985548,1990602,public,taxrate,pk_taxrate,18715352,2026-09-09 10:20:42.387983+00,18715359,18712765
1788949242.394547,1985402,1990604,public,trade_request,pk_trade_request,6828686,2026-09-09 10:20:42.387983+00,7154194,6936590
1788949242.394547,1985372,1990607,public,trade,pk_trade,490162084,2026-09-09 10:20:42.387983+00,1092178758,1008379209
1788949242.394547,1985415,1990609,public,trade_type,pk_trade_type,406371,2026-09-09 09:26:35.58092+00,406371,4395
1788949242.394547,1985451,1990611,public,exchange,pk_exchange,388760,2026-09-09 09:26:35.58092+00,388760,385052
1788949242.394547,1985480,1990613,public,industry,pk_industry,85696371,2026-09-09 10:20:42.381095+00,85696371,85519997
1788949242.394547,1985543,1990606,public,status_type,pk_status_type,703226,2026-09-09 09:35:16.238126+00,703226,1575
1788949242.394547,1985351,1990616,public,commission_rate,pk_commission_rate,40030935,2026-09-09 10:20:42.387983+00,70166652,70164134
1788949242.394547,1985440,1990618,public,daily_market,pk_daily_market,2472029969,2026-09-09 10:20:42.381095+00,2415113907,2414740197
1788949242.394547,1985396,1990620,public,trade_history,pk_trade_history,446963956,2026-09-09 10:20:42.381095+00,1269966922,1269622027
1788949242.394547,1985309,1990621,public,holding_summary,pk_holding_summary,214004398,2026-09-09 10:20:42.387983+00,1476138616,1475098600
1788949242.394547,1985512,1990624,public,sector,pk_sector,2361567,2026-09-09 05:14:30.973506+00,2361567,2361567
1788949242.394547,1985402,1990626,public,trade_request,i_tr_s_symb,2406825256,2026-09-09 10:20:42.387983+00,7516106042,7213792989
1788949242.394547,1985315,1990627,public,watch_item,pk_watch_item,19334465,2026-09-09 10:20:42.381095+00,1935209023,62118298
1788949242.394547,1985264,1990629,public,customer,i_c_tax_id,11634157,2026-09-09 10:20:42.381095+00,11634251,11634157
1788949242.394547,1985496,1990630,public,news_item,pk_news_item,50122006,2026-09-09 10:20:42.381095+00,50122257,50113603
1788949242.394547,1985422,1990632,public,company,i_co_name,7229302,2026-09-09 10:20:42.381095+00,7229376,7229302
1788949242.394547,1985517,1990633,public,security,pk_security,2349202255,2026-09-09 10:20:42.387983+00,2349202335,2349011346
1788949242.394547,1985460,1990635,public,financial,pk_financial,25054851,2026-09-09 10:20:42.381095+00,501149898,501096960
1788949242.394547,1985538,1990637,public,address,pk_address,50118878,2026-09-09 10:20:42.381095+00,112689531,112672218
1788949242.394547,1985320,1990639,public,watch_list,pk_watch_list,7374,2026-09-09 10:11:48.773864+00,7374,0
1788949242.394547,1985507,1990641,public,news_xref,pk_news_xref,25067312,2026-09-09 10:20:42.381095+00,50122006,306
1788949242.394547,1985486,1990643,public,last_trade,pk_last_trade,3469957376,2026-09-09 10:20:42.387983+00,3470835484,3469946280
1788949242.394547,1985275,1990645,public,customer_account,i_ca_c_id,23330702,2026-09-09 10:20:42.381095+00,129987436,128079122
1788949242.394547,1985555,1990646,public,zip_code,pk_zip_code,50121406,2026-09-09 10:20:42.381095+00,50121406,50109084
1788949242.394547,1985517,1990648,public,security,i_security,1832887973,2026-09-09 10:20:42.381095+00,2508240835,2508232597
1788949242.394547,1985422,1990649,public,company,pk_company,272060270,2026-09-09 10:20:42.381095+00,4291584452,4291522991
1788949242.394547,1985320,1990651,public,watch_list,i_wl_c_id,19327093,2026-09-09 10:20:42.381095+00,19327093,19327091
1788949242.394547,1985302,1990652,public,holding_history,pk_holding_history,1931643,2026-09-09 10:20:42.340759+00,121551019,121544566
1788949242.394547,1985363,1990654,public,settlement,pk_settlement,376485602,2026-09-09 10:20:42.381095+00,464479326,441916704
1788949242.394547,1985290,1990656,public,holding,i_holding,20617691,2026-09-09 10:20:42.387983+00,511641913,473525555
1788949242.394547,1985440,1990657,public,daily_market,i_dm_s_symb,156,2026-09-09 10:17:48.815397+00,4672493,199665
1788949242.394547,1985372,1990658,public,trade,i_t_st_id,33,2026-09-09 09:24:48.460179+00,17840489,33425
1788949242.394547,1985372,1990659,public,trade,i_t_s_symb,5896252,2026-09-09 10:20:42.381095+00,155667734414,153484714355
1788949242.394547,1985372,1990660,public,trade,i_t_ca_id,52543263,2026-09-09 10:20:42.381095+00,246037710297,243087373716
1788949242.394547,1985302,1990662,public,holding_history,i_hh_t_id,1431645,2026-09-09 10:20:42.340759+00,117714128,117714128
1788949302.535677,1985275,1990584,public,customer_account,pk_customer_account,133560101,2026-09-09 10:21:42.546596+00,133698012,133506490
1788949302.535677,1985325,1990585,public,broker,pk_broker,149796820,2026-09-09 10:21:42.546596+00,149799493,149494466
1788949302.535677,1985343,1990588,public,charge,pk_charge,0,,0,0
1788949302.535677,1985256,1990590,public,account_permission,pk_account_permission,1811160,2026-09-09 10:21:42.4094+00,1811391,1811330
1788949302.535677,1985285,1990592,public,customer_taxrate,pk_customer_taxrate,92204022,2026-09-09 10:21:42.546596+00,18744718,13854327
1788949302.535677,1985335,1990593,public,cash_transaction,pk_cash_transaction,354868305,2026-09-09 10:21:42.509568+00,430970567,427475760
1788949302.535677,1985290,1990597,public,holding,pk_holding,19631265,2026-09-09 10:21:42.546596+00,24501226,19630177
1788949302.535677,1985264,1990596,public,customer,pk_customer,97428341,2026-09-09 10:21:42.546596+00,97618397,97491857
1788949302.535677,1985434,1990600,public,company_competitor,pk_company_competitor,25070294,2026-09-09 10:21:42.509568+00,75210878,0
1788949302.535677,1985548,1990602,public,taxrate,pk_taxrate,18727861,2026-09-09 10:21:42.546596+00,18727868,18725274
1788949302.535677,1985402,1990604,public,trade_request,pk_trade_request,6833088,2026-09-09 10:21:42.546596+00,7158596,6940992
1788949302.535677,1985372,1990607,public,trade,pk_trade,490475465,2026-09-09 10:21:42.546596+00,1092546617,1008692463
1788949302.535677,1985415,1990609,public,trade_type,pk_trade_type,406371,2026-09-09 09:26:35.58092+00,406371,4395
1788949302.535677,1985451,1990611,public,exchange,pk_exchange,388760,2026-09-09 09:26:35.58092+00,388760,385052
1788949302.535677,1985480,1990613,public,industry,pk_industry,85743621,2026-09-09 10:21:42.509568+00,85743621,85567247
1788949302.535677,1985543,1990606,public,status_type,pk_status_type,703226,2026-09-09 09:35:16.238126+00,703226,1575
1788949302.535677,1985351,1990616,public,commission_rate,pk_commission_rate,40057053,2026-09-09 10:21:42.546596+00,70212718,70210195
1788949302.535677,1985440,1990618,public,daily_market,pk_daily_market,2473582384,2026-09-09 10:21:42.509568+00,2416630589,2416256641
1788949302.535677,1985396,1990620,public,trade_history,pk_trade_history,447242556,2026-09-09 10:21:42.509568+00,1270630239,1270285340
1788949302.535677,1985309,1990621,public,holding_summary,pk_holding_summary,214141442,2026-09-09 10:21:42.546596+00,1477065544,1476025230
1788949302.535677,1985512,1990624,public,sector,pk_sector,2361567,2026-09-09 05:14:30.973506+00,2361567,2361567
1788949302.535677,1985402,1990626,public,trade_request,i_tr_s_symb,2408456370,2026-09-09 10:21:42.546596+00,7521691423,7219133179
1788949302.535677,1985315,1990627,public,watch_item,pk_watch_item,19346617,2026-09-09 10:21:42.509568+00,1936423832,62184075
1788949302.535677,1985264,1990629,public,customer,i_c_tax_id,11641410,2026-09-09 10:21:42.509568+00,11641504,11641410
1788949302.535677,1985496,1990630,public,news_item,pk_news_item,50153510,2026-09-09 10:21:42.509568+00,50153761,50145106
1788949302.535677,1985422,1990632,public,company,i_co_name,7233769,2026-09-09 10:21:42.509568+00,7233843,7233769
1788949302.535677,1985517,1990633,public,security,pk_security,2350577882,2026-09-09 10:21:42.546596+00,2350577962,2350386890
1788949302.535677,1985460,1990635,public,financial,pk_financial,25070601,2026-09-09 10:21:42.509568+00,501464898,501411960
1788949302.535677,1985538,1990637,public,address,pk_address,50150378,2026-09-09 10:21:42.509568+00,112760275,112742962
1788949302.535677,1985320,1990639,public,watch_list,pk_watch_list,7374,2026-09-09 10:11:48.773864+00,7374,0
1788949302.535677,1985507,1990641,public,news_xref,pk_news_xref,25083065,2026-09-09 10:21:42.509568+00,50153510,308
1788949302.535677,1985486,1990643,public,last_trade,pk_last_trade,3472134661,2026-09-09 10:21:42.546596+00,3473012769,3472123547
1788949302.535677,1985275,1990645,public,customer_account,i_ca_c_id,23345266,2026-09-09 10:21:42.509568+00,130068011,128159494
1788949302.535677,1985555,1990646,public,zip_code,pk_zip_code,50152906,2026-09-09 10:21:42.509568+00,50152906,50140584
1788949302.535677,1985517,1990648,public,security,i_security,1834092044,2026-09-09 10:21:42.509568+00,2509888638,2509880400
1788949302.535677,1985422,1990649,public,company,pk_company,272131166,2026-09-09 10:21:42.509568+00,4294196831,4294135370
1788949302.535677,1985320,1990651,public,watch_list,i_wl_c_id,19339245,2026-09-09 10:21:42.509568+00,19339245,19339243
1788949302.535677,1985302,1990652,public,holding_history,pk_holding_history,1932818,2026-09-09 10:21:42.509568+00,121554622,121548169
1788949302.535677,1985363,1990654,public,settlement,pk_settlement,376721502,2026-09-09 10:21:42.509568+00,464715466,442152604
1788949302.535677,1985290,1990656,public,holding,i_holding,20631300,2026-09-09 10:21:42.546596+00,511983517,473853372
1788949302.535677,1985440,1990657,public,daily_market,i_dm_s_symb,156,2026-09-09 10:17:48.815397+00,4672493,199665
1788949302.535677,1985372,1990658,public,trade,i_t_st_id,33,2026-09-09 09:24:48.460179+00,17840489,33425
1788949302.535677,1985372,1990659,public,trade,i_t_s_symb,5899767,2026-09-09 10:21:42.509568+00,155776574392,153591585582
1788949302.535677,1985372,1990660,public,trade,i_t_ca_id,52576118,2026-09-09 10:21:42.509568+00,246206534200,243253758109
1788949302.535677,1985302,1990662,public,holding_history,i_hh_t_id,1432536,2026-09-09 10:21:42.509568+00,117715303,117715303
1788949362.663310,1985275,1990584,public,customer_account,pk_customer_account,133645567,2026-09-09 10:22:42.675786+00,133783485,133591930
1788949362.663310,1985325,1990585,public,broker,pk_broker,150111157,2026-09-09 10:22:42.675786+00,150113830,149808365
1788949362.663310,1985343,1990588,public,charge,pk_charge,0,,0,0
1788949362.663310,1985256,1990590,public,account_permission,pk_account_permission,1812322,2026-09-09 10:22:42.599041+00,1812554,1812492
1788949362.663310,1985285,1990592,public,customer_taxrate,pk_customer_taxrate,92264338,2026-09-09 10:22:42.675786+00,18757035,13866334
1788949362.663310,1985335,1990593,public,cash_transaction,pk_cash_transaction,355089451,2026-09-09 10:22:42.675786+00,431188176,427692521
1788949362.663310,1985290,1990597,public,holding,pk_holding,19645063,2026-09-09 10:22:42.596637+00,24515210,19643970
1788949362.663310,1985264,1990596,public,customer,pk_customer,97490034,2026-09-09 10:22:42.675786+00,97680090,97553547
1788949362.663310,1985434,1990600,public,company_competitor,pk_company_competitor,25085826,2026-09-09 10:22:42.675786+00,75257474,0
1788949362.663310,1985548,1990602,public,taxrate,pk_taxrate,18740151,2026-09-09 10:22:42.675786+00,18740158,18737562
1788949362.663310,1985402,1990604,public,trade_request,pk_trade_request,6837436,2026-09-09 10:22:42.596637+00,7162944,6945340
1788949362.663310,1985372,1990607,public,trade,pk_trade,490789331,2026-09-09 10:22:42.675786+00,1092915964,1009006203
1788949362.663310,1985415,1990609,public,trade_type,pk_trade_type,406371,2026-09-09 09:26:35.58092+00,406371,4395
1788949362.663310,1985451,1990611,public,exchange,pk_exchange,388760,2026-09-09 09:26:35.58092+00,388760,385052
1788949362.663310,1985480,1990613,public,industry,pk_industry,85790303,2026-09-09 10:22:42.675786+00,85790303,85613843
1788949362.663310,1985543,1990606,public,status_type,pk_status_type,703226,2026-09-09 09:35:16.238126+00,703226,1575
1788949362.663310,1985351,1990616,public,commission_rate,pk_commission_rate,40083083,2026-09-09 10:22:42.675786+00,70258597,70256070
1788949362.663310,1985440,1990618,public,daily_market,pk_daily_market,2475124306,2026-09-09 10:22:42.675786+00,2418137417,2417763225
1788949362.663310,1985396,1990620,public,trade_history,pk_trade_history,447520133,2026-09-09 10:22:42.675786+00,1271290732,1270945831
1788949362.663310,1985309,1990621,public,holding_summary,pk_holding_summary,214277805,2026-09-09 10:22:42.675786+00,1477986201,1476945542
1788949362.663310,1985512,1990624,public,sector,pk_sector,2361567,2026-09-09 05:14:30.973506+00,2361567,2361567
1788949362.663310,1985402,1990626,public,trade_request,i_tr_s_symb,2410031335,2026-09-09 10:22:42.675786+00,7527243884,7224304518
1788949362.663310,1985315,1990627,public,watch_item,pk_watch_item,19358664,2026-09-09 10:22:42.675786+00,1937634265,62250752
1788949362.663310,1985264,1990629,public,customer,i_c_tax_id,11648681,2026-09-09 10:22:42.675786+00,11648775,11648681
1788949362.663310,1985496,1990630,public,news_item,pk_news_item,50184574,2026-09-09 10:22:42.675786+00,50184825,50176170
1788949362.663310,1985422,1990632,public,company,i_co_name,7238184,2026-09-09 10:22:42.675786+00,7238258,7238184
1788949362.663310,1985517,1990633,public,security,pk_security,2351947268,2026-09-09 10:22:42.675786+00,2351947348,2351756178
1788949362.663310,1985460,1990635,public,financial,pk_financial,25086133,2026-09-09 10:22:42.675786+00,501775538,501722600
1788949362.663310,1985538,1990637,public,address,pk_address,50181442,2026-09-09 10:22:42.675786+00,112830392,112813079
1788949362.663310,1985320,1990639,public,watch_list,pk_watch_list,7374,2026-09-09 10:11:48.773864+00,7374,0
1788949362.663310,1985507,1990641,public,news_xref,pk_news_xref,25098597,2026-09-09 10:22:42.675786+00,50184574,308
1788949362.663310,1985486,1990643,public,last_trade,pk_last_trade,3474299119,2026-09-09 10:22:42.675786+00,3475177227,3474287996
1788949362.663310,1985275,1990645,public,customer_account,i_ca_c_id,23359842,2026-09-09 10:22:42.675786+00,130147987,128239287
1788949362.663310,1985555,1990646,public,zip_code,pk_zip_code,50183970,2026-09-09 10:22:42.675786+00,50183970,50171648
1788949362.663310,1985517,1990648,public,security,i_security,1835253687,2026-09-09 10:22:42.675786+00,2511479245,2511471007
1788949362.663310,1985422,1990649,public,company,pk_company,272201157,2026-09-09 10:22:42.675786+00,4296745830,4296684369
1788949362.663310,1985320,1990651,public,watch_list,i_wl_c_id,19351292,2026-09-09 10:22:42.675786+00,19351292,19351290
1788949362.663310,1985302,1990652,public,holding_history,pk_holding_history,1933913,2026-09-09 10:22:42.559494+00,121557934,121551481
1788949362.663310,1985363,1990654,public,settlement,pk_settlement,376955119,2026-09-09 10:22:42.675786+00,464949315,442386221
1788949362.663310,1985290,1990656,public,holding,i_holding,20644904,2026-09-09 10:22:42.675786+00,512327350,474182814
1788949362.663310,1985440,1990657,public,daily_market,i_dm_s_symb,156,2026-09-09 10:17:48.815397+00,4672493,199665
1788949362.663310,1985372,1990658,public,trade,i_t_st_id,33,2026-09-09 09:24:48.460179+00,17840489,33425
1788949362.663310,1985372,1990659,public,trade,i_t_s_symb,5903260,2026-09-09 10:22:42.675786+00,155885272505,153698316168
1788949362.663310,1985372,1990660,public,trade,i_t_ca_id,52608658,2026-09-09 10:22:42.675786+00,246373037390,243417848398
1788949362.663310,1985302,1990662,public,holding_history,i_hh_t_id,1433374,2026-09-09 10:22:42.559494+00,117716398,117716398
1788949422.867706,1985275,1990584,public,customer_account,pk_customer_account,133732121,2026-09-09 10:23:42.863526+00,133870065,133678445
1788949422.867706,1985325,1990585,public,broker,pk_broker,150426194,2026-09-09 10:23:42.863526+00,150428867,150123012
1788949422.867706,1985343,1990588,public,charge,pk_charge,0,,0,0
1788949422.867706,1985256,1990590,public,account_permission,pk_account_permission,1813456,2026-09-09 10:23:42.821081+00,1813688,1813626
1788949422.867706,1985285,1990592,public,customer_taxrate,pk_customer_taxrate,92323902,2026-09-09 10:23:42.863526+00,18769184,13878227
1788949422.867706,1985335,1990593,public,cash_transaction,pk_cash_transaction,355310916,2026-09-09 10:23:42.863526+00,431406247,427909654
1788949422.867706,1985290,1990597,public,holding,pk_holding,19658422,2026-09-09 10:23:42.856333+00,24528728,19657321
1788949422.867706,1985264,1990596,public,customer,pk_customer,97552035,2026-09-09 10:23:42.863526+00,97742091,97615544
1788949422.867706,1985434,1990600,public,company_competitor,pk_company_competitor,25101419,2026-09-09 10:23:42.863526+00,75304253,0
1788949422.867706,1985548,1990602,public,taxrate,pk_taxrate,18752258,2026-09-09 10:23:42.863526+00,18752265,18749667
1788949422.867706,1985402,1990604,public,trade_request,pk_trade_request,6841892,2026-09-09 10:23:42.856333+00,7167400,6949796
1788949422.867706,1985372,1990607,public,trade,pk_trade,491104113,2026-09-09 10:23:42.863526+00,1093287151,1009320858
1788949422.867706,1985415,1990609,public,trade_type,pk_trade_type,406371,2026-09-09 09:26:35.58092+00,406371,4395
1788949422.867706,1985451,1990611,public,exchange,pk_exchange,388760,2026-09-09 09:26:35.58092+00,388760,385052
1788949422.867706,1985480,1990613,public,industry,pk_industry,85837154,2026-09-09 10:23:42.863526+00,85837154,85660622
1788949422.867706,1985543,1990606,public,status_type,pk_status_type,703226,2026-09-09 09:35:16.238126+00,703226,1575
1788949422.867706,1985351,1990616,public,commission_rate,pk_commission_rate,40109345,2026-09-09 10:23:42.863526+00,70304451,70301924
1788949422.867706,1985440,1990618,public,daily_market,pk_daily_market,2476659599,2026-09-09 10:23:42.863526+00,2419637190,2419262773
1788949422.867706,1985396,1990620,public,trade_history,pk_trade_history,447798235,2026-09-09 10:23:42.863526+00,1271952528,1271607621
1788949422.867706,1985309,1990621,public,holding_summary,pk_holding_summary,214415143,2026-09-09 10:23:42.863526+00,1478912666,1477871725
1788949422.867706,1985512,1990624,public,sector,pk_sector,2361567,2026-09-09 05:14:30.973506+00,2361567,2361567
1788949422.867706,1985402,1990626,public,trade_request,i_tr_s_symb,2411596013,2026-09-09 10:23:42.863526+00,7532557828,7229433728
1788949422.867706,1985315,1990627,public,watch_item,pk_watch_item,19370655,2026-09-09 10:23:42.863526+00,1938834042,62316798
1788949422.867706,1985264,1990629,public,customer,i_c_tax_id,11655838,2026-09-09 10:23:42.863526+00,11655932,11655838
1788949422.867706,1985496,1990630,public,news_item,pk_news_item,50215760,2026-09-09 10:23:42.863526+00,50216011,50207356
1788949422.867706,1985422,1990632,public,company,i_co_name,7242734,2026-09-09 10:23:42.863526+00,7242808,7242734
1788949422.867706,1985517,1990633,public,security,pk_security,2353308172,2026-09-09 10:23:42.863526+00,2353308252,2353116973
1788949422.867706,1985460,1990635,public,financial,pk_financial,25101726,2026-09-09 10:23:42.863526+00,502087398,502034460
1788949422.867706,1985538,1990637,public,address,pk_address,50212628,2026-09-09 10:23:42.863526+00,112900484,112883171
1788949422.867706,1985320,1990639,public,watch_list,pk_watch_list,7374,2026-09-09 10:11:48.773864+00,7374,0
1788949422.867706,1985507,1990641,public,news_xref,pk_news_xref,25114190,2026-09-09 10:23:42.863526+00,50215760,308
1788949422.867706,1985486,1990643,public,last_trade,pk_last_trade,3476460190,2026-09-09 10:23:42.863526+00,3477338298,3476449044
1788949422.867706,1985275,1990645,public,customer_account,i_ca_c_id,23374349,2026-09-09 10:23:42.863526+00,130228185,128319299
1788949422.867706,1985555,1990646,public,zip_code,pk_zip_code,50215156,2026-09-09 10:23:42.863526+00,50215156,50202834
1788949422.867706,1985517,1990648,public,security,i_security,1836410482,2026-09-09 10:23:42.863526+00,2513060963,2513052725
1788949422.867706,1985422,1990649,public,company,pk_company,272271348,2026-09-09 10:23:42.863526+00,4299330015,4299268554
1788949422.867706,1985320,1990651,public,watch_list,i_wl_c_id,19363283,2026-09-09 10:23:42.863526+00,19363283,19363281
1788949422.867706,1985302,1990652,public,holding_history,pk_holding_history,1935100,2026-09-09 10:23:42.863526+00,121561524,121555071
1788949422.867706,1985363,1990654,public,settlement,pk_settlement,377190461,2026-09-09 10:23:42.863526+00,465184916,442621563
1788949422.867706,1985290,1990656,public,holding,i_holding,20658386,2026-09-09 10:23:42.863526+00,512669779,474510073
1788949422.867706,1985440,1990657,public,daily_market,i_dm_s_symb,156,2026-09-09 10:17:48.815397+00,4672493,199665
1788949422.867706,1985372,1990658,public,trade,i_t_st_id,33,2026-09-09 09:24:48.460179+00,17840489,33425
1788949422.867706,1985372,1990659,public,trade,i_t_s_symb,5906695,2026-09-09 10:23:42.863526+00,155991720674,153802837946
1788949422.867706,1985372,1990660,public,trade,i_t_ca_id,52641442,2026-09-09 10:23:42.863526+00,246542035272,243584397675
1788949422.867706,1985302,1990662,public,holding_history,i_hh_t_id,1434259,2026-09-09 10:23:42.863526+00,117717585,117717585
1788949482.939978,1985275,1990584,public,customer_account,pk_customer_account,133817664,2026-09-09 10:24:42.947667+00,133955617,133763957
1788949482.939978,1985325,1990585,public,broker,pk_broker,150737947,2026-09-09 10:24:42.947667+00,150740620,150434437
1788949482.939978,1985343,1990588,public,charge,pk_charge,0,,0,0
1788949482.939978,1985256,1990590,public,account_permission,pk_account_permission,1814543,2026-09-09 10:24:42.869088+00,1814775,1814713
1788949482.939978,1985285,1990592,public,customer_taxrate,pk_customer_taxrate,92386423,2026-09-09 10:24:42.947667+00,18781997,13890776
1788949482.939978,1985335,1990593,public,cash_transaction,pk_cash_transaction,355530798,2026-09-09 10:24:42.918636+00,431622758,428125253
1788949482.939978,1985290,1990597,public,holding,pk_holding,19672271,2026-09-09 10:24:42.947667+00,24542760,19671166
1788949482.939978,1985264,1990596,public,customer,pk_customer,97613528,2026-09-09 10:24:42.947667+00,97803584,97677035
1788949482.939978,1985434,1990600,public,company_competitor,pk_company_competitor,25116938,2026-09-09 10:24:42.918636+00,75350810,0
1788949482.939978,1985548,1990602,public,taxrate,pk_taxrate,18765034,2026-09-09 10:24:42.947667+00,18765041,18762440
1788949482.939978,1985402,1990604,public,trade_request,pk_trade_request,6846275,2026-09-09 10:24:42.947667+00,7171783,6954179
1788949482.939978,1985372,1990607,public,trade,pk_trade,491414158,2026-09-09 10:24:42.947667+00,1093652493,1009630777
1788949482.939978,1985415,1990609,public,trade_type,pk_trade_type,406371,2026-09-09 09:26:35.58092+00,406371,4395
1788949482.939978,1985451,1990611,public,exchange,pk_exchange,388760,2026-09-09 09:26:35.58092+00,388760,385052
1788949482.939978,1985480,1990613,public,industry,pk_industry,85883797,2026-09-09 10:24:42.918636+00,85883797,85707179
1788949482.939978,1985543,1990606,public,status_type,pk_status_type,703226,2026-09-09 09:35:16.238126+00,703226,1575
1788949482.939978,1985351,1990616,public,commission_rate,pk_commission_rate,40135259,2026-09-09 10:24:42.947667+00,70349584,70347053
1788949482.939978,1985440,1990618,public,daily_market,pk_daily_market,2478177955,2026-09-09 10:24:42.918636+00,2421120396,2420745722
1788949482.939978,1985396,1990620,public,trade_history,pk_trade_history,448074555,2026-09-09 10:24:42.918636+00,1272610182,1272265274
1788949482.939978,1985309,1990621,public,holding_summary,pk_holding_summary,214550961,2026-09-09 10:24:42.947667+00,1479830204,1478789024
1788949482.939978,1985512,1990624,public,sector,pk_sector,2361567,2026-09-09 05:14:30.973506+00,2361567,2361567
1788949482.939978,1985402,1990626,public,trade_request,i_tr_s_symb,2413180219,2026-09-09 10:24:42.947667+00,7537918310,7234609431
1788949482.939978,1985315,1990627,public,watch_item,pk_watch_item,19382535,2026-09-09 10:24:42.918636+00,1940018930,62383464
1788949482.939978,1985264,1990629,public,customer,i_c_tax_id,11663108,2026-09-09 10:24:42.918636+00,11663202,11663108
1788949482.939978,1985496,1990630,public,news_item,pk_news_item,50246798,2026-09-09 10:24:42.918636+00,50247049,50238394
1788949482.939978,1985422,1990632,public,company,i_co_name,7247172,2026-09-09 10:24:42.918636+00,7247246,7247172
1788949482.939978,1985517,1990633,public,security,pk_security,2354653665,2026-09-09 10:24:42.947667+00,2354653745,2354462364
1788949482.939978,1985460,1990635,public,financial,pk_financial,25117245,2026-09-09 10:24:42.918636+00,502397778,502344840
1788949482.939978,1985538,1990637,public,address,pk_address,50243666,2026-09-09 10:24:42.918636+00,112970332,112953019
1788949482.939978,1985320,1990639,public,watch_list,pk_watch_list,7382,2026-09-09 10:23:48.855666+00,7382,0
1788949482.939978,1985507,1990641,public,news_xref,pk_news_xref,25129709,2026-09-09 10:24:42.918636+00,50246798,308
1788949482.939978,1985486,1990643,public,last_trade,pk_last_trade,3478597818,2026-09-09 10:24:42.947667+00,3479475926,3478586672
1788949482.939978,1985275,1990645,public,customer_account,i_ca_c_id,23388859,2026-09-09 10:24:42.918636+00,130307919,128398791
1788949482.939978,1985555,1990646,public,zip_code,pk_zip_code,50246194,2026-09-09 10:24:42.918636+00,50246194,50233872
1788949482.939978,1985517,1990648,public,security,i_security,1837580747,2026-09-09 10:24:42.918636+00,2514662475,2514654237
1788949482.939978,1985422,1990649,public,company,pk_company,272341247,2026-09-09 10:24:42.918636+00,4301911409,4301849948
1788949482.939978,1985320,1990651,public,watch_list,i_wl_c_id,19375155,2026-09-09 10:24:42.918636+00,19375155,19375153
1788949482.939978,1985302,1990652,public,holding_history,pk_holding_history,1936331,2026-09-09 10:24:42.918636+00,121565235,121558782
1788949482.939978,1985363,1990654,public,settlement,pk_settlement,377425621,2026-09-09 10:24:42.918636+00,465420300,442856723
1788949482.939978,1985290,1990656,public,holding,i_holding,20672183,2026-09-09 10:24:42.947667+00,513026191,474850227
1788949482.939978,1985440,1990657,public,daily_market,i_dm_s_symb,156,2026-09-09 10:17:48.815397+00,4672493,199665
1788949482.939978,1985372,1990658,public,trade,i_t_st_id,33,2026-09-09 09:24:48.460179+00,17840489,33425
1788949482.939978,1985372,1990659,public,trade,i_t_s_symb,5910075,2026-09-09 10:24:42.918636+00,156096409504,153905631588
1788949482.939978,1985372,1990660,public,trade,i_t_ca_id,52674153,2026-09-09 10:24:42.918636+00,246710565224,243750491026
1788949482.939978,1985302,1990662,public,holding_history,i_hh_t_id,1435186,2026-09-09 10:24:42.918636+00,117718816,117718816
1788949542.117402,1985275,1990584,public,customer_account,pk_customer_account,133902122,2026-09-09 10:25:42.111687+00,134040143,133848370
1788949542.117402,1985325,1990585,public,broker,pk_broker,151045174,2026-09-09 10:25:42.111687+00,151047847,150741297
1788949542.117402,1985343,1990588,public,charge,pk_charge,0,,0,0
1788949542.117402,1985256,1990590,public,account_permission,pk_account_permission,1815674,2026-09-09 10:25:42.094651+00,1815906,1815844
1788949542.117402,1985285,1990592,public,customer_taxrate,pk_customer_taxrate,92446419,2026-09-09 10:25:42.111687+00,18794215,13902737
1788949542.117402,1985335,1990593,public,cash_transaction,pk_cash_transaction,355746694,2026-09-09 10:25:42.111687+00,431835480,428337063
1788949542.117402,1985290,1990597,public,holding,pk_holding,19685744,2026-09-09 10:25:41.543498+00,24556381,19684636
1788949542.117402,1985264,1990596,public,customer,pk_customer,97674203,2026-09-09 10:25:42.111687+00,97864259,97737708
1788949542.117402,1985434,1990600,public,company_competitor,pk_company_competitor,25132220,2026-09-09 10:25:42.111687+00,75396656,0
1788949542.117402,1985548,1990602,public,taxrate,pk_taxrate,18777215,2026-09-09 10:25:42.111687+00,18777222,18774620
1788949542.117402,1985402,1990604,public,trade_request,pk_trade_request,6850591,2026-09-09 10:25:41.526627+00,7176099,6958495
1788949542.117402,1985372,1990607,public,trade,pk_trade,491721135,2026-09-09 10:25:42.111687+00,1094014635,1009937619
1788949542.117402,1985415,1990609,public,trade_type,pk_trade_type,406371,2026-09-09 09:26:35.58092+00,406371,4395
1788949542.117402,1985451,1990611,public,exchange,pk_exchange,388760,2026-09-09 09:26:35.58092+00,388760,385052
1788949542.117402,1985480,1990613,public,industry,pk_industry,85929715,2026-09-09 10:25:42.111687+00,85929715,85753025
1788949542.117402,1985543,1990606,public,status_type,pk_status_type,703226,2026-09-09 09:35:16.238126+00,703226,1575
1788949542.117402,1985351,1990616,public,commission_rate,pk_commission_rate,40160871,2026-09-09 10:25:42.111687+00,70394519,70391986
1788949542.117402,1985440,1990618,public,daily_market,pk_daily_market,2479693650,2026-09-09 10:25:42.111687+00,2422601364,2422226449
1788949542.117402,1985396,1990620,public,trade_history,pk_trade_history,448345685,2026-09-09 10:25:42.111687+00,1273255615,1272910703
1788949542.117402,1985309,1990621,public,holding_summary,pk_holding_summary,214684729,2026-09-09 10:25:42.111687+00,1480731196,1479689749
1788949542.117402,1985512,1990624,public,sector,pk_sector,2361567,2026-09-09 05:14:30.973506+00,2361567,2361567
1788949542.117402,1985402,1990626,public,trade_request,i_tr_s_symb,2414757480,2026-09-09 10:25:42.111687+00,7543317228,7239793290
1788949542.117402,1985315,1990627,public,watch_item,pk_watch_item,19394381,2026-09-09 10:25:42.111687+00,1941205146,62446100
1788949542.117402,1985264,1990629,public,customer,i_c_tax_id,11670161,2026-09-09 10:25:42.111687+00,11670255,11670161
1788949542.117402,1985496,1990630,public,news_item,pk_news_item,50277362,2026-09-09 10:25:42.111687+00,50277613,50268958
1788949542.117402,1985422,1990632,public,company,i_co_name,7251583,2026-09-09 10:25:42.111687+00,7251657,7251583
1788949542.117402,1985517,1990633,public,security,pk_security,2355999013,2026-09-09 10:25:42.111687+00,2355999093,2355807612
1788949542.117402,1985460,1990635,public,financial,pk_financial,25132527,2026-09-09 10:25:42.111687+00,502703418,502650480
1788949542.117402,1985538,1990637,public,address,pk_address,50274230,2026-09-09 10:25:42.111687+00,113038947,113021634
1788949542.117402,1985320,1990639,public,watch_list,pk_watch_list,7382,2026-09-09 10:23:48.855666+00,7382,0
1788949542.117402,1985507,1990641,public,news_xref,pk_news_xref,25144991,2026-09-09 10:25:42.111687+00,50277362,308
1788949542.117402,1985486,1990643,public,last_trade,pk_last_trade,3480720754,2026-09-09 10:25:42.111687+00,3481598862,3480709608
1788949542.117402,1985275,1990645,public,customer_account,i_ca_c_id,23403111,2026-09-09 10:25:42.111687+00,130386279,128476901
1788949542.117402,1985555,1990646,public,zip_code,pk_zip_code,50276758,2026-09-09 10:25:42.111687+00,50276758,50264436
1788949542.117402,1985517,1990648,public,security,i_security,1838747304,2026-09-09 10:25:42.111687+00,2516257903,2516249665
1788949542.117402,1985422,1990649,public,company,pk_company,272410109,2026-09-09 10:25:42.111687+00,4304519255,4304457794
1788949542.117402,1985320,1990651,public,watch_list,i_wl_c_id,19387001,2026-09-09 10:25:42.111687+00,19387001,19386999
1788949542.117402,1985302,1990652,public,holding_history,pk_holding_history,1937509,2026-09-09 10:25:42.038491+00,121568767,121562314
1788949542.117402,1985363,1990654,public,settlement,pk_settlement,377654121,2026-09-09 10:25:42.111687+00,465649010,443085223
1788949542.117402,1985290,1990656,public,holding,i_holding,20685554,2026-09-09 10:25:42.111687+00,513360981,475169398
1788949542.117402,1985440,1990657,public,daily_market,i_dm_s_symb,156,2026-09-09 10:17:48.815397+00,4672493,199665
1788949542.117402,1985372,1990658,public,trade,i_t_st_id,33,2026-09-09 09:24:48.460179+00,17840489,33425
1788949542.117402,1985372,1990659,public,trade,i_t_s_symb,5913431,2026-09-09 10:25:42.111687+00,156200832141,154008164546
1788949542.117402,1985372,1990660,public,trade,i_t_ca_id,52706311,2026-09-09 10:25:42.111687+00,246875312048,243912853085
1788949542.117402,1985302,1990662,public,holding_history,i_hh_t_id,1436076,2026-09-09 10:25:42.038491+00,117719994,117719994
