ctime,relid,schemaname,relname,seq_scan,seq_tup_read,idx_scan,idx_tup_fetch,n_tup_ins,n_tup_upd,n_tup_del,n_tup_hot_upd,n_tup_newpage_upd
1789007050.341182,2188132,public,customer_taxrate,0,0,0,0,0,0,0,0,0
1789007050.341182,3576,pg_catalog,pg_transform,0,0,0,0,0,0,0,0,0
1789007050.341182,2601,pg_catalog,pg_am,0,0,0,0,0,0,0,0,0
1789007050.341182,2188188,pg_toast,pg_toast_2188182,0,0,0,0,0,0,0,0,0
1789007050.341182,3394,pg_catalog,pg_init_privs,0,0,0,0,0,0,0,0,0
1789007050.341182,4167,pg_toast,pg_toast_3256,0,0,0,0,0,0,0,0,0
1789007050.341182,4151,pg_toast,pg_toast_1417,0,0,0,0,0,0,0,0,0
1789007050.341182,2834,pg_toast,pg_toast_2609,0,0,0,0,0,0,0,0,0
1789007050.341182,6000,pg_catalog,pg_replication_origin,0,0,0,0,0,0,0,0,0
1789007050.341182,2188343,public,news_item,0,0,0,0,0,0,0,0,0
1789007050.341182,2840,pg_toast,pg_toast_2619,0,0,0,0,0,0,0,0,0
1789007050.341182,2188122,public,customer_account,0,0,0,0,0,0,0,0,0
1789007050.341182,2328,pg_catalog,pg_foreign_data_wrapper,0,0,0,0,0,0,0,0,0
1789007050.341182,4157,pg_toast,pg_toast_2612,0,0,0,0,0,0,0,0,0
1789007050.341182,1260,pg_catalog,pg_authid,0,0,0,0,0,0,0,0,0
1789007050.341182,6102,pg_catalog,pg_subscription_rel,0,0,0,0,0,0,0,0,0
1789007050.341182,1214,pg_catalog,pg_shdepend,0,0,0,0,0,0,0,0,0
1789007050.341182,4163,pg_toast,pg_toast_2615,0,0,0,0,0,0,0,0,0
1789007050.341182,4169,pg_toast,pg_toast_3600,0,0,0,0,0,0,0,0,0
1789007050.341182,2615,pg_catalog,pg_namespace,1,4,5,2,0,0,0,0,0
1789007050.341182,2188162,public,watch_item,0,0,0,0,0,0,0,0,0
1789007050.341182,2188167,public,watch_list,0,0,0,0,0,0,0,0,0
1789007050.341182,2188243,public,trade_history,0,0,0,0,0,0,0,0,0
1789007050.341182,2188210,public,settlement,0,0,0,0,0,0,0,0,0
1789007050.341182,2188269,public,company,0,0,0,0,0,0,0,0,0
1789007050.341182,2396,pg_catalog,pg_shdescription,0,0,0,0,0,0,0,0,0
1789007050.341182,3600,pg_catalog,pg_ts_dict,0,0,0,0,0,0,0,0,0
1789007050.341182,3596,pg_catalog,pg_seclabel,0,0,0,0,0,0,0,0,0
1789007050.341182,2609,pg_catalog,pg_description,0,0,0,0,0,0,0,0,0
1789007050.341182,13482,pg_toast,pg_toast_13479,0,0,0,0,0,0,0,0,0
1789007050.341182,2188156,public,holding_summary,0,0,0,0,0,0,0,0,0
1789007050.341182,2188390,public,status_type,0,0,0,0,0,0,0,0,0
1789007050.341182,2188395,public,taxrate,0,0,0,0,0,0,0,0,0
1789007050.341182,3603,pg_catalog,pg_ts_config_map,0,0,0,0,0,0,0,0,0
1789007050.341182,1213,pg_catalog,pg_tablespace,0,0,1,1,0,0,0,0,0
1789007050.341182,2188383,pg_toast,pg_toast_2188364,0,0,0,0,0,0,0,0,0
1789007050.341182,2608,pg_catalog,pg_depend,0,0,0,0,0,0,0,0,0
1789007050.341182,2964,pg_catalog,pg_db_role_setting,0,0,0,0,0,0,0,0,0
1789007050.341182,1418,pg_catalog,pg_user_mapping,0,0,0,0,0,0,0,0,0
1789007050.341182,2613,pg_catalog,pg_largeobject,0,0,0,0,0,0,0,0,0
1789007050.341182,6175,pg_toast,pg_toast_3456,0,0,0,0,0,0,0,0,0
1789007050.341182,1261,pg_catalog,pg_auth_members,0,0,0,0,0,0,0,0,0
1789007050.341182,2617,pg_catalog,pg_operator,0,0,5,5,0,0,0,0,0
1789007050.341182,2188352,pg_toast,pg_toast_2188343,0,0,0,0,0,0,0,0,0
1789007050.341182,2188341,pg_toast,pg_toast_2188333,0,0,0,0,0,0,0,0,0
1789007050.341182,2610,pg_catalog,pg_index,1,221,11,14,0,0,0,0,0
1789007050.341182,1249,pg_catalog,pg_attribute,0,0,75,92,0,0,0,0,0
1789007050.341182,2188281,public,company_competitor,0,0,0,0,0,0,0,0,0
1789007050.341182,2600,pg_catalog,pg_aggregate,0,0,1,1,0,0,0,0,0
1789007050.341182,2188180,pg_toast,pg_toast_2188172,0,0,0,0,0,0,0,0,0
1789007050.341182,2188354,public,news_xref,0,0,0,0,0,0,0,0,0
1789007050.341182,2966,pg_toast,pg_toast_2964,0,0,0,0,0,0,0,0,0
1789007050.341182,2188402,public,zip_code,0,0,0,0,0,0,0,0,0
1789007050.341182,2618,pg_catalog,pg_rewrite,0,0,1,1,0,0,0,0,0
1789007050.341182,4177,pg_toast,pg_toast_1262,0,0,0,0,0,0,0,0,0
1789007050.341182,13484,information_schema,sql_parts,0,0,,,0,0,0,0,0
1789007050.341182,4159,pg_toast,pg_toast_2600,0,0,0,0,0,0,0,0,0
1789007050.341182,4147,pg_toast,pg_toast_3079,0,0,0,0,0,0,0,0,0
1789007050.341182,13474,information_schema,sql_features,0,0,,,0,0,0,0,0
1789007050.341182,1247,pg_catalog,pg_type,0,0,19,19,0,0,0,0,0
1789007050.341182,2602,pg_catalog,pg_amop,0,0,12,25,0,0,0,0,0
1789007050.341182,3439,pg_toast,pg_toast_3381,0,0,0,0,0,0,0,0,0
1789007050.341182,2846,pg_toast,pg_toast_2396,0,0,0,0,0,0,0,0,0
1789007050.341182,4145,pg_toast,pg_toast_3466,0,0,0,0,0,0,0,0,0
1789007050.341182,2188385,public,address,0,0,0,0,0,0,0,0,0
1789007050.341182,2188137,public,holding,0,0,0,0,0,0,0,0,0
1789007050.341182,3541,pg_catalog,pg_range,0,0,0,0,0,0,0,0,0
1789007050.341182,3602,pg_catalog,pg_ts_config,0,0,0,0,0,0,0,0,0
1789007050.341182,4183,pg_toast,pg_toast_6100,0,0,0,0,0,0,0,0,0
1789007050.341182,2188333,public,last_trade,0,0,0,0,0,0,0,0,0
1789007050.341182,2224,pg_catalog,pg_sequence,0,0,0,0,0,0,0,0,0
1789007050.341182,2611,pg_catalog,pg_inherits,0,0,0,0,0,0,0,0,0
1789007050.341182,1417,pg_catalog,pg_foreign_server,0,0,0,0,0,0,0,0,0
1789007050.341182,1262,pg_catalog,pg_database,0,0,0,0,0,0,0,0,0
1789007050.341182,2188182,public,cash_transaction,0,0,0,0,0,0,0,0,0
1789007050.341182,13492,pg_toast,pg_toast_13489,0,0,0,0,0,0,0,0,0
1789007050.341182,3501,pg_catalog,pg_enum,0,0,0,0,0,0,0,0,0
1789007050.341182,2607,pg_catalog,pg_conversion,0,0,0,0,0,0,0,0,0
1789007050.341182,2188359,public,sector,0,0,0,0,0,0,0,0,0
1789007050.341182,2188217,pg_toast,pg_toast_2188210,0,0,0,0,0,0,0,0,0
1789007050.341182,826,pg_catalog,pg_default_acl,0,0,0,0,0,0,0,0,0
1789007050.341182,2604,pg_catalog,pg_attrdef,0,0,0,0,0,0,0,0,0
1789007050.341182,2336,pg_toast,pg_toast_2620,0,0,0,0,0,0,0,0,0
1789007050.341182,2188149,public,holding_history,0,0,0,0,0,0,0,0,0
1789007050.341182,2603,pg_catalog,pg_amproc,0,0,5,11,0,0,0,0,0
1789007050.341182,2606,pg_catalog,pg_constraint,0,0,3,8,0,0,0,0,0
1789007050.341182,1255,pg_catalog,pg_proc,0,0,19,24,0,0,0,0,0
1789007050.341182,4173,pg_toast,pg_toast_1418,0,0,0,0,0,0,0,0,0
1789007050.341182,2620,pg_catalog,pg_trigger,0,0,0,0,0,0,0,0,0
1789007050.341182,2188241,pg_toast,pg_toast_2188219,0,0,0,0,0,0,0,0,0
1789007050.341182,2612,pg_catalog,pg_language,0,0,0,0,0,0,0,0,0
1789007050.341182,4149,pg_toast,pg_toast_2328,0,0,0,0,0,0,0,0,0
1789007050.341182,6351,pg_toast,pg_toast_2610,0,0,0,0,0,0,0,0,0
1789007050.341182,13489,information_schema,sql_sizing,0,0,,,0,0,0,0,0
1789007050.341182,3598,pg_toast,pg_toast_3596,0,0,0,0,0,0,0,0,0
1789007050.341182,2188111,public,customer,0,0,0,0,0,0,0,0,0
1789007050.341182,2836,pg_toast,pg_toast_1255,0,0,0,0,0,0,0,0,0
1789007050.341182,3456,pg_catalog,pg_collation,0,0,0,0,0,0,0,0,0
1789007050.341182,3079,pg_catalog,pg_extension,0,0,0,0,0,0,0,0,0
1789007050.341182,2188262,public,trade_type,0,0,0,0,0,0,0,0,0
1789007050.341182,6100,pg_catalog,pg_subscription,0,0,0,0,0,0,0,0,0
1789007050.341182,2188249,public,trade_request,0,0,0,0,0,0,0,0,0
1789007050.341182,2188198,public,commission_rate,0,0,0,0,0,0,0,0,0
1789007050.341182,2188130,pg_toast,pg_toast_2188122,0,0,0,0,0,0,0,0,0
1789007050.341182,2832,pg_toast,pg_toast_2606,0,0,0,0,0,0,0,0,0
1789007050.341182,3256,pg_catalog,pg_policy,0,0,0,0,0,0,0,0,0
1789007050.341182,2188172,public,broker,0,0,0,0,0,0,0,0,0
1789007050.341182,2188296,pg_toast,pg_toast_2188287,0,0,0,0,0,0,0,0,0
1789007050.341182,2188307,public,financial,0,0,0,0,0,0,0,0,0
1789007050.341182,2188103,public,account_permission,0,0,0,0,0,0,0,0,0
1789007050.341182,3466,pg_catalog,pg_event_trigger,0,0,0,0,0,0,0,0,0
1789007050.341182,3592,pg_catalog,pg_shseclabel,0,0,0,0,0,0,0,0,0
1789007050.341182,3764,pg_catalog,pg_ts_template,0,0,0,0,0,0,0,0,0
1789007050.341182,6237,pg_catalog,pg_publication_namespace,0,0,0,0,0,0,0,0,0
1789007050.341182,13487,pg_toast,pg_toast_13484,0,0,0,0,0,0,0,0,0
1789007050.341182,2995,pg_catalog,pg_largeobject_metadata,0,0,0,0,0,0,0,0,0
1789007050.341182,4143,pg_toast,pg_toast_826,0,0,0,0,0,0,0,0,0
1789007050.341182,4185,pg_toast,pg_toast_1213,0,0,0,0,0,0,0,0,0
1789007050.341182,2188287,public,daily_market,0,0,0,0,0,0,0,0,0
1789007050.341182,2188190,public,charge,0,0,0,0,0,0,0,0,0
1789007050.341182,6243,pg_catalog,pg_parameter_acl,0,0,0,0,0,0,0,0,0
1789007050.341182,2616,pg_catalog,pg_opclass,0,0,8,134,0,0,0,0,0
1789007050.341182,2188298,public,exchange,0,0,0,0,0,0,0,0,0
1789007050.341182,2188147,pg_toast,pg_toast_2188137,0,0,0,0,0,0,0,0,0
1789007050.341182,2838,pg_toast,pg_toast_2618,0,0,1,3,0,0,0,0,0
1789007050.341182,2188327,public,industry,0,0,0,0,0,0,0,0,0
1789007050.341182,6228,pg_toast,pg_toast_6106,0,0,0,0,0,0,0,0,0
1789007050.341182,2188325,pg_toast,pg_toast_2188307,0,0,0,0,0,0,0,0,0
1789007050.341182,2188364,public,security,0,0,0,0,0,0,0,0,0
1789007050.341182,3118,pg_catalog,pg_foreign_table,0,0,0,0,0,0,0,0,0
1789007050.341182,1259,pg_catalog,pg_class,1,523,12,12,0,0,0,0,0
1789007050.341182,3350,pg_catalog,pg_partitioned_table,0,0,0,0,0,0,0,0,0
1789007050.341182,4153,pg_toast,pg_toast_3118,0,0,0,0,0,0,0,0,0
1789007050.341182,4060,pg_toast,pg_toast_3592,0,0,0,0,0,0,0,0,0
1789007050.341182,4165,pg_toast,pg_toast_3350,0,0,0,0,0,0,0,0,0
1789007050.341182,2753,pg_catalog,pg_opfamily,0,0,2,2,0,0,0,0,0
1789007050.341182,3601,pg_catalog,pg_ts_parser,0,0,0,0,0,0,0,0,0
1789007050.341182,2188219,public,trade,0,0,0,0,0,0,0,0,0
1789007050.341182,2188260,pg_toast,pg_toast_2188249,0,0,0,0,0,0,0,0,0
1789007050.341182,6104,pg_catalog,pg_publication,0,0,0,0,0,0,0,0,0
1789007050.341182,13477,pg_toast,pg_toast_13474,0,0,0,0,0,0,0,0,0
1789007050.341182,3429,pg_catalog,pg_statistic_ext_data,0,0,0,0,0,0,0,0,0
1789007050.341182,2619,pg_catalog,pg_statistic,0,0,17,8,0,0,0,0,0
1789007050.341182,4155,pg_toast,pg_toast_3394,0,0,0,0,0,0,0,0,0
1789007050.341182,2188196,pg_toast,pg_toast_2188190,0,0,0,0,0,0,0,0,0
1789007050.341182,3381,pg_catalog,pg_statistic_ext,0,0,3,0,0,0,0,0,0
1789007050.341182,6106,pg_catalog,pg_publication_rel,0,0,0,0,0,0,0,0,0
1789007050.341182,2605,pg_catalog,pg_cast,0,0,34,7,0,0,0,0,0
1789007050.341182,4171,pg_toast,pg_toast_1247,0,0,0,0,0,0,0,0,0
1789007050.341182,2830,pg_toast,pg_toast_2604,0,0,0,0,0,0,0,0,0
1789007050.341182,13479,information_schema,sql_implementation_info,0,0,,,0,0,0,0,0
1789007050.341182,6244,pg_toast,pg_toast_6243,0,0,0,0,0,0,0,0,0
1789007050.341182,3430,pg_toast,pg_toast_3429,0,0,0,0,0,0,0,0,0
1789007110.406395,2188132,public,customer_taxrate,0,0,0,0,0,0,0,0,0
1789007110.406395,3576,pg_catalog,pg_transform,0,0,0,0,0,0,0,0,0
1789007110.406395,2601,pg_catalog,pg_am,0,0,0,0,0,0,0,0,0
1789007110.406395,2188188,pg_toast,pg_toast_2188182,0,0,0,0,0,0,0,0,0
1789007110.406395,3394,pg_catalog,pg_init_privs,0,0,0,0,0,0,0,0,0
1789007110.406395,4167,pg_toast,pg_toast_3256,0,0,0,0,0,0,0,0,0
1789007110.406395,4151,pg_toast,pg_toast_1417,0,0,0,0,0,0,0,0,0
1789007110.406395,2834,pg_toast,pg_toast_2609,0,0,0,0,0,0,0,0,0
1789007110.406395,6000,pg_catalog,pg_replication_origin,0,0,0,0,0,0,0,0,0
1789007110.406395,2188343,public,news_item,0,0,0,0,0,0,0,0,0
1789007110.406395,2840,pg_toast,pg_toast_2619,0,0,0,0,0,0,0,0,0
1789007110.406395,2188122,public,customer_account,0,0,0,0,0,0,0,0,0
1789007110.406395,2328,pg_catalog,pg_foreign_data_wrapper,0,0,0,0,0,0,0,0,0
1789007110.406395,4157,pg_toast,pg_toast_2612,0,0,0,0,0,0,0,0,0
1789007110.406395,1260,pg_catalog,pg_authid,0,0,0,0,0,0,0,0,0
1789007110.406395,6102,pg_catalog,pg_subscription_rel,0,0,0,0,0,0,0,0,0
1789007110.406395,1214,pg_catalog,pg_shdepend,0,0,0,0,0,0,0,0,0
1789007110.406395,4163,pg_toast,pg_toast_2615,0,0,0,0,0,0,0,0,0
1789007110.406395,4169,pg_toast,pg_toast_3600,0,0,0,0,0,0,0,0,0
1789007110.406395,2615,pg_catalog,pg_namespace,1,4,5,2,0,0,0,0,0
1789007110.406395,2188162,public,watch_item,0,0,0,0,0,0,0,0,0
1789007110.406395,2188167,public,watch_list,0,0,0,0,0,0,0,0,0
1789007110.406395,2188243,public,trade_history,0,0,0,0,0,0,0,0,0
1789007110.406395,2188210,public,settlement,0,0,0,0,0,0,0,0,0
1789007110.406395,2188269,public,company,0,0,0,0,0,0,0,0,0
1789007110.406395,2396,pg_catalog,pg_shdescription,0,0,0,0,0,0,0,0,0
1789007110.406395,3600,pg_catalog,pg_ts_dict,0,0,0,0,0,0,0,0,0
1789007110.406395,3596,pg_catalog,pg_seclabel,0,0,0,0,0,0,0,0,0
1789007110.406395,2609,pg_catalog,pg_description,0,0,0,0,0,0,0,0,0
1789007110.406395,13482,pg_toast,pg_toast_13479,0,0,0,0,0,0,0,0,0
1789007110.406395,2188156,public,holding_summary,0,0,0,0,0,0,0,0,0
1789007110.406395,2188390,public,status_type,0,0,0,0,0,0,0,0,0
1789007110.406395,2188395,public,taxrate,0,0,0,0,0,0,0,0,0
1789007110.406395,3603,pg_catalog,pg_ts_config_map,0,0,0,0,0,0,0,0,0
1789007110.406395,1213,pg_catalog,pg_tablespace,0,0,1,1,0,0,0,0,0
1789007110.406395,2188383,pg_toast,pg_toast_2188364,0,0,0,0,0,0,0,0,0
1789007110.406395,2608,pg_catalog,pg_depend,0,0,0,0,0,0,0,0,0
1789007110.406395,2964,pg_catalog,pg_db_role_setting,0,0,0,0,0,0,0,0,0
1789007110.406395,1418,pg_catalog,pg_user_mapping,0,0,0,0,0,0,0,0,0
1789007110.406395,2613,pg_catalog,pg_largeobject,0,0,0,0,0,0,0,0,0
1789007110.406395,6175,pg_toast,pg_toast_3456,0,0,0,0,0,0,0,0,0
1789007110.406395,1261,pg_catalog,pg_auth_members,0,0,0,0,0,0,0,0,0
1789007110.406395,2617,pg_catalog,pg_operator,0,0,5,5,0,0,0,0,0
1789007110.406395,2188352,pg_toast,pg_toast_2188343,0,0,0,0,0,0,0,0,0
1789007110.406395,2188341,pg_toast,pg_toast_2188333,0,0,0,0,0,0,0,0,0
1789007110.406395,2610,pg_catalog,pg_index,1,221,11,14,0,0,0,0,0
1789007110.406395,1249,pg_catalog,pg_attribute,0,0,75,92,0,0,0,0,0
1789007110.406395,2188281,public,company_competitor,0,0,0,0,0,0,0,0,0
1789007110.406395,2600,pg_catalog,pg_aggregate,0,0,1,1,0,0,0,0,0
1789007110.406395,2188180,pg_toast,pg_toast_2188172,0,0,0,0,0,0,0,0,0
1789007110.406395,2188354,public,news_xref,0,0,0,0,0,0,0,0,0
1789007110.406395,2966,pg_toast,pg_toast_2964,0,0,0,0,0,0,0,0,0
1789007110.406395,2188402,public,zip_code,0,0,0,0,0,0,0,0,0
1789007110.406395,2618,pg_catalog,pg_rewrite,0,0,1,1,0,0,0,0,0
1789007110.406395,4177,pg_toast,pg_toast_1262,0,0,0,0,0,0,0,0,0
1789007110.406395,13484,information_schema,sql_parts,0,0,,,0,0,0,0,0
1789007110.406395,4159,pg_toast,pg_toast_2600,0,0,0,0,0,0,0,0,0
1789007110.406395,4147,pg_toast,pg_toast_3079,0,0,0,0,0,0,0,0,0
1789007110.406395,13474,information_schema,sql_features,0,0,,,0,0,0,0,0
1789007110.406395,1247,pg_catalog,pg_type,0,0,19,19,0,0,0,0,0
1789007110.406395,2602,pg_catalog,pg_amop,0,0,12,25,0,0,0,0,0
1789007110.406395,3439,pg_toast,pg_toast_3381,0,0,0,0,0,0,0,0,0
1789007110.406395,2846,pg_toast,pg_toast_2396,0,0,0,0,0,0,0,0,0
1789007110.406395,4145,pg_toast,pg_toast_3466,0,0,0,0,0,0,0,0,0
1789007110.406395,2188385,public,address,0,0,0,0,0,0,0,0,0
1789007110.406395,2188137,public,holding,0,0,0,0,0,0,0,0,0
1789007110.406395,3541,pg_catalog,pg_range,0,0,0,0,0,0,0,0,0
1789007110.406395,3602,pg_catalog,pg_ts_config,0,0,0,0,0,0,0,0,0
1789007110.406395,4183,pg_toast,pg_toast_6100,0,0,0,0,0,0,0,0,0
1789007110.406395,2188333,public,last_trade,0,0,0,0,0,0,0,0,0
1789007110.406395,2224,pg_catalog,pg_sequence,0,0,0,0,0,0,0,0,0
1789007110.406395,2611,pg_catalog,pg_inherits,0,0,0,0,0,0,0,0,0
1789007110.406395,1417,pg_catalog,pg_foreign_server,0,0,0,0,0,0,0,0,0
1789007110.406395,1262,pg_catalog,pg_database,0,0,0,0,0,0,0,0,0
1789007110.406395,2188182,public,cash_transaction,0,0,0,0,0,0,0,0,0
1789007110.406395,13492,pg_toast,pg_toast_13489,0,0,0,0,0,0,0,0,0
1789007110.406395,3501,pg_catalog,pg_enum,0,0,0,0,0,0,0,0,0
1789007110.406395,2607,pg_catalog,pg_conversion,0,0,0,0,0,0,0,0,0
1789007110.406395,2188359,public,sector,0,0,0,0,0,0,0,0,0
1789007110.406395,2188217,pg_toast,pg_toast_2188210,0,0,0,0,0,0,0,0,0
1789007110.406395,826,pg_catalog,pg_default_acl,0,0,0,0,0,0,0,0,0
1789007110.406395,2604,pg_catalog,pg_attrdef,0,0,0,0,0,0,0,0,0
1789007110.406395,2336,pg_toast,pg_toast_2620,0,0,0,0,0,0,0,0,0
1789007110.406395,2188149,public,holding_history,0,0,0,0,0,0,0,0,0
1789007110.406395,2603,pg_catalog,pg_amproc,0,0,5,11,0,0,0,0,0
1789007110.406395,2606,pg_catalog,pg_constraint,0,0,3,8,0,0,0,0,0
1789007110.406395,1255,pg_catalog,pg_proc,0,0,19,24,0,0,0,0,0
1789007110.406395,4173,pg_toast,pg_toast_1418,0,0,0,0,0,0,0,0,0
1789007110.406395,2620,pg_catalog,pg_trigger,0,0,0,0,0,0,0,0,0
1789007110.406395,2188241,pg_toast,pg_toast_2188219,0,0,0,0,0,0,0,0,0
1789007110.406395,2612,pg_catalog,pg_language,0,0,0,0,0,0,0,0,0
1789007110.406395,4149,pg_toast,pg_toast_2328,0,0,0,0,0,0,0,0,0
1789007110.406395,6351,pg_toast,pg_toast_2610,0,0,0,0,0,0,0,0,0
1789007110.406395,13489,information_schema,sql_sizing,0,0,,,0,0,0,0,0
1789007110.406395,3598,pg_toast,pg_toast_3596,0,0,0,0,0,0,0,0,0
1789007110.406395,2188111,public,customer,0,0,0,0,0,0,0,0,0
1789007110.406395,2836,pg_toast,pg_toast_1255,0,0,0,0,0,0,0,0,0
1789007110.406395,3456,pg_catalog,pg_collation,0,0,0,0,0,0,0,0,0
1789007110.406395,3079,pg_catalog,pg_extension,0,0,0,0,0,0,0,0,0
1789007110.406395,2188262,public,trade_type,0,0,0,0,0,0,0,0,0
1789007110.406395,6100,pg_catalog,pg_subscription,0,0,0,0,0,0,0,0,0
1789007110.406395,2188249,public,trade_request,0,0,0,0,0,0,0,0,0
1789007110.406395,2188198,public,commission_rate,0,0,0,0,0,0,0,0,0
1789007110.406395,2188130,pg_toast,pg_toast_2188122,0,0,0,0,0,0,0,0,0
1789007110.406395,2832,pg_toast,pg_toast_2606,0,0,0,0,0,0,0,0,0
1789007110.406395,3256,pg_catalog,pg_policy,0,0,0,0,0,0,0,0,0
1789007110.406395,2188172,public,broker,0,0,0,0,0,0,0,0,0
1789007110.406395,2188296,pg_toast,pg_toast_2188287,0,0,0,0,0,0,0,0,0
1789007110.406395,2188307,public,financial,0,0,0,0,0,0,0,0,0
1789007110.406395,2188103,public,account_permission,0,0,0,0,0,0,0,0,0
1789007110.406395,3466,pg_catalog,pg_event_trigger,0,0,0,0,0,0,0,0,0
1789007110.406395,3592,pg_catalog,pg_shseclabel,0,0,0,0,0,0,0,0,0
1789007110.406395,3764,pg_catalog,pg_ts_template,0,0,0,0,0,0,0,0,0
1789007110.406395,6237,pg_catalog,pg_publication_namespace,0,0,0,0,0,0,0,0,0
1789007110.406395,13487,pg_toast,pg_toast_13484,0,0,0,0,0,0,0,0,0
1789007110.406395,2995,pg_catalog,pg_largeobject_metadata,0,0,0,0,0,0,0,0,0
1789007110.406395,4143,pg_toast,pg_toast_826,0,0,0,0,0,0,0,0,0
1789007110.406395,4185,pg_toast,pg_toast_1213,0,0,0,0,0,0,0,0,0
1789007110.406395,2188287,public,daily_market,0,0,0,0,0,0,0,0,0
1789007110.406395,2188190,public,charge,0,0,0,0,0,0,0,0,0
1789007110.406395,6243,pg_catalog,pg_parameter_acl,0,0,0,0,0,0,0,0,0
1789007110.406395,2616,pg_catalog,pg_opclass,0,0,8,134,0,0,0,0,0
1789007110.406395,2188298,public,exchange,0,0,0,0,0,0,0,0,0
1789007110.406395,2188147,pg_toast,pg_toast_2188137,0,0,0,0,0,0,0,0,0
1789007110.406395,2838,pg_toast,pg_toast_2618,0,0,1,3,0,0,0,0,0
1789007110.406395,2188327,public,industry,0,0,0,0,0,0,0,0,0
1789007110.406395,6228,pg_toast,pg_toast_6106,0,0,0,0,0,0,0,0,0
1789007110.406395,2188325,pg_toast,pg_toast_2188307,0,0,0,0,0,0,0,0,0
1789007110.406395,2188364,public,security,0,0,0,0,0,0,0,0,0
1789007110.406395,3118,pg_catalog,pg_foreign_table,0,0,0,0,0,0,0,0,0
1789007110.406395,1259,pg_catalog,pg_class,1,523,12,12,0,0,0,0,0
1789007110.406395,3350,pg_catalog,pg_partitioned_table,0,0,0,0,0,0,0,0,0
1789007110.406395,4153,pg_toast,pg_toast_3118,0,0,0,0,0,0,0,0,0
1789007110.406395,4060,pg_toast,pg_toast_3592,0,0,0,0,0,0,0,0,0
1789007110.406395,4165,pg_toast,pg_toast_3350,0,0,0,0,0,0,0,0,0
1789007110.406395,2753,pg_catalog,pg_opfamily,0,0,2,2,0,0,0,0,0
1789007110.406395,3601,pg_catalog,pg_ts_parser,0,0,0,0,0,0,0,0,0
1789007110.406395,2188219,public,trade,0,0,0,0,0,0,0,0,0
1789007110.406395,2188260,pg_toast,pg_toast_2188249,0,0,0,0,0,0,0,0,0
1789007110.406395,6104,pg_catalog,pg_publication,0,0,0,0,0,0,0,0,0
1789007110.406395,13477,pg_toast,pg_toast_13474,0,0,0,0,0,0,0,0,0
1789007110.406395,3429,pg_catalog,pg_statistic_ext_data,0,0,0,0,0,0,0,0,0
1789007110.406395,2619,pg_catalog,pg_statistic,0,0,17,8,0,0,0,0,0
1789007110.406395,4155,pg_toast,pg_toast_3394,0,0,0,0,0,0,0,0,0
1789007110.406395,2188196,pg_toast,pg_toast_2188190,0,0,0,0,0,0,0,0,0
1789007110.406395,3381,pg_catalog,pg_statistic_ext,0,0,3,0,0,0,0,0,0
1789007110.406395,6106,pg_catalog,pg_publication_rel,0,0,0,0,0,0,0,0,0
1789007110.406395,2605,pg_catalog,pg_cast,0,0,34,7,0,0,0,0,0
1789007110.406395,4171,pg_toast,pg_toast_1247,0,0,0,0,0,0,0,0,0
1789007110.406395,2830,pg_toast,pg_toast_2604,0,0,0,0,0,0,0,0,0
1789007110.406395,13479,information_schema,sql_implementation_info,0,0,,,0,0,0,0,0
1789007110.406395,6244,pg_toast,pg_toast_6243,0,0,0,0,0,0,0,0,0
1789007110.406395,3430,pg_toast,pg_toast_3429,0,0,0,0,0,0,0,0,0
1789007170.498353,2188132,public,customer_taxrate,0,0,0,0,0,0,0,0,0
1789007170.498353,3576,pg_catalog,pg_transform,0,0,0,0,0,0,0,0,0
1789007170.498353,2601,pg_catalog,pg_am,0,0,0,0,0,0,0,0,0
1789007170.498353,2188188,pg_toast,pg_toast_2188182,0,0,0,0,0,0,0,0,0
1789007170.498353,3394,pg_catalog,pg_init_privs,0,0,0,0,0,0,0,0,0
1789007170.498353,4167,pg_toast,pg_toast_3256,0,0,0,0,0,0,0,0,0
1789007170.498353,4151,pg_toast,pg_toast_1417,0,0,0,0,0,0,0,0,0
1789007170.498353,2834,pg_toast,pg_toast_2609,0,0,0,0,0,0,0,0,0
1789007170.498353,6000,pg_catalog,pg_replication_origin,0,0,0,0,0,0,0,0,0
1789007170.498353,2188343,public,news_item,0,0,0,0,0,0,0,0,0
1789007170.498353,2840,pg_toast,pg_toast_2619,0,0,0,0,0,0,0,0,0
1789007170.498353,2188122,public,customer_account,0,0,0,0,0,0,0,0,0
1789007170.498353,2328,pg_catalog,pg_foreign_data_wrapper,0,0,0,0,0,0,0,0,0
1789007170.498353,4157,pg_toast,pg_toast_2612,0,0,0,0,0,0,0,0,0
1789007170.498353,1260,pg_catalog,pg_authid,0,0,0,0,0,0,0,0,0
1789007170.498353,6102,pg_catalog,pg_subscription_rel,0,0,0,0,0,0,0,0,0
1789007170.498353,1214,pg_catalog,pg_shdepend,0,0,0,0,0,0,0,0,0
1789007170.498353,4163,pg_toast,pg_toast_2615,0,0,0,0,0,0,0,0,0
1789007170.498353,4169,pg_toast,pg_toast_3600,0,0,0,0,0,0,0,0,0
1789007170.498353,2615,pg_catalog,pg_namespace,1,4,5,2,0,0,0,0,0
1789007170.498353,2188162,public,watch_item,0,0,0,0,0,0,0,0,0
1789007170.498353,2188167,public,watch_list,0,0,0,0,0,0,0,0,0
1789007170.498353,2188243,public,trade_history,0,0,0,0,0,0,0,0,0
1789007170.498353,2188210,public,settlement,0,0,0,0,0,0,0,0,0
1789007170.498353,2188269,public,company,0,0,0,0,0,0,0,0,0
1789007170.498353,2396,pg_catalog,pg_shdescription,0,0,0,0,0,0,0,0,0
1789007170.498353,3600,pg_catalog,pg_ts_dict,0,0,0,0,0,0,0,0,0
1789007170.498353,3596,pg_catalog,pg_seclabel,0,0,0,0,0,0,0,0,0
1789007170.498353,2609,pg_catalog,pg_description,0,0,0,0,0,0,0,0,0
1789007170.498353,13482,pg_toast,pg_toast_13479,0,0,0,0,0,0,0,0,0
1789007170.498353,2188156,public,holding_summary,0,0,0,0,0,0,0,0,0
1789007170.498353,2188390,public,status_type,0,0,0,0,0,0,0,0,0
1789007170.498353,2188395,public,taxrate,0,0,0,0,0,0,0,0,0
1789007170.498353,3603,pg_catalog,pg_ts_config_map,0,0,0,0,0,0,0,0,0
1789007170.498353,1213,pg_catalog,pg_tablespace,0,0,1,1,0,0,0,0,0
1789007170.498353,2188383,pg_toast,pg_toast_2188364,0,0,0,0,0,0,0,0,0
1789007170.498353,2608,pg_catalog,pg_depend,0,0,0,0,0,0,0,0,0
1789007170.498353,2964,pg_catalog,pg_db_role_setting,0,0,0,0,0,0,0,0,0
1789007170.498353,1418,pg_catalog,pg_user_mapping,0,0,0,0,0,0,0,0,0
1789007170.498353,2613,pg_catalog,pg_largeobject,0,0,0,0,0,0,0,0,0
1789007170.498353,6175,pg_toast,pg_toast_3456,0,0,0,0,0,0,0,0,0
1789007170.498353,1261,pg_catalog,pg_auth_members,0,0,0,0,0,0,0,0,0
1789007170.498353,2617,pg_catalog,pg_operator,0,0,5,5,0,0,0,0,0
1789007170.498353,2188352,pg_toast,pg_toast_2188343,0,0,0,0,0,0,0,0,0
1789007170.498353,2188341,pg_toast,pg_toast_2188333,0,0,0,0,0,0,0,0,0
1789007170.498353,2610,pg_catalog,pg_index,1,221,11,14,0,0,0,0,0
1789007170.498353,1249,pg_catalog,pg_attribute,0,0,75,92,0,0,0,0,0
1789007170.498353,2188281,public,company_competitor,0,0,0,0,0,0,0,0,0
1789007170.498353,2600,pg_catalog,pg_aggregate,0,0,1,1,0,0,0,0,0
1789007170.498353,2188180,pg_toast,pg_toast_2188172,0,0,0,0,0,0,0,0,0
1789007170.498353,2188354,public,news_xref,0,0,0,0,0,0,0,0,0
1789007170.498353,2966,pg_toast,pg_toast_2964,0,0,0,0,0,0,0,0,0
1789007170.498353,2188402,public,zip_code,0,0,0,0,0,0,0,0,0
1789007170.498353,2618,pg_catalog,pg_rewrite,0,0,1,1,0,0,0,0,0
1789007170.498353,4177,pg_toast,pg_toast_1262,0,0,0,0,0,0,0,0,0
1789007170.498353,13484,information_schema,sql_parts,0,0,,,0,0,0,0,0
1789007170.498353,4159,pg_toast,pg_toast_2600,0,0,0,0,0,0,0,0,0
1789007170.498353,4147,pg_toast,pg_toast_3079,0,0,0,0,0,0,0,0,0
1789007170.498353,13474,information_schema,sql_features,0,0,,,0,0,0,0,0
1789007170.498353,1247,pg_catalog,pg_type,0,0,19,19,0,0,0,0,0
1789007170.498353,2602,pg_catalog,pg_amop,0,0,12,25,0,0,0,0,0
1789007170.498353,3439,pg_toast,pg_toast_3381,0,0,0,0,0,0,0,0,0
1789007170.498353,2846,pg_toast,pg_toast_2396,0,0,0,0,0,0,0,0,0
1789007170.498353,4145,pg_toast,pg_toast_3466,0,0,0,0,0,0,0,0,0
1789007170.498353,2188385,public,address,0,0,0,0,0,0,0,0,0
1789007170.498353,2188137,public,holding,0,0,0,0,0,0,0,0,0
1789007170.498353,3541,pg_catalog,pg_range,0,0,0,0,0,0,0,0,0
1789007170.498353,3602,pg_catalog,pg_ts_config,0,0,0,0,0,0,0,0,0
1789007170.498353,4183,pg_toast,pg_toast_6100,0,0,0,0,0,0,0,0,0
1789007170.498353,2188333,public,last_trade,0,0,0,0,0,0,0,0,0
1789007170.498353,2224,pg_catalog,pg_sequence,0,0,0,0,0,0,0,0,0
1789007170.498353,2611,pg_catalog,pg_inherits,0,0,0,0,0,0,0,0,0
1789007170.498353,1417,pg_catalog,pg_foreign_server,0,0,0,0,0,0,0,0,0
1789007170.498353,1262,pg_catalog,pg_database,0,0,0,0,0,0,0,0,0
1789007170.498353,2188182,public,cash_transaction,0,0,0,0,0,0,0,0,0
1789007170.498353,13492,pg_toast,pg_toast_13489,0,0,0,0,0,0,0,0,0
1789007170.498353,3501,pg_catalog,pg_enum,0,0,0,0,0,0,0,0,0
1789007170.498353,2607,pg_catalog,pg_conversion,0,0,0,0,0,0,0,0,0
1789007170.498353,2188359,public,sector,0,0,0,0,0,0,0,0,0
1789007170.498353,2188217,pg_toast,pg_toast_2188210,0,0,0,0,0,0,0,0,0
1789007170.498353,826,pg_catalog,pg_default_acl,0,0,0,0,0,0,0,0,0
1789007170.498353,2604,pg_catalog,pg_attrdef,0,0,0,0,0,0,0,0,0
1789007170.498353,2336,pg_toast,pg_toast_2620,0,0,0,0,0,0,0,0,0
1789007170.498353,2188149,public,holding_history,0,0,0,0,0,0,0,0,0
1789007170.498353,2603,pg_catalog,pg_amproc,0,0,5,11,0,0,0,0,0
1789007170.498353,2606,pg_catalog,pg_constraint,0,0,3,8,0,0,0,0,0
1789007170.498353,1255,pg_catalog,pg_proc,0,0,19,24,0,0,0,0,0
1789007170.498353,4173,pg_toast,pg_toast_1418,0,0,0,0,0,0,0,0,0
1789007170.498353,2620,pg_catalog,pg_trigger,0,0,0,0,0,0,0,0,0
1789007170.498353,2188241,pg_toast,pg_toast_2188219,0,0,0,0,0,0,0,0,0
1789007170.498353,2612,pg_catalog,pg_language,0,0,0,0,0,0,0,0,0
1789007170.498353,4149,pg_toast,pg_toast_2328,0,0,0,0,0,0,0,0,0
1789007170.498353,6351,pg_toast,pg_toast_2610,0,0,0,0,0,0,0,0,0
1789007170.498353,13489,information_schema,sql_sizing,0,0,,,0,0,0,0,0
1789007170.498353,3598,pg_toast,pg_toast_3596,0,0,0,0,0,0,0,0,0
1789007170.498353,2188111,public,customer,0,0,0,0,0,0,0,0,0
1789007170.498353,2836,pg_toast,pg_toast_1255,0,0,0,0,0,0,0,0,0
1789007170.498353,3456,pg_catalog,pg_collation,0,0,0,0,0,0,0,0,0
1789007170.498353,3079,pg_catalog,pg_extension,0,0,0,0,0,0,0,0,0
1789007170.498353,2188262,public,trade_type,0,0,0,0,0,0,0,0,0
1789007170.498353,6100,pg_catalog,pg_subscription,0,0,0,0,0,0,0,0,0
1789007170.498353,2188249,public,trade_request,0,0,0,0,0,0,0,0,0
1789007170.498353,2188198,public,commission_rate,0,0,0,0,0,0,0,0,0
1789007170.498353,2188130,pg_toast,pg_toast_2188122,0,0,0,0,0,0,0,0,0
1789007170.498353,2832,pg_toast,pg_toast_2606,0,0,0,0,0,0,0,0,0
1789007170.498353,3256,pg_catalog,pg_policy,0,0,0,0,0,0,0,0,0
1789007170.498353,2188172,public,broker,0,0,0,0,0,0,0,0,0
1789007170.498353,2188296,pg_toast,pg_toast_2188287,0,0,0,0,0,0,0,0,0
1789007170.498353,2188307,public,financial,0,0,0,0,0,0,0,0,0
1789007170.498353,2188103,public,account_permission,0,0,0,0,0,0,0,0,0
1789007170.498353,3466,pg_catalog,pg_event_trigger,0,0,0,0,0,0,0,0,0
1789007170.498353,3592,pg_catalog,pg_shseclabel,0,0,0,0,0,0,0,0,0
1789007170.498353,3764,pg_catalog,pg_ts_template,0,0,0,0,0,0,0,0,0
1789007170.498353,6237,pg_catalog,pg_publication_namespace,0,0,0,0,0,0,0,0,0
1789007170.498353,13487,pg_toast,pg_toast_13484,0,0,0,0,0,0,0,0,0
1789007170.498353,2995,pg_catalog,pg_largeobject_metadata,0,0,0,0,0,0,0,0,0
1789007170.498353,4143,pg_toast,pg_toast_826,0,0,0,0,0,0,0,0,0
1789007170.498353,4185,pg_toast,pg_toast_1213,0,0,0,0,0,0,0,0,0
1789007170.498353,2188287,public,daily_market,0,0,0,0,0,0,0,0,0
1789007170.498353,2188190,public,charge,0,0,0,0,0,0,0,0,0
1789007170.498353,6243,pg_catalog,pg_parameter_acl,0,0,0,0,0,0,0,0,0
1789007170.498353,2616,pg_catalog,pg_opclass,0,0,8,134,0,0,0,0,0
1789007170.498353,2188298,public,exchange,0,0,0,0,0,0,0,0,0
1789007170.498353,2188147,pg_toast,pg_toast_2188137,0,0,0,0,0,0,0,0,0
1789007170.498353,2838,pg_toast,pg_toast_2618,0,0,1,3,0,0,0,0,0
1789007170.498353,2188327,public,industry,0,0,0,0,0,0,0,0,0
1789007170.498353,6228,pg_toast,pg_toast_6106,0,0,0,0,0,0,0,0,0
1789007170.498353,2188325,pg_toast,pg_toast_2188307,0,0,0,0,0,0,0,0,0
1789007170.498353,2188364,public,security,0,0,0,0,0,0,0,0,0
1789007170.498353,3118,pg_catalog,pg_foreign_table,0,0,0,0,0,0,0,0,0
1789007170.498353,1259,pg_catalog,pg_class,1,523,12,12,0,0,0,0,0
1789007170.498353,3350,pg_catalog,pg_partitioned_table,0,0,0,0,0,0,0,0,0
1789007170.498353,4153,pg_toast,pg_toast_3118,0,0,0,0,0,0,0,0,0
1789007170.498353,4060,pg_toast,pg_toast_3592,0,0,0,0,0,0,0,0,0
1789007170.498353,4165,pg_toast,pg_toast_3350,0,0,0,0,0,0,0,0,0
1789007170.498353,2753,pg_catalog,pg_opfamily,0,0,2,2,0,0,0,0,0
1789007170.498353,3601,pg_catalog,pg_ts_parser,0,0,0,0,0,0,0,0,0
1789007170.498353,2188219,public,trade,0,0,0,0,0,0,0,0,0
1789007170.498353,2188260,pg_toast,pg_toast_2188249,0,0,0,0,0,0,0,0,0
1789007170.498353,6104,pg_catalog,pg_publication,0,0,0,0,0,0,0,0,0
1789007170.498353,13477,pg_toast,pg_toast_13474,0,0,0,0,0,0,0,0,0
1789007170.498353,3429,pg_catalog,pg_statistic_ext_data,0,0,0,0,0,0,0,0,0
1789007170.498353,2619,pg_catalog,pg_statistic,0,0,17,8,0,0,0,0,0
1789007170.498353,4155,pg_toast,pg_toast_3394,0,0,0,0,0,0,0,0,0
1789007170.498353,2188196,pg_toast,pg_toast_2188190,0,0,0,0,0,0,0,0,0
1789007170.498353,3381,pg_catalog,pg_statistic_ext,0,0,3,0,0,0,0,0,0
1789007170.498353,6106,pg_catalog,pg_publication_rel,0,0,0,0,0,0,0,0,0
1789007170.498353,2605,pg_catalog,pg_cast,0,0,34,7,0,0,0,0,0
1789007170.498353,4171,pg_toast,pg_toast_1247,0,0,0,0,0,0,0,0,0
1789007170.498353,2830,pg_toast,pg_toast_2604,0,0,0,0,0,0,0,0,0
1789007170.498353,13479,information_schema,sql_implementation_info,0,0,,,0,0,0,0,0
1789007170.498353,6244,pg_toast,pg_toast_6243,0,0,0,0,0,0,0,0,0
1789007170.498353,3430,pg_toast,pg_toast_3429,0,0,0,0,0,0,0,0,0
1789007230.582605,2188132,public,customer_taxrate,0,0,0,0,0,0,0,0,0
1789007230.582605,3576,pg_catalog,pg_transform,0,0,0,0,0,0,0,0,0
1789007230.582605,2601,pg_catalog,pg_am,0,0,0,0,0,0,0,0,0
1789007230.582605,2188188,pg_toast,pg_toast_2188182,0,0,0,0,0,0,0,0,0
1789007230.582605,3394,pg_catalog,pg_init_privs,0,0,0,0,0,0,0,0,0
1789007230.582605,4167,pg_toast,pg_toast_3256,0,0,0,0,0,0,0,0,0
1789007230.582605,4151,pg_toast,pg_toast_1417,0,0,0,0,0,0,0,0,0
1789007230.582605,2834,pg_toast,pg_toast_2609,0,0,0,0,0,0,0,0,0
1789007230.582605,6000,pg_catalog,pg_replication_origin,0,0,0,0,0,0,0,0,0
1789007230.582605,2188343,public,news_item,0,0,0,0,0,0,0,0,0
1789007230.582605,2840,pg_toast,pg_toast_2619,0,0,0,0,0,0,0,0,0
1789007230.582605,2188122,public,customer_account,0,0,0,0,0,0,0,0,0
1789007230.582605,2328,pg_catalog,pg_foreign_data_wrapper,0,0,0,0,0,0,0,0,0
1789007230.582605,4157,pg_toast,pg_toast_2612,0,0,0,0,0,0,0,0,0
1789007230.582605,1260,pg_catalog,pg_authid,0,0,0,0,0,0,0,0,0
1789007230.582605,6102,pg_catalog,pg_subscription_rel,0,0,0,0,0,0,0,0,0
1789007230.582605,1214,pg_catalog,pg_shdepend,0,0,0,0,0,0,0,0,0
1789007230.582605,4163,pg_toast,pg_toast_2615,0,0,0,0,0,0,0,0,0
1789007230.582605,4169,pg_toast,pg_toast_3600,0,0,0,0,0,0,0,0,0
1789007230.582605,2615,pg_catalog,pg_namespace,1,4,5,2,0,0,0,0,0
1789007230.582605,2188162,public,watch_item,0,0,0,0,0,0,0,0,0
1789007230.582605,2188167,public,watch_list,0,0,0,0,0,0,0,0,0
1789007230.582605,2188243,public,trade_history,0,0,0,0,0,0,0,0,0
1789007230.582605,2188210,public,settlement,0,0,0,0,0,0,0,0,0
1789007230.582605,2188269,public,company,0,0,0,0,0,0,0,0,0
1789007230.582605,2396,pg_catalog,pg_shdescription,0,0,0,0,0,0,0,0,0
1789007230.582605,3600,pg_catalog,pg_ts_dict,0,0,0,0,0,0,0,0,0
1789007230.582605,3596,pg_catalog,pg_seclabel,0,0,0,0,0,0,0,0,0
1789007230.582605,2609,pg_catalog,pg_description,0,0,0,0,0,0,0,0,0
1789007230.582605,13482,pg_toast,pg_toast_13479,0,0,0,0,0,0,0,0,0
1789007230.582605,2188156,public,holding_summary,0,0,0,0,0,0,0,0,0
1789007230.582605,2188390,public,status_type,0,0,0,0,0,0,0,0,0
1789007230.582605,2188395,public,taxrate,0,0,0,0,0,0,0,0,0
1789007230.582605,3603,pg_catalog,pg_ts_config_map,0,0,0,0,0,0,0,0,0
1789007230.582605,1213,pg_catalog,pg_tablespace,0,0,1,1,0,0,0,0,0
1789007230.582605,2188383,pg_toast,pg_toast_2188364,0,0,0,0,0,0,0,0,0
1789007230.582605,2608,pg_catalog,pg_depend,0,0,0,0,0,0,0,0,0
1789007230.582605,2964,pg_catalog,pg_db_role_setting,0,0,0,0,0,0,0,0,0
1789007230.582605,1418,pg_catalog,pg_user_mapping,0,0,0,0,0,0,0,0,0
1789007230.582605,2613,pg_catalog,pg_largeobject,0,0,0,0,0,0,0,0,0
1789007230.582605,6175,pg_toast,pg_toast_3456,0,0,0,0,0,0,0,0,0
1789007230.582605,1261,pg_catalog,pg_auth_members,0,0,0,0,0,0,0,0,0
1789007230.582605,2617,pg_catalog,pg_operator,0,0,5,5,0,0,0,0,0
1789007230.582605,2188352,pg_toast,pg_toast_2188343,0,0,0,0,0,0,0,0,0
1789007230.582605,2188341,pg_toast,pg_toast_2188333,0,0,0,0,0,0,0,0,0
1789007230.582605,2610,pg_catalog,pg_index,1,221,11,14,0,0,0,0,0
1789007230.582605,1249,pg_catalog,pg_attribute,0,0,75,92,0,0,0,0,0
1789007230.582605,2188281,public,company_competitor,0,0,0,0,0,0,0,0,0
1789007230.582605,2600,pg_catalog,pg_aggregate,0,0,1,1,0,0,0,0,0
1789007230.582605,2188180,pg_toast,pg_toast_2188172,0,0,0,0,0,0,0,0,0
1789007230.582605,2188354,public,news_xref,0,0,0,0,0,0,0,0,0
1789007230.582605,2966,pg_toast,pg_toast_2964,0,0,0,0,0,0,0,0,0
1789007230.582605,2188402,public,zip_code,0,0,0,0,0,0,0,0,0
1789007230.582605,2618,pg_catalog,pg_rewrite,0,0,1,1,0,0,0,0,0
1789007230.582605,4177,pg_toast,pg_toast_1262,0,0,0,0,0,0,0,0,0
1789007230.582605,13484,information_schema,sql_parts,0,0,,,0,0,0,0,0
1789007230.582605,4159,pg_toast,pg_toast_2600,0,0,0,0,0,0,0,0,0
1789007230.582605,4147,pg_toast,pg_toast_3079,0,0,0,0,0,0,0,0,0
1789007230.582605,13474,information_schema,sql_features,0,0,,,0,0,0,0,0
1789007230.582605,1247,pg_catalog,pg_type,0,0,19,19,0,0,0,0,0
1789007230.582605,2602,pg_catalog,pg_amop,0,0,12,25,0,0,0,0,0
1789007230.582605,3439,pg_toast,pg_toast_3381,0,0,0,0,0,0,0,0,0
1789007230.582605,2846,pg_toast,pg_toast_2396,0,0,0,0,0,0,0,0,0
1789007230.582605,4145,pg_toast,pg_toast_3466,0,0,0,0,0,0,0,0,0
1789007230.582605,2188385,public,address,0,0,0,0,0,0,0,0,0
1789007230.582605,2188137,public,holding,0,0,0,0,0,0,0,0,0
1789007230.582605,3541,pg_catalog,pg_range,0,0,0,0,0,0,0,0,0
1789007230.582605,3602,pg_catalog,pg_ts_config,0,0,0,0,0,0,0,0,0
1789007230.582605,4183,pg_toast,pg_toast_6100,0,0,0,0,0,0,0,0,0
1789007230.582605,2188333,public,last_trade,0,0,0,0,0,0,0,0,0
1789007230.582605,2224,pg_catalog,pg_sequence,0,0,0,0,0,0,0,0,0
1789007230.582605,2611,pg_catalog,pg_inherits,0,0,0,0,0,0,0,0,0
1789007230.582605,1417,pg_catalog,pg_foreign_server,0,0,0,0,0,0,0,0,0
1789007230.582605,1262,pg_catalog,pg_database,0,0,0,0,0,0,0,0,0
1789007230.582605,2188182,public,cash_transaction,0,0,0,0,0,0,0,0,0
1789007230.582605,13492,pg_toast,pg_toast_13489,0,0,0,0,0,0,0,0,0
1789007230.582605,3501,pg_catalog,pg_enum,0,0,0,0,0,0,0,0,0
1789007230.582605,2607,pg_catalog,pg_conversion,0,0,0,0,0,0,0,0,0
1789007230.582605,2188359,public,sector,0,0,0,0,0,0,0,0,0
1789007230.582605,2188217,pg_toast,pg_toast_2188210,0,0,0,0,0,0,0,0,0
1789007230.582605,826,pg_catalog,pg_default_acl,0,0,0,0,0,0,0,0,0
1789007230.582605,2604,pg_catalog,pg_attrdef,0,0,0,0,0,0,0,0,0
1789007230.582605,2336,pg_toast,pg_toast_2620,0,0,0,0,0,0,0,0,0
1789007230.582605,2188149,public,holding_history,0,0,0,0,0,0,0,0,0
1789007230.582605,2603,pg_catalog,pg_amproc,0,0,5,11,0,0,0,0,0
1789007230.582605,2606,pg_catalog,pg_constraint,0,0,3,8,0,0,0,0,0
1789007230.582605,1255,pg_catalog,pg_proc,0,0,19,24,0,0,0,0,0
1789007230.582605,4173,pg_toast,pg_toast_1418,0,0,0,0,0,0,0,0,0
1789007230.582605,2620,pg_catalog,pg_trigger,0,0,0,0,0,0,0,0,0
1789007230.582605,2188241,pg_toast,pg_toast_2188219,0,0,0,0,0,0,0,0,0
1789007230.582605,2612,pg_catalog,pg_language,0,0,0,0,0,0,0,0,0
1789007230.582605,4149,pg_toast,pg_toast_2328,0,0,0,0,0,0,0,0,0
1789007230.582605,6351,pg_toast,pg_toast_2610,0,0,0,0,0,0,0,0,0
1789007230.582605,13489,information_schema,sql_sizing,0,0,,,0,0,0,0,0
1789007230.582605,3598,pg_toast,pg_toast_3596,0,0,0,0,0,0,0,0,0
1789007230.582605,2188111,public,customer,0,0,0,0,0,0,0,0,0
1789007230.582605,2836,pg_toast,pg_toast_1255,0,0,0,0,0,0,0,0,0
1789007230.582605,3456,pg_catalog,pg_collation,0,0,0,0,0,0,0,0,0
1789007230.582605,3079,pg_catalog,pg_extension,0,0,0,0,0,0,0,0,0
1789007230.582605,2188262,public,trade_type,0,0,0,0,0,0,0,0,0
1789007230.582605,6100,pg_catalog,pg_subscription,0,0,0,0,0,0,0,0,0
1789007230.582605,2188249,public,trade_request,0,0,0,0,0,0,0,0,0
1789007230.582605,2188198,public,commission_rate,0,0,0,0,0,0,0,0,0
1789007230.582605,2188130,pg_toast,pg_toast_2188122,0,0,0,0,0,0,0,0,0
1789007230.582605,2832,pg_toast,pg_toast_2606,0,0,0,0,0,0,0,0,0
1789007230.582605,3256,pg_catalog,pg_policy,0,0,0,0,0,0,0,0,0
1789007230.582605,2188172,public,broker,0,0,0,0,0,0,0,0,0
1789007230.582605,2188296,pg_toast,pg_toast_2188287,0,0,0,0,0,0,0,0,0
1789007230.582605,2188307,public,financial,0,0,0,0,0,0,0,0,0
1789007230.582605,2188103,public,account_permission,0,0,0,0,0,0,0,0,0
1789007230.582605,3466,pg_catalog,pg_event_trigger,0,0,0,0,0,0,0,0,0
1789007230.582605,3592,pg_catalog,pg_shseclabel,0,0,0,0,0,0,0,0,0
1789007230.582605,3764,pg_catalog,pg_ts_template,0,0,0,0,0,0,0,0,0
1789007230.582605,6237,pg_catalog,pg_publication_namespace,0,0,0,0,0,0,0,0,0
1789007230.582605,13487,pg_toast,pg_toast_13484,0,0,0,0,0,0,0,0,0
1789007230.582605,2995,pg_catalog,pg_largeobject_metadata,0,0,0,0,0,0,0,0,0
1789007230.582605,4143,pg_toast,pg_toast_826,0,0,0,0,0,0,0,0,0
1789007230.582605,4185,pg_toast,pg_toast_1213,0,0,0,0,0,0,0,0,0
1789007230.582605,2188287,public,daily_market,0,0,0,0,0,0,0,0,0
1789007230.582605,2188190,public,charge,0,0,0,0,0,0,0,0,0
1789007230.582605,6243,pg_catalog,pg_parameter_acl,0,0,0,0,0,0,0,0,0
1789007230.582605,2616,pg_catalog,pg_opclass,0,0,8,134,0,0,0,0,0
1789007230.582605,2188298,public,exchange,0,0,0,0,0,0,0,0,0
1789007230.582605,2188147,pg_toast,pg_toast_2188137,0,0,0,0,0,0,0,0,0
1789007230.582605,2838,pg_toast,pg_toast_2618,0,0,1,3,0,0,0,0,0
1789007230.582605,2188327,public,industry,0,0,0,0,0,0,0,0,0
1789007230.582605,6228,pg_toast,pg_toast_6106,0,0,0,0,0,0,0,0,0
1789007230.582605,2188325,pg_toast,pg_toast_2188307,0,0,0,0,0,0,0,0,0
1789007230.582605,2188364,public,security,0,0,0,0,0,0,0,0,0
1789007230.582605,3118,pg_catalog,pg_foreign_table,0,0,0,0,0,0,0,0,0
1789007230.582605,1259,pg_catalog,pg_class,1,523,12,12,0,0,0,0,0
1789007230.582605,3350,pg_catalog,pg_partitioned_table,0,0,0,0,0,0,0,0,0
1789007230.582605,4153,pg_toast,pg_toast_3118,0,0,0,0,0,0,0,0,0
1789007230.582605,4060,pg_toast,pg_toast_3592,0,0,0,0,0,0,0,0,0
1789007230.582605,4165,pg_toast,pg_toast_3350,0,0,0,0,0,0,0,0,0
1789007230.582605,2753,pg_catalog,pg_opfamily,0,0,2,2,0,0,0,0,0
1789007230.582605,3601,pg_catalog,pg_ts_parser,0,0,0,0,0,0,0,0,0
1789007230.582605,2188219,public,trade,0,0,0,0,0,0,0,0,0
1789007230.582605,2188260,pg_toast,pg_toast_2188249,0,0,0,0,0,0,0,0,0
1789007230.582605,6104,pg_catalog,pg_publication,0,0,0,0,0,0,0,0,0
1789007230.582605,13477,pg_toast,pg_toast_13474,0,0,0,0,0,0,0,0,0
1789007230.582605,3429,pg_catalog,pg_statistic_ext_data,0,0,0,0,0,0,0,0,0
1789007230.582605,2619,pg_catalog,pg_statistic,0,0,17,8,0,0,0,0,0
1789007230.582605,4155,pg_toast,pg_toast_3394,0,0,0,0,0,0,0,0,0
1789007230.582605,2188196,pg_toast,pg_toast_2188190,0,0,0,0,0,0,0,0,0
1789007230.582605,3381,pg_catalog,pg_statistic_ext,0,0,3,0,0,0,0,0,0
1789007230.582605,6106,pg_catalog,pg_publication_rel,0,0,0,0,0,0,0,0,0
1789007230.582605,2605,pg_catalog,pg_cast,0,0,34,7,0,0,0,0,0
1789007230.582605,4171,pg_toast,pg_toast_1247,0,0,0,0,0,0,0,0,0
1789007230.582605,2830,pg_toast,pg_toast_2604,0,0,0,0,0,0,0,0,0
1789007230.582605,13479,information_schema,sql_implementation_info,0,0,,,0,0,0,0,0
1789007230.582605,6244,pg_toast,pg_toast_6243,0,0,0,0,0,0,0,0,0
1789007230.582605,3430,pg_toast,pg_toast_3429,0,0,0,0,0,0,0,0,0
1789007290.664830,2188132,public,customer_taxrate,0,0,0,0,0,0,0,0,0
1789007290.664830,3576,pg_catalog,pg_transform,0,0,0,0,0,0,0,0,0
1789007290.664830,2601,pg_catalog,pg_am,0,0,0,0,0,0,0,0,0
1789007290.664830,2188188,pg_toast,pg_toast_2188182,0,0,0,0,0,0,0,0,0
1789007290.664830,3394,pg_catalog,pg_init_privs,0,0,0,0,0,0,0,0,0
1789007290.664830,4167,pg_toast,pg_toast_3256,0,0,0,0,0,0,0,0,0
1789007290.664830,4151,pg_toast,pg_toast_1417,0,0,0,0,0,0,0,0,0
1789007290.664830,2834,pg_toast,pg_toast_2609,0,0,0,0,0,0,0,0,0
1789007290.664830,6000,pg_catalog,pg_replication_origin,0,0,0,0,0,0,0,0,0
1789007290.664830,2188343,public,news_item,0,0,0,0,0,0,0,0,0
1789007290.664830,2840,pg_toast,pg_toast_2619,0,0,0,0,0,0,0,0,0
1789007290.664830,2188122,public,customer_account,0,0,0,0,0,0,0,0,0
1789007290.664830,2328,pg_catalog,pg_foreign_data_wrapper,0,0,0,0,0,0,0,0,0
1789007290.664830,4157,pg_toast,pg_toast_2612,0,0,0,0,0,0,0,0,0
1789007290.664830,1260,pg_catalog,pg_authid,0,0,0,0,0,0,0,0,0
1789007290.664830,6102,pg_catalog,pg_subscription_rel,0,0,0,0,0,0,0,0,0
1789007290.664830,1214,pg_catalog,pg_shdepend,0,0,0,0,0,0,0,0,0
1789007290.664830,4163,pg_toast,pg_toast_2615,0,0,0,0,0,0,0,0,0
1789007290.664830,4169,pg_toast,pg_toast_3600,0,0,0,0,0,0,0,0,0
1789007290.664830,2615,pg_catalog,pg_namespace,1,4,5,2,0,0,0,0,0
1789007290.664830,2188162,public,watch_item,0,0,0,0,0,0,0,0,0
1789007290.664830,2188167,public,watch_list,0,0,0,0,0,0,0,0,0
1789007290.664830,2188243,public,trade_history,0,0,0,0,0,0,0,0,0
1789007290.664830,2188210,public,settlement,0,0,0,0,0,0,0,0,0
1789007290.664830,2188269,public,company,0,0,0,0,0,0,0,0,0
1789007290.664830,2396,pg_catalog,pg_shdescription,0,0,0,0,0,0,0,0,0
1789007290.664830,3600,pg_catalog,pg_ts_dict,0,0,0,0,0,0,0,0,0
1789007290.664830,3596,pg_catalog,pg_seclabel,0,0,0,0,0,0,0,0,0
1789007290.664830,2609,pg_catalog,pg_description,0,0,0,0,0,0,0,0,0
1789007290.664830,13482,pg_toast,pg_toast_13479,0,0,0,0,0,0,0,0,0
1789007290.664830,2188156,public,holding_summary,0,0,0,0,0,0,0,0,0
1789007290.664830,2188390,public,status_type,0,0,0,0,0,0,0,0,0
1789007290.664830,2188395,public,taxrate,0,0,0,0,0,0,0,0,0
1789007290.664830,3603,pg_catalog,pg_ts_config_map,0,0,0,0,0,0,0,0,0
1789007290.664830,1213,pg_catalog,pg_tablespace,0,0,1,1,0,0,0,0,0
1789007290.664830,2188383,pg_toast,pg_toast_2188364,0,0,0,0,0,0,0,0,0
1789007290.664830,2608,pg_catalog,pg_depend,0,0,0,0,0,0,0,0,0
1789007290.664830,2964,pg_catalog,pg_db_role_setting,0,0,0,0,0,0,0,0,0
1789007290.664830,1418,pg_catalog,pg_user_mapping,0,0,0,0,0,0,0,0,0
1789007290.664830,2613,pg_catalog,pg_largeobject,0,0,0,0,0,0,0,0,0
1789007290.664830,6175,pg_toast,pg_toast_3456,0,0,0,0,0,0,0,0,0
1789007290.664830,1261,pg_catalog,pg_auth_members,0,0,0,0,0,0,0,0,0
1789007290.664830,2617,pg_catalog,pg_operator,0,0,5,5,0,0,0,0,0
1789007290.664830,2188352,pg_toast,pg_toast_2188343,0,0,0,0,0,0,0,0,0
1789007290.664830,2188341,pg_toast,pg_toast_2188333,0,0,0,0,0,0,0,0,0
1789007290.664830,2610,pg_catalog,pg_index,1,221,11,14,0,0,0,0,0
1789007290.664830,1249,pg_catalog,pg_attribute,0,0,75,92,0,0,0,0,0
1789007290.664830,2188281,public,company_competitor,0,0,0,0,0,0,0,0,0
1789007290.664830,2600,pg_catalog,pg_aggregate,0,0,1,1,0,0,0,0,0
1789007290.664830,2188180,pg_toast,pg_toast_2188172,0,0,0,0,0,0,0,0,0
1789007290.664830,2188354,public,news_xref,0,0,0,0,0,0,0,0,0
1789007290.664830,2966,pg_toast,pg_toast_2964,0,0,0,0,0,0,0,0,0
1789007290.664830,2188402,public,zip_code,0,0,0,0,0,0,0,0,0
1789007290.664830,2618,pg_catalog,pg_rewrite,0,0,1,1,0,0,0,0,0
1789007290.664830,4177,pg_toast,pg_toast_1262,0,0,0,0,0,0,0,0,0
1789007290.664830,13484,information_schema,sql_parts,0,0,,,0,0,0,0,0
1789007290.664830,4159,pg_toast,pg_toast_2600,0,0,0,0,0,0,0,0,0
1789007290.664830,4147,pg_toast,pg_toast_3079,0,0,0,0,0,0,0,0,0
1789007290.664830,13474,information_schema,sql_features,0,0,,,0,0,0,0,0
1789007290.664830,1247,pg_catalog,pg_type,0,0,19,19,0,0,0,0,0
1789007290.664830,2602,pg_catalog,pg_amop,0,0,12,25,0,0,0,0,0
1789007290.664830,3439,pg_toast,pg_toast_3381,0,0,0,0,0,0,0,0,0
1789007290.664830,2846,pg_toast,pg_toast_2396,0,0,0,0,0,0,0,0,0
1789007290.664830,4145,pg_toast,pg_toast_3466,0,0,0,0,0,0,0,0,0
1789007290.664830,2188385,public,address,0,0,0,0,0,0,0,0,0
1789007290.664830,2188137,public,holding,0,0,0,0,0,0,0,0,0
1789007290.664830,3541,pg_catalog,pg_range,0,0,0,0,0,0,0,0,0
1789007290.664830,3602,pg_catalog,pg_ts_config,0,0,0,0,0,0,0,0,0
1789007290.664830,4183,pg_toast,pg_toast_6100,0,0,0,0,0,0,0,0,0
1789007290.664830,2188333,public,last_trade,0,0,0,0,0,0,0,0,0
1789007290.664830,2224,pg_catalog,pg_sequence,0,0,0,0,0,0,0,0,0
1789007290.664830,2611,pg_catalog,pg_inherits,0,0,0,0,0,0,0,0,0
1789007290.664830,1417,pg_catalog,pg_foreign_server,0,0,0,0,0,0,0,0,0
1789007290.664830,1262,pg_catalog,pg_database,0,0,0,0,0,0,0,0,0
1789007290.664830,2188182,public,cash_transaction,0,0,0,0,0,0,0,0,0
1789007290.664830,13492,pg_toast,pg_toast_13489,0,0,0,0,0,0,0,0,0
1789007290.664830,3501,pg_catalog,pg_enum,0,0,0,0,0,0,0,0,0
1789007290.664830,2607,pg_catalog,pg_conversion,0,0,0,0,0,0,0,0,0
1789007290.664830,2188359,public,sector,0,0,0,0,0,0,0,0,0
1789007290.664830,2188217,pg_toast,pg_toast_2188210,0,0,0,0,0,0,0,0,0
1789007290.664830,826,pg_catalog,pg_default_acl,0,0,0,0,0,0,0,0,0
1789007290.664830,2604,pg_catalog,pg_attrdef,0,0,0,0,0,0,0,0,0
1789007290.664830,2336,pg_toast,pg_toast_2620,0,0,0,0,0,0,0,0,0
1789007290.664830,2188149,public,holding_history,0,0,0,0,0,0,0,0,0
1789007290.664830,2603,pg_catalog,pg_amproc,0,0,5,11,0,0,0,0,0
1789007290.664830,2606,pg_catalog,pg_constraint,0,0,3,8,0,0,0,0,0
1789007290.664830,1255,pg_catalog,pg_proc,0,0,19,24,0,0,0,0,0
1789007290.664830,4173,pg_toast,pg_toast_1418,0,0,0,0,0,0,0,0,0
1789007290.664830,2620,pg_catalog,pg_trigger,0,0,0,0,0,0,0,0,0
1789007290.664830,2188241,pg_toast,pg_toast_2188219,0,0,0,0,0,0,0,0,0
1789007290.664830,2612,pg_catalog,pg_language,0,0,0,0,0,0,0,0,0
1789007290.664830,4149,pg_toast,pg_toast_2328,0,0,0,0,0,0,0,0,0
1789007290.664830,6351,pg_toast,pg_toast_2610,0,0,0,0,0,0,0,0,0
1789007290.664830,13489,information_schema,sql_sizing,0,0,,,0,0,0,0,0
1789007290.664830,3598,pg_toast,pg_toast_3596,0,0,0,0,0,0,0,0,0
1789007290.664830,2188111,public,customer,0,0,0,0,0,0,0,0,0
1789007290.664830,2836,pg_toast,pg_toast_1255,0,0,0,0,0,0,0,0,0
1789007290.664830,3456,pg_catalog,pg_collation,0,0,0,0,0,0,0,0,0
1789007290.664830,3079,pg_catalog,pg_extension,0,0,0,0,0,0,0,0,0
1789007290.664830,2188262,public,trade_type,0,0,0,0,0,0,0,0,0
1789007290.664830,6100,pg_catalog,pg_subscription,0,0,0,0,0,0,0,0,0
1789007290.664830,2188249,public,trade_request,0,0,0,0,0,0,0,0,0
1789007290.664830,2188198,public,commission_rate,0,0,0,0,0,0,0,0,0
1789007290.664830,2188130,pg_toast,pg_toast_2188122,0,0,0,0,0,0,0,0,0
1789007290.664830,2832,pg_toast,pg_toast_2606,0,0,0,0,0,0,0,0,0
1789007290.664830,3256,pg_catalog,pg_policy,0,0,0,0,0,0,0,0,0
1789007290.664830,2188172,public,broker,0,0,0,0,0,0,0,0,0
1789007290.664830,2188296,pg_toast,pg_toast_2188287,0,0,0,0,0,0,0,0,0
1789007290.664830,2188307,public,financial,0,0,0,0,0,0,0,0,0
1789007290.664830,2188103,public,account_permission,0,0,0,0,0,0,0,0,0
1789007290.664830,3466,pg_catalog,pg_event_trigger,0,0,0,0,0,0,0,0,0
1789007290.664830,3592,pg_catalog,pg_shseclabel,0,0,0,0,0,0,0,0,0
1789007290.664830,3764,pg_catalog,pg_ts_template,0,0,0,0,0,0,0,0,0
1789007290.664830,6237,pg_catalog,pg_publication_namespace,0,0,0,0,0,0,0,0,0
1789007290.664830,13487,pg_toast,pg_toast_13484,0,0,0,0,0,0,0,0,0
1789007290.664830,2995,pg_catalog,pg_largeobject_metadata,0,0,0,0,0,0,0,0,0
1789007290.664830,4143,pg_toast,pg_toast_826,0,0,0,0,0,0,0,0,0
1789007290.664830,4185,pg_toast,pg_toast_1213,0,0,0,0,0,0,0,0,0
1789007290.664830,2188287,public,daily_market,0,0,0,0,0,0,0,0,0
1789007290.664830,2188190,public,charge,0,0,0,0,0,0,0,0,0
1789007290.664830,6243,pg_catalog,pg_parameter_acl,0,0,0,0,0,0,0,0,0
1789007290.664830,2616,pg_catalog,pg_opclass,0,0,8,134,0,0,0,0,0
1789007290.664830,2188298,public,exchange,0,0,0,0,0,0,0,0,0
1789007290.664830,2188147,pg_toast,pg_toast_2188137,0,0,0,0,0,0,0,0,0
1789007290.664830,2838,pg_toast,pg_toast_2618,0,0,1,3,0,0,0,0,0
1789007290.664830,2188327,public,industry,0,0,0,0,0,0,0,0,0
1789007290.664830,6228,pg_toast,pg_toast_6106,0,0,0,0,0,0,0,0,0
1789007290.664830,2188325,pg_toast,pg_toast_2188307,0,0,0,0,0,0,0,0,0
1789007290.664830,2188364,public,security,0,0,0,0,0,0,0,0,0
1789007290.664830,3118,pg_catalog,pg_foreign_table,0,0,0,0,0,0,0,0,0
1789007290.664830,1259,pg_catalog,pg_class,1,523,12,12,0,0,0,0,0
1789007290.664830,3350,pg_catalog,pg_partitioned_table,0,0,0,0,0,0,0,0,0
1789007290.664830,4153,pg_toast,pg_toast_3118,0,0,0,0,0,0,0,0,0
1789007290.664830,4060,pg_toast,pg_toast_3592,0,0,0,0,0,0,0,0,0
1789007290.664830,4165,pg_toast,pg_toast_3350,0,0,0,0,0,0,0,0,0
1789007290.664830,2753,pg_catalog,pg_opfamily,0,0,2,2,0,0,0,0,0
1789007290.664830,3601,pg_catalog,pg_ts_parser,0,0,0,0,0,0,0,0,0
1789007290.664830,2188219,public,trade,0,0,0,0,0,0,0,0,0
1789007290.664830,2188260,pg_toast,pg_toast_2188249,0,0,0,0,0,0,0,0,0
1789007290.664830,6104,pg_catalog,pg_publication,0,0,0,0,0,0,0,0,0
1789007290.664830,13477,pg_toast,pg_toast_13474,0,0,0,0,0,0,0,0,0
1789007290.664830,3429,pg_catalog,pg_statistic_ext_data,0,0,0,0,0,0,0,0,0
1789007290.664830,2619,pg_catalog,pg_statistic,0,0,17,8,0,0,0,0,0
1789007290.664830,4155,pg_toast,pg_toast_3394,0,0,0,0,0,0,0,0,0
1789007290.664830,2188196,pg_toast,pg_toast_2188190,0,0,0,0,0,0,0,0,0
1789007290.664830,3381,pg_catalog,pg_statistic_ext,0,0,3,0,0,0,0,0,0
1789007290.664830,6106,pg_catalog,pg_publication_rel,0,0,0,0,0,0,0,0,0
1789007290.664830,2605,pg_catalog,pg_cast,0,0,34,7,0,0,0,0,0
1789007290.664830,4171,pg_toast,pg_toast_1247,0,0,0,0,0,0,0,0,0
1789007290.664830,2830,pg_toast,pg_toast_2604,0,0,0,0,0,0,0,0,0
1789007290.664830,13479,information_schema,sql_implementation_info,0,0,,,0,0,0,0,0
1789007290.664830,6244,pg_toast,pg_toast_6243,0,0,0,0,0,0,0,0,0
1789007290.664830,3430,pg_toast,pg_toast_3429,0,0,0,0,0,0,0,0,0
1789007350.751712,2188132,public,customer_taxrate,0,0,0,0,0,0,0,0,0
1789007350.751712,3576,pg_catalog,pg_transform,0,0,0,0,0,0,0,0,0
1789007350.751712,2601,pg_catalog,pg_am,0,0,0,0,0,0,0,0,0
1789007350.751712,2188188,pg_toast,pg_toast_2188182,0,0,0,0,0,0,0,0,0
1789007350.751712,3394,pg_catalog,pg_init_privs,0,0,0,0,0,0,0,0,0
1789007350.751712,4167,pg_toast,pg_toast_3256,0,0,0,0,0,0,0,0,0
1789007350.751712,4151,pg_toast,pg_toast_1417,0,0,0,0,0,0,0,0,0
1789007350.751712,2834,pg_toast,pg_toast_2609,0,0,0,0,0,0,0,0,0
1789007350.751712,6000,pg_catalog,pg_replication_origin,0,0,0,0,0,0,0,0,0
1789007350.751712,2188343,public,news_item,0,0,0,0,0,0,0,0,0
1789007350.751712,2840,pg_toast,pg_toast_2619,0,0,0,0,0,0,0,0,0
1789007350.751712,2188122,public,customer_account,0,0,0,0,0,0,0,0,0
1789007350.751712,2328,pg_catalog,pg_foreign_data_wrapper,0,0,0,0,0,0,0,0,0
1789007350.751712,4157,pg_toast,pg_toast_2612,0,0,0,0,0,0,0,0,0
1789007350.751712,1260,pg_catalog,pg_authid,0,0,0,0,0,0,0,0,0
1789007350.751712,6102,pg_catalog,pg_subscription_rel,0,0,0,0,0,0,0,0,0
1789007350.751712,1214,pg_catalog,pg_shdepend,0,0,0,0,0,0,0,0,0
1789007350.751712,4163,pg_toast,pg_toast_2615,0,0,0,0,0,0,0,0,0
1789007350.751712,4169,pg_toast,pg_toast_3600,0,0,0,0,0,0,0,0,0
1789007350.751712,2615,pg_catalog,pg_namespace,1,4,5,2,0,0,0,0,0
1789007350.751712,2188162,public,watch_item,0,0,0,0,0,0,0,0,0
1789007350.751712,2188167,public,watch_list,0,0,0,0,0,0,0,0,0
1789007350.751712,2188243,public,trade_history,0,0,0,0,0,0,0,0,0
1789007350.751712,2188210,public,settlement,0,0,0,0,0,0,0,0,0
1789007350.751712,2188269,public,company,0,0,0,0,0,0,0,0,0
1789007350.751712,2396,pg_catalog,pg_shdescription,0,0,0,0,0,0,0,0,0
1789007350.751712,3600,pg_catalog,pg_ts_dict,0,0,0,0,0,0,0,0,0
1789007350.751712,3596,pg_catalog,pg_seclabel,0,0,0,0,0,0,0,0,0
1789007350.751712,2609,pg_catalog,pg_description,0,0,0,0,0,0,0,0,0
1789007350.751712,13482,pg_toast,pg_toast_13479,0,0,0,0,0,0,0,0,0
1789007350.751712,2188156,public,holding_summary,0,0,0,0,0,0,0,0,0
1789007350.751712,2188390,public,status_type,0,0,0,0,0,0,0,0,0
1789007350.751712,2188395,public,taxrate,0,0,0,0,0,0,0,0,0
1789007350.751712,3603,pg_catalog,pg_ts_config_map,0,0,0,0,0,0,0,0,0
1789007350.751712,1213,pg_catalog,pg_tablespace,0,0,1,1,0,0,0,0,0
1789007350.751712,2188383,pg_toast,pg_toast_2188364,0,0,0,0,0,0,0,0,0
1789007350.751712,2608,pg_catalog,pg_depend,0,0,0,0,0,0,0,0,0
1789007350.751712,2964,pg_catalog,pg_db_role_setting,0,0,0,0,0,0,0,0,0
1789007350.751712,1418,pg_catalog,pg_user_mapping,0,0,0,0,0,0,0,0,0
1789007350.751712,2613,pg_catalog,pg_largeobject,0,0,0,0,0,0,0,0,0
1789007350.751712,6175,pg_toast,pg_toast_3456,0,0,0,0,0,0,0,0,0
1789007350.751712,1261,pg_catalog,pg_auth_members,0,0,0,0,0,0,0,0,0
1789007350.751712,2617,pg_catalog,pg_operator,0,0,5,5,0,0,0,0,0
1789007350.751712,2188352,pg_toast,pg_toast_2188343,0,0,0,0,0,0,0,0,0
1789007350.751712,2188341,pg_toast,pg_toast_2188333,0,0,0,0,0,0,0,0,0
1789007350.751712,2610,pg_catalog,pg_index,1,221,11,14,0,0,0,0,0
1789007350.751712,1249,pg_catalog,pg_attribute,0,0,75,92,0,0,0,0,0
1789007350.751712,2188281,public,company_competitor,0,0,0,0,0,0,0,0,0
1789007350.751712,2600,pg_catalog,pg_aggregate,0,0,1,1,0,0,0,0,0
1789007350.751712,2188180,pg_toast,pg_toast_2188172,0,0,0,0,0,0,0,0,0
1789007350.751712,2188354,public,news_xref,0,0,0,0,0,0,0,0,0
1789007350.751712,2966,pg_toast,pg_toast_2964,0,0,0,0,0,0,0,0,0
1789007350.751712,2188402,public,zip_code,0,0,0,0,0,0,0,0,0
1789007350.751712,2618,pg_catalog,pg_rewrite,0,0,1,1,0,0,0,0,0
1789007350.751712,4177,pg_toast,pg_toast_1262,0,0,0,0,0,0,0,0,0
1789007350.751712,13484,information_schema,sql_parts,0,0,,,0,0,0,0,0
1789007350.751712,4159,pg_toast,pg_toast_2600,0,0,0,0,0,0,0,0,0
1789007350.751712,4147,pg_toast,pg_toast_3079,0,0,0,0,0,0,0,0,0
1789007350.751712,13474,information_schema,sql_features,0,0,,,0,0,0,0,0
1789007350.751712,1247,pg_catalog,pg_type,0,0,19,19,0,0,0,0,0
1789007350.751712,2602,pg_catalog,pg_amop,0,0,12,25,0,0,0,0,0
1789007350.751712,3439,pg_toast,pg_toast_3381,0,0,0,0,0,0,0,0,0
1789007350.751712,2846,pg_toast,pg_toast_2396,0,0,0,0,0,0,0,0,0
1789007350.751712,4145,pg_toast,pg_toast_3466,0,0,0,0,0,0,0,0,0
1789007350.751712,2188385,public,address,0,0,0,0,0,0,0,0,0
1789007350.751712,2188137,public,holding,0,0,0,0,0,0,0,0,0
1789007350.751712,3541,pg_catalog,pg_range,0,0,0,0,0,0,0,0,0
1789007350.751712,3602,pg_catalog,pg_ts_config,0,0,0,0,0,0,0,0,0
1789007350.751712,4183,pg_toast,pg_toast_6100,0,0,0,0,0,0,0,0,0
1789007350.751712,2188333,public,last_trade,0,0,0,0,0,0,0,0,0
1789007350.751712,2224,pg_catalog,pg_sequence,0,0,0,0,0,0,0,0,0
1789007350.751712,2611,pg_catalog,pg_inherits,0,0,0,0,0,0,0,0,0
1789007350.751712,1417,pg_catalog,pg_foreign_server,0,0,0,0,0,0,0,0,0
1789007350.751712,1262,pg_catalog,pg_database,0,0,0,0,0,0,0,0,0
1789007350.751712,2188182,public,cash_transaction,0,0,0,0,0,0,0,0,0
1789007350.751712,13492,pg_toast,pg_toast_13489,0,0,0,0,0,0,0,0,0
1789007350.751712,3501,pg_catalog,pg_enum,0,0,0,0,0,0,0,0,0
1789007350.751712,2607,pg_catalog,pg_conversion,0,0,0,0,0,0,0,0,0
1789007350.751712,2188359,public,sector,0,0,0,0,0,0,0,0,0
1789007350.751712,2188217,pg_toast,pg_toast_2188210,0,0,0,0,0,0,0,0,0
1789007350.751712,826,pg_catalog,pg_default_acl,0,0,0,0,0,0,0,0,0
1789007350.751712,2604,pg_catalog,pg_attrdef,0,0,0,0,0,0,0,0,0
1789007350.751712,2336,pg_toast,pg_toast_2620,0,0,0,0,0,0,0,0,0
1789007350.751712,2188149,public,holding_history,0,0,0,0,0,0,0,0,0
1789007350.751712,2603,pg_catalog,pg_amproc,0,0,5,11,0,0,0,0,0
1789007350.751712,2606,pg_catalog,pg_constraint,0,0,3,8,0,0,0,0,0
1789007350.751712,1255,pg_catalog,pg_proc,0,0,19,24,0,0,0,0,0
1789007350.751712,4173,pg_toast,pg_toast_1418,0,0,0,0,0,0,0,0,0
1789007350.751712,2620,pg_catalog,pg_trigger,0,0,0,0,0,0,0,0,0
1789007350.751712,2188241,pg_toast,pg_toast_2188219,0,0,0,0,0,0,0,0,0
1789007350.751712,2612,pg_catalog,pg_language,0,0,0,0,0,0,0,0,0
1789007350.751712,4149,pg_toast,pg_toast_2328,0,0,0,0,0,0,0,0,0
1789007350.751712,6351,pg_toast,pg_toast_2610,0,0,0,0,0,0,0,0,0
1789007350.751712,13489,information_schema,sql_sizing,0,0,,,0,0,0,0,0
1789007350.751712,3598,pg_toast,pg_toast_3596,0,0,0,0,0,0,0,0,0
1789007350.751712,2188111,public,customer,0,0,0,0,0,0,0,0,0
1789007350.751712,2836,pg_toast,pg_toast_1255,0,0,0,0,0,0,0,0,0
1789007350.751712,3456,pg_catalog,pg_collation,0,0,0,0,0,0,0,0,0
1789007350.751712,3079,pg_catalog,pg_extension,0,0,0,0,0,0,0,0,0
1789007350.751712,2188262,public,trade_type,0,0,0,0,0,0,0,0,0
1789007350.751712,6100,pg_catalog,pg_subscription,0,0,0,0,0,0,0,0,0
1789007350.751712,2188249,public,trade_request,0,0,0,0,0,0,0,0,0
1789007350.751712,2188198,public,commission_rate,0,0,0,0,0,0,0,0,0
1789007350.751712,2188130,pg_toast,pg_toast_2188122,0,0,0,0,0,0,0,0,0
1789007350.751712,2832,pg_toast,pg_toast_2606,0,0,0,0,0,0,0,0,0
1789007350.751712,3256,pg_catalog,pg_policy,0,0,0,0,0,0,0,0,0
1789007350.751712,2188172,public,broker,0,0,0,0,0,0,0,0,0
1789007350.751712,2188296,pg_toast,pg_toast_2188287,0,0,0,0,0,0,0,0,0
1789007350.751712,2188307,public,financial,0,0,0,0,0,0,0,0,0
1789007350.751712,2188103,public,account_permission,0,0,0,0,0,0,0,0,0
1789007350.751712,3466,pg_catalog,pg_event_trigger,0,0,0,0,0,0,0,0,0
1789007350.751712,3592,pg_catalog,pg_shseclabel,0,0,0,0,0,0,0,0,0
1789007350.751712,3764,pg_catalog,pg_ts_template,0,0,0,0,0,0,0,0,0
1789007350.751712,6237,pg_catalog,pg_publication_namespace,0,0,0,0,0,0,0,0,0
1789007350.751712,13487,pg_toast,pg_toast_13484,0,0,0,0,0,0,0,0,0
1789007350.751712,2995,pg_catalog,pg_largeobject_metadata,0,0,0,0,0,0,0,0,0
1789007350.751712,4143,pg_toast,pg_toast_826,0,0,0,0,0,0,0,0,0
1789007350.751712,4185,pg_toast,pg_toast_1213,0,0,0,0,0,0,0,0,0
1789007350.751712,2188287,public,daily_market,0,0,0,0,0,0,0,0,0
1789007350.751712,2188190,public,charge,0,0,0,0,0,0,0,0,0
1789007350.751712,6243,pg_catalog,pg_parameter_acl,0,0,0,0,0,0,0,0,0
1789007350.751712,2616,pg_catalog,pg_opclass,0,0,8,134,0,0,0,0,0
1789007350.751712,2188298,public,exchange,0,0,0,0,0,0,0,0,0
1789007350.751712,2188147,pg_toast,pg_toast_2188137,0,0,0,0,0,0,0,0,0
1789007350.751712,2838,pg_toast,pg_toast_2618,0,0,1,3,0,0,0,0,0
1789007350.751712,2188327,public,industry,0,0,0,0,0,0,0,0,0
1789007350.751712,6228,pg_toast,pg_toast_6106,0,0,0,0,0,0,0,0,0
1789007350.751712,2188325,pg_toast,pg_toast_2188307,0,0,0,0,0,0,0,0,0
1789007350.751712,2188364,public,security,0,0,0,0,0,0,0,0,0
1789007350.751712,3118,pg_catalog,pg_foreign_table,0,0,0,0,0,0,0,0,0
1789007350.751712,1259,pg_catalog,pg_class,1,523,12,12,0,0,0,0,0
1789007350.751712,3350,pg_catalog,pg_partitioned_table,0,0,0,0,0,0,0,0,0
1789007350.751712,4153,pg_toast,pg_toast_3118,0,0,0,0,0,0,0,0,0
1789007350.751712,4060,pg_toast,pg_toast_3592,0,0,0,0,0,0,0,0,0
1789007350.751712,4165,pg_toast,pg_toast_3350,0,0,0,0,0,0,0,0,0
1789007350.751712,2753,pg_catalog,pg_opfamily,0,0,2,2,0,0,0,0,0
1789007350.751712,3601,pg_catalog,pg_ts_parser,0,0,0,0,0,0,0,0,0
1789007350.751712,2188219,public,trade,0,0,0,0,0,0,0,0,0
1789007350.751712,2188260,pg_toast,pg_toast_2188249,0,0,0,0,0,0,0,0,0
1789007350.751712,6104,pg_catalog,pg_publication,0,0,0,0,0,0,0,0,0
1789007350.751712,13477,pg_toast,pg_toast_13474,0,0,0,0,0,0,0,0,0
1789007350.751712,3429,pg_catalog,pg_statistic_ext_data,0,0,0,0,0,0,0,0,0
1789007350.751712,2619,pg_catalog,pg_statistic,0,0,17,8,0,0,0,0,0
1789007350.751712,4155,pg_toast,pg_toast_3394,0,0,0,0,0,0,0,0,0
1789007350.751712,2188196,pg_toast,pg_toast_2188190,0,0,0,0,0,0,0,0,0
1789007350.751712,3381,pg_catalog,pg_statistic_ext,0,0,3,0,0,0,0,0,0
1789007350.751712,6106,pg_catalog,pg_publication_rel,0,0,0,0,0,0,0,0,0
1789007350.751712,2605,pg_catalog,pg_cast,0,0,34,7,0,0,0,0,0
1789007350.751712,4171,pg_toast,pg_toast_1247,0,0,0,0,0,0,0,0,0
1789007350.751712,2830,pg_toast,pg_toast_2604,0,0,0,0,0,0,0,0,0
1789007350.751712,13479,information_schema,sql_implementation_info,0,0,,,0,0,0,0,0
1789007350.751712,6244,pg_toast,pg_toast_6243,0,0,0,0,0,0,0,0,0
1789007350.751712,3430,pg_toast,pg_toast_3429,0,0,0,0,0,0,0,0,0
1789007410.809576,2188132,public,customer_taxrate,0,0,0,0,0,0,0,0,0
1789007410.809576,3576,pg_catalog,pg_transform,0,0,0,0,0,0,0,0,0
1789007410.809576,2601,pg_catalog,pg_am,0,0,0,0,0,0,0,0,0
1789007410.809576,2188188,pg_toast,pg_toast_2188182,0,0,0,0,0,0,0,0,0
1789007410.809576,3394,pg_catalog,pg_init_privs,0,0,0,0,0,0,0,0,0
1789007410.809576,4167,pg_toast,pg_toast_3256,0,0,0,0,0,0,0,0,0
1789007410.809576,4151,pg_toast,pg_toast_1417,0,0,0,0,0,0,0,0,0
1789007410.809576,2834,pg_toast,pg_toast_2609,0,0,0,0,0,0,0,0,0
1789007410.809576,6000,pg_catalog,pg_replication_origin,0,0,0,0,0,0,0,0,0
1789007410.809576,2188343,public,news_item,0,0,0,0,0,0,0,0,0
1789007410.809576,2840,pg_toast,pg_toast_2619,0,0,0,0,0,0,0,0,0
1789007410.809576,2188122,public,customer_account,0,0,0,0,0,0,0,0,0
1789007410.809576,2328,pg_catalog,pg_foreign_data_wrapper,0,0,0,0,0,0,0,0,0
1789007410.809576,4157,pg_toast,pg_toast_2612,0,0,0,0,0,0,0,0,0
1789007410.809576,1260,pg_catalog,pg_authid,0,0,0,0,0,0,0,0,0
1789007410.809576,6102,pg_catalog,pg_subscription_rel,0,0,0,0,0,0,0,0,0
1789007410.809576,1214,pg_catalog,pg_shdepend,0,0,0,0,0,0,0,0,0
1789007410.809576,4163,pg_toast,pg_toast_2615,0,0,0,0,0,0,0,0,0
1789007410.809576,4169,pg_toast,pg_toast_3600,0,0,0,0,0,0,0,0,0
1789007410.809576,2615,pg_catalog,pg_namespace,1,4,5,2,0,0,0,0,0
1789007410.809576,2188162,public,watch_item,0,0,0,0,0,0,0,0,0
1789007410.809576,2188167,public,watch_list,0,0,0,0,0,0,0,0,0
1789007410.809576,2188243,public,trade_history,0,0,0,0,0,0,0,0,0
1789007410.809576,2188210,public,settlement,0,0,0,0,0,0,0,0,0
1789007410.809576,2188269,public,company,0,0,0,0,0,0,0,0,0
1789007410.809576,2396,pg_catalog,pg_shdescription,0,0,0,0,0,0,0,0,0
1789007410.809576,3600,pg_catalog,pg_ts_dict,0,0,0,0,0,0,0,0,0
1789007410.809576,3596,pg_catalog,pg_seclabel,0,0,0,0,0,0,0,0,0
1789007410.809576,2609,pg_catalog,pg_description,0,0,0,0,0,0,0,0,0
1789007410.809576,13482,pg_toast,pg_toast_13479,0,0,0,0,0,0,0,0,0
1789007410.809576,2188156,public,holding_summary,0,0,0,0,0,0,0,0,0
1789007410.809576,2188390,public,status_type,0,0,0,0,0,0,0,0,0
1789007410.809576,2188395,public,taxrate,0,0,0,0,0,0,0,0,0
1789007410.809576,3603,pg_catalog,pg_ts_config_map,0,0,0,0,0,0,0,0,0
1789007410.809576,1213,pg_catalog,pg_tablespace,0,0,1,1,0,0,0,0,0
1789007410.809576,2188383,pg_toast,pg_toast_2188364,0,0,0,0,0,0,0,0,0
1789007410.809576,2608,pg_catalog,pg_depend,0,0,0,0,0,0,0,0,0
1789007410.809576,2964,pg_catalog,pg_db_role_setting,0,0,0,0,0,0,0,0,0
1789007410.809576,1418,pg_catalog,pg_user_mapping,0,0,0,0,0,0,0,0,0
1789007410.809576,2613,pg_catalog,pg_largeobject,0,0,0,0,0,0,0,0,0
1789007410.809576,6175,pg_toast,pg_toast_3456,0,0,0,0,0,0,0,0,0
1789007410.809576,1261,pg_catalog,pg_auth_members,0,0,0,0,0,0,0,0,0
1789007410.809576,2617,pg_catalog,pg_operator,0,0,5,5,0,0,0,0,0
1789007410.809576,2188352,pg_toast,pg_toast_2188343,0,0,0,0,0,0,0,0,0
1789007410.809576,2188341,pg_toast,pg_toast_2188333,0,0,0,0,0,0,0,0,0
1789007410.809576,2610,pg_catalog,pg_index,1,221,11,14,0,0,0,0,0
1789007410.809576,1249,pg_catalog,pg_attribute,0,0,75,92,0,0,0,0,0
1789007410.809576,2188281,public,company_competitor,0,0,0,0,0,0,0,0,0
1789007410.809576,2600,pg_catalog,pg_aggregate,0,0,1,1,0,0,0,0,0
1789007410.809576,2188180,pg_toast,pg_toast_2188172,0,0,0,0,0,0,0,0,0
1789007410.809576,2188354,public,news_xref,0,0,0,0,0,0,0,0,0
1789007410.809576,2966,pg_toast,pg_toast_2964,0,0,0,0,0,0,0,0,0
1789007410.809576,2188402,public,zip_code,0,0,0,0,0,0,0,0,0
1789007410.809576,2618,pg_catalog,pg_rewrite,0,0,1,1,0,0,0,0,0
1789007410.809576,4177,pg_toast,pg_toast_1262,0,0,0,0,0,0,0,0,0
1789007410.809576,13484,information_schema,sql_parts,0,0,,,0,0,0,0,0
1789007410.809576,4159,pg_toast,pg_toast_2600,0,0,0,0,0,0,0,0,0
1789007410.809576,4147,pg_toast,pg_toast_3079,0,0,0,0,0,0,0,0,0
1789007410.809576,13474,information_schema,sql_features,0,0,,,0,0,0,0,0
1789007410.809576,1247,pg_catalog,pg_type,0,0,19,19,0,0,0,0,0
1789007410.809576,2602,pg_catalog,pg_amop,0,0,12,25,0,0,0,0,0
1789007410.809576,3439,pg_toast,pg_toast_3381,0,0,0,0,0,0,0,0,0
1789007410.809576,2846,pg_toast,pg_toast_2396,0,0,0,0,0,0,0,0,0
1789007410.809576,4145,pg_toast,pg_toast_3466,0,0,0,0,0,0,0,0,0
1789007410.809576,2188385,public,address,0,0,0,0,0,0,0,0,0
1789007410.809576,2188137,public,holding,0,0,0,0,0,0,0,0,0
1789007410.809576,3541,pg_catalog,pg_range,0,0,0,0,0,0,0,0,0
1789007410.809576,3602,pg_catalog,pg_ts_config,0,0,0,0,0,0,0,0,0
1789007410.809576,4183,pg_toast,pg_toast_6100,0,0,0,0,0,0,0,0,0
1789007410.809576,2188333,public,last_trade,0,0,0,0,0,0,0,0,0
1789007410.809576,2224,pg_catalog,pg_sequence,0,0,0,0,0,0,0,0,0
1789007410.809576,2611,pg_catalog,pg_inherits,0,0,0,0,0,0,0,0,0
1789007410.809576,1417,pg_catalog,pg_foreign_server,0,0,0,0,0,0,0,0,0
1789007410.809576,1262,pg_catalog,pg_database,0,0,0,0,0,0,0,0,0
1789007410.809576,2188182,public,cash_transaction,0,0,0,0,0,0,0,0,0
1789007410.809576,13492,pg_toast,pg_toast_13489,0,0,0,0,0,0,0,0,0
1789007410.809576,3501,pg_catalog,pg_enum,0,0,0,0,0,0,0,0,0
1789007410.809576,2607,pg_catalog,pg_conversion,0,0,0,0,0,0,0,0,0
1789007410.809576,2188359,public,sector,0,0,0,0,0,0,0,0,0
1789007410.809576,2188217,pg_toast,pg_toast_2188210,0,0,0,0,0,0,0,0,0
1789007410.809576,826,pg_catalog,pg_default_acl,0,0,0,0,0,0,0,0,0
1789007410.809576,2604,pg_catalog,pg_attrdef,0,0,0,0,0,0,0,0,0
1789007410.809576,2336,pg_toast,pg_toast_2620,0,0,0,0,0,0,0,0,0
1789007410.809576,2188149,public,holding_history,0,0,0,0,0,0,0,0,0
1789007410.809576,2603,pg_catalog,pg_amproc,0,0,5,11,0,0,0,0,0
1789007410.809576,2606,pg_catalog,pg_constraint,0,0,3,8,0,0,0,0,0
1789007410.809576,1255,pg_catalog,pg_proc,0,0,19,24,0,0,0,0,0
1789007410.809576,4173,pg_toast,pg_toast_1418,0,0,0,0,0,0,0,0,0
1789007410.809576,2620,pg_catalog,pg_trigger,0,0,0,0,0,0,0,0,0
1789007410.809576,2188241,pg_toast,pg_toast_2188219,0,0,0,0,0,0,0,0,0
1789007410.809576,2612,pg_catalog,pg_language,0,0,0,0,0,0,0,0,0
1789007410.809576,4149,pg_toast,pg_toast_2328,0,0,0,0,0,0,0,0,0
1789007410.809576,6351,pg_toast,pg_toast_2610,0,0,0,0,0,0,0,0,0
1789007410.809576,13489,information_schema,sql_sizing,0,0,,,0,0,0,0,0
1789007410.809576,3598,pg_toast,pg_toast_3596,0,0,0,0,0,0,0,0,0
1789007410.809576,2188111,public,customer,0,0,0,0,0,0,0,0,0
1789007410.809576,2836,pg_toast,pg_toast_1255,0,0,0,0,0,0,0,0,0
1789007410.809576,3456,pg_catalog,pg_collation,0,0,0,0,0,0,0,0,0
1789007410.809576,3079,pg_catalog,pg_extension,0,0,0,0,0,0,0,0,0
1789007410.809576,2188262,public,trade_type,0,0,0,0,0,0,0,0,0
1789007410.809576,6100,pg_catalog,pg_subscription,0,0,0,0,0,0,0,0,0
1789007410.809576,2188249,public,trade_request,0,0,0,0,0,0,0,0,0
1789007410.809576,2188198,public,commission_rate,0,0,0,0,0,0,0,0,0
1789007410.809576,2188130,pg_toast,pg_toast_2188122,0,0,0,0,0,0,0,0,0
1789007410.809576,2832,pg_toast,pg_toast_2606,0,0,0,0,0,0,0,0,0
1789007410.809576,3256,pg_catalog,pg_policy,0,0,0,0,0,0,0,0,0
1789007410.809576,2188172,public,broker,0,0,0,0,0,0,0,0,0
1789007410.809576,2188296,pg_toast,pg_toast_2188287,0,0,0,0,0,0,0,0,0
1789007410.809576,2188307,public,financial,0,0,0,0,0,0,0,0,0
1789007410.809576,2188103,public,account_permission,0,0,0,0,0,0,0,0,0
1789007410.809576,3466,pg_catalog,pg_event_trigger,0,0,0,0,0,0,0,0,0
1789007410.809576,3592,pg_catalog,pg_shseclabel,0,0,0,0,0,0,0,0,0
1789007410.809576,3764,pg_catalog,pg_ts_template,0,0,0,0,0,0,0,0,0
1789007410.809576,6237,pg_catalog,pg_publication_namespace,0,0,0,0,0,0,0,0,0
1789007410.809576,13487,pg_toast,pg_toast_13484,0,0,0,0,0,0,0,0,0
1789007410.809576,2995,pg_catalog,pg_largeobject_metadata,0,0,0,0,0,0,0,0,0
1789007410.809576,4143,pg_toast,pg_toast_826,0,0,0,0,0,0,0,0,0
1789007410.809576,4185,pg_toast,pg_toast_1213,0,0,0,0,0,0,0,0,0
1789007410.809576,2188287,public,daily_market,0,0,0,0,0,0,0,0,0
1789007410.809576,2188190,public,charge,0,0,0,0,0,0,0,0,0
1789007410.809576,6243,pg_catalog,pg_parameter_acl,0,0,0,0,0,0,0,0,0
1789007410.809576,2616,pg_catalog,pg_opclass,0,0,8,134,0,0,0,0,0
1789007410.809576,2188298,public,exchange,0,0,0,0,0,0,0,0,0
1789007410.809576,2188147,pg_toast,pg_toast_2188137,0,0,0,0,0,0,0,0,0
1789007410.809576,2838,pg_toast,pg_toast_2618,0,0,1,3,0,0,0,0,0
1789007410.809576,2188327,public,industry,0,0,0,0,0,0,0,0,0
1789007410.809576,6228,pg_toast,pg_toast_6106,0,0,0,0,0,0,0,0,0
1789007410.809576,2188325,pg_toast,pg_toast_2188307,0,0,0,0,0,0,0,0,0
1789007410.809576,2188364,public,security,0,0,0,0,0,0,0,0,0
1789007410.809576,3118,pg_catalog,pg_foreign_table,0,0,0,0,0,0,0,0,0
1789007410.809576,1259,pg_catalog,pg_class,1,523,12,12,0,0,0,0,0
1789007410.809576,3350,pg_catalog,pg_partitioned_table,0,0,0,0,0,0,0,0,0
1789007410.809576,4153,pg_toast,pg_toast_3118,0,0,0,0,0,0,0,0,0
1789007410.809576,4060,pg_toast,pg_toast_3592,0,0,0,0,0,0,0,0,0
1789007410.809576,4165,pg_toast,pg_toast_3350,0,0,0,0,0,0,0,0,0
1789007410.809576,2753,pg_catalog,pg_opfamily,0,0,2,2,0,0,0,0,0
1789007410.809576,3601,pg_catalog,pg_ts_parser,0,0,0,0,0,0,0,0,0
1789007410.809576,2188219,public,trade,0,0,0,0,0,0,0,0,0
1789007410.809576,2188260,pg_toast,pg_toast_2188249,0,0,0,0,0,0,0,0,0
1789007410.809576,6104,pg_catalog,pg_publication,0,0,0,0,0,0,0,0,0
1789007410.809576,13477,pg_toast,pg_toast_13474,0,0,0,0,0,0,0,0,0
1789007410.809576,3429,pg_catalog,pg_statistic_ext_data,0,0,0,0,0,0,0,0,0
1789007410.809576,2619,pg_catalog,pg_statistic,0,0,17,8,0,0,0,0,0
1789007410.809576,4155,pg_toast,pg_toast_3394,0,0,0,0,0,0,0,0,0
1789007410.809576,2188196,pg_toast,pg_toast_2188190,0,0,0,0,0,0,0,0,0
1789007410.809576,3381,pg_catalog,pg_statistic_ext,0,0,3,0,0,0,0,0,0
1789007410.809576,6106,pg_catalog,pg_publication_rel,0,0,0,0,0,0,0,0,0
1789007410.809576,2605,pg_catalog,pg_cast,0,0,34,7,0,0,0,0,0
1789007410.809576,4171,pg_toast,pg_toast_1247,0,0,0,0,0,0,0,0,0
1789007410.809576,2830,pg_toast,pg_toast_2604,0,0,0,0,0,0,0,0,0
1789007410.809576,13479,information_schema,sql_implementation_info,0,0,,,0,0,0,0,0
1789007410.809576,6244,pg_toast,pg_toast_6243,0,0,0,0,0,0,0,0,0
1789007410.809576,3430,pg_toast,pg_toast_3429,0,0,0,0,0,0,0,0,0
1789007470.876727,2188132,public,customer_taxrate,0,0,0,0,0,0,0,0,0
1789007470.876727,3576,pg_catalog,pg_transform,0,0,0,0,0,0,0,0,0
1789007470.876727,2601,pg_catalog,pg_am,0,0,0,0,0,0,0,0,0
1789007470.876727,2188188,pg_toast,pg_toast_2188182,0,0,0,0,0,0,0,0,0
1789007470.876727,3394,pg_catalog,pg_init_privs,0,0,0,0,0,0,0,0,0
1789007470.876727,4167,pg_toast,pg_toast_3256,0,0,0,0,0,0,0,0,0
1789007470.876727,4151,pg_toast,pg_toast_1417,0,0,0,0,0,0,0,0,0
1789007470.876727,2834,pg_toast,pg_toast_2609,0,0,0,0,0,0,0,0,0
1789007470.876727,6000,pg_catalog,pg_replication_origin,0,0,0,0,0,0,0,0,0
1789007470.876727,2188343,public,news_item,0,0,0,0,0,0,0,0,0
1789007470.876727,2840,pg_toast,pg_toast_2619,0,0,0,0,0,0,0,0,0
1789007470.876727,2188122,public,customer_account,0,0,0,0,0,0,0,0,0
1789007470.876727,2328,pg_catalog,pg_foreign_data_wrapper,0,0,0,0,0,0,0,0,0
1789007470.876727,4157,pg_toast,pg_toast_2612,0,0,0,0,0,0,0,0,0
1789007470.876727,1260,pg_catalog,pg_authid,0,0,0,0,0,0,0,0,0
1789007470.876727,6102,pg_catalog,pg_subscription_rel,0,0,0,0,0,0,0,0,0
1789007470.876727,1214,pg_catalog,pg_shdepend,0,0,0,0,0,0,0,0,0
1789007470.876727,4163,pg_toast,pg_toast_2615,0,0,0,0,0,0,0,0,0
1789007470.876727,4169,pg_toast,pg_toast_3600,0,0,0,0,0,0,0,0,0
1789007470.876727,2615,pg_catalog,pg_namespace,1,4,5,2,0,0,0,0,0
1789007470.876727,2188162,public,watch_item,0,0,0,0,0,0,0,0,0
1789007470.876727,2188167,public,watch_list,0,0,0,0,0,0,0,0,0
1789007470.876727,2188243,public,trade_history,0,0,0,0,0,0,0,0,0
1789007470.876727,2188210,public,settlement,0,0,0,0,0,0,0,0,0
1789007470.876727,2188269,public,company,0,0,0,0,0,0,0,0,0
1789007470.876727,2396,pg_catalog,pg_shdescription,0,0,0,0,0,0,0,0,0
1789007470.876727,3600,pg_catalog,pg_ts_dict,0,0,0,0,0,0,0,0,0
1789007470.876727,3596,pg_catalog,pg_seclabel,0,0,0,0,0,0,0,0,0
1789007470.876727,2609,pg_catalog,pg_description,0,0,0,0,0,0,0,0,0
1789007470.876727,13482,pg_toast,pg_toast_13479,0,0,0,0,0,0,0,0,0
1789007470.876727,2188156,public,holding_summary,0,0,0,0,0,0,0,0,0
1789007470.876727,2188390,public,status_type,0,0,0,0,0,0,0,0,0
1789007470.876727,2188395,public,taxrate,0,0,0,0,0,0,0,0,0
1789007470.876727,3603,pg_catalog,pg_ts_config_map,0,0,0,0,0,0,0,0,0
1789007470.876727,1213,pg_catalog,pg_tablespace,0,0,1,1,0,0,0,0,0
1789007470.876727,2188383,pg_toast,pg_toast_2188364,0,0,0,0,0,0,0,0,0
1789007470.876727,2608,pg_catalog,pg_depend,0,0,0,0,0,0,0,0,0
1789007470.876727,2964,pg_catalog,pg_db_role_setting,0,0,0,0,0,0,0,0,0
1789007470.876727,1418,pg_catalog,pg_user_mapping,0,0,0,0,0,0,0,0,0
1789007470.876727,2613,pg_catalog,pg_largeobject,0,0,0,0,0,0,0,0,0
1789007470.876727,6175,pg_toast,pg_toast_3456,0,0,0,0,0,0,0,0,0
1789007470.876727,1261,pg_catalog,pg_auth_members,0,0,0,0,0,0,0,0,0
1789007470.876727,2617,pg_catalog,pg_operator,0,0,5,5,0,0,0,0,0
1789007470.876727,2188352,pg_toast,pg_toast_2188343,0,0,0,0,0,0,0,0,0
1789007470.876727,2188341,pg_toast,pg_toast_2188333,0,0,0,0,0,0,0,0,0
1789007470.876727,2610,pg_catalog,pg_index,1,221,11,14,0,0,0,0,0
1789007470.876727,1249,pg_catalog,pg_attribute,0,0,75,92,0,0,0,0,0
1789007470.876727,2188281,public,company_competitor,0,0,0,0,0,0,0,0,0
1789007470.876727,2600,pg_catalog,pg_aggregate,0,0,1,1,0,0,0,0,0
1789007470.876727,2188180,pg_toast,pg_toast_2188172,0,0,0,0,0,0,0,0,0
1789007470.876727,2188354,public,news_xref,0,0,0,0,0,0,0,0,0
1789007470.876727,2966,pg_toast,pg_toast_2964,0,0,0,0,0,0,0,0,0
1789007470.876727,2188402,public,zip_code,0,0,0,0,0,0,0,0,0
1789007470.876727,2618,pg_catalog,pg_rewrite,0,0,1,1,0,0,0,0,0
1789007470.876727,4177,pg_toast,pg_toast_1262,0,0,0,0,0,0,0,0,0
1789007470.876727,13484,information_schema,sql_parts,0,0,,,0,0,0,0,0
1789007470.876727,4159,pg_toast,pg_toast_2600,0,0,0,0,0,0,0,0,0
1789007470.876727,4147,pg_toast,pg_toast_3079,0,0,0,0,0,0,0,0,0
1789007470.876727,13474,information_schema,sql_features,0,0,,,0,0,0,0,0
1789007470.876727,1247,pg_catalog,pg_type,0,0,19,19,0,0,0,0,0
1789007470.876727,2602,pg_catalog,pg_amop,0,0,12,25,0,0,0,0,0
1789007470.876727,3439,pg_toast,pg_toast_3381,0,0,0,0,0,0,0,0,0
1789007470.876727,2846,pg_toast,pg_toast_2396,0,0,0,0,0,0,0,0,0
1789007470.876727,4145,pg_toast,pg_toast_3466,0,0,0,0,0,0,0,0,0
1789007470.876727,2188385,public,address,0,0,0,0,0,0,0,0,0
1789007470.876727,2188137,public,holding,0,0,0,0,0,0,0,0,0
1789007470.876727,3541,pg_catalog,pg_range,0,0,0,0,0,0,0,0,0
1789007470.876727,3602,pg_catalog,pg_ts_config,0,0,0,0,0,0,0,0,0
1789007470.876727,4183,pg_toast,pg_toast_6100,0,0,0,0,0,0,0,0,0
1789007470.876727,2188333,public,last_trade,0,0,0,0,0,0,0,0,0
1789007470.876727,2224,pg_catalog,pg_sequence,0,0,0,0,0,0,0,0,0
1789007470.876727,2611,pg_catalog,pg_inherits,0,0,0,0,0,0,0,0,0
1789007470.876727,1417,pg_catalog,pg_foreign_server,0,0,0,0,0,0,0,0,0
1789007470.876727,1262,pg_catalog,pg_database,0,0,0,0,0,0,0,0,0
1789007470.876727,2188182,public,cash_transaction,0,0,0,0,0,0,0,0,0
1789007470.876727,13492,pg_toast,pg_toast_13489,0,0,0,0,0,0,0,0,0
1789007470.876727,3501,pg_catalog,pg_enum,0,0,0,0,0,0,0,0,0
1789007470.876727,2607,pg_catalog,pg_conversion,0,0,0,0,0,0,0,0,0
1789007470.876727,2188359,public,sector,0,0,0,0,0,0,0,0,0
1789007470.876727,2188217,pg_toast,pg_toast_2188210,0,0,0,0,0,0,0,0,0
1789007470.876727,826,pg_catalog,pg_default_acl,0,0,0,0,0,0,0,0,0
1789007470.876727,2604,pg_catalog,pg_attrdef,0,0,0,0,0,0,0,0,0
1789007470.876727,2336,pg_toast,pg_toast_2620,0,0,0,0,0,0,0,0,0
1789007470.876727,2188149,public,holding_history,0,0,0,0,0,0,0,0,0
1789007470.876727,2603,pg_catalog,pg_amproc,0,0,5,11,0,0,0,0,0
1789007470.876727,2606,pg_catalog,pg_constraint,0,0,3,8,0,0,0,0,0
1789007470.876727,1255,pg_catalog,pg_proc,0,0,19,24,0,0,0,0,0
1789007470.876727,4173,pg_toast,pg_toast_1418,0,0,0,0,0,0,0,0,0
1789007470.876727,2620,pg_catalog,pg_trigger,0,0,0,0,0,0,0,0,0
1789007470.876727,2188241,pg_toast,pg_toast_2188219,0,0,0,0,0,0,0,0,0
1789007470.876727,2612,pg_catalog,pg_language,0,0,0,0,0,0,0,0,0
1789007470.876727,4149,pg_toast,pg_toast_2328,0,0,0,0,0,0,0,0,0
1789007470.876727,6351,pg_toast,pg_toast_2610,0,0,0,0,0,0,0,0,0
1789007470.876727,13489,information_schema,sql_sizing,0,0,,,0,0,0,0,0
1789007470.876727,3598,pg_toast,pg_toast_3596,0,0,0,0,0,0,0,0,0
1789007470.876727,2188111,public,customer,0,0,0,0,0,0,0,0,0
1789007470.876727,2836,pg_toast,pg_toast_1255,0,0,0,0,0,0,0,0,0
1789007470.876727,3456,pg_catalog,pg_collation,0,0,0,0,0,0,0,0,0
1789007470.876727,3079,pg_catalog,pg_extension,0,0,0,0,0,0,0,0,0
1789007470.876727,2188262,public,trade_type,0,0,0,0,0,0,0,0,0
1789007470.876727,6100,pg_catalog,pg_subscription,0,0,0,0,0,0,0,0,0
1789007470.876727,2188249,public,trade_request,0,0,0,0,0,0,0,0,0
1789007470.876727,2188198,public,commission_rate,0,0,0,0,0,0,0,0,0
1789007470.876727,2188130,pg_toast,pg_toast_2188122,0,0,0,0,0,0,0,0,0
1789007470.876727,2832,pg_toast,pg_toast_2606,0,0,0,0,0,0,0,0,0
1789007470.876727,3256,pg_catalog,pg_policy,0,0,0,0,0,0,0,0,0
1789007470.876727,2188172,public,broker,0,0,0,0,0,0,0,0,0
1789007470.876727,2188296,pg_toast,pg_toast_2188287,0,0,0,0,0,0,0,0,0
1789007470.876727,2188307,public,financial,0,0,0,0,0,0,0,0,0
1789007470.876727,2188103,public,account_permission,0,0,0,0,0,0,0,0,0
1789007470.876727,3466,pg_catalog,pg_event_trigger,0,0,0,0,0,0,0,0,0
1789007470.876727,3592,pg_catalog,pg_shseclabel,0,0,0,0,0,0,0,0,0
1789007470.876727,3764,pg_catalog,pg_ts_template,0,0,0,0,0,0,0,0,0
1789007470.876727,6237,pg_catalog,pg_publication_namespace,0,0,0,0,0,0,0,0,0
1789007470.876727,13487,pg_toast,pg_toast_13484,0,0,0,0,0,0,0,0,0
1789007470.876727,2995,pg_catalog,pg_largeobject_metadata,0,0,0,0,0,0,0,0,0
1789007470.876727,4143,pg_toast,pg_toast_826,0,0,0,0,0,0,0,0,0
1789007470.876727,4185,pg_toast,pg_toast_1213,0,0,0,0,0,0,0,0,0
1789007470.876727,2188287,public,daily_market,0,0,0,0,0,0,0,0,0
1789007470.876727,2188190,public,charge,0,0,0,0,0,0,0,0,0
1789007470.876727,6243,pg_catalog,pg_parameter_acl,0,0,0,0,0,0,0,0,0
1789007470.876727,2616,pg_catalog,pg_opclass,0,0,8,134,0,0,0,0,0
1789007470.876727,2188298,public,exchange,0,0,0,0,0,0,0,0,0
1789007470.876727,2188147,pg_toast,pg_toast_2188137,0,0,0,0,0,0,0,0,0
1789007470.876727,2838,pg_toast,pg_toast_2618,0,0,1,3,0,0,0,0,0
1789007470.876727,2188327,public,industry,0,0,0,0,0,0,0,0,0
1789007470.876727,6228,pg_toast,pg_toast_6106,0,0,0,0,0,0,0,0,0
1789007470.876727,2188325,pg_toast,pg_toast_2188307,0,0,0,0,0,0,0,0,0
1789007470.876727,2188364,public,security,0,0,0,0,0,0,0,0,0
1789007470.876727,3118,pg_catalog,pg_foreign_table,0,0,0,0,0,0,0,0,0
1789007470.876727,1259,pg_catalog,pg_class,1,523,12,12,0,0,0,0,0
1789007470.876727,3350,pg_catalog,pg_partitioned_table,0,0,0,0,0,0,0,0,0
1789007470.876727,4153,pg_toast,pg_toast_3118,0,0,0,0,0,0,0,0,0
1789007470.876727,4060,pg_toast,pg_toast_3592,0,0,0,0,0,0,0,0,0
1789007470.876727,4165,pg_toast,pg_toast_3350,0,0,0,0,0,0,0,0,0
1789007470.876727,2753,pg_catalog,pg_opfamily,0,0,2,2,0,0,0,0,0
1789007470.876727,3601,pg_catalog,pg_ts_parser,0,0,0,0,0,0,0,0,0
1789007470.876727,2188219,public,trade,0,0,0,0,0,0,0,0,0
1789007470.876727,2188260,pg_toast,pg_toast_2188249,0,0,0,0,0,0,0,0,0
1789007470.876727,6104,pg_catalog,pg_publication,0,0,0,0,0,0,0,0,0
1789007470.876727,13477,pg_toast,pg_toast_13474,0,0,0,0,0,0,0,0,0
1789007470.876727,3429,pg_catalog,pg_statistic_ext_data,0,0,0,0,0,0,0,0,0
1789007470.876727,2619,pg_catalog,pg_statistic,0,0,17,8,0,0,0,0,0
1789007470.876727,4155,pg_toast,pg_toast_3394,0,0,0,0,0,0,0,0,0
1789007470.876727,2188196,pg_toast,pg_toast_2188190,0,0,0,0,0,0,0,0,0
1789007470.876727,3381,pg_catalog,pg_statistic_ext,0,0,3,0,0,0,0,0,0
1789007470.876727,6106,pg_catalog,pg_publication_rel,0,0,0,0,0,0,0,0,0
1789007470.876727,2605,pg_catalog,pg_cast,0,0,34,7,0,0,0,0,0
1789007470.876727,4171,pg_toast,pg_toast_1247,0,0,0,0,0,0,0,0,0
1789007470.876727,2830,pg_toast,pg_toast_2604,0,0,0,0,0,0,0,0,0
1789007470.876727,13479,information_schema,sql_implementation_info,0,0,,,0,0,0,0,0
1789007470.876727,6244,pg_toast,pg_toast_6243,0,0,0,0,0,0,0,0,0
1789007470.876727,3430,pg_toast,pg_toast_3429,0,0,0,0,0,0,0,0,0
1789007530.986771,2188132,public,customer_taxrate,0,0,0,0,0,0,0,0,0
1789007530.986771,3576,pg_catalog,pg_transform,0,0,0,0,0,0,0,0,0
1789007530.986771,2601,pg_catalog,pg_am,0,0,0,0,0,0,0,0,0
1789007530.986771,2188188,pg_toast,pg_toast_2188182,0,0,0,0,0,0,0,0,0
1789007530.986771,3394,pg_catalog,pg_init_privs,0,0,0,0,0,0,0,0,0
1789007530.986771,4167,pg_toast,pg_toast_3256,0,0,0,0,0,0,0,0,0
1789007530.986771,4151,pg_toast,pg_toast_1417,0,0,0,0,0,0,0,0,0
1789007530.986771,2834,pg_toast,pg_toast_2609,0,0,0,0,0,0,0,0,0
1789007530.986771,6000,pg_catalog,pg_replication_origin,0,0,0,0,0,0,0,0,0
1789007530.986771,2188343,public,news_item,0,0,0,0,0,0,0,0,0
1789007530.986771,2840,pg_toast,pg_toast_2619,0,0,0,0,0,0,0,0,0
1789007530.986771,2188122,public,customer_account,0,0,0,0,0,0,0,0,0
1789007530.986771,2328,pg_catalog,pg_foreign_data_wrapper,0,0,0,0,0,0,0,0,0
1789007530.986771,4157,pg_toast,pg_toast_2612,0,0,0,0,0,0,0,0,0
1789007530.986771,1260,pg_catalog,pg_authid,0,0,0,0,0,0,0,0,0
1789007530.986771,6102,pg_catalog,pg_subscription_rel,0,0,0,0,0,0,0,0,0
1789007530.986771,1214,pg_catalog,pg_shdepend,0,0,0,0,0,0,0,0,0
1789007530.986771,4163,pg_toast,pg_toast_2615,0,0,0,0,0,0,0,0,0
1789007530.986771,4169,pg_toast,pg_toast_3600,0,0,0,0,0,0,0,0,0
1789007530.986771,2615,pg_catalog,pg_namespace,1,4,5,2,0,0,0,0,0
1789007530.986771,2188162,public,watch_item,0,0,0,0,0,0,0,0,0
1789007530.986771,2188167,public,watch_list,0,0,0,0,0,0,0,0,0
1789007530.986771,2188243,public,trade_history,0,0,0,0,0,0,0,0,0
1789007530.986771,2188210,public,settlement,0,0,0,0,0,0,0,0,0
1789007530.986771,2188269,public,company,0,0,0,0,0,0,0,0,0
1789007530.986771,2396,pg_catalog,pg_shdescription,0,0,0,0,0,0,0,0,0
1789007530.986771,3600,pg_catalog,pg_ts_dict,0,0,0,0,0,0,0,0,0
1789007530.986771,3596,pg_catalog,pg_seclabel,0,0,0,0,0,0,0,0,0
1789007530.986771,2609,pg_catalog,pg_description,0,0,0,0,0,0,0,0,0
1789007530.986771,13482,pg_toast,pg_toast_13479,0,0,0,0,0,0,0,0,0
1789007530.986771,2188156,public,holding_summary,0,0,0,0,0,0,0,0,0
1789007530.986771,2188390,public,status_type,0,0,0,0,0,0,0,0,0
1789007530.986771,2188395,public,taxrate,0,0,0,0,0,0,0,0,0
1789007530.986771,3603,pg_catalog,pg_ts_config_map,0,0,0,0,0,0,0,0,0
1789007530.986771,1213,pg_catalog,pg_tablespace,0,0,1,1,0,0,0,0,0
1789007530.986771,2188383,pg_toast,pg_toast_2188364,0,0,0,0,0,0,0,0,0
1789007530.986771,2608,pg_catalog,pg_depend,0,0,0,0,0,0,0,0,0
1789007530.986771,2964,pg_catalog,pg_db_role_setting,0,0,0,0,0,0,0,0,0
1789007530.986771,1418,pg_catalog,pg_user_mapping,0,0,0,0,0,0,0,0,0
1789007530.986771,2613,pg_catalog,pg_largeobject,0,0,0,0,0,0,0,0,0
1789007530.986771,6175,pg_toast,pg_toast_3456,0,0,0,0,0,0,0,0,0
1789007530.986771,1261,pg_catalog,pg_auth_members,0,0,0,0,0,0,0,0,0
1789007530.986771,2617,pg_catalog,pg_operator,0,0,5,5,0,0,0,0,0
1789007530.986771,2188352,pg_toast,pg_toast_2188343,0,0,0,0,0,0,0,0,0
1789007530.986771,2188341,pg_toast,pg_toast_2188333,0,0,0,0,0,0,0,0,0
1789007530.986771,2610,pg_catalog,pg_index,1,221,11,14,0,0,0,0,0
1789007530.986771,1249,pg_catalog,pg_attribute,0,0,75,92,0,0,0,0,0
1789007530.986771,2188281,public,company_competitor,0,0,0,0,0,0,0,0,0
1789007530.986771,2600,pg_catalog,pg_aggregate,0,0,1,1,0,0,0,0,0
1789007530.986771,2188180,pg_toast,pg_toast_2188172,0,0,0,0,0,0,0,0,0
1789007530.986771,2188354,public,news_xref,0,0,0,0,0,0,0,0,0
1789007530.986771,2966,pg_toast,pg_toast_2964,0,0,0,0,0,0,0,0,0
1789007530.986771,2188402,public,zip_code,0,0,0,0,0,0,0,0,0
1789007530.986771,2618,pg_catalog,pg_rewrite,0,0,1,1,0,0,0,0,0
1789007530.986771,4177,pg_toast,pg_toast_1262,0,0,0,0,0,0,0,0,0
1789007530.986771,13484,information_schema,sql_parts,0,0,,,0,0,0,0,0
1789007530.986771,4159,pg_toast,pg_toast_2600,0,0,0,0,0,0,0,0,0
1789007530.986771,4147,pg_toast,pg_toast_3079,0,0,0,0,0,0,0,0,0
1789007530.986771,13474,information_schema,sql_features,0,0,,,0,0,0,0,0
1789007530.986771,1247,pg_catalog,pg_type,0,0,19,19,0,0,0,0,0
1789007530.986771,2602,pg_catalog,pg_amop,0,0,12,25,0,0,0,0,0
1789007530.986771,3439,pg_toast,pg_toast_3381,0,0,0,0,0,0,0,0,0
1789007530.986771,2846,pg_toast,pg_toast_2396,0,0,0,0,0,0,0,0,0
1789007530.986771,4145,pg_toast,pg_toast_3466,0,0,0,0,0,0,0,0,0
1789007530.986771,2188385,public,address,0,0,0,0,0,0,0,0,0
1789007530.986771,2188137,public,holding,0,0,0,0,0,0,0,0,0
1789007530.986771,3541,pg_catalog,pg_range,0,0,0,0,0,0,0,0,0
1789007530.986771,3602,pg_catalog,pg_ts_config,0,0,0,0,0,0,0,0,0
1789007530.986771,4183,pg_toast,pg_toast_6100,0,0,0,0,0,0,0,0,0
1789007530.986771,2188333,public,last_trade,0,0,0,0,0,0,0,0,0
1789007530.986771,2224,pg_catalog,pg_sequence,0,0,0,0,0,0,0,0,0
1789007530.986771,2611,pg_catalog,pg_inherits,0,0,0,0,0,0,0,0,0
1789007530.986771,1417,pg_catalog,pg_foreign_server,0,0,0,0,0,0,0,0,0
1789007530.986771,1262,pg_catalog,pg_database,0,0,0,0,0,0,0,0,0
1789007530.986771,2188182,public,cash_transaction,0,0,0,0,0,0,0,0,0
1789007530.986771,13492,pg_toast,pg_toast_13489,0,0,0,0,0,0,0,0,0
1789007530.986771,3501,pg_catalog,pg_enum,0,0,0,0,0,0,0,0,0
1789007530.986771,2607,pg_catalog,pg_conversion,0,0,0,0,0,0,0,0,0
1789007530.986771,2188359,public,sector,0,0,0,0,0,0,0,0,0
1789007530.986771,2188217,pg_toast,pg_toast_2188210,0,0,0,0,0,0,0,0,0
1789007530.986771,826,pg_catalog,pg_default_acl,0,0,0,0,0,0,0,0,0
1789007530.986771,2604,pg_catalog,pg_attrdef,0,0,0,0,0,0,0,0,0
1789007530.986771,2336,pg_toast,pg_toast_2620,0,0,0,0,0,0,0,0,0
1789007530.986771,2188149,public,holding_history,0,0,0,0,0,0,0,0,0
1789007530.986771,2603,pg_catalog,pg_amproc,0,0,5,11,0,0,0,0,0
1789007530.986771,2606,pg_catalog,pg_constraint,0,0,3,8,0,0,0,0,0
1789007530.986771,1255,pg_catalog,pg_proc,0,0,19,24,0,0,0,0,0
1789007530.986771,4173,pg_toast,pg_toast_1418,0,0,0,0,0,0,0,0,0
1789007530.986771,2620,pg_catalog,pg_trigger,0,0,0,0,0,0,0,0,0
1789007530.986771,2188241,pg_toast,pg_toast_2188219,0,0,0,0,0,0,0,0,0
1789007530.986771,2612,pg_catalog,pg_language,0,0,0,0,0,0,0,0,0
1789007530.986771,4149,pg_toast,pg_toast_2328,0,0,0,0,0,0,0,0,0
1789007530.986771,6351,pg_toast,pg_toast_2610,0,0,0,0,0,0,0,0,0
1789007530.986771,13489,information_schema,sql_sizing,0,0,,,0,0,0,0,0
1789007530.986771,3598,pg_toast,pg_toast_3596,0,0,0,0,0,0,0,0,0
1789007530.986771,2188111,public,customer,0,0,0,0,0,0,0,0,0
1789007530.986771,2836,pg_toast,pg_toast_1255,0,0,0,0,0,0,0,0,0
1789007530.986771,3456,pg_catalog,pg_collation,0,0,0,0,0,0,0,0,0
1789007530.986771,3079,pg_catalog,pg_extension,0,0,0,0,0,0,0,0,0
1789007530.986771,2188262,public,trade_type,0,0,0,0,0,0,0,0,0
1789007530.986771,6100,pg_catalog,pg_subscription,0,0,0,0,0,0,0,0,0
1789007530.986771,2188249,public,trade_request,0,0,0,0,0,0,0,0,0
1789007530.986771,2188198,public,commission_rate,0,0,0,0,0,0,0,0,0
1789007530.986771,2188130,pg_toast,pg_toast_2188122,0,0,0,0,0,0,0,0,0
1789007530.986771,2832,pg_toast,pg_toast_2606,0,0,0,0,0,0,0,0,0
1789007530.986771,3256,pg_catalog,pg_policy,0,0,0,0,0,0,0,0,0
1789007530.986771,2188172,public,broker,0,0,0,0,0,0,0,0,0
1789007530.986771,2188296,pg_toast,pg_toast_2188287,0,0,0,0,0,0,0,0,0
1789007530.986771,2188307,public,financial,0,0,0,0,0,0,0,0,0
1789007530.986771,2188103,public,account_permission,0,0,0,0,0,0,0,0,0
1789007530.986771,3466,pg_catalog,pg_event_trigger,0,0,0,0,0,0,0,0,0
1789007530.986771,3592,pg_catalog,pg_shseclabel,0,0,0,0,0,0,0,0,0
1789007530.986771,3764,pg_catalog,pg_ts_template,0,0,0,0,0,0,0,0,0
1789007530.986771,6237,pg_catalog,pg_publication_namespace,0,0,0,0,0,0,0,0,0
1789007530.986771,13487,pg_toast,pg_toast_13484,0,0,0,0,0,0,0,0,0
1789007530.986771,2995,pg_catalog,pg_largeobject_metadata,0,0,0,0,0,0,0,0,0
1789007530.986771,4143,pg_toast,pg_toast_826,0,0,0,0,0,0,0,0,0
1789007530.986771,4185,pg_toast,pg_toast_1213,0,0,0,0,0,0,0,0,0
1789007530.986771,2188287,public,daily_market,0,0,0,0,0,0,0,0,0
1789007530.986771,2188190,public,charge,0,0,0,0,0,0,0,0,0
1789007530.986771,6243,pg_catalog,pg_parameter_acl,0,0,0,0,0,0,0,0,0
1789007530.986771,2616,pg_catalog,pg_opclass,0,0,8,134,0,0,0,0,0
1789007530.986771,2188298,public,exchange,0,0,0,0,0,0,0,0,0
1789007530.986771,2188147,pg_toast,pg_toast_2188137,0,0,0,0,0,0,0,0,0
1789007530.986771,2838,pg_toast,pg_toast_2618,0,0,1,3,0,0,0,0,0
1789007530.986771,2188327,public,industry,0,0,0,0,0,0,0,0,0
1789007530.986771,6228,pg_toast,pg_toast_6106,0,0,0,0,0,0,0,0,0
1789007530.986771,2188325,pg_toast,pg_toast_2188307,0,0,0,0,0,0,0,0,0
1789007530.986771,2188364,public,security,0,0,0,0,0,0,0,0,0
1789007530.986771,3118,pg_catalog,pg_foreign_table,0,0,0,0,0,0,0,0,0
1789007530.986771,1259,pg_catalog,pg_class,1,523,12,12,0,0,0,0,0
1789007530.986771,3350,pg_catalog,pg_partitioned_table,0,0,0,0,0,0,0,0,0
1789007530.986771,4153,pg_toast,pg_toast_3118,0,0,0,0,0,0,0,0,0
1789007530.986771,4060,pg_toast,pg_toast_3592,0,0,0,0,0,0,0,0,0
1789007530.986771,4165,pg_toast,pg_toast_3350,0,0,0,0,0,0,0,0,0
1789007530.986771,2753,pg_catalog,pg_opfamily,0,0,2,2,0,0,0,0,0
1789007530.986771,3601,pg_catalog,pg_ts_parser,0,0,0,0,0,0,0,0,0
1789007530.986771,2188219,public,trade,0,0,0,0,0,0,0,0,0
1789007530.986771,2188260,pg_toast,pg_toast_2188249,0,0,0,0,0,0,0,0,0
1789007530.986771,6104,pg_catalog,pg_publication,0,0,0,0,0,0,0,0,0
1789007530.986771,13477,pg_toast,pg_toast_13474,0,0,0,0,0,0,0,0,0
1789007530.986771,3429,pg_catalog,pg_statistic_ext_data,0,0,0,0,0,0,0,0,0
1789007530.986771,2619,pg_catalog,pg_statistic,0,0,17,8,0,0,0,0,0
1789007530.986771,4155,pg_toast,pg_toast_3394,0,0,0,0,0,0,0,0,0
1789007530.986771,2188196,pg_toast,pg_toast_2188190,0,0,0,0,0,0,0,0,0
1789007530.986771,3381,pg_catalog,pg_statistic_ext,0,0,3,0,0,0,0,0,0
1789007530.986771,6106,pg_catalog,pg_publication_rel,0,0,0,0,0,0,0,0,0
1789007530.986771,2605,pg_catalog,pg_cast,0,0,34,7,0,0,0,0,0
1789007530.986771,4171,pg_toast,pg_toast_1247,0,0,0,0,0,0,0,0,0
1789007530.986771,2830,pg_toast,pg_toast_2604,0,0,0,0,0,0,0,0,0
1789007530.986771,13479,information_schema,sql_implementation_info,0,0,,,0,0,0,0,0
1789007530.986771,6244,pg_toast,pg_toast_6243,0,0,0,0,0,0,0,0,0
1789007530.986771,3430,pg_toast,pg_toast_3429,0,0,0,0,0,0,0,0,0
1789007590.092280,2188132,public,customer_taxrate,0,0,0,0,0,0,0,0,0
1789007590.092280,3576,pg_catalog,pg_transform,0,0,0,0,0,0,0,0,0
1789007590.092280,2601,pg_catalog,pg_am,0,0,0,0,0,0,0,0,0
1789007590.092280,2188188,pg_toast,pg_toast_2188182,0,0,0,0,0,0,0,0,0
1789007590.092280,3394,pg_catalog,pg_init_privs,0,0,0,0,0,0,0,0,0
1789007590.092280,4167,pg_toast,pg_toast_3256,0,0,0,0,0,0,0,0,0
1789007590.092280,4151,pg_toast,pg_toast_1417,0,0,0,0,0,0,0,0,0
1789007590.092280,2834,pg_toast,pg_toast_2609,0,0,0,0,0,0,0,0,0
1789007590.092280,6000,pg_catalog,pg_replication_origin,0,0,0,0,0,0,0,0,0
1789007590.092280,2188343,public,news_item,0,0,0,0,0,0,0,0,0
1789007590.092280,2840,pg_toast,pg_toast_2619,0,0,0,0,0,0,0,0,0
1789007590.092280,2188122,public,customer_account,0,0,0,0,0,0,0,0,0
1789007590.092280,2328,pg_catalog,pg_foreign_data_wrapper,0,0,0,0,0,0,0,0,0
1789007590.092280,4157,pg_toast,pg_toast_2612,0,0,0,0,0,0,0,0,0
1789007590.092280,1260,pg_catalog,pg_authid,0,0,0,0,0,0,0,0,0
1789007590.092280,6102,pg_catalog,pg_subscription_rel,0,0,0,0,0,0,0,0,0
1789007590.092280,1214,pg_catalog,pg_shdepend,0,0,0,0,0,0,0,0,0
1789007590.092280,4163,pg_toast,pg_toast_2615,0,0,0,0,0,0,0,0,0
1789007590.092280,4169,pg_toast,pg_toast_3600,0,0,0,0,0,0,0,0,0
1789007590.092280,2615,pg_catalog,pg_namespace,1,4,5,2,0,0,0,0,0
1789007590.092280,2188162,public,watch_item,0,0,0,0,0,0,0,0,0
1789007590.092280,2188167,public,watch_list,0,0,0,0,0,0,0,0,0
1789007590.092280,2188243,public,trade_history,0,0,0,0,0,0,0,0,0
1789007590.092280,2188210,public,settlement,0,0,0,0,0,0,0,0,0
1789007590.092280,2188269,public,company,0,0,0,0,0,0,0,0,0
1789007590.092280,2396,pg_catalog,pg_shdescription,0,0,0,0,0,0,0,0,0
1789007590.092280,3600,pg_catalog,pg_ts_dict,0,0,0,0,0,0,0,0,0
1789007590.092280,3596,pg_catalog,pg_seclabel,0,0,0,0,0,0,0,0,0
1789007590.092280,2609,pg_catalog,pg_description,0,0,0,0,0,0,0,0,0
1789007590.092280,13482,pg_toast,pg_toast_13479,0,0,0,0,0,0,0,0,0
1789007590.092280,2188156,public,holding_summary,0,0,0,0,0,0,0,0,0
1789007590.092280,2188390,public,status_type,0,0,0,0,0,0,0,0,0
1789007590.092280,2188395,public,taxrate,0,0,0,0,0,0,0,0,0
1789007590.092280,3603,pg_catalog,pg_ts_config_map,0,0,0,0,0,0,0,0,0
1789007590.092280,1213,pg_catalog,pg_tablespace,0,0,1,1,0,0,0,0,0
1789007590.092280,2188383,pg_toast,pg_toast_2188364,0,0,0,0,0,0,0,0,0
1789007590.092280,2608,pg_catalog,pg_depend,0,0,0,0,0,0,0,0,0
1789007590.092280,2964,pg_catalog,pg_db_role_setting,0,0,0,0,0,0,0,0,0
1789007590.092280,1418,pg_catalog,pg_user_mapping,0,0,0,0,0,0,0,0,0
1789007590.092280,2613,pg_catalog,pg_largeobject,0,0,0,0,0,0,0,0,0
1789007590.092280,6175,pg_toast,pg_toast_3456,0,0,0,0,0,0,0,0,0
1789007590.092280,1261,pg_catalog,pg_auth_members,0,0,0,0,0,0,0,0,0
1789007590.092280,2617,pg_catalog,pg_operator,0,0,5,5,0,0,0,0,0
1789007590.092280,2188352,pg_toast,pg_toast_2188343,0,0,0,0,0,0,0,0,0
1789007590.092280,2188341,pg_toast,pg_toast_2188333,0,0,0,0,0,0,0,0,0
1789007590.092280,2610,pg_catalog,pg_index,1,221,11,14,0,0,0,0,0
1789007590.092280,1249,pg_catalog,pg_attribute,0,0,75,92,0,0,0,0,0
1789007590.092280,2188281,public,company_competitor,0,0,0,0,0,0,0,0,0
1789007590.092280,2600,pg_catalog,pg_aggregate,0,0,1,1,0,0,0,0,0
1789007590.092280,2188180,pg_toast,pg_toast_2188172,0,0,0,0,0,0,0,0,0
1789007590.092280,2188354,public,news_xref,0,0,0,0,0,0,0,0,0
1789007590.092280,2966,pg_toast,pg_toast_2964,0,0,0,0,0,0,0,0,0
1789007590.092280,2188402,public,zip_code,0,0,0,0,0,0,0,0,0
1789007590.092280,2618,pg_catalog,pg_rewrite,0,0,1,1,0,0,0,0,0
1789007590.092280,4177,pg_toast,pg_toast_1262,0,0,0,0,0,0,0,0,0
1789007590.092280,13484,information_schema,sql_parts,0,0,,,0,0,0,0,0
1789007590.092280,4159,pg_toast,pg_toast_2600,0,0,0,0,0,0,0,0,0
1789007590.092280,4147,pg_toast,pg_toast_3079,0,0,0,0,0,0,0,0,0
1789007590.092280,13474,information_schema,sql_features,0,0,,,0,0,0,0,0
1789007590.092280,1247,pg_catalog,pg_type,0,0,19,19,0,0,0,0,0
1789007590.092280,2602,pg_catalog,pg_amop,0,0,12,25,0,0,0,0,0
1789007590.092280,3439,pg_toast,pg_toast_3381,0,0,0,0,0,0,0,0,0
1789007590.092280,2846,pg_toast,pg_toast_2396,0,0,0,0,0,0,0,0,0
1789007590.092280,4145,pg_toast,pg_toast_3466,0,0,0,0,0,0,0,0,0
1789007590.092280,2188385,public,address,0,0,0,0,0,0,0,0,0
1789007590.092280,2188137,public,holding,0,0,0,0,0,0,0,0,0
1789007590.092280,3541,pg_catalog,pg_range,0,0,0,0,0,0,0,0,0
1789007590.092280,3602,pg_catalog,pg_ts_config,0,0,0,0,0,0,0,0,0
1789007590.092280,4183,pg_toast,pg_toast_6100,0,0,0,0,0,0,0,0,0
1789007590.092280,2188333,public,last_trade,0,0,0,0,0,0,0,0,0
1789007590.092280,2224,pg_catalog,pg_sequence,0,0,0,0,0,0,0,0,0
1789007590.092280,2611,pg_catalog,pg_inherits,0,0,0,0,0,0,0,0,0
1789007590.092280,1417,pg_catalog,pg_foreign_server,0,0,0,0,0,0,0,0,0
1789007590.092280,1262,pg_catalog,pg_database,0,0,0,0,0,0,0,0,0
1789007590.092280,2188182,public,cash_transaction,0,0,0,0,0,0,0,0,0
1789007590.092280,13492,pg_toast,pg_toast_13489,0,0,0,0,0,0,0,0,0
1789007590.092280,3501,pg_catalog,pg_enum,0,0,0,0,0,0,0,0,0
1789007590.092280,2607,pg_catalog,pg_conversion,0,0,0,0,0,0,0,0,0
1789007590.092280,2188359,public,sector,0,0,0,0,0,0,0,0,0
1789007590.092280,2188217,pg_toast,pg_toast_2188210,0,0,0,0,0,0,0,0,0
1789007590.092280,826,pg_catalog,pg_default_acl,0,0,0,0,0,0,0,0,0
1789007590.092280,2604,pg_catalog,pg_attrdef,0,0,0,0,0,0,0,0,0
1789007590.092280,2336,pg_toast,pg_toast_2620,0,0,0,0,0,0,0,0,0
1789007590.092280,2188149,public,holding_history,0,0,0,0,0,0,0,0,0
1789007590.092280,2603,pg_catalog,pg_amproc,0,0,5,11,0,0,0,0,0
1789007590.092280,2606,pg_catalog,pg_constraint,0,0,3,8,0,0,0,0,0
1789007590.092280,1255,pg_catalog,pg_proc,0,0,19,24,0,0,0,0,0
1789007590.092280,4173,pg_toast,pg_toast_1418,0,0,0,0,0,0,0,0,0
1789007590.092280,2620,pg_catalog,pg_trigger,0,0,0,0,0,0,0,0,0
1789007590.092280,2188241,pg_toast,pg_toast_2188219,0,0,0,0,0,0,0,0,0
1789007590.092280,2612,pg_catalog,pg_language,0,0,0,0,0,0,0,0,0
1789007590.092280,4149,pg_toast,pg_toast_2328,0,0,0,0,0,0,0,0,0
1789007590.092280,6351,pg_toast,pg_toast_2610,0,0,0,0,0,0,0,0,0
1789007590.092280,13489,information_schema,sql_sizing,0,0,,,0,0,0,0,0
1789007590.092280,3598,pg_toast,pg_toast_3596,0,0,0,0,0,0,0,0,0
1789007590.092280,2188111,public,customer,0,0,0,0,0,0,0,0,0
1789007590.092280,2836,pg_toast,pg_toast_1255,0,0,0,0,0,0,0,0,0
1789007590.092280,3456,pg_catalog,pg_collation,0,0,0,0,0,0,0,0,0
1789007590.092280,3079,pg_catalog,pg_extension,0,0,0,0,0,0,0,0,0
1789007590.092280,2188262,public,trade_type,0,0,0,0,0,0,0,0,0
1789007590.092280,6100,pg_catalog,pg_subscription,0,0,0,0,0,0,0,0,0
1789007590.092280,2188249,public,trade_request,0,0,0,0,0,0,0,0,0
1789007590.092280,2188198,public,commission_rate,0,0,0,0,0,0,0,0,0
1789007590.092280,2188130,pg_toast,pg_toast_2188122,0,0,0,0,0,0,0,0,0
1789007590.092280,2832,pg_toast,pg_toast_2606,0,0,0,0,0,0,0,0,0
1789007590.092280,3256,pg_catalog,pg_policy,0,0,0,0,0,0,0,0,0
1789007590.092280,2188172,public,broker,0,0,0,0,0,0,0,0,0
1789007590.092280,2188296,pg_toast,pg_toast_2188287,0,0,0,0,0,0,0,0,0
1789007590.092280,2188307,public,financial,0,0,0,0,0,0,0,0,0
1789007590.092280,2188103,public,account_permission,0,0,0,0,0,0,0,0,0
1789007590.092280,3466,pg_catalog,pg_event_trigger,0,0,0,0,0,0,0,0,0
1789007590.092280,3592,pg_catalog,pg_shseclabel,0,0,0,0,0,0,0,0,0
1789007590.092280,3764,pg_catalog,pg_ts_template,0,0,0,0,0,0,0,0,0
1789007590.092280,6237,pg_catalog,pg_publication_namespace,0,0,0,0,0,0,0,0,0
1789007590.092280,13487,pg_toast,pg_toast_13484,0,0,0,0,0,0,0,0,0
1789007590.092280,2995,pg_catalog,pg_largeobject_metadata,0,0,0,0,0,0,0,0,0
1789007590.092280,4143,pg_toast,pg_toast_826,0,0,0,0,0,0,0,0,0
1789007590.092280,4185,pg_toast,pg_toast_1213,0,0,0,0,0,0,0,0,0
1789007590.092280,2188287,public,daily_market,0,0,0,0,0,0,0,0,0
1789007590.092280,2188190,public,charge,0,0,0,0,0,0,0,0,0
1789007590.092280,6243,pg_catalog,pg_parameter_acl,0,0,0,0,0,0,0,0,0
1789007590.092280,2616,pg_catalog,pg_opclass,0,0,8,134,0,0,0,0,0
1789007590.092280,2188298,public,exchange,0,0,0,0,0,0,0,0,0
1789007590.092280,2188147,pg_toast,pg_toast_2188137,0,0,0,0,0,0,0,0,0
1789007590.092280,2838,pg_toast,pg_toast_2618,0,0,1,3,0,0,0,0,0
1789007590.092280,2188327,public,industry,0,0,0,0,0,0,0,0,0
1789007590.092280,6228,pg_toast,pg_toast_6106,0,0,0,0,0,0,0,0,0
1789007590.092280,2188325,pg_toast,pg_toast_2188307,0,0,0,0,0,0,0,0,0
1789007590.092280,2188364,public,security,0,0,0,0,0,0,0,0,0
1789007590.092280,3118,pg_catalog,pg_foreign_table,0,0,0,0,0,0,0,0,0
1789007590.092280,1259,pg_catalog,pg_class,1,523,12,12,0,0,0,0,0
1789007590.092280,3350,pg_catalog,pg_partitioned_table,0,0,0,0,0,0,0,0,0
1789007590.092280,4153,pg_toast,pg_toast_3118,0,0,0,0,0,0,0,0,0
1789007590.092280,4060,pg_toast,pg_toast_3592,0,0,0,0,0,0,0,0,0
1789007590.092280,4165,pg_toast,pg_toast_3350,0,0,0,0,0,0,0,0,0
1789007590.092280,2753,pg_catalog,pg_opfamily,0,0,2,2,0,0,0,0,0
1789007590.092280,3601,pg_catalog,pg_ts_parser,0,0,0,0,0,0,0,0,0
1789007590.092280,2188219,public,trade,0,0,0,0,0,0,0,0,0
1789007590.092280,2188260,pg_toast,pg_toast_2188249,0,0,0,0,0,0,0,0,0
1789007590.092280,6104,pg_catalog,pg_publication,0,0,0,0,0,0,0,0,0
1789007590.092280,13477,pg_toast,pg_toast_13474,0,0,0,0,0,0,0,0,0
1789007590.092280,3429,pg_catalog,pg_statistic_ext_data,0,0,0,0,0,0,0,0,0
1789007590.092280,2619,pg_catalog,pg_statistic,0,0,17,8,0,0,0,0,0
1789007590.092280,4155,pg_toast,pg_toast_3394,0,0,0,0,0,0,0,0,0
1789007590.092280,2188196,pg_toast,pg_toast_2188190,0,0,0,0,0,0,0,0,0
1789007590.092280,3381,pg_catalog,pg_statistic_ext,0,0,3,0,0,0,0,0,0
1789007590.092280,6106,pg_catalog,pg_publication_rel,0,0,0,0,0,0,0,0,0
1789007590.092280,2605,pg_catalog,pg_cast,0,0,34,7,0,0,0,0,0
1789007590.092280,4171,pg_toast,pg_toast_1247,0,0,0,0,0,0,0,0,0
1789007590.092280,2830,pg_toast,pg_toast_2604,0,0,0,0,0,0,0,0,0
1789007590.092280,13479,information_schema,sql_implementation_info,0,0,,,0,0,0,0,0
1789007590.092280,6244,pg_toast,pg_toast_6243,0,0,0,0,0,0,0,0,0
1789007590.092280,3430,pg_toast,pg_toast_3429,0,0,0,0,0,0,0,0,0
1789007650.212914,2188132,public,customer_taxrate,0,0,0,0,0,0,0,0,0
1789007650.212914,3576,pg_catalog,pg_transform,0,0,0,0,0,0,0,0,0
1789007650.212914,2601,pg_catalog,pg_am,0,0,0,0,0,0,0,0,0
1789007650.212914,2188188,pg_toast,pg_toast_2188182,0,0,0,0,0,0,0,0,0
1789007650.212914,3394,pg_catalog,pg_init_privs,0,0,0,0,0,0,0,0,0
1789007650.212914,4167,pg_toast,pg_toast_3256,0,0,0,0,0,0,0,0,0
1789007650.212914,4151,pg_toast,pg_toast_1417,0,0,0,0,0,0,0,0,0
1789007650.212914,2834,pg_toast,pg_toast_2609,0,0,0,0,0,0,0,0,0
1789007650.212914,6000,pg_catalog,pg_replication_origin,0,0,0,0,0,0,0,0,0
1789007650.212914,2188343,public,news_item,0,0,0,0,0,0,0,0,0
1789007650.212914,2840,pg_toast,pg_toast_2619,0,0,0,0,0,0,0,0,0
1789007650.212914,2188122,public,customer_account,0,0,0,0,0,0,0,0,0
1789007650.212914,2328,pg_catalog,pg_foreign_data_wrapper,0,0,0,0,0,0,0,0,0
1789007650.212914,4157,pg_toast,pg_toast_2612,0,0,0,0,0,0,0,0,0
1789007650.212914,1260,pg_catalog,pg_authid,0,0,0,0,0,0,0,0,0
1789007650.212914,6102,pg_catalog,pg_subscription_rel,0,0,0,0,0,0,0,0,0
1789007650.212914,1214,pg_catalog,pg_shdepend,0,0,0,0,0,0,0,0,0
1789007650.212914,4163,pg_toast,pg_toast_2615,0,0,0,0,0,0,0,0,0
1789007650.212914,4169,pg_toast,pg_toast_3600,0,0,0,0,0,0,0,0,0
1789007650.212914,2615,pg_catalog,pg_namespace,1,4,5,2,0,0,0,0,0
1789007650.212914,2188162,public,watch_item,0,0,0,0,0,0,0,0,0
1789007650.212914,2188167,public,watch_list,0,0,0,0,0,0,0,0,0
1789007650.212914,2188243,public,trade_history,0,0,0,0,0,0,0,0,0
1789007650.212914,2188210,public,settlement,0,0,0,0,0,0,0,0,0
1789007650.212914,2188269,public,company,0,0,0,0,0,0,0,0,0
1789007650.212914,2396,pg_catalog,pg_shdescription,0,0,0,0,0,0,0,0,0
1789007650.212914,3600,pg_catalog,pg_ts_dict,0,0,0,0,0,0,0,0,0
1789007650.212914,3596,pg_catalog,pg_seclabel,0,0,0,0,0,0,0,0,0
1789007650.212914,2609,pg_catalog,pg_description,0,0,0,0,0,0,0,0,0
1789007650.212914,13482,pg_toast,pg_toast_13479,0,0,0,0,0,0,0,0,0
1789007650.212914,2188156,public,holding_summary,0,0,0,0,0,0,0,0,0
1789007650.212914,2188390,public,status_type,0,0,0,0,0,0,0,0,0
1789007650.212914,2188395,public,taxrate,0,0,0,0,0,0,0,0,0
1789007650.212914,3603,pg_catalog,pg_ts_config_map,0,0,0,0,0,0,0,0,0
1789007650.212914,1213,pg_catalog,pg_tablespace,0,0,1,1,0,0,0,0,0
1789007650.212914,2188383,pg_toast,pg_toast_2188364,0,0,0,0,0,0,0,0,0
1789007650.212914,2608,pg_catalog,pg_depend,0,0,0,0,0,0,0,0,0
1789007650.212914,2964,pg_catalog,pg_db_role_setting,0,0,0,0,0,0,0,0,0
1789007650.212914,1418,pg_catalog,pg_user_mapping,0,0,0,0,0,0,0,0,0
1789007650.212914,2613,pg_catalog,pg_largeobject,0,0,0,0,0,0,0,0,0
1789007650.212914,6175,pg_toast,pg_toast_3456,0,0,0,0,0,0,0,0,0
1789007650.212914,1261,pg_catalog,pg_auth_members,0,0,0,0,0,0,0,0,0
1789007650.212914,2617,pg_catalog,pg_operator,0,0,5,5,0,0,0,0,0
1789007650.212914,2188352,pg_toast,pg_toast_2188343,0,0,0,0,0,0,0,0,0
1789007650.212914,2188341,pg_toast,pg_toast_2188333,0,0,0,0,0,0,0,0,0
1789007650.212914,2610,pg_catalog,pg_index,1,221,11,14,0,0,0,0,0
1789007650.212914,1249,pg_catalog,pg_attribute,0,0,75,92,0,0,0,0,0
1789007650.212914,2188281,public,company_competitor,0,0,0,0,0,0,0,0,0
1789007650.212914,2600,pg_catalog,pg_aggregate,0,0,1,1,0,0,0,0,0
1789007650.212914,2188180,pg_toast,pg_toast_2188172,0,0,0,0,0,0,0,0,0
1789007650.212914,2188354,public,news_xref,0,0,0,0,0,0,0,0,0
1789007650.212914,2966,pg_toast,pg_toast_2964,0,0,0,0,0,0,0,0,0
1789007650.212914,2188402,public,zip_code,0,0,0,0,0,0,0,0,0
1789007650.212914,2618,pg_catalog,pg_rewrite,0,0,1,1,0,0,0,0,0
1789007650.212914,4177,pg_toast,pg_toast_1262,0,0,0,0,0,0,0,0,0
1789007650.212914,13484,information_schema,sql_parts,0,0,,,0,0,0,0,0
1789007650.212914,4159,pg_toast,pg_toast_2600,0,0,0,0,0,0,0,0,0
1789007650.212914,4147,pg_toast,pg_toast_3079,0,0,0,0,0,0,0,0,0
1789007650.212914,13474,information_schema,sql_features,0,0,,,0,0,0,0,0
1789007650.212914,1247,pg_catalog,pg_type,0,0,19,19,0,0,0,0,0
1789007650.212914,2602,pg_catalog,pg_amop,0,0,12,25,0,0,0,0,0
1789007650.212914,3439,pg_toast,pg_toast_3381,0,0,0,0,0,0,0,0,0
1789007650.212914,2846,pg_toast,pg_toast_2396,0,0,0,0,0,0,0,0,0
1789007650.212914,4145,pg_toast,pg_toast_3466,0,0,0,0,0,0,0,0,0
1789007650.212914,2188385,public,address,0,0,0,0,0,0,0,0,0
1789007650.212914,2188137,public,holding,0,0,0,0,0,0,0,0,0
1789007650.212914,3541,pg_catalog,pg_range,0,0,0,0,0,0,0,0,0
1789007650.212914,3602,pg_catalog,pg_ts_config,0,0,0,0,0,0,0,0,0
1789007650.212914,4183,pg_toast,pg_toast_6100,0,0,0,0,0,0,0,0,0
1789007650.212914,2188333,public,last_trade,0,0,0,0,0,0,0,0,0
1789007650.212914,2224,pg_catalog,pg_sequence,0,0,0,0,0,0,0,0,0
1789007650.212914,2611,pg_catalog,pg_inherits,0,0,0,0,0,0,0,0,0
1789007650.212914,1417,pg_catalog,pg_foreign_server,0,0,0,0,0,0,0,0,0
1789007650.212914,1262,pg_catalog,pg_database,0,0,0,0,0,0,0,0,0
1789007650.212914,2188182,public,cash_transaction,0,0,0,0,0,0,0,0,0
1789007650.212914,13492,pg_toast,pg_toast_13489,0,0,0,0,0,0,0,0,0
1789007650.212914,3501,pg_catalog,pg_enum,0,0,0,0,0,0,0,0,0
1789007650.212914,2607,pg_catalog,pg_conversion,0,0,0,0,0,0,0,0,0
1789007650.212914,2188359,public,sector,0,0,0,0,0,0,0,0,0
1789007650.212914,2188217,pg_toast,pg_toast_2188210,0,0,0,0,0,0,0,0,0
1789007650.212914,826,pg_catalog,pg_default_acl,0,0,0,0,0,0,0,0,0
1789007650.212914,2604,pg_catalog,pg_attrdef,0,0,0,0,0,0,0,0,0
1789007650.212914,2336,pg_toast,pg_toast_2620,0,0,0,0,0,0,0,0,0
1789007650.212914,2188149,public,holding_history,0,0,0,0,0,0,0,0,0
1789007650.212914,2603,pg_catalog,pg_amproc,0,0,5,11,0,0,0,0,0
1789007650.212914,2606,pg_catalog,pg_constraint,0,0,3,8,0,0,0,0,0
1789007650.212914,1255,pg_catalog,pg_proc,0,0,19,24,0,0,0,0,0
1789007650.212914,4173,pg_toast,pg_toast_1418,0,0,0,0,0,0,0,0,0
1789007650.212914,2620,pg_catalog,pg_trigger,0,0,0,0,0,0,0,0,0
1789007650.212914,2188241,pg_toast,pg_toast_2188219,0,0,0,0,0,0,0,0,0
1789007650.212914,2612,pg_catalog,pg_language,0,0,0,0,0,0,0,0,0
1789007650.212914,4149,pg_toast,pg_toast_2328,0,0,0,0,0,0,0,0,0
1789007650.212914,6351,pg_toast,pg_toast_2610,0,0,0,0,0,0,0,0,0
1789007650.212914,13489,information_schema,sql_sizing,0,0,,,0,0,0,0,0
1789007650.212914,3598,pg_toast,pg_toast_3596,0,0,0,0,0,0,0,0,0
1789007650.212914,2188111,public,customer,0,0,0,0,0,0,0,0,0
1789007650.212914,2836,pg_toast,pg_toast_1255,0,0,0,0,0,0,0,0,0
1789007650.212914,3456,pg_catalog,pg_collation,0,0,0,0,0,0,0,0,0
1789007650.212914,3079,pg_catalog,pg_extension,0,0,0,0,0,0,0,0,0
1789007650.212914,2188262,public,trade_type,0,0,0,0,0,0,0,0,0
1789007650.212914,6100,pg_catalog,pg_subscription,0,0,0,0,0,0,0,0,0
1789007650.212914,2188249,public,trade_request,0,0,0,0,0,0,0,0,0
1789007650.212914,2188198,public,commission_rate,0,0,0,0,0,0,0,0,0
1789007650.212914,2188130,pg_toast,pg_toast_2188122,0,0,0,0,0,0,0,0,0
1789007650.212914,2832,pg_toast,pg_toast_2606,0,0,0,0,0,0,0,0,0
1789007650.212914,3256,pg_catalog,pg_policy,0,0,0,0,0,0,0,0,0
1789007650.212914,2188172,public,broker,0,0,0,0,0,0,0,0,0
1789007650.212914,2188296,pg_toast,pg_toast_2188287,0,0,0,0,0,0,0,0,0
1789007650.212914,2188307,public,financial,0,0,0,0,0,0,0,0,0
1789007650.212914,2188103,public,account_permission,0,0,0,0,0,0,0,0,0
1789007650.212914,3466,pg_catalog,pg_event_trigger,0,0,0,0,0,0,0,0,0
1789007650.212914,3592,pg_catalog,pg_shseclabel,0,0,0,0,0,0,0,0,0
1789007650.212914,3764,pg_catalog,pg_ts_template,0,0,0,0,0,0,0,0,0
1789007650.212914,6237,pg_catalog,pg_publication_namespace,0,0,0,0,0,0,0,0,0
1789007650.212914,13487,pg_toast,pg_toast_13484,0,0,0,0,0,0,0,0,0
1789007650.212914,2995,pg_catalog,pg_largeobject_metadata,0,0,0,0,0,0,0,0,0
1789007650.212914,4143,pg_toast,pg_toast_826,0,0,0,0,0,0,0,0,0
1789007650.212914,4185,pg_toast,pg_toast_1213,0,0,0,0,0,0,0,0,0
1789007650.212914,2188287,public,daily_market,0,0,0,0,0,0,0,0,0
1789007650.212914,2188190,public,charge,0,0,0,0,0,0,0,0,0
1789007650.212914,6243,pg_catalog,pg_parameter_acl,0,0,0,0,0,0,0,0,0
1789007650.212914,2616,pg_catalog,pg_opclass,0,0,8,134,0,0,0,0,0
1789007650.212914,2188298,public,exchange,0,0,0,0,0,0,0,0,0
1789007650.212914,2188147,pg_toast,pg_toast_2188137,0,0,0,0,0,0,0,0,0
1789007650.212914,2838,pg_toast,pg_toast_2618,0,0,1,3,0,0,0,0,0
1789007650.212914,2188327,public,industry,0,0,0,0,0,0,0,0,0
1789007650.212914,6228,pg_toast,pg_toast_6106,0,0,0,0,0,0,0,0,0
1789007650.212914,2188325,pg_toast,pg_toast_2188307,0,0,0,0,0,0,0,0,0
1789007650.212914,2188364,public,security,0,0,0,0,0,0,0,0,0
1789007650.212914,3118,pg_catalog,pg_foreign_table,0,0,0,0,0,0,0,0,0
1789007650.212914,1259,pg_catalog,pg_class,1,523,12,12,0,0,0,0,0
1789007650.212914,3350,pg_catalog,pg_partitioned_table,0,0,0,0,0,0,0,0,0
1789007650.212914,4153,pg_toast,pg_toast_3118,0,0,0,0,0,0,0,0,0
1789007650.212914,4060,pg_toast,pg_toast_3592,0,0,0,0,0,0,0,0,0
1789007650.212914,4165,pg_toast,pg_toast_3350,0,0,0,0,0,0,0,0,0
1789007650.212914,2753,pg_catalog,pg_opfamily,0,0,2,2,0,0,0,0,0
1789007650.212914,3601,pg_catalog,pg_ts_parser,0,0,0,0,0,0,0,0,0
1789007650.212914,2188219,public,trade,0,0,0,0,0,0,0,0,0
1789007650.212914,2188260,pg_toast,pg_toast_2188249,0,0,0,0,0,0,0,0,0
1789007650.212914,6104,pg_catalog,pg_publication,0,0,0,0,0,0,0,0,0
1789007650.212914,13477,pg_toast,pg_toast_13474,0,0,0,0,0,0,0,0,0
1789007650.212914,3429,pg_catalog,pg_statistic_ext_data,0,0,0,0,0,0,0,0,0
1789007650.212914,2619,pg_catalog,pg_statistic,0,0,17,8,0,0,0,0,0
1789007650.212914,4155,pg_toast,pg_toast_3394,0,0,0,0,0,0,0,0,0
1789007650.212914,2188196,pg_toast,pg_toast_2188190,0,0,0,0,0,0,0,0,0
1789007650.212914,3381,pg_catalog,pg_statistic_ext,0,0,3,0,0,0,0,0,0
1789007650.212914,6106,pg_catalog,pg_publication_rel,0,0,0,0,0,0,0,0,0
1789007650.212914,2605,pg_catalog,pg_cast,0,0,34,7,0,0,0,0,0
1789007650.212914,4171,pg_toast,pg_toast_1247,0,0,0,0,0,0,0,0,0
1789007650.212914,2830,pg_toast,pg_toast_2604,0,0,0,0,0,0,0,0,0
1789007650.212914,13479,information_schema,sql_implementation_info,0,0,,,0,0,0,0,0
1789007650.212914,6244,pg_toast,pg_toast_6243,0,0,0,0,0,0,0,0,0
1789007650.212914,3430,pg_toast,pg_toast_3429,0,0,0,0,0,0,0,0,0
1789007710.271051,2188132,public,customer_taxrate,0,0,0,0,0,0,0,0,0
1789007710.271051,3576,pg_catalog,pg_transform,0,0,0,0,0,0,0,0,0
1789007710.271051,2601,pg_catalog,pg_am,0,0,0,0,0,0,0,0,0
1789007710.271051,2188188,pg_toast,pg_toast_2188182,0,0,0,0,0,0,0,0,0
1789007710.271051,3394,pg_catalog,pg_init_privs,0,0,0,0,0,0,0,0,0
1789007710.271051,4167,pg_toast,pg_toast_3256,0,0,0,0,0,0,0,0,0
1789007710.271051,4151,pg_toast,pg_toast_1417,0,0,0,0,0,0,0,0,0
1789007710.271051,2834,pg_toast,pg_toast_2609,0,0,0,0,0,0,0,0,0
1789007710.271051,6000,pg_catalog,pg_replication_origin,0,0,0,0,0,0,0,0,0
1789007710.271051,2188343,public,news_item,0,0,0,0,0,0,0,0,0
1789007710.271051,2840,pg_toast,pg_toast_2619,0,0,0,0,0,0,0,0,0
1789007710.271051,2188122,public,customer_account,0,0,0,0,0,0,0,0,0
1789007710.271051,2328,pg_catalog,pg_foreign_data_wrapper,0,0,0,0,0,0,0,0,0
1789007710.271051,4157,pg_toast,pg_toast_2612,0,0,0,0,0,0,0,0,0
1789007710.271051,1260,pg_catalog,pg_authid,0,0,0,0,0,0,0,0,0
1789007710.271051,6102,pg_catalog,pg_subscription_rel,0,0,0,0,0,0,0,0,0
1789007710.271051,1214,pg_catalog,pg_shdepend,0,0,0,0,0,0,0,0,0
1789007710.271051,4163,pg_toast,pg_toast_2615,0,0,0,0,0,0,0,0,0
1789007710.271051,4169,pg_toast,pg_toast_3600,0,0,0,0,0,0,0,0,0
1789007710.271051,2615,pg_catalog,pg_namespace,1,4,5,2,0,0,0,0,0
1789007710.271051,2188162,public,watch_item,0,0,0,0,0,0,0,0,0
1789007710.271051,2188167,public,watch_list,0,0,0,0,0,0,0,0,0
1789007710.271051,2188243,public,trade_history,0,0,0,0,0,0,0,0,0
1789007710.271051,2188210,public,settlement,0,0,0,0,0,0,0,0,0
1789007710.271051,2188269,public,company,0,0,0,0,0,0,0,0,0
1789007710.271051,2396,pg_catalog,pg_shdescription,0,0,0,0,0,0,0,0,0
1789007710.271051,3600,pg_catalog,pg_ts_dict,0,0,0,0,0,0,0,0,0
1789007710.271051,3596,pg_catalog,pg_seclabel,0,0,0,0,0,0,0,0,0
1789007710.271051,2609,pg_catalog,pg_description,0,0,0,0,0,0,0,0,0
1789007710.271051,13482,pg_toast,pg_toast_13479,0,0,0,0,0,0,0,0,0
1789007710.271051,2188156,public,holding_summary,0,0,0,0,0,0,0,0,0
1789007710.271051,2188390,public,status_type,0,0,0,0,0,0,0,0,0
1789007710.271051,2188395,public,taxrate,0,0,0,0,0,0,0,0,0
1789007710.271051,3603,pg_catalog,pg_ts_config_map,0,0,0,0,0,0,0,0,0
1789007710.271051,1213,pg_catalog,pg_tablespace,0,0,1,1,0,0,0,0,0
1789007710.271051,2188383,pg_toast,pg_toast_2188364,0,0,0,0,0,0,0,0,0
1789007710.271051,2608,pg_catalog,pg_depend,0,0,0,0,0,0,0,0,0
1789007710.271051,2964,pg_catalog,pg_db_role_setting,0,0,0,0,0,0,0,0,0
1789007710.271051,1418,pg_catalog,pg_user_mapping,0,0,0,0,0,0,0,0,0
1789007710.271051,2613,pg_catalog,pg_largeobject,0,0,0,0,0,0,0,0,0
1789007710.271051,6175,pg_toast,pg_toast_3456,0,0,0,0,0,0,0,0,0
1789007710.271051,1261,pg_catalog,pg_auth_members,0,0,0,0,0,0,0,0,0
1789007710.271051,2617,pg_catalog,pg_operator,0,0,5,5,0,0,0,0,0
1789007710.271051,2188352,pg_toast,pg_toast_2188343,0,0,0,0,0,0,0,0,0
1789007710.271051,2188341,pg_toast,pg_toast_2188333,0,0,0,0,0,0,0,0,0
1789007710.271051,2610,pg_catalog,pg_index,1,221,11,14,0,0,0,0,0
1789007710.271051,1249,pg_catalog,pg_attribute,0,0,75,92,0,0,0,0,0
1789007710.271051,2188281,public,company_competitor,0,0,0,0,0,0,0,0,0
1789007710.271051,2600,pg_catalog,pg_aggregate,0,0,1,1,0,0,0,0,0
1789007710.271051,2188180,pg_toast,pg_toast_2188172,0,0,0,0,0,0,0,0,0
1789007710.271051,2188354,public,news_xref,0,0,0,0,0,0,0,0,0
1789007710.271051,2966,pg_toast,pg_toast_2964,0,0,0,0,0,0,0,0,0
1789007710.271051,2188402,public,zip_code,0,0,0,0,0,0,0,0,0
1789007710.271051,2618,pg_catalog,pg_rewrite,0,0,1,1,0,0,0,0,0
1789007710.271051,4177,pg_toast,pg_toast_1262,0,0,0,0,0,0,0,0,0
1789007710.271051,13484,information_schema,sql_parts,0,0,,,0,0,0,0,0
1789007710.271051,4159,pg_toast,pg_toast_2600,0,0,0,0,0,0,0,0,0
1789007710.271051,4147,pg_toast,pg_toast_3079,0,0,0,0,0,0,0,0,0
1789007710.271051,13474,information_schema,sql_features,0,0,,,0,0,0,0,0
1789007710.271051,1247,pg_catalog,pg_type,0,0,19,19,0,0,0,0,0
1789007710.271051,2602,pg_catalog,pg_amop,0,0,12,25,0,0,0,0,0
1789007710.271051,3439,pg_toast,pg_toast_3381,0,0,0,0,0,0,0,0,0
1789007710.271051,2846,pg_toast,pg_toast_2396,0,0,0,0,0,0,0,0,0
1789007710.271051,4145,pg_toast,pg_toast_3466,0,0,0,0,0,0,0,0,0
1789007710.271051,2188385,public,address,0,0,0,0,0,0,0,0,0
1789007710.271051,2188137,public,holding,0,0,0,0,0,0,0,0,0
1789007710.271051,3541,pg_catalog,pg_range,0,0,0,0,0,0,0,0,0
1789007710.271051,3602,pg_catalog,pg_ts_config,0,0,0,0,0,0,0,0,0
1789007710.271051,4183,pg_toast,pg_toast_6100,0,0,0,0,0,0,0,0,0
1789007710.271051,2188333,public,last_trade,0,0,0,0,0,0,0,0,0
1789007710.271051,2224,pg_catalog,pg_sequence,0,0,0,0,0,0,0,0,0
1789007710.271051,2611,pg_catalog,pg_inherits,0,0,0,0,0,0,0,0,0
1789007710.271051,1417,pg_catalog,pg_foreign_server,0,0,0,0,0,0,0,0,0
1789007710.271051,1262,pg_catalog,pg_database,0,0,0,0,0,0,0,0,0
1789007710.271051,2188182,public,cash_transaction,0,0,0,0,0,0,0,0,0
1789007710.271051,13492,pg_toast,pg_toast_13489,0,0,0,0,0,0,0,0,0
1789007710.271051,3501,pg_catalog,pg_enum,0,0,0,0,0,0,0,0,0
1789007710.271051,2607,pg_catalog,pg_conversion,0,0,0,0,0,0,0,0,0
1789007710.271051,2188359,public,sector,0,0,0,0,0,0,0,0,0
1789007710.271051,2188217,pg_toast,pg_toast_2188210,0,0,0,0,0,0,0,0,0
1789007710.271051,826,pg_catalog,pg_default_acl,0,0,0,0,0,0,0,0,0
1789007710.271051,2604,pg_catalog,pg_attrdef,0,0,0,0,0,0,0,0,0
1789007710.271051,2336,pg_toast,pg_toast_2620,0,0,0,0,0,0,0,0,0
1789007710.271051,2188149,public,holding_history,0,0,0,0,0,0,0,0,0
1789007710.271051,2603,pg_catalog,pg_amproc,0,0,5,11,0,0,0,0,0
1789007710.271051,2606,pg_catalog,pg_constraint,0,0,3,8,0,0,0,0,0
1789007710.271051,1255,pg_catalog,pg_proc,0,0,19,24,0,0,0,0,0
1789007710.271051,4173,pg_toast,pg_toast_1418,0,0,0,0,0,0,0,0,0
1789007710.271051,2620,pg_catalog,pg_trigger,0,0,0,0,0,0,0,0,0
1789007710.271051,2188241,pg_toast,pg_toast_2188219,0,0,0,0,0,0,0,0,0
1789007710.271051,2612,pg_catalog,pg_language,0,0,0,0,0,0,0,0,0
1789007710.271051,4149,pg_toast,pg_toast_2328,0,0,0,0,0,0,0,0,0
1789007710.271051,6351,pg_toast,pg_toast_2610,0,0,0,0,0,0,0,0,0
1789007710.271051,13489,information_schema,sql_sizing,0,0,,,0,0,0,0,0
1789007710.271051,3598,pg_toast,pg_toast_3596,0,0,0,0,0,0,0,0,0
1789007710.271051,2188111,public,customer,0,0,0,0,0,0,0,0,0
1789007710.271051,2836,pg_toast,pg_toast_1255,0,0,0,0,0,0,0,0,0
1789007710.271051,3456,pg_catalog,pg_collation,0,0,0,0,0,0,0,0,0
1789007710.271051,3079,pg_catalog,pg_extension,0,0,0,0,0,0,0,0,0
1789007710.271051,2188262,public,trade_type,0,0,0,0,0,0,0,0,0
1789007710.271051,6100,pg_catalog,pg_subscription,0,0,0,0,0,0,0,0,0
1789007710.271051,2188249,public,trade_request,0,0,0,0,0,0,0,0,0
1789007710.271051,2188198,public,commission_rate,0,0,0,0,0,0,0,0,0
1789007710.271051,2188130,pg_toast,pg_toast_2188122,0,0,0,0,0,0,0,0,0
1789007710.271051,2832,pg_toast,pg_toast_2606,0,0,0,0,0,0,0,0,0
1789007710.271051,3256,pg_catalog,pg_policy,0,0,0,0,0,0,0,0,0
1789007710.271051,2188172,public,broker,0,0,0,0,0,0,0,0,0
1789007710.271051,2188296,pg_toast,pg_toast_2188287,0,0,0,0,0,0,0,0,0
1789007710.271051,2188307,public,financial,0,0,0,0,0,0,0,0,0
1789007710.271051,2188103,public,account_permission,0,0,0,0,0,0,0,0,0
1789007710.271051,3466,pg_catalog,pg_event_trigger,0,0,0,0,0,0,0,0,0
1789007710.271051,3592,pg_catalog,pg_shseclabel,0,0,0,0,0,0,0,0,0
1789007710.271051,3764,pg_catalog,pg_ts_template,0,0,0,0,0,0,0,0,0
1789007710.271051,6237,pg_catalog,pg_publication_namespace,0,0,0,0,0,0,0,0,0
1789007710.271051,13487,pg_toast,pg_toast_13484,0,0,0,0,0,0,0,0,0
1789007710.271051,2995,pg_catalog,pg_largeobject_metadata,0,0,0,0,0,0,0,0,0
1789007710.271051,4143,pg_toast,pg_toast_826,0,0,0,0,0,0,0,0,0
1789007710.271051,4185,pg_toast,pg_toast_1213,0,0,0,0,0,0,0,0,0
1789007710.271051,2188287,public,daily_market,0,0,0,0,0,0,0,0,0
1789007710.271051,2188190,public,charge,0,0,0,0,0,0,0,0,0
1789007710.271051,6243,pg_catalog,pg_parameter_acl,0,0,0,0,0,0,0,0,0
1789007710.271051,2616,pg_catalog,pg_opclass,0,0,8,134,0,0,0,0,0
1789007710.271051,2188298,public,exchange,0,0,0,0,0,0,0,0,0
1789007710.271051,2188147,pg_toast,pg_toast_2188137,0,0,0,0,0,0,0,0,0
1789007710.271051,2838,pg_toast,pg_toast_2618,0,0,1,3,0,0,0,0,0
1789007710.271051,2188327,public,industry,0,0,0,0,0,0,0,0,0
1789007710.271051,6228,pg_toast,pg_toast_6106,0,0,0,0,0,0,0,0,0
1789007710.271051,2188325,pg_toast,pg_toast_2188307,0,0,0,0,0,0,0,0,0
1789007710.271051,2188364,public,security,0,0,0,0,0,0,0,0,0
1789007710.271051,3118,pg_catalog,pg_foreign_table,0,0,0,0,0,0,0,0,0
1789007710.271051,1259,pg_catalog,pg_class,1,523,12,12,0,0,0,0,0
1789007710.271051,3350,pg_catalog,pg_partitioned_table,0,0,0,0,0,0,0,0,0
1789007710.271051,4153,pg_toast,pg_toast_3118,0,0,0,0,0,0,0,0,0
1789007710.271051,4060,pg_toast,pg_toast_3592,0,0,0,0,0,0,0,0,0
1789007710.271051,4165,pg_toast,pg_toast_3350,0,0,0,0,0,0,0,0,0
1789007710.271051,2753,pg_catalog,pg_opfamily,0,0,2,2,0,0,0,0,0
1789007710.271051,3601,pg_catalog,pg_ts_parser,0,0,0,0,0,0,0,0,0
1789007710.271051,2188219,public,trade,0,0,0,0,0,0,0,0,0
1789007710.271051,2188260,pg_toast,pg_toast_2188249,0,0,0,0,0,0,0,0,0
1789007710.271051,6104,pg_catalog,pg_publication,0,0,0,0,0,0,0,0,0
1789007710.271051,13477,pg_toast,pg_toast_13474,0,0,0,0,0,0,0,0,0
1789007710.271051,3429,pg_catalog,pg_statistic_ext_data,0,0,0,0,0,0,0,0,0
1789007710.271051,2619,pg_catalog,pg_statistic,0,0,17,8,0,0,0,0,0
1789007710.271051,4155,pg_toast,pg_toast_3394,0,0,0,0,0,0,0,0,0
1789007710.271051,2188196,pg_toast,pg_toast_2188190,0,0,0,0,0,0,0,0,0
1789007710.271051,3381,pg_catalog,pg_statistic_ext,0,0,3,0,0,0,0,0,0
1789007710.271051,6106,pg_catalog,pg_publication_rel,0,0,0,0,0,0,0,0,0
1789007710.271051,2605,pg_catalog,pg_cast,0,0,34,7,0,0,0,0,0
1789007710.271051,4171,pg_toast,pg_toast_1247,0,0,0,0,0,0,0,0,0
1789007710.271051,2830,pg_toast,pg_toast_2604,0,0,0,0,0,0,0,0,0
1789007710.271051,13479,information_schema,sql_implementation_info,0,0,,,0,0,0,0,0
1789007710.271051,6244,pg_toast,pg_toast_6243,0,0,0,0,0,0,0,0,0
1789007710.271051,3430,pg_toast,pg_toast_3429,0,0,0,0,0,0,0,0,0
1789007770.385585,2188132,public,customer_taxrate,0,0,0,0,0,0,0,0,0
1789007770.385585,3576,pg_catalog,pg_transform,0,0,0,0,0,0,0,0,0
1789007770.385585,2601,pg_catalog,pg_am,0,0,0,0,0,0,0,0,0
1789007770.385585,2188188,pg_toast,pg_toast_2188182,0,0,0,0,0,0,0,0,0
1789007770.385585,3394,pg_catalog,pg_init_privs,0,0,0,0,0,0,0,0,0
1789007770.385585,4167,pg_toast,pg_toast_3256,0,0,0,0,0,0,0,0,0
1789007770.385585,4151,pg_toast,pg_toast_1417,0,0,0,0,0,0,0,0,0
1789007770.385585,2834,pg_toast,pg_toast_2609,0,0,0,0,0,0,0,0,0
1789007770.385585,6000,pg_catalog,pg_replication_origin,0,0,0,0,0,0,0,0,0
1789007770.385585,2188343,public,news_item,0,0,0,0,0,0,0,0,0
1789007770.385585,2840,pg_toast,pg_toast_2619,0,0,0,0,0,0,0,0,0
1789007770.385585,2188122,public,customer_account,0,0,0,0,0,0,0,0,0
1789007770.385585,2328,pg_catalog,pg_foreign_data_wrapper,0,0,0,0,0,0,0,0,0
1789007770.385585,4157,pg_toast,pg_toast_2612,0,0,0,0,0,0,0,0,0
1789007770.385585,1260,pg_catalog,pg_authid,0,0,0,0,0,0,0,0,0
1789007770.385585,6102,pg_catalog,pg_subscription_rel,0,0,0,0,0,0,0,0,0
1789007770.385585,1214,pg_catalog,pg_shdepend,0,0,0,0,0,0,0,0,0
1789007770.385585,4163,pg_toast,pg_toast_2615,0,0,0,0,0,0,0,0,0
1789007770.385585,4169,pg_toast,pg_toast_3600,0,0,0,0,0,0,0,0,0
1789007770.385585,2615,pg_catalog,pg_namespace,1,4,5,2,0,0,0,0,0
1789007770.385585,2188162,public,watch_item,0,0,0,0,0,0,0,0,0
1789007770.385585,2188167,public,watch_list,0,0,0,0,0,0,0,0,0
1789007770.385585,2188243,public,trade_history,0,0,0,0,0,0,0,0,0
1789007770.385585,2188210,public,settlement,0,0,0,0,0,0,0,0,0
1789007770.385585,2188269,public,company,0,0,0,0,0,0,0,0,0
1789007770.385585,2396,pg_catalog,pg_shdescription,0,0,0,0,0,0,0,0,0
1789007770.385585,3600,pg_catalog,pg_ts_dict,0,0,0,0,0,0,0,0,0
1789007770.385585,3596,pg_catalog,pg_seclabel,0,0,0,0,0,0,0,0,0
1789007770.385585,2609,pg_catalog,pg_description,0,0,0,0,0,0,0,0,0
1789007770.385585,13482,pg_toast,pg_toast_13479,0,0,0,0,0,0,0,0,0
1789007770.385585,2188156,public,holding_summary,0,0,0,0,0,0,0,0,0
1789007770.385585,2188390,public,status_type,0,0,0,0,0,0,0,0,0
1789007770.385585,2188395,public,taxrate,0,0,0,0,0,0,0,0,0
1789007770.385585,3603,pg_catalog,pg_ts_config_map,0,0,0,0,0,0,0,0,0
1789007770.385585,1213,pg_catalog,pg_tablespace,0,0,1,1,0,0,0,0,0
1789007770.385585,2188383,pg_toast,pg_toast_2188364,0,0,0,0,0,0,0,0,0
1789007770.385585,2608,pg_catalog,pg_depend,0,0,0,0,0,0,0,0,0
1789007770.385585,2964,pg_catalog,pg_db_role_setting,0,0,0,0,0,0,0,0,0
1789007770.385585,1418,pg_catalog,pg_user_mapping,0,0,0,0,0,0,0,0,0
1789007770.385585,2613,pg_catalog,pg_largeobject,0,0,0,0,0,0,0,0,0
1789007770.385585,6175,pg_toast,pg_toast_3456,0,0,0,0,0,0,0,0,0
1789007770.385585,1261,pg_catalog,pg_auth_members,0,0,0,0,0,0,0,0,0
1789007770.385585,2617,pg_catalog,pg_operator,0,0,5,5,0,0,0,0,0
1789007770.385585,2188352,pg_toast,pg_toast_2188343,0,0,0,0,0,0,0,0,0
1789007770.385585,2188341,pg_toast,pg_toast_2188333,0,0,0,0,0,0,0,0,0
1789007770.385585,2610,pg_catalog,pg_index,1,221,11,14,0,0,0,0,0
1789007770.385585,1249,pg_catalog,pg_attribute,0,0,75,92,0,0,0,0,0
1789007770.385585,2188281,public,company_competitor,0,0,0,0,0,0,0,0,0
1789007770.385585,2600,pg_catalog,pg_aggregate,0,0,1,1,0,0,0,0,0
1789007770.385585,2188180,pg_toast,pg_toast_2188172,0,0,0,0,0,0,0,0,0
1789007770.385585,2188354,public,news_xref,0,0,0,0,0,0,0,0,0
1789007770.385585,2966,pg_toast,pg_toast_2964,0,0,0,0,0,0,0,0,0
1789007770.385585,2188402,public,zip_code,0,0,0,0,0,0,0,0,0
1789007770.385585,2618,pg_catalog,pg_rewrite,0,0,1,1,0,0,0,0,0
1789007770.385585,4177,pg_toast,pg_toast_1262,0,0,0,0,0,0,0,0,0
1789007770.385585,13484,information_schema,sql_parts,0,0,,,0,0,0,0,0
1789007770.385585,4159,pg_toast,pg_toast_2600,0,0,0,0,0,0,0,0,0
1789007770.385585,4147,pg_toast,pg_toast_3079,0,0,0,0,0,0,0,0,0
1789007770.385585,13474,information_schema,sql_features,0,0,,,0,0,0,0,0
1789007770.385585,1247,pg_catalog,pg_type,0,0,19,19,0,0,0,0,0
1789007770.385585,2602,pg_catalog,pg_amop,0,0,12,25,0,0,0,0,0
1789007770.385585,3439,pg_toast,pg_toast_3381,0,0,0,0,0,0,0,0,0
1789007770.385585,2846,pg_toast,pg_toast_2396,0,0,0,0,0,0,0,0,0
1789007770.385585,4145,pg_toast,pg_toast_3466,0,0,0,0,0,0,0,0,0
1789007770.385585,2188385,public,address,0,0,0,0,0,0,0,0,0
1789007770.385585,2188137,public,holding,0,0,0,0,0,0,0,0,0
1789007770.385585,3541,pg_catalog,pg_range,0,0,0,0,0,0,0,0,0
1789007770.385585,3602,pg_catalog,pg_ts_config,0,0,0,0,0,0,0,0,0
1789007770.385585,4183,pg_toast,pg_toast_6100,0,0,0,0,0,0,0,0,0
1789007770.385585,2188333,public,last_trade,0,0,0,0,0,0,0,0,0
1789007770.385585,2224,pg_catalog,pg_sequence,0,0,0,0,0,0,0,0,0
1789007770.385585,2611,pg_catalog,pg_inherits,0,0,0,0,0,0,0,0,0
1789007770.385585,1417,pg_catalog,pg_foreign_server,0,0,0,0,0,0,0,0,0
1789007770.385585,1262,pg_catalog,pg_database,0,0,0,0,0,0,0,0,0
1789007770.385585,2188182,public,cash_transaction,0,0,0,0,0,0,0,0,0
1789007770.385585,13492,pg_toast,pg_toast_13489,0,0,0,0,0,0,0,0,0
1789007770.385585,3501,pg_catalog,pg_enum,0,0,0,0,0,0,0,0,0
1789007770.385585,2607,pg_catalog,pg_conversion,0,0,0,0,0,0,0,0,0
1789007770.385585,2188359,public,sector,0,0,0,0,0,0,0,0,0
1789007770.385585,2188217,pg_toast,pg_toast_2188210,0,0,0,0,0,0,0,0,0
1789007770.385585,826,pg_catalog,pg_default_acl,0,0,0,0,0,0,0,0,0
1789007770.385585,2604,pg_catalog,pg_attrdef,0,0,0,0,0,0,0,0,0
1789007770.385585,2336,pg_toast,pg_toast_2620,0,0,0,0,0,0,0,0,0
1789007770.385585,2188149,public,holding_history,0,0,0,0,0,0,0,0,0
1789007770.385585,2603,pg_catalog,pg_amproc,0,0,5,11,0,0,0,0,0
1789007770.385585,2606,pg_catalog,pg_constraint,0,0,3,8,0,0,0,0,0
1789007770.385585,1255,pg_catalog,pg_proc,0,0,19,24,0,0,0,0,0
1789007770.385585,4173,pg_toast,pg_toast_1418,0,0,0,0,0,0,0,0,0
1789007770.385585,2620,pg_catalog,pg_trigger,0,0,0,0,0,0,0,0,0
1789007770.385585,2188241,pg_toast,pg_toast_2188219,0,0,0,0,0,0,0,0,0
1789007770.385585,2612,pg_catalog,pg_language,0,0,0,0,0,0,0,0,0
1789007770.385585,4149,pg_toast,pg_toast_2328,0,0,0,0,0,0,0,0,0
1789007770.385585,6351,pg_toast,pg_toast_2610,0,0,0,0,0,0,0,0,0
1789007770.385585,13489,information_schema,sql_sizing,0,0,,,0,0,0,0,0
1789007770.385585,3598,pg_toast,pg_toast_3596,0,0,0,0,0,0,0,0,0
1789007770.385585,2188111,public,customer,0,0,0,0,0,0,0,0,0
1789007770.385585,2836,pg_toast,pg_toast_1255,0,0,0,0,0,0,0,0,0
1789007770.385585,3456,pg_catalog,pg_collation,0,0,0,0,0,0,0,0,0
1789007770.385585,3079,pg_catalog,pg_extension,0,0,0,0,0,0,0,0,0
1789007770.385585,2188262,public,trade_type,0,0,0,0,0,0,0,0,0
1789007770.385585,6100,pg_catalog,pg_subscription,0,0,0,0,0,0,0,0,0
1789007770.385585,2188249,public,trade_request,0,0,0,0,0,0,0,0,0
1789007770.385585,2188198,public,commission_rate,0,0,0,0,0,0,0,0,0
1789007770.385585,2188130,pg_toast,pg_toast_2188122,0,0,0,0,0,0,0,0,0
1789007770.385585,2832,pg_toast,pg_toast_2606,0,0,0,0,0,0,0,0,0
1789007770.385585,3256,pg_catalog,pg_policy,0,0,0,0,0,0,0,0,0
1789007770.385585,2188172,public,broker,0,0,0,0,0,0,0,0,0
1789007770.385585,2188296,pg_toast,pg_toast_2188287,0,0,0,0,0,0,0,0,0
1789007770.385585,2188307,public,financial,0,0,0,0,0,0,0,0,0
1789007770.385585,2188103,public,account_permission,0,0,0,0,0,0,0,0,0
1789007770.385585,3466,pg_catalog,pg_event_trigger,0,0,0,0,0,0,0,0,0
1789007770.385585,3592,pg_catalog,pg_shseclabel,0,0,0,0,0,0,0,0,0
1789007770.385585,3764,pg_catalog,pg_ts_template,0,0,0,0,0,0,0,0,0
1789007770.385585,6237,pg_catalog,pg_publication_namespace,0,0,0,0,0,0,0,0,0
1789007770.385585,13487,pg_toast,pg_toast_13484,0,0,0,0,0,0,0,0,0
1789007770.385585,2995,pg_catalog,pg_largeobject_metadata,0,0,0,0,0,0,0,0,0
1789007770.385585,4143,pg_toast,pg_toast_826,0,0,0,0,0,0,0,0,0
1789007770.385585,4185,pg_toast,pg_toast_1213,0,0,0,0,0,0,0,0,0
1789007770.385585,2188287,public,daily_market,0,0,0,0,0,0,0,0,0
1789007770.385585,2188190,public,charge,0,0,0,0,0,0,0,0,0
1789007770.385585,6243,pg_catalog,pg_parameter_acl,0,0,0,0,0,0,0,0,0
1789007770.385585,2616,pg_catalog,pg_opclass,0,0,8,134,0,0,0,0,0
1789007770.385585,2188298,public,exchange,0,0,0,0,0,0,0,0,0
1789007770.385585,2188147,pg_toast,pg_toast_2188137,0,0,0,0,0,0,0,0,0
1789007770.385585,2838,pg_toast,pg_toast_2618,0,0,1,3,0,0,0,0,0
1789007770.385585,2188327,public,industry,0,0,0,0,0,0,0,0,0
1789007770.385585,6228,pg_toast,pg_toast_6106,0,0,0,0,0,0,0,0,0
1789007770.385585,2188325,pg_toast,pg_toast_2188307,0,0,0,0,0,0,0,0,0
1789007770.385585,2188364,public,security,0,0,0,0,0,0,0,0,0
1789007770.385585,3118,pg_catalog,pg_foreign_table,0,0,0,0,0,0,0,0,0
1789007770.385585,1259,pg_catalog,pg_class,1,523,12,12,0,0,0,0,0
1789007770.385585,3350,pg_catalog,pg_partitioned_table,0,0,0,0,0,0,0,0,0
1789007770.385585,4153,pg_toast,pg_toast_3118,0,0,0,0,0,0,0,0,0
1789007770.385585,4060,pg_toast,pg_toast_3592,0,0,0,0,0,0,0,0,0
1789007770.385585,4165,pg_toast,pg_toast_3350,0,0,0,0,0,0,0,0,0
1789007770.385585,2753,pg_catalog,pg_opfamily,0,0,2,2,0,0,0,0,0
1789007770.385585,3601,pg_catalog,pg_ts_parser,0,0,0,0,0,0,0,0,0
1789007770.385585,2188219,public,trade,0,0,0,0,0,0,0,0,0
1789007770.385585,2188260,pg_toast,pg_toast_2188249,0,0,0,0,0,0,0,0,0
1789007770.385585,6104,pg_catalog,pg_publication,0,0,0,0,0,0,0,0,0
1789007770.385585,13477,pg_toast,pg_toast_13474,0,0,0,0,0,0,0,0,0
1789007770.385585,3429,pg_catalog,pg_statistic_ext_data,0,0,0,0,0,0,0,0,0
1789007770.385585,2619,pg_catalog,pg_statistic,0,0,17,8,0,0,0,0,0
1789007770.385585,4155,pg_toast,pg_toast_3394,0,0,0,0,0,0,0,0,0
1789007770.385585,2188196,pg_toast,pg_toast_2188190,0,0,0,0,0,0,0,0,0
1789007770.385585,3381,pg_catalog,pg_statistic_ext,0,0,3,0,0,0,0,0,0
1789007770.385585,6106,pg_catalog,pg_publication_rel,0,0,0,0,0,0,0,0,0
1789007770.385585,2605,pg_catalog,pg_cast,0,0,34,7,0,0,0,0,0
1789007770.385585,4171,pg_toast,pg_toast_1247,0,0,0,0,0,0,0,0,0
1789007770.385585,2830,pg_toast,pg_toast_2604,0,0,0,0,0,0,0,0,0
1789007770.385585,13479,information_schema,sql_implementation_info,0,0,,,0,0,0,0,0
1789007770.385585,6244,pg_toast,pg_toast_6243,0,0,0,0,0,0,0,0,0
1789007770.385585,3430,pg_toast,pg_toast_3429,0,0,0,0,0,0,0,0,0
1789007830.479360,2188132,public,customer_taxrate,0,0,0,0,0,0,0,0,0
1789007830.479360,3576,pg_catalog,pg_transform,0,0,0,0,0,0,0,0,0
1789007830.479360,2601,pg_catalog,pg_am,0,0,0,0,0,0,0,0,0
1789007830.479360,2188188,pg_toast,pg_toast_2188182,0,0,0,0,0,0,0,0,0
1789007830.479360,3394,pg_catalog,pg_init_privs,0,0,0,0,0,0,0,0,0
1789007830.479360,4167,pg_toast,pg_toast_3256,0,0,0,0,0,0,0,0,0
1789007830.479360,4151,pg_toast,pg_toast_1417,0,0,0,0,0,0,0,0,0
1789007830.479360,2834,pg_toast,pg_toast_2609,0,0,0,0,0,0,0,0,0
1789007830.479360,6000,pg_catalog,pg_replication_origin,0,0,0,0,0,0,0,0,0
1789007830.479360,2188343,public,news_item,0,0,0,0,0,0,0,0,0
1789007830.479360,2840,pg_toast,pg_toast_2619,0,0,0,0,0,0,0,0,0
1789007830.479360,2188122,public,customer_account,0,0,0,0,0,0,0,0,0
1789007830.479360,2328,pg_catalog,pg_foreign_data_wrapper,0,0,0,0,0,0,0,0,0
1789007830.479360,4157,pg_toast,pg_toast_2612,0,0,0,0,0,0,0,0,0
1789007830.479360,1260,pg_catalog,pg_authid,0,0,0,0,0,0,0,0,0
1789007830.479360,6102,pg_catalog,pg_subscription_rel,0,0,0,0,0,0,0,0,0
1789007830.479360,1214,pg_catalog,pg_shdepend,0,0,0,0,0,0,0,0,0
1789007830.479360,4163,pg_toast,pg_toast_2615,0,0,0,0,0,0,0,0,0
1789007830.479360,4169,pg_toast,pg_toast_3600,0,0,0,0,0,0,0,0,0
1789007830.479360,2615,pg_catalog,pg_namespace,1,4,5,2,0,0,0,0,0
1789007830.479360,2188162,public,watch_item,0,0,0,0,0,0,0,0,0
1789007830.479360,2188167,public,watch_list,0,0,0,0,0,0,0,0,0
1789007830.479360,2188243,public,trade_history,0,0,0,0,0,0,0,0,0
1789007830.479360,2188210,public,settlement,0,0,0,0,0,0,0,0,0
1789007830.479360,2188269,public,company,0,0,0,0,0,0,0,0,0
1789007830.479360,2396,pg_catalog,pg_shdescription,0,0,0,0,0,0,0,0,0
1789007830.479360,3600,pg_catalog,pg_ts_dict,0,0,0,0,0,0,0,0,0
1789007830.479360,3596,pg_catalog,pg_seclabel,0,0,0,0,0,0,0,0,0
1789007830.479360,2609,pg_catalog,pg_description,0,0,0,0,0,0,0,0,0
1789007830.479360,13482,pg_toast,pg_toast_13479,0,0,0,0,0,0,0,0,0
1789007830.479360,2188156,public,holding_summary,0,0,0,0,0,0,0,0,0
1789007830.479360,2188390,public,status_type,0,0,0,0,0,0,0,0,0
1789007830.479360,2188395,public,taxrate,0,0,0,0,0,0,0,0,0
1789007830.479360,3603,pg_catalog,pg_ts_config_map,0,0,0,0,0,0,0,0,0
1789007830.479360,1213,pg_catalog,pg_tablespace,0,0,1,1,0,0,0,0,0
1789007830.479360,2188383,pg_toast,pg_toast_2188364,0,0,0,0,0,0,0,0,0
1789007830.479360,2608,pg_catalog,pg_depend,0,0,0,0,0,0,0,0,0
1789007830.479360,2964,pg_catalog,pg_db_role_setting,0,0,0,0,0,0,0,0,0
1789007830.479360,1418,pg_catalog,pg_user_mapping,0,0,0,0,0,0,0,0,0
1789007830.479360,2613,pg_catalog,pg_largeobject,0,0,0,0,0,0,0,0,0
1789007830.479360,6175,pg_toast,pg_toast_3456,0,0,0,0,0,0,0,0,0
1789007830.479360,1261,pg_catalog,pg_auth_members,0,0,0,0,0,0,0,0,0
1789007830.479360,2617,pg_catalog,pg_operator,0,0,5,5,0,0,0,0,0
1789007830.479360,2188352,pg_toast,pg_toast_2188343,0,0,0,0,0,0,0,0,0
1789007830.479360,2188341,pg_toast,pg_toast_2188333,0,0,0,0,0,0,0,0,0
1789007830.479360,2610,pg_catalog,pg_index,1,221,11,14,0,0,0,0,0
1789007830.479360,1249,pg_catalog,pg_attribute,0,0,75,92,0,0,0,0,0
1789007830.479360,2188281,public,company_competitor,0,0,0,0,0,0,0,0,0
1789007830.479360,2600,pg_catalog,pg_aggregate,0,0,1,1,0,0,0,0,0
1789007830.479360,2188180,pg_toast,pg_toast_2188172,0,0,0,0,0,0,0,0,0
1789007830.479360,2188354,public,news_xref,0,0,0,0,0,0,0,0,0
1789007830.479360,2966,pg_toast,pg_toast_2964,0,0,0,0,0,0,0,0,0
1789007830.479360,2188402,public,zip_code,0,0,0,0,0,0,0,0,0
1789007830.479360,2618,pg_catalog,pg_rewrite,0,0,1,1,0,0,0,0,0
1789007830.479360,4177,pg_toast,pg_toast_1262,0,0,0,0,0,0,0,0,0
1789007830.479360,13484,information_schema,sql_parts,0,0,,,0,0,0,0,0
1789007830.479360,4159,pg_toast,pg_toast_2600,0,0,0,0,0,0,0,0,0
1789007830.479360,4147,pg_toast,pg_toast_3079,0,0,0,0,0,0,0,0,0
1789007830.479360,13474,information_schema,sql_features,0,0,,,0,0,0,0,0
1789007830.479360,1247,pg_catalog,pg_type,0,0,19,19,0,0,0,0,0
1789007830.479360,2602,pg_catalog,pg_amop,0,0,12,25,0,0,0,0,0
1789007830.479360,3439,pg_toast,pg_toast_3381,0,0,0,0,0,0,0,0,0
1789007830.479360,2846,pg_toast,pg_toast_2396,0,0,0,0,0,0,0,0,0
1789007830.479360,4145,pg_toast,pg_toast_3466,0,0,0,0,0,0,0,0,0
1789007830.479360,2188385,public,address,0,0,0,0,0,0,0,0,0
1789007830.479360,2188137,public,holding,0,0,0,0,0,0,0,0,0
1789007830.479360,3541,pg_catalog,pg_range,0,0,0,0,0,0,0,0,0
1789007830.479360,3602,pg_catalog,pg_ts_config,0,0,0,0,0,0,0,0,0
1789007830.479360,4183,pg_toast,pg_toast_6100,0,0,0,0,0,0,0,0,0
1789007830.479360,2188333,public,last_trade,0,0,0,0,0,0,0,0,0
1789007830.479360,2224,pg_catalog,pg_sequence,0,0,0,0,0,0,0,0,0
1789007830.479360,2611,pg_catalog,pg_inherits,0,0,0,0,0,0,0,0,0
1789007830.479360,1417,pg_catalog,pg_foreign_server,0,0,0,0,0,0,0,0,0
1789007830.479360,1262,pg_catalog,pg_database,0,0,0,0,0,0,0,0,0
1789007830.479360,2188182,public,cash_transaction,0,0,0,0,0,0,0,0,0
1789007830.479360,13492,pg_toast,pg_toast_13489,0,0,0,0,0,0,0,0,0
1789007830.479360,3501,pg_catalog,pg_enum,0,0,0,0,0,0,0,0,0
1789007830.479360,2607,pg_catalog,pg_conversion,0,0,0,0,0,0,0,0,0
1789007830.479360,2188359,public,sector,0,0,0,0,0,0,0,0,0
1789007830.479360,2188217,pg_toast,pg_toast_2188210,0,0,0,0,0,0,0,0,0
1789007830.479360,826,pg_catalog,pg_default_acl,0,0,0,0,0,0,0,0,0
1789007830.479360,2604,pg_catalog,pg_attrdef,0,0,0,0,0,0,0,0,0
1789007830.479360,2336,pg_toast,pg_toast_2620,0,0,0,0,0,0,0,0,0
1789007830.479360,2188149,public,holding_history,0,0,0,0,0,0,0,0,0
1789007830.479360,2603,pg_catalog,pg_amproc,0,0,5,11,0,0,0,0,0
1789007830.479360,2606,pg_catalog,pg_constraint,0,0,3,8,0,0,0,0,0
1789007830.479360,1255,pg_catalog,pg_proc,0,0,19,24,0,0,0,0,0
1789007830.479360,4173,pg_toast,pg_toast_1418,0,0,0,0,0,0,0,0,0
1789007830.479360,2620,pg_catalog,pg_trigger,0,0,0,0,0,0,0,0,0
1789007830.479360,2188241,pg_toast,pg_toast_2188219,0,0,0,0,0,0,0,0,0
1789007830.479360,2612,pg_catalog,pg_language,0,0,0,0,0,0,0,0,0
1789007830.479360,4149,pg_toast,pg_toast_2328,0,0,0,0,0,0,0,0,0
1789007830.479360,6351,pg_toast,pg_toast_2610,0,0,0,0,0,0,0,0,0
1789007830.479360,13489,information_schema,sql_sizing,0,0,,,0,0,0,0,0
1789007830.479360,3598,pg_toast,pg_toast_3596,0,0,0,0,0,0,0,0,0
1789007830.479360,2188111,public,customer,0,0,0,0,0,0,0,0,0
1789007830.479360,2836,pg_toast,pg_toast_1255,0,0,0,0,0,0,0,0,0
1789007830.479360,3456,pg_catalog,pg_collation,0,0,0,0,0,0,0,0,0
1789007830.479360,3079,pg_catalog,pg_extension,0,0,0,0,0,0,0,0,0
1789007830.479360,2188262,public,trade_type,0,0,0,0,0,0,0,0,0
1789007830.479360,6100,pg_catalog,pg_subscription,0,0,0,0,0,0,0,0,0
1789007830.479360,2188249,public,trade_request,0,0,0,0,0,0,0,0,0
1789007830.479360,2188198,public,commission_rate,0,0,0,0,0,0,0,0,0
1789007830.479360,2188130,pg_toast,pg_toast_2188122,0,0,0,0,0,0,0,0,0
1789007830.479360,2832,pg_toast,pg_toast_2606,0,0,0,0,0,0,0,0,0
1789007830.479360,3256,pg_catalog,pg_policy,0,0,0,0,0,0,0,0,0
1789007830.479360,2188172,public,broker,0,0,0,0,0,0,0,0,0
1789007830.479360,2188296,pg_toast,pg_toast_2188287,0,0,0,0,0,0,0,0,0
1789007830.479360,2188307,public,financial,0,0,0,0,0,0,0,0,0
1789007830.479360,2188103,public,account_permission,0,0,0,0,0,0,0,0,0
1789007830.479360,3466,pg_catalog,pg_event_trigger,0,0,0,0,0,0,0,0,0
1789007830.479360,3592,pg_catalog,pg_shseclabel,0,0,0,0,0,0,0,0,0
1789007830.479360,3764,pg_catalog,pg_ts_template,0,0,0,0,0,0,0,0,0
1789007830.479360,6237,pg_catalog,pg_publication_namespace,0,0,0,0,0,0,0,0,0
1789007830.479360,13487,pg_toast,pg_toast_13484,0,0,0,0,0,0,0,0,0
1789007830.479360,2995,pg_catalog,pg_largeobject_metadata,0,0,0,0,0,0,0,0,0
1789007830.479360,4143,pg_toast,pg_toast_826,0,0,0,0,0,0,0,0,0
1789007830.479360,4185,pg_toast,pg_toast_1213,0,0,0,0,0,0,0,0,0
1789007830.479360,2188287,public,daily_market,0,0,0,0,0,0,0,0,0
1789007830.479360,2188190,public,charge,0,0,0,0,0,0,0,0,0
1789007830.479360,6243,pg_catalog,pg_parameter_acl,0,0,0,0,0,0,0,0,0
1789007830.479360,2616,pg_catalog,pg_opclass,0,0,8,134,0,0,0,0,0
1789007830.479360,2188298,public,exchange,0,0,0,0,0,0,0,0,0
1789007830.479360,2188147,pg_toast,pg_toast_2188137,0,0,0,0,0,0,0,0,0
1789007830.479360,2838,pg_toast,pg_toast_2618,0,0,1,3,0,0,0,0,0
1789007830.479360,2188327,public,industry,0,0,0,0,0,0,0,0,0
1789007830.479360,6228,pg_toast,pg_toast_6106,0,0,0,0,0,0,0,0,0
1789007830.479360,2188325,pg_toast,pg_toast_2188307,0,0,0,0,0,0,0,0,0
1789007830.479360,2188364,public,security,0,0,0,0,0,0,0,0,0
1789007830.479360,3118,pg_catalog,pg_foreign_table,0,0,0,0,0,0,0,0,0
1789007830.479360,1259,pg_catalog,pg_class,1,523,12,12,0,0,0,0,0
1789007830.479360,3350,pg_catalog,pg_partitioned_table,0,0,0,0,0,0,0,0,0
1789007830.479360,4153,pg_toast,pg_toast_3118,0,0,0,0,0,0,0,0,0
1789007830.479360,4060,pg_toast,pg_toast_3592,0,0,0,0,0,0,0,0,0
1789007830.479360,4165,pg_toast,pg_toast_3350,0,0,0,0,0,0,0,0,0
1789007830.479360,2753,pg_catalog,pg_opfamily,0,0,2,2,0,0,0,0,0
1789007830.479360,3601,pg_catalog,pg_ts_parser,0,0,0,0,0,0,0,0,0
1789007830.479360,2188219,public,trade,0,0,0,0,0,0,0,0,0
1789007830.479360,2188260,pg_toast,pg_toast_2188249,0,0,0,0,0,0,0,0,0
1789007830.479360,6104,pg_catalog,pg_publication,0,0,0,0,0,0,0,0,0
1789007830.479360,13477,pg_toast,pg_toast_13474,0,0,0,0,0,0,0,0,0
1789007830.479360,3429,pg_catalog,pg_statistic_ext_data,0,0,0,0,0,0,0,0,0
1789007830.479360,2619,pg_catalog,pg_statistic,0,0,17,8,0,0,0,0,0
1789007830.479360,4155,pg_toast,pg_toast_3394,0,0,0,0,0,0,0,0,0
1789007830.479360,2188196,pg_toast,pg_toast_2188190,0,0,0,0,0,0,0,0,0
1789007830.479360,3381,pg_catalog,pg_statistic_ext,0,0,3,0,0,0,0,0,0
1789007830.479360,6106,pg_catalog,pg_publication_rel,0,0,0,0,0,0,0,0,0
1789007830.479360,2605,pg_catalog,pg_cast,0,0,34,7,0,0,0,0,0
1789007830.479360,4171,pg_toast,pg_toast_1247,0,0,0,0,0,0,0,0,0
1789007830.479360,2830,pg_toast,pg_toast_2604,0,0,0,0,0,0,0,0,0
1789007830.479360,13479,information_schema,sql_implementation_info,0,0,,,0,0,0,0,0
1789007830.479360,6244,pg_toast,pg_toast_6243,0,0,0,0,0,0,0,0,0
1789007830.479360,3430,pg_toast,pg_toast_3429,0,0,0,0,0,0,0,0,0
1789007891.061618,2188132,public,customer_taxrate,0,0,0,0,0,0,0,0,0
1789007891.061618,3576,pg_catalog,pg_transform,0,0,0,0,0,0,0,0,0
1789007891.061618,2601,pg_catalog,pg_am,0,0,0,0,0,0,0,0,0
1789007891.061618,2188188,pg_toast,pg_toast_2188182,0,0,0,0,0,0,0,0,0
1789007891.061618,3394,pg_catalog,pg_init_privs,0,0,0,0,0,0,0,0,0
1789007891.061618,4167,pg_toast,pg_toast_3256,0,0,0,0,0,0,0,0,0
1789007891.061618,4151,pg_toast,pg_toast_1417,0,0,0,0,0,0,0,0,0
1789007891.061618,2834,pg_toast,pg_toast_2609,0,0,0,0,0,0,0,0,0
1789007891.061618,6000,pg_catalog,pg_replication_origin,0,0,0,0,0,0,0,0,0
1789007891.061618,2188343,public,news_item,0,0,0,0,0,0,0,0,0
1789007891.061618,2840,pg_toast,pg_toast_2619,0,0,0,0,0,0,0,0,0
1789007891.061618,2188122,public,customer_account,0,0,0,0,0,0,0,0,0
1789007891.061618,2328,pg_catalog,pg_foreign_data_wrapper,0,0,0,0,0,0,0,0,0
1789007891.061618,4157,pg_toast,pg_toast_2612,0,0,0,0,0,0,0,0,0
1789007891.061618,1260,pg_catalog,pg_authid,0,0,0,0,0,0,0,0,0
1789007891.061618,6102,pg_catalog,pg_subscription_rel,0,0,0,0,0,0,0,0,0
1789007891.061618,1214,pg_catalog,pg_shdepend,0,0,0,0,0,0,0,0,0
1789007891.061618,4163,pg_toast,pg_toast_2615,0,0,0,0,0,0,0,0,0
1789007891.061618,4169,pg_toast,pg_toast_3600,0,0,0,0,0,0,0,0,0
1789007891.061618,2615,pg_catalog,pg_namespace,1,4,5,2,0,0,0,0,0
1789007891.061618,2188162,public,watch_item,0,0,0,0,0,0,0,0,0
1789007891.061618,2188167,public,watch_list,0,0,0,0,0,0,0,0,0
1789007891.061618,2188243,public,trade_history,0,0,0,0,0,0,0,0,0
1789007891.061618,2188210,public,settlement,0,0,0,0,0,0,0,0,0
1789007891.061618,2188269,public,company,0,0,0,0,0,0,0,0,0
1789007891.061618,2396,pg_catalog,pg_shdescription,0,0,0,0,0,0,0,0,0
1789007891.061618,3600,pg_catalog,pg_ts_dict,0,0,0,0,0,0,0,0,0
1789007891.061618,3596,pg_catalog,pg_seclabel,0,0,0,0,0,0,0,0,0
1789007891.061618,2609,pg_catalog,pg_description,0,0,0,0,0,0,0,0,0
1789007891.061618,13482,pg_toast,pg_toast_13479,0,0,0,0,0,0,0,0,0
1789007891.061618,2188156,public,holding_summary,0,0,0,0,0,0,0,0,0
1789007891.061618,2188390,public,status_type,0,0,0,0,0,0,0,0,0
1789007891.061618,2188395,public,taxrate,0,0,0,0,0,0,0,0,0
1789007891.061618,3603,pg_catalog,pg_ts_config_map,0,0,0,0,0,0,0,0,0
1789007891.061618,1213,pg_catalog,pg_tablespace,0,0,1,1,0,0,0,0,0
1789007891.061618,2188383,pg_toast,pg_toast_2188364,0,0,0,0,0,0,0,0,0
1789007891.061618,2608,pg_catalog,pg_depend,0,0,0,0,0,0,0,0,0
1789007891.061618,2964,pg_catalog,pg_db_role_setting,0,0,0,0,0,0,0,0,0
1789007891.061618,1418,pg_catalog,pg_user_mapping,0,0,0,0,0,0,0,0,0
1789007891.061618,2613,pg_catalog,pg_largeobject,0,0,0,0,0,0,0,0,0
1789007891.061618,6175,pg_toast,pg_toast_3456,0,0,0,0,0,0,0,0,0
1789007891.061618,1261,pg_catalog,pg_auth_members,0,0,0,0,0,0,0,0,0
1789007891.061618,2617,pg_catalog,pg_operator,0,0,5,5,0,0,0,0,0
1789007891.061618,2188352,pg_toast,pg_toast_2188343,0,0,0,0,0,0,0,0,0
1789007891.061618,2188341,pg_toast,pg_toast_2188333,0,0,0,0,0,0,0,0,0
1789007891.061618,2610,pg_catalog,pg_index,1,221,11,14,0,0,0,0,0
1789007891.061618,1249,pg_catalog,pg_attribute,0,0,75,92,0,0,0,0,0
1789007891.061618,2188281,public,company_competitor,0,0,0,0,0,0,0,0,0
1789007891.061618,2600,pg_catalog,pg_aggregate,0,0,1,1,0,0,0,0,0
1789007891.061618,2188180,pg_toast,pg_toast_2188172,0,0,0,0,0,0,0,0,0
1789007891.061618,2188354,public,news_xref,0,0,0,0,0,0,0,0,0
1789007891.061618,2966,pg_toast,pg_toast_2964,0,0,0,0,0,0,0,0,0
1789007891.061618,2188402,public,zip_code,0,0,0,0,0,0,0,0,0
1789007891.061618,2618,pg_catalog,pg_rewrite,0,0,1,1,0,0,0,0,0
1789007891.061618,4177,pg_toast,pg_toast_1262,0,0,0,0,0,0,0,0,0
1789007891.061618,13484,information_schema,sql_parts,0,0,,,0,0,0,0,0
1789007891.061618,4159,pg_toast,pg_toast_2600,0,0,0,0,0,0,0,0,0
1789007891.061618,4147,pg_toast,pg_toast_3079,0,0,0,0,0,0,0,0,0
1789007891.061618,13474,information_schema,sql_features,0,0,,,0,0,0,0,0
1789007891.061618,1247,pg_catalog,pg_type,0,0,19,19,0,0,0,0,0
1789007891.061618,2602,pg_catalog,pg_amop,0,0,12,25,0,0,0,0,0
1789007891.061618,3439,pg_toast,pg_toast_3381,0,0,0,0,0,0,0,0,0
1789007891.061618,2846,pg_toast,pg_toast_2396,0,0,0,0,0,0,0,0,0
1789007891.061618,4145,pg_toast,pg_toast_3466,0,0,0,0,0,0,0,0,0
1789007891.061618,2188385,public,address,0,0,0,0,0,0,0,0,0
1789007891.061618,2188137,public,holding,0,0,0,0,0,0,0,0,0
1789007891.061618,3541,pg_catalog,pg_range,0,0,0,0,0,0,0,0,0
1789007891.061618,3602,pg_catalog,pg_ts_config,0,0,0,0,0,0,0,0,0
1789007891.061618,4183,pg_toast,pg_toast_6100,0,0,0,0,0,0,0,0,0
1789007891.061618,2188333,public,last_trade,0,0,0,0,0,0,0,0,0
1789007891.061618,2224,pg_catalog,pg_sequence,0,0,0,0,0,0,0,0,0
1789007891.061618,2611,pg_catalog,pg_inherits,0,0,0,0,0,0,0,0,0
1789007891.061618,1417,pg_catalog,pg_foreign_server,0,0,0,0,0,0,0,0,0
1789007891.061618,1262,pg_catalog,pg_database,0,0,0,0,0,0,0,0,0
1789007891.061618,2188182,public,cash_transaction,0,0,0,0,0,0,0,0,0
1789007891.061618,13492,pg_toast,pg_toast_13489,0,0,0,0,0,0,0,0,0
1789007891.061618,3501,pg_catalog,pg_enum,0,0,0,0,0,0,0,0,0
1789007891.061618,2607,pg_catalog,pg_conversion,0,0,0,0,0,0,0,0,0
1789007891.061618,2188359,public,sector,0,0,0,0,0,0,0,0,0
1789007891.061618,2188217,pg_toast,pg_toast_2188210,0,0,0,0,0,0,0,0,0
1789007891.061618,826,pg_catalog,pg_default_acl,0,0,0,0,0,0,0,0,0
1789007891.061618,2604,pg_catalog,pg_attrdef,0,0,0,0,0,0,0,0,0
1789007891.061618,2336,pg_toast,pg_toast_2620,0,0,0,0,0,0,0,0,0
1789007891.061618,2188149,public,holding_history,0,0,0,0,0,0,0,0,0
1789007891.061618,2603,pg_catalog,pg_amproc,0,0,5,11,0,0,0,0,0
1789007891.061618,2606,pg_catalog,pg_constraint,0,0,3,8,0,0,0,0,0
1789007891.061618,1255,pg_catalog,pg_proc,0,0,19,24,0,0,0,0,0
1789007891.061618,4173,pg_toast,pg_toast_1418,0,0,0,0,0,0,0,0,0
1789007891.061618,2620,pg_catalog,pg_trigger,0,0,0,0,0,0,0,0,0
1789007891.061618,2188241,pg_toast,pg_toast_2188219,0,0,0,0,0,0,0,0,0
1789007891.061618,2612,pg_catalog,pg_language,0,0,0,0,0,0,0,0,0
1789007891.061618,4149,pg_toast,pg_toast_2328,0,0,0,0,0,0,0,0,0
1789007891.061618,6351,pg_toast,pg_toast_2610,0,0,0,0,0,0,0,0,0
1789007891.061618,13489,information_schema,sql_sizing,0,0,,,0,0,0,0,0
1789007891.061618,3598,pg_toast,pg_toast_3596,0,0,0,0,0,0,0,0,0
1789007891.061618,2188111,public,customer,0,0,0,0,0,0,0,0,0
1789007891.061618,2836,pg_toast,pg_toast_1255,0,0,0,0,0,0,0,0,0
1789007891.061618,3456,pg_catalog,pg_collation,0,0,0,0,0,0,0,0,0
1789007891.061618,3079,pg_catalog,pg_extension,0,0,0,0,0,0,0,0,0
1789007891.061618,2188262,public,trade_type,0,0,0,0,0,0,0,0,0
1789007891.061618,6100,pg_catalog,pg_subscription,0,0,0,0,0,0,0,0,0
1789007891.061618,2188249,public,trade_request,0,0,0,0,0,0,0,0,0
1789007891.061618,2188198,public,commission_rate,0,0,0,0,0,0,0,0,0
1789007891.061618,2188130,pg_toast,pg_toast_2188122,0,0,0,0,0,0,0,0,0
1789007891.061618,2832,pg_toast,pg_toast_2606,0,0,0,0,0,0,0,0,0
1789007891.061618,3256,pg_catalog,pg_policy,0,0,0,0,0,0,0,0,0
1789007891.061618,2188172,public,broker,0,0,0,0,0,0,0,0,0
1789007891.061618,2188296,pg_toast,pg_toast_2188287,0,0,0,0,0,0,0,0,0
1789007891.061618,2188307,public,financial,0,0,0,0,0,0,0,0,0
1789007891.061618,2188103,public,account_permission,0,0,0,0,0,0,0,0,0
1789007891.061618,3466,pg_catalog,pg_event_trigger,0,0,0,0,0,0,0,0,0
1789007891.061618,3592,pg_catalog,pg_shseclabel,0,0,0,0,0,0,0,0,0
1789007891.061618,3764,pg_catalog,pg_ts_template,0,0,0,0,0,0,0,0,0
1789007891.061618,6237,pg_catalog,pg_publication_namespace,0,0,0,0,0,0,0,0,0
1789007891.061618,13487,pg_toast,pg_toast_13484,0,0,0,0,0,0,0,0,0
1789007891.061618,2995,pg_catalog,pg_largeobject_metadata,0,0,0,0,0,0,0,0,0
1789007891.061618,4143,pg_toast,pg_toast_826,0,0,0,0,0,0,0,0,0
1789007891.061618,4185,pg_toast,pg_toast_1213,0,0,0,0,0,0,0,0,0
1789007891.061618,2188287,public,daily_market,0,0,0,0,0,0,0,0,0
1789007891.061618,2188190,public,charge,0,0,0,0,0,0,0,0,0
1789007891.061618,6243,pg_catalog,pg_parameter_acl,0,0,0,0,0,0,0,0,0
1789007891.061618,2616,pg_catalog,pg_opclass,0,0,8,134,0,0,0,0,0
1789007891.061618,2188298,public,exchange,0,0,0,0,0,0,0,0,0
1789007891.061618,2188147,pg_toast,pg_toast_2188137,0,0,0,0,0,0,0,0,0
1789007891.061618,2838,pg_toast,pg_toast_2618,0,0,1,3,0,0,0,0,0
1789007891.061618,2188327,public,industry,0,0,0,0,0,0,0,0,0
1789007891.061618,6228,pg_toast,pg_toast_6106,0,0,0,0,0,0,0,0,0
1789007891.061618,2188325,pg_toast,pg_toast_2188307,0,0,0,0,0,0,0,0,0
1789007891.061618,2188364,public,security,0,0,0,0,0,0,0,0,0
1789007891.061618,3118,pg_catalog,pg_foreign_table,0,0,0,0,0,0,0,0,0
1789007891.061618,1259,pg_catalog,pg_class,1,523,12,12,0,0,0,0,0
1789007891.061618,3350,pg_catalog,pg_partitioned_table,0,0,0,0,0,0,0,0,0
1789007891.061618,4153,pg_toast,pg_toast_3118,0,0,0,0,0,0,0,0,0
1789007891.061618,4060,pg_toast,pg_toast_3592,0,0,0,0,0,0,0,0,0
1789007891.061618,4165,pg_toast,pg_toast_3350,0,0,0,0,0,0,0,0,0
1789007891.061618,2753,pg_catalog,pg_opfamily,0,0,2,2,0,0,0,0,0
1789007891.061618,3601,pg_catalog,pg_ts_parser,0,0,0,0,0,0,0,0,0
1789007891.061618,2188219,public,trade,0,0,0,0,0,0,0,0,0
1789007891.061618,2188260,pg_toast,pg_toast_2188249,0,0,0,0,0,0,0,0,0
1789007891.061618,6104,pg_catalog,pg_publication,0,0,0,0,0,0,0,0,0
1789007891.061618,13477,pg_toast,pg_toast_13474,0,0,0,0,0,0,0,0,0
1789007891.061618,3429,pg_catalog,pg_statistic_ext_data,0,0,0,0,0,0,0,0,0
1789007891.061618,2619,pg_catalog,pg_statistic,0,0,17,8,0,0,0,0,0
1789007891.061618,4155,pg_toast,pg_toast_3394,0,0,0,0,0,0,0,0,0
1789007891.061618,2188196,pg_toast,pg_toast_2188190,0,0,0,0,0,0,0,0,0
1789007891.061618,3381,pg_catalog,pg_statistic_ext,0,0,3,0,0,0,0,0,0
1789007891.061618,6106,pg_catalog,pg_publication_rel,0,0,0,0,0,0,0,0,0
1789007891.061618,2605,pg_catalog,pg_cast,0,0,34,7,0,0,0,0,0
1789007891.061618,4171,pg_toast,pg_toast_1247,0,0,0,0,0,0,0,0,0
1789007891.061618,2830,pg_toast,pg_toast_2604,0,0,0,0,0,0,0,0,0
1789007891.061618,13479,information_schema,sql_implementation_info,0,0,,,0,0,0,0,0
1789007891.061618,6244,pg_toast,pg_toast_6243,0,0,0,0,0,0,0,0,0
1789007891.061618,3430,pg_toast,pg_toast_3429,0,0,0,0,0,0,0,0,0
1789007950.202410,2188132,public,customer_taxrate,0,0,0,0,0,0,0,0,0
1789007950.202410,3576,pg_catalog,pg_transform,0,0,0,0,0,0,0,0,0
1789007950.202410,2601,pg_catalog,pg_am,0,0,0,0,0,0,0,0,0
1789007950.202410,2188188,pg_toast,pg_toast_2188182,0,0,0,0,0,0,0,0,0
1789007950.202410,3394,pg_catalog,pg_init_privs,0,0,0,0,0,0,0,0,0
1789007950.202410,4167,pg_toast,pg_toast_3256,0,0,0,0,0,0,0,0,0
1789007950.202410,4151,pg_toast,pg_toast_1417,0,0,0,0,0,0,0,0,0
1789007950.202410,2834,pg_toast,pg_toast_2609,0,0,0,0,0,0,0,0,0
1789007950.202410,6000,pg_catalog,pg_replication_origin,0,0,0,0,0,0,0,0,0
1789007950.202410,2188343,public,news_item,0,0,0,0,0,0,0,0,0
1789007950.202410,2840,pg_toast,pg_toast_2619,0,0,0,0,0,0,0,0,0
1789007950.202410,2188122,public,customer_account,0,0,0,0,0,0,0,0,0
1789007950.202410,2328,pg_catalog,pg_foreign_data_wrapper,0,0,0,0,0,0,0,0,0
1789007950.202410,4157,pg_toast,pg_toast_2612,0,0,0,0,0,0,0,0,0
1789007950.202410,1260,pg_catalog,pg_authid,0,0,0,0,0,0,0,0,0
1789007950.202410,6102,pg_catalog,pg_subscription_rel,0,0,0,0,0,0,0,0,0
1789007950.202410,1214,pg_catalog,pg_shdepend,0,0,0,0,0,0,0,0,0
1789007950.202410,4163,pg_toast,pg_toast_2615,0,0,0,0,0,0,0,0,0
1789007950.202410,4169,pg_toast,pg_toast_3600,0,0,0,0,0,0,0,0,0
1789007950.202410,2615,pg_catalog,pg_namespace,1,4,5,2,0,0,0,0,0
1789007950.202410,2188162,public,watch_item,0,0,0,0,0,0,0,0,0
1789007950.202410,2188167,public,watch_list,0,0,0,0,0,0,0,0,0
1789007950.202410,2188243,public,trade_history,0,0,0,0,0,0,0,0,0
1789007950.202410,2188210,public,settlement,0,0,0,0,0,0,0,0,0
1789007950.202410,2188269,public,company,0,0,0,0,0,0,0,0,0
1789007950.202410,2396,pg_catalog,pg_shdescription,0,0,0,0,0,0,0,0,0
1789007950.202410,3600,pg_catalog,pg_ts_dict,0,0,0,0,0,0,0,0,0
1789007950.202410,3596,pg_catalog,pg_seclabel,0,0,0,0,0,0,0,0,0
1789007950.202410,2609,pg_catalog,pg_description,0,0,0,0,0,0,0,0,0
1789007950.202410,13482,pg_toast,pg_toast_13479,0,0,0,0,0,0,0,0,0
1789007950.202410,2188156,public,holding_summary,0,0,0,0,0,0,0,0,0
1789007950.202410,2188390,public,status_type,0,0,0,0,0,0,0,0,0
1789007950.202410,2188395,public,taxrate,0,0,0,0,0,0,0,0,0
1789007950.202410,3603,pg_catalog,pg_ts_config_map,0,0,0,0,0,0,0,0,0
1789007950.202410,1213,pg_catalog,pg_tablespace,0,0,1,1,0,0,0,0,0
1789007950.202410,2188383,pg_toast,pg_toast_2188364,0,0,0,0,0,0,0,0,0
1789007950.202410,2608,pg_catalog,pg_depend,0,0,0,0,0,0,0,0,0
1789007950.202410,2964,pg_catalog,pg_db_role_setting,0,0,0,0,0,0,0,0,0
1789007950.202410,1418,pg_catalog,pg_user_mapping,0,0,0,0,0,0,0,0,0
1789007950.202410,2613,pg_catalog,pg_largeobject,0,0,0,0,0,0,0,0,0
1789007950.202410,6175,pg_toast,pg_toast_3456,0,0,0,0,0,0,0,0,0
1789007950.202410,1261,pg_catalog,pg_auth_members,0,0,0,0,0,0,0,0,0
1789007950.202410,2617,pg_catalog,pg_operator,0,0,5,5,0,0,0,0,0
1789007950.202410,2188352,pg_toast,pg_toast_2188343,0,0,0,0,0,0,0,0,0
1789007950.202410,2188341,pg_toast,pg_toast_2188333,0,0,0,0,0,0,0,0,0
1789007950.202410,2610,pg_catalog,pg_index,1,221,11,14,0,0,0,0,0
1789007950.202410,1249,pg_catalog,pg_attribute,0,0,75,92,0,0,0,0,0
1789007950.202410,2188281,public,company_competitor,0,0,0,0,0,0,0,0,0
1789007950.202410,2600,pg_catalog,pg_aggregate,0,0,1,1,0,0,0,0,0
1789007950.202410,2188180,pg_toast,pg_toast_2188172,0,0,0,0,0,0,0,0,0
1789007950.202410,2188354,public,news_xref,0,0,0,0,0,0,0,0,0
1789007950.202410,2966,pg_toast,pg_toast_2964,0,0,0,0,0,0,0,0,0
1789007950.202410,2188402,public,zip_code,0,0,0,0,0,0,0,0,0
1789007950.202410,2618,pg_catalog,pg_rewrite,0,0,1,1,0,0,0,0,0
1789007950.202410,4177,pg_toast,pg_toast_1262,0,0,0,0,0,0,0,0,0
1789007950.202410,13484,information_schema,sql_parts,0,0,,,0,0,0,0,0
1789007950.202410,4159,pg_toast,pg_toast_2600,0,0,0,0,0,0,0,0,0
1789007950.202410,4147,pg_toast,pg_toast_3079,0,0,0,0,0,0,0,0,0
1789007950.202410,13474,information_schema,sql_features,0,0,,,0,0,0,0,0
1789007950.202410,1247,pg_catalog,pg_type,0,0,19,19,0,0,0,0,0
1789007950.202410,2602,pg_catalog,pg_amop,0,0,12,25,0,0,0,0,0
1789007950.202410,3439,pg_toast,pg_toast_3381,0,0,0,0,0,0,0,0,0
1789007950.202410,2846,pg_toast,pg_toast_2396,0,0,0,0,0,0,0,0,0
1789007950.202410,4145,pg_toast,pg_toast_3466,0,0,0,0,0,0,0,0,0
1789007950.202410,2188385,public,address,0,0,0,0,0,0,0,0,0
1789007950.202410,2188137,public,holding,0,0,0,0,0,0,0,0,0
1789007950.202410,3541,pg_catalog,pg_range,0,0,0,0,0,0,0,0,0
1789007950.202410,3602,pg_catalog,pg_ts_config,0,0,0,0,0,0,0,0,0
1789007950.202410,4183,pg_toast,pg_toast_6100,0,0,0,0,0,0,0,0,0
1789007950.202410,2188333,public,last_trade,0,0,0,0,0,0,0,0,0
1789007950.202410,2224,pg_catalog,pg_sequence,0,0,0,0,0,0,0,0,0
1789007950.202410,2611,pg_catalog,pg_inherits,0,0,0,0,0,0,0,0,0
1789007950.202410,1417,pg_catalog,pg_foreign_server,0,0,0,0,0,0,0,0,0
1789007950.202410,1262,pg_catalog,pg_database,0,0,0,0,0,0,0,0,0
1789007950.202410,2188182,public,cash_transaction,0,0,0,0,0,0,0,0,0
1789007950.202410,13492,pg_toast,pg_toast_13489,0,0,0,0,0,0,0,0,0
1789007950.202410,3501,pg_catalog,pg_enum,0,0,0,0,0,0,0,0,0
1789007950.202410,2607,pg_catalog,pg_conversion,0,0,0,0,0,0,0,0,0
1789007950.202410,2188359,public,sector,0,0,0,0,0,0,0,0,0
1789007950.202410,2188217,pg_toast,pg_toast_2188210,0,0,0,0,0,0,0,0,0
1789007950.202410,826,pg_catalog,pg_default_acl,0,0,0,0,0,0,0,0,0
1789007950.202410,2604,pg_catalog,pg_attrdef,0,0,0,0,0,0,0,0,0
1789007950.202410,2336,pg_toast,pg_toast_2620,0,0,0,0,0,0,0,0,0
1789007950.202410,2188149,public,holding_history,0,0,0,0,0,0,0,0,0
1789007950.202410,2603,pg_catalog,pg_amproc,0,0,5,11,0,0,0,0,0
1789007950.202410,2606,pg_catalog,pg_constraint,0,0,3,8,0,0,0,0,0
1789007950.202410,1255,pg_catalog,pg_proc,0,0,19,24,0,0,0,0,0
1789007950.202410,4173,pg_toast,pg_toast_1418,0,0,0,0,0,0,0,0,0
1789007950.202410,2620,pg_catalog,pg_trigger,0,0,0,0,0,0,0,0,0
1789007950.202410,2188241,pg_toast,pg_toast_2188219,0,0,0,0,0,0,0,0,0
1789007950.202410,2612,pg_catalog,pg_language,0,0,0,0,0,0,0,0,0
1789007950.202410,4149,pg_toast,pg_toast_2328,0,0,0,0,0,0,0,0,0
1789007950.202410,6351,pg_toast,pg_toast_2610,0,0,0,0,0,0,0,0,0
1789007950.202410,13489,information_schema,sql_sizing,0,0,,,0,0,0,0,0
1789007950.202410,3598,pg_toast,pg_toast_3596,0,0,0,0,0,0,0,0,0
1789007950.202410,2188111,public,customer,0,0,0,0,0,0,0,0,0
1789007950.202410,2836,pg_toast,pg_toast_1255,0,0,0,0,0,0,0,0,0
1789007950.202410,3456,pg_catalog,pg_collation,0,0,0,0,0,0,0,0,0
1789007950.202410,3079,pg_catalog,pg_extension,0,0,0,0,0,0,0,0,0
1789007950.202410,2188262,public,trade_type,0,0,0,0,0,0,0,0,0
1789007950.202410,6100,pg_catalog,pg_subscription,0,0,0,0,0,0,0,0,0
1789007950.202410,2188249,public,trade_request,0,0,0,0,0,0,0,0,0
1789007950.202410,2188198,public,commission_rate,0,0,0,0,0,0,0,0,0
1789007950.202410,2188130,pg_toast,pg_toast_2188122,0,0,0,0,0,0,0,0,0
1789007950.202410,2832,pg_toast,pg_toast_2606,0,0,0,0,0,0,0,0,0
1789007950.202410,3256,pg_catalog,pg_policy,0,0,0,0,0,0,0,0,0
1789007950.202410,2188172,public,broker,0,0,0,0,0,0,0,0,0
1789007950.202410,2188296,pg_toast,pg_toast_2188287,0,0,0,0,0,0,0,0,0
1789007950.202410,2188307,public,financial,0,0,0,0,0,0,0,0,0
1789007950.202410,2188103,public,account_permission,0,0,0,0,0,0,0,0,0
1789007950.202410,3466,pg_catalog,pg_event_trigger,0,0,0,0,0,0,0,0,0
1789007950.202410,3592,pg_catalog,pg_shseclabel,0,0,0,0,0,0,0,0,0
1789007950.202410,3764,pg_catalog,pg_ts_template,0,0,0,0,0,0,0,0,0
1789007950.202410,6237,pg_catalog,pg_publication_namespace,0,0,0,0,0,0,0,0,0
1789007950.202410,13487,pg_toast,pg_toast_13484,0,0,0,0,0,0,0,0,0
1789007950.202410,2995,pg_catalog,pg_largeobject_metadata,0,0,0,0,0,0,0,0,0
1789007950.202410,4143,pg_toast,pg_toast_826,0,0,0,0,0,0,0,0,0
1789007950.202410,4185,pg_toast,pg_toast_1213,0,0,0,0,0,0,0,0,0
1789007950.202410,2188287,public,daily_market,0,0,0,0,0,0,0,0,0
1789007950.202410,2188190,public,charge,0,0,0,0,0,0,0,0,0
1789007950.202410,6243,pg_catalog,pg_parameter_acl,0,0,0,0,0,0,0,0,0
1789007950.202410,2616,pg_catalog,pg_opclass,0,0,8,134,0,0,0,0,0
1789007950.202410,2188298,public,exchange,0,0,0,0,0,0,0,0,0
1789007950.202410,2188147,pg_toast,pg_toast_2188137,0,0,0,0,0,0,0,0,0
1789007950.202410,2838,pg_toast,pg_toast_2618,0,0,1,3,0,0,0,0,0
1789007950.202410,2188327,public,industry,0,0,0,0,0,0,0,0,0
1789007950.202410,6228,pg_toast,pg_toast_6106,0,0,0,0,0,0,0,0,0
1789007950.202410,2188325,pg_toast,pg_toast_2188307,0,0,0,0,0,0,0,0,0
1789007950.202410,2188364,public,security,0,0,0,0,0,0,0,0,0
1789007950.202410,3118,pg_catalog,pg_foreign_table,0,0,0,0,0,0,0,0,0
1789007950.202410,1259,pg_catalog,pg_class,1,523,12,12,0,0,0,0,0
1789007950.202410,3350,pg_catalog,pg_partitioned_table,0,0,0,0,0,0,0,0,0
1789007950.202410,4153,pg_toast,pg_toast_3118,0,0,0,0,0,0,0,0,0
1789007950.202410,4060,pg_toast,pg_toast_3592,0,0,0,0,0,0,0,0,0
1789007950.202410,4165,pg_toast,pg_toast_3350,0,0,0,0,0,0,0,0,0
1789007950.202410,2753,pg_catalog,pg_opfamily,0,0,2,2,0,0,0,0,0
1789007950.202410,3601,pg_catalog,pg_ts_parser,0,0,0,0,0,0,0,0,0
1789007950.202410,2188219,public,trade,0,0,0,0,0,0,0,0,0
1789007950.202410,2188260,pg_toast,pg_toast_2188249,0,0,0,0,0,0,0,0,0
1789007950.202410,6104,pg_catalog,pg_publication,0,0,0,0,0,0,0,0,0
1789007950.202410,13477,pg_toast,pg_toast_13474,0,0,0,0,0,0,0,0,0
1789007950.202410,3429,pg_catalog,pg_statistic_ext_data,0,0,0,0,0,0,0,0,0
1789007950.202410,2619,pg_catalog,pg_statistic,0,0,17,8,0,0,0,0,0
1789007950.202410,4155,pg_toast,pg_toast_3394,0,0,0,0,0,0,0,0,0
1789007950.202410,2188196,pg_toast,pg_toast_2188190,0,0,0,0,0,0,0,0,0
1789007950.202410,3381,pg_catalog,pg_statistic_ext,0,0,3,0,0,0,0,0,0
1789007950.202410,6106,pg_catalog,pg_publication_rel,0,0,0,0,0,0,0,0,0
1789007950.202410,2605,pg_catalog,pg_cast,0,0,34,7,0,0,0,0,0
1789007950.202410,4171,pg_toast,pg_toast_1247,0,0,0,0,0,0,0,0,0
1789007950.202410,2830,pg_toast,pg_toast_2604,0,0,0,0,0,0,0,0,0
1789007950.202410,13479,information_schema,sql_implementation_info,0,0,,,0,0,0,0,0
1789007950.202410,6244,pg_toast,pg_toast_6243,0,0,0,0,0,0,0,0,0
1789007950.202410,3430,pg_toast,pg_toast_3429,0,0,0,0,0,0,0,0,0
1789008011.035501,2188132,public,customer_taxrate,0,0,0,0,0,0,0,0,0
1789008011.035501,3576,pg_catalog,pg_transform,0,0,0,0,0,0,0,0,0
1789008011.035501,2601,pg_catalog,pg_am,0,0,0,0,0,0,0,0,0
1789008011.035501,2188188,pg_toast,pg_toast_2188182,0,0,0,0,0,0,0,0,0
1789008011.035501,3394,pg_catalog,pg_init_privs,0,0,0,0,0,0,0,0,0
1789008011.035501,4167,pg_toast,pg_toast_3256,0,0,0,0,0,0,0,0,0
1789008011.035501,4151,pg_toast,pg_toast_1417,0,0,0,0,0,0,0,0,0
1789008011.035501,2834,pg_toast,pg_toast_2609,0,0,0,0,0,0,0,0,0
1789008011.035501,6000,pg_catalog,pg_replication_origin,0,0,0,0,0,0,0,0,0
1789008011.035501,2188343,public,news_item,0,0,0,0,0,0,0,0,0
1789008011.035501,2840,pg_toast,pg_toast_2619,0,0,0,0,0,0,0,0,0
1789008011.035501,2188122,public,customer_account,0,0,0,0,0,0,0,0,0
1789008011.035501,2328,pg_catalog,pg_foreign_data_wrapper,0,0,0,0,0,0,0,0,0
1789008011.035501,4157,pg_toast,pg_toast_2612,0,0,0,0,0,0,0,0,0
1789008011.035501,1260,pg_catalog,pg_authid,0,0,0,0,0,0,0,0,0
1789008011.035501,6102,pg_catalog,pg_subscription_rel,0,0,0,0,0,0,0,0,0
1789008011.035501,1214,pg_catalog,pg_shdepend,0,0,0,0,0,0,0,0,0
1789008011.035501,4163,pg_toast,pg_toast_2615,0,0,0,0,0,0,0,0,0
1789008011.035501,4169,pg_toast,pg_toast_3600,0,0,0,0,0,0,0,0,0
1789008011.035501,2615,pg_catalog,pg_namespace,1,4,5,2,0,0,0,0,0
1789008011.035501,2188162,public,watch_item,0,0,0,0,0,0,0,0,0
1789008011.035501,2188167,public,watch_list,0,0,0,0,0,0,0,0,0
1789008011.035501,2188243,public,trade_history,0,0,0,0,0,0,0,0,0
1789008011.035501,2188210,public,settlement,0,0,0,0,0,0,0,0,0
1789008011.035501,2188269,public,company,0,0,0,0,0,0,0,0,0
1789008011.035501,2396,pg_catalog,pg_shdescription,0,0,0,0,0,0,0,0,0
1789008011.035501,3600,pg_catalog,pg_ts_dict,0,0,0,0,0,0,0,0,0
1789008011.035501,3596,pg_catalog,pg_seclabel,0,0,0,0,0,0,0,0,0
1789008011.035501,2609,pg_catalog,pg_description,0,0,0,0,0,0,0,0,0
1789008011.035501,13482,pg_toast,pg_toast_13479,0,0,0,0,0,0,0,0,0
1789008011.035501,2188156,public,holding_summary,0,0,0,0,0,0,0,0,0
1789008011.035501,2188390,public,status_type,0,0,0,0,0,0,0,0,0
1789008011.035501,2188395,public,taxrate,0,0,0,0,0,0,0,0,0
1789008011.035501,3603,pg_catalog,pg_ts_config_map,0,0,0,0,0,0,0,0,0
1789008011.035501,1213,pg_catalog,pg_tablespace,0,0,1,1,0,0,0,0,0
1789008011.035501,2188383,pg_toast,pg_toast_2188364,0,0,0,0,0,0,0,0,0
1789008011.035501,2608,pg_catalog,pg_depend,0,0,0,0,0,0,0,0,0
1789008011.035501,2964,pg_catalog,pg_db_role_setting,0,0,0,0,0,0,0,0,0
1789008011.035501,1418,pg_catalog,pg_user_mapping,0,0,0,0,0,0,0,0,0
1789008011.035501,2613,pg_catalog,pg_largeobject,0,0,0,0,0,0,0,0,0
1789008011.035501,6175,pg_toast,pg_toast_3456,0,0,0,0,0,0,0,0,0
1789008011.035501,1261,pg_catalog,pg_auth_members,0,0,0,0,0,0,0,0,0
1789008011.035501,2617,pg_catalog,pg_operator,0,0,5,5,0,0,0,0,0
1789008011.035501,2188352,pg_toast,pg_toast_2188343,0,0,0,0,0,0,0,0,0
1789008011.035501,2188341,pg_toast,pg_toast_2188333,0,0,0,0,0,0,0,0,0
1789008011.035501,2610,pg_catalog,pg_index,1,221,11,14,0,0,0,0,0
1789008011.035501,1249,pg_catalog,pg_attribute,0,0,75,92,0,0,0,0,0
1789008011.035501,2188281,public,company_competitor,0,0,0,0,0,0,0,0,0
1789008011.035501,2600,pg_catalog,pg_aggregate,0,0,1,1,0,0,0,0,0
1789008011.035501,2188180,pg_toast,pg_toast_2188172,0,0,0,0,0,0,0,0,0
1789008011.035501,2188354,public,news_xref,0,0,0,0,0,0,0,0,0
1789008011.035501,2966,pg_toast,pg_toast_2964,0,0,0,0,0,0,0,0,0
1789008011.035501,2188402,public,zip_code,0,0,0,0,0,0,0,0,0
1789008011.035501,2618,pg_catalog,pg_rewrite,0,0,1,1,0,0,0,0,0
1789008011.035501,4177,pg_toast,pg_toast_1262,0,0,0,0,0,0,0,0,0
1789008011.035501,13484,information_schema,sql_parts,0,0,,,0,0,0,0,0
1789008011.035501,4159,pg_toast,pg_toast_2600,0,0,0,0,0,0,0,0,0
1789008011.035501,4147,pg_toast,pg_toast_3079,0,0,0,0,0,0,0,0,0
1789008011.035501,13474,information_schema,sql_features,0,0,,,0,0,0,0,0
1789008011.035501,1247,pg_catalog,pg_type,0,0,19,19,0,0,0,0,0
1789008011.035501,2602,pg_catalog,pg_amop,0,0,12,25,0,0,0,0,0
1789008011.035501,3439,pg_toast,pg_toast_3381,0,0,0,0,0,0,0,0,0
1789008011.035501,2846,pg_toast,pg_toast_2396,0,0,0,0,0,0,0,0,0
1789008011.035501,4145,pg_toast,pg_toast_3466,0,0,0,0,0,0,0,0,0
1789008011.035501,2188385,public,address,0,0,0,0,0,0,0,0,0
1789008011.035501,2188137,public,holding,0,0,0,0,0,0,0,0,0
1789008011.035501,3541,pg_catalog,pg_range,0,0,0,0,0,0,0,0,0
1789008011.035501,3602,pg_catalog,pg_ts_config,0,0,0,0,0,0,0,0,0
1789008011.035501,4183,pg_toast,pg_toast_6100,0,0,0,0,0,0,0,0,0
1789008011.035501,2188333,public,last_trade,0,0,0,0,0,0,0,0,0
1789008011.035501,2224,pg_catalog,pg_sequence,0,0,0,0,0,0,0,0,0
1789008011.035501,2611,pg_catalog,pg_inherits,0,0,0,0,0,0,0,0,0
1789008011.035501,1417,pg_catalog,pg_foreign_server,0,0,0,0,0,0,0,0,0
1789008011.035501,1262,pg_catalog,pg_database,0,0,0,0,0,0,0,0,0
1789008011.035501,2188182,public,cash_transaction,0,0,0,0,0,0,0,0,0
1789008011.035501,13492,pg_toast,pg_toast_13489,0,0,0,0,0,0,0,0,0
1789008011.035501,3501,pg_catalog,pg_enum,0,0,0,0,0,0,0,0,0
1789008011.035501,2607,pg_catalog,pg_conversion,0,0,0,0,0,0,0,0,0
1789008011.035501,2188359,public,sector,0,0,0,0,0,0,0,0,0
1789008011.035501,2188217,pg_toast,pg_toast_2188210,0,0,0,0,0,0,0,0,0
1789008011.035501,826,pg_catalog,pg_default_acl,0,0,0,0,0,0,0,0,0
1789008011.035501,2604,pg_catalog,pg_attrdef,0,0,0,0,0,0,0,0,0
1789008011.035501,2336,pg_toast,pg_toast_2620,0,0,0,0,0,0,0,0,0
1789008011.035501,2188149,public,holding_history,0,0,0,0,0,0,0,0,0
1789008011.035501,2603,pg_catalog,pg_amproc,0,0,5,11,0,0,0,0,0
1789008011.035501,2606,pg_catalog,pg_constraint,0,0,3,8,0,0,0,0,0
1789008011.035501,1255,pg_catalog,pg_proc,0,0,19,24,0,0,0,0,0
1789008011.035501,4173,pg_toast,pg_toast_1418,0,0,0,0,0,0,0,0,0
1789008011.035501,2620,pg_catalog,pg_trigger,0,0,0,0,0,0,0,0,0
1789008011.035501,2188241,pg_toast,pg_toast_2188219,0,0,0,0,0,0,0,0,0
1789008011.035501,2612,pg_catalog,pg_language,0,0,0,0,0,0,0,0,0
1789008011.035501,4149,pg_toast,pg_toast_2328,0,0,0,0,0,0,0,0,0
1789008011.035501,6351,pg_toast,pg_toast_2610,0,0,0,0,0,0,0,0,0
1789008011.035501,13489,information_schema,sql_sizing,0,0,,,0,0,0,0,0
1789008011.035501,3598,pg_toast,pg_toast_3596,0,0,0,0,0,0,0,0,0
1789008011.035501,2188111,public,customer,0,0,0,0,0,0,0,0,0
1789008011.035501,2836,pg_toast,pg_toast_1255,0,0,0,0,0,0,0,0,0
1789008011.035501,3456,pg_catalog,pg_collation,0,0,0,0,0,0,0,0,0
1789008011.035501,3079,pg_catalog,pg_extension,0,0,0,0,0,0,0,0,0
1789008011.035501,2188262,public,trade_type,0,0,0,0,0,0,0,0,0
1789008011.035501,6100,pg_catalog,pg_subscription,0,0,0,0,0,0,0,0,0
1789008011.035501,2188249,public,trade_request,0,0,0,0,0,0,0,0,0
1789008011.035501,2188198,public,commission_rate,0,0,0,0,0,0,0,0,0
1789008011.035501,2188130,pg_toast,pg_toast_2188122,0,0,0,0,0,0,0,0,0
1789008011.035501,2832,pg_toast,pg_toast_2606,0,0,0,0,0,0,0,0,0
1789008011.035501,3256,pg_catalog,pg_policy,0,0,0,0,0,0,0,0,0
1789008011.035501,2188172,public,broker,0,0,0,0,0,0,0,0,0
1789008011.035501,2188296,pg_toast,pg_toast_2188287,0,0,0,0,0,0,0,0,0
1789008011.035501,2188307,public,financial,0,0,0,0,0,0,0,0,0
1789008011.035501,2188103,public,account_permission,0,0,0,0,0,0,0,0,0
1789008011.035501,3466,pg_catalog,pg_event_trigger,0,0,0,0,0,0,0,0,0
1789008011.035501,3592,pg_catalog,pg_shseclabel,0,0,0,0,0,0,0,0,0
1789008011.035501,3764,pg_catalog,pg_ts_template,0,0,0,0,0,0,0,0,0
1789008011.035501,6237,pg_catalog,pg_publication_namespace,0,0,0,0,0,0,0,0,0
1789008011.035501,13487,pg_toast,pg_toast_13484,0,0,0,0,0,0,0,0,0
1789008011.035501,2995,pg_catalog,pg_largeobject_metadata,0,0,0,0,0,0,0,0,0
1789008011.035501,4143,pg_toast,pg_toast_826,0,0,0,0,0,0,0,0,0
1789008011.035501,4185,pg_toast,pg_toast_1213,0,0,0,0,0,0,0,0,0
1789008011.035501,2188287,public,daily_market,0,0,0,0,0,0,0,0,0
1789008011.035501,2188190,public,charge,0,0,0,0,0,0,0,0,0
1789008011.035501,6243,pg_catalog,pg_parameter_acl,0,0,0,0,0,0,0,0,0
1789008011.035501,2616,pg_catalog,pg_opclass,0,0,8,134,0,0,0,0,0
1789008011.035501,2188298,public,exchange,0,0,0,0,0,0,0,0,0
1789008011.035501,2188147,pg_toast,pg_toast_2188137,0,0,0,0,0,0,0,0,0
1789008011.035501,2838,pg_toast,pg_toast_2618,0,0,1,3,0,0,0,0,0
1789008011.035501,2188327,public,industry,0,0,0,0,0,0,0,0,0
1789008011.035501,6228,pg_toast,pg_toast_6106,0,0,0,0,0,0,0,0,0
1789008011.035501,2188325,pg_toast,pg_toast_2188307,0,0,0,0,0,0,0,0,0
1789008011.035501,2188364,public,security,0,0,0,0,0,0,0,0,0
1789008011.035501,3118,pg_catalog,pg_foreign_table,0,0,0,0,0,0,0,0,0
1789008011.035501,1259,pg_catalog,pg_class,1,523,12,12,0,0,0,0,0
1789008011.035501,3350,pg_catalog,pg_partitioned_table,0,0,0,0,0,0,0,0,0
1789008011.035501,4153,pg_toast,pg_toast_3118,0,0,0,0,0,0,0,0,0
1789008011.035501,4060,pg_toast,pg_toast_3592,0,0,0,0,0,0,0,0,0
1789008011.035501,4165,pg_toast,pg_toast_3350,0,0,0,0,0,0,0,0,0
1789008011.035501,2753,pg_catalog,pg_opfamily,0,0,2,2,0,0,0,0,0
1789008011.035501,3601,pg_catalog,pg_ts_parser,0,0,0,0,0,0,0,0,0
1789008011.035501,2188219,public,trade,0,0,0,0,0,0,0,0,0
1789008011.035501,2188260,pg_toast,pg_toast_2188249,0,0,0,0,0,0,0,0,0
1789008011.035501,6104,pg_catalog,pg_publication,0,0,0,0,0,0,0,0,0
1789008011.035501,13477,pg_toast,pg_toast_13474,0,0,0,0,0,0,0,0,0
1789008011.035501,3429,pg_catalog,pg_statistic_ext_data,0,0,0,0,0,0,0,0,0
1789008011.035501,2619,pg_catalog,pg_statistic,0,0,17,8,0,0,0,0,0
1789008011.035501,4155,pg_toast,pg_toast_3394,0,0,0,0,0,0,0,0,0
1789008011.035501,2188196,pg_toast,pg_toast_2188190,0,0,0,0,0,0,0,0,0
1789008011.035501,3381,pg_catalog,pg_statistic_ext,0,0,3,0,0,0,0,0,0
1789008011.035501,6106,pg_catalog,pg_publication_rel,0,0,0,0,0,0,0,0,0
1789008011.035501,2605,pg_catalog,pg_cast,0,0,34,7,0,0,0,0,0
1789008011.035501,4171,pg_toast,pg_toast_1247,0,0,0,0,0,0,0,0,0
1789008011.035501,2830,pg_toast,pg_toast_2604,0,0,0,0,0,0,0,0,0
1789008011.035501,13479,information_schema,sql_implementation_info,0,0,,,0,0,0,0,0
1789008011.035501,6244,pg_toast,pg_toast_6243,0,0,0,0,0,0,0,0,0
1789008011.035501,3430,pg_toast,pg_toast_3429,0,0,0,0,0,0,0,0,0
1789008070.167050,2188132,public,customer_taxrate,0,0,0,0,0,0,0,0,0
1789008070.167050,3576,pg_catalog,pg_transform,0,0,0,0,0,0,0,0,0
1789008070.167050,2601,pg_catalog,pg_am,0,0,0,0,0,0,0,0,0
1789008070.167050,2188188,pg_toast,pg_toast_2188182,0,0,0,0,0,0,0,0,0
1789008070.167050,3394,pg_catalog,pg_init_privs,0,0,0,0,0,0,0,0,0
1789008070.167050,4167,pg_toast,pg_toast_3256,0,0,0,0,0,0,0,0,0
1789008070.167050,4151,pg_toast,pg_toast_1417,0,0,0,0,0,0,0,0,0
1789008070.167050,2834,pg_toast,pg_toast_2609,0,0,0,0,0,0,0,0,0
1789008070.167050,6000,pg_catalog,pg_replication_origin,0,0,0,0,0,0,0,0,0
1789008070.167050,2188343,public,news_item,0,0,0,0,0,0,0,0,0
1789008070.167050,2840,pg_toast,pg_toast_2619,0,0,0,0,0,0,0,0,0
1789008070.167050,2188122,public,customer_account,0,0,0,0,0,0,0,0,0
1789008070.167050,2328,pg_catalog,pg_foreign_data_wrapper,0,0,0,0,0,0,0,0,0
1789008070.167050,4157,pg_toast,pg_toast_2612,0,0,0,0,0,0,0,0,0
1789008070.167050,1260,pg_catalog,pg_authid,0,0,0,0,0,0,0,0,0
1789008070.167050,6102,pg_catalog,pg_subscription_rel,0,0,0,0,0,0,0,0,0
1789008070.167050,1214,pg_catalog,pg_shdepend,0,0,0,0,0,0,0,0,0
1789008070.167050,4163,pg_toast,pg_toast_2615,0,0,0,0,0,0,0,0,0
1789008070.167050,4169,pg_toast,pg_toast_3600,0,0,0,0,0,0,0,0,0
1789008070.167050,2615,pg_catalog,pg_namespace,1,4,5,2,0,0,0,0,0
1789008070.167050,2188162,public,watch_item,0,0,0,0,0,0,0,0,0
1789008070.167050,2188167,public,watch_list,0,0,0,0,0,0,0,0,0
1789008070.167050,2188243,public,trade_history,0,0,0,0,0,0,0,0,0
1789008070.167050,2188210,public,settlement,0,0,0,0,0,0,0,0,0
1789008070.167050,2188269,public,company,0,0,0,0,0,0,0,0,0
1789008070.167050,2396,pg_catalog,pg_shdescription,0,0,0,0,0,0,0,0,0
1789008070.167050,3600,pg_catalog,pg_ts_dict,0,0,0,0,0,0,0,0,0
1789008070.167050,3596,pg_catalog,pg_seclabel,0,0,0,0,0,0,0,0,0
1789008070.167050,2609,pg_catalog,pg_description,0,0,0,0,0,0,0,0,0
1789008070.167050,13482,pg_toast,pg_toast_13479,0,0,0,0,0,0,0,0,0
1789008070.167050,2188156,public,holding_summary,0,0,0,0,0,0,0,0,0
1789008070.167050,2188390,public,status_type,0,0,0,0,0,0,0,0,0
1789008070.167050,2188395,public,taxrate,0,0,0,0,0,0,0,0,0
1789008070.167050,3603,pg_catalog,pg_ts_config_map,0,0,0,0,0,0,0,0,0
1789008070.167050,1213,pg_catalog,pg_tablespace,0,0,1,1,0,0,0,0,0
1789008070.167050,2188383,pg_toast,pg_toast_2188364,0,0,0,0,0,0,0,0,0
1789008070.167050,2608,pg_catalog,pg_depend,0,0,0,0,0,0,0,0,0
1789008070.167050,2964,pg_catalog,pg_db_role_setting,0,0,0,0,0,0,0,0,0
1789008070.167050,1418,pg_catalog,pg_user_mapping,0,0,0,0,0,0,0,0,0
1789008070.167050,2613,pg_catalog,pg_largeobject,0,0,0,0,0,0,0,0,0
1789008070.167050,6175,pg_toast,pg_toast_3456,0,0,0,0,0,0,0,0,0
1789008070.167050,1261,pg_catalog,pg_auth_members,0,0,0,0,0,0,0,0,0
1789008070.167050,2617,pg_catalog,pg_operator,0,0,5,5,0,0,0,0,0
1789008070.167050,2188352,pg_toast,pg_toast_2188343,0,0,0,0,0,0,0,0,0
1789008070.167050,2188341,pg_toast,pg_toast_2188333,0,0,0,0,0,0,0,0,0
1789008070.167050,2610,pg_catalog,pg_index,1,221,11,14,0,0,0,0,0
1789008070.167050,1249,pg_catalog,pg_attribute,0,0,75,92,0,0,0,0,0
1789008070.167050,2188281,public,company_competitor,0,0,0,0,0,0,0,0,0
1789008070.167050,2600,pg_catalog,pg_aggregate,0,0,1,1,0,0,0,0,0
1789008070.167050,2188180,pg_toast,pg_toast_2188172,0,0,0,0,0,0,0,0,0
1789008070.167050,2188354,public,news_xref,0,0,0,0,0,0,0,0,0
1789008070.167050,2966,pg_toast,pg_toast_2964,0,0,0,0,0,0,0,0,0
1789008070.167050,2188402,public,zip_code,0,0,0,0,0,0,0,0,0
1789008070.167050,2618,pg_catalog,pg_rewrite,0,0,1,1,0,0,0,0,0
1789008070.167050,4177,pg_toast,pg_toast_1262,0,0,0,0,0,0,0,0,0
1789008070.167050,13484,information_schema,sql_parts,0,0,,,0,0,0,0,0
1789008070.167050,4159,pg_toast,pg_toast_2600,0,0,0,0,0,0,0,0,0
1789008070.167050,4147,pg_toast,pg_toast_3079,0,0,0,0,0,0,0,0,0
1789008070.167050,13474,information_schema,sql_features,0,0,,,0,0,0,0,0
1789008070.167050,1247,pg_catalog,pg_type,0,0,19,19,0,0,0,0,0
1789008070.167050,2602,pg_catalog,pg_amop,0,0,12,25,0,0,0,0,0
1789008070.167050,3439,pg_toast,pg_toast_3381,0,0,0,0,0,0,0,0,0
1789008070.167050,2846,pg_toast,pg_toast_2396,0,0,0,0,0,0,0,0,0
1789008070.167050,4145,pg_toast,pg_toast_3466,0,0,0,0,0,0,0,0,0
1789008070.167050,2188385,public,address,0,0,0,0,0,0,0,0,0
1789008070.167050,2188137,public,holding,0,0,0,0,0,0,0,0,0
1789008070.167050,3541,pg_catalog,pg_range,0,0,0,0,0,0,0,0,0
1789008070.167050,3602,pg_catalog,pg_ts_config,0,0,0,0,0,0,0,0,0
1789008070.167050,4183,pg_toast,pg_toast_6100,0,0,0,0,0,0,0,0,0
1789008070.167050,2188333,public,last_trade,0,0,0,0,0,0,0,0,0
1789008070.167050,2224,pg_catalog,pg_sequence,0,0,0,0,0,0,0,0,0
1789008070.167050,2611,pg_catalog,pg_inherits,0,0,0,0,0,0,0,0,0
1789008070.167050,1417,pg_catalog,pg_foreign_server,0,0,0,0,0,0,0,0,0
1789008070.167050,1262,pg_catalog,pg_database,0,0,0,0,0,0,0,0,0
1789008070.167050,2188182,public,cash_transaction,0,0,0,0,0,0,0,0,0
1789008070.167050,13492,pg_toast,pg_toast_13489,0,0,0,0,0,0,0,0,0
1789008070.167050,3501,pg_catalog,pg_enum,0,0,0,0,0,0,0,0,0
1789008070.167050,2607,pg_catalog,pg_conversion,0,0,0,0,0,0,0,0,0
1789008070.167050,2188359,public,sector,0,0,0,0,0,0,0,0,0
1789008070.167050,2188217,pg_toast,pg_toast_2188210,0,0,0,0,0,0,0,0,0
1789008070.167050,826,pg_catalog,pg_default_acl,0,0,0,0,0,0,0,0,0
1789008070.167050,2604,pg_catalog,pg_attrdef,0,0,0,0,0,0,0,0,0
1789008070.167050,2336,pg_toast,pg_toast_2620,0,0,0,0,0,0,0,0,0
1789008070.167050,2188149,public,holding_history,0,0,0,0,0,0,0,0,0
1789008070.167050,2603,pg_catalog,pg_amproc,0,0,5,11,0,0,0,0,0
1789008070.167050,2606,pg_catalog,pg_constraint,0,0,3,8,0,0,0,0,0
1789008070.167050,1255,pg_catalog,pg_proc,0,0,19,24,0,0,0,0,0
1789008070.167050,4173,pg_toast,pg_toast_1418,0,0,0,0,0,0,0,0,0
1789008070.167050,2620,pg_catalog,pg_trigger,0,0,0,0,0,0,0,0,0
1789008070.167050,2188241,pg_toast,pg_toast_2188219,0,0,0,0,0,0,0,0,0
1789008070.167050,2612,pg_catalog,pg_language,0,0,0,0,0,0,0,0,0
1789008070.167050,4149,pg_toast,pg_toast_2328,0,0,0,0,0,0,0,0,0
1789008070.167050,6351,pg_toast,pg_toast_2610,0,0,0,0,0,0,0,0,0
1789008070.167050,13489,information_schema,sql_sizing,0,0,,,0,0,0,0,0
1789008070.167050,3598,pg_toast,pg_toast_3596,0,0,0,0,0,0,0,0,0
1789008070.167050,2188111,public,customer,0,0,0,0,0,0,0,0,0
1789008070.167050,2836,pg_toast,pg_toast_1255,0,0,0,0,0,0,0,0,0
1789008070.167050,3456,pg_catalog,pg_collation,0,0,0,0,0,0,0,0,0
1789008070.167050,3079,pg_catalog,pg_extension,0,0,0,0,0,0,0,0,0
1789008070.167050,2188262,public,trade_type,0,0,0,0,0,0,0,0,0
1789008070.167050,6100,pg_catalog,pg_subscription,0,0,0,0,0,0,0,0,0
1789008070.167050,2188249,public,trade_request,0,0,0,0,0,0,0,0,0
1789008070.167050,2188198,public,commission_rate,0,0,0,0,0,0,0,0,0
1789008070.167050,2188130,pg_toast,pg_toast_2188122,0,0,0,0,0,0,0,0,0
1789008070.167050,2832,pg_toast,pg_toast_2606,0,0,0,0,0,0,0,0,0
1789008070.167050,3256,pg_catalog,pg_policy,0,0,0,0,0,0,0,0,0
1789008070.167050,2188172,public,broker,0,0,0,0,0,0,0,0,0
1789008070.167050,2188296,pg_toast,pg_toast_2188287,0,0,0,0,0,0,0,0,0
1789008070.167050,2188307,public,financial,0,0,0,0,0,0,0,0,0
1789008070.167050,2188103,public,account_permission,0,0,0,0,0,0,0,0,0
1789008070.167050,3466,pg_catalog,pg_event_trigger,0,0,0,0,0,0,0,0,0
1789008070.167050,3592,pg_catalog,pg_shseclabel,0,0,0,0,0,0,0,0,0
1789008070.167050,3764,pg_catalog,pg_ts_template,0,0,0,0,0,0,0,0,0
1789008070.167050,6237,pg_catalog,pg_publication_namespace,0,0,0,0,0,0,0,0,0
1789008070.167050,13487,pg_toast,pg_toast_13484,0,0,0,0,0,0,0,0,0
1789008070.167050,2995,pg_catalog,pg_largeobject_metadata,0,0,0,0,0,0,0,0,0
1789008070.167050,4143,pg_toast,pg_toast_826,0,0,0,0,0,0,0,0,0
1789008070.167050,4185,pg_toast,pg_toast_1213,0,0,0,0,0,0,0,0,0
1789008070.167050,2188287,public,daily_market,0,0,0,0,0,0,0,0,0
1789008070.167050,2188190,public,charge,0,0,0,0,0,0,0,0,0
1789008070.167050,6243,pg_catalog,pg_parameter_acl,0,0,0,0,0,0,0,0,0
1789008070.167050,2616,pg_catalog,pg_opclass,0,0,8,134,0,0,0,0,0
1789008070.167050,2188298,public,exchange,0,0,0,0,0,0,0,0,0
1789008070.167050,2188147,pg_toast,pg_toast_2188137,0,0,0,0,0,0,0,0,0
1789008070.167050,2838,pg_toast,pg_toast_2618,0,0,1,3,0,0,0,0,0
1789008070.167050,2188327,public,industry,0,0,0,0,0,0,0,0,0
1789008070.167050,6228,pg_toast,pg_toast_6106,0,0,0,0,0,0,0,0,0
1789008070.167050,2188325,pg_toast,pg_toast_2188307,0,0,0,0,0,0,0,0,0
1789008070.167050,2188364,public,security,0,0,0,0,0,0,0,0,0
1789008070.167050,3118,pg_catalog,pg_foreign_table,0,0,0,0,0,0,0,0,0
1789008070.167050,1259,pg_catalog,pg_class,1,523,12,12,0,0,0,0,0
1789008070.167050,3350,pg_catalog,pg_partitioned_table,0,0,0,0,0,0,0,0,0
1789008070.167050,4153,pg_toast,pg_toast_3118,0,0,0,0,0,0,0,0,0
1789008070.167050,4060,pg_toast,pg_toast_3592,0,0,0,0,0,0,0,0,0
1789008070.167050,4165,pg_toast,pg_toast_3350,0,0,0,0,0,0,0,0,0
1789008070.167050,2753,pg_catalog,pg_opfamily,0,0,2,2,0,0,0,0,0
1789008070.167050,3601,pg_catalog,pg_ts_parser,0,0,0,0,0,0,0,0,0
1789008070.167050,2188219,public,trade,0,0,0,0,0,0,0,0,0
1789008070.167050,2188260,pg_toast,pg_toast_2188249,0,0,0,0,0,0,0,0,0
1789008070.167050,6104,pg_catalog,pg_publication,0,0,0,0,0,0,0,0,0
1789008070.167050,13477,pg_toast,pg_toast_13474,0,0,0,0,0,0,0,0,0
1789008070.167050,3429,pg_catalog,pg_statistic_ext_data,0,0,0,0,0,0,0,0,0
1789008070.167050,2619,pg_catalog,pg_statistic,0,0,17,8,0,0,0,0,0
1789008070.167050,4155,pg_toast,pg_toast_3394,0,0,0,0,0,0,0,0,0
1789008070.167050,2188196,pg_toast,pg_toast_2188190,0,0,0,0,0,0,0,0,0
1789008070.167050,3381,pg_catalog,pg_statistic_ext,0,0,3,0,0,0,0,0,0
1789008070.167050,6106,pg_catalog,pg_publication_rel,0,0,0,0,0,0,0,0,0
1789008070.167050,2605,pg_catalog,pg_cast,0,0,34,7,0,0,0,0,0
1789008070.167050,4171,pg_toast,pg_toast_1247,0,0,0,0,0,0,0,0,0
1789008070.167050,2830,pg_toast,pg_toast_2604,0,0,0,0,0,0,0,0,0
1789008070.167050,13479,information_schema,sql_implementation_info,0,0,,,0,0,0,0,0
1789008070.167050,6244,pg_toast,pg_toast_6243,0,0,0,0,0,0,0,0,0
1789008070.167050,3430,pg_toast,pg_toast_3429,0,0,0,0,0,0,0,0,0
1789008130.237359,2188132,public,customer_taxrate,0,0,0,0,0,0,0,0,0
1789008130.237359,3576,pg_catalog,pg_transform,0,0,0,0,0,0,0,0,0
1789008130.237359,2601,pg_catalog,pg_am,0,0,0,0,0,0,0,0,0
1789008130.237359,2188188,pg_toast,pg_toast_2188182,0,0,0,0,0,0,0,0,0
1789008130.237359,3394,pg_catalog,pg_init_privs,0,0,0,0,0,0,0,0,0
1789008130.237359,4167,pg_toast,pg_toast_3256,0,0,0,0,0,0,0,0,0
1789008130.237359,4151,pg_toast,pg_toast_1417,0,0,0,0,0,0,0,0,0
1789008130.237359,2834,pg_toast,pg_toast_2609,0,0,0,0,0,0,0,0,0
1789008130.237359,6000,pg_catalog,pg_replication_origin,0,0,0,0,0,0,0,0,0
1789008130.237359,2188343,public,news_item,0,0,0,0,0,0,0,0,0
1789008130.237359,2840,pg_toast,pg_toast_2619,0,0,0,0,0,0,0,0,0
1789008130.237359,2188122,public,customer_account,0,0,0,0,0,0,0,0,0
1789008130.237359,2328,pg_catalog,pg_foreign_data_wrapper,0,0,0,0,0,0,0,0,0
1789008130.237359,4157,pg_toast,pg_toast_2612,0,0,0,0,0,0,0,0,0
1789008130.237359,1260,pg_catalog,pg_authid,0,0,0,0,0,0,0,0,0
1789008130.237359,6102,pg_catalog,pg_subscription_rel,0,0,0,0,0,0,0,0,0
1789008130.237359,1214,pg_catalog,pg_shdepend,0,0,0,0,0,0,0,0,0
1789008130.237359,4163,pg_toast,pg_toast_2615,0,0,0,0,0,0,0,0,0
1789008130.237359,4169,pg_toast,pg_toast_3600,0,0,0,0,0,0,0,0,0
1789008130.237359,2615,pg_catalog,pg_namespace,1,4,5,2,0,0,0,0,0
1789008130.237359,2188162,public,watch_item,0,0,0,0,0,0,0,0,0
1789008130.237359,2188167,public,watch_list,0,0,0,0,0,0,0,0,0
1789008130.237359,2188243,public,trade_history,0,0,0,0,0,0,0,0,0
1789008130.237359,2188210,public,settlement,0,0,0,0,0,0,0,0,0
1789008130.237359,2188269,public,company,0,0,0,0,0,0,0,0,0
1789008130.237359,2396,pg_catalog,pg_shdescription,0,0,0,0,0,0,0,0,0
1789008130.237359,3600,pg_catalog,pg_ts_dict,0,0,0,0,0,0,0,0,0
1789008130.237359,3596,pg_catalog,pg_seclabel,0,0,0,0,0,0,0,0,0
1789008130.237359,2609,pg_catalog,pg_description,0,0,0,0,0,0,0,0,0
1789008130.237359,13482,pg_toast,pg_toast_13479,0,0,0,0,0,0,0,0,0
1789008130.237359,2188156,public,holding_summary,0,0,0,0,0,0,0,0,0
1789008130.237359,2188390,public,status_type,0,0,0,0,0,0,0,0,0
1789008130.237359,2188395,public,taxrate,0,0,0,0,0,0,0,0,0
1789008130.237359,3603,pg_catalog,pg_ts_config_map,0,0,0,0,0,0,0,0,0
1789008130.237359,1213,pg_catalog,pg_tablespace,0,0,1,1,0,0,0,0,0
1789008130.237359,2188383,pg_toast,pg_toast_2188364,0,0,0,0,0,0,0,0,0
1789008130.237359,2608,pg_catalog,pg_depend,0,0,0,0,0,0,0,0,0
1789008130.237359,2964,pg_catalog,pg_db_role_setting,0,0,0,0,0,0,0,0,0
1789008130.237359,1418,pg_catalog,pg_user_mapping,0,0,0,0,0,0,0,0,0
1789008130.237359,2613,pg_catalog,pg_largeobject,0,0,0,0,0,0,0,0,0
1789008130.237359,6175,pg_toast,pg_toast_3456,0,0,0,0,0,0,0,0,0
1789008130.237359,1261,pg_catalog,pg_auth_members,0,0,0,0,0,0,0,0,0
1789008130.237359,2617,pg_catalog,pg_operator,0,0,5,5,0,0,0,0,0
1789008130.237359,2188352,pg_toast,pg_toast_2188343,0,0,0,0,0,0,0,0,0
1789008130.237359,2188341,pg_toast,pg_toast_2188333,0,0,0,0,0,0,0,0,0
1789008130.237359,2610,pg_catalog,pg_index,1,221,11,14,0,0,0,0,0
1789008130.237359,1249,pg_catalog,pg_attribute,0,0,75,92,0,0,0,0,0
1789008130.237359,2188281,public,company_competitor,0,0,0,0,0,0,0,0,0
1789008130.237359,2600,pg_catalog,pg_aggregate,0,0,1,1,0,0,0,0,0
1789008130.237359,2188180,pg_toast,pg_toast_2188172,0,0,0,0,0,0,0,0,0
1789008130.237359,2188354,public,news_xref,0,0,0,0,0,0,0,0,0
1789008130.237359,2966,pg_toast,pg_toast_2964,0,0,0,0,0,0,0,0,0
1789008130.237359,2188402,public,zip_code,0,0,0,0,0,0,0,0,0
1789008130.237359,2618,pg_catalog,pg_rewrite,0,0,1,1,0,0,0,0,0
1789008130.237359,4177,pg_toast,pg_toast_1262,0,0,0,0,0,0,0,0,0
1789008130.237359,13484,information_schema,sql_parts,0,0,,,0,0,0,0,0
1789008130.237359,4159,pg_toast,pg_toast_2600,0,0,0,0,0,0,0,0,0
1789008130.237359,4147,pg_toast,pg_toast_3079,0,0,0,0,0,0,0,0,0
1789008130.237359,13474,information_schema,sql_features,0,0,,,0,0,0,0,0
1789008130.237359,1247,pg_catalog,pg_type,0,0,19,19,0,0,0,0,0
1789008130.237359,2602,pg_catalog,pg_amop,0,0,12,25,0,0,0,0,0
1789008130.237359,3439,pg_toast,pg_toast_3381,0,0,0,0,0,0,0,0,0
1789008130.237359,2846,pg_toast,pg_toast_2396,0,0,0,0,0,0,0,0,0
1789008130.237359,4145,pg_toast,pg_toast_3466,0,0,0,0,0,0,0,0,0
1789008130.237359,2188385,public,address,0,0,0,0,0,0,0,0,0
1789008130.237359,2188137,public,holding,0,0,0,0,0,0,0,0,0
1789008130.237359,3541,pg_catalog,pg_range,0,0,0,0,0,0,0,0,0
1789008130.237359,3602,pg_catalog,pg_ts_config,0,0,0,0,0,0,0,0,0
1789008130.237359,4183,pg_toast,pg_toast_6100,0,0,0,0,0,0,0,0,0
1789008130.237359,2188333,public,last_trade,0,0,0,0,0,0,0,0,0
1789008130.237359,2224,pg_catalog,pg_sequence,0,0,0,0,0,0,0,0,0
1789008130.237359,2611,pg_catalog,pg_inherits,0,0,0,0,0,0,0,0,0
1789008130.237359,1417,pg_catalog,pg_foreign_server,0,0,0,0,0,0,0,0,0
1789008130.237359,1262,pg_catalog,pg_database,0,0,0,0,0,0,0,0,0
1789008130.237359,2188182,public,cash_transaction,0,0,0,0,0,0,0,0,0
1789008130.237359,13492,pg_toast,pg_toast_13489,0,0,0,0,0,0,0,0,0
1789008130.237359,3501,pg_catalog,pg_enum,0,0,0,0,0,0,0,0,0
1789008130.237359,2607,pg_catalog,pg_conversion,0,0,0,0,0,0,0,0,0
1789008130.237359,2188359,public,sector,0,0,0,0,0,0,0,0,0
1789008130.237359,2188217,pg_toast,pg_toast_2188210,0,0,0,0,0,0,0,0,0
1789008130.237359,826,pg_catalog,pg_default_acl,0,0,0,0,0,0,0,0,0
1789008130.237359,2604,pg_catalog,pg_attrdef,0,0,0,0,0,0,0,0,0
1789008130.237359,2336,pg_toast,pg_toast_2620,0,0,0,0,0,0,0,0,0
1789008130.237359,2188149,public,holding_history,0,0,0,0,0,0,0,0,0
1789008130.237359,2603,pg_catalog,pg_amproc,0,0,5,11,0,0,0,0,0
1789008130.237359,2606,pg_catalog,pg_constraint,0,0,3,8,0,0,0,0,0
1789008130.237359,1255,pg_catalog,pg_proc,0,0,19,24,0,0,0,0,0
1789008130.237359,4173,pg_toast,pg_toast_1418,0,0,0,0,0,0,0,0,0
1789008130.237359,2620,pg_catalog,pg_trigger,0,0,0,0,0,0,0,0,0
1789008130.237359,2188241,pg_toast,pg_toast_2188219,0,0,0,0,0,0,0,0,0
1789008130.237359,2612,pg_catalog,pg_language,0,0,0,0,0,0,0,0,0
1789008130.237359,4149,pg_toast,pg_toast_2328,0,0,0,0,0,0,0,0,0
1789008130.237359,6351,pg_toast,pg_toast_2610,0,0,0,0,0,0,0,0,0
1789008130.237359,13489,information_schema,sql_sizing,0,0,,,0,0,0,0,0
1789008130.237359,3598,pg_toast,pg_toast_3596,0,0,0,0,0,0,0,0,0
1789008130.237359,2188111,public,customer,0,0,0,0,0,0,0,0,0
1789008130.237359,2836,pg_toast,pg_toast_1255,0,0,0,0,0,0,0,0,0
1789008130.237359,3456,pg_catalog,pg_collation,0,0,0,0,0,0,0,0,0
1789008130.237359,3079,pg_catalog,pg_extension,0,0,0,0,0,0,0,0,0
1789008130.237359,2188262,public,trade_type,0,0,0,0,0,0,0,0,0
1789008130.237359,6100,pg_catalog,pg_subscription,0,0,0,0,0,0,0,0,0
1789008130.237359,2188249,public,trade_request,0,0,0,0,0,0,0,0,0
1789008130.237359,2188198,public,commission_rate,0,0,0,0,0,0,0,0,0
1789008130.237359,2188130,pg_toast,pg_toast_2188122,0,0,0,0,0,0,0,0,0
1789008130.237359,2832,pg_toast,pg_toast_2606,0,0,0,0,0,0,0,0,0
1789008130.237359,3256,pg_catalog,pg_policy,0,0,0,0,0,0,0,0,0
1789008130.237359,2188172,public,broker,0,0,0,0,0,0,0,0,0
1789008130.237359,2188296,pg_toast,pg_toast_2188287,0,0,0,0,0,0,0,0,0
1789008130.237359,2188307,public,financial,0,0,0,0,0,0,0,0,0
1789008130.237359,2188103,public,account_permission,0,0,0,0,0,0,0,0,0
1789008130.237359,3466,pg_catalog,pg_event_trigger,0,0,0,0,0,0,0,0,0
1789008130.237359,3592,pg_catalog,pg_shseclabel,0,0,0,0,0,0,0,0,0
1789008130.237359,3764,pg_catalog,pg_ts_template,0,0,0,0,0,0,0,0,0
1789008130.237359,6237,pg_catalog,pg_publication_namespace,0,0,0,0,0,0,0,0,0
1789008130.237359,13487,pg_toast,pg_toast_13484,0,0,0,0,0,0,0,0,0
1789008130.237359,2995,pg_catalog,pg_largeobject_metadata,0,0,0,0,0,0,0,0,0
1789008130.237359,4143,pg_toast,pg_toast_826,0,0,0,0,0,0,0,0,0
1789008130.237359,4185,pg_toast,pg_toast_1213,0,0,0,0,0,0,0,0,0
1789008130.237359,2188287,public,daily_market,0,0,0,0,0,0,0,0,0
1789008130.237359,2188190,public,charge,0,0,0,0,0,0,0,0,0
1789008130.237359,6243,pg_catalog,pg_parameter_acl,0,0,0,0,0,0,0,0,0
1789008130.237359,2616,pg_catalog,pg_opclass,0,0,8,134,0,0,0,0,0
1789008130.237359,2188298,public,exchange,0,0,0,0,0,0,0,0,0
1789008130.237359,2188147,pg_toast,pg_toast_2188137,0,0,0,0,0,0,0,0,0
1789008130.237359,2838,pg_toast,pg_toast_2618,0,0,1,3,0,0,0,0,0
1789008130.237359,2188327,public,industry,0,0,0,0,0,0,0,0,0
1789008130.237359,6228,pg_toast,pg_toast_6106,0,0,0,0,0,0,0,0,0
1789008130.237359,2188325,pg_toast,pg_toast_2188307,0,0,0,0,0,0,0,0,0
1789008130.237359,2188364,public,security,0,0,0,0,0,0,0,0,0
1789008130.237359,3118,pg_catalog,pg_foreign_table,0,0,0,0,0,0,0,0,0
1789008130.237359,1259,pg_catalog,pg_class,1,523,12,12,0,0,0,0,0
1789008130.237359,3350,pg_catalog,pg_partitioned_table,0,0,0,0,0,0,0,0,0
1789008130.237359,4153,pg_toast,pg_toast_3118,0,0,0,0,0,0,0,0,0
1789008130.237359,4060,pg_toast,pg_toast_3592,0,0,0,0,0,0,0,0,0
1789008130.237359,4165,pg_toast,pg_toast_3350,0,0,0,0,0,0,0,0,0
1789008130.237359,2753,pg_catalog,pg_opfamily,0,0,2,2,0,0,0,0,0
1789008130.237359,3601,pg_catalog,pg_ts_parser,0,0,0,0,0,0,0,0,0
1789008130.237359,2188219,public,trade,0,0,0,0,0,0,0,0,0
1789008130.237359,2188260,pg_toast,pg_toast_2188249,0,0,0,0,0,0,0,0,0
1789008130.237359,6104,pg_catalog,pg_publication,0,0,0,0,0,0,0,0,0
1789008130.237359,13477,pg_toast,pg_toast_13474,0,0,0,0,0,0,0,0,0
1789008130.237359,3429,pg_catalog,pg_statistic_ext_data,0,0,0,0,0,0,0,0,0
1789008130.237359,2619,pg_catalog,pg_statistic,0,0,17,8,0,0,0,0,0
1789008130.237359,4155,pg_toast,pg_toast_3394,0,0,0,0,0,0,0,0,0
1789008130.237359,2188196,pg_toast,pg_toast_2188190,0,0,0,0,0,0,0,0,0
1789008130.237359,3381,pg_catalog,pg_statistic_ext,0,0,3,0,0,0,0,0,0
1789008130.237359,6106,pg_catalog,pg_publication_rel,0,0,0,0,0,0,0,0,0
1789008130.237359,2605,pg_catalog,pg_cast,0,0,34,7,0,0,0,0,0
1789008130.237359,4171,pg_toast,pg_toast_1247,0,0,0,0,0,0,0,0,0
1789008130.237359,2830,pg_toast,pg_toast_2604,0,0,0,0,0,0,0,0,0
1789008130.237359,13479,information_schema,sql_implementation_info,0,0,,,0,0,0,0,0
1789008130.237359,6244,pg_toast,pg_toast_6243,0,0,0,0,0,0,0,0,0
1789008130.237359,3430,pg_toast,pg_toast_3429,0,0,0,0,0,0,0,0,0
1789008190.349052,2188132,public,customer_taxrate,0,0,0,0,0,0,0,0,0
1789008190.349052,3576,pg_catalog,pg_transform,0,0,0,0,0,0,0,0,0
1789008190.349052,2601,pg_catalog,pg_am,0,0,0,0,0,0,0,0,0
1789008190.349052,2188188,pg_toast,pg_toast_2188182,0,0,0,0,0,0,0,0,0
1789008190.349052,3394,pg_catalog,pg_init_privs,0,0,0,0,0,0,0,0,0
1789008190.349052,4167,pg_toast,pg_toast_3256,0,0,0,0,0,0,0,0,0
1789008190.349052,4151,pg_toast,pg_toast_1417,0,0,0,0,0,0,0,0,0
1789008190.349052,2834,pg_toast,pg_toast_2609,0,0,0,0,0,0,0,0,0
1789008190.349052,6000,pg_catalog,pg_replication_origin,0,0,0,0,0,0,0,0,0
1789008190.349052,2188343,public,news_item,0,0,0,0,0,0,0,0,0
1789008190.349052,2840,pg_toast,pg_toast_2619,0,0,0,0,0,0,0,0,0
1789008190.349052,2188122,public,customer_account,0,0,0,0,0,0,0,0,0
1789008190.349052,2328,pg_catalog,pg_foreign_data_wrapper,0,0,0,0,0,0,0,0,0
1789008190.349052,4157,pg_toast,pg_toast_2612,0,0,0,0,0,0,0,0,0
1789008190.349052,1260,pg_catalog,pg_authid,0,0,0,0,0,0,0,0,0
1789008190.349052,6102,pg_catalog,pg_subscription_rel,0,0,0,0,0,0,0,0,0
1789008190.349052,1214,pg_catalog,pg_shdepend,0,0,0,0,0,0,0,0,0
1789008190.349052,4163,pg_toast,pg_toast_2615,0,0,0,0,0,0,0,0,0
1789008190.349052,4169,pg_toast,pg_toast_3600,0,0,0,0,0,0,0,0,0
1789008190.349052,2615,pg_catalog,pg_namespace,1,4,5,2,0,0,0,0,0
1789008190.349052,2188162,public,watch_item,0,0,0,0,0,0,0,0,0
1789008190.349052,2188167,public,watch_list,0,0,0,0,0,0,0,0,0
1789008190.349052,2188243,public,trade_history,0,0,0,0,0,0,0,0,0
1789008190.349052,2188210,public,settlement,0,0,0,0,0,0,0,0,0
1789008190.349052,2188269,public,company,0,0,0,0,0,0,0,0,0
1789008190.349052,2396,pg_catalog,pg_shdescription,0,0,0,0,0,0,0,0,0
1789008190.349052,3600,pg_catalog,pg_ts_dict,0,0,0,0,0,0,0,0,0
1789008190.349052,3596,pg_catalog,pg_seclabel,0,0,0,0,0,0,0,0,0
1789008190.349052,2609,pg_catalog,pg_description,0,0,0,0,0,0,0,0,0
1789008190.349052,13482,pg_toast,pg_toast_13479,0,0,0,0,0,0,0,0,0
1789008190.349052,2188156,public,holding_summary,0,0,0,0,0,0,0,0,0
1789008190.349052,2188390,public,status_type,0,0,0,0,0,0,0,0,0
1789008190.349052,2188395,public,taxrate,0,0,0,0,0,0,0,0,0
1789008190.349052,3603,pg_catalog,pg_ts_config_map,0,0,0,0,0,0,0,0,0
1789008190.349052,1213,pg_catalog,pg_tablespace,0,0,1,1,0,0,0,0,0
1789008190.349052,2188383,pg_toast,pg_toast_2188364,0,0,0,0,0,0,0,0,0
1789008190.349052,2608,pg_catalog,pg_depend,0,0,0,0,0,0,0,0,0
1789008190.349052,2964,pg_catalog,pg_db_role_setting,0,0,0,0,0,0,0,0,0
1789008190.349052,1418,pg_catalog,pg_user_mapping,0,0,0,0,0,0,0,0,0
1789008190.349052,2613,pg_catalog,pg_largeobject,0,0,0,0,0,0,0,0,0
1789008190.349052,6175,pg_toast,pg_toast_3456,0,0,0,0,0,0,0,0,0
1789008190.349052,1261,pg_catalog,pg_auth_members,0,0,0,0,0,0,0,0,0
1789008190.349052,2617,pg_catalog,pg_operator,0,0,5,5,0,0,0,0,0
1789008190.349052,2188352,pg_toast,pg_toast_2188343,0,0,0,0,0,0,0,0,0
1789008190.349052,2188341,pg_toast,pg_toast_2188333,0,0,0,0,0,0,0,0,0
1789008190.349052,2610,pg_catalog,pg_index,1,221,11,14,0,0,0,0,0
1789008190.349052,1249,pg_catalog,pg_attribute,0,0,75,92,0,0,0,0,0
1789008190.349052,2188281,public,company_competitor,0,0,0,0,0,0,0,0,0
1789008190.349052,2600,pg_catalog,pg_aggregate,0,0,1,1,0,0,0,0,0
1789008190.349052,2188180,pg_toast,pg_toast_2188172,0,0,0,0,0,0,0,0,0
1789008190.349052,2188354,public,news_xref,0,0,0,0,0,0,0,0,0
1789008190.349052,2966,pg_toast,pg_toast_2964,0,0,0,0,0,0,0,0,0
1789008190.349052,2188402,public,zip_code,0,0,0,0,0,0,0,0,0
1789008190.349052,2618,pg_catalog,pg_rewrite,0,0,1,1,0,0,0,0,0
1789008190.349052,4177,pg_toast,pg_toast_1262,0,0,0,0,0,0,0,0,0
1789008190.349052,13484,information_schema,sql_parts,0,0,,,0,0,0,0,0
1789008190.349052,4159,pg_toast,pg_toast_2600,0,0,0,0,0,0,0,0,0
1789008190.349052,4147,pg_toast,pg_toast_3079,0,0,0,0,0,0,0,0,0
1789008190.349052,13474,information_schema,sql_features,0,0,,,0,0,0,0,0
1789008190.349052,1247,pg_catalog,pg_type,0,0,19,19,0,0,0,0,0
1789008190.349052,2602,pg_catalog,pg_amop,0,0,12,25,0,0,0,0,0
1789008190.349052,3439,pg_toast,pg_toast_3381,0,0,0,0,0,0,0,0,0
1789008190.349052,2846,pg_toast,pg_toast_2396,0,0,0,0,0,0,0,0,0
1789008190.349052,4145,pg_toast,pg_toast_3466,0,0,0,0,0,0,0,0,0
1789008190.349052,2188385,public,address,0,0,0,0,0,0,0,0,0
1789008190.349052,2188137,public,holding,0,0,0,0,0,0,0,0,0
1789008190.349052,3541,pg_catalog,pg_range,0,0,0,0,0,0,0,0,0
1789008190.349052,3602,pg_catalog,pg_ts_config,0,0,0,0,0,0,0,0,0
1789008190.349052,4183,pg_toast,pg_toast_6100,0,0,0,0,0,0,0,0,0
1789008190.349052,2188333,public,last_trade,0,0,0,0,0,0,0,0,0
1789008190.349052,2224,pg_catalog,pg_sequence,0,0,0,0,0,0,0,0,0
1789008190.349052,2611,pg_catalog,pg_inherits,0,0,0,0,0,0,0,0,0
1789008190.349052,1417,pg_catalog,pg_foreign_server,0,0,0,0,0,0,0,0,0
1789008190.349052,1262,pg_catalog,pg_database,0,0,0,0,0,0,0,0,0
1789008190.349052,2188182,public,cash_transaction,0,0,0,0,0,0,0,0,0
1789008190.349052,13492,pg_toast,pg_toast_13489,0,0,0,0,0,0,0,0,0
1789008190.349052,3501,pg_catalog,pg_enum,0,0,0,0,0,0,0,0,0
1789008190.349052,2607,pg_catalog,pg_conversion,0,0,0,0,0,0,0,0,0
1789008190.349052,2188359,public,sector,0,0,0,0,0,0,0,0,0
1789008190.349052,2188217,pg_toast,pg_toast_2188210,0,0,0,0,0,0,0,0,0
1789008190.349052,826,pg_catalog,pg_default_acl,0,0,0,0,0,0,0,0,0
1789008190.349052,2604,pg_catalog,pg_attrdef,0,0,0,0,0,0,0,0,0
1789008190.349052,2336,pg_toast,pg_toast_2620,0,0,0,0,0,0,0,0,0
1789008190.349052,2188149,public,holding_history,0,0,0,0,0,0,0,0,0
1789008190.349052,2603,pg_catalog,pg_amproc,0,0,5,11,0,0,0,0,0
1789008190.349052,2606,pg_catalog,pg_constraint,0,0,3,8,0,0,0,0,0
1789008190.349052,1255,pg_catalog,pg_proc,0,0,19,24,0,0,0,0,0
1789008190.349052,4173,pg_toast,pg_toast_1418,0,0,0,0,0,0,0,0,0
1789008190.349052,2620,pg_catalog,pg_trigger,0,0,0,0,0,0,0,0,0
1789008190.349052,2188241,pg_toast,pg_toast_2188219,0,0,0,0,0,0,0,0,0
1789008190.349052,2612,pg_catalog,pg_language,0,0,0,0,0,0,0,0,0
1789008190.349052,4149,pg_toast,pg_toast_2328,0,0,0,0,0,0,0,0,0
1789008190.349052,6351,pg_toast,pg_toast_2610,0,0,0,0,0,0,0,0,0
1789008190.349052,13489,information_schema,sql_sizing,0,0,,,0,0,0,0,0
1789008190.349052,3598,pg_toast,pg_toast_3596,0,0,0,0,0,0,0,0,0
1789008190.349052,2188111,public,customer,0,0,0,0,0,0,0,0,0
1789008190.349052,2836,pg_toast,pg_toast_1255,0,0,0,0,0,0,0,0,0
1789008190.349052,3456,pg_catalog,pg_collation,0,0,0,0,0,0,0,0,0
1789008190.349052,3079,pg_catalog,pg_extension,0,0,0,0,0,0,0,0,0
1789008190.349052,2188262,public,trade_type,0,0,0,0,0,0,0,0,0
1789008190.349052,6100,pg_catalog,pg_subscription,0,0,0,0,0,0,0,0,0
1789008190.349052,2188249,public,trade_request,0,0,0,0,0,0,0,0,0
1789008190.349052,2188198,public,commission_rate,0,0,0,0,0,0,0,0,0
1789008190.349052,2188130,pg_toast,pg_toast_2188122,0,0,0,0,0,0,0,0,0
1789008190.349052,2832,pg_toast,pg_toast_2606,0,0,0,0,0,0,0,0,0
1789008190.349052,3256,pg_catalog,pg_policy,0,0,0,0,0,0,0,0,0
1789008190.349052,2188172,public,broker,0,0,0,0,0,0,0,0,0
1789008190.349052,2188296,pg_toast,pg_toast_2188287,0,0,0,0,0,0,0,0,0
1789008190.349052,2188307,public,financial,0,0,0,0,0,0,0,0,0
1789008190.349052,2188103,public,account_permission,0,0,0,0,0,0,0,0,0
1789008190.349052,3466,pg_catalog,pg_event_trigger,0,0,0,0,0,0,0,0,0
1789008190.349052,3592,pg_catalog,pg_shseclabel,0,0,0,0,0,0,0,0,0
1789008190.349052,3764,pg_catalog,pg_ts_template,0,0,0,0,0,0,0,0,0
1789008190.349052,6237,pg_catalog,pg_publication_namespace,0,0,0,0,0,0,0,0,0
1789008190.349052,13487,pg_toast,pg_toast_13484,0,0,0,0,0,0,0,0,0
1789008190.349052,2995,pg_catalog,pg_largeobject_metadata,0,0,0,0,0,0,0,0,0
1789008190.349052,4143,pg_toast,pg_toast_826,0,0,0,0,0,0,0,0,0
1789008190.349052,4185,pg_toast,pg_toast_1213,0,0,0,0,0,0,0,0,0
1789008190.349052,2188287,public,daily_market,0,0,0,0,0,0,0,0,0
1789008190.349052,2188190,public,charge,0,0,0,0,0,0,0,0,0
1789008190.349052,6243,pg_catalog,pg_parameter_acl,0,0,0,0,0,0,0,0,0
1789008190.349052,2616,pg_catalog,pg_opclass,0,0,8,134,0,0,0,0,0
1789008190.349052,2188298,public,exchange,0,0,0,0,0,0,0,0,0
1789008190.349052,2188147,pg_toast,pg_toast_2188137,0,0,0,0,0,0,0,0,0
1789008190.349052,2838,pg_toast,pg_toast_2618,0,0,1,3,0,0,0,0,0
1789008190.349052,2188327,public,industry,0,0,0,0,0,0,0,0,0
1789008190.349052,6228,pg_toast,pg_toast_6106,0,0,0,0,0,0,0,0,0
1789008190.349052,2188325,pg_toast,pg_toast_2188307,0,0,0,0,0,0,0,0,0
1789008190.349052,2188364,public,security,0,0,0,0,0,0,0,0,0
1789008190.349052,3118,pg_catalog,pg_foreign_table,0,0,0,0,0,0,0,0,0
1789008190.349052,1259,pg_catalog,pg_class,1,523,12,12,0,0,0,0,0
1789008190.349052,3350,pg_catalog,pg_partitioned_table,0,0,0,0,0,0,0,0,0
1789008190.349052,4153,pg_toast,pg_toast_3118,0,0,0,0,0,0,0,0,0
1789008190.349052,4060,pg_toast,pg_toast_3592,0,0,0,0,0,0,0,0,0
1789008190.349052,4165,pg_toast,pg_toast_3350,0,0,0,0,0,0,0,0,0
1789008190.349052,2753,pg_catalog,pg_opfamily,0,0,2,2,0,0,0,0,0
1789008190.349052,3601,pg_catalog,pg_ts_parser,0,0,0,0,0,0,0,0,0
1789008190.349052,2188219,public,trade,0,0,0,0,0,0,0,0,0
1789008190.349052,2188260,pg_toast,pg_toast_2188249,0,0,0,0,0,0,0,0,0
1789008190.349052,6104,pg_catalog,pg_publication,0,0,0,0,0,0,0,0,0
1789008190.349052,13477,pg_toast,pg_toast_13474,0,0,0,0,0,0,0,0,0
1789008190.349052,3429,pg_catalog,pg_statistic_ext_data,0,0,0,0,0,0,0,0,0
1789008190.349052,2619,pg_catalog,pg_statistic,0,0,17,8,0,0,0,0,0
1789008190.349052,4155,pg_toast,pg_toast_3394,0,0,0,0,0,0,0,0,0
1789008190.349052,2188196,pg_toast,pg_toast_2188190,0,0,0,0,0,0,0,0,0
1789008190.349052,3381,pg_catalog,pg_statistic_ext,0,0,3,0,0,0,0,0,0
1789008190.349052,6106,pg_catalog,pg_publication_rel,0,0,0,0,0,0,0,0,0
1789008190.349052,2605,pg_catalog,pg_cast,0,0,34,7,0,0,0,0,0
1789008190.349052,4171,pg_toast,pg_toast_1247,0,0,0,0,0,0,0,0,0
1789008190.349052,2830,pg_toast,pg_toast_2604,0,0,0,0,0,0,0,0,0
1789008190.349052,13479,information_schema,sql_implementation_info,0,0,,,0,0,0,0,0
1789008190.349052,6244,pg_toast,pg_toast_6243,0,0,0,0,0,0,0,0,0
1789008190.349052,3430,pg_toast,pg_toast_3429,0,0,0,0,0,0,0,0,0
1789008250.433881,2188132,public,customer_taxrate,0,0,0,0,0,0,0,0,0
1789008250.433881,3576,pg_catalog,pg_transform,0,0,0,0,0,0,0,0,0
1789008250.433881,2601,pg_catalog,pg_am,0,0,0,0,0,0,0,0,0
1789008250.433881,2188188,pg_toast,pg_toast_2188182,0,0,0,0,0,0,0,0,0
1789008250.433881,3394,pg_catalog,pg_init_privs,0,0,0,0,0,0,0,0,0
1789008250.433881,4167,pg_toast,pg_toast_3256,0,0,0,0,0,0,0,0,0
1789008250.433881,4151,pg_toast,pg_toast_1417,0,0,0,0,0,0,0,0,0
1789008250.433881,2834,pg_toast,pg_toast_2609,0,0,0,0,0,0,0,0,0
1789008250.433881,6000,pg_catalog,pg_replication_origin,0,0,0,0,0,0,0,0,0
1789008250.433881,2188343,public,news_item,0,0,0,0,0,0,0,0,0
1789008250.433881,2840,pg_toast,pg_toast_2619,0,0,0,0,0,0,0,0,0
1789008250.433881,2188122,public,customer_account,0,0,0,0,0,0,0,0,0
1789008250.433881,2328,pg_catalog,pg_foreign_data_wrapper,0,0,0,0,0,0,0,0,0
1789008250.433881,4157,pg_toast,pg_toast_2612,0,0,0,0,0,0,0,0,0
1789008250.433881,1260,pg_catalog,pg_authid,0,0,0,0,0,0,0,0,0
1789008250.433881,6102,pg_catalog,pg_subscription_rel,0,0,0,0,0,0,0,0,0
1789008250.433881,1214,pg_catalog,pg_shdepend,0,0,0,0,0,0,0,0,0
1789008250.433881,4163,pg_toast,pg_toast_2615,0,0,0,0,0,0,0,0,0
1789008250.433881,4169,pg_toast,pg_toast_3600,0,0,0,0,0,0,0,0,0
1789008250.433881,2615,pg_catalog,pg_namespace,1,4,5,2,0,0,0,0,0
1789008250.433881,2188162,public,watch_item,0,0,0,0,0,0,0,0,0
1789008250.433881,2188167,public,watch_list,0,0,0,0,0,0,0,0,0
1789008250.433881,2188243,public,trade_history,0,0,0,0,0,0,0,0,0
1789008250.433881,2188210,public,settlement,0,0,0,0,0,0,0,0,0
1789008250.433881,2188269,public,company,0,0,0,0,0,0,0,0,0
1789008250.433881,2396,pg_catalog,pg_shdescription,0,0,0,0,0,0,0,0,0
1789008250.433881,3600,pg_catalog,pg_ts_dict,0,0,0,0,0,0,0,0,0
1789008250.433881,3596,pg_catalog,pg_seclabel,0,0,0,0,0,0,0,0,0
1789008250.433881,2609,pg_catalog,pg_description,0,0,0,0,0,0,0,0,0
1789008250.433881,13482,pg_toast,pg_toast_13479,0,0,0,0,0,0,0,0,0
1789008250.433881,2188156,public,holding_summary,0,0,0,0,0,0,0,0,0
1789008250.433881,2188390,public,status_type,0,0,0,0,0,0,0,0,0
1789008250.433881,2188395,public,taxrate,0,0,0,0,0,0,0,0,0
1789008250.433881,3603,pg_catalog,pg_ts_config_map,0,0,0,0,0,0,0,0,0
1789008250.433881,1213,pg_catalog,pg_tablespace,0,0,1,1,0,0,0,0,0
1789008250.433881,2188383,pg_toast,pg_toast_2188364,0,0,0,0,0,0,0,0,0
1789008250.433881,2608,pg_catalog,pg_depend,0,0,0,0,0,0,0,0,0
1789008250.433881,2964,pg_catalog,pg_db_role_setting,0,0,0,0,0,0,0,0,0
1789008250.433881,1418,pg_catalog,pg_user_mapping,0,0,0,0,0,0,0,0,0
1789008250.433881,2613,pg_catalog,pg_largeobject,0,0,0,0,0,0,0,0,0
1789008250.433881,6175,pg_toast,pg_toast_3456,0,0,0,0,0,0,0,0,0
1789008250.433881,1261,pg_catalog,pg_auth_members,0,0,0,0,0,0,0,0,0
1789008250.433881,2617,pg_catalog,pg_operator,0,0,5,5,0,0,0,0,0
1789008250.433881,2188352,pg_toast,pg_toast_2188343,0,0,0,0,0,0,0,0,0
1789008250.433881,2188341,pg_toast,pg_toast_2188333,0,0,0,0,0,0,0,0,0
1789008250.433881,2610,pg_catalog,pg_index,1,221,11,14,0,0,0,0,0
1789008250.433881,1249,pg_catalog,pg_attribute,0,0,75,92,0,0,0,0,0
1789008250.433881,2188281,public,company_competitor,0,0,0,0,0,0,0,0,0
1789008250.433881,2600,pg_catalog,pg_aggregate,0,0,1,1,0,0,0,0,0
1789008250.433881,2188180,pg_toast,pg_toast_2188172,0,0,0,0,0,0,0,0,0
1789008250.433881,2188354,public,news_xref,0,0,0,0,0,0,0,0,0
1789008250.433881,2966,pg_toast,pg_toast_2964,0,0,0,0,0,0,0,0,0
1789008250.433881,2188402,public,zip_code,0,0,0,0,0,0,0,0,0
1789008250.433881,2618,pg_catalog,pg_rewrite,0,0,1,1,0,0,0,0,0
1789008250.433881,4177,pg_toast,pg_toast_1262,0,0,0,0,0,0,0,0,0
1789008250.433881,13484,information_schema,sql_parts,0,0,,,0,0,0,0,0
1789008250.433881,4159,pg_toast,pg_toast_2600,0,0,0,0,0,0,0,0,0
1789008250.433881,4147,pg_toast,pg_toast_3079,0,0,0,0,0,0,0,0,0
1789008250.433881,13474,information_schema,sql_features,0,0,,,0,0,0,0,0
1789008250.433881,1247,pg_catalog,pg_type,0,0,19,19,0,0,0,0,0
1789008250.433881,2602,pg_catalog,pg_amop,0,0,12,25,0,0,0,0,0
1789008250.433881,3439,pg_toast,pg_toast_3381,0,0,0,0,0,0,0,0,0
1789008250.433881,2846,pg_toast,pg_toast_2396,0,0,0,0,0,0,0,0,0
1789008250.433881,4145,pg_toast,pg_toast_3466,0,0,0,0,0,0,0,0,0
1789008250.433881,2188385,public,address,0,0,0,0,0,0,0,0,0
1789008250.433881,2188137,public,holding,0,0,0,0,0,0,0,0,0
1789008250.433881,3541,pg_catalog,pg_range,0,0,0,0,0,0,0,0,0
1789008250.433881,3602,pg_catalog,pg_ts_config,0,0,0,0,0,0,0,0,0
1789008250.433881,4183,pg_toast,pg_toast_6100,0,0,0,0,0,0,0,0,0
1789008250.433881,2188333,public,last_trade,0,0,0,0,0,0,0,0,0
1789008250.433881,2224,pg_catalog,pg_sequence,0,0,0,0,0,0,0,0,0
1789008250.433881,2611,pg_catalog,pg_inherits,0,0,0,0,0,0,0,0,0
1789008250.433881,1417,pg_catalog,pg_foreign_server,0,0,0,0,0,0,0,0,0
1789008250.433881,1262,pg_catalog,pg_database,0,0,0,0,0,0,0,0,0
1789008250.433881,2188182,public,cash_transaction,0,0,0,0,0,0,0,0,0
1789008250.433881,13492,pg_toast,pg_toast_13489,0,0,0,0,0,0,0,0,0
1789008250.433881,3501,pg_catalog,pg_enum,0,0,0,0,0,0,0,0,0
1789008250.433881,2607,pg_catalog,pg_conversion,0,0,0,0,0,0,0,0,0
1789008250.433881,2188359,public,sector,0,0,0,0,0,0,0,0,0
1789008250.433881,2188217,pg_toast,pg_toast_2188210,0,0,0,0,0,0,0,0,0
1789008250.433881,826,pg_catalog,pg_default_acl,0,0,0,0,0,0,0,0,0
1789008250.433881,2604,pg_catalog,pg_attrdef,0,0,0,0,0,0,0,0,0
1789008250.433881,2336,pg_toast,pg_toast_2620,0,0,0,0,0,0,0,0,0
1789008250.433881,2188149,public,holding_history,0,0,0,0,0,0,0,0,0
1789008250.433881,2603,pg_catalog,pg_amproc,0,0,5,11,0,0,0,0,0
1789008250.433881,2606,pg_catalog,pg_constraint,0,0,3,8,0,0,0,0,0
1789008250.433881,1255,pg_catalog,pg_proc,0,0,19,24,0,0,0,0,0
1789008250.433881,4173,pg_toast,pg_toast_1418,0,0,0,0,0,0,0,0,0
1789008250.433881,2620,pg_catalog,pg_trigger,0,0,0,0,0,0,0,0,0
1789008250.433881,2188241,pg_toast,pg_toast_2188219,0,0,0,0,0,0,0,0,0
1789008250.433881,2612,pg_catalog,pg_language,0,0,0,0,0,0,0,0,0
1789008250.433881,4149,pg_toast,pg_toast_2328,0,0,0,0,0,0,0,0,0
1789008250.433881,6351,pg_toast,pg_toast_2610,0,0,0,0,0,0,0,0,0
1789008250.433881,13489,information_schema,sql_sizing,0,0,,,0,0,0,0,0
1789008250.433881,3598,pg_toast,pg_toast_3596,0,0,0,0,0,0,0,0,0
1789008250.433881,2188111,public,customer,0,0,0,0,0,0,0,0,0
1789008250.433881,2836,pg_toast,pg_toast_1255,0,0,0,0,0,0,0,0,0
1789008250.433881,3456,pg_catalog,pg_collation,0,0,0,0,0,0,0,0,0
1789008250.433881,3079,pg_catalog,pg_extension,0,0,0,0,0,0,0,0,0
1789008250.433881,2188262,public,trade_type,0,0,0,0,0,0,0,0,0
1789008250.433881,6100,pg_catalog,pg_subscription,0,0,0,0,0,0,0,0,0
1789008250.433881,2188249,public,trade_request,0,0,0,0,0,0,0,0,0
1789008250.433881,2188198,public,commission_rate,0,0,0,0,0,0,0,0,0
1789008250.433881,2188130,pg_toast,pg_toast_2188122,0,0,0,0,0,0,0,0,0
1789008250.433881,2832,pg_toast,pg_toast_2606,0,0,0,0,0,0,0,0,0
1789008250.433881,3256,pg_catalog,pg_policy,0,0,0,0,0,0,0,0,0
1789008250.433881,2188172,public,broker,0,0,0,0,0,0,0,0,0
1789008250.433881,2188296,pg_toast,pg_toast_2188287,0,0,0,0,0,0,0,0,0
1789008250.433881,2188307,public,financial,0,0,0,0,0,0,0,0,0
1789008250.433881,2188103,public,account_permission,0,0,0,0,0,0,0,0,0
1789008250.433881,3466,pg_catalog,pg_event_trigger,0,0,0,0,0,0,0,0,0
1789008250.433881,3592,pg_catalog,pg_shseclabel,0,0,0,0,0,0,0,0,0
1789008250.433881,3764,pg_catalog,pg_ts_template,0,0,0,0,0,0,0,0,0
1789008250.433881,6237,pg_catalog,pg_publication_namespace,0,0,0,0,0,0,0,0,0
1789008250.433881,13487,pg_toast,pg_toast_13484,0,0,0,0,0,0,0,0,0
1789008250.433881,2995,pg_catalog,pg_largeobject_metadata,0,0,0,0,0,0,0,0,0
1789008250.433881,4143,pg_toast,pg_toast_826,0,0,0,0,0,0,0,0,0
1789008250.433881,4185,pg_toast,pg_toast_1213,0,0,0,0,0,0,0,0,0
1789008250.433881,2188287,public,daily_market,0,0,0,0,0,0,0,0,0
1789008250.433881,2188190,public,charge,0,0,0,0,0,0,0,0,0
1789008250.433881,6243,pg_catalog,pg_parameter_acl,0,0,0,0,0,0,0,0,0
1789008250.433881,2616,pg_catalog,pg_opclass,0,0,8,134,0,0,0,0,0
1789008250.433881,2188298,public,exchange,0,0,0,0,0,0,0,0,0
1789008250.433881,2188147,pg_toast,pg_toast_2188137,0,0,0,0,0,0,0,0,0
1789008250.433881,2838,pg_toast,pg_toast_2618,0,0,1,3,0,0,0,0,0
1789008250.433881,2188327,public,industry,0,0,0,0,0,0,0,0,0
1789008250.433881,6228,pg_toast,pg_toast_6106,0,0,0,0,0,0,0,0,0
1789008250.433881,2188325,pg_toast,pg_toast_2188307,0,0,0,0,0,0,0,0,0
1789008250.433881,2188364,public,security,0,0,0,0,0,0,0,0,0
1789008250.433881,3118,pg_catalog,pg_foreign_table,0,0,0,0,0,0,0,0,0
1789008250.433881,1259,pg_catalog,pg_class,1,523,12,12,0,0,0,0,0
1789008250.433881,3350,pg_catalog,pg_partitioned_table,0,0,0,0,0,0,0,0,0
1789008250.433881,4153,pg_toast,pg_toast_3118,0,0,0,0,0,0,0,0,0
1789008250.433881,4060,pg_toast,pg_toast_3592,0,0,0,0,0,0,0,0,0
1789008250.433881,4165,pg_toast,pg_toast_3350,0,0,0,0,0,0,0,0,0
1789008250.433881,2753,pg_catalog,pg_opfamily,0,0,2,2,0,0,0,0,0
1789008250.433881,3601,pg_catalog,pg_ts_parser,0,0,0,0,0,0,0,0,0
1789008250.433881,2188219,public,trade,0,0,0,0,0,0,0,0,0
1789008250.433881,2188260,pg_toast,pg_toast_2188249,0,0,0,0,0,0,0,0,0
1789008250.433881,6104,pg_catalog,pg_publication,0,0,0,0,0,0,0,0,0
1789008250.433881,13477,pg_toast,pg_toast_13474,0,0,0,0,0,0,0,0,0
1789008250.433881,3429,pg_catalog,pg_statistic_ext_data,0,0,0,0,0,0,0,0,0
1789008250.433881,2619,pg_catalog,pg_statistic,0,0,17,8,0,0,0,0,0
1789008250.433881,4155,pg_toast,pg_toast_3394,0,0,0,0,0,0,0,0,0
1789008250.433881,2188196,pg_toast,pg_toast_2188190,0,0,0,0,0,0,0,0,0
1789008250.433881,3381,pg_catalog,pg_statistic_ext,0,0,3,0,0,0,0,0,0
1789008250.433881,6106,pg_catalog,pg_publication_rel,0,0,0,0,0,0,0,0,0
1789008250.433881,2605,pg_catalog,pg_cast,0,0,34,7,0,0,0,0,0
1789008250.433881,4171,pg_toast,pg_toast_1247,0,0,0,0,0,0,0,0,0
1789008250.433881,2830,pg_toast,pg_toast_2604,0,0,0,0,0,0,0,0,0
1789008250.433881,13479,information_schema,sql_implementation_info,0,0,,,0,0,0,0,0
1789008250.433881,6244,pg_toast,pg_toast_6243,0,0,0,0,0,0,0,0,0
1789008250.433881,3430,pg_toast,pg_toast_3429,0,0,0,0,0,0,0,0,0
1789008310.498445,2188132,public,customer_taxrate,0,0,0,0,0,0,0,0,0
1789008310.498445,3576,pg_catalog,pg_transform,0,0,0,0,0,0,0,0,0
1789008310.498445,2601,pg_catalog,pg_am,0,0,0,0,0,0,0,0,0
1789008310.498445,2188188,pg_toast,pg_toast_2188182,0,0,0,0,0,0,0,0,0
1789008310.498445,3394,pg_catalog,pg_init_privs,0,0,0,0,0,0,0,0,0
1789008310.498445,4167,pg_toast,pg_toast_3256,0,0,0,0,0,0,0,0,0
1789008310.498445,4151,pg_toast,pg_toast_1417,0,0,0,0,0,0,0,0,0
1789008310.498445,2834,pg_toast,pg_toast_2609,0,0,0,0,0,0,0,0,0
1789008310.498445,6000,pg_catalog,pg_replication_origin,0,0,0,0,0,0,0,0,0
1789008310.498445,2188343,public,news_item,0,0,0,0,0,0,0,0,0
1789008310.498445,2840,pg_toast,pg_toast_2619,0,0,0,0,0,0,0,0,0
1789008310.498445,2188122,public,customer_account,0,0,0,0,0,0,0,0,0
1789008310.498445,2328,pg_catalog,pg_foreign_data_wrapper,0,0,0,0,0,0,0,0,0
1789008310.498445,4157,pg_toast,pg_toast_2612,0,0,0,0,0,0,0,0,0
1789008310.498445,1260,pg_catalog,pg_authid,0,0,0,0,0,0,0,0,0
1789008310.498445,6102,pg_catalog,pg_subscription_rel,0,0,0,0,0,0,0,0,0
1789008310.498445,1214,pg_catalog,pg_shdepend,0,0,0,0,0,0,0,0,0
1789008310.498445,4163,pg_toast,pg_toast_2615,0,0,0,0,0,0,0,0,0
1789008310.498445,4169,pg_toast,pg_toast_3600,0,0,0,0,0,0,0,0,0
1789008310.498445,2615,pg_catalog,pg_namespace,1,4,5,2,0,0,0,0,0
1789008310.498445,2188162,public,watch_item,0,0,0,0,0,0,0,0,0
1789008310.498445,2188167,public,watch_list,0,0,0,0,0,0,0,0,0
1789008310.498445,2188243,public,trade_history,0,0,0,0,0,0,0,0,0
1789008310.498445,2188210,public,settlement,0,0,0,0,0,0,0,0,0
1789008310.498445,2188269,public,company,0,0,0,0,0,0,0,0,0
1789008310.498445,2396,pg_catalog,pg_shdescription,0,0,0,0,0,0,0,0,0
1789008310.498445,3600,pg_catalog,pg_ts_dict,0,0,0,0,0,0,0,0,0
1789008310.498445,3596,pg_catalog,pg_seclabel,0,0,0,0,0,0,0,0,0
1789008310.498445,2609,pg_catalog,pg_description,0,0,0,0,0,0,0,0,0
1789008310.498445,13482,pg_toast,pg_toast_13479,0,0,0,0,0,0,0,0,0
1789008310.498445,2188156,public,holding_summary,0,0,0,0,0,0,0,0,0
1789008310.498445,2188390,public,status_type,0,0,0,0,0,0,0,0,0
1789008310.498445,2188395,public,taxrate,0,0,0,0,0,0,0,0,0
1789008310.498445,3603,pg_catalog,pg_ts_config_map,0,0,0,0,0,0,0,0,0
1789008310.498445,1213,pg_catalog,pg_tablespace,0,0,1,1,0,0,0,0,0
1789008310.498445,2188383,pg_toast,pg_toast_2188364,0,0,0,0,0,0,0,0,0
1789008310.498445,2608,pg_catalog,pg_depend,0,0,0,0,0,0,0,0,0
1789008310.498445,2964,pg_catalog,pg_db_role_setting,0,0,0,0,0,0,0,0,0
1789008310.498445,1418,pg_catalog,pg_user_mapping,0,0,0,0,0,0,0,0,0
1789008310.498445,2613,pg_catalog,pg_largeobject,0,0,0,0,0,0,0,0,0
1789008310.498445,6175,pg_toast,pg_toast_3456,0,0,0,0,0,0,0,0,0
1789008310.498445,1261,pg_catalog,pg_auth_members,0,0,0,0,0,0,0,0,0
1789008310.498445,2617,pg_catalog,pg_operator,0,0,5,5,0,0,0,0,0
1789008310.498445,2188352,pg_toast,pg_toast_2188343,0,0,0,0,0,0,0,0,0
1789008310.498445,2188341,pg_toast,pg_toast_2188333,0,0,0,0,0,0,0,0,0
1789008310.498445,2610,pg_catalog,pg_index,1,221,11,14,0,0,0,0,0
1789008310.498445,1249,pg_catalog,pg_attribute,0,0,75,92,0,0,0,0,0
1789008310.498445,2188281,public,company_competitor,0,0,0,0,0,0,0,0,0
1789008310.498445,2600,pg_catalog,pg_aggregate,0,0,1,1,0,0,0,0,0
1789008310.498445,2188180,pg_toast,pg_toast_2188172,0,0,0,0,0,0,0,0,0
1789008310.498445,2188354,public,news_xref,0,0,0,0,0,0,0,0,0
1789008310.498445,2966,pg_toast,pg_toast_2964,0,0,0,0,0,0,0,0,0
1789008310.498445,2188402,public,zip_code,0,0,0,0,0,0,0,0,0
1789008310.498445,2618,pg_catalog,pg_rewrite,0,0,1,1,0,0,0,0,0
1789008310.498445,4177,pg_toast,pg_toast_1262,0,0,0,0,0,0,0,0,0
1789008310.498445,13484,information_schema,sql_parts,0,0,,,0,0,0,0,0
1789008310.498445,4159,pg_toast,pg_toast_2600,0,0,0,0,0,0,0,0,0
1789008310.498445,4147,pg_toast,pg_toast_3079,0,0,0,0,0,0,0,0,0
1789008310.498445,13474,information_schema,sql_features,0,0,,,0,0,0,0,0
1789008310.498445,1247,pg_catalog,pg_type,0,0,19,19,0,0,0,0,0
1789008310.498445,2602,pg_catalog,pg_amop,0,0,12,25,0,0,0,0,0
1789008310.498445,3439,pg_toast,pg_toast_3381,0,0,0,0,0,0,0,0,0
1789008310.498445,2846,pg_toast,pg_toast_2396,0,0,0,0,0,0,0,0,0
1789008310.498445,4145,pg_toast,pg_toast_3466,0,0,0,0,0,0,0,0,0
1789008310.498445,2188385,public,address,0,0,0,0,0,0,0,0,0
1789008310.498445,2188137,public,holding,0,0,0,0,0,0,0,0,0
1789008310.498445,3541,pg_catalog,pg_range,0,0,0,0,0,0,0,0,0
1789008310.498445,3602,pg_catalog,pg_ts_config,0,0,0,0,0,0,0,0,0
1789008310.498445,4183,pg_toast,pg_toast_6100,0,0,0,0,0,0,0,0,0
1789008310.498445,2188333,public,last_trade,0,0,0,0,0,0,0,0,0
1789008310.498445,2224,pg_catalog,pg_sequence,0,0,0,0,0,0,0,0,0
1789008310.498445,2611,pg_catalog,pg_inherits,0,0,0,0,0,0,0,0,0
1789008310.498445,1417,pg_catalog,pg_foreign_server,0,0,0,0,0,0,0,0,0
1789008310.498445,1262,pg_catalog,pg_database,0,0,0,0,0,0,0,0,0
1789008310.498445,2188182,public,cash_transaction,0,0,0,0,0,0,0,0,0
1789008310.498445,13492,pg_toast,pg_toast_13489,0,0,0,0,0,0,0,0,0
1789008310.498445,3501,pg_catalog,pg_enum,0,0,0,0,0,0,0,0,0
1789008310.498445,2607,pg_catalog,pg_conversion,0,0,0,0,0,0,0,0,0
1789008310.498445,2188359,public,sector,0,0,0,0,0,0,0,0,0
1789008310.498445,2188217,pg_toast,pg_toast_2188210,0,0,0,0,0,0,0,0,0
1789008310.498445,826,pg_catalog,pg_default_acl,0,0,0,0,0,0,0,0,0
1789008310.498445,2604,pg_catalog,pg_attrdef,0,0,0,0,0,0,0,0,0
1789008310.498445,2336,pg_toast,pg_toast_2620,0,0,0,0,0,0,0,0,0
1789008310.498445,2188149,public,holding_history,0,0,0,0,0,0,0,0,0
1789008310.498445,2603,pg_catalog,pg_amproc,0,0,5,11,0,0,0,0,0
1789008310.498445,2606,pg_catalog,pg_constraint,0,0,3,8,0,0,0,0,0
1789008310.498445,1255,pg_catalog,pg_proc,0,0,19,24,0,0,0,0,0
1789008310.498445,4173,pg_toast,pg_toast_1418,0,0,0,0,0,0,0,0,0
1789008310.498445,2620,pg_catalog,pg_trigger,0,0,0,0,0,0,0,0,0
1789008310.498445,2188241,pg_toast,pg_toast_2188219,0,0,0,0,0,0,0,0,0
1789008310.498445,2612,pg_catalog,pg_language,0,0,0,0,0,0,0,0,0
1789008310.498445,4149,pg_toast,pg_toast_2328,0,0,0,0,0,0,0,0,0
1789008310.498445,6351,pg_toast,pg_toast_2610,0,0,0,0,0,0,0,0,0
1789008310.498445,13489,information_schema,sql_sizing,0,0,,,0,0,0,0,0
1789008310.498445,3598,pg_toast,pg_toast_3596,0,0,0,0,0,0,0,0,0
1789008310.498445,2188111,public,customer,0,0,0,0,0,0,0,0,0
1789008310.498445,2836,pg_toast,pg_toast_1255,0,0,0,0,0,0,0,0,0
1789008310.498445,3456,pg_catalog,pg_collation,0,0,0,0,0,0,0,0,0
1789008310.498445,3079,pg_catalog,pg_extension,0,0,0,0,0,0,0,0,0
1789008310.498445,2188262,public,trade_type,0,0,0,0,0,0,0,0,0
1789008310.498445,6100,pg_catalog,pg_subscription,0,0,0,0,0,0,0,0,0
1789008310.498445,2188249,public,trade_request,0,0,0,0,0,0,0,0,0
1789008310.498445,2188198,public,commission_rate,0,0,0,0,0,0,0,0,0
1789008310.498445,2188130,pg_toast,pg_toast_2188122,0,0,0,0,0,0,0,0,0
1789008310.498445,2832,pg_toast,pg_toast_2606,0,0,0,0,0,0,0,0,0
1789008310.498445,3256,pg_catalog,pg_policy,0,0,0,0,0,0,0,0,0
1789008310.498445,2188172,public,broker,0,0,0,0,0,0,0,0,0
1789008310.498445,2188296,pg_toast,pg_toast_2188287,0,0,0,0,0,0,0,0,0
1789008310.498445,2188307,public,financial,0,0,0,0,0,0,0,0,0
1789008310.498445,2188103,public,account_permission,0,0,0,0,0,0,0,0,0
1789008310.498445,3466,pg_catalog,pg_event_trigger,0,0,0,0,0,0,0,0,0
1789008310.498445,3592,pg_catalog,pg_shseclabel,0,0,0,0,0,0,0,0,0
1789008310.498445,3764,pg_catalog,pg_ts_template,0,0,0,0,0,0,0,0,0
1789008310.498445,6237,pg_catalog,pg_publication_namespace,0,0,0,0,0,0,0,0,0
1789008310.498445,13487,pg_toast,pg_toast_13484,0,0,0,0,0,0,0,0,0
1789008310.498445,2995,pg_catalog,pg_largeobject_metadata,0,0,0,0,0,0,0,0,0
1789008310.498445,4143,pg_toast,pg_toast_826,0,0,0,0,0,0,0,0,0
1789008310.498445,4185,pg_toast,pg_toast_1213,0,0,0,0,0,0,0,0,0
1789008310.498445,2188287,public,daily_market,0,0,0,0,0,0,0,0,0
1789008310.498445,2188190,public,charge,0,0,0,0,0,0,0,0,0
1789008310.498445,6243,pg_catalog,pg_parameter_acl,0,0,0,0,0,0,0,0,0
1789008310.498445,2616,pg_catalog,pg_opclass,0,0,8,134,0,0,0,0,0
1789008310.498445,2188298,public,exchange,0,0,0,0,0,0,0,0,0
1789008310.498445,2188147,pg_toast,pg_toast_2188137,0,0,0,0,0,0,0,0,0
1789008310.498445,2838,pg_toast,pg_toast_2618,0,0,1,3,0,0,0,0,0
1789008310.498445,2188327,public,industry,0,0,0,0,0,0,0,0,0
1789008310.498445,6228,pg_toast,pg_toast_6106,0,0,0,0,0,0,0,0,0
1789008310.498445,2188325,pg_toast,pg_toast_2188307,0,0,0,0,0,0,0,0,0
1789008310.498445,2188364,public,security,0,0,0,0,0,0,0,0,0
1789008310.498445,3118,pg_catalog,pg_foreign_table,0,0,0,0,0,0,0,0,0
1789008310.498445,1259,pg_catalog,pg_class,1,523,12,12,0,0,0,0,0
1789008310.498445,3350,pg_catalog,pg_partitioned_table,0,0,0,0,0,0,0,0,0
1789008310.498445,4153,pg_toast,pg_toast_3118,0,0,0,0,0,0,0,0,0
1789008310.498445,4060,pg_toast,pg_toast_3592,0,0,0,0,0,0,0,0,0
1789008310.498445,4165,pg_toast,pg_toast_3350,0,0,0,0,0,0,0,0,0
1789008310.498445,2753,pg_catalog,pg_opfamily,0,0,2,2,0,0,0,0,0
1789008310.498445,3601,pg_catalog,pg_ts_parser,0,0,0,0,0,0,0,0,0
1789008310.498445,2188219,public,trade,0,0,0,0,0,0,0,0,0
1789008310.498445,2188260,pg_toast,pg_toast_2188249,0,0,0,0,0,0,0,0,0
1789008310.498445,6104,pg_catalog,pg_publication,0,0,0,0,0,0,0,0,0
1789008310.498445,13477,pg_toast,pg_toast_13474,0,0,0,0,0,0,0,0,0
1789008310.498445,3429,pg_catalog,pg_statistic_ext_data,0,0,0,0,0,0,0,0,0
1789008310.498445,2619,pg_catalog,pg_statistic,0,0,17,8,0,0,0,0,0
1789008310.498445,4155,pg_toast,pg_toast_3394,0,0,0,0,0,0,0,0,0
1789008310.498445,2188196,pg_toast,pg_toast_2188190,0,0,0,0,0,0,0,0,0
1789008310.498445,3381,pg_catalog,pg_statistic_ext,0,0,3,0,0,0,0,0,0
1789008310.498445,6106,pg_catalog,pg_publication_rel,0,0,0,0,0,0,0,0,0
1789008310.498445,2605,pg_catalog,pg_cast,0,0,34,7,0,0,0,0,0
1789008310.498445,4171,pg_toast,pg_toast_1247,0,0,0,0,0,0,0,0,0
1789008310.498445,2830,pg_toast,pg_toast_2604,0,0,0,0,0,0,0,0,0
1789008310.498445,13479,information_schema,sql_implementation_info,0,0,,,0,0,0,0,0
1789008310.498445,6244,pg_toast,pg_toast_6243,0,0,0,0,0,0,0,0,0
1789008310.498445,3430,pg_toast,pg_toast_3429,0,0,0,0,0,0,0,0,0
1789008370.594041,2188132,public,customer_taxrate,0,0,0,0,0,0,0,0,0
1789008370.594041,3576,pg_catalog,pg_transform,0,0,0,0,0,0,0,0,0
1789008370.594041,2601,pg_catalog,pg_am,0,0,0,0,0,0,0,0,0
1789008370.594041,2188188,pg_toast,pg_toast_2188182,0,0,0,0,0,0,0,0,0
1789008370.594041,3394,pg_catalog,pg_init_privs,0,0,0,0,0,0,0,0,0
1789008370.594041,4167,pg_toast,pg_toast_3256,0,0,0,0,0,0,0,0,0
1789008370.594041,4151,pg_toast,pg_toast_1417,0,0,0,0,0,0,0,0,0
1789008370.594041,2834,pg_toast,pg_toast_2609,0,0,0,0,0,0,0,0,0
1789008370.594041,6000,pg_catalog,pg_replication_origin,0,0,0,0,0,0,0,0,0
1789008370.594041,2188343,public,news_item,0,0,0,0,0,0,0,0,0
1789008370.594041,2840,pg_toast,pg_toast_2619,0,0,0,0,0,0,0,0,0
1789008370.594041,2188122,public,customer_account,0,0,0,0,0,0,0,0,0
1789008370.594041,2328,pg_catalog,pg_foreign_data_wrapper,0,0,0,0,0,0,0,0,0
1789008370.594041,4157,pg_toast,pg_toast_2612,0,0,0,0,0,0,0,0,0
1789008370.594041,1260,pg_catalog,pg_authid,0,0,0,0,0,0,0,0,0
1789008370.594041,6102,pg_catalog,pg_subscription_rel,0,0,0,0,0,0,0,0,0
1789008370.594041,1214,pg_catalog,pg_shdepend,0,0,0,0,0,0,0,0,0
1789008370.594041,4163,pg_toast,pg_toast_2615,0,0,0,0,0,0,0,0,0
1789008370.594041,4169,pg_toast,pg_toast_3600,0,0,0,0,0,0,0,0,0
1789008370.594041,2615,pg_catalog,pg_namespace,1,4,5,2,0,0,0,0,0
1789008370.594041,2188162,public,watch_item,0,0,0,0,0,0,0,0,0
1789008370.594041,2188167,public,watch_list,0,0,0,0,0,0,0,0,0
1789008370.594041,2188243,public,trade_history,0,0,0,0,0,0,0,0,0
1789008370.594041,2188210,public,settlement,0,0,0,0,0,0,0,0,0
1789008370.594041,2188269,public,company,0,0,0,0,0,0,0,0,0
1789008370.594041,2396,pg_catalog,pg_shdescription,0,0,0,0,0,0,0,0,0
1789008370.594041,3600,pg_catalog,pg_ts_dict,0,0,0,0,0,0,0,0,0
1789008370.594041,3596,pg_catalog,pg_seclabel,0,0,0,0,0,0,0,0,0
1789008370.594041,2609,pg_catalog,pg_description,0,0,0,0,0,0,0,0,0
1789008370.594041,13482,pg_toast,pg_toast_13479,0,0,0,0,0,0,0,0,0
1789008370.594041,2188156,public,holding_summary,0,0,0,0,0,0,0,0,0
1789008370.594041,2188390,public,status_type,0,0,0,0,0,0,0,0,0
1789008370.594041,2188395,public,taxrate,0,0,0,0,0,0,0,0,0
1789008370.594041,3603,pg_catalog,pg_ts_config_map,0,0,0,0,0,0,0,0,0
1789008370.594041,1213,pg_catalog,pg_tablespace,0,0,1,1,0,0,0,0,0
1789008370.594041,2188383,pg_toast,pg_toast_2188364,0,0,0,0,0,0,0,0,0
1789008370.594041,2608,pg_catalog,pg_depend,0,0,0,0,0,0,0,0,0
1789008370.594041,2964,pg_catalog,pg_db_role_setting,0,0,0,0,0,0,0,0,0
1789008370.594041,1418,pg_catalog,pg_user_mapping,0,0,0,0,0,0,0,0,0
1789008370.594041,2613,pg_catalog,pg_largeobject,0,0,0,0,0,0,0,0,0
1789008370.594041,6175,pg_toast,pg_toast_3456,0,0,0,0,0,0,0,0,0
1789008370.594041,1261,pg_catalog,pg_auth_members,0,0,0,0,0,0,0,0,0
1789008370.594041,2617,pg_catalog,pg_operator,0,0,5,5,0,0,0,0,0
1789008370.594041,2188352,pg_toast,pg_toast_2188343,0,0,0,0,0,0,0,0,0
1789008370.594041,2188341,pg_toast,pg_toast_2188333,0,0,0,0,0,0,0,0,0
1789008370.594041,2610,pg_catalog,pg_index,1,221,11,14,0,0,0,0,0
1789008370.594041,1249,pg_catalog,pg_attribute,0,0,75,92,0,0,0,0,0
1789008370.594041,2188281,public,company_competitor,0,0,0,0,0,0,0,0,0
1789008370.594041,2600,pg_catalog,pg_aggregate,0,0,1,1,0,0,0,0,0
1789008370.594041,2188180,pg_toast,pg_toast_2188172,0,0,0,0,0,0,0,0,0
1789008370.594041,2188354,public,news_xref,0,0,0,0,0,0,0,0,0
1789008370.594041,2966,pg_toast,pg_toast_2964,0,0,0,0,0,0,0,0,0
1789008370.594041,2188402,public,zip_code,0,0,0,0,0,0,0,0,0
1789008370.594041,2618,pg_catalog,pg_rewrite,0,0,1,1,0,0,0,0,0
1789008370.594041,4177,pg_toast,pg_toast_1262,0,0,0,0,0,0,0,0,0
1789008370.594041,13484,information_schema,sql_parts,0,0,,,0,0,0,0,0
1789008370.594041,4159,pg_toast,pg_toast_2600,0,0,0,0,0,0,0,0,0
1789008370.594041,4147,pg_toast,pg_toast_3079,0,0,0,0,0,0,0,0,0
1789008370.594041,13474,information_schema,sql_features,0,0,,,0,0,0,0,0
1789008370.594041,1247,pg_catalog,pg_type,0,0,19,19,0,0,0,0,0
1789008370.594041,2602,pg_catalog,pg_amop,0,0,12,25,0,0,0,0,0
1789008370.594041,3439,pg_toast,pg_toast_3381,0,0,0,0,0,0,0,0,0
1789008370.594041,2846,pg_toast,pg_toast_2396,0,0,0,0,0,0,0,0,0
1789008370.594041,4145,pg_toast,pg_toast_3466,0,0,0,0,0,0,0,0,0
1789008370.594041,2188385,public,address,0,0,0,0,0,0,0,0,0
1789008370.594041,2188137,public,holding,0,0,0,0,0,0,0,0,0
1789008370.594041,3541,pg_catalog,pg_range,0,0,0,0,0,0,0,0,0
1789008370.594041,3602,pg_catalog,pg_ts_config,0,0,0,0,0,0,0,0,0
1789008370.594041,4183,pg_toast,pg_toast_6100,0,0,0,0,0,0,0,0,0
1789008370.594041,2188333,public,last_trade,0,0,0,0,0,0,0,0,0
1789008370.594041,2224,pg_catalog,pg_sequence,0,0,0,0,0,0,0,0,0
1789008370.594041,2611,pg_catalog,pg_inherits,0,0,0,0,0,0,0,0,0
1789008370.594041,1417,pg_catalog,pg_foreign_server,0,0,0,0,0,0,0,0,0
1789008370.594041,1262,pg_catalog,pg_database,0,0,0,0,0,0,0,0,0
1789008370.594041,2188182,public,cash_transaction,0,0,0,0,0,0,0,0,0
1789008370.594041,13492,pg_toast,pg_toast_13489,0,0,0,0,0,0,0,0,0
1789008370.594041,3501,pg_catalog,pg_enum,0,0,0,0,0,0,0,0,0
1789008370.594041,2607,pg_catalog,pg_conversion,0,0,0,0,0,0,0,0,0
1789008370.594041,2188359,public,sector,0,0,0,0,0,0,0,0,0
1789008370.594041,2188217,pg_toast,pg_toast_2188210,0,0,0,0,0,0,0,0,0
1789008370.594041,826,pg_catalog,pg_default_acl,0,0,0,0,0,0,0,0,0
1789008370.594041,2604,pg_catalog,pg_attrdef,0,0,0,0,0,0,0,0,0
1789008370.594041,2336,pg_toast,pg_toast_2620,0,0,0,0,0,0,0,0,0
1789008370.594041,2188149,public,holding_history,0,0,0,0,0,0,0,0,0
1789008370.594041,2603,pg_catalog,pg_amproc,0,0,5,11,0,0,0,0,0
1789008370.594041,2606,pg_catalog,pg_constraint,0,0,3,8,0,0,0,0,0
1789008370.594041,1255,pg_catalog,pg_proc,0,0,19,24,0,0,0,0,0
1789008370.594041,4173,pg_toast,pg_toast_1418,0,0,0,0,0,0,0,0,0
1789008370.594041,2620,pg_catalog,pg_trigger,0,0,0,0,0,0,0,0,0
1789008370.594041,2188241,pg_toast,pg_toast_2188219,0,0,0,0,0,0,0,0,0
1789008370.594041,2612,pg_catalog,pg_language,0,0,0,0,0,0,0,0,0
1789008370.594041,4149,pg_toast,pg_toast_2328,0,0,0,0,0,0,0,0,0
1789008370.594041,6351,pg_toast,pg_toast_2610,0,0,0,0,0,0,0,0,0
1789008370.594041,13489,information_schema,sql_sizing,0,0,,,0,0,0,0,0
1789008370.594041,3598,pg_toast,pg_toast_3596,0,0,0,0,0,0,0,0,0
1789008370.594041,2188111,public,customer,0,0,0,0,0,0,0,0,0
1789008370.594041,2836,pg_toast,pg_toast_1255,0,0,0,0,0,0,0,0,0
1789008370.594041,3456,pg_catalog,pg_collation,0,0,0,0,0,0,0,0,0
1789008370.594041,3079,pg_catalog,pg_extension,0,0,0,0,0,0,0,0,0
1789008370.594041,2188262,public,trade_type,0,0,0,0,0,0,0,0,0
1789008370.594041,6100,pg_catalog,pg_subscription,0,0,0,0,0,0,0,0,0
1789008370.594041,2188249,public,trade_request,0,0,0,0,0,0,0,0,0
1789008370.594041,2188198,public,commission_rate,0,0,0,0,0,0,0,0,0
1789008370.594041,2188130,pg_toast,pg_toast_2188122,0,0,0,0,0,0,0,0,0
1789008370.594041,2832,pg_toast,pg_toast_2606,0,0,0,0,0,0,0,0,0
1789008370.594041,3256,pg_catalog,pg_policy,0,0,0,0,0,0,0,0,0
1789008370.594041,2188172,public,broker,0,0,0,0,0,0,0,0,0
1789008370.594041,2188296,pg_toast,pg_toast_2188287,0,0,0,0,0,0,0,0,0
1789008370.594041,2188307,public,financial,0,0,0,0,0,0,0,0,0
1789008370.594041,2188103,public,account_permission,0,0,0,0,0,0,0,0,0
1789008370.594041,3466,pg_catalog,pg_event_trigger,0,0,0,0,0,0,0,0,0
1789008370.594041,3592,pg_catalog,pg_shseclabel,0,0,0,0,0,0,0,0,0
1789008370.594041,3764,pg_catalog,pg_ts_template,0,0,0,0,0,0,0,0,0
1789008370.594041,6237,pg_catalog,pg_publication_namespace,0,0,0,0,0,0,0,0,0
1789008370.594041,13487,pg_toast,pg_toast_13484,0,0,0,0,0,0,0,0,0
1789008370.594041,2995,pg_catalog,pg_largeobject_metadata,0,0,0,0,0,0,0,0,0
1789008370.594041,4143,pg_toast,pg_toast_826,0,0,0,0,0,0,0,0,0
1789008370.594041,4185,pg_toast,pg_toast_1213,0,0,0,0,0,0,0,0,0
1789008370.594041,2188287,public,daily_market,0,0,0,0,0,0,0,0,0
1789008370.594041,2188190,public,charge,0,0,0,0,0,0,0,0,0
1789008370.594041,6243,pg_catalog,pg_parameter_acl,0,0,0,0,0,0,0,0,0
1789008370.594041,2616,pg_catalog,pg_opclass,0,0,8,134,0,0,0,0,0
1789008370.594041,2188298,public,exchange,0,0,0,0,0,0,0,0,0
1789008370.594041,2188147,pg_toast,pg_toast_2188137,0,0,0,0,0,0,0,0,0
1789008370.594041,2838,pg_toast,pg_toast_2618,0,0,1,3,0,0,0,0,0
1789008370.594041,2188327,public,industry,0,0,0,0,0,0,0,0,0
1789008370.594041,6228,pg_toast,pg_toast_6106,0,0,0,0,0,0,0,0,0
1789008370.594041,2188325,pg_toast,pg_toast_2188307,0,0,0,0,0,0,0,0,0
1789008370.594041,2188364,public,security,0,0,0,0,0,0,0,0,0
1789008370.594041,3118,pg_catalog,pg_foreign_table,0,0,0,0,0,0,0,0,0
1789008370.594041,1259,pg_catalog,pg_class,1,523,12,12,0,0,0,0,0
1789008370.594041,3350,pg_catalog,pg_partitioned_table,0,0,0,0,0,0,0,0,0
1789008370.594041,4153,pg_toast,pg_toast_3118,0,0,0,0,0,0,0,0,0
1789008370.594041,4060,pg_toast,pg_toast_3592,0,0,0,0,0,0,0,0,0
1789008370.594041,4165,pg_toast,pg_toast_3350,0,0,0,0,0,0,0,0,0
1789008370.594041,2753,pg_catalog,pg_opfamily,0,0,2,2,0,0,0,0,0
1789008370.594041,3601,pg_catalog,pg_ts_parser,0,0,0,0,0,0,0,0,0
1789008370.594041,2188219,public,trade,0,0,0,0,0,0,0,0,0
1789008370.594041,2188260,pg_toast,pg_toast_2188249,0,0,0,0,0,0,0,0,0
1789008370.594041,6104,pg_catalog,pg_publication,0,0,0,0,0,0,0,0,0
1789008370.594041,13477,pg_toast,pg_toast_13474,0,0,0,0,0,0,0,0,0
1789008370.594041,3429,pg_catalog,pg_statistic_ext_data,0,0,0,0,0,0,0,0,0
1789008370.594041,2619,pg_catalog,pg_statistic,0,0,17,8,0,0,0,0,0
1789008370.594041,4155,pg_toast,pg_toast_3394,0,0,0,0,0,0,0,0,0
1789008370.594041,2188196,pg_toast,pg_toast_2188190,0,0,0,0,0,0,0,0,0
1789008370.594041,3381,pg_catalog,pg_statistic_ext,0,0,3,0,0,0,0,0,0
1789008370.594041,6106,pg_catalog,pg_publication_rel,0,0,0,0,0,0,0,0,0
1789008370.594041,2605,pg_catalog,pg_cast,0,0,34,7,0,0,0,0,0
1789008370.594041,4171,pg_toast,pg_toast_1247,0,0,0,0,0,0,0,0,0
1789008370.594041,2830,pg_toast,pg_toast_2604,0,0,0,0,0,0,0,0,0
1789008370.594041,13479,information_schema,sql_implementation_info,0,0,,,0,0,0,0,0
1789008370.594041,6244,pg_toast,pg_toast_6243,0,0,0,0,0,0,0,0,0
1789008370.594041,3430,pg_toast,pg_toast_3429,0,0,0,0,0,0,0,0,0
1789008430.719789,2188132,public,customer_taxrate,0,0,0,0,0,0,0,0,0
1789008430.719789,3576,pg_catalog,pg_transform,0,0,0,0,0,0,0,0,0
1789008430.719789,2601,pg_catalog,pg_am,0,0,0,0,0,0,0,0,0
1789008430.719789,2188188,pg_toast,pg_toast_2188182,0,0,0,0,0,0,0,0,0
1789008430.719789,3394,pg_catalog,pg_init_privs,0,0,0,0,0,0,0,0,0
1789008430.719789,4167,pg_toast,pg_toast_3256,0,0,0,0,0,0,0,0,0
1789008430.719789,4151,pg_toast,pg_toast_1417,0,0,0,0,0,0,0,0,0
1789008430.719789,2834,pg_toast,pg_toast_2609,0,0,0,0,0,0,0,0,0
1789008430.719789,6000,pg_catalog,pg_replication_origin,0,0,0,0,0,0,0,0,0
1789008430.719789,2188343,public,news_item,0,0,0,0,0,0,0,0,0
1789008430.719789,2840,pg_toast,pg_toast_2619,0,0,0,0,0,0,0,0,0
1789008430.719789,2188122,public,customer_account,0,0,0,0,0,0,0,0,0
1789008430.719789,2328,pg_catalog,pg_foreign_data_wrapper,0,0,0,0,0,0,0,0,0
1789008430.719789,4157,pg_toast,pg_toast_2612,0,0,0,0,0,0,0,0,0
1789008430.719789,1260,pg_catalog,pg_authid,0,0,0,0,0,0,0,0,0
1789008430.719789,6102,pg_catalog,pg_subscription_rel,0,0,0,0,0,0,0,0,0
1789008430.719789,1214,pg_catalog,pg_shdepend,0,0,0,0,0,0,0,0,0
1789008430.719789,4163,pg_toast,pg_toast_2615,0,0,0,0,0,0,0,0,0
1789008430.719789,4169,pg_toast,pg_toast_3600,0,0,0,0,0,0,0,0,0
1789008430.719789,2615,pg_catalog,pg_namespace,1,4,5,2,0,0,0,0,0
1789008430.719789,2188162,public,watch_item,0,0,0,0,0,0,0,0,0
1789008430.719789,2188167,public,watch_list,0,0,0,0,0,0,0,0,0
1789008430.719789,2188243,public,trade_history,0,0,0,0,0,0,0,0,0
1789008430.719789,2188210,public,settlement,0,0,0,0,0,0,0,0,0
1789008430.719789,2188269,public,company,0,0,0,0,0,0,0,0,0
1789008430.719789,2396,pg_catalog,pg_shdescription,0,0,0,0,0,0,0,0,0
1789008430.719789,3600,pg_catalog,pg_ts_dict,0,0,0,0,0,0,0,0,0
1789008430.719789,3596,pg_catalog,pg_seclabel,0,0,0,0,0,0,0,0,0
1789008430.719789,2609,pg_catalog,pg_description,0,0,0,0,0,0,0,0,0
1789008430.719789,13482,pg_toast,pg_toast_13479,0,0,0,0,0,0,0,0,0
1789008430.719789,2188156,public,holding_summary,0,0,0,0,0,0,0,0,0
1789008430.719789,2188390,public,status_type,0,0,0,0,0,0,0,0,0
1789008430.719789,2188395,public,taxrate,0,0,0,0,0,0,0,0,0
1789008430.719789,3603,pg_catalog,pg_ts_config_map,0,0,0,0,0,0,0,0,0
1789008430.719789,1213,pg_catalog,pg_tablespace,0,0,1,1,0,0,0,0,0
1789008430.719789,2188383,pg_toast,pg_toast_2188364,0,0,0,0,0,0,0,0,0
1789008430.719789,2608,pg_catalog,pg_depend,0,0,0,0,0,0,0,0,0
1789008430.719789,2964,pg_catalog,pg_db_role_setting,0,0,0,0,0,0,0,0,0
1789008430.719789,1418,pg_catalog,pg_user_mapping,0,0,0,0,0,0,0,0,0
1789008430.719789,2613,pg_catalog,pg_largeobject,0,0,0,0,0,0,0,0,0
1789008430.719789,6175,pg_toast,pg_toast_3456,0,0,0,0,0,0,0,0,0
1789008430.719789,1261,pg_catalog,pg_auth_members,0,0,0,0,0,0,0,0,0
1789008430.719789,2617,pg_catalog,pg_operator,0,0,5,5,0,0,0,0,0
1789008430.719789,2188352,pg_toast,pg_toast_2188343,0,0,0,0,0,0,0,0,0
1789008430.719789,2188341,pg_toast,pg_toast_2188333,0,0,0,0,0,0,0,0,0
1789008430.719789,2610,pg_catalog,pg_index,1,221,11,14,0,0,0,0,0
1789008430.719789,1249,pg_catalog,pg_attribute,0,0,75,92,0,0,0,0,0
1789008430.719789,2188281,public,company_competitor,0,0,0,0,0,0,0,0,0
1789008430.719789,2600,pg_catalog,pg_aggregate,0,0,1,1,0,0,0,0,0
1789008430.719789,2188180,pg_toast,pg_toast_2188172,0,0,0,0,0,0,0,0,0
1789008430.719789,2188354,public,news_xref,0,0,0,0,0,0,0,0,0
1789008430.719789,2966,pg_toast,pg_toast_2964,0,0,0,0,0,0,0,0,0
1789008430.719789,2188402,public,zip_code,0,0,0,0,0,0,0,0,0
1789008430.719789,2618,pg_catalog,pg_rewrite,0,0,1,1,0,0,0,0,0
1789008430.719789,4177,pg_toast,pg_toast_1262,0,0,0,0,0,0,0,0,0
1789008430.719789,13484,information_schema,sql_parts,0,0,,,0,0,0,0,0
1789008430.719789,4159,pg_toast,pg_toast_2600,0,0,0,0,0,0,0,0,0
1789008430.719789,4147,pg_toast,pg_toast_3079,0,0,0,0,0,0,0,0,0
1789008430.719789,13474,information_schema,sql_features,0,0,,,0,0,0,0,0
1789008430.719789,1247,pg_catalog,pg_type,0,0,19,19,0,0,0,0,0
1789008430.719789,2602,pg_catalog,pg_amop,0,0,12,25,0,0,0,0,0
1789008430.719789,3439,pg_toast,pg_toast_3381,0,0,0,0,0,0,0,0,0
1789008430.719789,2846,pg_toast,pg_toast_2396,0,0,0,0,0,0,0,0,0
1789008430.719789,4145,pg_toast,pg_toast_3466,0,0,0,0,0,0,0,0,0
1789008430.719789,2188385,public,address,0,0,0,0,0,0,0,0,0
1789008430.719789,2188137,public,holding,0,0,0,0,0,0,0,0,0
1789008430.719789,3541,pg_catalog,pg_range,0,0,0,0,0,0,0,0,0
1789008430.719789,3602,pg_catalog,pg_ts_config,0,0,0,0,0,0,0,0,0
1789008430.719789,4183,pg_toast,pg_toast_6100,0,0,0,0,0,0,0,0,0
1789008430.719789,2188333,public,last_trade,0,0,0,0,0,0,0,0,0
1789008430.719789,2224,pg_catalog,pg_sequence,0,0,0,0,0,0,0,0,0
1789008430.719789,2611,pg_catalog,pg_inherits,0,0,0,0,0,0,0,0,0
1789008430.719789,1417,pg_catalog,pg_foreign_server,0,0,0,0,0,0,0,0,0
1789008430.719789,1262,pg_catalog,pg_database,0,0,0,0,0,0,0,0,0
1789008430.719789,2188182,public,cash_transaction,0,0,0,0,0,0,0,0,0
1789008430.719789,13492,pg_toast,pg_toast_13489,0,0,0,0,0,0,0,0,0
1789008430.719789,3501,pg_catalog,pg_enum,0,0,0,0,0,0,0,0,0
1789008430.719789,2607,pg_catalog,pg_conversion,0,0,0,0,0,0,0,0,0
1789008430.719789,2188359,public,sector,0,0,0,0,0,0,0,0,0
1789008430.719789,2188217,pg_toast,pg_toast_2188210,0,0,0,0,0,0,0,0,0
1789008430.719789,826,pg_catalog,pg_default_acl,0,0,0,0,0,0,0,0,0
1789008430.719789,2604,pg_catalog,pg_attrdef,0,0,0,0,0,0,0,0,0
1789008430.719789,2336,pg_toast,pg_toast_2620,0,0,0,0,0,0,0,0,0
1789008430.719789,2188149,public,holding_history,0,0,0,0,0,0,0,0,0
1789008430.719789,2603,pg_catalog,pg_amproc,0,0,5,11,0,0,0,0,0
1789008430.719789,2606,pg_catalog,pg_constraint,0,0,3,8,0,0,0,0,0
1789008430.719789,1255,pg_catalog,pg_proc,0,0,19,24,0,0,0,0,0
1789008430.719789,4173,pg_toast,pg_toast_1418,0,0,0,0,0,0,0,0,0
1789008430.719789,2620,pg_catalog,pg_trigger,0,0,0,0,0,0,0,0,0
1789008430.719789,2188241,pg_toast,pg_toast_2188219,0,0,0,0,0,0,0,0,0
1789008430.719789,2612,pg_catalog,pg_language,0,0,0,0,0,0,0,0,0
1789008430.719789,4149,pg_toast,pg_toast_2328,0,0,0,0,0,0,0,0,0
1789008430.719789,6351,pg_toast,pg_toast_2610,0,0,0,0,0,0,0,0,0
1789008430.719789,13489,information_schema,sql_sizing,0,0,,,0,0,0,0,0
1789008430.719789,3598,pg_toast,pg_toast_3596,0,0,0,0,0,0,0,0,0
1789008430.719789,2188111,public,customer,0,0,0,0,0,0,0,0,0
1789008430.719789,2836,pg_toast,pg_toast_1255,0,0,0,0,0,0,0,0,0
1789008430.719789,3456,pg_catalog,pg_collation,0,0,0,0,0,0,0,0,0
1789008430.719789,3079,pg_catalog,pg_extension,0,0,0,0,0,0,0,0,0
1789008430.719789,2188262,public,trade_type,0,0,0,0,0,0,0,0,0
1789008430.719789,6100,pg_catalog,pg_subscription,0,0,0,0,0,0,0,0,0
1789008430.719789,2188249,public,trade_request,0,0,0,0,0,0,0,0,0
1789008430.719789,2188198,public,commission_rate,0,0,0,0,0,0,0,0,0
1789008430.719789,2188130,pg_toast,pg_toast_2188122,0,0,0,0,0,0,0,0,0
1789008430.719789,2832,pg_toast,pg_toast_2606,0,0,0,0,0,0,0,0,0
1789008430.719789,3256,pg_catalog,pg_policy,0,0,0,0,0,0,0,0,0
1789008430.719789,2188172,public,broker,0,0,0,0,0,0,0,0,0
1789008430.719789,2188296,pg_toast,pg_toast_2188287,0,0,0,0,0,0,0,0,0
1789008430.719789,2188307,public,financial,0,0,0,0,0,0,0,0,0
1789008430.719789,2188103,public,account_permission,0,0,0,0,0,0,0,0,0
1789008430.719789,3466,pg_catalog,pg_event_trigger,0,0,0,0,0,0,0,0,0
1789008430.719789,3592,pg_catalog,pg_shseclabel,0,0,0,0,0,0,0,0,0
1789008430.719789,3764,pg_catalog,pg_ts_template,0,0,0,0,0,0,0,0,0
1789008430.719789,6237,pg_catalog,pg_publication_namespace,0,0,0,0,0,0,0,0,0
1789008430.719789,13487,pg_toast,pg_toast_13484,0,0,0,0,0,0,0,0,0
1789008430.719789,2995,pg_catalog,pg_largeobject_metadata,0,0,0,0,0,0,0,0,0
1789008430.719789,4143,pg_toast,pg_toast_826,0,0,0,0,0,0,0,0,0
1789008430.719789,4185,pg_toast,pg_toast_1213,0,0,0,0,0,0,0,0,0
1789008430.719789,2188287,public,daily_market,0,0,0,0,0,0,0,0,0
1789008430.719789,2188190,public,charge,0,0,0,0,0,0,0,0,0
1789008430.719789,6243,pg_catalog,pg_parameter_acl,0,0,0,0,0,0,0,0,0
1789008430.719789,2616,pg_catalog,pg_opclass,0,0,8,134,0,0,0,0,0
1789008430.719789,2188298,public,exchange,0,0,0,0,0,0,0,0,0
1789008430.719789,2188147,pg_toast,pg_toast_2188137,0,0,0,0,0,0,0,0,0
1789008430.719789,2838,pg_toast,pg_toast_2618,0,0,1,3,0,0,0,0,0
1789008430.719789,2188327,public,industry,0,0,0,0,0,0,0,0,0
1789008430.719789,6228,pg_toast,pg_toast_6106,0,0,0,0,0,0,0,0,0
1789008430.719789,2188325,pg_toast,pg_toast_2188307,0,0,0,0,0,0,0,0,0
1789008430.719789,2188364,public,security,0,0,0,0,0,0,0,0,0
1789008430.719789,3118,pg_catalog,pg_foreign_table,0,0,0,0,0,0,0,0,0
1789008430.719789,1259,pg_catalog,pg_class,1,523,12,12,0,0,0,0,0
1789008430.719789,3350,pg_catalog,pg_partitioned_table,0,0,0,0,0,0,0,0,0
1789008430.719789,4153,pg_toast,pg_toast_3118,0,0,0,0,0,0,0,0,0
1789008430.719789,4060,pg_toast,pg_toast_3592,0,0,0,0,0,0,0,0,0
1789008430.719789,4165,pg_toast,pg_toast_3350,0,0,0,0,0,0,0,0,0
1789008430.719789,2753,pg_catalog,pg_opfamily,0,0,2,2,0,0,0,0,0
1789008430.719789,3601,pg_catalog,pg_ts_parser,0,0,0,0,0,0,0,0,0
1789008430.719789,2188219,public,trade,0,0,0,0,0,0,0,0,0
1789008430.719789,2188260,pg_toast,pg_toast_2188249,0,0,0,0,0,0,0,0,0
1789008430.719789,6104,pg_catalog,pg_publication,0,0,0,0,0,0,0,0,0
1789008430.719789,13477,pg_toast,pg_toast_13474,0,0,0,0,0,0,0,0,0
1789008430.719789,3429,pg_catalog,pg_statistic_ext_data,0,0,0,0,0,0,0,0,0
1789008430.719789,2619,pg_catalog,pg_statistic,0,0,17,8,0,0,0,0,0
1789008430.719789,4155,pg_toast,pg_toast_3394,0,0,0,0,0,0,0,0,0
1789008430.719789,2188196,pg_toast,pg_toast_2188190,0,0,0,0,0,0,0,0,0
1789008430.719789,3381,pg_catalog,pg_statistic_ext,0,0,3,0,0,0,0,0,0
1789008430.719789,6106,pg_catalog,pg_publication_rel,0,0,0,0,0,0,0,0,0
1789008430.719789,2605,pg_catalog,pg_cast,0,0,34,7,0,0,0,0,0
1789008430.719789,4171,pg_toast,pg_toast_1247,0,0,0,0,0,0,0,0,0
1789008430.719789,2830,pg_toast,pg_toast_2604,0,0,0,0,0,0,0,0,0
1789008430.719789,13479,information_schema,sql_implementation_info,0,0,,,0,0,0,0,0
1789008430.719789,6244,pg_toast,pg_toast_6243,0,0,0,0,0,0,0,0,0
1789008430.719789,3430,pg_toast,pg_toast_3429,0,0,0,0,0,0,0,0,0
1789008490.806046,2188132,public,customer_taxrate,0,0,0,0,0,0,0,0,0
1789008490.806046,3576,pg_catalog,pg_transform,0,0,0,0,0,0,0,0,0
1789008490.806046,2601,pg_catalog,pg_am,0,0,0,0,0,0,0,0,0
1789008490.806046,2188188,pg_toast,pg_toast_2188182,0,0,0,0,0,0,0,0,0
1789008490.806046,3394,pg_catalog,pg_init_privs,0,0,0,0,0,0,0,0,0
1789008490.806046,4167,pg_toast,pg_toast_3256,0,0,0,0,0,0,0,0,0
1789008490.806046,4151,pg_toast,pg_toast_1417,0,0,0,0,0,0,0,0,0
1789008490.806046,2834,pg_toast,pg_toast_2609,0,0,0,0,0,0,0,0,0
1789008490.806046,6000,pg_catalog,pg_replication_origin,0,0,0,0,0,0,0,0,0
1789008490.806046,2188343,public,news_item,0,0,0,0,0,0,0,0,0
1789008490.806046,2840,pg_toast,pg_toast_2619,0,0,0,0,0,0,0,0,0
1789008490.806046,2188122,public,customer_account,0,0,0,0,0,0,0,0,0
1789008490.806046,2328,pg_catalog,pg_foreign_data_wrapper,0,0,0,0,0,0,0,0,0
1789008490.806046,4157,pg_toast,pg_toast_2612,0,0,0,0,0,0,0,0,0
1789008490.806046,1260,pg_catalog,pg_authid,0,0,0,0,0,0,0,0,0
1789008490.806046,6102,pg_catalog,pg_subscription_rel,0,0,0,0,0,0,0,0,0
1789008490.806046,1214,pg_catalog,pg_shdepend,0,0,0,0,0,0,0,0,0
1789008490.806046,4163,pg_toast,pg_toast_2615,0,0,0,0,0,0,0,0,0
1789008490.806046,4169,pg_toast,pg_toast_3600,0,0,0,0,0,0,0,0,0
1789008490.806046,2615,pg_catalog,pg_namespace,1,4,5,2,0,0,0,0,0
1789008490.806046,2188162,public,watch_item,0,0,0,0,0,0,0,0,0
1789008490.806046,2188167,public,watch_list,0,0,0,0,0,0,0,0,0
1789008490.806046,2188243,public,trade_history,0,0,0,0,0,0,0,0,0
1789008490.806046,2188210,public,settlement,0,0,0,0,0,0,0,0,0
1789008490.806046,2188269,public,company,0,0,0,0,0,0,0,0,0
1789008490.806046,2396,pg_catalog,pg_shdescription,0,0,0,0,0,0,0,0,0
1789008490.806046,3600,pg_catalog,pg_ts_dict,0,0,0,0,0,0,0,0,0
1789008490.806046,3596,pg_catalog,pg_seclabel,0,0,0,0,0,0,0,0,0
1789008490.806046,2609,pg_catalog,pg_description,0,0,0,0,0,0,0,0,0
1789008490.806046,13482,pg_toast,pg_toast_13479,0,0,0,0,0,0,0,0,0
1789008490.806046,2188156,public,holding_summary,0,0,0,0,0,0,0,0,0
1789008490.806046,2188390,public,status_type,0,0,0,0,0,0,0,0,0
1789008490.806046,2188395,public,taxrate,0,0,0,0,0,0,0,0,0
1789008490.806046,3603,pg_catalog,pg_ts_config_map,0,0,0,0,0,0,0,0,0
1789008490.806046,1213,pg_catalog,pg_tablespace,0,0,1,1,0,0,0,0,0
1789008490.806046,2188383,pg_toast,pg_toast_2188364,0,0,0,0,0,0,0,0,0
1789008490.806046,2608,pg_catalog,pg_depend,0,0,0,0,0,0,0,0,0
1789008490.806046,2964,pg_catalog,pg_db_role_setting,0,0,0,0,0,0,0,0,0
1789008490.806046,1418,pg_catalog,pg_user_mapping,0,0,0,0,0,0,0,0,0
1789008490.806046,2613,pg_catalog,pg_largeobject,0,0,0,0,0,0,0,0,0
1789008490.806046,6175,pg_toast,pg_toast_3456,0,0,0,0,0,0,0,0,0
1789008490.806046,1261,pg_catalog,pg_auth_members,0,0,0,0,0,0,0,0,0
1789008490.806046,2617,pg_catalog,pg_operator,0,0,5,5,0,0,0,0,0
1789008490.806046,2188352,pg_toast,pg_toast_2188343,0,0,0,0,0,0,0,0,0
1789008490.806046,2188341,pg_toast,pg_toast_2188333,0,0,0,0,0,0,0,0,0
1789008490.806046,2610,pg_catalog,pg_index,1,221,11,14,0,0,0,0,0
1789008490.806046,1249,pg_catalog,pg_attribute,0,0,75,92,0,0,0,0,0
1789008490.806046,2188281,public,company_competitor,0,0,0,0,0,0,0,0,0
1789008490.806046,2600,pg_catalog,pg_aggregate,0,0,1,1,0,0,0,0,0
1789008490.806046,2188180,pg_toast,pg_toast_2188172,0,0,0,0,0,0,0,0,0
1789008490.806046,2188354,public,news_xref,0,0,0,0,0,0,0,0,0
1789008490.806046,2966,pg_toast,pg_toast_2964,0,0,0,0,0,0,0,0,0
1789008490.806046,2188402,public,zip_code,0,0,0,0,0,0,0,0,0
1789008490.806046,2618,pg_catalog,pg_rewrite,0,0,1,1,0,0,0,0,0
1789008490.806046,4177,pg_toast,pg_toast_1262,0,0,0,0,0,0,0,0,0
1789008490.806046,13484,information_schema,sql_parts,0,0,,,0,0,0,0,0
1789008490.806046,4159,pg_toast,pg_toast_2600,0,0,0,0,0,0,0,0,0
1789008490.806046,4147,pg_toast,pg_toast_3079,0,0,0,0,0,0,0,0,0
1789008490.806046,13474,information_schema,sql_features,0,0,,,0,0,0,0,0
1789008490.806046,1247,pg_catalog,pg_type,0,0,19,19,0,0,0,0,0
1789008490.806046,2602,pg_catalog,pg_amop,0,0,12,25,0,0,0,0,0
1789008490.806046,3439,pg_toast,pg_toast_3381,0,0,0,0,0,0,0,0,0
1789008490.806046,2846,pg_toast,pg_toast_2396,0,0,0,0,0,0,0,0,0
1789008490.806046,4145,pg_toast,pg_toast_3466,0,0,0,0,0,0,0,0,0
1789008490.806046,2188385,public,address,0,0,0,0,0,0,0,0,0
1789008490.806046,2188137,public,holding,0,0,0,0,0,0,0,0,0
1789008490.806046,3541,pg_catalog,pg_range,0,0,0,0,0,0,0,0,0
1789008490.806046,3602,pg_catalog,pg_ts_config,0,0,0,0,0,0,0,0,0
1789008490.806046,4183,pg_toast,pg_toast_6100,0,0,0,0,0,0,0,0,0
1789008490.806046,2188333,public,last_trade,0,0,0,0,0,0,0,0,0
1789008490.806046,2224,pg_catalog,pg_sequence,0,0,0,0,0,0,0,0,0
1789008490.806046,2611,pg_catalog,pg_inherits,0,0,0,0,0,0,0,0,0
1789008490.806046,1417,pg_catalog,pg_foreign_server,0,0,0,0,0,0,0,0,0
1789008490.806046,1262,pg_catalog,pg_database,0,0,0,0,0,0,0,0,0
1789008490.806046,2188182,public,cash_transaction,0,0,0,0,0,0,0,0,0
1789008490.806046,13492,pg_toast,pg_toast_13489,0,0,0,0,0,0,0,0,0
1789008490.806046,3501,pg_catalog,pg_enum,0,0,0,0,0,0,0,0,0
1789008490.806046,2607,pg_catalog,pg_conversion,0,0,0,0,0,0,0,0,0
1789008490.806046,2188359,public,sector,0,0,0,0,0,0,0,0,0
1789008490.806046,2188217,pg_toast,pg_toast_2188210,0,0,0,0,0,0,0,0,0
1789008490.806046,826,pg_catalog,pg_default_acl,0,0,0,0,0,0,0,0,0
1789008490.806046,2604,pg_catalog,pg_attrdef,0,0,0,0,0,0,0,0,0
1789008490.806046,2336,pg_toast,pg_toast_2620,0,0,0,0,0,0,0,0,0
1789008490.806046,2188149,public,holding_history,0,0,0,0,0,0,0,0,0
1789008490.806046,2603,pg_catalog,pg_amproc,0,0,5,11,0,0,0,0,0
1789008490.806046,2606,pg_catalog,pg_constraint,0,0,3,8,0,0,0,0,0
1789008490.806046,1255,pg_catalog,pg_proc,0,0,19,24,0,0,0,0,0
1789008490.806046,4173,pg_toast,pg_toast_1418,0,0,0,0,0,0,0,0,0
1789008490.806046,2620,pg_catalog,pg_trigger,0,0,0,0,0,0,0,0,0
1789008490.806046,2188241,pg_toast,pg_toast_2188219,0,0,0,0,0,0,0,0,0
1789008490.806046,2612,pg_catalog,pg_language,0,0,0,0,0,0,0,0,0
1789008490.806046,4149,pg_toast,pg_toast_2328,0,0,0,0,0,0,0,0,0
1789008490.806046,6351,pg_toast,pg_toast_2610,0,0,0,0,0,0,0,0,0
1789008490.806046,13489,information_schema,sql_sizing,0,0,,,0,0,0,0,0
1789008490.806046,3598,pg_toast,pg_toast_3596,0,0,0,0,0,0,0,0,0
1789008490.806046,2188111,public,customer,0,0,0,0,0,0,0,0,0
1789008490.806046,2836,pg_toast,pg_toast_1255,0,0,0,0,0,0,0,0,0
1789008490.806046,3456,pg_catalog,pg_collation,0,0,0,0,0,0,0,0,0
1789008490.806046,3079,pg_catalog,pg_extension,0,0,0,0,0,0,0,0,0
1789008490.806046,2188262,public,trade_type,0,0,0,0,0,0,0,0,0
1789008490.806046,6100,pg_catalog,pg_subscription,0,0,0,0,0,0,0,0,0
1789008490.806046,2188249,public,trade_request,0,0,0,0,0,0,0,0,0
1789008490.806046,2188198,public,commission_rate,0,0,0,0,0,0,0,0,0
1789008490.806046,2188130,pg_toast,pg_toast_2188122,0,0,0,0,0,0,0,0,0
1789008490.806046,2832,pg_toast,pg_toast_2606,0,0,0,0,0,0,0,0,0
1789008490.806046,3256,pg_catalog,pg_policy,0,0,0,0,0,0,0,0,0
1789008490.806046,2188172,public,broker,0,0,0,0,0,0,0,0,0
1789008490.806046,2188296,pg_toast,pg_toast_2188287,0,0,0,0,0,0,0,0,0
1789008490.806046,2188307,public,financial,0,0,0,0,0,0,0,0,0
1789008490.806046,2188103,public,account_permission,0,0,0,0,0,0,0,0,0
1789008490.806046,3466,pg_catalog,pg_event_trigger,0,0,0,0,0,0,0,0,0
1789008490.806046,3592,pg_catalog,pg_shseclabel,0,0,0,0,0,0,0,0,0
1789008490.806046,3764,pg_catalog,pg_ts_template,0,0,0,0,0,0,0,0,0
1789008490.806046,6237,pg_catalog,pg_publication_namespace,0,0,0,0,0,0,0,0,0
1789008490.806046,13487,pg_toast,pg_toast_13484,0,0,0,0,0,0,0,0,0
1789008490.806046,2995,pg_catalog,pg_largeobject_metadata,0,0,0,0,0,0,0,0,0
1789008490.806046,4143,pg_toast,pg_toast_826,0,0,0,0,0,0,0,0,0
1789008490.806046,4185,pg_toast,pg_toast_1213,0,0,0,0,0,0,0,0,0
1789008490.806046,2188287,public,daily_market,0,0,0,0,0,0,0,0,0
1789008490.806046,2188190,public,charge,0,0,0,0,0,0,0,0,0
1789008490.806046,6243,pg_catalog,pg_parameter_acl,0,0,0,0,0,0,0,0,0
1789008490.806046,2616,pg_catalog,pg_opclass,0,0,8,134,0,0,0,0,0
1789008490.806046,2188298,public,exchange,0,0,0,0,0,0,0,0,0
1789008490.806046,2188147,pg_toast,pg_toast_2188137,0,0,0,0,0,0,0,0,0
1789008490.806046,2838,pg_toast,pg_toast_2618,0,0,1,3,0,0,0,0,0
1789008490.806046,2188327,public,industry,0,0,0,0,0,0,0,0,0
1789008490.806046,6228,pg_toast,pg_toast_6106,0,0,0,0,0,0,0,0,0
1789008490.806046,2188325,pg_toast,pg_toast_2188307,0,0,0,0,0,0,0,0,0
1789008490.806046,2188364,public,security,0,0,0,0,0,0,0,0,0
1789008490.806046,3118,pg_catalog,pg_foreign_table,0,0,0,0,0,0,0,0,0
1789008490.806046,1259,pg_catalog,pg_class,1,523,12,12,0,0,0,0,0
1789008490.806046,3350,pg_catalog,pg_partitioned_table,0,0,0,0,0,0,0,0,0
1789008490.806046,4153,pg_toast,pg_toast_3118,0,0,0,0,0,0,0,0,0
1789008490.806046,4060,pg_toast,pg_toast_3592,0,0,0,0,0,0,0,0,0
1789008490.806046,4165,pg_toast,pg_toast_3350,0,0,0,0,0,0,0,0,0
1789008490.806046,2753,pg_catalog,pg_opfamily,0,0,2,2,0,0,0,0,0
1789008490.806046,3601,pg_catalog,pg_ts_parser,0,0,0,0,0,0,0,0,0
1789008490.806046,2188219,public,trade,0,0,0,0,0,0,0,0,0
1789008490.806046,2188260,pg_toast,pg_toast_2188249,0,0,0,0,0,0,0,0,0
1789008490.806046,6104,pg_catalog,pg_publication,0,0,0,0,0,0,0,0,0
1789008490.806046,13477,pg_toast,pg_toast_13474,0,0,0,0,0,0,0,0,0
1789008490.806046,3429,pg_catalog,pg_statistic_ext_data,0,0,0,0,0,0,0,0,0
1789008490.806046,2619,pg_catalog,pg_statistic,0,0,17,8,0,0,0,0,0
1789008490.806046,4155,pg_toast,pg_toast_3394,0,0,0,0,0,0,0,0,0
1789008490.806046,2188196,pg_toast,pg_toast_2188190,0,0,0,0,0,0,0,0,0
1789008490.806046,3381,pg_catalog,pg_statistic_ext,0,0,3,0,0,0,0,0,0
1789008490.806046,6106,pg_catalog,pg_publication_rel,0,0,0,0,0,0,0,0,0
1789008490.806046,2605,pg_catalog,pg_cast,0,0,34,7,0,0,0,0,0
1789008490.806046,4171,pg_toast,pg_toast_1247,0,0,0,0,0,0,0,0,0
1789008490.806046,2830,pg_toast,pg_toast_2604,0,0,0,0,0,0,0,0,0
1789008490.806046,13479,information_schema,sql_implementation_info,0,0,,,0,0,0,0,0
1789008490.806046,6244,pg_toast,pg_toast_6243,0,0,0,0,0,0,0,0,0
1789008490.806046,3430,pg_toast,pg_toast_3429,0,0,0,0,0,0,0,0,0
1789008550.924304,2188132,public,customer_taxrate,0,0,0,0,0,0,0,0,0
1789008550.924304,3576,pg_catalog,pg_transform,0,0,0,0,0,0,0,0,0
1789008550.924304,2601,pg_catalog,pg_am,0,0,0,0,0,0,0,0,0
1789008550.924304,2188188,pg_toast,pg_toast_2188182,0,0,0,0,0,0,0,0,0
1789008550.924304,3394,pg_catalog,pg_init_privs,0,0,0,0,0,0,0,0,0
1789008550.924304,4167,pg_toast,pg_toast_3256,0,0,0,0,0,0,0,0,0
1789008550.924304,4151,pg_toast,pg_toast_1417,0,0,0,0,0,0,0,0,0
1789008550.924304,2834,pg_toast,pg_toast_2609,0,0,0,0,0,0,0,0,0
1789008550.924304,6000,pg_catalog,pg_replication_origin,0,0,0,0,0,0,0,0,0
1789008550.924304,2188343,public,news_item,0,0,0,0,0,0,0,0,0
1789008550.924304,2840,pg_toast,pg_toast_2619,0,0,0,0,0,0,0,0,0
1789008550.924304,2188122,public,customer_account,0,0,0,0,0,0,0,0,0
1789008550.924304,2328,pg_catalog,pg_foreign_data_wrapper,0,0,0,0,0,0,0,0,0
1789008550.924304,4157,pg_toast,pg_toast_2612,0,0,0,0,0,0,0,0,0
1789008550.924304,1260,pg_catalog,pg_authid,0,0,0,0,0,0,0,0,0
1789008550.924304,6102,pg_catalog,pg_subscription_rel,0,0,0,0,0,0,0,0,0
1789008550.924304,1214,pg_catalog,pg_shdepend,0,0,0,0,0,0,0,0,0
1789008550.924304,4163,pg_toast,pg_toast_2615,0,0,0,0,0,0,0,0,0
1789008550.924304,4169,pg_toast,pg_toast_3600,0,0,0,0,0,0,0,0,0
1789008550.924304,2615,pg_catalog,pg_namespace,1,4,5,2,0,0,0,0,0
1789008550.924304,2188162,public,watch_item,0,0,0,0,0,0,0,0,0
1789008550.924304,2188167,public,watch_list,0,0,0,0,0,0,0,0,0
1789008550.924304,2188243,public,trade_history,0,0,0,0,0,0,0,0,0
1789008550.924304,2188210,public,settlement,0,0,0,0,0,0,0,0,0
1789008550.924304,2188269,public,company,0,0,0,0,0,0,0,0,0
1789008550.924304,2396,pg_catalog,pg_shdescription,0,0,0,0,0,0,0,0,0
1789008550.924304,3600,pg_catalog,pg_ts_dict,0,0,0,0,0,0,0,0,0
1789008550.924304,3596,pg_catalog,pg_seclabel,0,0,0,0,0,0,0,0,0
1789008550.924304,2609,pg_catalog,pg_description,0,0,0,0,0,0,0,0,0
1789008550.924304,13482,pg_toast,pg_toast_13479,0,0,0,0,0,0,0,0,0
1789008550.924304,2188156,public,holding_summary,0,0,0,0,0,0,0,0,0
1789008550.924304,2188390,public,status_type,0,0,0,0,0,0,0,0,0
1789008550.924304,2188395,public,taxrate,0,0,0,0,0,0,0,0,0
1789008550.924304,3603,pg_catalog,pg_ts_config_map,0,0,0,0,0,0,0,0,0
1789008550.924304,1213,pg_catalog,pg_tablespace,0,0,1,1,0,0,0,0,0
1789008550.924304,2188383,pg_toast,pg_toast_2188364,0,0,0,0,0,0,0,0,0
1789008550.924304,2608,pg_catalog,pg_depend,0,0,0,0,0,0,0,0,0
1789008550.924304,2964,pg_catalog,pg_db_role_setting,0,0,0,0,0,0,0,0,0
1789008550.924304,1418,pg_catalog,pg_user_mapping,0,0,0,0,0,0,0,0,0
1789008550.924304,2613,pg_catalog,pg_largeobject,0,0,0,0,0,0,0,0,0
1789008550.924304,6175,pg_toast,pg_toast_3456,0,0,0,0,0,0,0,0,0
1789008550.924304,1261,pg_catalog,pg_auth_members,0,0,0,0,0,0,0,0,0
1789008550.924304,2617,pg_catalog,pg_operator,0,0,5,5,0,0,0,0,0
1789008550.924304,2188352,pg_toast,pg_toast_2188343,0,0,0,0,0,0,0,0,0
1789008550.924304,2188341,pg_toast,pg_toast_2188333,0,0,0,0,0,0,0,0,0
1789008550.924304,2610,pg_catalog,pg_index,1,221,11,14,0,0,0,0,0
1789008550.924304,1249,pg_catalog,pg_attribute,0,0,75,92,0,0,0,0,0
1789008550.924304,2188281,public,company_competitor,0,0,0,0,0,0,0,0,0
1789008550.924304,2600,pg_catalog,pg_aggregate,0,0,1,1,0,0,0,0,0
1789008550.924304,2188180,pg_toast,pg_toast_2188172,0,0,0,0,0,0,0,0,0
1789008550.924304,2188354,public,news_xref,0,0,0,0,0,0,0,0,0
1789008550.924304,2966,pg_toast,pg_toast_2964,0,0,0,0,0,0,0,0,0
1789008550.924304,2188402,public,zip_code,0,0,0,0,0,0,0,0,0
1789008550.924304,2618,pg_catalog,pg_rewrite,0,0,1,1,0,0,0,0,0
1789008550.924304,4177,pg_toast,pg_toast_1262,0,0,0,0,0,0,0,0,0
1789008550.924304,13484,information_schema,sql_parts,0,0,,,0,0,0,0,0
1789008550.924304,4159,pg_toast,pg_toast_2600,0,0,0,0,0,0,0,0,0
1789008550.924304,4147,pg_toast,pg_toast_3079,0,0,0,0,0,0,0,0,0
1789008550.924304,13474,information_schema,sql_features,0,0,,,0,0,0,0,0
1789008550.924304,1247,pg_catalog,pg_type,0,0,19,19,0,0,0,0,0
1789008550.924304,2602,pg_catalog,pg_amop,0,0,12,25,0,0,0,0,0
1789008550.924304,3439,pg_toast,pg_toast_3381,0,0,0,0,0,0,0,0,0
1789008550.924304,2846,pg_toast,pg_toast_2396,0,0,0,0,0,0,0,0,0
1789008550.924304,4145,pg_toast,pg_toast_3466,0,0,0,0,0,0,0,0,0
1789008550.924304,2188385,public,address,0,0,0,0,0,0,0,0,0
1789008550.924304,2188137,public,holding,0,0,0,0,0,0,0,0,0
1789008550.924304,3541,pg_catalog,pg_range,0,0,0,0,0,0,0,0,0
1789008550.924304,3602,pg_catalog,pg_ts_config,0,0,0,0,0,0,0,0,0
1789008550.924304,4183,pg_toast,pg_toast_6100,0,0,0,0,0,0,0,0,0
1789008550.924304,2188333,public,last_trade,0,0,0,0,0,0,0,0,0
1789008550.924304,2224,pg_catalog,pg_sequence,0,0,0,0,0,0,0,0,0
1789008550.924304,2611,pg_catalog,pg_inherits,0,0,0,0,0,0,0,0,0
1789008550.924304,1417,pg_catalog,pg_foreign_server,0,0,0,0,0,0,0,0,0
1789008550.924304,1262,pg_catalog,pg_database,0,0,0,0,0,0,0,0,0
1789008550.924304,2188182,public,cash_transaction,0,0,0,0,0,0,0,0,0
1789008550.924304,13492,pg_toast,pg_toast_13489,0,0,0,0,0,0,0,0,0
1789008550.924304,3501,pg_catalog,pg_enum,0,0,0,0,0,0,0,0,0
1789008550.924304,2607,pg_catalog,pg_conversion,0,0,0,0,0,0,0,0,0
1789008550.924304,2188359,public,sector,0,0,0,0,0,0,0,0,0
1789008550.924304,2188217,pg_toast,pg_toast_2188210,0,0,0,0,0,0,0,0,0
1789008550.924304,826,pg_catalog,pg_default_acl,0,0,0,0,0,0,0,0,0
1789008550.924304,2604,pg_catalog,pg_attrdef,0,0,0,0,0,0,0,0,0
1789008550.924304,2336,pg_toast,pg_toast_2620,0,0,0,0,0,0,0,0,0
1789008550.924304,2188149,public,holding_history,0,0,0,0,0,0,0,0,0
1789008550.924304,2603,pg_catalog,pg_amproc,0,0,5,11,0,0,0,0,0
1789008550.924304,2606,pg_catalog,pg_constraint,0,0,3,8,0,0,0,0,0
1789008550.924304,1255,pg_catalog,pg_proc,0,0,19,24,0,0,0,0,0
1789008550.924304,4173,pg_toast,pg_toast_1418,0,0,0,0,0,0,0,0,0
1789008550.924304,2620,pg_catalog,pg_trigger,0,0,0,0,0,0,0,0,0
1789008550.924304,2188241,pg_toast,pg_toast_2188219,0,0,0,0,0,0,0,0,0
1789008550.924304,2612,pg_catalog,pg_language,0,0,0,0,0,0,0,0,0
1789008550.924304,4149,pg_toast,pg_toast_2328,0,0,0,0,0,0,0,0,0
1789008550.924304,6351,pg_toast,pg_toast_2610,0,0,0,0,0,0,0,0,0
1789008550.924304,13489,information_schema,sql_sizing,0,0,,,0,0,0,0,0
1789008550.924304,3598,pg_toast,pg_toast_3596,0,0,0,0,0,0,0,0,0
1789008550.924304,2188111,public,customer,0,0,0,0,0,0,0,0,0
1789008550.924304,2836,pg_toast,pg_toast_1255,0,0,0,0,0,0,0,0,0
1789008550.924304,3456,pg_catalog,pg_collation,0,0,0,0,0,0,0,0,0
1789008550.924304,3079,pg_catalog,pg_extension,0,0,0,0,0,0,0,0,0
1789008550.924304,2188262,public,trade_type,0,0,0,0,0,0,0,0,0
1789008550.924304,6100,pg_catalog,pg_subscription,0,0,0,0,0,0,0,0,0
1789008550.924304,2188249,public,trade_request,0,0,0,0,0,0,0,0,0
1789008550.924304,2188198,public,commission_rate,0,0,0,0,0,0,0,0,0
1789008550.924304,2188130,pg_toast,pg_toast_2188122,0,0,0,0,0,0,0,0,0
1789008550.924304,2832,pg_toast,pg_toast_2606,0,0,0,0,0,0,0,0,0
1789008550.924304,3256,pg_catalog,pg_policy,0,0,0,0,0,0,0,0,0
1789008550.924304,2188172,public,broker,0,0,0,0,0,0,0,0,0
1789008550.924304,2188296,pg_toast,pg_toast_2188287,0,0,0,0,0,0,0,0,0
1789008550.924304,2188307,public,financial,0,0,0,0,0,0,0,0,0
1789008550.924304,2188103,public,account_permission,0,0,0,0,0,0,0,0,0
1789008550.924304,3466,pg_catalog,pg_event_trigger,0,0,0,0,0,0,0,0,0
1789008550.924304,3592,pg_catalog,pg_shseclabel,0,0,0,0,0,0,0,0,0
1789008550.924304,3764,pg_catalog,pg_ts_template,0,0,0,0,0,0,0,0,0
1789008550.924304,6237,pg_catalog,pg_publication_namespace,0,0,0,0,0,0,0,0,0
1789008550.924304,13487,pg_toast,pg_toast_13484,0,0,0,0,0,0,0,0,0
1789008550.924304,2995,pg_catalog,pg_largeobject_metadata,0,0,0,0,0,0,0,0,0
1789008550.924304,4143,pg_toast,pg_toast_826,0,0,0,0,0,0,0,0,0
1789008550.924304,4185,pg_toast,pg_toast_1213,0,0,0,0,0,0,0,0,0
1789008550.924304,2188287,public,daily_market,0,0,0,0,0,0,0,0,0
1789008550.924304,2188190,public,charge,0,0,0,0,0,0,0,0,0
1789008550.924304,6243,pg_catalog,pg_parameter_acl,0,0,0,0,0,0,0,0,0
1789008550.924304,2616,pg_catalog,pg_opclass,0,0,8,134,0,0,0,0,0
1789008550.924304,2188298,public,exchange,0,0,0,0,0,0,0,0,0
1789008550.924304,2188147,pg_toast,pg_toast_2188137,0,0,0,0,0,0,0,0,0
1789008550.924304,2838,pg_toast,pg_toast_2618,0,0,1,3,0,0,0,0,0
1789008550.924304,2188327,public,industry,0,0,0,0,0,0,0,0,0
1789008550.924304,6228,pg_toast,pg_toast_6106,0,0,0,0,0,0,0,0,0
1789008550.924304,2188325,pg_toast,pg_toast_2188307,0,0,0,0,0,0,0,0,0
1789008550.924304,2188364,public,security,0,0,0,0,0,0,0,0,0
1789008550.924304,3118,pg_catalog,pg_foreign_table,0,0,0,0,0,0,0,0,0
1789008550.924304,1259,pg_catalog,pg_class,1,523,12,12,0,0,0,0,0
1789008550.924304,3350,pg_catalog,pg_partitioned_table,0,0,0,0,0,0,0,0,0
1789008550.924304,4153,pg_toast,pg_toast_3118,0,0,0,0,0,0,0,0,0
1789008550.924304,4060,pg_toast,pg_toast_3592,0,0,0,0,0,0,0,0,0
1789008550.924304,4165,pg_toast,pg_toast_3350,0,0,0,0,0,0,0,0,0
1789008550.924304,2753,pg_catalog,pg_opfamily,0,0,2,2,0,0,0,0,0
1789008550.924304,3601,pg_catalog,pg_ts_parser,0,0,0,0,0,0,0,0,0
1789008550.924304,2188219,public,trade,0,0,0,0,0,0,0,0,0
1789008550.924304,2188260,pg_toast,pg_toast_2188249,0,0,0,0,0,0,0,0,0
1789008550.924304,6104,pg_catalog,pg_publication,0,0,0,0,0,0,0,0,0
1789008550.924304,13477,pg_toast,pg_toast_13474,0,0,0,0,0,0,0,0,0
1789008550.924304,3429,pg_catalog,pg_statistic_ext_data,0,0,0,0,0,0,0,0,0
1789008550.924304,2619,pg_catalog,pg_statistic,0,0,17,8,0,0,0,0,0
1789008550.924304,4155,pg_toast,pg_toast_3394,0,0,0,0,0,0,0,0,0
1789008550.924304,2188196,pg_toast,pg_toast_2188190,0,0,0,0,0,0,0,0,0
1789008550.924304,3381,pg_catalog,pg_statistic_ext,0,0,3,0,0,0,0,0,0
1789008550.924304,6106,pg_catalog,pg_publication_rel,0,0,0,0,0,0,0,0,0
1789008550.924304,2605,pg_catalog,pg_cast,0,0,34,7,0,0,0,0,0
1789008550.924304,4171,pg_toast,pg_toast_1247,0,0,0,0,0,0,0,0,0
1789008550.924304,2830,pg_toast,pg_toast_2604,0,0,0,0,0,0,0,0,0
1789008550.924304,13479,information_schema,sql_implementation_info,0,0,,,0,0,0,0,0
1789008550.924304,6244,pg_toast,pg_toast_6243,0,0,0,0,0,0,0,0,0
1789008550.924304,3430,pg_toast,pg_toast_3429,0,0,0,0,0,0,0,0,0
1789008610.975717,2188132,public,customer_taxrate,0,0,0,0,0,0,0,0,0
1789008610.975717,3576,pg_catalog,pg_transform,0,0,0,0,0,0,0,0,0
1789008610.975717,2601,pg_catalog,pg_am,0,0,0,0,0,0,0,0,0
1789008610.975717,2188188,pg_toast,pg_toast_2188182,0,0,0,0,0,0,0,0,0
1789008610.975717,3394,pg_catalog,pg_init_privs,0,0,0,0,0,0,0,0,0
1789008610.975717,4167,pg_toast,pg_toast_3256,0,0,0,0,0,0,0,0,0
1789008610.975717,4151,pg_toast,pg_toast_1417,0,0,0,0,0,0,0,0,0
1789008610.975717,2834,pg_toast,pg_toast_2609,0,0,0,0,0,0,0,0,0
1789008610.975717,6000,pg_catalog,pg_replication_origin,0,0,0,0,0,0,0,0,0
1789008610.975717,2188343,public,news_item,0,0,0,0,0,0,0,0,0
1789008610.975717,2840,pg_toast,pg_toast_2619,0,0,0,0,0,0,0,0,0
1789008610.975717,2188122,public,customer_account,0,0,0,0,0,0,0,0,0
1789008610.975717,2328,pg_catalog,pg_foreign_data_wrapper,0,0,0,0,0,0,0,0,0
1789008610.975717,4157,pg_toast,pg_toast_2612,0,0,0,0,0,0,0,0,0
1789008610.975717,1260,pg_catalog,pg_authid,0,0,0,0,0,0,0,0,0
1789008610.975717,6102,pg_catalog,pg_subscription_rel,0,0,0,0,0,0,0,0,0
1789008610.975717,1214,pg_catalog,pg_shdepend,0,0,0,0,0,0,0,0,0
1789008610.975717,4163,pg_toast,pg_toast_2615,0,0,0,0,0,0,0,0,0
1789008610.975717,4169,pg_toast,pg_toast_3600,0,0,0,0,0,0,0,0,0
1789008610.975717,2615,pg_catalog,pg_namespace,1,4,5,2,0,0,0,0,0
1789008610.975717,2188162,public,watch_item,0,0,0,0,0,0,0,0,0
1789008610.975717,2188167,public,watch_list,0,0,0,0,0,0,0,0,0
1789008610.975717,2188243,public,trade_history,0,0,0,0,0,0,0,0,0
1789008610.975717,2188210,public,settlement,0,0,0,0,0,0,0,0,0
1789008610.975717,2188269,public,company,0,0,0,0,0,0,0,0,0
1789008610.975717,2396,pg_catalog,pg_shdescription,0,0,0,0,0,0,0,0,0
1789008610.975717,3600,pg_catalog,pg_ts_dict,0,0,0,0,0,0,0,0,0
1789008610.975717,3596,pg_catalog,pg_seclabel,0,0,0,0,0,0,0,0,0
1789008610.975717,2609,pg_catalog,pg_description,0,0,0,0,0,0,0,0,0
1789008610.975717,13482,pg_toast,pg_toast_13479,0,0,0,0,0,0,0,0,0
1789008610.975717,2188156,public,holding_summary,0,0,0,0,0,0,0,0,0
1789008610.975717,2188390,public,status_type,0,0,0,0,0,0,0,0,0
1789008610.975717,2188395,public,taxrate,0,0,0,0,0,0,0,0,0
1789008610.975717,3603,pg_catalog,pg_ts_config_map,0,0,0,0,0,0,0,0,0
1789008610.975717,1213,pg_catalog,pg_tablespace,0,0,1,1,0,0,0,0,0
1789008610.975717,2188383,pg_toast,pg_toast_2188364,0,0,0,0,0,0,0,0,0
1789008610.975717,2608,pg_catalog,pg_depend,0,0,0,0,0,0,0,0,0
1789008610.975717,2964,pg_catalog,pg_db_role_setting,0,0,0,0,0,0,0,0,0
1789008610.975717,1418,pg_catalog,pg_user_mapping,0,0,0,0,0,0,0,0,0
1789008610.975717,2613,pg_catalog,pg_largeobject,0,0,0,0,0,0,0,0,0
1789008610.975717,6175,pg_toast,pg_toast_3456,0,0,0,0,0,0,0,0,0
1789008610.975717,1261,pg_catalog,pg_auth_members,0,0,0,0,0,0,0,0,0
1789008610.975717,2617,pg_catalog,pg_operator,0,0,5,5,0,0,0,0,0
1789008610.975717,2188352,pg_toast,pg_toast_2188343,0,0,0,0,0,0,0,0,0
1789008610.975717,2188341,pg_toast,pg_toast_2188333,0,0,0,0,0,0,0,0,0
1789008610.975717,2610,pg_catalog,pg_index,1,221,11,14,0,0,0,0,0
1789008610.975717,1249,pg_catalog,pg_attribute,0,0,75,92,0,0,0,0,0
1789008610.975717,2188281,public,company_competitor,0,0,0,0,0,0,0,0,0
1789008610.975717,2600,pg_catalog,pg_aggregate,0,0,1,1,0,0,0,0,0
1789008610.975717,2188180,pg_toast,pg_toast_2188172,0,0,0,0,0,0,0,0,0
1789008610.975717,2188354,public,news_xref,0,0,0,0,0,0,0,0,0
1789008610.975717,2966,pg_toast,pg_toast_2964,0,0,0,0,0,0,0,0,0
1789008610.975717,2188402,public,zip_code,0,0,0,0,0,0,0,0,0
1789008610.975717,2618,pg_catalog,pg_rewrite,0,0,1,1,0,0,0,0,0
1789008610.975717,4177,pg_toast,pg_toast_1262,0,0,0,0,0,0,0,0,0
1789008610.975717,13484,information_schema,sql_parts,0,0,,,0,0,0,0,0
1789008610.975717,4159,pg_toast,pg_toast_2600,0,0,0,0,0,0,0,0,0
1789008610.975717,4147,pg_toast,pg_toast_3079,0,0,0,0,0,0,0,0,0
1789008610.975717,13474,information_schema,sql_features,0,0,,,0,0,0,0,0
1789008610.975717,1247,pg_catalog,pg_type,0,0,19,19,0,0,0,0,0
1789008610.975717,2602,pg_catalog,pg_amop,0,0,12,25,0,0,0,0,0
1789008610.975717,3439,pg_toast,pg_toast_3381,0,0,0,0,0,0,0,0,0
1789008610.975717,2846,pg_toast,pg_toast_2396,0,0,0,0,0,0,0,0,0
1789008610.975717,4145,pg_toast,pg_toast_3466,0,0,0,0,0,0,0,0,0
1789008610.975717,2188385,public,address,0,0,0,0,0,0,0,0,0
1789008610.975717,2188137,public,holding,0,0,0,0,0,0,0,0,0
1789008610.975717,3541,pg_catalog,pg_range,0,0,0,0,0,0,0,0,0
1789008610.975717,3602,pg_catalog,pg_ts_config,0,0,0,0,0,0,0,0,0
1789008610.975717,4183,pg_toast,pg_toast_6100,0,0,0,0,0,0,0,0,0
1789008610.975717,2188333,public,last_trade,0,0,0,0,0,0,0,0,0
1789008610.975717,2224,pg_catalog,pg_sequence,0,0,0,0,0,0,0,0,0
1789008610.975717,2611,pg_catalog,pg_inherits,0,0,0,0,0,0,0,0,0
1789008610.975717,1417,pg_catalog,pg_foreign_server,0,0,0,0,0,0,0,0,0
1789008610.975717,1262,pg_catalog,pg_database,0,0,0,0,0,0,0,0,0
1789008610.975717,2188182,public,cash_transaction,0,0,0,0,0,0,0,0,0
1789008610.975717,13492,pg_toast,pg_toast_13489,0,0,0,0,0,0,0,0,0
1789008610.975717,3501,pg_catalog,pg_enum,0,0,0,0,0,0,0,0,0
1789008610.975717,2607,pg_catalog,pg_conversion,0,0,0,0,0,0,0,0,0
1789008610.975717,2188359,public,sector,0,0,0,0,0,0,0,0,0
1789008610.975717,2188217,pg_toast,pg_toast_2188210,0,0,0,0,0,0,0,0,0
1789008610.975717,826,pg_catalog,pg_default_acl,0,0,0,0,0,0,0,0,0
1789008610.975717,2604,pg_catalog,pg_attrdef,0,0,0,0,0,0,0,0,0
1789008610.975717,2336,pg_toast,pg_toast_2620,0,0,0,0,0,0,0,0,0
1789008610.975717,2188149,public,holding_history,0,0,0,0,0,0,0,0,0
1789008610.975717,2603,pg_catalog,pg_amproc,0,0,5,11,0,0,0,0,0
1789008610.975717,2606,pg_catalog,pg_constraint,0,0,3,8,0,0,0,0,0
1789008610.975717,1255,pg_catalog,pg_proc,0,0,19,24,0,0,0,0,0
1789008610.975717,4173,pg_toast,pg_toast_1418,0,0,0,0,0,0,0,0,0
1789008610.975717,2620,pg_catalog,pg_trigger,0,0,0,0,0,0,0,0,0
1789008610.975717,2188241,pg_toast,pg_toast_2188219,0,0,0,0,0,0,0,0,0
1789008610.975717,2612,pg_catalog,pg_language,0,0,0,0,0,0,0,0,0
1789008610.975717,4149,pg_toast,pg_toast_2328,0,0,0,0,0,0,0,0,0
1789008610.975717,6351,pg_toast,pg_toast_2610,0,0,0,0,0,0,0,0,0
1789008610.975717,13489,information_schema,sql_sizing,0,0,,,0,0,0,0,0
1789008610.975717,3598,pg_toast,pg_toast_3596,0,0,0,0,0,0,0,0,0
1789008610.975717,2188111,public,customer,0,0,0,0,0,0,0,0,0
1789008610.975717,2836,pg_toast,pg_toast_1255,0,0,0,0,0,0,0,0,0
1789008610.975717,3456,pg_catalog,pg_collation,0,0,0,0,0,0,0,0,0
1789008610.975717,3079,pg_catalog,pg_extension,0,0,0,0,0,0,0,0,0
1789008610.975717,2188262,public,trade_type,0,0,0,0,0,0,0,0,0
1789008610.975717,6100,pg_catalog,pg_subscription,0,0,0,0,0,0,0,0,0
1789008610.975717,2188249,public,trade_request,0,0,0,0,0,0,0,0,0
1789008610.975717,2188198,public,commission_rate,0,0,0,0,0,0,0,0,0
1789008610.975717,2188130,pg_toast,pg_toast_2188122,0,0,0,0,0,0,0,0,0
1789008610.975717,2832,pg_toast,pg_toast_2606,0,0,0,0,0,0,0,0,0
1789008610.975717,3256,pg_catalog,pg_policy,0,0,0,0,0,0,0,0,0
1789008610.975717,2188172,public,broker,0,0,0,0,0,0,0,0,0
1789008610.975717,2188296,pg_toast,pg_toast_2188287,0,0,0,0,0,0,0,0,0
1789008610.975717,2188307,public,financial,0,0,0,0,0,0,0,0,0
1789008610.975717,2188103,public,account_permission,0,0,0,0,0,0,0,0,0
1789008610.975717,3466,pg_catalog,pg_event_trigger,0,0,0,0,0,0,0,0,0
1789008610.975717,3592,pg_catalog,pg_shseclabel,0,0,0,0,0,0,0,0,0
1789008610.975717,3764,pg_catalog,pg_ts_template,0,0,0,0,0,0,0,0,0
1789008610.975717,6237,pg_catalog,pg_publication_namespace,0,0,0,0,0,0,0,0,0
1789008610.975717,13487,pg_toast,pg_toast_13484,0,0,0,0,0,0,0,0,0
1789008610.975717,2995,pg_catalog,pg_largeobject_metadata,0,0,0,0,0,0,0,0,0
1789008610.975717,4143,pg_toast,pg_toast_826,0,0,0,0,0,0,0,0,0
1789008610.975717,4185,pg_toast,pg_toast_1213,0,0,0,0,0,0,0,0,0
1789008610.975717,2188287,public,daily_market,0,0,0,0,0,0,0,0,0
1789008610.975717,2188190,public,charge,0,0,0,0,0,0,0,0,0
1789008610.975717,6243,pg_catalog,pg_parameter_acl,0,0,0,0,0,0,0,0,0
1789008610.975717,2616,pg_catalog,pg_opclass,0,0,8,134,0,0,0,0,0
1789008610.975717,2188298,public,exchange,0,0,0,0,0,0,0,0,0
1789008610.975717,2188147,pg_toast,pg_toast_2188137,0,0,0,0,0,0,0,0,0
1789008610.975717,2838,pg_toast,pg_toast_2618,0,0,1,3,0,0,0,0,0
1789008610.975717,2188327,public,industry,0,0,0,0,0,0,0,0,0
1789008610.975717,6228,pg_toast,pg_toast_6106,0,0,0,0,0,0,0,0,0
1789008610.975717,2188325,pg_toast,pg_toast_2188307,0,0,0,0,0,0,0,0,0
1789008610.975717,2188364,public,security,0,0,0,0,0,0,0,0,0
1789008610.975717,3118,pg_catalog,pg_foreign_table,0,0,0,0,0,0,0,0,0
1789008610.975717,1259,pg_catalog,pg_class,1,523,12,12,0,0,0,0,0
1789008610.975717,3350,pg_catalog,pg_partitioned_table,0,0,0,0,0,0,0,0,0
1789008610.975717,4153,pg_toast,pg_toast_3118,0,0,0,0,0,0,0,0,0
1789008610.975717,4060,pg_toast,pg_toast_3592,0,0,0,0,0,0,0,0,0
1789008610.975717,4165,pg_toast,pg_toast_3350,0,0,0,0,0,0,0,0,0
1789008610.975717,2753,pg_catalog,pg_opfamily,0,0,2,2,0,0,0,0,0
1789008610.975717,3601,pg_catalog,pg_ts_parser,0,0,0,0,0,0,0,0,0
1789008610.975717,2188219,public,trade,0,0,0,0,0,0,0,0,0
1789008610.975717,2188260,pg_toast,pg_toast_2188249,0,0,0,0,0,0,0,0,0
1789008610.975717,6104,pg_catalog,pg_publication,0,0,0,0,0,0,0,0,0
1789008610.975717,13477,pg_toast,pg_toast_13474,0,0,0,0,0,0,0,0,0
1789008610.975717,3429,pg_catalog,pg_statistic_ext_data,0,0,0,0,0,0,0,0,0
1789008610.975717,2619,pg_catalog,pg_statistic,0,0,17,8,0,0,0,0,0
1789008610.975717,4155,pg_toast,pg_toast_3394,0,0,0,0,0,0,0,0,0
1789008610.975717,2188196,pg_toast,pg_toast_2188190,0,0,0,0,0,0,0,0,0
1789008610.975717,3381,pg_catalog,pg_statistic_ext,0,0,3,0,0,0,0,0,0
1789008610.975717,6106,pg_catalog,pg_publication_rel,0,0,0,0,0,0,0,0,0
1789008610.975717,2605,pg_catalog,pg_cast,0,0,34,7,0,0,0,0,0
1789008610.975717,4171,pg_toast,pg_toast_1247,0,0,0,0,0,0,0,0,0
1789008610.975717,2830,pg_toast,pg_toast_2604,0,0,0,0,0,0,0,0,0
1789008610.975717,13479,information_schema,sql_implementation_info,0,0,,,0,0,0,0,0
1789008610.975717,6244,pg_toast,pg_toast_6243,0,0,0,0,0,0,0,0,0
1789008610.975717,3430,pg_toast,pg_toast_3429,0,0,0,0,0,0,0,0,0
1789008670.087145,2188132,public,customer_taxrate,0,0,0,0,0,0,0,0,0
1789008670.087145,3576,pg_catalog,pg_transform,0,0,0,0,0,0,0,0,0
1789008670.087145,2601,pg_catalog,pg_am,0,0,0,0,0,0,0,0,0
1789008670.087145,2188188,pg_toast,pg_toast_2188182,0,0,0,0,0,0,0,0,0
1789008670.087145,3394,pg_catalog,pg_init_privs,0,0,0,0,0,0,0,0,0
1789008670.087145,4167,pg_toast,pg_toast_3256,0,0,0,0,0,0,0,0,0
1789008670.087145,4151,pg_toast,pg_toast_1417,0,0,0,0,0,0,0,0,0
1789008670.087145,2834,pg_toast,pg_toast_2609,0,0,0,0,0,0,0,0,0
1789008670.087145,6000,pg_catalog,pg_replication_origin,0,0,0,0,0,0,0,0,0
1789008670.087145,2188343,public,news_item,0,0,0,0,0,0,0,0,0
1789008670.087145,2840,pg_toast,pg_toast_2619,0,0,0,0,0,0,0,0,0
1789008670.087145,2188122,public,customer_account,0,0,0,0,0,0,0,0,0
1789008670.087145,2328,pg_catalog,pg_foreign_data_wrapper,0,0,0,0,0,0,0,0,0
1789008670.087145,4157,pg_toast,pg_toast_2612,0,0,0,0,0,0,0,0,0
1789008670.087145,1260,pg_catalog,pg_authid,0,0,0,0,0,0,0,0,0
1789008670.087145,6102,pg_catalog,pg_subscription_rel,0,0,0,0,0,0,0,0,0
1789008670.087145,1214,pg_catalog,pg_shdepend,0,0,0,0,0,0,0,0,0
1789008670.087145,4163,pg_toast,pg_toast_2615,0,0,0,0,0,0,0,0,0
1789008670.087145,4169,pg_toast,pg_toast_3600,0,0,0,0,0,0,0,0,0
1789008670.087145,2615,pg_catalog,pg_namespace,1,4,5,2,0,0,0,0,0
1789008670.087145,2188162,public,watch_item,0,0,0,0,0,0,0,0,0
1789008670.087145,2188167,public,watch_list,0,0,0,0,0,0,0,0,0
1789008670.087145,2188243,public,trade_history,0,0,0,0,0,0,0,0,0
1789008670.087145,2188210,public,settlement,0,0,0,0,0,0,0,0,0
1789008670.087145,2188269,public,company,0,0,0,0,0,0,0,0,0
1789008670.087145,2396,pg_catalog,pg_shdescription,0,0,0,0,0,0,0,0,0
1789008670.087145,3600,pg_catalog,pg_ts_dict,0,0,0,0,0,0,0,0,0
1789008670.087145,3596,pg_catalog,pg_seclabel,0,0,0,0,0,0,0,0,0
1789008670.087145,2609,pg_catalog,pg_description,0,0,0,0,0,0,0,0,0
1789008670.087145,13482,pg_toast,pg_toast_13479,0,0,0,0,0,0,0,0,0
1789008670.087145,2188156,public,holding_summary,0,0,0,0,0,0,0,0,0
1789008670.087145,2188390,public,status_type,0,0,0,0,0,0,0,0,0
1789008670.087145,2188395,public,taxrate,0,0,0,0,0,0,0,0,0
1789008670.087145,3603,pg_catalog,pg_ts_config_map,0,0,0,0,0,0,0,0,0
1789008670.087145,1213,pg_catalog,pg_tablespace,0,0,1,1,0,0,0,0,0
1789008670.087145,2188383,pg_toast,pg_toast_2188364,0,0,0,0,0,0,0,0,0
1789008670.087145,2608,pg_catalog,pg_depend,0,0,0,0,0,0,0,0,0
1789008670.087145,2964,pg_catalog,pg_db_role_setting,0,0,0,0,0,0,0,0,0
1789008670.087145,1418,pg_catalog,pg_user_mapping,0,0,0,0,0,0,0,0,0
1789008670.087145,2613,pg_catalog,pg_largeobject,0,0,0,0,0,0,0,0,0
1789008670.087145,6175,pg_toast,pg_toast_3456,0,0,0,0,0,0,0,0,0
1789008670.087145,1261,pg_catalog,pg_auth_members,0,0,0,0,0,0,0,0,0
1789008670.087145,2617,pg_catalog,pg_operator,0,0,5,5,0,0,0,0,0
1789008670.087145,2188352,pg_toast,pg_toast_2188343,0,0,0,0,0,0,0,0,0
1789008670.087145,2188341,pg_toast,pg_toast_2188333,0,0,0,0,0,0,0,0,0
1789008670.087145,2610,pg_catalog,pg_index,1,221,11,14,0,0,0,0,0
1789008670.087145,1249,pg_catalog,pg_attribute,0,0,75,92,0,0,0,0,0
1789008670.087145,2188281,public,company_competitor,0,0,0,0,0,0,0,0,0
1789008670.087145,2600,pg_catalog,pg_aggregate,0,0,1,1,0,0,0,0,0
1789008670.087145,2188180,pg_toast,pg_toast_2188172,0,0,0,0,0,0,0,0,0
1789008670.087145,2188354,public,news_xref,0,0,0,0,0,0,0,0,0
1789008670.087145,2966,pg_toast,pg_toast_2964,0,0,0,0,0,0,0,0,0
1789008670.087145,2188402,public,zip_code,0,0,0,0,0,0,0,0,0
1789008670.087145,2618,pg_catalog,pg_rewrite,0,0,1,1,0,0,0,0,0
1789008670.087145,4177,pg_toast,pg_toast_1262,0,0,0,0,0,0,0,0,0
1789008670.087145,13484,information_schema,sql_parts,0,0,,,0,0,0,0,0
1789008670.087145,4159,pg_toast,pg_toast_2600,0,0,0,0,0,0,0,0,0
1789008670.087145,4147,pg_toast,pg_toast_3079,0,0,0,0,0,0,0,0,0
1789008670.087145,13474,information_schema,sql_features,0,0,,,0,0,0,0,0
1789008670.087145,1247,pg_catalog,pg_type,0,0,19,19,0,0,0,0,0
1789008670.087145,2602,pg_catalog,pg_amop,0,0,12,25,0,0,0,0,0
1789008670.087145,3439,pg_toast,pg_toast_3381,0,0,0,0,0,0,0,0,0
1789008670.087145,2846,pg_toast,pg_toast_2396,0,0,0,0,0,0,0,0,0
1789008670.087145,4145,pg_toast,pg_toast_3466,0,0,0,0,0,0,0,0,0
1789008670.087145,2188385,public,address,0,0,0,0,0,0,0,0,0
1789008670.087145,2188137,public,holding,0,0,0,0,0,0,0,0,0
1789008670.087145,3541,pg_catalog,pg_range,0,0,0,0,0,0,0,0,0
1789008670.087145,3602,pg_catalog,pg_ts_config,0,0,0,0,0,0,0,0,0
1789008670.087145,4183,pg_toast,pg_toast_6100,0,0,0,0,0,0,0,0,0
1789008670.087145,2188333,public,last_trade,0,0,0,0,0,0,0,0,0
1789008670.087145,2224,pg_catalog,pg_sequence,0,0,0,0,0,0,0,0,0
1789008670.087145,2611,pg_catalog,pg_inherits,0,0,0,0,0,0,0,0,0
1789008670.087145,1417,pg_catalog,pg_foreign_server,0,0,0,0,0,0,0,0,0
1789008670.087145,1262,pg_catalog,pg_database,0,0,0,0,0,0,0,0,0
1789008670.087145,2188182,public,cash_transaction,0,0,0,0,0,0,0,0,0
1789008670.087145,13492,pg_toast,pg_toast_13489,0,0,0,0,0,0,0,0,0
1789008670.087145,3501,pg_catalog,pg_enum,0,0,0,0,0,0,0,0,0
1789008670.087145,2607,pg_catalog,pg_conversion,0,0,0,0,0,0,0,0,0
1789008670.087145,2188359,public,sector,0,0,0,0,0,0,0,0,0
1789008670.087145,2188217,pg_toast,pg_toast_2188210,0,0,0,0,0,0,0,0,0
1789008670.087145,826,pg_catalog,pg_default_acl,0,0,0,0,0,0,0,0,0
1789008670.087145,2604,pg_catalog,pg_attrdef,0,0,0,0,0,0,0,0,0
1789008670.087145,2336,pg_toast,pg_toast_2620,0,0,0,0,0,0,0,0,0
1789008670.087145,2188149,public,holding_history,0,0,0,0,0,0,0,0,0
1789008670.087145,2603,pg_catalog,pg_amproc,0,0,5,11,0,0,0,0,0
1789008670.087145,2606,pg_catalog,pg_constraint,0,0,3,8,0,0,0,0,0
1789008670.087145,1255,pg_catalog,pg_proc,0,0,19,24,0,0,0,0,0
1789008670.087145,4173,pg_toast,pg_toast_1418,0,0,0,0,0,0,0,0,0
1789008670.087145,2620,pg_catalog,pg_trigger,0,0,0,0,0,0,0,0,0
1789008670.087145,2188241,pg_toast,pg_toast_2188219,0,0,0,0,0,0,0,0,0
1789008670.087145,2612,pg_catalog,pg_language,0,0,0,0,0,0,0,0,0
1789008670.087145,4149,pg_toast,pg_toast_2328,0,0,0,0,0,0,0,0,0
1789008670.087145,6351,pg_toast,pg_toast_2610,0,0,0,0,0,0,0,0,0
1789008670.087145,13489,information_schema,sql_sizing,0,0,,,0,0,0,0,0
1789008670.087145,3598,pg_toast,pg_toast_3596,0,0,0,0,0,0,0,0,0
1789008670.087145,2188111,public,customer,0,0,0,0,0,0,0,0,0
1789008670.087145,2836,pg_toast,pg_toast_1255,0,0,0,0,0,0,0,0,0
1789008670.087145,3456,pg_catalog,pg_collation,0,0,0,0,0,0,0,0,0
1789008670.087145,3079,pg_catalog,pg_extension,0,0,0,0,0,0,0,0,0
1789008670.087145,2188262,public,trade_type,0,0,0,0,0,0,0,0,0
1789008670.087145,6100,pg_catalog,pg_subscription,0,0,0,0,0,0,0,0,0
1789008670.087145,2188249,public,trade_request,0,0,0,0,0,0,0,0,0
1789008670.087145,2188198,public,commission_rate,0,0,0,0,0,0,0,0,0
1789008670.087145,2188130,pg_toast,pg_toast_2188122,0,0,0,0,0,0,0,0,0
1789008670.087145,2832,pg_toast,pg_toast_2606,0,0,0,0,0,0,0,0,0
1789008670.087145,3256,pg_catalog,pg_policy,0,0,0,0,0,0,0,0,0
1789008670.087145,2188172,public,broker,0,0,0,0,0,0,0,0,0
1789008670.087145,2188296,pg_toast,pg_toast_2188287,0,0,0,0,0,0,0,0,0
1789008670.087145,2188307,public,financial,0,0,0,0,0,0,0,0,0
1789008670.087145,2188103,public,account_permission,0,0,0,0,0,0,0,0,0
1789008670.087145,3466,pg_catalog,pg_event_trigger,0,0,0,0,0,0,0,0,0
1789008670.087145,3592,pg_catalog,pg_shseclabel,0,0,0,0,0,0,0,0,0
1789008670.087145,3764,pg_catalog,pg_ts_template,0,0,0,0,0,0,0,0,0
1789008670.087145,6237,pg_catalog,pg_publication_namespace,0,0,0,0,0,0,0,0,0
1789008670.087145,13487,pg_toast,pg_toast_13484,0,0,0,0,0,0,0,0,0
1789008670.087145,2995,pg_catalog,pg_largeobject_metadata,0,0,0,0,0,0,0,0,0
1789008670.087145,4143,pg_toast,pg_toast_826,0,0,0,0,0,0,0,0,0
1789008670.087145,4185,pg_toast,pg_toast_1213,0,0,0,0,0,0,0,0,0
1789008670.087145,2188287,public,daily_market,0,0,0,0,0,0,0,0,0
1789008670.087145,2188190,public,charge,0,0,0,0,0,0,0,0,0
1789008670.087145,6243,pg_catalog,pg_parameter_acl,0,0,0,0,0,0,0,0,0
1789008670.087145,2616,pg_catalog,pg_opclass,0,0,8,134,0,0,0,0,0
1789008670.087145,2188298,public,exchange,0,0,0,0,0,0,0,0,0
1789008670.087145,2188147,pg_toast,pg_toast_2188137,0,0,0,0,0,0,0,0,0
1789008670.087145,2838,pg_toast,pg_toast_2618,0,0,1,3,0,0,0,0,0
1789008670.087145,2188327,public,industry,0,0,0,0,0,0,0,0,0
1789008670.087145,6228,pg_toast,pg_toast_6106,0,0,0,0,0,0,0,0,0
1789008670.087145,2188325,pg_toast,pg_toast_2188307,0,0,0,0,0,0,0,0,0
1789008670.087145,2188364,public,security,0,0,0,0,0,0,0,0,0
1789008670.087145,3118,pg_catalog,pg_foreign_table,0,0,0,0,0,0,0,0,0
1789008670.087145,1259,pg_catalog,pg_class,1,523,12,12,0,0,0,0,0
1789008670.087145,3350,pg_catalog,pg_partitioned_table,0,0,0,0,0,0,0,0,0
1789008670.087145,4153,pg_toast,pg_toast_3118,0,0,0,0,0,0,0,0,0
1789008670.087145,4060,pg_toast,pg_toast_3592,0,0,0,0,0,0,0,0,0
1789008670.087145,4165,pg_toast,pg_toast_3350,0,0,0,0,0,0,0,0,0
1789008670.087145,2753,pg_catalog,pg_opfamily,0,0,2,2,0,0,0,0,0
1789008670.087145,3601,pg_catalog,pg_ts_parser,0,0,0,0,0,0,0,0,0
1789008670.087145,2188219,public,trade,0,0,0,0,0,0,0,0,0
1789008670.087145,2188260,pg_toast,pg_toast_2188249,0,0,0,0,0,0,0,0,0
1789008670.087145,6104,pg_catalog,pg_publication,0,0,0,0,0,0,0,0,0
1789008670.087145,13477,pg_toast,pg_toast_13474,0,0,0,0,0,0,0,0,0
1789008670.087145,3429,pg_catalog,pg_statistic_ext_data,0,0,0,0,0,0,0,0,0
1789008670.087145,2619,pg_catalog,pg_statistic,0,0,17,8,0,0,0,0,0
1789008670.087145,4155,pg_toast,pg_toast_3394,0,0,0,0,0,0,0,0,0
1789008670.087145,2188196,pg_toast,pg_toast_2188190,0,0,0,0,0,0,0,0,0
1789008670.087145,3381,pg_catalog,pg_statistic_ext,0,0,3,0,0,0,0,0,0
1789008670.087145,6106,pg_catalog,pg_publication_rel,0,0,0,0,0,0,0,0,0
1789008670.087145,2605,pg_catalog,pg_cast,0,0,34,7,0,0,0,0,0
1789008670.087145,4171,pg_toast,pg_toast_1247,0,0,0,0,0,0,0,0,0
1789008670.087145,2830,pg_toast,pg_toast_2604,0,0,0,0,0,0,0,0,0
1789008670.087145,13479,information_schema,sql_implementation_info,0,0,,,0,0,0,0,0
1789008670.087145,6244,pg_toast,pg_toast_6243,0,0,0,0,0,0,0,0,0
1789008670.087145,3430,pg_toast,pg_toast_3429,0,0,0,0,0,0,0,0,0
1789008730.161495,2188132,public,customer_taxrate,0,0,0,0,0,0,0,0,0
1789008730.161495,3576,pg_catalog,pg_transform,0,0,0,0,0,0,0,0,0
1789008730.161495,2601,pg_catalog,pg_am,0,0,0,0,0,0,0,0,0
1789008730.161495,2188188,pg_toast,pg_toast_2188182,0,0,0,0,0,0,0,0,0
1789008730.161495,3394,pg_catalog,pg_init_privs,0,0,0,0,0,0,0,0,0
1789008730.161495,4167,pg_toast,pg_toast_3256,0,0,0,0,0,0,0,0,0
1789008730.161495,4151,pg_toast,pg_toast_1417,0,0,0,0,0,0,0,0,0
1789008730.161495,2834,pg_toast,pg_toast_2609,0,0,0,0,0,0,0,0,0
1789008730.161495,6000,pg_catalog,pg_replication_origin,0,0,0,0,0,0,0,0,0
1789008730.161495,2188343,public,news_item,0,0,0,0,0,0,0,0,0
1789008730.161495,2840,pg_toast,pg_toast_2619,0,0,0,0,0,0,0,0,0
1789008730.161495,2188122,public,customer_account,0,0,0,0,0,0,0,0,0
1789008730.161495,2328,pg_catalog,pg_foreign_data_wrapper,0,0,0,0,0,0,0,0,0
1789008730.161495,4157,pg_toast,pg_toast_2612,0,0,0,0,0,0,0,0,0
1789008730.161495,1260,pg_catalog,pg_authid,0,0,0,0,0,0,0,0,0
1789008730.161495,6102,pg_catalog,pg_subscription_rel,0,0,0,0,0,0,0,0,0
1789008730.161495,1214,pg_catalog,pg_shdepend,0,0,0,0,0,0,0,0,0
1789008730.161495,4163,pg_toast,pg_toast_2615,0,0,0,0,0,0,0,0,0
1789008730.161495,4169,pg_toast,pg_toast_3600,0,0,0,0,0,0,0,0,0
1789008730.161495,2615,pg_catalog,pg_namespace,1,4,5,2,0,0,0,0,0
1789008730.161495,2188162,public,watch_item,0,0,0,0,0,0,0,0,0
1789008730.161495,2188167,public,watch_list,0,0,0,0,0,0,0,0,0
1789008730.161495,2188243,public,trade_history,0,0,0,0,0,0,0,0,0
1789008730.161495,2188210,public,settlement,0,0,0,0,0,0,0,0,0
1789008730.161495,2188269,public,company,0,0,0,0,0,0,0,0,0
1789008730.161495,2396,pg_catalog,pg_shdescription,0,0,0,0,0,0,0,0,0
1789008730.161495,3600,pg_catalog,pg_ts_dict,0,0,0,0,0,0,0,0,0
1789008730.161495,3596,pg_catalog,pg_seclabel,0,0,0,0,0,0,0,0,0
1789008730.161495,2609,pg_catalog,pg_description,0,0,0,0,0,0,0,0,0
1789008730.161495,13482,pg_toast,pg_toast_13479,0,0,0,0,0,0,0,0,0
1789008730.161495,2188156,public,holding_summary,0,0,0,0,0,0,0,0,0
1789008730.161495,2188390,public,status_type,0,0,0,0,0,0,0,0,0
1789008730.161495,2188395,public,taxrate,0,0,0,0,0,0,0,0,0
1789008730.161495,3603,pg_catalog,pg_ts_config_map,0,0,0,0,0,0,0,0,0
1789008730.161495,1213,pg_catalog,pg_tablespace,0,0,1,1,0,0,0,0,0
1789008730.161495,2188383,pg_toast,pg_toast_2188364,0,0,0,0,0,0,0,0,0
1789008730.161495,2608,pg_catalog,pg_depend,0,0,0,0,0,0,0,0,0
1789008730.161495,2964,pg_catalog,pg_db_role_setting,0,0,0,0,0,0,0,0,0
1789008730.161495,1418,pg_catalog,pg_user_mapping,0,0,0,0,0,0,0,0,0
1789008730.161495,2613,pg_catalog,pg_largeobject,0,0,0,0,0,0,0,0,0
1789008730.161495,6175,pg_toast,pg_toast_3456,0,0,0,0,0,0,0,0,0
1789008730.161495,1261,pg_catalog,pg_auth_members,0,0,0,0,0,0,0,0,0
1789008730.161495,2617,pg_catalog,pg_operator,0,0,5,5,0,0,0,0,0
1789008730.161495,2188352,pg_toast,pg_toast_2188343,0,0,0,0,0,0,0,0,0
1789008730.161495,2188341,pg_toast,pg_toast_2188333,0,0,0,0,0,0,0,0,0
1789008730.161495,2610,pg_catalog,pg_index,1,221,11,14,0,0,0,0,0
1789008730.161495,1249,pg_catalog,pg_attribute,0,0,75,92,0,0,0,0,0
1789008730.161495,2188281,public,company_competitor,0,0,0,0,0,0,0,0,0
1789008730.161495,2600,pg_catalog,pg_aggregate,0,0,1,1,0,0,0,0,0
1789008730.161495,2188180,pg_toast,pg_toast_2188172,0,0,0,0,0,0,0,0,0
1789008730.161495,2188354,public,news_xref,0,0,0,0,0,0,0,0,0
1789008730.161495,2966,pg_toast,pg_toast_2964,0,0,0,0,0,0,0,0,0
1789008730.161495,2188402,public,zip_code,0,0,0,0,0,0,0,0,0
1789008730.161495,2618,pg_catalog,pg_rewrite,0,0,1,1,0,0,0,0,0
1789008730.161495,4177,pg_toast,pg_toast_1262,0,0,0,0,0,0,0,0,0
1789008730.161495,13484,information_schema,sql_parts,0,0,,,0,0,0,0,0
1789008730.161495,4159,pg_toast,pg_toast_2600,0,0,0,0,0,0,0,0,0
1789008730.161495,4147,pg_toast,pg_toast_3079,0,0,0,0,0,0,0,0,0
1789008730.161495,13474,information_schema,sql_features,0,0,,,0,0,0,0,0
1789008730.161495,1247,pg_catalog,pg_type,0,0,19,19,0,0,0,0,0
1789008730.161495,2602,pg_catalog,pg_amop,0,0,12,25,0,0,0,0,0
1789008730.161495,3439,pg_toast,pg_toast_3381,0,0,0,0,0,0,0,0,0
1789008730.161495,2846,pg_toast,pg_toast_2396,0,0,0,0,0,0,0,0,0
1789008730.161495,4145,pg_toast,pg_toast_3466,0,0,0,0,0,0,0,0,0
1789008730.161495,2188385,public,address,0,0,0,0,0,0,0,0,0
1789008730.161495,2188137,public,holding,0,0,0,0,0,0,0,0,0
1789008730.161495,3541,pg_catalog,pg_range,0,0,0,0,0,0,0,0,0
1789008730.161495,3602,pg_catalog,pg_ts_config,0,0,0,0,0,0,0,0,0
1789008730.161495,4183,pg_toast,pg_toast_6100,0,0,0,0,0,0,0,0,0
1789008730.161495,2188333,public,last_trade,0,0,0,0,0,0,0,0,0
1789008730.161495,2224,pg_catalog,pg_sequence,0,0,0,0,0,0,0,0,0
1789008730.161495,2611,pg_catalog,pg_inherits,0,0,0,0,0,0,0,0,0
1789008730.161495,1417,pg_catalog,pg_foreign_server,0,0,0,0,0,0,0,0,0
1789008730.161495,1262,pg_catalog,pg_database,0,0,0,0,0,0,0,0,0
1789008730.161495,2188182,public,cash_transaction,0,0,0,0,0,0,0,0,0
1789008730.161495,13492,pg_toast,pg_toast_13489,0,0,0,0,0,0,0,0,0
1789008730.161495,3501,pg_catalog,pg_enum,0,0,0,0,0,0,0,0,0
1789008730.161495,2607,pg_catalog,pg_conversion,0,0,0,0,0,0,0,0,0
1789008730.161495,2188359,public,sector,0,0,0,0,0,0,0,0,0
1789008730.161495,2188217,pg_toast,pg_toast_2188210,0,0,0,0,0,0,0,0,0
1789008730.161495,826,pg_catalog,pg_default_acl,0,0,0,0,0,0,0,0,0
1789008730.161495,2604,pg_catalog,pg_attrdef,0,0,0,0,0,0,0,0,0
1789008730.161495,2336,pg_toast,pg_toast_2620,0,0,0,0,0,0,0,0,0
1789008730.161495,2188149,public,holding_history,0,0,0,0,0,0,0,0,0
1789008730.161495,2603,pg_catalog,pg_amproc,0,0,5,11,0,0,0,0,0
1789008730.161495,2606,pg_catalog,pg_constraint,0,0,3,8,0,0,0,0,0
1789008730.161495,1255,pg_catalog,pg_proc,0,0,19,24,0,0,0,0,0
1789008730.161495,4173,pg_toast,pg_toast_1418,0,0,0,0,0,0,0,0,0
1789008730.161495,2620,pg_catalog,pg_trigger,0,0,0,0,0,0,0,0,0
1789008730.161495,2188241,pg_toast,pg_toast_2188219,0,0,0,0,0,0,0,0,0
1789008730.161495,2612,pg_catalog,pg_language,0,0,0,0,0,0,0,0,0
1789008730.161495,4149,pg_toast,pg_toast_2328,0,0,0,0,0,0,0,0,0
1789008730.161495,6351,pg_toast,pg_toast_2610,0,0,0,0,0,0,0,0,0
1789008730.161495,13489,information_schema,sql_sizing,0,0,,,0,0,0,0,0
1789008730.161495,3598,pg_toast,pg_toast_3596,0,0,0,0,0,0,0,0,0
1789008730.161495,2188111,public,customer,0,0,0,0,0,0,0,0,0
1789008730.161495,2836,pg_toast,pg_toast_1255,0,0,0,0,0,0,0,0,0
1789008730.161495,3456,pg_catalog,pg_collation,0,0,0,0,0,0,0,0,0
1789008730.161495,3079,pg_catalog,pg_extension,0,0,0,0,0,0,0,0,0
1789008730.161495,2188262,public,trade_type,0,0,0,0,0,0,0,0,0
1789008730.161495,6100,pg_catalog,pg_subscription,0,0,0,0,0,0,0,0,0
1789008730.161495,2188249,public,trade_request,0,0,0,0,0,0,0,0,0
1789008730.161495,2188198,public,commission_rate,0,0,0,0,0,0,0,0,0
1789008730.161495,2188130,pg_toast,pg_toast_2188122,0,0,0,0,0,0,0,0,0
1789008730.161495,2832,pg_toast,pg_toast_2606,0,0,0,0,0,0,0,0,0
1789008730.161495,3256,pg_catalog,pg_policy,0,0,0,0,0,0,0,0,0
1789008730.161495,2188172,public,broker,0,0,0,0,0,0,0,0,0
1789008730.161495,2188296,pg_toast,pg_toast_2188287,0,0,0,0,0,0,0,0,0
1789008730.161495,2188307,public,financial,0,0,0,0,0,0,0,0,0
1789008730.161495,2188103,public,account_permission,0,0,0,0,0,0,0,0,0
1789008730.161495,3466,pg_catalog,pg_event_trigger,0,0,0,0,0,0,0,0,0
1789008730.161495,3592,pg_catalog,pg_shseclabel,0,0,0,0,0,0,0,0,0
1789008730.161495,3764,pg_catalog,pg_ts_template,0,0,0,0,0,0,0,0,0
1789008730.161495,6237,pg_catalog,pg_publication_namespace,0,0,0,0,0,0,0,0,0
1789008730.161495,13487,pg_toast,pg_toast_13484,0,0,0,0,0,0,0,0,0
1789008730.161495,2995,pg_catalog,pg_largeobject_metadata,0,0,0,0,0,0,0,0,0
1789008730.161495,4143,pg_toast,pg_toast_826,0,0,0,0,0,0,0,0,0
1789008730.161495,4185,pg_toast,pg_toast_1213,0,0,0,0,0,0,0,0,0
1789008730.161495,2188287,public,daily_market,0,0,0,0,0,0,0,0,0
1789008730.161495,2188190,public,charge,0,0,0,0,0,0,0,0,0
1789008730.161495,6243,pg_catalog,pg_parameter_acl,0,0,0,0,0,0,0,0,0
1789008730.161495,2616,pg_catalog,pg_opclass,0,0,8,134,0,0,0,0,0
1789008730.161495,2188298,public,exchange,0,0,0,0,0,0,0,0,0
1789008730.161495,2188147,pg_toast,pg_toast_2188137,0,0,0,0,0,0,0,0,0
1789008730.161495,2838,pg_toast,pg_toast_2618,0,0,1,3,0,0,0,0,0
1789008730.161495,2188327,public,industry,0,0,0,0,0,0,0,0,0
1789008730.161495,6228,pg_toast,pg_toast_6106,0,0,0,0,0,0,0,0,0
1789008730.161495,2188325,pg_toast,pg_toast_2188307,0,0,0,0,0,0,0,0,0
1789008730.161495,2188364,public,security,0,0,0,0,0,0,0,0,0
1789008730.161495,3118,pg_catalog,pg_foreign_table,0,0,0,0,0,0,0,0,0
1789008730.161495,1259,pg_catalog,pg_class,1,523,12,12,0,0,0,0,0
1789008730.161495,3350,pg_catalog,pg_partitioned_table,0,0,0,0,0,0,0,0,0
1789008730.161495,4153,pg_toast,pg_toast_3118,0,0,0,0,0,0,0,0,0
1789008730.161495,4060,pg_toast,pg_toast_3592,0,0,0,0,0,0,0,0,0
1789008730.161495,4165,pg_toast,pg_toast_3350,0,0,0,0,0,0,0,0,0
1789008730.161495,2753,pg_catalog,pg_opfamily,0,0,2,2,0,0,0,0,0
1789008730.161495,3601,pg_catalog,pg_ts_parser,0,0,0,0,0,0,0,0,0
1789008730.161495,2188219,public,trade,0,0,0,0,0,0,0,0,0
1789008730.161495,2188260,pg_toast,pg_toast_2188249,0,0,0,0,0,0,0,0,0
1789008730.161495,6104,pg_catalog,pg_publication,0,0,0,0,0,0,0,0,0
1789008730.161495,13477,pg_toast,pg_toast_13474,0,0,0,0,0,0,0,0,0
1789008730.161495,3429,pg_catalog,pg_statistic_ext_data,0,0,0,0,0,0,0,0,0
1789008730.161495,2619,pg_catalog,pg_statistic,0,0,17,8,0,0,0,0,0
1789008730.161495,4155,pg_toast,pg_toast_3394,0,0,0,0,0,0,0,0,0
1789008730.161495,2188196,pg_toast,pg_toast_2188190,0,0,0,0,0,0,0,0,0
1789008730.161495,3381,pg_catalog,pg_statistic_ext,0,0,3,0,0,0,0,0,0
1789008730.161495,6106,pg_catalog,pg_publication_rel,0,0,0,0,0,0,0,0,0
1789008730.161495,2605,pg_catalog,pg_cast,0,0,34,7,0,0,0,0,0
1789008730.161495,4171,pg_toast,pg_toast_1247,0,0,0,0,0,0,0,0,0
1789008730.161495,2830,pg_toast,pg_toast_2604,0,0,0,0,0,0,0,0,0
1789008730.161495,13479,information_schema,sql_implementation_info,0,0,,,0,0,0,0,0
1789008730.161495,6244,pg_toast,pg_toast_6243,0,0,0,0,0,0,0,0,0
1789008730.161495,3430,pg_toast,pg_toast_3429,0,0,0,0,0,0,0,0,0
1789008790.237541,2188132,public,customer_taxrate,0,0,0,0,0,0,0,0,0
1789008790.237541,3576,pg_catalog,pg_transform,0,0,0,0,0,0,0,0,0
1789008790.237541,2601,pg_catalog,pg_am,0,0,0,0,0,0,0,0,0
1789008790.237541,2188188,pg_toast,pg_toast_2188182,0,0,0,0,0,0,0,0,0
1789008790.237541,3394,pg_catalog,pg_init_privs,0,0,0,0,0,0,0,0,0
1789008790.237541,4167,pg_toast,pg_toast_3256,0,0,0,0,0,0,0,0,0
1789008790.237541,4151,pg_toast,pg_toast_1417,0,0,0,0,0,0,0,0,0
1789008790.237541,2834,pg_toast,pg_toast_2609,0,0,0,0,0,0,0,0,0
1789008790.237541,6000,pg_catalog,pg_replication_origin,0,0,0,0,0,0,0,0,0
1789008790.237541,2188343,public,news_item,0,0,0,0,0,0,0,0,0
1789008790.237541,2840,pg_toast,pg_toast_2619,0,0,0,0,0,0,0,0,0
1789008790.237541,2188122,public,customer_account,0,0,0,0,0,0,0,0,0
1789008790.237541,2328,pg_catalog,pg_foreign_data_wrapper,0,0,0,0,0,0,0,0,0
1789008790.237541,4157,pg_toast,pg_toast_2612,0,0,0,0,0,0,0,0,0
1789008790.237541,1260,pg_catalog,pg_authid,0,0,0,0,0,0,0,0,0
1789008790.237541,6102,pg_catalog,pg_subscription_rel,0,0,0,0,0,0,0,0,0
1789008790.237541,1214,pg_catalog,pg_shdepend,0,0,0,0,0,0,0,0,0
1789008790.237541,4163,pg_toast,pg_toast_2615,0,0,0,0,0,0,0,0,0
1789008790.237541,4169,pg_toast,pg_toast_3600,0,0,0,0,0,0,0,0,0
1789008790.237541,2615,pg_catalog,pg_namespace,1,4,5,2,0,0,0,0,0
1789008790.237541,2188162,public,watch_item,0,0,0,0,0,0,0,0,0
1789008790.237541,2188167,public,watch_list,0,0,0,0,0,0,0,0,0
1789008790.237541,2188243,public,trade_history,0,0,0,0,0,0,0,0,0
1789008790.237541,2188210,public,settlement,0,0,0,0,0,0,0,0,0
1789008790.237541,2188269,public,company,0,0,0,0,0,0,0,0,0
1789008790.237541,2396,pg_catalog,pg_shdescription,0,0,0,0,0,0,0,0,0
1789008790.237541,3600,pg_catalog,pg_ts_dict,0,0,0,0,0,0,0,0,0
1789008790.237541,3596,pg_catalog,pg_seclabel,0,0,0,0,0,0,0,0,0
1789008790.237541,2609,pg_catalog,pg_description,0,0,0,0,0,0,0,0,0
1789008790.237541,13482,pg_toast,pg_toast_13479,0,0,0,0,0,0,0,0,0
1789008790.237541,2188156,public,holding_summary,0,0,0,0,0,0,0,0,0
1789008790.237541,2188390,public,status_type,0,0,0,0,0,0,0,0,0
1789008790.237541,2188395,public,taxrate,0,0,0,0,0,0,0,0,0
1789008790.237541,3603,pg_catalog,pg_ts_config_map,0,0,0,0,0,0,0,0,0
1789008790.237541,1213,pg_catalog,pg_tablespace,0,0,1,1,0,0,0,0,0
1789008790.237541,2188383,pg_toast,pg_toast_2188364,0,0,0,0,0,0,0,0,0
1789008790.237541,2608,pg_catalog,pg_depend,0,0,0,0,0,0,0,0,0
1789008790.237541,2964,pg_catalog,pg_db_role_setting,0,0,0,0,0,0,0,0,0
1789008790.237541,1418,pg_catalog,pg_user_mapping,0,0,0,0,0,0,0,0,0
1789008790.237541,2613,pg_catalog,pg_largeobject,0,0,0,0,0,0,0,0,0
1789008790.237541,6175,pg_toast,pg_toast_3456,0,0,0,0,0,0,0,0,0
1789008790.237541,1261,pg_catalog,pg_auth_members,0,0,0,0,0,0,0,0,0
1789008790.237541,2617,pg_catalog,pg_operator,0,0,5,5,0,0,0,0,0
1789008790.237541,2188352,pg_toast,pg_toast_2188343,0,0,0,0,0,0,0,0,0
1789008790.237541,2188341,pg_toast,pg_toast_2188333,0,0,0,0,0,0,0,0,0
1789008790.237541,2610,pg_catalog,pg_index,1,221,11,14,0,0,0,0,0
1789008790.237541,1249,pg_catalog,pg_attribute,0,0,75,92,0,0,0,0,0
1789008790.237541,2188281,public,company_competitor,0,0,0,0,0,0,0,0,0
1789008790.237541,2600,pg_catalog,pg_aggregate,0,0,1,1,0,0,0,0,0
1789008790.237541,2188180,pg_toast,pg_toast_2188172,0,0,0,0,0,0,0,0,0
1789008790.237541,2188354,public,news_xref,0,0,0,0,0,0,0,0,0
1789008790.237541,2966,pg_toast,pg_toast_2964,0,0,0,0,0,0,0,0,0
1789008790.237541,2188402,public,zip_code,0,0,0,0,0,0,0,0,0
1789008790.237541,2618,pg_catalog,pg_rewrite,0,0,1,1,0,0,0,0,0
1789008790.237541,4177,pg_toast,pg_toast_1262,0,0,0,0,0,0,0,0,0
1789008790.237541,13484,information_schema,sql_parts,0,0,,,0,0,0,0,0
1789008790.237541,4159,pg_toast,pg_toast_2600,0,0,0,0,0,0,0,0,0
1789008790.237541,4147,pg_toast,pg_toast_3079,0,0,0,0,0,0,0,0,0
1789008790.237541,13474,information_schema,sql_features,0,0,,,0,0,0,0,0
1789008790.237541,1247,pg_catalog,pg_type,0,0,19,19,0,0,0,0,0
1789008790.237541,2602,pg_catalog,pg_amop,0,0,12,25,0,0,0,0,0
1789008790.237541,3439,pg_toast,pg_toast_3381,0,0,0,0,0,0,0,0,0
1789008790.237541,2846,pg_toast,pg_toast_2396,0,0,0,0,0,0,0,0,0
1789008790.237541,4145,pg_toast,pg_toast_3466,0,0,0,0,0,0,0,0,0
1789008790.237541,2188385,public,address,0,0,0,0,0,0,0,0,0
1789008790.237541,2188137,public,holding,0,0,0,0,0,0,0,0,0
1789008790.237541,3541,pg_catalog,pg_range,0,0,0,0,0,0,0,0,0
1789008790.237541,3602,pg_catalog,pg_ts_config,0,0,0,0,0,0,0,0,0
1789008790.237541,4183,pg_toast,pg_toast_6100,0,0,0,0,0,0,0,0,0
1789008790.237541,2188333,public,last_trade,0,0,0,0,0,0,0,0,0
1789008790.237541,2224,pg_catalog,pg_sequence,0,0,0,0,0,0,0,0,0
1789008790.237541,2611,pg_catalog,pg_inherits,0,0,0,0,0,0,0,0,0
1789008790.237541,1417,pg_catalog,pg_foreign_server,0,0,0,0,0,0,0,0,0
1789008790.237541,1262,pg_catalog,pg_database,0,0,0,0,0,0,0,0,0
1789008790.237541,2188182,public,cash_transaction,0,0,0,0,0,0,0,0,0
1789008790.237541,13492,pg_toast,pg_toast_13489,0,0,0,0,0,0,0,0,0
1789008790.237541,3501,pg_catalog,pg_enum,0,0,0,0,0,0,0,0,0
1789008790.237541,2607,pg_catalog,pg_conversion,0,0,0,0,0,0,0,0,0
1789008790.237541,2188359,public,sector,0,0,0,0,0,0,0,0,0
1789008790.237541,2188217,pg_toast,pg_toast_2188210,0,0,0,0,0,0,0,0,0
1789008790.237541,826,pg_catalog,pg_default_acl,0,0,0,0,0,0,0,0,0
1789008790.237541,2604,pg_catalog,pg_attrdef,0,0,0,0,0,0,0,0,0
1789008790.237541,2336,pg_toast,pg_toast_2620,0,0,0,0,0,0,0,0,0
1789008790.237541,2188149,public,holding_history,0,0,0,0,0,0,0,0,0
1789008790.237541,2603,pg_catalog,pg_amproc,0,0,5,11,0,0,0,0,0
1789008790.237541,2606,pg_catalog,pg_constraint,0,0,3,8,0,0,0,0,0
1789008790.237541,1255,pg_catalog,pg_proc,0,0,19,24,0,0,0,0,0
1789008790.237541,4173,pg_toast,pg_toast_1418,0,0,0,0,0,0,0,0,0
1789008790.237541,2620,pg_catalog,pg_trigger,0,0,0,0,0,0,0,0,0
1789008790.237541,2188241,pg_toast,pg_toast_2188219,0,0,0,0,0,0,0,0,0
1789008790.237541,2612,pg_catalog,pg_language,0,0,0,0,0,0,0,0,0
1789008790.237541,4149,pg_toast,pg_toast_2328,0,0,0,0,0,0,0,0,0
1789008790.237541,6351,pg_toast,pg_toast_2610,0,0,0,0,0,0,0,0,0
1789008790.237541,13489,information_schema,sql_sizing,0,0,,,0,0,0,0,0
1789008790.237541,3598,pg_toast,pg_toast_3596,0,0,0,0,0,0,0,0,0
1789008790.237541,2188111,public,customer,0,0,0,0,0,0,0,0,0
1789008790.237541,2836,pg_toast,pg_toast_1255,0,0,0,0,0,0,0,0,0
1789008790.237541,3456,pg_catalog,pg_collation,0,0,0,0,0,0,0,0,0
1789008790.237541,3079,pg_catalog,pg_extension,0,0,0,0,0,0,0,0,0
1789008790.237541,2188262,public,trade_type,0,0,0,0,0,0,0,0,0
1789008790.237541,6100,pg_catalog,pg_subscription,0,0,0,0,0,0,0,0,0
1789008790.237541,2188249,public,trade_request,0,0,0,0,0,0,0,0,0
1789008790.237541,2188198,public,commission_rate,0,0,0,0,0,0,0,0,0
1789008790.237541,2188130,pg_toast,pg_toast_2188122,0,0,0,0,0,0,0,0,0
1789008790.237541,2832,pg_toast,pg_toast_2606,0,0,0,0,0,0,0,0,0
1789008790.237541,3256,pg_catalog,pg_policy,0,0,0,0,0,0,0,0,0
1789008790.237541,2188172,public,broker,0,0,0,0,0,0,0,0,0
1789008790.237541,2188296,pg_toast,pg_toast_2188287,0,0,0,0,0,0,0,0,0
1789008790.237541,2188307,public,financial,0,0,0,0,0,0,0,0,0
1789008790.237541,2188103,public,account_permission,0,0,0,0,0,0,0,0,0
1789008790.237541,3466,pg_catalog,pg_event_trigger,0,0,0,0,0,0,0,0,0
1789008790.237541,3592,pg_catalog,pg_shseclabel,0,0,0,0,0,0,0,0,0
1789008790.237541,3764,pg_catalog,pg_ts_template,0,0,0,0,0,0,0,0,0
1789008790.237541,6237,pg_catalog,pg_publication_namespace,0,0,0,0,0,0,0,0,0
1789008790.237541,13487,pg_toast,pg_toast_13484,0,0,0,0,0,0,0,0,0
1789008790.237541,2995,pg_catalog,pg_largeobject_metadata,0,0,0,0,0,0,0,0,0
1789008790.237541,4143,pg_toast,pg_toast_826,0,0,0,0,0,0,0,0,0
1789008790.237541,4185,pg_toast,pg_toast_1213,0,0,0,0,0,0,0,0,0
1789008790.237541,2188287,public,daily_market,0,0,0,0,0,0,0,0,0
1789008790.237541,2188190,public,charge,0,0,0,0,0,0,0,0,0
1789008790.237541,6243,pg_catalog,pg_parameter_acl,0,0,0,0,0,0,0,0,0
1789008790.237541,2616,pg_catalog,pg_opclass,0,0,8,134,0,0,0,0,0
1789008790.237541,2188298,public,exchange,0,0,0,0,0,0,0,0,0
1789008790.237541,2188147,pg_toast,pg_toast_2188137,0,0,0,0,0,0,0,0,0
1789008790.237541,2838,pg_toast,pg_toast_2618,0,0,1,3,0,0,0,0,0
1789008790.237541,2188327,public,industry,0,0,0,0,0,0,0,0,0
1789008790.237541,6228,pg_toast,pg_toast_6106,0,0,0,0,0,0,0,0,0
1789008790.237541,2188325,pg_toast,pg_toast_2188307,0,0,0,0,0,0,0,0,0
1789008790.237541,2188364,public,security,0,0,0,0,0,0,0,0,0
1789008790.237541,3118,pg_catalog,pg_foreign_table,0,0,0,0,0,0,0,0,0
1789008790.237541,1259,pg_catalog,pg_class,1,523,12,12,0,0,0,0,0
1789008790.237541,3350,pg_catalog,pg_partitioned_table,0,0,0,0,0,0,0,0,0
1789008790.237541,4153,pg_toast,pg_toast_3118,0,0,0,0,0,0,0,0,0
1789008790.237541,4060,pg_toast,pg_toast_3592,0,0,0,0,0,0,0,0,0
1789008790.237541,4165,pg_toast,pg_toast_3350,0,0,0,0,0,0,0,0,0
1789008790.237541,2753,pg_catalog,pg_opfamily,0,0,2,2,0,0,0,0,0
1789008790.237541,3601,pg_catalog,pg_ts_parser,0,0,0,0,0,0,0,0,0
1789008790.237541,2188219,public,trade,0,0,0,0,0,0,0,0,0
1789008790.237541,2188260,pg_toast,pg_toast_2188249,0,0,0,0,0,0,0,0,0
1789008790.237541,6104,pg_catalog,pg_publication,0,0,0,0,0,0,0,0,0
1789008790.237541,13477,pg_toast,pg_toast_13474,0,0,0,0,0,0,0,0,0
1789008790.237541,3429,pg_catalog,pg_statistic_ext_data,0,0,0,0,0,0,0,0,0
1789008790.237541,2619,pg_catalog,pg_statistic,0,0,17,8,0,0,0,0,0
1789008790.237541,4155,pg_toast,pg_toast_3394,0,0,0,0,0,0,0,0,0
1789008790.237541,2188196,pg_toast,pg_toast_2188190,0,0,0,0,0,0,0,0,0
1789008790.237541,3381,pg_catalog,pg_statistic_ext,0,0,3,0,0,0,0,0,0
1789008790.237541,6106,pg_catalog,pg_publication_rel,0,0,0,0,0,0,0,0,0
1789008790.237541,2605,pg_catalog,pg_cast,0,0,34,7,0,0,0,0,0
1789008790.237541,4171,pg_toast,pg_toast_1247,0,0,0,0,0,0,0,0,0
1789008790.237541,2830,pg_toast,pg_toast_2604,0,0,0,0,0,0,0,0,0
1789008790.237541,13479,information_schema,sql_implementation_info,0,0,,,0,0,0,0,0
1789008790.237541,6244,pg_toast,pg_toast_6243,0,0,0,0,0,0,0,0,0
1789008790.237541,3430,pg_toast,pg_toast_3429,0,0,0,0,0,0,0,0,0
1789008850.330981,2188132,public,customer_taxrate,0,0,0,0,0,0,0,0,0
1789008850.330981,3576,pg_catalog,pg_transform,0,0,0,0,0,0,0,0,0
1789008850.330981,2601,pg_catalog,pg_am,0,0,0,0,0,0,0,0,0
1789008850.330981,2188188,pg_toast,pg_toast_2188182,0,0,0,0,0,0,0,0,0
1789008850.330981,3394,pg_catalog,pg_init_privs,0,0,0,0,0,0,0,0,0
1789008850.330981,4167,pg_toast,pg_toast_3256,0,0,0,0,0,0,0,0,0
1789008850.330981,4151,pg_toast,pg_toast_1417,0,0,0,0,0,0,0,0,0
1789008850.330981,2834,pg_toast,pg_toast_2609,0,0,0,0,0,0,0,0,0
1789008850.330981,6000,pg_catalog,pg_replication_origin,0,0,0,0,0,0,0,0,0
1789008850.330981,2188343,public,news_item,0,0,0,0,0,0,0,0,0
1789008850.330981,2840,pg_toast,pg_toast_2619,0,0,0,0,0,0,0,0,0
1789008850.330981,2188122,public,customer_account,0,0,0,0,0,0,0,0,0
1789008850.330981,2328,pg_catalog,pg_foreign_data_wrapper,0,0,0,0,0,0,0,0,0
1789008850.330981,4157,pg_toast,pg_toast_2612,0,0,0,0,0,0,0,0,0
1789008850.330981,1260,pg_catalog,pg_authid,0,0,0,0,0,0,0,0,0
1789008850.330981,6102,pg_catalog,pg_subscription_rel,0,0,0,0,0,0,0,0,0
1789008850.330981,1214,pg_catalog,pg_shdepend,0,0,0,0,0,0,0,0,0
1789008850.330981,4163,pg_toast,pg_toast_2615,0,0,0,0,0,0,0,0,0
1789008850.330981,4169,pg_toast,pg_toast_3600,0,0,0,0,0,0,0,0,0
1789008850.330981,2615,pg_catalog,pg_namespace,1,4,5,2,0,0,0,0,0
1789008850.330981,2188162,public,watch_item,0,0,0,0,0,0,0,0,0
1789008850.330981,2188167,public,watch_list,0,0,0,0,0,0,0,0,0
1789008850.330981,2188243,public,trade_history,0,0,0,0,0,0,0,0,0
1789008850.330981,2188210,public,settlement,0,0,0,0,0,0,0,0,0
1789008850.330981,2188269,public,company,0,0,0,0,0,0,0,0,0
1789008850.330981,2396,pg_catalog,pg_shdescription,0,0,0,0,0,0,0,0,0
1789008850.330981,3600,pg_catalog,pg_ts_dict,0,0,0,0,0,0,0,0,0
1789008850.330981,3596,pg_catalog,pg_seclabel,0,0,0,0,0,0,0,0,0
1789008850.330981,2609,pg_catalog,pg_description,0,0,0,0,0,0,0,0,0
1789008850.330981,13482,pg_toast,pg_toast_13479,0,0,0,0,0,0,0,0,0
1789008850.330981,2188156,public,holding_summary,0,0,0,0,0,0,0,0,0
1789008850.330981,2188390,public,status_type,0,0,0,0,0,0,0,0,0
1789008850.330981,2188395,public,taxrate,0,0,0,0,0,0,0,0,0
1789008850.330981,3603,pg_catalog,pg_ts_config_map,0,0,0,0,0,0,0,0,0
1789008850.330981,1213,pg_catalog,pg_tablespace,0,0,1,1,0,0,0,0,0
1789008850.330981,2188383,pg_toast,pg_toast_2188364,0,0,0,0,0,0,0,0,0
1789008850.330981,2608,pg_catalog,pg_depend,0,0,0,0,0,0,0,0,0
1789008850.330981,2964,pg_catalog,pg_db_role_setting,0,0,0,0,0,0,0,0,0
1789008850.330981,1418,pg_catalog,pg_user_mapping,0,0,0,0,0,0,0,0,0
1789008850.330981,2613,pg_catalog,pg_largeobject,0,0,0,0,0,0,0,0,0
1789008850.330981,6175,pg_toast,pg_toast_3456,0,0,0,0,0,0,0,0,0
1789008850.330981,1261,pg_catalog,pg_auth_members,0,0,0,0,0,0,0,0,0
1789008850.330981,2617,pg_catalog,pg_operator,0,0,5,5,0,0,0,0,0
1789008850.330981,2188352,pg_toast,pg_toast_2188343,0,0,0,0,0,0,0,0,0
1789008850.330981,2188341,pg_toast,pg_toast_2188333,0,0,0,0,0,0,0,0,0
1789008850.330981,2610,pg_catalog,pg_index,1,221,11,14,0,0,0,0,0
1789008850.330981,1249,pg_catalog,pg_attribute,0,0,75,92,0,0,0,0,0
1789008850.330981,2188281,public,company_competitor,0,0,0,0,0,0,0,0,0
1789008850.330981,2600,pg_catalog,pg_aggregate,0,0,1,1,0,0,0,0,0
1789008850.330981,2188180,pg_toast,pg_toast_2188172,0,0,0,0,0,0,0,0,0
1789008850.330981,2188354,public,news_xref,0,0,0,0,0,0,0,0,0
1789008850.330981,2966,pg_toast,pg_toast_2964,0,0,0,0,0,0,0,0,0
1789008850.330981,2188402,public,zip_code,0,0,0,0,0,0,0,0,0
1789008850.330981,2618,pg_catalog,pg_rewrite,0,0,1,1,0,0,0,0,0
1789008850.330981,4177,pg_toast,pg_toast_1262,0,0,0,0,0,0,0,0,0
1789008850.330981,13484,information_schema,sql_parts,0,0,,,0,0,0,0,0
1789008850.330981,4159,pg_toast,pg_toast_2600,0,0,0,0,0,0,0,0,0
1789008850.330981,4147,pg_toast,pg_toast_3079,0,0,0,0,0,0,0,0,0
1789008850.330981,13474,information_schema,sql_features,0,0,,,0,0,0,0,0
1789008850.330981,1247,pg_catalog,pg_type,0,0,19,19,0,0,0,0,0
1789008850.330981,2602,pg_catalog,pg_amop,0,0,12,25,0,0,0,0,0
1789008850.330981,3439,pg_toast,pg_toast_3381,0,0,0,0,0,0,0,0,0
1789008850.330981,2846,pg_toast,pg_toast_2396,0,0,0,0,0,0,0,0,0
1789008850.330981,4145,pg_toast,pg_toast_3466,0,0,0,0,0,0,0,0,0
1789008850.330981,2188385,public,address,0,0,0,0,0,0,0,0,0
1789008850.330981,2188137,public,holding,0,0,0,0,0,0,0,0,0
1789008850.330981,3541,pg_catalog,pg_range,0,0,0,0,0,0,0,0,0
1789008850.330981,3602,pg_catalog,pg_ts_config,0,0,0,0,0,0,0,0,0
1789008850.330981,4183,pg_toast,pg_toast_6100,0,0,0,0,0,0,0,0,0
1789008850.330981,2188333,public,last_trade,0,0,0,0,0,0,0,0,0
1789008850.330981,2224,pg_catalog,pg_sequence,0,0,0,0,0,0,0,0,0
1789008850.330981,2611,pg_catalog,pg_inherits,0,0,0,0,0,0,0,0,0
1789008850.330981,1417,pg_catalog,pg_foreign_server,0,0,0,0,0,0,0,0,0
1789008850.330981,1262,pg_catalog,pg_database,0,0,0,0,0,0,0,0,0
1789008850.330981,2188182,public,cash_transaction,0,0,0,0,0,0,0,0,0
1789008850.330981,13492,pg_toast,pg_toast_13489,0,0,0,0,0,0,0,0,0
1789008850.330981,3501,pg_catalog,pg_enum,0,0,0,0,0,0,0,0,0
1789008850.330981,2607,pg_catalog,pg_conversion,0,0,0,0,0,0,0,0,0
1789008850.330981,2188359,public,sector,0,0,0,0,0,0,0,0,0
1789008850.330981,2188217,pg_toast,pg_toast_2188210,0,0,0,0,0,0,0,0,0
1789008850.330981,826,pg_catalog,pg_default_acl,0,0,0,0,0,0,0,0,0
1789008850.330981,2604,pg_catalog,pg_attrdef,0,0,0,0,0,0,0,0,0
1789008850.330981,2336,pg_toast,pg_toast_2620,0,0,0,0,0,0,0,0,0
1789008850.330981,2188149,public,holding_history,0,0,0,0,0,0,0,0,0
1789008850.330981,2603,pg_catalog,pg_amproc,0,0,5,11,0,0,0,0,0
1789008850.330981,2606,pg_catalog,pg_constraint,0,0,3,8,0,0,0,0,0
1789008850.330981,1255,pg_catalog,pg_proc,0,0,19,24,0,0,0,0,0
1789008850.330981,4173,pg_toast,pg_toast_1418,0,0,0,0,0,0,0,0,0
1789008850.330981,2620,pg_catalog,pg_trigger,0,0,0,0,0,0,0,0,0
1789008850.330981,2188241,pg_toast,pg_toast_2188219,0,0,0,0,0,0,0,0,0
1789008850.330981,2612,pg_catalog,pg_language,0,0,0,0,0,0,0,0,0
1789008850.330981,4149,pg_toast,pg_toast_2328,0,0,0,0,0,0,0,0,0
1789008850.330981,6351,pg_toast,pg_toast_2610,0,0,0,0,0,0,0,0,0
1789008850.330981,13489,information_schema,sql_sizing,0,0,,,0,0,0,0,0
1789008850.330981,3598,pg_toast,pg_toast_3596,0,0,0,0,0,0,0,0,0
1789008850.330981,2188111,public,customer,0,0,0,0,0,0,0,0,0
1789008850.330981,2836,pg_toast,pg_toast_1255,0,0,0,0,0,0,0,0,0
1789008850.330981,3456,pg_catalog,pg_collation,0,0,0,0,0,0,0,0,0
1789008850.330981,3079,pg_catalog,pg_extension,0,0,0,0,0,0,0,0,0
1789008850.330981,2188262,public,trade_type,0,0,0,0,0,0,0,0,0
1789008850.330981,6100,pg_catalog,pg_subscription,0,0,0,0,0,0,0,0,0
1789008850.330981,2188249,public,trade_request,0,0,0,0,0,0,0,0,0
1789008850.330981,2188198,public,commission_rate,0,0,0,0,0,0,0,0,0
1789008850.330981,2188130,pg_toast,pg_toast_2188122,0,0,0,0,0,0,0,0,0
1789008850.330981,2832,pg_toast,pg_toast_2606,0,0,0,0,0,0,0,0,0
1789008850.330981,3256,pg_catalog,pg_policy,0,0,0,0,0,0,0,0,0
1789008850.330981,2188172,public,broker,0,0,0,0,0,0,0,0,0
1789008850.330981,2188296,pg_toast,pg_toast_2188287,0,0,0,0,0,0,0,0,0
1789008850.330981,2188307,public,financial,0,0,0,0,0,0,0,0,0
1789008850.330981,2188103,public,account_permission,0,0,0,0,0,0,0,0,0
1789008850.330981,3466,pg_catalog,pg_event_trigger,0,0,0,0,0,0,0,0,0
1789008850.330981,3592,pg_catalog,pg_shseclabel,0,0,0,0,0,0,0,0,0
1789008850.330981,3764,pg_catalog,pg_ts_template,0,0,0,0,0,0,0,0,0
1789008850.330981,6237,pg_catalog,pg_publication_namespace,0,0,0,0,0,0,0,0,0
1789008850.330981,13487,pg_toast,pg_toast_13484,0,0,0,0,0,0,0,0,0
1789008850.330981,2995,pg_catalog,pg_largeobject_metadata,0,0,0,0,0,0,0,0,0
1789008850.330981,4143,pg_toast,pg_toast_826,0,0,0,0,0,0,0,0,0
1789008850.330981,4185,pg_toast,pg_toast_1213,0,0,0,0,0,0,0,0,0
1789008850.330981,2188287,public,daily_market,0,0,0,0,0,0,0,0,0
1789008850.330981,2188190,public,charge,0,0,0,0,0,0,0,0,0
1789008850.330981,6243,pg_catalog,pg_parameter_acl,0,0,0,0,0,0,0,0,0
1789008850.330981,2616,pg_catalog,pg_opclass,0,0,8,134,0,0,0,0,0
1789008850.330981,2188298,public,exchange,0,0,0,0,0,0,0,0,0
1789008850.330981,2188147,pg_toast,pg_toast_2188137,0,0,0,0,0,0,0,0,0
1789008850.330981,2838,pg_toast,pg_toast_2618,0,0,1,3,0,0,0,0,0
1789008850.330981,2188327,public,industry,0,0,0,0,0,0,0,0,0
1789008850.330981,6228,pg_toast,pg_toast_6106,0,0,0,0,0,0,0,0,0
1789008850.330981,2188325,pg_toast,pg_toast_2188307,0,0,0,0,0,0,0,0,0
1789008850.330981,2188364,public,security,0,0,0,0,0,0,0,0,0
1789008850.330981,3118,pg_catalog,pg_foreign_table,0,0,0,0,0,0,0,0,0
1789008850.330981,1259,pg_catalog,pg_class,1,523,12,12,0,0,0,0,0
1789008850.330981,3350,pg_catalog,pg_partitioned_table,0,0,0,0,0,0,0,0,0
1789008850.330981,4153,pg_toast,pg_toast_3118,0,0,0,0,0,0,0,0,0
1789008850.330981,4060,pg_toast,pg_toast_3592,0,0,0,0,0,0,0,0,0
1789008850.330981,4165,pg_toast,pg_toast_3350,0,0,0,0,0,0,0,0,0
1789008850.330981,2753,pg_catalog,pg_opfamily,0,0,2,2,0,0,0,0,0
1789008850.330981,3601,pg_catalog,pg_ts_parser,0,0,0,0,0,0,0,0,0
1789008850.330981,2188219,public,trade,0,0,0,0,0,0,0,0,0
1789008850.330981,2188260,pg_toast,pg_toast_2188249,0,0,0,0,0,0,0,0,0
1789008850.330981,6104,pg_catalog,pg_publication,0,0,0,0,0,0,0,0,0
1789008850.330981,13477,pg_toast,pg_toast_13474,0,0,0,0,0,0,0,0,0
1789008850.330981,3429,pg_catalog,pg_statistic_ext_data,0,0,0,0,0,0,0,0,0
1789008850.330981,2619,pg_catalog,pg_statistic,0,0,17,8,0,0,0,0,0
1789008850.330981,4155,pg_toast,pg_toast_3394,0,0,0,0,0,0,0,0,0
1789008850.330981,2188196,pg_toast,pg_toast_2188190,0,0,0,0,0,0,0,0,0
1789008850.330981,3381,pg_catalog,pg_statistic_ext,0,0,3,0,0,0,0,0,0
1789008850.330981,6106,pg_catalog,pg_publication_rel,0,0,0,0,0,0,0,0,0
1789008850.330981,2605,pg_catalog,pg_cast,0,0,34,7,0,0,0,0,0
1789008850.330981,4171,pg_toast,pg_toast_1247,0,0,0,0,0,0,0,0,0
1789008850.330981,2830,pg_toast,pg_toast_2604,0,0,0,0,0,0,0,0,0
1789008850.330981,13479,information_schema,sql_implementation_info,0,0,,,0,0,0,0,0
1789008850.330981,6244,pg_toast,pg_toast_6243,0,0,0,0,0,0,0,0,0
1789008850.330981,3430,pg_toast,pg_toast_3429,0,0,0,0,0,0,0,0,0
1789008910.401502,2188132,public,customer_taxrate,0,0,0,0,0,0,0,0,0
1789008910.401502,3576,pg_catalog,pg_transform,0,0,0,0,0,0,0,0,0
1789008910.401502,2601,pg_catalog,pg_am,0,0,0,0,0,0,0,0,0
1789008910.401502,2188188,pg_toast,pg_toast_2188182,0,0,0,0,0,0,0,0,0
1789008910.401502,3394,pg_catalog,pg_init_privs,0,0,0,0,0,0,0,0,0
1789008910.401502,4167,pg_toast,pg_toast_3256,0,0,0,0,0,0,0,0,0
1789008910.401502,4151,pg_toast,pg_toast_1417,0,0,0,0,0,0,0,0,0
1789008910.401502,2834,pg_toast,pg_toast_2609,0,0,0,0,0,0,0,0,0
1789008910.401502,6000,pg_catalog,pg_replication_origin,0,0,0,0,0,0,0,0,0
1789008910.401502,2188343,public,news_item,0,0,0,0,0,0,0,0,0
1789008910.401502,2840,pg_toast,pg_toast_2619,0,0,0,0,0,0,0,0,0
1789008910.401502,2188122,public,customer_account,0,0,0,0,0,0,0,0,0
1789008910.401502,2328,pg_catalog,pg_foreign_data_wrapper,0,0,0,0,0,0,0,0,0
1789008910.401502,4157,pg_toast,pg_toast_2612,0,0,0,0,0,0,0,0,0
1789008910.401502,1260,pg_catalog,pg_authid,0,0,0,0,0,0,0,0,0
1789008910.401502,6102,pg_catalog,pg_subscription_rel,0,0,0,0,0,0,0,0,0
1789008910.401502,1214,pg_catalog,pg_shdepend,0,0,0,0,0,0,0,0,0
1789008910.401502,4163,pg_toast,pg_toast_2615,0,0,0,0,0,0,0,0,0
1789008910.401502,4169,pg_toast,pg_toast_3600,0,0,0,0,0,0,0,0,0
1789008910.401502,2615,pg_catalog,pg_namespace,1,4,5,2,0,0,0,0,0
1789008910.401502,2188162,public,watch_item,0,0,0,0,0,0,0,0,0
1789008910.401502,2188167,public,watch_list,0,0,0,0,0,0,0,0,0
1789008910.401502,2188243,public,trade_history,0,0,0,0,0,0,0,0,0
1789008910.401502,2188210,public,settlement,0,0,0,0,0,0,0,0,0
1789008910.401502,2188269,public,company,0,0,0,0,0,0,0,0,0
1789008910.401502,2396,pg_catalog,pg_shdescription,0,0,0,0,0,0,0,0,0
1789008910.401502,3600,pg_catalog,pg_ts_dict,0,0,0,0,0,0,0,0,0
1789008910.401502,3596,pg_catalog,pg_seclabel,0,0,0,0,0,0,0,0,0
1789008910.401502,2609,pg_catalog,pg_description,0,0,0,0,0,0,0,0,0
1789008910.401502,13482,pg_toast,pg_toast_13479,0,0,0,0,0,0,0,0,0
1789008910.401502,2188156,public,holding_summary,0,0,0,0,0,0,0,0,0
1789008910.401502,2188390,public,status_type,0,0,0,0,0,0,0,0,0
1789008910.401502,2188395,public,taxrate,0,0,0,0,0,0,0,0,0
1789008910.401502,3603,pg_catalog,pg_ts_config_map,0,0,0,0,0,0,0,0,0
1789008910.401502,1213,pg_catalog,pg_tablespace,0,0,1,1,0,0,0,0,0
1789008910.401502,2188383,pg_toast,pg_toast_2188364,0,0,0,0,0,0,0,0,0
1789008910.401502,2608,pg_catalog,pg_depend,0,0,0,0,0,0,0,0,0
1789008910.401502,2964,pg_catalog,pg_db_role_setting,0,0,0,0,0,0,0,0,0
1789008910.401502,1418,pg_catalog,pg_user_mapping,0,0,0,0,0,0,0,0,0
1789008910.401502,2613,pg_catalog,pg_largeobject,0,0,0,0,0,0,0,0,0
1789008910.401502,6175,pg_toast,pg_toast_3456,0,0,0,0,0,0,0,0,0
1789008910.401502,1261,pg_catalog,pg_auth_members,0,0,0,0,0,0,0,0,0
1789008910.401502,2617,pg_catalog,pg_operator,0,0,5,5,0,0,0,0,0
1789008910.401502,2188352,pg_toast,pg_toast_2188343,0,0,0,0,0,0,0,0,0
1789008910.401502,2188341,pg_toast,pg_toast_2188333,0,0,0,0,0,0,0,0,0
1789008910.401502,2610,pg_catalog,pg_index,1,221,11,14,0,0,0,0,0
1789008910.401502,1249,pg_catalog,pg_attribute,0,0,75,92,0,0,0,0,0
1789008910.401502,2188281,public,company_competitor,0,0,0,0,0,0,0,0,0
1789008910.401502,2600,pg_catalog,pg_aggregate,0,0,1,1,0,0,0,0,0
1789008910.401502,2188180,pg_toast,pg_toast_2188172,0,0,0,0,0,0,0,0,0
1789008910.401502,2188354,public,news_xref,0,0,0,0,0,0,0,0,0
1789008910.401502,2966,pg_toast,pg_toast_2964,0,0,0,0,0,0,0,0,0
1789008910.401502,2188402,public,zip_code,0,0,0,0,0,0,0,0,0
1789008910.401502,2618,pg_catalog,pg_rewrite,0,0,1,1,0,0,0,0,0
1789008910.401502,4177,pg_toast,pg_toast_1262,0,0,0,0,0,0,0,0,0
1789008910.401502,13484,information_schema,sql_parts,0,0,,,0,0,0,0,0
1789008910.401502,4159,pg_toast,pg_toast_2600,0,0,0,0,0,0,0,0,0
1789008910.401502,4147,pg_toast,pg_toast_3079,0,0,0,0,0,0,0,0,0
1789008910.401502,13474,information_schema,sql_features,0,0,,,0,0,0,0,0
1789008910.401502,1247,pg_catalog,pg_type,0,0,19,19,0,0,0,0,0
1789008910.401502,2602,pg_catalog,pg_amop,0,0,12,25,0,0,0,0,0
1789008910.401502,3439,pg_toast,pg_toast_3381,0,0,0,0,0,0,0,0,0
1789008910.401502,2846,pg_toast,pg_toast_2396,0,0,0,0,0,0,0,0,0
1789008910.401502,4145,pg_toast,pg_toast_3466,0,0,0,0,0,0,0,0,0
1789008910.401502,2188385,public,address,0,0,0,0,0,0,0,0,0
1789008910.401502,2188137,public,holding,0,0,0,0,0,0,0,0,0
1789008910.401502,3541,pg_catalog,pg_range,0,0,0,0,0,0,0,0,0
1789008910.401502,3602,pg_catalog,pg_ts_config,0,0,0,0,0,0,0,0,0
1789008910.401502,4183,pg_toast,pg_toast_6100,0,0,0,0,0,0,0,0,0
1789008910.401502,2188333,public,last_trade,0,0,0,0,0,0,0,0,0
1789008910.401502,2224,pg_catalog,pg_sequence,0,0,0,0,0,0,0,0,0
1789008910.401502,2611,pg_catalog,pg_inherits,0,0,0,0,0,0,0,0,0
1789008910.401502,1417,pg_catalog,pg_foreign_server,0,0,0,0,0,0,0,0,0
1789008910.401502,1262,pg_catalog,pg_database,0,0,0,0,0,0,0,0,0
1789008910.401502,2188182,public,cash_transaction,0,0,0,0,0,0,0,0,0
1789008910.401502,13492,pg_toast,pg_toast_13489,0,0,0,0,0,0,0,0,0
1789008910.401502,3501,pg_catalog,pg_enum,0,0,0,0,0,0,0,0,0
1789008910.401502,2607,pg_catalog,pg_conversion,0,0,0,0,0,0,0,0,0
1789008910.401502,2188359,public,sector,0,0,0,0,0,0,0,0,0
1789008910.401502,2188217,pg_toast,pg_toast_2188210,0,0,0,0,0,0,0,0,0
1789008910.401502,826,pg_catalog,pg_default_acl,0,0,0,0,0,0,0,0,0
1789008910.401502,2604,pg_catalog,pg_attrdef,0,0,0,0,0,0,0,0,0
1789008910.401502,2336,pg_toast,pg_toast_2620,0,0,0,0,0,0,0,0,0
1789008910.401502,2188149,public,holding_history,0,0,0,0,0,0,0,0,0
1789008910.401502,2603,pg_catalog,pg_amproc,0,0,5,11,0,0,0,0,0
1789008910.401502,2606,pg_catalog,pg_constraint,0,0,3,8,0,0,0,0,0
1789008910.401502,1255,pg_catalog,pg_proc,0,0,19,24,0,0,0,0,0
1789008910.401502,4173,pg_toast,pg_toast_1418,0,0,0,0,0,0,0,0,0
1789008910.401502,2620,pg_catalog,pg_trigger,0,0,0,0,0,0,0,0,0
1789008910.401502,2188241,pg_toast,pg_toast_2188219,0,0,0,0,0,0,0,0,0
1789008910.401502,2612,pg_catalog,pg_language,0,0,0,0,0,0,0,0,0
1789008910.401502,4149,pg_toast,pg_toast_2328,0,0,0,0,0,0,0,0,0
1789008910.401502,6351,pg_toast,pg_toast_2610,0,0,0,0,0,0,0,0,0
1789008910.401502,13489,information_schema,sql_sizing,0,0,,,0,0,0,0,0
1789008910.401502,3598,pg_toast,pg_toast_3596,0,0,0,0,0,0,0,0,0
1789008910.401502,2188111,public,customer,0,0,0,0,0,0,0,0,0
1789008910.401502,2836,pg_toast,pg_toast_1255,0,0,0,0,0,0,0,0,0
1789008910.401502,3456,pg_catalog,pg_collation,0,0,0,0,0,0,0,0,0
1789008910.401502,3079,pg_catalog,pg_extension,0,0,0,0,0,0,0,0,0
1789008910.401502,2188262,public,trade_type,0,0,0,0,0,0,0,0,0
1789008910.401502,6100,pg_catalog,pg_subscription,0,0,0,0,0,0,0,0,0
1789008910.401502,2188249,public,trade_request,0,0,0,0,0,0,0,0,0
1789008910.401502,2188198,public,commission_rate,0,0,0,0,0,0,0,0,0
1789008910.401502,2188130,pg_toast,pg_toast_2188122,0,0,0,0,0,0,0,0,0
1789008910.401502,2832,pg_toast,pg_toast_2606,0,0,0,0,0,0,0,0,0
1789008910.401502,3256,pg_catalog,pg_policy,0,0,0,0,0,0,0,0,0
1789008910.401502,2188172,public,broker,0,0,0,0,0,0,0,0,0
1789008910.401502,2188296,pg_toast,pg_toast_2188287,0,0,0,0,0,0,0,0,0
1789008910.401502,2188307,public,financial,0,0,0,0,0,0,0,0,0
1789008910.401502,2188103,public,account_permission,0,0,0,0,0,0,0,0,0
1789008910.401502,3466,pg_catalog,pg_event_trigger,0,0,0,0,0,0,0,0,0
1789008910.401502,3592,pg_catalog,pg_shseclabel,0,0,0,0,0,0,0,0,0
1789008910.401502,3764,pg_catalog,pg_ts_template,0,0,0,0,0,0,0,0,0
1789008910.401502,6237,pg_catalog,pg_publication_namespace,0,0,0,0,0,0,0,0,0
1789008910.401502,13487,pg_toast,pg_toast_13484,0,0,0,0,0,0,0,0,0
1789008910.401502,2995,pg_catalog,pg_largeobject_metadata,0,0,0,0,0,0,0,0,0
1789008910.401502,4143,pg_toast,pg_toast_826,0,0,0,0,0,0,0,0,0
1789008910.401502,4185,pg_toast,pg_toast_1213,0,0,0,0,0,0,0,0,0
1789008910.401502,2188287,public,daily_market,0,0,0,0,0,0,0,0,0
1789008910.401502,2188190,public,charge,0,0,0,0,0,0,0,0,0
1789008910.401502,6243,pg_catalog,pg_parameter_acl,0,0,0,0,0,0,0,0,0
1789008910.401502,2616,pg_catalog,pg_opclass,0,0,8,134,0,0,0,0,0
1789008910.401502,2188298,public,exchange,0,0,0,0,0,0,0,0,0
1789008910.401502,2188147,pg_toast,pg_toast_2188137,0,0,0,0,0,0,0,0,0
1789008910.401502,2838,pg_toast,pg_toast_2618,0,0,1,3,0,0,0,0,0
1789008910.401502,2188327,public,industry,0,0,0,0,0,0,0,0,0
1789008910.401502,6228,pg_toast,pg_toast_6106,0,0,0,0,0,0,0,0,0
1789008910.401502,2188325,pg_toast,pg_toast_2188307,0,0,0,0,0,0,0,0,0
1789008910.401502,2188364,public,security,0,0,0,0,0,0,0,0,0
1789008910.401502,3118,pg_catalog,pg_foreign_table,0,0,0,0,0,0,0,0,0
1789008910.401502,1259,pg_catalog,pg_class,1,523,12,12,0,0,0,0,0
1789008910.401502,3350,pg_catalog,pg_partitioned_table,0,0,0,0,0,0,0,0,0
1789008910.401502,4153,pg_toast,pg_toast_3118,0,0,0,0,0,0,0,0,0
1789008910.401502,4060,pg_toast,pg_toast_3592,0,0,0,0,0,0,0,0,0
1789008910.401502,4165,pg_toast,pg_toast_3350,0,0,0,0,0,0,0,0,0
1789008910.401502,2753,pg_catalog,pg_opfamily,0,0,2,2,0,0,0,0,0
1789008910.401502,3601,pg_catalog,pg_ts_parser,0,0,0,0,0,0,0,0,0
1789008910.401502,2188219,public,trade,0,0,0,0,0,0,0,0,0
1789008910.401502,2188260,pg_toast,pg_toast_2188249,0,0,0,0,0,0,0,0,0
1789008910.401502,6104,pg_catalog,pg_publication,0,0,0,0,0,0,0,0,0
1789008910.401502,13477,pg_toast,pg_toast_13474,0,0,0,0,0,0,0,0,0
1789008910.401502,3429,pg_catalog,pg_statistic_ext_data,0,0,0,0,0,0,0,0,0
1789008910.401502,2619,pg_catalog,pg_statistic,0,0,17,8,0,0,0,0,0
1789008910.401502,4155,pg_toast,pg_toast_3394,0,0,0,0,0,0,0,0,0
1789008910.401502,2188196,pg_toast,pg_toast_2188190,0,0,0,0,0,0,0,0,0
1789008910.401502,3381,pg_catalog,pg_statistic_ext,0,0,3,0,0,0,0,0,0
1789008910.401502,6106,pg_catalog,pg_publication_rel,0,0,0,0,0,0,0,0,0
1789008910.401502,2605,pg_catalog,pg_cast,0,0,34,7,0,0,0,0,0
1789008910.401502,4171,pg_toast,pg_toast_1247,0,0,0,0,0,0,0,0,0
1789008910.401502,2830,pg_toast,pg_toast_2604,0,0,0,0,0,0,0,0,0
1789008910.401502,13479,information_schema,sql_implementation_info,0,0,,,0,0,0,0,0
1789008910.401502,6244,pg_toast,pg_toast_6243,0,0,0,0,0,0,0,0,0
1789008910.401502,3430,pg_toast,pg_toast_3429,0,0,0,0,0,0,0,0,0
1789008970.498183,2188132,public,customer_taxrate,0,0,0,0,0,0,0,0,0
1789008970.498183,3576,pg_catalog,pg_transform,0,0,0,0,0,0,0,0,0
1789008970.498183,2601,pg_catalog,pg_am,0,0,0,0,0,0,0,0,0
1789008970.498183,2188188,pg_toast,pg_toast_2188182,0,0,0,0,0,0,0,0,0
1789008970.498183,3394,pg_catalog,pg_init_privs,0,0,0,0,0,0,0,0,0
1789008970.498183,4167,pg_toast,pg_toast_3256,0,0,0,0,0,0,0,0,0
1789008970.498183,4151,pg_toast,pg_toast_1417,0,0,0,0,0,0,0,0,0
1789008970.498183,2834,pg_toast,pg_toast_2609,0,0,0,0,0,0,0,0,0
1789008970.498183,6000,pg_catalog,pg_replication_origin,0,0,0,0,0,0,0,0,0
1789008970.498183,2188343,public,news_item,0,0,0,0,0,0,0,0,0
1789008970.498183,2840,pg_toast,pg_toast_2619,0,0,0,0,0,0,0,0,0
1789008970.498183,2188122,public,customer_account,0,0,0,0,0,0,0,0,0
1789008970.498183,2328,pg_catalog,pg_foreign_data_wrapper,0,0,0,0,0,0,0,0,0
1789008970.498183,4157,pg_toast,pg_toast_2612,0,0,0,0,0,0,0,0,0
1789008970.498183,1260,pg_catalog,pg_authid,0,0,0,0,0,0,0,0,0
1789008970.498183,6102,pg_catalog,pg_subscription_rel,0,0,0,0,0,0,0,0,0
1789008970.498183,1214,pg_catalog,pg_shdepend,0,0,0,0,0,0,0,0,0
1789008970.498183,4163,pg_toast,pg_toast_2615,0,0,0,0,0,0,0,0,0
1789008970.498183,4169,pg_toast,pg_toast_3600,0,0,0,0,0,0,0,0,0
1789008970.498183,2615,pg_catalog,pg_namespace,1,4,5,2,0,0,0,0,0
1789008970.498183,2188162,public,watch_item,0,0,0,0,0,0,0,0,0
1789008970.498183,2188167,public,watch_list,0,0,0,0,0,0,0,0,0
1789008970.498183,2188243,public,trade_history,0,0,0,0,0,0,0,0,0
1789008970.498183,2188210,public,settlement,0,0,0,0,0,0,0,0,0
1789008970.498183,2188269,public,company,0,0,0,0,0,0,0,0,0
1789008970.498183,2396,pg_catalog,pg_shdescription,0,0,0,0,0,0,0,0,0
1789008970.498183,3600,pg_catalog,pg_ts_dict,0,0,0,0,0,0,0,0,0
1789008970.498183,3596,pg_catalog,pg_seclabel,0,0,0,0,0,0,0,0,0
1789008970.498183,2609,pg_catalog,pg_description,0,0,0,0,0,0,0,0,0
1789008970.498183,13482,pg_toast,pg_toast_13479,0,0,0,0,0,0,0,0,0
1789008970.498183,2188156,public,holding_summary,0,0,0,0,0,0,0,0,0
1789008970.498183,2188390,public,status_type,0,0,0,0,0,0,0,0,0
1789008970.498183,2188395,public,taxrate,0,0,0,0,0,0,0,0,0
1789008970.498183,3603,pg_catalog,pg_ts_config_map,0,0,0,0,0,0,0,0,0
1789008970.498183,1213,pg_catalog,pg_tablespace,0,0,1,1,0,0,0,0,0
1789008970.498183,2188383,pg_toast,pg_toast_2188364,0,0,0,0,0,0,0,0,0
1789008970.498183,2608,pg_catalog,pg_depend,0,0,0,0,0,0,0,0,0
1789008970.498183,2964,pg_catalog,pg_db_role_setting,0,0,0,0,0,0,0,0,0
1789008970.498183,1418,pg_catalog,pg_user_mapping,0,0,0,0,0,0,0,0,0
1789008970.498183,2613,pg_catalog,pg_largeobject,0,0,0,0,0,0,0,0,0
1789008970.498183,6175,pg_toast,pg_toast_3456,0,0,0,0,0,0,0,0,0
1789008970.498183,1261,pg_catalog,pg_auth_members,0,0,0,0,0,0,0,0,0
1789008970.498183,2617,pg_catalog,pg_operator,0,0,5,5,0,0,0,0,0
1789008970.498183,2188352,pg_toast,pg_toast_2188343,0,0,0,0,0,0,0,0,0
1789008970.498183,2188341,pg_toast,pg_toast_2188333,0,0,0,0,0,0,0,0,0
1789008970.498183,2610,pg_catalog,pg_index,1,221,11,14,0,0,0,0,0
1789008970.498183,1249,pg_catalog,pg_attribute,0,0,75,92,0,0,0,0,0
1789008970.498183,2188281,public,company_competitor,0,0,0,0,0,0,0,0,0
1789008970.498183,2600,pg_catalog,pg_aggregate,0,0,1,1,0,0,0,0,0
1789008970.498183,2188180,pg_toast,pg_toast_2188172,0,0,0,0,0,0,0,0,0
1789008970.498183,2188354,public,news_xref,0,0,0,0,0,0,0,0,0
1789008970.498183,2966,pg_toast,pg_toast_2964,0,0,0,0,0,0,0,0,0
1789008970.498183,2188402,public,zip_code,0,0,0,0,0,0,0,0,0
1789008970.498183,2618,pg_catalog,pg_rewrite,0,0,1,1,0,0,0,0,0
1789008970.498183,4177,pg_toast,pg_toast_1262,0,0,0,0,0,0,0,0,0
1789008970.498183,13484,information_schema,sql_parts,0,0,,,0,0,0,0,0
1789008970.498183,4159,pg_toast,pg_toast_2600,0,0,0,0,0,0,0,0,0
1789008970.498183,4147,pg_toast,pg_toast_3079,0,0,0,0,0,0,0,0,0
1789008970.498183,13474,information_schema,sql_features,0,0,,,0,0,0,0,0
1789008970.498183,1247,pg_catalog,pg_type,0,0,19,19,0,0,0,0,0
1789008970.498183,2602,pg_catalog,pg_amop,0,0,12,25,0,0,0,0,0
1789008970.498183,3439,pg_toast,pg_toast_3381,0,0,0,0,0,0,0,0,0
1789008970.498183,2846,pg_toast,pg_toast_2396,0,0,0,0,0,0,0,0,0
1789008970.498183,4145,pg_toast,pg_toast_3466,0,0,0,0,0,0,0,0,0
1789008970.498183,2188385,public,address,0,0,0,0,0,0,0,0,0
1789008970.498183,2188137,public,holding,0,0,0,0,0,0,0,0,0
1789008970.498183,3541,pg_catalog,pg_range,0,0,0,0,0,0,0,0,0
1789008970.498183,3602,pg_catalog,pg_ts_config,0,0,0,0,0,0,0,0,0
1789008970.498183,4183,pg_toast,pg_toast_6100,0,0,0,0,0,0,0,0,0
1789008970.498183,2188333,public,last_trade,0,0,0,0,0,0,0,0,0
1789008970.498183,2224,pg_catalog,pg_sequence,0,0,0,0,0,0,0,0,0
1789008970.498183,2611,pg_catalog,pg_inherits,0,0,0,0,0,0,0,0,0
1789008970.498183,1417,pg_catalog,pg_foreign_server,0,0,0,0,0,0,0,0,0
1789008970.498183,1262,pg_catalog,pg_database,0,0,0,0,0,0,0,0,0
1789008970.498183,2188182,public,cash_transaction,0,0,0,0,0,0,0,0,0
1789008970.498183,13492,pg_toast,pg_toast_13489,0,0,0,0,0,0,0,0,0
1789008970.498183,3501,pg_catalog,pg_enum,0,0,0,0,0,0,0,0,0
1789008970.498183,2607,pg_catalog,pg_conversion,0,0,0,0,0,0,0,0,0
1789008970.498183,2188359,public,sector,0,0,0,0,0,0,0,0,0
1789008970.498183,2188217,pg_toast,pg_toast_2188210,0,0,0,0,0,0,0,0,0
1789008970.498183,826,pg_catalog,pg_default_acl,0,0,0,0,0,0,0,0,0
1789008970.498183,2604,pg_catalog,pg_attrdef,0,0,0,0,0,0,0,0,0
1789008970.498183,2336,pg_toast,pg_toast_2620,0,0,0,0,0,0,0,0,0
1789008970.498183,2188149,public,holding_history,0,0,0,0,0,0,0,0,0
1789008970.498183,2603,pg_catalog,pg_amproc,0,0,5,11,0,0,0,0,0
1789008970.498183,2606,pg_catalog,pg_constraint,0,0,3,8,0,0,0,0,0
1789008970.498183,1255,pg_catalog,pg_proc,0,0,19,24,0,0,0,0,0
1789008970.498183,4173,pg_toast,pg_toast_1418,0,0,0,0,0,0,0,0,0
1789008970.498183,2620,pg_catalog,pg_trigger,0,0,0,0,0,0,0,0,0
1789008970.498183,2188241,pg_toast,pg_toast_2188219,0,0,0,0,0,0,0,0,0
1789008970.498183,2612,pg_catalog,pg_language,0,0,0,0,0,0,0,0,0
1789008970.498183,4149,pg_toast,pg_toast_2328,0,0,0,0,0,0,0,0,0
1789008970.498183,6351,pg_toast,pg_toast_2610,0,0,0,0,0,0,0,0,0
1789008970.498183,13489,information_schema,sql_sizing,0,0,,,0,0,0,0,0
1789008970.498183,3598,pg_toast,pg_toast_3596,0,0,0,0,0,0,0,0,0
1789008970.498183,2188111,public,customer,0,0,0,0,0,0,0,0,0
1789008970.498183,2836,pg_toast,pg_toast_1255,0,0,0,0,0,0,0,0,0
1789008970.498183,3456,pg_catalog,pg_collation,0,0,0,0,0,0,0,0,0
1789008970.498183,3079,pg_catalog,pg_extension,0,0,0,0,0,0,0,0,0
1789008970.498183,2188262,public,trade_type,0,0,0,0,0,0,0,0,0
1789008970.498183,6100,pg_catalog,pg_subscription,0,0,0,0,0,0,0,0,0
1789008970.498183,2188249,public,trade_request,0,0,0,0,0,0,0,0,0
1789008970.498183,2188198,public,commission_rate,0,0,0,0,0,0,0,0,0
1789008970.498183,2188130,pg_toast,pg_toast_2188122,0,0,0,0,0,0,0,0,0
1789008970.498183,2832,pg_toast,pg_toast_2606,0,0,0,0,0,0,0,0,0
1789008970.498183,3256,pg_catalog,pg_policy,0,0,0,0,0,0,0,0,0
1789008970.498183,2188172,public,broker,0,0,0,0,0,0,0,0,0
1789008970.498183,2188296,pg_toast,pg_toast_2188287,0,0,0,0,0,0,0,0,0
1789008970.498183,2188307,public,financial,0,0,0,0,0,0,0,0,0
1789008970.498183,2188103,public,account_permission,0,0,0,0,0,0,0,0,0
1789008970.498183,3466,pg_catalog,pg_event_trigger,0,0,0,0,0,0,0,0,0
1789008970.498183,3592,pg_catalog,pg_shseclabel,0,0,0,0,0,0,0,0,0
1789008970.498183,3764,pg_catalog,pg_ts_template,0,0,0,0,0,0,0,0,0
1789008970.498183,6237,pg_catalog,pg_publication_namespace,0,0,0,0,0,0,0,0,0
1789008970.498183,13487,pg_toast,pg_toast_13484,0,0,0,0,0,0,0,0,0
1789008970.498183,2995,pg_catalog,pg_largeobject_metadata,0,0,0,0,0,0,0,0,0
1789008970.498183,4143,pg_toast,pg_toast_826,0,0,0,0,0,0,0,0,0
1789008970.498183,4185,pg_toast,pg_toast_1213,0,0,0,0,0,0,0,0,0
1789008970.498183,2188287,public,daily_market,0,0,0,0,0,0,0,0,0
1789008970.498183,2188190,public,charge,0,0,0,0,0,0,0,0,0
1789008970.498183,6243,pg_catalog,pg_parameter_acl,0,0,0,0,0,0,0,0,0
1789008970.498183,2616,pg_catalog,pg_opclass,0,0,8,134,0,0,0,0,0
1789008970.498183,2188298,public,exchange,0,0,0,0,0,0,0,0,0
1789008970.498183,2188147,pg_toast,pg_toast_2188137,0,0,0,0,0,0,0,0,0
1789008970.498183,2838,pg_toast,pg_toast_2618,0,0,1,3,0,0,0,0,0
1789008970.498183,2188327,public,industry,0,0,0,0,0,0,0,0,0
1789008970.498183,6228,pg_toast,pg_toast_6106,0,0,0,0,0,0,0,0,0
1789008970.498183,2188325,pg_toast,pg_toast_2188307,0,0,0,0,0,0,0,0,0
1789008970.498183,2188364,public,security,0,0,0,0,0,0,0,0,0
1789008970.498183,3118,pg_catalog,pg_foreign_table,0,0,0,0,0,0,0,0,0
1789008970.498183,1259,pg_catalog,pg_class,1,523,12,12,0,0,0,0,0
1789008970.498183,3350,pg_catalog,pg_partitioned_table,0,0,0,0,0,0,0,0,0
1789008970.498183,4153,pg_toast,pg_toast_3118,0,0,0,0,0,0,0,0,0
1789008970.498183,4060,pg_toast,pg_toast_3592,0,0,0,0,0,0,0,0,0
1789008970.498183,4165,pg_toast,pg_toast_3350,0,0,0,0,0,0,0,0,0
1789008970.498183,2753,pg_catalog,pg_opfamily,0,0,2,2,0,0,0,0,0
1789008970.498183,3601,pg_catalog,pg_ts_parser,0,0,0,0,0,0,0,0,0
1789008970.498183,2188219,public,trade,0,0,0,0,0,0,0,0,0
1789008970.498183,2188260,pg_toast,pg_toast_2188249,0,0,0,0,0,0,0,0,0
1789008970.498183,6104,pg_catalog,pg_publication,0,0,0,0,0,0,0,0,0
1789008970.498183,13477,pg_toast,pg_toast_13474,0,0,0,0,0,0,0,0,0
1789008970.498183,3429,pg_catalog,pg_statistic_ext_data,0,0,0,0,0,0,0,0,0
1789008970.498183,2619,pg_catalog,pg_statistic,0,0,17,8,0,0,0,0,0
1789008970.498183,4155,pg_toast,pg_toast_3394,0,0,0,0,0,0,0,0,0
1789008970.498183,2188196,pg_toast,pg_toast_2188190,0,0,0,0,0,0,0,0,0
1789008970.498183,3381,pg_catalog,pg_statistic_ext,0,0,3,0,0,0,0,0,0
1789008970.498183,6106,pg_catalog,pg_publication_rel,0,0,0,0,0,0,0,0,0
1789008970.498183,2605,pg_catalog,pg_cast,0,0,34,7,0,0,0,0,0
1789008970.498183,4171,pg_toast,pg_toast_1247,0,0,0,0,0,0,0,0,0
1789008970.498183,2830,pg_toast,pg_toast_2604,0,0,0,0,0,0,0,0,0
1789008970.498183,13479,information_schema,sql_implementation_info,0,0,,,0,0,0,0,0
1789008970.498183,6244,pg_toast,pg_toast_6243,0,0,0,0,0,0,0,0,0
1789008970.498183,3430,pg_toast,pg_toast_3429,0,0,0,0,0,0,0,0,0
1789009030.579871,2188132,public,customer_taxrate,0,0,0,0,0,0,0,0,0
1789009030.579871,3576,pg_catalog,pg_transform,0,0,0,0,0,0,0,0,0
1789009030.579871,2601,pg_catalog,pg_am,0,0,0,0,0,0,0,0,0
1789009030.579871,2188188,pg_toast,pg_toast_2188182,0,0,0,0,0,0,0,0,0
1789009030.579871,3394,pg_catalog,pg_init_privs,0,0,0,0,0,0,0,0,0
1789009030.579871,4167,pg_toast,pg_toast_3256,0,0,0,0,0,0,0,0,0
1789009030.579871,4151,pg_toast,pg_toast_1417,0,0,0,0,0,0,0,0,0
1789009030.579871,2834,pg_toast,pg_toast_2609,0,0,0,0,0,0,0,0,0
1789009030.579871,6000,pg_catalog,pg_replication_origin,0,0,0,0,0,0,0,0,0
1789009030.579871,2188343,public,news_item,0,0,0,0,0,0,0,0,0
1789009030.579871,2840,pg_toast,pg_toast_2619,0,0,0,0,0,0,0,0,0
1789009030.579871,2188122,public,customer_account,0,0,0,0,0,0,0,0,0
1789009030.579871,2328,pg_catalog,pg_foreign_data_wrapper,0,0,0,0,0,0,0,0,0
1789009030.579871,4157,pg_toast,pg_toast_2612,0,0,0,0,0,0,0,0,0
1789009030.579871,1260,pg_catalog,pg_authid,0,0,0,0,0,0,0,0,0
1789009030.579871,6102,pg_catalog,pg_subscription_rel,0,0,0,0,0,0,0,0,0
1789009030.579871,1214,pg_catalog,pg_shdepend,0,0,0,0,0,0,0,0,0
1789009030.579871,4163,pg_toast,pg_toast_2615,0,0,0,0,0,0,0,0,0
1789009030.579871,4169,pg_toast,pg_toast_3600,0,0,0,0,0,0,0,0,0
1789009030.579871,2615,pg_catalog,pg_namespace,1,4,5,2,0,0,0,0,0
1789009030.579871,2188162,public,watch_item,0,0,0,0,0,0,0,0,0
1789009030.579871,2188167,public,watch_list,0,0,0,0,0,0,0,0,0
1789009030.579871,2188243,public,trade_history,0,0,0,0,0,0,0,0,0
1789009030.579871,2188210,public,settlement,0,0,0,0,0,0,0,0,0
1789009030.579871,2188269,public,company,0,0,0,0,0,0,0,0,0
1789009030.579871,2396,pg_catalog,pg_shdescription,0,0,0,0,0,0,0,0,0
1789009030.579871,3600,pg_catalog,pg_ts_dict,0,0,0,0,0,0,0,0,0
1789009030.579871,3596,pg_catalog,pg_seclabel,0,0,0,0,0,0,0,0,0
1789009030.579871,2609,pg_catalog,pg_description,0,0,0,0,0,0,0,0,0
1789009030.579871,13482,pg_toast,pg_toast_13479,0,0,0,0,0,0,0,0,0
1789009030.579871,2188156,public,holding_summary,0,0,0,0,0,0,0,0,0
1789009030.579871,2188390,public,status_type,0,0,0,0,0,0,0,0,0
1789009030.579871,2188395,public,taxrate,0,0,0,0,0,0,0,0,0
1789009030.579871,3603,pg_catalog,pg_ts_config_map,0,0,0,0,0,0,0,0,0
1789009030.579871,1213,pg_catalog,pg_tablespace,0,0,1,1,0,0,0,0,0
1789009030.579871,2188383,pg_toast,pg_toast_2188364,0,0,0,0,0,0,0,0,0
1789009030.579871,2608,pg_catalog,pg_depend,0,0,0,0,0,0,0,0,0
1789009030.579871,2964,pg_catalog,pg_db_role_setting,0,0,0,0,0,0,0,0,0
1789009030.579871,1418,pg_catalog,pg_user_mapping,0,0,0,0,0,0,0,0,0
1789009030.579871,2613,pg_catalog,pg_largeobject,0,0,0,0,0,0,0,0,0
1789009030.579871,6175,pg_toast,pg_toast_3456,0,0,0,0,0,0,0,0,0
1789009030.579871,1261,pg_catalog,pg_auth_members,0,0,0,0,0,0,0,0,0
1789009030.579871,2617,pg_catalog,pg_operator,0,0,5,5,0,0,0,0,0
1789009030.579871,2188352,pg_toast,pg_toast_2188343,0,0,0,0,0,0,0,0,0
1789009030.579871,2188341,pg_toast,pg_toast_2188333,0,0,0,0,0,0,0,0,0
1789009030.579871,2610,pg_catalog,pg_index,1,221,11,14,0,0,0,0,0
1789009030.579871,1249,pg_catalog,pg_attribute,0,0,75,92,0,0,0,0,0
1789009030.579871,2188281,public,company_competitor,0,0,0,0,0,0,0,0,0
1789009030.579871,2600,pg_catalog,pg_aggregate,0,0,1,1,0,0,0,0,0
1789009030.579871,2188180,pg_toast,pg_toast_2188172,0,0,0,0,0,0,0,0,0
1789009030.579871,2188354,public,news_xref,0,0,0,0,0,0,0,0,0
1789009030.579871,2966,pg_toast,pg_toast_2964,0,0,0,0,0,0,0,0,0
1789009030.579871,2188402,public,zip_code,0,0,0,0,0,0,0,0,0
1789009030.579871,2618,pg_catalog,pg_rewrite,0,0,1,1,0,0,0,0,0
1789009030.579871,4177,pg_toast,pg_toast_1262,0,0,0,0,0,0,0,0,0
1789009030.579871,13484,information_schema,sql_parts,0,0,,,0,0,0,0,0
1789009030.579871,4159,pg_toast,pg_toast_2600,0,0,0,0,0,0,0,0,0
1789009030.579871,4147,pg_toast,pg_toast_3079,0,0,0,0,0,0,0,0,0
1789009030.579871,13474,information_schema,sql_features,0,0,,,0,0,0,0,0
1789009030.579871,1247,pg_catalog,pg_type,0,0,19,19,0,0,0,0,0
1789009030.579871,2602,pg_catalog,pg_amop,0,0,12,25,0,0,0,0,0
1789009030.579871,3439,pg_toast,pg_toast_3381,0,0,0,0,0,0,0,0,0
1789009030.579871,2846,pg_toast,pg_toast_2396,0,0,0,0,0,0,0,0,0
1789009030.579871,4145,pg_toast,pg_toast_3466,0,0,0,0,0,0,0,0,0
1789009030.579871,2188385,public,address,0,0,0,0,0,0,0,0,0
1789009030.579871,2188137,public,holding,0,0,0,0,0,0,0,0,0
1789009030.579871,3541,pg_catalog,pg_range,0,0,0,0,0,0,0,0,0
1789009030.579871,3602,pg_catalog,pg_ts_config,0,0,0,0,0,0,0,0,0
1789009030.579871,4183,pg_toast,pg_toast_6100,0,0,0,0,0,0,0,0,0
1789009030.579871,2188333,public,last_trade,0,0,0,0,0,0,0,0,0
1789009030.579871,2224,pg_catalog,pg_sequence,0,0,0,0,0,0,0,0,0
1789009030.579871,2611,pg_catalog,pg_inherits,0,0,0,0,0,0,0,0,0
1789009030.579871,1417,pg_catalog,pg_foreign_server,0,0,0,0,0,0,0,0,0
1789009030.579871,1262,pg_catalog,pg_database,0,0,0,0,0,0,0,0,0
1789009030.579871,2188182,public,cash_transaction,0,0,0,0,0,0,0,0,0
1789009030.579871,13492,pg_toast,pg_toast_13489,0,0,0,0,0,0,0,0,0
1789009030.579871,3501,pg_catalog,pg_enum,0,0,0,0,0,0,0,0,0
1789009030.579871,2607,pg_catalog,pg_conversion,0,0,0,0,0,0,0,0,0
1789009030.579871,2188359,public,sector,0,0,0,0,0,0,0,0,0
1789009030.579871,2188217,pg_toast,pg_toast_2188210,0,0,0,0,0,0,0,0,0
1789009030.579871,826,pg_catalog,pg_default_acl,0,0,0,0,0,0,0,0,0
1789009030.579871,2604,pg_catalog,pg_attrdef,0,0,0,0,0,0,0,0,0
1789009030.579871,2336,pg_toast,pg_toast_2620,0,0,0,0,0,0,0,0,0
1789009030.579871,2188149,public,holding_history,0,0,0,0,0,0,0,0,0
1789009030.579871,2603,pg_catalog,pg_amproc,0,0,5,11,0,0,0,0,0
1789009030.579871,2606,pg_catalog,pg_constraint,0,0,3,8,0,0,0,0,0
1789009030.579871,1255,pg_catalog,pg_proc,0,0,19,24,0,0,0,0,0
1789009030.579871,4173,pg_toast,pg_toast_1418,0,0,0,0,0,0,0,0,0
1789009030.579871,2620,pg_catalog,pg_trigger,0,0,0,0,0,0,0,0,0
1789009030.579871,2188241,pg_toast,pg_toast_2188219,0,0,0,0,0,0,0,0,0
1789009030.579871,2612,pg_catalog,pg_language,0,0,0,0,0,0,0,0,0
1789009030.579871,4149,pg_toast,pg_toast_2328,0,0,0,0,0,0,0,0,0
1789009030.579871,6351,pg_toast,pg_toast_2610,0,0,0,0,0,0,0,0,0
1789009030.579871,13489,information_schema,sql_sizing,0,0,,,0,0,0,0,0
1789009030.579871,3598,pg_toast,pg_toast_3596,0,0,0,0,0,0,0,0,0
1789009030.579871,2188111,public,customer,0,0,0,0,0,0,0,0,0
1789009030.579871,2836,pg_toast,pg_toast_1255,0,0,0,0,0,0,0,0,0
1789009030.579871,3456,pg_catalog,pg_collation,0,0,0,0,0,0,0,0,0
1789009030.579871,3079,pg_catalog,pg_extension,0,0,0,0,0,0,0,0,0
1789009030.579871,2188262,public,trade_type,0,0,0,0,0,0,0,0,0
1789009030.579871,6100,pg_catalog,pg_subscription,0,0,0,0,0,0,0,0,0
1789009030.579871,2188249,public,trade_request,0,0,0,0,0,0,0,0,0
1789009030.579871,2188198,public,commission_rate,0,0,0,0,0,0,0,0,0
1789009030.579871,2188130,pg_toast,pg_toast_2188122,0,0,0,0,0,0,0,0,0
1789009030.579871,2832,pg_toast,pg_toast_2606,0,0,0,0,0,0,0,0,0
1789009030.579871,3256,pg_catalog,pg_policy,0,0,0,0,0,0,0,0,0
1789009030.579871,2188172,public,broker,0,0,0,0,0,0,0,0,0
1789009030.579871,2188296,pg_toast,pg_toast_2188287,0,0,0,0,0,0,0,0,0
1789009030.579871,2188307,public,financial,0,0,0,0,0,0,0,0,0
1789009030.579871,2188103,public,account_permission,0,0,0,0,0,0,0,0,0
1789009030.579871,3466,pg_catalog,pg_event_trigger,0,0,0,0,0,0,0,0,0
1789009030.579871,3592,pg_catalog,pg_shseclabel,0,0,0,0,0,0,0,0,0
1789009030.579871,3764,pg_catalog,pg_ts_template,0,0,0,0,0,0,0,0,0
1789009030.579871,6237,pg_catalog,pg_publication_namespace,0,0,0,0,0,0,0,0,0
1789009030.579871,13487,pg_toast,pg_toast_13484,0,0,0,0,0,0,0,0,0
1789009030.579871,2995,pg_catalog,pg_largeobject_metadata,0,0,0,0,0,0,0,0,0
1789009030.579871,4143,pg_toast,pg_toast_826,0,0,0,0,0,0,0,0,0
1789009030.579871,4185,pg_toast,pg_toast_1213,0,0,0,0,0,0,0,0,0
1789009030.579871,2188287,public,daily_market,0,0,0,0,0,0,0,0,0
1789009030.579871,2188190,public,charge,0,0,0,0,0,0,0,0,0
1789009030.579871,6243,pg_catalog,pg_parameter_acl,0,0,0,0,0,0,0,0,0
1789009030.579871,2616,pg_catalog,pg_opclass,0,0,8,134,0,0,0,0,0
1789009030.579871,2188298,public,exchange,0,0,0,0,0,0,0,0,0
1789009030.579871,2188147,pg_toast,pg_toast_2188137,0,0,0,0,0,0,0,0,0
1789009030.579871,2838,pg_toast,pg_toast_2618,0,0,1,3,0,0,0,0,0
1789009030.579871,2188327,public,industry,0,0,0,0,0,0,0,0,0
1789009030.579871,6228,pg_toast,pg_toast_6106,0,0,0,0,0,0,0,0,0
1789009030.579871,2188325,pg_toast,pg_toast_2188307,0,0,0,0,0,0,0,0,0
1789009030.579871,2188364,public,security,0,0,0,0,0,0,0,0,0
1789009030.579871,3118,pg_catalog,pg_foreign_table,0,0,0,0,0,0,0,0,0
1789009030.579871,1259,pg_catalog,pg_class,1,523,12,12,0,0,0,0,0
1789009030.579871,3350,pg_catalog,pg_partitioned_table,0,0,0,0,0,0,0,0,0
1789009030.579871,4153,pg_toast,pg_toast_3118,0,0,0,0,0,0,0,0,0
1789009030.579871,4060,pg_toast,pg_toast_3592,0,0,0,0,0,0,0,0,0
1789009030.579871,4165,pg_toast,pg_toast_3350,0,0,0,0,0,0,0,0,0
1789009030.579871,2753,pg_catalog,pg_opfamily,0,0,2,2,0,0,0,0,0
1789009030.579871,3601,pg_catalog,pg_ts_parser,0,0,0,0,0,0,0,0,0
1789009030.579871,2188219,public,trade,0,0,0,0,0,0,0,0,0
1789009030.579871,2188260,pg_toast,pg_toast_2188249,0,0,0,0,0,0,0,0,0
1789009030.579871,6104,pg_catalog,pg_publication,0,0,0,0,0,0,0,0,0
1789009030.579871,13477,pg_toast,pg_toast_13474,0,0,0,0,0,0,0,0,0
1789009030.579871,3429,pg_catalog,pg_statistic_ext_data,0,0,0,0,0,0,0,0,0
1789009030.579871,2619,pg_catalog,pg_statistic,0,0,17,8,0,0,0,0,0
1789009030.579871,4155,pg_toast,pg_toast_3394,0,0,0,0,0,0,0,0,0
1789009030.579871,2188196,pg_toast,pg_toast_2188190,0,0,0,0,0,0,0,0,0
1789009030.579871,3381,pg_catalog,pg_statistic_ext,0,0,3,0,0,0,0,0,0
1789009030.579871,6106,pg_catalog,pg_publication_rel,0,0,0,0,0,0,0,0,0
1789009030.579871,2605,pg_catalog,pg_cast,0,0,34,7,0,0,0,0,0
1789009030.579871,4171,pg_toast,pg_toast_1247,0,0,0,0,0,0,0,0,0
1789009030.579871,2830,pg_toast,pg_toast_2604,0,0,0,0,0,0,0,0,0
1789009030.579871,13479,information_schema,sql_implementation_info,0,0,,,0,0,0,0,0
1789009030.579871,6244,pg_toast,pg_toast_6243,0,0,0,0,0,0,0,0,0
1789009030.579871,3430,pg_toast,pg_toast_3429,0,0,0,0,0,0,0,0,0
1789009090.639194,2188132,public,customer_taxrate,0,0,0,0,0,0,0,0,0
1789009090.639194,3576,pg_catalog,pg_transform,0,0,0,0,0,0,0,0,0
1789009090.639194,2601,pg_catalog,pg_am,0,0,0,0,0,0,0,0,0
1789009090.639194,2188188,pg_toast,pg_toast_2188182,0,0,0,0,0,0,0,0,0
1789009090.639194,3394,pg_catalog,pg_init_privs,0,0,0,0,0,0,0,0,0
1789009090.639194,4167,pg_toast,pg_toast_3256,0,0,0,0,0,0,0,0,0
1789009090.639194,4151,pg_toast,pg_toast_1417,0,0,0,0,0,0,0,0,0
1789009090.639194,2834,pg_toast,pg_toast_2609,0,0,0,0,0,0,0,0,0
1789009090.639194,6000,pg_catalog,pg_replication_origin,0,0,0,0,0,0,0,0,0
1789009090.639194,2188343,public,news_item,0,0,0,0,0,0,0,0,0
1789009090.639194,2840,pg_toast,pg_toast_2619,0,0,0,0,0,0,0,0,0
1789009090.639194,2188122,public,customer_account,0,0,0,0,0,0,0,0,0
1789009090.639194,2328,pg_catalog,pg_foreign_data_wrapper,0,0,0,0,0,0,0,0,0
1789009090.639194,4157,pg_toast,pg_toast_2612,0,0,0,0,0,0,0,0,0
1789009090.639194,1260,pg_catalog,pg_authid,0,0,0,0,0,0,0,0,0
1789009090.639194,6102,pg_catalog,pg_subscription_rel,0,0,0,0,0,0,0,0,0
1789009090.639194,1214,pg_catalog,pg_shdepend,0,0,0,0,0,0,0,0,0
1789009090.639194,4163,pg_toast,pg_toast_2615,0,0,0,0,0,0,0,0,0
1789009090.639194,4169,pg_toast,pg_toast_3600,0,0,0,0,0,0,0,0,0
1789009090.639194,2615,pg_catalog,pg_namespace,1,4,5,2,0,0,0,0,0
1789009090.639194,2188162,public,watch_item,0,0,0,0,0,0,0,0,0
1789009090.639194,2188167,public,watch_list,0,0,0,0,0,0,0,0,0
1789009090.639194,2188243,public,trade_history,0,0,0,0,0,0,0,0,0
1789009090.639194,2188210,public,settlement,0,0,0,0,0,0,0,0,0
1789009090.639194,2188269,public,company,0,0,0,0,0,0,0,0,0
1789009090.639194,2396,pg_catalog,pg_shdescription,0,0,0,0,0,0,0,0,0
1789009090.639194,3600,pg_catalog,pg_ts_dict,0,0,0,0,0,0,0,0,0
1789009090.639194,3596,pg_catalog,pg_seclabel,0,0,0,0,0,0,0,0,0
1789009090.639194,2609,pg_catalog,pg_description,0,0,0,0,0,0,0,0,0
1789009090.639194,13482,pg_toast,pg_toast_13479,0,0,0,0,0,0,0,0,0
1789009090.639194,2188156,public,holding_summary,0,0,0,0,0,0,0,0,0
1789009090.639194,2188390,public,status_type,0,0,0,0,0,0,0,0,0
1789009090.639194,2188395,public,taxrate,0,0,0,0,0,0,0,0,0
1789009090.639194,3603,pg_catalog,pg_ts_config_map,0,0,0,0,0,0,0,0,0
1789009090.639194,1213,pg_catalog,pg_tablespace,0,0,1,1,0,0,0,0,0
1789009090.639194,2188383,pg_toast,pg_toast_2188364,0,0,0,0,0,0,0,0,0
1789009090.639194,2608,pg_catalog,pg_depend,0,0,0,0,0,0,0,0,0
1789009090.639194,2964,pg_catalog,pg_db_role_setting,0,0,0,0,0,0,0,0,0
1789009090.639194,1418,pg_catalog,pg_user_mapping,0,0,0,0,0,0,0,0,0
1789009090.639194,2613,pg_catalog,pg_largeobject,0,0,0,0,0,0,0,0,0
1789009090.639194,6175,pg_toast,pg_toast_3456,0,0,0,0,0,0,0,0,0
1789009090.639194,1261,pg_catalog,pg_auth_members,0,0,0,0,0,0,0,0,0
1789009090.639194,2617,pg_catalog,pg_operator,0,0,5,5,0,0,0,0,0
1789009090.639194,2188352,pg_toast,pg_toast_2188343,0,0,0,0,0,0,0,0,0
1789009090.639194,2188341,pg_toast,pg_toast_2188333,0,0,0,0,0,0,0,0,0
1789009090.639194,2610,pg_catalog,pg_index,1,221,11,14,0,0,0,0,0
1789009090.639194,1249,pg_catalog,pg_attribute,0,0,75,92,0,0,0,0,0
1789009090.639194,2188281,public,company_competitor,0,0,0,0,0,0,0,0,0
1789009090.639194,2600,pg_catalog,pg_aggregate,0,0,1,1,0,0,0,0,0
1789009090.639194,2188180,pg_toast,pg_toast_2188172,0,0,0,0,0,0,0,0,0
1789009090.639194,2188354,public,news_xref,0,0,0,0,0,0,0,0,0
1789009090.639194,2966,pg_toast,pg_toast_2964,0,0,0,0,0,0,0,0,0
1789009090.639194,2188402,public,zip_code,0,0,0,0,0,0,0,0,0
1789009090.639194,2618,pg_catalog,pg_rewrite,0,0,1,1,0,0,0,0,0
1789009090.639194,4177,pg_toast,pg_toast_1262,0,0,0,0,0,0,0,0,0
1789009090.639194,13484,information_schema,sql_parts,0,0,,,0,0,0,0,0
1789009090.639194,4159,pg_toast,pg_toast_2600,0,0,0,0,0,0,0,0,0
1789009090.639194,4147,pg_toast,pg_toast_3079,0,0,0,0,0,0,0,0,0
1789009090.639194,13474,information_schema,sql_features,0,0,,,0,0,0,0,0
1789009090.639194,1247,pg_catalog,pg_type,0,0,19,19,0,0,0,0,0
1789009090.639194,2602,pg_catalog,pg_amop,0,0,12,25,0,0,0,0,0
1789009090.639194,3439,pg_toast,pg_toast_3381,0,0,0,0,0,0,0,0,0
1789009090.639194,2846,pg_toast,pg_toast_2396,0,0,0,0,0,0,0,0,0
1789009090.639194,4145,pg_toast,pg_toast_3466,0,0,0,0,0,0,0,0,0
1789009090.639194,2188385,public,address,0,0,0,0,0,0,0,0,0
1789009090.639194,2188137,public,holding,0,0,0,0,0,0,0,0,0
1789009090.639194,3541,pg_catalog,pg_range,0,0,0,0,0,0,0,0,0
1789009090.639194,3602,pg_catalog,pg_ts_config,0,0,0,0,0,0,0,0,0
1789009090.639194,4183,pg_toast,pg_toast_6100,0,0,0,0,0,0,0,0,0
1789009090.639194,2188333,public,last_trade,0,0,0,0,0,0,0,0,0
1789009090.639194,2224,pg_catalog,pg_sequence,0,0,0,0,0,0,0,0,0
1789009090.639194,2611,pg_catalog,pg_inherits,0,0,0,0,0,0,0,0,0
1789009090.639194,1417,pg_catalog,pg_foreign_server,0,0,0,0,0,0,0,0,0
1789009090.639194,1262,pg_catalog,pg_database,0,0,0,0,0,0,0,0,0
1789009090.639194,2188182,public,cash_transaction,0,0,0,0,0,0,0,0,0
1789009090.639194,13492,pg_toast,pg_toast_13489,0,0,0,0,0,0,0,0,0
1789009090.639194,3501,pg_catalog,pg_enum,0,0,0,0,0,0,0,0,0
1789009090.639194,2607,pg_catalog,pg_conversion,0,0,0,0,0,0,0,0,0
1789009090.639194,2188359,public,sector,0,0,0,0,0,0,0,0,0
1789009090.639194,2188217,pg_toast,pg_toast_2188210,0,0,0,0,0,0,0,0,0
1789009090.639194,826,pg_catalog,pg_default_acl,0,0,0,0,0,0,0,0,0
1789009090.639194,2604,pg_catalog,pg_attrdef,0,0,0,0,0,0,0,0,0
1789009090.639194,2336,pg_toast,pg_toast_2620,0,0,0,0,0,0,0,0,0
1789009090.639194,2188149,public,holding_history,0,0,0,0,0,0,0,0,0
1789009090.639194,2603,pg_catalog,pg_amproc,0,0,5,11,0,0,0,0,0
1789009090.639194,2606,pg_catalog,pg_constraint,0,0,3,8,0,0,0,0,0
1789009090.639194,1255,pg_catalog,pg_proc,0,0,19,24,0,0,0,0,0
1789009090.639194,4173,pg_toast,pg_toast_1418,0,0,0,0,0,0,0,0,0
1789009090.639194,2620,pg_catalog,pg_trigger,0,0,0,0,0,0,0,0,0
1789009090.639194,2188241,pg_toast,pg_toast_2188219,0,0,0,0,0,0,0,0,0
1789009090.639194,2612,pg_catalog,pg_language,0,0,0,0,0,0,0,0,0
1789009090.639194,4149,pg_toast,pg_toast_2328,0,0,0,0,0,0,0,0,0
1789009090.639194,6351,pg_toast,pg_toast_2610,0,0,0,0,0,0,0,0,0
1789009090.639194,13489,information_schema,sql_sizing,0,0,,,0,0,0,0,0
1789009090.639194,3598,pg_toast,pg_toast_3596,0,0,0,0,0,0,0,0,0
1789009090.639194,2188111,public,customer,0,0,0,0,0,0,0,0,0
1789009090.639194,2836,pg_toast,pg_toast_1255,0,0,0,0,0,0,0,0,0
1789009090.639194,3456,pg_catalog,pg_collation,0,0,0,0,0,0,0,0,0
1789009090.639194,3079,pg_catalog,pg_extension,0,0,0,0,0,0,0,0,0
1789009090.639194,2188262,public,trade_type,0,0,0,0,0,0,0,0,0
1789009090.639194,6100,pg_catalog,pg_subscription,0,0,0,0,0,0,0,0,0
1789009090.639194,2188249,public,trade_request,0,0,0,0,0,0,0,0,0
1789009090.639194,2188198,public,commission_rate,0,0,0,0,0,0,0,0,0
1789009090.639194,2188130,pg_toast,pg_toast_2188122,0,0,0,0,0,0,0,0,0
1789009090.639194,2832,pg_toast,pg_toast_2606,0,0,0,0,0,0,0,0,0
1789009090.639194,3256,pg_catalog,pg_policy,0,0,0,0,0,0,0,0,0
1789009090.639194,2188172,public,broker,0,0,0,0,0,0,0,0,0
1789009090.639194,2188296,pg_toast,pg_toast_2188287,0,0,0,0,0,0,0,0,0
1789009090.639194,2188307,public,financial,0,0,0,0,0,0,0,0,0
1789009090.639194,2188103,public,account_permission,0,0,0,0,0,0,0,0,0
1789009090.639194,3466,pg_catalog,pg_event_trigger,0,0,0,0,0,0,0,0,0
1789009090.639194,3592,pg_catalog,pg_shseclabel,0,0,0,0,0,0,0,0,0
1789009090.639194,3764,pg_catalog,pg_ts_template,0,0,0,0,0,0,0,0,0
1789009090.639194,6237,pg_catalog,pg_publication_namespace,0,0,0,0,0,0,0,0,0
1789009090.639194,13487,pg_toast,pg_toast_13484,0,0,0,0,0,0,0,0,0
1789009090.639194,2995,pg_catalog,pg_largeobject_metadata,0,0,0,0,0,0,0,0,0
1789009090.639194,4143,pg_toast,pg_toast_826,0,0,0,0,0,0,0,0,0
1789009090.639194,4185,pg_toast,pg_toast_1213,0,0,0,0,0,0,0,0,0
1789009090.639194,2188287,public,daily_market,0,0,0,0,0,0,0,0,0
1789009090.639194,2188190,public,charge,0,0,0,0,0,0,0,0,0
1789009090.639194,6243,pg_catalog,pg_parameter_acl,0,0,0,0,0,0,0,0,0
1789009090.639194,2616,pg_catalog,pg_opclass,0,0,8,134,0,0,0,0,0
1789009090.639194,2188298,public,exchange,0,0,0,0,0,0,0,0,0
1789009090.639194,2188147,pg_toast,pg_toast_2188137,0,0,0,0,0,0,0,0,0
1789009090.639194,2838,pg_toast,pg_toast_2618,0,0,1,3,0,0,0,0,0
1789009090.639194,2188327,public,industry,0,0,0,0,0,0,0,0,0
1789009090.639194,6228,pg_toast,pg_toast_6106,0,0,0,0,0,0,0,0,0
1789009090.639194,2188325,pg_toast,pg_toast_2188307,0,0,0,0,0,0,0,0,0
1789009090.639194,2188364,public,security,0,0,0,0,0,0,0,0,0
1789009090.639194,3118,pg_catalog,pg_foreign_table,0,0,0,0,0,0,0,0,0
1789009090.639194,1259,pg_catalog,pg_class,1,523,12,12,0,0,0,0,0
1789009090.639194,3350,pg_catalog,pg_partitioned_table,0,0,0,0,0,0,0,0,0
1789009090.639194,4153,pg_toast,pg_toast_3118,0,0,0,0,0,0,0,0,0
1789009090.639194,4060,pg_toast,pg_toast_3592,0,0,0,0,0,0,0,0,0
1789009090.639194,4165,pg_toast,pg_toast_3350,0,0,0,0,0,0,0,0,0
1789009090.639194,2753,pg_catalog,pg_opfamily,0,0,2,2,0,0,0,0,0
1789009090.639194,3601,pg_catalog,pg_ts_parser,0,0,0,0,0,0,0,0,0
1789009090.639194,2188219,public,trade,0,0,0,0,0,0,0,0,0
1789009090.639194,2188260,pg_toast,pg_toast_2188249,0,0,0,0,0,0,0,0,0
1789009090.639194,6104,pg_catalog,pg_publication,0,0,0,0,0,0,0,0,0
1789009090.639194,13477,pg_toast,pg_toast_13474,0,0,0,0,0,0,0,0,0
1789009090.639194,3429,pg_catalog,pg_statistic_ext_data,0,0,0,0,0,0,0,0,0
1789009090.639194,2619,pg_catalog,pg_statistic,0,0,17,8,0,0,0,0,0
1789009090.639194,4155,pg_toast,pg_toast_3394,0,0,0,0,0,0,0,0,0
1789009090.639194,2188196,pg_toast,pg_toast_2188190,0,0,0,0,0,0,0,0,0
1789009090.639194,3381,pg_catalog,pg_statistic_ext,0,0,3,0,0,0,0,0,0
1789009090.639194,6106,pg_catalog,pg_publication_rel,0,0,0,0,0,0,0,0,0
1789009090.639194,2605,pg_catalog,pg_cast,0,0,34,7,0,0,0,0,0
1789009090.639194,4171,pg_toast,pg_toast_1247,0,0,0,0,0,0,0,0,0
1789009090.639194,2830,pg_toast,pg_toast_2604,0,0,0,0,0,0,0,0,0
1789009090.639194,13479,information_schema,sql_implementation_info,0,0,,,0,0,0,0,0
1789009090.639194,6244,pg_toast,pg_toast_6243,0,0,0,0,0,0,0,0,0
1789009090.639194,3430,pg_toast,pg_toast_3429,0,0,0,0,0,0,0,0,0
1789009150.755645,2188132,public,customer_taxrate,0,0,0,0,0,0,0,0,0
1789009150.755645,3576,pg_catalog,pg_transform,0,0,0,0,0,0,0,0,0
1789009150.755645,2601,pg_catalog,pg_am,0,0,0,0,0,0,0,0,0
1789009150.755645,2188188,pg_toast,pg_toast_2188182,0,0,0,0,0,0,0,0,0
1789009150.755645,3394,pg_catalog,pg_init_privs,0,0,0,0,0,0,0,0,0
1789009150.755645,4167,pg_toast,pg_toast_3256,0,0,0,0,0,0,0,0,0
1789009150.755645,4151,pg_toast,pg_toast_1417,0,0,0,0,0,0,0,0,0
1789009150.755645,2834,pg_toast,pg_toast_2609,0,0,0,0,0,0,0,0,0
1789009150.755645,6000,pg_catalog,pg_replication_origin,0,0,0,0,0,0,0,0,0
1789009150.755645,2188343,public,news_item,0,0,0,0,0,0,0,0,0
1789009150.755645,2840,pg_toast,pg_toast_2619,0,0,0,0,0,0,0,0,0
1789009150.755645,2188122,public,customer_account,0,0,0,0,0,0,0,0,0
1789009150.755645,2328,pg_catalog,pg_foreign_data_wrapper,0,0,0,0,0,0,0,0,0
1789009150.755645,4157,pg_toast,pg_toast_2612,0,0,0,0,0,0,0,0,0
1789009150.755645,1260,pg_catalog,pg_authid,0,0,0,0,0,0,0,0,0
1789009150.755645,6102,pg_catalog,pg_subscription_rel,0,0,0,0,0,0,0,0,0
1789009150.755645,1214,pg_catalog,pg_shdepend,0,0,0,0,0,0,0,0,0
1789009150.755645,4163,pg_toast,pg_toast_2615,0,0,0,0,0,0,0,0,0
1789009150.755645,4169,pg_toast,pg_toast_3600,0,0,0,0,0,0,0,0,0
1789009150.755645,2615,pg_catalog,pg_namespace,1,4,5,2,0,0,0,0,0
1789009150.755645,2188162,public,watch_item,0,0,0,0,0,0,0,0,0
1789009150.755645,2188167,public,watch_list,0,0,0,0,0,0,0,0,0
1789009150.755645,2188243,public,trade_history,0,0,0,0,0,0,0,0,0
1789009150.755645,2188210,public,settlement,0,0,0,0,0,0,0,0,0
1789009150.755645,2188269,public,company,0,0,0,0,0,0,0,0,0
1789009150.755645,2396,pg_catalog,pg_shdescription,0,0,0,0,0,0,0,0,0
1789009150.755645,3600,pg_catalog,pg_ts_dict,0,0,0,0,0,0,0,0,0
1789009150.755645,3596,pg_catalog,pg_seclabel,0,0,0,0,0,0,0,0,0
1789009150.755645,2609,pg_catalog,pg_description,0,0,0,0,0,0,0,0,0
1789009150.755645,13482,pg_toast,pg_toast_13479,0,0,0,0,0,0,0,0,0
1789009150.755645,2188156,public,holding_summary,0,0,0,0,0,0,0,0,0
1789009150.755645,2188390,public,status_type,0,0,0,0,0,0,0,0,0
1789009150.755645,2188395,public,taxrate,0,0,0,0,0,0,0,0,0
1789009150.755645,3603,pg_catalog,pg_ts_config_map,0,0,0,0,0,0,0,0,0
1789009150.755645,1213,pg_catalog,pg_tablespace,0,0,1,1,0,0,0,0,0
1789009150.755645,2188383,pg_toast,pg_toast_2188364,0,0,0,0,0,0,0,0,0
1789009150.755645,2608,pg_catalog,pg_depend,0,0,0,0,0,0,0,0,0
1789009150.755645,2964,pg_catalog,pg_db_role_setting,0,0,0,0,0,0,0,0,0
1789009150.755645,1418,pg_catalog,pg_user_mapping,0,0,0,0,0,0,0,0,0
1789009150.755645,2613,pg_catalog,pg_largeobject,0,0,0,0,0,0,0,0,0
1789009150.755645,6175,pg_toast,pg_toast_3456,0,0,0,0,0,0,0,0,0
1789009150.755645,1261,pg_catalog,pg_auth_members,0,0,0,0,0,0,0,0,0
1789009150.755645,2617,pg_catalog,pg_operator,0,0,5,5,0,0,0,0,0
1789009150.755645,2188352,pg_toast,pg_toast_2188343,0,0,0,0,0,0,0,0,0
1789009150.755645,2188341,pg_toast,pg_toast_2188333,0,0,0,0,0,0,0,0,0
1789009150.755645,2610,pg_catalog,pg_index,1,221,11,14,0,0,0,0,0
1789009150.755645,1249,pg_catalog,pg_attribute,0,0,75,92,0,0,0,0,0
1789009150.755645,2188281,public,company_competitor,0,0,0,0,0,0,0,0,0
1789009150.755645,2600,pg_catalog,pg_aggregate,0,0,1,1,0,0,0,0,0
1789009150.755645,2188180,pg_toast,pg_toast_2188172,0,0,0,0,0,0,0,0,0
1789009150.755645,2188354,public,news_xref,0,0,0,0,0,0,0,0,0
1789009150.755645,2966,pg_toast,pg_toast_2964,0,0,0,0,0,0,0,0,0
1789009150.755645,2188402,public,zip_code,0,0,0,0,0,0,0,0,0
1789009150.755645,2618,pg_catalog,pg_rewrite,0,0,1,1,0,0,0,0,0
1789009150.755645,4177,pg_toast,pg_toast_1262,0,0,0,0,0,0,0,0,0
1789009150.755645,13484,information_schema,sql_parts,0,0,,,0,0,0,0,0
1789009150.755645,4159,pg_toast,pg_toast_2600,0,0,0,0,0,0,0,0,0
1789009150.755645,4147,pg_toast,pg_toast_3079,0,0,0,0,0,0,0,0,0
1789009150.755645,13474,information_schema,sql_features,0,0,,,0,0,0,0,0
1789009150.755645,1247,pg_catalog,pg_type,0,0,19,19,0,0,0,0,0
1789009150.755645,2602,pg_catalog,pg_amop,0,0,12,25,0,0,0,0,0
1789009150.755645,3439,pg_toast,pg_toast_3381,0,0,0,0,0,0,0,0,0
1789009150.755645,2846,pg_toast,pg_toast_2396,0,0,0,0,0,0,0,0,0
1789009150.755645,4145,pg_toast,pg_toast_3466,0,0,0,0,0,0,0,0,0
1789009150.755645,2188385,public,address,0,0,0,0,0,0,0,0,0
1789009150.755645,2188137,public,holding,0,0,0,0,0,0,0,0,0
1789009150.755645,3541,pg_catalog,pg_range,0,0,0,0,0,0,0,0,0
1789009150.755645,3602,pg_catalog,pg_ts_config,0,0,0,0,0,0,0,0,0
1789009150.755645,4183,pg_toast,pg_toast_6100,0,0,0,0,0,0,0,0,0
1789009150.755645,2188333,public,last_trade,0,0,0,0,0,0,0,0,0
1789009150.755645,2224,pg_catalog,pg_sequence,0,0,0,0,0,0,0,0,0
1789009150.755645,2611,pg_catalog,pg_inherits,0,0,0,0,0,0,0,0,0
1789009150.755645,1417,pg_catalog,pg_foreign_server,0,0,0,0,0,0,0,0,0
1789009150.755645,1262,pg_catalog,pg_database,0,0,0,0,0,0,0,0,0
1789009150.755645,2188182,public,cash_transaction,0,0,0,0,0,0,0,0,0
1789009150.755645,13492,pg_toast,pg_toast_13489,0,0,0,0,0,0,0,0,0
1789009150.755645,3501,pg_catalog,pg_enum,0,0,0,0,0,0,0,0,0
1789009150.755645,2607,pg_catalog,pg_conversion,0,0,0,0,0,0,0,0,0
1789009150.755645,2188359,public,sector,0,0,0,0,0,0,0,0,0
1789009150.755645,2188217,pg_toast,pg_toast_2188210,0,0,0,0,0,0,0,0,0
1789009150.755645,826,pg_catalog,pg_default_acl,0,0,0,0,0,0,0,0,0
1789009150.755645,2604,pg_catalog,pg_attrdef,0,0,0,0,0,0,0,0,0
1789009150.755645,2336,pg_toast,pg_toast_2620,0,0,0,0,0,0,0,0,0
1789009150.755645,2188149,public,holding_history,0,0,0,0,0,0,0,0,0
1789009150.755645,2603,pg_catalog,pg_amproc,0,0,5,11,0,0,0,0,0
1789009150.755645,2606,pg_catalog,pg_constraint,0,0,3,8,0,0,0,0,0
1789009150.755645,1255,pg_catalog,pg_proc,0,0,19,24,0,0,0,0,0
1789009150.755645,4173,pg_toast,pg_toast_1418,0,0,0,0,0,0,0,0,0
1789009150.755645,2620,pg_catalog,pg_trigger,0,0,0,0,0,0,0,0,0
1789009150.755645,2188241,pg_toast,pg_toast_2188219,0,0,0,0,0,0,0,0,0
1789009150.755645,2612,pg_catalog,pg_language,0,0,0,0,0,0,0,0,0
1789009150.755645,4149,pg_toast,pg_toast_2328,0,0,0,0,0,0,0,0,0
1789009150.755645,6351,pg_toast,pg_toast_2610,0,0,0,0,0,0,0,0,0
1789009150.755645,13489,information_schema,sql_sizing,0,0,,,0,0,0,0,0
1789009150.755645,3598,pg_toast,pg_toast_3596,0,0,0,0,0,0,0,0,0
1789009150.755645,2188111,public,customer,0,0,0,0,0,0,0,0,0
1789009150.755645,2836,pg_toast,pg_toast_1255,0,0,0,0,0,0,0,0,0
1789009150.755645,3456,pg_catalog,pg_collation,0,0,0,0,0,0,0,0,0
1789009150.755645,3079,pg_catalog,pg_extension,0,0,0,0,0,0,0,0,0
1789009150.755645,2188262,public,trade_type,0,0,0,0,0,0,0,0,0
1789009150.755645,6100,pg_catalog,pg_subscription,0,0,0,0,0,0,0,0,0
1789009150.755645,2188249,public,trade_request,0,0,0,0,0,0,0,0,0
1789009150.755645,2188198,public,commission_rate,0,0,0,0,0,0,0,0,0
1789009150.755645,2188130,pg_toast,pg_toast_2188122,0,0,0,0,0,0,0,0,0
1789009150.755645,2832,pg_toast,pg_toast_2606,0,0,0,0,0,0,0,0,0
1789009150.755645,3256,pg_catalog,pg_policy,0,0,0,0,0,0,0,0,0
1789009150.755645,2188172,public,broker,0,0,0,0,0,0,0,0,0
1789009150.755645,2188296,pg_toast,pg_toast_2188287,0,0,0,0,0,0,0,0,0
1789009150.755645,2188307,public,financial,0,0,0,0,0,0,0,0,0
1789009150.755645,2188103,public,account_permission,0,0,0,0,0,0,0,0,0
1789009150.755645,3466,pg_catalog,pg_event_trigger,0,0,0,0,0,0,0,0,0
1789009150.755645,3592,pg_catalog,pg_shseclabel,0,0,0,0,0,0,0,0,0
1789009150.755645,3764,pg_catalog,pg_ts_template,0,0,0,0,0,0,0,0,0
1789009150.755645,6237,pg_catalog,pg_publication_namespace,0,0,0,0,0,0,0,0,0
1789009150.755645,13487,pg_toast,pg_toast_13484,0,0,0,0,0,0,0,0,0
1789009150.755645,2995,pg_catalog,pg_largeobject_metadata,0,0,0,0,0,0,0,0,0
1789009150.755645,4143,pg_toast,pg_toast_826,0,0,0,0,0,0,0,0,0
1789009150.755645,4185,pg_toast,pg_toast_1213,0,0,0,0,0,0,0,0,0
1789009150.755645,2188287,public,daily_market,0,0,0,0,0,0,0,0,0
1789009150.755645,2188190,public,charge,0,0,0,0,0,0,0,0,0
1789009150.755645,6243,pg_catalog,pg_parameter_acl,0,0,0,0,0,0,0,0,0
1789009150.755645,2616,pg_catalog,pg_opclass,0,0,8,134,0,0,0,0,0
1789009150.755645,2188298,public,exchange,0,0,0,0,0,0,0,0,0
1789009150.755645,2188147,pg_toast,pg_toast_2188137,0,0,0,0,0,0,0,0,0
1789009150.755645,2838,pg_toast,pg_toast_2618,0,0,1,3,0,0,0,0,0
1789009150.755645,2188327,public,industry,0,0,0,0,0,0,0,0,0
1789009150.755645,6228,pg_toast,pg_toast_6106,0,0,0,0,0,0,0,0,0
1789009150.755645,2188325,pg_toast,pg_toast_2188307,0,0,0,0,0,0,0,0,0
1789009150.755645,2188364,public,security,0,0,0,0,0,0,0,0,0
1789009150.755645,3118,pg_catalog,pg_foreign_table,0,0,0,0,0,0,0,0,0
1789009150.755645,1259,pg_catalog,pg_class,1,523,12,12,0,0,0,0,0
1789009150.755645,3350,pg_catalog,pg_partitioned_table,0,0,0,0,0,0,0,0,0
1789009150.755645,4153,pg_toast,pg_toast_3118,0,0,0,0,0,0,0,0,0
1789009150.755645,4060,pg_toast,pg_toast_3592,0,0,0,0,0,0,0,0,0
1789009150.755645,4165,pg_toast,pg_toast_3350,0,0,0,0,0,0,0,0,0
1789009150.755645,2753,pg_catalog,pg_opfamily,0,0,2,2,0,0,0,0,0
1789009150.755645,3601,pg_catalog,pg_ts_parser,0,0,0,0,0,0,0,0,0
1789009150.755645,2188219,public,trade,0,0,0,0,0,0,0,0,0
1789009150.755645,2188260,pg_toast,pg_toast_2188249,0,0,0,0,0,0,0,0,0
1789009150.755645,6104,pg_catalog,pg_publication,0,0,0,0,0,0,0,0,0
1789009150.755645,13477,pg_toast,pg_toast_13474,0,0,0,0,0,0,0,0,0
1789009150.755645,3429,pg_catalog,pg_statistic_ext_data,0,0,0,0,0,0,0,0,0
1789009150.755645,2619,pg_catalog,pg_statistic,0,0,17,8,0,0,0,0,0
1789009150.755645,4155,pg_toast,pg_toast_3394,0,0,0,0,0,0,0,0,0
1789009150.755645,2188196,pg_toast,pg_toast_2188190,0,0,0,0,0,0,0,0,0
1789009150.755645,3381,pg_catalog,pg_statistic_ext,0,0,3,0,0,0,0,0,0
1789009150.755645,6106,pg_catalog,pg_publication_rel,0,0,0,0,0,0,0,0,0
1789009150.755645,2605,pg_catalog,pg_cast,0,0,34,7,0,0,0,0,0
1789009150.755645,4171,pg_toast,pg_toast_1247,0,0,0,0,0,0,0,0,0
1789009150.755645,2830,pg_toast,pg_toast_2604,0,0,0,0,0,0,0,0,0
1789009150.755645,13479,information_schema,sql_implementation_info,0,0,,,0,0,0,0,0
1789009150.755645,6244,pg_toast,pg_toast_6243,0,0,0,0,0,0,0,0,0
1789009150.755645,3430,pg_toast,pg_toast_3429,0,0,0,0,0,0,0,0,0
1789009210.826549,2188132,public,customer_taxrate,0,0,0,0,0,0,0,0,0
1789009210.826549,3576,pg_catalog,pg_transform,0,0,0,0,0,0,0,0,0
1789009210.826549,2601,pg_catalog,pg_am,0,0,0,0,0,0,0,0,0
1789009210.826549,2188188,pg_toast,pg_toast_2188182,0,0,0,0,0,0,0,0,0
1789009210.826549,3394,pg_catalog,pg_init_privs,0,0,0,0,0,0,0,0,0
1789009210.826549,4167,pg_toast,pg_toast_3256,0,0,0,0,0,0,0,0,0
1789009210.826549,4151,pg_toast,pg_toast_1417,0,0,0,0,0,0,0,0,0
1789009210.826549,2834,pg_toast,pg_toast_2609,0,0,0,0,0,0,0,0,0
1789009210.826549,6000,pg_catalog,pg_replication_origin,0,0,0,0,0,0,0,0,0
1789009210.826549,2188343,public,news_item,0,0,0,0,0,0,0,0,0
1789009210.826549,2840,pg_toast,pg_toast_2619,0,0,0,0,0,0,0,0,0
1789009210.826549,2188122,public,customer_account,0,0,0,0,0,0,0,0,0
1789009210.826549,2328,pg_catalog,pg_foreign_data_wrapper,0,0,0,0,0,0,0,0,0
1789009210.826549,4157,pg_toast,pg_toast_2612,0,0,0,0,0,0,0,0,0
1789009210.826549,1260,pg_catalog,pg_authid,0,0,0,0,0,0,0,0,0
1789009210.826549,6102,pg_catalog,pg_subscription_rel,0,0,0,0,0,0,0,0,0
1789009210.826549,1214,pg_catalog,pg_shdepend,0,0,0,0,0,0,0,0,0
1789009210.826549,4163,pg_toast,pg_toast_2615,0,0,0,0,0,0,0,0,0
1789009210.826549,4169,pg_toast,pg_toast_3600,0,0,0,0,0,0,0,0,0
1789009210.826549,2615,pg_catalog,pg_namespace,1,4,5,2,0,0,0,0,0
1789009210.826549,2188162,public,watch_item,0,0,0,0,0,0,0,0,0
1789009210.826549,2188167,public,watch_list,0,0,0,0,0,0,0,0,0
1789009210.826549,2188243,public,trade_history,0,0,0,0,0,0,0,0,0
1789009210.826549,2188210,public,settlement,0,0,0,0,0,0,0,0,0
1789009210.826549,2188269,public,company,0,0,0,0,0,0,0,0,0
1789009210.826549,2396,pg_catalog,pg_shdescription,0,0,0,0,0,0,0,0,0
1789009210.826549,3600,pg_catalog,pg_ts_dict,0,0,0,0,0,0,0,0,0
1789009210.826549,3596,pg_catalog,pg_seclabel,0,0,0,0,0,0,0,0,0
1789009210.826549,2609,pg_catalog,pg_description,0,0,0,0,0,0,0,0,0
1789009210.826549,13482,pg_toast,pg_toast_13479,0,0,0,0,0,0,0,0,0
1789009210.826549,2188156,public,holding_summary,0,0,0,0,0,0,0,0,0
1789009210.826549,2188390,public,status_type,0,0,0,0,0,0,0,0,0
1789009210.826549,2188395,public,taxrate,0,0,0,0,0,0,0,0,0
1789009210.826549,3603,pg_catalog,pg_ts_config_map,0,0,0,0,0,0,0,0,0
1789009210.826549,1213,pg_catalog,pg_tablespace,0,0,1,1,0,0,0,0,0
1789009210.826549,2188383,pg_toast,pg_toast_2188364,0,0,0,0,0,0,0,0,0
1789009210.826549,2608,pg_catalog,pg_depend,0,0,0,0,0,0,0,0,0
1789009210.826549,2964,pg_catalog,pg_db_role_setting,0,0,0,0,0,0,0,0,0
1789009210.826549,1418,pg_catalog,pg_user_mapping,0,0,0,0,0,0,0,0,0
1789009210.826549,2613,pg_catalog,pg_largeobject,0,0,0,0,0,0,0,0,0
1789009210.826549,6175,pg_toast,pg_toast_3456,0,0,0,0,0,0,0,0,0
1789009210.826549,1261,pg_catalog,pg_auth_members,0,0,0,0,0,0,0,0,0
1789009210.826549,2617,pg_catalog,pg_operator,0,0,5,5,0,0,0,0,0
1789009210.826549,2188352,pg_toast,pg_toast_2188343,0,0,0,0,0,0,0,0,0
1789009210.826549,2188341,pg_toast,pg_toast_2188333,0,0,0,0,0,0,0,0,0
1789009210.826549,2610,pg_catalog,pg_index,1,221,11,14,0,0,0,0,0
1789009210.826549,1249,pg_catalog,pg_attribute,0,0,75,92,0,0,0,0,0
1789009210.826549,2188281,public,company_competitor,0,0,0,0,0,0,0,0,0
1789009210.826549,2600,pg_catalog,pg_aggregate,0,0,1,1,0,0,0,0,0
1789009210.826549,2188180,pg_toast,pg_toast_2188172,0,0,0,0,0,0,0,0,0
1789009210.826549,2188354,public,news_xref,0,0,0,0,0,0,0,0,0
1789009210.826549,2966,pg_toast,pg_toast_2964,0,0,0,0,0,0,0,0,0
1789009210.826549,2188402,public,zip_code,0,0,0,0,0,0,0,0,0
1789009210.826549,2618,pg_catalog,pg_rewrite,0,0,1,1,0,0,0,0,0
1789009210.826549,4177,pg_toast,pg_toast_1262,0,0,0,0,0,0,0,0,0
1789009210.826549,13484,information_schema,sql_parts,0,0,,,0,0,0,0,0
1789009210.826549,4159,pg_toast,pg_toast_2600,0,0,0,0,0,0,0,0,0
1789009210.826549,4147,pg_toast,pg_toast_3079,0,0,0,0,0,0,0,0,0
1789009210.826549,13474,information_schema,sql_features,0,0,,,0,0,0,0,0
1789009210.826549,1247,pg_catalog,pg_type,0,0,19,19,0,0,0,0,0
1789009210.826549,2602,pg_catalog,pg_amop,0,0,12,25,0,0,0,0,0
1789009210.826549,3439,pg_toast,pg_toast_3381,0,0,0,0,0,0,0,0,0
1789009210.826549,2846,pg_toast,pg_toast_2396,0,0,0,0,0,0,0,0,0
1789009210.826549,4145,pg_toast,pg_toast_3466,0,0,0,0,0,0,0,0,0
1789009210.826549,2188385,public,address,0,0,0,0,0,0,0,0,0
1789009210.826549,2188137,public,holding,0,0,0,0,0,0,0,0,0
1789009210.826549,3541,pg_catalog,pg_range,0,0,0,0,0,0,0,0,0
1789009210.826549,3602,pg_catalog,pg_ts_config,0,0,0,0,0,0,0,0,0
1789009210.826549,4183,pg_toast,pg_toast_6100,0,0,0,0,0,0,0,0,0
1789009210.826549,2188333,public,last_trade,0,0,0,0,0,0,0,0,0
1789009210.826549,2224,pg_catalog,pg_sequence,0,0,0,0,0,0,0,0,0
1789009210.826549,2611,pg_catalog,pg_inherits,0,0,0,0,0,0,0,0,0
1789009210.826549,1417,pg_catalog,pg_foreign_server,0,0,0,0,0,0,0,0,0
1789009210.826549,1262,pg_catalog,pg_database,0,0,0,0,0,0,0,0,0
1789009210.826549,2188182,public,cash_transaction,0,0,0,0,0,0,0,0,0
1789009210.826549,13492,pg_toast,pg_toast_13489,0,0,0,0,0,0,0,0,0
1789009210.826549,3501,pg_catalog,pg_enum,0,0,0,0,0,0,0,0,0
1789009210.826549,2607,pg_catalog,pg_conversion,0,0,0,0,0,0,0,0,0
1789009210.826549,2188359,public,sector,0,0,0,0,0,0,0,0,0
1789009210.826549,2188217,pg_toast,pg_toast_2188210,0,0,0,0,0,0,0,0,0
1789009210.826549,826,pg_catalog,pg_default_acl,0,0,0,0,0,0,0,0,0
1789009210.826549,2604,pg_catalog,pg_attrdef,0,0,0,0,0,0,0,0,0
1789009210.826549,2336,pg_toast,pg_toast_2620,0,0,0,0,0,0,0,0,0
1789009210.826549,2188149,public,holding_history,0,0,0,0,0,0,0,0,0
1789009210.826549,2603,pg_catalog,pg_amproc,0,0,5,11,0,0,0,0,0
1789009210.826549,2606,pg_catalog,pg_constraint,0,0,3,8,0,0,0,0,0
1789009210.826549,1255,pg_catalog,pg_proc,0,0,19,24,0,0,0,0,0
1789009210.826549,4173,pg_toast,pg_toast_1418,0,0,0,0,0,0,0,0,0
1789009210.826549,2620,pg_catalog,pg_trigger,0,0,0,0,0,0,0,0,0
1789009210.826549,2188241,pg_toast,pg_toast_2188219,0,0,0,0,0,0,0,0,0
1789009210.826549,2612,pg_catalog,pg_language,0,0,0,0,0,0,0,0,0
1789009210.826549,4149,pg_toast,pg_toast_2328,0,0,0,0,0,0,0,0,0
1789009210.826549,6351,pg_toast,pg_toast_2610,0,0,0,0,0,0,0,0,0
1789009210.826549,13489,information_schema,sql_sizing,0,0,,,0,0,0,0,0
1789009210.826549,3598,pg_toast,pg_toast_3596,0,0,0,0,0,0,0,0,0
1789009210.826549,2188111,public,customer,0,0,0,0,0,0,0,0,0
1789009210.826549,2836,pg_toast,pg_toast_1255,0,0,0,0,0,0,0,0,0
1789009210.826549,3456,pg_catalog,pg_collation,0,0,0,0,0,0,0,0,0
1789009210.826549,3079,pg_catalog,pg_extension,0,0,0,0,0,0,0,0,0
1789009210.826549,2188262,public,trade_type,0,0,0,0,0,0,0,0,0
1789009210.826549,6100,pg_catalog,pg_subscription,0,0,0,0,0,0,0,0,0
1789009210.826549,2188249,public,trade_request,0,0,0,0,0,0,0,0,0
1789009210.826549,2188198,public,commission_rate,0,0,0,0,0,0,0,0,0
1789009210.826549,2188130,pg_toast,pg_toast_2188122,0,0,0,0,0,0,0,0,0
1789009210.826549,2832,pg_toast,pg_toast_2606,0,0,0,0,0,0,0,0,0
1789009210.826549,3256,pg_catalog,pg_policy,0,0,0,0,0,0,0,0,0
1789009210.826549,2188172,public,broker,0,0,0,0,0,0,0,0,0
1789009210.826549,2188296,pg_toast,pg_toast_2188287,0,0,0,0,0,0,0,0,0
1789009210.826549,2188307,public,financial,0,0,0,0,0,0,0,0,0
1789009210.826549,2188103,public,account_permission,0,0,0,0,0,0,0,0,0
1789009210.826549,3466,pg_catalog,pg_event_trigger,0,0,0,0,0,0,0,0,0
1789009210.826549,3592,pg_catalog,pg_shseclabel,0,0,0,0,0,0,0,0,0
1789009210.826549,3764,pg_catalog,pg_ts_template,0,0,0,0,0,0,0,0,0
1789009210.826549,6237,pg_catalog,pg_publication_namespace,0,0,0,0,0,0,0,0,0
1789009210.826549,13487,pg_toast,pg_toast_13484,0,0,0,0,0,0,0,0,0
1789009210.826549,2995,pg_catalog,pg_largeobject_metadata,0,0,0,0,0,0,0,0,0
1789009210.826549,4143,pg_toast,pg_toast_826,0,0,0,0,0,0,0,0,0
1789009210.826549,4185,pg_toast,pg_toast_1213,0,0,0,0,0,0,0,0,0
1789009210.826549,2188287,public,daily_market,0,0,0,0,0,0,0,0,0
1789009210.826549,2188190,public,charge,0,0,0,0,0,0,0,0,0
1789009210.826549,6243,pg_catalog,pg_parameter_acl,0,0,0,0,0,0,0,0,0
1789009210.826549,2616,pg_catalog,pg_opclass,0,0,8,134,0,0,0,0,0
1789009210.826549,2188298,public,exchange,0,0,0,0,0,0,0,0,0
1789009210.826549,2188147,pg_toast,pg_toast_2188137,0,0,0,0,0,0,0,0,0
1789009210.826549,2838,pg_toast,pg_toast_2618,0,0,1,3,0,0,0,0,0
1789009210.826549,2188327,public,industry,0,0,0,0,0,0,0,0,0
1789009210.826549,6228,pg_toast,pg_toast_6106,0,0,0,0,0,0,0,0,0
1789009210.826549,2188325,pg_toast,pg_toast_2188307,0,0,0,0,0,0,0,0,0
1789009210.826549,2188364,public,security,0,0,0,0,0,0,0,0,0
1789009210.826549,3118,pg_catalog,pg_foreign_table,0,0,0,0,0,0,0,0,0
1789009210.826549,1259,pg_catalog,pg_class,1,523,12,12,0,0,0,0,0
1789009210.826549,3350,pg_catalog,pg_partitioned_table,0,0,0,0,0,0,0,0,0
1789009210.826549,4153,pg_toast,pg_toast_3118,0,0,0,0,0,0,0,0,0
1789009210.826549,4060,pg_toast,pg_toast_3592,0,0,0,0,0,0,0,0,0
1789009210.826549,4165,pg_toast,pg_toast_3350,0,0,0,0,0,0,0,0,0
1789009210.826549,2753,pg_catalog,pg_opfamily,0,0,2,2,0,0,0,0,0
1789009210.826549,3601,pg_catalog,pg_ts_parser,0,0,0,0,0,0,0,0,0
1789009210.826549,2188219,public,trade,0,0,0,0,0,0,0,0,0
1789009210.826549,2188260,pg_toast,pg_toast_2188249,0,0,0,0,0,0,0,0,0
1789009210.826549,6104,pg_catalog,pg_publication,0,0,0,0,0,0,0,0,0
1789009210.826549,13477,pg_toast,pg_toast_13474,0,0,0,0,0,0,0,0,0
1789009210.826549,3429,pg_catalog,pg_statistic_ext_data,0,0,0,0,0,0,0,0,0
1789009210.826549,2619,pg_catalog,pg_statistic,0,0,17,8,0,0,0,0,0
1789009210.826549,4155,pg_toast,pg_toast_3394,0,0,0,0,0,0,0,0,0
1789009210.826549,2188196,pg_toast,pg_toast_2188190,0,0,0,0,0,0,0,0,0
1789009210.826549,3381,pg_catalog,pg_statistic_ext,0,0,3,0,0,0,0,0,0
1789009210.826549,6106,pg_catalog,pg_publication_rel,0,0,0,0,0,0,0,0,0
1789009210.826549,2605,pg_catalog,pg_cast,0,0,34,7,0,0,0,0,0
1789009210.826549,4171,pg_toast,pg_toast_1247,0,0,0,0,0,0,0,0,0
1789009210.826549,2830,pg_toast,pg_toast_2604,0,0,0,0,0,0,0,0,0
1789009210.826549,13479,information_schema,sql_implementation_info,0,0,,,0,0,0,0,0
1789009210.826549,6244,pg_toast,pg_toast_6243,0,0,0,0,0,0,0,0,0
1789009210.826549,3430,pg_toast,pg_toast_3429,0,0,0,0,0,0,0,0,0
1789009270.937842,2188132,public,customer_taxrate,0,0,0,0,0,0,0,0,0
1789009270.937842,3576,pg_catalog,pg_transform,0,0,0,0,0,0,0,0,0
1789009270.937842,2601,pg_catalog,pg_am,0,0,0,0,0,0,0,0,0
1789009270.937842,2188188,pg_toast,pg_toast_2188182,0,0,0,0,0,0,0,0,0
1789009270.937842,3394,pg_catalog,pg_init_privs,0,0,0,0,0,0,0,0,0
1789009270.937842,4167,pg_toast,pg_toast_3256,0,0,0,0,0,0,0,0,0
1789009270.937842,4151,pg_toast,pg_toast_1417,0,0,0,0,0,0,0,0,0
1789009270.937842,2834,pg_toast,pg_toast_2609,0,0,0,0,0,0,0,0,0
1789009270.937842,6000,pg_catalog,pg_replication_origin,0,0,0,0,0,0,0,0,0
1789009270.937842,2188343,public,news_item,0,0,0,0,0,0,0,0,0
1789009270.937842,2840,pg_toast,pg_toast_2619,0,0,0,0,0,0,0,0,0
1789009270.937842,2188122,public,customer_account,0,0,0,0,0,0,0,0,0
1789009270.937842,2328,pg_catalog,pg_foreign_data_wrapper,0,0,0,0,0,0,0,0,0
1789009270.937842,4157,pg_toast,pg_toast_2612,0,0,0,0,0,0,0,0,0
1789009270.937842,1260,pg_catalog,pg_authid,0,0,0,0,0,0,0,0,0
1789009270.937842,6102,pg_catalog,pg_subscription_rel,0,0,0,0,0,0,0,0,0
1789009270.937842,1214,pg_catalog,pg_shdepend,0,0,0,0,0,0,0,0,0
1789009270.937842,4163,pg_toast,pg_toast_2615,0,0,0,0,0,0,0,0,0
1789009270.937842,4169,pg_toast,pg_toast_3600,0,0,0,0,0,0,0,0,0
1789009270.937842,2615,pg_catalog,pg_namespace,1,4,5,2,0,0,0,0,0
1789009270.937842,2188162,public,watch_item,0,0,0,0,0,0,0,0,0
1789009270.937842,2188167,public,watch_list,0,0,0,0,0,0,0,0,0
1789009270.937842,2188243,public,trade_history,0,0,0,0,0,0,0,0,0
1789009270.937842,2188210,public,settlement,0,0,0,0,0,0,0,0,0
1789009270.937842,2188269,public,company,0,0,0,0,0,0,0,0,0
1789009270.937842,2396,pg_catalog,pg_shdescription,0,0,0,0,0,0,0,0,0
1789009270.937842,3600,pg_catalog,pg_ts_dict,0,0,0,0,0,0,0,0,0
1789009270.937842,3596,pg_catalog,pg_seclabel,0,0,0,0,0,0,0,0,0
1789009270.937842,2609,pg_catalog,pg_description,0,0,0,0,0,0,0,0,0
1789009270.937842,13482,pg_toast,pg_toast_13479,0,0,0,0,0,0,0,0,0
1789009270.937842,2188156,public,holding_summary,0,0,0,0,0,0,0,0,0
1789009270.937842,2188390,public,status_type,0,0,0,0,0,0,0,0,0
1789009270.937842,2188395,public,taxrate,0,0,0,0,0,0,0,0,0
1789009270.937842,3603,pg_catalog,pg_ts_config_map,0,0,0,0,0,0,0,0,0
1789009270.937842,1213,pg_catalog,pg_tablespace,0,0,1,1,0,0,0,0,0
1789009270.937842,2188383,pg_toast,pg_toast_2188364,0,0,0,0,0,0,0,0,0
1789009270.937842,2608,pg_catalog,pg_depend,0,0,0,0,0,0,0,0,0
1789009270.937842,2964,pg_catalog,pg_db_role_setting,0,0,0,0,0,0,0,0,0
1789009270.937842,1418,pg_catalog,pg_user_mapping,0,0,0,0,0,0,0,0,0
1789009270.937842,2613,pg_catalog,pg_largeobject,0,0,0,0,0,0,0,0,0
1789009270.937842,6175,pg_toast,pg_toast_3456,0,0,0,0,0,0,0,0,0
1789009270.937842,1261,pg_catalog,pg_auth_members,0,0,0,0,0,0,0,0,0
1789009270.937842,2617,pg_catalog,pg_operator,0,0,5,5,0,0,0,0,0
1789009270.937842,2188352,pg_toast,pg_toast_2188343,0,0,0,0,0,0,0,0,0
1789009270.937842,2188341,pg_toast,pg_toast_2188333,0,0,0,0,0,0,0,0,0
1789009270.937842,2610,pg_catalog,pg_index,1,221,11,14,0,0,0,0,0
1789009270.937842,1249,pg_catalog,pg_attribute,0,0,75,92,0,0,0,0,0
1789009270.937842,2188281,public,company_competitor,0,0,0,0,0,0,0,0,0
1789009270.937842,2600,pg_catalog,pg_aggregate,0,0,1,1,0,0,0,0,0
1789009270.937842,2188180,pg_toast,pg_toast_2188172,0,0,0,0,0,0,0,0,0
1789009270.937842,2188354,public,news_xref,0,0,0,0,0,0,0,0,0
1789009270.937842,2966,pg_toast,pg_toast_2964,0,0,0,0,0,0,0,0,0
1789009270.937842,2188402,public,zip_code,0,0,0,0,0,0,0,0,0
1789009270.937842,2618,pg_catalog,pg_rewrite,0,0,1,1,0,0,0,0,0
1789009270.937842,4177,pg_toast,pg_toast_1262,0,0,0,0,0,0,0,0,0
1789009270.937842,13484,information_schema,sql_parts,0,0,,,0,0,0,0,0
1789009270.937842,4159,pg_toast,pg_toast_2600,0,0,0,0,0,0,0,0,0
1789009270.937842,4147,pg_toast,pg_toast_3079,0,0,0,0,0,0,0,0,0
1789009270.937842,13474,information_schema,sql_features,0,0,,,0,0,0,0,0
1789009270.937842,1247,pg_catalog,pg_type,0,0,19,19,0,0,0,0,0
1789009270.937842,2602,pg_catalog,pg_amop,0,0,12,25,0,0,0,0,0
1789009270.937842,3439,pg_toast,pg_toast_3381,0,0,0,0,0,0,0,0,0
1789009270.937842,2846,pg_toast,pg_toast_2396,0,0,0,0,0,0,0,0,0
1789009270.937842,4145,pg_toast,pg_toast_3466,0,0,0,0,0,0,0,0,0
1789009270.937842,2188385,public,address,0,0,0,0,0,0,0,0,0
1789009270.937842,2188137,public,holding,0,0,0,0,0,0,0,0,0
1789009270.937842,3541,pg_catalog,pg_range,0,0,0,0,0,0,0,0,0
1789009270.937842,3602,pg_catalog,pg_ts_config,0,0,0,0,0,0,0,0,0
1789009270.937842,4183,pg_toast,pg_toast_6100,0,0,0,0,0,0,0,0,0
1789009270.937842,2188333,public,last_trade,0,0,0,0,0,0,0,0,0
1789009270.937842,2224,pg_catalog,pg_sequence,0,0,0,0,0,0,0,0,0
1789009270.937842,2611,pg_catalog,pg_inherits,0,0,0,0,0,0,0,0,0
1789009270.937842,1417,pg_catalog,pg_foreign_server,0,0,0,0,0,0,0,0,0
1789009270.937842,1262,pg_catalog,pg_database,0,0,0,0,0,0,0,0,0
1789009270.937842,2188182,public,cash_transaction,0,0,0,0,0,0,0,0,0
1789009270.937842,13492,pg_toast,pg_toast_13489,0,0,0,0,0,0,0,0,0
1789009270.937842,3501,pg_catalog,pg_enum,0,0,0,0,0,0,0,0,0
1789009270.937842,2607,pg_catalog,pg_conversion,0,0,0,0,0,0,0,0,0
1789009270.937842,2188359,public,sector,0,0,0,0,0,0,0,0,0
1789009270.937842,2188217,pg_toast,pg_toast_2188210,0,0,0,0,0,0,0,0,0
1789009270.937842,826,pg_catalog,pg_default_acl,0,0,0,0,0,0,0,0,0
1789009270.937842,2604,pg_catalog,pg_attrdef,0,0,0,0,0,0,0,0,0
1789009270.937842,2336,pg_toast,pg_toast_2620,0,0,0,0,0,0,0,0,0
1789009270.937842,2188149,public,holding_history,0,0,0,0,0,0,0,0,0
1789009270.937842,2603,pg_catalog,pg_amproc,0,0,5,11,0,0,0,0,0
1789009270.937842,2606,pg_catalog,pg_constraint,0,0,3,8,0,0,0,0,0
1789009270.937842,1255,pg_catalog,pg_proc,0,0,19,24,0,0,0,0,0
1789009270.937842,4173,pg_toast,pg_toast_1418,0,0,0,0,0,0,0,0,0
1789009270.937842,2620,pg_catalog,pg_trigger,0,0,0,0,0,0,0,0,0
1789009270.937842,2188241,pg_toast,pg_toast_2188219,0,0,0,0,0,0,0,0,0
1789009270.937842,2612,pg_catalog,pg_language,0,0,0,0,0,0,0,0,0
1789009270.937842,4149,pg_toast,pg_toast_2328,0,0,0,0,0,0,0,0,0
1789009270.937842,6351,pg_toast,pg_toast_2610,0,0,0,0,0,0,0,0,0
1789009270.937842,13489,information_schema,sql_sizing,0,0,,,0,0,0,0,0
1789009270.937842,3598,pg_toast,pg_toast_3596,0,0,0,0,0,0,0,0,0
1789009270.937842,2188111,public,customer,0,0,0,0,0,0,0,0,0
1789009270.937842,2836,pg_toast,pg_toast_1255,0,0,0,0,0,0,0,0,0
1789009270.937842,3456,pg_catalog,pg_collation,0,0,0,0,0,0,0,0,0
1789009270.937842,3079,pg_catalog,pg_extension,0,0,0,0,0,0,0,0,0
1789009270.937842,2188262,public,trade_type,0,0,0,0,0,0,0,0,0
1789009270.937842,6100,pg_catalog,pg_subscription,0,0,0,0,0,0,0,0,0
1789009270.937842,2188249,public,trade_request,0,0,0,0,0,0,0,0,0
1789009270.937842,2188198,public,commission_rate,0,0,0,0,0,0,0,0,0
1789009270.937842,2188130,pg_toast,pg_toast_2188122,0,0,0,0,0,0,0,0,0
1789009270.937842,2832,pg_toast,pg_toast_2606,0,0,0,0,0,0,0,0,0
1789009270.937842,3256,pg_catalog,pg_policy,0,0,0,0,0,0,0,0,0
1789009270.937842,2188172,public,broker,0,0,0,0,0,0,0,0,0
1789009270.937842,2188296,pg_toast,pg_toast_2188287,0,0,0,0,0,0,0,0,0
1789009270.937842,2188307,public,financial,0,0,0,0,0,0,0,0,0
1789009270.937842,2188103,public,account_permission,0,0,0,0,0,0,0,0,0
1789009270.937842,3466,pg_catalog,pg_event_trigger,0,0,0,0,0,0,0,0,0
1789009270.937842,3592,pg_catalog,pg_shseclabel,0,0,0,0,0,0,0,0,0
1789009270.937842,3764,pg_catalog,pg_ts_template,0,0,0,0,0,0,0,0,0
1789009270.937842,6237,pg_catalog,pg_publication_namespace,0,0,0,0,0,0,0,0,0
1789009270.937842,13487,pg_toast,pg_toast_13484,0,0,0,0,0,0,0,0,0
1789009270.937842,2995,pg_catalog,pg_largeobject_metadata,0,0,0,0,0,0,0,0,0
1789009270.937842,4143,pg_toast,pg_toast_826,0,0,0,0,0,0,0,0,0
1789009270.937842,4185,pg_toast,pg_toast_1213,0,0,0,0,0,0,0,0,0
1789009270.937842,2188287,public,daily_market,0,0,0,0,0,0,0,0,0
1789009270.937842,2188190,public,charge,0,0,0,0,0,0,0,0,0
1789009270.937842,6243,pg_catalog,pg_parameter_acl,0,0,0,0,0,0,0,0,0
1789009270.937842,2616,pg_catalog,pg_opclass,0,0,8,134,0,0,0,0,0
1789009270.937842,2188298,public,exchange,0,0,0,0,0,0,0,0,0
1789009270.937842,2188147,pg_toast,pg_toast_2188137,0,0,0,0,0,0,0,0,0
1789009270.937842,2838,pg_toast,pg_toast_2618,0,0,1,3,0,0,0,0,0
1789009270.937842,2188327,public,industry,0,0,0,0,0,0,0,0,0
1789009270.937842,6228,pg_toast,pg_toast_6106,0,0,0,0,0,0,0,0,0
1789009270.937842,2188325,pg_toast,pg_toast_2188307,0,0,0,0,0,0,0,0,0
1789009270.937842,2188364,public,security,0,0,0,0,0,0,0,0,0
1789009270.937842,3118,pg_catalog,pg_foreign_table,0,0,0,0,0,0,0,0,0
1789009270.937842,1259,pg_catalog,pg_class,1,523,12,12,0,0,0,0,0
1789009270.937842,3350,pg_catalog,pg_partitioned_table,0,0,0,0,0,0,0,0,0
1789009270.937842,4153,pg_toast,pg_toast_3118,0,0,0,0,0,0,0,0,0
1789009270.937842,4060,pg_toast,pg_toast_3592,0,0,0,0,0,0,0,0,0
1789009270.937842,4165,pg_toast,pg_toast_3350,0,0,0,0,0,0,0,0,0
1789009270.937842,2753,pg_catalog,pg_opfamily,0,0,2,2,0,0,0,0,0
1789009270.937842,3601,pg_catalog,pg_ts_parser,0,0,0,0,0,0,0,0,0
1789009270.937842,2188219,public,trade,0,0,0,0,0,0,0,0,0
1789009270.937842,2188260,pg_toast,pg_toast_2188249,0,0,0,0,0,0,0,0,0
1789009270.937842,6104,pg_catalog,pg_publication,0,0,0,0,0,0,0,0,0
1789009270.937842,13477,pg_toast,pg_toast_13474,0,0,0,0,0,0,0,0,0
1789009270.937842,3429,pg_catalog,pg_statistic_ext_data,0,0,0,0,0,0,0,0,0
1789009270.937842,2619,pg_catalog,pg_statistic,0,0,17,8,0,0,0,0,0
1789009270.937842,4155,pg_toast,pg_toast_3394,0,0,0,0,0,0,0,0,0
1789009270.937842,2188196,pg_toast,pg_toast_2188190,0,0,0,0,0,0,0,0,0
1789009270.937842,3381,pg_catalog,pg_statistic_ext,0,0,3,0,0,0,0,0,0
1789009270.937842,6106,pg_catalog,pg_publication_rel,0,0,0,0,0,0,0,0,0
1789009270.937842,2605,pg_catalog,pg_cast,0,0,34,7,0,0,0,0,0
1789009270.937842,4171,pg_toast,pg_toast_1247,0,0,0,0,0,0,0,0,0
1789009270.937842,2830,pg_toast,pg_toast_2604,0,0,0,0,0,0,0,0,0
1789009270.937842,13479,information_schema,sql_implementation_info,0,0,,,0,0,0,0,0
1789009270.937842,6244,pg_toast,pg_toast_6243,0,0,0,0,0,0,0,0,0
1789009270.937842,3430,pg_toast,pg_toast_3429,0,0,0,0,0,0,0,0,0
1789009331.031027,2188132,public,customer_taxrate,0,0,0,0,0,0,0,0,0
1789009331.031027,3576,pg_catalog,pg_transform,0,0,0,0,0,0,0,0,0
1789009331.031027,2601,pg_catalog,pg_am,0,0,0,0,0,0,0,0,0
1789009331.031027,2188188,pg_toast,pg_toast_2188182,0,0,0,0,0,0,0,0,0
1789009331.031027,3394,pg_catalog,pg_init_privs,0,0,0,0,0,0,0,0,0
1789009331.031027,4167,pg_toast,pg_toast_3256,0,0,0,0,0,0,0,0,0
1789009331.031027,4151,pg_toast,pg_toast_1417,0,0,0,0,0,0,0,0,0
1789009331.031027,2834,pg_toast,pg_toast_2609,0,0,0,0,0,0,0,0,0
1789009331.031027,6000,pg_catalog,pg_replication_origin,0,0,0,0,0,0,0,0,0
1789009331.031027,2188343,public,news_item,0,0,0,0,0,0,0,0,0
1789009331.031027,2840,pg_toast,pg_toast_2619,0,0,0,0,0,0,0,0,0
1789009331.031027,2188122,public,customer_account,0,0,0,0,0,0,0,0,0
1789009331.031027,2328,pg_catalog,pg_foreign_data_wrapper,0,0,0,0,0,0,0,0,0
1789009331.031027,4157,pg_toast,pg_toast_2612,0,0,0,0,0,0,0,0,0
1789009331.031027,1260,pg_catalog,pg_authid,0,0,0,0,0,0,0,0,0
1789009331.031027,6102,pg_catalog,pg_subscription_rel,0,0,0,0,0,0,0,0,0
1789009331.031027,1214,pg_catalog,pg_shdepend,0,0,0,0,0,0,0,0,0
1789009331.031027,4163,pg_toast,pg_toast_2615,0,0,0,0,0,0,0,0,0
1789009331.031027,4169,pg_toast,pg_toast_3600,0,0,0,0,0,0,0,0,0
1789009331.031027,2615,pg_catalog,pg_namespace,1,4,5,2,0,0,0,0,0
1789009331.031027,2188162,public,watch_item,0,0,0,0,0,0,0,0,0
1789009331.031027,2188167,public,watch_list,0,0,0,0,0,0,0,0,0
1789009331.031027,2188243,public,trade_history,0,0,0,0,0,0,0,0,0
1789009331.031027,2188210,public,settlement,0,0,0,0,0,0,0,0,0
1789009331.031027,2188269,public,company,0,0,0,0,0,0,0,0,0
1789009331.031027,2396,pg_catalog,pg_shdescription,0,0,0,0,0,0,0,0,0
1789009331.031027,3600,pg_catalog,pg_ts_dict,0,0,0,0,0,0,0,0,0
1789009331.031027,3596,pg_catalog,pg_seclabel,0,0,0,0,0,0,0,0,0
1789009331.031027,2609,pg_catalog,pg_description,0,0,0,0,0,0,0,0,0
1789009331.031027,13482,pg_toast,pg_toast_13479,0,0,0,0,0,0,0,0,0
1789009331.031027,2188156,public,holding_summary,0,0,0,0,0,0,0,0,0
1789009331.031027,2188390,public,status_type,0,0,0,0,0,0,0,0,0
1789009331.031027,2188395,public,taxrate,0,0,0,0,0,0,0,0,0
1789009331.031027,3603,pg_catalog,pg_ts_config_map,0,0,0,0,0,0,0,0,0
1789009331.031027,1213,pg_catalog,pg_tablespace,0,0,1,1,0,0,0,0,0
1789009331.031027,2188383,pg_toast,pg_toast_2188364,0,0,0,0,0,0,0,0,0
1789009331.031027,2608,pg_catalog,pg_depend,0,0,0,0,0,0,0,0,0
1789009331.031027,2964,pg_catalog,pg_db_role_setting,0,0,0,0,0,0,0,0,0
1789009331.031027,1418,pg_catalog,pg_user_mapping,0,0,0,0,0,0,0,0,0
1789009331.031027,2613,pg_catalog,pg_largeobject,0,0,0,0,0,0,0,0,0
1789009331.031027,6175,pg_toast,pg_toast_3456,0,0,0,0,0,0,0,0,0
1789009331.031027,1261,pg_catalog,pg_auth_members,0,0,0,0,0,0,0,0,0
1789009331.031027,2617,pg_catalog,pg_operator,0,0,5,5,0,0,0,0,0
1789009331.031027,2188352,pg_toast,pg_toast_2188343,0,0,0,0,0,0,0,0,0
1789009331.031027,2188341,pg_toast,pg_toast_2188333,0,0,0,0,0,0,0,0,0
1789009331.031027,2610,pg_catalog,pg_index,1,221,11,14,0,0,0,0,0
1789009331.031027,1249,pg_catalog,pg_attribute,0,0,75,92,0,0,0,0,0
1789009331.031027,2188281,public,company_competitor,0,0,0,0,0,0,0,0,0
1789009331.031027,2600,pg_catalog,pg_aggregate,0,0,1,1,0,0,0,0,0
1789009331.031027,2188180,pg_toast,pg_toast_2188172,0,0,0,0,0,0,0,0,0
1789009331.031027,2188354,public,news_xref,0,0,0,0,0,0,0,0,0
1789009331.031027,2966,pg_toast,pg_toast_2964,0,0,0,0,0,0,0,0,0
1789009331.031027,2188402,public,zip_code,0,0,0,0,0,0,0,0,0
1789009331.031027,2618,pg_catalog,pg_rewrite,0,0,1,1,0,0,0,0,0
1789009331.031027,4177,pg_toast,pg_toast_1262,0,0,0,0,0,0,0,0,0
1789009331.031027,13484,information_schema,sql_parts,0,0,,,0,0,0,0,0
1789009331.031027,4159,pg_toast,pg_toast_2600,0,0,0,0,0,0,0,0,0
1789009331.031027,4147,pg_toast,pg_toast_3079,0,0,0,0,0,0,0,0,0
1789009331.031027,13474,information_schema,sql_features,0,0,,,0,0,0,0,0
1789009331.031027,1247,pg_catalog,pg_type,0,0,19,19,0,0,0,0,0
1789009331.031027,2602,pg_catalog,pg_amop,0,0,12,25,0,0,0,0,0
1789009331.031027,3439,pg_toast,pg_toast_3381,0,0,0,0,0,0,0,0,0
1789009331.031027,2846,pg_toast,pg_toast_2396,0,0,0,0,0,0,0,0,0
1789009331.031027,4145,pg_toast,pg_toast_3466,0,0,0,0,0,0,0,0,0
1789009331.031027,2188385,public,address,0,0,0,0,0,0,0,0,0
1789009331.031027,2188137,public,holding,0,0,0,0,0,0,0,0,0
1789009331.031027,3541,pg_catalog,pg_range,0,0,0,0,0,0,0,0,0
1789009331.031027,3602,pg_catalog,pg_ts_config,0,0,0,0,0,0,0,0,0
1789009331.031027,4183,pg_toast,pg_toast_6100,0,0,0,0,0,0,0,0,0
1789009331.031027,2188333,public,last_trade,0,0,0,0,0,0,0,0,0
1789009331.031027,2224,pg_catalog,pg_sequence,0,0,0,0,0,0,0,0,0
1789009331.031027,2611,pg_catalog,pg_inherits,0,0,0,0,0,0,0,0,0
1789009331.031027,1417,pg_catalog,pg_foreign_server,0,0,0,0,0,0,0,0,0
1789009331.031027,1262,pg_catalog,pg_database,0,0,0,0,0,0,0,0,0
1789009331.031027,2188182,public,cash_transaction,0,0,0,0,0,0,0,0,0
1789009331.031027,13492,pg_toast,pg_toast_13489,0,0,0,0,0,0,0,0,0
1789009331.031027,3501,pg_catalog,pg_enum,0,0,0,0,0,0,0,0,0
1789009331.031027,2607,pg_catalog,pg_conversion,0,0,0,0,0,0,0,0,0
1789009331.031027,2188359,public,sector,0,0,0,0,0,0,0,0,0
1789009331.031027,2188217,pg_toast,pg_toast_2188210,0,0,0,0,0,0,0,0,0
1789009331.031027,826,pg_catalog,pg_default_acl,0,0,0,0,0,0,0,0,0
1789009331.031027,2604,pg_catalog,pg_attrdef,0,0,0,0,0,0,0,0,0
1789009331.031027,2336,pg_toast,pg_toast_2620,0,0,0,0,0,0,0,0,0
1789009331.031027,2188149,public,holding_history,0,0,0,0,0,0,0,0,0
1789009331.031027,2603,pg_catalog,pg_amproc,0,0,5,11,0,0,0,0,0
1789009331.031027,2606,pg_catalog,pg_constraint,0,0,3,8,0,0,0,0,0
1789009331.031027,1255,pg_catalog,pg_proc,0,0,19,24,0,0,0,0,0
1789009331.031027,4173,pg_toast,pg_toast_1418,0,0,0,0,0,0,0,0,0
1789009331.031027,2620,pg_catalog,pg_trigger,0,0,0,0,0,0,0,0,0
1789009331.031027,2188241,pg_toast,pg_toast_2188219,0,0,0,0,0,0,0,0,0
1789009331.031027,2612,pg_catalog,pg_language,0,0,0,0,0,0,0,0,0
1789009331.031027,4149,pg_toast,pg_toast_2328,0,0,0,0,0,0,0,0,0
1789009331.031027,6351,pg_toast,pg_toast_2610,0,0,0,0,0,0,0,0,0
1789009331.031027,13489,information_schema,sql_sizing,0,0,,,0,0,0,0,0
1789009331.031027,3598,pg_toast,pg_toast_3596,0,0,0,0,0,0,0,0,0
1789009331.031027,2188111,public,customer,0,0,0,0,0,0,0,0,0
1789009331.031027,2836,pg_toast,pg_toast_1255,0,0,0,0,0,0,0,0,0
1789009331.031027,3456,pg_catalog,pg_collation,0,0,0,0,0,0,0,0,0
1789009331.031027,3079,pg_catalog,pg_extension,0,0,0,0,0,0,0,0,0
1789009331.031027,2188262,public,trade_type,0,0,0,0,0,0,0,0,0
1789009331.031027,6100,pg_catalog,pg_subscription,0,0,0,0,0,0,0,0,0
1789009331.031027,2188249,public,trade_request,0,0,0,0,0,0,0,0,0
1789009331.031027,2188198,public,commission_rate,0,0,0,0,0,0,0,0,0
1789009331.031027,2188130,pg_toast,pg_toast_2188122,0,0,0,0,0,0,0,0,0
1789009331.031027,2832,pg_toast,pg_toast_2606,0,0,0,0,0,0,0,0,0
1789009331.031027,3256,pg_catalog,pg_policy,0,0,0,0,0,0,0,0,0
1789009331.031027,2188172,public,broker,0,0,0,0,0,0,0,0,0
1789009331.031027,2188296,pg_toast,pg_toast_2188287,0,0,0,0,0,0,0,0,0
1789009331.031027,2188307,public,financial,0,0,0,0,0,0,0,0,0
1789009331.031027,2188103,public,account_permission,0,0,0,0,0,0,0,0,0
1789009331.031027,3466,pg_catalog,pg_event_trigger,0,0,0,0,0,0,0,0,0
1789009331.031027,3592,pg_catalog,pg_shseclabel,0,0,0,0,0,0,0,0,0
1789009331.031027,3764,pg_catalog,pg_ts_template,0,0,0,0,0,0,0,0,0
1789009331.031027,6237,pg_catalog,pg_publication_namespace,0,0,0,0,0,0,0,0,0
1789009331.031027,13487,pg_toast,pg_toast_13484,0,0,0,0,0,0,0,0,0
1789009331.031027,2995,pg_catalog,pg_largeobject_metadata,0,0,0,0,0,0,0,0,0
1789009331.031027,4143,pg_toast,pg_toast_826,0,0,0,0,0,0,0,0,0
1789009331.031027,4185,pg_toast,pg_toast_1213,0,0,0,0,0,0,0,0,0
1789009331.031027,2188287,public,daily_market,0,0,0,0,0,0,0,0,0
1789009331.031027,2188190,public,charge,0,0,0,0,0,0,0,0,0
1789009331.031027,6243,pg_catalog,pg_parameter_acl,0,0,0,0,0,0,0,0,0
1789009331.031027,2616,pg_catalog,pg_opclass,0,0,8,134,0,0,0,0,0
1789009331.031027,2188298,public,exchange,0,0,0,0,0,0,0,0,0
1789009331.031027,2188147,pg_toast,pg_toast_2188137,0,0,0,0,0,0,0,0,0
1789009331.031027,2838,pg_toast,pg_toast_2618,0,0,1,3,0,0,0,0,0
1789009331.031027,2188327,public,industry,0,0,0,0,0,0,0,0,0
1789009331.031027,6228,pg_toast,pg_toast_6106,0,0,0,0,0,0,0,0,0
1789009331.031027,2188325,pg_toast,pg_toast_2188307,0,0,0,0,0,0,0,0,0
1789009331.031027,2188364,public,security,0,0,0,0,0,0,0,0,0
1789009331.031027,3118,pg_catalog,pg_foreign_table,0,0,0,0,0,0,0,0,0
1789009331.031027,1259,pg_catalog,pg_class,1,523,12,12,0,0,0,0,0
1789009331.031027,3350,pg_catalog,pg_partitioned_table,0,0,0,0,0,0,0,0,0
1789009331.031027,4153,pg_toast,pg_toast_3118,0,0,0,0,0,0,0,0,0
1789009331.031027,4060,pg_toast,pg_toast_3592,0,0,0,0,0,0,0,0,0
1789009331.031027,4165,pg_toast,pg_toast_3350,0,0,0,0,0,0,0,0,0
1789009331.031027,2753,pg_catalog,pg_opfamily,0,0,2,2,0,0,0,0,0
1789009331.031027,3601,pg_catalog,pg_ts_parser,0,0,0,0,0,0,0,0,0
1789009331.031027,2188219,public,trade,0,0,0,0,0,0,0,0,0
1789009331.031027,2188260,pg_toast,pg_toast_2188249,0,0,0,0,0,0,0,0,0
1789009331.031027,6104,pg_catalog,pg_publication,0,0,0,0,0,0,0,0,0
1789009331.031027,13477,pg_toast,pg_toast_13474,0,0,0,0,0,0,0,0,0
1789009331.031027,3429,pg_catalog,pg_statistic_ext_data,0,0,0,0,0,0,0,0,0
1789009331.031027,2619,pg_catalog,pg_statistic,0,0,17,8,0,0,0,0,0
1789009331.031027,4155,pg_toast,pg_toast_3394,0,0,0,0,0,0,0,0,0
1789009331.031027,2188196,pg_toast,pg_toast_2188190,0,0,0,0,0,0,0,0,0
1789009331.031027,3381,pg_catalog,pg_statistic_ext,0,0,3,0,0,0,0,0,0
1789009331.031027,6106,pg_catalog,pg_publication_rel,0,0,0,0,0,0,0,0,0
1789009331.031027,2605,pg_catalog,pg_cast,0,0,34,7,0,0,0,0,0
1789009331.031027,4171,pg_toast,pg_toast_1247,0,0,0,0,0,0,0,0,0
1789009331.031027,2830,pg_toast,pg_toast_2604,0,0,0,0,0,0,0,0,0
1789009331.031027,13479,information_schema,sql_implementation_info,0,0,,,0,0,0,0,0
1789009331.031027,6244,pg_toast,pg_toast_6243,0,0,0,0,0,0,0,0,0
1789009331.031027,3430,pg_toast,pg_toast_3429,0,0,0,0,0,0,0,0,0
1789009390.115814,2188132,public,customer_taxrate,0,0,0,0,0,0,0,0,0
1789009390.115814,3576,pg_catalog,pg_transform,0,0,0,0,0,0,0,0,0
1789009390.115814,2601,pg_catalog,pg_am,0,0,0,0,0,0,0,0,0
1789009390.115814,2188188,pg_toast,pg_toast_2188182,0,0,0,0,0,0,0,0,0
1789009390.115814,3394,pg_catalog,pg_init_privs,0,0,0,0,0,0,0,0,0
1789009390.115814,4167,pg_toast,pg_toast_3256,0,0,0,0,0,0,0,0,0
1789009390.115814,4151,pg_toast,pg_toast_1417,0,0,0,0,0,0,0,0,0
1789009390.115814,2834,pg_toast,pg_toast_2609,0,0,0,0,0,0,0,0,0
1789009390.115814,6000,pg_catalog,pg_replication_origin,0,0,0,0,0,0,0,0,0
1789009390.115814,2188343,public,news_item,0,0,0,0,0,0,0,0,0
1789009390.115814,2840,pg_toast,pg_toast_2619,0,0,0,0,0,0,0,0,0
1789009390.115814,2188122,public,customer_account,0,0,0,0,0,0,0,0,0
1789009390.115814,2328,pg_catalog,pg_foreign_data_wrapper,0,0,0,0,0,0,0,0,0
1789009390.115814,4157,pg_toast,pg_toast_2612,0,0,0,0,0,0,0,0,0
1789009390.115814,1260,pg_catalog,pg_authid,0,0,0,0,0,0,0,0,0
1789009390.115814,6102,pg_catalog,pg_subscription_rel,0,0,0,0,0,0,0,0,0
1789009390.115814,1214,pg_catalog,pg_shdepend,0,0,0,0,0,0,0,0,0
1789009390.115814,4163,pg_toast,pg_toast_2615,0,0,0,0,0,0,0,0,0
1789009390.115814,4169,pg_toast,pg_toast_3600,0,0,0,0,0,0,0,0,0
1789009390.115814,2615,pg_catalog,pg_namespace,1,4,5,2,0,0,0,0,0
1789009390.115814,2188162,public,watch_item,0,0,0,0,0,0,0,0,0
1789009390.115814,2188167,public,watch_list,0,0,0,0,0,0,0,0,0
1789009390.115814,2188243,public,trade_history,0,0,0,0,0,0,0,0,0
1789009390.115814,2188210,public,settlement,0,0,0,0,0,0,0,0,0
1789009390.115814,2188269,public,company,0,0,0,0,0,0,0,0,0
1789009390.115814,2396,pg_catalog,pg_shdescription,0,0,0,0,0,0,0,0,0
1789009390.115814,3600,pg_catalog,pg_ts_dict,0,0,0,0,0,0,0,0,0
1789009390.115814,3596,pg_catalog,pg_seclabel,0,0,0,0,0,0,0,0,0
1789009390.115814,2609,pg_catalog,pg_description,0,0,0,0,0,0,0,0,0
1789009390.115814,13482,pg_toast,pg_toast_13479,0,0,0,0,0,0,0,0,0
1789009390.115814,2188156,public,holding_summary,0,0,0,0,0,0,0,0,0
1789009390.115814,2188390,public,status_type,0,0,0,0,0,0,0,0,0
1789009390.115814,2188395,public,taxrate,0,0,0,0,0,0,0,0,0
1789009390.115814,3603,pg_catalog,pg_ts_config_map,0,0,0,0,0,0,0,0,0
1789009390.115814,1213,pg_catalog,pg_tablespace,0,0,1,1,0,0,0,0,0
1789009390.115814,2188383,pg_toast,pg_toast_2188364,0,0,0,0,0,0,0,0,0
1789009390.115814,2608,pg_catalog,pg_depend,0,0,0,0,0,0,0,0,0
1789009390.115814,2964,pg_catalog,pg_db_role_setting,0,0,0,0,0,0,0,0,0
1789009390.115814,1418,pg_catalog,pg_user_mapping,0,0,0,0,0,0,0,0,0
1789009390.115814,2613,pg_catalog,pg_largeobject,0,0,0,0,0,0,0,0,0
1789009390.115814,6175,pg_toast,pg_toast_3456,0,0,0,0,0,0,0,0,0
1789009390.115814,1261,pg_catalog,pg_auth_members,0,0,0,0,0,0,0,0,0
1789009390.115814,2617,pg_catalog,pg_operator,0,0,5,5,0,0,0,0,0
1789009390.115814,2188352,pg_toast,pg_toast_2188343,0,0,0,0,0,0,0,0,0
1789009390.115814,2188341,pg_toast,pg_toast_2188333,0,0,0,0,0,0,0,0,0
1789009390.115814,2610,pg_catalog,pg_index,1,221,11,14,0,0,0,0,0
1789009390.115814,1249,pg_catalog,pg_attribute,0,0,75,92,0,0,0,0,0
1789009390.115814,2188281,public,company_competitor,0,0,0,0,0,0,0,0,0
1789009390.115814,2600,pg_catalog,pg_aggregate,0,0,1,1,0,0,0,0,0
1789009390.115814,2188180,pg_toast,pg_toast_2188172,0,0,0,0,0,0,0,0,0
1789009390.115814,2188354,public,news_xref,0,0,0,0,0,0,0,0,0
1789009390.115814,2966,pg_toast,pg_toast_2964,0,0,0,0,0,0,0,0,0
1789009390.115814,2188402,public,zip_code,0,0,0,0,0,0,0,0,0
1789009390.115814,2618,pg_catalog,pg_rewrite,0,0,1,1,0,0,0,0,0
1789009390.115814,4177,pg_toast,pg_toast_1262,0,0,0,0,0,0,0,0,0
1789009390.115814,13484,information_schema,sql_parts,0,0,,,0,0,0,0,0
1789009390.115814,4159,pg_toast,pg_toast_2600,0,0,0,0,0,0,0,0,0
1789009390.115814,4147,pg_toast,pg_toast_3079,0,0,0,0,0,0,0,0,0
1789009390.115814,13474,information_schema,sql_features,0,0,,,0,0,0,0,0
1789009390.115814,1247,pg_catalog,pg_type,0,0,19,19,0,0,0,0,0
1789009390.115814,2602,pg_catalog,pg_amop,0,0,12,25,0,0,0,0,0
1789009390.115814,3439,pg_toast,pg_toast_3381,0,0,0,0,0,0,0,0,0
1789009390.115814,2846,pg_toast,pg_toast_2396,0,0,0,0,0,0,0,0,0
1789009390.115814,4145,pg_toast,pg_toast_3466,0,0,0,0,0,0,0,0,0
1789009390.115814,2188385,public,address,0,0,0,0,0,0,0,0,0
1789009390.115814,2188137,public,holding,0,0,0,0,0,0,0,0,0
1789009390.115814,3541,pg_catalog,pg_range,0,0,0,0,0,0,0,0,0
1789009390.115814,3602,pg_catalog,pg_ts_config,0,0,0,0,0,0,0,0,0
1789009390.115814,4183,pg_toast,pg_toast_6100,0,0,0,0,0,0,0,0,0
1789009390.115814,2188333,public,last_trade,0,0,0,0,0,0,0,0,0
1789009390.115814,2224,pg_catalog,pg_sequence,0,0,0,0,0,0,0,0,0
1789009390.115814,2611,pg_catalog,pg_inherits,0,0,0,0,0,0,0,0,0
1789009390.115814,1417,pg_catalog,pg_foreign_server,0,0,0,0,0,0,0,0,0
1789009390.115814,1262,pg_catalog,pg_database,0,0,0,0,0,0,0,0,0
1789009390.115814,2188182,public,cash_transaction,0,0,0,0,0,0,0,0,0
1789009390.115814,13492,pg_toast,pg_toast_13489,0,0,0,0,0,0,0,0,0
1789009390.115814,3501,pg_catalog,pg_enum,0,0,0,0,0,0,0,0,0
1789009390.115814,2607,pg_catalog,pg_conversion,0,0,0,0,0,0,0,0,0
1789009390.115814,2188359,public,sector,0,0,0,0,0,0,0,0,0
1789009390.115814,2188217,pg_toast,pg_toast_2188210,0,0,0,0,0,0,0,0,0
1789009390.115814,826,pg_catalog,pg_default_acl,0,0,0,0,0,0,0,0,0
1789009390.115814,2604,pg_catalog,pg_attrdef,0,0,0,0,0,0,0,0,0
1789009390.115814,2336,pg_toast,pg_toast_2620,0,0,0,0,0,0,0,0,0
1789009390.115814,2188149,public,holding_history,0,0,0,0,0,0,0,0,0
1789009390.115814,2603,pg_catalog,pg_amproc,0,0,5,11,0,0,0,0,0
1789009390.115814,2606,pg_catalog,pg_constraint,0,0,3,8,0,0,0,0,0
1789009390.115814,1255,pg_catalog,pg_proc,0,0,19,24,0,0,0,0,0
1789009390.115814,4173,pg_toast,pg_toast_1418,0,0,0,0,0,0,0,0,0
1789009390.115814,2620,pg_catalog,pg_trigger,0,0,0,0,0,0,0,0,0
1789009390.115814,2188241,pg_toast,pg_toast_2188219,0,0,0,0,0,0,0,0,0
1789009390.115814,2612,pg_catalog,pg_language,0,0,0,0,0,0,0,0,0
1789009390.115814,4149,pg_toast,pg_toast_2328,0,0,0,0,0,0,0,0,0
1789009390.115814,6351,pg_toast,pg_toast_2610,0,0,0,0,0,0,0,0,0
1789009390.115814,13489,information_schema,sql_sizing,0,0,,,0,0,0,0,0
1789009390.115814,3598,pg_toast,pg_toast_3596,0,0,0,0,0,0,0,0,0
1789009390.115814,2188111,public,customer,0,0,0,0,0,0,0,0,0
1789009390.115814,2836,pg_toast,pg_toast_1255,0,0,0,0,0,0,0,0,0
1789009390.115814,3456,pg_catalog,pg_collation,0,0,0,0,0,0,0,0,0
1789009390.115814,3079,pg_catalog,pg_extension,0,0,0,0,0,0,0,0,0
1789009390.115814,2188262,public,trade_type,0,0,0,0,0,0,0,0,0
1789009390.115814,6100,pg_catalog,pg_subscription,0,0,0,0,0,0,0,0,0
1789009390.115814,2188249,public,trade_request,0,0,0,0,0,0,0,0,0
1789009390.115814,2188198,public,commission_rate,0,0,0,0,0,0,0,0,0
1789009390.115814,2188130,pg_toast,pg_toast_2188122,0,0,0,0,0,0,0,0,0
1789009390.115814,2832,pg_toast,pg_toast_2606,0,0,0,0,0,0,0,0,0
1789009390.115814,3256,pg_catalog,pg_policy,0,0,0,0,0,0,0,0,0
1789009390.115814,2188172,public,broker,0,0,0,0,0,0,0,0,0
1789009390.115814,2188296,pg_toast,pg_toast_2188287,0,0,0,0,0,0,0,0,0
1789009390.115814,2188307,public,financial,0,0,0,0,0,0,0,0,0
1789009390.115814,2188103,public,account_permission,0,0,0,0,0,0,0,0,0
1789009390.115814,3466,pg_catalog,pg_event_trigger,0,0,0,0,0,0,0,0,0
1789009390.115814,3592,pg_catalog,pg_shseclabel,0,0,0,0,0,0,0,0,0
1789009390.115814,3764,pg_catalog,pg_ts_template,0,0,0,0,0,0,0,0,0
1789009390.115814,6237,pg_catalog,pg_publication_namespace,0,0,0,0,0,0,0,0,0
1789009390.115814,13487,pg_toast,pg_toast_13484,0,0,0,0,0,0,0,0,0
1789009390.115814,2995,pg_catalog,pg_largeobject_metadata,0,0,0,0,0,0,0,0,0
1789009390.115814,4143,pg_toast,pg_toast_826,0,0,0,0,0,0,0,0,0
1789009390.115814,4185,pg_toast,pg_toast_1213,0,0,0,0,0,0,0,0,0
1789009390.115814,2188287,public,daily_market,0,0,0,0,0,0,0,0,0
1789009390.115814,2188190,public,charge,0,0,0,0,0,0,0,0,0
1789009390.115814,6243,pg_catalog,pg_parameter_acl,0,0,0,0,0,0,0,0,0
1789009390.115814,2616,pg_catalog,pg_opclass,0,0,8,134,0,0,0,0,0
1789009390.115814,2188298,public,exchange,0,0,0,0,0,0,0,0,0
1789009390.115814,2188147,pg_toast,pg_toast_2188137,0,0,0,0,0,0,0,0,0
1789009390.115814,2838,pg_toast,pg_toast_2618,0,0,1,3,0,0,0,0,0
1789009390.115814,2188327,public,industry,0,0,0,0,0,0,0,0,0
1789009390.115814,6228,pg_toast,pg_toast_6106,0,0,0,0,0,0,0,0,0
1789009390.115814,2188325,pg_toast,pg_toast_2188307,0,0,0,0,0,0,0,0,0
1789009390.115814,2188364,public,security,0,0,0,0,0,0,0,0,0
1789009390.115814,3118,pg_catalog,pg_foreign_table,0,0,0,0,0,0,0,0,0
1789009390.115814,1259,pg_catalog,pg_class,1,523,12,12,0,0,0,0,0
1789009390.115814,3350,pg_catalog,pg_partitioned_table,0,0,0,0,0,0,0,0,0
1789009390.115814,4153,pg_toast,pg_toast_3118,0,0,0,0,0,0,0,0,0
1789009390.115814,4060,pg_toast,pg_toast_3592,0,0,0,0,0,0,0,0,0
1789009390.115814,4165,pg_toast,pg_toast_3350,0,0,0,0,0,0,0,0,0
1789009390.115814,2753,pg_catalog,pg_opfamily,0,0,2,2,0,0,0,0,0
1789009390.115814,3601,pg_catalog,pg_ts_parser,0,0,0,0,0,0,0,0,0
1789009390.115814,2188219,public,trade,0,0,0,0,0,0,0,0,0
1789009390.115814,2188260,pg_toast,pg_toast_2188249,0,0,0,0,0,0,0,0,0
1789009390.115814,6104,pg_catalog,pg_publication,0,0,0,0,0,0,0,0,0
1789009390.115814,13477,pg_toast,pg_toast_13474,0,0,0,0,0,0,0,0,0
1789009390.115814,3429,pg_catalog,pg_statistic_ext_data,0,0,0,0,0,0,0,0,0
1789009390.115814,2619,pg_catalog,pg_statistic,0,0,17,8,0,0,0,0,0
1789009390.115814,4155,pg_toast,pg_toast_3394,0,0,0,0,0,0,0,0,0
1789009390.115814,2188196,pg_toast,pg_toast_2188190,0,0,0,0,0,0,0,0,0
1789009390.115814,3381,pg_catalog,pg_statistic_ext,0,0,3,0,0,0,0,0,0
1789009390.115814,6106,pg_catalog,pg_publication_rel,0,0,0,0,0,0,0,0,0
1789009390.115814,2605,pg_catalog,pg_cast,0,0,34,7,0,0,0,0,0
1789009390.115814,4171,pg_toast,pg_toast_1247,0,0,0,0,0,0,0,0,0
1789009390.115814,2830,pg_toast,pg_toast_2604,0,0,0,0,0,0,0,0,0
1789009390.115814,13479,information_schema,sql_implementation_info,0,0,,,0,0,0,0,0
1789009390.115814,6244,pg_toast,pg_toast_6243,0,0,0,0,0,0,0,0,0
1789009390.115814,3430,pg_toast,pg_toast_3429,0,0,0,0,0,0,0,0,0
1789009450.173983,2188132,public,customer_taxrate,0,0,0,0,0,0,0,0,0
1789009450.173983,3576,pg_catalog,pg_transform,0,0,0,0,0,0,0,0,0
1789009450.173983,2601,pg_catalog,pg_am,0,0,0,0,0,0,0,0,0
1789009450.173983,2188188,pg_toast,pg_toast_2188182,0,0,0,0,0,0,0,0,0
1789009450.173983,3394,pg_catalog,pg_init_privs,0,0,0,0,0,0,0,0,0
1789009450.173983,4167,pg_toast,pg_toast_3256,0,0,0,0,0,0,0,0,0
1789009450.173983,4151,pg_toast,pg_toast_1417,0,0,0,0,0,0,0,0,0
1789009450.173983,2834,pg_toast,pg_toast_2609,0,0,0,0,0,0,0,0,0
1789009450.173983,6000,pg_catalog,pg_replication_origin,0,0,0,0,0,0,0,0,0
1789009450.173983,2188343,public,news_item,0,0,0,0,0,0,0,0,0
1789009450.173983,2840,pg_toast,pg_toast_2619,0,0,0,0,0,0,0,0,0
1789009450.173983,2188122,public,customer_account,0,0,0,0,0,0,0,0,0
1789009450.173983,2328,pg_catalog,pg_foreign_data_wrapper,0,0,0,0,0,0,0,0,0
1789009450.173983,4157,pg_toast,pg_toast_2612,0,0,0,0,0,0,0,0,0
1789009450.173983,1260,pg_catalog,pg_authid,0,0,0,0,0,0,0,0,0
1789009450.173983,6102,pg_catalog,pg_subscription_rel,0,0,0,0,0,0,0,0,0
1789009450.173983,1214,pg_catalog,pg_shdepend,0,0,0,0,0,0,0,0,0
1789009450.173983,4163,pg_toast,pg_toast_2615,0,0,0,0,0,0,0,0,0
1789009450.173983,4169,pg_toast,pg_toast_3600,0,0,0,0,0,0,0,0,0
1789009450.173983,2615,pg_catalog,pg_namespace,1,4,5,2,0,0,0,0,0
1789009450.173983,2188162,public,watch_item,0,0,0,0,0,0,0,0,0
1789009450.173983,2188167,public,watch_list,0,0,0,0,0,0,0,0,0
1789009450.173983,2188243,public,trade_history,0,0,0,0,0,0,0,0,0
1789009450.173983,2188210,public,settlement,0,0,0,0,0,0,0,0,0
1789009450.173983,2188269,public,company,0,0,0,0,0,0,0,0,0
1789009450.173983,2396,pg_catalog,pg_shdescription,0,0,0,0,0,0,0,0,0
1789009450.173983,3600,pg_catalog,pg_ts_dict,0,0,0,0,0,0,0,0,0
1789009450.173983,3596,pg_catalog,pg_seclabel,0,0,0,0,0,0,0,0,0
1789009450.173983,2609,pg_catalog,pg_description,0,0,0,0,0,0,0,0,0
1789009450.173983,13482,pg_toast,pg_toast_13479,0,0,0,0,0,0,0,0,0
1789009450.173983,2188156,public,holding_summary,0,0,0,0,0,0,0,0,0
1789009450.173983,2188390,public,status_type,0,0,0,0,0,0,0,0,0
1789009450.173983,2188395,public,taxrate,0,0,0,0,0,0,0,0,0
1789009450.173983,3603,pg_catalog,pg_ts_config_map,0,0,0,0,0,0,0,0,0
1789009450.173983,1213,pg_catalog,pg_tablespace,0,0,1,1,0,0,0,0,0
1789009450.173983,2188383,pg_toast,pg_toast_2188364,0,0,0,0,0,0,0,0,0
1789009450.173983,2608,pg_catalog,pg_depend,0,0,0,0,0,0,0,0,0
1789009450.173983,2964,pg_catalog,pg_db_role_setting,0,0,0,0,0,0,0,0,0
1789009450.173983,1418,pg_catalog,pg_user_mapping,0,0,0,0,0,0,0,0,0
1789009450.173983,2613,pg_catalog,pg_largeobject,0,0,0,0,0,0,0,0,0
1789009450.173983,6175,pg_toast,pg_toast_3456,0,0,0,0,0,0,0,0,0
1789009450.173983,1261,pg_catalog,pg_auth_members,0,0,0,0,0,0,0,0,0
1789009450.173983,2617,pg_catalog,pg_operator,0,0,5,5,0,0,0,0,0
1789009450.173983,2188352,pg_toast,pg_toast_2188343,0,0,0,0,0,0,0,0,0
1789009450.173983,2188341,pg_toast,pg_toast_2188333,0,0,0,0,0,0,0,0,0
1789009450.173983,2610,pg_catalog,pg_index,1,221,11,14,0,0,0,0,0
1789009450.173983,1249,pg_catalog,pg_attribute,0,0,75,92,0,0,0,0,0
1789009450.173983,2188281,public,company_competitor,0,0,0,0,0,0,0,0,0
1789009450.173983,2600,pg_catalog,pg_aggregate,0,0,1,1,0,0,0,0,0
1789009450.173983,2188180,pg_toast,pg_toast_2188172,0,0,0,0,0,0,0,0,0
1789009450.173983,2188354,public,news_xref,0,0,0,0,0,0,0,0,0
1789009450.173983,2966,pg_toast,pg_toast_2964,0,0,0,0,0,0,0,0,0
1789009450.173983,2188402,public,zip_code,0,0,0,0,0,0,0,0,0
1789009450.173983,2618,pg_catalog,pg_rewrite,0,0,1,1,0,0,0,0,0
1789009450.173983,4177,pg_toast,pg_toast_1262,0,0,0,0,0,0,0,0,0
1789009450.173983,13484,information_schema,sql_parts,0,0,,,0,0,0,0,0
1789009450.173983,4159,pg_toast,pg_toast_2600,0,0,0,0,0,0,0,0,0
1789009450.173983,4147,pg_toast,pg_toast_3079,0,0,0,0,0,0,0,0,0
1789009450.173983,13474,information_schema,sql_features,0,0,,,0,0,0,0,0
1789009450.173983,1247,pg_catalog,pg_type,0,0,19,19,0,0,0,0,0
1789009450.173983,2602,pg_catalog,pg_amop,0,0,12,25,0,0,0,0,0
1789009450.173983,3439,pg_toast,pg_toast_3381,0,0,0,0,0,0,0,0,0
1789009450.173983,2846,pg_toast,pg_toast_2396,0,0,0,0,0,0,0,0,0
1789009450.173983,4145,pg_toast,pg_toast_3466,0,0,0,0,0,0,0,0,0
1789009450.173983,2188385,public,address,0,0,0,0,0,0,0,0,0
1789009450.173983,2188137,public,holding,0,0,0,0,0,0,0,0,0
1789009450.173983,3541,pg_catalog,pg_range,0,0,0,0,0,0,0,0,0
1789009450.173983,3602,pg_catalog,pg_ts_config,0,0,0,0,0,0,0,0,0
1789009450.173983,4183,pg_toast,pg_toast_6100,0,0,0,0,0,0,0,0,0
1789009450.173983,2188333,public,last_trade,0,0,0,0,0,0,0,0,0
1789009450.173983,2224,pg_catalog,pg_sequence,0,0,0,0,0,0,0,0,0
1789009450.173983,2611,pg_catalog,pg_inherits,0,0,0,0,0,0,0,0,0
1789009450.173983,1417,pg_catalog,pg_foreign_server,0,0,0,0,0,0,0,0,0
1789009450.173983,1262,pg_catalog,pg_database,0,0,0,0,0,0,0,0,0
1789009450.173983,2188182,public,cash_transaction,0,0,0,0,0,0,0,0,0
1789009450.173983,13492,pg_toast,pg_toast_13489,0,0,0,0,0,0,0,0,0
1789009450.173983,3501,pg_catalog,pg_enum,0,0,0,0,0,0,0,0,0
1789009450.173983,2607,pg_catalog,pg_conversion,0,0,0,0,0,0,0,0,0
1789009450.173983,2188359,public,sector,0,0,0,0,0,0,0,0,0
1789009450.173983,2188217,pg_toast,pg_toast_2188210,0,0,0,0,0,0,0,0,0
1789009450.173983,826,pg_catalog,pg_default_acl,0,0,0,0,0,0,0,0,0
1789009450.173983,2604,pg_catalog,pg_attrdef,0,0,0,0,0,0,0,0,0
1789009450.173983,2336,pg_toast,pg_toast_2620,0,0,0,0,0,0,0,0,0
1789009450.173983,2188149,public,holding_history,0,0,0,0,0,0,0,0,0
1789009450.173983,2603,pg_catalog,pg_amproc,0,0,5,11,0,0,0,0,0
1789009450.173983,2606,pg_catalog,pg_constraint,0,0,3,8,0,0,0,0,0
1789009450.173983,1255,pg_catalog,pg_proc,0,0,19,24,0,0,0,0,0
1789009450.173983,4173,pg_toast,pg_toast_1418,0,0,0,0,0,0,0,0,0
1789009450.173983,2620,pg_catalog,pg_trigger,0,0,0,0,0,0,0,0,0
1789009450.173983,2188241,pg_toast,pg_toast_2188219,0,0,0,0,0,0,0,0,0
1789009450.173983,2612,pg_catalog,pg_language,0,0,0,0,0,0,0,0,0
1789009450.173983,4149,pg_toast,pg_toast_2328,0,0,0,0,0,0,0,0,0
1789009450.173983,6351,pg_toast,pg_toast_2610,0,0,0,0,0,0,0,0,0
1789009450.173983,13489,information_schema,sql_sizing,0,0,,,0,0,0,0,0
1789009450.173983,3598,pg_toast,pg_toast_3596,0,0,0,0,0,0,0,0,0
1789009450.173983,2188111,public,customer,0,0,0,0,0,0,0,0,0
1789009450.173983,2836,pg_toast,pg_toast_1255,0,0,0,0,0,0,0,0,0
1789009450.173983,3456,pg_catalog,pg_collation,0,0,0,0,0,0,0,0,0
1789009450.173983,3079,pg_catalog,pg_extension,0,0,0,0,0,0,0,0,0
1789009450.173983,2188262,public,trade_type,0,0,0,0,0,0,0,0,0
1789009450.173983,6100,pg_catalog,pg_subscription,0,0,0,0,0,0,0,0,0
1789009450.173983,2188249,public,trade_request,0,0,0,0,0,0,0,0,0
1789009450.173983,2188198,public,commission_rate,0,0,0,0,0,0,0,0,0
1789009450.173983,2188130,pg_toast,pg_toast_2188122,0,0,0,0,0,0,0,0,0
1789009450.173983,2832,pg_toast,pg_toast_2606,0,0,0,0,0,0,0,0,0
1789009450.173983,3256,pg_catalog,pg_policy,0,0,0,0,0,0,0,0,0
1789009450.173983,2188172,public,broker,0,0,0,0,0,0,0,0,0
1789009450.173983,2188296,pg_toast,pg_toast_2188287,0,0,0,0,0,0,0,0,0
1789009450.173983,2188307,public,financial,0,0,0,0,0,0,0,0,0
1789009450.173983,2188103,public,account_permission,0,0,0,0,0,0,0,0,0
1789009450.173983,3466,pg_catalog,pg_event_trigger,0,0,0,0,0,0,0,0,0
1789009450.173983,3592,pg_catalog,pg_shseclabel,0,0,0,0,0,0,0,0,0
1789009450.173983,3764,pg_catalog,pg_ts_template,0,0,0,0,0,0,0,0,0
1789009450.173983,6237,pg_catalog,pg_publication_namespace,0,0,0,0,0,0,0,0,0
1789009450.173983,13487,pg_toast,pg_toast_13484,0,0,0,0,0,0,0,0,0
1789009450.173983,2995,pg_catalog,pg_largeobject_metadata,0,0,0,0,0,0,0,0,0
1789009450.173983,4143,pg_toast,pg_toast_826,0,0,0,0,0,0,0,0,0
1789009450.173983,4185,pg_toast,pg_toast_1213,0,0,0,0,0,0,0,0,0
1789009450.173983,2188287,public,daily_market,0,0,0,0,0,0,0,0,0
1789009450.173983,2188190,public,charge,0,0,0,0,0,0,0,0,0
1789009450.173983,6243,pg_catalog,pg_parameter_acl,0,0,0,0,0,0,0,0,0
1789009450.173983,2616,pg_catalog,pg_opclass,0,0,8,134,0,0,0,0,0
1789009450.173983,2188298,public,exchange,0,0,0,0,0,0,0,0,0
1789009450.173983,2188147,pg_toast,pg_toast_2188137,0,0,0,0,0,0,0,0,0
1789009450.173983,2838,pg_toast,pg_toast_2618,0,0,1,3,0,0,0,0,0
1789009450.173983,2188327,public,industry,0,0,0,0,0,0,0,0,0
1789009450.173983,6228,pg_toast,pg_toast_6106,0,0,0,0,0,0,0,0,0
1789009450.173983,2188325,pg_toast,pg_toast_2188307,0,0,0,0,0,0,0,0,0
1789009450.173983,2188364,public,security,0,0,0,0,0,0,0,0,0
1789009450.173983,3118,pg_catalog,pg_foreign_table,0,0,0,0,0,0,0,0,0
1789009450.173983,1259,pg_catalog,pg_class,1,523,12,12,0,0,0,0,0
1789009450.173983,3350,pg_catalog,pg_partitioned_table,0,0,0,0,0,0,0,0,0
1789009450.173983,4153,pg_toast,pg_toast_3118,0,0,0,0,0,0,0,0,0
1789009450.173983,4060,pg_toast,pg_toast_3592,0,0,0,0,0,0,0,0,0
1789009450.173983,4165,pg_toast,pg_toast_3350,0,0,0,0,0,0,0,0,0
1789009450.173983,2753,pg_catalog,pg_opfamily,0,0,2,2,0,0,0,0,0
1789009450.173983,3601,pg_catalog,pg_ts_parser,0,0,0,0,0,0,0,0,0
1789009450.173983,2188219,public,trade,0,0,0,0,0,0,0,0,0
1789009450.173983,2188260,pg_toast,pg_toast_2188249,0,0,0,0,0,0,0,0,0
1789009450.173983,6104,pg_catalog,pg_publication,0,0,0,0,0,0,0,0,0
1789009450.173983,13477,pg_toast,pg_toast_13474,0,0,0,0,0,0,0,0,0
1789009450.173983,3429,pg_catalog,pg_statistic_ext_data,0,0,0,0,0,0,0,0,0
1789009450.173983,2619,pg_catalog,pg_statistic,0,0,17,8,0,0,0,0,0
1789009450.173983,4155,pg_toast,pg_toast_3394,0,0,0,0,0,0,0,0,0
1789009450.173983,2188196,pg_toast,pg_toast_2188190,0,0,0,0,0,0,0,0,0
1789009450.173983,3381,pg_catalog,pg_statistic_ext,0,0,3,0,0,0,0,0,0
1789009450.173983,6106,pg_catalog,pg_publication_rel,0,0,0,0,0,0,0,0,0
1789009450.173983,2605,pg_catalog,pg_cast,0,0,34,7,0,0,0,0,0
1789009450.173983,4171,pg_toast,pg_toast_1247,0,0,0,0,0,0,0,0,0
1789009450.173983,2830,pg_toast,pg_toast_2604,0,0,0,0,0,0,0,0,0
1789009450.173983,13479,information_schema,sql_implementation_info,0,0,,,0,0,0,0,0
1789009450.173983,6244,pg_toast,pg_toast_6243,0,0,0,0,0,0,0,0,0
1789009450.173983,3430,pg_toast,pg_toast_3429,0,0,0,0,0,0,0,0,0
1789009510.277748,2188132,public,customer_taxrate,0,0,0,0,0,0,0,0,0
1789009510.277748,3576,pg_catalog,pg_transform,0,0,0,0,0,0,0,0,0
1789009510.277748,2601,pg_catalog,pg_am,0,0,0,0,0,0,0,0,0
1789009510.277748,2188188,pg_toast,pg_toast_2188182,0,0,0,0,0,0,0,0,0
1789009510.277748,3394,pg_catalog,pg_init_privs,0,0,0,0,0,0,0,0,0
1789009510.277748,4167,pg_toast,pg_toast_3256,0,0,0,0,0,0,0,0,0
1789009510.277748,4151,pg_toast,pg_toast_1417,0,0,0,0,0,0,0,0,0
1789009510.277748,2834,pg_toast,pg_toast_2609,0,0,0,0,0,0,0,0,0
1789009510.277748,6000,pg_catalog,pg_replication_origin,0,0,0,0,0,0,0,0,0
1789009510.277748,2188343,public,news_item,0,0,0,0,0,0,0,0,0
1789009510.277748,2840,pg_toast,pg_toast_2619,0,0,0,0,0,0,0,0,0
1789009510.277748,2188122,public,customer_account,0,0,0,0,0,0,0,0,0
1789009510.277748,2328,pg_catalog,pg_foreign_data_wrapper,0,0,0,0,0,0,0,0,0
1789009510.277748,4157,pg_toast,pg_toast_2612,0,0,0,0,0,0,0,0,0
1789009510.277748,1260,pg_catalog,pg_authid,0,0,0,0,0,0,0,0,0
1789009510.277748,6102,pg_catalog,pg_subscription_rel,0,0,0,0,0,0,0,0,0
1789009510.277748,1214,pg_catalog,pg_shdepend,0,0,0,0,0,0,0,0,0
1789009510.277748,4163,pg_toast,pg_toast_2615,0,0,0,0,0,0,0,0,0
1789009510.277748,4169,pg_toast,pg_toast_3600,0,0,0,0,0,0,0,0,0
1789009510.277748,2615,pg_catalog,pg_namespace,1,4,5,2,0,0,0,0,0
1789009510.277748,2188162,public,watch_item,0,0,0,0,0,0,0,0,0
1789009510.277748,2188167,public,watch_list,0,0,0,0,0,0,0,0,0
1789009510.277748,2188243,public,trade_history,0,0,0,0,0,0,0,0,0
1789009510.277748,2188210,public,settlement,0,0,0,0,0,0,0,0,0
1789009510.277748,2188269,public,company,0,0,0,0,0,0,0,0,0
1789009510.277748,2396,pg_catalog,pg_shdescription,0,0,0,0,0,0,0,0,0
1789009510.277748,3600,pg_catalog,pg_ts_dict,0,0,0,0,0,0,0,0,0
1789009510.277748,3596,pg_catalog,pg_seclabel,0,0,0,0,0,0,0,0,0
1789009510.277748,2609,pg_catalog,pg_description,0,0,0,0,0,0,0,0,0
1789009510.277748,13482,pg_toast,pg_toast_13479,0,0,0,0,0,0,0,0,0
1789009510.277748,2188156,public,holding_summary,0,0,0,0,0,0,0,0,0
1789009510.277748,2188390,public,status_type,0,0,0,0,0,0,0,0,0
1789009510.277748,2188395,public,taxrate,0,0,0,0,0,0,0,0,0
1789009510.277748,3603,pg_catalog,pg_ts_config_map,0,0,0,0,0,0,0,0,0
1789009510.277748,1213,pg_catalog,pg_tablespace,0,0,1,1,0,0,0,0,0
1789009510.277748,2188383,pg_toast,pg_toast_2188364,0,0,0,0,0,0,0,0,0
1789009510.277748,2608,pg_catalog,pg_depend,0,0,0,0,0,0,0,0,0
1789009510.277748,2964,pg_catalog,pg_db_role_setting,0,0,0,0,0,0,0,0,0
1789009510.277748,1418,pg_catalog,pg_user_mapping,0,0,0,0,0,0,0,0,0
1789009510.277748,2613,pg_catalog,pg_largeobject,0,0,0,0,0,0,0,0,0
1789009510.277748,6175,pg_toast,pg_toast_3456,0,0,0,0,0,0,0,0,0
1789009510.277748,1261,pg_catalog,pg_auth_members,0,0,0,0,0,0,0,0,0
1789009510.277748,2617,pg_catalog,pg_operator,0,0,5,5,0,0,0,0,0
1789009510.277748,2188352,pg_toast,pg_toast_2188343,0,0,0,0,0,0,0,0,0
1789009510.277748,2188341,pg_toast,pg_toast_2188333,0,0,0,0,0,0,0,0,0
1789009510.277748,2610,pg_catalog,pg_index,1,221,11,14,0,0,0,0,0
1789009510.277748,1249,pg_catalog,pg_attribute,0,0,75,92,0,0,0,0,0
1789009510.277748,2188281,public,company_competitor,0,0,0,0,0,0,0,0,0
1789009510.277748,2600,pg_catalog,pg_aggregate,0,0,1,1,0,0,0,0,0
1789009510.277748,2188180,pg_toast,pg_toast_2188172,0,0,0,0,0,0,0,0,0
1789009510.277748,2188354,public,news_xref,0,0,0,0,0,0,0,0,0
1789009510.277748,2966,pg_toast,pg_toast_2964,0,0,0,0,0,0,0,0,0
1789009510.277748,2188402,public,zip_code,0,0,0,0,0,0,0,0,0
1789009510.277748,2618,pg_catalog,pg_rewrite,0,0,1,1,0,0,0,0,0
1789009510.277748,4177,pg_toast,pg_toast_1262,0,0,0,0,0,0,0,0,0
1789009510.277748,13484,information_schema,sql_parts,0,0,,,0,0,0,0,0
1789009510.277748,4159,pg_toast,pg_toast_2600,0,0,0,0,0,0,0,0,0
1789009510.277748,4147,pg_toast,pg_toast_3079,0,0,0,0,0,0,0,0,0
1789009510.277748,13474,information_schema,sql_features,0,0,,,0,0,0,0,0
1789009510.277748,1247,pg_catalog,pg_type,0,0,19,19,0,0,0,0,0
1789009510.277748,2602,pg_catalog,pg_amop,0,0,12,25,0,0,0,0,0
1789009510.277748,3439,pg_toast,pg_toast_3381,0,0,0,0,0,0,0,0,0
1789009510.277748,2846,pg_toast,pg_toast_2396,0,0,0,0,0,0,0,0,0
1789009510.277748,4145,pg_toast,pg_toast_3466,0,0,0,0,0,0,0,0,0
1789009510.277748,2188385,public,address,0,0,0,0,0,0,0,0,0
1789009510.277748,2188137,public,holding,0,0,0,0,0,0,0,0,0
1789009510.277748,3541,pg_catalog,pg_range,0,0,0,0,0,0,0,0,0
1789009510.277748,3602,pg_catalog,pg_ts_config,0,0,0,0,0,0,0,0,0
1789009510.277748,4183,pg_toast,pg_toast_6100,0,0,0,0,0,0,0,0,0
1789009510.277748,2188333,public,last_trade,0,0,0,0,0,0,0,0,0
1789009510.277748,2224,pg_catalog,pg_sequence,0,0,0,0,0,0,0,0,0
1789009510.277748,2611,pg_catalog,pg_inherits,0,0,0,0,0,0,0,0,0
1789009510.277748,1417,pg_catalog,pg_foreign_server,0,0,0,0,0,0,0,0,0
1789009510.277748,1262,pg_catalog,pg_database,0,0,0,0,0,0,0,0,0
1789009510.277748,2188182,public,cash_transaction,0,0,0,0,0,0,0,0,0
1789009510.277748,13492,pg_toast,pg_toast_13489,0,0,0,0,0,0,0,0,0
1789009510.277748,3501,pg_catalog,pg_enum,0,0,0,0,0,0,0,0,0
1789009510.277748,2607,pg_catalog,pg_conversion,0,0,0,0,0,0,0,0,0
1789009510.277748,2188359,public,sector,0,0,0,0,0,0,0,0,0
1789009510.277748,2188217,pg_toast,pg_toast_2188210,0,0,0,0,0,0,0,0,0
1789009510.277748,826,pg_catalog,pg_default_acl,0,0,0,0,0,0,0,0,0
1789009510.277748,2604,pg_catalog,pg_attrdef,0,0,0,0,0,0,0,0,0
1789009510.277748,2336,pg_toast,pg_toast_2620,0,0,0,0,0,0,0,0,0
1789009510.277748,2188149,public,holding_history,0,0,0,0,0,0,0,0,0
1789009510.277748,2603,pg_catalog,pg_amproc,0,0,5,11,0,0,0,0,0
1789009510.277748,2606,pg_catalog,pg_constraint,0,0,3,8,0,0,0,0,0
1789009510.277748,1255,pg_catalog,pg_proc,0,0,19,24,0,0,0,0,0
1789009510.277748,4173,pg_toast,pg_toast_1418,0,0,0,0,0,0,0,0,0
1789009510.277748,2620,pg_catalog,pg_trigger,0,0,0,0,0,0,0,0,0
1789009510.277748,2188241,pg_toast,pg_toast_2188219,0,0,0,0,0,0,0,0,0
1789009510.277748,2612,pg_catalog,pg_language,0,0,0,0,0,0,0,0,0
1789009510.277748,4149,pg_toast,pg_toast_2328,0,0,0,0,0,0,0,0,0
1789009510.277748,6351,pg_toast,pg_toast_2610,0,0,0,0,0,0,0,0,0
1789009510.277748,13489,information_schema,sql_sizing,0,0,,,0,0,0,0,0
1789009510.277748,3598,pg_toast,pg_toast_3596,0,0,0,0,0,0,0,0,0
1789009510.277748,2188111,public,customer,0,0,0,0,0,0,0,0,0
1789009510.277748,2836,pg_toast,pg_toast_1255,0,0,0,0,0,0,0,0,0
1789009510.277748,3456,pg_catalog,pg_collation,0,0,0,0,0,0,0,0,0
1789009510.277748,3079,pg_catalog,pg_extension,0,0,0,0,0,0,0,0,0
1789009510.277748,2188262,public,trade_type,0,0,0,0,0,0,0,0,0
1789009510.277748,6100,pg_catalog,pg_subscription,0,0,0,0,0,0,0,0,0
1789009510.277748,2188249,public,trade_request,0,0,0,0,0,0,0,0,0
1789009510.277748,2188198,public,commission_rate,0,0,0,0,0,0,0,0,0
1789009510.277748,2188130,pg_toast,pg_toast_2188122,0,0,0,0,0,0,0,0,0
1789009510.277748,2832,pg_toast,pg_toast_2606,0,0,0,0,0,0,0,0,0
1789009510.277748,3256,pg_catalog,pg_policy,0,0,0,0,0,0,0,0,0
1789009510.277748,2188172,public,broker,0,0,0,0,0,0,0,0,0
1789009510.277748,2188296,pg_toast,pg_toast_2188287,0,0,0,0,0,0,0,0,0
1789009510.277748,2188307,public,financial,0,0,0,0,0,0,0,0,0
1789009510.277748,2188103,public,account_permission,0,0,0,0,0,0,0,0,0
1789009510.277748,3466,pg_catalog,pg_event_trigger,0,0,0,0,0,0,0,0,0
1789009510.277748,3592,pg_catalog,pg_shseclabel,0,0,0,0,0,0,0,0,0
1789009510.277748,3764,pg_catalog,pg_ts_template,0,0,0,0,0,0,0,0,0
1789009510.277748,6237,pg_catalog,pg_publication_namespace,0,0,0,0,0,0,0,0,0
1789009510.277748,13487,pg_toast,pg_toast_13484,0,0,0,0,0,0,0,0,0
1789009510.277748,2995,pg_catalog,pg_largeobject_metadata,0,0,0,0,0,0,0,0,0
1789009510.277748,4143,pg_toast,pg_toast_826,0,0,0,0,0,0,0,0,0
1789009510.277748,4185,pg_toast,pg_toast_1213,0,0,0,0,0,0,0,0,0
1789009510.277748,2188287,public,daily_market,0,0,0,0,0,0,0,0,0
1789009510.277748,2188190,public,charge,0,0,0,0,0,0,0,0,0
1789009510.277748,6243,pg_catalog,pg_parameter_acl,0,0,0,0,0,0,0,0,0
1789009510.277748,2616,pg_catalog,pg_opclass,0,0,8,134,0,0,0,0,0
1789009510.277748,2188298,public,exchange,0,0,0,0,0,0,0,0,0
1789009510.277748,2188147,pg_toast,pg_toast_2188137,0,0,0,0,0,0,0,0,0
1789009510.277748,2838,pg_toast,pg_toast_2618,0,0,1,3,0,0,0,0,0
1789009510.277748,2188327,public,industry,0,0,0,0,0,0,0,0,0
1789009510.277748,6228,pg_toast,pg_toast_6106,0,0,0,0,0,0,0,0,0
1789009510.277748,2188325,pg_toast,pg_toast_2188307,0,0,0,0,0,0,0,0,0
1789009510.277748,2188364,public,security,0,0,0,0,0,0,0,0,0
1789009510.277748,3118,pg_catalog,pg_foreign_table,0,0,0,0,0,0,0,0,0
1789009510.277748,1259,pg_catalog,pg_class,1,523,12,12,0,0,0,0,0
1789009510.277748,3350,pg_catalog,pg_partitioned_table,0,0,0,0,0,0,0,0,0
1789009510.277748,4153,pg_toast,pg_toast_3118,0,0,0,0,0,0,0,0,0
1789009510.277748,4060,pg_toast,pg_toast_3592,0,0,0,0,0,0,0,0,0
1789009510.277748,4165,pg_toast,pg_toast_3350,0,0,0,0,0,0,0,0,0
1789009510.277748,2753,pg_catalog,pg_opfamily,0,0,2,2,0,0,0,0,0
1789009510.277748,3601,pg_catalog,pg_ts_parser,0,0,0,0,0,0,0,0,0
1789009510.277748,2188219,public,trade,0,0,0,0,0,0,0,0,0
1789009510.277748,2188260,pg_toast,pg_toast_2188249,0,0,0,0,0,0,0,0,0
1789009510.277748,6104,pg_catalog,pg_publication,0,0,0,0,0,0,0,0,0
1789009510.277748,13477,pg_toast,pg_toast_13474,0,0,0,0,0,0,0,0,0
1789009510.277748,3429,pg_catalog,pg_statistic_ext_data,0,0,0,0,0,0,0,0,0
1789009510.277748,2619,pg_catalog,pg_statistic,0,0,17,8,0,0,0,0,0
1789009510.277748,4155,pg_toast,pg_toast_3394,0,0,0,0,0,0,0,0,0
1789009510.277748,2188196,pg_toast,pg_toast_2188190,0,0,0,0,0,0,0,0,0
1789009510.277748,3381,pg_catalog,pg_statistic_ext,0,0,3,0,0,0,0,0,0
1789009510.277748,6106,pg_catalog,pg_publication_rel,0,0,0,0,0,0,0,0,0
1789009510.277748,2605,pg_catalog,pg_cast,0,0,34,7,0,0,0,0,0
1789009510.277748,4171,pg_toast,pg_toast_1247,0,0,0,0,0,0,0,0,0
1789009510.277748,2830,pg_toast,pg_toast_2604,0,0,0,0,0,0,0,0,0
1789009510.277748,13479,information_schema,sql_implementation_info,0,0,,,0,0,0,0,0
1789009510.277748,6244,pg_toast,pg_toast_6243,0,0,0,0,0,0,0,0,0
1789009510.277748,3430,pg_toast,pg_toast_3429,0,0,0,0,0,0,0,0,0
1789009570.356390,2188132,public,customer_taxrate,0,0,0,0,0,0,0,0,0
1789009570.356390,3576,pg_catalog,pg_transform,0,0,0,0,0,0,0,0,0
1789009570.356390,2601,pg_catalog,pg_am,0,0,0,0,0,0,0,0,0
1789009570.356390,2188188,pg_toast,pg_toast_2188182,0,0,0,0,0,0,0,0,0
1789009570.356390,3394,pg_catalog,pg_init_privs,0,0,0,0,0,0,0,0,0
1789009570.356390,4167,pg_toast,pg_toast_3256,0,0,0,0,0,0,0,0,0
1789009570.356390,4151,pg_toast,pg_toast_1417,0,0,0,0,0,0,0,0,0
1789009570.356390,2834,pg_toast,pg_toast_2609,0,0,0,0,0,0,0,0,0
1789009570.356390,6000,pg_catalog,pg_replication_origin,0,0,0,0,0,0,0,0,0
1789009570.356390,2188343,public,news_item,0,0,0,0,0,0,0,0,0
1789009570.356390,2840,pg_toast,pg_toast_2619,0,0,0,0,0,0,0,0,0
1789009570.356390,2188122,public,customer_account,0,0,0,0,0,0,0,0,0
1789009570.356390,2328,pg_catalog,pg_foreign_data_wrapper,0,0,0,0,0,0,0,0,0
1789009570.356390,4157,pg_toast,pg_toast_2612,0,0,0,0,0,0,0,0,0
1789009570.356390,1260,pg_catalog,pg_authid,0,0,0,0,0,0,0,0,0
1789009570.356390,6102,pg_catalog,pg_subscription_rel,0,0,0,0,0,0,0,0,0
1789009570.356390,1214,pg_catalog,pg_shdepend,0,0,0,0,0,0,0,0,0
1789009570.356390,4163,pg_toast,pg_toast_2615,0,0,0,0,0,0,0,0,0
1789009570.356390,4169,pg_toast,pg_toast_3600,0,0,0,0,0,0,0,0,0
1789009570.356390,2615,pg_catalog,pg_namespace,1,4,5,2,0,0,0,0,0
1789009570.356390,2188162,public,watch_item,0,0,0,0,0,0,0,0,0
1789009570.356390,2188167,public,watch_list,0,0,0,0,0,0,0,0,0
1789009570.356390,2188243,public,trade_history,0,0,0,0,0,0,0,0,0
1789009570.356390,2188210,public,settlement,0,0,0,0,0,0,0,0,0
1789009570.356390,2188269,public,company,0,0,0,0,0,0,0,0,0
1789009570.356390,2396,pg_catalog,pg_shdescription,0,0,0,0,0,0,0,0,0
1789009570.356390,3600,pg_catalog,pg_ts_dict,0,0,0,0,0,0,0,0,0
1789009570.356390,3596,pg_catalog,pg_seclabel,0,0,0,0,0,0,0,0,0
1789009570.356390,2609,pg_catalog,pg_description,0,0,0,0,0,0,0,0,0
1789009570.356390,13482,pg_toast,pg_toast_13479,0,0,0,0,0,0,0,0,0
1789009570.356390,2188156,public,holding_summary,0,0,0,0,0,0,0,0,0
1789009570.356390,2188390,public,status_type,0,0,0,0,0,0,0,0,0
1789009570.356390,2188395,public,taxrate,0,0,0,0,0,0,0,0,0
1789009570.356390,3603,pg_catalog,pg_ts_config_map,0,0,0,0,0,0,0,0,0
1789009570.356390,1213,pg_catalog,pg_tablespace,0,0,1,1,0,0,0,0,0
1789009570.356390,2188383,pg_toast,pg_toast_2188364,0,0,0,0,0,0,0,0,0
1789009570.356390,2608,pg_catalog,pg_depend,0,0,0,0,0,0,0,0,0
1789009570.356390,2964,pg_catalog,pg_db_role_setting,0,0,0,0,0,0,0,0,0
1789009570.356390,1418,pg_catalog,pg_user_mapping,0,0,0,0,0,0,0,0,0
1789009570.356390,2613,pg_catalog,pg_largeobject,0,0,0,0,0,0,0,0,0
1789009570.356390,6175,pg_toast,pg_toast_3456,0,0,0,0,0,0,0,0,0
1789009570.356390,1261,pg_catalog,pg_auth_members,0,0,0,0,0,0,0,0,0
1789009570.356390,2617,pg_catalog,pg_operator,0,0,5,5,0,0,0,0,0
1789009570.356390,2188352,pg_toast,pg_toast_2188343,0,0,0,0,0,0,0,0,0
1789009570.356390,2188341,pg_toast,pg_toast_2188333,0,0,0,0,0,0,0,0,0
1789009570.356390,2610,pg_catalog,pg_index,1,221,11,14,0,0,0,0,0
1789009570.356390,1249,pg_catalog,pg_attribute,0,0,75,92,0,0,0,0,0
1789009570.356390,2188281,public,company_competitor,0,0,0,0,0,0,0,0,0
1789009570.356390,2600,pg_catalog,pg_aggregate,0,0,1,1,0,0,0,0,0
1789009570.356390,2188180,pg_toast,pg_toast_2188172,0,0,0,0,0,0,0,0,0
1789009570.356390,2188354,public,news_xref,0,0,0,0,0,0,0,0,0
1789009570.356390,2966,pg_toast,pg_toast_2964,0,0,0,0,0,0,0,0,0
1789009570.356390,2188402,public,zip_code,0,0,0,0,0,0,0,0,0
1789009570.356390,2618,pg_catalog,pg_rewrite,0,0,1,1,0,0,0,0,0
1789009570.356390,4177,pg_toast,pg_toast_1262,0,0,0,0,0,0,0,0,0
1789009570.356390,13484,information_schema,sql_parts,0,0,,,0,0,0,0,0
1789009570.356390,4159,pg_toast,pg_toast_2600,0,0,0,0,0,0,0,0,0
1789009570.356390,4147,pg_toast,pg_toast_3079,0,0,0,0,0,0,0,0,0
1789009570.356390,13474,information_schema,sql_features,0,0,,,0,0,0,0,0
1789009570.356390,1247,pg_catalog,pg_type,0,0,19,19,0,0,0,0,0
1789009570.356390,2602,pg_catalog,pg_amop,0,0,12,25,0,0,0,0,0
1789009570.356390,3439,pg_toast,pg_toast_3381,0,0,0,0,0,0,0,0,0
1789009570.356390,2846,pg_toast,pg_toast_2396,0,0,0,0,0,0,0,0,0
1789009570.356390,4145,pg_toast,pg_toast_3466,0,0,0,0,0,0,0,0,0
1789009570.356390,2188385,public,address,0,0,0,0,0,0,0,0,0
1789009570.356390,2188137,public,holding,0,0,0,0,0,0,0,0,0
1789009570.356390,3541,pg_catalog,pg_range,0,0,0,0,0,0,0,0,0
1789009570.356390,3602,pg_catalog,pg_ts_config,0,0,0,0,0,0,0,0,0
1789009570.356390,4183,pg_toast,pg_toast_6100,0,0,0,0,0,0,0,0,0
1789009570.356390,2188333,public,last_trade,0,0,0,0,0,0,0,0,0
1789009570.356390,2224,pg_catalog,pg_sequence,0,0,0,0,0,0,0,0,0
1789009570.356390,2611,pg_catalog,pg_inherits,0,0,0,0,0,0,0,0,0
1789009570.356390,1417,pg_catalog,pg_foreign_server,0,0,0,0,0,0,0,0,0
1789009570.356390,1262,pg_catalog,pg_database,0,0,0,0,0,0,0,0,0
1789009570.356390,2188182,public,cash_transaction,0,0,0,0,0,0,0,0,0
1789009570.356390,13492,pg_toast,pg_toast_13489,0,0,0,0,0,0,0,0,0
1789009570.356390,3501,pg_catalog,pg_enum,0,0,0,0,0,0,0,0,0
1789009570.356390,2607,pg_catalog,pg_conversion,0,0,0,0,0,0,0,0,0
1789009570.356390,2188359,public,sector,0,0,0,0,0,0,0,0,0
1789009570.356390,2188217,pg_toast,pg_toast_2188210,0,0,0,0,0,0,0,0,0
1789009570.356390,826,pg_catalog,pg_default_acl,0,0,0,0,0,0,0,0,0
1789009570.356390,2604,pg_catalog,pg_attrdef,0,0,0,0,0,0,0,0,0
1789009570.356390,2336,pg_toast,pg_toast_2620,0,0,0,0,0,0,0,0,0
1789009570.356390,2188149,public,holding_history,0,0,0,0,0,0,0,0,0
1789009570.356390,2603,pg_catalog,pg_amproc,0,0,5,11,0,0,0,0,0
1789009570.356390,2606,pg_catalog,pg_constraint,0,0,3,8,0,0,0,0,0
1789009570.356390,1255,pg_catalog,pg_proc,0,0,19,24,0,0,0,0,0
1789009570.356390,4173,pg_toast,pg_toast_1418,0,0,0,0,0,0,0,0,0
1789009570.356390,2620,pg_catalog,pg_trigger,0,0,0,0,0,0,0,0,0
1789009570.356390,2188241,pg_toast,pg_toast_2188219,0,0,0,0,0,0,0,0,0
1789009570.356390,2612,pg_catalog,pg_language,0,0,0,0,0,0,0,0,0
1789009570.356390,4149,pg_toast,pg_toast_2328,0,0,0,0,0,0,0,0,0
1789009570.356390,6351,pg_toast,pg_toast_2610,0,0,0,0,0,0,0,0,0
1789009570.356390,13489,information_schema,sql_sizing,0,0,,,0,0,0,0,0
1789009570.356390,3598,pg_toast,pg_toast_3596,0,0,0,0,0,0,0,0,0
1789009570.356390,2188111,public,customer,0,0,0,0,0,0,0,0,0
1789009570.356390,2836,pg_toast,pg_toast_1255,0,0,0,0,0,0,0,0,0
1789009570.356390,3456,pg_catalog,pg_collation,0,0,0,0,0,0,0,0,0
1789009570.356390,3079,pg_catalog,pg_extension,0,0,0,0,0,0,0,0,0
1789009570.356390,2188262,public,trade_type,0,0,0,0,0,0,0,0,0
1789009570.356390,6100,pg_catalog,pg_subscription,0,0,0,0,0,0,0,0,0
1789009570.356390,2188249,public,trade_request,0,0,0,0,0,0,0,0,0
1789009570.356390,2188198,public,commission_rate,0,0,0,0,0,0,0,0,0
1789009570.356390,2188130,pg_toast,pg_toast_2188122,0,0,0,0,0,0,0,0,0
1789009570.356390,2832,pg_toast,pg_toast_2606,0,0,0,0,0,0,0,0,0
1789009570.356390,3256,pg_catalog,pg_policy,0,0,0,0,0,0,0,0,0
1789009570.356390,2188172,public,broker,0,0,0,0,0,0,0,0,0
1789009570.356390,2188296,pg_toast,pg_toast_2188287,0,0,0,0,0,0,0,0,0
1789009570.356390,2188307,public,financial,0,0,0,0,0,0,0,0,0
1789009570.356390,2188103,public,account_permission,0,0,0,0,0,0,0,0,0
1789009570.356390,3466,pg_catalog,pg_event_trigger,0,0,0,0,0,0,0,0,0
1789009570.356390,3592,pg_catalog,pg_shseclabel,0,0,0,0,0,0,0,0,0
1789009570.356390,3764,pg_catalog,pg_ts_template,0,0,0,0,0,0,0,0,0
1789009570.356390,6237,pg_catalog,pg_publication_namespace,0,0,0,0,0,0,0,0,0
1789009570.356390,13487,pg_toast,pg_toast_13484,0,0,0,0,0,0,0,0,0
1789009570.356390,2995,pg_catalog,pg_largeobject_metadata,0,0,0,0,0,0,0,0,0
1789009570.356390,4143,pg_toast,pg_toast_826,0,0,0,0,0,0,0,0,0
1789009570.356390,4185,pg_toast,pg_toast_1213,0,0,0,0,0,0,0,0,0
1789009570.356390,2188287,public,daily_market,0,0,0,0,0,0,0,0,0
1789009570.356390,2188190,public,charge,0,0,0,0,0,0,0,0,0
1789009570.356390,6243,pg_catalog,pg_parameter_acl,0,0,0,0,0,0,0,0,0
1789009570.356390,2616,pg_catalog,pg_opclass,0,0,8,134,0,0,0,0,0
1789009570.356390,2188298,public,exchange,0,0,0,0,0,0,0,0,0
1789009570.356390,2188147,pg_toast,pg_toast_2188137,0,0,0,0,0,0,0,0,0
1789009570.356390,2838,pg_toast,pg_toast_2618,0,0,1,3,0,0,0,0,0
1789009570.356390,2188327,public,industry,0,0,0,0,0,0,0,0,0
1789009570.356390,6228,pg_toast,pg_toast_6106,0,0,0,0,0,0,0,0,0
1789009570.356390,2188325,pg_toast,pg_toast_2188307,0,0,0,0,0,0,0,0,0
1789009570.356390,2188364,public,security,0,0,0,0,0,0,0,0,0
1789009570.356390,3118,pg_catalog,pg_foreign_table,0,0,0,0,0,0,0,0,0
1789009570.356390,1259,pg_catalog,pg_class,1,523,12,12,0,0,0,0,0
1789009570.356390,3350,pg_catalog,pg_partitioned_table,0,0,0,0,0,0,0,0,0
1789009570.356390,4153,pg_toast,pg_toast_3118,0,0,0,0,0,0,0,0,0
1789009570.356390,4060,pg_toast,pg_toast_3592,0,0,0,0,0,0,0,0,0
1789009570.356390,4165,pg_toast,pg_toast_3350,0,0,0,0,0,0,0,0,0
1789009570.356390,2753,pg_catalog,pg_opfamily,0,0,2,2,0,0,0,0,0
1789009570.356390,3601,pg_catalog,pg_ts_parser,0,0,0,0,0,0,0,0,0
1789009570.356390,2188219,public,trade,0,0,0,0,0,0,0,0,0
1789009570.356390,2188260,pg_toast,pg_toast_2188249,0,0,0,0,0,0,0,0,0
1789009570.356390,6104,pg_catalog,pg_publication,0,0,0,0,0,0,0,0,0
1789009570.356390,13477,pg_toast,pg_toast_13474,0,0,0,0,0,0,0,0,0
1789009570.356390,3429,pg_catalog,pg_statistic_ext_data,0,0,0,0,0,0,0,0,0
1789009570.356390,2619,pg_catalog,pg_statistic,0,0,17,8,0,0,0,0,0
1789009570.356390,4155,pg_toast,pg_toast_3394,0,0,0,0,0,0,0,0,0
1789009570.356390,2188196,pg_toast,pg_toast_2188190,0,0,0,0,0,0,0,0,0
1789009570.356390,3381,pg_catalog,pg_statistic_ext,0,0,3,0,0,0,0,0,0
1789009570.356390,6106,pg_catalog,pg_publication_rel,0,0,0,0,0,0,0,0,0
1789009570.356390,2605,pg_catalog,pg_cast,0,0,34,7,0,0,0,0,0
1789009570.356390,4171,pg_toast,pg_toast_1247,0,0,0,0,0,0,0,0,0
1789009570.356390,2830,pg_toast,pg_toast_2604,0,0,0,0,0,0,0,0,0
1789009570.356390,13479,information_schema,sql_implementation_info,0,0,,,0,0,0,0,0
1789009570.356390,6244,pg_toast,pg_toast_6243,0,0,0,0,0,0,0,0,0
1789009570.356390,3430,pg_toast,pg_toast_3429,0,0,0,0,0,0,0,0,0
1789009630.431924,2188132,public,customer_taxrate,0,0,0,0,0,0,0,0,0
1789009630.431924,3576,pg_catalog,pg_transform,0,0,0,0,0,0,0,0,0
1789009630.431924,2601,pg_catalog,pg_am,0,0,0,0,0,0,0,0,0
1789009630.431924,2188188,pg_toast,pg_toast_2188182,0,0,0,0,0,0,0,0,0
1789009630.431924,3394,pg_catalog,pg_init_privs,0,0,0,0,0,0,0,0,0
1789009630.431924,4167,pg_toast,pg_toast_3256,0,0,0,0,0,0,0,0,0
1789009630.431924,4151,pg_toast,pg_toast_1417,0,0,0,0,0,0,0,0,0
1789009630.431924,2834,pg_toast,pg_toast_2609,0,0,0,0,0,0,0,0,0
1789009630.431924,6000,pg_catalog,pg_replication_origin,0,0,0,0,0,0,0,0,0
1789009630.431924,2188343,public,news_item,0,0,0,0,0,0,0,0,0
1789009630.431924,2840,pg_toast,pg_toast_2619,0,0,0,0,0,0,0,0,0
1789009630.431924,2188122,public,customer_account,0,0,0,0,0,0,0,0,0
1789009630.431924,2328,pg_catalog,pg_foreign_data_wrapper,0,0,0,0,0,0,0,0,0
1789009630.431924,4157,pg_toast,pg_toast_2612,0,0,0,0,0,0,0,0,0
1789009630.431924,1260,pg_catalog,pg_authid,0,0,0,0,0,0,0,0,0
1789009630.431924,6102,pg_catalog,pg_subscription_rel,0,0,0,0,0,0,0,0,0
1789009630.431924,1214,pg_catalog,pg_shdepend,0,0,0,0,0,0,0,0,0
1789009630.431924,4163,pg_toast,pg_toast_2615,0,0,0,0,0,0,0,0,0
1789009630.431924,4169,pg_toast,pg_toast_3600,0,0,0,0,0,0,0,0,0
1789009630.431924,2615,pg_catalog,pg_namespace,1,4,5,2,0,0,0,0,0
1789009630.431924,2188162,public,watch_item,0,0,0,0,0,0,0,0,0
1789009630.431924,2188167,public,watch_list,0,0,0,0,0,0,0,0,0
1789009630.431924,2188243,public,trade_history,0,0,0,0,0,0,0,0,0
1789009630.431924,2188210,public,settlement,0,0,0,0,0,0,0,0,0
1789009630.431924,2188269,public,company,0,0,0,0,0,0,0,0,0
1789009630.431924,2396,pg_catalog,pg_shdescription,0,0,0,0,0,0,0,0,0
1789009630.431924,3600,pg_catalog,pg_ts_dict,0,0,0,0,0,0,0,0,0
1789009630.431924,3596,pg_catalog,pg_seclabel,0,0,0,0,0,0,0,0,0
1789009630.431924,2609,pg_catalog,pg_description,0,0,0,0,0,0,0,0,0
1789009630.431924,13482,pg_toast,pg_toast_13479,0,0,0,0,0,0,0,0,0
1789009630.431924,2188156,public,holding_summary,0,0,0,0,0,0,0,0,0
1789009630.431924,2188390,public,status_type,0,0,0,0,0,0,0,0,0
1789009630.431924,2188395,public,taxrate,0,0,0,0,0,0,0,0,0
1789009630.431924,3603,pg_catalog,pg_ts_config_map,0,0,0,0,0,0,0,0,0
1789009630.431924,1213,pg_catalog,pg_tablespace,0,0,1,1,0,0,0,0,0
1789009630.431924,2188383,pg_toast,pg_toast_2188364,0,0,0,0,0,0,0,0,0
1789009630.431924,2608,pg_catalog,pg_depend,0,0,0,0,0,0,0,0,0
1789009630.431924,2964,pg_catalog,pg_db_role_setting,0,0,0,0,0,0,0,0,0
1789009630.431924,1418,pg_catalog,pg_user_mapping,0,0,0,0,0,0,0,0,0
1789009630.431924,2613,pg_catalog,pg_largeobject,0,0,0,0,0,0,0,0,0
1789009630.431924,6175,pg_toast,pg_toast_3456,0,0,0,0,0,0,0,0,0
1789009630.431924,1261,pg_catalog,pg_auth_members,0,0,0,0,0,0,0,0,0
1789009630.431924,2617,pg_catalog,pg_operator,0,0,5,5,0,0,0,0,0
1789009630.431924,2188352,pg_toast,pg_toast_2188343,0,0,0,0,0,0,0,0,0
1789009630.431924,2188341,pg_toast,pg_toast_2188333,0,0,0,0,0,0,0,0,0
1789009630.431924,2610,pg_catalog,pg_index,1,221,11,14,0,0,0,0,0
1789009630.431924,1249,pg_catalog,pg_attribute,0,0,75,92,0,0,0,0,0
1789009630.431924,2188281,public,company_competitor,0,0,0,0,0,0,0,0,0
1789009630.431924,2600,pg_catalog,pg_aggregate,0,0,1,1,0,0,0,0,0
1789009630.431924,2188180,pg_toast,pg_toast_2188172,0,0,0,0,0,0,0,0,0
1789009630.431924,2188354,public,news_xref,0,0,0,0,0,0,0,0,0
1789009630.431924,2966,pg_toast,pg_toast_2964,0,0,0,0,0,0,0,0,0
1789009630.431924,2188402,public,zip_code,0,0,0,0,0,0,0,0,0
1789009630.431924,2618,pg_catalog,pg_rewrite,0,0,1,1,0,0,0,0,0
1789009630.431924,4177,pg_toast,pg_toast_1262,0,0,0,0,0,0,0,0,0
1789009630.431924,13484,information_schema,sql_parts,0,0,,,0,0,0,0,0
1789009630.431924,4159,pg_toast,pg_toast_2600,0,0,0,0,0,0,0,0,0
1789009630.431924,4147,pg_toast,pg_toast_3079,0,0,0,0,0,0,0,0,0
1789009630.431924,13474,information_schema,sql_features,0,0,,,0,0,0,0,0
1789009630.431924,1247,pg_catalog,pg_type,0,0,19,19,0,0,0,0,0
1789009630.431924,2602,pg_catalog,pg_amop,0,0,12,25,0,0,0,0,0
1789009630.431924,3439,pg_toast,pg_toast_3381,0,0,0,0,0,0,0,0,0
1789009630.431924,2846,pg_toast,pg_toast_2396,0,0,0,0,0,0,0,0,0
1789009630.431924,4145,pg_toast,pg_toast_3466,0,0,0,0,0,0,0,0,0
1789009630.431924,2188385,public,address,0,0,0,0,0,0,0,0,0
1789009630.431924,2188137,public,holding,0,0,0,0,0,0,0,0,0
1789009630.431924,3541,pg_catalog,pg_range,0,0,0,0,0,0,0,0,0
1789009630.431924,3602,pg_catalog,pg_ts_config,0,0,0,0,0,0,0,0,0
1789009630.431924,4183,pg_toast,pg_toast_6100,0,0,0,0,0,0,0,0,0
1789009630.431924,2188333,public,last_trade,0,0,0,0,0,0,0,0,0
1789009630.431924,2224,pg_catalog,pg_sequence,0,0,0,0,0,0,0,0,0
1789009630.431924,2611,pg_catalog,pg_inherits,0,0,0,0,0,0,0,0,0
1789009630.431924,1417,pg_catalog,pg_foreign_server,0,0,0,0,0,0,0,0,0
1789009630.431924,1262,pg_catalog,pg_database,0,0,0,0,0,0,0,0,0
1789009630.431924,2188182,public,cash_transaction,0,0,0,0,0,0,0,0,0
1789009630.431924,13492,pg_toast,pg_toast_13489,0,0,0,0,0,0,0,0,0
1789009630.431924,3501,pg_catalog,pg_enum,0,0,0,0,0,0,0,0,0
1789009630.431924,2607,pg_catalog,pg_conversion,0,0,0,0,0,0,0,0,0
1789009630.431924,2188359,public,sector,0,0,0,0,0,0,0,0,0
1789009630.431924,2188217,pg_toast,pg_toast_2188210,0,0,0,0,0,0,0,0,0
1789009630.431924,826,pg_catalog,pg_default_acl,0,0,0,0,0,0,0,0,0
1789009630.431924,2604,pg_catalog,pg_attrdef,0,0,0,0,0,0,0,0,0
1789009630.431924,2336,pg_toast,pg_toast_2620,0,0,0,0,0,0,0,0,0
1789009630.431924,2188149,public,holding_history,0,0,0,0,0,0,0,0,0
1789009630.431924,2603,pg_catalog,pg_amproc,0,0,5,11,0,0,0,0,0
1789009630.431924,2606,pg_catalog,pg_constraint,0,0,3,8,0,0,0,0,0
1789009630.431924,1255,pg_catalog,pg_proc,0,0,19,24,0,0,0,0,0
1789009630.431924,4173,pg_toast,pg_toast_1418,0,0,0,0,0,0,0,0,0
1789009630.431924,2620,pg_catalog,pg_trigger,0,0,0,0,0,0,0,0,0
1789009630.431924,2188241,pg_toast,pg_toast_2188219,0,0,0,0,0,0,0,0,0
1789009630.431924,2612,pg_catalog,pg_language,0,0,0,0,0,0,0,0,0
1789009630.431924,4149,pg_toast,pg_toast_2328,0,0,0,0,0,0,0,0,0
1789009630.431924,6351,pg_toast,pg_toast_2610,0,0,0,0,0,0,0,0,0
1789009630.431924,13489,information_schema,sql_sizing,0,0,,,0,0,0,0,0
1789009630.431924,3598,pg_toast,pg_toast_3596,0,0,0,0,0,0,0,0,0
1789009630.431924,2188111,public,customer,0,0,0,0,0,0,0,0,0
1789009630.431924,2836,pg_toast,pg_toast_1255,0,0,0,0,0,0,0,0,0
1789009630.431924,3456,pg_catalog,pg_collation,0,0,0,0,0,0,0,0,0
1789009630.431924,3079,pg_catalog,pg_extension,0,0,0,0,0,0,0,0,0
1789009630.431924,2188262,public,trade_type,0,0,0,0,0,0,0,0,0
1789009630.431924,6100,pg_catalog,pg_subscription,0,0,0,0,0,0,0,0,0
1789009630.431924,2188249,public,trade_request,0,0,0,0,0,0,0,0,0
1789009630.431924,2188198,public,commission_rate,0,0,0,0,0,0,0,0,0
1789009630.431924,2188130,pg_toast,pg_toast_2188122,0,0,0,0,0,0,0,0,0
1789009630.431924,2832,pg_toast,pg_toast_2606,0,0,0,0,0,0,0,0,0
1789009630.431924,3256,pg_catalog,pg_policy,0,0,0,0,0,0,0,0,0
1789009630.431924,2188172,public,broker,0,0,0,0,0,0,0,0,0
1789009630.431924,2188296,pg_toast,pg_toast_2188287,0,0,0,0,0,0,0,0,0
1789009630.431924,2188307,public,financial,0,0,0,0,0,0,0,0,0
1789009630.431924,2188103,public,account_permission,0,0,0,0,0,0,0,0,0
1789009630.431924,3466,pg_catalog,pg_event_trigger,0,0,0,0,0,0,0,0,0
1789009630.431924,3592,pg_catalog,pg_shseclabel,0,0,0,0,0,0,0,0,0
1789009630.431924,3764,pg_catalog,pg_ts_template,0,0,0,0,0,0,0,0,0
1789009630.431924,6237,pg_catalog,pg_publication_namespace,0,0,0,0,0,0,0,0,0
1789009630.431924,13487,pg_toast,pg_toast_13484,0,0,0,0,0,0,0,0,0
1789009630.431924,2995,pg_catalog,pg_largeobject_metadata,0,0,0,0,0,0,0,0,0
1789009630.431924,4143,pg_toast,pg_toast_826,0,0,0,0,0,0,0,0,0
1789009630.431924,4185,pg_toast,pg_toast_1213,0,0,0,0,0,0,0,0,0
1789009630.431924,2188287,public,daily_market,0,0,0,0,0,0,0,0,0
1789009630.431924,2188190,public,charge,0,0,0,0,0,0,0,0,0
1789009630.431924,6243,pg_catalog,pg_parameter_acl,0,0,0,0,0,0,0,0,0
1789009630.431924,2616,pg_catalog,pg_opclass,0,0,8,134,0,0,0,0,0
1789009630.431924,2188298,public,exchange,0,0,0,0,0,0,0,0,0
1789009630.431924,2188147,pg_toast,pg_toast_2188137,0,0,0,0,0,0,0,0,0
1789009630.431924,2838,pg_toast,pg_toast_2618,0,0,1,3,0,0,0,0,0
1789009630.431924,2188327,public,industry,0,0,0,0,0,0,0,0,0
1789009630.431924,6228,pg_toast,pg_toast_6106,0,0,0,0,0,0,0,0,0
1789009630.431924,2188325,pg_toast,pg_toast_2188307,0,0,0,0,0,0,0,0,0
1789009630.431924,2188364,public,security,0,0,0,0,0,0,0,0,0
1789009630.431924,3118,pg_catalog,pg_foreign_table,0,0,0,0,0,0,0,0,0
1789009630.431924,1259,pg_catalog,pg_class,1,523,12,12,0,0,0,0,0
1789009630.431924,3350,pg_catalog,pg_partitioned_table,0,0,0,0,0,0,0,0,0
1789009630.431924,4153,pg_toast,pg_toast_3118,0,0,0,0,0,0,0,0,0
1789009630.431924,4060,pg_toast,pg_toast_3592,0,0,0,0,0,0,0,0,0
1789009630.431924,4165,pg_toast,pg_toast_3350,0,0,0,0,0,0,0,0,0
1789009630.431924,2753,pg_catalog,pg_opfamily,0,0,2,2,0,0,0,0,0
1789009630.431924,3601,pg_catalog,pg_ts_parser,0,0,0,0,0,0,0,0,0
1789009630.431924,2188219,public,trade,0,0,0,0,0,0,0,0,0
1789009630.431924,2188260,pg_toast,pg_toast_2188249,0,0,0,0,0,0,0,0,0
1789009630.431924,6104,pg_catalog,pg_publication,0,0,0,0,0,0,0,0,0
1789009630.431924,13477,pg_toast,pg_toast_13474,0,0,0,0,0,0,0,0,0
1789009630.431924,3429,pg_catalog,pg_statistic_ext_data,0,0,0,0,0,0,0,0,0
1789009630.431924,2619,pg_catalog,pg_statistic,0,0,17,8,0,0,0,0,0
1789009630.431924,4155,pg_toast,pg_toast_3394,0,0,0,0,0,0,0,0,0
1789009630.431924,2188196,pg_toast,pg_toast_2188190,0,0,0,0,0,0,0,0,0
1789009630.431924,3381,pg_catalog,pg_statistic_ext,0,0,3,0,0,0,0,0,0
1789009630.431924,6106,pg_catalog,pg_publication_rel,0,0,0,0,0,0,0,0,0
1789009630.431924,2605,pg_catalog,pg_cast,0,0,34,7,0,0,0,0,0
1789009630.431924,4171,pg_toast,pg_toast_1247,0,0,0,0,0,0,0,0,0
1789009630.431924,2830,pg_toast,pg_toast_2604,0,0,0,0,0,0,0,0,0
1789009630.431924,13479,information_schema,sql_implementation_info,0,0,,,0,0,0,0,0
1789009630.431924,6244,pg_toast,pg_toast_6243,0,0,0,0,0,0,0,0,0
1789009630.431924,3430,pg_toast,pg_toast_3429,0,0,0,0,0,0,0,0,0
1789009690.508340,2188132,public,customer_taxrate,0,0,0,0,0,0,0,0,0
1789009690.508340,3576,pg_catalog,pg_transform,0,0,0,0,0,0,0,0,0
1789009690.508340,2601,pg_catalog,pg_am,0,0,0,0,0,0,0,0,0
1789009690.508340,2188188,pg_toast,pg_toast_2188182,0,0,0,0,0,0,0,0,0
1789009690.508340,3394,pg_catalog,pg_init_privs,0,0,0,0,0,0,0,0,0
1789009690.508340,4167,pg_toast,pg_toast_3256,0,0,0,0,0,0,0,0,0
1789009690.508340,4151,pg_toast,pg_toast_1417,0,0,0,0,0,0,0,0,0
1789009690.508340,2834,pg_toast,pg_toast_2609,0,0,0,0,0,0,0,0,0
1789009690.508340,6000,pg_catalog,pg_replication_origin,0,0,0,0,0,0,0,0,0
1789009690.508340,2188343,public,news_item,0,0,0,0,0,0,0,0,0
1789009690.508340,2840,pg_toast,pg_toast_2619,0,0,0,0,0,0,0,0,0
1789009690.508340,2188122,public,customer_account,0,0,0,0,0,0,0,0,0
1789009690.508340,2328,pg_catalog,pg_foreign_data_wrapper,0,0,0,0,0,0,0,0,0
1789009690.508340,4157,pg_toast,pg_toast_2612,0,0,0,0,0,0,0,0,0
1789009690.508340,1260,pg_catalog,pg_authid,0,0,0,0,0,0,0,0,0
1789009690.508340,6102,pg_catalog,pg_subscription_rel,0,0,0,0,0,0,0,0,0
1789009690.508340,1214,pg_catalog,pg_shdepend,0,0,0,0,0,0,0,0,0
1789009690.508340,4163,pg_toast,pg_toast_2615,0,0,0,0,0,0,0,0,0
1789009690.508340,4169,pg_toast,pg_toast_3600,0,0,0,0,0,0,0,0,0
1789009690.508340,2615,pg_catalog,pg_namespace,1,4,5,2,0,0,0,0,0
1789009690.508340,2188162,public,watch_item,0,0,0,0,0,0,0,0,0
1789009690.508340,2188167,public,watch_list,0,0,0,0,0,0,0,0,0
1789009690.508340,2188243,public,trade_history,0,0,0,0,0,0,0,0,0
1789009690.508340,2188210,public,settlement,0,0,0,0,0,0,0,0,0
1789009690.508340,2188269,public,company,0,0,0,0,0,0,0,0,0
1789009690.508340,2396,pg_catalog,pg_shdescription,0,0,0,0,0,0,0,0,0
1789009690.508340,3600,pg_catalog,pg_ts_dict,0,0,0,0,0,0,0,0,0
1789009690.508340,3596,pg_catalog,pg_seclabel,0,0,0,0,0,0,0,0,0
1789009690.508340,2609,pg_catalog,pg_description,0,0,0,0,0,0,0,0,0
1789009690.508340,13482,pg_toast,pg_toast_13479,0,0,0,0,0,0,0,0,0
1789009690.508340,2188156,public,holding_summary,0,0,0,0,0,0,0,0,0
1789009690.508340,2188390,public,status_type,0,0,0,0,0,0,0,0,0
1789009690.508340,2188395,public,taxrate,0,0,0,0,0,0,0,0,0
1789009690.508340,3603,pg_catalog,pg_ts_config_map,0,0,0,0,0,0,0,0,0
1789009690.508340,1213,pg_catalog,pg_tablespace,0,0,1,1,0,0,0,0,0
1789009690.508340,2188383,pg_toast,pg_toast_2188364,0,0,0,0,0,0,0,0,0
1789009690.508340,2608,pg_catalog,pg_depend,0,0,0,0,0,0,0,0,0
1789009690.508340,2964,pg_catalog,pg_db_role_setting,0,0,0,0,0,0,0,0,0
1789009690.508340,1418,pg_catalog,pg_user_mapping,0,0,0,0,0,0,0,0,0
1789009690.508340,2613,pg_catalog,pg_largeobject,0,0,0,0,0,0,0,0,0
1789009690.508340,6175,pg_toast,pg_toast_3456,0,0,0,0,0,0,0,0,0
1789009690.508340,1261,pg_catalog,pg_auth_members,0,0,0,0,0,0,0,0,0
1789009690.508340,2617,pg_catalog,pg_operator,0,0,5,5,0,0,0,0,0
1789009690.508340,2188352,pg_toast,pg_toast_2188343,0,0,0,0,0,0,0,0,0
1789009690.508340,2188341,pg_toast,pg_toast_2188333,0,0,0,0,0,0,0,0,0
1789009690.508340,2610,pg_catalog,pg_index,1,221,11,14,0,0,0,0,0
1789009690.508340,1249,pg_catalog,pg_attribute,0,0,75,92,0,0,0,0,0
1789009690.508340,2188281,public,company_competitor,0,0,0,0,0,0,0,0,0
1789009690.508340,2600,pg_catalog,pg_aggregate,0,0,1,1,0,0,0,0,0
1789009690.508340,2188180,pg_toast,pg_toast_2188172,0,0,0,0,0,0,0,0,0
1789009690.508340,2188354,public,news_xref,0,0,0,0,0,0,0,0,0
1789009690.508340,2966,pg_toast,pg_toast_2964,0,0,0,0,0,0,0,0,0
1789009690.508340,2188402,public,zip_code,0,0,0,0,0,0,0,0,0
1789009690.508340,2618,pg_catalog,pg_rewrite,0,0,1,1,0,0,0,0,0
1789009690.508340,4177,pg_toast,pg_toast_1262,0,0,0,0,0,0,0,0,0
1789009690.508340,13484,information_schema,sql_parts,0,0,,,0,0,0,0,0
1789009690.508340,4159,pg_toast,pg_toast_2600,0,0,0,0,0,0,0,0,0
1789009690.508340,4147,pg_toast,pg_toast_3079,0,0,0,0,0,0,0,0,0
1789009690.508340,13474,information_schema,sql_features,0,0,,,0,0,0,0,0
1789009690.508340,1247,pg_catalog,pg_type,0,0,19,19,0,0,0,0,0
1789009690.508340,2602,pg_catalog,pg_amop,0,0,12,25,0,0,0,0,0
1789009690.508340,3439,pg_toast,pg_toast_3381,0,0,0,0,0,0,0,0,0
1789009690.508340,2846,pg_toast,pg_toast_2396,0,0,0,0,0,0,0,0,0
1789009690.508340,4145,pg_toast,pg_toast_3466,0,0,0,0,0,0,0,0,0
1789009690.508340,2188385,public,address,0,0,0,0,0,0,0,0,0
1789009690.508340,2188137,public,holding,0,0,0,0,0,0,0,0,0
1789009690.508340,3541,pg_catalog,pg_range,0,0,0,0,0,0,0,0,0
1789009690.508340,3602,pg_catalog,pg_ts_config,0,0,0,0,0,0,0,0,0
1789009690.508340,4183,pg_toast,pg_toast_6100,0,0,0,0,0,0,0,0,0
1789009690.508340,2188333,public,last_trade,0,0,0,0,0,0,0,0,0
1789009690.508340,2224,pg_catalog,pg_sequence,0,0,0,0,0,0,0,0,0
1789009690.508340,2611,pg_catalog,pg_inherits,0,0,0,0,0,0,0,0,0
1789009690.508340,1417,pg_catalog,pg_foreign_server,0,0,0,0,0,0,0,0,0
1789009690.508340,1262,pg_catalog,pg_database,0,0,0,0,0,0,0,0,0
1789009690.508340,2188182,public,cash_transaction,0,0,0,0,0,0,0,0,0
1789009690.508340,13492,pg_toast,pg_toast_13489,0,0,0,0,0,0,0,0,0
1789009690.508340,3501,pg_catalog,pg_enum,0,0,0,0,0,0,0,0,0
1789009690.508340,2607,pg_catalog,pg_conversion,0,0,0,0,0,0,0,0,0
1789009690.508340,2188359,public,sector,0,0,0,0,0,0,0,0,0
1789009690.508340,2188217,pg_toast,pg_toast_2188210,0,0,0,0,0,0,0,0,0
1789009690.508340,826,pg_catalog,pg_default_acl,0,0,0,0,0,0,0,0,0
1789009690.508340,2604,pg_catalog,pg_attrdef,0,0,0,0,0,0,0,0,0
1789009690.508340,2336,pg_toast,pg_toast_2620,0,0,0,0,0,0,0,0,0
1789009690.508340,2188149,public,holding_history,0,0,0,0,0,0,0,0,0
1789009690.508340,2603,pg_catalog,pg_amproc,0,0,5,11,0,0,0,0,0
1789009690.508340,2606,pg_catalog,pg_constraint,0,0,3,8,0,0,0,0,0
1789009690.508340,1255,pg_catalog,pg_proc,0,0,19,24,0,0,0,0,0
1789009690.508340,4173,pg_toast,pg_toast_1418,0,0,0,0,0,0,0,0,0
1789009690.508340,2620,pg_catalog,pg_trigger,0,0,0,0,0,0,0,0,0
1789009690.508340,2188241,pg_toast,pg_toast_2188219,0,0,0,0,0,0,0,0,0
1789009690.508340,2612,pg_catalog,pg_language,0,0,0,0,0,0,0,0,0
1789009690.508340,4149,pg_toast,pg_toast_2328,0,0,0,0,0,0,0,0,0
1789009690.508340,6351,pg_toast,pg_toast_2610,0,0,0,0,0,0,0,0,0
1789009690.508340,13489,information_schema,sql_sizing,0,0,,,0,0,0,0,0
1789009690.508340,3598,pg_toast,pg_toast_3596,0,0,0,0,0,0,0,0,0
1789009690.508340,2188111,public,customer,0,0,0,0,0,0,0,0,0
1789009690.508340,2836,pg_toast,pg_toast_1255,0,0,0,0,0,0,0,0,0
1789009690.508340,3456,pg_catalog,pg_collation,0,0,0,0,0,0,0,0,0
1789009690.508340,3079,pg_catalog,pg_extension,0,0,0,0,0,0,0,0,0
1789009690.508340,2188262,public,trade_type,0,0,0,0,0,0,0,0,0
1789009690.508340,6100,pg_catalog,pg_subscription,0,0,0,0,0,0,0,0,0
1789009690.508340,2188249,public,trade_request,0,0,0,0,0,0,0,0,0
1789009690.508340,2188198,public,commission_rate,0,0,0,0,0,0,0,0,0
1789009690.508340,2188130,pg_toast,pg_toast_2188122,0,0,0,0,0,0,0,0,0
1789009690.508340,2832,pg_toast,pg_toast_2606,0,0,0,0,0,0,0,0,0
1789009690.508340,3256,pg_catalog,pg_policy,0,0,0,0,0,0,0,0,0
1789009690.508340,2188172,public,broker,0,0,0,0,0,0,0,0,0
1789009690.508340,2188296,pg_toast,pg_toast_2188287,0,0,0,0,0,0,0,0,0
1789009690.508340,2188307,public,financial,0,0,0,0,0,0,0,0,0
1789009690.508340,2188103,public,account_permission,0,0,0,0,0,0,0,0,0
1789009690.508340,3466,pg_catalog,pg_event_trigger,0,0,0,0,0,0,0,0,0
1789009690.508340,3592,pg_catalog,pg_shseclabel,0,0,0,0,0,0,0,0,0
1789009690.508340,3764,pg_catalog,pg_ts_template,0,0,0,0,0,0,0,0,0
1789009690.508340,6237,pg_catalog,pg_publication_namespace,0,0,0,0,0,0,0,0,0
1789009690.508340,13487,pg_toast,pg_toast_13484,0,0,0,0,0,0,0,0,0
1789009690.508340,2995,pg_catalog,pg_largeobject_metadata,0,0,0,0,0,0,0,0,0
1789009690.508340,4143,pg_toast,pg_toast_826,0,0,0,0,0,0,0,0,0
1789009690.508340,4185,pg_toast,pg_toast_1213,0,0,0,0,0,0,0,0,0
1789009690.508340,2188287,public,daily_market,0,0,0,0,0,0,0,0,0
1789009690.508340,2188190,public,charge,0,0,0,0,0,0,0,0,0
1789009690.508340,6243,pg_catalog,pg_parameter_acl,0,0,0,0,0,0,0,0,0
1789009690.508340,2616,pg_catalog,pg_opclass,0,0,8,134,0,0,0,0,0
1789009690.508340,2188298,public,exchange,0,0,0,0,0,0,0,0,0
1789009690.508340,2188147,pg_toast,pg_toast_2188137,0,0,0,0,0,0,0,0,0
1789009690.508340,2838,pg_toast,pg_toast_2618,0,0,1,3,0,0,0,0,0
1789009690.508340,2188327,public,industry,0,0,0,0,0,0,0,0,0
1789009690.508340,6228,pg_toast,pg_toast_6106,0,0,0,0,0,0,0,0,0
1789009690.508340,2188325,pg_toast,pg_toast_2188307,0,0,0,0,0,0,0,0,0
1789009690.508340,2188364,public,security,0,0,0,0,0,0,0,0,0
1789009690.508340,3118,pg_catalog,pg_foreign_table,0,0,0,0,0,0,0,0,0
1789009690.508340,1259,pg_catalog,pg_class,1,523,12,12,0,0,0,0,0
1789009690.508340,3350,pg_catalog,pg_partitioned_table,0,0,0,0,0,0,0,0,0
1789009690.508340,4153,pg_toast,pg_toast_3118,0,0,0,0,0,0,0,0,0
1789009690.508340,4060,pg_toast,pg_toast_3592,0,0,0,0,0,0,0,0,0
1789009690.508340,4165,pg_toast,pg_toast_3350,0,0,0,0,0,0,0,0,0
1789009690.508340,2753,pg_catalog,pg_opfamily,0,0,2,2,0,0,0,0,0
1789009690.508340,3601,pg_catalog,pg_ts_parser,0,0,0,0,0,0,0,0,0
1789009690.508340,2188219,public,trade,0,0,0,0,0,0,0,0,0
1789009690.508340,2188260,pg_toast,pg_toast_2188249,0,0,0,0,0,0,0,0,0
1789009690.508340,6104,pg_catalog,pg_publication,0,0,0,0,0,0,0,0,0
1789009690.508340,13477,pg_toast,pg_toast_13474,0,0,0,0,0,0,0,0,0
1789009690.508340,3429,pg_catalog,pg_statistic_ext_data,0,0,0,0,0,0,0,0,0
1789009690.508340,2619,pg_catalog,pg_statistic,0,0,17,8,0,0,0,0,0
1789009690.508340,4155,pg_toast,pg_toast_3394,0,0,0,0,0,0,0,0,0
1789009690.508340,2188196,pg_toast,pg_toast_2188190,0,0,0,0,0,0,0,0,0
1789009690.508340,3381,pg_catalog,pg_statistic_ext,0,0,3,0,0,0,0,0,0
1789009690.508340,6106,pg_catalog,pg_publication_rel,0,0,0,0,0,0,0,0,0
1789009690.508340,2605,pg_catalog,pg_cast,0,0,34,7,0,0,0,0,0
1789009690.508340,4171,pg_toast,pg_toast_1247,0,0,0,0,0,0,0,0,0
1789009690.508340,2830,pg_toast,pg_toast_2604,0,0,0,0,0,0,0,0,0
1789009690.508340,13479,information_schema,sql_implementation_info,0,0,,,0,0,0,0,0
1789009690.508340,6244,pg_toast,pg_toast_6243,0,0,0,0,0,0,0,0,0
1789009690.508340,3430,pg_toast,pg_toast_3429,0,0,0,0,0,0,0,0,0
1789009750.603492,2188132,public,customer_taxrate,0,0,0,0,0,0,0,0,0
1789009750.603492,3576,pg_catalog,pg_transform,0,0,0,0,0,0,0,0,0
1789009750.603492,2601,pg_catalog,pg_am,0,0,0,0,0,0,0,0,0
1789009750.603492,2188188,pg_toast,pg_toast_2188182,0,0,0,0,0,0,0,0,0
1789009750.603492,3394,pg_catalog,pg_init_privs,0,0,0,0,0,0,0,0,0
1789009750.603492,4167,pg_toast,pg_toast_3256,0,0,0,0,0,0,0,0,0
1789009750.603492,4151,pg_toast,pg_toast_1417,0,0,0,0,0,0,0,0,0
1789009750.603492,2834,pg_toast,pg_toast_2609,0,0,0,0,0,0,0,0,0
1789009750.603492,6000,pg_catalog,pg_replication_origin,0,0,0,0,0,0,0,0,0
1789009750.603492,2188343,public,news_item,0,0,0,0,0,0,0,0,0
1789009750.603492,2840,pg_toast,pg_toast_2619,0,0,0,0,0,0,0,0,0
1789009750.603492,2188122,public,customer_account,0,0,0,0,0,0,0,0,0
1789009750.603492,2328,pg_catalog,pg_foreign_data_wrapper,0,0,0,0,0,0,0,0,0
1789009750.603492,4157,pg_toast,pg_toast_2612,0,0,0,0,0,0,0,0,0
1789009750.603492,1260,pg_catalog,pg_authid,0,0,0,0,0,0,0,0,0
1789009750.603492,6102,pg_catalog,pg_subscription_rel,0,0,0,0,0,0,0,0,0
1789009750.603492,1214,pg_catalog,pg_shdepend,0,0,0,0,0,0,0,0,0
1789009750.603492,4163,pg_toast,pg_toast_2615,0,0,0,0,0,0,0,0,0
1789009750.603492,4169,pg_toast,pg_toast_3600,0,0,0,0,0,0,0,0,0
1789009750.603492,2615,pg_catalog,pg_namespace,1,4,5,2,0,0,0,0,0
1789009750.603492,2188162,public,watch_item,0,0,0,0,0,0,0,0,0
1789009750.603492,2188167,public,watch_list,0,0,0,0,0,0,0,0,0
1789009750.603492,2188243,public,trade_history,0,0,0,0,0,0,0,0,0
1789009750.603492,2188210,public,settlement,0,0,0,0,0,0,0,0,0
1789009750.603492,2188269,public,company,0,0,0,0,0,0,0,0,0
1789009750.603492,2396,pg_catalog,pg_shdescription,0,0,0,0,0,0,0,0,0
1789009750.603492,3600,pg_catalog,pg_ts_dict,0,0,0,0,0,0,0,0,0
1789009750.603492,3596,pg_catalog,pg_seclabel,0,0,0,0,0,0,0,0,0
1789009750.603492,2609,pg_catalog,pg_description,0,0,0,0,0,0,0,0,0
1789009750.603492,13482,pg_toast,pg_toast_13479,0,0,0,0,0,0,0,0,0
1789009750.603492,2188156,public,holding_summary,0,0,0,0,0,0,0,0,0
1789009750.603492,2188390,public,status_type,0,0,0,0,0,0,0,0,0
1789009750.603492,2188395,public,taxrate,0,0,0,0,0,0,0,0,0
1789009750.603492,3603,pg_catalog,pg_ts_config_map,0,0,0,0,0,0,0,0,0
1789009750.603492,1213,pg_catalog,pg_tablespace,0,0,1,1,0,0,0,0,0
1789009750.603492,2188383,pg_toast,pg_toast_2188364,0,0,0,0,0,0,0,0,0
1789009750.603492,2608,pg_catalog,pg_depend,0,0,0,0,0,0,0,0,0
1789009750.603492,2964,pg_catalog,pg_db_role_setting,0,0,0,0,0,0,0,0,0
1789009750.603492,1418,pg_catalog,pg_user_mapping,0,0,0,0,0,0,0,0,0
1789009750.603492,2613,pg_catalog,pg_largeobject,0,0,0,0,0,0,0,0,0
1789009750.603492,6175,pg_toast,pg_toast_3456,0,0,0,0,0,0,0,0,0
1789009750.603492,1261,pg_catalog,pg_auth_members,0,0,0,0,0,0,0,0,0
1789009750.603492,2617,pg_catalog,pg_operator,0,0,5,5,0,0,0,0,0
1789009750.603492,2188352,pg_toast,pg_toast_2188343,0,0,0,0,0,0,0,0,0
1789009750.603492,2188341,pg_toast,pg_toast_2188333,0,0,0,0,0,0,0,0,0
1789009750.603492,2610,pg_catalog,pg_index,1,221,11,14,0,0,0,0,0
1789009750.603492,1249,pg_catalog,pg_attribute,0,0,75,92,0,0,0,0,0
1789009750.603492,2188281,public,company_competitor,0,0,0,0,0,0,0,0,0
1789009750.603492,2600,pg_catalog,pg_aggregate,0,0,1,1,0,0,0,0,0
1789009750.603492,2188180,pg_toast,pg_toast_2188172,0,0,0,0,0,0,0,0,0
1789009750.603492,2188354,public,news_xref,0,0,0,0,0,0,0,0,0
1789009750.603492,2966,pg_toast,pg_toast_2964,0,0,0,0,0,0,0,0,0
1789009750.603492,2188402,public,zip_code,0,0,0,0,0,0,0,0,0
1789009750.603492,2618,pg_catalog,pg_rewrite,0,0,1,1,0,0,0,0,0
1789009750.603492,4177,pg_toast,pg_toast_1262,0,0,0,0,0,0,0,0,0
1789009750.603492,13484,information_schema,sql_parts,0,0,,,0,0,0,0,0
1789009750.603492,4159,pg_toast,pg_toast_2600,0,0,0,0,0,0,0,0,0
1789009750.603492,4147,pg_toast,pg_toast_3079,0,0,0,0,0,0,0,0,0
1789009750.603492,13474,information_schema,sql_features,0,0,,,0,0,0,0,0
1789009750.603492,1247,pg_catalog,pg_type,0,0,19,19,0,0,0,0,0
1789009750.603492,2602,pg_catalog,pg_amop,0,0,12,25,0,0,0,0,0
1789009750.603492,3439,pg_toast,pg_toast_3381,0,0,0,0,0,0,0,0,0
1789009750.603492,2846,pg_toast,pg_toast_2396,0,0,0,0,0,0,0,0,0
1789009750.603492,4145,pg_toast,pg_toast_3466,0,0,0,0,0,0,0,0,0
1789009750.603492,2188385,public,address,0,0,0,0,0,0,0,0,0
1789009750.603492,2188137,public,holding,0,0,0,0,0,0,0,0,0
1789009750.603492,3541,pg_catalog,pg_range,0,0,0,0,0,0,0,0,0
1789009750.603492,3602,pg_catalog,pg_ts_config,0,0,0,0,0,0,0,0,0
1789009750.603492,4183,pg_toast,pg_toast_6100,0,0,0,0,0,0,0,0,0
1789009750.603492,2188333,public,last_trade,0,0,0,0,0,0,0,0,0
1789009750.603492,2224,pg_catalog,pg_sequence,0,0,0,0,0,0,0,0,0
1789009750.603492,2611,pg_catalog,pg_inherits,0,0,0,0,0,0,0,0,0
1789009750.603492,1417,pg_catalog,pg_foreign_server,0,0,0,0,0,0,0,0,0
1789009750.603492,1262,pg_catalog,pg_database,0,0,0,0,0,0,0,0,0
1789009750.603492,2188182,public,cash_transaction,0,0,0,0,0,0,0,0,0
1789009750.603492,13492,pg_toast,pg_toast_13489,0,0,0,0,0,0,0,0,0
1789009750.603492,3501,pg_catalog,pg_enum,0,0,0,0,0,0,0,0,0
1789009750.603492,2607,pg_catalog,pg_conversion,0,0,0,0,0,0,0,0,0
1789009750.603492,2188359,public,sector,0,0,0,0,0,0,0,0,0
1789009750.603492,2188217,pg_toast,pg_toast_2188210,0,0,0,0,0,0,0,0,0
1789009750.603492,826,pg_catalog,pg_default_acl,0,0,0,0,0,0,0,0,0
1789009750.603492,2604,pg_catalog,pg_attrdef,0,0,0,0,0,0,0,0,0
1789009750.603492,2336,pg_toast,pg_toast_2620,0,0,0,0,0,0,0,0,0
1789009750.603492,2188149,public,holding_history,0,0,0,0,0,0,0,0,0
1789009750.603492,2603,pg_catalog,pg_amproc,0,0,5,11,0,0,0,0,0
1789009750.603492,2606,pg_catalog,pg_constraint,0,0,3,8,0,0,0,0,0
1789009750.603492,1255,pg_catalog,pg_proc,0,0,19,24,0,0,0,0,0
1789009750.603492,4173,pg_toast,pg_toast_1418,0,0,0,0,0,0,0,0,0
1789009750.603492,2620,pg_catalog,pg_trigger,0,0,0,0,0,0,0,0,0
1789009750.603492,2188241,pg_toast,pg_toast_2188219,0,0,0,0,0,0,0,0,0
1789009750.603492,2612,pg_catalog,pg_language,0,0,0,0,0,0,0,0,0
1789009750.603492,4149,pg_toast,pg_toast_2328,0,0,0,0,0,0,0,0,0
1789009750.603492,6351,pg_toast,pg_toast_2610,0,0,0,0,0,0,0,0,0
1789009750.603492,13489,information_schema,sql_sizing,0,0,,,0,0,0,0,0
1789009750.603492,3598,pg_toast,pg_toast_3596,0,0,0,0,0,0,0,0,0
1789009750.603492,2188111,public,customer,0,0,0,0,0,0,0,0,0
1789009750.603492,2836,pg_toast,pg_toast_1255,0,0,0,0,0,0,0,0,0
1789009750.603492,3456,pg_catalog,pg_collation,0,0,0,0,0,0,0,0,0
1789009750.603492,3079,pg_catalog,pg_extension,0,0,0,0,0,0,0,0,0
1789009750.603492,2188262,public,trade_type,0,0,0,0,0,0,0,0,0
1789009750.603492,6100,pg_catalog,pg_subscription,0,0,0,0,0,0,0,0,0
1789009750.603492,2188249,public,trade_request,0,0,0,0,0,0,0,0,0
1789009750.603492,2188198,public,commission_rate,0,0,0,0,0,0,0,0,0
1789009750.603492,2188130,pg_toast,pg_toast_2188122,0,0,0,0,0,0,0,0,0
1789009750.603492,2832,pg_toast,pg_toast_2606,0,0,0,0,0,0,0,0,0
1789009750.603492,3256,pg_catalog,pg_policy,0,0,0,0,0,0,0,0,0
1789009750.603492,2188172,public,broker,0,0,0,0,0,0,0,0,0
1789009750.603492,2188296,pg_toast,pg_toast_2188287,0,0,0,0,0,0,0,0,0
1789009750.603492,2188307,public,financial,0,0,0,0,0,0,0,0,0
1789009750.603492,2188103,public,account_permission,0,0,0,0,0,0,0,0,0
1789009750.603492,3466,pg_catalog,pg_event_trigger,0,0,0,0,0,0,0,0,0
1789009750.603492,3592,pg_catalog,pg_shseclabel,0,0,0,0,0,0,0,0,0
1789009750.603492,3764,pg_catalog,pg_ts_template,0,0,0,0,0,0,0,0,0
1789009750.603492,6237,pg_catalog,pg_publication_namespace,0,0,0,0,0,0,0,0,0
1789009750.603492,13487,pg_toast,pg_toast_13484,0,0,0,0,0,0,0,0,0
1789009750.603492,2995,pg_catalog,pg_largeobject_metadata,0,0,0,0,0,0,0,0,0
1789009750.603492,4143,pg_toast,pg_toast_826,0,0,0,0,0,0,0,0,0
1789009750.603492,4185,pg_toast,pg_toast_1213,0,0,0,0,0,0,0,0,0
1789009750.603492,2188287,public,daily_market,0,0,0,0,0,0,0,0,0
1789009750.603492,2188190,public,charge,0,0,0,0,0,0,0,0,0
1789009750.603492,6243,pg_catalog,pg_parameter_acl,0,0,0,0,0,0,0,0,0
1789009750.603492,2616,pg_catalog,pg_opclass,0,0,8,134,0,0,0,0,0
1789009750.603492,2188298,public,exchange,0,0,0,0,0,0,0,0,0
1789009750.603492,2188147,pg_toast,pg_toast_2188137,0,0,0,0,0,0,0,0,0
1789009750.603492,2838,pg_toast,pg_toast_2618,0,0,1,3,0,0,0,0,0
1789009750.603492,2188327,public,industry,0,0,0,0,0,0,0,0,0
1789009750.603492,6228,pg_toast,pg_toast_6106,0,0,0,0,0,0,0,0,0
1789009750.603492,2188325,pg_toast,pg_toast_2188307,0,0,0,0,0,0,0,0,0
1789009750.603492,2188364,public,security,0,0,0,0,0,0,0,0,0
1789009750.603492,3118,pg_catalog,pg_foreign_table,0,0,0,0,0,0,0,0,0
1789009750.603492,1259,pg_catalog,pg_class,1,523,12,12,0,0,0,0,0
1789009750.603492,3350,pg_catalog,pg_partitioned_table,0,0,0,0,0,0,0,0,0
1789009750.603492,4153,pg_toast,pg_toast_3118,0,0,0,0,0,0,0,0,0
1789009750.603492,4060,pg_toast,pg_toast_3592,0,0,0,0,0,0,0,0,0
1789009750.603492,4165,pg_toast,pg_toast_3350,0,0,0,0,0,0,0,0,0
1789009750.603492,2753,pg_catalog,pg_opfamily,0,0,2,2,0,0,0,0,0
1789009750.603492,3601,pg_catalog,pg_ts_parser,0,0,0,0,0,0,0,0,0
1789009750.603492,2188219,public,trade,0,0,0,0,0,0,0,0,0
1789009750.603492,2188260,pg_toast,pg_toast_2188249,0,0,0,0,0,0,0,0,0
1789009750.603492,6104,pg_catalog,pg_publication,0,0,0,0,0,0,0,0,0
1789009750.603492,13477,pg_toast,pg_toast_13474,0,0,0,0,0,0,0,0,0
1789009750.603492,3429,pg_catalog,pg_statistic_ext_data,0,0,0,0,0,0,0,0,0
1789009750.603492,2619,pg_catalog,pg_statistic,0,0,17,8,0,0,0,0,0
1789009750.603492,4155,pg_toast,pg_toast_3394,0,0,0,0,0,0,0,0,0
1789009750.603492,2188196,pg_toast,pg_toast_2188190,0,0,0,0,0,0,0,0,0
1789009750.603492,3381,pg_catalog,pg_statistic_ext,0,0,3,0,0,0,0,0,0
1789009750.603492,6106,pg_catalog,pg_publication_rel,0,0,0,0,0,0,0,0,0
1789009750.603492,2605,pg_catalog,pg_cast,0,0,34,7,0,0,0,0,0
1789009750.603492,4171,pg_toast,pg_toast_1247,0,0,0,0,0,0,0,0,0
1789009750.603492,2830,pg_toast,pg_toast_2604,0,0,0,0,0,0,0,0,0
1789009750.603492,13479,information_schema,sql_implementation_info,0,0,,,0,0,0,0,0
1789009750.603492,6244,pg_toast,pg_toast_6243,0,0,0,0,0,0,0,0,0
1789009750.603492,3430,pg_toast,pg_toast_3429,0,0,0,0,0,0,0,0,0
1789009810.703569,2188132,public,customer_taxrate,0,0,0,0,0,0,0,0,0
1789009810.703569,3576,pg_catalog,pg_transform,0,0,0,0,0,0,0,0,0
1789009810.703569,2601,pg_catalog,pg_am,0,0,0,0,0,0,0,0,0
1789009810.703569,2188188,pg_toast,pg_toast_2188182,0,0,0,0,0,0,0,0,0
1789009810.703569,3394,pg_catalog,pg_init_privs,0,0,0,0,0,0,0,0,0
1789009810.703569,4167,pg_toast,pg_toast_3256,0,0,0,0,0,0,0,0,0
1789009810.703569,4151,pg_toast,pg_toast_1417,0,0,0,0,0,0,0,0,0
1789009810.703569,2834,pg_toast,pg_toast_2609,0,0,0,0,0,0,0,0,0
1789009810.703569,6000,pg_catalog,pg_replication_origin,0,0,0,0,0,0,0,0,0
1789009810.703569,2188343,public,news_item,0,0,0,0,0,0,0,0,0
1789009810.703569,2840,pg_toast,pg_toast_2619,0,0,0,0,0,0,0,0,0
1789009810.703569,2188122,public,customer_account,0,0,0,0,0,0,0,0,0
1789009810.703569,2328,pg_catalog,pg_foreign_data_wrapper,0,0,0,0,0,0,0,0,0
1789009810.703569,4157,pg_toast,pg_toast_2612,0,0,0,0,0,0,0,0,0
1789009810.703569,1260,pg_catalog,pg_authid,0,0,0,0,0,0,0,0,0
1789009810.703569,6102,pg_catalog,pg_subscription_rel,0,0,0,0,0,0,0,0,0
1789009810.703569,1214,pg_catalog,pg_shdepend,0,0,0,0,0,0,0,0,0
1789009810.703569,4163,pg_toast,pg_toast_2615,0,0,0,0,0,0,0,0,0
1789009810.703569,4169,pg_toast,pg_toast_3600,0,0,0,0,0,0,0,0,0
1789009810.703569,2615,pg_catalog,pg_namespace,1,4,5,2,0,0,0,0,0
1789009810.703569,2188162,public,watch_item,0,0,0,0,0,0,0,0,0
1789009810.703569,2188167,public,watch_list,0,0,0,0,0,0,0,0,0
1789009810.703569,2188243,public,trade_history,0,0,0,0,0,0,0,0,0
1789009810.703569,2188210,public,settlement,0,0,0,0,0,0,0,0,0
1789009810.703569,2188269,public,company,0,0,0,0,0,0,0,0,0
1789009810.703569,2396,pg_catalog,pg_shdescription,0,0,0,0,0,0,0,0,0
1789009810.703569,3600,pg_catalog,pg_ts_dict,0,0,0,0,0,0,0,0,0
1789009810.703569,3596,pg_catalog,pg_seclabel,0,0,0,0,0,0,0,0,0
1789009810.703569,2609,pg_catalog,pg_description,0,0,0,0,0,0,0,0,0
1789009810.703569,13482,pg_toast,pg_toast_13479,0,0,0,0,0,0,0,0,0
1789009810.703569,2188156,public,holding_summary,0,0,0,0,0,0,0,0,0
1789009810.703569,2188390,public,status_type,0,0,0,0,0,0,0,0,0
1789009810.703569,2188395,public,taxrate,0,0,0,0,0,0,0,0,0
1789009810.703569,3603,pg_catalog,pg_ts_config_map,0,0,0,0,0,0,0,0,0
1789009810.703569,1213,pg_catalog,pg_tablespace,0,0,1,1,0,0,0,0,0
1789009810.703569,2188383,pg_toast,pg_toast_2188364,0,0,0,0,0,0,0,0,0
1789009810.703569,2608,pg_catalog,pg_depend,0,0,0,0,0,0,0,0,0
1789009810.703569,2964,pg_catalog,pg_db_role_setting,0,0,0,0,0,0,0,0,0
1789009810.703569,1418,pg_catalog,pg_user_mapping,0,0,0,0,0,0,0,0,0
1789009810.703569,2613,pg_catalog,pg_largeobject,0,0,0,0,0,0,0,0,0
1789009810.703569,6175,pg_toast,pg_toast_3456,0,0,0,0,0,0,0,0,0
1789009810.703569,1261,pg_catalog,pg_auth_members,0,0,0,0,0,0,0,0,0
1789009810.703569,2617,pg_catalog,pg_operator,0,0,5,5,0,0,0,0,0
1789009810.703569,2188352,pg_toast,pg_toast_2188343,0,0,0,0,0,0,0,0,0
1789009810.703569,2188341,pg_toast,pg_toast_2188333,0,0,0,0,0,0,0,0,0
1789009810.703569,2610,pg_catalog,pg_index,1,221,11,14,0,0,0,0,0
1789009810.703569,1249,pg_catalog,pg_attribute,0,0,75,92,0,0,0,0,0
1789009810.703569,2188281,public,company_competitor,0,0,0,0,0,0,0,0,0
1789009810.703569,2600,pg_catalog,pg_aggregate,0,0,1,1,0,0,0,0,0
1789009810.703569,2188180,pg_toast,pg_toast_2188172,0,0,0,0,0,0,0,0,0
1789009810.703569,2188354,public,news_xref,0,0,0,0,0,0,0,0,0
1789009810.703569,2966,pg_toast,pg_toast_2964,0,0,0,0,0,0,0,0,0
1789009810.703569,2188402,public,zip_code,0,0,0,0,0,0,0,0,0
1789009810.703569,2618,pg_catalog,pg_rewrite,0,0,1,1,0,0,0,0,0
1789009810.703569,4177,pg_toast,pg_toast_1262,0,0,0,0,0,0,0,0,0
1789009810.703569,13484,information_schema,sql_parts,0,0,,,0,0,0,0,0
1789009810.703569,4159,pg_toast,pg_toast_2600,0,0,0,0,0,0,0,0,0
1789009810.703569,4147,pg_toast,pg_toast_3079,0,0,0,0,0,0,0,0,0
1789009810.703569,13474,information_schema,sql_features,0,0,,,0,0,0,0,0
1789009810.703569,1247,pg_catalog,pg_type,0,0,19,19,0,0,0,0,0
1789009810.703569,2602,pg_catalog,pg_amop,0,0,12,25,0,0,0,0,0
1789009810.703569,3439,pg_toast,pg_toast_3381,0,0,0,0,0,0,0,0,0
1789009810.703569,2846,pg_toast,pg_toast_2396,0,0,0,0,0,0,0,0,0
1789009810.703569,4145,pg_toast,pg_toast_3466,0,0,0,0,0,0,0,0,0
1789009810.703569,2188385,public,address,0,0,0,0,0,0,0,0,0
1789009810.703569,2188137,public,holding,0,0,0,0,0,0,0,0,0
1789009810.703569,3541,pg_catalog,pg_range,0,0,0,0,0,0,0,0,0
1789009810.703569,3602,pg_catalog,pg_ts_config,0,0,0,0,0,0,0,0,0
1789009810.703569,4183,pg_toast,pg_toast_6100,0,0,0,0,0,0,0,0,0
1789009810.703569,2188333,public,last_trade,0,0,0,0,0,0,0,0,0
1789009810.703569,2224,pg_catalog,pg_sequence,0,0,0,0,0,0,0,0,0
1789009810.703569,2611,pg_catalog,pg_inherits,0,0,0,0,0,0,0,0,0
1789009810.703569,1417,pg_catalog,pg_foreign_server,0,0,0,0,0,0,0,0,0
1789009810.703569,1262,pg_catalog,pg_database,0,0,0,0,0,0,0,0,0
1789009810.703569,2188182,public,cash_transaction,0,0,0,0,0,0,0,0,0
1789009810.703569,13492,pg_toast,pg_toast_13489,0,0,0,0,0,0,0,0,0
1789009810.703569,3501,pg_catalog,pg_enum,0,0,0,0,0,0,0,0,0
1789009810.703569,2607,pg_catalog,pg_conversion,0,0,0,0,0,0,0,0,0
1789009810.703569,2188359,public,sector,0,0,0,0,0,0,0,0,0
1789009810.703569,2188217,pg_toast,pg_toast_2188210,0,0,0,0,0,0,0,0,0
1789009810.703569,826,pg_catalog,pg_default_acl,0,0,0,0,0,0,0,0,0
1789009810.703569,2604,pg_catalog,pg_attrdef,0,0,0,0,0,0,0,0,0
1789009810.703569,2336,pg_toast,pg_toast_2620,0,0,0,0,0,0,0,0,0
1789009810.703569,2188149,public,holding_history,0,0,0,0,0,0,0,0,0
1789009810.703569,2603,pg_catalog,pg_amproc,0,0,5,11,0,0,0,0,0
1789009810.703569,2606,pg_catalog,pg_constraint,0,0,3,8,0,0,0,0,0
1789009810.703569,1255,pg_catalog,pg_proc,0,0,19,24,0,0,0,0,0
1789009810.703569,4173,pg_toast,pg_toast_1418,0,0,0,0,0,0,0,0,0
1789009810.703569,2620,pg_catalog,pg_trigger,0,0,0,0,0,0,0,0,0
1789009810.703569,2188241,pg_toast,pg_toast_2188219,0,0,0,0,0,0,0,0,0
1789009810.703569,2612,pg_catalog,pg_language,0,0,0,0,0,0,0,0,0
1789009810.703569,4149,pg_toast,pg_toast_2328,0,0,0,0,0,0,0,0,0
1789009810.703569,6351,pg_toast,pg_toast_2610,0,0,0,0,0,0,0,0,0
1789009810.703569,13489,information_schema,sql_sizing,0,0,,,0,0,0,0,0
1789009810.703569,3598,pg_toast,pg_toast_3596,0,0,0,0,0,0,0,0,0
1789009810.703569,2188111,public,customer,0,0,0,0,0,0,0,0,0
1789009810.703569,2836,pg_toast,pg_toast_1255,0,0,0,0,0,0,0,0,0
1789009810.703569,3456,pg_catalog,pg_collation,0,0,0,0,0,0,0,0,0
1789009810.703569,3079,pg_catalog,pg_extension,0,0,0,0,0,0,0,0,0
1789009810.703569,2188262,public,trade_type,0,0,0,0,0,0,0,0,0
1789009810.703569,6100,pg_catalog,pg_subscription,0,0,0,0,0,0,0,0,0
1789009810.703569,2188249,public,trade_request,0,0,0,0,0,0,0,0,0
1789009810.703569,2188198,public,commission_rate,0,0,0,0,0,0,0,0,0
1789009810.703569,2188130,pg_toast,pg_toast_2188122,0,0,0,0,0,0,0,0,0
1789009810.703569,2832,pg_toast,pg_toast_2606,0,0,0,0,0,0,0,0,0
1789009810.703569,3256,pg_catalog,pg_policy,0,0,0,0,0,0,0,0,0
1789009810.703569,2188172,public,broker,0,0,0,0,0,0,0,0,0
1789009810.703569,2188296,pg_toast,pg_toast_2188287,0,0,0,0,0,0,0,0,0
1789009810.703569,2188307,public,financial,0,0,0,0,0,0,0,0,0
1789009810.703569,2188103,public,account_permission,0,0,0,0,0,0,0,0,0
1789009810.703569,3466,pg_catalog,pg_event_trigger,0,0,0,0,0,0,0,0,0
1789009810.703569,3592,pg_catalog,pg_shseclabel,0,0,0,0,0,0,0,0,0
1789009810.703569,3764,pg_catalog,pg_ts_template,0,0,0,0,0,0,0,0,0
1789009810.703569,6237,pg_catalog,pg_publication_namespace,0,0,0,0,0,0,0,0,0
1789009810.703569,13487,pg_toast,pg_toast_13484,0,0,0,0,0,0,0,0,0
1789009810.703569,2995,pg_catalog,pg_largeobject_metadata,0,0,0,0,0,0,0,0,0
1789009810.703569,4143,pg_toast,pg_toast_826,0,0,0,0,0,0,0,0,0
1789009810.703569,4185,pg_toast,pg_toast_1213,0,0,0,0,0,0,0,0,0
1789009810.703569,2188287,public,daily_market,0,0,0,0,0,0,0,0,0
1789009810.703569,2188190,public,charge,0,0,0,0,0,0,0,0,0
1789009810.703569,6243,pg_catalog,pg_parameter_acl,0,0,0,0,0,0,0,0,0
1789009810.703569,2616,pg_catalog,pg_opclass,0,0,8,134,0,0,0,0,0
1789009810.703569,2188298,public,exchange,0,0,0,0,0,0,0,0,0
1789009810.703569,2188147,pg_toast,pg_toast_2188137,0,0,0,0,0,0,0,0,0
1789009810.703569,2838,pg_toast,pg_toast_2618,0,0,1,3,0,0,0,0,0
1789009810.703569,2188327,public,industry,0,0,0,0,0,0,0,0,0
1789009810.703569,6228,pg_toast,pg_toast_6106,0,0,0,0,0,0,0,0,0
1789009810.703569,2188325,pg_toast,pg_toast_2188307,0,0,0,0,0,0,0,0,0
1789009810.703569,2188364,public,security,0,0,0,0,0,0,0,0,0
1789009810.703569,3118,pg_catalog,pg_foreign_table,0,0,0,0,0,0,0,0,0
1789009810.703569,1259,pg_catalog,pg_class,1,523,12,12,0,0,0,0,0
1789009810.703569,3350,pg_catalog,pg_partitioned_table,0,0,0,0,0,0,0,0,0
1789009810.703569,4153,pg_toast,pg_toast_3118,0,0,0,0,0,0,0,0,0
1789009810.703569,4060,pg_toast,pg_toast_3592,0,0,0,0,0,0,0,0,0
1789009810.703569,4165,pg_toast,pg_toast_3350,0,0,0,0,0,0,0,0,0
1789009810.703569,2753,pg_catalog,pg_opfamily,0,0,2,2,0,0,0,0,0
1789009810.703569,3601,pg_catalog,pg_ts_parser,0,0,0,0,0,0,0,0,0
1789009810.703569,2188219,public,trade,0,0,0,0,0,0,0,0,0
1789009810.703569,2188260,pg_toast,pg_toast_2188249,0,0,0,0,0,0,0,0,0
1789009810.703569,6104,pg_catalog,pg_publication,0,0,0,0,0,0,0,0,0
1789009810.703569,13477,pg_toast,pg_toast_13474,0,0,0,0,0,0,0,0,0
1789009810.703569,3429,pg_catalog,pg_statistic_ext_data,0,0,0,0,0,0,0,0,0
1789009810.703569,2619,pg_catalog,pg_statistic,0,0,17,8,0,0,0,0,0
1789009810.703569,4155,pg_toast,pg_toast_3394,0,0,0,0,0,0,0,0,0
1789009810.703569,2188196,pg_toast,pg_toast_2188190,0,0,0,0,0,0,0,0,0
1789009810.703569,3381,pg_catalog,pg_statistic_ext,0,0,3,0,0,0,0,0,0
1789009810.703569,6106,pg_catalog,pg_publication_rel,0,0,0,0,0,0,0,0,0
1789009810.703569,2605,pg_catalog,pg_cast,0,0,34,7,0,0,0,0,0
1789009810.703569,4171,pg_toast,pg_toast_1247,0,0,0,0,0,0,0,0,0
1789009810.703569,2830,pg_toast,pg_toast_2604,0,0,0,0,0,0,0,0,0
1789009810.703569,13479,information_schema,sql_implementation_info,0,0,,,0,0,0,0,0
1789009810.703569,6244,pg_toast,pg_toast_6243,0,0,0,0,0,0,0,0,0
1789009810.703569,3430,pg_toast,pg_toast_3429,0,0,0,0,0,0,0,0,0
1789009870.769913,2188132,public,customer_taxrate,0,0,0,0,0,0,0,0,0
1789009870.769913,3576,pg_catalog,pg_transform,0,0,0,0,0,0,0,0,0
1789009870.769913,2601,pg_catalog,pg_am,0,0,0,0,0,0,0,0,0
1789009870.769913,2188188,pg_toast,pg_toast_2188182,0,0,0,0,0,0,0,0,0
1789009870.769913,3394,pg_catalog,pg_init_privs,0,0,0,0,0,0,0,0,0
1789009870.769913,4167,pg_toast,pg_toast_3256,0,0,0,0,0,0,0,0,0
1789009870.769913,4151,pg_toast,pg_toast_1417,0,0,0,0,0,0,0,0,0
1789009870.769913,2834,pg_toast,pg_toast_2609,0,0,0,0,0,0,0,0,0
1789009870.769913,6000,pg_catalog,pg_replication_origin,0,0,0,0,0,0,0,0,0
1789009870.769913,2188343,public,news_item,0,0,0,0,0,0,0,0,0
1789009870.769913,2840,pg_toast,pg_toast_2619,0,0,0,0,0,0,0,0,0
1789009870.769913,2188122,public,customer_account,0,0,0,0,0,0,0,0,0
1789009870.769913,2328,pg_catalog,pg_foreign_data_wrapper,0,0,0,0,0,0,0,0,0
1789009870.769913,4157,pg_toast,pg_toast_2612,0,0,0,0,0,0,0,0,0
1789009870.769913,1260,pg_catalog,pg_authid,0,0,0,0,0,0,0,0,0
1789009870.769913,6102,pg_catalog,pg_subscription_rel,0,0,0,0,0,0,0,0,0
1789009870.769913,1214,pg_catalog,pg_shdepend,0,0,0,0,0,0,0,0,0
1789009870.769913,4163,pg_toast,pg_toast_2615,0,0,0,0,0,0,0,0,0
1789009870.769913,4169,pg_toast,pg_toast_3600,0,0,0,0,0,0,0,0,0
1789009870.769913,2615,pg_catalog,pg_namespace,1,4,5,2,0,0,0,0,0
1789009870.769913,2188162,public,watch_item,0,0,0,0,0,0,0,0,0
1789009870.769913,2188167,public,watch_list,0,0,0,0,0,0,0,0,0
1789009870.769913,2188243,public,trade_history,0,0,0,0,0,0,0,0,0
1789009870.769913,2188210,public,settlement,0,0,0,0,0,0,0,0,0
1789009870.769913,2188269,public,company,0,0,0,0,0,0,0,0,0
1789009870.769913,2396,pg_catalog,pg_shdescription,0,0,0,0,0,0,0,0,0
1789009870.769913,3600,pg_catalog,pg_ts_dict,0,0,0,0,0,0,0,0,0
1789009870.769913,3596,pg_catalog,pg_seclabel,0,0,0,0,0,0,0,0,0
1789009870.769913,2609,pg_catalog,pg_description,0,0,0,0,0,0,0,0,0
1789009870.769913,13482,pg_toast,pg_toast_13479,0,0,0,0,0,0,0,0,0
1789009870.769913,2188156,public,holding_summary,0,0,0,0,0,0,0,0,0
1789009870.769913,2188390,public,status_type,0,0,0,0,0,0,0,0,0
1789009870.769913,2188395,public,taxrate,0,0,0,0,0,0,0,0,0
1789009870.769913,3603,pg_catalog,pg_ts_config_map,0,0,0,0,0,0,0,0,0
1789009870.769913,1213,pg_catalog,pg_tablespace,0,0,1,1,0,0,0,0,0
1789009870.769913,2188383,pg_toast,pg_toast_2188364,0,0,0,0,0,0,0,0,0
1789009870.769913,2608,pg_catalog,pg_depend,0,0,0,0,0,0,0,0,0
1789009870.769913,2964,pg_catalog,pg_db_role_setting,0,0,0,0,0,0,0,0,0
1789009870.769913,1418,pg_catalog,pg_user_mapping,0,0,0,0,0,0,0,0,0
1789009870.769913,2613,pg_catalog,pg_largeobject,0,0,0,0,0,0,0,0,0
1789009870.769913,6175,pg_toast,pg_toast_3456,0,0,0,0,0,0,0,0,0
1789009870.769913,1261,pg_catalog,pg_auth_members,0,0,0,0,0,0,0,0,0
1789009870.769913,2617,pg_catalog,pg_operator,0,0,5,5,0,0,0,0,0
1789009870.769913,2188352,pg_toast,pg_toast_2188343,0,0,0,0,0,0,0,0,0
1789009870.769913,2188341,pg_toast,pg_toast_2188333,0,0,0,0,0,0,0,0,0
1789009870.769913,2610,pg_catalog,pg_index,1,221,11,14,0,0,0,0,0
1789009870.769913,1249,pg_catalog,pg_attribute,0,0,75,92,0,0,0,0,0
1789009870.769913,2188281,public,company_competitor,0,0,0,0,0,0,0,0,0
1789009870.769913,2600,pg_catalog,pg_aggregate,0,0,1,1,0,0,0,0,0
1789009870.769913,2188180,pg_toast,pg_toast_2188172,0,0,0,0,0,0,0,0,0
1789009870.769913,2188354,public,news_xref,0,0,0,0,0,0,0,0,0
1789009870.769913,2966,pg_toast,pg_toast_2964,0,0,0,0,0,0,0,0,0
1789009870.769913,2188402,public,zip_code,0,0,0,0,0,0,0,0,0
1789009870.769913,2618,pg_catalog,pg_rewrite,0,0,1,1,0,0,0,0,0
1789009870.769913,4177,pg_toast,pg_toast_1262,0,0,0,0,0,0,0,0,0
1789009870.769913,13484,information_schema,sql_parts,0,0,,,0,0,0,0,0
1789009870.769913,4159,pg_toast,pg_toast_2600,0,0,0,0,0,0,0,0,0
1789009870.769913,4147,pg_toast,pg_toast_3079,0,0,0,0,0,0,0,0,0
1789009870.769913,13474,information_schema,sql_features,0,0,,,0,0,0,0,0
1789009870.769913,1247,pg_catalog,pg_type,0,0,19,19,0,0,0,0,0
1789009870.769913,2602,pg_catalog,pg_amop,0,0,12,25,0,0,0,0,0
1789009870.769913,3439,pg_toast,pg_toast_3381,0,0,0,0,0,0,0,0,0
1789009870.769913,2846,pg_toast,pg_toast_2396,0,0,0,0,0,0,0,0,0
1789009870.769913,4145,pg_toast,pg_toast_3466,0,0,0,0,0,0,0,0,0
1789009870.769913,2188385,public,address,0,0,0,0,0,0,0,0,0
1789009870.769913,2188137,public,holding,0,0,0,0,0,0,0,0,0
1789009870.769913,3541,pg_catalog,pg_range,0,0,0,0,0,0,0,0,0
1789009870.769913,3602,pg_catalog,pg_ts_config,0,0,0,0,0,0,0,0,0
1789009870.769913,4183,pg_toast,pg_toast_6100,0,0,0,0,0,0,0,0,0
1789009870.769913,2188333,public,last_trade,0,0,0,0,0,0,0,0,0
1789009870.769913,2224,pg_catalog,pg_sequence,0,0,0,0,0,0,0,0,0
1789009870.769913,2611,pg_catalog,pg_inherits,0,0,0,0,0,0,0,0,0
1789009870.769913,1417,pg_catalog,pg_foreign_server,0,0,0,0,0,0,0,0,0
1789009870.769913,1262,pg_catalog,pg_database,0,0,0,0,0,0,0,0,0
1789009870.769913,2188182,public,cash_transaction,0,0,0,0,0,0,0,0,0
1789009870.769913,13492,pg_toast,pg_toast_13489,0,0,0,0,0,0,0,0,0
1789009870.769913,3501,pg_catalog,pg_enum,0,0,0,0,0,0,0,0,0
1789009870.769913,2607,pg_catalog,pg_conversion,0,0,0,0,0,0,0,0,0
1789009870.769913,2188359,public,sector,0,0,0,0,0,0,0,0,0
1789009870.769913,2188217,pg_toast,pg_toast_2188210,0,0,0,0,0,0,0,0,0
1789009870.769913,826,pg_catalog,pg_default_acl,0,0,0,0,0,0,0,0,0
1789009870.769913,2604,pg_catalog,pg_attrdef,0,0,0,0,0,0,0,0,0
1789009870.769913,2336,pg_toast,pg_toast_2620,0,0,0,0,0,0,0,0,0
1789009870.769913,2188149,public,holding_history,0,0,0,0,0,0,0,0,0
1789009870.769913,2603,pg_catalog,pg_amproc,0,0,5,11,0,0,0,0,0
1789009870.769913,2606,pg_catalog,pg_constraint,0,0,3,8,0,0,0,0,0
1789009870.769913,1255,pg_catalog,pg_proc,0,0,19,24,0,0,0,0,0
1789009870.769913,4173,pg_toast,pg_toast_1418,0,0,0,0,0,0,0,0,0
1789009870.769913,2620,pg_catalog,pg_trigger,0,0,0,0,0,0,0,0,0
1789009870.769913,2188241,pg_toast,pg_toast_2188219,0,0,0,0,0,0,0,0,0
1789009870.769913,2612,pg_catalog,pg_language,0,0,0,0,0,0,0,0,0
1789009870.769913,4149,pg_toast,pg_toast_2328,0,0,0,0,0,0,0,0,0
1789009870.769913,6351,pg_toast,pg_toast_2610,0,0,0,0,0,0,0,0,0
1789009870.769913,13489,information_schema,sql_sizing,0,0,,,0,0,0,0,0
1789009870.769913,3598,pg_toast,pg_toast_3596,0,0,0,0,0,0,0,0,0
1789009870.769913,2188111,public,customer,0,0,0,0,0,0,0,0,0
1789009870.769913,2836,pg_toast,pg_toast_1255,0,0,0,0,0,0,0,0,0
1789009870.769913,3456,pg_catalog,pg_collation,0,0,0,0,0,0,0,0,0
1789009870.769913,3079,pg_catalog,pg_extension,0,0,0,0,0,0,0,0,0
1789009870.769913,2188262,public,trade_type,0,0,0,0,0,0,0,0,0
1789009870.769913,6100,pg_catalog,pg_subscription,0,0,0,0,0,0,0,0,0
1789009870.769913,2188249,public,trade_request,0,0,0,0,0,0,0,0,0
1789009870.769913,2188198,public,commission_rate,0,0,0,0,0,0,0,0,0
1789009870.769913,2188130,pg_toast,pg_toast_2188122,0,0,0,0,0,0,0,0,0
1789009870.769913,2832,pg_toast,pg_toast_2606,0,0,0,0,0,0,0,0,0
1789009870.769913,3256,pg_catalog,pg_policy,0,0,0,0,0,0,0,0,0
1789009870.769913,2188172,public,broker,0,0,0,0,0,0,0,0,0
1789009870.769913,2188296,pg_toast,pg_toast_2188287,0,0,0,0,0,0,0,0,0
1789009870.769913,2188307,public,financial,0,0,0,0,0,0,0,0,0
1789009870.769913,2188103,public,account_permission,0,0,0,0,0,0,0,0,0
1789009870.769913,3466,pg_catalog,pg_event_trigger,0,0,0,0,0,0,0,0,0
1789009870.769913,3592,pg_catalog,pg_shseclabel,0,0,0,0,0,0,0,0,0
1789009870.769913,3764,pg_catalog,pg_ts_template,0,0,0,0,0,0,0,0,0
1789009870.769913,6237,pg_catalog,pg_publication_namespace,0,0,0,0,0,0,0,0,0
1789009870.769913,13487,pg_toast,pg_toast_13484,0,0,0,0,0,0,0,0,0
1789009870.769913,2995,pg_catalog,pg_largeobject_metadata,0,0,0,0,0,0,0,0,0
1789009870.769913,4143,pg_toast,pg_toast_826,0,0,0,0,0,0,0,0,0
1789009870.769913,4185,pg_toast,pg_toast_1213,0,0,0,0,0,0,0,0,0
1789009870.769913,2188287,public,daily_market,0,0,0,0,0,0,0,0,0
1789009870.769913,2188190,public,charge,0,0,0,0,0,0,0,0,0
1789009870.769913,6243,pg_catalog,pg_parameter_acl,0,0,0,0,0,0,0,0,0
1789009870.769913,2616,pg_catalog,pg_opclass,0,0,8,134,0,0,0,0,0
1789009870.769913,2188298,public,exchange,0,0,0,0,0,0,0,0,0
1789009870.769913,2188147,pg_toast,pg_toast_2188137,0,0,0,0,0,0,0,0,0
1789009870.769913,2838,pg_toast,pg_toast_2618,0,0,1,3,0,0,0,0,0
1789009870.769913,2188327,public,industry,0,0,0,0,0,0,0,0,0
1789009870.769913,6228,pg_toast,pg_toast_6106,0,0,0,0,0,0,0,0,0
1789009870.769913,2188325,pg_toast,pg_toast_2188307,0,0,0,0,0,0,0,0,0
1789009870.769913,2188364,public,security,0,0,0,0,0,0,0,0,0
1789009870.769913,3118,pg_catalog,pg_foreign_table,0,0,0,0,0,0,0,0,0
1789009870.769913,1259,pg_catalog,pg_class,1,523,12,12,0,0,0,0,0
1789009870.769913,3350,pg_catalog,pg_partitioned_table,0,0,0,0,0,0,0,0,0
1789009870.769913,4153,pg_toast,pg_toast_3118,0,0,0,0,0,0,0,0,0
1789009870.769913,4060,pg_toast,pg_toast_3592,0,0,0,0,0,0,0,0,0
1789009870.769913,4165,pg_toast,pg_toast_3350,0,0,0,0,0,0,0,0,0
1789009870.769913,2753,pg_catalog,pg_opfamily,0,0,2,2,0,0,0,0,0
1789009870.769913,3601,pg_catalog,pg_ts_parser,0,0,0,0,0,0,0,0,0
1789009870.769913,2188219,public,trade,0,0,0,0,0,0,0,0,0
1789009870.769913,2188260,pg_toast,pg_toast_2188249,0,0,0,0,0,0,0,0,0
1789009870.769913,6104,pg_catalog,pg_publication,0,0,0,0,0,0,0,0,0
1789009870.769913,13477,pg_toast,pg_toast_13474,0,0,0,0,0,0,0,0,0
1789009870.769913,3429,pg_catalog,pg_statistic_ext_data,0,0,0,0,0,0,0,0,0
1789009870.769913,2619,pg_catalog,pg_statistic,0,0,17,8,0,0,0,0,0
1789009870.769913,4155,pg_toast,pg_toast_3394,0,0,0,0,0,0,0,0,0
1789009870.769913,2188196,pg_toast,pg_toast_2188190,0,0,0,0,0,0,0,0,0
1789009870.769913,3381,pg_catalog,pg_statistic_ext,0,0,3,0,0,0,0,0,0
1789009870.769913,6106,pg_catalog,pg_publication_rel,0,0,0,0,0,0,0,0,0
1789009870.769913,2605,pg_catalog,pg_cast,0,0,34,7,0,0,0,0,0
1789009870.769913,4171,pg_toast,pg_toast_1247,0,0,0,0,0,0,0,0,0
1789009870.769913,2830,pg_toast,pg_toast_2604,0,0,0,0,0,0,0,0,0
1789009870.769913,13479,information_schema,sql_implementation_info,0,0,,,0,0,0,0,0
1789009870.769913,6244,pg_toast,pg_toast_6243,0,0,0,0,0,0,0,0,0
1789009870.769913,3430,pg_toast,pg_toast_3429,0,0,0,0,0,0,0,0,0
1789009930.859475,2188132,public,customer_taxrate,0,0,0,0,0,0,0,0,0
1789009930.859475,3576,pg_catalog,pg_transform,0,0,0,0,0,0,0,0,0
1789009930.859475,2601,pg_catalog,pg_am,0,0,0,0,0,0,0,0,0
1789009930.859475,2188188,pg_toast,pg_toast_2188182,0,0,0,0,0,0,0,0,0
1789009930.859475,3394,pg_catalog,pg_init_privs,0,0,0,0,0,0,0,0,0
1789009930.859475,4167,pg_toast,pg_toast_3256,0,0,0,0,0,0,0,0,0
1789009930.859475,4151,pg_toast,pg_toast_1417,0,0,0,0,0,0,0,0,0
1789009930.859475,2834,pg_toast,pg_toast_2609,0,0,0,0,0,0,0,0,0
1789009930.859475,6000,pg_catalog,pg_replication_origin,0,0,0,0,0,0,0,0,0
1789009930.859475,2188343,public,news_item,0,0,0,0,0,0,0,0,0
1789009930.859475,2840,pg_toast,pg_toast_2619,0,0,0,0,0,0,0,0,0
1789009930.859475,2188122,public,customer_account,0,0,0,0,0,0,0,0,0
1789009930.859475,2328,pg_catalog,pg_foreign_data_wrapper,0,0,0,0,0,0,0,0,0
1789009930.859475,4157,pg_toast,pg_toast_2612,0,0,0,0,0,0,0,0,0
1789009930.859475,1260,pg_catalog,pg_authid,0,0,0,0,0,0,0,0,0
1789009930.859475,6102,pg_catalog,pg_subscription_rel,0,0,0,0,0,0,0,0,0
1789009930.859475,1214,pg_catalog,pg_shdepend,0,0,0,0,0,0,0,0,0
1789009930.859475,4163,pg_toast,pg_toast_2615,0,0,0,0,0,0,0,0,0
1789009930.859475,4169,pg_toast,pg_toast_3600,0,0,0,0,0,0,0,0,0
1789009930.859475,2615,pg_catalog,pg_namespace,1,4,5,2,0,0,0,0,0
1789009930.859475,2188162,public,watch_item,0,0,0,0,0,0,0,0,0
1789009930.859475,2188167,public,watch_list,0,0,0,0,0,0,0,0,0
1789009930.859475,2188243,public,trade_history,0,0,0,0,0,0,0,0,0
1789009930.859475,2188210,public,settlement,0,0,0,0,0,0,0,0,0
1789009930.859475,2188269,public,company,0,0,0,0,0,0,0,0,0
1789009930.859475,2396,pg_catalog,pg_shdescription,0,0,0,0,0,0,0,0,0
1789009930.859475,3600,pg_catalog,pg_ts_dict,0,0,0,0,0,0,0,0,0
1789009930.859475,3596,pg_catalog,pg_seclabel,0,0,0,0,0,0,0,0,0
1789009930.859475,2609,pg_catalog,pg_description,0,0,0,0,0,0,0,0,0
1789009930.859475,13482,pg_toast,pg_toast_13479,0,0,0,0,0,0,0,0,0
1789009930.859475,2188156,public,holding_summary,0,0,0,0,0,0,0,0,0
1789009930.859475,2188390,public,status_type,0,0,0,0,0,0,0,0,0
1789009930.859475,2188395,public,taxrate,0,0,0,0,0,0,0,0,0
1789009930.859475,3603,pg_catalog,pg_ts_config_map,0,0,0,0,0,0,0,0,0
1789009930.859475,1213,pg_catalog,pg_tablespace,0,0,1,1,0,0,0,0,0
1789009930.859475,2188383,pg_toast,pg_toast_2188364,0,0,0,0,0,0,0,0,0
1789009930.859475,2608,pg_catalog,pg_depend,0,0,0,0,0,0,0,0,0
1789009930.859475,2964,pg_catalog,pg_db_role_setting,0,0,0,0,0,0,0,0,0
1789009930.859475,1418,pg_catalog,pg_user_mapping,0,0,0,0,0,0,0,0,0
1789009930.859475,2613,pg_catalog,pg_largeobject,0,0,0,0,0,0,0,0,0
1789009930.859475,6175,pg_toast,pg_toast_3456,0,0,0,0,0,0,0,0,0
1789009930.859475,1261,pg_catalog,pg_auth_members,0,0,0,0,0,0,0,0,0
1789009930.859475,2617,pg_catalog,pg_operator,0,0,5,5,0,0,0,0,0
1789009930.859475,2188352,pg_toast,pg_toast_2188343,0,0,0,0,0,0,0,0,0
1789009930.859475,2188341,pg_toast,pg_toast_2188333,0,0,0,0,0,0,0,0,0
1789009930.859475,2610,pg_catalog,pg_index,1,221,11,14,0,0,0,0,0
1789009930.859475,1249,pg_catalog,pg_attribute,0,0,75,92,0,0,0,0,0
1789009930.859475,2188281,public,company_competitor,0,0,0,0,0,0,0,0,0
1789009930.859475,2600,pg_catalog,pg_aggregate,0,0,1,1,0,0,0,0,0
1789009930.859475,2188180,pg_toast,pg_toast_2188172,0,0,0,0,0,0,0,0,0
1789009930.859475,2188354,public,news_xref,0,0,0,0,0,0,0,0,0
1789009930.859475,2966,pg_toast,pg_toast_2964,0,0,0,0,0,0,0,0,0
1789009930.859475,2188402,public,zip_code,0,0,0,0,0,0,0,0,0
1789009930.859475,2618,pg_catalog,pg_rewrite,0,0,1,1,0,0,0,0,0
1789009930.859475,4177,pg_toast,pg_toast_1262,0,0,0,0,0,0,0,0,0
1789009930.859475,13484,information_schema,sql_parts,0,0,,,0,0,0,0,0
1789009930.859475,4159,pg_toast,pg_toast_2600,0,0,0,0,0,0,0,0,0
1789009930.859475,4147,pg_toast,pg_toast_3079,0,0,0,0,0,0,0,0,0
1789009930.859475,13474,information_schema,sql_features,0,0,,,0,0,0,0,0
1789009930.859475,1247,pg_catalog,pg_type,0,0,19,19,0,0,0,0,0
1789009930.859475,2602,pg_catalog,pg_amop,0,0,12,25,0,0,0,0,0
1789009930.859475,3439,pg_toast,pg_toast_3381,0,0,0,0,0,0,0,0,0
1789009930.859475,2846,pg_toast,pg_toast_2396,0,0,0,0,0,0,0,0,0
1789009930.859475,4145,pg_toast,pg_toast_3466,0,0,0,0,0,0,0,0,0
1789009930.859475,2188385,public,address,0,0,0,0,0,0,0,0,0
1789009930.859475,2188137,public,holding,0,0,0,0,0,0,0,0,0
1789009930.859475,3541,pg_catalog,pg_range,0,0,0,0,0,0,0,0,0
1789009930.859475,3602,pg_catalog,pg_ts_config,0,0,0,0,0,0,0,0,0
1789009930.859475,4183,pg_toast,pg_toast_6100,0,0,0,0,0,0,0,0,0
1789009930.859475,2188333,public,last_trade,0,0,0,0,0,0,0,0,0
1789009930.859475,2224,pg_catalog,pg_sequence,0,0,0,0,0,0,0,0,0
1789009930.859475,2611,pg_catalog,pg_inherits,0,0,0,0,0,0,0,0,0
1789009930.859475,1417,pg_catalog,pg_foreign_server,0,0,0,0,0,0,0,0,0
1789009930.859475,1262,pg_catalog,pg_database,0,0,0,0,0,0,0,0,0
1789009930.859475,2188182,public,cash_transaction,0,0,0,0,0,0,0,0,0
1789009930.859475,13492,pg_toast,pg_toast_13489,0,0,0,0,0,0,0,0,0
1789009930.859475,3501,pg_catalog,pg_enum,0,0,0,0,0,0,0,0,0
1789009930.859475,2607,pg_catalog,pg_conversion,0,0,0,0,0,0,0,0,0
1789009930.859475,2188359,public,sector,0,0,0,0,0,0,0,0,0
1789009930.859475,2188217,pg_toast,pg_toast_2188210,0,0,0,0,0,0,0,0,0
1789009930.859475,826,pg_catalog,pg_default_acl,0,0,0,0,0,0,0,0,0
1789009930.859475,2604,pg_catalog,pg_attrdef,0,0,0,0,0,0,0,0,0
1789009930.859475,2336,pg_toast,pg_toast_2620,0,0,0,0,0,0,0,0,0
1789009930.859475,2188149,public,holding_history,0,0,0,0,0,0,0,0,0
1789009930.859475,2603,pg_catalog,pg_amproc,0,0,5,11,0,0,0,0,0
1789009930.859475,2606,pg_catalog,pg_constraint,0,0,3,8,0,0,0,0,0
1789009930.859475,1255,pg_catalog,pg_proc,0,0,19,24,0,0,0,0,0
1789009930.859475,4173,pg_toast,pg_toast_1418,0,0,0,0,0,0,0,0,0
1789009930.859475,2620,pg_catalog,pg_trigger,0,0,0,0,0,0,0,0,0
1789009930.859475,2188241,pg_toast,pg_toast_2188219,0,0,0,0,0,0,0,0,0
1789009930.859475,2612,pg_catalog,pg_language,0,0,0,0,0,0,0,0,0
1789009930.859475,4149,pg_toast,pg_toast_2328,0,0,0,0,0,0,0,0,0
1789009930.859475,6351,pg_toast,pg_toast_2610,0,0,0,0,0,0,0,0,0
1789009930.859475,13489,information_schema,sql_sizing,0,0,,,0,0,0,0,0
1789009930.859475,3598,pg_toast,pg_toast_3596,0,0,0,0,0,0,0,0,0
1789009930.859475,2188111,public,customer,0,0,0,0,0,0,0,0,0
1789009930.859475,2836,pg_toast,pg_toast_1255,0,0,0,0,0,0,0,0,0
1789009930.859475,3456,pg_catalog,pg_collation,0,0,0,0,0,0,0,0,0
1789009930.859475,3079,pg_catalog,pg_extension,0,0,0,0,0,0,0,0,0
1789009930.859475,2188262,public,trade_type,0,0,0,0,0,0,0,0,0
1789009930.859475,6100,pg_catalog,pg_subscription,0,0,0,0,0,0,0,0,0
1789009930.859475,2188249,public,trade_request,0,0,0,0,0,0,0,0,0
1789009930.859475,2188198,public,commission_rate,0,0,0,0,0,0,0,0,0
1789009930.859475,2188130,pg_toast,pg_toast_2188122,0,0,0,0,0,0,0,0,0
1789009930.859475,2832,pg_toast,pg_toast_2606,0,0,0,0,0,0,0,0,0
1789009930.859475,3256,pg_catalog,pg_policy,0,0,0,0,0,0,0,0,0
1789009930.859475,2188172,public,broker,0,0,0,0,0,0,0,0,0
1789009930.859475,2188296,pg_toast,pg_toast_2188287,0,0,0,0,0,0,0,0,0
1789009930.859475,2188307,public,financial,0,0,0,0,0,0,0,0,0
1789009930.859475,2188103,public,account_permission,0,0,0,0,0,0,0,0,0
1789009930.859475,3466,pg_catalog,pg_event_trigger,0,0,0,0,0,0,0,0,0
1789009930.859475,3592,pg_catalog,pg_shseclabel,0,0,0,0,0,0,0,0,0
1789009930.859475,3764,pg_catalog,pg_ts_template,0,0,0,0,0,0,0,0,0
1789009930.859475,6237,pg_catalog,pg_publication_namespace,0,0,0,0,0,0,0,0,0
1789009930.859475,13487,pg_toast,pg_toast_13484,0,0,0,0,0,0,0,0,0
1789009930.859475,2995,pg_catalog,pg_largeobject_metadata,0,0,0,0,0,0,0,0,0
1789009930.859475,4143,pg_toast,pg_toast_826,0,0,0,0,0,0,0,0,0
1789009930.859475,4185,pg_toast,pg_toast_1213,0,0,0,0,0,0,0,0,0
1789009930.859475,2188287,public,daily_market,0,0,0,0,0,0,0,0,0
1789009930.859475,2188190,public,charge,0,0,0,0,0,0,0,0,0
1789009930.859475,6243,pg_catalog,pg_parameter_acl,0,0,0,0,0,0,0,0,0
1789009930.859475,2616,pg_catalog,pg_opclass,0,0,8,134,0,0,0,0,0
1789009930.859475,2188298,public,exchange,0,0,0,0,0,0,0,0,0
1789009930.859475,2188147,pg_toast,pg_toast_2188137,0,0,0,0,0,0,0,0,0
1789009930.859475,2838,pg_toast,pg_toast_2618,0,0,1,3,0,0,0,0,0
1789009930.859475,2188327,public,industry,0,0,0,0,0,0,0,0,0
1789009930.859475,6228,pg_toast,pg_toast_6106,0,0,0,0,0,0,0,0,0
1789009930.859475,2188325,pg_toast,pg_toast_2188307,0,0,0,0,0,0,0,0,0
1789009930.859475,2188364,public,security,0,0,0,0,0,0,0,0,0
1789009930.859475,3118,pg_catalog,pg_foreign_table,0,0,0,0,0,0,0,0,0
1789009930.859475,1259,pg_catalog,pg_class,1,523,12,12,0,0,0,0,0
1789009930.859475,3350,pg_catalog,pg_partitioned_table,0,0,0,0,0,0,0,0,0
1789009930.859475,4153,pg_toast,pg_toast_3118,0,0,0,0,0,0,0,0,0
1789009930.859475,4060,pg_toast,pg_toast_3592,0,0,0,0,0,0,0,0,0
1789009930.859475,4165,pg_toast,pg_toast_3350,0,0,0,0,0,0,0,0,0
1789009930.859475,2753,pg_catalog,pg_opfamily,0,0,2,2,0,0,0,0,0
1789009930.859475,3601,pg_catalog,pg_ts_parser,0,0,0,0,0,0,0,0,0
1789009930.859475,2188219,public,trade,0,0,0,0,0,0,0,0,0
1789009930.859475,2188260,pg_toast,pg_toast_2188249,0,0,0,0,0,0,0,0,0
1789009930.859475,6104,pg_catalog,pg_publication,0,0,0,0,0,0,0,0,0
1789009930.859475,13477,pg_toast,pg_toast_13474,0,0,0,0,0,0,0,0,0
1789009930.859475,3429,pg_catalog,pg_statistic_ext_data,0,0,0,0,0,0,0,0,0
1789009930.859475,2619,pg_catalog,pg_statistic,0,0,17,8,0,0,0,0,0
1789009930.859475,4155,pg_toast,pg_toast_3394,0,0,0,0,0,0,0,0,0
1789009930.859475,2188196,pg_toast,pg_toast_2188190,0,0,0,0,0,0,0,0,0
1789009930.859475,3381,pg_catalog,pg_statistic_ext,0,0,3,0,0,0,0,0,0
1789009930.859475,6106,pg_catalog,pg_publication_rel,0,0,0,0,0,0,0,0,0
1789009930.859475,2605,pg_catalog,pg_cast,0,0,34,7,0,0,0,0,0
1789009930.859475,4171,pg_toast,pg_toast_1247,0,0,0,0,0,0,0,0,0
1789009930.859475,2830,pg_toast,pg_toast_2604,0,0,0,0,0,0,0,0,0
1789009930.859475,13479,information_schema,sql_implementation_info,0,0,,,0,0,0,0,0
1789009930.859475,6244,pg_toast,pg_toast_6243,0,0,0,0,0,0,0,0,0
1789009930.859475,3430,pg_toast,pg_toast_3429,0,0,0,0,0,0,0,0,0
1789009990.941936,2188132,public,customer_taxrate,0,0,0,0,0,0,0,0,0
1789009990.941936,3576,pg_catalog,pg_transform,0,0,0,0,0,0,0,0,0
1789009990.941936,2601,pg_catalog,pg_am,0,0,0,0,0,0,0,0,0
1789009990.941936,2188188,pg_toast,pg_toast_2188182,0,0,0,0,0,0,0,0,0
1789009990.941936,3394,pg_catalog,pg_init_privs,0,0,0,0,0,0,0,0,0
1789009990.941936,4167,pg_toast,pg_toast_3256,0,0,0,0,0,0,0,0,0
1789009990.941936,4151,pg_toast,pg_toast_1417,0,0,0,0,0,0,0,0,0
1789009990.941936,2834,pg_toast,pg_toast_2609,0,0,0,0,0,0,0,0,0
1789009990.941936,6000,pg_catalog,pg_replication_origin,0,0,0,0,0,0,0,0,0
1789009990.941936,2188343,public,news_item,0,0,0,0,0,0,0,0,0
1789009990.941936,2840,pg_toast,pg_toast_2619,0,0,0,0,0,0,0,0,0
1789009990.941936,2188122,public,customer_account,0,0,0,0,0,0,0,0,0
1789009990.941936,2328,pg_catalog,pg_foreign_data_wrapper,0,0,0,0,0,0,0,0,0
1789009990.941936,4157,pg_toast,pg_toast_2612,0,0,0,0,0,0,0,0,0
1789009990.941936,1260,pg_catalog,pg_authid,0,0,0,0,0,0,0,0,0
1789009990.941936,6102,pg_catalog,pg_subscription_rel,0,0,0,0,0,0,0,0,0
1789009990.941936,1214,pg_catalog,pg_shdepend,0,0,0,0,0,0,0,0,0
1789009990.941936,4163,pg_toast,pg_toast_2615,0,0,0,0,0,0,0,0,0
1789009990.941936,4169,pg_toast,pg_toast_3600,0,0,0,0,0,0,0,0,0
1789009990.941936,2615,pg_catalog,pg_namespace,1,4,5,2,0,0,0,0,0
1789009990.941936,2188162,public,watch_item,0,0,0,0,0,0,0,0,0
1789009990.941936,2188167,public,watch_list,0,0,0,0,0,0,0,0,0
1789009990.941936,2188243,public,trade_history,0,0,0,0,0,0,0,0,0
1789009990.941936,2188210,public,settlement,0,0,0,0,0,0,0,0,0
1789009990.941936,2188269,public,company,0,0,0,0,0,0,0,0,0
1789009990.941936,2396,pg_catalog,pg_shdescription,0,0,0,0,0,0,0,0,0
1789009990.941936,3600,pg_catalog,pg_ts_dict,0,0,0,0,0,0,0,0,0
1789009990.941936,3596,pg_catalog,pg_seclabel,0,0,0,0,0,0,0,0,0
1789009990.941936,2609,pg_catalog,pg_description,0,0,0,0,0,0,0,0,0
1789009990.941936,13482,pg_toast,pg_toast_13479,0,0,0,0,0,0,0,0,0
1789009990.941936,2188156,public,holding_summary,0,0,0,0,0,0,0,0,0
1789009990.941936,2188390,public,status_type,0,0,0,0,0,0,0,0,0
1789009990.941936,2188395,public,taxrate,0,0,0,0,0,0,0,0,0
1789009990.941936,3603,pg_catalog,pg_ts_config_map,0,0,0,0,0,0,0,0,0
1789009990.941936,1213,pg_catalog,pg_tablespace,0,0,1,1,0,0,0,0,0
1789009990.941936,2188383,pg_toast,pg_toast_2188364,0,0,0,0,0,0,0,0,0
1789009990.941936,2608,pg_catalog,pg_depend,0,0,0,0,0,0,0,0,0
1789009990.941936,2964,pg_catalog,pg_db_role_setting,0,0,0,0,0,0,0,0,0
1789009990.941936,1418,pg_catalog,pg_user_mapping,0,0,0,0,0,0,0,0,0
1789009990.941936,2613,pg_catalog,pg_largeobject,0,0,0,0,0,0,0,0,0
1789009990.941936,6175,pg_toast,pg_toast_3456,0,0,0,0,0,0,0,0,0
1789009990.941936,1261,pg_catalog,pg_auth_members,0,0,0,0,0,0,0,0,0
1789009990.941936,2617,pg_catalog,pg_operator,0,0,5,5,0,0,0,0,0
1789009990.941936,2188352,pg_toast,pg_toast_2188343,0,0,0,0,0,0,0,0,0
1789009990.941936,2188341,pg_toast,pg_toast_2188333,0,0,0,0,0,0,0,0,0
1789009990.941936,2610,pg_catalog,pg_index,1,221,11,14,0,0,0,0,0
1789009990.941936,1249,pg_catalog,pg_attribute,0,0,75,92,0,0,0,0,0
1789009990.941936,2188281,public,company_competitor,0,0,0,0,0,0,0,0,0
1789009990.941936,2600,pg_catalog,pg_aggregate,0,0,1,1,0,0,0,0,0
1789009990.941936,2188180,pg_toast,pg_toast_2188172,0,0,0,0,0,0,0,0,0
1789009990.941936,2188354,public,news_xref,0,0,0,0,0,0,0,0,0
1789009990.941936,2966,pg_toast,pg_toast_2964,0,0,0,0,0,0,0,0,0
1789009990.941936,2188402,public,zip_code,0,0,0,0,0,0,0,0,0
1789009990.941936,2618,pg_catalog,pg_rewrite,0,0,1,1,0,0,0,0,0
1789009990.941936,4177,pg_toast,pg_toast_1262,0,0,0,0,0,0,0,0,0
1789009990.941936,13484,information_schema,sql_parts,0,0,,,0,0,0,0,0
1789009990.941936,4159,pg_toast,pg_toast_2600,0,0,0,0,0,0,0,0,0
1789009990.941936,4147,pg_toast,pg_toast_3079,0,0,0,0,0,0,0,0,0
1789009990.941936,13474,information_schema,sql_features,0,0,,,0,0,0,0,0
1789009990.941936,1247,pg_catalog,pg_type,0,0,19,19,0,0,0,0,0
1789009990.941936,2602,pg_catalog,pg_amop,0,0,12,25,0,0,0,0,0
1789009990.941936,3439,pg_toast,pg_toast_3381,0,0,0,0,0,0,0,0,0
1789009990.941936,2846,pg_toast,pg_toast_2396,0,0,0,0,0,0,0,0,0
1789009990.941936,4145,pg_toast,pg_toast_3466,0,0,0,0,0,0,0,0,0
1789009990.941936,2188385,public,address,0,0,0,0,0,0,0,0,0
1789009990.941936,2188137,public,holding,0,0,0,0,0,0,0,0,0
1789009990.941936,3541,pg_catalog,pg_range,0,0,0,0,0,0,0,0,0
1789009990.941936,3602,pg_catalog,pg_ts_config,0,0,0,0,0,0,0,0,0
1789009990.941936,4183,pg_toast,pg_toast_6100,0,0,0,0,0,0,0,0,0
1789009990.941936,2188333,public,last_trade,0,0,0,0,0,0,0,0,0
1789009990.941936,2224,pg_catalog,pg_sequence,0,0,0,0,0,0,0,0,0
1789009990.941936,2611,pg_catalog,pg_inherits,0,0,0,0,0,0,0,0,0
1789009990.941936,1417,pg_catalog,pg_foreign_server,0,0,0,0,0,0,0,0,0
1789009990.941936,1262,pg_catalog,pg_database,0,0,0,0,0,0,0,0,0
1789009990.941936,2188182,public,cash_transaction,0,0,0,0,0,0,0,0,0
1789009990.941936,13492,pg_toast,pg_toast_13489,0,0,0,0,0,0,0,0,0
1789009990.941936,3501,pg_catalog,pg_enum,0,0,0,0,0,0,0,0,0
1789009990.941936,2607,pg_catalog,pg_conversion,0,0,0,0,0,0,0,0,0
1789009990.941936,2188359,public,sector,0,0,0,0,0,0,0,0,0
1789009990.941936,2188217,pg_toast,pg_toast_2188210,0,0,0,0,0,0,0,0,0
1789009990.941936,826,pg_catalog,pg_default_acl,0,0,0,0,0,0,0,0,0
1789009990.941936,2604,pg_catalog,pg_attrdef,0,0,0,0,0,0,0,0,0
1789009990.941936,2336,pg_toast,pg_toast_2620,0,0,0,0,0,0,0,0,0
1789009990.941936,2188149,public,holding_history,0,0,0,0,0,0,0,0,0
1789009990.941936,2603,pg_catalog,pg_amproc,0,0,5,11,0,0,0,0,0
1789009990.941936,2606,pg_catalog,pg_constraint,0,0,3,8,0,0,0,0,0
1789009990.941936,1255,pg_catalog,pg_proc,0,0,19,24,0,0,0,0,0
1789009990.941936,4173,pg_toast,pg_toast_1418,0,0,0,0,0,0,0,0,0
1789009990.941936,2620,pg_catalog,pg_trigger,0,0,0,0,0,0,0,0,0
1789009990.941936,2188241,pg_toast,pg_toast_2188219,0,0,0,0,0,0,0,0,0
1789009990.941936,2612,pg_catalog,pg_language,0,0,0,0,0,0,0,0,0
1789009990.941936,4149,pg_toast,pg_toast_2328,0,0,0,0,0,0,0,0,0
1789009990.941936,6351,pg_toast,pg_toast_2610,0,0,0,0,0,0,0,0,0
1789009990.941936,13489,information_schema,sql_sizing,0,0,,,0,0,0,0,0
1789009990.941936,3598,pg_toast,pg_toast_3596,0,0,0,0,0,0,0,0,0
1789009990.941936,2188111,public,customer,0,0,0,0,0,0,0,0,0
1789009990.941936,2836,pg_toast,pg_toast_1255,0,0,0,0,0,0,0,0,0
1789009990.941936,3456,pg_catalog,pg_collation,0,0,0,0,0,0,0,0,0
1789009990.941936,3079,pg_catalog,pg_extension,0,0,0,0,0,0,0,0,0
1789009990.941936,2188262,public,trade_type,0,0,0,0,0,0,0,0,0
1789009990.941936,6100,pg_catalog,pg_subscription,0,0,0,0,0,0,0,0,0
1789009990.941936,2188249,public,trade_request,0,0,0,0,0,0,0,0,0
1789009990.941936,2188198,public,commission_rate,0,0,0,0,0,0,0,0,0
1789009990.941936,2188130,pg_toast,pg_toast_2188122,0,0,0,0,0,0,0,0,0
1789009990.941936,2832,pg_toast,pg_toast_2606,0,0,0,0,0,0,0,0,0
1789009990.941936,3256,pg_catalog,pg_policy,0,0,0,0,0,0,0,0,0
1789009990.941936,2188172,public,broker,0,0,0,0,0,0,0,0,0
1789009990.941936,2188296,pg_toast,pg_toast_2188287,0,0,0,0,0,0,0,0,0
1789009990.941936,2188307,public,financial,0,0,0,0,0,0,0,0,0
1789009990.941936,2188103,public,account_permission,0,0,0,0,0,0,0,0,0
1789009990.941936,3466,pg_catalog,pg_event_trigger,0,0,0,0,0,0,0,0,0
1789009990.941936,3592,pg_catalog,pg_shseclabel,0,0,0,0,0,0,0,0,0
1789009990.941936,3764,pg_catalog,pg_ts_template,0,0,0,0,0,0,0,0,0
1789009990.941936,6237,pg_catalog,pg_publication_namespace,0,0,0,0,0,0,0,0,0
1789009990.941936,13487,pg_toast,pg_toast_13484,0,0,0,0,0,0,0,0,0
1789009990.941936,2995,pg_catalog,pg_largeobject_metadata,0,0,0,0,0,0,0,0,0
1789009990.941936,4143,pg_toast,pg_toast_826,0,0,0,0,0,0,0,0,0
1789009990.941936,4185,pg_toast,pg_toast_1213,0,0,0,0,0,0,0,0,0
1789009990.941936,2188287,public,daily_market,0,0,0,0,0,0,0,0,0
1789009990.941936,2188190,public,charge,0,0,0,0,0,0,0,0,0
1789009990.941936,6243,pg_catalog,pg_parameter_acl,0,0,0,0,0,0,0,0,0
1789009990.941936,2616,pg_catalog,pg_opclass,0,0,8,134,0,0,0,0,0
1789009990.941936,2188298,public,exchange,0,0,0,0,0,0,0,0,0
1789009990.941936,2188147,pg_toast,pg_toast_2188137,0,0,0,0,0,0,0,0,0
1789009990.941936,2838,pg_toast,pg_toast_2618,0,0,1,3,0,0,0,0,0
1789009990.941936,2188327,public,industry,0,0,0,0,0,0,0,0,0
1789009990.941936,6228,pg_toast,pg_toast_6106,0,0,0,0,0,0,0,0,0
1789009990.941936,2188325,pg_toast,pg_toast_2188307,0,0,0,0,0,0,0,0,0
1789009990.941936,2188364,public,security,0,0,0,0,0,0,0,0,0
1789009990.941936,3118,pg_catalog,pg_foreign_table,0,0,0,0,0,0,0,0,0
1789009990.941936,1259,pg_catalog,pg_class,1,523,12,12,0,0,0,0,0
1789009990.941936,3350,pg_catalog,pg_partitioned_table,0,0,0,0,0,0,0,0,0
1789009990.941936,4153,pg_toast,pg_toast_3118,0,0,0,0,0,0,0,0,0
1789009990.941936,4060,pg_toast,pg_toast_3592,0,0,0,0,0,0,0,0,0
1789009990.941936,4165,pg_toast,pg_toast_3350,0,0,0,0,0,0,0,0,0
1789009990.941936,2753,pg_catalog,pg_opfamily,0,0,2,2,0,0,0,0,0
1789009990.941936,3601,pg_catalog,pg_ts_parser,0,0,0,0,0,0,0,0,0
1789009990.941936,2188219,public,trade,0,0,0,0,0,0,0,0,0
1789009990.941936,2188260,pg_toast,pg_toast_2188249,0,0,0,0,0,0,0,0,0
1789009990.941936,6104,pg_catalog,pg_publication,0,0,0,0,0,0,0,0,0
1789009990.941936,13477,pg_toast,pg_toast_13474,0,0,0,0,0,0,0,0,0
1789009990.941936,3429,pg_catalog,pg_statistic_ext_data,0,0,0,0,0,0,0,0,0
1789009990.941936,2619,pg_catalog,pg_statistic,0,0,17,8,0,0,0,0,0
1789009990.941936,4155,pg_toast,pg_toast_3394,0,0,0,0,0,0,0,0,0
1789009990.941936,2188196,pg_toast,pg_toast_2188190,0,0,0,0,0,0,0,0,0
1789009990.941936,3381,pg_catalog,pg_statistic_ext,0,0,3,0,0,0,0,0,0
1789009990.941936,6106,pg_catalog,pg_publication_rel,0,0,0,0,0,0,0,0,0
1789009990.941936,2605,pg_catalog,pg_cast,0,0,34,7,0,0,0,0,0
1789009990.941936,4171,pg_toast,pg_toast_1247,0,0,0,0,0,0,0,0,0
1789009990.941936,2830,pg_toast,pg_toast_2604,0,0,0,0,0,0,0,0,0
1789009990.941936,13479,information_schema,sql_implementation_info,0,0,,,0,0,0,0,0
1789009990.941936,6244,pg_toast,pg_toast_6243,0,0,0,0,0,0,0,0,0
1789009990.941936,3430,pg_toast,pg_toast_3429,0,0,0,0,0,0,0,0,0
1789010051.054740,2188132,public,customer_taxrate,0,0,0,0,0,0,0,0,0
1789010051.054740,3576,pg_catalog,pg_transform,0,0,0,0,0,0,0,0,0
1789010051.054740,2601,pg_catalog,pg_am,0,0,0,0,0,0,0,0,0
1789010051.054740,2188188,pg_toast,pg_toast_2188182,0,0,0,0,0,0,0,0,0
1789010051.054740,3394,pg_catalog,pg_init_privs,0,0,0,0,0,0,0,0,0
1789010051.054740,4167,pg_toast,pg_toast_3256,0,0,0,0,0,0,0,0,0
1789010051.054740,4151,pg_toast,pg_toast_1417,0,0,0,0,0,0,0,0,0
1789010051.054740,2834,pg_toast,pg_toast_2609,0,0,0,0,0,0,0,0,0
1789010051.054740,6000,pg_catalog,pg_replication_origin,0,0,0,0,0,0,0,0,0
1789010051.054740,2188343,public,news_item,0,0,0,0,0,0,0,0,0
1789010051.054740,2840,pg_toast,pg_toast_2619,0,0,0,0,0,0,0,0,0
1789010051.054740,2188122,public,customer_account,0,0,0,0,0,0,0,0,0
1789010051.054740,2328,pg_catalog,pg_foreign_data_wrapper,0,0,0,0,0,0,0,0,0
1789010051.054740,4157,pg_toast,pg_toast_2612,0,0,0,0,0,0,0,0,0
1789010051.054740,1260,pg_catalog,pg_authid,0,0,0,0,0,0,0,0,0
1789010051.054740,6102,pg_catalog,pg_subscription_rel,0,0,0,0,0,0,0,0,0
1789010051.054740,1214,pg_catalog,pg_shdepend,0,0,0,0,0,0,0,0,0
1789010051.054740,4163,pg_toast,pg_toast_2615,0,0,0,0,0,0,0,0,0
1789010051.054740,4169,pg_toast,pg_toast_3600,0,0,0,0,0,0,0,0,0
1789010051.054740,2615,pg_catalog,pg_namespace,1,4,5,2,0,0,0,0,0
1789010051.054740,2188162,public,watch_item,0,0,0,0,0,0,0,0,0
1789010051.054740,2188167,public,watch_list,0,0,0,0,0,0,0,0,0
1789010051.054740,2188243,public,trade_history,0,0,0,0,0,0,0,0,0
1789010051.054740,2188210,public,settlement,0,0,0,0,0,0,0,0,0
1789010051.054740,2188269,public,company,0,0,0,0,0,0,0,0,0
1789010051.054740,2396,pg_catalog,pg_shdescription,0,0,0,0,0,0,0,0,0
1789010051.054740,3600,pg_catalog,pg_ts_dict,0,0,0,0,0,0,0,0,0
1789010051.054740,3596,pg_catalog,pg_seclabel,0,0,0,0,0,0,0,0,0
1789010051.054740,2609,pg_catalog,pg_description,0,0,0,0,0,0,0,0,0
1789010051.054740,13482,pg_toast,pg_toast_13479,0,0,0,0,0,0,0,0,0
1789010051.054740,2188156,public,holding_summary,0,0,0,0,0,0,0,0,0
1789010051.054740,2188390,public,status_type,0,0,0,0,0,0,0,0,0
1789010051.054740,2188395,public,taxrate,0,0,0,0,0,0,0,0,0
1789010051.054740,3603,pg_catalog,pg_ts_config_map,0,0,0,0,0,0,0,0,0
1789010051.054740,1213,pg_catalog,pg_tablespace,0,0,1,1,0,0,0,0,0
1789010051.054740,2188383,pg_toast,pg_toast_2188364,0,0,0,0,0,0,0,0,0
1789010051.054740,2608,pg_catalog,pg_depend,0,0,0,0,0,0,0,0,0
1789010051.054740,2964,pg_catalog,pg_db_role_setting,0,0,0,0,0,0,0,0,0
1789010051.054740,1418,pg_catalog,pg_user_mapping,0,0,0,0,0,0,0,0,0
1789010051.054740,2613,pg_catalog,pg_largeobject,0,0,0,0,0,0,0,0,0
1789010051.054740,6175,pg_toast,pg_toast_3456,0,0,0,0,0,0,0,0,0
1789010051.054740,1261,pg_catalog,pg_auth_members,0,0,0,0,0,0,0,0,0
1789010051.054740,2617,pg_catalog,pg_operator,0,0,5,5,0,0,0,0,0
1789010051.054740,2188352,pg_toast,pg_toast_2188343,0,0,0,0,0,0,0,0,0
1789010051.054740,2188341,pg_toast,pg_toast_2188333,0,0,0,0,0,0,0,0,0
1789010051.054740,2610,pg_catalog,pg_index,1,221,11,14,0,0,0,0,0
1789010051.054740,1249,pg_catalog,pg_attribute,0,0,75,92,0,0,0,0,0
1789010051.054740,2188281,public,company_competitor,0,0,0,0,0,0,0,0,0
1789010051.054740,2600,pg_catalog,pg_aggregate,0,0,1,1,0,0,0,0,0
1789010051.054740,2188180,pg_toast,pg_toast_2188172,0,0,0,0,0,0,0,0,0
1789010051.054740,2188354,public,news_xref,0,0,0,0,0,0,0,0,0
1789010051.054740,2966,pg_toast,pg_toast_2964,0,0,0,0,0,0,0,0,0
1789010051.054740,2188402,public,zip_code,0,0,0,0,0,0,0,0,0
1789010051.054740,2618,pg_catalog,pg_rewrite,0,0,1,1,0,0,0,0,0
1789010051.054740,4177,pg_toast,pg_toast_1262,0,0,0,0,0,0,0,0,0
1789010051.054740,13484,information_schema,sql_parts,0,0,,,0,0,0,0,0
1789010051.054740,4159,pg_toast,pg_toast_2600,0,0,0,0,0,0,0,0,0
1789010051.054740,4147,pg_toast,pg_toast_3079,0,0,0,0,0,0,0,0,0
1789010051.054740,13474,information_schema,sql_features,0,0,,,0,0,0,0,0
1789010051.054740,1247,pg_catalog,pg_type,0,0,19,19,0,0,0,0,0
1789010051.054740,2602,pg_catalog,pg_amop,0,0,12,25,0,0,0,0,0
1789010051.054740,3439,pg_toast,pg_toast_3381,0,0,0,0,0,0,0,0,0
1789010051.054740,2846,pg_toast,pg_toast_2396,0,0,0,0,0,0,0,0,0
1789010051.054740,4145,pg_toast,pg_toast_3466,0,0,0,0,0,0,0,0,0
1789010051.054740,2188385,public,address,0,0,0,0,0,0,0,0,0
1789010051.054740,2188137,public,holding,0,0,0,0,0,0,0,0,0
1789010051.054740,3541,pg_catalog,pg_range,0,0,0,0,0,0,0,0,0
1789010051.054740,3602,pg_catalog,pg_ts_config,0,0,0,0,0,0,0,0,0
1789010051.054740,4183,pg_toast,pg_toast_6100,0,0,0,0,0,0,0,0,0
1789010051.054740,2188333,public,last_trade,0,0,0,0,0,0,0,0,0
1789010051.054740,2224,pg_catalog,pg_sequence,0,0,0,0,0,0,0,0,0
1789010051.054740,2611,pg_catalog,pg_inherits,0,0,0,0,0,0,0,0,0
1789010051.054740,1417,pg_catalog,pg_foreign_server,0,0,0,0,0,0,0,0,0
1789010051.054740,1262,pg_catalog,pg_database,0,0,0,0,0,0,0,0,0
1789010051.054740,2188182,public,cash_transaction,0,0,0,0,0,0,0,0,0
1789010051.054740,13492,pg_toast,pg_toast_13489,0,0,0,0,0,0,0,0,0
1789010051.054740,3501,pg_catalog,pg_enum,0,0,0,0,0,0,0,0,0
1789010051.054740,2607,pg_catalog,pg_conversion,0,0,0,0,0,0,0,0,0
1789010051.054740,2188359,public,sector,0,0,0,0,0,0,0,0,0
1789010051.054740,2188217,pg_toast,pg_toast_2188210,0,0,0,0,0,0,0,0,0
1789010051.054740,826,pg_catalog,pg_default_acl,0,0,0,0,0,0,0,0,0
1789010051.054740,2604,pg_catalog,pg_attrdef,0,0,0,0,0,0,0,0,0
1789010051.054740,2336,pg_toast,pg_toast_2620,0,0,0,0,0,0,0,0,0
1789010051.054740,2188149,public,holding_history,0,0,0,0,0,0,0,0,0
1789010051.054740,2603,pg_catalog,pg_amproc,0,0,5,11,0,0,0,0,0
1789010051.054740,2606,pg_catalog,pg_constraint,0,0,3,8,0,0,0,0,0
1789010051.054740,1255,pg_catalog,pg_proc,0,0,19,24,0,0,0,0,0
1789010051.054740,4173,pg_toast,pg_toast_1418,0,0,0,0,0,0,0,0,0
1789010051.054740,2620,pg_catalog,pg_trigger,0,0,0,0,0,0,0,0,0
1789010051.054740,2188241,pg_toast,pg_toast_2188219,0,0,0,0,0,0,0,0,0
1789010051.054740,2612,pg_catalog,pg_language,0,0,0,0,0,0,0,0,0
1789010051.054740,4149,pg_toast,pg_toast_2328,0,0,0,0,0,0,0,0,0
1789010051.054740,6351,pg_toast,pg_toast_2610,0,0,0,0,0,0,0,0,0
1789010051.054740,13489,information_schema,sql_sizing,0,0,,,0,0,0,0,0
1789010051.054740,3598,pg_toast,pg_toast_3596,0,0,0,0,0,0,0,0,0
1789010051.054740,2188111,public,customer,0,0,0,0,0,0,0,0,0
1789010051.054740,2836,pg_toast,pg_toast_1255,0,0,0,0,0,0,0,0,0
1789010051.054740,3456,pg_catalog,pg_collation,0,0,0,0,0,0,0,0,0
1789010051.054740,3079,pg_catalog,pg_extension,0,0,0,0,0,0,0,0,0
1789010051.054740,2188262,public,trade_type,0,0,0,0,0,0,0,0,0
1789010051.054740,6100,pg_catalog,pg_subscription,0,0,0,0,0,0,0,0,0
1789010051.054740,2188249,public,trade_request,0,0,0,0,0,0,0,0,0
1789010051.054740,2188198,public,commission_rate,0,0,0,0,0,0,0,0,0
1789010051.054740,2188130,pg_toast,pg_toast_2188122,0,0,0,0,0,0,0,0,0
1789010051.054740,2832,pg_toast,pg_toast_2606,0,0,0,0,0,0,0,0,0
1789010051.054740,3256,pg_catalog,pg_policy,0,0,0,0,0,0,0,0,0
1789010051.054740,2188172,public,broker,0,0,0,0,0,0,0,0,0
1789010051.054740,2188296,pg_toast,pg_toast_2188287,0,0,0,0,0,0,0,0,0
1789010051.054740,2188307,public,financial,0,0,0,0,0,0,0,0,0
1789010051.054740,2188103,public,account_permission,0,0,0,0,0,0,0,0,0
1789010051.054740,3466,pg_catalog,pg_event_trigger,0,0,0,0,0,0,0,0,0
1789010051.054740,3592,pg_catalog,pg_shseclabel,0,0,0,0,0,0,0,0,0
1789010051.054740,3764,pg_catalog,pg_ts_template,0,0,0,0,0,0,0,0,0
1789010051.054740,6237,pg_catalog,pg_publication_namespace,0,0,0,0,0,0,0,0,0
1789010051.054740,13487,pg_toast,pg_toast_13484,0,0,0,0,0,0,0,0,0
1789010051.054740,2995,pg_catalog,pg_largeobject_metadata,0,0,0,0,0,0,0,0,0
1789010051.054740,4143,pg_toast,pg_toast_826,0,0,0,0,0,0,0,0,0
1789010051.054740,4185,pg_toast,pg_toast_1213,0,0,0,0,0,0,0,0,0
1789010051.054740,2188287,public,daily_market,0,0,0,0,0,0,0,0,0
1789010051.054740,2188190,public,charge,0,0,0,0,0,0,0,0,0
1789010051.054740,6243,pg_catalog,pg_parameter_acl,0,0,0,0,0,0,0,0,0
1789010051.054740,2616,pg_catalog,pg_opclass,0,0,8,134,0,0,0,0,0
1789010051.054740,2188298,public,exchange,0,0,0,0,0,0,0,0,0
1789010051.054740,2188147,pg_toast,pg_toast_2188137,0,0,0,0,0,0,0,0,0
1789010051.054740,2838,pg_toast,pg_toast_2618,0,0,1,3,0,0,0,0,0
1789010051.054740,2188327,public,industry,0,0,0,0,0,0,0,0,0
1789010051.054740,6228,pg_toast,pg_toast_6106,0,0,0,0,0,0,0,0,0
1789010051.054740,2188325,pg_toast,pg_toast_2188307,0,0,0,0,0,0,0,0,0
1789010051.054740,2188364,public,security,0,0,0,0,0,0,0,0,0
1789010051.054740,3118,pg_catalog,pg_foreign_table,0,0,0,0,0,0,0,0,0
1789010051.054740,1259,pg_catalog,pg_class,1,523,12,12,0,0,0,0,0
1789010051.054740,3350,pg_catalog,pg_partitioned_table,0,0,0,0,0,0,0,0,0
1789010051.054740,4153,pg_toast,pg_toast_3118,0,0,0,0,0,0,0,0,0
1789010051.054740,4060,pg_toast,pg_toast_3592,0,0,0,0,0,0,0,0,0
1789010051.054740,4165,pg_toast,pg_toast_3350,0,0,0,0,0,0,0,0,0
1789010051.054740,2753,pg_catalog,pg_opfamily,0,0,2,2,0,0,0,0,0
1789010051.054740,3601,pg_catalog,pg_ts_parser,0,0,0,0,0,0,0,0,0
1789010051.054740,2188219,public,trade,0,0,0,0,0,0,0,0,0
1789010051.054740,2188260,pg_toast,pg_toast_2188249,0,0,0,0,0,0,0,0,0
1789010051.054740,6104,pg_catalog,pg_publication,0,0,0,0,0,0,0,0,0
1789010051.054740,13477,pg_toast,pg_toast_13474,0,0,0,0,0,0,0,0,0
1789010051.054740,3429,pg_catalog,pg_statistic_ext_data,0,0,0,0,0,0,0,0,0
1789010051.054740,2619,pg_catalog,pg_statistic,0,0,17,8,0,0,0,0,0
1789010051.054740,4155,pg_toast,pg_toast_3394,0,0,0,0,0,0,0,0,0
1789010051.054740,2188196,pg_toast,pg_toast_2188190,0,0,0,0,0,0,0,0,0
1789010051.054740,3381,pg_catalog,pg_statistic_ext,0,0,3,0,0,0,0,0,0
1789010051.054740,6106,pg_catalog,pg_publication_rel,0,0,0,0,0,0,0,0,0
1789010051.054740,2605,pg_catalog,pg_cast,0,0,34,7,0,0,0,0,0
1789010051.054740,4171,pg_toast,pg_toast_1247,0,0,0,0,0,0,0,0,0
1789010051.054740,2830,pg_toast,pg_toast_2604,0,0,0,0,0,0,0,0,0
1789010051.054740,13479,information_schema,sql_implementation_info,0,0,,,0,0,0,0,0
1789010051.054740,6244,pg_toast,pg_toast_6243,0,0,0,0,0,0,0,0,0
1789010051.054740,3430,pg_toast,pg_toast_3429,0,0,0,0,0,0,0,0,0
1789010110.133460,2188132,public,customer_taxrate,0,0,0,0,0,0,0,0,0
1789010110.133460,3576,pg_catalog,pg_transform,0,0,0,0,0,0,0,0,0
1789010110.133460,2601,pg_catalog,pg_am,0,0,0,0,0,0,0,0,0
1789010110.133460,2188188,pg_toast,pg_toast_2188182,0,0,0,0,0,0,0,0,0
1789010110.133460,3394,pg_catalog,pg_init_privs,0,0,0,0,0,0,0,0,0
1789010110.133460,4167,pg_toast,pg_toast_3256,0,0,0,0,0,0,0,0,0
1789010110.133460,4151,pg_toast,pg_toast_1417,0,0,0,0,0,0,0,0,0
1789010110.133460,2834,pg_toast,pg_toast_2609,0,0,0,0,0,0,0,0,0
1789010110.133460,6000,pg_catalog,pg_replication_origin,0,0,0,0,0,0,0,0,0
1789010110.133460,2188343,public,news_item,0,0,0,0,0,0,0,0,0
1789010110.133460,2840,pg_toast,pg_toast_2619,0,0,0,0,0,0,0,0,0
1789010110.133460,2188122,public,customer_account,0,0,0,0,0,0,0,0,0
1789010110.133460,2328,pg_catalog,pg_foreign_data_wrapper,0,0,0,0,0,0,0,0,0
1789010110.133460,4157,pg_toast,pg_toast_2612,0,0,0,0,0,0,0,0,0
1789010110.133460,1260,pg_catalog,pg_authid,0,0,0,0,0,0,0,0,0
1789010110.133460,6102,pg_catalog,pg_subscription_rel,0,0,0,0,0,0,0,0,0
1789010110.133460,1214,pg_catalog,pg_shdepend,0,0,0,0,0,0,0,0,0
1789010110.133460,4163,pg_toast,pg_toast_2615,0,0,0,0,0,0,0,0,0
1789010110.133460,4169,pg_toast,pg_toast_3600,0,0,0,0,0,0,0,0,0
1789010110.133460,2615,pg_catalog,pg_namespace,1,4,5,2,0,0,0,0,0
1789010110.133460,2188162,public,watch_item,0,0,0,0,0,0,0,0,0
1789010110.133460,2188167,public,watch_list,0,0,0,0,0,0,0,0,0
1789010110.133460,2188243,public,trade_history,0,0,0,0,0,0,0,0,0
1789010110.133460,2188210,public,settlement,0,0,0,0,0,0,0,0,0
1789010110.133460,2188269,public,company,0,0,0,0,0,0,0,0,0
1789010110.133460,2396,pg_catalog,pg_shdescription,0,0,0,0,0,0,0,0,0
1789010110.133460,3600,pg_catalog,pg_ts_dict,0,0,0,0,0,0,0,0,0
1789010110.133460,3596,pg_catalog,pg_seclabel,0,0,0,0,0,0,0,0,0
1789010110.133460,2609,pg_catalog,pg_description,0,0,0,0,0,0,0,0,0
1789010110.133460,13482,pg_toast,pg_toast_13479,0,0,0,0,0,0,0,0,0
1789010110.133460,2188156,public,holding_summary,0,0,0,0,0,0,0,0,0
1789010110.133460,2188390,public,status_type,0,0,0,0,0,0,0,0,0
1789010110.133460,2188395,public,taxrate,0,0,0,0,0,0,0,0,0
1789010110.133460,3603,pg_catalog,pg_ts_config_map,0,0,0,0,0,0,0,0,0
1789010110.133460,1213,pg_catalog,pg_tablespace,0,0,1,1,0,0,0,0,0
1789010110.133460,2188383,pg_toast,pg_toast_2188364,0,0,0,0,0,0,0,0,0
1789010110.133460,2608,pg_catalog,pg_depend,0,0,0,0,0,0,0,0,0
1789010110.133460,2964,pg_catalog,pg_db_role_setting,0,0,0,0,0,0,0,0,0
1789010110.133460,1418,pg_catalog,pg_user_mapping,0,0,0,0,0,0,0,0,0
1789010110.133460,2613,pg_catalog,pg_largeobject,0,0,0,0,0,0,0,0,0
1789010110.133460,6175,pg_toast,pg_toast_3456,0,0,0,0,0,0,0,0,0
1789010110.133460,1261,pg_catalog,pg_auth_members,0,0,0,0,0,0,0,0,0
1789010110.133460,2617,pg_catalog,pg_operator,0,0,5,5,0,0,0,0,0
1789010110.133460,2188352,pg_toast,pg_toast_2188343,0,0,0,0,0,0,0,0,0
1789010110.133460,2188341,pg_toast,pg_toast_2188333,0,0,0,0,0,0,0,0,0
1789010110.133460,2610,pg_catalog,pg_index,1,221,11,14,0,0,0,0,0
1789010110.133460,1249,pg_catalog,pg_attribute,0,0,75,92,0,0,0,0,0
1789010110.133460,2188281,public,company_competitor,0,0,0,0,0,0,0,0,0
1789010110.133460,2600,pg_catalog,pg_aggregate,0,0,1,1,0,0,0,0,0
1789010110.133460,2188180,pg_toast,pg_toast_2188172,0,0,0,0,0,0,0,0,0
1789010110.133460,2188354,public,news_xref,0,0,0,0,0,0,0,0,0
1789010110.133460,2966,pg_toast,pg_toast_2964,0,0,0,0,0,0,0,0,0
1789010110.133460,2188402,public,zip_code,0,0,0,0,0,0,0,0,0
1789010110.133460,2618,pg_catalog,pg_rewrite,0,0,1,1,0,0,0,0,0
1789010110.133460,4177,pg_toast,pg_toast_1262,0,0,0,0,0,0,0,0,0
1789010110.133460,13484,information_schema,sql_parts,0,0,,,0,0,0,0,0
1789010110.133460,4159,pg_toast,pg_toast_2600,0,0,0,0,0,0,0,0,0
1789010110.133460,4147,pg_toast,pg_toast_3079,0,0,0,0,0,0,0,0,0
1789010110.133460,13474,information_schema,sql_features,0,0,,,0,0,0,0,0
1789010110.133460,1247,pg_catalog,pg_type,0,0,19,19,0,0,0,0,0
1789010110.133460,2602,pg_catalog,pg_amop,0,0,12,25,0,0,0,0,0
1789010110.133460,3439,pg_toast,pg_toast_3381,0,0,0,0,0,0,0,0,0
1789010110.133460,2846,pg_toast,pg_toast_2396,0,0,0,0,0,0,0,0,0
1789010110.133460,4145,pg_toast,pg_toast_3466,0,0,0,0,0,0,0,0,0
1789010110.133460,2188385,public,address,0,0,0,0,0,0,0,0,0
1789010110.133460,2188137,public,holding,0,0,0,0,0,0,0,0,0
1789010110.133460,3541,pg_catalog,pg_range,0,0,0,0,0,0,0,0,0
1789010110.133460,3602,pg_catalog,pg_ts_config,0,0,0,0,0,0,0,0,0
1789010110.133460,4183,pg_toast,pg_toast_6100,0,0,0,0,0,0,0,0,0
1789010110.133460,2188333,public,last_trade,0,0,0,0,0,0,0,0,0
1789010110.133460,2224,pg_catalog,pg_sequence,0,0,0,0,0,0,0,0,0
1789010110.133460,2611,pg_catalog,pg_inherits,0,0,0,0,0,0,0,0,0
1789010110.133460,1417,pg_catalog,pg_foreign_server,0,0,0,0,0,0,0,0,0
1789010110.133460,1262,pg_catalog,pg_database,0,0,0,0,0,0,0,0,0
1789010110.133460,2188182,public,cash_transaction,0,0,0,0,0,0,0,0,0
1789010110.133460,13492,pg_toast,pg_toast_13489,0,0,0,0,0,0,0,0,0
1789010110.133460,3501,pg_catalog,pg_enum,0,0,0,0,0,0,0,0,0
1789010110.133460,2607,pg_catalog,pg_conversion,0,0,0,0,0,0,0,0,0
1789010110.133460,2188359,public,sector,0,0,0,0,0,0,0,0,0
1789010110.133460,2188217,pg_toast,pg_toast_2188210,0,0,0,0,0,0,0,0,0
1789010110.133460,826,pg_catalog,pg_default_acl,0,0,0,0,0,0,0,0,0
1789010110.133460,2604,pg_catalog,pg_attrdef,0,0,0,0,0,0,0,0,0
1789010110.133460,2336,pg_toast,pg_toast_2620,0,0,0,0,0,0,0,0,0
1789010110.133460,2188149,public,holding_history,0,0,0,0,0,0,0,0,0
1789010110.133460,2603,pg_catalog,pg_amproc,0,0,5,11,0,0,0,0,0
1789010110.133460,2606,pg_catalog,pg_constraint,0,0,3,8,0,0,0,0,0
1789010110.133460,1255,pg_catalog,pg_proc,0,0,19,24,0,0,0,0,0
1789010110.133460,4173,pg_toast,pg_toast_1418,0,0,0,0,0,0,0,0,0
1789010110.133460,2620,pg_catalog,pg_trigger,0,0,0,0,0,0,0,0,0
1789010110.133460,2188241,pg_toast,pg_toast_2188219,0,0,0,0,0,0,0,0,0
1789010110.133460,2612,pg_catalog,pg_language,0,0,0,0,0,0,0,0,0
1789010110.133460,4149,pg_toast,pg_toast_2328,0,0,0,0,0,0,0,0,0
1789010110.133460,6351,pg_toast,pg_toast_2610,0,0,0,0,0,0,0,0,0
1789010110.133460,13489,information_schema,sql_sizing,0,0,,,0,0,0,0,0
1789010110.133460,3598,pg_toast,pg_toast_3596,0,0,0,0,0,0,0,0,0
1789010110.133460,2188111,public,customer,0,0,0,0,0,0,0,0,0
1789010110.133460,2836,pg_toast,pg_toast_1255,0,0,0,0,0,0,0,0,0
1789010110.133460,3456,pg_catalog,pg_collation,0,0,0,0,0,0,0,0,0
1789010110.133460,3079,pg_catalog,pg_extension,0,0,0,0,0,0,0,0,0
1789010110.133460,2188262,public,trade_type,0,0,0,0,0,0,0,0,0
1789010110.133460,6100,pg_catalog,pg_subscription,0,0,0,0,0,0,0,0,0
1789010110.133460,2188249,public,trade_request,0,0,0,0,0,0,0,0,0
1789010110.133460,2188198,public,commission_rate,0,0,0,0,0,0,0,0,0
1789010110.133460,2188130,pg_toast,pg_toast_2188122,0,0,0,0,0,0,0,0,0
1789010110.133460,2832,pg_toast,pg_toast_2606,0,0,0,0,0,0,0,0,0
1789010110.133460,3256,pg_catalog,pg_policy,0,0,0,0,0,0,0,0,0
1789010110.133460,2188172,public,broker,0,0,0,0,0,0,0,0,0
1789010110.133460,2188296,pg_toast,pg_toast_2188287,0,0,0,0,0,0,0,0,0
1789010110.133460,2188307,public,financial,0,0,0,0,0,0,0,0,0
1789010110.133460,2188103,public,account_permission,0,0,0,0,0,0,0,0,0
1789010110.133460,3466,pg_catalog,pg_event_trigger,0,0,0,0,0,0,0,0,0
1789010110.133460,3592,pg_catalog,pg_shseclabel,0,0,0,0,0,0,0,0,0
1789010110.133460,3764,pg_catalog,pg_ts_template,0,0,0,0,0,0,0,0,0
1789010110.133460,6237,pg_catalog,pg_publication_namespace,0,0,0,0,0,0,0,0,0
1789010110.133460,13487,pg_toast,pg_toast_13484,0,0,0,0,0,0,0,0,0
1789010110.133460,2995,pg_catalog,pg_largeobject_metadata,0,0,0,0,0,0,0,0,0
1789010110.133460,4143,pg_toast,pg_toast_826,0,0,0,0,0,0,0,0,0
1789010110.133460,4185,pg_toast,pg_toast_1213,0,0,0,0,0,0,0,0,0
1789010110.133460,2188287,public,daily_market,0,0,0,0,0,0,0,0,0
1789010110.133460,2188190,public,charge,0,0,0,0,0,0,0,0,0
1789010110.133460,6243,pg_catalog,pg_parameter_acl,0,0,0,0,0,0,0,0,0
1789010110.133460,2616,pg_catalog,pg_opclass,0,0,8,134,0,0,0,0,0
1789010110.133460,2188298,public,exchange,0,0,0,0,0,0,0,0,0
1789010110.133460,2188147,pg_toast,pg_toast_2188137,0,0,0,0,0,0,0,0,0
1789010110.133460,2838,pg_toast,pg_toast_2618,0,0,1,3,0,0,0,0,0
1789010110.133460,2188327,public,industry,0,0,0,0,0,0,0,0,0
1789010110.133460,6228,pg_toast,pg_toast_6106,0,0,0,0,0,0,0,0,0
1789010110.133460,2188325,pg_toast,pg_toast_2188307,0,0,0,0,0,0,0,0,0
1789010110.133460,2188364,public,security,0,0,0,0,0,0,0,0,0
1789010110.133460,3118,pg_catalog,pg_foreign_table,0,0,0,0,0,0,0,0,0
1789010110.133460,1259,pg_catalog,pg_class,1,523,12,12,0,0,0,0,0
1789010110.133460,3350,pg_catalog,pg_partitioned_table,0,0,0,0,0,0,0,0,0
1789010110.133460,4153,pg_toast,pg_toast_3118,0,0,0,0,0,0,0,0,0
1789010110.133460,4060,pg_toast,pg_toast_3592,0,0,0,0,0,0,0,0,0
1789010110.133460,4165,pg_toast,pg_toast_3350,0,0,0,0,0,0,0,0,0
1789010110.133460,2753,pg_catalog,pg_opfamily,0,0,2,2,0,0,0,0,0
1789010110.133460,3601,pg_catalog,pg_ts_parser,0,0,0,0,0,0,0,0,0
1789010110.133460,2188219,public,trade,0,0,0,0,0,0,0,0,0
1789010110.133460,2188260,pg_toast,pg_toast_2188249,0,0,0,0,0,0,0,0,0
1789010110.133460,6104,pg_catalog,pg_publication,0,0,0,0,0,0,0,0,0
1789010110.133460,13477,pg_toast,pg_toast_13474,0,0,0,0,0,0,0,0,0
1789010110.133460,3429,pg_catalog,pg_statistic_ext_data,0,0,0,0,0,0,0,0,0
1789010110.133460,2619,pg_catalog,pg_statistic,0,0,17,8,0,0,0,0,0
1789010110.133460,4155,pg_toast,pg_toast_3394,0,0,0,0,0,0,0,0,0
1789010110.133460,2188196,pg_toast,pg_toast_2188190,0,0,0,0,0,0,0,0,0
1789010110.133460,3381,pg_catalog,pg_statistic_ext,0,0,3,0,0,0,0,0,0
1789010110.133460,6106,pg_catalog,pg_publication_rel,0,0,0,0,0,0,0,0,0
1789010110.133460,2605,pg_catalog,pg_cast,0,0,34,7,0,0,0,0,0
1789010110.133460,4171,pg_toast,pg_toast_1247,0,0,0,0,0,0,0,0,0
1789010110.133460,2830,pg_toast,pg_toast_2604,0,0,0,0,0,0,0,0,0
1789010110.133460,13479,information_schema,sql_implementation_info,0,0,,,0,0,0,0,0
1789010110.133460,6244,pg_toast,pg_toast_6243,0,0,0,0,0,0,0,0,0
1789010110.133460,3430,pg_toast,pg_toast_3429,0,0,0,0,0,0,0,0,0
1789010170.236975,2188132,public,customer_taxrate,0,0,0,0,0,0,0,0,0
1789010170.236975,3576,pg_catalog,pg_transform,0,0,0,0,0,0,0,0,0
1789010170.236975,2601,pg_catalog,pg_am,0,0,0,0,0,0,0,0,0
1789010170.236975,2188188,pg_toast,pg_toast_2188182,0,0,0,0,0,0,0,0,0
1789010170.236975,3394,pg_catalog,pg_init_privs,0,0,0,0,0,0,0,0,0
1789010170.236975,4167,pg_toast,pg_toast_3256,0,0,0,0,0,0,0,0,0
1789010170.236975,4151,pg_toast,pg_toast_1417,0,0,0,0,0,0,0,0,0
1789010170.236975,2834,pg_toast,pg_toast_2609,0,0,0,0,0,0,0,0,0
1789010170.236975,6000,pg_catalog,pg_replication_origin,0,0,0,0,0,0,0,0,0
1789010170.236975,2188343,public,news_item,0,0,0,0,0,0,0,0,0
1789010170.236975,2840,pg_toast,pg_toast_2619,0,0,0,0,0,0,0,0,0
1789010170.236975,2188122,public,customer_account,0,0,0,0,0,0,0,0,0
1789010170.236975,2328,pg_catalog,pg_foreign_data_wrapper,0,0,0,0,0,0,0,0,0
1789010170.236975,4157,pg_toast,pg_toast_2612,0,0,0,0,0,0,0,0,0
1789010170.236975,1260,pg_catalog,pg_authid,0,0,0,0,0,0,0,0,0
1789010170.236975,6102,pg_catalog,pg_subscription_rel,0,0,0,0,0,0,0,0,0
1789010170.236975,1214,pg_catalog,pg_shdepend,0,0,0,0,0,0,0,0,0
1789010170.236975,4163,pg_toast,pg_toast_2615,0,0,0,0,0,0,0,0,0
1789010170.236975,4169,pg_toast,pg_toast_3600,0,0,0,0,0,0,0,0,0
1789010170.236975,2615,pg_catalog,pg_namespace,1,4,5,2,0,0,0,0,0
1789010170.236975,2188162,public,watch_item,0,0,0,0,0,0,0,0,0
1789010170.236975,2188167,public,watch_list,0,0,0,0,0,0,0,0,0
1789010170.236975,2188243,public,trade_history,0,0,0,0,0,0,0,0,0
1789010170.236975,2188210,public,settlement,0,0,0,0,0,0,0,0,0
1789010170.236975,2188269,public,company,0,0,0,0,0,0,0,0,0
1789010170.236975,2396,pg_catalog,pg_shdescription,0,0,0,0,0,0,0,0,0
1789010170.236975,3600,pg_catalog,pg_ts_dict,0,0,0,0,0,0,0,0,0
1789010170.236975,3596,pg_catalog,pg_seclabel,0,0,0,0,0,0,0,0,0
1789010170.236975,2609,pg_catalog,pg_description,0,0,0,0,0,0,0,0,0
1789010170.236975,13482,pg_toast,pg_toast_13479,0,0,0,0,0,0,0,0,0
1789010170.236975,2188156,public,holding_summary,0,0,0,0,0,0,0,0,0
1789010170.236975,2188390,public,status_type,0,0,0,0,0,0,0,0,0
1789010170.236975,2188395,public,taxrate,0,0,0,0,0,0,0,0,0
1789010170.236975,3603,pg_catalog,pg_ts_config_map,0,0,0,0,0,0,0,0,0
1789010170.236975,1213,pg_catalog,pg_tablespace,0,0,1,1,0,0,0,0,0
1789010170.236975,2188383,pg_toast,pg_toast_2188364,0,0,0,0,0,0,0,0,0
1789010170.236975,2608,pg_catalog,pg_depend,0,0,0,0,0,0,0,0,0
1789010170.236975,2964,pg_catalog,pg_db_role_setting,0,0,0,0,0,0,0,0,0
1789010170.236975,1418,pg_catalog,pg_user_mapping,0,0,0,0,0,0,0,0,0
1789010170.236975,2613,pg_catalog,pg_largeobject,0,0,0,0,0,0,0,0,0
1789010170.236975,6175,pg_toast,pg_toast_3456,0,0,0,0,0,0,0,0,0
1789010170.236975,1261,pg_catalog,pg_auth_members,0,0,0,0,0,0,0,0,0
1789010170.236975,2617,pg_catalog,pg_operator,0,0,5,5,0,0,0,0,0
1789010170.236975,2188352,pg_toast,pg_toast_2188343,0,0,0,0,0,0,0,0,0
1789010170.236975,2188341,pg_toast,pg_toast_2188333,0,0,0,0,0,0,0,0,0
1789010170.236975,2610,pg_catalog,pg_index,1,221,11,14,0,0,0,0,0
1789010170.236975,1249,pg_catalog,pg_attribute,0,0,75,92,0,0,0,0,0
1789010170.236975,2188281,public,company_competitor,0,0,0,0,0,0,0,0,0
1789010170.236975,2600,pg_catalog,pg_aggregate,0,0,1,1,0,0,0,0,0
1789010170.236975,2188180,pg_toast,pg_toast_2188172,0,0,0,0,0,0,0,0,0
1789010170.236975,2188354,public,news_xref,0,0,0,0,0,0,0,0,0
1789010170.236975,2966,pg_toast,pg_toast_2964,0,0,0,0,0,0,0,0,0
1789010170.236975,2188402,public,zip_code,0,0,0,0,0,0,0,0,0
1789010170.236975,2618,pg_catalog,pg_rewrite,0,0,1,1,0,0,0,0,0
1789010170.236975,4177,pg_toast,pg_toast_1262,0,0,0,0,0,0,0,0,0
1789010170.236975,13484,information_schema,sql_parts,0,0,,,0,0,0,0,0
1789010170.236975,4159,pg_toast,pg_toast_2600,0,0,0,0,0,0,0,0,0
1789010170.236975,4147,pg_toast,pg_toast_3079,0,0,0,0,0,0,0,0,0
1789010170.236975,13474,information_schema,sql_features,0,0,,,0,0,0,0,0
1789010170.236975,1247,pg_catalog,pg_type,0,0,19,19,0,0,0,0,0
1789010170.236975,2602,pg_catalog,pg_amop,0,0,12,25,0,0,0,0,0
1789010170.236975,3439,pg_toast,pg_toast_3381,0,0,0,0,0,0,0,0,0
1789010170.236975,2846,pg_toast,pg_toast_2396,0,0,0,0,0,0,0,0,0
1789010170.236975,4145,pg_toast,pg_toast_3466,0,0,0,0,0,0,0,0,0
1789010170.236975,2188385,public,address,0,0,0,0,0,0,0,0,0
1789010170.236975,2188137,public,holding,0,0,0,0,0,0,0,0,0
1789010170.236975,3541,pg_catalog,pg_range,0,0,0,0,0,0,0,0,0
1789010170.236975,3602,pg_catalog,pg_ts_config,0,0,0,0,0,0,0,0,0
1789010170.236975,4183,pg_toast,pg_toast_6100,0,0,0,0,0,0,0,0,0
1789010170.236975,2188333,public,last_trade,0,0,0,0,0,0,0,0,0
1789010170.236975,2224,pg_catalog,pg_sequence,0,0,0,0,0,0,0,0,0
1789010170.236975,2611,pg_catalog,pg_inherits,0,0,0,0,0,0,0,0,0
1789010170.236975,1417,pg_catalog,pg_foreign_server,0,0,0,0,0,0,0,0,0
1789010170.236975,1262,pg_catalog,pg_database,0,0,0,0,0,0,0,0,0
1789010170.236975,2188182,public,cash_transaction,0,0,0,0,0,0,0,0,0
1789010170.236975,13492,pg_toast,pg_toast_13489,0,0,0,0,0,0,0,0,0
1789010170.236975,3501,pg_catalog,pg_enum,0,0,0,0,0,0,0,0,0
1789010170.236975,2607,pg_catalog,pg_conversion,0,0,0,0,0,0,0,0,0
1789010170.236975,2188359,public,sector,0,0,0,0,0,0,0,0,0
1789010170.236975,2188217,pg_toast,pg_toast_2188210,0,0,0,0,0,0,0,0,0
1789010170.236975,826,pg_catalog,pg_default_acl,0,0,0,0,0,0,0,0,0
1789010170.236975,2604,pg_catalog,pg_attrdef,0,0,0,0,0,0,0,0,0
1789010170.236975,2336,pg_toast,pg_toast_2620,0,0,0,0,0,0,0,0,0
1789010170.236975,2188149,public,holding_history,0,0,0,0,0,0,0,0,0
1789010170.236975,2603,pg_catalog,pg_amproc,0,0,5,11,0,0,0,0,0
1789010170.236975,2606,pg_catalog,pg_constraint,0,0,3,8,0,0,0,0,0
1789010170.236975,1255,pg_catalog,pg_proc,0,0,19,24,0,0,0,0,0
1789010170.236975,4173,pg_toast,pg_toast_1418,0,0,0,0,0,0,0,0,0
1789010170.236975,2620,pg_catalog,pg_trigger,0,0,0,0,0,0,0,0,0
1789010170.236975,2188241,pg_toast,pg_toast_2188219,0,0,0,0,0,0,0,0,0
1789010170.236975,2612,pg_catalog,pg_language,0,0,0,0,0,0,0,0,0
1789010170.236975,4149,pg_toast,pg_toast_2328,0,0,0,0,0,0,0,0,0
1789010170.236975,6351,pg_toast,pg_toast_2610,0,0,0,0,0,0,0,0,0
1789010170.236975,13489,information_schema,sql_sizing,0,0,,,0,0,0,0,0
1789010170.236975,3598,pg_toast,pg_toast_3596,0,0,0,0,0,0,0,0,0
1789010170.236975,2188111,public,customer,0,0,0,0,0,0,0,0,0
1789010170.236975,2836,pg_toast,pg_toast_1255,0,0,0,0,0,0,0,0,0
1789010170.236975,3456,pg_catalog,pg_collation,0,0,0,0,0,0,0,0,0
1789010170.236975,3079,pg_catalog,pg_extension,0,0,0,0,0,0,0,0,0
1789010170.236975,2188262,public,trade_type,0,0,0,0,0,0,0,0,0
1789010170.236975,6100,pg_catalog,pg_subscription,0,0,0,0,0,0,0,0,0
1789010170.236975,2188249,public,trade_request,0,0,0,0,0,0,0,0,0
1789010170.236975,2188198,public,commission_rate,0,0,0,0,0,0,0,0,0
1789010170.236975,2188130,pg_toast,pg_toast_2188122,0,0,0,0,0,0,0,0,0
1789010170.236975,2832,pg_toast,pg_toast_2606,0,0,0,0,0,0,0,0,0
1789010170.236975,3256,pg_catalog,pg_policy,0,0,0,0,0,0,0,0,0
1789010170.236975,2188172,public,broker,0,0,0,0,0,0,0,0,0
1789010170.236975,2188296,pg_toast,pg_toast_2188287,0,0,0,0,0,0,0,0,0
1789010170.236975,2188307,public,financial,0,0,0,0,0,0,0,0,0
1789010170.236975,2188103,public,account_permission,0,0,0,0,0,0,0,0,0
1789010170.236975,3466,pg_catalog,pg_event_trigger,0,0,0,0,0,0,0,0,0
1789010170.236975,3592,pg_catalog,pg_shseclabel,0,0,0,0,0,0,0,0,0
1789010170.236975,3764,pg_catalog,pg_ts_template,0,0,0,0,0,0,0,0,0
1789010170.236975,6237,pg_catalog,pg_publication_namespace,0,0,0,0,0,0,0,0,0
1789010170.236975,13487,pg_toast,pg_toast_13484,0,0,0,0,0,0,0,0,0
1789010170.236975,2995,pg_catalog,pg_largeobject_metadata,0,0,0,0,0,0,0,0,0
1789010170.236975,4143,pg_toast,pg_toast_826,0,0,0,0,0,0,0,0,0
1789010170.236975,4185,pg_toast,pg_toast_1213,0,0,0,0,0,0,0,0,0
1789010170.236975,2188287,public,daily_market,0,0,0,0,0,0,0,0,0
1789010170.236975,2188190,public,charge,0,0,0,0,0,0,0,0,0
1789010170.236975,6243,pg_catalog,pg_parameter_acl,0,0,0,0,0,0,0,0,0
1789010170.236975,2616,pg_catalog,pg_opclass,0,0,8,134,0,0,0,0,0
1789010170.236975,2188298,public,exchange,0,0,0,0,0,0,0,0,0
1789010170.236975,2188147,pg_toast,pg_toast_2188137,0,0,0,0,0,0,0,0,0
1789010170.236975,2838,pg_toast,pg_toast_2618,0,0,1,3,0,0,0,0,0
1789010170.236975,2188327,public,industry,0,0,0,0,0,0,0,0,0
1789010170.236975,6228,pg_toast,pg_toast_6106,0,0,0,0,0,0,0,0,0
1789010170.236975,2188325,pg_toast,pg_toast_2188307,0,0,0,0,0,0,0,0,0
1789010170.236975,2188364,public,security,0,0,0,0,0,0,0,0,0
1789010170.236975,3118,pg_catalog,pg_foreign_table,0,0,0,0,0,0,0,0,0
1789010170.236975,1259,pg_catalog,pg_class,1,523,12,12,0,0,0,0,0
1789010170.236975,3350,pg_catalog,pg_partitioned_table,0,0,0,0,0,0,0,0,0
1789010170.236975,4153,pg_toast,pg_toast_3118,0,0,0,0,0,0,0,0,0
1789010170.236975,4060,pg_toast,pg_toast_3592,0,0,0,0,0,0,0,0,0
1789010170.236975,4165,pg_toast,pg_toast_3350,0,0,0,0,0,0,0,0,0
1789010170.236975,2753,pg_catalog,pg_opfamily,0,0,2,2,0,0,0,0,0
1789010170.236975,3601,pg_catalog,pg_ts_parser,0,0,0,0,0,0,0,0,0
1789010170.236975,2188219,public,trade,0,0,0,0,0,0,0,0,0
1789010170.236975,2188260,pg_toast,pg_toast_2188249,0,0,0,0,0,0,0,0,0
1789010170.236975,6104,pg_catalog,pg_publication,0,0,0,0,0,0,0,0,0
1789010170.236975,13477,pg_toast,pg_toast_13474,0,0,0,0,0,0,0,0,0
1789010170.236975,3429,pg_catalog,pg_statistic_ext_data,0,0,0,0,0,0,0,0,0
1789010170.236975,2619,pg_catalog,pg_statistic,0,0,17,8,0,0,0,0,0
1789010170.236975,4155,pg_toast,pg_toast_3394,0,0,0,0,0,0,0,0,0
1789010170.236975,2188196,pg_toast,pg_toast_2188190,0,0,0,0,0,0,0,0,0
1789010170.236975,3381,pg_catalog,pg_statistic_ext,0,0,3,0,0,0,0,0,0
1789010170.236975,6106,pg_catalog,pg_publication_rel,0,0,0,0,0,0,0,0,0
1789010170.236975,2605,pg_catalog,pg_cast,0,0,34,7,0,0,0,0,0
1789010170.236975,4171,pg_toast,pg_toast_1247,0,0,0,0,0,0,0,0,0
1789010170.236975,2830,pg_toast,pg_toast_2604,0,0,0,0,0,0,0,0,0
1789010170.236975,13479,information_schema,sql_implementation_info,0,0,,,0,0,0,0,0
1789010170.236975,6244,pg_toast,pg_toast_6243,0,0,0,0,0,0,0,0,0
1789010170.236975,3430,pg_toast,pg_toast_3429,0,0,0,0,0,0,0,0,0
1789010230.316449,2188132,public,customer_taxrate,0,0,0,0,0,0,0,0,0
1789010230.316449,3576,pg_catalog,pg_transform,0,0,0,0,0,0,0,0,0
1789010230.316449,2601,pg_catalog,pg_am,0,0,0,0,0,0,0,0,0
1789010230.316449,2188188,pg_toast,pg_toast_2188182,0,0,0,0,0,0,0,0,0
1789010230.316449,3394,pg_catalog,pg_init_privs,0,0,0,0,0,0,0,0,0
1789010230.316449,4167,pg_toast,pg_toast_3256,0,0,0,0,0,0,0,0,0
1789010230.316449,4151,pg_toast,pg_toast_1417,0,0,0,0,0,0,0,0,0
1789010230.316449,2834,pg_toast,pg_toast_2609,0,0,0,0,0,0,0,0,0
1789010230.316449,6000,pg_catalog,pg_replication_origin,0,0,0,0,0,0,0,0,0
1789010230.316449,2188343,public,news_item,0,0,0,0,0,0,0,0,0
1789010230.316449,2840,pg_toast,pg_toast_2619,0,0,0,0,0,0,0,0,0
1789010230.316449,2188122,public,customer_account,0,0,0,0,0,0,0,0,0
1789010230.316449,2328,pg_catalog,pg_foreign_data_wrapper,0,0,0,0,0,0,0,0,0
1789010230.316449,4157,pg_toast,pg_toast_2612,0,0,0,0,0,0,0,0,0
1789010230.316449,1260,pg_catalog,pg_authid,0,0,0,0,0,0,0,0,0
1789010230.316449,6102,pg_catalog,pg_subscription_rel,0,0,0,0,0,0,0,0,0
1789010230.316449,1214,pg_catalog,pg_shdepend,0,0,0,0,0,0,0,0,0
1789010230.316449,4163,pg_toast,pg_toast_2615,0,0,0,0,0,0,0,0,0
1789010230.316449,4169,pg_toast,pg_toast_3600,0,0,0,0,0,0,0,0,0
1789010230.316449,2615,pg_catalog,pg_namespace,1,4,5,2,0,0,0,0,0
1789010230.316449,2188162,public,watch_item,0,0,0,0,0,0,0,0,0
1789010230.316449,2188167,public,watch_list,0,0,0,0,0,0,0,0,0
1789010230.316449,2188243,public,trade_history,0,0,0,0,0,0,0,0,0
1789010230.316449,2188210,public,settlement,0,0,0,0,0,0,0,0,0
1789010230.316449,2188269,public,company,0,0,0,0,0,0,0,0,0
1789010230.316449,2396,pg_catalog,pg_shdescription,0,0,0,0,0,0,0,0,0
1789010230.316449,3600,pg_catalog,pg_ts_dict,0,0,0,0,0,0,0,0,0
1789010230.316449,3596,pg_catalog,pg_seclabel,0,0,0,0,0,0,0,0,0
1789010230.316449,2609,pg_catalog,pg_description,0,0,0,0,0,0,0,0,0
1789010230.316449,13482,pg_toast,pg_toast_13479,0,0,0,0,0,0,0,0,0
1789010230.316449,2188156,public,holding_summary,0,0,0,0,0,0,0,0,0
1789010230.316449,2188390,public,status_type,0,0,0,0,0,0,0,0,0
1789010230.316449,2188395,public,taxrate,0,0,0,0,0,0,0,0,0
1789010230.316449,3603,pg_catalog,pg_ts_config_map,0,0,0,0,0,0,0,0,0
1789010230.316449,1213,pg_catalog,pg_tablespace,0,0,1,1,0,0,0,0,0
1789010230.316449,2188383,pg_toast,pg_toast_2188364,0,0,0,0,0,0,0,0,0
1789010230.316449,2608,pg_catalog,pg_depend,0,0,0,0,0,0,0,0,0
1789010230.316449,2964,pg_catalog,pg_db_role_setting,0,0,0,0,0,0,0,0,0
1789010230.316449,1418,pg_catalog,pg_user_mapping,0,0,0,0,0,0,0,0,0
1789010230.316449,2613,pg_catalog,pg_largeobject,0,0,0,0,0,0,0,0,0
1789010230.316449,6175,pg_toast,pg_toast_3456,0,0,0,0,0,0,0,0,0
1789010230.316449,1261,pg_catalog,pg_auth_members,0,0,0,0,0,0,0,0,0
1789010230.316449,2617,pg_catalog,pg_operator,0,0,5,5,0,0,0,0,0
1789010230.316449,2188352,pg_toast,pg_toast_2188343,0,0,0,0,0,0,0,0,0
1789010230.316449,2188341,pg_toast,pg_toast_2188333,0,0,0,0,0,0,0,0,0
1789010230.316449,2610,pg_catalog,pg_index,1,221,11,14,0,0,0,0,0
1789010230.316449,1249,pg_catalog,pg_attribute,0,0,75,92,0,0,0,0,0
1789010230.316449,2188281,public,company_competitor,0,0,0,0,0,0,0,0,0
1789010230.316449,2600,pg_catalog,pg_aggregate,0,0,1,1,0,0,0,0,0
1789010230.316449,2188180,pg_toast,pg_toast_2188172,0,0,0,0,0,0,0,0,0
1789010230.316449,2188354,public,news_xref,0,0,0,0,0,0,0,0,0
1789010230.316449,2966,pg_toast,pg_toast_2964,0,0,0,0,0,0,0,0,0
1789010230.316449,2188402,public,zip_code,0,0,0,0,0,0,0,0,0
1789010230.316449,2618,pg_catalog,pg_rewrite,0,0,1,1,0,0,0,0,0
1789010230.316449,4177,pg_toast,pg_toast_1262,0,0,0,0,0,0,0,0,0
1789010230.316449,13484,information_schema,sql_parts,0,0,,,0,0,0,0,0
1789010230.316449,4159,pg_toast,pg_toast_2600,0,0,0,0,0,0,0,0,0
1789010230.316449,4147,pg_toast,pg_toast_3079,0,0,0,0,0,0,0,0,0
1789010230.316449,13474,information_schema,sql_features,0,0,,,0,0,0,0,0
1789010230.316449,1247,pg_catalog,pg_type,0,0,19,19,0,0,0,0,0
1789010230.316449,2602,pg_catalog,pg_amop,0,0,12,25,0,0,0,0,0
1789010230.316449,3439,pg_toast,pg_toast_3381,0,0,0,0,0,0,0,0,0
1789010230.316449,2846,pg_toast,pg_toast_2396,0,0,0,0,0,0,0,0,0
1789010230.316449,4145,pg_toast,pg_toast_3466,0,0,0,0,0,0,0,0,0
1789010230.316449,2188385,public,address,0,0,0,0,0,0,0,0,0
1789010230.316449,2188137,public,holding,0,0,0,0,0,0,0,0,0
1789010230.316449,3541,pg_catalog,pg_range,0,0,0,0,0,0,0,0,0
1789010230.316449,3602,pg_catalog,pg_ts_config,0,0,0,0,0,0,0,0,0
1789010230.316449,4183,pg_toast,pg_toast_6100,0,0,0,0,0,0,0,0,0
1789010230.316449,2188333,public,last_trade,0,0,0,0,0,0,0,0,0
1789010230.316449,2224,pg_catalog,pg_sequence,0,0,0,0,0,0,0,0,0
1789010230.316449,2611,pg_catalog,pg_inherits,0,0,0,0,0,0,0,0,0
1789010230.316449,1417,pg_catalog,pg_foreign_server,0,0,0,0,0,0,0,0,0
1789010230.316449,1262,pg_catalog,pg_database,0,0,0,0,0,0,0,0,0
1789010230.316449,2188182,public,cash_transaction,0,0,0,0,0,0,0,0,0
1789010230.316449,13492,pg_toast,pg_toast_13489,0,0,0,0,0,0,0,0,0
1789010230.316449,3501,pg_catalog,pg_enum,0,0,0,0,0,0,0,0,0
1789010230.316449,2607,pg_catalog,pg_conversion,0,0,0,0,0,0,0,0,0
1789010230.316449,2188359,public,sector,0,0,0,0,0,0,0,0,0
1789010230.316449,2188217,pg_toast,pg_toast_2188210,0,0,0,0,0,0,0,0,0
1789010230.316449,826,pg_catalog,pg_default_acl,0,0,0,0,0,0,0,0,0
1789010230.316449,2604,pg_catalog,pg_attrdef,0,0,0,0,0,0,0,0,0
1789010230.316449,2336,pg_toast,pg_toast_2620,0,0,0,0,0,0,0,0,0
1789010230.316449,2188149,public,holding_history,0,0,0,0,0,0,0,0,0
1789010230.316449,2603,pg_catalog,pg_amproc,0,0,5,11,0,0,0,0,0
1789010230.316449,2606,pg_catalog,pg_constraint,0,0,3,8,0,0,0,0,0
1789010230.316449,1255,pg_catalog,pg_proc,0,0,19,24,0,0,0,0,0
1789010230.316449,4173,pg_toast,pg_toast_1418,0,0,0,0,0,0,0,0,0
1789010230.316449,2620,pg_catalog,pg_trigger,0,0,0,0,0,0,0,0,0
1789010230.316449,2188241,pg_toast,pg_toast_2188219,0,0,0,0,0,0,0,0,0
1789010230.316449,2612,pg_catalog,pg_language,0,0,0,0,0,0,0,0,0
1789010230.316449,4149,pg_toast,pg_toast_2328,0,0,0,0,0,0,0,0,0
1789010230.316449,6351,pg_toast,pg_toast_2610,0,0,0,0,0,0,0,0,0
1789010230.316449,13489,information_schema,sql_sizing,0,0,,,0,0,0,0,0
1789010230.316449,3598,pg_toast,pg_toast_3596,0,0,0,0,0,0,0,0,0
1789010230.316449,2188111,public,customer,0,0,0,0,0,0,0,0,0
1789010230.316449,2836,pg_toast,pg_toast_1255,0,0,0,0,0,0,0,0,0
1789010230.316449,3456,pg_catalog,pg_collation,0,0,0,0,0,0,0,0,0
1789010230.316449,3079,pg_catalog,pg_extension,0,0,0,0,0,0,0,0,0
1789010230.316449,2188262,public,trade_type,0,0,0,0,0,0,0,0,0
1789010230.316449,6100,pg_catalog,pg_subscription,0,0,0,0,0,0,0,0,0
1789010230.316449,2188249,public,trade_request,0,0,0,0,0,0,0,0,0
1789010230.316449,2188198,public,commission_rate,0,0,0,0,0,0,0,0,0
1789010230.316449,2188130,pg_toast,pg_toast_2188122,0,0,0,0,0,0,0,0,0
1789010230.316449,2832,pg_toast,pg_toast_2606,0,0,0,0,0,0,0,0,0
1789010230.316449,3256,pg_catalog,pg_policy,0,0,0,0,0,0,0,0,0
1789010230.316449,2188172,public,broker,0,0,0,0,0,0,0,0,0
1789010230.316449,2188296,pg_toast,pg_toast_2188287,0,0,0,0,0,0,0,0,0
1789010230.316449,2188307,public,financial,0,0,0,0,0,0,0,0,0
1789010230.316449,2188103,public,account_permission,0,0,0,0,0,0,0,0,0
1789010230.316449,3466,pg_catalog,pg_event_trigger,0,0,0,0,0,0,0,0,0
1789010230.316449,3592,pg_catalog,pg_shseclabel,0,0,0,0,0,0,0,0,0
1789010230.316449,3764,pg_catalog,pg_ts_template,0,0,0,0,0,0,0,0,0
1789010230.316449,6237,pg_catalog,pg_publication_namespace,0,0,0,0,0,0,0,0,0
1789010230.316449,13487,pg_toast,pg_toast_13484,0,0,0,0,0,0,0,0,0
1789010230.316449,2995,pg_catalog,pg_largeobject_metadata,0,0,0,0,0,0,0,0,0
1789010230.316449,4143,pg_toast,pg_toast_826,0,0,0,0,0,0,0,0,0
1789010230.316449,4185,pg_toast,pg_toast_1213,0,0,0,0,0,0,0,0,0
1789010230.316449,2188287,public,daily_market,0,0,0,0,0,0,0,0,0
1789010230.316449,2188190,public,charge,0,0,0,0,0,0,0,0,0
1789010230.316449,6243,pg_catalog,pg_parameter_acl,0,0,0,0,0,0,0,0,0
1789010230.316449,2616,pg_catalog,pg_opclass,0,0,8,134,0,0,0,0,0
1789010230.316449,2188298,public,exchange,0,0,0,0,0,0,0,0,0
1789010230.316449,2188147,pg_toast,pg_toast_2188137,0,0,0,0,0,0,0,0,0
1789010230.316449,2838,pg_toast,pg_toast_2618,0,0,1,3,0,0,0,0,0
1789010230.316449,2188327,public,industry,0,0,0,0,0,0,0,0,0
1789010230.316449,6228,pg_toast,pg_toast_6106,0,0,0,0,0,0,0,0,0
1789010230.316449,2188325,pg_toast,pg_toast_2188307,0,0,0,0,0,0,0,0,0
1789010230.316449,2188364,public,security,0,0,0,0,0,0,0,0,0
1789010230.316449,3118,pg_catalog,pg_foreign_table,0,0,0,0,0,0,0,0,0
1789010230.316449,1259,pg_catalog,pg_class,1,523,12,12,0,0,0,0,0
1789010230.316449,3350,pg_catalog,pg_partitioned_table,0,0,0,0,0,0,0,0,0
1789010230.316449,4153,pg_toast,pg_toast_3118,0,0,0,0,0,0,0,0,0
1789010230.316449,4060,pg_toast,pg_toast_3592,0,0,0,0,0,0,0,0,0
1789010230.316449,4165,pg_toast,pg_toast_3350,0,0,0,0,0,0,0,0,0
1789010230.316449,2753,pg_catalog,pg_opfamily,0,0,2,2,0,0,0,0,0
1789010230.316449,3601,pg_catalog,pg_ts_parser,0,0,0,0,0,0,0,0,0
1789010230.316449,2188219,public,trade,0,0,0,0,0,0,0,0,0
1789010230.316449,2188260,pg_toast,pg_toast_2188249,0,0,0,0,0,0,0,0,0
1789010230.316449,6104,pg_catalog,pg_publication,0,0,0,0,0,0,0,0,0
1789010230.316449,13477,pg_toast,pg_toast_13474,0,0,0,0,0,0,0,0,0
1789010230.316449,3429,pg_catalog,pg_statistic_ext_data,0,0,0,0,0,0,0,0,0
1789010230.316449,2619,pg_catalog,pg_statistic,0,0,17,8,0,0,0,0,0
1789010230.316449,4155,pg_toast,pg_toast_3394,0,0,0,0,0,0,0,0,0
1789010230.316449,2188196,pg_toast,pg_toast_2188190,0,0,0,0,0,0,0,0,0
1789010230.316449,3381,pg_catalog,pg_statistic_ext,0,0,3,0,0,0,0,0,0
1789010230.316449,6106,pg_catalog,pg_publication_rel,0,0,0,0,0,0,0,0,0
1789010230.316449,2605,pg_catalog,pg_cast,0,0,34,7,0,0,0,0,0
1789010230.316449,4171,pg_toast,pg_toast_1247,0,0,0,0,0,0,0,0,0
1789010230.316449,2830,pg_toast,pg_toast_2604,0,0,0,0,0,0,0,0,0
1789010230.316449,13479,information_schema,sql_implementation_info,0,0,,,0,0,0,0,0
1789010230.316449,6244,pg_toast,pg_toast_6243,0,0,0,0,0,0,0,0,0
1789010230.316449,3430,pg_toast,pg_toast_3429,0,0,0,0,0,0,0,0,0
1789010290.397830,2188132,public,customer_taxrate,0,0,0,0,0,0,0,0,0
1789010290.397830,3576,pg_catalog,pg_transform,0,0,0,0,0,0,0,0,0
1789010290.397830,2601,pg_catalog,pg_am,0,0,0,0,0,0,0,0,0
1789010290.397830,2188188,pg_toast,pg_toast_2188182,0,0,0,0,0,0,0,0,0
1789010290.397830,3394,pg_catalog,pg_init_privs,0,0,0,0,0,0,0,0,0
1789010290.397830,4167,pg_toast,pg_toast_3256,0,0,0,0,0,0,0,0,0
1789010290.397830,4151,pg_toast,pg_toast_1417,0,0,0,0,0,0,0,0,0
1789010290.397830,2834,pg_toast,pg_toast_2609,0,0,0,0,0,0,0,0,0
1789010290.397830,6000,pg_catalog,pg_replication_origin,0,0,0,0,0,0,0,0,0
1789010290.397830,2188343,public,news_item,0,0,0,0,0,0,0,0,0
1789010290.397830,2840,pg_toast,pg_toast_2619,0,0,0,0,0,0,0,0,0
1789010290.397830,2188122,public,customer_account,0,0,0,0,0,0,0,0,0
1789010290.397830,2328,pg_catalog,pg_foreign_data_wrapper,0,0,0,0,0,0,0,0,0
1789010290.397830,4157,pg_toast,pg_toast_2612,0,0,0,0,0,0,0,0,0
1789010290.397830,1260,pg_catalog,pg_authid,0,0,0,0,0,0,0,0,0
1789010290.397830,6102,pg_catalog,pg_subscription_rel,0,0,0,0,0,0,0,0,0
1789010290.397830,1214,pg_catalog,pg_shdepend,0,0,0,0,0,0,0,0,0
1789010290.397830,4163,pg_toast,pg_toast_2615,0,0,0,0,0,0,0,0,0
1789010290.397830,4169,pg_toast,pg_toast_3600,0,0,0,0,0,0,0,0,0
1789010290.397830,2615,pg_catalog,pg_namespace,1,4,5,2,0,0,0,0,0
1789010290.397830,2188162,public,watch_item,0,0,0,0,0,0,0,0,0
1789010290.397830,2188167,public,watch_list,0,0,0,0,0,0,0,0,0
1789010290.397830,2188243,public,trade_history,0,0,0,0,0,0,0,0,0
1789010290.397830,2188210,public,settlement,0,0,0,0,0,0,0,0,0
1789010290.397830,2188269,public,company,0,0,0,0,0,0,0,0,0
1789010290.397830,2396,pg_catalog,pg_shdescription,0,0,0,0,0,0,0,0,0
1789010290.397830,3600,pg_catalog,pg_ts_dict,0,0,0,0,0,0,0,0,0
1789010290.397830,3596,pg_catalog,pg_seclabel,0,0,0,0,0,0,0,0,0
1789010290.397830,2609,pg_catalog,pg_description,0,0,0,0,0,0,0,0,0
1789010290.397830,13482,pg_toast,pg_toast_13479,0,0,0,0,0,0,0,0,0
1789010290.397830,2188156,public,holding_summary,0,0,0,0,0,0,0,0,0
1789010290.397830,2188390,public,status_type,0,0,0,0,0,0,0,0,0
1789010290.397830,2188395,public,taxrate,0,0,0,0,0,0,0,0,0
1789010290.397830,3603,pg_catalog,pg_ts_config_map,0,0,0,0,0,0,0,0,0
1789010290.397830,1213,pg_catalog,pg_tablespace,0,0,1,1,0,0,0,0,0
1789010290.397830,2188383,pg_toast,pg_toast_2188364,0,0,0,0,0,0,0,0,0
1789010290.397830,2608,pg_catalog,pg_depend,0,0,0,0,0,0,0,0,0
1789010290.397830,2964,pg_catalog,pg_db_role_setting,0,0,0,0,0,0,0,0,0
1789010290.397830,1418,pg_catalog,pg_user_mapping,0,0,0,0,0,0,0,0,0
1789010290.397830,2613,pg_catalog,pg_largeobject,0,0,0,0,0,0,0,0,0
1789010290.397830,6175,pg_toast,pg_toast_3456,0,0,0,0,0,0,0,0,0
1789010290.397830,1261,pg_catalog,pg_auth_members,0,0,0,0,0,0,0,0,0
1789010290.397830,2617,pg_catalog,pg_operator,0,0,5,5,0,0,0,0,0
1789010290.397830,2188352,pg_toast,pg_toast_2188343,0,0,0,0,0,0,0,0,0
1789010290.397830,2188341,pg_toast,pg_toast_2188333,0,0,0,0,0,0,0,0,0
1789010290.397830,2610,pg_catalog,pg_index,1,221,11,14,0,0,0,0,0
1789010290.397830,1249,pg_catalog,pg_attribute,0,0,75,92,0,0,0,0,0
1789010290.397830,2188281,public,company_competitor,0,0,0,0,0,0,0,0,0
1789010290.397830,2600,pg_catalog,pg_aggregate,0,0,1,1,0,0,0,0,0
1789010290.397830,2188180,pg_toast,pg_toast_2188172,0,0,0,0,0,0,0,0,0
1789010290.397830,2188354,public,news_xref,0,0,0,0,0,0,0,0,0
1789010290.397830,2966,pg_toast,pg_toast_2964,0,0,0,0,0,0,0,0,0
1789010290.397830,2188402,public,zip_code,0,0,0,0,0,0,0,0,0
1789010290.397830,2618,pg_catalog,pg_rewrite,0,0,1,1,0,0,0,0,0
1789010290.397830,4177,pg_toast,pg_toast_1262,0,0,0,0,0,0,0,0,0
1789010290.397830,13484,information_schema,sql_parts,0,0,,,0,0,0,0,0
1789010290.397830,4159,pg_toast,pg_toast_2600,0,0,0,0,0,0,0,0,0
1789010290.397830,4147,pg_toast,pg_toast_3079,0,0,0,0,0,0,0,0,0
1789010290.397830,13474,information_schema,sql_features,0,0,,,0,0,0,0,0
1789010290.397830,1247,pg_catalog,pg_type,0,0,19,19,0,0,0,0,0
1789010290.397830,2602,pg_catalog,pg_amop,0,0,12,25,0,0,0,0,0
1789010290.397830,3439,pg_toast,pg_toast_3381,0,0,0,0,0,0,0,0,0
1789010290.397830,2846,pg_toast,pg_toast_2396,0,0,0,0,0,0,0,0,0
1789010290.397830,4145,pg_toast,pg_toast_3466,0,0,0,0,0,0,0,0,0
1789010290.397830,2188385,public,address,0,0,0,0,0,0,0,0,0
1789010290.397830,2188137,public,holding,0,0,0,0,0,0,0,0,0
1789010290.397830,3541,pg_catalog,pg_range,0,0,0,0,0,0,0,0,0
1789010290.397830,3602,pg_catalog,pg_ts_config,0,0,0,0,0,0,0,0,0
1789010290.397830,4183,pg_toast,pg_toast_6100,0,0,0,0,0,0,0,0,0
1789010290.397830,2188333,public,last_trade,0,0,0,0,0,0,0,0,0
1789010290.397830,2224,pg_catalog,pg_sequence,0,0,0,0,0,0,0,0,0
1789010290.397830,2611,pg_catalog,pg_inherits,0,0,0,0,0,0,0,0,0
1789010290.397830,1417,pg_catalog,pg_foreign_server,0,0,0,0,0,0,0,0,0
1789010290.397830,1262,pg_catalog,pg_database,0,0,0,0,0,0,0,0,0
1789010290.397830,2188182,public,cash_transaction,0,0,0,0,0,0,0,0,0
1789010290.397830,13492,pg_toast,pg_toast_13489,0,0,0,0,0,0,0,0,0
1789010290.397830,3501,pg_catalog,pg_enum,0,0,0,0,0,0,0,0,0
1789010290.397830,2607,pg_catalog,pg_conversion,0,0,0,0,0,0,0,0,0
1789010290.397830,2188359,public,sector,0,0,0,0,0,0,0,0,0
1789010290.397830,2188217,pg_toast,pg_toast_2188210,0,0,0,0,0,0,0,0,0
1789010290.397830,826,pg_catalog,pg_default_acl,0,0,0,0,0,0,0,0,0
1789010290.397830,2604,pg_catalog,pg_attrdef,0,0,0,0,0,0,0,0,0
1789010290.397830,2336,pg_toast,pg_toast_2620,0,0,0,0,0,0,0,0,0
1789010290.397830,2188149,public,holding_history,0,0,0,0,0,0,0,0,0
1789010290.397830,2603,pg_catalog,pg_amproc,0,0,5,11,0,0,0,0,0
1789010290.397830,2606,pg_catalog,pg_constraint,0,0,3,8,0,0,0,0,0
1789010290.397830,1255,pg_catalog,pg_proc,0,0,19,24,0,0,0,0,0
1789010290.397830,4173,pg_toast,pg_toast_1418,0,0,0,0,0,0,0,0,0
1789010290.397830,2620,pg_catalog,pg_trigger,0,0,0,0,0,0,0,0,0
1789010290.397830,2188241,pg_toast,pg_toast_2188219,0,0,0,0,0,0,0,0,0
1789010290.397830,2612,pg_catalog,pg_language,0,0,0,0,0,0,0,0,0
1789010290.397830,4149,pg_toast,pg_toast_2328,0,0,0,0,0,0,0,0,0
1789010290.397830,6351,pg_toast,pg_toast_2610,0,0,0,0,0,0,0,0,0
1789010290.397830,13489,information_schema,sql_sizing,0,0,,,0,0,0,0,0
1789010290.397830,3598,pg_toast,pg_toast_3596,0,0,0,0,0,0,0,0,0
1789010290.397830,2188111,public,customer,0,0,0,0,0,0,0,0,0
1789010290.397830,2836,pg_toast,pg_toast_1255,0,0,0,0,0,0,0,0,0
1789010290.397830,3456,pg_catalog,pg_collation,0,0,0,0,0,0,0,0,0
1789010290.397830,3079,pg_catalog,pg_extension,0,0,0,0,0,0,0,0,0
1789010290.397830,2188262,public,trade_type,0,0,0,0,0,0,0,0,0
1789010290.397830,6100,pg_catalog,pg_subscription,0,0,0,0,0,0,0,0,0
1789010290.397830,2188249,public,trade_request,0,0,0,0,0,0,0,0,0
1789010290.397830,2188198,public,commission_rate,0,0,0,0,0,0,0,0,0
1789010290.397830,2188130,pg_toast,pg_toast_2188122,0,0,0,0,0,0,0,0,0
1789010290.397830,2832,pg_toast,pg_toast_2606,0,0,0,0,0,0,0,0,0
1789010290.397830,3256,pg_catalog,pg_policy,0,0,0,0,0,0,0,0,0
1789010290.397830,2188172,public,broker,0,0,0,0,0,0,0,0,0
1789010290.397830,2188296,pg_toast,pg_toast_2188287,0,0,0,0,0,0,0,0,0
1789010290.397830,2188307,public,financial,0,0,0,0,0,0,0,0,0
1789010290.397830,2188103,public,account_permission,0,0,0,0,0,0,0,0,0
1789010290.397830,3466,pg_catalog,pg_event_trigger,0,0,0,0,0,0,0,0,0
1789010290.397830,3592,pg_catalog,pg_shseclabel,0,0,0,0,0,0,0,0,0
1789010290.397830,3764,pg_catalog,pg_ts_template,0,0,0,0,0,0,0,0,0
1789010290.397830,6237,pg_catalog,pg_publication_namespace,0,0,0,0,0,0,0,0,0
1789010290.397830,13487,pg_toast,pg_toast_13484,0,0,0,0,0,0,0,0,0
1789010290.397830,2995,pg_catalog,pg_largeobject_metadata,0,0,0,0,0,0,0,0,0
1789010290.397830,4143,pg_toast,pg_toast_826,0,0,0,0,0,0,0,0,0
1789010290.397830,4185,pg_toast,pg_toast_1213,0,0,0,0,0,0,0,0,0
1789010290.397830,2188287,public,daily_market,0,0,0,0,0,0,0,0,0
1789010290.397830,2188190,public,charge,0,0,0,0,0,0,0,0,0
1789010290.397830,6243,pg_catalog,pg_parameter_acl,0,0,0,0,0,0,0,0,0
1789010290.397830,2616,pg_catalog,pg_opclass,0,0,8,134,0,0,0,0,0
1789010290.397830,2188298,public,exchange,0,0,0,0,0,0,0,0,0
1789010290.397830,2188147,pg_toast,pg_toast_2188137,0,0,0,0,0,0,0,0,0
1789010290.397830,2838,pg_toast,pg_toast_2618,0,0,1,3,0,0,0,0,0
1789010290.397830,2188327,public,industry,0,0,0,0,0,0,0,0,0
1789010290.397830,6228,pg_toast,pg_toast_6106,0,0,0,0,0,0,0,0,0
1789010290.397830,2188325,pg_toast,pg_toast_2188307,0,0,0,0,0,0,0,0,0
1789010290.397830,2188364,public,security,0,0,0,0,0,0,0,0,0
1789010290.397830,3118,pg_catalog,pg_foreign_table,0,0,0,0,0,0,0,0,0
1789010290.397830,1259,pg_catalog,pg_class,1,523,12,12,0,0,0,0,0
1789010290.397830,3350,pg_catalog,pg_partitioned_table,0,0,0,0,0,0,0,0,0
1789010290.397830,4153,pg_toast,pg_toast_3118,0,0,0,0,0,0,0,0,0
1789010290.397830,4060,pg_toast,pg_toast_3592,0,0,0,0,0,0,0,0,0
1789010290.397830,4165,pg_toast,pg_toast_3350,0,0,0,0,0,0,0,0,0
1789010290.397830,2753,pg_catalog,pg_opfamily,0,0,2,2,0,0,0,0,0
1789010290.397830,3601,pg_catalog,pg_ts_parser,0,0,0,0,0,0,0,0,0
1789010290.397830,2188219,public,trade,0,0,0,0,0,0,0,0,0
1789010290.397830,2188260,pg_toast,pg_toast_2188249,0,0,0,0,0,0,0,0,0
1789010290.397830,6104,pg_catalog,pg_publication,0,0,0,0,0,0,0,0,0
1789010290.397830,13477,pg_toast,pg_toast_13474,0,0,0,0,0,0,0,0,0
1789010290.397830,3429,pg_catalog,pg_statistic_ext_data,0,0,0,0,0,0,0,0,0
1789010290.397830,2619,pg_catalog,pg_statistic,0,0,17,8,0,0,0,0,0
1789010290.397830,4155,pg_toast,pg_toast_3394,0,0,0,0,0,0,0,0,0
1789010290.397830,2188196,pg_toast,pg_toast_2188190,0,0,0,0,0,0,0,0,0
1789010290.397830,3381,pg_catalog,pg_statistic_ext,0,0,3,0,0,0,0,0,0
1789010290.397830,6106,pg_catalog,pg_publication_rel,0,0,0,0,0,0,0,0,0
1789010290.397830,2605,pg_catalog,pg_cast,0,0,34,7,0,0,0,0,0
1789010290.397830,4171,pg_toast,pg_toast_1247,0,0,0,0,0,0,0,0,0
1789010290.397830,2830,pg_toast,pg_toast_2604,0,0,0,0,0,0,0,0,0
1789010290.397830,13479,information_schema,sql_implementation_info,0,0,,,0,0,0,0,0
1789010290.397830,6244,pg_toast,pg_toast_6243,0,0,0,0,0,0,0,0,0
1789010290.397830,3430,pg_toast,pg_toast_3429,0,0,0,0,0,0,0,0,0
1789010350.480930,2188132,public,customer_taxrate,0,0,0,0,0,0,0,0,0
1789010350.480930,3576,pg_catalog,pg_transform,0,0,0,0,0,0,0,0,0
1789010350.480930,2601,pg_catalog,pg_am,0,0,0,0,0,0,0,0,0
1789010350.480930,2188188,pg_toast,pg_toast_2188182,0,0,0,0,0,0,0,0,0
1789010350.480930,3394,pg_catalog,pg_init_privs,0,0,0,0,0,0,0,0,0
1789010350.480930,4167,pg_toast,pg_toast_3256,0,0,0,0,0,0,0,0,0
1789010350.480930,4151,pg_toast,pg_toast_1417,0,0,0,0,0,0,0,0,0
1789010350.480930,2834,pg_toast,pg_toast_2609,0,0,0,0,0,0,0,0,0
1789010350.480930,6000,pg_catalog,pg_replication_origin,0,0,0,0,0,0,0,0,0
1789010350.480930,2188343,public,news_item,0,0,0,0,0,0,0,0,0
1789010350.480930,2840,pg_toast,pg_toast_2619,0,0,0,0,0,0,0,0,0
1789010350.480930,2188122,public,customer_account,0,0,0,0,0,0,0,0,0
1789010350.480930,2328,pg_catalog,pg_foreign_data_wrapper,0,0,0,0,0,0,0,0,0
1789010350.480930,4157,pg_toast,pg_toast_2612,0,0,0,0,0,0,0,0,0
1789010350.480930,1260,pg_catalog,pg_authid,0,0,0,0,0,0,0,0,0
1789010350.480930,6102,pg_catalog,pg_subscription_rel,0,0,0,0,0,0,0,0,0
1789010350.480930,1214,pg_catalog,pg_shdepend,0,0,0,0,0,0,0,0,0
1789010350.480930,4163,pg_toast,pg_toast_2615,0,0,0,0,0,0,0,0,0
1789010350.480930,4169,pg_toast,pg_toast_3600,0,0,0,0,0,0,0,0,0
1789010350.480930,2615,pg_catalog,pg_namespace,1,4,5,2,0,0,0,0,0
1789010350.480930,2188162,public,watch_item,0,0,0,0,0,0,0,0,0
1789010350.480930,2188167,public,watch_list,0,0,0,0,0,0,0,0,0
1789010350.480930,2188243,public,trade_history,0,0,0,0,0,0,0,0,0
1789010350.480930,2188210,public,settlement,0,0,0,0,0,0,0,0,0
1789010350.480930,2188269,public,company,0,0,0,0,0,0,0,0,0
1789010350.480930,2396,pg_catalog,pg_shdescription,0,0,0,0,0,0,0,0,0
1789010350.480930,3600,pg_catalog,pg_ts_dict,0,0,0,0,0,0,0,0,0
1789010350.480930,3596,pg_catalog,pg_seclabel,0,0,0,0,0,0,0,0,0
1789010350.480930,2609,pg_catalog,pg_description,0,0,0,0,0,0,0,0,0
1789010350.480930,13482,pg_toast,pg_toast_13479,0,0,0,0,0,0,0,0,0
1789010350.480930,2188156,public,holding_summary,0,0,0,0,0,0,0,0,0
1789010350.480930,2188390,public,status_type,0,0,0,0,0,0,0,0,0
1789010350.480930,2188395,public,taxrate,0,0,0,0,0,0,0,0,0
1789010350.480930,3603,pg_catalog,pg_ts_config_map,0,0,0,0,0,0,0,0,0
1789010350.480930,1213,pg_catalog,pg_tablespace,0,0,1,1,0,0,0,0,0
1789010350.480930,2188383,pg_toast,pg_toast_2188364,0,0,0,0,0,0,0,0,0
1789010350.480930,2608,pg_catalog,pg_depend,0,0,0,0,0,0,0,0,0
1789010350.480930,2964,pg_catalog,pg_db_role_setting,0,0,0,0,0,0,0,0,0
1789010350.480930,1418,pg_catalog,pg_user_mapping,0,0,0,0,0,0,0,0,0
1789010350.480930,2613,pg_catalog,pg_largeobject,0,0,0,0,0,0,0,0,0
1789010350.480930,6175,pg_toast,pg_toast_3456,0,0,0,0,0,0,0,0,0
1789010350.480930,1261,pg_catalog,pg_auth_members,0,0,0,0,0,0,0,0,0
1789010350.480930,2617,pg_catalog,pg_operator,0,0,5,5,0,0,0,0,0
1789010350.480930,2188352,pg_toast,pg_toast_2188343,0,0,0,0,0,0,0,0,0
1789010350.480930,2188341,pg_toast,pg_toast_2188333,0,0,0,0,0,0,0,0,0
1789010350.480930,2610,pg_catalog,pg_index,1,221,11,14,0,0,0,0,0
1789010350.480930,1249,pg_catalog,pg_attribute,0,0,75,92,0,0,0,0,0
1789010350.480930,2188281,public,company_competitor,0,0,0,0,0,0,0,0,0
1789010350.480930,2600,pg_catalog,pg_aggregate,0,0,1,1,0,0,0,0,0
1789010350.480930,2188180,pg_toast,pg_toast_2188172,0,0,0,0,0,0,0,0,0
1789010350.480930,2188354,public,news_xref,0,0,0,0,0,0,0,0,0
1789010350.480930,2966,pg_toast,pg_toast_2964,0,0,0,0,0,0,0,0,0
1789010350.480930,2188402,public,zip_code,0,0,0,0,0,0,0,0,0
1789010350.480930,2618,pg_catalog,pg_rewrite,0,0,1,1,0,0,0,0,0
1789010350.480930,4177,pg_toast,pg_toast_1262,0,0,0,0,0,0,0,0,0
1789010350.480930,13484,information_schema,sql_parts,0,0,,,0,0,0,0,0
1789010350.480930,4159,pg_toast,pg_toast_2600,0,0,0,0,0,0,0,0,0
1789010350.480930,4147,pg_toast,pg_toast_3079,0,0,0,0,0,0,0,0,0
1789010350.480930,13474,information_schema,sql_features,0,0,,,0,0,0,0,0
1789010350.480930,1247,pg_catalog,pg_type,0,0,19,19,0,0,0,0,0
1789010350.480930,2602,pg_catalog,pg_amop,0,0,12,25,0,0,0,0,0
1789010350.480930,3439,pg_toast,pg_toast_3381,0,0,0,0,0,0,0,0,0
1789010350.480930,2846,pg_toast,pg_toast_2396,0,0,0,0,0,0,0,0,0
1789010350.480930,4145,pg_toast,pg_toast_3466,0,0,0,0,0,0,0,0,0
1789010350.480930,2188385,public,address,0,0,0,0,0,0,0,0,0
1789010350.480930,2188137,public,holding,0,0,0,0,0,0,0,0,0
1789010350.480930,3541,pg_catalog,pg_range,0,0,0,0,0,0,0,0,0
1789010350.480930,3602,pg_catalog,pg_ts_config,0,0,0,0,0,0,0,0,0
1789010350.480930,4183,pg_toast,pg_toast_6100,0,0,0,0,0,0,0,0,0
1789010350.480930,2188333,public,last_trade,0,0,0,0,0,0,0,0,0
1789010350.480930,2224,pg_catalog,pg_sequence,0,0,0,0,0,0,0,0,0
1789010350.480930,2611,pg_catalog,pg_inherits,0,0,0,0,0,0,0,0,0
1789010350.480930,1417,pg_catalog,pg_foreign_server,0,0,0,0,0,0,0,0,0
1789010350.480930,1262,pg_catalog,pg_database,0,0,0,0,0,0,0,0,0
1789010350.480930,2188182,public,cash_transaction,0,0,0,0,0,0,0,0,0
1789010350.480930,13492,pg_toast,pg_toast_13489,0,0,0,0,0,0,0,0,0
1789010350.480930,3501,pg_catalog,pg_enum,0,0,0,0,0,0,0,0,0
1789010350.480930,2607,pg_catalog,pg_conversion,0,0,0,0,0,0,0,0,0
1789010350.480930,2188359,public,sector,0,0,0,0,0,0,0,0,0
1789010350.480930,2188217,pg_toast,pg_toast_2188210,0,0,0,0,0,0,0,0,0
1789010350.480930,826,pg_catalog,pg_default_acl,0,0,0,0,0,0,0,0,0
1789010350.480930,2604,pg_catalog,pg_attrdef,0,0,0,0,0,0,0,0,0
1789010350.480930,2336,pg_toast,pg_toast_2620,0,0,0,0,0,0,0,0,0
1789010350.480930,2188149,public,holding_history,0,0,0,0,0,0,0,0,0
1789010350.480930,2603,pg_catalog,pg_amproc,0,0,5,11,0,0,0,0,0
1789010350.480930,2606,pg_catalog,pg_constraint,0,0,3,8,0,0,0,0,0
1789010350.480930,1255,pg_catalog,pg_proc,0,0,19,24,0,0,0,0,0
1789010350.480930,4173,pg_toast,pg_toast_1418,0,0,0,0,0,0,0,0,0
1789010350.480930,2620,pg_catalog,pg_trigger,0,0,0,0,0,0,0,0,0
1789010350.480930,2188241,pg_toast,pg_toast_2188219,0,0,0,0,0,0,0,0,0
1789010350.480930,2612,pg_catalog,pg_language,0,0,0,0,0,0,0,0,0
1789010350.480930,4149,pg_toast,pg_toast_2328,0,0,0,0,0,0,0,0,0
1789010350.480930,6351,pg_toast,pg_toast_2610,0,0,0,0,0,0,0,0,0
1789010350.480930,13489,information_schema,sql_sizing,0,0,,,0,0,0,0,0
1789010350.480930,3598,pg_toast,pg_toast_3596,0,0,0,0,0,0,0,0,0
1789010350.480930,2188111,public,customer,0,0,0,0,0,0,0,0,0
1789010350.480930,2836,pg_toast,pg_toast_1255,0,0,0,0,0,0,0,0,0
1789010350.480930,3456,pg_catalog,pg_collation,0,0,0,0,0,0,0,0,0
1789010350.480930,3079,pg_catalog,pg_extension,0,0,0,0,0,0,0,0,0
1789010350.480930,2188262,public,trade_type,0,0,0,0,0,0,0,0,0
1789010350.480930,6100,pg_catalog,pg_subscription,0,0,0,0,0,0,0,0,0
1789010350.480930,2188249,public,trade_request,0,0,0,0,0,0,0,0,0
1789010350.480930,2188198,public,commission_rate,0,0,0,0,0,0,0,0,0
1789010350.480930,2188130,pg_toast,pg_toast_2188122,0,0,0,0,0,0,0,0,0
1789010350.480930,2832,pg_toast,pg_toast_2606,0,0,0,0,0,0,0,0,0
1789010350.480930,3256,pg_catalog,pg_policy,0,0,0,0,0,0,0,0,0
1789010350.480930,2188172,public,broker,0,0,0,0,0,0,0,0,0
1789010350.480930,2188296,pg_toast,pg_toast_2188287,0,0,0,0,0,0,0,0,0
1789010350.480930,2188307,public,financial,0,0,0,0,0,0,0,0,0
1789010350.480930,2188103,public,account_permission,0,0,0,0,0,0,0,0,0
1789010350.480930,3466,pg_catalog,pg_event_trigger,0,0,0,0,0,0,0,0,0
1789010350.480930,3592,pg_catalog,pg_shseclabel,0,0,0,0,0,0,0,0,0
1789010350.480930,3764,pg_catalog,pg_ts_template,0,0,0,0,0,0,0,0,0
1789010350.480930,6237,pg_catalog,pg_publication_namespace,0,0,0,0,0,0,0,0,0
1789010350.480930,13487,pg_toast,pg_toast_13484,0,0,0,0,0,0,0,0,0
1789010350.480930,2995,pg_catalog,pg_largeobject_metadata,0,0,0,0,0,0,0,0,0
1789010350.480930,4143,pg_toast,pg_toast_826,0,0,0,0,0,0,0,0,0
1789010350.480930,4185,pg_toast,pg_toast_1213,0,0,0,0,0,0,0,0,0
1789010350.480930,2188287,public,daily_market,0,0,0,0,0,0,0,0,0
1789010350.480930,2188190,public,charge,0,0,0,0,0,0,0,0,0
1789010350.480930,6243,pg_catalog,pg_parameter_acl,0,0,0,0,0,0,0,0,0
1789010350.480930,2616,pg_catalog,pg_opclass,0,0,8,134,0,0,0,0,0
1789010350.480930,2188298,public,exchange,0,0,0,0,0,0,0,0,0
1789010350.480930,2188147,pg_toast,pg_toast_2188137,0,0,0,0,0,0,0,0,0
1789010350.480930,2838,pg_toast,pg_toast_2618,0,0,1,3,0,0,0,0,0
1789010350.480930,2188327,public,industry,0,0,0,0,0,0,0,0,0
1789010350.480930,6228,pg_toast,pg_toast_6106,0,0,0,0,0,0,0,0,0
1789010350.480930,2188325,pg_toast,pg_toast_2188307,0,0,0,0,0,0,0,0,0
1789010350.480930,2188364,public,security,0,0,0,0,0,0,0,0,0
1789010350.480930,3118,pg_catalog,pg_foreign_table,0,0,0,0,0,0,0,0,0
1789010350.480930,1259,pg_catalog,pg_class,1,523,12,12,0,0,0,0,0
1789010350.480930,3350,pg_catalog,pg_partitioned_table,0,0,0,0,0,0,0,0,0
1789010350.480930,4153,pg_toast,pg_toast_3118,0,0,0,0,0,0,0,0,0
1789010350.480930,4060,pg_toast,pg_toast_3592,0,0,0,0,0,0,0,0,0
1789010350.480930,4165,pg_toast,pg_toast_3350,0,0,0,0,0,0,0,0,0
1789010350.480930,2753,pg_catalog,pg_opfamily,0,0,2,2,0,0,0,0,0
1789010350.480930,3601,pg_catalog,pg_ts_parser,0,0,0,0,0,0,0,0,0
1789010350.480930,2188219,public,trade,0,0,0,0,0,0,0,0,0
1789010350.480930,2188260,pg_toast,pg_toast_2188249,0,0,0,0,0,0,0,0,0
1789010350.480930,6104,pg_catalog,pg_publication,0,0,0,0,0,0,0,0,0
1789010350.480930,13477,pg_toast,pg_toast_13474,0,0,0,0,0,0,0,0,0
1789010350.480930,3429,pg_catalog,pg_statistic_ext_data,0,0,0,0,0,0,0,0,0
1789010350.480930,2619,pg_catalog,pg_statistic,0,0,17,8,0,0,0,0,0
1789010350.480930,4155,pg_toast,pg_toast_3394,0,0,0,0,0,0,0,0,0
1789010350.480930,2188196,pg_toast,pg_toast_2188190,0,0,0,0,0,0,0,0,0
1789010350.480930,3381,pg_catalog,pg_statistic_ext,0,0,3,0,0,0,0,0,0
1789010350.480930,6106,pg_catalog,pg_publication_rel,0,0,0,0,0,0,0,0,0
1789010350.480930,2605,pg_catalog,pg_cast,0,0,34,7,0,0,0,0,0
1789010350.480930,4171,pg_toast,pg_toast_1247,0,0,0,0,0,0,0,0,0
1789010350.480930,2830,pg_toast,pg_toast_2604,0,0,0,0,0,0,0,0,0
1789010350.480930,13479,information_schema,sql_implementation_info,0,0,,,0,0,0,0,0
1789010350.480930,6244,pg_toast,pg_toast_6243,0,0,0,0,0,0,0,0,0
1789010350.480930,3430,pg_toast,pg_toast_3429,0,0,0,0,0,0,0,0,0
1789010410.585238,2188132,public,customer_taxrate,0,0,0,0,0,0,0,0,0
1789010410.585238,3576,pg_catalog,pg_transform,0,0,0,0,0,0,0,0,0
1789010410.585238,2601,pg_catalog,pg_am,0,0,0,0,0,0,0,0,0
1789010410.585238,2188188,pg_toast,pg_toast_2188182,0,0,0,0,0,0,0,0,0
1789010410.585238,3394,pg_catalog,pg_init_privs,0,0,0,0,0,0,0,0,0
1789010410.585238,4167,pg_toast,pg_toast_3256,0,0,0,0,0,0,0,0,0
1789010410.585238,4151,pg_toast,pg_toast_1417,0,0,0,0,0,0,0,0,0
1789010410.585238,2834,pg_toast,pg_toast_2609,0,0,0,0,0,0,0,0,0
1789010410.585238,6000,pg_catalog,pg_replication_origin,0,0,0,0,0,0,0,0,0
1789010410.585238,2188343,public,news_item,0,0,0,0,0,0,0,0,0
1789010410.585238,2840,pg_toast,pg_toast_2619,0,0,0,0,0,0,0,0,0
1789010410.585238,2188122,public,customer_account,0,0,0,0,0,0,0,0,0
1789010410.585238,2328,pg_catalog,pg_foreign_data_wrapper,0,0,0,0,0,0,0,0,0
1789010410.585238,4157,pg_toast,pg_toast_2612,0,0,0,0,0,0,0,0,0
1789010410.585238,1260,pg_catalog,pg_authid,0,0,0,0,0,0,0,0,0
1789010410.585238,6102,pg_catalog,pg_subscription_rel,0,0,0,0,0,0,0,0,0
1789010410.585238,1214,pg_catalog,pg_shdepend,0,0,0,0,0,0,0,0,0
1789010410.585238,4163,pg_toast,pg_toast_2615,0,0,0,0,0,0,0,0,0
1789010410.585238,4169,pg_toast,pg_toast_3600,0,0,0,0,0,0,0,0,0
1789010410.585238,2615,pg_catalog,pg_namespace,1,4,5,2,0,0,0,0,0
1789010410.585238,2188162,public,watch_item,0,0,0,0,0,0,0,0,0
1789010410.585238,2188167,public,watch_list,0,0,0,0,0,0,0,0,0
1789010410.585238,2188243,public,trade_history,0,0,0,0,0,0,0,0,0
1789010410.585238,2188210,public,settlement,0,0,0,0,0,0,0,0,0
1789010410.585238,2188269,public,company,0,0,0,0,0,0,0,0,0
1789010410.585238,2396,pg_catalog,pg_shdescription,0,0,0,0,0,0,0,0,0
1789010410.585238,3600,pg_catalog,pg_ts_dict,0,0,0,0,0,0,0,0,0
1789010410.585238,3596,pg_catalog,pg_seclabel,0,0,0,0,0,0,0,0,0
1789010410.585238,2609,pg_catalog,pg_description,0,0,0,0,0,0,0,0,0
1789010410.585238,13482,pg_toast,pg_toast_13479,0,0,0,0,0,0,0,0,0
1789010410.585238,2188156,public,holding_summary,0,0,0,0,0,0,0,0,0
1789010410.585238,2188390,public,status_type,0,0,0,0,0,0,0,0,0
1789010410.585238,2188395,public,taxrate,0,0,0,0,0,0,0,0,0
1789010410.585238,3603,pg_catalog,pg_ts_config_map,0,0,0,0,0,0,0,0,0
1789010410.585238,1213,pg_catalog,pg_tablespace,0,0,1,1,0,0,0,0,0
1789010410.585238,2188383,pg_toast,pg_toast_2188364,0,0,0,0,0,0,0,0,0
1789010410.585238,2608,pg_catalog,pg_depend,0,0,0,0,0,0,0,0,0
1789010410.585238,2964,pg_catalog,pg_db_role_setting,0,0,0,0,0,0,0,0,0
1789010410.585238,1418,pg_catalog,pg_user_mapping,0,0,0,0,0,0,0,0,0
1789010410.585238,2613,pg_catalog,pg_largeobject,0,0,0,0,0,0,0,0,0
1789010410.585238,6175,pg_toast,pg_toast_3456,0,0,0,0,0,0,0,0,0
1789010410.585238,1261,pg_catalog,pg_auth_members,0,0,0,0,0,0,0,0,0
1789010410.585238,2617,pg_catalog,pg_operator,0,0,5,5,0,0,0,0,0
1789010410.585238,2188352,pg_toast,pg_toast_2188343,0,0,0,0,0,0,0,0,0
1789010410.585238,2188341,pg_toast,pg_toast_2188333,0,0,0,0,0,0,0,0,0
1789010410.585238,2610,pg_catalog,pg_index,1,221,11,14,0,0,0,0,0
1789010410.585238,1249,pg_catalog,pg_attribute,0,0,75,92,0,0,0,0,0
1789010410.585238,2188281,public,company_competitor,0,0,0,0,0,0,0,0,0
1789010410.585238,2600,pg_catalog,pg_aggregate,0,0,1,1,0,0,0,0,0
1789010410.585238,2188180,pg_toast,pg_toast_2188172,0,0,0,0,0,0,0,0,0
1789010410.585238,2188354,public,news_xref,0,0,0,0,0,0,0,0,0
1789010410.585238,2966,pg_toast,pg_toast_2964,0,0,0,0,0,0,0,0,0
1789010410.585238,2188402,public,zip_code,0,0,0,0,0,0,0,0,0
1789010410.585238,2618,pg_catalog,pg_rewrite,0,0,1,1,0,0,0,0,0
1789010410.585238,4177,pg_toast,pg_toast_1262,0,0,0,0,0,0,0,0,0
1789010410.585238,13484,information_schema,sql_parts,0,0,,,0,0,0,0,0
1789010410.585238,4159,pg_toast,pg_toast_2600,0,0,0,0,0,0,0,0,0
1789010410.585238,4147,pg_toast,pg_toast_3079,0,0,0,0,0,0,0,0,0
1789010410.585238,13474,information_schema,sql_features,0,0,,,0,0,0,0,0
1789010410.585238,1247,pg_catalog,pg_type,0,0,19,19,0,0,0,0,0
1789010410.585238,2602,pg_catalog,pg_amop,0,0,12,25,0,0,0,0,0
1789010410.585238,3439,pg_toast,pg_toast_3381,0,0,0,0,0,0,0,0,0
1789010410.585238,2846,pg_toast,pg_toast_2396,0,0,0,0,0,0,0,0,0
1789010410.585238,4145,pg_toast,pg_toast_3466,0,0,0,0,0,0,0,0,0
1789010410.585238,2188385,public,address,0,0,0,0,0,0,0,0,0
1789010410.585238,2188137,public,holding,0,0,0,0,0,0,0,0,0
1789010410.585238,3541,pg_catalog,pg_range,0,0,0,0,0,0,0,0,0
1789010410.585238,3602,pg_catalog,pg_ts_config,0,0,0,0,0,0,0,0,0
1789010410.585238,4183,pg_toast,pg_toast_6100,0,0,0,0,0,0,0,0,0
1789010410.585238,2188333,public,last_trade,0,0,0,0,0,0,0,0,0
1789010410.585238,2224,pg_catalog,pg_sequence,0,0,0,0,0,0,0,0,0
1789010410.585238,2611,pg_catalog,pg_inherits,0,0,0,0,0,0,0,0,0
1789010410.585238,1417,pg_catalog,pg_foreign_server,0,0,0,0,0,0,0,0,0
1789010410.585238,1262,pg_catalog,pg_database,0,0,0,0,0,0,0,0,0
1789010410.585238,2188182,public,cash_transaction,0,0,0,0,0,0,0,0,0
1789010410.585238,13492,pg_toast,pg_toast_13489,0,0,0,0,0,0,0,0,0
1789010410.585238,3501,pg_catalog,pg_enum,0,0,0,0,0,0,0,0,0
1789010410.585238,2607,pg_catalog,pg_conversion,0,0,0,0,0,0,0,0,0
1789010410.585238,2188359,public,sector,0,0,0,0,0,0,0,0,0
1789010410.585238,2188217,pg_toast,pg_toast_2188210,0,0,0,0,0,0,0,0,0
1789010410.585238,826,pg_catalog,pg_default_acl,0,0,0,0,0,0,0,0,0
1789010410.585238,2604,pg_catalog,pg_attrdef,0,0,0,0,0,0,0,0,0
1789010410.585238,2336,pg_toast,pg_toast_2620,0,0,0,0,0,0,0,0,0
1789010410.585238,2188149,public,holding_history,0,0,0,0,0,0,0,0,0
1789010410.585238,2603,pg_catalog,pg_amproc,0,0,5,11,0,0,0,0,0
1789010410.585238,2606,pg_catalog,pg_constraint,0,0,3,8,0,0,0,0,0
1789010410.585238,1255,pg_catalog,pg_proc,0,0,19,24,0,0,0,0,0
1789010410.585238,4173,pg_toast,pg_toast_1418,0,0,0,0,0,0,0,0,0
1789010410.585238,2620,pg_catalog,pg_trigger,0,0,0,0,0,0,0,0,0
1789010410.585238,2188241,pg_toast,pg_toast_2188219,0,0,0,0,0,0,0,0,0
1789010410.585238,2612,pg_catalog,pg_language,0,0,0,0,0,0,0,0,0
1789010410.585238,4149,pg_toast,pg_toast_2328,0,0,0,0,0,0,0,0,0
1789010410.585238,6351,pg_toast,pg_toast_2610,0,0,0,0,0,0,0,0,0
1789010410.585238,13489,information_schema,sql_sizing,0,0,,,0,0,0,0,0
1789010410.585238,3598,pg_toast,pg_toast_3596,0,0,0,0,0,0,0,0,0
1789010410.585238,2188111,public,customer,0,0,0,0,0,0,0,0,0
1789010410.585238,2836,pg_toast,pg_toast_1255,0,0,0,0,0,0,0,0,0
1789010410.585238,3456,pg_catalog,pg_collation,0,0,0,0,0,0,0,0,0
1789010410.585238,3079,pg_catalog,pg_extension,0,0,0,0,0,0,0,0,0
1789010410.585238,2188262,public,trade_type,0,0,0,0,0,0,0,0,0
1789010410.585238,6100,pg_catalog,pg_subscription,0,0,0,0,0,0,0,0,0
1789010410.585238,2188249,public,trade_request,0,0,0,0,0,0,0,0,0
1789010410.585238,2188198,public,commission_rate,0,0,0,0,0,0,0,0,0
1789010410.585238,2188130,pg_toast,pg_toast_2188122,0,0,0,0,0,0,0,0,0
1789010410.585238,2832,pg_toast,pg_toast_2606,0,0,0,0,0,0,0,0,0
1789010410.585238,3256,pg_catalog,pg_policy,0,0,0,0,0,0,0,0,0
1789010410.585238,2188172,public,broker,0,0,0,0,0,0,0,0,0
1789010410.585238,2188296,pg_toast,pg_toast_2188287,0,0,0,0,0,0,0,0,0
1789010410.585238,2188307,public,financial,0,0,0,0,0,0,0,0,0
1789010410.585238,2188103,public,account_permission,0,0,0,0,0,0,0,0,0
1789010410.585238,3466,pg_catalog,pg_event_trigger,0,0,0,0,0,0,0,0,0
1789010410.585238,3592,pg_catalog,pg_shseclabel,0,0,0,0,0,0,0,0,0
1789010410.585238,3764,pg_catalog,pg_ts_template,0,0,0,0,0,0,0,0,0
1789010410.585238,6237,pg_catalog,pg_publication_namespace,0,0,0,0,0,0,0,0,0
1789010410.585238,13487,pg_toast,pg_toast_13484,0,0,0,0,0,0,0,0,0
1789010410.585238,2995,pg_catalog,pg_largeobject_metadata,0,0,0,0,0,0,0,0,0
1789010410.585238,4143,pg_toast,pg_toast_826,0,0,0,0,0,0,0,0,0
1789010410.585238,4185,pg_toast,pg_toast_1213,0,0,0,0,0,0,0,0,0
1789010410.585238,2188287,public,daily_market,0,0,0,0,0,0,0,0,0
1789010410.585238,2188190,public,charge,0,0,0,0,0,0,0,0,0
1789010410.585238,6243,pg_catalog,pg_parameter_acl,0,0,0,0,0,0,0,0,0
1789010410.585238,2616,pg_catalog,pg_opclass,0,0,8,134,0,0,0,0,0
1789010410.585238,2188298,public,exchange,0,0,0,0,0,0,0,0,0
1789010410.585238,2188147,pg_toast,pg_toast_2188137,0,0,0,0,0,0,0,0,0
1789010410.585238,2838,pg_toast,pg_toast_2618,0,0,1,3,0,0,0,0,0
1789010410.585238,2188327,public,industry,0,0,0,0,0,0,0,0,0
1789010410.585238,6228,pg_toast,pg_toast_6106,0,0,0,0,0,0,0,0,0
1789010410.585238,2188325,pg_toast,pg_toast_2188307,0,0,0,0,0,0,0,0,0
1789010410.585238,2188364,public,security,0,0,0,0,0,0,0,0,0
1789010410.585238,3118,pg_catalog,pg_foreign_table,0,0,0,0,0,0,0,0,0
1789010410.585238,1259,pg_catalog,pg_class,1,523,12,12,0,0,0,0,0
1789010410.585238,3350,pg_catalog,pg_partitioned_table,0,0,0,0,0,0,0,0,0
1789010410.585238,4153,pg_toast,pg_toast_3118,0,0,0,0,0,0,0,0,0
1789010410.585238,4060,pg_toast,pg_toast_3592,0,0,0,0,0,0,0,0,0
1789010410.585238,4165,pg_toast,pg_toast_3350,0,0,0,0,0,0,0,0,0
1789010410.585238,2753,pg_catalog,pg_opfamily,0,0,2,2,0,0,0,0,0
1789010410.585238,3601,pg_catalog,pg_ts_parser,0,0,0,0,0,0,0,0,0
1789010410.585238,2188219,public,trade,0,0,0,0,0,0,0,0,0
1789010410.585238,2188260,pg_toast,pg_toast_2188249,0,0,0,0,0,0,0,0,0
1789010410.585238,6104,pg_catalog,pg_publication,0,0,0,0,0,0,0,0,0
1789010410.585238,13477,pg_toast,pg_toast_13474,0,0,0,0,0,0,0,0,0
1789010410.585238,3429,pg_catalog,pg_statistic_ext_data,0,0,0,0,0,0,0,0,0
1789010410.585238,2619,pg_catalog,pg_statistic,0,0,17,8,0,0,0,0,0
1789010410.585238,4155,pg_toast,pg_toast_3394,0,0,0,0,0,0,0,0,0
1789010410.585238,2188196,pg_toast,pg_toast_2188190,0,0,0,0,0,0,0,0,0
1789010410.585238,3381,pg_catalog,pg_statistic_ext,0,0,3,0,0,0,0,0,0
1789010410.585238,6106,pg_catalog,pg_publication_rel,0,0,0,0,0,0,0,0,0
1789010410.585238,2605,pg_catalog,pg_cast,0,0,34,7,0,0,0,0,0
1789010410.585238,4171,pg_toast,pg_toast_1247,0,0,0,0,0,0,0,0,0
1789010410.585238,2830,pg_toast,pg_toast_2604,0,0,0,0,0,0,0,0,0
1789010410.585238,13479,information_schema,sql_implementation_info,0,0,,,0,0,0,0,0
1789010410.585238,6244,pg_toast,pg_toast_6243,0,0,0,0,0,0,0,0,0
1789010410.585238,3430,pg_toast,pg_toast_3429,0,0,0,0,0,0,0,0,0
1789010470.697847,2188132,public,customer_taxrate,0,0,0,0,0,0,0,0,0
1789010470.697847,3576,pg_catalog,pg_transform,0,0,0,0,0,0,0,0,0
1789010470.697847,2601,pg_catalog,pg_am,0,0,0,0,0,0,0,0,0
1789010470.697847,2188188,pg_toast,pg_toast_2188182,0,0,0,0,0,0,0,0,0
1789010470.697847,3394,pg_catalog,pg_init_privs,0,0,0,0,0,0,0,0,0
1789010470.697847,4167,pg_toast,pg_toast_3256,0,0,0,0,0,0,0,0,0
1789010470.697847,4151,pg_toast,pg_toast_1417,0,0,0,0,0,0,0,0,0
1789010470.697847,2834,pg_toast,pg_toast_2609,0,0,0,0,0,0,0,0,0
1789010470.697847,6000,pg_catalog,pg_replication_origin,0,0,0,0,0,0,0,0,0
1789010470.697847,2188343,public,news_item,0,0,0,0,0,0,0,0,0
1789010470.697847,2840,pg_toast,pg_toast_2619,0,0,0,0,0,0,0,0,0
1789010470.697847,2188122,public,customer_account,0,0,0,0,0,0,0,0,0
1789010470.697847,2328,pg_catalog,pg_foreign_data_wrapper,0,0,0,0,0,0,0,0,0
1789010470.697847,4157,pg_toast,pg_toast_2612,0,0,0,0,0,0,0,0,0
1789010470.697847,1260,pg_catalog,pg_authid,0,0,0,0,0,0,0,0,0
1789010470.697847,6102,pg_catalog,pg_subscription_rel,0,0,0,0,0,0,0,0,0
1789010470.697847,1214,pg_catalog,pg_shdepend,0,0,0,0,0,0,0,0,0
1789010470.697847,4163,pg_toast,pg_toast_2615,0,0,0,0,0,0,0,0,0
1789010470.697847,4169,pg_toast,pg_toast_3600,0,0,0,0,0,0,0,0,0
1789010470.697847,2615,pg_catalog,pg_namespace,1,4,5,2,0,0,0,0,0
1789010470.697847,2188162,public,watch_item,0,0,0,0,0,0,0,0,0
1789010470.697847,2188167,public,watch_list,0,0,0,0,0,0,0,0,0
1789010470.697847,2188243,public,trade_history,0,0,0,0,0,0,0,0,0
1789010470.697847,2188210,public,settlement,0,0,0,0,0,0,0,0,0
1789010470.697847,2188269,public,company,0,0,0,0,0,0,0,0,0
1789010470.697847,2396,pg_catalog,pg_shdescription,0,0,0,0,0,0,0,0,0
1789010470.697847,3600,pg_catalog,pg_ts_dict,0,0,0,0,0,0,0,0,0
1789010470.697847,3596,pg_catalog,pg_seclabel,0,0,0,0,0,0,0,0,0
1789010470.697847,2609,pg_catalog,pg_description,0,0,0,0,0,0,0,0,0
1789010470.697847,13482,pg_toast,pg_toast_13479,0,0,0,0,0,0,0,0,0
1789010470.697847,2188156,public,holding_summary,0,0,0,0,0,0,0,0,0
1789010470.697847,2188390,public,status_type,0,0,0,0,0,0,0,0,0
1789010470.697847,2188395,public,taxrate,0,0,0,0,0,0,0,0,0
1789010470.697847,3603,pg_catalog,pg_ts_config_map,0,0,0,0,0,0,0,0,0
1789010470.697847,1213,pg_catalog,pg_tablespace,0,0,1,1,0,0,0,0,0
1789010470.697847,2188383,pg_toast,pg_toast_2188364,0,0,0,0,0,0,0,0,0
1789010470.697847,2608,pg_catalog,pg_depend,0,0,0,0,0,0,0,0,0
1789010470.697847,2964,pg_catalog,pg_db_role_setting,0,0,0,0,0,0,0,0,0
1789010470.697847,1418,pg_catalog,pg_user_mapping,0,0,0,0,0,0,0,0,0
1789010470.697847,2613,pg_catalog,pg_largeobject,0,0,0,0,0,0,0,0,0
1789010470.697847,6175,pg_toast,pg_toast_3456,0,0,0,0,0,0,0,0,0
1789010470.697847,1261,pg_catalog,pg_auth_members,0,0,0,0,0,0,0,0,0
1789010470.697847,2617,pg_catalog,pg_operator,0,0,5,5,0,0,0,0,0
1789010470.697847,2188352,pg_toast,pg_toast_2188343,0,0,0,0,0,0,0,0,0
1789010470.697847,2188341,pg_toast,pg_toast_2188333,0,0,0,0,0,0,0,0,0
1789010470.697847,2610,pg_catalog,pg_index,1,221,11,14,0,0,0,0,0
1789010470.697847,1249,pg_catalog,pg_attribute,0,0,75,92,0,0,0,0,0
1789010470.697847,2188281,public,company_competitor,0,0,0,0,0,0,0,0,0
1789010470.697847,2600,pg_catalog,pg_aggregate,0,0,1,1,0,0,0,0,0
1789010470.697847,2188180,pg_toast,pg_toast_2188172,0,0,0,0,0,0,0,0,0
1789010470.697847,2188354,public,news_xref,0,0,0,0,0,0,0,0,0
1789010470.697847,2966,pg_toast,pg_toast_2964,0,0,0,0,0,0,0,0,0
1789010470.697847,2188402,public,zip_code,0,0,0,0,0,0,0,0,0
1789010470.697847,2618,pg_catalog,pg_rewrite,0,0,1,1,0,0,0,0,0
1789010470.697847,4177,pg_toast,pg_toast_1262,0,0,0,0,0,0,0,0,0
1789010470.697847,13484,information_schema,sql_parts,0,0,,,0,0,0,0,0
1789010470.697847,4159,pg_toast,pg_toast_2600,0,0,0,0,0,0,0,0,0
1789010470.697847,4147,pg_toast,pg_toast_3079,0,0,0,0,0,0,0,0,0
1789010470.697847,13474,information_schema,sql_features,0,0,,,0,0,0,0,0
1789010470.697847,1247,pg_catalog,pg_type,0,0,19,19,0,0,0,0,0
1789010470.697847,2602,pg_catalog,pg_amop,0,0,12,25,0,0,0,0,0
1789010470.697847,3439,pg_toast,pg_toast_3381,0,0,0,0,0,0,0,0,0
1789010470.697847,2846,pg_toast,pg_toast_2396,0,0,0,0,0,0,0,0,0
1789010470.697847,4145,pg_toast,pg_toast_3466,0,0,0,0,0,0,0,0,0
1789010470.697847,2188385,public,address,0,0,0,0,0,0,0,0,0
1789010470.697847,2188137,public,holding,0,0,0,0,0,0,0,0,0
1789010470.697847,3541,pg_catalog,pg_range,0,0,0,0,0,0,0,0,0
1789010470.697847,3602,pg_catalog,pg_ts_config,0,0,0,0,0,0,0,0,0
1789010470.697847,4183,pg_toast,pg_toast_6100,0,0,0,0,0,0,0,0,0
1789010470.697847,2188333,public,last_trade,0,0,0,0,0,0,0,0,0
1789010470.697847,2224,pg_catalog,pg_sequence,0,0,0,0,0,0,0,0,0
1789010470.697847,2611,pg_catalog,pg_inherits,0,0,0,0,0,0,0,0,0
1789010470.697847,1417,pg_catalog,pg_foreign_server,0,0,0,0,0,0,0,0,0
1789010470.697847,1262,pg_catalog,pg_database,0,0,0,0,0,0,0,0,0
1789010470.697847,2188182,public,cash_transaction,0,0,0,0,0,0,0,0,0
1789010470.697847,13492,pg_toast,pg_toast_13489,0,0,0,0,0,0,0,0,0
1789010470.697847,3501,pg_catalog,pg_enum,0,0,0,0,0,0,0,0,0
1789010470.697847,2607,pg_catalog,pg_conversion,0,0,0,0,0,0,0,0,0
1789010470.697847,2188359,public,sector,0,0,0,0,0,0,0,0,0
1789010470.697847,2188217,pg_toast,pg_toast_2188210,0,0,0,0,0,0,0,0,0
1789010470.697847,826,pg_catalog,pg_default_acl,0,0,0,0,0,0,0,0,0
1789010470.697847,2604,pg_catalog,pg_attrdef,0,0,0,0,0,0,0,0,0
1789010470.697847,2336,pg_toast,pg_toast_2620,0,0,0,0,0,0,0,0,0
1789010470.697847,2188149,public,holding_history,0,0,0,0,0,0,0,0,0
1789010470.697847,2603,pg_catalog,pg_amproc,0,0,5,11,0,0,0,0,0
1789010470.697847,2606,pg_catalog,pg_constraint,0,0,3,8,0,0,0,0,0
1789010470.697847,1255,pg_catalog,pg_proc,0,0,19,24,0,0,0,0,0
1789010470.697847,4173,pg_toast,pg_toast_1418,0,0,0,0,0,0,0,0,0
1789010470.697847,2620,pg_catalog,pg_trigger,0,0,0,0,0,0,0,0,0
1789010470.697847,2188241,pg_toast,pg_toast_2188219,0,0,0,0,0,0,0,0,0
1789010470.697847,2612,pg_catalog,pg_language,0,0,0,0,0,0,0,0,0
1789010470.697847,4149,pg_toast,pg_toast_2328,0,0,0,0,0,0,0,0,0
1789010470.697847,6351,pg_toast,pg_toast_2610,0,0,0,0,0,0,0,0,0
1789010470.697847,13489,information_schema,sql_sizing,0,0,,,0,0,0,0,0
1789010470.697847,3598,pg_toast,pg_toast_3596,0,0,0,0,0,0,0,0,0
1789010470.697847,2188111,public,customer,0,0,0,0,0,0,0,0,0
1789010470.697847,2836,pg_toast,pg_toast_1255,0,0,0,0,0,0,0,0,0
1789010470.697847,3456,pg_catalog,pg_collation,0,0,0,0,0,0,0,0,0
1789010470.697847,3079,pg_catalog,pg_extension,0,0,0,0,0,0,0,0,0
1789010470.697847,2188262,public,trade_type,0,0,0,0,0,0,0,0,0
1789010470.697847,6100,pg_catalog,pg_subscription,0,0,0,0,0,0,0,0,0
1789010470.697847,2188249,public,trade_request,0,0,0,0,0,0,0,0,0
1789010470.697847,2188198,public,commission_rate,0,0,0,0,0,0,0,0,0
1789010470.697847,2188130,pg_toast,pg_toast_2188122,0,0,0,0,0,0,0,0,0
1789010470.697847,2832,pg_toast,pg_toast_2606,0,0,0,0,0,0,0,0,0
1789010470.697847,3256,pg_catalog,pg_policy,0,0,0,0,0,0,0,0,0
1789010470.697847,2188172,public,broker,0,0,0,0,0,0,0,0,0
1789010470.697847,2188296,pg_toast,pg_toast_2188287,0,0,0,0,0,0,0,0,0
1789010470.697847,2188307,public,financial,0,0,0,0,0,0,0,0,0
1789010470.697847,2188103,public,account_permission,0,0,0,0,0,0,0,0,0
1789010470.697847,3466,pg_catalog,pg_event_trigger,0,0,0,0,0,0,0,0,0
1789010470.697847,3592,pg_catalog,pg_shseclabel,0,0,0,0,0,0,0,0,0
1789010470.697847,3764,pg_catalog,pg_ts_template,0,0,0,0,0,0,0,0,0
1789010470.697847,6237,pg_catalog,pg_publication_namespace,0,0,0,0,0,0,0,0,0
1789010470.697847,13487,pg_toast,pg_toast_13484,0,0,0,0,0,0,0,0,0
1789010470.697847,2995,pg_catalog,pg_largeobject_metadata,0,0,0,0,0,0,0,0,0
1789010470.697847,4143,pg_toast,pg_toast_826,0,0,0,0,0,0,0,0,0
1789010470.697847,4185,pg_toast,pg_toast_1213,0,0,0,0,0,0,0,0,0
1789010470.697847,2188287,public,daily_market,0,0,0,0,0,0,0,0,0
1789010470.697847,2188190,public,charge,0,0,0,0,0,0,0,0,0
1789010470.697847,6243,pg_catalog,pg_parameter_acl,0,0,0,0,0,0,0,0,0
1789010470.697847,2616,pg_catalog,pg_opclass,0,0,8,134,0,0,0,0,0
1789010470.697847,2188298,public,exchange,0,0,0,0,0,0,0,0,0
1789010470.697847,2188147,pg_toast,pg_toast_2188137,0,0,0,0,0,0,0,0,0
1789010470.697847,2838,pg_toast,pg_toast_2618,0,0,1,3,0,0,0,0,0
1789010470.697847,2188327,public,industry,0,0,0,0,0,0,0,0,0
1789010470.697847,6228,pg_toast,pg_toast_6106,0,0,0,0,0,0,0,0,0
1789010470.697847,2188325,pg_toast,pg_toast_2188307,0,0,0,0,0,0,0,0,0
1789010470.697847,2188364,public,security,0,0,0,0,0,0,0,0,0
1789010470.697847,3118,pg_catalog,pg_foreign_table,0,0,0,0,0,0,0,0,0
1789010470.697847,1259,pg_catalog,pg_class,1,523,12,12,0,0,0,0,0
1789010470.697847,3350,pg_catalog,pg_partitioned_table,0,0,0,0,0,0,0,0,0
1789010470.697847,4153,pg_toast,pg_toast_3118,0,0,0,0,0,0,0,0,0
1789010470.697847,4060,pg_toast,pg_toast_3592,0,0,0,0,0,0,0,0,0
1789010470.697847,4165,pg_toast,pg_toast_3350,0,0,0,0,0,0,0,0,0
1789010470.697847,2753,pg_catalog,pg_opfamily,0,0,2,2,0,0,0,0,0
1789010470.697847,3601,pg_catalog,pg_ts_parser,0,0,0,0,0,0,0,0,0
1789010470.697847,2188219,public,trade,0,0,0,0,0,0,0,0,0
1789010470.697847,2188260,pg_toast,pg_toast_2188249,0,0,0,0,0,0,0,0,0
1789010470.697847,6104,pg_catalog,pg_publication,0,0,0,0,0,0,0,0,0
1789010470.697847,13477,pg_toast,pg_toast_13474,0,0,0,0,0,0,0,0,0
1789010470.697847,3429,pg_catalog,pg_statistic_ext_data,0,0,0,0,0,0,0,0,0
1789010470.697847,2619,pg_catalog,pg_statistic,0,0,17,8,0,0,0,0,0
1789010470.697847,4155,pg_toast,pg_toast_3394,0,0,0,0,0,0,0,0,0
1789010470.697847,2188196,pg_toast,pg_toast_2188190,0,0,0,0,0,0,0,0,0
1789010470.697847,3381,pg_catalog,pg_statistic_ext,0,0,3,0,0,0,0,0,0
1789010470.697847,6106,pg_catalog,pg_publication_rel,0,0,0,0,0,0,0,0,0
1789010470.697847,2605,pg_catalog,pg_cast,0,0,34,7,0,0,0,0,0
1789010470.697847,4171,pg_toast,pg_toast_1247,0,0,0,0,0,0,0,0,0
1789010470.697847,2830,pg_toast,pg_toast_2604,0,0,0,0,0,0,0,0,0
1789010470.697847,13479,information_schema,sql_implementation_info,0,0,,,0,0,0,0,0
1789010470.697847,6244,pg_toast,pg_toast_6243,0,0,0,0,0,0,0,0,0
1789010470.697847,3430,pg_toast,pg_toast_3429,0,0,0,0,0,0,0,0,0
1789010530.772807,2188132,public,customer_taxrate,0,0,0,0,0,0,0,0,0
1789010530.772807,3576,pg_catalog,pg_transform,0,0,0,0,0,0,0,0,0
1789010530.772807,2601,pg_catalog,pg_am,0,0,0,0,0,0,0,0,0
1789010530.772807,2188188,pg_toast,pg_toast_2188182,0,0,0,0,0,0,0,0,0
1789010530.772807,3394,pg_catalog,pg_init_privs,0,0,0,0,0,0,0,0,0
1789010530.772807,4167,pg_toast,pg_toast_3256,0,0,0,0,0,0,0,0,0
1789010530.772807,4151,pg_toast,pg_toast_1417,0,0,0,0,0,0,0,0,0
1789010530.772807,2834,pg_toast,pg_toast_2609,0,0,0,0,0,0,0,0,0
1789010530.772807,6000,pg_catalog,pg_replication_origin,0,0,0,0,0,0,0,0,0
1789010530.772807,2188343,public,news_item,0,0,0,0,0,0,0,0,0
1789010530.772807,2840,pg_toast,pg_toast_2619,0,0,0,0,0,0,0,0,0
1789010530.772807,2188122,public,customer_account,0,0,0,0,0,0,0,0,0
1789010530.772807,2328,pg_catalog,pg_foreign_data_wrapper,0,0,0,0,0,0,0,0,0
1789010530.772807,4157,pg_toast,pg_toast_2612,0,0,0,0,0,0,0,0,0
1789010530.772807,1260,pg_catalog,pg_authid,0,0,0,0,0,0,0,0,0
1789010530.772807,6102,pg_catalog,pg_subscription_rel,0,0,0,0,0,0,0,0,0
1789010530.772807,1214,pg_catalog,pg_shdepend,0,0,0,0,0,0,0,0,0
1789010530.772807,4163,pg_toast,pg_toast_2615,0,0,0,0,0,0,0,0,0
1789010530.772807,4169,pg_toast,pg_toast_3600,0,0,0,0,0,0,0,0,0
1789010530.772807,2615,pg_catalog,pg_namespace,1,4,5,2,0,0,0,0,0
1789010530.772807,2188162,public,watch_item,0,0,0,0,0,0,0,0,0
1789010530.772807,2188167,public,watch_list,0,0,0,0,0,0,0,0,0
1789010530.772807,2188243,public,trade_history,0,0,0,0,0,0,0,0,0
1789010530.772807,2188210,public,settlement,0,0,0,0,0,0,0,0,0
1789010530.772807,2188269,public,company,0,0,0,0,0,0,0,0,0
1789010530.772807,2396,pg_catalog,pg_shdescription,0,0,0,0,0,0,0,0,0
1789010530.772807,3600,pg_catalog,pg_ts_dict,0,0,0,0,0,0,0,0,0
1789010530.772807,3596,pg_catalog,pg_seclabel,0,0,0,0,0,0,0,0,0
1789010530.772807,2609,pg_catalog,pg_description,0,0,0,0,0,0,0,0,0
1789010530.772807,13482,pg_toast,pg_toast_13479,0,0,0,0,0,0,0,0,0
1789010530.772807,2188156,public,holding_summary,0,0,0,0,0,0,0,0,0
1789010530.772807,2188390,public,status_type,0,0,0,0,0,0,0,0,0
1789010530.772807,2188395,public,taxrate,0,0,0,0,0,0,0,0,0
1789010530.772807,3603,pg_catalog,pg_ts_config_map,0,0,0,0,0,0,0,0,0
1789010530.772807,1213,pg_catalog,pg_tablespace,0,0,1,1,0,0,0,0,0
1789010530.772807,2188383,pg_toast,pg_toast_2188364,0,0,0,0,0,0,0,0,0
1789010530.772807,2608,pg_catalog,pg_depend,0,0,0,0,0,0,0,0,0
1789010530.772807,2964,pg_catalog,pg_db_role_setting,0,0,0,0,0,0,0,0,0
1789010530.772807,1418,pg_catalog,pg_user_mapping,0,0,0,0,0,0,0,0,0
1789010530.772807,2613,pg_catalog,pg_largeobject,0,0,0,0,0,0,0,0,0
1789010530.772807,6175,pg_toast,pg_toast_3456,0,0,0,0,0,0,0,0,0
1789010530.772807,1261,pg_catalog,pg_auth_members,0,0,0,0,0,0,0,0,0
1789010530.772807,2617,pg_catalog,pg_operator,0,0,5,5,0,0,0,0,0
1789010530.772807,2188352,pg_toast,pg_toast_2188343,0,0,0,0,0,0,0,0,0
1789010530.772807,2188341,pg_toast,pg_toast_2188333,0,0,0,0,0,0,0,0,0
1789010530.772807,2610,pg_catalog,pg_index,1,221,11,14,0,0,0,0,0
1789010530.772807,1249,pg_catalog,pg_attribute,0,0,75,92,0,0,0,0,0
1789010530.772807,2188281,public,company_competitor,0,0,0,0,0,0,0,0,0
1789010530.772807,2600,pg_catalog,pg_aggregate,0,0,1,1,0,0,0,0,0
1789010530.772807,2188180,pg_toast,pg_toast_2188172,0,0,0,0,0,0,0,0,0
1789010530.772807,2188354,public,news_xref,0,0,0,0,0,0,0,0,0
1789010530.772807,2966,pg_toast,pg_toast_2964,0,0,0,0,0,0,0,0,0
1789010530.772807,2188402,public,zip_code,0,0,0,0,0,0,0,0,0
1789010530.772807,2618,pg_catalog,pg_rewrite,0,0,1,1,0,0,0,0,0
1789010530.772807,4177,pg_toast,pg_toast_1262,0,0,0,0,0,0,0,0,0
1789010530.772807,13484,information_schema,sql_parts,0,0,,,0,0,0,0,0
1789010530.772807,4159,pg_toast,pg_toast_2600,0,0,0,0,0,0,0,0,0
1789010530.772807,4147,pg_toast,pg_toast_3079,0,0,0,0,0,0,0,0,0
1789010530.772807,13474,information_schema,sql_features,0,0,,,0,0,0,0,0
1789010530.772807,1247,pg_catalog,pg_type,0,0,19,19,0,0,0,0,0
1789010530.772807,2602,pg_catalog,pg_amop,0,0,12,25,0,0,0,0,0
1789010530.772807,3439,pg_toast,pg_toast_3381,0,0,0,0,0,0,0,0,0
1789010530.772807,2846,pg_toast,pg_toast_2396,0,0,0,0,0,0,0,0,0
1789010530.772807,4145,pg_toast,pg_toast_3466,0,0,0,0,0,0,0,0,0
1789010530.772807,2188385,public,address,0,0,0,0,0,0,0,0,0
1789010530.772807,2188137,public,holding,0,0,0,0,0,0,0,0,0
1789010530.772807,3541,pg_catalog,pg_range,0,0,0,0,0,0,0,0,0
1789010530.772807,3602,pg_catalog,pg_ts_config,0,0,0,0,0,0,0,0,0
1789010530.772807,4183,pg_toast,pg_toast_6100,0,0,0,0,0,0,0,0,0
1789010530.772807,2188333,public,last_trade,0,0,0,0,0,0,0,0,0
1789010530.772807,2224,pg_catalog,pg_sequence,0,0,0,0,0,0,0,0,0
1789010530.772807,2611,pg_catalog,pg_inherits,0,0,0,0,0,0,0,0,0
1789010530.772807,1417,pg_catalog,pg_foreign_server,0,0,0,0,0,0,0,0,0
1789010530.772807,1262,pg_catalog,pg_database,0,0,0,0,0,0,0,0,0
1789010530.772807,2188182,public,cash_transaction,0,0,0,0,0,0,0,0,0
1789010530.772807,13492,pg_toast,pg_toast_13489,0,0,0,0,0,0,0,0,0
1789010530.772807,3501,pg_catalog,pg_enum,0,0,0,0,0,0,0,0,0
1789010530.772807,2607,pg_catalog,pg_conversion,0,0,0,0,0,0,0,0,0
1789010530.772807,2188359,public,sector,0,0,0,0,0,0,0,0,0
1789010530.772807,2188217,pg_toast,pg_toast_2188210,0,0,0,0,0,0,0,0,0
1789010530.772807,826,pg_catalog,pg_default_acl,0,0,0,0,0,0,0,0,0
1789010530.772807,2604,pg_catalog,pg_attrdef,0,0,0,0,0,0,0,0,0
1789010530.772807,2336,pg_toast,pg_toast_2620,0,0,0,0,0,0,0,0,0
1789010530.772807,2188149,public,holding_history,0,0,0,0,0,0,0,0,0
1789010530.772807,2603,pg_catalog,pg_amproc,0,0,5,11,0,0,0,0,0
1789010530.772807,2606,pg_catalog,pg_constraint,0,0,3,8,0,0,0,0,0
1789010530.772807,1255,pg_catalog,pg_proc,0,0,19,24,0,0,0,0,0
1789010530.772807,4173,pg_toast,pg_toast_1418,0,0,0,0,0,0,0,0,0
1789010530.772807,2620,pg_catalog,pg_trigger,0,0,0,0,0,0,0,0,0
1789010530.772807,2188241,pg_toast,pg_toast_2188219,0,0,0,0,0,0,0,0,0
1789010530.772807,2612,pg_catalog,pg_language,0,0,0,0,0,0,0,0,0
1789010530.772807,4149,pg_toast,pg_toast_2328,0,0,0,0,0,0,0,0,0
1789010530.772807,6351,pg_toast,pg_toast_2610,0,0,0,0,0,0,0,0,0
1789010530.772807,13489,information_schema,sql_sizing,0,0,,,0,0,0,0,0
1789010530.772807,3598,pg_toast,pg_toast_3596,0,0,0,0,0,0,0,0,0
1789010530.772807,2188111,public,customer,0,0,0,0,0,0,0,0,0
1789010530.772807,2836,pg_toast,pg_toast_1255,0,0,0,0,0,0,0,0,0
1789010530.772807,3456,pg_catalog,pg_collation,0,0,0,0,0,0,0,0,0
1789010530.772807,3079,pg_catalog,pg_extension,0,0,0,0,0,0,0,0,0
1789010530.772807,2188262,public,trade_type,0,0,0,0,0,0,0,0,0
1789010530.772807,6100,pg_catalog,pg_subscription,0,0,0,0,0,0,0,0,0
1789010530.772807,2188249,public,trade_request,0,0,0,0,0,0,0,0,0
1789010530.772807,2188198,public,commission_rate,0,0,0,0,0,0,0,0,0
1789010530.772807,2188130,pg_toast,pg_toast_2188122,0,0,0,0,0,0,0,0,0
1789010530.772807,2832,pg_toast,pg_toast_2606,0,0,0,0,0,0,0,0,0
1789010530.772807,3256,pg_catalog,pg_policy,0,0,0,0,0,0,0,0,0
1789010530.772807,2188172,public,broker,0,0,0,0,0,0,0,0,0
1789010530.772807,2188296,pg_toast,pg_toast_2188287,0,0,0,0,0,0,0,0,0
1789010530.772807,2188307,public,financial,0,0,0,0,0,0,0,0,0
1789010530.772807,2188103,public,account_permission,0,0,0,0,0,0,0,0,0
1789010530.772807,3466,pg_catalog,pg_event_trigger,0,0,0,0,0,0,0,0,0
1789010530.772807,3592,pg_catalog,pg_shseclabel,0,0,0,0,0,0,0,0,0
1789010530.772807,3764,pg_catalog,pg_ts_template,0,0,0,0,0,0,0,0,0
1789010530.772807,6237,pg_catalog,pg_publication_namespace,0,0,0,0,0,0,0,0,0
1789010530.772807,13487,pg_toast,pg_toast_13484,0,0,0,0,0,0,0,0,0
1789010530.772807,2995,pg_catalog,pg_largeobject_metadata,0,0,0,0,0,0,0,0,0
1789010530.772807,4143,pg_toast,pg_toast_826,0,0,0,0,0,0,0,0,0
1789010530.772807,4185,pg_toast,pg_toast_1213,0,0,0,0,0,0,0,0,0
1789010530.772807,2188287,public,daily_market,0,0,0,0,0,0,0,0,0
1789010530.772807,2188190,public,charge,0,0,0,0,0,0,0,0,0
1789010530.772807,6243,pg_catalog,pg_parameter_acl,0,0,0,0,0,0,0,0,0
1789010530.772807,2616,pg_catalog,pg_opclass,0,0,8,134,0,0,0,0,0
1789010530.772807,2188298,public,exchange,0,0,0,0,0,0,0,0,0
1789010530.772807,2188147,pg_toast,pg_toast_2188137,0,0,0,0,0,0,0,0,0
1789010530.772807,2838,pg_toast,pg_toast_2618,0,0,1,3,0,0,0,0,0
1789010530.772807,2188327,public,industry,0,0,0,0,0,0,0,0,0
1789010530.772807,6228,pg_toast,pg_toast_6106,0,0,0,0,0,0,0,0,0
1789010530.772807,2188325,pg_toast,pg_toast_2188307,0,0,0,0,0,0,0,0,0
1789010530.772807,2188364,public,security,0,0,0,0,0,0,0,0,0
1789010530.772807,3118,pg_catalog,pg_foreign_table,0,0,0,0,0,0,0,0,0
1789010530.772807,1259,pg_catalog,pg_class,1,523,12,12,0,0,0,0,0
1789010530.772807,3350,pg_catalog,pg_partitioned_table,0,0,0,0,0,0,0,0,0
1789010530.772807,4153,pg_toast,pg_toast_3118,0,0,0,0,0,0,0,0,0
1789010530.772807,4060,pg_toast,pg_toast_3592,0,0,0,0,0,0,0,0,0
1789010530.772807,4165,pg_toast,pg_toast_3350,0,0,0,0,0,0,0,0,0
1789010530.772807,2753,pg_catalog,pg_opfamily,0,0,2,2,0,0,0,0,0
1789010530.772807,3601,pg_catalog,pg_ts_parser,0,0,0,0,0,0,0,0,0
1789010530.772807,2188219,public,trade,0,0,0,0,0,0,0,0,0
1789010530.772807,2188260,pg_toast,pg_toast_2188249,0,0,0,0,0,0,0,0,0
1789010530.772807,6104,pg_catalog,pg_publication,0,0,0,0,0,0,0,0,0
1789010530.772807,13477,pg_toast,pg_toast_13474,0,0,0,0,0,0,0,0,0
1789010530.772807,3429,pg_catalog,pg_statistic_ext_data,0,0,0,0,0,0,0,0,0
1789010530.772807,2619,pg_catalog,pg_statistic,0,0,17,8,0,0,0,0,0
1789010530.772807,4155,pg_toast,pg_toast_3394,0,0,0,0,0,0,0,0,0
1789010530.772807,2188196,pg_toast,pg_toast_2188190,0,0,0,0,0,0,0,0,0
1789010530.772807,3381,pg_catalog,pg_statistic_ext,0,0,3,0,0,0,0,0,0
1789010530.772807,6106,pg_catalog,pg_publication_rel,0,0,0,0,0,0,0,0,0
1789010530.772807,2605,pg_catalog,pg_cast,0,0,34,7,0,0,0,0,0
1789010530.772807,4171,pg_toast,pg_toast_1247,0,0,0,0,0,0,0,0,0
1789010530.772807,2830,pg_toast,pg_toast_2604,0,0,0,0,0,0,0,0,0
1789010530.772807,13479,information_schema,sql_implementation_info,0,0,,,0,0,0,0,0
1789010530.772807,6244,pg_toast,pg_toast_6243,0,0,0,0,0,0,0,0,0
1789010530.772807,3430,pg_toast,pg_toast_3429,0,0,0,0,0,0,0,0,0
1789010590.843094,2188132,public,customer_taxrate,0,0,0,0,0,0,0,0,0
1789010590.843094,3576,pg_catalog,pg_transform,0,0,0,0,0,0,0,0,0
1789010590.843094,2601,pg_catalog,pg_am,0,0,0,0,0,0,0,0,0
1789010590.843094,2188188,pg_toast,pg_toast_2188182,0,0,0,0,0,0,0,0,0
1789010590.843094,3394,pg_catalog,pg_init_privs,0,0,0,0,0,0,0,0,0
1789010590.843094,4167,pg_toast,pg_toast_3256,0,0,0,0,0,0,0,0,0
1789010590.843094,4151,pg_toast,pg_toast_1417,0,0,0,0,0,0,0,0,0
1789010590.843094,2834,pg_toast,pg_toast_2609,0,0,0,0,0,0,0,0,0
1789010590.843094,6000,pg_catalog,pg_replication_origin,0,0,0,0,0,0,0,0,0
1789010590.843094,2188343,public,news_item,0,0,0,0,0,0,0,0,0
1789010590.843094,2840,pg_toast,pg_toast_2619,0,0,0,0,0,0,0,0,0
1789010590.843094,2188122,public,customer_account,0,0,0,0,0,0,0,0,0
1789010590.843094,2328,pg_catalog,pg_foreign_data_wrapper,0,0,0,0,0,0,0,0,0
1789010590.843094,4157,pg_toast,pg_toast_2612,0,0,0,0,0,0,0,0,0
1789010590.843094,1260,pg_catalog,pg_authid,0,0,0,0,0,0,0,0,0
1789010590.843094,6102,pg_catalog,pg_subscription_rel,0,0,0,0,0,0,0,0,0
1789010590.843094,1214,pg_catalog,pg_shdepend,0,0,0,0,0,0,0,0,0
1789010590.843094,4163,pg_toast,pg_toast_2615,0,0,0,0,0,0,0,0,0
1789010590.843094,4169,pg_toast,pg_toast_3600,0,0,0,0,0,0,0,0,0
1789010590.843094,2615,pg_catalog,pg_namespace,1,4,5,2,0,0,0,0,0
1789010590.843094,2188162,public,watch_item,0,0,0,0,0,0,0,0,0
1789010590.843094,2188167,public,watch_list,0,0,0,0,0,0,0,0,0
1789010590.843094,2188243,public,trade_history,0,0,0,0,0,0,0,0,0
1789010590.843094,2188210,public,settlement,0,0,0,0,0,0,0,0,0
1789010590.843094,2188269,public,company,0,0,0,0,0,0,0,0,0
1789010590.843094,2396,pg_catalog,pg_shdescription,0,0,0,0,0,0,0,0,0
1789010590.843094,3600,pg_catalog,pg_ts_dict,0,0,0,0,0,0,0,0,0
1789010590.843094,3596,pg_catalog,pg_seclabel,0,0,0,0,0,0,0,0,0
1789010590.843094,2609,pg_catalog,pg_description,0,0,0,0,0,0,0,0,0
1789010590.843094,13482,pg_toast,pg_toast_13479,0,0,0,0,0,0,0,0,0
1789010590.843094,2188156,public,holding_summary,0,0,0,0,0,0,0,0,0
1789010590.843094,2188390,public,status_type,0,0,0,0,0,0,0,0,0
1789010590.843094,2188395,public,taxrate,0,0,0,0,0,0,0,0,0
1789010590.843094,3603,pg_catalog,pg_ts_config_map,0,0,0,0,0,0,0,0,0
1789010590.843094,1213,pg_catalog,pg_tablespace,0,0,1,1,0,0,0,0,0
1789010590.843094,2188383,pg_toast,pg_toast_2188364,0,0,0,0,0,0,0,0,0
1789010590.843094,2608,pg_catalog,pg_depend,0,0,0,0,0,0,0,0,0
1789010590.843094,2964,pg_catalog,pg_db_role_setting,0,0,0,0,0,0,0,0,0
1789010590.843094,1418,pg_catalog,pg_user_mapping,0,0,0,0,0,0,0,0,0
1789010590.843094,2613,pg_catalog,pg_largeobject,0,0,0,0,0,0,0,0,0
1789010590.843094,6175,pg_toast,pg_toast_3456,0,0,0,0,0,0,0,0,0
1789010590.843094,1261,pg_catalog,pg_auth_members,0,0,0,0,0,0,0,0,0
1789010590.843094,2617,pg_catalog,pg_operator,0,0,5,5,0,0,0,0,0
1789010590.843094,2188352,pg_toast,pg_toast_2188343,0,0,0,0,0,0,0,0,0
1789010590.843094,2188341,pg_toast,pg_toast_2188333,0,0,0,0,0,0,0,0,0
1789010590.843094,2610,pg_catalog,pg_index,1,221,11,14,0,0,0,0,0
1789010590.843094,1249,pg_catalog,pg_attribute,0,0,75,92,0,0,0,0,0
1789010590.843094,2188281,public,company_competitor,0,0,0,0,0,0,0,0,0
1789010590.843094,2600,pg_catalog,pg_aggregate,0,0,1,1,0,0,0,0,0
1789010590.843094,2188180,pg_toast,pg_toast_2188172,0,0,0,0,0,0,0,0,0
1789010590.843094,2188354,public,news_xref,0,0,0,0,0,0,0,0,0
1789010590.843094,2966,pg_toast,pg_toast_2964,0,0,0,0,0,0,0,0,0
1789010590.843094,2188402,public,zip_code,0,0,0,0,0,0,0,0,0
1789010590.843094,2618,pg_catalog,pg_rewrite,0,0,1,1,0,0,0,0,0
1789010590.843094,4177,pg_toast,pg_toast_1262,0,0,0,0,0,0,0,0,0
1789010590.843094,13484,information_schema,sql_parts,0,0,,,0,0,0,0,0
1789010590.843094,4159,pg_toast,pg_toast_2600,0,0,0,0,0,0,0,0,0
1789010590.843094,4147,pg_toast,pg_toast_3079,0,0,0,0,0,0,0,0,0
1789010590.843094,13474,information_schema,sql_features,0,0,,,0,0,0,0,0
1789010590.843094,1247,pg_catalog,pg_type,0,0,19,19,0,0,0,0,0
1789010590.843094,2602,pg_catalog,pg_amop,0,0,12,25,0,0,0,0,0
1789010590.843094,3439,pg_toast,pg_toast_3381,0,0,0,0,0,0,0,0,0
1789010590.843094,2846,pg_toast,pg_toast_2396,0,0,0,0,0,0,0,0,0
1789010590.843094,4145,pg_toast,pg_toast_3466,0,0,0,0,0,0,0,0,0
1789010590.843094,2188385,public,address,0,0,0,0,0,0,0,0,0
1789010590.843094,2188137,public,holding,0,0,0,0,0,0,0,0,0
1789010590.843094,3541,pg_catalog,pg_range,0,0,0,0,0,0,0,0,0
1789010590.843094,3602,pg_catalog,pg_ts_config,0,0,0,0,0,0,0,0,0
1789010590.843094,4183,pg_toast,pg_toast_6100,0,0,0,0,0,0,0,0,0
1789010590.843094,2188333,public,last_trade,0,0,0,0,0,0,0,0,0
1789010590.843094,2224,pg_catalog,pg_sequence,0,0,0,0,0,0,0,0,0
1789010590.843094,2611,pg_catalog,pg_inherits,0,0,0,0,0,0,0,0,0
1789010590.843094,1417,pg_catalog,pg_foreign_server,0,0,0,0,0,0,0,0,0
1789010590.843094,1262,pg_catalog,pg_database,0,0,0,0,0,0,0,0,0
1789010590.843094,2188182,public,cash_transaction,0,0,0,0,0,0,0,0,0
1789010590.843094,13492,pg_toast,pg_toast_13489,0,0,0,0,0,0,0,0,0
1789010590.843094,3501,pg_catalog,pg_enum,0,0,0,0,0,0,0,0,0
1789010590.843094,2607,pg_catalog,pg_conversion,0,0,0,0,0,0,0,0,0
1789010590.843094,2188359,public,sector,0,0,0,0,0,0,0,0,0
1789010590.843094,2188217,pg_toast,pg_toast_2188210,0,0,0,0,0,0,0,0,0
1789010590.843094,826,pg_catalog,pg_default_acl,0,0,0,0,0,0,0,0,0
1789010590.843094,2604,pg_catalog,pg_attrdef,0,0,0,0,0,0,0,0,0
1789010590.843094,2336,pg_toast,pg_toast_2620,0,0,0,0,0,0,0,0,0
1789010590.843094,2188149,public,holding_history,0,0,0,0,0,0,0,0,0
1789010590.843094,2603,pg_catalog,pg_amproc,0,0,5,11,0,0,0,0,0
1789010590.843094,2606,pg_catalog,pg_constraint,0,0,3,8,0,0,0,0,0
1789010590.843094,1255,pg_catalog,pg_proc,0,0,19,24,0,0,0,0,0
1789010590.843094,4173,pg_toast,pg_toast_1418,0,0,0,0,0,0,0,0,0
1789010590.843094,2620,pg_catalog,pg_trigger,0,0,0,0,0,0,0,0,0
1789010590.843094,2188241,pg_toast,pg_toast_2188219,0,0,0,0,0,0,0,0,0
1789010590.843094,2612,pg_catalog,pg_language,0,0,0,0,0,0,0,0,0
1789010590.843094,4149,pg_toast,pg_toast_2328,0,0,0,0,0,0,0,0,0
1789010590.843094,6351,pg_toast,pg_toast_2610,0,0,0,0,0,0,0,0,0
1789010590.843094,13489,information_schema,sql_sizing,0,0,,,0,0,0,0,0
1789010590.843094,3598,pg_toast,pg_toast_3596,0,0,0,0,0,0,0,0,0
1789010590.843094,2188111,public,customer,0,0,0,0,0,0,0,0,0
1789010590.843094,2836,pg_toast,pg_toast_1255,0,0,0,0,0,0,0,0,0
1789010590.843094,3456,pg_catalog,pg_collation,0,0,0,0,0,0,0,0,0
1789010590.843094,3079,pg_catalog,pg_extension,0,0,0,0,0,0,0,0,0
1789010590.843094,2188262,public,trade_type,0,0,0,0,0,0,0,0,0
1789010590.843094,6100,pg_catalog,pg_subscription,0,0,0,0,0,0,0,0,0
1789010590.843094,2188249,public,trade_request,0,0,0,0,0,0,0,0,0
1789010590.843094,2188198,public,commission_rate,0,0,0,0,0,0,0,0,0
1789010590.843094,2188130,pg_toast,pg_toast_2188122,0,0,0,0,0,0,0,0,0
1789010590.843094,2832,pg_toast,pg_toast_2606,0,0,0,0,0,0,0,0,0
1789010590.843094,3256,pg_catalog,pg_policy,0,0,0,0,0,0,0,0,0
1789010590.843094,2188172,public,broker,0,0,0,0,0,0,0,0,0
1789010590.843094,2188296,pg_toast,pg_toast_2188287,0,0,0,0,0,0,0,0,0
1789010590.843094,2188307,public,financial,0,0,0,0,0,0,0,0,0
1789010590.843094,2188103,public,account_permission,0,0,0,0,0,0,0,0,0
1789010590.843094,3466,pg_catalog,pg_event_trigger,0,0,0,0,0,0,0,0,0
1789010590.843094,3592,pg_catalog,pg_shseclabel,0,0,0,0,0,0,0,0,0
1789010590.843094,3764,pg_catalog,pg_ts_template,0,0,0,0,0,0,0,0,0
1789010590.843094,6237,pg_catalog,pg_publication_namespace,0,0,0,0,0,0,0,0,0
1789010590.843094,13487,pg_toast,pg_toast_13484,0,0,0,0,0,0,0,0,0
1789010590.843094,2995,pg_catalog,pg_largeobject_metadata,0,0,0,0,0,0,0,0,0
1789010590.843094,4143,pg_toast,pg_toast_826,0,0,0,0,0,0,0,0,0
1789010590.843094,4185,pg_toast,pg_toast_1213,0,0,0,0,0,0,0,0,0
1789010590.843094,2188287,public,daily_market,0,0,0,0,0,0,0,0,0
1789010590.843094,2188190,public,charge,0,0,0,0,0,0,0,0,0
1789010590.843094,6243,pg_catalog,pg_parameter_acl,0,0,0,0,0,0,0,0,0
1789010590.843094,2616,pg_catalog,pg_opclass,0,0,8,134,0,0,0,0,0
1789010590.843094,2188298,public,exchange,0,0,0,0,0,0,0,0,0
1789010590.843094,2188147,pg_toast,pg_toast_2188137,0,0,0,0,0,0,0,0,0
1789010590.843094,2838,pg_toast,pg_toast_2618,0,0,1,3,0,0,0,0,0
1789010590.843094,2188327,public,industry,0,0,0,0,0,0,0,0,0
1789010590.843094,6228,pg_toast,pg_toast_6106,0,0,0,0,0,0,0,0,0
1789010590.843094,2188325,pg_toast,pg_toast_2188307,0,0,0,0,0,0,0,0,0
1789010590.843094,2188364,public,security,0,0,0,0,0,0,0,0,0
1789010590.843094,3118,pg_catalog,pg_foreign_table,0,0,0,0,0,0,0,0,0
1789010590.843094,1259,pg_catalog,pg_class,1,523,12,12,0,0,0,0,0
1789010590.843094,3350,pg_catalog,pg_partitioned_table,0,0,0,0,0,0,0,0,0
1789010590.843094,4153,pg_toast,pg_toast_3118,0,0,0,0,0,0,0,0,0
1789010590.843094,4060,pg_toast,pg_toast_3592,0,0,0,0,0,0,0,0,0
1789010590.843094,4165,pg_toast,pg_toast_3350,0,0,0,0,0,0,0,0,0
1789010590.843094,2753,pg_catalog,pg_opfamily,0,0,2,2,0,0,0,0,0
1789010590.843094,3601,pg_catalog,pg_ts_parser,0,0,0,0,0,0,0,0,0
1789010590.843094,2188219,public,trade,0,0,0,0,0,0,0,0,0
1789010590.843094,2188260,pg_toast,pg_toast_2188249,0,0,0,0,0,0,0,0,0
1789010590.843094,6104,pg_catalog,pg_publication,0,0,0,0,0,0,0,0,0
1789010590.843094,13477,pg_toast,pg_toast_13474,0,0,0,0,0,0,0,0,0
1789010590.843094,3429,pg_catalog,pg_statistic_ext_data,0,0,0,0,0,0,0,0,0
1789010590.843094,2619,pg_catalog,pg_statistic,0,0,17,8,0,0,0,0,0
1789010590.843094,4155,pg_toast,pg_toast_3394,0,0,0,0,0,0,0,0,0
1789010590.843094,2188196,pg_toast,pg_toast_2188190,0,0,0,0,0,0,0,0,0
1789010590.843094,3381,pg_catalog,pg_statistic_ext,0,0,3,0,0,0,0,0,0
1789010590.843094,6106,pg_catalog,pg_publication_rel,0,0,0,0,0,0,0,0,0
1789010590.843094,2605,pg_catalog,pg_cast,0,0,34,7,0,0,0,0,0
1789010590.843094,4171,pg_toast,pg_toast_1247,0,0,0,0,0,0,0,0,0
1789010590.843094,2830,pg_toast,pg_toast_2604,0,0,0,0,0,0,0,0,0
1789010590.843094,13479,information_schema,sql_implementation_info,0,0,,,0,0,0,0,0
1789010590.843094,6244,pg_toast,pg_toast_6243,0,0,0,0,0,0,0,0,0
1789010590.843094,3430,pg_toast,pg_toast_3429,0,0,0,0,0,0,0,0,0
1789010650.959941,2188132,public,customer_taxrate,0,0,0,0,0,0,0,0,0
1789010650.959941,3576,pg_catalog,pg_transform,0,0,0,0,0,0,0,0,0
1789010650.959941,2601,pg_catalog,pg_am,0,0,0,0,0,0,0,0,0
1789010650.959941,2188188,pg_toast,pg_toast_2188182,0,0,0,0,0,0,0,0,0
1789010650.959941,3394,pg_catalog,pg_init_privs,0,0,0,0,0,0,0,0,0
1789010650.959941,4167,pg_toast,pg_toast_3256,0,0,0,0,0,0,0,0,0
1789010650.959941,4151,pg_toast,pg_toast_1417,0,0,0,0,0,0,0,0,0
1789010650.959941,2834,pg_toast,pg_toast_2609,0,0,0,0,0,0,0,0,0
1789010650.959941,6000,pg_catalog,pg_replication_origin,0,0,0,0,0,0,0,0,0
1789010650.959941,2188343,public,news_item,0,0,0,0,0,0,0,0,0
1789010650.959941,2840,pg_toast,pg_toast_2619,0,0,0,0,0,0,0,0,0
1789010650.959941,2188122,public,customer_account,0,0,0,0,0,0,0,0,0
1789010650.959941,2328,pg_catalog,pg_foreign_data_wrapper,0,0,0,0,0,0,0,0,0
1789010650.959941,4157,pg_toast,pg_toast_2612,0,0,0,0,0,0,0,0,0
1789010650.959941,1260,pg_catalog,pg_authid,0,0,0,0,0,0,0,0,0
1789010650.959941,6102,pg_catalog,pg_subscription_rel,0,0,0,0,0,0,0,0,0
1789010650.959941,1214,pg_catalog,pg_shdepend,0,0,0,0,0,0,0,0,0
1789010650.959941,4163,pg_toast,pg_toast_2615,0,0,0,0,0,0,0,0,0
1789010650.959941,4169,pg_toast,pg_toast_3600,0,0,0,0,0,0,0,0,0
1789010650.959941,2615,pg_catalog,pg_namespace,1,4,5,2,0,0,0,0,0
1789010650.959941,2188162,public,watch_item,0,0,0,0,0,0,0,0,0
1789010650.959941,2188167,public,watch_list,0,0,0,0,0,0,0,0,0
1789010650.959941,2188243,public,trade_history,0,0,0,0,0,0,0,0,0
1789010650.959941,2188210,public,settlement,0,0,0,0,0,0,0,0,0
1789010650.959941,2188269,public,company,0,0,0,0,0,0,0,0,0
1789010650.959941,2396,pg_catalog,pg_shdescription,0,0,0,0,0,0,0,0,0
1789010650.959941,3600,pg_catalog,pg_ts_dict,0,0,0,0,0,0,0,0,0
1789010650.959941,3596,pg_catalog,pg_seclabel,0,0,0,0,0,0,0,0,0
1789010650.959941,2609,pg_catalog,pg_description,0,0,0,0,0,0,0,0,0
1789010650.959941,13482,pg_toast,pg_toast_13479,0,0,0,0,0,0,0,0,0
1789010650.959941,2188156,public,holding_summary,0,0,0,0,0,0,0,0,0
1789010650.959941,2188390,public,status_type,0,0,0,0,0,0,0,0,0
1789010650.959941,2188395,public,taxrate,0,0,0,0,0,0,0,0,0
1789010650.959941,3603,pg_catalog,pg_ts_config_map,0,0,0,0,0,0,0,0,0
1789010650.959941,1213,pg_catalog,pg_tablespace,0,0,1,1,0,0,0,0,0
1789010650.959941,2188383,pg_toast,pg_toast_2188364,0,0,0,0,0,0,0,0,0
1789010650.959941,2608,pg_catalog,pg_depend,0,0,0,0,0,0,0,0,0
1789010650.959941,2964,pg_catalog,pg_db_role_setting,0,0,0,0,0,0,0,0,0
1789010650.959941,1418,pg_catalog,pg_user_mapping,0,0,0,0,0,0,0,0,0
1789010650.959941,2613,pg_catalog,pg_largeobject,0,0,0,0,0,0,0,0,0
1789010650.959941,6175,pg_toast,pg_toast_3456,0,0,0,0,0,0,0,0,0
1789010650.959941,1261,pg_catalog,pg_auth_members,0,0,0,0,0,0,0,0,0
1789010650.959941,2617,pg_catalog,pg_operator,0,0,5,5,0,0,0,0,0
1789010650.959941,2188352,pg_toast,pg_toast_2188343,0,0,0,0,0,0,0,0,0
1789010650.959941,2188341,pg_toast,pg_toast_2188333,0,0,0,0,0,0,0,0,0
1789010650.959941,2610,pg_catalog,pg_index,1,221,11,14,0,0,0,0,0
1789010650.959941,1249,pg_catalog,pg_attribute,0,0,75,92,0,0,0,0,0
1789010650.959941,2188281,public,company_competitor,0,0,0,0,0,0,0,0,0
1789010650.959941,2600,pg_catalog,pg_aggregate,0,0,1,1,0,0,0,0,0
1789010650.959941,2188180,pg_toast,pg_toast_2188172,0,0,0,0,0,0,0,0,0
1789010650.959941,2188354,public,news_xref,0,0,0,0,0,0,0,0,0
1789010650.959941,2966,pg_toast,pg_toast_2964,0,0,0,0,0,0,0,0,0
1789010650.959941,2188402,public,zip_code,0,0,0,0,0,0,0,0,0
1789010650.959941,2618,pg_catalog,pg_rewrite,0,0,1,1,0,0,0,0,0
1789010650.959941,4177,pg_toast,pg_toast_1262,0,0,0,0,0,0,0,0,0
1789010650.959941,13484,information_schema,sql_parts,0,0,,,0,0,0,0,0
1789010650.959941,4159,pg_toast,pg_toast_2600,0,0,0,0,0,0,0,0,0
1789010650.959941,4147,pg_toast,pg_toast_3079,0,0,0,0,0,0,0,0,0
1789010650.959941,13474,information_schema,sql_features,0,0,,,0,0,0,0,0
1789010650.959941,1247,pg_catalog,pg_type,0,0,19,19,0,0,0,0,0
1789010650.959941,2602,pg_catalog,pg_amop,0,0,12,25,0,0,0,0,0
1789010650.959941,3439,pg_toast,pg_toast_3381,0,0,0,0,0,0,0,0,0
1789010650.959941,2846,pg_toast,pg_toast_2396,0,0,0,0,0,0,0,0,0
1789010650.959941,4145,pg_toast,pg_toast_3466,0,0,0,0,0,0,0,0,0
1789010650.959941,2188385,public,address,0,0,0,0,0,0,0,0,0
1789010650.959941,2188137,public,holding,0,0,0,0,0,0,0,0,0
1789010650.959941,3541,pg_catalog,pg_range,0,0,0,0,0,0,0,0,0
1789010650.959941,3602,pg_catalog,pg_ts_config,0,0,0,0,0,0,0,0,0
1789010650.959941,4183,pg_toast,pg_toast_6100,0,0,0,0,0,0,0,0,0
1789010650.959941,2188333,public,last_trade,0,0,0,0,0,0,0,0,0
1789010650.959941,2224,pg_catalog,pg_sequence,0,0,0,0,0,0,0,0,0
1789010650.959941,2611,pg_catalog,pg_inherits,0,0,0,0,0,0,0,0,0
1789010650.959941,1417,pg_catalog,pg_foreign_server,0,0,0,0,0,0,0,0,0
1789010650.959941,1262,pg_catalog,pg_database,0,0,0,0,0,0,0,0,0
1789010650.959941,2188182,public,cash_transaction,0,0,0,0,0,0,0,0,0
1789010650.959941,13492,pg_toast,pg_toast_13489,0,0,0,0,0,0,0,0,0
1789010650.959941,3501,pg_catalog,pg_enum,0,0,0,0,0,0,0,0,0
1789010650.959941,2607,pg_catalog,pg_conversion,0,0,0,0,0,0,0,0,0
1789010650.959941,2188359,public,sector,0,0,0,0,0,0,0,0,0
1789010650.959941,2188217,pg_toast,pg_toast_2188210,0,0,0,0,0,0,0,0,0
1789010650.959941,826,pg_catalog,pg_default_acl,0,0,0,0,0,0,0,0,0
1789010650.959941,2604,pg_catalog,pg_attrdef,0,0,0,0,0,0,0,0,0
1789010650.959941,2336,pg_toast,pg_toast_2620,0,0,0,0,0,0,0,0,0
1789010650.959941,2188149,public,holding_history,0,0,0,0,0,0,0,0,0
1789010650.959941,2603,pg_catalog,pg_amproc,0,0,5,11,0,0,0,0,0
1789010650.959941,2606,pg_catalog,pg_constraint,0,0,3,8,0,0,0,0,0
1789010650.959941,1255,pg_catalog,pg_proc,0,0,19,24,0,0,0,0,0
1789010650.959941,4173,pg_toast,pg_toast_1418,0,0,0,0,0,0,0,0,0
1789010650.959941,2620,pg_catalog,pg_trigger,0,0,0,0,0,0,0,0,0
1789010650.959941,2188241,pg_toast,pg_toast_2188219,0,0,0,0,0,0,0,0,0
1789010650.959941,2612,pg_catalog,pg_language,0,0,0,0,0,0,0,0,0
1789010650.959941,4149,pg_toast,pg_toast_2328,0,0,0,0,0,0,0,0,0
1789010650.959941,6351,pg_toast,pg_toast_2610,0,0,0,0,0,0,0,0,0
1789010650.959941,13489,information_schema,sql_sizing,0,0,,,0,0,0,0,0
1789010650.959941,3598,pg_toast,pg_toast_3596,0,0,0,0,0,0,0,0,0
1789010650.959941,2188111,public,customer,0,0,0,0,0,0,0,0,0
1789010650.959941,2836,pg_toast,pg_toast_1255,0,0,0,0,0,0,0,0,0
1789010650.959941,3456,pg_catalog,pg_collation,0,0,0,0,0,0,0,0,0
1789010650.959941,3079,pg_catalog,pg_extension,0,0,0,0,0,0,0,0,0
1789010650.959941,2188262,public,trade_type,0,0,0,0,0,0,0,0,0
1789010650.959941,6100,pg_catalog,pg_subscription,0,0,0,0,0,0,0,0,0
1789010650.959941,2188249,public,trade_request,0,0,0,0,0,0,0,0,0
1789010650.959941,2188198,public,commission_rate,0,0,0,0,0,0,0,0,0
1789010650.959941,2188130,pg_toast,pg_toast_2188122,0,0,0,0,0,0,0,0,0
1789010650.959941,2832,pg_toast,pg_toast_2606,0,0,0,0,0,0,0,0,0
1789010650.959941,3256,pg_catalog,pg_policy,0,0,0,0,0,0,0,0,0
1789010650.959941,2188172,public,broker,0,0,0,0,0,0,0,0,0
1789010650.959941,2188296,pg_toast,pg_toast_2188287,0,0,0,0,0,0,0,0,0
1789010650.959941,2188307,public,financial,0,0,0,0,0,0,0,0,0
1789010650.959941,2188103,public,account_permission,0,0,0,0,0,0,0,0,0
1789010650.959941,3466,pg_catalog,pg_event_trigger,0,0,0,0,0,0,0,0,0
1789010650.959941,3592,pg_catalog,pg_shseclabel,0,0,0,0,0,0,0,0,0
1789010650.959941,3764,pg_catalog,pg_ts_template,0,0,0,0,0,0,0,0,0
1789010650.959941,6237,pg_catalog,pg_publication_namespace,0,0,0,0,0,0,0,0,0
1789010650.959941,13487,pg_toast,pg_toast_13484,0,0,0,0,0,0,0,0,0
1789010650.959941,2995,pg_catalog,pg_largeobject_metadata,0,0,0,0,0,0,0,0,0
1789010650.959941,4143,pg_toast,pg_toast_826,0,0,0,0,0,0,0,0,0
1789010650.959941,4185,pg_toast,pg_toast_1213,0,0,0,0,0,0,0,0,0
1789010650.959941,2188287,public,daily_market,0,0,0,0,0,0,0,0,0
1789010650.959941,2188190,public,charge,0,0,0,0,0,0,0,0,0
1789010650.959941,6243,pg_catalog,pg_parameter_acl,0,0,0,0,0,0,0,0,0
1789010650.959941,2616,pg_catalog,pg_opclass,0,0,8,134,0,0,0,0,0
1789010650.959941,2188298,public,exchange,0,0,0,0,0,0,0,0,0
1789010650.959941,2188147,pg_toast,pg_toast_2188137,0,0,0,0,0,0,0,0,0
1789010650.959941,2838,pg_toast,pg_toast_2618,0,0,1,3,0,0,0,0,0
1789010650.959941,2188327,public,industry,0,0,0,0,0,0,0,0,0
1789010650.959941,6228,pg_toast,pg_toast_6106,0,0,0,0,0,0,0,0,0
1789010650.959941,2188325,pg_toast,pg_toast_2188307,0,0,0,0,0,0,0,0,0
1789010650.959941,2188364,public,security,0,0,0,0,0,0,0,0,0
1789010650.959941,3118,pg_catalog,pg_foreign_table,0,0,0,0,0,0,0,0,0
1789010650.959941,1259,pg_catalog,pg_class,1,523,12,12,0,0,0,0,0
1789010650.959941,3350,pg_catalog,pg_partitioned_table,0,0,0,0,0,0,0,0,0
1789010650.959941,4153,pg_toast,pg_toast_3118,0,0,0,0,0,0,0,0,0
1789010650.959941,4060,pg_toast,pg_toast_3592,0,0,0,0,0,0,0,0,0
1789010650.959941,4165,pg_toast,pg_toast_3350,0,0,0,0,0,0,0,0,0
1789010650.959941,2753,pg_catalog,pg_opfamily,0,0,2,2,0,0,0,0,0
1789010650.959941,3601,pg_catalog,pg_ts_parser,0,0,0,0,0,0,0,0,0
1789010650.959941,2188219,public,trade,0,0,0,0,0,0,0,0,0
1789010650.959941,2188260,pg_toast,pg_toast_2188249,0,0,0,0,0,0,0,0,0
1789010650.959941,6104,pg_catalog,pg_publication,0,0,0,0,0,0,0,0,0
1789010650.959941,13477,pg_toast,pg_toast_13474,0,0,0,0,0,0,0,0,0
1789010650.959941,3429,pg_catalog,pg_statistic_ext_data,0,0,0,0,0,0,0,0,0
1789010650.959941,2619,pg_catalog,pg_statistic,0,0,17,8,0,0,0,0,0
1789010650.959941,4155,pg_toast,pg_toast_3394,0,0,0,0,0,0,0,0,0
1789010650.959941,2188196,pg_toast,pg_toast_2188190,0,0,0,0,0,0,0,0,0
1789010650.959941,3381,pg_catalog,pg_statistic_ext,0,0,3,0,0,0,0,0,0
1789010650.959941,6106,pg_catalog,pg_publication_rel,0,0,0,0,0,0,0,0,0
1789010650.959941,2605,pg_catalog,pg_cast,0,0,34,7,0,0,0,0,0
1789010650.959941,4171,pg_toast,pg_toast_1247,0,0,0,0,0,0,0,0,0
1789010650.959941,2830,pg_toast,pg_toast_2604,0,0,0,0,0,0,0,0,0
1789010650.959941,13479,information_schema,sql_implementation_info,0,0,,,0,0,0,0,0
1789010650.959941,6244,pg_toast,pg_toast_6243,0,0,0,0,0,0,0,0,0
1789010650.959941,3430,pg_toast,pg_toast_3429,0,0,0,0,0,0,0,0,0
1789010710.065004,2188132,public,customer_taxrate,0,0,0,0,0,0,0,0,0
1789010710.065004,3576,pg_catalog,pg_transform,0,0,0,0,0,0,0,0,0
1789010710.065004,2601,pg_catalog,pg_am,0,0,0,0,0,0,0,0,0
1789010710.065004,2188188,pg_toast,pg_toast_2188182,0,0,0,0,0,0,0,0,0
1789010710.065004,3394,pg_catalog,pg_init_privs,0,0,0,0,0,0,0,0,0
1789010710.065004,4167,pg_toast,pg_toast_3256,0,0,0,0,0,0,0,0,0
1789010710.065004,4151,pg_toast,pg_toast_1417,0,0,0,0,0,0,0,0,0
1789010710.065004,2834,pg_toast,pg_toast_2609,0,0,0,0,0,0,0,0,0
1789010710.065004,6000,pg_catalog,pg_replication_origin,0,0,0,0,0,0,0,0,0
1789010710.065004,2188343,public,news_item,0,0,0,0,0,0,0,0,0
1789010710.065004,2840,pg_toast,pg_toast_2619,0,0,0,0,0,0,0,0,0
1789010710.065004,2188122,public,customer_account,0,0,0,0,0,0,0,0,0
1789010710.065004,2328,pg_catalog,pg_foreign_data_wrapper,0,0,0,0,0,0,0,0,0
1789010710.065004,4157,pg_toast,pg_toast_2612,0,0,0,0,0,0,0,0,0
1789010710.065004,1260,pg_catalog,pg_authid,0,0,0,0,0,0,0,0,0
1789010710.065004,6102,pg_catalog,pg_subscription_rel,0,0,0,0,0,0,0,0,0
1789010710.065004,1214,pg_catalog,pg_shdepend,0,0,0,0,0,0,0,0,0
1789010710.065004,4163,pg_toast,pg_toast_2615,0,0,0,0,0,0,0,0,0
1789010710.065004,4169,pg_toast,pg_toast_3600,0,0,0,0,0,0,0,0,0
1789010710.065004,2615,pg_catalog,pg_namespace,1,4,5,2,0,0,0,0,0
1789010710.065004,2188162,public,watch_item,0,0,0,0,0,0,0,0,0
1789010710.065004,2188167,public,watch_list,0,0,0,0,0,0,0,0,0
1789010710.065004,2188243,public,trade_history,0,0,0,0,0,0,0,0,0
1789010710.065004,2188210,public,settlement,0,0,0,0,0,0,0,0,0
1789010710.065004,2188269,public,company,0,0,0,0,0,0,0,0,0
1789010710.065004,2396,pg_catalog,pg_shdescription,0,0,0,0,0,0,0,0,0
1789010710.065004,3600,pg_catalog,pg_ts_dict,0,0,0,0,0,0,0,0,0
1789010710.065004,3596,pg_catalog,pg_seclabel,0,0,0,0,0,0,0,0,0
1789010710.065004,2609,pg_catalog,pg_description,0,0,0,0,0,0,0,0,0
1789010710.065004,13482,pg_toast,pg_toast_13479,0,0,0,0,0,0,0,0,0
1789010710.065004,2188156,public,holding_summary,0,0,0,0,0,0,0,0,0
1789010710.065004,2188390,public,status_type,0,0,0,0,0,0,0,0,0
1789010710.065004,2188395,public,taxrate,0,0,0,0,0,0,0,0,0
1789010710.065004,3603,pg_catalog,pg_ts_config_map,0,0,0,0,0,0,0,0,0
1789010710.065004,1213,pg_catalog,pg_tablespace,0,0,1,1,0,0,0,0,0
1789010710.065004,2188383,pg_toast,pg_toast_2188364,0,0,0,0,0,0,0,0,0
1789010710.065004,2608,pg_catalog,pg_depend,0,0,0,0,0,0,0,0,0
1789010710.065004,2964,pg_catalog,pg_db_role_setting,0,0,0,0,0,0,0,0,0
1789010710.065004,1418,pg_catalog,pg_user_mapping,0,0,0,0,0,0,0,0,0
1789010710.065004,2613,pg_catalog,pg_largeobject,0,0,0,0,0,0,0,0,0
1789010710.065004,6175,pg_toast,pg_toast_3456,0,0,0,0,0,0,0,0,0
1789010710.065004,1261,pg_catalog,pg_auth_members,0,0,0,0,0,0,0,0,0
1789010710.065004,2617,pg_catalog,pg_operator,0,0,5,5,0,0,0,0,0
1789010710.065004,2188352,pg_toast,pg_toast_2188343,0,0,0,0,0,0,0,0,0
1789010710.065004,2188341,pg_toast,pg_toast_2188333,0,0,0,0,0,0,0,0,0
1789010710.065004,2610,pg_catalog,pg_index,1,221,11,14,0,0,0,0,0
1789010710.065004,1249,pg_catalog,pg_attribute,0,0,75,92,0,0,0,0,0
1789010710.065004,2188281,public,company_competitor,0,0,0,0,0,0,0,0,0
1789010710.065004,2600,pg_catalog,pg_aggregate,0,0,1,1,0,0,0,0,0
1789010710.065004,2188180,pg_toast,pg_toast_2188172,0,0,0,0,0,0,0,0,0
1789010710.065004,2188354,public,news_xref,0,0,0,0,0,0,0,0,0
1789010710.065004,2966,pg_toast,pg_toast_2964,0,0,0,0,0,0,0,0,0
1789010710.065004,2188402,public,zip_code,0,0,0,0,0,0,0,0,0
1789010710.065004,2618,pg_catalog,pg_rewrite,0,0,1,1,0,0,0,0,0
1789010710.065004,4177,pg_toast,pg_toast_1262,0,0,0,0,0,0,0,0,0
1789010710.065004,13484,information_schema,sql_parts,0,0,,,0,0,0,0,0
1789010710.065004,4159,pg_toast,pg_toast_2600,0,0,0,0,0,0,0,0,0
1789010710.065004,4147,pg_toast,pg_toast_3079,0,0,0,0,0,0,0,0,0
1789010710.065004,13474,information_schema,sql_features,0,0,,,0,0,0,0,0
1789010710.065004,1247,pg_catalog,pg_type,0,0,19,19,0,0,0,0,0
1789010710.065004,2602,pg_catalog,pg_amop,0,0,12,25,0,0,0,0,0
1789010710.065004,3439,pg_toast,pg_toast_3381,0,0,0,0,0,0,0,0,0
1789010710.065004,2846,pg_toast,pg_toast_2396,0,0,0,0,0,0,0,0,0
1789010710.065004,4145,pg_toast,pg_toast_3466,0,0,0,0,0,0,0,0,0
1789010710.065004,2188385,public,address,0,0,0,0,0,0,0,0,0
1789010710.065004,2188137,public,holding,0,0,0,0,0,0,0,0,0
1789010710.065004,3541,pg_catalog,pg_range,0,0,0,0,0,0,0,0,0
1789010710.065004,3602,pg_catalog,pg_ts_config,0,0,0,0,0,0,0,0,0
1789010710.065004,4183,pg_toast,pg_toast_6100,0,0,0,0,0,0,0,0,0
1789010710.065004,2188333,public,last_trade,0,0,0,0,0,0,0,0,0
1789010710.065004,2224,pg_catalog,pg_sequence,0,0,0,0,0,0,0,0,0
1789010710.065004,2611,pg_catalog,pg_inherits,0,0,0,0,0,0,0,0,0
1789010710.065004,1417,pg_catalog,pg_foreign_server,0,0,0,0,0,0,0,0,0
1789010710.065004,1262,pg_catalog,pg_database,0,0,0,0,0,0,0,0,0
1789010710.065004,2188182,public,cash_transaction,0,0,0,0,0,0,0,0,0
1789010710.065004,13492,pg_toast,pg_toast_13489,0,0,0,0,0,0,0,0,0
1789010710.065004,3501,pg_catalog,pg_enum,0,0,0,0,0,0,0,0,0
1789010710.065004,2607,pg_catalog,pg_conversion,0,0,0,0,0,0,0,0,0
1789010710.065004,2188359,public,sector,0,0,0,0,0,0,0,0,0
1789010710.065004,2188217,pg_toast,pg_toast_2188210,0,0,0,0,0,0,0,0,0
1789010710.065004,826,pg_catalog,pg_default_acl,0,0,0,0,0,0,0,0,0
1789010710.065004,2604,pg_catalog,pg_attrdef,0,0,0,0,0,0,0,0,0
1789010710.065004,2336,pg_toast,pg_toast_2620,0,0,0,0,0,0,0,0,0
1789010710.065004,2188149,public,holding_history,0,0,0,0,0,0,0,0,0
1789010710.065004,2603,pg_catalog,pg_amproc,0,0,5,11,0,0,0,0,0
1789010710.065004,2606,pg_catalog,pg_constraint,0,0,3,8,0,0,0,0,0
1789010710.065004,1255,pg_catalog,pg_proc,0,0,19,24,0,0,0,0,0
1789010710.065004,4173,pg_toast,pg_toast_1418,0,0,0,0,0,0,0,0,0
1789010710.065004,2620,pg_catalog,pg_trigger,0,0,0,0,0,0,0,0,0
1789010710.065004,2188241,pg_toast,pg_toast_2188219,0,0,0,0,0,0,0,0,0
1789010710.065004,2612,pg_catalog,pg_language,0,0,0,0,0,0,0,0,0
1789010710.065004,4149,pg_toast,pg_toast_2328,0,0,0,0,0,0,0,0,0
1789010710.065004,6351,pg_toast,pg_toast_2610,0,0,0,0,0,0,0,0,0
1789010710.065004,13489,information_schema,sql_sizing,0,0,,,0,0,0,0,0
1789010710.065004,3598,pg_toast,pg_toast_3596,0,0,0,0,0,0,0,0,0
1789010710.065004,2188111,public,customer,0,0,0,0,0,0,0,0,0
1789010710.065004,2836,pg_toast,pg_toast_1255,0,0,0,0,0,0,0,0,0
1789010710.065004,3456,pg_catalog,pg_collation,0,0,0,0,0,0,0,0,0
1789010710.065004,3079,pg_catalog,pg_extension,0,0,0,0,0,0,0,0,0
1789010710.065004,2188262,public,trade_type,0,0,0,0,0,0,0,0,0
1789010710.065004,6100,pg_catalog,pg_subscription,0,0,0,0,0,0,0,0,0
1789010710.065004,2188249,public,trade_request,0,0,0,0,0,0,0,0,0
1789010710.065004,2188198,public,commission_rate,0,0,0,0,0,0,0,0,0
1789010710.065004,2188130,pg_toast,pg_toast_2188122,0,0,0,0,0,0,0,0,0
1789010710.065004,2832,pg_toast,pg_toast_2606,0,0,0,0,0,0,0,0,0
1789010710.065004,3256,pg_catalog,pg_policy,0,0,0,0,0,0,0,0,0
1789010710.065004,2188172,public,broker,0,0,0,0,0,0,0,0,0
1789010710.065004,2188296,pg_toast,pg_toast_2188287,0,0,0,0,0,0,0,0,0
1789010710.065004,2188307,public,financial,0,0,0,0,0,0,0,0,0
1789010710.065004,2188103,public,account_permission,0,0,0,0,0,0,0,0,0
1789010710.065004,3466,pg_catalog,pg_event_trigger,0,0,0,0,0,0,0,0,0
1789010710.065004,3592,pg_catalog,pg_shseclabel,0,0,0,0,0,0,0,0,0
1789010710.065004,3764,pg_catalog,pg_ts_template,0,0,0,0,0,0,0,0,0
1789010710.065004,6237,pg_catalog,pg_publication_namespace,0,0,0,0,0,0,0,0,0
1789010710.065004,13487,pg_toast,pg_toast_13484,0,0,0,0,0,0,0,0,0
1789010710.065004,2995,pg_catalog,pg_largeobject_metadata,0,0,0,0,0,0,0,0,0
1789010710.065004,4143,pg_toast,pg_toast_826,0,0,0,0,0,0,0,0,0
1789010710.065004,4185,pg_toast,pg_toast_1213,0,0,0,0,0,0,0,0,0
1789010710.065004,2188287,public,daily_market,0,0,0,0,0,0,0,0,0
1789010710.065004,2188190,public,charge,0,0,0,0,0,0,0,0,0
1789010710.065004,6243,pg_catalog,pg_parameter_acl,0,0,0,0,0,0,0,0,0
1789010710.065004,2616,pg_catalog,pg_opclass,0,0,8,134,0,0,0,0,0
1789010710.065004,2188298,public,exchange,0,0,0,0,0,0,0,0,0
1789010710.065004,2188147,pg_toast,pg_toast_2188137,0,0,0,0,0,0,0,0,0
1789010710.065004,2838,pg_toast,pg_toast_2618,0,0,1,3,0,0,0,0,0
1789010710.065004,2188327,public,industry,0,0,0,0,0,0,0,0,0
1789010710.065004,6228,pg_toast,pg_toast_6106,0,0,0,0,0,0,0,0,0
1789010710.065004,2188325,pg_toast,pg_toast_2188307,0,0,0,0,0,0,0,0,0
1789010710.065004,2188364,public,security,0,0,0,0,0,0,0,0,0
1789010710.065004,3118,pg_catalog,pg_foreign_table,0,0,0,0,0,0,0,0,0
1789010710.065004,1259,pg_catalog,pg_class,1,523,12,12,0,0,0,0,0
1789010710.065004,3350,pg_catalog,pg_partitioned_table,0,0,0,0,0,0,0,0,0
1789010710.065004,4153,pg_toast,pg_toast_3118,0,0,0,0,0,0,0,0,0
1789010710.065004,4060,pg_toast,pg_toast_3592,0,0,0,0,0,0,0,0,0
1789010710.065004,4165,pg_toast,pg_toast_3350,0,0,0,0,0,0,0,0,0
1789010710.065004,2753,pg_catalog,pg_opfamily,0,0,2,2,0,0,0,0,0
1789010710.065004,3601,pg_catalog,pg_ts_parser,0,0,0,0,0,0,0,0,0
1789010710.065004,2188219,public,trade,0,0,0,0,0,0,0,0,0
1789010710.065004,2188260,pg_toast,pg_toast_2188249,0,0,0,0,0,0,0,0,0
1789010710.065004,6104,pg_catalog,pg_publication,0,0,0,0,0,0,0,0,0
1789010710.065004,13477,pg_toast,pg_toast_13474,0,0,0,0,0,0,0,0,0
1789010710.065004,3429,pg_catalog,pg_statistic_ext_data,0,0,0,0,0,0,0,0,0
1789010710.065004,2619,pg_catalog,pg_statistic,0,0,17,8,0,0,0,0,0
1789010710.065004,4155,pg_toast,pg_toast_3394,0,0,0,0,0,0,0,0,0
1789010710.065004,2188196,pg_toast,pg_toast_2188190,0,0,0,0,0,0,0,0,0
1789010710.065004,3381,pg_catalog,pg_statistic_ext,0,0,3,0,0,0,0,0,0
1789010710.065004,6106,pg_catalog,pg_publication_rel,0,0,0,0,0,0,0,0,0
1789010710.065004,2605,pg_catalog,pg_cast,0,0,34,7,0,0,0,0,0
1789010710.065004,4171,pg_toast,pg_toast_1247,0,0,0,0,0,0,0,0,0
1789010710.065004,2830,pg_toast,pg_toast_2604,0,0,0,0,0,0,0,0,0
1789010710.065004,13479,information_schema,sql_implementation_info,0,0,,,0,0,0,0,0
1789010710.065004,6244,pg_toast,pg_toast_6243,0,0,0,0,0,0,0,0,0
1789010710.065004,3430,pg_toast,pg_toast_3429,0,0,0,0,0,0,0,0,0
