1789031078 1731201 TRADE_RESULT giving up after 10 retries 1731201 1789031078 
SQL: SELECT * FROM TradeResultFrame5($1, $2, $3, $4, $5, $6)
ERROR:  could not serialize access due to read/write dependencies among transactions
DETAIL:  Reason code: Canceled on conflict out to pivot 311950165, during read.
HINT:  The transaction might succeed if retried.
CONTEXT:  SQL statement "UPDATE broker
SET b_comm_total = b_comm_total + $1
  , b_num_trades = b_num_trades + 1
WHERE b_id = $2"


1789031214 1731195 TRADE_RESULT giving up after 10 retries 1731195 1789031214 
SQL: COMMIT
ERROR:  could not serialize access due to read/write dependencies among transactions
DETAIL:  Reason code: Canceled on commit attempt with conflict in from prepared pivot.
HINT:  The transaction might succeed if retried.


1789031216 1731192 TRADE_RESULT giving up after 10 retries 1731192 1789031216 
SQL: SELECT * FROM TradeResultFrame6($1, $2, $3, $4, $5, $6, $7, $8, $9)
ERROR:  could not serialize access due to read/write dependencies among transactions
DETAIL:  Reason code: Canceled on identification as a pivot, during conflict in checking.
HINT:  The transaction might succeed if retried.
CONTEXT:  SQL statement "INSERT INTO settlement(
    se_t_id
  , se_cash_type
  , se_cash_due_date
  , se_amt)
VALUES (
    $1
  , $2
  , $3
  , $4
)"


1789031216 1731202 TRADE_RESULT giving up after 10 retries 1731202 1789031216 
SQL: SELECT * FROM TradeResultFrame3($1, $2, $3, $4)
ERROR:  could not serialize access due to read/write dependencies among transactions
DETAIL:  Reason code: Canceled on identification as a pivot, during write.
HINT:  The transaction might succeed if retried.
CONTEXT:  SQL statement "UPDATE trade
SET t_tax = $1
WHERE t_id = $2"


1789031216 1731194 TRADE_RESULT giving up after 10 retries 1731194 1789031216 
SQL: SELECT * FROM TradeResultFrame5($1, $2, $3, $4, $5, $6)
ERROR:  could not serialize access due to read/write dependencies among transactions
DETAIL:  Reason code: Canceled on identification as a pivot, during write.
HINT:  The transaction might succeed if retried.
CONTEXT:  SQL statement "UPDATE trade
SET t_comm = $1
  , t_dts = $2
  , t_st_id = $3
  , t_trade_price = $4
WHERE t_id = $5"


1789031216 1731188 TRADE_RESULT giving up after 10 retries 1731188 1789031216 
SQL: SELECT * FROM TradeResultFrame5($1, $2, $3, $4, $5, $6)
ERROR:  could not serialize access due to read/write dependencies among transactions
DETAIL:  Reason code: Canceled on identification as a pivot, during write.
HINT:  The transaction might succeed if retried.
CONTEXT:  SQL statement "UPDATE trade
SET t_comm = $1
  , t_dts = $2
  , t_st_id = $3
  , t_trade_price = $4
WHERE t_id = $5"


1789031216 1731200 TRADE_RESULT giving up after 10 retries 1731200 1789031216 
SQL: SELECT * FROM TradeResultFrame5($1, $2, $3, $4, $5, $6)
ERROR:  could not serialize access due to read/write dependencies among transactions
DETAIL:  Reason code: Canceled on identification as a pivot, during write.
HINT:  The transaction might succeed if retried.
CONTEXT:  SQL statement "UPDATE trade
SET t_comm = $1
  , t_dts = $2
  , t_st_id = $3
  , t_trade_price = $4
WHERE t_id = $5"


1789031216 1731201 TRADE_RESULT giving up after 10 retries 1731201 1789031216 
SQL: SELECT * FROM TradeResultFrame3($1, $2, $3, $4)
ERROR:  could not serialize access due to read/write dependencies among transactions
DETAIL:  Reason code: Canceled on identification as a pivot, during write.
HINT:  The transaction might succeed if retried.
CONTEXT:  SQL statement "UPDATE trade
SET t_tax = $1
WHERE t_id = $2"


1789031216 1731189 TRADE_RESULT giving up after 10 retries 1731189 1789031216 
SQL: SELECT * FROM TradeResultFrame3($1, $2, $3, $4)
ERROR:  could not serialize access due to read/write dependencies among transactions
DETAIL:  Reason code: Canceled on identification as a pivot, during write.
HINT:  The transaction might succeed if retried.
CONTEXT:  SQL statement "UPDATE trade
SET t_tax = $1
WHERE t_id = $2"


1789031336 1731197 TRADE_RESULT giving up after 10 retries 1731197 1789031336 
SQL: COMMIT
ERROR:  could not serialize access due to read/write dependencies among transactions
DETAIL:  Reason code: Canceled on commit attempt with conflict in from prepared pivot.
HINT:  The transaction might succeed if retried.


1789031336 1731200 TRADE_RESULT giving up after 10 retries 1731200 1789031336 
SQL: COMMIT
ERROR:  could not serialize access due to read/write dependencies among transactions
DETAIL:  Reason code: Canceled on commit attempt with conflict in from prepared pivot.
HINT:  The transaction might succeed if retried.


1789031336 1731192 TRADE_RESULT giving up after 10 retries 1731192 1789031336 
SQL: SELECT * FROM TradeResultFrame5($1, $2, $3, $4, $5, $6)
ERROR:  could not serialize access due to read/write dependencies among transactions
DETAIL:  Reason code: Canceled on identification as a pivot, during write.
HINT:  The transaction might succeed if retried.
CONTEXT:  SQL statement "UPDATE trade
SET t_comm = $1
  , t_dts = $2
  , t_st_id = $3
  , t_trade_price = $4
WHERE t_id = $5"


1789031336 1731195 TRADE_RESULT giving up after 10 retries 1731195 1789031336 
SQL: COMMIT
ERROR:  could not serialize access due to read/write dependencies among transactions
DETAIL:  Reason code: Canceled on commit attempt with conflict in from prepared pivot.
HINT:  The transaction might succeed if retried.


1789031336 1731197 TRADE_RESULT giving up after 10 retries 1731197 1789031336 
SQL: SELECT * FROM TradeResultFrame5($1, $2, $3, $4, $5, $6)
ERROR:  could not serialize access due to read/write dependencies among transactions
DETAIL:  Reason code: Canceled on identification as a pivot, during write.
HINT:  The transaction might succeed if retried.
CONTEXT:  SQL statement "UPDATE trade
SET t_comm = $1
  , t_dts = $2
  , t_st_id = $3
  , t_trade_price = $4
WHERE t_id = $5"


1789031336 1731191 TRADE_RESULT giving up after 10 retries 1731191 1789031336 
SQL: COMMIT
ERROR:  could not serialize access due to read/write dependencies among transactions
DETAIL:  Reason code: Canceled on commit attempt with conflict in from prepared pivot.
HINT:  The transaction might succeed if retried.


1789031336 1731186 TRADE_RESULT giving up after 10 retries 1731186 1789031336 
SQL: COMMIT
ERROR:  could not serialize access due to read/write dependencies among transactions
DETAIL:  Reason code: Canceled on commit attempt with conflict in from prepared pivot.
HINT:  The transaction might succeed if retried.


1789031336 1731190 TRADE_RESULT giving up after 10 retries 1731190 1789031336 
SQL: COMMIT
ERROR:  could not serialize access due to read/write dependencies among transactions
DETAIL:  Reason code: Canceled on commit attempt with conflict in from prepared pivot.
HINT:  The transaction might succeed if retried.


1789031336 1731186 TRADE_RESULT giving up after 10 retries 1731186 1789031336 
SQL: COMMIT
ERROR:  could not serialize access due to read/write dependencies among transactions
DETAIL:  Reason code: Canceled on commit attempt with conflict in from prepared pivot.
HINT:  The transaction might succeed if retried.


1789031336 1731192 TRADE_RESULT giving up after 10 retries 1731192 1789031336 
SQL: COMMIT
ERROR:  could not serialize access due to read/write dependencies among transactions
DETAIL:  Reason code: Canceled on commit attempt with conflict in from prepared pivot.
HINT:  The transaction might succeed if retried.


1789031336 1731186 TRADE_RESULT giving up after 10 retries 1731186 1789031336 
SQL: COMMIT
ERROR:  could not serialize access due to read/write dependencies among transactions
DETAIL:  Reason code: Canceled on commit attempt with conflict in from prepared pivot.
HINT:  The transaction might succeed if retried.


1789031336 1731194 TRADE_RESULT giving up after 10 retries 1731194 1789031336 
SQL: COMMIT
ERROR:  could not serialize access due to read/write dependencies among transactions
DETAIL:  Reason code: Canceled on commit attempt with conflict in from prepared pivot.
HINT:  The transaction might succeed if retried.


1789031336 1731193 TRADE_RESULT giving up after 10 retries 1731193 1789031336 
SQL: COMMIT
ERROR:  could not serialize access due to read/write dependencies among transactions
DETAIL:  Reason code: Canceled on commit attempt with conflict in from prepared pivot.
HINT:  The transaction might succeed if retried.


1789031336 1731198 TRADE_RESULT giving up after 10 retries 1731198 1789031336 
SQL: COMMIT
ERROR:  could not serialize access due to read/write dependencies among transactions
DETAIL:  Reason code: Canceled on commit attempt with conflict in from prepared pivot.
HINT:  The transaction might succeed if retried.


1789031336 1731186 TRADE_RESULT giving up after 10 retries 1731186 1789031336 
SQL: COMMIT
ERROR:  could not serialize access due to read/write dependencies among transactions
DETAIL:  Reason code: Canceled on commit attempt with conflict in from prepared pivot.
HINT:  The transaction might succeed if retried.


1789031336 1731197 TRADE_RESULT giving up after 10 retries 1731197 1789031336 
SQL: COMMIT
ERROR:  could not serialize access due to read/write dependencies among transactions
DETAIL:  Reason code: Canceled on commit attempt with conflict in from prepared pivot.
HINT:  The transaction might succeed if retried.


1789031336 1731193 TRADE_RESULT giving up after 10 retries 1731193 1789031336 
SQL: COMMIT
ERROR:  could not serialize access due to read/write dependencies among transactions
DETAIL:  Reason code: Canceled on commit attempt with conflict in from prepared pivot.
HINT:  The transaction might succeed if retried.


1789031458 1731189 TRADE_RESULT giving up after 10 retries 1731189 1789031458 
SQL: COMMIT
ERROR:  could not serialize access due to read/write dependencies among transactions
DETAIL:  Reason code: Canceled on commit attempt with conflict in from prepared pivot.
HINT:  The transaction might succeed if retried.


1789031458 1731190 TRADE_RESULT giving up after 10 retries 1731190 1789031458 
SQL: COMMIT
ERROR:  could not serialize access due to read/write dependencies among transactions
DETAIL:  Reason code: Canceled on commit attempt with conflict in from prepared pivot.
HINT:  The transaction might succeed if retried.


1789031458 1731190 TRADE_RESULT giving up after 10 retries 1731190 1789031458 
SQL: COMMIT
ERROR:  could not serialize access due to read/write dependencies among transactions
DETAIL:  Reason code: Canceled on commit attempt with conflict in from prepared pivot.
HINT:  The transaction might succeed if retried.


1789031458 1731188 TRADE_RESULT giving up after 10 retries 1731188 1789031458 
SQL: COMMIT
ERROR:  could not serialize access due to read/write dependencies among transactions
DETAIL:  Reason code: Canceled on commit attempt with conflict in from prepared pivot.
HINT:  The transaction might succeed if retried.


1789031458 1731189 TRADE_RESULT giving up after 10 retries 1731189 1789031458 
SQL: COMMIT
ERROR:  could not serialize access due to read/write dependencies among transactions
DETAIL:  Reason code: Canceled on commit attempt with conflict in from prepared pivot.
HINT:  The transaction might succeed if retried.


1789031458 1731190 TRADE_RESULT giving up after 10 retries 1731190 1789031458 
SQL: COMMIT
ERROR:  could not serialize access due to read/write dependencies among transactions
DETAIL:  Reason code: Canceled on commit attempt with conflict in from prepared pivot.
HINT:  The transaction might succeed if retried.


1789031458 1731197 TRADE_RESULT giving up after 10 retries 1731197 1789031458 
SQL: COMMIT
ERROR:  could not serialize access due to read/write dependencies among transactions
DETAIL:  Reason code: Canceled on commit attempt with conflict in from prepared pivot.
HINT:  The transaction might succeed if retried.


1789031458 1731202 TRADE_RESULT giving up after 10 retries 1731202 1789031458 
SQL: COMMIT
ERROR:  could not serialize access due to read/write dependencies among transactions
DETAIL:  Reason code: Canceled on commit attempt with conflict in from prepared pivot.
HINT:  The transaction might succeed if retried.


1789031459 1731186 TRADE_RESULT giving up after 10 retries 1731186 1789031459 
SQL: SELECT * FROM TradeResultFrame5($1, $2, $3, $4, $5, $6)
ERROR:  could not serialize access due to read/write dependencies among transactions
DETAIL:  Reason code: Canceled on identification as a pivot, during write.
HINT:  The transaction might succeed if retried.
CONTEXT:  SQL statement "UPDATE trade
SET t_comm = $1
  , t_dts = $2
  , t_st_id = $3
  , t_trade_price = $4
WHERE t_id = $5"


1789031459 1731202 TRADE_RESULT giving up after 10 retries 1731202 1789031459 
SQL: SELECT * FROM TradeResultFrame6($1, $2, $3, $4, $5, $6, $7, $8, $9)
ERROR:  could not serialize access due to read/write dependencies among transactions
DETAIL:  Reason code: Canceled on identification as a pivot, during conflict in checking.
HINT:  The transaction might succeed if retried.
CONTEXT:  SQL statement "INSERT INTO settlement(
    se_t_id
  , se_cash_type
  , se_cash_due_date
  , se_amt)
VALUES (
    $1
  , $2
  , $3
  , $4
)"


1789031459 1731190 TRADE_RESULT giving up after 10 retries 1731190 1789031459 
SQL: COMMIT
ERROR:  could not serialize access due to read/write dependencies among transactions
DETAIL:  Reason code: Canceled on commit attempt with conflict in from prepared pivot.
HINT:  The transaction might succeed if retried.


1789031459 1731195 TRADE_RESULT giving up after 10 retries 1731195 1789031459 
SQL: COMMIT
ERROR:  could not serialize access due to read/write dependencies among transactions
DETAIL:  Reason code: Canceled on commit attempt with conflict in from prepared pivot.
HINT:  The transaction might succeed if retried.


1789031459 1731196 TRADE_RESULT giving up after 10 retries 1731196 1789031459 
SQL: COMMIT
ERROR:  could not serialize access due to read/write dependencies among transactions
DETAIL:  Reason code: Canceled on commit attempt with conflict in from prepared pivot.
HINT:  The transaction might succeed if retried.


1789031459 1731197 TRADE_RESULT giving up after 10 retries 1731197 1789031459 
SQL: COMMIT
ERROR:  could not serialize access due to read/write dependencies among transactions
DETAIL:  Reason code: Canceled on commit attempt with conflict in from prepared pivot.
HINT:  The transaction might succeed if retried.


1789031459 1731200 TRADE_RESULT giving up after 10 retries 1731200 1789031459 
SQL: SELECT * FROM TradeResultFrame5($1, $2, $3, $4, $5, $6)
ERROR:  could not serialize access due to read/write dependencies among transactions
DETAIL:  Reason code: Canceled on identification as a pivot, during write.
HINT:  The transaction might succeed if retried.
CONTEXT:  SQL statement "UPDATE trade
SET t_comm = $1
  , t_dts = $2
  , t_st_id = $3
  , t_trade_price = $4
WHERE t_id = $5"


1789031459 1731194 TRADE_RESULT giving up after 10 retries 1731194 1789031459 
SQL: COMMIT
ERROR:  could not serialize access due to read/write dependencies among transactions
DETAIL:  Reason code: Canceled on commit attempt with conflict in from prepared pivot.
HINT:  The transaction might succeed if retried.


1789031573 1731198 TRADE_RESULT giving up after 10 retries 1731198 1789031573 
SQL: COMMIT
ERROR:  could not serialize access due to read/write dependencies among transactions
DETAIL:  Reason code: Canceled on commit attempt with conflict in from prepared pivot.
HINT:  The transaction might succeed if retried.


1789031609 1731187 TRADE_RESULT giving up after 10 retries 1731187 1789031609 
SQL: SELECT * FROM TradeResultFrame5($1, $2, $3, $4, $5, $6)
ERROR:  could not serialize access due to read/write dependencies among transactions
DETAIL:  Reason code: Canceled on identification as a pivot, during write.
HINT:  The transaction might succeed if retried.
CONTEXT:  SQL statement "UPDATE trade
SET t_comm = $1
  , t_dts = $2
  , t_st_id = $3
  , t_trade_price = $4
WHERE t_id = $5"


1789031698 1731200 TRADE_RESULT giving up after 10 retries 1731200 1789031698 
SQL: COMMIT
ERROR:  could not serialize access due to read/write dependencies among transactions
DETAIL:  Reason code: Canceled on commit attempt with conflict in from prepared pivot.
HINT:  The transaction might succeed if retried.


1789031698 1731188 TRADE_RESULT giving up after 10 retries 1731188 1789031698 
SQL: COMMIT
ERROR:  could not serialize access due to read/write dependencies among transactions
DETAIL:  Reason code: Canceled on commit attempt with conflict in from prepared pivot.
HINT:  The transaction might succeed if retried.


1789031698 1731201 TRADE_RESULT giving up after 10 retries 1731201 1789031698 
SQL: COMMIT
ERROR:  could not serialize access due to read/write dependencies among transactions
DETAIL:  Reason code: Canceled on commit attempt with conflict in from prepared pivot.
HINT:  The transaction might succeed if retried.


1789031699 1731195 TRADE_RESULT giving up after 10 retries 1731195 1789031699 
SQL: SELECT * FROM TradeResultFrame6($1, $2, $3, $4, $5, $6, $7, $8, $9)
ERROR:  could not serialize access due to read/write dependencies among transactions
DETAIL:  Reason code: Canceled on identification as a pivot, during conflict in checking.
HINT:  The transaction might succeed if retried.
CONTEXT:  SQL statement "INSERT INTO settlement(
    se_t_id
  , se_cash_type
  , se_cash_due_date
  , se_amt)
VALUES (
    $1
  , $2
  , $3
  , $4
)"


1789031699 1731191 TRADE_RESULT giving up after 10 retries 1731191 1789031699 
SQL: COMMIT
ERROR:  could not serialize access due to read/write dependencies among transactions
DETAIL:  Reason code: Canceled on commit attempt with conflict in from prepared pivot.
HINT:  The transaction might succeed if retried.


1789031699 1731186 TRADE_RESULT giving up after 10 retries 1731186 1789031699 
SQL: COMMIT
ERROR:  could not serialize access due to read/write dependencies among transactions
DETAIL:  Reason code: Canceled on commit attempt with conflict in from prepared pivot.
HINT:  The transaction might succeed if retried.


1789031699 1731201 TRADE_RESULT giving up after 10 retries 1731201 1789031699 
SQL: COMMIT
ERROR:  could not serialize access due to read/write dependencies among transactions
DETAIL:  Reason code: Canceled on commit attempt with conflict in from prepared pivot.
HINT:  The transaction might succeed if retried.


1789031699 1731188 TRADE_RESULT giving up after 10 retries 1731188 1789031699 
SQL: COMMIT
ERROR:  could not serialize access due to read/write dependencies among transactions
DETAIL:  Reason code: Canceled on commit attempt with conflict in from prepared pivot.
HINT:  The transaction might succeed if retried.


1789031699 1731202 TRADE_RESULT giving up after 10 retries 1731202 1789031699 
SQL: COMMIT
ERROR:  could not serialize access due to read/write dependencies among transactions
DETAIL:  Reason code: Canceled on commit attempt with conflict in from prepared pivot.
HINT:  The transaction might succeed if retried.


1789031699 1731195 TRADE_RESULT giving up after 10 retries 1731195 1789031699 
SQL: COMMIT
ERROR:  could not serialize access due to read/write dependencies among transactions
DETAIL:  Reason code: Canceled on commit attempt with conflict in from prepared pivot.
HINT:  The transaction might succeed if retried.


1789031811 1731186 TRADE_RESULT giving up after 10 retries 1731186 1789031811 
SQL: COMMIT
ERROR:  could not serialize access due to read/write dependencies among transactions
DETAIL:  Reason code: Canceled on commit attempt with conflict in from prepared pivot.
HINT:  The transaction might succeed if retried.


1789031811 1731198 TRADE_RESULT giving up after 10 retries 1731198 1789031811 
SQL: COMMIT
ERROR:  could not serialize access due to read/write dependencies among transactions
DETAIL:  Reason code: Canceled on commit attempt with conflict in from prepared pivot.
HINT:  The transaction might succeed if retried.


1789031811 1731187 TRADE_RESULT giving up after 10 retries 1731187 1789031811 
SQL: COMMIT
ERROR:  could not serialize access due to read/write dependencies among transactions
DETAIL:  Reason code: Canceled on commit attempt with conflict in from prepared pivot.
HINT:  The transaction might succeed if retried.


1789031812 1731202 TRADE_RESULT giving up after 10 retries 1731202 1789031812 
SQL: COMMIT
ERROR:  could not serialize access due to read/write dependencies among transactions
DETAIL:  Reason code: Canceled on commit attempt with conflict in from prepared pivot.
HINT:  The transaction might succeed if retried.


1789031812 1731188 TRADE_RESULT giving up after 10 retries 1731188 1789031812 
SQL: COMMIT
ERROR:  could not serialize access due to read/write dependencies among transactions
DETAIL:  Reason code: Canceled on commit attempt with conflict in from prepared pivot.
HINT:  The transaction might succeed if retried.


1789031812 1731187 TRADE_RESULT giving up after 10 retries 1731187 1789031812 
SQL: COMMIT
ERROR:  could not serialize access due to read/write dependencies among transactions
DETAIL:  Reason code: Canceled on commit attempt with conflict in from prepared pivot.
HINT:  The transaction might succeed if retried.


1789031812 1731191 TRADE_RESULT giving up after 10 retries 1731191 1789031812 
SQL: COMMIT
ERROR:  could not serialize access due to read/write dependencies among transactions
DETAIL:  Reason code: Canceled on commit attempt with conflict in from prepared pivot.
HINT:  The transaction might succeed if retried.


1789031812 1731194 TRADE_RESULT giving up after 10 retries 1731194 1789031812 
SQL: COMMIT
ERROR:  could not serialize access due to read/write dependencies among transactions
DETAIL:  Reason code: Canceled on commit attempt with conflict in from prepared pivot.
HINT:  The transaction might succeed if retried.


1789031812 1731195 TRADE_RESULT giving up after 10 retries 1731195 1789031812 
SQL: SELECT * FROM TradeResultFrame5($1, $2, $3, $4, $5, $6)
ERROR:  could not serialize access due to read/write dependencies among transactions
DETAIL:  Reason code: Canceled on conflict out to pivot 312166034, during read.
HINT:  The transaction might succeed if retried.
CONTEXT:  SQL statement "UPDATE broker
SET b_comm_total = b_comm_total + $1
  , b_num_trades = b_num_trades + 1
WHERE b_id = $2"


1789031812 1731192 TRADE_RESULT giving up after 10 retries 1731192 1789031812 
SQL: COMMIT
ERROR:  could not serialize access due to read/write dependencies among transactions
DETAIL:  Reason code: Canceled on commit attempt with conflict in from prepared pivot.
HINT:  The transaction might succeed if retried.


1789031812 1731200 TRADE_RESULT giving up after 10 retries 1731200 1789031812 
SQL: SELECT * FROM TradeResultFrame5($1, $2, $3, $4, $5, $6)
ERROR:  could not serialize access due to read/write dependencies among transactions
DETAIL:  Reason code: Canceled on identification as a pivot, during write.
HINT:  The transaction might succeed if retried.
CONTEXT:  SQL statement "UPDATE trade
SET t_comm = $1
  , t_dts = $2
  , t_st_id = $3
  , t_trade_price = $4
WHERE t_id = $5"


1789031812 1731188 TRADE_RESULT giving up after 10 retries 1731188 1789031812 
SQL: COMMIT
ERROR:  could not serialize access due to read/write dependencies among transactions
DETAIL:  Reason code: Canceled on commit attempt with conflict in from prepared pivot.
HINT:  The transaction might succeed if retried.


1789031812 1731186 TRADE_RESULT giving up after 10 retries 1731186 1789031812 
SQL: SELECT * FROM TradeResultFrame5($1, $2, $3, $4, $5, $6)
ERROR:  could not serialize access due to read/write dependencies among transactions
DETAIL:  Reason code: Canceled on identification as a pivot, during write.
HINT:  The transaction might succeed if retried.
CONTEXT:  SQL statement "UPDATE trade
SET t_comm = $1
  , t_dts = $2
  , t_st_id = $3
  , t_trade_price = $4
WHERE t_id = $5"


1789031923 1731187 TRADE_RESULT giving up after 10 retries 1731187 1789031923 
SQL: COMMIT
ERROR:  could not serialize access due to read/write dependencies among transactions
DETAIL:  Reason code: Canceled on commit attempt with conflict in from prepared pivot.
HINT:  The transaction might succeed if retried.


1789031923 1731190 TRADE_RESULT giving up after 10 retries 1731190 1789031923 
SQL: COMMIT
ERROR:  could not serialize access due to read/write dependencies among transactions
DETAIL:  Reason code: Canceled on commit attempt with conflict in from prepared pivot.
HINT:  The transaction might succeed if retried.


1789031923 1731197 TRADE_RESULT giving up after 10 retries 1731197 1789031923 
SQL: COMMIT
ERROR:  could not serialize access due to read/write dependencies among transactions
DETAIL:  Reason code: Canceled on commit attempt with conflict in from prepared pivot.
HINT:  The transaction might succeed if retried.


1789031923 1731190 TRADE_RESULT giving up after 10 retries 1731190 1789031923 
SQL: COMMIT
ERROR:  could not serialize access due to read/write dependencies among transactions
DETAIL:  Reason code: Canceled on commit attempt with conflict in from prepared pivot.
HINT:  The transaction might succeed if retried.


1789031923 1731200 TRADE_RESULT giving up after 10 retries 1731200 1789031923 
SQL: COMMIT
ERROR:  could not serialize access due to read/write dependencies among transactions
DETAIL:  Reason code: Canceled on commit attempt with conflict in from prepared pivot.
HINT:  The transaction might succeed if retried.


1789031923 1731197 TRADE_RESULT giving up after 10 retries 1731197 1789031923 
SQL: COMMIT
ERROR:  could not serialize access due to read/write dependencies among transactions
DETAIL:  Reason code: Canceled on commit attempt with conflict in from prepared pivot.
HINT:  The transaction might succeed if retried.


1789031923 1731191 TRADE_RESULT giving up after 10 retries 1731191 1789031923 
SQL: COMMIT
ERROR:  could not serialize access due to read/write dependencies among transactions
DETAIL:  Reason code: Canceled on commit attempt with conflict in from prepared pivot.
HINT:  The transaction might succeed if retried.


1789031924 1731194 TRADE_RESULT giving up after 10 retries 1731194 1789031924 
SQL: COMMIT
ERROR:  could not serialize access due to read/write dependencies among transactions
DETAIL:  Reason code: Canceled on commit attempt with conflict in from prepared pivot.
HINT:  The transaction might succeed if retried.


1789031924 1731200 TRADE_RESULT giving up after 10 retries 1731200 1789031924 
SQL: SELECT * FROM TradeResultFrame6($1, $2, $3, $4, $5, $6, $7, $8, $9)
ERROR:  could not serialize access due to read/write dependencies among transactions
DETAIL:  Reason code: Canceled on identification as a pivot, during conflict in checking.
HINT:  The transaction might succeed if retried.
CONTEXT:  SQL statement "INSERT INTO settlement(
    se_t_id
  , se_cash_type
  , se_cash_due_date
  , se_amt)
VALUES (
    $1
  , $2
  , $3
  , $4
)"


1789031924 1731186 TRADE_RESULT giving up after 10 retries 1731186 1789031924 
SQL: COMMIT
ERROR:  could not serialize access due to read/write dependencies among transactions
DETAIL:  Reason code: Canceled on commit attempt with conflict in from prepared pivot.
HINT:  The transaction might succeed if retried.


1789031924 1731200 TRADE_RESULT giving up after 10 retries 1731200 1789031924 
SQL: COMMIT
ERROR:  could not serialize access due to read/write dependencies among transactions
DETAIL:  Reason code: Canceled on commit attempt with conflict in from prepared pivot.
HINT:  The transaction might succeed if retried.


1789031924 1731196 TRADE_RESULT giving up after 10 retries 1731196 1789031924 
SQL: COMMIT
ERROR:  could not serialize access due to read/write dependencies among transactions
DETAIL:  Reason code: Canceled on commit attempt with conflict in from prepared pivot.
HINT:  The transaction might succeed if retried.


1789031924 1731187 TRADE_RESULT giving up after 10 retries 1731187 1789031924 
SQL: COMMIT
ERROR:  could not serialize access due to read/write dependencies among transactions
DETAIL:  Reason code: Canceled on commit attempt with conflict in from prepared pivot.
HINT:  The transaction might succeed if retried.


1789031925 1731188 TRADE_RESULT giving up after 10 retries 1731188 1789031925 
SQL: COMMIT
ERROR:  could not serialize access due to read/write dependencies among transactions
DETAIL:  Reason code: Canceled on commit attempt with conflict in from prepared pivot.
HINT:  The transaction might succeed if retried.


1789031925 1731194 TRADE_RESULT giving up after 10 retries 1731194 1789031925 
SQL: SELECT * FROM TradeResultFrame5($1, $2, $3, $4, $5, $6)
ERROR:  could not serialize access due to read/write dependencies among transactions
DETAIL:  Reason code: Canceled on identification as a pivot, during write.
HINT:  The transaction might succeed if retried.
CONTEXT:  SQL statement "UPDATE trade
SET t_comm = $1
  , t_dts = $2
  , t_st_id = $3
  , t_trade_price = $4
WHERE t_id = $5"


1789031948 1731202 TRADE_RESULT giving up after 10 retries 1731202 1789031948 
SQL: SELECT * FROM TradeResultFrame6($1, $2, $3, $4, $5, $6, $7, $8, $9)
ERROR:  could not serialize access due to read/write dependencies among transactions
DETAIL:  Reason code: Canceled on identification as a pivot, during conflict in checking.
HINT:  The transaction might succeed if retried.
CONTEXT:  SQL statement "INSERT INTO cash_transaction(
    ct_dts
  , ct_t_id
  , ct_amt
  , ct_name
)
VALUES (
    $1
  , $2
  , $3
  , $4 || ' ' || $5::VARCHAR || ' shares of ' || $6
)"


1789032031 1731187 TRADE_RESULT giving up after 10 retries 1731187 1789032031 
SQL: COMMIT
ERROR:  could not serialize access due to read/write dependencies among transactions
DETAIL:  Reason code: Canceled on commit attempt with conflict in from prepared pivot.
HINT:  The transaction might succeed if retried.


1789032031 1731192 TRADE_RESULT giving up after 10 retries 1731192 1789032031 
SQL: COMMIT
ERROR:  could not serialize access due to read/write dependencies among transactions
DETAIL:  Reason code: Canceled on commit attempt with conflict in from prepared pivot.
HINT:  The transaction might succeed if retried.


1789032031 1731198 TRADE_RESULT giving up after 10 retries 1731198 1789032031 
SQL: COMMIT
ERROR:  could not serialize access due to read/write dependencies among transactions
DETAIL:  Reason code: Canceled on commit attempt with conflict in from prepared pivot.
HINT:  The transaction might succeed if retried.


1789032031 1731197 TRADE_RESULT giving up after 10 retries 1731197 1789032031 
SQL: COMMIT
ERROR:  could not serialize access due to read/write dependencies among transactions
DETAIL:  Reason code: Canceled on commit attempt with conflict in from prepared pivot.
HINT:  The transaction might succeed if retried.


1789032031 1731195 TRADE_RESULT giving up after 10 retries 1731195 1789032031 
SQL: COMMIT
ERROR:  could not serialize access due to read/write dependencies among transactions
DETAIL:  Reason code: Canceled on commit attempt with conflict in from prepared pivot.
HINT:  The transaction might succeed if retried.


1789032031 1731202 TRADE_RESULT giving up after 10 retries 1731202 1789032031 
SQL: COMMIT
ERROR:  could not serialize access due to read/write dependencies among transactions
DETAIL:  Reason code: Canceled on commit attempt with conflict in from prepared pivot.
HINT:  The transaction might succeed if retried.


1789032031 1731198 TRADE_RESULT giving up after 10 retries 1731198 1789032031 
SQL: COMMIT
ERROR:  could not serialize access due to read/write dependencies among transactions
DETAIL:  Reason code: Canceled on commit attempt with conflict in from prepared pivot.
HINT:  The transaction might succeed if retried.


1789032032 1731193 TRADE_RESULT giving up after 10 retries 1731193 1789032032 
SQL: COMMIT
ERROR:  could not serialize access due to read/write dependencies among transactions
DETAIL:  Reason code: Canceled on commit attempt with conflict in from prepared pivot.
HINT:  The transaction might succeed if retried.


1789032032 1731187 TRADE_RESULT giving up after 10 retries 1731187 1789032032 
SQL: COMMIT
ERROR:  could not serialize access due to read/write dependencies among transactions
DETAIL:  Reason code: Canceled on commit attempt with conflict in from prepared pivot.
HINT:  The transaction might succeed if retried.


1789032032 1731186 TRADE_RESULT giving up after 10 retries 1731186 1789032032 
SQL: COMMIT
ERROR:  could not serialize access due to read/write dependencies among transactions
DETAIL:  Reason code: Canceled on commit attempt with conflict in from prepared pivot.
HINT:  The transaction might succeed if retried.


1789032032 1731195 TRADE_RESULT giving up after 10 retries 1731195 1789032032 
SQL: COMMIT
ERROR:  could not serialize access due to read/write dependencies among transactions
DETAIL:  Reason code: Canceled on commit attempt with conflict in from prepared pivot.
HINT:  The transaction might succeed if retried.


1789032032 1731198 TRADE_RESULT giving up after 10 retries 1731198 1789032032 
SQL: SELECT * FROM TradeResultFrame5($1, $2, $3, $4, $5, $6)
ERROR:  could not serialize access due to read/write dependencies among transactions
DETAIL:  Reason code: Canceled on conflict out to pivot 312234783, during read.
HINT:  The transaction might succeed if retried.
CONTEXT:  SQL statement "UPDATE broker
SET b_comm_total = b_comm_total + $1
  , b_num_trades = b_num_trades + 1
WHERE b_id = $2"


1789032032 1731194 TRADE_RESULT giving up after 10 retries 1731194 1789032032 
SQL: COMMIT
ERROR:  could not serialize access due to read/write dependencies among transactions
DETAIL:  Reason code: Canceled on commit attempt with conflict in from prepared pivot.
HINT:  The transaction might succeed if retried.


1789032032 1731196 TRADE_RESULT giving up after 10 retries 1731196 1789032032 
SQL: COMMIT
ERROR:  could not serialize access due to read/write dependencies among transactions
DETAIL:  Reason code: Canceled on commit attempt with conflict in from prepared pivot.
HINT:  The transaction might succeed if retried.


1789032032 1731193 TRADE_RESULT giving up after 10 retries 1731193 1789032032 
SQL: COMMIT
ERROR:  could not serialize access due to read/write dependencies among transactions
DETAIL:  Reason code: Canceled on commit attempt with conflict in from prepared pivot.
HINT:  The transaction might succeed if retried.


1789032032 1731192 TRADE_RESULT giving up after 10 retries 1731192 1789032032 
SQL: COMMIT
ERROR:  could not serialize access due to read/write dependencies among transactions
DETAIL:  Reason code: Canceled on commit attempt with conflict in from prepared pivot.
HINT:  The transaction might succeed if retried.


1789032032 1731194 TRADE_RESULT giving up after 10 retries 1731194 1789032032 
SQL: COMMIT
ERROR:  could not serialize access due to read/write dependencies among transactions
DETAIL:  Reason code: Canceled on commit attempt with conflict in from prepared pivot.
HINT:  The transaction might succeed if retried.


1789032032 1731195 TRADE_RESULT giving up after 10 retries 1731195 1789032032 
SQL: COMMIT
ERROR:  could not serialize access due to read/write dependencies among transactions
DETAIL:  Reason code: Canceled on commit attempt with conflict in from prepared pivot.
HINT:  The transaction might succeed if retried.


1789032032 1731188 TRADE_RESULT giving up after 10 retries 1731188 1789032032 
SQL: COMMIT
ERROR:  could not serialize access due to read/write dependencies among transactions
DETAIL:  Reason code: Canceled on commit attempt with conflict in from prepared pivot.
HINT:  The transaction might succeed if retried.


1789032032 1731200 TRADE_RESULT giving up after 10 retries 1731200 1789032032 
SQL: COMMIT
ERROR:  could not serialize access due to read/write dependencies among transactions
DETAIL:  Reason code: Canceled on commit attempt with conflict in from prepared pivot.
HINT:  The transaction might succeed if retried.


1789032032 1731196 TRADE_RESULT giving up after 10 retries 1731196 1789032032 
SQL: COMMIT
ERROR:  could not serialize access due to read/write dependencies among transactions
DETAIL:  Reason code: Canceled on commit attempt with conflict in from prepared pivot.
HINT:  The transaction might succeed if retried.


1789032032 1731195 TRADE_RESULT giving up after 10 retries 1731195 1789032032 
SQL: COMMIT
ERROR:  could not serialize access due to read/write dependencies among transactions
DETAIL:  Reason code: Canceled on commit attempt with conflict in from prepared pivot.
HINT:  The transaction might succeed if retried.


1789032033 1731186 TRADE_RESULT giving up after 10 retries 1731186 1789032033 
SQL: COMMIT
ERROR:  could not serialize access due to read/write dependencies among transactions
DETAIL:  Reason code: Canceled on commit attempt with conflict in from prepared pivot.
HINT:  The transaction might succeed if retried.


1789032033 1731186 TRADE_RESULT giving up after 10 retries 1731186 1789032033 
SQL: COMMIT
ERROR:  could not serialize access due to read/write dependencies among transactions
DETAIL:  Reason code: Canceled on commit attempt with conflict in from prepared pivot.
HINT:  The transaction might succeed if retried.


1789032033 1731194 TRADE_RESULT giving up after 10 retries 1731194 1789032033 
SQL: COMMIT
ERROR:  could not serialize access due to read/write dependencies among transactions
DETAIL:  Reason code: Canceled on commit attempt with conflict in from prepared pivot.
HINT:  The transaction might succeed if retried.


1789032033 1731188 TRADE_RESULT giving up after 10 retries 1731188 1789032033 
SQL: COMMIT
ERROR:  could not serialize access due to read/write dependencies among transactions
DETAIL:  Reason code: Canceled on commit attempt with conflict in from prepared pivot.
HINT:  The transaction might succeed if retried.


1789032033 1731200 TRADE_RESULT giving up after 10 retries 1731200 1789032033 
SQL: COMMIT
ERROR:  could not serialize access due to read/write dependencies among transactions
DETAIL:  Reason code: Canceled on commit attempt with conflict in from prepared pivot.
HINT:  The transaction might succeed if retried.


1789032033 1731191 TRADE_RESULT giving up after 10 retries 1731191 1789032033 
SQL: COMMIT
ERROR:  could not serialize access due to read/write dependencies among transactions
DETAIL:  Reason code: Canceled on commit attempt with conflict in from prepared pivot.
HINT:  The transaction might succeed if retried.


1789032033 1731196 TRADE_RESULT giving up after 10 retries 1731196 1789032033 
SQL: COMMIT
ERROR:  could not serialize access due to read/write dependencies among transactions
DETAIL:  Reason code: Canceled on commit attempt with conflict in from prepared pivot.
HINT:  The transaction might succeed if retried.


1789032033 1731196 TRADE_RESULT giving up after 10 retries 1731196 1789032033 
SQL: SELECT * FROM TradeResultFrame5($1, $2, $3, $4, $5, $6)
ERROR:  could not serialize access due to read/write dependencies among transactions
DETAIL:  Reason code: Canceled on identification as a pivot, during conflict out checking.
HINT:  The transaction might succeed if retried.
CONTEXT:  SQL statement "SELECT 1 FROM ONLY "public"."trade" x WHERE "t_id"::pg_catalog.int8 OPERATOR(pg_catalog.=) $1::pg_catalog.int8 FOR KEY SHARE OF x"
SQL statement "INSERT INTO trade_history(
    th_t_id
  , th_dts
  , th_st_id
)
VALUES (
    $1
  , $2
  , $3
)"


1789032144 1731196 TRADE_RESULT giving up after 10 retries 1731196 1789032144 
SQL: COMMIT
ERROR:  could not serialize access due to read/write dependencies among transactions
DETAIL:  Reason code: Canceled on commit attempt with conflict in from prepared pivot.
HINT:  The transaction might succeed if retried.


1789032144 1731192 TRADE_RESULT giving up after 10 retries 1731192 1789032144 
SQL: COMMIT
ERROR:  could not serialize access due to read/write dependencies among transactions
DETAIL:  Reason code: Canceled on commit attempt with conflict in from prepared pivot.
HINT:  The transaction might succeed if retried.


1789032144 1731190 TRADE_RESULT giving up after 10 retries 1731190 1789032144 
SQL: COMMIT
ERROR:  could not serialize access due to read/write dependencies among transactions
DETAIL:  Reason code: Canceled on commit attempt with conflict in from prepared pivot.
HINT:  The transaction might succeed if retried.


1789032144 1731202 TRADE_RESULT giving up after 10 retries 1731202 1789032144 
SQL: COMMIT
ERROR:  could not serialize access due to read/write dependencies among transactions
DETAIL:  Reason code: Canceled on commit attempt with conflict in from prepared pivot.
HINT:  The transaction might succeed if retried.


1789032144 1731200 TRADE_RESULT giving up after 10 retries 1731200 1789032144 
SQL: COMMIT
ERROR:  could not serialize access due to read/write dependencies among transactions
DETAIL:  Reason code: Canceled on commit attempt with conflict in from prepared pivot.
HINT:  The transaction might succeed if retried.


1789032144 1731201 TRADE_RESULT giving up after 10 retries 1731201 1789032144 
SQL: COMMIT
ERROR:  could not serialize access due to read/write dependencies among transactions
DETAIL:  Reason code: Canceled on commit attempt with conflict in from prepared pivot.
HINT:  The transaction might succeed if retried.


1789032145 1731189 TRADE_RESULT giving up after 10 retries 1731189 1789032145 
SQL: COMMIT
ERROR:  could not serialize access due to read/write dependencies among transactions
DETAIL:  Reason code: Canceled on commit attempt with conflict in from prepared pivot.
HINT:  The transaction might succeed if retried.


1789032145 1731194 TRADE_RESULT giving up after 10 retries 1731194 1789032145 
SQL: COMMIT
ERROR:  could not serialize access due to read/write dependencies among transactions
DETAIL:  Reason code: Canceled on commit attempt with conflict in from prepared pivot.
HINT:  The transaction might succeed if retried.


1789032145 1731191 TRADE_RESULT giving up after 10 retries 1731191 1789032145 
SQL: COMMIT
ERROR:  could not serialize access due to read/write dependencies among transactions
DETAIL:  Reason code: Canceled on commit attempt with conflict in from prepared pivot.
HINT:  The transaction might succeed if retried.


1789032145 1731198 TRADE_RESULT giving up after 10 retries 1731198 1789032145 
SQL: COMMIT
ERROR:  could not serialize access due to read/write dependencies among transactions
DETAIL:  Reason code: Canceled on commit attempt with conflict in from prepared pivot.
HINT:  The transaction might succeed if retried.


1789032145 1731187 TRADE_RESULT giving up after 10 retries 1731187 1789032145 
SQL: COMMIT
ERROR:  could not serialize access due to read/write dependencies among transactions
DETAIL:  Reason code: Canceled on commit attempt with conflict in from prepared pivot.
HINT:  The transaction might succeed if retried.


1789032145 1731192 TRADE_RESULT giving up after 10 retries 1731192 1789032145 
SQL: COMMIT
ERROR:  could not serialize access due to read/write dependencies among transactions
DETAIL:  Reason code: Canceled on commit attempt with conflict in from prepared pivot.
HINT:  The transaction might succeed if retried.


1789032145 1731188 TRADE_RESULT giving up after 10 retries 1731188 1789032145 
SQL: COMMIT
ERROR:  could not serialize access due to read/write dependencies among transactions
DETAIL:  Reason code: Canceled on commit attempt with conflict in from prepared pivot.
HINT:  The transaction might succeed if retried.


1789032145 1731201 TRADE_RESULT giving up after 10 retries 1731201 1789032145 
SQL: SELECT * FROM TradeResultFrame6($1, $2, $3, $4, $5, $6, $7, $8, $9)
ERROR:  could not serialize access due to read/write dependencies among transactions
DETAIL:  Reason code: Canceled on identification as a pivot, during conflict in checking.
HINT:  The transaction might succeed if retried.
CONTEXT:  SQL statement "INSERT INTO settlement(
    se_t_id
  , se_cash_type
  , se_cash_due_date
  , se_amt)
VALUES (
    $1
  , $2
  , $3
  , $4
)"


1789032145 1731200 TRADE_RESULT giving up after 10 retries 1731200 1789032145 
SQL: SELECT * FROM TradeResultFrame5($1, $2, $3, $4, $5, $6)
ERROR:  could not serialize access due to read/write dependencies among transactions
DETAIL:  Reason code: Canceled on identification as a pivot, during write.
HINT:  The transaction might succeed if retried.
CONTEXT:  SQL statement "UPDATE trade
SET t_comm = $1
  , t_dts = $2
  , t_st_id = $3
  , t_trade_price = $4
WHERE t_id = $5"


1789032145 1731194 TRADE_RESULT giving up after 10 retries 1731194 1789032145 
SQL: SELECT * FROM TradeResultFrame5($1, $2, $3, $4, $5, $6)
ERROR:  could not serialize access due to read/write dependencies among transactions
DETAIL:  Reason code: Canceled on identification as a pivot, during write.
HINT:  The transaction might succeed if retried.
CONTEXT:  SQL statement "UPDATE trade
SET t_comm = $1
  , t_dts = $2
  , t_st_id = $3
  , t_trade_price = $4
WHERE t_id = $5"


1789032145 1731195 TRADE_RESULT giving up after 10 retries 1731195 1789032145 
SQL: SELECT * FROM TradeResultFrame5($1, $2, $3, $4, $5, $6)
ERROR:  could not serialize access due to read/write dependencies among transactions
DETAIL:  Reason code: Canceled on identification as a pivot, during write.
HINT:  The transaction might succeed if retried.
CONTEXT:  SQL statement "UPDATE trade
SET t_comm = $1
  , t_dts = $2
  , t_st_id = $3
  , t_trade_price = $4
WHERE t_id = $5"


1789032259 1731202 TRADE_RESULT giving up after 10 retries 1731202 1789032259 
SQL: COMMIT
ERROR:  could not serialize access due to read/write dependencies among transactions
DETAIL:  Reason code: Canceled on commit attempt with conflict in from prepared pivot.
HINT:  The transaction might succeed if retried.


1789032259 1731200 TRADE_RESULT giving up after 10 retries 1731200 1789032259 
SQL: COMMIT
ERROR:  could not serialize access due to read/write dependencies among transactions
DETAIL:  Reason code: Canceled on commit attempt with conflict in from prepared pivot.
HINT:  The transaction might succeed if retried.


1789032259 1731194 TRADE_RESULT giving up after 10 retries 1731194 1789032259 
SQL: SELECT * FROM TradeResultFrame5($1, $2, $3, $4, $5, $6)
ERROR:  could not serialize access due to read/write dependencies among transactions
DETAIL:  Reason code: Canceled on identification as a pivot, during write.
HINT:  The transaction might succeed if retried.
CONTEXT:  SQL statement "UPDATE trade
SET t_comm = $1
  , t_dts = $2
  , t_st_id = $3
  , t_trade_price = $4
WHERE t_id = $5"


1789032259 1731196 TRADE_RESULT giving up after 10 retries 1731196 1789032259 
SQL: COMMIT
ERROR:  could not serialize access due to read/write dependencies among transactions
DETAIL:  Reason code: Canceled on commit attempt with conflict in from prepared pivot.
HINT:  The transaction might succeed if retried.


1789032259 1731187 TRADE_RESULT giving up after 10 retries 1731187 1789032259 
SQL: COMMIT
ERROR:  could not serialize access due to read/write dependencies among transactions
DETAIL:  Reason code: Canceled on commit attempt with conflict in from prepared pivot.
HINT:  The transaction might succeed if retried.


1789032259 1731192 TRADE_RESULT giving up after 10 retries 1731192 1789032259 
SQL: COMMIT
ERROR:  could not serialize access due to read/write dependencies among transactions
DETAIL:  Reason code: Canceled on commit attempt with conflict in from prepared pivot.
HINT:  The transaction might succeed if retried.


1789032259 1731198 TRADE_RESULT giving up after 10 retries 1731198 1789032259 
SQL: COMMIT
ERROR:  could not serialize access due to read/write dependencies among transactions
DETAIL:  Reason code: Canceled on commit attempt with conflict in from prepared pivot.
HINT:  The transaction might succeed if retried.


1789032259 1731198 TRADE_RESULT giving up after 10 retries 1731198 1789032259 
SQL: COMMIT
ERROR:  could not serialize access due to read/write dependencies among transactions
DETAIL:  Reason code: Canceled on commit attempt with conflict in from prepared pivot.
HINT:  The transaction might succeed if retried.


1789032371 1731192 TRADE_RESULT giving up after 10 retries 1731192 1789032371 
SQL: COMMIT
ERROR:  could not serialize access due to read/write dependencies among transactions
DETAIL:  Reason code: Canceled on commit attempt with conflict in from prepared pivot.
HINT:  The transaction might succeed if retried.


1789032481 1731197 TRADE_RESULT giving up after 10 retries 1731197 1789032481 
SQL: COMMIT
ERROR:  could not serialize access due to read/write dependencies among transactions
DETAIL:  Reason code: Canceled on commit attempt with conflict in from prepared pivot.
HINT:  The transaction might succeed if retried.


1789032481 1731186 TRADE_RESULT giving up after 10 retries 1731186 1789032481 
SQL: COMMIT
ERROR:  could not serialize access due to read/write dependencies among transactions
DETAIL:  Reason code: Canceled on commit attempt with conflict in from prepared pivot.
HINT:  The transaction might succeed if retried.


1789032481 1731190 TRADE_RESULT giving up after 10 retries 1731190 1789032481 
SQL: COMMIT
ERROR:  could not serialize access due to read/write dependencies among transactions
DETAIL:  Reason code: Canceled on commit attempt with conflict in from prepared pivot.
HINT:  The transaction might succeed if retried.


1789032481 1731190 TRADE_RESULT giving up after 10 retries 1731190 1789032481 
SQL: COMMIT
ERROR:  could not serialize access due to read/write dependencies among transactions
DETAIL:  Reason code: Canceled on commit attempt with conflict in from prepared pivot.
HINT:  The transaction might succeed if retried.


1789032482 1731186 TRADE_RESULT giving up after 10 retries 1731186 1789032482 
SQL: COMMIT
ERROR:  could not serialize access due to read/write dependencies among transactions
DETAIL:  Reason code: Canceled on commit attempt with conflict in from prepared pivot.
HINT:  The transaction might succeed if retried.


1789032482 1731200 TRADE_RESULT giving up after 10 retries 1731200 1789032482 
SQL: COMMIT
ERROR:  could not serialize access due to read/write dependencies among transactions
DETAIL:  Reason code: Canceled on commit attempt with conflict in from prepared pivot.
HINT:  The transaction might succeed if retried.


1789032482 1731196 TRADE_RESULT giving up after 10 retries 1731196 1789032482 
SQL: COMMIT
ERROR:  could not serialize access due to read/write dependencies among transactions
DETAIL:  Reason code: Canceled on commit attempt with conflict in from prepared pivot.
HINT:  The transaction might succeed if retried.


1789032482 1731197 TRADE_RESULT giving up after 10 retries 1731197 1789032482 
SQL: COMMIT
ERROR:  could not serialize access due to read/write dependencies among transactions
DETAIL:  Reason code: Canceled on commit attempt with conflict in from prepared pivot.
HINT:  The transaction might succeed if retried.


1789032482 1731190 TRADE_RESULT giving up after 10 retries 1731190 1789032482 
SQL: COMMIT
ERROR:  could not serialize access due to read/write dependencies among transactions
DETAIL:  Reason code: Canceled on commit attempt with conflict in from prepared pivot.
HINT:  The transaction might succeed if retried.


1789032482 1731202 TRADE_RESULT giving up after 10 retries 1731202 1789032482 
SQL: COMMIT
ERROR:  could not serialize access due to read/write dependencies among transactions
DETAIL:  Reason code: Canceled on commit attempt with conflict in from prepared pivot.
HINT:  The transaction might succeed if retried.


1789032482 1731196 TRADE_RESULT giving up after 10 retries 1731196 1789032482 
SQL: COMMIT
ERROR:  could not serialize access due to read/write dependencies among transactions
DETAIL:  Reason code: Canceled on commit attempt with conflict in from prepared pivot.
HINT:  The transaction might succeed if retried.


1789032482 1731189 TRADE_RESULT giving up after 10 retries 1731189 1789032482 
SQL: COMMIT
ERROR:  could not serialize access due to read/write dependencies among transactions
DETAIL:  Reason code: Canceled on commit attempt with conflict in from prepared pivot.
HINT:  The transaction might succeed if retried.


1789032482 1731197 TRADE_RESULT giving up after 10 retries 1731197 1789032482 
SQL: COMMIT
ERROR:  could not serialize access due to read/write dependencies among transactions
DETAIL:  Reason code: Canceled on commit attempt with conflict in from prepared pivot.
HINT:  The transaction might succeed if retried.


1789032482 1731194 TRADE_RESULT giving up after 10 retries 1731194 1789032482 
SQL: COMMIT
ERROR:  could not serialize access due to read/write dependencies among transactions
DETAIL:  Reason code: Canceled on commit attempt with conflict in from prepared pivot.
HINT:  The transaction might succeed if retried.


1789032482 1731200 TRADE_RESULT giving up after 10 retries 1731200 1789032482 
SQL: COMMIT
ERROR:  could not serialize access due to read/write dependencies among transactions
DETAIL:  Reason code: Canceled on commit attempt with conflict in from prepared pivot.
HINT:  The transaction might succeed if retried.


1789032482 1731186 TRADE_RESULT giving up after 10 retries 1731186 1789032482 
SQL: COMMIT
ERROR:  could not serialize access due to read/write dependencies among transactions
DETAIL:  Reason code: Canceled on commit attempt with conflict in from prepared pivot.
HINT:  The transaction might succeed if retried.


1789032482 1731196 TRADE_RESULT giving up after 10 retries 1731196 1789032482 
SQL: COMMIT
ERROR:  could not serialize access due to read/write dependencies among transactions
DETAIL:  Reason code: Canceled on commit attempt with conflict in from prepared pivot.
HINT:  The transaction might succeed if retried.


1789032482 1731189 TRADE_RESULT giving up after 10 retries 1731189 1789032482 
SQL: SELECT * FROM TradeResultFrame5($1, $2, $3, $4, $5, $6)
ERROR:  could not serialize access due to read/write dependencies among transactions
DETAIL:  Reason code: Canceled on identification as a pivot, during conflict in checking.
HINT:  The transaction might succeed if retried.
CONTEXT:  SQL statement "INSERT INTO trade_history(
    th_t_id
  , th_dts
  , th_st_id
)
VALUES (
    $1
  , $2
  , $3
)"


1789032591 1731201 TRADE_RESULT giving up after 10 retries 1731201 1789032591 
SQL: COMMIT
ERROR:  could not serialize access due to read/write dependencies among transactions
DETAIL:  Reason code: Canceled on commit attempt with conflict in from prepared pivot.
HINT:  The transaction might succeed if retried.


1789032592 1731193 TRADE_RESULT giving up after 10 retries 1731193 1789032592 
SQL: COMMIT
ERROR:  could not serialize access due to read/write dependencies among transactions
DETAIL:  Reason code: Canceled on commit attempt with conflict in from prepared pivot.
HINT:  The transaction might succeed if retried.


1789032592 1731194 TRADE_RESULT giving up after 10 retries 1731194 1789032592 
SQL: COMMIT
ERROR:  could not serialize access due to read/write dependencies among transactions
DETAIL:  Reason code: Canceled on commit attempt with conflict in from prepared pivot.
HINT:  The transaction might succeed if retried.


1789032592 1731200 TRADE_RESULT giving up after 10 retries 1731200 1789032592 
SQL: COMMIT
ERROR:  could not serialize access due to read/write dependencies among transactions
DETAIL:  Reason code: Canceled on commit attempt with conflict in from prepared pivot.
HINT:  The transaction might succeed if retried.


1789032592 1731202 TRADE_RESULT giving up after 10 retries 1731202 1789032592 
SQL: COMMIT
ERROR:  could not serialize access due to read/write dependencies among transactions
DETAIL:  Reason code: Canceled on commit attempt with conflict in from prepared pivot.
HINT:  The transaction might succeed if retried.


1789032592 1731187 TRADE_RESULT giving up after 10 retries 1731187 1789032592 
SQL: COMMIT
ERROR:  could not serialize access due to read/write dependencies among transactions
DETAIL:  Reason code: Canceled on commit attempt with conflict in from prepared pivot.
HINT:  The transaction might succeed if retried.


1789032925 1731186 TRADE_RESULT giving up after 10 retries 1731186 1789032925 
SQL: COMMIT
ERROR:  could not serialize access due to read/write dependencies among transactions
DETAIL:  Reason code: Canceled on commit attempt with conflict in from prepared pivot.
HINT:  The transaction might succeed if retried.


1789032925 1731198 TRADE_RESULT giving up after 10 retries 1731198 1789032925 
SQL: COMMIT
ERROR:  could not serialize access due to read/write dependencies among transactions
DETAIL:  Reason code: Canceled on commit attempt with conflict in from prepared pivot.
HINT:  The transaction might succeed if retried.


1789032925 1731189 TRADE_RESULT giving up after 10 retries 1731189 1789032925 
SQL: COMMIT
ERROR:  could not serialize access due to read/write dependencies among transactions
DETAIL:  Reason code: Canceled on commit attempt with conflict in from prepared pivot.
HINT:  The transaction might succeed if retried.


1789032925 1731190 TRADE_RESULT giving up after 10 retries 1731190 1789032925 
SQL: COMMIT
ERROR:  could not serialize access due to read/write dependencies among transactions
DETAIL:  Reason code: Canceled on commit attempt with conflict in from prepared pivot.
HINT:  The transaction might succeed if retried.


1789032925 1731192 TRADE_RESULT giving up after 10 retries 1731192 1789032925 
SQL: COMMIT
ERROR:  could not serialize access due to read/write dependencies among transactions
DETAIL:  Reason code: Canceled on commit attempt with conflict in from prepared pivot.
HINT:  The transaction might succeed if retried.


1789032925 1731197 TRADE_RESULT giving up after 10 retries 1731197 1789032925 
SQL: COMMIT
ERROR:  could not serialize access due to read/write dependencies among transactions
DETAIL:  Reason code: Canceled on commit attempt with conflict in from prepared pivot.
HINT:  The transaction might succeed if retried.


1789032925 1731187 TRADE_RESULT giving up after 10 retries 1731187 1789032925 
SQL: SELECT * FROM TradeResultFrame6($1, $2, $3, $4, $5, $6, $7, $8, $9)
ERROR:  could not serialize access due to read/write dependencies among transactions
DETAIL:  Reason code: Canceled on identification as a pivot, during conflict in checking.
HINT:  The transaction might succeed if retried.
CONTEXT:  SQL statement "INSERT INTO cash_transaction(
    ct_dts
  , ct_t_id
  , ct_amt
  , ct_name
)
VALUES (
    $1
  , $2
  , $3
  , $4 || ' ' || $5::VARCHAR || ' shares of ' || $6
)"


1789032925 1731201 TRADE_RESULT giving up after 10 retries 1731201 1789032925 
SQL: COMMIT
ERROR:  could not serialize access due to read/write dependencies among transactions
DETAIL:  Reason code: Canceled on commit attempt with conflict in from prepared pivot.
HINT:  The transaction might succeed if retried.


1789032925 1731191 TRADE_RESULT giving up after 10 retries 1731191 1789032925 
SQL: SELECT * FROM TradeResultFrame6($1, $2, $3, $4, $5, $6, $7, $8, $9)
ERROR:  could not serialize access due to read/write dependencies among transactions
DETAIL:  Reason code: Canceled on identification as a pivot, during conflict in checking.
HINT:  The transaction might succeed if retried.
CONTEXT:  SQL statement "INSERT INTO settlement(
    se_t_id
  , se_cash_type
  , se_cash_due_date
  , se_amt)
VALUES (
    $1
  , $2
  , $3
  , $4
)"


1789033037 1731189 TRADE_RESULT giving up after 10 retries 1731189 1789033037 
SQL: COMMIT
ERROR:  could not serialize access due to read/write dependencies among transactions
DETAIL:  Reason code: Canceled on commit attempt with conflict in from prepared pivot.
HINT:  The transaction might succeed if retried.


1789033037 1731198 TRADE_RESULT giving up after 10 retries 1731198 1789033037 
SQL: COMMIT
ERROR:  could not serialize access due to read/write dependencies among transactions
DETAIL:  Reason code: Canceled on commit attempt with conflict in from prepared pivot.
HINT:  The transaction might succeed if retried.


1789033037 1731200 TRADE_RESULT giving up after 10 retries 1731200 1789033037 
SQL: COMMIT
ERROR:  could not serialize access due to read/write dependencies among transactions
DETAIL:  Reason code: Canceled on commit attempt with conflict in from prepared pivot.
HINT:  The transaction might succeed if retried.


1789033037 1731197 TRADE_RESULT giving up after 10 retries 1731197 1789033037 
SQL: COMMIT
ERROR:  could not serialize access due to read/write dependencies among transactions
DETAIL:  Reason code: Canceled on commit attempt with conflict in from prepared pivot.
HINT:  The transaction might succeed if retried.


1789033037 1731190 TRADE_RESULT giving up after 10 retries 1731190 1789033037 
SQL: COMMIT
ERROR:  could not serialize access due to read/write dependencies among transactions
DETAIL:  Reason code: Canceled on commit attempt with conflict in from prepared pivot.
HINT:  The transaction might succeed if retried.


1789033037 1731197 TRADE_RESULT giving up after 10 retries 1731197 1789033037 
SQL: COMMIT
ERROR:  could not serialize access due to read/write dependencies among transactions
DETAIL:  Reason code: Canceled on commit attempt with conflict in from prepared pivot.
HINT:  The transaction might succeed if retried.


1789033037 1731186 TRADE_RESULT giving up after 10 retries 1731186 1789033037 
SQL: COMMIT
ERROR:  could not serialize access due to read/write dependencies among transactions
DETAIL:  Reason code: Canceled on commit attempt with conflict in from prepared pivot.
HINT:  The transaction might succeed if retried.


1789033037 1731190 TRADE_RESULT giving up after 10 retries 1731190 1789033037 
SQL: SELECT * FROM TradeResultFrame5($1, $2, $3, $4, $5, $6)
ERROR:  could not serialize access due to read/write dependencies among transactions
DETAIL:  Reason code: Canceled on identification as a pivot, during write.
HINT:  The transaction might succeed if retried.
CONTEXT:  SQL statement "UPDATE trade
SET t_comm = $1
  , t_dts = $2
  , t_st_id = $3
  , t_trade_price = $4
WHERE t_id = $5"


1789033037 1731186 TRADE_RESULT giving up after 10 retries 1731186 1789033037 
SQL: COMMIT
ERROR:  could not serialize access due to read/write dependencies among transactions
DETAIL:  Reason code: Canceled on commit attempt with conflict in from prepared pivot.
HINT:  The transaction might succeed if retried.


1789033037 1731194 TRADE_RESULT giving up after 10 retries 1731194 1789033037 
SQL: COMMIT
ERROR:  could not serialize access due to read/write dependencies among transactions
DETAIL:  Reason code: Canceled on commit attempt with conflict in from prepared pivot.
HINT:  The transaction might succeed if retried.


1789033038 1731192 TRADE_RESULT giving up after 10 retries 1731192 1789033038 
SQL: COMMIT
ERROR:  could not serialize access due to read/write dependencies among transactions
DETAIL:  Reason code: Canceled on commit attempt with conflict in from prepared pivot.
HINT:  The transaction might succeed if retried.


1789033038 1731197 TRADE_RESULT giving up after 10 retries 1731197 1789033038 
SQL: COMMIT
ERROR:  could not serialize access due to read/write dependencies among transactions
DETAIL:  Reason code: Canceled on commit attempt with conflict in from prepared pivot.
HINT:  The transaction might succeed if retried.


1789033150 1731198 TRADE_RESULT giving up after 10 retries 1731198 1789033150 
SQL: COMMIT
ERROR:  could not serialize access due to read/write dependencies among transactions
DETAIL:  Reason code: Canceled on commit attempt with conflict in from prepared pivot.
HINT:  The transaction might succeed if retried.


1789033150 1731186 TRADE_RESULT giving up after 10 retries 1731186 1789033150 
SQL: COMMIT
ERROR:  could not serialize access due to read/write dependencies among transactions
DETAIL:  Reason code: Canceled on commit attempt with conflict in from prepared pivot.
HINT:  The transaction might succeed if retried.


1789033150 1731194 TRADE_RESULT giving up after 10 retries 1731194 1789033150 
SQL: COMMIT
ERROR:  could not serialize access due to read/write dependencies among transactions
DETAIL:  Reason code: Canceled on commit attempt with conflict in from prepared pivot.
HINT:  The transaction might succeed if retried.


1789033151 1731194 TRADE_RESULT giving up after 10 retries 1731194 1789033151 
SQL: COMMIT
ERROR:  could not serialize access due to read/write dependencies among transactions
DETAIL:  Reason code: Canceled on commit attempt with conflict in from prepared pivot.
HINT:  The transaction might succeed if retried.


1789033151 1731200 TRADE_RESULT giving up after 10 retries 1731200 1789033151 
SQL: COMMIT
ERROR:  could not serialize access due to read/write dependencies among transactions
DETAIL:  Reason code: Canceled on commit attempt with conflict in from prepared pivot.
HINT:  The transaction might succeed if retried.


1789033151 1731201 TRADE_RESULT giving up after 10 retries 1731201 1789033151 
SQL: COMMIT
ERROR:  could not serialize access due to read/write dependencies among transactions
DETAIL:  Reason code: Canceled on commit attempt with conflict in from prepared pivot.
HINT:  The transaction might succeed if retried.


1789033151 1731186 TRADE_RESULT giving up after 10 retries 1731186 1789033151 
SQL: COMMIT
ERROR:  could not serialize access due to read/write dependencies among transactions
DETAIL:  Reason code: Canceled on commit attempt with conflict in from prepared pivot.
HINT:  The transaction might succeed if retried.


1789033151 1731197 TRADE_RESULT giving up after 10 retries 1731197 1789033151 
SQL: COMMIT
ERROR:  could not serialize access due to read/write dependencies among transactions
DETAIL:  Reason code: Canceled on commit attempt with conflict in from prepared pivot.
HINT:  The transaction might succeed if retried.


1789033151 1731198 TRADE_RESULT giving up after 10 retries 1731198 1789033151 
SQL: COMMIT
ERROR:  could not serialize access due to read/write dependencies among transactions
DETAIL:  Reason code: Canceled on commit attempt with conflict in from prepared pivot.
HINT:  The transaction might succeed if retried.


1789033151 1731191 TRADE_RESULT giving up after 10 retries 1731191 1789033151 
SQL: COMMIT
ERROR:  could not serialize access due to read/write dependencies among transactions
DETAIL:  Reason code: Canceled on commit attempt with conflict in from prepared pivot.
HINT:  The transaction might succeed if retried.


1789033151 1731186 TRADE_RESULT giving up after 10 retries 1731186 1789033151 
SQL: COMMIT
ERROR:  could not serialize access due to read/write dependencies among transactions
DETAIL:  Reason code: Canceled on commit attempt with conflict in from prepared pivot.
HINT:  The transaction might succeed if retried.


1789033151 1731186 TRADE_RESULT giving up after 10 retries 1731186 1789033151 
SQL: COMMIT
ERROR:  could not serialize access due to read/write dependencies among transactions
DETAIL:  Reason code: Canceled on commit attempt with conflict in from prepared pivot.
HINT:  The transaction might succeed if retried.


1789033151 1731193 TRADE_RESULT giving up after 10 retries 1731193 1789033151 
SQL: COMMIT
ERROR:  could not serialize access due to read/write dependencies among transactions
DETAIL:  Reason code: Canceled on commit attempt with conflict in from prepared pivot.
HINT:  The transaction might succeed if retried.


1789033151 1731197 TRADE_RESULT giving up after 10 retries 1731197 1789033151 
SQL: COMMIT
ERROR:  could not serialize access due to read/write dependencies among transactions
DETAIL:  Reason code: Canceled on commit attempt with conflict in from prepared pivot.
HINT:  The transaction might succeed if retried.


1789033151 1731191 TRADE_RESULT giving up after 10 retries 1731191 1789033151 
SQL: COMMIT
ERROR:  could not serialize access due to read/write dependencies among transactions
DETAIL:  Reason code: Canceled on commit attempt with conflict in from prepared pivot.
HINT:  The transaction might succeed if retried.


1789033151 1731194 TRADE_RESULT giving up after 10 retries 1731194 1789033151 
SQL: COMMIT
ERROR:  could not serialize access due to read/write dependencies among transactions
DETAIL:  Reason code: Canceled on commit attempt with conflict in from prepared pivot.
HINT:  The transaction might succeed if retried.


1789033151 1731198 TRADE_RESULT giving up after 10 retries 1731198 1789033151 
SQL: COMMIT
ERROR:  could not serialize access due to read/write dependencies among transactions
DETAIL:  Reason code: Canceled on commit attempt with conflict in from prepared pivot.
HINT:  The transaction might succeed if retried.


1789033151 1731188 TRADE_RESULT giving up after 10 retries 1731188 1789033151 
SQL: COMMIT
ERROR:  could not serialize access due to read/write dependencies among transactions
DETAIL:  Reason code: Canceled on commit attempt with conflict in from prepared pivot.
HINT:  The transaction might succeed if retried.


1789033151 1731202 TRADE_RESULT giving up after 10 retries 1731202 1789033151 
SQL: SELECT * FROM TradeResultFrame3($1, $2, $3, $4)
ERROR:  could not serialize access due to read/write dependencies among transactions
DETAIL:  Reason code: Canceled on identification as a pivot, during write.
HINT:  The transaction might succeed if retried.
CONTEXT:  SQL statement "UPDATE trade
SET t_tax = $1
WHERE t_id = $2"


1789033151 1731201 TRADE_RESULT giving up after 10 retries 1731201 1789033151 
SQL: SELECT * FROM TradeResultFrame3($1, $2, $3, $4)
ERROR:  could not serialize access due to read/write dependencies among transactions
DETAIL:  Reason code: Canceled on identification as a pivot, during write.
HINT:  The transaction might succeed if retried.
CONTEXT:  SQL statement "UPDATE trade
SET t_tax = $1
WHERE t_id = $2"


1789033264 1731202 TRADE_RESULT giving up after 10 retries 1731202 1789033264 
SQL: COMMIT
ERROR:  could not serialize access due to read/write dependencies among transactions
DETAIL:  Reason code: Canceled on commit attempt with conflict in from prepared pivot.
HINT:  The transaction might succeed if retried.


1789033264 1731195 TRADE_RESULT giving up after 10 retries 1731195 1789033264 
SQL: COMMIT
ERROR:  could not serialize access due to read/write dependencies among transactions
DETAIL:  Reason code: Canceled on commit attempt with conflict in from prepared pivot.
HINT:  The transaction might succeed if retried.


1789033264 1731187 TRADE_RESULT giving up after 10 retries 1731187 1789033264 
SQL: COMMIT
ERROR:  could not serialize access due to read/write dependencies among transactions
DETAIL:  Reason code: Canceled on commit attempt with conflict in from prepared pivot.
HINT:  The transaction might succeed if retried.


1789033264 1731193 TRADE_RESULT giving up after 10 retries 1731193 1789033264 
SQL: COMMIT
ERROR:  could not serialize access due to read/write dependencies among transactions
DETAIL:  Reason code: Canceled on commit attempt with conflict in from prepared pivot.
HINT:  The transaction might succeed if retried.


1789033265 1731192 TRADE_RESULT giving up after 10 retries 1731192 1789033265 
SQL: COMMIT
ERROR:  could not serialize access due to read/write dependencies among transactions
DETAIL:  Reason code: Canceled on commit attempt with conflict in from prepared pivot.
HINT:  The transaction might succeed if retried.


1789033265 1731201 TRADE_RESULT giving up after 10 retries 1731201 1789033265 
SQL: COMMIT
ERROR:  could not serialize access due to read/write dependencies among transactions
DETAIL:  Reason code: Canceled on commit attempt with conflict in from prepared pivot.
HINT:  The transaction might succeed if retried.


1789033265 1731200 TRADE_RESULT giving up after 10 retries 1731200 1789033265 
SQL: COMMIT
ERROR:  could not serialize access due to read/write dependencies among transactions
DETAIL:  Reason code: Canceled on commit attempt with conflict in from prepared pivot.
HINT:  The transaction might succeed if retried.


1789033265 1731195 TRADE_RESULT giving up after 10 retries 1731195 1789033265 
SQL: COMMIT
ERROR:  could not serialize access due to read/write dependencies among transactions
DETAIL:  Reason code: Canceled on commit attempt with conflict in from prepared pivot.
HINT:  The transaction might succeed if retried.


1789033265 1731188 TRADE_RESULT giving up after 10 retries 1731188 1789033265 
SQL: COMMIT
ERROR:  could not serialize access due to read/write dependencies among transactions
DETAIL:  Reason code: Canceled on commit attempt with conflict in from prepared pivot.
HINT:  The transaction might succeed if retried.


1789033265 1731192 TRADE_RESULT giving up after 10 retries 1731192 1789033265 
SQL: COMMIT
ERROR:  could not serialize access due to read/write dependencies among transactions
DETAIL:  Reason code: Canceled on commit attempt with conflict in from prepared pivot.
HINT:  The transaction might succeed if retried.


1789033265 1731198 TRADE_RESULT giving up after 10 retries 1731198 1789033265 
SQL: COMMIT
ERROR:  could not serialize access due to read/write dependencies among transactions
DETAIL:  Reason code: Canceled on commit attempt with conflict in from prepared pivot.
HINT:  The transaction might succeed if retried.


1789033265 1731195 TRADE_RESULT giving up after 10 retries 1731195 1789033265 
SQL: COMMIT
ERROR:  could not serialize access due to read/write dependencies among transactions
DETAIL:  Reason code: Canceled on commit attempt with conflict in from prepared pivot.
HINT:  The transaction might succeed if retried.


1789033265 1731189 TRADE_RESULT giving up after 10 retries 1731189 1789033265 
SQL: COMMIT
ERROR:  could not serialize access due to read/write dependencies among transactions
DETAIL:  Reason code: Canceled on commit attempt with conflict in from prepared pivot.
HINT:  The transaction might succeed if retried.


1789033265 1731191 TRADE_RESULT giving up after 10 retries 1731191 1789033265 
SQL: COMMIT
ERROR:  could not serialize access due to read/write dependencies among transactions
DETAIL:  Reason code: Canceled on commit attempt with conflict in from prepared pivot.
HINT:  The transaction might succeed if retried.


1789033265 1731193 TRADE_RESULT giving up after 10 retries 1731193 1789033265 
SQL: COMMIT
ERROR:  could not serialize access due to read/write dependencies among transactions
DETAIL:  Reason code: Canceled on commit attempt with conflict in from prepared pivot.
HINT:  The transaction might succeed if retried.


1789033265 1731190 TRADE_RESULT giving up after 10 retries 1731190 1789033265 
SQL: SELECT * FROM TradeResultFrame5($1, $2, $3, $4, $5, $6)
ERROR:  could not serialize access due to read/write dependencies among transactions
DETAIL:  Reason code: Canceled on conflict out to pivot 312615172, during read.
HINT:  The transaction might succeed if retried.
CONTEXT:  SQL statement "UPDATE broker
SET b_comm_total = b_comm_total + $1
  , b_num_trades = b_num_trades + 1
WHERE b_id = $2"


1789033266 1731192 TRADE_RESULT giving up after 10 retries 1731192 1789033266 
SQL: COMMIT
ERROR:  could not serialize access due to read/write dependencies among transactions
DETAIL:  Reason code: Canceled on commit attempt with conflict in from prepared pivot.
HINT:  The transaction might succeed if retried.


1789033380 1731188 TRADE_RESULT giving up after 10 retries 1731188 1789033380 
SQL: COMMIT
ERROR:  could not serialize access due to read/write dependencies among transactions
DETAIL:  Reason code: Canceled on commit attempt with conflict in from prepared pivot.
HINT:  The transaction might succeed if retried.


1789033380 1731194 TRADE_RESULT giving up after 10 retries 1731194 1789033380 
SQL: COMMIT
ERROR:  could not serialize access due to read/write dependencies among transactions
DETAIL:  Reason code: Canceled on commit attempt with conflict in from prepared pivot.
HINT:  The transaction might succeed if retried.


1789033381 1731187 TRADE_RESULT giving up after 10 retries 1731187 1789033381 
SQL: COMMIT
ERROR:  could not serialize access due to read/write dependencies among transactions
DETAIL:  Reason code: Canceled on commit attempt with conflict in from prepared pivot.
HINT:  The transaction might succeed if retried.


1789033381 1731198 TRADE_RESULT giving up after 10 retries 1731198 1789033381 
SQL: COMMIT
ERROR:  could not serialize access due to read/write dependencies among transactions
DETAIL:  Reason code: Canceled on commit attempt with conflict in from prepared pivot.
HINT:  The transaction might succeed if retried.


1789033381 1731187 TRADE_RESULT giving up after 10 retries 1731187 1789033381 
SQL: COMMIT
ERROR:  could not serialize access due to read/write dependencies among transactions
DETAIL:  Reason code: Canceled on commit attempt with conflict in from prepared pivot.
HINT:  The transaction might succeed if retried.


1789033381 1731202 TRADE_RESULT giving up after 10 retries 1731202 1789033381 
SQL: COMMIT
ERROR:  could not serialize access due to read/write dependencies among transactions
DETAIL:  Reason code: Canceled on commit attempt with conflict in from prepared pivot.
HINT:  The transaction might succeed if retried.


1789033381 1731200 TRADE_RESULT giving up after 10 retries 1731200 1789033381 
SQL: COMMIT
ERROR:  could not serialize access due to read/write dependencies among transactions
DETAIL:  Reason code: Canceled on commit attempt with conflict in from prepared pivot.
HINT:  The transaction might succeed if retried.


1789033381 1731190 TRADE_RESULT giving up after 10 retries 1731190 1789033381 
SQL: COMMIT
ERROR:  could not serialize access due to read/write dependencies among transactions
DETAIL:  Reason code: Canceled on commit attempt with conflict in from prepared pivot.
HINT:  The transaction might succeed if retried.


1789033381 1731191 TRADE_RESULT giving up after 10 retries 1731191 1789033381 
SQL: COMMIT
ERROR:  could not serialize access due to read/write dependencies among transactions
DETAIL:  Reason code: Canceled on commit attempt with conflict in from prepared pivot.
HINT:  The transaction might succeed if retried.


1789033611 1731194 TRADE_RESULT giving up after 10 retries 1731194 1789033611 
SQL: COMMIT
ERROR:  could not serialize access due to read/write dependencies among transactions
DETAIL:  Reason code: Canceled on commit attempt with conflict in from prepared pivot.
HINT:  The transaction might succeed if retried.


1789033612 1731197 TRADE_RESULT giving up after 10 retries 1731197 1789033612 
SQL: COMMIT
ERROR:  could not serialize access due to read/write dependencies among transactions
DETAIL:  Reason code: Canceled on commit attempt with conflict in from prepared pivot.
HINT:  The transaction might succeed if retried.


1789033612 1731190 TRADE_RESULT giving up after 10 retries 1731190 1789033612 
SQL: COMMIT
ERROR:  could not serialize access due to read/write dependencies among transactions
DETAIL:  Reason code: Canceled on commit attempt with conflict in from prepared pivot.
HINT:  The transaction might succeed if retried.


1789033612 1731189 TRADE_RESULT giving up after 10 retries 1731189 1789033612 
SQL: COMMIT
ERROR:  could not serialize access due to read/write dependencies among transactions
DETAIL:  Reason code: Canceled on commit attempt with conflict in from prepared pivot.
HINT:  The transaction might succeed if retried.


1789033612 1731194 TRADE_RESULT giving up after 10 retries 1731194 1789033612 
SQL: COMMIT
ERROR:  could not serialize access due to read/write dependencies among transactions
DETAIL:  Reason code: Canceled on commit attempt with conflict in from prepared pivot.
HINT:  The transaction might succeed if retried.


1789033612 1731201 TRADE_RESULT giving up after 10 retries 1731201 1789033612 
SQL: COMMIT
ERROR:  could not serialize access due to read/write dependencies among transactions
DETAIL:  Reason code: Canceled on commit attempt with conflict in from prepared pivot.
HINT:  The transaction might succeed if retried.


1789033612 1731189 TRADE_RESULT giving up after 10 retries 1731189 1789033612 
SQL: COMMIT
ERROR:  could not serialize access due to read/write dependencies among transactions
DETAIL:  Reason code: Canceled on commit attempt with conflict in from prepared pivot.
HINT:  The transaction might succeed if retried.


1789033612 1731196 TRADE_RESULT giving up after 10 retries 1731196 1789033612 
SQL: SELECT * FROM TradeResultFrame5($1, $2, $3, $4, $5, $6)
ERROR:  could not serialize access due to read/write dependencies among transactions
DETAIL:  Reason code: Canceled on identification as a pivot, during write.
HINT:  The transaction might succeed if retried.
CONTEXT:  SQL statement "UPDATE trade
SET t_comm = $1
  , t_dts = $2
  , t_st_id = $3
  , t_trade_price = $4
WHERE t_id = $5"


1789033612 1731192 TRADE_RESULT giving up after 10 retries 1731192 1789033612 
SQL: SELECT * FROM TradeResultFrame5($1, $2, $3, $4, $5, $6)
ERROR:  could not serialize access due to read/write dependencies among transactions
DETAIL:  Reason code: Canceled on identification as a pivot, during write.
HINT:  The transaction might succeed if retried.
CONTEXT:  SQL statement "UPDATE trade
SET t_comm = $1
  , t_dts = $2
  , t_st_id = $3
  , t_trade_price = $4
WHERE t_id = $5"


1789033612 1731200 TRADE_RESULT giving up after 10 retries 1731200 1789033612 
SQL: SELECT * FROM TradeResultFrame5($1, $2, $3, $4, $5, $6)
ERROR:  could not serialize access due to read/write dependencies among transactions
DETAIL:  Reason code: Canceled on identification as a pivot, during write.
HINT:  The transaction might succeed if retried.
CONTEXT:  SQL statement "UPDATE trade
SET t_comm = $1
  , t_dts = $2
  , t_st_id = $3
  , t_trade_price = $4
WHERE t_id = $5"


1789033841 1731194 TRADE_RESULT giving up after 10 retries 1731194 1789033841 
SQL: COMMIT
ERROR:  could not serialize access due to read/write dependencies among transactions
DETAIL:  Reason code: Canceled on commit attempt with conflict in from prepared pivot.
HINT:  The transaction might succeed if retried.


1789033842 1731193 TRADE_RESULT giving up after 10 retries 1731193 1789033842 
SQL: COMMIT
ERROR:  could not serialize access due to read/write dependencies among transactions
DETAIL:  Reason code: Canceled on commit attempt with conflict in from prepared pivot.
HINT:  The transaction might succeed if retried.


1789033842 1731201 TRADE_RESULT giving up after 10 retries 1731201 1789033842 
SQL: COMMIT
ERROR:  could not serialize access due to read/write dependencies among transactions
DETAIL:  Reason code: Canceled on commit attempt with conflict in from prepared pivot.
HINT:  The transaction might succeed if retried.


1789033842 1731194 TRADE_RESULT giving up after 10 retries 1731194 1789033842 
SQL: COMMIT
ERROR:  could not serialize access due to read/write dependencies among transactions
DETAIL:  Reason code: Canceled on commit attempt with conflict in from prepared pivot.
HINT:  The transaction might succeed if retried.


1789033842 1731202 TRADE_RESULT giving up after 10 retries 1731202 1789033842 
SQL: COMMIT
ERROR:  could not serialize access due to read/write dependencies among transactions
DETAIL:  Reason code: Canceled on commit attempt with conflict in from prepared pivot.
HINT:  The transaction might succeed if retried.


1789033842 1731193 TRADE_RESULT giving up after 10 retries 1731193 1789033842 
SQL: COMMIT
ERROR:  could not serialize access due to read/write dependencies among transactions
DETAIL:  Reason code: Canceled on commit attempt with conflict in from prepared pivot.
HINT:  The transaction might succeed if retried.


1789033842 1731198 TRADE_RESULT giving up after 10 retries 1731198 1789033842 
SQL: COMMIT
ERROR:  could not serialize access due to read/write dependencies among transactions
DETAIL:  Reason code: Canceled on commit attempt with conflict in from prepared pivot.
HINT:  The transaction might succeed if retried.


1789033842 1731186 TRADE_RESULT giving up after 10 retries 1731186 1789033842 
SQL: COMMIT
ERROR:  could not serialize access due to read/write dependencies among transactions
DETAIL:  Reason code: Canceled on commit attempt with conflict in from prepared pivot.
HINT:  The transaction might succeed if retried.


1789033842 1731200 TRADE_RESULT giving up after 10 retries 1731200 1789033842 
SQL: COMMIT
ERROR:  could not serialize access due to read/write dependencies among transactions
DETAIL:  Reason code: Canceled on commit attempt with conflict in from prepared pivot.
HINT:  The transaction might succeed if retried.


1789033957 1731194 TRADE_RESULT giving up after 10 retries 1731194 1789033957 
SQL: COMMIT
ERROR:  could not serialize access due to read/write dependencies among transactions
DETAIL:  Reason code: Canceled on commit attempt with conflict in from prepared pivot.
HINT:  The transaction might succeed if retried.


1789033957 1731201 TRADE_RESULT giving up after 10 retries 1731201 1789033957 
SQL: COMMIT
ERROR:  could not serialize access due to read/write dependencies among transactions
DETAIL:  Reason code: Canceled on commit attempt with conflict in from prepared pivot.
HINT:  The transaction might succeed if retried.


1789033957 1731186 TRADE_RESULT giving up after 10 retries 1731186 1789033957 
SQL: COMMIT
ERROR:  could not serialize access due to read/write dependencies among transactions
DETAIL:  Reason code: Canceled on commit attempt with conflict in from prepared pivot.
HINT:  The transaction might succeed if retried.


1789033957 1731195 TRADE_RESULT giving up after 10 retries 1731195 1789033957 
SQL: COMMIT
ERROR:  could not serialize access due to read/write dependencies among transactions
DETAIL:  Reason code: Canceled on commit attempt with conflict in from prepared pivot.
HINT:  The transaction might succeed if retried.


1789033957 1731194 TRADE_RESULT giving up after 10 retries 1731194 1789033957 
SQL: COMMIT
ERROR:  could not serialize access due to read/write dependencies among transactions
DETAIL:  Reason code: Canceled on commit attempt with conflict in from prepared pivot.
HINT:  The transaction might succeed if retried.


1789033957 1731191 TRADE_RESULT giving up after 10 retries 1731191 1789033957 
SQL: COMMIT
ERROR:  could not serialize access due to read/write dependencies among transactions
DETAIL:  Reason code: Canceled on commit attempt with conflict in from prepared pivot.
HINT:  The transaction might succeed if retried.


1789033957 1731192 TRADE_RESULT giving up after 10 retries 1731192 1789033957 
SQL: COMMIT
ERROR:  could not serialize access due to read/write dependencies among transactions
DETAIL:  Reason code: Canceled on commit attempt with conflict in from prepared pivot.
HINT:  The transaction might succeed if retried.


1789033957 1731201 TRADE_RESULT giving up after 10 retries 1731201 1789033957 
SQL: COMMIT
ERROR:  could not serialize access due to read/write dependencies among transactions
DETAIL:  Reason code: Canceled on commit attempt with conflict in from prepared pivot.
HINT:  The transaction might succeed if retried.


1789033957 1731198 TRADE_RESULT giving up after 10 retries 1731198 1789033957 
SQL: COMMIT
ERROR:  could not serialize access due to read/write dependencies among transactions
DETAIL:  Reason code: Canceled on commit attempt with conflict in from prepared pivot.
HINT:  The transaction might succeed if retried.


1789033957 1731187 TRADE_RESULT giving up after 10 retries 1731187 1789033957 
SQL: COMMIT
ERROR:  could not serialize access due to read/write dependencies among transactions
DETAIL:  Reason code: Canceled on commit attempt with conflict in from prepared pivot.
HINT:  The transaction might succeed if retried.


1789033957 1731197 TRADE_RESULT giving up after 10 retries 1731197 1789033957 
SQL: COMMIT
ERROR:  could not serialize access due to read/write dependencies among transactions
DETAIL:  Reason code: Canceled on commit attempt with conflict in from prepared pivot.
HINT:  The transaction might succeed if retried.


1789033957 1731196 TRADE_RESULT giving up after 10 retries 1731196 1789033957 
SQL: COMMIT
ERROR:  could not serialize access due to read/write dependencies among transactions
DETAIL:  Reason code: Canceled on commit attempt with conflict in from prepared pivot.
HINT:  The transaction might succeed if retried.


1789033957 1731192 TRADE_RESULT giving up after 10 retries 1731192 1789033957 
SQL: COMMIT
ERROR:  could not serialize access due to read/write dependencies among transactions
DETAIL:  Reason code: Canceled on commit attempt with conflict in from prepared pivot.
HINT:  The transaction might succeed if retried.


1789033958 1731188 TRADE_RESULT giving up after 10 retries 1731188 1789033958 
SQL: COMMIT
ERROR:  could not serialize access due to read/write dependencies among transactions
DETAIL:  Reason code: Canceled on commit attempt with conflict in from prepared pivot.
HINT:  The transaction might succeed if retried.


1789033958 1731188 TRADE_RESULT giving up after 10 retries 1731188 1789033958 
SQL: COMMIT
ERROR:  could not serialize access due to read/write dependencies among transactions
DETAIL:  Reason code: Canceled on commit attempt with conflict in from prepared pivot.
HINT:  The transaction might succeed if retried.


1789033958 1731197 TRADE_RESULT giving up after 10 retries 1731197 1789033958 
SQL: COMMIT
ERROR:  could not serialize access due to read/write dependencies among transactions
DETAIL:  Reason code: Canceled on commit attempt with conflict in from prepared pivot.
HINT:  The transaction might succeed if retried.


1789033958 1731188 TRADE_RESULT giving up after 10 retries 1731188 1789033958 
SQL: COMMIT
ERROR:  could not serialize access due to read/write dependencies among transactions
DETAIL:  Reason code: Canceled on commit attempt with conflict in from prepared pivot.
HINT:  The transaction might succeed if retried.


1789033958 1731196 TRADE_RESULT giving up after 10 retries 1731196 1789033958 
SQL: COMMIT
ERROR:  could not serialize access due to read/write dependencies among transactions
DETAIL:  Reason code: Canceled on commit attempt with conflict in from prepared pivot.
HINT:  The transaction might succeed if retried.


1789033958 1731202 TRADE_RESULT giving up after 10 retries 1731202 1789033958 
SQL: COMMIT
ERROR:  could not serialize access due to read/write dependencies among transactions
DETAIL:  Reason code: Canceled on commit attempt with conflict in from prepared pivot.
HINT:  The transaction might succeed if retried.


1789033958 1731192 TRADE_RESULT giving up after 10 retries 1731192 1789033958 
SQL: COMMIT
ERROR:  could not serialize access due to read/write dependencies among transactions
DETAIL:  Reason code: Canceled on commit attempt with conflict in from prepared pivot.
HINT:  The transaction might succeed if retried.


1789033958 1731187 TRADE_RESULT giving up after 10 retries 1731187 1789033958 
SQL: COMMIT
ERROR:  could not serialize access due to read/write dependencies among transactions
DETAIL:  Reason code: Canceled on commit attempt with conflict in from prepared pivot.
HINT:  The transaction might succeed if retried.


1789033958 1731197 TRADE_RESULT giving up after 10 retries 1731197 1789033958 
SQL: COMMIT
ERROR:  could not serialize access due to read/write dependencies among transactions
DETAIL:  Reason code: Canceled on commit attempt with conflict in from prepared pivot.
HINT:  The transaction might succeed if retried.


1789034071 1731196 TRADE_RESULT giving up after 10 retries 1731196 1789034071 
SQL: SELECT * FROM TradeResultFrame6($1, $2, $3, $4, $5, $6, $7, $8, $9)
ERROR:  could not serialize access due to read/write dependencies among transactions
DETAIL:  Reason code: Canceled on identification as a pivot, during conflict in checking.
HINT:  The transaction might succeed if retried.
CONTEXT:  SQL statement "INSERT INTO settlement(
    se_t_id
  , se_cash_type
  , se_cash_due_date
  , se_amt)
VALUES (
    $1
  , $2
  , $3
  , $4
)"


1789034071 1731201 TRADE_RESULT giving up after 10 retries 1731201 1789034071 
SQL: COMMIT
ERROR:  could not serialize access due to read/write dependencies among transactions
DETAIL:  Reason code: Canceled on commit attempt with conflict in from prepared pivot.
HINT:  The transaction might succeed if retried.


1789034071 1731196 TRADE_RESULT giving up after 10 retries 1731196 1789034071 
SQL: COMMIT
ERROR:  could not serialize access due to read/write dependencies among transactions
DETAIL:  Reason code: Canceled on commit attempt with conflict in from prepared pivot.
HINT:  The transaction might succeed if retried.


1789034072 1731195 TRADE_RESULT giving up after 10 retries 1731195 1789034072 
SQL: COMMIT
ERROR:  could not serialize access due to read/write dependencies among transactions
DETAIL:  Reason code: Canceled on commit attempt with conflict in from prepared pivot.
HINT:  The transaction might succeed if retried.


1789034072 1731191 TRADE_RESULT giving up after 10 retries 1731191 1789034072 
SQL: COMMIT
ERROR:  could not serialize access due to read/write dependencies among transactions
DETAIL:  Reason code: Canceled on commit attempt with conflict in from prepared pivot.
HINT:  The transaction might succeed if retried.


1789034073 1731201 TRADE_RESULT giving up after 10 retries 1731201 1789034073 
SQL: COMMIT
ERROR:  could not serialize access due to read/write dependencies among transactions
DETAIL:  Reason code: Canceled on commit attempt with conflict in from prepared pivot.
HINT:  The transaction might succeed if retried.


1789034073 1731193 TRADE_RESULT giving up after 10 retries 1731193 1789034073 
SQL: COMMIT
ERROR:  could not serialize access due to read/write dependencies among transactions
DETAIL:  Reason code: Canceled on commit attempt with conflict in from prepared pivot.
HINT:  The transaction might succeed if retried.


1789034073 1731195 TRADE_RESULT giving up after 10 retries 1731195 1789034073 
SQL: COMMIT
ERROR:  could not serialize access due to read/write dependencies among transactions
DETAIL:  Reason code: Canceled on commit attempt with conflict in from prepared pivot.
HINT:  The transaction might succeed if retried.


1789034197 1731201 TRADE_RESULT giving up after 10 retries 1731201 1789034197 
SQL: COMMIT
ERROR:  could not serialize access due to read/write dependencies among transactions
DETAIL:  Reason code: Canceled on commit attempt with conflict in from prepared pivot.
HINT:  The transaction might succeed if retried.


1789034198 1731193 TRADE_RESULT giving up after 10 retries 1731193 1789034198 
SQL: COMMIT
ERROR:  could not serialize access due to read/write dependencies among transactions
DETAIL:  Reason code: Canceled on commit attempt with conflict in from prepared pivot.
HINT:  The transaction might succeed if retried.


1789034198 1731194 TRADE_RESULT giving up after 10 retries 1731194 1789034198 
SQL: SELECT * FROM TradeResultFrame5($1, $2, $3, $4, $5, $6)
ERROR:  could not serialize access due to read/write dependencies among transactions
DETAIL:  Reason code: Canceled on identification as a pivot, during write.
HINT:  The transaction might succeed if retried.
CONTEXT:  SQL statement "UPDATE trade
SET t_comm = $1
  , t_dts = $2
  , t_st_id = $3
  , t_trade_price = $4
WHERE t_id = $5"


1789034198 1731190 TRADE_RESULT giving up after 10 retries 1731190 1789034198 
SQL: SELECT * FROM TradeResultFrame5($1, $2, $3, $4, $5, $6)
ERROR:  could not serialize access due to read/write dependencies among transactions
DETAIL:  Reason code: Canceled on identification as a pivot, during write.
HINT:  The transaction might succeed if retried.
CONTEXT:  SQL statement "UPDATE trade
SET t_comm = $1
  , t_dts = $2
  , t_st_id = $3
  , t_trade_price = $4
WHERE t_id = $5"


1789034198 1731201 TRADE_RESULT giving up after 10 retries 1731201 1789034198 
SQL: SELECT * FROM TradeResultFrame5($1, $2, $3, $4, $5, $6)
ERROR:  could not serialize access due to read/write dependencies among transactions
DETAIL:  Reason code: Canceled on identification as a pivot, during write.
HINT:  The transaction might succeed if retried.
CONTEXT:  SQL statement "UPDATE trade
SET t_comm = $1
  , t_dts = $2
  , t_st_id = $3
  , t_trade_price = $4
WHERE t_id = $5"


1789034198 1731195 TRADE_RESULT giving up after 10 retries 1731195 1789034198 
SQL: COMMIT
ERROR:  could not serialize access due to read/write dependencies among transactions
DETAIL:  Reason code: Canceled on commit attempt with conflict in from prepared pivot.
HINT:  The transaction might succeed if retried.


1789034198 1731196 TRADE_RESULT giving up after 10 retries 1731196 1789034198 
SQL: COMMIT
ERROR:  could not serialize access due to read/write dependencies among transactions
DETAIL:  Reason code: Canceled on commit attempt with conflict in from prepared pivot.
HINT:  The transaction might succeed if retried.


1789034198 1731194 TRADE_RESULT giving up after 10 retries 1731194 1789034198 
SQL: COMMIT
ERROR:  could not serialize access due to read/write dependencies among transactions
DETAIL:  Reason code: Canceled on commit attempt with conflict in from prepared pivot.
HINT:  The transaction might succeed if retried.


1789034198 1731187 TRADE_RESULT giving up after 10 retries 1731187 1789034198 
SQL: COMMIT
ERROR:  could not serialize access due to read/write dependencies among transactions
DETAIL:  Reason code: Canceled on commit attempt with conflict in from prepared pivot.
HINT:  The transaction might succeed if retried.


1789034198 1731201 TRADE_RESULT giving up after 10 retries 1731201 1789034198 
SQL: COMMIT
ERROR:  could not serialize access due to read/write dependencies among transactions
DETAIL:  Reason code: Canceled on commit attempt with conflict in from prepared pivot.
HINT:  The transaction might succeed if retried.


1789034198 1731190 TRADE_RESULT giving up after 10 retries 1731190 1789034198 
SQL: COMMIT
ERROR:  could not serialize access due to read/write dependencies among transactions
DETAIL:  Reason code: Canceled on commit attempt with conflict in from prepared pivot.
HINT:  The transaction might succeed if retried.


1789034198 1731200 TRADE_RESULT giving up after 10 retries 1731200 1789034198 
SQL: COMMIT
ERROR:  could not serialize access due to read/write dependencies among transactions
DETAIL:  Reason code: Canceled on commit attempt with conflict in from prepared pivot.
HINT:  The transaction might succeed if retried.


1789034198 1731201 TRADE_RESULT giving up after 10 retries 1731201 1789034198 
SQL: COMMIT
ERROR:  could not serialize access due to read/write dependencies among transactions
DETAIL:  Reason code: Canceled on commit attempt with conflict in from prepared pivot.
HINT:  The transaction might succeed if retried.


1789034198 1731187 TRADE_RESULT giving up after 10 retries 1731187 1789034198 
SQL: COMMIT
ERROR:  could not serialize access due to read/write dependencies among transactions
DETAIL:  Reason code: Canceled on commit attempt with conflict in from prepared pivot.
HINT:  The transaction might succeed if retried.


1789034198 1731195 TRADE_RESULT giving up after 10 retries 1731195 1789034198 
SQL: COMMIT
ERROR:  could not serialize access due to read/write dependencies among transactions
DETAIL:  Reason code: Canceled on commit attempt with conflict in from prepared pivot.
HINT:  The transaction might succeed if retried.


1789034314 1731188 TRADE_RESULT giving up after 10 retries 1731188 1789034314 
SQL: COMMIT
ERROR:  could not serialize access due to read/write dependencies among transactions
DETAIL:  Reason code: Canceled on commit attempt with conflict in from prepared pivot.
HINT:  The transaction might succeed if retried.


1789034314 1731201 TRADE_RESULT giving up after 10 retries 1731201 1789034314 
SQL: COMMIT
ERROR:  could not serialize access due to read/write dependencies among transactions
DETAIL:  Reason code: Canceled on commit attempt with conflict in from prepared pivot.
HINT:  The transaction might succeed if retried.


1789034314 1731191 TRADE_RESULT giving up after 10 retries 1731191 1789034314 
SQL: COMMIT
ERROR:  could not serialize access due to read/write dependencies among transactions
DETAIL:  Reason code: Canceled on commit attempt with conflict in from prepared pivot.
HINT:  The transaction might succeed if retried.


1789034314 1731196 TRADE_RESULT giving up after 10 retries 1731196 1789034314 
SQL: COMMIT
ERROR:  could not serialize access due to read/write dependencies among transactions
DETAIL:  Reason code: Canceled on commit attempt with conflict in from prepared pivot.
HINT:  The transaction might succeed if retried.


1789034314 1731189 TRADE_RESULT giving up after 10 retries 1731189 1789034314 
SQL: COMMIT
ERROR:  could not serialize access due to read/write dependencies among transactions
DETAIL:  Reason code: Canceled on commit attempt with conflict in from prepared pivot.
HINT:  The transaction might succeed if retried.


1789034315 1731195 TRADE_RESULT giving up after 10 retries 1731195 1789034315 
SQL: COMMIT
ERROR:  could not serialize access due to read/write dependencies among transactions
DETAIL:  Reason code: Canceled on commit attempt with conflict in from prepared pivot.
HINT:  The transaction might succeed if retried.


1789034315 1731198 TRADE_RESULT giving up after 10 retries 1731198 1789034315 
SQL: COMMIT
ERROR:  could not serialize access due to read/write dependencies among transactions
DETAIL:  Reason code: Canceled on commit attempt with conflict in from prepared pivot.
HINT:  The transaction might succeed if retried.


1789034315 1731196 TRADE_RESULT giving up after 10 retries 1731196 1789034315 
SQL: COMMIT
ERROR:  could not serialize access due to read/write dependencies among transactions
DETAIL:  Reason code: Canceled on commit attempt with conflict in from prepared pivot.
HINT:  The transaction might succeed if retried.


1789034315 1731202 TRADE_RESULT giving up after 10 retries 1731202 1789034315 
SQL: SELECT * FROM TradeResultFrame6($1, $2, $3, $4, $5, $6, $7, $8, $9)
ERROR:  could not serialize access due to read/write dependencies among transactions
DETAIL:  Reason code: Canceled on identification as a pivot, during conflict out checking.
HINT:  The transaction might succeed if retried.
CONTEXT:  SQL statement "SELECT 1 FROM ONLY "public"."trade" x WHERE "t_id"::pg_catalog.int8 OPERATOR(pg_catalog.=) $1::pg_catalog.int8 FOR KEY SHARE OF x"
SQL statement "INSERT INTO cash_transaction(
    ct_dts
  , ct_t_id
  , ct_amt
  , ct_name
)
VALUES (
    $1
  , $2
  , $3
  , $4 || ' ' || $5::VARCHAR || ' shares of ' || $6
)"


1789034315 1731191 TRADE_RESULT giving up after 10 retries 1731191 1789034315 
SQL: COMMIT
ERROR:  could not serialize access due to read/write dependencies among transactions
DETAIL:  Reason code: Canceled on commit attempt with conflict in from prepared pivot.
HINT:  The transaction might succeed if retried.


1789034315 1731190 TRADE_RESULT giving up after 10 retries 1731190 1789034315 
SQL: COMMIT
ERROR:  could not serialize access due to read/write dependencies among transactions
DETAIL:  Reason code: Canceled on commit attempt with conflict in from prepared pivot.
HINT:  The transaction might succeed if retried.


1789034315 1731198 TRADE_RESULT giving up after 10 retries 1731198 1789034315 
SQL: COMMIT
ERROR:  could not serialize access due to read/write dependencies among transactions
DETAIL:  Reason code: Canceled on commit attempt with conflict in from prepared pivot.
HINT:  The transaction might succeed if retried.


1789034441 1731187 TRADE_RESULT giving up after 10 retries 1731187 1789034441 
SQL: COMMIT
ERROR:  could not serialize access due to read/write dependencies among transactions
DETAIL:  Reason code: Canceled on commit attempt with conflict in from prepared pivot.
HINT:  The transaction might succeed if retried.


1789034441 1731192 TRADE_RESULT giving up after 10 retries 1731192 1789034441 
SQL: COMMIT
ERROR:  could not serialize access due to read/write dependencies among transactions
DETAIL:  Reason code: Canceled on commit attempt with conflict in from prepared pivot.
HINT:  The transaction might succeed if retried.


1789034441 1731201 TRADE_RESULT giving up after 10 retries 1731201 1789034441 
SQL: COMMIT
ERROR:  could not serialize access due to read/write dependencies among transactions
DETAIL:  Reason code: Canceled on commit attempt with conflict in from prepared pivot.
HINT:  The transaction might succeed if retried.


1789034441 1731195 TRADE_RESULT giving up after 10 retries 1731195 1789034441 
SQL: COMMIT
ERROR:  could not serialize access due to read/write dependencies among transactions
DETAIL:  Reason code: Canceled on commit attempt with conflict in from prepared pivot.
HINT:  The transaction might succeed if retried.


1789034441 1731201 TRADE_RESULT giving up after 10 retries 1731201 1789034441 
SQL: COMMIT
ERROR:  could not serialize access due to read/write dependencies among transactions
DETAIL:  Reason code: Canceled on commit attempt with conflict in from prepared pivot.
HINT:  The transaction might succeed if retried.


1789034441 1731195 TRADE_RESULT giving up after 10 retries 1731195 1789034441 
SQL: COMMIT
ERROR:  could not serialize access due to read/write dependencies among transactions
DETAIL:  Reason code: Canceled on commit attempt with conflict in from prepared pivot.
HINT:  The transaction might succeed if retried.


1789034441 1731201 TRADE_RESULT giving up after 10 retries 1731201 1789034441 
SQL: COMMIT
ERROR:  could not serialize access due to read/write dependencies among transactions
DETAIL:  Reason code: Canceled on commit attempt with conflict in from prepared pivot.
HINT:  The transaction might succeed if retried.


1789034441 1731198 TRADE_RESULT giving up after 10 retries 1731198 1789034441 
SQL: COMMIT
ERROR:  could not serialize access due to read/write dependencies among transactions
DETAIL:  Reason code: Canceled on commit attempt with conflict in from prepared pivot.
HINT:  The transaction might succeed if retried.


1789034441 1731192 TRADE_RESULT giving up after 10 retries 1731192 1789034441 
SQL: COMMIT
ERROR:  could not serialize access due to read/write dependencies among transactions
DETAIL:  Reason code: Canceled on commit attempt with conflict in from prepared pivot.
HINT:  The transaction might succeed if retried.


1789034441 1731200 TRADE_RESULT giving up after 10 retries 1731200 1789034441 
SQL: COMMIT
ERROR:  could not serialize access due to read/write dependencies among transactions
DETAIL:  Reason code: Canceled on commit attempt with conflict in from prepared pivot.
HINT:  The transaction might succeed if retried.


1789034441 1731197 TRADE_RESULT giving up after 10 retries 1731197 1789034441 
SQL: COMMIT
ERROR:  could not serialize access due to read/write dependencies among transactions
DETAIL:  Reason code: Canceled on commit attempt with conflict in from prepared pivot.
HINT:  The transaction might succeed if retried.


1789034442 1731192 TRADE_RESULT giving up after 10 retries 1731192 1789034442 
SQL: SELECT * FROM TradeResultFrame5($1, $2, $3, $4, $5, $6)
ERROR:  could not serialize access due to read/write dependencies among transactions
DETAIL:  Reason code: Canceled on identification as a pivot, during write.
HINT:  The transaction might succeed if retried.
CONTEXT:  SQL statement "UPDATE trade
SET t_comm = $1
  , t_dts = $2
  , t_st_id = $3
  , t_trade_price = $4
WHERE t_id = $5"


1789034442 1731198 TRADE_RESULT giving up after 10 retries 1731198 1789034442 
SQL: SELECT * FROM TradeResultFrame5($1, $2, $3, $4, $5, $6)
ERROR:  could not serialize access due to read/write dependencies among transactions
DETAIL:  Reason code: Canceled on identification as a pivot, during write.
HINT:  The transaction might succeed if retried.
CONTEXT:  SQL statement "UPDATE trade
SET t_comm = $1
  , t_dts = $2
  , t_st_id = $3
  , t_trade_price = $4
WHERE t_id = $5"


1789034442 1731187 TRADE_RESULT giving up after 10 retries 1731187 1789034442 
SQL: SELECT * FROM TradeResultFrame5($1, $2, $3, $4, $5, $6)
ERROR:  could not serialize access due to read/write dependencies among transactions
DETAIL:  Reason code: Canceled on identification as a pivot, during write.
HINT:  The transaction might succeed if retried.
CONTEXT:  SQL statement "UPDATE trade
SET t_comm = $1
  , t_dts = $2
  , t_st_id = $3
  , t_trade_price = $4
WHERE t_id = $5"


1789034580 1731202 TRADE_RESULT giving up after 10 retries 1731202 1789034580 
SQL: SELECT * FROM TradeResultFrame5($1, $2, $3, $4, $5, $6)
ERROR:  could not serialize access due to read/write dependencies among transactions
DETAIL:  Reason code: Canceled on identification as a pivot, during write.
HINT:  The transaction might succeed if retried.
CONTEXT:  SQL statement "UPDATE trade
SET t_comm = $1
  , t_dts = $2
  , t_st_id = $3
  , t_trade_price = $4
WHERE t_id = $5"


1789034580 1731188 TRADE_RESULT giving up after 10 retries 1731188 1789034580 
SQL: SELECT * FROM TradeResultFrame5($1, $2, $3, $4, $5, $6)
ERROR:  could not serialize access due to read/write dependencies among transactions
DETAIL:  Reason code: Canceled on identification as a pivot, during write.
HINT:  The transaction might succeed if retried.
CONTEXT:  SQL statement "UPDATE trade
SET t_comm = $1
  , t_dts = $2
  , t_st_id = $3
  , t_trade_price = $4
WHERE t_id = $5"


1789034580 1731198 TRADE_RESULT giving up after 10 retries 1731198 1789034580 
SQL: SELECT * FROM TradeResultFrame6($1, $2, $3, $4, $5, $6, $7, $8, $9)
ERROR:  could not serialize access due to read/write dependencies among transactions
DETAIL:  Reason code: Canceled on identification as a pivot, during conflict in checking.
HINT:  The transaction might succeed if retried.
CONTEXT:  SQL statement "INSERT INTO settlement(
    se_t_id
  , se_cash_type
  , se_cash_due_date
  , se_amt)
VALUES (
    $1
  , $2
  , $3
  , $4
)"


1789034580 1731190 TRADE_RESULT giving up after 10 retries 1731190 1789034580 
SQL: SELECT * FROM TradeResultFrame5($1, $2, $3, $4, $5, $6)
ERROR:  could not serialize access due to read/write dependencies among transactions
DETAIL:  Reason code: Canceled on identification as a pivot, during conflict out checking.
HINT:  The transaction might succeed if retried.
CONTEXT:  SQL statement "SELECT 1 FROM ONLY "public"."trade_type" x WHERE "tt_id"::pg_catalog.text OPERATOR(pg_catalog.=) $1::pg_catalog.text FOR KEY SHARE OF x"
SQL statement "UPDATE trade
SET t_comm = $1
  , t_dts = $2
  , t_st_id = $3
  , t_trade_price = $4
WHERE t_id = $5"


