ctime,pid,ssl,version,cipher,bits,client_dn,client_serial,issuer_dn
1789010797.198673,329469,f,,,,,,
1789010797.198673,329478,f,,,,,,
1789010797.198673,329479,f,,,,,,
1789010797.198673,329480,f,,,,,,
1789010797.198673,329477,f,,,,,,
1789010797.198673,329476,f,,,,,,
1789010857.266999,331148,f,,,,,,
1789010857.266999,331648,f,,,,,,
1789010857.266999,329500,f,,,,,,
1789010857.266999,331640,f,,,,,,
1789010857.266999,331636,f,,,,,,
1789010857.266999,329499,f,,,,,,
1789010857.266999,330421,f,,,,,,
1789010857.266999,329509,f,,,,,,
1789010857.266999,331649,f,,,,,,
1789010857.266999,329537,f,,,,,,
1789010857.266999,331633,f,,,,,,
1789010857.266999,331627,f,,,,,,
1789010857.266999,331645,f,,,,,,
1789010857.266999,331635,f,,,,,,
1789010857.266999,329620,f,,,,,,
1789010857.266999,329505,f,,,,,,
1789010857.266999,331639,f,,,,,,
1789010857.266999,329507,f,,,,,,
1789010857.266999,329885,f,,,,,,
1789010857.266999,329666,f,,,,,,
1789010857.266999,329493,f,,,,,,
1789010857.266999,330086,f,,,,,,
1789010857.266999,329815,f,,,,,,
1789010857.266999,331274,f,,,,,,
1789010857.266999,329513,f,,,,,,
1789010857.266999,331634,f,,,,,,
1789010857.266999,331519,f,,,,,,
1789010857.266999,330665,f,,,,,,
1789010857.266999,329503,f,,,,,,
1789010857.266999,331074,f,,,,,,
1789010857.266999,330801,f,,,,,,
1789010857.266999,329511,f,,,,,,
1789010857.266999,329512,f,,,,,,
1789010857.266999,331638,f,,,,,,
1789010857.266999,329519,f,,,,,,
1789010857.266999,330182,f,,,,,,
1789010857.266999,331643,f,,,,,,
1789010857.266999,330978,f,,,,,,
1789010857.266999,331646,f,,,,,,
1789010857.266999,330292,f,,,,,,
1789010857.266999,329547,f,,,,,,
1789010857.266999,329510,f,,,,,,
1789010857.266999,329504,f,,,,,,
1789010857.266999,329588,f,,,,,,
1789010857.266999,331398,f,,,,,,
1789010857.266999,329508,f,,,,,,
1789010857.266999,330534,f,,,,,,
1789010857.266999,329502,f,,,,,,
1789010857.266999,331628,f,,,,,,
1789010857.266999,329568,f,,,,,,
1789010857.266999,331642,f,,,,,,
1789010857.266999,329506,f,,,,,,
1789010857.266999,331624,f,,,,,,
1789010857.266999,329501,f,,,,,,
1789010857.266999,329976,f,,,,,,
1789010857.266999,329726,f,,,,,,
1789010857.266999,331641,f,,,,,,
1789010917.385034,331148,f,,,,,,
1789010917.385034,335360,f,,,,,,
1789010917.385034,329500,f,,,,,,
1789010917.385034,329499,f,,,,,,
1789010917.385034,335388,f,,,,,,
1789010917.385034,330421,f,,,,,,
1789010917.385034,335389,f,,,,,,
1789010917.385034,329509,f,,,,,,
1789010917.385034,329537,f,,,,,,
1789010917.385034,335386,f,,,,,,
1789010917.385034,335387,f,,,,,,
1789010917.385034,329620,f,,,,,,
1789010917.385034,329505,f,,,,,,
1789010917.385034,329507,f,,,,,,
1789010917.385034,329885,f,,,,,,
1789010917.385034,329666,f,,,,,,
1789010917.385034,329493,f,,,,,,
1789010917.385034,330086,f,,,,,,
1789010917.385034,329815,f,,,,,,
1789010917.385034,331274,f,,,,,,
1789010917.385034,329513,f,,,,,,
1789010917.385034,331519,f,,,,,,
1789010917.385034,330665,f,,,,,,
1789010917.385034,329503,f,,,,,,
1789010917.385034,331074,f,,,,,,
1789010917.385034,330801,f,,,,,,
1789010917.385034,335380,f,,,,,,
1789010917.385034,329511,f,,,,,,
1789010917.385034,329512,f,,,,,,
1789010917.385034,329519,f,,,,,,
1789010917.385034,330182,f,,,,,,
1789010917.385034,330978,f,,,,,,
1789010917.385034,330292,f,,,,,,
1789010917.385034,329547,f,,,,,,
1789010917.385034,329510,f,,,,,,
1789010917.385034,329504,f,,,,,,
1789010917.385034,331711,f,,,,,,
1789010917.385034,329588,f,,,,,,
1789010917.385034,331398,f,,,,,,
1789010917.385034,329508,f,,,,,,
1789010917.385034,330534,f,,,,,,
1789010917.385034,329502,f,,,,,,
1789010917.385034,335381,f,,,,,,
1789010917.385034,329568,f,,,,,,
1789010917.385034,335384,f,,,,,,
1789010917.385034,329506,f,,,,,,
1789010917.385034,329501,f,,,,,,
1789010917.385034,329976,f,,,,,,
1789010917.385034,335385,f,,,,,,
1789010917.385034,329726,f,,,,,,
1789010917.385034,335383,f,,,,,,
1789010978.499510,331148,f,,,,,,
1789010978.499510,329500,f,,,,,,
1789010978.499510,339349,f,,,,,,
1789010978.499510,329499,f,,,,,,
1789010978.499510,330421,f,,,,,,
1789010978.499510,329509,f,,,,,,
1789010978.499510,329537,f,,,,,,
1789010978.499510,329620,f,,,,,,
1789010978.499510,329505,f,,,,,,
1789010978.499510,339363,f,,,,,,
1789010978.499510,329507,f,,,,,,
1789010978.499510,329885,f,,,,,,
1789010978.499510,329666,f,,,,,,
1789010978.499510,329493,f,,,,,,
1789010978.499510,330086,f,,,,,,
1789010978.499510,329815,f,,,,,,
1789010978.499510,331274,f,,,,,,
1789010978.499510,329513,f,,,,,,
1789010978.499510,331519,f,,,,,,
1789010978.499510,330665,f,,,,,,
1789010978.499510,329503,f,,,,,,
1789010978.499510,331074,f,,,,,,
1789010978.499510,330801,f,,,,,,
1789010978.499510,329511,f,,,,,,
1789010978.499510,329512,f,,,,,,
1789010978.499510,329519,f,,,,,,
1789010978.499510,330182,f,,,,,,
1789010978.499510,330978,f,,,,,,
1789010978.499510,339372,f,,,,,,
1789010978.499510,339376,f,,,,,,
1789010978.499510,339380,f,,,,,,
1789010978.499510,330292,f,,,,,,
1789010978.499510,339361,f,,,,,,
1789010978.499510,329547,f,,,,,,
1789010978.499510,329510,f,,,,,,
1789010978.499510,329504,f,,,,,,
1789010978.499510,331711,f,,,,,,
1789010978.499510,329588,f,,,,,,
1789010978.499510,339366,f,,,,,,
1789010978.499510,331398,f,,,,,,
1789010978.499510,329508,f,,,,,,
1789010978.499510,330534,f,,,,,,
1789010978.499510,329502,f,,,,,,
1789010978.499510,329568,f,,,,,,
1789010978.499510,339370,f,,,,,,
1789010978.499510,339418,f,,,,,,
1789010978.499510,329506,f,,,,,,
1789010978.499510,339382,f,,,,,,
1789010978.499510,329501,f,,,,,,
1789010978.499510,329976,f,,,,,,
1789010978.499510,339373,f,,,,,,
1789010978.499510,329726,f,,,,,,
1789010978.499510,339379,f,,,,,,
1789010978.499510,339375,f,,,,,,
1789010978.499510,339367,f,,,,,,
1789011037.561425,331148,f,,,,,,
1789011037.561425,329500,f,,,,,,
1789011037.561425,343346,f,,,,,,
1789011037.561425,343337,f,,,,,,
1789011037.561425,329499,f,,,,,,
1789011037.561425,330421,f,,,,,,
1789011037.561425,343345,f,,,,,,
1789011037.561425,329509,f,,,,,,
1789011037.561425,329537,f,,,,,,
1789011037.561425,343341,f,,,,,,
1789011037.561425,329620,f,,,,,,
1789011037.561425,329505,f,,,,,,
1789011037.561425,329507,f,,,,,,
1789011037.561425,329885,f,,,,,,
1789011037.561425,329666,f,,,,,,
1789011037.561425,343331,f,,,,,,
1789011037.561425,329493,f,,,,,,
1789011037.561425,343343,f,,,,,,
1789011037.561425,330086,f,,,,,,
1789011037.561425,329815,f,,,,,,
1789011037.561425,331274,f,,,,,,
1789011037.561425,329513,f,,,,,,
1789011037.561425,331519,f,,,,,,
1789011037.561425,330665,f,,,,,,
1789011037.561425,329503,f,,,,,,
1789011037.561425,343342,f,,,,,,
1789011037.561425,331074,f,,,,,,
1789011037.561425,330801,f,,,,,,
1789011037.561425,329511,f,,,,,,
1789011037.561425,329512,f,,,,,,
1789011037.561425,329519,f,,,,,,
1789011037.561425,330182,f,,,,,,
1789011037.561425,330978,f,,,,,,
1789011037.561425,343317,f,,,,,,
1789011037.561425,330292,f,,,,,,
1789011037.561425,329547,f,,,,,,
1789011037.561425,329510,f,,,,,,
1789011037.561425,329504,f,,,,,,
1789011037.561425,331711,f,,,,,,
1789011037.561425,343305,f,,,,,,
1789011037.561425,329588,f,,,,,,
1789011037.561425,331398,f,,,,,,
1789011037.561425,329508,f,,,,,,
1789011037.561425,343344,f,,,,,,
1789011037.561425,330534,f,,,,,,
1789011037.561425,329502,f,,,,,,
1789011037.561425,329568,f,,,,,,
1789011037.561425,343334,f,,,,,,
1789011037.561425,329506,f,,,,,,
1789011037.561425,329501,f,,,,,,
1789011037.561425,329976,f,,,,,,
1789011037.561425,329726,f,,,,,,
1789011037.561425,343315,f,,,,,,
1789011037.561425,343339,f,,,,,,
1789011097.661687,331148,f,,,,,,
1789011097.661687,347481,f,,,,,,
1789011097.661687,347466,f,,,,,,
1789011097.661687,329500,f,,,,,,
1789011097.661687,347455,f,,,,,,
1789011097.661687,329499,f,,,,,,
1789011097.661687,347474,f,,,,,,
1789011097.661687,330421,f,,,,,,
1789011097.661687,347478,f,,,,,,
1789011097.661687,347454,f,,,,,,
1789011097.661687,347468,f,,,,,,
1789011097.661687,329509,f,,,,,,
1789011097.661687,329537,f,,,,,,
1789011097.661687,347460,f,,,,,,
1789011097.661687,347462,f,,,,,,
1789011097.661687,347484,f,,,,,,
1789011097.661687,347453,f,,,,,,
1789011097.661687,347456,f,,,,,,
1789011097.661687,329620,f,,,,,,
1789011097.661687,347469,f,,,,,,
1789011097.661687,329505,f,,,,,,
1789011097.661687,329507,f,,,,,,
1789011097.661687,347485,f,,,,,,
1789011097.661687,329885,f,,,,,,
1789011097.661687,347470,f,,,,,,
1789011097.661687,329666,f,,,,,,
1789011097.661687,347472,f,,,,,,
1789011097.661687,347483,f,,,,,,
1789011097.661687,329493,f,,,,,,
1789011097.661687,330086,f,,,,,,
1789011097.661687,329815,f,,,,,,
1789011097.661687,331274,f,,,,,,
1789011097.661687,329513,f,,,,,,
1789011097.661687,347482,f,,,,,,
1789011097.661687,331519,f,,,,,,
1789011097.661687,330665,f,,,,,,
1789011097.661687,329503,f,,,,,,
1789011097.661687,331074,f,,,,,,
1789011097.661687,347471,f,,,,,,
1789011097.661687,330801,f,,,,,,
1789011097.661687,347464,f,,,,,,
1789011097.661687,329511,f,,,,,,
1789011097.661687,329512,f,,,,,,
1789011097.661687,329519,f,,,,,,
1789011097.661687,330182,f,,,,,,
1789011097.661687,347457,f,,,,,,
1789011097.661687,330978,f,,,,,,
1789011097.661687,347479,f,,,,,,
1789011097.661687,330292,f,,,,,,
1789011097.661687,329547,f,,,,,,
1789011097.661687,329510,f,,,,,,
1789011097.661687,347458,f,,,,,,
1789011097.661687,329504,f,,,,,,
1789011097.661687,331711,f,,,,,,
1789011097.661687,329588,f,,,,,,
1789011097.661687,347476,f,,,,,,
1789011097.661687,331398,f,,,,,,
1789011097.661687,329508,f,,,,,,
1789011097.661687,347475,f,,,,,,
1789011097.661687,347480,f,,,,,,
1789011097.661687,330534,f,,,,,,
1789011097.661687,347477,f,,,,,,
1789011097.661687,329502,f,,,,,,
1789011097.661687,329568,f,,,,,,
1789011097.661687,347467,f,,,,,,
1789011097.661687,347461,f,,,,,,
1789011097.661687,329506,f,,,,,,
1789011097.661687,347463,f,,,,,,
1789011097.661687,347452,f,,,,,,
1789011097.661687,329501,f,,,,,,
1789011097.661687,347465,f,,,,,,
1789011097.661687,329976,f,,,,,,
1789011097.661687,347459,f,,,,,,
1789011097.661687,329726,f,,,,,,
1789011097.661687,347473,f,,,,,,
1789011097.661687,347451,f,,,,,,
1789011097.661687,347486,f,,,,,,
1789011157.761162,331148,f,,,,,,
1789011157.761162,351705,f,,,,,,
1789011157.761162,351714,f,,,,,,
1789011157.761162,351706,f,,,,,,
1789011157.761162,329500,f,,,,,,
1789011157.761162,351734,f,,,,,,
1789011157.761162,351716,f,,,,,,
1789011157.761162,351744,f,,,,,,
1789011157.761162,329499,f,,,,,,
1789011157.761162,330421,f,,,,,,
1789011157.761162,329509,f,,,,,,
1789011157.761162,329537,f,,,,,,
1789011157.761162,329620,f,,,,,,
1789011157.761162,329505,f,,,,,,
1789011157.761162,351728,f,,,,,,
1789011157.761162,351709,f,,,,,,
1789011157.761162,329507,f,,,,,,
1789011157.761162,351711,f,,,,,,
1789011157.761162,329885,f,,,,,,
1789011157.761162,329666,f,,,,,,
1789011157.761162,351723,f,,,,,,
1789011157.761162,329493,f,,,,,,
1789011157.761162,330086,f,,,,,,
1789011157.761162,329815,f,,,,,,
1789011157.761162,331274,f,,,,,,
1789011157.761162,329513,f,,,,,,
1789011157.761162,331519,f,,,,,,
1789011157.761162,351730,f,,,,,,
1789011157.761162,330665,f,,,,,,
1789011157.761162,329503,f,,,,,,
1789011157.761162,351737,f,,,,,,
1789011157.761162,351710,f,,,,,,
1789011157.761162,331074,f,,,,,,
1789011157.761162,330801,f,,,,,,
1789011157.761162,351743,f,,,,,,
1789011157.761162,329511,f,,,,,,
1789011157.761162,329512,f,,,,,,
1789011157.761162,329519,f,,,,,,
1789011157.761162,330182,f,,,,,,
1789011157.761162,351741,f,,,,,,
1789011157.761162,330978,f,,,,,,
1789011157.761162,351715,f,,,,,,
1789011157.761162,351726,f,,,,,,
1789011157.761162,351721,f,,,,,,
1789011157.761162,351742,f,,,,,,
1789011157.761162,351736,f,,,,,,
1789011157.761162,330292,f,,,,,,
1789011157.761162,329547,f,,,,,,
1789011157.761162,329510,f,,,,,,
1789011157.761162,329504,f,,,,,,
1789011157.761162,331711,f,,,,,,
1789011157.761162,329588,f,,,,,,
1789011157.761162,331398,f,,,,,,
1789011157.761162,329508,f,,,,,,
1789011157.761162,351729,f,,,,,,
1789011157.761162,351739,f,,,,,,
1789011157.761162,330534,f,,,,,,
1789011157.761162,351720,f,,,,,,
1789011157.761162,351740,f,,,,,,
1789011157.761162,329502,f,,,,,,
1789011157.761162,329568,f,,,,,,
1789011157.761162,351719,f,,,,,,
1789011157.761162,351718,f,,,,,,
1789011157.761162,351732,f,,,,,,
1789011157.761162,329506,f,,,,,,
1789011157.761162,351738,f,,,,,,
1789011157.761162,351708,f,,,,,,
1789011157.761162,351717,f,,,,,,
1789011157.761162,351735,f,,,,,,
1789011157.761162,351727,f,,,,,,
1789011157.761162,329501,f,,,,,,
1789011157.761162,329976,f,,,,,,
1789011157.761162,351731,f,,,,,,
1789011157.761162,329726,f,,,,,,
1789011157.761162,351713,f,,,,,,
1789011157.761162,351707,f,,,,,,
1789011157.761162,351722,f,,,,,,
1789011218.491228,331148,f,,,,,,
1789011218.491228,329500,f,,,,,,
1789011218.491228,356151,f,,,,,,
1789011218.491228,356164,f,,,,,,
1789011218.491228,356159,f,,,,,,
1789011218.491228,329499,f,,,,,,
1789011218.491228,330421,f,,,,,,
1789011218.491228,329509,f,,,,,,
1789011218.491228,329537,f,,,,,,
1789011218.491228,329620,f,,,,,,
1789011218.491228,329505,f,,,,,,
1789011218.491228,356161,f,,,,,,
1789011218.491228,329507,f,,,,,,
1789011218.491228,329885,f,,,,,,
1789011218.491228,329666,f,,,,,,
1789011218.491228,356153,f,,,,,,
1789011218.491228,329493,f,,,,,,
1789011218.491228,330086,f,,,,,,
1789011218.491228,329815,f,,,,,,
1789011218.491228,331274,f,,,,,,
1789011218.491228,329513,f,,,,,,
1789011218.491228,331519,f,,,,,,
1789011218.491228,330665,f,,,,,,
1789011218.491228,329503,f,,,,,,
1789011218.491228,331074,f,,,,,,
1789011218.491228,356165,f,,,,,,
1789011218.491228,356155,f,,,,,,
1789011218.491228,330801,f,,,,,,
1789011218.491228,329511,f,,,,,,
1789011218.491228,329512,f,,,,,,
1789011218.491228,329519,f,,,,,,
1789011218.491228,330182,f,,,,,,
1789011218.491228,330978,f,,,,,,
1789011218.491228,356158,f,,,,,,
1789011218.491228,330292,f,,,,,,
1789011218.491228,329547,f,,,,,,
1789011218.491228,329510,f,,,,,,
1789011218.491228,329504,f,,,,,,
1789011218.491228,331711,f,,,,,,
1789011218.491228,329588,f,,,,,,
1789011218.491228,331398,f,,,,,,
1789011218.491228,329508,f,,,,,,
1789011218.491228,356160,f,,,,,,
1789011218.491228,356163,f,,,,,,
1789011218.491228,330534,f,,,,,,
1789011218.491228,329502,f,,,,,,
1789011218.491228,329568,f,,,,,,
1789011218.491228,329506,f,,,,,,
1789011218.491228,329501,f,,,,,,
1789011218.491228,329976,f,,,,,,
1789011218.491228,329726,f,,,,,,
1789011218.491228,356162,f,,,,,,
1789011277.574132,331148,f,,,,,,
1789011277.574132,329500,f,,,,,,
1789011277.574132,360441,f,,,,,,
1789011277.574132,360451,f,,,,,,
1789011277.574132,360438,f,,,,,,
1789011277.574132,360437,f,,,,,,
1789011277.574132,329499,f,,,,,,
1789011277.574132,360455,f,,,,,,
1789011277.574132,330421,f,,,,,,
1789011277.574132,329509,f,,,,,,
1789011277.574132,329537,f,,,,,,
1789011277.574132,329620,f,,,,,,
1789011277.574132,329505,f,,,,,,
1789011277.574132,360436,f,,,,,,
1789011277.574132,360452,f,,,,,,
1789011277.574132,329507,f,,,,,,
1789011277.574132,329885,f,,,,,,
1789011277.574132,329666,f,,,,,,
1789011277.574132,360449,f,,,,,,
1789011277.574132,360448,f,,,,,,
1789011277.574132,360453,f,,,,,,
1789011277.574132,360445,f,,,,,,
1789011277.574132,329493,f,,,,,,
1789011277.574132,330086,f,,,,,,
1789011277.574132,329815,f,,,,,,
1789011277.574132,331274,f,,,,,,
1789011277.574132,329513,f,,,,,,
1789011277.574132,331519,f,,,,,,
1789011277.574132,360424,f,,,,,,
1789011277.574132,330665,f,,,,,,
1789011277.574132,329503,f,,,,,,
1789011277.574132,331074,f,,,,,,
1789011277.574132,330801,f,,,,,,
1789011277.574132,360444,f,,,,,,
1789011277.574132,329511,f,,,,,,
1789011277.574132,329512,f,,,,,,
1789011277.574132,329519,f,,,,,,
1789011277.574132,330182,f,,,,,,
1789011277.574132,360456,f,,,,,,
1789011277.574132,360442,f,,,,,,
1789011277.574132,330978,f,,,,,,
1789011277.574132,360430,f,,,,,,
1789011277.574132,360431,f,,,,,,
1789011277.574132,330292,f,,,,,,
1789011277.574132,329547,f,,,,,,
1789011277.574132,329510,f,,,,,,
1789011277.574132,360457,f,,,,,,
1789011277.574132,329504,f,,,,,,
1789011277.574132,360422,f,,,,,,
1789011277.574132,331711,f,,,,,,
1789011277.574132,360435,f,,,,,,
1789011277.574132,329588,f,,,,,,
1789011277.574132,331398,f,,,,,,
1789011277.574132,329508,f,,,,,,
1789011277.574132,360433,f,,,,,,
1789011277.574132,360434,f,,,,,,
1789011277.574132,360440,f,,,,,,
1789011277.574132,360432,f,,,,,,
1789011277.574132,330534,f,,,,,,
1789011277.574132,329502,f,,,,,,
1789011277.574132,329568,f,,,,,,
1789011277.574132,329506,f,,,,,,
1789011277.574132,329501,f,,,,,,
1789011277.574132,329976,f,,,,,,
1789011277.574132,360425,f,,,,,,
1789011277.574132,360420,f,,,,,,
1789011277.574132,360443,f,,,,,,
1789011277.574132,329726,f,,,,,,
1789011277.574132,360439,f,,,,,,
1789011277.574132,360423,f,,,,,,
1789011337.720279,331148,f,,,,,,
1789011337.720279,364769,f,,,,,,
1789011337.720279,364765,f,,,,,,
1789011337.720279,329500,f,,,,,,
1789011337.720279,364784,f,,,,,,
1789011337.720279,364772,f,,,,,,
1789011337.720279,364785,f,,,,,,
1789011337.720279,364767,f,,,,,,
1789011337.720279,364755,f,,,,,,
1789011337.720279,329499,f,,,,,,
1789011337.720279,364773,f,,,,,,
1789011337.720279,330421,f,,,,,,
1789011337.720279,364778,f,,,,,,
1789011337.720279,364764,f,,,,,,
1789011337.720279,364752,f,,,,,,
1789011337.720279,329509,f,,,,,,
1789011337.720279,364789,f,,,,,,
1789011337.720279,329537,f,,,,,,
1789011337.720279,364788,f,,,,,,
1789011337.720279,364782,f,,,,,,
1789011337.720279,364754,f,,,,,,
1789011337.720279,364779,f,,,,,,
1789011337.720279,364775,f,,,,,,
1789011337.720279,329620,f,,,,,,
1789011337.720279,329505,f,,,,,,
1789011337.720279,329507,f,,,,,,
1789011337.720279,329885,f,,,,,,
1789011337.720279,329666,f,,,,,,
1789011337.720279,329493,f,,,,,,
1789011337.720279,330086,f,,,,,,
1789011337.720279,329815,f,,,,,,
1789011337.720279,331274,f,,,,,,
1789011337.720279,329513,f,,,,,,
1789011337.720279,331519,f,,,,,,
1789011337.720279,330665,f,,,,,,
1789011337.720279,364762,f,,,,,,
1789011337.720279,329503,f,,,,,,
1789011337.720279,331074,f,,,,,,
1789011337.720279,330801,f,,,,,,
1789011337.720279,329511,f,,,,,,
1789011337.720279,329512,f,,,,,,
1789011337.720279,329519,f,,,,,,
1789011337.720279,330182,f,,,,,,
1789011337.720279,364766,f,,,,,,
1789011337.720279,364770,f,,,,,,
1789011337.720279,330978,f,,,,,,
1789011337.720279,364756,f,,,,,,
1789011337.720279,330292,f,,,,,,
1789011337.720279,329547,f,,,,,,
1789011337.720279,329510,f,,,,,,
1789011337.720279,329504,f,,,,,,
1789011337.720279,331711,f,,,,,,
1789011337.720279,329588,f,,,,,,
1789011337.720279,364787,f,,,,,,
1789011337.720279,364758,f,,,,,,
1789011337.720279,331398,f,,,,,,
1789011337.720279,329508,f,,,,,,
1789011337.720279,364774,f,,,,,,
1789011337.720279,364781,f,,,,,,
1789011337.720279,330534,f,,,,,,
1789011337.720279,364776,f,,,,,,
1789011337.720279,364783,f,,,,,,
1789011337.720279,329502,f,,,,,,
1789011337.720279,329568,f,,,,,,
1789011337.720279,364777,f,,,,,,
1789011337.720279,329506,f,,,,,,
1789011337.720279,364759,f,,,,,,
1789011337.720279,364763,f,,,,,,
1789011337.720279,329501,f,,,,,,
1789011337.720279,329976,f,,,,,,
1789011337.720279,364786,f,,,,,,
1789011337.720279,364768,f,,,,,,
1789011337.720279,364753,f,,,,,,
1789011337.720279,329726,f,,,,,,
1789011337.720279,364757,f,,,,,,
1789011337.720279,364760,f,,,,,,
1789011397.817450,331148,f,,,,,,
1789011397.817450,369383,f,,,,,,
1789011397.817450,369408,f,,,,,,
1789011397.817450,369374,f,,,,,,
1789011397.817450,329500,f,,,,,,
1789011397.817450,369410,f,,,,,,
1789011397.817450,369377,f,,,,,,
1789011397.817450,369398,f,,,,,,
1789011397.817450,369381,f,,,,,,
1789011397.817450,369405,f,,,,,,
1789011397.817450,369412,f,,,,,,
1789011397.817450,369406,f,,,,,,
1789011397.817450,329499,f,,,,,,
1789011397.817450,369407,f,,,,,,
1789011397.817450,369376,f,,,,,,
1789011397.817450,330421,f,,,,,,
1789011397.817450,369396,f,,,,,,
1789011397.817450,329509,f,,,,,,
1789011397.817450,369380,f,,,,,,
1789011397.817450,369394,f,,,,,,
1789011397.817450,329537,f,,,,,,
1789011397.817450,329620,f,,,,,,
1789011397.817450,369411,f,,,,,,
1789011397.817450,329505,f,,,,,,
1789011397.817450,329507,f,,,,,,
1789011397.817450,329885,f,,,,,,
1789011397.817450,329666,f,,,,,,
1789011397.817450,369397,f,,,,,,
1789011397.817450,329493,f,,,,,,
1789011397.817450,330086,f,,,,,,
1789011397.817450,329815,f,,,,,,
1789011397.817450,369387,f,,,,,,
1789011397.817450,331274,f,,,,,,
1789011397.817450,329513,f,,,,,,
1789011397.817450,331519,f,,,,,,
1789011397.817450,369409,f,,,,,,
1789011397.817450,330665,f,,,,,,
1789011397.817450,329503,f,,,,,,
1789011397.817450,369399,f,,,,,,
1789011397.817450,331074,f,,,,,,
1789011397.817450,330801,f,,,,,,
1789011397.817450,329511,f,,,,,,
1789011397.817450,329512,f,,,,,,
1789011397.817450,329519,f,,,,,,
1789011397.817450,330182,f,,,,,,
1789011397.817450,330978,f,,,,,,
1789011397.817450,369400,f,,,,,,
1789011397.817450,369391,f,,,,,,
1789011397.817450,330292,f,,,,,,
1789011397.817450,369373,f,,,,,,
1789011397.817450,329547,f,,,,,,
1789011397.817450,329510,f,,,,,,
1789011397.817450,369393,f,,,,,,
1789011397.817450,329504,f,,,,,,
1789011397.817450,331711,f,,,,,,
1789011397.817450,329588,f,,,,,,
1789011397.817450,369403,f,,,,,,
1789011397.817450,331398,f,,,,,,
1789011397.817450,369402,f,,,,,,
1789011397.817450,329508,f,,,,,,
1789011397.817450,330534,f,,,,,,
1789011397.817450,369395,f,,,,,,
1789011397.817450,369404,f,,,,,,
1789011397.817450,329502,f,,,,,,
1789011397.817450,329568,f,,,,,,
1789011397.817450,369382,f,,,,,,
1789011397.817450,329506,f,,,,,,
1789011397.817450,329501,f,,,,,,
1789011397.817450,329976,f,,,,,,
1789011397.817450,329726,f,,,,,,
1789011397.817450,369390,f,,,,,,
1789011397.817450,369379,f,,,,,,
1789011397.817450,369378,f,,,,,,
1789011397.817450,369375,f,,,,,,
1789011457.903546,331148,f,,,,,,
1789011457.903546,373869,f,,,,,,
1789011457.903546,329500,f,,,,,,
1789011457.903546,373885,f,,,,,,
1789011457.903546,373877,f,,,,,,
1789011457.903546,373880,f,,,,,,
1789011457.903546,373889,f,,,,,,
1789011457.903546,329499,f,,,,,,
1789011457.903546,330421,f,,,,,,
1789011457.903546,329509,f,,,,,,
1789011457.903546,373894,f,,,,,,
1789011457.903546,329537,f,,,,,,
1789011457.903546,329620,f,,,,,,
1789011457.903546,329505,f,,,,,,
1789011457.903546,373883,f,,,,,,
1789011457.903546,329507,f,,,,,,
1789011457.903546,329885,f,,,,,,
1789011457.903546,329666,f,,,,,,
1789011457.903546,373876,f,,,,,,
1789011457.903546,329493,f,,,,,,
1789011457.903546,330086,f,,,,,,
1789011457.903546,329815,f,,,,,,
1789011457.903546,331274,f,,,,,,
1789011457.903546,329513,f,,,,,,
1789011457.903546,331519,f,,,,,,
1789011457.903546,330665,f,,,,,,
1789011457.903546,329503,f,,,,,,
1789011457.903546,373882,f,,,,,,
1789011457.903546,331074,f,,,,,,
1789011457.903546,330801,f,,,,,,
1789011457.903546,373886,f,,,,,,
1789011457.903546,329511,f,,,,,,
1789011457.903546,329512,f,,,,,,
1789011457.903546,329519,f,,,,,,
1789011457.903546,330182,f,,,,,,
1789011457.903546,373884,f,,,,,,
1789011457.903546,373891,f,,,,,,
1789011457.903546,330978,f,,,,,,
1789011457.903546,373872,f,,,,,,
1789011457.903546,373896,f,,,,,,
1789011457.903546,330292,f,,,,,,
1789011457.903546,373868,f,,,,,,
1789011457.903546,329547,f,,,,,,
1789011457.903546,329510,f,,,,,,
1789011457.903546,373902,f,,,,,,
1789011457.903546,329504,f,,,,,,
1789011457.903546,331711,f,,,,,,
1789011457.903546,329588,f,,,,,,
1789011457.903546,331398,f,,,,,,
1789011457.903546,329508,f,,,,,,
1789011457.903546,330534,f,,,,,,
1789011457.903546,373901,f,,,,,,
1789011457.903546,329502,f,,,,,,
1789011457.903546,329568,f,,,,,,
1789011457.903546,373879,f,,,,,,
1789011457.903546,329506,f,,,,,,
1789011457.903546,373874,f,,,,,,
1789011457.903546,373898,f,,,,,,
1789011457.903546,329501,f,,,,,,
1789011457.903546,329976,f,,,,,,
1789011457.903546,329726,f,,,,,,
1789011457.903546,373892,f,,,,,,
1789011457.903546,373895,f,,,,,,
1789011457.903546,373888,f,,,,,,
1789011457.903546,373899,f,,,,,,
1789011457.903546,373900,f,,,,,,
1789011457.903546,373890,f,,,,,,
1789011457.903546,373867,f,,,,,,
1789011457.903546,373893,f,,,,,,
1789011457.903546,373870,f,,,,,,
1789011518.014075,331148,f,,,,,,
1789011518.014075,378496,f,,,,,,
1789011518.014075,378480,f,,,,,,
1789011518.014075,329500,f,,,,,,
1789011518.014075,378466,f,,,,,,
1789011518.014075,378468,f,,,,,,
1789011518.014075,329499,f,,,,,,
1789011518.014075,378483,f,,,,,,
1789011518.014075,330421,f,,,,,,
1789011518.014075,378481,f,,,,,,
1789011518.014075,329509,f,,,,,,
1789011518.014075,378478,f,,,,,,
1789011518.014075,329537,f,,,,,,
1789011518.014075,378479,f,,,,,,
1789011518.014075,329620,f,,,,,,
1789011518.014075,329505,f,,,,,,
1789011518.014075,329507,f,,,,,,
1789011518.014075,329885,f,,,,,,
1789011518.014075,329666,f,,,,,,
1789011518.014075,329493,f,,,,,,
1789011518.014075,330086,f,,,,,,
1789011518.014075,329815,f,,,,,,
1789011518.014075,331274,f,,,,,,
1789011518.014075,329513,f,,,,,,
1789011518.014075,331519,f,,,,,,
1789011518.014075,378472,f,,,,,,
1789011518.014075,330665,f,,,,,,
1789011518.014075,329503,f,,,,,,
1789011518.014075,378495,f,,,,,,
1789011518.014075,331074,f,,,,,,
1789011518.014075,378498,f,,,,,,
1789011518.014075,330801,f,,,,,,
1789011518.014075,378489,f,,,,,,
1789011518.014075,329511,f,,,,,,
1789011518.014075,329512,f,,,,,,
1789011518.014075,329519,f,,,,,,
1789011518.014075,330182,f,,,,,,
1789011518.014075,378467,f,,,,,,
1789011518.014075,330978,f,,,,,,
1789011518.014075,378484,f,,,,,,
1789011518.014075,330292,f,,,,,,
1789011518.014075,378497,f,,,,,,
1789011518.014075,378490,f,,,,,,
1789011518.014075,329547,f,,,,,,
1789011518.014075,329510,f,,,,,,
1789011518.014075,329504,f,,,,,,
1789011518.014075,378485,f,,,,,,
1789011518.014075,331711,f,,,,,,
1789011518.014075,329588,f,,,,,,
1789011518.014075,378488,f,,,,,,
1789011518.014075,378491,f,,,,,,
1789011518.014075,331398,f,,,,,,
1789011518.014075,329508,f,,,,,,
1789011518.014075,330534,f,,,,,,
1789011518.014075,378494,f,,,,,,
1789011518.014075,329502,f,,,,,,
1789011518.014075,329568,f,,,,,,
1789011518.014075,329506,f,,,,,,
1789011518.014075,329501,f,,,,,,
1789011518.014075,329976,f,,,,,,
1789011518.014075,378493,f,,,,,,
1789011518.014075,378492,f,,,,,,
1789011518.014075,329726,f,,,,,,
1789011518.014075,378487,f,,,,,,
1789011518.014075,378470,f,,,,,,
1789011577.094090,331148,f,,,,,,
1789011577.094090,383081,f,,,,,,
1789011577.094090,329500,f,,,,,,
1789011577.094090,383104,f,,,,,,
1789011577.094090,383095,f,,,,,,
1789011577.094090,383100,f,,,,,,
1789011577.094090,383091,f,,,,,,
1789011577.094090,383096,f,,,,,,
1789011577.094090,329499,f,,,,,,
1789011577.094090,383101,f,,,,,,
1789011577.094090,330421,f,,,,,,
1789011577.094090,383109,f,,,,,,
1789011577.094090,329509,f,,,,,,
1789011577.094090,383077,f,,,,,,
1789011577.094090,383086,f,,,,,,
1789011577.094090,329537,f,,,,,,
1789011577.094090,383098,f,,,,,,
1789011577.094090,329620,f,,,,,,
1789011577.094090,383094,f,,,,,,
1789011577.094090,329505,f,,,,,,
1789011577.094090,383075,f,,,,,,
1789011577.094090,329507,f,,,,,,
1789011577.094090,329885,f,,,,,,
1789011577.094090,329666,f,,,,,,
1789011577.094090,329493,f,,,,,,
1789011577.094090,330086,f,,,,,,
1789011577.094090,329815,f,,,,,,
1789011577.094090,331274,f,,,,,,
1789011577.094090,329513,f,,,,,,
1789011577.094090,331519,f,,,,,,
1789011577.094090,330665,f,,,,,,
1789011577.094090,329503,f,,,,,,
1789011577.094090,383085,f,,,,,,
1789011577.094090,383090,f,,,,,,
1789011577.094090,383087,f,,,,,,
1789011577.094090,331074,f,,,,,,
1789011577.094090,330801,f,,,,,,
1789011577.094090,383088,f,,,,,,
1789011577.094090,329511,f,,,,,,
1789011577.094090,383076,f,,,,,,
1789011577.094090,383099,f,,,,,,
1789011577.094090,329512,f,,,,,,
1789011577.094090,329519,f,,,,,,
1789011577.094090,330182,f,,,,,,
1789011577.094090,383097,f,,,,,,
1789011577.094090,330978,f,,,,,,
1789011577.094090,330292,f,,,,,,
1789011577.094090,383107,f,,,,,,
1789011577.094090,329547,f,,,,,,
1789011577.094090,329510,f,,,,,,
1789011577.094090,383083,f,,,,,,
1789011577.094090,383084,f,,,,,,
1789011577.094090,329504,f,,,,,,
1789011577.094090,331711,f,,,,,,
1789011577.094090,383102,f,,,,,,
1789011577.094090,329588,f,,,,,,
1789011577.094090,383105,f,,,,,,
1789011577.094090,331398,f,,,,,,
1789011577.094090,329508,f,,,,,,
1789011577.094090,383092,f,,,,,,
1789011577.094090,330534,f,,,,,,
1789011577.094090,329502,f,,,,,,
1789011577.094090,329568,f,,,,,,
1789011577.094090,329506,f,,,,,,
1789011577.094090,383079,f,,,,,,
1789011577.094090,329501,f,,,,,,
1789011577.094090,329976,f,,,,,,
1789011577.094090,329726,f,,,,,,
1789011577.094090,383089,f,,,,,,
1789011577.094090,383093,f,,,,,,
1789011577.094090,383103,f,,,,,,
1789011637.204727,331148,f,,,,,,
1789011637.204727,387772,f,,,,,,
1789011637.204727,329500,f,,,,,,
1789011637.204727,387764,f,,,,,,
1789011637.204727,387756,f,,,,,,
1789011637.204727,329499,f,,,,,,
1789011637.204727,387775,f,,,,,,
1789011637.204727,330421,f,,,,,,
1789011637.204727,387761,f,,,,,,
1789011637.204727,387753,f,,,,,,
1789011637.204727,329509,f,,,,,,
1789011637.204727,387770,f,,,,,,
1789011637.204727,329537,f,,,,,,
1789011637.204727,387769,f,,,,,,
1789011637.204727,387763,f,,,,,,
1789011637.204727,387773,f,,,,,,
1789011637.204727,329620,f,,,,,,
1789011637.204727,387789,f,,,,,,
1789011637.204727,387757,f,,,,,,
1789011637.204727,329505,f,,,,,,
1789011637.204727,387771,f,,,,,,
1789011637.204727,329507,f,,,,,,
1789011637.204727,329885,f,,,,,,
1789011637.204727,329666,f,,,,,,
1789011637.204727,387782,f,,,,,,
1789011637.204727,387783,f,,,,,,
1789011637.204727,387750,f,,,,,,
1789011637.204727,329493,f,,,,,,
1789011637.204727,330086,f,,,,,,
1789011637.204727,329815,f,,,,,,
1789011637.204727,331274,f,,,,,,
1789011637.204727,329513,f,,,,,,
1789011637.204727,331519,f,,,,,,
1789011637.204727,330665,f,,,,,,
1789011637.204727,329503,f,,,,,,
1789011637.204727,387777,f,,,,,,
1789011637.204727,387768,f,,,,,,
1789011637.204727,387778,f,,,,,,
1789011637.204727,387784,f,,,,,,
1789011637.204727,331074,f,,,,,,
1789011637.204727,330801,f,,,,,,
1789011637.204727,387767,f,,,,,,
1789011637.204727,329511,f,,,,,,
1789011637.204727,329512,f,,,,,,
1789011637.204727,329519,f,,,,,,
1789011637.204727,330182,f,,,,,,
1789011637.204727,387760,f,,,,,,
1789011637.204727,387776,f,,,,,,
1789011637.204727,387765,f,,,,,,
1789011637.204727,330978,f,,,,,,
1789011637.204727,330292,f,,,,,,
1789011637.204727,387786,f,,,,,,
1789011637.204727,387766,f,,,,,,
1789011637.204727,329547,f,,,,,,
1789011637.204727,329510,f,,,,,,
1789011637.204727,329504,f,,,,,,
1789011637.204727,331711,f,,,,,,
1789011637.204727,329588,f,,,,,,
1789011637.204727,331398,f,,,,,,
1789011637.204727,329508,f,,,,,,
1789011637.204727,387781,f,,,,,,
1789011637.204727,330534,f,,,,,,
1789011637.204727,387780,f,,,,,,
1789011637.204727,387774,f,,,,,,
1789011637.204727,329502,f,,,,,,
1789011637.204727,387788,f,,,,,,
1789011637.204727,329568,f,,,,,,
1789011637.204727,387785,f,,,,,,
1789011637.204727,387779,f,,,,,,
1789011637.204727,329506,f,,,,,,
1789011637.204727,387755,f,,,,,,
1789011637.204727,329501,f,,,,,,
1789011637.204727,329976,f,,,,,,
1789011637.204727,387787,f,,,,,,
1789011637.204727,387762,f,,,,,,
1789011637.204727,329726,f,,,,,,
1789011637.204727,387754,f,,,,,,
1789011697.299065,331148,f,,,,,,
1789011697.299065,329500,f,,,,,,
1789011697.299065,392458,f,,,,,,
1789011697.299065,392461,f,,,,,,
1789011697.299065,392459,f,,,,,,
1789011697.299065,392435,f,,,,,,
1789011697.299065,329499,f,,,,,,
1789011697.299065,392441,f,,,,,,
1789011697.299065,330421,f,,,,,,
1789011697.299065,329509,f,,,,,,
1789011697.299065,392432,f,,,,,,
1789011697.299065,392455,f,,,,,,
1789011697.299065,329537,f,,,,,,
1789011697.299065,392460,f,,,,,,
1789011697.299065,392427,f,,,,,,
1789011697.299065,392449,f,,,,,,
1789011697.299065,392443,f,,,,,,
1789011697.299065,329620,f,,,,,,
1789011697.299065,329505,f,,,,,,
1789011697.299065,392444,f,,,,,,
1789011697.299065,392429,f,,,,,,
1789011697.299065,392439,f,,,,,,
1789011697.299065,329507,f,,,,,,
1789011697.299065,329885,f,,,,,,
1789011697.299065,329666,f,,,,,,
1789011697.299065,392425,f,,,,,,
1789011697.299065,392466,f,,,,,,
1789011697.299065,392442,f,,,,,,
1789011697.299065,329493,f,,,,,,
1789011697.299065,330086,f,,,,,,
1789011697.299065,392447,f,,,,,,
1789011697.299065,329815,f,,,,,,
1789011697.299065,331274,f,,,,,,
1789011697.299065,329513,f,,,,,,
1789011697.299065,392451,f,,,,,,
1789011697.299065,331519,f,,,,,,
1789011697.299065,392445,f,,,,,,
1789011697.299065,330665,f,,,,,,
1789011697.299065,329503,f,,,,,,
1789011697.299065,392430,f,,,,,,
1789011697.299065,331074,f,,,,,,
1789011697.299065,392452,f,,,,,,
1789011697.299065,330801,f,,,,,,
1789011697.299065,392450,f,,,,,,
1789011697.299065,329511,f,,,,,,
1789011697.299065,329512,f,,,,,,
1789011697.299065,329519,f,,,,,,
1789011697.299065,330182,f,,,,,,
1789011697.299065,392426,f,,,,,,
1789011697.299065,330978,f,,,,,,
1789011697.299065,392433,f,,,,,,
1789011697.299065,330292,f,,,,,,
1789011697.299065,329547,f,,,,,,
1789011697.299065,329510,f,,,,,,
1789011697.299065,392446,f,,,,,,
1789011697.299065,329504,f,,,,,,
1789011697.299065,331711,f,,,,,,
1789011697.299065,329588,f,,,,,,
1789011697.299065,392454,f,,,,,,
1789011697.299065,392440,f,,,,,,
1789011697.299065,331398,f,,,,,,
1789011697.299065,329508,f,,,,,,
1789011697.299065,392431,f,,,,,,
1789011697.299065,392462,f,,,,,,
1789011697.299065,330534,f,,,,,,
1789011697.299065,329502,f,,,,,,
1789011697.299065,329568,f,,,,,,
1789011697.299065,329506,f,,,,,,
1789011697.299065,329501,f,,,,,,
1789011697.299065,329976,f,,,,,,
1789011697.299065,392463,f,,,,,,
1789011697.299065,392448,f,,,,,,
1789011697.299065,329726,f,,,,,,
1789011697.299065,392464,f,,,,,,
1789011697.299065,392434,f,,,,,,
1789011697.299065,392453,f,,,,,,
1789011697.299065,392465,f,,,,,,
1789011757.417660,331148,f,,,,,,
1789011757.417660,397139,f,,,,,,
1789011757.417660,329500,f,,,,,,
1789011757.417660,397152,f,,,,,,
1789011757.417660,397138,f,,,,,,
1789011757.417660,397130,f,,,,,,
1789011757.417660,329499,f,,,,,,
1789011757.417660,330421,f,,,,,,
1789011757.417660,329509,f,,,,,,
1789011757.417660,329537,f,,,,,,
1789011757.417660,397153,f,,,,,,
1789011757.417660,397117,f,,,,,,
1789011757.417660,397125,f,,,,,,
1789011757.417660,397149,f,,,,,,
1789011757.417660,329620,f,,,,,,
1789011757.417660,329505,f,,,,,,
1789011757.417660,397145,f,,,,,,
1789011757.417660,397142,f,,,,,,
1789011757.417660,397122,f,,,,,,
1789011757.417660,329507,f,,,,,,
1789011757.417660,397140,f,,,,,,
1789011757.417660,329885,f,,,,,,
1789011757.417660,329666,f,,,,,,
1789011757.417660,397121,f,,,,,,
1789011757.417660,329493,f,,,,,,
1789011757.417660,330086,f,,,,,,
1789011757.417660,397141,f,,,,,,
1789011757.417660,329815,f,,,,,,
1789011757.417660,331274,f,,,,,,
1789011757.417660,329513,f,,,,,,
1789011757.417660,397129,f,,,,,,
1789011757.417660,331519,f,,,,,,
1789011757.417660,330665,f,,,,,,
1789011757.417660,329503,f,,,,,,
1789011757.417660,397123,f,,,,,,
1789011757.417660,397151,f,,,,,,
1789011757.417660,397154,f,,,,,,
1789011757.417660,331074,f,,,,,,
1789011757.417660,330801,f,,,,,,
1789011757.417660,397136,f,,,,,,
1789011757.417660,397137,f,,,,,,
1789011757.417660,329511,f,,,,,,
1789011757.417660,329512,f,,,,,,
1789011757.417660,329519,f,,,,,,
1789011757.417660,330182,f,,,,,,
1789011757.417660,397133,f,,,,,,
1789011757.417660,330978,f,,,,,,
1789011757.417660,330292,f,,,,,,
1789011757.417660,329547,f,,,,,,
1789011757.417660,329510,f,,,,,,
1789011757.417660,329504,f,,,,,,
1789011757.417660,331711,f,,,,,,
1789011757.417660,329588,f,,,,,,
1789011757.417660,331398,f,,,,,,
1789011757.417660,329508,f,,,,,,
1789011757.417660,397143,f,,,,,,
1789011757.417660,330534,f,,,,,,
1789011757.417660,329502,f,,,,,,
1789011757.417660,329568,f,,,,,,
1789011757.417660,397126,f,,,,,,
1789011757.417660,397148,f,,,,,,
1789011757.417660,329506,f,,,,,,
1789011757.417660,397120,f,,,,,,
1789011757.417660,397128,f,,,,,,
1789011757.417660,329501,f,,,,,,
1789011757.417660,329976,f,,,,,,
1789011757.417660,397147,f,,,,,,
1789011757.417660,329726,f,,,,,,
1789011757.417660,397131,f,,,,,,
1789011757.417660,397146,f,,,,,,
1789011757.417660,397144,f,,,,,,
1789011817.533746,331148,f,,,,,,
1789011817.533746,401649,f,,,,,,
1789011817.533746,329500,f,,,,,,
1789011817.533746,401645,f,,,,,,
1789011817.533746,329499,f,,,,,,
1789011817.533746,330421,f,,,,,,
1789011817.533746,329509,f,,,,,,
1789011817.533746,401642,f,,,,,,
1789011817.533746,401643,f,,,,,,
1789011817.533746,329537,f,,,,,,
1789011817.533746,401657,f,,,,,,
1789011817.533746,329620,f,,,,,,
1789011817.533746,329505,f,,,,,,
1789011817.533746,401648,f,,,,,,
1789011817.533746,329507,f,,,,,,
1789011817.533746,329885,f,,,,,,
1789011817.533746,401646,f,,,,,,
1789011817.533746,329666,f,,,,,,
1789011817.533746,401659,f,,,,,,
1789011817.533746,401658,f,,,,,,
1789011817.533746,329493,f,,,,,,
1789011817.533746,401650,f,,,,,,
1789011817.533746,330086,f,,,,,,
1789011817.533746,329815,f,,,,,,
1789011817.533746,331274,f,,,,,,
1789011817.533746,329513,f,,,,,,
1789011817.533746,331519,f,,,,,,
1789011817.533746,330665,f,,,,,,
1789011817.533746,329503,f,,,,,,
1789011817.533746,401621,f,,,,,,
1789011817.533746,331074,f,,,,,,
1789011817.533746,330801,f,,,,,,
1789011817.533746,401652,f,,,,,,
1789011817.533746,329511,f,,,,,,
1789011817.533746,329512,f,,,,,,
1789011817.533746,329519,f,,,,,,
1789011817.533746,330182,f,,,,,,
1789011817.533746,401656,f,,,,,,
1789011817.533746,330978,f,,,,,,
1789011817.533746,330292,f,,,,,,
1789011817.533746,401638,f,,,,,,
1789011817.533746,329547,f,,,,,,
1789011817.533746,329510,f,,,,,,
1789011817.533746,329504,f,,,,,,
1789011817.533746,331711,f,,,,,,
1789011817.533746,329588,f,,,,,,
1789011817.533746,401629,f,,,,,,
1789011817.533746,401655,f,,,,,,
1789011817.533746,331398,f,,,,,,
1789011817.533746,329508,f,,,,,,
1789011817.533746,330534,f,,,,,,
1789011817.533746,329502,f,,,,,,
1789011817.533746,329568,f,,,,,,
1789011817.533746,401644,f,,,,,,
1789011817.533746,329506,f,,,,,,
1789011817.533746,329501,f,,,,,,
1789011817.533746,329976,f,,,,,,
1789011817.533746,401641,f,,,,,,
1789011817.533746,329726,f,,,,,,
1789011817.533746,401647,f,,,,,,
1789011817.533746,401660,f,,,,,,
1789011877.610450,331148,f,,,,,,
1789011877.610450,406421,f,,,,,,
1789011877.610450,329500,f,,,,,,
1789011877.610450,329499,f,,,,,,
1789011877.610450,330421,f,,,,,,
1789011877.610450,329509,f,,,,,,
1789011877.610450,329537,f,,,,,,
1789011877.610450,406435,f,,,,,,
1789011877.610450,406428,f,,,,,,
1789011877.610450,329620,f,,,,,,
1789011877.610450,329505,f,,,,,,
1789011877.610450,329507,f,,,,,,
1789011877.610450,406438,f,,,,,,
1789011877.610450,406418,f,,,,,,
1789011877.610450,329885,f,,,,,,
1789011877.610450,329666,f,,,,,,
1789011877.610450,406429,f,,,,,,
1789011877.610450,329493,f,,,,,,
1789011877.610450,330086,f,,,,,,
1789011877.610450,329815,f,,,,,,
1789011877.610450,331274,f,,,,,,
1789011877.610450,329513,f,,,,,,
1789011877.610450,331519,f,,,,,,
1789011877.610450,330665,f,,,,,,
1789011877.610450,329503,f,,,,,,
1789011877.610450,331074,f,,,,,,
1789011877.610450,330801,f,,,,,,
1789011877.610450,406423,f,,,,,,
1789011877.610450,329511,f,,,,,,
1789011877.610450,406427,f,,,,,,
1789011877.610450,329512,f,,,,,,
1789011877.610450,329519,f,,,,,,
1789011877.610450,330182,f,,,,,,
1789011877.610450,330978,f,,,,,,
1789011877.610450,406432,f,,,,,,
1789011877.610450,330292,f,,,,,,
1789011877.610450,406417,f,,,,,,
1789011877.610450,329547,f,,,,,,
1789011877.610450,329510,f,,,,,,
1789011877.610450,329504,f,,,,,,
1789011877.610450,406430,f,,,,,,
1789011877.610450,331711,f,,,,,,
1789011877.610450,406431,f,,,,,,
1789011877.610450,329588,f,,,,,,
1789011877.610450,331398,f,,,,,,
1789011877.610450,329508,f,,,,,,
1789011877.610450,406437,f,,,,,,
1789011877.610450,330534,f,,,,,,
1789011877.610450,329502,f,,,,,,
1789011877.610450,329568,f,,,,,,
1789011877.610450,406422,f,,,,,,
1789011877.610450,406425,f,,,,,,
1789011877.610450,329506,f,,,,,,
1789011877.610450,329501,f,,,,,,
1789011877.610450,329976,f,,,,,,
1789011877.610450,406434,f,,,,,,
1789011877.610450,329726,f,,,,,,
1789011937.718927,331148,f,,,,,,
1789011937.718927,410916,f,,,,,,
1789011937.718927,410935,f,,,,,,
1789011937.718927,329500,f,,,,,,
1789011937.718927,410911,f,,,,,,
1789011937.718927,410921,f,,,,,,
1789011937.718927,410924,f,,,,,,
1789011937.718927,410925,f,,,,,,
1789011937.718927,329499,f,,,,,,
1789011937.718927,330421,f,,,,,,
1789011937.718927,329509,f,,,,,,
1789011937.718927,329537,f,,,,,,
1789011937.718927,410914,f,,,,,,
1789011937.718927,410929,f,,,,,,
1789011937.718927,329620,f,,,,,,
1789011937.718927,329505,f,,,,,,
1789011937.718927,410933,f,,,,,,
1789011937.718927,410934,f,,,,,,
1789011937.718927,329507,f,,,,,,
1789011937.718927,329885,f,,,,,,
1789011937.718927,329666,f,,,,,,
1789011937.718927,410919,f,,,,,,
1789011937.718927,410905,f,,,,,,
1789011937.718927,410906,f,,,,,,
1789011937.718927,410922,f,,,,,,
1789011937.718927,329493,f,,,,,,
1789011937.718927,410908,f,,,,,,
1789011937.718927,330086,f,,,,,,
1789011937.718927,329815,f,,,,,,
1789011937.718927,331274,f,,,,,,
1789011937.718927,329513,f,,,,,,
1789011937.718927,410909,f,,,,,,
1789011937.718927,331519,f,,,,,,
1789011937.718927,410900,f,,,,,,
1789011937.718927,330665,f,,,,,,
1789011937.718927,329503,f,,,,,,
1789011937.718927,410910,f,,,,,,
1789011937.718927,331074,f,,,,,,
1789011937.718927,410918,f,,,,,,
1789011937.718927,330801,f,,,,,,
1789011937.718927,410928,f,,,,,,
1789011937.718927,329511,f,,,,,,
1789011937.718927,329512,f,,,,,,
1789011937.718927,329519,f,,,,,,
1789011937.718927,330182,f,,,,,,
1789011937.718927,410903,f,,,,,,
1789011937.718927,330978,f,,,,,,
1789011937.718927,330292,f,,,,,,
1789011937.718927,410930,f,,,,,,
1789011937.718927,410932,f,,,,,,
1789011937.718927,329547,f,,,,,,
1789011937.718927,329510,f,,,,,,
1789011937.718927,410901,f,,,,,,
1789011937.718927,329504,f,,,,,,
1789011937.718927,331711,f,,,,,,
1789011937.718927,329588,f,,,,,,
1789011937.718927,410904,f,,,,,,
1789011937.718927,331398,f,,,,,,
1789011937.718927,329508,f,,,,,,
1789011937.718927,330534,f,,,,,,
1789011937.718927,329502,f,,,,,,
1789011937.718927,329568,f,,,,,,
1789011937.718927,329506,f,,,,,,
1789011937.718927,329501,f,,,,,,
1789011937.718927,329976,f,,,,,,
1789011937.718927,329726,f,,,,,,
1789011937.718927,410902,f,,,,,,
1789011997.806844,331148,f,,,,,,
1789011997.806844,415559,f,,,,,,
1789011997.806844,329500,f,,,,,,
1789011997.806844,415519,f,,,,,,
1789011997.806844,415557,f,,,,,,
1789011997.806844,329499,f,,,,,,
1789011997.806844,415549,f,,,,,,
1789011997.806844,330421,f,,,,,,
1789011997.806844,415563,f,,,,,,
1789011997.806844,329509,f,,,,,,
1789011997.806844,329537,f,,,,,,
1789011997.806844,415560,f,,,,,,
1789011997.806844,415556,f,,,,,,
1789011997.806844,329620,f,,,,,,
1789011997.806844,329505,f,,,,,,
1789011997.806844,329507,f,,,,,,
1789011997.806844,329885,f,,,,,,
1789011997.806844,329666,f,,,,,,
1789011997.806844,415548,f,,,,,,
1789011997.806844,415545,f,,,,,,
1789011997.806844,329493,f,,,,,,
1789011997.806844,330086,f,,,,,,
1789011997.806844,329815,f,,,,,,
1789011997.806844,331274,f,,,,,,
1789011997.806844,329513,f,,,,,,
1789011997.806844,331519,f,,,,,,
1789011997.806844,330665,f,,,,,,
1789011997.806844,329503,f,,,,,,
1789011997.806844,415554,f,,,,,,
1789011997.806844,331074,f,,,,,,
1789011997.806844,415506,f,,,,,,
1789011997.806844,330801,f,,,,,,
1789011997.806844,415558,f,,,,,,
1789011997.806844,329511,f,,,,,,
1789011997.806844,329512,f,,,,,,
1789011997.806844,329519,f,,,,,,
1789011997.806844,330182,f,,,,,,
1789011997.806844,330978,f,,,,,,
1789011997.806844,415565,f,,,,,,
1789011997.806844,415546,f,,,,,,
1789011997.806844,330292,f,,,,,,
1789011997.806844,415553,f,,,,,,
1789011997.806844,415547,f,,,,,,
1789011997.806844,329547,f,,,,,,
1789011997.806844,329510,f,,,,,,
1789011997.806844,329504,f,,,,,,
1789011997.806844,331711,f,,,,,,
1789011997.806844,329588,f,,,,,,
1789011997.806844,415552,f,,,,,,
1789011997.806844,331398,f,,,,,,
1789011997.806844,329508,f,,,,,,
1789011997.806844,330534,f,,,,,,
1789011997.806844,329502,f,,,,,,
1789011997.806844,329568,f,,,,,,
1789011997.806844,415513,f,,,,,,
1789011997.806844,329506,f,,,,,,
1789011997.806844,329501,f,,,,,,
1789011997.806844,329976,f,,,,,,
1789011997.806844,329726,f,,,,,,
1789011997.806844,415550,f,,,,,,
1789011997.806844,415551,f,,,,,,
1789012057.911659,331148,f,,,,,,
1789012057.911659,420096,f,,,,,,
1789012057.911659,420071,f,,,,,,
1789012057.911659,329500,f,,,,,,
1789012057.911659,420078,f,,,,,,
1789012057.911659,420069,f,,,,,,
1789012057.911659,420065,f,,,,,,
1789012057.911659,420085,f,,,,,,
1789012057.911659,329499,f,,,,,,
1789012057.911659,330421,f,,,,,,
1789012057.911659,420076,f,,,,,,
1789012057.911659,329509,f,,,,,,
1789012057.911659,329537,f,,,,,,
1789012057.911659,420087,f,,,,,,
1789012057.911659,329620,f,,,,,,
1789012057.911659,329505,f,,,,,,
1789012057.911659,420079,f,,,,,,
1789012057.911659,329507,f,,,,,,
1789012057.911659,329885,f,,,,,,
1789012057.911659,329666,f,,,,,,
1789012057.911659,420072,f,,,,,,
1789012057.911659,420099,f,,,,,,
1789012057.911659,329493,f,,,,,,
1789012057.911659,330086,f,,,,,,
1789012057.911659,329815,f,,,,,,
1789012057.911659,331274,f,,,,,,
1789012057.911659,329513,f,,,,,,
1789012057.911659,420095,f,,,,,,
1789012057.911659,331519,f,,,,,,
1789012057.911659,420082,f,,,,,,
1789012057.911659,330665,f,,,,,,
1789012057.911659,420080,f,,,,,,
1789012057.911659,329503,f,,,,,,
1789012057.911659,420092,f,,,,,,
1789012057.911659,420084,f,,,,,,
1789012057.911659,420091,f,,,,,,
1789012057.911659,420083,f,,,,,,
1789012057.911659,331074,f,,,,,,
1789012057.911659,330801,f,,,,,,
1789012057.911659,420064,f,,,,,,
1789012057.911659,329511,f,,,,,,
1789012057.911659,329512,f,,,,,,
1789012057.911659,420088,f,,,,,,
1789012057.911659,329519,f,,,,,,
1789012057.911659,330182,f,,,,,,
1789012057.911659,330978,f,,,,,,
1789012057.911659,420086,f,,,,,,
1789012057.911659,330292,f,,,,,,
1789012057.911659,420090,f,,,,,,
1789012057.911659,329547,f,,,,,,
1789012057.911659,329510,f,,,,,,
1789012057.911659,420100,f,,,,,,
1789012057.911659,420075,f,,,,,,
1789012057.911659,329504,f,,,,,,
1789012057.911659,331711,f,,,,,,
1789012057.911659,329588,f,,,,,,
1789012057.911659,420081,f,,,,,,
1789012057.911659,331398,f,,,,,,
1789012057.911659,329508,f,,,,,,
1789012057.911659,420094,f,,,,,,
1789012057.911659,420070,f,,,,,,
1789012057.911659,330534,f,,,,,,
1789012057.911659,329502,f,,,,,,
1789012057.911659,329568,f,,,,,,
1789012057.911659,420097,f,,,,,,
1789012057.911659,329506,f,,,,,,
1789012057.911659,420098,f,,,,,,
1789012057.911659,420089,f,,,,,,
1789012057.911659,420093,f,,,,,,
1789012057.911659,329501,f,,,,,,
1789012057.911659,329976,f,,,,,,
1789012057.911659,420066,f,,,,,,
1789012057.911659,329726,f,,,,,,
1789012057.911659,420068,f,,,,,,
1789012057.911659,420077,f,,,,,,
1789012057.911659,420074,f,,,,,,
1789012118.036805,331148,f,,,,,,
1789012118.036805,329500,f,,,,,,
1789012118.036805,329499,f,,,,,,
1789012118.036805,424780,f,,,,,,
1789012118.036805,330421,f,,,,,,
1789012118.036805,424783,f,,,,,,
1789012118.036805,329509,f,,,,,,
1789012118.036805,424784,f,,,,,,
1789012118.036805,329537,f,,,,,,
1789012118.036805,424778,f,,,,,,
1789012118.036805,424773,f,,,,,,
1789012118.036805,329620,f,,,,,,
1789012118.036805,329505,f,,,,,,
1789012118.036805,329507,f,,,,,,
1789012118.036805,329885,f,,,,,,
1789012118.036805,424771,f,,,,,,
1789012118.036805,329666,f,,,,,,
1789012118.036805,424769,f,,,,,,
1789012118.036805,329493,f,,,,,,
1789012118.036805,424741,f,,,,,,
1789012118.036805,330086,f,,,,,,
1789012118.036805,329815,f,,,,,,
1789012118.036805,331274,f,,,,,,
1789012118.036805,329513,f,,,,,,
1789012118.036805,331519,f,,,,,,
1789012118.036805,424785,f,,,,,,
1789012118.036805,330665,f,,,,,,
1789012118.036805,329503,f,,,,,,
1789012118.036805,424777,f,,,,,,
1789012118.036805,424774,f,,,,,,
1789012118.036805,331074,f,,,,,,
1789012118.036805,330801,f,,,,,,
1789012118.036805,424772,f,,,,,,
1789012118.036805,329511,f,,,,,,
1789012118.036805,329512,f,,,,,,
1789012118.036805,329519,f,,,,,,
1789012118.036805,330182,f,,,,,,
1789012118.036805,330978,f,,,,,,
1789012118.036805,424779,f,,,,,,
1789012118.036805,330292,f,,,,,,
1789012118.036805,329547,f,,,,,,
1789012118.036805,329510,f,,,,,,
1789012118.036805,329504,f,,,,,,
1789012118.036805,424786,f,,,,,,
1789012118.036805,331711,f,,,,,,
1789012118.036805,329588,f,,,,,,
1789012118.036805,331398,f,,,,,,
1789012118.036805,329508,f,,,,,,
1789012118.036805,330534,f,,,,,,
1789012118.036805,424775,f,,,,,,
1789012118.036805,424782,f,,,,,,
1789012118.036805,329502,f,,,,,,
1789012118.036805,329568,f,,,,,,
1789012118.036805,329506,f,,,,,,
1789012118.036805,329501,f,,,,,,
1789012118.036805,329976,f,,,,,,
1789012118.036805,329726,f,,,,,,
1789012118.036805,424735,f,,,,,,
1789012118.036805,424781,f,,,,,,
1789012177.114596,331148,f,,,,,,
1789012177.114596,429239,f,,,,,,
1789012177.114596,329500,f,,,,,,
1789012177.114596,429263,f,,,,,,
1789012177.114596,429260,f,,,,,,
1789012177.114596,429234,f,,,,,,
1789012177.114596,329499,f,,,,,,
1789012177.114596,429243,f,,,,,,
1789012177.114596,330421,f,,,,,,
1789012177.114596,329509,f,,,,,,
1789012177.114596,329537,f,,,,,,
1789012177.114596,429262,f,,,,,,
1789012177.114596,429265,f,,,,,,
1789012177.114596,329620,f,,,,,,
1789012177.114596,329505,f,,,,,,
1789012177.114596,329507,f,,,,,,
1789012177.114596,329885,f,,,,,,
1789012177.114596,329666,f,,,,,,
1789012177.114596,429238,f,,,,,,
1789012177.114596,429233,f,,,,,,
1789012177.114596,429251,f,,,,,,
1789012177.114596,329493,f,,,,,,
1789012177.114596,330086,f,,,,,,
1789012177.114596,329815,f,,,,,,
1789012177.114596,331274,f,,,,,,
1789012177.114596,329513,f,,,,,,
1789012177.114596,331519,f,,,,,,
1789012177.114596,429267,f,,,,,,
1789012177.114596,330665,f,,,,,,
1789012177.114596,429253,f,,,,,,
1789012177.114596,329503,f,,,,,,
1789012177.114596,429266,f,,,,,,
1789012177.114596,429246,f,,,,,,
1789012177.114596,429240,f,,,,,,
1789012177.114596,429264,f,,,,,,
1789012177.114596,429245,f,,,,,,
1789012177.114596,331074,f,,,,,,
1789012177.114596,330801,f,,,,,,
1789012177.114596,429254,f,,,,,,
1789012177.114596,329511,f,,,,,,
1789012177.114596,329512,f,,,,,,
1789012177.114596,329519,f,,,,,,
1789012177.114596,330182,f,,,,,,
1789012177.114596,429259,f,,,,,,
1789012177.114596,330978,f,,,,,,
1789012177.114596,429242,f,,,,,,
1789012177.114596,330292,f,,,,,,
1789012177.114596,329547,f,,,,,,
1789012177.114596,329510,f,,,,,,
1789012177.114596,329504,f,,,,,,
1789012177.114596,429236,f,,,,,,
1789012177.114596,331711,f,,,,,,
1789012177.114596,329588,f,,,,,,
1789012177.114596,429237,f,,,,,,
1789012177.114596,331398,f,,,,,,
1789012177.114596,329508,f,,,,,,
1789012177.114596,429231,f,,,,,,
1789012177.114596,330534,f,,,,,,
1789012177.114596,329502,f,,,,,,
1789012177.114596,329568,f,,,,,,
1789012177.114596,429252,f,,,,,,
1789012177.114596,429247,f,,,,,,
1789012177.114596,329506,f,,,,,,
1789012177.114596,329501,f,,,,,,
1789012177.114596,329976,f,,,,,,
1789012177.114596,329726,f,,,,,,
1789012177.114596,429230,f,,,,,,
1789012177.114596,429256,f,,,,,,
1789012177.114596,429244,f,,,,,,
1789012177.114596,429249,f,,,,,,
1789012177.114596,429255,f,,,,,,
1789012237.249338,331148,f,,,,,,
1789012237.249338,433991,f,,,,,,
1789012237.249338,329500,f,,,,,,
1789012237.249338,329499,f,,,,,,
1789012237.249338,330421,f,,,,,,
1789012237.249338,329509,f,,,,,,
1789012237.249338,433977,f,,,,,,
1789012237.249338,329537,f,,,,,,
1789012237.249338,329620,f,,,,,,
1789012237.249338,329505,f,,,,,,
1789012237.249338,329507,f,,,,,,
1789012237.249338,433987,f,,,,,,
1789012237.249338,433972,f,,,,,,
1789012237.249338,329885,f,,,,,,
1789012237.249338,329666,f,,,,,,
1789012237.249338,433990,f,,,,,,
1789012237.249338,433981,f,,,,,,
1789012237.249338,329493,f,,,,,,
1789012237.249338,330086,f,,,,,,
1789012237.249338,329815,f,,,,,,
1789012237.249338,331274,f,,,,,,
1789012237.249338,329513,f,,,,,,
1789012237.249338,331519,f,,,,,,
1789012237.249338,433986,f,,,,,,
1789012237.249338,330665,f,,,,,,
1789012237.249338,329503,f,,,,,,
1789012237.249338,433958,f,,,,,,
1789012237.249338,331074,f,,,,,,
1789012237.249338,433983,f,,,,,,
1789012237.249338,330801,f,,,,,,
1789012237.249338,433982,f,,,,,,
1789012237.249338,329511,f,,,,,,
1789012237.249338,329512,f,,,,,,
1789012237.249338,329519,f,,,,,,
1789012237.249338,330182,f,,,,,,
1789012237.249338,330978,f,,,,,,
1789012237.249338,330292,f,,,,,,
1789012237.249338,433955,f,,,,,,
1789012237.249338,329547,f,,,,,,
1789012237.249338,329510,f,,,,,,
1789012237.249338,329504,f,,,,,,
1789012237.249338,331711,f,,,,,,
1789012237.249338,433960,f,,,,,,
1789012237.249338,329588,f,,,,,,
1789012237.249338,331398,f,,,,,,
1789012237.249338,329508,f,,,,,,
1789012237.249338,330534,f,,,,,,
1789012237.249338,329502,f,,,,,,
1789012237.249338,329568,f,,,,,,
1789012237.249338,433985,f,,,,,,
1789012237.249338,329506,f,,,,,,
1789012237.249338,433966,f,,,,,,
1789012237.249338,329501,f,,,,,,
1789012237.249338,329976,f,,,,,,
1789012237.249338,329726,f,,,,,,
1789012297.328854,331148,f,,,,,,
1789012297.328854,438522,f,,,,,,
1789012297.328854,329500,f,,,,,,
1789012297.328854,438500,f,,,,,,
1789012297.328854,438523,f,,,,,,
1789012297.328854,438517,f,,,,,,
1789012297.328854,329499,f,,,,,,
1789012297.328854,330421,f,,,,,,
1789012297.328854,438520,f,,,,,,
1789012297.328854,329509,f,,,,,,
1789012297.328854,438502,f,,,,,,
1789012297.328854,329537,f,,,,,,
1789012297.328854,438510,f,,,,,,
1789012297.328854,438499,f,,,,,,
1789012297.328854,329620,f,,,,,,
1789012297.328854,329505,f,,,,,,
1789012297.328854,329507,f,,,,,,
1789012297.328854,329885,f,,,,,,
1789012297.328854,329666,f,,,,,,
1789012297.328854,438506,f,,,,,,
1789012297.328854,438519,f,,,,,,
1789012297.328854,438497,f,,,,,,
1789012297.328854,329493,f,,,,,,
1789012297.328854,330086,f,,,,,,
1789012297.328854,329815,f,,,,,,
1789012297.328854,331274,f,,,,,,
1789012297.328854,329513,f,,,,,,
1789012297.328854,438496,f,,,,,,
1789012297.328854,331519,f,,,,,,
1789012297.328854,438492,f,,,,,,
1789012297.328854,330665,f,,,,,,
1789012297.328854,329503,f,,,,,,
1789012297.328854,331074,f,,,,,,
1789012297.328854,330801,f,,,,,,
1789012297.328854,329511,f,,,,,,
1789012297.328854,329512,f,,,,,,
1789012297.328854,329519,f,,,,,,
1789012297.328854,330182,f,,,,,,
1789012297.328854,438513,f,,,,,,
1789012297.328854,330978,f,,,,,,
1789012297.328854,330292,f,,,,,,
1789012297.328854,438490,f,,,,,,
1789012297.328854,438504,f,,,,,,
1789012297.328854,329547,f,,,,,,
1789012297.328854,329510,f,,,,,,
1789012297.328854,438516,f,,,,,,
1789012297.328854,438515,f,,,,,,
1789012297.328854,329504,f,,,,,,
1789012297.328854,331711,f,,,,,,
1789012297.328854,438501,f,,,,,,
1789012297.328854,329588,f,,,,,,
1789012297.328854,331398,f,,,,,,
1789012297.328854,329508,f,,,,,,
1789012297.328854,330534,f,,,,,,
1789012297.328854,329502,f,,,,,,
1789012297.328854,329568,f,,,,,,
1789012297.328854,438487,f,,,,,,
1789012297.328854,329506,f,,,,,,
1789012297.328854,438521,f,,,,,,
1789012297.328854,329501,f,,,,,,
1789012297.328854,329976,f,,,,,,
1789012297.328854,438518,f,,,,,,
1789012297.328854,438491,f,,,,,,
1789012297.328854,329726,f,,,,,,
1789012297.328854,438514,f,,,,,,
1789012357.444430,331148,f,,,,,,
1789012357.444430,443201,f,,,,,,
1789012357.444430,443213,f,,,,,,
1789012357.444430,329500,f,,,,,,
1789012357.444430,329499,f,,,,,,
1789012357.444430,443166,f,,,,,,
1789012357.444430,330421,f,,,,,,
1789012357.444430,329509,f,,,,,,
1789012357.444430,443197,f,,,,,,
1789012357.444430,443163,f,,,,,,
1789012357.444430,329537,f,,,,,,
1789012357.444430,443203,f,,,,,,
1789012357.444430,443205,f,,,,,,
1789012357.444430,329620,f,,,,,,
1789012357.444430,329505,f,,,,,,
1789012357.444430,329507,f,,,,,,
1789012357.444430,329885,f,,,,,,
1789012357.444430,329666,f,,,,,,
1789012357.444430,443209,f,,,,,,
1789012357.444430,443175,f,,,,,,
1789012357.444430,329493,f,,,,,,
1789012357.444430,443212,f,,,,,,
1789012357.444430,330086,f,,,,,,
1789012357.444430,329815,f,,,,,,
1789012357.444430,331274,f,,,,,,
1789012357.444430,329513,f,,,,,,
1789012357.444430,331519,f,,,,,,
1789012357.444430,330665,f,,,,,,
1789012357.444430,443210,f,,,,,,
1789012357.444430,329503,f,,,,,,
1789012357.444430,443188,f,,,,,,
1789012357.444430,331074,f,,,,,,
1789012357.444430,330801,f,,,,,,
1789012357.444430,329511,f,,,,,,
1789012357.444430,329512,f,,,,,,
1789012357.444430,329519,f,,,,,,
1789012357.444430,330182,f,,,,,,
1789012357.444430,330978,f,,,,,,
1789012357.444430,443186,f,,,,,,
1789012357.444430,443180,f,,,,,,
1789012357.444430,443207,f,,,,,,
1789012357.444430,330292,f,,,,,,
1789012357.444430,329547,f,,,,,,
1789012357.444430,329510,f,,,,,,
1789012357.444430,329504,f,,,,,,
1789012357.444430,443196,f,,,,,,
1789012357.444430,331711,f,,,,,,
1789012357.444430,329588,f,,,,,,
1789012357.444430,331398,f,,,,,,
1789012357.444430,329508,f,,,,,,
1789012357.444430,330534,f,,,,,,
1789012357.444430,329502,f,,,,,,
1789012357.444430,329568,f,,,,,,
1789012357.444430,443204,f,,,,,,
1789012357.444430,329506,f,,,,,,
1789012357.444430,443191,f,,,,,,
1789012357.444430,443202,f,,,,,,
1789012357.444430,329501,f,,,,,,
1789012357.444430,329976,f,,,,,,
1789012357.444430,443189,f,,,,,,
1789012357.444430,329726,f,,,,,,
1789012357.444430,443200,f,,,,,,
1789012417.549103,331148,f,,,,,,
1789012417.549103,447813,f,,,,,,
1789012417.549103,447795,f,,,,,,
1789012417.549103,447831,f,,,,,,
1789012417.549103,329500,f,,,,,,
1789012417.549103,447796,f,,,,,,
1789012417.549103,329499,f,,,,,,
1789012417.549103,330421,f,,,,,,
1789012417.549103,447794,f,,,,,,
1789012417.549103,329509,f,,,,,,
1789012417.549103,447797,f,,,,,,
1789012417.549103,329537,f,,,,,,
1789012417.549103,447812,f,,,,,,
1789012417.549103,329620,f,,,,,,
1789012417.549103,329505,f,,,,,,
1789012417.549103,447810,f,,,,,,
1789012417.549103,447804,f,,,,,,
1789012417.549103,329507,f,,,,,,
1789012417.549103,447823,f,,,,,,
1789012417.549103,329885,f,,,,,,
1789012417.549103,329666,f,,,,,,
1789012417.549103,447819,f,,,,,,
1789012417.549103,329493,f,,,,,,
1789012417.549103,330086,f,,,,,,
1789012417.549103,447805,f,,,,,,
1789012417.549103,329815,f,,,,,,
1789012417.549103,331274,f,,,,,,
1789012417.549103,329513,f,,,,,,
1789012417.549103,331519,f,,,,,,
1789012417.549103,330665,f,,,,,,
1789012417.549103,447806,f,,,,,,
1789012417.549103,329503,f,,,,,,
1789012417.549103,447816,f,,,,,,
1789012417.549103,331074,f,,,,,,
1789012417.549103,447833,f,,,,,,
1789012417.549103,330801,f,,,,,,
1789012417.549103,447817,f,,,,,,
1789012417.549103,447829,f,,,,,,
1789012417.549103,329511,f,,,,,,
1789012417.549103,447800,f,,,,,,
1789012417.549103,329512,f,,,,,,
1789012417.549103,447824,f,,,,,,
1789012417.549103,329519,f,,,,,,
1789012417.549103,330182,f,,,,,,
1789012417.549103,447827,f,,,,,,
1789012417.549103,447808,f,,,,,,
1789012417.549103,330978,f,,,,,,
1789012417.549103,447821,f,,,,,,
1789012417.549103,330292,f,,,,,,
1789012417.549103,447818,f,,,,,,
1789012417.549103,447807,f,,,,,,
1789012417.549103,329547,f,,,,,,
1789012417.549103,329510,f,,,,,,
1789012417.549103,329504,f,,,,,,
1789012417.549103,331711,f,,,,,,
1789012417.549103,329588,f,,,,,,
1789012417.549103,331398,f,,,,,,
1789012417.549103,329508,f,,,,,,
1789012417.549103,330534,f,,,,,,
1789012417.549103,447820,f,,,,,,
1789012417.549103,329502,f,,,,,,
1789012417.549103,329568,f,,,,,,
1789012417.549103,447822,f,,,,,,
1789012417.549103,447801,f,,,,,,
1789012417.549103,329506,f,,,,,,
1789012417.549103,447802,f,,,,,,
1789012417.549103,447830,f,,,,,,
1789012417.549103,447809,f,,,,,,
1789012417.549103,329501,f,,,,,,
1789012417.549103,329976,f,,,,,,
1789012417.549103,447832,f,,,,,,
1789012417.549103,447803,f,,,,,,
1789012417.549103,447826,f,,,,,,
1789012417.549103,329726,f,,,,,,
1789012417.549103,447793,f,,,,,,
1789012417.549103,447828,f,,,,,,
1789012417.549103,447811,f,,,,,,
1789012477.622947,331148,f,,,,,,
1789012477.622947,452474,f,,,,,,
1789012477.622947,329500,f,,,,,,
1789012477.622947,452471,f,,,,,,
1789012477.622947,452483,f,,,,,,
1789012477.622947,452487,f,,,,,,
1789012477.622947,329499,f,,,,,,
1789012477.622947,330421,f,,,,,,
1789012477.622947,329509,f,,,,,,
1789012477.622947,452480,f,,,,,,
1789012477.622947,329537,f,,,,,,
1789012477.622947,452470,f,,,,,,
1789012477.622947,452479,f,,,,,,
1789012477.622947,452485,f,,,,,,
1789012477.622947,452478,f,,,,,,
1789012477.622947,452488,f,,,,,,
1789012477.622947,329620,f,,,,,,
1789012477.622947,329505,f,,,,,,
1789012477.622947,452482,f,,,,,,
1789012477.622947,452467,f,,,,,,
1789012477.622947,329507,f,,,,,,
1789012477.622947,329885,f,,,,,,
1789012477.622947,329666,f,,,,,,
1789012477.622947,329493,f,,,,,,
1789012477.622947,330086,f,,,,,,
1789012477.622947,329815,f,,,,,,
1789012477.622947,331274,f,,,,,,
1789012477.622947,329513,f,,,,,,
1789012477.622947,452476,f,,,,,,
1789012477.622947,331519,f,,,,,,
1789012477.622947,330665,f,,,,,,
1789012477.622947,329503,f,,,,,,
1789012477.622947,331074,f,,,,,,
1789012477.622947,330801,f,,,,,,
1789012477.622947,329511,f,,,,,,
1789012477.622947,329512,f,,,,,,
1789012477.622947,452469,f,,,,,,
1789012477.622947,329519,f,,,,,,
1789012477.622947,330182,f,,,,,,
1789012477.622947,452486,f,,,,,,
1789012477.622947,330978,f,,,,,,
1789012477.622947,452484,f,,,,,,
1789012477.622947,330292,f,,,,,,
1789012477.622947,329547,f,,,,,,
1789012477.622947,329510,f,,,,,,
1789012477.622947,329504,f,,,,,,
1789012477.622947,331711,f,,,,,,
1789012477.622947,329588,f,,,,,,
1789012477.622947,452461,f,,,,,,
1789012477.622947,331398,f,,,,,,
1789012477.622947,329508,f,,,,,,
1789012477.622947,330534,f,,,,,,
1789012477.622947,329502,f,,,,,,
1789012477.622947,452466,f,,,,,,
1789012477.622947,452481,f,,,,,,
1789012477.622947,329568,f,,,,,,
1789012477.622947,452472,f,,,,,,
1789012477.622947,329506,f,,,,,,
1789012477.622947,452477,f,,,,,,
1789012477.622947,329501,f,,,,,,
1789012477.622947,329976,f,,,,,,
1789012477.622947,329726,f,,,,,,
1789012477.622947,452473,f,,,,,,
1789012477.622947,452489,f,,,,,,
1789012477.622947,452468,f,,,,,,
1789012537.723274,331148,f,,,,,,
1789012537.723274,457100,f,,,,,,
1789012537.723274,329500,f,,,,,,
1789012537.723274,457097,f,,,,,,
1789012537.723274,457092,f,,,,,,
1789012537.723274,457111,f,,,,,,
1789012537.723274,329499,f,,,,,,
1789012537.723274,457101,f,,,,,,
1789012537.723274,330421,f,,,,,,
1789012537.723274,457104,f,,,,,,
1789012537.723274,329509,f,,,,,,
1789012537.723274,329537,f,,,,,,
1789012537.723274,457107,f,,,,,,
1789012537.723274,457110,f,,,,,,
1789012537.723274,329620,f,,,,,,
1789012537.723274,329505,f,,,,,,
1789012537.723274,457112,f,,,,,,
1789012537.723274,329507,f,,,,,,
1789012537.723274,457094,f,,,,,,
1789012537.723274,329885,f,,,,,,
1789012537.723274,329666,f,,,,,,
1789012537.723274,329493,f,,,,,,
1789012537.723274,330086,f,,,,,,
1789012537.723274,329815,f,,,,,,
1789012537.723274,331274,f,,,,,,
1789012537.723274,329513,f,,,,,,
1789012537.723274,331519,f,,,,,,
1789012537.723274,330665,f,,,,,,
1789012537.723274,329503,f,,,,,,
1789012537.723274,331074,f,,,,,,
1789012537.723274,330801,f,,,,,,
1789012537.723274,457084,f,,,,,,
1789012537.723274,457102,f,,,,,,
1789012537.723274,329511,f,,,,,,
1789012537.723274,329512,f,,,,,,
1789012537.723274,329519,f,,,,,,
1789012537.723274,330182,f,,,,,,
1789012537.723274,330978,f,,,,,,
1789012537.723274,457113,f,,,,,,
1789012537.723274,330292,f,,,,,,
1789012537.723274,329547,f,,,,,,
1789012537.723274,329510,f,,,,,,
1789012537.723274,457095,f,,,,,,
1789012537.723274,457096,f,,,,,,
1789012537.723274,329504,f,,,,,,
1789012537.723274,331711,f,,,,,,
1789012537.723274,329588,f,,,,,,
1789012537.723274,331398,f,,,,,,
1789012537.723274,329508,f,,,,,,
1789012537.723274,330534,f,,,,,,
1789012537.723274,329502,f,,,,,,
1789012537.723274,329568,f,,,,,,
1789012537.723274,457114,f,,,,,,
1789012537.723274,457105,f,,,,,,
1789012537.723274,329506,f,,,,,,
1789012537.723274,329501,f,,,,,,
1789012537.723274,329976,f,,,,,,
1789012537.723274,457109,f,,,,,,
1789012537.723274,329726,f,,,,,,
1789012537.723274,457115,f,,,,,,
1789012537.723274,457103,f,,,,,,
1789012597.832438,331148,f,,,,,,
1789012597.832438,461718,f,,,,,,
1789012597.832438,329500,f,,,,,,
1789012597.832438,461719,f,,,,,,
1789012597.832438,461711,f,,,,,,
1789012597.832438,329499,f,,,,,,
1789012597.832438,461696,f,,,,,,
1789012597.832438,461714,f,,,,,,
1789012597.832438,330421,f,,,,,,
1789012597.832438,461695,f,,,,,,
1789012597.832438,329509,f,,,,,,
1789012597.832438,329537,f,,,,,,
1789012597.832438,329620,f,,,,,,
1789012597.832438,461706,f,,,,,,
1789012597.832438,329505,f,,,,,,
1789012597.832438,461707,f,,,,,,
1789012597.832438,329507,f,,,,,,
1789012597.832438,329885,f,,,,,,
1789012597.832438,329666,f,,,,,,
1789012597.832438,461715,f,,,,,,
1789012597.832438,461709,f,,,,,,
1789012597.832438,329493,f,,,,,,
1789012597.832438,330086,f,,,,,,
1789012597.832438,329815,f,,,,,,
1789012597.832438,331274,f,,,,,,
1789012597.832438,329513,f,,,,,,
1789012597.832438,331519,f,,,,,,
1789012597.832438,330665,f,,,,,,
1789012597.832438,461685,f,,,,,,
1789012597.832438,329503,f,,,,,,
1789012597.832438,461717,f,,,,,,
1789012597.832438,331074,f,,,,,,
1789012597.832438,330801,f,,,,,,
1789012597.832438,329511,f,,,,,,
1789012597.832438,461720,f,,,,,,
1789012597.832438,461712,f,,,,,,
1789012597.832438,329512,f,,,,,,
1789012597.832438,329519,f,,,,,,
1789012597.832438,330182,f,,,,,,
1789012597.832438,330978,f,,,,,,
1789012597.832438,461672,f,,,,,,
1789012597.832438,461698,f,,,,,,
1789012597.832438,461708,f,,,,,,
1789012597.832438,461694,f,,,,,,
1789012597.832438,330292,f,,,,,,
1789012597.832438,461693,f,,,,,,
1789012597.832438,329547,f,,,,,,
1789012597.832438,329510,f,,,,,,
1789012597.832438,329504,f,,,,,,
1789012597.832438,461716,f,,,,,,
1789012597.832438,331711,f,,,,,,
1789012597.832438,329588,f,,,,,,
1789012597.832438,461686,f,,,,,,
1789012597.832438,331398,f,,,,,,
1789012597.832438,329508,f,,,,,,
1789012597.832438,461703,f,,,,,,
1789012597.832438,461710,f,,,,,,
1789012597.832438,461691,f,,,,,,
1789012597.832438,330534,f,,,,,,
1789012597.832438,329502,f,,,,,,
1789012597.832438,329568,f,,,,,,
1789012597.832438,461689,f,,,,,,
1789012597.832438,461690,f,,,,,,
1789012597.832438,461702,f,,,,,,
1789012597.832438,329506,f,,,,,,
1789012597.832438,461687,f,,,,,,
1789012597.832438,461699,f,,,,,,
1789012597.832438,329501,f,,,,,,
1789012597.832438,329976,f,,,,,,
1789012597.832438,461713,f,,,,,,
1789012597.832438,329726,f,,,,,,
1789012597.832438,461697,f,,,,,,
1789012597.832438,461700,f,,,,,,
1789012597.832438,461688,f,,,,,,
1789012657.927428,331148,f,,,,,,
1789012657.927428,466296,f,,,,,,
1789012657.927428,329500,f,,,,,,
1789012657.927428,466282,f,,,,,,
1789012657.927428,466287,f,,,,,,
1789012657.927428,329499,f,,,,,,
1789012657.927428,330421,f,,,,,,
1789012657.927428,466281,f,,,,,,
1789012657.927428,329509,f,,,,,,
1789012657.927428,329537,f,,,,,,
1789012657.927428,466292,f,,,,,,
1789012657.927428,466299,f,,,,,,
1789012657.927428,329620,f,,,,,,
1789012657.927428,329505,f,,,,,,
1789012657.927428,466278,f,,,,,,
1789012657.927428,329507,f,,,,,,
1789012657.927428,329885,f,,,,,,
1789012657.927428,329666,f,,,,,,
1789012657.927428,466290,f,,,,,,
1789012657.927428,329493,f,,,,,,
1789012657.927428,466285,f,,,,,,
1789012657.927428,330086,f,,,,,,
1789012657.927428,329815,f,,,,,,
1789012657.927428,331274,f,,,,,,
1789012657.927428,329513,f,,,,,,
1789012657.927428,331519,f,,,,,,
1789012657.927428,330665,f,,,,,,
1789012657.927428,329503,f,,,,,,
1789012657.927428,466283,f,,,,,,
1789012657.927428,331074,f,,,,,,
1789012657.927428,466298,f,,,,,,
1789012657.927428,330801,f,,,,,,
1789012657.927428,329511,f,,,,,,
1789012657.927428,329512,f,,,,,,
1789012657.927428,329519,f,,,,,,
1789012657.927428,330182,f,,,,,,
1789012657.927428,330978,f,,,,,,
1789012657.927428,466280,f,,,,,,
1789012657.927428,330292,f,,,,,,
1789012657.927428,329547,f,,,,,,
1789012657.927428,329510,f,,,,,,
1789012657.927428,329504,f,,,,,,
1789012657.927428,331711,f,,,,,,
1789012657.927428,329588,f,,,,,,
1789012657.927428,466295,f,,,,,,
1789012657.927428,331398,f,,,,,,
1789012657.927428,329508,f,,,,,,
1789012657.927428,466286,f,,,,,,
1789012657.927428,466297,f,,,,,,
1789012657.927428,330534,f,,,,,,
1789012657.927428,329502,f,,,,,,
1789012657.927428,329568,f,,,,,,
1789012657.927428,466284,f,,,,,,
1789012657.927428,329506,f,,,,,,
1789012657.927428,329501,f,,,,,,
1789012657.927428,329976,f,,,,,,
1789012657.927428,466293,f,,,,,,
1789012657.927428,329726,f,,,,,,
1789012657.927428,466291,f,,,,,,
1789012657.927428,466256,f,,,,,,
1789012657.927428,466288,f,,,,,,
1789012718.034079,331148,f,,,,,,
1789012718.034079,470983,f,,,,,,
1789012718.034079,329500,f,,,,,,
1789012718.034079,470987,f,,,,,,
1789012718.034079,329499,f,,,,,,
1789012718.034079,470959,f,,,,,,
1789012718.034079,330421,f,,,,,,
1789012718.034079,470970,f,,,,,,
1789012718.034079,470975,f,,,,,,
1789012718.034079,329509,f,,,,,,
1789012718.034079,329537,f,,,,,,
1789012718.034079,470966,f,,,,,,
1789012718.034079,470976,f,,,,,,
1789012718.034079,470968,f,,,,,,
1789012718.034079,329620,f,,,,,,
1789012718.034079,470962,f,,,,,,
1789012718.034079,329505,f,,,,,,
1789012718.034079,470980,f,,,,,,
1789012718.034079,329507,f,,,,,,
1789012718.034079,470963,f,,,,,,
1789012718.034079,329885,f,,,,,,
1789012718.034079,329666,f,,,,,,
1789012718.034079,470969,f,,,,,,
1789012718.034079,470967,f,,,,,,
1789012718.034079,329493,f,,,,,,
1789012718.034079,330086,f,,,,,,
1789012718.034079,329815,f,,,,,,
1789012718.034079,331274,f,,,,,,
1789012718.034079,329513,f,,,,,,
1789012718.034079,470973,f,,,,,,
1789012718.034079,331519,f,,,,,,
1789012718.034079,470979,f,,,,,,
1789012718.034079,330665,f,,,,,,
1789012718.034079,329503,f,,,,,,
1789012718.034079,331074,f,,,,,,
1789012718.034079,330801,f,,,,,,
1789012718.034079,470954,f,,,,,,
1789012718.034079,329511,f,,,,,,
1789012718.034079,329512,f,,,,,,
1789012718.034079,329519,f,,,,,,
1789012718.034079,330182,f,,,,,,
1789012718.034079,470961,f,,,,,,
1789012718.034079,330978,f,,,,,,
1789012718.034079,470965,f,,,,,,
1789012718.034079,470978,f,,,,,,
1789012718.034079,470981,f,,,,,,
1789012718.034079,330292,f,,,,,,
1789012718.034079,329547,f,,,,,,
1789012718.034079,329510,f,,,,,,
1789012718.034079,329504,f,,,,,,
1789012718.034079,331711,f,,,,,,
1789012718.034079,329588,f,,,,,,
1789012718.034079,331398,f,,,,,,
1789012718.034079,329508,f,,,,,,
1789012718.034079,470991,f,,,,,,
1789012718.034079,470957,f,,,,,,
1789012718.034079,470986,f,,,,,,
1789012718.034079,330534,f,,,,,,
1789012718.034079,470985,f,,,,,,
1789012718.034079,329502,f,,,,,,
1789012718.034079,329568,f,,,,,,
1789012718.034079,470960,f,,,,,,
1789012718.034079,470989,f,,,,,,
1789012718.034079,470971,f,,,,,,
1789012718.034079,329506,f,,,,,,
1789012718.034079,470955,f,,,,,,
1789012718.034079,470982,f,,,,,,
1789012718.034079,470988,f,,,,,,
1789012718.034079,329501,f,,,,,,
1789012718.034079,470958,f,,,,,,
1789012718.034079,329976,f,,,,,,
1789012718.034079,470990,f,,,,,,
1789012718.034079,329726,f,,,,,,
1789012718.034079,470972,f,,,,,,
1789012718.034079,470964,f,,,,,,
1789012718.034079,470974,f,,,,,,
1789012777.142879,331148,f,,,,,,
1789012777.142879,475508,f,,,,,,
1789012777.142879,475500,f,,,,,,
1789012777.142879,329500,f,,,,,,
1789012777.142879,475502,f,,,,,,
1789012777.142879,475496,f,,,,,,
1789012777.142879,329499,f,,,,,,
1789012777.142879,330421,f,,,,,,
1789012777.142879,329509,f,,,,,,
1789012777.142879,329537,f,,,,,,
1789012777.142879,329620,f,,,,,,
1789012777.142879,329505,f,,,,,,
1789012777.142879,475495,f,,,,,,
1789012777.142879,329507,f,,,,,,
1789012777.142879,475494,f,,,,,,
1789012777.142879,329885,f,,,,,,
1789012777.142879,329666,f,,,,,,
1789012777.142879,475492,f,,,,,,
1789012777.142879,329493,f,,,,,,
1789012777.142879,330086,f,,,,,,
1789012777.142879,329815,f,,,,,,
1789012777.142879,331274,f,,,,,,
1789012777.142879,329513,f,,,,,,
1789012777.142879,331519,f,,,,,,
1789012777.142879,330665,f,,,,,,
1789012777.142879,329503,f,,,,,,
1789012777.142879,475507,f,,,,,,
1789012777.142879,331074,f,,,,,,
1789012777.142879,330801,f,,,,,,
1789012777.142879,475511,f,,,,,,
1789012777.142879,329511,f,,,,,,
1789012777.142879,329512,f,,,,,,
1789012777.142879,329519,f,,,,,,
1789012777.142879,330182,f,,,,,,
1789012777.142879,475517,f,,,,,,
1789012777.142879,330978,f,,,,,,
1789012777.142879,475491,f,,,,,,
1789012777.142879,475499,f,,,,,,
1789012777.142879,330292,f,,,,,,
1789012777.142879,329547,f,,,,,,
1789012777.142879,329510,f,,,,,,
1789012777.142879,329504,f,,,,,,
1789012777.142879,331711,f,,,,,,
1789012777.142879,329588,f,,,,,,
1789012777.142879,331398,f,,,,,,
1789012777.142879,329508,f,,,,,,
1789012777.142879,330534,f,,,,,,
1789012777.142879,329502,f,,,,,,
1789012777.142879,329568,f,,,,,,
1789012777.142879,475497,f,,,,,,
1789012777.142879,329506,f,,,,,,
1789012777.142879,475509,f,,,,,,
1789012777.142879,475504,f,,,,,,
1789012777.142879,329501,f,,,,,,
1789012777.142879,329976,f,,,,,,
1789012777.142879,329726,f,,,,,,
1789012777.142879,475503,f,,,,,,
1789012777.142879,475506,f,,,,,,
1789012777.142879,475498,f,,,,,,
1789012837.245033,331148,f,,,,,,
1789012837.245033,480155,f,,,,,,
1789012837.245033,329500,f,,,,,,
1789012837.245033,480157,f,,,,,,
1789012837.245033,480180,f,,,,,,
1789012837.245033,480156,f,,,,,,
1789012837.245033,480158,f,,,,,,
1789012837.245033,329499,f,,,,,,
1789012837.245033,330421,f,,,,,,
1789012837.245033,480168,f,,,,,,
1789012837.245033,329509,f,,,,,,
1789012837.245033,480171,f,,,,,,
1789012837.245033,329537,f,,,,,,
1789012837.245033,329620,f,,,,,,
1789012837.245033,480176,f,,,,,,
1789012837.245033,329505,f,,,,,,
1789012837.245033,480162,f,,,,,,
1789012837.245033,480182,f,,,,,,
1789012837.245033,329507,f,,,,,,
1789012837.245033,329885,f,,,,,,
1789012837.245033,329666,f,,,,,,
1789012837.245033,480153,f,,,,,,
1789012837.245033,480184,f,,,,,,
1789012837.245033,480179,f,,,,,,
1789012837.245033,329493,f,,,,,,
1789012837.245033,330086,f,,,,,,
1789012837.245033,329815,f,,,,,,
1789012837.245033,331274,f,,,,,,
1789012837.245033,329513,f,,,,,,
1789012837.245033,331519,f,,,,,,
1789012837.245033,330665,f,,,,,,
1789012837.245033,329503,f,,,,,,
1789012837.245033,331074,f,,,,,,
1789012837.245033,480164,f,,,,,,
1789012837.245033,480150,f,,,,,,
1789012837.245033,330801,f,,,,,,
1789012837.245033,480170,f,,,,,,
1789012837.245033,329511,f,,,,,,
1789012837.245033,329512,f,,,,,,
1789012837.245033,329519,f,,,,,,
1789012837.245033,330182,f,,,,,,
1789012837.245033,480169,f,,,,,,
1789012837.245033,330978,f,,,,,,
1789012837.245033,480166,f,,,,,,
1789012837.245033,330292,f,,,,,,
1789012837.245033,329547,f,,,,,,
1789012837.245033,329510,f,,,,,,
1789012837.245033,329504,f,,,,,,
1789012837.245033,480177,f,,,,,,
1789012837.245033,331711,f,,,,,,
1789012837.245033,480167,f,,,,,,
1789012837.245033,329588,f,,,,,,
1789012837.245033,331398,f,,,,,,
1789012837.245033,329508,f,,,,,,
1789012837.245033,480175,f,,,,,,
1789012837.245033,480173,f,,,,,,
1789012837.245033,480152,f,,,,,,
1789012837.245033,480172,f,,,,,,
1789012837.245033,480154,f,,,,,,
1789012837.245033,330534,f,,,,,,
1789012837.245033,329502,f,,,,,,
1789012837.245033,480151,f,,,,,,
1789012837.245033,329568,f,,,,,,
1789012837.245033,329506,f,,,,,,
1789012837.245033,329501,f,,,,,,
1789012837.245033,329976,f,,,,,,
1789012837.245033,480163,f,,,,,,
1789012837.245033,480178,f,,,,,,
1789012837.245033,480174,f,,,,,,
1789012837.245033,329726,f,,,,,,
1789012837.245033,480149,f,,,,,,
1789012837.245033,480165,f,,,,,,
1789012837.245033,480181,f,,,,,,
1789012837.245033,480183,f,,,,,,
1789012837.245033,480161,f,,,,,,
1789012897.349249,331148,f,,,,,,
1789012897.349249,329500,f,,,,,,
1789012897.349249,484885,f,,,,,,
1789012897.349249,484886,f,,,,,,
1789012897.349249,484890,f,,,,,,
1789012897.349249,484884,f,,,,,,
1789012897.349249,329499,f,,,,,,
1789012897.349249,484879,f,,,,,,
1789012897.349249,484893,f,,,,,,
1789012897.349249,330421,f,,,,,,
1789012897.349249,329509,f,,,,,,
1789012897.349249,484904,f,,,,,,
1789012897.349249,329537,f,,,,,,
1789012897.349249,484891,f,,,,,,
1789012897.349249,484883,f,,,,,,
1789012897.349249,329620,f,,,,,,
1789012897.349249,329505,f,,,,,,
1789012897.349249,484878,f,,,,,,
1789012897.349249,329507,f,,,,,,
1789012897.349249,329885,f,,,,,,
1789012897.349249,329666,f,,,,,,
1789012897.349249,484889,f,,,,,,
1789012897.349249,484873,f,,,,,,
1789012897.349249,329493,f,,,,,,
1789012897.349249,330086,f,,,,,,
1789012897.349249,329815,f,,,,,,
1789012897.349249,331274,f,,,,,,
1789012897.349249,329513,f,,,,,,
1789012897.349249,331519,f,,,,,,
1789012897.349249,484871,f,,,,,,
1789012897.349249,330665,f,,,,,,
1789012897.349249,329503,f,,,,,,
1789012897.349249,331074,f,,,,,,
1789012897.349249,330801,f,,,,,,
1789012897.349249,484888,f,,,,,,
1789012897.349249,329511,f,,,,,,
1789012897.349249,329512,f,,,,,,
1789012897.349249,329519,f,,,,,,
1789012897.349249,330182,f,,,,,,
1789012897.349249,484900,f,,,,,,
1789012897.349249,484881,f,,,,,,
1789012897.349249,330978,f,,,,,,
1789012897.349249,484901,f,,,,,,
1789012897.349249,330292,f,,,,,,
1789012897.349249,329547,f,,,,,,
1789012897.349249,329510,f,,,,,,
1789012897.349249,484865,f,,,,,,
1789012897.349249,329504,f,,,,,,
1789012897.349249,331711,f,,,,,,
1789012897.349249,329588,f,,,,,,
1789012897.349249,331398,f,,,,,,
1789012897.349249,329508,f,,,,,,
1789012897.349249,330534,f,,,,,,
1789012897.349249,484898,f,,,,,,
1789012897.349249,329502,f,,,,,,
1789012897.349249,329568,f,,,,,,
1789012897.349249,484903,f,,,,,,
1789012897.349249,329506,f,,,,,,
1789012897.349249,484902,f,,,,,,
1789012897.349249,329501,f,,,,,,
1789012897.349249,329976,f,,,,,,
1789012897.349249,484866,f,,,,,,
1789012897.349249,484899,f,,,,,,
1789012897.349249,329726,f,,,,,,
1789012897.349249,484896,f,,,,,,
1789012957.446197,331148,f,,,,,,
1789012957.446197,489496,f,,,,,,
1789012957.446197,489483,f,,,,,,
1789012957.446197,329500,f,,,,,,
1789012957.446197,489506,f,,,,,,
1789012957.446197,489492,f,,,,,,
1789012957.446197,489479,f,,,,,,
1789012957.446197,329499,f,,,,,,
1789012957.446197,489508,f,,,,,,
1789012957.446197,330421,f,,,,,,
1789012957.446197,489500,f,,,,,,
1789012957.446197,489497,f,,,,,,
1789012957.446197,329509,f,,,,,,
1789012957.446197,329537,f,,,,,,
1789012957.446197,489481,f,,,,,,
1789012957.446197,489502,f,,,,,,
1789012957.446197,329620,f,,,,,,
1789012957.446197,329505,f,,,,,,
1789012957.446197,329507,f,,,,,,
1789012957.446197,329885,f,,,,,,
1789012957.446197,329666,f,,,,,,
1789012957.446197,329493,f,,,,,,
1789012957.446197,330086,f,,,,,,
1789012957.446197,329815,f,,,,,,
1789012957.446197,331274,f,,,,,,
1789012957.446197,329513,f,,,,,,
1789012957.446197,331519,f,,,,,,
1789012957.446197,330665,f,,,,,,
1789012957.446197,329503,f,,,,,,
1789012957.446197,331074,f,,,,,,
1789012957.446197,330801,f,,,,,,
1789012957.446197,489498,f,,,,,,
1789012957.446197,329511,f,,,,,,
1789012957.446197,329512,f,,,,,,
1789012957.446197,329519,f,,,,,,
1789012957.446197,330182,f,,,,,,
1789012957.446197,489482,f,,,,,,
1789012957.446197,330978,f,,,,,,
1789012957.446197,330292,f,,,,,,
1789012957.446197,329547,f,,,,,,
1789012957.446197,329510,f,,,,,,
1789012957.446197,329504,f,,,,,,
1789012957.446197,331711,f,,,,,,
1789012957.446197,329588,f,,,,,,
1789012957.446197,489494,f,,,,,,
1789012957.446197,489489,f,,,,,,
1789012957.446197,331398,f,,,,,,
1789012957.446197,329508,f,,,,,,
1789012957.446197,330534,f,,,,,,
1789012957.446197,489493,f,,,,,,
1789012957.446197,329502,f,,,,,,
1789012957.446197,329568,f,,,,,,
1789012957.446197,329506,f,,,,,,
1789012957.446197,329501,f,,,,,,
1789012957.446197,329976,f,,,,,,
1789012957.446197,489501,f,,,,,,
1789012957.446197,489495,f,,,,,,
1789012957.446197,329726,f,,,,,,
1789012957.446197,489490,f,,,,,,
1789013017.578040,331148,f,,,,,,
1789013017.578040,494153,f,,,,,,
1789013017.578040,494150,f,,,,,,
1789013017.578040,329500,f,,,,,,
1789013017.578040,494152,f,,,,,,
1789013017.578040,329499,f,,,,,,
1789013017.578040,330421,f,,,,,,
1789013017.578040,329509,f,,,,,,
1789013017.578040,329537,f,,,,,,
1789013017.578040,329620,f,,,,,,
1789013017.578040,329505,f,,,,,,
1789013017.578040,329507,f,,,,,,
1789013017.578040,329885,f,,,,,,
1789013017.578040,329666,f,,,,,,
1789013017.578040,329493,f,,,,,,
1789013017.578040,330086,f,,,,,,
1789013017.578040,329815,f,,,,,,
1789013017.578040,331274,f,,,,,,
1789013017.578040,329513,f,,,,,,
1789013017.578040,331519,f,,,,,,
1789013017.578040,330665,f,,,,,,
1789013017.578040,329503,f,,,,,,
1789013017.578040,494145,f,,,,,,
1789013017.578040,331074,f,,,,,,
1789013017.578040,330801,f,,,,,,
1789013017.578040,329511,f,,,,,,
1789013017.578040,329512,f,,,,,,
1789013017.578040,329519,f,,,,,,
1789013017.578040,330182,f,,,,,,
1789013017.578040,330978,f,,,,,,
1789013017.578040,330292,f,,,,,,
1789013017.578040,494104,f,,,,,,
1789013017.578040,329547,f,,,,,,
1789013017.578040,329510,f,,,,,,
1789013017.578040,329504,f,,,,,,
1789013017.578040,331711,f,,,,,,
1789013017.578040,329588,f,,,,,,
1789013017.578040,494151,f,,,,,,
1789013017.578040,331398,f,,,,,,
1789013017.578040,329508,f,,,,,,
1789013017.578040,330534,f,,,,,,
1789013017.578040,329502,f,,,,,,
1789013017.578040,329568,f,,,,,,
1789013017.578040,329506,f,,,,,,
1789013017.578040,494149,f,,,,,,
1789013017.578040,329501,f,,,,,,
1789013017.578040,329976,f,,,,,,
1789013017.578040,329726,f,,,,,,
1789013017.578040,494158,f,,,,,,
1789013017.578040,494156,f,,,,,,
1789013017.578040,494160,f,,,,,,
1789013017.578040,494144,f,,,,,,
1789013017.578040,494147,f,,,,,,
1789013017.578040,494154,f,,,,,,
1789013017.578040,494155,f,,,,,,
1789013077.662430,331148,f,,,,,,
1789013077.662430,498943,f,,,,,,
1789013077.662430,329500,f,,,,,,
1789013077.662430,498942,f,,,,,,
1789013077.662430,498946,f,,,,,,
1789013077.662430,498960,f,,,,,,
1789013077.662430,498948,f,,,,,,
1789013077.662430,498967,f,,,,,,
1789013077.662430,329499,f,,,,,,
1789013077.662430,498971,f,,,,,,
1789013077.662430,330421,f,,,,,,
1789013077.662430,329509,f,,,,,,
1789013077.662430,498935,f,,,,,,
1789013077.662430,329537,f,,,,,,
1789013077.662430,498958,f,,,,,,
1789013077.662430,329620,f,,,,,,
1789013077.662430,329505,f,,,,,,
1789013077.662430,498939,f,,,,,,
1789013077.662430,329507,f,,,,,,
1789013077.662430,329885,f,,,,,,
1789013077.662430,329666,f,,,,,,
1789013077.662430,498944,f,,,,,,
1789013077.662430,498959,f,,,,,,
1789013077.662430,329493,f,,,,,,
1789013077.662430,330086,f,,,,,,
1789013077.662430,329815,f,,,,,,
1789013077.662430,331274,f,,,,,,
1789013077.662430,329513,f,,,,,,
1789013077.662430,331519,f,,,,,,
1789013077.662430,330665,f,,,,,,
1789013077.662430,329503,f,,,,,,
1789013077.662430,498966,f,,,,,,
1789013077.662430,331074,f,,,,,,
1789013077.662430,330801,f,,,,,,
1789013077.662430,498957,f,,,,,,
1789013077.662430,329511,f,,,,,,
1789013077.662430,329512,f,,,,,,
1789013077.662430,329519,f,,,,,,
1789013077.662430,330182,f,,,,,,
1789013077.662430,498945,f,,,,,,
1789013077.662430,498961,f,,,,,,
1789013077.662430,330978,f,,,,,,
1789013077.662430,498947,f,,,,,,
1789013077.662430,330292,f,,,,,,
1789013077.662430,498941,f,,,,,,
1789013077.662430,329547,f,,,,,,
1789013077.662430,329510,f,,,,,,
1789013077.662430,498962,f,,,,,,
1789013077.662430,329504,f,,,,,,
1789013077.662430,498965,f,,,,,,
1789013077.662430,331711,f,,,,,,
1789013077.662430,329588,f,,,,,,
1789013077.662430,498970,f,,,,,,
1789013077.662430,331398,f,,,,,,
1789013077.662430,329508,f,,,,,,
1789013077.662430,330534,f,,,,,,
1789013077.662430,498930,f,,,,,,
1789013077.662430,498969,f,,,,,,
1789013077.662430,329502,f,,,,,,
1789013077.662430,329568,f,,,,,,
1789013077.662430,498956,f,,,,,,
1789013077.662430,329506,f,,,,,,
1789013077.662430,498968,f,,,,,,
1789013077.662430,498955,f,,,,,,
1789013077.662430,498951,f,,,,,,
1789013077.662430,498949,f,,,,,,
1789013077.662430,329501,f,,,,,,
1789013077.662430,329976,f,,,,,,
1789013077.662430,329726,f,,,,,,
1789013077.662430,498927,f,,,,,,
1789013077.662430,498953,f,,,,,,
1789013077.662430,498950,f,,,,,,
1789013077.662430,498964,f,,,,,,
1789013077.662430,498952,f,,,,,,
1789013077.662430,498940,f,,,,,,
1789013077.662430,498963,f,,,,,,
1789013137.766797,331148,f,,,,,,
1789013137.766797,503455,f,,,,,,
1789013137.766797,503459,f,,,,,,
1789013137.766797,503447,f,,,,,,
1789013137.766797,329500,f,,,,,,
1789013137.766797,503445,f,,,,,,
1789013137.766797,503464,f,,,,,,
1789013137.766797,503463,f,,,,,,
1789013137.766797,503435,f,,,,,,
1789013137.766797,503457,f,,,,,,
1789013137.766797,329499,f,,,,,,
1789013137.766797,330421,f,,,,,,
1789013137.766797,503441,f,,,,,,
1789013137.766797,329509,f,,,,,,
1789013137.766797,503437,f,,,,,,
1789013137.766797,329537,f,,,,,,
1789013137.766797,503453,f,,,,,,
1789013137.766797,503461,f,,,,,,
1789013137.766797,329620,f,,,,,,
1789013137.766797,503462,f,,,,,,
1789013137.766797,329505,f,,,,,,
1789013137.766797,503465,f,,,,,,
1789013137.766797,329507,f,,,,,,
1789013137.766797,329885,f,,,,,,
1789013137.766797,329666,f,,,,,,
1789013137.766797,329493,f,,,,,,
1789013137.766797,330086,f,,,,,,
1789013137.766797,329815,f,,,,,,
1789013137.766797,331274,f,,,,,,
1789013137.766797,329513,f,,,,,,
1789013137.766797,331519,f,,,,,,
1789013137.766797,503448,f,,,,,,
1789013137.766797,330665,f,,,,,,
1789013137.766797,329503,f,,,,,,
1789013137.766797,503449,f,,,,,,
1789013137.766797,331074,f,,,,,,
1789013137.766797,503439,f,,,,,,
1789013137.766797,330801,f,,,,,,
1789013137.766797,503470,f,,,,,,
1789013137.766797,503442,f,,,,,,
1789013137.766797,329511,f,,,,,,
1789013137.766797,503460,f,,,,,,
1789013137.766797,329512,f,,,,,,
1789013137.766797,329519,f,,,,,,
1789013137.766797,330182,f,,,,,,
1789013137.766797,503452,f,,,,,,
1789013137.766797,503471,f,,,,,,
1789013137.766797,330978,f,,,,,,
1789013137.766797,503450,f,,,,,,
1789013137.766797,330292,f,,,,,,
1789013137.766797,503446,f,,,,,,
1789013137.766797,503443,f,,,,,,
1789013137.766797,329547,f,,,,,,
1789013137.766797,329510,f,,,,,,
1789013137.766797,329504,f,,,,,,
1789013137.766797,503454,f,,,,,,
1789013137.766797,331711,f,,,,,,
1789013137.766797,329588,f,,,,,,
1789013137.766797,503444,f,,,,,,
1789013137.766797,503451,f,,,,,,
1789013137.766797,331398,f,,,,,,
1789013137.766797,329508,f,,,,,,
1789013137.766797,330534,f,,,,,,
1789013137.766797,503436,f,,,,,,
1789013137.766797,329502,f,,,,,,
1789013137.766797,329568,f,,,,,,
1789013137.766797,329506,f,,,,,,
1789013137.766797,329501,f,,,,,,
1789013137.766797,329976,f,,,,,,
1789013137.766797,503458,f,,,,,,
1789013137.766797,503438,f,,,,,,
1789013137.766797,329726,f,,,,,,
1789013137.766797,503456,f,,,,,,
1789013137.766797,503440,f,,,,,,
1789013197.844772,331148,f,,,,,,
1789013197.844772,508128,f,,,,,,
1789013197.844772,508122,f,,,,,,
1789013197.844772,329500,f,,,,,,
1789013197.844772,508121,f,,,,,,
1789013197.844772,508100,f,,,,,,
1789013197.844772,329499,f,,,,,,
1789013197.844772,508115,f,,,,,,
1789013197.844772,330421,f,,,,,,
1789013197.844772,508117,f,,,,,,
1789013197.844772,329509,f,,,,,,
1789013197.844772,508105,f,,,,,,
1789013197.844772,508124,f,,,,,,
1789013197.844772,329537,f,,,,,,
1789013197.844772,329620,f,,,,,,
1789013197.844772,329505,f,,,,,,
1789013197.844772,329507,f,,,,,,
1789013197.844772,329885,f,,,,,,
1789013197.844772,508120,f,,,,,,
1789013197.844772,329666,f,,,,,,
1789013197.844772,329493,f,,,,,,
1789013197.844772,330086,f,,,,,,
1789013197.844772,329815,f,,,,,,
1789013197.844772,331274,f,,,,,,
1789013197.844772,508119,f,,,,,,
1789013197.844772,329513,f,,,,,,
1789013197.844772,331519,f,,,,,,
1789013197.844772,508111,f,,,,,,
1789013197.844772,330665,f,,,,,,
1789013197.844772,329503,f,,,,,,
1789013197.844772,508118,f,,,,,,
1789013197.844772,508112,f,,,,,,
1789013197.844772,331074,f,,,,,,
1789013197.844772,330801,f,,,,,,
1789013197.844772,329511,f,,,,,,
1789013197.844772,508088,f,,,,,,
1789013197.844772,329512,f,,,,,,
1789013197.844772,329519,f,,,,,,
1789013197.844772,330182,f,,,,,,
1789013197.844772,330978,f,,,,,,
1789013197.844772,330292,f,,,,,,
1789013197.844772,508132,f,,,,,,
1789013197.844772,508123,f,,,,,,
1789013197.844772,508130,f,,,,,,
1789013197.844772,329547,f,,,,,,
1789013197.844772,329510,f,,,,,,
1789013197.844772,508107,f,,,,,,
1789013197.844772,508109,f,,,,,,
1789013197.844772,329504,f,,,,,,
1789013197.844772,331711,f,,,,,,
1789013197.844772,508092,f,,,,,,
1789013197.844772,329588,f,,,,,,
1789013197.844772,508116,f,,,,,,
1789013197.844772,331398,f,,,,,,
1789013197.844772,329508,f,,,,,,
1789013197.844772,508126,f,,,,,,
1789013197.844772,330534,f,,,,,,
1789013197.844772,508135,f,,,,,,
1789013197.844772,329502,f,,,,,,
1789013197.844772,329568,f,,,,,,
1789013197.844772,508133,f,,,,,,
1789013197.844772,508125,f,,,,,,
1789013197.844772,329506,f,,,,,,
1789013197.844772,508103,f,,,,,,
1789013197.844772,329501,f,,,,,,
1789013197.844772,329976,f,,,,,,
1789013197.844772,508113,f,,,,,,
1789013197.844772,508131,f,,,,,,
1789013197.844772,329726,f,,,,,,
1789013197.844772,508096,f,,,,,,
1789013197.844772,508108,f,,,,,,
1789013197.844772,508114,f,,,,,,
1789013257.984279,331148,f,,,,,,
1789013257.984279,329500,f,,,,,,
1789013257.984279,512674,f,,,,,,
1789013257.984279,329499,f,,,,,,
1789013257.984279,512690,f,,,,,,
1789013257.984279,330421,f,,,,,,
1789013257.984279,512684,f,,,,,,
1789013257.984279,512676,f,,,,,,
1789013257.984279,329509,f,,,,,,
1789013257.984279,512686,f,,,,,,
1789013257.984279,329537,f,,,,,,
1789013257.984279,512695,f,,,,,,
1789013257.984279,512677,f,,,,,,
1789013257.984279,512679,f,,,,,,
1789013257.984279,512710,f,,,,,,
1789013257.984279,512702,f,,,,,,
1789013257.984279,329620,f,,,,,,
1789013257.984279,512688,f,,,,,,
1789013257.984279,329505,f,,,,,,
1789013257.984279,512704,f,,,,,,
1789013257.984279,512673,f,,,,,,
1789013257.984279,329507,f,,,,,,
1789013257.984279,329885,f,,,,,,
1789013257.984279,329666,f,,,,,,
1789013257.984279,512700,f,,,,,,
1789013257.984279,512680,f,,,,,,
1789013257.984279,512685,f,,,,,,
1789013257.984279,512689,f,,,,,,
1789013257.984279,512703,f,,,,,,
1789013257.984279,329493,f,,,,,,
1789013257.984279,330086,f,,,,,,
1789013257.984279,329815,f,,,,,,
1789013257.984279,331274,f,,,,,,
1789013257.984279,329513,f,,,,,,
1789013257.984279,331519,f,,,,,,
1789013257.984279,330665,f,,,,,,
1789013257.984279,329503,f,,,,,,
1789013257.984279,512693,f,,,,,,
1789013257.984279,512691,f,,,,,,
1789013257.984279,512692,f,,,,,,
1789013257.984279,512706,f,,,,,,
1789013257.984279,331074,f,,,,,,
1789013257.984279,330801,f,,,,,,
1789013257.984279,512697,f,,,,,,
1789013257.984279,329511,f,,,,,,
1789013257.984279,329512,f,,,,,,
1789013257.984279,329519,f,,,,,,
1789013257.984279,330182,f,,,,,,
1789013257.984279,512709,f,,,,,,
1789013257.984279,512678,f,,,,,,
1789013257.984279,512675,f,,,,,,
1789013257.984279,330978,f,,,,,,
1789013257.984279,512707,f,,,,,,
1789013257.984279,330292,f,,,,,,
1789013257.984279,329547,f,,,,,,
1789013257.984279,329510,f,,,,,,
1789013257.984279,329504,f,,,,,,
1789013257.984279,331711,f,,,,,,
1789013257.984279,329588,f,,,,,,
1789013257.984279,512701,f,,,,,,
1789013257.984279,331398,f,,,,,,
1789013257.984279,329508,f,,,,,,
1789013257.984279,512708,f,,,,,,
1789013257.984279,330534,f,,,,,,
1789013257.984279,512683,f,,,,,,
1789013257.984279,329502,f,,,,,,
1789013257.984279,512687,f,,,,,,
1789013257.984279,329568,f,,,,,,
1789013257.984279,329506,f,,,,,,
1789013257.984279,512696,f,,,,,,
1789013257.984279,329501,f,,,,,,
1789013257.984279,329976,f,,,,,,
1789013257.984279,512698,f,,,,,,
1789013257.984279,512681,f,,,,,,
1789013257.984279,329726,f,,,,,,
1789013257.984279,512711,f,,,,,,
1789013257.984279,512699,f,,,,,,
1789013317.102213,331148,f,,,,,,
1789013317.102213,329500,f,,,,,,
1789013317.102213,517356,f,,,,,,
1789013317.102213,517355,f,,,,,,
1789013317.102213,517367,f,,,,,,
1789013317.102213,517358,f,,,,,,
1789013317.102213,329499,f,,,,,,
1789013317.102213,517340,f,,,,,,
1789013317.102213,330421,f,,,,,,
1789013317.102213,517349,f,,,,,,
1789013317.102213,329509,f,,,,,,
1789013317.102213,517350,f,,,,,,
1789013317.102213,329537,f,,,,,,
1789013317.102213,517371,f,,,,,,
1789013317.102213,517354,f,,,,,,
1789013317.102213,517365,f,,,,,,
1789013317.102213,517339,f,,,,,,
1789013317.102213,329620,f,,,,,,
1789013317.102213,329505,f,,,,,,
1789013317.102213,517364,f,,,,,,
1789013317.102213,517325,f,,,,,,
1789013317.102213,329507,f,,,,,,
1789013317.102213,517361,f,,,,,,
1789013317.102213,329885,f,,,,,,
1789013317.102213,329666,f,,,,,,
1789013317.102213,517353,f,,,,,,
1789013317.102213,517344,f,,,,,,
1789013317.102213,329493,f,,,,,,
1789013317.102213,330086,f,,,,,,
1789013317.102213,517341,f,,,,,,
1789013317.102213,329815,f,,,,,,
1789013317.102213,331274,f,,,,,,
1789013317.102213,329513,f,,,,,,
1789013317.102213,331519,f,,,,,,
1789013317.102213,517338,f,,,,,,
1789013317.102213,330665,f,,,,,,
1789013317.102213,329503,f,,,,,,
1789013317.102213,517363,f,,,,,,
1789013317.102213,331074,f,,,,,,
1789013317.102213,517345,f,,,,,,
1789013317.102213,330801,f,,,,,,
1789013317.102213,517362,f,,,,,,
1789013317.102213,517352,f,,,,,,
1789013317.102213,329511,f,,,,,,
1789013317.102213,329512,f,,,,,,
1789013317.102213,329519,f,,,,,,
1789013317.102213,330182,f,,,,,,
1789013317.102213,517351,f,,,,,,
1789013317.102213,330978,f,,,,,,
1789013317.102213,330292,f,,,,,,
1789013317.102213,329547,f,,,,,,
1789013317.102213,329510,f,,,,,,
1789013317.102213,329504,f,,,,,,
1789013317.102213,331711,f,,,,,,
1789013317.102213,517359,f,,,,,,
1789013317.102213,329588,f,,,,,,
1789013317.102213,517360,f,,,,,,
1789013317.102213,331398,f,,,,,,
1789013317.102213,329508,f,,,,,,
1789013317.102213,330534,f,,,,,,
1789013317.102213,329502,f,,,,,,
1789013317.102213,329568,f,,,,,,
1789013317.102213,329506,f,,,,,,
1789013317.102213,329501,f,,,,,,
1789013317.102213,329976,f,,,,,,
1789013317.102213,517333,f,,,,,,
1789013317.102213,329726,f,,,,,,
1789013317.102213,517347,f,,,,,,
1789013317.102213,517368,f,,,,,,
1789013317.102213,517346,f,,,,,,
1789013377.195441,331148,f,,,,,,
1789013377.195441,522050,f,,,,,,
1789013377.195441,329500,f,,,,,,
1789013377.195441,522064,f,,,,,,
1789013377.195441,522043,f,,,,,,
1789013377.195441,329499,f,,,,,,
1789013377.195441,330421,f,,,,,,
1789013377.195441,522074,f,,,,,,
1789013377.195441,329509,f,,,,,,
1789013377.195441,329537,f,,,,,,
1789013377.195441,522057,f,,,,,,
1789013377.195441,522042,f,,,,,,
1789013377.195441,329620,f,,,,,,
1789013377.195441,329505,f,,,,,,
1789013377.195441,522063,f,,,,,,
1789013377.195441,329507,f,,,,,,
1789013377.195441,329885,f,,,,,,
1789013377.195441,329666,f,,,,,,
1789013377.195441,329493,f,,,,,,
1789013377.195441,330086,f,,,,,,
1789013377.195441,522052,f,,,,,,
1789013377.195441,329815,f,,,,,,
1789013377.195441,331274,f,,,,,,
1789013377.195441,329513,f,,,,,,
1789013377.195441,522046,f,,,,,,
1789013377.195441,522075,f,,,,,,
1789013377.195441,331519,f,,,,,,
1789013377.195441,522067,f,,,,,,
1789013377.195441,330665,f,,,,,,
1789013377.195441,329503,f,,,,,,
1789013377.195441,522077,f,,,,,,
1789013377.195441,522072,f,,,,,,
1789013377.195441,522071,f,,,,,,
1789013377.195441,522068,f,,,,,,
1789013377.195441,522062,f,,,,,,
1789013377.195441,331074,f,,,,,,
1789013377.195441,330801,f,,,,,,
1789013377.195441,329511,f,,,,,,
1789013377.195441,329512,f,,,,,,
1789013377.195441,329519,f,,,,,,
1789013377.195441,330182,f,,,,,,
1789013377.195441,522070,f,,,,,,
1789013377.195441,522061,f,,,,,,
1789013377.195441,330978,f,,,,,,
1789013377.195441,330292,f,,,,,,
1789013377.195441,329547,f,,,,,,
1789013377.195441,329510,f,,,,,,
1789013377.195441,522080,f,,,,,,
1789013377.195441,329504,f,,,,,,
1789013377.195441,331711,f,,,,,,
1789013377.195441,329588,f,,,,,,
1789013377.195441,522076,f,,,,,,
1789013377.195441,331398,f,,,,,,
1789013377.195441,329508,f,,,,,,
1789013377.195441,522059,f,,,,,,
1789013377.195441,330534,f,,,,,,
1789013377.195441,329502,f,,,,,,
1789013377.195441,329568,f,,,,,,
1789013377.195441,522066,f,,,,,,
1789013377.195441,522060,f,,,,,,
1789013377.195441,329506,f,,,,,,
1789013377.195441,522058,f,,,,,,
1789013377.195441,522073,f,,,,,,
1789013377.195441,522055,f,,,,,,
1789013377.195441,329501,f,,,,,,
1789013377.195441,329976,f,,,,,,
1789013377.195441,522056,f,,,,,,
1789013377.195441,329726,f,,,,,,
1789013377.195441,522051,f,,,,,,
1789013377.195441,522049,f,,,,,,
1789013377.195441,522069,f,,,,,,
1789013437.313538,331148,f,,,,,,
1789013437.313538,526643,f,,,,,,
1789013437.313538,329500,f,,,,,,
1789013437.313538,526635,f,,,,,,
1789013437.313538,329499,f,,,,,,
1789013437.313538,330421,f,,,,,,
1789013437.313538,329509,f,,,,,,
1789013437.313538,526642,f,,,,,,
1789013437.313538,526637,f,,,,,,
1789013437.313538,329537,f,,,,,,
1789013437.313538,526629,f,,,,,,
1789013437.313538,526646,f,,,,,,
1789013437.313538,526649,f,,,,,,
1789013437.313538,329620,f,,,,,,
1789013437.313538,329505,f,,,,,,
1789013437.313538,526634,f,,,,,,
1789013437.313538,329507,f,,,,,,
1789013437.313538,526658,f,,,,,,
1789013437.313538,329885,f,,,,,,
1789013437.313538,526625,f,,,,,,
1789013437.313538,329666,f,,,,,,
1789013437.313538,526633,f,,,,,,
1789013437.313538,526636,f,,,,,,
1789013437.313538,526665,f,,,,,,
1789013437.313538,329493,f,,,,,,
1789013437.313538,526650,f,,,,,,
1789013437.313538,330086,f,,,,,,
1789013437.313538,329815,f,,,,,,
1789013437.313538,331274,f,,,,,,
1789013437.313538,329513,f,,,,,,
1789013437.313538,331519,f,,,,,,
1789013437.313538,526627,f,,,,,,
1789013437.313538,330665,f,,,,,,
1789013437.313538,329503,f,,,,,,
1789013437.313538,526644,f,,,,,,
1789013437.313538,331074,f,,,,,,
1789013437.313538,330801,f,,,,,,
1789013437.313538,526659,f,,,,,,
1789013437.313538,526628,f,,,,,,
1789013437.313538,329511,f,,,,,,
1789013437.313538,329512,f,,,,,,
1789013437.313538,329519,f,,,,,,
1789013437.313538,330182,f,,,,,,
1789013437.313538,526640,f,,,,,,
1789013437.313538,330978,f,,,,,,
1789013437.313538,526654,f,,,,,,
1789013437.313538,330292,f,,,,,,
1789013437.313538,526639,f,,,,,,
1789013437.313538,329547,f,,,,,,
1789013437.313538,329510,f,,,,,,
1789013437.313538,329504,f,,,,,,
1789013437.313538,526657,f,,,,,,
1789013437.313538,331711,f,,,,,,
1789013437.313538,526656,f,,,,,,
1789013437.313538,329588,f,,,,,,
1789013437.313538,526638,f,,,,,,
1789013437.313538,526631,f,,,,,,
1789013437.313538,331398,f,,,,,,
1789013437.313538,329508,f,,,,,,
1789013437.313538,526626,f,,,,,,
1789013437.313538,526663,f,,,,,,
1789013437.313538,330534,f,,,,,,
1789013437.313538,329502,f,,,,,,
1789013437.313538,329568,f,,,,,,
1789013437.313538,526630,f,,,,,,
1789013437.313538,526648,f,,,,,,
1789013437.313538,329506,f,,,,,,
1789013437.313538,329501,f,,,,,,
1789013437.313538,329976,f,,,,,,
1789013437.313538,526641,f,,,,,,
1789013437.313538,526655,f,,,,,,
1789013437.313538,329726,f,,,,,,
1789013437.313538,526647,f,,,,,,
1789013437.313538,526632,f,,,,,,
1789013437.313538,526645,f,,,,,,
1789013437.313538,526651,f,,,,,,
1789013497.412704,331148,f,,,,,,
1789013497.412704,531391,f,,,,,,
1789013497.412704,329500,f,,,,,,
1789013497.412704,531366,f,,,,,,
1789013497.412704,531388,f,,,,,,
1789013497.412704,531377,f,,,,,,
1789013497.412704,531376,f,,,,,,
1789013497.412704,329499,f,,,,,,
1789013497.412704,330421,f,,,,,,
1789013497.412704,531375,f,,,,,,
1789013497.412704,329509,f,,,,,,
1789013497.412704,531372,f,,,,,,
1789013497.412704,329537,f,,,,,,
1789013497.412704,531370,f,,,,,,
1789013497.412704,531382,f,,,,,,
1789013497.412704,531359,f,,,,,,
1789013497.412704,531379,f,,,,,,
1789013497.412704,531387,f,,,,,,
1789013497.412704,329620,f,,,,,,
1789013497.412704,531390,f,,,,,,
1789013497.412704,329505,f,,,,,,
1789013497.412704,329507,f,,,,,,
1789013497.412704,531362,f,,,,,,
1789013497.412704,329885,f,,,,,,
1789013497.412704,329666,f,,,,,,
1789013497.412704,531394,f,,,,,,
1789013497.412704,531369,f,,,,,,
1789013497.412704,329493,f,,,,,,
1789013497.412704,531373,f,,,,,,
1789013497.412704,330086,f,,,,,,
1789013497.412704,329815,f,,,,,,
1789013497.412704,331274,f,,,,,,
1789013497.412704,329513,f,,,,,,
1789013497.412704,331519,f,,,,,,
1789013497.412704,531396,f,,,,,,
1789013497.412704,330665,f,,,,,,
1789013497.412704,329503,f,,,,,,
1789013497.412704,531386,f,,,,,,
1789013497.412704,331074,f,,,,,,
1789013497.412704,330801,f,,,,,,
1789013497.412704,531374,f,,,,,,
1789013497.412704,329511,f,,,,,,
1789013497.412704,531358,f,,,,,,
1789013497.412704,329512,f,,,,,,
1789013497.412704,329519,f,,,,,,
1789013497.412704,330182,f,,,,,,
1789013497.412704,330978,f,,,,,,
1789013497.412704,531393,f,,,,,,
1789013497.412704,330292,f,,,,,,
1789013497.412704,531361,f,,,,,,
1789013497.412704,329547,f,,,,,,
1789013497.412704,329510,f,,,,,,
1789013497.412704,329504,f,,,,,,
1789013497.412704,331711,f,,,,,,
1789013497.412704,329588,f,,,,,,
1789013497.412704,531397,f,,,,,,
1789013497.412704,331398,f,,,,,,
1789013497.412704,329508,f,,,,,,
1789013497.412704,330534,f,,,,,,
1789013497.412704,531383,f,,,,,,
1789013497.412704,329502,f,,,,,,
1789013497.412704,329568,f,,,,,,
1789013497.412704,531395,f,,,,,,
1789013497.412704,531378,f,,,,,,
1789013497.412704,329506,f,,,,,,
1789013497.412704,329501,f,,,,,,
1789013497.412704,329976,f,,,,,,
1789013497.412704,531384,f,,,,,,
1789013497.412704,329726,f,,,,,,
1789013497.412704,531371,f,,,,,,
1789013497.412704,531389,f,,,,,,
1789013497.412704,531360,f,,,,,,
1789013557.521481,331148,f,,,,,,
1789013557.521481,535945,f,,,,,,
1789013557.521481,535913,f,,,,,,
1789013557.521481,329500,f,,,,,,
1789013557.521481,535922,f,,,,,,
1789013557.521481,535919,f,,,,,,
1789013557.521481,535909,f,,,,,,
1789013557.521481,535942,f,,,,,,
1789013557.521481,535937,f,,,,,,
1789013557.521481,329499,f,,,,,,
1789013557.521481,535947,f,,,,,,
1789013557.521481,330421,f,,,,,,
1789013557.521481,329509,f,,,,,,
1789013557.521481,329537,f,,,,,,
1789013557.521481,535932,f,,,,,,
1789013557.521481,535902,f,,,,,,
1789013557.521481,535939,f,,,,,,
1789013557.521481,329620,f,,,,,,
1789013557.521481,329505,f,,,,,,
1789013557.521481,535929,f,,,,,,
1789013557.521481,329507,f,,,,,,
1789013557.521481,329885,f,,,,,,
1789013557.521481,329666,f,,,,,,
1789013557.521481,535926,f,,,,,,
1789013557.521481,535935,f,,,,,,
1789013557.521481,535925,f,,,,,,
1789013557.521481,329493,f,,,,,,
1789013557.521481,535911,f,,,,,,
1789013557.521481,330086,f,,,,,,
1789013557.521481,329815,f,,,,,,
1789013557.521481,331274,f,,,,,,
1789013557.521481,329513,f,,,,,,
1789013557.521481,331519,f,,,,,,
1789013557.521481,330665,f,,,,,,
1789013557.521481,329503,f,,,,,,
1789013557.521481,535944,f,,,,,,
1789013557.521481,535928,f,,,,,,
1789013557.521481,535930,f,,,,,,
1789013557.521481,331074,f,,,,,,
1789013557.521481,535910,f,,,,,,
1789013557.521481,330801,f,,,,,,
1789013557.521481,535908,f,,,,,,
1789013557.521481,535946,f,,,,,,
1789013557.521481,329511,f,,,,,,
1789013557.521481,329512,f,,,,,,
1789013557.521481,329519,f,,,,,,
1789013557.521481,330182,f,,,,,,
1789013557.521481,535903,f,,,,,,
1789013557.521481,330978,f,,,,,,
1789013557.521481,330292,f,,,,,,
1789013557.521481,535921,f,,,,,,
1789013557.521481,535931,f,,,,,,
1789013557.521481,535943,f,,,,,,
1789013557.521481,329547,f,,,,,,
1789013557.521481,329510,f,,,,,,
1789013557.521481,535936,f,,,,,,
1789013557.521481,535907,f,,,,,,
1789013557.521481,535938,f,,,,,,
1789013557.521481,329504,f,,,,,,
1789013557.521481,331711,f,,,,,,
1789013557.521481,329588,f,,,,,,
1789013557.521481,331398,f,,,,,,
1789013557.521481,329508,f,,,,,,
1789013557.521481,330534,f,,,,,,
1789013557.521481,329502,f,,,,,,
1789013557.521481,329568,f,,,,,,
1789013557.521481,535941,f,,,,,,
1789013557.521481,329506,f,,,,,,
1789013557.521481,329501,f,,,,,,
1789013557.521481,329976,f,,,,,,
1789013557.521481,329726,f,,,,,,
1789013557.521481,535914,f,,,,,,
1789013617.641455,331148,f,,,,,,
1789013617.641455,329500,f,,,,,,
1789013617.641455,540708,f,,,,,,
1789013617.641455,329499,f,,,,,,
1789013617.641455,330421,f,,,,,,
1789013617.641455,329509,f,,,,,,
1789013617.641455,329537,f,,,,,,
1789013617.641455,329620,f,,,,,,
1789013617.641455,329505,f,,,,,,
1789013617.641455,540720,f,,,,,,
1789013617.641455,329507,f,,,,,,
1789013617.641455,329885,f,,,,,,
1789013617.641455,329666,f,,,,,,
1789013617.641455,329493,f,,,,,,
1789013617.641455,330086,f,,,,,,
1789013617.641455,329815,f,,,,,,
1789013617.641455,331274,f,,,,,,
1789013617.641455,329513,f,,,,,,
1789013617.641455,331519,f,,,,,,
1789013617.641455,330665,f,,,,,,
1789013617.641455,329503,f,,,,,,
1789013617.641455,540695,f,,,,,,
1789013617.641455,331074,f,,,,,,
1789013617.641455,540704,f,,,,,,
1789013617.641455,330801,f,,,,,,
1789013617.641455,329511,f,,,,,,
1789013617.641455,329512,f,,,,,,
1789013617.641455,329519,f,,,,,,
1789013617.641455,330182,f,,,,,,
1789013617.641455,330978,f,,,,,,
1789013617.641455,330292,f,,,,,,
1789013617.641455,540701,f,,,,,,
1789013617.641455,329547,f,,,,,,
1789013617.641455,329510,f,,,,,,
1789013617.641455,329504,f,,,,,,
1789013617.641455,331711,f,,,,,,
1789013617.641455,329588,f,,,,,,
1789013617.641455,540712,f,,,,,,
1789013617.641455,331398,f,,,,,,
1789013617.641455,329508,f,,,,,,
1789013617.641455,330534,f,,,,,,
1789013617.641455,329502,f,,,,,,
1789013617.641455,329568,f,,,,,,
1789013617.641455,329506,f,,,,,,
1789013617.641455,540715,f,,,,,,
1789013617.641455,329501,f,,,,,,
1789013617.641455,329976,f,,,,,,
1789013617.641455,329726,f,,,,,,
1789013677.697649,331148,f,,,,,,
1789013677.697649,545355,f,,,,,,
1789013677.697649,329500,f,,,,,,
1789013677.697649,545347,f,,,,,,
1789013677.697649,545353,f,,,,,,
1789013677.697649,545351,f,,,,,,
1789013677.697649,545348,f,,,,,,
1789013677.697649,329499,f,,,,,,
1789013677.697649,545361,f,,,,,,
1789013677.697649,330421,f,,,,,,
1789013677.697649,545350,f,,,,,,
1789013677.697649,329509,f,,,,,,
1789013677.697649,545360,f,,,,,,
1789013677.697649,329537,f,,,,,,
1789013677.697649,545342,f,,,,,,
1789013677.697649,545362,f,,,,,,
1789013677.697649,329620,f,,,,,,
1789013677.697649,329505,f,,,,,,
1789013677.697649,329507,f,,,,,,
1789013677.697649,329885,f,,,,,,
1789013677.697649,329666,f,,,,,,
1789013677.697649,545344,f,,,,,,
1789013677.697649,329493,f,,,,,,
1789013677.697649,330086,f,,,,,,
1789013677.697649,329815,f,,,,,,
1789013677.697649,331274,f,,,,,,
1789013677.697649,329513,f,,,,,,
1789013677.697649,545352,f,,,,,,
1789013677.697649,331519,f,,,,,,
1789013677.697649,545341,f,,,,,,
1789013677.697649,330665,f,,,,,,
1789013677.697649,329503,f,,,,,,
1789013677.697649,545343,f,,,,,,
1789013677.697649,545333,f,,,,,,
1789013677.697649,331074,f,,,,,,
1789013677.697649,330801,f,,,,,,
1789013677.697649,545339,f,,,,,,
1789013677.697649,329511,f,,,,,,
1789013677.697649,329512,f,,,,,,
1789013677.697649,329519,f,,,,,,
1789013677.697649,330182,f,,,,,,
1789013677.697649,330978,f,,,,,,
1789013677.697649,330292,f,,,,,,
1789013677.697649,545363,f,,,,,,
1789013677.697649,545337,f,,,,,,
1789013677.697649,329547,f,,,,,,
1789013677.697649,329510,f,,,,,,
1789013677.697649,545345,f,,,,,,
1789013677.697649,545346,f,,,,,,
1789013677.697649,329504,f,,,,,,
1789013677.697649,331711,f,,,,,,
1789013677.697649,329588,f,,,,,,
1789013677.697649,331398,f,,,,,,
1789013677.697649,329508,f,,,,,,
1789013677.697649,545331,f,,,,,,
1789013677.697649,545335,f,,,,,,
1789013677.697649,330534,f,,,,,,
1789013677.697649,329502,f,,,,,,
1789013677.697649,329568,f,,,,,,
1789013677.697649,545332,f,,,,,,
1789013677.697649,329506,f,,,,,,
1789013677.697649,545358,f,,,,,,
1789013677.697649,545340,f,,,,,,
1789013677.697649,329501,f,,,,,,
1789013677.697649,329976,f,,,,,,
1789013677.697649,545336,f,,,,,,
1789013677.697649,329726,f,,,,,,
1789013677.697649,545334,f,,,,,,
1789013677.697649,545338,f,,,,,,
1789013737.812943,331148,f,,,,,,
1789013737.812943,329500,f,,,,,,
1789013737.812943,549956,f,,,,,,
1789013737.812943,549954,f,,,,,,
1789013737.812943,549953,f,,,,,,
1789013737.812943,329499,f,,,,,,
1789013737.812943,549935,f,,,,,,
1789013737.812943,330421,f,,,,,,
1789013737.812943,549927,f,,,,,,
1789013737.812943,329509,f,,,,,,
1789013737.812943,549922,f,,,,,,
1789013737.812943,329537,f,,,,,,
1789013737.812943,549925,f,,,,,,
1789013737.812943,549946,f,,,,,,
1789013737.812943,549926,f,,,,,,
1789013737.812943,329620,f,,,,,,
1789013737.812943,329505,f,,,,,,
1789013737.812943,329507,f,,,,,,
1789013737.812943,329885,f,,,,,,
1789013737.812943,549938,f,,,,,,
1789013737.812943,329666,f,,,,,,
1789013737.812943,549947,f,,,,,,
1789013737.812943,549928,f,,,,,,
1789013737.812943,549924,f,,,,,,
1789013737.812943,329493,f,,,,,,
1789013737.812943,549945,f,,,,,,
1789013737.812943,549934,f,,,,,,
1789013737.812943,330086,f,,,,,,
1789013737.812943,329815,f,,,,,,
1789013737.812943,331274,f,,,,,,
1789013737.812943,329513,f,,,,,,
1789013737.812943,331519,f,,,,,,
1789013737.812943,549944,f,,,,,,
1789013737.812943,330665,f,,,,,,
1789013737.812943,329503,f,,,,,,
1789013737.812943,549943,f,,,,,,
1789013737.812943,549930,f,,,,,,
1789013737.812943,549923,f,,,,,,
1789013737.812943,331074,f,,,,,,
1789013737.812943,549942,f,,,,,,
1789013737.812943,330801,f,,,,,,
1789013737.812943,549940,f,,,,,,
1789013737.812943,329511,f,,,,,,
1789013737.812943,329512,f,,,,,,
1789013737.812943,329519,f,,,,,,
1789013737.812943,330182,f,,,,,,
1789013737.812943,549952,f,,,,,,
1789013737.812943,330978,f,,,,,,
1789013737.812943,549932,f,,,,,,
1789013737.812943,330292,f,,,,,,
1789013737.812943,329547,f,,,,,,
1789013737.812943,329510,f,,,,,,
1789013737.812943,329504,f,,,,,,
1789013737.812943,549931,f,,,,,,
1789013737.812943,331711,f,,,,,,
1789013737.812943,329588,f,,,,,,
1789013737.812943,549950,f,,,,,,
1789013737.812943,331398,f,,,,,,
1789013737.812943,329508,f,,,,,,
1789013737.812943,549949,f,,,,,,
1789013737.812943,549936,f,,,,,,
1789013737.812943,549948,f,,,,,,
1789013737.812943,330534,f,,,,,,
1789013737.812943,549941,f,,,,,,
1789013737.812943,549933,f,,,,,,
1789013737.812943,329502,f,,,,,,
1789013737.812943,329568,f,,,,,,
1789013737.812943,329506,f,,,,,,
1789013737.812943,329501,f,,,,,,
1789013737.812943,329976,f,,,,,,
1789013737.812943,329726,f,,,,,,
1789013737.812943,549929,f,,,,,,
1789013737.812943,549937,f,,,,,,
1789013797.909291,331148,f,,,,,,
1789013797.909291,554678,f,,,,,,
1789013797.909291,329500,f,,,,,,
1789013797.909291,554680,f,,,,,,
1789013797.909291,329499,f,,,,,,
1789013797.909291,554663,f,,,,,,
1789013797.909291,330421,f,,,,,,
1789013797.909291,329509,f,,,,,,
1789013797.909291,329537,f,,,,,,
1789013797.909291,554679,f,,,,,,
1789013797.909291,554669,f,,,,,,
1789013797.909291,329620,f,,,,,,
1789013797.909291,329505,f,,,,,,
1789013797.909291,329507,f,,,,,,
1789013797.909291,329885,f,,,,,,
1789013797.909291,329666,f,,,,,,
1789013797.909291,554654,f,,,,,,
1789013797.909291,554682,f,,,,,,
1789013797.909291,554655,f,,,,,,
1789013797.909291,554657,f,,,,,,
1789013797.909291,329493,f,,,,,,
1789013797.909291,330086,f,,,,,,
1789013797.909291,329815,f,,,,,,
1789013797.909291,331274,f,,,,,,
1789013797.909291,329513,f,,,,,,
1789013797.909291,331519,f,,,,,,
1789013797.909291,554690,f,,,,,,
1789013797.909291,554675,f,,,,,,
1789013797.909291,330665,f,,,,,,
1789013797.909291,554660,f,,,,,,
1789013797.909291,554688,f,,,,,,
1789013797.909291,329503,f,,,,,,
1789013797.909291,554658,f,,,,,,
1789013797.909291,554670,f,,,,,,
1789013797.909291,554671,f,,,,,,
1789013797.909291,331074,f,,,,,,
1789013797.909291,330801,f,,,,,,
1789013797.909291,554664,f,,,,,,
1789013797.909291,329511,f,,,,,,
1789013797.909291,329512,f,,,,,,
1789013797.909291,329519,f,,,,,,
1789013797.909291,330182,f,,,,,,
1789013797.909291,554676,f,,,,,,
1789013797.909291,330978,f,,,,,,
1789013797.909291,554685,f,,,,,,
1789013797.909291,554687,f,,,,,,
1789013797.909291,330292,f,,,,,,
1789013797.909291,554693,f,,,,,,
1789013797.909291,554683,f,,,,,,
1789013797.909291,329547,f,,,,,,
1789013797.909291,329510,f,,,,,,
1789013797.909291,329504,f,,,,,,
1789013797.909291,554659,f,,,,,,
1789013797.909291,554686,f,,,,,,
1789013797.909291,331711,f,,,,,,
1789013797.909291,329588,f,,,,,,
1789013797.909291,554681,f,,,,,,
1789013797.909291,331398,f,,,,,,
1789013797.909291,329508,f,,,,,,
1789013797.909291,554684,f,,,,,,
1789013797.909291,554665,f,,,,,,
1789013797.909291,330534,f,,,,,,
1789013797.909291,329502,f,,,,,,
1789013797.909291,329568,f,,,,,,
1789013797.909291,554668,f,,,,,,
1789013797.909291,329506,f,,,,,,
1789013797.909291,329501,f,,,,,,
1789013797.909291,329976,f,,,,,,
1789013797.909291,329726,f,,,,,,
1789013797.909291,554656,f,,,,,,
1789013797.909291,554689,f,,,,,,
1789013797.909291,554677,f,,,,,,
1789013797.909291,554692,f,,,,,,
1789013858.011041,331148,f,,,,,,
1789013858.011041,559074,f,,,,,,
1789013858.011041,559090,f,,,,,,
1789013858.011041,329500,f,,,,,,
1789013858.011041,559092,f,,,,,,
1789013858.011041,329499,f,,,,,,
1789013858.011041,330421,f,,,,,,
1789013858.011041,559056,f,,,,,,
1789013858.011041,329509,f,,,,,,
1789013858.011041,559079,f,,,,,,
1789013858.011041,329537,f,,,,,,
1789013858.011041,559087,f,,,,,,
1789013858.011041,329620,f,,,,,,
1789013858.011041,329505,f,,,,,,
1789013858.011041,329507,f,,,,,,
1789013858.011041,559081,f,,,,,,
1789013858.011041,559055,f,,,,,,
1789013858.011041,329885,f,,,,,,
1789013858.011041,329666,f,,,,,,
1789013858.011041,559075,f,,,,,,
1789013858.011041,559054,f,,,,,,
1789013858.011041,559057,f,,,,,,
1789013858.011041,559064,f,,,,,,
1789013858.011041,329493,f,,,,,,
1789013858.011041,330086,f,,,,,,
1789013858.011041,329815,f,,,,,,
1789013858.011041,331274,f,,,,,,
1789013858.011041,329513,f,,,,,,
1789013858.011041,331519,f,,,,,,
1789013858.011041,559076,f,,,,,,
1789013858.011041,559084,f,,,,,,
1789013858.011041,330665,f,,,,,,
1789013858.011041,559053,f,,,,,,
1789013858.011041,329503,f,,,,,,
1789013858.011041,559052,f,,,,,,
1789013858.011041,331074,f,,,,,,
1789013858.011041,559086,f,,,,,,
1789013858.011041,559077,f,,,,,,
1789013858.011041,330801,f,,,,,,
1789013858.011041,559058,f,,,,,,
1789013858.011041,559080,f,,,,,,
1789013858.011041,559063,f,,,,,,
1789013858.011041,559082,f,,,,,,
1789013858.011041,329511,f,,,,,,
1789013858.011041,329512,f,,,,,,
1789013858.011041,329519,f,,,,,,
1789013858.011041,330182,f,,,,,,
1789013858.011041,330978,f,,,,,,
1789013858.011041,330292,f,,,,,,
1789013858.011041,559059,f,,,,,,
1789013858.011041,329547,f,,,,,,
1789013858.011041,329510,f,,,,,,
1789013858.011041,559094,f,,,,,,
1789013858.011041,329504,f,,,,,,
1789013858.011041,559089,f,,,,,,
1789013858.011041,331711,f,,,,,,
1789013858.011041,559065,f,,,,,,
1789013858.011041,329588,f,,,,,,
1789013858.011041,331398,f,,,,,,
1789013858.011041,329508,f,,,,,,
1789013858.011041,559093,f,,,,,,
1789013858.011041,559091,f,,,,,,
1789013858.011041,559060,f,,,,,,
1789013858.011041,559078,f,,,,,,
1789013858.011041,330534,f,,,,,,
1789013858.011041,329502,f,,,,,,
1789013858.011041,329568,f,,,,,,
1789013858.011041,559072,f,,,,,,
1789013858.011041,329506,f,,,,,,
1789013858.011041,559062,f,,,,,,
1789013858.011041,559085,f,,,,,,
1789013858.011041,329501,f,,,,,,
1789013858.011041,329976,f,,,,,,
1789013858.011041,329726,f,,,,,,
1789013858.011041,559088,f,,,,,,
1789013858.011041,559083,f,,,,,,
1789013858.011041,559061,f,,,,,,
1789013917.141233,331148,f,,,,,,
1789013917.141233,563775,f,,,,,,
1789013917.141233,563779,f,,,,,,
1789013917.141233,329500,f,,,,,,
1789013917.141233,563763,f,,,,,,
1789013917.141233,329499,f,,,,,,
1789013917.141233,563784,f,,,,,,
1789013917.141233,330421,f,,,,,,
1789013917.141233,329509,f,,,,,,
1789013917.141233,563758,f,,,,,,
1789013917.141233,563783,f,,,,,,
1789013917.141233,329537,f,,,,,,
1789013917.141233,563774,f,,,,,,
1789013917.141233,563756,f,,,,,,
1789013917.141233,563747,f,,,,,,
1789013917.141233,329620,f,,,,,,
1789013917.141233,329505,f,,,,,,
1789013917.141233,329507,f,,,,,,
1789013917.141233,329885,f,,,,,,
1789013917.141233,329666,f,,,,,,
1789013917.141233,563761,f,,,,,,
1789013917.141233,329493,f,,,,,,
1789013917.141233,330086,f,,,,,,
1789013917.141233,329815,f,,,,,,
1789013917.141233,331274,f,,,,,,
1789013917.141233,329513,f,,,,,,
1789013917.141233,331519,f,,,,,,
1789013917.141233,563772,f,,,,,,
1789013917.141233,563755,f,,,,,,
1789013917.141233,330665,f,,,,,,
1789013917.141233,329503,f,,,,,,
1789013917.141233,563773,f,,,,,,
1789013917.141233,331074,f,,,,,,
1789013917.141233,330801,f,,,,,,
1789013917.141233,329511,f,,,,,,
1789013917.141233,329512,f,,,,,,
1789013917.141233,329519,f,,,,,,
1789013917.141233,330182,f,,,,,,
1789013917.141233,330978,f,,,,,,
1789013917.141233,330292,f,,,,,,
1789013917.141233,563748,f,,,,,,
1789013917.141233,563752,f,,,,,,
1789013917.141233,329547,f,,,,,,
1789013917.141233,329510,f,,,,,,
1789013917.141233,563744,f,,,,,,
1789013917.141233,563767,f,,,,,,
1789013917.141233,329504,f,,,,,,
1789013917.141233,331711,f,,,,,,
1789013917.141233,563753,f,,,,,,
1789013917.141233,563781,f,,,,,,
1789013917.141233,329588,f,,,,,,
1789013917.141233,563778,f,,,,,,
1789013917.141233,331398,f,,,,,,
1789013917.141233,329508,f,,,,,,
1789013917.141233,330534,f,,,,,,
1789013917.141233,329502,f,,,,,,
1789013917.141233,329568,f,,,,,,
1789013917.141233,329506,f,,,,,,
1789013917.141233,563771,f,,,,,,
1789013917.141233,329501,f,,,,,,
1789013917.141233,329976,f,,,,,,
1789013917.141233,329726,f,,,,,,
1789013917.141233,563749,f,,,,,,
1789013917.141233,563780,f,,,,,,
1789013977.219541,331148,f,,,,,,
1789013977.219541,568361,f,,,,,,
1789013977.219541,568362,f,,,,,,
1789013977.219541,329500,f,,,,,,
1789013977.219541,568365,f,,,,,,
1789013977.219541,329499,f,,,,,,
1789013977.219541,568366,f,,,,,,
1789013977.219541,330421,f,,,,,,
1789013977.219541,568378,f,,,,,,
1789013977.219541,329509,f,,,,,,
1789013977.219541,568346,f,,,,,,
1789013977.219541,329537,f,,,,,,
1789013977.219541,568367,f,,,,,,
1789013977.219541,568358,f,,,,,,
1789013977.219541,329620,f,,,,,,
1789013977.219541,329505,f,,,,,,
1789013977.219541,329507,f,,,,,,
1789013977.219541,329885,f,,,,,,
1789013977.219541,329666,f,,,,,,
1789013977.219541,568344,f,,,,,,
1789013977.219541,568376,f,,,,,,
1789013977.219541,568352,f,,,,,,
1789013977.219541,329493,f,,,,,,
1789013977.219541,568356,f,,,,,,
1789013977.219541,330086,f,,,,,,
1789013977.219541,568370,f,,,,,,
1789013977.219541,329815,f,,,,,,
1789013977.219541,331274,f,,,,,,
1789013977.219541,329513,f,,,,,,
1789013977.219541,331519,f,,,,,,
1789013977.219541,330665,f,,,,,,
1789013977.219541,568354,f,,,,,,
1789013977.219541,329503,f,,,,,,
1789013977.219541,568353,f,,,,,,
1789013977.219541,331074,f,,,,,,
1789013977.219541,330801,f,,,,,,
1789013977.219541,329511,f,,,,,,
1789013977.219541,568371,f,,,,,,
1789013977.219541,329512,f,,,,,,
1789013977.219541,568380,f,,,,,,
1789013977.219541,329519,f,,,,,,
1789013977.219541,330182,f,,,,,,
1789013977.219541,330978,f,,,,,,
1789013977.219541,568355,f,,,,,,
1789013977.219541,568368,f,,,,,,
1789013977.219541,568369,f,,,,,,
1789013977.219541,330292,f,,,,,,
1789013977.219541,329547,f,,,,,,
1789013977.219541,329510,f,,,,,,
1789013977.219541,329504,f,,,,,,
1789013977.219541,331711,f,,,,,,
1789013977.219541,329588,f,,,,,,
1789013977.219541,331398,f,,,,,,
1789013977.219541,568351,f,,,,,,
1789013977.219541,329508,f,,,,,,
1789013977.219541,330534,f,,,,,,
1789013977.219541,568373,f,,,,,,
1789013977.219541,329502,f,,,,,,
1789013977.219541,329568,f,,,,,,
1789013977.219541,568343,f,,,,,,
1789013977.219541,568364,f,,,,,,
1789013977.219541,568375,f,,,,,,
1789013977.219541,329506,f,,,,,,
1789013977.219541,568359,f,,,,,,
1789013977.219541,568381,f,,,,,,
1789013977.219541,568360,f,,,,,,
1789013977.219541,329501,f,,,,,,
1789013977.219541,329976,f,,,,,,
1789013977.219541,568350,f,,,,,,
1789013977.219541,568379,f,,,,,,
1789013977.219541,568372,f,,,,,,
1789013977.219541,329726,f,,,,,,
1789013977.219541,568374,f,,,,,,
1789013977.219541,568377,f,,,,,,
1789013977.219541,568363,f,,,,,,
1789014037.318829,331148,f,,,,,,
1789014037.318829,572984,f,,,,,,
1789014037.318829,573012,f,,,,,,
1789014037.318829,573002,f,,,,,,
1789014037.318829,329500,f,,,,,,
1789014037.318829,573016,f,,,,,,
1789014037.318829,573010,f,,,,,,
1789014037.318829,573023,f,,,,,,
1789014037.318829,329499,f,,,,,,
1789014037.318829,330421,f,,,,,,
1789014037.318829,329509,f,,,,,,
1789014037.318829,572997,f,,,,,,
1789014037.318829,329537,f,,,,,,
1789014037.318829,573008,f,,,,,,
1789014037.318829,573019,f,,,,,,
1789014037.318829,329620,f,,,,,,
1789014037.318829,329505,f,,,,,,
1789014037.318829,572996,f,,,,,,
1789014037.318829,573007,f,,,,,,
1789014037.318829,329507,f,,,,,,
1789014037.318829,573021,f,,,,,,
1789014037.318829,329885,f,,,,,,
1789014037.318829,329666,f,,,,,,
1789014037.318829,329493,f,,,,,,
1789014037.318829,330086,f,,,,,,
1789014037.318829,329815,f,,,,,,
1789014037.318829,331274,f,,,,,,
1789014037.318829,329513,f,,,,,,
1789014037.318829,331519,f,,,,,,
1789014037.318829,330665,f,,,,,,
1789014037.318829,572998,f,,,,,,
1789014037.318829,329503,f,,,,,,
1789014037.318829,573015,f,,,,,,
1789014037.318829,331074,f,,,,,,
1789014037.318829,572999,f,,,,,,
1789014037.318829,330801,f,,,,,,
1789014037.318829,573000,f,,,,,,
1789014037.318829,573001,f,,,,,,
1789014037.318829,329511,f,,,,,,
1789014037.318829,329512,f,,,,,,
1789014037.318829,573018,f,,,,,,
1789014037.318829,329519,f,,,,,,
1789014037.318829,330182,f,,,,,,
1789014037.318829,573011,f,,,,,,
1789014037.318829,573004,f,,,,,,
1789014037.318829,330978,f,,,,,,
1789014037.318829,572995,f,,,,,,
1789014037.318829,330292,f,,,,,,
1789014037.318829,573006,f,,,,,,
1789014037.318829,572979,f,,,,,,
1789014037.318829,329547,f,,,,,,
1789014037.318829,329510,f,,,,,,
1789014037.318829,329504,f,,,,,,
1789014037.318829,331711,f,,,,,,
1789014037.318829,329588,f,,,,,,
1789014037.318829,331398,f,,,,,,
1789014037.318829,329508,f,,,,,,
1789014037.318829,330534,f,,,,,,
1789014037.318829,329502,f,,,,,,
1789014037.318829,573014,f,,,,,,
1789014037.318829,329568,f,,,,,,
1789014037.318829,573017,f,,,,,,
1789014037.318829,329506,f,,,,,,
1789014037.318829,573013,f,,,,,,
1789014037.318829,573009,f,,,,,,
1789014037.318829,573025,f,,,,,,
1789014037.318829,329501,f,,,,,,
1789014037.318829,329976,f,,,,,,
1789014037.318829,572988,f,,,,,,
1789014037.318829,329726,f,,,,,,
1789014037.318829,572993,f,,,,,,
1789014097.430953,331148,f,,,,,,
1789014097.430953,329500,f,,,,,,
1789014097.430953,329499,f,,,,,,
1789014097.430953,330421,f,,,,,,
1789014097.430953,329509,f,,,,,,
1789014097.430953,577653,f,,,,,,
1789014097.430953,329537,f,,,,,,
1789014097.430953,577669,f,,,,,,
1789014097.430953,577646,f,,,,,,
1789014097.430953,577671,f,,,,,,
1789014097.430953,577654,f,,,,,,
1789014097.430953,577662,f,,,,,,
1789014097.430953,329620,f,,,,,,
1789014097.430953,329505,f,,,,,,
1789014097.430953,329507,f,,,,,,
1789014097.430953,329885,f,,,,,,
1789014097.430953,329666,f,,,,,,
1789014097.430953,329493,f,,,,,,
1789014097.430953,330086,f,,,,,,
1789014097.430953,329815,f,,,,,,
1789014097.430953,331274,f,,,,,,
1789014097.430953,329513,f,,,,,,
1789014097.430953,331519,f,,,,,,
1789014097.430953,330665,f,,,,,,
1789014097.430953,329503,f,,,,,,
1789014097.430953,331074,f,,,,,,
1789014097.430953,330801,f,,,,,,
1789014097.430953,329511,f,,,,,,
1789014097.430953,329512,f,,,,,,
1789014097.430953,329519,f,,,,,,
1789014097.430953,330182,f,,,,,,
1789014097.430953,577675,f,,,,,,
1789014097.430953,330978,f,,,,,,
1789014097.430953,577672,f,,,,,,
1789014097.430953,330292,f,,,,,,
1789014097.430953,329547,f,,,,,,
1789014097.430953,329510,f,,,,,,
1789014097.430953,329504,f,,,,,,
1789014097.430953,331711,f,,,,,,
1789014097.430953,329588,f,,,,,,
1789014097.430953,577665,f,,,,,,
1789014097.430953,577668,f,,,,,,
1789014097.430953,577667,f,,,,,,
1789014097.430953,331398,f,,,,,,
1789014097.430953,329508,f,,,,,,
1789014097.430953,330534,f,,,,,,
1789014097.430953,329502,f,,,,,,
1789014097.430953,329568,f,,,,,,
1789014097.430953,577673,f,,,,,,
1789014097.430953,329506,f,,,,,,
1789014097.430953,329501,f,,,,,,
1789014097.430953,329976,f,,,,,,
1789014097.430953,329726,f,,,,,,
1789014097.430953,577664,f,,,,,,
1789014097.430953,577645,f,,,,,,
1789014097.430953,577674,f,,,,,,
1789014157.521358,331148,f,,,,,,
1789014157.521358,582146,f,,,,,,
1789014157.521358,329500,f,,,,,,
1789014157.521358,582147,f,,,,,,
1789014157.521358,329499,f,,,,,,
1789014157.521358,582169,f,,,,,,
1789014157.521358,330421,f,,,,,,
1789014157.521358,582155,f,,,,,,
1789014157.521358,582173,f,,,,,,
1789014157.521358,329509,f,,,,,,
1789014157.521358,329537,f,,,,,,
1789014157.521358,582165,f,,,,,,
1789014157.521358,582156,f,,,,,,
1789014157.521358,582154,f,,,,,,
1789014157.521358,329620,f,,,,,,
1789014157.521358,582159,f,,,,,,
1789014157.521358,329505,f,,,,,,
1789014157.521358,582162,f,,,,,,
1789014157.521358,329507,f,,,,,,
1789014157.521358,582148,f,,,,,,
1789014157.521358,329885,f,,,,,,
1789014157.521358,329666,f,,,,,,
1789014157.521358,329493,f,,,,,,
1789014157.521358,330086,f,,,,,,
1789014157.521358,329815,f,,,,,,
1789014157.521358,331274,f,,,,,,
1789014157.521358,329513,f,,,,,,
1789014157.521358,331519,f,,,,,,
1789014157.521358,330665,f,,,,,,
1789014157.521358,329503,f,,,,,,
1789014157.521358,331074,f,,,,,,
1789014157.521358,330801,f,,,,,,
1789014157.521358,582166,f,,,,,,
1789014157.521358,582142,f,,,,,,
1789014157.521358,582152,f,,,,,,
1789014157.521358,329511,f,,,,,,
1789014157.521358,329512,f,,,,,,
1789014157.521358,329519,f,,,,,,
1789014157.521358,330182,f,,,,,,
1789014157.521358,330978,f,,,,,,
1789014157.521358,582150,f,,,,,,
1789014157.521358,330292,f,,,,,,
1789014157.521358,329547,f,,,,,,
1789014157.521358,329510,f,,,,,,
1789014157.521358,582149,f,,,,,,
1789014157.521358,582144,f,,,,,,
1789014157.521358,329504,f,,,,,,
1789014157.521358,331711,f,,,,,,
1789014157.521358,329588,f,,,,,,
1789014157.521358,582167,f,,,,,,
1789014157.521358,582161,f,,,,,,
1789014157.521358,331398,f,,,,,,
1789014157.521358,329508,f,,,,,,
1789014157.521358,582172,f,,,,,,
1789014157.521358,330534,f,,,,,,
1789014157.521358,329502,f,,,,,,
1789014157.521358,329568,f,,,,,,
1789014157.521358,582171,f,,,,,,
1789014157.521358,582151,f,,,,,,
1789014157.521358,582135,f,,,,,,
1789014157.521358,329506,f,,,,,,
1789014157.521358,329501,f,,,,,,
1789014157.521358,329976,f,,,,,,
1789014157.521358,582145,f,,,,,,
1789014157.521358,582163,f,,,,,,
1789014157.521358,329726,f,,,,,,
1789014157.521358,582174,f,,,,,,
1789014157.521358,582158,f,,,,,,
1789014157.521358,582168,f,,,,,,
1789014157.521358,582153,f,,,,,,
1789014157.521358,582164,f,,,,,,
1789014157.521358,582160,f,,,,,,
1789014217.637987,331148,f,,,,,,
1789014217.637987,329500,f,,,,,,
1789014217.637987,586896,f,,,,,,
1789014217.637987,586887,f,,,,,,
1789014217.637987,329499,f,,,,,,
1789014217.637987,330421,f,,,,,,
1789014217.637987,586897,f,,,,,,
1789014217.637987,329509,f,,,,,,
1789014217.637987,329537,f,,,,,,
1789014217.637987,586886,f,,,,,,
1789014217.637987,586892,f,,,,,,
1789014217.637987,329620,f,,,,,,
1789014217.637987,329505,f,,,,,,
1789014217.637987,329507,f,,,,,,
1789014217.637987,329885,f,,,,,,
1789014217.637987,329666,f,,,,,,
1789014217.637987,586883,f,,,,,,
1789014217.637987,586891,f,,,,,,
1789014217.637987,329493,f,,,,,,
1789014217.637987,330086,f,,,,,,
1789014217.637987,329815,f,,,,,,
1789014217.637987,331274,f,,,,,,
1789014217.637987,329513,f,,,,,,
1789014217.637987,331519,f,,,,,,
1789014217.637987,330665,f,,,,,,
1789014217.637987,329503,f,,,,,,
1789014217.637987,331074,f,,,,,,
1789014217.637987,586885,f,,,,,,
1789014217.637987,330801,f,,,,,,
1789014217.637987,329511,f,,,,,,
1789014217.637987,329512,f,,,,,,
1789014217.637987,329519,f,,,,,,
1789014217.637987,330182,f,,,,,,
1789014217.637987,330978,f,,,,,,
1789014217.637987,586854,f,,,,,,
1789014217.637987,586894,f,,,,,,
1789014217.637987,586845,f,,,,,,
1789014217.637987,330292,f,,,,,,
1789014217.637987,329547,f,,,,,,
1789014217.637987,329510,f,,,,,,
1789014217.637987,329504,f,,,,,,
1789014217.637987,331711,f,,,,,,
1789014217.637987,586893,f,,,,,,
1789014217.637987,329588,f,,,,,,
1789014217.637987,331398,f,,,,,,
1789014217.637987,329508,f,,,,,,
1789014217.637987,330534,f,,,,,,
1789014217.637987,329502,f,,,,,,
1789014217.637987,329568,f,,,,,,
1789014217.637987,586881,f,,,,,,
1789014217.637987,329506,f,,,,,,
1789014217.637987,329501,f,,,,,,
1789014217.637987,329976,f,,,,,,
1789014217.637987,586888,f,,,,,,
1789014217.637987,329726,f,,,,,,
1789014217.637987,586890,f,,,,,,
1789014217.637987,586889,f,,,,,,
1789014277.720715,331148,f,,,,,,
1789014277.720715,591663,f,,,,,,
1789014277.720715,591669,f,,,,,,
1789014277.720715,329500,f,,,,,,
1789014277.720715,591636,f,,,,,,
1789014277.720715,591668,f,,,,,,
1789014277.720715,329499,f,,,,,,
1789014277.720715,591682,f,,,,,,
1789014277.720715,330421,f,,,,,,
1789014277.720715,591673,f,,,,,,
1789014277.720715,591638,f,,,,,,
1789014277.720715,329509,f,,,,,,
1789014277.720715,329537,f,,,,,,
1789014277.720715,591641,f,,,,,,
1789014277.720715,591660,f,,,,,,
1789014277.720715,329620,f,,,,,,
1789014277.720715,329505,f,,,,,,
1789014277.720715,591676,f,,,,,,
1789014277.720715,591639,f,,,,,,
1789014277.720715,329507,f,,,,,,
1789014277.720715,591672,f,,,,,,
1789014277.720715,329885,f,,,,,,
1789014277.720715,591664,f,,,,,,
1789014277.720715,329666,f,,,,,,
1789014277.720715,591640,f,,,,,,
1789014277.720715,329493,f,,,,,,
1789014277.720715,591661,f,,,,,,
1789014277.720715,330086,f,,,,,,
1789014277.720715,329815,f,,,,,,
1789014277.720715,331274,f,,,,,,
1789014277.720715,329513,f,,,,,,
1789014277.720715,591674,f,,,,,,
1789014277.720715,331519,f,,,,,,
1789014277.720715,330665,f,,,,,,
1789014277.720715,329503,f,,,,,,
1789014277.720715,591653,f,,,,,,
1789014277.720715,331074,f,,,,,,
1789014277.720715,591656,f,,,,,,
1789014277.720715,330801,f,,,,,,
1789014277.720715,329511,f,,,,,,
1789014277.720715,329512,f,,,,,,
1789014277.720715,329519,f,,,,,,
1789014277.720715,330182,f,,,,,,
1789014277.720715,330978,f,,,,,,
1789014277.720715,591681,f,,,,,,
1789014277.720715,591642,f,,,,,,
1789014277.720715,330292,f,,,,,,
1789014277.720715,329547,f,,,,,,
1789014277.720715,329510,f,,,,,,
1789014277.720715,591671,f,,,,,,
1789014277.720715,329504,f,,,,,,
1789014277.720715,331711,f,,,,,,
1789014277.720715,329588,f,,,,,,
1789014277.720715,591659,f,,,,,,
1789014277.720715,331398,f,,,,,,
1789014277.720715,329508,f,,,,,,
1789014277.720715,591677,f,,,,,,
1789014277.720715,591652,f,,,,,,
1789014277.720715,591665,f,,,,,,
1789014277.720715,330534,f,,,,,,
1789014277.720715,591658,f,,,,,,
1789014277.720715,329502,f,,,,,,
1789014277.720715,329568,f,,,,,,
1789014277.720715,591637,f,,,,,,
1789014277.720715,591667,f,,,,,,
1789014277.720715,329506,f,,,,,,
1789014277.720715,591655,f,,,,,,
1789014277.720715,329501,f,,,,,,
1789014277.720715,329976,f,,,,,,
1789014277.720715,591675,f,,,,,,
1789014277.720715,591654,f,,,,,,
1789014277.720715,329726,f,,,,,,
1789014277.720715,591657,f,,,,,,
1789014277.720715,591679,f,,,,,,
1789014277.720715,591680,f,,,,,,
1789014277.720715,591670,f,,,,,,
1789014337.818405,331148,f,,,,,,
1789014337.818405,596303,f,,,,,,
1789014337.818405,329500,f,,,,,,
1789014337.818405,329499,f,,,,,,
1789014337.818405,330421,f,,,,,,
1789014337.818405,329509,f,,,,,,
1789014337.818405,329537,f,,,,,,
1789014337.818405,329620,f,,,,,,
1789014337.818405,329505,f,,,,,,
1789014337.818405,596307,f,,,,,,
1789014337.818405,329507,f,,,,,,
1789014337.818405,596300,f,,,,,,
1789014337.818405,329885,f,,,,,,
1789014337.818405,329666,f,,,,,,
1789014337.818405,596306,f,,,,,,
1789014337.818405,329493,f,,,,,,
1789014337.818405,330086,f,,,,,,
1789014337.818405,329815,f,,,,,,
1789014337.818405,331274,f,,,,,,
1789014337.818405,329513,f,,,,,,
1789014337.818405,331519,f,,,,,,
1789014337.818405,330665,f,,,,,,
1789014337.818405,329503,f,,,,,,
1789014337.818405,331074,f,,,,,,
1789014337.818405,330801,f,,,,,,
1789014337.818405,329511,f,,,,,,
1789014337.818405,329512,f,,,,,,
1789014337.818405,329519,f,,,,,,
1789014337.818405,330182,f,,,,,,
1789014337.818405,330978,f,,,,,,
1789014337.818405,596299,f,,,,,,
1789014337.818405,596276,f,,,,,,
1789014337.818405,596294,f,,,,,,
1789014337.818405,330292,f,,,,,,
1789014337.818405,329547,f,,,,,,
1789014337.818405,329510,f,,,,,,
1789014337.818405,329504,f,,,,,,
1789014337.818405,331711,f,,,,,,
1789014337.818405,329588,f,,,,,,
1789014337.818405,331398,f,,,,,,
1789014337.818405,329508,f,,,,,,
1789014337.818405,330534,f,,,,,,
1789014337.818405,596289,f,,,,,,
1789014337.818405,596297,f,,,,,,
1789014337.818405,329502,f,,,,,,
1789014337.818405,329568,f,,,,,,
1789014337.818405,596302,f,,,,,,
1789014337.818405,329506,f,,,,,,
1789014337.818405,596284,f,,,,,,
1789014337.818405,596291,f,,,,,,
1789014337.818405,329501,f,,,,,,
1789014337.818405,329976,f,,,,,,
1789014337.818405,596304,f,,,,,,
1789014337.818405,329726,f,,,,,,
1789014337.818405,596298,f,,,,,,
1789014337.818405,596305,f,,,,,,
1789014397.904026,331148,f,,,,,,
1789014397.904026,329500,f,,,,,,
1789014397.904026,601008,f,,,,,,
1789014397.904026,601004,f,,,,,,
1789014397.904026,600985,f,,,,,,
1789014397.904026,600989,f,,,,,,
1789014397.904026,329499,f,,,,,,
1789014397.904026,330421,f,,,,,,
1789014397.904026,601000,f,,,,,,
1789014397.904026,329509,f,,,,,,
1789014397.904026,329537,f,,,,,,
1789014397.904026,329620,f,,,,,,
1789014397.904026,329505,f,,,,,,
1789014397.904026,329507,f,,,,,,
1789014397.904026,329885,f,,,,,,
1789014397.904026,329666,f,,,,,,
1789014397.904026,601011,f,,,,,,
1789014397.904026,329493,f,,,,,,
1789014397.904026,330086,f,,,,,,
1789014397.904026,329815,f,,,,,,
1789014397.904026,331274,f,,,,,,
1789014397.904026,329513,f,,,,,,
1789014397.904026,331519,f,,,,,,
1789014397.904026,330665,f,,,,,,
1789014397.904026,329503,f,,,,,,
1789014397.904026,600983,f,,,,,,
1789014397.904026,601012,f,,,,,,
1789014397.904026,331074,f,,,,,,
1789014397.904026,601014,f,,,,,,
1789014397.904026,330801,f,,,,,,
1789014397.904026,601009,f,,,,,,
1789014397.904026,600999,f,,,,,,
1789014397.904026,329511,f,,,,,,
1789014397.904026,329512,f,,,,,,
1789014397.904026,329519,f,,,,,,
1789014397.904026,330182,f,,,,,,
1789014397.904026,600996,f,,,,,,
1789014397.904026,601001,f,,,,,,
1789014397.904026,330978,f,,,,,,
1789014397.904026,601007,f,,,,,,
1789014397.904026,600986,f,,,,,,
1789014397.904026,601003,f,,,,,,
1789014397.904026,330292,f,,,,,,
1789014397.904026,601013,f,,,,,,
1789014397.904026,329547,f,,,,,,
1789014397.904026,329510,f,,,,,,
1789014397.904026,329504,f,,,,,,
1789014397.904026,331711,f,,,,,,
1789014397.904026,329588,f,,,,,,
1789014397.904026,331398,f,,,,,,
1789014397.904026,329508,f,,,,,,
1789014397.904026,330534,f,,,,,,
1789014397.904026,600994,f,,,,,,
1789014397.904026,329502,f,,,,,,
1789014397.904026,329568,f,,,,,,
1789014397.904026,600998,f,,,,,,
1789014397.904026,329506,f,,,,,,
1789014397.904026,600991,f,,,,,,
1789014397.904026,601006,f,,,,,,
1789014397.904026,600990,f,,,,,,
1789014397.904026,329501,f,,,,,,
1789014397.904026,329976,f,,,,,,
1789014397.904026,329726,f,,,,,,
1789014397.904026,601005,f,,,,,,
1789014397.904026,600988,f,,,,,,
1789014397.904026,601002,f,,,,,,
1789014397.904026,601015,f,,,,,,
1789014397.904026,600997,f,,,,,,
1789014458.015359,331148,f,,,,,,
1789014458.015359,329500,f,,,,,,
1789014458.015359,605490,f,,,,,,
1789014458.015359,605505,f,,,,,,
1789014458.015359,605487,f,,,,,,
1789014458.015359,329499,f,,,,,,
1789014458.015359,330421,f,,,,,,
1789014458.015359,605493,f,,,,,,
1789014458.015359,329509,f,,,,,,
1789014458.015359,605491,f,,,,,,
1789014458.015359,329537,f,,,,,,
1789014458.015359,329620,f,,,,,,
1789014458.015359,329505,f,,,,,,
1789014458.015359,605494,f,,,,,,
1789014458.015359,329507,f,,,,,,
1789014458.015359,329885,f,,,,,,
1789014458.015359,329666,f,,,,,,
1789014458.015359,605498,f,,,,,,
1789014458.015359,605503,f,,,,,,
1789014458.015359,329493,f,,,,,,
1789014458.015359,330086,f,,,,,,
1789014458.015359,329815,f,,,,,,
1789014458.015359,331274,f,,,,,,
1789014458.015359,329513,f,,,,,,
1789014458.015359,331519,f,,,,,,
1789014458.015359,330665,f,,,,,,
1789014458.015359,329503,f,,,,,,
1789014458.015359,331074,f,,,,,,
1789014458.015359,330801,f,,,,,,
1789014458.015359,329511,f,,,,,,
1789014458.015359,329512,f,,,,,,
1789014458.015359,329519,f,,,,,,
1789014458.015359,330182,f,,,,,,
1789014458.015359,605506,f,,,,,,
1789014458.015359,330978,f,,,,,,
1789014458.015359,330292,f,,,,,,
1789014458.015359,329547,f,,,,,,
1789014458.015359,329510,f,,,,,,
1789014458.015359,329504,f,,,,,,
1789014458.015359,605484,f,,,,,,
1789014458.015359,331711,f,,,,,,
1789014458.015359,605492,f,,,,,,
1789014458.015359,329588,f,,,,,,
1789014458.015359,331398,f,,,,,,
1789014458.015359,329508,f,,,,,,
1789014458.015359,605485,f,,,,,,
1789014458.015359,605489,f,,,,,,
1789014458.015359,605482,f,,,,,,
1789014458.015359,605481,f,,,,,,
1789014458.015359,330534,f,,,,,,
1789014458.015359,329502,f,,,,,,
1789014458.015359,605483,f,,,,,,
1789014458.015359,329568,f,,,,,,
1789014458.015359,329506,f,,,,,,
1789014458.015359,329501,f,,,,,,
1789014458.015359,329976,f,,,,,,
1789014458.015359,605495,f,,,,,,
1789014458.015359,605499,f,,,,,,
1789014458.015359,329726,f,,,,,,
1789014458.015359,605486,f,,,,,,
1789014458.015359,605497,f,,,,,,
1789014458.015359,605496,f,,,,,,
1789014458.015359,605504,f,,,,,,
1789014458.015359,605488,f,,,,,,
