1788983170,2,0,1.262,3374718
1788983170,6,0,0.012,3374718
1788983173,5,0,2.426,3374718
1788983176,2,0,3.126,3374718
1788983176,0,0,0.015,3374718
1788983176,0,0,0.02,3374718
1788983176,3,0,0.007,3374718
1788983177,4,0,1.213,3374718
1788983177,1,0,0.003,3374718
1788983178,4,0,1.43,3374718
1788983179,2,0,1.008,3374718
1788983179,1,0,0.001,3374718
1788983179,3,0,0.006,3374718
1788983179,3,0,0.051,3374718
1788983181,5,0,1.428,3374718
1788983181,6,0,0.008,3374718
1788983182,4,0,1.132,3374718
1788983182,1,0,0.001,3374718
1788983182,0,0,0.015,3374718
1788983182,0,0,0.013,3374718
1788983182,0,0,0.01,3374718
1788983182,1,0,0.001,3374718
1788983183,4,0,1.265,3374718
1788983184,5,0,1.085,3374718
1788983184,3,0,0.055,3374718
1788983184,6,0,0.015,3374718
1788983185,3,0,0.113,3374718
1788983185,6,0,0.009,3374718
1788983185,0,0,0.014,3374718
1788983185,0,0,0.008,3374718
1788983185,6,0,0.009,3374718
1788983185,7,0,0.183,3374718
1788983185,0,0,0.011,3374718
1788983185,6,0,0.006,3374718
1788983185,6,0,0.009,3374718
1788983187,4,0,2.037,3374718
1788983187,6,0,0.009,3374718
1788983188,4,0,1.27,3374718
1788983188,1,0,0.001,3374718
1788983188,0,0,0.012,3374718
1788983200,7,0,11.834,3374718
1788983202,2,0,1.804,3374718
1788983202,0,0,0.009,3374718
1788983202,6,0,0.012,3374718
1788983204,5,0,1.821,3374718
1788983204,3,0,0.053,3374718
1788983205,2,0,1.144,3374718
1788983205,6,0,0.008,3374718
1788983206,4,0,0.794,3374718
1788983206,6,0,0.008,3374718
1788983218,5,0,12.179,3374718
1788983218,1,0,0.002,3374718
1788983218,4,0,0.712,3374718
1788983220,2,0,1.629,3374718
1788983220,2,0,0.003,3374718
1788983220,3,0,0.043,3374718
1788983221,4,0,1.038,3374718
1788983221,3,0,0.017,3374718
1788983232,5,0,10.424,3374718
1788983232,6,0,0.008,3374718
1788983232,3,0,0.008,3374718
1788983232,2,0,0.002,3374718
1788983232,0,0,0.016,3374718
1788983232,6,0,0.007,3374718
1788983234,2,0,1.938,3374718
1788983234,0,0,0.012,3374718
1788983246,5,0,12.335,3374718
1788983246,3,0,0.041,3374718
1788983246,1,0,0.001,3374718
1788983246,3,0,0.082,3374718
1788983246,3,0,0.071,3374718
1788983248,4,0,1.345,3374718
1788983248,2,0,0.001,3374718
1788983248,4,0,0.826,3374718
1788983250,4,0,1.33,3374718
1788983250,7,0,0.189,3374718
1788983252,4,0,1.655,3374718
1788983252,6,0,0.009,3374718
1788983252,3,0,0.087,3374718
1788983252,3,0,0.042,3374718
1788983252,1,0,0.001,3374718
1788983252,3,0,0.04,3374718
1788983252,2,0,0.004,3374718
1788983252,0,0,0.033,3374718
1788983254,4,0,2.032,3374718
1788983254,3,0,0.068,3374718
1788983254,0,0,0.005,3374718
1788983254,3,0,0.031,3374718
1788983255,2,0,1.439,3374718
1788983255,0,0,0.015,3374718
1788983255,2,0,0.002,3374718
1788983257,5,0,1.75,3374718
1788983257,3,0,0.015,3374718
1788983257,3,0,0.003,3374718
1788983266,5,0,8.426,3374718
1788983266,1,0,0.001,3374718
1788983268,4,0,2.221,3374718
1788983268,0,0,0.004,3374718
1788983268,0,0,0.013,3374718
1788983268,2,0,0.001,3374718
1788983276,5,0,8.438,3374718
1788983276,0,0,0.016,3374718
1788983277,2,0,1.148,3374718
1788983277,2,0,0.002,3374718
1788983278,4,0,0.684,3374718
1788983279,4,0,1.37,3374718
1788983280,2,0,0.619,3374718
1788983281,4,0,0.975,3374718
1788983281,6,0,0.006,3374718
1788983281,6,0,0.007,3374718
1788983291,5,0,10.314,3374718
1788983293,4,0,1.478,3374718
1788983293,3,0,0.049,3374718
1788983297,5,0,4.105,3374718
1788983297,1,0,0.001,3374718
1788983299,4,0,1.727,3374718
1788983299,0,0,0.012,3374718
1788983299,2,0,0.002,3374718
1788983299,1,0,0.001,3374718
1788983299,2,0,0.003,3374718
1788983299,3,0,0.02,3374718
1788983299,4,0,0.651,3374718
1788983301,4,0,1.162,3374718
1788983301,0,0,0.01,3374718
1788983302,4,0,1.221,3374718
1788983302,0,0,0.011,3374718
1788983302,3,0,0.083,3374718
1788983302,6,0,0.006,3374718
1788983302,0,0,0.006,3374718
1788983302,6,0,0.005,3374718
1788983302,5,0,0.132,3374718
1788983304,4,0,2.037,3374718
1788983304,3,0,0.01,3374718
1788983304,6,0,0.006,3374718
1788983313,5,0,8.425,3374718
1788983313,3,0,0.081,3374718
1788983313,3,0,0.035,3374718
1788983314,2,0,1.608,3374718
1788983315,2,0,1.076,3374718
1788983317,2,0,1.857,3374718
1788983317,3,0,0.003,3374718
1788983327,7,0,9.985,3374718
1788983327,3,0,0.008,3374718
1788983327,6,0,0.008,3374718
1788983327,3,0,0.077,3374718
1788983327,0,0,0.017,3374718
1788983327,6,0,0.007,3374718
1788983327,3,0,0.043,3374718
1788983329,4,0,1.878,3374718
1788983329,3,0,0.016,3374718
1788983330,2,0,1.108,3374718
1788983332,4,0,2.065,3374718
1788983333,4,0,0.645,3374718
1788983333,3,0,0.057,3374718
1788983333,6,0,0.007,3374718
1788983333,5,0,0.122,3374718
1788983333,3,0,0.007,3374718
1788983335,2,0,1.357,3374718
1788983337,7,0,2.017,3374718
1788983337,0,0,0.011,3374718
1788983337,2,0,0.001,3374718
1788983337,0,0,0.015,3374718
1788983337,3,0,0.013,3374718
1788983337,0,0,0.01,3374718
1788983337,0,0,0.011,3374718
1788983337,6,1,0.005,3374718
1788983337,3,0,0.034,3374718
1788983337,0,0,0.013,3374718
1788983338,2,0,1.301,3374718
1788983342,5,0,3.917,3374718
1788983344,4,0,1.672,3374718
1788983347,4,0,3.541,3374718
1788983348,4,0,1.234,3374718
1788983350,4,0,1.566,3374718
1788983350,6,0,0.008,3374718
1788983352,2,0,1.707,3374718
1788983353,4,0,1.016,3374718
1788983353,5,0,0.128,3374718
1788983354,2,0,1.048,3374718
1788983354,3,0,0.01,3374718
1788983357,4,0,3.581,3374718
1788983357,0,0,0.016,3374718
1788983368,7,0,10.451,3374718
1788983369,4,0,1.565,3374718
1788983380,5,0,10.561,3374718
1788983390,5,0,10.454,3374718
1788983390,6,0,0.011,3374718
1788983392,4,0,1.487,3374718
1788983393,4,0,0.924,3374718
1788983393,2,0,0.003,3374718
1788983393,3,0,0.09,3374718
1788983403,5,0,10.065,3374718
1788983405,4,0,2.264,3374718
1788983405,0,0,0.007,3374718
1788983405,0,0,0.01,3374718
1788983405,3,0,0.007,3374718
1788983407,4,0,1.579,3374718
1788983409,4,0,2.088,3374718
1788983409,0,0,0.007,3374718
1788983409,3,0,0.004,3374718
1788983409,3,0,0.01,3374718
1788983409,3,0,0.086,3374718
1788983409,0,0,0.005,3374718
1788983411,2,0,1.779,3374718
1788983411,3,0,0.086,3374718
1788983411,3,0,0.003,3374718
1788983411,0,0,0.013,3374718
1788983413,4,0,2.377,3374718
1788983413,0,0,0.008,3374718
1788983413,3,0,0.021,3374718
1788983414,4,0,0.895,3374718
1788983414,0,0,0.005,3374718
1788983414,2,0,0,3374718
1788983415,4,0,0.915,3374718
1788983417,5,0,1.333,3374718
1788983418,4,0,1.803,3374718
1788983418,3,0,0.007,3374718
1788983419,4,0,0.968,3374718
1788983419,6,0,0.008,3374718
1788983422,2,0,3.001,3374718
1788983424,4,0,1.509,3374718
1788983425,7,0,0.95,3374718
1788983426,5,0,1.625,3374718
1788983426,3,0,0.051,3374718
1788983426,2,0,0.003,3374718
1788983428,2,0,1.506,3374718
1788983428,3,0,0.088,3374718
1788983428,6,0,0.006,3374718
1788983428,6,0,0.006,3374718
1788983428,6,0,0.011,3374718
1788983428,3,0,0.01,3374718
1788983429,4,0,1.129,3374718
1788983430,4,0,0.993,3374718
1788983430,0,0,0.01,3374718
1788983431,4,0,0.943,3374718
1788983434,2,0,2.902,3374718
1788983434,1,0,0.001,3374718
1788983435,4,0,0.875,3374718
1788983436,4,0,1.043,3374718
1788983436,1,0,0,3374718
1788983436,0,0,0.013,3374718
1788983436,3,0,0.029,3374718
1788983436,0,0,0.014,3374718
1788983436,3,0,0.004,3374718
1788983436,6,0,0.006,3374718
1788983438,2,0,1.79,3374718
1788983438,2,0,0.004,3374718
1788983438,1,0,0.001,3374718
1788983438,6,0,0.008,3374718
1788983438,3,0,0.035,3374718
1788983438,0,0,0.015,3374718
1788983438,1,0,0.001,3374718
1788983438,0,0,0.013,3374718
1788983438,2,0,0.004,3374718
1788983439,2,0,1.243,3374718
1788983439,0,0,0.015,3374718
1788983439,3,0,0.009,3374718
1788983439,2,0,0.003,3374718
1788983439,3,0,0.007,3374718
1788983443,4,0,3.836,3374718
1788983444,2,0,1.117,3374718
1788983444,0,0,0.006,3374718
1788983446,2,0,1.493,3374718
1788983446,3,0,0.008,3374718
1788983447,5,0,1.484,3374718
1788983447,6,0,0.008,3374718
1788983457,5,0,10.013,3374718
1788983459,4,0,1.821,3374718
1788983459,3,0,0.01,3374718
1788983461,4,0,1.847,3374718
1788983465,5,0,4.469,3374718
1788983465,3,0,0.078,3374718
1788983465,0,0,0.008,3374718
1788983465,2,0,0.002,3374718
1788983465,3,0,0.005,3374718
1788983466,5,0,0.13,3374718
1788983466,0,0,0.016,3374718
1788983466,3,0,0.037,3374718
1788983466,0,0,0.016,3374718
1788983466,3,0,0.029,3374718
1788983466,0,0,0.006,3374718
1788983467,4,0,0.975,3374718
1788983467,5,0,0.118,3374718
1788983467,3,0,0.008,3374718
1788983467,2,0,0.003,3374718
1788983468,4,0,1.026,3374718
1788983468,0,0,0.01,3374718
1788983468,3,0,0.006,3374718
1788983468,0,0,0.007,3374718
1788983469,4,0,1.597,3374718
1788983470,5,0,0.943,3374718
1788983470,1,0,0.001,3374718
1788983473,4,0,2.376,3374718
1788983473,3,0,0.015,3374718
1788983473,0,0,0.007,3374718
1788983473,6,0,0.007,3374718
1788983473,3,0,0.009,3374718
1788983473,6,0,0.008,3374718
1788983473,1,0,0,3374718
1788983473,1,0,0,3374718
1788983474,2,0,1.092,3374718
1788983474,6,0,0.009,3374718
1788983474,1,0,0.001,3374718
1788983475,4,0,1.457,3374718
1788983475,6,0,0.01,3374718
1788983475,2,0,0.002,3374718
1788983475,2,0,0.003,3374718
1788983484,5,0,9.109,3374718
1788983488,4,0,3.347,3374718
1788983489,4,0,1.029,3374718
1788983493,4,0,3.729,3374718
1788983493,3,0,0.074,3374718
1788983493,0,0,0.01,3374718
1788983493,3,0,0.078,3374718
1788983493,0,0,0.01,3374718
1788983493,3,0,0.052,3374718
1788983493,2,0,0.004,3374718
1788983493,0,0,0.006,3374718
1788983493,2,0,0.001,3374718
1788983493,1,0,0.002,3374718
1788983493,6,0,0.005,3374718
1788983493,3,0,0.012,3374718
1788983497,4,0,4.173,3374718
1788983497,6,0,0.006,3374718
1788983497,3,0,0.062,3374718
1788983498,4,0,1.108,3374718
1788983498,3,0,0.009,3374718
1788983498,0,0,0.013,3374718
1788983499,4,0,1.072,3374718
1788983501,5,0,1.787,3374718
1788983501,3,0,0.074,3374718
1788983501,6,0,0.007,3374718
1788983503,4,0,1.449,3374718
1788983503,2,0,0.003,3374718
1788983504,4,0,1.211,3374718
1788983507,4,0,3.422,3374718
1788983518,5,0,11.084,3374718
1788983519,2,0,0.954,3374718
1788983519,3,0,0.005,3374718
1788983519,3,0,0.005,3374718
1788983519,6,0,0.007,3374718
1788983520,4,0,0.777,3374718
1788983520,6,0,0.009,3374718
1788983522,2,0,1.541,3374718
1788983522,3,0,0.085,3374718
1788983522,1,0,0.002,3374718
1788983522,3,0,0.006,3374718
1788983522,2,0,0.003,3374718
1788983523,4,0,1.37,3374718
1788983523,3,0,0.05,3374718
1788983524,4,0,1.186,3374718
1788983524,0,0,0.007,3374718
1788983526,4,0,1.676,3374718
1788983526,0,0,0.009,3374718
1788983526,6,0,0.007,3374718
1788983526,6,0,0.008,3374718
1788983527,4,0,1.079,3374718
1788983527,6,0,0.005,3374718
1788983527,3,0,0.005,3374718
1788983527,3,0,0.09,3374718
1788983527,3,0,0.05,3374718
1788983527,0,0,0.007,3374718
1788983527,3,0,0.011,3374718
1788983528,4,0,0.969,3374718
1788983528,3,0,0.006,3374718
1788983529,4,0,1.217,3374718
1788983529,0,0,0.018,3374718
1788983529,0,0,0.007,3374718
1788983529,6,0,0.008,3374718
1788983531,4,0,1.784,3374718
1788983532,4,0,1.181,3374718
1788983532,6,0,0.005,3374718
1788983535,2,0,2.502,3374718
1788983537,2,0,1.55,3374718
1788983539,2,0,2.116,3374718
1788983539,3,0,0.055,3374718
1788983539,6,0,0.012,3374718
1788983539,6,0,0.005,3374718
1788983540,2,0,0.994,3374718
1788983549,5,0,9.304,3374718
1788983549,6,0,0.007,3374718
1788983549,3,0,0.028,3374718
1788983552,4,0,2.505,3374718
1788983552,3,0,0.079,3374718
1788983552,6,0,0.009,3374718
1788983554,4,0,2.492,3374718
1788983565,5,0,11.003,3374718
1788983567,2,0,1.896,3374718
1788983568,4,0,1.42,3374718
1788983568,3,0,0.003,3374718
1788983570,4,0,1.611,3374718
1788983571,4,0,0.976,3374718
1788983572,4,0,0.886,3374718
1788983573,5,0,1.187,3374718
1788983573,2,0,0.002,3374718
1788983573,3,0,0.084,3374718
1788983573,0,0,0.007,3374718
1788983573,0,0,0.006,3374718
1788983573,3,0,0.055,3374718
1788983573,0,0,0.006,3374718
1788983575,4,0,1.761,3374718
1788983586,5,0,10.816,3374718
1788983586,2,0,0.003,3374718
1788983588,4,0,1.979,3374718
1788983588,3,0,0.062,3374718
1788983588,1,0,0.003,3374718
1788983588,0,0,0.015,3374718
1788983589,4,0,0.658,3374718
1788983589,1,0,0.001,3374718
1788983589,0,0,0.014,3374718
1788983589,1,0,0.001,3374718
1788983589,5,0,0.123,3374718
1788983589,6,0,0.008,3374718
1788983589,0,0,0.007,3374718
1788983589,3,0,0.005,3374718
1788983589,3,0,0.088,3374718
1788983589,2,0,0.004,3374718
1788983589,3,0,0.005,3374718
1788983590,4,0,1.391,3374718
1788983592,4,0,1.34,3374718
1788983592,1,0,0.001,3374718
1788983592,6,0,0.006,3374718
1788983593,5,0,1.379,3374718
1788983595,5,0,1.767,3374718
1788983595,2,0,0.003,3374718
1788983596,4,0,1.757,3374718
1788983600,4,0,3.463,3374718
1788983601,2,0,1.548,3374718
1788983602,3,0,0.047,3374718
1788983603,4,0,1.607,3374718
1788983606,4,0,2.779,3374718
1788983608,5,0,1.689,3374718
1788983609,7,0,0.971,3374718
1788983609,0,0,0.016,3374718
1788983609,4,0,0.863,3374718
1788983612,7,0,2.382,3374718
1788983614,4,0,1.822,3374718
1788983615,5,0,1.547,3374718
1788983615,0,0,0.007,3374718
1788983617,4,0,1.59,3374718
1788983618,4,0,1.171,3374718
1788983619,2,0,1.068,3374718
1788983619,3,0,0.006,3374718
1788983621,2,0,1.791,3374718
1788983624,4,0,2.765,3374718
1788983626,2,0,2.807,3374718
1788983628,4,0,1.81,3374718
1788983628,2,0,0.004,3374718
1788983630,2,0,1.834,3374718
1788983630,2,0,0.004,3374718
1788983630,3,0,0.006,3374718
1788983631,4,0,1.382,3374718
1788983632,2,0,0.92,3374718
1788983633,4,0,1.117,3374718
1788983633,0,0,0.007,3374718
1788983634,3,0,0.092,3374718
1788983635,4,0,0.918,3374718
1788983635,3,0,0.009,3374718
1788983644,5,0,9.125,3374718
1788983644,0,0,0.016,3374718
1788983645,4,0,1.035,3374718
1788983645,2,0,0.002,3374718
1788983645,6,0,0.011,3374718
1788983645,2,0,0.003,3374718
1788983645,2,0,0.003,3374718
1788983645,0,0,0.013,3374718
1788983645,3,0,0.039,3374718
1788983646,2,0,1.468,3374718
1788983646,3,0,0.06,3374718
1788983650,4,0,3.937,3374718
1788983652,4,0,1.41,3374718
1788983652,3,0,0.005,3374718
1788983652,3,0,0.065,3374718
1788983652,0,0,0.016,3374718
1788983652,0,0,0.014,3374718
1788983652,1,0,0.002,3374718
1788983652,6,0,0.008,3374718
1788983653,4,0,1.362,3374718
1788983654,2,0,1.108,3374718
1788983654,3,0,0.081,3374718
1788983654,1,0,0.001,3374718
1788983654,0,0,0.014,3374718
1788983657,4,0,2.322,3374718
1788983657,3,0,0.093,3374718
1788983657,5,0,0.113,3374718
1788983658,2,0,1.158,3374718
1788983658,0,0,0.016,3374718
1788983658,5,0,0.128,3374718
1788983658,0,0,0.012,3374718
1788983658,0,0,0.01,3374718
1788983660,4,0,1.542,3374718
1788983660,3,0,0.076,3374718
1788983660,6,0,0.006,3374718
1788983660,0,0,0.011,3374718
1788983663,4,0,2.939,3374718
1788983674,5,0,10.986,3374718
1788983676,4,0,2.506,3374718
1788983676,3,0,0.062,3374718
1788983676,0,0,0.012,3374718
1788983677,7,0,1.018,3374718
1788983679,4,0,1.663,3374718
1788983679,6,0,0.007,3374718
1788983679,0,0,0.017,3374718
1788983679,3,0,0.055,3374718
1788983680,4,0,0.735,3374718
1788983680,3,0,0.09,3374718
1788983681,2,0,0.872,3374718
1788983681,1,0,0.001,3374718
1788983681,2,0,0.003,3374718
1788983692,5,0,10.766,3374718
1788983693,4,0,1.559,3374718
1788983693,3,0,0.012,3374718
1788983694,2,0,1.105,3374718
1788983702,7,0,7.935,3374718
1788983702,1,0,0.001,3374718
1788983706,4,0,3.984,3374718
1788983709,4,0,2.447,3374718
1788983709,6,0,0.007,3374718
1788983709,0,0,0.016,3374718
1788983710,4,0,1.062,3374718
1788983710,3,0,0.087,3374718
1788983710,3,0,0.01,3374718
1788983710,2,0,0.003,3374718
1788983712,4,0,2.63,3374718
1788983712,0,0,0.009,3374718
1788983712,3,0,0.085,3374718
1788983712,3,0,0.006,3374718
1788983712,6,0,0.007,3374718
1788983714,4,0,1.148,3374718
1788983714,6,0,0.004,3374718
1788983714,1,0,0,3374718
1788983714,2,0,0.837,3374718
1788983714,6,0,0.008,3374718
1788983715,3,0,0.084,3374718
1788983715,0,0,0.006,3374718
1788983715,0,0,0.008,3374718
1788983716,2,0,1.663,3374718
1788983716,5,0,0.126,3374718
1788983716,1,0,0.001,3374718
1788983716,3,0,0.075,3374718
1788983718,4,0,1.042,3374718
1788983718,1,0,0,3374718
1788983718,2,0,0.003,3374718
1788983718,6,0,0.007,3374718
1788983718,3,0,0.005,3374718
1788983718,3,0,0.009,3374718
1788983718,5,0,0.133,3374718
1788983718,0,0,0.014,3374718
1788983722,4,0,3.931,3374718
1788983723,2,0,1.234,3374718
1788983723,2,0,0.003,3374718
1788983723,0,0,0.01,3374718
1788983727,2,0,4.226,3374718
1788983727,3,0,0.061,3374718
1788983738,5,0,10.394,3374718
1788983738,2,0,0.002,3374718
1788983738,6,0,0.006,3374718
1788983738,0,0,0.015,3374718
1788983740,4,0,2.566,3374718
1788983742,4,0,1.832,3374718
1788983742,6,0,0.007,3374718
1788983742,3,0,0.033,3374718
1788983742,0,0,0.005,3374718
1788983742,3,0,0.06,3374718
1788983742,1,0,0.001,3374718
1788983742,6,0,0.009,3374718
1788983743,4,0,1.057,3374718
1788983743,6,0,0.008,3374718
1788983743,3,0,0.05,3374718
1788983743,2,0,0.003,3374718
1788983743,0,0,0.012,3374718
1788983743,6,0,0.008,3374718
1788983743,3,0,0.013,3374718
1788983747,5,0,3.622,3374718
1788983747,3,0,0.049,3374718
1788983747,1,0,0.001,3374718
1788983757,5,0,9.869,3374718
1788983757,5,0,0.126,3374718
1788983758,4,0,1.526,3374718
1788983760,4,0,1.179,3374718
1788983761,4,0,1.614,3374718
1788983761,7,0,0.181,3374718
1788983763,4,0,1.201,3374718
1788983764,2,0,1.16,3374718
1788983764,0,0,0.004,3374718
1788983764,6,0,0.005,3374718
1788983765,4,0,1.502,3374718
1788983765,2,0,0.003,3374718
1788983765,3,0,0.009,3374718
1788983766,7,0,0.611,3374718
1788983767,2,0,0.911,3374718
1788983769,5,0,2.089,3374718
1788983778,5,0,9.509,3374718
1788983780,4,0,1.949,3374718
1788983780,0,0,0.01,3374718
1788983780,0,0,0.012,3374718
1788983780,5,0,0.126,3374718
1788983781,0,0,0.012,3374718
1788983781,6,0,0.007,3374718
1788983790,5,0,9.446,3374718
1788983790,0,0,0.009,3374718
1788983790,0,0,0.014,3374718
1788983791,4,0,0.922,3374718
1788983791,0,0,0.008,3374718
1788983791,3,0,0.061,3374718
1788983791,6,0,0.006,3374718
1788983791,1,0,0.002,3374718
1788983791,3,0,0.084,3374718
1788983793,4,0,2.401,3374718
1788983803,5,0,10.006,3374718
1788983804,4,0,0.815,3374718
1788983804,6,0,0.01,3374718
1788983804,0,0,0.005,3374718
1788983804,5,0,0.116,3374718
1788983804,0,0,0.006,3374718
1788983804,3,0,0.007,3374718
1788983806,5,0,1.112,3374718
1788983806,2,0,0.001,3374718
1788983806,2,0,0.003,3374718
1788983807,2,0,1.547,3374718
1788983807,3,0,0.009,3374718
1788983807,0,0,0.009,3374718
1788983808,4,0,1.128,3374718
1788983808,2,0,0.001,3374718
1788983808,2,0,0.002,3374718
1788983811,4,0,2.362,3374718
1788983812,4,0,1.553,3374718
1788983812,3,0,0.009,3374718
1788983812,3,0,0.088,3374718
1788983812,3,0,0.068,3374718
1788983813,4,0,0.87,3374718
1788983813,3,0,0.041,3374718
1788983814,5,0,0.988,3374718
1788983814,0,0,0.006,3374718
1788983816,2,0,2.133,3374718
1788983816,2,0,0.003,3374718
1788983827,7,0,10.6,3374718
1788983827,2,0,0.002,3374718
1788983829,4,0,1.547,3374718
1788983829,3,0,0.003,3374718
1788983830,4,0,1.364,3374718
1788983830,6,0,0.007,3374718
1788983830,6,0,0.011,3374718
1788983830,3,0,0.032,3374718
1788983830,0,0,0.012,3374718
1788983830,0,0,0.008,3374718
1788983831,4,0,1.363,3374718
1788983831,3,0,0.076,3374718
1788983832,4,0,1.089,3374718
1788983834,4,0,1.873,3374718
1788983834,3,0,0.011,3374718
1788983834,2,0,0.002,3374718
1788983836,4,0,1.792,3374718
1788983836,7,0,0.185,3374718
1788983838,2,0,1.265,3374718
1788983841,4,0,3.298,3374718
1788983842,7,0,0.826,3374718
1788983843,2,0,1.641,3374718
1788983843,2,0,0.003,3374718
1788983843,0,0,0.016,3374718
1788983843,3,0,0.057,3374718
1788983844,2,0,0.996,3374718
1788983845,3,0,0.048,3374718
1788983845,3,0,0.007,3374718
1788983845,2,0,0.002,3374718
1788983845,3,0,0.005,3374718
1788983845,6,0,0.009,3374718
1788983846,4,0,1.629,3374718
1788983846,3,0,0.075,3374718
1788983846,0,0,0.017,3374718
1788983846,3,0,0.09,3374718
1788983846,3,0,0.094,3374718
1788983849,4,0,2.345,3374718
1788983849,1,0,0.001,3374718
1788983849,3,0,0.079,3374718
1788983849,3,0,0.024,3374718
1788983849,1,0,0.001,3374718
1788983849,6,0,0.009,3374718
1788983849,3,0,0.048,3374718
1788983851,4,0,2.38,3374718
1788983852,4,0,1.082,3374718
1788983853,5,0,0.122,3374718
1788983855,4,0,2.678,3374718
1788983857,4,0,1.498,3374718
1788983857,6,0,0.008,3374718
1788983857,3,0,0.048,3374718
1788983857,3,0,0.074,3374718
1788983857,0,0,0.011,3374718
1788983857,6,0,0.009,3374718
1788983858,4,0,1.475,3374718
1788983858,3,0,0.056,3374718
1788983858,0,0,0.016,3374718
1788983858,3,0,0.05,3374718
1788983858,3,0,0.049,3374718
1788983859,6,0,0.008,3374718
1788983860,2,0,1.701,3374718
1788983860,0,0,0.006,3374718
1788983860,6,0,0.009,3374718
1788983860,3,0,0.072,3374718
1788983862,2,0,1.61,3374718
1788983862,6,0,0.007,3374718
1788983863,4,0,0.923,3374718
1788983864,4,0,1.331,3374718
1788983864,0,0,0.008,3374718
1788983864,0,0,0.009,3374718
1788983866,4,0,1.354,3374718
1788983866,6,0,0.006,3374718
1788983869,5,0,3.043,3374718
1788983869,0,0,0.004,3374718
1788983869,1,0,0.002,3374718
1788983869,2,0,0.002,3374718
1788983869,0,0,0.008,3374718
1788983869,6,0,0.008,3374718
1788983869,2,0,0.001,3374718
1788983869,3,0,0.054,3374718
1788983869,0,0,0.006,3374718
1788983869,1,0,0.002,3374718
1788983869,0,0,0.005,3374718
1788983870,4,0,0.926,3374718
1788983870,3,0,0.069,3374718
1788983870,1,0,0.002,3374718
1788983870,6,0,0.006,3374718
1788983872,4,0,2.009,3374718
1788983873,4,0,0.887,3374718
1788983875,4,0,2.91,3374718
1788983875,1,0,0.002,3374718
1788983875,3,0,0.005,3374718
1788983876,6,0,0.009,3374718
1788983876,0,0,0.007,3374718
1788983876,4,0,0.882,3374718
1788983876,6,0,0.007,3374718
1788983876,2,0,0.002,3374718
1788983876,3,0,0.063,3374718
1788983879,2,0,2.414,3374718
1788983879,7,0,0.167,3374718
1788983881,4,0,1.783,3374718
1788983882,5,0,0.989,3374718
1788983882,0,0,0.017,3374718
1788983882,3,0,0.01,3374718
1788983882,0,0,0.007,3374718
1788983883,2,0,1.194,3374718
1788983883,6,0,0.006,3374718
1788983883,0,0,0.008,3374718
1788983883,3,0,0.01,3374718
1788983884,4,0,1.217,3374718
1788983884,6,0,0.007,3374718
1788983884,2,0,0.003,3374718
1788983884,2,0,0.002,3374718
1788983884,7,0,0.161,3374718
1788983884,1,0,0.002,3374718
1788983886,4,0,1.101,3374718
1788983889,4,0,3.143,3374718
1788983889,5,0,0.123,3374718
1788983890,5,0,1.242,3374718
1788983890,2,0,0.002,3374718
1788983891,4,0,0.783,3374718
1788983891,2,0,0.003,3374718
1788983891,3,0,0.004,3374718
1788983891,3,0,0.084,3374718
1788983899,5,0,7.92,3374718
1788983899,3,0,0.007,3374718
1788983901,4,0,1.89,3374718
1788983901,0,0,0.009,3374718
1788983905,4,0,3.813,3374718
1788983906,4,0,1.008,3374718
1788983909,4,0,3.583,3374718
1788983910,4,0,0.851,3374718
1788983911,2,0,0.726,3374718
1788983911,3,0,0.07,3374718
1788983911,3,0,0.01,3374718
1788983911,6,0,0.006,3374718
1788983912,4,0,1.329,3374718
1788983913,4,0,1.018,3374718
1788983913,3,0,0.058,3374718
1788983914,4,0,1.073,3374718
1788983916,2,0,1.604,3374718
1788983916,1,0,0.002,3374718
1788983916,6,0,0.007,3374718
1788983917,4,0,1.116,3374718
1788983917,3,0,0.08,3374718
1788983917,6,0,0.015,3374718
1788983917,3,0,0.011,3374718
1788983917,2,0,0.003,3374718
1788983918,4,0,0.968,3374718
1788983928,5,0,10.241,3374718
1788983928,0,0,0.013,3374718
1788983929,4,0,0.975,3374718
1788983929,1,0,0.002,3374718
1788983929,5,0,0.126,3374718
1788983930,3,0,0.036,3374718
1788983930,0,0,0.011,3374718
1788983930,0,0,0.016,3374718
1788983930,3,0,0.006,3374718
1788983930,3,0,0.036,3374718
1788983930,0,0,0.015,3374718
1788983930,0,0,0.014,3374718
1788983930,3,0,0.008,3374718
1788983930,5,0,0.126,3374718
1788983930,0,0,0.011,3374718
1788983930,1,0,0.001,3374718
1788983930,3,0,0.009,3374718
1788983932,4,0,2.504,3374718
1788983932,2,0,0.005,3374718
1788983932,6,0,0.006,3374718
1788983941,7,0,9.052,3374718
1788983941,3,0,0.011,3374718
1788983941,0,0,0.004,3374718
1788983943,5,0,2.063,3374718
1788983953,5,0,9.967,3374718
1788983954,4,0,1,3374718
1788983954,6,0,0.008,3374718
1788983955,7,0,0.929,3374718
1788983955,6,0,0.006,3374718
1788983957,2,0,1.727,3374718
1788983957,0,0,0.007,3374718
1788983957,0,0,0.013,3374718
1788983958,4,0,1.09,3374718
1788983958,6,0,0.007,3374718
1788983958,0,0,0.016,3374718
1788983959,4,0,0.662,3374718
1788983960,2,0,1.391,3374718
1788983960,1,0,0.001,3374718
1788983960,5,0,0.124,3374718
1788983962,2,0,1.624,3374718
1788983963,4,0,1.022,3374718
1788983963,3,0,0.078,3374718
1788983964,4,0,1.116,3374718
1788983964,6,0,0.006,3374718
1788983964,3,0,0.005,3374718
1788983964,1,0,0.002,3374718
1788983965,5,0,1.19,3374718
1788983967,5,0,1.954,3374718
1788983967,3,0,0.095,3374718
1788983969,4,0,1.426,3374718
1788983970,4,0,1.03,3374718
1788983970,0,0,0.009,3374718
1788983971,4,0,1.312,3374718
1788983971,2,0,0.002,3374718
1788983971,6,0,0.007,3374718
1788983971,0,0,0.012,3374718
1788983972,4,0,0.999,3374718
1788983973,5,0,0.79,3374718
1788983976,4,0,3.12,3374718
1788983976,2,0,0.002,3374718
1788983976,3,0,0.006,3374718
1788983976,0,0,0.013,3374718
1788983978,4,0,1.412,3374718
1788983978,3,0,0.003,3374718
1788983978,0,0,0.009,3374718
1788983978,5,0,0.127,3374718
1788983986,5,0,8.501,3374718
1788983986,1,0,0.001,3374718
1788984000,5,0,14.233,3374718
1788984001,3,0,0.05,3374718
1788984001,3,0,0.008,3374718
1788984003,4,0,2.331,3374718
1788984003,5,0,0.12,3374718
1788984003,6,0,0.008,3374718
1788984004,4,0,0.788,3374718
1788984004,3,0,0.009,3374718
1788984004,0,0,0.006,3374718
1788984004,3,0,0.095,3374718
1788984007,2,0,2.672,3374718
1788984007,0,0,0.009,3374718
1788984009,4,0,2.798,3374718
1788984009,0,0,0.014,3374718
1788984009,3,0,0.085,3374718
1788984009,0,0,0.015,3374718
1788984010,3,0,0.007,3374718
1788984012,4,0,2.312,3374718
1788984019,5,0,7.333,3374718
1788984019,1,0,0.001,3374718
1788984021,2,0,1.543,3374718
1788984021,0,0,0.008,3374718
1788984022,2,0,1.748,3374718
1788984022,0,0,0.005,3374718
1788984022,6,0,0.007,3374718
1788984023,3,0,0.081,3374718
1788984024,4,0,1.209,3374718
1788984024,6,0,0.005,3374718
1788984024,6,0,0.008,3374718
1788984024,0,0,0.011,3374718
1788984024,6,0,0.007,3374718
1788984024,5,0,0.118,3374718
1788984025,2,0,1.484,3374718
1788984025,0,0,0.012,3374718
1788984025,6,0,0.006,3374718
1788984026,2,0,0.832,3374718
1788984026,0,0,0.008,3374718
1788984028,4,0,2.244,3374718
1788984028,1,0,0.001,3374718
1788984029,4,0,0.8,3374718
1788984029,3,0,0.005,3374718
1788984029,6,0,0.007,3374718
1788984029,0,0,0.009,3374718
1788984029,0,0,0.007,3374718
1788984029,0,0,0.004,3374718
1788984029,3,0,0.012,3374718
1788984031,7,0,1.201,3374718
1788984031,6,0,0.008,3374718
1788984032,5,0,0.969,3374718
1788984034,4,0,2.287,3374718
1788984034,0,0,0.012,3374718
1788984035,2,0,0.896,3374718
1788984035,3,0,0.074,3374718
1788984035,0,0,0.006,3374718
1788984036,4,0,1.407,3374718
1788984036,2,0,0.004,3374718
1788984036,0,0,0.01,3374718
1788984036,3,0,0.041,3374718
1788984036,6,0,0.007,3374718
1788984036,2,0,0.001,3374718
1788984036,3,0,0.005,3374718
1788984036,0,0,0.013,3374718
1788984038,4,0,1.313,3374718
1788984039,5,0,1.157,3374718
1788984039,0,0,0.012,3374718
1788984039,3,0,0.054,3374718
1788984039,2,0,0.002,3374718
1788984039,1,0,0.001,3374718
1788984039,3,0,0.019,3374718
1788984043,2,0,3.806,3374718
1788984043,1,0,0.001,3374718
1788984043,3,0,0.01,3374718
1788984043,3,0,0.054,3374718
1788984043,2,0,0.003,3374718
1788984044,4,0,1.411,3374718
1788984045,4,0,1.245,3374718
1788984045,3,0,0.009,3374718
1788984047,7,0,1.847,3374718
1788984048,2,0,0.68,3374718
1788984050,5,0,2.554,3374718
1788984051,4,0,1.02,3374718
1788984053,7,0,1.402,3374718
1788984054,2,0,1.237,3374718
1788984054,3,0,0.09,3374718
1788984054,1,0,0.001,3374718
1788984054,3,0,0.075,3374718
1788984055,2,0,1.016,3374718
1788984055,0,0,0.013,3374718
1788984057,4,0,1.338,3374718
1788984058,5,0,1.006,3374718
1788984059,2,0,0.906,3374718
1788984059,3,0,0.033,3374718
1788984060,4,0,1.153,3374718
1788984060,2,0,0.004,3374718
1788984060,6,0,0.008,3374718
1788984061,4,0,0.794,3374718
1788984061,2,0,0.004,3374718
1788984061,6,0,0.007,3374718
1788984061,0,0,0.006,3374718
1788984061,2,0,0.004,3374718
1788984061,3,0,0.051,3374718
1788984061,0,0,0.009,3374718
1788984061,3,0,0.026,3374718
1788984073,5,0,11.996,3374718
1788984073,3,0,0.01,3374718
1788984081,7,0,7.917,3374718
1788984081,0,0,0.006,3374718
1788984081,2,0,0.003,3374718
1788984081,0,0,0.015,3374718
1788984081,0,0,0.011,3374718
1788984081,6,0,0.007,3374718
1788984082,4,0,1.779,3374718
1788984082,2,0,0.002,3374718
1788984082,3,0,0.091,3374718
1788984083,5,0,0.123,3374718
1788984083,6,0,0.009,3374718
1788984084,4,0,1.034,3374718
1788984085,4,0,1.065,3374718
1788984086,4,0,1.227,3374718
1788984097,5,0,10.952,3374718
1788984098,4,0,0.988,3374718
1788984107,7,0,9.222,3374718
1788984109,4,0,1.876,3374718
1788984109,0,0,0.014,3374718
1788984109,0,0,0.011,3374718
1788984109,2,0,0.003,3374718
1788984110,2,0,1.14,3374718
1788984110,3,0,0.047,3374718
1788984111,4,0,1.237,3374718
1788984111,0,0,0.008,3374718
1788984120,5,0,8.279,3374718
1788984120,2,0,0.003,3374718
1788984121,4,0,1.265,3374718
1788984123,4,0,1.804,3374718
1788984124,4,0,1.305,3374718
1788984124,1,0,0.001,3374718
1788984124,3,0,0.003,3374718
1788984126,4,0,2.021,3374718
1788984126,3,0,0.002,3374718
1788984126,1,0,0.001,3374718
1788984126,3,0,0.01,3374718
1788984129,4,0,2.965,3374718
1788984131,2,0,2.242,3374718
1788984131,0,0,0.019,3374718
1788984131,6,0,0.009,3374718
1788984133,2,0,1.19,3374718
1788984133,5,0,0.126,3374718
1788984133,6,0,0.006,3374718
1788984133,0,0,0.013,3374718
1788984133,3,0,0.005,3374718
1788984134,2,0,1.235,3374718
1788984134,6,0,0.006,3374718
1788984143,7,0,9.153,3374718
1788984143,2,0,0.004,3374718
1788984145,4,0,1.707,3374718
1788984146,4,0,1.478,3374718
1788984148,4,0,1.728,3374718
1788984148,3,0,0.071,3374718
1788984148,2,0,0.004,3374718
1788984149,2,0,0.827,3374718
1788984151,4,0,2.313,3374718
1788984151,2,0,0.003,3374718
1788984151,0,0,0.016,3374718
1788984154,5,0,2.779,3374718
1788984154,1,0,0.002,3374718
1788984154,3,0,0.04,3374718
1788984158,4,0,3.782,3374718
1788984158,6,0,0.007,3374718
1788984158,0,0,0.017,3374718
1788984159,5,0,1.124,3374718
1788984159,6,0,0.007,3374718
1788984159,5,0,0.127,3374718
1788984161,4,0,2.306,3374718
1788984161,0,0,0.014,3374718
1788984163,4,0,1.217,3374718
1788984163,6,0,0.008,3374718
1788984163,0,0,0.007,3374718
1788984163,0,0,0.011,3374718
1788984163,3,0,0.013,3374718
1788984171,5,0,8.41,3374718
1788984171,6,0,0.008,3374718
1788984175,4,0,3.421,3374718
1788984175,3,0,0.019,3374718
1788984176,4,0,1.172,3374718
1788984185,7,0,8.745,3374718
1788984186,4,0,1.662,3374718
1788984186,6,0,0.01,3374718
1788984186,0,0,0.016,3374718
1788984187,4,0,0.851,3374718
1788984187,0,0,0.009,3374718
1788984187,6,0,0.008,3374718
1788984187,3,0,0.006,3374718
1788984187,3,0,0.043,3374718
1788984187,0,0,0.01,3374718
1788984187,3,0,0.005,3374718
1788984187,0,0,0.009,3374718
1788984190,4,0,2.486,3374718
1788984190,0,0,0.005,3374718
1788984190,0,0,0.01,3374718
1788984190,2,0,0.003,3374718
1788984190,2,0,0.002,3374718
1788984190,3,0,0.009,3374718
1788984190,0,0,0.01,3374718
1788984190,6,0,0.012,3374718
1788984190,1,0,0.001,3374718
1788984200,5,0,10.075,3374718
1788984200,6,0,0.01,3374718
1788984204,4,0,4.088,3374718
1788984204,1,0,0.002,3374718
1788984204,3,0,0.079,3374718
1788984204,2,0,0.002,3374718
1788984205,4,0,1.477,3374718
1788984206,7,0,0.172,3374718
1788984208,4,0,2.733,3374718
1788984208,6,0,0.007,3374718
1788984208,6,0,0.007,3374718
1788984211,4,0,2.536,3374718
1788984211,0,0,0.015,3374718
1788984211,6,0,0.006,3374718
1788984213,4,0,2.43,3374718
1788984213,1,0,0.001,3374718
1788984214,2,0,1.125,3374718
1788984214,2,0,0.005,3374718
1788984216,4,0,1.699,3374718
1788984216,3,0,0.053,3374718
1788984216,3,0,0.005,3374718
1788984217,5,0,1.048,3374718
1788984217,3,0,0.01,3374718
1788984217,3,0,0.08,3374718
1788984217,0,0,0.006,3374718
1788984219,7,0,1.643,3374718
1788984219,3,0,0.046,3374718
1788984219,0,0,0.012,3374718
1788984221,5,0,1.734,3374718
1788984221,2,0,0.002,3374718
1788984222,2,0,1.188,3374718
1788984223,5,0,1.331,3374718
1788984223,1,0,0.001,3374718
1788984223,3,0,0.059,3374718
1788984223,0,0,0.007,3374718
1788984223,2,0,0.002,3374718
1788984223,0,0,0.014,3374718
1788984223,6,0,0.006,3374718
1788984224,4,0,1.092,3374718
1788984224,0,0,0.012,3374718
1788984225,7,0,0.174,3374718
1788984229,4,0,3.882,3374718
1788984229,6,0,0.007,3374718
1788984230,4,0,1.242,3374718
1788984230,0,0,0.009,3374718
1788984230,1,0,0.001,3374718
1788984231,5,0,0.868,3374718
1788984231,6,0,0.006,3374718
1788984234,5,0,3.396,3374718
1788984235,4,0,1.236,3374718
1788984235,3,0,0.071,3374718
1788984244,5,0,8.553,3374718
1788984244,0,0,0.005,3374718
1788984244,0,0,0.006,3374718
1788984244,3,0,0.006,3374718
1788984245,4,0,0.89,3374718
1788984246,4,0,1.4,3374718
1788984246,3,0,0.043,3374718
1788984246,0,0,0.009,3374718
1788984246,6,0,0.005,3374718
1788984246,7,0,0.172,3374718
1788984246,0,0,0.006,3374718
1788984247,3,0,0.01,3374718
1788984249,5,0,2.349,3374718
1788984249,0,0,0.008,3374718
1788984250,4,0,0.751,3374718
1788984251,4,0,1.468,3374718
1788984252,4,0,1.225,3374718
1788984255,4,0,2.266,3374718
1788984258,4,0,3.203,3374718
1788984258,3,0,0.076,3374718
1788984258,0,0,0.011,3374718
1788984259,4,0,1.147,3374718
1788984259,3,0,0.071,3374718
1788984261,4,0,1.773,3374718
1788984262,5,0,1.362,3374718
1788984262,3,0,0.078,3374718
1788984262,1,0,0.002,3374718
1788984265,4,0,2.834,3374718
1788984265,3,0,0.059,3374718
1788984265,2,0,0.003,3374718
1788984265,0,0,0.005,3374718
1788984265,6,0,0.008,3374718
1788984265,0,0,0.01,3374718
1788984266,4,0,1.022,3374718
1788984266,2,0,0.004,3374718
1788984266,3,0,0.074,3374718
1788984266,6,0,0.011,3374718
1788984268,2,0,1.444,3374718
1788984269,4,0,1.448,3374718
1788984269,1,0,0.001,3374718
1788984269,0,0,0.011,3374718
1788984270,4,0,1.158,3374718
1788984271,2,0,1.045,3374718
1788984271,2,0,0.003,3374718
1788984272,4,0,0.675,3374718
1788984272,6,0,0.007,3374718
1788984272,0,0,0.009,3374718
1788984273,5,0,0.704,3374718
1788984273,0,0,0.008,3374718
1788984273,6,0,0.007,3374718
1788984273,6,0,0.008,3374718
1788984273,6,0,0.008,3374718
1788984274,5,0,1.043,3374718
1788984274,6,0,0.007,3374718
1788984275,2,0,1.129,3374718
1788984276,4,0,1.323,3374718
1788984277,4,0,1.002,3374718
1788984277,3,0,0.052,3374718
1788984288,5,0,10.969,3374718
1788984290,4,0,1.127,3374718
1788984290,3,0,0.082,3374718
1788984290,2,0,0.003,3374718
1788984290,6,0,0.006,3374718
1788984292,4,0,2.167,3374718
1788984292,3,0,0.041,3374718
1788984292,3,0,0.069,3374718
1788984292,1,0,0.001,3374718
1788984294,2,0,1.813,3374718
1788984296,2,0,2.563,3374718
1788984297,4,0,1.086,3374718
1788984306,5,0,8.985,3374718
1788984317,5,0,10.33,3374718
1788984317,3,0,0.082,3374718
1788984317,5,0,0.115,3374718
1788984317,5,0,0.127,3374718
1788984317,0,0,0.014,3374718
1788984318,2,0,0.731,3374718
1788984319,4,0,0.978,3374718
1788984319,1,0,0.001,3374718
1788984320,4,0,1.172,3374718
1788984320,1,0,0.001,3374718
1788984321,4,0,1.551,3374718
1788984322,5,0,0.122,3374718
1788984322,6,0,0.006,3374718
1788984322,5,0,0.131,3374718
1788984323,4,0,1.273,3374718
1788984323,3,0,0.047,3374718
1788984323,3,0,0.076,3374718
1788984323,1,0,0.002,3374718
1788984323,0,0,0.015,3374718
1788984323,3,0,0.097,3374718
1788984323,3,0,0.048,3374718
1788984323,0,0,0.008,3374718
1788984323,2,0,0.002,3374718
1788984323,0,0,0.016,3374718
1788984323,3,0,0.042,3374718
1788984324,4,0,0.998,3374718
1788984324,0,0,0.014,3374718
1788984324,6,0,0.008,3374718
1788984325,4,0,0.973,3374718
1788984325,3,0,0.035,3374718
1788984326,4,0,0.952,3374718
1788984326,1,0,0.001,3374718
1788984326,6,0,0.007,3374718
1788984326,0,0,0.013,3374718
1788984328,5,0,1.391,3374718
1788984328,2,0,0.003,3374718
1788984329,4,0,1.274,3374718
1788984329,3,0,0.001,3374718
1788984329,1,0,0.001,3374718
1788984329,3,0,0.084,3374718
1788984331,4,0,2.14,3374718
1788984331,6,0,0.008,3374718
1788984331,2,0,0.001,3374718
1788984331,6,0,0.006,3374718
1788984332,2,0,1.214,3374718
1788984334,2,0,1.841,3374718
1788984334,0,0,0.012,3374718
1788984334,1,0,0.001,3374718
1788984336,5,0,1.37,3374718
1788984336,2,0,0.004,3374718
1788984343,5,0,7.57,3374718
1788984343,6,0,0.009,3374718
1788984343,0,0,0.015,3374718
1788984343,5,0,0.127,3374718
1788984343,3,0,0.045,3374718
1788984344,4,0,0.931,3374718
1788984344,0,0,0.006,3374718
1788984345,4,0,0.81,3374718
1788984356,5,0,10.312,3374718
1788984357,4,0,1.278,3374718
1788984358,2,0,0.965,3374718
1788984358,6,0,0.011,3374718
1788984360,2,0,2.057,3374718
1788984361,4,0,0.838,3374718
1788984361,6,0,0.008,3374718
1788984361,6,0,0.009,3374718
1788984361,3,0,0.022,3374718
1788984361,5,0,0.125,3374718
1788984361,0,0,0.014,3374718
1788984363,4,0,2.095,3374718
1788984363,6,0,0.009,3374718
1788984364,2,0,0.753,3374718
1788984364,3,0,0.063,3374718
1788984364,1,0,0.001,3374718
1788984364,3,0,0.007,3374718
1788984366,4,0,2.712,3374718
1788984376,5,0,9.224,3374718
1788984377,5,0,1.616,3374718
1788984378,4,0,0.863,3374718
1788984379,4,0,0.851,3374718
1788984381,4,0,1.757,3374718
1788984381,3,0,0.005,3374718
1788984381,2,0,0.002,3374718
1788984381,6,1,0.004,3374718
1788984382,4,0,1.467,3374718
1788984382,2,0,0.004,3374718
1788984384,2,0,1.534,3374718
1788984386,4,0,1.834,3374718
1788984386,6,0,0.009,3374718
1788984386,4,0,0.774,3374718
1788984387,4,0,0.758,3374718
1788984387,3,0,0.025,3374718
1788984387,3,0,0.008,3374718
1788984387,0,0,0.007,3374718
1788984387,0,0,0.012,3374718
1788984389,5,0,1.441,3374718
1788984389,6,0,0.005,3374718
1788984389,6,0,0.008,3374718
1788984389,3,0,0.059,3374718
1788984390,4,0,1.744,3374718
1788984390,1,0,0.002,3374718
1788984390,2,0,0.005,3374718
1788984391,3,0,0.095,3374718
1788984399,5,0,8.495,3374718
1788984399,5,0,0.122,3374718
1788984399,1,0,0.001,3374718
1788984399,3,0,0.079,3374718
1788984399,0,0,0.009,3374718
1788984399,6,0,0.007,3374718
1788984403,2,0,3.544,3374718
1788984405,4,0,2.128,3374718
1788984405,0,0,0.009,3374718
1788984405,1,0,0.001,3374718
1788984405,3,0,0.081,3374718
1788984406,4,0,0.756,3374718
1788984406,0,0,0.007,3374718
1788984406,2,0,0.004,3374718
1788984406,0,0,0.01,3374718
1788984406,0,0,0.01,3374718
1788984406,1,0,0,3374718
1788984407,4,0,1.272,3374718
1788984409,4,0,1.67,3374718
1788984409,6,0,0.006,3374718
1788984409,3,0,0.004,3374718
1788984409,0,0,0.007,3374718
1788984409,0,0,0.011,3374718
1788984409,2,0,0.003,3374718
1788984409,0,0,0.004,3374718
1788984410,4,0,0.676,3374718
1788984410,3,0,0.057,3374718
1788984411,4,0,1.1,3374718
1788984412,4,0,1.33,3374718
1788984420,5,0,8.148,3374718
1788984420,6,1,0.006,3374718
1788984421,4,0,1.205,3374718
1788984421,3,0,0.009,3374718
1788984421,6,0,0.01,3374718
1788984422,4,0,1.072,3374718
1788984422,2,0,0.003,3374718
1788984424,4,0,1.388,3374718
1788984424,1,0,0.001,3374718
1788984424,1,0,0.001,3374718
1788984425,4,0,1.268,3374718
1788984425,0,0,0.009,3374718
1788984425,6,0,0.007,3374718
1788984425,1,0,0.001,3374718
1788984425,0,0,0.006,3374718
1788984425,6,0,0.009,3374718
1788984427,5,0,2.24,3374718
1788984427,0,0,0.013,3374718
1788984427,3,0,0.032,3374718
1788984429,2,0,1.784,3374718
1788984430,5,0,0.956,3374718
1788984430,3,0,0.094,3374718
1788984430,3,0,0.085,3374718
1788984432,5,0,1.178,3374718
1788984432,0,0,0.007,3374718
1788984432,2,0,0.002,3374718
1788984432,4,0,0.91,3374718
1788984437,4,0,4.916,3374718
1788984437,6,0,0.005,3374718
1788984438,4,0,0.909,3374718
1788984439,4,0,1.006,3374718
1788984439,6,0,0.006,3374718
1788984439,0,0,0.008,3374718
1788984439,3,0,0.013,3374718
1788984439,3,0,0.102,3374718
1788984439,6,0,0.008,3374718
1788984440,4,0,1.031,3374718
1788984440,0,0,0.01,3374718
1788984442,2,0,1.613,3374718
1788984446,4,0,4.232,3374718
1788984446,0,0,0.014,3374718
1788984446,6,0,0.006,3374718
1788984448,2,0,1.829,3374718
1788984448,6,0,0.008,3374718
1788984450,4,0,2.287,3374718
1788984450,0,0,0.009,3374718
1788984454,4,0,3.911,3374718
1788984454,2,0,0.004,3374718
1788984454,6,0,0.008,3374718
1788984454,1,0,0.002,3374718
1788984456,4,0,1.172,3374718
1788984457,4,0,1.766,3374718
1788984457,3,0,0.092,3374718
1788984458,4,0,1.08,3374718
1788984460,2,0,1.87,3374718
1788984460,1,0,0.001,3374718
1788984462,4,0,1.179,3374718
1788984464,4,0,2.045,3374718
1788984466,5,0,2.162,3374718
1788984467,5,0,1.524,3374718
1788984467,0,0,0.006,3374718
1788984479,5,0,11.784,3374718
1788984480,4,0,0.831,3374718
1788984480,0,0,0.014,3374718
1788984481,4,0,1.203,3374718
1788984481,1,0,0.001,3374718
1788984481,5,0,0.124,3374718
1788984481,0,0,0.017,3374718
1788984481,6,0,0.005,3374718
1788984481,2,0,0.003,3374718
1788984482,5,0,0.897,3374718
1788984482,0,0,0.012,3374718
1788984482,3,0,0.053,3374718
1788984484,5,0,1.46,3374718
1788984484,2,0,0.002,3374718
1788984484,2,0,0.002,3374718
1788984485,4,0,0.959,3374718
1788984495,5,0,9.898,3374718
1788984495,0,0,0.015,3374718
1788984495,1,0,0.001,3374718
1788984496,4,0,1.097,3374718
1788984496,2,0,0.003,3374718
1788984496,2,0,0.001,3374718
1788984498,4,0,2.597,3374718
1788984498,3,0,0.07,3374718
1788984499,2,0,1.022,3374718
1788984504,4,0,4.165,3374718
1788984504,3,0,0.058,3374718
1788984504,2,0,0.658,3374718
1788984504,3,0,0.009,3374718
1788984504,6,0,0.006,3374718
1788984505,4,0,1.16,3374718
1788984507,4,0,1.619,3374718
1788984511,4,0,3.541,3374718
1788984513,2,0,2.382,3374718
1788984513,6,0,0.007,3374718
1788984526,7,0,12.85,3374718
1788984526,0,0,0.014,3374718
1788984527,4,0,1.05,3374718
1788984527,1,0,0.002,3374718
1788984527,5,0,0.125,3374718
1788984527,3,0,0.057,3374718
1788984527,3,0,0.006,3374718
1788984527,3,0,0.008,3374718
1788984528,2,0,0.979,3374718
1788984529,2,0,0.612,3374718
1788984529,6,0,0.007,3374718
1788984529,6,0,0.007,3374718
1788984529,3,0,0.089,3374718
1788984529,0,0,0.014,3374718
1788984529,6,0,0.006,3374718
1788984529,2,0,0.002,3374718
1788984529,3,0,0.079,3374718
1788984529,6,1,0.006,3374718
1788984529,0,0,0.013,3374718
1788984529,2,0,0.003,3374718
1788984529,6,0,0.005,3374718
1788984530,4,0,0.843,3374718
1788984530,3,0,0.062,3374718
1788984530,3,0,0.06,3374718
1788984530,3,0,0.005,3374718
1788984530,0,0,0.006,3374718
1788984532,4,0,2.332,3374718
1788984533,4,0,0.977,3374718
1788984534,2,0,1,3374718
1788984534,3,0,0.007,3374718
1788984534,2,0,0.004,3374718
1788984538,4,0,4.091,3374718
1788984538,3,0,0.005,3374718
1788984538,0,0,0.007,3374718
1788984540,2,0,1.331,3374718
1788984541,5,0,1.312,3374718
1788984543,4,0,1.932,3374718
1788984543,6,0,0.005,3374718
1788984545,2,0,1.85,3374718
1788984545,2,0,0.002,3374718
1788984546,2,0,0.97,3374718
1788984547,4,0,1.098,3374718
1788984548,4,0,0.952,3374718
1788984548,0,0,0.013,3374718
1788984558,5,0,10.231,3374718
1788984559,2,0,1.161,3374718
1788984559,3,0,0.01,3374718
1788984560,4,0,0.537,3374718
1788984560,3,0,0.012,3374718
1788984562,4,0,2.101,3374718
1788984563,4,0,1.225,3374718
1788984563,5,0,0.118,3374718
1788984563,3,0,0.015,3374718
1788984563,0,0,0.006,3374718
1788984563,2,0,0.003,3374718
1788984563,6,0,0.007,3374718
1788984563,6,0,0.007,3374718
1788984563,3,0,0.009,3374718
1788984565,4,0,1.435,3374718
1788984575,7,0,10.149,3374718
1788984577,4,0,2.48,3374718
1788984577,1,0,0.002,3374718
1788984579,4,0,2.21,3374718
1788984592,5,0,12.907,3374718
1788984592,0,0,0.006,3374718
1788984593,4,0,0.827,3374718
1788984593,0,0,0.009,3374718
1788984593,3,0,0.074,3374718
1788984593,3,0,0.085,3374718
1788984593,0,0,0.009,3374718
1788984595,4,0,1.486,3374718
1788984599,4,0,4.436,3374718
1788984599,1,0,0.001,3374718
1788984599,0,0,0.008,3374718
1788984601,4,0,1.265,3374718
1788984601,3,0,0.072,3374718
1788984609,5,0,8.044,3374718
1788984609,0,0,0.015,3374718
1788984609,6,0,0.006,3374718
1788984610,4,0,1.47,3374718
1788984610,2,0,0.005,3374718
1788984612,4,0,2.251,3374718
1788984612,0,0,0.007,3374718
1788984613,5,0,0.13,3374718
1788984613,0,0,0.003,3374718
1788984613,4,0,0.762,3374718
1788984613,2,0,0.002,3374718
1788984613,0,0,0.01,3374718
1788984613,3,0,0.084,3374718
1788984615,4,0,1.158,3374718
1788984616,4,0,1.322,3374718
1788984616,1,0,0.001,3374718
1788984617,4,0,1.183,3374718
1788984617,2,0,0.002,3374718
1788984617,3,0,0.035,3374718
1788984617,0,0,0.005,3374718
1788984617,6,0,0.008,3374718
1788984617,3,0,0.072,3374718
1788984621,5,0,3.457,3374718
1788984621,3,0,0.008,3374718
1788984621,2,0,0.003,3374718
1788984621,0,0,0.005,3374718
1788984621,3,0,0.089,3374718
1788984626,5,0,4.799,3374718
1788984626,3,0,0.058,3374718
1788984626,6,0,0.007,3374718
1788984629,4,0,2.893,3374718
1788984629,3,0,0.039,3374718
1788984629,6,0,0.007,3374718
1788984629,3,0,0.09,3374718
1788984629,0,0,0.005,3374718
1788984630,2,0,1.276,3374718
1788984630,3,0,0.083,3374718
1788984632,2,0,1.697,3374718
1788984632,3,0,0.09,3374718
1788984632,3,0,0.047,3374718
1788984633,4,0,1.064,3374718
1788984634,5,0,1.179,3374718
1788984635,4,0,0.833,3374718
1788984637,4,0,1.772,3374718
1788984639,4,0,2.132,3374718
1788984639,2,0,0.004,3374718
1788984640,7,0,1.289,3374718
1788984640,2,0,0.002,3374718
1788984642,4,0,1.995,3374718
1788984642,3,0,0.015,3374718
1788984642,0,0,0.005,3374718
1788984642,6,0,0.008,3374718
1788984642,3,0,0.078,3374718
1788984642,3,0,0.016,3374718
1788984642,6,0,0.005,3374718
1788984642,0,0,0.005,3374718
1788984642,0,0,0.013,3374718
1788984644,2,0,1.563,3374718
1788984644,3,0,0.083,3374718
1788984644,1,0,0.002,3374718
1788984644,3,0,0.005,3374718
1788984645,4,0,0.979,3374718
1788984645,3,0,0.004,3374718
1788984645,3,0,0.003,3374718
1788984647,2,0,2.037,3374718
1788984647,1,0,0.001,3374718
1788984647,6,0,0.006,3374718
1788984650,4,0,2.583,3374718
1788984650,3,0,0.072,3374718
1788984650,3,0,0.01,3374718
1788984650,0,0,0.005,3374718
1788984650,3,0,0.008,3374718
1788984650,6,0,0.006,3374718
1788984651,4,0,1.043,3374718
1788984653,4,0,1.89,3374718
1788984653,2,0,0.003,3374718
1788984653,6,0,0.009,3374718
1788984653,6,0,0.008,3374718
1788984653,2,0,0.002,3374718
1788984653,3,0,0.069,3374718
1788984653,6,0,0.006,3374718
1788984653,2,0,0.002,3374718
1788984654,4,0,1.131,3374718
1788984654,0,0,0.009,3374718
1788984654,0,0,0.005,3374718
1788984654,1,0,0.001,3374718
1788984656,4,0,2.008,3374718
1788984656,0,0,0.014,3374718
1788984656,3,0,0.049,3374718
1788984657,2,0,1.357,3374718
1788984657,6,0,0.007,3374718
1788984661,2,0,3.754,3374718
1788984671,7,0,9.787,3374718
1788984671,0,0,0.016,3374718
1788984671,3,0,0.035,3374718
1788984671,3,0,0.009,3374718
1788984671,0,0,0.004,3374718
1788984671,0,0,0.006,3374718
1788984672,5,0,0.914,3374718
1788984673,4,0,0.902,3374718
1788984673,3,0,0.047,3374718
1788984676,4,0,3.08,3374718
1788984676,3,0,0.171,3374718
1788984677,5,0,1.077,3374718
1788984678,2,0,0.674,3374718
1788984681,2,0,3.147,3374718
1788984681,5,0,0.136,3374718
1788984694,5,0,13.324,3374718
1788984695,4,0,0.685,3374718
1788984697,2,0,2.133,3374718
1788984697,3,0,0.006,3374718
1788984698,2,0,0.993,3374718
1788984698,3,0,0.072,3374718
1788984699,2,0,0.971,3374718
1788984700,2,0,0.856,3374718
1788984701,4,0,1.271,3374718
1788984702,4,0,1.062,3374718
1788984702,0,0,0.013,3374718
1788984704,2,0,1.62,3374718
1788984706,4,0,1.685,3374718
1788984706,0,0,0.005,3374718
1788984706,6,0,0.008,3374718
1788984706,2,0,0.004,3374718
1788984706,0,0,0.017,3374718
1788984706,0,0,0.008,3374718
1788984714,5,0,8.583,3374718
1788984714,3,0,0.026,3374718
1788984714,6,0,0.009,3374718
1788984714,2,0,0.003,3374718
1788984716,2,0,1.276,3374718
1788984716,3,0,0.017,3374718
1788984716,3,0,0.005,3374718
1788984717,5,0,0.818,3374718
1788984717,3,0,0.01,3374718
1788984718,4,0,1.115,3374718
1788984718,3,0,0.09,3374718
1788984718,3,0,0.005,3374718
1788984718,3,0,0.006,3374718
1788984719,2,0,1.064,3374718
1788984719,0,0,0.009,3374718
1788984723,4,0,4.536,3374718
1788984723,3,0,0.004,3374718
1788984725,2,0,1.651,3374718
1788984726,5,0,0.941,3374718
1788984726,2,0,0.519,3374718
1788984726,0,0,0.007,3374718
1788984727,3,0,0.046,3374718
1788984727,3,0,0.084,3374718
1788984727,0,0,0.005,3374718
1788984727,3,0,0.027,3374718
1788984727,0,0,0.008,3374718
1788984727,3,0,0.045,3374718
1788984727,6,0,0.01,3374718
1788984727,5,0,0.74,3374718
1788984728,3,0,0.045,3374718
1788984728,4,0,0.889,3374718
1788984728,6,0,0.006,3374718
1788984728,0,0,0.004,3374718
1788984728,0,0,0.007,3374718
1788984730,4,0,1.149,3374718
1788984730,3,0,0.01,3374718
1788984730,3,0,0.034,3374718
1788984730,4,0,0.863,3374718
1788984741,5,0,11.014,3374718
1788984742,3,0,0.076,3374718
1788984742,4,0,0.634,3374718
1788984743,5,0,1.196,3374718
1788984743,0,0,0.008,3374718
1788984743,6,0,0.009,3374718
1788984743,1,0,0.002,3374718
1788984743,6,0,0.006,3374718
1788984743,6,0,0.005,3374718
1788984743,0,0,0.004,3374718
1788984743,3,0,0.009,3374718
1788984744,4,0,1.004,3374718
1788984744,6,0,0.008,3374718
1788984745,3,0,0.067,3374718
1788984747,4,0,2.353,3374718
1788984749,2,0,2.332,3374718
1788984758,7,0,8.37,3374718
1788984768,5,0,10.817,3374718
1788984771,2,0,2.183,3374718
1788984772,4,0,1.771,3374718
1788984772,0,0,0.012,3374718
1788984773,4,0,1.092,3374718
1788984776,4,0,2.093,3374718
1788984776,2,0,0.003,3374718
1788984776,3,0,0.08,3374718
1788984776,5,0,0.135,3374718
1788984776,3,0,0.098,3374718
1788984776,3,0,0.007,3374718
1788984777,7,0,1.33,3374718
1788984777,3,0,0.01,3374718
1788984777,3,0,0.063,3374718
1788984779,4,0,1.389,3374718
1788984779,2,0,0.002,3374718
1788984779,3,0,0.091,3374718
1788984779,0,0,0.004,3374718
1788984779,2,0,0.002,3374718
1788984779,0,0,0.012,3374718
1788984780,4,0,1.657,3374718
1788984780,1,0,0.001,3374718
1788984782,4,0,1.446,3374718
1788984782,3,0,0.008,3374718
1788984783,2,0,1.561,3374718
1788984783,3,0,0.007,3374718
1788984784,3,0,0.084,3374718
1788984784,1,0,0.001,3374718
1788984784,6,0,0.005,3374718
1788984784,6,0,0.009,3374718
1788984784,1,0,0.001,3374718
1788984785,2,0,1.513,3374718
1788984786,4,0,1.119,3374718
1788984787,4,0,0.739,3374718
1788984788,4,0,1.279,3374718
1788984788,0,0,0.016,3374718
1788984790,5,0,2.168,3374718
1788984791,4,0,1.014,3374718
1788984791,3,0,0.004,3374718
1788984791,2,0,0.003,3374718
1788984801,7,0,9.608,3374718
1788984801,2,0,0.003,3374718
1788984801,3,0,0.006,3374718
1788984801,0,0,0.011,3374718
1788984802,2,0,0.793,3374718
1788984802,0,0,0.007,3374718
1788984803,4,0,1.039,3374718
1788984803,0,0,0.01,3374718
1788984805,4,0,2.312,3374718
1788984806,4,0,0.77,3374718
1788984806,3,0,0.012,3374718
1788984806,3,0,0.003,3374718
1788984806,3,0,0.003,3374718
1788984806,0,0,0.01,3374718
1788984806,6,0,0.005,3374718
1788984811,5,0,4.69,3374718
1788984813,5,0,2.252,3374718
1788984813,1,0,0.002,3374718
1788984814,4,0,1.02,3374718
1788984815,4,0,1.258,3374718
1788984815,3,0,0.004,3374718
1788984815,6,0,0.009,3374718
1788984815,1,0,0.002,3374718
1788984816,4,0,1.109,3374718
1788984816,3,0,0.007,3374718
1788984818,2,0,1.206,3374718
1788984820,2,0,2.753,3374718
1788984820,3,0,0.033,3374718
1788984820,0,0,0.006,3374718
1788984822,4,0,1.911,3374718
1788984822,3,0,0.07,3374718
1788984823,4,0,0.727,3374718
1788984823,3,0,0.078,3374718
1788984823,5,0,0.119,3374718
1788984824,2,0,1.203,3374718
1788984825,3,0,0.048,3374718
1788984825,3,0,0.01,3374718
1788984825,6,0,0.01,3374718
1788984825,6,0,0.009,3374718
1788984825,2,0,0.002,3374718
1788984826,4,0,1.664,3374718
1788984826,7,0,0.176,3374718
1788984826,6,0,0.007,3374718
1788984826,3,0,0.007,3374718
1788984826,3,0,0.069,3374718
1788984826,6,0,0.004,3374718
1788984838,7,0,11.729,3374718
1788984838,3,0,0.031,3374718
1788984838,3,0,0.091,3374718
1788984838,3,0,0.006,3374718
1788984838,0,0,0.016,3374718
1788984838,6,0,0.008,3374718
1788984838,5,0,0.129,3374718
1788984840,2,0,1.033,3374718
1788984840,0,0,0.014,3374718
1788984840,3,0,0.066,3374718
1788984840,2,0,0.746,3374718
1788984840,3,0,0.009,3374718
1788984840,3,0,0.009,3374718
1788984840,6,0,0.008,3374718
1788984840,3,0,0.089,3374718
1788984840,1,0,0.001,3374718
1788984840,0,0,0.006,3374718
1788984840,1,0,0.001,3374718
1788984841,3,0,0.058,3374718
1788984841,0,0,0.008,3374718
1788984842,4,0,1.557,3374718
1788984842,0,0,0.014,3374718
1788984842,3,0,0.078,3374718
1788984842,0,0,0.007,3374718
1788984842,6,0,0.006,3374718
1788984842,0,0,0.005,3374718
1788984842,0,0,0.012,3374718
1788984843,4,0,1.129,3374718
1788984843,1,0,0.002,3374718
1788984843,3,0,0.032,3374718
1788984843,0,0,0.006,3374718
1788984843,2,0,0.004,3374718
1788984846,4,0,2.324,3374718
1788984846,3,0,0.031,3374718
1788984846,3,0,0.006,3374718
1788984847,2,0,0.949,3374718
1788984849,4,0,1.923,3374718
1788984859,5,0,10.511,3374718
1788984860,2,0,1.276,3374718
1788984861,2,0,1.057,3374718
1788984861,6,0,0.005,3374718
1788984862,3,0,0.06,3374718
1788984862,2,0,0.003,3374718
1788984862,3,0,0.004,3374718
1788984862,3,0,0.051,3374718
1788984862,6,0,0.007,3374718
1788984862,7,0,0.181,3374718
1788984862,0,0,0.011,3374718
1788984863,4,0,1.11,3374718
1788984875,5,0,11.974,3374718
1788984875,6,0,0.006,3374718
1788984876,5,0,1.32,3374718
1788984876,2,0,0.002,3374718
1788984876,3,0,0.078,3374718
1788984876,6,0,0.008,3374718
1788984876,2,0,0.005,3374718
1788984879,4,0,2.865,3374718
1788984879,3,0,0.011,3374718
1788984879,6,0,0.008,3374718
1788984879,5,0,0.121,3374718
1788984879,3,0,0.088,3374718
1788984890,5,0,10.447,3374718
1788984892,4,0,1.923,3374718
1788984892,1,0,0.002,3374718
1788984892,6,0,0.009,3374718
1788984894,4,0,2.025,3374718
1788984894,3,0,0.008,3374718
1788984894,3,0,0.011,3374718
1788984894,3,0,0.04,3374718
1788984894,2,0,0.002,3374718
1788984894,1,0,0.002,3374718
1788984894,0,0,0.009,3374718
1788984895,4,0,1.611,3374718
1788984895,0,0,0.012,3374718
1788984896,5,0,0.105,3374718
1788984896,5,0,0.104,3374718
1788984897,4,0,1.25,3374718
1788984901,5,0,4.003,3374718
1788984902,4,0,1.228,3374718
1788984902,0,0,0.014,3374718
1788984902,3,0,0.088,3374718
1788984902,2,0,0.003,3374718
1788984905,2,0,2.67,3374718
1788984905,3,0,0.039,3374718
1788984907,4,0,1.723,3374718
1788984907,2,0,0.003,3374718
1788984908,4,0,1.184,3374718
1788984908,3,0,0.009,3374718
1788984908,0,0,0.012,3374718
1788984908,2,0,0.002,3374718
1788984908,0,0,0.011,3374718
1788984908,6,0,0.007,3374718
1788984908,1,0,0.001,3374718
1788984908,3,0,0.075,3374718
1788984908,3,0,0.005,3374718
1788984908,3,0,0.067,3374718
1788984908,0,0,0.01,3374718
1788984908,3,0,0.051,3374718
1788984909,2,0,1.235,3374718
1788984920,7,0,10.241,3374718
1788984920,0,0,0.014,3374718
1788984920,1,0,0.001,3374718
1788984924,4,0,3.876,3374718
1788984924,4,0,0.885,3374718
1788984925,2,0,0.808,3374718
1788984925,3,0,0.005,3374718
1788984927,2,0,1.925,3374718
1788984927,3,0,0.04,3374718
1788984927,3,0,0.038,3374718
1788984927,6,0,0.008,3374718
1788984927,1,0,0.002,3374718
1788984929,2,0,1.766,3374718
1788984929,6,0,0.009,3374718
1788984929,3,0,0.07,3374718
1788984930,2,0,1.085,3374718
1788984930,3,0,0.025,3374718
1788984931,4,0,1.048,3374718
1788984931,3,0,0.011,3374718
1788984931,3,0,0.016,3374718
1788984931,3,0,0.006,3374718
1788984931,3,0,0.045,3374718
1788984931,6,0,0.009,3374718
1788984931,2,0,0.002,3374718
1788984931,0,0,0.017,3374718
1788984940,7,0,8.919,3374718
1788984940,6,0,0.005,3374718
1788984941,2,0,1.229,3374718
1788984941,2,0,0.002,3374718
1788984942,0,0,0.011,3374718
1788984942,2,0,0.001,3374718
1788984942,3,0,0.046,3374718
1788984944,5,0,2.737,3374718
1788984947,5,0,2.802,3374718
1788984947,0,0,0.012,3374718
1788984948,4,0,1.348,3374718
1788984948,0,0,0.009,3374718
1788984950,4,0,1.121,3374718
1788984950,0,0,0.012,3374718
1788984951,4,0,1.852,3374718
1788984951,0,0,0.008,3374718
1788984959,7,0,7.902,3374718
1788984959,2,0,0.003,3374718
1788984959,1,0,0.001,3374718
1788984959,3,0,0.053,3374718
1788984959,3,0,0.048,3374718
1788984961,4,0,1.947,3374718
1788984961,6,0,0.006,3374718
1788984964,4,0,2.482,3374718
1788984965,4,0,1.035,3374718
1788984965,0,0,0.011,3374718
1788984965,6,0,0.008,3374718
1788984965,7,0,0.165,3374718
1788984966,2,0,0.656,3374718
1788984966,3,0,0.009,3374718
1788984966,0,0,0.008,3374718
1788984966,6,0,0.007,3374718
1788984966,5,0,0.136,3374718
1788984966,3,0,0.01,3374718
1788984966,3,0,0.087,3374718
1788984967,2,0,1.312,3374718
1788984967,1,0,0,3374718
1788984967,0,0,0.005,3374718
1788984967,6,0,0.009,3374718
1788984967,3,0,0.003,3374718
1788984969,2,0,1.629,3374718
1788984969,2,0,0.003,3374718
1788984969,6,0,0.008,3374718
1788984969,0,0,0.012,3374718
1788984971,2,0,2.025,3374718
1788984971,3,0,0.012,3374718
1788984971,0,0,0.006,3374718
1788984971,3,0,0.007,3374718
1788984971,2,0,0.002,3374718
1788984971,1,0,0.001,3374718
1788984971,0,0,0.013,3374718
1788984972,4,0,0.838,3374718
1788984972,6,0,0.007,3374718
1788984972,0,0,0.01,3374718
1788984973,4,0,1.505,3374718
1788984973,2,0,0.003,3374718
1788984975,4,0,1.67,3374718
1788984975,0,0,0.013,3374718
1788984975,3,0,0.071,3374718
1788984975,3,0,0.034,3374718
1788984976,4,0,0.959,3374718
1788984978,4,0,1.594,3374718
1788984978,0,0,0.011,3374718
1788984978,0,0,0.009,3374718
1788984978,3,0,0.069,3374718
1788984978,0,0,0.013,3374718
1788984980,4,0,2.219,3374718
1788984982,2,0,2.263,3374718
1788984983,2,0,0.976,3374718
1788984983,6,0,0.007,3374718
1788984983,2,0,0.002,3374718
1788984983,6,0,0.007,3374718
1788984983,3,0,0.084,3374718
1788984983,1,0,0.002,3374718
1788984984,4,0,0.944,3374718
1788984984,0,0,0.009,3374718
1788984986,5,0,1.113,3374718
1788984986,3,0,0.003,3374718
1788984986,2,0,0.003,3374718
1788984986,6,0,0.009,3374718
1788984987,2,0,1.769,3374718
1788984989,2,0,1.524,3374718
1788984990,4,0,1.197,3374718
1788984990,2,0,0.003,3374718
1788984990,2,0,0.002,3374718
1788984990,1,0,0,3374718
1788984992,4,0,1.628,3374718
1788984992,6,0,0.011,3374718
1788984995,4,0,2.897,3374718
1788984995,1,0,0.001,3374718
1788984996,4,0,1.773,3374718
1788984997,4,0,1.119,3374718
1788984997,0,0,0.007,3374718
1788984997,0,0,0.008,3374718
1788985000,4,0,2.252,3374718
1788985012,5,0,12.106,3374718
1788985012,3,0,0.08,3374718
1788985012,2,0,0.004,3374718
1788985012,3,0,0.033,3374718
1788985013,4,0,1.434,3374718
1788985014,2,0,1.054,3374718
1788985016,4,0,1.093,3374718
1788985016,0,0,0.005,3374718
1788985016,0,0,0.016,3374718
1788985016,1,0,0.001,3374718
1788985017,4,0,1.431,3374718
1788985019,4,0,2.068,3374718
1788985021,2,0,2.122,3374718
1788985021,0,0,0.006,3374718
1788985023,2,0,1.383,3374718
1788985023,5,0,0.118,3374718
1788985024,4,0,0.948,3374718
1788985025,4,0,1.304,3374718
1788985025,0,0,0.007,3374718
1788985025,2,0,0.003,3374718
1788985025,0,0,0.009,3374718
1788985034,5,0,9.249,3374718
1788985034,3,0,0.005,3374718
1788985035,4,0,0.973,3374718
1788985035,5,0,0.125,3374718
1788985035,0,0,0.012,3374718
1788985035,6,0,0.007,3374718
1788985035,3,0,0.058,3374718
1788985040,2,0,4.17,3374718
1788985041,7,0,1.326,3374718
1788985041,3,0,0.049,3374718
1788985041,0,0,0.01,3374718
1788985041,5,0,0.114,3374718
1788985042,5,0,1.44,3374718
1788985042,3,0,0.009,3374718
1788985043,3,0,0.04,3374718
1788985044,2,0,1.744,3374718
1788985046,2,0,1.374,3374718
1788985047,2,0,1.049,3374718
1788985049,4,0,2.041,3374718
1788985049,0,0,0.007,3374718
1788985049,3,0,0.051,3374718
1788985052,4,0,3.412,3374718
1788985052,3,0,0.053,3374718
1788985052,6,0,0.006,3374718
1788985054,2,0,1.369,3374718
1788985054,0,0,0.005,3374718
1788985054,1,0,0.002,3374718
1788985054,2,0,0.004,3374718
1788985056,4,0,2.387,3374718
1788985056,6,0,0.007,3374718
1788985057,4,0,1.393,3374718
1788985057,0,0,0.008,3374718
1788985059,4,0,1.696,3374718
1788985063,2,0,3.472,3374718
1788985063,6,0,0.006,3374718
1788985063,0,0,0.007,3374718
1788985063,3,0,0.01,3374718
1788985063,7,0,0.181,3374718
1788985065,4,0,1.764,3374718
1788985065,6,0,0.006,3374718
1788985065,6,0,0.008,3374718
1788985065,6,0,0.005,3374718
1788985065,6,0,0.01,3374718
1788985066,2,0,1.549,3374718
1788985068,4,0,1.396,3374718
1788985071,4,0,3.864,3374718
1788985071,0,0,0.009,3374718
1788985071,3,0,0.03,3374718
1788985072,5,0,0.111,3374718
1788985072,0,0,0.007,3374718
1788985072,3,0,0.011,3374718
1788985072,4,0,0.639,3374718
1788985072,3,0,0.051,3374718
1788985073,4,0,0.928,3374718
1788985074,4,0,1.086,3374718
1788985075,5,0,0.865,3374718
1788985075,0,0,0.012,3374718
1788985075,0,0,0.01,3374718
1788985077,4,0,1.607,3374718
1788985077,0,0,0.009,3374718
1788985079,5,0,2.379,3374718
1788985080,4,0,1.074,3374718
1788985080,2,0,0.003,3374718
1788985083,4,0,2.632,3374718
1788985083,0,0,0.01,3374718
1788985083,6,0,0.007,3374718
1788985085,4,0,1.76,3374718
1788985085,1,0,0.001,3374718
1788985085,1,0,0,3374718
1788985085,6,0,0.005,3374718
1788985085,3,0,0.013,3374718
1788985085,3,0,0.079,3374718
1788985085,3,0,0.01,3374718
1788985086,4,0,0.73,3374718
1788985086,5,0,0.984,3374718
1788985086,6,0,0.005,3374718
1788985088,4,0,1.535,3374718
1788985088,3,0,0.057,3374718
1788985089,4,0,0.848,3374718
1788985091,2,0,1.744,3374718
1788985093,4,0,1.853,3374718
1788985093,0,0,0.004,3374718
1788985093,0,0,0.005,3374718
1788985093,3,0,0.007,3374718
1788985103,5,0,10.066,3374718
1788985103,6,0,0.006,3374718
1788985103,1,0,0.002,3374718
1788985103,2,0,0.004,3374718
1788985103,3,0,0.051,3374718
1788985104,4,0,1.355,3374718
1788985104,0,0,0.003,3374718
1788985105,4,0,1.227,3374718
1788985107,2,0,1.483,3374718
1788985108,4,0,1.368,3374718
1788985112,2,0,4.253,3374718
1788985112,0,0,0.01,3374718
1788985112,3,0,0.056,3374718
1788985116,4,0,3.723,3374718
1788985117,2,0,1.109,3374718
1788985117,5,0,0.095,3374718
1788985118,2,0,0.803,3374718
1788985119,4,0,1.03,3374718
1788985131,5,0,11.473,3374718
1788985131,6,0,0.007,3374718
1788985134,4,0,3.402,3374718
1788985136,4,0,2.174,3374718
1788985136,0,0,0.005,3374718
1788985136,0,0,0.011,3374718
1788985136,6,0,0.01,3374718
1788985136,2,0,0.003,3374718
1788985140,4,0,4.073,3374718
1788985140,6,0,0.006,3374718
1788985142,4,0,1.985,3374718
1788985143,4,0,1.146,3374718
1788985144,0,0,0.018,3374718
1788985144,0,0,0.006,3374718
1788985144,3,0,0.078,3374718
1788985144,6,0,0.006,3374718
1788985144,5,0,0.119,3374718
1788985144,0,0,0.012,3374718
1788985145,4,0,1.153,3374718
1788985147,4,0,1.789,3374718
1788985147,0,0,0.005,3374718
1788985147,0,0,0.008,3374718
1788985156,5,0,9.32,3374718
1788985156,3,0,0.056,3374718
1788985157,5,0,1.075,3374718
1788985161,4,0,3.416,3374718
1788985164,5,0,2.987,3374718
1788985165,4,0,1.144,3374718
1788985165,3,0,0.006,3374718
1788985165,2,0,0.004,3374718
1788985165,3,0,0.048,3374718
1788985166,4,0,0.882,3374718
1788985166,6,0,0.009,3374718
1788985166,5,0,0.133,3374718
1788985166,6,0,0.008,3374718
1788985166,2,0,0.003,3374718
1788985168,5,0,1.949,3374718
1788985168,3,0,0.075,3374718
1788985168,6,0,0.008,3374718
1788985168,6,0,0.006,3374718
1788985168,3,0,0.052,3374718
1788985168,3,0,0.088,3374718
1788985168,3,0,0.017,3374718
1788985169,4,0,1.027,3374718
1788985169,3,0,0.066,3374718
1788985170,2,0,1.186,3374718
1788985170,0,0,0.015,3374718
1788985170,6,0,0.006,3374718
1788985170,3,0,0.009,3374718
1788985170,0,0,0.005,3374718
1788985171,2,0,1.002,3374718
1788985171,2,0,0.003,3374718
1788985171,5,0,0.12,3374718
1788985171,6,0,0.006,3374718
1788985171,0,0,0.013,3374718
1788985171,6,0,0.008,3374718
1788985171,6,0,0.005,3374718
1788985172,2,0,0.73,3374718
1788985172,0,0,0.01,3374718
1788985172,0,0,0.01,3374718
1788985172,0,0,0.011,3374718
1788985175,4,0,2.421,3374718
1788985175,0,0,0.01,3374718
1788985177,5,0,2.587,3374718
1788985177,5,0,0.122,3374718
1788985177,0,0,0.017,3374718
1788985179,2,0,1.476,3374718
1788985179,3,0,0.007,3374718
1788985180,4,0,1.043,3374718
1788985180,3,0,0.006,3374718
1788985180,1,0,0.002,3374718
1788985182,4,0,2.154,3374718
1788985182,6,0,0.005,3374718
1788985183,5,0,1.209,3374718
1788985185,4,0,1.679,3374718
1788985185,6,0,0.007,3374718
1788985185,0,0,0.015,3374718
1788985185,1,0,0.001,3374718
1788985185,3,0,0.005,3374718
1788985189,2,0,3.98,3374718
1788985190,2,0,0.97,3374718
1788985191,2,0,1.405,3374718
1788985193,5,0,1.231,3374718
1788985193,3,0,0.048,3374718
1788985193,0,0,0.008,3374718
1788985193,3,0,0.064,3374718
1788985194,2,0,0.935,3374718
1788985194,6,0,0.009,3374718
1788985194,3,0,0.013,3374718
1788985196,4,0,2.192,3374718
1788985198,2,0,2.021,3374718
1788985198,1,0,0.001,3374718
1788985198,3,0,0.009,3374718
1788985199,4,0,1.432,3374718
1788985199,3,0,0.004,3374718
1788985202,4,0,2.309,3374718
1788985202,0,0,0.012,3374718
1788985202,3,0,0.066,3374718
1788985204,4,0,1.875,3374718
1788985204,6,0,0.006,3374718
1788985205,4,0,1.435,3374718
1788985205,2,0,0.003,3374718
1788985207,4,0,1.678,3374718
1788985207,3,0,0.004,3374718
1788985210,7,0,2.822,3374718
1788985210,1,0,0.001,3374718
1788985210,2,0,0.002,3374718
1788985210,2,0,0.001,3374718
1788985211,4,0,1.686,3374718
1788985212,4,0,1.261,3374718
1788985212,6,0,0.005,3374718
1788985214,4,0,1.61,3374718
1788985214,6,0,0.008,3374718
1788985215,4,0,1.207,3374718
1788985215,0,0,0.01,3374718
1788985217,4,0,1.305,3374718
1788985217,3,0,0.006,3374718
1788985218,4,0,1.539,3374718
1788985218,2,0,0.002,3374718
1788985218,3,0,0.057,3374718
1788985226,5,0,7.474,3374718
1788985227,5,0,1.405,3374718
1788985228,5,0,1.167,3374718
1788985228,2,0,0.002,3374718
1788985228,3,0,0.033,3374718
1788985229,4,0,0.983,3374718
1788985229,0,0,0.005,3374718
1788985229,0,0,0.01,3374718
1788985229,0,0,0.008,3374718
1788985229,3,0,0.018,3374718
1788985229,3,0,0.032,3374718
1788985229,5,0,0.113,3374718
1788985229,6,0,0.008,3374718
1788985231,4,0,1.378,3374718
1788985233,2,0,2.254,3374718
1788985233,6,0,0.009,3374718
1788985243,5,0,10.22,3374718
1788985243,2,0,0.004,3374718
1788985245,4,0,1.229,3374718
1788985247,2,0,2.568,3374718
1788985247,0,0,0.004,3374718
1788985249,4,0,1.529,3374718
1788985249,1,0,0.002,3374718
1788985259,5,0,10.171,3374718
1788985261,4,0,2.531,3374718
1788985261,3,0,0.073,3374718
1788985263,4,0,1.17,3374718
1788985263,1,0,0.001,3374718
1788985263,7,0,0.188,3374718
1788985264,4,0,0.82,3374718
1788985264,5,0,0.122,3374718
1788985264,6,0,0.006,3374718
1788985264,0,0,0.015,3374718
1788985264,0,0,0.013,3374718
1788985264,1,0,0.001,3374718
1788985264,5,0,0.12,3374718
1788985264,3,0,0.003,3374718
1788985266,4,0,1.799,3374718
1788985267,2,0,1.356,3374718
1788985267,6,0,0.008,3374718
1788985267,3,0,0.009,3374718
1788985267,3,0,0.007,3374718
1788985267,3,0,0.041,3374718
1788985267,0,0,0.004,3374718
1788985267,0,0,0.007,3374718
1788985267,1,0,0.001,3374718
1788985267,3,0,0.005,3374718
1788985268,4,0,1.146,3374718
1788985268,0,0,0.002,3374718
1788985270,4,0,1.967,3374718
1788985273,4,0,2.925,3374718
1788985273,1,0,0.001,3374718
1788985273,3,0,0.011,3374718
1788985273,7,0,0.186,3374718
1788985276,4,0,2.257,3374718
1788985276,5,0,0.121,3374718
1788985276,3,0,0.007,3374718
1788985276,2,0,0.002,3374718
1788985277,4,0,1.655,3374718
1788985282,4,0,4.47,3374718
1788985283,5,0,1.168,3374718
1788985283,5,0,0.115,3374718
1788985283,2,0,0.003,3374718
1788985283,1,0,0.002,3374718
1788985283,3,0,0.054,3374718
1788985283,0,0,0.008,3374718
1788985284,4,0,0.791,3374718
1788985284,6,0,0.01,3374718
1788985284,3,0,0.037,3374718
1788985284,0,0,0.004,3374718
1788985285,4,0,1.166,3374718
1788985285,0,0,0.004,3374718
1788985285,3,0,0.063,3374718
1788985285,6,1,0.007,3374718
1788985287,2,0,2.025,3374718
1788985289,4,0,1.394,3374718
1788985289,3,0,0.072,3374718
1788985289,3,0,0.016,3374718
1788985289,0,0,0.005,3374718
1788985300,5,0,11.332,3374718
1788985310,5,0,9.928,3374718
1788985310,3,0,0.066,3374718
1788985310,3,0,0.007,3374718
1788985310,0,0,0.008,3374718
1788985312,4,0,1.499,3374718
1788985313,4,0,1.417,3374718
1788985313,1,0,0.001,3374718
1788985313,0,0,0.006,3374718
1788985313,3,0,0.042,3374718
1788985313,2,0,0.004,3374718
1788985313,3,0,0.032,3374718
1788985313,0,0,0.008,3374718
1788985313,5,0,0.134,3374718
1788985313,1,0,0.001,3374718
1788985322,7,0,8.451,3374718
1788985322,2,0,0.003,3374718
1788985322,0,0,0.014,3374718
1788985323,4,0,1.014,3374718
1788985324,4,0,1.233,3374718
1788985324,6,0,0.007,3374718
1788985324,0,0,0.007,3374718
1788985324,0,0,0.004,3374718
1788985326,4,0,1.609,3374718
1788985326,0,0,0.005,3374718
1788985327,4,0,1.139,3374718
1788985327,3,0,0.003,3374718
1788985327,6,0,0.006,3374718
1788985327,0,0,0.006,3374718
1788985327,3,0,0.005,3374718
1788985328,4,0,1.41,3374718
1788985328,1,0,0.001,3374718
1788985328,6,0,0.006,3374718
1788985328,6,0,0.007,3374718
1788985330,4,0,1.78,3374718
1788985330,6,0,0.006,3374718
1788985330,7,0,0.169,3374718
1788985330,6,0,0.011,3374718
1788985330,2,0,0.002,3374718
1788985330,2,0,0.002,3374718
1788985341,5,0,10.625,3374718
1788985341,3,0,0.072,3374718
1788985341,0,0,0.004,3374718
1788985341,6,0,0.009,3374718
1788985341,6,0,0.009,3374718
1788985341,3,0,0.044,3374718
1788985341,1,0,0.001,3374718
1788985341,0,0,0.006,3374718
1788985342,4,0,1.33,3374718
1788985342,3,0,0.062,3374718
1788985342,0,0,0.015,3374718
1788985342,3,0,0.063,3374718
1788985344,4,0,1.589,3374718
1788985354,7,0,9.862,3374718
1788985354,0,0,0.009,3374718
1788985364,5,0,10.112,3374718
1788985364,6,0,0.005,3374718
1788985364,3,0,0.007,3374718
1788985364,6,0,0.005,3374718
1788985367,4,0,3.304,3374718
1788985367,1,0,0.002,3374718
1788985368,4,0,1.028,3374718
1788985369,5,0,0.118,3374718
1788985369,6,0,0.008,3374718
1788985369,2,0,0.004,3374718
1788985369,5,0,0.124,3374718
1788985369,0,0,0.009,3374718
1788985369,0,0,0.013,3374718
1788985369,5,0,0.122,3374718
1788985372,4,0,2.883,3374718
1788985372,3,0,0.01,3374718
1788985373,4,0,1.177,3374718
1788985374,4,0,1.553,3374718
1788985374,0,0,0.011,3374718
1788985376,4,0,1.889,3374718
1788985376,6,0,0.009,3374718
1788985386,5,0,10.123,3374718
1788985387,5,0,0.77,3374718
1788985387,0,0,0.011,3374718
1788985387,0,0,0.012,3374718
1788985387,3,0,0.009,3374718
1788985387,6,0,0.009,3374718
1788985387,6,0,0.008,3374718
1788985387,3,0,0.064,3374718
1788985387,2,0,0.002,3374718
1788985388,2,0,1.02,3374718
1788985388,3,0,0.032,3374718
1788985390,4,0,1.162,3374718
1788985391,4,0,1.01,3374718
1788985393,4,0,2.673,3374718
1788985393,3,0,0.036,3374718
1788985393,0,0,0.017,3374718
1788985393,0,0,0.009,3374718
1788985393,3,0,0.057,3374718
1788985395,4,0,1.481,3374718
1788985395,0,0,0.014,3374718
1788985395,6,0,0.006,3374718
1788985396,4,0,1.113,3374718
1788985398,5,0,1.549,3374718
1788985398,4,0,0.096,3374718
1788985400,5,0,1.933,3374718
1788985400,3,0,0.084,3374718
1788985403,4,0,3.589,3374718
1788985403,0,0,0.01,3374718
1788985403,3,0,0.018,3374718
1788985403,0,0,0.009,3374718
1788985403,3,0,0.076,3374718
1788985403,5,0,0.119,3374718
1788985403,0,0,0.009,3374718
1788985403,0,0,0.011,3374718
1788985403,0,0,0.012,3374718
1788985412,5,0,8.562,3374718
1788985423,5,0,10.56,3374718
1788985423,6,0,0.012,3374718
1788985424,4,0,1.885,3374718
1788985424,1,0,0.001,3374718
1788985424,2,0,0.004,3374718
1788985425,6,0,0.01,3374718
1788985425,3,0,0.083,3374718
1788985425,0,0,0.017,3374718
1788985425,1,0,0.001,3374718
1788985425,6,0,0.009,3374718
1788985427,4,0,2.458,3374718
1788985427,2,0,0.001,3374718
1788985427,3,0,0.003,3374718
1788985427,7,0,0.174,3374718
1788985428,4,0,1.202,3374718
1788985429,3,0,0.066,3374718
1788985430,2,0,1.232,3374718
1788985432,4,0,1.854,3374718
1788985432,3,0,0.179,3374718
1788985433,4,0,0.823,3374718
1788985433,6,0,0.005,3374718
1788985433,2,0,0.004,3374718
1788985435,5,0,2.274,3374718
1788985436,4,0,1.412,3374718
1788985436,0,0,0.005,3374718
1788985438,5,0,2.09,3374718
1788985440,4,0,1.099,3374718
1788985440,4,0,0.964,3374718
1788985440,0,0,0.011,3374718
1788985442,4,0,1.104,3374718
1788985444,4,0,2.66,3374718
1788985444,6,0,0.009,3374718
1788985445,2,0,1.071,3374718
1788985447,4,0,1.267,3374718
1788985447,2,0,0.003,3374718
1788985447,7,0,0.174,3374718
1788985447,3,0,0.009,3374718
1788985447,3,0,0.05,3374718
1788985448,4,0,1.127,3374718
1788985449,4,0,1.456,3374718
1788985457,5,0,7.799,3374718
1788985457,1,0,0.001,3374718
1788985457,3,0,0.059,3374718
1788985457,0,0,0.01,3374718
1788985459,4,0,1.813,3374718
1788985459,0,0,0.012,3374718
1788985459,1,0,0.001,3374718
1788985461,5,0,1.405,3374718
1788985461,2,0,0.001,3374718
1788985462,2,0,1.42,3374718
1788985462,0,0,0.013,3374718
1788985462,0,0,0.014,3374718
1788985466,4,0,3.665,3374718
1788985475,5,0,9.59,3374718
1788985476,4,0,1.063,3374718
1788985477,4,0,0.852,3374718
1788985477,0,0,0.004,3374718
1788985480,4,0,2.662,3374718
1788985481,4,0,1.126,3374718
1788985488,5,0,6.962,3374718
1788985488,3,0,0.003,3374718
1788985490,4,0,1.644,3374718
1788985490,2,0,0.004,3374718
1788985491,4,0,1.542,3374718
1788985494,4,0,2.553,3374718
1788985495,4,0,1.313,3374718
1788985496,2,0,0.88,3374718
1788985497,2,0,1.164,3374718
1788985497,3,0,0.003,3374718
1788985500,2,0,2.651,3374718
1788985500,6,0,0.009,3374718
1788985501,2,0,1.166,3374718
1788985505,2,0,4.024,3374718
1788985505,2,0,0.003,3374718
1788985506,5,0,0.725,3374718
1788985506,3,0,0.07,3374718
1788985507,2,0,1.141,3374718
1788985507,6,0,0.008,3374718
1788985507,0,0,0.011,3374718
1788985507,3,0,0.049,3374718
1788985507,3,0,0.021,3374718
1788985508,2,0,0.982,3374718
1788985509,4,0,0.663,3374718
1788985509,0,0,0.011,3374718
1788985509,6,0,0.008,3374718
1788985509,0,0,0.012,3374718
1788985509,4,0,0.881,3374718
1788985509,0,0,0.012,3374718
1788985510,5,0,0.119,3374718
1788985510,6,0,0.006,3374718
1788985510,3,0,0.022,3374718
1788985510,3,0,0.005,3374718
1788985510,3,0,0.054,3374718
1788985511,4,0,1.086,3374718
1788985511,6,0,0.006,3374718
1788985512,4,0,1.411,3374718
1788985514,4,0,1.406,3374718
1788985514,4,0,0.896,3374718
1788985515,4,0,0.891,3374718
1788985515,1,0,0.002,3374718
1788985516,4,0,0.731,3374718
1788985516,3,0,0.069,3374718
1788985516,3,0,0.006,3374718
1788985516,0,0,0.01,3374718
1788985516,1,0,0.001,3374718
1788985528,7,0,11.558,3374718
1788985528,6,0,0.005,3374718
1788985528,3,0,0.061,3374718
1788985529,2,0,1.141,3374718
1788985531,4,0,2.22,3374718
1788985531,0,0,0.014,3374718
1788985532,4,0,1.191,3374718
1788985543,7,0,10.71,3374718
1788985543,3,0,0.012,3374718
1788985543,6,1,0.006,3374718
1788985543,1,0,0.002,3374718
1788985543,0,0,0.011,3374718
1788985543,3,0,0.015,3374718
1788985543,2,0,0.001,3374718
1788985543,0,0,0.011,3374718
1788985544,2,0,0.63,3374718
1788985545,4,0,1.702,3374718
1788985546,3,0,0.077,3374718
1788985547,4,0,1.906,3374718
1788985547,1,0,0.001,3374718
1788985547,1,0,0.001,3374718
1788985547,6,0,0.007,3374718
1788985547,3,0,0.052,3374718
1788985548,1,0,0.001,3374718
1788985548,3,0,0.005,3374718
1788985548,6,0,0.007,3374718
1788985548,1,0,0.001,3374718
1788985548,3,0,0.085,3374718
1788985548,0,0,0.009,3374718
1788985548,6,0,0.007,3374718
1788985548,2,0,0.003,3374718
1788985549,2,0,0.932,3374718
1788985549,6,0,0.008,3374718
1788985549,3,0,0.086,3374718
1788985549,3,0,0.006,3374718
1788985550,4,0,1.54,3374718
1788985550,0,0,0.006,3374718
1788985550,3,0,0.083,3374718
1788985550,3,0,0.011,3374718
1788985550,3,0,0.086,3374718
1788985550,3,0,0.069,3374718
1788985552,2,0,1.111,3374718
1788985552,4,0,0.818,3374718
1788985555,4,0,2.21,3374718
1788985555,6,0,0.007,3374718
1788985555,3,0,0.007,3374718
1788985555,2,0,0.58,3374718
1788985555,3,0,0.006,3374718
1788985556,4,0,1.254,3374718
1788985556,2,0,0.002,3374718
1788985558,2,0,1.114,3374718
1788985559,5,0,1.671,3374718
1788985560,5,0,0.917,3374718
1788985561,4,0,0.972,3374718
1788985561,3,0,0.081,3374718
1788985561,6,0,0.009,3374718
1788985563,2,0,1.402,3374718
1788985563,1,0,0.002,3374718
1788985564,4,0,1.176,3374718
1788985564,6,0,0.006,3374718
1788985564,3,0,0.02,3374718
1788985565,4,0,1.036,3374718
1788985566,4,0,1.517,3374718
1788985566,0,0,0.016,3374718
1788985568,5,0,1.16,3374718
1788985568,0,0,0.013,3374718
1788985568,3,0,0.026,3374718
1788985569,2,0,1.322,3374718
1788985569,3,0,0.079,3374718
1788985570,5,0,0.864,3374718
1788985570,0,0,0.01,3374718
1788985571,4,0,1.469,3374718
1788985571,1,0,0.001,3374718
1788985571,3,0,0.009,3374718
1788985572,4,0,1.088,3374718
1788985575,4,0,2.15,3374718
1788985575,6,0,0.007,3374718
1788985575,2,0,0.003,3374718
1788985575,1,0,0.001,3374718
1788985576,2,0,1.468,3374718
1788985578,4,0,2.108,3374718
1788985588,7,0,10.138,3374718
1788985588,3,0,0.07,3374718
1788985590,2,0,1.792,3374718
1788985590,3,0,0.034,3374718
1788985590,3,0,0.015,3374718
1788985590,3,0,0.006,3374718
1788985590,0,0,0.007,3374718
1788985592,2,0,2.184,3374718
1788985593,7,0,0.159,3374718
1788985593,6,0,0.008,3374718
1788985593,3,0,0.009,3374718
1788985594,4,0,1.238,3374718
1788985595,4,0,1.372,3374718
1788985595,6,0,0.007,3374718
1788985596,5,0,1,3374718
1788985596,2,0,0.003,3374718
1788985596,6,0,0.008,3374718
1788985597,4,0,1.101,3374718
1788985597,0,0,0.015,3374718
1788985598,7,0,0.169,3374718
1788985598,3,0,0.011,3374718
1788985600,5,0,2.984,3374718
1788985601,0,0,0.01,3374718
1788985602,2,0,1.044,3374718
1788985602,1,0,0.003,3374718
1788985602,1,0,0.001,3374718
1788985602,0,0,0.015,3374718
1788985603,4,0,1.614,3374718
1788985603,0,0,0.005,3374718
1788985604,4,0,0.973,3374718
1788985604,1,0,0.003,3374718
1788985608,5,0,3.996,3374718
1788985608,3,0,0.005,3374718
1788985608,0,0,0.009,3374718
1788985608,2,0,0.002,3374718
1788985608,0,0,0.014,3374718
1788985608,3,0,0.039,3374718
1788985609,4,0,1.116,3374718
1788985611,4,0,2.146,3374718
1788985621,5,0,9.279,3374718
1788985621,3,0,0.059,3374718
1788985621,3,0,0.05,3374718
1788985621,1,0,0.002,3374718
1788985621,3,0,0.003,3374718
1788985622,4,0,1.325,3374718
1788985622,6,0,0.009,3374718
1788985622,6,0,0.009,3374718
1788985622,6,0,0.008,3374718
1788985622,5,0,0.119,3374718
1788985622,3,0,0.051,3374718
1788985622,0,0,0.01,3374718
1788985622,3,0,0.009,3374718
1788985622,3,0,0.007,3374718
1788985622,6,0,0.007,3374718
1788985623,3,0,0.1,3374718
1788985623,3,0,0.071,3374718
1788985623,3,0,0.049,3374718
1788985623,3,0,0.01,3374718
1788985623,2,0,0.003,3374718
1788985625,4,0,1.866,3374718
1788985626,2,0,0.987,3374718
1788985626,4,0,0.77,3374718
1788985626,3,0,0.057,3374718
1788985626,0,0,0.011,3374718
1788985626,0,0,0.013,3374718
1788985626,3,0,0.011,3374718
1788985626,3,0,0.017,3374718
1788985626,6,0,0.008,3374718
1788985626,3,0,0.004,3374718
1788985628,2,0,1.693,3374718
1788985629,4,0,1.172,3374718
1788985629,2,0,0.005,3374718
1788985629,0,0,0.011,3374718
1788985631,4,0,1.517,3374718
1788985632,2,0,0.916,3374718
1788985632,3,0,0.007,3374718
1788985632,0,0,0.015,3374718
1788985633,5,0,0.942,3374718
1788985633,2,0,0.002,3374718
1788985633,6,0,0.007,3374718
1788985633,0,0,0.011,3374718
1788985633,3,0,0.046,3374718
1788985634,4,0,0.935,3374718
1788985634,3,0,0.003,3374718
1788985634,2,0,0.002,3374718
1788985638,4,0,4.344,3374718
1788985638,3,0,0.101,3374718
1788985638,3,0,0.06,3374718
1788985638,3,0,0.007,3374718
1788985642,4,0,4.154,3374718
1788985642,0,0,0.014,3374718
1788985642,6,0,0.005,3374718
1788985642,0,0,0.016,3374718
1788985644,5,0,1.272,3374718
1788985645,4,0,1.179,3374718
1788985645,3,0,0.062,3374718
1788985646,4,0,1.016,3374718
1788985647,4,0,1.202,3374718
1788985648,5,0,0.947,3374718
1788985648,1,0,0.002,3374718
1788985648,0,0,0.006,3374718
1788985649,4,0,0.776,3374718
1788985649,0,0,0.009,3374718
1788985649,3,0,0.053,3374718
1788985649,2,0,0.002,3374718
1788985651,4,0,1.859,3374718
1788985651,1,0,0,3374718
1788985651,3,0,0.005,3374718
1788985661,5,0,10.44,3374718
1788985664,2,0,2.831,3374718
1788985664,0,0,0.017,3374718
1788985664,0,0,0.007,3374718
1788985664,3,0,0.068,3374718
1788985664,6,0,0.01,3374718
1788985664,0,0,0.011,3374718
1788985667,4,0,2.432,3374718
1788985667,3,0,0.008,3374718
1788985667,6,0,0.006,3374718
1788985677,5,0,10.133,3374718
1788985677,3,0,0.094,3374718
1788985677,3,0,0.011,3374718
1788985679,2,0,1.957,3374718
1788985680,2,0,1.227,3374718
1788985680,6,0,0.009,3374718
1788985690,5,0,9.643,3374718
1788985690,3,0,0.007,3374718
1788985691,2,0,1.097,3374718
1788985692,4,0,1.622,3374718
1788985692,2,0,0.004,3374718
1788985694,4,0,1.592,3374718
1788985694,1,0,0.001,3374718
1788985697,2,0,2.508,3374718
1788985697,0,0,0.011,3374718
1788985697,6,0,0.007,3374718
1788985699,4,0,2.24,3374718
1788985699,2,0,0.003,3374718
1788985699,2,0,0.002,3374718
1788985699,3,0,0.007,3374718
1788985710,5,0,11.18,3374718
1788985711,2,0,1.108,3374718
1788985712,4,0,1.279,3374718
1788985712,6,0,0.007,3374718
1788985712,1,0,0.002,3374718
1788985715,4,0,2.345,3374718
1788985715,2,0,0.003,3374718
1788985725,5,0,10.335,3374718
1788985725,5,0,0.129,3374718
1788985726,4,0,1.081,3374718
1788985730,2,0,3.647,3374718
1788985730,6,0,0.009,3374718
1788985730,3,0,0.031,3374718
1788985730,5,0,0.125,3374718
1788985730,3,0,0.013,3374718
1788985731,2,0,1.195,3374718
1788985733,4,0,2.064,3374718
1788985733,6,0,0.007,3374718
1788985735,4,0,1.925,3374718
1788985737,4,0,2.18,3374718
1788985738,3,0,0.039,3374718
1788985738,3,0,0.084,3374718
1788985738,3,0,0.032,3374718
1788985738,6,0,0.005,3374718
1788985738,0,0,0.01,3374718
1788985738,6,0,0.006,3374718
1788985738,5,0,0.828,3374718
1788985746,5,0,7.982,3374718
1788985746,1,0,0.001,3374718
1788985760,5,0,13.131,3374718
1788985760,6,0,0.006,3374718
1788985760,3,0,0.069,3374718
1788985760,0,0,0.009,3374718
1788985760,3,0,0.009,3374718
1788985760,1,0,0.001,3374718
1788985761,5,0,1.36,3374718
1788985761,6,0,0.006,3374718
1788985761,3,0,0.07,3374718
1788985763,4,0,1.43,3374718
1788985764,2,0,1.855,3374718
1788985766,4,0,1.523,3374718
1788985766,1,0,0.002,3374718
1788985766,3,0,0.065,3374718
1788985766,3,0,0.005,3374718
1788985767,2,0,1.139,3374718
1788985768,4,0,0.84,3374718
1788985768,0,0,0.009,3374718
1788985768,1,0,0.001,3374718
1788985768,3,0,0.082,3374718
1788985769,4,0,1.313,3374718
1788985769,6,0,0.007,3374718
1788985770,4,0,0.824,3374718
1788985772,4,0,1.681,3374718
1788985772,6,0,0.007,3374718
1788985772,0,0,0.007,3374718
1788985773,4,0,1.551,3374718
1788985774,3,0,0.035,3374718
1788985775,4,0,1.235,3374718
1788985775,3,0,0.006,3374718
1788985775,3,0,0.068,3374718
1788985775,2,0,0.004,3374718
1788985775,5,0,0.126,3374718
1788985775,6,0,0.007,3374718
1788985776,2,0,0.948,3374718
1788985776,6,0,0.01,3374718
1788985776,2,0,0.002,3374718
1788985776,6,0,0.008,3374718
1788985777,5,0,0.742,3374718
1788985777,6,0,0.011,3374718
1788985777,1,0,0.001,3374718
1788985779,5,0,2.115,3374718
1788985779,6,0,0.008,3374718
1788985780,4,0,1.134,3374718
1788985780,3,0,0.033,3374718
1788985780,2,0,0.004,3374718
1788985780,5,0,0.123,3374718
1788985782,4,0,2.125,3374718
1788985782,3,0,0.009,3374718
1788985783,4,0,1.194,3374718
1788985783,6,0,0.007,3374718
1788985783,6,0,0.006,3374718
1788985783,6,0,0.005,3374718
1788985784,4,0,0.948,3374718
1788985786,4,0,1.518,3374718
1788985786,0,0,0.007,3374718
1788985787,5,0,1.346,3374718
1788985790,4,0,2.748,3374718
1788985792,4,0,1.657,3374718
1788985792,0,0,0.008,3374718
1788985792,3,0,0.003,3374718
1788985794,7,0,2.071,3374718
1788985794,0,0,0.007,3374718
1788985796,2,0,1.911,3374718
1788985796,6,0,0.008,3374718
1788985796,7,0,0.161,3374718
1788985796,3,0,0.047,3374718
1788985796,3,0,0.007,3374718
1788985796,0,0,0.003,3374718
1788985796,3,0,0.098,3374718
1788985796,2,0,0.004,3374718
1788985796,0,0,0.009,3374718
1788985796,3,0,0.066,3374718
1788985800,4,0,4.201,3374718
1788985800,2,0,0.003,3374718
1788985800,0,0,0.008,3374718
1788985800,5,0,0.119,3374718
1788985800,3,0,0.085,3374718
1788985801,3,0,0.073,3374718
1788985801,3,0,0.08,3374718
1788985801,2,0,0.003,3374718
1788985802,2,0,0.963,3374718
1788985803,4,0,1.689,3374718
1788985803,0,0,0.015,3374718
1788985803,2,0,0.003,3374718
1788985805,2,0,1.246,3374718
1788985816,5,0,11.804,3374718
1788985816,0,0,0.006,3374718
1788985816,5,0,0.121,3374718
1788985816,0,0,0.006,3374718
1788985818,2,0,1.682,3374718
1788985821,4,0,2.657,3374718
1788985821,3,0,0.007,3374718
1788985821,1,0,0.001,3374718
1788985821,0,0,0.012,3374718
1788985821,1,0,0.001,3374718
1788985821,6,0,0.007,3374718
1788985822,4,0,0.906,3374718
1788985822,3,0,0.088,3374718
1788985822,3,0,0.006,3374718
1788985822,2,0,0.002,3374718
1788985823,5,0,1.386,3374718
1788985823,0,0,0.015,3374718
1788985824,4,0,1.149,3374718
1788985824,3,0,0.058,3374718
1788985824,0,0,0.013,3374718
1788985824,3,0,0.008,3374718
1788985824,1,0,0.002,3374718
1788985825,2,0,0.004,3374718
1788985825,2,0,0.003,3374718
1788985825,0,0,0.006,3374718
1788985825,6,0,0.011,3374718
1788985827,4,0,2.12,3374718
1788985827,6,0,0.006,3374718
1788985827,0,0,0.007,3374718
1788985827,0,0,0.011,3374718
1788985827,2,0,0.003,3374718
1788985827,0,0,0.006,3374718
1788985827,1,0,0.002,3374718
1788985827,0,0,0.013,3374718
1788985827,0,0,0.015,3374718
1788985828,4,0,1.123,3374718
1788985828,0,0,0.01,3374718
1788985828,2,0,0.002,3374718
1788985828,0,0,0.007,3374718
1788985828,0,0,0.013,3374718
1788985828,3,0,0.043,3374718
1788985828,6,0,0.006,3374718
1788985830,4,0,1.841,3374718
1788985831,4,0,1.206,3374718
1788985831,0,0,0.008,3374718
1788985831,1,0,0.002,3374718
1788985832,4,0,1.217,3374718
1788985832,1,0,0.001,3374718
1788985832,0,0,0.012,3374718
1788985832,6,0,0.006,3374718
1788985833,4,0,0.974,3374718
1788985833,0,0,0.014,3374718
1788985833,0,0,0.01,3374718
1788985841,5,0,8.194,3374718
1788985841,1,0,0.001,3374718
1788985841,1,0,0.001,3374718
1788985843,2,0,1.81,3374718
1788985843,6,0,0.007,3374718
1788985843,5,0,0.111,3374718
1788985843,2,0,0.003,3374718
1788985845,4,0,1.303,3374718
1788985845,0,0,0.015,3374718
1788985845,1,0,0.001,3374718
1788985846,4,0,1.738,3374718
1788985846,0,0,0.008,3374718
1788985846,4,0,0.037,3374718
1788985846,3,0,0.009,3374718
1788985848,4,0,1.247,3374718
1788985848,1,0,0.001,3374718
1788985848,3,0,0.036,3374718
1788985851,4,0,3.654,3374718
1788985853,4,0,1.399,3374718
1788985853,0,0,0.009,3374718
1788985853,3,0,0.009,3374718
1788985853,0,0,0.012,3374718
1788985853,1,0,0.001,3374718
1788985854,5,0,1.549,3374718
1788985854,3,0,0.036,3374718
1788985854,2,0,0.003,3374718
1788985856,4,0,2.045,3374718
1788985857,4,0,1.049,3374718
1788985858,0,0,0.013,3374718
1788985858,2,0,0.003,3374718
1788985858,0,0,0.01,3374718
1788985858,2,0,0.002,3374718
1788985858,3,0,0.049,3374718
1788985858,4,0,0.836,3374718
1788985860,4,0,1.735,3374718
1788985860,3,0,0.007,3374718
1788985860,3,0,0.008,3374718
1788985860,0,0,0.009,3374718
1788985860,6,0,0.006,3374718
1788985860,3,0,0.043,3374718
1788985860,3,0,0.043,3374718
1788985860,0,0,0.01,3374718
1788985863,2,0,2.281,3374718
1788985863,1,0,0.002,3374718
1788985863,6,0,0.008,3374718
1788985863,3,0,0.008,3374718
1788985864,4,0,1.6,3374718
1788985865,4,0,0.994,3374718
1788985865,0,0,0.01,3374718
1788985865,3,0,0.06,3374718
1788985865,3,0,0.008,3374718
1788985865,6,0,0.009,3374718
1788985867,4,0,1.34,3374718
1788985868,4,0,1.64,3374718
1788985868,3,0,0.005,3374718
1788985876,7,0,8.15,3374718
1788985876,1,0,0.001,3374718
1788985877,5,0,0.115,3374718
1788985877,4,0,0.849,3374718
1788985878,4,0,0.896,3374718
1788985879,4,0,1.225,3374718
1788985880,7,0,0.998,3374718
1788985880,2,0,0.002,3374718
1788985888,5,0,7.927,3374718
1788985888,0,0,0.007,3374718
1788985890,4,0,1.41,3374718
1788985893,4,0,2.703,3374718
1788985894,4,0,1.43,3374718
1788985896,5,0,1.755,3374718
1788985897,2,0,1.619,3374718
1788985897,3,0,0.01,3374718
1788985898,4,0,1.143,3374718
1788985898,3,0,0.015,3374718
1788985899,3,0,0.013,3374718
1788985899,2,0,0.004,3374718
1788985899,6,0,0.009,3374718
1788985899,6,0,0.006,3374718
1788985899,5,0,0.125,3374718
1788985900,5,0,1.297,3374718
1788985900,3,0,0.04,3374718
1788985901,2,0,1.113,3374718
1788985902,4,0,0.96,3374718
1788985902,2,0,0,3374718
1788985905,4,0,3.25,3374718
1788985917,5,0,11.322,3374718
1788985917,0,0,0.008,3374718
1788985928,5,0,11.691,3374718
1788985929,4,0,0.782,3374718
1788985932,2,0,2.415,3374718
1788985932,2,0,0.003,3374718
1788985932,3,0,0.048,3374718
1788985933,2,0,1.201,3374718
1788985933,1,0,0.002,3374718
1788985933,0,0,0.008,3374718
1788985933,2,0,0.003,3374718
1788985933,0,0,0.008,3374718
1788985933,3,0,0.052,3374718
1788985936,4,0,2.657,3374718
1788985936,0,0,0.008,3374718
1788985936,6,0,0.009,3374718
1788985938,4,0,2.776,3374718
1788985938,6,0,0.008,3374718
1788985938,3,0,0.074,3374718
1788985938,0,0,0.009,3374718
1788985938,3,0,0.057,3374718
1788985939,4,0,0.97,3374718
1788985940,3,0,0.106,3374718
1788985940,6,0,0.008,3374718
1788985940,0,0,0.014,3374718
1788985941,4,0,1.014,3374718
1788985941,7,0,0.178,3374718
1788985941,6,0,0.006,3374718
1788985941,6,0,0.005,3374718
1788985941,3,0,0.011,3374718
1788985941,0,0,0.015,3374718
1788985941,3,0,0.085,3374718
1788985941,3,0,0.031,3374718
1788985941,0,0,0.012,3374718
1788985941,0,0,0.019,3374718
1788985944,4,0,2.584,3374718
1788985944,3,0,0.036,3374718
1788985944,5,0,0.127,3374718
1788985944,3,0,0.027,3374718
1788985954,5,0,10.607,3374718
1788985954,3,0,0.006,3374718
1788985955,4,0,1.128,3374718
1788985955,3,0,0.037,3374718
1788985967,5,0,11.608,3374718
1788985967,1,0,0.002,3374718
1788985967,6,0,0.007,3374718
1788985967,2,0,0,3374718
1788985967,1,0,0.001,3374718
1788985967,6,0,0.007,3374718
1788985967,5,0,0.11,3374718
1788985967,3,0,0.022,3374718
1788985967,0,0,0.01,3374718
1788985970,4,0,3.124,3374718
1788985971,5,0,1.01,3374718
1788985973,4,0,1.407,3374718
1788985974,4,0,0.901,3374718
1788985977,4,0,3.634,3374718
1788985977,6,0,0.008,3374718
1788985979,2,0,1.513,3374718
1788985980,2,0,1.347,3374718
1788985980,2,0,0.001,3374718
1788985980,3,0,0.01,3374718
1788985980,0,0,0.012,3374718
1788985980,3,0,0.004,3374718
1788985980,1,0,0,3374718
1788985980,1,0,0,3374718
1788985982,4,0,1.368,3374718
1788985984,5,0,2.643,3374718
1788985984,6,0,0.009,3374718
1788985985,4,0,0.859,3374718
1788985986,7,0,1,3374718
1788985988,4,0,2.304,3374718
1788985988,3,0,0.08,3374718
1788985988,0,0,0.01,3374718
1788985988,6,0,0.005,3374718
1788985989,3,0,0.006,3374718
1788985989,1,0,0.001,3374718
1788985989,3,0,0.008,3374718
1788985989,0,0,0.009,3374718
1788985989,0,0,0.017,3374718
1788985989,0,0,0.004,3374718
1788985989,3,0,0.061,3374718
1788985989,3,0,0.088,3374718
1788985989,0,0,0.015,3374718
1788985989,2,0,0.002,3374718
1788985989,6,0,0.007,3374718
1788985995,7,0,5.801,3374718
1788985996,2,0,1.2,3374718
1788985996,6,0,0.008,3374718
1788985996,5,0,0.119,3374718
1788985997,4,0,0.976,3374718
1788985997,3,0,0.06,3374718
1788986000,4,0,2.63,3374718
1788986000,4,0,0.693,3374718
1788986000,6,0,0.009,3374718
1788986000,7,0,0.154,3374718
1788986002,4,0,1.256,3374718
1788986002,4,0,0.875,3374718
1788986005,4,0,2.331,3374718
1788986005,3,0,0.073,3374718
1788986005,1,0,0.002,3374718
1788986007,4,0,1.93,3374718
1788986008,4,0,1.031,3374718
1788986008,0,0,0.01,3374718
1788986009,4,0,1.326,3374718
1788986010,4,0,0.804,3374718
1788986010,2,0,0.003,3374718
1788986012,4,0,2.407,3374718
1788986014,4,0,1.37,3374718
1788986014,6,0,0.005,3374718
1788986014,0,0,0.011,3374718
1788986015,4,0,1.51,3374718
1788986017,5,0,1.352,3374718
1788986017,5,0,0.121,3374718
1788986017,2,0,0.004,3374718
1788986017,0,0,0.012,3374718
1788986019,4,0,1.707,3374718
1788986019,2,0,0.005,3374718
1788986019,6,0,0.007,3374718
1788986019,6,0,0.007,3374718
1788986019,3,0,0.05,3374718
1788986019,5,0,0.126,3374718
1788986020,4,0,1.599,3374718
1788986020,2,0,0.004,3374718
1788986020,3,0,0.089,3374718
1788986021,2,0,1.075,3374718
1788986021,3,0,0.014,3374718
1788986021,6,0,0.007,3374718
1788986022,0,0,0.008,3374718
1788986024,4,0,2.25,3374718
1788986027,5,0,3.139,3374718
1788986030,4,0,2.672,3374718
1788986030,0,0,0.008,3374718
1788986030,0,0,0.012,3374718
1788986030,6,0,0.009,3374718
1788986030,6,0,0.006,3374718
1788986032,5,0,2.184,3374718
1788986032,6,0,0.008,3374718
1788986033,4,0,0.988,3374718
1788986033,0,0,0.012,3374718
1788986043,5,0,9.764,3374718
1788986043,6,0,0.007,3374718
1788986043,6,0,0.005,3374718
1788986044,2,0,1.369,3374718
1788986044,6,0,0.008,3374718
1788986044,0,0,0.009,3374718
1788986045,4,0,0.839,3374718
1788986046,5,0,1.538,3374718
1788986046,6,0,0.006,3374718
1788986046,0,0,0.003,3374718
1788986046,0,0,0.006,3374718
1788986046,3,0,0.002,3374718
1788986046,6,0,0.004,3374718
1788986048,4,0,1.28,3374718
1788986048,3,0,0.039,3374718
1788986048,5,0,0.121,3374718
1788986048,2,0,0.669,3374718
1788986050,4,0,1.214,3374718
1788986051,2,0,1.307,3374718
1788986051,3,0,0.042,3374718
1788986051,6,0,0.007,3374718
1788986051,3,0,0.063,3374718
1788986051,6,0,0.006,3374718
1788986051,0,0,0.014,3374718
1788986051,3,0,0.066,3374718
1788986051,0,0,0.012,3374718
1788986052,2,0,1.117,3374718
1788986052,2,0,0.003,3374718
1788986052,3,0,0.077,3374718
1788986052,3,0,0.078,3374718
1788986055,5,0,2.48,3374718
1788986056,2,0,0.934,3374718
1788986057,2,0,1.012,3374718
1788986059,4,0,1.621,3374718
1788986059,6,0,0.008,3374718
1788986059,3,0,0.084,3374718
1788986059,3,0,0.038,3374718
1788986059,3,0,0.004,3374718
1788986060,2,0,1.171,3374718
1788986061,4,0,1.343,3374718
1788986063,5,0,1.57,3374718
1788986064,2,0,1.428,3374718
1788986064,1,0,0.002,3374718
1788986064,1,0,0.001,3374718
1788986064,3,0,0.083,3374718
1788986065,4,0,1.086,3374718
1788986065,3,0,0.055,3374718
1788986065,1,0,0,3374718
1788986065,6,0,0.007,3374718
1788986066,7,0,0.174,3374718
1788986066,7,0,0.178,3374718
1788986066,2,0,0.002,3374718
1788986066,0,0,0.006,3374718
1788986066,3,0,0.062,3374718
1788986066,1,0,0.001,3374718
1788986066,1,0,0.001,3374718
1788986067,2,0,1.081,3374718
1788986068,4,0,0.876,3374718
1788986068,0,0,0.012,3374718
1788986068,3,0,0.008,3374718
1788986068,2,0,0.003,3374718
1788986070,5,0,2.009,3374718
1788986070,0,0,0.01,3374718
1788986070,0,0,0.014,3374718
1788986070,3,0,0.009,3374718
1788986070,0,0,0.013,3374718
1788986070,0,0,0.014,3374718
1788986070,3,0,0.067,3374718
1788986070,6,0,0.01,3374718
1788986071,2,0,1.022,3374718
1788986071,0,0,0.011,3374718
1788986071,2,0,0.003,3374718
1788986071,2,0,0.002,3374718
1788986071,2,0,0.003,3374718
1788986071,0,0,0.009,3374718
1788986071,0,0,0.007,3374718
1788986071,0,0,0.013,3374718
1788986073,4,0,1.647,3374718
1788986073,3,0,0.008,3374718
1788986073,6,0,0.008,3374718
1788986073,2,0,0.004,3374718
1788986073,2,0,0.004,3374718
1788986074,2,0,0.969,3374718
1788986074,3,0,0.102,3374718
1788986077,2,0,2.819,3374718
1788986078,4,0,1.731,3374718
1788986080,5,0,1.564,3374718
1788986080,0,0,0.01,3374718
1788986081,4,0,1.161,3374718
1788986082,4,0,1.39,3374718
1788986085,4,0,2.248,3374718
1788986094,7,0,9.452,3374718
1788986095,5,0,1.096,3374718
1788986097,4,0,1.29,3374718
1788986097,3,0,0.011,3374718
1788986097,3,0,0.045,3374718
1788986098,5,0,1.232,3374718
1788986106,7,0,8.548,3374718
1788986106,2,0,0.003,3374718
1788986107,4,0,1.006,3374718
1788986107,6,0,0.006,3374718
1788986107,3,0,0.005,3374718
1788986107,2,0,0.003,3374718
1788986107,0,0,0.017,3374718
1788986117,5,0,9.774,3374718
1788986117,0,0,0.006,3374718
1788986117,6,0,0.009,3374718
1788986119,7,0,1.576,3374718
1788986120,4,0,1.151,3374718
1788986120,3,0,0.079,3374718
1788986120,5,0,0.127,3374718
1788986120,0,0,0.006,3374718
1788986120,0,0,0.012,3374718
1788986120,0,0,0.004,3374718
1788986120,0,0,0.011,3374718
1788986120,0,0,0.008,3374718
1788986120,5,0,0.128,3374718
1788986120,6,0,0.008,3374718
1788986120,3,0,0.008,3374718
1788986121,2,0,1.133,3374718
1788986121,1,0,0.002,3374718
1788986121,0,0,0.006,3374718
1788986123,4,0,1.311,3374718
1788986123,3,0,0.037,3374718
1788986123,0,0,0.003,3374718
1788986123,2,0,0.004,3374718
1788986124,4,0,1.616,3374718
1788986124,1,0,0,3374718
1788986124,0,0,0.017,3374718
1788986124,0,0,0.012,3374718
1788986132,5,0,7.87,3374718
1788986136,4,0,3.903,3374718
1788986138,4,0,2.021,3374718
1788986140,4,0,1.29,3374718
1788986142,2,0,2.078,3374718
1788986142,3,0,0.004,3374718
1788986142,2,0,0.003,3374718
1788986142,2,0,0.004,3374718
1788986144,2,0,2.064,3374718
1788986144,0,0,0.005,3374718
1788986144,6,0,0.01,3374718
1788986144,1,0,0.001,3374718
1788986144,6,0,0.007,3374718
1788986145,4,0,1.264,3374718
1788986146,4,0,0.907,3374718
1788986146,3,0,0.037,3374718
1788986148,4,0,1.814,3374718
1788986149,2,0,0.783,3374718
1788986149,3,0,0.006,3374718
1788986149,0,0,0.016,3374718
1788986149,3,0,0.056,3374718
1788986150,4,0,1.462,3374718
1788986151,4,0,1.077,3374718
1788986151,3,0,0.007,3374718
1788986152,4,0,1.245,3374718
1788986152,1,0,0.001,3374718
1788986153,4,0,1.016,3374718
1788986153,6,0,0.007,3374718
1788986155,5,0,1.198,3374718
1788986155,0,0,0.012,3374718
1788986155,2,0,0.709,3374718
1788986155,0,0,0.016,3374718
1788986155,1,0,0.001,3374718
1788986157,4,0,1.238,3374718
1788986157,0,0,0.01,3374718
1788986158,4,0,1.844,3374718
1788986161,5,0,2.1,3374718
1788986161,0,0,0.011,3374718
1788986165,5,0,4.08,3374718
1788986167,2,0,2.393,3374718
1788986167,3,0,0.015,3374718
1788986167,3,0,0.007,3374718
1788986167,3,0,0.003,3374718
1788986169,4,0,2.383,3374718
1788986170,5,0,0.13,3374718
1788986170,6,0,0.009,3374718
1788986173,4,0,3.373,3374718
1788986173,6,0,0.014,3374718
1788986175,2,0,1.978,3374718
1788986175,3,0,0.089,3374718
1788986175,2,0,0.003,3374718
1788986175,3,0,0.032,3374718
1788986177,4,0,1.672,3374718
1788986177,6,0,0.007,3374718
1788986177,1,0,0.001,3374718
1788986178,4,0,0.893,3374718
1788986178,3,0,0.057,3374718
1788986178,6,0,0.01,3374718
1788986180,4,0,2.352,3374718
1788986180,3,0,0.043,3374718
1788986183,4,0,2.921,3374718
1788986186,2,0,2.884,3374718
1788986187,4,0,1.183,3374718
1788986187,5,0,0.127,3374718
1788986188,5,0,1.196,3374718
1788986189,3,0,0.09,3374718
1788986189,2,0,0.004,3374718
1788986189,0,0,0.01,3374718
1788986189,6,0,0.009,3374718
1788986190,4,0,1.468,3374718
1788986190,3,0,0.048,3374718
1788986190,0,0,0.005,3374718
1788986190,0,0,0.011,3374718
1788986190,2,0,0.002,3374718
1788986190,3,0,0.004,3374718
1788986190,0,0,0.008,3374718
1788986192,4,0,1.943,3374718
1788986193,4,0,1.363,3374718
1788986193,3,0,0.025,3374718
1788986193,0,0,0.013,3374718
1788986195,2,0,1.379,3374718
1788986195,3,0,0.007,3374718
1788986196,4,0,0.839,3374718
1788986196,6,0,0.008,3374718
1788986197,2,0,1.016,3374718
1788986198,4,0,1.35,3374718
1788986198,3,0,0.047,3374718
1788986198,3,0,0.057,3374718
1788986198,0,0,0.012,3374718
1788986201,4,0,2.586,3374718
1788986201,0,0,0.009,3374718
1788986201,3,0,0.046,3374718
1788986201,0,0,0.01,3374718
1788986201,1,0,0.002,3374718
1788986202,4,0,0.877,3374718
1788986202,2,0,0.002,3374718
1788986204,4,0,2.246,3374718
1788986204,6,0,0.006,3374718
1788986206,4,0,2.453,3374718
1788986206,3,0,0.005,3374718
1788986207,4,0,1.064,3374718
1788986207,3,0,0.035,3374718
1788986207,3,0,0.006,3374718
1788986207,6,0,0.01,3374718
1788986208,3,0,0.051,3374718
1788986208,0,0,0.016,3374718
1788986208,3,0,0.095,3374718
1788986209,4,0,1.105,3374718
1788986209,0,0,0.009,3374718
1788986209,3,0,0.017,3374718
1788986211,2,0,2.139,3374718
1788986211,5,0,0.127,3374718
1788986211,5,0,0.118,3374718
1788986212,2,0,1.303,3374718
1788986213,3,0,0.085,3374718
1788986213,3,0,0.069,3374718
1788986213,1,0,0,3374718
1788986213,0,0,0.01,3374718
1788986213,2,0,0.002,3374718
1788986213,6,0,0.009,3374718
1788986214,2,0,1.34,3374718
1788986214,6,0,0.009,3374718
1788986216,4,0,1.579,3374718
1788986219,5,0,3.512,3374718
1788986219,3,0,0.013,3374718
1788986219,2,0,0.002,3374718
1788986219,3,0,0.07,3374718
1788986219,2,0,0.002,3374718
1788986220,4,0,1.234,3374718
1788986220,3,0,0.073,3374718
1788986220,6,0,0.005,3374718
1788986221,3,0,0.043,3374718
1788986221,0,0,0.007,3374718
1788986221,3,0,0.064,3374718
1788986221,2,0,0.004,3374718
1788986232,5,0,11.019,3374718
1788986233,5,0,1.336,3374718
1788986233,0,0,0.018,3374718
1788986233,3,0,0.013,3374718
1788986235,4,0,1.956,3374718
1788986235,1,0,0.001,3374718
1788986235,0,0,0.009,3374718
1788986235,3,0,0.103,3374718
1788986235,2,0,0.003,3374718
1788986235,3,0,0.001,3374718
1788986236,4,0,1.153,3374718
1788986238,4,0,1.622,3374718
1788986240,4,0,2.113,3374718
1788986244,4,0,4.027,3374718
1788986244,3,0,0.047,3374718
1788986246,4,0,1.713,3374718
1788986246,5,0,0.112,3374718
1788986247,4,0,0.647,3374718
1788986247,4,0,0.798,3374718
1788986247,1,0,0.002,3374718
1788986248,4,0,0.994,3374718
1788986249,2,0,0.853,3374718
1788986249,3,0,0.003,3374718
1788986249,6,0,0.008,3374718
1788986249,6,0,0.006,3374718
1788986249,7,0,0.174,3374718
1788986249,0,0,0.006,3374718
1788986250,2,0,0.769,3374718
1788986261,5,0,11.109,3374718
1788986261,0,0,0.018,3374718
1788986261,0,0,0.007,3374718
1788986261,2,0,0.003,3374718
1788986263,4,0,1.934,3374718
1788986263,2,0,0.004,3374718
1788986263,0,0,0.015,3374718
1788986275,5,0,11.33,3374718
1788986276,4,0,1.24,3374718
1788986277,2,0,0.803,3374718
1788986279,7,0,2.626,3374718
1788986288,7,0,8.935,3374718
1788986288,2,0,0.002,3374718
1788986288,3,0,0.037,3374718
1788986288,6,0,0.006,3374718
1788986288,2,0,0.003,3374718
1788986288,6,0,0.006,3374718
1788986288,3,0,0.016,3374718
1788986289,4,0,0.996,3374718
1788986290,5,0,1.057,3374718
1788986292,4,0,1.865,3374718
1788986292,3,0,0.042,3374718
1788986293,4,0,0.891,3374718
1788986293,6,0,0.004,3374718
1788986293,3,0,0.004,3374718
1788986293,2,0,0.003,3374718
1788986293,6,0,0.007,3374718
1788986293,5,0,0.08,3374718
1788986293,2,0,0.002,3374718
1788986293,3,0,0.004,3374718
1788986296,4,0,3.055,3374718
1788986296,0,0,0.043,3374718
1788986296,0,0,0.01,3374718
1788986296,3,0,0.037,3374718
1788986298,2,0,1.769,3374718
1788986298,6,0,0.008,3374718
1788986298,3,0,0.028,3374718
1788986298,3,0,0.008,3374718
1788986298,0,0,0.015,3374718
1788986299,5,0,0.874,3374718
1788986301,2,0,1.51,3374718
1788986301,0,0,0.006,3374718
1788986312,7,0,11.113,3374718
1788986312,1,0,0.001,3374718
1788986312,3,0,0.045,3374718
1788986312,6,0,0.008,3374718
1788986312,3,0,0.011,3374718
1788986313,2,0,1.519,3374718
1788986315,4,0,1.469,3374718
1788986315,0,0,0.008,3374718
1788986315,0,0,0.005,3374718
1788986325,7,0,10.105,3374718
1788986335,5,0,10.213,3374718
1788986335,3,0,0.068,3374718
1788986337,4,0,1.562,3374718
1788986337,3,0,0.014,3374718
1788986337,3,0,0.068,3374718
1788986341,4,0,4.185,3374718
1788986341,0,0,0.014,3374718
1788986345,4,0,3.607,3374718
1788986345,2,0,0.003,3374718
1788986346,2,0,1.186,3374718
1788986349,4,0,2.818,3374718
1788986349,3,0,0.078,3374718
1788986350,4,0,1.03,3374718
1788986350,0,0,0.007,3374718
1788986350,1,0,0,3374718
1788986359,5,0,9.096,3374718
1788986359,2,0,0.002,3374718
1788986360,4,0,1.182,3374718
1788986370,5,0,10.504,3374718
1788986370,0,0,0.011,3374718
1788986371,7,0,0.175,3374718
1788986372,4,0,1.341,3374718
1788986373,4,0,0.655,3374718
1788986375,4,0,1.985,3374718
1788986375,2,0,0.005,3374718
1788986375,0,0,0.007,3374718
1788986376,4,0,1.002,3374718
1788986376,3,0,0.072,3374718
1788986376,6,0,0.01,3374718
1788986376,6,0,0.006,3374718
1788986376,1,0,0.002,3374718
1788986378,5,0,2.45,3374718
1788986378,6,0,0.007,3374718
1788986379,5,0,1.217,3374718
1788986379,2,0,0.003,3374718
1788986379,2,0,0.002,3374718
1788986390,7,0,10.85,3374718
1788986391,4,0,1.155,3374718
1788986391,6,0,0.011,3374718
1788986391,0,0,0.009,3374718
1788986391,0,0,0.011,3374718
1788986392,4,0,0.883,3374718
1788986392,3,0,0.071,3374718
1788986392,3,0,0.004,3374718
1788986395,2,0,2.988,3374718
1788986395,0,0,0.006,3374718
1788986395,0,0,0.009,3374718
1788986396,4,0,0.718,3374718
1788986396,3,0,0.014,3374718
1788986396,3,0,0.075,3374718
1788986396,0,0,0.016,3374718
1788986396,3,0,0.04,3374718
1788986396,3,0,0.076,3374718
1788986396,3,0,0.085,3374718
1788986396,6,0,0.007,3374718
1788986396,3,0,0.019,3374718
1788986396,6,0,0.005,3374718
1788986396,1,0,0,3374718
1788986397,3,0,0.087,3374718
1788986397,2,0,0.001,3374718
1788986397,3,0,0.083,3374718
1788986398,4,0,1.527,3374718
1788986399,4,0,1.161,3374718
1788986404,4,0,4.223,3374718
1788986405,4,0,1.468,3374718
1788986406,4,0,1.123,3374718
1788986406,3,0,0.004,3374718
1788986407,4,0,1.275,3374718
1788986407,6,0,0.01,3374718
1788986409,2,0,1.885,3374718
1788986409,0,0,0.009,3374718
1788986409,6,0,0.007,3374718
1788986409,3,0,0.004,3374718
1788986409,3,0,0.088,3374718
1788986409,2,0,0.002,3374718
1788986409,2,0,0.003,3374718
1788986410,5,0,0.12,3374718
1788986410,6,0,0.003,3374718
1788986412,4,0,2.596,3374718
1788986412,1,0,0.001,3374718
1788986415,4,0,3.263,3374718
1788986415,6,0,0.006,3374718
1788986416,4,0,0.749,3374718
1788986419,4,0,2.51,3374718
1788986419,3,0,0.059,3374718
1788986419,0,0,0.015,3374718
1788986419,3,0,0.009,3374718
1788986419,3,0,0.05,3374718
1788986422,4,0,3.485,3374718
1788986422,0,0,0.013,3374718
1788986423,4,0,0.986,3374718
1788986423,3,0,0.083,3374718
1788986423,6,0,0.012,3374718
1788986423,3,0,0.009,3374718
1788986423,0,0,0.007,3374718
1788986423,2,0,0.003,3374718
1788986425,4,0,1.506,3374718
1788986425,1,0,0.002,3374718
1788986425,6,0,0.005,3374718
1788986426,2,0,0.974,3374718
1788986426,6,0,0.007,3374718
1788986427,2,0,1.031,3374718
1788986427,3,0,0.007,3374718
1788986427,0,0,0.006,3374718
1788986427,3,0,0.083,3374718
1788986427,6,0,0.008,3374718
1788986427,0,0,0.004,3374718
1788986429,4,0,2.399,3374718
1788986431,4,0,1.34,3374718
1788986431,3,0,0.056,3374718
1788986431,0,0,0.006,3374718
1788986431,6,0,0.006,3374718
1788986440,5,0,9.494,3374718
1788986440,2,0,0.004,3374718
1788986440,0,0,0.009,3374718
1788986440,3,0,0.046,3374718
1788986440,6,0,0.006,3374718
1788986441,2,0,0.828,3374718
1788986441,3,0,0.07,3374718
1788986443,4,0,1.247,3374718
1788986444,2,0,1.522,3374718
1788986444,1,0,0.001,3374718
1788986444,3,0,0.006,3374718
1788986446,4,0,1.752,3374718
1788986446,0,0,0.004,3374718
1788986446,6,0,0.006,3374718
1788986447,4,0,1.567,3374718
1788986450,4,0,2.611,3374718
1788986450,1,0,0.001,3374718
1788986450,3,0,0.008,3374718
1788986454,4,0,3.961,3374718
1788986457,4,0,2.534,3374718
1788986457,7,0,0.175,3374718
1788986466,5,0,9.144,3374718
1788986466,3,0,0.079,3374718
1788986466,6,0,0.008,3374718
1788986467,5,0,0.986,3374718
1788986467,0,0,0.005,3374718
1788986470,2,0,2.747,3374718
1788986470,3,0,0.059,3374718
1788986470,6,0,0.008,3374718
1788986470,3,0,0.004,3374718
1788986470,3,0,0.031,3374718
1788986470,3,0,0.069,3374718
1788986470,2,0,0.003,3374718
1788986470,5,0,0.124,3374718
1788986470,6,0,0.007,3374718
1788986470,3,0,0.007,3374718
1788986470,2,0,0.003,3374718
1788986470,3,0,0.065,3374718
1788986470,3,0,0.007,3374718
1788986470,1,0,0.001,3374718
1788986470,1,0,0.001,3374718
1788986470,0,0,0.007,3374718
1788986470,3,0,0.031,3374718
1788986470,0,0,0.013,3374718
1788986472,4,0,1.994,3374718
1788986473,4,0,0.922,3374718
1788986484,5,0,10.885,3374718
1788986485,4,0,1.111,3374718
1788986485,3,0,0.075,3374718
1788986485,1,0,0.002,3374718
1788986488,2,0,2.678,3374718
1788986488,2,0,0.003,3374718
1788986488,3,0,0.007,3374718
1788986488,0,0,0.009,3374718
1788986488,5,0,0.122,3374718
1788986488,5,0,0.124,3374718
1788986488,3,0,0.049,3374718
1788986488,2,0,0.004,3374718
1788986488,3,0,0.008,3374718
1788986490,5,0,1.538,3374718
1788986490,6,0,0.011,3374718
1788986490,6,0,0.005,3374718
1788986491,4,0,1.535,3374718
1788986491,6,0,0.008,3374718
1788986491,2,0,0.003,3374718
1788986493,5,0,1.504,3374718
1788986493,0,0,0.005,3374718
1788986493,3,0,0.083,3374718
1788986493,0,0,0.012,3374718
1788986494,2,0,1.435,3374718
1788986495,4,0,1.247,3374718
1788986507,5,0,11.528,3374718
1788986509,4,0,1.711,3374718
1788986510,4,0,1.244,3374718
1788986514,4,0,3.675,3374718
1788986515,4,0,0.967,3374718
1788986515,0,0,0.007,3374718
1788986516,4,0,1,3374718
1788986517,4,0,1.211,3374718
1788986528,5,0,10.721,3374718
1788986528,3,0,0.088,3374718
1788986529,4,0,1.828,3374718
1788986530,3,0,0.037,3374718
1788986530,1,0,0.001,3374718
1788986530,3,0,0.004,3374718
1788986530,0,0,0.012,3374718
1788986530,1,0,0.001,3374718
1788986530,6,0,0.005,3374718
1788986531,4,0,1.161,3374718
1788986531,0,0,0.005,3374718
1788986533,4,0,1.966,3374718
1788986534,4,0,1.638,3374718
1788986534,0,0,0.015,3374718
1788986534,1,0,0.001,3374718
1788986534,3,0,0.034,3374718
1788986534,0,0,0.005,3374718
1788986534,6,0,0.008,3374718
1788986534,3,0,0.028,3374718
1788986535,5,0,0.129,3374718
1788986542,5,0,7.282,3374718
1788986542,6,0,0.007,3374718
1788986542,0,0,0.013,3374718
1788986542,3,0,0.003,3374718
1788986542,3,0,0.032,3374718
1788986543,4,0,1.117,3374718
1788986544,2,0,1.515,3374718
1788986554,5,0,9.016,3374718
1788986554,0,0,0.012,3374718
1788986554,3,0,0.026,3374718
1788986556,4,0,2.09,3374718
1788986557,4,0,1.144,3374718
1788986557,2,0,0.002,3374718
1788986557,3,0,0.006,3374718
1788986557,3,0,0.095,3374718
1788986557,3,0,0.005,3374718
1788986557,6,0,0.008,3374718
1788986557,0,0,0.009,3374718
1788986557,0,0,0.005,3374718
1788986568,5,0,10.651,3374718
1788986568,4,0,0.656,3374718
1788986568,1,0,0.002,3374718
1788986570,2,0,1.353,3374718
1788986570,1,0,0.001,3374718
1788986570,0,0,0.009,3374718
1788986571,4,0,1.196,3374718
1788986572,2,0,0.866,3374718
1788986572,6,0,0.006,3374718
1788986572,1,0,0.001,3374718
1788986582,5,0,9.85,3374718
1788986582,3,0,0.017,3374718
1788986582,0,0,0.01,3374718
1788986582,2,0,0.003,3374718
1788986582,4,0,0.788,3374718
1788986584,4,0,1.266,3374718
1788986584,6,0,0.007,3374718
1788986584,6,0,0.008,3374718
1788986584,6,1,0.006,3374718
1788986586,4,0,1.987,3374718
1788986588,2,0,2.729,3374718
1788986588,3,0,0.065,3374718
1788986591,2,0,2.616,3374718
1788986591,2,0,0.003,3374718
1788986591,2,0,0.002,3374718
1788986591,3,0,0.035,3374718
1788986591,6,0,0.011,3374718
1788986591,3,0,0.066,3374718
1788986591,3,0,0.08,3374718
1788986592,4,0,0.853,3374718
1788986594,4,0,1.613,3374718
1788986594,6,0,0.007,3374718
1788986595,2,0,1.224,3374718
1788986595,6,0,0.007,3374718
1788986596,5,0,1.438,3374718
1788986596,2,0,0,3374718
1788986596,0,0,0.008,3374718
1788986598,4,0,1.63,3374718
1788986601,5,0,2.983,3374718
1788986601,2,0,0.004,3374718
1788986601,1,0,0,3374718
1788986601,3,0,0.006,3374718
1788986602,4,0,1.096,3374718
1788986602,2,0,0.003,3374718
1788986602,2,0,0.003,3374718
1788986604,4,0,2.41,3374718
1788986604,6,0,0.004,3374718
1788986606,4,0,1.793,3374718
1788986606,6,0,0.008,3374718
1788986606,6,0,0.009,3374718
1788986609,4,0,2.284,3374718
1788986610,2,0,1.493,3374718
1788986610,3,0,0.01,3374718
1788986610,2,0,0.003,3374718
1788986611,4,0,0.551,3374718
1788986612,4,0,1.256,3374718
1788986612,3,0,0.07,3374718
1788986612,0,0,0.015,3374718
1788986613,5,0,0.812,3374718
1788986614,4,0,0.825,3374718
1788986614,3,0,0.017,3374718
1788986614,1,0,0.002,3374718
1788986614,1,0,0.001,3374718
1788986614,3,0,0.089,3374718
1788986614,2,0,0.003,3374718
1788986614,6,0,0.006,3374718
1788986615,4,0,0.936,3374718
1788986615,3,0,0.004,3374718
1788986619,5,0,4.147,3374718
1788986620,4,0,1.171,3374718
1788986620,0,0,0.017,3374718
1788986620,2,0,0.003,3374718
1788986620,0,0,0.013,3374718
1788986620,0,0,0.009,3374718
1788986621,4,0,0.9,3374718
1788986621,3,0,0.061,3374718
1788986621,0,0,0.009,3374718
1788986621,1,0,0.001,3374718
1788986621,0,0,0.012,3374718
1788986622,4,0,0.919,3374718
1788986622,2,0,0.003,3374718
1788986633,5,0,11.155,3374718
1788986633,0,0,0.005,3374718
1788986633,6,0,0.007,3374718
1788986635,4,0,2.354,3374718
1788986636,7,0,0.168,3374718
1788986636,2,0,0.002,3374718
1788986639,4,0,3.827,3374718
1788986639,6,0,0.01,3374718
1788986639,3,0,0.012,3374718
1788986640,7,0,0.165,3374718
1788986640,3,0,0.005,3374718
1788986640,3,0,0.051,3374718
1788986640,3,0,0.052,3374718
1788986640,2,0,0.003,3374718
1788986642,4,0,1.887,3374718
1788986642,0,0,0.008,3374718
1788986642,3,0,0.007,3374718
1788986642,2,0,0.003,3374718
1788986642,0,0,0.004,3374718
1788986642,6,0,0.006,3374718
1788986642,3,0,0.07,3374718
1788986642,5,0,0.738,3374718
1788986643,4,0,0.84,3374718
1788986643,3,0,0.034,3374718
1788986643,2,0,0.001,3374718
1788986643,5,0,0.121,3374718
1788986648,5,0,4.17,3374718
1788986649,4,0,1.562,3374718
1788986649,6,0,0.008,3374718
1788986649,2,0,0.004,3374718
1788986649,3,0,0.054,3374718
1788986649,0,0,0.017,3374718
1788986649,0,0,0.011,3374718
1788986650,4,0,1.162,3374718
1788986650,6,0,0.008,3374718
1788986652,7,0,1.056,3374718
1788986652,6,0,0.004,3374718
1788986654,4,0,2.308,3374718
1788986654,0,0,0.009,3374718
1788986657,4,0,2.697,3374718
1788986657,0,0,0.006,3374718
1788986659,2,0,2.604,3374718
1788986660,2,0,1.127,3374718
1788986660,6,0,0.007,3374718
1788986660,1,0,0.001,3374718
1788986660,0,0,0.009,3374718
1788986660,6,0,0.008,3374718
1788986661,4,0,1.159,3374718
1788986662,2,0,0.775,3374718
1788986662,3,0,0.094,3374718
1788986662,3,0,0.086,3374718
1788986664,5,0,1.67,3374718
1788986667,4,0,2.797,3374718
1788986668,4,0,1.04,3374718
1788986668,0,0,0.007,3374718
1788986668,6,0,0.008,3374718
1788986668,6,0,0.004,3374718
1788986668,0,0,0.006,3374718
1788986670,2,0,1.988,3374718
1788986670,3,0,0.01,3374718
1788986670,0,0,0.009,3374718
1788986671,5,0,1.195,3374718
1788986671,3,0,0.038,3374718
1788986671,3,0,0.007,3374718
1788986674,4,0,2.296,3374718
1788986674,1,0,0.001,3374718
1788986675,4,0,1.409,3374718
1788986675,3,0,0.036,3374718
1788986677,4,0,1.736,3374718
1788986677,0,0,0.013,3374718
1788986677,3,0,0.05,3374718
1788986679,4,0,2.529,3374718
1788986681,4,0,1.978,3374718
1788986681,2,0,0.004,3374718
1788986681,3,0,0.006,3374718
1788986681,0,0,0.016,3374718
1788986681,0,0,0.014,3374718
1788986683,4,0,1.919,3374718
1788986684,5,0,1.044,3374718
1788986684,2,0,0.002,3374718
1788986684,3,0,0.058,3374718
1788986684,3,0,0.053,3374718
1788986686,2,0,1.242,3374718
1788986686,0,0,0.009,3374718
1788986686,5,0,0.136,3374718
1788986686,3,0,0.061,3374718
1788986686,5,0,0.125,3374718
1788986686,6,0,0.009,3374718
1788986686,3,0,0.083,3374718
1788986696,5,0,9.983,3374718
1788986696,1,0,0,3374718
1788986696,2,0,0.001,3374718
1788986696,6,0,0.009,3374718
1788986696,0,0,0.007,3374718
1788986697,2,0,1.209,3374718
1788986699,4,0,1.547,3374718
1788986699,6,0,0.006,3374718
1788986699,5,0,0.124,3374718
1788986700,4,0,0.94,3374718
1788986713,5,0,12.916,3374718
1788986713,2,0,0.004,3374718
1788986713,6,0,0.005,3374718
1788986716,2,0,3.143,3374718
1788986716,0,0,0.011,3374718
1788986725,5,0,8.589,3374718
1788986725,3,0,0.05,3374718
1788986725,2,0,0.002,3374718
1788986725,3,0,0.03,3374718
1788986726,5,0,1.233,3374718
1788986726,0,0,0.008,3374718
1788986727,4,0,0.75,3374718
1788986728,4,0,1.708,3374718
1788986731,4,0,2.818,3374718
1788986731,1,0,0.002,3374718
1788986734,5,0,2.445,3374718
1788986734,0,0,0.008,3374718
1788986737,4,0,3.578,3374718
1788986739,2,0,1.592,3374718
1788986739,6,0,0.008,3374718
1788986739,0,0,0.011,3374718
1788986740,2,0,1.468,3374718
1788986740,6,0,0.008,3374718
1788986740,3,0,0.076,3374718
1788986740,1,0,0.001,3374718
1788986740,3,0,0.052,3374718
1788986741,4,0,0.737,3374718
1788986741,3,0,0.084,3374718
1788986741,6,0,0.009,3374718
1788986744,4,0,2.699,3374718
1788986744,1,0,0.001,3374718
1788986744,3,0,0.007,3374718
1788986745,5,0,1.222,3374718
1788986747,4,0,1.529,3374718
1788986748,4,0,1.095,3374718
1788986748,3,0,0.054,3374718
1788986748,1,0,0.001,3374718
1788986749,4,0,1.167,3374718
1788986749,0,0,0.012,3374718
1788986749,2,0,0.002,3374718
1788986751,4,0,1.754,3374718
1788986752,4,0,0.924,3374718
1788986752,0,0,0.006,3374718
1788986752,6,0,0.005,3374718
1788986761,5,0,9.034,3374718
1788986761,0,0,0.011,3374718
1788986761,7,0,0.168,3374718
1788986771,5,0,10.49,3374718
1788986771,6,0,0.006,3374718
1788986773,2,0,1.33,3374718
1788986777,4,0,3.903,3374718
1788986779,5,0,2.024,3374718
1788986781,7,0,2.683,3374718
1788986783,4,0,2.066,3374718
1788986783,3,0,0.007,3374718
1788986783,6,0,0.005,3374718
1788986783,2,0,0.002,3374718
1788986783,0,0,0.003,3374718
1788986784,2,0,0.713,3374718
1788986784,0,0,0.009,3374718
1788986784,0,0,0.013,3374718
1788986784,1,0,0.002,3374718
1788986784,0,0,0.019,3374718
1788986784,3,0,0.088,3374718
1788986784,0,0,0.006,3374718
1788986785,4,0,1.059,3374718
1788986785,6,0,0.008,3374718
1788986786,4,0,1.033,3374718
1788986787,2,0,0.958,3374718
1788986787,0,0,0.01,3374718
1788986787,2,0,0.006,3374718
1788986789,4,0,1.977,3374718
1788986789,3,0,0.069,3374718
1788986789,3,0,0.002,3374718
1788986789,3,0,0.004,3374718
1788986791,4,0,1.108,3374718
1788986799,5,0,8.574,3374718
1788986800,2,0,1.071,3374718
1788986803,2,0,2.882,3374718
1788986803,STOP,,,3374718
