1788983181,4,0,1.269,3374744
1788983181,6,0,0.014,3374744
1788983184,4,0,3.086,3374744
1788983185,5,0,0.137,3374744
1788983185,0,0,0.014,3374744
1788983188,2,0,3.259,3374744
1788983188,0,0,0.008,3374744
1788983188,1,0,0.002,3374744
1788983189,5,0,1.027,3374744
1788983189,3,0,0.006,3374744
1788983189,2,0,0.003,3374744
1788983189,3,0,0.059,3374744
1788983189,3,0,0.048,3374744
1788983189,3,0,0.009,3374744
1788983189,3,0,0.062,3374744
1788983189,2,0,0.003,3374744
1788983191,2,0,1.673,3374744
1788983191,3,0,0.082,3374744
1788983191,3,0,0.049,3374744
1788983192,4,0,1.12,3374744
1788983192,3,0,0.041,3374744
1788983192,1,0,0.001,3374744
1788983192,0,0,0.022,3374744
1788983192,3,0,0.082,3374744
1788983192,1,0,0.001,3374744
1788983194,4,0,1.727,3374744
1788983196,4,0,2.247,3374744
1788983197,4,0,1.147,3374744
1788983206,5,0,8.334,3374744
1788983209,4,0,3.653,3374744
1788983209,6,0,0.01,3374744
1788983209,0,0,0.005,3374744
1788983209,3,0,0.095,3374744
1788983209,3,0,0.032,3374744
1788983211,2,0,1.759,3374744
1788983211,3,0,0.062,3374744
1788983211,0,0,0.01,3374744
1788983211,3,0,0.045,3374744
1788983211,0,0,0.014,3374744
1788983211,1,0,0.001,3374744
1788983211,3,0,0.005,3374744
1788983211,0,0,0.01,3374744
1788983211,6,0,0.005,3374744
1788983212,4,0,1.087,3374744
1788983214,4,0,1.157,3374744
1788983214,2,0,0.002,3374744
1788983214,0,0,0.006,3374744
1788983215,5,0,1.018,3374744
1788983216,5,0,1.325,3374744
1788983217,4,0,1.081,3374744
1788983218,4,0,0.74,3374744
1788983218,3,0,0.079,3374744
1788983218,3,0,0.012,3374744
1788983218,6,0,0.009,3374744
1788983218,6,0,0.006,3374744
1788983219,4,0,0.973,3374744
1788983219,6,0,0.009,3374744
1788983219,3,0,0.083,3374744
1788983219,3,0,0.009,3374744
1788983219,6,0,0.008,3374744
1788983219,3,0,0.044,3374744
1788983219,0,0,0.012,3374744
1788983219,6,0,0.006,3374744
1788983219,1,0,0.001,3374744
1788983219,0,0,0.015,3374744
1788983220,5,0,1.045,3374744
1788983220,3,0,0.057,3374744
1788983220,3,0,0.049,3374744
1788983220,3,0,0.055,3374744
1788983220,6,0,0.007,3374744
1788983220,0,0,0.01,3374744
1788983220,6,0,0.008,3374744
1788983222,4,0,1.823,3374744
1788983222,3,0,0.072,3374744
1788983226,4,0,3.623,3374744
1788983226,2,0,0.002,3374744
1788983226,0,0,0.011,3374744
1788983226,1,0,0.002,3374744
1788983226,3,0,0.031,3374744
1788983226,0,0,0.012,3374744
1788983226,0,0,0.015,3374744
1788983226,2,0,0.003,3374744
1788983226,6,0,0.006,3374744
1788983227,2,0,1.307,3374744
1788983229,4,0,2.301,3374744
1788983229,2,0,0.005,3374744
1788983229,0,0,0.012,3374744
1788983231,2,0,1.3,3374744
1788983231,3,0,0.011,3374744
1788983231,3,0,0.003,3374744
1788983233,4,0,1.991,3374744
1788983233,3,0,0.009,3374744
1788983237,2,0,3.895,3374744
1788983237,1,0,0.001,3374744
1788983239,4,0,2.777,3374744
1788983239,0,0,0.008,3374744
1788983240,4,0,0.941,3374744
1788983240,2,0,0.003,3374744
1788983240,3,0,0.039,3374744
1788983240,2,0,0.003,3374744
1788983240,0,0,0.013,3374744
1788983240,0,0,0.009,3374744
1788983240,2,0,0.005,3374744
1788983243,7,0,2.181,3374744
1788983244,4,0,1.4,3374744
1788983246,4,0,1.881,3374744
1788983246,2,0,0.002,3374744
1788983247,4,0,1.519,3374744
1788983247,0,0,0.01,3374744
1788983247,1,0,0.002,3374744
1788983247,6,0,0.009,3374744
1788983249,4,0,1.417,3374744
1788983250,4,0,1.511,3374744
1788983250,3,0,0.006,3374744
1788983250,6,0,0.006,3374744
1788983251,5,0,1.035,3374744
1788983251,2,0,0.003,3374744
1788983253,4,0,1.301,3374744
1788983253,6,0,0.008,3374744
1788983253,0,0,0.008,3374744
1788983253,6,0,0.01,3374744
1788983253,3,0,0.043,3374744
1788983253,3,0,0.051,3374744
1788983253,1,0,0.001,3374744
1788983255,5,0,1.856,3374744
1788983255,1,0,0,3374744
1788983255,0,0,0.013,3374744
1788983255,3,0,0.066,3374744
1788983257,2,0,1.793,3374744
1788983257,0,0,0.017,3374744
1788983257,0,0,0.006,3374744
1788983258,5,0,1.576,3374744
1788983258,6,0,0.007,3374744
1788983258,6,0,0.008,3374744
1788983258,6,0,0.013,3374744
1788983258,3,0,0.001,3374744
1788983261,4,0,2.921,3374744
1788983261,0,0,0.01,3374744
1788983261,5,0,0.13,3374744
1788983261,3,0,0.076,3374744
1788983261,6,0,0.006,3374744
1788983261,0,0,0.006,3374744
1788983261,5,0,0.131,3374744
1788983263,2,0,1.295,3374744
1788983264,4,0,0.975,3374744
1788983264,3,0,0.054,3374744
1788983268,5,0,4.408,3374744
1788983269,4,0,1.065,3374744
1788983269,3,0,0.081,3374744
1788983272,2,0,2.479,3374744
1788983272,6,0,0.007,3374744
1788983272,0,0,0.013,3374744
1788983273,4,0,1.006,3374744
1788983273,0,0,0.007,3374744
1788983274,7,0,1.193,3374744
1788983274,5,0,0.127,3374744
1788983274,3,0,0.087,3374744
1788983274,6,0,0.006,3374744
1788983274,3,0,0.065,3374744
1788983276,2,0,1.949,3374744
1788983276,1,0,0.001,3374744
1788983276,6,0,0.006,3374744
1788983276,2,0,0.003,3374744
1788983276,3,0,0.088,3374744
1788983278,4,0,1.534,3374744
1788983280,4,0,1.944,3374744
1788983284,4,0,4.197,3374744
1788983286,4,0,1.691,3374744
1788983289,4,0,3.556,3374744
1788983293,4,0,3.314,3374744
1788983293,2,0,0.004,3374744
1788983293,3,0,0.033,3374744
1788983294,4,0,1.607,3374744
1788983294,3,0,0.047,3374744
1788983294,0,0,0.009,3374744
1788983296,4,0,1.73,3374744
1788983296,0,0,0.012,3374744
1788983296,3,0,0.004,3374744
1788983297,2,0,1.272,3374744
1788983297,3,0,0.012,3374744
1788983298,2,0,1.006,3374744
1788983300,4,0,1.868,3374744
1788983302,4,0,1.381,3374744
1788983302,0,0,0.013,3374744
1788983305,4,0,2.89,3374744
1788983305,3,0,0.075,3374744
1788983305,3,0,0.053,3374744
1788983305,2,0,0.002,3374744
1788983305,2,0,0.004,3374744
1788983305,6,0,0.004,3374744
1788983305,6,0,0.006,3374744
1788983305,1,0,0.002,3374744
1788983306,2,0,0.852,3374744
1788983306,3,0,0.058,3374744
1788983307,5,0,1.006,3374744
1788983307,0,0,0.017,3374744
1788983307,0,0,0.015,3374744
1788983307,6,0,0.009,3374744
1788983307,3,0,0.006,3374744
1788983307,0,0,0.009,3374744
1788983308,4,0,1.594,3374744
1788983308,6,0,0.007,3374744
1788983310,4,0,2.064,3374744
1788983310,1,0,0.001,3374744
1788983312,5,0,1.546,3374744
1788983313,4,0,0.959,3374744
1788983313,3,0,0.006,3374744
1788983314,2,0,1.46,3374744
1788983314,3,0,0.062,3374744
1788983314,0,0,0.009,3374744
1788983314,3,0,0.046,3374744
1788983318,4,0,3.198,3374744
1788983318,7,0,0.884,3374744
1788983320,4,0,1.076,3374744
1788983320,7,0,0.177,3374744
1788983320,1,0,0.002,3374744
1788983320,2,0,0.001,3374744
1788983322,7,0,2.138,3374744
1788983322,5,0,0.121,3374744
1788983322,3,0,0.095,3374744
1788983322,6,0,0.01,3374744
1788983322,3,0,0.062,3374744
1788983333,7,0,11.193,3374744
1788983333,3,0,0.07,3374744
1788983344,7,0,10.626,3374744
1788983344,6,0,0.006,3374744
1788983344,0,0,0.006,3374744
1788983344,0,0,0.005,3374744
1788983344,1,0,0.001,3374744
1788983344,3,0,0.011,3374744
1788983348,4,0,3.516,3374744
1788983349,4,0,1.529,3374744
1788983358,5,0,9.316,3374744
1788983359,3,0,0.065,3374744
1788983359,3,0,0.007,3374744
1788983359,5,0,0.121,3374744
1788983359,1,0,0.002,3374744
1788983359,6,0,0.006,3374744
1788983359,3,0,0.094,3374744
1788983362,4,0,2.897,3374744
1788983363,4,0,1.032,3374744
1788983363,2,0,0.003,3374744
1788983363,1,0,0.002,3374744
1788983364,4,0,1.241,3374744
1788983374,5,0,9.749,3374744
1788983375,2,0,1.025,3374744
1788983376,2,0,1.027,3374744
1788983376,1,0,0.002,3374744
1788983376,0,0,0.006,3374744
1788983376,0,0,0.005,3374744
1788983376,1,0,0.001,3374744
1788983376,0,0,0.01,3374744
1788983380,4,0,4.172,3374744
1788983380,3,0,0.059,3374744
1788983380,3,0,0.012,3374744
1788983380,3,0,0.044,3374744
1788983382,4,0,1.931,3374744
1788983382,5,0,0.127,3374744
1788983382,3,0,0.007,3374744
1788983382,5,0,0.125,3374744
1788983382,0,0,0.007,3374744
1788983382,2,0,0.003,3374744
1788983382,0,0,0.008,3374744
1788983382,0,0,0.015,3374744
1788983383,4,0,1.126,3374744
1788983383,1,0,0.002,3374744
1788983383,3,0,0.007,3374744
1788983383,0,0,0.01,3374744
1788983383,0,0,0.007,3374744
1788983384,3,0,0.085,3374744
1788983384,2,0,0.866,3374744
1788983385,4,0,0.87,3374744
1788983385,0,0,0.005,3374744
1788983385,0,0,0.006,3374744
1788983387,4,0,1.603,3374744
1788983387,1,0,0.002,3374744
1788983387,6,0,0.007,3374744
1788983391,4,0,3.72,3374744
1788983392,2,0,1.102,3374744
1788983392,6,0,0.006,3374744
1788983392,2,0,0.003,3374744
1788983392,3,0,0.096,3374744
1788983401,5,0,9.606,3374744
1788983403,4,0,1.163,3374744
1788983403,0,0,0.005,3374744
1788983403,3,0,0.073,3374744
1788983403,2,0,0.004,3374744
1788983404,4,0,1.35,3374744
1788983404,6,0,0.007,3374744
1788983404,0,0,0.006,3374744
1788983404,2,0,0.002,3374744
1788983404,3,0,0.065,3374744
1788983414,5,0,9.736,3374744
1788983424,7,0,9.741,3374744
1788983424,3,0,0.081,3374744
1788983424,0,0,0.005,3374744
1788983424,3,0,0.007,3374744
1788983424,5,0,0.121,3374744
1788983426,2,0,2.036,3374744
1788983428,4,0,1.788,3374744
1788983428,3,0,0.054,3374744
1788983428,3,0,0.076,3374744
1788983429,4,0,1.157,3374744
1788983429,3,0,0.012,3374744
1788983429,2,0,0.003,3374744
1788983429,0,0,0.01,3374744
1788983430,4,0,1.308,3374744
1788983431,2,0,1.276,3374744
1788983433,4,0,1.556,3374744
1788983433,3,0,0.059,3374744
1788983433,2,0,0.006,3374744
1788983433,0,0,0.008,3374744
1788983433,3,0,0.117,3374744
1788983433,2,0,0.002,3374744
1788983433,3,0,0.006,3374744
1788983435,5,0,1.286,3374744
1788983435,2,0,0.781,3374744
1788983435,6,0,0.006,3374744
1788983436,5,0,1.108,3374744
1788983438,2,0,1.774,3374744
1788983438,1,0,0.001,3374744
1788983438,0,0,0.008,3374744
1788983438,1,0,0,3374744
1788983440,4,0,2.005,3374744
1788983440,3,0,0.002,3374744
1788983442,4,0,2.012,3374744
1788983444,4,0,1.688,3374744
1788983445,2,0,1.592,3374744
1788983446,2,0,0.002,3374744
1788983446,2,0,0.002,3374744
1788983446,3,0,0.061,3374744
1788983447,2,0,0.959,3374744
1788983449,5,0,2.204,3374744
1788983449,6,0,0.009,3374744
1788983449,6,0,0.01,3374744
1788983449,6,0,0.005,3374744
1788983449,0,0,0.016,3374744
1788983449,3,0,0.021,3374744
1788983449,3,0,0.038,3374744
1788983453,2,0,4.264,3374744
1788983454,4,0,1.23,3374744
1788983454,3,0,0.035,3374744
1788983456,4,0,1.861,3374744
1788983456,3,0,0.01,3374744
1788983456,1,0,0.001,3374744
1788983456,7,0,0.169,3374744
1788983458,4,0,1.171,3374744
1788983458,5,0,0.125,3374744
1788983459,2,0,1.754,3374744
1788983459,0,0,0.012,3374744
1788983459,1,0,0,3374744
1788983459,2,0,0.004,3374744
1788983460,3,0,0.079,3374744
1788983460,1,0,0,3374744
1788983460,1,0,0.001,3374744
1788983461,5,0,1.12,3374744
1788983470,5,0,9.393,3374744
1788983470,6,0,0.011,3374744
1788983470,6,0,0.008,3374744
1788983470,6,0,0.005,3374744
1788983471,4,0,0.789,3374744
1788983472,2,0,1.564,3374744
1788983472,6,0,0.009,3374744
1788983473,3,0,0.06,3374744
1788983474,4,0,1.31,3374744
1788983474,6,0,0.007,3374744
1788983474,3,0,0.065,3374744
1788983474,3,0,0.011,3374744
1788983475,4,0,1.177,3374744
1788983475,6,0,0.005,3374744
1788983475,1,0,0,3374744
1788983475,0,0,0.015,3374744
1788983476,5,0,1.217,3374744
1788983479,4,0,2.271,3374744
1788983479,5,0,0.127,3374744
1788983479,0,0,0.007,3374744
1788983480,2,0,0.791,3374744
1788983480,7,0,0.18,3374744
1788983480,3,0,0.07,3374744
1788983482,4,0,1.95,3374744
1788983482,6,0,0.006,3374744
1788983483,2,0,1.014,3374744
1788983483,2,0,0.003,3374744
1788983483,7,0,0.179,3374744
1788983483,6,0,0.006,3374744
1788983483,6,0,0.006,3374744
1788983484,2,0,0.986,3374744
1788983495,7,0,10.952,3374744
1788983496,4,0,1.008,3374744
1788983497,5,0,1.031,3374744
1788983498,2,0,1.434,3374744
1788983498,6,0,0.009,3374744
1788983498,0,0,0.016,3374744
1788983498,0,0,0.013,3374744
1788983498,1,0,0.002,3374744
1788983498,1,0,0.001,3374744
1788983500,2,0,1.339,3374744
1788983500,3,0,0.057,3374744
1788983501,4,0,1.374,3374744
1788983503,5,0,1.652,3374744
1788983505,4,0,2.386,3374744
1788983505,1,0,0.002,3374744
1788983514,5,0,8.803,3374744
1788983525,5,0,10.675,3374744
1788983534,5,0,9.21,3374744
1788983534,2,0,0.002,3374744
1788983534,0,0,0.014,3374744
1788983536,4,0,1.899,3374744
1788983536,3,0,0.007,3374744
1788983537,4,0,1.521,3374744
1788983537,2,0,0.003,3374744
1788983537,0,0,0.01,3374744
1788983537,6,0,0.007,3374744
1788983537,6,0,0.009,3374744
1788983539,4,0,1.201,3374744
1788983539,5,0,0.935,3374744
1788983540,0,0,0.008,3374744
1788983541,2,0,1.252,3374744
1788983541,0,0,0.006,3374744
1788983541,3,0,0.036,3374744
1788983542,4,0,1.352,3374744
1788983542,6,0,0.009,3374744
1788983542,0,0,0.009,3374744
1788983542,3,0,0.063,3374744
1788983544,2,0,1.298,3374744
1788983544,6,0,0.009,3374744
1788983544,1,0,0.002,3374744
1788983544,0,0,0.008,3374744
1788983545,4,0,0.959,3374744
1788983545,2,0,0.003,3374744
1788983547,4,0,2.2,3374744
1788983547,0,0,0.012,3374744
1788983548,2,0,0.963,3374744
1788983549,4,0,1.298,3374744
1788983549,3,0,0.01,3374744
1788983549,0,0,0.008,3374744
1788983549,0,0,0.007,3374744
1788983549,2,0,0.005,3374744
1788983559,7,0,9.561,3374744
1788983571,5,0,12.367,3374744
1788983571,2,0,0.004,3374744
1788983571,2,0,0.003,3374744
1788983572,4,0,1.165,3374744
1788983573,4,0,1.223,3374744
1788983573,6,0,0.009,3374744
1788983576,4,0,2.546,3374744
1788983577,4,0,1.56,3374744
1788983578,5,0,0.128,3374744
1788983581,4,0,3.088,3374744
1788983582,4,0,1.018,3374744
1788983582,2,0,0.003,3374744
1788983583,4,0,0.948,3374744
1788983583,0,0,0.018,3374744
1788983583,0,0,0.012,3374744
1788983583,3,0,0.02,3374744
1788983583,3,0,0.035,3374744
1788983583,1,0,0.001,3374744
1788983594,5,0,10.843,3374744
1788983595,4,0,1.843,3374744
1788983596,2,0,0.922,3374744
1788983605,5,0,8.586,3374744
1788983605,6,0,0.007,3374744
1788983605,6,0,0.006,3374744
1788983605,2,0,0.001,3374744
1788983607,4,0,1.937,3374744
1788983608,4,0,0.869,3374744
1788983608,6,0,0.009,3374744
1788983608,6,0,0.006,3374744
1788983608,3,0,0.011,3374744
1788983608,2,0,0.644,3374744
1788983608,6,0,0.006,3374744
1788983608,1,0,0.001,3374744
1788983612,5,0,3.228,3374744
1788983612,0,0,0.015,3374744
1788983613,4,0,1.831,3374744
1788983616,4,0,2.125,3374744
1788983616,3,0,0.01,3374744
1788983617,4,0,1.484,3374744
1788983617,0,0,0.016,3374744
1788983617,6,0,0.008,3374744
1788983617,3,0,0.008,3374744
1788983617,3,0,0.061,3374744
1788983617,3,0,0.045,3374744
1788983617,6,0,0.007,3374744
1788983617,2,0,0.003,3374744
1788983619,4,0,1.64,3374744
1788983621,4,0,1.722,3374744
1788983621,6,0,0.007,3374744
1788983621,4,0,0.737,3374744
1788983622,4,0,0.938,3374744
1788983622,3,0,0.003,3374744
1788983622,6,0,0.008,3374744
1788983622,3,0,0.042,3374744
1788983622,6,0,0.008,3374744
1788983624,4,0,1.186,3374744
1788983624,1,0,0.002,3374744
1788983633,5,0,9.542,3374744
1788983633,0,0,0.005,3374744
1788983633,0,0,0.012,3374744
1788983634,4,0,1.237,3374744
1788983634,3,0,0.006,3374744
1788983634,0,0,0.008,3374744
1788983634,2,0,0.002,3374744
1788983634,0,0,0.006,3374744
1788983634,0,0,0.016,3374744
1788983637,4,0,2.159,3374744
1788983637,0,0,0.012,3374744
1788983639,2,0,2.092,3374744
1788983640,2,0,1.446,3374744
1788983644,2,0,3.933,3374744
1788983646,4,0,1.828,3374744
1788983646,0,0,0.013,3374744
1788983646,0,0,0.015,3374744
1788983647,4,0,1.187,3374744
1788983650,4,0,3.276,3374744
1788983650,0,0,0.011,3374744
1788983651,2,0,0.65,3374744
1788983651,6,0,0.007,3374744
1788983651,6,0,0.01,3374744
1788983651,1,0,0.001,3374744
1788983651,3,0,0.045,3374744
1788983651,3,0,0.078,3374744
1788983653,5,0,1.409,3374744
1788983654,4,0,1.522,3374744
1788983654,2,0,0.003,3374744
1788983654,0,0,0.013,3374744
1788983654,2,0,0.002,3374744
1788983654,3,0,0.006,3374744
1788983656,4,0,2.104,3374744
1788983656,3,0,0.051,3374744
1788983658,5,0,2.025,3374744
1788983658,3,0,0.013,3374744
1788983658,5,0,0.125,3374744
1788983660,5,0,1.172,3374744
1788983660,0,0,0.004,3374744
1788983660,0,0,0.013,3374744
1788983660,3,0,0.056,3374744
1788983660,2,0,0.004,3374744
1788983663,4,0,3.17,3374744
1788983663,0,0,0.013,3374744
1788983663,6,0,0.009,3374744
1788983663,0,0,0.014,3374744
1788983663,1,0,0.002,3374744
1788983663,3,0,0.002,3374744
1788983664,4,0,1.002,3374744
1788983664,3,0,0.062,3374744
1788983666,4,0,2.46,3374744
1788983666,3,0,0.004,3374744
1788983668,4,0,2.037,3374744
1788983670,2,0,1.717,3374744
1788983670,2,0,0.003,3374744
1788983672,4,0,1.633,3374744
1788983672,0,0,0.009,3374744
1788983672,6,0,0.005,3374744
1788983672,2,0,0.002,3374744
1788983672,6,0,0.008,3374744
1788983673,4,0,1.006,3374744
1788983675,7,0,1.736,3374744
1788983675,3,0,0.027,3374744
1788983675,1,0,0.001,3374744
1788983675,4,0,0.049,3374744
1788983676,4,0,0.933,3374744
1788983676,3,0,0.091,3374744
1788983676,0,0,0.007,3374744
1788983677,4,0,1.179,3374744
1788983678,2,0,1.247,3374744
1788983679,5,0,1.153,3374744
1788983681,5,0,1.851,3374744
1788983681,0,0,0.018,3374744
1788983681,3,0,0.013,3374744
1788983682,4,0,1.225,3374744
1788983682,3,0,0.081,3374744
1788983684,4,0,1.321,3374744
1788983684,6,0,0.008,3374744
1788983684,6,0,0.006,3374744
1788983684,7,0,0.182,3374744
1788983684,0,0,0.01,3374744
1788983685,4,0,1.481,3374744
1788983685,2,0,0.002,3374744
1788983685,2,0,0.002,3374744
1788983687,4,0,1.724,3374744
1788983687,3,0,0.039,3374744
1788983687,3,0,0.013,3374744
1788983687,0,0,0.009,3374744
1788983687,1,0,0.001,3374744
1788983690,4,0,2.315,3374744
1788983691,4,0,0.943,3374744
1788983691,0,0,0.016,3374744
1788983691,2,0,0.597,3374744
1788983692,4,0,1.062,3374744
1788983693,4,0,0.783,3374744
1788983693,3,0,0.05,3374744
1788983693,2,0,0.002,3374744
1788983693,7,0,0.177,3374744
1788983693,3,0,0.064,3374744
1788983693,3,0,0.063,3374744
1788983695,5,0,1.701,3374744
1788983695,0,0,0.008,3374744
1788983695,0,0,0.01,3374744
1788983695,6,0,0.008,3374744
1788983695,0,0,0.013,3374744
1788983697,4,0,1.976,3374744
1788983698,5,0,0.903,3374744
1788983699,2,0,0.56,3374744
1788983699,6,0,0.009,3374744
1788983699,0,0,0.009,3374744
1788983699,0,0,0.008,3374744
1788983699,0,0,0.015,3374744
1788983699,1,0,0.001,3374744
1788983699,3,0,0.085,3374744
1788983699,0,0,0.009,3374744
1788983700,4,0,1.052,3374744
1788983701,4,0,1.31,3374744
1788983701,6,0,0.01,3374744
1788983701,3,0,0.037,3374744
1788983701,1,0,0.002,3374744
1788983701,0,0,0.013,3374744
1788983701,2,0,0.003,3374744
1788983703,5,0,1.654,3374744
1788983703,3,0,0.065,3374744
1788983703,3,0,0.079,3374744
1788983704,4,0,1.55,3374744
1788983704,1,0,0.002,3374744
1788983704,3,0,0.011,3374744
1788983704,0,0,0.008,3374744
1788983704,2,0,0.002,3374744
1788983704,3,0,0.06,3374744
1788983705,5,0,0.905,3374744
1788983705,6,0,0.009,3374744
1788983705,3,0,0.013,3374744
1788983705,2,0,0.003,3374744
1788983705,0,0,0.011,3374744
1788983709,4,0,3.902,3374744
1788983709,2,0,0.002,3374744
1788983711,4,0,1.263,3374744
1788983711,3,0,0.071,3374744
1788983711,2,0,0.003,3374744
1788983711,3,0,0.07,3374744
1788983711,5,0,0.135,3374744
1788983712,5,0,1.086,3374744
1788983712,2,0,0.002,3374744
1788983712,3,0,0.058,3374744
1788983712,3,0,0.012,3374744
1788983716,4,0,4.038,3374744
1788983719,4,0,2.477,3374744
1788983719,0,0,0.015,3374744
1788983720,4,0,1.457,3374744
1788983720,2,0,0.003,3374744
1788983722,4,0,2.391,3374744
1788983724,4,0,1.736,3374744
1788983725,4,0,0.996,3374744
1788983727,5,0,1.359,3374744
1788983727,3,0,0.08,3374744
1788983728,4,0,1.582,3374744
1788983729,2,0,1.141,3374744
1788983729,0,0,0.007,3374744
1788983729,3,0,0.009,3374744
1788983729,0,0,0.005,3374744
1788983729,5,0,0.127,3374744
1788983730,3,0,0.034,3374744
1788983730,7,0,0.189,3374744
1788983732,2,0,2.131,3374744
1788983732,1,0,0.002,3374744
1788983732,6,0,0.006,3374744
1788983733,2,0,1.101,3374744
1788983733,3,0,0.087,3374744
1788983737,4,0,3.498,3374744
1788983737,3,0,0.035,3374744
1788983738,4,0,1.708,3374744
1788983738,3,0,0.003,3374744
1788983740,4,0,1.51,3374744
1788983741,4,0,1.326,3374744
1788983741,2,0,0.003,3374744
1788983741,2,0,0.002,3374744
1788983741,6,0,0.01,3374744
1788983742,4,0,1.169,3374744
1788983751,5,0,8.886,3374744
1788983751,2,0,0.003,3374744
1788983751,2,0,0.002,3374744
1788983751,6,0,0.008,3374744
1788983754,4,0,2.58,3374744
1788983754,0,0,0.007,3374744
1788983754,0,0,0.011,3374744
1788983754,3,0,0.054,3374744
1788983754,2,0,0.003,3374744
1788983754,3,0,0.025,3374744
1788983754,3,0,0.087,3374744
1788983754,6,0,0.009,3374744
1788983754,3,0,0.006,3374744
1788983754,6,0,0.01,3374744
1788983754,0,0,0.015,3374744
1788983754,2,0,0.003,3374744
1788983754,0,0,0.009,3374744
1788983765,5,0,11.133,3374744
1788983765,2,0,0.004,3374744
1788983767,5,0,1.99,3374744
1788983769,5,0,1.796,3374744
1788983770,5,0,1.243,3374744
1788983770,3,0,0.009,3374744
1788983770,3,0,0.036,3374744
1788983770,0,0,0.005,3374744
1788983770,3,0,0.085,3374744
1788983771,4,0,1.146,3374744
1788983771,2,0,0.002,3374744
1788983772,3,0,0.076,3374744
1788983772,0,0,0.012,3374744
1788983772,3,0,0.093,3374744
1788983774,4,0,2.273,3374744
1788983775,4,0,1.459,3374744
1788983784,5,0,8.783,3374744
1788983784,0,0,0.01,3374744
1788983784,1,0,0.002,3374744
1788983784,3,0,0.013,3374744
1788983784,3,0,0.013,3374744
1788983786,2,0,1.659,3374744
1788983788,2,0,1.694,3374744
1788983788,5,0,0.133,3374744
1788983788,0,0,0.006,3374744
1788983789,4,0,1.282,3374744
1788983789,3,0,0.064,3374744
1788983789,6,0,0.007,3374744
1788983789,0,0,0.011,3374744
1788983789,6,0,0.007,3374744
1788983789,3,0,0.065,3374744
1788983789,0,0,0.012,3374744
1788983789,6,0,0.005,3374744
1788983793,2,0,4.008,3374744
1788983793,0,0,0.006,3374744
1788983794,4,0,1.177,3374744
1788983794,6,0,0.005,3374744
1788983794,0,0,0.008,3374744
1788983794,6,0,0.008,3374744
1788983794,2,0,0.002,3374744
1788983796,4,0,2.06,3374744
1788983796,0,0,0.008,3374744
1788983796,0,0,0.011,3374744
1788983796,3,0,0.031,3374744
1788983798,4,0,1.15,3374744
1788983807,5,0,9.593,3374744
1788983809,4,0,1.334,3374744
1788983809,3,0,0.062,3374744
1788983809,0,0,0.006,3374744
1788983809,3,0,0.053,3374744
1788983809,3,0,0.012,3374744
1788983812,2,0,3.574,3374744
1788983812,3,0,0.071,3374744
1788983812,3,0,0.08,3374744
1788983812,6,0,0.012,3374744
1788983814,4,0,1.35,3374744
1788983814,3,0,0.038,3374744
1788983814,3,0,0.003,3374744
1788983814,0,0,0.006,3374744
1788983814,3,0,0.057,3374744
1788983816,4,0,1.639,3374744
1788983816,0,0,0.01,3374744
1788983816,2,0,0.708,3374744
1788983819,4,0,2.935,3374744
1788983820,4,0,1.137,3374744
1788983822,4,0,1.347,3374744
1788983832,5,0,10.162,3374744
1788983832,5,0,0.117,3374744
1788983832,3,0,0.008,3374744
1788983832,6,0,0.005,3374744
1788983832,6,0,0.007,3374744
1788983832,6,0,0.007,3374744
1788983832,6,0,0.01,3374744
1788983833,4,0,1.067,3374744
1788983833,6,0,0.005,3374744
1788983835,4,0,2.115,3374744
1788983839,5,0,3.763,3374744
1788983840,4,0,1.45,3374744
1788983840,0,0,0.008,3374744
1788983842,5,0,1.561,3374744
1788983842,6,0,0.005,3374744
1788983846,4,0,3.93,3374744
1788983846,0,0,0.003,3374744
1788983847,4,0,0.94,3374744
1788983847,3,0,0.009,3374744
1788983847,3,0,0.003,3374744
1788983847,6,0,0.007,3374744
1788983847,3,0,0.01,3374744
1788983848,4,0,1.006,3374744
1788983849,4,0,1.235,3374744
1788983849,0,0,0.011,3374744
1788983849,3,0,0.031,3374744
1788983860,5,0,10.635,3374744
1788983861,5,0,1.728,3374744
1788983861,2,0,0.002,3374744
1788983862,3,0,0.033,3374744
1788983862,3,0,0.045,3374744
1788983864,4,0,2.21,3374744
1788983866,4,0,2.464,3374744
1788983866,1,0,0.002,3374744
1788983866,6,0,0.008,3374744
1788983870,4,0,3.257,3374744
1788983871,4,0,1.341,3374744
1788983872,5,0,1.183,3374744
1788983872,0,0,0.014,3374744
1788983872,3,0,0.052,3374744
1788983873,4,0,0.969,3374744
1788983875,4,0,1.651,3374744
1788983875,2,0,0.003,3374744
1788983875,6,0,0.009,3374744
1788983876,4,0,1.405,3374744
1788983876,7,0,0.171,3374744
1788983876,3,0,0.074,3374744
1788983876,0,0,0.013,3374744
1788983876,6,0,0.007,3374744
1788983878,4,0,1.287,3374744
1788983878,3,0,0.005,3374744
1788983878,6,0,0.008,3374744
1788983878,2,0,0.746,3374744
1788983879,7,0,1.018,3374744
1788983880,5,0,0.129,3374744
1788983889,7,0,9.34,3374744
1788983889,0,0,0.013,3374744
1788983889,1,0,0.002,3374744
1788983890,5,0,0.825,3374744
1788983891,4,0,1.447,3374744
1788983891,6,0,0.008,3374744
1788983891,6,0,0.007,3374744
1788983893,4,0,1.929,3374744
1788983895,5,0,1.837,3374744
1788983895,2,0,0.002,3374744
1788983898,4,0,3.39,3374744
1788983900,4,0,1.273,3374744
1788983900,4,0,0.784,3374744
1788983903,4,0,2.879,3374744
1788983905,2,0,1.839,3374744
1788983905,0,0,0.013,3374744
1788983905,3,0,0.07,3374744
1788983907,4,0,1.769,3374744
1788983907,3,0,0.009,3374744
1788983908,4,0,1.06,3374744
1788983909,4,0,1.211,3374744
1788983909,3,0,0.005,3374744
1788983920,5,0,10.19,3374744
1788983920,0,0,0.013,3374744
1788983920,3,0,0.039,3374744
1788983920,6,0,0.007,3374744
1788983922,2,0,2.534,3374744
1788983922,0,0,0.006,3374744
1788983922,3,0,0.021,3374744
1788983924,2,0,1.551,3374744
1788983925,4,0,1.049,3374744
1788983925,3,0,0.067,3374744
1788983925,0,0,0.006,3374744
1788983926,4,0,1.352,3374744
1788983929,4,0,3.245,3374744
1788983930,5,0,0.133,3374744
1788983931,4,0,1.837,3374744
1788983931,1,0,0.002,3374744
1788983931,1,0,0.002,3374744
1788983932,5,0,0.885,3374744
1788983932,0,0,0.014,3374744
1788983932,0,0,0.01,3374744
1788983934,2,0,1.675,3374744
1788983936,2,0,2.461,3374744
1788983936,0,0,0.007,3374744
1788983936,0,0,0.006,3374744
1788983936,0,0,0.004,3374744
1788983936,3,0,0.062,3374744
1788983937,6,0,0.006,3374744
1788983938,4,0,1.626,3374744
1788983938,2,0,0.003,3374744
1788983938,3,0,0.006,3374744
1788983940,4,0,1.546,3374744
1788983940,3,0,0.076,3374744
1788983940,0,0,0.011,3374744
1788983941,4,0,1.72,3374744
1788983942,6,0,0.011,3374744
1788983942,6,0,0.011,3374744
1788983942,2,0,0.972,3374744
1788983942,0,0,0.01,3374744
1788983943,3,0,0.009,3374744
1788983943,2,0,0.891,3374744
1788983943,0,0,0.01,3374744
1788983944,5,0,0.998,3374744
1788983944,3,0,0.076,3374744
1788983947,4,0,2.738,3374744
1788983949,2,0,1.661,3374744
1788983949,0,0,0.011,3374744
1788983949,3,0,0.062,3374744
1788983953,4,0,3.7,3374744
1788983953,1,0,0.001,3374744
1788983953,3,0,0.094,3374744
1788983954,2,0,1.553,3374744
1788983954,6,0,0.008,3374744
1788983956,2,0,1.567,3374744
1788983957,4,0,1.064,3374744
1788983957,0,0,0.009,3374744
1788983958,4,0,1.447,3374744
1788983959,4,0,1.042,3374744
1788983962,4,0,2.066,3374744
1788983963,5,0,1.306,3374744
1788983963,6,0,0.008,3374744
1788983963,1,0,0.002,3374744
1788983963,3,0,0.051,3374744
1788983963,0,0,0.009,3374744
1788983963,3,0,0.012,3374744
1788983964,4,0,0.942,3374744
1788983966,2,0,2.227,3374744
1788983966,0,0,0.006,3374744
1788983968,5,0,2.005,3374744
1788983968,3,0,0.07,3374744
1788983968,6,0,0.006,3374744
1788983968,2,0,0.002,3374744
1788983968,3,0,0.007,3374744
1788983977,7,0,8.899,3374744
1788983979,2,0,1.602,3374744
1788983980,4,0,1.145,3374744
1788983981,4,0,1.014,3374744
1788983981,1,0,0.001,3374744
1788983982,4,0,1.101,3374744
1788983982,1,0,0.002,3374744
1788983982,0,0,0.012,3374744
1788983982,0,0,0.009,3374744
1788983982,3,0,0.028,3374744
1788983982,6,0,0.007,3374744
1788983982,2,0,0.002,3374744
1788983982,2,0,0.003,3374744
1788983984,4,0,1.791,3374744
1788983984,6,0,0.007,3374744
1788983984,3,0,0.011,3374744
1788983984,1,0,0.002,3374744
1788983984,2,0,0.002,3374744
1788983984,3,0,0.015,3374744
1788983984,0,0,0.009,3374744
1788983984,2,0,0.002,3374744
1788983984,3,0,0.019,3374744
1788983987,4,0,2.749,3374744
1788983987,1,0,0.001,3374744
1788983988,4,0,1.209,3374744
1788983992,4,0,4.006,3374744
1788983992,3,0,0.09,3374744
1788983992,3,0,0.064,3374744
1788983994,2,0,1.726,3374744
1788983994,6,0,0.009,3374744
1788983994,7,0,0.176,3374744
1788983995,7,0,1.014,3374744
1788983995,0,0,0.01,3374744
1788983995,1,0,0.001,3374744
1788983996,4,0,1.353,3374744
1788984000,4,0,3.57,3374744
1788984000,0,0,0.021,3374744
1788984000,1,0,0.002,3374744
1788984002,4,0,1.719,3374744
1788984003,4,0,1.089,3374744
1788984003,6,0,0.009,3374744
1788984003,3,0,0.004,3374744
1788984004,4,0,1.133,3374744
1788984005,4,0,0.925,3374744
1788984005,3,0,0.005,3374744
1788984005,0,0,0.016,3374744
1788984005,2,0,0.004,3374744
1788984005,2,0,0.004,3374744
1788984005,0,0,0.011,3374744
1788984005,3,0,0.031,3374744
1788984005,5,0,0.133,3374744
1788984006,2,0,1.533,3374744
1788984008,7,0,1.303,3374744
1788984008,6,0,0.007,3374744
1788984009,4,0,0.956,3374744
1788984017,5,0,8.263,3374744
1788984017,1,0,0.002,3374744
1788984017,1,0,0.001,3374744
1788984017,3,0,0.091,3374744
1788984027,5,0,9.902,3374744
1788984027,3,0,0.003,3374744
1788984027,3,0,0.005,3374744
1788984027,3,0,0.063,3374744
1788984029,2,0,1.727,3374744
1788984030,2,0,0.962,3374744
1788984031,2,0,1.398,3374744
1788984032,4,0,1.13,3374744
1788984034,2,0,1.798,3374744
1788984034,0,0,0.006,3374744
1788984035,4,0,1.287,3374744
1788984035,2,0,0.005,3374744
1788984035,6,0,0.006,3374744
1788984036,5,0,0.122,3374744
1788984037,2,0,1.118,3374744
1788984037,5,0,0.686,3374744
1788984039,4,0,1.277,3374744
1788984040,2,0,1.353,3374744
1788984040,0,0,0.005,3374744
1788984040,5,0,0.123,3374744
1788984040,3,0,0.013,3374744
1788984040,2,0,0.002,3374744
1788984040,3,0,0.051,3374744
1788984050,5,0,10.136,3374744
1788984050,3,0,0.007,3374744
1788984050,3,0,0.104,3374744
1788984050,2,0,0.002,3374744
1788984050,2,0,0.002,3374744
1788984052,5,0,1.164,3374744
1788984053,4,0,1.593,3374744
1788984055,4,0,1.974,3374744
1788984064,5,0,9.109,3374744
1788984065,2,0,1.126,3374744
1788984065,6,0,0.011,3374744
1788984065,6,0,0.006,3374744
1788984067,4,0,1.67,3374744
1788984067,3,0,0.049,3374744
1788984068,2,0,1.016,3374744
1788984068,3,0,0.062,3374744
1788984069,4,0,0.769,3374744
1788984079,5,0,10.507,3374744
1788984080,3,0,0.088,3374744
1788984080,2,0,0.003,3374744
1788984080,0,0,0.007,3374744
1788984080,6,0,0.008,3374744
1788984080,3,0,0.077,3374744
1788984084,4,0,4.427,3374744
1788984087,4,0,2.525,3374744
1788984087,0,0,0.013,3374744
1788984087,3,0,0.008,3374744
1788984087,2,0,0.004,3374744
1788984088,4,0,1.221,3374744
1788984096,7,0,8.567,3374744
1788984099,4,0,2.555,3374744
1788984099,6,0,0.008,3374744
1788984099,3,0,0.041,3374744
1788984099,1,0,0.002,3374744
1788984099,3,0,0.088,3374744
1788984099,3,0,0.09,3374744
1788984099,6,0,0.011,3374744
1788984099,6,0,0.008,3374744
1788984100,4,0,0.76,3374744
1788984100,3,0,0.064,3374744
1788984102,5,0,1.643,3374744
1788984104,4,0,2.474,3374744
1788984105,4,0,1.154,3374744
1788984108,5,0,2.535,3374744
1788984108,0,0,0.012,3374744
1788984108,0,0,0.014,3374744
1788984110,4,0,2.423,3374744
1788984117,5,0,7.222,3374744
1788984118,0,0,0.011,3374744
1788984118,6,0,0.009,3374744
1788984118,5,0,0.125,3374744
1788984118,5,0,0.126,3374744
1788984119,4,0,0.79,3374744
1788984119,3,0,0.067,3374744
1788984119,1,0,0.001,3374744
1788984120,4,0,1.788,3374744
1788984120,3,0,0.083,3374744
1788984122,4,0,1.545,3374744
1788984123,2,0,1.301,3374744
1788984125,5,0,2.089,3374744
1788984125,0,0,0.009,3374744
1788984134,7,0,8.189,3374744
1788984134,3,0,0.015,3374744
1788984134,6,0,0.005,3374744
1788984134,3,0,0.077,3374744
1788984134,0,0,0.014,3374744
1788984134,3,0,0.083,3374744
1788984135,4,0,0.88,3374744
1788984135,5,0,0.125,3374744
1788984136,4,0,1.182,3374744
1788984136,1,0,0.001,3374744
1788984136,3,0,0.041,3374744
1788984137,4,0,1.04,3374744
1788984137,3,0,0.081,3374744
1788984139,4,0,1.669,3374744
1788984140,4,0,1.067,3374744
1788984140,3,0,0.111,3374744
1788984140,0,0,0.006,3374744
1788984140,3,0,0.007,3374744
1788984140,6,0,0.007,3374744
1788984140,0,0,0.013,3374744
1788984140,6,0,0.007,3374744
1788984140,1,0,0.001,3374744
1788984140,0,0,0.01,3374744
1788984141,4,0,1.149,3374744
1788984141,6,0,0.008,3374744
1788984144,4,0,3.222,3374744
1788984144,0,0,0.016,3374744
1788984157,5,0,12.268,3374744
1788984158,5,0,1.105,3374744
1788984158,2,0,0.001,3374744
1788984159,7,0,1.02,3374744
1788984159,3,0,0.003,3374744
1788984159,6,0,0.004,3374744
1788984159,5,0,0.126,3374744
1788984169,5,0,10.244,3374744
1788984169,0,0,0.011,3374744
1788984171,5,0,1.917,3374744
1788984171,2,0,0.005,3374744
1788984173,4,0,1.507,3374744
1788984173,2,0,0.004,3374744
1788984174,4,0,1.166,3374744
1788984174,3,0,0.069,3374744
1788984174,3,0,0.005,3374744
1788984174,6,0,0.007,3374744
1788984176,4,0,1.733,3374744
1788984176,2,0,0.004,3374744
1788984176,3,0,0.003,3374744
1788984176,0,0,0.009,3374744
1788984177,7,0,1.093,3374744
1788984177,0,0,0.008,3374744
1788984177,3,0,0.078,3374744
1788984178,2,0,0.773,3374744
1788984179,2,0,1.139,3374744
1788984179,3,0,0.012,3374744
1788984179,2,0,0.003,3374744
1788984183,4,0,4.043,3374744
1788984183,6,0,0.006,3374744
1788984183,3,0,0.013,3374744
1788984184,5,0,1.049,3374744
1788984184,2,0,0.001,3374744
1788984184,0,0,0.017,3374744
1788984184,2,0,0.002,3374744
1788984184,6,0,0.007,3374744
1788984184,3,0,0.066,3374744
1788984184,2,0,0.003,3374744
1788984184,6,0,0.009,3374744
1788984184,3,0,0.039,3374744
1788984185,2,0,1.04,3374744
1788984185,3,0,0.079,3374744
1788984185,3,0,0.096,3374744
1788984185,0,0,0.011,3374744
1788984187,2,0,1.243,3374744
1788984187,0,0,0.004,3374744
1788984187,6,0,0.004,3374744
1788984187,0,0,0.008,3374744
1788984188,4,0,1.395,3374744
1788984189,4,0,1.035,3374744
1788984191,4,0,2.292,3374744
1788984193,2,0,1.379,3374744
1788984193,3,0,0.014,3374744
1788984193,6,0,0.007,3374744
1788984195,4,0,2.503,3374744
1788984195,0,0,0.008,3374744
1788984195,6,0,0.005,3374744
1788984195,2,0,0.002,3374744
1788984196,5,0,0.973,3374744
1788984196,0,0,0.01,3374744
1788984206,5,0,9.868,3374744
1788984206,3,0,0.011,3374744
1788984206,3,0,0.048,3374744
1788984208,2,0,1.897,3374744
1788984211,4,0,2.666,3374744
1788984213,4,0,1.871,3374744
1788984213,0,0,0.011,3374744
1788984213,3,0,0.108,3374744
1788984213,3,0,0.086,3374744
1788984213,3,0,0.011,3374744
1788984213,0,0,0.014,3374744
1788984215,4,0,1.899,3374744
1788984219,4,0,4.847,3374744
1788984219,3,0,0.015,3374744
1788984222,2,0,2.396,3374744
1788984222,7,0,0.161,3374744
1788984222,6,0,0.01,3374744
1788984222,7,0,0.185,3374744
1788984222,1,0,0.001,3374744
1788984222,3,0,0.005,3374744
1788984225,4,0,2.435,3374744
1788984226,5,0,1.783,3374744
1788984228,4,0,1.359,3374744
1788984228,0,0,0.012,3374744
1788984228,3,0,0.061,3374744
1788984229,4,0,0.912,3374744
1788984229,6,0,0.009,3374744
1788984231,4,0,1.882,3374744
1788984231,4,0,0.781,3374744
1788984232,5,0,0.122,3374744
1788984232,0,0,0.009,3374744
1788984233,4,0,1.012,3374744
1788984233,3,0,0.032,3374744
1788984234,4,0,1.307,3374744
1788984234,0,0,0.008,3374744
1788984234,3,0,0.061,3374744
1788984238,4,0,4.027,3374744
1788984238,1,0,0.001,3374744
1788984239,2,0,1.38,3374744
1788984239,6,0,0.009,3374744
1788984239,0,0,0.007,3374744
1788984241,2,0,1.711,3374744
1788984241,6,0,0.008,3374744
1788984243,2,0,2.104,3374744
1788984243,0,0,0.014,3374744
1788984245,4,0,1.335,3374744
1788984245,3,0,0.047,3374744
1788984247,4,0,2.778,3374744
1788984247,1,0,0.001,3374744
1788984257,5,0,9.617,3374744
1788984257,0,0,0.01,3374744
1788984257,2,0,0.005,3374744
1788984260,4,0,3.222,3374744
1788984260,2,0,0.003,3374744
1788984262,5,0,1.363,3374744
1788984263,4,0,0.902,3374744
1788984265,4,0,2.136,3374744
1788984265,0,0,0.008,3374744
1788984265,1,0,0.001,3374744
1788984265,3,0,0.009,3374744
1788984267,4,0,2.725,3374744
1788984268,4,0,0.793,3374744
1788984268,3,0,0.077,3374744
1788984268,6,0,0.007,3374744
1788984270,5,0,1.631,3374744
1788984270,1,0,0.002,3374744
1788984272,4,0,2.032,3374744
1788984272,3,0,0.018,3374744
1788984282,5,0,9.923,3374744
1788984282,3,0,0.066,3374744
1788984285,4,0,3.019,3374744
1788984285,6,0,0.008,3374744
1788984285,3,0,0.08,3374744
1788984285,6,0,0.006,3374744
1788984285,0,0,0.006,3374744
1788984286,4,0,1.074,3374744
1788984286,6,0,0.006,3374744
1788984286,0,0,0.008,3374744
1788984286,5,0,0.127,3374744
1788984288,2,0,2.102,3374744
1788984288,0,0,0.007,3374744
1788984289,4,0,0.91,3374744
1788984291,2,0,1.256,3374744
1788984291,2,0,0.004,3374744
1788984291,3,0,0.011,3374744
1788984292,4,0,1.369,3374744
1788984300,5,0,8.457,3374744
1788984300,1,0,0.002,3374744
1788984300,6,0,0.008,3374744
1788984300,2,0,0.005,3374744
1788984300,1,0,0.001,3374744
1788984301,6,0,0.006,3374744
1788984301,3,0,0.056,3374744
1788984301,3,0,0.005,3374744
1788984301,1,0,0.002,3374744
1788984301,0,0,0.038,3374744
1788984302,4,0,1.175,3374744
1788984302,2,0,0.003,3374744
1788984302,0,0,0.016,3374744
1788984302,3,0,0.039,3374744
1788984302,3,0,0.047,3374744
1788984302,6,0,0.007,3374744
1788984302,0,0,0.005,3374744
1788984303,2,0,1.134,3374744
1788984304,4,0,0.866,3374744
1788984305,4,0,1.326,3374744
1788984305,0,0,0.013,3374744
1788984305,3,0,0.015,3374744
1788984305,0,0,0.008,3374744
1788984305,3,0,0.058,3374744
1788984305,6,0,0.008,3374744
1788984306,2,0,1.01,3374744
1788984308,5,0,1.513,3374744
1788984308,3,0,0.064,3374744
1788984308,3,0,0.063,3374744
1788984309,5,0,1.208,3374744
1788984309,3,0,0.071,3374744
1788984313,2,0,3.71,3374744
1788984313,1,0,0.001,3374744
1788984313,2,0,0.003,3374744
1788984314,4,0,1.194,3374744
1788984314,6,0,0.004,3374744
1788984314,0,0,0.003,3374744
1788984314,0,0,0.009,3374744
1788984315,4,0,1.2,3374744
1788984317,4,0,1.878,3374744
1788984317,2,0,0.003,3374744
1788984318,2,0,0.837,3374744
1788984318,3,0,0.05,3374744
1788984320,4,0,2.029,3374744
1788984320,6,0,0.008,3374744
1788984320,6,0,0.007,3374744
1788984322,4,0,1.971,3374744
1788984322,0,0,0.009,3374744
1788984322,3,0,0.007,3374744
1788984323,2,0,1.081,3374744
1788984334,5,0,11.091,3374744
1788984335,2,0,0.856,3374744
1788984335,0,0,0.008,3374744
1788984335,6,0,0.006,3374744
1788984337,4,0,1.834,3374744
1788984338,2,0,1.249,3374744
1788984338,3,0,0.04,3374744
1788984338,2,0,0.004,3374744
1788984340,5,0,1.187,3374744
1788984341,4,0,1.486,3374744
1788984341,6,0,0.01,3374744
1788984341,1,0,0.001,3374744
1788984342,4,0,1.253,3374744
1788984342,0,0,0.005,3374744
1788984342,3,0,0.085,3374744
1788984353,5,0,11.027,3374744
1788984356,4,0,2.663,3374744
1788984356,0,0,0.012,3374744
1788984356,3,0,0.052,3374744
1788984357,2,0,1.331,3374744
1788984358,3,0,0.043,3374744
1788984360,4,0,2.31,3374744
1788984362,4,0,1.98,3374744
1788984362,3,0,0.041,3374744
1788984364,4,0,1.711,3374744
1788984364,5,0,0.122,3374744
1788984364,2,0,0.003,3374744
1788984364,3,0,0.065,3374744
1788984364,0,0,0.011,3374744
1788984364,6,1,0.004,3374744
1788984364,5,0,0.126,3374744
1788984364,0,0,0.017,3374744
1788984365,5,0,1.284,3374744
1788984365,0,0,0.014,3374744
1788984365,0,0,0.013,3374744
1788984365,3,0,0.077,3374744
1788984365,5,0,0.121,3374744
1788984365,0,0,0.012,3374744
1788984365,6,0,0.006,3374744
1788984365,6,0,0.008,3374744
1788984365,0,0,0.018,3374744
1788984368,4,0,2.585,3374744
1788984369,5,0,0.741,3374744
1788984369,0,0,0.005,3374744
1788984370,4,0,1.138,3374744
1788984370,0,0,0.011,3374744
1788984370,5,0,0.116,3374744
1788984371,4,0,1.129,3374744
1788984371,2,0,0.002,3374744
1788984371,1,0,0.001,3374744
1788984372,4,0,1.04,3374744
1788984372,6,0,0.006,3374744
1788984374,4,0,2.212,3374744
1788984375,3,0,0.091,3374744
1788984375,6,0,0.007,3374744
1788984375,2,0,0.003,3374744
1788984375,0,0,0.012,3374744
1788984375,7,0,0.174,3374744
1788984375,3,0,0.011,3374744
1788984376,4,0,1.263,3374744
1788984376,7,0,0.177,3374744
1788984376,6,0,0.008,3374744
1788984376,6,0,0.006,3374744
1788984376,6,0,0.01,3374744
1788984376,0,0,0.012,3374744
1788984376,3,0,0.068,3374744
1788984377,5,0,1.08,3374744
1788984377,3,0,0.01,3374744
1788984377,1,0,0.001,3374744
1788984377,3,0,0.007,3374744
1788984377,1,0,0,3374744
1788984377,6,0,0.011,3374744
1788984377,3,0,0.004,3374744
1788984377,1,0,0.001,3374744
1788984377,6,0,0.005,3374744
1788984380,2,0,2.236,3374744
1788984381,4,0,0.975,3374744
1788984382,2,0,1.816,3374744
1788984382,3,0,0.037,3374744
1788984382,3,0,0.007,3374744
1788984383,4,0,0.783,3374744
1788984384,4,0,0.887,3374744
1788984384,3,0,0.003,3374744
1788984387,4,0,3.157,3374744
1788984387,0,0,0.01,3374744
1788984392,4,0,4.366,3374744
1788984393,5,0,1.213,3374744
1788984393,0,0,0.017,3374744
1788984394,7,0,1.42,3374744
1788984394,0,0,0.018,3374744
1788984395,4,0,0.958,3374744
1788984395,3,0,0.091,3374744
1788984405,5,0,9.368,3374744
1788984405,0,0,0.004,3374744
1788984405,0,0,0.011,3374744
1788984405,0,0,0.014,3374744
1788984405,3,0,0.012,3374744
1788984408,4,0,3.295,3374744
1788984408,0,0,0.005,3374744
1788984409,4,0,0.753,3374744
1788984409,1,0,0.003,3374744
1788984409,0,0,0.01,3374744
1788984410,4,0,1.577,3374744
1788984411,3,0,0.101,3374744
1788984411,0,0,0.01,3374744
1788984414,4,0,3.422,3374744
1788984414,3,0,0.087,3374744
1788984414,6,0,0.008,3374744
1788984415,2,0,1.119,3374744
1788984415,2,0,0.003,3374744
1788984415,0,0,0.005,3374744
1788984415,3,0,0.068,3374744
1788984416,4,0,0.985,3374744
1788984416,0,0,0.013,3374744
1788984418,5,0,1.804,3374744
1788984418,6,0,0.005,3374744
1788984418,1,0,0.001,3374744
1788984418,0,0,0.005,3374744
1788984418,6,0,0.007,3374744
1788984418,0,0,0.014,3374744
1788984418,3,0,0.073,3374744
1788984418,0,0,0.01,3374744
1788984418,2,0,0.003,3374744
1788984418,6,0,0.006,3374744
1788984419,4,0,1.284,3374744
1788984419,3,0,0.007,3374744
1788984421,4,0,1.275,3374744
1788984422,4,0,0.882,3374744
1788984423,5,0,1.521,3374744
1788984423,3,0,0.083,3374744
1788984423,7,0,0.171,3374744
1788984423,0,0,0.007,3374744
1788984425,4,0,1.696,3374744
1788984425,2,0,0.002,3374744
1788984425,0,0,0.011,3374744
1788984426,2,0,0.942,3374744
1788984427,2,0,1.179,3374744
1788984427,6,0,0.007,3374744
1788984427,3,0,0.026,3374744
1788984429,4,0,1.55,3374744
1788984429,3,0,0.059,3374744
1788984430,4,0,1.044,3374744
1788984431,4,0,0.899,3374744
1788984431,6,0,0.006,3374744
1788984431,1,0,0.001,3374744
1788984431,2,0,0.003,3374744
1788984431,3,0,0.047,3374744
1788984432,4,0,1.139,3374744
1788984433,4,0,0.752,3374744
1788984434,5,0,1.244,3374744
1788984436,2,0,1.603,3374744
1788984436,3,0,0.054,3374744
1788984438,4,0,1.948,3374744
1788984438,3,0,0.01,3374744
1788984439,5,0,1.366,3374744
1788984440,4,0,1.293,3374744
1788984440,3,0,0.011,3374744
1788984443,2,0,3.149,3374744
1788984443,0,0,0.016,3374744
1788984443,2,0,0.003,3374744
1788984445,4,0,1.606,3374744
1788984445,6,0,0.006,3374744
1788984445,2,0,0.003,3374744
1788984445,1,0,0.002,3374744
1788984445,6,0,0.006,3374744
1788984445,0,0,0.017,3374744
1788984449,4,0,3.977,3374744
1788984449,3,0,0.008,3374744
1788984451,7,0,1.588,3374744
1788984452,4,0,1.665,3374744
1788984454,2,0,2.039,3374744
1788984454,6,0,0.006,3374744
1788984455,2,0,1.002,3374744
1788984455,6,0,0.007,3374744
1788984456,2,0,1.014,3374744
1788984458,4,0,1.344,3374744
1788984458,6,0,0.009,3374744
1788984459,4,0,1.544,3374744
1788984460,2,0,0.957,3374744
1788984460,3,0,0.07,3374744
1788984462,5,0,1.952,3374744
1788984462,1,0,0.001,3374744
1788984464,4,0,2.04,3374744
1788984466,2,0,1.432,3374744
1788984466,3,0,0.003,3374744
1788984467,4,0,1.347,3374744
1788984467,6,0,0.007,3374744
1788984467,6,0,0.007,3374744
1788984468,2,0,1.029,3374744
1788984468,1,0,0.001,3374744
1788984470,2,0,1.521,3374744
1788984472,4,0,1.921,3374744
1788984472,3,0,0.037,3374744
1788984472,3,0,0.003,3374744
1788984472,0,0,0.011,3374744
1788984476,4,0,4.081,3374744
1788984476,0,0,0.007,3374744
1788984476,5,0,0.126,3374744
1788984476,3,0,0.071,3374744
1788984476,3,0,0.064,3374744
1788984485,5,0,9.313,3374744
1788984485,0,0,0.008,3374744
1788984485,3,0,0.008,3374744
1788984485,0,0,0.004,3374744
1788984488,4,0,2.544,3374744
1788984488,2,0,0.002,3374744
1788984488,1,0,0.001,3374744
1788984488,3,0,0.035,3374744
1788984488,3,0,0.009,3374744
1788984488,1,0,0.001,3374744
1788984488,1,0,0.001,3374744
1788984488,3,0,0.067,3374744
1788984488,6,0,0.008,3374744
1788984488,5,0,0.121,3374744
1788984488,3,0,0.026,3374744
1788984488,0,0,0.011,3374744
1788984490,2,0,1.65,3374744
1788984490,3,0,0.004,3374744
1788984490,0,0,0.011,3374744
1788984490,3,0,0.055,3374744
1788984493,4,0,3.414,3374744
1788984493,0,0,0.011,3374744
1788984493,3,0,0.077,3374744
1788984493,2,0,0.003,3374744
1788984494,2,0,1.032,3374744
1788984495,3,0,0.053,3374744
1788984496,4,0,1.26,3374744
1788984496,3,0,0.029,3374744
1788984496,0,0,0.007,3374744
1788984496,2,0,0.001,3374744
1788984496,2,0,0.003,3374744
1788984496,0,0,0.011,3374744
1788984496,6,0,0.006,3374744
1788984498,4,0,1.746,3374744
1788984498,0,0,0.018,3374744
1788984498,4,0,0.839,3374744
1788984510,5,0,11.219,3374744
1788984510,3,0,0.089,3374744
1788984510,3,0,0.08,3374744
1788984510,3,0,0.007,3374744
1788984510,2,0,0.003,3374744
1788984510,2,0,0.003,3374744
1788984510,0,0,0.009,3374744
1788984510,3,0,0.012,3374744
1788984510,2,0,0.003,3374744
1788984511,4,0,1.059,3374744
1788984512,4,0,1.254,3374744
1788984512,3,0,0.053,3374744
1788984515,5,0,2.504,3374744
1788984524,5,0,9.235,3374744
1788984525,4,0,1.3,3374744
1788984525,3,0,0.004,3374744
1788984525,3,0,0.082,3374744
1788984526,5,0,1.042,3374744
1788984526,3,0,0.082,3374744
1788984528,4,0,1.45,3374744
1788984528,3,0,0.037,3374744
1788984528,6,0,0.006,3374744
1788984528,3,0,0.006,3374744
1788984528,5,0,0.125,3374744
1788984528,2,0,0.003,3374744
1788984529,2,0,1.008,3374744
1788984529,5,0,0.119,3374744
1788984531,7,0,1.858,3374744
1788984531,0,0,0.008,3374744
1788984531,1,0,0.002,3374744
1788984541,5,0,9.564,3374744
1788984542,2,0,1.048,3374744
1788984542,2,0,0.002,3374744
1788984542,3,0,0.065,3374744
1788984542,0,0,0.015,3374744
1788984542,0,0,0.016,3374744
1788984542,0,0,0.012,3374744
1788984542,3,0,0.014,3374744
1788984542,6,0,0.009,3374744
1788984542,1,0,0.002,3374744
1788984542,3,0,0.043,3374744
1788984544,5,0,1.8,3374744
1788984544,3,0,0.072,3374744
1788984545,4,0,0.842,3374744
1788984545,0,0,0.01,3374744
1788984546,4,0,1.081,3374744
1788984546,0,0,0.012,3374744
1788984547,2,0,1.221,3374744
1788984548,4,0,1.408,3374744
1788984548,2,0,0.002,3374744
1788984548,2,0,0.001,3374744
1788984548,6,0,0.005,3374744
1788984548,6,0,0.008,3374744
1788984548,6,0,0.007,3374744
1788984548,3,0,0.054,3374744
1788984549,4,0,0.752,3374744
1788984550,5,0,0.965,3374744
1788984550,0,0,0.018,3374744
1788984550,0,0,0.011,3374744
1788984550,3,0,0.013,3374744
1788984550,2,0,0.004,3374744
1788984559,5,0,8.708,3374744
1788984560,4,0,0.898,3374744
1788984562,4,0,2.548,3374744
1788984562,2,0,0.002,3374744
1788984562,6,0,0.011,3374744
1788984563,4,0,0.897,3374744
1788984563,0,0,0.013,3374744
1788984565,4,0,1.639,3374744
1788984566,4,0,1.408,3374744
1788984566,3,0,0.013,3374744
1788984566,0,0,0.013,3374744
1788984566,3,0,0.012,3374744
1788984566,2,0,0.003,3374744
1788984566,0,0,0.012,3374744
1788984566,0,0,0.009,3374744
1788984566,2,0,0.003,3374744
1788984568,4,0,1.351,3374744
1788984568,0,0,0.009,3374744
1788984569,5,0,1.261,3374744
1788984569,5,0,0.112,3374744
1788984569,0,0,0.011,3374744
1788984569,6,0,0.008,3374744
1788984569,3,0,0.051,3374744
1788984569,6,0,0.006,3374744
1788984569,2,0,0.002,3374744
1788984569,3,0,0.037,3374744
1788984569,6,0,0.005,3374744
1788984569,0,0,0.013,3374744
1788984569,3,0,0.089,3374744
1788984569,6,0,0.008,3374744
1788984569,3,0,0.064,3374744
1788984569,0,0,0.004,3374744
1788984569,3,0,0.066,3374744
1788984570,4,0,0.685,3374744
1788984570,3,0,0.003,3374744
1788984570,0,0,0.012,3374744
1788984570,0,0,0.012,3374744
1788984570,1,0,0.001,3374744
1788984572,4,0,1.397,3374744
1788984572,2,0,0.004,3374744
1788984572,3,0,0.044,3374744
1788984572,3,0,0.005,3374744
1788984573,4,0,1.277,3374744
1788984573,1,0,0.001,3374744
1788984573,2,0,0.003,3374744
1788984574,4,0,1.501,3374744
1788984574,1,0,0.001,3374744
1788984574,3,0,0.067,3374744
1788984575,3,0,0.038,3374744
1788984575,6,0,0.007,3374744
1788984575,0,0,0.011,3374744
1788984575,2,0,0.002,3374744
1788984575,6,0,0.008,3374744
1788984575,3,0,0.007,3374744
1788984576,2,0,1.228,3374744
1788984579,4,0,2.847,3374744
1788984580,4,0,1.058,3374744
1788984581,4,0,0.944,3374744
1788984581,6,0,0.008,3374744
1788984581,6,0,0.006,3374744
1788984581,3,0,0.073,3374744
1788984581,1,0,0.001,3374744
1788984581,6,0,0.009,3374744
1788984581,6,0,0.006,3374744
1788984581,6,0,0.005,3374744
1788984581,2,0,0.002,3374744
1788984581,0,0,0.009,3374744
1788984581,0,0,0.017,3374744
1788984582,4,0,0.816,3374744
1788984583,5,0,1.408,3374744
1788984583,3,0,0.004,3374744
1788984583,1,0,0,3374744
1788984583,7,0,0.168,3374744
1788984583,6,0,0.005,3374744
1788984583,3,0,0.008,3374744
1788984583,6,0,0.008,3374744
1788984583,0,0,0.005,3374744
1788984583,3,0,0.085,3374744
1788984584,4,0,1.064,3374744
1788984584,3,0,0.044,3374744
1788984584,1,0,0.001,3374744
1788984586,5,0,1.386,3374744
1788984586,1,0,0.001,3374744
1788984586,6,0,0.008,3374744
1788984586,6,0,0.004,3374744
1788984586,0,0,0.006,3374744
1788984587,4,0,1.03,3374744
1788984587,5,0,0.131,3374744
1788984587,0,0,0.014,3374744
1788984588,4,0,1.085,3374744
1788984589,2,0,1.016,3374744
1788984589,2,0,0.002,3374744
1788984590,5,0,1.01,3374744
1788984590,3,0,0.089,3374744
1788984590,0,0,0.01,3374744
1788984590,2,0,0.004,3374744
1788984590,1,0,0.001,3374744
1788984590,3,0,0.075,3374744
1788984590,6,0,0.01,3374744
1788984590,0,0,0.007,3374744
1788984590,0,0,0.012,3374744
1788984590,0,0,0.008,3374744
1788984590,3,0,0.076,3374744
1788984590,3,0,0.004,3374744
1788984590,0,0,0.013,3374744
1788984592,4,0,1.715,3374744
1788984593,4,0,1.173,3374744
1788984593,6,0,0.008,3374744
1788984593,3,0,0.099,3374744
1788984594,4,0,0.981,3374744
1788984594,3,0,0.008,3374744
1788984595,4,0,1.029,3374744
1788984595,0,0,0.009,3374744
1788984595,2,0,0.003,3374744
1788984606,5,0,11.026,3374744
1788984606,3,0,0.008,3374744
1788984606,0,0,0.013,3374744
1788984609,4,0,2.991,3374744
1788984610,2,0,0.886,3374744
1788984610,2,0,0.003,3374744
1788984620,7,0,9.263,3374744
1788984621,4,0,1.845,3374744
1788984622,3,0,0.09,3374744
1788984624,4,0,2.035,3374744
1788984624,6,0,0.006,3374744
1788984624,6,0,0.008,3374744
1788984625,4,0,1.162,3374744
1788984625,2,0,0.002,3374744
1788984625,0,0,0.006,3374744
1788984625,2,0,0.003,3374744
1788984626,4,0,1.141,3374744
1788984626,0,0,0.014,3374744
1788984626,2,0,0.002,3374744
1788984628,2,0,1.97,3374744
1788984631,4,0,2.924,3374744
1788984631,0,0,0.006,3374744
1788984631,3,0,0.018,3374744
1788984640,5,0,9.624,3374744
1788984640,6,0,0.009,3374744
1788984644,4,0,3.375,3374744
1788984645,2,0,1.427,3374744
1788984646,4,0,1.195,3374744
1788984646,0,0,0.013,3374744
1788984646,6,0,0.01,3374744
1788984646,0,0,0.005,3374744
1788984647,0,0,0.008,3374744
1788984647,3,0,0.09,3374744
1788984648,4,0,1.016,3374744
1788984649,4,0,0.983,3374744
1788984649,3,0,0.089,3374744
1788984649,2,0,0.002,3374744
1788984649,2,0,0.002,3374744
1788984650,2,0,0.952,3374744
1788984650,3,0,0.053,3374744
1788984650,3,0,0.011,3374744
1788984650,0,0,0.007,3374744
1788984651,4,0,1.44,3374744
1788984651,1,0,0.002,3374744
1788984651,3,0,0.009,3374744
1788984653,4,0,1.75,3374744
1788984655,4,0,1.744,3374744
1788984656,4,0,0.849,3374744
1788984656,0,0,0.008,3374744
1788984660,4,0,4.146,3374744
1788984661,7,0,1.361,3374744
1788984662,4,0,1.289,3374744
1788984662,0,0,0.004,3374744
1788984662,0,0,0.013,3374744
1788984663,2,0,1.147,3374744
1788984663,0,0,0.005,3374744
1788984676,7,0,12.102,3374744
1788984676,0,0,0.012,3374744
1788984676,1,0,0.001,3374744
1788984677,4,0,1.196,3374744
1788984677,2,0,0.004,3374744
1788984678,4,0,1.244,3374744
1788984679,4,0,1.132,3374744
1788984679,3,0,0.072,3374744
1788984679,2,0,0.002,3374744
1788984679,3,0,0.01,3374744
1788984681,5,0,2.005,3374744
1788984681,6,0,0.009,3374744
1788984691,5,0,10.116,3374744
1788984691,1,0,0.002,3374744
1788984691,3,0,0.043,3374744
1788984691,6,0,0.009,3374744
1788984693,4,0,1.615,3374744
1788984693,0,0,0.017,3374744
1788984694,4,0,1.014,3374744
1788984694,3,0,0.045,3374744
1788984694,5,0,0.127,3374744
1788984696,4,0,2.061,3374744
1788984696,0,0,0.006,3374744
1788984696,3,0,0.043,3374744
1788984698,4,0,1.302,3374744
1788984698,0,0,0.013,3374744
1788984698,6,0,0.008,3374744
1788984699,5,0,0.835,3374744
1788984700,4,0,1.067,3374744
1788984702,4,0,2.031,3374744
1788984702,3,0,0.008,3374744
1788984702,6,0,0.009,3374744
1788984703,2,0,1.668,3374744
1788984703,6,0,0.009,3374744
1788984704,4,0,1.138,3374744
1788984706,4,0,1.33,3374744
1788984706,5,0,0.115,3374744
1788984707,4,0,1.183,3374744
1788984708,4,0,1.26,3374744
1788984711,4,0,2.318,3374744
1788984711,1,0,0.001,3374744
1788984711,2,0,0.44,3374744
1788984711,1,0,0,3374744
1788984714,2,0,2.432,3374744
1788984714,2,0,0.001,3374744
1788984715,4,0,1.191,3374744
1788984715,0,0,0.007,3374744
1788984715,0,0,0.008,3374744
1788984715,6,0,0.006,3374744
1788984716,2,0,1.274,3374744
1788984716,3,0,0.044,3374744
1788984717,4,0,1.215,3374744
1788984717,3,0,0.089,3374744
1788984717,3,0,0.017,3374744
1788984719,4,0,1.188,3374744
1788984720,4,0,1.54,3374744
1788984720,2,0,0.003,3374744
1788984724,4,0,3.557,3374744
1788984724,3,0,0.009,3374744
1788984724,0,0,0.013,3374744
1788984724,2,0,0.003,3374744
1788984733,5,0,8.901,3374744
1788984734,5,0,1.029,3374744
1788984734,6,0,0.006,3374744
1788984734,6,0,0.004,3374744
1788984734,6,0,0.007,3374744
1788984734,0,0,0.012,3374744
1788984734,3,0,0.043,3374744
1788984736,4,0,2.224,3374744
1788984738,4,0,1.853,3374744
1788984738,2,0,0.002,3374744
1788984739,4,0,1.66,3374744
1788984739,6,0,0.008,3374744
1788984741,4,0,1.77,3374744
1788984742,2,0,0.865,3374744
1788984742,3,0,0.012,3374744
1788984742,1,0,0.002,3374744
1788984743,4,0,1.117,3374744
1788984743,3,0,0.004,3374744
1788984743,0,0,0.012,3374744
1788984743,3,0,0.003,3374744
1788984744,2,0,0.976,3374744
1788984744,6,0,0.006,3374744
1788984745,2,0,0.777,3374744
1788984748,2,0,2.517,3374744
1788984748,0,0,0.007,3374744
1788984748,6,0,0.006,3374744
1788984749,4,0,1.24,3374744
1788984749,0,0,0.007,3374744
1788984750,4,0,0.964,3374744
1788984750,6,0,0.007,3374744
1788984750,6,0,0.009,3374744
1788984750,3,0,0.003,3374744
1788984752,4,0,2.248,3374744
1788984752,3,0,0.009,3374744
1788984754,4,0,1.707,3374744
1788984754,6,0,0.005,3374744
1788984754,2,0,0.004,3374744
1788984754,3,0,0.004,3374744
1788984754,5,0,0.123,3374744
1788984754,6,0,0.008,3374744
1788984755,4,0,0.847,3374744
1788984757,2,0,2.391,3374744
1788984758,2,0,1.235,3374744
1788984758,3,0,0.055,3374744
1788984760,2,0,1.236,3374744
1788984760,3,0,0.052,3374744
1788984761,4,0,1.115,3374744
1788984761,0,0,0.007,3374744
1788984761,0,0,0.007,3374744
1788984763,4,0,1.756,3374744
1788984763,3,0,0.08,3374744
1788984763,5,0,0.123,3374744
1788984763,3,0,0.078,3374744
1788984763,0,0,0.015,3374744
1788984763,0,0,0.004,3374744
1788984763,3,0,0.005,3374744
1788984763,3,0,0.088,3374744
1788984763,2,0,0.003,3374744
1788984763,3,0,0.055,3374744
1788984763,3,0,0.013,3374744
1788984763,6,0,0.009,3374744
1788984763,2,0,0.003,3374744
1788984763,3,0,0.043,3374744
1788984763,6,0,0.008,3374744
1788984765,4,0,1.485,3374744
1788984765,0,0,0.008,3374744
1788984765,6,0,0.009,3374744
1788984766,4,0,1.461,3374744
1788984766,5,0,0.131,3374744
1788984773,5,0,7.23,3374744
1788984773,6,0,0.008,3374744
1788984773,1,0,0.002,3374744
1788984781,5,0,7.395,3374744
1788984781,0,0,0.008,3374744
1788984782,4,0,1.539,3374744
1788984782,2,0,0.004,3374744
1788984782,2,0,0.003,3374744
1788984782,3,0,0.005,3374744
1788984782,6,0,0.006,3374744
1788984782,2,0,0.002,3374744
1788984782,0,0,0.007,3374744
1788984784,5,0,1.147,3374744
1788984784,4,0,0.781,3374744
1788984786,4,0,1.711,3374744
1788984786,0,0,0.012,3374744
1788984786,6,0,0.007,3374744
1788984787,2,0,0.872,3374744
1788984787,3,0,0.004,3374744
1788984787,3,0,0.09,3374744
1788984788,2,0,1.071,3374744
1788984788,1,0,0.001,3374744
1788984788,3,0,0.045,3374744
1788984797,5,0,9.066,3374744
1788984798,4,0,1.107,3374744
1788984798,3,0,0.004,3374744
1788984798,5,0,0.13,3374744
1788984799,2,0,0.942,3374744
1788984799,2,0,0.002,3374744
1788984799,3,0,0.007,3374744
1788984801,4,0,1.868,3374744
1788984801,3,0,0.004,3374744
1788984801,0,0,0.017,3374744
1788984805,4,0,4.178,3374744
1788984805,6,0,0.01,3374744
1788984806,3,0,0.03,3374744
1788984806,2,0,0.004,3374744
1788984806,2,0,0.889,3374744
1788984806,2,0,0.003,3374744
1788984815,5,0,8.744,3374744
1788984815,6,0,0.007,3374744
1788984815,0,0,0.05,3374744
1788984815,3,0,0.054,3374744
1788984815,6,0,0.007,3374744
1788984815,3,0,0.009,3374744
1788984817,4,0,1.583,3374744
1788984817,0,0,0.008,3374744
1788984817,0,0,0.014,3374744
1788984817,2,0,0.001,3374744
1788984818,2,0,1.363,3374744
1788984818,0,0,0.013,3374744
1788984818,3,0,0.037,3374744
1788984818,1,0,0.002,3374744
1788984821,4,0,2.715,3374744
1788984826,4,0,4.665,3374744
1788984826,3,0,0.063,3374744
1788984826,0,0,0.011,3374744
1788984827,4,0,1.513,3374744
1788984838,5,0,10.417,3374744
1788984838,3,0,0.054,3374744
1788984838,2,0,0.004,3374744
1788984840,4,0,2.431,3374744
1788984842,4,0,1.346,3374744
1788984842,3,0,0.05,3374744
1788984842,0,0,0.007,3374744
1788984842,3,0,0.044,3374744
1788984842,3,0,0.019,3374744
1788984851,5,0,9.144,3374744
1788984854,4,0,3.675,3374744
1788984855,4,0,0.884,3374744
1788984855,3,0,0.003,3374744
1788984857,2,0,1.592,3374744
1788984865,5,0,7.789,3374744
1788984866,4,0,1.014,3374744
1788984867,4,0,1.409,3374744
1788984867,5,0,0.12,3374744
1788984869,4,0,1.264,3374744
1788984870,2,0,1.166,3374744
1788984872,4,0,1.999,3374744
1788984873,4,0,1.346,3374744
1788984874,5,0,0.847,3374744
1788984874,6,0,0.009,3374744
1788984874,2,0,0.003,3374744
1788984874,0,0,0.006,3374744
1788984874,0,0,0.019,3374744
1788984874,3,0,0.084,3374744
1788984875,2,0,0.873,3374744
1788984876,4,0,0.82,3374744
1788984876,6,0,0.007,3374744
1788984877,2,0,1.533,3374744
1788984879,4,0,1.293,3374744
1788984879,4,0,0.097,3374744
1788984880,4,0,1.14,3374744
1788984880,0,0,0.008,3374744
1788984882,4,0,2.207,3374744
1788984882,2,0,0.003,3374744
1788984882,6,0,0.01,3374744
1788984882,3,0,0.063,3374744
1788984882,2,0,0.002,3374744
1788984882,3,0,0.055,3374744
1788984882,2,0,0.002,3374744
1788984883,4,0,1.25,3374744
1788984884,5,0,0.122,3374744
1788984885,4,0,1.07,3374744
1788984885,6,0,0.007,3374744
1788984885,2,0,0.003,3374744
1788984885,6,0,0.006,3374744
1788984887,2,0,2.153,3374744
1788984887,7,0,0.182,3374744
1788984887,1,0,0.002,3374744
1788984888,2,0,1.274,3374744
1788984888,1,0,0.001,3374744
1788984888,1,0,0.001,3374744
1788984888,0,0,0.012,3374744
1788984890,4,0,2.028,3374744
1788984890,0,0,0.013,3374744
1788984890,0,0,0.016,3374744
1788984890,0,0,0.013,3374744
1788984892,4,0,1.962,3374744
1788984895,5,0,2.438,3374744
1788984895,3,0,0.011,3374744
1788984895,6,0,0.007,3374744
1788984895,3,0,0.09,3374744
1788984898,4,0,3.677,3374744
1788984901,5,0,2.147,3374744
1788984901,3,0,0.035,3374744
1788984902,2,0,1.156,3374744
1788984902,2,0,0.002,3374744
1788984902,6,0,0.008,3374744
1788984902,6,0,0.007,3374744
1788984902,6,0,0.007,3374744
1788984902,6,0,0.009,3374744
1788984902,1,0,0.001,3374744
1788984903,4,0,0.849,3374744
1788984905,4,0,2.265,3374744
1788984905,2,0,0.003,3374744
1788984907,4,0,1.589,3374744
1788984907,0,0,0.008,3374744
1788984907,3,0,0.09,3374744
1788984907,4,0,0.658,3374744
1788984910,5,0,2.564,3374744
1788984910,0,0,0.015,3374744
1788984910,5,0,0.129,3374744
1788984910,6,0,0.006,3374744
1788984911,5,0,0.892,3374744
1788984911,1,0,0.002,3374744
1788984911,6,0,0.006,3374744
1788984911,0,0,0.014,3374744
1788984912,2,0,0.907,3374744
1788984921,5,0,9.199,3374744
1788984923,4,0,2.007,3374744
1788984923,3,0,0.065,3374744
1788984923,2,0,0.003,3374744
1788984923,0,0,0.013,3374744
1788984924,4,0,0.896,3374744
1788984924,5,0,0.124,3374744
1788984928,4,0,4.112,3374744
1788984928,0,0,0.015,3374744
1788984928,3,0,0.006,3374744
1788984928,3,0,0.085,3374744
1788984928,0,0,0.013,3374744
1788984932,4,0,3.854,3374744
1788984932,3,0,0.049,3374744
1788984932,3,0,0.06,3374744
1788984932,3,0,0.08,3374744
1788984932,0,0,0.012,3374744
1788984932,6,0,0.009,3374744
1788984932,6,0,0.006,3374744
1788984932,0,0,0.014,3374744
1788984933,3,0,0.092,3374744
1788984933,0,0,0.007,3374744
1788984933,0,0,0.017,3374744
1788984933,3,0,0.008,3374744
1788984933,3,0,0.008,3374744
1788984933,3,0,0.063,3374744
1788984933,0,0,0.011,3374744
1788984933,3,0,0.142,3374744
1788984933,1,0,0.001,3374744
1788984933,3,0,0.002,3374744
1788984933,5,0,0.119,3374744
1788984933,3,0,0.068,3374744
1788984935,5,0,1.663,3374744
1788984935,2,0,0.004,3374744
1788984936,2,0,1.103,3374744
1788984937,7,0,1.543,3374744
1788984941,2,0,3.816,3374744
1788984941,3,0,0.009,3374744
1788984943,5,0,2.299,3374744
1788984945,4,0,1.814,3374744
1788984945,6,0,0.009,3374744
1788984945,0,0,0.011,3374744
1788984945,6,0,0.009,3374744
1788984948,7,0,3.012,3374744
1788984948,6,0,0.008,3374744
1788984957,7,0,8.96,3374744
1788984957,6,0,0.004,3374744
1788984957,0,0,0.012,3374744
1788984959,4,0,1.538,3374744
1788984959,1,0,0,3374744
1788984959,6,0,0.009,3374744
1788984960,4,0,1.269,3374744
1788984961,4,0,1.193,3374744
1788984961,0,0,0.007,3374744
1788984961,6,0,0.009,3374744
1788984961,1,0,0.001,3374744
1788984963,5,0,1.259,3374744
1788984964,4,0,1.247,3374744
1788984964,0,0,0.01,3374744
1788984964,6,0,0.005,3374744
1788984965,2,0,1.452,3374744
1788984965,3,0,0.056,3374744
1788984967,2,0,1.733,3374744
1788984967,1,0,0.001,3374744
1788984969,4,0,2.152,3374744
1788984970,4,0,0.946,3374744
1788984972,4,0,1.414,3374744
1788984972,0,0,0.007,3374744
1788984972,3,0,0.101,3374744
1788984972,3,0,0.07,3374744
1788984972,6,0,0.007,3374744
1788984972,2,0,0.003,3374744
1788984972,6,0,0.009,3374744
1788984972,3,0,0.007,3374744
1788984972,3,0,0.07,3374744
1788984976,2,0,3.802,3374744
1788984976,5,0,0.089,3374744
1788984976,3,0,0.071,3374744
1788984976,0,0,0.004,3374744
1788984976,3,0,0.063,3374744
1788984978,4,0,2.168,3374744
1788984980,4,0,1.836,3374744
1788984980,0,0,0.008,3374744
1788984981,4,0,1.235,3374744
1788984982,4,0,0.783,3374744
1788984982,3,0,0.078,3374744
1788984985,5,0,3.423,3374744
1788984985,3,0,0.058,3374744
1788984985,6,0,0.009,3374744
1788984986,3,0,0.032,3374744
1788984986,7,0,0.173,3374744
1788984987,4,0,1.579,3374744
1788984987,0,0,0.018,3374744
1788984987,5,0,0.134,3374744
1788984987,0,0,0.008,3374744
1788984987,0,0,0.013,3374744
1788984989,5,0,1.261,3374744
1788984990,4,0,1.475,3374744
1788984990,0,0,0.016,3374744
1788984991,4,0,1.187,3374744
1788984993,4,0,1.483,3374744
1788984994,4,0,0.906,3374744
1788984994,2,0,0.002,3374744
1788984995,4,0,1.115,3374744
1788984995,0,0,0.01,3374744
1788984995,0,0,0.013,3374744
1788984996,4,0,1.53,3374744
1788984998,4,0,1.963,3374744
1788985000,4,0,1.758,3374744
1788985000,6,0,0.005,3374744
1788985002,4,0,2.229,3374744
1788985002,0,0,0.008,3374744
1788985006,4,0,3.844,3374744
1788985006,2,0,0.003,3374744
1788985006,6,0,0.012,3374744
1788985006,3,0,0.033,3374744
1788985008,2,0,1.922,3374744
1788985009,4,0,1.27,3374744
1788985009,6,0,0.006,3374744
1788985017,7,0,7.544,3374744
1788985017,3,0,0.01,3374744
1788985028,5,0,10.634,3374744
1788985028,1,0,0.002,3374744
1788985028,3,0,0.002,3374744
1788985028,6,0,0.006,3374744
1788985028,6,0,0.011,3374744
1788985028,2,0,0.004,3374744
1788985028,3,0,0.052,3374744
1788985030,4,0,1.751,3374744
1788985030,4,0,0.901,3374744
1788985030,6,0,0.007,3374744
1788985030,3,0,0.006,3374744
1788985030,3,0,0.003,3374744
1788985034,5,0,3.401,3374744
1788985034,3,0,0.083,3374744
1788985034,3,0,0.068,3374744
1788985035,4,0,1,3374744
1788985035,0,0,0.01,3374744
1788985044,7,0,9.433,3374744
1788985044,3,0,0.012,3374744
1788985044,6,0,0.011,3374744
1788985044,0,0,0.005,3374744
1788985044,1,0,0.001,3374744
1788985047,2,0,2.861,3374744
1788985047,3,0,0.008,3374744
1788985050,4,0,2.448,3374744
1788985050,6,0,0.007,3374744
1788985051,2,0,1.031,3374744
1788985051,2,0,0.004,3374744
1788985051,3,0,0.049,3374744
1788985051,0,0,0.012,3374744
1788985051,6,0,0.006,3374744
1788985052,4,0,0.957,3374744
1788985053,4,0,1.059,3374744
1788985054,4,0,0.832,3374744
1788985054,0,0,0.017,3374744
1788985055,4,0,1.12,3374744
1788985056,4,0,1.027,3374744
1788985056,3,0,0.057,3374744
1788985056,3,0,0.051,3374744
1788985056,0,0,0.005,3374744
1788985058,4,0,1.668,3374744
1788985058,3,0,0.07,3374744
1788985059,4,0,1.477,3374744
1788985059,3,0,0.03,3374744
1788985059,0,0,0.013,3374744
1788985059,0,0,0.004,3374744
1788985059,3,0,0.028,3374744
1788985059,2,0,0.002,3374744
1788985061,2,0,1.27,3374744
1788985061,3,0,0.032,3374744
1788985061,0,0,0.009,3374744
1788985061,1,0,0.001,3374744
1788985061,1,0,0.001,3374744
1788985061,0,0,0.008,3374744
1788985061,3,0,0.04,3374744
1788985061,0,0,0.011,3374744
1788985061,0,0,0.005,3374744
1788985062,2,0,1.141,3374744
1788985064,2,0,1.892,3374744
1788985066,4,0,2.566,3374744
1788985066,3,0,0.005,3374744
1788985066,0,0,0.015,3374744
1788985068,4,0,1.515,3374744
1788985068,3,0,0.008,3374744
1788985069,4,0,1.161,3374744
1788985069,6,0,0.01,3374744
1788985069,1,0,0.001,3374744
1788985069,0,0,0.011,3374744
1788985078,5,0,9.392,3374744
1788985078,0,0,0.013,3374744
1788985079,3,0,0.098,3374744
1788985080,5,0,1.506,3374744
1788985081,2,0,1.302,3374744
1788985082,5,0,1.006,3374744
1788985083,4,0,0.639,3374744
1788985083,3,0,0.009,3374744
1788985083,1,0,0.001,3374744
1788985083,6,0,0.006,3374744
1788985086,4,0,2.836,3374744
1788985086,6,0,0.006,3374744
1788985086,3,0,0.047,3374744
1788985087,4,0,1.34,3374744
1788985087,1,0,0.001,3374744
1788985087,3,0,0.004,3374744
1788985088,2,0,1.057,3374744
1788985088,1,0,0.001,3374744
1788985088,3,0,0.083,3374744
1788985089,2,0,1.03,3374744
1788985089,3,0,0.045,3374744
1788985090,2,0,0.735,3374744
1788985090,6,0,0.008,3374744
1788985091,4,0,0.776,3374744
1788985091,3,0,0.008,3374744
1788985091,6,0,0.007,3374744
1788985093,2,0,2.223,3374744
1788985093,0,0,0.009,3374744
1788985093,3,0,0.051,3374744
1788985095,4,0,2.229,3374744
1788985096,4,0,0.494,3374744
1788985096,3,0,0.064,3374744
1788985096,2,0,0.002,3374744
1788985096,0,0,0.007,3374744
1788985096,0,0,0.006,3374744
1788985096,0,0,0.014,3374744
1788985096,5,0,0.125,3374744
1788985097,2,0,0.913,3374744
1788985097,3,0,0.031,3374744
1788985097,3,0,0.004,3374744
1788985098,7,0,1.205,3374744
1788985101,4,0,2.948,3374744
1788985103,4,0,1.242,3374744
1788985103,0,0,0.015,3374744
1788985111,5,0,8.927,3374744
1788985112,3,0,0.042,3374744
1788985112,4,0,0.778,3374744
1788985112,0,0,0.016,3374744
1788985115,4,0,2.311,3374744
1788985115,0,0,0.011,3374744
1788985117,4,0,2.025,3374744
1788985117,6,0,0.004,3374744
1788985117,0,0,0.006,3374744
1788985117,3,0,0.011,3374744
1788985117,2,0,0.002,3374744
1788985118,4,0,1.081,3374744
1788985118,3,0,0.01,3374744
1788985121,5,0,3.276,3374744
1788985121,1,0,0.002,3374744
1788985130,7,0,8.973,3374744
1788985130,6,0,0.01,3374744
1788985130,0,0,0.011,3374744
1788985130,6,0,0.006,3374744
1788985131,4,0,1.174,3374744
1788985131,0,0,0.02,3374744
1788985131,3,0,0.078,3374744
1788985131,1,0,0.001,3374744
1788985131,3,0,0.004,3374744
1788985131,3,0,0.006,3374744
1788985131,1,0,0.001,3374744
1788985133,5,0,1.208,3374744
1788985133,6,0,0.009,3374744
1788985133,2,0,0.002,3374744
1788985133,0,0,0.007,3374744
1788985134,2,0,1.247,3374744
1788985134,0,0,0.012,3374744
1788985136,4,0,1.837,3374744
1788985136,3,0,0.01,3374744
1788985136,6,0,0.006,3374744
1788985137,2,0,1.559,3374744
1788985137,3,0,0.009,3374744
1788985139,5,0,1.326,3374744
1788985139,6,0,0.008,3374744
1788985139,3,0,0.04,3374744
1788985139,0,0,0.006,3374744
1788985141,2,0,2.092,3374744
1788985141,6,0,0.008,3374744
1788985141,3,0,0.065,3374744
1788985141,2,0,0.003,3374744
1788985142,2,0,1.051,3374744
1788985142,3,0,0.007,3374744
1788985142,3,0,0.01,3374744
1788985143,4,0,0.89,3374744
1788985144,4,0,1.478,3374744
1788985147,2,0,2.79,3374744
1788985148,4,0,0.763,3374744
1788985148,6,0,0.005,3374744
1788985149,4,0,0.978,3374744
1788985150,4,0,1.466,3374744
1788985152,4,0,1.408,3374744
1788985153,2,0,0.978,3374744
1788985154,2,0,1.547,3374744
1788985154,0,0,0.008,3374744
1788985156,4,0,1.413,3374744
1788985157,4,0,0.994,3374744
1788985157,5,0,0.116,3374744
1788985165,5,0,8.103,3374744
1788985165,0,0,0.011,3374744
1788985165,3,0,0.006,3374744
1788985166,2,0,1.531,3374744
1788985166,1,0,0.001,3374744
1788985166,3,0,0.043,3374744
1788985168,4,0,1.213,3374744
1788985168,0,0,0.011,3374744
1788985172,5,0,3.923,3374744
1788985173,4,0,1.438,3374744
1788985173,0,0,0.01,3374744
1788985174,4,0,1.361,3374744
1788985176,4,0,1.619,3374744
1788985176,6,0,0.008,3374744
1788985176,3,0,0.057,3374744
1788985177,4,0,1.446,3374744
1788985177,6,0,0.007,3374744
1788985179,5,0,1.761,3374744
1788985179,3,0,0.084,3374744
1788985179,6,0,0.012,3374744
1788985179,0,0,0.016,3374744
1788985179,3,0,0.09,3374744
1788985179,3,0,0.039,3374744
1788985179,3,0,0.003,3374744
1788985180,3,0,0.027,3374744
1788985180,2,0,0.003,3374744
1788985180,3,0,0.005,3374744
1788985180,6,0,0.005,3374744
1788985180,3,0,0.036,3374744
1788985180,1,0,0.001,3374744
1788985180,2,0,0.004,3374744
1788985180,1,0,0,3374744
1788985180,1,0,0,3374744
1788985183,5,0,3.552,3374744
1788985183,0,0,0.009,3374744
1788985183,6,0,0.008,3374744
1788985187,5,0,3.65,3374744
1788985188,4,0,1.439,3374744
1788985188,0,0,0.011,3374744
1788985188,3,0,0.077,3374744
1788985190,2,0,1.896,3374744
1788985192,5,0,2.037,3374744
1788985202,7,0,10.15,3374744
1788985205,7,0,2.386,3374744
1788985205,0,0,0.015,3374744
1788985205,2,0,0.003,3374744
1788985205,7,0,0.174,3374744
1788985205,3,0,0.065,3374744
1788985205,0,0,0.005,3374744
1788985205,6,0,0.007,3374744
1788985205,1,0,0.001,3374744
1788985205,0,0,0.004,3374744
1788985206,4,0,1.259,3374744
1788985206,3,0,0.046,3374744
1788985207,2,0,0.886,3374744
1788985207,0,0,0.011,3374744
1788985209,4,0,1.432,3374744
1788985211,4,0,2.365,3374744
1788985211,6,0,0.007,3374744
1788985212,4,0,0.743,3374744
1788985213,2,0,0.944,3374744
1788985215,4,0,2.341,3374744
1788985217,7,0,1.576,3374744
1788985228,5,0,11.224,3374744
1788985228,3,0,0.062,3374744
1788985230,5,0,1.722,3374744
1788985230,0,0,0.007,3374744
1788985240,7,0,9.919,3374744
1788985240,1,0,0.001,3374744
1788985240,3,0,0.056,3374744
1788985240,3,0,0.006,3374744
1788985240,3,0,0.067,3374744
1788985240,1,0,0.001,3374744
1788985240,6,0,0.006,3374744
1788985241,2,0,1.114,3374744
1788985254,5,0,13.169,3374744
1788985254,3,0,0.037,3374744
1788985254,3,0,0.068,3374744
1788985254,0,0,0.008,3374744
1788985255,4,0,0.702,3374744
1788985258,4,0,3.476,3374744
1788985260,4,0,1.422,3374744
1788985263,5,0,3.201,3374744
1788985263,5,0,0.118,3374744
1788985264,2,0,0.63,3374744
1788985264,3,0,0.045,3374744
1788985265,4,0,1.451,3374744
1788985265,0,0,0.008,3374744
1788985267,2,0,1.9,3374744
1788985267,6,0,0.004,3374744
1788985279,5,0,11.49,3374744
1788985279,0,0,0.009,3374744
1788985279,3,0,0.063,3374744
1788985279,3,0,0.063,3374744
1788985279,1,0,0.001,3374744
1788985279,3,0,0.011,3374744
1788985280,4,0,1.241,3374744
1788985281,4,0,1.355,3374744
1788985283,4,0,1.549,3374744
1788985283,1,0,0.002,3374744
1788985283,6,0,0.005,3374744
1788985283,6,0,0.008,3374744
1788985283,1,0,0.001,3374744
1788985283,0,0,0.007,3374744
1788985283,3,0,0.095,3374744
1788985283,0,0,0.005,3374744
1788985284,2,0,1.445,3374744
1788985284,2,0,0.002,3374744
1788985286,5,0,1.306,3374744
1788985289,5,0,2.929,3374744
1788985289,0,0,0.007,3374744
1788985290,4,0,1.631,3374744
1788985290,0,0,0.013,3374744
1788985292,2,0,1.57,3374744
1788985293,2,0,0.772,3374744
1788985293,0,0,0.014,3374744
1788985293,0,0,0.008,3374744
1788985297,2,0,4.102,3374744
1788985297,2,0,0.003,3374744
1788985297,2,0,0.002,3374744
1788985297,3,0,0.078,3374744
1788985297,6,0,0.007,3374744
1788985300,5,0,3.273,3374744
1788985300,2,0,0.002,3374744
1788985302,2,0,1.676,3374744
1788985302,3,0,0.059,3374744
1788985302,5,0,0.141,3374744
1788985302,0,0,0.009,3374744
1788985302,3,0,0.077,3374744
1788985304,2,0,1.636,3374744
1788985304,6,0,0.007,3374744
1788985304,3,0,0.048,3374744
1788985304,0,0,0.006,3374744
1788985304,0,0,0.008,3374744
1788985305,5,0,1.364,3374744
1788985308,5,0,2.489,3374744
1788985308,3,0,0.011,3374744
1788985309,4,0,1,3374744
1788985309,3,0,0.056,3374744
1788985309,3,0,0.105,3374744
1788985309,0,0,0.012,3374744
1788985309,1,0,0.001,3374744
1788985311,4,0,2.158,3374744
1788985311,3,0,0.089,3374744
1788985311,0,0,0.007,3374744
1788985312,2,0,0.879,3374744
1788985313,4,0,1.054,3374744
1788985315,4,0,1.861,3374744
1788985316,5,0,1.006,3374744
1788985316,3,0,0.073,3374744
1788985316,2,0,0.003,3374744
1788985317,4,0,0.784,3374744
1788985317,0,0,0.016,3374744
1788985318,2,0,0.701,3374744
1788985318,5,0,0.86,3374744
1788985323,4,0,4.258,3374744
1788985323,1,0,0.001,3374744
1788985325,4,0,2.335,3374744
1788985325,6,0,0.008,3374744
1788985326,2,0,1.077,3374744
1788985326,2,0,0.003,3374744
1788985326,3,0,0.077,3374744
1788985327,4,0,1.262,3374744
1788985327,6,0,0.005,3374744
1788985327,0,0,0.006,3374744
1788985327,0,0,0.011,3374744
1788985328,7,0,0.175,3374744
1788985328,3,0,0.055,3374744
1788985328,6,0,0.008,3374744
1788985328,3,0,0.048,3374744
1788985328,6,0,0.007,3374744
1788985328,3,0,0.085,3374744
1788985328,3,0,0.07,3374744
1788985328,3,0,0.061,3374744
1788985329,5,0,1.354,3374744
1788985331,4,0,1.249,3374744
1788985332,4,0,1.637,3374744
1788985334,2,0,1.781,3374744
1788985334,6,0,0.005,3374744
1788985334,3,0,0.004,3374744
1788985334,3,0,0.02,3374744
1788985334,0,0,0.015,3374744
1788985335,4,0,1.155,3374744
1788985335,0,0,0.012,3374744
1788985335,0,0,0.015,3374744
1788985336,4,0,1.058,3374744
1788985336,0,0,0.007,3374744
1788985336,5,0,0.125,3374744
1788985336,3,0,0.073,3374744
1788985336,6,0,0.01,3374744
1788985337,3,0,0.055,3374744
1788985338,4,0,1.386,3374744
1788985339,4,0,0.829,3374744
1788985341,4,0,1.783,3374744
1788985341,0,0,0.009,3374744
1788985341,4,0,0.817,3374744
1788985342,4,0,1.05,3374744
1788985342,6,0,0.01,3374744
1788985344,2,0,1.838,3374744
1788985345,7,0,0.763,3374744
1788985345,1,0,0.002,3374744
1788985345,2,0,0.003,3374744
1788985345,0,0,0.009,3374744
1788985345,0,0,0.009,3374744
1788985345,2,0,0.003,3374744
1788985347,4,0,1.512,3374744
1788985357,7,0,10.53,3374744
1788985357,3,0,0.011,3374744
1788985357,0,0,0.011,3374744
1788985357,6,0,0.008,3374744
1788985357,0,0,0.013,3374744
1788985357,2,0,0.003,3374744
1788985357,2,0,0.002,3374744
1788985357,3,0,0.006,3374744
1788985357,0,0,0.011,3374744
1788985357,3,0,0.005,3374744
1788985358,4,0,1.008,3374744
1788985358,6,0,0.007,3374744
1788985358,0,0,0.004,3374744
1788985358,1,0,0.001,3374744
1788985360,2,0,1.483,3374744
1788985363,5,0,2.872,3374744
1788985363,3,0,0.007,3374744
1788985364,2,0,1.086,3374744
1788985364,0,0,0.006,3374744
1788985364,1,0,0.001,3374744
1788985364,6,0,0.007,3374744
1788985364,0,0,0.016,3374744
1788985364,4,0,0.682,3374744
1788985366,4,0,1.186,3374744
1788985367,2,0,1.819,3374744
1788985367,2,0,0.002,3374744
1788985367,3,0,0.003,3374744
1788985369,5,0,1.96,3374744
1788985370,5,0,1.159,3374744
1788985372,4,0,1.442,3374744
1788985374,4,0,2.188,3374744
1788985374,3,0,0.009,3374744
1788985374,0,0,0.013,3374744
1788985374,6,0,0.009,3374744
1788985374,3,0,0.052,3374744
1788985374,3,0,0.057,3374744
1788985384,5,0,9.404,3374744
1788985384,0,0,0.012,3374744
1788985384,1,0,0.001,3374744
1788985385,4,0,1.35,3374744
1788985385,3,0,0.004,3374744
1788985387,2,0,2.438,3374744
1788985389,4,0,1.098,3374744
1788985390,4,0,1.866,3374744
1788985391,4,0,1.052,3374744
1788985391,6,0,0.009,3374744
1788985393,4,0,1.403,3374744
1788985393,0,0,0.017,3374744
1788985395,4,0,2.297,3374744
1788985395,0,0,0.017,3374744
1788985395,0,0,0.007,3374744
1788985395,3,0,0.01,3374744
1788985396,5,0,1.224,3374744
1788985398,5,0,1.32,3374744
1788985398,3,0,0.055,3374744
1788985398,1,0,0.001,3374744
1788985398,0,0,0.013,3374744
1788985399,4,0,1.275,3374744
1788985400,4,0,1.065,3374744
1788985400,3,0,0.085,3374744
1788985402,2,0,1.265,3374744
1788985402,0,0,0.01,3374744
1788985403,4,0,1.597,3374744
1788985412,5,0,9.099,3374744
1788985412,6,0,0.008,3374744
1788985414,4,0,1.431,3374744
1788985415,4,0,1.369,3374744
1788985416,4,0,1.47,3374744
1788985417,4,0,0.928,3374744
1788985417,0,0,0.011,3374744
1788985417,6,0,0.006,3374744
1788985418,3,0,0.069,3374744
1788985418,6,0,0.009,3374744
1788985418,4,0,0.948,3374744
1788985418,2,0,0.004,3374744
1788985423,4,0,4.374,3374744
1788985433,5,0,9.705,3374744
1788985433,6,0,0.006,3374744
1788985433,6,0,0.006,3374744
1788985433,0,0,0.01,3374744
1788985436,2,0,3.201,3374744
1788985439,4,0,2.973,3374744
1788985439,0,0,0.017,3374744
1788985439,4,0,0.673,3374744
1788985443,2,0,3.93,3374744
1788985445,4,0,1.862,3374744
1788985445,6,0,0.006,3374744
1788985447,2,0,1.834,3374744
1788985447,5,0,0.125,3374744
1788985447,3,0,0.006,3374744
1788985448,4,0,1.236,3374744
1788985448,3,0,0.032,3374744
1788985448,0,0,0.018,3374744
1788985448,1,0,0.001,3374744
1788985448,2,0,0.004,3374744
1788985448,6,0,0.008,3374744
1788985449,3,0,0.078,3374744
1788985449,6,0,0.006,3374744
1788985449,7,0,0.173,3374744
1788985450,2,0,1.396,3374744
1788985460,5,0,10.138,3374744
1788985460,3,0,0.078,3374744
1788985461,4,0,1.02,3374744
1788985462,4,0,1.016,3374744
1788985473,5,0,10.433,3374744
1788985473,3,0,0.053,3374744
1788985473,2,0,0.003,3374744
1788985473,3,0,0.01,3374744
1788985473,0,0,0.006,3374744
1788985473,6,0,0.006,3374744
1788985473,3,0,0.076,3374744
1788985473,1,0,0.002,3374744
1788985474,2,0,0.749,3374744
1788985474,1,0,0.001,3374744
1788985474,6,0,0.006,3374744
1788985474,0,0,0.005,3374744
1788985475,4,0,0.916,3374744
1788985475,3,0,0.065,3374744
1788985475,3,0,0.071,3374744
1788985477,2,0,2.431,3374744
1788985479,4,0,1.683,3374744
1788985479,0,0,0.009,3374744
1788985486,5,0,6.845,3374744
1788985488,4,0,2.596,3374744
1788985488,1,0,0.001,3374744
1788985488,1,0,0.001,3374744
1788985500,5,0,12.008,3374744
1788985504,2,0,4.066,3374744
1788985517,7,0,12.469,3374744
1788985517,0,0,0.007,3374744
1788985518,4,0,1.125,3374744
1788985518,1,0,0.001,3374744
1788985520,4,0,1.539,3374744
1788985520,3,0,0.083,3374744
1788985522,4,0,1.849,3374744
1788985522,4,0,0.82,3374744
1788985523,4,0,0.996,3374744
1788985530,5,0,6.94,3374744
1788985530,0,0,0.009,3374744
1788985532,5,0,2.162,3374744
1788985532,3,0,0.009,3374744
1788985533,3,0,0.089,3374744
1788985533,3,0,0.01,3374744
1788985534,4,0,1.647,3374744
1788985534,0,0,0.016,3374744
1788985534,2,0,0.003,3374744
1788985537,7,0,2.518,3374744
1788985540,4,0,3.014,3374744
1788985541,2,0,1.617,3374744
1788985541,0,0,0.01,3374744
1788985541,2,0,0.003,3374744
1788985541,1,0,0.003,3374744
1788985541,0,0,0.012,3374744
1788985551,5,0,9.319,3374744
1788985552,4,0,1.22,3374744
1788985552,3,0,0.012,3374744
1788985562,5,0,9.966,3374744
1788985562,0,0,0.016,3374744
1788985564,2,0,2.094,3374744
1788985564,5,0,0.125,3374744
1788985566,4,0,1.932,3374744
1788985566,0,0,0.014,3374744
1788985566,1,0,0.002,3374744
1788985566,3,0,0.048,3374744
1788985566,0,0,0.015,3374744
1788985570,2,0,3.541,3374744
1788985570,3,0,0.055,3374744
1788985570,3,0,0.004,3374744
1788985571,2,0,1.306,3374744
1788985571,6,0,0.007,3374744
1788985571,1,0,0.001,3374744
1788985571,2,0,0.003,3374744
1788985571,3,0,0.066,3374744
1788985573,5,0,1.957,3374744
1788985573,0,0,0.008,3374744
1788985573,2,0,0.003,3374744
1788985573,6,0,0.005,3374744
1788985575,4,0,2.218,3374744
1788985575,2,0,0.003,3374744
1788985575,0,0,0.011,3374744
1788985576,4,0,1.037,3374744
1788985576,3,0,0.041,3374744
1788985576,0,0,0.014,3374744
1788985577,5,0,0.127,3374744
1788985577,1,0,0.002,3374744
1788985577,3,0,0.081,3374744
1788985578,4,0,1.423,3374744
1788985578,0,0,0.007,3374744
1788985582,4,0,3.822,3374744
1788985582,3,0,0.007,3374744
1788985585,4,0,2.919,3374744
1788985585,3,0,0.01,3374744
1788985585,2,0,0.004,3374744
1788985587,4,0,2.039,3374744
1788985587,3,0,0.062,3374744
1788985588,5,0,1.121,3374744
1788985588,0,0,0.007,3374744
1788985589,2,0,1.22,3374744
1788985589,3,0,0.006,3374744
1788985589,2,0,0.002,3374744
1788985592,4,0,2.301,3374744
1788985600,7,0,8.293,3374744
1788985601,4,0,1.162,3374744
1788985601,5,0,0.116,3374744
1788985601,0,0,0.011,3374744
1788985602,4,0,1.04,3374744
1788985602,3,0,0.004,3374744
1788985602,6,0,0.005,3374744
1788985604,4,0,1.455,3374744
1788985604,6,0,0.01,3374744
1788985605,4,0,1.443,3374744
1788985613,7,0,8.093,3374744
1788985613,2,0,0.003,3374744
1788985616,4,0,3.179,3374744
1788985616,3,0,0.006,3374744
1788985618,4,0,1.55,3374744
1788985619,4,0,1.004,3374744
1788985620,4,0,1.314,3374744
1788985620,6,0,0.007,3374744
1788985621,2,0,1.096,3374744
1788985621,3,0,0.067,3374744
1788985621,3,0,0.011,3374744
1788985633,5,0,11.211,3374744
1788985643,5,0,10.605,3374744
1788985644,5,0,0.87,3374744
1788985644,3,0,0.062,3374744
1788985647,2,0,3.039,3374744
1788985648,4,0,0.981,3374744
1788985648,3,0,0.005,3374744
1788985648,3,0,0.068,3374744
1788985648,6,0,0.005,3374744
1788985648,3,0,0.009,3374744
1788985648,3,0,0.063,3374744
1788985648,6,0,0.006,3374744
1788985648,6,0,0.008,3374744
1788985653,4,0,4.624,3374744
1788985653,3,0,0.009,3374744
1788985655,4,0,1.835,3374744
1788985655,2,0,0.004,3374744
1788985655,6,0,0.007,3374744
1788985655,0,0,0.005,3374744
1788985655,3,0,0.063,3374744
1788985655,1,0,0.002,3374744
1788985655,3,0,0.053,3374744
1788985655,3,0,0.009,3374744
1788985657,2,0,2.248,3374744
1788985657,1,0,0,3374744
1788985657,3,0,0.074,3374744
1788985657,0,0,0.012,3374744
1788985659,4,0,1.28,3374744
1788985659,1,0,0.001,3374744
1788985660,4,0,1.641,3374744
1788985660,5,0,0.12,3374744
1788985660,0,0,0.004,3374744
1788985662,4,0,1.903,3374744
1788985662,6,0,0.006,3374744
1788985662,2,0,0.002,3374744
1788985663,4,0,0.851,3374744
1788985663,3,0,0.067,3374744
1788985665,2,0,2.136,3374744
1788985666,2,0,0.832,3374744
1788985667,4,0,0.961,3374744
1788985667,3,0,0.078,3374744
1788985667,3,0,0.011,3374744
1788985667,0,0,0.01,3374744
1788985669,4,0,2.16,3374744
1788985669,3,0,0.075,3374744
1788985671,2,0,1.201,3374744
1788985671,6,0,0.007,3374744
1788985671,0,0,0.016,3374744
1788985671,0,0,0.012,3374744
1788985674,4,0,2.984,3374744
1788985675,4,0,1.13,3374744
1788985675,3,0,0.067,3374744
1788985676,4,0,1.293,3374744
1788985676,6,0,0.009,3374744
1788985678,4,0,2.172,3374744
1788985680,4,0,1.702,3374744
1788985680,3,0,0.077,3374744
1788985680,6,0,0.01,3374744
1788985682,5,0,1.874,3374744
1788985682,3,0,0.033,3374744
1788985684,2,0,1.621,3374744
1788985685,2,0,1.41,3374744
1788985685,3,0,0.062,3374744
1788985685,1,0,0.001,3374744
1788985685,3,0,0.007,3374744
1788985685,3,0,0.005,3374744
1788985685,5,0,0.126,3374744
1788985687,4,0,1.827,3374744
1788985687,3,0,0.043,3374744
1788985687,3,0,0.061,3374744
1788985689,4,0,1.992,3374744
1788985689,2,0,0.003,3374744
1788985690,4,0,1.042,3374744
1788985691,4,0,1.03,3374744
1788985693,4,0,1.242,3374744
1788985693,5,0,0.125,3374744
1788985693,3,0,0.005,3374744
1788985693,1,0,0.001,3374744
1788985693,6,0,0.009,3374744
1788985693,6,0,0.009,3374744
1788985694,2,0,1.244,3374744
1788985694,0,0,0.011,3374744
1788985694,0,0,0.015,3374744
1788985694,0,0,0.008,3374744
1788985694,1,0,0.001,3374744
1788985694,0,0,0.015,3374744
1788985695,2,0,1.402,3374744
1788985699,4,0,3.997,3374744
1788985699,0,0,0.009,3374744
1788985699,0,0,0.004,3374744
1788985699,6,0,0.005,3374744
1788985699,0,0,0.007,3374744
1788985699,3,0,0.006,3374744
1788985699,2,0,0.005,3374744
1788985701,4,0,1.944,3374744
1788985703,4,0,1.622,3374744
1788985706,2,0,2.893,3374744
1788985706,6,0,0.006,3374744
1788985710,4,0,4.033,3374744
1788985710,3,0,0.031,3374744
1788985710,0,0,0.012,3374744
1788985710,0,0,0.013,3374744
1788985711,2,0,1.279,3374744
1788985722,5,0,11.079,3374744
1788985726,2,0,3.68,3374744
1788985726,2,0,0.004,3374744
1788985727,4,0,1.398,3374744
1788985727,6,0,0.008,3374744
1788985739,7,0,11.531,3374744
1788985739,6,0,0.007,3374744
1788985740,4,0,1.01,3374744
1788985740,3,0,0.075,3374744
1788985743,4,0,2.625,3374744
1788985743,2,0,0.003,3374744
1788985743,3,0,0.058,3374744
1788985743,4,0,0.629,3374744
1788985745,4,0,1.696,3374744
1788985745,3,0,0.079,3374744
1788985746,4,0,1.073,3374744
1788985748,4,0,2.1,3374744
1788985757,5,0,8.539,3374744
1788985757,6,0,0.007,3374744
1788985758,4,0,1.025,3374744
1788985758,3,0,0.046,3374744
1788985758,3,0,0.058,3374744
1788985758,0,0,0.007,3374744
1788985758,2,0,0.003,3374744
1788985758,0,0,0.018,3374744
1788985758,0,0,0.01,3374744
1788985758,0,0,0.015,3374744
1788985758,3,0,0.009,3374744
1788985758,3,0,0.055,3374744
1788985758,3,0,0.01,3374744
1788985758,7,0,0.182,3374744
1788985758,3,0,0.008,3374744
1788985758,6,0,0.009,3374744
1788985758,3,0,0.076,3374744
1788985758,0,0,0.01,3374744
1788985761,4,0,2.338,3374744
1788985762,4,0,1.251,3374744
1788985762,5,0,0.126,3374744
1788985764,4,0,2.279,3374744
1788985766,4,0,2.06,3374744
1788985766,0,0,0.018,3374744
1788985767,3,0,0.045,3374744
1788985768,4,0,1.877,3374744
1788985768,1,0,0.002,3374744
1788985770,4,0,1.404,3374744
1788985770,2,0,0.002,3374744
1788985771,5,0,1.677,3374744
1788985771,2,0,0,3374744
1788985771,6,0,0.007,3374744
1788985772,0,0,0.013,3374744
1788985772,3,0,0.041,3374744
1788985773,4,0,1.348,3374744
1788985773,6,0,0.008,3374744
1788985774,4,0,0.896,3374744
1788985774,3,0,0.004,3374744
1788985774,0,0,0.015,3374744
1788985775,4,0,1.254,3374744
1788985776,4,0,0.986,3374744
1788985776,6,0,0.009,3374744
1788985777,4,0,1.227,3374744
1788985777,1,0,0.001,3374744
1788985777,0,0,0.016,3374744
1788985777,6,0,0.011,3374744
1788985777,3,0,0.057,3374744
1788985778,5,0,0.125,3374744
1788985778,3,0,0.088,3374744
1788985778,1,0,0.001,3374744
1788985778,3,0,0.007,3374744
1788985779,4,0,1.34,3374744
1788985781,4,0,2.282,3374744
1788985781,3,0,0.064,3374744
1788985781,3,0,0.062,3374744
1788985781,6,0,0.006,3374744
1788985781,6,0,0.009,3374744
1788985781,6,0,0.005,3374744
1788985781,2,0,0.002,3374744
1788985781,1,0,0,3374744
1788985782,4,0,0.98,3374744
1788985782,0,0,0.008,3374744
1788985786,4,0,3.951,3374744
1788985786,6,0,0.009,3374744
1788985786,1,0,0.001,3374744
1788985786,0,0,0.004,3374744
1788985786,6,0,0.009,3374744
1788985786,3,0,0.033,3374744
1788985790,4,0,3.256,3374744
1788985790,5,0,0.125,3374744
1788985790,0,0,0.008,3374744
1788985790,5,0,0.119,3374744
1788985790,3,0,0.005,3374744
1788985790,6,0,0.009,3374744
1788985790,3,0,0.039,3374744
1788985792,2,0,1.616,3374744
1788985792,7,0,0.176,3374744
1788985792,6,0,0.005,3374744
1788985792,3,0,0.006,3374744
1788985793,5,0,1.139,3374744
1788985793,0,0,0.004,3374744
1788985794,4,0,1.347,3374744
1788985794,2,0,0.004,3374744
1788985804,7,0,10.168,3374744
1788985804,3,0,0.009,3374744
1788985804,0,0,0.01,3374744
1788985804,2,0,0.003,3374744
1788985806,4,0,1.302,3374744
1788985808,2,0,1.909,3374744
1788985808,2,0,0.002,3374744
1788985809,4,0,1.018,3374744
1788985809,3,0,0.049,3374744
1788985809,6,0,0.007,3374744
1788985809,2,0,0.002,3374744
1788985810,4,0,1.189,3374744
1788985810,6,0,0.004,3374744
1788985811,4,0,0.952,3374744
1788985811,6,0,0.008,3374744
1788985824,7,0,13.265,3374744
1788985824,3,0,0.031,3374744
1788985824,0,0,0.012,3374744
1788985824,2,0,0.003,3374744
1788985827,4,0,2.701,3374744
1788985827,1,0,0.002,3374744
1788985827,0,0,0.01,3374744
1788985827,6,0,0.008,3374744
1788985827,3,0,0.007,3374744
1788985828,4,0,0.931,3374744
1788985829,5,0,1.358,3374744
1788985830,4,0,0.973,3374744
1788985831,4,0,1.177,3374744
1788985831,3,0,0.074,3374744
1788985831,0,0,0.011,3374744
1788985832,4,0,0.831,3374744
1788985832,3,0,0.009,3374744
1788985832,2,0,0.002,3374744
1788985832,1,0,0.002,3374744
1788985832,0,0,0.012,3374744
1788985834,4,0,1.292,3374744
1788985834,0,0,0.014,3374744
1788985834,3,0,0.061,3374744
1788985834,3,0,0.078,3374744
1788985834,0,0,0.007,3374744
1788985834,0,0,0.008,3374744
1788985834,1,0,0.002,3374744
1788985834,6,0,0.008,3374744
1788985835,4,0,1.079,3374744
1788985835,0,0,0.005,3374744
1788985835,2,0,0.002,3374744
1788985838,7,0,3.593,3374744
1788985840,2,0,1.571,3374744
1788985844,4,0,4.102,3374744
1788985844,0,0,0.007,3374744
1788985844,0,0,0.006,3374744
1788985846,4,0,2.137,3374744
1788985846,3,0,0.05,3374744
1788985846,2,0,0.001,3374744
1788985848,7,0,1.454,3374744
1788985848,3,0,0.037,3374744
1788985848,0,0,0.005,3374744
1788985848,6,0,0.005,3374744
1788985848,1,0,0.001,3374744
1788985848,6,0,0.007,3374744
1788985848,0,0,0.005,3374744
1788985848,0,0,0.01,3374744
1788985849,4,0,1.433,3374744
1788985849,5,0,0.11,3374744
1788985851,4,0,1.827,3374744
1788985853,4,0,1.367,3374744
1788985853,3,0,0.075,3374744
1788985853,0,0,0.011,3374744
1788985853,6,0,0.007,3374744
1788985853,6,0,0.008,3374744
1788985853,0,0,0.018,3374744
1788985855,4,0,2.112,3374744
1788985855,2,0,0.002,3374744
1788985856,4,0,1.532,3374744
1788985859,2,0,2.226,3374744
1788985859,3,0,0.075,3374744
1788985868,5,0,9.241,3374744
1788985870,2,0,1.743,3374744
1788985870,0,0,0.01,3374744
1788985870,1,0,0.001,3374744
1788985871,4,0,1.618,3374744
1788985872,4,0,1.14,3374744
1788985872,3,0,0.006,3374744
1788985872,6,0,0.007,3374744
1788985873,7,0,0.169,3374744
1788985873,0,0,0.012,3374744
1788985873,3,0,0.103,3374744
1788985873,3,0,0.046,3374744
1788985875,5,0,2.039,3374744
1788985876,4,0,1.626,3374744
1788985877,5,0,0.12,3374744
1788985877,1,0,0.002,3374744
1788985887,7,0,10.681,3374744
1788985887,0,0,0.012,3374744
1788985887,1,0,0.002,3374744
1788985887,5,0,0.121,3374744
1788985887,0,0,0.009,3374744
1788985887,6,0,0.005,3374744
1788985887,5,0,0.122,3374744
1788985887,6,0,0.007,3374744
1788985888,3,0,0.066,3374744
1788985890,7,0,2.078,3374744
1788985897,5,0,7.475,3374744
1788985897,1,0,0.001,3374744
1788985897,2,0,0.002,3374744
1788985897,0,0,0.015,3374744
1788985898,5,0,1.227,3374744
1788985898,3,0,0.008,3374744
1788985898,0,0,0.01,3374744
1788985898,3,0,0.127,3374744
1788985900,5,0,1.85,3374744
1788985902,5,0,1.482,3374744
1788985902,3,0,0.007,3374744
1788985902,3,0,0.013,3374744
1788985902,2,0,0.001,3374744
1788985902,0,0,0.011,3374744
1788985903,2,0,0.802,3374744
1788985904,2,0,1.569,3374744
1788985905,5,0,1.253,3374744
1788985907,4,0,1.327,3374744
1788985916,5,0,9.346,3374744
1788985916,2,0,0.002,3374744
1788985916,1,0,0.001,3374744
1788985918,5,0,1.927,3374744
1788985921,2,0,3.394,3374744
1788985931,5,0,9.577,3374744
1788985932,4,0,0.972,3374744
1788985932,1,0,0.001,3374744
1788985932,3,0,0.017,3374744
1788985932,6,0,0.01,3374744
1788985934,4,0,1.884,3374744
1788985934,0,0,0.015,3374744
1788985935,4,0,0.691,3374744
1788985935,0,0,0.013,3374744
1788985935,0,0,0.007,3374744
1788985936,4,0,1.597,3374744
1788985936,1,0,0.001,3374744
1788985936,6,0,0.009,3374744
1788985938,4,0,1.471,3374744
1788985938,6,0,0.006,3374744
1788985938,0,0,0.017,3374744
1788985939,4,0,1.531,3374744
1788985939,2,0,0.004,3374744
1788985941,2,0,1.341,3374744
1788985941,3,0,0.077,3374744
1788985941,3,0,0.007,3374744
1788985943,2,0,2.055,3374744
1788985943,2,0,0.003,3374744
1788985944,2,0,0.988,3374744
1788985945,4,0,0.839,3374744
1788985945,2,0,0.807,3374744
1788985947,2,0,1.514,3374744
1788985947,0,0,0.005,3374744
1788985947,0,0,0.009,3374744
1788985949,2,0,1.907,3374744
1788985951,4,0,1.661,3374744
1788985951,1,0,0.002,3374744
1788985951,0,0,0.01,3374744
1788985952,4,0,1.446,3374744
1788985952,3,0,0.006,3374744
1788985952,5,0,0.12,3374744
1788985952,3,0,0.053,3374744
1788985952,3,0,0.013,3374744
1788985952,0,0,0.011,3374744
1788985952,0,0,0.006,3374744
1788985952,0,0,0.009,3374744
1788985952,0,0,0.012,3374744
1788985953,4,0,0.794,3374744
1788985953,3,0,0.016,3374744
1788985953,3,0,0.01,3374744
1788985953,6,0,0.01,3374744
1788985954,4,0,0.928,3374744
1788985954,5,0,0.125,3374744
1788985954,6,0,0.006,3374744
1788985954,2,0,0.001,3374744
1788985954,3,0,0.004,3374744
1788985955,2,0,0.875,3374744
1788985955,3,0,0.069,3374744
1788985955,3,0,0.004,3374744
1788985955,0,0,0.008,3374744
1788985955,0,0,0.014,3374744
1788985955,6,0,0.007,3374744
1788985956,5,0,1.148,3374744
1788985957,2,0,1.204,3374744
1788985959,2,0,1.53,3374744
1788985959,3,0,0.017,3374744
1788985959,0,0,0.013,3374744
1788985959,5,0,0.115,3374744
1788985959,6,0,0.006,3374744
1788985959,0,0,0.007,3374744
1788985959,3,0,0.04,3374744
1788985959,1,0,0.001,3374744
1788985959,0,0,0.006,3374744
1788985959,1,0,0.001,3374744
1788985961,2,0,1.949,3374744
1788985961,0,0,0.011,3374744
1788985972,5,0,11.059,3374744
1788985972,6,0,0.009,3374744
1788985973,4,0,1.171,3374744
1788985973,0,0,0.007,3374744
1788985978,4,0,4.526,3374744
1788985979,4,0,1.434,3374744
1788985979,1,0,0.001,3374744
1788985979,1,0,0.001,3374744
1788985981,4,0,1.353,3374744
1788985981,6,0,0.009,3374744
1788985981,4,0,0.761,3374744
1788985981,6,0,0.006,3374744
1788985981,0,0,0.017,3374744
1788985981,6,0,0.007,3374744
1788985983,2,0,1.513,3374744
1788985983,6,0,0.008,3374744
1788985984,4,0,1.223,3374744
1788985984,0,0,0.009,3374744
1788985984,1,0,0.001,3374744
1788985986,4,0,1.788,3374744
1788985986,2,0,0.003,3374744
1788985995,5,0,8.724,3374744
1788985995,0,0,0.006,3374744
1788985995,0,0,0.017,3374744
1788985995,3,0,0.033,3374744
1788985995,3,0,0.057,3374744
1788985996,4,0,1.356,3374744
1788985996,3,0,0.056,3374744
1788985996,3,0,0.036,3374744
1788985998,4,0,1.386,3374744
1788985998,0,0,0.004,3374744
1788986000,4,0,1.994,3374744
1788986000,0,0,0.011,3374744
1788986000,3,0,0.032,3374744
1788986001,2,0,1.067,3374744
1788986001,1,0,0.001,3374744
1788986001,0,0,0.006,3374744
1788986001,3,0,0.049,3374744
1788986001,0,0,0.017,3374744
1788986001,3,0,0.058,3374744
1788986001,0,0,0.011,3374744
1788986002,2,0,1.519,3374744
1788986002,6,0,0.007,3374744
1788986002,3,0,0.008,3374744
1788986003,3,0,0.052,3374744
1788986003,3,0,0.064,3374744
1788986004,4,0,1.645,3374744
1788986004,1,0,0.002,3374744
1788986004,1,0,0,3374744
1788986004,2,0,0.002,3374744
1788986004,3,0,0.004,3374744
1788986004,6,0,0.007,3374744
1788986004,0,0,0.007,3374744
1788986006,4,0,1.347,3374744
1788986006,3,0,0.07,3374744
1788986008,4,0,2.058,3374744
1788986008,0,0,0.008,3374744
1788986008,6,0,0.007,3374744
1788986008,3,0,0.041,3374744
1788986009,4,0,1.346,3374744
1788986009,3,0,0.028,3374744
1788986009,1,0,0.001,3374744
1788986011,4,0,1.338,3374744
1788986011,3,0,0.004,3374744
1788986014,4,0,3.595,3374744
1788986014,6,0,0.01,3374744
1788986017,4,0,3.11,3374744
1788986018,4,0,0.847,3374744
1788986019,4,0,0.946,3374744
1788986020,4,0,1.156,3374744
1788986020,3,0,0.093,3374744
1788986020,6,0,0.009,3374744
1788986020,6,0,0.007,3374744
1788986022,5,0,2.045,3374744
1788986022,2,0,0.002,3374744
1788986022,6,0,0.007,3374744
1788986022,5,0,0.121,3374744
1788986023,3,0,0.082,3374744
1788986023,6,0,0.006,3374744
1788986024,4,0,1.351,3374744
1788986024,3,0,0.035,3374744
1788986024,1,0,0.001,3374744
1788986025,4,0,1.485,3374744
1788986027,5,0,1.548,3374744
1788986028,2,0,1.131,3374744
1788986028,2,0,0.002,3374744
1788986028,3,0,0.062,3374744
1788986028,3,0,0.07,3374744
1788986038,5,0,9.488,3374744
1788986038,6,0,0.006,3374744
1788986047,5,0,9.489,3374744
1788986047,6,0,0.011,3374744
1788986047,0,0,0.009,3374744
1788986047,2,0,0.002,3374744
1788986049,4,0,2.216,3374744
1788986051,4,0,1.929,3374744
1788986051,2,0,0.003,3374744
1788986051,3,0,0.075,3374744
1788986051,0,0,0.01,3374744
1788986054,4,0,2.828,3374744
1788986054,3,0,0.048,3374744
1788986054,6,0,0.008,3374744
1788986058,2,0,3.203,3374744
1788986067,5,0,9.129,3374744
1788986067,2,0,0.003,3374744
1788986068,4,0,1.174,3374744
1788986069,4,0,1.136,3374744
1788986071,2,0,1.819,3374744
1788986071,3,0,0.033,3374744
1788986071,6,0,0.006,3374744
1788986071,0,0,0.016,3374744
1788986082,5,0,11.144,3374744
1788986084,5,0,1.936,3374744
1788986086,2,0,1.82,3374744
1788986086,0,0,0.012,3374744
1788986086,6,0,0.006,3374744
1788986087,2,0,1.207,3374744
1788986087,5,0,0.118,3374744
1788986087,6,0,0.006,3374744
1788986088,4,0,1.272,3374744
1788986088,0,0,0.014,3374744
1788986098,7,0,9.41,3374744
1788986098,3,0,0.039,3374744
1788986098,5,0,0.125,3374744
1788986102,4,0,4.115,3374744
1788986102,6,0,0.008,3374744
1788986102,6,1,0.008,3374744
1788986102,1,0,0.001,3374744
1788986104,4,0,1.668,3374744
1788986104,2,0,0.002,3374744
1788986104,5,0,0.123,3374744
1788986104,2,0,0.003,3374744
1788986105,4,0,1.173,3374744
1788986106,5,0,1.224,3374744
1788986106,3,0,0.058,3374744
1788986106,5,0,0.111,3374744
1788986107,0,0,0.007,3374744
1788986107,3,0,0.034,3374744
1788986111,2,0,4.431,3374744
1788986113,4,0,1.561,3374744
1788986113,5,0,0.843,3374744
1788986113,6,0,0.007,3374744
1788986114,4,0,0.793,3374744
1788986114,3,0,0.052,3374744
1788986114,3,0,0.08,3374744
1788986114,2,0,0.003,3374744
1788986114,1,0,0.001,3374744
1788986114,3,0,0.06,3374744
1788986117,2,0,2.673,3374744
1788986117,0,0,0.009,3374744
1788986117,0,0,0.008,3374744
1788986117,0,0,0.012,3374744
1788986117,3,0,0.056,3374744
1788986117,0,0,0.01,3374744
1788986118,2,0,1.212,3374744
1788986120,4,0,1.291,3374744
1788986120,6,0,0.006,3374744
1788986122,4,0,2.023,3374744
1788986122,0,0,0.006,3374744
1788986122,3,0,0.005,3374744
1788986132,5,0,10.679,3374744
1788986132,6,0,0.006,3374744
1788986132,2,0,0.002,3374744
1788986132,3,0,0.069,3374744
1788986132,6,0,0.007,3374744
1788986133,4,0,0.889,3374744
1788986133,3,0,0.005,3374744
1788986133,0,0,0.008,3374744
1788986135,4,0,1.317,3374744
1788986135,3,0,0.008,3374744
1788986135,2,0,0.002,3374744
1788986135,6,0,0.006,3374744
1788986135,6,0,0.006,3374744
1788986135,2,0,0.002,3374744
1788986135,0,0,0.01,3374744
1788986135,0,0,0.015,3374744
1788986136,2,0,1.568,3374744
1788986138,4,0,1.905,3374744
1788986138,0,0,0.01,3374744
1788986138,0,0,0.049,3374744
1788986138,2,0,0.002,3374744
1788986138,0,0,0.009,3374744
1788986138,3,0,0.016,3374744
1788986141,4,0,2.452,3374744
1788986141,7,0,0.167,3374744
1788986141,6,0,0.006,3374744
1788986144,4,0,3.349,3374744
1788986148,4,0,3.367,3374744
1788986150,2,0,2.096,3374744
1788986151,4,0,1.512,3374744
1788986152,2,0,0.906,3374744
1788986152,3,0,0.051,3374744
1788986152,2,0,0.003,3374744
1788986152,3,0,0.084,3374744
1788986154,4,0,1.88,3374744
1788986154,3,0,0.011,3374744
1788986154,2,0,0.002,3374744
1788986154,2,0,0.002,3374744
1788986154,6,0,0.006,3374744
1788986155,2,0,1.284,3374744
1788986156,3,0,0.042,3374744
1788986156,2,0,0.004,3374744
1788986156,0,0,0.01,3374744
1788986157,2,0,1.436,3374744
1788986157,2,0,0.003,3374744
1788986157,3,0,0.005,3374744
1788986158,4,0,1.498,3374744
1788986158,3,0,0.029,3374744
1788986160,4,0,2.005,3374744
1788986160,3,0,0.005,3374744
1788986161,0,0,0.006,3374744
1788986161,3,0,0.008,3374744
1788986161,3,0,0.097,3374744
1788986173,5,0,12.026,3374744
1788986173,0,0,0.011,3374744
1788986173,3,0,0.053,3374744
1788986173,3,0,0.013,3374744
1788986173,6,0,0.006,3374744
1788986173,2,0,0.004,3374744
1788986175,4,0,1.952,3374744
1788986177,2,0,1.952,3374744
1788986179,4,0,1.895,3374744
1788986179,3,0,0.115,3374744
1788986180,4,0,0.913,3374744
1788986180,0,0,0.011,3374744
1788986180,1,0,0.002,3374744
1788986181,4,0,1.188,3374744
1788986181,6,0,0.005,3374744
1788986181,3,0,0.003,3374744
1788986181,6,0,0.009,3374744
1788986181,1,0,0.001,3374744
1788986182,4,0,1.047,3374744
1788986182,3,0,0.019,3374744
1788986182,3,0,0.084,3374744
1788986182,6,0,0.006,3374744
1788986182,6,0,0.009,3374744
1788986182,0,0,0.005,3374744
1788986182,1,0,0.002,3374744
1788986182,0,0,0.016,3374744
1788986182,5,0,0.132,3374744
1788986182,3,0,0.074,3374744
1788986184,2,0,1.532,3374744
1788986184,0,0,0.011,3374744
1788986184,2,0,0.002,3374744
1788986195,7,0,11.036,3374744
1788986196,4,0,0.995,3374744
1788986196,0,0,0.007,3374744
1788986196,3,0,0.01,3374744
1788986196,1,0,0.001,3374744
1788986196,4,0,0.706,3374744
1788986198,4,0,1.376,3374744
1788986198,1,0,0.001,3374744
1788986201,2,0,3.31,3374744
1788986211,5,0,9.886,3374744
1788986212,4,0,0.873,3374744
1788986212,3,0,0.043,3374744
1788986213,2,0,1.359,3374744
1788986213,2,0,0.004,3374744
1788986213,0,0,0.014,3374744
1788986215,4,0,1.528,3374744
1788986215,2,0,0.005,3374744
1788986217,4,0,2.499,3374744
1788986217,3,0,0.061,3374744
1788986217,0,0,0.014,3374744
1788986217,0,0,0.013,3374744
1788986217,6,0,0.005,3374744
1788986219,4,0,1.386,3374744
1788986219,3,0,0.004,3374744
1788986219,3,0,0.003,3374744
1788986219,0,0,0.013,3374744
1788986221,4,0,2.377,3374744
1788986221,3,0,0.078,3374744
1788986222,7,0,0.184,3374744
1788986222,0,0,0.008,3374744
1788986222,0,0,0.006,3374744
1788986223,2,0,1.562,3374744
1788986226,5,0,3.271,3374744
1788986226,0,0,0.006,3374744
1788986226,0,0,0.013,3374744
1788986228,2,0,1.348,3374744
1788986228,6,0,0.008,3374744
1788986229,2,0,1.286,3374744
1788986229,6,0,0.006,3374744
1788986229,3,0,0.046,3374744
1788986233,4,0,3.767,3374744
1788986233,6,0,0.004,3374744
1788986233,2,0,0.003,3374744
1788986233,3,0,0.011,3374744
1788986233,3,0,0.082,3374744
1788986233,6,0,0.011,3374744
1788986233,1,0,0,3374744
1788986233,1,0,0,3374744
1788986233,3,0,0.097,3374744
1788986233,3,0,0.086,3374744
1788986233,3,0,0.06,3374744
1788986233,2,0,0.002,3374744
1788986233,0,0,0.048,3374744
1788986236,4,0,2.599,3374744
1788986237,4,0,1.42,3374744
1788986238,4,0,1.103,3374744
1788986238,5,0,0.127,3374744
1788986238,6,0,0.009,3374744
1788986239,3,0,0.009,3374744
1788986240,2,0,1.625,3374744
1788986249,7,0,9.296,3374744
1788986249,0,0,0.009,3374744
1788986249,0,0,0.003,3374744
1788986250,5,0,0.121,3374744
1788986253,5,0,2.949,3374744
1788986254,5,0,1.045,3374744
1788986254,3,0,0.032,3374744
1788986254,3,0,0.033,3374744
1788986254,2,0,0.002,3374744
1788986254,6,0,0.008,3374744
1788986254,0,0,0.017,3374744
1788986255,5,0,1.198,3374744
1788986256,2,0,0.742,3374744
1788986256,3,0,0.033,3374744
1788986256,3,0,0.066,3374744
1788986257,4,0,1.333,3374744
1788986259,4,0,1.811,3374744
1788986261,4,0,2.108,3374744
1788986262,4,0,0.99,3374744
1788986262,0,0,0.009,3374744
1788986262,3,0,0.005,3374744
1788986272,5,0,10.17,3374744
1788986272,6,0,0.014,3374744
1788986282,5,0,9.703,3374744
1788986282,0,0,0.006,3374744
1788986283,4,0,1.012,3374744
1788986283,2,0,0.003,3374744
1788986284,4,0,0.838,3374744
1788986285,4,0,1.654,3374744
1788986285,6,0,0.009,3374744
1788986285,3,0,0.04,3374744
1788986285,6,0,0.008,3374744
1788986285,6,0,0.007,3374744
1788986285,3,0,0.055,3374744
1788986286,5,0,0.128,3374744
1788986286,3,0,0.012,3374744
1788986286,3,0,0.005,3374744
1788986286,0,0,0.014,3374744
1788986286,3,0,0.009,3374744
1788986287,4,0,0.932,3374744
1788986288,4,0,1.302,3374744
1788986289,4,0,1.028,3374744
1788986291,4,0,2.08,3374744
1788986291,0,0,0.005,3374744
1788986291,3,0,0.011,3374744
1788986291,3,0,0.021,3374744
1788986292,4,0,0.875,3374744
1788986292,5,0,0.124,3374744
1788986293,4,0,0.856,3374744
1788986293,3,0,0.003,3374744
1788986296,2,0,2.837,3374744
1788986297,5,0,1.509,3374744
1788986297,1,0,0.002,3374744
1788986297,6,0,0.005,3374744
1788986297,7,0,0.181,3374744
1788986297,6,0,0.007,3374744
1788986297,3,0,0.064,3374744
1788986297,0,0,0.01,3374744
1788986297,2,0,0.005,3374744
1788986298,4,0,0.869,3374744
1788986298,6,0,0.008,3374744
1788986298,2,0,0.005,3374744
1788986298,0,0,0.007,3374744
1788986300,4,0,2.017,3374744
1788986301,5,0,0.129,3374744
1788986301,0,0,0.011,3374744
1788986301,6,0,0.006,3374744
1788986302,4,0,1.175,3374744
1788986305,5,0,2.905,3374744
1788986305,2,0,0.001,3374744
1788986306,4,0,0.918,3374744
1788986314,5,0,7.957,3374744
1788986314,0,0,0.008,3374744
1788986317,4,0,3.696,3374744
1788986319,4,0,1.646,3374744
1788986319,2,0,0.004,3374744
1788986319,3,0,0.031,3374744
1788986320,4,0,0.909,3374744
1788986330,5,0,10.23,3374744
1788986332,5,0,2.164,3374744
1788986332,0,0,0.011,3374744
1788986332,3,0,0.069,3374744
1788986332,3,0,0.007,3374744
1788986332,3,0,0.052,3374744
1788986335,4,0,3.04,3374744
1788986336,4,0,0.614,3374744
1788986336,6,0,0.01,3374744
1788986336,3,0,0.008,3374744
1788986338,2,0,1.619,3374744
1788986340,7,0,1.909,3374744
1788986341,4,0,1.248,3374744
1788986342,2,0,0.966,3374744
1788986350,5,0,8.173,3374744
1788986350,0,0,0.016,3374744
1788986350,3,0,0.01,3374744
1788986351,4,0,1.099,3374744
1788986353,4,0,1.977,3374744
1788986353,2,0,0.004,3374744
1788986354,2,0,1.273,3374744
1788986356,4,0,1.998,3374744
1788986356,1,0,0.002,3374744
1788986356,0,0,0.007,3374744
1788986358,5,0,1.754,3374744
1788986358,2,0,0.003,3374744
1788986358,7,0,0.185,3374744
1788986358,2,0,0.003,3374744
1788986360,4,0,1.666,3374744
1788986360,3,0,0.086,3374744
1788986360,1,0,0.001,3374744
1788986361,4,0,0.938,3374744
1788986361,0,0,0.006,3374744
1788986362,5,0,1.462,3374744
1788986364,4,0,1.919,3374744
1788986365,4,0,1.053,3374744
1788986365,3,0,0.086,3374744
1788986366,3,0,0.05,3374744
1788986366,0,0,0.016,3374744
1788986367,4,0,1.598,3374744
1788986369,2,0,1.599,3374744
1788986370,5,0,1.569,3374744
1788986378,5,0,7.956,3374744
1788986380,4,0,1.349,3374744
1788986382,2,0,2.793,3374744
1788986382,3,0,0.005,3374744
1788986383,4,0,1.087,3374744
1788986383,3,0,0.003,3374744
1788986384,3,0,0.082,3374744
1788986384,5,0,0.128,3374744
1788986384,3,0,0.075,3374744
1788986384,6,0,0.009,3374744
1788986384,6,0,0.009,3374744
1788986388,4,0,3.742,3374744
1788986388,2,0,0.004,3374744
1788986388,0,0,0.005,3374744
1788986388,3,0,0.072,3374744
1788986388,3,0,0.073,3374744
1788986389,2,0,1.389,3374744
1788986389,1,0,0.002,3374744
1788986391,2,0,1.465,3374744
1788986391,0,0,0.015,3374744
1788986391,6,0,0.006,3374744
1788986392,4,0,1.64,3374744
1788986393,4,0,1.037,3374744
1788986393,6,0,0.006,3374744
1788986393,0,0,0.01,3374744
1788986395,5,0,1.986,3374744
1788986395,0,0,0.011,3374744
1788986397,4,0,1.246,3374744
1788986398,5,0,1.334,3374744
1788986402,4,0,3.7,3374744
1788986402,1,0,0.001,3374744
1788986402,2,0,0.769,3374744
1788986404,4,0,2.039,3374744
1788986404,6,0,0.011,3374744
1788986404,2,0,0.002,3374744
1788986406,2,0,1.536,3374744
1788986406,2,0,0.002,3374744
1788986406,3,0,0.006,3374744
1788986406,1,0,0.001,3374744
1788986407,4,0,0.878,3374744
1788986408,2,0,0.904,3374744
1788986409,2,0,1.191,3374744
1788986409,7,0,0.178,3374744
1788986409,0,0,0.009,3374744
1788986409,6,0,0.008,3374744
1788986409,2,0,0.004,3374744
1788986409,3,0,0.046,3374744
1788986409,3,0,0.015,3374744
1788986409,3,0,0.054,3374744
1788986409,5,0,0.117,3374744
1788986409,2,0,0.002,3374744
1788986410,4,0,0.758,3374744
1788986412,2,0,1.497,3374744
1788986412,3,0,0.065,3374744
1788986412,0,0,0.008,3374744
1788986413,4,0,1.654,3374744
1788986415,5,0,1.561,3374744
1788986415,5,0,0.124,3374744
1788986415,0,0,0.012,3374744
1788986419,4,0,3.618,3374744
1788986420,2,0,0.959,3374744
1788986420,5,0,0.123,3374744
1788986420,7,0,0.164,3374744
1788986420,6,0,0.005,3374744
1788986420,6,0,0.006,3374744
1788986420,0,0,0.006,3374744
1788986420,3,0,0.062,3374744
1788986421,2,0,1.352,3374744
1788986421,3,0,0.009,3374744
1788986421,6,0,0.006,3374744
1788986421,6,0,0.007,3374744
1788986432,5,0,10.332,3374744
1788986434,4,0,2.757,3374744
1788986434,3,0,0.002,3374744
1788986434,6,0,0.007,3374744
1788986435,5,0,0.119,3374744
1788986435,6,0,0.006,3374744
1788986435,6,0,0.008,3374744
1788986435,3,0,0.03,3374744
1788986435,3,0,0.074,3374744
1788986435,2,0,0.002,3374744
1788986435,2,0,0.003,3374744
1788986435,1,0,0.002,3374744
1788986435,0,0,0.013,3374744
1788986436,4,0,1.465,3374744
1788986436,0,0,0.004,3374744
1788986436,1,0,0.001,3374744
1788986436,3,0,0.069,3374744
1788986436,0,0,0.015,3374744
1788986436,2,0,0.002,3374744
1788986436,2,0,0.002,3374744
1788986439,4,0,2.552,3374744
1788986439,2,0,0.662,3374744
1788986439,6,0,0.011,3374744
1788986439,0,0,0.004,3374744
1788986440,3,0,0.085,3374744
1788986440,1,0,0.001,3374744
1788986440,0,0,0.011,3374744
1788986440,4,0,0.913,3374744
1788986441,3,0,0.052,3374744
1788986442,4,0,1.05,3374744
1788986442,3,0,0.013,3374744
1788986442,2,0,0.002,3374744
1788986443,4,0,0.97,3374744
1788986443,3,0,0.074,3374744
1788986444,4,0,1.71,3374744
1788986445,4,0,0.955,3374744
1788986446,5,0,1.052,3374744
1788986446,1,0,0.001,3374744
1788986447,4,0,0.436,3374744
1788986447,0,0,0.011,3374744
1788986447,0,0,0.014,3374744
1788986447,0,0,0.013,3374744
1788986447,3,0,0.061,3374744
1788986448,4,0,1.193,3374744
1788986448,6,0,0.007,3374744
1788986450,4,0,2.339,3374744
1788986452,4,0,1.616,3374744
1788986454,2,0,2.258,3374744
1788986454,3,0,0.055,3374744
1788986454,1,0,0.001,3374744
1788986454,0,0,0.011,3374744
1788986464,7,0,9.394,3374744
1788986465,4,0,0.815,3374744
1788986465,4,0,0.655,3374744
1788986465,2,0,0.003,3374744
1788986465,1,0,0.001,3374744
1788986467,4,0,1.701,3374744
1788986467,3,0,0.01,3374744
1788986468,4,0,1.387,3374744
1788986468,6,0,0.006,3374744
1788986468,2,0,0.005,3374744
1788986468,0,0,0.015,3374744
1788986477,5,0,8.531,3374744
1788986477,6,0,0.007,3374744
1788986478,2,0,1.433,3374744
1788986478,3,0,0.011,3374744
1788986478,0,0,0.005,3374744
1788986489,7,0,11.112,3374744
1788986491,2,0,1.533,3374744
1788986491,0,0,0.013,3374744
1788986491,6,0,0.007,3374744
1788986491,0,0,0.008,3374744
1788986493,4,0,1.642,3374744
1788986493,3,0,0.005,3374744
1788986494,4,0,1.446,3374744
1788986494,6,0,0.006,3374744
1788986497,4,0,2.674,3374744
1788986499,5,0,2.564,3374744
1788986499,3,0,0.047,3374744
1788986499,0,0,0.005,3374744
1788986501,4,0,1.179,3374744
1788986502,4,0,1.147,3374744
1788986502,1,0,0.002,3374744
1788986502,3,0,0.011,3374744
1788986502,2,0,0.003,3374744
1788986502,2,0,0.004,3374744
1788986502,3,0,0.069,3374744
1788986502,3,0,0.04,3374744
1788986502,6,0,0.009,3374744
1788986503,5,0,1.334,3374744
1788986504,4,0,1.12,3374744
1788986504,3,0,0.043,3374744
1788986504,3,0,0.063,3374744
1788986505,3,0,0.103,3374744
1788986506,2,0,1.085,3374744
1788986508,4,0,2.033,3374744
1788986508,5,0,0.109,3374744
1788986508,1,0,0.001,3374744
1788986508,0,0,0.008,3374744
1788986509,2,0,1.321,3374744
1788986509,6,0,0.007,3374744
1788986509,0,0,0.012,3374744
1788986509,6,0,0.007,3374744
1788986509,3,0,0.059,3374744
1788986509,0,0,0.016,3374744
1788986521,5,0,11.61,3374744
1788986522,4,0,0.993,3374744
1788986522,3,0,0.041,3374744
1788986522,6,0,0.009,3374744
1788986524,4,0,1.723,3374744
1788986525,4,0,0.982,3374744
1788986525,4,0,0.786,3374744
1788986525,6,0,0.006,3374744
1788986525,0,0,0.01,3374744
1788986528,2,0,2.257,3374744
1788986528,6,0,0.01,3374744
1788986528,6,0,0.006,3374744
1788986529,4,0,1.008,3374744
1788986532,2,0,3.194,3374744
1788986532,3,0,0.01,3374744
1788986532,6,0,0.005,3374744
1788986534,2,0,1.756,3374744
1788986535,4,0,1.345,3374744
1788986535,1,0,0.001,3374744
1788986535,1,0,0.001,3374744
1788986537,4,0,1.759,3374744
1788986537,0,0,0.015,3374744
1788986537,3,0,0.018,3374744
1788986538,2,0,1.415,3374744
1788986538,0,0,0.016,3374744
1788986538,6,0,0.007,3374744
1788986539,4,0,1.057,3374744
1788986539,2,0,0.003,3374744
1788986539,3,0,0.046,3374744
1788986539,6,0,0.005,3374744
1788986539,3,0,0.009,3374744
1788986540,4,0,1.14,3374744
1788986541,4,0,0.929,3374744
1788986541,0,0,0.008,3374744
1788986542,2,0,0.759,3374744
1788986542,3,0,0.065,3374744
1788986542,0,0,0.007,3374744
1788986542,0,0,0.016,3374744
1788986542,3,0,0.034,3374744
1788986542,3,0,0.008,3374744
1788986542,0,0,0.011,3374744
1788986543,4,0,1.008,3374744
1788986543,3,0,0.066,3374744
1788986543,3,0,0.007,3374744
1788986545,4,0,1.763,3374744
1788986546,5,0,1.183,3374744
1788986546,2,0,0.002,3374744
1788986546,3,0,0.066,3374744
1788986550,4,0,3.176,3374744
1788986550,2,0,0.005,3374744
1788986550,6,0,0.008,3374744
1788986550,6,0,0.011,3374744
1788986550,1,0,0.001,3374744
1788986558,5,0,8.913,3374744
1788986559,6,0,0.01,3374744
1788986559,6,0,0.008,3374744
1788986559,6,0,0.008,3374744
1788986560,5,0,1.554,3374744
1788986562,4,0,1.77,3374744
1788986562,6,0,0.008,3374744
1788986565,4,0,2.972,3374744
1788986566,2,0,1.124,3374744
1788986576,5,0,10.111,3374744
1788986576,1,0,0.001,3374744
1788986576,1,0,0.001,3374744
1788986577,2,0,1.087,3374744
1788986578,4,0,1.222,3374744
1788986578,3,0,0.076,3374744
1788986580,4,0,1.106,3374744
1788986580,1,0,0.001,3374744
1788986580,3,0,0.005,3374744
1788986580,3,0,0.01,3374744
1788986581,2,0,1.171,3374744
1788986581,3,0,0.011,3374744
1788986581,3,0,0.006,3374744
1788986581,0,0,0.009,3374744
1788986584,4,0,3.058,3374744
1788986584,1,0,0,3374744
1788986585,4,0,1.065,3374744
1788986585,7,0,0.175,3374744
1788986587,4,0,1.504,3374744
1788986587,2,0,0.004,3374744
1788986587,2,0,0.768,3374744
1788986589,2,0,1.579,3374744
1788986590,4,0,0.874,3374744
1788986591,4,0,1.022,3374744
1788986591,6,0,0.006,3374744
1788986591,3,0,0.026,3374744
1788986591,3,0,0.082,3374744
1788986591,6,0,0.007,3374744
1788986603,5,0,12.033,3374744
1788986603,0,0,0.012,3374744
1788986603,5,0,0.127,3374744
1788986603,1,0,0.001,3374744
1788986603,7,0,0.167,3374744
1788986603,6,0,0.008,3374744
1788986612,5,0,8.241,3374744
1788986612,2,0,0.003,3374744
1788986612,0,0,0.016,3374744
1788986612,6,0,0.006,3374744
1788986612,6,0,0.011,3374744
1788986613,5,0,1.008,3374744
1788986613,6,0,0.008,3374744
1788986616,4,0,3.001,3374744
1788986616,3,0,0.01,3374744
1788986616,0,0,0.013,3374744
1788986617,4,0,1.308,3374744
1788986617,6,0,0.007,3374744
1788986617,0,0,0.009,3374744
1788986618,4,0,1.499,3374744
1788986619,5,0,0.994,3374744
1788986619,1,0,0.001,3374744
1788986622,2,0,2.24,3374744
1788986623,4,0,1.132,3374744
1788986623,3,0,0.005,3374744
1788986623,3,0,0.043,3374744
1788986623,0,0,0.008,3374744
1788986623,0,0,0.016,3374744
1788986624,4,0,1.203,3374744
1788986624,0,0,0.008,3374744
1788986624,2,0,0.005,3374744
1788986627,4,0,2.936,3374744
1788986627,3,0,0.063,3374744
1788986627,0,0,0.009,3374744
1788986627,0,0,0.011,3374744
1788986627,3,0,0.006,3374744
1788986627,6,0,0.007,3374744
1788986629,4,0,2.366,3374744
1788986632,2,0,2.077,3374744
1788986634,4,0,2.738,3374744
1788986638,4,0,3.664,3374744
1788986638,2,0,0.003,3374744
1788986639,4,0,1.156,3374744
1788986639,0,0,0.009,3374744
1788986640,4,0,0.988,3374744
1788986641,4,0,0.912,3374744
1788986643,4,0,2.126,3374744
1788986643,3,0,0.007,3374744
1788986643,6,0,0.006,3374744
1788986643,2,0,0.002,3374744
1788986643,0,0,0.007,3374744
1788986643,2,0,0.002,3374744
1788986643,6,0,0.008,3374744
1788986644,4,0,1.297,3374744
1788986644,0,0,0.013,3374744
1788986646,2,0,1.055,3374744
1788986646,3,0,0.072,3374744
1788986647,2,0,1.233,3374744
1788986647,2,0,0.005,3374744
1788986647,0,0,0.017,3374744
1788986649,4,0,1.918,3374744
1788986649,2,0,0.002,3374744
1788986657,5,0,8.565,3374744
1788986657,3,0,0.089,3374744
1788986657,6,0,0.008,3374744
1788986658,7,0,1.034,3374744
1788986658,1,0,0.001,3374744
1788986659,3,0,0.093,3374744
1788986659,3,0,0.049,3374744
1788986660,4,0,1.804,3374744
1788986660,3,0,0.006,3374744
1788986660,6,0,0.006,3374744
1788986661,3,0,0.063,3374744
1788986661,2,0,0.004,3374744
1788986661,3,0,0.078,3374744
1788986661,2,0,0.002,3374744
1788986661,3,0,0.059,3374744
1788986661,3,0,0.008,3374744
1788986661,3,0,0.009,3374744
1788986672,5,0,11.046,3374744
1788986673,4,0,1.022,3374744
1788986674,2,0,1.205,3374744
1788986675,4,0,0.955,3374744
1788986687,7,0,11.865,3374744
1788986687,3,0,0.057,3374744
1788986688,4,0,1.322,3374744
1788986698,5,0,9.703,3374744
1788986706,5,0,8.552,3374744
1788986706,3,0,0.003,3374744
1788986707,4,0,1.008,3374744
1788986707,3,0,0.039,3374744
1788986707,3,0,0.032,3374744
1788986709,4,0,1.039,3374744
1788986709,0,0,0.011,3374744
1788986709,6,0,0.005,3374744
1788986709,6,0,0.006,3374744
1788986709,2,0,0.004,3374744
1788986709,0,0,0.01,3374744
1788986709,3,0,0.043,3374744
1788986709,1,0,0.002,3374744
1788986709,0,0,0.013,3374744
1788986710,4,0,1.529,3374744
1788986712,2,0,1.487,3374744
1788986712,0,0,0.016,3374744
1788986712,3,0,0.004,3374744
1788986712,1,0,0.001,3374744
1788986712,3,0,0.104,3374744
1788986712,3,0,0.045,3374744
1788986712,3,0,0.052,3374744
1788986713,2,0,0.7,3374744
1788986713,3,0,0.057,3374744
1788986713,1,0,0.001,3374744
1788986713,2,0,0.002,3374744
1788986714,4,0,1.201,3374744
1788986714,5,0,0.121,3374744
1788986715,4,0,1.507,3374744
1788986719,4,0,3.586,3374744
1788986719,2,0,0.004,3374744
1788986721,4,0,1.476,3374744
1788986722,4,0,1.92,3374744
1788986723,3,0,0.085,3374744
1788986724,2,0,1.927,3374744
1788986725,3,0,0.053,3374744
1788986725,6,0,0.007,3374744
1788986725,0,0,0.005,3374744
1788986725,5,0,0.126,3374744
1788986725,5,0,0.126,3374744
1788986725,0,0,0.008,3374744
1788986726,4,0,1.055,3374744
1788986728,2,0,1.903,3374744
1788986728,6,0,0.007,3374744
1788986730,4,0,1.915,3374744
1788986730,2,0,0.787,3374744
1788986730,1,0,0.003,3374744
1788986731,3,0,0.056,3374744
1788986732,4,0,1.137,3374744
1788986732,0,0,0.008,3374744
1788986732,0,0,0.012,3374744
1788986732,2,0,0.005,3374744
1788986732,0,0,0.01,3374744
1788986732,0,0,0.006,3374744
1788986732,0,0,0.012,3374744
1788986732,6,0,0.003,3374744
1788986732,2,0,0.003,3374744
1788986732,1,0,0.001,3374744
1788986732,3,0,0.004,3374744
1788986732,2,0,0.003,3374744
1788986732,2,0,0.003,3374744
1788986732,3,0,0.092,3374744
1788986732,1,0,0,3374744
1788986733,4,0,1.082,3374744
1788986734,4,0,1.008,3374744
1788986734,3,0,0.065,3374744
1788986734,5,0,0.123,3374744
1788986746,5,0,11.604,3374744
1788986747,7,0,1.558,3374744
1788986747,0,0,0.006,3374744
1788986749,4,0,1.317,3374744
1788986750,5,0,1.768,3374744
1788986750,3,0,0.01,3374744
1788986752,4,0,1.315,3374744
1788986752,6,0,0.007,3374744
1788986752,0,0,0.003,3374744
1788986752,0,0,0.011,3374744
1788986752,1,0,0.001,3374744
1788986752,2,0,0.001,3374744
1788986752,1,0,0.001,3374744
1788986752,3,0,0.079,3374744
1788986752,3,0,0.079,3374744
1788986752,0,0,0.015,3374744
1788986752,1,0,0,3374744
1788986753,5,0,1.493,3374744
1788986753,0,0,0.043,3374744
1788986753,6,0,0.008,3374744
1788986755,5,0,1.165,3374744
1788986756,4,0,0.987,3374744
1788986756,2,0,0.004,3374744
1788986756,5,0,0.671,3374744
1788986756,3,0,0.07,3374744
1788986758,4,0,1.687,3374744
1788986758,2,0,0.002,3374744
1788986758,6,0,0.009,3374744
1788986759,5,0,0.998,3374744
1788986759,1,0,0.001,3374744
1788986759,0,0,0.004,3374744
1788986760,2,0,1.113,3374744
1788986760,2,0,0.002,3374744
1788986760,5,0,0.125,3374744
1788986760,3,0,0.005,3374744
1788986762,4,0,1.29,3374744
1788986762,3,0,0.005,3374744
1788986762,0,0,0.01,3374744
1788986763,4,0,1.059,3374744
1788986763,2,0,0.001,3374744
1788986774,5,0,11.125,3374744
1788986774,2,0,0.676,3374744
1788986774,3,0,0.08,3374744
1788986775,3,0,0.04,3374744
1788986775,3,0,0.017,3374744
1788986775,3,0,0.006,3374744
1788986775,0,0,0.007,3374744
1788986775,3,0,0.015,3374744
1788986775,2,0,0.003,3374744
1788986775,2,0,0.002,3374744
1788986775,3,0,0.045,3374744
1788986775,0,0,0.007,3374744
1788986775,0,0,0.016,3374744
1788986776,4,0,1.443,3374744
1788986776,0,0,0.016,3374744
1788986776,0,0,0.012,3374744
1788986776,0,0,0.009,3374744
1788986776,6,0,0.008,3374744
1788986776,4,0,0.246,3374744
1788986780,4,0,3.166,3374744
1788986780,6,0,0.006,3374744
1788986781,4,0,1.261,3374744
1788986785,4,0,4.415,3374744
1788986787,4,0,1.56,3374744
1788986788,4,0,1.164,3374744
1788986789,4,0,1.187,3374744
1788986793,4,0,3.561,3374744
1788986793,0,0,0.009,3374744
1788986793,0,0,0.005,3374744
1788986794,4,0,1.133,3374744
1788986794,6,0,0.007,3374744
1788986794,3,0,0.007,3374744
1788986795,7,0,1.346,3374744
1788986795,0,0,0.011,3374744
1788986795,3,0,0.079,3374744
1788986795,3,0,0.005,3374744
1788986799,4,0,3.719,3374744
1788986799,3,0,0.003,3374744
1788986810,5,0,11.053,3374744
1788986810,STOP,,,3374744
