1788983188,0,0,0.029,3374765
1788983190,4,0,2.644,3374765
1788983190,0,0,0.015,3374765
1788983191,2,0,1.12,3374765
1788983191,3,0,0.012,3374765
1788983192,4,0,0.845,3374765
1788983202,5,0,10.243,3374765
1788983203,4,0,0.815,3374765
1788983204,4,0,1.124,3374765
1788983205,5,0,0.134,3374765
1788983205,2,0,0.005,3374765
1788983206,2,0,1.133,3374765
1788983206,3,0,0.039,3374765
1788983206,6,0,0.008,3374765
1788983206,0,0,0.019,3374765
1788983207,4,0,1.607,3374765
1788983207,2,0,0.004,3374765
1788983207,0,0,0.008,3374765
1788983209,4,0,1.318,3374765
1788983209,1,0,0.002,3374765
1788983209,0,0,0.011,3374765
1788983210,2,0,1.596,3374765
1788983210,3,0,0.043,3374765
1788983210,0,0,0.01,3374765
1788983210,1,0,0.001,3374765
1788983210,3,0,0.061,3374765
1788983215,4,0,4.145,3374765
1788983215,3,0,0.031,3374765
1788983215,5,0,0.762,3374765
1788983215,0,0,0.017,3374765
1788983215,6,0,0.009,3374765
1788983215,6,0,0.009,3374765
1788983217,4,0,1.664,3374765
1788983218,4,0,0.703,3374765
1788983219,4,0,1.283,3374765
1788983220,4,0,1.407,3374765
1788983220,0,0,0.014,3374765
1788983220,3,0,0.017,3374765
1788983222,4,0,1.246,3374765
1788983222,6,0,0.01,3374765
1788983222,3,0,0.08,3374765
1788983231,5,0,8.708,3374765
1788983231,6,0,0.007,3374765
1788983231,6,0,0.007,3374765
1788983231,4,0,0.956,3374765
1788983234,2,0,2.172,3374765
1788983234,0,0,0.008,3374765
1788983243,5,0,9.676,3374765
1788983243,3,0,0.014,3374765
1788983244,7,0,0.18,3374765
1788983245,5,0,1.101,3374765
1788983246,4,0,1.831,3374765
1788983248,4,0,1.474,3374765
1788983249,4,0,1.411,3374765
1788983249,3,0,0.047,3374765
1788983249,0,0,0.01,3374765
1788983249,0,0,0.009,3374765
1788983249,2,0,0.004,3374765
1788983249,3,0,0.005,3374765
1788983252,5,0,2.088,3374765
1788983252,6,0,0.007,3374765
1788983253,4,0,1.246,3374765
1788983253,1,0,0.002,3374765
1788983255,4,0,1.902,3374765
1788983255,5,0,0.128,3374765
1788983255,2,0,0.003,3374765
1788983256,4,0,0.831,3374765
1788983257,4,0,1.79,3374765
1788983257,0,0,0.005,3374765
1788983257,1,0,0.002,3374765
1788983257,3,0,0.009,3374765
1788983257,6,0,0.008,3374765
1788983257,0,0,0.017,3374765
1788983259,2,0,1.201,3374765
1788983262,4,0,3.664,3374765
1788983262,6,0,0.007,3374765
1788983264,2,0,2.066,3374765
1788983265,4,0,0.987,3374765
1788983267,2,0,1.221,3374765
1788983270,5,0,3.443,3374765
1788983270,0,0,0.005,3374765
1788983270,0,0,0.01,3374765
1788983270,6,0,0.006,3374765
1788983273,4,0,2.712,3374765
1788983273,5,0,0.133,3374765
1788983273,2,0,0.003,3374765
1788983273,6,0,0.01,3374765
1788983273,6,0,0.006,3374765
1788983273,3,0,0.086,3374765
1788983273,0,0,0.008,3374765
1788983276,4,0,2.471,3374765
1788983276,0,0,0.01,3374765
1788983277,4,0,1.392,3374765
1788983278,2,0,1.079,3374765
1788983278,0,0,0.01,3374765
1788983278,1,0,0.002,3374765
1788983278,3,0,0.008,3374765
1788983278,3,0,0.062,3374765
1788983278,6,0,0.008,3374765
1788983281,4,0,2.702,3374765
1788983281,0,0,0.005,3374765
1788983282,4,0,1.676,3374765
1788983283,5,0,0.13,3374765
1788983284,4,0,1.01,3374765
1788983287,4,0,3.534,3374765
1788983287,3,0,0.084,3374765
1788983289,4,0,1.285,3374765
1788983289,3,0,0.098,3374765
1788983289,1,0,0.001,3374765
1788983289,2,0,0.003,3374765
1788983289,3,0,0.07,3374765
1788983289,0,0,0.011,3374765
1788983289,0,0,0.008,3374765
1788983289,1,0,0.001,3374765
1788983289,3,0,0.005,3374765
1788983289,0,0,0.011,3374765
1788983289,3,0,0.046,3374765
1788983289,1,0,0.001,3374765
1788983291,2,0,1.928,3374765
1788983300,5,0,9.353,3374765
1788983300,0,0,0.009,3374765
1788983300,0,0,0.048,3374765
1788983300,0,0,0.009,3374765
1788983302,2,0,2.041,3374765
1788983305,2,0,3.118,3374765
1788983307,4,0,1.587,3374765
1788983310,2,0,3.402,3374765
1788983310,3,0,0.082,3374765
1788983310,0,0,0.009,3374765
1788983313,4,0,2.185,3374765
1788983314,4,0,0.972,3374765
1788983314,2,0,0.004,3374765
1788983314,3,0,0.004,3374765
1788983314,6,0,0.006,3374765
1788983314,1,0,0.002,3374765
1788983315,4,0,1.303,3374765
1788983315,3,0,0.058,3374765
1788983315,5,0,0.127,3374765
1788983315,0,0,0.008,3374765
1788983315,6,0,0.006,3374765
1788983315,6,0,0.006,3374765
1788983317,2,0,1.738,3374765
1788983317,3,0,0.091,3374765
1788983317,3,0,0.057,3374765
1788983317,3,0,0.024,3374765
1788983319,5,0,2.335,3374765
1788983322,4,0,3.12,3374765
1788983322,2,0,0.003,3374765
1788983322,3,0,0.007,3374765
1788983322,0,0,0.006,3374765
1788983322,3,0,0.066,3374765
1788983322,3,0,0.006,3374765
1788983323,2,0,0.804,3374765
1788983323,3,0,0.051,3374765
1788983323,2,0,0.003,3374765
1788983323,0,0,0.016,3374765
1788983323,3,0,0.062,3374765
1788983323,0,0,0.007,3374765
1788983324,5,0,1.048,3374765
1788983324,2,0,0.001,3374765
1788983324,3,0,0.008,3374765
1788983325,6,0,0.009,3374765
1788983325,6,0,0.006,3374765
1788983325,4,0,0.723,3374765
1788983326,4,0,1.084,3374765
1788983327,4,0,0.911,3374765
1788983327,3,0,0.007,3374765
1788983327,3,0,0.088,3374765
1788983328,5,0,1.057,3374765
1788983328,0,0,0.007,3374765
1788983329,7,0,0.193,3374765
1788983329,1,0,0.001,3374765
1788983329,2,0,0.694,3374765
1788983329,6,0,0.006,3374765
1788983329,0,0,0.013,3374765
1788983329,2,0,0.003,3374765
1788983329,3,0,0.049,3374765
1788983329,3,0,0.085,3374765
1788983329,1,0,0.001,3374765
1788983331,5,0,1.151,3374765
1788983332,2,0,1.229,3374765
1788983332,0,0,0.007,3374765
1788983332,1,0,0.001,3374765
1788983332,6,0,0.008,3374765
1788983334,5,0,1.761,3374765
1788983337,4,0,3.517,3374765
1788983337,1,0,0.001,3374765
1788983337,1,0,0.001,3374765
1788983337,3,0,0.002,3374765
1788983338,4,0,1.346,3374765
1788983338,6,0,0.006,3374765
1788983338,3,0,0.007,3374765
1788983339,3,0,0.045,3374765
1788983339,0,0,0.016,3374765
1788983339,3,0,0.094,3374765
1788983339,0,0,0.005,3374765
1788983339,6,0,0.007,3374765
1788983340,4,0,1.68,3374765
1788983340,0,0,0.011,3374765
1788983341,4,0,1.094,3374765
1788983343,7,0,1.283,3374765
1788983343,1,0,0.001,3374765
1788983343,0,0,0.013,3374765
1788983343,6,0,0.005,3374765
1788983343,0,0,0.013,3374765
1788983344,2,0,0.809,3374765
1788983344,3,0,0.011,3374765
1788983344,3,0,0.006,3374765
1788983344,6,0,0.007,3374765
1788983345,4,0,1.525,3374765
1788983349,4,0,3.657,3374765
1788983349,6,0,0.008,3374765
1788983349,2,0,0.001,3374765
1788983349,3,0,0.067,3374765
1788983350,4,0,1.106,3374765
1788983350,0,0,0.013,3374765
1788983351,4,0,1.331,3374765
1788983351,3,0,0.013,3374765
1788983352,5,0,1.147,3374765
1788983352,2,0,0.003,3374765
1788983355,4,0,2.524,3374765
1788983358,4,0,3.107,3374765
1788983358,2,0,0.002,3374765
1788983358,2,0,0.003,3374765
1788983358,3,0,0.07,3374765
1788983358,0,0,0.008,3374765
1788983360,4,0,2.161,3374765
1788983360,3,0,0.053,3374765
1788983360,6,0,0.012,3374765
1788983360,3,0,0.007,3374765
1788983360,3,0,0.06,3374765
1788983360,0,0,0.009,3374765
1788983360,2,0,0.005,3374765
1788983361,4,0,0.932,3374765
1788983361,0,0,0.008,3374765
1788983362,3,0,0.135,3374765
1788983362,1,0,0.002,3374765
1788983362,0,0,0.005,3374765
1788983363,4,0,1.502,3374765
1788983363,0,0,0.008,3374765
1788983364,4,0,1.16,3374765
1788983364,6,0,0.005,3374765
1788983364,0,0,0.01,3374765
1788983364,0,0,0.045,3374765
1788983364,3,0,0.005,3374765
1788983364,6,0,0.01,3374765
1788983367,4,0,2.748,3374765
1788983367,3,0,0.079,3374765
1788983367,7,0,0.165,3374765
1788983367,3,0,0.093,3374765
1788983369,4,0,1.116,3374765
1788983369,3,0,0.065,3374765
1788983369,5,0,0.12,3374765
1788983369,3,0,0.065,3374765
1788983369,5,0,0.128,3374765
1788983370,4,0,1.314,3374765
1788983370,0,0,0.017,3374765
1788983370,3,0,0.02,3374765
1788983371,2,0,0.672,3374765
1788983371,3,0,0.018,3374765
1788983373,4,0,1.65,3374765
1788983374,2,0,1.473,3374765
1788983374,6,0,0.005,3374765
1788983374,0,0,0.008,3374765
1788983374,2,0,0.002,3374765
1788983374,2,0,0.002,3374765
1788983376,2,0,2.257,3374765
1788983377,2,0,1.171,3374765
1788983378,0,0,0.01,3374765
1788983380,4,0,2.513,3374765
1788983381,4,0,0.98,3374765
1788983381,6,0,0.006,3374765
1788983381,0,0,0.007,3374765
1788983391,7,0,10.096,3374765
1788983393,2,0,1.656,3374765
1788983393,6,0,0.011,3374765
1788983393,2,0,0.002,3374765
1788983393,0,0,0.012,3374765
1788983394,2,0,1.272,3374765
1788983397,5,0,2.624,3374765
1788983397,5,0,0.13,3374765
1788983398,4,0,1.571,3374765
1788983398,1,0,0.002,3374765
1788983398,3,0,0.068,3374765
1788983411,5,0,12.069,3374765
1788983411,3,0,0.016,3374765
1788983411,3,0,0.051,3374765
1788983412,4,0,1.374,3374765
1788983412,2,0,0.003,3374765
1788983412,3,0,0.075,3374765
1788983414,5,0,1.516,3374765
1788983414,3,0,0.047,3374765
1788983414,6,0,0.007,3374765
1788983414,0,0,0.012,3374765
1788983424,5,0,10.329,3374765
1788983424,0,0,0.017,3374765
1788983424,3,0,0.068,3374765
1788983425,4,0,1.006,3374765
1788983425,3,0,0.004,3374765
1788983427,4,0,1.617,3374765
1788983427,0,0,0.012,3374765
1788983427,6,0,0.006,3374765
1788983427,0,0,0.012,3374765
1788983427,0,0,0.006,3374765
1788983427,3,0,0.071,3374765
1788983427,2,0,0.003,3374765
1788983427,1,0,0.002,3374765
1788983428,4,0,1.086,3374765
1788983428,0,0,0.016,3374765
1788983428,3,0,0.007,3374765
1788983428,3,0,0.062,3374765
1788983428,0,0,0.01,3374765
1788983428,1,0,0,3374765
1788983428,3,0,0.011,3374765
1788983428,6,0,0.006,3374765
1788983428,3,0,0.072,3374765
1788983428,1,0,0,3374765
1788983428,0,0,0.009,3374765
1788983428,3,0,0.068,3374765
1788983428,6,0,0.008,3374765
1788983428,3,0,0.011,3374765
1788983428,3,0,0.072,3374765
1788983428,3,0,0.006,3374765
1788983430,2,0,1.473,3374765
1788983430,0,0,0.006,3374765
1788983430,1,0,0.001,3374765
1788983430,3,0,0.043,3374765
1788983430,3,0,0.018,3374765
1788983431,4,0,1.29,3374765
1788983431,1,0,0.001,3374765
1788983431,2,0,0.004,3374765
1788983433,4,0,1.763,3374765
1788983433,3,0,0.073,3374765
1788983434,2,0,0.93,3374765
1788983434,6,0,0.005,3374765
1788983435,4,0,0.987,3374765
1788983435,3,0,0.029,3374765
1788983435,4,0,0.61,3374765
1788983435,0,0,0.005,3374765
1788983437,2,0,1.245,3374765
1788983438,4,0,1.262,3374765
1788983438,1,0,0.001,3374765
1788983438,0,0,0.007,3374765
1788983439,4,0,1.513,3374765
1788983441,4,0,1.906,3374765
1788983444,4,0,2.356,3374765
1788983444,3,0,0.003,3374765
1788983447,4,0,3.026,3374765
1788983447,6,0,0.006,3374765
1788983449,5,0,2.607,3374765
1788983449,3,0,0.074,3374765
1788983449,1,0,0.001,3374765
1788983451,4,0,1.823,3374765
1788983451,6,0,0.006,3374765
1788983451,3,0,0.061,3374765
1788983453,5,0,1.444,3374765
1788983454,4,0,1.674,3374765
1788983454,0,0,0.004,3374765
1788983455,3,0,0.065,3374765
1788983455,3,0,0.048,3374765
1788983455,1,0,0,3374765
1788983455,3,0,0.069,3374765
1788983455,3,0,0.006,3374765
1788983455,0,0,0.007,3374765
1788983457,4,0,2.257,3374765
1788983457,3,0,0.064,3374765
1788983457,1,0,0.001,3374765
1788983459,2,0,1.809,3374765
1788983459,5,0,0.125,3374765
1788983459,2,0,0.003,3374765
1788983459,3,0,0.027,3374765
1788983461,4,0,2.123,3374765
1788983461,3,0,0.109,3374765
1788983464,4,0,2.387,3374765
1788983465,4,0,1.789,3374765
1788983465,3,0,0.077,3374765
1788983465,0,0,0.016,3374765
1788983465,6,0,0.003,3374765
1788983475,7,0,9.543,3374765
1788983475,6,0,0.005,3374765
1788983477,4,0,2.302,3374765
1788983480,2,0,2.831,3374765
1788983483,5,0,2.993,3374765
1788983483,0,0,0.017,3374765
1788983483,3,0,0.094,3374765
1788983483,2,0,0.002,3374765
1788983484,2,0,1.186,3374765
1788983484,1,0,0.002,3374765
1788983488,2,0,3.177,3374765
1788983488,5,0,0.822,3374765
1788983488,0,0,0.028,3374765
1788983488,2,0,0.002,3374765
1788983488,6,0,0.008,3374765
1788983489,5,0,0.125,3374765
1788983489,3,0,0.006,3374765
1788983490,4,0,1.555,3374765
1788983490,3,0,0.006,3374765
1788983490,1,0,0.002,3374765
1788983490,3,0,0.047,3374765
1788983492,4,0,1.93,3374765
1788983492,5,0,0.119,3374765
1788983494,4,0,1.4,3374765
1788983495,2,0,1.316,3374765
1788983495,3,0,0.048,3374765
1788983495,1,0,0.002,3374765
1788983495,3,0,0.012,3374765
1788983495,0,0,0.045,3374765
1788983495,6,0,0.008,3374765
1788983495,3,0,0.005,3374765
1788983495,3,0,0.015,3374765
1788983495,3,0,0.016,3374765
1788983495,0,0,0.005,3374765
1788983496,5,0,0.825,3374765
1788983496,3,0,0.005,3374765
1788983496,6,0,0.007,3374765
1788983496,2,0,0.003,3374765
1788983498,5,0,2.276,3374765
1788983498,3,0,0.062,3374765
1788983498,2,0,0.003,3374765
1788983498,1,0,0.002,3374765
1788983500,4,0,1.462,3374765
1788983501,4,0,1.313,3374765
1788983501,3,0,0.039,3374765
1788983501,5,0,0.131,3374765
1788983515,5,0,13.258,3374765
1788983517,4,0,2.387,3374765
1788983517,3,0,0.032,3374765
1788983517,0,0,0.004,3374765
1788983517,3,0,0.039,3374765
1788983517,6,0,0.005,3374765
1788983517,2,0,0.002,3374765
1788983517,3,0,0.047,3374765
1788983517,2,0,0.003,3374765
1788983517,3,0,0.004,3374765
1788983517,6,0,0.007,3374765
1788983526,7,0,8.821,3374765
1788983526,0,0,0.005,3374765
1788983526,2,0,0.002,3374765
1788983527,5,0,0.727,3374765
1788983527,0,0,0.014,3374765
1788983528,4,0,1.774,3374765
1788983530,2,0,1.853,3374765
1788983532,4,0,1.331,3374765
1788983532,6,0,0.008,3374765
1788983532,2,0,0.002,3374765
1788983533,4,0,1.261,3374765
1788983533,0,0,0.01,3374765
1788983537,2,0,3.87,3374765
1788983537,0,0,0.005,3374765
1788983537,6,0,0.007,3374765
1788983538,4,0,1.209,3374765
1788983538,0,0,0.003,3374765
1788983538,5,0,0.132,3374765
1788983538,3,0,0.074,3374765
1788983538,3,0,0.039,3374765
1788983538,2,0,0.003,3374765
1788983538,6,0,0.007,3374765
1788983542,5,0,3.372,3374765
1788983542,3,0,0.037,3374765
1788983542,1,0,0.003,3374765
1788983544,5,0,1.912,3374765
1788983557,5,0,13.142,3374765
1788983557,3,0,0.007,3374765
1788983558,4,0,1.09,3374765
1788983559,4,0,0.958,3374765
1788983559,3,0,0.011,3374765
1788983559,1,0,0.001,3374765
1788983559,0,0,0.007,3374765
1788983559,6,0,0.005,3374765
1788983560,5,0,1.111,3374765
1788983562,4,0,1.938,3374765
1788983562,3,0,0.045,3374765
1788983563,4,0,1.167,3374765
1788983564,2,0,0.851,3374765
1788983564,6,0,0.008,3374765
1788983564,0,0,0.006,3374765
1788983564,0,0,0.012,3374765
1788983564,1,0,0.001,3374765
1788983564,1,0,0.001,3374765
1788983564,1,0,0.002,3374765
1788983564,3,0,0.004,3374765
1788983566,4,0,1.693,3374765
1788983567,4,0,1.693,3374765
1788983567,3,0,0.04,3374765
1788983567,0,0,0.007,3374765
1788983570,5,0,3.039,3374765
1788983570,3,0,0.031,3374765
1788983580,7,0,9.909,3374765
1788983580,6,0,0.006,3374765
1788983584,2,0,3.597,3374765
1788983584,0,0,0.013,3374765
1788983584,3,0,0.027,3374765
1788983584,3,0,0.057,3374765
1788983584,3,0,0.007,3374765
1788983584,3,0,0.094,3374765
1788983584,3,0,0.022,3374765
1788983584,2,0,0.002,3374765
1788983584,1,0,0.002,3374765
1788983584,5,0,0.126,3374765
1788983584,3,0,0.05,3374765
1788983584,0,0,0.007,3374765
1788983584,1,0,0.001,3374765
1788983586,2,0,1.446,3374765
1788983587,7,0,1.237,3374765
1788983587,3,0,0.011,3374765
1788983587,0,0,0.004,3374765
1788983587,0,0,0.004,3374765
1788983589,2,0,1.461,3374765
1788983589,3,0,0.004,3374765
1788983589,0,0,0.037,3374765
1788983590,4,0,1.229,3374765
1788983590,2,0,0.671,3374765
1788983592,4,0,1.632,3374765
1788983592,6,0,0.005,3374765
1788983592,3,0,0.03,3374765
1788983592,3,0,0.007,3374765
1788983592,0,0,0.016,3374765
1788983594,4,0,1.814,3374765
1788983594,0,0,0.013,3374765
1788983594,6,0,0.009,3374765
1788983594,0,0,0.006,3374765
1788983594,1,0,0,3374765
1788983596,4,0,1.751,3374765
1788983596,3,0,0.032,3374765
1788983599,4,0,3.29,3374765
1788983608,5,0,8.792,3374765
1788983608,6,0,0.009,3374765
1788983608,0,0,0.007,3374765
1788983610,4,0,2.079,3374765
1788983611,5,0,1.169,3374765
1788983612,4,0,1.008,3374765
1788983612,3,0,0.045,3374765
1788983615,4,0,2.538,3374765
1788983617,5,0,1.829,3374765
1788983619,5,0,2.078,3374765
1788983619,1,0,0.003,3374765
1788983619,1,0,0.001,3374765
1788983619,7,0,0.877,3374765
1788983619,6,0,0.007,3374765
1788983623,5,0,3.568,3374765
1788983624,2,0,1.006,3374765
1788983624,1,0,0.001,3374765
1788983625,4,0,1.32,3374765
1788983625,0,0,0.01,3374765
1788983628,4,0,2.309,3374765
1788983628,3,0,0.057,3374765
1788983628,0,0,0.007,3374765
1788983628,6,0,0.007,3374765
1788983628,2,0,0.002,3374765
1788983628,0,0,0.015,3374765
1788983628,3,0,0.002,3374765
1788983629,4,0,1.426,3374765
1788983629,3,0,0.072,3374765
1788983629,2,0,0.002,3374765
1788983631,4,0,1.271,3374765
1788983631,2,0,0.003,3374765
1788983631,3,0,0.068,3374765
1788983641,5,0,9.956,3374765
1788983641,3,0,0.004,3374765
1788983641,6,0,0.007,3374765
1788983643,4,0,1.98,3374765
1788983646,4,0,3.03,3374765
1788983647,4,0,1.207,3374765
1788983647,0,0,0.007,3374765
1788983648,4,0,1.102,3374765
1788983659,5,0,11.403,3374765
1788983659,2,0,0.003,3374765
1788983659,0,0,0.018,3374765
1788983659,3,0,0.01,3374765
1788983659,2,0,0.004,3374765
1788983661,4,0,1.304,3374765
1788983662,4,0,1.129,3374765
1788983662,2,0,0.629,3374765
1788983665,4,0,3,3374765
1788983666,4,0,0.762,3374765
1788983666,0,0,0.017,3374765
1788983666,0,0,0.011,3374765
1788983676,5,0,9.563,3374765
1788983678,4,0,1.711,3374765
1788983678,0,0,0.018,3374765
1788983682,4,0,4.003,3374765
1788983683,4,0,1.663,3374765
1788983683,5,0,0.127,3374765
1788983683,0,0,0.009,3374765
1788983683,6,0,0.007,3374765
1788983683,6,0,0.009,3374765
1788983683,6,0,0.006,3374765
1788983685,2,0,1.182,3374765
1788983687,4,0,2.755,3374765
1788983687,0,0,0.01,3374765
1788983689,4,0,1.574,3374765
1788983691,4,0,2.55,3374765
1788983691,3,0,0.081,3374765
1788983696,4,0,4.913,3374765
1788983698,4,0,1.437,3374765
1788983698,6,0,0.009,3374765
1788983699,4,0,1.2,3374765
1788983699,3,0,0.024,3374765
1788983699,3,0,0.016,3374765
1788983699,0,0,0.007,3374765
1788983704,5,0,4.416,3374765
1788983704,6,0,0.008,3374765
1788983705,2,0,1.294,3374765
1788983706,4,0,1.129,3374765
1788983706,0,0,0.012,3374765
1788983706,3,0,0.004,3374765
1788983706,3,0,0.084,3374765
1788983707,4,0,1.169,3374765
1788983710,2,0,2.49,3374765
1788983710,2,0,0.002,3374765
1788983711,4,0,1.361,3374765
1788983711,3,0,0.09,3374765
1788983714,4,0,2.972,3374765
1788983716,4,0,1.726,3374765
1788983717,4,0,1.106,3374765
1788983718,2,0,0.77,3374765
1788983718,2,0,0.003,3374765
1788983718,3,0,0.034,3374765
1788983718,0,0,0.011,3374765
1788983722,4,0,3.747,3374765
1788983722,0,0,0.009,3374765
1788983722,5,0,0.128,3374765
1788983722,0,0,0.015,3374765
1788983723,4,0,1.259,3374765
1788983724,4,0,1.537,3374765
1788983724,0,0,0.016,3374765
1788983726,5,0,1.18,3374765
1788983726,0,0,0.007,3374765
1788983727,4,0,0.958,3374765
1788983728,2,0,0.894,3374765
1788983728,0,0,0.011,3374765
1788983729,4,0,1.627,3374765
1788983729,0,0,0.013,3374765
1788983729,0,0,0.016,3374765
1788983731,4,0,1.471,3374765
1788983731,2,0,0.003,3374765
1788983731,3,0,0.034,3374765
1788983731,6,0,0.008,3374765
1788983735,4,0,4.414,3374765
1788983746,5,0,10.523,3374765
1788983746,3,0,0.056,3374765
1788983746,3,0,0.006,3374765
1788983746,6,0,0.006,3374765
1788983746,3,0,0.009,3374765
1788983747,2,0,0.861,3374765
1788983748,2,0,1.257,3374765
1788983748,6,0,0.009,3374765
1788983748,3,0,0.052,3374765
1788983757,5,0,9.211,3374765
1788983759,2,0,1.722,3374765
1788983759,2,0,0.004,3374765
1788983769,7,0,10.202,3374765
1788983771,4,0,1.515,3374765
1788983772,2,0,1.086,3374765
1788983773,2,0,1.271,3374765
1788983773,6,0,0.01,3374765
1788983773,0,0,0.011,3374765
1788983773,6,0,0.006,3374765
1788983773,6,0,0.006,3374765
1788983773,0,0,0.012,3374765
1788983773,6,0,0.007,3374765
1788983773,2,0,0.003,3374765
1788983774,4,0,1.166,3374765
1788983774,6,0,0.008,3374765
1788983774,0,0,0.005,3374765
1788983776,4,0,1.381,3374765
1788983776,5,0,0.128,3374765
1788983776,6,0,0.006,3374765
1788983776,6,0,0.007,3374765
1788983778,4,0,2.234,3374765
1788983778,6,0,0.006,3374765
1788983780,2,0,1.649,3374765
1788983781,2,0,1.225,3374765
1788983781,6,0,0.006,3374765
1788983785,4,0,4.527,3374765
1788983785,3,0,0.006,3374765
1788983785,3,0,0.004,3374765
1788983785,1,0,0.003,3374765
1788983786,7,0,0.176,3374765
1788983798,7,0,12.118,3374765
1788983798,6,0,0.006,3374765
1788983799,4,0,1.688,3374765
1788983802,4,0,2.187,3374765
1788983802,3,0,0.089,3374765
1788983802,0,0,0.008,3374765
1788983802,6,0,0.007,3374765
1788983802,0,0,0.007,3374765
1788983803,5,0,1.119,3374765
1788983803,6,0,0.008,3374765
1788983803,3,0,0.002,3374765
1788983803,2,0,0.002,3374765
1788983803,0,0,0.005,3374765
1788983804,2,0,1.447,3374765
1788983812,7,0,7.649,3374765
1788983813,5,0,1.407,3374765
1788983823,5,0,10.06,3374765
1788983825,4,0,1.973,3374765
1788983827,2,0,1.511,3374765
1788983827,6,0,0.006,3374765
1788983828,4,0,1.466,3374765
1788983830,2,0,1.525,3374765
1788983830,3,0,0.015,3374765
1788983830,6,0,0.008,3374765
1788983830,2,0,0.002,3374765
1788983830,3,0,0.1,3374765
1788983830,0,0,0.011,3374765
1788983832,4,0,2.163,3374765
1788983832,5,0,0.126,3374765
1788983832,0,0,0.009,3374765
1788983834,2,0,2.089,3374765
1788983834,6,0,0.007,3374765
1788983836,5,0,1.795,3374765
1788983840,2,0,3.441,3374765
1788983840,3,0,0.042,3374765
1788983840,1,0,0.002,3374765
1788983840,0,0,0.006,3374765
1788983842,4,0,2.773,3374765
1788983844,5,0,1.144,3374765
1788983844,3,0,0.042,3374765
1788983845,4,0,1.032,3374765
1788983845,6,0,0.006,3374765
1788983845,3,0,0.006,3374765
1788983849,4,0,4.151,3374765
1788983849,6,0,0.007,3374765
1788983849,6,0,0.009,3374765
1788983849,3,0,0.01,3374765
1788983849,3,0,0.067,3374765
1788983849,2,0,0.003,3374765
1788983849,6,0,0.006,3374765
1788983849,2,0,0.003,3374765
1788983849,1,0,0.001,3374765
1788983850,2,0,1.166,3374765
1788983857,7,0,6.652,3374765
1788983857,5,0,0.128,3374765
1788983857,3,0,0.062,3374765
1788983858,4,0,0.938,3374765
1788983858,3,0,0.084,3374765
1788983858,0,0,0.015,3374765
1788983860,4,0,2.054,3374765
1788983860,6,0,0.006,3374765
1788983862,4,0,1.854,3374765
1788983862,2,0,0.002,3374765
1788983862,0,0,0.005,3374765
1788983862,6,0,0.007,3374765
1788983863,4,0,0.871,3374765
1788983863,5,0,0.121,3374765
1788983863,2,0,0.002,3374765
1788983863,3,0,0.057,3374765
1788983863,3,0,0.043,3374765
1788983863,3,0,0.062,3374765
1788983863,6,0,0.007,3374765
1788983864,4,0,0.918,3374765
1788983865,4,0,1.139,3374765
1788983866,4,0,1.294,3374765
1788983866,3,0,0.103,3374765
1788983867,5,0,0.107,3374765
1788983869,4,0,2.791,3374765
1788983870,4,0,1.096,3374765
1788983870,0,0,0.011,3374765
1788983870,3,0,0.004,3374765
1788983872,2,0,1.45,3374765
1788983872,5,0,0.127,3374765
1788983873,4,0,0.933,3374765
1788983874,2,0,0.655,3374765
1788983874,2,0,0.002,3374765
1788983874,3,0,0.003,3374765
1788983875,4,0,1.544,3374765
1788983875,2,0,0.002,3374765
1788983876,4,0,0.966,3374765
1788983876,0,0,0.01,3374765
1788983877,4,0,1.004,3374765
1788983877,0,0,0.004,3374765
1788983886,7,0,8.889,3374765
1788983886,0,0,0.011,3374765
1788983888,4,0,1.58,3374765
1788983888,2,0,0.002,3374765
1788983888,2,0,0.003,3374765
1788983888,3,0,0.035,3374765
1788983888,3,0,0.07,3374765
1788983889,4,0,1.565,3374765
1788983889,3,0,0.017,3374765
1788983889,3,0,0.004,3374765
1788983891,4,0,2.096,3374765
1788983892,4,0,1.004,3374765
1788983894,2,0,1.047,3374765
1788983894,3,0,0.071,3374765
1788983895,2,0,0.948,3374765
1788983895,3,0,0.009,3374765
1788983895,6,0,0.007,3374765
1788983896,2,0,1.456,3374765
1788983897,4,0,1.48,3374765
1788983898,3,0,0.063,3374765
1788983898,5,0,0.133,3374765
1788983898,3,0,0.007,3374765
1788983898,6,0,0.011,3374765
1788983899,4,0,1.424,3374765
1788983900,4,0,1.248,3374765
1788983900,6,0,0.006,3374765
1788983902,7,0,1.422,3374765
1788983902,3,0,0.008,3374765
1788983905,2,0,3.591,3374765
1788983905,1,0,0.002,3374765
1788983907,7,0,1.886,3374765
1788983911,4,0,3.402,3374765
1788983914,4,0,3.165,3374765
1788983914,3,0,0.088,3374765
1788983914,6,0,0.007,3374765
1788983915,2,0,1.014,3374765
1788983915,6,0,0.008,3374765
1788983915,6,0,0.008,3374765
1788983915,0,0,0.014,3374765
1788983915,3,0,0.077,3374765
1788983916,4,0,1.103,3374765
1788983916,0,0,0.01,3374765
1788983920,4,0,3.733,3374765
1788983920,3,0,0.09,3374765
1788983920,1,0,0.001,3374765
1788983920,2,0,0.004,3374765
1788983920,0,0,0.016,3374765
1788983920,0,0,0.014,3374765
1788983921,2,0,1.197,3374765
1788983921,0,0,0.01,3374765
1788983921,1,0,0.002,3374765
1788983921,0,0,0.01,3374765
1788983921,6,0,0.007,3374765
1788983932,7,0,10.477,3374765
1788983933,5,0,1.406,3374765
1788983933,1,0,0.002,3374765
1788983933,5,0,0.119,3374765
1788983933,5,0,0.128,3374765
1788983933,0,0,0.007,3374765
1788983934,4,0,0.65,3374765
1788983935,2,0,1.276,3374765
1788983938,4,0,2.165,3374765
1788983938,2,0,0.002,3374765
1788983938,3,0,0.004,3374765
1788983939,4,0,1.213,3374765
1788983939,0,0,0.009,3374765
1788983939,0,0,0.016,3374765
1788983940,2,0,1.583,3374765
1788983944,4,0,4.046,3374765
1788983944,3,0,0.046,3374765
1788983944,6,0,0.007,3374765
1788983949,4,0,4.381,3374765
1788983949,6,0,0.006,3374765
1788983949,6,0,0.006,3374765
1788983958,5,0,9.366,3374765
1788983962,4,0,3.611,3374765
1788983962,3,0,0.05,3374765
1788983964,4,0,1.88,3374765
1788983964,2,0,0.697,3374765
1788983965,5,0,0.128,3374765
1788983965,6,0,0.007,3374765
1788983968,4,0,3.349,3374765
1788983968,0,0,0.01,3374765
1788983968,0,0,0.012,3374765
1788983968,1,0,0.001,3374765
1788983968,2,0,0.004,3374765
1788983968,3,0,0.006,3374765
1788983968,0,0,0.014,3374765
1788983968,2,0,0.003,3374765
1788983969,4,0,0.639,3374765
1788983970,4,0,1.016,3374765
1788983974,4,0,4.014,3374765
1788983975,5,0,1.754,3374765
1788983975,3,0,0.004,3374765
1788983975,3,0,0.071,3374765
1788983977,2,0,1.556,3374765
1788983979,4,0,1.762,3374765
1788983980,4,0,1.328,3374765
1788983980,6,0,0.007,3374765
1788983980,0,0,0.012,3374765
1788983980,2,0,0.003,3374765
1788983982,4,0,1.607,3374765
1788983982,5,0,0.115,3374765
1788983982,0,0,0.005,3374765
1788983990,7,0,8.048,3374765
1788983990,3,0,0.051,3374765
1788984001,5,0,11.464,3374765
1788984001,6,0,0.006,3374765
1788984003,4,0,1.88,3374765
1788984003,5,0,0.111,3374765
1788984003,0,0,0.012,3374765
1788984003,0,0,0.013,3374765
1788984003,3,0,0.005,3374765
1788984005,4,0,1.05,3374765
1788984005,2,0,0.004,3374765
1788984005,0,0,0.014,3374765
1788984005,2,0,0.002,3374765
1788984005,6,0,0.007,3374765
1788984005,3,0,0.045,3374765
1788984006,2,0,1.553,3374765
1788984006,6,0,0.005,3374765
1788984006,0,0,0.006,3374765
1788984006,0,0,0.012,3374765
1788984008,4,0,1.636,3374765
1788984008,3,0,0.052,3374765
1788984008,3,0,0.009,3374765
1788984008,3,0,0.055,3374765
1788984008,5,0,0.122,3374765
1788984008,3,0,0.084,3374765
1788984008,2,0,0.002,3374765
1788984009,2,0,1.206,3374765
1788984009,0,0,0.005,3374765
1788984009,0,0,0.009,3374765
1788984009,6,0,0.011,3374765
1788984012,5,0,2.308,3374765
1788984013,4,0,1.218,3374765
1788984013,0,0,0.01,3374765
1788984013,2,0,0.004,3374765
1788984013,5,0,0.123,3374765
1788984013,6,0,0.005,3374765
1788984013,0,0,0.006,3374765
1788984016,4,0,3.418,3374765
1788984019,4,0,2.894,3374765
1788984019,3,0,0.005,3374765
1788984019,1,0,0.001,3374765
1788984028,7,0,8.594,3374765
1788984029,2,0,0.821,3374765
1788984030,4,0,0.872,3374765
1788984030,5,0,0.785,3374765
1788984031,5,0,1.037,3374765
1788984034,4,0,2.821,3374765
1788984034,0,0,0.015,3374765
1788984034,6,0,0.008,3374765
1788984036,4,0,1.234,3374765
1788984036,3,0,0.058,3374765
1788984036,3,0,0.037,3374765
1788984036,0,0,0.019,3374765
1788984036,3,0,0.006,3374765
1788984036,1,0,0.002,3374765
1788984036,6,0,0.009,3374765
1788984036,2,0,0.001,3374765
1788984037,2,0,1.746,3374765
1788984041,4,0,3.239,3374765
1788984041,3,0,0.092,3374765
1788984042,4,0,1.521,3374765
1788984042,3,0,0.049,3374765
1788984042,0,0,0.008,3374765
1788984042,0,0,0.011,3374765
1788984042,1,0,0.002,3374765
1788984043,2,0,0.961,3374765
1788984044,4,0,0.983,3374765
1788984044,2,0,0.003,3374765
1788984054,5,0,9.65,3374765
1788984055,4,0,1.314,3374765
1788984055,0,0,0.007,3374765
1788984057,4,0,1.515,3374765
1788984057,3,0,0.052,3374765
1788984057,0,0,0.055,3374765
1788984057,1,0,0.002,3374765
1788984058,5,0,0.971,3374765
1788984059,4,0,1.022,3374765
1788984059,3,0,0.04,3374765
1788984059,3,0,0.069,3374765
1788984060,4,0,0.716,3374765
1788984060,6,0,0.005,3374765
1788984061,2,0,0.97,3374765
1788984061,0,0,0.014,3374765
1788984061,3,0,0.003,3374765
1788984061,0,0,0.012,3374765
1788984061,1,0,0.002,3374765
1788984061,0,0,0.01,3374765
1788984061,0,0,0.012,3374765
1788984061,2,0,0.002,3374765
1788984061,3,0,0.016,3374765
1788984062,4,0,1.098,3374765
1788984064,4,0,1.895,3374765
1788984065,4,0,1.477,3374765
1788984065,3,0,0.067,3374765
1788984067,2,0,1.338,3374765
1788984067,7,0,0.184,3374765
1788984068,4,0,1.081,3374765
1788984070,4,0,2.085,3374765
1788984070,3,0,0.071,3374765
1788984070,2,0,0.001,3374765
1788984070,3,0,0.041,3374765
1788984071,4,0,0.998,3374765
1788984071,6,0,0.006,3374765
1788984071,5,0,0.122,3374765
1788984071,6,0,0.008,3374765
1788984071,6,0,0.005,3374765
1788984073,4,0,1.309,3374765
1788984073,6,0,0.005,3374765
1788984074,4,0,1.152,3374765
1788984075,2,0,1.04,3374765
1788984075,3,0,0.006,3374765
1788984075,3,0,0.004,3374765
1788984075,2,0,0.003,3374765
1788984075,0,0,0.015,3374765
1788984076,4,0,0.935,3374765
1788984076,6,0,0.006,3374765
1788984076,5,0,0.135,3374765
1788984078,2,0,2.397,3374765
1788984078,3,0,0.032,3374765
1788984080,4,0,2.065,3374765
1788984080,3,0,0.01,3374765
1788984080,3,0,0.094,3374765
1788984080,3,0,0.005,3374765
1788984082,4,0,1.998,3374765
1788984082,6,0,0.012,3374765
1788984082,0,0,0.013,3374765
1788984092,7,0,9.099,3374765
1788984092,3,0,0.044,3374765
1788984102,7,0,10.693,3374765
1788984102,3,0,0.036,3374765
1788984102,3,0,0.055,3374765
1788984104,2,0,1.553,3374765
1788984104,3,0,0.077,3374765
1788984104,6,0,0.005,3374765
1788984104,2,0,0.003,3374765
1788984105,4,0,1.31,3374765
1788984105,6,0,0.007,3374765
1788984108,4,0,3.033,3374765
1788984108,3,0,0.006,3374765
1788984108,0,0,0.012,3374765
1788984108,0,0,0.014,3374765
1788984108,3,0,0.059,3374765
1788984109,4,0,0.884,3374765
1788984112,4,0,2.8,3374765
1788984114,4,0,1.812,3374765
1788984114,6,0,0.007,3374765
1788984115,4,0,1.411,3374765
1788984117,4,0,1.485,3374765
1788984117,1,0,0.002,3374765
1788984117,6,0,0.008,3374765
1788984120,4,0,2.73,3374765
1788984120,0,0,0.013,3374765
1788984121,4,0,1.758,3374765
1788984123,5,0,1.483,3374765
1788984123,2,0,0.002,3374765
1788984123,2,0,0.003,3374765
1788984123,3,0,0.039,3374765
1788984123,6,0,0.007,3374765
1788984124,7,0,1.121,3374765
1788984124,3,0,0.008,3374765
1788984126,4,0,2.42,3374765
1788984127,4,0,1.01,3374765
1788984129,5,0,1.369,3374765
1788984129,3,0,0.008,3374765
1788984129,1,0,0.002,3374765
1788984129,2,0,0.002,3374765
1788984129,3,0,0.002,3374765
1788984129,1,0,0.001,3374765
1788984130,4,0,1.482,3374765
1788984130,3,0,0.038,3374765
1788984130,3,0,0.003,3374765
1788984131,2,0,0.586,3374765
1788984131,3,0,0.069,3374765
1788984131,2,0,0.002,3374765
1788984133,2,0,1.861,3374765
1788984134,4,0,0.824,3374765
1788984136,5,0,1.833,3374765
1788984137,2,0,1.793,3374765
1788984139,4,0,2.07,3374765
1788984141,2,0,1.563,3374765
1788984141,2,0,0.003,3374765
1788984141,3,0,0.048,3374765
1788984141,0,0,0.009,3374765
1788984143,4,0,1.753,3374765
1788984143,6,0,0.008,3374765
1788984143,2,0,0.003,3374765
1788984143,3,0,0.057,3374765
1788984143,2,0,0.002,3374765
1788984143,6,0,0.005,3374765
1788984145,4,0,1.683,3374765
1788984145,1,0,0.001,3374765
1788984146,2,0,1.318,3374765
1788984146,6,0,0.008,3374765
1788984146,5,0,0.128,3374765
1788984146,2,0,0.003,3374765
1788984148,4,0,1.518,3374765
1788984149,2,0,1.273,3374765
1788984149,7,0,0.177,3374765
1788984149,5,0,0.115,3374765
1788984151,2,0,1.427,3374765
1788984152,5,0,1.832,3374765
1788984153,2,0,0.71,3374765
1788984154,4,0,0.874,3374765
1788984154,3,0,0.046,3374765
1788984162,5,0,8.458,3374765
1788984164,5,0,1.421,3374765
1788984164,3,0,0.048,3374765
1788984164,3,0,0.008,3374765
1788984164,2,0,0.003,3374765
1788984164,2,0,0.002,3374765
1788984166,2,0,2.345,3374765
1788984168,4,0,1.401,3374765
1788984168,6,1,0.006,3374765
1788984169,4,0,1.112,3374765
1788984169,3,0,0.04,3374765
1788984169,2,0,0.002,3374765
1788984170,5,0,1.135,3374765
1788984174,4,0,4.164,3374765
1788984174,1,0,0.002,3374765
1788984174,2,0,0.002,3374765
1788984175,2,0,0.851,3374765
1788984175,3,0,0.005,3374765
1788984175,3,0,0.011,3374765
1788984175,0,0,0.01,3374765
1788984176,4,0,1.265,3374765
1788984177,4,0,0.951,3374765
1788984177,0,0,0.01,3374765
1788984177,1,0,0.001,3374765
1788984179,4,0,1.445,3374765
1788984179,3,0,0.073,3374765
1788984180,2,0,1.235,3374765
1788984180,5,0,0.131,3374765
1788984182,2,0,1.512,3374765
1788984182,1,0,0.001,3374765
1788984182,5,0,0.133,3374765
1788984183,4,0,1.629,3374765
1788984183,0,0,0.01,3374765
1788984183,0,0,0.01,3374765
1788984183,0,0,0.009,3374765
1788984183,6,0,0.007,3374765
1788984195,5,0,11.514,3374765
1788984197,4,0,2.129,3374765
1788984197,2,0,0.003,3374765
1788984198,7,0,0.937,3374765
1788984198,2,0,0.002,3374765
1788984198,0,0,0.005,3374765
1788984200,4,0,1.483,3374765
1788984200,0,0,0.018,3374765
1788984200,1,0,0.001,3374765
1788984201,4,0,1.107,3374765
1788984202,4,0,0.97,3374765
1788984203,4,0,0.935,3374765
1788984203,1,0,0.002,3374765
1788984203,2,0,0.002,3374765
1788984204,4,0,1.653,3374765
1788984204,0,0,0.012,3374765
1788984205,4,0,1.057,3374765
1788984205,6,0,0.009,3374765
1788984205,3,0,0.088,3374765
1788984208,5,0,2.28,3374765
1788984208,3,0,0.014,3374765
1788984208,6,0,0.008,3374765
1788984208,1,0,0,3374765
1788984208,0,0,0.006,3374765
1788984208,0,0,0.01,3374765
1788984208,0,0,0.015,3374765
1788984212,2,0,4.234,3374765
1788984212,1,0,0.001,3374765
1788984213,4,0,1.162,3374765
1788984213,0,0,0.009,3374765
1788984213,3,0,0.081,3374765
1788984213,0,0,0.012,3374765
1788984213,3,0,0.012,3374765
1788984213,3,0,0.085,3374765
1788984213,0,0,0.016,3374765
1788984215,7,0,1.648,3374765
1788984215,3,0,0.039,3374765
1788984215,1,0,0,3374765
1788984215,0,0,0.004,3374765
1788984223,5,0,7.953,3374765
1788984224,4,0,0.949,3374765
1788984224,1,0,0.001,3374765
1788984224,6,0,0.009,3374765
1788984225,5,0,1.564,3374765
1788984225,2,0,0.003,3374765
1788984228,5,0,2.182,3374765
1788984229,4,0,1.585,3374765
1788984230,4,0,0.888,3374765
1788984232,4,0,1.486,3374765
1788984232,1,0,0.001,3374765
1788984232,3,0,0.04,3374765
1788984232,2,0,0.003,3374765
1788984244,5,0,12.271,3374765
1788984244,6,0,0.007,3374765
1788984244,3,0,0.01,3374765
1788984244,3,0,0.077,3374765
1788984244,0,0,0.009,3374765
1788984244,3,0,0.066,3374765
1788984244,6,0,0.007,3374765
1788984244,3,0,0.009,3374765
1788984244,3,0,0.095,3374765
1788984245,4,0,0.804,3374765
1788984245,1,0,0.001,3374765
1788984245,6,0,0.008,3374765
1788984245,6,0,0.008,3374765
1788984245,3,0,0.018,3374765
1788984247,4,0,1.835,3374765
1788984247,0,0,0.009,3374765
1788984247,3,0,0.06,3374765
1788984247,3,0,0.036,3374765
1788984247,2,0,0.002,3374765
1788984247,2,0,0.001,3374765
1788984247,2,0,0.002,3374765
1788984249,4,0,1.788,3374765
1788984250,5,0,1.204,3374765
1788984252,2,0,1.991,3374765
1788984253,4,0,1.377,3374765
1788984253,0,0,0.008,3374765
1788984254,4,0,0.916,3374765
1788984257,4,0,3.046,3374765
1788984260,4,0,2.703,3374765
1788984260,1,0,0.001,3374765
1788984262,4,0,1.849,3374765
1788984263,4,0,0.941,3374765
1788984264,7,0,0.962,3374765
1788984264,6,0,0.005,3374765
1788984265,4,0,1.611,3374765
1788984265,3,0,0.035,3374765
1788984266,3,0,0.054,3374765
1788984268,4,0,2.145,3374765
1788984268,2,0,0.002,3374765
1788984268,3,0,0.04,3374765
1788984268,3,0,0.044,3374765
1788984270,2,0,2.443,3374765
1788984270,0,0,0.01,3374765
1788984272,5,0,2.108,3374765
1788984272,6,0,0.007,3374765
1788984272,0,0,0.012,3374765
1788984272,2,0,0.003,3374765
1788984272,2,0,0.003,3374765
1788984272,3,0,0.017,3374765
1788984272,2,0,0.003,3374765
1788984272,3,0,0.063,3374765
1788984273,4,0,0.758,3374765
1788984274,4,0,1.314,3374765
1788984275,3,0,0.058,3374765
1788984275,0,0,0.01,3374765
1788984275,0,0,0.004,3374765
1788984275,0,0,0.013,3374765
1788984275,2,0,0.003,3374765
1788984275,0,0,0.01,3374765
1788984275,6,0,0.006,3374765
1788984275,3,0,0.051,3374765
1788984275,3,0,0.09,3374765
1788984275,2,0,0.004,3374765
1788984276,4,0,1.223,3374765
1788984287,5,0,11.109,3374765
1788984287,0,0,0.014,3374765
1788984287,3,0,0.073,3374765
1788984287,0,0,0.01,3374765
1788984287,3,0,0.028,3374765
1788984287,3,0,0.003,3374765
1788984287,1,0,0.001,3374765
1788984287,3,0,0.047,3374765
1788984287,3,0,0.008,3374765
1788984287,2,0,0.003,3374765
1788984287,2,0,0.002,3374765
1788984287,0,0,0.009,3374765
1788984289,5,0,1.919,3374765
1788984289,1,0,0.001,3374765
1788984289,7,0,0.164,3374765
1788984289,5,0,0.125,3374765
1788984291,4,0,1.379,3374765
1788984291,5,0,0.117,3374765
1788984291,0,0,0.009,3374765
1788984292,4,0,1.148,3374765
1788984292,0,0,0.007,3374765
1788984292,1,0,0.001,3374765
1788984295,4,0,2.39,3374765
1788984295,3,0,0.032,3374765
1788984297,2,0,2.053,3374765
1788984298,5,0,1.164,3374765
1788984299,4,0,1.237,3374765
1788984300,2,0,1.326,3374765
1788984300,0,0,0.008,3374765
1788984300,5,0,0.12,3374765
1788984301,4,0,0.777,3374765
1788984302,4,0,0.812,3374765
1788984302,1,0,0.001,3374765
1788984302,0,0,0.014,3374765
1788984303,2,0,1.179,3374765
1788984313,7,0,10.18,3374765
1788984315,4,0,1.075,3374765
1788984315,3,0,0.006,3374765
1788984315,6,0,0.006,3374765
1788984315,3,0,0.09,3374765
1788984315,0,0,0.01,3374765
1788984315,3,0,0.047,3374765
1788984317,4,0,2.171,3374765
1788984319,5,0,1.733,3374765
1788984320,4,0,1.767,3374765
1788984322,4,0,1.274,3374765
1788984324,2,0,2.017,3374765
1788984326,4,0,1.907,3374765
1788984326,2,0,0.004,3374765
1788984327,2,0,1.531,3374765
1788984330,4,0,2.661,3374765
1788984330,3,0,0.042,3374765
1788984331,4,0,1.117,3374765
1788984333,7,0,1.89,3374765
1788984335,4,0,1.972,3374765
1788984335,3,0,0.062,3374765
1788984335,7,0,0.176,3374765
1788984335,0,0,0.005,3374765
1788984335,6,0,0.009,3374765
1788984337,5,0,1.63,3374765
1788984337,0,0,0.008,3374765
1788984337,0,0,0.006,3374765
1788984337,0,0,0.004,3374765
1788984338,4,0,1.69,3374765
1788984340,4,0,2.091,3374765
1788984352,5,0,11.646,3374765
1788984352,3,0,0.007,3374765
1788984352,0,0,0.011,3374765
1788984353,4,0,1.191,3374765
1788984355,5,0,1.349,3374765
1788984366,5,0,11.57,3374765
1788984366,3,0,0.017,3374765
1788984366,0,0,0.007,3374765
1788984368,2,0,1.946,3374765
1788984368,0,0,0.008,3374765
1788984368,3,0,0.055,3374765
1788984368,3,0,0.072,3374765
1788984369,4,0,0.767,3374765
1788984370,4,0,1.202,3374765
1788984370,0,0,0.011,3374765
1788984371,4,0,0.959,3374765
1788984371,6,0,0.007,3374765
1788984371,3,0,0.086,3374765
1788984371,3,0,0.062,3374765
1788984371,6,0,0.008,3374765
1788984371,3,0,0.063,3374765
1788984371,0,0,0.014,3374765
1788984372,0,0,0.01,3374765
1788984372,6,0,0.011,3374765
1788984372,3,0,0.076,3374765
1788984372,3,0,0.011,3374765
1788984372,0,0,0.007,3374765
1788984372,3,0,0.036,3374765
1788984373,2,0,1.685,3374765
1788984373,6,0,0.006,3374765
1788984373,0,0,0.006,3374765
1788984375,4,0,1.619,3374765
1788984375,3,0,0.01,3374765
1788984375,1,0,0.002,3374765
1788984375,6,0,0.009,3374765
1788984376,2,0,0.944,3374765
1788984376,0,0,0.009,3374765
1788984376,0,0,0.021,3374765
1788984376,7,0,0.18,3374765
1788984378,2,0,1.51,3374765
1788984378,0,0,0.012,3374765
1788984378,6,0,0.006,3374765
1788984378,3,0,0.035,3374765
1788984378,3,0,0.063,3374765
1788984378,3,0,0.007,3374765
1788984378,6,0,0.006,3374765
1788984378,0,0,0.006,3374765
1788984378,0,0,0.007,3374765
1788984378,3,0,0.14,3374765
1788984379,2,0,0.756,3374765
1788984380,4,0,1.378,3374765
1788984380,3,0,0.032,3374765
1788984382,2,0,2.197,3374765
1788984383,2,0,0.912,3374765
1788984384,4,0,0.777,3374765
1788984384,0,0,0.013,3374765
1788984384,0,0,0.017,3374765
1788984384,6,0,0.01,3374765
1788984384,3,0,0.01,3374765
1788984385,5,0,1.117,3374765
1788984385,0,0,0.01,3374765
1788984385,0,0,0.014,3374765
1788984385,6,0,0.01,3374765
1788984385,0,0,0.008,3374765
1788984387,4,0,1.644,3374765
1788984397,5,0,10.365,3374765
1788984397,0,0,0.008,3374765
1788984397,6,1,0.005,3374765
1788984397,6,0,0.007,3374765
1788984397,6,0,0.008,3374765
1788984397,3,0,0.035,3374765
1788984399,2,0,1.605,3374765
1788984400,4,0,1.489,3374765
1788984409,5,0,9.124,3374765
1788984411,5,0,1.478,3374765
1788984411,3,0,0.056,3374765
1788984411,6,0,0.005,3374765
1788984412,2,0,0.914,3374765
1788984412,3,0,0.001,3374765
1788984412,0,0,0.003,3374765
1788984414,4,0,1.638,3374765
1788984414,3,0,0.012,3374765
1788984415,4,0,1.778,3374765
1788984415,6,0,0.006,3374765
1788984415,0,0,0.01,3374765
1788984415,6,0,0.005,3374765
1788984417,4,0,1.438,3374765
1788984417,3,0,0.008,3374765
1788984419,4,0,2.218,3374765
1788984420,2,0,1.273,3374765
1788984420,5,0,0.125,3374765
1788984420,3,0,0.012,3374765
1788984422,4,0,1.401,3374765
1788984422,3,0,0.054,3374765
1788984423,2,0,1.146,3374765
1788984423,0,0,0.014,3374765
1788984425,5,0,1.828,3374765
1788984426,5,0,1.183,3374765
1788984427,4,0,1.121,3374765
1788984427,3,0,0.044,3374765
1788984427,0,0,0.015,3374765
1788984429,4,0,1.309,3374765
1788984429,2,0,0.004,3374765
1788984429,3,0,0.068,3374765
1788984431,2,0,1.968,3374765
1788984431,3,0,0.082,3374765
1788984431,3,0,0.087,3374765
1788984433,4,0,2.337,3374765
1788984434,2,0,1.108,3374765
1788984434,0,0,0.006,3374765
1788984434,1,0,0.003,3374765
1788984434,6,0,0.008,3374765
1788984434,3,0,0.069,3374765
1788984434,6,0,0.008,3374765
1788984434,0,0,0.012,3374765
1788984434,6,0,0.008,3374765
1788984437,4,0,2.428,3374765
1788984438,4,0,1.389,3374765
1788984439,2,0,1.273,3374765
1788984442,4,0,2.172,3374765
1788984442,3,0,0.063,3374765
1788984442,6,0,0.009,3374765
1788984442,6,0,0.009,3374765
1788984444,4,0,2.199,3374765
1788984444,5,0,0.132,3374765
1788984445,2,0,0.962,3374765
1788984445,0,0,0.007,3374765
1788984446,4,0,0.742,3374765
1788984447,2,0,1.167,3374765
1788984450,2,0,2.792,3374765
1788984450,3,0,0.008,3374765
1788984451,2,0,1.178,3374765
1788984451,2,0,0.002,3374765
1788984451,0,0,0.011,3374765
1788984453,4,0,1.79,3374765
1788984454,4,0,1.176,3374765
1788984456,4,0,1.71,3374765
1788984464,5,0,8.649,3374765
1788984465,4,0,0.722,3374765
1788984465,5,0,0.121,3374765
1788984465,1,0,0.002,3374765
1788984469,2,0,3.793,3374765
1788984470,2,0,1.42,3374765
1788984470,6,0,0.008,3374765
1788984471,4,0,1.153,3374765
1788984471,6,0,0.006,3374765
1788984480,5,0,8.719,3374765
1788984480,6,0,0.009,3374765
1788984480,3,0,0.065,3374765
1788984480,6,0,0.004,3374765
1788984480,6,0,0.006,3374765
1788984480,6,0,0.008,3374765
1788984492,5,0,12.042,3374765
1788984494,4,0,1.653,3374765
1788984494,6,0,0.005,3374765
1788984495,4,0,0.976,3374765
1788984497,2,0,2.313,3374765
1788984497,0,0,0.014,3374765
1788984499,4,0,1.345,3374765
1788984499,3,0,0.05,3374765
1788984499,3,0,0.049,3374765
1788984499,0,0,0.007,3374765
1788984500,4,0,1.629,3374765
1788984500,0,0,0.005,3374765
1788984501,2,0,1.105,3374765
1788984502,7,0,0.179,3374765
1788984504,4,0,2.106,3374765
1788984504,6,0,0.008,3374765
1788984505,4,0,1.369,3374765
1788984505,5,0,0.129,3374765
1788984505,0,0,0.004,3374765
1788984508,4,0,2.414,3374765
1788984509,4,0,0.979,3374765
1788984509,6,0,0.007,3374765
1788984509,6,0,0.01,3374765
1788984509,2,0,0.003,3374765
1788984509,1,0,0.002,3374765
1788984509,0,0,0.016,3374765
1788984509,5,0,0.124,3374765
1788984510,4,0,1.534,3374765
1788984510,3,0,0.004,3374765
1788984511,7,0,0.179,3374765
1788984511,5,0,0.121,3374765
1788984511,6,0,0.006,3374765
1788984511,0,0,0.012,3374765
1788984514,4,0,3.148,3374765
1788984516,2,0,2.172,3374765
1788984516,1,0,0.001,3374765
1788984516,3,0,0.065,3374765
1788984516,2,0,0.003,3374765
1788984516,0,0,0.01,3374765
1788984516,6,0,0.007,3374765
1788984516,5,0,0.107,3374765
1788984516,3,0,0.053,3374765
1788984516,0,0,0.004,3374765
1788984516,2,0,0.002,3374765
1788984518,4,0,1.394,3374765
1788984518,0,0,0.014,3374765
1788984518,2,0,0.001,3374765
1788984518,6,0,0.007,3374765
1788984518,0,0,0.013,3374765
1788984518,6,0,0.009,3374765
1788984518,3,0,0.049,3374765
1788984518,2,0,0.752,3374765
1788984519,5,0,0.118,3374765
1788984521,4,0,2.207,3374765
1788984521,3,0,0.012,3374765
1788984521,0,0,0.012,3374765
1788984521,6,0,0.007,3374765
1788984521,3,0,0.009,3374765
1788984521,2,0,0.003,3374765
1788984521,6,0,0.007,3374765
1788984521,3,0,0.029,3374765
1788984521,3,0,0.037,3374765
1788984522,4,0,1.164,3374765
1788984523,4,0,1.224,3374765
1788984523,3,0,0.004,3374765
1788984523,0,0,0.006,3374765
1788984523,0,0,0.008,3374765
1788984524,4,0,1.057,3374765
1788984524,5,0,0.121,3374765
1788984525,3,0,0.013,3374765
1788984526,2,0,1.801,3374765
1788984526,0,0,0.017,3374765
1788984526,0,0,0.01,3374765
1788984526,6,0,0.008,3374765
1788984528,4,0,1.862,3374765
1788984530,4,0,1.445,3374765
1788984531,4,0,1.255,3374765
1788984532,4,0,1.138,3374765
1788984532,3,0,0.004,3374765
1788984532,3,0,0.005,3374765
1788984535,5,0,2.65,3374765
1788984535,6,0,0.009,3374765
1788984535,6,0,0.011,3374765
1788984535,6,0,0.007,3374765
1788984535,1,0,0.001,3374765
1788984535,3,0,0.004,3374765
1788984535,3,0,0.056,3374765
1788984537,2,0,1.797,3374765
1788984537,2,0,0.003,3374765
1788984537,0,0,0.013,3374765
1788984538,4,0,1.516,3374765
1788984538,3,0,0.03,3374765
1788984538,1,0,0.002,3374765
1788984539,4,0,1.07,3374765
1788984539,3,0,0.038,3374765
1788984540,4,0,1.075,3374765
1788984541,4,0,0.989,3374765
1788984541,3,0,0.006,3374765
1788984541,3,0,0.092,3374765
1788984543,4,0,1.214,3374765
1788984544,4,0,1.487,3374765
1788984544,2,0,0.003,3374765
1788984544,1,0,0.002,3374765
1788984544,0,0,0.006,3374765
1788984544,3,0,0.008,3374765
1788984549,4,0,4.602,3374765
1788984549,6,0,0.007,3374765
1788984549,3,0,0.004,3374765
1788984551,4,0,1.822,3374765
1788984559,5,0,8.614,3374765
1788984562,4,0,2.559,3374765
1788984562,0,0,0.01,3374765
1788984573,5,0,10.866,3374765
1788984573,3,0,0.054,3374765
1788984574,2,0,1.157,3374765
1788984574,0,0,0.006,3374765
1788984574,7,0,0.181,3374765
1788984576,4,0,1.775,3374765
1788984578,4,0,1.705,3374765
1788984578,0,0,0.006,3374765
1788984578,3,0,0.004,3374765
1788984579,2,0,1.078,3374765
1788984581,5,0,1.939,3374765
1788984581,3,0,0.033,3374765
1788984581,0,0,0.011,3374765
1788984581,6,0,0.007,3374765
1788984581,2,0,0.004,3374765
1788984581,0,0,0.012,3374765
1788984581,0,0,0.012,3374765
1788984582,5,0,1.771,3374765
1788984585,7,0,2.523,3374765
1788984587,2,0,2.08,3374765
1788984589,4,0,2.204,3374765
1788984589,6,0,0.006,3374765
1788984589,6,0,0.008,3374765
1788984593,5,0,4.056,3374765
1788984593,2,0,0,3374765
1788984593,6,0,0.009,3374765
1788984593,0,0,0.01,3374765
1788984595,4,0,2.086,3374765
1788984595,0,0,0.009,3374765
1788984604,5,0,8.331,3374765
1788984615,5,0,11.637,3374765
1788984615,6,0,0.007,3374765
1788984615,6,0,0.006,3374765
1788984615,3,0,0.037,3374765
1788984619,4,0,3.878,3374765
1788984620,7,0,1.171,3374765
1788984620,0,0,0.013,3374765
1788984620,0,0,0.008,3374765
1788984620,2,0,0.002,3374765
1788984621,3,0,0.049,3374765
1788984629,5,0,8.713,3374765
1788984629,1,0,0.001,3374765
1788984629,3,0,0.096,3374765
1788984629,3,0,0.062,3374765
1788984629,0,0,0.007,3374765
1788984629,0,0,0.007,3374765
1788984631,4,0,1.543,3374765
1788984631,0,0,0.006,3374765
1788984632,2,0,0.9,3374765
1788984633,5,0,1.391,3374765
1788984635,5,0,1.971,3374765
1788984635,1,0,0.001,3374765
1788984635,3,0,0.037,3374765
1788984635,3,0,0.081,3374765
1788984635,2,0,0.003,3374765
1788984635,6,1,0.006,3374765
1788984636,4,0,1.098,3374765
1788984639,5,0,2.533,3374765
1788984639,2,0,0.002,3374765
1788984640,4,0,1.22,3374765
1788984641,4,0,0.892,3374765
1788984642,4,0,1.2,3374765
1788984642,3,0,0.066,3374765
1788984644,2,0,1.17,3374765
1788984644,1,0,0.001,3374765
1788984644,1,0,0.001,3374765
1788984644,3,0,0.003,3374765
1788984652,5,0,8.752,3374765
1788984652,2,0,0.005,3374765
1788984652,0,0,0.005,3374765
1788984654,4,0,1.445,3374765
1788984654,3,0,0.076,3374765
1788984655,2,0,1.211,3374765
1788984655,0,0,0.013,3374765
1788984657,4,0,1.81,3374765
1788984657,3,0,0.048,3374765
1788984657,0,0,0.013,3374765
1788984657,1,0,0,3374765
1788984657,6,0,0.009,3374765
1788984658,4,0,0.988,3374765
1788984658,1,0,0.001,3374765
1788984658,3,0,0.002,3374765
1788984658,3,0,0.061,3374765
1788984659,4,0,1.455,3374765
1788984659,0,0,0.007,3374765
1788984659,6,0,0.01,3374765
1788984659,0,0,0.012,3374765
1788984659,0,0,0.014,3374765
1788984659,1,0,0.001,3374765
1788984659,1,0,0.001,3374765
1788984659,3,0,0.01,3374765
1788984661,2,0,1.089,3374765
1788984661,3,0,0.031,3374765
1788984661,3,0,0.074,3374765
1788984661,2,0,0.004,3374765
1788984661,0,0,0.017,3374765
1788984661,1,0,0.001,3374765
1788984661,0,0,0.015,3374765
1788984661,5,0,0.112,3374765
1788984661,3,0,0.032,3374765
1788984661,6,0,0.008,3374765
1788984661,0,0,0.005,3374765
1788984661,2,0,0.001,3374765
1788984661,3,0,0.009,3374765
1788984669,5,0,7.974,3374765
1788984669,3,0,0.045,3374765
1788984677,5,0,8.323,3374765
1788984679,4,0,1.858,3374765
1788984681,4,0,2.406,3374765
1788984684,4,0,2.532,3374765
1788984684,6,0,0.009,3374765
1788984685,4,0,1.317,3374765
1788984687,4,0,1.502,3374765
1788984690,4,0,3.595,3374765
1788984692,4,0,1.174,3374765
1788984693,4,0,1.334,3374765
1788984693,3,0,0.067,3374765
1788984695,4,0,1.719,3374765
1788984695,6,0,0.008,3374765
1788984695,0,0,0.006,3374765
1788984695,1,0,0.001,3374765
1788984695,1,0,0.001,3374765
1788984698,5,0,2.929,3374765
1788984700,2,0,2.438,3374765
1788984701,4,0,1.224,3374765
1788984701,6,0,0.009,3374765
1788984701,3,0,0.079,3374765
1788984704,2,0,2.957,3374765
1788984704,3,0,0.035,3374765
1788984704,6,0,0.007,3374765
1788984706,5,0,1.428,3374765
1788984708,4,0,2.322,3374765
1788984708,3,0,0.067,3374765
1788984708,2,0,0.003,3374765
1788984708,3,0,0.07,3374765
1788984711,2,0,2.594,3374765
1788984712,2,0,1.28,3374765
1788984715,4,0,2.515,3374765
1788984716,2,0,1.179,3374765
1788984716,0,0,0.005,3374765
1788984716,3,0,0.011,3374765
1788984718,4,0,1.813,3374765
1788984718,1,0,0.001,3374765
1788984718,3,0,0.048,3374765
1788984718,0,0,0.005,3374765
1788984719,4,0,1.415,3374765
1788984719,0,0,0.011,3374765
1788984719,0,0,0.01,3374765
1788984721,4,0,1.684,3374765
1788984721,2,0,0.005,3374765
1788984722,4,0,1.226,3374765
1788984722,6,0,0.006,3374765
1788984722,6,0,0.008,3374765
1788984731,5,0,8.641,3374765
1788984731,3,0,0.079,3374765
1788984733,4,0,1.827,3374765
1788984733,6,0,0.007,3374765
1788984733,0,0,0.008,3374765
1788984735,4,0,2.491,3374765
1788984735,0,0,0.007,3374765
1788984735,3,0,0.069,3374765
1788984735,1,0,0.001,3374765
1788984735,6,0,0.009,3374765
1788984735,0,0,0.016,3374765
1788984737,4,0,1.946,3374765
1788984737,6,0,0.007,3374765
1788984738,4,0,0.683,3374765
1788984738,0,0,0.007,3374765
1788984738,6,0,0.007,3374765
1788984739,4,0,1.108,3374765
1788984743,4,0,3.512,3374765
1788984753,5,0,10.572,3374765
1788984753,1,0,0.003,3374765
1788984754,2,0,1.099,3374765
1788984754,6,0,0.01,3374765
1788984754,2,0,0.003,3374765
1788984754,3,0,0.061,3374765
1788984754,3,0,0.056,3374765
1788984754,3,0,0.005,3374765
1788984755,4,0,0.983,3374765
1788984757,4,0,1.325,3374765
1788984758,4,0,1.12,3374765
1788984758,5,0,0.137,3374765
1788984758,0,0,0.009,3374765
1788984758,1,0,0.001,3374765
1788984758,3,0,0.014,3374765
1788984758,6,0,0.008,3374765
1788984758,0,0,0.007,3374765
1788984758,6,0,0.005,3374765
1788984759,4,0,0.817,3374765
1788984760,5,0,0.869,3374765
1788984761,4,0,1.456,3374765
1788984761,3,0,0.042,3374765
1788984761,3,0,0.004,3374765
1788984764,2,0,2.33,3374765
1788984764,0,0,0.013,3374765
1788984764,0,0,0.008,3374765
1788984764,1,0,0.001,3374765
1788984764,0,0,0.009,3374765
1788984764,3,0,0.004,3374765
1788984764,0,0,0.011,3374765
1788984765,4,0,1.585,3374765
1788984765,0,0,0.01,3374765
1788984765,3,0,0.002,3374765
1788984769,2,0,4.345,3374765
1788984770,6,0,0.004,3374765
1788984770,6,0,0.006,3374765
1788984770,6,0,0.004,3374765
1788984770,3,0,0.009,3374765
1788984771,4,0,1.679,3374765
1788984771,3,0,0.056,3374765
1788984771,3,0,0.036,3374765
1788984771,3,0,0.035,3374765
1788984784,7,0,12.823,3374765
1788984784,2,0,0.002,3374765
1788984784,3,0,0.012,3374765
1788984786,5,0,2.214,3374765
1788984787,2,0,1.064,3374765
1788984788,3,0,0.059,3374765
1788984788,3,0,0.007,3374765
1788984789,4,0,1.712,3374765
1788984789,2,0,0.003,3374765
1788984789,6,0,0.01,3374765
1788984789,3,0,0.07,3374765
1788984789,0,0,0.011,3374765
1788984789,6,0,0.006,3374765
1788984797,5,0,8.035,3374765
1788984797,3,0,0.003,3374765
1788984797,6,0,0.006,3374765
1788984797,0,0,0.011,3374765
1788984800,4,0,2.225,3374765
1788984800,1,0,0.001,3374765
1788984800,3,0,0.084,3374765
1788984801,4,0,1.543,3374765
1788984801,3,0,0.056,3374765
1788984801,3,0,0.211,3374765
1788984802,3,0,0.03,3374765
1788984802,3,0,0.003,3374765
1788984803,7,0,1.088,3374765
1788984803,0,0,0.004,3374765
1788984805,4,0,2.184,3374765
1788984805,6,0,0.008,3374765
1788984805,3,0,0.004,3374765
1788984805,3,0,0.007,3374765
1788984805,2,0,0.003,3374765
1788984807,4,0,2.663,3374765
1788984808,3,0,0.068,3374765
1788984809,4,0,1.224,3374765
1788984810,4,0,1.245,3374765
1788984814,4,0,3.7,3374765
1788984814,0,0,0.017,3374765
1788984814,1,0,0.002,3374765
1788984815,5,0,1.223,3374765
1788984816,4,0,1.328,3374765
1788984816,0,0,0.006,3374765
1788984816,6,1,0.006,3374765
1788984818,4,0,1.288,3374765
1788984819,4,0,0.918,3374765
1788984819,3,0,0.074,3374765
1788984819,0,0,0.005,3374765
1788984819,3,0,0.004,3374765
1788984819,5,0,0.12,3374765
1788984820,4,0,1.026,3374765
1788984823,4,0,2.838,3374765
1788984823,3,0,0.058,3374765
1788984823,5,0,0.128,3374765
1788984823,3,0,0.057,3374765
1788984824,2,0,0.886,3374765
1788984826,2,0,2.11,3374765
1788984828,4,0,1.872,3374765
1788984828,3,0,0.004,3374765
1788984828,3,0,0.06,3374765
1788984830,2,0,2.405,3374765
1788984830,6,0,0.009,3374765
1788984831,4,0,0.901,3374765
1788984831,0,0,0.012,3374765
1788984840,5,0,9.145,3374765
1788984840,0,0,0.011,3374765
1788984841,2,0,0.75,3374765
1788984842,4,0,0.818,3374765
1788984843,4,0,1.378,3374765
1788984845,4,0,1.311,3374765
1788984845,6,0,0.01,3374765
1788984845,0,0,0.008,3374765
1788984846,4,0,1.333,3374765
1788984846,3,0,0.012,3374765
1788984846,0,0,0.006,3374765
1788984846,3,0,0.008,3374765
1788984847,2,0,0.988,3374765
1788984847,0,0,0.01,3374765
1788984847,1,0,0.002,3374765
1788984847,3,0,0.005,3374765
1788984847,3,0,0.007,3374765
1788984847,0,0,0.017,3374765
1788984848,4,0,0.883,3374765
1788984848,1,0,0.001,3374765
1788984848,1,0,0.001,3374765
1788984851,4,0,2.752,3374765
1788984852,2,0,1.632,3374765
1788984852,3,0,0.02,3374765
1788984854,4,0,1.395,3374765
1788984854,2,0,0.003,3374765
1788984854,3,0,0.057,3374765
1788984855,2,0,1.188,3374765
1788984855,3,0,0.063,3374765
1788984855,2,0,0.002,3374765
1788984856,4,0,1.233,3374765
1788984856,3,0,0.071,3374765
1788984857,2,0,1.024,3374765
1788984857,5,0,0.126,3374765
1788984867,5,0,9.648,3374765
1788984867,0,0,0.017,3374765
1788984867,6,0,0.012,3374765
1788984867,3,0,0.088,3374765
1788984867,3,0,0.088,3374765
1788984867,3,0,0.058,3374765
1788984867,6,0,0.009,3374765
1788984867,3,0,0.05,3374765
1788984869,2,0,1.534,3374765
1788984870,4,0,1.095,3374765
1788984873,4,0,2.588,3374765
1788984884,5,0,11.305,3374765
1788984884,6,0,0.006,3374765
1788984884,1,0,0.003,3374765
1788984885,4,0,1.162,3374765
1788984886,4,0,1.389,3374765
1788984889,2,0,2.968,3374765
1788984891,5,0,1.607,3374765
1788984891,3,0,0.08,3374765
1788984893,2,0,1.577,3374765
1788984895,4,0,2.497,3374765
1788984896,4,0,1.153,3374765
1788984898,4,0,1.424,3374765
1788984898,0,0,0.039,3374765
1788984898,6,0,0.005,3374765
1788984899,4,0,1.134,3374765
1788984901,2,0,2.353,3374765
1788984901,1,0,0.001,3374765
1788984904,4,0,3.172,3374765
1788984904,0,0,0.013,3374765
1788984913,5,0,8.543,3374765
1788984913,0,0,0.008,3374765
1788984913,1,0,0.001,3374765
1788984914,2,0,0.928,3374765
1788984914,3,0,0.058,3374765
1788984914,3,0,0.08,3374765
1788984914,2,0,0.004,3374765
1788984915,4,0,0.579,3374765
1788984915,2,0,0.003,3374765
1788984917,4,0,2.477,3374765
1788984917,3,0,0.039,3374765
1788984917,6,0,0.008,3374765
1788984918,4,0,1.033,3374765
1788984920,2,0,1.432,3374765
1788984920,3,0,0.066,3374765
1788984921,2,0,1.547,3374765
1788984922,4,0,0.807,3374765
1788984922,2,0,0.004,3374765
1788984922,3,0,0.061,3374765
1788984922,3,0,0.016,3374765
1788984922,0,0,0.009,3374765
1788984924,4,0,1.82,3374765
1788984924,3,0,0.009,3374765
1788984924,3,0,0.006,3374765
1788984926,2,0,2.068,3374765
1788984937,5,0,11.413,3374765
1788984937,1,0,0.002,3374765
1788984941,5,0,3.076,3374765
1788984941,3,0,0.009,3374765
1788984941,3,0,0.041,3374765
1788984942,4,0,1.143,3374765
1788984942,3,0,0.008,3374765
1788984942,0,0,0.016,3374765
1788984942,0,0,0.007,3374765
1788984942,3,0,0.052,3374765
1788984942,3,0,0.061,3374765
1788984944,5,0,1.8,3374765
1788984945,4,0,0.874,3374765
1788984945,6,0,0.011,3374765
1788984946,2,0,1.334,3374765
1788984946,6,0,0.008,3374765
1788984946,0,0,0.009,3374765
1788984946,3,0,0.081,3374765
1788984946,6,0,0.004,3374765
1788984949,4,0,2.515,3374765
1788984950,4,0,1.028,3374765
1788984950,6,0,0.008,3374765
1788984950,3,0,0.006,3374765
1788984950,1,0,0.001,3374765
1788984950,2,0,0.003,3374765
1788984950,2,0,0.908,3374765
1788984951,3,0,0.036,3374765
1788984951,3,0,0.046,3374765
1788984951,3,0,0.079,3374765
1788984951,0,0,0.015,3374765
1788984953,4,0,2.422,3374765
1788984953,2,0,0.002,3374765
1788984953,0,0,0.019,3374765
1788984953,0,0,0.01,3374765
1788984953,0,0,0.007,3374765
1788984955,4,0,1.734,3374765
1788984955,0,0,0.015,3374765
1788984955,0,0,0.006,3374765
1788984955,2,0,0.003,3374765
1788984955,0,0,0.014,3374765
1788984955,0,0,0.008,3374765
1788984955,3,0,0.075,3374765
1788984956,4,0,1.203,3374765
1788984956,3,0,0.037,3374765
1788984966,5,0,9.817,3374765
1788984966,6,0,0.005,3374765
1788984966,0,0,0.014,3374765
1788984966,1,0,0.001,3374765
1788984968,4,0,1.866,3374765
1788984968,2,0,0.003,3374765
1788984969,5,0,1.405,3374765
1788984973,4,0,3.661,3374765
1788984974,4,0,0.872,3374765
1788984976,4,0,2.483,3374765
1788984976,2,0,0.006,3374765
1788984976,0,0,0.012,3374765
1788984976,1,0,0.001,3374765
1788984976,0,0,0.003,3374765
1788984977,4,0,1.097,3374765
1788984977,0,0,0.013,3374765
1788984978,3,0,0.074,3374765
1788984978,6,0,0.006,3374765
1788984978,3,0,0.092,3374765
1788984978,1,0,0.001,3374765
1788984980,4,0,2.097,3374765
1788984983,5,0,3.212,3374765
1788984986,4,0,2.588,3374765
1788984986,2,0,0.003,3374765
1788984986,1,0,0.002,3374765
1788984986,0,0,0.008,3374765
1788984986,3,0,0.014,3374765
1788984986,3,0,0.047,3374765
1788984986,3,0,0.095,3374765
1788984986,1,0,0.001,3374765
1788984988,4,0,2.031,3374765
1788984988,3,0,0.009,3374765
1788984988,0,0,0.015,3374765
1788984988,3,0,0.05,3374765
1788984988,0,0,0.022,3374765
1788984990,4,0,2.616,3374765
1788984990,3,0,0.025,3374765
1788984992,4,0,1.161,3374765
1788984992,5,0,0.121,3374765
1788984992,6,0,0.005,3374765
1788984994,5,0,2.031,3374765
1788984994,1,0,0.001,3374765
1788984995,4,0,0.884,3374765
1788984996,4,0,1.604,3374765
1788984997,4,0,0.908,3374765
1788984997,6,0,0.008,3374765
1788984998,2,0,0.868,3374765
1788984998,0,0,0.011,3374765
1788985000,4,0,1.502,3374765
1788985001,4,0,1.031,3374765
1788985001,3,0,0.005,3374765
1788985003,4,0,2.008,3374765
1788985004,5,0,0.918,3374765
1788985004,6,0,0.009,3374765
1788985004,6,0,0.009,3374765
1788985005,4,0,1.717,3374765
1788985005,0,0,0.008,3374765
1788985006,4,0,1.109,3374765
1788985006,3,0,0.008,3374765
1788985006,6,0,0.006,3374765
1788985006,6,0,0.011,3374765
1788985007,2,0,1.035,3374765
1788985009,2,0,1.05,3374765
1788985009,0,0,0.005,3374765
1788985009,4,0,0.967,3374765
1788985009,6,0,0.008,3374765
1788985009,0,0,0.011,3374765
1788985009,2,0,0.003,3374765
1788985010,6,0,0.005,3374765
1788985010,2,0,0.001,3374765
1788985010,1,0,0.001,3374765
1788985010,6,0,0.007,3374765
1788985012,4,0,2.975,3374765
1788985026,7,0,13.642,3374765
1788985027,7,0,1.196,3374765
1788985027,0,0,0.006,3374765
1788985029,5,0,1.198,3374765
1788985029,3,0,0.065,3374765
1788985029,3,0,0.006,3374765
1788985038,7,0,9.301,3374765
1788985040,2,0,2.332,3374765
1788985040,2,0,0.004,3374765
1788985041,4,0,1.018,3374765
1788985053,7,0,11.247,3374765
1788985053,4,0,0.917,3374765
1788985053,0,0,0.012,3374765
1788985053,6,0,0.01,3374765
1788985055,4,0,1.362,3374765
1788985056,5,0,0.927,3374765
1788985056,6,0,0.01,3374765
1788985057,4,0,1.401,3374765
1788985057,3,0,0.033,3374765
1788985057,0,0,0.006,3374765
1788985058,4,0,1.044,3374765
1788985058,3,0,0.059,3374765
1788985058,3,0,0.049,3374765
1788985058,3,0,0.08,3374765
1788985058,0,0,0.011,3374765
1788985058,0,0,0.016,3374765
1788985060,4,0,1.456,3374765
1788985060,5,0,0.119,3374765
1788985060,3,0,0.072,3374765
1788985061,4,0,1.041,3374765
1788985066,4,0,4.955,3374765
1788985068,4,0,1.94,3374765
1788985068,2,0,0.002,3374765
1788985068,0,0,0.011,3374765
1788985068,2,0,0.003,3374765
1788985068,5,0,0.124,3374765
1788985068,3,0,0.034,3374765
1788985068,0,0,0.008,3374765
1788985068,0,0,0.005,3374765
1788985068,2,0,0.003,3374765
1788985068,6,0,0.011,3374765
1788985068,0,0,0.005,3374765
1788985069,5,0,0.953,3374765
1788985069,1,0,0.002,3374765
1788985069,2,0,0.002,3374765
1788985072,4,0,2.365,3374765
1788985075,4,0,3.817,3374765
1788985076,2,0,0.921,3374765
1788985076,6,0,0.008,3374765
1788985076,6,0,0.006,3374765
1788985076,6,0,0.007,3374765
1788985076,3,0,0.038,3374765
1788985084,5,0,7.879,3374765
1788985084,1,0,0.001,3374765
1788985084,0,0,0.013,3374765
1788985086,4,0,1.9,3374765
1788985086,3,0,0.008,3374765
1788985086,6,0,0.014,3374765
1788985086,0,0,0.008,3374765
1788985095,7,0,8.675,3374765
1788985096,2,0,1.384,3374765
1788985097,5,0,1.244,3374765
1788985099,2,0,1.809,3374765
1788985101,4,0,1.836,3374765
1788985101,0,0,0.017,3374765
1788985101,0,0,0.009,3374765
1788985101,1,0,0.001,3374765
1788985111,5,0,9.771,3374765
1788985113,4,0,1.895,3374765
1788985113,0,0,0.007,3374765
1788985113,1,0,0.002,3374765
1788985114,5,0,0.834,3374765
1788985115,2,0,1.417,3374765
1788985117,4,0,1.658,3374765
1788985126,7,0,9.512,3374765
1788985128,4,0,1.561,3374765
1788985129,4,0,1.344,3374765
1788985129,0,0,0.015,3374765
1788985129,3,0,0.077,3374765
1788985129,0,0,0.011,3374765
1788985131,4,0,1.775,3374765
1788985131,7,0,0.172,3374765
1788985131,3,0,0.064,3374765
1788985131,3,0,0.054,3374765
1788985131,0,0,0.008,3374765
1788985131,2,0,0.003,3374765
1788985133,4,0,1.327,3374765
1788985133,3,0,0.043,3374765
1788985133,2,0,0.002,3374765
1788985134,4,0,0.992,3374765
1788985134,6,0,0.008,3374765
1788985134,6,0,0.005,3374765
1788985134,1,0,0.001,3374765
1788985134,0,0,0.009,3374765
1788985134,2,0,0.004,3374765
1788985135,4,0,1.418,3374765
1788985136,2,0,1.142,3374765
1788985136,3,0,0.05,3374765
1788985138,2,0,2.021,3374765
1788985140,4,0,1.624,3374765
1788985141,2,0,0.719,3374765
1788985142,4,0,1.266,3374765
1788985142,2,0,0.002,3374765
1788985143,4,0,1.524,3374765
1788985145,5,0,1.307,3374765
1788985147,4,0,2.023,3374765
1788985147,3,0,0.008,3374765
1788985147,0,0,0.011,3374765
1788985147,2,0,0.002,3374765
1788985147,5,0,0.126,3374765
1788985147,6,0,0.007,3374765
1788985148,5,0,1.406,3374765
1788985148,0,0,0.007,3374765
1788985149,4,0,0.91,3374765
1788985149,2,0,0.003,3374765
1788985149,1,0,0.001,3374765
1788985149,2,0,0.002,3374765
1788985149,1,0,0.001,3374765
1788985149,3,0,0.071,3374765
1788985151,2,0,1.876,3374765
1788985151,3,0,0.121,3374765
1788985151,0,0,0.008,3374765
1788985151,6,0,0.006,3374765
1788985152,5,0,0.709,3374765
1788985152,2,0,0.002,3374765
1788985152,3,0,0.064,3374765
1788985152,6,0,0.011,3374765
1788985152,3,0,0.005,3374765
1788985152,2,0,0.004,3374765
1788985152,0,0,0.013,3374765
1788985152,6,0,0.006,3374765
1788985154,4,0,1.385,3374765
1788985154,3,0,0.054,3374765
1788985154,0,0,0.013,3374765
1788985154,0,0,0.015,3374765
1788985155,4,0,1.553,3374765
1788985155,3,0,0.094,3374765
1788985155,6,0,0.007,3374765
1788985155,2,0,0.003,3374765
1788985156,7,0,0.176,3374765
1788985156,0,0,0.016,3374765
1788985156,3,0,0.073,3374765
1788985156,6,0,0.008,3374765
1788985158,4,0,1.951,3374765
1788985158,3,0,0.003,3374765
1788985158,0,0,0.014,3374765
1788985158,2,0,0.002,3374765
1788985159,4,0,1.174,3374765
1788985159,0,0,0.009,3374765
1788985159,1,0,0.001,3374765
1788985160,5,0,1.491,3374765
1788985160,1,0,0,3374765
1788985160,2,0,0.002,3374765
1788985160,0,0,0.01,3374765
1788985160,0,0,0.013,3374765
1788985160,0,0,0.012,3374765
1788985160,6,0,0.004,3374765
1788985160,3,0,0.012,3374765
1788985162,4,0,2.139,3374765
1788985164,4,0,1.527,3374765
1788985164,0,0,0.007,3374765
1788985164,5,0,0.127,3374765
1788985164,3,0,0.068,3374765
1788985167,4,0,2.624,3374765
1788985168,4,0,1.082,3374765
1788985169,5,0,1.531,3374765
1788985171,5,0,1.25,3374765
1788985171,4,0,0.643,3374765
1788985171,3,0,0.036,3374765
1788985171,2,0,0.003,3374765
1788985171,6,0,0.008,3374765
1788985172,7,0,0.177,3374765
1788985172,0,0,0.011,3374765
1788985173,4,0,1.389,3374765
1788985173,7,0,0.17,3374765
1788985174,2,0,1.014,3374765
1788985178,2,0,3.574,3374765
1788985178,6,0,0.009,3374765
1788985179,4,0,1.28,3374765
1788985179,0,0,0.011,3374765
1788985189,5,0,10.146,3374765
1788985189,2,0,0.004,3374765
1788985191,4,0,1.462,3374765
1788985191,3,0,0.002,3374765
1788985191,0,0,0.006,3374765
1788985191,5,0,0.885,3374765
1788985191,0,0,0.01,3374765
1788985192,3,0,0.014,3374765
1788985192,4,0,0.9,3374765
1788985192,0,0,0.012,3374765
1788985194,4,0,1.139,3374765
1788985194,0,0,0.012,3374765
1788985195,4,0,1.181,3374765
1788985196,2,0,0.839,3374765
1788985196,3,0,0.008,3374765
1788985196,6,0,0.005,3374765
1788985196,1,0,0.002,3374765
1788985198,4,0,2.586,3374765
1788985198,3,0,0.005,3374765
1788985199,4,0,1.03,3374765
1788985199,3,0,0.006,3374765
1788985199,0,0,0.011,3374765
1788985199,6,0,0.007,3374765
1788985199,0,0,0.007,3374765
1788985199,6,0,0.007,3374765
1788985199,6,0,0.006,3374765
1788985199,3,0,0.038,3374765
1788985199,2,0,0.002,3374765
1788985199,0,0,0.005,3374765
1788985210,5,0,10.945,3374765
1788985210,7,0,0.178,3374765
1788985210,2,0,0.002,3374765
1788985213,4,0,2.331,3374765
1788985213,0,0,0.048,3374765
1788985213,5,0,0.096,3374765
1788985213,0,0,0.005,3374765
1788985213,3,0,0.042,3374765
1788985213,3,0,0.074,3374765
1788985215,5,0,2.033,3374765
1788985216,4,0,1.046,3374765
1788985216,3,0,0.004,3374765
1788985216,6,0,0.006,3374765
1788985216,2,0,0.002,3374765
1788985226,5,0,9.526,3374765
1788985226,6,0,0.008,3374765
1788985235,5,0,9.836,3374765
1788985237,4,0,1.208,3374765
1788985238,4,0,1.525,3374765
1788985238,0,0,0.014,3374765
1788985240,5,0,1.386,3374765
1788985248,5,0,8.103,3374765
1788985248,6,0,0.009,3374765
1788985248,3,0,0.078,3374765
1788985248,6,0,0.005,3374765
1788985248,3,0,0.055,3374765
1788985249,5,0,1.541,3374765
1788985251,4,0,1.285,3374765
1788985251,0,0,0.009,3374765
1788985251,6,0,0.01,3374765
1788985251,0,0,0.006,3374765
1788985253,4,0,2.115,3374765
1788985253,0,0,0.006,3374765
1788985253,6,0,0.005,3374765
1788985257,4,0,4.105,3374765
1788985267,7,0,10.524,3374765
1788985269,4,0,1.424,3374765
1788985270,4,0,1.353,3374765
1788985270,3,0,0.069,3374765
1788985270,3,0,0.051,3374765
1788985271,7,0,0.179,3374765
1788985273,4,0,2.347,3374765
1788985274,4,0,0.802,3374765
1788985274,3,0,0.051,3374765
1788985274,7,0,0.178,3374765
1788985274,3,0,0.046,3374765
1788985275,2,0,0.915,3374765
1788985275,3,0,0.059,3374765
1788985275,6,0,0.007,3374765
1788985276,4,0,1.219,3374765
1788985276,1,0,0.002,3374765
1788985276,0,0,0.01,3374765
1788985276,3,0,0.006,3374765
1788985276,3,0,0.042,3374765
1788985276,6,0,0.006,3374765
1788985276,1,0,0,3374765
1788985276,6,0,0.008,3374765
1788985276,0,0,0.004,3374765
1788985276,5,0,0.122,3374765
1788985288,5,0,11.177,3374765
1788985288,6,0,0.009,3374765
1788985288,3,0,0.007,3374765
1788985288,4,0,0.888,3374765
1788985290,4,0,1.226,3374765
1788985290,6,0,0.007,3374765
1788985291,2,0,1.321,3374765
1788985301,5,0,9.992,3374765
1788985301,6,0,0.007,3374765
1788985301,5,0,0.128,3374765
1788985302,4,0,1.145,3374765
1788985303,4,0,1.014,3374765
1788985303,6,0,0.005,3374765
1788985303,3,0,0.065,3374765
1788985304,2,0,1.008,3374765
1788985304,6,0,0.011,3374765
1788985304,6,0,0.006,3374765
1788985304,6,0,0.008,3374765
1788985306,2,0,1.871,3374765
1788985306,3,0,0.046,3374765
1788985306,2,0,0.002,3374765
1788985306,3,0,0.078,3374765
1788985306,1,0,0.002,3374765
1788985309,4,0,2.832,3374765
1788985309,3,0,0.06,3374765
1788985311,4,0,1.217,3374765
1788985318,5,0,7.784,3374765
1788985318,2,0,0.002,3374765
1788985323,2,0,4.235,3374765
1788985323,2,0,0.004,3374765
1788985323,0,0,0.006,3374765
1788985323,3,0,0.012,3374765
1788985324,2,0,1.659,3374765
1788985324,0,0,0.013,3374765
1788985334,5,0,9.62,3374765
1788985334,3,0,0.006,3374765
1788985334,0,0,0.008,3374765
1788985334,1,0,0.001,3374765
1788985334,3,0,0.01,3374765
1788985344,5,0,9.944,3374765
1788985344,6,0,0.008,3374765
1788985344,3,0,0.041,3374765
1788985347,4,0,3.468,3374765
1788985347,0,0,0.013,3374765
1788985349,4,0,1.219,3374765
1788985349,3,0,0.082,3374765
1788985349,2,0,0.003,3374765
1788985349,0,0,0.017,3374765
1788985350,2,0,1.303,3374765
1788985352,4,0,1.603,3374765
1788985353,4,0,1.485,3374765
1788985353,1,0,0.002,3374765
1788985353,6,0,0.006,3374765
1788985354,4,0,0.672,3374765
1788985354,2,0,0.005,3374765
1788985363,5,0,9.718,3374765
1788985365,2,0,1.318,3374765
1788985366,2,0,1.255,3374765
1788985366,2,0,0.002,3374765
1788985366,0,0,0.009,3374765
1788985366,0,0,0.006,3374765
1788985368,4,0,1.687,3374765
1788985370,4,0,2.157,3374765
1788985371,4,0,0.922,3374765
1788985372,5,0,1.625,3374765
1788985376,4,0,3.035,3374765
1788985376,2,0,0.002,3374765
1788985385,5,0,9.869,3374765
1788985385,0,0,0.014,3374765
1788985385,0,0,0.006,3374765
1788985385,3,0,0.089,3374765
1788985387,4,0,1.682,3374765
1788985388,2,0,1.215,3374765
1788985388,2,0,0.002,3374765
1788985388,0,0,0.012,3374765
1788985389,4,0,0.994,3374765
1788985390,4,0,0.907,3374765
1788985390,5,0,0.129,3374765
1788985390,0,0,0.015,3374765
1788985390,6,0,0.006,3374765
1788985392,4,0,1.196,3374765
1788985392,4,0,0.678,3374765
1788985392,2,0,0.002,3374765
1788985392,3,0,0.053,3374765
1788985392,0,0,0.012,3374765
1788985392,1,0,0.001,3374765
1788985392,3,0,0.076,3374765
1788985393,5,0,0.131,3374765
1788985393,1,0,0,3374765
1788985394,4,0,1.12,3374765
1788985394,6,0,0.01,3374765
1788985395,4,0,1.168,3374765
1788985395,0,0,0.012,3374765
1788985396,4,0,1.036,3374765
1788985396,3,0,0.003,3374765
1788985396,0,0,0.012,3374765
1788985396,0,0,0.018,3374765
1788985398,5,0,1.578,3374765
1788985398,1,0,0.001,3374765
1788985398,3,0,0.004,3374765
1788985398,6,0,0.009,3374765
1788985398,3,0,0.033,3374765
1788985398,2,0,0.002,3374765
1788985398,0,0,0.014,3374765
1788985398,3,0,0.04,3374765
1788985398,1,0,0,3374765
1788985398,3,0,0.086,3374765
1788985398,1,0,0,3374765
1788985398,0,0,0.009,3374765
1788985398,3,0,0.08,3374765
1788985398,3,0,0.049,3374765
1788985398,0,0,0.011,3374765
1788985399,4,0,1.589,3374765
1788985399,3,0,0.005,3374765
1788985400,3,0,0.059,3374765
1788985401,4,0,1.163,3374765
1788985411,5,0,10.589,3374765
1788985422,5,0,10.642,3374765
1788985423,2,0,1.006,3374765
1788985423,1,0,0.001,3374765
1788985425,4,0,2.302,3374765
1788985427,4,0,1.388,3374765
1788985428,4,0,0.965,3374765
1788985428,3,0,0.088,3374765
1788985428,2,0,0.002,3374765
1788985428,6,0,0.006,3374765
1788985428,3,0,0.066,3374765
1788985428,3,0,0.05,3374765
1788985430,4,0,1.937,3374765
1788985430,3,0,0.008,3374765
1788985430,3,0,0.032,3374765
1788985430,0,0,0.01,3374765
1788985430,0,0,0.015,3374765
1788985430,6,0,0.008,3374765
1788985431,4,0,0.946,3374765
1788985431,3,0,0.083,3374765
1788985432,4,0,1.154,3374765
1788985432,3,0,0.027,3374765
1788985432,3,0,0.094,3374765
1788985440,5,0,8.189,3374765
1788985441,4,0,1.128,3374765
1788985445,4,0,3.304,3374765
1788985445,0,0,0.015,3374765
1788985445,3,0,0.09,3374765
1788985445,3,0,0.002,3374765
1788985445,1,0,0.001,3374765
1788985445,1,0,0.001,3374765
1788985445,0,0,0.006,3374765
1788985445,2,0,0.002,3374765
1788985445,3,0,0.085,3374765
1788985446,4,0,1.173,3374765
1788985447,4,0,1.208,3374765
1788985447,6,0,0.007,3374765
1788985447,3,0,0.039,3374765
1788985447,3,0,0.012,3374765
1788985447,3,0,0.011,3374765
1788985447,6,0,0.008,3374765
1788985447,6,0,0.009,3374765
1788985447,0,0,0.013,3374765
1788985447,6,0,0.007,3374765
1788985447,6,0,0.006,3374765
1788985447,2,0,0.002,3374765
1788985448,5,0,0.108,3374765
1788985449,5,0,1.12,3374765
1788985450,4,0,1.67,3374765
1788985450,0,0,0.013,3374765
1788985450,0,0,0.013,3374765
1788985452,4,0,1.479,3374765
1788985452,7,0,0.182,3374765
1788985452,0,0,0.016,3374765
1788985454,2,0,1.777,3374765
1788985455,4,0,1.008,3374765
1788985455,1,0,0.001,3374765
1788985456,4,0,1.474,3374765
1788985458,2,0,1.217,3374765
1788985458,2,0,0.004,3374765
1788985458,3,0,0.04,3374765
1788985458,0,0,0.01,3374765
1788985458,3,0,0.071,3374765
1788985458,6,0,0.012,3374765
1788985458,0,0,0.012,3374765
1788985458,3,0,0.073,3374765
1788985458,2,0,0.002,3374765
1788985460,2,0,2.699,3374765
1788985460,6,0,0.005,3374765
1788985460,6,0,0.006,3374765
1788985461,3,0,0.042,3374765
1788985464,5,0,3.503,3374765
1788985464,0,0,0.017,3374765
1788985465,4,0,0.852,3374765
1788985468,5,0,2.77,3374765
1788985469,4,0,1.197,3374765
1788985469,3,0,0.006,3374765
1788985470,4,0,1.527,3374765
1788985470,3,0,0.034,3374765
1788985472,4,0,2.005,3374765
1788985473,5,0,0.131,3374765
1788985473,6,0,0.008,3374765
1788985473,0,0,0.039,3374765
1788985474,2,0,1.123,3374765
1788985474,6,0,0.01,3374765
1788985474,0,0,0.016,3374765
1788985478,7,0,3.815,3374765
1788985479,4,0,1.174,3374765
1788985480,2,0,0.811,3374765
1788985480,3,0,0.01,3374765
1788985480,5,0,0.127,3374765
1788985480,3,0,0.006,3374765
1788985481,4,0,1.342,3374765
1788985481,1,0,0.001,3374765
1788985482,2,0,1.444,3374765
1788985482,6,0,0.01,3374765
1788985483,6,0,0.007,3374765
1788985483,0,0,0.005,3374765
1788985483,0,0,0.01,3374765
1788985483,0,0,0.013,3374765
1788985483,3,0,0.053,3374765
1788985483,6,0,0.005,3374765
1788985483,0,0,0.008,3374765
1788985483,0,0,0.006,3374765
1788985484,2,0,1.737,3374765
1788985486,4,0,2.037,3374765
1788985486,0,0,0.016,3374765
1788985487,4,0,1.094,3374765
1788985489,5,0,1.175,3374765
1788985489,0,0,0.007,3374765
1788985489,2,0,0.003,3374765
1788985489,3,0,0.004,3374765
1788985489,3,0,0.052,3374765
1788985499,5,0,10.012,3374765
1788985503,4,0,4.003,3374765
1788985503,3,0,0.004,3374765
1788985503,3,0,0.062,3374765
1788985504,4,0,0.778,3374765
1788985513,5,0,9.211,3374765
1788985514,2,0,0.739,3374765
1788985515,4,0,1.195,3374765
1788985515,3,0,0.006,3374765
1788985515,2,0,0.002,3374765
1788985515,3,0,0.005,3374765
1788985515,6,0,0.008,3374765
1788985516,4,0,1.068,3374765
1788985516,6,0,0.011,3374765
1788985516,6,0,0.004,3374765
1788985516,3,0,0.008,3374765
1788985516,3,0,0.003,3374765
1788985516,3,0,0.079,3374765
1788985516,0,0,0.008,3374765
1788985516,0,0,0.012,3374765
1788985517,5,0,1.05,3374765
1788985517,3,0,0.079,3374765
1788985517,6,0,0.006,3374765
1788985517,3,0,0.009,3374765
1788985518,4,0,1.283,3374765
1788985520,4,0,1.654,3374765
1788985520,2,0,0.001,3374765
1788985520,3,0,0.042,3374765
1788985520,2,0,0.002,3374765
1788985520,3,0,0.051,3374765
1788985521,4,0,1.287,3374765
1788985521,6,0,0.008,3374765
1788985522,5,0,0.124,3374765
1788985522,5,0,0.122,3374765
1788985522,1,0,0.003,3374765
1788985522,6,0,0.009,3374765
1788985522,2,0,0.002,3374765
1788985522,6,0,0.009,3374765
1788985522,0,0,0.013,3374765
1788985522,6,0,0.008,3374765
1788985522,3,0,0.083,3374765
1788985523,4,0,1.529,3374765
1788985523,0,0,0.011,3374765
1788985523,1,0,0.001,3374765
1788985523,1,0,0.001,3374765
1788985523,2,0,0.003,3374765
1788985523,2,0,0.003,3374765
1788985523,6,0,0.012,3374765
1788985524,4,0,0.929,3374765
1788985526,2,0,1.715,3374765
1788985526,0,0,0.009,3374765
1788985529,2,0,3.391,3374765
1788985531,5,0,1.397,3374765
1788985531,1,0,0.002,3374765
1788985531,6,0,0.008,3374765
1788985531,1,0,0.001,3374765
1788985531,3,0,0.004,3374765
1788985531,0,0,0.005,3374765
1788985532,4,0,1.264,3374765
1788985535,4,0,2.97,3374765
1788985536,5,0,1.401,3374765
1788985536,0,0,0.006,3374765
1788985536,3,0,0.011,3374765
1788985536,3,0,0.01,3374765
1788985536,1,0,0.001,3374765
1788985538,5,0,1.365,3374765
1788985539,2,0,1.085,3374765
1788985540,4,0,1.206,3374765
1788985540,6,0,0.006,3374765
1788985540,3,0,0.049,3374765
1788985543,2,0,2.561,3374765
1788985543,2,0,0.003,3374765
1788985545,5,0,1.842,3374765
1788985546,2,0,1.306,3374765
1788985556,5,0,9.987,3374765
1788985556,0,0,0.015,3374765
1788985556,3,0,0.075,3374765
1788985556,0,0,0.005,3374765
1788985556,7,0,0.181,3374765
1788985557,2,0,1.089,3374765
1788985558,4,0,0.819,3374765
1788985559,2,0,1.385,3374765
1788985560,3,0,0.095,3374765
1788985560,2,0,0.003,3374765
1788985560,0,0,0.008,3374765
1788985560,6,0,0.01,3374765
1788985561,2,0,1.008,3374765
1788985562,7,0,1.259,3374765
1788985563,2,0,1.39,3374765
1788985563,0,0,0.008,3374765
1788985563,2,0,0.004,3374765
1788985565,4,0,1.299,3374765
1788985565,3,0,0.047,3374765
1788985565,2,0,0.003,3374765
1788985567,2,0,2.103,3374765
1788985567,0,0,0.006,3374765
1788985568,4,0,1.643,3374765
1788985569,2,0,0.886,3374765
1788985570,4,0,1.074,3374765
1788985571,2,0,0.989,3374765
1788985571,3,0,0.049,3374765
1788985573,2,0,1.202,3374765
1788985574,4,0,1.352,3374765
1788985574,0,0,0.007,3374765
1788985574,3,0,0.051,3374765
1788985574,0,0,0.011,3374765
1788985574,3,0,0.09,3374765
1788985574,6,0,0.009,3374765
1788985574,3,0,0.012,3374765
1788985586,5,0,11.557,3374765
1788985586,1,0,0.003,3374765
1788985589,2,0,2.904,3374765
1788985590,2,0,0.967,3374765
1788985590,6,0,0.006,3374765
1788985593,4,0,3.946,3374765
1788985595,4,0,1.19,3374765
1788985595,3,0,0.014,3374765
1788985599,4,0,4.58,3374765
1788985600,4,0,1.049,3374765
1788985600,3,0,0.02,3374765
1788985600,3,0,0.054,3374765
1788985600,0,0,0.006,3374765
1788985600,3,0,0.055,3374765
1788985600,6,0,0.01,3374765
1788985601,4,0,0.725,3374765
1788985608,7,0,6.722,3374765
1788985609,4,0,1.566,3374765
1788985610,3,0,0.041,3374765
1788985611,4,0,1.016,3374765
1788985611,6,0,0.006,3374765
1788985611,3,0,0.05,3374765
1788985612,4,0,1.223,3374765
1788985612,0,0,0.013,3374765
1788985612,0,0,0.01,3374765
1788985612,3,0,0.095,3374765
1788985612,6,0,0.008,3374765
1788985612,3,0,0.008,3374765
1788985612,6,0,0.007,3374765
1788985612,1,0,0.001,3374765
1788985613,4,0,1.249,3374765
1788985614,4,0,0.718,3374765
1788985614,3,0,0.036,3374765
1788985615,4,0,0.872,3374765
1788985617,5,0,2.634,3374765
1788985617,1,0,0.001,3374765
1788985618,4,0,0.986,3374765
1788985618,0,0,0.007,3374765
1788985618,6,0,0.007,3374765
1788985618,3,0,0.005,3374765
1788985618,2,0,0.004,3374765
1788985619,3,0,0.065,3374765
1788985620,4,0,1.016,3374765
1788985621,4,0,1.464,3374765
1788985621,0,0,0.015,3374765
1788985621,2,0,0.004,3374765
1788985621,6,0,0.006,3374765
1788985621,3,0,0.04,3374765
1788985621,2,0,0.004,3374765
1788985621,0,0,0.009,3374765
1788985621,3,0,0.046,3374765
1788985622,4,0,1.304,3374765
1788985624,4,0,1.282,3374765
1788985624,3,0,0.007,3374765
1788985626,7,0,1.85,3374765
1788985626,0,0,0.007,3374765
1788985626,0,0,0.014,3374765
1788985629,4,0,3.054,3374765
1788985630,4,0,1.31,3374765
1788985632,2,0,2.008,3374765
1788985632,3,0,0.012,3374765
1788985632,0,0,0.004,3374765
1788985632,1,0,0.002,3374765
1788985632,0,0,0.011,3374765
1788985634,2,0,2.173,3374765
1788985634,0,0,0.014,3374765
1788985636,2,0,1.605,3374765
1788985636,0,0,0.018,3374765
1788985636,0,0,0.01,3374765
1788985636,3,0,0.012,3374765
1788985637,4,0,1.456,3374765
1788985637,6,0,0.009,3374765
1788985637,6,0,0.007,3374765
1788985637,0,0,0.006,3374765
1788985637,0,0,0.014,3374765
1788985637,3,0,0.077,3374765
1788985637,6,0,0.007,3374765
1788985637,6,0,0.011,3374765
1788985642,4,0,4.226,3374765
1788985646,4,0,3.994,3374765
1788985646,3,0,0.059,3374765
1788985646,0,0,0.007,3374765
1788985647,4,0,0.882,3374765
1788985647,3,0,0.01,3374765
1788985647,6,0,0.009,3374765
1788985647,0,0,0.007,3374765
1788985647,3,0,0.006,3374765
1788985647,0,0,0.008,3374765
1788985647,0,0,0.012,3374765
1788985647,3,0,0.09,3374765
1788985647,0,0,0.013,3374765
1788985647,5,0,0.126,3374765
1788985647,3,0,0.052,3374765
1788985647,2,0,0.003,3374765
1788985647,0,0,0.018,3374765
1788985648,2,0,0.609,3374765
1788985648,1,0,0.002,3374765
1788985648,6,0,0.004,3374765
1788985648,0,0,0.01,3374765
1788985649,4,0,1.602,3374765
1788985649,0,0,0.013,3374765
1788985651,2,0,1.443,3374765
1788985660,5,0,9.797,3374765
1788985660,0,0,0.005,3374765
1788985662,4,0,2,3374765
1788985662,0,0,0.012,3374765
1788985662,2,0,0.002,3374765
1788985663,2,0,1.008,3374765
1788985675,5,0,11.511,3374765
1788985675,6,0,0.005,3374765
1788985675,6,0,0.005,3374765
1788985675,3,0,0.033,3374765
1788985675,0,0,0.009,3374765
1788985675,0,0,0.007,3374765
1788985675,0,0,0.014,3374765
1788985675,3,0,0.085,3374765
1788985677,2,0,1.559,3374765
1788985677,1,0,0.001,3374765
1788985677,3,0,0.012,3374765
1788985678,7,0,1.265,3374765
1788985680,2,0,1.946,3374765
1788985680,2,0,0.001,3374765
1788985680,0,0,0.004,3374765
1788985681,4,0,1.555,3374765
1788985681,0,0,0.009,3374765
1788985683,4,0,1.379,3374765
1788985683,1,0,0.001,3374765
1788985685,5,0,2.073,3374765
1788985685,6,0,0.006,3374765
1788985687,4,0,2.111,3374765
1788985689,2,0,2.073,3374765
1788985689,3,0,0.011,3374765
1788985690,4,0,1.24,3374765
1788985692,4,0,1.951,3374765
1788985692,0,0,0.009,3374765
1788985703,5,0,10.176,3374765
1788985703,3,0,0.083,3374765
1788985704,4,0,1.178,3374765
1788985704,0,0,0.006,3374765
1788985704,1,0,0.002,3374765
1788985704,3,0,0.005,3374765
1788985704,6,0,0.009,3374765
1788985705,2,0,1.274,3374765
1788985705,6,0,0.011,3374765
1788985708,4,0,2.851,3374765
1788985708,3,0,0.006,3374765
1788985708,3,0,0.088,3374765
1788985708,1,0,0.001,3374765
1788985708,1,0,0.001,3374765
1788985708,6,0,0.005,3374765
1788985708,0,0,0.005,3374765
1788985708,3,0,0.009,3374765
1788985708,3,0,0.028,3374765
1788985708,2,0,0.003,3374765
1788985708,0,0,0.014,3374765
1788985721,7,0,13.097,3374765
1788985721,6,0,0.007,3374765
1788985721,0,0,0.003,3374765
1788985723,4,0,1.323,3374765
1788985724,5,0,1.135,3374765
1788985724,3,0,0.072,3374765
1788985724,0,0,0.007,3374765
1788985724,1,0,0.001,3374765
1788985724,3,0,0.021,3374765
1788985724,6,0,0.009,3374765
1788985724,6,0,0.009,3374765
1788985724,3,0,0.051,3374765
1788985724,6,0,0.011,3374765
1788985735,5,0,11.52,3374765
1788985735,3,0,0.014,3374765
1788985735,1,0,0.002,3374765
1788985737,4,0,1.249,3374765
1788985737,0,0,0.011,3374765
1788985737,3,0,0.048,3374765
1788985737,2,0,0.003,3374765
1788985737,6,0,0.007,3374765
1788985737,3,0,0.093,3374765
1788985737,0,0,0.011,3374765
1788985740,4,0,3.127,3374765
1788985744,5,0,3.981,3374765
1788985744,2,0,0.002,3374765
1788985744,0,0,0.015,3374765
1788985744,1,0,0.001,3374765
1788985744,3,0,0.056,3374765
1788985745,4,0,0.728,3374765
1788985745,3,0,0.012,3374765
1788985745,3,0,0.017,3374765
1788985745,3,0,0.007,3374765
1788985745,6,0,0.008,3374765
1788985746,4,0,1.031,3374765
1788985748,4,0,1.952,3374765
1788985748,6,0,0.009,3374765
1788985749,4,0,1.233,3374765
1788985761,5,0,11.631,3374765
1788985761,7,0,0.184,3374765
1788985762,4,0,1.419,3374765
1788985762,2,0,0.004,3374765
1788985762,3,0,0.001,3374765
1788985763,2,0,1.23,3374765
1788985763,3,0,0.008,3374765
1788985763,0,0,0.007,3374765
1788985763,1,0,0.001,3374765
1788985763,0,0,0.011,3374765
1788985763,2,0,0.003,3374765
1788985763,6,0,0.009,3374765
1788985765,7,0,1.559,3374765
1788985765,3,0,0.006,3374765
1788985766,4,0,0.687,3374765
1788985768,5,0,1.856,3374765
1788985768,5,0,0.131,3374765
1788985769,4,0,1.212,3374765
1788985769,3,0,0.062,3374765
1788985769,0,0,0.014,3374765
1788985771,5,0,1.636,3374765
1788985772,4,0,1.149,3374765
1788985772,0,0,0.007,3374765
1788985772,3,0,0.041,3374765
1788985772,2,0,0.003,3374765
1788985775,2,0,3.04,3374765
1788985776,4,0,1.273,3374765
1788985776,0,0,0.007,3374765
1788985776,2,0,0.002,3374765
1788985778,2,0,1.457,3374765
1788985778,6,0,0.006,3374765
1788985778,0,0,0.01,3374765
1788985778,0,0,0.011,3374765
1788985779,4,0,0.877,3374765
1788985779,3,0,0.056,3374765
1788985779,2,0,0.003,3374765
1788985787,5,0,8.214,3374765
1788985790,4,0,3.064,3374765
1788985790,2,0,0.002,3374765
1788985793,2,0,3.012,3374765
1788985793,3,0,0.069,3374765
1788985793,5,0,0.125,3374765
1788985793,6,0,0.01,3374765
1788985793,2,0,0.001,3374765
1788985793,0,0,0.005,3374765
1788985793,2,0,0.003,3374765
1788985793,3,0,0.003,3374765
1788985794,4,0,0.858,3374765
1788985794,6,0,0.008,3374765
1788985795,5,0,1.351,3374765
1788985795,0,0,0.009,3374765
1788985795,6,0,0.007,3374765
1788985795,0,0,0.006,3374765
1788985795,3,0,0.033,3374765
1788985796,4,0,1.093,3374765
1788985796,0,0,0.017,3374765
1788985796,1,0,0.001,3374765
1788985798,2,0,1.876,3374765
1788985798,0,0,0.007,3374765
1788985798,3,0,0.034,3374765
1788985800,4,0,1.529,3374765
1788985800,3,0,0.053,3374765
1788985800,6,0,0.009,3374765
1788985800,6,0,0.005,3374765
1788985800,5,0,0.127,3374765
1788985800,0,0,0.008,3374765
1788985802,7,0,2.054,3374765
1788985805,2,0,3.069,3374765
1788985805,3,0,0.009,3374765
1788985806,2,0,1.158,3374765
1788985806,1,0,0.001,3374765
1788985808,4,0,1.1,3374765
1788985808,1,0,0.001,3374765
1788985808,1,0,0.001,3374765
1788985809,5,0,1.152,3374765
1788985810,4,0,1.038,3374765
1788985812,4,0,1.999,3374765
1788985812,3,0,0.005,3374765
1788985812,3,0,0.01,3374765
1788985812,2,0,0.003,3374765
1788985812,5,0,0.091,3374765
1788985812,6,0,0.008,3374765
1788985813,4,0,0.937,3374765
1788985816,4,0,3.032,3374765
1788985817,4,0,0.718,3374765
1788985817,2,0,0.002,3374765
1788985818,4,0,1.032,3374765
1788985818,6,0,0.007,3374765
1788985828,5,0,10.743,3374765
1788985828,7,0,0.172,3374765
1788985828,0,0,0.005,3374765
1788985828,6,0,0.006,3374765
1788985829,5,0,0.118,3374765
1788985829,0,0,0.005,3374765
1788985830,2,0,1.648,3374765
1788985830,1,0,0.002,3374765
1788985830,3,0,0.037,3374765
1788985832,4,0,1.973,3374765
1788985832,1,0,0.002,3374765
1788985832,3,0,0.005,3374765
1788985833,4,0,1.1,3374765
1788985833,0,0,0.01,3374765
1788985833,2,0,0.002,3374765
1788985833,2,0,0.002,3374765
1788985834,4,0,1.035,3374765
1788985834,2,0,0.006,3374765
1788985835,4,0,0.957,3374765
1788985835,0,0,0.008,3374765
1788985835,3,0,0.039,3374765
1788985835,0,0,0.008,3374765
1788985839,4,0,3.865,3374765
1788985849,5,0,9.206,3374765
1788985849,0,0,0.005,3374765
1788985850,4,0,1.037,3374765
1788985850,6,0,0.007,3374765
1788985850,4,0,0.776,3374765
1788985850,0,0,0.009,3374765
1788985850,5,0,0.122,3374765
1788985852,5,0,1.466,3374765
1788985852,6,0,0.009,3374765
1788985853,4,0,0.964,3374765
1788985855,4,0,2.314,3374765
1788985855,2,0,0.002,3374765
1788985858,4,0,2.82,3374765
1788985858,0,0,0.01,3374765
1788985858,0,0,0.017,3374765
1788985859,4,0,0.849,3374765
1788985862,2,0,2.993,3374765
1788985862,2,0,0.002,3374765
1788985863,4,0,0.83,3374765
1788985863,3,0,0.008,3374765
1788985864,4,0,1.306,3374765
1788985864,3,0,0.083,3374765
1788985864,6,0,0.011,3374765
1788985865,4,0,0.944,3374765
1788985866,4,0,1.004,3374765
1788985876,5,0,10.046,3374765
1788985876,6,0,0.008,3374765
1788985878,4,0,1.704,3374765
1788985878,3,0,0.013,3374765
1788985878,3,0,0.047,3374765
1788985878,1,0,0.001,3374765
1788985878,6,0,0.006,3374765
1788985878,6,0,0.008,3374765
1788985881,4,0,3.382,3374765
1788985881,6,0,0.007,3374765
1788985881,2,0,0.003,3374765
1788985882,4,0,0.974,3374765
1788985882,6,0,0.007,3374765
1788985889,5,0,7.128,3374765
1788985891,5,0,1.663,3374765
1788985891,0,0,0.017,3374765
1788985891,1,0,0.001,3374765
1788985892,5,0,1.192,3374765
1788985892,3,0,0.049,3374765
1788985893,4,0,0.795,3374765
1788985895,2,0,1.436,3374765
1788985897,4,0,2.361,3374765
1788985897,0,0,0.005,3374765
1788985897,6,0,0.01,3374765
1788985897,5,0,0.123,3374765
1788985897,0,0,0.007,3374765
1788985897,6,1,0.005,3374765
1788985897,3,0,0.016,3374765
1788985897,0,0,0.014,3374765
1788985897,6,0,0.008,3374765
1788985897,2,0,0.001,3374765
1788985897,1,0,0,3374765
1788985897,0,0,0.017,3374765
1788985897,3,0,0.013,3374765
1788985899,5,0,1.337,3374765
1788985899,0,0,0.01,3374765
1788985908,5,0,9.477,3374765
1788985908,3,0,0.006,3374765
1788985909,4,0,1.061,3374765
1788985909,5,0,0.118,3374765
1788985909,3,0,0.046,3374765
1788985910,4,0,0.964,3374765
1788985910,2,0,0.003,3374765
1788985910,3,0,0.074,3374765
1788985910,3,0,0.005,3374765
1788985912,4,0,1.803,3374765
1788985913,2,0,0.689,3374765
1788985913,2,0,0.005,3374765
1788985916,4,0,2.915,3374765
1788985918,4,0,1.88,3374765
1788985918,3,0,0.005,3374765
1788985919,4,0,1.249,3374765
1788985920,4,0,1.143,3374765
1788985920,2,0,0.004,3374765
1788985922,4,0,2.485,3374765
1788985924,4,0,1.9,3374765
1788985924,0,0,0.014,3374765
1788985926,5,0,1.412,3374765
1788985926,6,0,0.005,3374765
1788985926,3,0,0.003,3374765
1788985927,4,0,1.661,3374765
1788985929,4,0,1.284,3374765
1788985940,5,0,10.85,3374765
1788985941,4,0,1.012,3374765
1788985941,2,0,0.004,3374765
1788985941,0,0,0.017,3374765
1788985941,3,0,0.05,3374765
1788985941,6,0,0.007,3374765
1788985941,2,0,0.003,3374765
1788985941,2,0,0.004,3374765
1788985941,3,0,0.008,3374765
1788985942,2,0,1.295,3374765
1788985942,2,0,0.003,3374765
1788985942,1,0,0.002,3374765
1788985945,4,0,3.389,3374765
1788985945,2,0,0.003,3374765
1788985947,2,0,1.646,3374765
1788985947,6,0,0.008,3374765
1788985952,4,0,4.659,3374765
1788985952,1,0,0,3374765
1788985952,0,0,0.013,3374765
1788985952,4,0,0.759,3374765
1788985952,3,0,0.007,3374765
1788985953,3,0,0.042,3374765
1788985953,2,0,0.003,3374765
1788985957,4,0,4.487,3374765
1788985957,3,0,0.014,3374765
1788985957,1,0,0.001,3374765
1788985957,0,0,0.009,3374765
1788985959,2,0,2.324,3374765
1788985959,3,0,0.059,3374765
1788985961,4,0,1.38,3374765
1788985961,0,0,0.008,3374765
1788985961,6,0,0.006,3374765
1788985961,0,0,0.008,3374765
1788985961,3,0,0.061,3374765
1788985962,2,0,1.35,3374765
1788985962,3,0,0.078,3374765
1788985962,6,0,0.008,3374765
1788985962,5,0,0.123,3374765
1788985962,6,0,0.005,3374765
1788985964,2,0,1.225,3374765
1788985965,5,0,1.313,3374765
1788985966,2,0,1.159,3374765
1788985967,4,0,0.921,3374765
1788985968,4,0,0.98,3374765
1788985972,4,0,3.826,3374765
1788985972,2,0,0.003,3374765
1788985972,0,0,0.006,3374765
1788985984,5,0,11.806,3374765
1788985984,3,0,0.059,3374765
1788985984,5,0,0.12,3374765
1788985984,3,0,0.087,3374765
1788985986,4,0,1.566,3374765
1788985986,3,0,0.06,3374765
1788985986,6,0,0.006,3374765
1788985986,3,0,0.004,3374765
1788985987,2,0,1.178,3374765
1788985991,2,0,3.807,3374765
1788986001,5,0,10.622,3374765
1788986001,3,0,0.031,3374765
1788986003,4,0,1.406,3374765
1788986003,3,0,0.081,3374765
1788986004,4,0,0.861,3374765
1788986004,3,0,0.005,3374765
1788986004,0,0,0.011,3374765
1788986004,3,0,0.007,3374765
1788986004,3,0,0.027,3374765
1788986005,4,0,1.032,3374765
1788986014,5,0,8.967,3374765
1788986025,5,0,11.419,3374765
1788986034,5,0,9.32,3374765
1788986036,4,0,2.008,3374765
1788986041,4,0,4.145,3374765
1788986041,6,0,0.009,3374765
1788986042,2,0,1.604,3374765
1788986046,2,0,3.976,3374765
1788986047,4,0,1.199,3374765
1788986048,4,0,0.723,3374765
1788986050,4,0,1.888,3374765
1788986051,2,0,1.04,3374765
1788986051,0,0,0.006,3374765
1788986052,4,0,0.851,3374765
1788986052,3,0,0.057,3374765
1788986053,5,0,1.409,3374765
1788986063,5,0,9.445,3374765
1788986063,0,0,0.003,3374765
1788986065,4,0,1.91,3374765
1788986065,3,0,0.067,3374765
1788986066,2,0,1.778,3374765
1788986068,4,0,1.624,3374765
1788986068,0,0,0.006,3374765
1788986069,2,0,0.997,3374765
1788986071,4,0,1.567,3374765
1788986071,0,0,0.009,3374765
1788986072,4,0,0.886,3374765
1788986072,2,0,0.002,3374765
1788986072,3,0,0.045,3374765
1788986072,6,0,0.005,3374765
1788986073,4,0,1.532,3374765
1788986073,3,0,0.037,3374765
1788986074,2,0,0.92,3374765
1788986074,0,0,0.007,3374765
1788986074,6,0,0.009,3374765
1788986078,4,0,3.467,3374765
1788986079,4,0,1.063,3374765
1788986079,4,0,0.813,3374765
1788986080,4,0,0.812,3374765
1788986080,6,0,0.008,3374765
1788986080,3,0,0.006,3374765
1788986080,3,0,0.044,3374765
1788986080,2,0,0.004,3374765
1788986080,3,0,0.039,3374765
1788986081,2,0,0.836,3374765
1788986081,2,0,0.003,3374765
1788986083,4,0,1.421,3374765
1788986083,3,0,0.002,3374765
1788986083,6,0,0.01,3374765
1788986083,6,0,0.007,3374765
1788986083,3,0,0.011,3374765
1788986083,6,0,0.007,3374765
1788986084,7,0,1.693,3374765
1788986085,4,0,0.726,3374765
1788986085,2,0,0.003,3374765
1788986086,2,0,0.924,3374765
1788986086,0,0,0.052,3374765
1788986086,3,0,0.06,3374765
1788986087,4,0,1.122,3374765
1788986087,0,0,0.009,3374765
1788986087,3,0,0.04,3374765
1788986087,2,0,0.002,3374765
1788986089,2,0,1.459,3374765
1788986091,4,0,1.93,3374765
1788986093,2,0,1.858,3374765
1788986094,4,0,1.208,3374765
1788986103,5,0,9.424,3374765
1788986103,3,0,0.038,3374765
1788986103,5,0,0.117,3374765
1788986105,5,0,1.198,3374765
1788986105,6,0,0.005,3374765
1788986105,3,0,0.008,3374765
1788986105,0,0,0.006,3374765
1788986107,4,0,2.497,3374765
1788986107,3,0,0.008,3374765
1788986116,5,0,8.992,3374765
1788986116,3,0,0.092,3374765
1788986116,1,0,0.002,3374765
1788986116,6,0,0.006,3374765
1788986116,6,0,0.006,3374765
1788986116,3,0,0.014,3374765
1788986116,0,0,0.014,3374765
1788986118,4,0,1.481,3374765
1788986126,5,0,8.144,3374765
1788986126,0,0,0.008,3374765
1788986126,3,0,0.006,3374765
1788986126,3,0,0.068,3374765
1788986126,3,0,0.045,3374765
1788986126,0,0,0.011,3374765
1788986126,0,0,0.016,3374765
1788986126,6,0,0.008,3374765
1788986128,4,0,2.102,3374765
1788986128,3,0,0.071,3374765
1788986130,4,0,1.513,3374765
1788986130,1,0,0.002,3374765
1788986130,0,0,0.012,3374765
1788986130,6,0,0.007,3374765
1788986130,3,0,0.007,3374765
1788986130,2,0,0.004,3374765
1788986131,4,0,1.144,3374765
1788986131,3,0,0.007,3374765
1788986131,3,0,0.055,3374765
1788986131,3,0,0.007,3374765
1788986132,4,0,1.24,3374765
1788986132,3,0,0.028,3374765
1788986132,0,0,0.008,3374765
1788986134,5,0,1.343,3374765
1788986134,6,0,0.008,3374765
1788986135,4,0,1.543,3374765
1788986135,6,0,0.007,3374765
1788986135,2,0,0.002,3374765
1788986135,3,0,0.056,3374765
1788986135,0,0,0.012,3374765
1788986135,2,0,0.004,3374765
1788986135,6,0,0.007,3374765
1788986135,6,0,0.009,3374765
1788986135,7,0,0.159,3374765
1788986135,3,0,0.036,3374765
1788986137,4,0,1.974,3374765
1788986137,0,0,0.011,3374765
1788986139,7,0,1.115,3374765
1788986139,3,0,0.006,3374765
1788986139,3,0,0.067,3374765
1788986140,5,0,1.874,3374765
1788986142,2,0,1.106,3374765
1788986142,3,0,0.006,3374765
1788986142,1,0,0,3374765
1788986142,7,0,0.164,3374765
1788986142,3,0,0.048,3374765
1788986144,2,0,1.844,3374765
1788986144,3,0,0.059,3374765
1788986144,1,0,0.001,3374765
1788986144,7,0,0.171,3374765
1788986146,4,0,1.752,3374765
1788986146,3,0,0.004,3374765
1788986147,4,0,1.3,3374765
1788986147,1,0,0.001,3374765
1788986147,2,0,0.002,3374765
1788986147,6,0,0.007,3374765
1788986147,0,0,0.007,3374765
1788986147,2,0,0.002,3374765
1788986147,5,0,0.127,3374765
1788986147,3,0,0.064,3374765
1788986147,0,0,0.009,3374765
1788986147,1,0,0.001,3374765
1788986147,3,0,0.05,3374765
1788986148,5,0,1.281,3374765
1788986150,4,0,1.163,3374765
1788986150,6,0,0.011,3374765
1788986150,3,0,0.015,3374765
1788986150,0,0,0.011,3374765
1788986150,0,0,0.008,3374765
1788986151,4,0,1.25,3374765
1788986152,4,0,0.633,3374765
1788986152,1,0,0.001,3374765
1788986152,6,0,0.004,3374765
1788986152,3,0,0.008,3374765
1788986153,4,0,1.737,3374765
1788986153,1,0,0.001,3374765
1788986153,6,0,0.006,3374765
1788986153,2,0,0.001,3374765
1788986155,4,0,1.268,3374765
1788986155,1,0,0.001,3374765
1788986155,5,0,0.105,3374765
1788986155,6,0,0.011,3374765
1788986163,5,0,7.884,3374765
1788986163,3,0,0.031,3374765
1788986163,6,0,0.009,3374765
1788986163,3,0,0.046,3374765
1788986171,7,0,8.193,3374765
1788986173,4,0,1.995,3374765
1788986173,2,0,0.002,3374765
1788986173,0,0,0.008,3374765
1788986175,4,0,1.866,3374765
1788986175,6,0,0.006,3374765
1788986175,0,0,0.009,3374765
1788986175,2,0,0.003,3374765
1788986175,3,0,0.026,3374765
1788986182,5,0,7.537,3374765
1788986182,2,0,0.003,3374765
1788986182,3,0,0.07,3374765
1788986183,4,0,0.992,3374765
1788986191,5,0,7.64,3374765
1788986192,2,0,1.368,3374765
1788986193,4,0,1.087,3374765
1788986194,3,0,0.076,3374765
1788986194,4,0,0.768,3374765
1788986196,4,0,1.591,3374765
1788986198,4,0,1.617,3374765
1788986198,3,0,0.073,3374765
1788986198,3,0,0.074,3374765
1788986198,3,0,0.05,3374765
1788986198,3,0,0.079,3374765
1788986198,0,0,0.007,3374765
1788986198,6,0,0.005,3374765
1788986200,5,0,2.099,3374765
1788986200,1,0,0.002,3374765
1788986200,3,0,0.062,3374765
1788986204,4,0,4.344,3374765
1788986206,4,0,1.512,3374765
1788986207,4,0,1.03,3374765
1788986208,4,0,1.063,3374765
1788986208,6,0,0.008,3374765
1788986208,3,0,0.036,3374765
1788986208,5,0,0.127,3374765
1788986208,3,0,0.007,3374765
1788986208,0,0,0.005,3374765
1788986208,2,0,0.003,3374765
1788986208,1,0,0.001,3374765
1788986208,2,0,0.004,3374765
1788986208,3,0,0.006,3374765
1788986208,2,0,0.003,3374765
1788986208,3,0,0.082,3374765
1788986208,3,0,0.06,3374765
1788986209,4,0,0.732,3374765
1788986210,2,0,1.289,3374765
1788986211,4,0,0.945,3374765
1788986213,4,0,1.623,3374765
1788986213,3,0,0.071,3374765
1788986214,4,0,0.798,3374765
1788986214,6,0,0.011,3374765
1788986214,5,0,0.133,3374765
1788986214,0,0,0.014,3374765
1788986215,4,0,0.964,3374765
1788986215,6,0,0.006,3374765
1788986215,3,0,0.008,3374765
1788986216,4,0,0.77,3374765
1788986216,3,0,0.076,3374765
1788986216,3,0,0.02,3374765
1788986217,2,0,1.444,3374765
1788986217,2,0,0.003,3374765
1788986217,1,0,0.001,3374765
1788986217,6,0,0.01,3374765
1788986217,3,0,0.054,3374765
1788986217,6,0,0.005,3374765
1788986217,6,0,0.007,3374765
1788986217,2,0,0.002,3374765
1788986217,0,0,0.014,3374765
1788986218,4,0,0.971,3374765
1788986218,6,0,0.011,3374765
1788986219,4,0,1.128,3374765
1788986228,7,0,8.212,3374765
1788986228,3,0,0.065,3374765
1788986228,0,0,0.013,3374765
1788986228,6,0,0.009,3374765
1788986228,4,0,0.819,3374765
1788986229,3,0,0.176,3374765
1788986229,0,0,0.007,3374765
1788986241,5,0,12.339,3374765
1788986241,3,0,0.026,3374765
1788986242,4,0,1.318,3374765
1788986242,1,0,0.001,3374765
1788986242,1,0,0,3374765
1788986244,5,0,1.411,3374765
1788986245,4,0,1.38,3374765
1788986246,4,0,0.757,3374765
1788986247,5,0,1.23,3374765
1788986247,1,0,0.001,3374765
1788986248,7,0,0.723,3374765
1788986248,3,0,0.061,3374765
1788986248,2,0,0.003,3374765
1788986250,4,0,1.884,3374765
1788986250,0,0,0.007,3374765
1788986250,0,0,0.012,3374765
1788986250,6,0,0.007,3374765
1788986251,4,0,1.326,3374765
1788986251,3,0,0.003,3374765
1788986251,0,0,0.015,3374765
1788986251,3,0,0.009,3374765
1788986251,2,0,0.003,3374765
1788986251,3,0,0.058,3374765
1788986251,6,0,0.004,3374765
1788986263,7,0,11.487,3374765
1788986263,3,0,0.047,3374765
1788986263,3,0,0.009,3374765
1788986264,2,0,1.086,3374765
1788986264,1,0,0.001,3374765
1788986264,2,0,0.004,3374765
1788986265,4,0,1.603,3374765
1788986266,0,0,0.006,3374765
1788986266,2,0,0.002,3374765
1788986266,2,0,0.001,3374765
1788986267,2,0,1.476,3374765
1788986267,0,0,0.005,3374765
1788986267,6,0,0.008,3374765
1788986267,6,0,0.003,3374765
1788986267,1,0,0.001,3374765
1788986267,0,0,0.004,3374765
1788986268,5,0,1.027,3374765
1788986268,3,0,0.018,3374765
1788986269,2,0,1.104,3374765
1788986269,0,0,0.013,3374765
1788986269,1,0,0.001,3374765
1788986269,0,0,0.007,3374765
1788986271,4,0,1.532,3374765
1788986272,4,0,0.806,3374765
1788986272,3,0,0.079,3374765
1788986282,5,0,10.697,3374765
1788986282,6,0,0.005,3374765
1788986282,3,0,0.006,3374765
1788986283,4,0,0.861,3374765
1788986286,4,0,3.173,3374765
1788986286,3,0,0.006,3374765
1788986286,0,0,0.009,3374765
1788986287,7,0,1.014,3374765
1788986289,5,0,1.849,3374765
1788986289,3,0,0.06,3374765
1788986289,6,0,0.007,3374765
1788986289,0,0,0.011,3374765
1788986289,2,0,0.003,3374765
1788986297,7,0,7.294,3374765
1788986298,4,0,1.229,3374765
1788986299,2,0,1.185,3374765
1788986299,6,0,0.008,3374765
1788986299,0,0,0.006,3374765
1788986299,0,0,0.011,3374765
1788986299,0,0,0.008,3374765
1788986300,5,0,1.089,3374765
1788986300,3,0,0.007,3374765
1788986300,3,0,0.083,3374765
1788986303,4,0,2.54,3374765
1788986306,4,0,2.918,3374765
1788986308,2,0,2.627,3374765
1788986309,4,0,0.815,3374765
1788986310,2,0,1.219,3374765
1788986312,5,0,1.254,3374765
1788986312,3,0,0.007,3374765
1788986313,4,0,0.986,3374765
1788986313,6,0,0.009,3374765
1788986314,2,0,1.252,3374765
1788986315,4,0,0.822,3374765
1788986315,1,0,0.002,3374765
1788986315,2,0,0.002,3374765
1788986315,3,0,0.082,3374765
1788986315,6,0,0.005,3374765
1788986316,2,0,1.173,3374765
1788986316,1,0,0.001,3374765
1788986316,3,0,0.056,3374765
1788986316,0,0,0.009,3374765
1788986316,3,0,0.015,3374765
1788986316,3,0,0.007,3374765
1788986318,4,0,1.694,3374765
1788986325,5,0,7.76,3374765
1788986326,3,0,0.096,3374765
1788986326,3,0,0.088,3374765
1788986326,0,0,0.013,3374765
1788986328,4,0,2.659,3374765
1788986328,3,0,0.008,3374765
1788986328,3,0,0.009,3374765
1788986328,0,0,0.019,3374765
1788986330,2,0,1.288,3374765
1788986330,0,0,0.01,3374765
1788986333,4,0,3.265,3374765
1788986333,3,0,0.075,3374765
1788986333,2,0,0.005,3374765
1788986333,5,0,0.125,3374765
1788986333,1,0,0.001,3374765
1788986334,4,0,0.997,3374765
1788986336,4,0,1.593,3374765
1788986337,5,0,1.043,3374765
1788986337,2,0,0.003,3374765
1788986337,5,0,0.116,3374765
1788986337,0,0,0.005,3374765
1788986338,4,0,0.915,3374765
1788986338,0,0,0.008,3374765
1788986338,0,0,0.01,3374765
1788986338,0,0,0.011,3374765
1788986340,2,0,2.584,3374765
1788986343,4,0,2.82,3374765
1788986343,0,0,0.008,3374765
1788986343,0,0,0.017,3374765
1788986343,6,0,0.009,3374765
1788986345,7,0,1.49,3374765
1788986345,6,0,0.008,3374765
1788986345,3,0,0.011,3374765
1788986346,2,0,1.352,3374765
1788986346,3,0,0.044,3374765
1788986349,4,0,2.761,3374765
1788986357,5,0,8.108,3374765
1788986358,4,0,1.033,3374765
1788986358,3,0,0.009,3374765
1788986358,0,0,0.016,3374765
1788986358,3,0,0.038,3374765
1788986366,5,0,7.979,3374765
1788986366,0,0,0.016,3374765
1788986367,4,0,1.057,3374765
1788986368,4,0,1.279,3374765
1788986368,1,0,0.002,3374765
1788986368,0,0,0.006,3374765
1788986368,6,0,0.007,3374765
1788986369,6,0,0.005,3374765
1788986370,5,0,1.844,3374765
1788986370,0,0,0.006,3374765
1788986370,2,0,0.003,3374765
1788986370,1,0,0.001,3374765
1788986372,4,0,2.082,3374765
1788986372,2,0,0.005,3374765
1788986372,2,0,0.002,3374765
1788986372,0,0,0.006,3374765
1788986375,2,0,2.941,3374765
1788986377,4,0,1.878,3374765
1788986378,4,0,0.866,3374765
1788986378,0,0,0.004,3374765
1788986378,3,0,0.009,3374765
1788986378,2,0,0.003,3374765
1788986379,4,0,0.975,3374765
1788986379,6,0,0.007,3374765
1788986379,0,0,0.008,3374765
1788986379,0,0,0.008,3374765
1788986379,6,0,0.009,3374765
1788986379,6,0,0.007,3374765
1788986381,4,0,1.381,3374765
1788986383,5,0,2.043,3374765
1788986385,4,0,2.031,3374765
1788986385,4,0,0.872,3374765
1788986386,3,0,0.038,3374765
1788986386,0,0,0.009,3374765
1788986387,4,0,1.536,3374765
1788986387,0,0,0.013,3374765
1788986387,3,0,0.088,3374765
1788986387,3,0,0.008,3374765
1788986389,4,0,1.379,3374765
1788986389,6,0,0.007,3374765
1788986390,4,0,1.37,3374765
1788986390,0,0,0.011,3374765
1788986390,0,0,0.014,3374765
1788986390,5,0,0.124,3374765
1788986390,2,0,0.004,3374765
1788986390,5,0,0.127,3374765
1788986390,3,0,0.059,3374765
1788986392,4,0,1.473,3374765
1788986392,0,0,0.008,3374765
1788986392,0,0,0.006,3374765
1788986392,2,0,0.003,3374765
1788986393,4,0,1.637,3374765
1788986393,3,0,0.01,3374765
1788986398,2,0,4.144,3374765
1788986398,3,0,0.063,3374765
1788986400,4,0,2.584,3374765
1788986400,3,0,0.02,3374765
1788986400,7,0,0.161,3374765
1788986403,4,0,2.796,3374765
1788986404,4,0,1.122,3374765
1788986404,0,0,0.012,3374765
1788986404,2,0,0.003,3374765
1788986407,4,0,2.323,3374765
1788986407,2,0,0.003,3374765
1788986407,3,0,0.083,3374765
1788986407,6,0,0.007,3374765
1788986409,2,0,2.117,3374765
1788986417,5,0,8.45,3374765
1788986419,5,0,1.822,3374765
1788986419,1,0,0.001,3374765
1788986419,2,0,0.002,3374765
1788986419,0,0,0.009,3374765
1788986419,1,0,0.001,3374765
1788986423,4,0,4.006,3374765
1788986423,3,0,0.05,3374765
1788986424,4,0,0.981,3374765
1788986427,4,0,2.705,3374765
1788986427,3,0,0.069,3374765
1788986427,6,0,0.007,3374765
1788986427,0,0,0.009,3374765
1788986427,0,0,0.005,3374765
1788986427,0,0,0.017,3374765
1788986428,4,0,1.261,3374765
1788986431,4,0,2.409,3374765
1788986431,1,0,0.001,3374765
1788986431,4,0,0.768,3374765
1788986435,5,0,3.824,3374765
1788986437,4,0,1.413,3374765
1788986438,4,0,1.177,3374765
1788986438,0,0,0.015,3374765
1788986439,4,0,0.888,3374765
1788986439,3,0,0.048,3374765
1788986439,6,0,0.007,3374765
1788986439,1,0,0.001,3374765
1788986439,0,0,0.011,3374765
1788986440,4,0,1.216,3374765
1788986440,6,0,0.005,3374765
1788986440,1,0,0,3374765
1788986440,3,0,0.064,3374765
1788986440,0,0,0.015,3374765
1788986440,3,0,0.07,3374765
1788986442,4,0,1.773,3374765
1788986442,3,0,0.05,3374765
1788986442,0,0,0.007,3374765
1788986442,3,0,0.033,3374765
1788986442,0,0,0.008,3374765
1788986444,2,0,2.216,3374765
1788986444,6,0,0.008,3374765
1788986456,5,0,11.843,3374765
1788986457,4,0,1.211,3374765
1788986457,5,0,0.12,3374765
1788986457,0,0,0.011,3374765
1788986459,2,0,1.119,3374765
1788986459,0,0,0.008,3374765
1788986460,4,0,0.993,3374765
1788986460,4,0,0.87,3374765
1788986460,0,0,0.009,3374765
1788986462,2,0,1.441,3374765
1788986462,5,0,0.131,3374765
1788986464,4,0,1.523,3374765
1788986465,4,0,1.258,3374765
1788986465,3,0,0.053,3374765
1788986465,1,0,0,3374765
1788986466,4,0,1.067,3374765
1788986466,3,0,0.033,3374765
1788986468,4,0,1.883,3374765
1788986468,0,0,0.008,3374765
1788986468,5,0,0.121,3374765
1788986468,0,0,0.006,3374765
1788986470,4,0,1.713,3374765
1788986470,6,0,0.009,3374765
1788986472,5,0,1.936,3374765
1788986472,2,0,0.003,3374765
1788986472,3,0,0.077,3374765
1788986473,5,0,1.13,3374765
1788986473,3,0,0.064,3374765
1788986474,2,0,1.214,3374765
1788986477,2,0,2.643,3374765
1788986477,2,0,0.005,3374765
1788986477,3,0,0.075,3374765
1788986477,5,0,0.137,3374765
1788986480,4,0,2.955,3374765
1788986482,2,0,2.168,3374765
1788986483,2,0,1.213,3374765
1788986483,0,0,0.014,3374765
1788986483,3,0,0.004,3374765
1788986483,6,0,0.006,3374765
1788986483,5,0,0.126,3374765
1788986484,3,0,0.007,3374765
1788986484,5,0,0.82,3374765
1788986484,0,0,0.005,3374765
1788986484,3,0,0.006,3374765
1788986491,5,0,6.546,3374765
1788986492,4,0,0.669,3374765
1788986492,0,0,0.008,3374765
1788986493,4,0,1.539,3374765
1788986493,0,0,0.01,3374765
1788986494,2,0,1.04,3374765
1788986494,0,0,0.009,3374765
1788986496,2,0,1.566,3374765
1788986496,3,0,0.01,3374765
1788986496,2,0,0.004,3374765
1788986496,1,0,0.002,3374765
1788986498,4,0,2.157,3374765
1788986499,4,0,1.302,3374765
1788986499,2,0,0.003,3374765
1788986499,2,0,0.003,3374765
1788986499,1,0,0.001,3374765
1788986499,1,0,0.001,3374765
1788986499,0,0,0.005,3374765
1788986499,3,0,0.073,3374765
1788986499,0,0,0.007,3374765
1788986499,3,0,0.003,3374765
1788986499,1,0,0.001,3374765
1788986501,4,0,2.047,3374765
1788986501,6,0,0.007,3374765
1788986501,5,0,0.123,3374765
1788986510,7,0,8.863,3374765
1788986510,3,0,0.104,3374765
1788986510,0,0,0.008,3374765
1788986510,3,0,0.008,3374765
1788986512,4,0,1.848,3374765
1788986512,3,0,0.021,3374765
1788986512,3,0,0.044,3374765
1788986516,2,0,3.953,3374765
1788986516,6,0,0.01,3374765
1788986516,6,0,0.007,3374765
1788986516,6,0,0.006,3374765
1788986518,2,0,1.797,3374765
1788986518,3,0,0.043,3374765
1788986518,0,0,0.011,3374765
1788986520,4,0,1.999,3374765
1788986520,3,0,0.008,3374765
1788986521,4,0,0.669,3374765
1788986521,3,0,0.037,3374765
1788986521,3,0,0.008,3374765
1788986525,4,0,3.956,3374765
1788986525,3,0,0.038,3374765
1788986525,5,0,0.124,3374765
1788986525,3,0,0.009,3374765
1788986528,4,0,2.717,3374765
1788986528,0,0,0.013,3374765
1788986528,0,0,0.006,3374765
1788986528,3,0,0.141,3374765
1788986529,4,0,0.778,3374765
1788986537,5,0,8.242,3374765
1788986537,1,0,0.001,3374765
1788986537,1,0,0.001,3374765
1788986537,0,0,0.005,3374765
1788986538,4,0,0.746,3374765
1788986539,4,0,1.044,3374765
1788986540,2,0,1.492,3374765
1788986540,3,0,0.055,3374765
1788986542,4,0,1.577,3374765
1788986542,3,0,0.007,3374765
1788986542,1,0,0.001,3374765
1788986542,0,0,0.009,3374765
1788986542,0,0,0.005,3374765
1788986544,4,0,1.706,3374765
1788986545,2,0,1.449,3374765
1788986545,6,0,0.006,3374765
1788986545,0,0,0.015,3374765
1788986546,4,0,0.903,3374765
1788986546,3,0,0.056,3374765
1788986546,6,0,0.008,3374765
1788986547,2,0,1.02,3374765
1788986547,6,0,0.008,3374765
1788986547,0,0,0.011,3374765
1788986548,4,0,0.996,3374765
1788986548,6,0,0.007,3374765
1788986550,4,0,2.174,3374765
1788986550,3,0,0.002,3374765
1788986550,2,0,0.003,3374765
1788986550,0,0,0.013,3374765
1788986551,4,0,1.167,3374765
1788986553,4,0,1.749,3374765
1788986553,3,0,0.071,3374765
1788986553,6,0,0.008,3374765
1788986555,4,0,1.964,3374765
1788986555,0,0,0.013,3374765
1788986567,5,0,12.076,3374765
1788986567,3,0,0.011,3374765
1788986572,5,0,4.292,3374765
1788986573,4,0,1.022,3374765
1788986573,4,0,0.622,3374765
1788986577,5,0,4.22,3374765
1788986577,1,0,0.001,3374765
1788986577,1,0,0.001,3374765
1788986577,3,0,0.01,3374765
1788986578,0,0,0.008,3374765
1788986582,4,0,4.397,3374765
1788986582,6,0,0.006,3374765
1788986582,6,0,0.009,3374765
1788986582,5,0,0.126,3374765
1788986582,0,0,0.009,3374765
1788986583,4,0,1.417,3374765
1788986583,3,0,0.026,3374765
1788986584,3,0,0.051,3374765
1788986584,3,0,0.093,3374765
1788986585,5,0,1.029,3374765
1788986585,2,0,0.003,3374765
1788986586,4,0,0.91,3374765
1788986586,3,0,0.019,3374765
1788986586,0,0,0.014,3374765
1788986587,4,0,0.904,3374765
1788986587,2,0,0.003,3374765
1788986587,2,0,0.003,3374765
1788986587,0,0,0.006,3374765
1788986587,5,0,0.131,3374765
1788986588,5,0,1.012,3374765
1788986588,0,0,0.009,3374765
1788986588,0,0,0.007,3374765
1788986589,4,0,1.042,3374765
1788986589,0,0,0.006,3374765
1788986589,5,0,0.12,3374765
1788986589,0,0,0.015,3374765
1788986589,0,0,0.007,3374765
1788986589,3,0,0.004,3374765
1788986589,0,0,0.018,3374765
1788986589,6,0,0.009,3374765
1788986589,0,0,0.013,3374765
1788986589,3,0,0.037,3374765
1788986589,6,0,0.008,3374765
1788986589,0,0,0.012,3374765
1788986589,0,0,0.008,3374765
1788986589,2,0,0.003,3374765
1788986590,5,0,1.196,3374765
1788986590,3,0,0.061,3374765
1788986591,4,0,0.759,3374765
1788986591,7,0,0.181,3374765
1788986593,4,0,1.418,3374765
1788986593,3,0,0.071,3374765
1788986595,2,0,1.969,3374765
1788986595,3,0,0.077,3374765
1788986595,5,0,0.123,3374765
1788986595,0,0,0.014,3374765
1788986595,3,0,0.005,3374765
1788986596,2,0,1.154,3374765
1788986597,2,0,0.579,3374765
1788986597,6,0,0.007,3374765
1788986597,0,0,0.013,3374765
1788986597,3,0,0.049,3374765
1788986598,4,0,0.884,3374765
1788986598,2,0,0.004,3374765
1788986599,2,0,1.359,3374765
1788986599,3,0,0.003,3374765
1788986600,4,0,1.082,3374765
1788986600,1,0,0.001,3374765
1788986600,0,0,0.011,3374765
1788986600,3,0,0.04,3374765
1788986600,2,0,0.002,3374765
1788986600,0,0,0.009,3374765
1788986600,6,0,0.007,3374765
1788986600,1,0,0,3374765
1788986600,0,0,0.01,3374765
1788986602,4,0,1.956,3374765
1788986603,5,0,1.217,3374765
1788986603,0,0,0.007,3374765
1788986603,3,0,0.055,3374765
1788986603,1,0,0.002,3374765
1788986604,2,0,0.93,3374765
1788986604,3,0,0.066,3374765
1788986604,6,0,0.008,3374765
1788986606,2,0,1.74,3374765
1788986606,3,0,0.041,3374765
1788986608,4,0,1.717,3374765
1788986610,2,0,2.171,3374765
1788986611,4,0,0.625,3374765
1788986611,6,0,0.008,3374765
1788986611,4,0,0.816,3374765
1788986611,3,0,0.038,3374765
1788986611,6,0,0.004,3374765
1788986613,7,0,1.28,3374765
1788986616,2,0,2.907,3374765
1788986616,3,0,0.007,3374765
1788986617,4,0,1.078,3374765
1788986618,4,0,0.88,3374765
1788986620,4,0,2.056,3374765
1788986622,4,0,2.158,3374765
1788986622,3,0,0.075,3374765
1788986622,6,0,0.007,3374765
1788986624,4,0,1.831,3374765
1788986633,7,0,9.424,3374765
1788986633,3,0,0.072,3374765
1788986633,6,0,0.008,3374765
1788986633,6,0,0.008,3374765
1788986633,3,0,0.094,3374765
1788986633,3,0,0.007,3374765
1788986633,3,0,0.006,3374765
1788986633,3,0,0.042,3374765
1788986633,6,0,0.005,3374765
1788986633,0,0,0.012,3374765
1788986633,0,0,0.014,3374765
1788986633,2,0,0.004,3374765
1788986633,0,0,0.006,3374765
1788986634,3,0,0.068,3374765
1788986634,3,0,0.015,3374765
1788986634,5,0,0.806,3374765
1788986634,3,0,0.02,3374765
1788986635,7,0,0.162,3374765
1788986635,2,0,0.003,3374765
1788986635,3,0,0.098,3374765
1788986635,2,0,0.002,3374765
1788986635,3,0,0.058,3374765
1788986635,2,0,0.002,3374765
1788986635,3,0,0.006,3374765
1788986635,5,0,0.111,3374765
1788986637,4,0,1.818,3374765
1788986638,4,0,0.875,3374765
1788986638,6,0,0.006,3374765
1788986638,3,0,0.044,3374765
1788986638,3,0,0.01,3374765
1788986638,6,0,0.007,3374765
1788986638,3,0,0.053,3374765
1788986638,3,0,0.04,3374765
1788986638,3,0,0.061,3374765
1788986638,6,0,0.005,3374765
1788986638,4,0,0.674,3374765
1788986639,5,0,0.1,3374765
1788986639,5,0,0.096,3374765
1788986639,6,0,0.006,3374765
1788986641,4,0,2.015,3374765
1788986641,1,0,0.001,3374765
1788986641,0,0,0.008,3374765
1788986642,5,0,1.284,3374765
1788986642,0,0,0.011,3374765
1788986644,4,0,1.75,3374765
1788986648,2,0,4.502,3374765
1788986652,4,0,3.925,3374765
1788986652,3,0,0.005,3374765
1788986654,4,0,2.092,3374765
1788986654,0,0,0.008,3374765
1788986654,5,0,0.119,3374765
1788986655,5,0,1.089,3374765
1788986656,4,0,0.81,3374765
1788986656,0,0,0.005,3374765
1788986656,0,0,0.008,3374765
1788986658,2,0,1.372,3374765
1788986658,6,0,0.006,3374765
1788986658,0,0,0.015,3374765
1788986658,4,0,0.823,3374765
1788986658,0,0,0.014,3374765
1788986658,3,0,0.011,3374765
1788986658,0,0,0.012,3374765
1788986659,6,0,0.008,3374765
1788986659,3,0,0.042,3374765
1788986659,0,0,0.007,3374765
1788986661,2,0,2.497,3374765
1788986661,5,0,0.126,3374765
1788986662,2,0,1.279,3374765
1788986662,3,0,0.026,3374765
1788986662,6,0,0.007,3374765
1788986663,4,0,0.989,3374765
1788986664,3,0,0.085,3374765
1788986664,6,0,0.007,3374765
1788986665,2,0,1.238,3374765
1788986665,3,0,0.03,3374765
1788986666,2,0,1.383,3374765
1788986666,4,0,0.032,3374765
1788986666,3,0,0.057,3374765
1788986666,3,0,0.078,3374765
1788986666,0,0,0.013,3374765
1788986668,5,0,1.519,3374765
1788986671,4,0,2.711,3374765
1788986672,4,0,1.135,3374765
1788986675,2,0,2.771,3374765
1788986675,1,0,0.003,3374765
1788986676,4,0,0.974,3374765
1788986676,3,0,0.056,3374765
1788986676,5,0,0.803,3374765
1788986676,6,0,0.007,3374765
1788986677,4,0,0.911,3374765
1788986679,5,0,1.495,3374765
1788986681,4,0,2.304,3374765
1788986681,2,0,0.002,3374765
1788986681,2,0,0.003,3374765
1788986681,0,0,0.008,3374765
1788986681,0,0,0.01,3374765
1788986681,3,0,0.067,3374765
1788986681,6,0,0.005,3374765
1788986681,3,0,0.055,3374765
1788986681,3,0,0.075,3374765
1788986681,3,0,0.041,3374765
1788986681,5,0,0.117,3374765
1788986682,3,0,0.062,3374765
1788986682,0,0,0.006,3374765
1788986683,4,0,0.984,3374765
1788986683,3,0,0.031,3374765
1788986683,2,0,0.003,3374765
1788986684,2,0,1.004,3374765
1788986694,5,0,10.772,3374765
1788986694,0,0,0.013,3374765
1788986694,1,0,0.001,3374765
1788986694,6,0,0.006,3374765
1788986694,2,0,0.001,3374765
1788986696,4,0,1.175,3374765
1788986696,6,0,0.01,3374765
1788986696,6,0,0.007,3374765
1788986697,4,0,1.291,3374765
1788986699,4,0,2.023,3374765
1788986699,3,0,0.026,3374765
1788986700,2,0,1.01,3374765
1788986700,3,0,0.057,3374765
1788986700,7,0,0.171,3374765
1788986700,5,0,0.121,3374765
1788986700,5,0,0.129,3374765
1788986700,6,0,0.012,3374765
1788986700,0,0,0.006,3374765
1788986702,4,0,1.127,3374765
1788986702,0,0,0.011,3374765
1788986702,0,0,0.009,3374765
1788986702,6,0,0.007,3374765
1788986703,2,0,1.481,3374765
1788986703,3,0,0.008,3374765
1788986705,2,0,1.74,3374765
1788986705,0,0,0.015,3374765
1788986705,1,0,0.001,3374765
1788986705,1,0,0,3374765
1788986706,5,0,1.006,3374765
1788986707,4,0,1.412,3374765
1788986707,0,0,0.013,3374765
1788986708,2,0,1.014,3374765
1788986710,4,0,1.496,3374765
1788986710,7,0,0.161,3374765
1788986710,0,0,0.008,3374765
1788986710,0,0,0.013,3374765
1788986713,2,0,2.648,3374765
1788986714,4,0,1.576,3374765
1788986715,5,0,1.026,3374765
1788986715,0,0,0.011,3374765
1788986715,3,0,0.087,3374765
1788986715,2,0,0.002,3374765
1788986715,1,0,0.001,3374765
1788986715,3,0,0.038,3374765
1788986715,1,0,0.001,3374765
1788986715,6,0,0.008,3374765
1788986723,5,0,8,3374765
1788986723,6,0,0.006,3374765
1788986723,2,0,0.003,3374765
1788986725,4,0,1.778,3374765
1788986725,6,0,0.008,3374765
1788986725,3,0,0.072,3374765
1788986725,0,0,0.006,3374765
1788986725,3,0,0.04,3374765
1788986725,6,0,0.005,3374765
1788986725,3,0,0.042,3374765
1788986734,7,0,8.736,3374765
1788986735,4,0,1.037,3374765
1788986736,4,0,1.033,3374765
1788986745,5,0,8.677,3374765
1788986745,2,0,0.002,3374765
1788986745,0,0,0.009,3374765
1788986745,4,0,0.708,3374765
1788986746,6,0,0.011,3374765
1788986746,0,0,0.012,3374765
1788986746,3,0,0.008,3374765
1788986746,6,0,0.006,3374765
1788986746,3,0,0.083,3374765
1788986746,6,0,0.009,3374765
1788986746,0,0,0.01,3374765
1788986747,2,0,0.878,3374765
1788986747,6,0,0.007,3374765
1788986747,1,0,0.002,3374765
1788986747,0,0,0.004,3374765
1788986747,3,0,0.011,3374765
1788986747,3,0,0.006,3374765
1788986747,2,0,0.946,3374765
1788986748,3,0,0.087,3374765
1788986748,2,0,0.003,3374765
1788986748,0,0,0.004,3374765
1788986750,4,0,2.19,3374765
1788986750,3,0,0.01,3374765
1788986750,0,0,0.004,3374765
1788986750,0,0,0.011,3374765
1788986751,2,0,0.944,3374765
1788986751,5,0,0.752,3374765
1788986752,6,0,0.006,3374765
1788986753,4,0,1.197,3374765
1788986753,3,0,0.037,3374765
1788986753,0,0,0.014,3374765
1788986753,1,0,0.001,3374765
1788986753,3,0,0.064,3374765
1788986754,4,0,1.348,3374765
1788986754,5,0,0.123,3374765
1788986754,3,0,0.073,3374765
1788986756,4,0,1.14,3374765
1788986756,2,0,0.003,3374765
1788986758,4,0,2.34,3374765
1788986758,2,0,0.003,3374765
1788986758,3,0,0.082,3374765
1788986758,6,0,0.007,3374765
1788986758,3,0,0.05,3374765
1788986758,3,0,0.089,3374765
1788986759,5,0,0.671,3374765
1788986759,2,0,0.003,3374765
1788986760,4,0,1.314,3374765
1788986763,4,0,2.821,3374765
1788986763,2,0,0.001,3374765
1788986764,2,0,0.98,3374765
1788986765,2,0,1.32,3374765
1788986765,0,0,0.005,3374765
1788986767,5,0,1.994,3374765
1788986769,7,0,1.318,3374765
1788986769,4,0,0.991,3374765
1788986771,4,0,1.067,3374765
1788986772,5,0,1.543,3374765
1788986772,6,0,0.006,3374765
1788986772,3,0,0.018,3374765
1788986772,2,0,0.003,3374765
1788986772,6,0,0.008,3374765
1788986772,5,0,0.135,3374765
1788986774,4,0,1.629,3374765
1788986774,3,0,0.013,3374765
1788986776,4,0,1.659,3374765
1788986776,6,0,0.007,3374765
1788986776,5,0,0.121,3374765
1788986776,0,0,0.011,3374765
1788986776,1,0,0.001,3374765
1788986776,5,0,0.125,3374765
1788986776,3,0,0.008,3374765
1788986776,0,0,0.009,3374765
1788986778,7,0,1.776,3374765
1788986778,6,0,0.01,3374765
1788986778,3,0,0.007,3374765
1788986778,0,0,0.006,3374765
1788986778,2,0,0.005,3374765
1788986779,4,0,1.127,3374765
1788986789,5,0,9.989,3374765
1788986789,2,0,0.003,3374765
1788986790,5,0,1.269,3374765
1788986790,5,0,0.116,3374765
1788986790,2,0,0.003,3374765
1788986794,4,0,4.318,3374765
1788986797,5,0,2.094,3374765
1788986797,0,0,0.008,3374765
1788986797,2,0,0.002,3374765
1788986797,6,0,0.007,3374765
1788986799,4,0,2.198,3374765
1788986799,6,0,0.004,3374765
1788986807,7,0,8.05,3374765
1788986807,STOP,,,3374765
