1788983191,1,0,0.01,3374774
1788983192,2,0,1.156,3374774
1788983192,2,0,0.003,3374774
1788983194,4,0,1.182,3374774
1788983194,3,0,0.102,3374774
1788983194,6,0,0.012,3374774
1788983194,3,0,0.009,3374774
1788983195,5,0,1.557,3374774
1788983195,6,0,0.009,3374774
1788983197,4,0,1.351,3374774
1788983197,2,0,0.004,3374774
1788983198,4,0,1.196,3374774
1788983203,4,0,4.623,3374774
1788983203,6,0,0.011,3374774
1788983205,4,0,2.938,3374774
1788983208,4,0,2.123,3374774
1788983210,5,0,2.044,3374774
1788983210,3,0,0.008,3374774
1788983210,2,0,0.005,3374774
1788983210,3,0,0.064,3374774
1788983211,4,0,1.559,3374774
1788983213,5,0,1.864,3374774
1788983215,4,0,1.717,3374774
1788983215,3,0,0.085,3374774
1788983217,4,0,1.596,3374774
1788983217,3,0,0.09,3374774
1788983217,5,0,0.116,3374774
1788983217,3,0,0.043,3374774
1788983217,2,0,0.001,3374774
1788983218,2,0,1.035,3374774
1788983219,4,0,1.538,3374774
1788983219,2,0,0.004,3374774
1788983219,6,0,0.009,3374774
1788983219,3,0,0.063,3374774
1788983221,4,0,1.075,3374774
1788983221,1,0,0.001,3374774
1788983230,7,0,9.967,3374774
1788983230,3,0,0.005,3374774
1788983231,3,0,0.08,3374774
1788983231,6,0,0.008,3374774
1788983231,6,0,0.01,3374774
1788983231,2,0,0.004,3374774
1788983232,4,0,1.217,3374774
1788983232,4,0,0.525,3374774
1788983234,5,0,1.919,3374774
1788983234,0,0,0.017,3374774
1788983239,2,0,4.312,3374774
1788983240,4,0,1.183,3374774
1788983240,6,0,0.006,3374774
1788983240,0,0,0.008,3374774
1788983241,4,0,1.301,3374774
1788983241,0,0,0.01,3374774
1788983246,2,0,4.54,3374774
1788983246,3,0,0.074,3374774
1788983246,6,0,0.009,3374774
1788983247,2,0,0.954,3374774
1788983247,0,0,0.011,3374774
1788983247,3,0,0.005,3374774
1788983247,2,0,0.003,3374774
1788983247,1,0,0.001,3374774
1788983248,4,0,1.182,3374774
1788983248,3,0,0.049,3374774
1788983249,4,0,1.161,3374774
1788983250,4,0,1.038,3374774
1788983250,6,0,0.008,3374774
1788983250,7,0,0.172,3374774
1788983253,2,0,2.774,3374774
1788983253,0,0,0.008,3374774
1788983254,4,0,0.943,3374774
1788983254,6,0,0.009,3374774
1788983255,2,0,1.086,3374774
1788983257,2,0,1.471,3374774
1788983257,3,0,0.002,3374774
1788983258,4,0,0.99,3374774
1788983259,5,0,1.634,3374774
1788983259,1,0,0.001,3374774
1788983259,0,0,0.009,3374774
1788983259,3,0,0.067,3374774
1788983259,0,0,0.007,3374774
1788983259,0,0,0.01,3374774
1788983259,3,0,0.071,3374774
1788983261,4,0,1.308,3374774
1788983261,0,0,0.012,3374774
1788983263,4,0,2.066,3374774
1788983264,4,0,1.162,3374774
1788983264,0,0,0.007,3374774
1788983264,0,0,0.01,3374774
1788983264,3,0,0.013,3374774
1788983274,7,0,9.62,3374774
1788983281,5,0,7.735,3374774
1788983281,6,0,0.008,3374774
1788983281,0,0,0.009,3374774
1788983281,3,0,0.003,3374774
1788983282,4,0,1.018,3374774
1788983282,3,0,0.028,3374774
1788983282,6,0,0.009,3374774
1788983282,0,0,0.011,3374774
1788983282,6,0,0.006,3374774
1788983287,2,0,4.243,3374774
1788983287,3,0,0.001,3374774
1788983287,3,0,0.008,3374774
1788983287,3,0,0.097,3374774
1788983287,3,0,0.1,3374774
1788983287,1,0,0.001,3374774
1788983288,5,0,1.365,3374774
1788983288,3,0,0.074,3374774
1788983288,0,0,0.014,3374774
1788983288,6,0,0.006,3374774
1788983288,3,0,0.091,3374774
1788983288,2,0,0.004,3374774
1788983288,0,0,0.007,3374774
1788983291,4,0,2.515,3374774
1788983292,4,0,1.327,3374774
1788983292,6,0,0.008,3374774
1788983292,3,0,0.082,3374774
1788983292,0,0,0.009,3374774
1788983292,2,0,0.002,3374774
1788983294,2,0,1.277,3374774
1788983294,2,0,0.002,3374774
1788983296,4,0,2.238,3374774
1788983296,3,0,0.062,3374774
1788983296,6,0,0.007,3374774
1788983296,6,0,0.007,3374774
1788983296,1,0,0.001,3374774
1788983296,0,0,0.009,3374774
1788983296,6,0,0.008,3374774
1788983296,0,0,0.006,3374774
1788983296,0,0,0.01,3374774
1788983297,5,0,0.837,3374774
1788983298,4,0,0.677,3374774
1788983298,3,0,0.006,3374774
1788983299,4,0,1.217,3374774
1788983299,6,0,0.006,3374774
1788983300,2,0,1.681,3374774
1788983300,0,0,0.007,3374774
1788983302,4,0,1.236,3374774
1788983304,4,0,1.985,3374774
1788983305,4,0,1.345,3374774
1788983305,3,0,0.005,3374774
1788983306,5,0,0.951,3374774
1788983315,5,0,8.717,3374774
1788983315,5,0,0.119,3374774
1788983315,3,0,0.009,3374774
1788983315,0,0,0.012,3374774
1788983315,3,0,0.06,3374774
1788983315,3,0,0.064,3374774
1788983316,4,0,1.297,3374774
1788983319,5,0,2.37,3374774
1788983320,4,0,1.307,3374774
1788983320,6,0,0.006,3374774
1788983321,4,0,1.47,3374774
1788983321,0,0,0.012,3374774
1788983322,5,0,0.127,3374774
1788983323,2,0,1.45,3374774
1788983333,7,0,9.72,3374774
1788983333,3,0,0.003,3374774
1788983333,1,0,0.003,3374774
1788983337,2,0,4.097,3374774
1788983337,6,0,0.01,3374774
1788983337,0,0,0.006,3374774
1788983339,4,0,1.774,3374774
1788983339,3,0,0.05,3374774
1788983341,4,0,2.056,3374774
1788983342,4,0,1.315,3374774
1788983342,2,0,0.003,3374774
1788983344,5,0,2.466,3374774
1788983345,3,0,0.034,3374774
1788983345,3,0,0.055,3374774
1788983345,1,0,0.001,3374774
1788983345,3,0,0.007,3374774
1788983347,2,0,2.161,3374774
1788983347,1,0,0.001,3374774
1788983347,6,0,0.007,3374774
1788983347,6,0,0.008,3374774
1788983347,6,0,0.006,3374774
1788983347,3,0,0.06,3374774
1788983348,4,0,1.326,3374774
1788983348,3,0,0.087,3374774
1788983348,6,0,0.007,3374774
1788983348,0,0,0.016,3374774
1788983348,6,0,0.007,3374774
1788983350,4,0,1.702,3374774
1788983350,7,0,0.185,3374774
1788983358,5,0,8.09,3374774
1788983358,1,0,0.001,3374774
1788983358,0,0,0.014,3374774
1788983358,2,0,0.003,3374774
1788983358,2,0,0.003,3374774
1788983358,7,0,0.173,3374774
1788983358,3,0,0.006,3374774
1788983358,0,0,0.013,3374774
1788983358,6,0,0.006,3374774
1788983358,6,0,0.009,3374774
1788983358,6,0,0.006,3374774
1788983358,3,0,0.004,3374774
1788983359,3,0,0.069,3374774
1788983360,4,0,1.286,3374774
1788983360,1,0,0.001,3374774
1788983362,4,0,2.145,3374774
1788983364,4,0,1.991,3374774
1788983364,0,0,0.015,3374774
1788983365,4,0,1.452,3374774
1788983365,3,0,0.014,3374774
1788983366,2,0,1.051,3374774
1788983367,6,0,0.005,3374774
1788983368,4,0,1.369,3374774
1788983368,3,0,0.006,3374774
1788983370,4,0,2.359,3374774
1788983370,2,0,0.002,3374774
1788983373,4,0,2.327,3374774
1788983373,3,0,0.005,3374774
1788983374,2,0,1.215,3374774
1788983374,0,0,0.014,3374774
1788983375,5,0,1.197,3374774
1788983375,2,0,0.003,3374774
1788983376,4,0,1.343,3374774
1788983376,6,0,0.007,3374774
1788983377,4,0,0.97,3374774
1788983378,4,0,1.162,3374774
1788983378,3,0,0.013,3374774
1788983380,2,0,1.376,3374774
1788983380,3,0,0.046,3374774
1788983380,2,0,0.002,3374774
1788983380,3,0,0.009,3374774
1788983380,3,0,0.007,3374774
1788983382,2,0,1.831,3374774
1788983383,4,0,1.155,3374774
1788983383,1,0,0.002,3374774
1788983383,6,0,0.006,3374774
1788983383,6,0,0.008,3374774
1788983383,6,0,0.006,3374774
1788983386,2,0,2.921,3374774
1788983386,6,0,0.011,3374774
1788983386,6,0,0.008,3374774
1788983386,6,0,0.005,3374774
1788983386,6,0,0.005,3374774
1788983386,3,0,0.01,3374774
1788983389,5,0,2.758,3374774
1788983389,3,0,0.078,3374774
1788983389,2,0,0.005,3374774
1788983389,0,0,0.012,3374774
1788983393,5,0,4.117,3374774
1788983393,2,0,0.002,3374774
1788983394,4,0,1.441,3374774
1788983394,0,0,0.005,3374774
1788983394,3,0,0.038,3374774
1788983396,4,0,1.712,3374774
1788983397,4,0,1.041,3374774
1788983397,6,0,0.007,3374774
1788983397,3,0,0.072,3374774
1788983397,3,0,0.034,3374774
1788983398,2,0,1.125,3374774
1788983402,4,0,3.232,3374774
1788983402,2,0,0.003,3374774
1788983403,5,0,1.216,3374774
1788983403,2,0,0.004,3374774
1788983403,3,0,0.076,3374774
1788983403,3,0,0.082,3374774
1788983405,4,0,1.583,3374774
1788983406,4,0,1.864,3374774
1788983409,4,0,2.598,3374774
1788983409,0,0,0.009,3374774
1788983409,0,0,0.009,3374774
1788983409,0,0,0.013,3374774
1788983409,2,0,0.003,3374774
1788983410,2,0,1.093,3374774
1788983410,0,0,0.009,3374774
1788983410,0,0,0.012,3374774
1788983411,7,0,0.631,3374774
1788983411,2,0,0.004,3374774
1788983411,3,0,0.017,3374774
1788983411,2,0,0.004,3374774
1788983415,4,0,3.845,3374774
1788983415,0,0,0.007,3374774
1788983419,4,0,4.083,3374774
1788983419,6,0,0.009,3374774
1788983419,6,0,0.007,3374774
1788983419,3,0,0.037,3374774
1788983419,1,0,0.001,3374774
1788983420,2,0,0.702,3374774
1788983421,4,0,1.693,3374774
1788983431,5,0,10.151,3374774
1788983431,3,0,0.076,3374774
1788983441,5,0,9.661,3374774
1788983441,0,0,0.01,3374774
1788983442,4,0,1.123,3374774
1788983442,3,0,0.05,3374774
1788983444,4,0,2.056,3374774
1788983444,3,0,0.017,3374774
1788983444,0,0,0.013,3374774
1788983449,5,0,4.268,3374774
1788983449,6,0,0.006,3374774
1788983449,3,0,0.073,3374774
1788983449,0,0,0.006,3374774
1788983450,4,0,1.047,3374774
1788983451,4,0,1.159,3374774
1788983451,2,0,0.002,3374774
1788983451,3,0,0.068,3374774
1788983451,6,0,0.007,3374774
1788983453,4,0,1.71,3374774
1788983454,4,0,1.768,3374774
1788983454,0,0,0.016,3374774
1788983454,2,0,0.002,3374774
1788983455,3,0,0.068,3374774
1788983463,5,0,8.045,3374774
1788983463,6,0,0.011,3374774
1788983463,3,0,0.007,3374774
1788983463,0,0,0.018,3374774
1788983463,3,0,0.09,3374774
1788983464,4,0,1.144,3374774
1788983464,2,0,0.003,3374774
1788983464,2,0,0.002,3374774
1788983464,7,0,0.171,3374774
1788983464,3,0,0.082,3374774
1788983466,4,0,2.05,3374774
1788983466,5,0,0.11,3374774
1788983466,6,0,0.005,3374774
1788983468,4,0,1.491,3374774
1788983468,3,0,0.012,3374774
1788983469,5,0,1.178,3374774
1788983469,6,0,0.009,3374774
1788983471,7,0,1.688,3374774
1788983472,4,0,1.088,3374774
1788983472,6,0,0.005,3374774
1788983472,5,0,0.116,3374774
1788983472,0,0,0.013,3374774
1788983474,5,0,2.358,3374774
1788983475,4,0,1.145,3374774
1788983477,4,0,1.381,3374774
1788983477,0,0,0.01,3374774
1788983477,1,0,0.001,3374774
1788983477,0,0,0.005,3374774
1788983477,2,0,0.003,3374774
1788983477,2,0,0.002,3374774
1788983477,6,0,0.007,3374774
1788983486,5,0,8.917,3374774
1788983486,0,0,0.005,3374774
1788983486,0,0,0.008,3374774
1788983486,3,0,0.009,3374774
1788983486,0,0,0.017,3374774
1788983486,3,0,0.015,3374774
1788983486,0,0,0.014,3374774
1788983486,6,0,0.008,3374774
1788983496,5,0,9.832,3374774
1788983498,4,0,1.979,3374774
1788983499,4,0,1.185,3374774
1788983499,1,0,0.002,3374774
1788983499,6,0,0.009,3374774
1788983500,4,0,1.225,3374774
1788983500,6,0,0.012,3374774
1788983500,3,0,0.015,3374774
1788983502,5,0,2.101,3374774
1788983504,4,0,1.607,3374774
1788983506,2,0,2.665,3374774
1788983506,0,0,0.003,3374774
1788983507,5,0,0.121,3374774
1788983507,3,0,0.066,3374774
1788983507,0,0,0.01,3374774
1788983507,3,0,0.064,3374774
1788983507,2,0,0.001,3374774
1788983508,4,0,1.082,3374774
1788983508,6,0,0.006,3374774
1788983508,2,0,0.004,3374774
1788983508,0,0,0.016,3374774
1788983508,6,0,0.007,3374774
1788983509,4,0,0.928,3374774
1788983511,2,0,1.777,3374774
1788983511,0,0,0.012,3374774
1788983511,6,0,0.01,3374774
1788983511,3,0,0.091,3374774
1788983511,3,0,0.013,3374774
1788983512,2,0,1.407,3374774
1788983514,4,0,2.089,3374774
1788983514,6,0,0.006,3374774
1788983518,4,0,3.388,3374774
1788983518,3,0,0.089,3374774
1788983528,7,0,10.824,3374774
1788983528,1,0,0.001,3374774
1788983529,3,0,0.09,3374774
1788983529,3,0,0.054,3374774
1788983529,3,0,0.077,3374774
1788983529,6,0,0.006,3374774
1788983531,2,0,2,3374774
1788983531,6,0,0.008,3374774
1788983531,0,0,0.007,3374774
1788983531,3,0,0.01,3374774
1788983531,0,0,0.012,3374774
1788983538,5,0,6.856,3374774
1788983539,4,0,1.846,3374774
1788983540,2,0,0.858,3374774
1788983540,3,0,0.08,3374774
1788983540,2,0,0.003,3374774
1788983541,4,0,1.028,3374774
1788983552,5,0,10.365,3374774
1788983552,4,0,0.692,3374774
1788983553,4,0,1.02,3374774
1788983556,4,0,2.077,3374774
1788983556,3,0,0.062,3374774
1788983556,2,0,0.003,3374774
1788983557,5,0,1.225,3374774
1788983557,6,0,0.007,3374774
1788983557,3,0,0.073,3374774
1788983557,0,0,0.008,3374774
1788983557,3,0,0.006,3374774
1788983557,0,0,0.004,3374774
1788983558,4,0,0.959,3374774
1788983559,4,0,1.06,3374774
1788983560,4,0,0.874,3374774
1788983560,3,0,0.027,3374774
1788983560,3,0,0.01,3374774
1788983562,4,0,2.001,3374774
1788983562,0,0,0.007,3374774
1788983565,4,0,2.731,3374774
1788983565,6,0,0.004,3374774
1788983565,0,0,0.014,3374774
1788983565,6,0,0.006,3374774
1788983565,3,0,0.019,3374774
1788983565,6,0,0.005,3374774
1788983565,4,0,0.769,3374774
1788983567,4,0,1.263,3374774
1788983567,3,0,0.094,3374774
1788983567,1,0,0.002,3374774
1788983567,1,0,0.001,3374774
1788983576,7,0,9.5,3374774
1788983576,2,0,0.002,3374774
1788983576,3,0,0.006,3374774
1788983576,3,0,0.006,3374774
1788983578,4,0,1.233,3374774
1788983578,1,0,0.002,3374774
1788983578,6,0,0.007,3374774
1788983578,6,0,0.006,3374774
1788983578,3,0,0.061,3374774
1788983578,6,0,0.007,3374774
1788983579,4,0,1.524,3374774
1788983579,0,0,0.007,3374774
1788983579,3,0,0.036,3374774
1788983579,0,0,0.009,3374774
1788983579,6,0,0.005,3374774
1788983579,6,0,0.006,3374774
1788983579,1,0,0.001,3374774
1788983579,3,0,0.045,3374774
1788983579,0,0,0.018,3374774
1788983579,5,0,0.116,3374774
1788983579,3,0,0.01,3374774
1788983579,1,0,0.002,3374774
1788983583,4,0,3.901,3374774
1788983583,0,0,0.014,3374774
1788983583,0,0,0.007,3374774
1788983583,3,0,0.009,3374774
1788983583,6,0,0.006,3374774
1788983585,2,0,1.288,3374774
1788983585,3,0,0.006,3374774
1788983587,5,0,2.833,3374774
1788983588,2,0,0.933,3374774
1788983588,3,0,0.051,3374774
1788983588,1,0,0.001,3374774
1788983588,6,0,0.006,3374774
1788983590,2,0,1.792,3374774
1788983591,2,0,0.884,3374774
1788983592,5,0,0.815,3374774
1788983592,3,0,0.009,3374774
1788983593,4,0,0.783,3374774
1788983593,3,0,0.063,3374774
1788983602,5,0,9.121,3374774
1788983602,0,0,0.02,3374774
1788983602,3,0,0.059,3374774
1788983602,6,0,0.005,3374774
1788983604,4,0,2.088,3374774
1788983604,2,0,0.004,3374774
1788983606,4,0,2.143,3374774
1788983606,0,0,0.008,3374774
1788983606,3,0,0.072,3374774
1788983609,4,0,2.234,3374774
1788983609,0,0,0.014,3374774
1788983609,6,0,0.007,3374774
1788983610,4,0,1.442,3374774
1788983611,4,0,1.188,3374774
1788983612,2,0,0.849,3374774
1788983614,4,0,1.472,3374774
1788983614,0,0,0.016,3374774
1788983614,2,0,0.003,3374774
1788983614,3,0,0.067,3374774
1788983617,4,0,3.548,3374774
1788983619,4,0,2.041,3374774
1788983619,3,0,0.078,3374774
1788983619,1,0,0.002,3374774
1788983623,2,0,3.728,3374774
1788983623,3,0,0.087,3374774
1788983624,2,0,1.014,3374774
1788983624,6,0,0.006,3374774
1788983624,6,0,0.008,3374774
1788983635,5,0,10.486,3374774
1788983638,4,0,3.353,3374774
1788983647,5,0,9.495,3374774
1788983647,3,0,0.007,3374774
1788983648,5,0,0.116,3374774
1788983649,4,0,1.821,3374774
1788983651,2,0,1.809,3374774
1788983651,1,0,0.002,3374774
1788983651,6,0,0.009,3374774
1788983651,3,0,0.014,3374774
1788983651,0,0,0.006,3374774
1788983651,0,0,0.012,3374774
1788983651,3,0,0.055,3374774
1788983651,2,0,0.002,3374774
1788983651,1,0,0.002,3374774
1788983651,0,0,0.012,3374774
1788983651,3,0,0.067,3374774
1788983661,5,0,9.908,3374774
1788983661,3,0,0.071,3374774
1788983666,4,0,4.164,3374774
1788983666,4,0,0.847,3374774
1788983666,3,0,0.05,3374774
1788983666,0,0,0.014,3374774
1788983666,0,0,0.01,3374774
1788983666,3,0,0.008,3374774
1788983667,3,0,0.058,3374774
1788983667,7,0,0.167,3374774
1788983667,0,0,0.01,3374774
1788983667,0,0,0.007,3374774
1788983667,0,0,0.014,3374774
1788983667,0,0,0.011,3374774
1788983667,6,0,0.005,3374774
1788983667,0,0,0.012,3374774
1788983667,2,0,0.002,3374774
1788983668,4,0,0.952,3374774
1788983668,3,0,0.049,3374774
1788983670,2,0,2.295,3374774
1788983670,3,0,0.011,3374774
1788983670,3,0,0.005,3374774
1788983670,5,0,0.106,3374774
1788983672,5,0,1.321,3374774
1788983672,4,0,0.972,3374774
1788983674,2,0,1.586,3374774
1788983674,2,0,0.003,3374774
1788983674,6,0,0.006,3374774
1788983674,1,0,0.001,3374774
1788983674,0,0,0.013,3374774
1788983674,2,0,0.004,3374774
1788983674,0,0,0.01,3374774
1788983685,5,0,10.649,3374774
1788983685,0,0,0.016,3374774
1788983689,4,0,3.937,3374774
1788983691,4,0,2.753,3374774
1788983692,5,0,0.116,3374774
1788983692,3,0,0.005,3374774
1788983692,3,0,0.043,3374774
1788983693,4,0,1.389,3374774
1788983694,4,0,0.919,3374774
1788983694,5,0,0.126,3374774
1788983696,4,0,1.449,3374774
1788983696,6,0,0.008,3374774
1788983696,6,0,0.005,3374774
1788983696,0,0,0.006,3374774
1788983696,3,0,0.053,3374774
1788983698,4,0,2.072,3374774
1788983699,7,0,1.265,3374774
1788983701,4,0,2.339,3374774
1788983713,5,0,11.695,3374774
1788983714,5,0,0.912,3374774
1788983714,6,0,0.009,3374774
1788983714,3,0,0.037,3374774
1788983714,0,0,0.009,3374774
1788983715,4,0,1.345,3374774
1788983715,0,0,0.009,3374774
1788983715,0,0,0.007,3374774
1788983715,0,0,0.011,3374774
1788983715,0,0,0.014,3374774
1788983715,3,0,0.029,3374774
1788983715,0,0,0.016,3374774
1788983715,3,0,0.052,3374774
1788983715,6,0,0.005,3374774
1788983717,2,0,1.206,3374774
1788983717,3,0,0.011,3374774
1788983718,4,0,1.599,3374774
1788983718,6,0,0.007,3374774
1788983721,2,0,2.678,3374774
1788983721,0,0,0.008,3374774
1788983721,0,0,0.017,3374774
1788983721,1,0,0.001,3374774
1788983721,0,0,0.008,3374774
1788983721,2,0,0.003,3374774
1788983731,5,0,10.458,3374774
1788983731,1,0,0.003,3374774
1788983731,3,0,0.061,3374774
1788983731,0,0,0.013,3374774
1788983731,6,0,0.006,3374774
1788983732,3,0,0.048,3374774
1788983732,1,0,0.001,3374774
1788983733,4,0,1.335,3374774
1788983735,2,0,1.642,3374774
1788983735,1,0,0,3374774
1788983743,5,0,8.333,3374774
1788983743,1,0,0.001,3374774
1788983744,2,0,1.265,3374774
1788983744,0,0,0.007,3374774
1788983744,0,0,0.019,3374774
1788983745,4,0,1.13,3374774
1788983746,2,0,0.765,3374774
1788983747,2,0,1.238,3374774
1788983747,0,0,0.01,3374774
1788983749,4,0,1.575,3374774
1788983749,0,0,0.007,3374774
1788983749,0,0,0.009,3374774
1788983750,4,0,1.136,3374774
1788983750,0,0,0.005,3374774
1788983750,3,0,0.07,3374774
1788983750,3,0,0.234,3374774
1788983753,4,0,2.833,3374774
1788983753,3,0,0.01,3374774
1788983753,3,0,0.005,3374774
1788983753,0,0,0.01,3374774
1788983755,5,0,2.206,3374774
1788983755,2,0,0.004,3374774
1788983755,6,1,0.005,3374774
1788983757,5,0,1.532,3374774
1788983757,2,0,0.003,3374774
1788983757,3,0,0.036,3374774
1788983759,4,0,2.315,3374774
1788983759,2,0,0.002,3374774
1788983759,1,0,0.001,3374774
1788983768,7,0,9.008,3374774
1788983770,2,0,1.288,3374774
1788983772,2,0,2.033,3374774
1788983772,3,0,0.064,3374774
1788983772,3,0,0.088,3374774
1788983774,5,0,2.298,3374774
1788983774,3,0,0.086,3374774
1788983774,0,0,0.007,3374774
1788983774,2,0,0.003,3374774
1788983776,4,0,1.622,3374774
1788983776,3,0,0.072,3374774
1788983776,2,0,0.001,3374774
1788983779,4,0,3.464,3374774
1788983779,6,0,0.011,3374774
1788983781,4,0,1.724,3374774
1788983782,5,0,1.173,3374774
1788983782,2,0,0.001,3374774
1788983792,5,0,9.664,3374774
1788983792,6,0,0.006,3374774
1788983792,5,0,0.131,3374774
1788983792,2,0,0.002,3374774
1788983792,3,0,0.01,3374774
1788983792,3,0,0.004,3374774
1788983792,5,0,0.129,3374774
1788983796,4,0,4.155,3374774
1788983797,4,0,0.857,3374774
1788983797,3,0,0.024,3374774
1788983797,0,0,0.009,3374774
1788983799,5,0,2.127,3374774
1788983799,1,0,0.002,3374774
1788983799,0,0,0.006,3374774
1788983799,0,0,0.017,3374774
1788983799,3,0,0.062,3374774
1788983799,3,0,0.002,3374774
1788983803,4,0,3.148,3374774
1788983803,2,0,0.003,3374774
1788983803,2,0,0.004,3374774
1788983803,4,0,0.837,3374774
1788983803,3,0,0.067,3374774
1788983805,4,0,1.362,3374774
1788983805,3,0,0.002,3374774
1788983805,7,0,0.165,3374774
1788983805,0,0,0.009,3374774
1788983809,2,0,3.683,3374774
1788983809,0,0,0.016,3374774
1788983809,6,0,0.006,3374774
1788983810,2,0,1.274,3374774
1788983811,2,0,0.699,3374774
1788983811,1,0,0.002,3374774
1788983811,2,0,0.002,3374774
1788983811,3,0,0.083,3374774
1788983811,3,0,0.047,3374774
1788983811,0,0,0.006,3374774
1788983812,4,0,0.884,3374774
1788983812,6,0,0.006,3374774
1788983812,3,0,0.003,3374774
1788983814,4,0,2.244,3374774
1788983815,4,0,1.05,3374774
1788983816,4,0,1.02,3374774
1788983818,4,0,1.582,3374774
1788983818,0,0,0.005,3374774
1788983818,0,0,0.011,3374774
1788983818,6,0,0.009,3374774
1788983818,1,0,0.001,3374774
1788983820,5,0,2.152,3374774
1788983820,0,0,0.006,3374774
1788983828,5,0,8.629,3374774
1788983830,4,0,1.333,3374774
1788983834,2,0,4.476,3374774
1788983836,2,0,2.036,3374774
1788983836,3,0,0.012,3374774
1788983839,4,0,2.476,3374774
1788983840,4,0,1.372,3374774
1788983840,0,0,0.006,3374774
1788983840,6,0,0.01,3374774
1788983840,3,0,0.054,3374774
1788983842,4,0,1.941,3374774
1788983843,2,0,0.77,3374774
1788983843,0,0,0.007,3374774
1788983843,1,0,0.002,3374774
1788983843,1,0,0.001,3374774
1788983843,0,0,0.009,3374774
1788983843,6,0,0.008,3374774
1788983843,2,0,0.002,3374774
1788983843,3,0,0.04,3374774
1788983843,3,0,0.033,3374774
1788983843,6,0,0.006,3374774
1788983845,4,0,1.89,3374774
1788983854,5,0,9.268,3374774
1788983856,4,0,2.129,3374774
1788983858,4,0,1.375,3374774
1788983858,3,0,0.018,3374774
1788983858,3,0,0.034,3374774
1788983858,0,0,0.007,3374774
1788983859,4,0,1.095,3374774
1788983860,2,0,1.376,3374774
1788983860,3,0,0.056,3374774
1788983860,3,0,0.009,3374774
1788983870,7,0,9.575,3374774
1788983870,0,0,0.007,3374774
1788983870,3,0,0.055,3374774
1788983870,0,0,0.013,3374774
1788983870,3,0,0.08,3374774
1788983872,4,0,1.541,3374774
1788983873,4,0,0.98,3374774
1788983873,5,0,0.12,3374774
1788983873,0,0,0.009,3374774
1788983874,4,0,1.244,3374774
1788983874,2,0,0.001,3374774
1788983875,4,0,1.22,3374774
1788983875,3,0,0.06,3374774
1788983878,4,0,2.986,3374774
1788983878,1,0,0.003,3374774
1788983881,4,0,2.648,3374774
1788983881,3,0,0.005,3374774
1788983881,0,0,0.006,3374774
1788983882,7,0,1.185,3374774
1788983882,0,0,0.007,3374774
1788983882,1,0,0.002,3374774
1788983882,1,0,0.001,3374774
1788983883,4,0,1.095,3374774
1788983884,4,0,0.96,3374774
1788983885,2,0,1.312,3374774
1788983886,7,0,0.171,3374774
1788983887,4,0,0.918,3374774
1788983887,2,0,0.003,3374774
1788983887,2,0,0.001,3374774
1788983889,4,0,2.037,3374774
1788983890,4,0,1.35,3374774
1788983890,2,0,0.002,3374774
1788983890,1,0,0.001,3374774
1788983890,6,0,0.011,3374774
1788983891,2,0,0.628,3374774
1788983891,0,0,0.006,3374774
1788983891,2,0,0.002,3374774
1788983892,5,0,1.578,3374774
1788983892,3,0,0.055,3374774
1788983894,4,0,1.571,3374774
1788983896,4,0,2.583,3374774
1788983896,2,0,0.003,3374774
1788983896,1,0,0.002,3374774
1788983896,6,0,0.005,3374774
1788983897,4,0,0.544,3374774
1788983897,3,0,0.051,3374774
1788983898,4,0,1.087,3374774
1788983901,4,0,2.646,3374774
1788983901,4,0,0.798,3374774
1788983901,6,0,0.005,3374774
1788983903,2,0,1.235,3374774
1788983903,3,0,0.035,3374774
1788983905,4,0,2.322,3374774
1788983905,2,0,0.003,3374774
1788983906,2,0,0.933,3374774
1788983909,4,0,2.794,3374774
1788983910,4,0,0.879,3374774
1788983910,3,0,0.009,3374774
1788983910,0,0,0.01,3374774
1788983910,0,0,0.009,3374774
1788983910,5,0,0.123,3374774
1788983911,4,0,1.493,3374774
1788983911,2,0,0.003,3374774
1788983911,6,0,0.008,3374774
1788983912,4,0,1.004,3374774
1788983913,2,0,1.065,3374774
1788983913,0,0,0.017,3374774
1788983913,3,0,0.006,3374774
1788983924,5,0,10.949,3374774
1788983926,2,0,1.475,3374774
1788983926,0,0,0.005,3374774
1788983927,2,0,0.868,3374774
1788983928,4,0,1.272,3374774
1788983928,1,0,0.002,3374774
1788983929,4,0,1.34,3374774
1788983929,1,0,0.001,3374774
1788983932,4,0,2.222,3374774
1788983932,0,0,0.005,3374774
1788983932,1,0,0.001,3374774
1788983932,3,0,0.052,3374774
1788983932,0,0,0.008,3374774
1788983932,1,0,0.002,3374774
1788983932,5,0,0.118,3374774
1788983934,2,0,2.297,3374774
1788983936,4,0,2.029,3374774
1788983946,5,0,9.47,3374774
1788983946,3,0,0.006,3374774
1788983948,4,0,1.944,3374774
1788983948,7,0,0.179,3374774
1788983948,5,0,0.123,3374774
1788983948,6,0,0.007,3374774
1788983959,5,0,11.272,3374774
1788983959,5,0,0.13,3374774
1788983960,2,0,1.13,3374774
1788983960,2,0,0.003,3374774
1788983960,0,0,0.007,3374774
1788983960,3,0,0.071,3374774
1788983960,3,0,0.04,3374774
1788983962,2,0,1.738,3374774
1788983962,3,0,0.013,3374774
1788983964,4,0,2.082,3374774
1788983966,2,0,1.996,3374774
1788983966,1,0,0.001,3374774
1788983967,4,0,0.7,3374774
1788983967,6,0,0.011,3374774
1788983967,0,0,0.007,3374774
1788983967,6,1,0.006,3374774
1788983969,4,0,1.513,3374774
1788983970,4,0,1.292,3374774
1788983970,2,0,0.003,3374774
1788983970,0,0,0.007,3374774
1788983970,3,0,0.093,3374774
1788983970,0,0,0.006,3374774
1788983970,2,0,0.001,3374774
1788983970,3,0,0.005,3374774
1788983970,0,0,0.009,3374774
1788983972,2,0,1.988,3374774
1788983973,2,0,0.64,3374774
1788983982,5,0,9.037,3374774
1788983992,5,0,10.365,3374774
1788983992,0,0,0.01,3374774
1788983992,4,0,0.241,3374774
1788983992,6,0,0.007,3374774
1788983992,3,0,0.007,3374774
1788983992,1,0,0.002,3374774
1788983992,0,0,0.016,3374774
1788983992,3,0,0.013,3374774
1788983992,0,0,0.006,3374774
1788983992,0,0,0.005,3374774
1788983992,3,0,0.056,3374774
1788983992,6,0,0.006,3374774
1788983996,4,0,3.969,3374774
1788983996,3,0,0.095,3374774
1788983998,4,0,1.331,3374774
1788983998,3,0,0.008,3374774
1788983998,4,0,0.718,3374774
1788983999,3,0,0.052,3374774
1788983999,6,0,0.007,3374774
1788983999,0,0,0.011,3374774
1788984000,5,0,1.028,3374774
1788984000,0,0,0.009,3374774
1788984001,4,0,1.353,3374774
1788984001,1,0,0.001,3374774
1788984001,3,0,0.066,3374774
1788984001,0,0,0.013,3374774
1788984001,7,0,0.186,3374774
1788984002,4,0,1.197,3374774
1788984013,5,0,10.631,3374774
1788984013,6,0,0.007,3374774
1788984014,5,0,1.03,3374774
1788984014,3,0,0.074,3374774
1788984017,4,0,2.994,3374774
1788984018,2,0,0.955,3374774
1788984018,3,0,0.079,3374774
1788984018,3,0,0.004,3374774
1788984020,4,0,1.351,3374774
1788984020,0,0,0.01,3374774
1788984020,0,0,0.016,3374774
1788984020,0,0,0.01,3374774
1788984020,5,0,0.124,3374774
1788984021,4,0,1.711,3374774
1788984026,5,0,4.345,3374774
1788984026,3,0,0.058,3374774
1788984027,4,0,1.175,3374774
1788984027,5,0,0.129,3374774
1788984027,2,0,0.001,3374774
1788984027,0,0,0.016,3374774
1788984027,3,0,0.072,3374774
1788984027,3,0,0.008,3374774
1788984029,4,0,1.393,3374774
1788984030,4,0,1.499,3374774
1788984031,4,0,1.341,3374774
1788984031,3,0,0.011,3374774
1788984032,3,0,0.077,3374774
1788984032,3,0,0.065,3374774
1788984032,0,0,0.011,3374774
1788984032,0,0,0.014,3374774
1788984034,4,0,2.012,3374774
1788984034,3,0,0.006,3374774
1788984034,3,0,0.062,3374774
1788984036,7,0,2.316,3374774
1788984038,4,0,2.412,3374774
1788984038,3,0,0.051,3374774
1788984050,7,0,11.335,3374774
1788984060,5,0,10.19,3374774
1788984062,4,0,1.686,3374774
1788984062,2,0,0.004,3374774
1788984062,1,0,0.001,3374774
1788984062,6,0,0.008,3374774
1788984062,0,0,0.01,3374774
1788984062,3,0,0.006,3374774
1788984063,4,0,1.419,3374774
1788984063,0,0,0.006,3374774
1788984064,4,0,1.201,3374774
1788984064,1,0,0.001,3374774
1788984064,0,0,0.007,3374774
1788984066,2,0,1.505,3374774
1788984066,0,0,0.013,3374774
1788984067,4,0,1.577,3374774
1788984067,1,0,0.001,3374774
1788984067,2,0,0.002,3374774
1788984068,3,0,0.058,3374774
1788984068,2,0,0.002,3374774
1788984068,3,0,0.069,3374774
1788984069,2,0,1.125,3374774
1788984070,4,0,1.543,3374774
1788984070,2,0,0.003,3374774
1788984070,3,0,0.051,3374774
1788984070,3,0,0.044,3374774
1788984072,4,0,1.351,3374774
1788984072,0,0,0.009,3374774
1788984073,4,0,0.804,3374774
1788984076,5,0,3.104,3374774
1788984076,6,0,0.008,3374774
1788984076,0,0,0.011,3374774
1788984077,4,0,1.259,3374774
1788984077,3,0,0.01,3374774
1788984077,6,0,0.006,3374774
1788984077,3,0,0.074,3374774
1788984077,0,0,0.008,3374774
1788984077,3,0,0.057,3374774
1788984078,4,0,0.756,3374774
1788984078,6,0,0.006,3374774
1788984078,1,0,0.001,3374774
1788984080,4,0,2.541,3374774
1788984081,2,0,0.782,3374774
1788984081,6,0,0.01,3374774
1788984081,3,0,0.09,3374774
1788984082,4,0,1.198,3374774
1788984083,3,0,0.086,3374774
1788984083,3,0,0.089,3374774
1788984083,7,0,0.179,3374774
1788984084,4,0,1.297,3374774
1788984084,6,0,0.009,3374774
1788984086,4,0,1.541,3374774
1788984088,4,0,2.436,3374774
1788984089,4,0,1.121,3374774
1788984094,4,0,4.642,3374774
1788984094,3,0,0.036,3374774
1788984095,2,0,1.255,3374774
1788984095,6,0,0.008,3374774
1788984096,4,0,1.347,3374774
1788984099,7,0,2.305,3374774
1788984100,4,0,1.085,3374774
1788984100,3,0,0.053,3374774
1788984101,2,0,0.844,3374774
1788984102,4,0,1.588,3374774
1788984102,3,0,0.037,3374774
1788984102,0,0,0.016,3374774
1788984104,4,0,1.444,3374774
1788984113,7,0,9.069,3374774
1788984114,4,0,0.99,3374774
1788984114,0,0,0.011,3374774
1788984114,2,0,0.006,3374774
1788984114,0,0,0.013,3374774
1788984114,0,0,0.013,3374774
1788984114,6,0,0.009,3374774
1788984114,3,0,0.061,3374774
1788984114,0,0,0.007,3374774
1788984114,2,0,0.003,3374774
1788984119,4,0,4.475,3374774
1788984119,3,0,0.007,3374774
1788984119,3,0,0.057,3374774
1788984119,3,0,0.062,3374774
1788984119,3,0,0.009,3374774
1788984119,3,0,0.029,3374774
1788984119,6,0,0.008,3374774
1788984119,3,0,0.022,3374774
1788984119,0,0,0.013,3374774
1788984121,2,0,1.947,3374774
1788984123,2,0,1.917,3374774
1788984123,3,0,0.024,3374774
1788984124,4,0,1.505,3374774
1788984124,0,0,0.012,3374774
1788984126,5,0,1.871,3374774
1788984126,0,0,0.018,3374774
1788984126,3,0,0.061,3374774
1788984126,3,0,0.029,3374774
1788984128,4,0,1.414,3374774
1788984128,3,0,0.02,3374774
1788984129,4,0,1.133,3374774
1788984129,2,0,0.004,3374774
1788984129,1,0,0.002,3374774
1788984131,5,0,2.196,3374774
1788984131,6,0,0.009,3374774
1788984131,3,0,0.003,3374774
1788984132,4,0,1.227,3374774
1788984133,5,0,1.379,3374774
1788984133,6,0,0.005,3374774
1788984133,2,0,0.004,3374774
1788984135,2,0,1.169,3374774
1788984135,6,0,0.007,3374774
1788984145,7,0,10.503,3374774
1788984145,6,0,0.011,3374774
1788984147,4,0,1.907,3374774
1788984147,6,0,0.006,3374774
1788984148,2,0,0.807,3374774
1788984148,0,0,0.011,3374774
1788984150,2,0,1.959,3374774
1788984150,1,0,0.002,3374774
1788984152,5,0,1.64,3374774
1788984152,3,0,0.108,3374774
1788984153,2,0,0.908,3374774
1788984154,4,0,0.968,3374774
1788984154,3,0,0.07,3374774
1788984154,1,0,0.001,3374774
1788984154,6,0,0.008,3374774
1788984156,4,0,2.221,3374774
1788984167,5,0,10.929,3374774
1788984167,1,0,0.001,3374774
1788984168,2,0,1.171,3374774
1788984168,0,0,0.006,3374774
1788984168,5,0,0.128,3374774
1788984168,2,0,0.003,3374774
1788984171,4,0,3.266,3374774
1788984171,5,0,0.128,3374774
1788984172,7,0,1.018,3374774
1788984172,0,0,0.011,3374774
1788984172,6,0,0.007,3374774
1788984174,4,0,1.67,3374774
1788984174,1,0,0.001,3374774
1788984174,2,0,0.002,3374774
1788984174,3,0,0.094,3374774
1788984174,6,0,0.006,3374774
1788984175,2,0,0.68,3374774
1788984176,4,0,1.277,3374774
1788984178,4,0,1.59,3374774
1788984178,6,0,0.007,3374774
1788984179,4,0,1.103,3374774
1788984179,1,0,0.001,3374774
1788984179,0,0,0.007,3374774
1788984180,4,0,1.08,3374774
1788984180,3,0,0.01,3374774
1788984182,4,0,1.621,3374774
1788984185,4,0,3.391,3374774
1788984185,3,0,0.052,3374774
1788984185,0,0,0.015,3374774
1788984185,0,0,0.013,3374774
1788984185,0,0,0.005,3374774
1788984185,2,0,0.003,3374774
1788984187,5,0,1.977,3374774
1788984187,3,0,0.04,3374774
1788984187,3,0,0.009,3374774
1788984189,4,0,1.564,3374774
1788984189,6,0,0.009,3374774
1788984189,3,0,0.043,3374774
1788984189,3,0,0.039,3374774
1788984189,3,0,0.002,3374774
1788984189,3,0,0.006,3374774
1788984198,7,0,9.426,3374774
1788984198,6,0,0.007,3374774
1788984200,4,0,1.296,3374774
1788984200,6,0,0.004,3374774
1788984202,4,0,2.134,3374774
1788984203,4,0,1.143,3374774
1788984206,4,0,3.668,3374774
1788984206,6,0,0.006,3374774
1788984208,4,0,1.428,3374774
1788984208,2,0,0.003,3374774
1788984209,2,0,0.897,3374774
1788984209,3,0,0.011,3374774
1788984211,4,0,2.622,3374774
1788984216,4,0,4.325,3374774
1788984218,4,0,1.771,3374774
1788984218,1,0,0.002,3374774
1788984219,4,0,1.889,3374774
1788984219,3,0,0.045,3374774
1788984219,6,0,0.007,3374774
1788984221,2,0,1.701,3374774
1788984221,6,0,0.007,3374774
1788984221,3,0,0.068,3374774
1788984221,1,0,0,3374774
1788984222,2,0,0.843,3374774
1788984222,0,0,0.006,3374774
1788984226,4,0,4.187,3374774
1788984226,6,0,0.006,3374774
1788984226,3,0,0.08,3374774
1788984226,6,0,0.007,3374774
1788984226,3,0,0.007,3374774
1788984229,4,0,2.157,3374774
1788984230,2,0,0.965,3374774
1788984231,2,0,1.576,3374774
1788984231,0,0,0.011,3374774
1788984231,3,0,0.006,3374774
1788984232,7,0,1.002,3374774
1788984234,2,0,2.008,3374774
1788984234,3,0,0.046,3374774
1788984234,1,0,0.001,3374774
1788984234,5,0,0.119,3374774
1788984244,7,0,9.89,3374774
1788984245,2,0,1.168,3374774
1788984245,0,0,0.006,3374774
1788984250,4,0,4.538,3374774
1788984250,6,0,0.008,3374774
1788984250,3,0,0.007,3374774
1788984251,4,0,0.994,3374774
1788984252,4,0,1.012,3374774
1788984255,4,0,2.992,3374774
1788984255,3,0,0.012,3374774
1788984255,1,0,0.001,3374774
1788984259,4,0,3.615,3374774
1788984259,3,0,0.053,3374774
1788984260,4,0,1.209,3374774
1788984260,1,0,0,3374774
1788984260,6,0,0.008,3374774
1788984261,4,0,1.135,3374774
1788984261,0,0,0.009,3374774
1788984273,7,0,11.922,3374774
1788984273,0,0,0.008,3374774
1788984273,3,0,0.084,3374774
1788984273,0,0,0.007,3374774
1788984273,3,0,0.071,3374774
1788984273,3,0,0.012,3374774
1788984273,2,0,0.002,3374774
1788984273,2,0,0.004,3374774
1788984274,4,0,0.744,3374774
1788984275,2,0,0.72,3374774
1788984277,4,0,2.083,3374774
1788984277,3,0,0.081,3374774
1788984278,4,0,1.394,3374774
1788984279,4,0,1.235,3374774
1788984283,5,0,3.566,3374774
1788984285,4,0,2.029,3374774
1788984285,3,0,0.006,3374774
1788984285,2,0,0.001,3374774
1788984285,1,0,0.002,3374774
1788984285,2,0,0.004,3374774
1788984285,3,0,0.016,3374774
1788984285,2,0,0.004,3374774
1788984285,3,0,0.004,3374774
1788984285,2,0,0.002,3374774
1788984285,7,0,0.166,3374774
1788984285,0,0,0.012,3374774
1788984285,0,0,0.015,3374774
1788984285,2,0,0.002,3374774
1788984287,4,0,2.132,3374774
1788984287,0,0,0.007,3374774
1788984287,1,0,0.001,3374774
1788984287,5,0,0.135,3374774
1788984287,3,0,0.003,3374774
1788984287,3,0,0.061,3374774
1788984288,5,0,0.123,3374774
1788984288,6,0,0.004,3374774
1788984290,4,0,1.913,3374774
1788984294,4,0,4.016,3374774
1788984294,6,0,0.008,3374774
1788984294,6,0,0.007,3374774
1788984294,0,0,0.007,3374774
1788984294,3,0,0.01,3374774
1788984294,6,0,0.009,3374774
1788984294,0,0,0.055,3374774
1788984296,2,0,1.992,3374774
1788984296,0,0,0.008,3374774
1788984298,2,0,2.557,3374774
1788984298,3,0,0.055,3374774
1788984298,0,0,0.01,3374774
1788984299,2,0,1.15,3374774
1788984299,0,0,0.006,3374774
1788984299,3,0,0.061,3374774
1788984299,0,0,0.005,3374774
1788984301,2,0,1.195,3374774
1788984301,5,0,0.106,3374774
1788984302,4,0,1.245,3374774
1788984302,3,0,0.061,3374774
1788984302,2,0,0.002,3374774
1788984302,2,0,0.004,3374774
1788984304,5,0,1.893,3374774
1788984304,6,0,0.007,3374774
1788984305,5,0,0.616,3374774
1788984305,3,0,0.008,3374774
1788984305,0,0,0.007,3374774
1788984315,5,0,10.792,3374774
1788984315,0,0,0.011,3374774
1788984327,5,0,11.881,3374774
1788984327,0,0,0.008,3374774
1788984327,6,0,0.005,3374774
1788984328,2,0,0.95,3374774
1788984331,4,0,2.921,3374774
1788984333,4,0,1.877,3374774
1788984333,6,0,0.004,3374774
1788984336,4,0,2.552,3374774
1788984336,3,0,0.015,3374774
1788984336,2,0,0.727,3374774
1788984338,5,0,1.458,3374774
1788984339,5,0,1.262,3374774
1788984340,4,0,1.303,3374774
1788984340,3,0,0.012,3374774
1788984342,5,0,1.468,3374774
1788984346,2,0,4.17,3374774
1788984346,3,0,0.065,3374774
1788984357,5,0,11.202,3374774
1788984357,3,0,0.041,3374774
1788984357,2,0,0.003,3374774
1788984357,0,0,0.008,3374774
1788984357,0,0,0.012,3374774
1788984357,6,0,0.007,3374774
1788984359,5,0,1.712,3374774
1788984359,1,0,0.001,3374774
1788984360,4,0,0.928,3374774
1788984360,3,0,0.04,3374774
1788984364,2,0,3.749,3374774
1788984364,5,0,0.124,3374774
1788984364,2,0,0.005,3374774
1788984373,7,0,8.714,3374774
1788984373,3,0,0.008,3374774
1788984373,2,0,0.001,3374774
1788984373,5,0,0.113,3374774
1788984374,4,0,1.175,3374774
1788984374,3,0,0.014,3374774
1788984375,5,0,1.371,3374774
1788984375,0,0,0.007,3374774
1788984375,3,0,0.093,3374774
1788984375,0,0,0.008,3374774
1788984375,0,0,0.012,3374774
1788984375,1,0,0.001,3374774
1788984376,3,0,0.072,3374774
1788984377,2,0,1.31,3374774
1788984377,0,0,0.006,3374774
1788984377,0,0,0.005,3374774
1788984377,6,0,0.009,3374774
1788984380,7,0,3.616,3374774
1788984392,5,0,11.626,3374774
1788984393,4,0,0.71,3374774
1788984393,6,0,0.004,3374774
1788984393,6,0,0.007,3374774
1788984393,3,0,0.084,3374774
1788984393,3,0,0.012,3374774
1788984393,0,0,0.007,3374774
1788984404,5,0,10.781,3374774
1788984404,0,0,0.015,3374774
1788984404,2,0,0.696,3374774
1788984404,6,0,0.008,3374774
1788984405,4,0,0.958,3374774
1788984405,0,0,0.011,3374774
1788984405,1,0,0.002,3374774
1788984405,1,0,0.001,3374774
1788984408,4,0,2.264,3374774
1788984408,0,0,0.012,3374774
1788984409,4,0,0.993,3374774
1788984409,6,0,0.009,3374774
1788984410,5,0,1.649,3374774
1788984411,2,0,0.965,3374774
1788984413,2,0,1.702,3374774
1788984414,4,0,1.231,3374774
1788984414,3,0,0.044,3374774
1788984414,0,0,0.016,3374774
1788984415,4,0,1.043,3374774
1788984417,4,0,1.608,3374774
1788984425,5,0,8.274,3374774
1788984425,1,0,0.001,3374774
1788984425,3,0,0.032,3374774
1788984425,1,0,0.001,3374774
1788984426,4,0,0.909,3374774
1788984426,2,0,0.003,3374774
1788984426,3,0,0.082,3374774
1788984426,0,0,0.01,3374774
1788984428,5,0,1.739,3374774
1788984429,4,0,1.104,3374774
1788984431,4,0,1.505,3374774
1788984432,2,0,1.55,3374774
1788984432,0,0,0.01,3374774
1788984433,4,0,0.927,3374774
1788984433,3,0,0.042,3374774
1788984444,7,0,10.56,3374774
1788984444,0,0,0.01,3374774
1788984444,6,0,0.005,3374774
1788984444,2,0,0.002,3374774
1788984444,2,0,0.002,3374774
1788984444,3,0,0.087,3374774
1788984444,3,0,0.007,3374774
1788984444,3,0,0.06,3374774
1788984444,0,0,0.009,3374774
1788984445,4,0,0.963,3374774
1788984445,0,0,0.006,3374774
1788984445,6,0,0.008,3374774
1788984445,3,0,0.063,3374774
1788984446,5,0,0.9,3374774
1788984446,2,0,0.002,3374774
1788984446,3,0,0.064,3374774
1788984447,2,0,0.97,3374774
1788984447,1,0,0.002,3374774
1788984449,4,0,1.726,3374774
1788984451,4,0,2.406,3374774
1788984451,6,0,0.006,3374774
1788984452,4,0,1.127,3374774
1788984452,6,0,0.006,3374774
1788984452,2,0,0.002,3374774
1788984453,4,0,1.051,3374774
1788984453,3,0,0.057,3374774
1788984453,6,0,0.008,3374774
1788984453,0,0,0.008,3374774
1788984453,3,0,0.006,3374774
1788984454,5,0,0.895,3374774
1788984454,6,0,0.008,3374774
1788984454,1,0,0.001,3374774
1788984454,2,0,0.001,3374774
1788984455,4,0,0.968,3374774
1788984455,0,0,0.006,3374774
1788984455,6,0,0.005,3374774
1788984455,1,0,0.001,3374774
1788984456,4,0,0.809,3374774
1788984456,2,0,0.002,3374774
1788984456,0,0,0.017,3374774
1788984456,6,0,0.007,3374774
1788984457,4,0,1.234,3374774
1788984457,7,0,0.182,3374774
1788984457,0,0,0.006,3374774
1788984457,2,0,0.002,3374774
1788984457,6,0,0.006,3374774
1788984458,5,0,0.124,3374774
1788984458,3,0,0.011,3374774
1788984458,3,0,0.008,3374774
1788984459,4,0,1.427,3374774
1788984460,5,0,1.113,3374774
1788984460,0,0,0.006,3374774
1788984460,3,0,0.068,3374774
1788984460,0,0,0.014,3374774
1788984461,5,0,0.802,3374774
1788984461,1,0,0,3374774
1788984461,0,0,0.006,3374774
1788984461,3,0,0.06,3374774
1788984461,3,0,0.011,3374774
1788984465,5,0,3.446,3374774
1788984466,5,0,1.089,3374774
1788984466,3,0,0.008,3374774
1788984466,3,0,0.06,3374774
1788984466,0,0,0.006,3374774
1788984466,6,0,0.004,3374774
1788984466,3,0,0.01,3374774
1788984466,0,0,0.015,3374774
1788984466,0,0,0.011,3374774
1788984467,4,0,1.364,3374774
1788984467,2,0,0.003,3374774
1788984467,0,0,0.005,3374774
1788984467,3,0,0.004,3374774
1788984468,2,0,0.841,3374774
1788984468,3,0,0.016,3374774
1788984468,2,0,0.002,3374774
1788984469,4,0,1.269,3374774
1788984471,4,0,1.492,3374774
1788984471,3,0,0.011,3374774
1788984471,3,0,0.059,3374774
1788984472,2,0,1.144,3374774
1788984475,4,0,3.004,3374774
1788984476,4,0,1.112,3374774
1788984476,2,0,0.004,3374774
1788984478,4,0,1.833,3374774
1788984478,3,0,0.038,3374774
1788984478,0,0,0.015,3374774
1788984478,3,0,0.007,3374774
1788984478,3,0,0.009,3374774
1788984478,0,0,0.022,3374774
1788984479,4,0,1.094,3374774
1788984479,3,0,0.037,3374774
1788984479,1,0,0.001,3374774
1788984479,6,0,0.006,3374774
1788984479,3,0,0.041,3374774
1788984481,4,0,1.466,3374774
1788984481,0,0,0.007,3374774
1788984481,6,0,0.006,3374774
1788984484,5,0,3.44,3374774
1788984485,2,0,1.28,3374774
1788984485,6,0,0.006,3374774
1788984485,3,0,0.005,3374774
1788984494,5,0,8.586,3374774
1788984494,6,0,0.006,3374774
1788984494,3,0,0.095,3374774
1788984494,2,0,0.002,3374774
1788984496,2,0,2.275,3374774
1788984496,6,0,0.007,3374774
1788984496,3,0,0.003,3374774
1788984498,4,0,1.529,3374774
1788984498,1,0,0.001,3374774
1788984498,0,0,0.012,3374774
1788984499,5,0,1.087,3374774
1788984500,4,0,1.29,3374774
1788984500,3,0,0.058,3374774
1788984504,4,0,3.817,3374774
1788984504,2,0,0.002,3374774
1788984504,6,0,0.004,3374774
1788984505,4,0,1.084,3374774
1788984505,6,1,0.004,3374774
1788984505,3,0,0.056,3374774
1788984513,7,0,7.409,3374774
1788984513,0,0,0.014,3374774
1788984513,2,0,0.766,3374774
1788984515,2,0,1.318,3374774
1788984515,5,0,0.124,3374774
1788984523,5,0,8.206,3374774
1788984525,4,0,2.337,3374774
1788984525,1,0,0.003,3374774
1788984527,5,0,1.218,3374774
1788984527,6,0,0.012,3374774
1788984527,3,0,0.052,3374774
1788984529,4,0,1.982,3374774
1788984531,4,0,2.053,3374774
1788984531,3,0,0.009,3374774
1788984532,4,0,0.973,3374774
1788984532,0,0,0.018,3374774
1788984533,4,0,0.889,3374774
1788984534,4,0,1.447,3374774
1788984546,5,0,11.482,3374774
1788984546,6,0,0.008,3374774
1788984546,6,0,0.007,3374774
1788984549,4,0,3.265,3374774
1788984551,4,0,1.834,3374774
1788984553,2,0,2.392,3374774
1788984553,3,0,0.004,3374774
1788984553,0,0,0.005,3374774
1788984554,5,0,1.338,3374774
1788984554,6,0,0.008,3374774
1788984554,0,0,0.008,3374774
1788984554,6,0,0.006,3374774
1788984555,3,0,0.034,3374774
1788984556,4,0,1.926,3374774
1788984557,4,0,0.771,3374774
1788984557,2,0,0.002,3374774
1788984557,0,0,0.017,3374774
1788984557,6,0,0.01,3374774
1788984557,0,0,0.01,3374774
1788984558,4,0,0.95,3374774
1788984558,0,0,0.007,3374774
1788984560,4,0,1.368,3374774
1788984560,0,0,0.004,3374774
1788984560,3,0,0.031,3374774
1788984560,3,0,0.005,3374774
1788984571,5,0,11.755,3374774
1788984571,0,0,0.05,3374774
1788984571,3,0,0.035,3374774
1788984571,0,0,0.016,3374774
1788984575,4,0,3.089,3374774
1788984575,0,0,0.01,3374774
1788984575,3,0,0.008,3374774
1788984575,0,0,0.009,3374774
1788984576,2,0,1.712,3374774
1788984576,2,0,0.003,3374774
1788984578,2,0,1.364,3374774
1788984578,4,0,0.773,3374774
1788984578,6,0,0.008,3374774
1788984578,2,0,0.002,3374774
1788984579,2,0,0.676,3374774
1788984579,3,0,0.043,3374774
1788984579,3,0,0.018,3374774
1788984579,2,0,0.003,3374774
1788984579,3,0,0.064,3374774
1788984579,6,0,0.009,3374774
1788984579,3,0,0.068,3374774
1788984579,0,0,0.008,3374774
1788984580,4,0,0.708,3374774
1788984580,3,0,0.08,3374774
1788984580,6,0,0.008,3374774
1788984580,0,0,0.009,3374774
1788984581,5,0,1.213,3374774
1788984581,6,0,0.009,3374774
1788984581,1,0,0.001,3374774
1788984581,3,0,0.004,3374774
1788984581,2,0,0.002,3374774
1788984581,3,0,0.069,3374774
1788984582,5,0,0.123,3374774
1788984582,0,0,0.009,3374774
1788984582,4,0,0.764,3374774
1788984582,0,0,0.008,3374774
1788984584,5,0,1.964,3374774
1788984584,3,0,0.033,3374774
1788984584,3,0,0.068,3374774
1788984584,0,0,0.008,3374774
1788984584,6,0,0.008,3374774
1788984584,6,0,0.005,3374774
1788984585,4,0,0.666,3374774
1788984597,5,0,11.506,3374774
1788984597,3,0,0.004,3374774
1788984597,0,0,0.007,3374774
1788984597,3,0,0.094,3374774
1788984606,7,0,9.217,3374774
1788984608,4,0,2.234,3374774
1788984608,6,0,0.007,3374774
1788984608,2,0,0.003,3374774
1788984608,6,0,0.008,3374774
1788984609,4,0,1.106,3374774
1788984611,4,0,1.482,3374774
1788984611,3,0,0.013,3374774
1788984612,4,0,1.09,3374774
1788984613,2,0,0.668,3374774
1788984613,3,0,0.206,3374774
1788984613,6,0,0.007,3374774
1788984614,4,0,1.38,3374774
1788984615,2,0,0.775,3374774
1788984616,4,0,1.248,3374774
1788984617,4,0,1.216,3374774
1788984617,6,0,0.01,3374774
1788984617,2,0,0.003,3374774
1788984617,2,0,0.003,3374774
1788984617,6,0,0.008,3374774
1788984617,6,0,0.006,3374774
1788984617,2,0,0.004,3374774
1788984617,6,0,0.005,3374774
1788984620,4,0,2.472,3374774
1788984621,4,0,1.549,3374774
1788984621,6,0,0.01,3374774
1788984622,5,0,0.119,3374774
1788984622,5,0,0.129,3374774
1788984622,2,0,0.003,3374774
1788984623,2,0,1.172,3374774
1788984631,5,0,8.394,3374774
1788984631,6,0,0.008,3374774
1788984631,0,0,0.015,3374774
1788984632,4,0,0.966,3374774
1788984634,4,0,2.082,3374774
1788984634,2,0,0.006,3374774
1788984634,3,0,0.004,3374774
1788984634,6,0,0.01,3374774
1788984634,0,0,0.012,3374774
1788984634,0,0,0.015,3374774
1788984634,1,0,0.002,3374774
1788984634,6,0,0.009,3374774
1788984635,4,0,1.032,3374774
1788984635,6,0,0.007,3374774
1788984635,0,0,0.013,3374774
1788984635,3,0,0.004,3374774
1788984635,6,0,0.006,3374774
1788984635,6,0,0.007,3374774
1788984636,4,0,0.916,3374774
1788984636,3,0,0.013,3374774
1788984636,0,0,0.006,3374774
1788984640,4,0,4.009,3374774
1788984643,4,0,2.523,3374774
1788984643,2,0,0.002,3374774
1788984643,6,0,0.012,3374774
1788984643,6,0,0.008,3374774
1788984643,0,0,0.01,3374774
1788984643,3,0,0.008,3374774
1788984643,4,0,0.033,3374774
1788984643,3,0,0.086,3374774
1788984643,0,0,0.004,3374774
1788984643,3,0,0.003,3374774
1788984645,4,0,1.901,3374774
1788984645,1,0,0.001,3374774
1788984645,0,0,0.016,3374774
1788984646,4,0,0.977,3374774
1788984648,2,0,1.624,3374774
1788984648,0,0,0.011,3374774
1788984648,3,0,0.098,3374774
1788984649,4,0,0.784,3374774
1788984651,2,0,2.439,3374774
1788984653,4,0,1.872,3374774
1788984654,2,0,1.194,3374774
1788984657,2,0,2.923,3374774
1788984658,4,0,0.81,3374774
1788984658,0,0,0.007,3374774
1788984658,6,0,0.006,3374774
1788984659,2,0,1.584,3374774
1788984659,0,0,0.005,3374774
1788984659,1,0,0.001,3374774
1788984663,4,0,4.115,3374774
1788984663,1,0,0.001,3374774
1788984663,0,0,0.005,3374774
1788984665,2,0,1.055,3374774
1788984665,2,0,0.901,3374774
1788984665,3,0,0.008,3374774
1788984665,6,0,0.006,3374774
1788984666,3,0,0.087,3374774
1788984666,3,0,0.062,3374774
1788984670,4,0,4.646,3374774
1788984670,5,0,0.128,3374774
1788984670,0,0,0.007,3374774
1788984670,0,0,0.008,3374774
1788984670,6,0,0.009,3374774
1788984680,5,0,9.707,3374774
1788984681,4,0,0.795,3374774
1788984681,2,0,0.003,3374774
1788984681,2,0,0.003,3374774
1788984681,3,0,0.041,3374774
1788984683,4,0,2.116,3374774
1788984684,2,0,0.979,3374774
1788984684,0,0,0.006,3374774
1788984686,4,0,1.816,3374774
1788984696,5,0,10.005,3374774
1788984696,1,0,0.002,3374774
1788984696,3,0,0.012,3374774
1788984697,2,0,1.418,3374774
1788984697,3,0,0.066,3374774
1788984698,5,0,0.772,3374774
1788984698,6,0,0.008,3374774
1788984698,1,0,0.001,3374774
1788984698,3,0,0.006,3374774
1788984698,0,0,0.005,3374774
1788984699,4,0,1.352,3374774
1788984711,5,0,11.121,3374774
1788984714,4,0,3.528,3374774
1788984714,1,0,0.001,3374774
1788984716,4,0,1.815,3374774
1788984716,3,0,0.074,3374774
1788984716,2,0,0.002,3374774
1788984716,6,0,0.006,3374774
1788984716,0,0,0.034,3374774
1788984716,3,0,0.054,3374774
1788984719,4,0,2.499,3374774
1788984720,4,0,1.709,3374774
1788984732,5,0,11.45,3374774
1788984733,4,0,1.217,3374774
1788984733,3,0,0.087,3374774
1788984733,6,0,0.011,3374774
1788984733,0,0,0.005,3374774
1788984733,0,0,0.013,3374774
1788984733,0,0,0.009,3374774
1788984734,4,0,1.238,3374774
1788984736,7,0,1.311,3374774
1788984736,5,0,0.135,3374774
1788984748,5,0,12.036,3374774
1788984749,5,0,0.659,3374774
1788984750,2,0,0.998,3374774
1788984750,6,0,0.008,3374774
1788984750,3,0,0.008,3374774
1788984751,4,0,1.117,3374774
1788984752,4,0,1.342,3374774
1788984752,1,0,0.002,3374774
1788984752,3,0,0.01,3374774
1788984752,5,0,0.114,3374774
1788984752,2,0,0.003,3374774
1788984754,4,0,2.331,3374774
1788984755,4,0,1.035,3374774
1788984756,3,0,0.066,3374774
1788984756,2,0,0.004,3374774
1788984756,3,0,0.04,3374774
1788984756,6,0,0.006,3374774
1788984756,0,0,0.009,3374774
1788984756,1,0,0.001,3374774
1788984756,0,0,0.007,3374774
1788984756,6,0,0.009,3374774
1788984756,0,0,0.008,3374774
1788984757,4,0,1.818,3374774
1788984759,4,0,1.312,3374774
1788984760,2,0,0.911,3374774
1788984760,0,0,0.008,3374774
1788984762,4,0,2.187,3374774
1788984763,2,0,0.889,3374774
1788984765,4,0,1.87,3374774
1788984771,5,0,6.081,3374774
1788984773,4,0,2.054,3374774
1788984773,5,0,0.693,3374774
1788984774,5,0,0.129,3374774
1788984775,4,0,1.289,3374774
1788984775,0,0,0.01,3374774
1788984775,2,0,0.003,3374774
1788984775,6,0,0.006,3374774
1788984777,4,0,1.883,3374774
1788984777,3,0,0.006,3374774
1788984778,2,0,0.903,3374774
1788984778,0,0,0.015,3374774
1788984790,5,0,12.674,3374774
1788984790,0,0,0.015,3374774
1788984790,3,0,0.06,3374774
1788984790,0,0,0.006,3374774
1788984791,2,0,0.8,3374774
1788984791,0,0,0.018,3374774
1788984793,2,0,1.302,3374774
1788984793,6,0,0.007,3374774
1788984794,5,0,1.907,3374774
1788984796,4,0,1.322,3374774
1788984800,4,0,4.282,3374774
1788984800,5,0,0.129,3374774
1788984800,0,0,0.007,3374774
1788984802,4,0,1.522,3374774
1788984802,0,0,0.013,3374774
1788984803,4,0,1.586,3374774
1788984804,2,0,1.049,3374774
1788984805,5,0,0.123,3374774
1788984805,3,0,0.006,3374774
1788984805,3,0,0.002,3374774
1788984807,4,0,2.926,3374774
1788984808,4,0,0.768,3374774
1788984808,3,0,0.017,3374774
1788984810,4,0,1.69,3374774
1788984811,4,0,1.249,3374774
1788984811,3,0,0.006,3374774
1788984811,3,0,0.004,3374774
1788984811,0,0,0.012,3374774
1788984814,4,0,2.856,3374774
1788984814,3,0,0.067,3374774
1788984814,0,0,0.006,3374774
1788984814,0,0,0.006,3374774
1788984815,2,0,0.841,3374774
1788984815,3,0,0.087,3374774
1788984817,4,0,1.862,3374774
1788984820,2,0,2.887,3374774
1788984820,0,0,0.002,3374774
1788984820,2,0,0.002,3374774
1788984820,6,0,0.007,3374774
1788984820,0,0,0.01,3374774
1788984820,3,0,0.069,3374774
1788984820,0,0,0.01,3374774
1788984820,3,0,0.036,3374774
1788984824,5,0,3.787,3374774
1788984824,3,0,0.093,3374774
1788984824,0,0,0.014,3374774
1788984825,5,0,1.222,3374774
1788984827,4,0,1.7,3374774
1788984827,0,0,0.011,3374774
1788984829,2,0,2.464,3374774
1788984829,3,0,0.04,3374774
1788984829,6,0,0.005,3374774
1788984840,5,0,10.211,3374774
1788984841,4,0,1.012,3374774
1788984841,3,0,0.062,3374774
1788984842,4,0,1.049,3374774
1788984844,5,0,2.2,3374774
1788984845,4,0,1.315,3374774
1788984845,0,0,0.007,3374774
1788984845,0,0,0.008,3374774
1788984845,1,0,0.002,3374774
1788984845,3,0,0.077,3374774
1788984845,1,0,0.001,3374774
1788984848,4,0,2.315,3374774
1788984849,2,0,1.537,3374774
1788984851,5,0,1.513,3374774
1788984859,5,0,8.61,3374774
1788984860,4,0,1.228,3374774
1788984860,0,0,0.006,3374774
1788984862,2,0,1.958,3374774
1788984862,3,0,0.017,3374774
1788984866,7,0,3.236,3374774
1788984868,2,0,2.682,3374774
1788984868,6,0,0.009,3374774
1788984883,5,0,14.164,3374774
1788984883,1,0,0.002,3374774
1788984883,3,0,0.051,3374774
1788984883,3,0,0.005,3374774
1788984883,0,0,0.009,3374774
1788984883,3,0,0.088,3374774
1788984883,1,0,0.001,3374774
1788984883,3,0,0.012,3374774
1788984893,5,0,10.403,3374774
1788984893,1,0,0.001,3374774
1788984893,4,0,0.108,3374774
1788984893,2,0,0.002,3374774
1788984893,1,0,0.001,3374774
1788984893,2,0,0.003,3374774
1788984896,4,0,2.9,3374774
1788984898,2,0,2.32,3374774
1788984898,1,0,0.001,3374774
1788984898,3,0,0.064,3374774
1788984900,4,0,1.631,3374774
1788984902,4,0,2.283,3374774
1788984906,4,0,3.584,3374774
1788984906,2,0,0.004,3374774
1788984906,0,0,0.007,3374774
1788984906,1,0,0.001,3374774
1788984906,3,0,0.008,3374774
1788984911,4,0,4.732,3374774
1788984911,3,0,0.034,3374774
1788984911,6,0,0.01,3374774
1788984911,0,0,0.009,3374774
1788984912,4,0,1.196,3374774
1788984912,1,0,0.001,3374774
1788984912,3,0,0.066,3374774
1788984912,3,0,0.007,3374774
1788984912,0,0,0.008,3374774
1788984912,3,0,0.043,3374774
1788984912,0,0,0.007,3374774
1788984912,0,0,0.007,3374774
1788984912,3,0,0.069,3374774
1788984913,2,0,1.195,3374774
1788984915,4,0,1.813,3374774
1788984916,5,0,0.759,3374774
1788984916,0,0,0.012,3374774
1788984919,4,0,2.737,3374774
1788984920,2,0,1.325,3374774
1788984920,3,0,0.055,3374774
1788984921,2,0,1.323,3374774
1788984922,3,0,0.093,3374774
1788984923,4,0,1.949,3374774
1788984923,0,0,0.008,3374774
1788984924,3,0,0.06,3374774
1788984924,3,0,0.068,3374774
1788984924,2,0,0.004,3374774
1788984924,0,0,0.006,3374774
1788984926,5,0,2.701,3374774
1788984926,1,0,0.002,3374774
1788984926,1,0,0,3374774
1788984926,0,0,0.011,3374774
1788984928,4,0,1.236,3374774
1788984929,4,0,1.106,3374774
1788984930,4,0,1.521,3374774
1788984930,1,0,0.001,3374774
1788984931,4,0,1.233,3374774
1788984931,3,0,0.054,3374774
1788984932,3,0,0.074,3374774
1788984940,5,0,8.214,3374774
1788984940,3,0,0.004,3374774
1788984940,3,0,0.012,3374774
1788984941,4,0,1.548,3374774
1788984942,4,0,1.092,3374774
1788984942,6,0,0.005,3374774
1788984944,4,0,2.031,3374774
1788984944,3,0,0.008,3374774
1788984953,5,0,8.077,3374774
1788984962,7,0,9.554,3374774
1788984962,3,0,0.085,3374774
1788984963,4,0,0.8,3374774
1788984963,3,0,0.043,3374774
1788984963,3,0,0.011,3374774
1788984964,4,0,0.695,3374774
1788984965,4,0,1.384,3374774
1788984965,2,0,0.003,3374774
1788984965,0,0,0.009,3374774
1788984965,6,0,0.007,3374774
1788984967,4,0,2.187,3374774
1788984969,4,0,1.429,3374774
1788984969,1,0,0.001,3374774
1788984969,0,0,0.009,3374774
1788984980,5,0,10.811,3374774
1788984980,3,0,0.002,3374774
1788984980,3,0,0.007,3374774
1788984980,1,0,0.001,3374774
1788984980,3,0,0.052,3374774
1788984980,4,0,0.639,3374774
1788984980,3,0,0.096,3374774
1788984980,6,0,0.009,3374774
1788984984,2,0,3.51,3374774
1788984984,2,0,0.004,3374774
1788984994,5,0,9.878,3374774
1788984995,4,0,1.184,3374774
1788984997,4,0,1.842,3374774
1788984997,0,0,0.011,3374774
1788984998,4,0,1.404,3374774
1788985000,4,0,1.773,3374774
1788985001,4,0,0.917,3374774
1788985001,1,0,0.002,3374774
1788985002,4,0,0.78,3374774
1788985002,3,0,0.046,3374774
1788985003,2,0,0.949,3374774
1788985003,3,0,0.01,3374774
1788985003,0,0,0.01,3374774
1788985003,3,0,0.044,3374774
1788985004,5,0,1.18,3374774
1788985004,3,0,0.054,3374774
1788985006,4,0,2.109,3374774
1788985006,3,0,0.077,3374774
1788985006,6,0,0.008,3374774
1788985008,4,0,1.389,3374774
1788985009,4,0,1.131,3374774
1788985011,4,0,1.872,3374774
1788985011,0,0,0.006,3374774
1788985012,4,0,1.551,3374774
1788985012,2,0,0.004,3374774
1788985012,6,0,0.008,3374774
1788985012,3,0,0.058,3374774
1788985012,0,0,0.008,3374774
1788985012,5,0,0.123,3374774
1788985012,5,0,0.129,3374774
1788985012,6,0,0.005,3374774
1788985012,2,0,0.003,3374774
1788985014,4,0,1.656,3374774
1788985014,3,0,0.047,3374774
1788985015,4,0,1.34,3374774
1788985016,0,0,0.006,3374774
1788985025,5,0,9.737,3374774
1788985025,0,0,0.008,3374774
1788985027,7,0,2.045,3374774
1788985029,2,0,1.293,3374774
1788985029,1,0,0.001,3374774
1788985029,2,0,0.003,3374774
1788985029,3,0,0.001,3374774
1788985029,3,0,0.07,3374774
1788985029,3,0,0.041,3374774
1788985029,6,0,0.007,3374774
1788985030,4,0,1.388,3374774
1788985030,0,0,0.005,3374774
1788985030,6,0,0.006,3374774
1788985031,4,0,1.085,3374774
1788985033,2,0,1.624,3374774
1788985034,5,0,0.865,3374774
1788985034,2,0,0.005,3374774
1788985034,3,0,0.055,3374774
1788985034,0,0,0.015,3374774
1788985034,3,0,0.064,3374774
1788985034,0,0,0.007,3374774
1788985036,5,0,1.973,3374774
1788985037,4,0,1.018,3374774
1788985038,4,0,1.151,3374774
1788985038,6,0,0.013,3374774
1788985038,6,0,0.006,3374774
1788985038,5,0,0.118,3374774
1788985038,3,0,0.077,3374774
1788985040,4,0,2.117,3374774
1788985040,0,0,0.017,3374774
1788985052,5,0,11.963,3374774
1788985053,4,0,1.189,3374774
1788985053,6,0,0.007,3374774
1788985053,6,0,0.007,3374774
1788985055,4,0,1.063,3374774
1788985055,6,0,0.006,3374774
1788985055,1,0,0.001,3374774
1788985057,4,0,2.628,3374774
1788985057,6,0,0.01,3374774
1788985057,7,0,0.172,3374774
1788985057,6,0,0.006,3374774
1788985059,4,0,1.55,3374774
1788985061,4,0,1.707,3374774
1788985061,0,0,0.016,3374774
1788985061,3,0,0.061,3374774
1788985061,6,0,0.007,3374774
1788985061,0,0,0.006,3374774
1788985061,0,0,0.018,3374774
1788985061,3,0,0.007,3374774
1788985061,0,0,0.011,3374774
1788985065,2,0,4.313,3374774
1788985068,4,0,2.889,3374774
1788985069,4,0,1.176,3374774
1788985072,4,0,2.424,3374774
1788985072,0,0,0.01,3374774
1788985072,3,0,0.067,3374774
1788985073,4,0,1.405,3374774
1788985076,4,0,2.54,3374774
1788985076,0,0,0.008,3374774
1788985076,4,0,0.788,3374774
1788985076,2,0,0.002,3374774
1788985078,4,0,1.272,3374774
1788985078,0,0,0.01,3374774
1788985078,3,0,0.005,3374774
1788985078,0,0,0.008,3374774
1788985078,3,0,0.074,3374774
1788985078,6,0,0.007,3374774
1788985081,4,0,2.964,3374774
1788985081,2,0,0.002,3374774
1788985081,1,0,0.001,3374774
1788985081,0,0,0.008,3374774
1788985083,4,0,1.978,3374774
1788985083,0,0,0.008,3374774
1788985083,1,0,0.001,3374774
1788985083,3,0,0.051,3374774
1788985083,2,0,0.002,3374774
1788985083,5,0,0.122,3374774
1788985083,1,0,0.001,3374774
1788985083,3,0,0.012,3374774
1788985083,0,0,0.009,3374774
1788985093,5,0,10.279,3374774
1788985095,4,0,2.279,3374774
1788985095,6,0,0.006,3374774
1788985095,6,0,0.006,3374774
1788985095,6,0,0.008,3374774
1788985097,4,0,1.948,3374774
1788985099,4,0,1.325,3374774
1788985100,4,0,1.353,3374774
1788985100,0,0,0.014,3374774
1788985100,3,0,0.004,3374774
1788985102,2,0,1.496,3374774
1788985102,2,0,0.004,3374774
1788985102,3,0,0.033,3374774
1788985102,0,0,0.01,3374774
1788985102,6,0,0.006,3374774
1788985102,1,0,0.002,3374774
1788985102,0,0,0.003,3374774
1788985102,3,0,0.027,3374774
1788985103,5,0,1.085,3374774
1788985104,5,0,1.183,3374774
1788985106,5,0,1.547,3374774
1788985106,3,0,0.076,3374774
1788985106,0,0,0.005,3374774
1788985106,1,0,0.001,3374774
1788985106,3,0,0.043,3374774
1788985107,4,0,1.181,3374774
1788985107,6,0,0.006,3374774
1788985107,3,0,0.056,3374774
1788985109,4,0,2.354,3374774
1788985109,3,0,0.007,3374774
1788985111,4,0,1.29,3374774
1788985112,4,0,1.533,3374774
1788985113,2,0,1.002,3374774
1788985113,2,0,0.003,3374774
1788985113,3,0,0.009,3374774
1788985114,5,0,1.378,3374774
1788985115,5,0,0.132,3374774
1788985115,2,0,0.002,3374774
1788985116,7,0,1.004,3374774
1788985116,6,0,0.005,3374774
1788985116,0,0,0.004,3374774
1788985116,6,0,0.008,3374774
1788985116,3,0,0.077,3374774
1788985116,2,0,0.001,3374774
1788985117,2,0,1.04,3374774
1788985117,6,0,0.008,3374774
1788985118,4,0,0.975,3374774
1788985119,5,0,0.984,3374774
1788985119,6,0,0.007,3374774
1788985119,3,0,0.003,3374774
1788985121,4,0,2.051,3374774
1788985121,3,0,0.005,3374774
1788985122,5,0,1.428,3374774
1788985123,4,0,1.119,3374774
1788985125,4,0,1.506,3374774
1788985126,4,0,1.21,3374774
1788985126,0,0,0.007,3374774
1788985127,4,0,1.081,3374774
1788985128,2,0,1.237,3374774
1788985129,4,0,0.937,3374774
1788985129,2,0,0,3374774
1788985129,2,0,0.004,3374774
1788985129,6,0,0.01,3374774
1788985129,6,0,0.005,3374774
1788985130,4,0,0.807,3374774
1788985130,3,0,0.027,3374774
1788985130,6,0,0.008,3374774
1788985130,1,0,0.001,3374774
1788985130,3,0,0.078,3374774
1788985130,1,0,0.001,3374774
1788985130,6,0,0.006,3374774
1788985130,3,0,0.01,3374774
1788985130,2,0,0.002,3374774
1788985130,2,0,0.003,3374774
1788985130,3,0,0.007,3374774
1788985131,4,0,1.049,3374774
1788985131,0,0,0.007,3374774
1788985131,2,0,0.002,3374774
1788985131,0,0,0.007,3374774
1788985131,3,0,0.067,3374774
1788985133,5,0,1.415,3374774
1788985133,6,0,0.007,3374774
1788985133,1,0,0.001,3374774
1788985144,5,0,10.771,3374774
1788985144,3,0,0.011,3374774
1788985144,3,0,0.057,3374774
1788985146,2,0,2.65,3374774
1788985146,6,0,0.006,3374774
1788985146,3,0,0.074,3374774
1788985146,0,0,0.006,3374774
1788985146,0,0,0.012,3374774
1788985148,7,0,1.223,3374774
1788985151,4,0,2.962,3374774
1788985151,6,0,0.01,3374774
1788985153,2,0,1.897,3374774
1788985153,6,0,0.01,3374774
1788985154,4,0,1.15,3374774
1788985156,4,0,2.121,3374774
1788985157,5,0,1.417,3374774
1788985158,4,0,0.703,3374774
1788985161,4,0,2.705,3374774
1788985161,3,0,0.06,3374774
1788985161,6,0,0.006,3374774
1788985161,1,0,0.001,3374774
1788985161,5,0,0.743,3374774
1788985161,0,0,0.013,3374774
1788985163,4,0,1.787,3374774
1788985163,0,0,0.009,3374774
1788985163,6,0,0.009,3374774
1788985166,2,0,2.305,3374774
1788985167,4,0,1.454,3374774
1788985168,4,0,1.12,3374774
1788985168,1,0,0.001,3374774
1788985170,2,0,1.359,3374774
1788985170,2,0,0.003,3374774
1788985171,4,0,1.13,3374774
1788985173,4,0,2.33,3374774
1788985173,2,0,0.002,3374774
1788985175,4,0,1.725,3374774
1788985175,3,0,0.075,3374774
1788985178,4,0,2.74,3374774
1788985178,3,0,0.017,3374774
1788985178,0,0,0.007,3374774
1788985178,6,0,0.01,3374774
1788985178,0,0,0.014,3374774
1788985178,0,0,0.012,3374774
1788985178,3,0,0.067,3374774
1788985178,3,0,0.07,3374774
1788985179,4,0,0.993,3374774
1788985180,4,0,0.955,3374774
1788985182,4,0,2.641,3374774
1788985182,6,0,0.008,3374774
1788985182,5,0,0.125,3374774
1788985182,0,0,0.015,3374774
1788985195,5,0,12.435,3374774
1788985195,3,0,0.06,3374774
1788985196,4,0,1.26,3374774
1788985196,1,0,0.001,3374774
1788985196,0,0,0.01,3374774
1788985196,1,0,0.001,3374774
1788985198,4,0,1.542,3374774
1788985198,3,0,0.051,3374774
1788985198,6,0,0.009,3374774
1788985198,0,0,0.013,3374774
1788985198,2,0,0.003,3374774
1788985198,6,1,0.006,3374774
1788985198,0,0,0.009,3374774
1788985198,1,0,0.001,3374774
1788985198,3,0,0.005,3374774
1788985198,3,0,0.087,3374774
1788985200,2,0,2.303,3374774
1788985203,4,0,2.732,3374774
1788985203,3,0,0.006,3374774
1788985203,6,0,0.011,3374774
1788985213,5,0,9.959,3374774
1788985213,5,0,0.118,3374774
1788985217,4,0,4.186,3374774
1788985219,4,0,1.344,3374774
1788985219,2,0,0.786,3374774
1788985219,3,0,0.094,3374774
1788985219,3,0,0.006,3374774
1788985219,0,0,0.014,3374774
1788985220,6,0,0.008,3374774
1788985220,4,0,0.815,3374774
1788985220,2,0,0.002,3374774
1788985220,0,0,0.014,3374774
1788985221,2,0,0.977,3374774
1788985223,7,0,2.145,3374774
1788985225,4,0,1.854,3374774
1788985226,2,0,0.826,3374774
1788985227,4,0,0.92,3374774
1788985228,4,0,1.257,3374774
1788985231,4,0,3.034,3374774
1788985231,0,0,0.011,3374774
1788985231,3,0,0.063,3374774
1788985231,3,0,0.041,3374774
1788985231,2,0,0.004,3374774
1788985232,3,0,0.035,3374774
1788985232,2,0,0.002,3374774
1788985232,5,0,0.129,3374774
1788985234,4,0,2.106,3374774
1788985235,4,0,1.365,3374774
1788985235,0,0,0.009,3374774
1788985235,6,0,0.01,3374774
1788985235,0,0,0.006,3374774
1788985237,4,0,1.756,3374774
1788985238,4,0,1.384,3374774
1788985247,5,0,8.482,3374774
1788985249,4,0,1.759,3374774
1788985249,6,0,0.011,3374774
1788985249,2,0,0.002,3374774
1788985250,5,0,1.876,3374774
1788985250,2,0,0.005,3374774
1788985251,7,0,0.177,3374774
1788985253,4,0,2.907,3374774
1788985255,4,0,1.762,3374774
1788985255,0,0,0.006,3374774
1788985255,3,0,0.084,3374774
1788985255,0,0,0.005,3374774
1788985258,4,0,2.286,3374774
1788985258,0,0,0.005,3374774
1788985258,0,0,0.005,3374774
1788985258,0,0,0.016,3374774
1788985259,4,0,1.561,3374774
1788985261,4,0,1.291,3374774
1788985261,6,0,0.006,3374774
1788985261,0,0,0.015,3374774
1788985261,0,0,0.008,3374774
1788985261,1,0,0.001,3374774
1788985262,5,0,1.002,3374774
1788985262,2,0,0.003,3374774
1788985263,4,0,1.421,3374774
1788985263,0,0,0.007,3374774
1788985271,5,0,8.388,3374774
1788985271,6,0,0.007,3374774
1788985271,2,0,0.002,3374774
1788985271,0,0,0.006,3374774
1788985271,0,0,0.006,3374774
1788985271,0,0,0.008,3374774
1788985271,3,0,0.035,3374774
1788985273,4,0,1.12,3374774
1788985275,2,0,2.009,3374774
1788985275,6,0,0.005,3374774
1788985275,0,0,0.007,3374774
1788985276,4,0,1.616,3374774
1788985277,2,0,1.194,3374774
1788985279,4,0,1.614,3374774
1788985288,5,0,8.98,3374774
1788985288,0,0,0.004,3374774
1788985289,4,0,1.201,3374774
1788985289,3,0,0.007,3374774
1788985290,4,0,1.057,3374774
1788985292,2,0,1.42,3374774
1788985293,4,0,1.416,3374774
1788985293,0,0,0.016,3374774
1788985294,4,0,1.171,3374774
1788985294,1,0,0.001,3374774
1788985294,0,0,0.006,3374774
1788985296,7,0,1.405,3374774
1788985298,4,0,2.594,3374774
1788985298,6,0,0.006,3374774
1788985298,3,0,0.09,3374774
1788985298,6,0,0.009,3374774
1788985299,2,0,0.785,3374774
1788985299,0,0,0.008,3374774
1788985300,2,0,1.155,3374774
1788985304,2,0,3.646,3374774
1788985304,1,0,0.001,3374774
1788985304,3,0,0.01,3374774
1788985306,5,0,1.984,3374774
1788985308,2,0,2.279,3374774
1788985309,4,0,0.968,3374774
1788985309,3,0,0.036,3374774
1788985309,2,0,0.003,3374774
1788985309,3,0,0.031,3374774
1788985309,5,0,0.132,3374774
1788985310,4,0,0.938,3374774
1788985312,5,0,1.841,3374774
1788985312,6,0,0.006,3374774
1788985313,4,0,1.244,3374774
1788985325,5,0,11.477,3374774
1788985325,3,0,0.064,3374774
1788985326,4,0,1.336,3374774
1788985326,3,0,0.054,3374774
1788985326,6,0,0.005,3374774
1788985327,5,0,0.125,3374774
1788985327,2,0,0.002,3374774
1788985329,4,0,2.162,3374774
1788985329,0,0,0.009,3374774
1788985329,3,0,0.011,3374774
1788985329,3,0,0.004,3374774
1788985330,4,0,1.121,3374774
1788985332,4,0,2.302,3374774
1788985333,4,0,1.164,3374774
1788985333,6,0,0.012,3374774
1788985333,3,0,0.005,3374774
1788985333,3,0,0.043,3374774
1788985333,0,0,0.01,3374774
1788985334,2,0,1.093,3374774
1788985335,7,0,0.172,3374774
1788985335,0,0,0.01,3374774
1788985336,4,0,1.151,3374774
1788985336,2,0,0.003,3374774
1788985337,2,0,1.243,3374774
1788985337,6,0,0.005,3374774
1788985341,4,0,3.807,3374774
1788985341,1,0,0.001,3374774
1788985341,3,0,0.035,3374774
1788985341,0,0,0.008,3374774
1788985341,3,0,0.048,3374774
1788985341,0,0,0.009,3374774
1788985341,0,0,0.008,3374774
1788985341,3,0,0.054,3374774
1788985341,6,0,0.006,3374774
1788985341,6,0,0.005,3374774
1788985342,4,0,1.378,3374774
1788985351,5,0,8.096,3374774
1788985352,5,0,1.504,3374774
1788985352,0,0,0.019,3374774
1788985352,0,0,0.016,3374774
1788985352,6,0,0.008,3374774
1788985352,6,0,0.009,3374774
1788985353,5,0,1.057,3374774
1788985353,3,0,0.008,3374774
1788985353,0,0,0.018,3374774
1788985353,1,0,0.001,3374774
1788985353,6,0,0.005,3374774
1788985353,0,0,0.007,3374774
1788985353,3,0,0.079,3374774
1788985353,3,0,0.009,3374774
1788985353,2,0,0.004,3374774
1788985355,2,0,1.427,3374774
1788985355,6,0,0.009,3374774
1788985356,2,0,1.057,3374774
1788985358,4,0,1.84,3374774
1788985362,2,0,3.94,3374774
1788985366,2,0,4.171,3374774
1788985366,6,0,0.01,3374774
1788985366,6,0,0.007,3374774
1788985366,6,0,0.009,3374774
1788985367,4,0,1.21,3374774
1788985367,2,0,0.003,3374774
1788985367,0,0,0.015,3374774
1788985371,4,0,4.241,3374774
1788985375,2,0,4.272,3374774
1788985375,0,0,0.009,3374774
1788985375,2,0,0.004,3374774
1788985376,3,0,0.065,3374774
1788985376,0,0,0.009,3374774
1788985378,2,0,2.017,3374774
1788985378,6,0,0.005,3374774
1788985378,1,0,0.001,3374774
1788985378,3,0,0.092,3374774
1788985379,2,0,1.022,3374774
1788985380,5,0,1.008,3374774
1788985380,0,0,0.005,3374774
1788985380,0,0,0.013,3374774
1788985380,0,0,0.013,3374774
1788985389,5,0,9.159,3374774
1788985389,0,0,0.009,3374774
1788985389,0,0,0.017,3374774
1788985389,3,0,0.05,3374774
1788985389,5,0,0.131,3374774
1788985390,5,0,1.394,3374774
1788985390,2,0,0.007,3374774
1788985391,0,0,0.013,3374774
1788985391,2,0,0.003,3374774
1788985391,0,0,0.012,3374774
1788985394,4,0,3.971,3374774
1788985395,2,0,0.861,3374774
1788985395,0,0,0.01,3374774
1788985395,0,0,0.009,3374774
1788985396,4,0,0.992,3374774
1788985396,0,0,0.005,3374774
1788985398,5,0,1.268,3374774
1788985399,4,0,1.346,3374774
1788985399,3,0,0.02,3374774
1788985399,0,0,0.01,3374774
1788985400,4,0,1.373,3374774
1788985402,5,0,1.866,3374774
1788985402,5,0,0.13,3374774
1788985402,6,0,0.007,3374774
1788985402,0,0,0.017,3374774
1788985402,2,0,0.004,3374774
1788985404,4,0,1.588,3374774
1788985404,2,0,0.003,3374774
1788985405,4,0,1.325,3374774
1788985405,3,0,0.086,3374774
1788985406,4,0,0.727,3374774
1788985406,0,0,0.009,3374774
1788985407,4,0,1.252,3374774
1788985407,2,0,0.003,3374774
1788985409,4,0,1.226,3374774
1788985409,6,0,0.005,3374774
1788985413,4,0,4.595,3374774
1788985413,5,0,0.127,3374774
1788985413,3,0,0.009,3374774
1788985414,4,0,1.036,3374774
1788985414,6,0,0.008,3374774
1788985414,3,0,0.068,3374774
1788985414,0,0,0.01,3374774
1788985415,2,0,0.85,3374774
1788985415,6,0,0.007,3374774
1788985425,5,0,9.921,3374774
1788985425,2,0,0.005,3374774
1788985427,2,0,1.248,3374774
1788985427,1,0,0.001,3374774
1788985427,3,0,0.1,3374774
1788985430,5,0,2.884,3374774
1788985430,1,0,0.001,3374774
1788985431,4,0,1.259,3374774
1788985432,4,0,1.488,3374774
1788985434,4,0,2.135,3374774
1788985434,0,0,0.01,3374774
1788985436,2,0,2.055,3374774
1788985436,2,0,0.002,3374774
1788985437,3,0,0.072,3374774
1788985448,7,0,11.557,3374774
1788985448,2,0,0.001,3374774
1788985448,6,0,0.007,3374774
1788985448,0,0,0.011,3374774
1788985449,4,0,0.881,3374774
1788985449,0,0,0.009,3374774
1788985449,0,0,0.009,3374774
1788985449,3,0,0.067,3374774
1788985449,3,0,0.007,3374774
1788985449,6,0,0.007,3374774
1788985449,3,0,0.078,3374774
1788985449,3,0,0.037,3374774
1788985458,5,0,8.402,3374774
1788985458,3,0,0.059,3374774
1788985467,5,0,9.31,3374774
1788985468,4,0,0.95,3374774
1788985468,5,0,0.133,3374774
1788985468,1,0,0.001,3374774
1788985468,2,0,0.003,3374774
1788985468,1,0,0,3374774
1788985468,6,0,0.009,3374774
1788985468,2,0,0.002,3374774
1788985468,6,0,0.007,3374774
1788985472,2,0,3.849,3374774
1788985473,2,0,1.506,3374774
1788985475,4,0,1.587,3374774
1788985475,6,0,0.009,3374774
1788985475,0,0,0.013,3374774
1788985475,7,0,0.176,3374774
1788985475,0,0,0.013,3374774
1788985475,6,0,0.007,3374774
1788985475,0,0,0.015,3374774
1788985476,2,0,1.073,3374774
1788985476,0,0,0.008,3374774
1788985476,6,0,0.008,3374774
1788985476,0,0,0.007,3374774
1788985478,2,0,1.45,3374774
1788985478,6,1,0.005,3374774
1788985478,3,0,0.063,3374774
1788985480,5,0,1.843,3374774
1788985481,4,0,1.24,3374774
1788985481,3,0,0.011,3374774
1788985481,2,0,0.004,3374774
1788985481,3,0,0.069,3374774
1788985481,3,0,0.09,3374774
1788985489,7,0,7.661,3374774
1788985489,2,0,0.002,3374774
1788985489,2,0,0.002,3374774
1788985489,3,0,0.033,3374774
1788985491,7,0,1.915,3374774
1788985491,3,0,0.054,3374774
1788985491,0,0,0.014,3374774
1788985491,3,0,0.043,3374774
1788985491,0,0,0.013,3374774
1788985492,5,0,1.453,3374774
1788985494,4,0,1.325,3374774
1788985495,4,0,1.847,3374774
1788985495,1,0,0.001,3374774
1788985496,3,0,0.013,3374774
1788985496,3,0,0.042,3374774
1788985496,3,0,0.012,3374774
1788985496,2,0,0.003,3374774
1788985496,2,0,0.002,3374774
1788985496,3,0,0.004,3374774
1788985496,3,0,0.081,3374774
1788985496,3,0,0.003,3374774
1788985504,7,0,8.702,3374774
1788985505,4,0,0.922,3374774
1788985505,6,0,0.006,3374774
1788985505,1,0,0.001,3374774
1788985505,0,0,0.011,3374774
1788985506,5,0,0.669,3374774
1788985506,3,0,0.067,3374774
1788985506,7,0,0.174,3374774
1788985506,3,0,0.005,3374774
1788985506,0,0,0.008,3374774
1788985507,2,0,1.024,3374774
1788985507,6,0,0.008,3374774
1788985507,3,0,0.01,3374774
1788985507,0,0,0.008,3374774
1788985509,4,0,1.297,3374774
1788985509,0,0,0.004,3374774
1788985509,4,0,0.774,3374774
1788985509,3,0,0.008,3374774
1788985511,2,0,1.909,3374774
1788985514,4,0,2.275,3374774
1788985514,0,0,0.01,3374774
1788985514,2,0,0.004,3374774
1788985514,0,0,0.005,3374774
1788985514,3,0,0.081,3374774
1788985514,3,0,0.056,3374774
1788985517,4,0,3.694,3374774
1788985517,3,0,0.071,3374774
1788985517,2,0,0.001,3374774
1788985517,0,0,0.005,3374774
1788985517,6,0,0.007,3374774
1788985517,1,0,0.001,3374774
1788985517,6,0,0.007,3374774
1788985518,3,0,0.04,3374774
1788985521,4,0,3.499,3374774
1788985522,4,0,1.365,3374774
1788985522,2,0,0.001,3374774
1788985522,3,0,0.088,3374774
1788985522,3,0,0.01,3374774
1788985523,4,0,0.953,3374774
1788985524,3,0,0.068,3374774
1788985524,0,0,0.007,3374774
1788985525,4,0,1.033,3374774
1788985525,6,0,0.011,3374774
1788985525,7,0,0.167,3374774
1788985525,6,0,0.008,3374774
1788985525,1,0,0.002,3374774
1788985525,6,0,0.005,3374774
1788985525,2,0,0,3374774
1788985526,2,0,1.319,3374774
1788985527,2,0,1.218,3374774
1788985527,2,0,0.002,3374774
1788985527,6,0,0.009,3374774
1788985536,5,0,8.866,3374774
1788985536,1,0,0.002,3374774
1788985536,3,0,0.01,3374774
1788985536,3,0,0.012,3374774
1788985536,3,0,0.044,3374774
1788985536,0,0,0.006,3374774
1788985537,2,0,0.931,3374774
1788985537,6,0,0.007,3374774
1788985538,4,0,0.865,3374774
1788985539,4,0,1.177,3374774
1788985539,0,0,0.01,3374774
1788985542,2,0,2.998,3374774
1788985551,5,0,8.516,3374774
1788985551,3,0,0.015,3374774
1788985551,6,0,0.009,3374774
1788985551,0,0,0.007,3374774
1788985551,3,0,0.086,3374774
1788985552,2,0,1.383,3374774
1788985554,5,0,1.393,3374774
1788985557,4,0,3.369,3374774
1788985558,5,0,1.039,3374774
1788985558,3,0,0.005,3374774
1788985561,4,0,2.907,3374774
1788985561,1,0,0.001,3374774
1788985564,4,0,3.051,3374774
1788985565,5,0,1.333,3374774
1788985565,0,0,0.013,3374774
1788985565,1,0,0.001,3374774
1788985565,3,0,0.038,3374774
1788985565,3,0,0.08,3374774
1788985565,3,0,0.031,3374774
1788985566,3,0,0.008,3374774
1788985567,5,0,1.217,3374774
1788985569,2,0,2.294,3374774
1788985569,3,0,0.045,3374774
1788985569,3,0,0.084,3374774
1788985569,0,0,0.012,3374774
1788985569,3,0,0.035,3374774
1788985569,3,0,0.071,3374774
1788985570,4,0,1.186,3374774
1788985570,0,0,0.01,3374774
1788985571,3,0,0.067,3374774
1788985571,3,0,0.005,3374774
1788985571,6,0,0.008,3374774
1788985572,4,0,1.172,3374774
1788985572,5,0,0.131,3374774
1788985573,4,0,1.374,3374774
1788985573,3,0,0.034,3374774
1788985573,2,0,0.002,3374774
1788985573,1,0,0.002,3374774
1788985573,3,0,0.054,3374774
1788985573,6,0,0.007,3374774
1788985573,0,0,0.007,3374774
1788985573,0,0,0.009,3374774
1788985573,1,0,0.001,3374774
1788985574,4,0,1.02,3374774
1788985574,3,0,0.046,3374774
1788985576,4,0,1.397,3374774
1788985576,3,0,0.05,3374774
1788985577,4,0,1.285,3374774
1788985587,5,0,9.908,3374774
1788985587,6,0,0.007,3374774
1788985587,0,0,0.011,3374774
1788985587,2,0,0.003,3374774
1788985587,1,0,0.002,3374774
1788985587,0,0,0.008,3374774
1788985588,4,0,1.042,3374774
1788985591,4,0,2.604,3374774
1788985591,2,0,0.003,3374774
1788985591,3,0,0.027,3374774
1788985591,3,0,0.005,3374774
1788985591,1,0,0.001,3374774
1788985592,4,0,0.801,3374774
1788985592,6,0,0.007,3374774
1788985593,5,0,0.992,3374774
1788985593,3,0,0.07,3374774
1788985593,1,0,0.002,3374774
1788985593,3,0,0.007,3374774
1788985593,0,0,0.015,3374774
1788985593,4,0,0.841,3374774
1788985603,5,0,9.39,3374774
1788985603,3,0,0.077,3374774
1788985606,2,0,3.092,3374774
1788985606,3,0,0.075,3374774
1788985606,1,0,0.002,3374774
1788985607,4,0,1.293,3374774
1788985607,3,0,0.037,3374774
1788985607,0,0,0.01,3374774
1788985608,4,0,0.879,3374774
1788985608,0,0,0.013,3374774
1788985611,4,0,2.641,3374774
1788985612,4,0,1.254,3374774
1788985612,3,0,0.067,3374774
1788985612,3,0,0.046,3374774
1788985612,1,0,0.001,3374774
1788985614,4,0,1.445,3374774
1788985614,1,0,0.001,3374774
1788985617,4,0,2.829,3374774
1788985617,0,0,0.007,3374774
1788985619,4,0,2.148,3374774
1788985619,0,0,0.005,3374774
1788985620,4,0,1.196,3374774
1788985620,2,0,0.004,3374774
1788985621,5,0,1.016,3374774
1788985621,0,0,0.014,3374774
1788985622,5,0,0.858,3374774
1788985623,4,0,1.145,3374774
1788985623,6,0,0.007,3374774
1788985625,2,0,2.068,3374774
1788985628,4,0,2.577,3374774
1788985637,5,0,8.922,3374774
1788985637,0,0,0.008,3374774
1788985637,2,0,0.005,3374774
1788985638,4,0,1.202,3374774
1788985638,3,0,0.002,3374774
1788985642,4,0,4.213,3374774
1788985643,4,0,1.435,3374774
1788985643,0,0,0.006,3374774
1788985653,5,0,9.304,3374774
1788985653,3,0,0.037,3374774
1788985656,4,0,2.763,3374774
1788985656,6,0,0.009,3374774
1788985656,0,0,0.011,3374774
1788985656,6,0,0.009,3374774
1788985656,3,0,0.005,3374774
1788985657,2,0,1.094,3374774
1788985657,3,0,0.003,3374774
1788985657,3,0,0.048,3374774
1788985657,6,0,0.009,3374774
1788985657,3,0,0.083,3374774
1788985657,3,0,0.003,3374774
1788985657,3,0,0.052,3374774
1788985657,2,0,0.002,3374774
1788985657,2,0,0.001,3374774
1788985657,6,0,0.006,3374774
1788985658,4,0,1.237,3374774
1788985669,7,0,11.078,3374774
1788985669,3,0,0.045,3374774
1788985669,0,0,0.012,3374774
1788985669,2,0,0.003,3374774
1788985669,2,0,0.002,3374774
1788985669,3,0,0.047,3374774
1788985669,2,0,0.002,3374774
1788985669,6,0,0.008,3374774
1788985674,4,0,4.563,3374774
1788985674,3,0,0.007,3374774
1788985674,7,0,0.164,3374774
1788985674,6,0,0.005,3374774
1788985674,2,0,0.004,3374774
1788985674,3,0,0.01,3374774
1788985674,0,0,0.009,3374774
1788985674,0,0,0.013,3374774
1788985676,2,0,1.46,3374774
1788985676,3,0,0.011,3374774
1788985676,3,0,0.049,3374774
1788985687,7,0,11.152,3374774
1788985687,7,0,0.177,3374774
1788985688,5,0,1.022,3374774
1788985688,3,0,0.055,3374774
1788985688,1,0,0.001,3374774
1788985695,5,0,7.152,3374774
1788985696,4,0,1.206,3374774
1788985705,5,0,8.108,3374774
1788985705,0,0,0.012,3374774
1788985705,0,0,0.017,3374774
1788985705,2,0,0.002,3374774
1788985705,3,0,0.055,3374774
1788985705,3,0,0.054,3374774
1788985708,4,0,3.638,3374774
1788985719,5,0,10.632,3374774
1788985719,3,0,0.094,3374774
1788985719,6,0,0.006,3374774
1788985719,3,0,0.009,3374774
1788985721,4,0,2.049,3374774
1788985721,2,0,0.003,3374774
1788985732,5,0,10.546,3374774
1788985734,2,0,2.801,3374774
1788985734,6,0,0.011,3374774
1788985736,2,0,1.956,3374774
1788985736,6,0,0.01,3374774
1788985738,4,0,1.077,3374774
1788985739,4,0,1.412,3374774
1788985739,3,0,0.069,3374774
1788985739,3,0,0.004,3374774
1788985739,0,0,0.016,3374774
1788985739,3,0,0.081,3374774
1788985739,6,0,0.006,3374774
1788985740,4,0,1.33,3374774
1788985740,0,0,0.009,3374774
1788985742,2,0,1.32,3374774
1788985742,2,0,0.004,3374774
1788985742,1,0,0.002,3374774
1788985742,4,0,0.697,3374774
1788985742,2,0,0.004,3374774
1788985742,1,0,0.001,3374774
1788985742,6,0,0.006,3374774
1788985742,2,0,0.002,3374774
1788985742,0,0,0.012,3374774
1788985743,3,0,0.054,3374774
1788985743,3,0,0.059,3374774
1788985743,0,0,0.012,3374774
1788985745,4,0,2.804,3374774
1788985745,6,0,0.008,3374774
1788985747,4,0,1.66,3374774
1788985747,3,0,0.088,3374774
1788985748,4,0,1.167,3374774
1788985748,0,0,0.01,3374774
1788985748,0,0,0.013,3374774
1788985751,4,0,2.317,3374774
1788985751,0,0,0.015,3374774
1788985752,2,0,0.818,3374774
1788985753,4,0,1.111,3374774
1788985753,2,0,0.003,3374774
1788985753,0,0,0.008,3374774
1788985753,6,0,0.006,3374774
1788985755,4,0,2.059,3374774
1788985756,4,0,1.15,3374774
1788985756,5,0,0.13,3374774
1788985756,6,0,0.01,3374774
1788985756,0,0,0.008,3374774
1788985758,2,0,1.602,3374774
1788985760,4,0,2.414,3374774
1788985762,4,0,1.537,3374774
1788985762,6,0,0.005,3374774
1788985762,4,0,0.799,3374774
1788985762,0,0,0.01,3374774
1788985762,0,0,0.011,3374774
1788985762,6,0,0.006,3374774
1788985762,6,0,0.006,3374774
1788985762,2,0,0.003,3374774
1788985764,2,0,1.84,3374774
1788985767,4,0,3.113,3374774
1788985767,3,0,0.012,3374774
1788985767,3,0,0.047,3374774
1788985767,0,0,0.011,3374774
1788985767,1,0,0.001,3374774
1788985768,4,0,0.806,3374774
1788985768,7,0,0.174,3374774
1788985768,2,0,0.002,3374774
1788985768,2,0,0.004,3374774
1788985768,1,0,0.001,3374774
1788985769,5,0,0.914,3374774
1788985770,2,0,0.577,3374774
1788985770,6,0,0.005,3374774
1788985771,4,0,0.988,3374774
1788985771,6,0,0.009,3374774
1788985773,2,0,1.758,3374774
1788985773,3,0,0.01,3374774
1788985773,0,0,0.006,3374774
1788985773,0,0,0.011,3374774
1788985773,2,0,0.003,3374774
1788985773,5,0,0.124,3374774
1788985775,4,0,2.385,3374774
1788985775,2,0,0.002,3374774
1788985775,6,0,0.009,3374774
1788985775,3,0,0.038,3374774
1788985777,2,0,1.328,3374774
1788985777,3,0,0.057,3374774
1788985777,0,0,0.005,3374774
1788985777,1,0,0.001,3374774
1788985777,2,0,0.002,3374774
1788985778,5,0,1.594,3374774
1788985789,5,0,10.966,3374774
1788985789,2,0,0.004,3374774
1788985793,2,0,3.626,3374774
1788985794,5,0,1.025,3374774
1788985796,4,0,2.255,3374774
1788985798,4,0,1.481,3374774
1788985798,6,0,0.009,3374774
1788985799,4,0,1.326,3374774
1788985799,5,0,0.124,3374774
1788985799,2,0,0.003,3374774
1788985799,3,0,0.058,3374774
1788985799,3,0,0.035,3374774
1788985799,0,0,0.018,3374774
1788985799,3,0,0.013,3374774
1788985800,4,0,0.777,3374774
1788985800,0,0,0.009,3374774
1788985800,3,0,0.059,3374774
1788985800,0,0,0.006,3374774
1788985803,4,0,2.678,3374774
1788985803,3,0,0.007,3374774
1788985803,3,0,0.067,3374774
1788985806,4,0,3.553,3374774
1788985808,4,0,1.958,3374774
1788985808,0,0,0.007,3374774
1788985809,2,0,1.099,3374774
1788985811,4,0,1.765,3374774
1788985812,4,0,1.104,3374774
1788985812,3,0,0.076,3374774
1788985812,6,0,0.008,3374774
1788985812,6,0,0.008,3374774
1788985812,6,0,0.007,3374774
1788985812,2,0,0.001,3374774
1788985812,1,0,0.001,3374774
1788985812,0,0,0.011,3374774
1788985813,4,0,0.904,3374774
1788985813,3,0,0.008,3374774
1788985817,4,0,3.625,3374774
1788985817,2,0,0.003,3374774
1788985817,6,0,0.004,3374774
1788985817,1,0,0.001,3374774
1788985817,0,0,0.015,3374774
1788985817,6,0,0.005,3374774
1788985817,3,0,0.052,3374774
1788985817,1,0,0.001,3374774
1788985817,6,0,0.012,3374774
1788985820,4,0,2.895,3374774
1788985820,3,0,0.01,3374774
1788985820,3,0,0.067,3374774
1788985820,3,0,0.085,3374774
1788985820,2,0,0.004,3374774
1788985820,0,0,0.012,3374774
1788985820,0,0,0.011,3374774
1788985830,7,0,10.398,3374774
1788985830,6,0,0.006,3374774
1788985831,2,0,1,3374774
1788985833,4,0,1.259,3374774
1788985833,3,0,0.044,3374774
1788985833,1,0,0.002,3374774
1788985844,7,0,11.471,3374774
1788985844,2,0,0.002,3374774
1788985848,5,0,3.581,3374774
1788985848,6,0,0.009,3374774
1788985848,3,0,0.054,3374774
1788985848,3,0,0.005,3374774
1788985848,5,0,0.118,3374774
1788985850,4,0,1.778,3374774
1788985852,5,0,1.758,3374774
1788985852,3,0,0.083,3374774
1788985853,5,0,1.216,3374774
1788985855,4,0,1.752,3374774
1788985855,3,0,0.067,3374774
1788985855,0,0,0.013,3374774
1788985855,4,0,0.721,3374774
1788985857,5,0,2.045,3374774
1788985859,4,0,1.104,3374774
1788985861,4,0,2.197,3374774
1788985868,5,0,7.315,3374774
1788985869,4,0,0.861,3374774
1788985873,4,0,4.142,3374774
1788985873,3,0,0.047,3374774
1788985874,2,0,0.896,3374774
1788985874,3,0,0.063,3374774
1788985874,0,0,0.006,3374774
1788985874,0,0,0.014,3374774
1788985874,2,0,0.002,3374774
1788985874,3,0,0.011,3374774
1788985874,0,0,0.006,3374774
1788985874,0,0,0.012,3374774
1788985874,3,0,0.082,3374774
1788985878,4,0,4.18,3374774
1788985878,3,0,0.038,3374774
1788985878,1,0,0.001,3374774
1788985878,0,0,0.006,3374774
1788985882,2,0,3.467,3374774
1788985886,4,0,4.102,3374774
1788985887,4,0,0.948,3374774
1788985898,5,0,11.383,3374774
1788985898,3,0,0.007,3374774
1788985898,6,0,0.007,3374774
1788985898,3,0,0.071,3374774
1788985898,0,0,0.013,3374774
1788985900,2,0,1.639,3374774
1788985900,2,0,0.004,3374774
1788985900,5,0,0.12,3374774
1788985900,0,0,0.007,3374774
1788985900,3,0,0.004,3374774
1788985900,1,0,0.001,3374774
1788985900,1,0,0,3374774
1788985900,3,0,0.023,3374774
1788985901,4,0,1.064,3374774
1788985901,6,0,0.004,3374774
1788985901,3,0,0.003,3374774
1788985902,2,0,1.091,3374774
1788985904,4,0,1.086,3374774
1788985904,1,0,0.001,3374774
1788985904,3,0,0.07,3374774
1788985904,3,0,0.006,3374774
1788985904,6,0,0.006,3374774
1788985905,4,0,1.856,3374774
1788985907,5,0,1.411,3374774
1788985907,0,0,0.051,3374774
1788985909,4,0,2.004,3374774
1788985909,3,0,0.024,3374774
1788985910,5,0,0.798,3374774
1788985910,6,0,0.007,3374774
1788985910,0,0,0.012,3374774
1788985911,5,0,1.024,3374774
1788985921,5,0,10.513,3374774
1788985925,2,0,3.265,3374774
1788985925,3,0,0.007,3374774
1788985925,3,0,0.007,3374774
1788985925,0,0,0.014,3374774
1788985928,4,0,2.992,3374774
1788985928,3,0,0.037,3374774
1788985928,0,0,0.007,3374774
1788985929,4,0,1.456,3374774
1788985931,4,0,1.683,3374774
1788985931,3,0,0.007,3374774
1788985931,3,0,0.037,3374774
1788985933,2,0,2.293,3374774
1788985934,2,0,1.204,3374774
1788985936,5,0,1.42,3374774
1788985936,6,0,0.007,3374774
1788985936,0,0,0.012,3374774
1788985936,0,0,0.015,3374774
1788985937,4,0,1.473,3374774
1788985939,2,0,1.582,3374774
1788985939,1,0,0.001,3374774
1788985939,6,0,0.011,3374774
1788985939,2,0,0.003,3374774
1788985940,4,0,1.008,3374774
1788985941,4,0,1.523,3374774
1788985943,2,0,1.203,3374774
1788985943,4,0,0.703,3374774
1788985945,4,0,2.104,3374774
1788985946,7,0,0.168,3374774
1788985946,6,0,0.006,3374774
1788985948,4,0,2.144,3374774
1788985948,0,0,0.012,3374774
1788985950,4,0,2.087,3374774
1788985950,6,0,0.007,3374774
1788985950,6,0,0.005,3374774
1788985950,6,0,0.006,3374774
1788985951,4,0,1.133,3374774
1788985952,4,0,1.194,3374774
1788985952,3,0,0.143,3374774
1788985952,1,0,0.001,3374774
1788985952,3,0,0.092,3374774
1788985952,6,0,0.009,3374774
1788985952,1,0,0,3374774
1788985956,2,0,3.465,3374774
1788985956,0,0,0.007,3374774
1788985956,3,0,0.013,3374774
1788985958,5,0,1.772,3374774
1788985958,3,0,0.083,3374774
1788985958,2,0,0.002,3374774
1788985958,0,0,0.007,3374774
1788985958,2,0,0.003,3374774
1788985958,0,0,0.013,3374774
1788985958,4,0,0.752,3374774
1788985961,4,0,2.318,3374774
1788985962,2,0,1.286,3374774
1788985962,3,0,0.076,3374774
1788985962,0,0,0.013,3374774
1788985962,3,0,0.006,3374774
1788985962,5,0,0.123,3374774
1788985962,0,0,0.007,3374774
1788985964,2,0,1.268,3374774
1788985965,4,0,1.507,3374774
1788985967,4,0,2.049,3374774
1788985967,0,0,0.018,3374774
1788985967,3,0,0.008,3374774
1788985967,0,0,0.008,3374774
1788985967,0,0,0.012,3374774
1788985978,5,0,10.359,3374774
1788985978,3,0,0.008,3374774
1788985979,2,0,1.485,3374774
1788985979,1,0,0.001,3374774
1788985980,4,0,1.447,3374774
1788985980,1,0,0.001,3374774
1788985981,3,0,0.044,3374774
1788985981,0,0,0.017,3374774
1788985981,0,0,0.014,3374774
1788985988,5,0,7.912,3374774
1788985988,6,0,0.006,3374774
1788985989,3,0,0.015,3374774
1788985989,3,0,0.01,3374774
1788985989,5,0,0.123,3374774
1788985989,2,0,0.001,3374774
1788985989,6,0,0.01,3374774
1788985989,0,0,0.008,3374774
1788985989,3,0,0.048,3374774
1788985989,0,0,0.009,3374774
1788985989,3,0,0.071,3374774
1788985989,0,0,0.008,3374774
1788985989,5,0,0.125,3374774
1788985989,3,0,0.005,3374774
1788985990,5,0,1.138,3374774
1788985990,2,0,0.004,3374774
1788985992,2,0,1.621,3374774
1788985995,4,0,3.473,3374774
1788985995,2,0,0.004,3374774
1788985995,1,0,0.001,3374774
1788985996,5,0,1.155,3374774
1788985996,5,0,0.121,3374774
1788985996,0,0,0.008,3374774
1788986004,5,0,7.885,3374774
1788986006,4,0,1.411,3374774
1788986006,1,0,0.001,3374774
1788986006,3,0,0.004,3374774
1788986006,3,0,0.007,3374774
1788986006,6,0,0.007,3374774
1788986010,4,0,4.346,3374774
1788986010,2,0,0.001,3374774
1788986010,0,0,0.013,3374774
1788986020,5,0,9.623,3374774
1788986021,4,0,1.679,3374774
1788986022,3,0,0.091,3374774
1788986022,1,0,0.001,3374774
1788986022,3,0,0.065,3374774
1788986025,4,0,3.469,3374774
1788986025,6,0,0.004,3374774
1788986025,0,0,0.014,3374774
1788986025,3,0,0.008,3374774
1788986027,4,0,1.542,3374774
1788986027,3,0,0.028,3374774
1788986027,3,0,0.057,3374774
1788986029,4,0,1.799,3374774
1788986029,2,0,0.003,3374774
1788986029,2,0,0.002,3374774
1788986033,4,0,4.45,3374774
1788986035,2,0,2.258,3374774
1788986037,4,0,1.939,3374774
1788986037,0,0,0.007,3374774
1788986039,4,0,1.543,3374774
1788986039,6,0,0.007,3374774
1788986039,2,0,0.003,3374774
1788986049,7,0,10.326,3374774
1788986049,0,0,0.019,3374774
1788986049,0,0,0.004,3374774
1788986049,0,0,0.005,3374774
1788986060,5,0,11.353,3374774
1788986061,4,0,1.014,3374774
1788986062,3,0,0.068,3374774
1788986064,2,0,2.106,3374774
1788986065,4,0,1.86,3374774
1788986066,7,0,0.167,3374774
1788986066,1,0,0.002,3374774
1788986066,3,0,0.005,3374774
1788986067,4,0,1.686,3374774
1788986067,1,0,0.001,3374774
1788986068,4,0,1.075,3374774
1788986068,1,0,0.001,3374774
1788986068,3,0,0.084,3374774
1788986070,4,0,1.156,3374774
1788986070,0,0,0.016,3374774
1788986070,3,0,0.066,3374774
1788986070,3,0,0.049,3374774
1788986070,3,0,0.004,3374774
1788986070,2,0,0.005,3374774
1788986071,2,0,1.061,3374774
1788986071,2,0,0.004,3374774
1788986071,0,0,0.042,3374774
1788986071,3,0,0.087,3374774
1788986071,1,0,0.001,3374774
1788986071,6,0,0.007,3374774
1788986073,4,0,1.666,3374774
1788986073,3,0,0.006,3374774
1788986073,5,0,0.125,3374774
1788986073,3,0,0.037,3374774
1788986074,4,0,1.133,3374774
1788986074,6,0,0.006,3374774
1788986074,6,0,0.007,3374774
1788986076,4,0,2.087,3374774
1788986076,3,0,0.068,3374774
1788986078,4,0,2.304,3374774
1788986078,0,0,0.013,3374774
1788986078,2,0,0.003,3374774
1788986078,2,0,0.005,3374774
1788986078,3,0,0.007,3374774
1788986079,4,0,0.539,3374774
1788986079,0,0,0.004,3374774
1788986079,6,0,0.008,3374774
1788986079,3,0,0.083,3374774
1788986081,4,0,2.309,3374774
1788986083,4,0,1.983,3374774
1788986085,4,0,1.459,3374774
1788986085,3,0,0.011,3374774
1788986085,0,0,0.006,3374774
1788986085,3,0,0.001,3374774
1788986085,3,0,0.009,3374774
1788986085,3,0,0.047,3374774
1788986085,2,0,0.002,3374774
1788986085,1,0,0.001,3374774
1788986085,3,0,0.037,3374774
1788986087,5,0,1.837,3374774
1788986087,5,0,0.13,3374774
1788986087,0,0,0.01,3374774
1788986087,6,0,0.008,3374774
1788986087,2,0,0.002,3374774
1788986087,0,0,0.006,3374774
1788986087,3,0,0.065,3374774
1788986089,4,0,1.57,3374774
1788986089,4,0,0.888,3374774
1788986091,4,0,1.2,3374774
1788986091,3,0,0.064,3374774
1788986092,5,0,1.737,3374774
1788986092,2,0,0.002,3374774
1788986093,3,0,0.071,3374774
1788986093,1,0,0.001,3374774
1788986093,3,0,0.061,3374774
1788986093,6,0,0.006,3374774
1788986093,2,0,0.833,3374774
1788986093,2,0,0.002,3374774
1788986094,4,0,1.031,3374774
1788986094,6,0,0.01,3374774
1788986095,2,0,0.879,3374774
1788986095,2,0,0.006,3374774
1788986096,5,0,0.844,3374774
1788986096,3,0,0.085,3374774
1788986096,3,0,0.011,3374774
1788986096,6,0,0.011,3374774
1788986108,5,0,11.838,3374774
1788986109,4,0,1.139,3374774
1788986109,3,0,0.007,3374774
1788986111,4,0,1.292,3374774
1788986111,0,0,0.007,3374774
1788986111,6,0,0.005,3374774
1788986115,4,0,3.922,3374774
1788986115,6,0,0.009,3374774
1788986116,5,0,1.557,3374774
1788986116,3,0,0.012,3374774
1788986116,0,0,0.006,3374774
1788986116,3,0,0.074,3374774
1788986117,4,0,0.722,3374774
1788986118,4,0,1.296,3374774
1788986118,6,0,0.008,3374774
1788986121,4,0,2.32,3374774
1788986121,4,0,0.894,3374774
1788986122,4,0,1.037,3374774
1788986122,6,0,0.011,3374774
1788986123,0,0,0.011,3374774
1788986124,4,0,1.09,3374774
1788986126,4,0,2.05,3374774
1788986127,4,0,1.141,3374774
1788986127,3,0,0.07,3374774
1788986128,5,0,1.413,3374774
1788986128,0,0,0.018,3374774
1788986128,0,0,0.005,3374774
1788986128,6,0,0.006,3374774
1788986128,6,0,0.008,3374774
1788986128,6,0,0.009,3374774
1788986128,1,0,0.001,3374774
1788986128,1,0,0.001,3374774
1788986130,2,0,1.69,3374774
1788986130,6,0,0.007,3374774
1788986130,0,0,0.008,3374774
1788986130,1,0,0.001,3374774
1788986130,6,0,0.005,3374774
1788986130,1,0,0.001,3374774
1788986131,4,0,1.272,3374774
1788986132,4,0,1.051,3374774
1788986133,4,0,0.686,3374774
1788986133,1,0,0.001,3374774
1788986137,4,0,3.76,3374774
1788986137,5,0,0.121,3374774
1788986139,4,0,1.761,3374774
1788986139,3,0,0.003,3374774
1788986139,2,0,0.001,3374774
1788986139,1,0,0.001,3374774
1788986139,7,0,0.162,3374774
1788986139,3,0,0.053,3374774
1788986139,3,0,0.015,3374774
1788986140,4,0,1.012,3374774
1788986141,4,0,1.155,3374774
1788986141,0,0,0.01,3374774
1788986141,6,0,0.006,3374774
1788986141,3,0,0.04,3374774
1788986143,4,0,1.541,3374774
1788986143,0,0,0.005,3374774
1788986143,3,0,0.037,3374774
1788986144,4,0,1.345,3374774
1788986144,0,0,0.018,3374774
1788986144,5,0,0.113,3374774
1788986144,3,0,0.049,3374774
1788986144,3,0,0.025,3374774
1788986144,3,0,0.083,3374774
1788986144,2,0,0.002,3374774
1788986145,4,0,1.115,3374774
1788986145,6,0,0.008,3374774
1788986146,4,0,0.899,3374774
1788986146,0,0,0.016,3374774
1788986146,6,0,0.007,3374774
1788986146,0,0,0.01,3374774
1788986148,2,0,1.24,3374774
1788986148,2,0,0.004,3374774
1788986158,7,0,10.673,3374774
1788986158,3,0,0.043,3374774
1788986158,6,0,0.007,3374774
1788986158,0,0,0.017,3374774
1788986158,6,0,0.007,3374774
1788986168,5,0,9.745,3374774
1788986168,3,0,0.081,3374774
1788986168,0,0,0.011,3374774
1788986170,5,0,1.487,3374774
1788986170,0,0,0.007,3374774
1788986172,4,0,2.533,3374774
1788986172,2,0,0.002,3374774
1788986174,4,0,1.661,3374774
1788986177,4,0,2.843,3374774
1788986179,2,0,2.401,3374774
1788986179,2,0,0.002,3374774
1788986179,3,0,0.06,3374774
1788986179,0,0,0.007,3374774
1788986180,4,0,0.924,3374774
1788986180,3,0,0.01,3374774
1788986183,2,0,2.888,3374774
1788986183,3,0,0.02,3374774
1788986185,4,0,1.836,3374774
1788986185,0,0,0.012,3374774
1788986185,6,0,0.009,3374774
1788986186,4,0,1.235,3374774
1788986186,3,0,0.044,3374774
1788986189,4,0,3.145,3374774
1788986189,3,0,0.053,3374774
1788986191,4,0,1.143,3374774
1788986191,6,0,0.006,3374774
1788986191,3,0,0.064,3374774
1788986191,1,0,0.002,3374774
1788986191,6,0,0.006,3374774
1788986191,3,0,0.009,3374774
1788986192,4,0,1.514,3374774
1788986195,2,0,2.362,3374774
1788986195,0,0,0.009,3374774
1788986195,1,0,0,3374774
1788986195,6,0,0.01,3374774
1788986195,3,0,0.01,3374774
1788986195,3,0,0.013,3374774
1788986195,3,0,0.085,3374774
1788986195,2,0,0.003,3374774
1788986195,3,0,0.012,3374774
1788986195,3,0,0.046,3374774
1788986196,5,0,0.85,3374774
1788986200,7,0,4.926,3374774
1788986200,6,0,0.006,3374774
1788986201,0,0,0.004,3374774
1788986202,4,0,1.059,3374774
1788986203,2,0,1.37,3374774
1788986205,2,0,1.774,3374774
1788986205,5,0,0.12,3374774
1788986205,1,0,0.001,3374774
1788986208,4,0,2.771,3374774
1788986208,0,0,0.01,3374774
1788986209,2,0,1.051,3374774
1788986209,7,0,0.777,3374774
1788986209,0,0,0.01,3374774
1788986209,1,0,0.001,3374774
1788986210,4,0,0.898,3374774
1788986214,4,0,3.47,3374774
1788986214,5,0,0.108,3374774
1788986214,3,0,0.055,3374774
1788986214,5,0,0.111,3374774
1788986215,2,0,0.671,3374774
1788986215,3,0,0.03,3374774
1788986216,2,0,1.426,3374774
1788986218,4,0,1.96,3374774
1788986218,3,0,0.01,3374774
1788986220,4,0,1.896,3374774
1788986220,0,0,0.009,3374774
1788986220,5,0,0.132,3374774
1788986220,1,0,0.001,3374774
1788986220,0,0,0.008,3374774
1788986221,4,0,0.956,3374774
1788986222,4,0,1.198,3374774
1788986222,3,0,0.003,3374774
1788986226,2,0,4.009,3374774
1788986226,0,0,0.015,3374774
1788986226,6,0,0.005,3374774
1788986226,0,0,0.009,3374774
1788986226,2,0,0.001,3374774
1788986228,4,0,1.484,3374774
1788986228,2,0,0.003,3374774
1788986239,5,0,11.439,3374774
1788986239,6,0,0.008,3374774
1788986239,2,0,0.003,3374774
1788986240,4,0,1.086,3374774
1788986242,4,0,1.315,3374774
1788986242,6,0,0.007,3374774
1788986242,3,0,0.01,3374774
1788986242,3,0,0.067,3374774
1788986242,1,0,0.002,3374774
1788986242,0,0,0.006,3374774
1788986242,0,0,0.011,3374774
1788986243,5,0,1.16,3374774
1788986243,6,0,0.005,3374774
1788986243,2,0,0.004,3374774
1788986243,6,0,0.008,3374774
1788986244,4,0,1.116,3374774
1788986244,0,0,0.016,3374774
1788986244,3,0,0.01,3374774
1788986244,0,0,0.013,3374774
1788986244,0,0,0.008,3374774
1788986246,4,0,1.653,3374774
1788986246,0,0,0.011,3374774
1788986248,4,0,1.853,3374774
1788986249,4,0,1.61,3374774
1788986249,3,0,0.003,3374774
1788986251,4,0,1.522,3374774
1788986251,0,0,0.015,3374774
1788986251,6,0,0.005,3374774
1788986252,5,0,0.906,3374774
1788986253,4,0,1.281,3374774
1788986253,3,0,0.006,3374774
1788986265,5,0,11.902,3374774
1788986265,0,0,0.008,3374774
1788986273,5,0,7.707,3374774
1788986273,0,0,0.006,3374774
1788986274,4,0,1.201,3374774
1788986274,1,0,0.001,3374774
1788986274,0,0,0.013,3374774
1788986275,4,0,1.033,3374774
1788986275,0,0,0.014,3374774
1788986275,2,0,0.003,3374774
1788986275,6,0,0.007,3374774
1788986276,4,0,1.196,3374774
1788986276,6,0,0.01,3374774
1788986276,0,0,0.006,3374774
1788986278,4,0,1.948,3374774
1788986278,0,0,0.012,3374774
1788986282,4,0,3.419,3374774
1788986284,4,0,2.508,3374774
1788986286,5,0,1.81,3374774
1788986286,3,0,0.005,3374774
1788986287,4,0,0.84,3374774
1788986287,1,0,0.001,3374774
1788986288,4,0,1.393,3374774
1788986289,5,0,0.911,3374774
1788986290,4,0,1.147,3374774
1788986294,4,0,3.438,3374774
1788986294,4,0,0.875,3374774
1788986295,6,0,0.006,3374774
1788986304,5,0,9.462,3374774
1788986304,0,0,0.007,3374774
1788986305,7,0,1.185,3374774
1788986306,4,0,1,3374774
1788986306,6,0,0.008,3374774
1788986306,0,0,0.009,3374774
1788986306,0,0,0.009,3374774
1788986306,0,0,0.007,3374774
1788986306,5,0,0.123,3374774
1788986306,5,0,0.124,3374774
1788986307,5,0,0.12,3374774
1788986308,5,0,1.74,3374774
1788986308,2,0,0.002,3374774
1788986309,2,0,0.875,3374774
1788986309,6,0,0.009,3374774
1788986309,1,0,0.002,3374774
1788986309,2,0,0.003,3374774
1788986309,3,0,0.005,3374774
1788986314,4,0,4.332,3374774
1788986314,0,0,0.007,3374774
1788986314,0,0,0.007,3374774
1788986314,0,0,0.014,3374774
1788986314,3,0,0.032,3374774
1788986314,0,0,0.012,3374774
1788986314,3,0,0.035,3374774
1788986316,4,0,2.269,3374774
1788986316,0,0,0.013,3374774
1788986316,2,0,0.002,3374774
1788986317,2,0,1.041,3374774
1788986317,3,0,0.067,3374774
1788986318,4,0,1.279,3374774
1788986319,4,0,0.922,3374774
1788986320,4,0,1.19,3374774
1788986320,3,0,0.007,3374774
1788986320,3,0,0.036,3374774
1788986322,4,0,1.588,3374774
1788986322,6,0,0.008,3374774
1788986323,2,0,1.418,3374774
1788986323,1,0,0.001,3374774
1788986323,2,0,0.003,3374774
1788986323,0,0,0.008,3374774
1788986323,2,0,0.003,3374774
1788986324,6,0,0.01,3374774
1788986324,3,0,0.043,3374774
1788986324,0,0,0.01,3374774
1788986324,7,0,0.182,3374774
1788986324,3,0,0.002,3374774
1788986328,2,0,3.951,3374774
1788986330,4,0,2.188,3374774
1788986330,0,0,0.019,3374774
1788986331,2,0,1.026,3374774
1788986331,6,0,0.011,3374774
1788986331,3,0,0.009,3374774
1788986331,3,0,0.091,3374774
1788986331,6,0,0.009,3374774
1788986333,2,0,1.717,3374774
1788986333,3,0,0.005,3374774
1788986337,7,0,4.593,3374774
1788986338,5,0,0.738,3374774
1788986338,6,0,0.007,3374774
1788986338,5,0,0.125,3374774
1788986340,2,0,2.243,3374774
1788986340,0,0,0.015,3374774
1788986341,3,0,0.046,3374774
1788986341,3,0,0.008,3374774
1788986341,5,0,0.649,3374774
1788986341,5,0,0.127,3374774
1788986345,5,0,3.925,3374774
1788986346,2,0,1.028,3374774
1788986346,0,0,0.017,3374774
1788986346,3,0,0.056,3374774
1788986347,4,0,1.131,3374774
1788986347,1,0,0,3374774
1788986349,4,0,1.959,3374774
1788986350,3,0,0.066,3374774
1788986350,3,0,0.008,3374774
1788986350,3,0,0.069,3374774
1788986350,6,0,0.007,3374774
1788986350,2,0,0.003,3374774
1788986351,2,0,0.96,3374774
1788986351,6,0,0.007,3374774
1788986351,3,0,0.053,3374774
1788986351,2,0,0.003,3374774
1788986351,3,0,0.05,3374774
1788986351,0,0,0.008,3374774
1788986351,0,0,0.014,3374774
1788986351,4,0,0.731,3374774
1788986351,3,0,0.071,3374774
1788986351,2,0,0.002,3374774
1788986351,0,0,0.009,3374774
1788986352,3,0,0.058,3374774
1788986353,4,0,1.494,3374774
1788986353,2,0,0.003,3374774
1788986354,5,0,0.86,3374774
1788986354,6,0,0.007,3374774
1788986354,0,0,0.02,3374774
1788986355,4,0,1.301,3374774
1788986355,3,0,0.004,3374774
1788986357,4,0,2.184,3374774
1788986360,4,0,2.252,3374774
1788986360,2,0,0.003,3374774
1788986360,6,0,0.01,3374774
1788986360,6,0,0.007,3374774
1788986360,3,0,0.012,3374774
1788986360,3,0,0.007,3374774
1788986361,4,0,1.292,3374774
1788986370,5,0,8.489,3374774
1788986370,5,0,0.134,3374774
1788986371,2,0,1.112,3374774
1788986373,4,0,2.045,3374774
1788986373,3,0,0.072,3374774
1788986373,2,0,0.003,3374774
1788986374,4,0,0.971,3374774
1788986374,3,0,0.081,3374774
1788986374,3,0,0.005,3374774
1788986374,6,0,0.005,3374774
1788986374,0,0,0.006,3374774
1788986377,2,0,2.85,3374774
1788986378,7,0,1.096,3374774
1788986378,1,0,0.002,3374774
1788986378,3,0,0.045,3374774
1788986389,7,0,10.785,3374774
1788986390,4,0,1.412,3374774
1788986391,2,0,1.267,3374774
1788986391,0,0,0.005,3374774
1788986391,0,0,0.014,3374774
1788986391,6,0,0.008,3374774
1788986391,0,0,0.008,3374774
1788986391,1,0,0.001,3374774
1788986391,1,0,0.001,3374774
1788986393,2,0,1.804,3374774
1788986394,4,0,0.871,3374774
1788986394,0,0,0.005,3374774
1788986395,4,0,1.228,3374774
1788986395,6,0,0.006,3374774
1788986396,2,0,1.152,3374774
1788986397,7,0,0.176,3374774
1788986397,0,0,0.007,3374774
1788986397,2,0,0.002,3374774
1788986397,6,0,0.008,3374774
1788986397,0,0,0.008,3374774
1788986397,3,0,0.067,3374774
1788986397,2,0,0.676,3374774
1788986398,4,0,1.024,3374774
1788986398,6,0,0.008,3374774
1788986398,1,0,0,3374774
1788986399,3,0,0.052,3374774
1788986399,4,0,0.912,3374774
1788986399,6,0,0.008,3374774
1788986401,2,0,1.671,3374774
1788986401,6,0,0.005,3374774
1788986403,4,0,1.451,3374774
1788986403,6,1,0.005,3374774
1788986404,4,0,1.229,3374774
1788986404,3,0,0.011,3374774
1788986404,3,0,0.057,3374774
1788986404,3,0,0.056,3374774
1788986405,7,0,1.16,3374774
1788986407,4,0,1.867,3374774
1788986407,0,0,0.006,3374774
1788986407,6,0,0.007,3374774
1788986417,5,0,9.706,3374774
1788986417,0,0,0.015,3374774
1788986420,5,0,3.501,3374774
1788986421,2,0,1.246,3374774
1788986421,3,0,0.054,3374774
1788986421,2,0,0.003,3374774
1788986422,2,0,0.002,3374774
1788986422,0,0,0.009,3374774
1788986433,7,0,11.041,3374774
1788986435,4,0,2.467,3374774
1788986435,3,0,0.092,3374774
1788986436,2,0,1.345,3374774
1788986437,3,0,0.075,3374774
1788986438,4,0,1.625,3374774
1788986438,2,0,0.002,3374774
1788986438,0,0,0.011,3374774
1788986439,4,0,1.166,3374774
1788986440,4,0,0.781,3374774
1788986440,6,0,0.004,3374774
1788986440,3,0,0.007,3374774
1788986442,4,0,1.467,3374774
1788986443,4,0,1.115,3374774
1788986444,4,0,0.948,3374774
1788986446,4,0,2.759,3374774
1788986446,6,0,0.005,3374774
1788986456,5,0,9.39,3374774
1788986456,3,0,0.049,3374774
1788986456,6,0,0.007,3374774
1788986456,2,0,0.003,3374774
1788986456,1,0,0.001,3374774
1788986458,2,0,2.05,3374774
1788986458,2,0,0.003,3374774
1788986458,3,0,0.039,3374774
1788986458,3,0,0.06,3374774
1788986458,5,0,0.123,3374774
1788986458,3,0,0.054,3374774
1788986459,5,0,1.152,3374774
1788986459,5,0,0.125,3374774
1788986459,0,0,0.01,3374774
1788986459,0,0,0.007,3374774
1788986462,4,0,2.013,3374774
1788986462,3,0,0.076,3374774
1788986462,4,0,0.707,3374774
1788986462,0,0,0.015,3374774
1788986462,3,0,0.006,3374774
1788986462,3,0,0.087,3374774
1788986462,6,0,0.005,3374774
1788986462,6,0,0.011,3374774
1788986465,4,0,2.218,3374774
1788986465,3,0,0.07,3374774
1788986474,5,0,8.878,3374774
1788986474,5,0,0.128,3374774
1788986474,6,0,0.007,3374774
1788986475,4,0,1.365,3374774
1788986477,4,0,2.033,3374774
1788986477,1,0,0.001,3374774
1788986478,2,0,0.782,3374774
1788986478,0,0,0.015,3374774
1788986478,0,0,0.011,3374774
1788986478,2,0,0.003,3374774
1788986478,3,0,0.006,3374774
1788986478,0,0,0.005,3374774
1788986478,3,0,0.06,3374774
1788986478,3,0,0.085,3374774
1788986479,2,0,0.91,3374774
1788986479,0,0,0.01,3374774
1788986479,3,0,0.055,3374774
1788986479,3,0,0.006,3374774
1788986480,4,0,0.968,3374774
1788986480,6,0,0.01,3374774
1788986480,3,0,0.045,3374774
1788986482,2,0,1.529,3374774
1788986482,3,0,0.031,3374774
1788986482,2,0,0.004,3374774
1788986483,2,0,1.104,3374774
1788986485,7,0,2.113,3374774
1788986486,4,0,1.13,3374774
1788986486,0,0,0.012,3374774
1788986486,5,0,0.129,3374774
1788986489,4,0,2.437,3374774
1788986490,2,0,1.357,3374774
1788986492,4,0,1.842,3374774
1788986492,1,0,0.002,3374774
1788986494,2,0,2.24,3374774
1788986496,5,0,1.506,3374774
1788986497,4,0,1.198,3374774
1788986497,0,0,0.006,3374774
1788986497,3,0,0.039,3374774
1788986497,6,0,0.008,3374774
1788986498,7,0,0.771,3374774
1788986498,3,0,0.018,3374774
1788986499,4,0,1.51,3374774
1788986499,3,0,0.062,3374774
1788986499,6,0,0.007,3374774
1788986499,2,0,0.002,3374774
1788986499,3,0,0.069,3374774
1788986499,2,0,0.005,3374774
1788986499,0,0,0.01,3374774
1788986499,3,0,0.004,3374774
1788986499,6,0,0.009,3374774
1788986501,4,0,1.815,3374774
1788986510,5,0,9.358,3374774
1788986511,3,0,0.083,3374774
1788986511,3,0,0.073,3374774
1788986511,0,0,0.013,3374774
1788986511,0,0,0.012,3374774
1788986511,0,0,0.015,3374774
1788986511,0,0,0.008,3374774
1788986511,2,0,0.005,3374774
1788986512,2,0,1.016,3374774
1788986512,0,0,0.004,3374774
1788986512,2,0,0.004,3374774
1788986514,4,0,2.07,3374774
1788986514,0,0,0.003,3374774
1788986514,3,0,0.059,3374774
1788986514,6,0,0.007,3374774
1788986514,0,0,0.017,3374774
1788986517,4,0,3.607,3374774
1788986518,3,0,0.091,3374774
1788986518,0,0,0.013,3374774
1788986519,4,0,1.718,3374774
1788986519,0,0,0.005,3374774
1788986519,6,0,0.007,3374774
1788986521,5,0,1.297,3374774
1788986521,6,0,0.007,3374774
1788986521,6,0,0.007,3374774
1788986521,2,0,0.002,3374774
1788986521,3,0,0.007,3374774
1788986524,5,0,3.313,3374774
1788986527,4,0,3.35,3374774
1788986527,3,0,0.015,3374774
1788986529,2,0,1.776,3374774
1788986529,6,0,0.008,3374774
1788986529,6,0,0.007,3374774
1788986533,4,0,4.172,3374774
1788986536,2,0,2.681,3374774
1788986537,4,0,1.365,3374774
1788986537,1,0,0.001,3374774
1788986537,3,0,0.01,3374774
1788986539,2,0,2.16,3374774
1788986539,1,0,0.001,3374774
1788986540,3,0,0.096,3374774
1788986551,5,0,11.061,3374774
1788986551,6,0,0.007,3374774
1788986551,6,0,0.007,3374774
1788986561,5,0,10.7,3374774
1788986563,5,0,1.31,3374774
1788986564,4,0,1.797,3374774
1788986564,0,0,0.014,3374774
1788986564,3,0,0.033,3374774
1788986564,1,0,0.001,3374774
1788986564,3,0,0.009,3374774
1788986564,3,0,0.009,3374774
1788986565,5,0,0.12,3374774
1788986565,3,0,0.067,3374774
1788986565,6,0,0.007,3374774
1788986565,7,0,0.768,3374774
1788986567,4,0,1.234,3374774
1788986567,2,0,0.003,3374774
1788986568,2,0,1.115,3374774
1788986568,3,0,0.071,3374774
1788986569,4,0,0.905,3374774
1788986571,4,0,2.265,3374774
1788986581,5,0,10.275,3374774
1788986581,0,0,0.013,3374774
1788986581,0,0,0.01,3374774
1788986581,6,0,0.006,3374774
1788986581,0,0,0.005,3374774
1788986581,6,0,0.005,3374774
1788986581,3,0,0.047,3374774
1788986581,3,0,0.068,3374774
1788986581,3,0,0.006,3374774
1788986581,1,0,0.001,3374774
1788986581,6,0,0.008,3374774
1788986581,6,0,0.006,3374774
1788986581,2,0,0.004,3374774
1788986581,1,0,0,3374774
1788986592,5,0,10.934,3374774
1788986592,1,0,0.001,3374774
1788986592,6,1,0.006,3374774
1788986592,0,0,0.014,3374774
1788986592,0,0,0.01,3374774
1788986596,4,0,3.768,3374774
1788986596,0,0,0.008,3374774
1788986596,2,0,0.003,3374774
1788986597,4,0,0.885,3374774
1788986608,7,0,11.221,3374774
1788986620,5,0,11.603,3374774
1788986620,0,0,0.01,3374774
1788986620,1,0,0.003,3374774
1788986621,4,0,0.909,3374774
1788986621,0,0,0.014,3374774
1788986621,6,0,0.008,3374774
1788986621,2,0,0.004,3374774
1788986621,2,0,0.001,3374774
1788986622,4,0,1.317,3374774
1788986626,4,0,3.648,3374774
1788986626,0,0,0.014,3374774
1788986626,0,0,0.009,3374774
1788986626,0,0,0.013,3374774
1788986626,3,0,0.011,3374774
1788986626,0,0,0.019,3374774
1788986627,2,0,1.549,3374774
1788986627,6,0,0.005,3374774
1788986629,5,0,1.312,3374774
1788986630,4,0,0.807,3374774
1788986630,2,0,0.004,3374774
1788986630,0,0,0.013,3374774
1788986630,0,0,0.011,3374774
1788986631,2,0,1.477,3374774
1788986632,4,0,0.836,3374774
1788986632,0,0,0.008,3374774
1788986632,6,0,0.007,3374774
1788986633,5,0,0.763,3374774
1788986633,3,0,0.035,3374774
1788986633,5,0,0.119,3374774
1788986633,0,0,0.009,3374774
1788986634,4,0,1.06,3374774
1788986634,2,0,0.002,3374774
1788986634,3,0,0.075,3374774
1788986634,2,0,0.003,3374774
1788986634,0,0,0.008,3374774
1788986634,6,0,0.01,3374774
1788986634,6,0,0.01,3374774
1788986635,4,0,1.333,3374774
1788986637,4,0,1.662,3374774
1788986637,3,0,0.062,3374774
1788986639,2,0,1.799,3374774
1788986639,2,0,0.004,3374774
1788986639,3,0,0.044,3374774
1788986639,2,0,0.001,3374774
1788986639,2,0,0.001,3374774
1788986639,2,0,0.003,3374774
1788986639,3,0,0.071,3374774
1788986639,0,0,0.007,3374774
1788986639,3,0,0.048,3374774
1788986639,6,0,0.008,3374774
1788986648,5,0,9.279,3374774
1788986648,3,0,0.012,3374774
1788986650,5,0,1.236,3374774
1788986659,5,0,9.278,3374774
1788986661,4,0,2.052,3374774
1788986661,3,0,0.063,3374774
1788986663,7,0,2.358,3374774
1788986663,6,0,0.005,3374774
1788986663,0,0,0.009,3374774
1788986663,1,0,0.002,3374774
1788986663,1,0,0,3374774
1788986663,1,0,0,3374774
1788986666,4,0,2.158,3374774
1788986666,3,0,0.006,3374774
1788986666,6,0,0.006,3374774
1788986666,0,0,0.008,3374774
1788986666,2,0,0.002,3374774
1788986667,4,0,1.197,3374774
1788986667,6,0,0.006,3374774
1788986669,2,0,2.391,3374774
1788986669,3,0,0.071,3374774
1788986669,3,0,0.05,3374774
1788986670,5,0,1.098,3374774
1788986670,0,0,0.011,3374774
1788986672,5,0,1.146,3374774
1788986672,1,0,0.001,3374774
1788986681,7,0,9.073,3374774
1788986682,2,0,1.028,3374774
1788986685,4,0,3.009,3374774
1788986685,3,0,0.052,3374774
1788986685,5,0,0.125,3374774
1788986686,4,0,0.701,3374774
1788986687,2,0,1.076,3374774
1788986687,1,0,0.001,3374774
1788986689,2,0,2.648,3374774
1788986689,3,0,0.012,3374774
1788986689,3,0,0.049,3374774
1788986689,6,1,0.006,3374774
1788986690,4,0,0.906,3374774
1788986690,1,0,0.001,3374774
1788986690,3,0,0.008,3374774
1788986691,4,0,1.171,3374774
1788986692,4,0,0.87,3374774
1788986694,4,0,1.762,3374774
1788986694,0,0,0.016,3374774
1788986694,0,0,0.013,3374774
1788986694,0,0,0.015,3374774
1788986695,4,0,1.145,3374774
1788986695,0,0,0.012,3374774
1788986697,2,0,1.741,3374774
1788986708,7,0,11.14,3374774
1788986708,3,0,0.067,3374774
1788986710,4,0,1.807,3374774
1788986710,6,0,0.006,3374774
1788986710,1,0,0,3374774
1788986710,0,0,0.015,3374774
1788986710,6,0,0.005,3374774
1788986710,0,0,0.016,3374774
1788986711,2,0,1.449,3374774
1788986712,6,0,0.012,3374774
1788986713,4,0,1.267,3374774
1788986714,2,0,1.062,3374774
1788986725,5,0,11.366,3374774
1788986725,6,0,0.005,3374774
1788986729,2,0,3.662,3374774
1788986729,6,0,0.008,3374774
1788986729,6,0,0.005,3374774
1788986729,4,0,0.413,3374774
1788986729,2,0,0.003,3374774
1788986729,2,0,0.002,3374774
1788986733,4,0,3.408,3374774
1788986733,3,0,0.081,3374774
1788986733,6,0,0.006,3374774
1788986733,3,0,0.082,3374774
1788986733,6,0,0.007,3374774
1788986733,1,0,0.001,3374774
1788986733,0,0,0.014,3374774
1788986733,0,0,0.013,3374774
1788986733,3,0,0.073,3374774
1788986733,1,0,0,3374774
1788986733,3,0,0.044,3374774
1788986733,6,0,0.008,3374774
1788986733,7,0,0.183,3374774
1788986734,4,0,0.959,3374774
1788986735,7,0,1.08,3374774
1788986735,2,0,0.003,3374774
1788986737,4,0,1.531,3374774
1788986737,3,0,0.04,3374774
1788986737,3,0,0.086,3374774
1788986737,1,0,0.001,3374774
1788986738,4,0,1.15,3374774
1788986739,4,0,1.121,3374774
1788986741,4,0,1.587,3374774
1788986741,6,0,0.008,3374774
1788986742,5,0,1.365,3374774
1788986742,3,0,0.074,3374774
1788986742,6,0,0.005,3374774
1788986742,0,0,0.011,3374774
1788986742,7,0,0.178,3374774
1788986743,4,0,0.727,3374774
1788986743,3,0,0.095,3374774
1788986743,6,0,0.008,3374774
1788986743,5,0,0.125,3374774
1788986743,5,0,0.127,3374774
1788986744,1,0,0.001,3374774
1788986744,3,0,0.083,3374774
1788986745,4,0,0.99,3374774
1788986745,3,0,0.094,3374774
1788986745,2,0,0.003,3374774
1788986745,0,0,0.009,3374774
1788986746,2,0,1.139,3374774
1788986746,3,0,0.082,3374774
1788986746,6,0,0.006,3374774
1788986747,2,0,0.799,3374774
1788986747,2,0,0.001,3374774
1788986747,1,0,0.001,3374774
1788986747,3,0,0.005,3374774
1788986747,0,0,0.011,3374774
1788986747,3,0,0.004,3374774
1788986747,3,0,0.044,3374774
1788986747,0,0,0.006,3374774
1788986747,3,0,0.042,3374774
1788986747,0,0,0.005,3374774
1788986747,0,0,0.006,3374774
1788986751,4,0,4.011,3374774
1788986751,3,0,0.004,3374774
1788986751,3,0,0.029,3374774
1788986751,3,0,0.055,3374774
1788986751,6,0,0.01,3374774
1788986753,4,0,1.732,3374774
1788986753,0,0,0.005,3374774
1788986753,6,0,0.006,3374774
1788986753,3,0,0.035,3374774
1788986753,3,0,0.03,3374774
1788986753,6,0,0.005,3374774
1788986753,6,0,0.005,3374774
1788986753,6,0,0.011,3374774
1788986753,0,0,0.012,3374774
1788986753,0,0,0.008,3374774
1788986753,3,0,0.06,3374774
1788986763,7,0,9.732,3374774
1788986763,3,0,0.041,3374774
1788986764,5,0,1.191,3374774
1788986765,4,0,1.302,3374774
1788986765,3,0,0.055,3374774
1788986767,4,0,1.652,3374774
1788986767,3,0,0.054,3374774
1788986768,4,0,1.321,3374774
1788986769,4,0,1.298,3374774
1788986770,4,0,0.954,3374774
1788986771,3,0,0.081,3374774
1788986772,2,0,1.701,3374774
1788986773,2,0,1.089,3374774
1788986773,0,0,0.01,3374774
1788986774,4,0,0.6,3374774
1788986778,5,0,4.064,3374774
1788986778,0,0,0.005,3374774
1788986778,0,0,0.008,3374774
1788986778,3,0,0.092,3374774
1788986781,4,0,3.066,3374774
1788986781,3,0,0.072,3374774
1788986791,5,0,9.583,3374774
1788986791,2,0,0.003,3374774
1788986792,4,0,1.385,3374774
1788986793,5,0,1.099,3374774
1788986794,4,0,1.157,3374774
1788986794,3,0,0.004,3374774
1788986795,3,0,0.049,3374774
1788986795,0,0,0.009,3374774
1788986796,4,0,1.757,3374774
1788986798,4,0,1.327,3374774
1788986798,3,0,0.059,3374774
1788986798,0,0,0.014,3374774
1788986800,4,0,2.082,3374774
1788986801,4,0,1.595,3374774
1788986803,4,0,1.537,3374774
1788986803,STOP,,,3374774
