1788983180,4,0,3.325,3374729
1788983181,4,0,1.061,3374729
1788983181,4,0,0.695,3374729
1788983181,0,0,0.018,3374729
1788983182,4,0,0.975,3374729
1788983182,1,0,0.002,3374729
1788983182,2,0,0.003,3374729
1788983182,3,0,0.02,3374729
1788983182,3,0,0.008,3374729
1788983184,4,0,1.136,3374729
1788983185,2,0,0.941,3374729
1788983185,3,0,0.058,3374729
1788983186,4,0,1.004,3374729
1788983186,6,0,0.012,3374729
1788983186,1,0,0.001,3374729
1788983186,3,0,0.009,3374729
1788983189,4,0,3.273,3374729
1788983190,4,0,0.785,3374729
1788983191,4,0,0.885,3374729
1788983191,0,0,0.009,3374729
1788983191,2,0,0.004,3374729
1788983191,2,0,0.004,3374729
1788983191,5,0,0.13,3374729
1788983191,4,0,0.216,3374729
1788983191,3,0,0.008,3374729
1788983192,4,0,1.183,3374729
1788983196,4,0,3.894,3374729
1788983196,1,0,0.001,3374729
1788983197,2,0,1.234,3374729
1788983198,5,0,1.074,3374729
1788983208,5,0,10.134,3374729
1788983210,4,0,1.077,3374729
1788983210,3,0,0.042,3374729
1788983212,2,0,2.729,3374729
1788983212,3,0,0.004,3374729
1788983214,4,0,1.56,3374729
1788983214,6,0,0.012,3374729
1788983215,4,0,1.308,3374729
1788983215,6,0,0.009,3374729
1788983215,3,0,0.065,3374729
1788983215,5,0,0.125,3374729
1788983217,7,0,1.446,3374729
1788983217,3,0,0.015,3374729
1788983217,0,0,0.005,3374729
1788983218,5,0,1.413,3374729
1788983218,3,0,0.011,3374729
1788983218,2,0,0.002,3374729
1788983222,4,0,3.547,3374729
1788983223,5,0,1.202,3374729
1788983223,3,0,0.1,3374729
1788983223,2,0,0.004,3374729
1788983223,6,0,0.011,3374729
1788983223,1,0,0.002,3374729
1788983224,5,0,1.171,3374729
1788983224,1,0,0.002,3374729
1788983224,2,0,0.002,3374729
1788983226,4,0,1.801,3374729
1788983226,0,0,0.016,3374729
1788983226,6,0,0.007,3374729
1788983228,5,0,2.181,3374729
1788983229,5,0,0.899,3374729
1788983229,0,0,0.01,3374729
1788983231,2,0,2.212,3374729
1788983232,5,0,0.136,3374729
1788983232,1,0,0.002,3374729
1788983232,3,0,0.025,3374729
1788983232,6,0,0.009,3374729
1788983232,4,0,0.672,3374729
1788983234,4,0,1.396,3374729
1788983234,0,0,0.016,3374729
1788983237,4,0,3.704,3374729
1788983237,6,0,0.006,3374729
1788983237,3,0,0.092,3374729
1788983237,0,0,0.008,3374729
1788983237,6,0,0.008,3374729
1788983237,1,0,0.001,3374729
1788983238,3,0,0.038,3374729
1788983239,4,0,1.847,3374729
1788983241,2,0,1.32,3374729
1788983241,2,0,0.004,3374729
1788983243,4,0,1.947,3374729
1788983243,3,0,0.013,3374729
1788983243,0,0,0.007,3374729
1788983253,7,0,10.487,3374729
1788983253,3,0,0.063,3374729
1788983253,3,0,0.007,3374729
1788983253,6,0,0.007,3374729
1788983253,3,0,0.037,3374729
1788983253,6,0,0.008,3374729
1788983254,2,0,1.051,3374729
1788983254,3,0,0.078,3374729
1788983256,4,0,1.898,3374729
1788983256,3,0,0.05,3374729
1788983256,6,0,0.01,3374729
1788983256,0,0,0.009,3374729
1788983256,2,0,0.004,3374729
1788983256,1,0,0.003,3374729
1788983256,3,0,0.093,3374729
1788983258,5,0,1.61,3374729
1788983258,3,0,0.006,3374729
1788983258,1,0,0.001,3374729
1788983258,3,0,0.055,3374729
1788983258,6,0,0.008,3374729
1788983258,6,0,0.009,3374729
1788983260,4,0,2.068,3374729
1788983260,2,0,0.004,3374729
1788983270,5,0,9.749,3374729
1788983270,0,0,0.006,3374729
1788983271,4,0,1.222,3374729
1788983271,0,0,0.008,3374729
1788983271,0,0,0.007,3374729
1788983276,4,0,4.589,3374729
1788983278,4,0,2.234,3374729
1788983278,0,0,0.011,3374729
1788983278,0,0,0.013,3374729
1788983278,0,0,0.013,3374729
1788983278,3,0,0.01,3374729
1788983279,2,0,1.087,3374729
1788983290,5,0,10.878,3374729
1788983291,4,0,1.383,3374729
1788983300,5,0,8.489,3374729
1788983300,3,0,0.041,3374729
1788983300,0,0,0.019,3374729
1788983308,5,0,8.366,3374729
1788983310,4,0,1.161,3374729
1788983312,2,0,2.784,3374729
1788983312,3,0,0.076,3374729
1788983315,4,0,2.606,3374729
1788983317,4,0,1.862,3374729
1788983320,4,0,3.007,3374729
1788983320,1,0,0.002,3374729
1788983320,6,0,0.006,3374729
1788983321,2,0,1.366,3374729
1788983322,4,0,0.735,3374729
1788983323,4,0,0.967,3374729
1788983323,6,0,0.008,3374729
1788983323,3,0,0.053,3374729
1788983323,1,0,0.001,3374729
1788983323,3,0,0.072,3374729
1788983323,1,0,0.001,3374729
1788983325,4,0,2.178,3374729
1788983325,3,0,0.064,3374729
1788983325,0,0,0.013,3374729
1788983325,0,0,0.011,3374729
1788983327,5,0,1.496,3374729
1788983329,4,0,2.419,3374729
1788983330,4,0,1.169,3374729
1788983330,6,0,0.007,3374729
1788983330,6,0,0.006,3374729
1788983330,3,0,0.031,3374729
1788983330,3,0,0.014,3374729
1788983341,5,0,10.983,3374729
1788983343,2,0,1.401,3374729
1788983344,4,0,0.679,3374729
1788983344,0,0,0.018,3374729
1788983344,3,0,0.049,3374729
1788983344,3,0,0.073,3374729
1788983345,4,0,1.571,3374729
1788983345,2,0,0.003,3374729
1788983345,0,0,0.005,3374729
1788983354,7,0,9.125,3374729
1788983354,0,0,0.009,3374729
1788983354,0,0,0.007,3374729
1788983354,3,0,0.006,3374729
1788983354,0,0,0.011,3374729
1788983354,0,0,0.007,3374729
1788983355,3,0,0.086,3374729
1788983358,4,0,2.994,3374729
1788983358,0,0,0.008,3374729
1788983359,4,0,1.91,3374729
1788983359,3,0,0.061,3374729
1788983359,0,0,0.004,3374729
1788983360,3,0,0.069,3374729
1788983371,5,0,10.988,3374729
1788983371,6,0,0.004,3374729
1788983374,4,0,3.838,3374729
1788983376,4,0,1.739,3374729
1788983376,1,0,0.002,3374729
1788983377,4,0,1.135,3374729
1788983377,1,0,0.002,3374729
1788983377,6,0,0.006,3374729
1788983378,4,0,0.885,3374729
1788983389,7,0,11.173,3374729
1788983391,4,0,1.485,3374729
1788983391,2,0,0.001,3374729
1788983391,1,0,0.001,3374729
1788983391,6,0,0.007,3374729
1788983392,4,0,1.029,3374729
1788983394,2,0,1.69,3374729
1788983394,6,0,0.007,3374729
1788983394,0,0,0.005,3374729
1788983396,4,0,2.207,3374729
1788983397,4,0,1.358,3374729
1788983400,4,0,2.709,3374729
1788983400,6,0,0.006,3374729
1788983402,4,0,2.39,3374729
1788983402,3,0,0.012,3374729
1788983404,4,0,1.918,3374729
1788983404,6,0,0.011,3374729
1788983406,4,0,1.451,3374729
1788983409,2,0,3.017,3374729
1788983409,0,0,0.015,3374729
1788983411,2,0,2.697,3374729
1788983411,3,0,0.007,3374729
1788983411,2,0,0.002,3374729
1788983411,3,0,0.109,3374729
1788983411,0,0,0.008,3374729
1788983413,5,0,1.053,3374729
1788983416,4,0,3.099,3374729
1788983418,7,0,1.947,3374729
1788983419,4,0,1.592,3374729
1788983419,2,0,0.003,3374729
1788983419,3,0,0.089,3374729
1788983419,5,0,0.12,3374729
1788983419,3,0,0.06,3374729
1788983419,2,0,0.004,3374729
1788983419,0,0,0.011,3374729
1788983419,0,0,0.014,3374729
1788983419,6,0,0.006,3374729
1788983422,4,0,2.666,3374729
1788983423,4,0,1.056,3374729
1788983423,0,0,0.015,3374729
1788983425,2,0,1.519,3374729
1788983426,4,0,1.131,3374729
1788983426,6,0,0.008,3374729
1788983426,0,0,0.009,3374729
1788983426,3,0,0.011,3374729
1788983427,4,0,1.359,3374729
1788983427,0,0,0.011,3374729
1788983429,4,0,1.3,3374729
1788983429,2,0,0.004,3374729
1788983430,2,0,1.635,3374729
1788983430,3,0,0.036,3374729
1788983431,4,0,1.08,3374729
1788983433,2,0,1.421,3374729
1788983434,7,0,0.81,3374729
1788983434,1,0,0.002,3374729
1788983434,6,0,0.008,3374729
1788983434,3,0,0.08,3374729
1788983436,5,0,2.055,3374729
1788983436,0,0,0.008,3374729
1788983436,6,0,0.006,3374729
1788983437,4,0,1.109,3374729
1788983437,0,0,0.011,3374729
1788983437,1,0,0.001,3374729
1788983437,2,0,0.003,3374729
1788983437,3,0,0.051,3374729
1788983437,3,0,0.074,3374729
1788983437,0,0,0.017,3374729
1788983437,0,0,0.011,3374729
1788983437,3,0,0.085,3374729
1788983437,3,0,0.074,3374729
1788983438,2,0,1.026,3374729
1788983438,2,0,0.003,3374729
1788983438,0,0,0.006,3374729
1788983438,6,0,0.009,3374729
1788983438,2,0,0.002,3374729
1788983438,6,0,0.005,3374729
1788983438,0,0,0.006,3374729
1788983438,1,0,0.001,3374729
1788983439,4,0,1,3374729
1788983439,0,0,0.013,3374729
1788983439,6,0,0.009,3374729
1788983439,3,0,0.002,3374729
1788983439,6,0,0.007,3374729
1788983439,3,0,0.005,3374729
1788983439,0,0,0.014,3374729
1788983443,4,0,4.183,3374729
1788983443,3,0,0.007,3374729
1788983443,0,0,0.013,3374729
1788983443,1,0,0.001,3374729
1788983445,7,0,1.578,3374729
1788983447,4,0,1.69,3374729
1788983447,3,0,0.043,3374729
1788983448,4,0,1.688,3374729
1788983448,2,0,0.002,3374729
1788983448,0,0,0.008,3374729
1788983448,3,0,0.008,3374729
1788983448,0,0,0.014,3374729
1788983449,0,0,0.013,3374729
1788983449,3,0,0.084,3374729
1788983450,4,0,1.591,3374729
1788983450,1,0,0.001,3374729
1788983450,6,0,0.009,3374729
1788983450,3,0,0.077,3374729
1788983452,5,0,1.526,3374729
1788983461,5,0,9.386,3374729
1788983462,4,0,1.039,3374729
1788983464,4,0,2.178,3374729
1788983465,5,0,0.116,3374729
1788983465,3,0,0.009,3374729
1788983465,2,0,0.922,3374729
1788983465,0,0,0.012,3374729
1788983465,6,0,0.008,3374729
1788983467,5,0,1.368,3374729
1788983470,5,0,2.666,3374729
1788983470,3,0,0.009,3374729
1788983471,4,0,1.383,3374729
1788983471,2,0,0.004,3374729
1788983473,2,0,2.425,3374729
1788983473,3,0,0.066,3374729
1788983474,5,0,0.115,3374729
1788983476,4,0,2.704,3374729
1788983476,0,0,0.006,3374729
1788983476,2,0,0.003,3374729
1788983476,2,0,0.002,3374729
1788983476,6,0,0.011,3374729
1788983476,6,0,0.004,3374729
1788983476,0,0,0.005,3374729
1788983476,0,0,0.009,3374729
1788983476,5,0,0.125,3374729
1788983478,2,0,1.512,3374729
1788983481,4,0,3.321,3374729
1788983481,0,0,0.006,3374729
1788983483,5,0,1.819,3374729
1788983484,4,0,1.129,3374729
1788983484,3,0,0.003,3374729
1788983488,4,0,3.516,3374729
1788983488,6,0,0.008,3374729
1788983488,0,0,0.008,3374729
1788983488,3,0,0.088,3374729
1788983488,2,0,0.002,3374729
1788983488,2,0,0.593,3374729
1788983491,4,0,2.178,3374729
1788983491,0,0,0.005,3374729
1788983492,4,0,1.098,3374729
1788983492,3,0,0.005,3374729
1788983492,0,0,0.008,3374729
1788983493,4,0,1.594,3374729
1788983495,4,0,2.228,3374729
1788983496,2,0,0.004,3374729
1788983496,5,0,0.121,3374729
1788983496,3,0,0.005,3374729
1788983496,0,0,0.01,3374729
1788983496,1,0,0.003,3374729
1788983496,0,0,0.009,3374729
1788983497,4,0,1.552,3374729
1788983499,4,0,1.854,3374729
1788983499,0,0,0.015,3374729
1788983499,3,0,0.001,3374729
1788983499,0,0,0.005,3374729
1788983499,6,0,0.007,3374729
1788983501,4,0,1.637,3374729
1788983501,3,0,0.083,3374729
1788983501,1,0,0.002,3374729
1788983501,0,0,0.004,3374729
1788983503,4,0,2.332,3374729
1788983503,2,0,0.003,3374729
1788983503,6,0,0.008,3374729
1788983503,3,0,0.068,3374729
1788983503,6,0,0.008,3374729
1788983505,4,0,1.637,3374729
1788983506,5,0,1.631,3374729
1788983510,4,0,3.097,3374729
1788983510,3,0,0.079,3374729
1788983510,3,0,0.076,3374729
1788983510,3,0,0.006,3374729
1788983510,0,0,0.017,3374729
1788983510,1,0,0.001,3374729
1788983513,4,0,3.349,3374729
1788983513,5,0,0.13,3374729
1788983515,2,0,1.382,3374729
1788983515,1,0,0.001,3374729
1788983515,0,0,0.014,3374729
1788983516,5,0,1.75,3374729
1788983516,1,0,0.002,3374729
1788983519,4,0,3.078,3374729
1788983520,3,0,0.062,3374729
1788983520,3,0,0.013,3374729
1788983521,5,0,1.211,3374729
1788983521,0,0,0.005,3374729
1788983521,1,0,0.001,3374729
1788983522,4,0,0.936,3374729
1788983526,4,0,4.148,3374729
1788983527,4,0,1.134,3374729
1788983527,3,0,0.096,3374729
1788983527,2,0,0.003,3374729
1788983527,2,0,0.002,3374729
1788983527,3,0,0.039,3374729
1788983529,2,0,1.704,3374729
1788983530,2,0,1.025,3374729
1788983530,3,0,0.041,3374729
1788983530,2,0,0.004,3374729
1788983531,2,0,1.501,3374729
1788983531,0,0,0.012,3374729
1788983531,0,0,0.007,3374729
1788983532,3,0,0.078,3374729
1788983532,6,0,0.006,3374729
1788983532,2,0,0.001,3374729
1788983533,4,0,1.194,3374729
1788983533,3,0,0.067,3374729
1788983533,3,0,0.01,3374729
1788983533,3,0,0.004,3374729
1788983533,2,0,0.002,3374729
1788983535,4,0,2.226,3374729
1788983537,4,0,2.421,3374729
1788983537,0,0,0.008,3374729
1788983540,4,0,2.384,3374729
1788983540,6,0,0.007,3374729
1788983540,2,0,0.004,3374729
1788983540,6,0,0.008,3374729
1788983540,1,0,0.001,3374729
1788983540,1,0,0.001,3374729
1788983540,5,0,0.124,3374729
1788983543,4,0,2.746,3374729
1788983543,4,0,0.567,3374729
1788983543,1,0,0.002,3374729
1788983546,4,0,2.662,3374729
1788983546,5,0,0.126,3374729
1788983546,0,0,0.009,3374729
1788983549,4,0,3.412,3374729
1788983550,3,0,0.034,3374729
1788983550,5,0,0.865,3374729
1788983552,4,0,2.019,3374729
1788983554,4,0,1.531,3374729
1788983554,0,0,0.009,3374729
1788983554,0,0,0.009,3374729
1788983555,2,0,1.322,3374729
1788983556,4,0,1.008,3374729
1788983556,6,0,0.009,3374729
1788983556,2,0,0.002,3374729
1788983557,2,0,0.856,3374729
1788983558,4,0,1.085,3374729
1788983558,2,0,0.002,3374729
1788983560,4,0,1.375,3374729
1788983561,2,0,1.102,3374729
1788983561,6,0,0.006,3374729
1788983562,4,0,1.16,3374729
1788983562,3,0,0.046,3374729
1788983563,4,0,0.984,3374729
1788983563,3,0,0.063,3374729
1788983565,4,0,2.363,3374729
1788983565,5,0,0.134,3374729
1788983565,6,0,0.006,3374729
1788983567,4,0,1.213,3374729
1788983568,4,0,0.886,3374729
1788983568,5,0,0.114,3374729
1788983570,5,0,2.139,3374729
1788983570,1,0,0.001,3374729
1788983574,2,0,4.14,3374729
1788983574,3,0,0.048,3374729
1788983574,3,0,0.065,3374729
1788983574,1,0,0.001,3374729
1788983574,6,0,0.009,3374729
1788983577,4,0,2.522,3374729
1788983577,1,0,0.001,3374729
1788983577,0,0,0.01,3374729
1788983577,3,0,0.005,3374729
1788983578,4,0,1.209,3374729
1788983580,5,0,1.834,3374729
1788983580,1,0,0.001,3374729
1788983580,0,0,0.006,3374729
1788983580,6,0,0.006,3374729
1788983580,6,0,0.009,3374729
1788983580,6,0,0.006,3374729
1788983580,3,0,0.082,3374729
1788983580,2,0,0.004,3374729
1788983580,0,0,0.013,3374729
1788983580,2,0,0.002,3374729
1788983580,3,0,0.055,3374729
1788983580,0,0,0.005,3374729
1788983581,4,0,1.355,3374729
1788983581,2,0,0.003,3374729
1788983582,4,0,1.074,3374729
1788983582,0,0,0.005,3374729
1788983582,0,0,0.01,3374729
1788983582,6,0,0.006,3374729
1788983583,4,0,1.159,3374729
1788983586,2,0,2.463,3374729
1788983588,4,0,1.63,3374729
1788983597,5,0,9.841,3374729
1788983597,0,0,0.011,3374729
1788983598,7,0,0.187,3374729
1788983598,6,0,0.008,3374729
1788983599,4,0,1.016,3374729
1788983600,4,0,1.02,3374729
1788983600,3,0,0.007,3374729
1788983610,7,0,10.519,3374729
1788983610,2,0,0.003,3374729
1788983612,4,0,1.439,3374729
1788983614,2,0,2.147,3374729
1788983614,5,0,0.113,3374729
1788983614,1,0,0.002,3374729
1788983615,4,0,0.785,3374729
1788983615,0,0,0.005,3374729
1788983615,2,0,0.002,3374729
1788983615,3,0,0.034,3374729
1788983615,1,0,0.001,3374729
1788983615,6,0,0.009,3374729
1788983615,5,0,0.126,3374729
1788983615,3,0,0.041,3374729
1788983615,3,0,0.062,3374729
1788983615,1,0,0.001,3374729
1788983615,2,0,0.005,3374729
1788983615,3,0,0.006,3374729
1788983616,4,0,1.269,3374729
1788983616,3,0,0.083,3374729
1788983616,0,0,0.006,3374729
1788983618,2,0,2.077,3374729
1788983620,2,0,1.214,3374729
1788983620,5,0,0.124,3374729
1788983620,3,0,0.093,3374729
1788983620,1,0,0.002,3374729
1788983620,3,0,0.047,3374729
1788983620,0,0,0.009,3374729
1788983621,2,0,1.183,3374729
1788983621,5,0,0.122,3374729
1788983622,4,0,1.289,3374729
1788983623,0,0,0.014,3374729
1788983625,4,0,2.032,3374729
1788983625,3,0,0.009,3374729
1788983634,5,0,9.543,3374729
1788983639,7,0,4.418,3374729
1788983639,3,0,0.009,3374729
1788983639,6,0,0.007,3374729
1788983641,4,0,1.97,3374729
1788983641,4,0,0.753,3374729
1788983644,4,0,2.246,3374729
1788983644,0,0,0.008,3374729
1788983645,4,0,1.681,3374729
1788983646,4,0,1.194,3374729
1788983646,3,0,0.012,3374729
1788983646,3,0,0.056,3374729
1788983646,0,0,0.018,3374729
1788983646,6,0,0.007,3374729
1788983647,3,0,0.079,3374729
1788983648,4,0,1.557,3374729
1788983648,3,0,0.034,3374729
1788983648,6,0,0.009,3374729
1788983648,6,0,0.007,3374729
1788983651,2,0,2.389,3374729
1788983651,3,0,0.076,3374729
1788983651,5,0,0.789,3374729
1788983651,3,0,0.007,3374729
1788983651,6,0,0.006,3374729
1788983651,3,0,0.006,3374729
1788983651,0,0,0.007,3374729
1788983651,3,0,0.019,3374729
1788983653,4,0,1.28,3374729
1788983653,3,0,0.01,3374729
1788983653,2,0,0.002,3374729
1788983653,0,0,0.01,3374729
1788983653,3,0,0.008,3374729
1788983654,4,0,1.315,3374729
1788983654,2,0,0.003,3374729
1788983656,2,0,1.935,3374729
1788983656,0,0,0.01,3374729
1788983656,3,0,0.019,3374729
1788983656,2,0,0.003,3374729
1788983656,2,0,0.003,3374729
1788983656,0,0,0.016,3374729
1788983656,0,0,0.009,3374729
1788983656,6,0,0.009,3374729
1788983656,3,0,0.089,3374729
1788983657,2,0,0.786,3374729
1788983657,3,0,0.059,3374729
1788983657,6,0,0.007,3374729
1788983657,3,0,0.088,3374729
1788983657,6,0,0.007,3374729
1788983657,6,0,0.009,3374729
1788983657,3,0,0.004,3374729
1788983658,2,0,1.046,3374729
1788983660,4,0,1.922,3374729
1788983660,5,0,0.131,3374729
1788983662,4,0,1.773,3374729
1788983662,0,0,0.006,3374729
1788983662,3,0,0.084,3374729
1788983662,3,0,0.003,3374729
1788983662,3,0,0.04,3374729
1788983662,0,0,0.009,3374729
1788983662,2,0,0.002,3374729
1788983664,4,0,1.637,3374729
1788983664,3,0,0.012,3374729
1788983664,5,0,0.122,3374729
1788983664,3,0,0.012,3374729
1788983664,6,0,0.006,3374729
1788983665,4,0,1.032,3374729
1788983665,6,0,0.008,3374729
1788983665,3,0,0.059,3374729
1788983666,4,0,0.83,3374729
1788983666,0,0,0.005,3374729
1788983668,4,0,1.687,3374729
1788983668,0,0,0.01,3374729
1788983668,6,0,0.01,3374729
1788983668,1,0,0.001,3374729
1788983679,5,0,10.993,3374729
1788983691,5,0,12.871,3374729
1788983693,5,0,1.691,3374729
1788983693,2,0,0.004,3374729
1788983693,0,0,0.004,3374729
1788983693,3,0,0.057,3374729
1788983693,3,0,0.017,3374729
1788983693,3,0,0.063,3374729
1788983694,4,0,1.069,3374729
1788983694,6,0,0.011,3374729
1788983695,4,0,0.677,3374729
1788983695,3,0,0.022,3374729
1788983695,6,0,0.006,3374729
1788983695,2,0,0.004,3374729
1788983697,4,0,1.643,3374729
1788983698,2,0,1.15,3374729
1788983698,6,0,0.006,3374729
1788983700,4,0,1.716,3374729
1788983700,0,0,0.015,3374729
1788983700,6,0,0.01,3374729
1788983700,6,0,0.007,3374729
1788983701,4,0,1.286,3374729
1788983703,4,0,2.458,3374729
1788983703,6,0,0.007,3374729
1788983703,6,0,0.005,3374729
1788983707,7,0,4.091,3374729
1788983708,5,0,0.748,3374729
1788983708,2,0,0.003,3374729
1788983709,5,0,1.221,3374729
1788983710,3,0,0.066,3374729
1788983710,6,0,0.012,3374729
1788983710,3,0,0.012,3374729
1788983711,5,0,1.505,3374729
1788983711,0,0,0.013,3374729
1788983711,1,0,0.001,3374729
1788983711,0,0,0.004,3374729
1788983711,3,0,0.007,3374729
1788983711,6,0,0.009,3374729
1788983711,0,0,0.01,3374729
1788983711,3,0,0.075,3374729
1788983712,4,0,1.177,3374729
1788983712,6,0,0.008,3374729
1788983712,3,0,0.042,3374729
1788983714,4,0,1.713,3374729
1788983717,4,0,3.351,3374729
1788983728,7,0,11.006,3374729
1788983728,3,0,0.036,3374729
1788983729,2,0,0.966,3374729
1788983729,0,0,0.016,3374729
1788983729,6,0,0.008,3374729
1788983730,3,0,0.07,3374729
1788983730,3,0,0.024,3374729
1788983730,6,0,0.008,3374729
1788983730,3,0,0.068,3374729
1788983730,3,0,0.07,3374729
1788983730,2,0,0.003,3374729
1788983730,0,0,0.007,3374729
1788983730,3,0,0.066,3374729
1788983730,6,0,0.011,3374729
1788983730,2,0,0.002,3374729
1788983730,3,0,0.083,3374729
1788983730,6,0,0.005,3374729
1788983730,5,0,0.125,3374729
1788983730,2,0,0.003,3374729
1788983730,5,0,0.127,3374729
1788983731,4,0,0.758,3374729
1788983733,2,0,2.395,3374729
1788983746,5,0,12.396,3374729
1788983749,2,0,3.301,3374729
1788983749,2,0,0.004,3374729
1788983749,3,0,0.057,3374729
1788983749,0,0,0.008,3374729
1788983749,1,0,0.001,3374729
1788983749,0,0,0.011,3374729
1788983750,4,0,1.323,3374729
1788983752,4,0,1.746,3374729
1788983752,0,0,0.011,3374729
1788983753,5,0,1.185,3374729
1788983753,5,0,0.113,3374729
1788983753,0,0,0.006,3374729
1788983753,2,0,0.002,3374729
1788983755,4,0,1.137,3374729
1788983756,2,0,1.246,3374729
1788983757,2,0,1.14,3374729
1788983759,4,0,1.968,3374729
1788983759,3,0,0.078,3374729
1788983759,3,0,0.005,3374729
1788983759,3,0,0.037,3374729
1788983760,4,0,1.041,3374729
1788983760,3,0,0.063,3374729
1788983760,6,0,0.01,3374729
1788983761,4,0,0.941,3374729
1788983761,3,0,0.009,3374729
1788983761,5,0,0.12,3374729
1788983763,2,0,1.444,3374729
1788983765,2,0,1.83,3374729
1788983765,2,0,0.002,3374729
1788983765,4,0,0.842,3374729
1788983765,2,0,0.002,3374729
1788983765,6,0,0.006,3374729
1788983765,3,0,0.045,3374729
1788983765,6,0,0.006,3374729
1788983766,5,0,0.128,3374729
1788983766,5,0,0.128,3374729
1788983766,0,0,0.007,3374729
1788983766,3,0,0.062,3374729
1788983766,0,0,0.006,3374729
1788983766,0,0,0.018,3374729
1788983766,0,0,0.011,3374729
1788983767,4,0,1.559,3374729
1788983767,1,0,0.001,3374729
1788983769,2,0,1.314,3374729
1788983769,0,0,0.008,3374729
1788983779,5,0,10.245,3374729
1788983779,0,0,0.005,3374729
1788983779,0,0,0.005,3374729
1788983780,5,0,1.156,3374729
1788983780,2,0,0.001,3374729
1788983780,0,0,0.013,3374729
1788983780,0,0,0.015,3374729
1788983782,2,0,1.384,3374729
1788983782,3,0,0.057,3374729
1788983782,3,0,0.009,3374729
1788983782,2,0,0.002,3374729
1788983783,7,0,1.236,3374729
1788983783,3,0,0.077,3374729
1788983783,0,0,0.006,3374729
1788983784,4,0,0.705,3374729
1788983785,4,0,1.117,3374729
1788983785,0,0,0.013,3374729
1788983785,6,0,0.007,3374729
1788983785,0,0,0.007,3374729
1788983785,0,0,0.007,3374729
1788983785,0,0,0.01,3374729
1788983785,1,0,0.003,3374729
1788983785,0,0,0.005,3374729
1788983785,6,0,0.008,3374729
1788983785,1,0,0.001,3374729
1788983785,3,0,0.005,3374729
1788983785,0,0,0.008,3374729
1788983786,5,0,1.45,3374729
1788983786,3,0,0.036,3374729
1788983786,0,0,0.007,3374729
1788983786,2,0,0.004,3374729
1788983786,0,0,0.005,3374729
1788983788,4,0,1.376,3374729
1788983788,0,0,0.011,3374729
1788983789,2,0,1.707,3374729
1788983789,0,0,0.005,3374729
1788983789,6,0,0.008,3374729
1788983789,2,0,0.003,3374729
1788983791,2,0,1.338,3374729
1788983791,3,0,0.079,3374729
1788983791,2,0,0.001,3374729
1788983791,1,0,0.002,3374729
1788983791,3,0,0.003,3374729
1788983792,2,0,0.973,3374729
1788983792,0,0,0.016,3374729
1788983792,3,0,0.078,3374729
1788983792,0,0,0.01,3374729
1788983793,4,0,1.567,3374729
1788983793,0,0,0.004,3374729
1788983793,1,0,0.002,3374729
1788983794,2,0,0.002,3374729
1788983794,3,0,0.009,3374729
1788983794,3,0,0.006,3374729
1788983794,5,0,0.124,3374729
1788983794,0,0,0.007,3374729
1788983795,4,0,1.048,3374729
1788983795,6,0,0.009,3374729
1788983795,3,0,0.013,3374729
1788983795,2,0,0.004,3374729
1788983795,5,0,0.113,3374729
1788983795,3,0,0.056,3374729
1788983795,0,0,0.015,3374729
1788983795,3,0,0.073,3374729
1788983795,0,0,0.006,3374729
1788983795,3,0,0.077,3374729
1788983796,4,0,1.066,3374729
1788983800,4,0,4.362,3374729
1788983802,4,0,1.711,3374729
1788983802,3,0,0.058,3374729
1788983802,3,0,0.076,3374729
1788983805,4,0,2.916,3374729
1788983805,6,0,0.008,3374729
1788983805,0,0,0.015,3374729
1788983806,4,0,1.163,3374729
1788983808,4,0,1.298,3374729
1788983809,4,0,1.108,3374729
1788983810,2,0,1.522,3374729
1788983810,3,0,0.027,3374729
1788983810,2,0,0.003,3374729
1788983810,3,0,0.066,3374729
1788983810,3,0,0.009,3374729
1788983811,3,0,0.06,3374729
1788983811,7,0,0.187,3374729
1788983812,4,0,1.075,3374729
1788983812,2,0,0.003,3374729
1788983813,4,0,1.601,3374729
1788983813,3,0,0.005,3374729
1788983813,1,0,0.002,3374729
1788983813,0,0,0.007,3374729
1788983813,3,0,0.035,3374729
1788983814,4,0,1.014,3374729
1788983821,7,0,6.765,3374729
1788983821,3,0,0.062,3374729
1788983822,5,0,1.095,3374729
1788983822,0,0,0.008,3374729
1788983822,3,0,0.042,3374729
1788983822,0,0,0.011,3374729
1788983822,6,0,0.007,3374729
1788983824,4,0,1.376,3374729
1788983825,4,0,0.722,3374729
1788983825,3,0,0.01,3374729
1788983825,5,0,0.126,3374729
1788983827,4,0,2.167,3374729
1788983827,3,0,0.068,3374729
1788983828,2,0,0.893,3374729
1788983828,3,0,0.01,3374729
1788983828,0,0,0.006,3374729
1788983829,4,0,1.069,3374729
1788983829,3,0,0.003,3374729
1788983838,7,0,9.122,3374729
1788983838,2,0,0.003,3374729
1788983838,0,0,0.008,3374729
1788983838,3,0,0.069,3374729
1788983838,6,0,0.007,3374729
1788983840,2,0,2.09,3374729
1788983851,5,0,10.72,3374729
1788983851,5,0,0.124,3374729
1788983853,4,0,1.651,3374729
1788983853,2,0,0.003,3374729
1788983853,0,0,0.005,3374729
1788983853,0,0,0.012,3374729
1788983855,2,0,2.196,3374729
1788983857,4,0,1.786,3374729
1788983858,2,0,1.109,3374729
1788983859,5,0,1.22,3374729
1788983861,4,0,1.761,3374729
1788983872,5,0,10.891,3374729
1788983881,5,0,9.616,3374729
1788983891,5,0,9.21,3374729
1788983893,4,0,2.909,3374729
1788983894,2,0,0.992,3374729
1788983894,3,0,0.091,3374729
1788983895,6,0,0.008,3374729
1788983896,4,0,1.2,3374729
1788983896,1,0,0.002,3374729
1788983896,6,0,0.007,3374729
1788983907,7,0,10.867,3374729
1788983907,6,0,0.007,3374729
1788983907,1,0,0.002,3374729
1788983908,4,0,1.098,3374729
1788983908,0,0,0.008,3374729
1788983909,2,0,1.174,3374729
1788983909,6,0,0.008,3374729
1788983909,1,0,0.002,3374729
1788983909,5,0,0.128,3374729
1788983909,0,0,0.015,3374729
1788983909,5,0,0.127,3374729
1788983909,2,0,0.003,3374729
1788983909,6,0,0.009,3374729
1788983913,7,0,3.345,3374729
1788983913,2,0,0.004,3374729
1788983914,4,0,1.161,3374729
1788983916,4,0,2.513,3374729
1788983916,6,0,0.009,3374729
1788983917,2,0,0.808,3374729
1788983917,3,0,0.01,3374729
1788983917,7,0,0.17,3374729
1788983919,4,0,1.576,3374729
1788983919,3,0,0.008,3374729
1788983921,4,0,2.517,3374729
1788983921,6,0,0.007,3374729
1788983921,3,0,0.069,3374729
1788983922,4,0,1.11,3374729
1788983924,4,0,1.705,3374729
1788983924,6,0,0.008,3374729
1788983924,0,0,0.008,3374729
1788983924,3,0,0.014,3374729
1788983928,4,0,4.027,3374729
1788983931,4,0,2.618,3374729
1788983934,2,0,2.889,3374729
1788983934,6,0,0.007,3374729
1788983934,5,0,0.118,3374729
1788983934,2,0,0.003,3374729
1788983934,6,0,0.008,3374729
1788983935,4,0,1.228,3374729
1788983935,3,0,0.006,3374729
1788983935,6,0,0.007,3374729
1788983947,7,0,12.154,3374729
1788983948,4,0,1.012,3374729
1788983948,0,0,0.006,3374729
1788983950,4,0,1.851,3374729
1788983950,3,0,0.091,3374729
1788983952,2,0,1.411,3374729
1788983952,6,0,0.009,3374729
1788983953,4,0,1.18,3374729
1788983953,0,0,0.007,3374729
1788983953,2,0,0.003,3374729
1788983954,4,0,1.184,3374729
1788983954,3,0,0.047,3374729
1788983954,3,0,0.006,3374729
1788983954,3,0,0.064,3374729
1788983954,6,0,0.007,3374729
1788983954,3,0,0.004,3374729
1788983954,1,0,0.002,3374729
1788983956,4,0,2.055,3374729
1788983956,0,0,0.019,3374729
1788983956,7,0,0.179,3374729
1788983956,2,0,0.003,3374729
1788983959,4,0,2.925,3374729
1788983960,4,0,0.955,3374729
1788983960,3,0,0.004,3374729
1788983960,1,0,0.001,3374729
1788983960,3,0,0.071,3374729
1788983960,0,0,0.007,3374729
1788983960,6,0,0.006,3374729
1788983966,5,0,5.681,3374729
1788983967,4,0,1.065,3374729
1788983967,3,0,0.009,3374729
1788983967,1,0,0.002,3374729
1788983967,2,0,0.003,3374729
1788983967,3,0,0.077,3374729
1788983968,4,0,0.997,3374729
1788983968,6,0,0.011,3374729
1788983968,2,0,0.003,3374729
1788983970,5,0,1.99,3374729
1788983971,4,0,0.74,3374729
1788983971,0,0,0.011,3374729
1788983971,3,0,0.045,3374729
1788983972,4,0,1.295,3374729
1788983972,3,0,0.061,3374729
1788983975,2,0,3.061,3374729
1788983976,3,0,0.07,3374729
1788983977,4,0,1.064,3374729
1788983978,2,0,1.439,3374729
1788983978,0,0,0.006,3374729
1788983978,2,0,0.002,3374729
1788983978,0,0,0.018,3374729
1788983979,4,0,1.263,3374729
1788983979,0,0,0.012,3374729
1788983982,4,0,2.494,3374729
1788983982,3,0,0.033,3374729
1788983982,3,0,0.078,3374729
1788983982,1,0,0.002,3374729
1788983983,5,0,0.825,3374729
1788983983,3,0,0.047,3374729
1788983983,0,0,0.009,3374729
1788983983,6,0,0.009,3374729
1788983984,4,0,1.014,3374729
1788983984,3,0,0.06,3374729
1788983984,3,0,0.033,3374729
1788983986,4,0,1.947,3374729
1788983986,3,0,0.08,3374729
1788983987,4,0,0.942,3374729
1788983987,2,0,0.004,3374729
1788983988,2,0,1.383,3374729
1788983988,3,0,0.055,3374729
1788983989,4,0,1.16,3374729
1788983991,4,0,1.105,3374729
1788983993,4,0,2.842,3374729
1788983996,2,0,2.093,3374729
1788983996,3,0,0.04,3374729
1788983996,4,0,0.868,3374729
1788983998,4,0,1.722,3374729
1788983998,6,0,0.01,3374729
1788983998,0,0,0.007,3374729
1788983998,0,0,0.008,3374729
1788984011,5,0,12.355,3374729
1788984011,1,0,0.001,3374729
1788984011,6,0,0.006,3374729
1788984011,3,0,0.012,3374729
1788984011,3,0,0.005,3374729
1788984011,6,0,0.006,3374729
1788984011,6,0,0.007,3374729
1788984011,2,0,0.003,3374729
1788984011,6,0,0.009,3374729
1788984011,3,0,0.078,3374729
1788984011,3,0,0.035,3374729
1788984012,7,0,1.65,3374729
1788984012,0,0,0.009,3374729
1788984012,5,0,0.12,3374729
1788984013,3,0,0.046,3374729
1788984014,4,0,0.97,3374729
1788984015,4,0,1.802,3374729
1788984015,3,0,0.069,3374729
1788984015,5,0,0.123,3374729
1788984016,3,0,0.087,3374729
1788984017,4,0,1.012,3374729
1788984017,3,0,0.002,3374729
1788984017,3,0,0.087,3374729
1788984018,5,0,1.093,3374729
1788984026,5,0,8.393,3374729
1788984026,0,0,0.008,3374729
1788984028,4,0,1.33,3374729
1788984029,2,0,1.199,3374729
1788984029,0,0,0.004,3374729
1788984029,1,0,0.001,3374729
1788984029,3,0,0.003,3374729
1788984029,2,0,0.002,3374729
1788984029,2,0,0.003,3374729
1788984030,4,0,1.265,3374729
1788984030,6,0,0.005,3374729
1788984030,3,0,0.091,3374729
1788984030,1,0,0.002,3374729
1788984032,4,0,1.936,3374729
1788984032,3,0,0.062,3374729
1788984032,3,0,0.102,3374729
1788984032,6,0,0.005,3374729
1788984035,7,0,2.325,3374729
1788984035,3,0,0.059,3374729
1788984035,2,0,0.003,3374729
1788984035,6,0,0.009,3374729
1788984035,6,0,0.01,3374729
1788984037,4,0,1.976,3374729
1788984038,5,0,1.558,3374729
1788984038,1,0,0.002,3374729
1788984038,3,0,0.049,3374729
1788984040,4,0,2.187,3374729
1788984040,2,0,0.003,3374729
1788984040,0,0,0.01,3374729
1788984042,7,0,1.337,3374729
1788984043,2,0,1.451,3374729
1788984045,4,0,1.744,3374729
1788984045,2,0,0.003,3374729
1788984045,6,0,0.007,3374729
1788984045,3,0,0.011,3374729
1788984045,0,0,0.017,3374729
1788984045,6,0,0.008,3374729
1788984045,1,0,0.002,3374729
1788984047,4,0,1.99,3374729
1788984049,4,0,1.743,3374729
1788984050,5,0,1.108,3374729
1788984050,3,0,0.015,3374729
1788984053,2,0,3.678,3374729
1788984054,5,0,0.128,3374729
1788984054,6,0,0.008,3374729
1788984054,3,0,0.087,3374729
1788984054,3,0,0.086,3374729
1788984055,5,0,1.181,3374729
1788984055,7,0,0.173,3374729
1788984055,6,0,0.006,3374729
1788984056,4,0,1.122,3374729
1788984056,6,0,0.007,3374729
1788984056,3,0,0.093,3374729
1788984058,5,0,1.909,3374729
1788984058,3,0,0.005,3374729
1788984058,0,0,0.012,3374729
1788984067,7,0,8.855,3374729
1788984067,0,0,0.018,3374729
1788984067,0,0,0.013,3374729
1788984069,5,0,2.146,3374729
1788984069,3,0,0.064,3374729
1788984071,4,0,1.899,3374729
1788984073,2,0,1.315,3374729
1788984073,3,0,0.139,3374729
1788984073,6,0,0.01,3374729
1788984075,4,0,1.937,3374729
1788984076,2,0,1.545,3374729
1788984076,0,0,0.017,3374729
1788984087,5,0,10.456,3374729
1788984088,4,0,0.956,3374729
1788984088,3,0,0.057,3374729
1788984089,4,0,1.733,3374729
1788984091,4,0,1.022,3374729
1788984091,1,0,0.002,3374729
1788984091,0,0,0.01,3374729
1788984092,4,0,1.683,3374729
1788984092,3,0,0.087,3374729
1788984094,2,0,1.588,3374729
1788984096,4,0,1.866,3374729
1788984096,3,0,0.011,3374729
1788984096,3,0,0.006,3374729
1788984096,2,0,0.002,3374729
1788984096,5,0,0.119,3374729
1788984097,2,0,1.185,3374729
1788984097,5,0,0.13,3374729
1788984099,4,0,1.411,3374729
1788984107,5,0,8.32,3374729
1788984109,2,0,1.59,3374729
1788984110,4,0,1.02,3374729
1788984111,5,0,1.226,3374729
1788984112,2,0,1.225,3374729
1788984112,0,0,0.007,3374729
1788984114,4,0,1.778,3374729
1788984114,2,0,0.002,3374729
1788984114,2,0,0.002,3374729
1788984114,1,0,0.001,3374729
1788984115,2,0,1.241,3374729
1788984115,0,0,0.011,3374729
1788984115,2,0,0.003,3374729
1788984116,5,0,1.402,3374729
1788984116,0,0,0.01,3374729
1788984127,5,0,10.197,3374729
1788984127,1,0,0.002,3374729
1788984127,7,0,0.134,3374729
1788984128,4,0,1.644,3374729
1788984128,6,0,0.006,3374729
1788984130,7,0,1.934,3374729
1788984130,3,0,0.006,3374729
1788984131,2,0,1.071,3374729
1788984131,3,0,0.03,3374729
1788984131,0,0,0.014,3374729
1788984131,0,0,0.008,3374729
1788984132,3,0,0.033,3374729
1788984132,0,0,0.01,3374729
1788984132,1,0,0.001,3374729
1788984132,0,0,0.014,3374729
1788984133,2,0,1.518,3374729
1788984133,3,0,0.007,3374729
1788984133,1,0,0.001,3374729
1788984133,1,0,0.001,3374729
1788984133,5,0,0.123,3374729
1788984133,0,0,0.013,3374729
1788984133,3,0,0.016,3374729
1788984143,5,0,9.646,3374729
1788984143,2,0,0.002,3374729
1788984143,3,0,0.04,3374729
1788984143,3,0,0.015,3374729
1788984143,0,0,0.011,3374729
1788984143,1,0,0.002,3374729
1788984143,3,0,0.087,3374729
1788984143,1,0,0.001,3374729
1788984143,3,0,0.006,3374729
1788984143,0,0,0.018,3374729
1788984145,4,0,1.878,3374729
1788984149,2,0,4.085,3374729
1788984150,2,0,1.102,3374729
1788984153,2,0,3.134,3374729
1788984154,4,0,0.98,3374729
1788984154,2,0,0.001,3374729
1788984156,4,0,2.208,3374729
1788984156,0,0,0.008,3374729
1788984158,4,0,1.168,3374729
1788984160,4,0,2.032,3374729
1788984169,5,0,9.551,3374729
1788984171,4,0,1.403,3374729
1788984171,6,0,0.007,3374729
1788984171,2,0,0.003,3374729
1788984171,6,0,0.009,3374729
1788984172,4,0,1.348,3374729
1788984172,3,0,0.09,3374729
1788984172,1,0,0.001,3374729
1788984172,0,0,0.005,3374729
1788984174,7,0,1.437,3374729
1788984183,5,0,9.471,3374729
1788984183,1,0,0.002,3374729
1788984184,2,0,0.933,3374729
1788984184,0,0,0.007,3374729
1788984184,0,0,0.007,3374729
1788984184,6,0,0.011,3374729
1788984185,4,0,1.482,3374729
1788984185,0,0,0.005,3374729
1788984185,3,0,0.006,3374729
1788984185,2,0,0.002,3374729
1788984187,4,0,1.687,3374729
1788984188,2,0,0.653,3374729
1788984188,4,0,0.724,3374729
1788984189,5,0,0.119,3374729
1788984190,4,0,1.71,3374729
1788984192,4,0,1.887,3374729
1788984194,2,0,1.43,3374729
1788984194,3,0,0.053,3374729
1788984194,1,0,0.001,3374729
1788984197,5,0,3.159,3374729
1788984197,1,0,0.001,3374729
1788984197,2,0,0.003,3374729
1788984201,4,0,4.177,3374729
1788984201,6,0,0.007,3374729
1788984201,6,0,0.008,3374729
1788984201,2,0,0.003,3374729
1788984203,4,0,2.122,3374729
1788984203,0,0,0.011,3374729
1788984203,1,0,0.002,3374729
1788984203,6,0,0.011,3374729
1788984204,4,0,0.973,3374729
1788984204,1,0,0.001,3374729
1788984204,1,0,0.001,3374729
1788984206,4,0,1.526,3374729
1788984206,0,0,0.005,3374729
1788984206,0,0,0.008,3374729
1788984206,6,0,0.009,3374729
1788984208,4,0,2.035,3374729
1788984208,3,0,0.04,3374729
1788984210,4,0,2.515,3374729
1788984210,3,0,0.094,3374729
1788984210,3,0,0.054,3374729
1788984212,4,0,1.289,3374729
1788984217,2,0,4.817,3374729
1788984217,2,0,0.004,3374729
1788984217,7,0,0.175,3374729
1788984217,0,0,0.008,3374729
1788984228,5,0,11.574,3374729
1788984228,3,0,0.052,3374729
1788984228,6,0,0.01,3374729
1788984230,4,0,1.276,3374729
1788984232,2,0,2.8,3374729
1788984232,3,0,0.003,3374729
1788984232,6,0,0.008,3374729
1788984233,7,0,0.173,3374729
1788984234,2,0,1.425,3374729
1788984234,6,0,0.007,3374729
1788984236,2,0,2.068,3374729
1788984236,3,0,0.038,3374729
1788984236,3,0,0.01,3374729
1788984237,2,0,1.13,3374729
1788984237,2,0,0.003,3374729
1788984237,6,0,0.006,3374729
1788984237,0,0,0.01,3374729
1788984237,3,0,0.008,3374729
1788984237,3,0,0.045,3374729
1788984237,3,0,0.015,3374729
1788984237,0,0,0.009,3374729
1788984237,6,0,0.006,3374729
1788984238,3,0,0.116,3374729
1788984238,3,0,0.017,3374729
1788984238,0,0,0.005,3374729
1788984238,6,0,0.007,3374729
1788984239,2,0,1.423,3374729
1788984239,3,0,0.097,3374729
1788984240,4,0,0.572,3374729
1788984240,2,0,0.001,3374729
1788984240,0,0,0.009,3374729
1788984240,6,0,0.006,3374729
1788984240,0,0,0.006,3374729
1788984240,4,0,0.699,3374729
1788984240,3,0,0.035,3374729
1788984240,6,0,0.008,3374729
1788984242,4,0,1.44,3374729
1788984242,2,0,0.003,3374729
1788984242,0,0,0.017,3374729
1788984242,6,0,0.009,3374729
1788984244,4,0,1.992,3374729
1788984244,0,0,0.012,3374729
1788984244,6,0,0.007,3374729
1788984254,5,0,9.846,3374729
1788984254,0,0,0.011,3374729
1788984254,6,0,0.009,3374729
1788984254,3,0,0.018,3374729
1788984254,3,0,0.052,3374729
1788984265,5,0,10.747,3374729
1788984266,5,0,1.367,3374729
1788984267,4,0,1.507,3374729
1788984270,2,0,2.188,3374729
1788984270,3,0,0.007,3374729
1788984270,0,0,0.009,3374729
1788984270,0,0,0.049,3374729
1788984270,0,0,0.018,3374729
1788984271,5,0,1.249,3374729
1788984271,3,0,0.045,3374729
1788984272,4,0,1.433,3374729
1788984272,0,0,0.008,3374729
1788984274,4,0,1.075,3374729
1788984274,1,0,0.002,3374729
1788984274,0,0,0.005,3374729
1788984274,1,0,0.001,3374729
1788984274,3,0,0.02,3374729
1788984274,6,0,0.004,3374729
1788984276,2,0,2.802,3374729
1788984276,2,0,0.002,3374729
1788984276,3,0,0.063,3374729
1788984277,3,0,0.048,3374729
1788984278,4,0,1.275,3374729
1788984278,0,0,0.018,3374729
1788984278,6,0,0.008,3374729
1788984278,6,0,0.011,3374729
1788984279,4,0,0.954,3374729
1788984279,6,0,0.009,3374729
1788984279,0,0,0.007,3374729
1788984279,6,0,0.011,3374729
1788984281,4,0,1.868,3374729
1788984282,4,0,1.611,3374729
1788984282,0,0,0.008,3374729
1788984282,0,0,0.01,3374729
1788984282,0,0,0.008,3374729
1788984282,3,0,0.084,3374729
1788984282,6,0,0.009,3374729
1788984282,3,0,0.079,3374729
1788984283,4,0,0.942,3374729
1788984285,4,0,1.382,3374729
1788984285,3,0,0.072,3374729
1788984285,0,0,0.009,3374729
1788984285,0,0,0.005,3374729
1788984285,5,0,0.132,3374729
1788984285,3,0,0.009,3374729
1788984285,0,0,0.018,3374729
1788984286,4,0,1.01,3374729
1788984286,0,0,0.01,3374729
1788984287,4,0,0.98,3374729
1788984290,2,0,2.473,3374729
1788984290,4,0,0.973,3374729
1788984291,6,0,0.006,3374729
1788984293,4,0,2.315,3374729
1788984293,0,0,0.012,3374729
1788984293,3,0,0.01,3374729
1788984293,0,0,0.007,3374729
1788984302,5,0,9.47,3374729
1788984302,6,0,0.008,3374729
1788984304,4,0,1.872,3374729
1788984304,0,0,0.01,3374729
1788984304,6,0,0.006,3374729
1788984307,4,0,2.315,3374729
1788984316,5,0,9.499,3374729
1788984316,6,0,0.005,3374729
1788984317,5,0,1.126,3374729
1788984320,4,0,2.595,3374729
1788984320,3,0,0.104,3374729
1788984320,1,0,0.001,3374729
1788984320,0,0,0.008,3374729
1788984320,3,0,0.083,3374729
1788984321,4,0,0.842,3374729
1788984331,5,0,9.77,3374729
1788984331,0,0,0.008,3374729
1788984332,4,0,1.15,3374729
1788984344,5,0,12.541,3374729
1788984344,3,0,0.061,3374729
1788984344,6,0,0.007,3374729
1788984352,5,0,7.905,3374729
1788984353,5,0,0.774,3374729
1788984353,3,0,0.006,3374729
1788984363,7,0,9.879,3374729
1788984363,1,0,0.002,3374729
1788984363,3,0,0.073,3374729
1788984363,3,0,0.055,3374729
1788984363,6,0,0.006,3374729
1788984363,0,0,0.009,3374729
1788984364,4,0,0.95,3374729
1788984364,3,0,0.002,3374729
1788984366,2,0,1.749,3374729
1788984368,4,0,2.584,3374729
1788984368,3,0,0.005,3374729
1788984371,4,0,2.573,3374729
1788984371,6,0,0.006,3374729
1788984371,1,0,0.001,3374729
1788984373,4,0,1.749,3374729
1788984373,1,0,0.001,3374729
1788984373,1,0,0.001,3374729
1788984374,4,0,0.929,3374729
1788984376,4,0,2.637,3374729
1788984376,6,0,0.005,3374729
1788984376,1,0,0.001,3374729
1788984377,2,0,1.215,3374729
1788984379,5,0,1.635,3374729
1788984379,3,0,0.09,3374729
1788984379,3,0,0.078,3374729
1788984379,6,0,0.007,3374729
1788984380,4,0,0.804,3374729
1788984380,0,0,0.013,3374729
1788984381,4,0,0.805,3374729
1788984382,4,0,1.13,3374729
1788984384,4,0,1.746,3374729
1788984386,4,0,1.887,3374729
1788984386,6,0,0.008,3374729
1788984386,0,0,0.012,3374729
1788984386,3,0,0.072,3374729
1788984386,3,0,0.065,3374729
1788984387,4,0,1.068,3374729
1788984387,6,0,0.013,3374729
1788984387,3,0,0.009,3374729
1788984387,2,0,0.003,3374729
1788984387,3,0,0.008,3374729
1788984387,3,0,0.067,3374729
1788984387,0,0,0.015,3374729
1788984389,4,0,1.71,3374729
1788984389,3,0,0.052,3374729
1788984390,2,0,1.41,3374729
1788984390,6,0,0.01,3374729
1788984392,4,0,2.289,3374729
1788984394,4,0,1.499,3374729
1788984395,4,0,1.008,3374729
1788984395,3,0,0.056,3374729
1788984395,6,0,0.011,3374729
1788984395,3,0,0.083,3374729
1788984396,4,0,1.022,3374729
1788984406,7,0,9.77,3374729
1788984407,4,0,1.057,3374729
1788984407,0,0,0.011,3374729
1788984408,4,0,0.857,3374729
1788984410,2,0,1.88,3374729
1788984411,4,0,1.598,3374729
1788984412,2,0,1.02,3374729
1788984412,6,0,0.006,3374729
1788984412,3,0,0.041,3374729
1788984414,7,0,1.538,3374729
1788984414,6,0,0.006,3374729
1788984416,4,0,1.659,3374729
1788984418,2,0,2.45,3374729
1788984418,6,0,0.005,3374729
1788984418,0,0,0.008,3374729
1788984425,5,0,6.654,3374729
1788984425,1,0,0.003,3374729
1788984426,5,0,1.538,3374729
1788984426,3,0,0.105,3374729
1788984426,3,0,0.017,3374729
1788984430,4,0,4.04,3374729
1788984430,6,0,0.004,3374729
1788984430,0,0,0.008,3374729
1788984430,2,0,0.003,3374729
1788984441,5,0,10.907,3374729
1788984442,2,0,1.077,3374729
1788984442,0,0,0.005,3374729
1788984444,4,0,1.339,3374729
1788984445,4,0,0.838,3374729
1788984446,5,0,1.04,3374729
1788984447,4,0,1.087,3374729
1788984447,1,0,0.002,3374729
1788984448,4,0,1.099,3374729
1788984448,3,0,0.051,3374729
1788984448,5,0,0.136,3374729
1788984448,0,0,0.011,3374729
1788984448,0,0,0.018,3374729
1788984449,4,0,0.733,3374729
1788984449,3,0,0.003,3374729
1788984449,3,0,0.049,3374729
1788984449,3,0,0.006,3374729
1788984449,6,0,0.008,3374729
1788984450,4,0,1.081,3374729
1788984451,4,0,1.018,3374729
1788984452,4,0,0.897,3374729
1788984453,4,0,0.965,3374729
1788984454,4,0,0.862,3374729
1788984455,4,0,1.127,3374729
1788984455,2,0,0.004,3374729
1788984455,3,0,0.062,3374729
1788984455,3,0,0.141,3374729
1788984455,0,0,0.008,3374729
1788984455,0,0,0.01,3374729
1788984455,0,0,0.007,3374729
1788984455,3,0,0.008,3374729
1788984455,2,0,0.001,3374729
1788984467,5,0,11.777,3374729
1788984467,2,0,0.001,3374729
1788984469,2,0,2.456,3374729
1788984469,5,0,0.119,3374729
1788984471,4,0,1.619,3374729
1788984473,2,0,2.46,3374729
1788984475,4,0,1.675,3374729
1788984476,4,0,0.786,3374729
1788984477,4,0,0.841,3374729
1788984478,4,0,1.083,3374729
1788984478,3,0,0.054,3374729
1788984478,3,0,0.01,3374729
1788984479,4,0,1.474,3374729
1788984480,2,0,1.008,3374729
1788984483,4,0,2.231,3374729
1788984483,3,0,0.074,3374729
1788984484,4,0,1.026,3374729
1788984484,1,0,0.001,3374729
1788984484,2,0,0.002,3374729
1788984486,2,0,1.817,3374729
1788984486,6,0,0.006,3374729
1788984486,2,0,0.003,3374729
1788984486,6,0,0.007,3374729
1788984496,5,0,10.748,3374729
1788984496,2,0,0.003,3374729
1788984498,4,0,1.304,3374729
1788984500,5,0,2.167,3374729
1788984501,2,0,1.608,3374729
1788984501,2,0,0.001,3374729
1788984501,3,0,0.045,3374729
1788984501,3,0,0.061,3374729
1788984503,4,0,1.303,3374729
1788984504,4,0,1.63,3374729
1788984504,0,0,0.014,3374729
1788984506,7,0,1.277,3374729
1788984506,0,0,0.006,3374729
1788984509,2,0,3.08,3374729
1788984509,3,0,0.002,3374729
1788984510,5,0,1.36,3374729
1788984510,2,0,0.002,3374729
1788984510,0,0,0.004,3374729
1788984510,0,0,0.017,3374729
1788984510,2,0,0.003,3374729
1788984510,3,0,0.013,3374729
1788984510,0,0,0.008,3374729
1788984510,6,0,0.006,3374729
1788984510,1,0,0.003,3374729
1788984511,4,0,0.686,3374729
1788984514,4,0,3.367,3374729
1788984516,4,0,1.637,3374729
1788984519,4,0,2.93,3374729
1788984519,3,0,0.007,3374729
1788984519,3,0,0.044,3374729
1788984519,0,0,0.011,3374729
1788984519,3,0,0.003,3374729
1788984521,4,0,1.64,3374729
1788984521,0,0,0.011,3374729
1788984531,5,0,10.203,3374729
1788984531,3,0,0.053,3374729
1788984532,4,0,1.337,3374729
1788984532,0,0,0.009,3374729
1788984532,0,0,0.008,3374729
1788984532,3,0,0.092,3374729
1788984532,0,0,0.013,3374729
1788984534,4,0,1.234,3374729
1788984534,1,0,0.001,3374729
1788984535,4,0,1.599,3374729
1788984535,1,0,0.001,3374729
1788984535,3,0,0.055,3374729
1788984547,5,0,12.285,3374729
1788984548,7,0,0.179,3374729
1788984548,3,0,0.01,3374729
1788984548,1,0,0.001,3374729
1788984548,3,0,0.041,3374729
1788984548,0,0,0.012,3374729
1788984548,2,0,0.002,3374729
1788984548,3,0,0.007,3374729
1788984548,1,0,0.001,3374729
1788984552,4,0,4.014,3374729
1788984552,0,0,0.016,3374729
1788984553,4,0,1.288,3374729
1788984553,2,0,0.004,3374729
1788984553,3,0,0.08,3374729
1788984553,3,0,0.043,3374729
1788984553,3,0,0.072,3374729
1788984553,3,0,0.006,3374729
1788984554,2,0,0.968,3374729
1788984556,2,0,1.716,3374729
1788984556,2,0,0.002,3374729
1788984557,2,0,1.168,3374729
1788984559,2,0,1.435,3374729
1788984559,2,0,0.766,3374729
1788984559,6,0,0.006,3374729
1788984560,4,0,1.142,3374729
1788984560,6,0,0.007,3374729
1788984560,3,0,0.009,3374729
1788984560,3,0,0.001,3374729
1788984560,6,0,0.01,3374729
1788984560,2,0,0.001,3374729
1788984561,3,0,0.122,3374729
1788984561,2,0,0.003,3374729
1788984561,0,0,0.017,3374729
1788984561,3,0,0.011,3374729
1788984565,5,0,3.969,3374729
1788984573,5,0,8.815,3374729
1788984573,0,0,0.008,3374729
1788984573,0,0,0.014,3374729
1788984573,3,0,0.008,3374729
1788984573,2,0,0.002,3374729
1788984573,2,0,0.002,3374729
1788984573,0,0,0.014,3374729
1788984573,0,0,0.011,3374729
1788984574,5,0,0.133,3374729
1788984574,0,0,0.008,3374729
1788984574,6,0,0.006,3374729
1788984574,0,0,0.011,3374729
1788984574,0,0,0.01,3374729
1788984574,3,0,0.068,3374729
1788984574,3,0,0.009,3374729
1788984575,4,0,0.909,3374729
1788984575,3,0,0.003,3374729
1788984576,2,0,1.044,3374729
1788984577,4,0,1.047,3374729
1788984578,4,0,1.069,3374729
1788984578,0,0,0.006,3374729
1788984578,1,0,0.002,3374729
1788984578,3,0,0.065,3374729
1788984578,0,0,0.009,3374729
1788984578,0,0,0.007,3374729
1788984578,0,0,0.007,3374729
1788984578,6,0,0.005,3374729
1788984578,2,0,0.003,3374729
1788984579,4,0,0.683,3374729
1788984579,3,0,0.01,3374729
1788984591,7,0,12.336,3374729
1788984591,6,0,0.008,3374729
1788984591,6,0,0.008,3374729
1788984593,7,0,1.642,3374729
1788984593,0,0,0.009,3374729
1788984593,3,0,0.045,3374729
1788984594,5,0,0.969,3374729
1788984596,4,0,2.336,3374729
1788984596,0,0,0.008,3374729
1788984600,4,0,3.616,3374729
1788984600,1,0,0.001,3374729
1788984600,6,0,0.011,3374729
1788984600,3,0,0.006,3374729
1788984600,6,0,0.006,3374729
1788984600,6,0,0.008,3374729
1788984603,4,0,3.416,3374729
1788984603,1,0,0.001,3374729
1788984604,4,0,1.401,3374729
1788984604,2,0,0.002,3374729
1788984604,3,0,0.057,3374729
1788984604,3,0,0.039,3374729
1788984606,4,0,1.291,3374729
1788984606,0,0,0.007,3374729
1788984606,6,0,0.007,3374729
1788984606,4,0,0.043,3374729
1788984608,4,0,2.105,3374729
1788984608,0,0,0.013,3374729
1788984609,4,0,0.989,3374729
1788984613,4,0,3.93,3374729
1788984614,4,0,1.399,3374729
1788984614,0,0,0.006,3374729
1788984614,3,0,0.072,3374729
1788984615,4,0,1.11,3374729
1788984615,0,0,0.011,3374729
1788984618,2,0,2.143,3374729
1788984619,2,0,1.373,3374729
1788984619,1,0,0.002,3374729
1788984619,2,0,0.002,3374729
1788984619,6,0,0.006,3374729
1788984619,2,0,0.003,3374729
1788984619,3,0,0.046,3374729
1788984619,0,0,0.008,3374729
1788984621,2,0,1.491,3374729
1788984621,0,0,0.006,3374729
1788984630,5,0,9.733,3374729
1788984630,2,0,0.002,3374729
1788984631,4,0,1.144,3374729
1788984632,2,0,0.815,3374729
1788984634,2,0,1.674,3374729
1788984635,4,0,0.896,3374729
1788984635,6,0,0.007,3374729
1788984635,0,0,0.004,3374729
1788984635,0,0,0.008,3374729
1788984636,4,0,1.066,3374729
1788984637,4,0,1.13,3374729
1788984637,0,0,0.009,3374729
1788984637,6,0,0.005,3374729
1788984639,4,0,1.494,3374729
1788984640,2,0,1.93,3374729
1788984651,5,0,10.168,3374729
1788984651,3,0,0.081,3374729
1788984653,2,0,2.392,3374729
1788984653,3,0,0.046,3374729
1788984653,0,0,0.005,3374729
1788984653,5,0,0.125,3374729
1788984655,5,0,1.317,3374729
1788984655,3,0,0.008,3374729
1788984656,4,0,1.294,3374729
1788984660,4,0,4.283,3374729
1788984661,2,0,0.852,3374729
1788984661,0,0,0.007,3374729
1788984661,3,0,0.069,3374729
1788984661,6,0,0.005,3374729
1788984661,6,0,0.006,3374729
1788984661,6,0,0.007,3374729
1788984661,3,0,0.009,3374729
1788984661,3,0,0.017,3374729
1788984663,5,0,2.112,3374729
1788984663,3,0,0.086,3374729
1788984663,2,0,0.004,3374729
1788984665,2,0,1.133,3374729
1788984665,5,0,0.553,3374729
1788984665,0,0,0.008,3374729
1788984665,6,0,0.008,3374729
1788984665,3,0,0.054,3374729
1788984667,4,0,2.054,3374729
1788984667,0,0,0.009,3374729
1788984668,4,0,0.816,3374729
1788984668,3,0,0.044,3374729
1788984668,3,0,0.049,3374729
1788984668,3,0,0.043,3374729
1788984668,0,0,0.006,3374729
1788984670,4,0,1.528,3374729
1788984670,2,0,0.002,3374729
1788984670,0,0,0.01,3374729
1788984670,6,0,0.006,3374729
1788984670,6,0,0.008,3374729
1788984670,1,0,0.001,3374729
1788984670,3,0,0.009,3374729
1788984671,4,0,0.957,3374729
1788984671,6,0,0.007,3374729
1788984672,4,0,1.233,3374729
1788984672,2,0,0.003,3374729
1788984672,2,0,0.005,3374729
1788984673,4,0,1.42,3374729
1788984673,6,0,0.007,3374729
1788984673,1,0,0,3374729
1788984673,0,0,0.004,3374729
1788984673,3,0,0.096,3374729
1788984673,0,0,0.012,3374729
1788984674,4,0,0.967,3374729
1788984684,5,0,9.256,3374729
1788984684,3,0,0.098,3374729
1788984685,7,0,1.637,3374729
1788984685,3,0,0.054,3374729
1788984685,6,0,0.006,3374729
1788984687,4,0,1.724,3374729
1788984687,2,0,0.002,3374729
1788984690,2,0,2.379,3374729
1788984690,2,0,0.004,3374729
1788984690,0,0,0.01,3374729
1788984691,4,0,1.379,3374729
1788984691,2,0,0.004,3374729
1788984693,5,0,1.583,3374729
1788984693,6,0,0.006,3374729
1788984693,5,0,0.869,3374729
1788984694,4,0,0.89,3374729
1788984695,2,0,0.624,3374729
1788984695,3,0,0.007,3374729
1788984695,3,0,0.056,3374729
1788984699,4,0,3.985,3374729
1788984708,5,0,8.594,3374729
1788984708,4,0,0.828,3374729
1788984708,3,0,0.056,3374729
1788984710,2,0,1.669,3374729
1788984713,4,0,3.049,3374729
1788984714,5,0,1.27,3374729
1788984717,4,0,2.672,3374729
1788984717,3,0,0.008,3374729
1788984717,3,0,0.004,3374729
1788984719,2,0,1.362,3374729
1788984720,4,0,1.736,3374729
1788984720,0,0,0.013,3374729
1788984720,3,0,0.092,3374729
1788984722,4,0,1.518,3374729
1788984723,4,0,1.456,3374729
1788984723,3,0,0.04,3374729
1788984723,0,0,0.007,3374729
1788984724,5,0,0.131,3374729
1788984726,2,0,2.591,3374729
1788984726,0,0,0.01,3374729
1788984726,3,0,0.045,3374729
1788984727,2,0,0.856,3374729
1788984727,6,0,0.008,3374729
1788984727,3,0,0.069,3374729
1788984728,4,0,1.259,3374729
1788984728,0,0,0.008,3374729
1788984728,0,0,0.014,3374729
1788984728,2,0,0.002,3374729
1788984728,3,0,0.005,3374729
1788984728,3,0,0.07,3374729
1788984728,1,0,0.002,3374729
1788984730,4,0,1.723,3374729
1788984731,4,0,1.326,3374729
1788984732,0,0,0.014,3374729
1788984732,6,0,0.007,3374729
1788984732,0,0,0.009,3374729
1788984734,5,0,2.84,3374729
1788984734,0,0,0.009,3374729
1788984734,3,0,0.076,3374729
1788984734,3,0,0.004,3374729
1788984735,5,0,0.131,3374729
1788984736,2,0,1.624,3374729
1788984740,5,0,3.603,3374729
1788984740,0,0,0.007,3374729
1788984742,4,0,2.385,3374729
1788984751,5,0,8.826,3374729
1788984751,3,0,0.045,3374729
1788984751,0,0,0.009,3374729
1788984752,4,0,1.014,3374729
1788984754,4,0,1.955,3374729
1788984755,4,0,1.399,3374729
1788984755,6,0,0.007,3374729
1788984757,5,0,1.924,3374729
1788984757,2,0,0.003,3374729
1788984757,6,0,0.006,3374729
1788984758,2,0,0.585,3374729
1788984758,6,0,0.006,3374729
1788984760,4,0,1.608,3374729
1788984769,7,0,9.59,3374729
1788984769,3,0,0.065,3374729
1788984769,3,0,0.068,3374729
1788984770,5,0,0.947,3374729
1788984770,5,0,0.133,3374729
1788984770,6,0,0.007,3374729
1788984770,0,0,0.006,3374729
1788984770,6,0,0.009,3374729
1788984770,6,0,0.006,3374729
1788984770,3,0,0.01,3374729
1788984771,5,0,0.126,3374729
1788984771,3,0,0.002,3374729
1788984778,5,0,7.102,3374729
1788984782,4,0,3.84,3374729
1788984782,6,0,0.009,3374729
1788984786,4,0,4.232,3374729
1788984786,0,0,0.015,3374729
1788984790,2,0,4.677,3374729
1788984790,0,0,0.008,3374729
1788984790,2,0,0.001,3374729
1788984790,0,0,0.014,3374729
1788984790,6,0,0.008,3374729
1788984792,4,0,1.236,3374729
1788984792,1,0,0.003,3374729
1788984792,6,0,0.006,3374729
1788984793,2,0,1.412,3374729
1788984793,0,0,0.012,3374729
1788984793,0,0,0.014,3374729
1788984793,2,0,0.002,3374729
1788984793,6,0,0.006,3374729
1788984793,0,0,0.011,3374729
1788984793,0,0,0.014,3374729
1788984795,4,0,2.176,3374729
1788984795,1,0,0.002,3374729
1788984795,6,0,0.009,3374729
1788984799,4,0,3.262,3374729
1788984799,2,0,0.002,3374729
1788984799,5,0,0.782,3374729
1788984799,3,0,0.011,3374729
1788984799,3,0,0.007,3374729
1788984800,5,0,0.131,3374729
1788984800,3,0,0.078,3374729
1788984801,4,0,0.883,3374729
1788984802,4,0,1.721,3374729
1788984802,0,0,0.013,3374729
1788984802,2,0,0.003,3374729
1788984803,4,0,1.183,3374729
1788984803,1,0,0.002,3374729
1788984803,6,0,0.007,3374729
1788984804,5,0,0.121,3374729
1788984805,4,0,1.058,3374729
1788984807,4,0,2.062,3374729
1788984807,2,0,0.702,3374729
1788984807,6,0,0.009,3374729
1788984807,3,0,0.009,3374729
1788984817,7,0,9.785,3374729
1788984817,0,0,0.007,3374729
1788984817,0,0,0.009,3374729
1788984817,5,0,0.134,3374729
1788984817,1,0,0.002,3374729
1788984817,0,0,0.017,3374729
1788984817,3,0,0.014,3374729
1788984817,3,0,0.016,3374729
1788984819,4,0,1.569,3374729
1788984820,5,0,1.067,3374729
1788984821,4,0,0.976,3374729
1788984822,2,0,1.259,3374729
1788984822,3,0,0.065,3374729
1788984823,5,0,0.964,3374729
1788984834,5,0,10.499,3374729
1788984834,0,0,0.009,3374729
1788984834,3,0,0.01,3374729
1788984843,5,0,9.299,3374729
1788984844,4,0,1.334,3374729
1788984844,3,0,0.009,3374729
1788984845,5,0,0.131,3374729
1788984845,3,0,0.012,3374729
1788984845,2,0,0.002,3374729
1788984847,4,0,2.409,3374729
1788984849,4,0,1.552,3374729
1788984849,5,0,0.125,3374729
1788984851,4,0,1.813,3374729
1788984851,0,0,0.006,3374729
1788984851,0,0,0.01,3374729
1788984851,6,0,0.008,3374729
1788984851,5,0,0.123,3374729
1788984852,4,0,1.473,3374729
1788984852,1,0,0.002,3374729
1788984852,0,0,0.011,3374729
1788984854,4,0,2.193,3374729
1788984854,6,0,0.004,3374729
1788984865,5,0,10.32,3374729
1788984868,2,0,3.552,3374729
1788984871,7,0,2.577,3374729
1788984873,4,0,2.25,3374729
1788984873,6,0,0.006,3374729
1788984875,4,0,2.052,3374729
1788984886,5,0,10.594,3374729
1788984886,3,0,0.008,3374729
1788984886,2,0,0.005,3374729
1788984886,2,0,0.003,3374729
1788984888,4,0,2.008,3374729
1788984888,6,0,0.009,3374729
1788984888,0,0,0.009,3374729
1788984888,2,0,0.004,3374729
1788984888,0,0,0.013,3374729
1788984888,7,0,0.176,3374729
1788984888,2,0,0.001,3374729
1788984889,4,0,1.105,3374729
1788984890,4,0,1.105,3374729
1788984893,5,0,2.998,3374729
1788984893,6,0,0.011,3374729
1788984896,4,0,2.38,3374729
1788984896,5,0,0.102,3374729
1788984898,4,0,2.634,3374729
1788984898,0,0,0.006,3374729
1788984901,5,0,2.612,3374729
1788984902,2,0,0.983,3374729
1788984902,6,0,0.007,3374729
1788984902,3,0,0.08,3374729
1788984903,2,0,1.012,3374729
1788984913,5,0,10.074,3374729
1788984913,2,0,0.003,3374729
1788984913,3,0,0.005,3374729
1788984913,3,0,0.069,3374729
1788984913,6,0,0.01,3374729
1788984913,2,0,0.002,3374729
1788984913,3,0,0.1,3374729
1788984913,5,0,0.102,3374729
1788984913,6,0,0.009,3374729
1788984915,2,0,1.574,3374729
1788984920,4,0,4.766,3374729
1788984920,2,0,0.003,3374729
1788984920,3,0,0.035,3374729
1788984920,3,0,0.008,3374729
1788984929,7,0,9.688,3374729
1788984929,6,0,0.005,3374729
1788984929,1,0,0.002,3374729
1788984931,2,0,1.149,3374729
1788984931,0,0,0.008,3374729
1788984931,6,0,0.009,3374729
1788984933,4,0,2.504,3374729
1788984934,4,0,1.088,3374729
1788984936,4,0,1.494,3374729
1788984936,2,0,0.004,3374729
1788984938,4,0,2.677,3374729
1788984940,2,0,1.208,3374729
1788984940,1,0,0.001,3374729
1788984940,0,0,0.007,3374729
1788984940,0,0,0.009,3374729
1788984941,4,0,1.669,3374729
1788984941,3,0,0.128,3374729
1788984943,4,0,1.259,3374729
1788984943,3,0,0.007,3374729
1788984944,4,0,0.946,3374729
1788984944,0,0,0.009,3374729
1788984944,2,0,0.003,3374729
1788984944,3,0,0.011,3374729
1788984946,5,0,2.827,3374729
1788984946,2,0,0.002,3374729
1788984946,0,0,0.015,3374729
1788984946,0,0,0.01,3374729
1788984946,0,0,0.007,3374729
1788984947,3,0,0.038,3374729
1788984947,6,1,0.006,3374729
1788984947,3,0,0.029,3374729
1788984950,4,0,3.401,3374729
1788984950,6,0,0.01,3374729
1788984950,3,0,0.083,3374729
1788984950,3,0,0.003,3374729
1788984950,6,0,0.01,3374729
1788984950,3,0,0.008,3374729
1788984950,3,0,0.061,3374729
1788984953,2,0,2.836,3374729
1788984953,6,0,0.008,3374729
1788984953,6,0,0.006,3374729
1788984954,4,0,0.781,3374729
1788984955,4,0,1.377,3374729
1788984956,4,0,0.99,3374729
1788984958,2,0,1.671,3374729
1788984958,0,0,0.008,3374729
1788984958,6,0,0.006,3374729
1788984958,0,0,0.011,3374729
1788984959,5,0,1.199,3374729
1788984959,2,0,0.001,3374729
1788984959,6,0,0.012,3374729
1788984959,3,0,0.045,3374729
1788984959,1,0,0.001,3374729
1788984959,0,0,0.018,3374729
1788984959,3,0,0.066,3374729
1788984963,4,0,3.862,3374729
1788984963,3,0,0.004,3374729
1788984965,4,0,2.321,3374729
1788984965,2,0,0.003,3374729
1788984965,0,0,0.047,3374729
1788984965,3,0,0.011,3374729
1788984967,4,0,1.22,3374729
1788984968,4,0,1.184,3374729
1788984970,4,0,1.853,3374729
1788984970,6,0,0.006,3374729
1788984970,5,0,0.124,3374729
1788984970,3,0,0.039,3374729
1788984970,0,0,0.015,3374729
1788984971,4,0,1.123,3374729
1788984971,6,0,0.009,3374729
1788984971,0,0,0.011,3374729
1788984982,5,0,10.567,3374729
1788984982,0,0,0.007,3374729
1788984984,2,0,2.896,3374729
1788984984,6,0,0.007,3374729
1788984984,0,0,0.013,3374729
1788984985,4,0,0.747,3374729
1788984987,2,0,1.372,3374729
1788984987,3,0,0.042,3374729
1788984988,2,0,1.218,3374729
1788984988,6,0,0.006,3374729
1788984988,6,0,0.008,3374729
1788984988,1,0,0.002,3374729
1788984988,0,0,0.013,3374729
1788984988,3,0,0.088,3374729
1788984988,6,0,0.005,3374729
1788984988,0,0,0.005,3374729
1788984988,6,0,0.006,3374729
1788984989,4,0,0.816,3374729
1788984989,3,0,0.076,3374729
1788984992,4,0,2.826,3374729
1788984992,3,0,0.009,3374729
1788984992,3,0,0.073,3374729
1788984993,2,0,1.129,3374729
1788984994,4,0,1.389,3374729
1788984995,4,0,0.654,3374729
1788984995,5,0,0.125,3374729
1788984995,6,0,0.005,3374729
1788984995,5,0,0.13,3374729
1788984995,3,0,0.021,3374729
1788984997,4,0,1.778,3374729
1788984997,3,0,0.063,3374729
1788984997,3,0,0.061,3374729
1788984997,0,0,0.008,3374729
1788984997,2,0,0.002,3374729
1788984997,6,0,0.009,3374729
1788984997,5,0,0.124,3374729
1788984997,0,0,0.013,3374729
1788984997,0,0,0.008,3374729
1788984997,0,0,0.006,3374729
1788984997,0,0,0.017,3374729
1788984997,3,0,0.047,3374729
1788985000,5,0,2.997,3374729
1788985000,0,0,0.018,3374729
1788985002,4,0,1.905,3374729
1788985002,1,0,0.001,3374729
1788985002,2,0,0.004,3374729
1788985002,3,0,0.077,3374729
1788985002,3,0,0.051,3374729
1788985002,3,0,0.035,3374729
1788985004,4,0,1.175,3374729
1788985004,7,0,0.18,3374729
1788985005,2,0,0.997,3374729
1788985007,4,0,1.925,3374729
1788985008,4,0,1.35,3374729
1788985009,2,0,1.329,3374729
1788985011,5,0,1.074,3374729
1788985011,3,0,0.074,3374729
1788985011,5,0,0.111,3374729
1788985013,4,0,1.891,3374729
1788985013,3,0,0.038,3374729
1788985022,5,0,9.666,3374729
1788985022,3,0,0.014,3374729
1788985022,0,0,0.009,3374729
1788985022,2,0,0.003,3374729
1788985023,4,0,1.047,3374729
1788985025,4,0,1.399,3374729
1788985026,4,0,1.472,3374729
1788985026,6,0,0.007,3374729
1788985026,6,0,0.009,3374729
1788985026,0,0,0.009,3374729
1788985028,5,0,1.728,3374729
1788985028,3,0,0.014,3374729
1788985029,4,0,1.213,3374729
1788985029,3,0,0.06,3374729
1788985029,6,0,0.006,3374729
1788985029,3,0,0.094,3374729
1788985030,5,0,0.121,3374729
1788985031,2,0,1.425,3374729
1788985031,3,0,0.004,3374729
1788985031,0,0,0.012,3374729
1788985031,6,0,0.006,3374729
1788985031,3,0,0.084,3374729
1788985031,6,0,0.01,3374729
1788985031,0,0,0.006,3374729
1788985031,6,0,0.008,3374729
1788985031,1,0,0.001,3374729
1788985031,5,0,0.132,3374729
1788985031,0,0,0.01,3374729
1788985031,2,0,0.004,3374729
1788985032,4,0,1.07,3374729
1788985032,6,0,0.006,3374729
1788985033,4,0,0.941,3374729
1788985037,2,0,3.374,3374729
1788985039,4,0,2.695,3374729
1788985041,4,0,1.885,3374729
1788985042,4,0,1.199,3374729
1788985044,4,0,1.179,3374729
1788985044,1,0,0.002,3374729
1788985044,3,0,0.035,3374729
1788985045,2,0,1.094,3374729
1788985045,1,0,0,3374729
1788985045,6,0,0.007,3374729
1788985045,1,0,0.001,3374729
1788985047,4,0,2.072,3374729
1788985047,6,0,0.008,3374729
1788985047,0,0,0.006,3374729
1788985048,4,0,1.574,3374729
1788985050,4,0,1.874,3374729
1788985050,1,0,0.001,3374729
1788985051,4,0,1.153,3374729
1788985052,2,0,1.02,3374729
1788985052,0,0,0.013,3374729
1788985055,4,0,2.165,3374729
1788985055,3,0,0.007,3374729
1788985056,2,0,1.191,3374729
1788985056,2,0,0.002,3374729
1788985057,4,0,1.441,3374729
1788985057,0,0,0.009,3374729
1788985058,5,0,1.09,3374729
1788985060,4,0,1.456,3374729
1788985061,4,0,1.169,3374729
1788985062,4,0,1.031,3374729
1788985062,3,0,0.044,3374729
1788985062,2,0,0.002,3374729
1788985062,0,0,0.015,3374729
1788985062,3,0,0.127,3374729
1788985064,4,0,1.351,3374729
1788985064,0,0,0.009,3374729
1788985064,6,0,0.008,3374729
1788985064,1,0,0.001,3374729
1788985064,3,0,0.066,3374729
1788985065,5,0,1.232,3374729
1788985065,3,0,0.058,3374729
1788985066,5,0,1.442,3374729
1788985067,4,0,1.142,3374729
1788985070,4,0,2.638,3374729
1788985070,3,0,0.01,3374729
1788985070,0,0,0.006,3374729
1788985070,0,0,0.015,3374729
1788985081,5,0,10.479,3374729
1788985084,4,0,3.415,3374729
1788985084,0,0,0.004,3374729
1788985084,5,0,0.121,3374729
1788985084,0,0,0.004,3374729
1788985086,4,0,1.357,3374729
1788985086,0,0,0.006,3374729
1788985086,0,0,0.006,3374729
1788985097,5,0,11.234,3374729
1788985099,2,0,2.607,3374729
1788985099,6,0,0.008,3374729
1788985102,4,0,2.18,3374729
1788985102,0,0,0.042,3374729
1788985102,3,0,0.095,3374729
1788985102,6,0,0.005,3374729
1788985102,3,0,0.081,3374729
1788985102,1,0,0.002,3374729
1788985104,4,0,2.008,3374729
1788985104,3,0,0.064,3374729
1788985104,3,0,0.08,3374729
1788985106,5,0,2.313,3374729
1788985106,3,0,0.059,3374729
1788985108,2,0,2.001,3374729
1788985108,3,0,0.076,3374729
1788985110,2,0,1.336,3374729
1788985110,2,0,0.003,3374729
1788985112,4,0,2.751,3374729
1788985112,0,0,0.007,3374729
1788985113,0,0,0.012,3374729
1788985113,3,0,0.037,3374729
1788985113,0,0,0.005,3374729
1788985113,0,0,0.011,3374729
1788985113,6,0,0.008,3374729
1788985114,4,0,1.425,3374729
1788985114,3,0,0.005,3374729
1788985116,4,0,2.123,3374729
1788985117,2,0,1.263,3374729
1788985119,4,0,1.782,3374729
1788985121,5,0,1.616,3374729
1788985121,2,0,0.003,3374729
1788985121,1,0,0.001,3374729
1788985121,0,0,0.006,3374729
1788985121,3,0,0.069,3374729
1788985121,2,0,0.003,3374729
1788985121,2,0,0.001,3374729
1788985121,3,0,0.012,3374729
1788985123,4,0,2.612,3374729
1788985123,0,0,0.005,3374729
1788985126,2,0,2.057,3374729
1788985126,3,0,0.041,3374729
1788985126,0,0,0.005,3374729
1788985126,4,0,0.872,3374729
1788985126,2,0,0.005,3374729
1788985128,4,0,1.552,3374729
1788985128,3,0,0.009,3374729
1788985130,5,0,1.947,3374729
1788985130,0,0,0.008,3374729
1788985130,2,0,0.003,3374729
1788985130,0,0,0.019,3374729
1788985130,3,0,0.059,3374729
1788985130,1,0,0.001,3374729
1788985130,0,0,0.006,3374729
1788985130,3,0,0.06,3374729
1788985131,5,0,1.07,3374729
1788985131,3,0,0.002,3374729
1788985131,5,0,0.123,3374729
1788985140,5,0,8.924,3374729
1788985140,0,0,0.016,3374729
1788985140,5,0,0.122,3374729
1788985140,1,0,0.001,3374729
1788985142,7,0,1.731,3374729
1788985145,5,0,2.905,3374729
1788985145,5,0,0.121,3374729
1788985145,0,0,0.017,3374729
1788985145,0,0,0.01,3374729
1788985145,6,0,0.009,3374729
1788985145,0,0,0.016,3374729
1788985145,3,0,0.007,3374729
1788985145,0,0,0.01,3374729
1788985146,4,0,0.958,3374729
1788985146,1,0,0.001,3374729
1788985146,3,0,0.009,3374729
1788985146,3,0,0.047,3374729
1788985147,4,0,1.094,3374729
1788985149,4,0,1.169,3374729
1788985150,4,0,1.192,3374729
1788985151,4,0,1.518,3374729
1788985151,2,0,0.003,3374729
1788985154,4,0,2.396,3374729
1788985154,3,0,0.008,3374729
1788985154,0,0,0.015,3374729
1788985154,6,0,0.008,3374729
1788985158,4,0,4.024,3374729
1788985159,4,0,1.194,3374729
1788985159,2,0,0.003,3374729
1788985159,6,0,0.005,3374729
1788985159,6,0,0.008,3374729
1788985161,2,0,1.895,3374729
1788985161,3,0,0.076,3374729
1788985161,1,0,0,3374729
1788985161,0,0,0.011,3374729
1788985163,4,0,1.842,3374729
1788985165,2,0,1.913,3374729
1788985165,0,0,0.011,3374729
1788985165,6,0,0.006,3374729
1788985165,0,0,0.007,3374729
1788985166,4,0,1.287,3374729
1788985168,4,0,1.622,3374729
1788985168,3,0,0.01,3374729
1788985168,3,0,0.009,3374729
1788985168,1,0,0.002,3374729
1788985171,4,0,3.097,3374729
1788985172,4,0,1.21,3374729
1788985183,5,0,11.499,3374729
1788985183,3,0,0.051,3374729
1788985184,5,0,0.123,3374729
1788985184,3,0,0.01,3374729
1788985184,0,0,0.013,3374729
1788985184,0,0,0.011,3374729
1788985193,5,0,9.538,3374729
1788985193,1,0,0.001,3374729
1788985193,6,0,0.007,3374729
1788985193,0,0,0.01,3374729
1788985193,1,0,0,3374729
1788985193,3,0,0.068,3374729
1788985194,2,0,0.996,3374729
1788985194,0,0,0.017,3374729
1788985194,1,0,0.001,3374729
1788985196,4,0,1.784,3374729
1788985196,6,0,0.009,3374729
1788985196,3,0,0.013,3374729
1788985196,1,0,0,3374729
1788985196,2,0,0.002,3374729
1788985196,0,0,0.009,3374729
1788985197,4,0,0.854,3374729
1788985199,2,0,2.047,3374729
1788985199,6,0,0.008,3374729
1788985200,4,0,0.797,3374729
1788985202,4,0,1.936,3374729
1788985202,3,0,0.067,3374729
1788985202,0,0,0.012,3374729
1788985202,6,0,0.007,3374729
1788985202,0,0,0.008,3374729
1788985202,3,0,0.085,3374729
1788985202,1,0,0.001,3374729
1788985203,4,0,1.461,3374729
1788985205,4,0,2.056,3374729
1788985205,2,0,0.003,3374729
1788985208,4,0,2.126,3374729
1788985209,4,0,1.198,3374729
1788985210,5,0,1.065,3374729
1788985210,3,0,0.091,3374729
1788985211,5,0,1.031,3374729
1788985211,6,0,0.008,3374729
1788985212,4,0,1.5,3374729
1788985212,6,0,0.006,3374729
1788985212,3,0,0.01,3374729
1788985213,4,0,0.837,3374729
1788985215,4,0,1.45,3374729
1788985217,4,0,2.177,3374729
1788985217,2,0,0.003,3374729
1788985217,0,0,0.019,3374729
1788985217,6,0,0.007,3374729
1788985217,2,0,0.002,3374729
1788985217,1,0,0.001,3374729
1788985217,2,0,0.002,3374729
1788985217,3,0,0.068,3374729
1788985217,3,0,0.036,3374729
1788985217,3,0,0.007,3374729
1788985217,3,0,0.006,3374729
1788985217,6,0,0.006,3374729
1788985219,4,0,1.535,3374729
1788985219,3,0,0.093,3374729
1788985219,2,0,0.004,3374729
1788985220,4,0,0.863,3374729
1788985221,2,0,1.442,3374729
1788985223,4,0,1.558,3374729
1788985223,2,0,0.001,3374729
1788985223,3,0,0.006,3374729
1788985223,3,0,0.054,3374729
1788985223,0,0,0.012,3374729
1788985223,3,0,0.035,3374729
1788985223,0,0,0.008,3374729
1788985223,3,0,0.009,3374729
1788985227,4,0,4.053,3374729
1788985227,3,0,0.005,3374729
1788985227,0,0,0.006,3374729
1788985228,4,0,1.686,3374729
1788985228,1,0,0.001,3374729
1788985229,3,0,0.085,3374729
1788985238,7,0,9.638,3374729
1788985249,7,0,10.381,3374729
1788985251,4,0,2.947,3374729
1788985251,0,0,0.017,3374729
1788985252,4,0,0.915,3374729
1788985254,4,0,1.682,3374729
1788985254,3,0,0.087,3374729
1788985254,0,0,0.007,3374729
1788985254,3,0,0.036,3374729
1788985254,3,0,0.04,3374729
1788985254,2,0,0.004,3374729
1788985254,2,0,0.003,3374729
1788985255,2,0,0.863,3374729
1788985255,3,0,0.059,3374729
1788985256,4,0,1.104,3374729
1788985258,2,0,1.905,3374729
1788985258,6,0,0.009,3374729
1788985258,5,0,0.127,3374729
1788985258,6,0,0.008,3374729
1788985267,5,0,8.66,3374729
1788985268,4,0,0.828,3374729
1788985268,6,0,0.006,3374729
1788985269,4,0,1.145,3374729
1788985269,2,0,0,3374729
1788985271,4,0,1.54,3374729
1788985271,2,0,0.002,3374729
1788985271,3,0,0.066,3374729
1788985272,4,0,0.924,3374729
1788985273,4,0,1.374,3374729
1788985273,6,0,0.007,3374729
1788985273,2,0,0.003,3374729
1788985273,6,0,0.006,3374729
1788985273,2,0,0.002,3374729
1788985273,6,0,0.006,3374729
1788985274,4,0,1.258,3374729
1788985274,3,0,0.045,3374729
1788985276,2,0,1.56,3374729
1788985276,6,0,0.007,3374729
1788985276,2,0,0.003,3374729
1788985278,4,0,2.05,3374729
1788985278,6,0,0.007,3374729
1788985281,4,0,2.68,3374729
1788985281,2,0,0.002,3374729
1788985281,3,0,0.006,3374729
1788985282,4,0,1.059,3374729
1788985282,6,0,0.013,3374729
1788985282,2,0,0.003,3374729
1788985282,6,0,0.005,3374729
1788985282,2,0,0.003,3374729
1788985283,4,0,1.113,3374729
1788985284,2,0,1.224,3374729
1788985284,2,0,0.003,3374729
1788985284,0,0,0.008,3374729
1788985284,1,0,0.001,3374729
1788985284,3,0,0.005,3374729
1788985285,4,0,1.01,3374729
1788985285,6,0,0.008,3374729
1788985286,5,0,1.02,3374729
1788985290,4,0,3.813,3374729
1788985290,3,0,0.079,3374729
1788985290,6,0,0.006,3374729
1788985293,4,0,2.718,3374729
1788985300,7,0,7.411,3374729
1788985300,2,0,0.003,3374729
1788985310,5,0,9.95,3374729
1788985310,1,0,0.001,3374729
1788985310,6,0,0.008,3374729
1788985310,0,0,0.014,3374729
1788985313,2,0,2.519,3374729
1788985322,5,0,9.537,3374729
1788985322,2,0,0.003,3374729
1788985331,7,0,9.108,3374729
1788985331,2,0,0.003,3374729
1788985331,6,0,0.009,3374729
1788985331,2,0,0.003,3374729
1788985332,4,0,1.269,3374729
1788985333,3,0,0.043,3374729
1788985333,1,0,0.001,3374729
1788985333,2,0,0.004,3374729
1788985333,0,0,0.01,3374729
1788985334,4,0,1.183,3374729
1788985334,1,0,0.001,3374729
1788985334,0,0,0.006,3374729
1788985335,4,0,1.49,3374729
1788985335,0,0,0.007,3374729
1788985336,2,0,1.081,3374729
1788985336,2,0,0.003,3374729
1788985336,3,0,0.01,3374729
1788985337,5,0,1.148,3374729
1788985337,3,0,0.045,3374729
1788985338,3,0,0.032,3374729
1788985338,3,0,0.098,3374729
1788985340,2,0,2.13,3374729
1788985340,1,0,0.001,3374729
1788985340,0,0,0.008,3374729
1788985341,4,0,1.114,3374729
1788985341,0,0,0.005,3374729
1788985341,6,0,0.008,3374729
1788985342,4,0,1.461,3374729
1788985343,4,0,1.016,3374729
1788985343,1,0,0.002,3374729
1788985343,3,0,0.071,3374729
1788985343,3,0,0.039,3374729
1788985344,3,0,0.045,3374729
1788985344,4,0,0.944,3374729
1788985346,7,0,1.486,3374729
1788985346,0,0,0.007,3374729
1788985346,0,0,0.012,3374729
1788985347,4,0,1.105,3374729
1788985348,4,0,1.19,3374729
1788985348,1,0,0.001,3374729
1788985353,7,0,4.562,3374729
1788985353,6,0,0.005,3374729
1788985353,1,0,0.001,3374729
1788985354,4,0,0.781,3374729
1788985354,5,0,0.124,3374729
1788985355,2,0,1.123,3374729
1788985366,5,0,11.361,3374729
1788985366,0,0,0.011,3374729
1788985367,4,0,0.95,3374729
1788985367,6,0,0.01,3374729
1788985367,1,0,0.001,3374729
1788985369,2,0,1.373,3374729
1788985369,3,0,0.02,3374729
1788985369,7,0,0.172,3374729
1788985369,5,0,0.11,3374729
1788985369,0,0,0.006,3374729
1788985369,6,0,0.011,3374729
1788985370,4,0,1.192,3374729
1788985370,3,0,0.006,3374729
1788985370,1,0,0.001,3374729
1788985370,0,0,0.014,3374729
1788985370,1,0,0.001,3374729
1788985370,1,0,0,3374729
1788985370,3,0,0.007,3374729
1788985370,3,0,0.067,3374729
1788985370,1,0,0.001,3374729
1788985370,3,0,0.01,3374729
1788985370,3,0,0.052,3374729
1788985370,3,0,0.003,3374729
1788985370,7,0,0.189,3374729
1788985378,5,0,7.788,3374729
1788985378,6,0,0.006,3374729
1788985378,3,0,0.014,3374729
1788985389,5,0,10.637,3374729
1788985391,5,0,2.108,3374729
1788985391,1,0,0.001,3374729
1788985391,0,0,0.006,3374729
1788985391,2,0,0.003,3374729
1788985392,4,0,1.133,3374729
1788985394,4,0,1.382,3374729
1788985397,4,0,3.317,3374729
1788985397,2,0,0.003,3374729
1788985397,3,0,0.06,3374729
1788985398,4,0,0.87,3374729
1788985399,4,0,0.961,3374729
1788985401,4,0,1.795,3374729
1788985404,4,0,3.787,3374729
1788985406,2,0,1.275,3374729
1788985413,5,0,7.76,3374729
1788985414,7,0,0.175,3374729
1788985415,4,0,1.186,3374729
1788985415,0,0,0.007,3374729
1788985416,2,0,1.062,3374729
1788985416,6,0,0.007,3374729
1788985416,3,0,0.032,3374729
1788985416,0,0,0.009,3374729
1788985417,4,0,0.999,3374729
1788985419,4,0,1.763,3374729
1788985419,2,0,0.005,3374729
1788985421,4,0,1.926,3374729
1788985421,2,0,0.604,3374729
1788985421,0,0,0.016,3374729
1788985421,3,0,0.049,3374729
1788985421,3,0,0.037,3374729
1788985421,6,0,0.007,3374729
1788985421,3,0,0.025,3374729
1788985421,2,0,0.003,3374729
1788985421,3,0,0.05,3374729
1788985421,2,0,0.003,3374729
1788985423,4,0,1.422,3374729
1788985423,3,0,0.08,3374729
1788985423,0,0,0.007,3374729
1788985423,5,0,0.117,3374729
1788985426,4,0,2.966,3374729
1788985426,2,0,0.002,3374729
1788985426,6,0,0.006,3374729
1788985427,4,0,1.406,3374729
1788985427,3,0,0.084,3374729
1788985430,4,0,2.215,3374729
1788985434,4,0,3.882,3374729
1788985434,0,0,0.004,3374729
1788985434,5,0,0.121,3374729
1788985434,0,0,0.005,3374729
1788985434,3,0,0.075,3374729
1788985434,3,0,0.079,3374729
1788985434,3,0,0.007,3374729
1788985445,5,0,11.167,3374729
1788985445,2,0,0.002,3374729
1788985445,3,0,0.072,3374729
1788985445,3,0,0.038,3374729
1788985445,3,0,0.068,3374729
1788985445,6,0,0.006,3374729
1788985446,2,0,1.247,3374729
1788985446,6,0,0.011,3374729
1788985449,4,0,2.254,3374729
1788985450,4,0,1.255,3374729
1788985450,0,0,0.013,3374729
1788985450,3,0,0.005,3374729
1788985451,4,0,1.416,3374729
1788985452,4,0,1.136,3374729
1788985452,1,0,0.001,3374729
1788985452,3,0,0.002,3374729
1788985454,4,0,1.142,3374729
1788985454,3,0,0.046,3374729
1788985454,3,0,0.006,3374729
1788985454,6,0,0.005,3374729
1788985457,4,0,3.105,3374729
1788985457,3,0,0.004,3374729
1788985457,0,0,0.01,3374729
1788985457,1,0,0.001,3374729
1788985457,0,0,0.014,3374729
1788985458,4,0,1.458,3374729
1788985461,4,0,2.64,3374729
1788985461,6,0,0.007,3374729
1788985461,3,0,0.033,3374729
1788985461,0,0,0.01,3374729
1788985464,4,0,2.801,3374729
1788985464,0,0,0.013,3374729
1788985464,6,0,0.006,3374729
1788985464,3,0,0.011,3374729
1788985474,7,0,9.707,3374729
1788985474,3,0,0.067,3374729
1788985474,3,0,0.009,3374729
1788985474,4,0,0.917,3374729
1788985476,2,0,1.613,3374729
1788985480,4,0,3.741,3374729
1788985480,3,0,0.066,3374729
1788985480,0,0,0.006,3374729
1788985480,3,0,0.053,3374729
1788985480,3,0,0.083,3374729
1788985480,0,0,0.005,3374729
1788985480,0,0,0.009,3374729
1788985481,4,0,0.743,3374729
1788985481,6,0,0.008,3374729
1788985481,2,0,0.003,3374729
1788985481,2,0,0.003,3374729
1788985481,0,0,0.01,3374729
1788985482,4,0,1.43,3374729
1788985482,3,0,0.009,3374729
1788985485,4,0,2.443,3374729
1788985485,3,0,0.075,3374729
1788985485,0,0,0.018,3374729
1788985486,4,0,1.366,3374729
1788985486,0,0,0.013,3374729
1788985486,5,0,0.123,3374729
1788985495,7,0,8.784,3374729
1788985495,6,0,0.009,3374729
1788985495,3,0,0.002,3374729
1788985495,5,0,0.127,3374729
1788985496,2,0,0.853,3374729
1788985496,3,0,0.004,3374729
1788985496,0,0,0.015,3374729
1788985496,0,0,0.007,3374729
1788985496,6,0,0.007,3374729
1788985496,2,0,0.002,3374729
1788985496,3,0,0.012,3374729
1788985496,0,0,0.006,3374729
1788985496,0,0,0.013,3374729
1788985496,0,0,0.007,3374729
1788985496,3,0,0.011,3374729
1788985498,4,0,1.381,3374729
1788985498,6,0,0.006,3374729
1788985498,6,0,0.008,3374729
1788985498,1,0,0.002,3374729
1788985498,6,0,0.008,3374729
1788985498,2,0,0.003,3374729
1788985499,4,0,1.315,3374729
1788985499,0,0,0.013,3374729
1788985499,3,0,0.006,3374729
1788985499,2,0,0.003,3374729
1788985499,0,0,0.014,3374729
1788985499,0,0,0.013,3374729
1788985499,0,0,0.014,3374729
1788985499,0,0,0.013,3374729
1788985499,2,0,0.003,3374729
1788985499,5,0,0.126,3374729
1788985500,4,0,0.946,3374729
1788985500,6,0,0.007,3374729
1788985501,2,0,0.964,3374729
1788985501,0,0,0.012,3374729
1788985501,0,0,0.013,3374729
1788985501,2,0,0.004,3374729
1788985501,6,0,0.006,3374729
1788985502,2,0,0.886,3374729
1788985502,2,0,0.003,3374729
1788985502,6,0,0.006,3374729
1788985504,4,0,1.794,3374729
1788985506,4,0,1.896,3374729
1788985506,0,0,0.013,3374729
1788985506,3,0,0.051,3374729
1788985506,0,0,0.01,3374729
1788985507,5,0,1.06,3374729
1788985507,0,0,0.011,3374729
1788985507,3,0,0.033,3374729
1788985507,1,0,0.001,3374729
1788985507,0,0,0.012,3374729
1788985507,6,0,0.008,3374729
1788985507,2,0,0.003,3374729
1788985507,3,0,0.006,3374729
1788985507,0,0,0.015,3374729
1788985508,4,0,0.953,3374729
1788985509,5,0,1.403,3374729
1788985511,4,0,1.545,3374729
1788985511,2,0,0.004,3374729
1788985511,2,0,0.002,3374729
1788985511,3,0,0.074,3374729
1788985513,4,0,2.172,3374729
1788985514,4,0,1.323,3374729
1788985515,4,0,0.64,3374729
1788985515,0,0,0.009,3374729
1788985524,5,0,9.482,3374729
1788985524,3,0,0.004,3374729
1788985525,3,0,0.08,3374729
1788985525,0,0,0.01,3374729
1788985525,3,0,0.074,3374729
1788985525,0,0,0.014,3374729
1788985526,4,0,1.611,3374729
1788985526,3,0,0.081,3374729
1788985530,7,0,4.03,3374729
1788985532,5,0,1.993,3374729
1788985532,3,0,0.008,3374729
1788985532,3,0,0.039,3374729
1788985534,4,0,1.104,3374729
1788985534,0,0,0.009,3374729
1788985534,6,0,0.009,3374729
1788985534,3,0,0.056,3374729
1788985534,2,0,0.002,3374729
1788985534,6,0,0.008,3374729
1788985534,3,0,0.011,3374729
1788985534,3,0,0.01,3374729
1788985534,0,0,0.014,3374729
1788985534,1,0,0.002,3374729
1788985537,7,0,3.476,3374729
1788985537,3,0,0.087,3374729
1788985539,4,0,2.031,3374729
1788985541,4,0,2.063,3374729
1788985541,0,0,0.01,3374729
1788985541,5,0,0.118,3374729
1788985542,3,0,0.072,3374729
1788985542,1,0,0.002,3374729
1788985543,5,0,1.39,3374729
1788985544,2,0,0.776,3374729
1788985544,6,0,0.01,3374729
1788985544,3,0,0.017,3374729
1788985544,6,0,0.008,3374729
1788985554,5,0,10.198,3374729
1788985554,2,0,0.002,3374729
1788985554,6,0,0.008,3374729
1788985555,5,0,1.314,3374729
1788985555,0,0,0.005,3374729
1788985556,4,0,0.925,3374729
1788985556,0,0,0.013,3374729
1788985557,4,0,1.196,3374729
1788985560,2,0,2.141,3374729
1788985560,3,0,0.084,3374729
1788985561,4,0,1.162,3374729
1788985561,2,0,0.005,3374729
1788985561,0,0,0.013,3374729
1788985562,5,0,1.08,3374729
1788985562,6,0,0.01,3374729
1788985562,6,0,0.012,3374729
1788985562,3,0,0.001,3374729
1788985563,2,0,1.324,3374729
1788985563,6,0,0.006,3374729
1788985566,2,0,2.873,3374729
1788985569,5,0,3.105,3374729
1788985569,3,0,0.018,3374729
1788985569,2,0,0.002,3374729
1788985579,7,0,9.736,3374729
1788985579,2,0,0.005,3374729
1788985579,5,0,0.125,3374729
1788985579,1,0,0.001,3374729
1788985579,3,0,0.067,3374729
1788985579,2,0,0.004,3374729
1788985579,3,0,0.05,3374729
1788985579,3,0,0.006,3374729
1788985582,2,0,3.035,3374729
1788985582,0,0,0.013,3374729
1788985583,2,0,1.062,3374729
1788985587,4,0,4.123,3374729
1788985587,6,0,0.006,3374729
1788985588,3,0,0.104,3374729
1788985588,3,0,0.005,3374729
1788985588,3,0,0.055,3374729
1788985588,6,0,0.01,3374729
1788985589,4,0,1.004,3374729
1788985589,0,0,0.016,3374729
1788985589,3,0,0.088,3374729
1788985590,4,0,1.597,3374729
1788985590,5,0,0.123,3374729
1788985592,2,0,1.93,3374729
1788985592,3,0,0.042,3374729
1788985592,6,0,0.007,3374729
1788985592,3,0,0.006,3374729
1788985594,4,0,1.114,3374729
1788985594,3,0,0.085,3374729
1788985595,4,0,1.27,3374729
1788985595,3,0,0.056,3374729
1788985595,3,0,0.012,3374729
1788985596,2,0,1.327,3374729
1788985596,1,0,0.002,3374729
1788985596,3,0,0.002,3374729
1788985596,2,0,0.003,3374729
1788985596,0,0,0.008,3374729
1788985597,4,0,0.86,3374729
1788985597,3,0,0.061,3374729
1788985597,3,0,0.077,3374729
1788985597,0,0,0.012,3374729
1788985597,0,0,0.017,3374729
1788985597,6,0,0.011,3374729
1788985597,0,0,0.004,3374729
1788985597,0,0,0.007,3374729
1788985597,3,0,0.075,3374729
1788985599,5,0,2.005,3374729
1788985599,0,0,0.018,3374729
1788985601,2,0,1.431,3374729
1788985601,0,0,0.007,3374729
1788985601,3,0,0.008,3374729
1788985601,0,0,0.017,3374729
1788985601,0,0,0.011,3374729
1788985603,2,0,1.666,3374729
1788985604,5,0,1.117,3374729
1788985604,3,0,0.007,3374729
1788985604,6,0,0.009,3374729
1788985604,0,0,0.009,3374729
1788985604,3,0,0.072,3374729
1788985605,4,0,1.626,3374729
1788985605,2,0,0.003,3374729
1788985607,2,0,1.957,3374729
1788985607,3,0,0.003,3374729
1788985609,2,0,1.163,3374729
1788985610,2,0,1.171,3374729
1788985610,1,0,0.001,3374729
1788985611,4,0,1.108,3374729
1788985614,2,0,3.042,3374729
1788985614,0,0,0.01,3374729
1788985615,4,0,0.753,3374729
1788985615,3,0,0.005,3374729
1788985615,7,0,0.642,3374729
1788985616,4,0,0.665,3374729
1788985616,3,0,0.076,3374729
1788985616,5,0,0.111,3374729
1788985617,7,0,1.067,3374729
1788985621,2,0,3.858,3374729
1788985623,4,0,1.58,3374729
1788985623,2,0,0.001,3374729
1788985625,2,0,1.968,3374729
1788985626,5,0,1.825,3374729
1788985628,4,0,1.302,3374729
1788985628,3,0,0.073,3374729
1788985629,4,0,1.445,3374729
1788985631,4,0,1.482,3374729
1788985632,2,0,1.302,3374729
1788985632,0,0,0.004,3374729
1788985636,4,0,3.497,3374729
1788985636,3,0,0.008,3374729
1788985636,6,0,0.008,3374729
1788985637,2,0,1.827,3374729
1788985637,3,0,0.064,3374729
1788985639,5,0,1.57,3374729
1788985639,3,0,0.085,3374729
1788985640,4,0,0.864,3374729
1788985640,0,0,0.05,3374729
1788985641,4,0,1.391,3374729
1788985641,6,0,0.008,3374729
1788985643,2,0,1.409,3374729
1788985645,2,0,2.083,3374729
1788985645,5,0,0.115,3374729
1788985645,1,0,0.003,3374729
1788985649,4,0,4.197,3374729
1788985649,0,0,0.006,3374729
1788985649,3,0,0.014,3374729
1788985652,2,0,3.108,3374729
1788985652,3,0,0.006,3374729
1788985652,0,0,0.008,3374729
1788985654,5,0,1.233,3374729
1788985654,3,0,0.069,3374729
1788985654,6,0,0.005,3374729
1788985655,5,0,1.305,3374729
1788985655,3,0,0.011,3374729
1788985657,4,0,1.891,3374729
1788985657,6,0,0.008,3374729
1788985659,4,0,2.134,3374729
1788985659,6,0,0.008,3374729
1788985659,6,0,0.011,3374729
1788985659,1,0,0.001,3374729
1788985659,2,0,0.001,3374729
1788985659,6,0,0.012,3374729
1788985659,0,0,0.014,3374729
1788985660,4,0,1.226,3374729
1788985660,3,0,0.002,3374729
1788985660,2,0,0.003,3374729
1788985661,2,0,0.967,3374729
1788985661,3,0,0.004,3374729
1788985661,6,0,0.009,3374729
1788985663,5,0,1.546,3374729
1788985663,3,0,0.056,3374729
1788985665,4,0,1.806,3374729
1788985666,4,0,0.851,3374729
1788985666,6,0,0.009,3374729
1788985666,3,0,0.034,3374729
1788985666,6,0,0.008,3374729
1788985667,4,0,0.944,3374729
1788985667,6,0,0.006,3374729
1788985667,3,0,0.006,3374729
1788985667,2,0,0.004,3374729
1788985667,3,0,0.009,3374729
1788985667,6,0,0.009,3374729
1788985667,0,0,0.016,3374729
1788985667,3,0,0.003,3374729
1788985667,0,0,0.019,3374729
1788985680,5,0,13.016,3374729
1788985680,5,0,0.133,3374729
1788985680,3,0,0.067,3374729
1788985680,0,0,0.013,3374729
1788985680,0,0,0.015,3374729
1788985680,1,0,0.001,3374729
1788985680,3,0,0.006,3374729
1788985681,4,0,1.151,3374729
1788985681,7,0,0.176,3374729
1788985681,6,0,0.008,3374729
1788985681,2,0,0.002,3374729
1788985681,3,0,0.101,3374729
1788985683,2,0,1.839,3374729
1788985683,1,0,0,3374729
1788985683,6,0,0.005,3374729
1788985683,2,0,0.003,3374729
1788985683,0,0,0.013,3374729
1788985683,0,0,0.006,3374729
1788985683,6,0,0.005,3374729
1788985683,3,0,0.008,3374729
1788985683,5,0,0.117,3374729
1788985684,4,0,0.839,3374729
1788985687,2,0,2.934,3374729
1788985687,6,0,0.007,3374729
1788985688,2,0,1.016,3374729
1788985688,3,0,0.009,3374729
1788985688,3,0,0.047,3374729
1788985688,2,0,0.003,3374729
1788985690,2,0,1.942,3374729
1788985694,4,0,3.395,3374729
1788985694,3,0,0.065,3374729
1788985694,0,0,0.004,3374729
1788985694,3,0,0.036,3374729
1788985694,3,0,0.023,3374729
1788985694,2,0,0.002,3374729
1788985696,4,0,2.016,3374729
1788985696,6,0,0.009,3374729
1788985696,6,0,0.01,3374729
1788985698,4,0,1.883,3374729
1788985699,2,0,1.247,3374729
1788985700,4,0,1.215,3374729
1788985700,3,0,0.068,3374729
1788985701,4,0,1.219,3374729
1788985701,6,0,0.008,3374729
1788985701,6,0,0.007,3374729
1788985701,3,0,0.076,3374729
1788985703,4,0,1.695,3374729
1788985703,1,0,0.002,3374729
1788985703,6,0,0.004,3374729
1788985703,3,0,0.058,3374729
1788985711,5,0,8.331,3374729
1788985721,5,0,9.831,3374729
1788985721,6,0,0.004,3374729
1788985722,4,0,0.747,3374729
1788985722,0,0,0.012,3374729
1788985722,3,0,0.053,3374729
1788985722,0,0,0.015,3374729
1788985722,0,0,0.013,3374729
1788985723,5,0,0.824,3374729
1788985725,2,0,1.734,3374729
1788985725,1,0,0.001,3374729
1788985725,3,0,0.084,3374729
1788985726,5,0,1.006,3374729
1788985726,0,0,0.01,3374729
1788985726,6,0,0.005,3374729
1788985727,5,0,1.292,3374729
1788985727,6,0,0.009,3374729
1788985727,0,0,0.011,3374729
1788985727,0,0,0.017,3374729
1788985729,4,0,1.488,3374729
1788985729,3,0,0.076,3374729
1788985729,0,0,0.008,3374729
1788985729,3,0,0.005,3374729
1788985731,5,0,1.898,3374729
1788985732,4,0,1.629,3374729
1788985735,4,0,2.395,3374729
1788985736,4,0,0.842,3374729
1788985736,0,0,0.009,3374729
1788985736,4,0,0.894,3374729
1788985736,3,0,0.007,3374729
1788985736,0,0,0.013,3374729
1788985737,3,0,0.086,3374729
1788985737,0,0,0.009,3374729
1788985737,4,0,0.792,3374729
1788985737,6,0,0.007,3374729
1788985737,3,0,0.087,3374729
1788985737,1,0,0.001,3374729
1788985737,6,0,0.005,3374729
1788985737,1,0,0.001,3374729
1788985737,2,0,0.001,3374729
1788985739,4,0,1.398,3374729
1788985742,4,0,3.361,3374729
1788985742,6,0,0.005,3374729
1788985742,6,0,0.009,3374729
1788985742,3,0,0.045,3374729
1788985742,3,0,0.028,3374729
1788985742,3,0,0.009,3374729
1788985742,0,0,0.015,3374729
1788985742,3,0,0.076,3374729
1788985743,4,0,1,3374729
1788985744,2,0,1.034,3374729
1788985746,4,0,1.276,3374729
1788985747,4,0,1.15,3374729
1788985747,3,0,0.101,3374729
1788985747,1,0,0.002,3374729
1788985747,0,0,0.011,3374729
1788985747,6,0,0.008,3374729
1788985747,0,0,0.01,3374729
1788985748,4,0,1.301,3374729
1788985748,0,0,0.007,3374729
1788985750,4,0,1.653,3374729
1788985751,4,0,1.142,3374729
1788985751,2,0,0.004,3374729
1788985751,0,0,0.013,3374729
1788985754,4,0,2.879,3374729
1788985754,3,0,0.004,3374729
1788985755,4,0,1.039,3374729
1788985755,5,0,0.129,3374729
1788985755,1,0,0.001,3374729
1788985755,2,0,0.002,3374729
1788985755,3,0,0.053,3374729
1788985756,4,0,1.027,3374729
1788985756,3,0,0.061,3374729
1788985756,2,0,0.002,3374729
1788985756,6,0,0.006,3374729
1788985756,3,0,0.013,3374729
1788985756,2,0,0.002,3374729
1788985756,0,0,0.015,3374729
1788985756,6,0,0.007,3374729
1788985756,6,0,0.005,3374729
1788985756,1,0,0.002,3374729
1788985756,0,0,0.037,3374729
1788985756,0,0,0.008,3374729
1788985757,2,0,0.975,3374729
1788985759,4,0,1.25,3374729
1788985761,4,0,2.899,3374729
1788985763,4,0,1.886,3374729
1788985763,2,0,0.003,3374729
1788985763,0,0,0.014,3374729
1788985763,2,0,0.002,3374729
1788985765,2,0,1.417,3374729
1788985767,2,0,1.81,3374729
1788985767,6,0,0.011,3374729
1788985768,4,0,1.785,3374729
1788985768,3,0,0.002,3374729
1788985768,1,0,0.002,3374729
1788985770,4,0,1.554,3374729
1788985773,4,0,2.679,3374729
1788985774,2,0,1.419,3374729
1788985774,6,0,0.009,3374729
1788985774,0,0,0.012,3374729
1788985776,4,0,1.641,3374729
1788985776,6,0,0.007,3374729
1788985778,2,0,2.362,3374729
1788985778,0,0,0.01,3374729
1788985778,0,0,0.011,3374729
1788985778,0,0,0.011,3374729
1788985780,2,0,2.071,3374729
1788985780,3,0,0.009,3374729
1788985780,5,0,0.124,3374729
1788985782,4,0,1.73,3374729
1788985782,3,0,0.052,3374729
1788985782,6,0,0.01,3374729
1788985782,6,0,0.006,3374729
1788985784,4,0,2.015,3374729
1788985784,3,0,0.063,3374729
1788985784,3,0,0.05,3374729
1788985784,1,0,0.001,3374729
1788985785,4,0,1.095,3374729
1788985788,7,0,2.501,3374729
1788985788,3,0,0.006,3374729
1788985788,3,0,0.041,3374729
1788985798,7,0,9.756,3374729
1788985801,4,0,2.975,3374729
1788985801,2,0,0.003,3374729
1788985801,6,0,0.009,3374729
1788985803,2,0,1.885,3374729
1788985804,4,0,1.428,3374729
1788985807,4,0,2.683,3374729
1788985807,2,0,0.002,3374729
1788985807,6,0,0.005,3374729
1788985807,0,0,0.006,3374729
1788985809,2,0,2.253,3374729
1788985809,1,0,0.001,3374729
1788985809,0,0,0.008,3374729
1788985809,0,0,0.007,3374729
1788985809,1,0,0.001,3374729
1788985809,6,0,0.007,3374729
1788985810,4,0,1.177,3374729
1788985810,2,0,0.003,3374729
1788985811,4,0,1.146,3374729
1788985811,5,0,0.126,3374729
1788985813,4,0,1.283,3374729
1788985815,4,0,2.584,3374729
1788985817,2,0,1.607,3374729
1788985817,3,0,0.046,3374729
1788985818,4,0,1.56,3374729
1788985818,6,0,0.006,3374729
1788985819,0,0,0.014,3374729
1788985819,1,0,0.001,3374729
1788985819,0,0,0.009,3374729
1788985819,2,0,0.003,3374729
1788985831,7,0,12.878,3374729
1788985831,3,0,0.018,3374729
1788985843,5,0,11.539,3374729
1788985845,4,0,2.405,3374729
1788985849,5,0,3.205,3374729
1788985849,0,0,0.013,3374729
1788985849,0,0,0.01,3374729
1788985849,4,0,0.857,3374729
1788985849,6,0,0.01,3374729
1788985850,4,0,0.898,3374729
1788985852,2,0,1.388,3374729
1788985852,2,0,0.003,3374729
1788985852,2,0,0.002,3374729
1788985852,1,0,0.003,3374729
1788985852,3,0,0.003,3374729
1788985852,3,0,0.013,3374729
1788985852,1,0,0.002,3374729
1788985852,6,0,0.008,3374729
1788985853,4,0,1.197,3374729
1788985854,4,0,1.31,3374729
1788985854,6,0,0.008,3374729
1788985856,4,0,1.386,3374729
1788985857,5,0,1.171,3374729
1788985857,0,0,0.009,3374729
1788985857,1,0,0.001,3374729
1788985857,0,0,0.014,3374729
1788985857,2,0,0.615,3374729
1788985857,6,0,0.007,3374729
1788985858,3,0,0.099,3374729
1788985858,2,0,0.003,3374729
1788985861,5,0,3.534,3374729
1788985861,2,0,0.003,3374729
1788985861,3,0,0.076,3374729
1788985861,0,0,0.007,3374729
1788985861,3,0,0.05,3374729
1788985871,5,0,9.972,3374729
1788985871,6,0,0.007,3374729
1788985872,5,0,1.114,3374729
1788985872,3,0,0.005,3374729
1788985872,1,0,0.001,3374729
1788985873,5,0,0.898,3374729
1788985875,4,0,2,3374729
1788985877,4,0,1.907,3374729
1788985877,0,0,0.009,3374729
1788985877,3,0,0.036,3374729
1788985879,4,0,1.795,3374729
1788985880,4,0,1.261,3374729
1788985882,4,0,1.321,3374729
1788985882,3,0,0.077,3374729
1788985894,5,0,12.425,3374729
1788985896,4,0,2.071,3374729
1788985897,5,0,0.812,3374729
1788985906,7,0,8.84,3374729
1788985906,4,0,0.632,3374729
1788985906,3,0,0.009,3374729
1788985906,3,0,0.006,3374729
1788985908,5,0,1.2,3374729
1788985910,4,0,2.812,3374729
1788985910,3,0,0.008,3374729
1788985910,2,0,0.002,3374729
1788985910,2,0,0.003,3374729
1788985911,3,0,0.102,3374729
1788985911,0,0,0.006,3374729
1788985911,0,0,0.011,3374729
1788985912,4,0,1.341,3374729
1788985915,4,0,3.15,3374729
1788985916,4,0,1.389,3374729
1788985917,4,0,0.991,3374729
1788985917,2,0,0.003,3374729
1788985919,4,0,1.436,3374729
1788985919,0,0,0.009,3374729
1788985921,5,0,1.709,3374729
1788985921,1,0,0.002,3374729
1788985923,4,0,2.803,3374729
1788985927,4,0,3.44,3374729
1788985927,6,0,0.005,3374729
1788985928,4,0,1.02,3374729
1788985930,4,0,1.828,3374729
1788985930,0,0,0.009,3374729
1788985930,3,0,0.032,3374729
1788985930,0,0,0.016,3374729
1788985930,6,0,0.009,3374729
1788985930,3,0,0.041,3374729
1788985931,7,0,1.638,3374729
1788985931,2,0,0.004,3374729
1788985932,4,0,0.983,3374729
1788985933,3,0,0.052,3374729
1788985933,0,0,0.01,3374729
1788985936,4,0,3.093,3374729
1788985937,5,0,1.062,3374729
1788985937,6,0,0.008,3374729
1788985937,3,0,0.011,3374729
1788985937,3,0,0.014,3374729
1788985937,2,0,0.002,3374729
1788985946,5,0,9.67,3374729
1788985946,6,0,0.007,3374729
1788985946,3,0,0.054,3374729
1788985947,5,0,0.129,3374729
1788985947,2,0,0.003,3374729
1788985947,0,0,0.012,3374729
1788985947,3,0,0.031,3374729
1788985947,5,0,0.666,3374729
1788985948,4,0,1.191,3374729
1788985949,3,0,0.084,3374729
1788985951,5,0,1.964,3374729
1788985952,5,0,1.724,3374729
1788985952,6,0,0.007,3374729
1788985952,0,0,0.015,3374729
1788985965,5,0,12.466,3374729
1788985974,5,0,9.497,3374729
1788985974,3,0,0.007,3374729
1788985976,2,0,1.353,3374729
1788985976,2,0,0.004,3374729
1788985979,4,0,3.014,3374729
1788985980,4,0,1.628,3374729
1788985980,6,0,0.008,3374729
1788985980,5,0,0.112,3374729
1788985980,6,0,0.009,3374729
1788985982,4,0,1.175,3374729
1788985983,4,0,1.465,3374729
1788985985,5,0,2.413,3374729
1788985987,4,0,1.55,3374729
1788985996,5,0,8.715,3374729
1788985996,6,0,0.008,3374729
1788985997,4,0,1.424,3374729
1788985998,4,0,1.14,3374729
1788986002,5,0,3.728,3374729
1788986005,4,0,3.337,3374729
1788986005,3,0,0.067,3374729
1788986005,6,0,0.008,3374729
1788986006,4,0,0.934,3374729
1788986008,2,0,1.514,3374729
1788986009,5,0,0.735,3374729
1788986009,0,0,0.012,3374729
1788986009,3,0,0.004,3374729
1788986009,6,0,0.007,3374729
1788986009,1,0,0.002,3374729
1788986011,4,0,1.907,3374729
1788986011,2,0,0.003,3374729
1788986011,4,0,0.87,3374729
1788986013,4,0,1.86,3374729
1788986015,2,0,1.453,3374729
1788986015,0,0,0.012,3374729
1788986016,2,0,0.934,3374729
1788986016,3,0,0.005,3374729
1788986017,5,0,0.909,3374729
1788986017,3,0,0.003,3374729
1788986017,3,0,0.007,3374729
1788986017,0,0,0.017,3374729
1788986018,4,0,1.12,3374729
1788986020,4,0,2.363,3374729
1788986029,5,0,9.295,3374729
1788986030,5,0,0.872,3374729
1788986030,0,0,0.016,3374729
1788986030,6,0,0.009,3374729
1788986032,2,0,1.661,3374729
1788986041,7,0,9.276,3374729
1788986041,6,0,0.008,3374729
1788986042,2,0,0.752,3374729
1788986042,6,0,0.006,3374729
1788986042,1,0,0.001,3374729
1788986046,4,0,4.034,3374729
1788986051,4,0,5.132,3374729
1788986052,4,0,0.842,3374729
1788986052,2,0,0.002,3374729
1788986052,3,0,0.082,3374729
1788986054,4,0,1.558,3374729
1788986054,0,0,0.011,3374729
1788986054,6,0,0.007,3374729
1788986054,2,0,0.002,3374729
1788986054,2,0,0.003,3374729
1788986054,3,0,0.095,3374729
1788986054,0,0,0.011,3374729
1788986055,4,0,0.953,3374729
1788986056,2,0,1.458,3374729
1788986056,3,0,0.042,3374729
1788986056,3,0,0.005,3374729
1788986058,2,0,1.308,3374729
1788986059,4,0,1.024,3374729
1788986059,2,0,0.002,3374729
1788986059,0,0,0.011,3374729
1788986059,0,0,0.005,3374729
1788986060,4,0,1.602,3374729
1788986060,0,0,0.015,3374729
1788986061,4,0,0.807,3374729
1788986061,0,0,0.011,3374729
1788986062,7,0,1.343,3374729
1788986063,4,0,1.137,3374729
1788986065,4,0,1.687,3374729
1788986065,1,0,0.002,3374729
1788986067,5,0,1.704,3374729
1788986067,0,0,0.013,3374729
1788986067,2,0,0.002,3374729
1788986067,3,0,0.043,3374729
1788986067,2,0,0.002,3374729
1788986067,6,0,0.009,3374729
1788986067,3,0,0.047,3374729
1788986067,3,0,0.039,3374729
1788986067,6,0,0.009,3374729
1788986069,2,0,1.474,3374729
1788986069,0,0,0.016,3374729
1788986069,1,0,0.001,3374729
1788986069,0,0,0.005,3374729
1788986077,5,0,8.402,3374729
1788986077,6,0,0.007,3374729
1788986077,3,0,0.05,3374729
1788986077,2,0,0.003,3374729
1788986077,3,0,0.037,3374729
1788986078,5,0,0.926,3374729
1788986078,3,0,0.007,3374729
1788986080,5,0,2.486,3374729
1788986080,6,0,0.005,3374729
1788986080,6,0,0.004,3374729
1788986081,3,0,0.062,3374729
1788986081,6,0,0.006,3374729
1788986082,4,0,1.444,3374729
1788986082,3,0,0.046,3374729
1788986082,6,0,0.006,3374729
1788986083,2,0,1.239,3374729
1788986083,0,0,0.013,3374729
1788986083,0,0,0.006,3374729
1788986084,4,0,1.008,3374729
1788986094,7,0,9.923,3374729
1788986094,3,0,0.08,3374729
1788986094,6,0,0.004,3374729
1788986094,0,0,0.044,3374729
1788986096,2,0,1.182,3374729
1788986096,0,0,0.016,3374729
1788986097,4,0,1.656,3374729
1788986098,2,0,0.866,3374729
1788986098,0,0,0.007,3374729
1788986101,4,0,3.102,3374729
1788986102,4,0,0.942,3374729
1788986102,3,0,0.054,3374729
1788986102,3,0,0.086,3374729
1788986102,2,0,0.002,3374729
1788986103,2,0,0.933,3374729
1788986103,0,0,0.01,3374729
1788986104,4,0,1.17,3374729
1788986104,2,0,0.003,3374729
1788986104,6,0,0.008,3374729
1788986104,3,0,0.005,3374729
1788986104,0,0,0.011,3374729
1788986104,3,0,0.005,3374729
1788986105,4,0,0.981,3374729
1788986105,3,0,0.09,3374729
1788986105,0,0,0.016,3374729
1788986106,2,0,0.643,3374729
1788986107,5,0,1.316,3374729
1788986110,4,0,2.282,3374729
1788986113,4,0,3.738,3374729
1788986113,1,0,0.002,3374729
1788986114,3,0,0.062,3374729
1788986114,0,0,0.007,3374729
1788986114,3,0,0.06,3374729
1788986114,3,0,0.057,3374729
1788986115,4,0,1,3374729
1788986115,6,0,0.006,3374729
1788986115,2,0,0.002,3374729
1788986115,2,0,0.003,3374729
1788986115,7,0,0.181,3374729
1788986115,3,0,0.045,3374729
1788986115,5,0,0.134,3374729
1788986117,5,0,1.586,3374729
1788986121,7,0,4.344,3374729
1788986124,2,0,2.606,3374729
1788986125,5,0,1.342,3374729
1788986126,4,0,0.802,3374729
1788986126,3,0,0.036,3374729
1788986127,4,0,1.098,3374729
1788986128,2,0,0.847,3374729
1788986129,4,0,1.006,3374729
1788986133,2,0,4.337,3374729
1788986133,7,0,0.173,3374729
1788986133,6,0,0.008,3374729
1788986133,0,0,0.047,3374729
1788986133,6,0,0.011,3374729
1788986133,3,0,0.003,3374729
1788986133,1,0,0.001,3374729
1788986135,4,0,1.784,3374729
1788986135,3,0,0.009,3374729
1788986135,0,0,0.014,3374729
1788986135,0,0,0.01,3374729
1788986135,1,0,0.001,3374729
1788986135,2,0,0.002,3374729
1788986137,4,0,2.171,3374729
1788986139,4,0,1.314,3374729
1788986139,6,0,0.009,3374729
1788986139,1,0,0.001,3374729
1788986139,3,0,0.052,3374729
1788986140,2,0,1.006,3374729
1788986140,3,0,0.07,3374729
1788986141,4,0,1.347,3374729
1788986141,6,0,0.005,3374729
1788986141,3,0,0.086,3374729
1788986141,1,0,0.001,3374729
1788986141,0,0,0.005,3374729
1788986141,3,0,0.051,3374729
1788986141,1,0,0.001,3374729
1788986142,5,0,0.897,3374729
1788986146,4,0,3.657,3374729
1788986146,0,0,0.009,3374729
1788986146,3,0,0.06,3374729
1788986146,6,0,0.006,3374729
1788986147,4,0,1.171,3374729
1788986147,5,0,0.118,3374729
1788986147,3,0,0.009,3374729
1788986147,6,0,0.004,3374729
1788986147,3,0,0.052,3374729
1788986148,2,0,1.112,3374729
1788986148,1,0,0.001,3374729
1788986148,3,0,0.056,3374729
1788986148,0,0,0.005,3374729
1788986148,1,0,0.001,3374729
1788986148,3,0,0.047,3374729
1788986148,0,0,0.006,3374729
1788986148,1,0,0.001,3374729
1788986150,2,0,1.211,3374729
1788986160,5,0,9.939,3374729
1788986160,0,0,0.01,3374729
1788986162,2,0,2.167,3374729
1788986172,5,0,9.943,3374729
1788986174,4,0,1.893,3374729
1788986175,5,0,1.175,3374729
1788986176,4,0,1.687,3374729
1788986176,0,0,0.011,3374729
1788986176,0,0,0.004,3374729
1788986176,3,0,0.015,3374729
1788986177,0,0,0.01,3374729
1788986178,2,0,1.089,3374729
1788986179,4,0,0.955,3374729
1788986180,4,0,1.734,3374729
1788986180,5,0,0.138,3374729
1788986181,4,0,0.869,3374729
1788986181,0,0,0.014,3374729
1788986181,6,0,0.004,3374729
1788986181,0,0,0.006,3374729
1788986181,0,0,0.006,3374729
1788986181,0,0,0.015,3374729
1788986181,3,0,0.047,3374729
1788986181,3,0,0.065,3374729
1788986182,3,0,0.056,3374729
1788986183,4,0,1.589,3374729
1788986184,4,0,0.995,3374729
1788986184,2,0,0.004,3374729
1788986184,0,0,0.016,3374729
1788986184,6,0,0.008,3374729
1788986185,4,0,1.274,3374729
1788986185,3,0,0.037,3374729
1788986186,7,0,0.168,3374729
1788986186,0,0,0.009,3374729
1788986186,0,0,0.008,3374729
1788986187,5,0,1.168,3374729
1788986187,2,0,0.001,3374729
1788986188,5,0,0.766,3374729
1788986188,0,0,0.006,3374729
1788986189,5,0,1.39,3374729
1788986192,4,0,3.435,3374729
1788986193,4,0,0.968,3374729
1788986193,1,0,0.002,3374729
1788986194,4,0,1.124,3374729
1788986195,3,0,0.034,3374729
1788986196,2,0,1.089,3374729
1788986196,0,0,0.014,3374729
1788986196,6,0,0.006,3374729
1788986196,0,0,0.014,3374729
1788986196,7,0,0.165,3374729
1788986198,4,0,2.266,3374729
1788986199,2,0,1.065,3374729
1788986199,3,0,0.068,3374729
1788986199,3,0,0.059,3374729
1788986199,6,0,0.007,3374729
1788986200,4,0,1.159,3374729
1788986211,5,0,10.108,3374729
1788986213,4,0,2.055,3374729
1788986214,4,0,1.259,3374729
1788986215,4,0,1.121,3374729
1788986216,4,0,1.159,3374729
1788986216,2,0,0.002,3374729
1788986216,3,0,0.04,3374729
1788986216,0,0,0.008,3374729
1788986216,6,0,0.009,3374729
1788986219,4,0,2.544,3374729
1788986219,0,0,0.017,3374729
1788986219,0,0,0.008,3374729
1788986219,3,0,0.05,3374729
1788986219,6,0,0.007,3374729
1788986219,0,0,0.012,3374729
1788986219,1,0,0.001,3374729
1788986220,2,0,0.825,3374729
1788986220,0,0,0.014,3374729
1788986220,0,0,0.007,3374729
1788986221,2,0,1.264,3374729
1788986224,4,0,2.748,3374729
1788986224,3,0,0.135,3374729
1788986224,0,0,0.007,3374729
1788986224,3,0,0.007,3374729
1788986224,2,0,0.002,3374729
1788986226,4,0,2.658,3374729
1788986226,2,0,0.003,3374729
1788986227,0,0,0.032,3374729
1788986227,0,0,0.016,3374729
1788986227,3,0,0.041,3374729
1788986227,6,0,0.006,3374729
1788986228,4,0,1.179,3374729
1788986228,3,0,0.079,3374729
1788986229,2,0,1.283,3374729
1788986229,1,0,0.001,3374729
1788986231,4,0,1.545,3374729
1788986231,6,0,0.01,3374729
1788986231,6,0,0.006,3374729
1788986231,4,0,0.739,3374729
1788986231,3,0,0.038,3374729
1788986231,6,0,0.005,3374729
1788986233,4,0,1.456,3374729
1788986233,6,0,0.012,3374729
1788986234,4,0,1.028,3374729
1788986234,2,0,0.002,3374729
1788986238,4,0,3.932,3374729
1788986238,3,0,0.054,3374729
1788986239,2,0,1.018,3374729
1788986241,4,0,1.733,3374729
1788986241,3,0,0.003,3374729
1788986242,4,0,1.079,3374729
1788986242,0,0,0.011,3374729
1788986242,3,0,0.008,3374729
1788986242,0,0,0.009,3374729
1788986243,2,0,0.752,3374729
1788986245,4,0,2.222,3374729
1788986246,5,0,1.134,3374729
1788986246,3,0,0.048,3374729
1788986246,0,0,0.006,3374729
1788986246,3,0,0.063,3374729
1788986246,6,0,0.006,3374729
1788986246,3,0,0.038,3374729
1788986248,2,0,1.873,3374729
1788986248,3,0,0.011,3374729
1788986260,5,0,12.207,3374729
1788986260,3,0,0.004,3374729
1788986260,1,0,0.001,3374729
1788986260,3,0,0.039,3374729
1788986261,2,0,1.078,3374729
1788986263,5,0,1.215,3374729
1788986264,4,0,1.138,3374729
1788986264,6,0,0.006,3374729
1788986264,3,0,0.014,3374729
1788986264,2,0,0.003,3374729
1788986265,5,0,1.59,3374729
1788986265,0,0,0.014,3374729
1788986267,4,0,1.991,3374729
1788986267,0,0,0.007,3374729
1788986267,6,0,0.004,3374729
1788986267,0,0,0.012,3374729
1788986267,1,0,0,3374729
1788986267,3,0,0.007,3374729
1788986268,4,0,1.012,3374729
1788986270,4,0,1.547,3374729
1788986270,6,0,0.006,3374729
1788986270,3,0,0.076,3374729
1788986270,6,0,0.006,3374729
1788986270,3,0,0.037,3374729
1788986270,0,0,0.023,3374729
1788986274,4,0,3.84,3374729
1788986275,4,0,1.238,3374729
1788986275,2,0,0.005,3374729
1788986275,3,0,0.007,3374729
1788986275,3,0,0.078,3374729
1788986276,2,0,0.893,3374729
1788986287,5,0,10.879,3374729
1788986287,0,0,0.009,3374729
1788986297,7,0,9.645,3374729
1788986297,3,0,0.051,3374729
1788986298,4,0,1.245,3374729
1788986298,3,0,0.006,3374729
1788986298,2,0,0.004,3374729
1788986307,7,0,9.379,3374729
1788986307,1,0,0.002,3374729
1788986307,7,0,0.16,3374729
1788986307,0,0,0.017,3374729
1788986307,6,0,0.014,3374729
1788986317,5,0,9.793,3374729
1788986317,0,0,0.017,3374729
1788986317,0,0,0.006,3374729
1788986328,5,0,10.882,3374729
1788986328,6,0,0.01,3374729
1788986328,3,0,0.003,3374729
1788986328,1,0,0.001,3374729
1788986328,1,0,0.001,3374729
1788986328,3,0,0.026,3374729
1788986328,3,0,0.082,3374729
1788986330,2,0,2.057,3374729
1788986332,5,0,1.206,3374729
1788986333,2,0,1.767,3374729
1788986333,3,0,0.082,3374729
1788986333,3,0,0.008,3374729
1788986334,3,0,0.069,3374729
1788986335,4,0,1.173,3374729
1788986337,4,0,2.54,3374729
1788986340,4,0,2.416,3374729
1788986340,0,0,0.013,3374729
1788986343,4,0,3.845,3374729
1788986344,3,0,0.01,3374729
1788986345,5,0,1.208,3374729
1788986347,5,0,1.884,3374729
1788986347,4,0,0.706,3374729
1788986349,4,0,1.339,3374729
1788986349,0,0,0.007,3374729
1788986349,3,0,0.073,3374729
1788986349,3,0,0.032,3374729
1788986353,4,0,3.915,3374729
1788986355,4,0,1.844,3374729
1788986355,3,0,0.017,3374729
1788986356,5,0,0.989,3374729
1788986356,0,0,0.008,3374729
1788986356,0,0,0.009,3374729
1788986356,7,0,0.168,3374729
1788986357,2,0,1.228,3374729
1788986358,2,0,0.695,3374729
1788986358,0,0,0.006,3374729
1788986359,4,0,0.97,3374729
1788986359,3,0,0.007,3374729
1788986359,3,0,0.008,3374729
1788986359,3,0,0.087,3374729
1788986359,0,0,0.011,3374729
1788986359,4,0,0.764,3374729
1788986359,2,0,0.003,3374729
1788986359,0,0,0.011,3374729
1788986360,0,0,0.014,3374729
1788986360,5,0,0.118,3374729
1788986360,6,0,0.009,3374729
1788986360,4,0,0.648,3374729
1788986362,4,0,2.146,3374729
1788986364,4,0,1.194,3374729
1788986364,3,0,0.038,3374729
1788986364,6,0,0.007,3374729
1788986365,4,0,1.014,3374729
1788986368,4,0,3.152,3374729
1788986368,3,0,0.075,3374729
1788986368,6,0,0.008,3374729
1788986368,2,0,0.001,3374729
1788986368,5,0,0.121,3374729
1788986368,0,0,0.005,3374729
1788986368,1,0,0.001,3374729
1788986368,1,0,0.001,3374729
1788986368,2,0,0.003,3374729
1788986369,2,0,1.208,3374729
1788986369,0,0,0.012,3374729
1788986369,3,0,0.072,3374729
1788986369,1,0,0.001,3374729
1788986370,2,0,0.834,3374729
1788986373,4,0,3.147,3374729
1788986373,0,0,0.008,3374729
1788986373,3,0,0.01,3374729
1788986374,2,0,0.972,3374729
1788986374,3,0,0.011,3374729
1788986377,4,0,2.338,3374729
1788986379,4,0,2.175,3374729
1788986379,3,0,0.004,3374729
1788986379,1,0,0.001,3374729
1788986379,1,0,0.001,3374729
1788986379,3,0,0.035,3374729
1788986379,6,0,0.007,3374729
1788986379,6,0,0.008,3374729
1788986379,6,0,0.009,3374729
1788986380,5,0,1.301,3374729
1788986380,0,0,0.016,3374729
1788986380,3,0,0.008,3374729
1788986391,7,0,10.702,3374729
1788986391,3,0,0.065,3374729
1788986391,3,0,0.066,3374729
1788986391,2,0,0.003,3374729
1788986391,3,0,0.005,3374729
1788986391,6,0,0.007,3374729
1788986391,3,0,0.054,3374729
1788986391,3,0,0.011,3374729
1788986391,6,0,0.008,3374729
1788986392,4,0,0.843,3374729
1788986392,0,0,0.013,3374729
1788986404,5,0,12.045,3374729
1788986404,3,0,0.053,3374729
1788986406,4,0,1.406,3374729
1788986406,1,0,0.001,3374729
1788986410,4,0,4.054,3374729
1788986410,0,0,0.016,3374729
1788986410,2,0,0.003,3374729
1788986411,4,0,0.984,3374729
1788986411,6,0,0.006,3374729
1788986412,4,0,1.795,3374729
1788986412,3,0,0.091,3374729
1788986412,0,0,0.011,3374729
1788986412,6,0,0.009,3374729
1788986412,1,0,0.001,3374729
1788986414,4,0,1.203,3374729
1788986414,6,0,0.008,3374729
1788986414,0,0,0.009,3374729
1788986414,3,0,0.042,3374729
1788986422,5,0,8.291,3374729
1788986423,4,0,0.913,3374729
1788986423,0,0,0.007,3374729
1788986423,3,0,0.079,3374729
1788986433,5,0,10.403,3374729
1788986433,2,0,0.003,3374729
1788986435,4,0,1.332,3374729
1788986435,6,0,0.009,3374729
1788986435,0,0,0.005,3374729
1788986443,7,0,8.037,3374729
1788986444,4,0,1.277,3374729
1788986448,4,0,3.682,3374729
1788986457,5,0,9.566,3374729
1788986458,4,0,1.002,3374729
1788986460,5,0,1.745,3374729
1788986460,3,0,0.015,3374729
1788986460,0,0,0.008,3374729
1788986460,1,0,0.002,3374729
1788986460,6,0,0.006,3374729
1788986460,3,0,0.004,3374729
1788986460,3,0,0.008,3374729
1788986461,4,0,0.813,3374729
1788986462,4,0,0.978,3374729
1788986462,0,0,0.012,3374729
1788986462,2,0,0.003,3374729
1788986462,0,0,0.008,3374729
1788986462,1,0,0.001,3374729
1788986463,4,0,1.164,3374729
1788986463,2,0,0.003,3374729
1788986464,4,0,0.893,3374729
1788986464,6,0,0.006,3374729
1788986464,0,0,0.008,3374729
1788986465,4,0,1.093,3374729
1788986465,2,0,0.001,3374729
1788986465,3,0,0.086,3374729
1788986468,4,0,3.051,3374729
1788986469,2,0,1.167,3374729
1788986469,1,0,0.001,3374729
1788986470,2,0,0.956,3374729
1788986472,5,0,2.021,3374729
1788986472,0,0,0.009,3374729
1788986472,6,0,0.011,3374729
1788986474,2,0,1.385,3374729
1788986474,6,0,0.006,3374729
1788986474,2,0,0.002,3374729
1788986474,3,0,0.032,3374729
1788986474,6,0,0.006,3374729
1788986474,3,0,0.077,3374729
1788986475,2,0,1.549,3374729
1788986476,0,0,0.012,3374729
1788986476,5,0,0.121,3374729
1788986476,0,0,0.016,3374729
1788986478,7,0,2.824,3374729
1788986478,0,0,0.013,3374729
1788986478,1,0,0,3374729
1788986478,6,0,0.006,3374729
1788986479,5,0,0.12,3374729
1788986479,0,0,0.005,3374729
1788986479,0,0,0.006,3374729
1788986479,0,0,0.009,3374729
1788986479,1,0,0.001,3374729
1788986479,3,0,0.078,3374729
1788986481,4,0,1.794,3374729
1788986482,4,0,1.964,3374729
1788986482,1,0,0.002,3374729
1788986484,4,0,1.617,3374729
1788986485,4,0,1.362,3374729
1788986485,6,0,0.01,3374729
1788986485,3,0,0.036,3374729
1788986487,4,0,1.148,3374729
1788986487,3,0,0.008,3374729
1788986487,2,0,0.003,3374729
1788986489,4,0,2.417,3374729
1788986489,3,0,0.092,3374729
1788986493,2,0,3.528,3374729
1788986493,1,0,0.001,3374729
1788986493,0,0,0.01,3374729
1788986493,6,0,0.009,3374729
1788986494,2,0,1.588,3374729
1788986497,4,0,2.727,3374729
1788986498,2,0,1.402,3374729
1788986498,6,0,0.007,3374729
1788986498,1,0,0.001,3374729
1788986498,6,0,0.008,3374729
1788986500,5,0,1.33,3374729
1788986502,4,0,2.242,3374729
1788986502,6,0,0.006,3374729
1788986502,2,0,0.002,3374729
1788986502,0,0,0.005,3374729
1788986502,6,0,0.009,3374729
1788986502,0,0,0.017,3374729
1788986505,4,0,2.556,3374729
1788986505,3,0,0.011,3374729
1788986505,0,0,0.014,3374729
1788986506,4,0,1.06,3374729
1788986506,0,0,0.006,3374729
1788986506,0,0,0.01,3374729
1788986507,4,0,1.279,3374729
1788986507,5,0,0.133,3374729
1788986507,0,0,0.007,3374729
1788986509,4,0,2.354,3374729
1788986509,0,0,0.006,3374729
1788986510,3,0,0.083,3374729
1788986510,3,0,0.07,3374729
1788986510,2,0,0.003,3374729
1788986510,2,0,0.004,3374729
1788986510,3,0,0.035,3374729
1788986510,3,0,0.067,3374729
1788986510,2,0,0.004,3374729
1788986511,4,0,1.662,3374729
1788986511,3,0,0.007,3374729
1788986511,0,0,0.006,3374729
1788986511,0,0,0.006,3374729
1788986513,5,0,1.876,3374729
1788986524,5,0,10.721,3374729
1788986524,0,0,0.011,3374729
1788986524,6,0,0.008,3374729
1788986524,3,0,0.003,3374729
1788986524,3,0,0.078,3374729
1788986525,5,0,1.257,3374729
1788986527,2,0,1.19,3374729
1788986529,2,0,2.719,3374729
1788986531,4,0,1.442,3374729
1788986531,3,0,0.074,3374729
1788986531,5,0,0.12,3374729
1788986532,2,0,1.231,3374729
1788986534,4,0,2,3374729
1788986534,3,0,0.051,3374729
1788986534,5,0,0.118,3374729
1788986534,0,0,0.013,3374729
1788986534,6,0,0.007,3374729
1788986534,0,0,0.009,3374729
1788986534,0,0,0.015,3374729
1788986534,0,0,0.008,3374729
1788986536,7,0,1.561,3374729
1788986539,4,0,3.088,3374729
1788986539,7,0,0.172,3374729
1788986539,0,0,0.011,3374729
1788986539,0,0,0.012,3374729
1788986539,3,0,0.004,3374729
1788986539,3,0,0.066,3374729
1788986539,2,0,0.003,3374729
1788986539,2,0,0.004,3374729
1788986539,3,0,0.068,3374729
1788986539,3,0,0.005,3374729
1788986539,3,0,0.088,3374729
1788986540,3,0,0.03,3374729
1788986540,3,0,0.055,3374729
1788986540,3,0,0.075,3374729
1788986549,5,0,9.161,3374729
1788986549,3,0,0.079,3374729
1788986549,3,0,0.069,3374729
1788986549,0,0,0.005,3374729
1788986549,0,0,0.008,3374729
1788986550,4,0,1.075,3374729
1788986552,2,0,1.794,3374729
1788986553,4,0,0.927,3374729
1788986553,0,0,0.014,3374729
1788986553,3,0,0.004,3374729
1788986554,4,0,1.057,3374729
1788986554,3,0,0.083,3374729
1788986565,5,0,10.753,3374729
1788986566,4,0,1.087,3374729
1788986566,3,0,0.003,3374729
1788986574,5,0,8.576,3374729
1788986577,4,0,2.264,3374729
1788986577,4,0,0.516,3374729
1788986577,1,0,0.002,3374729
1788986578,2,0,1.266,3374729
1788986578,6,0,0.007,3374729
1788986578,3,0,0.064,3374729
1788986578,6,0,0.007,3374729
1788986579,3,0,0.082,3374729
1788986580,5,0,1.088,3374729
1788986580,6,0,0.007,3374729
1788986581,5,0,1.206,3374729
1788986585,4,0,4.281,3374729
1788986586,2,0,0.909,3374729
1788986587,2,0,1.298,3374729
1788986587,0,0,0.015,3374729
1788986587,3,0,0.016,3374729
1788986587,3,0,0.04,3374729
1788986587,1,0,0.001,3374729
1788986588,4,0,1.014,3374729
1788986592,2,0,3.961,3374729
1788986594,5,0,1.34,3374729
1788986594,5,0,0.12,3374729
1788986594,6,0,0.006,3374729
1788986594,0,0,0.01,3374729
1788986594,2,0,0.004,3374729
1788986595,2,0,1.088,3374729
1788986595,2,0,0.003,3374729
1788986595,6,0,0.009,3374729
1788986595,6,0,0.006,3374729
1788986595,2,0,0.004,3374729
1788986597,4,0,1.882,3374729
1788986599,4,0,1.689,3374729
1788986600,2,0,1.526,3374729
1788986600,3,0,0.009,3374729
1788986600,3,0,0.055,3374729
1788986601,4,0,1.175,3374729
1788986601,2,0,0,3374729
1788986601,3,0,0.055,3374729
1788986601,6,0,0.008,3374729
1788986601,3,0,0.006,3374729
1788986603,2,0,2.043,3374729
1788986603,3,0,0.036,3374729
1788986604,4,0,0.675,3374729
1788986604,0,0,0.006,3374729
1788986604,2,0,0.004,3374729
1788986604,2,0,0.003,3374729
1788986607,4,0,2.93,3374729
1788986607,0,0,0.009,3374729
1788986611,2,0,3.7,3374729
1788986612,4,0,1.171,3374729
1788986613,2,0,1.385,3374729
1788986613,0,0,0.012,3374729
1788986613,1,0,0.001,3374729
1788986616,2,0,2.647,3374729
1788986618,4,0,1.528,3374729
1788986618,3,0,0.059,3374729
1788986618,3,0,0.066,3374729
1788986618,3,0,0.004,3374729
1788986618,1,0,0,3374729
1788986618,0,0,0.012,3374729
1788986618,2,0,0.003,3374729
1788986618,4,0,0.624,3374729
1788986618,3,0,0.054,3374729
1788986618,6,0,0.008,3374729
1788986620,2,0,1.187,3374729
1788986620,3,0,0.005,3374729
1788986622,2,0,2.562,3374729
1788986622,2,0,0.003,3374729
1788986622,0,0,0.014,3374729
1788986622,5,0,0.105,3374729
1788986624,4,0,1.634,3374729
1788986625,4,0,1.441,3374729
1788986625,2,0,0.003,3374729
1788986625,3,0,0.009,3374729
1788986625,0,0,0.007,3374729
1788986625,3,0,0.07,3374729
1788986625,2,0,0.004,3374729
1788986625,2,0,0.002,3374729
1788986625,6,0,0.01,3374729
1788986627,4,0,1.247,3374729
1788986629,2,0,1.896,3374729
1788986631,5,0,2.855,3374729
1788986631,6,0,0.009,3374729
1788986633,4,0,1.175,3374729
1788986633,1,0,0.001,3374729
1788986634,4,0,1.195,3374729
1788986634,0,0,0.006,3374729
1788986636,5,0,1.885,3374729
1788986636,1,0,0,3374729
1788986636,6,0,0.007,3374729
1788986636,5,0,0.116,3374729
1788986636,5,0,0.122,3374729
1788986636,0,0,0.012,3374729
1788986636,0,0,0.006,3374729
1788986636,0,0,0.014,3374729
1788986637,4,0,0.922,3374729
1788986637,1,0,0.001,3374729
1788986639,4,0,2.204,3374729
1788986640,4,0,1.409,3374729
1788986641,6,0,0.008,3374729
1788986641,6,0,0.006,3374729
1788986642,4,0,1.471,3374729
1788986643,5,0,1.406,3374729
1788986646,4,0,2.98,3374729
1788986647,4,0,0.781,3374729
1788986647,0,0,0.012,3374729
1788986648,5,0,1.261,3374729
1788986648,1,0,0,3374729
1788986648,3,0,0.007,3374729
1788986651,7,0,2.809,3374729
1788986653,4,0,1.598,3374729
1788986653,2,0,0.003,3374729
1788986653,3,0,0.007,3374729
1788986653,0,0,0.006,3374729
1788986653,6,0,0.004,3374729
1788986653,3,0,0.008,3374729
1788986653,1,0,0.001,3374729
1788986653,0,0,0.01,3374729
1788986653,0,0,0.015,3374729
1788986653,2,0,0.005,3374729
1788986655,4,0,2.005,3374729
1788986655,0,0,0.018,3374729
1788986656,4,0,1.124,3374729
1788986657,5,0,1.137,3374729
1788986658,4,0,1.055,3374729
1788986658,0,0,0.01,3374729
1788986660,2,0,1.262,3374729
1788986660,6,0,0.009,3374729
1788986660,3,0,0.014,3374729
1788986660,2,0,0.002,3374729
1788986660,0,0,0.013,3374729
1788986660,0,0,0.016,3374729
1788986660,3,0,0.012,3374729
1788986660,5,0,0.134,3374729
1788986660,0,0,0.004,3374729
1788986660,3,0,0.046,3374729
1788986669,5,0,8.83,3374729
1788986669,6,0,0.01,3374729
1788986669,3,0,0.005,3374729
1788986669,4,0,0.705,3374729
1788986669,3,0,0.003,3374729
1788986669,3,0,0.011,3374729
1788986669,5,0,0.13,3374729
1788986672,4,0,2.689,3374729
1788986684,7,0,12.29,3374729
1788986686,2,0,1.404,3374729
1788986696,5,0,10.185,3374729
1788986696,3,0,0.005,3374729
1788986698,2,0,1.717,3374729
1788986702,4,0,3.882,3374729
1788986702,1,0,0.002,3374729
1788986704,2,0,1.994,3374729
1788986704,3,0,0.09,3374729
1788986704,3,0,0.065,3374729
1788986704,3,0,0.093,3374729
1788986705,2,0,0.94,3374729
1788986705,1,0,0.001,3374729
1788986715,5,0,10.428,3374729
1788986715,0,0,0.012,3374729
1788986717,4,0,1.689,3374729
1788986717,0,0,0.013,3374729
1788986717,6,0,0.008,3374729
1788986718,2,0,0.96,3374729
1788986718,3,0,0.008,3374729
1788986718,0,0,0.008,3374729
1788986721,2,0,2.76,3374729
1788986721,6,0,0.006,3374729
1788986721,6,0,0.006,3374729
1788986721,6,0,0.009,3374729
1788986722,4,0,0.975,3374729
1788986722,3,0,0.06,3374729
1788986722,3,0,0.029,3374729
1788986734,5,0,12.038,3374729
1788986738,4,0,4.085,3374729
1788986738,3,0,0.033,3374729
1788986739,2,0,1.106,3374729
1788986740,4,0,0.954,3374729
1788986740,0,0,0.006,3374729
1788986740,3,0,0.011,3374729
1788986740,3,0,0.049,3374729
1788986740,3,0,0.063,3374729
1788986740,3,0,0.04,3374729
1788986749,5,0,9.283,3374729
1788986751,4,0,1.765,3374729
1788986754,2,0,2.557,3374729
1788986755,2,0,1.375,3374729
1788986755,3,0,0.011,3374729
1788986755,2,0,0.002,3374729
1788986755,3,0,0.01,3374729
1788986755,7,0,0.184,3374729
1788986755,3,0,0.041,3374729
1788986756,4,0,0.926,3374729
1788986756,0,0,0.009,3374729
1788986756,0,0,0.009,3374729
1788986756,0,0,0.005,3374729
1788986756,3,0,0.007,3374729
1788986758,2,0,1.708,3374729
1788986758,0,0,0.007,3374729
1788986758,0,0,0.007,3374729
1788986758,2,0,0.002,3374729
1788986758,0,0,0.013,3374729
1788986758,3,0,0.062,3374729
1788986759,4,0,0.934,3374729
1788986761,2,0,1.444,3374729
1788986764,4,0,3.304,3374729
1788986764,6,0,0.008,3374729
1788986764,7,0,0.169,3374729
1788986765,4,0,1.091,3374729
1788986767,4,0,1.903,3374729
1788986767,6,0,0.006,3374729
1788986768,4,0,1.205,3374729
1788986768,6,0,0.005,3374729
1788986768,0,0,0.008,3374729
1788986768,3,0,0.011,3374729
1788986769,4,0,1.022,3374729
1788986769,6,0,0.007,3374729
1788986769,0,0,0.01,3374729
1788986769,3,0,0.007,3374729
1788986769,0,0,0.006,3374729
1788986769,6,0,0.01,3374729
1788986778,7,0,8.254,3374729
1788986779,4,0,1.024,3374729
1788986783,4,0,4.287,3374729
1788986783,3,0,0.056,3374729
1788986784,4,0,1.284,3374729
1788986794,5,0,9.791,3374729
1788986796,2,0,1.693,3374729
1788986796,1,0,0.002,3374729
1788986796,2,0,0.003,3374729
1788986797,4,0,1.399,3374729
1788986797,6,0,0.006,3374729
1788986798,4,0,0.857,3374729
1788986798,6,0,0.009,3374729
1788986798,3,0,0.042,3374729
1788986798,3,0,0.06,3374729
1788986798,5,0,0.132,3374729
1788986798,3,0,0.009,3374729
1788986798,3,0,0.088,3374729
1788986800,4,0,1.332,3374729
1788986800,3,0,0.034,3374729
1788986800,3,0,0.003,3374729
1788986801,4,0,0.906,3374729
1788986801,0,0,0.005,3374729
1788986802,7,0,1.776,3374729
1788986802,STOP,,,3374729
