1788983184,0,0,0.031,3374754
1788983184,3,0,0.087,3374754
1788983184,0,0,0.01,3374754
1788983184,3,0,0.009,3374754
1788983184,6,0,0.013,3374754
1788983184,3,0,0.107,3374754
1788983184,1,0,0.002,3374754
1788983187,2,0,2.629,3374754
1788983187,0,0,0.01,3374754
1788983187,0,0,0.007,3374754
1788983187,2,0,0.004,3374754
1788983188,2,0,1.511,3374754
1788983190,4,0,1.63,3374754
1788983190,3,0,0.068,3374754
1788983192,4,0,2.473,3374754
1788983192,2,0,0.004,3374754
1788983192,1,0,0.001,3374754
1788983194,4,0,1.536,3374754
1788983203,7,0,9.193,3374754
1788983203,0,0,0.007,3374754
1788983204,7,0,1.183,3374754
1788983204,3,0,0.084,3374754
1788983204,0,0,0.011,3374754
1788983206,4,0,1.614,3374754
1788983206,3,0,0.099,3374754
1788983208,4,0,2.085,3374754
1788983211,4,0,2.586,3374754
1788983211,3,0,0.004,3374754
1788983211,2,0,0.004,3374754
1788983211,3,0,0.076,3374754
1788983221,5,0,10.366,3374754
1788983221,0,0,0.015,3374754
1788983223,4,0,1.405,3374754
1788983223,0,0,0.009,3374754
1788983226,2,0,3.464,3374754
1788983227,4,0,0.987,3374754
1788983237,5,0,9.92,3374754
1788983237,3,0,0.082,3374754
1788983237,0,0,0.011,3374754
1788983238,4,0,1.327,3374754
1788983240,5,0,1.76,3374754
1788983240,3,0,0.06,3374754
1788983240,3,0,0.068,3374754
1788983240,3,0,0.01,3374754
1788983242,5,0,1.764,3374754
1788983244,4,0,1.83,3374754
1788983244,2,0,0.003,3374754
1788983244,6,0,0.007,3374754
1788983244,3,0,0.003,3374754
1788983245,7,0,1.337,3374754
1788983245,3,0,0.137,3374754
1788983247,2,0,1.312,3374754
1788983247,6,0,0.01,3374754
1788983248,4,0,0.907,3374754
1788983248,3,0,0.016,3374754
1788983249,4,0,1.203,3374754
1788983249,6,0,0.01,3374754
1788983250,5,0,1.025,3374754
1788983250,6,0,0.011,3374754
1788983261,5,0,10.782,3374754
1788983261,0,0,0.004,3374754
1788983261,0,0,0.01,3374754
1788983270,5,0,9.734,3374754
1788983270,1,0,0.001,3374754
1788983271,3,0,0.049,3374754
1788983273,4,0,2.288,3374754
1788983273,6,0,0.009,3374754
1788983273,6,0,0.007,3374754
1788983275,2,0,1.924,3374754
1788983276,2,0,0.99,3374754
1788983286,5,0,10.515,3374754
1788983286,2,0,0.003,3374754
1788983286,6,0,0.01,3374754
1788983287,4,0,1.002,3374754
1788983287,3,0,0.086,3374754
1788983287,1,0,0.001,3374754
1788983287,0,0,0.003,3374754
1788983287,1,0,0.001,3374754
1788983289,4,0,1.227,3374754
1788983291,4,0,2.013,3374754
1788983291,3,0,0.085,3374754
1788983294,4,0,3.671,3374754
1788983294,0,0,0.009,3374754
1788983294,0,0,0.009,3374754
1788983295,4,0,0.916,3374754
1788983295,3,0,0.009,3374754
1788983296,4,0,1.062,3374754
1788983296,3,0,0.063,3374754
1788983307,5,0,10.169,3374754
1788983307,6,0,0.005,3374754
1788983309,4,0,2.237,3374754
1788983309,3,0,0.077,3374754
1788983309,3,0,0.031,3374754
1788983309,3,0,0.102,3374754
1788983310,5,0,0.839,3374754
1788983310,3,0,0.063,3374754
1788983310,2,0,0.002,3374754
1788983312,4,0,2.171,3374754
1788983312,3,0,0.038,3374754
1788983312,6,0,0.008,3374754
1788983313,4,0,0.929,3374754
1788983313,3,0,0.037,3374754
1788983313,1,0,0.002,3374754
1788983324,5,0,10.669,3374754
1788983324,0,0,0.011,3374754
1788983324,7,0,0.177,3374754
1788983324,3,0,0.044,3374754
1788983325,2,0,0.998,3374754
1788983328,2,0,2.685,3374754
1788983330,4,0,2.612,3374754
1788983332,4,0,1.744,3374754
1788983332,0,0,0.012,3374754
1788983334,4,0,1.529,3374754
1788983334,3,0,0.037,3374754
1788983335,5,0,1.213,3374754
1788983335,1,0,0.002,3374754
1788983345,5,0,10.034,3374754
1788983346,2,0,0.883,3374754
1788983346,6,0,0.01,3374754
1788983346,2,0,0.004,3374754
1788983347,2,0,1.029,3374754
1788983347,0,0,0.019,3374754
1788983347,2,0,0.003,3374754
1788983347,0,0,0.006,3374754
1788983347,6,0,0.007,3374754
1788983347,2,0,0.003,3374754
1788983347,3,0,0.05,3374754
1788983347,2,0,0.004,3374754
1788983349,4,0,1.724,3374754
1788983349,7,0,0.177,3374754
1788983349,3,0,0.099,3374754
1788983349,0,0,0.012,3374754
1788983349,3,0,0.085,3374754
1788983350,2,0,1.153,3374754
1788983350,3,0,0.004,3374754
1788983350,3,0,0.077,3374754
1788983351,4,0,1.134,3374754
1788983351,0,0,0.006,3374754
1788983351,6,0,0.009,3374754
1788983351,0,0,0.006,3374754
1788983352,7,0,0.183,3374754
1788983353,2,0,1.481,3374754
1788983354,5,0,0.96,3374754
1788983355,5,0,1.378,3374754
1788983355,0,0,0.005,3374754
1788983356,2,0,0.895,3374754
1788983358,4,0,1.331,3374754
1788983358,0,0,0.007,3374754
1788983367,5,0,9.683,3374754
1788983375,7,0,7.866,3374754
1788983375,2,0,0.003,3374754
1788983378,2,0,2.431,3374754
1788983378,3,0,0.061,3374754
1788983378,6,0,0.008,3374754
1788983378,3,0,0.075,3374754
1788983379,4,0,1.594,3374754
1788983379,3,0,0.034,3374754
1788983379,1,0,0.002,3374754
1788983379,3,0,0.006,3374754
1788983381,4,0,1.244,3374754
1788983381,3,0,0.303,3374754
1788983384,4,0,2.614,3374754
1788983384,2,0,0.002,3374754
1788983385,7,0,1.485,3374754
1788983385,2,0,0.002,3374754
1788983385,3,0,0.077,3374754
1788983386,4,0,1.134,3374754
1788983386,1,0,0.002,3374754
1788983386,3,0,0.068,3374754
1788983386,3,0,0.056,3374754
1788983386,0,0,0.005,3374754
1788983386,3,0,0.065,3374754
1788983386,0,0,0.007,3374754
1788983387,0,0,0.009,3374754
1788983387,6,0,0.003,3374754
1788983388,4,0,1.212,3374754
1788983388,3,0,0.148,3374754
1788983391,4,0,3.404,3374754
1788983393,4,0,1.417,3374754
1788983393,6,0,0.007,3374754
1788983393,6,0,0.009,3374754
1788983393,0,0,0.006,3374754
1788983395,4,0,1.895,3374754
1788983396,4,0,1.431,3374754
1788983396,0,0,0.016,3374754
1788983396,3,0,0.005,3374754
1788983396,2,0,0.002,3374754
1788983396,3,0,0.008,3374754
1788983396,3,0,0.008,3374754
1788983409,7,0,12.629,3374754
1788983409,0,0,0.006,3374754
1788983409,0,0,0.003,3374754
1788983409,3,0,0.068,3374754
1788983410,2,0,1.128,3374754
1788983410,1,0,0.001,3374754
1788983410,3,0,0.009,3374754
1788983410,2,0,0.003,3374754
1788983410,2,0,0.003,3374754
1788983410,3,0,0.046,3374754
1788983410,2,0,0.003,3374754
1788983410,1,0,0.001,3374754
1788983410,2,0,0.002,3374754
1788983410,7,0,0.157,3374754
1788983411,4,0,1.154,3374754
1788983413,4,0,1.369,3374754
1788983413,7,0,0.17,3374754
1788983413,0,0,0.005,3374754
1788983413,0,0,0.006,3374754
1788983423,5,0,9.835,3374754
1788983423,6,0,0.008,3374754
1788983423,2,0,0.003,3374754
1788983425,4,0,1.95,3374754
1788983427,4,0,1.966,3374754
1788983427,0,0,0.007,3374754
1788983427,0,0,0.009,3374754
1788983427,1,0,0.001,3374754
1788983427,3,0,0.102,3374754
1788983427,2,0,0.004,3374754
1788983428,4,0,0.886,3374754
1788983430,2,0,2.055,3374754
1788983430,6,1,0.006,3374754
1788983430,6,0,0.009,3374754
1788983431,4,0,1.584,3374754
1788983432,4,0,1.089,3374754
1788983433,5,0,0.955,3374754
1788983435,5,0,1.897,3374754
1788983435,3,0,0.064,3374754
1788983436,2,0,0.968,3374754
1788983437,4,0,1.002,3374754
1788983437,3,0,0.061,3374754
1788983439,4,0,2.108,3374754
1788983439,3,0,0.065,3374754
1788983451,5,0,12.012,3374754
1788983452,0,0,0.017,3374754
1788983452,6,0,0.01,3374754
1788983452,0,0,0.006,3374754
1788983452,3,0,0.095,3374754
1788983452,0,0,0.012,3374754
1788983453,4,0,0.936,3374754
1788983453,6,0,0.008,3374754
1788983454,4,0,1.268,3374754
1788983454,6,0,0.007,3374754
1788983454,3,0,0.072,3374754
1788983454,6,0,0.007,3374754
1788983454,3,0,0.007,3374754
1788983454,6,0,0.01,3374754
1788983454,1,0,0,3374754
1788983454,0,0,0.011,3374754
1788983454,3,0,0.068,3374754
1788983455,4,0,0.677,3374754
1788983456,2,0,0.824,3374754
1788983457,4,0,1.261,3374754
1788983457,2,0,0.004,3374754
1788983457,2,0,0,3374754
1788983457,3,0,0.039,3374754
1788983458,4,0,1.376,3374754
1788983460,4,0,1.649,3374754
1788983461,4,0,1.612,3374754
1788983461,6,0,0.008,3374754
1788983461,0,0,0.011,3374754
1788983461,1,0,0,3374754
1788983462,0,0,0.01,3374754
1788983462,3,0,0.008,3374754
1788983462,0,0,0.007,3374754
1788983462,6,0,0.01,3374754
1788983464,7,0,2.173,3374754
1788983468,5,0,3.982,3374754
1788983468,3,0,0.016,3374754
1788983468,1,0,0.001,3374754
1788983468,5,0,0.123,3374754
1788983468,3,0,0.005,3374754
1788983468,0,0,0.015,3374754
1788983468,2,0,0.002,3374754
1788983468,6,0,0.009,3374754
1788983468,6,0,0.007,3374754
1788983468,3,0,0.011,3374754
1788983468,1,0,0.001,3374754
1788983472,4,0,4.447,3374754
1788983472,3,0,0.091,3374754
1788983473,2,0,0.877,3374754
1788983473,7,0,0.175,3374754
1788983473,6,0,0.011,3374754
1788983478,4,0,4.578,3374754
1788983478,0,0,0.015,3374754
1788983478,6,0,0.007,3374754
1788983478,1,0,0.001,3374754
1788983480,2,0,1.606,3374754
1788983480,2,0,0.002,3374754
1788983482,4,0,2.136,3374754
1788983482,6,0,0.006,3374754
1788983484,2,0,1.787,3374754
1788983484,3,0,0.085,3374754
1788983484,1,0,0.002,3374754
1788983494,5,0,10.148,3374754
1788983494,0,0,0.007,3374754
1788983494,3,0,0.061,3374754
1788983495,5,0,1.178,3374754
1788983495,6,0,0.011,3374754
1788983495,3,0,0.011,3374754
1788983495,3,0,0.004,3374754
1788983495,6,0,0.009,3374754
1788983495,3,0,0.003,3374754
1788983495,3,0,0.065,3374754
1788983495,0,0,0.013,3374754
1788983497,4,0,1.777,3374754
1788983498,2,0,1.335,3374754
1788983501,4,0,2.635,3374754
1788983502,2,0,1.167,3374754
1788983503,4,0,1.116,3374754
1788983503,6,0,0.01,3374754
1788983503,6,0,0.01,3374754
1788983504,2,0,1.008,3374754
1788983506,4,0,1.556,3374754
1788983506,0,0,0.005,3374754
1788983506,3,0,0.026,3374754
1788983506,3,0,0.007,3374754
1788983506,0,0,0.008,3374754
1788983507,4,0,1.302,3374754
1788983507,5,0,0.12,3374754
1788983511,4,0,3.221,3374754
1788983512,4,0,1.02,3374754
1788983512,0,0,0.007,3374754
1788983513,4,0,1.936,3374754
1788983515,2,0,1.097,3374754
1788983516,2,0,1.582,3374754
1788983516,0,0,0.011,3374754
1788983516,3,0,0.006,3374754
1788983517,2,0,1.285,3374754
1788983517,0,0,0.012,3374754
1788983518,5,0,0.964,3374754
1788983518,0,0,0.006,3374754
1788983518,3,0,0.043,3374754
1788983521,4,0,2.774,3374754
1788983521,5,0,0.133,3374754
1788983521,3,0,0.006,3374754
1788983521,1,0,0.001,3374754
1788983523,2,0,1.294,3374754
1788983523,2,0,0.708,3374754
1788983523,1,0,0.001,3374754
1788983523,0,0,0.005,3374754
1788983523,3,0,0.009,3374754
1788983523,3,0,0.078,3374754
1788983525,4,0,1.128,3374754
1788983525,2,0,0.003,3374754
1788983526,2,0,1.823,3374754
1788983527,3,0,0.062,3374754
1788983527,3,0,0.008,3374754
1788983529,4,0,2.07,3374754
1788983529,0,0,0.01,3374754
1788983529,3,0,0.052,3374754
1788983531,5,0,1.923,3374754
1788983534,4,0,3.255,3374754
1788983534,6,0,0.008,3374754
1788983538,4,0,4.35,3374754
1788983538,3,0,0.067,3374754
1788983538,6,0,0.005,3374754
1788983540,4,0,1.823,3374754
1788983540,6,0,0.008,3374754
1788983544,4,0,4.048,3374754
1788983547,5,0,2.938,3374754
1788983549,5,0,1.479,3374754
1788983550,4,0,1.138,3374754
1788983550,3,0,0.068,3374754
1788983550,6,0,0.007,3374754
1788983550,3,0,0.058,3374754
1788983551,4,0,1.394,3374754
1788983551,3,0,0.013,3374754
1788983551,0,0,0.012,3374754
1788983553,4,0,1.3,3374754
1788983555,4,0,2.185,3374754
1788983555,0,0,0.013,3374754
1788983555,0,0,0.011,3374754
1788983555,3,0,0.008,3374754
1788983555,3,0,0.085,3374754
1788983555,1,0,0.002,3374754
1788983555,3,0,0.011,3374754
1788983555,0,0,0.017,3374754
1788983555,0,0,0.006,3374754
1788983564,5,0,9.274,3374754
1788983564,0,0,0.007,3374754
1788983565,4,0,1.314,3374754
1788983565,6,0,0.007,3374754
1788983566,5,0,0.122,3374754
1788983566,2,0,0.003,3374754
1788983566,0,0,0.01,3374754
1788983566,5,0,0.12,3374754
1788983566,1,0,0.002,3374754
1788983566,6,0,0.008,3374754
1788983566,6,0,0.006,3374754
1788983566,0,0,0.012,3374754
1788983566,6,0,0.007,3374754
1788983566,6,0,0.007,3374754
1788983566,2,0,0.003,3374754
1788983566,0,0,0.008,3374754
1788983566,0,0,0.01,3374754
1788983567,2,0,0.972,3374754
1788983567,2,0,0.002,3374754
1788983567,0,0,0.007,3374754
1788983567,2,0,0.003,3374754
1788983567,6,0,0.006,3374754
1788983567,0,0,0.046,3374754
1788983568,2,0,1.519,3374754
1788983568,3,0,0.057,3374754
1788983569,4,0,0.59,3374754
1788983569,0,0,0.011,3374754
1788983569,3,0,0.045,3374754
1788983569,3,0,0.063,3374754
1788983569,6,0,0.009,3374754
1788983569,3,0,0.033,3374754
1788983569,3,0,0.064,3374754
1788983570,4,0,0.904,3374754
1788983572,4,0,1.957,3374754
1788983572,0,0,0.013,3374754
1788983572,0,0,0.009,3374754
1788983572,3,0,0.008,3374754
1788983572,1,0,0.002,3374754
1788983572,1,0,0.001,3374754
1788983572,0,0,0.016,3374754
1788983574,4,0,1.917,3374754
1788983574,2,0,0.002,3374754
1788983575,4,0,1.116,3374754
1788983577,4,0,2.077,3374754
1788983577,0,0,0.004,3374754
1788983577,0,0,0.011,3374754
1788983577,0,0,0.011,3374754
1788983578,2,0,1.185,3374754
1788983579,3,0,0.065,3374754
1788983579,6,0,0.006,3374754
1788983579,6,0,0.01,3374754
1788983579,3,0,0.039,3374754
1788983583,4,0,4.544,3374754
1788983583,3,0,0.036,3374754
1788983583,6,0,0.006,3374754
1788983583,0,0,0.016,3374754
1788983585,2,0,2.193,3374754
1788983587,2,0,1.418,3374754
1788983587,3,0,0.01,3374754
1788983589,4,0,1.693,3374754
1788983590,4,0,1.187,3374754
1788983590,3,0,0.073,3374754
1788983590,2,0,0.002,3374754
1788983590,1,0,0.001,3374754
1788983591,2,0,0.803,3374754
1788983591,0,0,0.007,3374754
1788983592,4,0,1.691,3374754
1788983592,6,0,0.007,3374754
1788983592,0,0,0.009,3374754
1788983592,6,0,0.009,3374754
1788983592,0,0,0.01,3374754
1788983592,0,0,0.016,3374754
1788983602,5,0,9.777,3374754
1788983602,1,0,0.002,3374754
1788983602,6,0,0.006,3374754
1788983602,3,0,0.033,3374754
1788983604,4,0,1.936,3374754
1788983604,3,0,0.008,3374754
1788983606,4,0,1.925,3374754
1788983607,4,0,1.171,3374754
1788983608,5,0,1.233,3374754
1788983610,4,0,1.285,3374754
1788983611,4,0,1.151,3374754
1788983611,3,0,0.084,3374754
1788983613,2,0,1.805,3374754
1788983613,1,0,0.002,3374754
1788983613,0,0,0.008,3374754
1788983613,0,0,0.007,3374754
1788983613,0,0,0.01,3374754
1788983613,2,0,0.002,3374754
1788983613,2,0,0.004,3374754
1788983614,4,0,0.904,3374754
1788983614,2,0,0.003,3374754
1788983614,1,0,0.001,3374754
1788983623,5,0,9.057,3374754
1788983624,4,0,1.149,3374754
1788983624,3,0,0.007,3374754
1788983624,3,0,0.042,3374754
1788983624,3,0,0.068,3374754
1788983624,6,0,0.007,3374754
1788983625,4,0,1.314,3374754
1788983625,3,0,0.048,3374754
1788983627,4,0,2.016,3374754
1788983629,4,0,1.214,3374754
1788983629,6,0,0.005,3374754
1788983629,0,0,0.006,3374754
1788983629,3,0,0.083,3374754
1788983630,2,0,0.918,3374754
1788983630,1,0,0.001,3374754
1788983630,3,0,0.007,3374754
1788983630,0,0,0.012,3374754
1788983631,4,0,1.093,3374754
1788983632,4,0,1.424,3374754
1788983633,4,0,1.079,3374754
1788983633,0,0,0.006,3374754
1788983635,4,0,1.499,3374754
1788983636,4,0,1.308,3374754
1788983636,6,0,0.005,3374754
1788983637,2,0,0.786,3374754
1788983637,3,0,0.043,3374754
1788983638,4,0,1.259,3374754
1788983639,4,0,0.64,3374754
1788983642,2,0,3.135,3374754
1788983644,2,0,1.999,3374754
1788983656,7,0,12.179,3374754
1788983656,3,0,0.007,3374754
1788983656,3,0,0.111,3374754
1788983656,1,0,0.001,3374754
1788983657,2,0,1.171,3374754
1788983662,2,0,4.422,3374754
1788983662,3,0,0.079,3374754
1788983663,5,0,1.117,3374754
1788983665,7,0,2.015,3374754
1788983665,3,0,0.065,3374754
1788983665,6,0,0.005,3374754
1788983665,6,0,0.007,3374754
1788983668,4,0,2.576,3374754
1788983668,6,0,0.006,3374754
1788983671,4,0,3.175,3374754
1788983671,3,0,0.035,3374754
1788983671,3,0,0.057,3374754
1788983673,4,0,2.102,3374754
1788983673,1,0,0.002,3374754
1788983675,4,0,2.065,3374754
1788983677,4,0,2.217,3374754
1788983679,4,0,1.182,3374754
1788983679,0,0,0.015,3374754
1788983679,3,0,0.007,3374754
1788983679,0,0,0.013,3374754
1788983679,0,0,0.015,3374754
1788983679,6,0,0.005,3374754
1788983679,5,0,0.124,3374754
1788983679,6,0,0.007,3374754
1788983680,4,0,0.813,3374754
1788983680,2,0,0.002,3374754
1788983680,0,0,0.011,3374754
1788983681,2,0,1.403,3374754
1788983683,4,0,1.849,3374754
1788983683,6,0,0.01,3374754
1788983692,5,0,9.631,3374754
1788983692,2,0,0.002,3374754
1788983694,5,0,1.34,3374754
1788983694,0,0,0.007,3374754
1788983696,4,0,2.292,3374754
1788983696,0,0,0.008,3374754
1788983697,4,0,0.873,3374754
1788983697,6,0,0.01,3374754
1788983697,6,0,0.014,3374754
1788983697,6,0,0.006,3374754
1788983698,4,0,1.13,3374754
1788983699,4,0,1.232,3374754
1788983699,3,0,0.048,3374754
1788983701,4,0,1.72,3374754
1788983701,0,0,0.008,3374754
1788983701,0,0,0.004,3374754
1788983703,4,0,1.777,3374754
1788983703,1,0,0.001,3374754
1788983703,3,0,0.067,3374754
1788983704,4,0,1.326,3374754
1788983706,4,0,1.355,3374754
1788983706,0,0,0.015,3374754
1788983706,0,0,0.014,3374754
1788983706,3,0,0.095,3374754
1788983706,0,0,0.008,3374754
1788983706,6,0,0.007,3374754
1788983714,5,0,7.914,3374754
1788983715,2,0,0.958,3374754
1788983716,4,0,1.071,3374754
1788983716,5,0,0.131,3374754
1788983728,5,0,12.318,3374754
1788983729,2,0,1.008,3374754
1788983731,4,0,2.074,3374754
1788983731,3,0,0.004,3374754
1788983731,3,0,0.073,3374754
1788983731,3,0,0.016,3374754
1788983731,6,0,0.01,3374754
1788983731,2,0,0.002,3374754
1788983731,1,0,0.002,3374754
1788983731,3,0,0.01,3374754
1788983733,4,0,1.66,3374754
1788983734,4,0,1.38,3374754
1788983734,2,0,0.002,3374754
1788983734,6,0,0.008,3374754
1788983734,1,0,0,3374754
1788983734,3,0,0.008,3374754
1788983734,2,0,0.004,3374754
1788983736,4,0,1.507,3374754
1788983736,2,0,0.002,3374754
1788983740,4,0,3.632,3374754
1788983741,2,0,1.413,3374754
1788983754,5,0,12.843,3374754
1788983755,4,0,1.236,3374754
1788983755,6,0,0.008,3374754
1788983757,5,0,1.49,3374754
1788983757,1,0,0.001,3374754
1788983757,0,0,0.018,3374754
1788983757,2,0,0.002,3374754
1788983759,4,0,2.731,3374754
1788983759,3,0,0.047,3374754
1788983759,2,0,0.006,3374754
1788983759,6,0,0.006,3374754
1788983759,3,0,0.082,3374754
1788983759,2,0,0.003,3374754
1788983759,0,0,0.011,3374754
1788983759,6,0,0.006,3374754
1788983762,4,0,2.025,3374754
1788983762,0,0,0.016,3374754
1788983762,2,0,0.005,3374754
1788983763,2,0,1.886,3374754
1788983763,2,0,0.002,3374754
1788983765,5,0,1.268,3374754
1788983768,4,0,3.122,3374754
1788983769,4,0,0.972,3374754
1788983769,3,0,0.033,3374754
1788983769,6,0,0.007,3374754
1788983771,5,0,2.287,3374754
1788983774,4,0,2.842,3374754
1788983774,7,0,0.191,3374754
1788983774,6,0,0.008,3374754
1788983774,0,0,0.007,3374754
1788983776,2,0,1.582,3374754
1788983776,5,0,0.12,3374754
1788983776,6,0,0.007,3374754
1788983778,5,0,2.401,3374754
1788983779,2,0,0.855,3374754
1788983779,2,0,0.003,3374754
1788983779,1,0,0,3374754
1788983779,0,0,0.007,3374754
1788983779,0,0,0.008,3374754
1788983789,5,0,9.773,3374754
1788983791,4,0,2.205,3374754
1788983792,5,0,0.863,3374754
1788983793,4,0,1.126,3374754
1788983795,4,0,1.706,3374754
1788983795,3,0,0.056,3374754
1788983796,2,0,1.245,3374754
1788983796,5,0,0.129,3374754
1788983796,3,0,0.051,3374754
1788983796,0,0,0.007,3374754
1788983797,2,0,0.974,3374754
1788983797,1,0,0.002,3374754
1788983797,6,0,0.005,3374754
1788983797,3,0,0.058,3374754
1788983797,3,0,0.01,3374754
1788983797,3,0,0.004,3374754
1788983799,4,0,1.394,3374754
1788983802,2,0,3.035,3374754
1788983802,2,0,0.002,3374754
1788983803,2,0,1.312,3374754
1788983803,3,0,0.087,3374754
1788983803,6,0,0.004,3374754
1788983803,5,0,0.123,3374754
1788983805,5,0,1.491,3374754
1788983809,4,0,4.022,3374754
1788983809,7,0,0.166,3374754
1788983809,3,0,0.008,3374754
1788983810,5,0,1.466,3374754
1788983810,6,0,0.006,3374754
1788983810,0,0,0.007,3374754
1788983812,4,0,1.293,3374754
1788983812,2,0,0.001,3374754
1788983812,0,0,0.018,3374754
1788983812,1,0,0.001,3374754
1788983815,4,0,2.818,3374754
1788983815,3,0,0.048,3374754
1788983815,1,0,0.001,3374754
1788983815,2,0,0.002,3374754
1788983824,5,0,9.277,3374754
1788983825,2,0,1.336,3374754
1788983827,4,0,1.232,3374754
1788983828,5,0,1.412,3374754
1788983830,4,0,1.576,3374754
1788983831,2,0,1.314,3374754
1788983831,7,0,0.184,3374754
1788983833,4,0,2.366,3374754
1788983833,6,0,0.007,3374754
1788983833,0,0,0.015,3374754
1788983834,4,0,0.961,3374754
1788983837,4,0,2.807,3374754
1788983837,0,0,0.01,3374754
1788983837,2,0,0.002,3374754
1788983837,2,0,0.004,3374754
1788983839,4,0,2.237,3374754
1788983841,5,0,1.472,3374754
1788983841,0,0,0.015,3374754
1788983841,2,0,0.001,3374754
1788983841,0,0,0.008,3374754
1788983841,3,0,0.09,3374754
1788983841,3,0,0.069,3374754
1788983841,1,0,0.001,3374754
1788983841,6,0,0.013,3374754
1788983844,4,0,2.496,3374754
1788983844,3,0,0.003,3374754
1788983845,4,0,1.606,3374754
1788983847,4,0,1.333,3374754
1788983847,6,0,0.007,3374754
1788983847,3,0,0.018,3374754
1788983848,4,0,1.219,3374754
1788983850,2,0,2.152,3374754
1788983851,4,0,1.175,3374754
1788983851,3,0,0.084,3374754
1788983852,4,0,1.022,3374754
1788983852,2,0,0.003,3374754
1788983852,6,0,0.007,3374754
1788983852,0,0,0.013,3374754
1788983853,4,0,1.242,3374754
1788983854,3,0,0.056,3374754
1788983854,0,0,0.005,3374754
1788983855,4,0,1.016,3374754
1788983856,4,0,1.067,3374754
1788983856,3,0,0.068,3374754
1788983856,0,0,0.011,3374754
1788983856,1,0,0.001,3374754
1788983856,3,0,0.058,3374754
1788983856,3,0,0.041,3374754
1788983864,5,0,8.342,3374754
1788983864,0,0,0.005,3374754
1788983866,4,0,1.4,3374754
1788983866,4,0,0.869,3374754
1788983868,4,0,1.868,3374754
1788983868,3,0,0.052,3374754
1788983868,6,0,0.006,3374754
1788983868,3,0,0.004,3374754
1788983868,3,0,0.066,3374754
1788983868,0,0,0.015,3374754
1788983879,5,0,10.932,3374754
1788983879,0,0,0.015,3374754
1788983879,0,0,0.04,3374754
1788983880,5,0,0.128,3374754
1788983880,6,0,0.006,3374754
1788983881,5,0,1.4,3374754
1788983881,6,0,0.007,3374754
1788983881,3,0,0.049,3374754
1788983882,4,0,0.796,3374754
1788983882,3,0,0.003,3374754
1788983883,5,0,0.896,3374754
1788983885,2,0,1.848,3374754
1788983885,2,0,0.004,3374754
1788983885,6,0,0.007,3374754
1788983885,4,0,0.855,3374754
1788983885,0,0,0.011,3374754
1788983885,0,0,0.009,3374754
1788983887,5,0,1.325,3374754
1788983888,4,0,1.05,3374754
1788983890,4,0,1.901,3374754
1788983890,0,0,0.007,3374754
1788983890,6,0,0.01,3374754
1788983890,6,0,0.005,3374754
1788983890,6,0,0.011,3374754
1788983890,2,0,0.002,3374754
1788983890,6,0,0.007,3374754
1788983900,5,0,10.692,3374754
1788983900,3,0,0.006,3374754
1788983902,4,0,1.093,3374754
1788983904,4,0,2.377,3374754
1788983906,4,0,2.362,3374754
1788983908,4,0,1.561,3374754
1788983908,2,0,0.003,3374754
1788983908,3,0,0.076,3374754
1788983908,0,0,0.007,3374754
1788983909,4,0,0.886,3374754
1788983909,5,0,0.119,3374754
1788983909,3,0,0.004,3374754
1788983910,4,0,1.125,3374754
1788983910,0,0,0.013,3374754
1788983921,5,0,11.151,3374754
1788983921,6,0,0.006,3374754
1788983921,1,0,0.002,3374754
1788983921,0,0,0.015,3374754
1788983921,1,0,0.002,3374754
1788983921,6,0,0.005,3374754
1788983921,6,0,0.008,3374754
1788983921,2,0,0.002,3374754
1788983921,2,0,0.001,3374754
1788983921,5,0,0.124,3374754
1788983923,2,0,1.192,3374754
1788983923,0,0,0.013,3374754
1788983923,5,0,0.124,3374754
1788983923,0,0,0.014,3374754
1788983923,0,0,0.009,3374754
1788983923,3,0,0.093,3374754
1788983924,2,0,1.452,3374754
1788983935,5,0,10.469,3374754
1788983937,4,0,2.616,3374754
1788983939,4,0,1.642,3374754
1788983939,0,0,0.006,3374754
1788983941,4,0,1.523,3374754
1788983941,0,0,0.006,3374754
1788983941,3,0,0.08,3374754
1788983942,2,0,1.365,3374754
1788983942,3,0,0.007,3374754
1788983942,0,0,0.016,3374754
1788983944,4,0,1.617,3374754
1788983946,4,0,2.084,3374754
1788983948,5,0,2.013,3374754
1788983958,5,0,10.444,3374754
1788983958,0,0,0.007,3374754
1788983958,1,0,0.001,3374754
1788983958,3,0,0.065,3374754
1788983958,3,0,0.006,3374754
1788983962,4,0,3.691,3374754
1788983964,4,0,1.928,3374754
1788983964,3,0,0.073,3374754
1788983964,3,0,0.054,3374754
1788983964,6,0,0.004,3374754
1788983965,4,0,1.196,3374754
1788983965,3,0,0.091,3374754
1788983966,4,0,0.863,3374754
1788983966,3,0,0.036,3374754
1788983969,2,0,2.514,3374754
1788983969,0,0,0.007,3374754
1788983969,6,0,0.007,3374754
1788983969,3,0,0.059,3374754
1788983972,4,0,2.898,3374754
1788983972,0,0,0.01,3374754
1788983973,2,0,1.652,3374754
1788983975,4,0,2.055,3374754
1788983975,1,0,0.002,3374754
1788983977,4,0,1.994,3374754
1788983977,1,0,0.001,3374754
1788983980,5,0,2.318,3374754
1788983980,3,0,0.066,3374754
1788983981,4,0,1.423,3374754
1788983983,2,0,2.041,3374754
1788983983,3,0,0.033,3374754
1788983983,3,0,0.081,3374754
1788983983,6,0,0.006,3374754
1788983983,6,0,0.005,3374754
1788983985,5,0,1.196,3374754
1788983985,6,0,0.008,3374754
1788983985,3,0,0.078,3374754
1788983995,5,0,10.78,3374754
1788983995,3,0,0.075,3374754
1788983996,0,0,0.008,3374754
1788983996,0,0,0.01,3374754
1788984008,7,0,12.894,3374754
1788984017,5,0,9.062,3374754
1788984018,3,0,0.051,3374754
1788984018,3,0,0.008,3374754
1788984019,4,0,1.016,3374754
1788984019,6,0,0.008,3374754
1788984021,4,0,2.118,3374754
1788984023,2,0,2.021,3374754
1788984023,0,0,0.016,3374754
1788984027,2,0,4.424,3374754
1788984029,4,0,1.952,3374754
1788984032,4,0,2.463,3374754
1788984032,3,0,0.075,3374754
1788984032,3,0,0.031,3374754
1788984033,4,0,1.08,3374754
1788984033,0,0,0.015,3374754
1788984033,0,0,0.015,3374754
1788984033,6,0,0.007,3374754
1788984034,4,0,1.205,3374754
1788984037,4,0,2.625,3374754
1788984037,0,0,0.011,3374754
1788984037,2,0,0.002,3374754
1788984037,0,0,0.006,3374754
1788984037,2,0,0.003,3374754
1788984037,3,0,0.036,3374754
1788984037,0,0,0.01,3374754
1788984037,1,0,0.001,3374754
1788984037,3,0,0.011,3374754
1788984037,2,0,0.002,3374754
1788984037,3,0,0.008,3374754
1788984037,3,0,0.014,3374754
1788984037,0,0,0.006,3374754
1788984037,3,0,0.033,3374754
1788984037,0,0,0.016,3374754
1788984037,0,0,0.01,3374754
1788984038,5,0,1.347,3374754
1788984038,1,0,0.001,3374754
1788984038,5,0,0.123,3374754
1788984039,5,0,1.211,3374754
1788984041,4,0,1.14,3374754
1788984043,4,0,1.966,3374754
1788984053,5,0,10.418,3374754
1788984054,7,0,1.236,3374754
1788984054,2,0,0.003,3374754
1788984055,4,0,1.163,3374754
1788984055,6,0,0.011,3374754
1788984055,3,0,0.039,3374754
1788984055,1,0,0.002,3374754
1788984055,6,0,0.01,3374754
1788984055,3,0,0.006,3374754
1788984055,3,0,0.003,3374754
1788984056,3,0,0.065,3374754
1788984056,3,0,0.078,3374754
1788984059,2,0,3.753,3374754
1788984059,3,0,0.034,3374754
1788984060,4,0,0.757,3374754
1788984062,2,0,1.895,3374754
1788984062,6,0,0.009,3374754
1788984062,6,0,0.008,3374754
1788984063,4,0,1.03,3374754
1788984066,2,0,3.191,3374754
1788984067,4,0,0.691,3374754
1788984068,5,0,1.52,3374754
1788984070,2,0,1.127,3374754
1788984070,1,0,0.002,3374754
1788984070,4,0,0.761,3374754
1788984070,3,0,0.038,3374754
1788984070,6,0,0.008,3374754
1788984070,3,0,0.062,3374754
1788984070,1,0,0.001,3374754
1788984071,3,0,0.019,3374754
1788984071,2,0,0.004,3374754
1788984081,5,0,10.643,3374754
1788984081,2,0,0.005,3374754
1788984083,5,0,1.59,3374754
1788984084,4,0,1.37,3374754
1788984084,3,0,0.08,3374754
1788984094,7,0,10.16,3374754
1788984094,3,0,0.011,3374754
1788984094,2,0,0.001,3374754
1788984094,3,0,0.007,3374754
1788984095,4,0,1.055,3374754
1788984096,3,0,0.087,3374754
1788984096,3,0,0.014,3374754
1788984099,4,0,3.138,3374754
1788984100,4,0,1.418,3374754
1788984111,5,0,11.244,3374754
1788984111,6,0,0.008,3374754
1788984111,0,0,0.007,3374754
1788984111,3,0,0.008,3374754
1788984122,5,0,10.999,3374754
1788984122,6,0,0.009,3374754
1788984124,4,0,1.233,3374754
1788984125,2,0,1.445,3374754
1788984128,4,0,2.616,3374754
1788984128,6,0,0.006,3374754
1788984128,0,0,0.01,3374754
1788984128,3,0,0.007,3374754
1788984128,0,0,0.016,3374754
1788984129,4,0,1.664,3374754
1788984129,3,0,0.056,3374754
1788984129,0,0,0.01,3374754
1788984129,6,0,0.008,3374754
1788984131,5,0,1.261,3374754
1788984131,1,0,0.002,3374754
1788984131,2,0,0.004,3374754
1788984131,0,0,0.01,3374754
1788984131,0,0,0.008,3374754
1788984131,0,0,0.009,3374754
1788984132,4,0,1.049,3374754
1788984138,5,0,6.546,3374754
1788984138,3,0,0.004,3374754
1788984139,4,0,1.044,3374754
1788984140,4,0,0.912,3374754
1788984140,3,0,0.035,3374754
1788984140,6,0,0.01,3374754
1788984140,6,0,0.008,3374754
1788984140,3,0,0.003,3374754
1788984140,3,0,0.095,3374754
1788984144,2,0,3.534,3374754
1788984144,3,0,0.051,3374754
1788984144,1,0,0.002,3374754
1788984146,4,0,1.529,3374754
1788984147,4,0,1.573,3374754
1788984147,3,0,0.008,3374754
1788984147,0,0,0.007,3374754
1788984158,5,0,11.36,3374754
1788984159,3,0,0.063,3374754
1788984160,4,0,1.211,3374754
1788984171,7,0,11.523,3374754
1788984175,4,0,3.307,3374754
1788984175,3,0,0.03,3374754
1788984175,3,0,0.094,3374754
1788984175,3,0,0.092,3374754
1788984175,0,0,0.015,3374754
1788984178,2,0,2.931,3374754
1788984178,3,0,0.007,3374754
1788984179,4,0,1.615,3374754
1788984179,3,0,0.034,3374754
1788984179,2,0,0.003,3374754
1788984179,1,0,0.001,3374754
1788984181,4,0,2.011,3374754
1788984183,4,0,1.362,3374754
1788984183,3,0,0.008,3374754
1788984183,6,0,0.007,3374754
1788984183,0,0,0.015,3374754
1788984183,2,0,0.003,3374754
1788984183,1,0,0.001,3374754
1788984184,4,0,1.155,3374754
1788984185,4,0,0.895,3374754
1788984185,3,0,0.005,3374754
1788984185,0,0,0.013,3374754
1788984185,6,0,0.006,3374754
1788984186,2,0,1.265,3374754
1788984187,4,0,1.004,3374754
1788984198,5,0,10.802,3374754
1788984198,3,0,0.035,3374754
1788984198,3,0,0.048,3374754
1788984198,1,0,0.001,3374754
1788984198,0,0,0.01,3374754
1788984198,6,0,0.009,3374754
1788984200,4,0,1.541,3374754
1788984200,2,0,0.002,3374754
1788984200,6,0,0.007,3374754
1788984200,0,0,0.008,3374754
1788984200,0,0,0.017,3374754
1788984200,0,0,0.015,3374754
1788984200,6,0,0.01,3374754
1788984200,0,0,0.006,3374754
1788984201,4,0,1.796,3374754
1788984201,6,0,0.008,3374754
1788984202,5,0,1,3374754
1788984203,0,0,0.011,3374754
1788984203,3,0,0.078,3374754
1788984203,3,0,0.004,3374754
1788984203,3,0,0.05,3374754
1788984206,4,0,3.327,3374754
1788984206,2,0,0.003,3374754
1788984207,4,0,1.022,3374754
1788984208,7,0,0.943,3374754
1788984209,4,0,0.819,3374754
1788984209,5,0,0.128,3374754
1788984210,4,0,1.523,3374754
1788984210,3,0,0.083,3374754
1788984210,6,0,0.009,3374754
1788984211,4,0,0.982,3374754
1788984214,4,0,2.209,3374754
1788984216,4,0,2.141,3374754
1788984216,6,0,0.007,3374754
1788984216,1,0,0.002,3374754
1788984216,2,0,0.004,3374754
1788984218,4,0,2.08,3374754
1788984218,5,0,0.137,3374754
1788984218,2,0,0.002,3374754
1788984218,0,0,0.005,3374754
1788984218,3,0,0.045,3374754
1788984218,1,0,0,3374754
1788984218,1,0,0,3374754
1788984218,3,0,0.082,3374754
1788984222,5,0,3.45,3374754
1788984222,6,0,0.006,3374754
1788984222,6,0,0.005,3374754
1788984222,3,0,0.053,3374754
1788984222,0,0,0.009,3374754
1788984222,1,0,0.001,3374754
1788984224,4,0,1.93,3374754
1788984225,4,0,1.498,3374754
1788984225,3,0,0.005,3374754
1788984226,4,0,1.132,3374754
1788984228,2,0,2.005,3374754
1788984228,3,0,0.072,3374754
1788984230,4,0,1.631,3374754
1788984230,5,0,0.121,3374754
1788984230,0,0,0.01,3374754
1788984230,2,0,0.002,3374754
1788984230,6,0,0.008,3374754
1788984230,3,0,0.078,3374754
1788984239,5,0,8.81,3374754
1788984240,5,0,1.133,3374754
1788984241,5,0,0.99,3374754
1788984245,4,0,4.183,3374754
1788984245,5,0,0.113,3374754
1788984246,3,0,0.059,3374754
1788984246,3,0,0.049,3374754
1788984246,4,0,0.798,3374754
1788984246,1,0,0.001,3374754
1788984248,4,0,1.503,3374754
1788984248,0,0,0.014,3374754
1788984250,4,0,2.373,3374754
1788984250,0,0,0.016,3374754
1788984250,3,0,0.125,3374754
1788984250,6,0,0.008,3374754
1788984250,3,0,0.043,3374754
1788984250,2,0,0.004,3374754
1788984251,3,0,0.08,3374754
1788984251,6,0,0.007,3374754
1788984251,6,0,0.008,3374754
1788984251,4,0,0.564,3374754
1788984251,3,0,0.064,3374754
1788984251,3,0,0.045,3374754
1788984251,6,0,0.01,3374754
1788984251,2,0,0.003,3374754
1788984254,4,0,2.349,3374754
1788984254,2,0,0.004,3374754
1788984254,0,0,0.007,3374754
1788984254,0,0,0.015,3374754
1788984254,3,0,0.107,3374754
1788984254,3,0,0.094,3374754
1788984256,5,0,1.796,3374754
1788984256,6,0,0.006,3374754
1788984256,4,0,0.686,3374754
1788984258,5,0,1.717,3374754
1788984259,4,0,0.917,3374754
1788984261,4,0,2.326,3374754
1788984261,3,0,0.035,3374754
1788984261,0,0,0.008,3374754
1788984261,0,0,0.01,3374754
1788984263,4,0,1.631,3374754
1788984264,4,0,1.174,3374754
1788984264,3,0,0.009,3374754
1788984266,4,0,1.428,3374754
1788984266,3,0,0.088,3374754
1788984276,5,0,10.656,3374754
1788984276,6,0,0.007,3374754
1788984276,0,0,0.015,3374754
1788984276,0,0,0.02,3374754
1788984276,6,0,0.006,3374754
1788984278,4,0,1.349,3374754
1788984278,1,0,0.002,3374754
1788984278,2,0,0.002,3374754
1788984278,6,0,0.005,3374754
1788984279,4,0,0.846,3374754
1788984279,0,0,0.01,3374754
1788984279,0,0,0.02,3374754
1788984280,2,0,1.321,3374754
1788984280,0,0,0.009,3374754
1788984281,4,0,1.159,3374754
1788984281,3,0,0.084,3374754
1788984281,6,0,0.007,3374754
1788984281,0,0,0.008,3374754
1788984281,2,0,0.003,3374754
1788984285,4,0,3.603,3374754
1788984285,5,0,0.123,3374754
1788984285,6,0,0.007,3374754
1788984285,3,0,0.086,3374754
1788984285,2,0,0.003,3374754
1788984285,0,0,0.006,3374754
1788984285,1,0,0.001,3374754
1788984286,4,0,0.872,3374754
1788984287,2,0,1.539,3374754
1788984287,3,0,0.003,3374754
1788984289,4,0,1.254,3374754
1788984290,4,0,1.071,3374754
1788984301,5,0,11.525,3374754
1788984301,2,0,0.003,3374754
1788984302,4,0,1.21,3374754
1788984303,5,0,0.683,3374754
1788984304,2,0,1.263,3374754
1788984304,6,0,0.01,3374754
1788984315,5,0,10.319,3374754
1788984316,5,0,1.746,3374754
1788984316,6,0,0.007,3374754
1788984319,4,0,2.261,3374754
1788984319,1,0,0.001,3374754
1788984319,3,0,0.079,3374754
1788984319,3,0,0.042,3374754
1788984319,3,0,0.009,3374754
1788984319,3,0,0.006,3374754
1788984319,0,0,0.01,3374754
1788984319,2,0,0.002,3374754
1788984319,3,0,0.089,3374754
1788984321,2,0,2.383,3374754
1788984321,6,0,0.007,3374754
1788984321,2,0,0.003,3374754
1788984321,1,0,0.002,3374754
1788984321,1,0,0,3374754
1788984321,0,0,0.011,3374754
1788984321,3,0,0.09,3374754
1788984321,3,0,0.007,3374754
1788984323,4,0,1.827,3374754
1788984327,4,0,4.024,3374754
1788984327,3,0,0.019,3374754
1788984327,6,0,0.007,3374754
1788984327,0,0,0.017,3374754
1788984327,2,0,0.002,3374754
1788984331,2,0,3.27,3374754
1788984331,3,0,0.083,3374754
1788984331,3,0,0.011,3374754
1788984334,5,0,2.852,3374754
1788984335,4,0,1.381,3374754
1788984335,2,0,0.003,3374754
1788984336,4,0,1.331,3374754
1788984338,5,0,1.299,3374754
1788984338,4,0,0.795,3374754
1788984338,3,0,0.073,3374754
1788984339,3,0,0.034,3374754
1788984339,3,0,0.039,3374754
1788984339,2,0,0.003,3374754
1788984340,2,0,1.271,3374754
1788984340,0,0,0.012,3374754
1788984342,2,0,1.892,3374754
1788984342,3,0,0.063,3374754
1788984342,2,0,0.002,3374754
1788984342,6,0,0.005,3374754
1788984343,4,0,1.539,3374754
1788984343,3,0,0.093,3374754
1788984343,3,0,0.006,3374754
1788984345,4,0,1.281,3374754
1788984345,3,0,0.05,3374754
1788984345,3,0,0.083,3374754
1788984345,2,0,0.004,3374754
1788984345,0,0,0.006,3374754
1788984345,5,0,0.126,3374754
1788984345,7,0,0.171,3374754
1788984345,3,0,0.039,3374754
1788984347,4,0,1.524,3374754
1788984348,2,0,1.603,3374754
1788984348,2,0,0.001,3374754
1788984348,2,0,0.002,3374754
1788984357,5,0,8.621,3374754
1788984357,6,0,0.007,3374754
1788984359,2,0,2.033,3374754
1788984359,0,0,0.006,3374754
1788984359,0,0,0.011,3374754
1788984359,0,0,0.004,3374754
1788984359,1,0,0,3374754
1788984359,3,0,0.036,3374754
1788984360,7,0,0.723,3374754
1788984360,6,0,0.007,3374754
1788984362,5,0,2.375,3374754
1788984362,0,0,0.009,3374754
1788984362,3,0,0.02,3374754
1788984362,3,0,0.08,3374754
1788984362,2,0,0.002,3374754
1788984362,0,0,0.015,3374754
1788984363,5,0,1.106,3374754
1788984363,3,0,0.066,3374754
1788984363,0,0,0.009,3374754
1788984364,3,0,0.074,3374754
1788984364,3,0,0.043,3374754
1788984364,4,0,0.693,3374754
1788984366,4,0,1.404,3374754
1788984366,3,0,0.057,3374754
1788984367,2,0,1.689,3374754
1788984367,1,0,0.001,3374754
1788984368,4,0,0.89,3374754
1788984368,0,0,0.011,3374754
1788984368,6,0,0.007,3374754
1788984368,0,0,0.007,3374754
1788984368,0,0,0.004,3374754
1788984369,4,0,1.099,3374754
1788984370,3,0,0.074,3374754
1788984370,6,0,0.006,3374754
1788984371,4,0,1.155,3374754
1788984371,0,0,0.008,3374754
1788984371,0,0,0.009,3374754
1788984374,4,0,3.771,3374754
1788984377,4,0,2.687,3374754
1788984377,3,0,0.008,3374754
1788984377,3,0,0.042,3374754
1788984389,7,0,12.26,3374754
1788984392,4,0,2.447,3374754
1788984394,4,0,1.69,3374754
1788984394,2,0,0.736,3374754
1788984394,3,0,0.038,3374754
1788984395,4,0,1.024,3374754
1788984404,7,0,8.857,3374754
1788984404,6,0,0.007,3374754
1788984404,3,0,0.072,3374754
1788984404,2,0,0.003,3374754
1788984404,2,0,0.004,3374754
1788984404,6,0,0.006,3374754
1788984406,5,0,1.425,3374754
1788984407,4,0,1.174,3374754
1788984407,2,0,0.003,3374754
1788984407,6,0,0.013,3374754
1788984411,4,0,3.747,3374754
1788984411,6,0,0.009,3374754
1788984411,0,0,0.014,3374754
1788984411,3,0,0.006,3374754
1788984411,2,0,0.002,3374754
1788984411,0,0,0.014,3374754
1788984411,0,0,0.01,3374754
1788984411,0,0,0.006,3374754
1788984412,5,0,1.391,3374754
1788984413,4,0,0.749,3374754
1788984413,6,0,0.009,3374754
1788984413,5,0,0.124,3374754
1788984415,4,0,1.442,3374754
1788984415,2,0,0.001,3374754
1788984415,0,0,0.017,3374754
1788984415,5,0,0.117,3374754
1788984416,4,0,1.78,3374754
1788984416,3,0,0.005,3374754
1788984416,6,0,0.009,3374754
1788984416,3,0,0.003,3374754
1788984418,2,0,1.164,3374754
1788984418,2,0,0.739,3374754
1788984418,0,0,0.012,3374754
1788984418,6,0,0.006,3374754
1788984420,4,0,1.754,3374754
1788984422,4,0,2.237,3374754
1788984426,4,0,3.32,3374754
1788984426,0,0,0.008,3374754
1788984426,2,0,0.001,3374754
1788984438,5,0,12.215,3374754
1788984438,5,0,0.126,3374754
1788984440,4,0,1.59,3374754
1788984440,6,0,0.007,3374754
1788984440,1,0,0.003,3374754
1788984442,4,0,2.402,3374754
1788984442,3,0,0.007,3374754
1788984442,1,0,0.001,3374754
1788984442,2,0,0.004,3374754
1788984442,6,0,0.008,3374754
1788984442,1,0,0.001,3374754
1788984442,3,0,0.067,3374754
1788984442,6,0,0.007,3374754
1788984445,4,0,2.892,3374754
1788984445,0,0,0.016,3374754
1788984445,6,0,0.006,3374754
1788984447,4,0,1.993,3374754
1788984448,4,0,1.024,3374754
1788984450,4,0,1.731,3374754
1788984452,4,0,2.613,3374754
1788984452,3,0,0.052,3374754
1788984454,4,0,1.097,3374754
1788984455,4,0,1.276,3374754
1788984457,4,0,2.27,3374754
1788984459,4,0,1.571,3374754
1788984459,3,0,0.008,3374754
1788984459,0,0,0.006,3374754
1788984459,3,0,0.061,3374754
1788984459,6,0,0.006,3374754
1788984459,2,0,0.003,3374754
1788984460,4,0,0.976,3374754
1788984462,4,0,2.213,3374754
1788984462,2,0,0.002,3374754
1788984462,6,0,0.007,3374754
1788984462,0,0,0.006,3374754
1788984462,3,0,0.003,3374754
1788984462,0,0,0.005,3374754
1788984462,6,0,0.006,3374754
1788984463,2,0,0.761,3374754
1788984463,1,0,0.001,3374754
1788984464,4,0,1.629,3374754
1788984464,2,0,0.003,3374754
1788984464,3,0,0.009,3374754
1788984465,4,0,1.101,3374754
1788984465,1,0,0.001,3374754
1788984466,7,0,0.186,3374754
1788984466,0,0,0.008,3374754
1788984466,3,0,0.076,3374754
1788984466,0,0,0.01,3374754
1788984466,3,0,0.049,3374754
1788984467,4,0,0.979,3374754
1788984467,2,0,0.002,3374754
1788984468,4,0,1.148,3374754
1788984468,2,0,0.001,3374754
1788984468,2,0,0.001,3374754
1788984468,3,0,0.073,3374754
1788984468,3,0,0.09,3374754
1788984468,0,0,0.015,3374754
1788984468,5,0,0.127,3374754
1788984468,3,0,0.007,3374754
1788984468,0,0,0.004,3374754
1788984468,1,0,0.001,3374754
1788984470,4,0,2.145,3374754
1788984470,3,0,0.097,3374754
1788984472,4,0,1.685,3374754
1788984476,5,0,3.568,3374754
1788984477,4,0,1.093,3374754
1788984478,5,0,1.058,3374754
1788984478,0,0,0.01,3374754
1788984478,0,0,0.012,3374754
1788984478,6,0,0.008,3374754
1788984478,6,0,0.006,3374754
1788984479,4,0,1.217,3374754
1788984482,4,0,3.041,3374754
1788984482,5,0,0.119,3374754
1788984482,2,0,0.004,3374754
1788984484,4,0,1.313,3374754
1788984484,5,0,0.119,3374754
1788984485,4,0,1.387,3374754
1788984486,2,0,0.896,3374754
1788984486,2,0,0.003,3374754
1788984486,2,0,0.002,3374754
1788984486,3,0,0.015,3374754
1788984488,4,0,1.57,3374754
1788984488,6,0,0.006,3374754
1788984490,4,0,2.253,3374754
1788984490,0,0,0.013,3374754
1788984490,1,0,0,3374754
1788984490,6,0,0.006,3374754
1788984492,4,0,1.771,3374754
1788984492,3,0,0.008,3374754
1788984492,0,0,0.008,3374754
1788984493,2,0,1.442,3374754
1788984493,2,0,0.002,3374754
1788984493,0,0,0.011,3374754
1788984493,2,0,0.002,3374754
1788984494,4,0,1.274,3374754
1788984494,0,0,0.01,3374754
1788984497,5,0,2.39,3374754
1788984497,0,0,0.007,3374754
1788984500,7,0,3.569,3374754
1788984502,4,0,1.251,3374754
1788984503,2,0,1.259,3374754
1788984503,2,0,0.003,3374754
1788984503,0,0,0.007,3374754
1788984504,4,0,0.983,3374754
1788984504,0,0,0.009,3374754
1788984512,5,0,8.108,3374754
1788984512,0,0,0.004,3374754
1788984515,7,0,3.282,3374754
1788984515,3,0,0.054,3374754
1788984515,2,0,0.003,3374754
1788984515,3,0,0.066,3374754
1788984519,4,0,3.256,3374754
1788984519,3,0,0.065,3374754
1788984519,0,0,0.008,3374754
1788984519,6,0,0.007,3374754
1788984519,0,0,0.006,3374754
1788984519,1,0,0.002,3374754
1788984519,5,0,0.12,3374754
1788984519,3,0,0.01,3374754
1788984519,0,0,0.01,3374754
1788984521,5,0,2.529,3374754
1788984521,2,0,0.004,3374754
1788984521,0,0,0.01,3374754
1788984532,5,0,10.726,3374754
1788984534,4,0,1.618,3374754
1788984534,0,0,0.015,3374754
1788984536,5,0,2.257,3374754
1788984540,4,0,4.289,3374754
1788984540,6,0,0.008,3374754
1788984540,0,0,0.014,3374754
1788984542,4,0,1.804,3374754
1788984542,0,0,0.009,3374754
1788984544,4,0,1.33,3374754
1788984544,3,0,0.011,3374754
1788984544,1,0,0.001,3374754
1788984544,2,0,0.003,3374754
1788984544,3,0,0.101,3374754
1788984544,6,0,0.006,3374754
1788984544,3,0,0.053,3374754
1788984553,5,0,9.737,3374754
1788984553,6,0,0.008,3374754
1788984553,6,0,0.009,3374754
1788984554,2,0,1.027,3374754
1788984554,2,0,0.002,3374754
1788984554,1,0,0.002,3374754
1788984554,2,0,0.004,3374754
1788984555,6,0,0.006,3374754
1788984564,5,0,9.72,3374754
1788984564,3,0,0.006,3374754
1788984564,3,0,0.074,3374754
1788984564,5,0,0.126,3374754
1788984567,5,0,2.146,3374754
1788984567,0,0,0.015,3374754
1788984569,4,0,1.921,3374754
1788984569,1,0,0.002,3374754
1788984569,3,0,0.038,3374754
1788984569,2,0,0.002,3374754
1788984569,2,0,0.003,3374754
1788984569,3,0,0.008,3374754
1788984569,5,0,0.787,3374754
1788984570,4,0,1.089,3374754
1788984580,5,0,9.805,3374754
1788984580,2,0,0.002,3374754
1788984580,2,0,0.003,3374754
1788984582,4,0,1.309,3374754
1788984582,0,0,0.01,3374754
1788984583,4,0,0.987,3374754
1788984587,2,0,4.287,3374754
1788984587,6,0,0.009,3374754
1788984587,3,0,0.003,3374754
1788984587,2,0,0.002,3374754
1788984589,2,0,2.204,3374754
1788984589,3,0,0.04,3374754
1788984589,7,0,0.187,3374754
1788984589,2,0,0.003,3374754
1788984589,2,0,0.004,3374754
1788984589,3,0,0.102,3374754
1788984589,2,0,0.003,3374754
1788984589,3,0,0.076,3374754
1788984589,1,0,0.001,3374754
1788984589,0,0,0.01,3374754
1788984589,2,0,0.002,3374754
1788984591,2,0,1.045,3374754
1788984592,4,0,1.453,3374754
1788984592,0,0,0.01,3374754
1788984592,3,0,0.057,3374754
1788984592,3,0,0.045,3374754
1788984592,0,0,0.007,3374754
1788984592,0,0,0.004,3374754
1788984592,3,0,0.037,3374754
1788984593,4,0,0.963,3374754
1788984593,3,0,0.007,3374754
1788984593,2,0,0.002,3374754
1788984594,4,0,1.172,3374754
1788984594,0,0,0.016,3374754
1788984606,7,0,11.473,3374754
1788984618,7,0,12.103,3374754
1788984618,1,0,0.001,3374754
1788984621,4,0,2.946,3374754
1788984621,1,0,0,3374754
1788984623,4,0,1.946,3374754
1788984623,0,0,0.016,3374754
1788984623,0,0,0.015,3374754
1788984623,6,0,0.005,3374754
1788984623,1,0,0.002,3374754
1788984623,6,0,0.01,3374754
1788984623,3,0,0.052,3374754
1788984623,3,0,0.066,3374754
1788984623,0,0,0.005,3374754
1788984623,1,0,0.001,3374754
1788984623,3,0,0.045,3374754
1788984623,6,0,0.009,3374754
1788984623,3,0,0.057,3374754
1788984623,1,0,0.001,3374754
1788984623,0,0,0.007,3374754
1788984625,5,0,1.515,3374754
1788984625,0,0,0.013,3374754
1788984625,1,0,0.001,3374754
1788984626,4,0,1.434,3374754
1788984626,0,0,0.006,3374754
1788984627,2,0,1.254,3374754
1788984628,2,0,0.793,3374754
1788984629,4,0,1.374,3374754
1788984630,3,0,0.044,3374754
1788984630,3,0,0.09,3374754
1788984630,3,0,0.05,3374754
1788984630,1,0,0,3374754
1788984630,3,0,0.014,3374754
1788984631,4,0,1.153,3374754
1788984631,0,0,0.005,3374754
1788984643,5,0,11.85,3374754
1788984645,4,0,2.607,3374754
1788984645,3,0,0.055,3374754
1788984645,3,0,0.069,3374754
1788984645,6,0,0.006,3374754
1788984646,5,0,0.124,3374754
1788984646,6,0,0.008,3374754
1788984646,3,0,0.01,3374754
1788984646,2,0,0.786,3374754
1788984646,1,0,0.001,3374754
1788984647,4,0,0.904,3374754
1788984647,0,0,0.011,3374754
1788984647,0,0,0.013,3374754
1788984647,2,0,0.002,3374754
1788984648,5,0,1.189,3374754
1788984650,2,0,1.119,3374754
1788984650,3,0,0.041,3374754
1788984650,0,0,0.013,3374754
1788984650,3,0,0.085,3374754
1788984651,4,0,1.056,3374754
1788984651,0,0,0.004,3374754
1788984652,4,0,1.026,3374754
1788984653,4,0,1.19,3374754
1788984653,6,0,0.007,3374754
1788984654,4,0,1.123,3374754
1788984654,2,0,0.003,3374754
1788984658,4,0,3.826,3374754
1788984659,4,0,1.327,3374754
1788984659,1,0,0.001,3374754
1788984659,2,0,0.004,3374754
1788984659,0,0,0.004,3374754
1788984659,0,0,0.005,3374754
1788984659,3,0,0.019,3374754
1788984659,0,0,0.009,3374754
1788984659,0,0,0.005,3374754
1788984660,4,0,0.647,3374754
1788984662,4,0,1.528,3374754
1788984663,4,0,1.108,3374754
1788984663,2,0,0.004,3374754
1788984663,3,0,0.008,3374754
1788984663,5,0,0.127,3374754
1788984663,0,0,0.004,3374754
1788984663,0,0,0.014,3374754
1788984663,0,0,0.012,3374754
1788984663,6,0,0.01,3374754
1788984663,3,0,0.063,3374754
1788984664,2,0,0.737,3374754
1788984664,3,0,0.056,3374754
1788984666,4,0,2.576,3374754
1788984666,6,0,0.006,3374754
1788984666,2,0,0.002,3374754
1788984668,5,0,2.115,3374754
1788984668,2,0,0.003,3374754
1788984668,0,0,0.007,3374754
1788984668,0,0,0.046,3374754
1788984670,4,0,1.861,3374754
1788984670,3,0,0.008,3374754
1788984671,4,0,0.897,3374754
1788984671,0,0,0.004,3374754
1788984673,4,0,1.433,3374754
1788984676,4,0,2.996,3374754
1788984676,0,0,0.006,3374754
1788984676,6,0,0.009,3374754
1788984677,4,0,1.487,3374754
1788984677,1,0,0,3374754
1788984678,7,0,0.899,3374754
1788984678,3,0,0.008,3374754
1788984678,5,0,0.117,3374754
1788984678,0,0,0.016,3374754
1788984678,6,0,0.006,3374754
1788984679,4,0,0.866,3374754
1788984679,2,0,0.002,3374754
1788984679,6,0,0.007,3374754
1788984681,2,0,1.866,3374754
1788984681,6,0,0.008,3374754
1788984681,6,0,0.007,3374754
1788984681,5,0,0.124,3374754
1788984681,3,0,0.011,3374754
1788984682,2,0,1.177,3374754
1788984684,4,0,1.604,3374754
1788984685,2,0,0.886,3374754
1788984685,2,0,0.004,3374754
1788984685,0,0,0.006,3374754
1788984685,6,0,0.011,3374754
1788984685,0,0,0.006,3374754
1788984685,6,0,0.006,3374754
1788984685,6,0,0.006,3374754
1788984686,5,0,1.611,3374754
1788984686,5,0,0.126,3374754
1788984688,2,0,1.47,3374754
1788984688,2,0,0.002,3374754
1788984688,0,0,0.004,3374754
1788984689,4,0,0.967,3374754
1788984689,2,0,0.004,3374754
1788984690,4,0,0.707,3374754
1788984691,4,0,1.221,3374754
1788984691,3,0,0.059,3374754
1788984692,2,0,1.187,3374754
1788984692,6,1,0.004,3374754
1788984695,4,0,2.751,3374754
1788984696,7,0,1.516,3374754
1788984696,0,0,0.012,3374754
1788984699,4,0,2.152,3374754
1788984700,4,0,1.532,3374754
1788984700,2,0,0.003,3374754
1788984700,2,0,0.002,3374754
1788984700,0,0,0.006,3374754
1788984700,2,0,0.003,3374754
1788984700,5,0,0.125,3374754
1788984701,2,0,0.717,3374754
1788984701,3,0,0.096,3374754
1788984701,1,0,0.002,3374754
1788984702,4,0,1.196,3374754
1788984702,0,0,0.007,3374754
1788984705,4,0,3.192,3374754
1788984705,1,0,0,3374754
1788984705,2,0,0.004,3374754
1788984706,7,0,1.006,3374754
1788984706,0,0,0.014,3374754
1788984707,3,0,0.049,3374754
1788984707,3,0,0.016,3374754
1788984707,3,0,0.066,3374754
1788984707,3,0,0.057,3374754
1788984707,1,0,0.001,3374754
1788984707,6,0,0.009,3374754
1788984707,3,0,0.005,3374754
1788984707,0,0,0.005,3374754
1788984707,0,0,0.016,3374754
1788984708,4,0,1,3374754
1788984708,6,0,0.01,3374754
1788984708,4,0,0.62,3374754
1788984710,5,0,1.388,3374754
1788984710,3,0,0.027,3374754
1788984710,3,0,0.011,3374754
1788984710,3,0,0.013,3374754
1788984710,1,0,0.001,3374754
1788984711,4,0,1.689,3374754
1788984714,4,0,2.523,3374754
1788984714,6,0,0.007,3374754
1788984714,3,0,0.076,3374754
1788984714,3,0,0.008,3374754
1788984714,0,0,0.012,3374754
1788984714,1,0,0,3374754
1788984714,0,0,0.008,3374754
1788984714,5,0,0.13,3374754
1788984714,0,0,0.013,3374754
1788984714,3,0,0.04,3374754
1788984714,6,0,0.006,3374754
1788984716,4,0,1.962,3374754
1788984716,0,0,0.005,3374754
1788984718,4,0,1.629,3374754
1788984718,3,0,0.057,3374754
1788984718,0,0,0.008,3374754
1788984718,3,0,0.092,3374754
1788984727,7,0,8.754,3374754
1788984736,5,0,9.518,3374754
1788984736,0,0,0.008,3374754
1788984736,3,0,0.004,3374754
1788984736,3,0,0.009,3374754
1788984736,6,0,0.007,3374754
1788984736,1,0,0.001,3374754
1788984737,2,0,1.028,3374754
1788984737,3,0,0.086,3374754
1788984737,0,0,0.008,3374754
1788984740,4,0,2.06,3374754
1788984740,0,0,0.008,3374754
1788984740,6,0,0.01,3374754
1788984740,3,0,0.045,3374754
1788984740,0,0,0.01,3374754
1788984742,2,0,2.249,3374754
1788984742,3,0,0.002,3374754
1788984742,0,0,0.006,3374754
1788984743,2,0,1.195,3374754
1788984743,3,0,0.077,3374754
1788984744,4,0,1.085,3374754
1788984744,6,0,0.008,3374754
1788984753,5,0,8.982,3374754
1788984753,3,0,0.04,3374754
1788984753,6,0,0.006,3374754
1788984762,7,0,8.72,3374754
1788984762,5,0,0.129,3374754
1788984762,6,0,0.005,3374754
1788984762,3,0,0.033,3374754
1788984762,6,0,0.007,3374754
1788984762,3,0,0.006,3374754
1788984762,0,0,0.01,3374754
1788984762,1,0,0.002,3374754
1788984763,4,0,1.251,3374754
1788984763,6,0,0.006,3374754
1788984763,6,0,0.004,3374754
1788984764,4,0,0.986,3374754
1788984764,3,0,0.079,3374754
1788984764,0,0,0.018,3374754
1788984764,3,0,0.011,3374754
1788984766,4,0,1.834,3374754
1788984768,2,0,2.04,3374754
1788984768,2,0,0.002,3374754
1788984770,2,0,1.198,3374754
1788984771,2,0,1.563,3374754
1788984772,2,0,1.203,3374754
1788984772,6,0,0.006,3374754
1788984772,3,0,0.048,3374754
1788984773,2,0,0.993,3374754
1788984773,3,0,0.053,3374754
1788984775,4,0,1.231,3374754
1788984775,3,0,0.032,3374754
1788984779,4,0,4.225,3374754
1788984780,4,0,0.974,3374754
1788984780,3,0,0.008,3374754
1788984781,4,0,1.491,3374754
1788984782,2,0,0.692,3374754
1788984782,5,0,0.126,3374754
1788984782,6,0,0.007,3374754
1788984785,4,0,2.745,3374754
1788984785,3,0,0.068,3374754
1788984788,5,0,2.858,3374754
1788984791,7,0,2.66,3374754
1788984792,4,0,1.127,3374754
1788984793,4,0,1.124,3374754
1788984795,4,0,2.457,3374754
1788984795,0,0,0.007,3374754
1788984795,6,0,0.006,3374754
1788984795,3,0,0.041,3374754
1788984799,2,0,3.49,3374754
1788984801,2,0,2.062,3374754
1788984801,0,0,0.014,3374754
1788984802,2,0,1.2,3374754
1788984802,0,0,0.015,3374754
1788984802,6,0,0.006,3374754
1788984803,4,0,0.945,3374754
1788984803,7,0,0.181,3374754
1788984805,4,0,1.502,3374754
1788984806,4,0,1.428,3374754
1788984815,5,0,8.751,3374754
1788984817,4,0,1.81,3374754
1788984818,4,0,1.101,3374754
1788984818,5,0,0.667,3374754
1788984820,4,0,1.078,3374754
1788984820,0,0,0.012,3374754
1788984821,2,0,1.46,3374754
1788984823,4,0,1.811,3374754
1788984825,5,0,1.73,3374754
1788984825,6,0,0.007,3374754
1788984828,4,0,3.374,3374754
1788984829,4,0,1.144,3374754
1788984830,2,0,1.317,3374754
1788984833,5,0,2.758,3374754
1788984834,4,0,1.112,3374754
1788984834,3,0,0.093,3374754
1788984834,3,0,0.076,3374754
1788984834,6,0,0.011,3374754
1788984835,3,0,0.099,3374754
1788984835,0,0,0.011,3374754
1788984835,3,0,0.016,3374754
1788984835,0,0,0.01,3374754
1788984835,6,0,0.009,3374754
1788984835,3,0,0.084,3374754
1788984838,4,0,2.915,3374754
1788984838,0,0,0.016,3374754
1788984839,4,0,1.778,3374754
1788984839,3,0,0.043,3374754
1788984841,5,0,1.26,3374754
1788984850,5,0,9.63,3374754
1788984850,3,0,0.058,3374754
1788984852,4,0,1.127,3374754
1788984852,6,0,0.007,3374754
1788984860,5,0,7.976,3374754
1788984860,0,0,0.013,3374754
1788984860,1,0,0.002,3374754
1788984860,3,0,0.018,3374754
1788984860,2,0,0.002,3374754
1788984860,0,0,0.014,3374754
1788984860,6,0,0.007,3374754
1788984860,2,0,0.003,3374754
1788984860,6,0,0.011,3374754
1788984860,0,0,0.009,3374754
1788984860,6,0,0.006,3374754
1788984861,5,0,1.676,3374754
1788984861,0,0,0.012,3374754
1788984864,4,0,2.607,3374754
1788984865,4,0,1.033,3374754
1788984865,2,0,0.003,3374754
1788984865,6,0,0.008,3374754
1788984865,3,0,0.007,3374754
1788984866,2,0,1.47,3374754
1788984866,1,0,0.003,3374754
1788984867,2,0,0.643,3374754
1788984867,2,0,0.004,3374754
1788984867,3,0,0.075,3374754
1788984870,5,0,2.722,3374754
1788984870,1,0,0.002,3374754
1788984871,4,0,1.258,3374754
1788984873,4,0,1.673,3374754
1788984876,4,0,3.128,3374754
1788984876,2,0,0.003,3374754
1788984877,4,0,1.053,3374754
1788984877,3,0,0.044,3374754
1788984878,4,0,1.089,3374754
1788984880,4,0,1.754,3374754
1788984881,4,0,1.256,3374754
1788984882,4,0,0.717,3374754
1788984882,0,0,0.006,3374754
1788984882,5,0,0.126,3374754
1788984882,3,0,0.067,3374754
1788984882,3,0,0.078,3374754
1788984882,2,0,0.003,3374754
1788984882,6,0,0.009,3374754
1788984883,4,0,1.067,3374754
1788984883,3,0,0.003,3374754
1788984884,4,0,0.908,3374754
1788984884,0,0,0.005,3374754
1788984884,3,0,0.033,3374754
1788984884,0,0,0.015,3374754
1788984884,3,0,0.002,3374754
1788984884,3,0,0.048,3374754
1788984884,3,0,0.009,3374754
1788984886,4,0,1.947,3374754
1788984886,2,0,0.003,3374754
1788984886,6,0,0.009,3374754
1788984889,4,0,3.07,3374754
1788984890,4,0,1.038,3374754
1788984891,4,0,1.198,3374754
1788984891,2,0,0.003,3374754
1788984892,3,0,0.084,3374754
1788984892,6,0,0.006,3374754
1788984893,2,0,1.349,3374754
1788984894,4,0,1.054,3374754
1788984907,5,0,13.406,3374754
1788984907,6,0,0.008,3374754
1788984908,7,0,0.174,3374754
1788984908,3,0,0.061,3374754
1788984908,3,0,0.075,3374754
1788984908,3,0,0.063,3374754
1788984916,5,0,8.414,3374754
1788984916,6,0,0.008,3374754
1788984917,4,0,0.769,3374754
1788984917,5,0,0.13,3374754
1788984917,6,0,0.006,3374754
1788984917,6,0,0.006,3374754
1788984919,2,0,2.233,3374754
1788984919,3,0,0.044,3374754
1788984920,5,0,0.127,3374754
1788984922,5,0,2.274,3374754
1788984923,2,0,1.495,3374754
1788984925,2,0,1.42,3374754
1788984925,1,0,0.002,3374754
1788984925,5,0,0.124,3374754
1788984925,0,0,0.013,3374754
1788984937,5,0,12.416,3374754
1788984937,2,0,0.004,3374754
1788984939,4,0,1.859,3374754
1788984939,1,0,0.001,3374754
1788984940,4,0,1.203,3374754
1788984940,0,0,0.01,3374754
1788984940,2,0,0.003,3374754
1788984940,0,0,0.01,3374754
1788984940,1,0,0,3374754
1788984942,2,0,1.468,3374754
1788984942,6,0,0.006,3374754
1788984942,0,0,0.007,3374754
1788984942,6,0,0.006,3374754
1788984942,0,0,0.009,3374754
1788984943,4,0,1.131,3374754
1788984943,0,0,0.003,3374754
1788984943,2,0,0.003,3374754
1788984943,2,0,0.003,3374754
1788984943,6,0,0.01,3374754
1788984943,6,0,0.009,3374754
1788984944,4,0,1.381,3374754
1788984947,4,0,2.91,3374754
1788984947,6,0,0.007,3374754
1788984956,5,0,8.487,3374754
1788984956,7,0,0.183,3374754
1788984956,6,0,0.007,3374754
1788984958,2,0,2.27,3374754
1788984958,6,0,0.007,3374754
1788984958,1,0,0.001,3374754
1788984958,3,0,0.007,3374754
1788984958,6,0,0.007,3374754
1788984958,6,0,0.007,3374754
1788984958,3,0,0.044,3374754
1788984960,5,0,1.967,3374754
1788984964,4,0,4.032,3374754
1788984966,2,0,1.28,3374754
1788984966,6,0,0.004,3374754
1788984966,2,0,0.003,3374754
1788984968,4,0,1.942,3374754
1788984968,3,0,0.032,3374754
1788984969,5,0,1.874,3374754
1788984970,3,0,0.087,3374754
1788984970,5,0,0.127,3374754
1788984977,5,0,7.38,3374754
1788984977,2,0,0.004,3374754
1788984977,3,0,0.047,3374754
1788984979,5,0,1.792,3374754
1788984980,4,0,1.545,3374754
1788984980,0,0,0.01,3374754
1788984980,0,0,0.016,3374754
1788984980,2,0,0.002,3374754
1788984981,5,0,0.13,3374754
1788984981,6,0,0.007,3374754
1788984981,0,0,0.007,3374754
1788984982,4,0,1.369,3374754
1788984983,4,0,1.326,3374754
1788984985,2,0,2.171,3374754
1788984987,2,0,1.418,3374754
1788984987,3,0,0.044,3374754
1788984988,4,0,1.191,3374754
1788984988,6,0,0.006,3374754
1788984988,3,0,0.006,3374754
1788984999,5,0,11.036,3374754
1788984999,2,0,0.002,3374754
1788985001,4,0,2.119,3374754
1788985001,3,0,0.009,3374754
1788985001,3,0,0.007,3374754
1788985001,2,0,0.002,3374754
1788985001,2,0,0.002,3374754
1788985001,0,0,0.005,3374754
1788985001,7,0,0.164,3374754
1788985002,4,0,0.907,3374754
1788985003,2,0,1.05,3374754
1788985004,5,0,0.123,3374754
1788985004,0,0,0.006,3374754
1788985004,3,0,0.068,3374754
1788985004,0,0,0.006,3374754
1788985004,6,0,0.006,3374754
1788985004,6,0,0.005,3374754
1788985004,0,0,0.006,3374754
1788985004,3,0,0.037,3374754
1788985004,0,0,0.012,3374754
1788985004,0,0,0.012,3374754
1788985005,7,0,0.833,3374754
1788985006,2,0,1.186,3374754
1788985006,2,0,0.675,3374754
1788985008,4,0,1.08,3374754
1788985008,3,0,0.089,3374754
1788985008,0,0,0.013,3374754
1788985009,4,0,1.549,3374754
1788985009,3,0,0.047,3374754
1788985009,0,0,0.009,3374754
1788985012,4,0,2.293,3374754
1788985012,6,0,0.009,3374754
1788985012,1,0,0.001,3374754
1788985012,0,0,0.01,3374754
1788985012,3,0,0.046,3374754
1788985012,3,0,0.085,3374754
1788985012,2,0,0.002,3374754
1788985014,4,0,2.187,3374754
1788985014,0,0,0.012,3374754
1788985014,3,0,0.048,3374754
1788985014,3,0,0.058,3374754
1788985014,6,0,0.008,3374754
1788985014,3,0,0.037,3374754
1788985014,6,0,0.008,3374754
1788985015,4,0,0.887,3374754
1788985015,1,0,0.001,3374754
1788985015,0,0,0.005,3374754
1788985016,4,0,0.995,3374754
1788985021,4,0,4.645,3374754
1788985021,0,0,0.011,3374754
1788985021,3,0,0.004,3374754
1788985022,4,0,0.936,3374754
1788985022,1,0,0.001,3374754
1788985022,3,0,0.068,3374754
1788985024,4,0,2.246,3374754
1788985024,3,0,0.084,3374754
1788985024,6,0,0.006,3374754
1788985026,2,0,2.159,3374754
1788985027,2,0,1.386,3374754
1788985029,4,0,1.23,3374754
1788985031,4,0,2.207,3374754
1788985031,6,0,0.009,3374754
1788985031,5,0,0.136,3374754
1788985031,1,0,0.001,3374754
1788985033,4,0,1.802,3374754
1788985033,2,0,0.003,3374754
1788985035,4,0,2.26,3374754
1788985035,2,0,0.003,3374754
1788985037,4,0,1.822,3374754
1788985038,5,0,1.197,3374754
1788985040,5,0,1.829,3374754
1788985040,0,0,0.005,3374754
1788985051,5,0,10.965,3374754
1788985051,6,0,0.009,3374754
1788985051,0,0,0.01,3374754
1788985051,0,0,0.008,3374754
1788985051,0,0,0.014,3374754
1788985053,4,0,2.203,3374754
1788985055,4,0,1.413,3374754
1788985055,3,0,0.06,3374754
1788985055,0,0,0.013,3374754
1788985064,5,0,9.48,3374754
1788985064,3,0,0.082,3374754
1788985064,2,0,0.002,3374754
1788985065,4,0,1.26,3374754
1788985065,1,0,0.002,3374754
1788985065,2,0,0.002,3374754
1788985069,2,0,3.072,3374754
1788985069,3,0,0.032,3374754
1788985070,4,0,1.311,3374754
1788985070,3,0,0.031,3374754
1788985070,3,0,0.006,3374754
1788985070,6,0,0.008,3374754
1788985071,2,0,0.842,3374754
1788985072,4,0,1.4,3374754
1788985075,4,0,2.502,3374754
1788985076,4,0,1.581,3374754
1788985077,2,0,1.138,3374754
1788985079,2,0,1.415,3374754
1788985079,0,0,0.008,3374754
1788985082,5,0,3.202,3374754
1788985082,0,0,0.008,3374754
1788985084,4,0,1.524,3374754
1788985084,0,0,0.01,3374754
1788985084,3,0,0.034,3374754
1788985084,0,0,0.008,3374754
1788985085,4,0,0.938,3374754
1788985085,3,0,0.032,3374754
1788985088,5,0,3.622,3374754
1788985090,7,0,1.794,3374754
1788985090,2,0,0.003,3374754
1788985090,6,0,0.004,3374754
1788985091,2,0,1.235,3374754
1788985091,3,0,0.005,3374754
1788985091,2,0,0.003,3374754
1788985091,0,0,0.014,3374754
1788985091,7,0,0.151,3374754
1788985091,3,0,0.069,3374754
1788985092,3,0,0.079,3374754
1788985092,6,0,0.007,3374754
1788985092,0,0,0.012,3374754
1788985092,3,0,0.074,3374754
1788985093,4,0,0.991,3374754
1788985093,6,0,0.007,3374754
1788985093,3,0,0.071,3374754
1788985094,4,0,1.412,3374754
1788985094,0,0,0.009,3374754
1788985094,3,0,0.01,3374754
1788985094,3,0,0.083,3374754
1788985096,4,0,1.393,3374754
1788985096,0,0,0.004,3374754
1788985096,3,0,0.051,3374754
1788985096,0,0,0.006,3374754
1788985096,0,0,0.005,3374754
1788985100,4,0,4.064,3374754
1788985100,6,0,0.006,3374754
1788985101,2,0,1.236,3374754
1788985101,0,0,0.014,3374754
1788985105,4,0,4.134,3374754
1788985105,0,0,0.01,3374754
1788985106,2,0,1.214,3374754
1788985108,2,0,1.188,3374754
1788985108,5,0,0.129,3374754
1788985108,5,0,0.118,3374754
1788985108,3,0,0.089,3374754
1788985110,4,0,1.885,3374754
1788985110,3,0,0.037,3374754
1788985110,3,0,0.087,3374754
1788985111,4,0,1.311,3374754
1788985111,3,0,0.006,3374754
1788985115,4,0,3.731,3374754
1788985115,3,0,0.073,3374754
1788985115,6,0,0.01,3374754
1788985117,4,0,1.926,3374754
1788985118,2,0,0.677,3374754
1788985118,0,0,0.01,3374754
1788985119,5,0,1.069,3374754
1788985120,4,0,1.467,3374754
1788985122,2,0,1.881,3374754
1788985122,6,0,0.009,3374754
1788985122,3,0,0.023,3374754
1788985123,4,0,1.36,3374754
1788985125,4,0,1.798,3374754
1788985125,0,0,0.019,3374754
1788985125,2,0,0.004,3374754
1788985126,4,0,1.076,3374754
1788985126,1,0,0.002,3374754
1788985126,2,0,0.003,3374754
1788985126,3,0,0.009,3374754
1788985128,4,0,1.347,3374754
1788985128,3,0,0.016,3374754
1788985130,4,0,2.137,3374754
1788985130,0,0,0.006,3374754
1788985130,0,0,0.007,3374754
1788985131,4,0,1.095,3374754
1788985131,3,0,0.003,3374754
1788985131,3,0,0.013,3374754
1788985132,4,0,1.141,3374754
1788985134,5,0,1.375,3374754
1788985134,3,0,0.046,3374754
1788985134,6,0,0.007,3374754
1788985136,5,0,2.081,3374754
1788985136,7,0,0.162,3374754
1788985137,4,0,1.53,3374754
1788985151,5,0,13.207,3374754
1788985151,0,0,0.01,3374754
1788985151,3,0,0.059,3374754
1788985151,3,0,0.085,3374754
1788985151,4,0,0.715,3374754
1788985151,3,0,0.03,3374754
1788985153,4,0,1.061,3374754
1788985154,4,0,1.811,3374754
1788985154,1,0,0,3374754
1788985154,6,0,0.01,3374754
1788985154,1,0,0.001,3374754
1788985155,4,0,0.755,3374754
1788985157,2,0,2.178,3374754
1788985159,4,0,1.906,3374754
1788985159,0,0,0.016,3374754
1788985159,1,0,0.001,3374754
1788985159,3,0,0.006,3374754
1788985159,5,0,0.116,3374754
1788985159,3,0,0.035,3374754
1788985160,2,0,1.022,3374754
1788985160,1,0,0.001,3374754
1788985162,4,0,1.785,3374754
1788985162,3,0,0.011,3374754
1788985162,3,0,0.011,3374754
1788985163,4,0,0.918,3374754
1788985163,3,0,0.044,3374754
1788985163,0,0,0.01,3374754
1788985163,3,0,0.008,3374754
1788985163,2,0,0.005,3374754
1788985163,3,0,0.029,3374754
1788985166,4,0,2.832,3374754
1788985166,0,0,0.008,3374754
1788985167,4,0,1.273,3374754
1788985167,3,0,0.055,3374754
1788985167,0,0,0.005,3374754
1788985167,3,0,0.008,3374754
1788985167,0,0,0.009,3374754
1788985167,6,0,0.007,3374754
1788985168,4,0,0.849,3374754
1788985168,3,0,0.046,3374754
1788985169,4,0,1.18,3374754
1788985169,2,0,0.004,3374754
1788985169,0,0,0.009,3374754
1788985171,4,0,1.503,3374754
1788985175,4,0,3.544,3374754
1788985175,1,0,0.002,3374754
1788985176,2,0,1.772,3374754
1788985178,4,0,1.958,3374754
1788985179,4,0,1.109,3374754
1788985179,6,0,0.008,3374754
1788985179,2,0,0.003,3374754
1788985181,4,0,2.08,3374754
1788985181,6,0,0.01,3374754
1788985183,4,0,1.269,3374754
1788985183,6,0,0.008,3374754
1788985183,0,0,0.009,3374754
1788985183,2,0,0.003,3374754
1788985183,6,0,0.009,3374754
1788985183,2,0,0.002,3374754
1788985187,4,0,3.887,3374754
1788985187,2,0,0.687,3374754
1788985187,0,0,0.012,3374754
1788985187,6,0,0.006,3374754
1788985189,4,0,1.182,3374754
1788985192,2,0,3.07,3374754
1788985193,4,0,1.738,3374754
1788985193,3,0,0.069,3374754
1788985195,4,0,1.342,3374754
1788985196,2,0,1.276,3374754
1788985196,6,0,0.005,3374754
1788985199,2,0,3.209,3374754
1788985199,2,0,0,3374754
1788985199,1,0,0.001,3374754
1788985199,3,0,0.064,3374754
1788985199,0,0,0.008,3374754
1788985199,6,0,0.009,3374754
1788985199,6,0,0.005,3374754
1788985199,5,0,0.129,3374754
1788985200,3,0,0.063,3374754
1788985200,0,0,0.014,3374754
1788985200,2,0,0.659,3374754
1788985201,4,0,0.949,3374754
1788985203,5,0,1.457,3374754
1788985204,5,0,1.166,3374754
1788985204,3,0,0.079,3374754
1788985204,3,0,0.008,3374754
1788985204,6,0,0.007,3374754
1788985204,0,0,0.012,3374754
1788985204,2,0,0.003,3374754
1788985205,4,0,0.904,3374754
1788985205,1,0,0.001,3374754
1788985206,4,0,0.876,3374754
1788985207,5,0,1.191,3374754
1788985207,6,0,0.007,3374754
1788985207,1,0,0.001,3374754
1788985207,6,0,0.006,3374754
1788985208,4,0,1.557,3374754
1788985208,0,0,0.011,3374754
1788985208,3,0,0.059,3374754
1788985209,5,0,0.122,3374754
1788985212,5,0,3.638,3374754
1788985212,2,0,0.002,3374754
1788985221,5,0,8.757,3374754
1788985223,4,0,1.814,3374754
1788985223,3,0,0.004,3374754
1788985224,4,0,1.165,3374754
1788985224,6,0,0.008,3374754
1788985224,6,0,0.005,3374754
1788985224,3,0,0.061,3374754
1788985226,4,0,1.614,3374754
1788985226,0,0,0.005,3374754
1788985227,4,0,1.264,3374754
1788985227,0,0,0.01,3374754
1788985227,2,0,0.004,3374754
1788985228,2,0,1.258,3374754
1788985228,0,0,0.01,3374754
1788985239,7,0,10.791,3374754
1788985239,6,0,0.004,3374754
1788985240,4,0,1.183,3374754
1788985240,0,0,0.047,3374754
1788985240,6,0,0.006,3374754
1788985243,2,0,2.338,3374754
1788985243,3,0,0.066,3374754
1788985243,0,0,0.006,3374754
1788985246,4,0,3.725,3374754
1788985247,5,0,0.123,3374754
1788985247,6,0,0.01,3374754
1788985247,3,0,0.047,3374754
1788985248,4,0,1.208,3374754
1788985248,2,0,0.002,3374754
1788985248,6,0,0.007,3374754
1788985248,2,0,0.003,3374754
1788985252,4,0,3.699,3374754
1788985253,4,0,1.483,3374754
1788985253,3,0,0.044,3374754
1788985253,0,0,0.005,3374754
1788985255,4,0,1.607,3374754
1788985256,4,0,1.773,3374754
1788985256,6,0,0.006,3374754
1788985257,3,0,0.101,3374754
1788985257,3,0,0.005,3374754
1788985257,6,0,0.009,3374754
1788985257,2,0,0.002,3374754
1788985257,1,0,0.002,3374754
1788985260,4,0,3.785,3374754
1788985260,3,0,0.006,3374754
1788985260,2,0,0.003,3374754
1788985260,3,0,0.006,3374754
1788985260,0,0,0.011,3374754
1788985260,3,0,0.064,3374754
1788985262,4,0,1.269,3374754
1788985265,4,0,3.289,3374754
1788985265,0,0,0.004,3374754
1788985265,0,0,0.013,3374754
1788985266,2,0,1.266,3374754
1788985266,1,0,0.001,3374754
1788985266,0,0,0.01,3374754
1788985266,2,0,0.002,3374754
1788985266,3,0,0.014,3374754
1788985266,3,0,0.044,3374754
1788985268,5,0,1.382,3374754
1788985269,4,0,1.329,3374754
1788985269,2,0,0.005,3374754
1788985269,3,0,0.005,3374754
1788985269,3,0,0.056,3374754
1788985269,0,0,0.006,3374754
1788985269,1,0,0.001,3374754
1788985269,2,0,0.004,3374754
1788985269,3,0,0.007,3374754
1788985269,1,0,0.001,3374754
1788985269,0,0,0.013,3374754
1788985279,5,0,9.858,3374754
1788985281,4,0,1.679,3374754
1788985283,5,0,2.789,3374754
1788985284,4,0,1.02,3374754
1788985285,3,0,0.053,3374754
1788985286,2,0,1.108,3374754
1788985286,1,0,0.002,3374754
1788985286,1,0,0.001,3374754
1788985286,0,0,0.007,3374754
1788985287,4,0,1.146,3374754
1788985287,6,0,0.008,3374754
1788985287,0,0,0.005,3374754
1788985289,4,0,2.49,3374754
1788985289,3,0,0.01,3374754
1788985289,3,0,0.014,3374754
1788985289,6,0,0.005,3374754
1788985289,2,0,0.003,3374754
1788985289,3,0,0.012,3374754
1788985291,4,0,1.172,3374754
1788985291,1,0,0.001,3374754
1788985292,4,0,1.34,3374754
1788985292,2,0,0.003,3374754
1788985292,3,0,0.006,3374754
1788985292,3,0,0.012,3374754
1788985292,3,0,0.008,3374754
1788985292,0,0,0.014,3374754
1788985293,4,0,1.325,3374754
1788985293,3,0,0.007,3374754
1788985293,0,0,0.015,3374754
1788985293,0,0,0.016,3374754
1788985294,4,0,0.932,3374754
1788985294,0,0,0.007,3374754
1788985295,5,0,1.026,3374754
1788985295,0,0,0.005,3374754
1788985295,3,0,0.027,3374754
1788985295,3,0,0.007,3374754
1788985296,4,0,0.908,3374754
1788985296,6,0,0.007,3374754
1788985296,3,0,0.008,3374754
1788985296,0,0,0.005,3374754
1788985297,4,0,1.08,3374754
1788985298,3,0,0.222,3374754
1788985298,3,0,0.006,3374754
1788985298,5,0,0.128,3374754
1788985298,3,0,0.071,3374754
1788985300,4,0,1.811,3374754
1788985300,5,0,0.123,3374754
1788985301,4,0,1.081,3374754
1788985301,0,0,0.006,3374754
1788985301,6,0,0.006,3374754
1788985301,0,0,0.002,3374754
1788985301,0,0,0.007,3374754
1788985302,4,0,1.265,3374754
1788985302,4,0,0.281,3374754
1788985303,4,0,1.008,3374754
1788985303,6,0,0.008,3374754
1788985304,5,0,0.353,3374754
1788985304,3,0,0.278,3374754
1788985306,5,0,1.754,3374754
1788985308,4,0,2.154,3374754
1788985310,4,0,2.323,3374754
1788985310,1,0,0.001,3374754
1788985310,7,0,0.18,3374754
1788985310,3,0,0.053,3374754
1788985311,4,0,0.909,3374754
1788985313,4,0,1.749,3374754
1788985322,7,0,9.248,3374754
1788985322,2,0,0.003,3374754
1788985322,1,0,0.001,3374754
1788985324,2,0,1.483,3374754
1788985324,0,0,0.005,3374754
1788985324,6,0,0.006,3374754
1788985324,0,0,0.015,3374754
1788985324,3,0,0.048,3374754
1788985325,4,0,0.986,3374754
1788985326,4,0,1.027,3374754
1788985327,2,0,0.948,3374754
1788985336,5,0,9.47,3374754
1788985336,0,0,0.006,3374754
1788985348,7,0,11.916,3374754
1788985350,4,0,1.276,3374754
1788985351,4,0,1.562,3374754
1788985352,4,0,0.928,3374754
1788985352,2,0,0.003,3374754
1788985352,0,0,0.015,3374754
1788985352,1,0,0.002,3374754
1788985352,3,0,0.006,3374754
1788985352,3,0,0.035,3374754
1788985352,2,0,0.002,3374754
1788985352,1,0,0.001,3374754
1788985352,2,0,0,3374754
1788985353,4,0,0.883,3374754
1788985360,5,0,7.26,3374754
1788985360,1,0,0.001,3374754
1788985362,4,0,2.128,3374754
1788985362,3,0,0.076,3374754
1788985362,3,0,0.03,3374754
1788985362,0,0,0.009,3374754
1788985363,3,0,0.056,3374754
1788985363,0,0,0.015,3374754
1788985363,0,0,0.017,3374754
1788985373,7,0,10.735,3374754
1788985373,3,0,0.007,3374754
1788985373,6,0,0.007,3374754
1788985373,3,0,0.067,3374754
1788985373,3,0,0.053,3374754
1788985373,0,0,0.004,3374754
1788985373,1,0,0,3374754
1788985373,6,0,0.009,3374754
1788985373,3,0,0.009,3374754
1788985376,4,0,2.25,3374754
1788985383,5,0,7.425,3374754
1788985383,3,0,0.078,3374754
1788985383,2,0,0.003,3374754
1788985383,3,0,0.032,3374754
1788985385,4,0,2.166,3374754
1788985387,2,0,1.122,3374754
1788985387,6,0,0.008,3374754
1788985387,6,0,0.008,3374754
1788985387,5,0,0.126,3374754
1788985387,3,0,0.071,3374754
1788985387,3,0,0.006,3374754
1788985387,0,0,0.012,3374754
1788985388,2,0,1.065,3374754
1788985388,0,0,0.016,3374754
1788985390,4,0,1.862,3374754
1788985393,4,0,3.474,3374754
1788985393,6,0,0.007,3374754
1788985393,3,0,0.014,3374754
1788985393,0,0,0.014,3374754
1788985393,0,0,0.011,3374754
1788985395,2,0,1.427,3374754
1788985398,4,0,3.567,3374754
1788985398,3,0,0.054,3374754
1788985398,0,0,0.017,3374754
1788985400,4,0,1.709,3374754
1788985401,5,0,1.012,3374754
1788985401,3,0,0.008,3374754
1788985401,3,0,0.051,3374754
1788985401,3,0,0.008,3374754
1788985403,5,0,2.339,3374754
1788985403,0,0,0.009,3374754
1788985403,3,0,0.05,3374754
1788985404,3,0,0.097,3374754
1788985405,4,0,1.452,3374754
1788985405,6,0,0.009,3374754
1788985406,4,0,0.72,3374754
1788985407,5,0,1.002,3374754
1788985407,0,0,0.014,3374754
1788985407,6,0,0.008,3374754
1788985407,0,0,0.014,3374754
1788985417,5,0,10.406,3374754
1788985419,4,0,1.909,3374754
1788985420,2,0,1.36,3374754
1788985420,0,0,0.009,3374754
1788985421,5,0,0.769,3374754
1788985421,6,0,0.004,3374754
1788985421,1,0,0.001,3374754
1788985430,7,0,9.232,3374754
1788985432,4,0,1.557,3374754
1788985432,2,0,0.001,3374754
1788985432,3,0,0.087,3374754
1788985433,2,0,1.237,3374754
1788985433,1,0,0.001,3374754
1788985433,0,0,0.01,3374754
1788985433,2,0,0.003,3374754
1788985435,2,0,1.388,3374754
1788985437,4,0,2.604,3374754
1788985437,1,0,0.001,3374754
1788985437,6,0,0.006,3374754
1788985438,4,0,1.02,3374754
1788985438,0,0,0.008,3374754
1788985439,5,0,0.125,3374754
1788985440,2,0,1.272,3374754
1788985440,0,0,0.011,3374754
1788985452,7,0,11.894,3374754
1788985452,0,0,0.009,3374754
1788985452,0,0,0.013,3374754
1788985454,5,0,2.328,3374754
1788985454,0,0,0.012,3374754
1788985454,0,0,0.008,3374754
1788985454,3,0,0.007,3374754
1788985454,3,0,0.081,3374754
1788985455,2,0,0.696,3374754
1788985456,4,0,1.108,3374754
1788985465,7,0,9.114,3374754
1788985468,4,0,2.706,3374754
1788985468,0,0,0.005,3374754
1788985468,3,0,0.009,3374754
1788985469,4,0,1.165,3374754
1788985469,2,0,0.003,3374754
1788985471,5,0,1.59,3374754
1788985471,3,0,0.008,3374754
1788985472,4,0,1.477,3374754
1788985473,4,0,1.294,3374754
1788985476,2,0,2.821,3374754
1788985476,2,0,0.002,3374754
1788985476,1,0,0.001,3374754
1788985476,2,0,0.003,3374754
1788985476,1,0,0.001,3374754
1788985477,2,0,1.042,3374754
1788985479,4,0,2.075,3374754
1788985479,6,0,0.006,3374754
1788985479,6,0,0.006,3374754
1788985481,4,0,1.257,3374754
1788985481,2,0,0.004,3374754
1788985481,1,0,0.001,3374754
1788985482,2,0,1.187,3374754
1788985482,0,0,0.009,3374754
1788985482,0,0,0.017,3374754
1788985482,3,0,0.049,3374754
1788985482,0,0,0.011,3374754
1788985483,5,0,1.351,3374754
1788985483,1,0,0.001,3374754
1788985483,6,0,0.012,3374754
1788985483,6,0,0.005,3374754
1788985483,5,0,0.135,3374754
1788985485,4,0,1.989,3374754
1788985485,3,0,0.007,3374754
1788985485,3,0,0.004,3374754
1788985485,1,0,0,3374754
1788985485,6,0,0.008,3374754
1788985487,4,0,2.093,3374754
1788985487,6,0,0.007,3374754
1788985501,7,0,13.291,3374754
1788985504,4,0,2.956,3374754
1788985504,3,0,0.035,3374754
1788985504,3,0,0.047,3374754
1788985506,4,0,2.584,3374754
1788985508,5,0,1.413,3374754
1788985509,2,0,1.215,3374754
1788985509,3,0,0.068,3374754
1788985509,3,0,0.004,3374754
1788985509,3,0,0.068,3374754
1788985510,4,0,1.114,3374754
1788985510,3,0,0.039,3374754
1788985512,4,0,1.59,3374754
1788985512,6,0,0.01,3374754
1788985513,4,0,0.766,3374754
1788985513,3,0,0.073,3374754
1788985513,3,0,0.01,3374754
1788985513,0,0,0.013,3374754
1788985513,6,0,0.005,3374754
1788985514,4,0,1.181,3374754
1788985514,3,0,0.03,3374754
1788985514,3,0,0.048,3374754
1788985524,7,0,10.251,3374754
1788985524,3,0,0.056,3374754
1788985524,0,0,0.005,3374754
1788985526,4,0,2.041,3374754
1788985526,1,0,0.004,3374754
1788985528,2,0,1.909,3374754
1788985529,4,0,0.962,3374754
1788985531,4,0,1.429,3374754
1788985531,3,0,0.096,3374754
1788985531,0,0,0.016,3374754
1788985532,2,0,1.351,3374754
1788985532,2,0,0.004,3374754
1788985535,4,0,3,3374754
1788985535,3,0,0.073,3374754
1788985535,1,0,0.002,3374754
1788985537,4,0,1.925,3374754
1788985537,0,0,0.008,3374754
1788985537,6,0,0.006,3374754
1788985537,2,0,0.002,3374754
1788985537,0,0,0.019,3374754
1788985537,3,0,0.042,3374754
1788985538,4,0,1.012,3374754
1788985538,6,0,0.008,3374754
1788985538,6,0,0.007,3374754
1788985539,4,0,0.943,3374754
1788985539,6,0,0.008,3374754
1788985539,3,0,0.052,3374754
1788985539,3,0,0.007,3374754
1788985539,3,0,0.064,3374754
1788985539,3,0,0.035,3374754
1788985543,2,0,3.962,3374754
1788985544,4,0,1.086,3374754
1788985544,3,0,0.005,3374754
1788985545,5,0,0.123,3374754
1788985545,3,0,0.088,3374754
1788985545,3,0,0.065,3374754
1788985546,2,0,0.916,3374754
1788985547,4,0,1.18,3374754
1788985547,2,0,0.703,3374754
1788985547,0,0,0.006,3374754
1788985557,5,0,10.01,3374754
1788985557,0,0,0.005,3374754
1788985558,0,0,0.012,3374754
1788985558,3,0,0.035,3374754
1788985558,6,0,0.006,3374754
1788985561,4,0,3.722,3374754
1788985561,0,0,0.013,3374754
1788985561,0,0,0.017,3374754
1788985563,5,0,1.91,3374754
1788985565,4,0,1.828,3374754
1788985565,5,0,0.128,3374754
1788985565,0,0,0.006,3374754
1788985565,0,0,0.009,3374754
1788985565,3,0,0.01,3374754
1788985565,3,0,0.04,3374754
1788985565,0,0,0.008,3374754
1788985565,6,0,0.006,3374754
1788985565,6,0,0.011,3374754
1788985566,2,0,0.963,3374754
1788985566,6,0,0.009,3374754
1788985566,6,0,0.009,3374754
1788985568,2,0,1.848,3374754
1788985569,4,0,1.303,3374754
1788985570,4,0,0.987,3374754
1788985570,6,0,0.006,3374754
1788985570,3,0,0.034,3374754
1788985570,3,0,0.047,3374754
1788985570,0,0,0.01,3374754
1788985570,6,0,0.006,3374754
1788985571,5,0,0.115,3374754
1788985571,0,0,0.048,3374754
1788985572,4,0,0.905,3374754
1788985573,7,0,1.838,3374754
1788985574,4,0,0.675,3374754
1788985574,3,0,0.055,3374754
1788985575,4,0,0.924,3374754
1788985575,0,0,0.007,3374754
1788985575,0,0,0.01,3374754
1788985583,7,0,7.951,3374754
1788985585,5,0,2.331,3374754
1788985585,5,0,0.119,3374754
1788985585,6,0,0.006,3374754
1788985587,2,0,1.095,3374754
1788985587,5,0,0.812,3374754
1788985587,0,0,0.008,3374754
1788985587,6,0,0.005,3374754
1788985587,3,0,0.011,3374754
1788985587,1,0,0.002,3374754
1788985588,5,0,0.124,3374754
1788985588,1,0,0.002,3374754
1788985589,2,0,1.227,3374754
1788985589,0,0,0.006,3374754
1788985589,3,0,0.003,3374754
1788985590,4,0,1.73,3374754
1788985590,6,0,0.007,3374754
1788985601,5,0,10.228,3374754
1788985601,5,0,0.124,3374754
1788985601,0,0,0.008,3374754
1788985601,0,0,0.017,3374754
1788985610,7,0,9.571,3374754
1788985610,3,0,0.044,3374754
1788985612,4,0,1.354,3374754
1788985614,2,0,1.87,3374754
1788985614,6,0,0.004,3374754
1788985615,2,0,0.792,3374754
1788985615,3,0,0.04,3374754
1788985615,1,0,0.001,3374754
1788985625,5,0,10.903,3374754
1788985625,0,0,0.008,3374754
1788985628,2,0,2.053,3374754
1788985629,4,0,1.148,3374754
1788985629,0,0,0.008,3374754
1788985630,2,0,1.305,3374754
1788985630,0,0,0.009,3374754
1788985632,2,0,2.083,3374754
1788985632,3,0,0.016,3374754
1788985632,3,0,0.006,3374754
1788985632,6,0,0.01,3374754
1788985632,6,0,0.008,3374754
1788985632,2,0,0.003,3374754
1788985632,6,0,0.007,3374754
1788985632,5,0,0.126,3374754
1788985632,5,0,0.123,3374754
1788985632,2,0,0.004,3374754
1788985633,2,0,0.966,3374754
1788985635,4,0,1.315,3374754
1788985635,3,0,0.005,3374754
1788985635,1,0,0.001,3374754
1788985636,4,0,1.393,3374754
1788985637,2,0,1.123,3374754
1788985637,2,0,0.002,3374754
1788985637,3,0,0.009,3374754
1788985637,0,0,0.017,3374754
1788985637,0,0,0.012,3374754
1788985639,2,0,1.324,3374754
1788985639,1,0,0.001,3374754
1788985646,5,0,7.599,3374754
1788985646,3,0,0.083,3374754
1788985648,4,0,1.568,3374754
1788985648,3,0,0.061,3374754
1788985648,1,0,0.002,3374754
1788985649,4,0,1.593,3374754
1788985650,3,0,0.065,3374754
1788985651,4,0,1.532,3374754
1788985651,5,0,0.127,3374754
1788985651,3,0,0.089,3374754
1788985651,0,0,0.006,3374754
1788985651,0,0,0.01,3374754
1788985653,4,0,1.322,3374754
1788985661,5,0,8.575,3374754
1788985661,2,0,0.001,3374754
1788985664,4,0,3.059,3374754
1788985666,4,0,1.774,3374754
1788985667,4,0,0.947,3374754
1788985667,0,0,0.007,3374754
1788985668,4,0,1.164,3374754
1788985668,2,0,0.003,3374754
1788985669,5,0,1.365,3374754
1788985670,3,0,0.089,3374754
1788985670,6,0,0.006,3374754
1788985672,4,0,1.933,3374754
1788985674,4,0,2.04,3374754
1788985674,6,0,0.007,3374754
1788985674,6,0,0.005,3374754
1788985674,2,0,0.003,3374754
1788985674,0,0,0.01,3374754
1788985677,4,0,3.227,3374754
1788985677,2,0,0.003,3374754
1788985677,0,0,0.016,3374754
1788985677,0,0,0.01,3374754
1788985677,2,0,0.002,3374754
1788985677,0,0,0.01,3374754
1788985678,4,0,0.852,3374754
1788985678,3,0,0.035,3374754
1788985687,5,0,9.054,3374754
1788985687,3,0,0.053,3374754
1788985689,4,0,2.017,3374754
1788985690,4,0,1.425,3374754
1788985690,5,0,0.137,3374754
1788985690,1,0,0.001,3374754
1788985690,2,0,0.004,3374754
1788985690,0,0,0.006,3374754
1788985690,0,0,0.014,3374754
1788985690,6,0,0.006,3374754
1788985690,1,0,0.001,3374754
1788985690,0,0,0.006,3374754
1788985691,3,0,0.042,3374754
1788985691,6,0,0.007,3374754
1788985691,5,0,0.126,3374754
1788985692,2,0,1.148,3374754
1788985692,6,0,0.007,3374754
1788985692,2,0,0.003,3374754
1788985692,6,0,0.006,3374754
1788985692,6,0,0.006,3374754
1788985694,4,0,1.802,3374754
1788985694,3,0,0.062,3374754
1788985694,1,0,0.001,3374754
1788985694,3,0,0.012,3374754
1788985697,2,0,2.874,3374754
1788985697,7,0,0.18,3374754
1788985699,4,0,2.097,3374754
1788985700,4,0,0.937,3374754
1788985700,3,0,0.04,3374754
1788985700,0,0,0.005,3374754
1788985700,6,0,0.009,3374754
1788985700,1,0,0.001,3374754
1788985709,5,0,9.647,3374754
1788985709,6,0,0.006,3374754
1788985709,2,0,0.003,3374754
1788985709,2,0,0.003,3374754
1788985718,7,0,8.998,3374754
1788985731,5,0,13.011,3374754
1788985732,3,0,0.084,3374754
1788985733,4,0,1.834,3374754
1788985733,6,0,0.006,3374754
1788985734,5,0,0.125,3374754
1788985737,4,0,3.707,3374754
1788985738,4,0,0.744,3374754
1788985738,6,0,0.008,3374754
1788985738,6,0,0.008,3374754
1788985738,1,0,0.004,3374754
1788985739,4,0,0.964,3374754
1788985739,0,0,0.009,3374754
1788985739,6,0,0.008,3374754
1788985739,3,0,0.088,3374754
1788985739,3,0,0.032,3374754
1788985739,0,0,0.009,3374754
1788985739,3,0,0.08,3374754
1788985739,3,0,0.069,3374754
1788985739,0,0,0.01,3374754
1788985741,2,0,1.377,3374754
1788985741,2,0,0.003,3374754
1788985741,3,0,0.003,3374754
1788985743,4,0,2.148,3374754
1788985747,2,0,4.117,3374754
1788985748,5,0,1.538,3374754
1788985748,3,0,0.011,3374754
1788985749,5,0,0.123,3374754
1788985750,4,0,1.715,3374754
1788985750,3,0,0.051,3374754
1788985750,3,0,0.004,3374754
1788985750,3,0,0.073,3374754
1788985751,2,0,0.912,3374754
1788985751,2,0,0.002,3374754
1788985752,4,0,1.018,3374754
1788985752,2,0,0.003,3374754
1788985752,6,0,0.006,3374754
1788985754,4,0,1.643,3374754
1788985756,4,0,2.048,3374754
1788985758,4,0,1.413,3374754
1788985758,4,0,0.927,3374754
1788985760,4,0,1.455,3374754
1788985760,0,0,0.012,3374754
1788985760,1,0,0.001,3374754
1788985761,2,0,1.548,3374754
1788985766,4,0,4.168,3374754
1788985766,3,0,0.062,3374754
1788985766,0,0,0.003,3374754
1788985766,3,0,0.07,3374754
1788985766,6,0,0.008,3374754
1788985766,0,0,0.005,3374754
1788985768,4,0,1.771,3374754
1788985778,5,0,10.594,3374754
1788985778,6,0,0.006,3374754
1788985778,3,0,0.078,3374754
1788985779,4,0,1.271,3374754
1788985779,0,0,0.015,3374754
1788985780,0,0,0.016,3374754
1788985780,3,0,0.055,3374754
1788985782,4,0,2.393,3374754
1788985784,2,0,1.616,3374754
1788985784,3,0,0.08,3374754
1788985784,1,0,0.002,3374754
1788985784,1,0,0.001,3374754
1788985787,4,0,3.37,3374754
1788985787,3,0,0.045,3374754
1788985788,5,0,0.846,3374754
1788985788,0,0,0.009,3374754
1788985800,5,0,12.135,3374754
1788985801,4,0,1.369,3374754
1788985804,2,0,2.215,3374754
1788985804,0,0,0.012,3374754
1788985805,5,0,1.374,3374754
1788985807,4,0,1.687,3374754
1788985807,2,0,0.003,3374754
1788985808,5,0,1.759,3374754
1788985809,3,0,0.062,3374754
1788985810,2,0,1.093,3374754
1788985811,5,0,0.946,3374754
1788985811,3,0,0.007,3374754
1788985825,7,0,13.965,3374754
1788985825,3,0,0.011,3374754
1788985825,3,0,0.006,3374754
1788985826,4,0,1.096,3374754
1788985826,3,0,0.061,3374754
1788985826,2,0,0.002,3374754
1788985828,4,0,1.777,3374754
1788985828,0,0,0.013,3374754
1788985828,3,0,0.083,3374754
1788985828,2,0,0.004,3374754
1788985828,7,0,0.178,3374754
1788985829,2,0,1.598,3374754
1788985831,2,0,1.95,3374754
1788985831,0,0,0.014,3374754
1788985831,6,0,0.009,3374754
1788985831,6,0,0.005,3374754
1788985831,3,0,0.068,3374754
1788985831,6,0,0.005,3374754
1788985833,4,0,1.342,3374754
1788985833,3,0,0.017,3374754
1788985833,3,0,0.009,3374754
1788985833,3,0,0.007,3374754
1788985833,1,0,0.003,3374754
1788985833,3,0,0.009,3374754
1788985834,4,0,1.111,3374754
1788985843,5,0,8.865,3374754
1788985843,3,0,0.013,3374754
1788985844,4,0,1.088,3374754
1788985844,2,0,0.003,3374754
1788985845,4,0,0.888,3374754
1788985846,4,0,1.118,3374754
1788985846,0,0,0.017,3374754
1788985848,4,0,2.001,3374754
1788985848,6,0,0.006,3374754
1788985848,0,0,0.014,3374754
1788985850,4,0,1.936,3374754
1788985850,1,0,0.001,3374754
1788985850,2,0,0.003,3374754
1788985850,7,0,0.164,3374754
1788985854,4,0,3.762,3374754
1788985854,1,0,0.001,3374754
1788985854,0,0,0.017,3374754
1788985855,4,0,1.336,3374754
1788985855,6,0,0.007,3374754
1788985855,2,0,0.001,3374754
1788985856,2,0,0.876,3374754
1788985856,4,0,0.159,3374754
1788985856,0,0,0.013,3374754
1788985857,5,0,0.857,3374754
1788985857,0,0,0.012,3374754
1788985857,3,0,0.008,3374754
1788985857,0,0,0.007,3374754
1788985859,4,0,1.713,3374754
1788985860,5,0,1.167,3374754
1788985860,3,0,0.035,3374754
1788985860,3,0,0.006,3374754
1788985860,3,0,0.091,3374754
1788985860,3,0,0.068,3374754
1788985860,0,0,0.012,3374754
1788985860,6,0,0.008,3374754
1788985860,3,0,0.005,3374754
1788985860,3,0,0.005,3374754
1788985860,0,0,0.009,3374754
1788985861,4,0,0.831,3374754
1788985861,2,0,0.003,3374754
1788985862,4,0,1.058,3374754
1788985862,0,0,0.016,3374754
1788985864,5,0,1.485,3374754
1788985864,2,0,0.002,3374754
1788985865,4,0,1.428,3374754
1788985865,5,0,0.113,3374754
1788985865,6,0,0.009,3374754
1788985867,2,0,1.435,3374754
1788985867,3,0,0.078,3374754
1788985867,3,0,0.008,3374754
1788985868,4,0,1.15,3374754
1788985868,2,0,0.002,3374754
1788985869,5,0,0.872,3374754
1788985869,3,0,0.072,3374754
1788985869,7,0,0.164,3374754
1788985872,4,0,3.047,3374754
1788985873,4,0,0.866,3374754
1788985874,4,0,1.404,3374754
1788985874,0,0,0.014,3374754
1788985874,6,0,0.008,3374754
1788985879,4,0,4.257,3374754
1788985879,4,0,0.843,3374754
1788985880,4,0,0.712,3374754
1788985880,6,0,0.008,3374754
1788985880,0,0,0.016,3374754
1788985881,4,0,1.096,3374754
1788985881,3,0,0.046,3374754
1788985881,3,0,0.064,3374754
1788985881,6,0,0.007,3374754
1788985881,5,0,0.109,3374754
1788985883,4,0,1.431,3374754
1788985883,2,0,0.002,3374754
1788985883,0,0,0.01,3374754
1788985883,0,0,0.005,3374754
1788985883,1,0,0.001,3374754
1788985884,4,0,0.881,3374754
1788985884,2,0,0.002,3374754
1788985884,0,0,0.009,3374754
1788985885,4,0,0.92,3374754
1788985888,2,0,3.335,3374754
1788985889,4,0,0.701,3374754
1788985899,5,0,10.134,3374754
1788985901,4,0,1.939,3374754
1788985901,2,0,0.002,3374754
1788985901,0,0,0.01,3374754
1788985901,3,0,0.004,3374754
1788985902,4,0,1.386,3374754
1788985903,2,0,0.936,3374754
1788985903,6,0,0.006,3374754
1788985903,0,0,0.005,3374754
1788985903,6,0,0.008,3374754
1788985903,6,0,0.009,3374754
1788985903,3,0,0.059,3374754
1788985903,3,0,0.002,3374754
1788985903,3,0,0.048,3374754
1788985907,4,0,3.733,3374754
1788985907,0,0,0.012,3374754
1788985907,2,0,0.003,3374754
1788985907,3,0,0.084,3374754
1788985907,2,0,0.001,3374754
1788985907,1,0,0.001,3374754
1788985908,4,0,1.051,3374754
1788985908,5,0,0.124,3374754
1788985908,3,0,0.044,3374754
1788985910,2,0,1.465,3374754
1788985911,4,0,1.105,3374754
1788985911,2,0,0.001,3374754
1788985911,3,0,0.009,3374754
1788985912,4,0,0.962,3374754
1788985912,0,0,0.014,3374754
1788985913,5,0,1.561,3374754
1788985914,3,0,0.049,3374754
1788985916,4,0,2.113,3374754
1788985917,2,0,1.364,3374754
1788985917,3,0,0.07,3374754
1788985917,0,0,0.006,3374754
1788985917,0,0,0.016,3374754
1788985917,3,0,0.007,3374754
1788985917,3,0,0.006,3374754
1788985917,3,0,0.007,3374754
1788985917,0,0,0.009,3374754
1788985918,4,0,1.192,3374754
1788985922,4,0,3.812,3374754
1788985922,5,0,0.128,3374754
1788985922,0,0,0.005,3374754
1788985922,0,0,0.014,3374754
1788985922,5,0,0.126,3374754
1788985922,0,0,0.016,3374754
1788985922,0,0,0.014,3374754
1788985922,0,0,0.004,3374754
1788985923,7,0,0.16,3374754
1788985934,7,0,11.679,3374754
1788985936,4,0,2.072,3374754
1788985938,5,0,1.915,3374754
1788985938,3,0,0.072,3374754
1788985938,0,0,0.006,3374754
1788985938,6,0,0.006,3374754
1788985938,0,0,0.006,3374754
1788985938,0,0,0.013,3374754
1788985938,6,0,0.009,3374754
1788985949,5,0,10.403,3374754
1788985949,0,0,0.006,3374754
1788985951,4,0,2.045,3374754
1788985951,0,0,0.008,3374754
1788985951,6,0,0.008,3374754
1788985953,2,0,2.248,3374754
1788985953,5,0,0.118,3374754
1788985953,0,0,0.01,3374754
1788985954,4,0,0.856,3374754
1788985954,6,0,0.007,3374754
1788985954,3,0,0.004,3374754
1788985954,7,0,0.19,3374754
1788985956,4,0,1.397,3374754
1788985956,3,0,0.007,3374754
1788985956,2,0,0.003,3374754
1788985957,2,0,1.439,3374754
1788985957,0,0,0.012,3374754
1788985957,0,0,0.015,3374754
1788985961,5,0,4.241,3374754
1788985962,4,0,0.889,3374754
1788985962,3,0,0.014,3374754
1788985962,0,0,0.014,3374754
1788985962,0,0,0.01,3374754
1788985963,5,0,1.014,3374754
1788985963,3,0,0.006,3374754
1788985963,6,0,0.006,3374754
1788985965,4,0,1.391,3374754
1788985965,0,0,0.004,3374754
1788985968,4,0,3.281,3374754
1788985968,0,0,0.008,3374754
1788985970,4,0,2.015,3374754
1788985970,1,0,0.002,3374754
1788985970,3,0,0.007,3374754
1788985972,2,0,2.413,3374754
1788985972,3,0,0.029,3374754
1788985973,0,0,0.014,3374754
1788985973,0,0,0.021,3374754
1788985973,0,0,0.005,3374754
1788985973,3,0,0.008,3374754
1788985973,3,0,0.081,3374754
1788985973,6,0,0.006,3374754
1788985973,0,0,0.007,3374754
1788985974,2,0,1.143,3374754
1788985974,6,0,0.007,3374754
1788985974,3,0,0.005,3374754
1788985974,5,0,0.127,3374754
1788985975,2,0,1.295,3374754
1788985977,4,0,1.417,3374754
1788985979,5,0,2.397,3374754
1788985980,5,0,1.133,3374754
1788985981,5,0,1.196,3374754
1788985982,5,0,0.877,3374754
1788985984,5,0,1.268,3374754
1788985984,3,0,0.036,3374754
1788985984,4,0,0.761,3374754
1788985984,1,0,0.001,3374754
1788985993,7,0,8.97,3374754
1788985993,3,0,0.01,3374754
1788985995,2,0,2.19,3374754
1788985997,2,0,1.906,3374754
1788985997,3,0,0.057,3374754
1788985997,3,0,0.005,3374754
1788985997,0,0,0.005,3374754
1788985997,1,0,0.001,3374754
1788986000,4,0,2.737,3374754
1788986000,3,0,0.006,3374754
1788986005,4,0,4.58,3374754
1788986005,2,0,0.004,3374754
1788986006,4,0,0.988,3374754
1788986006,3,0,0.101,3374754
1788986017,7,0,10.754,3374754
1788986017,1,0,0.002,3374754
1788986017,2,0,0.002,3374754
1788986017,0,0,0.016,3374754
1788986017,5,0,0.126,3374754
1788986017,1,0,0.001,3374754
1788986018,5,0,1.299,3374754
1788986018,3,0,0.005,3374754
1788986018,0,0,0.004,3374754
1788986018,3,0,0.01,3374754
1788986018,3,0,0.059,3374754
1788986018,5,0,0.124,3374754
1788986022,4,0,3.7,3374754
1788986022,0,0,0.015,3374754
1788986022,2,0,0.003,3374754
1788986023,5,0,1.389,3374754
1788986026,4,0,2.692,3374754
1788986026,5,0,0.126,3374754
1788986026,3,0,0.055,3374754
1788986026,3,0,0.009,3374754
1788986026,0,0,0.012,3374754
1788986028,4,0,1.354,3374754
1788986029,4,0,1.374,3374754
1788986031,4,0,1.548,3374754
1788986032,5,0,1.174,3374754
1788986032,0,0,0.015,3374754
1788986034,4,0,1.828,3374754
1788986034,0,0,0.017,3374754
1788986034,6,0,0.01,3374754
1788986034,3,0,0.005,3374754
1788986035,4,0,1.263,3374754
1788986036,4,0,1.468,3374754
1788986036,3,0,0.003,3374754
1788986038,4,0,1.307,3374754
1788986038,4,0,0.664,3374754
1788986039,4,0,0.923,3374754
1788986039,3,0,0.107,3374754
1788986039,3,0,0.005,3374754
1788986039,3,0,0.065,3374754
1788986039,2,0,0.003,3374754
1788986039,0,0,0.009,3374754
1788986039,6,0,0.006,3374754
1788986039,0,0,0.005,3374754
1788986039,0,0,0.018,3374754
1788986043,2,0,4.001,3374754
1788986043,1,0,0.001,3374754
1788986043,2,0,0.003,3374754
1788986043,1,0,0.001,3374754
1788986046,4,0,2.468,3374754
1788986046,6,0,0.005,3374754
1788986047,4,0,0.977,3374754
1788986049,5,0,1.876,3374754
1788986049,3,0,0.057,3374754
1788986050,4,0,1.056,3374754
1788986050,3,0,0.117,3374754
1788986058,5,0,7.963,3374754
1788986058,1,0,0.001,3374754
1788986058,2,0,0.004,3374754
1788986058,3,0,0.036,3374754
1788986067,5,0,9.037,3374754
1788986069,4,0,1.562,3374754
1788986071,4,0,2.395,3374754
1788986071,6,0,0.007,3374754
1788986074,2,0,2.689,3374754
1788986074,6,0,0.008,3374754
1788986074,3,0,0.048,3374754
1788986074,6,0,0.007,3374754
1788986076,4,0,2.632,3374754
1788986078,4,0,1.431,3374754
1788986078,7,0,0.174,3374754
1788986079,4,0,1.266,3374754
1788986081,2,0,1.62,3374754
1788986082,4,0,1.327,3374754
1788986082,3,0,0.085,3374754
1788986083,2,0,0.848,3374754
1788986083,0,0,0.006,3374754
1788986083,3,0,0.064,3374754
1788986083,5,0,0.126,3374754
1788986085,4,0,1.358,3374754
1788986085,6,0,0.005,3374754
1788986085,3,0,0.045,3374754
1788986085,6,0,0.007,3374754
1788986085,1,0,0.002,3374754
1788986085,6,0,0.005,3374754
1788986085,6,0,0.007,3374754
1788986086,4,0,1.691,3374754
1788986087,3,0,0.072,3374754
1788986087,0,0,0.004,3374754
1788986087,3,0,0.052,3374754
1788986088,5,0,1.318,3374754
1788986088,0,0,0.004,3374754
1788986088,3,0,0.004,3374754
1788986089,4,0,1.538,3374754
1788986091,4,0,1.342,3374754
1788986091,3,0,0.005,3374754
1788986092,4,0,1.228,3374754
1788986092,0,0,0.005,3374754
1788986092,2,0,0.002,3374754
1788986092,3,0,0.067,3374754
1788986092,3,0,0.036,3374754
1788986092,5,0,0.129,3374754
1788986092,0,0,0.007,3374754
1788986093,4,0,1.063,3374754
1788986093,3,0,0.044,3374754
1788986094,4,0,0.922,3374754
1788986094,3,0,0.014,3374754
1788986094,0,0,0.015,3374754
1788986099,2,0,4.37,3374754
1788986099,3,0,0.042,3374754
1788986099,3,0,0.042,3374754
1788986100,2,0,0.81,3374754
1788986100,4,0,0.884,3374754
1788986101,3,0,0.065,3374754
1788986104,4,0,3.139,3374754
1788986104,0,0,0.005,3374754
1788986104,3,0,0.087,3374754
1788986104,3,0,0.087,3374754
1788986104,0,0,0.009,3374754
1788986105,4,0,1.131,3374754
1788986115,5,0,9.504,3374754
1788986115,1,0,0.001,3374754
1788986115,7,0,0.189,3374754
1788986116,7,0,1.746,3374754
1788986116,3,0,0.004,3374754
1788986116,3,0,0.004,3374754
1788986116,6,0,0.007,3374754
1788986118,4,0,1.216,3374754
1788986119,4,0,1.462,3374754
1788986121,4,0,1.556,3374754
1788986125,4,0,4.495,3374754
1788986125,3,0,0.044,3374754
1788986125,6,0,0.004,3374754
1788986125,3,0,0.084,3374754
1788986125,0,0,0.015,3374754
1788986128,4,0,2.168,3374754
1788986128,6,0,0.008,3374754
1788986128,0,0,0.005,3374754
1788986129,5,0,1.931,3374754
1788986129,1,0,0.002,3374754
1788986131,2,0,1.415,3374754
1788986131,2,0,0.002,3374754
1788986131,6,0,0.006,3374754
1788986131,3,0,0.005,3374754
1788986131,1,0,0,3374754
1788986131,6,0,0.004,3374754
1788986132,2,0,1.157,3374754
1788986132,3,0,0.003,3374754
1788986132,0,0,0.015,3374754
1788986132,3,0,0.036,3374754
1788986132,3,0,0.005,3374754
1788986132,3,0,0.062,3374754
1788986132,3,0,0.038,3374754
1788986134,4,0,1.679,3374754
1788986134,3,0,0.053,3374754
1788986134,0,0,0.005,3374754
1788986135,4,0,1.225,3374754
1788986135,3,0,0.008,3374754
1788986138,4,0,2.374,3374754
1788986141,2,0,3.173,3374754
1788986143,4,0,2.106,3374754
1788986143,0,0,0.008,3374754
1788986143,2,0,0.004,3374754
1788986145,4,0,2.011,3374754
1788986145,5,0,0.126,3374754
1788986154,7,0,8.959,3374754
1788986154,3,0,0.031,3374754
1788986155,5,0,1.514,3374754
1788986155,6,0,0.006,3374754
1788986155,1,0,0.001,3374754
1788986157,2,0,1.677,3374754
1788986161,4,0,4.314,3374754
1788986162,3,0,0.073,3374754
1788986165,2,0,3.819,3374754
1788986165,3,0,0.035,3374754
1788986165,3,0,0.006,3374754
1788986166,2,0,0.877,3374754
1788986168,4,0,2.095,3374754
1788986168,6,0,0.008,3374754
1788986168,6,0,0.007,3374754
1788986168,2,0,0.004,3374754
1788986170,4,0,2.058,3374754
1788986170,0,0,0.012,3374754
1788986170,0,0,0.013,3374754
1788986170,6,0,0.008,3374754
1788986171,6,0,0.005,3374754
1788986171,0,0,0.012,3374754
1788986171,6,0,0.007,3374754
1788986171,0,0,0.015,3374754
1788986171,0,0,0.01,3374754
1788986171,6,0,0.008,3374754
1788986171,2,0,0.003,3374754
1788986172,2,0,1.162,3374754
1788986172,5,0,0.115,3374754
1788986172,2,0,0.003,3374754
1788986172,3,0,0.087,3374754
1788986180,5,0,7.802,3374754
1788986181,4,0,0.785,3374754
1788986181,0,0,0.011,3374754
1788986181,3,0,0.093,3374754
1788986181,6,0,0.008,3374754
1788986183,4,0,2.514,3374754
1788986183,6,0,0.012,3374754
1788986183,1,0,0.002,3374754
1788986192,7,0,8.367,3374754
1788986192,0,0,0.015,3374754
1788986192,2,0,0.003,3374754
1788986192,3,0,0.004,3374754
1788986192,6,0,0.007,3374754
1788986194,4,0,2.898,3374754
1788986194,0,0,0.008,3374754
1788986196,5,0,1.992,3374754
1788986196,2,0,0.003,3374754
1788986196,1,0,0.001,3374754
1788986198,4,0,1.323,3374754
1788986198,2,0,0.003,3374754
1788986199,2,0,1.302,3374754
1788986199,6,0,0.012,3374754
1788986201,4,0,1.847,3374754
1788986202,2,0,1.037,3374754
1788986202,6,0,0.008,3374754
1788986202,3,0,0.071,3374754
1788986202,6,0,0.004,3374754
1788986202,0,0,0.006,3374754
1788986202,0,0,0.01,3374754
1788986202,6,0,0.005,3374754
1788986202,0,0,0.007,3374754
1788986205,4,0,2.818,3374754
1788986206,4,0,0.894,3374754
1788986207,4,0,1.563,3374754
1788986209,4,0,1.145,3374754
1788986209,2,0,0.002,3374754
1788986209,3,0,0.088,3374754
1788986209,3,0,0.011,3374754
1788986210,4,0,1.406,3374754
1788986210,6,0,0.008,3374754
1788986210,3,0,0.007,3374754
1788986220,5,0,10.027,3374754
1788986221,4,0,1.136,3374754
1788986221,3,0,0.004,3374754
1788986222,4,0,1.186,3374754
1788986222,0,0,0.017,3374754
1788986222,0,0,0.008,3374754
1788986222,1,0,0.001,3374754
1788986222,3,0,0.079,3374754
1788986224,4,0,1.535,3374754
1788986224,0,0,0.008,3374754
1788986224,0,0,0.009,3374754
1788986224,0,0,0.012,3374754
1788986224,2,0,0.003,3374754
1788986224,6,0,0.006,3374754
1788986224,2,0,0.001,3374754
1788986225,4,0,0.909,3374754
1788986226,4,0,1.172,3374754
1788986226,1,0,0,3374754
1788986226,3,0,0.008,3374754
1788986226,3,0,0.003,3374754
1788986226,3,0,0.01,3374754
1788986226,6,0,0.008,3374754
1788986226,3,0,0.055,3374754
1788986226,0,0,0.005,3374754
1788986226,0,0,0.013,3374754
1788986226,3,0,0.004,3374754
1788986226,2,0,0.004,3374754
1788986228,2,0,1.666,3374754
1788986229,4,0,1.425,3374754
1788986232,4,0,2.294,3374754
1788986233,4,0,1.634,3374754
1788986233,6,0,0.006,3374754
1788986235,4,0,1.796,3374754
1788986235,0,0,0.009,3374754
1788986235,2,0,0.003,3374754
1788986235,3,0,0.024,3374754
1788986237,2,0,1.484,3374754
1788986237,4,0,0.758,3374754
1788986238,4,0,1.055,3374754
1788986238,3,0,0.031,3374754
1788986238,0,0,0.012,3374754
1788986238,2,0,0.004,3374754
1788986238,6,0,0.006,3374754
1788986238,1,0,0.001,3374754
1788986238,6,0,0.007,3374754
1788986241,4,0,2.361,3374754
1788986241,6,0,0.01,3374754
1788986241,2,0,0.004,3374754
1788986241,2,0,0.004,3374754
1788986241,0,0,0.01,3374754
1788986241,0,0,0.009,3374754
1788986241,0,0,0.017,3374754
1788986241,6,0,0.006,3374754
1788986242,4,0,0.996,3374754
1788986251,5,0,9.345,3374754
1788986251,6,0,0.006,3374754
1788986255,4,0,4.237,3374754
1788986255,3,0,0.006,3374754
1788986255,6,0,0.008,3374754
1788986256,3,0,0.004,3374754
1788986256,2,0,0.004,3374754
1788986256,3,0,0.005,3374754
1788986257,4,0,1.499,3374754
1788986257,3,0,0.087,3374754
1788986258,4,0,1.074,3374754
1788986258,1,0,0.002,3374754
1788986258,0,0,0.017,3374754
1788986258,0,0,0.014,3374754
1788986260,4,0,1.545,3374754
1788986260,3,0,0.011,3374754
1788986260,0,0,0.011,3374754
1788986260,0,0,0.012,3374754
1788986260,6,0,0.012,3374754
1788986260,2,0,0.004,3374754
1788986260,3,0,0.077,3374754
1788986264,5,0,3.824,3374754
1788986264,2,0,0.004,3374754
1788986264,2,0,0.789,3374754
1788986274,5,0,9.586,3374754
1788986275,4,0,1.207,3374754
1788986275,7,0,0.168,3374754
1788986275,0,0,0.011,3374754
1788986275,3,0,0.01,3374754
1788986277,4,0,1.171,3374754
1788986278,4,0,1.299,3374754
1788986279,4,0,1.489,3374754
1788986279,0,0,0.013,3374754
1788986281,4,0,1.334,3374754
1788986283,4,0,2.475,3374754
1788986283,3,0,0.004,3374754
1788986283,3,0,0.006,3374754
1788986283,1,0,0.001,3374754
1788986293,5,0,9.82,3374754
1788986294,5,0,1.22,3374754
1788986294,1,0,0,3374754
1788986298,4,0,3.375,3374754
1788986298,2,0,0.003,3374754
1788986300,4,0,1.947,3374754
1788986300,3,0,0.007,3374754
1788986300,6,0,0.007,3374754
1788986300,0,0,0.015,3374754
1788986300,6,0,0.006,3374754
1788986300,2,0,0.002,3374754
1788986300,1,0,0,3374754
1788986308,5,0,8.175,3374754
1788986308,3,0,0.003,3374754
1788986308,3,0,0.077,3374754
1788986308,3,0,0.034,3374754
1788986308,1,0,0.002,3374754
1788986310,2,0,2.335,3374754
1788986311,4,0,0.682,3374754
1788986313,4,0,2.336,3374754
1788986313,1,0,0.001,3374754
1788986313,3,0,0.041,3374754
1788986313,2,0,0.002,3374754
1788986316,5,0,2.649,3374754
1788986316,3,0,0.031,3374754
1788986316,0,0,0.039,3374754
1788986317,4,0,1.21,3374754
1788986317,6,0,0.009,3374754
1788986318,5,0,1.105,3374754
1788986320,2,0,1.299,3374754
1788986320,2,0,0.003,3374754
1788986320,3,0,0.072,3374754
1788986320,2,0,0.003,3374754
1788986320,0,0,0.005,3374754
1788986321,5,0,1.436,3374754
1788986321,0,0,0.014,3374754
1788986323,5,0,2.079,3374754
1788986323,0,0,0.004,3374754
1788986324,4,0,1.171,3374754
1788986325,3,0,0.037,3374754
1788986325,0,0,0.008,3374754
1788986325,0,0,0.007,3374754
1788986325,0,0,0.013,3374754
1788986325,6,0,0.011,3374754
1788986326,4,0,1.491,3374754
1788986327,4,0,1.071,3374754
1788986327,3,0,0.01,3374754
1788986327,3,0,0.046,3374754
1788986327,3,0,0.075,3374754
1788986329,2,0,1.345,3374754
1788986329,6,0,0.006,3374754
1788986329,2,0,0.002,3374754
1788986329,0,0,0.014,3374754
1788986330,4,0,1.209,3374754
1788986331,2,0,1.282,3374754
1788986331,3,0,0.041,3374754
1788986332,2,0,0.937,3374754
1788986332,6,0,0.007,3374754
1788986332,5,0,0.124,3374754
1788986332,6,0,0.009,3374754
1788986332,3,0,0.008,3374754
1788986333,2,0,0.794,3374754
1788986333,6,0,0.008,3374754
1788986333,1,0,0,3374754
1788986333,3,0,0.03,3374754
1788986333,0,0,0.014,3374754
1788986334,5,0,0.864,3374754
1788986334,0,0,0.008,3374754
1788986335,4,0,1.054,3374754
1788986335,6,0,0.005,3374754
1788986335,1,0,0.001,3374754
1788986335,1,0,0.001,3374754
1788986338,4,0,3.114,3374754
1788986339,4,0,1.306,3374754
1788986339,6,0,0.009,3374754
1788986340,3,0,0.046,3374754
1788986340,2,0,0.003,3374754
1788986340,3,0,0.029,3374754
1788986340,3,0,0.031,3374754
1788986341,2,0,1.518,3374754
1788986341,1,0,0.001,3374754
1788986343,2,0,1.528,3374754
1788986343,6,0,0.008,3374754
1788986343,0,0,0.007,3374754
1788986343,0,0,0.004,3374754
1788986343,6,0,0.007,3374754
1788986344,4,0,1.841,3374754
1788986344,2,0,0.005,3374754
1788986345,3,0,0.053,3374754
1788986346,2,0,1.31,3374754
1788986346,0,0,0.014,3374754
1788986346,6,0,0.006,3374754
1788986358,7,0,12.033,3374754
1788986360,4,0,1.902,3374754
1788986360,0,0,0.005,3374754
1788986361,4,0,1.109,3374754
1788986361,1,0,0.001,3374754
1788986361,0,0,0.009,3374754
1788986361,3,0,0.006,3374754
1788986361,3,0,0.072,3374754
1788986362,2,0,1.006,3374754
1788986362,6,0,0.009,3374754
1788986362,2,0,0.003,3374754
1788986363,2,0,1.008,3374754
1788986363,3,0,0.051,3374754
1788986363,3,0,0.087,3374754
1788986363,3,0,0.005,3374754
1788986366,4,0,2.653,3374754
1788986376,5,0,9.982,3374754
1788986377,4,0,1.568,3374754
1788986378,7,0,0.194,3374754
1788986378,1,0,0.002,3374754
1788986378,1,0,0.001,3374754
1788986378,2,0,0.005,3374754
1788986378,3,0,0.051,3374754
1788986378,1,0,0.001,3374754
1788986378,1,0,0,3374754
1788986378,0,0,0.018,3374754
1788986378,2,0,0.002,3374754
1788986378,6,0,0.006,3374754
1788986378,3,0,0.06,3374754
1788986381,4,0,3.709,3374754
1788986381,2,0,0.004,3374754
1788986381,6,0,0.007,3374754
1788986384,2,0,2.674,3374754
1788986386,4,0,2.001,3374754
1788986387,4,0,1.024,3374754
1788986396,5,0,8.918,3374754
1788986396,3,0,0.079,3374754
1788986397,2,0,1.118,3374754
1788986399,2,0,1.391,3374754
1788986399,1,0,0.001,3374754
1788986399,4,0,0.822,3374754
1788986399,3,0,0.011,3374754
1788986399,2,0,0.002,3374754
1788986403,4,0,4.014,3374754
1788986405,5,0,1.777,3374754
1788986405,0,0,0.006,3374754
1788986406,5,0,1.031,3374754
1788986406,0,0,0.007,3374754
1788986406,3,0,0.079,3374754
1788986406,2,0,0.001,3374754
1788986406,2,0,0.002,3374754
1788986406,6,0,0.01,3374754
1788986406,0,0,0.012,3374754
1788986416,5,0,9.25,3374754
1788986417,4,0,1.62,3374754
1788986417,3,0,0.076,3374754
1788986417,2,0,0.004,3374754
1788986417,1,0,0.001,3374754
1788986417,3,0,0.077,3374754
1788986418,7,0,0.171,3374754
1788986428,5,0,10.012,3374754
1788986428,3,0,0.041,3374754
1788986428,1,0,0.002,3374754
1788986429,4,0,0.909,3374754
1788986430,5,0,1.037,3374754
1788986430,3,0,0.011,3374754
1788986430,3,0,0.009,3374754
1788986431,4,0,1.402,3374754
1788986432,4,0,1.144,3374754
1788986434,4,0,2.017,3374754
1788986434,6,0,0.007,3374754
1788986434,6,0,0.008,3374754
1788986434,2,0,0.001,3374754
1788986434,6,0,0.008,3374754
1788986434,2,0,0.002,3374754
1788986434,2,0,0.001,3374754
1788986436,4,0,1.457,3374754
1788986436,6,0,0.007,3374754
1788986436,0,0,0.004,3374754
1788986436,0,0,0.009,3374754
1788986436,6,0,0.007,3374754
1788986437,4,0,1.559,3374754
1788986437,6,0,0.008,3374754
1788986437,5,0,0.113,3374754
1788986438,4,0,0.98,3374754
1788986438,0,0,0.005,3374754
1788986438,6,0,0.007,3374754
1788986438,0,0,0.019,3374754
1788986440,4,0,2.051,3374754
1788986441,4,0,0.887,3374754
1788986452,5,0,11.112,3374754
1788986452,2,0,0.003,3374754
1788986452,0,0,0.005,3374754
1788986453,3,0,0.038,3374754
1788986454,4,0,1.92,3374754
1788986456,4,0,1.658,3374754
1788986457,4,0,1.073,3374754
1788986457,0,0,0.007,3374754
1788986457,0,0,0.008,3374754
1788986457,6,0,0.006,3374754
1788986457,3,0,0.068,3374754
1788986457,3,0,0.061,3374754
1788986457,3,0,0.035,3374754
1788986457,3,0,0.071,3374754
1788986457,3,0,0.009,3374754
1788986457,0,0,0.005,3374754
1788986459,2,0,1.215,3374754
1788986468,5,0,9.185,3374754
1788986470,4,0,2.011,3374754
1788986470,3,0,0.081,3374754
1788986481,5,0,10.818,3374754
1788986481,3,0,0.09,3374754
1788986482,4,0,1.101,3374754
1788986483,4,0,1.412,3374754
1788986483,0,0,0.005,3374754
1788986483,6,0,0.009,3374754
1788986484,4,0,0.763,3374754
1788986484,6,0,0.009,3374754
1788986485,4,0,1.337,3374754
1788986486,4,0,0.91,3374754
1788986488,5,0,1.24,3374754
1788986497,5,0,9.574,3374754
1788986497,0,0,0.013,3374754
1788986506,7,0,8.787,3374754
1788986508,4,0,2.009,3374754
1788986508,3,0,0.007,3374754
1788986508,0,0,0.011,3374754
1788986508,6,0,0.008,3374754
1788986508,3,0,0.007,3374754
1788986508,0,0,0.009,3374754
1788986508,3,0,0.078,3374754
1788986518,5,0,10.157,3374754
1788986518,1,0,0.003,3374754
1788986518,0,0,0.014,3374754
1788986518,2,0,0.001,3374754
1788986518,6,0,0.01,3374754
1788986518,5,0,0.124,3374754
1788986518,6,0,0.008,3374754
1788986521,4,0,2.624,3374754
1788986521,0,0,0.012,3374754
1788986521,3,0,0.078,3374754
1788986521,2,0,0.004,3374754
1788986522,4,0,1.129,3374754
1788986522,0,0,0.017,3374754
1788986524,4,0,2.077,3374754
1788986525,7,0,0.168,3374754
1788986525,5,0,0.117,3374754
1788986525,2,0,0.002,3374754
1788986527,2,0,2.587,3374754
1788986527,3,0,0.008,3374754
1788986528,4,0,0.805,3374754
1788986530,2,0,2.076,3374754
1788986530,3,0,0.005,3374754
1788986532,4,0,1.472,3374754
1788986532,6,0,0.006,3374754
1788986532,2,0,0.003,3374754
1788986532,2,0,0.003,3374754
1788986532,3,0,0.002,3374754
1788986532,0,0,0.008,3374754
1788986532,0,0,0.013,3374754
1788986533,7,0,1.567,3374754
1788986533,1,0,0.001,3374754
1788986533,5,0,0.122,3374754
1788986533,0,0,0.01,3374754
1788986534,4,0,0.805,3374754
1788986536,4,0,1.516,3374754
1788986536,3,0,0.051,3374754
1788986536,3,0,0.008,3374754
1788986537,2,0,1.6,3374754
1788986537,0,0,0.006,3374754
1788986537,6,0,0.007,3374754
1788986539,4,0,1.859,3374754
1788986539,2,0,0.003,3374754
1788986541,4,0,1.455,3374754
1788986541,0,0,0.006,3374754
1788986541,2,0,0.003,3374754
1788986541,6,0,0.008,3374754
1788986541,6,0,0.007,3374754
1788986541,0,0,0.006,3374754
1788986542,4,0,1.393,3374754
1788986543,4,0,0.965,3374754
1788986543,3,0,0.034,3374754
1788986543,3,0,0.044,3374754
1788986543,1,0,0.001,3374754
1788986546,4,0,2.425,3374754
1788986546,4,0,0.868,3374754
1788986546,6,0,0.006,3374754
1788986548,2,0,1.22,3374754
1788986550,5,0,2.467,3374754
1788986550,3,0,0.007,3374754
1788986551,2,0,1.133,3374754
1788986551,0,0,0.011,3374754
1788986551,6,0,0.009,3374754
1788986554,5,0,2.217,3374754
1788986554,1,0,0.001,3374754
1788986554,3,0,0.011,3374754
1788986554,3,0,0.075,3374754
1788986554,0,0,0.013,3374754
1788986554,3,0,0.017,3374754
1788986554,0,0,0.008,3374754
1788986554,3,0,0.022,3374754
1788986554,4,0,0.78,3374754
1788986554,1,0,0.001,3374754
1788986554,0,0,0.011,3374754
1788986554,0,0,0.012,3374754
1788986554,1,0,0,3374754
1788986558,4,0,4.035,3374754
1788986559,6,0,0.01,3374754
1788986560,4,0,1.85,3374754
1788986560,0,0,0.013,3374754
1788986562,4,0,1.457,3374754
1788986562,3,0,0.058,3374754
1788986563,4,0,1.128,3374754
1788986564,4,0,0.923,3374754
1788986564,6,0,0.008,3374754
1788986564,0,0,0.014,3374754
1788986573,5,0,8.62,3374754
1788986573,0,0,0.015,3374754
1788986576,2,0,3.772,3374754
1788986580,4,0,3.664,3374754
1788986580,6,0,0.008,3374754
1788986580,6,0,0.006,3374754
1788986580,0,0,0.011,3374754
1788986580,3,0,0.051,3374754
1788986582,2,0,1.584,3374754
1788986582,1,0,0.001,3374754
1788986583,5,0,1.696,3374754
1788986585,2,0,1.175,3374754
1788986585,3,0,0.008,3374754
1788986585,4,0,0.83,3374754
1788986585,6,0,0.009,3374754
1788986585,0,0,0.009,3374754
1788986585,6,0,0.008,3374754
1788986585,6,0,0.007,3374754
1788986587,7,0,1.176,3374754
1788986587,0,0,0.002,3374754
1788986587,3,0,0.03,3374754
1788986587,2,0,0.002,3374754
1788986587,3,0,0.071,3374754
1788986587,3,0,0.005,3374754
1788986587,3,0,0.068,3374754
1788986587,0,0,0.05,3374754
1788986587,2,0,0.003,3374754
1788986587,6,0,0.008,3374754
1788986587,1,0,0.001,3374754
1788986587,3,0,0.077,3374754
1788986588,4,0,1.435,3374754
1788986588,0,0,0.012,3374754
1788986598,5,0,9.402,3374754
1788986600,4,0,1.815,3374754
1788986600,0,0,0.013,3374754
1788986600,0,0,0.013,3374754
1788986600,3,0,0.06,3374754
1788986600,3,0,0.077,3374754
1788986600,0,0,0.016,3374754
1788986601,4,0,1.667,3374754
1788986601,3,0,0.006,3374754
1788986601,0,0,0.014,3374754
1788986601,3,0,0.034,3374754
1788986602,0,0,0.013,3374754
1788986602,3,0,0.01,3374754
1788986602,2,0,0.003,3374754
1788986602,3,0,0.008,3374754
1788986602,2,0,0.003,3374754
1788986603,4,0,1.7,3374754
1788986605,4,0,1.785,3374754
1788986607,4,0,1.913,3374754
1788986607,3,0,0.007,3374754
1788986607,5,0,0.116,3374754
1788986611,4,0,4.248,3374754
1788986612,4,0,1.03,3374754
1788986614,2,0,1.272,3374754
1788986616,5,0,2.065,3374754
1788986617,4,0,1.637,3374754
1788986617,3,0,0.073,3374754
1788986619,4,0,1.984,3374754
1788986619,3,0,0.034,3374754
1788986619,6,0,0.005,3374754
1788986619,6,0,0.007,3374754
1788986619,2,0,0.004,3374754
1788986619,2,0,0.003,3374754
1788986619,3,0,0.015,3374754
1788986621,4,0,1.269,3374754
1788986622,4,0,1.661,3374754
1788986624,4,0,1.675,3374754
1788986625,2,0,1.109,3374754
1788986625,1,0,0.002,3374754
1788986625,3,0,0.01,3374754
1788986625,3,0,0.007,3374754
1788986625,1,0,0.001,3374754
1788986625,0,0,0.015,3374754
1788986625,6,0,0.008,3374754
1788986627,4,0,2.028,3374754
1788986630,4,0,2.619,3374754
1788986631,5,0,1.2,3374754
1788986631,1,0,0.001,3374754
1788986634,4,0,2.959,3374754
1788986634,1,0,0.001,3374754
1788986635,4,0,1.109,3374754
1788986635,6,0,0.007,3374754
1788986644,7,0,9.112,3374754
1788986647,4,0,2.63,3374754
1788986647,3,0,0.008,3374754
1788986649,2,0,2,3374754
1788986650,2,0,1.47,3374754
1788986652,4,0,1.42,3374754
1788986654,4,0,2.482,3374754
1788986654,3,0,0.004,3374754
1788986657,4,0,2.432,3374754
1788986658,4,0,0.971,3374754
1788986659,4,0,1.758,3374754
1788986659,2,0,0.004,3374754
1788986659,6,0,0.006,3374754
1788986659,1,0,0.001,3374754
1788986659,2,0,0.003,3374754
1788986659,6,0,0.007,3374754
1788986660,5,0,0.736,3374754
1788986660,1,0,0.001,3374754
1788986660,1,0,0,3374754
1788986661,5,0,1.262,3374754
1788986665,4,0,3.708,3374754
1788986665,0,0,0.004,3374754
1788986665,1,0,0.002,3374754
1788986669,4,0,3.599,3374754
1788986669,3,0,0.016,3374754
1788986670,4,0,1.74,3374754
1788986671,3,0,0.111,3374754
1788986671,0,0,0.007,3374754
1788986671,0,0,0.009,3374754
1788986671,0,0,0.007,3374754
1788986672,4,0,1.774,3374754
1788986672,3,0,0.051,3374754
1788986672,2,0,0.004,3374754
1788986672,0,0,0.011,3374754
1788986672,2,0,0.003,3374754
1788986672,6,0,0.007,3374754
1788986674,2,0,1.694,3374754
1788986676,5,0,1.559,3374754
1788986676,2,0,0.002,3374754
1788986678,4,0,2.435,3374754
1788986678,0,0,0.015,3374754
1788986678,3,0,0.051,3374754
1788986678,3,0,0.005,3374754
1788986678,2,0,0.003,3374754
1788986681,4,0,2.322,3374754
1788986682,4,0,1.205,3374754
1788986682,1,0,0.001,3374754
1788986682,3,0,0.006,3374754
1788986684,4,0,2.048,3374754
1788986684,3,0,0.083,3374754
1788986684,3,0,0.008,3374754
1788986684,3,0,0.004,3374754
1788986686,2,0,1.962,3374754
1788986686,0,0,0.006,3374754
1788986686,0,0,0.014,3374754
1788986686,0,0,0.007,3374754
1788986688,4,0,1.971,3374754
1788986688,3,0,0.007,3374754
1788986688,6,0,0.006,3374754
1788986688,3,0,0.034,3374754
1788986688,3,0,0.073,3374754
1788986692,4,0,4.226,3374754
1788986692,0,0,0.014,3374754
1788986694,4,0,2.193,3374754
1788986695,4,0,0.999,3374754
1788986695,0,0,0.012,3374754
1788986695,6,0,0.007,3374754
1788986695,6,0,0.008,3374754
1788986696,4,0,0.829,3374754
1788986696,0,0,0.009,3374754
1788986697,4,0,0.96,3374754
1788986697,3,0,0.077,3374754
1788986697,5,0,0.131,3374754
1788986700,2,0,2.855,3374754
1788986700,6,0,0.009,3374754
1788986702,2,0,1.988,3374754
1788986704,4,0,1.406,3374754
1788986705,4,0,1.147,3374754
1788986705,6,0,0.005,3374754
1788986708,4,0,3.071,3374754
1788986708,0,0,0.015,3374754
1788986708,2,0,0.002,3374754
1788986709,5,0,1.169,3374754
1788986709,6,0,0.008,3374754
1788986709,6,0,0.005,3374754
1788986711,4,0,1.362,3374754
1788986711,1,0,0.001,3374754
1788986720,5,0,9.781,3374754
1788986720,6,0,0.008,3374754
1788986722,4,0,2.013,3374754
1788986722,0,0,0.016,3374754
1788986722,0,0,0.015,3374754
1788986722,5,0,0.127,3374754
1788986723,4,0,0.906,3374754
1788986723,3,0,0.029,3374754
1788986723,2,0,0.004,3374754
1788986724,5,0,0.707,3374754
1788986724,3,0,0.04,3374754
1788986724,2,0,0.003,3374754
1788986724,6,0,0.006,3374754
1788986724,2,0,0.003,3374754
1788986726,5,0,1.93,3374754
1788986726,5,0,0.114,3374754
1788986726,5,0,0.127,3374754
1788986726,6,0,0.01,3374754
1788986727,4,0,1.138,3374754
1788986727,6,0,0.006,3374754
1788986729,4,0,1.836,3374754
1788986731,4,0,2.104,3374754
1788986731,3,0,0.006,3374754
1788986732,4,0,1.06,3374754
1788986733,0,0,0.012,3374754
1788986734,5,0,1.692,3374754
1788986734,3,0,0.005,3374754
1788986734,6,0,0.009,3374754
1788986734,0,0,0.011,3374754
1788986734,6,0,0.007,3374754
1788986734,3,0,0.066,3374754
1788986734,6,0,0.007,3374754
1788986734,3,0,0.075,3374754
1788986736,2,0,1.173,3374754
1788986736,3,0,0.094,3374754
1788986736,3,0,0.059,3374754
1788986736,3,0,0.086,3374754
1788986737,4,0,1.092,3374754
1788986737,0,0,0.009,3374754
1788986737,3,0,0.014,3374754
1788986737,6,0,0.008,3374754
1788986738,2,0,1.091,3374754
1788986738,0,0,0.006,3374754
1788986740,4,0,1.929,3374754
1788986740,0,0,0.008,3374754
1788986742,4,0,1.589,3374754
1788986744,2,0,2.567,3374754
1788986745,5,0,1.297,3374754
1788986745,0,0,0.01,3374754
1788986745,3,0,0.039,3374754
1788986745,6,0,0.007,3374754
1788986747,5,0,1.33,3374754
1788986747,3,0,0.049,3374754
1788986747,6,0,0.009,3374754
1788986747,3,0,0.01,3374754
1788986748,2,0,0.856,3374754
1788986750,4,0,1.859,3374754
1788986750,0,0,0.011,3374754
1788986751,4,0,1.072,3374754
1788986751,3,0,0.037,3374754
1788986751,3,0,0.073,3374754
1788986751,6,0,0.012,3374754
1788986751,0,0,0.013,3374754
1788986751,2,0,0.003,3374754
1788986752,2,0,1.03,3374754
1788986760,5,0,8.058,3374754
1788986760,3,0,0.004,3374754
1788986763,4,0,3.253,3374754
1788986765,4,0,1.488,3374754
1788986766,5,0,1.587,3374754
1788986766,0,0,0.007,3374754
1788986766,6,0,0.006,3374754
1788986766,2,0,0.002,3374754
1788986766,6,0,0.006,3374754
1788986766,0,0,0.013,3374754
1788986770,4,0,3.897,3374754
1788986771,5,0,0.738,3374754
1788986771,7,0,0.184,3374754
1788986771,6,0,0.005,3374754
1788986771,3,0,0.075,3374754
1788986771,6,0,0.012,3374754
1788986771,6,0,0.007,3374754
1788986772,4,0,1.085,3374754
1788986772,3,0,0.089,3374754
1788986772,1,0,0.001,3374754
1788986772,3,0,0.071,3374754
1788986776,4,0,3.256,3374754
1788986778,4,0,2.505,3374754
1788986778,3,0,0.051,3374754
1788986778,6,0,0.01,3374754
1788986779,2,0,1.245,3374754
1788986787,5,0,7.987,3374754
1788986787,6,0,0.005,3374754
1788986789,4,0,1.222,3374754
1788986789,3,0,0.005,3374754
1788986789,0,0,0.016,3374754
1788986789,6,0,0.007,3374754
1788986789,3,0,0.041,3374754
1788986790,2,0,1.078,3374754
1788986791,4,0,1.035,3374754
1788986791,3,0,0.008,3374754
1788986791,3,0,0.048,3374754
1788986791,2,0,0.004,3374754
1788986791,0,0,0.044,3374754
1788986791,3,0,0.118,3374754
1788986791,3,0,0.056,3374754
1788986791,3,0,0.006,3374754
1788986792,2,0,0.966,3374754
1788986792,3,0,0.067,3374754
1788986792,6,0,0.007,3374754
1788986792,1,0,0.002,3374754
1788986792,3,0,0.005,3374754
1788986792,0,0,0.007,3374754
1788986794,4,0,1.989,3374754
1788986794,3,0,0.061,3374754
1788986795,4,0,1.15,3374754
1788986799,4,0,3.451,3374754
1788986799,3,0,0.071,3374754
1788986801,2,0,1.765,3374754
1788986802,2,0,0.838,3374754
1788986802,STOP,,,3374754
