1788983169,4,0,3.9,3374714
1788983170,4,0,0.969,3374714
1788983170,2,0,0.004,3374714
1788983171,4,0,1.448,3374714
1788983171,3,0,0.008,3374714
1788983171,6,0,0.014,3374714
1788983171,6,0,0.005,3374714
1788983171,0,0,0.022,3374714
1788983171,3,0,0.005,3374714
1788983172,3,0,0.095,3374714
1788983173,2,0,1.194,3374714
1788983173,2,0,0.745,3374714
1788983173,0,0,0.008,3374714
1788983174,3,0,0.067,3374714
1788983174,3,0,0.046,3374714
1788983175,2,0,1.525,3374714
1788983175,6,0,0.008,3374714
1788983179,4,0,3.664,3374714
1788983180,5,0,1.689,3374714
1788983182,4,0,1.81,3374714
1788983182,6,0,0.012,3374714
1788983182,6,0,0.01,3374714
1788983184,4,0,1.739,3374714
1788983185,4,0,1.08,3374714
1788983187,4,0,2.139,3374714
1788983189,5,0,1.804,3374714
1788983189,3,0,0.072,3374714
1788983189,6,0,0.005,3374714
1788983189,6,0,0.005,3374714
1788983189,3,0,0.007,3374714
1788983189,0,0,0.012,3374714
1788983192,4,0,3.213,3374714
1788983194,4,0,1.322,3374714
1788983194,0,0,0.01,3374714
1788983194,6,0,0.013,3374714
1788983194,3,0,0.012,3374714
1788983194,3,0,0.055,3374714
1788983195,4,0,1.511,3374714
1788983195,1,0,0.002,3374714
1788983195,0,0,0.011,3374714
1788983195,3,0,0.1,3374714
1788983195,6,0,0.006,3374714
1788983198,4,0,2.775,3374714
1788983198,0,0,0.011,3374714
1788983200,4,0,1.716,3374714
1788983200,0,0,0.016,3374714
1788983200,0,0,0.008,3374714
1788983208,5,0,7.66,3374714
1788983210,4,0,2.353,3374714
1788983211,4,0,0.962,3374714
1788983211,6,0,0.009,3374714
1788983211,0,0,0.006,3374714
1788983211,0,0,0.012,3374714
1788983211,3,0,0.097,3374714
1788983212,4,0,0.805,3374714
1788983213,4,0,1.213,3374714
1788983213,0,0,0.013,3374714
1788983215,2,0,1.627,3374714
1788983215,0,0,0.016,3374714
1788983215,6,0,0.007,3374714
1788983218,4,0,2.892,3374714
1788983218,6,0,0.007,3374714
1788983218,3,0,0.014,3374714
1788983219,4,0,1.495,3374714
1788983219,6,0,0.009,3374714
1788983219,3,0,0.047,3374714
1788983219,3,0,0.007,3374714
1788983230,5,0,10.739,3374714
1788983230,0,0,0.012,3374714
1788983230,0,0,0.012,3374714
1788983230,1,0,0.001,3374714
1788983230,6,0,0.007,3374714
1788983230,2,0,0.002,3374714
1788983230,2,0,0.003,3374714
1788983230,3,0,0.097,3374714
1788983231,2,0,1.246,3374714
1788983231,3,0,0.004,3374714
1788983235,4,0,4.142,3374714
1788983235,0,0,0.015,3374714
1788983235,6,0,0.007,3374714
1788983236,4,0,0.766,3374714
1788983236,6,0,0.008,3374714
1788983236,5,0,0.13,3374714
1788983239,4,0,2.628,3374714
1788983240,4,0,1.254,3374714
1788983240,0,0,0.007,3374714
1788983240,6,0,0.008,3374714
1788983240,2,0,0.004,3374714
1788983240,1,0,0.001,3374714
1788983240,1,0,0.001,3374714
1788983241,2,0,0.657,3374714
1788983242,4,0,0.987,3374714
1788983243,4,0,1.443,3374714
1788983245,5,0,1.555,3374714
1788983246,4,0,1.143,3374714
1788983246,3,0,0.009,3374714
1788983246,3,0,0.087,3374714
1788983248,4,0,1.893,3374714
1788983251,2,0,3.147,3374714
1788983252,2,0,1.141,3374714
1788983252,3,0,0.003,3374714
1788983252,0,0,0.008,3374714
1788983252,3,0,0.093,3374714
1788983252,6,0,0.012,3374714
1788983253,3,0,0.071,3374714
1788983253,0,0,0.013,3374714
1788983253,1,0,0.001,3374714
1788983253,2,0,0.002,3374714
1788983253,2,0,0.003,3374714
1788983253,6,0,0.006,3374714
1788983253,6,1,0.004,3374714
1788983253,3,0,0.06,3374714
1788983254,4,0,1.192,3374714
1788983255,4,0,1.472,3374714
1788983266,5,0,10.304,3374714
1788983276,7,0,10.619,3374714
1788983276,3,0,0.003,3374714
1788983277,5,0,0.898,3374714
1788983279,7,0,1.823,3374714
1788983279,0,0,0.008,3374714
1788983281,4,0,1.668,3374714
1788983281,6,0,0.011,3374714
1788983283,4,0,2.28,3374714
1788983283,5,0,0.128,3374714
1788983283,3,0,0.029,3374714
1788983283,6,0,0.006,3374714
1788983283,0,0,0.015,3374714
1788983283,0,0,0.013,3374714
1788983285,5,0,1.711,3374714
1788983285,3,0,0.007,3374714
1788983285,3,0,0.009,3374714
1788983288,4,0,2.749,3374714
1788983288,2,0,0.002,3374714
1788983289,5,0,1.135,3374714
1788983291,4,0,1.812,3374714
1788983291,5,0,0.128,3374714
1788983291,2,0,0.003,3374714
1788983291,2,0,0.003,3374714
1788983291,6,0,0.006,3374714
1788983291,0,0,0.018,3374714
1788983304,7,0,12.809,3374714
1788983304,6,0,0.008,3374714
1788983304,3,0,0.042,3374714
1788983304,4,0,0.695,3374714
1788983304,3,0,0.082,3374714
1788983308,4,0,3.935,3374714
1788983308,3,0,0.073,3374714
1788983310,4,0,1.241,3374714
1788983311,4,0,1,3374714
1788983311,7,0,0.176,3374714
1788983311,6,0,0.007,3374714
1788983311,6,0,0.006,3374714
1788983312,5,0,1.308,3374714
1788983312,6,0,0.01,3374714
1788983312,0,0,0.01,3374714
1788983312,7,0,0.158,3374714
1788983312,0,0,0.011,3374714
1788983312,0,0,0.014,3374714
1788983312,1,0,0.002,3374714
1788983312,6,0,0.007,3374714
1788983312,0,0,0.015,3374714
1788983315,4,0,2.233,3374714
1788983315,3,0,0.052,3374714
1788983315,2,0,0.001,3374714
1788983316,4,0,0.94,3374714
1788983316,4,0,0.859,3374714
1788983316,3,0,0.001,3374714
1788983316,3,0,0.045,3374714
1788983317,4,0,1.048,3374714
1788983317,3,0,0.003,3374714
1788983320,4,0,2.036,3374714
1788983320,6,0,0.006,3374714
1788983320,6,0,0.009,3374714
1788983320,3,0,0.061,3374714
1788983322,4,0,1.991,3374714
1788983322,3,0,0.011,3374714
1788983324,4,0,2.22,3374714
1788983324,7,0,0.181,3374714
1788983325,4,0,1.113,3374714
1788983325,6,0,0.007,3374714
1788983328,4,0,2.766,3374714
1788983329,4,0,1.289,3374714
1788983329,1,0,0.001,3374714
1788983329,6,0,0.006,3374714
1788983329,6,0,0.007,3374714
1788983330,7,0,1.243,3374714
1788983330,3,0,0.06,3374714
1788983330,1,0,0.002,3374714
1788983333,4,0,2.774,3374714
1788983333,0,0,0.009,3374714
1788983335,4,0,1.902,3374714
1788983336,4,0,0.781,3374714
1788983336,3,0,0.006,3374714
1788983337,4,0,1.32,3374714
1788983337,0,0,0.006,3374714
1788983339,4,0,1.324,3374714
1788983339,6,0,0.005,3374714
1788983339,5,0,0.103,3374714
1788983343,4,0,3.999,3374714
1788983343,3,0,0.074,3374714
1788983343,6,0,0.005,3374714
1788983343,0,0,0.008,3374714
1788983343,0,0,0.01,3374714
1788983343,2,0,0.004,3374714
1788983344,5,0,1.588,3374714
1788983344,3,0,0.078,3374714
1788983344,0,0,0.004,3374714
1788983346,2,0,1.238,3374714
1788983347,2,0,1.126,3374714
1788983347,6,0,0.004,3374714
1788983347,0,0,0.009,3374714
1788983349,2,0,2.21,3374714
1788983350,4,0,0.566,3374714
1788983351,4,0,0.894,3374714
1788983351,2,0,0.002,3374714
1788983351,3,0,0.008,3374714
1788983351,0,0,0.016,3374714
1788983352,4,0,1.644,3374714
1788983352,5,0,0.127,3374714
1788983353,7,0,0.165,3374714
1788983354,7,0,1.128,3374714
1788983354,3,0,0.006,3374714
1788983355,4,0,1.543,3374714
1788983355,3,0,0.036,3374714
1788983356,4,0,0.897,3374714
1788983356,0,0,0.011,3374714
1788983356,0,0,0.004,3374714
1788983356,0,0,0.007,3374714
1788983357,2,0,1.257,3374714
1788983369,5,0,11.595,3374714
1788983370,4,0,1.031,3374714
1788983370,3,0,0.01,3374714
1788983370,3,0,0.078,3374714
1788983370,0,0,0.013,3374714
1788983370,3,0,0.06,3374714
1788983370,3,0,0.056,3374714
1788983380,7,0,9.693,3374714
1788983381,4,0,1.036,3374714
1788983381,1,0,0.002,3374714
1788983381,2,0,0.002,3374714
1788983381,1,0,0.001,3374714
1788983381,0,0,0.011,3374714
1788983381,3,0,0.047,3374714
1788983382,4,0,1.355,3374714
1788983382,0,0,0.005,3374714
1788983382,2,0,0.003,3374714
1788983382,3,0,0.069,3374714
1788983384,4,0,1.444,3374714
1788983385,4,0,0.929,3374714
1788983387,2,0,2.089,3374714
1788983387,6,0,0.007,3374714
1788983387,3,0,0.011,3374714
1788983387,2,0,0.003,3374714
1788983387,3,0,0.005,3374714
1788983389,2,0,2.164,3374714
1788983393,4,0,3.442,3374714
1788983396,4,0,3.095,3374714
1788983396,2,0,0.002,3374714
1788983397,2,0,1.168,3374714
1788983397,1,0,0.002,3374714
1788983397,3,0,0.075,3374714
1788983399,2,0,1.811,3374714
1788983400,4,0,0.997,3374714
1788983400,3,0,0.038,3374714
1788983401,5,0,1.127,3374714
1788983401,6,0,0.008,3374714
1788983401,1,0,0.001,3374714
1788983402,5,0,1.127,3374714
1788983402,2,0,0.002,3374714
1788983402,0,0,0.005,3374714
1788983402,0,0,0.012,3374714
1788983402,6,0,0.01,3374714
1788983406,4,0,3.964,3374714
1788983406,0,0,0.013,3374714
1788983406,0,0,0.005,3374714
1788983406,6,0,0.008,3374714
1788983406,3,0,0.082,3374714
1788983406,3,0,0.005,3374714
1788983410,5,0,3.935,3374714
1788983413,4,0,3.147,3374714
1788983415,4,0,1.492,3374714
1788983415,2,0,0.004,3374714
1788983416,5,0,1.077,3374714
1788983417,5,0,1.333,3374714
1788983417,0,0,0.009,3374714
1788983417,6,0,0.005,3374714
1788983417,3,0,0.011,3374714
1788983417,3,0,0.063,3374714
1788983417,2,0,0.006,3374714
1788983417,5,0,0.13,3374714
1788983419,4,0,1.46,3374714
1788983419,1,0,0.002,3374714
1788983419,0,0,0.009,3374714
1788983419,0,0,0.004,3374714
1788983419,0,0,0.009,3374714
1788983421,4,0,1.795,3374714
1788983421,6,0,0.007,3374714
1788983421,3,0,0.055,3374714
1788983421,2,0,0.004,3374714
1788983421,0,0,0.012,3374714
1788983421,3,0,0.008,3374714
1788983421,1,0,0.001,3374714
1788983423,4,0,2.071,3374714
1788983424,2,0,1.045,3374714
1788983424,3,0,0.046,3374714
1788983424,0,0,0.007,3374714
1788983424,3,0,0.009,3374714
1788983424,7,0,0.163,3374714
1788983425,2,0,1.298,3374714
1788983427,4,0,1.404,3374714
1788983431,4,0,4.475,3374714
1788983431,0,0,0.007,3374714
1788983431,0,0,0.008,3374714
1788983433,2,0,1.496,3374714
1788983433,3,0,0.046,3374714
1788983433,3,0,0.005,3374714
1788983433,6,0,0.005,3374714
1788983434,4,0,1.293,3374714
1788983435,4,0,0.747,3374714
1788983435,1,0,0,3374714
1788983436,2,0,1.639,3374714
1788983438,4,0,1.035,3374714
1788983438,3,0,0.084,3374714
1788983438,3,0,0.037,3374714
1788983438,0,0,0.006,3374714
1788983438,6,0,0.005,3374714
1788983439,5,0,0.971,3374714
1788983439,0,0,0.014,3374714
1788983439,3,0,0.066,3374714
1788983440,4,0,1.66,3374714
1788983440,0,0,0.012,3374714
1788983440,3,0,0.012,3374714
1788983440,2,0,0.003,3374714
1788983440,0,0,0.012,3374714
1788983440,1,0,0.001,3374714
1788983450,7,0,10.086,3374714
1788983452,4,0,1.12,3374714
1788983453,4,0,1.321,3374714
1788983453,6,0,0.006,3374714
1788983453,2,0,0.002,3374714
1788983454,4,0,1.429,3374714
1788983454,0,0,0.009,3374714
1788983454,0,0,0.021,3374714
1788983454,3,0,0.05,3374714
1788983456,5,0,1.428,3374714
1788983456,3,0,0.05,3374714
1788983456,3,0,0.01,3374714
1788983456,3,0,0.005,3374714
1788983457,4,0,1.149,3374714
1788983457,0,0,0.003,3374714
1788983457,6,0,0.01,3374714
1788983457,2,0,0.004,3374714
1788983457,2,0,0.003,3374714
1788983459,4,0,1.513,3374714
1788983459,3,0,0.009,3374714
1788983459,4,0,0.547,3374714
1788983460,4,0,1.226,3374714
1788983460,3,0,0.043,3374714
1788983462,4,0,1.979,3374714
1788983462,2,0,0.002,3374714
1788983462,3,0,0.061,3374714
1788983464,4,0,1.216,3374714
1788983464,0,0,0.009,3374714
1788983464,7,0,0.184,3374714
1788983466,4,0,1.71,3374714
1788983467,4,0,1.534,3374714
1788983468,5,0,1.014,3374714
1788983468,3,0,0.095,3374714
1788983469,4,0,0.686,3374714
1788983469,0,0,0.01,3374714
1788983469,6,0,0.006,3374714
1788983469,6,0,0.009,3374714
1788983469,0,0,0.008,3374714
1788983469,3,0,0.044,3374714
1788983469,3,0,0.026,3374714
1788983480,5,0,10.479,3374714
1788983480,5,0,0.127,3374714
1788983481,2,0,1.016,3374714
1788983482,4,0,1.74,3374714
1788983483,2,0,1.093,3374714
1788983483,0,0,0.007,3374714
1788983484,2,0,1.008,3374714
1788983486,2,0,1.01,3374714
1788983486,6,0,0.008,3374714
1788983486,0,0,0.007,3374714
1788983486,0,0,0.013,3374714
1788983486,0,0,0.004,3374714
1788983487,4,0,1.145,3374714
1788983494,5,0,7.206,3374714
1788983494,5,0,0.115,3374714
1788983495,4,0,1.094,3374714
1788983495,3,0,0.032,3374714
1788983497,2,0,1.435,3374714
1788983497,3,0,0.007,3374714
1788983498,4,0,1.757,3374714
1788983498,0,0,0.006,3374714
1788983498,0,0,0.012,3374714
1788983498,6,0,0.007,3374714
1788983498,2,0,0.005,3374714
1788983498,2,0,0.002,3374714
1788983501,4,0,2.175,3374714
1788983501,2,0,0.936,3374714
1788983501,6,0,0.005,3374714
1788983502,3,0,0.072,3374714
1788983502,3,0,0.015,3374714
1788983502,2,0,0.002,3374714
1788983502,3,0,0.031,3374714
1788983502,0,0,0.012,3374714
1788983502,3,0,0.033,3374714
1788983504,4,0,1.976,3374714
1788983504,1,0,0.002,3374714
1788983504,0,0,0.008,3374714
1788983504,0,0,0.003,3374714
1788983513,5,0,9.037,3374714
1788983517,2,0,4.381,3374714
1788983518,4,0,1.012,3374714
1788983518,2,0,0.002,3374714
1788983518,0,0,0.014,3374714
1788983519,4,0,0.988,3374714
1788983519,0,0,0.006,3374714
1788983519,0,0,0.013,3374714
1788983519,1,0,0.002,3374714
1788983521,4,0,2.017,3374714
1788983521,6,0,0.011,3374714
1788983523,4,0,1.436,3374714
1788983523,6,0,0.013,3374714
1788983525,5,0,2.8,3374714
1788983525,1,0,0.002,3374714
1788983525,3,0,0.076,3374714
1788983528,5,0,2.64,3374714
1788983529,4,0,1.097,3374714
1788983531,4,0,1.704,3374714
1788983532,4,0,0.913,3374714
1788983543,5,0,10.971,3374714
1788983544,4,0,1.178,3374714
1788983544,3,0,0.006,3374714
1788983544,6,0,0.006,3374714
1788983544,0,0,0.005,3374714
1788983544,2,0,0.003,3374714
1788983546,4,0,2.091,3374714
1788983549,4,0,3.005,3374714
1788983551,5,0,2.368,3374714
1788983551,0,0,0.009,3374714
1788983553,2,0,1.794,3374714
1788983553,1,0,0.001,3374714
1788983555,4,0,1.85,3374714
1788983556,4,0,1.069,3374714
1788983561,2,0,4.608,3374714
1788983562,7,0,1.271,3374714
1788983563,4,0,1.01,3374714
1788983563,7,0,0.179,3374714
1788983563,6,0,0.008,3374714
1788983563,2,0,0.004,3374714
1788983565,4,0,1.844,3374714
1788983566,4,0,1.313,3374714
1788983566,6,0,0.007,3374714
1788983566,3,0,0.009,3374714
1788983566,1,0,0.002,3374714
1788983567,5,0,0.807,3374714
1788983568,4,0,1.151,3374714
1788983568,0,0,0.012,3374714
1788983568,3,0,0.005,3374714
1788983579,7,0,10.483,3374714
1788983579,6,0,0.008,3374714
1788983579,3,0,0.005,3374714
1788983579,0,0,0.017,3374714
1788983579,3,0,0.02,3374714
1788983581,4,0,1.665,3374714
1788983581,2,0,0.002,3374714
1788983582,4,0,1.055,3374714
1788983582,0,0,0.006,3374714
1788983582,1,0,0.002,3374714
1788983582,1,0,0.001,3374714
1788983582,0,0,0.013,3374714
1788983582,3,0,0.08,3374714
1788983582,0,0,0.008,3374714
1788983582,3,0,0.07,3374714
1788983583,4,0,0.921,3374714
1788983583,2,0,0.004,3374714
1788983595,5,0,11.844,3374714
1788983596,4,0,1.237,3374714
1788983597,2,0,0.818,3374714
1788983597,3,0,0.019,3374714
1788983597,5,0,0.123,3374714
1788983598,4,0,1.516,3374714
1788983600,4,0,1.766,3374714
1788983600,5,0,0.13,3374714
1788983604,5,0,3.317,3374714
1788983605,4,0,1.165,3374714
1788983605,0,0,0.011,3374714
1788983605,6,0,0.007,3374714
1788983605,6,0,0.005,3374714
1788983605,2,0,0.001,3374714
1788983605,1,0,0.002,3374714
1788983605,6,0,0.008,3374714
1788983605,2,0,0.003,3374714
1788983605,3,0,0.044,3374714
1788983606,4,0,1.152,3374714
1788983606,0,0,0.006,3374714
1788983606,6,0,0.008,3374714
1788983606,0,0,0.009,3374714
1788983608,4,0,2.058,3374714
1788983608,0,0,0.006,3374714
1788983608,3,0,0.069,3374714
1788983620,5,0,11.512,3374714
1788983620,3,0,0.011,3374714
1788983620,3,0,0.076,3374714
1788983620,3,0,0.094,3374714
1788983621,4,0,1.523,3374714
1788983623,2,0,1.282,3374714
1788983626,5,0,3.241,3374714
1788983626,0,0,0.011,3374714
1788983627,4,0,0.856,3374714
1788983627,0,0,0.007,3374714
1788983627,0,0,0.04,3374714
1788983627,3,0,0.095,3374714
1788983628,4,0,0.862,3374714
1788983629,4,0,1.284,3374714
1788983629,6,0,0.008,3374714
1788983629,1,0,0.001,3374714
1788983629,3,0,0.056,3374714
1788983631,4,0,1.686,3374714
1788983632,2,0,1.476,3374714
1788983634,2,0,2.045,3374714
1788983636,2,0,1.301,3374714
1788983636,0,0,0.011,3374714
1788983636,3,0,0.006,3374714
1788983636,4,0,0.802,3374714
1788983636,0,0,0.018,3374714
1788983636,6,0,0.01,3374714
1788983636,3,0,0.083,3374714
1788983638,4,0,1.087,3374714
1788983639,4,0,1.227,3374714
1788983643,4,0,3.847,3374714
1788983643,4,0,0.656,3374714
1788983645,4,0,1.652,3374714
1788983645,0,0,0.012,3374714
1788983645,1,0,0.001,3374714
1788983647,4,0,2.078,3374714
1788983647,0,0,0.014,3374714
1788983649,2,0,1.593,3374714
1788983649,6,0,0.011,3374714
1788983651,4,0,2.599,3374714
1788983664,5,0,12.591,3374714
1788983664,3,0,0.045,3374714
1788983664,0,0,0.01,3374714
1788983666,2,0,1.662,3374714
1788983666,3,0,0.026,3374714
1788983666,3,0,0.013,3374714
1788983677,5,0,11.08,3374714
1788983678,4,0,1.11,3374714
1788983679,2,0,1.014,3374714
1788983679,3,0,0.061,3374714
1788983679,0,0,0.015,3374714
1788983681,4,0,2.279,3374714
1788983681,2,0,0.003,3374714
1788983682,4,0,1.269,3374714
1788983682,3,0,0.005,3374714
1788983682,6,0,0.007,3374714
1788983683,3,0,0.055,3374714
1788983683,2,0,0.003,3374714
1788983684,4,0,1.41,3374714
1788983684,3,0,0.095,3374714
1788983696,5,0,11.803,3374714
1788983696,3,0,0.071,3374714
1788983696,3,0,0.009,3374714
1788983698,2,0,1.887,3374714
1788983698,6,0,0.008,3374714
1788983698,0,0,0.005,3374714
1788983698,3,0,0.085,3374714
1788983698,6,0,0.008,3374714
1788983701,2,0,3.592,3374714
1788983702,3,0,0.061,3374714
1788983702,3,0,0.003,3374714
1788983704,4,0,2.079,3374714
1788983705,7,0,1.164,3374714
1788983705,3,0,0.008,3374714
1788983705,1,0,0.002,3374714
1788983706,4,0,1.564,3374714
1788983706,0,0,0.013,3374714
1788983706,1,0,0.001,3374714
1788983706,1,0,0,3374714
1788983707,5,0,1.016,3374714
1788983707,3,0,0.006,3374714
1788983707,6,0,0.006,3374714
1788983707,3,0,0.023,3374714
1788983707,6,0,0.01,3374714
1788983707,6,0,0.011,3374714
1788983707,0,0,0.008,3374714
1788983707,0,0,0.009,3374714
1788983707,0,0,0.008,3374714
1788983707,0,0,0.011,3374714
1788983708,3,0,0.046,3374714
1788983708,6,0,0.006,3374714
1788983708,3,0,0.005,3374714
1788983708,0,0,0.01,3374714
1788983708,6,0,0.006,3374714
1788983709,4,0,1.777,3374714
1788983709,5,0,0.125,3374714
1788983710,3,0,0.097,3374714
1788983710,3,0,0.017,3374714
1788983710,3,0,0.012,3374714
1788983710,3,0,0.07,3374714
1788983712,4,0,2.698,3374714
1788983715,4,0,2.176,3374714
1788983715,3,0,0.071,3374714
1788983715,6,0,0.007,3374714
1788983716,2,0,1.564,3374714
1788983716,2,0,0.002,3374714
1788983717,5,0,1.254,3374714
1788983717,6,0,0.006,3374714
1788983718,4,0,0.826,3374714
1788983718,6,0,0.011,3374714
1788983718,2,0,0.004,3374714
1788983718,1,0,0.001,3374714
1788983718,3,0,0.059,3374714
1788983718,6,0,0.007,3374714
1788983718,0,0,0.011,3374714
1788983718,0,0,0.014,3374714
1788983718,0,0,0.008,3374714
1788983718,0,0,0.013,3374714
1788983719,5,0,0.125,3374714
1788983719,3,0,0.087,3374714
1788983719,2,0,0.002,3374714
1788983719,2,0,0.763,3374714
1788983719,0,0,0.008,3374714
1788983719,0,0,0.006,3374714
1788983722,4,0,2.291,3374714
1788983722,2,0,0.003,3374714
1788983722,6,0,0.008,3374714
1788983722,3,0,0.062,3374714
1788983723,2,0,1.029,3374714
1788983733,5,0,10.625,3374714
1788983733,0,0,0.015,3374714
1788983733,3,0,0.003,3374714
1788983735,2,0,1.448,3374714
1788983735,0,0,0.008,3374714
1788983735,3,0,0.032,3374714
1788983735,0,0,0.018,3374714
1788983736,4,0,0.843,3374714
1788983736,0,0,0.01,3374714
1788983736,3,0,0.046,3374714
1788983737,2,0,1.316,3374714
1788983737,3,0,0.003,3374714
1788983738,4,0,1.27,3374714
1788983738,0,0,0.015,3374714
1788983738,0,0,0.01,3374714
1788983738,2,0,0.002,3374714
1788983738,0,0,0.005,3374714
1788983738,2,0,0.001,3374714
1788983740,4,0,1.726,3374714
1788983740,6,0,0.008,3374714
1788983740,5,0,0.12,3374714
1788983740,3,0,0.031,3374714
1788983740,1,0,0.001,3374714
1788983740,3,0,0.066,3374714
1788983740,3,0,0.007,3374714
1788983740,0,0,0.011,3374714
1788983740,6,0,0.009,3374714
1788983740,3,0,0.012,3374714
1788983742,4,0,1.098,3374714
1788983742,6,0,0.01,3374714
1788983743,5,0,1.605,3374714
1788983744,4,0,0.726,3374714
1788983745,5,0,1.17,3374714
1788983745,5,0,0.117,3374714
1788983745,5,0,0.126,3374714
1788983745,5,0,0.121,3374714
1788983758,5,0,12.701,3374714
1788983759,4,0,1.203,3374714
1788983759,3,0,0.078,3374714
1788983759,0,0,0.011,3374714
1788983761,2,0,1.161,3374714
1788983761,2,0,0.003,3374714
1788983763,4,0,2.605,3374714
1788983775,5,0,11.779,3374714
1788983775,0,0,0.007,3374714
1788983775,3,0,0.064,3374714
1788983775,6,0,0.007,3374714
1788983784,5,0,9.168,3374714
1788983786,4,0,1.957,3374714
1788983788,4,0,1.383,3374714
1788983788,3,0,0.005,3374714
1788983788,3,0,0.038,3374714
1788983789,2,0,1.34,3374714
1788983789,3,0,0.065,3374714
1788983792,2,0,2.674,3374714
1788983792,3,0,0.019,3374714
1788983792,1,0,0.003,3374714
1788983792,3,0,0.006,3374714
1788983792,1,0,0.001,3374714
1788983793,4,0,1.044,3374714
1788983793,3,0,0.073,3374714
1788983794,4,0,0.996,3374714
1788983797,2,0,2.722,3374714
1788983797,6,0,0.007,3374714
1788983800,4,0,2.958,3374714
1788983800,3,0,0.097,3374714
1788983802,2,0,2.171,3374714
1788983802,2,0,0.726,3374714
1788983803,6,0,0.008,3374714
1788983803,3,0,0.028,3374714
1788983803,0,0,0.013,3374714
1788983803,0,0,0.017,3374714
1788983804,4,0,1.478,3374714
1788983804,3,0,0.008,3374714
1788983804,2,0,0.003,3374714
1788983804,6,0,0.006,3374714
1788983804,3,0,0.06,3374714
1788983804,6,0,0.008,3374714
1788983804,3,0,0.057,3374714
1788983805,4,0,0.955,3374714
1788983805,2,0,0.005,3374714
1788983805,3,0,0.011,3374714
1788983805,3,0,0.05,3374714
1788983805,1,0,0.001,3374714
1788983805,2,0,0.037,3374714
1788983806,5,0,1.024,3374714
1788983806,6,0,0.007,3374714
1788983806,3,0,0.093,3374714
1788983808,2,0,1.353,3374714
1788983808,3,0,0.068,3374714
1788983808,3,0,0.011,3374714
1788983808,6,0,0.006,3374714
1788983808,6,0,0.009,3374714
1788983809,4,0,1.227,3374714
1788983810,4,0,1.187,3374714
1788983810,3,0,0.006,3374714
1788983810,0,0,0.01,3374714
1788983810,0,0,0.015,3374714
1788983810,0,0,0.018,3374714
1788983810,1,0,0.002,3374714
1788983810,3,0,0.01,3374714
1788983810,2,0,0.002,3374714
1788983810,6,0,0.007,3374714
1788983812,4,0,1.692,3374714
1788983812,1,0,0.002,3374714
1788983812,1,0,0.001,3374714
1788983812,6,0,0.007,3374714
1788983812,6,0,0.01,3374714
1788983812,0,0,0.006,3374714
1788983813,4,0,0.909,3374714
1788983813,3,0,0.058,3374714
1788983813,1,0,0.002,3374714
1788983813,3,0,0.059,3374714
1788983815,2,0,1.626,3374714
1788983824,5,0,9.686,3374714
1788983829,4,0,4.818,3374714
1788983829,5,0,0.125,3374714
1788983829,3,0,0.047,3374714
1788983829,6,0,0.006,3374714
1788983831,4,0,1.608,3374714
1788983832,2,0,0.69,3374714
1788983832,2,0,0.004,3374714
1788983832,0,0,0.007,3374714
1788983832,3,0,0.076,3374714
1788983835,2,0,3.046,3374714
1788983835,2,0,0.004,3374714
1788983838,2,0,3.355,3374714
1788983838,2,0,0.004,3374714
1788983839,2,0,1.079,3374714
1788983840,2,0,0.741,3374714
1788983840,2,0,0.002,3374714
1788983840,3,0,0.007,3374714
1788983848,7,0,8.27,3374714
1788983848,3,0,0.041,3374714
1788983849,4,0,0.932,3374714
1788983850,5,0,1.229,3374714
1788983854,4,0,3.824,3374714
1788983854,0,0,0.01,3374714
1788983854,0,0,0.006,3374714
1788983854,6,0,0.006,3374714
1788983856,5,0,1.428,3374714
1788983857,4,0,1.625,3374714
1788983857,1,0,0.003,3374714
1788983857,3,0,0.005,3374714
1788983859,2,0,1.43,3374714
1788983859,5,0,0.124,3374714
1788983859,1,0,0.001,3374714
1788983860,2,0,0.674,3374714
1788983860,5,0,0.128,3374714
1788983869,5,0,8.919,3374714
1788983869,3,0,0.003,3374714
1788983869,0,0,0.005,3374714
1788983869,3,0,0.043,3374714
1788983869,6,0,0.008,3374714
1788983869,3,0,0.083,3374714
1788983869,1,0,0.002,3374714
1788983869,3,0,0.004,3374714
1788983871,5,0,2.409,3374714
1788983871,1,0,0.001,3374714
1788983871,0,0,0.005,3374714
1788983871,5,0,0.135,3374714
1788983871,5,0,0.119,3374714
1788983871,0,0,0.014,3374714
1788983871,6,0,0.009,3374714
1788983872,4,0,0.878,3374714
1788983874,2,0,1.838,3374714
1788983877,7,0,2.387,3374714
1788983888,5,0,11.103,3374714
1788983888,3,0,0.008,3374714
1788983888,2,0,0.778,3374714
1788983888,0,0,0.01,3374714
1788983888,0,0,0.014,3374714
1788983891,5,0,2.179,3374714
1788983891,6,0,0.009,3374714
1788983891,3,0,0.055,3374714
1788983901,5,0,10.392,3374714
1788983901,1,0,0.002,3374714
1788983901,3,0,0.064,3374714
1788983901,3,0,0.005,3374714
1788983901,0,0,0.008,3374714
1788983901,1,0,0.001,3374714
1788983902,4,0,0.822,3374714
1788983903,4,0,1.077,3374714
1788983903,5,0,0.128,3374714
1788983903,0,0,0.011,3374714
1788983905,4,0,1.333,3374714
1788983905,3,0,0.078,3374714
1788983905,6,0,0.009,3374714
1788983906,4,0,1.511,3374714
1788983906,2,0,0.002,3374714
1788983906,0,0,0.012,3374714
1788983907,4,0,0.808,3374714
1788983909,4,0,2.289,3374714
1788983913,5,0,4.072,3374714
1788983914,4,0,0.868,3374714
1788983914,0,0,0.007,3374714
1788983914,0,0,0.019,3374714
1788983926,7,0,11.295,3374714
1788983926,0,0,0.011,3374714
1788983926,4,0,0.848,3374714
1788983928,2,0,1.7,3374714
1788983928,3,0,0.007,3374714
1788983929,4,0,0.786,3374714
1788983929,0,0,0.009,3374714
1788983929,3,0,0.011,3374714
1788983930,4,0,1.233,3374714
1788983930,3,0,0.043,3374714
1788983934,4,0,4.254,3374714
1788983934,1,0,0.003,3374714
1788983934,2,0,0.002,3374714
1788983939,5,0,4.203,3374714
1788983940,2,0,0.89,3374714
1788983941,4,0,0.947,3374714
1788983941,1,0,0.002,3374714
1788983942,4,0,1.942,3374714
1788983942,2,0,0.004,3374714
1788983942,6,0,0.008,3374714
1788983944,2,0,1.189,3374714
1788983945,4,0,1.241,3374714
1788983945,3,0,0.024,3374714
1788983945,2,0,0.002,3374714
1788983945,3,0,0.051,3374714
1788983947,4,0,1.659,3374714
1788983947,2,0,0.002,3374714
1788983948,4,0,1.232,3374714
1788983948,6,0,0.007,3374714
1788983948,6,0,0.006,3374714
1788983950,4,0,2.411,3374714
1788983950,6,0,0.005,3374714
1788983950,3,0,0.08,3374714
1788983950,2,0,0.003,3374714
1788983950,3,0,0.075,3374714
1788983952,5,0,1.639,3374714
1788983952,2,0,0.003,3374714
1788983953,5,0,1.385,3374714
1788983953,0,0,0.016,3374714
1788983953,1,0,0.001,3374714
1788983955,2,0,2.009,3374714
1788983956,2,0,0.002,3374714
1788983956,1,0,0.002,3374714
1788983956,1,0,0.001,3374714
1788983956,3,0,0.014,3374714
1788983956,3,0,0.065,3374714
1788983957,4,0,1.52,3374714
1788983959,4,0,1.98,3374714
1788983959,2,0,0.002,3374714
1788983961,4,0,1.593,3374714
1788983961,2,0,0.004,3374714
1788983961,0,0,0.011,3374714
1788983962,2,0,1.163,3374714
1788983962,3,0,0.042,3374714
1788983963,5,0,0.937,3374714
1788983964,5,0,1.566,3374714
1788983964,2,0,0.004,3374714
1788983965,4,0,1.072,3374714
1788983965,0,0,0.008,3374714
1788983966,3,0,0.07,3374714
1788983966,2,0,0.003,3374714
1788983967,5,0,0.98,3374714
1788983967,3,0,0.006,3374714
1788983968,4,0,1.349,3374714
1788983968,0,0,0.014,3374714
1788983968,1,0,0.002,3374714
1788983971,5,0,2.687,3374714
1788983971,3,0,0.006,3374714
1788983972,2,0,1.884,3374714
1788983973,3,0,0.055,3374714
1788983973,1,0,0.001,3374714
1788983973,2,0,0.003,3374714
1788983973,3,0,0.045,3374714
1788983974,5,0,1.022,3374714
1788983974,0,0,0.006,3374714
1788983975,4,0,1.662,3374714
1788983975,6,0,0.005,3374714
1788983977,2,0,1.28,3374714
1788983977,6,0,0.007,3374714
1788983977,0,0,0.007,3374714
1788983979,4,0,2.427,3374714
1788983980,5,0,1.284,3374714
1788983980,6,0,0.006,3374714
1788983980,3,0,0.079,3374714
1788983980,3,0,0.007,3374714
1788983980,6,0,0.01,3374714
1788983980,3,0,0.005,3374714
1788983983,2,0,2.497,3374714
1788983983,3,0,0.009,3374714
1788983983,3,0,0.003,3374714
1788983983,0,0,0.011,3374714
1788983983,3,0,0.01,3374714
1788983983,0,0,0.01,3374714
1788983984,4,0,0.912,3374714
1788983985,4,0,1.349,3374714
1788983985,0,0,0.014,3374714
1788983985,3,0,0.006,3374714
1788983995,5,0,10.27,3374714
1788983998,2,0,2.418,3374714
1788983998,3,0,0.086,3374714
1788983999,5,0,1.261,3374714
1788983999,6,0,0.011,3374714
1788983999,0,0,0.01,3374714
1788983999,3,0,0.033,3374714
1788983999,6,0,0.007,3374714
1788983999,1,0,0.001,3374714
1788983999,6,0,0.005,3374714
1788983999,3,0,0.082,3374714
1788983999,0,0,0.018,3374714
1788984001,2,0,1.148,3374714
1788984001,0,0,0.012,3374714
1788984002,5,0,1.889,3374714
1788984005,5,0,2.449,3374714
1788984005,0,0,0.013,3374714
1788984005,3,0,0.02,3374714
1788984005,6,0,0.008,3374714
1788984005,6,0,0.004,3374714
1788984006,4,0,1.038,3374714
1788984006,6,0,0.008,3374714
1788984006,1,0,0.001,3374714
1788984006,5,0,0.115,3374714
1788984006,2,0,0.002,3374714
1788984010,2,0,3.76,3374714
1788984010,6,0,0.006,3374714
1788984010,3,0,0.005,3374714
1788984012,2,0,2.098,3374714
1788984012,3,0,0.07,3374714
1788984015,4,0,2.69,3374714
1788984015,3,0,0.011,3374714
1788984017,4,0,1.919,3374714
1788984017,0,0,0.048,3374714
1788984017,3,0,0.011,3374714
1788984019,5,0,1.941,3374714
1788984019,3,0,0.006,3374714
1788984019,0,0,0.01,3374714
1788984020,5,0,1.129,3374714
1788984021,4,0,0.919,3374714
1788984021,3,0,0.045,3374714
1788984022,2,0,1.247,3374714
1788984023,5,0,1.155,3374714
1788984023,2,0,0.003,3374714
1788984024,2,0,0.94,3374714
1788984024,1,0,0.001,3374714
1788984024,3,0,0.084,3374714
1788984024,3,0,0.087,3374714
1788984024,2,0,0.002,3374714
1788984026,2,0,1.209,3374714
1788984027,4,0,1.248,3374714
1788984027,0,0,0.013,3374714
1788984028,5,0,0.877,3374714
1788984038,7,0,10.024,3374714
1788984038,1,0,0.001,3374714
1788984038,4,0,0.788,3374714
1788984038,3,0,0.017,3374714
1788984039,3,0,0.012,3374714
1788984040,4,0,1.897,3374714
1788984040,2,0,0.005,3374714
1788984040,0,0,0.009,3374714
1788984051,7,0,10.11,3374714
1788984051,1,0,0.001,3374714
1788984051,6,0,0.008,3374714
1788984051,0,0,0.011,3374714
1788984051,3,0,0.091,3374714
1788984051,3,0,0.011,3374714
1788984052,4,0,1.295,3374714
1788984055,4,0,3.096,3374714
1788984058,4,0,3.224,3374714
1788984058,6,0,0.004,3374714
1788984058,3,0,0.049,3374714
1788984058,0,0,0.008,3374714
1788984058,7,0,0.133,3374714
1788984061,2,0,2.143,3374714
1788984062,4,0,1.012,3374714
1788984062,0,0,0.05,3374714
1788984062,1,0,0.001,3374714
1788984062,6,0,0.007,3374714
1788984073,7,0,10.821,3374714
1788984074,4,0,1.684,3374714
1788984076,4,0,1.986,3374714
1788984076,7,0,0.19,3374714
1788984076,3,0,0.046,3374714
1788984076,6,0,0.008,3374714
1788984076,3,0,0.029,3374714
1788984078,4,0,1.847,3374714
1788984078,6,0,0.007,3374714
1788984078,6,0,0.007,3374714
1788984078,6,0,0.005,3374714
1788984080,2,0,2.066,3374714
1788984080,0,0,0.015,3374714
1788984080,3,0,0.005,3374714
1788984083,4,0,2.28,3374714
1788984083,1,0,0.002,3374714
1788984083,0,0,0.007,3374714
1788984083,1,0,0,3374714
1788984083,2,0,0.003,3374714
1788984085,4,0,2.441,3374714
1788984085,1,0,0.001,3374714
1788984085,0,0,0.011,3374714
1788984085,6,0,0.006,3374714
1788984085,0,0,0.018,3374714
1788984085,0,0,0.01,3374714
1788984086,4,0,0.8,3374714
1788984094,5,0,8.445,3374714
1788984094,6,0,0.006,3374714
1788984094,0,0,0.009,3374714
1788984096,4,0,1.063,3374714
1788984096,3,0,0.008,3374714
1788984096,5,0,0.119,3374714
1788984097,2,0,1.593,3374714
1788984097,6,0,0.009,3374714
1788984097,3,0,0.08,3374714
1788984097,2,0,0.004,3374714
1788984097,6,0,0.003,3374714
1788984097,6,0,0.005,3374714
1788984097,6,0,0.006,3374714
1788984097,1,0,0.001,3374714
1788984097,0,0,0.008,3374714
1788984097,0,0,0.014,3374714
1788984099,2,0,1.867,3374714
1788984100,2,0,1.256,3374714
1788984100,0,0,0.009,3374714
1788984100,1,0,0.001,3374714
1788984100,0,0,0.006,3374714
1788984100,2,0,0.003,3374714
1788984100,1,0,0.001,3374714
1788984102,2,0,1.199,3374714
1788984102,3,0,0.081,3374714
1788984103,4,0,1.139,3374714
1788984104,4,0,1.187,3374714
1788984106,4,0,2.221,3374714
1788984108,4,0,1.349,3374714
1788984108,3,0,0.051,3374714
1788984109,4,0,1.345,3374714
1788984109,6,0,0.012,3374714
1788984109,1,0,0.001,3374714
1788984109,0,0,0.009,3374714
1788984109,3,0,0.006,3374714
1788984109,5,0,0.128,3374714
1788984111,4,0,1.655,3374714
1788984112,4,0,1.329,3374714
1788984114,2,0,1.375,3374714
1788984114,3,0,0.074,3374714
1788984114,3,0,0.08,3374714
1788984114,3,0,0.076,3374714
1788984114,3,0,0.048,3374714
1788984115,4,0,1.192,3374714
1788984118,4,0,3.019,3374714
1788984118,2,0,0.005,3374714
1788984119,4,0,1.038,3374714
1788984119,3,0,0.008,3374714
1788984119,3,0,0.065,3374714
1788984119,3,0,0.003,3374714
1788984119,6,0,0.007,3374714
1788984120,4,0,1.24,3374714
1788984120,6,0,0.006,3374714
1788984120,0,0,0.01,3374714
1788984120,3,0,0.004,3374714
1788984130,5,0,9.459,3374714
1788984130,0,0,0.012,3374714
1788984132,2,0,2.362,3374714
1788984133,2,0,1.057,3374714
1788984135,4,0,1.184,3374714
1788984137,4,0,2.449,3374714
1788984137,6,0,0.007,3374714
1788984137,0,0,0.012,3374714
1788984137,3,0,0.086,3374714
1788984137,0,0,0.005,3374714
1788984138,2,0,1.061,3374714
1788984139,4,0,1.115,3374714
1788984141,4,0,1.982,3374714
1788984141,0,0,0.016,3374714
1788984142,4,0,1.122,3374714
1788984142,0,0,0.01,3374714
1788984153,5,0,10.589,3374714
1788984153,3,0,0.035,3374714
1788984153,3,0,0.059,3374714
1788984153,3,0,0.068,3374714
1788984164,5,0,11.022,3374714
1788984164,1,0,0.003,3374714
1788984164,0,0,0.008,3374714
1788984175,5,0,10.388,3374714
1788984175,5,0,0.126,3374714
1788984175,5,0,0.115,3374714
1788984177,4,0,2.221,3374714
1788984177,3,0,0.008,3374714
1788984177,3,0,0.018,3374714
1788984177,0,0,0.012,3374714
1788984177,0,0,0.015,3374714
1788984177,6,0,0.012,3374714
1788984177,6,0,0.007,3374714
1788984177,6,0,0.011,3374714
1788984178,4,0,1.331,3374714
1788984178,2,0,0.002,3374714
1788984178,6,0,0.006,3374714
1788984179,5,0,0.12,3374714
1788984180,2,0,0.983,3374714
1788984182,5,0,2.138,3374714
1788984182,0,0,0.021,3374714
1788984182,6,0,0.005,3374714
1788984182,2,0,0.002,3374714
1788984186,2,0,3.961,3374714
1788984187,4,0,1.177,3374714
1788984187,0,0,0.015,3374714
1788984190,4,0,3.263,3374714
1788984190,0,0,0.015,3374714
1788984190,3,0,0.073,3374714
1788984190,3,0,0.083,3374714
1788984192,5,0,2.106,3374714
1788984194,2,0,1.122,3374714
1788984194,3,0,0.007,3374714
1788984195,2,0,1.54,3374714
1788984195,3,0,0.051,3374714
1788984195,3,0,0.008,3374714
1788984195,5,0,0.117,3374714
1788984195,3,0,0.058,3374714
1788984198,2,0,2.983,3374714
1788984198,3,0,0.008,3374714
1788984198,3,0,0.042,3374714
1788984198,2,0,0.002,3374714
1788984198,5,0,0.123,3374714
1788984198,0,0,0.014,3374714
1788984199,3,0,0.015,3374714
1788984201,2,0,2.047,3374714
1788984201,0,0,0.013,3374714
1788984201,6,0,0.006,3374714
1788984201,2,0,0.001,3374714
1788984202,4,0,1.744,3374714
1788984202,3,0,0.034,3374714
1788984202,1,0,0.002,3374714
1788984204,5,0,1.76,3374714
1788984206,4,0,1.715,3374714
1788984207,2,0,1.293,3374714
1788984208,4,0,0.841,3374714
1788984208,6,0,0.01,3374714
1788984208,6,0,0.005,3374714
1788984208,1,0,0.001,3374714
1788984208,1,0,0,3374714
1788984209,4,0,1.128,3374714
1788984211,5,0,1.64,3374714
1788984211,6,0,0.008,3374714
1788984211,3,0,0.01,3374714
1788984213,4,0,2.229,3374714
1788984213,2,0,0.003,3374714
1788984215,5,0,1.569,3374714
1788984215,6,0,0.008,3374714
1788984215,1,0,0,3374714
1788984215,3,0,0.075,3374714
1788984215,1,0,0,3374714
1788984216,4,0,1.167,3374714
1788984216,3,0,0.003,3374714
1788984216,6,0,0.011,3374714
1788984217,7,0,1.587,3374714
1788984219,4,0,1.159,3374714
1788984220,5,0,1.584,3374714
1788984220,6,0,0.007,3374714
1788984220,0,0,0.017,3374714
1788984220,0,0,0.005,3374714
1788984220,1,0,0,3374714
1788984220,2,0,0.003,3374714
1788984221,7,0,1.171,3374714
1788984224,2,0,2.88,3374714
1788984227,4,0,2.365,3374714
1788984227,3,0,0.047,3374714
1788984227,3,0,0.011,3374714
1788984229,4,0,2.349,3374714
1788984231,2,0,2.055,3374714
1788984231,3,0,0.09,3374714
1788984231,6,0,0.005,3374714
1788984231,0,0,0.01,3374714
1788984231,1,0,0,3374714
1788984241,5,0,10.214,3374714
1788984243,2,0,1.13,3374714
1788984243,3,0,0.008,3374714
1788984244,4,0,1.519,3374714
1788984244,3,0,0.008,3374714
1788984244,2,0,0.003,3374714
1788984244,7,0,0.172,3374714
1788984247,5,0,2.723,3374714
1788984248,4,0,0.675,3374714
1788984248,3,0,0.041,3374714
1788984249,4,0,1.233,3374714
1788984249,3,0,0.095,3374714
1788984249,0,0,0.01,3374714
1788984249,3,0,0.006,3374714
1788984249,0,0,0.011,3374714
1788984249,3,0,0.057,3374714
1788984249,3,0,0.086,3374714
1788984253,2,0,3.543,3374714
1788984254,4,0,1.352,3374714
1788984255,4,0,1.285,3374714
1788984256,4,0,1.053,3374714
1788984258,2,0,1.268,3374714
1788984258,0,0,0.005,3374714
1788984258,3,0,0.073,3374714
1788984258,0,0,0.009,3374714
1788984259,2,0,1.512,3374714
1788984263,4,0,3.773,3374714
1788984266,4,0,2.543,3374714
1788984266,1,0,0.002,3374714
1788984266,0,0,0.004,3374714
1788984273,5,0,7.798,3374714
1788984273,3,0,0.07,3374714
1788984274,5,0,0.128,3374714
1788984274,6,0,0.006,3374714
1788984274,2,0,0.003,3374714
1788984274,7,0,0.181,3374714
1788984274,3,0,0.006,3374714
1788984274,6,0,0.008,3374714
1788984274,1,0,0.001,3374714
1788984274,0,0,0.004,3374714
1788984275,4,0,1.172,3374714
1788984276,4,0,1.29,3374714
1788984276,0,0,0.013,3374714
1788984287,5,0,10.668,3374714
1788984288,4,0,0.933,3374714
1788984288,5,0,0.118,3374714
1788984288,2,0,0.004,3374714
1788984289,4,0,0.879,3374714
1788984289,0,0,0.006,3374714
1788984289,2,0,0.003,3374714
1788984302,5,0,12.811,3374714
1788984302,3,0,0.064,3374714
1788984302,6,0,0.005,3374714
1788984302,6,0,0.007,3374714
1788984303,4,0,1.571,3374714
1788984303,0,0,0.005,3374714
1788984303,3,0,0.011,3374714
1788984303,6,0,0.005,3374714
1788984304,5,0,1.117,3374714
1788984305,0,0,0.007,3374714
1788984306,4,0,1.193,3374714
1788984307,4,0,1.552,3374714
1788984309,4,0,2.088,3374714
1788984312,4,0,2.81,3374714
1788984314,4,0,2.16,3374714
1788984314,0,0,0.01,3374714
1788984314,3,0,0.084,3374714
1788984314,0,0,0.01,3374714
1788984314,3,0,0.086,3374714
1788984315,0,0,0.01,3374714
1788984315,6,0,0.006,3374714
1788984315,0,0,0.008,3374714
1788984316,4,0,1.233,3374714
1788984316,2,0,0.002,3374714
1788984316,3,0,0.01,3374714
1788984317,4,0,1.008,3374714
1788984317,6,0,0.006,3374714
1788984319,4,0,2.63,3374714
1788984319,6,0,0.005,3374714
1788984319,0,0,0.015,3374714
1788984319,6,0,0.007,3374714
1788984320,4,0,0.95,3374714
1788984320,0,0,0.011,3374714
1788984322,4,0,1.311,3374714
1788984322,2,0,0.004,3374714
1788984322,2,0,0.004,3374714
1788984323,5,0,1.448,3374714
1788984324,2,0,1.213,3374714
1788984324,6,0,0.011,3374714
1788984327,4,0,3.086,3374714
1788984328,3,0,0.08,3374714
1788984330,5,0,2.28,3374714
1788984330,3,0,0.071,3374714
1788984331,2,0,0.658,3374714
1788984331,2,0,0.003,3374714
1788984331,2,0,0.003,3374714
1788984331,3,0,0.006,3374714
1788984333,2,0,2.296,3374714
1788984333,0,0,0.005,3374714
1788984334,4,0,1.536,3374714
1788984334,0,0,0.009,3374714
1788984334,0,0,0.005,3374714
1788984334,0,0,0.005,3374714
1788984334,3,0,0.011,3374714
1788984335,3,0,0.061,3374714
1788984335,0,0,0.006,3374714
1788984336,4,0,1.049,3374714
1788984347,5,0,11.248,3374714
1788984347,3,0,0.035,3374714
1788984347,3,0,0.011,3374714
1788984348,4,0,1.556,3374714
1788984348,3,0,0.006,3374714
1788984349,4,0,1.025,3374714
1788984359,5,0,9.503,3374714
1788984362,4,0,2.86,3374714
1788984362,6,0,0.01,3374714
1788984371,7,0,9.638,3374714
1788984373,4,0,1.192,3374714
1788984374,4,0,1.489,3374714
1788984374,7,0,0.183,3374714
1788984374,1,0,0.002,3374714
1788984374,0,0,0.008,3374714
1788984378,4,0,3.35,3374714
1788984379,2,0,1.112,3374714
1788984379,2,0,0.003,3374714
1788984380,4,0,1.642,3374714
1788984382,4,0,1.071,3374714
1788984382,3,0,0.009,3374714
1788984382,0,0,0.004,3374714
1788984382,3,0,0.058,3374714
1788984382,6,0,0.006,3374714
1788984382,0,0,0.013,3374714
1788984386,4,0,3.932,3374714
1788984387,4,0,1.055,3374714
1788984387,3,0,0.022,3374714
1788984387,1,0,0.003,3374714
1788984387,3,0,0.059,3374714
1788984388,4,0,1.096,3374714
1788984389,4,0,1.64,3374714
1788984389,3,0,0.071,3374714
1788984389,0,0,0.005,3374714
1788984389,2,0,0.002,3374714
1788984391,4,0,1.791,3374714
1788984391,0,0,0.006,3374714
1788984391,1,0,0.001,3374714
1788984391,3,0,0.045,3374714
1788984391,6,0,0.007,3374714
1788984391,0,0,0.005,3374714
1788984391,6,0,0.009,3374714
1788984391,6,0,0.008,3374714
1788984391,3,0,0.008,3374714
1788984392,4,0,0.798,3374714
1788984396,4,0,4.006,3374714
1788984398,4,0,1.435,3374714
1788984398,6,0,0.005,3374714
1788984398,6,0,0.009,3374714
1788984398,3,0,0.084,3374714
1788984399,4,0,1.085,3374714
1788984400,4,0,1.446,3374714
1788984402,4,0,1.289,3374714
1788984402,3,0,0.029,3374714
1788984402,6,0,0.007,3374714
1788984402,3,0,0.084,3374714
1788984411,7,0,8.944,3374714
1788984411,2,0,0.003,3374714
1788984411,2,0,0.003,3374714
1788984411,3,0,0.007,3374714
1788984411,0,0,0.011,3374714
1788984412,4,0,1.369,3374714
1788984412,6,0,0.008,3374714
1788984414,2,0,1.595,3374714
1788984416,4,0,2.001,3374714
1788984416,3,0,0.007,3374714
1788984417,4,0,1.002,3374714
1788984417,0,0,0.013,3374714
1788984417,2,0,0.003,3374714
1788984417,3,0,0.01,3374714
1788984417,3,0,0.085,3374714
1788984417,3,0,0.083,3374714
1788984417,1,0,0.001,3374714
1788984418,7,0,0.886,3374714
1788984418,0,0,0.012,3374714
1788984418,2,0,0.731,3374714
1788984419,5,0,0.122,3374714
1788984419,3,0,0.009,3374714
1788984419,3,0,0.009,3374714
1788984419,0,0,0.009,3374714
1788984419,3,0,0.063,3374714
1788984420,4,0,1.289,3374714
1788984422,5,0,1.915,3374714
1788984423,2,0,0.837,3374714
1788984426,2,0,3.021,3374714
1788984427,4,0,1.452,3374714
1788984427,6,0,0.008,3374714
1788984439,7,0,11.509,3374714
1788984441,4,0,2.787,3374714
1788984441,0,0,0.013,3374714
1788984441,0,0,0.002,3374714
1788984442,5,0,1.031,3374714
1788984443,0,0,0.01,3374714
1788984451,5,0,8.813,3374714
1788984451,2,0,0.003,3374714
1788984452,2,0,0.624,3374714
1788984452,1,0,0.002,3374714
1788984453,2,0,0.712,3374714
1788984453,0,0,0.013,3374714
1788984453,0,0,0.009,3374714
1788984453,0,0,0.007,3374714
1788984453,0,0,0.01,3374714
1788984453,0,0,0.009,3374714
1788984455,5,0,2.397,3374714
1788984456,4,0,1.315,3374714
1788984457,4,0,0.836,3374714
1788984459,4,0,1.704,3374714
1788984459,1,0,0,3374714
1788984459,6,0,0.01,3374714
1788984463,4,0,4.075,3374714
1788984463,3,0,0.08,3374714
1788984463,0,0,0.011,3374714
1788984463,0,0,0.012,3374714
1788984463,2,0,0.003,3374714
1788984464,4,0,1.102,3374714
1788984464,1,0,0,3374714
1788984466,4,0,1.313,3374714
1788984466,2,0,0.003,3374714
1788984467,2,0,1.87,3374714
1788984467,0,0,0.007,3374714
1788984467,2,0,0.002,3374714
1788984468,3,0,0.056,3374714
1788984468,4,0,0.902,3374714
1788984469,3,0,0.098,3374714
1788984469,3,0,0.07,3374714
1788984469,1,0,0.001,3374714
1788984469,2,0,0.002,3374714
1788984469,5,0,0.127,3374714
1788984469,6,0,0.011,3374714
1788984470,2,0,1.055,3374714
1788984470,3,0,0.087,3374714
1788984470,6,0,0.012,3374714
1788984471,4,0,1.284,3374714
1788984471,0,0,0.007,3374714
1788984471,6,0,0.008,3374714
1788984471,0,0,0.006,3374714
1788984471,3,0,0.054,3374714
1788984473,4,0,1.507,3374714
1788984476,7,0,3.052,3374714
1788984477,4,0,1.366,3374714
1788984477,3,0,0.068,3374714
1788984477,0,0,0.01,3374714
1788984479,5,0,1.901,3374714
1788984479,6,0,0.007,3374714
1788984482,4,0,2.484,3374714
1788984482,3,0,0.007,3374714
1788984482,5,0,0.124,3374714
1788984490,5,0,8.615,3374714
1788984493,4,0,3.039,3374714
1788984493,1,0,0.001,3374714
1788984493,2,0,0.002,3374714
1788984495,2,0,1.701,3374714
1788984495,2,0,0.003,3374714
1788984495,3,0,0.003,3374714
1788984495,3,0,0.091,3374714
1788984495,6,0,0.007,3374714
1788984495,0,0,0.007,3374714
1788984495,0,0,0.015,3374714
1788984495,0,0,0.015,3374714
1788984495,3,0,0.083,3374714
1788984498,4,0,2.766,3374714
1788984500,4,0,1.556,3374714
1788984501,4,0,1.234,3374714
1788984501,3,0,0.047,3374714
1788984501,3,0,0.003,3374714
1788984501,5,0,0.127,3374714
1788984501,3,0,0.015,3374714
1788984501,0,0,0.012,3374714
1788984501,2,0,0.004,3374714
1788984501,1,0,0.001,3374714
1788984501,0,0,0.006,3374714
1788984501,1,0,0.001,3374714
1788984501,6,0,0.006,3374714
1788984503,5,0,1.834,3374714
1788984503,5,0,0.125,3374714
1788984503,3,0,0.083,3374714
1788984503,6,0,0.006,3374714
1788984503,5,0,0.122,3374714
1788984503,1,0,0.002,3374714
1788984503,2,0,0.002,3374714
1788984503,0,0,0.01,3374714
1788984504,4,0,1.148,3374714
1788984504,6,0,0.005,3374714
1788984504,6,0,0.006,3374714
1788984505,4,0,0.687,3374714
1788984505,1,0,0.001,3374714
1788984505,0,0,0.012,3374714
1788984505,0,0,0.015,3374714
1788984505,0,0,0.009,3374714
1788984505,3,0,0.09,3374714
1788984509,7,0,3.454,3374714
1788984509,6,0,0.006,3374714
1788984522,5,0,13.241,3374714
1788984522,2,0,0.003,3374714
1788984522,6,0,0.005,3374714
1788984522,2,0,0.003,3374714
1788984522,0,0,0.014,3374714
1788984523,4,0,0.87,3374714
1788984523,3,0,0.082,3374714
1788984523,6,0,0.005,3374714
1788984523,3,0,0.017,3374714
1788984523,3,0,0.053,3374714
1788984523,1,0,0.002,3374714
1788984535,5,0,11.67,3374714
1788984536,4,0,1.494,3374714
1788984536,6,0,0.008,3374714
1788984536,5,0,0.131,3374714
1788984536,3,0,0.004,3374714
1788984536,3,0,0.031,3374714
1788984538,4,0,1.32,3374714
1788984538,6,0,0.006,3374714
1788984538,0,0,0.013,3374714
1788984538,1,0,0.002,3374714
1788984542,4,0,3.862,3374714
1788984543,2,0,1.374,3374714
1788984543,2,0,0.003,3374714
1788984543,6,0,0.006,3374714
1788984543,3,0,0.054,3374714
1788984543,2,0,0.004,3374714
1788984544,4,0,1.022,3374714
1788984544,3,0,0.059,3374714
1788984544,6,0,0.005,3374714
1788984544,1,0,0.001,3374714
1788984544,2,0,0.003,3374714
1788984545,4,0,0.952,3374714
1788984545,0,0,0.005,3374714
1788984547,4,0,2.152,3374714
1788984549,4,0,1.411,3374714
1788984549,3,0,0.007,3374714
1788984549,3,0,0.066,3374714
1788984549,2,0,0.004,3374714
1788984550,4,0,1.361,3374714
1788984553,4,0,2.943,3374714
1788984553,0,0,0.012,3374714
1788984553,0,0,0.011,3374714
1788984553,3,0,0.006,3374714
1788984554,4,0,1.262,3374714
1788984554,0,0,0.006,3374714
1788984554,1,0,0.001,3374714
1788984554,0,0,0.006,3374714
1788984554,6,0,0.007,3374714
1788984554,3,0,0.007,3374714
1788984554,1,0,0.001,3374714
1788984556,4,0,1.733,3374714
1788984558,4,0,1.446,3374714
1788984559,4,0,1.355,3374714
1788984561,2,0,1.83,3374714
1788984563,2,0,2.321,3374714
1788984563,6,0,0.01,3374714
1788984563,3,0,0.004,3374714
1788984563,3,0,0.014,3374714
1788984563,0,0,0.009,3374714
1788984563,6,0,0.007,3374714
1788984565,4,0,1.694,3374714
1788984565,1,0,0.002,3374714
1788984566,2,0,1.215,3374714
1788984567,5,0,0.781,3374714
1788984568,2,0,1.71,3374714
1788984570,2,0,1.048,3374714
1788984570,6,0,0.006,3374714
1788984570,0,0,0.008,3374714
1788984570,3,0,0.01,3374714
1788984570,3,0,0.064,3374714
1788984571,2,0,1.673,3374714
1788984571,2,0,0.004,3374714
1788984571,2,0,0.003,3374714
1788984571,3,0,0.004,3374714
1788984572,4,0,1.018,3374714
1788984574,4,0,1.983,3374714
1788984574,0,0,0.02,3374714
1788984574,1,0,0.001,3374714
1788984576,4,0,1.434,3374714
1788984576,3,0,0.035,3374714
1788984578,2,0,2.18,3374714
1788984578,6,0,0.007,3374714
1788984578,2,0,0.003,3374714
1788984578,6,0,0.008,3374714
1788984578,0,0,0.007,3374714
1788984579,4,0,1.132,3374714
1788984580,5,0,1.206,3374714
1788984581,4,0,1.07,3374714
1788984581,6,0,0.008,3374714
1788984581,6,0,0.008,3374714
1788984582,7,0,0.174,3374714
1788984582,0,0,0.006,3374714
1788984582,2,0,0.894,3374714
1788984583,4,0,0.997,3374714
1788984583,6,0,0.009,3374714
1788984584,0,0,0.01,3374714
1788984584,0,0,0.012,3374714
1788984585,4,0,1.034,3374714
1788984585,5,0,0.129,3374714
1788984585,5,0,0.121,3374714
1788984585,0,0,0.013,3374714
1788984587,4,0,1.731,3374714
1788984588,4,0,1.313,3374714
1788984588,0,0,0.015,3374714
1788984589,2,0,0.99,3374714
1788984589,3,0,0.067,3374714
1788984590,4,0,0.788,3374714
1788984591,4,0,0.786,3374714
1788984591,2,0,0.003,3374714
1788984592,4,0,1.379,3374714
1788984592,1,0,0.001,3374714
1788984592,3,0,0.061,3374714
1788984592,6,0,0.007,3374714
1788984592,0,0,0.004,3374714
1788984592,3,0,0.08,3374714
1788984594,4,0,2.135,3374714
1788984595,2,0,0.508,3374714
1788984595,1,0,0.001,3374714
1788984596,4,0,1.087,3374714
1788984597,4,0,1.653,3374714
1788984599,4,0,1.895,3374714
1788984599,3,0,0.007,3374714
1788984599,0,0,0.014,3374714
1788984600,4,0,0.823,3374714
1788984600,2,0,0.002,3374714
1788984601,5,0,1.069,3374714
1788984601,7,0,0.169,3374714
1788984601,3,0,0.008,3374714
1788984601,6,0,0.005,3374714
1788984603,7,0,1.549,3374714
1788984605,2,0,1.962,3374714
1788984606,4,0,1.115,3374714
1788984607,2,0,1.066,3374714
1788984608,4,0,1.057,3374714
1788984608,2,0,0.001,3374714
1788984609,4,0,0.857,3374714
1788984610,2,0,1.148,3374714
1788984610,3,0,0.018,3374714
1788984610,2,0,0.002,3374714
1788984610,5,0,0.127,3374714
1788984612,4,0,1.772,3374714
1788984612,0,0,0.007,3374714
1788984612,0,0,0.017,3374714
1788984612,3,0,0.053,3374714
1788984612,0,0,0.011,3374714
1788984612,3,0,0.013,3374714
1788984613,4,0,1.286,3374714
1788984614,4,0,0.553,3374714
1788984617,4,0,3.316,3374714
1788984617,2,0,0.004,3374714
1788984621,4,0,4.146,3374714
1788984622,2,0,0.002,3374714
1788984622,3,0,0.07,3374714
1788984624,2,0,2.213,3374714
1788984624,0,0,0.006,3374714
1788984624,3,0,0.038,3374714
1788984625,4,0,1.49,3374714
1788984627,2,0,1.705,3374714
1788984627,3,0,0.065,3374714
1788984627,6,0,0.008,3374714
1788984628,4,0,1.229,3374714
1788984630,4,0,1.587,3374714
1788984630,3,0,0.076,3374714
1788984630,5,0,0.116,3374714
1788984631,4,0,1.185,3374714
1788984632,4,0,0.792,3374714
1788984634,5,0,1.549,3374714
1788984636,2,0,2.712,3374714
1788984636,3,0,0.006,3374714
1788984637,3,0,0.231,3374714
1788984638,2,0,1.058,3374714
1788984638,0,0,0.02,3374714
1788984638,3,0,0.096,3374714
1788984638,0,0,0.011,3374714
1788984639,5,0,0.946,3374714
1788984639,3,0,0.089,3374714
1788984640,4,0,1.49,3374714
1788984640,3,0,0.082,3374714
1788984642,2,0,1.166,3374714
1788984644,2,0,1.969,3374714
1788984644,4,0,0.862,3374714
1788984644,0,0,0.013,3374714
1788984644,0,0,0.012,3374714
1788984646,4,0,1.931,3374714
1788984648,4,0,1.322,3374714
1788984648,3,0,0.064,3374714
1788984648,6,0,0.008,3374714
1788984649,4,0,1.292,3374714
1788984649,3,0,0.007,3374714
1788984649,3,0,0.056,3374714
1788984649,0,0,0.006,3374714
1788984650,2,0,1.274,3374714
1788984651,4,0,1.048,3374714
1788984653,2,0,1.43,3374714
1788984653,3,0,0.057,3374714
1788984653,3,0,0.009,3374714
1788984653,6,0,0.007,3374714
1788984653,3,0,0.039,3374714
1788984653,3,0,0.047,3374714
1788984653,0,0,0.005,3374714
1788984654,2,0,1.359,3374714
1788984656,5,0,1.79,3374714
1788984659,2,0,2.981,3374714
1788984659,3,0,0.043,3374714
1788984660,4,0,1.15,3374714
1788984660,3,0,0.061,3374714
1788984668,5,0,7.864,3374714
1788984668,3,0,0.077,3374714
1788984668,3,0,0.055,3374714
1788984668,2,0,0.003,3374714
1788984668,3,0,0.022,3374714
1788984668,6,0,0.004,3374714
1788984670,4,0,1.395,3374714
1788984671,4,0,1.34,3374714
1788984673,4,0,1.532,3374714
1788984673,0,0,0.01,3374714
1788984675,4,0,2.297,3374714
1788984676,5,0,0.925,3374714
1788984676,5,0,0.131,3374714
1788984676,0,0,0.007,3374714
1788984676,6,0,0.008,3374714
1788984678,4,0,1.675,3374714
1788984678,0,0,0.005,3374714
1788984682,4,0,4.368,3374714
1788984682,0,0,0.006,3374714
1788984682,0,0,0.005,3374714
1788984693,5,0,10.391,3374714
1788984694,4,0,1.064,3374714
1788984695,5,0,1.843,3374714
1788984695,0,0,0.016,3374714
1788984697,4,0,1.717,3374714
1788984697,3,0,0.007,3374714
1788984701,4,0,4.268,3374714
1788984701,0,0,0.007,3374714
1788984701,6,0,0.009,3374714
1788984701,1,0,0.001,3374714
1788984703,7,0,1.351,3374714
1788984705,4,0,2.37,3374714
1788984705,2,0,0.004,3374714
1788984715,5,0,9.785,3374714
1788984716,4,0,0.75,3374714
1788984717,4,0,1.301,3374714
1788984717,3,0,0.051,3374714
1788984717,0,0,0.01,3374714
1788984717,3,0,0.038,3374714
1788984718,4,0,0.768,3374714
1788984729,5,0,11.149,3374714
1788984729,3,0,0.087,3374714
1788984729,2,0,0.004,3374714
1788984729,6,0,0.005,3374714
1788984729,6,0,0.008,3374714
1788984729,3,0,0.01,3374714
1788984729,2,0,0.005,3374714
1788984729,6,0,0.007,3374714
1788984729,0,0,0.006,3374714
1788984733,5,0,3.542,3374714
1788984733,6,0,0.011,3374714
1788984733,1,0,0.001,3374714
1788984733,6,0,0.009,3374714
1788984733,3,0,0.007,3374714
1788984735,4,0,1.824,3374714
1788984735,5,0,0.128,3374714
1788984737,5,0,2.263,3374714
1788984737,2,0,0.002,3374714
1788984737,3,0,0.033,3374714
1788984737,2,0,0.002,3374714
1788984739,4,0,1.615,3374714
1788984739,2,0,0.003,3374714
1788984739,0,0,0.004,3374714
1788984739,0,0,0.007,3374714
1788984739,0,0,0.011,3374714
1788984739,3,0,0.01,3374714
1788984739,0,0,0.014,3374714
1788984739,3,0,0.045,3374714
1788984739,6,0,0.005,3374714
1788984740,4,0,0.976,3374714
1788984741,4,0,1.46,3374714
1788984751,5,0,10.127,3374714
1788984751,3,0,0.006,3374714
1788984751,3,0,0.007,3374714
1788984754,4,0,2.459,3374714
1788984754,0,0,0.007,3374714
1788984754,0,0,0.011,3374714
1788984755,4,0,1.112,3374714
1788984755,0,0,0.006,3374714
1788984755,0,0,0.008,3374714
1788984755,6,0,0.007,3374714
1788984755,6,0,0.006,3374714
1788984756,4,0,1.12,3374714
1788984758,4,0,1.657,3374714
1788984758,0,0,0.01,3374714
1788984758,3,0,0.084,3374714
1788984758,2,0,0.003,3374714
1788984759,4,0,1.071,3374714
1788984759,6,0,0.006,3374714
1788984759,6,0,0.007,3374714
1788984759,2,0,0.005,3374714
1788984760,4,0,0.933,3374714
1788984760,0,0,0.013,3374714
1788984760,6,0,0.008,3374714
1788984760,2,0,0.001,3374714
1788984760,3,0,0.078,3374714
1788984760,0,0,0.013,3374714
1788984760,0,0,0.014,3374714
1788984761,4,0,1.428,3374714
1788984761,3,0,0.072,3374714
1788984763,4,0,1.244,3374714
1788984763,4,0,0.774,3374714
1788984765,4,0,1.733,3374714
1788984765,6,0,0.007,3374714
1788984766,4,0,1.027,3374714
1788984766,5,0,0.126,3374714
1788984766,3,0,0.035,3374714
1788984766,6,0,0.006,3374714
1788984768,2,0,1.518,3374714
1788984769,4,0,0.929,3374714
1788984769,2,0,0.002,3374714
1788984770,4,0,1.637,3374714
1788984772,2,0,1.415,3374714
1788984773,2,0,1.002,3374714
1788984773,3,0,0.074,3374714
1788984774,5,0,1.09,3374714
1788984774,2,0,0.003,3374714
1788984774,6,0,0.005,3374714
1788984774,3,0,0.064,3374714
1788984774,5,0,0.138,3374714
1788984774,1,0,0.003,3374714
1788984774,6,0,0.01,3374714
1788984774,0,0,0.005,3374714
1788984775,4,0,1.031,3374714
1788984775,1,0,0.001,3374714
1788984775,3,0,0.054,3374714
1788984775,3,0,0.039,3374714
1788984777,4,0,1.7,3374714
1788984777,6,0,0.006,3374714
1788984777,3,0,0.043,3374714
1788984777,3,0,0.048,3374714
1788984777,3,0,0.006,3374714
1788984777,0,0,0.014,3374714
1788984777,6,0,0.008,3374714
1788984779,5,0,1.676,3374714
1788984779,3,0,0.071,3374714
1788984779,1,0,0.001,3374714
1788984779,6,0,0.006,3374714
1788984779,6,0,0.006,3374714
1788984779,1,0,0.001,3374714
1788984779,2,0,0.004,3374714
1788984779,0,0,0.012,3374714
1788984779,3,0,0.012,3374714
1788984779,0,0,0.007,3374714
1788984779,0,0,0.015,3374714
1788984779,3,0,0.006,3374714
1788984779,0,0,0.014,3374714
1788984780,4,0,1.148,3374714
1788984780,0,0,0.009,3374714
1788984782,4,0,1.841,3374714
1788984782,6,0,0.009,3374714
1788984782,0,0,0.008,3374714
1788984782,3,0,0.008,3374714
1788984782,3,0,0.005,3374714
1788984782,2,0,0.002,3374714
1788984782,0,0,0.015,3374714
1788984782,2,0,0.001,3374714
1788984782,0,0,0.004,3374714
1788984783,4,0,1.087,3374714
1788984785,4,0,1.444,3374714
1788984785,7,0,0.179,3374714
1788984785,0,0,0.013,3374714
1788984787,4,0,1.879,3374714
1788984787,0,0,0.015,3374714
1788984787,3,0,0.006,3374714
1788984787,0,0,0.009,3374714
1788984789,4,0,2.246,3374714
1788984789,6,0,0.006,3374714
1788984791,4,0,1.905,3374714
1788984792,4,0,1.489,3374714
1788984794,5,0,1.558,3374714
1788984794,0,0,0.006,3374714
1788984794,6,0,0.005,3374714
1788984795,2,0,0.8,3374714
1788984795,3,0,0.081,3374714
1788984796,4,0,0.764,3374714
1788984796,0,0,0.016,3374714
1788984797,5,0,1.08,3374714
1788984797,1,0,0.001,3374714
1788984797,0,0,0.009,3374714
1788984797,5,0,0.119,3374714
1788984798,4,0,1.052,3374714
1788984798,6,0,0.008,3374714
1788984798,3,0,0.002,3374714
1788984798,3,0,0.046,3374714
1788984798,3,0,0.053,3374714
1788984798,2,0,0.002,3374714
1788984798,2,0,0.003,3374714
1788984798,2,0,0.004,3374714
1788984798,6,1,0.005,3374714
1788984798,0,0,0.013,3374714
1788984798,3,0,0.104,3374714
1788984798,0,0,0.008,3374714
1788984798,3,0,0.006,3374714
1788984798,6,0,0.007,3374714
1788984798,2,0,0.002,3374714
1788984800,5,0,1.523,3374714
1788984800,3,0,0.068,3374714
1788984800,3,0,0.047,3374714
1788984801,2,0,0.783,3374714
1788984801,2,0,0.002,3374714
1788984801,1,0,0.001,3374714
1788984801,0,0,0.007,3374714
1788984802,4,0,1.274,3374714
1788984802,6,0,0.006,3374714
1788984803,4,0,1.012,3374714
1788984803,6,0,0.01,3374714
1788984803,1,0,0.002,3374714
1788984803,3,0,0.008,3374714
1788984803,0,0,0.013,3374714
1788984804,7,0,0.945,3374714
1788984804,3,0,0.075,3374714
1788984804,1,0,0.002,3374714
1788984805,2,0,1.413,3374714
1788984806,4,0,1.053,3374714
1788984806,3,0,0.05,3374714
1788984806,3,0,0.009,3374714
1788984807,3,0,0.092,3374714
1788984807,3,0,0.004,3374714
1788984808,4,0,1.199,3374714
1788984808,3,0,0.043,3374714
1788984808,0,0,0.019,3374714
1788984808,3,0,0.017,3374714
1788984808,3,0,0.008,3374714
1788984808,7,0,0.169,3374714
1788984808,3,0,0.042,3374714
1788984808,3,0,0.053,3374714
1788984808,0,0,0.015,3374714
1788984808,3,0,0.009,3374714
1788984808,3,0,0.053,3374714
1788984808,3,0,0.045,3374714
1788984818,5,0,10.161,3374714
1788984818,3,0,0.047,3374714
1788984818,2,0,0.005,3374714
1788984818,3,0,0.069,3374714
1788984819,7,0,0.071,3374714
1788984819,2,0,0.002,3374714
1788984823,4,0,4.863,3374714
1788984823,3,0,0.07,3374714
1788984824,3,0,0.048,3374714
1788984825,2,0,1.289,3374714
1788984826,4,0,1.155,3374714
1788984826,3,0,0.012,3374714
1788984826,6,0,0.006,3374714
1788984826,3,0,0.091,3374714
1788984826,1,0,0.001,3374714
1788984826,6,0,0.007,3374714
1788984826,2,0,0.003,3374714
1788984826,3,0,0.075,3374714
1788984839,5,0,13.096,3374714
1788984840,4,0,1.136,3374714
1788984851,5,0,10.632,3374714
1788984851,0,0,0.005,3374714
1788984851,0,0,0.013,3374714
1788984852,5,0,0.811,3374714
1788984853,4,0,0.872,3374714
1788984854,2,0,1.282,3374714
1788984856,4,0,1.909,3374714
1788984858,2,0,1.875,3374714
1788984858,2,0,0.001,3374714
1788984858,3,0,0.013,3374714
1788984859,5,0,1.135,3374714
1788984859,1,0,0.001,3374714
1788984859,3,0,0.004,3374714
1788984859,0,0,0.007,3374714
1788984859,7,0,0.165,3374714
1788984859,0,0,0.005,3374714
1788984861,4,0,1.746,3374714
1788984861,1,0,0.002,3374714
1788984872,5,0,10.693,3374714
1788984883,7,0,11.507,3374714
1788984883,5,0,0.117,3374714
1788984885,5,0,1.325,3374714
1788984885,6,0,0.009,3374714
1788984887,4,0,2.099,3374714
1788984887,3,0,0.049,3374714
1788984887,3,0,0.01,3374714
1788984889,4,0,1.968,3374714
1788984889,3,0,0.02,3374714
1788984889,3,0,0.009,3374714
1788984889,3,0,0.035,3374714
1788984891,4,0,2.703,3374714
1788984892,2,0,0.981,3374714
1788984896,4,0,3.185,3374714
1788984907,5,0,11.016,3374714
1788984915,5,0,8.59,3374714
1788984915,0,0,0.01,3374714
1788984916,4,0,1.095,3374714
1788984926,5,0,9.595,3374714
1788984926,3,0,0.017,3374714
1788984927,2,0,1.45,3374714
1788984929,4,0,2.096,3374714
1788984931,4,0,2.017,3374714
1788984932,4,0,0.924,3374714
1788984932,0,0,0.008,3374714
1788984932,3,0,0.008,3374714
1788984932,3,0,0.004,3374714
1788984943,5,0,10.438,3374714
1788984954,5,0,11.241,3374714
1788984954,0,0,0.006,3374714
1788984963,7,0,9.092,3374714
1788984963,3,0,0.051,3374714
1788984963,2,0,0.002,3374714
1788984964,4,0,1,3374714
1788984965,5,0,0.918,3374714
1788984965,3,0,0.009,3374714
1788984965,5,0,0.121,3374714
1788984966,4,0,1.149,3374714
1788984968,2,0,1.352,3374714
1788984969,4,0,0.857,3374714
1788984972,4,0,3.517,3374714
1788984972,3,0,0.12,3374714
1788984976,4,0,4.186,3374714
1788984976,0,0,0.006,3374714
1788984977,6,0,0.01,3374714
1788984978,4,0,0.998,3374714
1788984978,1,0,0.002,3374714
1788984978,2,0,0.003,3374714
1788984978,2,0,0.002,3374714
1788984979,2,0,1.512,3374714
1788984979,6,0,0.009,3374714
1788984979,3,0,0.053,3374714
1788984979,3,0,0.055,3374714
1788984979,3,0,0.026,3374714
1788984979,6,0,0.009,3374714
1788984979,3,0,0.067,3374714
1788984979,6,0,0.007,3374714
1788984981,2,0,1.398,3374714
1788984981,6,0,0.012,3374714
1788984983,4,0,2.797,3374714
1788984994,5,0,10.822,3374714
1788984994,0,0,0.007,3374714
1788984995,2,0,1.171,3374714
1788984996,3,0,0.085,3374714
1788984997,4,0,1.37,3374714
1788984997,2,0,0.004,3374714
1788984999,4,0,1.9,3374714
1788984999,2,0,0.003,3374714
1788985004,4,0,4.795,3374714
1788985005,4,0,1.238,3374714
1788985006,2,0,1.135,3374714
1788985008,4,0,1.575,3374714
1788985009,5,0,1.295,3374714
1788985009,6,0,0.007,3374714
1788985009,3,0,0.044,3374714
1788985009,3,0,0.006,3374714
1788985010,4,0,1.496,3374714
1788985012,4,0,1.164,3374714
1788985012,3,0,0.071,3374714
1788985012,0,0,0.013,3374714
1788985012,6,0,0.005,3374714
1788985012,3,0,0.058,3374714
1788985012,1,0,0.002,3374714
1788985012,3,0,0.087,3374714
1788985012,1,0,0.001,3374714
1788985014,4,0,2.059,3374714
1788985014,6,0,0.01,3374714
1788985015,2,0,1.437,3374714
1788985015,2,0,0.003,3374714
1788985015,5,0,0.121,3374714
1788985016,3,0,0.086,3374714
1788985026,5,0,10.134,3374714
1788985026,3,0,0.009,3374714
1788985036,7,0,10.096,3374714
1788985036,3,0,0.013,3374714
1788985037,4,0,1.531,3374714
1788985037,0,0,0.005,3374714
1788985038,2,0,0.739,3374714
1788985038,3,0,0.014,3374714
1788985038,2,0,0.003,3374714
1788985038,3,0,0.09,3374714
1788985038,3,0,0.043,3374714
1788985040,4,0,1.567,3374714
1788985040,2,0,0.67,3374714
1788985041,3,0,0.077,3374714
1788985041,4,0,0.804,3374714
1788985044,4,0,2.894,3374714
1788985044,3,0,0.004,3374714
1788985044,3,0,0.01,3374714
1788985044,1,0,0.002,3374714
1788985046,2,0,1.801,3374714
1788985047,2,0,1.35,3374714
1788985047,3,0,0.054,3374714
1788985052,4,0,4.074,3374714
1788985052,6,0,0.007,3374714
1788985052,5,0,0.122,3374714
1788985052,3,0,0.005,3374714
1788985052,2,0,0.003,3374714
1788985052,6,0,0.01,3374714
1788985052,2,0,0.002,3374714
1788985052,6,0,0.007,3374714
1788985053,2,0,1.195,3374714
1788985054,4,0,1.044,3374714
1788985056,5,0,1.785,3374714
1788985056,3,0,0.048,3374714
1788985056,6,0,0.007,3374714
1788985056,3,0,0.079,3374714
1788985056,6,0,0.007,3374714
1788985056,3,0,0.087,3374714
1788985057,4,0,0.867,3374714
1788985057,7,0,0.176,3374714
1788985059,4,0,1.912,3374714
1788985059,6,0,0.009,3374714
1788985061,4,0,2.472,3374714
1788985061,5,0,0.117,3374714
1788985062,2,0,0.893,3374714
1788985062,6,0,0.009,3374714
1788985062,6,1,0.005,3374714
1788985062,1,0,0.001,3374714
1788985064,4,0,2.073,3374714
1788985065,3,0,0.071,3374714
1788985065,6,0,0.006,3374714
1788985065,5,0,0.806,3374714
1788985065,6,0,0.006,3374714
1788985065,3,0,0.089,3374714
1788985065,0,0,0.012,3374714
1788985065,2,0,0.002,3374714
1788985067,4,0,1.872,3374714
1788985067,0,0,0.009,3374714
1788985068,7,0,0.181,3374714
1788985078,5,0,10.116,3374714
1788985078,2,0,0.002,3374714
1788985078,2,0,0.825,3374714
1788985078,2,0,0.004,3374714
1788985079,3,0,0.078,3374714
1788985079,6,0,0.007,3374714
1788985079,3,0,0.002,3374714
1788985079,6,0,0.01,3374714
1788985079,3,0,0.076,3374714
1788985081,5,0,2.526,3374714
1788985081,3,0,0.014,3374714
1788985081,3,0,0.084,3374714
1788985081,3,0,0.004,3374714
1788985081,3,0,0.063,3374714
1788985081,0,0,0.013,3374714
1788985081,2,0,0.003,3374714
1788985089,5,0,8.103,3374714
1788985089,0,0,0.007,3374714
1788985089,3,0,0.003,3374714
1788985091,4,0,1.532,3374714
1788985091,6,0,0.005,3374714
1788985091,5,0,0.113,3374714
1788985094,4,0,2.734,3374714
1788985094,5,0,0.122,3374714
1788985094,1,0,0.001,3374714
1788985098,4,0,4.054,3374714
1788985098,3,0,0.056,3374714
1788985098,2,0,0.003,3374714
1788985098,5,0,0.128,3374714
1788985099,4,0,1.261,3374714
1788985100,3,0,0.084,3374714
1788985100,2,0,0.003,3374714
1788985100,3,0,0.07,3374714
1788985100,0,0,0.007,3374714
1788985102,4,0,1.91,3374714
1788985102,0,0,0.007,3374714
1788985102,0,0,0.008,3374714
1788985102,6,0,0.008,3374714
1788985112,5,0,10.141,3374714
1788985113,4,0,1.295,3374714
1788985113,3,0,0.043,3374714
1788985114,4,0,0.761,3374714
1788985114,6,0,0.008,3374714
1788985114,2,0,0.003,3374714
1788985116,4,0,2.48,3374714
1788985116,3,0,0.008,3374714
1788985116,0,0,0.015,3374714
1788985116,0,0,0.012,3374714
1788985116,0,0,0.004,3374714
1788985116,3,0,0.018,3374714
1788985116,3,0,0.053,3374714
1788985116,0,0,0.005,3374714
1788985118,4,0,1.447,3374714
1788985118,0,0,0.013,3374714
1788985118,6,0,0.007,3374714
1788985119,4,0,1.486,3374714
1788985121,4,0,1.941,3374714
1788985121,3,0,0.064,3374714
1788985121,3,0,0.026,3374714
1788985122,5,0,0.116,3374714
1788985122,3,0,0.037,3374714
1788985125,4,0,3.775,3374714
1788985125,0,0,0.006,3374714
1788985125,5,0,0.125,3374714
1788985127,4,0,1.2,3374714
1788985127,6,0,0.006,3374714
1788985131,4,0,3.929,3374714
1788985132,4,0,1.135,3374714
1788985132,3,0,0.068,3374714
1788985132,2,0,0.004,3374714
1788985135,4,0,3.327,3374714
1788985135,3,0,0.049,3374714
1788985135,3,0,0.027,3374714
1788985135,1,0,0.002,3374714
1788985136,5,0,1.194,3374714
1788985138,4,0,1.613,3374714
1788985140,4,0,1.84,3374714
1788985140,0,0,0.006,3374714
1788985140,6,0,0.007,3374714
1788985140,3,0,0.072,3374714
1788985140,3,0,0.003,3374714
1788985141,4,0,1.12,3374714
1788985141,2,0,0.003,3374714
1788985143,4,0,1.6,3374714
1788985145,4,0,2.177,3374714
1788985145,3,0,0.044,3374714
1788985146,4,0,0.943,3374714
1788985147,4,0,1.056,3374714
1788985147,0,0,0.011,3374714
1788985147,3,0,0.004,3374714
1788985147,0,0,0.018,3374714
1788985147,2,0,0.005,3374714
1788985147,1,0,0.001,3374714
1788985148,2,0,1.008,3374714
1788985148,5,0,0.13,3374714
1788985148,3,0,0.038,3374714
1788985148,0,0,0.009,3374714
1788985149,4,0,1.371,3374714
1788985151,4,0,1.475,3374714
1788985151,3,0,0.077,3374714
1788985151,3,0,0.011,3374714
1788985151,3,0,0.004,3374714
1788985153,4,0,2.05,3374714
1788985153,0,0,0.015,3374714
1788985153,2,0,0.002,3374714
1788985153,2,0,0.004,3374714
1788985153,0,0,0.008,3374714
1788985153,6,0,0.008,3374714
1788985153,6,0,0.006,3374714
1788985153,0,0,0.011,3374714
1788985153,5,0,0.117,3374714
1788985153,0,0,0.032,3374714
1788985154,2,0,1.156,3374714
1788985155,5,0,0.124,3374714
1788985157,4,0,2.21,3374714
1788985157,3,0,0.078,3374714
1788985157,6,0,0.008,3374714
1788985167,5,0,10.526,3374714
1788985167,0,0,0.014,3374714
1788985169,2,0,1.085,3374714
1788985169,3,0,0.074,3374714
1788985170,4,0,1.79,3374714
1788985170,0,0,0.017,3374714
1788985170,0,0,0.005,3374714
1788985172,4,0,1.487,3374714
1788985172,3,0,0.005,3374714
1788985172,0,0,0.01,3374714
1788985175,4,0,2.912,3374714
1788985176,4,0,1.332,3374714
1788985176,6,0,0.008,3374714
1788985176,6,0,0.005,3374714
1788985176,0,0,0.01,3374714
1788985176,0,0,0.012,3374714
1788985176,0,0,0.012,3374714
1788985177,4,0,0.955,3374714
1788985177,0,0,0.014,3374714
1788985186,7,0,8.961,3374714
1788985186,2,0,0.002,3374714
1788985187,2,0,1.002,3374714
1788985187,3,0,0.027,3374714
1788985187,6,0,0.007,3374714
1788985187,0,0,0.015,3374714
1788985189,4,0,1.458,3374714
1788985189,2,0,0.003,3374714
1788985200,5,0,11.182,3374714
1788985200,6,0,0.01,3374714
1788985200,3,0,0.081,3374714
1788985200,3,0,0.081,3374714
1788985200,0,0,0.01,3374714
1788985200,6,0,0.005,3374714
1788985200,3,0,0.009,3374714
1788985202,5,0,2.178,3374714
1788985202,5,0,0.123,3374714
1788985202,0,0,0.008,3374714
1788985202,3,0,0.138,3374714
1788985202,6,0,0.01,3374714
1788985202,6,0,0.006,3374714
1788985202,0,0,0.012,3374714
1788985202,0,0,0.013,3374714
1788985204,2,0,1.918,3374714
1788985206,4,0,1.681,3374714
1788985206,1,0,0.002,3374714
1788985206,0,0,0.011,3374714
1788985207,4,0,1.282,3374714
1788985207,0,0,0.008,3374714
1788985207,6,0,0.009,3374714
1788985207,3,0,0.006,3374714
1788985209,4,0,1.255,3374714
1788985209,0,0,0.01,3374714
1788985209,0,0,0.012,3374714
1788985210,4,0,1.51,3374714
1788985214,4,0,3.852,3374714
1788985215,4,0,1.397,3374714
1788985216,3,0,0.083,3374714
1788985216,1,0,0,3374714
1788985217,4,0,1.188,3374714
1788985218,4,0,0.796,3374714
1788985218,6,0,0.007,3374714
1788985219,4,0,1.848,3374714
1788985219,1,0,0.001,3374714
1788985221,4,0,1.621,3374714
1788985221,0,0,0.012,3374714
1788985221,2,0,0.002,3374714
1788985221,3,0,0.062,3374714
1788985221,5,0,0.101,3374714
1788985221,0,0,0.012,3374714
1788985221,0,0,0.01,3374714
1788985222,2,0,1.133,3374714
1788985232,5,0,9.523,3374714
1788985233,4,0,1.054,3374714
1788985233,6,0,0.006,3374714
1788985235,4,0,1.667,3374714
1788985235,6,0,0.004,3374714
1788985236,2,0,1.565,3374714
1788985236,2,0,0.004,3374714
1788985236,2,0,0.003,3374714
1788985236,2,0,0.003,3374714
1788985236,6,0,0.007,3374714
1788985236,2,0,0.002,3374714
1788985236,0,0,0.014,3374714
1788985236,0,0,0.008,3374714
1788985238,4,0,1.77,3374714
1788985238,3,0,0.077,3374714
1788985239,4,0,1.104,3374714
1788985240,4,0,0.736,3374714
1788985240,3,0,0.01,3374714
1788985240,3,0,0.101,3374714
1788985240,5,0,0.127,3374714
1788985240,0,0,0.008,3374714
1788985240,0,0,0.016,3374714
1788985240,0,0,0.006,3374714
1788985240,0,0,0.012,3374714
1788985241,4,0,1.07,3374714
1788985241,3,0,0.072,3374714
1788985241,3,0,0.009,3374714
1788985250,5,0,8.809,3374714
1788985250,3,0,0.077,3374714
1788985250,2,0,0.003,3374714
1788985250,7,0,0.184,3374714
1788985253,4,0,2.231,3374714
1788985254,4,0,1.077,3374714
1788985254,0,0,0.012,3374714
1788985254,3,0,0.035,3374714
1788985255,4,0,1.387,3374714
1788985255,3,0,0.032,3374714
1788985255,0,0,0.014,3374714
1788985265,5,0,9.482,3374714
1788985268,5,0,3.032,3374714
1788985269,5,0,1.11,3374714
1788985269,3,0,0.006,3374714
1788985269,0,0,0.007,3374714
1788985269,6,0,0.008,3374714
1788985270,4,0,1.051,3374714
1788985270,3,0,0.009,3374714
1788985270,3,0,0.037,3374714
1788985272,5,0,2.013,3374714
1788985276,7,0,4.3,3374714
1788985276,2,0,0.002,3374714
1788985279,4,0,2.398,3374714
1788985279,6,0,0.006,3374714
1788985279,1,0,0.002,3374714
1788985281,4,0,2.35,3374714
1788985283,4,0,1.656,3374714
1788985292,7,0,9.315,3374714
1788985294,2,0,1.969,3374714
1788985303,5,0,8.904,3374714
1788985303,0,0,0.008,3374714
1788985303,1,0,0.002,3374714
1788985303,3,0,0.057,3374714
1788985304,2,0,1.307,3374714
1788985304,3,0,0.05,3374714
1788985304,3,0,0.061,3374714
1788985304,2,0,0.003,3374714
1788985304,1,0,0.001,3374714
1788985306,4,0,1.399,3374714
1788985306,3,0,0.012,3374714
1788985306,0,0,0.011,3374714
1788985307,5,0,0.952,3374714
1788985307,0,0,0.007,3374714
1788985309,4,0,2.213,3374714
1788985309,0,0,0.01,3374714
1788985309,3,0,0.007,3374714
1788985309,3,0,0.051,3374714
1788985311,2,0,1.797,3374714
1788985312,4,0,0.898,3374714
1788985312,0,0,0.005,3374714
1788985313,2,0,1.583,3374714
1788985313,6,0,0.011,3374714
1788985313,2,0,0.002,3374714
1788985313,6,0,0.006,3374714
1788985314,2,0,0.747,3374714
1788985315,4,0,1.295,3374714
1788985326,5,0,11.045,3374714
1788985326,3,0,0.078,3374714
1788985326,3,0,0.014,3374714
1788985326,0,0,0.004,3374714
1788985327,3,0,0.084,3374714
1788985327,2,0,0.004,3374714
1788985327,2,0,0.004,3374714
1788985327,3,0,0.005,3374714
1788985327,7,0,0.169,3374714
1788985328,4,0,1.077,3374714
1788985329,4,0,0.931,3374714
1788985332,4,0,3.32,3374714
1788985332,6,0,0.006,3374714
1788985332,5,0,0.127,3374714
1788985332,0,0,0.015,3374714
1788985334,4,0,1.687,3374714
1788985334,5,0,0.113,3374714
1788985334,5,0,0.13,3374714
1788985334,3,0,0.02,3374714
1788985336,4,0,1.537,3374714
1788985337,5,0,0.898,3374714
1788985338,4,0,1.188,3374714
1788985338,0,0,0.011,3374714
1788985338,0,0,0.008,3374714
1788985338,0,0,0.009,3374714
1788985338,1,0,0.001,3374714
1788985338,0,0,0.008,3374714
1788985338,0,0,0.007,3374714
1788985338,6,0,0.006,3374714
1788985338,3,0,0.039,3374714
1788985340,4,0,1.878,3374714
1788985340,0,0,0.015,3374714
1788985340,3,0,0.088,3374714
1788985340,2,0,0.002,3374714
1788985340,2,0,0.004,3374714
1788985340,3,0,0.011,3374714
1788985340,3,0,0.064,3374714
1788985341,2,0,1.389,3374714
1788985341,6,0,0.007,3374714
1788985352,5,0,11.071,3374714
1788985353,4,0,0.988,3374714
1788985353,3,0,0.008,3374714
1788985355,4,0,1.424,3374714
1788985356,4,0,1.622,3374714
1788985356,0,0,0.01,3374714
1788985358,4,0,1.932,3374714
1788985358,0,0,0.005,3374714
1788985358,3,0,0.034,3374714
1788985358,0,0,0.014,3374714
1788985358,1,0,0.001,3374714
1788985360,4,0,1.64,3374714
1788985361,2,0,0.865,3374714
1788985361,0,0,0.015,3374714
1788985361,0,0,0.008,3374714
1788985363,2,0,2.416,3374714
1788985364,4,0,1.075,3374714
1788985364,0,0,0.013,3374714
1788985368,4,0,3.748,3374714
1788985368,3,0,0.075,3374714
1788985368,0,0,0.011,3374714
1788985370,2,0,1.367,3374714
1788985370,6,0,0.01,3374714
1788985370,0,0,0.011,3374714
1788985374,4,0,4.736,3374714
1788985379,4,0,4.09,3374714
1788985380,4,0,1.631,3374714
1788985381,5,0,1.308,3374714
1788985389,5,0,7.495,3374714
1788985389,3,0,0.012,3374714
1788985389,0,0,0.013,3374714
1788985389,3,0,0.006,3374714
1788985390,4,0,0.917,3374714
1788985390,6,0,0.009,3374714
1788985390,6,0,0.007,3374714
1788985390,2,0,0.003,3374714
1788985390,3,0,0.084,3374714
1788985390,0,0,0.015,3374714
1788985390,6,0,0.008,3374714
1788985390,6,0,0.007,3374714
1788985392,2,0,1.824,3374714
1788985394,5,0,1.837,3374714
1788985395,2,0,1.23,3374714
1788985400,2,0,4.657,3374714
1788985401,2,0,1.382,3374714
1788985401,2,0,0.002,3374714
1788985401,3,0,0.008,3374714
1788985401,6,0,0.007,3374714
1788985401,3,0,0.058,3374714
1788985401,0,0,0.004,3374714
1788985403,5,0,1.583,3374714
1788985403,5,0,0.12,3374714
1788985405,4,0,2.032,3374714
1788985405,2,0,0.003,3374714
1788985405,6,0,0.006,3374714
1788985405,1,0,0.001,3374714
1788985406,5,0,1.089,3374714
1788985406,5,0,0.12,3374714
1788985407,2,0,1.349,3374714
1788985409,4,0,1.408,3374714
1788985411,4,0,1.899,3374714
1788985411,0,0,0.006,3374714
1788985411,3,0,0.031,3374714
1788985412,4,0,0.988,3374714
1788985412,1,0,0.001,3374714
1788985413,4,0,1.658,3374714
1788985413,6,0,0.009,3374714
1788985413,1,0,0.001,3374714
1788985415,2,0,1.456,3374714
1788985417,4,0,1.704,3374714
1788985418,4,0,1.418,3374714
1788985418,1,0,0.001,3374714
1788985418,3,0,0.052,3374714
1788985419,4,0,0.531,3374714
1788985419,1,0,0.001,3374714
1788985420,4,0,1.085,3374714
1788985420,0,0,0.011,3374714
1788985420,0,0,0.008,3374714
1788985421,4,0,1.121,3374714
1788985421,2,0,0.002,3374714
1788985421,6,0,0.004,3374714
1788985422,4,0,1.202,3374714
1788985424,5,0,1.88,3374714
1788985424,6,0,0.006,3374714
1788985424,1,0,0.001,3374714
1788985424,1,0,0.001,3374714
1788985424,3,0,0.008,3374714
1788985424,2,0,0.003,3374714
1788985424,5,0,0.127,3374714
1788985426,4,0,1.905,3374714
1788985426,2,0,0.003,3374714
1788985426,6,0,0.007,3374714
1788985428,4,0,1.887,3374714
1788985429,4,0,0.788,3374714
1788985431,4,0,2.522,3374714
1788985432,2,0,1.254,3374714
1788985432,0,0,0.013,3374714
1788985434,4,0,1.258,3374714
1788985437,2,0,3.087,3374714
1788985437,6,0,0.007,3374714
1788985439,4,0,1.985,3374714
1788985439,0,0,0.006,3374714
1788985440,2,0,1.391,3374714
1788985440,1,0,0.001,3374714
1788985441,4,0,1.244,3374714
1788985441,2,0,0.003,3374714
1788985442,4,0,1.006,3374714
1788985442,3,0,0.005,3374714
1788985452,5,0,9.785,3374714
1788985452,2,0,0.003,3374714
1788985452,0,0,0.014,3374714
1788985452,1,0,0.001,3374714
1788985452,5,0,0.126,3374714
1788985452,3,0,0.053,3374714
1788985452,2,0,0.003,3374714
1788985452,6,0,0.012,3374714
1788985452,2,0,0.003,3374714
1788985452,3,0,0.061,3374714
1788985452,3,0,0.077,3374714
1788985452,0,0,0.009,3374714
1788985453,5,0,0.132,3374714
1788985453,0,0,0.006,3374714
1788985454,4,0,1.01,3374714
1788985456,4,0,1.868,3374714
1788985456,0,0,0.006,3374714
1788985457,4,0,1.771,3374714
1788985457,1,0,0.001,3374714
1788985457,1,0,0.001,3374714
1788985459,2,0,1.56,3374714
1788985459,3,0,0.061,3374714
1788985463,4,0,3.642,3374714
1788985464,2,0,1.136,3374714
1788985464,6,0,0.011,3374714
1788985464,6,0,0.007,3374714
1788985474,7,0,9.801,3374714
1788985474,0,0,0.013,3374714
1788985476,4,0,2.063,3374714
1788985478,4,0,2.616,3374714
1788985478,1,0,0.002,3374714
1788985478,3,0,0.054,3374714
1788985480,2,0,1.924,3374714
1788985482,4,0,1.524,3374714
1788985483,4,0,1.363,3374714
1788985483,0,0,0.012,3374714
1788985483,3,0,0.099,3374714
1788985483,0,0,0.014,3374714
1788985485,4,0,1.542,3374714
1788985485,2,0,0.003,3374714
1788985486,4,0,0.889,3374714
1788985487,4,0,0.954,3374714
1788985487,6,0,0.006,3374714
1788985489,4,0,2.902,3374714
1788985490,6,0,0.007,3374714
1788985490,0,0,0.011,3374714
1788985491,5,0,1.665,3374714
1788985493,4,0,1.478,3374714
1788985496,4,0,3.401,3374714
1788985497,4,0,0.754,3374714
1788985498,4,0,0.983,3374714
1788985498,0,0,0.011,3374714
1788985498,0,0,0.011,3374714
1788985500,4,0,1.774,3374714
1788985501,2,0,1.177,3374714
1788985501,0,0,0.014,3374714
1788985501,3,0,0.053,3374714
1788985501,3,0,0.005,3374714
1788985501,6,0,0.008,3374714
1788985501,0,0,0.013,3374714
1788985503,2,0,1.643,3374714
1788985503,6,0,0.007,3374714
1788985503,0,0,0.005,3374714
1788985503,6,0,0.007,3374714
1788985503,6,0,0.008,3374714
1788985504,2,0,1.818,3374714
1788985504,6,0,0.011,3374714
1788985504,1,0,0.001,3374714
1788985515,7,0,11.117,3374714
1788985515,2,0,0.002,3374714
1788985515,1,0,0.001,3374714
1788985526,5,0,10.134,3374714
1788985526,0,0,0.01,3374714
1788985526,5,0,0.124,3374714
1788985526,3,0,0.036,3374714
1788985526,6,0,0.009,3374714
1788985526,2,0,0.002,3374714
1788985526,1,0,0.002,3374714
1788985527,2,0,0.98,3374714
1788985527,6,0,0.013,3374714
1788985529,2,0,1.806,3374714
1788985529,6,0,0.01,3374714
1788985529,0,0,0.008,3374714
1788985529,1,0,0.001,3374714
1788985529,3,0,0.035,3374714
1788985529,6,0,0.008,3374714
1788985530,2,0,1.838,3374714
1788985531,1,0,0.001,3374714
1788985531,4,0,0.862,3374714
1788985540,7,0,8.322,3374714
1788985541,4,0,0.9,3374714
1788985541,6,0,0.008,3374714
1788985541,6,0,0.007,3374714
1788985545,7,0,4.102,3374714
1788985545,2,0,0.003,3374714
1788985545,0,0,0.014,3374714
1788985545,0,0,0.006,3374714
1788985546,4,0,1.035,3374714
1788985546,3,0,0.047,3374714
1788985547,2,0,0.982,3374714
1788985550,2,0,3.532,3374714
1788985550,1,0,0.002,3374714
1788985550,3,0,0.034,3374714
1788985552,4,0,1.305,3374714
1788985553,2,0,0.884,3374714
1788985553,3,0,0.069,3374714
1788985555,4,0,2.809,3374714
1788985555,1,0,0.002,3374714
1788985558,4,0,2.679,3374714
1788985558,2,0,0.003,3374714
1788985558,7,0,0.184,3374714
1788985558,3,0,0.078,3374714
1788985559,4,0,1.049,3374714
1788985559,3,0,0.028,3374714
1788985561,4,0,1.935,3374714
1788985561,1,0,0.002,3374714
1788985561,6,0,0.007,3374714
1788985561,3,0,0.044,3374714
1788985562,3,0,0.092,3374714
1788985563,5,0,1.062,3374714
1788985563,1,0,0.001,3374714
1788985563,0,0,0.006,3374714
1788985563,0,0,0.013,3374714
1788985563,0,0,0.007,3374714
1788985563,1,0,0.001,3374714
1788985564,2,0,0.983,3374714
1788985564,3,0,0.009,3374714
1788985564,2,0,0.002,3374714
1788985564,5,0,0.126,3374714
1788985564,6,0,0.008,3374714
1788985564,0,0,0.009,3374714
1788985564,6,0,0.008,3374714
1788985564,6,0,0.007,3374714
1788985564,0,0,0.009,3374714
1788985566,5,0,1.8,3374714
1788985577,5,0,11.215,3374714
1788985577,3,0,0.087,3374714
1788985577,0,0,0.01,3374714
1788985589,5,0,12.479,3374714
1788985589,3,0,0.095,3374714
1788985593,2,0,3.644,3374714
1788985601,5,0,7.888,3374714
1788985612,7,0,10.846,3374714
1788985613,2,0,1.212,3374714
1788985614,4,0,0.972,3374714
1788985617,5,0,2.536,3374714
1788985619,4,0,2.914,3374714
1788985620,3,0,0.092,3374714
1788985621,5,0,1.236,3374714
1788985622,4,0,1.602,3374714
1788985622,1,0,0.002,3374714
1788985622,0,0,0.012,3374714
1788985624,4,0,1.135,3374714
1788985625,5,0,1.149,3374714
1788985625,3,0,0.008,3374714
1788985626,4,0,1.37,3374714
1788985626,0,0,0.011,3374714
1788985628,4,0,2.054,3374714
1788985628,6,0,0.01,3374714
1788985628,3,0,0.101,3374714
1788985631,5,0,2.881,3374714
1788985633,4,0,1.741,3374714
1788985633,2,0,0.002,3374714
1788985633,3,0,0.051,3374714
1788985633,3,0,0.074,3374714
1788985633,1,0,0.001,3374714
1788985634,4,0,1.114,3374714
1788985636,5,0,2.029,3374714
1788985637,4,0,0.997,3374714
1788985637,3,0,0.038,3374714
1788985643,5,0,6.158,3374714
1788985643,6,0,0.007,3374714
1788985645,5,0,1.699,3374714
1788985645,3,0,0.055,3374714
1788985645,2,0,0.005,3374714
1788985646,4,0,1.143,3374714
1788985646,1,0,0.001,3374714
1788985648,4,0,1.454,3374714
1788985648,7,0,0.168,3374714
1788985648,2,0,0.005,3374714
1788985648,3,0,0.111,3374714
1788985648,0,0,0.013,3374714
1788985648,2,0,0.004,3374714
1788985648,2,0,0.002,3374714
1788985649,4,0,1.47,3374714
1788985650,3,0,0.006,3374714
1788985650,2,0,0.899,3374714
1788985650,3,0,0.041,3374714
1788985652,4,0,1.122,3374714
1788985652,2,0,0.005,3374714
1788985653,2,0,1.036,3374714
1788985653,0,0,0.007,3374714
1788985653,3,0,0.031,3374714
1788985653,2,0,0.003,3374714
1788985663,5,0,10.723,3374714
1788985663,3,0,0.008,3374714
1788985663,3,0,0.069,3374714
1788985664,4,0,1.028,3374714
1788985664,6,0,0.006,3374714
1788985666,2,0,1.942,3374714
1788985666,6,0,0.006,3374714
1788985666,0,0,0.007,3374714
1788985666,2,0,0.001,3374714
1788985670,4,0,3.599,3374714
1788985670,3,0,0.006,3374714
1788985670,3,0,0.005,3374714
1788985670,5,0,0.126,3374714
1788985670,0,0,0.006,3374714
1788985670,6,0,0.01,3374714
1788985674,4,0,3.472,3374714
1788985674,2,0,0.003,3374714
1788985675,4,0,0.93,3374714
1788985675,3,0,0.068,3374714
1788985675,0,0,0.012,3374714
1788985675,2,0,0.002,3374714
1788985676,5,0,1.27,3374714
1788985677,4,0,0.772,3374714
1788985679,4,0,2.698,3374714
1788985679,6,0,0.008,3374714
1788985680,3,0,0.08,3374714
1788985680,0,0,0.013,3374714
1788985680,0,0,0.017,3374714
1788985680,0,0,0.017,3374714
1788985680,1,0,0.001,3374714
1788985680,3,0,0.075,3374714
1788985682,4,0,2.151,3374714
1788985683,4,0,1.271,3374714
1788985683,3,0,0.005,3374714
1788985683,6,0,0.008,3374714
1788985694,7,0,11.068,3374714
1788985696,4,0,1.737,3374714
1788985697,4,0,1.156,3374714
1788985697,2,0,0.002,3374714
1788985697,6,0,0.008,3374714
1788985699,5,0,1.515,3374714
1788985699,3,0,0.029,3374714
1788985699,0,0,0.015,3374714
1788985699,3,0,0.091,3374714
1788985699,1,0,0.001,3374714
1788985699,0,0,0.006,3374714
1788985711,7,0,12.692,3374714
1788985711,3,0,0.015,3374714
1788985713,4,0,1.409,3374714
1788985725,5,0,11.865,3374714
1788985725,6,0,0.009,3374714
1788985725,0,0,0.01,3374714
1788985727,4,0,2.623,3374714
1788985727,1,0,0.002,3374714
1788985728,4,0,0.736,3374714
1788985728,2,0,0.002,3374714
1788985728,0,0,0.012,3374714
1788985731,2,0,3.216,3374714
1788985732,4,0,1.217,3374714
1788985733,0,0,0.011,3374714
1788985733,3,0,0.083,3374714
1788985734,4,0,0.993,3374714
1788985734,2,0,0.002,3374714
1788985734,2,0,0.003,3374714
1788985736,5,0,2.359,3374714
1788985736,3,0,0.006,3374714
1788985738,4,0,2.023,3374714
1788985739,4,0,1.208,3374714
1788985739,6,0,0.007,3374714
1788985740,4,0,0.756,3374714
1788985742,4,0,1.596,3374714
1788985742,1,0,0.002,3374714
1788985751,7,0,9.615,3374714
1788985751,6,0,0.009,3374714
1788985753,2,0,1.43,3374714
1788985754,4,0,1.423,3374714
1788985754,6,0,0.012,3374714
1788985754,2,0,0.001,3374714
1788985754,0,0,0.009,3374714
1788985754,0,0,0.004,3374714
1788985754,0,0,0.006,3374714
1788985755,4,0,0.9,3374714
1788985755,0,0,0.01,3374714
1788985755,6,0,0.006,3374714
1788985755,2,0,0.004,3374714
1788985755,3,0,0.005,3374714
1788985755,3,0,0.063,3374714
1788985757,4,0,1.86,3374714
1788985757,1,0,0.001,3374714
1788985757,0,0,0.006,3374714
1788985757,6,0,0.009,3374714
1788985757,3,0,0.052,3374714
1788985757,4,0,0.087,3374714
1788985759,5,0,1.439,3374714
1788985759,0,0,0.045,3374714
1788985759,3,0,0.093,3374714
1788985760,4,0,1.141,3374714
1788985761,4,0,0.8,3374714
1788985761,6,0,0.009,3374714
1788985762,4,0,1.642,3374714
1788985762,0,0,0.016,3374714
1788985765,4,0,2.988,3374714
1788985765,6,0,0.006,3374714
1788985765,0,0,0.014,3374714
1788985774,5,0,8.889,3374714
1788985774,3,0,0.006,3374714
1788985776,4,0,2.159,3374714
1788985776,2,0,0.002,3374714
1788985777,4,0,1.032,3374714
1788985777,3,0,0.004,3374714
1788985778,4,0,0.762,3374714
1788985778,3,0,0.062,3374714
1788985778,6,0,0.005,3374714
1788985778,6,0,0.006,3374714
1788985778,6,0,0.01,3374714
1788985778,3,0,0.087,3374714
1788985778,2,0,0.002,3374714
1788985778,0,0,0.007,3374714
1788985778,6,0,0.007,3374714
1788985779,2,0,0.673,3374714
1788985780,4,0,1.278,3374714
1788985780,1,0,0.002,3374714
1788985781,4,0,1.002,3374714
1788985781,0,0,0.008,3374714
1788985781,2,0,0.002,3374714
1788985781,2,0,0.002,3374714
1788985781,2,0,0.003,3374714
1788985781,1,0,0,3374714
1788985781,0,0,0.012,3374714
1788985782,4,0,0.95,3374714
1788985782,5,0,0.125,3374714
1788985782,1,0,0,3374714
1788985782,0,0,0.014,3374714
1788985782,3,0,0.05,3374714
1788985793,5,0,10.502,3374714
1788985793,0,0,0.006,3374714
1788985793,3,0,0.087,3374714
1788985793,2,0,0.003,3374714
1788985793,7,0,0.168,3374714
1788985802,7,0,9.251,3374714
1788985802,3,0,0.005,3374714
1788985803,5,0,0.117,3374714
1788985803,0,0,0.009,3374714
1788985803,3,0,0.088,3374714
1788985803,6,0,0.007,3374714
1788985803,6,0,0.006,3374714
1788985803,0,0,0.016,3374714
1788985804,4,0,1.655,3374714
1788985805,4,0,0.668,3374714
1788985805,6,0,0.006,3374714
1788985806,4,0,1.147,3374714
1788985814,5,0,7.703,3374714
1788985814,6,0,0.01,3374714
1788985814,6,0,0.009,3374714
1788985814,6,0,0.004,3374714
1788985814,3,0,0.039,3374714
1788985815,2,0,1.23,3374714
1788985815,2,0,0.003,3374714
1788985815,3,0,0.087,3374714
1788985817,4,0,1.426,3374714
1788985817,3,0,0.015,3374714
1788985817,2,0,0.002,3374714
1788985818,2,0,1.754,3374714
1788985818,2,0,0.003,3374714
1788985819,3,0,0.062,3374714
1788985819,1,0,0.001,3374714
1788985819,6,0,0.007,3374714
1788985820,2,0,1.026,3374714
1788985820,1,0,0.001,3374714
1788985820,6,0,0.009,3374714
1788985822,5,0,2,3374714
1788985822,0,0,0.008,3374714
1788985823,2,0,1.638,3374714
1788985823,5,0,0.123,3374714
1788985823,6,0,0.008,3374714
1788985823,2,0,0.003,3374714
1788985825,4,0,1.847,3374714
1788985825,3,0,0.033,3374714
1788985825,0,0,0.013,3374714
1788985825,1,0,0.003,3374714
1788985825,0,0,0.015,3374714
1788985825,2,0,0.001,3374714
1788985825,0,0,0.011,3374714
1788985825,0,0,0.006,3374714
1788985825,6,0,0.008,3374714
1788985826,4,0,0.793,3374714
1788985826,0,0,0.009,3374714
1788985826,0,0,0.01,3374714
1788985826,3,0,0.075,3374714
1788985827,2,0,1.052,3374714
1788985837,5,0,10.202,3374714
1788985841,2,0,3.936,3374714
1788985842,4,0,0.94,3374714
1788985842,3,0,0.033,3374714
1788985842,0,0,0.009,3374714
1788985843,4,0,1.129,3374714
1788985845,4,0,1.124,3374714
1788985845,5,0,0.12,3374714
1788985845,2,0,0.002,3374714
1788985846,4,0,1.257,3374714
1788985846,3,0,0.048,3374714
1788985846,6,0,0.005,3374714
1788985846,6,0,0.008,3374714
1788985846,3,0,0.007,3374714
1788985858,7,0,12.175,3374714
1788985858,0,0,0.011,3374714
1788985862,4,0,3.306,3374714
1788985862,3,0,0.08,3374714
1788985866,4,0,4.227,3374714
1788985868,4,0,2.033,3374714
1788985875,7,0,7.197,3374714
1788985875,3,0,0.003,3374714
1788985875,6,0,0.006,3374714
1788985875,0,0,0.014,3374714
1788985875,1,0,0.001,3374714
1788985879,4,0,4.05,3374714
1788985879,3,0,0.033,3374714
1788985888,7,0,9.222,3374714
1788985888,1,0,0.002,3374714
1788985888,0,0,0.01,3374714
1788985888,3,0,0.009,3374714
1788985888,2,0,0.003,3374714
1788985889,5,0,0.126,3374714
1788985889,1,0,0.001,3374714
1788985898,5,0,9.279,3374714
1788985898,0,0,0.01,3374714
1788985898,6,0,0.007,3374714
1788985898,3,0,0.018,3374714
1788985899,4,0,1.272,3374714
1788985901,4,0,1.356,3374714
1788985901,1,0,0.001,3374714
1788985901,6,0,0.007,3374714
1788985901,2,0,0.002,3374714
1788985901,3,0,0.06,3374714
1788985901,6,0,0.009,3374714
1788985901,0,0,0.01,3374714
1788985901,2,0,0.005,3374714
1788985901,0,0,0.006,3374714
1788985901,1,0,0.001,3374714
1788985901,3,0,0.082,3374714
1788985901,3,0,0.076,3374714
1788985901,2,0,0.002,3374714
1788985903,4,0,2.268,3374714
1788985905,5,0,2.431,3374714
1788985907,2,0,1.574,3374714
1788985907,3,0,0.057,3374714
1788985909,4,0,1.865,3374714
1788985909,3,0,0.076,3374714
1788985909,3,0,0.075,3374714
1788985909,0,0,0.01,3374714
1788985909,3,0,0.101,3374714
1788985909,6,0,0.005,3374714
1788985909,3,0,0.01,3374714
1788985909,0,0,0.009,3374714
1788985909,6,0,0.009,3374714
1788985909,6,0,0.008,3374714
1788985909,0,0,0.014,3374714
1788985909,1,0,0,3374714
1788985909,3,0,0.011,3374714
1788985909,0,0,0.007,3374714
1788985909,7,0,0.164,3374714
1788985911,4,0,1.324,3374714
1788985912,4,0,1.583,3374714
1788985914,4,0,1.854,3374714
1788985914,3,0,0.008,3374714
1788985914,6,0,0.01,3374714
1788985914,3,0,0.016,3374714
1788985914,3,0,0.033,3374714
1788985914,6,0,0.008,3374714
1788985914,6,0,0.007,3374714
1788985915,4,0,0.523,3374714
1788985915,6,0,0.007,3374714
1788985915,3,0,0.084,3374714
1788985915,1,0,0.001,3374714
1788985917,4,0,2.044,3374714
1788985919,7,0,1.94,3374714
1788985919,3,0,0.074,3374714
1788985919,3,0,0.049,3374714
1788985919,3,0,0.019,3374714
1788985920,4,0,1.224,3374714
1788985920,0,0,0.016,3374714
1788985920,3,0,0.009,3374714
1788985923,2,0,2.253,3374714
1788985923,3,0,0.09,3374714
1788985924,2,0,1.422,3374714
1788985926,2,0,2.37,3374714
1788985926,3,0,0.054,3374714
1788985927,0,0,0.015,3374714
1788985927,6,0,0.008,3374714
1788985927,0,0,0.011,3374714
1788985927,3,0,0.063,3374714
1788985929,4,0,2.685,3374714
1788985931,4,0,1.523,3374714
1788985931,3,0,0.103,3374714
1788985931,0,0,0.008,3374714
1788985931,0,0,0.007,3374714
1788985932,2,0,0.881,3374714
1788985940,5,0,8.646,3374714
1788985942,2,0,1.99,3374714
1788985942,2,0,0.002,3374714
1788985943,3,0,0.079,3374714
1788985944,4,0,1.433,3374714
1788985946,4,0,1.818,3374714
1788985949,4,0,3.23,3374714
1788985949,1,0,0.002,3374714
1788985949,3,0,0.034,3374714
1788985950,2,0,0.999,3374714
1788985961,5,0,11.24,3374714
1788985961,3,0,0.052,3374714
1788985961,2,0,0.003,3374714
1788985961,0,0,0.008,3374714
1788985961,2,0,0.003,3374714
1788985961,5,0,0.134,3374714
1788985962,3,0,0.084,3374714
1788985971,5,0,9.8,3374714
1788985971,5,0,0.121,3374714
1788985971,6,0,0.008,3374714
1788985971,0,0,0.009,3374714
1788985974,4,0,2.755,3374714
1788985974,5,0,0.114,3374714
1788985974,3,0,0.061,3374714
1788985974,1,0,0.001,3374714
1788985976,4,0,1.735,3374714
1788985976,6,0,0.008,3374714
1788985978,4,0,1.709,3374714
1788985978,3,0,0.098,3374714
1788985978,5,0,0.119,3374714
1788985980,4,0,1.572,3374714
1788985980,6,0,0.008,3374714
1788985980,2,0,0.002,3374714
1788985981,4,0,1.307,3374714
1788985981,0,0,0.008,3374714
1788985993,5,0,11.533,3374714
1788985995,4,0,1.983,3374714
1788985998,4,0,3.042,3374714
1788986000,4,0,2.175,3374714
1788986001,5,0,0.852,3374714
1788986002,4,0,1.004,3374714
1788986002,6,0,0.008,3374714
1788986003,4,0,0.959,3374714
1788986005,4,0,2.056,3374714
1788986006,2,0,1.089,3374714
1788986014,5,0,8.717,3374714
1788986015,5,0,0.877,3374714
1788986017,4,0,1.375,3374714
1788986019,4,0,2.718,3374714
1788986019,3,0,0.005,3374714
1788986020,7,0,0.164,3374714
1788986020,5,0,0.122,3374714
1788986022,4,0,2.11,3374714
1788986022,6,0,0.012,3374714
1788986022,3,0,0.003,3374714
1788986023,7,0,1.109,3374714
1788986023,1,0,0.002,3374714
1788986023,3,0,0.002,3374714
1788986025,2,0,1.78,3374714
1788986027,4,0,2.188,3374714
1788986027,3,0,0.054,3374714
1788986027,0,0,0.012,3374714
1788986028,2,0,1.49,3374714
1788986028,0,0,0.009,3374714
1788986028,0,0,0.018,3374714
1788986028,0,0,0.007,3374714
1788986029,3,0,0.038,3374714
1788986029,2,0,0.004,3374714
1788986030,4,0,1.207,3374714
1788986030,1,0,0,3374714
1788986030,3,0,0.063,3374714
1788986030,0,0,0.007,3374714
1788986030,3,0,0.102,3374714
1788986030,2,0,0.002,3374714
1788986032,4,0,1.863,3374714
1788986032,6,0,0.007,3374714
1788986034,4,0,1.796,3374714
1788986035,4,0,1.496,3374714
1788986035,3,0,0.069,3374714
1788986035,0,0,0.013,3374714
1788986035,3,0,0.056,3374714
1788986035,0,0,0.013,3374714
1788986037,2,0,1.373,3374714
1788986037,3,0,0.056,3374714
1788986037,3,0,0.012,3374714
1788986037,3,0,0.067,3374714
1788986047,5,0,9.8,3374714
1788986047,3,0,0.053,3374714
1788986047,7,0,0.166,3374714
1788986047,6,0,0.006,3374714
1788986047,0,0,0.012,3374714
1788986056,5,0,9.526,3374714
1788986060,5,0,3.836,3374714
1788986062,4,0,1.411,3374714
1788986062,0,0,0.01,3374714
1788986062,3,0,0.064,3374714
1788986063,4,0,0.908,3374714
1788986063,0,0,0.006,3374714
1788986064,4,0,1.391,3374714
1788986064,3,0,0.005,3374714
1788986066,5,0,2.128,3374714
1788986066,6,0,0.008,3374714
1788986067,4,0,1.243,3374714
1788986067,2,0,0.003,3374714
1788986069,4,0,1.663,3374714
1788986069,0,0,0.008,3374714
1788986069,1,0,0.002,3374714
1788986071,4,0,2.185,3374714
1788986071,6,0,0.007,3374714
1788986071,1,0,0.001,3374714
1788986074,4,0,3.304,3374714
1788986074,6,0,0.005,3374714
1788986074,6,0,0.008,3374714
1788986074,6,1,0.007,3374714
1788986075,5,0,0.113,3374714
1788986075,6,0,0.005,3374714
1788986079,4,0,4.252,3374714
1788986079,3,0,0.093,3374714
1788986079,0,0,0.01,3374714
1788986079,0,0,0.014,3374714
1788986080,4,0,1.141,3374714
1788986080,0,0,0.004,3374714
1788986089,5,0,8.666,3374714
1788986090,4,0,1.313,3374714
1788986090,3,0,0.017,3374714
1788986092,4,0,1.616,3374714
1788986092,3,0,0.057,3374714
1788986092,3,0,0.02,3374714
1788986092,3,0,0.072,3374714
1788986103,5,0,11.058,3374714
1788986103,0,0,0.005,3374714
1788986103,3,0,0.006,3374714
1788986104,4,0,0.799,3374714
1788986104,3,0,0.008,3374714
1788986104,0,0,0.008,3374714
1788986104,2,0,0.003,3374714
1788986107,2,0,2.756,3374714
1788986107,4,0,0.968,3374714
1788986117,5,0,9.425,3374714
1788986118,4,0,0.876,3374714
1788986118,3,0,0.006,3374714
1788986118,5,0,0.113,3374714
1788986118,2,0,0.004,3374714
1788986118,2,0,0.004,3374714
1788986120,4,0,1.934,3374714
1788986120,2,0,0.002,3374714
1788986121,4,0,1.502,3374714
1788986123,2,0,2.083,3374714
1788986125,2,0,1.425,3374714
1788986126,4,0,1.093,3374714
1788986127,4,0,1.29,3374714
1788986128,4,0,0.857,3374714
1788986128,2,0,0.002,3374714
1788986128,5,0,0.123,3374714
1788986130,4,0,1.522,3374714
1788986130,2,0,0.002,3374714
1788986132,4,0,1.972,3374714
1788986132,3,0,0.01,3374714
1788986132,2,0,0.003,3374714
1788986132,0,0,0.008,3374714
1788986132,3,0,0.028,3374714
1788986132,3,0,0.006,3374714
1788986132,3,0,0.09,3374714
1788986144,5,0,11.642,3374714
1788986144,6,0,0.008,3374714
1788986144,0,0,0.009,3374714
1788986148,7,0,4.056,3374714
1788986150,4,0,2.62,3374714
1788986150,0,0,0.009,3374714
1788986150,0,0,0.013,3374714
1788986152,4,0,1.676,3374714
1788986153,4,0,1.071,3374714
1788986153,0,0,0.007,3374714
1788986153,6,0,0.006,3374714
1788986155,4,0,1.665,3374714
1788986155,1,0,0.002,3374714
1788986155,3,0,0.072,3374714
1788986156,4,0,1.194,3374714
1788986157,4,0,0.822,3374714
1788986157,3,0,0.006,3374714
1788986158,4,0,1.06,3374714
1788986158,5,0,0.121,3374714
1788986158,3,0,0.005,3374714
1788986158,5,0,0.129,3374714
1788986159,4,0,1.184,3374714
1788986159,6,0,0.008,3374714
1788986159,3,0,0.039,3374714
1788986159,0,0,0.008,3374714
1788986159,3,0,0.004,3374714
1788986159,0,0,0.015,3374714
1788986159,3,0,0.091,3374714
1788986161,4,0,1.754,3374714
1788986161,0,0,0.016,3374714
1788986162,4,0,0.622,3374714
1788986163,4,0,1.209,3374714
1788986163,2,0,0.002,3374714
1788986163,2,0,0.002,3374714
1788986165,2,0,1.715,3374714
1788986165,3,0,0.047,3374714
1788986165,2,0,0.003,3374714
1788986172,7,0,7.491,3374714
1788986172,6,0,0.006,3374714
1788986173,2,0,0.912,3374714
1788986173,1,0,0.001,3374714
1788986173,0,0,0.008,3374714
1788986186,5,0,12.471,3374714
1788986186,0,0,0.007,3374714
1788986186,6,0,0.007,3374714
1788986186,6,0,0.008,3374714
1788986186,0,0,0.007,3374714
1788986186,6,0,0.007,3374714
1788986186,3,0,0.065,3374714
1788986186,6,0,0.008,3374714
1788986189,5,0,3.049,3374714
1788986189,3,0,0.036,3374714
1788986189,0,0,0.01,3374714
1788986190,4,0,0.895,3374714
1788986190,6,0,0.005,3374714
1788986192,4,0,2.489,3374714
1788986193,4,0,1.06,3374714
1788986193,6,0,0.007,3374714
1788986194,2,0,1.121,3374714
1788986195,4,0,0.866,3374714
1788986197,2,0,1.268,3374714
1788986197,3,0,0.082,3374714
1788986197,3,0,0.049,3374714
1788986197,3,0,0.072,3374714
1788986197,6,0,0.006,3374714
1788986197,2,0,0.002,3374714
1788986198,4,0,0.81,3374714
1788986198,3,0,0.033,3374714
1788986199,2,0,1.544,3374714
1788986199,0,0,0.011,3374714
1788986200,4,0,1.266,3374714
1788986201,3,0,0.078,3374714
1788986201,6,0,0.007,3374714
1788986201,2,0,0.887,3374714
1788986201,1,0,0.002,3374714
1788986203,2,0,1.074,3374714
1788986203,3,0,0.081,3374714
1788986203,2,0,0.002,3374714
1788986203,0,0,0.011,3374714
1788986203,3,0,0.003,3374714
1788986204,4,0,1.793,3374714
1788986204,1,0,0.001,3374714
1788986204,3,0,0.051,3374714
1788986208,4,0,3.213,3374714
1788986209,4,0,1.513,3374714
1788986209,3,0,0.08,3374714
1788986210,2,0,1.006,3374714
1788986211,4,0,1.098,3374714
1788986212,2,0,0.911,3374714
1788986212,3,0,0.006,3374714
1788986212,2,0,0.002,3374714
1788986215,2,0,2.791,3374714
1788986227,5,0,11.988,3374714
1788986227,0,0,0.013,3374714
1788986228,4,0,0.906,3374714
1788986228,3,0,0.007,3374714
1788986228,6,0,0.005,3374714
1788986228,3,0,0.081,3374714
1788986228,0,0,0.011,3374714
1788986228,1,0,0.001,3374714
1788986228,6,0,0.008,3374714
1788986228,3,0,0.059,3374714
1788986228,3,0,0.042,3374714
1788986230,5,0,1.38,3374714
1788986230,2,0,0.005,3374714
1788986230,0,0,0.014,3374714
1788986230,6,0,0.007,3374714
1788986231,4,0,1.114,3374714
1788986231,0,0,0.013,3374714
1788986231,3,0,0.071,3374714
1788986231,0,0,0.006,3374714
1788986231,0,0,0.015,3374714
1788986231,0,0,0.009,3374714
1788986240,5,0,8.836,3374714
1788986240,0,0,0.016,3374714
1788986243,4,0,3.559,3374714
1788986243,6,0,0.01,3374714
1788986243,0,0,0.006,3374714
1788986243,3,0,0.012,3374714
1788986243,3,0,0.01,3374714
1788986247,4,0,3.417,3374714
1788986247,0,0,0.009,3374714
1788986247,3,0,0.058,3374714
1788986247,3,0,0.054,3374714
1788986247,3,0,0.042,3374714
1788986247,6,0,0.011,3374714
1788986247,6,0,0.006,3374714
1788986247,2,0,0.003,3374714
1788986247,0,0,0.015,3374714
1788986247,2,0,0.005,3374714
1788986247,0,0,0.017,3374714
1788986247,6,0,0.01,3374714
1788986247,1,0,0.003,3374714
1788986247,0,0,0.01,3374714
1788986247,6,0,0.01,3374714
1788986256,5,0,8.63,3374714
1788986256,0,0,0.011,3374714
1788986256,0,0,0.01,3374714
1788986256,1,0,0.001,3374714
1788986256,3,0,0.055,3374714
1788986256,0,0,0.012,3374714
1788986256,4,0,0.048,3374714
1788986256,0,0,0.01,3374714
1788986258,5,0,2.478,3374714
1788986259,5,0,0.999,3374714
1788986259,3,0,0.043,3374714
1788986259,3,0,0.036,3374714
1788986259,2,0,0.004,3374714
1788986259,0,0,0.004,3374714
1788986259,1,0,0.001,3374714
1788986260,5,0,0.751,3374714
1788986261,4,0,1.03,3374714
1788986261,6,0,0.008,3374714
1788986261,0,0,0.012,3374714
1788986261,2,0,0.003,3374714
1788986261,1,0,0.001,3374714
1788986270,5,0,8.708,3374714
1788986270,1,0,0.001,3374714
1788986270,3,0,0.008,3374714
1788986270,3,0,0.022,3374714
1788986272,4,0,1.681,3374714
1788986272,0,0,0.008,3374714
1788986272,3,0,0.089,3374714
1788986272,2,0,0.004,3374714
1788986272,6,0,0.005,3374714
1788986272,3,0,0.004,3374714
1788986272,3,0,0.038,3374714
1788986272,3,0,0.024,3374714
1788986272,3,0,0.033,3374714
1788986272,2,0,0.004,3374714
1788986272,0,0,0.012,3374714
1788986272,3,0,0.042,3374714
1788986272,2,0,0.003,3374714
1788986276,2,0,4.112,3374714
1788986278,2,0,1.705,3374714
1788986281,4,0,3.774,3374714
1788986281,6,0,0.007,3374714
1788986281,3,0,0.046,3374714
1788986281,0,0,0.016,3374714
1788986281,6,0,0.006,3374714
1788986283,4,0,1.402,3374714
1788986283,1,0,0.001,3374714
1788986284,5,0,1.511,3374714
1788986285,4,0,1.102,3374714
1788986285,2,0,0.003,3374714
1788986285,0,0,0.013,3374714
1788986287,2,0,1.501,3374714
1788986287,1,0,0.001,3374714
1788986287,0,0,0.011,3374714
1788986291,2,0,3.757,3374714
1788986291,3,0,0.072,3374714
1788986291,2,0,0.003,3374714
1788986291,6,0,0.008,3374714
1788986292,4,0,1.304,3374714
1788986292,1,0,0,3374714
1788986292,2,0,0.003,3374714
1788986294,2,0,2.133,3374714
1788986296,2,0,1.547,3374714
1788986296,6,0,0.007,3374714
1788986296,1,0,0.001,3374714
1788986296,0,0,0.006,3374714
1788986297,4,0,1.132,3374714
1788986299,4,0,1.757,3374714
1788986299,3,0,0.017,3374714
1788986300,4,0,1.106,3374714
1788986300,0,0,0.007,3374714
1788986301,4,0,1.114,3374714
1788986304,5,0,2.609,3374714
1788986304,3,0,0.015,3374714
1788986304,0,0,0.013,3374714
1788986304,0,0,0.008,3374714
1788986304,6,0,0.005,3374714
1788986305,4,0,1.507,3374714
1788986305,0,0,0.006,3374714
1788986305,3,0,0.08,3374714
1788986305,3,0,0.037,3374714
1788986308,7,0,2.244,3374714
1788986308,6,0,0.005,3374714
1788986311,2,0,3.74,3374714
1788986313,2,0,1.577,3374714
1788986313,3,0,0.008,3374714
1788986317,2,0,4.107,3374714
1788986317,7,0,0.172,3374714
1788986317,5,0,0.124,3374714
1788986317,0,0,0.01,3374714
1788986319,4,0,1.655,3374714
1788986321,4,0,2.081,3374714
1788986321,3,0,0.082,3374714
1788986321,3,0,0.066,3374714
1788986323,5,0,1.996,3374714
1788986323,6,0,0.005,3374714
1788986323,2,0,0.003,3374714
1788986327,4,0,3.882,3374714
1788986328,4,0,0.942,3374714
1788986328,2,0,0.003,3374714
1788986328,0,0,0.014,3374714
1788986328,0,0,0.007,3374714
1788986328,0,0,0.011,3374714
1788986328,3,0,0.055,3374714
1788986329,2,0,1.107,3374714
1788986329,1,0,0.002,3374714
1788986331,4,0,1.853,3374714
1788986332,2,0,1.305,3374714
1788986334,4,0,1.366,3374714
1788986334,1,0,0.001,3374714
1788986334,3,0,0.058,3374714
1788986334,6,0,0.006,3374714
1788986337,4,0,2.782,3374714
1788986338,2,0,1.351,3374714
1788986338,3,0,0.06,3374714
1788986338,3,0,0.007,3374714
1788986338,3,0,0.037,3374714
1788986339,4,0,0.721,3374714
1788986339,0,0,0.009,3374714
1788986339,2,0,0.003,3374714
1788986349,5,0,9.942,3374714
1788986350,2,0,1.125,3374714
1788986350,1,0,0.001,3374714
1788986350,1,0,0.001,3374714
1788986350,6,0,0.012,3374714
1788986351,4,0,1.282,3374714
1788986352,4,0,0.847,3374714
1788986352,6,0,0.008,3374714
1788986353,4,0,1.424,3374714
1788986353,0,0,0.003,3374714
1788986353,3,0,0.017,3374714
1788986353,6,0,0.008,3374714
1788986353,2,0,0.003,3374714
1788986353,3,0,0.032,3374714
1788986354,2,0,0.645,3374714
1788986354,6,0,0.005,3374714
1788986354,3,0,0.076,3374714
1788986354,3,0,0.059,3374714
1788986354,1,0,0.001,3374714
1788986356,4,0,1.95,3374714
1788986360,4,0,4.173,3374714
1788986360,0,0,0.005,3374714
1788986360,5,0,0.123,3374714
1788986361,3,0,0.079,3374714
1788986362,4,0,1.771,3374714
1788986362,2,0,0.002,3374714
1788986362,3,0,0.034,3374714
1788986362,3,0,0.068,3374714
1788986362,2,0,0.003,3374714
1788986362,2,0,0.002,3374714
1788986371,5,0,8.719,3374714
1788986371,3,0,0.048,3374714
1788986372,4,0,1.169,3374714
1788986372,0,0,0.005,3374714
1788986373,5,0,0.134,3374714
1788986373,5,0,0.12,3374714
1788986374,4,0,1.472,3374714
1788986376,4,0,2.318,3374714
1788986388,5,0,11.176,3374714
1788986388,2,0,0.002,3374714
1788986389,4,0,1.207,3374714
1788986390,5,0,0.833,3374714
1788986390,0,0,0.018,3374714
1788986390,0,0,0.004,3374714
1788986390,0,0,0.012,3374714
1788986390,3,0,0.01,3374714
1788986391,4,0,1.184,3374714
1788986391,0,0,0.016,3374714
1788986391,3,0,0.055,3374714
1788986391,6,0,0.01,3374714
1788986392,5,0,0.937,3374714
1788986392,3,0,0.017,3374714
1788986394,2,0,1.691,3374714
1788986394,0,0,0.01,3374714
1788986394,0,0,0.007,3374714
1788986394,0,0,0.018,3374714
1788986394,2,0,0.003,3374714
1788986394,2,0,0.003,3374714
1788986394,3,0,0.096,3374714
1788986395,4,0,1.116,3374714
1788986395,6,0,0.005,3374714
1788986395,0,0,0.017,3374714
1788986403,5,0,8.561,3374714
1788986405,4,0,1.559,3374714
1788986407,4,0,1.738,3374714
1788986407,0,0,0.009,3374714
1788986407,0,0,0.015,3374714
1788986408,5,0,0.964,3374714
1788986408,3,0,0.09,3374714
1788986410,4,0,2.183,3374714
1788986411,4,0,1.491,3374714
1788986412,3,0,0.058,3374714
1788986412,3,0,0.037,3374714
1788986412,7,0,0.718,3374714
1788986414,4,0,1.449,3374714
1788986414,2,0,0.003,3374714
1788986414,3,0,0.052,3374714
1788986414,1,0,0.001,3374714
1788986415,4,0,1.1,3374714
1788986415,6,0,0.009,3374714
1788986415,3,0,0.04,3374714
1788986416,4,0,0.659,3374714
1788986417,4,0,1.2,3374714
1788986421,2,0,4.093,3374714
1788986422,4,0,1.26,3374714
1788986424,4,0,1.892,3374714
1788986426,4,0,1.575,3374714
1788986426,1,0,0.002,3374714
1788986426,6,0,0.008,3374714
1788986426,3,0,0.077,3374714
1788986426,0,0,0.006,3374714
1788986426,0,0,0.012,3374714
1788986426,0,0,0.01,3374714
1788986427,4,0,0.792,3374714
1788986429,4,0,2.451,3374714
1788986429,2,0,0.003,3374714
1788986430,4,0,1.13,3374714
1788986432,4,0,2.19,3374714
1788986434,4,0,1.719,3374714
1788986434,6,0,0.007,3374714
1788986434,1,0,0,3374714
1788986438,4,0,3.865,3374714
1788986438,3,0,0.092,3374714
1788986440,4,0,2.041,3374714
1788986440,6,0,0.008,3374714
1788986440,6,0,0.005,3374714
1788986440,0,0,0.053,3374714
1788986440,0,0,0.007,3374714
1788986440,0,0,0.005,3374714
1788986440,3,0,0.007,3374714
1788986440,3,0,0.087,3374714
1788986441,4,0,1.064,3374714
1788986443,2,0,1.573,3374714
1788986443,0,0,0.018,3374714
1788986443,6,0,0.006,3374714
1788986444,4,0,1.272,3374714
1788986444,2,0,0.005,3374714
1788986444,6,0,0.01,3374714
1788986444,3,0,0.046,3374714
1788986445,4,0,1.127,3374714
1788986445,1,0,0.001,3374714
1788986446,7,0,1.016,3374714
1788986446,3,0,0.071,3374714
1788986446,3,0,0.004,3374714
1788986446,1,0,0.001,3374714
1788986446,6,0,0.005,3374714
1788986446,3,0,0.025,3374714
1788986446,3,0,0.029,3374714
1788986446,2,0,0.002,3374714
1788986446,1,0,0.001,3374714
1788986446,2,0,0.001,3374714
1788986446,6,0,0.006,3374714
1788986446,3,0,0.002,3374714
1788986446,0,0,0.009,3374714
1788986447,0,0,0.009,3374714
1788986455,5,0,8.889,3374714
1788986456,4,0,0.81,3374714
1788986457,4,0,1.183,3374714
1788986459,4,0,1.251,3374714
1788986459,6,0,0.007,3374714
1788986459,2,0,0.003,3374714
1788986459,3,0,0.005,3374714
1788986460,4,0,1.418,3374714
1788986460,3,0,0.003,3374714
1788986460,2,0,0.002,3374714
1788986470,5,0,10.164,3374714
1788986470,3,0,0.035,3374714
1788986474,2,0,3.402,3374714
1788986474,6,0,0.005,3374714
1788986474,0,0,0.009,3374714
1788986474,0,0,0.01,3374714
1788986474,5,0,0.124,3374714
1788986475,5,0,1.187,3374714
1788986486,5,0,11.38,3374714
1788986486,3,0,0.011,3374714
1788986486,3,0,0.069,3374714
1788986486,2,0,0.003,3374714
1788986488,4,0,1.538,3374714
1788986488,3,0,0.076,3374714
1788986488,0,0,0.006,3374714
1788986489,4,0,1.388,3374714
1788986489,2,0,0.003,3374714
1788986489,3,0,0.008,3374714
1788986489,1,0,0.002,3374714
1788986490,6,0,0.006,3374714
1788986490,5,0,0.127,3374714
1788986491,5,0,0.916,3374714
1788986493,4,0,2.337,3374714
1788986494,4,0,1.267,3374714
1788986495,4,0,0.888,3374714
1788986499,4,0,3.871,3374714
1788986501,4,0,1.857,3374714
1788986502,2,0,1.097,3374714
1788986502,6,0,0.008,3374714
1788986502,3,0,0.037,3374714
1788986502,6,0,0.006,3374714
1788986502,0,0,0.006,3374714
1788986511,7,0,9.501,3374714
1788986511,3,0,0.012,3374714
1788986511,3,0,0.046,3374714
1788986514,4,0,2.392,3374714
1788986514,3,0,0.045,3374714
1788986514,1,0,0.001,3374714
1788986514,0,0,0.009,3374714
1788986514,0,0,0.014,3374714
1788986526,5,0,12.086,3374714
1788986528,4,0,1.62,3374714
1788986528,2,0,0.004,3374714
1788986528,0,0,0.016,3374714
1788986528,3,0,0.057,3374714
1788986528,0,0,0.013,3374714
1788986528,2,0,0.003,3374714
1788986529,2,0,1.637,3374714
1788986530,2,0,1.087,3374714
1788986531,4,0,0.997,3374714
1788986534,4,0,2.362,3374714
1788986537,4,0,3.473,3374714
1788986537,6,0,0.008,3374714
1788986537,3,0,0.054,3374714
1788986537,3,0,0.059,3374714
1788986538,5,0,0.128,3374714
1788986538,5,0,0.814,3374714
1788986538,3,0,0.011,3374714
1788986538,3,0,0.02,3374714
1788986538,6,0,0.006,3374714
1788986538,0,0,0.012,3374714
1788986538,0,0,0.012,3374714
1788986538,3,0,0.068,3374714
1788986541,4,0,2.028,3374714
1788986541,0,0,0.01,3374714
1788986542,4,0,1.811,3374714
1788986542,3,0,0.057,3374714
1788986542,0,0,0.01,3374714
1788986542,3,0,0.047,3374714
1788986543,4,0,0.976,3374714
1788986543,3,0,0.052,3374714
1788986546,4,0,2.262,3374714
1788986548,7,0,2.045,3374714
1788986548,2,0,0.003,3374714
1788986549,4,0,1.457,3374714
1788986549,3,0,0.004,3374714
1788986549,0,0,0.004,3374714
1788986549,3,0,0.033,3374714
1788986550,4,0,0.992,3374714
1788986550,0,0,0.007,3374714
1788986550,3,0,0.011,3374714
1788986553,4,0,2.811,3374714
1788986555,5,0,2.085,3374714
1788986555,3,0,0.086,3374714
1788986555,6,0,0.009,3374714
1788986558,2,0,2.686,3374714
1788986559,2,0,1.249,3374714
1788986562,2,0,2.708,3374714
1788986562,0,0,0.006,3374714
1788986562,0,0,0.005,3374714
1788986562,6,0,0.008,3374714
1788986562,3,0,0.063,3374714
1788986563,4,0,1.331,3374714
1788986563,3,0,0.077,3374714
1788986573,5,0,9.234,3374714
1788986573,3,0,0.006,3374714
1788986574,4,0,1.102,3374714
1788986574,0,0,0.019,3374714
1788986575,5,0,1.434,3374714
1788986578,5,0,2.325,3374714
1788986580,4,0,2.763,3374714
1788986581,5,0,0.907,3374714
1788986581,6,0,0.006,3374714
1788986581,6,0,0.005,3374714
1788986581,0,0,0.01,3374714
1788986581,0,0,0.016,3374714
1788986581,0,0,0.012,3374714
1788986581,2,0,0.003,3374714
1788986582,4,0,1.08,3374714
1788986582,3,0,0.004,3374714
1788986582,6,0,0.012,3374714
1788986582,1,0,0.002,3374714
1788986583,7,0,0.181,3374714
1788986584,4,0,1.05,3374714
1788986584,0,0,0.011,3374714
1788986584,3,0,0.063,3374714
1788986588,4,0,4.493,3374714
1788986588,0,0,0.011,3374714
1788986588,3,0,0.119,3374714
1788986588,3,0,0.052,3374714
1788986588,3,0,0.044,3374714
1788986589,2,0,1.04,3374714
1788986590,4,0,0.906,3374714
1788986591,5,0,1.047,3374714
1788986591,1,0,0.001,3374714
1788986591,0,0,0.009,3374714
1788986591,6,0,0.005,3374714
1788986593,4,0,1.532,3374714
1788986593,6,0,0.007,3374714
1788986593,3,0,0.049,3374714
1788986595,4,0,2.336,3374714
1788986595,6,0,0.008,3374714
1788986595,6,0,0.008,3374714
1788986595,3,0,0.069,3374714
1788986595,6,0,0.006,3374714
1788986595,0,0,0.009,3374714
1788986595,3,0,0.05,3374714
1788986595,3,0,0.011,3374714
1788986598,4,0,2.28,3374714
1788986598,3,0,0.01,3374714
1788986598,5,0,0.13,3374714
1788986598,1,0,0.001,3374714
1788986598,1,0,0,3374714
1788986599,4,0,1.422,3374714
1788986599,3,0,0.005,3374714
1788986601,5,0,2.06,3374714
1788986603,7,0,1.209,3374714
1788986603,1,0,0.002,3374714
1788986603,6,0,0.011,3374714
1788986604,4,0,1.288,3374714
1788986606,4,0,2.02,3374714
1788986606,2,0,0.003,3374714
1788986606,0,0,0.011,3374714
1788986608,4,0,2.246,3374714
1788986608,2,0,0.004,3374714
1788986608,3,0,0.011,3374714
1788986608,0,0,0.014,3374714
1788986610,4,0,1.393,3374714
1788986614,4,0,4.128,3374714
1788986616,4,0,2.225,3374714
1788986616,3,0,0.01,3374714
1788986618,7,0,2.427,3374714
1788986618,3,0,0.051,3374714
1788986618,0,0,0.009,3374714
1788986620,4,0,1.351,3374714
1788986620,3,0,0.049,3374714
1788986620,0,0,0.009,3374714
1788986629,5,0,9.415,3374714
1788986629,3,0,0.017,3374714
1788986629,5,0,0.123,3374714
1788986630,4,0,0.711,3374714
1788986631,4,0,1.186,3374714
1788986633,5,0,1.212,3374714
1788986633,2,0,0.003,3374714
1788986633,3,0,0.005,3374714
1788986634,4,0,1.473,3374714
1788986634,5,0,0.126,3374714
1788986634,0,0,0.011,3374714
1788986635,5,0,0.764,3374714
1788986636,2,0,1.281,3374714
1788986636,3,0,0.091,3374714
1788986638,2,0,1.428,3374714
1788986638,0,0,0.012,3374714
1788986638,6,0,0.004,3374714
1788986641,4,0,3.092,3374714
1788986642,4,0,1.092,3374714
1788986644,4,0,1.613,3374714
1788986644,3,0,0.067,3374714
1788986644,6,0,0.007,3374714
1788986644,3,0,0.01,3374714
1788986645,4,0,1.691,3374714
1788986647,4,0,1.571,3374714
1788986650,5,0,2.81,3374714
1788986650,2,0,0.003,3374714
1788986650,0,0,0.011,3374714
1788986651,4,0,1.426,3374714
1788986653,4,0,2.289,3374714
1788986653,2,0,0.003,3374714
1788986653,6,0,0.007,3374714
1788986654,5,0,1.043,3374714
1788986654,0,0,0.004,3374714
1788986655,3,0,0.054,3374714
1788986655,0,0,0.015,3374714
1788986655,0,0,0.003,3374714
1788986655,0,0,0.006,3374714
1788986655,3,0,0.079,3374714
1788986655,6,0,0.01,3374714
1788986655,0,0,0.008,3374714
1788986665,5,0,10.363,3374714
1788986666,2,0,0.876,3374714
1788986668,4,0,1.88,3374714
1788986670,4,0,1.87,3374714
1788986670,2,0,0.003,3374714
1788986672,4,0,1.996,3374714
1788986672,3,0,0.01,3374714
1788986685,5,0,13.443,3374714
1788986685,0,0,0.011,3374714
1788986686,2,0,1.049,3374714
1788986686,2,0,0.002,3374714
1788986688,7,0,2.009,3374714
1788986688,3,0,0.067,3374714
1788986688,0,0,0.035,3374714
1788986688,2,0,0.001,3374714
1788986688,6,0,0.006,3374714
1788986688,6,0,0.009,3374714
1788986689,4,0,1.055,3374714
1788986689,0,0,0.013,3374714
1788986690,2,0,1.072,3374714
1788986690,0,0,0.01,3374714
1788986692,4,0,1.963,3374714
1788986692,3,0,0.004,3374714
1788986694,4,0,1.207,3374714
1788986694,0,0,0.008,3374714
1788986694,3,0,0.098,3374714
1788986694,0,0,0.013,3374714
1788986694,2,0,0.002,3374714
1788986694,3,0,0.004,3374714
1788986694,1,0,0.002,3374714
1788986694,0,0,0.009,3374714
1788986694,3,0,0.007,3374714
1788986694,2,0,0.002,3374714
1788986695,4,0,1.295,3374714
1788986700,4,0,4.564,3374714
1788986700,4,0,0.788,3374714
1788986700,1,0,0,3374714
1788986700,0,0,0.004,3374714
1788986700,0,0,0.008,3374714
1788986700,2,0,0.002,3374714
1788986702,4,0,1.44,3374714
1788986703,4,0,1.399,3374714
1788986703,0,0,0.009,3374714
1788986703,3,0,0.055,3374714
1788986703,1,0,0.001,3374714
1788986703,1,0,0.001,3374714
1788986705,2,0,1.626,3374714
1788986708,5,0,2.58,3374714
1788986709,4,0,1.212,3374714
1788986709,0,0,0.011,3374714
1788986709,0,0,0.013,3374714
1788986709,6,0,0.007,3374714
1788986710,2,0,0.956,3374714
1788986714,5,0,4.335,3374714
1788986714,3,0,0.016,3374714
1788986714,0,0,0.007,3374714
1788986714,3,0,0.037,3374714
1788986714,2,0,0.001,3374714
1788986714,2,0,0.005,3374714
1788986716,4,0,2.186,3374714
1788986718,5,0,1.277,3374714
1788986718,0,0,0.007,3374714
1788986718,0,0,0.007,3374714
1788986719,4,0,1.363,3374714
1788986719,6,0,0.005,3374714
1788986720,2,0,0.693,3374714
1788986722,4,0,1.989,3374714
1788986724,2,0,2.281,3374714
1788986724,3,0,0.058,3374714
1788986724,6,0,0.006,3374714
1788986724,6,0,0.006,3374714
1788986724,6,0,0.009,3374714
1788986725,4,0,0.923,3374714
1788986725,0,0,0.009,3374714
1788986725,6,0,0.008,3374714
1788986727,7,0,2.455,3374714
1788986727,3,0,0.063,3374714
1788986728,3,0,0.092,3374714
1788986730,4,0,2.047,3374714
1788986731,4,0,1.012,3374714
1788986732,4,0,1.02,3374714
1788986733,4,0,1.067,3374714
1788986733,1,0,0.002,3374714
1788986733,0,0,0.013,3374714
1788986733,7,0,0.183,3374714
1788986735,4,0,1.939,3374714
1788986736,4,0,1.13,3374714
1788986738,5,0,1.551,3374714
1788986739,4,0,1.333,3374714
1788986739,3,0,0.081,3374714
1788986739,3,0,0.055,3374714
1788986742,4,0,2.83,3374714
1788986742,3,0,0.007,3374714
1788986742,5,0,0.113,3374714
1788986742,3,0,0.057,3374714
1788986753,7,0,10.539,3374714
1788986753,0,0,0.011,3374714
1788986753,3,0,0.003,3374714
1788986753,2,0,0.004,3374714
1788986753,2,0,0.696,3374714
1788986754,2,0,0.819,3374714
1788986756,4,0,1.463,3374714
1788986756,0,0,0.009,3374714
1788986756,1,0,0,3374714
1788986757,4,0,1.603,3374714
1788986757,3,0,0.046,3374714
1788986758,4,0,0.925,3374714
1788986758,0,0,0.005,3374714
1788986759,5,0,1.138,3374714
1788986759,5,0,0.132,3374714
1788986759,3,0,0.011,3374714
1788986759,1,0,0.001,3374714
1788986759,3,0,0.072,3374714
1788986763,2,0,3.17,3374714
1788986763,0,0,0.014,3374714
1788986767,2,0,4.104,3374714
1788986767,0,0,0.01,3374714
1788986767,0,0,0.014,3374714
1788986767,6,0,0.009,3374714
1788986767,3,0,0.032,3374714
1788986767,6,0,0.005,3374714
1788986767,6,0,0.005,3374714
1788986769,5,0,1.857,3374714
1788986769,3,0,0.072,3374714
1788986769,3,0,0.009,3374714
1788986772,4,0,3.352,3374714
1788986772,3,0,0.063,3374714
1788986772,0,0,0.009,3374714
1788986772,0,0,0.01,3374714
1788986772,3,0,0.077,3374714
1788986783,7,0,11.1,3374714
1788986793,5,0,9.616,3374714
1788986793,6,0,0.009,3374714
1788986793,6,0,0.005,3374714
1788986794,4,0,1.071,3374714
1788986796,2,0,1.768,3374714
1788986798,4,0,1.84,3374714
1788986799,5,0,0.946,3374714
1788986799,0,0,0.008,3374714
1788986800,5,0,1.619,3374714
1788986800,1,0,0.002,3374714
1788986800,3,0,0.051,3374714
1788986800,1,0,0.001,3374714
1788986802,5,0,1.631,3374714
1788986802,STOP,,,3374714
