1788983173,2,0,0.016,3374724
1788983173,0,0,0.016,3374724
1788983173,5,0,0.135,3374724
1788983175,4,0,2.07,3374724
1788983175,5,0,0.12,3374724
1788983175,3,0,0.016,3374724
1788983177,4,0,2.119,3374724
1788983177,6,0,0.017,3374724
1788983177,2,0,0.004,3374724
1788983177,6,0,0.007,3374724
1788983179,2,0,1.894,3374724
1788983179,1,0,0.003,3374724
1788983179,3,0,0.009,3374724
1788983189,5,0,9.996,3374724
1788983189,3,0,0.059,3374724
1788983191,4,0,1.486,3374724
1788983191,6,0,0.008,3374724
1788983191,3,0,0.058,3374724
1788983191,2,0,0.003,3374724
1788983192,4,0,1.775,3374724
1788983193,4,0,0.802,3374724
1788983194,3,0,0.353,3374724
1788983196,5,0,2.12,3374724
1788983199,4,0,2.984,3374724
1788983200,4,0,0.957,3374724
1788983204,4,0,4.506,3374724
1788983204,3,0,0.008,3374724
1788983204,1,0,0.001,3374724
1788983204,6,0,0.008,3374724
1788983204,6,0,0.008,3374724
1788983204,2,0,0.004,3374724
1788983204,3,0,0.009,3374724
1788983207,2,0,2.526,3374724
1788983207,3,0,0.035,3374724
1788983207,3,0,0.062,3374724
1788983207,3,0,0.068,3374724
1788983207,3,0,0.049,3374724
1788983208,4,0,0.806,3374724
1788983209,4,0,1.123,3374724
1788983209,3,0,0.007,3374724
1788983209,3,0,0.041,3374724
1788983210,4,0,1.415,3374724
1788983212,5,0,1.356,3374724
1788983212,3,0,0.057,3374724
1788983216,4,0,4.359,3374724
1788983216,0,0,0.017,3374724
1788983216,0,0,0.011,3374724
1788983218,5,0,1.74,3374724
1788983218,0,0,0.013,3374724
1788983218,6,0,0.01,3374724
1788983218,0,0,0.012,3374724
1788983218,3,0,0.058,3374724
1788983218,3,0,0.059,3374724
1788983220,2,0,1.771,3374724
1788983220,0,0,0.009,3374724
1788983220,2,0,0.003,3374724
1788983224,4,0,3.771,3374724
1788983224,1,0,0.001,3374724
1788983224,3,0,0.003,3374724
1788983224,6,0,0.007,3374724
1788983224,2,0,0.002,3374724
1788983224,2,0,0.003,3374724
1788983224,0,0,0.008,3374724
1788983224,5,0,0.127,3374724
1788983224,3,0,0.067,3374724
1788983224,1,0,0.002,3374724
1788983224,3,0,0.006,3374724
1788983225,2,0,1.565,3374724
1788983226,5,0,0.88,3374724
1788983226,2,0,0.002,3374724
1788983226,6,0,0.007,3374724
1788983226,6,0,0.009,3374724
1788983226,3,0,0.066,3374724
1788983228,4,0,2.095,3374724
1788983228,1,0,0.001,3374724
1788983230,2,0,1.69,3374724
1788983230,0,0,0.011,3374724
1788983230,6,1,0.007,3374724
1788983230,6,0,0.007,3374724
1788983231,4,0,1.369,3374724
1788983231,3,0,0.035,3374724
1788983233,2,0,1.698,3374724
1788983235,5,0,2.162,3374724
1788983235,1,0,0.001,3374724
1788983235,3,0,0.006,3374724
1788983237,4,0,2.148,3374724
1788983239,4,0,1.229,3374724
1788983240,2,0,1.24,3374724
1788983241,4,0,0.887,3374724
1788983241,3,0,0.055,3374724
1788983241,3,0,0.008,3374724
1788983241,1,0,0.001,3374724
1788983241,2,0,0.003,3374724
1788983241,0,0,0.009,3374724
1788983243,2,0,2.004,3374724
1788983243,6,0,0.006,3374724
1788983253,5,0,10.068,3374724
1788983254,5,0,1.413,3374724
1788983255,7,0,0.188,3374724
1788983256,4,0,1.736,3374724
1788983256,3,0,0.003,3374724
1788983256,0,0,0.011,3374724
1788983256,0,0,0.019,3374724
1788983256,5,0,0.122,3374724
1788983257,6,0,0.007,3374724
1788983257,6,0,0.006,3374724
1788983257,3,0,0.076,3374724
1788983257,6,0,0.007,3374724
1788983258,4,0,1.738,3374724
1788983258,0,0,0.009,3374724
1788983258,3,0,0.136,3374724
1788983263,4,0,4.041,3374724
1788983263,0,0,0.009,3374724
1788983263,6,0,0.009,3374724
1788983263,3,0,0.008,3374724
1788983263,0,0,0.004,3374724
1788983263,5,0,0.897,3374724
1788983265,5,0,1.258,3374724
1788983274,5,0,9.168,3374724
1788983284,5,0,9.92,3374724
1788983285,4,0,0.978,3374724
1788983285,1,0,0.002,3374724
1788983290,4,0,4.895,3374724
1788983290,0,0,0.015,3374724
1788983292,4,0,2.143,3374724
1788983293,4,0,1.354,3374724
1788983293,0,0,0.006,3374724
1788983293,0,0,0.007,3374724
1788983293,6,0,0.006,3374724
1788983293,3,0,0.033,3374724
1788983293,3,0,0.012,3374724
1788983293,3,0,0.045,3374724
1788983296,4,0,2.391,3374724
1788983297,4,0,1.712,3374724
1788983297,2,0,0.002,3374724
1788983297,0,0,0.009,3374724
1788983297,0,0,0.003,3374724
1788983297,1,0,0.001,3374724
1788983297,0,0,0.017,3374724
1788983301,5,0,3.243,3374724
1788983301,5,0,0.124,3374724
1788983302,4,0,0.886,3374724
1788983303,4,0,1.598,3374724
1788983303,3,0,0.037,3374724
1788983306,4,0,2.288,3374724
1788983307,4,0,1.27,3374724
1788983308,2,0,0.948,3374724
1788983309,2,0,1.333,3374724
1788983313,4,0,3.387,3374724
1788983314,4,0,1.198,3374724
1788983314,3,0,0.073,3374724
1788983315,2,0,1.061,3374724
1788983315,0,0,0.007,3374724
1788983315,2,0,0.002,3374724
1788983315,3,0,0.06,3374724
1788983319,4,0,4.314,3374724
1788983319,0,0,0.005,3374724
1788983319,3,0,0.006,3374724
1788983319,2,0,0.003,3374724
1788983319,6,0,0.007,3374724
1788983319,6,0,0.013,3374724
1788983319,5,0,0.12,3374724
1788983319,0,0,0.006,3374724
1788983319,0,0,0.007,3374724
1788983319,6,0,0.009,3374724
1788983319,0,0,0.011,3374724
1788983322,4,0,2.565,3374724
1788983323,2,0,0.901,3374724
1788983323,3,0,0.069,3374724
1788983323,3,0,0.083,3374724
1788983323,0,0,0.005,3374724
1788983323,0,0,0.011,3374724
1788983324,4,0,1.36,3374724
1788983324,6,0,0.007,3374724
1788983324,0,0,0.017,3374724
1788983326,7,0,1.199,3374724
1788983326,6,0,0.008,3374724
1788983326,1,0,0.002,3374724
1788983326,3,0,0.074,3374724
1788983326,0,0,0.009,3374724
1788983330,2,0,4.316,3374724
1788983330,0,0,0.017,3374724
1788983330,1,0,0.001,3374724
1788983330,3,0,0.01,3374724
1788983330,0,0,0.014,3374724
1788983330,3,0,0.013,3374724
1788983330,3,0,0.043,3374724
1788983330,0,0,0.011,3374724
1788983342,5,0,11.887,3374724
1788983347,4,0,4.822,3374724
1788983348,4,0,1.509,3374724
1788983349,4,0,1.038,3374724
1788983357,5,0,7.753,3374724
1788983359,4,0,1.6,3374724
1788983360,2,0,1.234,3374724
1788983360,0,0,0.013,3374724
1788983360,3,0,0.094,3374724
1788983360,0,0,0.013,3374724
1788983360,6,0,0.009,3374724
1788983361,4,0,0.842,3374724
1788983361,3,0,0.074,3374724
1788983361,2,0,0.004,3374724
1788983361,6,0,0.011,3374724
1788983361,0,0,0.01,3374724
1788983361,0,0,0.014,3374724
1788983375,5,0,13.465,3374724
1788983375,0,0,0.009,3374724
1788983375,3,0,0.028,3374724
1788983375,0,0,0.014,3374724
1788983379,2,0,4.038,3374724
1788983379,6,0,0.01,3374724
1788983379,2,0,0.002,3374724
1788983381,4,0,2.278,3374724
1788983381,3,0,0.085,3374724
1788983381,6,0,0.005,3374724
1788983382,2,0,1.398,3374724
1788983382,1,0,0.002,3374724
1788983382,6,0,0.008,3374724
1788983384,4,0,1.697,3374724
1788983386,4,0,1.65,3374724
1788983397,5,0,11.029,3374724
1788983397,2,0,0.004,3374724
1788983397,0,0,0.006,3374724
1788983398,2,0,1.536,3374724
1788983398,6,0,0.01,3374724
1788983398,3,0,0.017,3374724
1788983398,0,0,0.012,3374724
1788983400,4,0,1.405,3374724
1788983400,0,0,0.01,3374724
1788983400,0,0,0.01,3374724
1788983401,4,0,1.414,3374724
1788983401,2,0,0.004,3374724
1788983402,4,0,0.653,3374724
1788983402,6,0,0.006,3374724
1788983402,3,0,0.054,3374724
1788983406,2,0,3.58,3374724
1788983406,1,0,0.002,3374724
1788983406,3,0,0.001,3374724
1788983407,4,0,1.272,3374724
1788983408,4,0,1.63,3374724
1788983408,3,0,0.011,3374724
1788983410,4,0,1.122,3374724
1788983411,2,0,1.867,3374724
1788983415,4,0,3.233,3374724
1788983416,2,0,1.008,3374724
1788983416,3,0,0.058,3374724
1788983418,5,0,1.907,3374724
1788983418,5,0,0.115,3374724
1788983419,2,0,1.115,3374724
1788983419,3,0,0.07,3374724
1788983419,0,0,0.006,3374724
1788983419,0,0,0.005,3374724
1788983420,4,0,0.783,3374724
1788983420,3,0,0.063,3374724
1788983421,4,0,0.819,3374724
1788983424,2,0,3.178,3374724
1788983424,7,0,0.172,3374724
1788983424,6,0,0.006,3374724
1788983425,5,0,0.97,3374724
1788983425,0,0,0.008,3374724
1788983425,6,0,0.006,3374724
1788983426,2,0,1.371,3374724
1788983426,3,0,0.049,3374724
1788983426,0,0,0.011,3374724
1788983426,6,0,0.008,3374724
1788983426,0,0,0.009,3374724
1788983426,2,0,0.003,3374724
1788983428,4,0,1.463,3374724
1788983428,2,0,0.003,3374724
1788983428,1,0,0.001,3374724
1788983428,0,0,0.009,3374724
1788983429,4,0,0.792,3374724
1788983429,0,0,0.009,3374724
1788983430,4,0,0.869,3374724
1788983430,1,0,0.001,3374724
1788983430,0,0,0.012,3374724
1788983431,7,0,1.067,3374724
1788983431,2,0,0.002,3374724
1788983431,6,0,0.009,3374724
1788983431,6,0,0.007,3374724
1788983431,3,0,0.004,3374724
1788983431,6,0,0.008,3374724
1788983432,4,0,1.413,3374724
1788983434,2,0,1.995,3374724
1788983434,5,0,0.087,3374724
1788983446,5,0,12.086,3374724
1788983456,5,0,9.234,3374724
1788983456,6,0,0.005,3374724
1788983456,3,0,0.017,3374724
1788983457,4,0,1.63,3374724
1788983457,0,0,0.015,3374724
1788983459,2,0,1.862,3374724
1788983459,3,0,0.006,3374724
1788983461,4,0,1.656,3374724
1788983463,5,0,1.839,3374724
1788983464,4,0,1.008,3374724
1788983464,0,0,0.008,3374724
1788983464,5,0,0.713,3374724
1788983464,1,0,0,3374724
1788983476,5,0,11.826,3374724
1788983477,4,0,1.134,3374724
1788983477,0,0,0.008,3374724
1788983477,3,0,0.01,3374724
1788983477,3,0,0.071,3374724
1788983477,3,0,0.076,3374724
1788983477,0,0,0.009,3374724
1788983477,2,0,0.003,3374724
1788983478,4,0,0.871,3374724
1788983478,2,0,0.001,3374724
1788983480,4,0,1.668,3374724
1788983480,6,0,0.007,3374724
1788983482,4,0,2.258,3374724
1788983482,3,0,0.049,3374724
1788983483,2,0,0.827,3374724
1788983483,6,0,0.008,3374724
1788983483,1,0,0.002,3374724
1788983483,0,0,0.008,3374724
1788983483,0,0,0.006,3374724
1788983483,3,0,0.012,3374724
1788983483,0,0,0.004,3374724
1788983483,6,0,0.01,3374724
1788983485,4,0,2.288,3374724
1788983486,5,0,0.136,3374724
1788983486,3,0,0.074,3374724
1788983486,3,0,0.002,3374724
1788983486,6,0,0.008,3374724
1788983486,3,0,0.006,3374724
1788983486,0,0,0.014,3374724
1788983488,4,0,2.451,3374724
1788983488,3,0,0.013,3374724
1788983488,1,0,0.002,3374724
1788983488,0,0,0.005,3374724
1788983488,6,0,0.006,3374724
1788983488,1,0,0.001,3374724
1788983498,5,0,10.284,3374724
1788983499,5,0,0.128,3374724
1788983499,2,0,0.003,3374724
1788983500,4,0,1.12,3374724
1788983500,2,0,0.002,3374724
1788983500,3,0,0.008,3374724
1788983500,2,0,0.004,3374724
1788983503,2,0,2.963,3374724
1788983503,0,0,0.006,3374724
1788983506,2,0,3.504,3374724
1788983506,3,0,0.044,3374724
1788983506,6,0,0.009,3374724
1788983506,7,0,0.169,3374724
1788983508,4,0,1.719,3374724
1788983508,1,0,0.002,3374724
1788983508,6,0,0.007,3374724
1788983518,5,0,10.142,3374724
1788983518,3,0,0.061,3374724
1788983518,3,0,0.08,3374724
1788983518,0,0,0.014,3374724
1788983518,3,0,0.007,3374724
1788983520,5,0,1.252,3374724
1788983520,6,0,0.007,3374724
1788983520,3,0,0.044,3374724
1788983520,3,0,0.033,3374724
1788983520,0,0,0.008,3374724
1788983520,0,0,0.009,3374724
1788983520,0,0,0.003,3374724
1788983521,4,0,1.224,3374724
1788983521,3,0,0.003,3374724
1788983521,6,0,0.01,3374724
1788983521,0,0,0.01,3374724
1788983522,4,0,1.238,3374724
1788983525,4,0,3.197,3374724
1788983526,4,0,1.01,3374724
1788983527,7,0,0.18,3374724
1788983527,5,0,0.121,3374724
1788983527,1,0,0.001,3374724
1788983528,4,0,1.522,3374724
1788983528,2,0,0.003,3374724
1788983531,4,0,3.017,3374724
1788983531,1,0,0.001,3374724
1788983531,6,0,0.008,3374724
1788983531,3,0,0.062,3374724
1788983531,3,0,0.091,3374724
1788983533,4,0,1.082,3374724
1788983536,4,0,2.975,3374724
1788983536,2,0,0.003,3374724
1788983536,3,0,0.003,3374724
1788983536,3,0,0.058,3374724
1788983539,5,0,3.861,3374724
1788983539,3,0,0.005,3374724
1788983539,3,0,0.009,3374724
1788983540,5,0,0.136,3374724
1788983540,1,0,0,3374724
1788983543,4,0,3.5,3374724
1788983543,5,0,0.132,3374724
1788983555,5,0,11.591,3374724
1788983564,5,0,9.646,3374724
1788983566,2,0,1.716,3374724
1788983566,3,0,0.088,3374724
1788983566,2,0,0.004,3374724
1788983566,2,0,0.003,3374724
1788983566,1,0,0.002,3374724
1788983566,2,0,0.003,3374724
1788983566,3,0,0.081,3374724
1788983566,6,0,0.009,3374724
1788983566,6,0,0.009,3374724
1788983566,0,0,0.014,3374724
1788983566,3,0,0.045,3374724
1788983568,5,0,1.566,3374724
1788983568,3,0,0.035,3374724
1788983568,2,0,0.001,3374724
1788983568,2,0,0.004,3374724
1788983568,0,0,0.016,3374724
1788983570,4,0,2.044,3374724
1788983570,0,0,0.015,3374724
1788983570,3,0,0.007,3374724
1788983572,4,0,1.652,3374724
1788983573,4,0,1.557,3374724
1788983573,5,0,0.121,3374724
1788983573,3,0,0.013,3374724
1788983575,2,0,1.168,3374724
1788983584,5,0,9.72,3374724
1788983595,5,0,10.565,3374724
1788983595,5,0,0.12,3374724
1788983595,2,0,0.002,3374724
1788983597,5,0,2.242,3374724
1788983597,0,0,0.009,3374724
1788983600,2,0,2.616,3374724
1788983600,3,0,0.07,3374724
1788983600,6,0,0.003,3374724
1788983603,4,0,3.397,3374724
1788983603,3,0,0.033,3374724
1788983604,5,0,0.112,3374724
1788983604,0,0,0.009,3374724
1788983604,1,0,0.002,3374724
1788983604,1,0,0.001,3374724
1788983605,4,0,1.065,3374724
1788983605,3,0,0.003,3374724
1788983605,2,0,0.003,3374724
1788983606,2,0,1.045,3374724
1788983606,0,0,0.015,3374724
1788983608,4,0,2.182,3374724
1788983608,3,0,0.081,3374724
1788983610,2,0,2.361,3374724
1788983611,4,0,0.609,3374724
1788983611,6,0,0.005,3374724
1788983611,2,0,0.001,3374724
1788983613,4,0,1.604,3374724
1788983628,5,0,15.003,3374724
1788983628,2,0,0.858,3374724
1788983628,3,0,0.054,3374724
1788983629,3,0,0.053,3374724
1788983629,4,0,0.743,3374724
1788983629,3,0,0.012,3374724
1788983629,6,0,0.006,3374724
1788983631,4,0,1.383,3374724
1788983631,6,0,0.007,3374724
1788983631,0,0,0.007,3374724
1788983631,2,0,0.004,3374724
1788983631,6,0,0.009,3374724
1788983632,2,0,1.487,3374724
1788983634,7,0,1.477,3374724
1788983634,3,0,0.085,3374724
1788983636,4,0,2.103,3374724
1788983636,0,0,0.005,3374724
1788983636,0,0,0.014,3374724
1788983637,4,0,1.025,3374724
1788983637,2,0,0.004,3374724
1788983639,7,0,2.486,3374724
1788983639,3,0,0.004,3374724
1788983639,0,0,0.015,3374724
1788983639,0,0,0.014,3374724
1788983639,0,0,0.014,3374724
1788983641,4,0,1.141,3374724
1788983645,4,0,4.163,3374724
1788983646,4,0,1.269,3374724
1788983647,4,0,0.764,3374724
1788983647,5,0,0.115,3374724
1788983649,2,0,2.452,3374724
1788983651,4,0,1.277,3374724
1788983651,1,0,0.002,3374724
1788983652,4,0,1.042,3374724
1788983652,4,0,0.749,3374724
1788983652,3,0,0.052,3374724
1788983662,5,0,9.837,3374724
1788983662,3,0,0.082,3374724
1788983662,1,0,0.002,3374724
1788983662,3,0,0.04,3374724
1788983662,3,0,0.017,3374724
1788983664,4,0,1.367,3374724
1788983664,0,0,0.009,3374724
1788983667,2,0,3.503,3374724
1788983667,3,0,0.002,3374724
1788983667,3,0,0.008,3374724
1788983667,5,0,0.129,3374724
1788983667,0,0,0.012,3374724
1788983669,5,0,1.369,3374724
1788983669,5,0,0.122,3374724
1788983669,3,0,0.006,3374724
1788983670,4,0,1.095,3374724
1788983672,2,0,1.612,3374724
1788983672,3,0,0.06,3374724
1788983672,2,0,0.004,3374724
1788983672,3,0,0.083,3374724
1788983672,0,0,0.016,3374724
1788983672,2,0,0.003,3374724
1788983674,2,0,2.283,3374724
1788983674,0,0,0.011,3374724
1788983674,3,0,0.033,3374724
1788983675,4,0,1.033,3374724
1788983675,1,0,0.002,3374724
1788983676,4,0,1.118,3374724
1788983676,0,0,0.012,3374724
1788983678,4,0,1.648,3374724
1788983691,5,0,13.536,3374724
1788983692,3,0,0.077,3374724
1788983692,0,0,0.004,3374724
1788983694,7,0,2.188,3374724
1788983694,2,0,0.003,3374724
1788983696,2,0,1.886,3374724
1788983696,2,0,0.003,3374724
1788983706,5,0,9.863,3374724
1788983707,4,0,1.033,3374724
1788983707,6,0,0.006,3374724
1788983707,3,0,0.038,3374724
1788983707,4,0,0.537,3374724
1788983707,3,0,0.079,3374724
1788983707,2,0,0.002,3374724
1788983707,1,0,0.001,3374724
1788983710,7,0,2.327,3374724
1788983710,7,0,0.172,3374724
1788983710,1,0,0.001,3374724
1788983710,6,0,0.007,3374724
1788983710,0,0,0.009,3374724
1788983710,3,0,0.003,3374724
1788983710,0,0,0.011,3374724
1788983711,4,0,1.016,3374724
1788983711,6,0,0.009,3374724
1788983711,3,0,0.057,3374724
1788983712,4,0,1.215,3374724
1788983712,3,0,0.066,3374724
1788983712,0,0,0.006,3374724
1788983715,2,0,3.021,3374724
1788983715,0,0,0.012,3374724
1788983728,5,0,12.357,3374724
1788983730,4,0,2.056,3374724
1788983730,0,0,0.015,3374724
1788983733,4,0,3.088,3374724
1788983734,7,0,1.266,3374724
1788983734,3,0,0.011,3374724
1788983734,3,0,0.056,3374724
1788983734,0,0,0.007,3374724
1788983734,3,0,0.005,3374724
1788983737,4,0,3.105,3374724
1788983737,3,0,0.049,3374724
1788983737,6,0,0.007,3374724
1788983737,3,0,0.037,3374724
1788983737,6,0,0.009,3374724
1788983738,2,0,0.977,3374724
1788983740,4,0,1.398,3374724
1788983740,3,0,0.076,3374724
1788983741,4,0,1.256,3374724
1788983741,0,0,0.013,3374724
1788983741,3,0,0.007,3374724
1788983741,3,0,0.005,3374724
1788983741,3,0,0.007,3374724
1788983741,2,0,0.003,3374724
1788983742,4,0,1.249,3374724
1788983742,6,0,0.009,3374724
1788983743,4,0,0.969,3374724
1788983743,6,0,0.008,3374724
1788983743,0,0,0.008,3374724
1788983743,7,0,0.17,3374724
1788983743,3,0,0.076,3374724
1788983743,1,0,0.002,3374724
1788983745,2,0,1.15,3374724
1788983746,4,0,1.244,3374724
1788983748,4,0,1.912,3374724
1788983748,3,0,0.083,3374724
1788983750,4,0,1.9,3374724
1788983750,0,0,0.008,3374724
1788983754,4,0,3.834,3374724
1788983755,4,0,1.565,3374724
1788983757,4,0,1.369,3374724
1788983757,5,0,0.799,3374724
1788983757,0,0,0.012,3374724
1788983757,3,0,0.009,3374724
1788983757,0,0,0.01,3374724
1788983759,4,0,1.629,3374724
1788983759,3,0,0.01,3374724
1788983763,5,0,3.897,3374724
1788983763,3,0,0.096,3374724
1788983764,4,0,1.032,3374724
1788983764,3,0,0.049,3374724
1788983766,2,0,1.593,3374724
1788983766,6,0,0.006,3374724
1788983766,3,0,0.084,3374724
1788983768,4,0,2.716,3374724
1788983770,4,0,1.611,3374724
1788983770,0,0,0.006,3374724
1788983770,1,0,0,3374724
1788983770,3,0,0.052,3374724
1788983773,2,0,2.674,3374724
1788983774,4,0,0.858,3374724
1788983774,6,0,0.007,3374724
1788983775,4,0,1.54,3374724
1788983775,6,0,0.005,3374724
1788983775,3,0,0.018,3374724
1788983775,3,0,0.079,3374724
1788983777,4,0,1.294,3374724
1788983777,4,0,0.889,3374724
1788983778,3,0,0.039,3374724
1788983778,0,0,0.015,3374724
1788983778,6,0,0.009,3374724
1788983778,0,0,0.009,3374724
1788983778,0,0,0.01,3374724
1788983779,4,0,1.065,3374724
1788983779,3,0,0.005,3374724
1788983779,6,0,0.007,3374724
1788983779,0,0,0.012,3374724
1788983781,2,0,2.112,3374724
1788983782,4,0,1.379,3374724
1788983782,6,0,0.009,3374724
1788983783,5,0,0.9,3374724
1788983784,4,0,1.226,3374724
1788983784,0,0,0.017,3374724
1788983784,6,0,0.006,3374724
1788983784,0,0,0.012,3374724
1788983786,4,0,1.761,3374724
1788983786,3,0,0.051,3374724
1788983789,2,0,3.202,3374724
1788983789,6,0,0.008,3374724
1788983789,6,0,0.009,3374724
1788983789,6,0,0.007,3374724
1788983791,4,0,1.252,3374724
1788983791,2,0,0.004,3374724
1788983793,5,0,2.166,3374724
1788983793,5,0,0.121,3374724
1788983793,3,0,0.037,3374724
1788983793,7,0,0.179,3374724
1788983793,0,0,0.01,3374724
1788983793,2,0,0.003,3374724
1788983793,6,0,0.007,3374724
1788983794,4,0,0.927,3374724
1788983795,4,0,0.791,3374724
1788983795,6,0,0.008,3374724
1788983795,3,0,0.006,3374724
1788983796,4,0,1.607,3374724
1788983799,4,0,2.203,3374724
1788983799,1,0,0.002,3374724
1788983799,0,0,0.004,3374724
1788983800,4,0,1.623,3374724
1788983800,6,0,0.006,3374724
1788983800,3,0,0.064,3374724
1788983801,4,0,0.99,3374724
1788983804,2,0,2.123,3374724
1788983804,3,0,0.059,3374724
1788983805,4,0,1.407,3374724
1788983805,3,0,0.084,3374724
1788983805,5,0,0.125,3374724
1788983806,4,0,1.182,3374724
1788983806,6,0,0.007,3374724
1788983806,1,0,0.002,3374724
1788983806,1,0,0.001,3374724
1788983809,4,0,2.457,3374724
1788983809,0,0,0.008,3374724
1788983809,6,0,0.008,3374724
1788983809,2,0,0.001,3374724
1788983810,4,0,1.126,3374724
1788983810,1,0,0.001,3374724
1788983810,2,0,0.002,3374724
1788983810,0,0,0.007,3374724
1788983810,2,0,0.003,3374724
1788983811,4,0,1.474,3374724
1788983811,2,0,0.004,3374724
1788983812,7,0,0.175,3374724
1788983812,3,0,0.074,3374724
1788983812,3,0,0.003,3374724
1788983812,3,0,0.05,3374724
1788983814,4,0,2.252,3374724
1788983814,0,0,0.004,3374724
1788983814,0,0,0.057,3374724
1788983814,7,0,0.182,3374724
1788983814,2,0,0.003,3374724
1788983817,4,0,2.665,3374724
1788983817,6,0,0.008,3374724
1788983818,4,0,1.047,3374724
1788983818,3,0,0.079,3374724
1788983818,6,0,0.003,3374724
1788983818,6,0,0.007,3374724
1788983818,2,0,0.003,3374724
1788983818,0,0,0.006,3374724
1788983818,6,0,0.006,3374724
1788983818,3,0,0.05,3374724
1788983818,2,0,0.001,3374724
1788983819,2,0,1.331,3374724
1788983820,4,0,0.929,3374724
1788983823,4,0,2.421,3374724
1788983824,2,0,1.29,3374724
1788983825,4,0,1.388,3374724
1788983826,3,0,0.063,3374724
1788983826,6,0,0.007,3374724
1788983828,4,0,2.1,3374724
1788983828,2,0,0.003,3374724
1788983828,1,0,0.002,3374724
1788983829,4,0,1.545,3374724
1788983829,3,0,0.062,3374724
1788983831,4,0,1.334,3374724
1788983831,3,0,0.033,3374724
1788983831,3,0,0.037,3374724
1788983831,0,0,0.005,3374724
1788983832,4,0,1.348,3374724
1788983832,6,0,0.006,3374724
1788983832,7,0,0.168,3374724
1788983833,2,0,1.024,3374724
1788983834,4,0,1.167,3374724
1788983834,3,0,0.093,3374724
1788983836,2,0,1.943,3374724
1788983837,4,0,1.045,3374724
1788983839,4,0,1.878,3374724
1788983839,3,0,0.084,3374724
1788983839,0,0,0.007,3374724
1788983839,2,0,0.002,3374724
1788983840,3,0,0.086,3374724
1788983840,6,0,0.006,3374724
1788983840,0,0,0.011,3374724
1788983843,4,0,3.057,3374724
1788983843,6,0,0.008,3374724
1788983843,3,0,0.055,3374724
1788983843,3,0,0.038,3374724
1788983843,0,0,0.015,3374724
1788983843,5,0,0.121,3374724
1788983843,3,0,0.08,3374724
1788983843,7,0,0.164,3374724
1788983852,5,0,9.082,3374724
1788983852,3,0,0.012,3374724
1788983854,4,0,1.666,3374724
1788983854,3,0,0.007,3374724
1788983854,0,0,0.013,3374724
1788983854,3,0,0.064,3374724
1788983854,0,0,0.01,3374724
1788983854,2,0,0.003,3374724
1788983854,3,0,0.033,3374724
1788983856,5,0,1.858,3374724
1788983856,6,0,0.01,3374724
1788983856,6,0,0.005,3374724
1788983856,0,0,0.012,3374724
1788983856,6,0,0.007,3374724
1788983856,3,0,0.089,3374724
1788983856,2,0,0.002,3374724
1788983856,2,0,0.003,3374724
1788983858,5,0,1.987,3374724
1788983858,2,0,0.003,3374724
1788983858,2,0,0.004,3374724
1788983859,2,0,1.275,3374724
1788983861,4,0,1.574,3374724
1788983861,6,0,0.01,3374724
1788983861,0,0,0.007,3374724
1788983861,2,0,0.002,3374724
1788983862,4,0,1.28,3374724
1788983863,4,0,0.993,3374724
1788983864,4,0,0.973,3374724
1788983864,2,0,0.002,3374724
1788983866,4,0,1.595,3374724
1788983866,1,0,0.002,3374724
1788983867,4,0,1.561,3374724
1788983877,5,0,10.021,3374724
1788983878,4,0,1.202,3374724
1788983879,3,0,0.06,3374724
1788983879,6,0,0.008,3374724
1788983880,5,0,1.425,3374724
1788983880,0,0,0.005,3374724
1788983880,0,0,0.011,3374724
1788983880,0,0,0.012,3374724
1788983881,4,0,1.396,3374724
1788983881,6,0,0.007,3374724
1788983881,1,0,0.002,3374724
1788983881,0,0,0.015,3374724
1788983881,6,0,0.008,3374724
1788983884,4,0,2.911,3374724
1788983884,0,0,0.007,3374724
1788983886,4,0,1.667,3374724
1788983886,3,0,0.07,3374724
1788983888,4,0,1.549,3374724
1788983888,5,0,0.124,3374724
1788983888,3,0,0.074,3374724
1788983888,0,0,0.011,3374724
1788983888,6,0,0.01,3374724
1788983889,5,0,1.404,3374724
1788983890,5,0,1.058,3374724
1788983890,6,0,0.007,3374724
1788983890,2,0,0.002,3374724
1788983890,3,0,0.006,3374724
1788983890,2,0,0.003,3374724
1788983893,4,0,2.596,3374724
1788983893,0,0,0.01,3374724
1788983895,4,0,2.151,3374724
1788983895,6,0,0.007,3374724
1788983895,3,0,0.008,3374724
1788983895,2,0,0.002,3374724
1788983895,0,0,0.006,3374724
1788983895,2,0,0.003,3374724
1788983895,0,0,0.014,3374724
1788983895,6,0,0.01,3374724
1788983898,4,0,2.911,3374724
1788983898,3,0,0.049,3374724
1788983898,6,0,0.004,3374724
1788983898,5,0,0.113,3374724
1788983898,2,0,0.005,3374724
1788983898,1,0,0.001,3374724
1788983898,3,0,0.057,3374724
1788983898,3,0,0.064,3374724
1788983901,4,0,3.15,3374724
1788983904,4,0,2.307,3374724
1788983904,1,0,0.001,3374724
1788983904,0,0,0.007,3374724
1788983904,3,0,0.008,3374724
1788983905,2,0,0.92,3374724
1788983905,6,0,0.007,3374724
1788983905,3,0,0.067,3374724
1788983907,5,0,1.982,3374724
1788983907,3,0,0.074,3374724
1788983908,2,0,1.094,3374724
1788983909,7,0,1.391,3374724
1788983911,4,0,1.772,3374724
1788983913,4,0,1.591,3374724
1788983913,0,0,0.01,3374724
1788983913,3,0,0.057,3374724
1788983917,4,0,4.17,3374724
1788983918,4,0,1.419,3374724
1788983920,2,0,1.186,3374724
1788983920,0,0,0.008,3374724
1788983920,3,0,0.05,3374724
1788983920,0,0,0.014,3374724
1788983921,4,0,1.477,3374724
1788983922,4,0,0.728,3374724
1788983922,1,0,0.002,3374724
1788983922,6,0,0.005,3374724
1788983922,0,0,0.015,3374724
1788983923,7,0,1.093,3374724
1788983923,2,0,0.003,3374724
1788983924,2,0,1.119,3374724
1788983924,0,0,0.004,3374724
1788983925,4,0,1.373,3374724
1788983927,4,0,1.211,3374724
1788983927,1,0,0.002,3374724
1788983927,3,0,0.035,3374724
1788983927,3,0,0.067,3374724
1788983927,3,0,0.039,3374724
1788983929,2,0,2.043,3374724
1788983930,4,0,0.765,3374724
1788983930,3,0,0.045,3374724
1788983930,2,0,0.003,3374724
1788983931,4,0,1.138,3374724
1788983932,2,0,1.552,3374724
1788983932,0,0,0.007,3374724
1788983933,4,0,0.956,3374724
1788983933,1,0,0.002,3374724
1788983935,5,0,1.396,3374724
1788983937,4,0,2.65,3374724
1788983937,2,0,0.001,3374724
1788983939,4,0,1.506,3374724
1788983939,1,0,0.001,3374724
1788983939,2,0,0.002,3374724
1788983939,2,0,0.004,3374724
1788983939,3,0,0.083,3374724
1788983939,5,0,0.118,3374724
1788983939,0,0,0.01,3374724
1788983939,6,0,0.008,3374724
1788983941,4,0,1.437,3374724
1788983941,5,0,0.129,3374724
1788983951,5,0,10.391,3374724
1788983951,6,1,0.006,3374724
1788983952,4,0,1.263,3374724
1788983952,0,0,0.007,3374724
1788983952,0,0,0.006,3374724
1788983952,6,0,0.012,3374724
1788983952,0,0,0.013,3374724
1788983952,0,0,0.006,3374724
1788983952,3,0,0.021,3374724
1788983952,6,0,0.007,3374724
1788983953,3,0,0.149,3374724
1788983953,3,0,0.044,3374724
1788983953,2,0,0.003,3374724
1788983953,0,0,0.012,3374724
1788983953,0,0,0.011,3374724
1788983953,1,0,0.002,3374724
1788983953,4,0,0.878,3374724
1788983954,4,0,0.827,3374724
1788983954,1,0,0.001,3374724
1788983954,3,0,0.003,3374724
1788983954,1,0,0.001,3374724
1788983954,3,0,0.048,3374724
1788983954,0,0,0.006,3374724
1788983954,1,0,0.001,3374724
1788983954,0,0,0.003,3374724
1788983956,4,0,1.747,3374724
1788983965,5,0,9.288,3374724
1788983965,0,0,0.012,3374724
1788983967,2,0,1.375,3374724
1788983967,5,0,0.121,3374724
1788983978,5,0,10.707,3374724
1788983978,6,0,0.009,3374724
1788983979,2,0,1.631,3374724
1788983979,6,0,0.006,3374724
1788983983,5,0,3.419,3374724
1788983983,0,0,0.013,3374724
1788983984,4,0,0.98,3374724
1788983985,4,0,1.45,3374724
1788983985,6,0,0.006,3374724
1788983985,6,0,0.006,3374724
1788983985,2,0,0.003,3374724
1788983985,3,0,0.01,3374724
1788983985,2,0,0.002,3374724
1788983985,1,0,0.002,3374724
1788983986,2,0,0.514,3374724
1788983986,3,0,0.028,3374724
1788983989,4,0,3.213,3374724
1788983991,5,0,2.028,3374724
1788983991,3,0,0.007,3374724
1788983993,4,0,1.842,3374724
1788983994,4,0,1.191,3374724
1788983994,3,0,0.045,3374724
1788983994,1,0,0.001,3374724
1788983998,4,0,3.993,3374724
1788983998,0,0,0.014,3374724
1788983998,1,0,0,3374724
1788983998,0,0,0.012,3374724
1788984009,5,0,10.744,3374724
1788984009,7,0,0.182,3374724
1788984009,3,0,0.042,3374724
1788984010,4,0,0.972,3374724
1788984011,4,0,1.305,3374724
1788984011,3,0,0.007,3374724
1788984011,2,0,0.002,3374724
1788984011,6,0,0.007,3374724
1788984011,6,0,0.004,3374724
1788984013,2,0,1.824,3374724
1788984014,2,0,1.05,3374724
1788984016,4,0,2.061,3374724
1788984016,3,0,0.008,3374724
1788984016,0,0,0.009,3374724
1788984020,5,0,4.027,3374724
1788984022,4,0,1.652,3374724
1788984023,4,0,0.809,3374724
1788984024,2,0,0.892,3374724
1788984024,0,0,0.015,3374724
1788984025,2,0,1.232,3374724
1788984034,5,0,9.403,3374724
1788984034,6,0,0.006,3374724
1788984034,2,0,0.003,3374724
1788984034,2,0,0.003,3374724
1788984034,2,0,0.002,3374724
1788984034,6,0,0.009,3374724
1788984034,2,0,0.003,3374724
1788984034,6,0,0.006,3374724
1788984043,5,0,8.613,3374724
1788984052,5,0,9.297,3374724
1788984056,2,0,4.07,3374724
1788984057,4,0,1.004,3374724
1788984057,1,0,0.001,3374724
1788984057,0,0,0.011,3374724
1788984060,4,0,2.178,3374724
1788984060,4,0,0.863,3374724
1788984060,3,0,0.01,3374724
1788984062,4,0,1.807,3374724
1788984062,3,0,0.006,3374724
1788984062,0,0,0.012,3374724
1788984062,1,0,0.001,3374724
1788984062,0,0,0.006,3374724
1788984062,0,0,0.015,3374724
1788984062,0,0,0.014,3374724
1788984062,3,0,0.086,3374724
1788984062,0,0,0.01,3374724
1788984062,3,0,0.008,3374724
1788984062,3,0,0.052,3374724
1788984062,3,0,0.024,3374724
1788984063,2,0,0.996,3374724
1788984065,4,0,1.844,3374724
1788984067,2,0,1.91,3374724
1788984067,3,0,0.061,3374724
1788984067,3,0,0.008,3374724
1788984067,0,0,0.017,3374724
1788984067,0,0,0.01,3374724
1788984067,6,0,0.006,3374724
1788984069,4,0,1.764,3374724
1788984069,2,0,0.001,3374724
1788984069,0,0,0.008,3374724
1788984069,0,0,0.009,3374724
1788984069,0,0,0.011,3374724
1788984073,4,0,3.617,3374724
1788984073,3,0,0.083,3374724
1788984073,3,0,0.039,3374724
1788984073,3,0,0.076,3374724
1788984073,6,0,0.007,3374724
1788984073,3,0,0.077,3374724
1788984077,4,0,4.103,3374724
1788984077,0,0,0.004,3374724
1788984077,3,0,0.059,3374724
1788984077,3,0,0.082,3374724
1788984077,1,0,0.001,3374724
1788984079,2,0,1.433,3374724
1788984081,4,0,2.079,3374724
1788984081,3,0,0.009,3374724
1788984081,3,0,0.103,3374724
1788984082,5,0,0.85,3374724
1788984083,4,0,1.542,3374724
1788984083,3,0,0.039,3374724
1788984083,0,0,0.009,3374724
1788984083,0,0,0.008,3374724
1788984085,4,0,1.72,3374724
1788984085,3,0,0.069,3374724
1788984085,3,0,0.108,3374724
1788984085,3,0,0.044,3374724
1788984087,5,0,1.702,3374724
1788984090,2,0,3.204,3374724
1788984090,6,0,0.009,3374724
1788984090,3,0,0.014,3374724
1788984091,2,0,0.885,3374724
1788984091,0,0,0.01,3374724
1788984094,4,0,2.504,3374724
1788984095,4,0,1.127,3374724
1788984095,6,0,0.009,3374724
1788984095,5,0,0.125,3374724
1788984095,0,0,0.01,3374724
1788984097,4,0,2.586,3374724
1788984097,3,0,0.061,3374724
1788984097,2,0,0.005,3374724
1788984097,3,0,0.005,3374724
1788984098,3,0,0.006,3374724
1788984099,2,0,1.11,3374724
1788984099,3,0,0.054,3374724
1788984101,2,0,1.995,3374724
1788984101,0,0,0.008,3374724
1788984101,3,0,0.08,3374724
1788984101,0,0,0.01,3374724
1788984102,2,0,1.183,3374724
1788984102,0,0,0.006,3374724
1788984102,0,0,0.007,3374724
1788984102,3,0,0.014,3374724
1788984102,0,0,0.052,3374724
1788984103,4,0,0.496,3374724
1788984103,4,0,0.842,3374724
1788984114,5,0,10.989,3374724
1788984114,3,0,0.036,3374724
1788984114,0,0,0.013,3374724
1788984117,4,0,2.881,3374724
1788984118,4,0,1.137,3374724
1788984118,3,0,0.008,3374724
1788984121,4,0,2.13,3374724
1788984121,0,0,0.008,3374724
1788984122,4,0,1.68,3374724
1788984122,2,0,0.002,3374724
1788984123,4,0,0.884,3374724
1788984123,0,0,0.015,3374724
1788984125,4,0,2.075,3374724
1788984125,5,0,0.123,3374724
1788984127,7,0,1.568,3374724
1788984127,1,0,0.002,3374724
1788984130,4,0,2.912,3374724
1788984130,0,0,0.009,3374724
1788984130,2,0,0.003,3374724
1788984130,3,0,0.045,3374724
1788984131,4,0,1.234,3374724
1788984131,3,0,0.005,3374724
1788984131,6,0,0.007,3374724
1788984131,1,0,0,3374724
1788984131,6,0,0.006,3374724
1788984133,4,0,1.863,3374724
1788984134,4,0,0.845,3374724
1788984134,0,0,0.01,3374724
1788984134,1,0,0,3374724
1788984134,6,0,0.014,3374724
1788984134,5,0,0.124,3374724
1788984135,4,0,1.144,3374724
1788984135,2,0,0.004,3374724
1788984135,3,0,0.005,3374724
1788984135,0,0,0.005,3374724
1788984137,2,0,1.577,3374724
1788984146,5,0,9.636,3374724
1788984146,3,0,0.008,3374724
1788984146,6,0,0.009,3374724
1788984146,3,0,0.099,3374724
1788984146,0,0,0.009,3374724
1788984146,6,0,0.007,3374724
1788984147,3,0,0.065,3374724
1788984147,0,0,0.01,3374724
1788984147,0,0,0.008,3374724
1788984148,2,0,1.382,3374724
1788984148,3,0,0.008,3374724
1788984148,5,0,0.124,3374724
1788984148,3,0,0.009,3374724
1788984161,5,0,12.884,3374724
1788984163,4,0,2.285,3374724
1788984163,5,0,0.126,3374724
1788984163,0,0,0.009,3374724
1788984163,0,0,0.011,3374724
1788984165,4,0,1.799,3374724
1788984165,0,0,0.011,3374724
1788984165,7,0,0.178,3374724
1788984167,4,0,1.712,3374724
1788984169,7,0,2.255,3374724
1788984169,2,0,0.002,3374724
1788984169,0,0,0.014,3374724
1788984169,1,0,0.001,3374724
1788984169,3,0,0.089,3374724
1788984169,0,0,0.007,3374724
1788984169,6,0,0.008,3374724
1788984171,4,0,1.495,3374724
1788984174,5,0,2.553,3374724
1788984176,2,0,2.025,3374724
1788984177,5,0,1.409,3374724
1788984178,4,0,0.823,3374724
1788984178,0,0,0.015,3374724
1788984178,6,0,0.007,3374724
1788984178,3,0,0.092,3374724
1788984178,6,0,0.008,3374724
1788984178,6,0,0.004,3374724
1788984178,0,0,0.008,3374724
1788984178,0,0,0.01,3374724
1788984179,2,0,1.173,3374724
1788984191,7,0,11.716,3374724
1788984191,6,0,0.007,3374724
1788984191,6,0,0.005,3374724
1788984201,5,0,10.455,3374724
1788984201,3,0,0.062,3374724
1788984202,4,0,0.981,3374724
1788984202,2,0,0.003,3374724
1788984202,6,0,0.009,3374724
1788984206,4,0,3.577,3374724
1788984206,6,0,0.006,3374724
1788984207,4,0,1.35,3374724
1788984210,4,0,2.327,3374724
1788984210,0,0,0.009,3374724
1788984210,1,0,0.002,3374724
1788984211,4,0,1.483,3374724
1788984212,4,0,1.093,3374724
1788984212,0,0,0.012,3374724
1788984213,4,0,0.901,3374724
1788984213,6,0,0.009,3374724
1788984213,3,0,0.005,3374724
1788984213,0,0,0.015,3374724
1788984213,1,0,0,3374724
1788984214,4,0,0.977,3374724
1788984216,4,0,1.61,3374724
1788984216,1,0,0.001,3374724
1788984216,2,0,0.003,3374724
1788984216,6,0,0.008,3374724
1788984216,6,0,0.005,3374724
1788984216,3,0,0.074,3374724
1788984216,0,0,0.008,3374724
1788984217,4,0,0.971,3374724
1788984217,1,0,0,3374724
1788984217,3,0,0.038,3374724
1788984217,7,0,0.167,3374724
1788984217,3,0,0.048,3374724
1788984217,6,0,0.008,3374724
1788984217,3,0,0.061,3374724
1788984219,5,0,1.849,3374724
1788984219,6,0,0.009,3374724
1788984219,5,0,0.12,3374724
1788984219,3,0,0.081,3374724
1788984219,6,0,0.006,3374724
1788984219,2,0,0.003,3374724
1788984219,1,0,0.001,3374724
1788984219,7,0,0.178,3374724
1788984219,0,0,0.008,3374724
1788984221,5,0,1.35,3374724
1788984221,2,0,0.002,3374724
1788984221,3,0,0.01,3374724
1788984221,2,0,0.001,3374724
1788984223,4,0,1.965,3374724
1788984225,2,0,2.364,3374724
1788984225,3,0,0.014,3374724
1788984225,1,0,0.001,3374724
1788984225,6,0,0.007,3374724
1788984229,4,0,4.032,3374724
1788984229,0,0,0.008,3374724
1788984232,5,0,2.808,3374724
1788984232,1,0,0.001,3374724
1788984232,2,0,0.002,3374724
1788984232,3,0,0.013,3374724
1788984232,1,0,0.001,3374724
1788984233,2,0,1.428,3374724
1788984233,0,0,0.013,3374724
1788984233,2,0,0.002,3374724
1788984233,0,0,0.01,3374724
1788984234,4,0,0.986,3374724
1788984236,2,0,1.719,3374724
1788984236,1,0,0.001,3374724
1788984236,3,0,0.003,3374724
1788984236,3,0,0.004,3374724
1788984237,4,0,1.247,3374724
1788984237,6,0,0.006,3374724
1788984238,5,0,0.914,3374724
1788984239,2,0,1.075,3374724
1788984239,3,0,0.046,3374724
1788984239,0,0,0.008,3374724
1788984239,6,0,0.009,3374724
1788984242,5,0,2.316,3374724
1788984243,4,0,1.51,3374724
1788984243,1,0,0,3374724
1788984243,0,0,0.004,3374724
1788984244,2,0,0.944,3374724
1788984244,3,0,0.008,3374724
1788984244,6,1,0.005,3374724
1788984244,2,0,0.002,3374724
1788984245,4,0,0.972,3374724
1788984245,6,0,0.005,3374724
1788984245,0,0,0.006,3374724
1788984245,1,0,0.001,3374724
1788984245,2,0,0.004,3374724
1788984245,3,0,0.058,3374724
1788984246,4,0,0.759,3374724
1788984246,3,0,0.029,3374724
1788984246,0,0,0.014,3374724
1788984246,3,0,0.011,3374724
1788984248,2,0,1.554,3374724
1788984248,0,0,0.015,3374724
1788984248,3,0,0.101,3374724
1788984250,2,0,1.759,3374724
1788984250,0,0,0.009,3374724
1788984250,0,0,0.012,3374724
1788984250,6,0,0.008,3374724
1788984260,5,0,10.618,3374724
1788984261,2,0,1.004,3374724
1788984261,1,0,0.002,3374724
1788984261,3,0,0.068,3374724
1788984261,0,0,0.01,3374724
1788984261,3,0,0.011,3374724
1788984261,3,0,0.058,3374724
1788984261,2,0,0.002,3374724
1788984261,0,0,0.016,3374724
1788984261,0,0,0.008,3374724
1788984261,3,0,0.063,3374724
1788984263,4,0,1.234,3374724
1788984263,6,0,0.01,3374724
1788984263,5,0,0.705,3374724
1788984264,4,0,0.672,3374724
1788984264,6,0,0.006,3374724
1788984265,4,0,0.891,3374724
1788984266,4,0,1.453,3374724
1788984266,2,0,0.003,3374724
1788984266,3,0,0.003,3374724
1788984266,3,0,0.076,3374724
1788984267,3,0,0.043,3374724
1788984267,1,0,0.001,3374724
1788984267,6,0,0.006,3374724
1788984268,4,0,1.016,3374724
1788984268,3,0,0.054,3374724
1788984268,3,0,0.058,3374724
1788984268,1,0,0.001,3374724
1788984270,2,0,2.027,3374724
1788984270,6,0,0.006,3374724
1788984270,0,0,0.01,3374724
1788984270,6,0,0.007,3374724
1788984274,4,0,4.514,3374724
1788984274,1,0,0.001,3374724
1788984275,4,0,1.179,3374724
1788984275,3,0,0.008,3374724
1788984278,4,0,2.297,3374724
1788984278,3,0,0.056,3374724
1788984278,0,0,0.007,3374724
1788984278,3,0,0.01,3374724
1788984278,3,0,0.048,3374724
1788984278,3,0,0.085,3374724
1788984278,2,0,0.004,3374724
1788984278,3,0,0.005,3374724
1788984280,4,0,2.437,3374724
1788984281,4,0,1.029,3374724
1788984283,4,0,1.38,3374724
1788984283,1,0,0.001,3374724
1788984283,3,0,0.063,3374724
1788984283,6,0,0.008,3374724
1788984283,6,0,0.011,3374724
1788984284,4,0,0.894,3374724
1788984284,1,0,0.001,3374724
1788984284,6,0,0.011,3374724
1788984284,6,0,0.006,3374724
1788984285,4,0,1.27,3374724
1788984285,0,0,0.012,3374724
1788984288,4,0,2.51,3374724
1788984289,2,0,1.782,3374724
1788984293,4,0,4.008,3374724
1788984297,5,0,4.029,3374724
1788984297,0,0,0.003,3374724
1788984297,1,0,0.001,3374724
1788984297,0,0,0.006,3374724
1788984297,3,0,0.08,3374724
1788984297,0,0,0.008,3374724
1788984302,5,0,4.215,3374724
1788984302,6,0,0.006,3374724
1788984303,2,0,0.904,3374724
1788984304,2,0,1.873,3374724
1788984306,4,0,2.033,3374724
1788984310,4,0,3.067,3374724
1788984310,2,0,0.004,3374724
1788984310,3,0,0.078,3374724
1788984311,4,0,0.998,3374724
1788984311,3,0,0.014,3374724
1788984311,0,0,0.008,3374724
1788984313,5,0,2.162,3374724
1788984313,2,0,0.009,3374724
1788984315,2,0,1.763,3374724
1788984315,0,0,0.009,3374724
1788984315,0,0,0.014,3374724
1788984316,2,0,0.953,3374724
1788984317,4,0,1.043,3374724
1788984317,3,0,0.068,3374724
1788984317,2,0,0.004,3374724
1788984318,4,0,1.752,3374724
1788984318,2,0,0.004,3374724
1788984319,4,0,0.822,3374724
1788984319,3,0,0.056,3374724
1788984320,4,0,1.134,3374724
1788984320,6,0,0.009,3374724
1788984320,0,0,0.005,3374724
1788984321,3,0,0.081,3374724
1788984321,3,0,0.091,3374724
1788984323,2,0,1.995,3374724
1788984324,4,0,1.645,3374724
1788984324,3,0,0.004,3374724
1788984324,0,0,0.015,3374724
1788984324,0,0,0.013,3374724
1788984325,2,0,0.674,3374724
1788984326,4,0,0.923,3374724
1788984326,3,0,0.048,3374724
1788984328,4,0,1.797,3374724
1788984329,4,0,1.465,3374724
1788984330,2,0,1.039,3374724
1788984341,5,0,10.551,3374724
1788984341,3,0,0.048,3374724
1788984345,4,0,3.699,3374724
1788984349,2,0,4.228,3374724
1788984358,5,0,9.446,3374724
1788984358,3,0,0.031,3374724
1788984360,4,0,1.654,3374724
1788984360,3,0,0.015,3374724
1788984360,3,0,0.005,3374724
1788984360,0,0,0.014,3374724
1788984360,0,0,0.007,3374724
1788984360,3,0,0.06,3374724
1788984360,6,0,0.01,3374724
1788984360,5,0,0.132,3374724
1788984360,6,0,0.009,3374724
1788984360,3,0,0.07,3374724
1788984360,6,0,0.008,3374724
1788984360,0,0,0.006,3374724
1788984360,1,0,0.002,3374724
1788984360,0,0,0.01,3374724
1788984370,5,0,9.466,3374724
1788984371,2,0,1.097,3374724
1788984371,0,0,0.006,3374724
1788984371,2,0,0.003,3374724
1788984373,2,0,2.036,3374724
1788984375,4,0,2.092,3374724
1788984375,5,0,0.121,3374724
1788984375,0,0,0.006,3374724
1788984375,2,0,0.002,3374724
1788984377,2,0,1.492,3374724
1788984377,2,0,0.002,3374724
1788984377,4,0,0.829,3374724
1788984379,4,0,2.04,3374724
1788984379,6,0,0.01,3374724
1788984379,6,0,0.006,3374724
1788984379,3,0,0.015,3374724
1788984381,2,0,1.188,3374724
1788984381,2,0,0.001,3374724
1788984381,1,0,0.001,3374724
1788984381,6,0,0.005,3374724
1788984381,0,0,0.005,3374724
1788984382,4,0,1.127,3374724
1788984382,6,0,0.008,3374724
1788984393,7,0,11.596,3374724
1788984393,3,0,0.073,3374724
1788984394,0,0,0.013,3374724
1788984394,3,0,0.013,3374724
1788984396,4,0,2.48,3374724
1788984396,1,0,0.002,3374724
1788984397,4,0,0.757,3374724
1788984397,0,0,0.009,3374724
1788984397,3,0,0.051,3374724
1788984397,1,0,0.001,3374724
1788984397,1,0,0.001,3374724
1788984397,0,0,0.004,3374724
1788984397,7,0,0.178,3374724
1788984397,0,0,0.009,3374724
1788984397,0,0,0.014,3374724
1788984397,6,0,0.009,3374724
1788984410,5,0,12.553,3374724
1788984410,3,0,0.07,3374724
1788984410,0,0,0.012,3374724
1788984410,6,0,0.007,3374724
1788984411,4,0,1.286,3374724
1788984411,0,0,0.016,3374724
1788984411,6,0,0.006,3374724
1788984411,1,0,0.001,3374724
1788984412,4,0,1.135,3374724
1788984413,4,0,1.075,3374724
1788984413,2,0,0.002,3374724
1788984413,3,0,0.012,3374724
1788984413,2,0,0.002,3374724
1788984413,6,0,0.009,3374724
1788984413,0,0,0.013,3374724
1788984413,3,0,0.008,3374724
1788984413,0,0,0.006,3374724
1788984414,4,0,1.187,3374724
1788984414,0,0,0.012,3374724
1788984416,2,0,1.197,3374724
1788984417,4,0,0.895,3374724
1788984418,4,0,1.442,3374724
1788984418,5,0,0.128,3374724
1788984418,3,0,0.068,3374724
1788984418,2,0,0.003,3374724
1788984418,2,0,0.001,3374724
1788984418,3,0,0.071,3374724
1788984420,4,0,1.467,3374724
1788984421,4,0,1.485,3374724
1788984430,5,0,9.184,3374724
1788984431,4,0,1.047,3374724
1788984433,2,0,1.683,3374724
1788984433,3,0,0.07,3374724
1788984433,3,0,0.083,3374724
1788984433,6,0,0.007,3374724
1788984433,1,0,0.001,3374724
1788984433,0,0,0.011,3374724
1788984435,4,0,2.08,3374724
1788984435,3,0,0.088,3374724
1788984437,4,0,1.72,3374724
1788984439,2,0,1.582,3374724
1788984439,5,0,0.117,3374724
1788984441,4,0,2.298,3374724
1788984441,0,0,0.009,3374724
1788984442,4,0,0.758,3374724
1788984442,0,0,0.006,3374724
1788984442,3,0,0.082,3374724
1788984443,4,0,1.255,3374724
1788984443,6,0,0.005,3374724
1788984445,4,0,1.427,3374724
1788984445,3,0,0.008,3374724
1788984446,4,0,1.709,3374724
1788984450,2,0,3.53,3374724
1788984450,5,0,0.121,3374724
1788984459,5,0,9.171,3374724
1788984459,3,0,0.097,3374724
1788984459,3,0,0.044,3374724
1788984459,6,0,0.007,3374724
1788984459,3,0,0.011,3374724
1788984459,0,0,0.012,3374724
1788984459,3,0,0.055,3374724
1788984469,7,0,9.368,3374724
1788984470,4,0,1.113,3374724
1788984471,2,0,0.766,3374724
1788984471,6,0,0.006,3374724
1788984473,5,0,2.472,3374724
1788984476,7,0,2.361,3374724
1788984477,4,0,1.18,3374724
1788984477,7,0,0.179,3374724
1788984478,2,0,1.077,3374724
1788984480,4,0,1.567,3374724
1788984480,2,0,0.001,3374724
1788984481,4,0,1.091,3374724
1788984481,3,0,0.041,3374724
1788984489,5,0,8.526,3374724
1788984489,0,0,0.006,3374724
1788984489,6,0,0.009,3374724
1788984489,0,0,0.003,3374724
1788984489,2,0,0.003,3374724
1788984497,5,0,8.071,3374724
1788984497,5,0,0.124,3374724
1788984497,3,0,0.003,3374724
1788984499,4,0,1.499,3374724
1788984499,3,0,0.004,3374724
1788984499,5,0,0.105,3374724
1788984499,3,0,0.066,3374724
1788984499,2,0,0.002,3374724
1788984501,5,0,2.304,3374724
1788984501,3,0,0.009,3374724
1788984502,5,0,1.049,3374724
1788984504,7,0,1.117,3374724
1788984504,0,0,0.014,3374724
1788984514,5,0,10.8,3374724
1788984514,1,0,0.002,3374724
1788984514,3,0,0.015,3374724
1788984514,3,0,0.008,3374724
1788984516,4,0,1.656,3374724
1788984516,0,0,0.009,3374724
1788984516,2,0,0.004,3374724
1788984518,4,0,1.775,3374724
1788984519,4,0,1.241,3374724
1788984519,6,0,0.011,3374724
1788984529,5,0,9.672,3374724
1788984529,1,0,0.002,3374724
1788984529,3,0,0.087,3374724
1788984530,4,0,1.429,3374724
1788984530,2,0,0.003,3374724
1788984530,3,0,0.041,3374724
1788984532,4,0,1.53,3374724
1788984540,7,0,7.762,3374724
1788984540,3,0,0.065,3374724
1788984541,4,0,1,3374724
1788984543,2,0,2.526,3374724
1788984543,6,0,0.006,3374724
1788984543,6,0,0.006,3374724
1788984543,3,0,0.072,3374724
1788984544,4,0,0.813,3374724
1788984544,6,0,0.008,3374724
1788984544,6,0,0.007,3374724
1788984544,3,0,0.081,3374724
1788984545,4,0,0.949,3374724
1788984545,1,0,0.001,3374724
1788984547,5,0,1.633,3374724
1788984547,2,0,0.004,3374724
1788984547,7,0,0.171,3374724
1788984548,4,0,1.118,3374724
1788984550,4,0,2.359,3374724
1788984551,3,0,0.086,3374724
1788984554,4,0,3.205,3374724
1788984554,0,0,0.017,3374724
1788984555,2,0,0.998,3374724
1788984555,1,0,0.001,3374724
1788984563,5,0,8.691,3374724
1788984564,3,0,0.009,3374724
1788984564,2,0,0.001,3374724
1788984567,4,0,3.852,3374724
1788984567,6,0,0.009,3374724
1788984572,5,0,4.616,3374724
1788984572,3,0,0.047,3374724
1788984572,6,0,0.006,3374724
1788984572,1,0,0.001,3374724
1788984572,2,0,0.002,3374724
1788984572,0,0,0.009,3374724
1788984572,2,0,0.002,3374724
1788984572,0,0,0.01,3374724
1788984572,2,0,0.003,3374724
1788984572,3,0,0.005,3374724
1788984573,4,0,0.957,3374724
1788984574,4,0,1.263,3374724
1788984574,6,0,0.007,3374724
1788984577,4,0,2.647,3374724
1788984577,0,0,0.011,3374724
1788984577,1,0,0.001,3374724
1788984578,4,0,1.037,3374724
1788984578,0,0,0.014,3374724
1788984578,1,0,0.001,3374724
1788984578,3,0,0.084,3374724
1788984578,7,0,0.177,3374724
1788984578,6,0,0.005,3374724
1788984580,2,0,1.31,3374724
1788984580,6,0,0.007,3374724
1788984580,0,0,0.015,3374724
1788984580,4,0,0.84,3374724
1788984580,3,0,0.04,3374724
1788984581,3,0,0.076,3374724
1788984581,6,0,0.006,3374724
1788984585,4,0,4.101,3374724
1788984585,2,0,0.002,3374724
1788984585,6,0,0.007,3374724
1788984585,6,0,0.009,3374724
1788984585,0,0,0.017,3374724
1788984585,0,0,0.004,3374724
1788984585,0,0,0.006,3374724
1788984585,3,0,0.089,3374724
1788984586,4,0,1.291,3374724
1788984586,3,0,0.056,3374724
1788984586,3,0,0.004,3374724
1788984586,0,0,0.009,3374724
1788984586,5,0,0.158,3374724
1788984586,6,0,0.007,3374724
1788984586,3,0,0.083,3374724
1788984586,0,0,0.008,3374724
1788984586,3,0,0.054,3374724
1788984587,3,0,0.047,3374724
1788984587,3,0,0.033,3374724
1788984587,2,0,0.003,3374724
1788984587,2,0,0.003,3374724
1788984591,4,0,4.449,3374724
1788984591,6,0,0.006,3374724
1788984591,0,0,0.013,3374724
1788984593,4,0,1.708,3374724
1788984594,4,0,1.556,3374724
1788984594,3,0,0.078,3374724
1788984595,4,0,0.968,3374724
1788984595,3,0,0.01,3374724
1788984597,4,0,1.549,3374724
1788984597,2,0,0.003,3374724
1788984597,3,0,0.06,3374724
1788984597,2,0,0.002,3374724
1788984597,3,0,0.067,3374724
1788984597,0,0,0.006,3374724
1788984599,4,0,1.606,3374724
1788984599,4,0,0.837,3374724
1788984601,4,0,1.396,3374724
1788984611,5,0,10.25,3374724
1788984612,5,0,1.119,3374724
1788984616,7,0,3.925,3374724
1788984616,6,0,0.009,3374724
1788984616,2,0,0.001,3374724
1788984616,2,0,0.003,3374724
1788984618,4,0,1.41,3374724
1788984618,0,0,0.013,3374724
1788984618,3,0,0.054,3374724
1788984619,4,0,1.362,3374724
1788984620,5,0,1.014,3374724
1788984622,2,0,1.711,3374724
1788984623,4,0,1.234,3374724
1788984624,4,0,1.156,3374724
1788984628,2,0,3.782,3374724
1788984628,6,0,0.008,3374724
1788984630,5,0,1.958,3374724
1788984640,7,0,10.019,3374724
1788984641,4,0,1.474,3374724
1788984643,4,0,1.708,3374724
1788984643,6,0,0.005,3374724
1788984643,3,0,0.017,3374724
1788984643,3,0,0.062,3374724
1788984643,3,0,0.041,3374724
1788984643,3,0,0.005,3374724
1788984643,6,0,0.008,3374724
1788984643,3,0,0.084,3374724
1788984645,4,0,1.638,3374724
1788984646,4,0,1.061,3374724
1788984646,0,0,0.006,3374724
1788984646,3,0,0.063,3374724
1788984646,3,0,0.028,3374724
1788984646,1,0,0.002,3374724
1788984648,4,0,2.137,3374724
1788984648,0,0,0.009,3374724
1788984648,6,0,0.009,3374724
1788984650,2,0,1.481,3374724
1788984651,4,0,1.672,3374724
1788984660,5,0,8.719,3374724
1788984662,4,0,1.487,3374724
1788984663,4,0,1.84,3374724
1788984663,2,0,0.002,3374724
1788984665,4,0,1.394,3374724
1788984665,0,0,0.015,3374724
1788984665,3,0,0.067,3374724
1788984665,3,0,0.075,3374724
1788984665,3,0,0.06,3374724
1788984666,5,0,1.116,3374724
1788984666,0,0,0.043,3374724
1788984666,0,0,0.013,3374724
1788984668,4,0,1.457,3374724
1788984669,4,0,1.295,3374724
1788984671,4,0,2.02,3374724
1788984671,1,0,0.001,3374724
1788984671,6,0,0.008,3374724
1788984671,2,0,0.003,3374724
1788984671,2,0,0.003,3374724
1788984671,2,0,0.002,3374724
1788984671,0,0,0.013,3374724
1788984671,2,0,0.004,3374724
1788984671,5,0,0.123,3374724
1788984671,5,0,0.116,3374724
1788984671,0,0,0.013,3374724
1788984673,5,0,1.79,3374724
1788984673,6,0,0.008,3374724
1788984673,3,0,0.076,3374724
1788984676,4,0,2.631,3374724
1788984676,6,0,0.009,3374724
1788984676,3,0,0.076,3374724
1788984676,3,0,0.01,3374724
1788984676,3,0,0.005,3374724
1788984676,0,0,0.006,3374724
1788984677,4,0,1.062,3374724
1788984677,0,0,0.006,3374724
1788984677,3,0,0.047,3374724
1788984677,6,0,0.011,3374724
1788984677,3,0,0.037,3374724
1788984679,5,0,1.931,3374724
1788984679,3,0,0.042,3374724
1788984679,3,0,0.011,3374724
1788984679,0,0,0.011,3374724
1788984681,4,0,1.505,3374724
1788984684,5,0,3.67,3374724
1788984685,4,0,1.174,3374724
1788984695,7,0,9.433,3374724
1788984695,3,0,0.018,3374724
1788984695,6,0,0.007,3374724
1788984695,0,0,0.011,3374724
1788984697,4,0,1.963,3374724
1788984697,2,0,0.006,3374724
1788984705,5,0,8.064,3374724
1788984706,4,0,0.806,3374724
1788984706,0,0,0.013,3374724
1788984706,0,0,0.016,3374724
1788984706,1,0,0.001,3374724
1788984707,4,0,1.592,3374724
1788984707,3,0,0.004,3374724
1788984708,4,0,0.742,3374724
1788984708,3,0,0.009,3374724
1788984708,0,0,0.009,3374724
1788984708,0,0,0.005,3374724
1788984709,5,0,0.956,3374724
1788984710,4,0,1.371,3374724
1788984710,1,0,0.001,3374724
1788984710,0,0,0.01,3374724
1788984710,2,0,0.001,3374724
1788984710,6,0,0.009,3374724
1788984713,4,0,2.375,3374724
1788984714,4,0,1.095,3374724
1788984714,6,0,0.008,3374724
1788984716,4,0,2.372,3374724
1788984716,3,0,0.003,3374724
1788984718,4,0,1.855,3374724
1788984718,7,0,0.177,3374724
1788984720,2,0,1.502,3374724
1788984722,4,0,1.877,3374724
1788984724,2,0,1.812,3374724
1788984724,2,0,0.005,3374724
1788984726,4,0,2.135,3374724
1788984726,0,0,0.016,3374724
1788984726,3,0,0.055,3374724
1788984726,2,0,0.003,3374724
1788984726,2,0,0.004,3374724
1788984727,4,0,0.853,3374724
1788984727,0,0,0.007,3374724
1788984727,2,0,0.003,3374724
1788984727,1,0,0.001,3374724
1788984727,0,0,0.011,3374724
1788984728,4,0,1.66,3374724
1788984728,3,0,0.068,3374724
1788984730,4,0,1.182,3374724
1788984741,5,0,11.495,3374724
1788984741,3,0,0.056,3374724
1788984742,4,0,0.835,3374724
1788984742,6,0,0.009,3374724
1788984743,4,0,0.957,3374724
1788984743,0,0,0.006,3374724
1788984743,3,0,0.051,3374724
1788984743,2,0,0.003,3374724
1788984745,2,0,2.004,3374724
1788984745,5,0,0.123,3374724
1788984747,2,0,1.506,3374724
1788984747,3,0,0.01,3374724
1788984747,3,0,0.052,3374724
1788984757,5,0,10.224,3374724
1788984765,5,0,8.602,3374724
1788984767,4,0,1.071,3374724
1788984767,3,0,0.042,3374724
1788984769,4,0,2.306,3374724
1788984769,3,0,0.006,3374724
1788984772,4,0,3.038,3374724
1788984772,3,0,0.007,3374724
1788984773,2,0,0.83,3374724
1788984773,5,0,0.123,3374724
1788984773,0,0,0.013,3374724
1788984774,4,0,1.037,3374724
1788984774,6,0,0.007,3374724
1788984774,6,0,0.006,3374724
1788984774,6,0,0.005,3374724
1788984774,3,0,0.044,3374724
1788984777,5,0,3.105,3374724
1788984778,4,0,0.773,3374724
1788984779,4,0,0.852,3374724
1788984779,6,0,0.006,3374724
1788984779,0,0,0.007,3374724
1788984779,5,0,0.122,3374724
1788984779,0,0,0.007,3374724
1788984779,2,0,0.003,3374724
1788984779,6,0,0.007,3374724
1788984779,3,0,0.038,3374724
1788984779,0,0,0.012,3374724
1788984783,4,0,3.792,3374724
1788984784,2,0,1.132,3374724
1788984784,1,0,0.003,3374724
1788984785,4,0,1.21,3374724
1788984785,6,0,0.007,3374724
1788984786,4,0,1.045,3374724
1788984795,5,0,8.795,3374724
1788984795,6,0,0.009,3374724
1788984795,0,0,0.011,3374724
1788984795,3,0,0.058,3374724
1788984795,2,0,0.003,3374724
1788984795,3,0,0.057,3374724
1788984795,0,0,0.01,3374724
1788984796,4,0,1.399,3374724
1788984806,5,0,9.677,3374724
1788984808,2,0,1.566,3374724
1788984808,3,0,0.028,3374724
1788984808,6,0,0.008,3374724
1788984808,2,0,0.003,3374724
1788984809,4,0,1.135,3374724
1788984811,4,0,2.346,3374724
1788984811,0,0,0.014,3374724
1788984811,6,0,0.008,3374724
1788984814,4,0,2.596,3374724
1788984814,3,0,0.014,3374724
1788984815,2,0,1.364,3374724
1788984818,4,0,2.894,3374724
1788984818,6,0,0.007,3374724
1788984818,3,0,0.052,3374724
1788984829,7,0,10.747,3374724
1788984829,6,0,0.007,3374724
1788984830,4,0,1.314,3374724
1788984832,4,0,2.023,3374724
1788984832,3,0,0.009,3374724
1788984833,2,0,1.049,3374724
1788984836,4,0,2.672,3374724
1788984844,5,0,8.047,3374724
1788984844,3,0,0.061,3374724
1788984844,1,0,0.002,3374724
1788984844,6,0,0.007,3374724
1788984845,4,0,1.251,3374724
1788984845,3,0,0.075,3374724
1788984845,0,0,0.01,3374724
1788984845,2,0,0.003,3374724
1788984845,0,0,0.005,3374724
1788984845,1,0,0.001,3374724
1788984846,0,0,0.007,3374724
1788984846,3,0,0.008,3374724
1788984846,0,0,0.021,3374724
1788984846,6,0,0.007,3374724
1788984846,3,0,0.009,3374724
1788984846,6,0,0.009,3374724
1788984846,1,0,0.001,3374724
1788984846,0,0,0.005,3374724
1788984846,2,0,0.002,3374724
1788984846,6,0,0.011,3374724
1788984846,2,0,0.002,3374724
1788984847,4,0,1.373,3374724
1788984847,2,0,0.005,3374724
1788984847,6,0,0.008,3374724
1788984850,5,0,3.119,3374724
1788984852,4,0,2.304,3374724
1788984853,4,0,0.667,3374724
1788984853,0,0,0.004,3374724
1788984853,0,0,0.01,3374724
1788984855,2,0,1.948,3374724
1788984857,2,0,2.045,3374724
1788984860,4,0,3.245,3374724
1788984860,2,0,0.003,3374724
1788984860,6,0,0.006,3374724
1788984862,5,0,1.446,3374724
1788984869,5,0,7.257,3374724
1788984869,3,0,0.079,3374724
1788984869,3,0,0.003,3374724
1788984869,6,0,0.007,3374724
1788984871,4,0,2.103,3374724
1788984871,0,0,0.013,3374724
1788984872,2,0,1.268,3374724
1788984874,4,0,1.694,3374724
1788984879,4,0,4.316,3374724
1788984879,0,0,0.016,3374724
1788984880,5,0,1.053,3374724
1788984880,6,0,0.008,3374724
1788984880,2,0,0.003,3374724
1788984880,3,0,0.037,3374724
1788984881,4,0,1.002,3374724
1788984884,4,0,2.891,3374724
1788984884,4,0,0.948,3374724
1788984884,2,0,0.002,3374724
1788984885,3,0,0.069,3374724
1788984886,5,0,1.867,3374724
1788984886,6,0,0.009,3374724
1788984886,0,0,0.012,3374724
1788984886,0,0,0.011,3374724
1788984896,7,0,9.321,3374724
1788984896,4,0,0.722,3374724
1788984896,0,0,0.008,3374724
1788984896,0,0,0.013,3374724
1788984897,3,0,0.009,3374724
1788984898,4,0,1.333,3374724
1788984898,7,0,0.175,3374724
1788984898,5,0,0.127,3374724
1788984899,4,0,1.36,3374724
1788984902,5,0,2.81,3374724
1788984902,3,0,0.053,3374724
1788984902,1,0,0.002,3374724
1788984905,4,0,2.23,3374724
1788984905,1,0,0.001,3374724
1788984906,4,0,1.42,3374724
1788984906,1,0,0.001,3374724
1788984906,6,0,0.011,3374724
1788984906,0,0,0.006,3374724
1788984907,5,0,1.238,3374724
1788984917,5,0,9.254,3374724
1788984917,6,0,0.01,3374724
1788984917,4,0,0.933,3374724
1788984920,2,0,2.868,3374724
1788984922,4,0,1.573,3374724
1788984922,2,0,0.002,3374724
1788984923,4,0,0.949,3374724
1788984923,3,0,0.091,3374724
1788984923,6,0,0.007,3374724
1788984923,3,0,0.018,3374724
1788984925,4,0,2.265,3374724
1788984925,6,0,0.009,3374724
1788984925,3,0,0.011,3374724
1788984927,2,0,1.782,3374724
1788984929,4,0,1.874,3374724
1788984929,0,0,0.011,3374724
1788984929,6,0,0.006,3374724
1788984930,4,0,0.986,3374724
1788984931,4,0,1.447,3374724
1788984933,4,0,1.466,3374724
1788984933,0,0,0.008,3374724
1788984933,3,0,0.061,3374724
1788984933,0,0,0.014,3374724
1788984935,4,0,1.618,3374724
1788984935,0,0,0.008,3374724
1788984935,4,0,0.746,3374724
1788984937,4,0,1.315,3374724
1788984937,0,0,0.009,3374724
1788984937,3,0,0.039,3374724
1788984937,0,0,0.009,3374724
1788984937,5,0,0.124,3374724
1788984941,4,0,4.027,3374724
1788984941,2,0,0.003,3374724
1788984941,0,0,0.009,3374724
1788984942,2,0,1.343,3374724
1788984942,3,0,0.033,3374724
1788984942,3,0,0.004,3374724
1788984942,3,0,0.008,3374724
1788984944,4,0,1.518,3374724
1788984945,5,0,1.227,3374724
1788984946,5,0,1.409,3374724
1788984946,3,0,0.05,3374724
1788984947,4,0,0.924,3374724
1788984949,4,0,1.312,3374724
1788984952,2,0,2.875,3374724
1788984953,4,0,1.454,3374724
1788984963,5,0,9.814,3374724
1788984964,4,0,1.171,3374724
1788984964,3,0,0.046,3374724
1788984965,2,0,0.891,3374724
1788984965,0,0,0.009,3374724
1788984965,0,0,0.008,3374724
1788984965,3,0,0.004,3374724
1788984967,4,0,1.937,3374724
1788984968,2,0,0.985,3374724
1788984968,3,0,0.058,3374724
1788984969,2,0,0.872,3374724
1788984970,4,0,0.769,3374724
1788984970,3,0,0.01,3374724
1788984970,6,0,0.008,3374724
1788984971,7,0,1.143,3374724
1788984971,6,0,0.01,3374724
1788984971,3,0,0.074,3374724
1788984980,7,0,9.698,3374724
1788984980,2,0,0.005,3374724
1788984981,5,0,0.124,3374724
1788984981,1,0,0.002,3374724
1788984981,2,0,0.002,3374724
1788984982,5,0,1.321,3374724
1788984982,7,0,0.178,3374724
1788984982,0,0,0.01,3374724
1788984982,3,0,0.014,3374724
1788984982,0,0,0.008,3374724
1788984982,0,0,0.007,3374724
1788984982,3,0,0.083,3374724
1788984982,3,0,0.039,3374724
1788984982,2,0,0.003,3374724
1788984982,0,0,0.009,3374724
1788984983,4,0,0.71,3374724
1788984983,2,0,0.003,3374724
1788984985,4,0,1.759,3374724
1788984985,0,0,0.008,3374724
1788984985,3,0,0.006,3374724
1788984985,0,0,0.012,3374724
1788984987,5,0,1.762,3374724
1788984987,2,0,0.005,3374724
1788984988,4,0,1.194,3374724
1788984988,1,0,0.002,3374724
1788984988,0,0,0.009,3374724
1788984988,2,0,0.003,3374724
1788984988,6,0,0.008,3374724
1788984988,6,0,0.009,3374724
1788984992,5,0,4.324,3374724
1788984993,4,0,1.129,3374724
1788984994,4,0,0.807,3374724
1788984994,0,0,0.015,3374724
1788984994,6,0,0.007,3374724
1788984994,1,0,0.001,3374724
1788984995,4,0,0.752,3374724
1788984995,2,0,0.001,3374724
1788984995,2,0,0.004,3374724
1788984997,2,0,2.619,3374724
1788984998,2,0,0.929,3374724
1788985002,4,0,3.831,3374724
1788985002,0,0,0.017,3374724
1788985002,5,0,0.12,3374724
1788985002,3,0,0.098,3374724
1788985002,3,0,0.01,3374724
1788985005,4,0,2.134,3374724
1788985005,0,0,0.005,3374724
1788985005,0,0,0.012,3374724
1788985005,0,0,0.014,3374724
1788985006,5,0,1.278,3374724
1788985006,3,0,0.006,3374724
1788985006,3,0,0.006,3374724
1788985015,7,0,8.948,3374724
1788985017,2,0,2.138,3374724
1788985017,3,0,0.053,3374724
1788985017,6,0,0.006,3374724
1788985017,3,0,0.032,3374724
1788985017,3,0,0.061,3374724
1788985017,0,0,0.006,3374724
1788985017,0,0,0.006,3374724
1788985019,4,0,1.393,3374724
1788985019,6,0,0.006,3374724
1788985019,0,0,0.008,3374724
1788985019,0,0,0.015,3374724
1788985021,4,0,2.477,3374724
1788985021,2,0,0.003,3374724
1788985021,6,0,0.006,3374724
1788985022,2,0,0.97,3374724
1788985022,3,0,0.066,3374724
1788985022,1,0,0.001,3374724
1788985022,3,0,0.02,3374724
1788985022,5,0,0.118,3374724
1788985022,5,0,0.123,3374724
1788985031,5,0,9.121,3374724
1788985032,0,0,0.013,3374724
1788985035,5,0,3.811,3374724
1788985037,4,0,1.284,3374724
1788985038,4,0,1.184,3374724
1788985038,1,0,0.001,3374724
1788985038,3,0,0.003,3374724
1788985038,6,0,0.006,3374724
1788985041,2,0,2.877,3374724
1788985041,0,0,0.009,3374724
1788985041,0,0,0.016,3374724
1788985042,4,0,1.492,3374724
1788985042,3,0,0.04,3374724
1788985043,4,0,1.17,3374724
1788985043,3,0,0.048,3374724
1788985043,0,0,0.014,3374724
1788985043,1,0,0.002,3374724
1788985044,3,0,0.066,3374724
1788985046,2,0,2.28,3374724
1788985056,7,0,10.142,3374724
1788985057,4,0,0.948,3374724
1788985057,2,0,0.004,3374724
1788985057,3,0,0.084,3374724
1788985058,4,0,1.505,3374724
1788985060,4,0,1.907,3374724
1788985060,6,0,0.006,3374724
1788985060,3,0,0.019,3374724
1788985065,4,0,4.202,3374724
1788985066,5,0,1.098,3374724
1788985067,2,0,1.092,3374724
1788985068,4,0,1.048,3374724
1788985068,4,0,0.62,3374724
1788985068,0,0,0.014,3374724
1788985069,3,0,0.053,3374724
1788985070,7,0,1.291,3374724
1788985071,4,0,0.968,3374724
1788985071,2,0,0.004,3374724
1788985071,5,0,0.121,3374724
1788985079,5,0,7.619,3374724
1788985079,1,0,0.001,3374724
1788985083,2,0,4.266,3374724
1788985083,0,0,0.013,3374724
1788985083,6,0,0.005,3374724
1788985083,3,0,0.064,3374724
1788985083,1,0,0.001,3374724
1788985083,6,0,0.008,3374724
1788985084,2,0,1.557,3374724
1788985084,3,0,0.013,3374724
1788985096,7,0,11.342,3374724
1788985096,2,0,0.005,3374724
1788985096,6,0,0.007,3374724
1788985096,5,0,0.121,3374724
1788985096,3,0,0.004,3374724
1788985099,2,0,2.783,3374724
1788985099,6,0,0.007,3374724
1788985099,5,0,0.112,3374724
1788985102,4,0,2.782,3374724
1788985104,4,0,2.43,3374724
1788985104,0,0,0.006,3374724
1788985105,4,0,0.937,3374724
1788985105,2,0,0.001,3374724
1788985106,4,0,0.943,3374724
1788985106,5,0,0.113,3374724
1788985106,3,0,0.016,3374724
1788985108,4,0,1.528,3374724
1788985108,1,0,0.001,3374724
1788985108,2,0,0.005,3374724
1788985109,4,0,1.573,3374724
1788985121,5,0,11.939,3374724
1788985122,4,0,0.907,3374724
1788985122,3,0,0.059,3374724
1788985122,3,0,0.091,3374724
1788985122,6,0,0.008,3374724
1788985122,3,0,0.006,3374724
1788985123,4,0,0.896,3374724
1788985125,4,0,1.588,3374724
1788985125,3,0,0.009,3374724
1788985127,4,0,1.992,3374724
1788985129,5,0,1.876,3374724
1788985129,0,0,0.009,3374724
1788985129,3,0,0.031,3374724
1788985129,1,0,0,3374724
1788985129,6,0,0.008,3374724
1788985129,3,0,0.083,3374724
1788985129,2,0,0.006,3374724
1788985138,7,0,9.434,3374724
1788985138,6,0,0.005,3374724
1788985141,4,0,2.493,3374724
1788985141,6,0,0.009,3374724
1788985141,0,0,0.006,3374724
1788985141,6,0,0.01,3374724
1788985141,3,0,0.061,3374724
1788985142,4,0,1.004,3374724
1788985142,3,0,0.029,3374724
1788985142,1,0,0.001,3374724
1788985142,6,0,0.005,3374724
1788985143,2,0,1.278,3374724
1788985145,4,0,1.746,3374724
1788985147,2,0,1.964,3374724
1788985147,0,0,0.012,3374724
1788985147,3,0,0.259,3374724
1788985149,5,0,1.93,3374724
1788985149,0,0,0.007,3374724
1788985150,4,0,1.129,3374724
1788985151,4,0,1.296,3374724
1788985151,6,0,0.007,3374724
1788985151,3,0,0.003,3374724
1788985153,4,0,1.4,3374724
1788985153,6,0,0.003,3374724
1788985153,2,0,0.003,3374724
1788985153,6,0,0.008,3374724
1788985153,6,0,0.004,3374724
1788985154,2,0,0.821,3374724
1788985154,0,0,0.017,3374724
1788985155,4,0,1.273,3374724
1788985155,3,0,0.035,3374724
1788985156,4,0,1.38,3374724
1788985158,4,0,1.825,3374724
1788985159,4,0,0.739,3374724
1788985159,3,0,0.033,3374724
1788985159,6,0,0.006,3374724
1788985160,4,0,1.225,3374724
1788985164,5,0,4.186,3374724
1788985164,0,0,0.012,3374724
1788985164,3,0,0.039,3374724
1788985164,6,0,0.01,3374724
1788985164,6,0,0.005,3374724
1788985168,4,0,3.593,3374724
1788985168,3,0,0.078,3374724
1788985168,3,0,0.062,3374724
1788985179,5,0,10.502,3374724
1788985181,4,0,2.334,3374724
1788985181,5,0,0.117,3374724
1788985181,6,0,0.006,3374724
1788985181,0,0,0.016,3374724
1788985183,2,0,2.062,3374724
1788985186,5,0,3.013,3374724
1788985189,4,0,2.631,3374724
1788985189,0,0,0.009,3374724
1788985190,4,0,1.308,3374724
1788985190,3,0,0.031,3374724
1788985190,3,0,0.102,3374724
1788985192,2,0,1.945,3374724
1788985192,2,0,0.002,3374724
1788985192,3,0,0.007,3374724
1788985192,1,0,0.002,3374724
1788985193,4,0,1.024,3374724
1788985196,4,0,2.482,3374724
1788985196,3,0,0.081,3374724
1788985196,6,0,0.006,3374724
1788985206,5,0,10.145,3374724
1788985206,0,0,0.007,3374724
1788985206,0,0,0.006,3374724
1788985207,4,0,0.541,3374724
1788985207,2,0,0.002,3374724
1788985210,4,0,3.952,3374724
1788985211,4,0,0.985,3374724
1788985211,1,0,0.001,3374724
1788985212,2,0,0.94,3374724
1788985215,4,0,2.349,3374724
1788985215,3,0,0.01,3374724
1788985215,3,0,0.041,3374724
1788985215,0,0,0.015,3374724
1788985215,2,0,0.003,3374724
1788985215,3,0,0.003,3374724
1788985215,2,0,0.003,3374724
1788985215,6,0,0.008,3374724
1788985216,4,0,1.133,3374724
1788985217,4,0,0.652,3374724
1788985218,4,0,1.757,3374724
1788985218,2,0,0.003,3374724
1788985218,3,0,0.01,3374724
1788985219,5,0,0.119,3374724
1788985219,1,0,0,3374724
1788985219,0,0,0.005,3374724
1788985219,0,0,0.011,3374724
1788985219,0,0,0.006,3374724
1788985221,4,0,2.371,3374724
1788985221,3,0,0.096,3374724
1788985223,4,0,1.744,3374724
1788985223,3,0,0.033,3374724
1788985223,3,0,0.007,3374724
1788985224,4,0,1.204,3374724
1788985224,3,0,0.084,3374724
1788985224,3,0,0.012,3374724
1788985224,2,0,0.003,3374724
1788985224,3,0,0.007,3374724
1788985224,1,0,0.002,3374724
1788985224,3,0,0.046,3374724
1788985234,5,0,10.306,3374724
1788985234,0,0,0.011,3374724
1788985234,6,0,0.009,3374724
1788985236,2,0,1.295,3374724
1788985236,3,0,0.012,3374724
1788985237,4,0,0.912,3374724
1788985239,4,0,1.881,3374724
1788985239,0,0,0.005,3374724
1788985239,6,0,0.005,3374724
1788985239,1,0,0.001,3374724
1788985240,5,0,1.341,3374724
1788985240,3,0,0.006,3374724
1788985241,5,0,1.447,3374724
1788985241,0,0,0.012,3374724
1788985242,5,0,0.127,3374724
1788985242,6,0,0.008,3374724
1788985242,1,0,0.001,3374724
1788985242,2,0,0.002,3374724
1788985242,6,0,0.007,3374724
1788985242,3,0,0.011,3374724
1788985242,0,0,0.008,3374724
1788985242,0,0,0.006,3374724
1788985242,6,0,0.007,3374724
1788985243,5,0,1.112,3374724
1788985243,5,0,0.117,3374724
1788985243,0,0,0.002,3374724
1788985245,4,0,1.739,3374724
1788985245,6,0,0.007,3374724
1788985247,5,0,2.121,3374724
1788985247,1,0,0.001,3374724
1788985249,4,0,2.139,3374724
1788985252,5,0,3.611,3374724
1788985253,4,0,0.905,3374724
1788985253,3,0,0.006,3374724
1788985253,0,0,0.006,3374724
1788985256,4,0,2.356,3374724
1788985256,3,0,0.014,3374724
1788985256,0,0,0.013,3374724
1788985256,6,0,0.008,3374724
1788985256,3,0,0.072,3374724
1788985256,0,0,0.018,3374724
1788985256,0,0,0.014,3374724
1788985256,0,0,0.007,3374724
1788985256,1,0,0,3374724
1788985258,4,0,1.98,3374724
1788985259,4,0,1.168,3374724
1788985259,0,0,0.005,3374724
1788985263,5,0,4.286,3374724
1788985264,2,0,0.698,3374724
1788985264,7,0,0.172,3374724
1788985264,1,0,0.001,3374724
1788985264,0,0,0.004,3374724
1788985266,5,0,1.926,3374724
1788985266,3,0,0.01,3374724
1788985268,2,0,2.336,3374724
1788985268,6,0,0.007,3374724
1788985269,3,0,0.056,3374724
1788985276,7,0,7.966,3374724
1788985276,1,0,0,3374724
1788985276,2,0,0.003,3374724
1788985277,4,0,0.752,3374724
1788985277,3,0,0.086,3374724
1788985278,5,0,1.038,3374724
1788985278,3,0,0.008,3374724
1788985278,0,0,0.005,3374724
1788985278,3,0,0.064,3374724
1788985278,0,0,0.009,3374724
1788985280,4,0,1.137,3374724
1788985281,2,0,1.465,3374724
1788985283,2,0,1.576,3374724
1788985285,2,0,2.503,3374724
1788985285,0,0,0.012,3374724
1788985286,2,0,1.164,3374724
1788985286,3,0,0.007,3374724
1788985286,0,0,0.009,3374724
1788985288,2,0,1.472,3374724
1788985289,2,0,1.127,3374724
1788985289,3,0,0.046,3374724
1788985289,0,0,0.006,3374724
1788985292,4,0,2.62,3374724
1788985293,2,0,1.823,3374724
1788985293,3,0,0.007,3374724
1788985293,3,0,0.009,3374724
1788985295,5,0,1.195,3374724
1788985296,4,0,1.168,3374724
1788985296,1,0,0.001,3374724
1788985298,2,0,2.309,3374724
1788985298,6,0,0.008,3374724
1788985298,6,0,0.01,3374724
1788985299,7,0,1.293,3374724
1788985299,2,0,0.004,3374724
1788985299,0,0,0.012,3374724
1788985302,4,0,2.441,3374724
1788985302,3,0,0.073,3374724
1788985303,4,0,1.302,3374724
1788985305,4,0,2.241,3374724
1788985307,4,0,1.672,3374724
1788985307,3,0,0.053,3374724
1788985307,0,0,0.011,3374724
1788985307,2,0,0.004,3374724
1788985307,0,0,0.017,3374724
1788985307,1,0,0,3374724
1788985308,4,0,1.071,3374724
1788985308,0,0,0.007,3374724
1788985310,2,0,1.396,3374724
1788985310,1,0,0.001,3374724
1788985319,5,0,9.577,3374724
1788985319,0,0,0.006,3374724
1788985319,3,0,0.088,3374724
1788985321,4,0,1.339,3374724
1788985321,0,0,0.013,3374724
1788985321,0,0,0.006,3374724
1788985323,4,0,2.173,3374724
1788985325,4,0,1.673,3374724
1788985334,5,0,9.651,3374724
1788985334,3,0,0.026,3374724
1788985334,6,0,0.009,3374724
1788985334,3,0,0.052,3374724
1788985335,4,0,0.865,3374724
1788985335,5,0,0.124,3374724
1788985337,2,0,1.31,3374724
1788985338,4,0,1.647,3374724
1788985340,4,0,1.801,3374724
1788985342,4,0,1.753,3374724
1788985342,2,0,0.005,3374724
1788985344,4,0,2.095,3374724
1788985347,4,0,2.833,3374724
1788985349,4,0,2.033,3374724
1788985349,0,0,0.006,3374724
1788985349,2,0,0.003,3374724
1788985349,0,0,0.014,3374724
1788985349,6,0,0.007,3374724
1788985350,4,0,1.118,3374724
1788985361,5,0,10.976,3374724
1788985361,3,0,0.006,3374724
1788985361,3,0,0.042,3374724
1788985362,5,0,1.308,3374724
1788985370,7,0,7.226,3374724
1788985370,3,0,0.064,3374724
1788985370,6,0,0.007,3374724
1788985370,1,0,0.001,3374724
1788985370,3,0,0.053,3374724
1788985372,4,0,2.343,3374724
1788985374,4,0,1.678,3374724
1788985375,4,0,0.971,3374724
1788985376,5,0,1.267,3374724
1788985378,2,0,1.904,3374724
1788985378,0,0,0.009,3374724
1788985378,6,0,0.006,3374724
1788985378,0,0,0.048,3374724
1788985378,3,0,0.071,3374724
1788985378,0,0,0.014,3374724
1788985381,4,0,2.865,3374724
1788985381,3,0,0.011,3374724
1788985381,3,0,0.032,3374724
1788985381,6,0,0.006,3374724
1788985381,3,0,0.081,3374724
1788985382,4,0,0.661,3374724
1788985384,4,0,2.105,3374724
1788985384,2,0,0.002,3374724
1788985384,6,0,0.006,3374724
1788985384,1,0,0.001,3374724
1788985384,3,0,0.055,3374724
1788985384,2,0,0.001,3374724
1788985386,4,0,2.004,3374724
1788985386,1,0,0.001,3374724
1788985388,2,0,1.959,3374724
1788985388,3,0,0.006,3374724
1788985388,3,0,0.015,3374724
1788985390,2,0,1.94,3374724
1788985390,6,0,0.006,3374724
1788985390,3,0,0.072,3374724
1788985391,4,0,0.852,3374724
1788985391,2,0,0.004,3374724
1788985392,4,0,0.997,3374724
1788985392,3,0,0.04,3374724
1788985392,6,0,0.009,3374724
1788985392,6,0,0.008,3374724
1788985392,0,0,0.007,3374724
1788985392,0,0,0.011,3374724
1788985392,3,0,0.007,3374724
1788985392,6,0,0.008,3374724
1788985392,6,0,0.005,3374724
1788985392,0,0,0.007,3374724
1788985393,4,0,1.203,3374724
1788985393,6,0,0.007,3374724
1788985396,2,0,2.741,3374724
1788985396,2,0,0.005,3374724
1788985396,0,0,0.015,3374724
1788985396,5,0,0.124,3374724
1788985399,2,0,3.158,3374724
1788985399,6,0,0.006,3374724
1788985399,3,0,0.083,3374724
1788985399,2,0,0.002,3374724
1788985399,1,0,0.001,3374724
1788985400,4,0,1.326,3374724
1788985400,3,0,0.046,3374724
1788985401,5,0,0.131,3374724
1788985402,4,0,1.648,3374724
1788985404,2,0,1.867,3374724
1788985404,3,0,0.068,3374724
1788985405,4,0,1.051,3374724
1788985407,4,0,2.055,3374724
1788985407,0,0,0.009,3374724
1788985407,1,0,0.001,3374724
1788985407,0,0,0.013,3374724
1788985410,4,0,2.31,3374724
1788985410,6,0,0.007,3374724
1788985410,3,0,0.072,3374724
1788985410,0,0,0.007,3374724
1788985410,3,0,0.059,3374724
1788985410,6,0,0.008,3374724
1788985410,1,0,0.001,3374724
1788985413,4,0,2.92,3374724
1788985413,3,0,0.006,3374724
1788985413,6,0,0.006,3374724
1788985413,3,0,0.05,3374724
1788985414,4,0,1.274,3374724
1788985414,6,0,0.006,3374724
1788985415,2,0,0.927,3374724
1788985415,3,0,0.01,3374724
1788985415,0,0,0.01,3374724
1788985415,0,0,0.01,3374724
1788985417,4,0,2.28,3374724
1788985417,6,0,0.01,3374724
1788985417,3,0,0.068,3374724
1788985419,4,0,1.35,3374724
1788985420,2,0,1.196,3374724
1788985421,4,0,1.374,3374724
1788985421,3,0,0.031,3374724
1788985421,0,0,0.012,3374724
1788985423,4,0,1.532,3374724
1788985423,1,0,0.001,3374724
1788985424,2,0,1.627,3374724
1788985424,3,0,0.014,3374724
1788985424,3,0,0.015,3374724
1788985426,4,0,2.005,3374724
1788985427,0,0,0.01,3374724
1788985427,2,0,0.002,3374724
1788985427,3,0,0.071,3374724
1788985429,4,0,2.529,3374724
1788985429,2,0,0.002,3374724
1788985430,2,0,1.01,3374724
1788985430,0,0,0.012,3374724
1788985430,2,0,0.003,3374724
1788985430,0,0,0.013,3374724
1788985430,3,0,0.053,3374724
1788985433,2,0,3.298,3374724
1788985434,3,0,0.033,3374724
1788985436,2,0,2.294,3374724
1788985444,5,0,8.042,3374724
1788985446,5,0,1.949,3374724
1788985456,5,0,9.952,3374724
1788985458,4,0,1.89,3374724
1788985458,0,0,0.013,3374724
1788985460,2,0,2.686,3374724
1788985460,3,0,0.07,3374724
1788985464,4,0,4.033,3374724
1788985464,0,0,0.01,3374724
1788985465,3,0,0.057,3374724
1788985465,3,0,0.089,3374724
1788985465,6,0,0.007,3374724
1788985465,2,0,0.002,3374724
1788985465,3,0,0.071,3374724
1788985465,0,0,0.008,3374724
1788985465,6,0,0.007,3374724
1788985465,2,0,0.001,3374724
1788985465,2,0,0.003,3374724
1788985466,2,0,1.72,3374724
1788985466,6,0,0.006,3374724
1788985466,3,0,0.035,3374724
1788985466,1,0,0.002,3374724
1788985466,1,0,0.001,3374724
1788985467,7,0,0.187,3374724
1788985467,6,0,0.008,3374724
1788985467,1,0,0.001,3374724
1788985469,2,0,2.733,3374724
1788985471,4,0,1.69,3374724
1788985473,2,0,2.083,3374724
1788985473,6,0,0.006,3374724
1788985473,6,0,0.01,3374724
1788985475,4,0,1.366,3374724
1788985475,0,0,0.007,3374724
1788985475,6,0,0.005,3374724
1788985475,6,0,0.007,3374724
1788985475,1,0,0.001,3374724
1788985475,3,0,0.069,3374724
1788985478,4,0,3.797,3374724
1788985480,4,0,1.229,3374724
1788985481,4,0,1.711,3374724
1788985481,3,0,0.006,3374724
1788985481,3,0,0.006,3374724
1788985481,3,0,0.061,3374724
1788985481,0,0,0.009,3374724
1788985481,3,0,0.009,3374724
1788985482,4,0,0.832,3374724
1788985482,1,0,0.001,3374724
1788985492,7,0,9.767,3374724
1788985493,2,0,1.41,3374724
1788985496,4,0,2.139,3374724
1788985505,5,0,8.916,3374724
1788985506,4,0,1.877,3374724
1788985513,5,0,6.742,3374724
1788985513,2,0,0.004,3374724
1788985513,6,0,0.006,3374724
1788985513,6,0,0.006,3374724
1788985514,4,0,1.183,3374724
1788985515,4,0,0.902,3374724
1788985515,1,0,0,3374724
1788985515,0,0,0.009,3374724
1788985515,3,0,0.059,3374724
1788985515,5,0,0.124,3374724
1788985519,5,0,3.252,3374724
1788985519,6,0,0.007,3374724
1788985519,0,0,0.015,3374724
1788985521,4,0,2.075,3374724
1788985521,3,0,0.054,3374724
1788985521,1,0,0.001,3374724
1788985521,6,0,0.005,3374724
1788985521,3,0,0.047,3374724
1788985521,3,0,0.004,3374724
1788985521,1,0,0.001,3374724
1788985522,4,0,1.05,3374724
1788985523,2,0,1.002,3374724
1788985523,2,0,0.002,3374724
1788985525,4,0,1.637,3374724
1788985525,5,0,0.133,3374724
1788985525,3,0,0.053,3374724
1788985525,6,0,0.007,3374724
1788985525,6,0,0.004,3374724
1788985525,1,0,0.002,3374724
1788985525,2,0,0.003,3374724
1788985526,4,0,1.078,3374724
1788985526,3,0,0.008,3374724
1788985526,3,0,0.048,3374724
1788985526,6,0,0.007,3374724
1788985526,3,0,0.006,3374724
1788985528,5,0,1.608,3374724
1788985529,2,0,1.031,3374724
1788985529,0,0,0.008,3374724
1788985529,3,0,0.009,3374724
1788985530,7,0,1.407,3374724
1788985532,4,0,1.609,3374724
1788985534,4,0,2.158,3374724
1788985534,3,0,0.004,3374724
1788985534,3,0,0.008,3374724
1788985535,4,0,0.749,3374724
1788985535,3,0,0.061,3374724
1788985535,3,0,0.06,3374724
1788985535,3,0,0.057,3374724
1788985539,2,0,4.14,3374724
1788985539,0,0,0.015,3374724
1788985540,2,0,1.53,3374724
1788985541,4,0,0.598,3374724
1788985541,3,0,0.018,3374724
1788985541,3,0,0.063,3374724
1788985541,3,0,0.078,3374724
1788985541,0,0,0.007,3374724
1788985541,3,0,0.003,3374724
1788985543,4,0,1.717,3374724
1788985543,3,0,0.01,3374724
1788985543,0,0,0.007,3374724
1788985545,5,0,1.655,3374724
1788985545,0,0,0.007,3374724
1788985548,2,0,3.724,3374724
1788985550,4,0,1.725,3374724
1788985551,4,0,0.765,3374724
1788985551,3,0,0.077,3374724
1788985551,0,0,0.006,3374724
1788985551,0,0,0.01,3374724
1788985551,0,0,0.006,3374724
1788985551,3,0,0.082,3374724
1788985551,3,0,0.074,3374724
1788985551,3,0,0.044,3374724
1788985551,2,0,0.003,3374724
1788985551,0,0,0.01,3374724
1788985551,0,0,0.004,3374724
1788985554,4,0,2.973,3374724
1788985554,2,0,0.002,3374724
1788985554,0,0,0.009,3374724
1788985558,4,0,4.238,3374724
1788985558,6,0,0.008,3374724
1788985568,5,0,9.977,3374724
1788985568,1,0,0.001,3374724
1788985568,2,0,0.003,3374724
1788985568,6,0,0.006,3374724
1788985570,4,0,1.292,3374724
1788985573,5,0,3.209,3374724
1788985573,3,0,0.005,3374724
1788985573,6,0,0.01,3374724
1788985574,2,0,0.826,3374724
1788985574,1,0,0.001,3374724
1788985574,6,1,0.01,3374724
1788985574,3,0,0.009,3374724
1788985574,0,0,0.008,3374724
1788985574,0,0,0.007,3374724
1788985574,2,0,0.002,3374724
1788985576,5,0,1.893,3374724
1788985576,6,0,0.007,3374724
1788985576,2,0,0.002,3374724
1788985577,4,0,1.48,3374724
1788985584,5,0,7.237,3374724
1788985584,0,0,0.016,3374724
1788985584,0,0,0.014,3374724
1788985584,3,0,0.004,3374724
1788985584,0,0,0.005,3374724
1788985584,0,0,0.013,3374724
1788985584,3,0,0.008,3374724
1788985584,0,0,0.006,3374724
1788985586,5,0,1.361,3374724
1788985590,4,0,4.185,3374724
1788985591,7,0,0.908,3374724
1788985591,3,0,0.068,3374724
1788985592,4,0,1.108,3374724
1788985592,3,0,0.054,3374724
1788985592,0,0,0.011,3374724
1788985592,0,0,0.007,3374724
1788985594,7,0,1.976,3374724
1788985594,3,0,0.046,3374724
1788985595,2,0,0.85,3374724
1788985595,5,0,0.123,3374724
1788985595,6,0,0.007,3374724
1788985595,1,0,0.002,3374724
1788985595,5,0,0.124,3374724
1788985595,0,0,0.01,3374724
1788985595,0,0,0.005,3374724
1788985597,2,0,1.348,3374724
1788985597,3,0,0.037,3374724
1788985598,4,0,1.533,3374724
1788985599,4,0,0.852,3374724
1788985599,6,0,0.007,3374724
1788985600,4,0,1.286,3374724
1788985600,0,0,0.016,3374724
1788985602,4,0,1.639,3374724
1788985602,0,0,0.003,3374724
1788985602,3,0,0.047,3374724
1788985602,2,0,0.003,3374724
1788985603,2,0,0.963,3374724
1788985603,6,0,0.007,3374724
1788985603,5,0,0.123,3374724
1788985603,0,0,0.009,3374724
1788985603,5,0,0.133,3374724
1788985603,0,0,0.014,3374724
1788985604,5,0,1.197,3374724
1788985606,4,0,1.256,3374724
1788985606,2,0,0.002,3374724
1788985606,3,0,0.008,3374724
1788985606,6,0,0.007,3374724
1788985606,3,0,0.007,3374724
1788985607,4,0,1.361,3374724
1788985607,2,0,0.003,3374724
1788985609,4,0,2.33,3374724
1788985611,4,0,1.746,3374724
1788985613,2,0,1.496,3374724
1788985613,3,0,0.012,3374724
1788985613,6,0,0.014,3374724
1788985613,4,0,0.783,3374724
1788985614,3,0,0.054,3374724
1788985614,6,0,0.007,3374724
1788985614,5,0,0.142,3374724
1788985614,3,0,0.006,3374724
1788985614,3,0,0.008,3374724
1788985614,2,0,0.001,3374724
1788985614,0,0,0.009,3374724
1788985614,3,0,0.01,3374724
1788985616,4,0,2.225,3374724
1788985616,0,0,0.036,3374724
1788985617,2,0,1.146,3374724
1788985617,3,0,0.072,3374724
1788985617,2,0,0.002,3374724
1788985618,4,0,0.702,3374724
1788985618,0,0,0.008,3374724
1788985618,0,0,0.008,3374724
1788985620,5,0,2,3374724
1788985621,7,0,0.758,3374724
1788985621,6,0,0.006,3374724
1788985621,1,0,0.001,3374724
1788985621,2,0,0.002,3374724
1788985622,7,0,1.471,3374724
1788985622,3,0,0.047,3374724
1788985622,6,1,0.006,3374724
1788985622,2,0,0.002,3374724
1788985622,3,0,0.077,3374724
1788985622,6,0,0.008,3374724
1788985622,3,0,0.074,3374724
1788985623,4,0,0.599,3374724
1788985623,0,0,0.006,3374724
1788985623,0,0,0.008,3374724
1788985623,2,0,0.002,3374724
1788985624,4,0,1.235,3374724
1788985624,1,0,0.002,3374724
1788985625,2,0,0.857,3374724
1788985627,4,0,1.466,3374724
1788985627,3,0,0.004,3374724
1788985628,4,0,1.662,3374724
1788985628,3,0,0.006,3374724
1788985629,4,0,0.971,3374724
1788985629,3,0,0.007,3374724
1788985629,6,0,0.006,3374724
1788985632,4,0,2.64,3374724
1788985632,1,0,0.001,3374724
1788985632,2,0,0.004,3374724
1788985632,0,0,0.006,3374724
1788985635,2,0,3.269,3374724
1788985637,2,0,1.691,3374724
1788985639,4,0,1.703,3374724
1788985639,2,0,0.004,3374724
1788985639,3,0,0.064,3374724
1788985639,0,0,0.01,3374724
1788985640,4,0,1.367,3374724
1788985641,4,0,1.394,3374724
1788985643,2,0,1.433,3374724
1788985643,3,0,0.089,3374724
1788985644,4,0,1.361,3374724
1788985645,4,0,0.936,3374724
1788985645,1,0,0.003,3374724
1788985649,2,0,3.401,3374724
1788985649,0,0,0.01,3374724
1788985649,0,0,0.008,3374724
1788985649,2,0,0.003,3374724
1788985649,0,0,0.009,3374724
1788985649,1,0,0.001,3374724
1788985649,0,0,0.005,3374724
1788985649,3,0,0.011,3374724
1788985649,3,0,0.005,3374724
1788985649,6,0,0.007,3374724
1788985649,0,0,0.006,3374724
1788985651,4,0,2.089,3374724
1788985651,2,0,0.002,3374724
1788985652,2,0,1.598,3374724
1788985654,4,0,1.236,3374724
1788985655,4,0,0.969,3374724
1788985656,4,0,1.004,3374724
1788985657,2,0,1.302,3374724
1788985658,4,0,1.178,3374724
1788985658,0,0,0.015,3374724
1788985658,1,0,0.001,3374724
1788985658,0,0,0.006,3374724
1788985660,2,0,2,3374724
1788985660,0,0,0.01,3374724
1788985660,7,0,0.182,3374724
1788985661,2,0,1.04,3374724
1788985663,5,0,1.307,3374724
1788985663,3,0,0.002,3374724
1788985663,6,0,0.006,3374724
1788985663,0,0,0.013,3374724
1788985664,4,0,1.33,3374724
1788985664,2,0,0.002,3374724
1788985664,3,0,0.019,3374724
1788985664,1,0,0.001,3374724
1788985664,0,0,0.01,3374724
1788985664,2,0,0.003,3374724
1788985666,4,0,2.142,3374724
1788985666,3,0,0.009,3374724
1788985666,3,0,0.083,3374724
1788985666,0,0,0.012,3374724
1788985676,5,0,9.932,3374724
1788985676,6,0,0.01,3374724
1788985676,6,0,0.007,3374724
1788985676,2,0,0.002,3374724
1788985677,2,0,0.947,3374724
1788985677,3,0,0.034,3374724
1788985677,0,0,0.017,3374724
1788985677,3,0,0.066,3374724
1788985679,2,0,1.266,3374724
1788985679,0,0,0.008,3374724
1788985679,3,0,0.079,3374724
1788985679,4,0,0.862,3374724
1788985679,0,0,0.014,3374724
1788985679,0,0,0.007,3374724
1788985680,3,0,0.083,3374724
1788985680,2,0,0.003,3374724
1788985680,3,0,0.045,3374724
1788985680,2,0,0.003,3374724
1788985683,4,0,3.804,3374724
1788985685,2,0,1.206,3374724
1788985685,6,0,0.006,3374724
1788985685,0,0,0.013,3374724
1788985686,4,0,1.386,3374724
1788985687,2,0,1.248,3374724
1788985688,5,0,1.014,3374724
1788985690,2,0,1.729,3374724
1788985691,2,0,0.768,3374724
1788985691,6,0,0.003,3374724
1788985691,3,0,0.073,3374724
1788985691,3,0,0.047,3374724
1788985691,0,0,0.011,3374724
1788985691,6,0,0.006,3374724
1788985691,3,0,0.037,3374724
1788985691,3,0,0.074,3374724
1788985695,4,0,3.94,3374724
1788985695,6,0,0.007,3374724
1788985695,3,0,0.01,3374724
1788985695,0,0,0.006,3374724
1788985696,4,0,1.097,3374724
1788985696,1,0,0,3374724
1788985704,5,0,7.925,3374724
1788985704,0,0,0.006,3374724
1788985713,5,0,9.118,3374724
1788985713,3,0,0.065,3374724
1788985713,6,0,0.007,3374724
1788985713,0,0,0.006,3374724
1788985715,5,0,1.41,3374724
1788985716,2,0,1.475,3374724
1788985716,3,0,0.077,3374724
1788985716,6,0,0.006,3374724
1788985716,6,0,0.009,3374724
1788985716,3,0,0.07,3374724
1788985716,7,0,0.172,3374724
1788985720,2,0,3.625,3374724
1788985720,3,0,0.035,3374724
1788985722,4,0,1.753,3374724
1788985723,4,0,0.787,3374724
1788985723,3,0,0.007,3374724
1788985724,2,0,0.92,3374724
1788985724,2,0,0.004,3374724
1788985726,4,0,2.135,3374724
1788985726,3,0,0.063,3374724
1788985726,3,0,0.061,3374724
1788985726,3,0,0.003,3374724
1788985726,1,0,0.002,3374724
1788985727,2,0,1.307,3374724
1788985731,4,0,4.128,3374724
1788985732,5,0,1.168,3374724
1788985735,4,0,2.874,3374724
1788985735,6,0,0.009,3374724
1788985735,3,0,0.085,3374724
1788985735,0,0,0.013,3374724
1788985738,4,0,2.226,3374724
1788985738,7,0,0.18,3374724
1788985740,4,0,1.947,3374724
1788985741,4,0,1.2,3374724
1788985741,0,0,0.011,3374724
1788985742,4,0,1.062,3374724
1788985742,6,0,0.008,3374724
1788985742,3,0,0.003,3374724
1788985742,2,0,0.004,3374724
1788985744,4,0,2.358,3374724
1788985744,2,0,0.004,3374724
1788985744,0,0,0.012,3374724
1788985745,4,0,0.865,3374724
1788985758,5,0,13.001,3374724
1788985758,1,0,0.001,3374724
1788985758,6,0,0.008,3374724
1788985760,4,0,1.738,3374724
1788985761,4,0,1.063,3374724
1788985761,0,0,0.005,3374724
1788985761,3,0,0.048,3374724
1788985762,4,0,1.087,3374724
1788985762,1,0,0.002,3374724
1788985764,4,0,1.876,3374724
1788985766,4,0,1.601,3374724
1788985766,0,0,0.012,3374724
1788985766,3,0,0.006,3374724
1788985766,0,0,0.005,3374724
1788985766,3,0,0.044,3374724
1788985766,3,0,0.006,3374724
1788985766,3,0,0.032,3374724
1788985766,3,0,0.007,3374724
1788985766,3,0,0.008,3374724
1788985766,3,0,0.091,3374724
1788985766,2,0,0.003,3374724
1788985767,4,0,0.994,3374724
1788985767,6,0,0.015,3374724
1788985768,4,0,1.004,3374724
1788985768,6,0,0.006,3374724
1788985769,2,0,0.591,3374724
1788985769,0,0,0.012,3374724
1788985770,4,0,1.749,3374724
1788985770,1,0,0.001,3374724
1788985770,3,0,0.049,3374724
1788985772,4,0,2.016,3374724
1788985772,2,0,0.003,3374724
1788985772,3,0,0.005,3374724
1788985773,5,0,0.114,3374724
1788985773,3,0,0.011,3374724
1788985775,4,0,2.365,3374724
1788985775,2,0,0.003,3374724
1788985776,2,0,1.384,3374724
1788985777,4,0,0.744,3374724
1788985780,4,0,2.692,3374724
1788985780,3,0,0.008,3374724
1788985790,5,0,10.732,3374724
1788985790,3,0,0.002,3374724
1788985790,0,0,0.013,3374724
1788985802,5,0,11.594,3374724
1788985804,4,0,1.736,3374724
1788985804,0,0,0.005,3374724
1788985805,4,0,0.73,3374724
1788985808,4,0,3.414,3374724
1788985809,5,0,1.064,3374724
1788985820,5,0,11.095,3374724
1788985820,0,0,0.01,3374724
1788985821,4,0,1.101,3374724
1788985821,1,0,0.002,3374724
1788985821,6,0,0.005,3374724
1788985823,2,0,1.284,3374724
1788985823,2,0,0.003,3374724
1788985823,3,0,0.01,3374724
1788985823,3,0,0.04,3374724
1788985823,3,0,0.056,3374724
1788985823,0,0,0.014,3374724
1788985823,1,0,0.002,3374724
1788985823,2,0,0.002,3374724
1788985823,2,0,0.002,3374724
1788985823,3,0,0.009,3374724
1788985823,0,0,0.01,3374724
1788985824,4,0,1.199,3374724
1788985824,7,0,0.167,3374724
1788985824,1,0,0.002,3374724
1788985824,0,0,0.009,3374724
1788985824,3,0,0.004,3374724
1788985824,0,0,0.005,3374724
1788985825,2,0,1.145,3374724
1788985825,3,0,0.021,3374724
1788985827,4,0,1.672,3374724
1788985827,3,0,0.009,3374724
1788985830,2,0,2.983,3374724
1788985830,3,0,0.004,3374724
1788985830,7,0,0.159,3374724
1788985835,5,0,4.791,3374724
1788985835,0,0,0.003,3374724
1788985835,6,0,0.005,3374724
1788985835,5,0,0.101,3374724
1788985835,3,0,0.031,3374724
1788985845,5,0,10.016,3374724
1788985847,2,0,1.746,3374724
1788985848,4,0,1.435,3374724
1788985848,0,0,0.013,3374724
1788985848,1,0,0.001,3374724
1788985848,3,0,0.007,3374724
1788985848,1,0,0.001,3374724
1788985848,3,0,0.096,3374724
1788985848,3,0,0.007,3374724
1788985848,3,0,0.004,3374724
1788985848,0,0,0.004,3374724
1788985849,5,0,0.872,3374724
1788985851,4,0,1.972,3374724
1788985851,3,0,0.06,3374724
1788985853,4,0,1.879,3374724
1788985856,4,0,3.213,3374724
1788985856,5,0,0.125,3374724
1788985856,0,0,0.004,3374724
1788985856,3,0,0.008,3374724
1788985856,0,0,0.043,3374724
1788985856,2,0,0.003,3374724
1788985858,2,0,1.593,3374724
1788985858,6,0,0.007,3374724
1788985858,0,0,0.011,3374724
1788985858,5,0,0.119,3374724
1788985858,1,0,0.001,3374724
1788985858,2,0,0.003,3374724
1788985858,3,0,0.051,3374724
1788985860,4,0,2.065,3374724
1788985860,3,0,0.011,3374724
1788985861,4,0,0.895,3374724
1788985861,3,0,0.062,3374724
1788985861,3,0,0.037,3374724
1788985861,2,0,0.004,3374724
1788985863,5,0,1.945,3374724
1788985863,3,0,0.069,3374724
1788985865,2,0,1.323,3374724
1788985865,3,0,0.014,3374724
1788985868,4,0,3.637,3374724
1788985868,3,0,0.008,3374724
1788985869,7,0,0.928,3374724
1788985870,2,0,1.018,3374724
1788985870,3,0,0.013,3374724
1788985873,5,0,2.404,3374724
1788985873,2,0,0.004,3374724
1788985873,3,0,0.059,3374724
1788985873,6,0,0.007,3374724
1788985874,5,0,0.931,3374724
1788985874,6,0,0.009,3374724
1788985874,5,0,0.115,3374724
1788985882,5,0,8.545,3374724
1788985882,5,0,0.117,3374724
1788985883,5,0,0.124,3374724
1788985884,2,0,1.196,3374724
1788985884,1,0,0.001,3374724
1788985885,4,0,1.568,3374724
1788985886,5,0,0.134,3374724
1788985887,4,0,1.335,3374724
1788985887,0,0,0.008,3374724
1788985887,3,0,0.005,3374724
1788985887,0,0,0.005,3374724
1788985888,4,0,1.218,3374724
1788985888,3,0,0.077,3374724
1788985888,1,0,0.001,3374724
1788985890,4,0,2.09,3374724
1788985890,3,0,0.089,3374724
1788985890,0,0,0.006,3374724
1788985890,3,0,0.005,3374724
1788985891,4,0,0.772,3374724
1788985892,4,0,0.706,3374724
1788985892,6,0,0.009,3374724
1788985893,4,0,1.598,3374724
1788985894,3,0,0.05,3374724
1788985894,3,0,0.015,3374724
1788985894,6,0,0.006,3374724
1788985894,6,0,0.007,3374724
1788985894,6,0,0.007,3374724
1788985897,2,0,2.986,3374724
1788985909,5,0,12.134,3374724
1788985909,6,0,0.006,3374724
1788985909,3,0,0.06,3374724
1788985910,4,0,1.281,3374724
1788985910,2,0,0.002,3374724
1788985910,6,0,0.008,3374724
1788985910,6,0,0.005,3374724
1788985911,4,0,1.291,3374724
1788985914,5,0,2.649,3374724
1788985914,5,0,0.126,3374724
1788985917,4,0,3.016,3374724
1788985919,5,0,1.698,3374724
1788985921,2,0,1.972,3374724
1788985921,6,0,0.006,3374724
1788985921,6,0,0.007,3374724
1788985921,3,0,0.04,3374724
1788985922,4,0,1.097,3374724
1788985922,6,0,0.005,3374724
1788985922,2,0,0.002,3374724
1788985922,3,0,0.003,3374724
1788985924,4,0,2.098,3374724
1788985924,6,0,0.008,3374724
1788985924,1,0,0.001,3374724
1788985924,2,0,0.004,3374724
1788985924,6,0,0.007,3374724
1788985924,0,0,0.012,3374724
1788985927,5,0,3.147,3374724
1788985927,0,0,0.015,3374724
1788985927,3,0,0.008,3374724
1788985927,6,0,0.011,3374724
1788985927,0,0,0.008,3374724
1788985929,4,0,2.02,3374724
1788985929,0,0,0.015,3374724
1788985929,0,0,0.011,3374724
1788985929,0,0,0.011,3374724
1788985929,6,0,0.005,3374724
1788985931,4,0,1.263,3374724
1788985931,0,0,0.013,3374724
1788985931,0,0,0.013,3374724
1788985931,3,0,0.041,3374724
1788985931,0,0,0.013,3374724
1788985931,0,0,0.013,3374724
1788985931,3,0,0.066,3374724
1788985931,6,0,0.008,3374724
1788985931,0,0,0.015,3374724
1788985931,0,0,0.008,3374724
1788985931,6,0,0.006,3374724
1788985931,2,0,0.003,3374724
1788985931,2,0,0.002,3374724
1788985931,3,0,0.011,3374724
1788985933,4,0,1.723,3374724
1788985936,4,0,3.888,3374724
1788985936,2,0,0.002,3374724
1788985936,6,0,0.01,3374724
1788985936,6,0,0.009,3374724
1788985936,3,0,0.03,3374724
1788985937,3,0,0.083,3374724
1788985937,0,0,0.011,3374724
1788985938,4,0,0.97,3374724
1788985938,3,0,0.009,3374724
1788985938,0,0,0.007,3374724
1788985938,2,0,0.002,3374724
1788985939,4,0,1.307,3374724
1788985940,7,0,1.146,3374724
1788985942,4,0,1.686,3374724
1788985942,5,0,0.124,3374724
1788985942,0,0,0.017,3374724
1788985942,3,0,0.095,3374724
1788985942,3,0,0.01,3374724
1788985943,5,0,1.065,3374724
1788985944,4,0,1.418,3374724
1788985946,4,0,1.169,3374724
1788985946,2,0,0.001,3374724
1788985946,2,0,0.003,3374724
1788985946,3,0,0.077,3374724
1788985946,3,0,0.005,3374724
1788985946,2,0,0.777,3374724
1788985948,2,0,1.151,3374724
1788985948,3,0,0.054,3374724
1788985950,5,0,2.135,3374724
1788985950,6,0,0.011,3374724
1788985950,3,0,0.07,3374724
1788985950,0,0,0.013,3374724
1788985950,3,0,0.082,3374724
1788985951,5,0,1.107,3374724
1788985951,3,0,0.006,3374724
1788985951,6,0,0.008,3374724
1788985953,5,0,1.57,3374724
1788985953,0,0,0.019,3374724
1788985953,2,0,0.683,3374724
1788985953,0,0,0.012,3374724
1788985953,3,0,0.087,3374724
1788985953,6,0,0.005,3374724
1788985953,3,0,0.033,3374724
1788985953,0,0,0.011,3374724
1788985955,4,0,1.585,3374724
1788985955,0,0,0.017,3374724
1788985956,4,0,1.296,3374724
1788985956,3,0,0.004,3374724
1788985956,3,0,0.079,3374724
1788985956,6,0,0.007,3374724
1788985958,2,0,1.569,3374724
1788985958,2,0,0.003,3374724
1788985958,6,0,0.008,3374724
1788985958,0,0,0.008,3374724
1788985958,0,0,0.014,3374724
1788985958,1,0,0.002,3374724
1788985958,5,0,0.123,3374724
1788985959,7,0,0.994,3374724
1788985959,6,0,0.01,3374724
1788985959,3,0,0.049,3374724
1788985960,4,0,0.993,3374724
1788985962,4,0,1.708,3374724
1788985964,4,0,2.364,3374724
1788985966,4,0,2.167,3374724
1788985967,6,0,0.01,3374724
1788985967,6,0,0.006,3374724
1788985967,2,0,0.004,3374724
1788985968,4,0,1.118,3374724
1788985969,5,0,1.322,3374724
1788985970,4,0,1.201,3374724
1788985972,4,0,2.217,3374724
1788985973,4,0,1.069,3374724
1788985973,3,0,0.011,3374724
1788985973,1,0,0.002,3374724
1788985973,0,0,0.017,3374724
1788985973,0,0,0.01,3374724
1788985975,4,0,1.5,3374724
1788985976,4,0,1.109,3374724
1788985976,0,0,0.013,3374724
1788985976,3,0,0.058,3374724
1788985976,6,0,0.009,3374724
1788985976,0,0,0.012,3374724
1788985978,4,0,1.576,3374724
1788985979,5,0,0.916,3374724
1788985979,3,0,0.006,3374724
1788985979,3,0,0.084,3374724
1788985979,1,0,0.001,3374724
1788985979,3,0,0.005,3374724
1788985979,6,0,0.009,3374724
1788985980,2,0,0.966,3374724
1788985981,4,0,1.17,3374724
1788985981,1,0,0.001,3374724
1788985991,5,0,10.406,3374724
1788985991,3,0,0.007,3374724
1788985991,6,0,0.009,3374724
1788985991,5,0,0.128,3374724
1788985993,4,0,1.049,3374724
1788985995,4,0,2.923,3374724
1788985996,3,0,0.071,3374724
1788985997,2,0,1.963,3374724
1788985998,4,0,0.953,3374724
1788986000,2,0,1.352,3374724
1788986000,3,0,0.076,3374724
1788986000,6,0,0.005,3374724
1788986000,0,0,0.008,3374724
1788986002,4,0,2.073,3374724
1788986002,3,0,0.038,3374724
1788986002,6,0,0.007,3374724
1788986002,6,0,0.003,3374724
1788986002,2,0,0.001,3374724
1788986004,2,0,1.847,3374724
1788986004,3,0,0.056,3374724
1788986004,6,0,0.006,3374724
1788986004,1,0,0.002,3374724
1788986005,4,0,1.037,3374724
1788986005,6,0,0.006,3374724
1788986014,5,0,9.333,3374724
1788986015,4,0,1.02,3374724
1788986015,6,0,0.007,3374724
1788986016,5,0,0.933,3374724
1788986016,2,0,0.003,3374724
1788986016,5,0,0.126,3374724
1788986017,4,0,0.912,3374724
1788986018,4,0,0.871,3374724
1788986018,6,0,0.006,3374724
1788986018,2,0,0.006,3374724
1788986018,2,0,0.003,3374724
1788986018,6,0,0.005,3374724
1788986018,6,0,0.007,3374724
1788986019,2,0,1.275,3374724
1788986021,4,0,1.818,3374724
1788986023,2,0,1.751,3374724
1788986023,5,0,0.117,3374724
1788986025,4,0,1.415,3374724
1788986026,4,0,1.286,3374724
1788986026,0,0,0.011,3374724
1788986026,3,0,0.012,3374724
1788986026,3,0,0.075,3374724
1788986026,2,0,0.002,3374724
1788986028,4,0,1.725,3374724
1788986028,0,0,0.008,3374724
1788986028,3,0,0.064,3374724
1788986028,2,0,0.004,3374724
1788986028,0,0,0.011,3374724
1788986029,2,0,1.142,3374724
1788986030,4,0,1.535,3374724
1788986030,2,0,0.003,3374724
1788986030,0,0,0.015,3374724
1788986030,6,0,0.005,3374724
1788986032,4,0,1.287,3374724
1788986032,0,0,0.013,3374724
1788986032,0,0,0.016,3374724
1788986033,4,0,1.603,3374724
1788986033,3,0,0.012,3374724
1788986033,3,0,0.041,3374724
1788986033,6,0,0.005,3374724
1788986036,4,0,2.372,3374724
1788986037,4,0,1.422,3374724
1788986037,3,0,0.005,3374724
1788986038,4,0,0.978,3374724
1788986038,6,0,0.005,3374724
1788986050,5,0,11.599,3374724
1788986050,3,0,0.003,3374724
1788986051,4,0,0.78,3374724
1788986060,7,0,9.693,3374724
1788986060,0,0,0.005,3374724
1788986069,7,0,9.163,3374724
1788986074,4,0,4.134,3374724
1788986074,0,0,0.013,3374724
1788986081,5,0,7.24,3374724
1788986081,3,0,0.004,3374724
1788986082,4,0,1.434,3374724
1788986082,5,0,0.115,3374724
1788986083,4,0,1.029,3374724
1788986086,5,0,2.667,3374724
1788986086,0,0,0.011,3374724
1788986087,4,0,0.7,3374724
1788986087,6,0,0.007,3374724
1788986089,4,0,1.698,3374724
1788986089,0,0,0.011,3374724
1788986089,6,0,0.006,3374724
1788986090,4,0,1.403,3374724
1788986090,2,0,0.003,3374724
1788986090,1,0,0.002,3374724
1788986090,3,0,0.013,3374724
1788986090,3,0,0.042,3374724
1788986091,5,0,1.198,3374724
1788986091,3,0,0.073,3374724
1788986096,4,0,4.544,3374724
1788986097,4,0,1.016,3374724
1788986098,4,0,0.887,3374724
1788986098,6,0,0.007,3374724
1788986099,2,0,1.407,3374724
1788986101,4,0,2.359,3374724
1788986101,1,0,0.001,3374724
1788986101,2,0,0.004,3374724
1788986102,3,0,0.038,3374724
1788986102,3,0,0.011,3374724
1788986102,5,0,0.122,3374724
1788986102,3,0,0.008,3374724
1788986112,5,0,9.899,3374724
1788986112,0,0,0.005,3374724
1788986112,2,0,0.002,3374724
1788986113,4,0,1.45,3374724
1788986115,4,0,1.741,3374724
1788986115,1,0,0.001,3374724
1788986115,6,0,0.012,3374724
1788986115,3,0,0.057,3374724
1788986115,1,0,0,3374724
1788986116,4,0,0.926,3374724
1788986116,0,0,0.017,3374724
1788986117,4,0,1.528,3374724
1788986117,1,0,0.001,3374724
1788986117,0,0,0.013,3374724
1788986117,3,0,0.006,3374724
1788986117,5,0,0.124,3374724
1788986117,6,0,0.005,3374724
1788986118,5,0,0.122,3374724
1788986118,3,0,0.005,3374724
1788986118,7,0,0.169,3374724
1788986118,3,0,0.003,3374724
1788986119,5,0,1.285,3374724
1788986127,7,0,8.031,3374724
1788986129,4,0,2.417,3374724
1788986130,3,0,0.062,3374724
1788986130,0,0,0.006,3374724
1788986130,6,0,0.006,3374724
1788986131,2,0,1.035,3374724
1788986131,0,0,0.006,3374724
1788986133,4,0,2.473,3374724
1788986133,0,0,0.015,3374724
1788986135,4,0,1.608,3374724
1788986135,6,0,0.011,3374724
1788986144,7,0,9.665,3374724
1788986144,0,0,0.007,3374724
1788986145,2,0,0.969,3374724
1788986148,4,0,2.297,3374724
1788986148,1,0,0.001,3374724
1788986148,3,0,0.006,3374724
1788986148,3,0,0.061,3374724
1788986148,6,0,0.007,3374724
1788986148,3,0,0.078,3374724
1788986151,4,0,2.972,3374724
1788986151,6,0,0.01,3374724
1788986151,6,0,0.005,3374724
1788986151,0,0,0.011,3374724
1788986151,3,0,0.08,3374724
1788986151,3,0,0.094,3374724
1788986151,5,0,0.129,3374724
1788986152,2,0,1.131,3374724
1788986152,2,0,0.004,3374724
1788986152,6,0,0.007,3374724
1788986157,4,0,4.348,3374724
1788986157,3,0,0.009,3374724
1788986157,6,0,0.012,3374724
1788986157,0,0,0.008,3374724
1788986157,3,0,0.007,3374724
1788986158,2,0,1.277,3374724
1788986158,3,0,0.004,3374724
1788986159,4,0,1.08,3374724
1788986161,4,0,1.592,3374724
1788986161,1,0,0.001,3374724
1788986161,0,0,0.013,3374724
1788986161,0,0,0.012,3374724
1788986161,2,0,0.002,3374724
1788986162,4,0,1.647,3374724
1788986166,4,0,3.545,3374724
1788986168,4,0,1.817,3374724
1788986170,4,0,2.099,3374724
1788986170,2,0,0.003,3374724
1788986170,1,0,0.001,3374724
1788986170,3,0,0.008,3374724
1788986170,0,0,0.011,3374724
1788986170,1,0,0.001,3374724
1788986171,2,0,1.395,3374724
1788986174,2,0,3.181,3374724
1788986176,2,0,1.324,3374724
1788986176,6,0,0.006,3374724
1788986176,3,0,0.008,3374724
1788986178,2,0,1.939,3374724
1788986179,2,0,1.652,3374724
1788986179,2,0,0.002,3374724
1788986179,3,0,0.008,3374724
1788986179,0,0,0.008,3374724
1788986184,4,0,4.294,3374724
1788986184,0,0,0.014,3374724
1788986184,0,0,0.015,3374724
1788986184,3,0,0.033,3374724
1788986184,3,0,0.088,3374724
1788986185,4,0,1.714,3374724
1788986186,7,0,0.163,3374724
1788986186,3,0,0.082,3374724
1788986186,0,0,0.009,3374724
1788986186,3,0,0.085,3374724
1788986186,0,0,0.011,3374724
1788986186,5,0,0.117,3374724
1788986186,3,0,0.069,3374724
1788986186,2,0,0.003,3374724
1788986187,4,0,0.914,3374724
1788986188,4,0,1.57,3374724
1788986188,6,0,0.011,3374724
1788986188,2,0,0.004,3374724
1788986191,4,0,2.812,3374724
1788986193,4,0,1.244,3374724
1788986194,4,0,1.169,3374724
1788986195,4,0,1.45,3374724
1788986196,4,0,1.164,3374724
1788986196,0,0,0.006,3374724
1788986196,0,0,0.007,3374724
1788986198,4,0,1.426,3374724
1788986199,4,0,1.006,3374724
1788986200,4,0,0.911,3374724
1788986201,4,0,1.478,3374724
1788986201,3,0,0.034,3374724
1788986202,4,0,0.983,3374724
1788986205,4,0,2.418,3374724
1788986206,2,0,1.28,3374724
1788986215,7,0,8.709,3374724
1788986215,3,0,0.098,3374724
1788986215,2,0,0.705,3374724
1788986217,4,0,1.312,3374724
1788986219,7,0,2.556,3374724
1788986224,5,0,4.731,3374724
1788986224,5,0,0.105,3374724
1788986224,0,0,0.015,3374724
1788986226,2,0,1.793,3374724
1788986227,4,0,0.987,3374724
1788986228,4,0,1.318,3374724
1788986228,2,0,0.003,3374724
1788986228,3,0,0.032,3374724
1788986228,2,0,0.004,3374724
1788986228,6,0,0.009,3374724
1788986228,3,0,0.061,3374724
1788986228,2,0,0.003,3374724
1788986228,0,0,0.008,3374724
1788986228,3,0,0.055,3374724
1788986238,5,0,9.546,3374724
1788986238,2,0,0.002,3374724
1788986238,2,0,0.003,3374724
1788986239,4,0,1.425,3374724
1788986239,6,0,0.01,3374724
1788986239,2,0,0.002,3374724
1788986239,1,0,0.002,3374724
1788986240,4,0,0.934,3374724
1788986240,2,0,0.004,3374724
1788986242,5,0,1.448,3374724
1788986242,3,0,0.04,3374724
1788986242,3,0,0.049,3374724
1788986252,5,0,10.17,3374724
1788986252,3,0,0.004,3374724
1788986252,2,0,0.003,3374724
1788986255,4,0,3.025,3374724
1788986266,5,0,10.87,3374724
1788986266,0,0,0.007,3374724
1788986267,4,0,1.434,3374724
1788986267,0,0,0.011,3374724
1788986267,5,0,0.115,3374724
1788986267,1,0,0.003,3374724
1788986267,0,0,0.008,3374724
1788986268,5,0,0.108,3374724
1788986268,1,0,0.001,3374724
1788986268,0,0,0.013,3374724
1788986268,0,0,0.009,3374724
1788986268,2,0,0.004,3374724
1788986277,5,0,9.373,3374724
1788986279,4,0,1.854,3374724
1788986280,5,0,1.084,3374724
1788986281,4,0,1.427,3374724
1788986281,6,0,0.007,3374724
1788986283,2,0,1.341,3374724
1788986283,3,0,0.082,3374724
1788986283,3,0,0.027,3374724
1788986283,0,0,0.005,3374724
1788986284,4,0,1.075,3374724
1788986284,0,0,0.01,3374724
1788986284,3,0,0.005,3374724
1788986284,0,0,0.014,3374724
1788986284,2,0,0.002,3374724
1788986284,0,0,0.006,3374724
1788986284,0,0,0.006,3374724
1788986284,2,0,0.003,3374724
1788986285,4,0,1.314,3374724
1788986285,0,0,0.01,3374724
1788986285,0,0,0.011,3374724
1788986289,2,0,3.389,3374724
1788986289,3,0,0.033,3374724
1788986289,6,1,0.004,3374724
1788986289,3,0,0.039,3374724
1788986291,4,0,2.082,3374724
1788986291,1,0,0.001,3374724
1788986292,4,0,0.805,3374724
1788986292,0,0,0.008,3374724
1788986292,6,0,0.009,3374724
1788986292,3,0,0.006,3374724
1788986292,6,0,0.006,3374724
1788986292,0,0,0.015,3374724
1788986292,1,0,0.001,3374724
1788986292,3,0,0.007,3374724
1788986292,3,0,0.094,3374724
1788986304,7,0,12.049,3374724
1788986305,4,0,0.957,3374724
1788986306,2,0,1.002,3374724
1788986307,4,0,1.538,3374724
1788986307,1,0,0.001,3374724
1788986307,5,0,0.126,3374724
1788986307,6,0,0.008,3374724
1788986308,3,0,0.079,3374724
1788986309,4,0,1.347,3374724
1788986309,3,0,0.052,3374724
1788986319,5,0,9.933,3374724
1788986319,0,0,0.009,3374724
1788986319,3,0,0.064,3374724
1788986319,3,0,0.005,3374724
1788986319,0,0,0.006,3374724
1788986321,5,0,1.594,3374724
1788986321,6,0,0.009,3374724
1788986321,0,0,0.013,3374724
1788986321,3,0,0.059,3374724
1788986321,6,0,0.005,3374724
1788986322,2,0,1.242,3374724
1788986322,6,0,0.006,3374724
1788986322,0,0,0.017,3374724
1788986332,5,0,9.654,3374724
1788986332,0,0,0.011,3374724
1788986332,0,0,0.006,3374724
1788986332,1,0,0.001,3374724
1788986333,4,0,1.729,3374724
1788986335,4,0,1.221,3374724
1788986335,6,0,0.005,3374724
1788986335,4,0,0.814,3374724
1788986335,5,0,0.125,3374724
1788986335,3,0,0.007,3374724
1788986335,0,0,0.009,3374724
1788986335,0,0,0.009,3374724
1788986337,2,0,1.878,3374724
1788986337,0,0,0.015,3374724
1788986337,3,0,0.056,3374724
1788986337,0,0,0.016,3374724
1788986339,4,0,1.624,3374724
1788986340,4,0,1.031,3374724
1788986340,0,0,0.015,3374724
1788986341,5,0,1.346,3374724
1788986341,6,0,0.008,3374724
1788986341,6,0,0.007,3374724
1788986342,5,0,0.115,3374724
1788986342,3,0,0.01,3374724
1788986351,7,0,9.187,3374724
1788986355,4,0,3.828,3374724
1788986355,0,0,0.006,3374724
1788986357,5,0,2.078,3374724
1788986358,4,0,1.638,3374724
1788986358,6,0,0.009,3374724
1788986358,0,0,0.01,3374724
1788986359,2,0,0.776,3374724
1788986359,3,0,0.079,3374724
1788986360,4,0,1.191,3374724
1788986361,3,0,0.183,3374724
1788986361,4,0,0.727,3374724
1788986361,3,0,0.062,3374724
1788986361,2,0,0.003,3374724
1788986361,0,0,0.005,3374724
1788986361,3,0,0.047,3374724
1788986361,1,0,0.002,3374724
1788986361,6,0,0.009,3374724
1788986361,1,0,0,3374724
1788986361,1,0,0,3374724
1788986361,0,0,0.006,3374724
1788986362,5,0,0.127,3374724
1788986362,6,0,0.009,3374724
1788986363,4,0,1.192,3374724
1788986363,3,0,0.011,3374724
1788986363,0,0,0.006,3374724
1788986363,5,0,0.124,3374724
1788986364,4,0,1.15,3374724
1788986364,3,0,0.007,3374724
1788986364,2,0,0.002,3374724
1788986365,4,0,1.133,3374724
1788986365,6,0,0.007,3374724
1788986366,4,0,0.794,3374724
1788986366,0,0,0.017,3374724
1788986366,0,0,0.011,3374724
1788986366,1,0,0.001,3374724
1788986366,2,0,0.002,3374724
1788986368,4,0,2.164,3374724
1788986368,2,0,0.003,3374724
1788986370,4,0,1.443,3374724
1788986370,6,0,0.005,3374724
1788986379,5,0,9.214,3374724
1788986379,3,0,0.007,3374724
1788986380,4,0,0.993,3374724
1788986380,1,0,0.001,3374724
1788986380,1,0,0,3374724
1788986380,3,0,0.049,3374724
1788986380,3,0,0.01,3374724
1788986381,4,0,0.923,3374724
1788986381,6,0,0.01,3374724
1788986381,6,0,0.011,3374724
1788986381,3,0,0.006,3374724
1788986383,4,0,1.854,3374724
1788986383,3,0,0.04,3374724
1788986383,0,0,0.011,3374724
1788986383,1,0,0.001,3374724
1788986383,2,0,0.002,3374724
1788986383,0,0,0.011,3374724
1788986387,4,0,4.23,3374724
1788986388,2,0,0.956,3374724
1788986388,6,0,0.006,3374724
1788986390,4,0,1.51,3374724
1788986391,7,0,1.108,3374724
1788986391,1,0,0.001,3374724
1788986391,3,0,0.086,3374724
1788986400,5,0,9.192,3374724
1788986400,0,0,0.009,3374724
1788986401,4,0,1.002,3374724
1788986401,3,0,0.085,3374724
1788986401,6,0,0.007,3374724
1788986401,3,0,0.078,3374724
1788986401,3,0,0.013,3374724
1788986401,0,0,0.01,3374724
1788986403,4,0,1.604,3374724
1788986403,3,0,0.082,3374724
1788986404,4,0,0.842,3374724
1788986405,4,0,1.093,3374724
1788986405,3,0,0.062,3374724
1788986405,0,0,0.01,3374724
1788986405,6,1,0.006,3374724
1788986406,4,0,1.095,3374724
1788986406,0,0,0.015,3374724
1788986407,4,0,1.572,3374724
1788986409,4,0,1.664,3374724
1788986409,2,0,0.004,3374724
1788986409,6,0,0.007,3374724
1788986409,0,0,0.006,3374724
1788986409,0,0,0.011,3374724
1788986409,3,0,0.003,3374724
1788986409,0,0,0.01,3374724
1788986413,5,0,3.531,3374724
1788986414,4,0,1.068,3374724
1788986414,0,0,0.011,3374724
1788986414,3,0,0.01,3374724
1788986414,3,0,0.067,3374724
1788986416,4,0,1.989,3374724
1788986416,6,1,0.004,3374724
1788986416,0,0,0.006,3374724
1788986418,2,0,1.987,3374724
1788986418,2,0,0.004,3374724
1788986419,2,0,0.88,3374724
1788986419,0,0,0.016,3374724
1788986419,0,0,0.011,3374724
1788986420,4,0,1.296,3374724
1788986420,2,0,0.002,3374724
1788986420,0,0,0.011,3374724
1788986422,4,0,1.61,3374724
1788986423,2,0,1.082,3374724
1788986426,2,0,3.701,3374724
1788986427,5,0,0.985,3374724
1788986428,4,0,0.732,3374724
1788986436,5,0,7.975,3374724
1788986438,2,0,1.484,3374724
1788986438,6,0,0.01,3374724
1788986438,1,0,0.002,3374724
1788986438,6,0,0.007,3374724
1788986438,3,0,0.051,3374724
1788986438,6,0,0.009,3374724
1788986438,0,0,0.008,3374724
1788986438,0,0,0.016,3374724
1788986438,3,0,0.021,3374724
1788986440,4,0,2.585,3374724
1788986440,0,0,0.007,3374724
1788986440,6,0,0.006,3374724
1788986440,1,0,0.001,3374724
1788986440,6,0,0.007,3374724
1788986440,2,0,0.004,3374724
1788986442,4,0,1.186,3374724
1788986442,6,0,0.004,3374724
1788986442,2,0,0.003,3374724
1788986443,4,0,1.57,3374724
1788986443,2,0,0.003,3374724
1788986443,2,0,0.002,3374724
1788986443,3,0,0.01,3374724
1788986443,0,0,0.012,3374724
1788986443,1,0,0.001,3374724
1788986445,4,0,1.351,3374724
1788986446,5,0,1.807,3374724
1788986446,3,0,0.009,3374724
1788986447,2,0,1.052,3374724
1788986447,0,0,0.008,3374724
1788986447,3,0,0.031,3374724
1788986448,3,0,0.057,3374724
1788986448,0,0,0.004,3374724
1788986449,5,0,0.994,3374724
1788986450,2,0,1.669,3374724
1788986452,5,0,1.96,3374724
1788986452,6,0,0.005,3374724
1788986452,3,0,0.023,3374724
1788986453,4,0,0.986,3374724
1788986453,2,0,0.003,3374724
1788986453,3,0,0.109,3374724
1788986454,5,0,1.025,3374724
1788986455,4,0,1.139,3374724
1788986457,2,0,1.646,3374724
1788986457,2,0,0.003,3374724
1788986457,6,0,0.009,3374724
1788986458,4,0,1.006,3374724
1788986458,5,0,0.12,3374724
1788986458,0,0,0.016,3374724
1788986460,4,0,2.123,3374724
1788986460,1,0,0.001,3374724
1788986460,3,0,0.021,3374724
1788986460,3,0,0.07,3374724
1788986460,2,0,0.004,3374724
1788986461,3,0,0.088,3374724
1788986461,2,0,0.002,3374724
1788986462,5,0,1.217,3374724
1788986463,2,0,1.617,3374724
1788986465,4,0,1.327,3374724
1788986466,5,0,1.326,3374724
1788986467,4,0,0.685,3374724
1788986468,4,0,1.27,3374724
1788986469,4,0,0.905,3374724
1788986471,4,0,1.85,3374724
1788986471,6,0,0.006,3374724
1788986471,0,0,0.006,3374724
1788986471,0,0,0.011,3374724
1788986472,4,0,1.681,3374724
1788986472,0,0,0.017,3374724
1788986475,2,0,2.855,3374724
1788986475,6,0,0.007,3374724
1788986475,0,0,0.019,3374724
1788986475,0,0,0.012,3374724
1788986475,6,0,0.012,3374724
1788986477,4,0,1.738,3374724
1788986479,4,0,1.978,3374724
1788986479,5,0,0.13,3374724
1788986479,2,0,0.004,3374724
1788986479,2,0,0.003,3374724
1788986482,5,0,2.707,3374724
1788986482,6,0,0.009,3374724
1788986482,0,0,0.006,3374724
1788986482,3,0,0.009,3374724
1788986482,3,0,0.005,3374724
1788986482,6,0,0.006,3374724
1788986484,2,0,2.184,3374724
1788986484,0,0,0.007,3374724
1788986485,2,0,1.229,3374724
1788986485,3,0,0.009,3374724
1788986485,3,0,0.004,3374724
1788986485,3,0,0.091,3374724
1788986486,3,0,0.058,3374724
1788986486,3,0,0.008,3374724
1788986486,5,0,0.778,3374724
1788986487,4,0,0.97,3374724
1788986488,4,0,0.845,3374724
1788986490,4,0,1.423,3374724
1788986491,2,0,1.458,3374724
1788986491,2,0,0.003,3374724
1788986491,0,0,0.005,3374724
1788986491,3,0,0.069,3374724
1788986492,4,0,0.731,3374724
1788986492,3,0,0.011,3374724
1788986493,4,0,0.75,3374724
1788986493,1,0,0.002,3374724
1788986493,2,0,0.002,3374724
1788986493,3,0,0.066,3374724
1788986493,5,0,0.139,3374724
1788986493,6,0,0.009,3374724
1788986493,3,0,0.037,3374724
1788986493,5,0,0.111,3374724
1788986495,7,0,1.94,3374724
1788986495,0,0,0.01,3374724
1788986495,2,0,0.001,3374724
1788986495,1,0,0,3374724
1788986496,4,0,0.787,3374724
1788986496,3,0,0.028,3374724
1788986497,2,0,1.247,3374724
1788986497,6,0,0.007,3374724
1788986498,4,0,1.475,3374724
1788986500,2,0,1.76,3374724
1788986503,4,0,2.283,3374724
1788986503,3,0,0.005,3374724
1788986503,4,0,0.906,3374724
1788986503,0,0,0.01,3374724
1788986503,3,0,0.002,3374724
1788986503,1,0,0.001,3374724
1788986504,4,0,0.834,3374724
1788986504,6,0,0.009,3374724
1788986504,3,0,0.012,3374724
1788986504,6,0,0.006,3374724
1788986504,5,0,0.122,3374724
1788986504,6,0,0.008,3374724
1788986504,6,0,0.01,3374724
1788986506,4,0,1.121,3374724
1788986506,1,0,0.001,3374724
1788986506,0,0,0.038,3374724
1788986506,6,0,0.008,3374724
1788986507,4,0,1.496,3374724
1788986507,2,0,0.002,3374724
1788986507,1,0,0.001,3374724
1788986508,4,0,1.236,3374724
1788986508,3,0,0.005,3374724
1788986511,4,0,2.791,3374724
1788986511,6,0,0.006,3374724
1788986511,3,0,0.048,3374724
1788986513,4,0,1.513,3374724
1788986515,4,0,2.1,3374724
1788986515,6,0,0.006,3374724
1788986515,0,0,0.009,3374724
1788986516,4,0,1.412,3374724
1788986519,4,0,2.809,3374724
1788986530,7,0,10.932,3374724
1788986531,2,0,1.153,3374724
1788986532,2,0,0.894,3374724
1788986536,4,0,3.95,3374724
1788986540,4,0,3.617,3374724
1788986540,6,0,0.008,3374724
1788986541,4,0,1.449,3374724
1788986550,7,0,8.933,3374724
1788986550,3,0,0.012,3374724
1788986550,2,0,0.003,3374724
1788986550,1,0,0.002,3374724
1788986550,3,0,0.062,3374724
1788986550,2,0,0.002,3374724
1788986550,2,0,0.005,3374724
1788986550,6,0,0.007,3374724
1788986551,2,0,1.014,3374724
1788986555,4,0,4.318,3374724
1788986555,0,0,0.01,3374724
1788986555,0,0,0.008,3374724
1788986557,5,0,1.109,3374724
1788986561,5,0,4.842,3374724
1788986561,1,0,0.001,3374724
1788986561,6,0,0.007,3374724
1788986575,5,0,13.409,3374724
1788986576,4,0,1.663,3374724
1788986576,2,0,0.002,3374724
1788986577,4,0,1.051,3374724
1788986580,5,0,2.671,3374724
1788986581,4,0,0.876,3374724
1788986581,3,0,0.011,3374724
1788986582,4,0,1.318,3374724
1788986582,3,0,0.011,3374724
1788986585,7,0,2.576,3374724
1788986586,4,0,0.883,3374724
1788986588,4,0,2.095,3374724
1788986588,6,0,0.005,3374724
1788986588,3,0,0.063,3374724
1788986589,4,0,0.745,3374724
1788986589,7,0,0.171,3374724
1788986589,6,0,0.009,3374724
1788986590,4,0,0.692,3374724
1788986590,3,0,0.085,3374724
1788986591,4,0,1.513,3374724
1788986601,5,0,9.277,3374724
1788986601,6,0,0.012,3374724
1788986602,2,0,1.283,3374724
1788986602,2,0,0.003,3374724
1788986603,4,0,0.872,3374724
1788986603,0,0,0.011,3374724
1788986603,2,0,0.003,3374724
1788986604,2,0,1.376,3374724
1788986604,0,0,0.012,3374724
1788986604,0,0,0.009,3374724
1788986604,3,0,0.004,3374724
1788986604,3,0,0.01,3374724
1788986605,4,0,0.646,3374724
1788986606,5,0,1.441,3374724
1788986608,4,0,1.766,3374724
1788986608,3,0,0.056,3374724
1788986608,6,0,0.006,3374724
1788986617,7,0,8.504,3374724
1788986618,4,0,1.957,3374724
1788986618,0,0,0.009,3374724
1788986618,1,0,0.002,3374724
1788986622,5,0,3.423,3374724
1788986622,0,0,0.016,3374724
1788986622,2,0,0.004,3374724
1788986623,4,0,1.261,3374724
1788986625,5,0,1.571,3374724
1788986627,4,0,2.008,3374724
1788986628,4,0,1.515,3374724
1788986628,3,0,0.068,3374724
1788986642,5,0,13.228,3374724
1788986642,3,0,0.005,3374724
1788986642,3,0,0.046,3374724
1788986642,6,0,0.008,3374724
1788986642,0,0,0.011,3374724
1788986643,4,0,1.121,3374724
1788986643,0,0,0.012,3374724
1788986643,3,0,0.057,3374724
1788986643,3,0,0.04,3374724
1788986645,4,0,1.826,3374724
1788986645,4,0,0.726,3374724
1788986648,2,0,2.528,3374724
1788986648,6,0,0.006,3374724
1788986656,7,0,7.81,3374724
1788986656,6,0,0.007,3374724
1788986656,3,0,0.006,3374724
1788986656,3,0,0.084,3374724
1788986658,2,0,2.009,3374724
1788986658,3,0,0.005,3374724
1788986658,0,0,0.006,3374724
1788986658,0,0,0.016,3374724
1788986659,5,0,0.788,3374724
1788986659,4,0,0.636,3374724
1788986659,1,0,0.001,3374724
1788986659,0,0,0.014,3374724
1788986659,6,0,0.009,3374724
1788986659,3,0,0.077,3374724
1788986661,4,0,1.3,3374724
1788986661,6,0,0.008,3374724
1788986661,3,0,0.028,3374724
1788986661,1,0,0,3374724
1788986664,7,0,3.662,3374724
1788986664,6,0,0.008,3374724
1788986665,4,0,0.779,3374724
1788986665,1,0,0.002,3374724
1788986665,3,0,0.006,3374724
1788986665,6,0,0.011,3374724
1788986667,2,0,2.099,3374724
1788986668,4,0,0.693,3374724
1788986679,5,0,11.129,3374724
1788986680,2,0,0.976,3374724
1788986680,2,0,0.005,3374724
1788986680,5,0,0.129,3374724
1788986680,1,0,0.001,3374724
1788986682,4,0,1.688,3374724
1788986685,7,0,3.284,3374724
1788986687,5,0,1.666,3374724
1788986689,5,0,2.177,3374724
1788986690,2,0,1.095,3374724
1788986690,5,0,0.124,3374724
1788986690,6,0,0.008,3374724
1788986690,3,0,0.01,3374724
1788986699,5,0,8.957,3374724
1788986699,0,0,0.01,3374724
1788986710,5,0,10.691,3374724
1788986710,5,0,0.107,3374724
1788986711,4,0,0.615,3374724
1788986711,0,0,0.007,3374724
1788986711,3,0,0.007,3374724
1788986714,2,0,3.381,3374724
1788986714,0,0,0.007,3374724
1788986714,3,0,0.073,3374724
1788986714,3,0,0.008,3374724
1788986716,4,0,1.375,3374724
1788986716,2,0,0.003,3374724
1788986716,4,0,0.821,3374724
1788986718,4,0,1.51,3374724
1788986718,3,0,0.008,3374724
1788986718,0,0,0.008,3374724
1788986720,4,0,1.717,3374724
1788986720,3,0,0.004,3374724
1788986720,6,0,0.006,3374724
1788986720,3,0,0.011,3374724
1788986720,2,0,0.003,3374724
1788986720,2,0,0.002,3374724
1788986721,4,0,0.911,3374724
1788986721,1,0,0.001,3374724
1788986722,2,0,0.931,3374724
1788986722,0,0,0.009,3374724
1788986722,0,0,0.01,3374724
1788986722,0,0,0.013,3374724
1788986722,0,0,0.009,3374724
1788986722,1,0,0.001,3374724
1788986722,5,0,0.123,3374724
1788986722,2,0,0.002,3374724
1788986722,6,0,0.006,3374724
1788986722,6,0,0.006,3374724
1788986723,4,0,1.601,3374724
1788986723,3,0,0.007,3374724
1788986723,6,0,0.008,3374724
1788986724,2,0,0.87,3374724
1788986724,3,0,0.008,3374724
1788986726,4,0,1.401,3374724
1788986728,2,0,2.05,3374724
1788986729,4,0,1.144,3374724
1788986730,2,0,1.138,3374724
1788986730,6,0,0.006,3374724
1788986730,3,0,0.01,3374724
1788986730,3,0,0.066,3374724
1788986730,0,0,0.007,3374724
1788986730,3,0,0.06,3374724
1788986730,6,0,0.009,3374724
1788986733,4,0,2.447,3374724
1788986733,2,0,0.003,3374724
1788986733,0,0,0.008,3374724
1788986735,2,0,2.041,3374724
1788986735,3,0,0.08,3374724
1788986735,0,0,0.011,3374724
1788986735,0,0,0.013,3374724
1788986735,3,0,0.05,3374724
1788986737,4,0,2.132,3374724
1788986737,3,0,0.061,3374724
1788986737,6,0,0.008,3374724
1788986740,4,0,2.777,3374724
1788986740,0,0,0.016,3374724
1788986740,3,0,0.005,3374724
1788986740,3,0,0.004,3374724
1788986740,3,0,0.037,3374724
1788986740,6,0,0.008,3374724
1788986740,3,0,0.041,3374724
1788986740,3,0,0.005,3374724
1788986740,3,0,0.1,3374724
1788986740,0,0,0.006,3374724
1788986740,6,0,0.005,3374724
1788986740,6,0,0.009,3374724
1788986740,6,0,0.005,3374724
1788986740,3,0,0.043,3374724
1788986741,4,0,1.358,3374724
1788986741,6,0,0.007,3374724
1788986743,2,0,1.275,3374724
1788986743,0,0,0.009,3374724
1788986744,4,0,0.898,3374724
1788986744,3,0,0.006,3374724
1788986744,6,0,0.01,3374724
1788986746,4,0,2.544,3374724
1788986746,0,0,0.009,3374724
1788986747,4,0,1.367,3374724
1788986749,7,0,1.165,3374724
1788986750,4,0,1.372,3374724
1788986750,0,0,0.013,3374724
1788986750,1,0,0.001,3374724
1788986750,0,0,0.009,3374724
1788986750,3,0,0.064,3374724
1788986750,3,0,0.076,3374724
1788986752,2,0,2.33,3374724
1788986754,4,0,1.2,3374724
1788986756,4,0,2.021,3374724
1788986759,4,0,2.822,3374724
1788986759,3,0,0.069,3374724
1788986759,7,0,0.177,3374724
1788986761,4,0,2.045,3374724
1788986762,2,0,0.995,3374724
1788986762,2,0,0.004,3374724
1788986762,0,0,0.009,3374724
1788986762,0,0,0.011,3374724
1788986762,6,0,0.006,3374724
1788986762,2,0,0.003,3374724
1788986762,3,0,0.005,3374724
1788986762,3,0,0.015,3374724
1788986762,4,0,0.033,3374724
1788986762,3,0,0.013,3374724
1788986762,6,0,0.007,3374724
1788986762,6,0,0.006,3374724
1788986770,5,0,8.021,3374724
1788986771,4,0,0.889,3374724
1788986771,1,0,0.001,3374724
1788986771,3,0,0.005,3374724
1788986771,0,0,0.047,3374724
1788986772,2,0,1.377,3374724
1788986772,0,0,0.015,3374724
1788986772,0,0,0.011,3374724
1788986776,2,0,3.722,3374724
1788986776,1,0,0.001,3374724
1788986776,0,0,0.013,3374724
1788986777,2,0,1.207,3374724
1788986779,5,0,1.946,3374724
1788986779,3,0,0.076,3374724
1788986779,3,0,0.045,3374724
1788986779,3,0,0.07,3374724
1788986779,6,0,0.008,3374724
1788986780,2,0,0.764,3374724
1788986781,4,0,1.193,3374724
1788986781,6,0,0.007,3374724
1788986783,2,0,1.288,3374724
1788986784,4,0,1.168,3374724
1788986792,5,0,8.619,3374724
1788986792,3,0,0.055,3374724
1788986793,4,0,0.839,3374724
1788986795,4,0,1.785,3374724
1788986796,2,0,1.044,3374724
1788986796,1,0,0.002,3374724
1788986798,4,0,1.387,3374724
1788986800,2,0,2.748,3374724
1788986800,6,0,0.005,3374724
1788986800,6,0,0.006,3374724
1788986802,4,0,1.834,3374724
1788986802,STOP,,,3374724
