1789151734,0,0,0.019,4131960
1789151734,3,0,0.004,4131960
1789151734,6,0,0.009,4131960
1789151734,2,0,0.162,4131960
1789151734,2,0,0.002,4131960
1789151734,2,0,0.508,4131960
1789151734,6,0,0.006,4131960
1789151734,6,0,0.005,4131960
1789151734,3,0,0.052,4131960
1789151735,2,0,0.34,4131960
1789151735,3,0,0.028,4131960
1789151735,1,0,0.001,4131960
1789151735,4,0,0.107,4131960
1789151735,2,0,0.523,4131960
1789151736,4,0,0.453,4131960
1789151736,3,0,0.002,4131960
1789151736,3,0,0.031,4131960
1789151736,1,0,0.001,4131960
1789151736,0,0,0.005,4131960
1789151736,1,0,0.001,4131960
1789151736,6,0,0.006,4131960
1789151736,4,0,0.327,4131960
1789151736,6,0,0.008,4131960
1789151736,0,0,0.006,4131960
1789151736,1,0,0.001,4131960
1789151736,6,0,0.008,4131960
1789151736,5,0,0.333,4131960
1789151736,1,0,0.001,4131960
1789151737,4,0,0.228,4131960
1789151737,6,0,0.005,4131960
1789151737,0,0,0.006,4131960
1789151737,0,0,0.012,4131960
1789151739,5,0,2.154,4131960
1789151739,3,0,0.034,4131960
1789151739,3,0,0.032,4131960
1789151739,4,0,0.431,4131960
1789151739,2,0,0.003,4131960
1789151740,4,0,0.942,4131960
1789151740,6,0,0.006,4131960
1789151740,0,0,0.014,4131960
1789151740,6,1,0.006,4131960
1789151740,3,0,0.029,4131960
1789151740,3,0,0.037,4131960
1789151740,3,0,0.004,4131960
1789151740,3,0,0.026,4131960
1789151740,3,0,0.048,4131960
1789151740,3,0,0.023,4131960
1789151740,3,0,0.003,4131960
1789151741,4,0,0.272,4131960
1789151742,7,0,1.459,4131960
1789151742,3,0,0.016,4131960
1789151742,0,0,0.008,4131960
1789151742,6,0,0.007,4131960
1789151742,2,0,0.002,4131960
1789151742,3,0,0.004,4131960
1789151742,0,0,0.005,4131960
1789151742,3,0,0.005,4131960
1789151742,3,0,0.051,4131960
1789151742,1,0,0.001,4131960
1789151742,3,0,0.052,4131960
1789151742,0,0,0.006,4131960
1789151742,0,0,0.005,4131960
1789151742,2,0,0.001,4131960
1789151742,2,0,0.001,4131960
1789151742,0,0,0.009,4131960
1789151743,4,0,0.358,4131960
1789151743,2,0,0.436,4131960
1789151743,3,0,0.031,4131960
1789151743,0,0,0.003,4131960
1789151743,3,0,0.005,4131960
1789151744,2,0,0.82,4131960
1789151744,7,0,0.101,4131960
1789151744,3,0,0.025,4131960
1789151744,3,0,0.069,4131960
1789151745,4,0,0.309,4131960
1789151745,2,0,0.001,4131960
1789151745,3,0,0.006,4131960
1789151745,4,0,0.204,4131960
1789151745,0,0,0.005,4131960
1789151745,2,0,0.653,4131960
1789151745,0,0,0.004,4131960
1789151746,4,0,0.4,4131960
1789151746,0,0,0.015,4131960
1789151746,2,0,0.354,4131960
1789151746,3,0,0.041,4131960
1789151746,0,0,0.003,4131960
1789151747,5,0,0.383,4131960
1789151747,4,0,0.448,4131960
1789151747,0,0,0.008,4131960
1789151747,6,0,0.004,4131960
1789151747,0,0,0.007,4131960
1789151747,3,0,0.005,4131960
1789151747,1,0,0,4131960
1789151747,3,0,0.032,4131960
1789151747,4,0,0.302,4131960
1789151747,0,0,0.008,4131960
1789151747,3,0,0.019,4131960
1789151747,0,0,0.003,4131960
1789151747,2,0,0.002,4131960
1789151747,0,0,0.011,4131960
1789151748,4,0,0.234,4131960
1789151748,0,0,0.004,4131960
1789151748,3,0,0.005,4131960
1789151748,3,0,0.028,4131960
1789151748,6,0,0.005,4131960
1789151749,2,0,0.916,4131960
1789151749,3,0,0.006,4131960
1789151749,5,0,0.74,4131960
1789151750,4,0,0.256,4131960
1789151750,0,0,0.007,4131960
1789151750,3,0,0.013,4131960
1789151750,3,0,0.002,4131960
1789151750,5,0,0.203,4131960
1789151750,1,0,0.001,4131960
1789151750,4,0,0.447,4131960
1789151750,0,0,0.018,4131960
1789151751,4,0,0.284,4131960
1789151751,3,0,0.019,4131960
1789151751,1,0,0,4131960
1789151751,4,0,0.272,4131960
1789151751,3,0,0.001,4131960
1789151751,2,0,0.263,4131960
1789151751,3,0,0.006,4131960
1789151751,4,0,0.142,4131960
1789151752,5,0,0.197,4131960
1789151752,4,0,0.311,4131960
1789151752,4,0,0.291,4131960
1789151752,1,0,0.001,4131960
1789151752,4,0,0.321,4131960
1789151752,6,0,0.01,4131960
1789151752,0,0,0.005,4131960
1789151753,4,0,0.302,4131960
1789151753,0,0,0.005,4131960
1789151753,0,0,0.005,4131960
1789151753,2,0,0.002,4131960
1789151753,1,0,0.001,4131960
1789151753,3,0,0.045,4131960
1789151753,6,0,0.01,4131960
1789151753,5,0,0.078,4131960
1789151753,4,0,0.524,4131960
1789151753,2,0,0.001,4131960
1789151754,2,0,0.257,4131960
1789151754,0,0,0.008,4131960
1789151754,3,0,0.094,4131960
1789151754,2,0,0.221,4131960
1789151754,3,0,0.001,4131960
1789151754,3,0,0.004,4131960
1789151754,2,0,0,4131960
1789151755,4,0,0.681,4131960
1789151755,0,0,0.004,4131960
1789151755,4,0,0.312,4131960
1789151755,5,0,0.273,4131960
1789151758,7,0,2.874,4131960
1789151758,6,0,0.007,4131960
1789151759,4,0,0.38,4131960
1789151759,6,0,0.004,4131960
1789151759,5,0,0.071,4131960
1789151759,0,0,0.004,4131960
1789151759,3,0,0.004,4131960
1789151759,3,0,0.054,4131960
1789151759,3,0,0.006,4131960
1789151759,0,0,0.004,4131960
1789151759,2,0,0.002,4131960
1789151759,2,0,0.001,4131960
1789151759,4,0,0.349,4131960
1789151760,4,0,0.416,4131960
1789151760,2,0,0.002,4131960
1789151760,6,0,0.005,4131960
1789151760,2,0,0.298,4131960
1789151760,3,0,0.05,4131960
1789151760,6,0,0.006,4131960
1789151760,4,0,0.535,4131960
1789151761,4,0,0.312,4131960
1789151761,3,0,0.081,4131960
1789151761,6,0,0.007,4131960
1789151761,6,0,0.005,4131960
1789151762,4,0,0.713,4131960
1789151762,2,0,0.544,4131960
1789151762,0,0,0.006,4131960
1789151762,1,0,0,4131960
1789151762,3,0,0.017,4131960
1789151762,3,0,0.024,4131960
1789151762,5,0,0.28,4131960
1789151763,4,0,0.618,4131960
1789151763,1,0,0.001,4131960
1789151763,3,0,0.086,4131960
1789151763,4,0,0.295,4131960
1789151764,4,0,0.238,4131960
1789151764,0,0,0.013,4131960
1789151767,5,0,3.646,4131960
1789151768,2,0,0.54,4131960
1789151768,1,0,0,4131960
1789151768,6,0,0.012,4131960
1789151768,0,0,0.01,4131960
1789151768,2,0,0.002,4131960
1789151768,5,0,0.085,4131960
1789151768,2,0,0.002,4131960
1789151768,3,0,0.017,4131960
1789151768,4,0,0.33,4131960
1789151769,4,0,0.273,4131960
1789151769,0,0,0.017,4131960
1789151769,4,0,0.258,4131960
1789151769,4,0,0.349,4131960
1789151769,3,0,0.025,4131960
1789151770,4,0,1.202,4131960
1789151770,0,0,0.004,4131960
1789151771,4,0,0.594,4131960
1789151771,2,0,0.426,4131960
1789151772,4,0,0.428,4131960
1789151772,3,0,0.019,4131960
1789151772,4,0,0.512,4131960
1789151773,2,0,0.399,4131960
1789151773,4,0,0.32,4131960
1789151774,4,0,0.511,4131960
1789151774,2,0,0.397,4131960
1789151779,5,0,4.934,4131960
1789151779,6,0,0.005,4131960
1789151779,4,0,0.501,4131960
1789151780,4,0,0.306,4131960
1789151780,2,0,0.002,4131960
1789151780,3,0,0.068,4131960
1789151780,0,0,0.013,4131960
1789151780,3,0,0.053,4131960
1789151780,5,0,0.12,4131960
1789151780,3,0,0.002,4131960
1789151780,4,0,0.439,4131960
1789151781,3,0,0.059,4131960
1789151781,5,0,0.159,4131960
1789151782,4,0,0.932,4131960
1789151782,3,0,0.066,4131960
1789151782,0,0,0.007,4131960
1789151783,4,0,0.98,4131960
1789151783,0,0,0.012,4131960
1789151783,3,0,0.006,4131960
1789151783,3,0,0.075,4131960
1789151783,4,0,0.341,4131960
1789151783,3,0,0.05,4131960
1789151783,0,0,0.014,4131960
1789151784,2,0,0.368,4131960
1789151788,5,0,4.873,4131960
1789151790,2,0,1.281,4131960
1789151790,4,0,0.215,4131960
1789151790,4,0,0.38,4131960
1789151791,2,0,1.175,4131960
1789151792,4,0,0.34,4131960
1789151792,6,0,0.006,4131960
1789151792,0,0,0.004,4131960
1789151792,6,0,0.006,4131960
1789151792,6,0,0.005,4131960
1789151792,0,0,0.009,4131960
1789151792,0,0,0.006,4131960
1789151792,3,0,0.046,4131960
1789151792,3,0,0.06,4131960
1789151792,1,0,0.002,4131960
1789151792,3,0,0.098,4131960
1789151792,4,0,0.216,4131960
1789151792,3,0,0.034,4131960
1789151793,4,0,0.404,4131960
1789151794,4,0,1.274,4131960
1789151794,3,0,0.031,4131960
1789151794,1,0,0.001,4131960
1789151794,2,0,0.296,4131960
1789151798,5,0,3.827,4131960
1789151798,3,0,0.052,4131960
1789151799,4,0,0.664,4131960
1789151799,2,0,0.002,4131960
1789151799,6,0,0.005,4131960
1789151799,6,0,0.007,4131960
1789151799,0,0,0.006,4131960
1789151799,4,0,0.322,4131960
1789151802,5,0,3.052,4131960
1789151802,3,0,0.016,4131960
1789151802,3,0,0.09,4131960
1789151803,4,0,1.032,4131960
1789151803,3,0,0.015,4131960
1789151803,0,0,0.003,4131960
1789151803,0,0,0.008,4131960
1789151803,0,0,0.004,4131960
1789151803,1,0,0.001,4131960
1789151803,3,0,0.039,4131960
1789151803,3,0,0.035,4131960
1789151808,5,0,4.758,4131960
1789151808,3,0,0.146,4131960
1789151808,6,0,0.006,4131960
1789151812,7,0,3.631,4131960
1789151817,5,0,4.595,4131960
1789151817,1,0,0.002,4131960
1789151817,3,0,0.012,4131960
1789151817,1,0,0.001,4131960
1789151817,6,0,0.006,4131960
1789151817,1,0,0.001,4131960
1789151817,4,0,0.435,4131960
1789151817,4,0,0.412,4131960
1789151817,2,0,0.001,4131960
1789151822,7,0,4.369,4131960
1789151825,5,0,3.616,4131960
1789151825,1,0,0.001,4131960
1789151826,7,0,0.157,4131960
1789151826,0,0,0.006,4131960
1789151826,1,0,0,4131960
1789151826,3,0,0.012,4131960
1789151826,1,0,0.001,4131960
1789151826,4,0,0.544,4131960
1789151826,0,0,0.003,4131960
1789151826,0,0,0.004,4131960
1789151827,4,0,0.488,4131960
1789151827,3,0,0.042,4131960
1789151831,5,0,4.48,4131960
1789151834,5,0,3.265,4131960
1789151834,3,0,0.007,4131960
1789151835,3,0,0.026,4131960
1789151835,1,0,0,4131960
1789151835,2,0,0.312,4131960
1789151835,3,0,0.084,4131960
1789151835,2,0,0.006,4131960
1789151835,3,0,0.007,4131960
1789151835,1,0,0.001,4131960
1789151835,6,0,0.019,4131960
1789151835,2,0,0.001,4131960
1789151835,3,0,0.001,4131960
1789151835,3,0,0.009,4131960
1789151835,4,0,0.415,4131960
1789151835,0,0,0.012,4131960
1789151836,4,0,0.383,4131960
1789151837,4,0,0.987,4131960
1789151838,2,0,1.187,4131960
1789151838,3,0,0.056,4131960
1789151838,6,0,0.005,4131960
1789151838,0,0,0.013,4131960
1789151838,4,0,0.38,4131960
1789151838,6,0,0.011,4131960
1789151838,3,0,0.057,4131960
1789151838,6,0,0.008,4131960
1789151838,1,0,0.001,4131960
1789151838,0,0,0.01,4131960
1789151838,0,0,0.007,4131960
1789151839,5,0,0.138,4131960
1789151839,6,0,0.006,4131960
1789151839,4,0,0.391,4131960
1789151839,4,0,0.46,4131960
1789151839,1,0,0.001,4131960
1789151840,4,0,0.74,4131960
1789151840,2,0,0.002,4131960
1789151840,3,0,0.056,4131960
1789151840,0,0,0.027,4131960
1789151840,1,0,0.001,4131960
1789151840,3,0,0.016,4131960
1789151840,0,0,0.03,4131960
1789151841,4,0,0.294,4131960
1789151841,2,0,0.615,4131960
1789151842,4,0,0.296,4131960
1789151842,6,0,0.012,4131960
1789151842,2,0,0.002,4131960
1789151842,1,0,0.001,4131960
1789151842,6,0,0.01,4131960
1789151842,3,0,0.039,4131960
1789151842,7,0,0.169,4131960
1789151842,4,0,0.321,4131960
1789151842,2,0,0.224,4131960
1789151842,1,0,0.002,4131960
1789151842,6,0,0.007,4131960
1789151842,6,0,0.006,4131960
1789151842,3,0,0.052,4131960
1789151842,3,0,0.004,4131960
1789151842,3,0,0.008,4131960
1789151843,2,0,0.207,4131960
1789151843,3,0,0.059,4131960
1789151844,4,0,0.829,4131960
1789151844,7,0,0.954,4131960
1789151845,4,0,0.35,4131960
1789151845,2,0,0.002,4131960
1789151845,3,0,0.079,4131960
1789151845,3,0,0.014,4131960
1789151845,3,0,0.018,4131960
1789151846,5,0,0.645,4131960
1789151846,3,0,0.145,4131960
1789151846,0,0,0.003,4131960
1789151846,2,0,0.001,4131960
1789151846,3,0,0.086,4131960
1789151847,4,0,0.916,4131960
1789151851,5,0,4.45,4131960
1789151855,5,0,4.166,4131960
1789151855,0,0,0.004,4131960
1789151855,2,0,0.001,4131960
1789151855,0,0,0.004,4131960
1789151857,4,0,1.269,4131960
1789151857,0,0,0.017,4131960
1789151858,4,0,1.633,4131960
1789151858,2,0,0.002,4131960
1789151858,2,0,0.002,4131960
1789151858,0,0,0.011,4131960
1789151862,7,0,3.353,4131960
1789151865,5,0,3.658,4131960
1789151865,6,0,0.011,4131960
1789151865,0,0,0.005,4131960
1789151866,3,0,0.201,4131960
1789151866,6,0,0.006,4131960
1789151866,0,0,0.003,4131960
1789151866,2,0,0.002,4131960
1789151866,7,0,0.546,4131960
1789151867,4,0,0.624,4131960
1789151867,4,0,0.779,4131960
1789151867,0,0,0.017,4131960
1789151869,2,0,1.155,4131960
1789151869,6,0,0.007,4131960
1789151869,3,0,0.009,4131960
1789151874,5,0,4.848,4131960
1789151874,5,0,0.115,4131960
1789151874,0,0,0.016,4131960
1789151874,3,0,0.085,4131960
1789151874,2,0,0.531,4131960
1789151875,4,0,0.711,4131960
1789151875,0,0,0.011,4131960
1789151875,3,0,0.076,4131960
1789151876,7,0,0.622,4131960
1789151876,0,0,0.006,4131960
1789151876,4,0,0.739,4131960
1789151876,0,0,0.006,4131960
1789151876,2,0,0.003,4131960
1789151876,0,0,0.005,4131960
1789151876,1,0,0.002,4131960
1789151877,4,0,0.713,4131960
1789151877,5,0,0.134,4131960
1789151877,5,0,0.178,4131960
1789151878,4,0,0.667,4131960
1789151879,4,0,1.062,4131960
1789151879,3,0,0.124,4131960
1789151879,3,0,0.168,4131960
1789151880,4,0,0.262,4131960
1789151880,4,0,0.531,4131960
1789151880,3,0,0.004,4131960
1789151880,0,0,0.003,4131960
1789151880,3,0,0.003,4131960
1789151881,2,0,0.415,4131960
1789151881,3,0,0.042,4131960
1789151881,4,0,0.328,4131960
1789151882,4,0,0.501,4131960
1789151882,3,0,0.078,4131960
1789151882,0,0,0.005,4131960
1789151882,0,0,0.003,4131960
1789151882,3,0,0.024,4131960
1789151882,2,0,0.373,4131960
1789151882,0,0,0.014,4131960
1789151883,4,0,0.587,4131960
1789151883,0,0,0.012,4131960
1789151883,3,0,0.009,4131960
1789151883,4,0,0.397,4131960
1789151884,4,0,0.751,4131960
1789151884,3,0,0.105,4131960
1789151885,4,0,0.642,4131960
1789151885,4,0,0.284,4131960
1789151885,7,0,0.164,4131960
1789151885,0,0,0.002,4131960
1789151885,6,0,0.007,4131960
1789151887,2,0,1.697,4131960
1789151887,6,0,0.009,4131960
1789151887,2,0,0.527,4131960
1789151887,0,0,0.028,4131960
1789151887,6,0,0.008,4131960
1789151887,5,0,0.123,4131960
1789151887,6,0,0.004,4131960
1789151887,0,0,0.01,4131960
1789151887,3,0,0.042,4131960
1789151888,5,0,0.81,4131960
1789151888,2,0,0.012,4131960
1789151890,5,0,1.199,4131960
1789151890,1,0,0.001,4131960
1789151890,6,0,0.006,4131960
1789151890,0,0,0.007,4131960
1789151890,4,0,0.518,4131960
1789151890,6,0,0.005,4131960
1789151890,2,0,0.002,4131960
1789151893,5,0,3.064,4131960
1789151893,6,0,0.006,4131960
1789151893,0,0,0.005,4131960
1789151894,4,0,0.428,4131960
1789151894,3,0,0.042,4131960
1789151894,2,0,0.003,4131960
1789151894,2,0,0.002,4131960
1789151894,6,0,0.006,4131960
1789151894,4,0,0.196,4131960
1789151894,1,0,0.001,4131960
1789151894,0,0,0.011,4131960
1789151894,7,0,0.642,4131960
1789151895,2,0,0.411,4131960
1789151896,4,0,1.078,4131960
1789151896,5,0,0.395,4131960
1789151897,4,0,0.664,4131960
1789151901,5,0,4.194,4131960
1789151901,0,0,0.007,4131960
1789151902,2,0,0.497,4131960
1789151902,4,0,0.374,4131960
1789151907,5,0,4.766,4131960
1789151907,0,0,0.011,4131960
1789151907,4,0,0.538,4131960
1789151908,4,0,0.591,4131960
1789151913,5,0,5.101,4131960
1789151913,0,0,0.017,4131960
1789151914,5,0,0.401,4131960
1789151914,0,0,0.027,4131960
1789151914,2,0,0.009,4131960
1789151914,3,0,0.063,4131960
1789151914,2,0,0.004,4131960
1789151914,2,0,0.002,4131960
1789151914,3,0,0.015,4131960
1789151918,5,0,3.996,4131960
1789151918,4,0,0.869,4131960
1789151918,2,0,0.002,4131960
1789151918,0,0,0.005,4131960
1789151919,6,0,0.004,4131960
1789151919,2,0,0.004,4131960
1789151919,4,0,0.482,4131960
1789151919,2,0,0.413,4131960
1789151920,4,0,0.537,4131960
1789151920,0,0,0.013,4131960
1789151920,0,0,0.004,4131960
1789151920,3,0,0.06,4131960
1789151921,4,0,0.693,4131960
1789151922,2,0,1.226,4131960
1789151922,2,0,0.418,4131960
1789151923,7,0,0.193,4131960
1789151923,2,0,0.247,4131960
1789151923,3,0,0.051,4131960
1789151923,6,0,0.008,4131960
1789151923,2,0,0.512,4131960
1789151924,5,0,0.66,4131960
1789151925,4,0,0.809,4131960
1789151925,2,0,0.36,4131960
1789151926,4,0,0.815,4131960
1789151926,1,0,0.003,4131960
1789151926,3,0,0.002,4131960
1789151926,6,0,0.004,4131960
1789151927,4,0,0.613,4131960
1789151927,3,0,0.006,4131960
1789151927,6,0,0.007,4131960
1789151927,1,0,0.001,4131960
1789151927,6,0,0.006,4131960
1789151928,4,0,0.925,4131960
1789151928,4,0,0.642,4131960
1789151928,0,0,0.017,4131960
1789151928,6,0,0.005,4131960
1789151929,2,0,0.608,4131960
1789151930,4,0,0.878,4131960
1789151934,5,0,3.907,4131960
1789151934,3,0,0.002,4131960
1789151935,4,0,1.41,4131960
1789151935,6,0,0.007,4131960
1789151936,4,0,0.776,4131960
1789151937,4,0,1.182,4131960
1789151937,0,0,0.012,4131960
1789151937,6,0,0.011,4131960
1789151939,4,0,1.687,4131960
1789151939,0,0,0.012,4131960
1789151939,4,0,0.55,4131960
1789151939,0,0,0.008,4131960
1789151940,4,0,0.791,4131960
1789151940,1,0,0.001,4131960
1789151940,3,0,0.08,4131960
1789151940,0,0,0.006,4131960
1789151940,0,0,0.007,4131960
1789151940,4,0,0.295,4131960
1789151941,3,0,0.046,4131960
1789151941,2,0,0.604,4131960
1789151941,3,0,0.008,4131960
1789151942,2,0,0.736,4131960
1789151942,6,0,0.006,4131960
1789151942,5,0,0.187,4131960
1789151942,0,0,0.009,4131960
1789151943,4,0,0.53,4131960
1789151943,3,0,0.045,4131960
1789151943,4,0,0.401,4131960
1789151944,4,0,0.875,4131960
1789151944,6,0,0.006,4131960
1789151944,0,0,0.004,4131960
1789151946,5,0,1.697,4131960
1789151946,2,0,0.272,4131960
1789151946,0,0,0.008,4131960
1789151946,5,0,0.516,4131960
1789151946,3,0,0.034,4131960
1789151947,4,0,0.41,4131960
1789151947,2,0,0.003,4131960
1789151947,3,0,0.012,4131960
1789151948,2,0,0.747,4131960
1789151948,0,0,0.004,4131960
1789151948,3,0,0.108,4131960
1789151948,0,0,0.004,4131960
1789151948,6,0,0.005,4131960
1789151948,3,0,0.076,4131960
1789151948,2,0,0.6,4131960
1789151952,5,0,3.216,4131960
1789151952,2,0,0.213,4131960
1789151952,6,0,0.006,4131960
1789151953,4,0,0.737,4131960
1789151953,2,0,0.634,4131960
1789151953,0,0,0.003,4131960
1789151953,6,0,0.006,4131960
1789151954,4,0,0.271,4131960
1789151954,6,0,0.005,4131960
1789151954,5,0,0.687,4131960
1789151954,3,0,0.063,4131960
1789151954,1,0,0.001,4131960
1789151954,3,0,0.126,4131960
1789151955,5,0,0.221,4131960
1789151955,6,0,0.008,4131960
1789151955,0,0,0.006,4131960
1789151955,3,0,0.093,4131960
1789151955,2,0,0.002,4131960
1789151955,0,0,0.013,4131960
1789151955,0,0,0.018,4131960
1789151955,6,0,0.006,4131960
1789151955,1,0,0.001,4131960
1789151955,6,0,0.007,4131960
1789151959,7,0,3.859,4131960
1789151959,3,0,0.019,4131960
1789151959,4,0,0.422,4131960
1789151959,3,0,0.022,4131960
1789151959,2,0,0.002,4131960
1789151959,2,0,0.001,4131960
1789151959,2,0,0.002,4131960
1789151959,0,0,0.011,4131960
1789151959,3,0,0.046,4131960
1789151959,2,0,0.004,4131960
1789151960,4,0,0.84,4131960
1789151960,0,0,0.003,4131960
1789151960,6,0,0.003,4131960
1789151961,4,0,1.161,4131960
1789151961,0,0,0.013,4131960
1789151961,6,0,0.004,4131960
1789151963,4,0,1.35,4131960
1789151964,2,0,1.172,4131960
1789151968,5,0,4.136,4131960
1789151968,3,0,0.101,4131960
1789151968,6,0,0.006,4131960
1789151968,4,0,0.373,4131960
1789151969,4,0,0.732,4131960
1789151970,4,0,1.117,4131960
1789151970,3,0,0.111,4131960
1789151971,2,0,0.713,4131960
1789151972,5,0,0.663,4131960
1789151974,4,0,2.15,4131960
1789151974,3,0,0.003,4131960
1789151974,3,0,0.001,4131960
1789151974,0,0,0.011,4131960
1789151974,3,0,0.08,4131960
1789151974,2,0,0.001,4131960
1789151974,3,0,0.033,4131960
1789151974,5,0,0.093,4131960
1789151978,7,0,3.798,4131960
1789151978,6,0,0.006,4131960
1789151978,2,0,0,4131960
1789151979,4,0,1.306,4131960
1789151979,3,0,0.012,4131960
1789151979,1,0,0.002,4131960
1789151979,4,0,0.333,4131960
1789151980,6,0,0.015,4131960
1789151980,0,0,0.007,4131960
1789151980,3,0,0.049,4131960
1789151982,5,0,2.351,4131960
1789151986,5,0,3.95,4131960
1789151986,2,0,0.549,4131960
1789151986,6,0,0.004,4131960
1789151987,5,0,0.885,4131960
1789151988,5,0,0.741,4131960
1789151988,0,0,0.005,4131960
1789151993,7,0,4.895,4131960
1789151993,6,0,0.007,4131960
1789151993,3,0,0.036,4131960
1789151994,4,0,0.654,4131960
1789151997,7,0,3.284,4131960
1789151997,1,0,0.002,4131960
1789151997,2,0,0.001,4131960
1789151998,4,0,0.948,4131960
1789151998,0,0,0.008,4131960
1789151999,4,0,1.595,4131960
1789151999,0,0,0.009,4131960
1789151999,0,0,0.002,4131960
1789152000,3,0,0.062,4131960
1789152000,6,0,0.006,4131960
1789152000,1,0,0.001,4131960
1789152000,4,0,0.501,4131960
1789152000,0,0,0.007,4131960
1789152001,4,0,0.902,4131960
1789152001,4,0,0.368,4131960
1789152001,3,0,0.104,4131960
1789152001,6,0,0.004,4131960
1789152001,3,0,0.003,4131960
1789152001,1,0,0.001,4131960
1789152001,3,0,0.043,4131960
1789152002,7,0,0.225,4131960
1789152002,4,0,0.451,4131960
1789152002,3,0,0.003,4131960
1789152002,6,0,0.016,4131960
1789152002,3,0,0.084,4131960
1789152002,1,0,0.001,4131960
1789152006,5,0,3.654,4131960
1789152006,2,0,0.002,4131960
1789152007,4,0,0.568,4131960
1789152007,6,0,0.007,4131960
1789152007,1,0,0.002,4131960
1789152007,6,0,0.005,4131960
1789152007,3,0,0.094,4131960
1789152007,3,0,0.045,4131960
1789152008,5,0,0.95,4131960
1789152008,2,0,0.002,4131960
1789152008,0,0,0.01,4131960
1789152008,4,0,0.661,4131960
1789152008,0,0,0.011,4131960
1789152008,3,0,0.012,4131960
1789152008,1,0,0.002,4131960
1789152009,2,0,0.399,4131960
1789152009,4,0,0.527,4131960
1789152010,4,0,0.502,4131960
1789152010,1,0,0.001,4131960
1789152011,4,0,0.854,4131960
1789152012,5,0,1.354,4131960
1789152013,4,0,0.712,4131960
1789152013,2,0,0.002,4131960
1789152013,0,0,0.01,4131960
1789152013,7,0,0.376,4131960
1789152014,2,0,0.695,4131960
1789152014,3,0,0.053,4131960
1789152014,4,0,0.425,4131960
1789152018,5,0,4.113,4131960
1789152018,3,0,0.086,4131960
1789152019,4,0,0.484,4131960
1789152020,2,0,0.668,4131960
1789152020,6,0,0.008,4131960
1789152021,4,0,1,4131960
1789152021,4,0,0.836,4131960
1789152021,2,0,0.011,4131960
1789152021,1,0,0.001,4131960
1789152021,0,0,0.023,4131960
1789152022,3,0,0.068,4131960
1789152022,2,0,0.602,4131960
1789152023,2,0,0.785,4131960
1789152023,3,0,0.048,4131960
1789152023,5,0,0.107,4131960
1789152023,2,0,0.003,4131960
1789152024,4,0,0.508,4131960
1789152024,6,0,0.005,4131960
1789152024,6,0,0.007,4131960
1789152024,1,0,0.002,4131960
1789152024,4,0,0.599,4131960
1789152025,2,0,0.795,4131960
1789152025,5,0,0.102,4131960
1789152025,4,0,0.306,4131960
1789152026,2,0,0.696,4131960
1789152027,5,0,0.874,4131960
1789152027,5,0,0.449,4131960
1789152027,6,0,0.014,4131960
1789152027,3,0,0.048,4131960
1789152028,4,0,0.751,4131960
1789152028,3,0,0.103,4131960
1789152029,4,0,0.433,4131960
1789152029,6,0,0.004,4131960
1789152029,2,0,0.306,4131960
1789152029,0,0,0.011,4131960
1789152029,5,0,0.088,4131960
1789152030,4,0,0.374,4131960
1789152030,6,0,0.005,4131960
1789152030,4,0,0.449,4131960
1789152030,6,0,0.005,4131960
1789152030,5,0,0.123,4131960
1789152030,3,0,0.229,4131960
1789152030,3,0,0.008,4131960
1789152030,0,0,0.005,4131960
1789152030,6,0,0.01,4131960
1789152031,2,0,0.552,4131960
1789152031,4,0,0.201,4131960
1789152031,6,0,0.004,4131960
1789152031,3,0,0.063,4131960
1789152031,2,0,0.002,4131960
1789152032,2,0,0.794,4131960
1789152032,3,0,0.014,4131960
1789152036,5,0,4.069,4131960
1789152036,4,0,0.232,4131960
1789152037,4,0,0.23,4131960
1789152037,4,0,0.937,4131960
1789152037,1,0,0.002,4131960
1789152038,3,0,0.065,4131960
1789152038,2,0,0,4131960
1789152039,4,0,1.138,4131960
1789152039,2,0,0.661,4131960
1789152039,0,0,0.004,4131960
1789152039,0,0,0.005,4131960
1789152040,2,0,0.638,4131960
1789152040,2,0,0.005,4131960
1789152040,0,0,0.004,4131960
1789152041,2,0,0.816,4131960
1789152041,6,0,0.004,4131960
1789152041,4,0,0.476,4131960
1789152041,6,0,0.007,4131960
1789152041,5,0,0.125,4131960
1789152041,3,0,0.005,4131960
1789152041,3,0,0.033,4131960
1789152042,4,0,0.747,4131960
1789152042,4,0,0.244,4131960
1789152042,0,0,0.013,4131960
1789152043,5,0,0.37,4131960
1789152043,0,0,0.009,4131960
1789152043,2,0,0.002,4131960
1789152043,2,0,0.556,4131960
1789152044,4,0,0.369,4131960
1789152044,5,0,0.208,4131960
1789152044,3,0,0.076,4131960
1789152045,4,0,0.569,4131960
1789152046,2,0,1,4131960
1789152046,0,0,0.015,4131960
1789152046,0,0,0.011,4131960
1789152046,5,0,0.494,4131960
1789152046,6,0,0.008,4131960
1789152046,6,0,0.005,4131960
1789152047,5,0,0.433,4131960
1789152047,0,0,0.004,4131960
1789152047,4,0,0.311,4131960
1789152048,4,0,0.731,4131960
1789152048,5,0,0.111,4131960
1789152048,0,0,0.008,4131960
1789152049,4,0,1.154,4131960
1789152049,0,0,0.011,4131960
1789152049,3,0,0.056,4131960
1789152049,0,0,0.004,4131960
1789152049,0,0,0.008,4131960
1789152049,4,0,0.349,4131960
1789152049,2,0,0.003,4131960
1789152050,4,0,0.963,4131960
1789152050,4,0,0.186,4131960
1789152052,5,0,1.096,4131960
1789152052,6,0,0.009,4131960
1789152052,6,0,0.006,4131960
1789152052,4,0,0.535,4131960
1789152055,4,0,2.617,4131960
1789152055,3,0,0.058,4131960
1789152055,3,0,0.025,4131960
1789152055,6,0,0.007,4131960
1789152055,4,0,0.329,4131960
1789152056,2,0,0.927,4131960
1789152056,6,0,0.004,4131960
1789152057,4,0,1.083,4131960
1789152057,4,0,0.202,4131960
1789152058,5,0,0.384,4131960
1789152058,0,0,0.007,4131960
1789152058,3,0,0.049,4131960
1789152058,0,0,0.005,4131960
1789152058,0,0,0.01,4131960
1789152058,3,0,0.038,4131960
1789152058,0,0,0.004,4131960
1789152058,3,0,0.042,4131960
1789152058,0,0,0.006,4131960
1789152058,5,0,0.127,4131960
1789152058,4,0,0.332,4131960
1789152058,6,0,0.01,4131960
1789152059,4,0,0.568,4131960
1789152059,3,0,0.009,4131960
1789152059,3,0,0.003,4131960
1789152060,4,0,0.58,4131960
1789152061,4,0,1.244,4131960
1789152061,2,0,0.003,4131960
1789152061,6,0,0.011,4131960
1789152061,3,0,0.075,4131960
1789152061,2,0,0.44,4131960
1789152061,0,0,0.017,4131960
1789152061,6,0,0.006,4131960
1789152063,2,0,1.598,4131960
1789152063,0,0,0.009,4131960
1789152066,5,0,3.272,4131960
1789152067,5,0,1.189,4131960
1789152067,0,0,0.009,4131960
1789152067,3,0,0.002,4131960
1789152067,0,0,0.013,4131960
1789152068,4,0,0.522,4131960
1789152068,4,0,0.496,4131960
1789152068,2,0,0.002,4131960
1789152068,3,0,0.012,4131960
1789152069,6,0,0.022,4131960
1789152069,3,0,0.039,4131960
1789152069,0,0,0.013,4131960
1789152069,2,0,0.323,4131960
1789152070,4,0,1.158,4131960
1789152070,3,0,0.08,4131960
1789152070,4,0,0.328,4131960
1789152070,3,0,0.005,4131960
1789152071,3,0,0.082,4131960
1789152071,6,0,0.009,4131960
1789152071,3,0,0.059,4131960
1789152071,4,0,0.482,4131960
1789152071,3,0,0.041,4131960
1789152073,5,0,1.491,4131960
1789152073,6,0,0.007,4131960
1789152073,3,0,0.007,4131960
1789152073,2,0,0.628,4131960
1789152073,2,0,0.001,4131960
1789152074,4,0,0.361,4131960
1789152074,0,0,0.004,4131960
1789152074,3,0,0.181,4131960
1789152074,4,0,0.535,4131960
1789152074,6,0,0.005,4131960
1789152074,3,0,0.028,4131960
1789152075,4,0,0.403,4131960
1789152075,4,0,0.343,4131960
1789152076,4,0,0.957,4131960
1789152076,0,0,0.007,4131960
1789152076,3,0,0.167,4131960
1789152076,3,0,0.016,4131960
1789152077,4,0,1.12,4131960
1789152078,2,0,0.538,4131960
1789152078,3,0,0.134,4131960
1789152078,7,0,0.181,4131960
1789152078,4,0,0.253,4131960
1789152079,5,0,0.093,4131960
1789152079,4,0,0.419,4131960
1789152079,7,0,0.193,4131960
1789152079,0,0,0.013,4131960
1789152079,3,0,0.073,4131960
1789152079,0,0,0.005,4131960
1789152085,5,0,6.099,4131960
1789152086,4,0,0.295,4131960
1789152086,0,0,0.014,4131960
1789152086,2,0,0.004,4131960
1789152088,4,0,1.845,4131960
1789152088,4,0,0.351,4131960
1789152089,2,0,0.702,4131960
1789152089,1,0,0.003,4131960
1789152089,4,0,0.279,4131960
1789152090,4,0,0.691,4131960
1789152090,0,0,0.012,4131960
1789152090,1,0,0.001,4131960
1789152090,3,0,0.008,4131960
1789152090,4,0,0.766,4131960
1789152091,4,0,0.626,4131960
1789152091,2,0,0.002,4131960
1789152091,6,0,0.005,4131960
1789152093,4,0,1.56,4131960
1789152093,4,0,0.503,4131960
1789152093,1,0,0.001,4131960
1789152095,4,0,1.788,4131960
1789152095,0,0,0.019,4131960
1789152095,5,0,0.562,4131960
1789152097,4,0,1.127,4131960
1789152097,6,0,0.023,4131960
1789152098,5,0,1.057,4131960
1789152098,4,0,0.268,4131960
1789152098,2,0,0.003,4131960
1789152098,6,0,0.009,4131960
1789152098,3,0,0.003,4131960
1789152098,4,0,0.324,4131960
1789152098,1,0,0.001,4131960
1789152102,7,0,3.393,4131960
1789152102,2,0,0.002,4131960
1789152102,3,0,0.018,4131960
1789152102,6,0,0.006,4131960
1789152102,0,0,0.007,4131960
1789152102,4,0,0.511,4131960
1789152102,4,0,0.221,4131960
1789152107,5,0,4.202,4131960
1789152107,4,0,0.455,4131960
1789152107,2,0,0.39,4131960
1789152108,2,0,0.765,4131960
1789152109,2,0,1.267,4131960
1789152109,0,0,0.014,4131960
1789152110,3,0,0.026,4131960
1789152110,2,0,0.005,4131960
1789152110,4,0,0.544,4131960
1789152110,2,0,0.241,4131960
1789152110,6,0,0.003,4131960
1789152111,4,0,0.467,4131960
1789152111,2,0,0.543,4131960
1789152111,0,0,0.005,4131960
1789152111,3,0,0.072,4131960
1789152111,0,0,0.016,4131960
1789152116,5,0,5.077,4131960
1789152117,0,0,0.006,4131960
1789152117,0,0,0.011,4131960
1789152117,4,0,0.346,4131960
1789152118,5,0,0.964,4131960
1789152118,7,0,0.55,4131960
1789152118,0,0,0.014,4131960
1789152118,0,0,0.003,4131960
1789152119,2,0,0.472,4131960
1789152119,3,0,0.205,4131960
1789152120,4,0,0.657,4131960
1789152120,0,0,0.011,4131960
1789152120,6,0,0.007,4131960
1789152120,2,0,0.364,4131960
1789152120,0,0,0.007,4131960
1789152120,1,0,0.001,4131960
1789152120,2,0,0.003,4131960
1789152121,4,0,0.424,4131960
1789152121,0,0,0.007,4131960
1789152124,5,0,3.87,4131960
1789152125,2,0,0.343,4131960
1789152125,0,0,0.004,4131960
1789152125,3,0,0.005,4131960
1789152125,5,0,0.258,4131960
1789152125,3,0,0.003,4131960
1789152125,6,0,0.004,4131960
1789152125,0,0,0.01,4131960
1789152125,3,0,0.029,4131960
1789152125,7,0,0.176,4131960
1789152125,3,0,0.037,4131960
1789152125,6,0,0.009,4131960
1789152125,6,0,0.007,4131960
1789152125,1,0,0.001,4131960
1789152126,4,0,0.382,4131960
1789152126,3,0,0.066,4131960
1789152126,0,0,0.012,4131960
1789152126,1,0,0.001,4131960
1789152126,2,0,0.471,4131960
1789152126,0,0,0.003,4131960
1789152126,6,0,0.006,4131960
1789152127,4,0,0.887,4131960
1789152127,7,0,0.131,4131960
1789152128,4,0,0.478,4131960
1789152131,5,0,3.288,4131960
1789152132,4,0,0.952,4131960
1789152132,0,0,0.015,4131960
1789152133,4,0,0.834,4131960
1789152133,6,0,0.008,4131960
1789152133,4,0,0.569,4131960
1789152134,5,0,0.331,4131960
1789152134,3,0,0.003,4131960
1789152134,2,0,0.357,4131960
1789152138,5,0,4.251,4131960
1789152138,1,0,0.001,4131960
1789152138,0,0,0.012,4131960
1789152139,5,0,0.203,4131960
1789152139,0,0,0.006,4131960
1789152139,0,0,0.048,4131960
1789152139,3,0,0.151,4131960
1789152139,6,0,0.013,4131960
1789152139,3,0,0.138,4131960
1789152139,0,0,0.013,4131960
1789152139,2,0,0.003,4131960
1789152139,0,0,0.011,4131960
1789152139,3,0,0.053,4131960
1789152140,4,0,0.529,4131960
1789152140,4,0,0.873,4131960
1789152140,3,0,0.06,4131960
1789152140,2,0,0.003,4131960
1789152141,4,0,0.417,4131960
1789152141,7,0,0.131,4131960
1789152144,5,0,2.616,4131960
1789152144,4,0,0.556,4131960
1789152144,6,0,0.007,4131960
1789152144,2,0,0.003,4131960
1789152145,4,0,0.437,4131960
1789152145,0,0,0.027,4131960
1789152145,4,0,0.533,4131960
1789152145,2,0,0.001,4131960
1789152145,0,0,0.009,4131960
1789152145,4,0,0.201,4131960
1789152145,3,0,0.005,4131960
1789152145,3,0,0.057,4131960
1789152145,3,0,0.02,4131960
1789152146,2,0,0.44,4131960
1789152147,2,0,0.615,4131960
1789152147,4,0,0.23,4131960
1789152147,6,0,0.005,4131960
1789152147,3,0,0.134,4131960
1789152148,4,0,0.681,4131960
1789152148,2,0,0.86,4131960
1789152149,4,0,0.198,4131960
1789152149,3,0,0.05,4131960
1789152149,4,0,0.616,4131960
1789152149,0,0,0.005,4131960
1789152149,2,0,0.003,4131960
1789152151,2,0,2.166,4131960
1789152152,4,0,0.978,4131960
1789152154,2,0,1.347,4131960
1789152154,6,0,0.008,4131960
1789152154,4,0,0.482,4131960
1789152154,2,0,0.002,4131960
1789152156,4,0,2.171,4131960
1789152157,5,0,0.098,4131960
1789152157,6,0,0.006,4131960
1789152157,5,0,0.171,4131960
1789152157,5,0,0.157,4131960
1789152157,0,0,0.012,4131960
1789152158,5,0,0.589,4131960
1789152158,5,0,0.849,4131960
1789152158,6,0,0.005,4131960
1789152158,2,0,0.003,4131960
1789152159,2,0,0.542,4131960
1789152159,1,0,0.002,4131960
1789152159,4,0,0.376,4131960
1789152159,1,0,0.002,4131960
1789152159,3,0,0.068,4131960
1789152159,3,0,0.054,4131960
1789152159,2,0,0.006,4131960
1789152159,3,0,0.005,4131960
1789152159,2,0,0.001,4131960
1789152160,4,0,0.361,4131960
1789152160,0,0,0.005,4131960
1789152160,3,0,0.018,4131960
1789152160,3,0,0.041,4131960
1789152160,0,0,0.003,4131960
1789152160,3,0,0.021,4131960
1789152160,0,0,0.008,4131960
1789152160,3,0,0.006,4131960
1789152160,3,0,0.007,4131960
1789152160,0,0,0.021,4131960
1789152161,4,0,0.587,4131960
1789152161,0,0,0.011,4131960
1789152161,0,0,0.004,4131960
1789152161,0,0,0.003,4131960
1789152161,0,0,0.005,4131960
1789152161,2,0,0.299,4131960
1789152162,4,0,0.843,4131960
1789152162,1,0,0.001,4131960
1789152162,6,0,0.006,4131960
1789152162,6,0,0.017,4131960
1789152162,6,0,0.005,4131960
1789152162,5,0,0.223,4131960
1789152162,6,0,0.007,4131960
1789152162,4,0,0.254,4131960
1789152162,3,0,0.039,4131960
1789152162,3,0,0.04,4131960
1789152162,6,0,0.008,4131960
1789152162,3,0,0.004,4131960
1789152164,5,0,1.538,4131960
1789152164,0,0,0.004,4131960
1789152164,3,0,0.006,4131960
1789152164,4,0,0.35,4131960
1789152165,2,0,0.518,4131960
1789152165,3,0,0.055,4131960
1789152166,5,0,1.355,4131960
1789152166,1,0,0.001,4131960
1789152166,3,0,0.052,4131960
1789152167,5,0,0.648,4131960
1789152167,4,0,0.475,4131960
1789152168,4,0,0.943,4131960
1789152168,6,0,0.009,4131960
1789152172,5,0,3.778,4131960
1789152172,6,0,0.004,4131960
1789152172,1,0,0,4131960
1789152172,1,0,0.001,4131960
1789152172,6,0,0.006,4131960
1789152172,3,0,0.036,4131960
1789152173,4,0,0.569,4131960
1789152173,3,0,0.005,4131960
1789152173,4,0,0.29,4131960
1789152173,3,0,0.004,4131960
1789152173,6,0,0.006,4131960
1789152174,4,0,1.174,4131960
1789152174,1,0,0.002,4131960
1789152175,4,0,0.424,4131960
1789152175,3,0,0.033,4131960
1789152175,2,0,0.274,4131960
1789152175,3,0,0.04,4131960
1789152175,0,0,0.009,4131960
1789152175,3,0,0.087,4131960
1789152175,6,0,0.019,4131960
1789152175,0,0,0.005,4131960
1789152175,2,0,0.38,4131960
1789152176,2,0,0.731,4131960
1789152176,3,0,0.051,4131960
1789152176,5,0,0.114,4131960
1789152177,2,0,0.584,4131960
1789152177,5,0,0.603,4131960
1789152182,5,0,4.097,4131960
1789152182,0,0,0.005,4131960
1789152182,0,0,0.003,4131960
1789152182,0,0,0.004,4131960
1789152182,0,0,0.003,4131960
1789152182,0,0,0.003,4131960
1789152182,6,0,0.006,4131960
1789152182,0,0,0.003,4131960
1789152182,4,0,0.391,4131960
1789152182,3,0,0.05,4131960
1789152182,3,0,0.04,4131960
1789152183,2,0,0.743,4131960
1789152183,4,0,0.542,4131960
1789152183,6,0,0.01,4131960
1789152186,4,0,2.9,4131960
1789152190,5,0,3.24,4131960
1789152190,6,0,0.005,4131960
1789152190,5,0,0.15,4131960
1789152190,6,0,0.004,4131960
1789152190,3,0,0.123,4131960
1789152190,3,0,0.014,4131960
1789152190,3,0,0.01,4131960
1789152190,3,0,0.006,4131960
1789152190,2,0,0.002,4131960
1789152190,6,0,0.009,4131960
1789152191,4,0,0.667,4131960
1789152191,0,0,0.005,4131960
1789152191,2,0,0.788,4131960
1789152191,0,0,0.004,4131960
1789152192,4,0,0.308,4131960
1789152193,2,0,1.582,4131960
1789152194,5,0,0.465,4131960
1789152195,4,0,0.946,4131960
1789152195,0,0,0.006,4131960
1789152196,4,0,0.945,4131960
1789152200,7,0,4.066,4131960
1789152200,6,0,0.009,4131960
1789152200,6,0,0.006,4131960
1789152200,0,0,0.007,4131960
1789152200,1,0,0.001,4131960
1789152200,4,0,0.63,4131960
1789152200,5,0,0.145,4131960
1789152201,4,0,0.683,4131960
1789152202,4,0,1.116,4131960
1789152202,6,0,0.005,4131960
1789152204,4,0,1.335,4131960
1789152204,0,0,0.011,4131960
1789152204,3,0,0.05,4131960
1789152204,5,0,0.139,4131960
1789152204,3,0,0.082,4131960
1789152204,5,0,0.624,4131960
1789152204,6,0,0.009,4131960
1789152204,6,0,0.006,4131960
1789152206,4,0,1.248,4131960
1789152206,6,0,0.01,4131960
1789152206,3,0,0.092,4131960
1789152206,3,0,0.059,4131960
1789152206,0,0,0.008,4131960
1789152206,1,0,0.002,4131960
1789152208,4,0,2.482,4131960
1789152209,4,0,1.081,4131960
1789152211,4,0,1.814,4131960
1789152212,4,0,0.447,4131960
1789152212,2,0,0.003,4131960
1789152212,6,0,0.009,4131960
1789152212,4,0,0.527,4131960
1789152213,4,0,0.333,4131960
1789152216,5,0,3.365,4131960
1789152216,3,0,0.064,4131960
1789152216,6,0,0.006,4131960
1789152216,6,0,0.007,4131960
1789152217,4,0,0.582,4131960
1789152217,6,0,0.005,4131960
1789152217,3,0,0.068,4131960
1789152217,2,0,0.001,4131960
1789152217,6,0,0.008,4131960
1789152217,3,0,0.007,4131960
1789152217,3,0,0.04,4131960
1789152217,6,0,0.006,4131960
1789152217,3,0,0.008,4131960
1789152218,5,0,0.953,4131960
1789152218,2,0,0,4131960
1789152218,1,0,0.001,4131960
1789152218,4,0,0.42,4131960
1789152218,0,0,0.007,4131960
1789152218,3,0,0.051,4131960
1789152218,6,0,0.005,4131960
1789152218,0,0,0.003,4131960
1789152218,3,0,0.057,4131960
1789152218,5,0,0.155,4131960
1789152219,4,0,0.426,4131960
1789152219,4,0,0.31,4131960
1789152219,3,0,0.056,4131960
1789152219,3,0,0.03,4131960
1789152219,3,0,0.067,4131960
1789152220,5,0,0.212,4131960
1789152220,6,0,0.008,4131960
1789152220,6,0,0.005,4131960
1789152220,4,0,0.818,4131960
1789152220,3,0,0.002,4131960
1789152220,3,0,0.009,4131960
1789152220,3,0,0.032,4131960
1789152221,3,0,0.162,4131960
1789152221,5,0,0.408,4131960
1789152221,0,0,0.005,4131960
1789152221,3,0,0.006,4131960
1789152221,3,0,0.076,4131960
1789152221,0,0,0.006,4131960
1789152221,2,0,0.002,4131960
1789152223,4,0,1.581,4131960
1789152223,0,0,0.007,4131960
1789152223,4,0,0.656,4131960
1789152224,2,0,0.893,4131960
1789152224,0,0,0.009,4131960
1789152225,4,0,0.458,4131960
1789152226,4,0,1.305,4131960
1789152226,2,0,0.41,4131960
1789152226,3,0,0.052,4131960
1789152226,3,0,0.006,4131960
1789152226,0,0,0.008,4131960
1789152227,5,0,0.118,4131960
1789152227,5,0,0.113,4131960
1789152227,3,0,0.052,4131960
1789152227,0,0,0.006,4131960
1789152227,2,0,0.522,4131960
1789152227,2,0,0,4131960
1789152227,1,0,0.002,4131960
1789152228,4,0,0.516,4131960
1789152228,1,0,0.002,4131960
1789152228,4,0,0.397,4131960
1789152229,4,0,0.482,4131960
1789152229,2,0,0.434,4131960
1789152229,3,0,0.082,4131960
1789152230,2,0,1.303,4131960
1789152230,6,0,0.007,4131960
1789152230,0,0,0.01,4131960
1789152231,0,0,0.025,4131960
1789152232,4,0,1.662,4131960
1789152232,3,0,0.047,4131960
1789152232,3,0,0.007,4131960
1789152232,1,0,0.001,4131960
1789152233,5,0,0.728,4131960
1789152233,3,0,0.009,4131960
1789152233,6,0,0.005,4131960
1789152233,3,0,0.007,4131960
1789152234,2,0,0.6,4131960
1789152234,2,0,0.568,4131960
1789152234,0,0,0.01,4131960
1789152235,2,0,0.512,4131960
1789152237,4,0,2.332,4131960
1789152239,4,0,2.04,4131960
1789152239,3,0,0.066,4131960
1789152239,0,0,0.007,4131960
1789152239,1,0,0.001,4131960
1789152240,4,0,0.717,4131960
1789152240,0,0,0.018,4131960
1789152241,5,0,0.788,4131960
1789152241,6,0,0.004,4131960
1789152241,2,0,0.001,4131960
1789152241,2,0,0.482,4131960
1789152241,3,0,0.006,4131960
1789152241,2,0,0.002,4131960
1789152241,1,0,0.001,4131960
1789152241,6,0,0.006,4131960
1789152241,1,0,0.001,4131960
1789152241,5,0,0.118,4131960
1789152241,5,0,0.102,4131960
1789152241,1,0,0.001,4131960
1789152241,0,0,0.008,4131960
1789152243,4,0,1.494,4131960
1789152243,0,0,0.016,4131960
1789152243,4,0,0.31,4131960
1789152243,3,0,0.089,4131960
1789152243,6,0,0.005,4131960
1789152243,6,0,0.009,4131960
1789152243,0,0,0.022,4131960
1789152243,3,0,0.114,4131960
1789152244,3,0,0.078,4131960
1789152244,5,0,0.134,4131960
1789152244,3,0,0.047,4131960
1789152245,5,0,1.26,4131960
1789152245,3,0,0.005,4131960
1789152245,7,0,0.168,4131960
1789152245,3,0,0.184,4131960
1789152245,6,0,0.013,4131960
1789152245,3,0,0.11,4131960
1789152246,4,0,0.607,4131960
1789152247,4,0,0.754,4131960
1789152247,3,0,0.157,4131960
1789152247,5,0,0.197,4131960
1789152247,3,0,0.004,4131960
1789152248,5,0,0.676,4131960
1789152248,0,0,0.008,4131960
1789152249,4,0,0.813,4131960
1789152249,6,0,0.009,4131960
1789152249,0,0,0.006,4131960
1789152249,0,0,0.006,4131960
1789152249,7,0,0.372,4131960
1789152249,6,0,0.007,4131960
1789152249,1,0,0.001,4131960
1789152249,2,0,0.001,4131960
1789152249,4,0,0.356,4131960
1789152249,3,0,0.07,4131960
1789152250,4,0,0.871,4131960
1789152251,4,0,0.304,4131960
1789152251,6,0,0.008,4131960
1789152252,2,0,1.062,4131960
1789152252,0,0,0.013,4131960
1789152252,5,0,0.336,4131960
1789152253,4,0,0.657,4131960
1789152253,0,0,0.008,4131960
1789152253,0,0,0.01,4131960
1789152253,6,0,0.014,4131960
1789152253,3,0,0.069,4131960
1789152253,2,0,0.003,4131960
1789152253,3,0,0.069,4131960
1789152253,2,0,0.001,4131960
1789152253,0,0,0.029,4131960
1789152254,2,0,0.589,4131960
1789152254,4,0,0.53,4131960
1789152254,6,0,0.033,4131960
1789152254,5,0,0.105,4131960
1789152254,3,0,0.028,4131960
1789152255,2,0,0.681,4131960
1789152260,7,0,4.835,4131960
1789152260,4,0,0.597,4131960
1789152260,2,0,0.002,4131960
1789152261,4,0,0.367,4131960
1789152261,2,0,0.01,4131960
1789152261,3,0,0.016,4131960
1789152262,2,0,1.228,4131960
1789152262,3,0,0.006,4131960
1789152265,5,0,3.095,4131960
1789152266,4,0,0.522,4131960
1789152266,5,0,0.155,4131960
1789152266,0,0,0.003,4131960
1789152266,6,0,0.006,4131960
1789152267,4,0,1.56,4131960
1789152268,4,0,0.344,4131960
1789152268,3,0,0.023,4131960
1789152268,2,0,0.002,4131960
1789152268,4,0,0.292,4131960
1789152269,5,0,0.561,4131960
1789152273,7,0,4.565,4131960
1789152274,2,0,0.947,4131960
1789152274,3,0,0.011,4131960
1789152275,4,0,0.513,4131960
1789152275,4,0,0.498,4131960
1789152275,2,0,0.006,4131960
1789152275,0,0,0.004,4131960
1789152275,3,0,0.069,4131960
1789152275,5,0,0.156,4131960
1789152275,2,0,0.004,4131960
1789152275,3,0,0.052,4131960
1789152275,3,0,0.027,4131960
1789152275,1,0,0.003,4131960
1789152275,0,0,0.007,4131960
1789152276,4,0,0.594,4131960
1789152276,1,0,0.002,4131960
1789152279,7,0,3.145,4131960
1789152280,4,0,0.831,4131960
1789152283,5,0,3.24,4131960
1789152283,6,0,0.019,4131960
1789152283,3,0,0.01,4131960
1789152283,1,0,0.001,4131960
1789152283,2,0,0.003,4131960
1789152283,3,0,0.024,4131960
1789152283,6,0,0.027,4131960
1789152283,2,0,0.002,4131960
1789152283,3,0,0.025,4131960
1789152283,3,0,0.082,4131960
1789152284,4,0,0.36,4131960
1789152284,4,0,0.471,4131960
1789152284,2,0,0.001,4131960
1789152284,6,0,0.008,4131960
1789152285,4,0,0.684,4131960
1789152286,4,0,0.585,4131960
1789152286,4,0,0.472,4131960
1789152286,0,0,0.005,4131960
1789152286,3,0,0.088,4131960
1789152286,0,0,0.008,4131960
1789152286,3,0,0.1,4131960
1789152286,2,0,0.003,4131960
1789152286,6,0,0.015,4131960
1789152286,2,0,0.002,4131960
1789152287,2,0,0.315,4131960
1789152287,3,0,0.054,4131960
1789152288,4,0,1.151,4131960
1789152288,3,0,0.052,4131960
1789152288,2,0,0.371,4131960
1789152288,0,0,0.012,4131960
1789152288,6,0,0.01,4131960
1789152289,4,0,0.816,4131960
1789152289,1,0,0.001,4131960
1789152293,5,0,4.46,4131960
1789152294,3,0,0.083,4131960
1789152294,0,0,0.012,4131960
1789152297,5,0,3.629,4131960
1789152297,1,0,0.001,4131960
1789152297,0,0,0.01,4131960
1789152298,4,0,1.14,4131960
1789152298,2,0,0.005,4131960
1789152299,4,0,0.322,4131960
1789152303,7,0,4.387,4131960
1789152304,2,0,0.475,4131960
1789152304,6,0,0.017,4131960
1789152304,6,0,0.021,4131960
1789152304,0,0,0.005,4131960
1789152305,4,0,1.149,4131960
1789152305,4,0,0.477,4131960
1789152306,2,0,0.826,4131960
1789152306,3,0,0.006,4131960
1789152306,0,0,0.005,4131960
1789152306,3,0,0.042,4131960
1789152306,3,0,0.053,4131960
1789152306,6,0,0.006,4131960
1789152306,1,0,0.001,4131960
1789152310,5,0,3.915,4131960
1789152310,3,0,0.006,4131960
1789152310,6,0,0.008,4131960
1789152311,4,0,0.615,4131960
1789152311,6,0,0.005,4131960
1789152312,2,0,1.756,4131960
1789152313,7,0,0.701,4131960
1789152313,7,0,0.159,4131960
1789152313,0,0,0.004,4131960
1789152317,5,0,3.477,4131960
1789152318,4,0,0.872,4131960
1789152318,4,0,0.397,4131960
1789152319,5,0,0.647,4131960
1789152319,3,0,0.098,4131960
1789152319,4,0,0.226,4131960
1789152319,1,0,0.002,4131960
1789152319,3,0,0.002,4131960
1789152320,2,0,0.49,4131960
1789152320,3,0,0.015,4131960
1789152320,3,0,0.067,4131960
1789152320,0,0,0.006,4131960
1789152320,3,0,0.081,4131960
1789152320,1,0,0.001,4131960
1789152320,4,0,0.318,4131960
1789152320,2,0,0.001,4131960
1789152320,6,0,0.024,4131960
1789152320,0,0,0.004,4131960
1789152321,4,0,1.173,4131960
1789152321,2,0,0.001,4131960
1789152321,0,0,0.005,4131960
1789152321,3,0,0.128,4131960
1789152322,4,0,0.36,4131960
1789152322,3,0,0.029,4131960
1789152322,0,0,0.007,4131960
1789152322,2,0,0.002,4131960
1789152322,1,0,0.001,4131960
1789152322,1,0,0.001,4131960
1789152322,0,0,0.004,4131960
1789152322,2,0,0.003,4131960
1789152322,4,0,0.445,4131960
1789152323,4,0,0.704,4131960
1789152323,3,0,0.029,4131960
1789152323,0,0,0.01,4131960
1789152323,0,0,0.008,4131960
1789152323,0,0,0.005,4131960
1789152324,4,0,0.903,4131960
1789152324,3,0,0.072,4131960
1789152324,6,0,0.008,4131960
1789152324,6,0,0.005,4131960
1789152324,6,0,0.011,4131960
1789152324,6,0,0.007,4131960
1789152324,4,0,0.504,4131960
1789152326,2,0,1.296,4131960
1789152326,2,0,0.538,4131960
1789152326,0,0,0.01,4131960
1789152327,4,0,0.799,4131960
1789152327,2,0,0.001,4131960
1789152328,4,0,0.663,4131960
1789152328,2,0,0.002,4131960
1789152328,4,0,0.339,4131960
1789152328,0,0,0.005,4131960
1789152328,0,0,0.007,4131960
1789152328,4,0,0.228,4131960
1789152328,6,0,0.005,4131960
1789152329,4,0,0.169,4131960
1789152330,4,0,1.002,4131960
1789152330,0,0,0.004,4131960
1789152330,2,0,0.002,4131960
1789152330,4,0,0.711,4131960
1789152330,3,0,0.11,4131960
1789152331,4,0,0.755,4131960
1789152332,4,0,1.11,4131960
1789152332,4,0,0.254,4131960
1789152332,2,0,0.002,4131960
1789152333,4,0,0.282,4131960
1789152333,2,0,0.002,4131960
1789152333,1,0,0.002,4131960
1789152337,5,0,3.8,4131960
1789152337,6,0,0.006,4131960
1789152337,2,0,0,4131960
1789152337,0,0,0.006,4131960
1789152337,3,0,0.045,4131960
1789152337,3,0,0.007,4131960
1789152337,6,0,0.018,4131960
1789152337,4,0,0.506,4131960
1789152337,2,0,0.001,4131960
1789152337,3,0,0.01,4131960
1789152338,4,0,0.899,4131960
1789152339,4,0,0.627,4131960
1789152339,1,0,0.002,4131960
1789152340,2,0,0.88,4131960
1789152341,2,0,1.678,4131960
1789152341,0,0,0.005,4131960
1789152346,5,0,4.535,4131960
1789152346,0,0,0.005,4131960
1789152346,0,0,0.006,4131960
1789152346,6,0,0.007,4131960
1789152346,2,0,0.002,4131960
1789152346,3,0,0.029,4131960
1789152346,2,0,0.407,4131960
1789152346,6,0,0.005,4131960
1789152346,0,0,0.007,4131960
1789152346,2,0,0.002,4131960
1789152347,4,0,0.37,4131960
1789152347,4,0,0.235,4131960
1789152347,6,0,0.017,4131960
1789152347,0,0,0.015,4131960
1789152347,2,0,0.533,4131960
1789152348,5,0,0.127,4131960
1789152348,2,0,0.417,4131960
1789152348,3,0,0.004,4131960
1789152348,3,0,0.097,4131960
1789152350,2,0,1.5,4131960
1789152350,0,0,0.007,4131960
1789152350,4,0,0.368,4131960
1789152350,4,0,0.519,4131960
1789152350,3,0,0.003,4131960
1789152351,3,0,0.043,4131960
1789152351,0,0,0.009,4131960
1789152351,3,0,0.042,4131960
1789152352,5,0,0.965,4131960
1789152352,4,0,0.44,4131960
1789152352,3,0,0.056,4131960
1789152357,5,0,4.655,4131960
1789152357,4,0,0.623,4131960
1789152357,3,0,0.005,4131960
1789152357,6,0,0.005,4131960
1789152357,3,0,0.041,4131960
1789152357,3,0,0.044,4131960
1789152357,0,0,0.004,4131960
1789152358,5,0,0.472,4131960
1789152358,0,0,0.007,4131960
1789152359,4,0,1.379,4131960
1789152359,3,0,0.01,4131960
1789152360,5,0,0.741,4131960
1789152361,4,0,0.489,4131960
1789152361,7,0,0.516,4131960
1789152361,3,0,0.067,4131960
1789152361,0,0,0.004,4131960
1789152365,5,0,4.185,4131960
1789152365,3,0,0.049,4131960
1789152366,4,0,0.494,4131960
1789152366,0,0,0.005,4131960
1789152366,4,0,0.428,4131960
1789152366,0,0,0.007,4131960
1789152366,3,0,0.011,4131960
1789152366,2,0,0.005,4131960
1789152366,6,0,0.01,4131960
1789152366,0,0,0.013,4131960
1789152366,3,0,0.074,4131960
1789152366,3,0,0.111,4131960
1789152367,0,0,0.02,4131960
1789152367,3,0,0.021,4131960
1789152368,5,0,1.13,4131960
1789152368,4,0,0.565,4131960
1789152368,3,0,0.134,4131960
1789152368,3,0,0.08,4131960
1789152368,3,0,0.009,4131960
1789152372,5,0,3.568,4131960
1789152372,1,0,0.001,4131960
1789152372,3,0,0.005,4131960
1789152372,3,0,0.049,4131960
1789152372,6,0,0.02,4131960
1789152373,2,0,0.835,4131960
1789152373,3,0,0.009,4131960
1789152373,0,0,0.008,4131960
1789152373,0,0,0.003,4131960
1789152374,4,0,1.313,4131960
1789152374,0,0,0.037,4131960
1789152376,4,0,1.335,4131960
1789152376,3,0,0.157,4131960
1789152376,3,0,0.108,4131960
1789152377,2,0,1.168,4131960
1789152377,3,0,0.008,4131960
1789152377,6,0,0.019,4131960
1789152377,4,0,0.371,4131960
1789152378,5,0,0.454,4131960
1789152379,4,0,0.723,4131960
1789152379,0,0,0.004,4131960
1789152379,4,0,0.371,4131960
1789152380,4,0,0.539,4131960
1789152380,2,0,0.001,4131960
1789152380,2,0,0.437,4131960
1789152380,1,0,0.002,4131960
1789152380,3,0,0.158,4131960
1789152380,1,0,0.002,4131960
1789152380,4,0,0.342,4131960
1789152381,0,0,0.013,4131960
1789152381,4,0,0.206,4131960
1789152381,0,0,0.005,4131960
1789152381,4,0,0.306,4131960
1789152381,0,0,0.01,4131960
1789152387,5,0,5.706,4131960
1789152388,2,0,0.881,4131960
1789152392,5,0,4.025,4131960
1789152392,6,0,0.005,4131960
1789152392,0,0,0.006,4131960
1789152392,6,0,0.006,4131960
1789152392,3,0,0.075,4131960
1789152392,0,0,0.007,4131960
1789152392,2,0,0.478,4131960
1789152392,0,0,0.011,4131960
1789152393,4,0,0.516,4131960
1789152393,1,0,0.002,4131960
1789152393,2,0,0.001,4131960
1789152393,0,0,0.009,4131960
1789152393,3,0,0.048,4131960
1789152393,6,0,0.005,4131960
1789152393,4,0,0.525,4131960
1789152394,2,0,0.721,4131960
1789152394,4,0,0.272,4131960
1789152394,6,0,0.005,4131960
1789152394,6,0,0.014,4131960
1789152394,1,0,0.001,4131960
1789152395,4,0,0.603,4131960
1789152401,5,0,5.942,4131960
1789152401,2,0,0.367,4131960
1789152401,2,0,0.002,4131960
1789152401,3,0,0.064,4131960
1789152403,5,0,1.331,4131960
1789152403,3,0,0.06,4131960
1789152403,3,0,0.007,4131960
1789152403,0,0,0.005,4131960
1789152403,6,0,0.01,4131960
1789152403,1,0,0.001,4131960
1789152403,6,0,0.003,4131960
1789152403,2,0,0.001,4131960
1789152403,3,0,0.029,4131960
1789152403,3,0,0.009,4131960
1789152403,1,0,0.001,4131960
1789152403,3,0,0.046,4131960
1789152403,2,0,0.003,4131960
1789152403,4,0,0.284,4131960
1789152404,4,0,0.513,4131960
1789152404,3,0,0.034,4131960
1789152404,3,0,0.03,4131960
1789152404,3,0,0.065,4131960
1789152404,3,0,0.003,4131960
1789152404,6,0,0.007,4131960
1789152405,4,0,0.881,4131960
1789152405,6,0,0.008,4131960
1789152405,2,0,0.002,4131960
1789152405,0,0,0.005,4131960
1789152405,1,0,0.001,4131960
1789152405,2,0,0.167,4131960
1789152405,3,0,0.01,4131960
1789152405,5,0,0.338,4131960
1789152405,3,0,0.081,4131960
1789152405,0,0,0.005,4131960
1789152405,0,0,0.003,4131960
1789152405,3,0,0.008,4131960
1789152406,2,0,0.424,4131960
1789152406,2,0,0.004,4131960
1789152406,4,0,0.436,4131960
1789152406,0,0,0.012,4131960
1789152406,5,0,0.136,4131960
1789152407,4,0,0.57,4131960
1789152407,4,0,0.618,4131960
1789152407,6,0,0.008,4131960
1789152408,4,0,0.478,4131960
1789152408,0,0,0.004,4131960
1789152408,2,0,0.002,4131960
1789152408,3,0,0.044,4131960
1789152408,6,0,0.013,4131960
1789152410,4,0,1.759,4131960
1789152410,3,0,0.014,4131960
1789152415,7,0,4.963,4131960
1789152415,0,0,0.002,4131960
1789152415,3,0,0.082,4131960
1789152415,5,0,0.146,4131960
1789152417,4,0,2.138,4131960
1789152417,0,0,0.045,4131960
1789152417,0,0,0.004,4131960
1789152417,6,0,0.006,4131960
1789152417,2,0,0.001,4131960
1789152417,1,0,0.001,4131960
1789152417,6,0,0.015,4131960
1789152417,4,0,0.027,4131960
1789152419,7,0,1.311,4131960
1789152419,3,0,0.032,4131960
1789152419,3,0,0.033,4131960
1789152419,4,0,0.363,4131960
1789152419,3,0,0.007,4131960
1789152419,4,0,0.471,4131960
1789152419,0,0,0.003,4131960
1789152420,4,0,0.662,4131960
1789152420,3,0,0.037,4131960
1789152420,0,0,0.005,4131960
1789152420,4,0,0.307,4131960
1789152421,7,0,0.15,4131960
1789152421,2,0,0.001,4131960
1789152421,0,0,0.01,4131960
1789152421,3,0,0.01,4131960
1789152421,6,0,0.01,4131960
1789152421,1,0,0.001,4131960
1789152421,2,0,0.008,4131960
1789152421,4,0,0.531,4131960
1789152422,5,0,0.883,4131960
1789152423,2,0,0.705,4131960
1789152423,6,0,0.033,4131960
1789152423,1,0,0.002,4131960
1789152424,5,0,0.939,4131960
1789152424,0,0,0.004,4131960
1789152425,2,0,0.885,4131960
1789152425,2,0,0.521,4131960
1789152426,4,0,0.708,4131960
1789152426,0,0,0.004,4131960
1789152426,0,0,0.007,4131960
1789152426,3,0,0.008,4131960
1789152426,0,0,0.005,4131960
1789152426,4,0,0.303,4131960
1789152427,5,0,1.039,4131960
1789152427,6,0,0.007,4131960
1789152427,0,0,0.035,4131960
1789152427,3,0,0.07,4131960
1789152427,3,0,0.036,4131960
1789152427,1,0,0.001,4131960
1789152427,0,0,0.011,4131960
1789152428,4,0,0.679,4131960
1789152428,0,0,0.006,4131960
1789152428,6,0,0.009,4131960
1789152428,2,0,0.003,4131960
1789152428,0,0,0.005,4131960
1789152428,0,0,0.011,4131960
1789152429,2,0,0.571,4131960
1789152429,6,0,0.006,4131960
1789152429,4,0,0.616,4131960
1789152430,2,0,0.884,4131960
1789152430,2,0,0.002,4131960
1789152431,4,0,0.682,4131960
1789152431,4,0,0.35,4131960
1789152431,3,0,0.026,4131960
1789152431,0,0,0.008,4131960
1789152432,2,0,0.502,4131960
1789152432,0,0,0.009,4131960
1789152432,3,0,0.077,4131960
1789152432,0,0,0.005,4131960
1789152432,6,0,0.011,4131960
1789152432,4,0,0.405,4131960
1789152433,4,0,0.347,4131960
1789152433,3,0,0.163,4131960
1789152433,4,0,0.406,4131960
1789152433,6,0,0.006,4131960
1789152433,1,0,0.001,4131960
1789152433,1,0,0.001,4131960
1789152433,0,0,0.005,4131960
1789152433,0,0,0.012,4131960
1789152433,6,0,0.005,4131960
1789152433,7,0,0.157,4131960
1789152434,4,0,1.054,4131960
1789152434,0,0,0.005,4131960
1789152435,5,0,0.153,4131960
1789152435,3,0,0.029,4131960
1789152435,3,0,0.006,4131960
1789152435,6,0,0.008,4131960
1789152435,4,0,0.551,4131960
1789152435,4,0,0.264,4131960
1789152435,0,0,0.017,4131960
1789152436,2,0,0.728,4131960
1789152436,7,0,0.204,4131960
1789152437,4,0,0.442,4131960
1789152437,3,0,0.009,4131960
1789152437,6,0,0.005,4131960
1789152437,2,0,0.002,4131960
1789152437,4,0,0.344,4131960
1789152437,0,0,0.013,4131960
1789152437,3,0,0.072,4131960
1789152437,3,0,0.049,4131960
1789152438,2,0,0.687,4131960
1789152443,5,0,5.021,4131960
1789152443,2,0,0.001,4131960
1789152443,6,0,0.005,4131960
1789152443,6,0,0.006,4131960
1789152443,1,0,0.002,4131960
1789152443,2,0,0.003,4131960
1789152444,2,0,0.655,4131960
1789152444,2,0,0.532,4131960
1789152444,6,0,0.005,4131960
1789152444,6,0,0.002,4131960
1789152444,0,0,0.004,4131960
1789152444,3,0,0.04,4131960
1789152444,3,0,0.029,4131960
1789152445,4,0,0.507,4131960
1789152445,2,0,0.002,4131960
1789152450,5,0,5.073,4131960
1789152452,4,0,1.996,4131960
1789152452,3,0,0.057,4131960
1789152453,4,0,0.634,4131960
1789152453,3,0,0.063,4131960
1789152454,4,0,0.995,4131960
1789152454,6,0,0.006,4131960
1789152454,4,0,0.333,4131960
1789152454,3,0,0.078,4131960
1789152454,0,0,0.041,4131960
1789152454,5,0,0.1,4131960
1789152454,6,0,0.004,4131960
1789152454,3,0,0.009,4131960
1789152454,1,0,0.002,4131960
1789152454,2,0,0.001,4131960
1789152456,4,0,2.036,4131960
1789152456,3,0,0.005,4131960
1789152456,0,0,0.006,4131960
1789152456,6,0,0.007,4131960
1789152456,6,0,0.005,4131960
1789152456,2,0,0.001,4131960
1789152458,4,0,1.217,4131960
1789152458,2,0,0.004,4131960
1789152458,6,0,0.02,4131960
1789152458,3,0,0.133,4131960
1789152458,3,0,0.052,4131960
1789152458,0,0,0.014,4131960
1789152458,3,0,0.061,4131960
1789152458,6,0,0.008,4131960
1789152458,3,0,0.081,4131960
1789152459,4,0,0.974,4131960
1789152460,4,0,1.462,4131960
1789152461,7,0,0.443,4131960
1789152461,0,0,0.005,4131960
1789152461,2,0,0.007,4131960
1789152461,0,0,0.009,4131960
1789152461,4,0,0.415,4131960
1789152462,4,0,0.448,4131960
1789152462,3,0,0.088,4131960
1789152462,4,0,0.505,4131960
1789152463,4,0,0.411,4131960
1789152463,4,0,0.444,4131960
1789152463,5,0,0.128,4131960
1789152463,6,0,0.005,4131960
1789152463,3,0,0.093,4131960
1789152463,0,0,0.003,4131960
1789152464,5,0,0.982,4131960
1789152464,3,0,0.102,4131960
1789152466,2,0,1.442,4131960
1789152466,4,0,0.477,4131960
1789152467,4,0,0.789,4131960
1789152467,3,0,0.065,4131960
1789152467,0,0,0.017,4131960
1789152468,4,0,0.738,4131960
1789152468,2,0,0.319,4131960
1789152468,2,0,0.002,4131960
1789152468,2,0,0.001,4131960
1789152469,4,0,0.333,4131960
1789152469,1,0,0.001,4131960
1789152469,3,0,0.083,4131960
1789152469,3,0,0.078,4131960
1789152469,4,0,0.374,4131960
1789152470,2,0,0.767,4131960
1789152470,6,0,0.005,4131960
1789152470,3,0,0.009,4131960
1789152470,0,0,0.003,4131960
1789152470,0,0,0.004,4131960
1789152471,7,0,0.841,4131960
1789152471,3,0,0.01,4131960
1789152471,6,0,0.014,4131960
1789152471,2,0,0.002,4131960
1789152472,2,0,0.735,4131960
1789152472,7,0,0.145,4131960
1789152472,2,0,0.002,4131960
1789152472,5,0,0.138,4131960
1789152472,4,0,0.659,4131960
1789152473,4,0,0.45,4131960
1789152473,6,0,0.006,4131960
1789152473,6,0,0.005,4131960
1789152473,6,0,0.006,4131960
1789152474,5,0,0.777,4131960
1789152474,4,0,0.534,4131960
1789152474,6,0,0.006,4131960
1789152474,0,0,0.03,4131960
1789152474,2,0,0.003,4131960
1789152475,4,0,0.901,4131960
1789152479,5,0,4.103,4131960
1789152480,2,0,0.426,4131960
1789152480,5,0,0.412,4131960
1789152484,5,0,3.392,4131960
1789152484,5,0,0.146,4131960
1789152484,6,0,0.008,4131960
1789152484,4,0,0.307,4131960
1789152484,3,0,0.056,4131960
1789152484,0,0,0.004,4131960
1789152484,3,0,0.003,4131960
1789152489,5,0,4.7,4131960
1789152489,3,0,0.049,4131960
1789152489,0,0,0.02,4131960
1789152489,3,0,0.035,4131960
1789152489,0,0,0.012,4131960
1789152489,4,0,0.352,4131960
1789152489,3,0,0.004,4131960
1789152489,4,0,0.26,4131960
1789152490,4,0,0.277,4131960
1789152490,6,0,0.01,4131960
1789152490,3,0,0.001,4131960
1789152491,4,0,0.988,4131960
1789152491,3,0,0.151,4131960
1789152491,3,0,0.061,4131960
1789152491,2,0,0.19,4131960
1789152491,4,0,0.263,4131960
1789152491,6,0,0.008,4131960
1789152492,2,0,0.428,4131960
1789152492,4,0,0.459,4131960
1789152492,2,0,0.001,4131960
1789152493,2,0,0.665,4131960
1789152493,6,0,0.01,4131960
1789152494,4,0,0.57,4131960
1789152494,1,0,0.001,4131960
1789152494,2,0,0.003,4131960
1789152494,3,0,0.005,4131960
1789152494,3,0,0.007,4131960
1789152494,3,0,0.103,4131960
1789152494,4,0,0.536,4131960
1789152494,3,0,0.004,4131960
1789152494,3,0,0.082,4131960
1789152495,4,0,1.075,4131960
1789152496,4,0,0.484,4131960
1789152496,2,0,0.014,4131960
1789152496,5,0,0.276,4131960
1789152497,4,0,0.489,4131960
1789152497,2,0,0.415,4131960
1789152497,4,0,0.41,4131960
1789152498,4,0,0.195,4131960
1789152498,3,0,0.082,4131960
1789152498,0,0,0.013,4131960
1789152498,6,0,0.008,4131960
1789152498,2,0,0.447,4131960
1789152498,2,0,0.002,4131960
1789152498,3,0,0.088,4131960
1789152498,0,0,0.004,4131960
1789152498,5,0,0.148,4131960
1789152498,3,0,0.003,4131960
1789152499,4,0,0.293,4131960
1789152499,0,0,0.004,4131960
1789152499,3,0,0.112,4131960
1789152499,6,0,0.006,4131960
1789152499,4,0,0.296,4131960
1789152500,4,0,0.607,4131960
1789152500,4,0,0.29,4131960
1789152500,1,0,0.001,4131960
1789152501,2,0,0.783,4131960
1789152502,4,0,0.653,4131960
1789152502,2,0,0.002,4131960
1789152502,3,0,0.01,4131960
1789152502,0,0,0.013,4131960
1789152502,3,0,0.151,4131960
1789152502,0,0,0.009,4131960
1789152502,2,0,0.409,4131960
1789152502,3,0,0.019,4131960
1789152502,6,0,0.005,4131960
1789152503,2,0,0.746,4131960
1789152504,5,0,0.89,4131960
1789152504,0,0,0.011,4131960
1789152504,0,0,0.015,4131960
1789152504,4,0,0.527,4131960
1789152504,0,0,0.012,4131960
1789152504,0,0,0.004,4131960
1789152504,2,0,0.001,4131960
1789152504,3,0,0.099,4131960
1789152505,5,0,0.156,4131960
1789152505,3,0,0.063,4131960
1789152505,4,0,0.449,4131960
1789152505,6,0,0.006,4131960
1789152505,1,0,0.002,4131960
1789152505,4,0,0.282,4131960
1789152506,2,0,1.006,4131960
1789152506,3,0,0.056,4131960
1789152507,4,0,0.822,4131960
1789152509,5,0,1.344,4131960
1789152510,4,0,1.016,4131960
1789152515,5,0,5.095,4131960
1789152515,1,0,0.001,4131960
1789152515,2,0,0.356,4131960
1789152516,4,0,0.872,4131960
1789152516,2,0,0.185,4131960
1789152516,3,0,0.058,4131960
1789152516,1,0,0.001,4131960
1789152516,6,0,0.006,4131960
1789152516,2,0,0.258,4131960
1789152517,5,0,0.865,4131960
1789152518,4,0,0.554,4131960
1789152518,1,0,0.002,4131960
1789152522,5,0,3.645,4131960
1789152522,4,0,0.551,4131960
1789152523,5,0,0.57,4131960
1789152523,0,0,0.003,4131960
1789152523,0,0,0.008,4131960
1789152523,4,0,0.59,4131960
1789152524,2,0,0.595,4131960
1789152524,0,0,0.026,4131960
1789152524,4,0,0.432,4131960
1789152525,4,0,0.388,4131960
1789152525,4,0,0.398,4131960
1789152525,0,0,0.004,4131960
1789152526,4,0,0.98,4131960
1789152527,5,0,0.453,4131960
1789152527,1,0,0.001,4131960
1789152527,4,0,0.558,4131960
1789152529,4,0,1.654,4131960
1789152529,1,0,0.001,4131960
1789152534,5,0,5.228,4131960
1789152534,3,0,0.005,4131960
1789152534,7,0,0.29,4131960
1789152535,4,0,0.676,4131960
1789152535,5,0,0.25,4131960
1789152535,0,0,0.01,4131960
1789152535,4,0,0.28,4131960
1789152536,4,0,0.727,4131960
1789152540,5,0,3.429,4131960
1789152540,4,0,0.041,4131960
1789152540,4,0,0.336,4131960
1789152540,0,0,0.012,4131960
1789152540,0,0,0.005,4131960
1789152540,3,0,0.047,4131960
1789152542,2,0,2.178,4131960
1789152542,0,0,0.016,4131960
1789152542,6,0,0.024,4131960
1789152542,3,0,0.148,4131960
1789152543,3,0,0.051,4131960
1789152543,0,0,0.005,4131960
1789152543,3,0,0.006,4131960
1789152543,2,0,0.001,4131960
1789152543,3,0,0.098,4131960
1789152543,1,0,0.001,4131960
1789152543,3,0,0.014,4131960
1789152543,0,0,0.003,4131960
1789152543,0,0,0.017,4131960
1789152547,5,0,4.325,4131960
1789152548,5,0,0.892,4131960
1789152548,4,0,0.39,4131960
1789152548,3,0,0.167,4131960
1789152549,2,0,0.979,4131960
1789152551,4,0,1.535,4131960
1789152552,5,0,0.563,4131960
1789152552,1,0,0.001,4131960
1789152552,4,0,0.331,4131960
1789152552,3,0,0.059,4131960
1789152552,3,0,0.098,4131960
1789152552,2,0,0.485,4131960
1789152552,0,0,0.012,4131960
1789152553,0,0,0.014,4131960
1789152553,4,0,0.359,4131960
1789152553,0,0,0.004,4131960
1789152553,2,0,0.003,4131960
1789152553,3,0,0.137,4131960
1789152553,3,0,0.01,4131960
1789152553,6,0,0.018,4131960
1789152554,4,0,0.864,4131960
1789152554,1,0,0.001,4131960
1789152554,3,0,0.031,4131960
1789152554,6,0,0.008,4131960
1789152554,3,0,0.057,4131960
1789152554,0,0,0.006,4131960
1789152554,4,0,0.373,4131960
1789152554,0,0,0.018,4131960
1789152555,4,0,0.637,4131960
1789152555,1,0,0.001,4131960
1789152555,3,0,0.072,4131960
1789152556,4,0,0.901,4131960
1789152556,3,0,0.013,4131960
1789152561,7,0,5.045,4131960
1789152561,0,0,0.005,4131960
1789152561,6,0,0.006,4131960
1789152565,5,0,3.729,4131960
1789152565,0,0,0.003,4131960
1789152565,6,0,0.008,4131960
1789152565,5,0,0.232,4131960
1789152565,3,0,0.002,4131960
1789152565,4,0,0.377,4131960
1789152565,6,0,0.007,4131960
1789152565,2,0,0.011,4131960
1789152565,1,0,0.002,4131960
1789152566,5,0,0.513,4131960
1789152567,5,0,0.546,4131960
1789152567,0,0,0.036,4131960
1789152567,0,0,0.025,4131960
1789152567,3,0,0.114,4131960
1789152567,3,0,0.08,4131960
1789152567,6,1,0.005,4131960
1789152567,6,0,0.008,4131960
1789152568,2,0,1.079,4131960
1789152568,2,0,0.001,4131960
1789152568,2,0,0.313,4131960
1789152568,6,0,0.009,4131960
1789152568,6,0,0.007,4131960
1789152568,1,0,0.002,4131960
1789152568,3,0,0.003,4131960
1789152568,0,0,0.002,4131960
1789152568,3,0,0.17,4131960
1789152568,3,0,0.073,4131960
1789152568,3,0,0.007,4131960
1789152568,3,0,0.005,4131960
1789152568,0,0,0.006,4131960
1789152569,3,0,0.137,4131960
1789152569,2,0,0,4131960
1789152569,5,0,0.208,4131960
1789152569,6,0,0.009,4131960
1789152569,0,0,0.007,4131960
1789152569,2,0,0.394,4131960
1789152569,0,0,0.013,4131960
1789152569,0,0,0.006,4131960
1789152569,6,0,0.007,4131960
1789152570,4,0,0.561,4131960
1789152570,5,0,0.26,4131960
1789152571,4,0,0.454,4131960
1789152571,4,0,0.57,4131960
1789152571,4,0,0.288,4131960
1789152572,2,0,0.644,4131960
1789152572,6,0,0.005,4131960
1789152572,3,0,0.074,4131960
1789152572,0,0,0.012,4131960
1789152572,3,0,0.006,4131960
1789152572,3,0,0.069,4131960
1789152572,6,0,0.006,4131960
1789152573,4,0,0.487,4131960
1789152573,3,0,0.002,4131960
1789152574,4,0,1.242,4131960
1789152574,3,0,0.014,4131960
1789152574,6,0,0.006,4131960
1789152574,6,0,0.007,4131960
1789152574,1,0,0.001,4131960
1789152574,3,0,0.009,4131960
1789152579,7,0,5.091,4131960
1789152579,1,0,0.001,4131960
1789152579,1,0,0.001,4131960
1789152579,3,0,0.026,4131960
1789152579,0,0,0.016,4131960
1789152579,3,0,0.013,4131960
1789152580,2,0,1.264,4131960
1789152581,5,0,0.85,4131960
1789152581,5,0,0.139,4131960
1789152581,0,0,0.013,4131960
1789152582,4,0,0.438,4131960
1789152582,4,0,0.231,4131960
1789152582,3,0,0.058,4131960
1789152582,3,0,0.002,4131960
1789152582,2,0,0.327,4131960
1789152583,3,0,0.087,4131960
1789152583,1,0,0.001,4131960
1789152583,7,0,0.269,4131960
1789152584,4,0,0.77,4131960
1789152584,4,0,0.756,4131960
1789152588,7,0,3.804,4131960
1789152593,5,0,4.884,4131960
1789152593,5,0,0.21,4131960
1789152593,3,0,0.006,4131960
1789152594,2,0,0.458,4131960
1789152594,0,0,0.004,4131960
1789152595,4,0,1.239,4131960
1789152595,3,0,0.045,4131960
1789152595,4,0,0.324,4131960
1789152595,6,0,0.007,4131960
1789152595,6,0,0.006,4131960
1789152595,2,0,0.002,4131960
1789152595,3,0,0.004,4131960
1789152596,2,0,0.276,4131960
1789152596,2,0,0.001,4131960
1789152596,0,0,0.01,4131960
1789152596,4,0,0.709,4131960
1789152596,3,0,0.093,4131960
1789152597,4,0,0.657,4131960
1789152598,2,0,0.505,4131960
1789152598,4,0,0.408,4131960
1789152598,3,0,0.06,4131960
1789152598,3,0,0.07,4131960
1789152598,5,0,0.176,4131960
1789152598,6,0,0.007,4131960
1789152599,4,0,0.294,4131960
1789152599,4,0,0.255,4131960
1789152599,1,0,0.001,4131960
1789152599,6,0,0.007,4131960
1789152599,3,0,0.107,4131960
1789152599,2,0,0.442,4131960
1789152603,5,0,3.263,4131960
1789152603,3,0,0.002,4131960
1789152603,1,0,0.002,4131960
1789152603,6,0,0.007,4131960
1789152603,3,0,0.046,4131960
1789152603,0,0,0.007,4131960
1789152603,3,0,0.018,4131960
1789152604,4,0,1.543,4131960
1789152605,4,0,0.523,4131960
1789152605,3,0,0.043,4131960
1789152610,7,0,5.442,4131960
1789152610,3,0,0.007,4131960
1789152611,5,0,0.245,4131960
1789152611,2,0,0.628,4131960
1789152611,4,0,0.273,4131960
1789152611,0,0,0.009,4131960
1789152612,7,0,0.157,4131960
1789152612,3,0,0.003,4131960
1789152612,0,0,0.014,4131960
1789152612,0,0,0.021,4131960
1789152612,3,0,0.045,4131960
1789152612,3,0,0.056,4131960
1789152612,0,0,0.009,4131960
1789152612,0,0,0.007,4131960
1789152614,4,0,2.117,4131960
1789152614,6,0,0.005,4131960
1789152614,0,0,0.009,4131960
1789152614,3,0,0.008,4131960
1789152615,4,0,0.624,4131960
1789152616,4,0,1.628,4131960
1789152618,4,0,1.527,4131960
1789152618,0,0,0.005,4131960
1789152618,3,0,0.059,4131960
1789152618,3,0,0.002,4131960
1789152618,0,0,0.004,4131960
1789152618,3,0,0.041,4131960
1789152619,2,0,1.208,4131960
1789152619,2,0,0.002,4131960
1789152619,3,0,0.042,4131960
1789152620,4,0,0.703,4131960
1789152620,3,0,0.006,4131960
1789152620,6,0,0.008,4131960
1789152620,6,0,0.008,4131960
1789152620,4,0,0.397,4131960
1789152620,6,0,0.008,4131960
1789152620,2,0,0.277,4131960
1789152621,5,0,0.163,4131960
1789152621,3,0,0.07,4131960
1789152621,3,0,0.034,4131960
1789152621,4,0,0.618,4131960
1789152622,2,0,0.976,4131960
1789152622,3,0,0.053,4131960
1789152622,0,0,0.004,4131960
1789152623,2,0,1.063,4131960
1789152623,6,0,0.014,4131960
1789152623,0,0,0.012,4131960
1789152624,4,0,0.538,4131960
1789152624,1,0,0.002,4131960
1789152624,0,0,0.006,4131960
1789152624,6,0,0.004,4131960
1789152624,2,0,0.002,4131960
1789152624,3,0,0.006,4131960
1789152624,3,0,0.054,4131960
1789152625,4,0,0.737,4131960
1789152625,3,0,0.004,4131960
1789152625,6,0,0.013,4131960
1789152625,3,0,0.052,4131960
1789152625,0,0,0.006,4131960
1789152625,6,0,0.004,4131960
1789152625,2,0,0.001,4131960
1789152625,4,0,0.533,4131960
1789152625,3,0,0.004,4131960
1789152626,4,0,0.576,4131960
1789152626,6,0,0.004,4131960
1789152626,4,0,0.229,4131960
1789152628,4,0,1.613,4131960
1789152628,2,0,0.643,4131960
1789152629,4,0,0.498,4131960
1789152629,0,0,0.006,4131960
1789152629,1,0,0.001,4131960
1789152629,6,0,0.007,4131960
1789152630,4,0,0.846,4131960
1789152630,5,0,0.411,4131960
1789152630,0,0,0.004,4131960
1789152630,3,0,0.06,4131960
1789152630,3,0,0.005,4131960
1789152631,2,0,0.513,4131960
1789152631,4,0,0.617,4131960
1789152631,1,0,0.001,4131960
1789152635,5,0,3.307,4131960
1789152640,5,0,5.337,4131960
1789152641,4,0,0.606,4131960
1789152641,3,0,0.142,4131960
1789152641,2,0,0.3,4131960
1789152641,0,0,0.003,4131960
1789152641,2,0,0.21,4131960
1789152641,2,0,0.002,4131960
1789152642,4,0,0.704,4131960
1789152642,1,0,0.001,4131960
1789152642,2,0,0.002,4131960
1789152643,4,0,0.702,4131960
1789152645,4,0,2.267,4131960
1789152646,4,0,0.689,4131960
1789152646,0,0,0.006,4131960
1789152646,6,0,0.004,4131960
1789152647,7,0,1.01,4131960
1789152647,0,0,0.021,4131960
1789152648,4,0,0.81,4131960
1789152648,2,0,0.657,4131960
1789152650,4,0,1.268,4131960
1789152650,4,0,0.378,4131960
1789152650,2,0,0.001,4131960
1789152650,4,0,0.535,4131960
1789152650,0,0,0.024,4131960
1789152650,3,0,0.007,4131960
1789152650,0,0,0.01,4131960
1789152652,2,0,1.454,4131960
1789152652,0,0,0.005,4131960
1789152653,2,0,1.468,4131960
1789152654,4,0,0.922,4131960
1789152655,2,0,0.921,4131960
1789152655,6,0,0.005,4131960
1789152655,6,0,0.007,4131960
1789152655,0,0,0.014,4131960
1789152655,2,0,0.001,4131960
1789152656,5,0,0.268,4131960
1789152656,0,0,0.005,4131960
1789152656,3,0,0.066,4131960
1789152656,7,0,0.181,4131960
1789152656,3,0,0.054,4131960
1789152656,3,0,0.006,4131960
1789152656,6,0,0.009,4131960
1789152656,0,0,0.008,4131960
1789152656,2,0,0.004,4131960
1789152656,3,0,0.053,4131960
1789152657,4,0,1.136,4131960
1789152657,5,0,0.128,4131960
1789152657,6,0,0.021,4131960
1789152657,2,0,0.008,4131960
1789152658,4,0,0.538,4131960
1789152658,0,0,0.004,4131960
1789152662,5,0,4.184,4131960
1789152663,4,0,0.786,4131960
1789152663,4,0,0.542,4131960
1789152664,2,0,0.816,4131960
1789152664,5,0,0.093,4131960
1789152664,3,0,0.006,4131960
1789152664,0,0,0.009,4131960
1789152664,2,0,0.002,4131960
1789152665,5,0,0.526,4131960
1789152665,4,0,0.592,4131960
1789152665,1,0,0.001,4131960
1789152665,0,0,0.004,4131960
1789152666,5,0,0.575,4131960
1789152666,4,0,0.351,4131960
1789152667,2,0,0.31,4131960
1789152667,4,0,0.474,4131960
1789152667,3,0,0.007,4131960
1789152668,2,0,0.56,4131960
1789152668,3,0,0.037,4131960
1789152668,5,0,0.143,4131960
1789152668,0,0,0.009,4131960
1789152668,3,0,0.02,4131960
1789152668,4,0,0.628,4131960
1789152668,0,0,0.05,4131960
1789152668,0,0,0.007,4131960
1789152673,7,0,4.421,4131960
1789152673,2,0,0.001,4131960
1789152674,2,0,0.701,4131960
1789152674,0,0,0.015,4131960
1789152674,6,0,0.01,4131960
1789152674,2,0,0.001,4131960
1789152674,2,0,0.002,4131960
1789152674,3,0,0.008,4131960
1789152674,1,0,0.001,4131960
1789152674,5,0,0.41,4131960
1789152674,3,0,0.075,4131960
1789152674,6,0,0.004,4131960
1789152674,3,0,0.034,4131960
1789152680,7,0,5.476,4131960
1789152681,4,0,0.913,4131960
1789152681,6,0,0.027,4131960
1789152682,7,0,1.17,4131960
1789152682,2,0,0.005,4131960
1789152682,4,0,0.577,4131960
1789152682,3,0,0.004,4131960
1789152682,1,0,0.002,4131960
1789152682,0,0,0.017,4131960
1789152682,1,0,0.001,4131960
1789152682,2,0,0.002,4131960
1789152682,3,0,0.126,4131960
1789152683,2,0,0.744,4131960
1789152683,3,0,0.024,4131960
1789152684,4,0,0.434,4131960
1789152685,4,0,0.943,4131960
1789152685,6,0,0.005,4131960
1789152685,0,0,0.004,4131960
1789152685,0,0,0.005,4131960
1789152685,4,0,0.599,4131960
1789152685,6,0,0.014,4131960
1789152685,6,0,0.009,4131960
1789152685,6,0,0.014,4131960
1789152686,4,0,0.708,4131960
1789152686,3,0,0.034,4131960
1789152686,4,0,0.414,4131960
1789152686,6,0,0.004,4131960
1789152688,4,0,2.045,4131960
1789152689,4,0,0.504,4131960
1789152689,3,0,0.1,4131960
1789152689,3,0,0.006,4131960
1789152689,3,0,0.028,4131960
1789152689,2,0,0.001,4131960
1789152690,4,0,0.6,4131960
1789152690,4,0,0.396,4131960
1789152690,6,0,0.004,4131960
1789152690,3,0,0.026,4131960
1789152690,0,0,0.003,4131960
1789152691,2,0,0.351,4131960
1789152691,6,0,0.009,4131960
1789152691,3,0,0.038,4131960
1789152691,4,0,0.574,4131960
1789152692,7,0,0.515,4131960
1789152692,6,0,0.006,4131960
1789152692,0,0,0.013,4131960
1789152696,5,0,3.954,4131960
1789152696,4,0,0.201,4131960
1789152697,4,0,0.753,4131960
1789152697,0,0,0.006,4131960
1789152697,4,0,0.6,4131960
1789152698,4,0,0.611,4131960
1789152698,0,0,0.005,4131960
1789152698,6,0,0.005,4131960
1789152698,2,0,0.55,4131960
1789152698,3,0,0.04,4131960
1789152701,5,0,3.07,4131960
1789152701,0,0,0.013,4131960
1789152701,0,0,0.01,4131960
1789152701,6,0,0.006,4131960
1789152701,6,0,0.006,4131960
1789152702,4,0,0.261,4131960
1789152702,0,0,0.011,4131960
1789152702,4,0,0.514,4131960
1789152703,4,0,0.706,4131960
1789152704,2,0,0.57,4131960
1789152704,4,0,0.345,4131960
1789152704,6,0,0.005,4131960
1789152704,1,0,0.002,4131960
1789152704,6,0,0.008,4131960
1789152704,3,0,0.014,4131960
1789152705,4,0,0.919,4131960
1789152705,3,0,0.004,4131960
1789152705,4,0,0.48,4131960
1789152705,0,0,0.051,4131960
1789152705,3,0,0.004,4131960
1789152705,0,0,0.005,4131960
1789152705,0,0,0.004,4131960
1789152705,3,0,0.007,4131960
1789152709,5,0,3.793,4131960
1789152710,5,0,0.34,4131960
1789152710,3,0,0.131,4131960
1789152710,2,0,0.001,4131960
1789152710,2,0,0.585,4131960
1789152710,6,0,0.007,4131960
1789152711,4,0,0.396,4131960
1789152711,0,0,0.005,4131960
1789152712,4,0,1.198,4131960
1789152712,3,0,0.128,4131960
1789152713,4,0,0.53,4131960
1789152713,0,0,0.014,4131960
1789152713,4,0,0.405,4131960
1789152713,3,0,0.05,4131960
1789152714,2,0,0.933,4131960
1789152714,3,0,0.07,4131960
1789152714,6,0,0.005,4131960
1789152714,0,0,0.005,4131960
1789152714,2,0,0.002,4131960
1789152714,2,0,0.001,4131960
1789152714,2,0,0.002,4131960
1789152714,5,0,0.12,4131960
1789152714,1,0,0.002,4131960
1789152714,1,0,0.001,4131960
1789152714,2,0,0.002,4131960
1789152715,2,0,1.035,4131960
1789152715,5,0,0.105,4131960
1789152715,3,0,0.003,4131960
1789152715,2,0,0.002,4131960
1789152715,3,0,0.006,4131960
1789152716,5,0,0.307,4131960
1789152716,0,0,0.004,4131960
1789152716,5,0,0.167,4131960
1789152716,5,0,0.146,4131960
1789152716,3,0,0.006,4131960
1789152716,4,0,0.432,4131960
1789152717,2,0,0.687,4131960
1789152717,0,0,0.04,4131960
1789152718,4,0,0.466,4131960
1789152718,0,0,0.003,4131960
1789152718,3,0,0.034,4131960
1789152718,3,0,0.01,4131960
1789152718,0,0,0.012,4131960
1789152718,4,0,0.45,4131960
1789152718,6,0,0.004,4131960
1789152718,6,0,0.004,4131960
1789152718,3,0,0.014,4131960
1789152718,3,0,0.072,4131960
1789152722,5,0,3.612,4131960
1789152722,5,0,0.15,4131960
1789152722,6,0,0.007,4131960
1789152727,5,0,4.709,4131960
1789152727,3,0,0.111,4131960
1789152727,0,0,0.011,4131960
1789152727,4,0,0.625,4131960
1789152728,2,0,0.251,4131960
1789152728,3,0,0.162,4131960
1789152729,2,0,1.066,4131960
1789152729,5,0,0.625,4131960
1789152733,5,0,3.364,4131960
1789152734,4,0,0.866,4131960
1789152734,1,0,0.001,4131960
1789152734,4,0,0.468,4131960
1789152735,2,0,0.767,4131960
1789152735,3,0,0.007,4131960
1789152735,1,0,0.001,4131960
1789152735,5,0,0.17,4131960
1789152735,6,0,0.01,4131960
1789152735,1,0,0.002,4131960
1789152735,2,0,0.006,4131960
1789152735,3,0,0.106,4131960
1789152735,0,0,0.021,4131960
1789152735,0,0,0.007,4131960
1789152735,3,0,0.015,4131960
1789152735,0,0,0.006,4131960
1789152735,0,0,0.003,4131960
1789152735,6,0,0.008,4131960
1789152736,4,0,1.162,4131960
1789152736,2,0,0.003,4131960
1789152736,0,0,0.005,4131960
1789152736,3,0,0.013,4131960
1789152737,3,0,0.209,4131960
1789152737,0,0,0.003,4131960
1789152737,4,0,0.485,4131960
1789152737,0,0,0.005,4131960
1789152737,3,0,0.054,4131960
1789152737,0,0,0.005,4131960
1789152738,4,0,0.532,4131960
1789152738,3,0,0.006,4131960
1789152738,4,0,0.39,4131960
1789152739,4,0,0.941,4131960
1789152739,3,0,0.053,4131960
1789152740,4,0,0.433,4131960
1789152740,1,0,0.001,4131960
1789152740,4,0,0.478,4131960
1789152741,2,0,0.775,4131960
1789152741,0,0,0.002,4131960
1789152741,0,0,0.004,4131960
1789152741,3,0,0.006,4131960
1789152741,2,0,0.55,4131960
1789152741,3,0,0.066,4131960
1789152742,3,0,0.029,4131960
1789152745,5,0,3.972,4131960
1789152745,1,0,0.002,4131960
1789152748,4,0,2.439,4131960
1789152748,2,0,0.554,4131960
1789152748,1,0,0.001,4131960
1789152748,2,0,0.002,4131960
1789152748,0,0,0.016,4131960
1789152749,6,0,0.006,4131960
1789152749,2,0,0.354,4131960
1789152749,0,0,0.005,4131960
1789152749,1,0,0.001,4131960
1789152749,4,0,0.147,4131960
1789152749,3,0,0.05,4131960
1789152750,5,0,0.485,4131960
1789152750,6,0,0.006,4131960
1789152750,6,0,0.005,4131960
1789152750,5,0,0.934,4131960
1789152750,1,0,0.001,4131960
1789152750,1,0,0.001,4131960
1789152751,6,0,0.005,4131960
1789152751,5,0,0.11,4131960
1789152751,0,0,0.011,4131960
1789152751,4,0,0.418,4131960
1789152752,2,0,0.89,4131960
1789152752,3,0,0.036,4131960
1789152752,3,0,0.068,4131960
1789152752,0,0,0.002,4131960
1789152752,7,0,0.265,4131960
1789152753,4,0,0.401,4131960
1789152753,0,0,0.006,4131960
1789152753,2,0,0.582,4131960
1789152754,4,0,0.298,4131960
1789152754,0,0,0.004,4131960
1789152754,0,0,0.002,4131960
1789152754,1,0,0.001,4131960
1789152754,0,0,0.005,4131960
1789152754,2,0,0.579,4131960
1789152754,3,0,0.04,4131960
1789152754,6,0,0.007,4131960
1789152759,5,0,4.922,4131960
1789152759,3,0,0.006,4131960
1789152764,7,0,4.346,4131960
1789152764,1,0,0.001,4131960
1789152764,3,0,0.003,4131960
1789152764,3,0,0.04,4131960
1789152764,2,0,0.002,4131960
1789152764,4,0,0.73,4131960
1789152764,6,0,0.008,4131960
1789152764,5,0,0.115,4131960
1789152764,6,0,0.007,4131960
1789152765,4,0,1,4131960
1789152766,5,0,0.107,4131960
1789152766,0,0,0.006,4131960
1789152766,6,0,0.008,4131960
1789152766,3,0,0.069,4131960
1789152766,2,0,0.218,4131960
1789152766,4,0,0.422,4131960
1789152767,4,0,0.781,4131960
1789152767,5,0,0.107,4131960
1789152767,1,0,0.001,4131960
1789152767,4,0,0.194,4131960
1789152768,4,0,0.361,4131960
1789152768,4,0,0.528,4131960
1789152768,5,0,0.119,4131960
1789152769,5,0,0.449,4131960
1789152769,2,0,0.002,4131960
1789152769,2,0,0.001,4131960
1789152769,3,0,0.07,4131960
1789152774,5,0,4.739,4131960
1789152774,2,0,0.003,4131960
1789152777,7,0,3.432,4131960
1789152777,6,0,0.007,4131960
1789152777,1,0,0.001,4131960
1789152778,7,0,0.549,4131960
1789152778,2,0,0.002,4131960
1789152778,3,0,0.01,4131960
1789152778,0,0,0.005,4131960
1789152778,4,0,0.677,4131960
1789152778,6,0,0.008,4131960
1789152778,6,0,0.008,4131960
1789152778,2,0,0.002,4131960
1789152778,4,0,0.039,4131960
1789152778,0,0,0.01,4131960
1789152779,4,0,0.497,4131960
1789152780,4,0,1.212,4131960
1789152784,7,0,3.925,4131960
1789152784,4,0,0.454,4131960
1789152785,4,0,0.532,4131960
1789152785,5,0,0.372,4131960
1789152785,0,0,0.003,4131960
1789152785,3,0,0.07,4131960
1789152785,1,0,0.001,4131960
1789152786,3,0,0.106,4131960
1789152786,1,0,0.001,4131960
1789152787,4,0,1.103,4131960
1789152787,6,0,0.008,4131960
1789152787,0,0,0.002,4131960
1789152787,3,0,0.012,4131960
1789152788,4,0,1.412,4131960
1789152788,0,0,0.006,4131960
1789152788,3,0,0.095,4131960
1789152788,0,0,0.004,4131960
1789152789,4,0,0.339,4131960
1789152789,2,0,0.57,4131960
1789152789,3,0,0.092,4131960
1789152790,2,0,0.425,4131960
1789152790,4,0,0.299,4131960
1789152790,2,0,0.001,4131960
1789152790,3,0,0.009,4131960
1789152790,2,0,0.003,4131960
1789152790,0,0,0.012,4131960
1789152790,4,0,0.504,4131960
1789152790,3,0,0.007,4131960
1789152791,2,0,0.55,4131960
1789152791,6,0,0.005,4131960
1789152791,6,0,0.006,4131960
1789152791,6,0,0.004,4131960
1789152794,5,0,3.152,4131960
1789152794,0,0,0.003,4131960
1789152795,5,0,0.371,4131960
1789152795,6,0,0.006,4131960
1789152795,3,0,0.006,4131960
1789152795,0,0,0.004,4131960
1789152795,4,0,0.433,4131960
1789152796,4,0,1.006,4131960
1789152796,1,0,0.001,4131960
1789152796,3,0,0.108,4131960
1789152796,6,0,0.034,4131960
1789152796,0,0,0.025,4131960
1789152797,4,0,0.63,4131960
1789152797,5,0,0.121,4131960
1789152797,6,0,0.005,4131960
1789152798,4,0,0.809,4131960
1789152798,0,0,0.005,4131960
1789152798,4,0,0.293,4131960
1789152798,2,0,0.002,4131960
1789152798,3,0,0.039,4131960
1789152798,3,0,0.039,4131960
1789152798,1,0,0.001,4131960
1789152798,4,0,0.303,4131960
1789152799,5,0,0.278,4131960
1789152799,3,0,0.002,4131960
1789152800,4,0,0.955,4131960
1789152800,0,0,0.023,4131960
1789152800,3,0,0.072,4131960
1789152800,4,0,0.654,4131960
1789152805,5,0,4.822,4131960
1789152805,6,0,0.005,4131960
1789152805,1,0,0.002,4131960
1789152805,2,0,0.005,4131960
1789152806,4,0,0.482,4131960
1789152806,2,0,0.328,4131960
1789152806,3,0,0.009,4131960
1789152806,4,0,0.367,4131960
1789152807,4,0,0.378,4131960
1789152808,4,0,0.813,4131960
1789152808,0,0,0.002,4131960
1789152808,4,0,0.358,4131960
1789152808,0,0,0.005,4131960
1789152808,6,0,0.006,4131960
1789152808,0,0,0.01,4131960
1789152808,6,0,0.007,4131960
1789152808,3,0,0.086,4131960
1789152808,2,0,0.001,4131960
1789152808,4,0,0.338,4131960
1789152809,4,0,0.63,4131960
1789152809,0,0,0.002,4131960
1789152809,1,0,0.001,4131960
1789152809,6,0,0.006,4131960
1789152809,6,0,0.004,4131960
1789152811,4,0,1.603,4131960
1789152811,6,0,0.005,4131960
1789152811,2,0,0.002,4131960
1789152811,4,0,0.642,4131960
1789152812,4,0,0.329,4131960
1789152812,0,0,0.015,4131960
1789152812,6,0,0.009,4131960
1789152812,0,0,0.016,4131960
1789152812,0,0,0.016,4131960
1789152813,4,0,0.847,4131960
1789152813,2,0,0.452,4131960
1789152814,4,0,1.395,4131960
1789152814,1,0,0.002,4131960
1789152814,2,0,0.001,4131960
1789152815,4,0,0.273,4131960
1789152815,0,0,0.014,4131960
1789152815,2,0,0.005,4131960
1789152815,4,0,0.443,4131960
1789152815,3,0,0.032,4131960
1789152821,5,0,5.988,4131960
1789152821,6,0,0.007,4131960
1789152821,0,0,0.008,4131960
1789152826,5,0,4.615,4131960
1789152827,2,0,0.824,4131960
1789152827,4,0,0.526,4131960
1789152827,0,0,0.007,4131960
1789152827,3,0,0.192,4131960
1789152828,4,0,0.535,4131960
1789152829,4,0,0.701,4131960
1789152829,4,0,0.894,4131960
1789152829,1,0,0.001,4131960
1789152831,4,0,1.327,4131960
1789152831,5,0,0.122,4131960
1789152831,6,0,0.007,4131960
1789152832,4,0,0.806,4131960
1789152832,6,0,0.006,4131960
1789152832,3,0,0.079,4131960
1789152832,6,0,0.006,4131960
1789152832,3,0,0.005,4131960
1789152832,4,0,0.259,4131960
1789152833,4,0,0.482,4131960
1789152833,2,0,0.017,4131960
1789152833,5,0,0.822,4131960
1789152833,3,0,0.032,4131960
1789152833,0,0,0.003,4131960
1789152833,3,0,0.067,4131960
1789152834,4,0,0.692,4131960
1789152835,4,0,0.8,4131960
1789152835,3,0,0.011,4131960
1789152835,5,0,0.116,4131960
1789152835,5,0,0.108,4131960
1789152835,2,0,0.001,4131960
1789152839,7,0,3.623,4131960
1789152839,3,0,0.035,4131960
1789152839,3,0,0.071,4131960
1789152839,3,0,0.059,4131960
1789152839,3,0,0.023,4131960
1789152839,2,0,0.002,4131960
1789152839,0,0,0.005,4131960
1789152839,2,0,0.002,4131960
1789152839,3,0,0.078,4131960
1789152839,0,0,0.007,4131960
1789152839,3,0,0.019,4131960
1789152839,3,0,0.031,4131960
1789152839,2,0,0.002,4131960
1789152839,4,0,0.291,4131960
1789152840,2,0,0.641,4131960
1789152840,3,0,0.073,4131960
1789152840,2,0,0.002,4131960
1789152840,2,0,0.002,4131960
1789152841,4,0,1.068,4131960
1789152841,3,0,0.039,4131960
1789152841,6,0,0.016,4131960
1789152841,5,0,0.116,4131960
1789152841,3,0,0.044,4131960
1789152841,1,0,0.001,4131960
1789152841,0,0,0.01,4131960
1789152842,4,0,0.958,4131960
1789152842,0,0,0.007,4131960
1789152843,4,0,0.529,4131960
1789152843,4,0,0.445,4131960
1789152843,0,0,0.012,4131960
1789152844,4,0,0.427,4131960
1789152844,4,0,0.575,4131960
1789152844,6,0,0.019,4131960
1789152845,5,0,0.327,4131960
1789152845,4,0,0.224,4131960
1789152845,4,0,0.298,4131960
1789152846,4,0,0.319,4131960
1789152846,3,0,0.058,4131960
1789152846,4,0,0.458,4131960
1789152846,3,0,0.057,4131960
1789152846,3,0,0.005,4131960
1789152850,5,0,3.882,4131960
1789152851,4,0,0.434,4131960
1789152851,0,0,0.004,4131960
1789152851,4,0,0.299,4131960
1789152851,4,0,0.178,4131960
1789152851,2,0,0.002,4131960
1789152851,0,0,0.011,4131960
1789152851,3,0,0.174,4131960
1789152851,3,0,0.009,4131960
1789152852,2,0,0.954,4131960
1789152852,0,0,0.003,4131960
1789152852,6,0,0.005,4131960
1789152855,5,0,2.741,4131960
1789152856,5,0,1.26,4131960
1789152856,3,0,0.086,4131960
1789152856,6,0,0.004,4131960
1789152856,0,0,0.008,4131960
1789152858,4,0,1.557,4131960
1789152858,2,0,0.001,4131960
1789152858,0,0,0.008,4131960
1789152858,3,0,0.01,4131960
1789152858,3,0,0.136,4131960
1789152858,2,0,0.001,4131960
1789152858,3,0,0.054,4131960
1789152858,0,0,0.013,4131960
1789152858,0,0,0.008,4131960
1789152859,2,0,0.516,4131960
1789152860,4,0,1.231,4131960
1789152860,3,0,0.177,4131960
1789152860,4,0,0.43,4131960
1789152860,1,0,0.001,4131960
1789152860,3,0,0.045,4131960
1789152861,3,0,0.102,4131960
1789152861,5,0,0.099,4131960
1789152861,3,0,0.009,4131960
1789152861,3,0,0.003,4131960
1789152861,7,0,0.169,4131960
1789152861,6,0,0.007,4131960
1789152862,4,0,1.002,4131960
1789152862,1,0,0.001,4131960
1789152862,2,0,0.011,4131960
1789152863,4,0,1.203,4131960
1789152863,0,0,0.04,4131960
1789152863,3,0,0.216,4131960
1789152863,6,0,0.042,4131960
1789152863,1,0,0.002,4131960
1789152864,4,0,0.322,4131960
1789152864,5,0,0.175,4131960
1789152864,1,0,0.001,4131960
1789152864,4,0,0.607,4131960
1789152865,4,0,0.576,4131960
1789152865,0,0,0.01,4131960
1789152865,6,0,0.016,4131960
1789152866,4,0,0.532,4131960
1789152866,3,0,0.003,4131960
1789152866,0,0,0.005,4131960
1789152866,5,0,0.245,4131960
1789152866,3,0,0.074,4131960
1789152866,1,0,0.002,4131960
1789152867,4,0,0.576,4131960
1789152868,4,0,0.998,4131960
1789152868,4,0,0.864,4131960
1789152869,4,0,0.444,4131960
1789152869,3,0,0.13,4131960
1789152869,3,0,0.043,4131960
1789152870,4,0,0.793,4131960
1789152870,1,0,0.002,4131960
1789152870,7,0,0.201,4131960
1789152874,7,0,4.019,4131960
1789152874,0,0,0.009,4131960
1789152875,4,0,0.631,4131960
1789152875,4,0,0.795,4131960
1789152875,0,0,0.005,4131960
1789152875,6,0,0.006,4131960
1789152878,5,0,2.922,4131960
1789152878,1,0,0.001,4131960
1789152878,0,0,0.009,4131960
1789152879,2,0,0.265,4131960
1789152879,3,0,0.068,4131960
1789152880,4,0,0.977,4131960
1789152880,4,0,0.301,4131960
1789152880,3,0,0.005,4131960
1789152880,4,0,0.366,4131960
1789152880,2,0,0,4131960
1789152881,2,0,0.303,4131960
1789152881,6,0,0.004,4131960
1789152881,4,0,0.709,4131960
1789152882,4,0,0.669,4131960
1789152883,5,0,0.619,4131960
1789152883,6,0,0.003,4131960
1789152883,6,0,0.014,4131960
1789152883,3,0,0.065,4131960
1789152883,2,0,0.406,4131960
1789152883,0,0,0.003,4131960
1789152883,6,0,0.007,4131960
1789152883,0,0,0.006,4131960
1789152883,3,0,0.047,4131960
1789152883,1,0,0.001,4131960
1789152883,0,0,0.003,4131960
1789152883,2,0,0.002,4131960
1789152884,4,0,0.305,4131960
1789152884,4,0,0.591,4131960
1789152889,7,0,4.728,4131960
1789152889,2,0,0.513,4131960
1789152889,2,0,0.011,4131960
1789152890,2,0,1.052,4131960
1789152890,0,0,0.003,4131960
1789152891,4,0,0.374,4131960
1789152891,3,0,0.003,4131960
1789152891,4,0,0.517,4131960
1789152891,1,0,0.001,4131960
1789152891,0,0,0.004,4131960
1789152891,0,0,0.005,4131960
1789152892,4,0,0.589,4131960
1789152893,2,0,1.483,4131960
1789152893,3,0,0.029,4131960
1789152894,3,0,0.071,4131960
1789152894,0,0,0.009,4131960
1789152894,3,0,0.1,4131960
1789152896,2,0,2.103,4131960
1789152900,5,0,3.934,4131960
1789152901,4,0,1.132,4131960
1789152901,2,0,0.002,4131960
1789152901,3,0,0.045,4131960
1789152901,0,0,0.012,4131960
1789152901,0,0,0.015,4131960
1789152901,6,0,0.009,4131960
1789152901,0,0,0.003,4131960
1789152901,6,0,0.005,4131960
1789152901,6,0,0.008,4131960
1789152901,6,0,0.007,4131960
1789152901,3,0,0.033,4131960
1789152901,2,0,0.517,4131960
1789152901,0,0,0.007,4131960
1789152902,4,0,0.244,4131960
1789152902,1,0,0.001,4131960
1789152902,2,0,0.001,4131960
1789152902,0,0,0.01,4131960
1789152902,3,0,0.006,4131960
1789152902,5,0,0.206,4131960
1789152902,1,0,0.001,4131960
1789152902,3,0,0.088,4131960
1789152902,4,0,0.213,4131960
1789152906,5,0,4.005,4131960
1789152907,7,0,1.093,4131960
1789152907,2,0,0.007,4131960
1789152907,0,0,0.004,4131960
1789152907,3,0,0.088,4131960
1789152907,3,0,0.006,4131960
1789152908,4,0,0.362,4131960
1789152908,6,0,0.007,4131960
1789152908,1,0,0.001,4131960
1789152908,4,0,0.23,4131960
1789152908,3,0,0.016,4131960
1789152908,0,0,0.003,4131960
1789152908,0,0,0.008,4131960
1789152909,4,0,1.016,4131960
1789152909,4,0,0.382,4131960
1789152910,4,0,0.221,4131960
1789152910,4,0,0.717,4131960
1789152910,0,0,0.012,4131960
1789152910,0,0,0.016,4131960
1789152910,6,0,0.004,4131960
1789152910,6,0,0.006,4131960
1789152910,6,0,0.006,4131960
1789152910,6,0,0.012,4131960
1789152910,1,0,0.001,4131960
1789152910,0,0,0.004,4131960
1789152911,4,0,0.689,4131960
1789152913,2,0,1.491,4131960
1789152913,6,0,0.008,4131960
1789152913,2,0,0.004,4131960
1789152914,5,0,1.419,4131960
1789152914,0,0,0.005,4131960
1789152914,3,0,0.06,4131960
1789152914,2,0,0.338,4131960
1789152915,4,0,0.178,4131960
1789152915,3,0,0.059,4131960
1789152915,4,0,0.378,4131960
1789152916,5,0,1.02,4131960
1789152916,0,0,0.013,4131960
1789152917,5,0,0.555,4131960
1789152917,3,0,0.072,4131960
1789152918,4,0,0.866,4131960
1789152918,1,0,0.001,4131960
1789152918,4,0,0.282,4131960
1789152918,0,0,0.011,4131960
1789152918,3,0,0.07,4131960
1789152919,4,0,0.55,4131960
1789152919,0,0,0.005,4131960
1789152919,0,0,0.002,4131960
1789152920,2,0,0.985,4131960
1789152920,3,0,0.111,4131960
1789152921,5,0,1.332,4131960
1789152921,3,0,0.061,4131960
1789152921,6,0,0.009,4131960
1789152921,0,0,0.005,4131960
1789152921,2,0,0.429,4131960
1789152921,3,0,0.004,4131960
1789152921,6,0,0.006,4131960
1789152922,3,0,0.176,4131960
1789152922,3,0,0.004,4131960
1789152923,4,0,1.161,4131960
1789152923,3,0,0.004,4131960
1789152923,5,0,0.548,4131960
1789152923,2,0,0.003,4131960
1789152924,4,0,0.261,4131960
1789152924,2,0,0.834,4131960
1789152924,3,0,0.004,4131960
1789152924,0,0,0.003,4131960
1789152925,3,0,0.139,4131960
1789152925,3,0,0.023,4131960
1789152925,2,0,0,4131960
1789152925,1,0,0.002,4131960
1789152926,4,0,0.978,4131960
1789152926,2,0,0.258,4131960
1789152926,3,0,0.036,4131960
1789152926,0,0,0.006,4131960
1789152927,2,0,1.196,4131960
1789152927,3,0,0.045,4131960
1789152927,6,0,0.005,4131960
1789152927,6,0,0.004,4131960
1789152929,5,0,2.232,4131960
1789152929,1,0,0.001,4131960
1789152929,6,0,0.004,4131960
1789152929,3,0,0.078,4131960
1789152929,6,0,0.008,4131960
1789152930,6,0,0.018,4131960
1789152930,0,0,0.009,4131960
1789152930,0,0,0.01,4131960
1789152930,0,0,0.004,4131960
1789152930,5,0,0.201,4131960
1789152930,5,0,0.646,4131960
1789152930,0,0,0.003,4131960
1789152931,2,0,0.34,4131960
1789152931,4,0,0.557,4131960
1789152932,2,0,0.896,4131960
1789152932,0,0,0.003,4131960
1789152933,4,0,0.33,4131960
1789152933,5,0,0.727,4131960
1789152933,3,0,0.08,4131960
1789152933,5,0,0.113,4131960
1789152935,5,0,1.236,4131960
1789152935,2,0,0.004,4131960
1789152935,4,0,0.48,4131960
1789152935,0,0,0.006,4131960
1789152935,3,0,0.009,4131960
1789152935,2,0,0.001,4131960
1789152936,4,0,0.999,4131960
1789152937,4,0,0.446,4131960
1789152938,4,0,0.91,4131960
1789152938,2,0,0.002,4131960
1789152938,4,0,0.282,4131960
1789152938,6,0,0.006,4131960
1789152938,0,0,0.005,4131960
1789152938,0,0,0.012,4131960
1789152940,4,0,1.695,4131960
1789152940,2,0,0.307,4131960
1789152940,0,0,0.004,4131960
1789152940,2,0,0.003,4131960
1789152940,4,0,0.613,4131960
1789152941,7,0,0.744,4131960
1789152941,3,0,0.057,4131960
1789152941,6,0,0.036,4131960
1789152941,0,0,0.003,4131960
1789152944,7,0,3.128,4131960
1789152944,2,0,0.001,4131960
1789152945,4,0,0.269,4131960
1789152945,0,0,0.006,4131960
1789152945,3,0,0.065,4131960
1789152949,5,0,3.768,4131960
1789152949,5,0,0.781,4131960
1789152949,3,0,0.012,4131960
1789152949,3,0,0.165,4131960
1789152950,0,0,0.007,4131960
1789152950,2,0,0.002,4131960
1789152950,6,0,0.004,4131960
1789152950,3,0,0.013,4131960
1789152950,2,0,0.001,4131960
1789152950,6,0,0.006,4131960
1789152950,4,0,0.787,4131960
1789152950,6,0,0.007,4131960
1789152950,3,0,0.004,4131960
1789152950,6,0,0.007,4131960
1789152950,0,0,0.008,4131960
1789152950,3,0,0.024,4131960
1789152950,3,0,0.1,4131960
1789152951,2,0,0.365,4131960
1789152951,2,0,0.001,4131960
1789152951,6,0,0.011,4131960
1789152951,6,0,0.006,4131960
1789152951,3,0,0.011,4131960
1789152951,6,0,0.006,4131960
1789152952,2,0,0.888,4131960
1789152952,1,0,0.001,4131960
1789152952,4,0,0.667,4131960
1789152952,3,0,0.049,4131960
1789152953,3,0,0.027,4131960
1789152953,1,0,0.001,4131960
1789152956,5,0,3.354,4131960
1789152957,4,0,0.887,4131960
1789152957,4,0,0.33,4131960
1789152957,4,0,0.423,4131960
1789152958,0,0,0.01,4131960
1789152958,3,0,0.072,4131960
1789152958,0,0,0.003,4131960
1789152958,0,0,0.006,4131960
1789152959,5,0,1.255,4131960
1789152959,5,0,0.576,4131960
1789152959,0,0,0.023,4131960
1789152959,0,0,0.012,4131960
1789152959,3,0,0.011,4131960
1789152959,2,0,0.002,4131960
1789152959,6,0,0.012,4131960
1789152960,2,0,0.445,4131960
1789152960,4,0,0.523,4131960
1789152960,2,0,0.002,4131960
1789152961,4,0,0.211,4131960
1789152961,3,0,0.124,4131960
1789152961,3,0,0.201,4131960
1789152961,2,0,0.001,4131960
1789152961,3,0,0.052,4131960
1789152961,0,0,0.005,4131960
1789152965,5,0,4.295,4131960
1789152966,4,0,0.308,4131960
1789152966,5,0,0.753,4131960
1789152966,3,0,0.049,4131960
1789152967,3,0,0.07,4131960
1789152967,1,0,0.001,4131960
1789152967,2,0,0.777,4131960
1789152967,2,0,0.002,4131960
1789152967,3,0,0.022,4131960
1789152967,6,0,0.007,4131960
1789152967,6,0,0.005,4131960
1789152967,2,0,0.002,4131960
1789152967,0,0,0.006,4131960
1789152967,3,0,0.067,4131960
1789152968,3,0,0.098,4131960
1789152968,2,0,0.441,4131960
1789152968,4,0,0.513,4131960
1789152968,6,0,0.007,4131960
1789152968,0,0,0.005,4131960
1789152968,0,0,0.004,4131960
1789152969,4,0,0.617,4131960
1789152969,6,0,0.01,4131960
1789152969,2,0,0.001,4131960
1789152969,2,0,0.002,4131960
1789152970,4,0,1.334,4131960
1789152970,6,0,0.02,4131960
1789152971,7,0,0.359,4131960
1789152971,3,0,0.054,4131960
1789152971,6,0,0.008,4131960
1789152971,5,0,0.11,4131960
1789152971,4,0,0.433,4131960
1789152971,3,0,0.004,4131960
1789152971,3,0,0.059,4131960
1789152972,2,0,0.738,4131960
1789152972,4,0,0.267,4131960
1789152973,2,0,0.003,4131960
1789152974,2,0,1.159,4131960
1789152974,4,0,0.629,4131960
1789152974,0,0,0.007,4131960
1789152974,0,0,0.004,4131960
1789152974,0,0,0.009,4131960
1789152974,6,0,0.004,4131960
1789152974,6,0,0.006,4131960
1789152979,5,0,4.742,4131960
1789152979,4,0,0.408,4131960
1789152981,5,0,1.16,4131960
1789152981,0,0,0.027,4131960
1789152981,6,0,0.007,4131960
1789152982,2,0,1.699,4131960
1789152983,4,0,0.93,4131960
1789152985,2,0,1.877,4131960
1789152985,3,0,0.097,4131960
1789152985,0,0,0.004,4131960
1789152985,5,0,0.108,4131960
1789152985,2,0,0.002,4131960
1789152991,5,0,5.177,4131960
1789152991,6,0,0.006,4131960
1789152991,3,0,0.031,4131960
1789152991,0,0,0.003,4131960
1789152991,2,0,0.001,4131960
1789152991,2,0,0.001,4131960
1789152991,7,0,0.182,4131960
1789152992,5,0,0.957,4131960
1789152992,1,0,0.002,4131960
1789152992,0,0,0.01,4131960
1789152992,3,0,0.016,4131960
1789152992,3,0,0.068,4131960
1789152992,4,0,0.02,4131960
1789152992,3,0,0.008,4131960
1789152992,2,0,0.428,4131960
1789152992,6,0,0.008,4131960
1789152992,3,0,0.037,4131960
1789152992,6,0,0.006,4131960
1789152993,4,0,0.361,4131960
1789152993,3,0,0.006,4131960
1789152993,3,0,0.124,4131960
1789152993,2,0,0.494,4131960
1789152993,6,0,0.006,4131960
1789152995,4,0,1.724,4131960
1789152995,3,0,0.012,4131960
1789152996,4,0,0.479,4131960
1789152996,0,0,0.003,4131960
1789152996,2,0,0.571,4131960
1789152996,5,0,0.128,4131960
1789152996,3,0,0.113,4131960
1789152996,1,0,0.001,4131960
1789152997,4,0,0.68,4131960
1789152998,4,0,0.711,4131960
1789152998,1,0,0.001,4131960
1789152998,2,0,0.002,4131960
1789152998,2,0,0.003,4131960
1789152999,5,0,1.486,4131960
1789153000,4,0,0.437,4131960
1789153000,4,0,0.403,4131960
1789153001,4,0,0.659,4131960
1789153001,4,0,0.4,4131960
1789153002,4,0,0.758,4131960
1789153002,6,0,0.005,4131960
1789153002,4,0,0.577,4131960
1789153002,0,0,0.005,4131960
1789153003,3,0,0.057,4131960
1789153003,5,0,0.172,4131960
1789153003,2,0,0.001,4131960
1789153003,6,0,0.003,4131960
1789153003,1,0,0.001,4131960
1789153003,6,0,0.005,4131960
1789153003,6,0,0.005,4131960
1789153003,7,0,0.239,4131960
1789153003,3,0,0.023,4131960
1789153003,0,0,0.019,4131960
1789153003,2,0,0.002,4131960
1789153003,6,1,0.006,4131960
1789153003,3,0,0.107,4131960
1789153007,5,0,3.944,4131960
1789153008,4,0,0.926,4131960
1789153008,6,0,0.016,4131960
1789153008,2,0,0.007,4131960
1789153009,4,0,0.583,4131960
1789153009,3,0,0.031,4131960
1789153009,0,0,0.007,4131960
1789153009,4,0,0.46,4131960
1789153010,4,0,0.705,4131960
1789153015,5,0,4.878,4131960
1789153016,2,0,0.9,4131960
1789153016,0,0,0.004,4131960
1789153016,3,0,0.001,4131960
1789153016,5,0,0.443,4131960
1789153016,0,0,0.005,4131960
1789153016,0,0,0.006,4131960
1789153017,4,0,0.665,4131960
1789153018,4,0,1.118,4131960
1789153018,6,0,0.004,4131960
1789153018,0,0,0.004,4131960
1789153019,4,0,0.721,4131960
1789153019,0,0,0.006,4131960
1789153019,4,0,0.628,4131960
1789153019,3,0,0.005,4131960
1789153019,1,0,0.002,4131960
1789153021,4,0,1.417,4131960
1789153021,3,0,0.089,4131960
1789153025,7,0,4.761,4131960
1789153025,3,0,0.011,4131960
1789153026,3,0,0.069,4131960
1789153026,4,0,0.419,4131960
1789153031,7,0,4.562,4131960
1789153031,0,0,0.011,4131960
1789153031,5,0,0.483,4131960
1789153031,3,0,0.065,4131960
1789153032,4,0,0.535,4131960
1789153032,4,0,0.435,4131960
1789153032,2,0,0.399,4131960
1789153033,5,0,0.101,4131960
1789153033,0,0,0.01,4131960
1789153033,3,0,0.065,4131960
1789153033,2,0,0.002,4131960
1789153033,3,0,0.068,4131960
1789153033,4,0,0.335,4131960
1789153034,2,0,0.869,4131960
1789153034,3,0,0.059,4131960
1789153034,3,0,0.146,4131960
1789153034,3,0,0.014,4131960
1789153034,2,0,0.004,4131960
1789153034,3,0,0.005,4131960
1789153036,4,0,1.599,4131960
1789153036,0,0,0.008,4131960
1789153036,4,0,0.306,4131960
1789153038,4,0,1.923,4131960
1789153038,2,0,0.413,4131960
1789153038,2,0,0.003,4131960
1789153038,2,0,0.007,4131960
1789153039,4,0,0.542,4131960
1789153039,5,0,0.422,4131960
1789153040,4,0,0.553,4131960
1789153040,5,0,0.095,4131960
1789153040,3,0,0.005,4131960
1789153041,2,0,0.948,4131960
1789153041,0,0,0.018,4131960
1789153041,3,0,0.058,4131960
1789153041,4,0,0.44,4131960
1789153043,2,0,1.485,4131960
1789153043,3,0,0.022,4131960
1789153043,3,0,0.057,4131960
1789153044,4,0,0.47,4131960
1789153044,4,0,0.417,4131960
1789153044,3,0,0.035,4131960
1789153044,5,0,0.284,4131960
1789153044,3,0,0.067,4131960
1789153044,6,0,0.007,4131960
1789153044,2,0,0.003,4131960
1789153044,2,0,0.002,4131960
1789153045,2,0,0.823,4131960
1789153046,2,0,0.53,4131960
1789153046,4,0,0.527,4131960
1789153047,4,0,0.591,4131960
1789153047,5,0,0.476,4131960
1789153047,1,0,0.004,4131960
1789153047,3,0,0.056,4131960
1789153047,6,0,0.005,4131960
1789153047,1,0,0.001,4131960
1789153047,2,0,0,4131960
1789153048,3,0,0.162,4131960
1789153048,4,0,0.576,4131960
1789153048,3,0,0.177,4131960
1789153048,3,0,0.008,4131960
1789153049,4,0,0.972,4131960
1789153049,0,0,0.013,4131960
1789153050,5,0,0.62,4131960
1789153050,0,0,0.014,4131960
1789153050,3,0,0.008,4131960
1789153050,1,0,0.001,4131960
1789153050,0,0,0.042,4131960
1789153050,3,0,0.02,4131960
1789153050,6,0,0.006,4131960
1789153050,0,0,0.009,4131960
1789153050,4,0,0.492,4131960
1789153052,5,0,1.314,4131960
1789153052,4,0,0.174,4131960
1789153052,6,0,0.003,4131960
1789153052,2,0,0.388,4131960
1789153052,0,0,0.014,4131960
1789153052,6,0,0.008,4131960
1789153052,6,0,0.008,4131960
1789153053,4,0,0.223,4131960
1789153053,5,0,0.194,4131960
1789153053,6,0,0.013,4131960
1789153053,2,0,0.002,4131960
1789153053,1,0,0.001,4131960
1789153053,3,0,0.128,4131960
1789153054,4,0,0.621,4131960
1789153054,1,0,0.001,4131960
1789153054,0,0,0.005,4131960
1789153054,2,0,0.001,4131960
1789153054,2,0,0.358,4131960
1789153054,1,0,0.001,4131960
1789153054,5,0,0.133,4131960
1789153054,2,0,0.002,4131960
1789153054,3,0,0.038,4131960
1789153054,0,0,0.012,4131960
1789153054,6,0,0.005,4131960
1789153054,3,0,0.006,4131960
1789153059,5,0,4.473,4131960
1789153059,2,0,0.003,4131960
1789153059,3,0,0.065,4131960
1789153063,5,0,3.895,4131960
1789153063,3,0,0.103,4131960
1789153063,4,0,0.038,4131960
1789153063,0,0,0.027,4131960
1789153063,7,0,0.414,4131960
1789153063,0,0,0.003,4131960
1789153064,4,0,0.974,4131960
1789153064,3,0,0.048,4131960
1789153065,4,0,0.689,4131960
1789153065,6,0,0.007,4131960
1789153065,0,0,0.005,4131960
1789153065,1,0,0.001,4131960
1789153065,0,0,0.006,4131960
1789153065,1,0,0,4131960
1789153065,0,0,0.009,4131960
1789153066,5,0,0.728,4131960
1789153066,4,0,0.477,4131960
1789153066,3,0,0.007,4131960
1789153067,2,0,0.472,4131960
1789153068,4,0,0.96,4131960
1789153068,3,0,0.048,4131960
1789153068,1,0,0.001,4131960
1789153068,2,0,0.002,4131960
1789153068,3,0,0.011,4131960
1789153068,3,0,0.007,4131960
1789153068,2,0,0.001,4131960
1789153068,2,0,0.002,4131960
1789153068,5,0,0.419,4131960
1789153068,5,0,0.16,4131960
1789153068,0,0,0.003,4131960
1789153068,0,0,0.007,4131960
1789153071,7,0,2.968,4131960
1789153071,0,0,0.012,4131960
1789153071,3,0,0.12,4131960
1789153071,6,0,0.021,4131960
1789153076,5,0,4.553,4131960
1789153076,3,0,0.007,4131960
1789153076,2,0,0.002,4131960
1789153076,4,0,0.46,4131960
1789153076,3,0,0.063,4131960
1789153076,0,0,0.005,4131960
1789153080,5,0,3.797,4131960
1789153082,2,0,2.154,4131960
1789153082,0,0,0.012,4131960
1789153082,3,0,0.008,4131960
1789153083,5,0,0.444,4131960
1789153083,3,0,0.045,4131960
1789153083,3,0,0.058,4131960
1789153084,4,0,0.729,4131960
1789153084,4,0,0.571,4131960
1789153084,3,0,0.004,4131960
1789153085,2,0,0.561,4131960
1789153085,6,0,0.007,4131960
1789153085,6,0,0.006,4131960
1789153085,1,0,0.001,4131960
1789153085,6,0,0.006,4131960
1789153089,7,0,4.103,4131960
1789153089,1,0,0.002,4131960
1789153089,1,0,0.001,4131960
1789153089,4,0,0.476,4131960
1789153089,0,0,0.006,4131960
1789153089,1,0,0.002,4131960
1789153094,5,0,4.56,4131960
1789153094,3,0,0.003,4131960
1789153094,3,0,0.035,4131960
1789153094,0,0,0.02,4131960
1789153094,2,0,0.004,4131960
1789153094,0,0,0.005,4131960
1789153094,6,0,0.006,4131960
1789153094,3,0,0.009,4131960
1789153095,2,0,0.976,4131960
1789153095,3,0,0.012,4131960
1789153095,6,0,0.008,4131960
1789153095,6,0,0.004,4131960
1789153095,0,0,0.004,4131960
1789153095,3,0,0.123,4131960
1789153096,4,0,0.571,4131960
1789153096,1,0,0.001,4131960
1789153096,4,0,0.595,4131960
1789153096,0,0,0.015,4131960
1789153096,3,0,0.012,4131960
1789153096,0,0,0.052,4131960
1789153096,3,0,0.022,4131960
1789153097,2,0,0.832,4131960
1789153097,0,0,0.007,4131960
1789153097,6,0,0.006,4131960
1789153097,3,0,0.002,4131960
1789153097,5,0,0.125,4131960
1789153098,4,0,0.638,4131960
1789153099,4,0,1.112,4131960
1789153100,2,0,0.334,4131960
1789153100,4,0,0.829,4131960
1789153100,3,0,0.002,4131960
1789153101,4,0,1.051,4131960
1789153101,6,0,0.013,4131960
1789153101,2,0,0.002,4131960
1789153101,0,0,0.008,4131960
1789153102,7,0,0.141,4131960
1789153102,4,0,0.829,4131960
1789153102,6,0,0.008,4131960
1789153103,4,0,0.458,4131960
1789153103,3,0,0.08,4131960
1789153103,4,0,0.492,4131960
1789153104,5,0,1.032,4131960
1789153105,5,0,0.423,4131960
1789153105,6,0,0.012,4131960
1789153105,0,0,0.018,4131960
1789153106,2,0,0.906,4131960
1789153106,6,0,0.007,4131960
1789153106,0,0,0.005,4131960
1789153106,3,0,0.114,4131960
1789153106,3,0,0.069,4131960
1789153106,4,0,0.347,4131960
1789153107,4,0,0.424,4131960
1789153107,5,0,0.119,4131960
1789153107,3,0,0.005,4131960
1789153107,0,0,0.007,4131960
1789153107,1,0,0.002,4131960
1789153108,4,0,0.607,4131960
1789153108,0,0,0.047,4131960
1789153111,5,0,3.743,4131960
1789153111,2,0,0.008,4131960
1789153111,3,0,0.04,4131960
1789153111,3,0,0.117,4131960
1789153111,0,0,0.009,4131960
1789153111,0,0,0.014,4131960
1789153112,4,0,0.919,4131960
1789153112,3,0,0.063,4131960
1789153113,4,0,1.008,4131960
1789153114,4,0,0.424,4131960
1789153114,3,0,0.004,4131960
1789153116,4,0,2.267,4131960
1789153121,7,0,4.889,4131960
1789153121,3,0,0.005,4131960
1789153121,1,0,0.002,4131960
1789153121,3,0,0.162,4131960
1789153122,4,0,0.548,4131960
1789153122,6,0,0.004,4131960
1789153122,6,0,0.007,4131960
1789153122,6,0,0.008,4131960
1789153122,0,0,0.005,4131960
1789153122,3,0,0.075,4131960
1789153122,4,0,0.609,4131960
1789153123,3,0,0.089,4131960
1789153123,6,0,0.004,4131960
1789153123,0,0,0.008,4131960
1789153123,4,0,0.558,4131960
1789153124,4,0,0.367,4131960
1789153124,0,0,0.005,4131960
1789153124,2,0,0.003,4131960
1789153124,4,0,0.414,4131960
1789153124,2,0,0.001,4131960
1789153124,6,0,0.005,4131960
1789153125,2,0,0.552,4131960
1789153125,0,0,0.003,4131960
1789153125,6,0,0.006,4131960
1789153125,1,0,0.001,4131960
1789153125,1,0,0.001,4131960
1789153125,2,0,0.376,4131960
1789153125,6,0,0.021,4131960
1789153125,0,0,0.004,4131960
1789153125,3,0,0.042,4131960
1789153126,5,0,0.681,4131960
1789153126,3,0,0.115,4131960
1789153126,4,0,0.419,4131960
1789153126,6,0,0.004,4131960
1789153126,6,0,0.006,4131960
1789153126,6,0,0.006,4131960
1789153126,4,0,0.24,4131960
1789153126,0,0,0.005,4131960
1789153127,4,0,0.576,4131960
1789153127,0,0,0.012,4131960
1789153127,7,0,0.148,4131960
1789153127,6,0,0.003,4131960
1789153128,4,0,0.512,4131960
1789153128,2,0,0.002,4131960
1789153128,1,0,0.001,4131960
1789153132,5,0,4.093,4131960
1789153132,4,0,0.548,4131960
1789153132,0,0,0.016,4131960
1789153132,0,0,0.004,4131960
1789153132,3,0,0.01,4131960
1789153134,2,0,1.47,4131960
1789153134,6,0,0.006,4131960
1789153134,0,0,0.007,4131960
1789153134,3,0,0.005,4131960
1789153134,4,0,0.364,4131960
1789153134,1,0,0.002,4131960
1789153134,0,0,0.006,4131960
1789153135,5,0,0.972,4131960
1789153136,4,0,1.02,4131960
1789153136,3,0,0.059,4131960
1789153136,0,0,0.008,4131960
1789153136,0,0,0.007,4131960
1789153136,1,0,0.001,4131960
1789153136,0,0,0.004,4131960
1789153137,2,0,0.778,4131960
1789153137,6,0,0.005,4131960
1789153137,2,0,0,4131960
1789153137,1,0,0.001,4131960
1789153137,0,0,0.008,4131960
1789153138,4,0,0.747,4131960
1789153141,7,0,3.418,4131960
1789153141,0,0,0.005,4131960
1789153142,4,0,0.368,4131960
1789153142,2,0,0.445,4131960
1789153142,3,0,0.069,4131960
1789153142,4,0,0.254,4131960
1789153142,6,0,0.008,4131960
1789153142,3,0,0.005,4131960
1789153142,0,0,0.005,4131960
1789153142,1,0,0.001,4131960
1789153146,5,0,3.935,4131960
1789153146,3,0,0.109,4131960
1789153146,1,0,0.001,4131960
1789153146,6,0,0.003,4131960
1789153147,4,0,0.531,4131960
1789153148,2,0,0.571,4131960
1789153152,5,0,4.195,4131960
1789153152,2,0,0.231,4131960
1789153152,2,0,0.008,4131960
1789153154,4,0,1.774,4131960
1789153154,2,0,0.002,4131960
1789153154,0,0,0.004,4131960
1789153154,0,0,0.015,4131960
1789153154,0,0,0.007,4131960
1789153154,0,0,0.008,4131960
1789153154,4,0,0.265,4131960
1789153155,4,0,0.922,4131960
1789153157,4,0,1.73,4131960
1789153157,3,0,0.066,4131960
1789153157,2,0,0.002,4131960
1789153158,4,0,1.121,4131960
1789153158,0,0,0.007,4131960
1789153159,5,0,1.07,4131960
1789153159,6,0,0.019,4131960
1789153159,4,0,0.324,4131960
1789153160,4,0,0.157,4131960
1789153160,0,0,0.012,4131960
1789153160,4,0,0.629,4131960
1789153160,2,0,0.159,4131960
1789153161,4,0,0.952,4131960
1789153161,0,0,0.014,4131960
1789153161,1,0,0.001,4131960
1789153161,1,0,0.001,4131960
1789153161,1,0,0.001,4131960
1789153161,4,0,0.209,4131960
1789153161,3,0,0.006,4131960
1789153161,3,0,0.012,4131960
1789153162,3,0,0.014,4131960
1789153162,0,0,0.009,4131960
1789153162,6,0,0.011,4131960
1789153162,4,0,0.429,4131960
1789153162,3,0,0.007,4131960
1789153162,6,0,0.007,4131960
1789153162,4,0,0.466,4131960
1789153162,6,0,0.008,4131960
1789153162,3,0,0.005,4131960
1789153163,4,0,0.247,4131960
1789153163,3,0,0.075,4131960
1789153163,3,0,0.073,4131960
1789153163,2,0,0.001,4131960
1789153163,6,0,0.007,4131960
1789153164,5,0,1.094,4131960
1789153164,0,0,0.005,4131960
1789153164,4,0,0.508,4131960
1789153164,0,0,0.01,4131960
1789153165,3,0,0.071,4131960
1789153169,7,0,4.403,4131960
1789153169,3,0,0.064,4131960
1789153169,6,0,0.005,4131960
1789153170,4,0,0.8,4131960
1789153170,1,0,0.002,4131960
1789153170,6,0,0.007,4131960
1789153170,1,0,0.001,4131960
1789153170,0,0,0.009,4131960
1789153170,3,0,0.069,4131960
1789153170,6,0,0.013,4131960
1789153170,2,0,0.411,4131960
1789153170,6,0,0.005,4131960
1789153170,0,0,0.006,4131960
1789153170,5,0,0.123,4131960
1789153170,2,0,0.001,4131960
1789153170,1,0,0.001,4131960
1789153172,2,0,1.166,4131960
1789153172,2,0,0.002,4131960
1789153172,4,0,0.353,4131960
1789153173,4,0,0.566,4131960
1789153173,3,0,0.038,4131960
1789153173,3,0,0.065,4131960
1789153174,2,0,0.855,4131960
1789153174,4,0,0.521,4131960
1789153175,5,0,0.777,4131960
1789153176,4,0,0.754,4131960
1789153176,5,0,0.229,4131960
1789153176,0,0,0.006,4131960
1789153176,4,0,0.63,4131960
1789153177,5,0,0.122,4131960
1789153177,6,0,0.007,4131960
1789153177,0,0,0.007,4131960
1789153177,6,0,0.005,4131960
1789153177,4,0,0.457,4131960
1789153177,7,0,0.175,4131960
1789153182,5,0,4.751,4131960
1789153182,5,0,0.212,4131960
1789153184,4,0,1.615,4131960
1789153184,5,0,0.102,4131960
1789153184,1,0,0.001,4131960
1789153184,2,0,0.002,4131960
1789153184,6,0,0.006,4131960
1789153184,3,0,0.037,4131960
1789153184,0,0,0.047,4131960
1789153185,2,0,0.879,4131960
1789153185,0,0,0.004,4131960
1789153185,2,0,0.302,4131960
1789153185,3,0,0.007,4131960
1789153186,7,0,0.648,4131960
1789153186,5,0,0.539,4131960
1789153186,0,0,0.005,4131960
1789153187,4,0,0.203,4131960
1789153187,2,0,0.418,4131960
1789153188,4,0,0.733,4131960
1789153188,3,0,0.037,4131960
1789153188,4,0,0.636,4131960
1789153188,0,0,0.011,4131960
1789153188,3,0,0.005,4131960
1789153188,0,0,0.011,4131960
1789153192,5,0,3.408,4131960
1789153192,6,0,0.008,4131960
1789153196,5,0,4.226,4131960
1789153201,5,0,4.558,4131960
1789153201,4,0,0.422,4131960
1789153201,3,0,0.045,4131960
1789153201,2,0,0.002,4131960
1789153201,0,0,0.014,4131960
1789153202,4,0,0.84,4131960
1789153202,3,0,0.055,4131960
1789153203,7,0,0.839,4131960
1789153203,3,0,0.006,4131960
1789153203,0,0,0.014,4131960
1789153203,6,0,0.021,4131960
1789153203,6,0,0.065,4131960
1789153204,5,0,1.392,4131960
1789153204,3,0,0.006,4131960
1789153204,3,0,0.089,4131960
1789153205,3,0,0.111,4131960
1789153205,2,0,0.322,4131960
1789153205,3,0,0.099,4131960
1789153205,6,0,0.008,4131960
1789153205,3,0,0.005,4131960
1789153205,2,0,0.367,4131960
1789153209,5,0,4.03,4131960
1789153209,2,0,0.013,4131960
1789153214,5,0,4.272,4131960
1789153214,5,0,0.51,4131960
1789153214,3,0,0.047,4131960
1789153215,4,0,0.3,4131960
1789153215,0,0,0.031,4131960
1789153215,3,0,0.059,4131960
1789153215,5,0,0.221,4131960
1789153216,4,0,0.918,4131960
1789153216,0,0,0.014,4131960
1789153216,1,0,0.001,4131960
1789153216,6,0,0.006,4131960
1789153216,2,0,0.003,4131960
1789153217,4,0,1.264,4131960
1789153217,4,0,0.377,4131960
1789153217,6,0,0.005,4131960
1789153217,3,0,0.037,4131960
1789153217,0,0,0.01,4131960
1789153218,4,0,0.339,4131960
1789153218,5,0,0.14,4131960
1789153218,5,0,0.374,4131960
1789153220,4,0,1.295,4131960
1789153220,2,0,0.28,4131960
1789153220,5,0,0.191,4131960
1789153220,2,0,0.002,4131960
1789153220,6,0,0.007,4131960
1789153220,4,0,0.25,4131960
1789153221,4,0,0.573,4131960
1789153221,2,0,0.001,4131960
1789153221,2,0,0.001,4131960
1789153221,4,0,0.453,4131960
1789153221,6,0,0.006,4131960
1789153221,2,0,0.001,4131960
1789153222,4,0,0.833,4131960
1789153222,1,0,0.002,4131960
1789153223,4,0,1.079,4131960
1789153224,2,0,0.458,4131960
1789153224,2,0,0.64,4131960
1789153225,7,0,0.813,4131960
1789153225,0,0,0.031,4131960
1789153225,3,0,0.006,4131960
1789153225,3,0,0.105,4131960
1789153225,0,0,0.005,4131960
1789153225,2,0,0.003,4131960
1789153225,0,0,0.015,4131960
1789153226,4,0,0.971,4131960
1789153227,4,0,0.504,4131960
1789153228,5,0,1.484,4131960
1789153228,0,0,0.011,4131960
1789153228,3,0,0.001,4131960
1789153228,1,0,0.002,4131960
1789153229,4,0,0.502,4131960
1789153229,5,0,0.114,4131960
1789153229,6,0,0.005,4131960
1789153229,6,0,0.008,4131960
1789153229,1,0,0.001,4131960
1789153229,4,0,0.269,4131960
1789153230,2,0,0.311,4131960
1789153230,3,0,0.073,4131960
1789153230,0,0,0.02,4131960
1789153230,4,0,0.401,4131960
1789153230,3,0,0.022,4131960
1789153230,3,0,0.084,4131960
1789153230,3,0,0.084,4131960
1789153231,4,0,0.881,4131960
1789153231,1,0,0.001,4131960
1789153231,0,0,0.014,4131960
1789153231,3,0,0.114,4131960
1789153231,0,0,0.023,4131960
1789153232,4,0,0.737,4131960
1789153232,2,0,0.422,4131960
1789153234,5,0,1.657,4131960
1789153235,4,0,0.902,4131960
1789153235,0,0,0.003,4131960
1789153235,0,0,0.016,4131960
1789153235,1,0,0.001,4131960
1789153235,6,0,0.011,4131960
1789153240,5,0,4.882,4131960
1789153240,3,0,0.004,4131960
1789153240,0,0,0.003,4131960
1789153243,5,0,3.281,4131960
1789153243,6,0,0.006,4131960
1789153244,5,0,0.389,4131960
1789153244,3,0,0.091,4131960
1789153244,6,0,0.011,4131960
1789153244,6,0,0.006,4131960
1789153244,6,0,0.011,4131960
1789153244,1,0,0.002,4131960
1789153244,0,0,0.005,4131960
1789153244,0,0,0.005,4131960
1789153244,6,0,0.026,4131960
1789153244,3,0,0.191,4131960
1789153248,5,0,3.668,4131960
1789153249,4,0,1.02,4131960
1789153249,5,0,0.582,4131960
1789153250,4,0,0.922,4131960
1789153250,6,0,0.004,4131960
1789153250,3,0,0.093,4131960
1789153251,5,0,1.016,4131960
1789153252,4,0,0.285,4131960
1789153252,6,0,0.008,4131960
1789153252,4,0,0.15,4131960
1789153252,2,0,0.003,4131960
1789153253,4,0,1.483,4131960
1789153253,6,0,0.006,4131960
1789153253,3,0,0.101,4131960
1789153253,0,0,0.005,4131960
1789153253,2,0,0.001,4131960
1789153253,1,0,0.001,4131960
1789153253,0,0,0.014,4131960
1789153254,4,0,0.535,4131960
1789153254,3,0,0.041,4131960
1789153255,4,0,1.31,4131960
1789153255,3,0,0.143,4131960
1789153255,5,0,0.156,4131960
1789153256,3,0,0.074,4131960
1789153256,6,0,0.018,4131960
1789153256,3,0,0.046,4131960
1789153256,0,0,0.022,4131960
1789153256,3,0,0.056,4131960
1789153256,0,0,0.017,4131960
1789153256,5,0,0.16,4131960
1789153256,3,0,0.097,4131960
1789153256,2,0,0.002,4131960
1789153256,2,0,0.002,4131960
1789153256,3,0,0.078,4131960
1789153256,4,0,0.293,4131960
1789153256,3,0,0.006,4131960
1789153256,0,0,0.014,4131960
1789153257,2,0,0.47,4131960
1789153257,3,0,0.1,4131960
1789153257,3,0,0.034,4131960
1789153257,3,0,0.065,4131960
1789153257,2,0,0.002,4131960
1789153257,6,0,0.005,4131960
1789153257,2,0,0.001,4131960
1789153257,3,0,0.005,4131960
1789153258,4,0,0.566,4131960
1789153258,0,0,0.01,4131960
1789153258,0,0,0.005,4131960
1789153258,2,0,0.002,4131960
1789153258,3,0,0.119,4131960
1789153258,2,0,0.001,4131960
1789153258,6,0,0.007,4131960
1789153258,4,0,0.544,4131960
1789153260,5,0,1.297,4131960
1789153260,4,0,0.633,4131960
1789153260,6,0,0.007,4131960
1789153261,4,0,0.368,4131960
1789153261,4,0,0.327,4131960
1789153265,5,0,3.614,4131960
1789153265,6,0,0.01,4131960
1789153265,3,0,0.011,4131960
1789153265,3,0,0.007,4131960
1789153265,4,0,0.661,4131960
1789153265,2,0,0.001,4131960
1789153265,3,0,0.102,4131960
1789153266,4,0,0.4,4131960
1789153266,0,0,0.013,4131960
1789153266,0,0,0.005,4131960
1789153266,4,0,0.736,4131960
1789153267,5,0,0.101,4131960
1789153267,6,0,0.006,4131960
1789153267,3,0,0.018,4131960
1789153267,2,0,0.455,4131960
1789153267,3,0,0.123,4131960
1789153267,3,0,0.066,4131960
1789153267,3,0,0.124,4131960
1789153267,2,0,0.002,4131960
1789153268,4,0,0.65,4131960
1789153268,3,0,0.04,4131960
1789153269,4,0,1.166,4131960
1789153269,6,0,0.008,4131960
1789153269,6,0,0.006,4131960
1789153270,2,0,1.078,4131960
1789153271,4,0,0.894,4131960
1789153272,4,0,0.457,4131960
1789153272,0,0,0.011,4131960
1789153272,3,0,0.016,4131960
1789153272,0,0,0.004,4131960
1789153273,4,0,1.461,4131960
1789153273,7,0,0.124,4131960
1789153275,2,0,1.285,4131960
1789153275,1,0,0.001,4131960
1789153275,1,0,0.001,4131960
1789153275,4,0,0.659,4131960
1789153276,4,0,0.406,4131960
1789153276,4,0,0.655,4131960
1789153276,6,0,0.009,4131960
1789153277,2,0,0.681,4131960
1789153277,2,0,0.006,4131960
1789153278,2,0,0.679,4131960
1789153279,5,0,1.153,4131960
1789153279,3,0,0.039,4131960
1789153279,3,0,0.038,4131960
1789153279,4,0,0.286,4131960
1789153279,2,0,0.004,4131960
1789153279,3,0,0.091,4131960
1789153280,4,0,0.441,4131960
1789153280,6,0,0.025,4131960
1789153280,2,0,0.01,4131960
1789153280,3,0,0.237,4131960
1789153285,5,0,5.236,4131960
1789153286,7,0,0.598,4131960
1789153286,2,0,0.004,4131960
1789153287,4,0,0.843,4131960
1789153288,4,0,0.967,4131960
1789153288,3,0,0.02,4131960
1789153288,4,0,0.744,4131960
1789153290,2,0,1.188,4131960
1789153290,3,0,0.029,4131960
1789153290,3,0,0.006,4131960
1789153290,6,0,0.005,4131960
1789153290,7,0,0.281,4131960
1789153290,3,0,0.063,4131960
1789153290,2,0,0.001,4131960
1789153290,3,0,0.075,4131960
1789153290,0,0,0.006,4131960
1789153290,4,0,0.18,4131960
1789153291,7,0,0.56,4131960
1789153292,5,0,0.689,4131960
1789153292,3,0,0.008,4131960
1789153292,0,0,0.012,4131960
1789153292,6,1,0.01,4131960
1789153292,1,0,0.001,4131960
1789153292,1,0,0,4131960
1789153292,4,0,0.498,4131960
1789153293,4,0,0.725,4131960
1789153293,3,0,0.07,4131960
1789153293,3,0,0.01,4131960
1789153293,0,0,0.004,4131960
1789153294,4,0,0.683,4131960
1789153294,0,0,0.012,4131960
1789153294,2,0,0.906,4131960
1789153294,6,0,0.006,4131960
1789153294,6,0,0.006,4131960
1789153294,0,0,0.021,4131960
1789153295,3,0,0.015,4131960
1789153295,4,0,0.47,4131960
1789153295,3,0,0.021,4131960
1789153295,2,0,0.467,4131960
1789153295,0,0,0.004,4131960
1789153296,3,0,0.059,4131960
1789153296,3,0,0.033,4131960
1789153296,6,0,0.009,4131960
1789153296,5,0,0.147,4131960
1789153299,5,0,3.682,4131960
1789153300,4,0,0.376,4131960
1789153300,0,0,0.015,4131960
1789153300,4,0,0.565,4131960
1789153300,0,0,0.015,4131960
1789153301,5,0,0.589,4131960
1789153302,4,0,0.948,4131960
1789153302,3,0,0.022,4131960
1789153303,4,0,1.256,4131960
1789153303,6,0,0.013,4131960
1789153305,2,0,1.445,4131960
1789153305,0,0,0.005,4131960
1789153305,6,0,0.005,4131960
1789153305,6,0,0.009,4131960
1789153305,5,0,0.202,4131960
1789153305,3,0,0.005,4131960
1789153305,0,0,0.012,4131960
1789153305,3,0,0.068,4131960
1789153306,4,0,0.582,4131960
1789153306,3,0,0.065,4131960
1789153306,4,0,0.386,4131960
1789153306,2,0,0.002,4131960
1789153306,3,0,0.078,4131960
1789153306,5,0,0.114,4131960
1789153306,4,0,0.271,4131960
1789153306,0,0,0.007,4131960
1789153307,5,0,0.426,4131960
1789153307,6,0,0.006,4131960
1789153307,0,0,0.013,4131960
1789153308,2,0,0.718,4131960
1789153308,3,0,0.046,4131960
1789153308,3,0,0.056,4131960
1789153308,6,0,0.005,4131960
1789153308,5,0,0.491,4131960
1789153308,6,0,0.013,4131960
1789153308,1,0,0.001,4131960
1789153308,0,0,0.028,4131960
1789153308,3,0,0.039,4131960
1789153309,4,0,0.508,4131960
1789153310,4,0,0.869,4131960
1789153310,2,0,0.572,4131960
1789153311,4,0,1.175,4131960
1789153311,0,0,0.015,4131960
1789153312,4,0,0.523,4131960
1789153312,1,0,0.001,4131960
1789153312,1,0,0.001,4131960
1789153312,3,0,0.076,4131960
1789153313,4,0,0.515,4131960
1789153313,0,0,0.028,4131960
1789153313,3,0,0.085,4131960
1789153313,3,0,0.003,4131960
1789153313,3,0,0.006,4131960
1789153313,0,0,0.012,4131960
1789153313,2,0,0.497,4131960
1789153314,4,0,0.437,4131960
1789153315,4,0,1.692,4131960
1789153317,4,0,1.227,4131960
1789153317,4,0,0.298,4131960
1789153317,3,0,0.104,4131960
1789153318,2,0,0.731,4131960
1789153318,6,0,0.008,4131960
1789153318,4,0,0.363,4131960
1789153322,5,0,3.554,4131960
1789153322,0,0,0.008,4131960
1789153322,2,0,0.001,4131960
1789153323,4,0,1.342,4131960
1789153323,3,0,0.014,4131960
1789153323,3,0,0.003,4131960
1789153323,0,0,0.013,4131960
1789153324,4,0,0.566,4131960
1789153324,3,0,0.131,4131960
1789153324,3,0,0.133,4131960
1789153324,3,0,0.174,4131960
1789153325,5,0,0.799,4131960
1789153325,3,0,0.032,4131960
1789153329,7,0,4.075,4131960
1789153329,3,0,0.163,4131960
1789153329,3,0,0.03,4131960
1789153330,4,0,0.526,4131960
1789153330,0,0,0.009,4131960
1789153330,4,0,0.678,4131960
1789153330,0,0,0.011,4131960
1789153330,3,0,0.008,4131960
1789153330,1,0,0.002,4131960
1789153331,2,0,1.033,4131960
1789153332,4,0,0.541,4131960
1789153332,4,0,0.594,4131960
1789153333,3,0,0.036,4131960
1789153333,2,0,0.381,4131960
1789153333,3,0,0.004,4131960
1789153333,0,0,0.004,4131960
1789153333,2,0,0.002,4131960
1789153334,4,0,0.686,4131960
1789153335,5,0,1.008,4131960
1789153335,3,0,0.057,4131960
1789153335,0,0,0.005,4131960
1789153335,1,0,0.001,4131960
1789153335,6,0,0.002,4131960
1789153335,2,0,0.745,4131960
1789153336,5,0,0.147,4131960
1789153336,5,0,0.399,4131960
1789153337,4,0,0.624,4131960
1789153337,3,0,0.016,4131960
1789153337,6,0,0.01,4131960
1789153337,0,0,0.004,4131960
1789153337,3,0,0.025,4131960
1789153337,4,0,0.248,4131960
1789153337,4,0,0.152,4131960
1789153337,5,0,0.121,4131960
1789153338,4,0,1.222,4131960
1789153338,3,0,0.101,4131960
1789153339,3,0,0.07,4131960
1789153340,4,0,1.19,4131960
1789153340,0,0,0.005,4131960
1789153340,0,0,0.004,4131960
1789153340,0,0,0.013,4131960
1789153340,0,0,0.007,4131960
1789153340,0,0,0.003,4131960
1789153340,1,0,0.001,4131960
1789153340,1,0,0.001,4131960
1789153340,0,0,0.014,4131960
1789153340,4,0,0.663,4131960
1789153344,5,0,3.047,4131960
1789153344,6,0,0.009,4131960
1789153344,2,0,0.002,4131960
1789153344,4,0,0.441,4131960
1789153344,6,0,0.005,4131960
1789153344,4,0,0.397,4131960
1789153344,3,0,0.06,4131960
1789153344,0,0,0.007,4131960
1789153345,4,0,0.577,4131960
1789153347,4,0,1.567,4131960
1789153347,3,0,0.038,4131960
1789153347,0,0,0.016,4131960
1789153347,6,0,0.004,4131960
1789153347,2,0,0.46,4131960
1789153347,0,0,0.007,4131960
1789153348,4,0,0.522,4131960
1789153349,5,0,0.993,4131960
1789153349,2,0,0.003,4131960
1789153350,4,0,1.155,4131960
1789153354,5,0,4.034,4131960
1789153354,2,0,0.001,4131960
1789153356,5,0,1.78,4131960
1789153356,0,0,0.004,4131960
1789153356,1,0,0.002,4131960
1789153356,4,0,0.439,4131960
1789153356,0,0,0.004,4131960
1789153358,4,0,2.158,4131960
1789153358,6,0,0.007,4131960
1789153358,2,0,0.003,4131960
1789153359,4,0,1.283,4131960
1789153360,4,0,0.486,4131960
1789153360,3,0,0.057,4131960
1789153361,4,0,0.834,4131960
1789153361,0,0,0.009,4131960
1789153361,0,0,0.004,4131960
1789153361,3,0,0.092,4131960
1789153361,3,0,0.038,4131960
1789153361,3,0,0.054,4131960
1789153362,5,0,0.859,4131960
1789153362,2,0,0.454,4131960
1789153362,2,0,0.001,4131960
1789153362,0,0,0.013,4131960
1789153363,2,0,0.744,4131960
1789153364,4,0,0.728,4131960
1789153364,5,0,0.559,4131960
1789153366,4,0,1.12,4131960
1789153366,7,0,0.222,4131960
1789153366,1,0,0.001,4131960
1789153367,4,0,1.031,4131960
1789153367,3,0,0.181,4131960
1789153367,6,0,0.005,4131960
1789153368,2,0,0.66,4131960
1789153368,2,0,0.002,4131960
1789153368,0,0,0.005,4131960
1789153368,0,0,0.003,4131960
1789153368,4,0,0.731,4131960
1789153368,0,0,0.003,4131960
1789153374,5,0,5.461,4131960
1789153374,0,0,0.007,4131960
1789153375,4,0,0.951,4131960
1789153379,5,0,3.947,4131960
1789153379,2,0,0.382,4131960
1789153380,4,0,0.83,4131960
1789153380,3,0,0.127,4131960
1789153381,4,0,0.427,4131960
1789153384,5,0,3.728,4131960
1789153385,2,0,0.474,4131960
1789153385,3,0,0.042,4131960
1789153385,6,0,0.009,4131960
1789153385,1,0,0.002,4131960
1789153385,6,0,0.006,4131960
1789153385,2,0,0.002,4131960
1789153385,1,0,0.001,4131960
1789153385,2,0,0.511,4131960
1789153385,2,0,0.002,4131960
1789153385,2,0,0.003,4131960
1789153385,3,0,0.056,4131960
1789153385,6,0,0.005,4131960
1789153385,5,0,0.094,4131960
1789153385,3,0,0.006,4131960
1789153385,6,0,0.004,4131960
1789153385,6,0,0.006,4131960
1789153386,3,0,0.026,4131960
1789153386,2,0,0.003,4131960
1789153386,0,0,0.005,4131960
1789153386,3,0,0.035,4131960
1789153390,5,0,4.51,4131960
1789153390,5,0,0.256,4131960
1789153390,1,0,0.001,4131960
1789153390,0,0,0.007,4131960
1789153390,6,0,0.004,4131960
1789153391,3,0,0.178,4131960
1789153391,3,0,0.095,4131960
1789153391,4,0,0.053,4131960
1789153391,5,0,0.641,4131960
1789153391,3,0,0.004,4131960
1789153392,4,0,0.532,4131960
1789153392,4,0,0.579,4131960
1789153393,4,0,0.435,4131960
1789153393,4,0,0.376,4131960
1789153394,4,0,0.593,4131960
1789153394,2,0,0.002,4131960
1789153394,4,0,0.428,4131960
1789153394,2,0,0.003,4131960
1789153394,6,0,0.005,4131960
1789153394,3,0,0.05,4131960
1789153394,1,0,0.001,4131960
1789153395,2,0,0.687,4131960
1789153395,1,0,0.002,4131960
1789153395,0,0,0.014,4131960
1789153395,3,0,0.045,4131960
1789153395,3,0,0.009,4131960
1789153400,5,0,4.618,4131960
1789153400,4,0,0.485,4131960
1789153400,0,0,0.008,4131960
1789153401,4,0,0.824,4131960
1789153401,1,0,0.001,4131960
1789153402,2,0,0.957,4131960
1789153403,4,0,0.568,4131960
1789153403,0,0,0.009,4131960
1789153403,1,0,0.003,4131960
1789153403,4,0,0.37,4131960
1789153403,0,0,0.008,4131960
1789153403,3,0,0.046,4131960
1789153404,4,0,0.96,4131960
1789153404,1,0,0.001,4131960
1789153404,2,0,0.001,4131960
1789153404,2,0,0.002,4131960
1789153404,3,0,0.092,4131960
1789153408,7,0,3.698,4131960
1789153408,2,0,0.426,4131960
1789153408,3,0,0.041,4131960
1789153412,7,0,3.855,4131960
1789153413,2,0,0.608,4131960
1789153413,2,0,0.002,4131960
1789153413,0,0,0.017,4131960
1789153413,0,0,0.009,4131960
1789153413,3,0,0.039,4131960
1789153413,0,0,0.01,4131960
1789153414,4,0,0.795,4131960
1789153414,0,0,0.004,4131960
1789153414,2,0,0.001,4131960
1789153414,4,0,0.252,4131960
1789153414,2,0,0.002,4131960
1789153414,3,0,0.055,4131960
1789153414,0,0,0.003,4131960
1789153414,3,0,0.003,4131960
1789153414,3,0,0.055,4131960
1789153415,4,0,0.611,4131960
1789153415,0,0,0.012,4131960
1789153415,4,0,0.644,4131960
1789153416,4,0,0.815,4131960
1789153416,0,0,0.007,4131960
1789153416,3,0,0.079,4131960
1789153416,0,0,0.011,4131960
1789153417,2,0,0.7,4131960
1789153417,3,0,0.006,4131960
1789153417,2,0,0.001,4131960
1789153418,4,0,1.53,4131960
1789153418,6,0,0.005,4131960
1789153418,6,0,0.004,4131960
1789153418,3,0,0.047,4131960
1789153419,7,0,0.658,4131960
1789153419,1,0,0.002,4131960
1789153419,6,0,0.014,4131960
1789153419,6,0,0.006,4131960
1789153419,0,0,0.009,4131960
1789153419,3,0,0.039,4131960
1789153419,1,0,0.001,4131960
1789153421,2,0,1.584,4131960
1789153421,0,0,0.017,4131960
1789153421,4,0,0.475,4131960
1789153425,5,0,3.675,4131960
1789153429,5,0,4.49,4131960
1789153430,2,0,0.369,4131960
1789153430,2,0,0.56,4131960
1789153430,3,0,0.006,4131960
1789153430,0,0,0.009,4131960
1789153431,2,0,0.271,4131960
1789153431,6,0,0.009,4131960
1789153431,3,0,0.027,4131960
1789153431,4,0,0.176,4131960
1789153431,2,0,0.001,4131960
1789153431,6,0,0.007,4131960
1789153431,4,0,0.628,4131960
1789153431,6,0,0.003,4131960
1789153431,6,0,0.007,4131960
1789153432,3,0,0.142,4131960
1789153432,0,0,0.006,4131960
1789153437,5,0,5.334,4131960
1789153437,3,0,0.083,4131960
1789153437,3,0,0.077,4131960
1789153437,3,0,0.075,4131960
1789153438,5,0,1.326,4131960
1789153438,0,0,0.026,4131960
1789153439,4,0,0.468,4131960
1789153439,2,0,0.004,4131960
1789153439,2,0,0.404,4131960
1789153440,4,0,0.874,4131960
1789153445,5,0,4.666,4131960
1789153445,3,0,0.015,4131960
1789153445,2,0,0.48,4131960
1789153445,2,0,0.001,4131960
1789153446,4,0,0.559,4131960
1789153446,4,0,0.486,4131960
1789153446,0,0,0.01,4131960
1789153446,6,0,0.005,4131960
1789153447,3,0,0.051,4131960
1789153447,0,0,0.018,4131960
1789153447,4,0,0.386,4131960
1789153447,6,0,0.009,4131960
1789153447,5,0,0.157,4131960
1789153447,2,0,0.003,4131960
1789153448,4,0,0.905,4131960
1789153449,5,0,0.802,4131960
1789153449,3,0,0.053,4131960
1789153449,1,0,0.001,4131960
1789153449,3,0,0.085,4131960
1789153450,4,0,0.815,4131960
1789153450,7,0,0.334,4131960
1789153450,3,0,0.045,4131960
1789153451,5,0,0.443,4131960
1789153451,4,0,0.663,4131960
1789153453,4,0,1.412,4131960
1789153454,4,0,1.17,4131960
1789153454,4,0,0.279,4131960
1789153455,4,0,0.727,4131960
1789153456,5,0,0.802,4131960
1789153456,0,0,0.008,4131960
1789153457,7,0,1.253,4131960
1789153457,3,0,0.025,4131960
1789153457,3,0,0.316,4131960
1789153457,0,0,0.014,4131960
1789153457,6,0,0.006,4131960
1789153458,2,0,0.451,4131960
1789153458,7,0,0.163,4131960
1789153458,3,0,0.082,4131960
1789153458,3,0,0.102,4131960
1789153458,3,0,0.031,4131960
1789153458,1,0,0.001,4131960
1789153458,3,0,0.04,4131960
1789153458,2,0,0.001,4131960
1789153458,0,0,0.022,4131960
1789153460,4,0,1.634,4131960
1789153460,2,0,0.002,4131960
1789153460,0,0,0.022,4131960
1789153460,6,0,0.016,4131960
1789153460,3,0,0.006,4131960
1789153460,0,0,0.01,4131960
1789153460,3,0,0.003,4131960
1789153461,4,0,0.831,4131960
1789153461,4,0,0.392,4131960
1789153463,4,0,1.911,4131960
1789153463,2,0,0.004,4131960
1789153463,2,0,0.49,4131960
1789153464,2,0,0.661,4131960
1789153464,0,0,0.01,4131960
1789153464,2,0,0.002,4131960
1789153466,4,0,1.481,4131960
1789153466,3,0,0.048,4131960
1789153466,2,0,0.377,4131960
1789153466,3,0,0.037,4131960
1789153466,6,0,0.023,4131960
1789153466,4,0,0.296,4131960
1789153466,6,0,0.005,4131960
1789153466,0,0,0.011,4131960
1789153466,0,0,0.011,4131960
1789153466,6,0,0.003,4131960
1789153467,4,0,0.507,4131960
1789153467,2,0,0.002,4131960
1789153467,3,0,0.006,4131960
1789153467,0,0,0.018,4131960
1789153469,2,0,1.547,4131960
1789153469,4,0,0.396,4131960
1789153473,5,0,3.763,4131960
1789153473,3,0,0.116,4131960
1789153473,6,0,0.046,4131960
1789153473,3,0,0.106,4131960
1789153473,2,0,0.001,4131960
1789153473,0,0,0.011,4131960
1789153473,6,0,0.004,4131960
1789153473,2,0,0.002,4131960
1789153475,4,0,1.622,4131960
1789153475,3,0,0.025,4131960
1789153475,0,0,0.009,4131960
1789153475,3,0,0.002,4131960
1789153475,3,0,0.022,4131960
1789153475,2,0,0.694,4131960
1789153475,3,0,0.079,4131960
1789153475,6,0,0.008,4131960
1789153476,2,0,0.289,4131960
1789153476,4,0,0.456,4131960
1789153476,0,0,0.014,4131960
1789153476,6,0,0.006,4131960
1789153476,0,0,0.003,4131960
1789153477,2,0,0.781,4131960
1789153477,0,0,0.004,4131960
1789153477,3,0,0.028,4131960
1789153478,4,0,0.848,4131960
1789153478,3,0,0.007,4131960
1789153478,6,0,0.005,4131960
1789153479,4,0,1.121,4131960
1789153479,3,0,0.006,4131960
1789153479,4,0,0.458,4131960
1789153480,4,0,0.474,4131960
1789153480,3,0,0.012,4131960
1789153481,4,0,0.699,4131960
1789153481,3,0,0.184,4131960
1789153481,6,0,0.011,4131960
1789153481,2,0,0.006,4131960
1789153481,0,0,0.012,4131960
1789153482,4,0,1.158,4131960
1789153483,4,0,0.532,4131960
1789153483,4,0,0.912,4131960
1789153483,0,0,0.011,4131960
1789153484,5,0,0.129,4131960
1789153488,7,0,4.362,4131960
1789153489,4,0,0.861,4131960
1789153489,3,0,0.03,4131960
1789153489,0,0,0.014,4131960
1789153489,0,0,0.018,4131960
1789153489,3,0,0.16,4131960
1789153489,6,0,0.016,4131960
1789153489,0,0,0.039,4131960
1789153490,5,0,1.201,4131960
1789153491,7,0,0.622,4131960
1789153491,3,0,0.106,4131960
1789153491,0,0,0.015,4131960
1789153491,0,0,0.017,4131960
1789153492,5,0,0.507,4131960
1789153492,7,0,0.709,4131960
1789153493,4,0,0.81,4131960
1789153493,3,0,0.073,4131960
1789153493,3,0,0.087,4131960
1789153494,4,0,0.43,4131960
1789153494,4,0,0.662,4131960
1789153495,2,0,1.034,4131960
1789153495,2,0,0.002,4131960
1789153500,5,0,4.181,4131960
1789153500,2,0,0.002,4131960
1789153500,6,0,0.007,4131960
1789153500,1,0,0.003,4131960
1789153503,5,0,3.435,4131960
1789153504,4,0,0.64,4131960
1789153504,4,0,0.337,4131960
1789153504,3,0,0.067,4131960
1789153504,0,0,0.007,4131960
1789153504,2,0,0.002,4131960
1789153504,0,0,0.007,4131960
1789153504,5,0,0.116,4131960
1789153504,3,0,0.045,4131960
1789153504,3,0,0.082,4131960
1789153505,4,0,0.575,4131960
1789153505,4,0,0.31,4131960
1789153506,5,0,0.537,4131960
1789153506,4,0,0.355,4131960
1789153507,2,0,0.425,4131960
1789153507,0,0,0.008,4131960
1789153507,4,0,0.32,4131960
1789153507,0,0,0.008,4131960
1789153507,3,0,0.082,4131960
1789153507,0,0,0.013,4131960
1789153507,0,0,0.01,4131960
1789153507,6,0,0.006,4131960
1789153507,6,0,0.015,4131960
1789153507,0,0,0.023,4131960
1789153507,6,0,0.017,4131960
1789153507,0,0,0.009,4131960
1789153508,2,0,0.61,4131960
1789153508,4,0,0.361,4131960
1789153508,5,0,0.093,4131960
1789153509,7,0,0.558,4131960
1789153509,0,0,0.005,4131960
1789153509,2,0,0.006,4131960
1789153509,3,0,0.062,4131960
1789153509,1,0,0.001,4131960
1789153509,4,0,0.38,4131960
1789153509,0,0,0.008,4131960
1789153510,4,0,0.46,4131960
1789153510,0,0,0.009,4131960
1789153510,3,0,0.07,4131960
1789153510,4,0,0.273,4131960
1789153510,6,0,0.005,4131960
1789153510,4,0,0.391,4131960
1789153511,2,0,0.653,4131960
1789153511,6,0,0.008,4131960
1789153511,0,0,0.006,4131960
1789153511,2,0,0.003,4131960
1789153511,3,0,0.004,4131960
1789153511,4,0,0.437,4131960
1789153511,0,0,0.009,4131960
1789153511,3,0,0.003,4131960
1789153512,5,0,0.71,4131960
1789153512,5,0,0.107,4131960
1789153513,2,0,0.551,4131960
1789153513,3,0,0.064,4131960
1789153517,5,0,3.766,4131960
1789153517,0,0,0.007,4131960
1789153517,2,0,0.245,4131960
1789153517,0,0,0.004,4131960
1789153517,2,0,0.002,4131960
1789153517,3,0,0.089,4131960
1789153517,6,0,0.01,4131960
1789153517,2,0,0.002,4131960
1789153517,1,0,0.001,4131960
1789153517,7,0,0.178,4131960
1789153518,5,0,0.619,4131960
1789153518,2,0,0.504,4131960
1789153518,3,0,0.137,4131960
1789153518,2,0,0.003,4131960
1789153518,0,0,0.016,4131960
1789153518,0,0,0.008,4131960
1789153518,6,0,0.02,4131960
1789153519,4,0,0.32,4131960
1789153519,0,0,0.011,4131960
1789153519,6,0,0.006,4131960
1789153522,5,0,3.336,4131960
1789153522,6,0,0.006,4131960
1789153522,0,0,0.007,4131960
1789153523,2,0,0.532,4131960
1789153526,5,0,3.327,4131960
1789153526,2,0,0.001,4131960
1789153530,7,0,3.736,4131960
1789153530,6,0,0.006,4131960
1789153530,0,0,0.011,4131960
1789153530,0,0,0.007,4131960
1789153530,2,0,0.002,4131960
1789153530,2,0,0.005,4131960
1789153530,2,0,0.002,4131960
1789153534,5,0,4.145,4131960
1789153534,6,0,0.005,4131960
1789153534,4,0,0.3,4131960
1789153538,5,0,3.279,4131960
1789153538,6,0,0.005,4131960
1789153538,2,0,0.001,4131960
1789153539,5,0,1.047,4131960
1789153539,2,0,0.002,4131960
1789153539,1,0,0.003,4131960
1789153539,2,0,0.002,4131960
1789153539,3,0,0.07,4131960
1789153539,5,0,0.646,4131960
1789153540,2,0,0.715,4131960
1789153540,0,0,0.007,4131960
1789153540,2,0,0.003,4131960
1789153541,2,0,0.586,4131960
1789153541,4,0,0.894,4131960
1789153542,4,0,0.724,4131960
1789153542,6,0,0.004,4131960
1789153543,4,0,1.239,4131960
1789153544,4,0,0.768,4131960
1789153544,3,0,0.085,4131960
1789153544,3,0,0.007,4131960
1789153544,6,0,0.005,4131960
1789153545,4,0,0.486,4131960
1789153545,6,0,0.005,4131960
1789153545,3,0,0.014,4131960
1789153545,0,0,0.003,4131960
1789153545,3,0,0.006,4131960
1789153545,1,0,0.001,4131960
1789153545,0,0,0.005,4131960
1789153545,3,0,0.074,4131960
1789153545,3,0,0.002,4131960
1789153548,5,0,3.414,4131960
1789153549,4,0,1.083,4131960
1789153549,0,0,0.007,4131960
1789153550,4,0,0.738,4131960
1789153551,4,0,0.929,4131960
1789153551,3,0,0.083,4131960
1789153552,4,0,0.463,4131960
1789153552,6,0,0.006,4131960
1789153552,1,0,0.001,4131960
1789153552,0,0,0.002,4131960
1789153552,3,0,0.036,4131960
1789153552,0,0,0.016,4131960
1789153552,3,0,0.043,4131960
1789153552,6,0,0.003,4131960
1789153552,6,0,0.005,4131960
1789153552,6,0,0.006,4131960
1789153552,4,0,0.721,4131960
1789153552,2,0,0.002,4131960
1789153553,5,0,0.169,4131960
1789153554,4,0,1.01,4131960
1789153554,3,0,0.008,4131960
1789153554,3,0,0.008,4131960
1789153554,3,0,0.01,4131960
1789153554,0,0,0.009,4131960
1789153554,2,0,0.563,4131960
1789153554,6,0,0.008,4131960
1789153555,2,0,0.444,4131960
1789153555,1,0,0.001,4131960
1789153555,4,0,0.396,4131960
1789153555,6,0,0.005,4131960
1789153555,3,0,0.053,4131960
1789153556,4,0,0.364,4131960
1789153556,1,0,0.001,4131960
1789153556,0,0,0.012,4131960
1789153556,2,0,0.538,4131960
1789153556,4,0,0.23,4131960
1789153557,4,0,0.863,4131960
1789153558,4,0,0.484,4131960
1789153558,2,0,0.804,4131960
1789153558,2,0,0.002,4131960
1789153562,5,0,3.112,4131960
1789153562,4,0,0.409,4131960
1789153562,6,0,0.008,4131960
1789153562,3,0,0.008,4131960
1789153562,2,0,0.002,4131960
1789153562,0,0,0.015,4131960
1789153563,4,0,0.505,4131960
1789153563,6,0,0.012,4131960
1789153564,4,0,1.345,4131960
1789153564,3,0,0.015,4131960
1789153564,3,0,0.075,4131960
1789153566,4,0,2.124,4131960
1789153566,3,0,0.088,4131960
1789153566,3,0,0.139,4131960
1789153567,4,0,0.537,4131960
1789153567,0,0,0.01,4131960
1789153567,4,0,0.547,4131960
1789153568,4,0,0.586,4131960
1789153568,2,0,0.003,4131960
1789153568,3,0,0.009,4131960
1789153568,0,0,0.011,4131960
1789153568,3,0,0.113,4131960
1789153568,3,0,0.092,4131960
1789153568,1,0,0.001,4131960
1789153570,4,0,1.521,4131960
1789153571,4,0,1.183,4131960
1789153572,2,0,0.812,4131960
1789153572,3,0,0.003,4131960
1789153572,6,0,0.012,4131960
1789153572,2,0,0.002,4131960
1789153572,2,0,0.001,4131960
1789153572,0,0,0.017,4131960
1789153572,6,0,0.006,4131960
1789153572,2,0,0.594,4131960
1789153572,0,0,0.006,4131960
1789153572,2,0,0.001,4131960
1789153572,0,0,0.01,4131960
1789153573,2,0,0.485,4131960
1789153574,4,0,1.091,4131960
1789153574,3,0,0.014,4131960
1789153575,2,0,0.55,4131960
1789153575,0,0,0.006,4131960
1789153575,0,0,0.003,4131960
1789153575,3,0,0.032,4131960
1789153575,2,0,0.356,4131960
1789153575,1,0,0.001,4131960
1789153576,4,0,0.664,4131960
1789153576,4,0,0.659,4131960
1789153576,1,0,0.001,4131960
1789153577,4,0,0.328,4131960
1789153577,5,0,0.117,4131960
1789153577,5,0,0.598,4131960
1789153577,0,0,0.005,4131960
1789153577,6,0,0.005,4131960
1789153577,3,0,0.009,4131960
1789153583,5,0,5.202,4131960
1789153587,7,0,4.351,4131960
1789153587,2,0,0.001,4131960
1789153588,4,0,1.097,4131960
1789153589,7,0,0.555,4131960
1789153589,3,0,0.015,4131960
1789153589,2,0,0.436,4131960
1789153590,4,0,0.599,4131960
1789153590,3,0,0.081,4131960
1789153590,0,0,0.014,4131960
1789153590,2,0,0.012,4131960
1789153590,3,0,0.1,4131960
1789153590,4,0,0.58,4131960
1789153591,3,0,0.179,4131960
1789153591,0,0,0.019,4131960
1789153591,4,0,0.705,4131960
1789153592,4,0,0.638,4131960
1789153592,0,0,0.005,4131960
1789153592,0,0,0.007,4131960
1789153592,3,0,0.079,4131960
1789153593,4,0,1.438,4131960
1789153593,0,0,0.012,4131960
1789153593,3,0,0.007,4131960
1789153594,4,0,0.67,4131960
1789153595,2,0,0.428,4131960
1789153595,6,0,0.01,4131960
1789153595,3,0,0.002,4131960
1789153595,4,0,0.872,4131960
1789153595,0,0,0.031,4131960
1789153595,6,0,0.018,4131960
1789153596,4,0,0.581,4131960
1789153596,1,0,0.002,4131960
1789153596,4,0,0.253,4131960
1789153598,4,0,1.307,4131960
1789153598,3,0,0.043,4131960
1789153598,2,0,0.002,4131960
1789153599,4,0,1.162,4131960
1789153599,1,0,0.002,4131960
1789153599,3,0,0.009,4131960
1789153599,6,0,0.006,4131960
1789153599,3,0,0.004,4131960
1789153599,4,0,0.447,4131960
1789153599,1,0,0.001,4131960
1789153599,6,0,0.009,4131960
1789153599,6,0,0.006,4131960
1789153599,0,0,0.029,4131960
1789153599,2,0,0.002,4131960
1789153599,2,0,0.004,4131960
1789153599,1,0,0.001,4131960
1789153600,7,0,0.641,4131960
1789153600,3,0,0.091,4131960
1789153600,6,0,0.006,4131960
1789153600,3,0,0.061,4131960
1789153600,0,0,0.007,4131960
1789153601,4,0,0.592,4131960
1789153601,4,0,0.599,4131960
1789153601,3,0,0.003,4131960
1789153601,3,0,0.007,4131960
1789153602,5,0,0.391,4131960
1789153602,5,0,0.132,4131960
1789153602,3,0,0.053,4131960
1789153602,0,0,0.004,4131960
1789153602,3,0,0.042,4131960
1789153602,6,0,0.005,4131960
1789153602,4,0,0.419,4131960
1789153602,6,0,0.007,4131960
1789153603,4,0,0.695,4131960
1789153603,3,0,0.006,4131960
1789153607,5,0,4.042,4131960
1789153611,5,0,4.078,4131960
1789153611,2,0,0.001,4131960
1789153611,6,0,0.005,4131960
1789153612,4,0,0.523,4131960
1789153614,4,0,2.188,4131960
1789153614,0,0,0.01,4131960
1789153615,2,0,1.002,4131960
1789153616,2,0,1.28,4131960
1789153616,3,0,0.081,4131960
1789153616,0,0,0.004,4131960
1789153616,0,0,0.011,4131960
1789153617,4,0,0.721,4131960
1789153617,4,0,0.177,4131960
1789153617,2,0,0.003,4131960
1789153617,1,0,0.001,4131960
1789153617,1,0,0.001,4131960
1789153617,2,0,0.002,4131960
1789153617,0,0,0.013,4131960
1789153618,4,0,0.499,4131960
1789153618,0,0,0.003,4131960
1789153618,3,0,0.216,4131960
1789153619,4,0,0.658,4131960
1789153619,4,0,0.364,4131960
1789153619,3,0,0.074,4131960
1789153619,4,0,0.361,4131960
1789153619,6,0,0.004,4131960
1789153620,4,0,0.507,4131960
1789153621,2,0,0.705,4131960
1789153621,1,0,0.001,4131960
1789153621,4,0,0.367,4131960
1789153621,0,0,0.011,4131960
1789153621,0,0,0.005,4131960
1789153621,3,0,0.127,4131960
1789153621,6,0,0.019,4131960
1789153621,6,0,0.005,4131960
1789153622,5,0,0.495,4131960
1789153622,3,0,0.001,4131960
1789153622,0,0,0.006,4131960
1789153622,3,0,0.028,4131960
1789153622,3,0,0.109,4131960
1789153622,0,0,0.005,4131960
1789153622,4,0,0.319,4131960
1789153622,0,0,0.005,4131960
1789153622,2,0,0.002,4131960
1789153622,3,0,0.07,4131960
1789153623,4,0,0.357,4131960
1789153623,4,0,0.528,4131960
1789153623,5,0,0.125,4131960
1789153623,3,0,0.084,4131960
1789153623,3,0,0.045,4131960
1789153624,4,0,0.723,4131960
1789153625,4,0,0.428,4131960
1789153625,0,0,0.018,4131960
1789153626,4,0,1.088,4131960
1789153627,4,0,1.36,4131960
1789153627,0,0,0.012,4131960
1789153627,3,0,0.003,4131960
1789153627,4,0,0.268,4131960
1789153628,4,0,0.583,4131960
1789153628,0,0,0.011,4131960
1789153628,5,0,0.113,4131960
1789153628,2,0,0.47,4131960
1789153628,6,0,0.008,4131960
1789153629,2,0,0.381,4131960
1789153629,3,0,0.047,4131960
1789153629,3,0,0,4131960
1789153629,2,0,0.367,4131960
1789153629,3,0,0.007,4131960
1789153629,6,0,0.011,4131960
1789153630,4,0,0.738,4131960
1789153630,2,0,0.003,4131960
1789153630,4,0,0.434,4131960
1789153631,4,0,0.784,4131960
1789153631,2,0,0.003,4131960
1789153631,6,0,0.007,4131960
1789153631,0,0,0.005,4131960
1789153631,3,0,0.022,4131960
1789153631,3,0,0.006,4131960
1789153631,5,0,0.093,4131960
1789153632,4,0,0.471,4131960
1789153632,7,0,0.15,4131960
1789153632,0,0,0.003,4131960
1789153632,2,0,0.001,4131960
1789153632,0,0,0.002,4131960
1789153633,2,0,0.611,4131960
1789153633,5,0,0.525,4131960
1789153633,0,0,0.023,4131960
1789153633,2,0,0.025,4131960
1789153633,0,0,0.005,4131960
1789153633,3,0,0.059,4131960
1789153633,3,0,0.121,4131960
1789153636,5,0,2.458,4131960
1789153636,4,0,0.466,4131960
1789153636,0,0,0.005,4131960
1789153637,2,0,0.901,4131960
1789153638,5,0,0.991,4131960
1789153638,2,0,0.015,4131960
1789153639,4,0,0.708,4131960
1789153639,0,0,0.004,4131960
1789153639,3,0,0.004,4131960
1789153639,3,0,0.03,4131960
1789153639,5,0,0.194,4131960
1789153639,3,0,0.006,4131960
1789153639,0,0,0.005,4131960
1789153639,2,0,0.001,4131960
1789153639,3,0,0.065,4131960
1789153639,6,0,0.012,4131960
1789153639,3,0,0.078,4131960
1789153639,0,0,0.007,4131960
1789153639,6,0,0.006,4131960
1789153640,4,0,0.556,4131960
1789153640,3,0,0.056,4131960
1789153644,7,0,4.225,4131960
1789153645,4,0,1.218,4131960
1789153645,2,0,0.002,4131960
1789153645,3,0,0.007,4131960
1789153645,1,0,0.002,4131960
1789153646,2,0,0.228,4131960
1789153646,0,0,0.013,4131960
1789153646,0,0,0.008,4131960
1789153646,0,0,0.004,4131960
1789153646,4,0,0.473,4131960
1789153646,0,0,0.007,4131960
1789153647,3,0,0.371,4131960
1789153647,3,0,0.038,4131960
1789153649,4,0,2.499,4131960
1789153649,3,0,0.07,4131960
1789153649,3,0,0.007,4131960
1789153649,6,0,0.006,4131960
1789153649,0,0,0.004,4131960
1789153649,3,0,0.011,4131960
1789153650,4,0,0.42,4131960
1789153650,4,0,0.492,4131960
1789153650,3,0,0.159,4131960
1789153650,2,0,0.003,4131960
1789153650,0,0,0.015,4131960
1789153651,2,0,0.673,4131960
1789153651,3,0,0.007,4131960
1789153651,1,0,0.001,4131960
1789153651,6,0,0.003,4131960
1789153651,0,0,0.01,4131960
1789153651,4,0,0.351,4131960
1789153651,3,0,0.004,4131960
1789153652,4,0,0.591,4131960
1789153655,5,0,3.532,4131960
1789153657,4,0,1.269,4131960
1789153657,4,0,0.556,4131960
1789153657,0,0,0.007,4131960
1789153657,6,0,0.003,4131960
1789153658,4,0,0.348,4131960
1789153658,4,0,0.484,4131960
1789153658,2,0,0.001,4131960
1789153658,3,0,0.006,4131960
1789153658,0,0,0.007,4131960
1789153658,1,0,0.002,4131960
1789153659,4,0,0.449,4131960
1789153659,5,0,0.107,4131960
1789153659,0,0,0.003,4131960
1789153659,1,0,0.001,4131960
1789153659,2,0,0.398,4131960
1789153659,3,0,0.09,4131960
1789153663,5,0,3.624,4131960
1789153663,0,0,0.005,4131960
1789153663,3,0,0.067,4131960
1789153663,3,0,0.054,4131960
1789153664,4,0,0.804,4131960
1789153664,4,0,0.336,4131960
1789153664,6,0,0.009,4131960
1789153664,3,0,0.049,4131960
1789153664,0,0,0.006,4131960
1789153665,4,0,0.639,4131960
1789153665,6,0,0.019,4131960
1789153665,3,0,0.016,4131960
1789153665,3,0,0.1,4131960
1789153665,3,0,0.081,4131960
1789153665,6,0,0.026,4131960
1789153665,3,0,0.013,4131960
1789153665,2,0,0.003,4131960
1789153665,1,0,0.001,4131960
1789153665,5,0,0.125,4131960
1789153665,6,0,0.008,4131960
1789153665,3,0,0.079,4131960
1789153666,5,0,0.677,4131960
1789153666,4,0,0.521,4131960
1789153670,5,0,3.978,4131960
1789153671,3,0,0.225,4131960
1789153671,0,0,0.005,4131960
1789153672,4,0,0.987,4131960
1789153672,4,0,0.639,4131960
1789153673,2,0,0.487,4131960
1789153673,2,0,0.01,4131960
1789153673,4,0,0.5,4131960
1789153673,3,0,0.048,4131960
1789153673,3,0,0.006,4131960
1789153673,0,0,0.01,4131960
1789153674,2,0,0.685,4131960
1789153675,2,0,0.711,4131960
1789153675,5,0,0.094,4131960
1789153675,1,0,0.001,4131960
1789153675,2,0,0.515,4131960
1789153675,0,0,0.004,4131960
1789153675,3,0,0.003,4131960
1789153675,1,0,0.001,4131960
1789153676,4,0,0.521,4131960
1789153680,5,0,4.166,4131960
1789153680,2,0,0.003,4131960
1789153680,0,0,0.006,4131960
1789153680,0,0,0.004,4131960
1789153681,5,0,0.772,4131960
1789153681,4,0,0.424,4131960
1789153681,6,0,0.033,4131960
1789153682,4,0,0.738,4131960
1789153682,3,0,0.007,4131960
1789153682,2,0,0.003,4131960
1789153682,6,0,0.005,4131960
1789153682,4,0,0.413,4131960
1789153682,2,0,0.001,4131960
1789153682,3,0,0.004,4131960
1789153682,6,0,0.005,4131960
1789153682,0,0,0.003,4131960
1789153682,6,0,0.007,4131960
1789153683,4,0,1.002,4131960
1789153684,4,0,0.379,4131960
1789153684,0,0,0.009,4131960
1789153684,3,0,0.065,4131960
1789153684,6,0,0.005,4131960
1789153684,3,0,0.026,4131960
1789153684,3,0,0.022,4131960
1789153684,4,0,0.421,4131960
1789153684,0,0,0.005,4131960
1789153685,5,0,0.401,4131960
1789153685,6,0,0.01,4131960
1789153685,3,0,0.046,4131960
1789153685,6,0,0.026,4131960
1789153686,5,0,0.655,4131960
1789153686,4,0,0.362,4131960
1789153686,0,0,0.005,4131960
1789153686,2,0,0.001,4131960
1789153686,0,0,0.006,4131960
1789153686,0,0,0.004,4131960
1789153686,0,0,0.007,4131960
1789153686,4,0,0.423,4131960
1789153687,4,0,0.554,4131960
1789153687,0,0,0.008,4131960
1789153687,6,0,0.014,4131960
1789153687,0,0,0.003,4131960
1789153687,3,0,0.065,4131960
1789153688,4,0,0.867,4131960
1789153688,4,0,0.543,4131960
1789153688,6,0,0.004,4131960
1789153690,2,0,1.291,4131960
1789153690,3,0,0.009,4131960
1789153690,3,0,0.006,4131960
1789153690,1,0,0.001,4131960
1789153690,3,0,0.083,4131960
1789153690,0,0,0.008,4131960
1789153690,3,0,0.065,4131960
1789153691,4,0,1.656,4131960
1789153692,5,0,0.514,4131960
1789153692,0,0,0.01,4131960
1789153692,3,0,0.07,4131960
1789153693,4,0,0.608,4131960
1789153693,0,0,0.017,4131960
1789153693,2,0,0.004,4131960
1789153693,0,0,0.005,4131960
1789153693,6,0,0.004,4131960
1789153693,3,0,0.045,4131960
1789153693,0,0,0.006,4131960
1789153693,3,0,0.019,4131960
1789153694,4,0,0.728,4131960
1789153694,0,0,0.005,4131960
1789153695,4,0,1.869,4131960
1789153695,3,0,0.075,4131960
1789153695,2,0,0.001,4131960
1789153695,6,0,0.004,4131960
1789153695,6,0,0.003,4131960
1789153696,4,0,0.671,4131960
1789153696,6,0,0.009,4131960
1789153696,3,0,0.102,4131960
1789153697,2,0,1.076,4131960
1789153697,2,0,0.003,4131960
1789153697,2,0,0.003,4131960
1789153697,1,0,0.001,4131960
1789153699,4,0,1.305,4131960
1789153699,3,0,0.059,4131960
1789153699,6,0,0.02,4131960
1789153699,2,0,0,4131960
1789153699,6,0,0.012,4131960
1789153700,4,0,0.835,4131960
1789153700,4,0,0.527,4131960
1789153701,2,0,0.431,4131960
1789153701,6,0,0.008,4131960
1789153701,6,0,0.004,4131960
1789153704,5,0,3.33,4131960
1789153704,6,0,0.01,4131960
1789153704,6,0,0.015,4131960
1789153704,6,0,0.004,4131960
1789153705,4,0,1.353,4131960
1789153706,4,0,0.503,4131960
1789153706,0,0,0.005,4131960
1789153706,6,0,0.007,4131960
1789153706,5,0,0.139,4131960
1789153706,7,0,0.414,4131960
1789153706,3,0,0.006,4131960
1789153706,1,0,0.003,4131960
1789153706,1,0,0.001,4131960
1789153706,3,0,0.005,4131960
1789153706,3,0,0.106,4131960
1789153706,1,0,0.002,4131960
1789153706,0,0,0.003,4131960
1789153706,0,0,0.004,4131960
1789153706,2,0,0.003,4131960
1789153711,5,0,4.566,4131960
1789153712,7,0,0.52,4131960
1789153712,4,0,0.276,4131960
1789153712,6,0,0.005,4131960
1789153712,6,0,0.006,4131960
1789153712,3,0,0.167,4131960
1789153712,0,0,0.009,4131960
1789153713,2,0,0.884,4131960
1789153713,5,0,0.56,4131960
1789153713,0,0,0.003,4131960
1789153715,4,0,1.371,4131960
1789153717,4,0,1.857,4131960
1789153717,4,0,0.37,4131960
1789153717,6,0,0.023,4131960
1789153718,4,0,0.543,4131960
1789153719,4,0,1.157,4131960
1789153719,4,0,0.394,4131960
1789153719,1,0,0.002,4131960
1789153719,3,0,0.063,4131960
1789153719,3,0,0.006,4131960
1789153719,0,0,0.01,4131960
1789153720,4,0,0.564,4131960
1789153720,4,0,0.511,4131960
1789153720,6,0,0.005,4131960
1789153720,3,0,0.008,4131960
1789153720,1,0,0.002,4131960
1789153720,3,0,0.017,4131960
1789153721,4,0,0.623,4131960
1789153721,4,0,0.463,4131960
1789153721,3,0,0.043,4131960
1789153722,2,0,0.001,4131960
1789153722,5,0,0.43,4131960
1789153723,2,0,0.76,4131960
1789153723,6,0,0.005,4131960
1789153723,5,0,0.574,4131960
1789153723,0,0,0.008,4131960
1789153723,1,0,0.001,4131960
1789153723,0,0,0.01,4131960
1789153723,1,0,0.001,4131960
1789153723,3,0,0.094,4131960
1789153723,6,0,0.009,4131960
1789153725,2,0,1.63,4131960
1789153725,4,0,0.41,4131960
1789153726,3,0,0.109,4131960
1789153726,3,0,0.001,4131960
1789153726,2,0,0.733,4131960
1789153727,7,0,0.864,4131960
1789153728,2,0,0.553,4131960
1789153728,0,0,0.013,4131960
1789153728,4,0,0.174,4131960
1789153728,5,0,0.598,4131960
1789153729,4,0,0.721,4131960
1789153729,0,0,0.019,4131960
1789153729,1,0,0.001,4131960
1789153730,5,0,0.467,4131960
1789153730,2,0,0.003,4131960
1789153730,6,0,0.005,4131960
1789153730,0,0,0.009,4131960
1789153731,4,0,0.815,4131960
1789153731,0,0,0.009,4131960
1789153731,3,0,0.033,4131960
1789153731,4,0,0.396,4131960
1789153731,3,0,0.004,4131960
1789153731,3,0,0.146,4131960
1789153731,4,0,0.358,4131960
1789153732,4,0,0.923,4131960
1789153732,6,0,0.006,4131960
1789153732,6,0,0.007,4131960
1789153733,7,0,0.827,4131960
1789153733,1,0,0.001,4131960
1789153733,6,0,0.025,4131960
1789153734,2,0,0.511,4131960
1789153734,3,0,0.003,4131960
1789153739,5,0,5.306,4131960
1789153739,0,0,0.011,4131960
1789153740,5,0,0.685,4131960
1789153743,7,0,3.221,4131960
1789153743,1,0,0.001,4131960
1789153743,1,0,0.001,4131960
1789153743,5,0,0.12,4131960
1789153743,6,0,0.021,4131960
1789153743,7,0,0.179,4131960
1789153745,4,0,1.643,4131960
1789153746,4,0,1.342,4131960
1789153746,3,0,0.094,4131960
1789153747,4,0,0.299,4131960
1789153747,4,0,0.424,4131960
1789153747,0,0,0.004,4131960
1789153747,2,0,0.001,4131960
1789153747,1,0,0.001,4131960
1789153748,4,0,0.823,4131960
1789153748,4,0,0.368,4131960
1789153749,5,0,0.306,4131960
1789153749,4,0,0.65,4131960
1789153750,4,0,0.453,4131960
1789153751,4,0,1.39,4131960
1789153751,2,0,0.001,4131960
1789153751,2,0,0.003,4131960
1789153751,2,0,0,4131960
1789153751,3,0,0.023,4131960
1789153751,6,0,0.006,4131960
1789153752,2,0,0.807,4131960
1789153753,2,0,0.783,4131960
1789153753,3,0,0.017,4131960
1789153753,0,0,0.005,4131960
1789153753,5,0,0.587,4131960
1789153753,3,0,0.05,4131960
1789153754,3,0,0.101,4131960
1789153754,5,0,0.218,4131960
1789153754,3,0,0.137,4131960
1789153754,3,0,0.14,4131960
1789153755,4,0,1.127,4131960
1789153755,0,0,0.036,4131960
1789153755,1,0,0.001,4131960
1789153755,2,0,0.332,4131960
1789153756,3,0,0.055,4131960
1789153756,4,0,0.659,4131960
1789153756,4,0,0.227,4131960
1789153757,3,0,0.159,4131960
1789153757,0,0,0.005,4131960
1789153757,6,0,0.007,4131960
1789153757,0,0,0.006,4131960
1789153757,1,0,0.001,4131960
1789153757,5,0,0.119,4131960
1789153757,4,0,0.436,4131960
1789153757,5,0,0.138,4131960
1789153757,2,0,0.002,4131960
1789153761,7,0,3.67,4131960
1789153761,0,0,0.013,4131960
1789153761,3,0,0.05,4131960
1789153761,5,0,0.18,4131960
1789153761,3,0,0.087,4131960
1789153762,4,0,0.842,4131960
1789153762,3,0,0.003,4131960
1789153763,2,0,0.859,4131960
1789153763,6,0,0.005,4131960
1789153763,3,0,0.213,4131960
1789153764,4,0,0.704,4131960
1789153764,4,0,0.323,4131960
1789153764,2,0,0.002,4131960
1789153769,5,0,5.162,4131960
1789153771,4,0,1.749,4131960
1789153772,4,0,0.838,4131960
1789153773,5,0,0.826,4131960
1789153773,0,0,0.007,4131960
1789153773,3,0,0.02,4131960
1789153773,2,0,0.001,4131960
1789153773,0,0,0.003,4131960
1789153773,4,0,0.472,4131960
1789153773,1,0,0.002,4131960
1789153773,3,0,0.115,4131960
1789153775,5,0,1.158,4131960
1789153775,0,0,0.017,4131960
1789153778,5,0,3.409,4131960
1789153778,5,0,0.181,4131960
1789153778,3,0,0.037,4131960
1789153779,2,0,0.299,4131960
1789153779,3,0,0.044,4131960
1789153779,0,0,0.008,4131960
1789153779,5,0,0.454,4131960
1789153780,2,0,0.576,4131960
1789153780,1,0,0.001,4131960
1789153780,4,0,0.652,4131960
1789153780,2,0,0.002,4131960
1789153784,5,0,3.739,4131960
1789153784,1,0,0.001,4131960
1789153784,5,0,0.262,4131960
1789153784,0,0,0.004,4131960
1789153784,2,0,0.002,4131960
1789153784,5,0,0.1,4131960
1789153784,6,0,0.003,4131960
1789153784,2,0,0.004,4131960
1789153784,6,0,0.033,4131960
1789153785,4,0,0.749,4131960
1789153786,2,0,0.751,4131960
1789153787,4,0,1.436,4131960
1789153788,4,0,0.727,4131960
1789153788,0,0,0.01,4131960
1789153789,2,0,0.893,4131960
1789153789,2,0,0.003,4131960
1789153790,2,0,0.667,4131960
1789153790,1,0,0.001,4131960
1789153790,2,0,0.002,4131960
1789153790,4,0,0.303,4131960
1789153791,2,0,0.796,4131960
1789153791,3,0,0.042,4131960
1789153791,2,0,0.003,4131960
1789153791,7,0,0.53,4131960
1789153792,3,0,0.15,4131960
1789153792,6,0,0.011,4131960
1789153792,0,0,0.006,4131960
1789153792,3,0,0.066,4131960
1789153792,5,0,0.659,4131960
1789153792,3,0,0.077,4131960
1789153792,3,0,0.026,4131960
1789153792,6,0,0.012,4131960
1789153792,3,0,0.006,4131960
1789153792,3,0,0.046,4131960
1789153793,3,0,0.125,4131960
1789153793,2,0,0.005,4131960
1789153793,2,0,0,4131960
1789153793,0,0,0.004,4131960
1789153794,4,0,1.238,4131960
1789153794,3,0,0.15,4131960
1789153794,6,0,0.007,4131960
1789153794,1,0,0.001,4131960
1789153794,3,0,0.025,4131960
1789153795,4,0,0.981,4131960
1789153795,3,0,0.071,4131960
1789153795,4,0,0.45,4131960
1789153795,0,0,0.012,4131960
1789153795,0,0,0.015,4131960
1789153796,4,0,0.51,4131960
1789153796,6,0,0.01,4131960
1789153796,1,0,0.001,4131960
1789153796,6,0,0.007,4131960
1789153796,3,0,0.161,4131960
1789153796,6,0,0.005,4131960
1789153797,5,0,0.459,4131960
1789153797,1,0,0.001,4131960
1789153797,2,0,0.002,4131960
1789153797,0,0,0.008,4131960
1789153797,0,0,0.011,4131960
1789153797,3,0,0.01,4131960
1789153797,4,0,0.525,4131960
1789153797,3,0,0.014,4131960
1789153797,6,0,0.011,4131960
1789153798,4,0,0.688,4131960
1789153798,3,0,0.051,4131960
1789153798,3,0,0.032,4131960
1789153798,4,0,0.401,4131960
1789153799,5,0,0.779,4131960
1789153799,2,0,0.27,4131960
1789153799,3,0,0.017,4131960
1789153800,3,0,0.034,4131960
1789153800,5,0,0.548,4131960
1789153804,5,0,4.013,4131960
1789153804,6,0,0.006,4131960
1789153804,2,0,0.006,4131960
1789153804,6,0,0.016,4131960
1789153805,4,0,0.521,4131960
1789153805,1,0,0.001,4131960
1789153805,5,0,0.407,4131960
1789153806,7,0,0.73,4131960
1789153806,4,0,0.418,4131960
1789153806,0,0,0.006,4131960
1789153807,2,0,0.598,4131960
1789153807,3,0,0.012,4131960
1789153807,6,0,0.022,4131960
1789153807,3,0,0.071,4131960
1789153807,2,0,0.316,4131960
1789153808,2,0,0.387,4131960
1789153808,4,0,0.442,4131960
1789153808,3,0,0.008,4131960
1789153808,0,0,0.032,4131960
1789153809,2,0,1.137,4131960
1789153810,4,0,0.539,4131960
1789153810,0,0,0.074,4131960
1789153810,3,0,0.153,4131960
1789153810,4,0,0.366,4131960
1789153810,0,0,0.009,4131960
1789153810,3,0,0.077,4131960
1789153810,1,0,0.001,4131960
1789153811,3,0,0.086,4131960
1789153811,4,0,0.201,4131960
1789153811,2,0,0.002,4131960
1789153811,6,0,0.005,4131960
1789153811,3,0,0.004,4131960
1789153811,3,0,0.06,4131960
1789153811,2,0,0.001,4131960
1789153812,4,0,0.987,4131960
1789153812,4,0,0.621,4131960
1789153812,2,0,0.002,4131960
1789153813,4,0,0.669,4131960
1789153814,4,0,0.47,4131960
1789153814,1,0,0.001,4131960
1789153814,2,0,0.002,4131960
1789153814,4,0,0.436,4131960
1789153814,1,0,0.001,4131960
1789153815,4,0,0.556,4131960
1789153815,3,0,0.014,4131960
1789153815,2,0,0.005,4131960
1789153815,1,0,0.001,4131960
1789153815,6,0,0.008,4131960
1789153818,5,0,3.396,4131960
1789153818,1,0,0.001,4131960
1789153818,3,0,0.04,4131960
1789153818,0,0,0.004,4131960
1789153819,4,0,0.953,4131960
1789153819,2,0,0.003,4131960
1789153819,3,0,0.037,4131960
1789153819,2,0,0.001,4131960
1789153819,6,0,0.008,4131960
1789153820,4,0,0.608,4131960
1789153820,0,0,0.008,4131960
1789153820,3,0,0.091,4131960
1789153820,2,0,0.3,4131960
1789153820,0,0,0.003,4131960
1789153820,6,0,0.006,4131960
1789153821,4,0,1.173,4131960
1789153823,4,0,1.466,4131960
1789153824,5,0,1.095,4131960
1789153824,0,0,0.004,4131960
1789153824,2,0,0.474,4131960
1789153824,1,0,0.002,4131960
1789153825,4,0,0.49,4131960
1789153826,2,0,1.055,4131960
1789153826,2,0,0.4,4131960
1789153826,3,0,0.004,4131960
1789153826,2,0,0.002,4131960
1789153826,7,0,0.202,4131960
1789153826,1,0,0.002,4131960
1789153827,4,0,0.362,4131960
1789153827,1,0,0.001,4131960
1789153827,5,0,0.732,4131960
1789153829,4,0,1.305,4131960
1789153829,5,0,0.649,4131960
1789153829,6,0,0.007,4131960
1789153830,4,0,0.557,4131960
1789153830,5,0,0.136,4131960
1789153830,1,0,0.001,4131960
1789153830,0,0,0.015,4131960
1789153831,4,0,0.532,4131960
1789153831,2,0,0.01,4131960
1789153831,0,0,0.004,4131960
1789153831,0,0,0.021,4131960
1789153836,5,0,4.779,4131960
1789153836,3,0,0.016,4131960
1789153836,1,0,0.001,4131960
1789153836,2,0,0.249,4131960
1789153836,2,0,0.003,4131960
1789153836,0,0,0.005,4131960
1789153840,5,0,4.612,4131960
1789153841,3,0,0.151,4131960
1789153841,7,0,0.471,4131960
1789153846,5,0,4.937,4131960
1789153846,1,0,0.002,4131960
1789153846,0,0,0.007,4131960
1789153846,1,0,0.001,4131960
1789153846,2,0,0.38,4131960
1789153846,0,0,0.011,4131960
1789153846,6,0,0.011,4131960
1789153847,4,0,0.562,4131960
1789153847,1,0,0.001,4131960
1789153847,3,0,0.064,4131960
1789153847,3,0,0.077,4131960
1789153848,4,0,0.473,4131960
1789153848,6,0,0.004,4131960
1789153848,0,0,0.008,4131960
1789153848,3,0,0.201,4131960
1789153848,0,0,0.012,4131960
1789153848,6,0,0.004,4131960
1789153848,4,0,0.541,4131960
1789153849,2,0,0.199,4131960
1789153849,4,0,0.374,4131960
1789153849,3,0,0.006,4131960
1789153850,4,0,0.912,4131960
1789153850,3,0,0.001,4131960
1789153850,3,0,0.01,4131960
1789153850,2,0,0.002,4131960
1789153850,1,0,0.001,4131960
1789153850,3,0,0.004,4131960
1789153850,6,0,0.01,4131960
1789153850,4,0,0.324,4131960
1789153850,3,0,0.004,4131960
1789153851,2,0,0.722,4131960
1789153852,2,0,1.471,4131960
1789153852,0,0,0.003,4131960
1789153853,4,0,0.381,4131960
1789153853,3,0,0.081,4131960
1789153853,0,0,0.005,4131960
1789153853,0,0,0.005,4131960
1789153854,2,0,1.379,4131960
1789153859,7,0,4.653,4131960
1789153859,2,0,0.009,4131960
1789153859,5,0,0.178,4131960
1789153859,2,0,0.001,4131960
1789153859,0,0,0.004,4131960
1789153859,6,0,0.008,4131960
1789153859,1,0,0.001,4131960
1789153859,2,0,0.001,4131960
1789153861,4,0,1.441,4131960
1789153861,4,0,0.628,4131960
1789153861,6,0,0.008,4131960
1789153862,5,0,0.657,4131960
1789153862,6,0,0.014,4131960
1789153862,2,0,0.617,4131960
1789153863,4,0,0.725,4131960
1789153863,3,0,0.031,4131960
1789153863,4,0,0.282,4131960
1789153863,0,0,0.007,4131960
1789153864,3,0,0.048,4131960
1789153864,5,0,0.139,4131960
1789153864,6,0,0.01,4131960
1789153864,0,0,0.015,4131960
1789153864,2,0,0.003,4131960
1789153864,6,0,0.008,4131960
1789153864,3,0,0.002,4131960
1789153864,6,0,0.006,4131960
1789153864,1,0,0.001,4131960
1789153864,0,0,0.004,4131960
1789153864,0,0,0.005,4131960
1789153864,0,0,0.007,4131960
1789153864,6,0,0.005,4131960
1789153864,0,0,0.006,4131960
1789153864,0,0,0.008,4131960
1789153864,4,0,0.409,4131960
1789153864,6,0,0.008,4131960
1789153864,3,0,0.072,4131960
1789153864,2,0,0.001,4131960
1789153869,5,0,4.514,4131960
1789153869,5,0,0.654,4131960
1789153869,6,0,0.014,4131960
1789153870,4,0,0.889,4131960
1789153870,0,0,0.011,4131960
1789153871,4,0,0.897,4131960
1789153872,4,0,1.11,4131960
1789153872,2,0,0.001,4131960
1789153872,3,0,0.149,4131960
1789153873,3,0,0.04,4131960
1789153873,2,0,0.305,4131960
1789153873,0,0,0.012,4131960
1789153873,6,0,0.008,4131960
1789153873,3,0,0.125,4131960
1789153873,0,0,0.006,4131960
1789153873,0,0,0.004,4131960
1789153873,3,0,0.019,4131960
1789153873,4,0,0.444,4131960
1789153874,4,0,0.499,4131960
1789153874,0,0,0.005,4131960
1789153874,3,0,0.093,4131960
1789153874,3,0,0.006,4131960
1789153874,6,0,0.004,4131960
1789153874,0,0,0.006,4131960
1789153875,4,0,0.722,4131960
1789153879,5,0,3.912,4131960
1789153879,2,0,0.002,4131960
1789153879,0,0,0.008,4131960
1789153879,3,0,0.065,4131960
1789153879,3,0,0.08,4131960
1789153880,4,0,0.847,4131960
1789153880,3,0,0.03,4131960
1789153880,2,0,0.002,4131960
1789153880,4,0,0.356,4131960
1789153880,3,0,0.073,4131960
1789153880,2,0,0.315,4131960
1789153882,2,0,1.263,4131960
1789153882,2,0,0.001,4131960
1789153882,4,0,0.514,4131960
1789153882,1,0,0.001,4131960
1789153886,5,0,3.781,4131960
1789153887,4,0,0.624,4131960
1789153887,6,0,0.01,4131960
1789153887,0,0,0.003,4131960
1789153887,0,0,0.007,4131960
1789153888,4,0,1.156,4131960
1789153889,4,0,1.251,4131960
1789153890,4,0,0.451,4131960
1789153890,1,0,0.002,4131960
1789153890,4,0,0.427,4131960
1789153891,2,0,1.063,4131960
1789153891,2,0,0.001,4131960
1789153891,3,0,0.037,4131960
1789153891,6,0,0.009,4131960
1789153891,3,0,0.011,4131960
1789153891,0,0,0.024,4131960
1789153891,3,0,0.008,4131960
1789153891,3,0,0.06,4131960
1789153891,6,0,0.005,4131960
1789153891,0,0,0.009,4131960
1789153892,4,0,0.617,4131960
1789153892,3,0,0.147,4131960
1789153892,5,0,0.092,4131960
1789153892,2,0,0.001,4131960
1789153893,2,0,0.663,4131960
1789153893,3,0,0.048,4131960
1789153894,4,0,1.259,4131960
1789153895,4,0,1.092,4131960
1789153895,3,0,0.096,4131960
1789153895,0,0,0.008,4131960
1789153895,0,0,0.014,4131960
1789153895,1,0,0.001,4131960
1789153895,5,0,0.138,4131960
1789153895,3,0,0.059,4131960
1789153896,5,0,0.165,4131960
1789153896,1,0,0.002,4131960
1789153896,5,0,0.136,4131960
1789153896,1,0,0.001,4131960
1789153896,2,0,0.001,4131960
1789153896,2,0,0.679,4131960
1789153896,1,0,0.002,4131960
1789153896,3,0,0.003,4131960
1789153897,4,0,0.441,4131960
1789153897,0,0,0.004,4131960
1789153898,5,0,0.999,4131960
1789153898,4,0,0.599,4131960
1789153898,0,0,0.011,4131960
1789153899,3,0,0.085,4131960
1789153899,4,0,0.618,4131960
1789153899,0,0,0.005,4131960
1789153899,0,0,0.021,4131960
1789153899,6,0,0.004,4131960
1789153899,6,0,0.008,4131960
1789153899,0,0,0.011,4131960
1789153899,0,0,0.041,4131960
1789153899,3,0,0.057,4131960
1789153899,0,0,0.01,4131960
1789153899,0,0,0.003,4131960
1789153900,4,0,0.651,4131960
1789153900,3,0,0.062,4131960
1789153900,0,0,0.013,4131960
1789153901,2,0,0.57,4131960
1789153905,5,0,3.896,4131960
1789153905,4,0,0.435,4131960
1789153905,2,0,0.237,4131960
1789153906,4,0,0.972,4131960
1789153911,5,0,4.531,4131960
1789153911,2,0,0.685,4131960
1789153911,3,0,0.095,4131960
1789153912,7,0,0.626,4131960
1789153912,3,0,0.004,4131960
1789153912,6,0,0.003,4131960
1789153913,4,0,0.769,4131960
1789153913,0,0,0.004,4131960
1789153913,5,0,0.179,4131960
1789153913,3,0,0.022,4131960
1789153913,0,0,0.007,4131960
1789153913,4,0,0.329,4131960
1789153920,5,0,6.452,4131960
1789153920,5,0,0.103,4131960
1789153920,3,0,0.008,4131960
1789153920,6,0,0.008,4131960
1789153920,4,0,0.265,4131960
1789153920,6,0,0.006,4131960
1789153920,1,0,0.002,4131960
1789153920,1,0,0.001,4131960
1789153920,6,0,0.004,4131960
1789153920,3,0,0.004,4131960
1789153921,4,0,0.926,4131960
1789153921,6,0,0.007,4131960
1789153921,0,0,0.012,4131960
1789153921,0,0,0.054,4131960
1789153921,3,0,0.035,4131960
1789153923,4,0,1.727,4131960
1789153923,3,0,0.033,4131960
1789153923,1,0,0.001,4131960
1789153928,5,0,5.027,4131960
1789153930,4,0,1.409,4131960
1789153930,0,0,0.008,4131960
1789153930,0,0,0.013,4131960
1789153930,0,0,0.011,4131960
1789153930,6,0,0.014,4131960
1789153930,3,0,0.114,4131960
1789153930,3,0,0.019,4131960
1789153930,3,0,0.053,4131960
1789153930,4,0,0.511,4131960
1789153931,4,0,0.403,4131960
1789153931,2,0,0.007,4131960
1789153931,3,0,0.005,4131960
1789153931,4,0,0.8,4131960
1789153931,2,0,0.001,4131960
1789153932,4,0,0.672,4131960
1789153933,2,0,0.567,4131960
1789153933,3,0,0.076,4131960
1789153933,4,0,0.343,4131960
1789153934,2,0,1.121,4131960
1789153934,3,0,0.058,4131960
1789153934,3,0,0.009,4131960
1789153934,3,0,0.055,4131960
1789153934,5,0,0.095,4131960
1789153938,5,0,3.615,4131960
1789153938,4,0,0.361,4131960
1789153938,6,0,0.014,4131960
1789153939,3,0,0.048,4131960
1789153939,3,0,0.014,4131960
1789153939,5,0,0.805,4131960
1789153940,2,0,0.813,4131960
1789153940,0,0,0.005,4131960
1789153942,4,0,1.359,4131960
1789153942,2,0,0.384,4131960
1789153943,4,0,1.255,4131960
1789153943,0,0,0.006,4131960
1789153944,2,0,0.729,4131960
1789153944,2,0,0.534,4131960
1789153944,0,0,0.005,4131960
1789153945,4,0,0.314,4131960
1789153945,6,0,0.008,4131960
1789153945,6,0,0.005,4131960
1789153945,6,0,0.004,4131960
1789153945,2,0,0.001,4131960
1789153945,2,0,0.343,4131960
1789153945,1,0,0.002,4131960
1789153946,5,0,1.378,4131960
1789153947,4,0,0.965,4131960
1789153949,4,0,1.188,4131960
1789153949,5,0,0.125,4131960
1789153949,7,0,0.678,4131960
1789153949,0,0,0.005,4131960
1789153950,4,0,0.652,4131960
1789153951,2,0,0.907,4131960
1789153952,7,0,0.87,4131960
1789153952,6,0,0.005,4131960
1789153952,0,0,0.007,4131960
1789153953,2,0,0.622,4131960
1789153953,2,0,0.277,4131960
1789153953,3,0,0.005,4131960
1789153953,0,0,0.009,4131960
1789153953,1,0,0.001,4131960
1789153954,4,0,0.754,4131960
1789153954,3,0,0.129,4131960
1789153955,2,0,0.978,4131960
1789153956,4,0,1.016,4131960
1789153956,4,0,0.442,4131960
1789153956,6,0,0.005,4131960
1789153956,3,0,0.038,4131960
1789153957,4,0,0.739,4131960
1789153957,2,0,0.009,4131960
1789153958,4,0,0.847,4131960
1789153959,4,0,1.032,4131960
1789153960,4,0,0.862,4131960
1789153960,3,0,0.004,4131960
1789153960,0,0,0.014,4131960
1789153960,4,0,0.349,4131960
1789153960,0,0,0.015,4131960
1789153960,2,0,0.001,4131960
1789153960,0,0,0.015,4131960
1789153961,4,0,0.97,4131960
1789153961,5,0,0.458,4131960
1789153961,1,0,0.001,4131960
1789153967,7,0,5.115,4131960
1789153967,3,0,0.017,4131960
1789153968,4,0,0.891,4131960
1789153968,4,0,0.436,4131960
1789153968,5,0,0.221,4131960
1789153968,0,0,0.003,4131960
1789153968,0,0,0.005,4131960
1789153969,2,0,0.63,4131960
1789153969,2,0,0.002,4131960
1789153969,3,0,0.04,4131960
1789153969,6,0,0.003,4131960
1789153970,5,0,0.708,4131960
1789153970,0,0,0.011,4131960
1789153970,1,0,0.001,4131960
1789153970,3,0,0.055,4131960
1789153970,2,0,0.003,4131960
1789153970,6,0,0.008,4131960
1789153970,6,0,0.007,4131960
1789153970,0,0,0.023,4131960
1789153970,2,0,0.001,4131960
1789153970,3,0,0.104,4131960
1789153970,3,0,0.001,4131960
1789153970,1,0,0.001,4131960
1789153971,4,0,0.841,4131960
1789153971,0,0,0.011,4131960
1789153971,3,0,0.216,4131960
1789153971,7,0,0.134,4131960
1789153971,3,0,0.059,4131960
1789153971,4,0,0.449,4131960
1789153972,3,0,0.062,4131960
1789153972,7,0,0.681,4131960
1789153972,0,0,0.004,4131960
1789153972,1,0,0.001,4131960
1789153972,3,0,0.086,4131960
1789153973,4,0,0.272,4131960
1789153973,4,0,0.701,4131960
1789153974,4,0,0.44,4131960
1789153974,2,0,0.004,4131960
1789153974,5,0,0.151,4131960
1789153974,3,0,0.039,4131960
1789153975,4,0,1.042,4131960
1789153975,3,0,0.049,4131960
1789153975,6,0,0.009,4131960
1789153975,0,0,0.004,4131960
1789153975,4,0,0.414,4131960
1789153975,2,0,0.003,4131960
1789153975,3,0,0.047,4131960
1789153976,0,0,0.017,4131960
1789153979,5,0,3.413,4131960
1789153980,4,0,0.635,4131960
1789153980,5,0,0.492,4131960
1789153981,4,0,0.994,4131960
1789153981,4,0,0.437,4131960
1789153981,6,0,0.004,4131960
1789153981,6,0,0.007,4131960
1789153982,4,0,0.751,4131960
1789153982,0,0,0.005,4131960
1789153982,3,0,0.009,4131960
1789153982,6,0,0.016,4131960
1789153983,5,0,0.541,4131960
1789153983,0,0,0.034,4131960
1789153983,3,0,0.215,4131960
1789153983,6,0,0.013,4131960
1789153983,3,0,0.096,4131960
1789153984,2,0,0.547,4131960
1789153984,2,0,0.522,4131960
1789153985,2,0,0.51,4131960
1789153985,4,0,0.554,4131960
1789153985,1,0,0.001,4131960
1789153989,5,0,4.049,4131960
1789153990,4,0,0.434,4131960
1789153990,5,0,0.105,4131960
1789153990,3,0,0.005,4131960
1789153990,4,0,0.302,4131960
1789153990,3,0,0.04,4131960
1789153990,3,0,0.038,4131960
1789153990,2,0,0.001,4131960
1789153990,3,0,0.008,4131960
1789153992,2,0,1.284,4131960
1789153992,2,0,0.002,4131960
1789153992,6,0,0.009,4131960
1789153992,6,0,0.005,4131960
1789153992,3,0,0.049,4131960
1789153992,6,0,0.006,4131960
1789153992,3,0,0.077,4131960
1789153992,0,0,0.003,4131960
1789153992,6,0,0.005,4131960
1789153992,3,0,0.023,4131960
1789153992,3,0,0.005,4131960
1789153992,4,0,0.43,4131960
1789153992,3,0,0.093,4131960
1789153993,2,0,0.97,4131960
1789153993,1,0,0.001,4131960
1789153993,0,0,0.012,4131960
1789153993,3,0,0.098,4131960
1789153994,4,0,0.476,4131960
1789153995,4,0,0.798,4131960
1789153999,5,0,3.908,4131960
1789153999,3,0,0.064,4131960
1789153999,0,0,0.003,4131960
1789153999,6,0,0.006,4131960
1789153999,2,0,0.002,4131960
1789153999,6,0,0.004,4131960
1789153999,4,0,0.254,4131960
1789153999,2,0,0.004,4131960
1789153999,0,0,0.004,4131960
1789153999,4,0,0.585,4131960
1789154000,2,0,0.83,4131960
1789154000,3,0,0.008,4131960
1789154000,6,0,0.007,4131960
1789154000,3,0,0.042,4131960
1789154005,5,0,4.352,4131960
1789154005,0,0,0.008,4131960
1789154005,6,0,0.006,4131960
1789154005,6,0,0.005,4131960
1789154005,5,0,0.469,4131960
1789154005,0,0,0.007,4131960
1789154009,5,0,3.495,4131960
1789154009,1,0,0.002,4131960
1789154009,4,0,0.181,4131960
1789154010,2,0,0.672,4131960
1789154010,6,0,0.007,4131960
1789154010,2,0,0.212,4131960
1789154011,2,0,1.079,4131960
1789154011,3,0,0.01,4131960
1789154011,3,0,0.039,4131960
1789154012,4,0,1.343,4131960
1789154012,0,0,0.003,4131960
1789154015,5,0,2.794,4131960
1789154015,6,0,0.004,4131960
1789154015,1,0,0.001,4131960
1789154016,4,0,0.644,4131960
1789154016,6,0,0.007,4131960
1789154016,3,0,0.07,4131960
1789154016,0,0,0.004,4131960
1789154016,0,0,0.023,4131960
1789154016,7,0,0.168,4131960
1789154017,4,0,1,4131960
1789154017,2,0,0.287,4131960
1789154017,3,0,0.023,4131960
1789154018,4,0,0.29,4131960
1789154019,5,0,1.482,4131960
1789154019,5,0,0.151,4131960
1789154019,6,0,0.003,4131960
1789154019,3,0,0.083,4131960
1789154019,0,0,0.004,4131960
1789154019,3,0,0.005,4131960
1789154019,6,0,0.008,4131960
1789154020,4,0,0.591,4131960
1789154021,4,0,0.779,4131960
1789154021,4,0,0.403,4131960
1789154021,6,0,0.006,4131960
1789154022,4,0,0.751,4131960
1789154022,0,0,0.004,4131960
1789154022,6,0,0.004,4131960
1789154022,0,0,0.003,4131960
1789154022,1,0,0.002,4131960
1789154022,2,0,0.501,4131960
1789154022,3,0,0.131,4131960
1789154023,4,0,0.588,4131960
1789154023,3,0,0.042,4131960
1789154023,4,0,0.346,4131960
1789154023,3,0,0.004,4131960
1789154024,4,0,0.571,4131960
1789154028,7,0,3.803,4131960
1789154028,6,0,0.004,4131960
1789154028,4,0,0.342,4131960
1789154028,3,0,0.026,4131960
1789154028,2,0,0.002,4131960
1789154028,6,0,0.012,4131960
1789154028,2,0,0.003,4131960
1789154028,3,0,0.024,4131960
1789154029,2,0,0.497,4131960
1789154029,5,0,0.411,4131960
1789154029,0,0,0.005,4131960
1789154029,3,0,0.038,4131960
1789154029,3,0,0.004,4131960
1789154030,4,0,0.371,4131960
1789154030,0,0,0.011,4131960
1789154030,3,0,0.007,4131960
1789154030,3,0,0.042,4131960
1789154033,5,0,3.693,4131960
1789154034,5,0,0.729,4131960
1789154034,3,0,0.022,4131960
1789154035,5,0,0.598,4131960
1789154035,3,0,0.009,4131960
1789154035,3,0,0.037,4131960
1789154035,6,0,0.003,4131960
1789154035,0,0,0.009,4131960
1789154035,3,0,0.058,4131960
1789154035,2,0,0.004,4131960
1789154039,5,0,3.951,4131960
1789154039,3,0,0.004,4131960
1789154039,4,0,0.618,4131960
1789154039,0,0,0.013,4131960
1789154040,2,0,0.864,4131960
1789154041,4,0,0.344,4131960
1789154041,6,0,0.006,4131960
1789154041,3,0,0.012,4131960
1789154041,6,0,0.007,4131960
1789154041,0,0,0.005,4131960
1789154041,4,0,0.661,4131960
1789154042,4,0,0.759,4131960
1789154042,0,0,0.005,4131960
1789154042,1,0,0.001,4131960
1789154042,0,0,0.007,4131960
1789154043,4,0,0.598,4131960
1789154043,4,0,0.189,4131960
1789154043,3,0,0.076,4131960
1789154043,6,0,0.006,4131960
1789154043,0,0,0.005,4131960
1789154043,6,0,0.007,4131960
1789154043,7,0,0.158,4131960
1789154044,4,0,1.004,4131960
1789154045,4,0,0.871,4131960
1789154045,2,0,0.004,4131960
1789154045,5,0,0.184,4131960
1789154045,3,0,0.057,4131960
1789154046,4,0,0.405,4131960
1789154046,4,0,0.797,4131960
1789154047,5,0,0.414,4131960
1789154048,4,0,0.944,4131960
1789154048,3,0,0.01,4131960
1789154049,2,0,1.396,4131960
1789154050,7,0,0.663,4131960
1789154050,3,0,0.004,4131960
1789154050,3,0,0.097,4131960
1789154050,4,0,0.435,4131960
1789154050,6,0,0.005,4131960
1789154050,6,0,0.004,4131960
1789154050,0,0,0.007,4131960
1789154050,3,0,0.03,4131960
1789154050,6,0,0.009,4131960
1789154050,2,0,0.003,4131960
1789154050,0,0,0.023,4131960
1789154051,4,0,0.36,4131960
1789154051,2,0,0.003,4131960
1789154051,6,0,0.005,4131960
1789154051,3,0,0.121,4131960
1789154052,4,0,1.161,4131960
1789154052,3,0,0.067,4131960
1789154052,0,0,0.007,4131960
1789154052,1,0,0.001,4131960
1789154053,4,0,0.823,4131960
1789154053,2,0,0.006,4131960
1789154053,0,0,0.008,4131960
1789154053,3,0,0.006,4131960
1789154053,0,0,0.011,4131960
1789154053,3,0,0.008,4131960
1789154053,0,0,0.01,4131960
1789154053,3,0,0.067,4131960
1789154053,3,0,0.017,4131960
1789154054,2,0,0.551,4131960
1789154054,0,0,0.005,4131960
1789154055,5,0,1.002,4131960
1789154055,3,0,0.102,4131960
1789154055,2,0,0.205,4131960
1789154056,4,0,0.791,4131960
1789154056,4,0,0.245,4131960
1789154056,0,0,0.007,4131960
1789154057,4,0,0.472,4131960
1789154057,1,0,0.002,4131960
1789154057,5,0,0.14,4131960
1789154057,0,0,0.012,4131960
1789154057,1,0,0.001,4131960
1789154057,3,0,0.028,4131960
1789154057,3,0,0.185,4131960
1789154057,1,0,0.001,4131960
1789154057,3,0,0.077,4131960
1789154057,6,0,0.014,4131960
1789154057,3,0,0.062,4131960
1789154057,2,0,0.002,4131960
1789154057,0,0,0.004,4131960
1789154057,4,0,0.311,4131960
1789154057,0,0,0.013,4131960
1789154057,0,0,0.005,4131960
1789154057,3,0,0.08,4131960
1789154058,5,0,0.196,4131960
1789154062,7,0,3.969,4131960
1789154062,2,0,0.397,4131960
1789154062,0,0,0.007,4131960
1789154062,0,0,0.005,4131960
1789154067,5,0,4.559,4131960
1789154067,4,0,0.232,4131960
1789154067,2,0,0.002,4131960
1789154067,0,0,0.007,4131960
1789154068,4,0,0.99,4131960
1789154068,6,0,0.079,4131960
1789154068,1,0,0.002,4131960
1789154068,4,0,0.442,4131960
1789154069,5,0,0.332,4131960
1789154074,5,0,4.822,4131960
1789154074,0,0,0.008,4131960
1789154074,0,0,0.009,4131960
1789154074,2,0,0.474,4131960
1789154074,4,0,0.351,4131960
1789154075,4,0,1.093,4131960
1789154075,6,0,0.011,4131960
1789154076,3,0,0.046,4131960
1789154076,4,0,0.791,4131960
1789154076,2,0,0.002,4131960
1789154077,4,0,0.505,4131960
1789154077,4,0,0.532,4131960
1789154077,0,0,0.006,4131960
1789154078,4,0,0.474,4131960
1789154078,0,0,0.019,4131960
1789154079,4,0,1.287,4131960
1789154079,0,0,0.008,4131960
1789154081,4,0,1.827,4131960
1789154081,3,0,0.059,4131960
1789154082,2,0,0.745,4131960
1789154082,3,0,0.063,4131960
1789154083,2,0,0.795,4131960
1789154083,4,0,0.838,4131960
1789154084,5,0,0.87,4131960
1789154085,4,0,1.064,4131960
1789154085,2,0,0,4131960
1789154086,4,0,1.01,4131960
1789154087,3,0,0.137,4131960
1789154087,3,0,0.125,4131960
1789154087,2,0,0.003,4131960
1789154087,0,0,0.011,4131960
1789154087,4,0,0.412,4131960
1789154091,5,0,4.083,4131960
1789154091,5,0,0.168,4131960
1789154091,0,0,0.014,4131960
1789154092,4,0,0.669,4131960
1789154092,3,0,0.006,4131960
1789154092,2,0,0.002,4131960
1789154093,4,0,0.76,4131960
1789154093,6,0,0.008,4131960
1789154093,0,0,0.018,4131960
1789154093,2,0,0.004,4131960
1789154093,4,0,0.57,4131960
1789154098,5,0,4.111,4131960
1789154098,1,0,0.001,4131960
1789154098,6,0,0.006,4131960
1789154098,2,0,0.026,4131960
1789154098,3,0,0.044,4131960
1789154098,0,0,0.011,4131960
1789154098,5,0,0.203,4131960
1789154098,4,0,0.528,4131960
1789154098,6,0,0.005,4131960
1789154098,3,0,0.008,4131960
1789154099,4,0,0.492,4131960
1789154099,3,0,0.01,4131960
1789154103,7,0,4.022,4131960
1789154103,0,0,0.011,4131960
1789154103,2,0,0.444,4131960
1789154104,2,0,0.492,4131960
1789154104,0,0,0.009,4131960
1789154104,3,0,0.036,4131960
1789154104,0,0,0.007,4131960
1789154104,0,0,0.019,4131960
1789154104,2,0,0.007,4131960
1789154108,5,0,4.086,4131960
1789154108,2,0,0.393,4131960
1789154108,6,0,0.019,4131960
1789154109,7,0,0.422,4131960
1789154109,3,0,0.012,4131960
1789154113,5,0,4.399,4131960
1789154113,1,0,0.001,4131960
1789154113,3,0,0.083,4131960
1789154113,3,0,0.126,4131960
1789154113,3,0,0.047,4131960
1789154114,4,0,0.365,4131960
1789154114,6,0,0.009,4131960
1789154114,3,0,0.026,4131960
1789154114,6,0,0.008,4131960
1789154114,4,0,0.306,4131960
1789154115,4,0,0.673,4131960
1789154116,4,0,0.701,4131960
1789154116,2,0,0.343,4131960
1789154116,0,0,0.012,4131960
1789154116,1,0,0.001,4131960
1789154116,0,0,0.004,4131960
1789154116,4,0,0.335,4131960
1789154116,0,0,0.01,4131960
1789154116,0,0,0.016,4131960
1789154116,2,0,0.002,4131960
1789154116,0,0,0.007,4131960
1789154117,4,0,0.7,4131960
1789154118,4,0,1.158,4131960
1789154119,4,0,0.687,4131960
1789154119,6,0,0.007,4131960
1789154119,6,0,0.013,4131960
1789154120,2,0,0.647,4131960
1789154120,2,0,0.001,4131960
1789154120,5,0,0.154,4131960
1789154120,2,0,0.003,4131960
1789154120,0,0,0.014,4131960
1789154120,5,0,0.13,4131960
1789154120,3,0,0.028,4131960
1789154121,4,0,0.751,4131960
1789154121,3,0,0.002,4131960
1789154121,0,0,0.003,4131960
1789154122,2,0,1.359,4131960
1789154123,4,0,0.628,4131960
1789154123,6,0,0.007,4131960
1789154123,4,0,0.35,4131960
1789154123,2,0,0.001,4131960
1789154123,6,0,0.006,4131960
1789154123,3,0,0.101,4131960
1789154123,4,0,0.356,4131960
1789154124,4,0,1.046,4131960
1789154125,4,0,0.204,4131960
1789154125,6,0,0.006,4131960
1789154125,5,0,0.67,4131960
1789154125,5,0,0.12,4131960
1789154125,0,0,0.005,4131960
1789154126,3,0,0.056,4131960
1789154129,5,0,3.12,4131960
1789154129,1,0,0.002,4131960
1789154129,6,0,0.006,4131960
1789154129,4,0,0.67,4131960
1789154129,3,0,0.008,4131960
1789154129,0,0,0.01,4131960
1789154129,5,0,0.11,4131960
1789154130,4,0,0.804,4131960
1789154130,3,0,0.039,4131960
1789154130,6,0,0.01,4131960
1789154130,3,0,0.074,4131960
1789154134,5,0,3.323,4131960
1789154134,0,0,0.011,4131960
1789154134,3,0,0.007,4131960
1789154134,2,0,0.007,4131960
1789154134,2,0,0.009,4131960
1789154134,3,0,0.103,4131960
1789154134,6,0,0.006,4131960
1789154134,4,0,0.349,4131960
1789154135,2,0,1.299,4131960
1789154136,0,0,0.014,4131960
1789154136,6,0,0.006,4131960
1789154136,4,0,0.917,4131960
1789154137,4,0,0.39,4131960
1789154141,5,0,3.966,4131960
1789154141,4,0,0.288,4131960
1789154141,6,0,0.005,4131960
1789154141,0,0,0.005,4131960
1789154141,6,0,0.003,4131960
1789154141,6,0,0.004,4131960
1789154142,4,0,0.922,4131960
1789154142,6,0,0.017,4131960
1789154142,3,0,0.056,4131960
1789154142,2,0,0.002,4131960
1789154142,3,0,0.003,4131960
1789154142,3,0,0.039,4131960
1789154142,3,0,0.016,4131960
1789154142,5,0,0.132,4131960
1789154142,4,0,0.189,4131960
1789154143,4,0,0.548,4131960
1789154144,4,0,0.836,4131960
1789154145,4,0,0.823,4131960
1789154145,2,0,0.003,4131960
1789154146,4,0,0.99,4131960
1789154146,6,0,0.007,4131960
1789154146,3,0,0.008,4131960
1789154146,4,0,0.692,4131960
1789154146,3,0,0.037,4131960
1789154146,0,0,0.013,4131960
1789154146,3,0,0.054,4131960
1789154146,3,0,0.015,4131960
1789154150,5,0,3.219,4131960
1789154150,2,0,0.002,4131960
1789154150,3,0,0.024,4131960
1789154150,1,0,0.001,4131960
1789154150,3,0,0.027,4131960
1789154150,2,0,0.002,4131960
1789154150,7,0,0.2,4131960
1789154150,0,0,0.005,4131960
1789154150,6,0,0.004,4131960
1789154150,3,0,0.001,4131960
1789154150,3,0,0.067,4131960
1789154150,2,0,0.002,4131960
1789154150,3,0,0.007,4131960
1789154150,4,0,0.317,4131960
1789154151,4,0,0.378,4131960
1789154151,4,0,0.292,4131960
1789154151,2,0,0.004,4131960
1789154151,5,0,0.117,4131960
1789154151,0,0,0.019,4131960
1789154151,3,0,0.02,4131960
1789154151,3,0,0.132,4131960
1789154151,6,0,0.009,4131960
1789154152,4,0,0.48,4131960
1789154152,4,0,0.244,4131960
1789154152,2,0,0.338,4131960
1789154152,6,0,0.007,4131960
1789154154,2,0,1.349,4131960
1789154154,3,0,0.011,4131960
1789154154,4,0,0.667,4131960
1789154159,5,0,4.363,4131960
1789154159,0,0,0.006,4131960
1789154159,0,0,0.005,4131960
1789154159,4,0,0.467,4131960
1789154159,6,0,0.004,4131960
1789154160,4,0,0.568,4131960
1789154160,0,0,0.003,4131960
1789154160,3,0,0.006,4131960
1789154160,6,0,0.003,4131960
1789154160,1,0,0.001,4131960
1789154161,7,0,1.154,4131960
1789154167,7,0,6.038,4131960
1789154167,6,0,0.006,4131960
1789154167,1,0,0.001,4131960
1789154171,5,0,4.146,4131960
1789154171,7,0,0.223,4131960
1789154172,2,0,0.545,4131960
1789154172,3,0,0.003,4131960
1789154172,3,0,0.102,4131960
1789154173,4,0,0.697,4131960
1789154173,4,0,0.394,4131960
1789154173,3,0,0.051,4131960
1789154174,4,0,0.847,4131960
1789154175,4,0,0.483,4131960
1789154175,0,0,0.009,4131960
1789154176,4,0,1.141,4131960
1789154176,1,0,0.001,4131960
1789154176,2,0,0.003,4131960
1789154176,6,0,0.007,4131960
1789154176,3,0,0.019,4131960
1789154176,3,0,0.03,4131960
1789154176,4,0,0.268,4131960
1789154177,5,0,0.643,4131960
1789154177,1,0,0.002,4131960
1789154177,5,0,0.16,4131960
1789154177,2,0,0.635,4131960
1789154177,3,0,0.005,4131960
1789154177,2,0,0.001,4131960
1789154178,3,0,0.103,4131960
1789154178,2,0,0.623,4131960
1789154178,3,0,0.048,4131960
1789154179,4,0,0.669,4131960
1789154179,2,0,0.001,4131960
1789154179,5,0,0.103,4131960
1789154180,4,0,0.53,4131960
1789154180,0,0,0.039,4131960
1789154180,4,0,0.536,4131960
1789154184,7,0,4.08,4131960
1789154184,0,0,0.005,4131960
1789154184,0,0,0.012,4131960
1789154184,3,0,0.069,4131960
1789154184,0,0,0.006,4131960
1789154184,0,0,0.008,4131960
1789154185,4,0,1.129,4131960
1789154185,6,0,0.011,4131960
1789154185,1,0,0.002,4131960
1789154185,6,0,0.004,4131960
1789154186,5,0,0.095,4131960
1789154186,3,0,0.072,4131960
1789154187,4,0,0.944,4131960
1789154188,5,0,0.99,4131960
1789154189,4,0,1.196,4131960
1789154189,3,0,0.007,4131960
1789154189,5,0,0.103,4131960
1789154189,3,0,0.008,4131960
1789154189,3,0,0.093,4131960
1789154189,2,0,0.389,4131960
1789154191,5,0,1.14,4131960
1789154191,4,0,0.491,4131960
1789154191,6,0,0.008,4131960
1789154191,0,0,0.004,4131960
1789154192,4,0,1.382,4131960
1789154197,5,0,5.006,4131960
1789154199,2,0,1.364,4131960
1789154199,3,0,0.099,4131960
1789154200,4,0,0.909,4131960
1789154200,3,0,0.069,4131960
1789154200,2,0,0.002,4131960
1789154200,0,0,0.003,4131960
1789154200,4,0,0.44,4131960
1789154200,3,0,0.109,4131960
1789154201,2,0,0.424,4131960
1789154201,0,0,0.003,4131960
1789154201,2,0,0.419,4131960
1789154202,4,0,0.493,4131960
1789154202,4,0,0.537,4131960
1789154203,2,0,0.491,4131960
1789154203,3,0,0.003,4131960
1789154203,1,0,0.001,4131960
1789154203,2,0,0.002,4131960
1789154203,4,0,0.319,4131960
1789154203,6,0,0.005,4131960
1789154203,0,0,0.012,4131960
1789154204,4,0,1.254,4131960
1789154204,0,0,0.013,4131960
1789154205,2,0,0.508,4131960
1789154205,4,0,0.387,4131960
1789154205,3,0,0.013,4131960
1789154205,6,0,0.004,4131960
1789154206,5,0,0.571,4131960
1789154206,5,0,0.13,4131960
1789154206,1,0,0.001,4131960
1789154206,6,0,0.006,4131960
1789154206,0,0,0.012,4131960
1789154206,0,0,0.005,4131960
1789154206,3,0,0.042,4131960
1789154206,3,0,0.013,4131960
1789154206,4,0,0.273,4131960
1789154207,2,0,0.645,4131960
1789154207,3,0,0.025,4131960
1789154207,4,0,0.395,4131960
1789154208,2,0,0.333,4131960
1789154208,4,0,0.687,4131960
1789154208,0,0,0.012,4131960
1789154209,4,0,0.392,4131960
1789154209,0,0,0.008,4131960
1789154209,0,0,0.012,4131960
1789154209,0,0,0.004,4131960
1789154210,4,0,0.738,4131960
1789154210,2,0,0.337,4131960
1789154210,0,0,0.006,4131960
1789154210,3,0,0.013,4131960
1789154211,7,0,0.893,4131960
1789154211,2,0,0.002,4131960
1789154211,5,0,0.112,4131960
1789154211,3,0,0.055,4131960
1789154211,7,0,0.497,4131960
1789154212,2,0,0.365,4131960
1789154212,4,0,0.332,4131960
1789154212,3,0,0.008,4131960
1789154212,0,0,0.013,4131960
1789154213,4,0,1.006,4131960
1789154214,4,0,1.047,4131960
1789154214,0,0,0.016,4131960
1789154215,4,0,0.678,4131960
1789154215,3,0,0.092,4131960
1789154215,1,0,0.002,4131960
1789154215,6,0,0.029,4131960
1789154216,2,0,0.492,4131960
1789154216,6,0,0.007,4131960
1789154216,6,0,0.004,4131960
1789154217,4,0,0.928,4131960
1789154217,6,0,0.007,4131960
1789154217,0,0,0.004,4131960
1789154217,4,0,0.645,4131960
1789154219,4,0,1.451,4131960
1789154219,6,0,0.004,4131960
1789154219,2,0,0.292,4131960
1789154219,2,0,0.364,4131960
1789154219,0,0,0.004,4131960
1789154219,0,0,0.004,4131960
1789154220,2,0,0.212,4131960
1789154220,3,0,0.042,4131960
1789154220,0,0,0.006,4131960
1789154220,6,0,0.007,4131960
1789154220,0,0,0.007,4131960
1789154220,2,0,0.318,4131960
1789154220,1,0,0.002,4131960
1789154220,3,0,0.012,4131960
1789154224,5,0,4.335,4131960
1789154225,4,0,0.899,4131960
1789154225,2,0,0.001,4131960
1789154225,6,0,0.015,4131960
1789154225,5,0,0.152,4131960
1789154226,4,0,0.56,4131960
1789154226,0,0,0.005,4131960
1789154226,0,0,0.003,4131960
1789154227,4,0,0.92,4131960
1789154227,6,0,0.005,4131960
1789154227,3,0,0.088,4131960
1789154227,0,0,0.003,4131960
1789154228,5,0,0.986,4131960
1789154228,4,0,0.302,4131960
1789154228,1,0,0.001,4131960
1789154228,0,0,0.011,4131960
1789154228,5,0,0.21,4131960
1789154228,0,0,0.01,4131960
1789154229,4,0,0.42,4131960
1789154229,0,0,0.004,4131960
1789154229,6,0,0.005,4131960
1789154229,4,0,0.569,4131960
1789154230,4,0,0.23,4131960
1789154230,3,0,0.053,4131960
1789154230,6,0,0.019,4131960
1789154230,6,0,0.017,4131960
1789154230,3,0,0.053,4131960
1789154230,3,0,0.047,4131960
1789154230,4,0,0.569,4131960
1789154230,3,0,0.048,4131960
1789154232,4,0,1.552,4131960
1789154232,4,0,0.307,4131960
1789154232,6,0,0.03,4131960
1789154233,4,0,0.52,4131960
1789154233,3,0,0.005,4131960
1789154233,0,0,0.006,4131960
1789154233,4,0,0.305,4131960
1789154233,0,0,0.015,4131960
1789154234,4,0,0.893,4131960
1789154234,3,0,0.108,4131960
1789154234,3,0,0.02,4131960
1789154234,6,0,0.019,4131960
1789154235,4,0,0.332,4131960
1789154235,1,0,0.001,4131960
1789154235,3,0,0.004,4131960
1789154235,3,0,0.059,4131960
1789154235,1,0,0.001,4131960
1789154235,3,0,0.041,4131960
1789154235,6,0,0.007,4131960
1789154235,3,0,0.006,4131960
1789154235,0,0,0.005,4131960
1789154235,4,0,0.543,4131960
1789154235,2,0,0.006,4131960
1789154235,0,0,0.003,4131960
1789154236,4,0,0.44,4131960
1789154237,2,0,0.877,4131960
1789154237,2,0,0.005,4131960
1789154237,0,0,0.007,4131960
1789154237,4,0,0.441,4131960
1789154237,6,0,0.008,4131960
1789154237,5,0,0.381,4131960
1789154238,4,0,0.291,4131960
1789154238,4,0,0.496,4131960
1789154238,3,0,0.079,4131960
1789154239,4,0,0.712,4131960
1789154239,3,0,0.05,4131960
1789154239,4,0,0.399,4131960
1789154240,5,0,0.098,4131960
1789154240,2,0,0.415,4131960
1789154241,2,0,0.979,4131960
1789154241,4,0,0.427,4131960
1789154241,2,0,0.004,4131960
1789154242,4,0,0.323,4131960
1789154242,0,0,0.005,4131960
1789154242,0,0,0.004,4131960
1789154242,3,0,0.081,4131960
1789154242,4,0,0.359,4131960
1789154242,3,0,0.005,4131960
1789154242,0,0,0.009,4131960
1789154243,4,0,0.971,4131960
1789154243,0,0,0.004,4131960
1789154243,2,0,0.357,4131960
1789154243,6,0,0.008,4131960
1789154244,4,0,0.744,4131960
1789154244,3,0,0.009,4131960
1789154244,3,0,0.056,4131960
1789154244,5,0,0.098,4131960
1789154244,3,0,0.053,4131960
1789154244,6,0,0.004,4131960
1789154245,4,0,0.947,4131960
1789154245,3,0,0.008,4131960
1789154245,3,0,0.009,4131960
1789154246,4,0,1.101,4131960
1789154247,0,0,0.003,4131960
1789154247,3,0,0.032,4131960
1789154247,3,0,0.042,4131960
1789154247,4,0,0.232,4131960
1789154247,4,0,0.344,4131960
1789154252,5,0,4.45,4131960
1789154252,7,0,0.147,4131960
1789154252,4,0,0.646,4131960
1789154253,2,0,0.498,4131960
1789154253,3,0,0.006,4131960
1789154253,0,0,0.01,4131960
1789154253,2,0,0.001,4131960
1789154253,3,0,0.08,4131960
1789154253,0,0,0.008,4131960
1789154256,5,0,3.245,4131960
1789154256,3,0,0.035,4131960
1789154256,1,0,0.001,4131960
1789154256,2,0,0.002,4131960
1789154256,0,0,0.003,4131960
1789154257,4,0,0.367,4131960
1789154257,2,0,0.782,4131960
1789154257,2,0,0.001,4131960
1789154257,6,0,0.008,4131960
1789154257,0,0,0.006,4131960
1789154257,3,0,0.016,4131960
1789154258,4,0,0.557,4131960
1789154259,2,0,0.69,4131960
1789154259,3,0,0.005,4131960
1789154259,3,0,0.016,4131960
1789154260,2,0,0.982,4131960
1789154263,4,0,2.784,4131960
1789154263,4,0,0.292,4131960
1789154263,7,0,0.181,4131960
1789154264,4,0,0.77,4131960
1789154264,4,0,0.503,4131960
1789154264,6,0,0.006,4131960
1789154264,0,0,0.003,4131960
1789154265,4,0,0.583,4131960
1789154265,0,0,0.006,4131960
1789154265,3,0,0.086,4131960
1789154265,5,0,0.212,4131960
1789154266,2,0,0.44,4131960
1789154266,4,0,0.826,4131960
1789154267,3,0,0.096,4131960
1789154270,5,0,3.931,4131960
1789154271,4,0,0.501,4131960
1789154271,0,0,0.005,4131960
1789154273,5,0,1.635,4131960
1789154273,0,0,0.016,4131960
1789154273,0,0,0.006,4131960
1789154273,1,0,0,4131960
1789154273,2,0,0.001,4131960
1789154273,3,0,0.054,4131960
1789154273,3,0,0.073,4131960
1789154273,6,0,0.007,4131960
1789154273,6,0,0.004,4131960
1789154273,2,0,0.005,4131960
1789154273,0,0,0.008,4131960
1789154273,3,0,0.103,4131960
1789154274,4,0,1.174,4131960
1789154275,4,0,0.656,4131960
1789154275,1,0,0.001,4131960
1789154275,2,0,0.003,4131960
1789154276,2,0,1.024,4131960
1789154276,3,0,0.011,4131960
1789154277,5,0,0.907,4131960
1789154277,4,0,0.617,4131960
1789154277,0,0,0.014,4131960
1789154277,0,0,0.013,4131960
1789154277,0,0,0.01,4131960
1789154278,2,0,0.532,4131960
1789154278,3,0,0.104,4131960
1789154278,2,0,0.268,4131960
1789154278,1,0,0.001,4131960
1789154278,3,0,0.005,4131960
1789154279,4,0,0.598,4131960
1789154279,3,0,0.047,4131960
1789154279,6,0,0.005,4131960
1789154279,2,0,0.516,4131960
1789154280,4,0,0.345,4131960
1789154280,0,0,0.004,4131960
1789154280,0,0,0.006,4131960
1789154280,0,0,0.041,4131960
1789154280,0,0,0.007,4131960
1789154280,1,0,0.001,4131960
1789154280,2,0,0.002,4131960
1789154280,1,0,0.001,4131960
1789154280,1,0,0.001,4131960
1789154280,3,0,0.005,4131960
1789154280,3,0,0.002,4131960
1789154280,3,0,0.063,4131960
1789154281,4,0,1.389,4131960
1789154281,3,0,0.008,4131960
1789154281,0,0,0.004,4131960
1789154281,3,0,0.008,4131960
1789154281,0,0,0.007,4131960
1789154281,6,0,0.007,4131960
1789154281,2,0,0.002,4131960
1789154281,3,0,0.056,4131960
1789154282,4,0,0.304,4131960
1789154282,3,0,0.007,4131960
1789154282,0,0,0.014,4131960
1789154284,5,0,2.529,4131960
1789154285,2,0,0.905,4131960
1789154285,1,0,0.001,4131960
1789154285,6,0,0.015,4131960
1789154285,2,0,0.003,4131960
1789154285,3,0,0.075,4131960
1789154285,3,0,0.033,4131960
1789154286,4,0,0.289,4131960
1789154286,2,0,0.004,4131960
1789154286,3,0,0.106,4131960
1789154286,3,0,0.045,4131960
1789154286,3,0,0.01,4131960
1789154286,4,0,0.239,4131960
1789154287,7,0,0.669,4131960
1789154287,3,0,0.007,4131960
1789154287,2,0,0.001,4131960
1789154287,3,0,0.033,4131960
1789154287,3,0,0.118,4131960
1789154287,6,0,0.005,4131960
1789154287,0,0,0.009,4131960
1789154288,5,0,0.946,4131960
1789154288,5,0,0.101,4131960
1789154288,4,0,0.378,4131960
1789154288,3,0,0.031,4131960
1789154289,4,0,0.459,4131960
1789154289,6,0,0.017,4131960
1789154289,0,0,0.005,4131960
1789154289,4,0,0.673,4131960
1789154290,4,0,0.743,4131960
1789154290,0,0,0.005,4131960
1789154290,0,0,0.004,4131960
1789154290,6,0,0.012,4131960
1789154290,2,0,0.003,4131960
1789154290,6,0,0.006,4131960
1789154290,6,0,0.009,4131960
1789154290,4,0,0.31,4131960
1789154291,5,0,0.111,4131960
1789154291,6,0,0.007,4131960
1789154291,0,0,0.004,4131960
1789154291,2,0,0.003,4131960
1789154291,2,0,0.417,4131960
1789154291,2,0,0.003,4131960
1789154291,1,0,0.001,4131960
1789154291,4,0,0.215,4131960
1789154291,3,0,0.06,4131960
1789154291,6,0,0.006,4131960
1789154292,4,0,0.495,4131960
1789154293,4,0,0.729,4131960
1789154293,3,0,0.037,4131960
1789154293,0,0,0.006,4131960
1789154293,2,0,0.522,4131960
1789154293,3,0,0.008,4131960
1789154293,3,0,0.027,4131960
1789154293,0,0,0.005,4131960
1789154293,2,0,0.381,4131960
1789154298,7,0,4.992,4131960
1789154298,2,0,0.002,4131960
1789154299,2,0,0.419,4131960
1789154300,4,0,0.677,4131960
1789154300,3,0,0.04,4131960
1789154300,4,0,0.829,4131960
1789154301,3,0,0.112,4131960
1789154301,4,0,0.351,4131960
1789154301,4,0,0.431,4131960
1789154301,0,0,0.014,4131960
1789154301,3,0,0.014,4131960
1789154301,3,0,0.003,4131960
1789154302,7,0,0.474,4131960
1789154302,0,0,0.005,4131960
1789154303,5,0,0.675,4131960
1789154303,3,0,0.051,4131960
1789154303,0,0,0.006,4131960
1789154303,0,0,0.004,4131960
1789154303,3,0,0.082,4131960
1789154306,5,0,3.608,4131960
1789154306,3,0,0.026,4131960
1789154308,2,0,1.603,4131960
1789154308,4,0,0.592,4131960
1789154309,3,0,0.025,4131960
1789154309,3,0,0.009,4131960
1789154309,0,0,0.008,4131960
1789154309,1,0,0.002,4131960
1789154313,5,0,4.207,4131960
1789154314,5,0,0.805,4131960
1789154314,2,0,0.002,4131960
1789154314,4,0,0.524,4131960
1789154318,7,0,4.07,4131960
1789154318,4,0,0.341,4131960
1789154319,4,0,0.778,4131960
1789154320,5,0,0.882,4131960
1789154321,2,0,0.539,4131960
1789154326,5,0,4.828,4131960
1789154326,6,0,0.006,4131960
1789154326,1,0,0.001,4131960
1789154326,0,0,0.012,4131960
1789154326,4,0,0.373,4131960
1789154326,5,0,0.546,4131960
1789154326,3,0,0.015,4131960
1789154328,2,0,1.078,4131960
1789154328,3,0,0.014,4131960
1789154328,0,0,0.015,4131960
1789154331,7,0,3.774,4131960
1789154331,0,0,0.013,4131960
1789154331,1,0,0.001,4131960
1789154331,0,0,0.006,4131960
1789154331,4,0,0.041,4131960
1789154331,0,0,0.007,4131960
1789154332,2,0,0.315,4131960
1789154332,1,0,0.001,4131960
1789154336,7,0,4.109,4131960
1789154340,5,0,4.298,4131960
1789154341,2,0,0.489,4131960
1789154345,7,0,4.363,4131960
1789154345,1,0,0.001,4131960
1789154345,3,0,0.006,4131960
1789154345,2,0,0.003,4131960
1789154345,3,0,0.022,4131960
1789154345,4,0,0.375,4131960
1789154346,4,0,0.414,4131960
1789154346,6,0,0.008,4131960
1789154346,6,0,0.007,4131960
1789154346,1,0,0.001,4131960
1789154346,6,0,0.005,4131960
1789154346,0,0,0.009,4131960
1789154347,4,0,0.98,4131960
1789154347,6,0,0.004,4131960
1789154347,0,0,0.005,4131960
1789154347,0,0,0.008,4131960
1789154347,5,0,0.529,4131960
1789154348,4,0,0.603,4131960
1789154349,4,0,0.627,4131960
1789154349,6,0,0.01,4131960
1789154350,5,0,1.493,4131960
1789154350,2,0,0.006,4131960
1789154351,4,0,0.44,4131960
1789154351,3,0,0.006,4131960
1789154351,3,0,0.044,4131960
1789154351,6,0,0.023,4131960
1789154351,0,0,0.007,4131960
1789154351,3,0,0.119,4131960
1789154351,0,0,0.007,4131960
1789154351,0,0,0.015,4131960
1789154354,5,0,3.363,4131960
1789154354,6,0,0.011,4131960
1789154354,0,0,0.005,4131960
1789154354,2,0,0.001,4131960
1789154354,3,0,0.01,4131960
1789154356,4,0,1.562,4131960
1789154356,2,0,0.003,4131960
1789154356,3,0,0.004,4131960
1789154356,2,0,0.246,4131960
1789154356,4,0,0.41,4131960
1789154357,4,0,0.549,4131960
1789154359,5,0,1.926,4131960
1789154360,4,0,1.087,4131960
1789154361,4,0,0.923,4131960
1789154361,2,0,0.002,4131960
1789154361,0,0,0.012,4131960
1789154361,4,0,0.376,4131960
1789154362,4,0,1.211,4131960
1789154363,5,0,0.685,4131960
1789154364,2,0,0.473,4131960
1789154364,0,0,0.007,4131960
1789154364,3,0,0.019,4131960
1789154364,0,0,0.004,4131960
1789154364,2,0,0.003,4131960
1789154364,3,0,0.009,4131960
1789154364,3,0,0.026,4131960
1789154364,3,0,0.002,4131960
1789154364,4,0,0.544,4131960
1789154364,3,0,0.138,4131960
1789154364,6,0,0.004,4131960
1789154364,6,0,0.012,4131960
1789154364,0,0,0.033,4131960
1789154364,0,0,0.005,4131960
1789154365,3,0,0.063,4131960
1789154365,3,0,0.007,4131960
1789154365,5,0,0.178,4131960
1789154365,0,0,0.014,4131960
1789154366,2,0,1.617,4131960
1789154366,3,0,0.007,4131960
1789154366,3,0,0.005,4131960
1789154366,3,0,0.067,4131960
1789154366,1,0,0.002,4131960
1789154367,2,0,0.469,4131960
1789154369,2,0,1.667,4131960
1789154369,0,0,0.008,4131960
1789154369,2,0,0.001,4131960
1789154369,3,0,0.014,4131960
1789154369,2,0,0.291,4131960
1789154370,2,0,0.719,4131960
1789154370,4,0,0.282,4131960
1789154374,5,0,3.807,4131960
1789154374,4,0,0.472,4131960
1789154374,3,0,0.003,4131960
1789154374,1,0,0.001,4131960
1789154375,4,0,0.532,4131960
1789154376,4,0,0.835,4131960
1789154376,3,0,0.048,4131960
1789154376,4,0,0.341,4131960
1789154376,0,0,0.004,4131960
1789154376,3,0,0.003,4131960
1789154376,6,0,0.006,4131960
1789154380,5,0,4.19,4131960
1789154380,3,0,0.044,4131960
1789154380,5,0,0.111,4131960
1789154381,4,0,1.037,4131960
1789154382,2,0,0.455,4131960
1789154382,5,0,0.151,4131960
1789154382,4,0,0.334,4131960
1789154382,6,0,0.008,4131960
1789154383,4,0,0.94,4131960
1789154384,2,0,1.022,4131960
1789154385,4,0,0.965,4131960
1789154385,2,0,0.003,4131960
1789154389,5,0,4.018,4131960
1789154392,5,0,2.847,4131960
1789154392,7,0,0.182,4131960
1789154392,0,0,0.009,4131960
1789154393,4,0,0.324,4131960
1789154393,0,0,0.003,4131960
1789154393,0,0,0.005,4131960
1789154393,4,0,0.348,4131960
1789154394,2,0,0.706,4131960
1789154394,5,0,0.326,4131960
1789154394,2,0,0.009,4131960
1789154395,5,0,0.671,4131960
1789154395,5,0,0.128,4131960
1789154395,4,0,0.229,4131960
1789154395,6,0,0.012,4131960
1789154395,3,0,0.027,4131960
1789154395,4,0,0.325,4131960
1789154395,6,0,0.017,4131960
1789154395,3,0,0.004,4131960
1789154395,5,0,0.115,4131960
1789154395,1,0,0.001,4131960
1789154395,0,0,0.006,4131960
1789154396,7,0,0.181,4131960
1789154396,2,0,0.606,4131960
1789154396,3,0,0.036,4131960
1789154400,5,0,4.152,4131960
1789154401,4,0,0.362,4131960
1789154401,1,0,0.002,4131960
1789154401,6,0,0.004,4131960
1789154402,4,0,0.961,4131960
1789154402,2,0,0.002,4131960
1789154402,3,0,0.083,4131960
1789154402,0,0,0.02,4131960
1789154402,6,0,0.005,4131960
1789154403,4,0,0.797,4131960
1789154403,2,0,0.344,4131960
1789154403,0,0,0.006,4131960
1789154404,4,0,0.764,4131960
1789154404,0,0,0.014,4131960
1789154404,0,0,0.007,4131960
1789154404,6,0,0.006,4131960
1789154404,0,0,0.004,4131960
1789154404,3,0,0.006,4131960
1789154404,1,0,0.001,4131960
1789154404,2,0,0.002,4131960
1789154404,0,0,0.015,4131960
1789154404,4,0,0.454,4131960
1789154405,4,0,0.276,4131960
1789154405,1,0,0.001,4131960
1789154405,3,0,0.005,4131960
1789154405,6,0,0.003,4131960
1789154405,0,0,0.006,4131960
1789154405,0,0,0.005,4131960
1789154407,4,0,1.883,4131960
1789154407,2,0,0.002,4131960
1789154407,4,0,0.781,4131960
1789154407,0,0,0.009,4131960
1789154407,7,0,0.172,4131960
1789154407,0,0,0.012,4131960
1789154408,3,0,0.139,4131960
1789154408,4,0,0.155,4131960
1789154408,4,0,0.309,4131960
1789154408,2,0,0.002,4131960
1789154409,5,0,0.942,4131960
1789154409,6,0,0.026,4131960
1789154409,4,0,0.39,4131960
1789154409,1,0,0.001,4131960
1789154409,6,0,0.009,4131960
1789154410,2,0,0.526,4131960
1789154410,0,0,0.005,4131960
1789154410,5,0,0.117,4131960
1789154410,6,0,0.007,4131960
1789154410,0,0,0.004,4131960
1789154410,0,0,0.007,4131960
1789154410,0,0,0.011,4131960
1789154411,4,0,0.608,4131960
1789154411,0,0,0.024,4131960
1789154411,6,0,0.011,4131960
1789154411,6,0,0.004,4131960
1789154411,4,0,0.681,4131960
1789154412,5,0,0.677,4131960
1789154412,3,0,0.07,4131960
1789154412,1,0,0.001,4131960
1789154413,5,0,0.798,4131960
1789154414,2,0,0.573,4131960
1789154414,3,0,0.083,4131960
1789154415,4,0,1.086,4131960
1789154415,3,0,0.051,4131960
1789154415,1,0,0.001,4131960
1789154415,2,0,0.365,4131960
1789154415,6,0,0.008,4131960
1789154416,2,0,0.644,4131960
1789154416,4,0,0.236,4131960
1789154416,0,0,0.009,4131960
1789154416,6,0,0.006,4131960
1789154416,1,0,0,4131960
1789154420,5,0,3.661,4131960
1789154420,1,0,0.001,4131960
1789154420,3,0,0.063,4131960
1789154420,6,0,0.007,4131960
1789154422,2,0,2.589,4131960
1789154422,2,0,0.002,4131960
1789154422,1,0,0.001,4131960
1789154422,3,0,0.047,4131960
1789154423,4,0,0.765,4131960
1789154423,2,0,0.002,4131960
1789154423,6,0,0.006,4131960
1789154424,2,0,0.997,4131960
1789154424,3,0,0.014,4131960
1789154424,6,0,0.009,4131960
1789154424,1,0,0.003,4131960
1789154424,2,0,0.002,4131960
1789154425,5,0,0.561,4131960
1789154425,6,0,0.013,4131960
1789154425,6,0,0.003,4131960
1789154425,1,0,0.001,4131960
1789154430,5,0,4.999,4131960
1789154430,6,0,0.006,4131960
1789154430,5,0,0.376,4131960
1789154430,6,0,0.005,4131960
1789154430,4,0,0.261,4131960
1789154431,2,0,0.932,4131960
1789154431,0,0,0.004,4131960
1789154436,5,0,4.574,4131960
1789154436,4,0,0.479,4131960
1789154437,2,0,0.596,4131960
1789154437,4,0,0.322,4131960
1789154437,3,0,0.085,4131960
1789154438,5,0,0.701,4131960
1789154438,7,0,0.177,4131960
1789154438,3,0,0.007,4131960
1789154438,1,0,0.001,4131960
1789154439,4,0,0.538,4131960
1789154439,2,0,0.379,4131960
1789154439,6,0,0.007,4131960
1789154440,2,0,0.937,4131960
1789154440,3,0,0.069,4131960
1789154441,4,0,0.438,4131960
1789154446,7,0,5.771,4131960
1789154447,4,0,0.373,4131960
1789154447,6,0,0.004,4131960
1789154447,4,0,0.372,4131960
1789154447,1,0,0.001,4131960
1789154447,3,0,0.082,4131960
1789154447,2,0,0.004,4131960
1789154448,4,0,0.286,4131960
1789154448,4,0,0.513,4131960
1789154448,7,0,0.148,4131960
1789154450,5,0,1.224,4131960
1789154450,2,0,0.309,4131960
1789154450,6,1,0.003,4131960
1789154450,6,0,0.009,4131960
1789154450,6,0,0.006,4131960
1789154450,3,0,0.001,4131960
1789154451,2,0,0.681,4131960
1789154451,4,0,0.725,4131960
1789154451,0,0,0.003,4131960
1789154452,4,0,0.481,4131960
1789154452,0,0,0.007,4131960
1789154452,3,0,0.01,4131960
1789154452,7,0,0.309,4131960
1789154453,4,0,0.49,4131960
1789154453,3,0,0.046,4131960
1789154453,3,0,0.057,4131960
1789154453,0,0,0.004,4131960
1789154453,0,0,0.004,4131960
1789154453,3,0,0.085,4131960
1789154454,4,0,0.965,4131960
1789154454,4,0,0.437,4131960
1789154454,3,0,0.088,4131960
1789154455,4,0,0.312,4131960
1789154455,0,0,0.003,4131960
1789154455,3,0,0.021,4131960
1789154455,4,0,0.829,4131960
1789154456,4,0,0.802,4131960
1789154457,4,0,0.445,4131960
1789154457,3,0,0.005,4131960
1789154457,0,0,0.003,4131960
1789154457,3,0,0.026,4131960
1789154457,3,0,0.056,4131960
1789154457,4,0,0.442,4131960
1789154457,6,0,0.008,4131960
1789154458,5,0,1.004,4131960
1789154458,3,0,0.004,4131960
1789154459,4,0,0.682,4131960
1789154459,1,0,0.001,4131960
1789154463,5,0,3.657,4131960
1789154463,3,0,0.076,4131960
1789154463,4,0,0.359,4131960
1789154463,0,0,0.003,4131960
1789154463,0,0,0.006,4131960
1789154464,4,0,0.831,4131960
1789154464,4,0,0.364,4131960
1789154465,2,0,0.585,4131960
1789154469,5,0,4.56,4131960
1789154469,0,0,0.016,4131960
1789154469,1,0,0.001,4131960
1789154469,0,0,0.029,4131960
1789154470,4,0,0.651,4131960
1789154470,3,0,0.074,4131960
1789154470,3,0,0.105,4131960
1789154470,3,0,0.004,4131960
1789154470,0,0,0.003,4131960
1789154470,6,0,0.003,4131960
1789154471,2,0,0.731,4131960
1789154471,6,0,0.009,4131960
1789154472,4,0,1.192,4131960
1789154472,3,0,0.01,4131960
1789154472,3,0,0.014,4131960
1789154472,0,0,0.009,4131960
1789154472,3,0,0.023,4131960
1789154472,2,0,0.001,4131960
1789154477,5,0,4.474,4131960
1789154477,6,0,0.006,4131960
1789154477,6,0,0.008,4131960
1789154477,2,0,0.003,4131960
1789154477,0,0,0.006,4131960
1789154477,3,0,0.026,4131960
1789154477,3,0,0.005,4131960
1789154477,6,0,0.006,4131960
1789154477,6,0,0.005,4131960
1789154481,5,0,3.977,4131960
1789154481,2,0,0.307,4131960
1789154481,5,0,0.364,4131960
1789154481,0,0,0.008,4131960
1789154481,2,0,0.002,4131960
1789154482,4,0,0.492,4131960
1789154482,4,0,0.401,4131960
1789154482,3,0,0.044,4131960
1789154482,6,0,0.004,4131960
1789154482,6,0,0.007,4131960
1789154483,4,0,0.432,4131960
1789154484,4,0,1.481,4131960
1789154485,4,0,0.493,4131960
1789154485,3,0,0.053,4131960
1789154485,3,0,0.007,4131960
1789154485,6,0,0.007,4131960
1789154485,2,0,0.224,4131960
1789154485,0,0,0.007,4131960
1789154489,5,0,3.935,4131960
1789154493,5,0,3.831,4131960
1789154495,4,0,1.754,4131960
1789154495,4,0,0.814,4131960
1789154495,6,1,0.05,4131960
1789154495,3,0,0.043,4131960
1789154495,6,0,0.015,4131960
1789154496,3,0,0.049,4131960
1789154496,2,0,0.001,4131960
1789154496,2,0,0.323,4131960
1789154496,4,0,0.562,4131960
1789154496,0,0,0.005,4131960
1789154497,5,0,0.668,4131960
1789154497,3,0,0.01,4131960
1789154497,2,0,0.002,4131960
1789154497,6,0,0.007,4131960
1789154498,4,0,0.932,4131960
1789154498,0,0,0.005,4131960
1789154498,2,0,0.002,4131960
1789154498,5,0,0.1,4131960
1789154498,3,0,0.064,4131960
1789154498,2,0,0.002,4131960
1789154498,6,0,0.004,4131960
1789154499,2,0,0.926,4131960
1789154500,2,0,0.807,4131960
1789154500,6,0,0.004,4131960
1789154501,4,0,0.693,4131960
1789154501,2,0,0.002,4131960
1789154501,2,0,0.004,4131960
1789154501,1,0,0.002,4131960
1789154501,1,0,0.001,4131960
1789154501,4,0,0.378,4131960
1789154501,1,0,0.002,4131960
1789154501,6,0,0.005,4131960
1789154501,4,0,0.408,4131960
1789154501,1,0,0.001,4131960
1789154501,3,0,0.016,4131960
1789154501,0,0,0.011,4131960
1789154502,3,0,0.1,4131960
1789154502,3,0,0.009,4131960
1789154502,4,0,0.252,4131960
1789154502,3,0,0.013,4131960
1789154502,3,0,0.031,4131960
1789154502,3,0,0.004,4131960
1789154502,1,0,0.001,4131960
1789154502,3,0,0.066,4131960
1789154502,0,0,0.012,4131960
1789154502,5,0,0.502,4131960
1789154502,6,0,0.011,4131960
1789154503,4,0,0.749,4131960
1789154504,2,0,0.276,4131960
1789154504,3,0,0.038,4131960
1789154504,3,0,0.062,4131960
1789154504,4,0,0.414,4131960
1789154504,4,0,0.322,4131960
1789154504,3,0,0.032,4131960
1789154504,0,0,0.011,4131960
1789154504,0,0,0.006,4131960
1789154504,3,0,0.008,4131960
1789154504,0,0,0.01,4131960
1789154504,6,0,0.015,4131960
1789154504,6,0,0.006,4131960
1789154504,3,0,0.056,4131960
1789154505,5,0,0.117,4131960
1789154505,4,0,0.511,4131960
1789154505,2,0,0.001,4131960
1789154505,3,0,0.014,4131960
1789154506,4,0,0.419,4131960
1789154506,0,0,0.013,4131960
1789154506,5,0,0.441,4131960
1789154506,2,0,0.001,4131960
1789154506,5,0,0.316,4131960
1789154506,6,0,0.007,4131960
1789154506,0,0,0.005,4131960
1789154507,4,0,0.61,4131960
1789154507,2,0,0.003,4131960
1789154507,6,0,0.019,4131960
1789154507,3,0,0.074,4131960
1789154507,6,0,0.007,4131960
1789154507,6,0,0.004,4131960
1789154507,3,0,0.067,4131960
1789154508,4,0,0.527,4131960
1789154508,3,0,0.122,4131960
1789154508,6,0,0.004,4131960
1789154508,4,0,0.283,4131960
1789154511,5,0,3.047,4131960
1789154511,3,0,0.034,4131960
1789154514,5,0,3.023,4131960
1789154514,0,0,0.005,4131960
1789154514,6,0,0.006,4131960
1789154518,7,0,4.259,4131960
1789154520,2,0,1.19,4131960
1789154520,3,0,0.007,4131960
1789154520,2,0,0,4131960
1789154520,6,0,0.007,4131960
1789154520,4,0,0.843,4131960
1789154521,3,0,0.052,4131960
1789154521,1,0,0.001,4131960
1789154521,0,0,0.017,4131960
1789154521,3,0,0.015,4131960
1789154521,2,0,0.896,4131960
1789154521,3,0,0.009,4131960
1789154521,3,0,0.002,4131960
1789154522,4,0,0.537,4131960
1789154522,2,0,0.003,4131960
1789154522,4,0,0.471,4131960
1789154522,0,0,0.007,4131960
1789154523,5,0,0.43,4131960
1789154523,3,0,0.032,4131960
1789154523,3,0,0.004,4131960
1789154523,2,0,0.325,4131960
1789154523,1,0,0.002,4131960
1789154523,0,0,0.011,4131960
1789154523,3,0,0.028,4131960
1789154523,6,0,0.005,4131960
1789154523,6,0,0.008,4131960
1789154523,0,0,0.006,4131960
1789154523,1,0,0.002,4131960
1789154524,5,0,0.368,4131960
1789154525,2,0,1.527,4131960
1789154525,0,0,0.009,4131960
1789154525,3,0,0.005,4131960
1789154526,2,0,0.8,4131960
1789154526,1,0,0.001,4131960
1789154527,4,0,0.817,4131960
1789154528,4,0,0.973,4131960
1789154528,4,0,0.64,4131960
1789154529,3,0,0.091,4131960
1789154529,6,0,0.033,4131960
1789154529,0,0,0.021,4131960
1789154529,3,0,0.03,4131960
1789154529,3,0,0.093,4131960
1789154530,5,0,0.888,4131960
1789154530,2,0,0.002,4131960
1789154530,3,0,0.011,4131960
1789154530,1,0,0.001,4131960
1789154530,1,0,0.002,4131960
1789154530,0,0,0.007,4131960
1789154530,3,0,0.007,4131960
1789154530,2,0,0.001,4131960
1789154532,4,0,2.404,4131960
1789154532,0,0,0.01,4131960
1789154533,2,0,1.259,4131960
1789154533,3,0,0.004,4131960
1789154534,4,0,0.756,4131960
1789154534,2,0,0.002,4131960
1789154535,4,0,0.968,4131960
1789154535,0,0,0.006,4131960
1789154535,6,0,0.009,4131960
1789154535,1,0,0.001,4131960
1789154536,2,0,0.466,4131960
1789154536,0,0,0.006,4131960
1789154536,1,0,0.001,4131960
1789154536,4,0,0.523,4131960
1789154537,2,0,0.501,4131960
1789154537,3,0,0.083,4131960
1789154537,6,0,0.006,4131960
1789154537,3,0,0.01,4131960
1789154537,2,0,0.001,4131960
1789154540,5,0,3.021,4131960
1789154540,4,0,0.482,4131960
1789154545,5,0,4.76,4131960
1789154545,1,0,0.003,4131960
1789154545,3,0,0.006,4131960
1789154546,4,0,0.689,4131960
1789154546,3,0,0.057,4131960
1789154546,2,0,0.002,4131960
1789154546,2,0,0.002,4131960
1789154546,4,0,0.437,4131960
1789154546,6,0,0.007,4131960
1789154546,1,0,0.001,4131960
1789154551,5,0,4.542,4131960
1789154551,4,0,0.333,4131960
1789154551,4,0,0.379,4131960
1789154552,4,0,0.751,4131960
1789154552,4,0,0.278,4131960
1789154557,7,0,4.102,4131960
1789154557,0,0,0.008,4131960
1789154557,3,0,0.034,4131960
1789154557,6,0,0.007,4131960
1789154557,4,0,0.523,4131960
1789154557,5,0,0.309,4131960
1789154557,3,0,0.039,4131960
1789154558,4,0,0.417,4131960
1789154558,6,0,0.008,4131960
1789154558,0,0,0.005,4131960
1789154558,5,0,0.196,4131960
1789154558,6,0,0.007,4131960
1789154559,7,0,0.82,4131960
1789154559,3,0,0.006,4131960
1789154559,2,0,0.004,4131960
1789154559,0,0,0.025,4131960
1789154559,6,0,0.006,4131960
1789154559,0,0,0.013,4131960
1789154559,3,0,0.14,4131960
1789154559,3,0,0.077,4131960
1789154559,1,0,0.002,4131960
1789154559,6,0,0.005,4131960
1789154559,3,0,0.003,4131960
1789154559,3,0,0.005,4131960
1789154559,6,0,0.004,4131960
1789154559,6,0,0.006,4131960
1789154559,0,0,0.011,4131960
1789154560,4,0,0.472,4131960
1789154560,4,0,0.336,4131960
1789154560,2,0,0.414,4131960
1789154560,2,0,0.001,4131960
1789154560,3,0,0.004,4131960
1789154561,7,0,0.449,4131960
1789154561,4,0,0.581,4131960
1789154562,4,0,0.634,4131960
1789154562,2,0,0.002,4131960
1789154562,3,0,0.094,4131960
1789154562,3,0,0.003,4131960
1789154563,4,0,0.326,4131960
1789154563,3,0,0.03,4131960
1789154563,4,0,0.236,4131960
1789154563,2,0,0.22,4131960
1789154564,2,0,0.725,4131960
1789154565,4,0,1.323,4131960
1789154565,0,0,0.008,4131960
1789154565,6,0,0.005,4131960
1789154565,3,0,0.004,4131960
1789154566,2,0,0.509,4131960
1789154566,3,0,0.049,4131960
1789154566,2,0,0.34,4131960
1789154566,2,0,0.294,4131960
1789154567,4,0,0.453,4131960
1789154567,3,0,0.002,4131960
1789154567,0,0,0.011,4131960
1789154567,4,0,0.403,4131960
1789154568,4,0,0.349,4131960
1789154568,4,0,0.441,4131960
1789154569,4,0,0.722,4131960
1789154569,0,0,0.004,4131960
1789154569,0,0,0.006,4131960
1789154569,4,0,0.496,4131960
1789154570,5,0,0.716,4131960
1789154570,6,0,0.006,4131960
1789154570,6,0,0.012,4131960
1789154571,5,0,1.004,4131960
1789154571,2,0,0.002,4131960
1789154571,0,0,0.008,4131960
1789154571,6,0,0.007,4131960
1789154571,3,0,0.065,4131960
1789154571,0,0,0.005,4131960
1789154571,0,0,0.013,4131960
1789154571,4,0,0.361,4131960
1789154571,0,0,0.007,4131960
1789154573,5,0,2.079,4131960
1789154573,0,0,0.009,4131960
1789154573,3,0,0.007,4131960
1789154573,0,0,0.009,4131960
1789154574,5,0,0.1,4131960
1789154574,1,0,0.001,4131960
1789154574,0,0,0.003,4131960
1789154574,3,0,0.04,4131960
1789154574,6,0,0.006,4131960
1789154574,5,0,0.126,4131960
1789154574,4,0,0.6,4131960
1789154575,4,0,0.936,4131960
1789154575,3,0,0.007,4131960
1789154575,3,0,0.032,4131960
1789154575,0,0,0.006,4131960
1789154576,4,0,0.88,4131960
1789154576,6,0,0.007,4131960
1789154577,4,0,0.351,4131960
1789154577,2,0,0.002,4131960
1789154577,3,0,0.007,4131960
1789154577,0,0,0.003,4131960
1789154577,3,0,0.082,4131960
1789154577,6,0,0.005,4131960
1789154577,3,0,0.05,4131960
1789154577,0,0,0.011,4131960
1789154577,0,0,0.004,4131960
1789154577,1,0,0.002,4131960
1789154580,5,0,3.667,4131960
1789154580,1,0,0.001,4131960
1789154580,0,0,0.006,4131960
1789154581,2,0,0.696,4131960
1789154581,1,0,0.002,4131960
1789154582,4,0,0.839,4131960
1789154582,2,0,0.002,4131960
1789154582,0,0,0.057,4131960
1789154582,0,0,0.009,4131960
1789154582,2,0,0.004,4131960
1789154583,2,0,0.757,4131960
1789154583,6,0,0.007,4131960
1789154583,6,0,0.005,4131960
1789154583,0,0,0.006,4131960
1789154583,0,0,0.01,4131960
1789154583,0,0,0.002,4131960
1789154583,0,0,0.003,4131960
1789154584,2,0,1.01,4131960
1789154584,2,0,0.004,4131960
1789154585,4,0,1.233,4131960
1789154586,2,0,0.648,4131960
1789154586,4,0,0.516,4131960
1789154586,6,0,0.008,4131960
1789154586,0,0,0.01,4131960
1789154587,2,0,0.528,4131960
1789154587,3,0,0.044,4131960
1789154587,7,0,0.17,4131960
1789154587,2,0,0.003,4131960
1789154588,4,0,0.578,4131960
1789154588,6,0,0.007,4131960
1789154588,3,0,0.067,4131960
1789154588,3,0,0.049,4131960
1789154588,7,0,0.152,4131960
1789154589,4,0,1.051,4131960
1789154589,6,0,0.004,4131960
1789154589,3,0,0.031,4131960
1789154589,3,0,0.009,4131960
1789154589,2,0,0.003,4131960
1789154589,2,0,0.003,4131960
1789154589,3,0,0.012,4131960
1789154589,5,0,0.193,4131960
1789154589,3,0,0.105,4131960
1789154590,4,0,0.696,4131960
1789154590,4,0,0.359,4131960
1789154590,3,0,0.11,4131960
1789154590,3,0,0.007,4131960
1789154590,6,0,0.01,4131960
1789154591,5,0,0.599,4131960
1789154591,0,0,0.01,4131960
1789154592,2,0,0.758,4131960
1789154592,3,0,0.022,4131960
1789154592,2,0,0.003,4131960
1789154592,3,0,0.075,4131960
1789154593,2,0,0.815,4131960
1789154593,0,0,0.013,4131960
1789154596,4,0,3.106,4131960
1789154596,5,0,0.19,4131960
1789154597,5,0,0.501,4131960
1789154597,3,0,0.038,4131960
1789154597,4,0,0.452,4131960
1789154600,5,0,2.925,4131960
1789154600,3,0,0.089,4131960
1789154600,2,0,0.002,4131960
1789154601,4,0,0.614,4131960
1789154601,0,0,0.007,4131960
1789154601,4,0,0.404,4131960
1789154601,3,0,0.006,4131960
1789154605,5,0,3.813,4131960
1789154605,6,0,0.008,4131960
1789154605,3,0,0.077,4131960
1789154605,3,0,0.082,4131960
1789154605,3,0,0.021,4131960
1789154606,4,0,0.518,4131960
1789154606,0,0,0.005,4131960
1789154606,4,0,0.706,4131960
1789154606,0,0,0.004,4131960
1789154607,4,0,0.477,4131960
1789154607,3,0,0.03,4131960
1789154607,4,0,0.388,4131960
1789154608,4,0,0.816,4131960
1789154608,2,0,0.342,4131960
1789154608,3,0,0.008,4131960
1789154608,6,0,0.005,4131960
1789154608,3,0,0.006,4131960
1789154608,3,0,0.005,4131960
1789154608,3,0,0.049,4131960
1789154609,4,0,0.387,4131960
1789154610,4,0,1.335,4131960
1789154610,3,0,0.013,4131960
1789154611,4,0,0.556,4131960
1789154611,0,0,0.003,4131960
1789154611,1,0,0.002,4131960
1789154611,2,0,0.003,4131960
1789154611,4,0,0.514,4131960
1789154611,3,0,0.07,4131960
1789154611,3,0,0.058,4131960
1789154613,4,0,1.174,4131960
1789154616,5,0,3.025,4131960
1789154616,4,0,0.222,4131960
1789154618,5,0,1.719,4131960
1789154618,4,0,0.705,4131960
1789154619,4,0,0.874,4131960
1789154619,3,0,0.053,4131960
1789154619,3,0,0.262,4131960
1789154620,4,0,0.388,4131960
1789154620,6,0,0.009,4131960
1789154621,4,0,0.949,4131960
1789154621,4,0,0.283,4131960
1789154622,4,0,0.475,4131960
1789154622,0,0,0.011,4131960
1789154622,5,0,0.101,4131960
1789154622,3,0,0.106,4131960
1789154622,3,0,0.036,4131960
1789154622,3,0,0.053,4131960
1789154622,4,0,0.278,4131960
1789154623,4,0,0.407,4131960
1789154623,6,0,0.005,4131960
1789154623,4,0,0.497,4131960
1789154623,6,0,0.008,4131960
1789154623,4,0,0.293,4131960
1789154623,0,0,0.009,4131960
1789154623,1,0,0.001,4131960
1789154624,3,0,0.174,4131960
1789154624,5,0,0.455,4131960
1789154624,2,0,0.489,4131960
1789154625,5,0,0.128,4131960
1789154625,3,0,0.107,4131960
1789154625,0,0,0.006,4131960
1789154625,3,0,0.098,4131960
1789154625,3,0,0.09,4131960
1789154625,1,0,0.001,4131960
1789154625,0,0,0.017,4131960
1789154626,4,0,1.008,4131960
1789154626,0,0,0.01,4131960
1789154628,4,0,1.838,4131960
1789154628,2,0,0.41,4131960
1789154628,6,0,0.02,4131960
1789154629,4,0,0.803,4131960
1789154629,2,0,0.342,4131960
1789154629,0,0,0.005,4131960
1789154630,5,0,0.831,4131960
1789154630,3,0,0.01,4131960
1789154631,2,0,0.369,4131960
1789154631,6,0,0.006,4131960
1789154631,5,0,0.744,4131960
1789154631,5,0,0.101,4131960
1789154631,6,0,0.005,4131960
1789154631,0,0,0.012,4131960
1789154631,3,0,0.064,4131960
1789154632,3,0,0.062,4131960
1789154632,5,0,0.099,4131960
1789154632,7,0,0.153,4131960
1789154632,1,0,0.001,4131960
1789154632,3,0,0.072,4131960
1789154632,6,0,0.009,4131960
1789154632,3,0,0.044,4131960
1789154632,2,0,0.002,4131960
1789154632,2,0,0.003,4131960
1789154632,4,0,0.448,4131960
1789154633,4,0,1.078,4131960
1789154633,3,0,0.041,4131960
1789154636,5,0,2.092,4131960
1789154636,4,0,0.501,4131960
1789154636,4,0,0.306,4131960
1789154636,2,0,0.004,4131960
1789154636,0,0,0.005,4131960
1789154637,4,0,0.528,4131960
1789154637,4,0,0.458,4131960
1789154637,0,0,0.017,4131960
1789154639,4,0,1.179,4131960
1789154639,3,0,0.01,4131960
1789154639,2,0,0.002,4131960
1789154639,3,0,0.094,4131960
1789154640,2,0,1.101,4131960
1789154640,1,0,0.001,4131960
1789154640,6,0,0.018,4131960
1789154641,4,0,0.808,4131960
1789154641,3,0,0.124,4131960
1789154641,5,0,0.329,4131960
1789154641,0,0,0.003,4131960
1789154641,2,0,0.002,4131960
1789154642,4,0,1.203,4131960
1789154643,4,0,0.291,4131960
1789154643,4,0,0.625,4131960
1789154644,4,0,1.062,4131960
1789154644,1,0,0.002,4131960
1789154644,5,0,0.164,4131960
1789154644,6,0,0.023,4131960
1789154644,6,0,0.006,4131960
1789154645,3,0,0.07,4131960
1789154645,3,0,0.052,4131960
1789154645,4,0,0.591,4131960
1789154646,4,0,0.752,4131960
1789154646,2,0,0.344,4131960
1789154647,4,0,0.826,4131960
1789154647,3,0,0.015,4131960
1789154647,6,0,0.01,4131960
1789154647,0,0,0.003,4131960
1789154647,6,0,0.008,4131960
1789154648,4,0,0.806,4131960
1789154648,3,0,0.065,4131960
1789154648,5,0,0.124,4131960
1789154648,0,0,0.004,4131960
1789154648,3,0,0.091,4131960
1789154649,4,0,0.408,4131960
1789154649,3,0,0.003,4131960
1789154649,0,0,0.004,4131960
1789154649,2,0,0.598,4131960
1789154650,4,0,0.51,4131960
1789154650,0,0,0.005,4131960
1789154650,3,0,0.01,4131960
1789154650,6,0,0.005,4131960
1789154650,6,0,0.005,4131960
1789154650,3,0,0.006,4131960
1789154650,3,0,0.011,4131960
1789154650,0,0,0.004,4131960
1789154650,0,0,0.014,4131960
1789154651,5,0,0.803,4131960
1789154651,4,0,0.589,4131960
1789154651,0,0,0.004,4131960
1789154651,0,0,0.003,4131960
1789154651,0,0,0.003,4131960
1789154651,6,0,0.006,4131960
1789154651,0,0,0.004,4131960
1789154651,4,0,0.28,4131960
1789154652,5,0,0.164,4131960
1789154652,0,0,0.005,4131960
1789154652,2,0,0.003,4131960
1789154655,5,0,2.932,4131960
1789154655,4,0,0.661,4131960
1789154657,4,0,1.577,4131960
1789154658,4,0,0.736,4131960
1789154659,2,0,1.775,4131960
1789154660,2,0,0.542,4131960
1789154660,1,0,0.001,4131960
1789154660,3,0,0.014,4131960
1789154665,5,0,5.154,4131960
1789154665,0,0,0.017,4131960
1789154666,4,0,0.982,4131960
1789154667,4,0,0.569,4131960
1789154670,5,0,3.128,4131960
1789154670,2,0,0.364,4131960
1789154670,3,0,0.033,4131960
1789154670,1,0,0.002,4131960
1789154671,4,0,1.085,4131960
1789154671,6,0,0.005,4131960
1789154671,0,0,0.004,4131960
1789154671,6,0,0.008,4131960
1789154672,4,0,0.39,4131960
1789154672,3,0,0.003,4131960
1789154672,0,0,0.008,4131960
1789154672,2,0,0.001,4131960
1789154675,5,0,3.704,4131960
1789154676,5,0,0.176,4131960
1789154676,5,0,0.245,4131960
1789154676,0,0,0.016,4131960
1789154676,3,0,0.01,4131960
1789154676,3,0,0.115,4131960
1789154676,5,0,0.116,4131960
1789154676,0,0,0.005,4131960
1789154676,0,0,0.008,4131960
1789154677,4,0,0.692,4131960
1789154677,0,0,0.01,4131960
1789154677,6,0,0.012,4131960
1789154677,4,0,0.486,4131960
1789154678,2,0,0.457,4131960
1789154678,0,0,0.005,4131960
1789154678,2,0,0.563,4131960
1789154678,6,0,0.005,4131960
1789154679,4,0,0.22,4131960
1789154679,1,0,0.002,4131960
1789154679,6,0,0.006,4131960
1789154679,0,0,0.008,4131960
1789154679,0,0,0.005,4131960
1789154679,2,0,0.721,4131960
1789154679,0,0,0.008,4131960
1789154679,2,0,0.001,4131960
1789154679,3,0,0.109,4131960
1789154680,4,0,0.586,4131960
1789154680,1,0,0.001,4131960
1789154680,1,0,0.001,4131960
1789154681,4,0,0.673,4131960
1789154681,3,0,0.011,4131960
1789154681,7,0,0.199,4131960
1789154681,1,0,0.001,4131960
1789154682,2,0,0.67,4131960
1789154682,4,0,0.612,4131960
1789154683,4,0,0.437,4131960
1789154683,3,0,0.04,4131960
1789154683,5,0,0.12,4131960
1789154684,4,0,0.963,4131960
1789154684,5,0,0.364,4131960
1789154685,4,0,0.94,4131960
1789154685,4,0,0.336,4131960
1789154685,6,0,0.007,4131960
1789154685,6,0,0.007,4131960
1789154686,2,0,0.654,4131960
1789154687,7,0,0.519,4131960
1789154687,2,0,0.468,4131960
1789154687,5,0,0.108,4131960
1789154688,4,0,0.469,4131960
1789154688,6,0,0.006,4131960
1789154688,2,0,0.004,4131960
1789154689,4,0,1.149,4131960
1789154689,4,0,0.35,4131960
1789154689,2,0,0.245,4131960
1789154689,6,0,0.028,4131960
1789154689,0,0,0.007,4131960
1789154689,0,0,0.01,4131960
1789154689,6,0,0.027,4131960
1789154689,2,0,0.004,4131960
1789154689,3,0,0.029,4131960
1789154689,0,0,0.021,4131960
1789154690,3,0,0.085,4131960
1789154690,2,0,0.001,4131960
1789154690,2,0,0.001,4131960
1789154690,4,0,0.483,4131960
1789154690,4,0,0.416,4131960
1789154690,3,0,0.047,4131960
1789154690,2,0,0.002,4131960
1789154690,2,0,0,4131960
1789154690,0,0,0.011,4131960
1789154690,0,0,0.003,4131960
1789154691,3,0,0.036,4131960
1789154691,4,0,0.554,4131960
1789154691,1,0,0.002,4131960
1789154692,4,0,0.88,4131960
1789154692,3,0,0.192,4131960
1789154692,3,0,0.016,4131960
1789154692,1,0,0.001,4131960
1789154693,4,0,0.612,4131960
1789154693,5,0,0.601,4131960
1789154693,3,0,0.03,4131960
1789154694,2,0,0.506,4131960
1789154694,3,0,0.042,4131960
1789154694,1,0,0.001,4131960
1789154695,4,0,0.754,4131960
1789154695,4,0,0.342,4131960
1789154695,3,0,0.047,4131960
1789154695,3,0,0.005,4131960
1789154698,5,0,3.322,4131960
1789154699,4,0,0.914,4131960
1789154700,3,0,0.233,4131960
1789154700,0,0,0.009,4131960
1789154700,1,0,0.001,4131960
1789154700,3,0,0.103,4131960
1789154700,5,0,0.167,4131960
1789154700,3,0,0.101,4131960
1789154700,0,0,0.009,4131960
1789154700,3,0,0.081,4131960
1789154701,4,0,0.737,4131960
1789154701,4,0,0.503,4131960
1789154701,6,0,0.012,4131960
1789154701,3,0,0.058,4131960
1789154703,4,0,1.993,4131960
1789154703,3,0,0.079,4131960
1789154703,2,0,0.001,4131960
1789154703,1,0,0.002,4131960
1789154703,3,0,0.005,4131960
1789154703,3,0,0.012,4131960
1789154704,2,0,0.599,4131960
1789154704,6,0,0.025,4131960
1789154708,5,0,3.561,4131960
1789154710,5,0,2.423,4131960
1789154710,4,0,0.397,4131960
1789154710,0,0,0.004,4131960
1789154710,0,0,0.013,4131960
1789154710,0,0,0.008,4131960
1789154710,2,0,0.002,4131960
1789154711,5,0,0.606,4131960
1789154711,4,0,0.402,4131960
1789154712,3,0,0.112,4131960
1789154712,6,0,0.006,4131960
1789154713,2,0,0.951,4131960
1789154713,5,0,0.898,4131960
1789154713,6,0,0.006,4131960
1789154714,4,0,0.924,4131960
1789154715,4,0,0.433,4131960
1789154716,2,0,0.986,4131960
1789154716,3,0,0.061,4131960
1789154717,4,0,0.792,4131960
1789154717,3,0,0.057,4131960
1789154717,6,0,0.004,4131960
1789154717,2,0,0.002,4131960
1789154717,0,0,0.012,4131960
1789154717,4,0,0.368,4131960
1789154717,2,0,0.001,4131960
1789154717,6,0,0.006,4131960
1789154718,4,0,0.415,4131960
1789154718,4,0,0.336,4131960
1789154718,2,0,0.557,4131960
1789154718,6,0,0.007,4131960
1789154718,0,0,0.005,4131960
1789154718,6,0,0.005,4131960
1789154719,3,0,0.121,4131960
1789154719,0,0,0.004,4131960
1789154719,3,0,0.051,4131960
1789154719,1,0,0.002,4131960
1789154719,4,0,0.641,4131960
1789154719,3,0,0.047,4131960
1789154719,0,0,0.003,4131960
1789154719,2,0,0.001,4131960
1789154719,3,0,0.034,4131960
1789154719,2,0,0.001,4131960
1789154719,6,0,0.007,4131960
1789154720,4,0,0.687,4131960
1789154720,6,0,0.005,4131960
1789154720,0,0,0.006,4131960
1789154720,1,0,0.002,4131960
1789154720,1,0,0,4131960
1789154720,1,0,0,4131960
1789154721,4,0,0.521,4131960
1789154721,4,0,0.614,4131960
1789154721,1,0,0.001,4131960
1789154722,4,0,0.713,4131960
1789154722,0,0,0.003,4131960
1789154722,2,0,0.396,4131960
1789154722,6,0,0.008,4131960
1789154722,3,0,0.012,4131960
1789154722,0,0,0.006,4131960
1789154722,0,0,0.008,4131960
1789154722,5,0,0.12,4131960
1789154723,3,0,0.076,4131960
1789154723,2,0,0.002,4131960
1789154723,6,0,0.005,4131960
1789154723,0,0,0.01,4131960
1789154723,3,0,0.005,4131960
1789154723,3,0,0.037,4131960
1789154723,4,0,0.8,4131960
1789154723,0,0,0.005,4131960
1789154724,5,0,0.704,4131960
1789154724,2,0,0.002,4131960
1789154725,4,0,0.919,4131960
1789154725,3,0,0.004,4131960
1789154725,2,0,0,4131960
1789154727,4,0,2.196,4131960
1789154727,3,0,0.009,4131960
1789154727,5,0,0.135,4131960
1789154727,6,0,0.012,4131960
1789154727,1,0,0.002,4131960
1789154727,3,0,0.05,4131960
1789154727,0,0,0.003,4131960
1789154728,4,0,0.52,4131960
1789154728,0,0,0.003,4131960
1789154728,6,0,0.005,4131960
1789154728,6,0,0.005,4131960
1789154728,2,0,0.005,4131960
1789154728,5,0,0.163,4131960
1789154729,4,0,0.491,4131960
1789154729,3,0,0.006,4131960
1789154729,6,0,0.006,4131960
1789154729,2,0,0.001,4131960
1789154729,6,0,0.005,4131960
1789154729,2,0,0.31,4131960
1789154730,4,0,0.842,4131960
1789154732,4,0,1.808,4131960
1789154732,4,0,0.495,4131960
1789154733,4,0,0.469,4131960
1789154733,3,0,0.092,4131960
1789154734,2,0,0.863,4131960
1789154734,4,0,0.265,4131960
1789154734,6,0,0.007,4131960
1789154734,3,0,0.14,4131960
1789154734,7,0,0.492,4131960
1789154734,0,0,0.009,4131960
1789154734,0,0,0.004,4131960
1789154734,0,0,0.007,4131960
1789154735,4,0,0.835,4131960
1789154735,0,0,0.006,4131960
1789154735,3,0,0.058,4131960
1789154735,2,0,0.003,4131960
1789154735,6,0,0.006,4131960
1789154736,2,0,0.849,4131960
1789154736,5,0,0.142,4131960
1789154736,3,0,0.011,4131960
1789154736,6,0,0.007,4131960
1789154736,3,0,0.087,4131960
1789154737,4,0,0.532,4131960
1789154737,4,0,0.45,4131960
1789154737,1,0,0.001,4131960
1789154737,3,0,0.055,4131960
1789154738,6,0,0.01,4131960
1789154738,4,0,0.31,4131960
1789154738,3,0,0.079,4131960
1789154738,2,0,0.002,4131960
1789154743,5,0,5.094,4131960
1789154743,3,0,0.062,4131960
1789154744,2,0,0.472,4131960
1789154744,3,0,0.104,4131960
1789154744,6,0,0.004,4131960
1789154745,4,0,1.118,4131960
1789154745,3,0,0.006,4131960
1789154745,6,0,0.005,4131960
1789154745,6,0,0.009,4131960
1789154745,2,0,0.002,4131960
1789154745,2,0,0.65,4131960
1789154745,1,0,0.001,4131960
1789154745,2,0,0.002,4131960
1789154745,6,0,0.006,4131960
1789154745,3,0,0.006,4131960
1789154746,4,0,0.439,4131960
1789154746,4,0,0.58,4131960
1789154747,5,0,0.391,4131960
1789154747,3,0,0.002,4131960
1789154747,5,0,0.097,4131960
1789154747,6,0,0.006,4131960
1789154748,2,0,0.596,4131960
1789154748,3,0,0.021,4131960
1789154748,3,0,0.033,4131960
1789154748,0,0,0.009,4131960
1789154751,5,0,3.075,4131960
1789154751,6,0,0.011,4131960
1789154751,6,0,0.011,4131960
1789154751,4,0,0.694,4131960
1789154756,5,0,4.482,4131960
1789154756,0,0,0.011,4131960
1789154756,4,0,0.284,4131960
1789154759,5,0,3.196,4131960
1789154759,0,0,0.012,4131960
1789154759,0,0,0.008,4131960
1789154759,3,0,0.05,4131960
1789154760,2,0,0.264,4131960
1789154760,0,0,0.008,4131960
1789154760,0,0,0.012,4131960
1789154760,0,0,0.003,4131960
1789154760,6,0,0.009,4131960
1789154760,3,0,0.057,4131960
1789154760,0,0,0.005,4131960
1789154760,1,0,0.002,4131960
1789154760,0,0,0.017,4131960
1789154760,0,0,0.006,4131960
1789154760,4,0,0.625,4131960
1789154761,4,0,0.208,4131960
1789154761,5,0,0.599,4131960
1789154762,4,0,0.297,4131960
1789154762,6,0,0.007,4131960
1789154762,4,0,0.153,4131960
1789154762,1,0,0.002,4131960
1789154762,7,0,0.224,4131960
1789154762,3,0,0.026,4131960
1789154762,3,0,0.019,4131960
1789154762,0,0,0.046,4131960
1789154762,0,0,0.003,4131960
1789154762,2,0,0.002,4131960
1789154763,4,0,0.76,4131960
1789154763,0,0,0.01,4131960
1789154763,3,0,0.005,4131960
1789154764,2,0,0.998,4131960
1789154764,3,0,0.033,4131960
1789154764,5,0,0.114,4131960
1789154765,2,0,0.91,4131960
1789154765,1,0,0.001,4131960
1789154766,5,0,0.724,4131960
1789154766,2,0,0.027,4131960
1789154767,2,0,1.236,4131960
1789154767,0,0,0.005,4131960
1789154767,3,0,0.024,4131960
1789154767,4,0,0.25,4131960
1789154772,7,0,4.509,4131960
1789154772,3,0,0.072,4131960
1789154772,6,0,0.01,4131960
1789154772,6,0,0.005,4131960
1789154772,7,0,0.39,4131960
1789154772,6,0,0.007,4131960
1789154773,4,0,0.605,4131960
1789154777,7,0,4.114,4131960
1789154777,2,0,0.47,4131960
1789154777,2,0,0.005,4131960
1789154778,4,0,0.492,4131960
1789154778,2,0,0.003,4131960
1789154778,4,0,0.14,4131960
1789154778,6,0,0.01,4131960
1789154778,2,0,0.003,4131960
1789154778,6,0,0.005,4131960
1789154778,2,0,0.003,4131960
1789154779,4,0,0.638,4131960
1789154779,4,0,0.277,4131960
1789154779,4,0,0.387,4131960
1789154779,3,0,0.105,4131960
1789154779,6,0,0.005,4131960
1789154779,3,0,0.049,4131960
1789154779,6,0,0.006,4131960
1789154779,1,0,0.001,4131960
1789154779,0,0,0.004,4131960
1789154779,0,0,0.003,4131960
1789154779,0,0,0.003,4131960
1789154779,6,0,0.008,4131960
1789154779,2,0,0.002,4131960
1789154780,2,0,0.478,4131960
1789154780,4,0,0.319,4131960
1789154781,2,0,0.993,4131960
1789154781,3,0,0.002,4131960
1789154781,3,0,0.003,4131960
1789154782,4,0,0.706,4131960
1789154782,1,0,0.001,4131960
1789154786,7,0,4.194,4131960
1789154787,4,0,0.465,4131960
1789154787,3,0,0.045,4131960
1789154787,2,0,0.457,4131960
1789154787,3,0,0.013,4131960
1789154788,4,0,0.61,4131960
1789154788,2,0,0.376,4131960
1789154788,0,0,0.005,4131960
1789154788,3,0,0.061,4131960
1789154788,4,0,0.219,4131960
1789154789,2,0,0.997,4131960
1789154790,5,0,0.533,4131960
1789154790,2,0,0.004,4131960
1789154790,3,0,0.108,4131960
1789154790,0,0,0.003,4131960
1789154791,2,0,0.542,4131960
1789154791,4,0,0.873,4131960
1789154792,6,0,0.017,4131960
1789154792,4,0,0.472,4131960
1789154793,5,0,0.605,4131960
1789154793,3,0,0.084,4131960
1789154793,0,0,0.005,4131960
1789154793,4,0,0.739,4131960
1789154796,2,0,2.096,4131960
1789154796,4,0,0.214,4131960
1789154796,3,0,0.035,4131960
1789154796,1,0,0.002,4131960
1789154796,3,0,0.036,4131960
1789154796,5,0,0.516,4131960
1789154796,3,0,0.044,4131960
1789154796,2,0,0.002,4131960
1789154796,3,0,0.002,4131960
1789154797,5,0,0.724,4131960
1789154797,3,0,0.013,4131960
1789154797,0,0,0.008,4131960
1789154797,6,0,0.005,4131960
1789154798,4,0,1.163,4131960
1789154798,6,0,0.008,4131960
1789154798,0,0,0.003,4131960
1789154798,0,0,0.004,4131960
1789154798,0,0,0.003,4131960
1789154798,3,0,0.006,4131960
1789154798,5,0,0.111,4131960
1789154801,5,0,2.715,4131960
1789154801,4,0,0.333,4131960
1789154801,0,0,0.002,4131960
1789154802,7,0,0.192,4131960
1789154802,2,0,0.004,4131960
1789154803,5,0,1.034,4131960
1789154804,2,0,0.832,4131960
1789154804,3,0,0.067,4131960
1789154804,0,0,0.009,4131960
1789154804,6,0,0.007,4131960
1789154804,0,0,0.007,4131960
1789154804,0,0,0.004,4131960
1789154804,6,0,0.006,4131960
1789154804,2,0,0.405,4131960
1789154804,3,0,0.026,4131960
1789154805,4,0,0.577,4131960
1789154809,5,0,4.6,4131960
1789154809,3,0,0.009,4131960
1789154809,1,0,0.001,4131960
1789154809,2,0,0.003,4131960
1789154809,3,0,0.082,4131960
1789154809,0,0,0.006,4131960
1789154809,0,0,0.013,4131960
1789154810,4,0,0.674,4131960
1789154810,4,0,0.317,4131960
1789154810,2,0,0.002,4131960
1789154810,3,0,0.07,4131960
1789154811,7,0,0.689,4131960
1789154811,6,0,0.007,4131960
1789154811,3,0,0.022,4131960
1789154812,4,0,1.337,4131960
1789154812,0,0,0.005,4131960
1789154813,4,0,0.531,4131960
1789154813,5,0,0.172,4131960
1789154813,2,0,0.006,4131960
1789154813,1,0,0.001,4131960
1789154813,0,0,0.003,4131960
1789154813,3,0,0.059,4131960
1789154813,0,0,0.008,4131960
1789154818,5,0,5.176,4131960
1789154818,6,0,0.007,4131960
1789154818,6,0,0.007,4131960
1789154819,4,0,0.763,4131960
1789154820,4,0,0.972,4131960
1789154820,6,0,0.005,4131960
1789154820,2,0,0.001,4131960
1789154820,0,0,0.006,4131960
1789154820,3,0,0.058,4131960
1789154820,3,0,0.014,4131960
1789154821,7,0,0.419,4131960
1789154821,1,0,0.001,4131960
1789154822,4,0,1.256,4131960
1789154827,5,0,5.353,4131960
1789154828,7,0,0.453,4131960
1789154828,4,0,0.571,4131960
1789154829,2,0,0.348,4131960
1789154829,6,0,0.006,4131960
1789154829,4,0,0.224,4131960
1789154829,0,0,0.003,4131960
1789154829,7,0,0.15,4131960
1789154829,0,0,0.003,4131960
1789154829,0,0,0.006,4131960
1789154829,0,0,0.002,4131960
1789154829,1,0,0.001,4131960
1789154830,2,0,1.064,4131960
1789154831,4,0,0.625,4131960
1789154831,7,0,0.141,4131960
1789154831,5,0,0.116,4131960
1789154835,5,0,3.589,4131960
1789154835,3,0,0.049,4131960
1789154837,4,0,2.624,4131960
1789154837,0,0,0.005,4131960
1789154838,4,0,0.526,4131960
1789154838,2,0,0.002,4131960
1789154838,3,0,0.006,4131960
1789154841,5,0,3.45,4131960
1789154841,3,0,0.004,4131960
1789154842,5,0,0.474,4131960
1789154842,1,0,0.001,4131960
1789154843,2,0,1.252,4131960
1789154843,3,0,0.049,4131960
1789154844,4,0,0.552,4131960
1789154844,0,0,0.008,4131960
1789154844,4,0,0.395,4131960
1789154844,2,0,0.346,4131960
1789154844,3,0,0.014,4131960
1789154844,2,0,0.014,4131960
1789154845,4,0,0.274,4131960
1789154845,3,0,0.015,4131960
1789154845,4,0,0.492,4131960
1789154845,5,0,0.156,4131960
1789154845,3,0,0.06,4131960
1789154845,0,0,0.006,4131960
1789154845,6,0,0.006,4131960
1789154845,1,0,0.002,4131960
1789154845,3,0,0.107,4131960
1789154845,0,0,0.022,4131960
1789154846,0,0,0.022,4131960
1789154846,5,0,0.171,4131960
1789154846,4,0,0.262,4131960
1789154846,6,0,0.003,4131960
1789154846,6,0,0.012,4131960
1789154847,4,0,0.812,4131960
1789154847,3,0,0.112,4131960
1789154847,6,0,0.005,4131960
1789154847,3,0,0.032,4131960
1789154847,7,0,0.299,4131960
1789154847,2,0,0.237,4131960
1789154851,5,0,3.223,4131960
1789154851,6,0,0.005,4131960
1789154851,3,0,0.006,4131960
1789154851,6,0,0.006,4131960
1789154851,4,0,0.184,4131960
1789154851,3,0,0.007,4131960
1789154854,5,0,3.426,4131960
1789154855,4,0,0.388,4131960
1789154855,3,0,0.003,4131960
1789154855,3,0,0.008,4131960
1789154855,0,0,0.008,4131960
1789154856,4,0,1.662,4131960
1789154858,2,0,1.722,4131960
1789154862,5,0,4.138,4131960
1789154862,1,0,0.001,4131960
1789154863,5,0,0.365,4131960
1789154863,0,0,0.01,4131960
1789154863,3,0,0.021,4131960
1789154864,4,0,1.074,4131960
1789154865,4,0,0.826,4131960
1789154865,1,0,0.001,4131960
1789154865,2,0,0.505,4131960
1789154866,5,0,0.833,4131960
1789154866,4,0,0.456,4131960
1789154867,4,0,0.749,4131960
1789154868,4,0,0.495,4131960
1789154868,1,0,0.001,4131960
1789154868,0,0,0.006,4131960
1789154868,4,0,0.411,4131960
1789154868,3,0,0.087,4131960
1789154868,0,0,0.027,4131960
1789154868,1,0,0.001,4131960
1789154868,3,0,0.071,4131960
1789154869,5,0,0.402,4131960
1789154869,3,0,0.049,4131960
1789154869,3,0,0.047,4131960
1789154869,3,0,0.026,4131960
1789154869,0,0,0.011,4131960
1789154869,3,0,0.001,4131960
1789154870,4,0,0.786,4131960
1789154870,6,0,0.008,4131960
1789154873,5,0,3.173,4131960
1789154873,0,0,0.01,4131960
1789154873,6,0,0.01,4131960
1789154873,4,0,0.487,4131960
1789154874,2,0,0.363,4131960
1789154874,0,0,0.023,4131960
1789154874,3,0,0.003,4131960
1789154874,0,0,0.003,4131960
1789154874,5,0,0.54,4131960
1789154876,4,0,1.524,4131960
1789154876,0,0,0.01,4131960
1789154876,4,0,0.355,4131960
1789154876,6,0,0.007,4131960
1789154876,2,0,0.001,4131960
1789154876,0,0,0.011,4131960
1789154876,3,0,0.052,4131960
1789154876,2,0,0.003,4131960
1789154876,2,0,0.001,4131960
1789154876,2,0,0.002,4131960
1789154876,3,0,0.051,4131960
1789154876,6,0,0.01,4131960
1789154876,0,0,0.004,4131960
1789154876,6,0,0.008,4131960
1789154876,6,0,0.003,4131960
1789154876,0,0,0.01,4131960
1789154876,2,0,0.002,4131960
1789154876,1,0,0.001,4131960
1789154876,2,0,0.001,4131960
1789154876,3,0,0.115,4131960
1789154879,5,0,3.03,4131960
1789154879,0,0,0.005,4131960
1789154879,1,0,0.001,4131960
1789154879,2,0,0.001,4131960
1789154879,2,0,0.002,4131960
1789154880,7,0,0.181,4131960
1789154880,7,0,0.38,4131960
1789154880,2,0,0.002,4131960
1789154880,0,0,0.014,4131960
1789154880,6,0,0.009,4131960
1789154880,6,0,0.008,4131960
1789154880,4,0,0.411,4131960
1789154880,1,0,0.001,4131960
1789154880,0,0,0.003,4131960
1789154881,4,0,0.641,4131960
1789154881,5,0,0.464,4131960
1789154882,3,0,0.081,4131960
1789154882,0,0,0.003,4131960
1789154882,3,0,0.092,4131960
1789154882,5,0,0.187,4131960
1789154882,4,0,0.347,4131960
1789154882,2,0,0.001,4131960
1789154882,0,0,0.005,4131960
1789154883,4,0,0.526,4131960
1789154883,4,0,0.181,4131960
1789154884,4,0,1.115,4131960
1789154884,0,0,0.01,4131960
1789154884,3,0,0.005,4131960
1789154884,2,0,0.318,4131960
1789154885,4,0,0.544,4131960
1789154889,7,0,4.427,4131960
1789154889,6,0,0.004,4131960
1789154889,3,0,0.007,4131960
1789154889,3,0,0.032,4131960
1789154889,0,0,0.007,4131960
1789154890,4,0,0.504,4131960
1789154890,5,0,0.391,4131960
1789154890,3,0,0.006,4131960
1789154890,1,0,0.001,4131960
1789154890,1,0,0.001,4131960
1789154891,4,0,0.694,4131960
1789154892,2,0,0.627,4131960
1789154892,2,0,0.001,4131960
1789154892,3,0,0.057,4131960
1789154892,0,0,0.007,4131960
1789154892,1,0,0.001,4131960
1789154892,3,0,0.09,4131960
1789154892,3,0,0.106,4131960
1789154892,6,0,0.012,4131960
1789154892,0,0,0.004,4131960
1789154892,0,0,0.005,4131960
1789154892,7,0,0.159,4131960
1789154892,2,0,0.402,4131960
1789154892,6,0,0.006,4131960
1789154892,3,0,0.012,4131960
1789154893,2,0,0.655,4131960
1789154894,4,0,0.396,4131960
1789154894,0,0,0.011,4131960
1789154898,7,0,4.125,4131960
1789154898,4,0,0.435,4131960
1789154898,6,0,0.005,4131960
1789154898,0,0,0.004,4131960
1789154899,4,0,0.821,4131960
1789154904,5,0,4.786,4131960
1789154904,0,0,0.005,4131960
1789154904,0,0,0.003,4131960
1789154904,2,0,0.002,4131960
1789154904,2,0,0.491,4131960
1789154904,3,0,0.066,4131960
1789154904,0,0,0.005,4131960
1789154904,2,0,0.002,4131960
1789154904,3,0,0.004,4131960
1789154904,3,0,0.008,4131960
1789154905,4,0,0.728,4131960
1789154906,4,0,0.549,4131960
1789154906,2,0,0.001,4131960
1789154906,3,0,0.069,4131960
1789154906,3,0,0.035,4131960
1789154906,7,0,0.188,4131960
1789154906,0,0,0.014,4131960
1789154907,2,0,1.251,4131960
1789154907,0,0,0.004,4131960
1789154908,2,0,0.756,4131960
1789154908,3,0,0.006,4131960
1789154908,6,0,0.005,4131960
1789154908,4,0,0.459,4131960
1789154908,3,0,0.01,4131960
1789154908,3,0,0.047,4131960
1789154910,4,0,1.903,4131960
1789154910,0,0,0.007,4131960
1789154910,0,0,0.011,4131960
1789154915,5,0,4.227,4131960
1789154915,0,0,0.003,4131960
1789154915,4,0,0.6,4131960
1789154915,6,0,0.005,4131960
1789154915,1,0,0.002,4131960
1789154920,5,0,5.296,4131960
1789154920,3,0,0.007,4131960
1789154921,5,0,0.725,4131960
1789154922,5,0,0.873,4131960
1789154922,2,0,0.28,4131960
1789154923,2,0,0.414,4131960
1789154923,6,0,0.005,4131960
1789154923,6,0,0.008,4131960
1789154924,2,0,0.968,4131960
1789154925,4,0,0.865,4131960
1789154925,0,0,0.011,4131960
1789154925,4,0,0.372,4131960
1789154926,4,0,0.813,4131960
1789154926,3,0,0.067,4131960
1789154926,3,0,0.057,4131960
1789154926,5,0,0.16,4131960
1789154928,2,0,1.433,4131960
1789154928,0,0,0.005,4131960
1789154928,3,0,0.073,4131960
1789154928,0,0,0.004,4131960
1789154928,6,0,0.006,4131960
1789154928,3,0,0.021,4131960
1789154928,2,0,0.516,4131960
1789154928,3,0,0.031,4131960
1789154928,3,0,0.076,4131960
1789154928,3,0,0.134,4131960
1789154928,3,0,0.005,4131960
1789154928,6,0,0.008,4131960
1789154928,3,0,0.011,4131960
1789154929,2,0,0.897,4131960
1789154930,2,0,0.654,4131960
1789154930,0,0,0.003,4131960
1789154930,1,0,0.001,4131960
1789154930,4,0,0.533,4131960
1789154931,3,0,0.014,4131960
1789154931,4,0,0.511,4131960
1789154931,5,0,0.124,4131960
1789154932,4,0,0.469,4131960
1789154932,3,0,0.103,4131960
1789154932,0,0,0.009,4131960
1789154932,7,0,0.614,4131960
1789154933,4,0,0.278,4131960
1789154933,5,0,0.586,4131960
1789154934,5,0,0.63,4131960
1789154934,3,0,0.008,4131960
1789154934,3,0,0.111,4131960
1789154934,2,0,0.003,4131960
1789154934,0,0,0.009,4131960
1789154934,4,0,0.469,4131960
1789154935,4,0,0.477,4131960
1789154939,7,0,3.933,4131960
1789154939,2,0,0.426,4131960
1789154939,6,0,0.008,4131960
1789154943,5,0,4.137,4131960
1789154944,2,0,0.711,4131960
1789154944,4,0,0.188,4131960
1789154945,4,0,0.453,4131960
1789154945,3,0,0.058,4131960
1789154945,3,0,0.098,4131960
1789154945,2,0,0.002,4131960
1789154945,0,0,0.005,4131960
1789154945,0,0,0.009,4131960
1789154945,5,0,0.101,4131960
1789154945,4,0,0.403,4131960
1789154946,4,0,0.224,4131960
1789154946,6,0,0.007,4131960
1789154947,2,0,0.842,4131960
1789154947,2,0,0.004,4131960
1789154947,2,0,0.001,4131960
1789154947,0,0,0.005,4131960
1789154948,4,0,1.615,4131960
1789154949,4,0,0.479,4131960
1789154949,4,0,0.534,4131960
1789154949,6,0,0.01,4131960
1789154954,7,0,5.092,4131960
1789154954,0,0,0.009,4131960
1789154954,3,0,0.093,4131960
1789154959,5,0,4.315,4131960
1789154959,1,0,0.001,4131960
1789154959,0,0,0.008,4131960
1789154960,4,0,1.158,4131960
1789154960,6,0,0.017,4131960
1789154960,3,0,0.237,4131960
1789154960,6,0,0.008,4131960
1789154960,6,0,0.005,4131960
1789154960,4,0,0.332,4131960
1789154961,4,0,0.405,4131960
1789154961,0,0,0.004,4131960
1789154962,4,0,1.504,4131960
1789154962,0,0,0.026,4131960
1789154962,0,0,0.011,4131960
1789154963,4,0,0.544,4131960
1789154963,6,0,0.015,4131960
1789154963,0,0,0.034,4131960
1789154963,0,0,0.012,4131960
1789154964,2,0,0.521,4131960
1789154964,6,0,0.005,4131960
1789154969,5,0,5.575,4131960
1789154969,0,0,0.014,4131960
1789154969,3,0,0.013,4131960
1789154969,1,0,0.002,4131960
1789154970,4,0,0.572,4131960
1789154970,4,0,0.324,4131960
1789154970,6,0,0.006,4131960
1789154970,0,0,0.013,4131960
1789154971,2,0,0.68,4131960
1789154971,1,0,0.001,4131960
1789154971,3,0,0.082,4131960
1789154971,2,0,0.405,4131960
1789154972,2,0,0.505,4131960
1789154972,0,0,0.009,4131960
1789154972,3,0,0.083,4131960
1789154972,4,0,0.548,4131960
1789154973,3,0,0.179,4131960
1789154973,2,0,0.001,4131960
1789154973,5,0,0.564,4131960
1789154974,2,0,0.612,4131960
1789154976,2,0,1.853,4131960
1789154976,3,0,0.13,4131960
1789154976,1,0,0.001,4131960
1789154976,0,0,0.01,4131960
1789154976,4,0,0.623,4131960
1789154978,4,0,1.251,4131960
1789154978,6,0,0.013,4131960
1789154978,4,0,0.659,4131960
1789154978,0,0,0.006,4131960
1789154979,4,0,0.35,4131960
1789154979,5,0,0.251,4131960
1789154979,3,0,0.012,4131960
1789154979,4,0,0.454,4131960
1789154980,4,0,0.324,4131960
1789154980,3,0,0.052,4131960
1789154980,2,0,0.001,4131960
1789154980,7,0,0.49,4131960
1789154981,4,0,0.524,4131960
1789154981,2,0,0.598,4131960
1789154982,4,0,0.308,4131960
1789154982,4,0,0.857,4131960
1789154983,4,0,0.649,4131960
1789154983,3,0,0.009,4131960
1789154983,3,0,0.034,4131960
1789154983,6,0,0.008,4131960
1789154983,0,0,0.007,4131960
1789154983,6,0,0.004,4131960
1789154983,6,0,0.007,4131960
1789154983,2,0,0.002,4131960
1789154983,3,0,0.002,4131960
1789154983,6,0,0.006,4131960
1789154983,3,0,0.094,4131960
1789154983,6,0,0.012,4131960
1789154983,3,0,0.033,4131960
1789154984,4,0,0.88,4131960
1789154984,3,0,0.052,4131960
1789154985,2,0,0.768,4131960
1789154985,0,0,0.009,4131960
1789154987,5,0,1.937,4131960
1789154990,5,0,2.87,4131960
1789154990,3,0,0.012,4131960
1789154990,2,0,0.003,4131960
1789154990,3,0,0.046,4131960
1789154990,3,0,0.076,4131960
1789154991,7,0,0.525,4131960
1789154991,3,0,0.04,4131960
1789154991,0,0,0.007,4131960
1789154991,6,0,0.006,4131960
1789154991,3,0,0.01,4131960
1789154991,3,0,0.04,4131960
1789154991,4,0,0.541,4131960
1789154992,4,0,0.781,4131960
1789154992,0,0,0.009,4131960
1789154992,1,0,0.001,4131960
1789154994,4,0,1.553,4131960
1789154994,6,0,0.007,4131960
1789154994,3,0,0.049,4131960
1789154994,4,0,0.423,4131960
1789154994,4,0,0.451,4131960
1789154998,5,0,3.524,4131960
1789154998,1,0,0.001,4131960
1789154998,6,0,0.007,4131960
1789154998,3,0,0.003,4131960
1789154999,4,0,0.868,4131960
1789154999,5,0,0.114,4131960
1789154999,4,0,0.36,4131960
1789154999,1,0,0.001,4131960
1789154999,3,0,0.073,4131960
1789155000,4,0,0.667,4131960
1789155000,3,0,0.025,4131960
1789155000,1,0,0.001,4131960
1789155000,1,0,0.001,4131960
1789155002,4,0,1.433,4131960
1789155002,6,0,0.004,4131960
1789155002,4,0,0.22,4131960
1789155002,3,0,0.025,4131960
1789155002,0,0,0.017,4131960
1789155002,3,0,0.042,4131960
1789155002,3,0,0.07,4131960
1789155003,2,0,0.712,4131960
1789155003,5,0,0.456,4131960
1789155004,4,0,0.47,4131960
1789155004,3,0,0.019,4131960
1789155005,4,0,0.972,4131960
1789155005,4,0,0.445,4131960
1789155005,6,0,0.016,4131960
1789155006,4,0,0.747,4131960
1789155006,1,0,0.001,4131960
1789155006,4,0,0.395,4131960
1789155006,1,0,0.002,4131960
1789155006,3,0,0.004,4131960
1789155006,3,0,0.065,4131960
1789155007,5,0,0.634,4131960
1789155011,5,0,4.61,4131960
1789155011,6,0,0.008,4131960
1789155012,3,0,0.111,4131960
1789155012,5,0,0.125,4131960
1789155012,4,0,0.528,4131960
1789155013,2,0,1.094,4131960
1789155014,4,0,0.676,4131960
1789155014,3,0,0.056,4131960
1789155015,4,0,0.55,4131960
1789155015,3,0,0.158,4131960
1789155015,4,0,0.505,4131960
1789155015,3,0,0.028,4131960
1789155015,3,0,0.006,4131960
1789155015,0,0,0.007,4131960
1789155015,3,0,0.002,4131960
1789155015,3,0,0.003,4131960
1789155015,1,0,0.001,4131960
1789155015,3,0,0.006,4131960
1789155015,3,0,0.017,4131960
1789155015,0,0,0.003,4131960
1789155015,6,0,0.005,4131960
1789155015,3,0,0.083,4131960
1789155015,0,0,0.005,4131960
1789155015,2,0,0.002,4131960
1789155015,0,0,0.007,4131960
1789155015,6,0,0.011,4131960
1789155020,5,0,4.738,4131960
1789155021,4,0,0.645,4131960
1789155021,4,0,0.35,4131960
1789155021,0,0,0.004,4131960
1789155022,5,0,0.378,4131960
1789155022,6,0,0.008,4131960
1789155022,2,0,0.002,4131960
1789155022,0,0,0.011,4131960
1789155022,0,0,0.018,4131960
1789155024,2,0,2.162,4131960
1789155024,3,0,0.009,4131960
1789155024,0,0,0.006,4131960
1789155024,2,0,0.002,4131960
1789155025,4,0,0.801,4131960
1789155025,3,0,0.071,4131960
1789155025,3,0,0.025,4131960
1789155026,4,0,1.69,4131960
1789155026,3,0,0.003,4131960
1789155026,3,0,0.004,4131960
1789155028,4,0,1.465,4131960
1789155029,4,0,0.668,4131960
1789155029,4,0,0.479,4131960
1789155029,0,0,0.006,4131960
1789155030,4,0,1.016,4131960
1789155030,6,0,0.003,4131960
1789155030,4,0,0.231,4131960
1789155030,2,0,0,4131960
1789155030,0,0,0.011,4131960
1789155030,3,0,0.036,4131960
1789155030,1,0,0.002,4131960
1789155031,5,0,0.783,4131960
1789155031,4,0,0.19,4131960
1789155035,7,0,3.927,4131960
1789155035,3,0,0.049,4131960
1789155035,3,0,0.063,4131960
1789155035,3,0,0.073,4131960
1789155035,3,0,0.009,4131960
1789155035,3,0,0.066,4131960
1789155036,3,0,0.069,4131960
1789155036,3,0,0.004,4131960
1789155036,2,0,0.001,4131960
1789155036,4,0,0.596,4131960
1789155036,1,0,0.001,4131960
1789155037,4,0,1.008,4131960
1789155039,4,0,1.542,4131960
1789155039,1,0,0.001,4131960
1789155039,0,0,0.004,4131960
1789155039,2,0,0.008,4131960
1789155039,3,0,0.009,4131960
1789155039,0,0,0.005,4131960
1789155039,6,0,0.006,4131960
1789155040,2,0,1.147,4131960
1789155041,4,0,0.754,4131960
1789155041,1,0,0.001,4131960
1789155042,4,0,1.325,4131960
1789155043,2,0,0.742,4131960
1789155043,4,0,0.617,4131960
1789155044,2,0,0.365,4131960
1789155044,6,0,0.005,4131960
1789155044,3,0,0.004,4131960
1789155045,4,0,0.826,4131960
1789155045,1,0,0.001,4131960
1789155045,0,0,0.005,4131960
1789155045,3,0,0.007,4131960
1789155045,4,0,0.563,4131960
1789155045,0,0,0.002,4131960
1789155045,5,0,0.195,4131960
1789155045,2,0,0.001,4131960
1789155046,4,0,0.393,4131960
1789155046,4,0,0.039,4131960
1789155046,4,0,0.537,4131960
1789155047,4,0,0.336,4131960
1789155047,6,0,0.008,4131960
1789155050,5,0,3.181,4131960
1789155050,0,0,0.008,4131960
1789155050,6,0,0.007,4131960
1789155050,4,0,0.224,4131960
1789155050,0,0,0.015,4131960
1789155050,0,0,0.004,4131960
1789155051,4,0,0.548,4131960
1789155051,6,0,0.005,4131960
1789155051,0,0,0.011,4131960
1789155051,5,0,0.258,4131960
1789155051,3,0,0.068,4131960
1789155051,3,0,0.156,4131960
1789155052,4,0,0.756,4131960
1789155053,4,0,0.687,4131960
1789155053,4,0,0.349,4131960
1789155053,2,0,0.005,4131960
1789155053,0,0,0.005,4131960
1789155053,0,0,0.01,4131960
1789155053,2,0,0.413,4131960
1789155054,5,0,0.608,4131960
1789155054,1,0,0.001,4131960
1789155054,3,0,0.106,4131960
1789155054,2,0,0.003,4131960
1789155054,3,0,0.122,4131960
1789155055,4,0,0.782,4131960
1789155056,2,0,0.637,4131960
1789155056,0,0,0.011,4131960
1789155056,6,0,0.011,4131960
1789155056,2,0,0.002,4131960
1789155056,5,0,0.747,4131960
1789155056,6,0,0.004,4131960
1789155056,0,0,0.006,4131960
1789155056,6,0,0.004,4131960
1789155056,5,0,0.117,4131960
1789155056,0,0,0.003,4131960
1789155058,2,0,1.4,4131960
1789155059,4,0,1.179,4131960
1789155059,0,0,0.006,4131960
1789155059,3,0,0.113,4131960
1789155059,3,0,0.104,4131960
1789155059,6,0,0.015,4131960
1789155060,4,0,0.36,4131960
1789155060,6,0,0.006,4131960
1789155061,5,0,0.846,4131960
1789155061,4,0,0.874,4131960
1789155061,2,0,0.002,4131960
1789155062,5,0,0.183,4131960
1789155062,3,0,0.012,4131960
1789155063,2,0,1.07,4131960
1789155067,5,0,4.078,4131960
1789155067,4,0,0.542,4131960
1789155067,2,0,0.002,4131960
1789155067,1,0,0.001,4131960
1789155067,6,0,0.006,4131960
1789155067,3,0,0.123,4131960
1789155067,3,0,0.053,4131960
1789155068,5,0,0.799,4131960
1789155068,3,0,0.042,4131960
1789155069,4,0,0.519,4131960
1789155069,4,0,0.657,4131960
1789155070,2,0,0.57,4131960
1789155070,3,0,0.006,4131960
1789155071,5,0,0.897,4131960
1789155071,4,0,0.513,4131960
1789155072,4,0,0.66,4131960
1789155072,6,0,0.012,4131960
1789155072,6,0,0.004,4131960
1789155072,3,0,0.008,4131960
1789155072,0,0,0.009,4131960
1789155072,3,0,0.115,4131960
1789155072,0,0,0.003,4131960
1789155073,4,0,0.508,4131960
1789155073,2,0,0.001,4131960
1789155073,4,0,0.481,4131960
1789155074,4,0,0.48,4131960
1789155075,7,0,1.397,4131960
1789155076,2,0,1.154,4131960
1789155076,2,0,0.004,4131960
1789155076,3,0,0.078,4131960
1789155076,2,0,0.001,4131960
1789155076,0,0,0.004,4131960
1789155080,5,0,3.957,4131960
1789155080,0,0,0.008,4131960
1789155080,5,0,0.113,4131960
1789155081,3,0,0.05,4131960
1789155081,4,0,0.707,4131960
1789155082,5,0,0.378,4131960
1789155082,2,0,0.002,4131960
1789155082,5,0,0.597,4131960
1789155082,6,0,0.013,4131960
1789155082,0,0,0.012,4131960
1789155082,0,0,0.016,4131960
1789155086,5,0,3.957,4131960
1789155086,3,0,0.074,4131960
1789155087,2,0,1.03,4131960
1789155088,4,0,0.501,4131960
1789155088,2,0,0.002,4131960
1789155088,4,0,0.39,4131960
1789155088,0,0,0.004,4131960
1789155088,0,0,0.005,4131960
1789155088,3,0,0.004,4131960
1789155089,4,0,0.683,4131960
1789155089,2,0,0.449,4131960
1789155091,2,0,1.173,4131960
1789155091,0,0,0.004,4131960
1789155091,6,0,0.012,4131960
1789155091,6,0,0.006,4131960
1789155095,5,0,4.441,4131960
1789155095,0,0,0.007,4131960
1789155095,6,0,0.005,4131960
1789155095,2,0,0.424,4131960
1789155095,6,0,0.006,4131960
1789155096,3,0,0.142,4131960
1789155096,6,0,0.007,4131960
1789155096,2,0,0.002,4131960
1789155096,6,0,0.004,4131960
1789155096,7,0,0.122,4131960
1789155096,0,0,0.012,4131960
1789155096,1,0,0.002,4131960
1789155096,2,0,0.003,4131960
1789155096,4,0,0.38,4131960
1789155097,5,0,0.88,4131960
1789155097,3,0,0.097,4131960
1789155097,1,0,0.001,4131960
1789155097,3,0,0.022,4131960
1789155097,0,0,0.012,4131960
1789155098,5,0,0.507,4131960
1789155098,0,0,0.032,4131960
1789155098,0,0,0.011,4131960
1789155098,4,0,0.28,4131960
1789155098,4,0,0.431,4131960
1789155098,1,0,0.001,4131960
1789155099,4,0,0.375,4131960
1789155099,4,0,0.635,4131960
1789155099,0,0,0.003,4131960
1789155099,2,0,0.002,4131960
1789155099,1,0,0.001,4131960
1789155100,4,0,0.834,4131960
1789155100,6,0,0.006,4131960
1789155100,0,0,0.004,4131960
1789155101,4,0,0.923,4131960
1789155101,1,0,0.002,4131960
1789155101,6,0,0.004,4131960
1789155102,5,0,0.477,4131960
1789155102,3,0,0.052,4131960
1789155102,6,0,0.005,4131960
1789155102,0,0,0.008,4131960
1789155102,3,0,0.038,4131960
1789155102,4,0,0.413,4131960
1789155102,6,0,0.005,4131960
1789155104,4,0,1.486,4131960
1789155104,4,0,0.348,4131960
1789155104,3,0,0.057,4131960
1789155104,4,0,0.226,4131960
1789155105,4,0,0.792,4131960
1789155105,0,0,0.006,4131960
1789155106,4,0,0.576,4131960
1789155106,2,0,0.667,4131960
1789155107,2,0,0.657,4131960
1789155108,4,0,0.919,4131960
1789155109,5,0,1.086,4131960
1789155109,6,0,0.005,4131960
1789155109,1,0,0.001,4131960
1789155109,6,0,0.008,4131960
1789155109,0,0,0.002,4131960
1789155109,6,0,0.008,4131960
1789155109,0,0,0.008,4131960
1789155109,7,0,0.167,4131960
1789155109,3,0,0.003,4131960
1789155110,4,0,0.858,4131960
1789155110,2,0,0.003,4131960
1789155110,0,0,0.004,4131960
1789155110,4,0,0.311,4131960
1789155111,5,0,0.447,4131960
1789155112,4,0,0.707,4131960
1789155112,3,0,0.053,4131960
1789155112,3,0,0.046,4131960
1789155112,3,0,0.005,4131960
1789155112,6,0,0.018,4131960
1789155112,3,0,0.015,4131960
1789155112,0,0,0.018,4131960
1789155113,4,0,0.953,4131960
1789155114,4,0,1.272,4131960
1789155114,0,0,0.01,4131960
1789155115,4,0,0.789,4131960
1789155115,6,0,0.005,4131960
1789155115,3,0,0.009,4131960
1789155115,6,0,0.021,4131960
1789155115,0,0,0.006,4131960
1789155115,6,0,0.007,4131960
1789155115,1,0,0.001,4131960
1789155115,3,0,0.004,4131960
1789155117,5,0,1.803,4131960
1789155117,2,0,0.001,4131960
1789155117,4,0,0.623,4131960
1789155121,5,0,3.784,4131960
1789155121,3,0,0.055,4131960
1789155121,2,0,0.003,4131960
1789155121,1,0,0.001,4131960
1789155121,3,0,0.14,4131960
1789155122,4,0,0.406,4131960
1789155122,0,0,0.046,4131960
1789155122,2,0,0.002,4131960
1789155122,3,0,0.019,4131960
1789155122,2,0,0.004,4131960
1789155122,2,0,0.001,4131960
1789155122,5,0,0.172,4131960
1789155123,4,0,0.834,4131960
1789155123,5,0,0.794,4131960
1789155124,2,0,0.542,4131960
1789155124,3,0,0.088,4131960
1789155125,7,0,0.528,4131960
1789155126,4,0,1.179,4131960
1789155126,4,0,0.457,4131960
1789155127,4,0,0.441,4131960
1789155127,3,0,0.049,4131960
1789155127,0,0,0.008,4131960
1789155127,6,0,0.019,4131960
1789155131,7,0,4.455,4131960
1789155131,2,0,0.009,4131960
1789155131,6,0,0.003,4131960
1789155132,2,0,0.433,4131960
1789155132,0,0,0.009,4131960
1789155132,0,0,0.002,4131960
1789155132,2,0,0.526,4131960
1789155132,1,0,0.001,4131960
1789155132,0,0,0.003,4131960
1789155133,2,0,0.564,4131960
1789155139,7,0,6.365,4131960
1789155141,4,0,1.878,4131960
1789155141,3,0,0.01,4131960
1789155141,0,0,0.003,4131960
1789155141,6,0,0.005,4131960
1789155141,3,0,0.037,4131960
1789155141,0,0,0.003,4131960
1789155141,0,0,0.004,4131960
1789155141,0,0,0.005,4131960
1789155141,5,0,0.221,4131960
1789155141,0,0,0.007,4131960
1789155141,3,0,0.04,4131960
1789155141,6,0,0.008,4131960
1789155143,4,0,1.741,4131960
1789155143,3,0,0.046,4131960
1789155143,0,0,0.003,4131960
1789155143,3,0,0.103,4131960
1789155143,2,0,0.003,4131960
1789155143,6,0,0.014,4131960
1789155143,3,0,0.072,4131960
1789155143,0,0,0.01,4131960
1789155144,4,0,0.844,4131960
1789155144,1,0,0.002,4131960
1789155145,4,0,0.64,4131960
1789155145,6,0,0.009,4131960
1789155145,6,0,0.005,4131960
1789155145,3,0,0.03,4131960
1789155145,3,0,0.004,4131960
1789155145,4,0,0.637,4131960
1789155146,6,0,0.006,4131960
1789155149,5,0,3.441,4131960
1789155150,2,0,0.81,4131960
1789155151,4,0,0.759,4131960
1789155152,2,0,1.5,4131960
1789155152,3,0,0.037,4131960
1789155154,4,0,2.299,4131960
1789155155,4,0,0.273,4131960
1789155155,4,0,0.49,4131960
1789155155,0,0,0.012,4131960
1789155156,4,0,0.675,4131960
1789155156,2,0,0.004,4131960
1789155156,3,0,0.013,4131960
1789155156,3,0,0.071,4131960
1789155156,4,0,0.29,4131960
1789155157,4,0,0.355,4131960
1789155157,5,0,0.102,4131960
1789155157,2,0,0.002,4131960
1789155157,2,0,0.001,4131960
1789155157,1,0,0.001,4131960
1789155157,6,0,0.005,4131960
1789155157,2,0,0.63,4131960
1789155157,0,0,0.006,4131960
1789155157,3,0,0.006,4131960
1789155157,0,0,0.003,4131960
1789155157,6,0,0.004,4131960
1789155157,6,0,0.006,4131960
1789155157,3,0,0.114,4131960
1789155158,2,0,0.254,4131960
1789155158,2,0,0.001,4131960
1789155158,3,0,0.007,4131960
1789155158,0,0,0.003,4131960
1789155159,2,0,0.967,4131960
1789155160,2,0,1.145,4131960
1789155160,0,0,0.002,4131960
1789155161,5,0,1.038,4131960
1789155161,0,0,0.015,4131960
1789155161,0,0,0.013,4131960
1789155161,4,0,0.588,4131960
1789155162,3,0,0.054,4131960
1789155162,4,0,0.595,4131960
1789155162,1,0,0.001,4131960
1789155162,6,0,0.009,4131960
1789155162,0,0,0.037,4131960
1789155162,1,0,0.002,4131960
1789155163,4,0,0.541,4131960
1789155163,0,0,0.005,4131960
1789155163,5,0,0.122,4131960
1789155163,5,0,0.113,4131960
1789155164,5,0,1.149,4131960
1789155164,3,0,0.008,4131960
1789155164,3,0,0.002,4131960
1789155164,4,0,0.366,4131960
1789155165,5,0,0.094,4131960
1789155165,2,0,0.003,4131960
1789155165,2,0,0.003,4131960
1789155165,0,0,0.012,4131960
1789155165,2,0,0.665,4131960
1789155165,6,0,0.005,4131960
1789155166,4,0,0.679,4131960
1789155166,4,0,0.442,4131960
1789155170,5,0,4.054,4131960
1789155170,0,0,0.023,4131960
1789155170,3,0,0.012,4131960
1789155171,3,0,0.079,4131960
1789155171,0,0,0.003,4131960
1789155172,2,0,1.36,4131960
1789155172,2,0,0.003,4131960
1789155172,0,0,0.017,4131960
1789155172,6,1,0.011,4131960
1789155172,3,0,0.092,4131960
1789155172,4,0,0.409,4131960
1789155172,6,0,0.008,4131960
1789155173,5,0,0.121,4131960
1789155175,4,0,2.058,4131960
1789155175,0,0,0.01,4131960
1789155175,4,0,0.644,4131960
1789155175,3,0,0.06,4131960
1789155176,4,0,0.973,4131960
1789155177,4,0,0.631,4131960
1789155177,3,0,0.046,4131960
1789155177,5,0,0.165,4131960
1789155177,6,0,0.014,4131960
1789155178,4,0,0.552,4131960
1789155179,4,0,0.825,4131960
1789155179,0,0,0.005,4131960
1789155179,3,0,0.116,4131960
1789155179,5,0,0.098,4131960
1789155179,3,0,0.077,4131960
1789155179,3,0,0.033,4131960
1789155180,2,0,0.877,4131960
1789155180,2,0,0.73,4131960
1789155181,2,0,0.413,4131960
1789155181,3,0,0.003,4131960
1789155181,2,0,0.003,4131960
1789155185,7,0,4.192,4131960
1789155185,6,0,0.005,4131960
1789155185,3,0,0.091,4131960
1789155185,3,0,0.055,4131960
1789155186,2,0,0.602,4131960
1789155186,1,0,0.001,4131960
1789155186,3,0,0.049,4131960
1789155186,2,0,0.002,4131960
1789155186,6,0,0.007,4131960
1789155186,4,0,0.296,4131960
1789155186,6,0,0.009,4131960
1789155187,4,0,0.369,4131960
1789155187,1,0,0.001,4131960
1789155187,2,0,0.001,4131960
1789155187,3,0,0.095,4131960
1789155187,0,0,0.01,4131960
1789155187,6,0,0.004,4131960
1789155187,2,0,0.547,4131960
1789155187,3,0,0.006,4131960
1789155187,1,0,0.001,4131960
1789155188,4,0,0.376,4131960
1789155188,2,0,0.711,4131960
1789155189,4,0,0.19,4131960
1789155189,3,0,0.019,4131960
1789155189,4,0,0.299,4131960
1789155190,4,0,1.576,4131960
1789155190,2,0,0.002,4131960
1789155190,6,0,0.026,4131960
1789155191,5,0,0.227,4131960
1789155191,0,0,0.005,4131960
1789155191,0,0,0.017,4131960
1789155191,2,0,0.013,4131960
1789155191,4,0,0.507,4131960
1789155191,0,0,0.005,4131960
1789155191,3,0,0.005,4131960
1789155193,4,0,2.075,4131960
1789155194,7,0,0.246,4131960
1789155194,3,0,0.001,4131960
1789155195,4,0,1.836,4131960
1789155195,6,0,0.051,4131960
1789155195,6,0,0.006,4131960
1789155196,4,0,0.417,4131960
1789155196,6,0,0.004,4131960
1789155197,2,0,1.322,4131960
1789155197,0,0,0.01,4131960
1789155197,3,0,0.125,4131960
1789155197,0,0,0.01,4131960
1789155198,5,0,0.792,4131960
1789155198,3,0,0.009,4131960
1789155198,6,0,0.009,4131960
1789155198,0,0,0.004,4131960
1789155198,5,0,0.313,4131960
1789155198,3,0,0.007,4131960
1789155198,2,0,0.001,4131960
1789155199,4,0,0.491,4131960
1789155200,2,0,0.867,4131960
1789155200,6,0,0.021,4131960
1789155200,0,0,0.004,4131960
1789155200,3,0,0.01,4131960
1789155200,5,0,0.125,4131960
1789155200,6,0,0.007,4131960
1789155200,6,0,0.007,4131960
1789155200,4,0,0.424,4131960
1789155205,5,0,4.303,4131960
1789155205,3,0,0.042,4131960
1789155205,4,0,0.371,4131960
1789155205,0,0,0.009,4131960
1789155205,0,0,0.011,4131960
1789155206,4,0,0.412,4131960
1789155206,0,0,0.009,4131960
1789155206,2,0,0.618,4131960
1789155206,3,0,0.094,4131960
1789155206,0,0,0.009,4131960
1789155207,4,0,0.436,4131960
1789155207,5,0,0.098,4131960
1789155207,3,0,0.091,4131960
1789155207,2,0,0.011,4131960
1789155207,4,0,0.5,4131960
1789155207,1,0,0.002,4131960
1789155208,5,0,0.649,4131960
1789155208,3,0,0.181,4131960
1789155208,3,0,0.027,4131960
1789155209,4,0,0.445,4131960
1789155209,0,0,0.025,4131960
1789155209,0,0,0.005,4131960
1789155209,5,0,0.437,4131960
1789155209,0,0,0.024,4131960
1789155210,4,0,0.853,4131960
1789155210,3,0,0.003,4131960
1789155210,3,0,0.035,4131960
1789155211,2,0,0.536,4131960
1789155211,1,0,0.001,4131960
1789155211,3,0,0.007,4131960
1789155211,4,0,0.362,4131960
1789155216,7,0,4.581,4131960
1789155216,6,0,0.006,4131960
1789155216,3,0,0.083,4131960
1789155216,0,0,0.014,4131960
1789155216,0,0,0.021,4131960
1789155217,4,0,1.613,4131960
1789155218,5,0,0.571,4131960
1789155218,4,0,0.376,4131960
1789155218,3,0,0.008,4131960
1789155219,4,0,1.078,4131960
1789155219,2,0,0.001,4131960
1789155220,4,0,0.649,4131960
1789155220,1,0,0.001,4131960
1789155221,5,0,0.903,4131960
1789155221,1,0,0.001,4131960
1789155221,4,0,0.399,4131960
1789155222,4,0,0.445,4131960
1789155222,4,0,0.436,4131960
1789155222,0,0,0.004,4131960
1789155222,4,0,0.229,4131960
1789155224,2,0,1.186,4131960
1789155224,1,0,0.002,4131960
1789155224,0,0,0.013,4131960
1789155224,4,0,0.584,4131960
1789155224,2,0,0.002,4131960
1789155225,5,0,0.366,4131960
1789155225,3,0,0.056,4131960
1789155225,6,0,0.01,4131960
1789155225,1,0,0.002,4131960
1789155225,6,0,0.015,4131960
1789155230,5,0,5.096,4131960
1789155230,6,0,0.006,4131960
1789155234,5,0,3.858,4131960
1789155234,2,0,0.255,4131960
1789155234,3,0,0.022,4131960
1789155234,4,0,0.176,4131960
1789155234,3,0,0.082,4131960
1789155235,2,0,0.818,4131960
1789155235,3,0,0.006,4131960
1789155235,4,0,0.405,4131960
1789155236,4,0,0.743,4131960
1789155237,4,0,1.183,4131960
1789155238,5,0,0.176,4131960
1789155238,6,0,0.009,4131960
1789155238,5,0,0.981,4131960
1789155239,3,0,0.006,4131960
1789155239,5,0,0.654,4131960
1789155240,2,0,0.401,4131960
1789155241,4,0,1.2,4131960
1789155242,4,0,0.957,4131960
1789155243,2,0,0.993,4131960
1789155243,0,0,0.008,4131960
1789155243,5,0,0.091,4131960
1789155243,0,0,0.006,4131960
1789155243,4,0,0.292,4131960
1789155243,6,0,0.006,4131960
1789155243,1,0,0.001,4131960
1789155243,0,0,0.005,4131960
1789155243,3,0,0.048,4131960
1789155244,4,0,0.739,4131960
1789155244,1,0,0.002,4131960
1789155245,4,0,0.614,4131960
1789155245,3,0,0.115,4131960
1789155245,4,0,0.529,4131960
1789155245,3,0,0.008,4131960
1789155245,0,0,0.003,4131960
1789155245,3,0,0.006,4131960
1789155245,0,0,0.004,4131960
1789155245,4,0,0.23,4131960
1789155245,0,0,0.006,4131960
1789155246,5,0,0.165,4131960
1789155246,3,0,0.057,4131960
1789155248,5,0,2.027,4131960
1789155248,6,0,0.012,4131960
1789155248,3,0,0.136,4131960
1789155248,2,0,0.002,4131960
1789155248,3,0,0.01,4131960
1789155248,3,0,0.038,4131960
1789155248,7,0,0.23,4131960
1789155248,3,0,0.05,4131960
1789155248,3,0,0.064,4131960
1789155248,1,0,0.001,4131960
1789155249,4,0,0.613,4131960
1789155249,4,0,0.565,4131960
1789155249,0,0,0.003,4131960
1789155249,3,0,0.006,4131960
1789155253,5,0,3.453,4131960
1789155253,6,0,0.004,4131960
1789155254,4,0,0.674,4131960
1789155254,6,0,0.005,4131960
1789155254,3,0,0.075,4131960
1789155254,4,0,0.688,4131960
1789155255,4,0,0.892,4131960
1789155255,3,0,0.125,4131960
1789155255,1,0,0.001,4131960
1789155255,3,0,0.043,4131960
1789155256,4,0,0.584,4131960
1789155257,4,0,0.583,4131960
1789155257,3,0,0.156,4131960
1789155257,4,0,0.28,4131960
1789155258,4,0,0.732,4131960
1789155258,3,0,0.028,4131960
1789155258,0,0,0.005,4131960
1789155258,2,0,0.395,4131960
1789155259,5,0,0.412,4131960
1789155259,2,0,0.007,4131960
1789155259,4,0,0.457,4131960
1789155259,6,0,0.006,4131960
1789155263,5,0,3.739,4131960
1789155264,2,0,0.77,4131960
1789155264,7,0,0.191,4131960
1789155264,4,0,0.406,4131960
1789155265,5,0,1.119,4131960
1789155265,6,0,0.005,4131960
1789155265,6,0,0.009,4131960
1789155267,4,0,1.421,4131960
1789155267,2,0,0.002,4131960
1789155270,5,0,3.584,4131960
1789155270,0,0,0.005,4131960
1789155270,5,0,0.191,4131960
1789155271,4,0,0.799,4131960
1789155271,0,0,0.006,4131960
1789155272,2,0,0.644,4131960
1789155272,7,0,0.218,4131960
1789155272,1,0,0.002,4131960
1789155272,7,0,0.291,4131960
1789155273,3,0,0.087,4131960
1789155274,4,0,1.744,4131960
1789155274,0,0,0.003,4131960
1789155275,2,0,0.679,4131960
1789155275,6,0,0.007,4131960
1789155275,0,0,0.003,4131960
1789155277,2,0,2.056,4131960
1789155277,3,0,0.005,4131960
1789155277,0,0,0.005,4131960
1789155277,6,0,0.006,4131960
1789155277,6,0,0.008,4131960
1789155277,0,0,0.004,4131960
1789155278,2,0,0.879,4131960
1789155279,4,0,1.219,4131960
1789155279,3,0,0.085,4131960
1789155279,6,0,0.01,4131960
1789155280,4,0,1.083,4131960
1789155280,2,0,0.001,4131960
1789155280,3,0,0.052,4131960
1789155280,3,0,0.054,4131960
1789155281,3,0,0.094,4131960
1789155281,3,0,0.063,4131960
1789155281,3,0,0.086,4131960
1789155281,1,0,0.001,4131960
1789155281,4,0,0.499,4131960
1789155282,2,0,0.656,4131960
1789155283,4,0,0.731,4131960
1789155283,6,0,0.006,4131960
1789155283,7,0,0.255,4131960
1789155283,3,0,0.146,4131960
1789155283,6,0,0.004,4131960
1789155283,4,0,0.336,4131960
1789155283,3,0,0.096,4131960
1789155283,3,0,0.064,4131960
1789155284,3,0,0.134,4131960
1789155285,5,0,1,4131960
1789155285,2,0,0.002,4131960
1789155285,6,0,0.023,4131960
1789155285,3,0,0.094,4131960
1789155285,4,0,0.479,4131960
1789155286,2,0,0.439,4131960
1789155286,6,0,0.007,4131960
1789155286,6,0,0.004,4131960
1789155286,2,0,0.755,4131960
1789155286,0,0,0.01,4131960
1789155286,0,0,0.005,4131960
1789155286,6,0,0.01,4131960
1789155287,2,0,0.272,4131960
1789155287,6,0,0.007,4131960
1789155287,1,0,0.001,4131960
1789155287,6,0,0.01,4131960
1789155287,3,0,0.031,4131960
1789155287,4,0,0.742,4131960
1789155288,3,0,0.058,4131960
1789155288,2,0,0.001,4131960
1789155288,4,0,0.342,4131960
1789155288,3,0,0.202,4131960
1789155288,3,0,0.067,4131960
1789155288,3,0,0.042,4131960
1789155288,0,0,0.006,4131960
1789155288,2,0,0.001,4131960
1789155288,0,0,0.011,4131960
1789155288,0,0,0.009,4131960
1789155288,2,0,0.002,4131960
1789155289,4,0,0.743,4131960
1789155289,4,0,0.19,4131960
1789155289,2,0,0.002,4131960
1789155289,0,0,0.007,4131960
1789155289,2,0,0.002,4131960
1789155291,2,0,1.766,4131960
1789155291,2,0,0.116,4131960
1789155292,5,0,0.891,4131960
1789155292,5,0,0.121,4131960
1789155292,6,0,0.009,4131960
1789155292,0,0,0.031,4131960
1789155293,2,0,0.424,4131960
1789155293,2,0,0.267,4131960
1789155293,0,0,0.003,4131960
1789155293,0,0,0.004,4131960
1789155293,2,0,0.001,4131960
1789155294,4,0,0.988,4131960
1789155294,0,0,0.004,4131960
1789155294,3,0,0.008,4131960
1789155294,3,0,0.036,4131960
1789155294,4,0,0.021,4131960
1789155294,5,0,0.559,4131960
1789155294,6,0,0.006,4131960
1789155294,3,0,0.058,4131960
1789155295,3,0,0.053,4131960
1789155295,3,0,0.065,4131960
1789155295,0,0,0.028,4131960
1789155295,4,0,0.167,4131960
1789155295,3,0,0.115,4131960
1789155295,0,0,0.005,4131960
1789155295,0,0,0.018,4131960
1789155295,2,0,0.013,4131960
1789155295,0,0,0.011,4131960
1789155295,0,0,0.011,4131960
1789155295,3,0,0.062,4131960
1789155295,2,0,0.002,4131960
1789155295,5,0,0.115,4131960
1789155296,2,0,1.224,4131960
1789155296,0,0,0.004,4131960
1789155297,2,0,0.253,4131960
1789155297,6,0,0.004,4131960
1789155297,4,0,0.508,4131960
1789155297,0,0,0.005,4131960
1789155301,5,0,4.269,4131960
1789155302,4,0,0.314,4131960
1789155302,4,0,0.4,4131960
1789155303,2,0,0.581,4131960
1789155303,0,0,0.034,4131960
1789155303,6,0,0.005,4131960
1789155303,7,0,0.324,4131960
1789155303,2,0,0.003,4131960
1789155308,5,0,5.222,4131960
1789155308,2,0,0.002,4131960
1789155313,5,0,4.292,4131960
1789155313,1,0,0.001,4131960
1789155313,2,0,0.78,4131960
1789155313,2,0,0.004,4131960
1789155313,3,0,0.002,4131960
1789155314,4,0,0.593,4131960
1789155314,0,0,0.003,4131960
1789155315,2,0,0.568,4131960
1789155315,3,0,0.008,4131960
1789155315,0,0,0.006,4131960
1789155315,0,0,0.003,4131960
1789155315,6,0,0.005,4131960
1789155315,4,0,0.907,4131960
1789155315,3,0,0.013,4131960
1789155316,5,0,0.149,4131960
1789155316,0,0,0.005,4131960
1789155316,2,0,0.236,4131960
1789155316,0,0,0.008,4131960
1789155316,4,0,0.46,4131960
1789155316,1,0,0.001,4131960
1789155316,6,0,0.008,4131960
1789155316,6,1,0.013,4131960
1789155316,2,0,0.002,4131960
1789155317,2,0,0.593,4131960
1789155317,1,0,0.001,4131960
1789155317,3,0,0.092,4131960
1789155317,4,0,0.238,4131960
1789155318,4,0,0.376,4131960
1789155318,6,0,0.005,4131960
1789155318,5,0,0.224,4131960
1789155319,2,0,0.73,4131960
1789155319,3,0,0.054,4131960
1789155320,5,0,1.288,4131960
1789155320,5,0,0.462,4131960
1789155321,4,0,0.251,4131960
1789155321,5,0,0.645,4131960
1789155321,1,0,0.001,4131960
1789155321,6,0,0.028,4131960
1789155321,3,0,0.119,4131960
1789155321,0,0,0.01,4131960
1789155321,0,0,0.016,4131960
1789155322,4,0,0.26,4131960
1789155323,4,0,0.933,4131960
1789155323,3,0,0.032,4131960
1789155323,2,0,0.702,4131960
1789155323,6,0,0.005,4131960
1789155324,2,0,0.712,4131960
1789155324,3,0,0.005,4131960
1789155325,2,0,0.484,4131960
1789155327,4,0,2.161,4131960
1789155327,1,0,0.002,4131960
1789155327,4,0,0.471,4131960
1789155328,7,0,0.413,4131960
1789155328,3,0,0.012,4131960
1789155328,4,0,0.575,4131960
1789155328,6,0,0.005,4131960
1789155329,4,0,0.304,4131960
1789155329,0,0,0.005,4131960
1789155329,4,0,0.582,4131960
1789155329,6,0,0.027,4131960
1789155329,4,0,0.271,4131960
1789155329,0,0,0.018,4131960
1789155330,3,0,0.077,4131960
1789155330,7,0,0.154,4131960
1789155330,2,0,0.001,4131960
1789155330,0,0,0.009,4131960
1789155330,3,0,0.004,4131960
1789155330,0,0,0.003,4131960
1789155330,1,0,0.001,4131960
1789155330,2,0,0.443,4131960
1789155331,4,0,0.497,4131960
1789155331,1,0,0.001,4131960
1789155331,3,0,0.018,4131960
1789155331,6,0,0.015,4131960
1789155334,5,0,3.458,4131960
1789155334,1,0,0.002,4131960
1789155334,2,0,0.001,4131960
1789155335,2,0,0.936,4131960
1789155336,4,0,0.625,4131960
1789155336,4,0,0.433,4131960
1789155336,2,0,0.343,4131960
1789155336,2,0,0.001,4131960
1789155337,0,0,0.009,4131960
1789155337,2,0,0.335,4131960
1789155337,4,0,0.155,4131960
1789155337,2,0,0.002,4131960
1789155337,4,0,0.31,4131960
1789155337,2,0,0.002,4131960
1789155337,3,0,0.005,4131960
1789155338,2,0,0.57,4131960
1789155338,0,0,0.012,4131960
1789155338,0,0,0.008,4131960
1789155338,6,0,0.008,4131960
1789155338,2,0,0.315,4131960
1789155338,0,0,0.006,4131960
1789155338,1,0,0.001,4131960
1789155338,0,0,0.009,4131960
1789155338,0,0,0.009,4131960
1789155338,3,0,0.034,4131960
1789155338,0,0,0.004,4131960
1789155338,3,0,0.004,4131960
1789155338,6,0,0.006,4131960
1789155339,5,0,0.561,4131960
1789155339,7,0,0.278,4131960
1789155343,5,0,3.388,4131960
1789155343,3,0,0.009,4131960
1789155343,3,0,0.088,4131960
1789155343,6,0,0.014,4131960
1789155343,4,0,0.428,4131960
1789155343,2,0,0.373,4131960
1789155343,2,0,0.002,4131960
1789155344,5,0,0.096,4131960
1789155344,0,0,0.013,4131960
1789155344,2,0,0.318,4131960
1789155344,0,0,0.014,4131960
1789155344,2,0,0.598,4131960
1789155345,4,0,0.566,4131960
1789155345,6,0,0.005,4131960
1789155345,3,0,0.052,4131960
1789155346,4,0,0.408,4131960
1789155346,1,0,0.001,4131960
1789155346,4,0,0.687,4131960
1789155346,5,0,0.133,4131960
1789155346,3,0,0.058,4131960
1789155348,4,0,1.239,4131960
1789155348,4,0,0.576,4131960
1789155348,3,0,0.049,4131960
1789155348,6,0,0.007,4131960
1789155349,2,0,0.826,4131960
1789155349,0,0,0.006,4131960
1789155349,4,0,0.256,4131960
1789155349,0,0,0.006,4131960
1789155349,3,0,0.089,4131960
1789155352,2,0,2.096,4131960
1789155352,2,0,0.003,4131960
1789155352,4,0,0.291,4131960
1789155352,3,0,0.005,4131960
1789155352,4,0,0.634,4131960
1789155353,3,0,0.026,4131960
1789155353,1,0,0.001,4131960
1789155353,0,0,0.014,4131960
1789155353,4,0,0.257,4131960
1789155353,0,0,0.012,4131960
1789155353,2,0,0.006,4131960
1789155353,2,0,0.002,4131960
1789155353,3,0,0.063,4131960
1789155353,3,0,0.034,4131960
1789155353,5,0,0.154,4131960
1789155353,5,0,0.165,4131960
1789155353,0,0,0.005,4131960
1789155358,5,0,4.777,4131960
1789155358,1,0,0.001,4131960
1789155358,6,0,0.005,4131960
1789155359,4,0,0.986,4131960
1789155363,7,0,3.814,4131960
1789155363,3,0,0.014,4131960
1789155363,0,0,0.007,4131960
1789155363,2,0,0.649,4131960
1789155363,0,0,0.008,4131960
1789155364,4,0,0.348,4131960
1789155365,2,0,0.871,4131960
1789155365,2,0,0.011,4131960
1789155365,0,0,0.012,4131960
1789155365,4,0,0.411,4131960
1789155365,2,0,0.002,4131960
1789155365,1,0,0.001,4131960
1789155365,3,0,0.002,4131960
1789155366,4,0,1.188,4131960
1789155366,3,0,0.086,4131960
1789155366,6,0,0.007,4131960
1789155366,3,0,0.004,4131960
1789155367,4,0,0.41,4131960
1789155367,0,0,0.003,4131960
1789155367,1,0,0.002,4131960
1789155368,4,0,1.175,4131960
1789155369,4,0,0.95,4131960
1789155369,4,0,0.271,4131960
1789155371,2,0,1.576,4131960
1789155371,7,0,0.254,4131960
1789155372,4,0,0.448,4131960
1789155374,2,0,2.074,4131960
1789155374,3,0,0.01,4131960
1789155374,3,0,0.096,4131960
1789155374,3,0,0.073,4131960
1789155374,5,0,0.119,4131960
1789155374,0,0,0.015,4131960
1789155374,0,0,0.013,4131960
1789155374,3,0,0.009,4131960
1789155375,4,0,0.9,4131960
1789155375,0,0,0.008,4131960
1789155375,4,0,0.353,4131960
1789155376,4,0,0.391,4131960
1789155376,2,0,0.26,4131960
1789155376,3,0,0.03,4131960
1789155376,3,0,0.007,4131960
1789155376,2,0,0.002,4131960
1789155377,4,0,1.521,4131960
1789155378,5,0,0.167,4131960
1789155378,STOP,,,4131960
