1789151752,3,0,0.018,4132039
1789151753,2,0,0.654,4132039
1789151753,3,0,0.007,4132039
1789151753,2,0,0.002,4132039
1789151753,3,0,0.061,4132039
1789151753,3,0,0.04,4132039
1789151753,0,0,0.011,4132039
1789151753,6,0,0.01,4132039
1789151753,0,0,0.007,4132039
1789151753,1,0,0.003,4132039
1789151753,3,0,0.004,4132039
1789151753,6,0,0.005,4132039
1789151754,4,0,0.755,4132039
1789151754,4,0,0.17,4132039
1789151754,0,0,0.008,4132039
1789151754,6,0,0.005,4132039
1789151754,6,0,0.007,4132039
1789151754,0,0,0.005,4132039
1789151755,4,0,0.618,4132039
1789151755,0,0,0.005,4132039
1789151758,5,0,3.391,4132039
1789151758,6,0,0.015,4132039
1789151758,6,0,0.009,4132039
1789151758,4,0,0.23,4132039
1789151758,2,0,0.004,4132039
1789151758,3,0,0.081,4132039
1789151758,6,0,0.008,4132039
1789151758,0,0,0.005,4132039
1789151758,3,0,0.004,4132039
1789151758,6,0,0.006,4132039
1789151758,0,0,0.001,4132039
1789151758,3,0,0.039,4132039
1789151758,0,0,0.012,4132039
1789151758,6,0,0.005,4132039
1789151759,2,0,0.494,4132039
1789151759,3,0,0.037,4132039
1789151759,3,0,0.003,4132039
1789151759,3,0,0.04,4132039
1789151759,1,0,0.001,4132039
1789151759,2,0,0.002,4132039
1789151759,4,0,0.362,4132039
1789151759,0,0,0.002,4132039
1789151759,2,0,0.002,4132039
1789151759,3,0,0.058,4132039
1789151760,2,0,0.001,4132039
1789151760,2,0,0.39,4132039
1789151760,3,0,0.027,4132039
1789151760,3,0,0.006,4132039
1789151760,1,0,0.001,4132039
1789151760,4,0,0.291,4132039
1789151760,3,0,0.063,4132039
1789151761,2,0,0.335,4132039
1789151761,6,0,0.007,4132039
1789151761,4,0,0.489,4132039
1789151761,6,0,0.005,4132039
1789151761,6,0,0.008,4132039
1789151761,3,0,0.006,4132039
1789151761,5,0,0.275,4132039
1789151761,3,0,0.004,4132039
1789151761,3,0,0.002,4132039
1789151761,1,0,0.001,4132039
1789151761,3,0,0.004,4132039
1789151761,3,0,0.007,4132039
1789151762,5,0,0.483,4132039
1789151762,6,0,0.006,4132039
1789151763,4,0,0.622,4132039
1789151763,5,0,0.13,4132039
1789151763,1,0,0.002,4132039
1789151764,4,0,1.203,4132039
1789151765,5,0,0.749,4132039
1789151765,2,0,0.336,4132039
1789151765,1,0,0.001,4132039
1789151766,4,0,0.945,4132039
1789151766,1,0,0,4132039
1789151767,4,0,0.727,4132039
1789151767,0,0,0.008,4132039
1789151767,6,0,0.005,4132039
1789151767,0,0,0.01,4132039
1789151767,6,0,0.004,4132039
1789151767,4,0,0.843,4132039
1789151769,4,0,1.219,4132039
1789151769,0,0,0.021,4132039
1789151769,2,0,0.004,4132039
1789151769,3,0,0.088,4132039
1789151769,6,0,0.007,4132039
1789151769,6,0,0.006,4132039
1789151769,3,0,0.052,4132039
1789151769,2,0,0.004,4132039
1789151769,4,0,0.342,4132039
1789151769,6,0,0.007,4132039
1789151769,6,0,0.008,4132039
1789151769,2,0,0.002,4132039
1789151769,3,0,0.069,4132039
1789151769,2,0,0.002,4132039
1789151769,6,0,0.006,4132039
1789151769,0,0,0.009,4132039
1789151769,3,0,0.097,4132039
1789151769,3,0,0.034,4132039
1789151770,5,0,0.534,4132039
1789151774,5,0,4.18,4132039
1789151775,2,0,0.609,4132039
1789151775,0,0,0.004,4132039
1789151775,0,0,0.009,4132039
1789151775,6,0,0.011,4132039
1789151775,0,0,0.071,4132039
1789151775,2,0,0.449,4132039
1789151775,0,0,0.004,4132039
1789151776,7,0,0.334,4132039
1789151776,3,0,0.003,4132039
1789151776,3,0,0.005,4132039
1789151776,4,0,0.397,4132039
1789151776,6,0,0.005,4132039
1789151776,3,0,0.054,4132039
1789151777,4,0,1.131,4132039
1789151777,0,0,0.008,4132039
1789151777,6,0,0.013,4132039
1789151777,5,0,0.093,4132039
1789151777,2,0,0.003,4132039
1789151777,2,0,0.002,4132039
1789151777,0,0,0.008,4132039
1789151777,0,0,0.013,4132039
1789151778,5,0,0.158,4132039
1789151778,3,0,0.063,4132039
1789151778,0,0,0.003,4132039
1789151778,4,0,0.653,4132039
1789151782,7,0,4.181,4132039
1789151782,0,0,0.016,4132039
1789151783,0,0,0.012,4132039
1789151783,2,0,0.004,4132039
1789151783,2,0,0.003,4132039
1789151783,1,0,0.002,4132039
1789151783,6,0,0.006,4132039
1789151783,0,0,0.003,4132039
1789151783,0,0,0.008,4132039
1789151783,2,0,0.001,4132039
1789151783,2,0,0.746,4132039
1789151783,3,0,0.009,4132039
1789151784,4,0,0.59,4132039
1789151784,6,0,0.007,4132039
1789151784,6,0,0.006,4132039
1789151784,3,0,0.001,4132039
1789151784,0,0,0.005,4132039
1789151784,2,0,0.433,4132039
1789151785,4,0,0.765,4132039
1789151785,2,0,0.383,4132039
1789151786,4,0,0.446,4132039
1789151786,5,0,0.203,4132039
1789151788,4,0,1.802,4132039
1789151789,4,0,0.575,4132039
1789151789,2,0,0.218,4132039
1789151789,5,0,0.322,4132039
1789151789,1,0,0.001,4132039
1789151790,2,0,0.478,4132039
1789151790,6,0,0.006,4132039
1789151790,2,0,0.002,4132039
1789151790,4,0,0.349,4132039
1789151790,5,0,0.522,4132039
1789151791,3,0,0.105,4132039
1789151791,4,0,0.399,4132039
1789151792,4,0,1.33,4132039
1789151794,4,0,1.797,4132039
1789151795,4,0,0.665,4132039
1789151795,3,0,0.126,4132039
1789151795,1,0,0.002,4132039
1789151795,5,0,0.168,4132039
1789151795,0,0,0.007,4132039
1789151795,5,0,0.447,4132039
1789151796,3,0,0.12,4132039
1789151799,5,0,3.246,4132039
1789151799,6,0,0.006,4132039
1789151802,7,0,3.489,4132039
1789151803,4,0,0.884,4132039
1789151804,2,0,0.97,4132039
1789151804,0,0,0.004,4132039
1789151805,4,0,0.576,4132039
1789151808,5,0,3.654,4132039
1789151813,5,0,4.179,4132039
1789151813,6,0,0.019,4132039
1789151813,6,0,0.008,4132039
1789151813,2,0,0.001,4132039
1789151813,4,0,0.649,4132039
1789151813,3,0,0.077,4132039
1789151813,5,0,0.095,4132039
1789151814,5,0,0.099,4132039
1789151814,1,0,0.001,4132039
1789151814,6,0,0.008,4132039
1789151815,4,0,1.016,4132039
1789151815,4,0,0.43,4132039
1789151816,4,0,1.228,4132039
1789151816,3,0,0.056,4132039
1789151816,3,0,0.005,4132039
1789151816,0,0,0.013,4132039
1789151816,3,0,0.05,4132039
1789151816,3,0,0.045,4132039
1789151816,3,0,0.055,4132039
1789151816,3,0,0.026,4132039
1789151817,4,0,0.381,4132039
1789151817,4,0,0.26,4132039
1789151817,6,0,0.007,4132039
1789151817,6,0,0.008,4132039
1789151817,3,0,0.098,4132039
1789151818,4,0,0.286,4132039
1789151818,3,0,0.084,4132039
1789151818,0,0,0.031,4132039
1789151818,6,0,0.011,4132039
1789151818,2,0,0.529,4132039
1789151818,0,0,0.014,4132039
1789151819,4,0,0.532,4132039
1789151819,4,0,0.779,4132039
1789151819,0,0,0.008,4132039
1789151819,2,0,0.001,4132039
1789151820,6,0,0.004,4132039
1789151820,3,0,0.024,4132039
1789151820,0,0,0.005,4132039
1789151820,5,0,0.716,4132039
1789151820,0,0,0.004,4132039
1789151820,3,0,0.074,4132039
1789151820,6,0,0.007,4132039
1789151821,4,0,0.415,4132039
1789151821,6,0,0.007,4132039
1789151821,5,0,0.655,4132039
1789151821,1,0,0.001,4132039
1789151822,5,0,0.125,4132039
1789151822,3,0,0.039,4132039
1789151822,2,0,0.421,4132039
1789151822,5,0,0.129,4132039
1789151823,4,0,0.374,4132039
1789151823,4,0,0.393,4132039
1789151823,0,0,0.004,4132039
1789151823,0,0,0.01,4132039
1789151823,0,0,0.011,4132039
1789151825,2,0,2.166,4132039
1789151825,2,0,0.003,4132039
1789151825,0,0,0.004,4132039
1789151826,5,0,0.781,4132039
1789151826,4,0,0.461,4132039
1789151827,4,0,0.547,4132039
1789151827,2,0,0.257,4132039
1789151827,5,0,0.142,4132039
1789151827,3,0,0.01,4132039
1789151828,4,0,0.989,4132039
1789151828,3,0,0.055,4132039
1789151828,6,0,0.007,4132039
1789151828,3,0,0.068,4132039
1789151828,1,0,0.002,4132039
1789151829,7,0,0.195,4132039
1789151829,0,0,0.006,4132039
1789151829,3,0,0.019,4132039
1789151830,4,0,1.218,4132039
1789151830,4,0,0.466,4132039
1789151830,3,0,0.082,4132039
1789151832,4,0,1.197,4132039
1789151832,4,0,0.3,4132039
1789151832,3,0,0.011,4132039
1789151832,3,0,0.103,4132039
1789151832,3,0,0.04,4132039
1789151832,3,0,0.073,4132039
1789151833,4,0,0.726,4132039
1789151833,0,0,0.004,4132039
1789151833,6,0,0.007,4132039
1789151833,4,0,0.452,4132039
1789151834,2,0,1.04,4132039
1789151836,4,0,1.149,4132039
1789151836,4,0,0.393,4132039
1789151836,3,0,0.12,4132039
1789151837,4,0,1.232,4132039
1789151838,4,0,0.421,4132039
1789151838,2,0,0.005,4132039
1789151838,0,0,0.011,4132039
1789151838,2,0,0.001,4132039
1789151838,4,0,0.461,4132039
1789151839,2,0,0.618,4132039
1789151839,3,0,0.046,4132039
1789151839,0,0,0.008,4132039
1789151839,2,0,0.001,4132039
1789151839,4,0,0.534,4132039
1789151839,0,0,0.005,4132039
1789151840,2,0,0.793,4132039
1789151840,3,0,0.002,4132039
1789151840,3,0,0.066,4132039
1789151841,4,0,0.307,4132039
1789151841,2,0,0.002,4132039
1789151841,3,0,0.06,4132039
1789151841,1,0,0.001,4132039
1789151841,0,0,0.008,4132039
1789151841,3,0,0.008,4132039
1789151841,4,0,0.863,4132039
1789151841,0,0,0.016,4132039
1789151842,3,0,0.035,4132039
1789151842,2,0,0.002,4132039
1789151842,3,0,0.05,4132039
1789151842,0,0,0.013,4132039
1789151842,3,0,0.003,4132039
1789151842,3,0,0.053,4132039
1789151842,0,0,0.007,4132039
1789151842,0,0,0.009,4132039
1789151842,4,0,0.473,4132039
1789151842,1,0,0.002,4132039
1789151842,0,0,0.006,4132039
1789151846,7,0,3.664,4132039
1789151847,4,0,0.914,4132039
1789151847,1,0,0.002,4132039
1789151847,4,0,0.365,4132039
1789151847,0,0,0.008,4132039
1789151847,6,0,0.008,4132039
1789151847,7,0,0.144,4132039
1789151847,3,0,0.081,4132039
1789151848,2,0,0.824,4132039
1789151848,5,0,0.192,4132039
1789151849,4,0,0.851,4132039
1789151850,2,0,0.808,4132039
1789151850,6,0,0.017,4132039
1789151850,4,0,0.301,4132039
1789151852,4,0,1.455,4132039
1789151852,6,0,0.017,4132039
1789151852,3,0,0.031,4132039
1789151852,2,0,0.002,4132039
1789151852,3,0,0.149,4132039
1789151852,3,0,0.095,4132039
1789151853,4,0,1.069,4132039
1789151853,3,0,0.003,4132039
1789151858,7,0,4.87,4132039
1789151860,4,0,1.498,4132039
1789151860,3,0,0.012,4132039
1789151860,5,0,0.487,4132039
1789151860,4,0,0.458,4132039
1789151860,6,0,0.01,4132039
1789151862,4,0,1.349,4132039
1789151862,6,0,0.006,4132039
1789151862,2,0,0.562,4132039
1789151862,2,0,0.006,4132039
1789151866,5,0,3.286,4132039
1789151866,5,0,0.366,4132039
1789151867,4,0,0.816,4132039
1789151867,3,0,0.005,4132039
1789151867,2,0,0.004,4132039
1789151867,0,0,0.008,4132039
1789151867,2,0,0.002,4132039
1789151867,4,0,0.443,4132039
1789151869,2,0,1.296,4132039
1789151869,5,0,0.348,4132039
1789151869,1,0,0.002,4132039
1789151870,5,0,0.828,4132039
1789151870,0,0,0.008,4132039
1789151870,4,0,0.585,4132039
1789151870,0,0,0.004,4132039
1789151872,4,0,1.247,4132039
1789151872,3,0,0.089,4132039
1789151872,2,0,0.371,4132039
1789151872,0,0,0.004,4132039
1789151873,4,0,0.388,4132039
1789151873,4,0,0.847,4132039
1789151873,6,0,0.009,4132039
1789151873,2,0,0.003,4132039
1789151878,5,0,4.691,4132039
1789151878,0,0,0.01,4132039
1789151878,0,0,0.007,4132039
1789151878,1,0,0.001,4132039
1789151878,7,0,0.411,4132039
1789151880,4,0,1.165,4132039
1789151880,4,0,0.574,4132039
1789151884,7,0,3.792,4132039
1789151884,3,0,0.007,4132039
1789151884,4,0,0.358,4132039
1789151884,3,0,0.007,4132039
1789151884,1,0,0.002,4132039
1789151884,3,0,0.09,4132039
1789151885,3,0,0.021,4132039
1789151885,0,0,0.012,4132039
1789151885,3,0,0.013,4132039
1789151885,3,0,0.045,4132039
1789151886,2,0,1.561,4132039
1789151886,7,0,0.188,4132039
1789151887,4,0,0.665,4132039
1789151888,4,0,0.66,4132039
1789151891,5,0,3.555,4132039
1789151892,4,0,0.335,4132039
1789151892,6,0,0.01,4132039
1789151892,1,0,0,4132039
1789151892,0,0,0.003,4132039
1789151892,0,0,0.009,4132039
1789151892,6,0,0.012,4132039
1789151892,1,0,0.001,4132039
1789151892,2,0,0.003,4132039
1789151892,3,0,0.007,4132039
1789151892,0,0,0.008,4132039
1789151892,0,0,0.007,4132039
1789151892,5,0,0.116,4132039
1789151892,4,0,0.598,4132039
1789151892,0,0,0.011,4132039
1789151892,6,0,0.005,4132039
1789151892,3,0,0.009,4132039
1789151895,5,0,2.698,4132039
1789151895,6,0,0.009,4132039
1789151895,3,0,0.058,4132039
1789151895,0,0,0.006,4132039
1789151895,4,0,0.258,4132039
1789151896,2,0,0.475,4132039
1789151896,3,0,0.049,4132039
1789151896,7,0,0.603,4132039
1789151896,1,0,0.001,4132039
1789151897,6,0,0.005,4132039
1789151902,5,0,5.15,4132039
1789151902,4,0,0.369,4132039
1789151902,3,0,0.022,4132039
1789151902,3,0,0.111,4132039
1789151903,4,0,0.373,4132039
1789151903,0,0,0.005,4132039
1789151903,2,0,0.035,4132039
1789151904,4,0,1.427,4132039
1789151904,3,0,0.051,4132039
1789151904,0,0,0.007,4132039
1789151905,4,0,0.964,4132039
1789151905,3,0,0.006,4132039
1789151905,2,0,0.002,4132039
1789151905,3,0,0.006,4132039
1789151905,0,0,0.004,4132039
1789151905,0,0,0.004,4132039
1789151907,2,0,1.828,4132039
1789151907,0,0,0.006,4132039
1789151907,4,0,0.355,4132039
1789151907,0,0,0.012,4132039
1789151907,1,0,0.002,4132039
1789151911,7,0,3.353,4132039
1789151911,0,0,0.013,4132039
1789151911,6,0,0.006,4132039
1789151911,4,0,0.449,4132039
1789151911,3,0,0.108,4132039
1789151911,2,0,0.001,4132039
1789151912,4,0,0.629,4132039
1789151913,4,0,1.203,4132039
1789151913,2,0,0.002,4132039
1789151913,0,0,0.006,4132039
1789151914,2,0,0.933,4132039
1789151914,2,0,0.003,4132039
1789151915,4,0,0.711,4132039
1789151915,4,0,0.594,4132039
1789151915,3,0,0.006,4132039
1789151915,6,0,0.006,4132039
1789151916,4,0,0.474,4132039
1789151916,6,0,0.009,4132039
1789151916,4,0,0.351,4132039
1789151916,0,0,0.004,4132039
1789151920,5,0,4.267,4132039
1789151921,5,0,0.155,4132039
1789151921,0,0,0.004,4132039
1789151921,2,0,0.001,4132039
1789151921,6,0,0.008,4132039
1789151921,0,0,0.006,4132039
1789151921,1,0,0.001,4132039
1789151921,2,0,0.673,4132039
1789151921,3,0,0.004,4132039
1789151921,0,0,0.004,4132039
1789151922,4,0,0.474,4132039
1789151926,5,0,4.12,4132039
1789151926,4,0,0.18,4132039
1789151926,0,0,0.005,4132039
1789151930,5,0,3.649,4132039
1789151930,0,0,0.008,4132039
1789151930,6,0,0.007,4132039
1789151930,3,0,0.035,4132039
1789151930,3,0,0.008,4132039
1789151930,3,0,0.008,4132039
1789151930,6,0,0.005,4132039
1789151930,2,0,0.338,4132039
1789151930,3,0,0.006,4132039
1789151930,3,0,0.044,4132039
1789151930,6,0,0.008,4132039
1789151930,0,0,0.01,4132039
1789151931,4,0,0.606,4132039
1789151931,6,0,0.004,4132039
1789151931,3,0,0.086,4132039
1789151931,4,0,0.398,4132039
1789151931,0,0,0.007,4132039
1789151931,0,0,0.003,4132039
1789151931,2,0,0.201,4132039
1789151931,0,0,0.004,4132039
1789151933,7,0,1.08,4132039
1789151937,5,0,4.476,4132039
1789151937,0,0,0.003,4132039
1789151938,4,0,0.588,4132039
1789151938,4,0,0.872,4132039
1789151938,6,0,0.008,4132039
1789151940,4,0,1.548,4132039
1789151940,5,0,0.122,4132039
1789151940,3,0,0.106,4132039
1789151940,3,0,0.029,4132039
1789151940,1,0,0.001,4132039
1789151941,4,0,0.363,4132039
1789151941,3,0,0.041,4132039
1789151945,5,0,4.202,4132039
1789151945,1,0,0.001,4132039
1789151945,6,0,0.006,4132039
1789151945,4,0,0.325,4132039
1789151945,3,0,0.06,4132039
1789151945,0,0,0.005,4132039
1789151945,1,0,0.001,4132039
1789151945,6,0,0.006,4132039
1789151945,5,0,0.102,4132039
1789151946,5,0,0.624,4132039
1789151947,2,0,0.764,4132039
1789151947,0,0,0.008,4132039
1789151947,3,0,0.009,4132039
1789151947,7,0,0.28,4132039
1789151947,3,0,0.038,4132039
1789151947,3,0,0.066,4132039
1789151948,2,0,0.356,4132039
1789151948,3,0,0.008,4132039
1789151948,5,0,0.385,4132039
1789151948,1,0,0.001,4132039
1789151948,4,0,0.317,4132039
1789151949,4,0,0.629,4132039
1789151950,5,0,1.081,4132039
1789151950,4,0,0.451,4132039
1789151950,6,0,0.02,4132039
1789151951,4,0,0.947,4132039
1789151952,4,0,0.566,4132039
1789151954,2,0,1.734,4132039
1789151954,7,0,0.165,4132039
1789151954,3,0,0.026,4132039
1789151954,3,0,0.047,4132039
1789151954,0,0,0.009,4132039
1789151954,3,0,0.091,4132039
1789151954,6,0,0.008,4132039
1789151954,0,0,0.006,4132039
1789151954,3,0,0.009,4132039
1789151954,2,0,0.002,4132039
1789151955,4,0,0.501,4132039
1789151959,5,0,4.84,4132039
1789151959,0,0,0.006,4132039
1789151961,4,0,1.477,4132039
1789151965,5,0,4.035,4132039
1789151965,6,0,0.031,4132039
1789151965,6,0,0.013,4132039
1789151965,3,0,0.1,4132039
1789151965,1,0,0.003,4132039
1789151965,2,0,0.002,4132039
1789151966,4,0,1.236,4132039
1789151967,4,0,0.541,4132039
1789151967,5,0,0.145,4132039
1789151971,7,0,4.229,4132039
1789151971,2,0,0.235,4132039
1789151976,5,0,5.01,4132039
1789151977,3,0,0.056,4132039
1789151977,2,0,0.794,4132039
1789151977,0,0,0.014,4132039
1789151977,1,0,0.001,4132039
1789151977,6,0,0.008,4132039
1789151977,3,0,0.109,4132039
1789151978,2,0,0.505,4132039
1789151978,6,0,0.009,4132039
1789151978,6,0,0.006,4132039
1789151979,4,0,1.01,4132039
1789151979,3,0,0.004,4132039
1789151979,4,0,0.471,4132039
1789151980,4,0,0.2,4132039
1789151980,2,0,0.274,4132039
1789151980,0,0,0.01,4132039
1789151980,0,0,0.018,4132039
1789151980,3,0,0.052,4132039
1789151981,2,0,0.579,4132039
1789151981,0,0,0.01,4132039
1789151981,4,0,0.391,4132039
1789151981,6,0,0.009,4132039
1789151981,2,0,0.004,4132039
1789151982,5,0,1.166,4132039
1789151982,4,0,0.231,4132039
1789151983,4,0,0.602,4132039
1789151983,5,0,0.216,4132039
1789151983,0,0,0.013,4132039
1789151984,5,0,0.595,4132039
1789151984,1,0,0.001,4132039
1789151985,2,0,0.899,4132039
1789151987,4,0,2.155,4132039
1789151987,4,0,0.412,4132039
1789151987,0,0,0.022,4132039
1789151987,0,0,0.013,4132039
1789151987,5,0,0.157,4132039
1789151987,0,0,0.008,4132039
1789151988,5,0,0.113,4132039
1789151988,4,0,0.527,4132039
1789151989,4,0,0.527,4132039
1789151989,1,0,0.001,4132039
1789151989,3,0,0.06,4132039
1789151989,0,0,0.012,4132039
1789151989,4,0,0.586,4132039
1789151990,4,0,0.383,4132039
1789151991,4,0,0.911,4132039
1789151991,2,0,0.002,4132039
1789151992,4,0,1.04,4132039
1789151992,3,0,0.024,4132039
1789151992,3,0,0.096,4132039
1789151992,2,0,0.277,4132039
1789151992,4,0,0.359,4132039
1789151992,3,0,0.005,4132039
1789151993,2,0,0.608,4132039
1789151993,3,0,0.033,4132039
1789151993,0,0,0.008,4132039
1789151993,3,0,0.015,4132039
1789151993,2,0,0.004,4132039
1789151993,3,0,0.023,4132039
1789151993,3,0,0.009,4132039
1789151993,2,0,0.003,4132039
1789151993,0,0,0.005,4132039
1789151993,6,0,0.005,4132039
1789151993,3,0,0.051,4132039
1789151993,3,0,0.046,4132039
1789151993,3,0,0.038,4132039
1789151994,4,0,0.595,4132039
1789151994,4,0,0.571,4132039
1789151996,4,0,1.586,4132039
1789151996,1,0,0.001,4132039
1789151997,4,0,0.604,4132039
1789151997,2,0,0.621,4132039
1789151997,0,0,0.018,4132039
1789151997,3,0,0.075,4132039
1789151997,5,0,0.176,4132039
1789151998,3,0,0.077,4132039
1789151998,6,0,0.01,4132039
1789151998,2,0,0.01,4132039
1789151998,0,0,0.003,4132039
1789151998,3,0,0.117,4132039
1789151998,1,0,0.001,4132039
1789151998,3,0,0.15,4132039
1789151998,0,0,0.011,4132039
1789151998,4,0,0.481,4132039
1789151998,6,0,0.006,4132039
1789151998,6,0,0.006,4132039
1789151998,3,0,0.092,4132039
1789151999,5,0,0.627,4132039
1789152000,4,0,0.647,4132039
1789152000,0,0,0.003,4132039
1789152000,3,0,0.019,4132039
1789152000,2,0,0.556,4132039
1789152000,0,0,0.011,4132039
1789152000,3,0,0.036,4132039
1789152000,2,0,0.003,4132039
1789152001,4,0,0.377,4132039
1789152001,3,0,0.077,4132039
1789152001,3,0,0.119,4132039
1789152001,0,0,0.009,4132039
1789152001,6,0,0.01,4132039
1789152001,3,0,0.05,4132039
1789152002,2,0,1.246,4132039
1789152003,4,0,0.467,4132039
1789152003,4,0,0.526,4132039
1789152003,2,0,0.004,4132039
1789152004,4,0,0.329,4132039
1789152004,3,0,0.013,4132039
1789152004,3,0,0.087,4132039
1789152004,5,0,0.116,4132039
1789152005,5,0,0.79,4132039
1789152005,6,0,0.004,4132039
1789152005,2,0,0.634,4132039
1789152006,4,0,0.368,4132039
1789152006,2,0,0.005,4132039
1789152006,6,0,0.005,4132039
1789152006,0,0,0.009,4132039
1789152006,1,0,0.001,4132039
1789152006,1,0,0.001,4132039
1789152006,5,0,0.673,4132039
1789152006,6,0,0.033,4132039
1789152006,6,0,0.023,4132039
1789152006,0,0,0.051,4132039
1789152007,4,0,1.022,4132039
1789152008,4,0,1.03,4132039
1789152008,3,0,0.034,4132039
1789152009,3,0,0.062,4132039
1789152010,4,0,1.355,4132039
1789152010,4,0,0.508,4132039
1789152010,1,0,0.001,4132039
1789152010,1,0,0.001,4132039
1789152010,2,0,0.004,4132039
1789152010,0,0,0.008,4132039
1789152010,3,0,0.041,4132039
1789152010,0,0,0.011,4132039
1789152010,3,0,0.006,4132039
1789152011,4,0,0.381,4132039
1789152011,2,0,0.001,4132039
1789152012,2,0,0.759,4132039
1789152012,3,0,0.01,4132039
1789152012,1,0,0.002,4132039
1789152012,6,0,0.018,4132039
1789152012,0,0,0.015,4132039
1789152012,2,0,0.002,4132039
1789152012,3,0,0.033,4132039
1789152012,4,0,0.274,4132039
1789152012,3,0,0.076,4132039
1789152012,7,0,0.175,4132039
1789152012,2,0,0.001,4132039
1789152013,2,0,0.41,4132039
1789152013,3,0,0.04,4132039
1789152014,4,0,1.509,4132039
1789152014,1,0,0.001,4132039
1789152014,2,0,0.001,4132039
1789152014,1,0,0.001,4132039
1789152014,6,0,0.01,4132039
1789152015,4,0,0.778,4132039
1789152015,4,0,0.366,4132039
1789152016,5,0,0.624,4132039
1789152016,0,0,0.003,4132039
1789152016,0,0,0.012,4132039
1789152016,3,0,0.01,4132039
1789152017,4,0,0.806,4132039
1789152017,3,0,0.005,4132039
1789152018,4,0,0.884,4132039
1789152018,4,0,0.627,4132039
1789152018,0,0,0.003,4132039
1789152018,6,0,0.005,4132039
1789152018,0,0,0.005,4132039
1789152018,2,0,0.003,4132039
1789152023,5,0,4.51,4132039
1789152023,2,0,0.005,4132039
1789152023,3,0,0.006,4132039
1789152024,4,0,1.219,4132039
1789152024,3,0,0.102,4132039
1789152024,0,0,0.005,4132039
1789152024,0,0,0.01,4132039
1789152025,4,0,1.01,4132039
1789152026,4,0,0.424,4132039
1789152026,0,0,0.005,4132039
1789152026,6,0,0.009,4132039
1789152027,2,0,0.883,4132039
1789152028,4,0,1.149,4132039
1789152029,4,0,1.255,4132039
1789152029,5,0,0.169,4132039
1789152029,3,0,0.006,4132039
1789152029,0,0,0.007,4132039
1789152030,2,0,0.628,4132039
1789152030,0,0,0.02,4132039
1789152030,5,0,0.687,4132039
1789152031,2,0,0.426,4132039
1789152031,0,0,0.003,4132039
1789152033,2,0,1.782,4132039
1789152033,4,0,0.75,4132039
1789152033,6,0,0.006,4132039
1789152033,5,0,0.089,4132039
1789152034,4,0,0.575,4132039
1789152034,3,0,0.012,4132039
1789152034,1,0,0.002,4132039
1789152035,4,0,0.668,4132039
1789152036,4,0,0.812,4132039
1789152036,2,0,0.003,4132039
1789152036,0,0,0.004,4132039
1789152036,4,0,0.745,4132039
1789152036,2,0,0.002,4132039
1789152036,3,0,0.006,4132039
1789152037,2,0,0.982,4132039
1789152037,0,0,0.004,4132039
1789152038,4,0,0.463,4132039
1789152038,6,0,0.004,4132039
1789152038,2,0,0.001,4132039
1789152038,4,0,0.363,4132039
1789152040,4,0,2.077,4132039
1789152040,2,0,0.001,4132039
1789152040,3,0,0.003,4132039
1789152040,2,0,0.001,4132039
1789152040,0,0,0.004,4132039
1789152040,0,0,0.014,4132039
1789152044,5,0,4.128,4132039
1789152044,3,0,0.007,4132039
1789152044,6,0,0.005,4132039
1789152044,3,0,0.041,4132039
1789152046,4,0,1.641,4132039
1789152046,4,0,0.272,4132039
1789152046,2,0,0.002,4132039
1789152047,4,0,1.098,4132039
1789152048,5,0,0.106,4132039
1789152048,3,0,0.079,4132039
1789152048,3,0,0.09,4132039
1789152048,0,0,0.004,4132039
1789152053,5,0,5.428,4132039
1789152055,7,0,1.397,4132039
1789152055,4,0,0.925,4132039
1789152056,7,0,0.428,4132039
1789152056,3,0,0.091,4132039
1789152056,0,0,0.011,4132039
1789152056,3,0,0.153,4132039
1789152057,4,0,0.621,4132039
1789152057,3,0,0.112,4132039
1789152058,7,0,0.793,4132039
1789152058,6,0,0.003,4132039
1789152058,3,0,0.038,4132039
1789152058,2,0,0.002,4132039
1789152059,4,0,1.71,4132039
1789152060,3,0,0.094,4132039
1789152061,4,0,1.488,4132039
1789152061,4,0,0.375,4132039
1789152061,3,0,0.051,4132039
1789152061,6,0,0.008,4132039
1789152063,4,0,1.63,4132039
1789152063,3,0,0.061,4132039
1789152064,4,0,0.525,4132039
1789152064,4,0,0.542,4132039
1789152064,6,0,0.014,4132039
1789152065,2,0,0.385,4132039
1789152065,0,0,0.006,4132039
1789152065,1,0,0.001,4132039
1789152065,3,0,0.053,4132039
1789152065,3,0,0.004,4132039
1789152065,5,0,0.448,4132039
1789152065,2,0,0.372,4132039
1789152066,4,0,0.524,4132039
1789152066,5,0,0.307,4132039
1789152066,6,0,0.013,4132039
1789152066,2,0,0.005,4132039
1789152066,3,0,0.104,4132039
1789152066,6,0,0.007,4132039
1789152068,2,0,1.18,4132039
1789152068,3,0,0.011,4132039
1789152068,6,0,0.008,4132039
1789152068,0,0,0.007,4132039
1789152068,1,0,0.002,4132039
1789152068,5,0,0.442,4132039
1789152069,2,0,0.485,4132039
1789152069,0,0,0.005,4132039
1789152069,0,0,0.009,4132039
1789152069,4,0,0.226,4132039
1789152069,6,1,0.004,4132039
1789152070,4,0,1.094,4132039
1789152070,5,0,0.523,4132039
1789152070,0,0,0.015,4132039
1789152071,5,0,0.55,4132039
1789152071,3,0,0.113,4132039
1789152072,4,0,0.614,4132039
1789152072,0,0,0.004,4132039
1789152075,5,0,3.598,4132039
1789152076,2,0,0.488,4132039
1789152079,5,0,3.343,4132039
1789152080,2,0,0.634,4132039
1789152080,6,0,0.006,4132039
1789152080,3,0,0.122,4132039
1789152080,3,0,0.064,4132039
1789152082,4,0,1.513,4132039
1789152082,6,0,0.003,4132039
1789152082,3,0,0.006,4132039
1789152082,4,0,0.086,4132039
1789152082,2,0,0.002,4132039
1789152082,3,0,0.022,4132039
1789152082,5,0,0.101,4132039
1789152083,2,0,0.874,4132039
1789152083,4,0,0.572,4132039
1789152083,3,0,0.003,4132039
1789152084,5,0,0.389,4132039
1789152084,1,0,0.003,4132039
1789152084,2,0,0.002,4132039
1789152084,4,0,0.699,4132039
1789152084,0,0,0.005,4132039
1789152084,0,0,0.015,4132039
1789152084,3,0,0.027,4132039
1789152085,4,0,0.508,4132039
1789152085,4,0,0.245,4132039
1789152086,5,0,0.484,4132039
1789152087,4,0,1.804,4132039
1789152088,2,0,0.384,4132039
1789152088,3,0,0.04,4132039
1789152088,1,0,0.001,4132039
1789152088,2,0,0.389,4132039
1789152088,3,0,0.051,4132039
1789152088,6,0,0.005,4132039
1789152088,6,0,0.006,4132039
1789152088,1,0,0.001,4132039
1789152088,0,0,0.004,4132039
1789152088,0,0,0.006,4132039
1789152088,1,0,0.001,4132039
1789152088,3,0,0.074,4132039
1789152089,2,0,0.567,4132039
1789152089,4,0,0.584,4132039
1789152089,2,0,0.002,4132039
1789152090,4,0,0.823,4132039
1789152090,1,0,0.001,4132039
1789152090,0,0,0.003,4132039
1789152090,0,0,0.005,4132039
1789152090,3,0,0.04,4132039
1789152090,6,0,0.019,4132039
1789152090,0,0,0.006,4132039
1789152090,3,0,0.01,4132039
1789152090,0,0,0.016,4132039
1789152090,0,0,0.003,4132039
1789152091,4,0,0.312,4132039
1789152091,4,0,0.548,4132039
1789152091,6,0,0.008,4132039
1789152091,2,0,0.002,4132039
1789152092,5,0,0.635,4132039
1789152092,2,0,0.001,4132039
1789152092,6,0,0.006,4132039
1789152093,4,0,1.501,4132039
1789152093,6,0,0.009,4132039
1789152093,2,0,0.001,4132039
1789152093,6,0,0.008,4132039
1789152093,1,0,0.001,4132039
1789152094,2,0,0.996,4132039
1789152095,4,0,1.039,4132039
1789152096,7,0,0.253,4132039
1789152096,0,0,0.006,4132039
1789152100,5,0,4.216,4132039
1789152100,0,0,0.004,4132039
1789152100,0,0,0.006,4132039
1789152100,6,0,0.012,4132039
1789152104,5,0,3.857,4132039
1789152105,4,0,1.102,4132039
1789152105,0,0,0.009,4132039
1789152106,4,0,0.793,4132039
1789152106,3,0,0.016,4132039
1789152106,0,0,0.003,4132039
1789152106,3,0,0.089,4132039
1789152106,6,0,0.006,4132039
1789152106,3,0,0.011,4132039
1789152106,3,0,0.006,4132039
1789152106,3,0,0.006,4132039
1789152107,4,0,1.04,4132039
1789152107,6,0,0.005,4132039
1789152107,6,0,0.004,4132039
1789152107,3,0,0.002,4132039
1789152107,6,0,0.005,4132039
1789152107,0,0,0.006,4132039
1789152108,4,0,0.658,4132039
1789152108,3,0,0.005,4132039
1789152108,4,0,0.519,4132039
1789152108,0,0,0.012,4132039
1789152109,2,0,0.651,4132039
1789152109,5,0,0.193,4132039
1789152109,6,0,0.005,4132039
1789152109,2,0,0.002,4132039
1789152109,0,0,0.006,4132039
1789152109,3,0,0.005,4132039
1789152109,6,0,0.009,4132039
1789152109,0,0,0.016,4132039
1789152113,5,0,3.875,4132039
1789152118,7,0,4.791,4132039
1789152118,0,0,0.008,4132039
1789152118,1,0,0.001,4132039
1789152118,4,0,0.514,4132039
1789152118,0,0,0.006,4132039
1789152118,0,0,0.006,4132039
1789152118,3,0,0.06,4132039
1789152118,0,0,0.01,4132039
1789152118,0,0,0.002,4132039
1789152119,4,0,0.53,4132039
1789152119,3,0,0.022,4132039
1789152119,3,0,0.159,4132039
1789152122,5,0,3.313,4132039
1789152123,2,0,0.841,4132039
1789152124,4,0,0.454,4132039
1789152124,4,0,0.684,4132039
1789152128,7,0,3.281,4132039
1789152128,3,0,0.061,4132039
1789152128,3,0,0.083,4132039
1789152128,0,0,0.003,4132039
1789152128,3,0,0.142,4132039
1789152128,6,0,0.005,4132039
1789152128,3,0,0.19,4132039
1789152128,2,0,0.003,4132039
1789152129,4,0,1.055,4132039
1789152130,4,0,0.658,4132039
1789152130,2,0,0.428,4132039
1789152130,6,0,0.006,4132039
1789152130,3,0,0.003,4132039
1789152130,3,0,0.022,4132039
1789152131,2,0,0.318,4132039
1789152131,6,0,0.008,4132039
1789152131,2,0,0.699,4132039
1789152138,5,0,6.245,4132039
1789152138,3,0,0.056,4132039
1789152138,3,0,0.006,4132039
1789152138,4,0,0.397,4132039
1789152138,3,0,0.168,4132039
1789152138,5,0,0.175,4132039
1789152138,3,0,0.024,4132039
1789152138,6,0,0.006,4132039
1789152138,2,0,0.001,4132039
1789152138,0,0,0.01,4132039
1789152138,3,0,0.092,4132039
1789152139,5,0,0.163,4132039
1789152140,4,0,1.137,4132039
1789152140,3,0,0.047,4132039
1789152140,6,0,0.007,4132039
1789152140,4,0,0.457,4132039
1789152141,4,0,0.598,4132039
1789152141,3,0,0.072,4132039
1789152141,2,0,0.003,4132039
1789152141,0,0,0.009,4132039
1789152141,4,0,0.504,4132039
1789152141,2,0,0.003,4132039
1789152142,2,0,0.771,4132039
1789152142,0,0,0.007,4132039
1789152142,6,0,0.009,4132039
1789152143,4,0,0.388,4132039
1789152143,0,0,0.003,4132039
1789152143,0,0,0.012,4132039
1789152143,3,0,0.011,4132039
1789152143,4,0,0.441,4132039
1789152143,2,0,0.001,4132039
1789152144,5,0,0.832,4132039
1789152144,2,0,0.306,4132039
1789152144,6,0,0.008,4132039
1789152144,4,0,0.141,4132039
1789152144,3,0,0.006,4132039
1789152145,5,0,0.713,4132039
1789152149,7,0,3.625,4132039
1789152149,6,0,0.018,4132039
1789152150,4,0,1.034,4132039
1789152150,4,0,0.296,4132039
1789152151,4,0,1.349,4132039
1789152153,2,0,1.304,4132039
1789152153,4,0,0.652,4132039
1789152153,3,0,0.105,4132039
1789152154,3,0,0.179,4132039
1789152154,3,0,0.058,4132039
1789152154,4,0,0.261,4132039
1789152158,5,0,4.425,4132039
1789152159,5,0,0.971,4132039
1789152159,3,0,0.005,4132039
1789152160,2,0,0.273,4132039
1789152160,0,0,0.003,4132039
1789152160,7,0,0.149,4132039
1789152160,2,0,0.36,4132039
1789152161,2,0,1.202,4132039
1789152162,4,0,0.601,4132039
1789152162,6,0,0.007,4132039
1789152162,3,0,0.016,4132039
1789152162,3,0,0.008,4132039
1789152163,5,0,0.59,4132039
1789152163,6,0,0.008,4132039
1789152163,2,0,0.321,4132039
1789152164,4,0,0.877,4132039
1789152164,4,0,0.436,4132039
1789152169,5,0,5.213,4132039
1789152169,3,0,0.004,4132039
1789152170,4,0,0.87,4132039
1789152170,5,0,0.174,4132039
1789152171,3,0,0.19,4132039
1789152172,4,0,0.992,4132039
1789152173,4,0,1.332,4132039
1789152173,3,0,0.082,4132039
1789152173,0,0,0.007,4132039
1789152173,3,0,0.049,4132039
1789152173,3,0,0.085,4132039
1789152174,4,0,1.064,4132039
1789152175,4,0,0.898,4132039
1789152175,3,0,0.012,4132039
1789152176,4,0,0.778,4132039
1789152176,5,0,0.394,4132039
1789152177,2,0,0.741,4132039
1789152177,3,0,0.119,4132039
1789152178,4,0,0.78,4132039
1789152182,5,0,4.194,4132039
1789152182,1,0,0.003,4132039
1789152183,5,0,0.484,4132039
1789152185,4,0,2.071,4132039
1789152185,3,0,0.009,4132039
1789152185,2,0,0.019,4132039
1789152185,1,0,0.002,4132039
1789152185,3,0,0.068,4132039
1789152186,5,0,1.232,4132039
1789152186,3,0,0.055,4132039
1789152186,0,0,0.014,4132039
1789152186,3,0,0.042,4132039
1789152190,5,0,3.871,4132039
1789152190,3,0,0.175,4132039
1789152191,4,0,0.373,4132039
1789152191,1,0,0.001,4132039
1789152191,0,0,0.003,4132039
1789152191,6,0,0.006,4132039
1789152191,0,0,0.003,4132039
1789152191,6,0,0.006,4132039
1789152192,2,0,1.665,4132039
1789152192,0,0,0.011,4132039
1789152192,1,0,0,4132039
1789152192,1,0,0.001,4132039
1789152192,0,0,0.013,4132039
1789152193,7,0,0.499,4132039
1789152193,3,0,0.03,4132039
1789152193,0,0,0.035,4132039
1789152195,4,0,2.253,4132039
1789152196,4,0,0.49,4132039
1789152196,3,0,0.049,4132039
1789152197,2,0,0.994,4132039
1789152198,4,0,1.063,4132039
1789152199,2,0,0.79,4132039
1789152199,0,0,0.004,4132039
1789152199,5,0,0.111,4132039
1789152199,0,0,0.007,4132039
1789152199,1,0,0.001,4132039
1789152199,3,0,0.087,4132039
1789152200,4,0,1.116,4132039
1789152200,3,0,0.028,4132039
1789152200,4,0,0.263,4132039
1789152200,1,0,0.001,4132039
1789152201,2,0,0.63,4132039
1789152207,7,0,5.752,4132039
1789152207,2,0,0.001,4132039
1789152207,2,0,0.003,4132039
1789152208,2,0,1.406,4132039
1789152208,3,0,0.011,4132039
1789152208,3,0,0.002,4132039
1789152208,2,0,0.344,4132039
1789152208,2,0,0.002,4132039
1789152209,7,0,0.207,4132039
1789152209,4,0,0.898,4132039
1789152210,4,0,0.435,4132039
1789152210,0,0,0.004,4132039
1789152210,3,0,0.107,4132039
1789152210,1,0,0.002,4132039
1789152211,4,0,0.57,4132039
1789152211,0,0,0.007,4132039
1789152211,1,0,0.001,4132039
1789152211,4,0,0.831,4132039
1789152212,4,0,0.5,4132039
1789152212,6,0,0.011,4132039
1789152212,6,0,0.007,4132039
1789152212,0,0,0.008,4132039
1789152212,7,0,0.156,4132039
1789152212,3,0,0.007,4132039
1789152213,4,0,0.742,4132039
1789152213,3,0,0.04,4132039
1789152213,6,0,0.006,4132039
1789152213,6,0,0.005,4132039
1789152213,5,0,0.111,4132039
1789152213,3,0,0.005,4132039
1789152214,4,0,0.526,4132039
1789152214,3,0,0.106,4132039
1789152214,3,0,0.008,4132039
1789152214,6,0,0.004,4132039
1789152214,7,0,0.138,4132039
1789152214,6,0,0.007,4132039
1789152214,3,0,0.002,4132039
1789152214,2,0,0.003,4132039
1789152216,2,0,1.904,4132039
1789152216,1,0,0.001,4132039
1789152216,0,0,0.003,4132039
1789152216,2,0,0.453,4132039
1789152216,3,0,0.06,4132039
1789152216,2,0,0.201,4132039
1789152216,0,0,0.009,4132039
1789152217,4,0,0.187,4132039
1789152217,4,0,0.257,4132039
1789152217,3,0,0.035,4132039
1789152217,0,0,0.006,4132039
1789152217,4,0,0.381,4132039
1789152218,4,0,0.321,4132039
1789152218,2,0,0.228,4132039
1789152218,0,0,0.008,4132039
1789152218,0,0,0.006,4132039
1789152218,3,0,0.017,4132039
1789152218,1,0,0.001,4132039
1789152218,0,0,0.004,4132039
1789152218,1,0,0,4132039
1789152218,4,0,0.38,4132039
1789152218,2,0,0.002,4132039
1789152218,0,0,0.006,4132039
1789152218,3,0,0.01,4132039
1789152219,2,0,0.504,4132039
1789152219,1,0,0.001,4132039
1789152219,2,0,0.001,4132039
1789152219,4,0,0.191,4132039
1789152224,5,0,4.625,4132039
1789152224,6,0,0.005,4132039
1789152224,2,0,0.001,4132039
1789152224,3,0,0.009,4132039
1789152228,7,0,4.487,4132039
1789152228,3,0,0.043,4132039
1789152228,0,0,0.01,4132039
1789152228,3,0,0.005,4132039
1789152228,5,0,0.107,4132039
1789152229,2,0,0.383,4132039
1789152229,1,0,0.002,4132039
1789152229,0,0,0.011,4132039
1789152229,6,0,0.006,4132039
1789152229,6,0,0.013,4132039
1789152229,4,0,0.424,4132039
1789152230,5,0,0.733,4132039
1789152230,1,0,0.001,4132039
1789152230,2,0,0.615,4132039
1789152230,0,0,0.028,4132039
1789152231,2,0,0.405,4132039
1789152231,2,0,0.23,4132039
1789152231,0,0,0.003,4132039
1789152231,0,0,0.008,4132039
1789152232,4,0,0.769,4132039
1789152232,6,0,0.008,4132039
1789152232,1,0,0.001,4132039
1789152232,6,0,0.005,4132039
1789152233,5,0,0.878,4132039
1789152233,3,0,0.124,4132039
1789152233,4,0,0.373,4132039
1789152235,5,0,1.288,4132039
1789152235,1,0,0.001,4132039
1789152235,4,0,0.634,4132039
1789152235,0,0,0.014,4132039
1789152235,6,0,0.007,4132039
1789152235,0,0,0.01,4132039
1789152237,4,0,1.855,4132039
1789152237,3,0,0.012,4132039
1789152237,6,0,0.004,4132039
1789152237,1,0,0.001,4132039
1789152237,4,0,0.353,4132039
1789152242,5,0,5.03,4132039
1789152242,6,0,0.006,4132039
1789152243,4,0,0.548,4132039
1789152243,6,0,0.008,4132039
1789152243,4,0,0.38,4132039
1789152243,2,0,0.002,4132039
1789152243,3,0,0.006,4132039
1789152244,2,0,0.598,4132039
1789152245,2,0,0.797,4132039
1789152246,4,0,0.719,4132039
1789152246,4,0,0.197,4132039
1789152246,6,0,0.008,4132039
1789152246,3,0,0.072,4132039
1789152246,4,0,0.456,4132039
1789152246,3,0,0.04,4132039
1789152246,6,0,0.01,4132039
1789152246,0,0,0.031,4132039
1789152246,3,0,0.011,4132039
1789152247,2,0,0.609,4132039
1789152247,2,0,0.002,4132039
1789152248,4,0,0.547,4132039
1789152248,2,0,0.444,4132039
1789152248,0,0,0.008,4132039
1789152248,6,0,0.006,4132039
1789152248,5,0,0.099,4132039
1789152248,2,0,0.36,4132039
1789152253,5,0,4.237,4132039
1789152253,3,0,0.043,4132039
1789152253,5,0,0.124,4132039
1789152254,2,0,0.985,4132039
1789152254,0,0,0.009,4132039
1789152254,0,0,0.006,4132039
1789152254,4,0,0.39,4132039
1789152254,6,0,0.005,4132039
1789152254,3,0,0.055,4132039
1789152259,5,0,4.621,4132039
1789152259,6,0,0.007,4132039
1789152260,4,0,0.605,4132039
1789152260,6,0,0.005,4132039
1789152260,0,0,0.004,4132039
1789152260,2,0,0.001,4132039
1789152260,4,0,0.497,4132039
1789152261,4,0,0.949,4132039
1789152261,3,0,0.041,4132039
1789152261,3,0,0.06,4132039
1789152261,6,0,0.005,4132039
1789152261,7,0,0.155,4132039
1789152261,3,0,0.037,4132039
1789152261,6,0,0.006,4132039
1789152262,5,0,0.196,4132039
1789152262,0,0,0.029,4132039
1789152262,1,0,0.001,4132039
1789152262,4,0,0.354,4132039
1789152262,4,0,0.386,4132039
1789152262,2,0,0.001,4132039
1789152263,4,0,0.305,4132039
1789152263,4,0,0.51,4132039
1789152263,4,0,0.278,4132039
1789152265,4,0,1.78,4132039
1789152265,6,0,0.005,4132039
1789152266,4,0,0.516,4132039
1789152266,5,0,0.456,4132039
1789152267,2,0,0.371,4132039
1789152267,0,0,0.006,4132039
1789152267,4,0,0.472,4132039
1789152267,1,0,0.002,4132039
1789152267,2,0,0.002,4132039
1789152267,0,0,0.005,4132039
1789152267,1,0,0.001,4132039
1789152267,4,0,0.404,4132039
1789152267,3,0,0.098,4132039
1789152267,0,0,0.003,4132039
1789152268,4,0,0.361,4132039
1789152268,6,0,0.005,4132039
1789152268,6,0,0.013,4132039
1789152268,0,0,0.013,4132039
1789152268,1,0,0.001,4132039
1789152268,0,0,0.005,4132039
1789152268,7,0,0.355,4132039
1789152269,2,0,0.312,4132039
1789152270,4,0,1.279,4132039
1789152270,2,0,0.003,4132039
1789152270,7,0,0.159,4132039
1789152270,5,0,0.143,4132039
1789152270,3,0,0.034,4132039
1789152270,4,0,0.259,4132039
1789152271,4,0,1.012,4132039
1789152271,0,0,0.006,4132039
1789152271,1,0,0.001,4132039
1789152271,3,0,0.001,4132039
1789152272,5,0,0.36,4132039
1789152272,0,0,0.004,4132039
1789152272,0,0,0.009,4132039
1789152272,0,0,0.002,4132039
1789152272,3,0,0.075,4132039
1789152272,3,0,0.101,4132039
1789152272,0,0,0.007,4132039
1789152272,3,0,0.005,4132039
1789152273,4,0,0.502,4132039
1789152273,5,0,0.178,4132039
1789152273,6,0,0.008,4132039
1789152273,3,0,0.055,4132039
1789152273,0,0,0.003,4132039
1789152273,6,0,0.008,4132039
1789152274,2,0,1.024,4132039
1789152274,5,0,0.187,4132039
1789152274,3,0,0.004,4132039
1789152274,3,0,0.004,4132039
1789152274,3,0,0.035,4132039
1789152274,0,0,0.003,4132039
1789152274,6,0,0.005,4132039
1789152274,7,0,0.161,4132039
1789152274,5,0,0.169,4132039
1789152274,0,0,0.013,4132039
1789152274,0,0,0.017,4132039
1789152274,1,0,0.001,4132039
1789152275,3,0,0.112,4132039
1789152275,1,0,0.001,4132039
1789152275,5,0,0.121,4132039
1789152275,0,0,0.006,4132039
1789152275,3,0,0.019,4132039
1789152275,1,0,0.001,4132039
1789152275,2,0,0.003,4132039
1789152275,3,0,0.111,4132039
1789152275,5,0,0.686,4132039
1789152275,3,0,0.004,4132039
1789152276,4,0,0.257,4132039
1789152276,3,0,0.03,4132039
1789152276,0,0,0.014,4132039
1789152276,0,0,0.005,4132039
1789152277,4,0,0.742,4132039
1789152277,2,0,0.002,4132039
1789152278,4,0,1.156,4132039
1789152278,6,0,0.005,4132039
1789152278,5,0,0.153,4132039
1789152278,0,0,0.018,4132039
1789152278,3,0,0.073,4132039
1789152278,3,0,0.059,4132039
1789152281,5,0,3.522,4132039
1789152282,6,0,0.004,4132039
1789152282,0,0,0.003,4132039
1789152282,3,0,0.069,4132039
1789152282,4,0,0.573,4132039
1789152282,3,0,0.025,4132039
1789152282,3,0,0.048,4132039
1789152282,0,0,0.006,4132039
1789152282,4,0,0.148,4132039
1789152282,6,0,0.007,4132039
1789152283,4,0,0.324,4132039
1789152283,2,0,0.405,4132039
1789152283,3,0,0.092,4132039
1789152284,4,0,0.759,4132039
1789152284,6,0,0.004,4132039
1789152285,4,0,1.034,4132039
1789152285,2,0,0.185,4132039
1789152285,6,0,0.006,4132039
1789152286,4,0,0.739,4132039
1789152287,4,0,0.693,4132039
1789152287,3,0,0.045,4132039
1789152287,5,0,0.198,4132039
1789152287,2,0,0.026,4132039
1789152287,0,0,0.017,4132039
1789152288,4,0,0.932,4132039
1789152288,2,0,0.003,4132039
1789152288,3,0,0.004,4132039
1789152288,5,0,0.573,4132039
1789152289,5,0,0.222,4132039
1789152289,6,0,0.005,4132039
1789152290,4,0,1.539,4132039
1789152290,0,0,0.004,4132039
1789152290,6,0,0.003,4132039
1789152290,0,0,0.005,4132039
1789152291,4,0,0.464,4132039
1789152291,3,0,0.012,4132039
1789152291,0,0,0.006,4132039
1789152291,3,0,0.155,4132039
1789152291,0,0,0.018,4132039
1789152291,0,0,0.009,4132039
1789152291,4,0,0.448,4132039
1789152291,6,0,0.007,4132039
1789152291,0,0,0.005,4132039
1789152292,5,0,0.672,4132039
1789152292,6,0,0.004,4132039
1789152292,2,0,0.001,4132039
1789152293,4,0,1.351,4132039
1789152293,3,0,0.008,4132039
1789152294,4,0,0.397,4132039
1789152294,6,0,0.005,4132039
1789152295,4,0,0.815,4132039
1789152295,3,0,0.002,4132039
1789152295,7,0,0.151,4132039
1789152296,4,0,0.909,4132039
1789152296,6,0,0.004,4132039
1789152297,4,0,0.978,4132039
1789152297,5,0,0.12,4132039
1789152297,4,0,0.607,4132039
1789152297,0,0,0.018,4132039
1789152298,3,0,0.187,4132039
1789152298,0,0,0.005,4132039
1789152298,6,0,0.005,4132039
1789152298,2,0,0.002,4132039
1789152298,4,0,0.694,4132039
1789152298,3,0,0.199,4132039
1789152298,2,0,0.001,4132039
1789152299,2,0,0.707,4132039
1789152299,1,0,0.002,4132039
1789152299,5,0,0.271,4132039
1789152300,4,0,0.502,4132039
1789152300,0,0,0.014,4132039
1789152300,2,0,0.314,4132039
1789152300,6,0,0.007,4132039
1789152301,5,0,0.805,4132039
1789152301,3,0,0.081,4132039
1789152301,3,0,0.008,4132039
1789152301,6,0,0.007,4132039
1789152302,4,0,0.862,4132039
1789152302,1,0,0.001,4132039
1789152302,0,0,0.032,4132039
1789152303,4,0,0.452,4132039
1789152303,4,0,0.635,4132039
1789152303,0,0,0.006,4132039
1789152303,6,0,0.008,4132039
1789152304,4,0,0.443,4132039
1789152304,0,0,0.008,4132039
1789152304,5,0,0.102,4132039
1789152304,4,0,0.707,4132039
1789152304,1,0,0.001,4132039
1789152305,4,0,0.563,4132039
1789152305,0,0,0.005,4132039
1789152305,2,0,0.003,4132039
1789152305,2,0,0.001,4132039
1789152305,6,0,0.006,4132039
1789152306,2,0,0.735,4132039
1789152306,0,0,0.006,4132039
1789152307,2,0,0.813,4132039
1789152307,6,0,0.006,4132039
1789152307,3,0,0.007,4132039
1789152307,2,0,0.367,4132039
1789152307,1,0,0.001,4132039
1789152308,5,0,0.566,4132039
1789152308,3,0,0.157,4132039
1789152308,3,0,0.005,4132039
1789152308,3,0,0.044,4132039
1789152308,2,0,0.003,4132039
1789152308,6,0,0.017,4132039
1789152308,2,0,0.003,4132039
1789152308,4,0,0.71,4132039
1789152308,3,0,0.016,4132039
1789152309,4,0,0.434,4132039
1789152309,4,0,0.239,4132039
1789152309,3,0,0.094,4132039
1789152310,4,0,0.719,4132039
1789152310,1,0,0.001,4132039
1789152310,0,0,0.013,4132039
1789152310,6,0,0.005,4132039
1789152310,6,0,0.005,4132039
1789152310,3,0,0.033,4132039
1789152310,5,0,0.146,4132039
1789152310,6,0,0.005,4132039
1789152311,4,0,0.514,4132039
1789152311,0,0,0.005,4132039
1789152311,3,0,0.104,4132039
1789152311,3,0,0.109,4132039
1789152311,4,0,0.459,4132039
1789152311,3,0,0.066,4132039
1789152311,0,0,0.004,4132039
1789152311,2,0,0.002,4132039
1789152311,3,0,0.015,4132039
1789152311,6,0,0.004,4132039
1789152313,4,0,1.148,4132039
1789152313,0,0,0.014,4132039
1789152313,3,0,0.083,4132039
1789152313,6,0,0.006,4132039
1789152313,6,0,0.006,4132039
1789152313,6,0,0.007,4132039
1789152313,4,0,0.472,4132039
1789152314,4,0,0.493,4132039
1789152314,4,0,0.609,4132039
1789152315,5,0,0.587,4132039
1789152316,5,0,1.473,4132039
1789152316,0,0,0.029,4132039
1789152316,3,0,0.025,4132039
1789152316,6,0,0.005,4132039
1789152316,0,0,0.005,4132039
1789152316,3,0,0.052,4132039
1789152316,0,0,0.009,4132039
1789152317,2,0,0.778,4132039
1789152318,2,0,0.46,4132039
1789152318,4,0,0.291,4132039
1789152318,1,0,0.002,4132039
1789152318,3,0,0.014,4132039
1789152318,4,0,0.44,4132039
1789152319,4,0,0.319,4132039
1789152319,5,0,0.507,4132039
1789152319,2,0,0.001,4132039
1789152319,0,0,0.005,4132039
1789152319,6,0,0.008,4132039
1789152319,0,0,0.008,4132039
1789152319,6,0,0.005,4132039
1789152319,6,0,0.013,4132039
1789152320,4,0,0.814,4132039
1789152320,2,0,0.001,4132039
1789152320,3,0,0.048,4132039
1789152320,5,0,0.129,4132039
1789152321,2,0,0.192,4132039
1789152321,4,0,0.397,4132039
1789152321,0,0,0.052,4132039
1789152321,3,0,0.029,4132039
1789152321,0,0,0.003,4132039
1789152321,6,0,0.005,4132039
1789152321,1,0,0.001,4132039
1789152322,4,0,0.716,4132039
1789152322,2,0,0.341,4132039
1789152323,4,0,0.479,4132039
1789152323,1,0,0.002,4132039
1789152323,2,0,0.383,4132039
1789152324,2,0,0.944,4132039
1789152324,4,0,0.55,4132039
1789152324,0,0,0.004,4132039
1789152325,5,0,0.104,4132039
1789152325,6,0,0.01,4132039
1789152325,3,0,0.113,4132039
1789152327,2,0,1.888,4132039
1789152327,5,0,0.336,4132039
1789152327,3,0,0.007,4132039
1789152327,0,0,0.008,4132039
1789152331,5,0,3.817,4132039
1789152331,2,0,0.438,4132039
1789152331,2,0,0.003,4132039
1789152331,6,0,0.007,4132039
1789152332,2,0,0.652,4132039
1789152333,2,0,1.342,4132039
1789152333,4,0,0.163,4132039
1789152333,2,0,0.002,4132039
1789152334,4,0,0.505,4132039
1789152334,5,0,0.495,4132039
1789152334,3,0,0.033,4132039
1789152340,7,0,5.516,4132039
1789152340,3,0,0.105,4132039
1789152341,4,0,0.888,4132039
1789152341,3,0,0.025,4132039
1789152341,3,0,0.025,4132039
1789152345,5,0,4.059,4132039
1789152345,4,0,0.464,4132039
1789152345,3,0,0.014,4132039
1789152347,4,0,1.816,4132039
1789152347,3,0,0.135,4132039
1789152347,3,0,0.005,4132039
1789152347,6,0,0.013,4132039
1789152348,2,0,0.759,4132039
1789152348,3,0,0.007,4132039
1789152349,5,0,0.593,4132039
1789152349,0,0,0.007,4132039
1789152349,2,0,0.001,4132039
1789152349,0,0,0.01,4132039
1789152349,3,0,0.066,4132039
1789152350,4,0,0.718,4132039
1789152351,4,0,1.335,4132039
1789152351,1,0,0.001,4132039
1789152351,3,0,0.009,4132039
1789152351,2,0,0.498,4132039
1789152351,6,0,0.005,4132039
1789152352,4,0,0.801,4132039
1789152352,6,0,0.005,4132039
1789152352,3,0,0.078,4132039
1789152353,4,0,0.765,4132039
1789152354,2,0,1.161,4132039
1789152355,2,0,0.395,4132039
1789152355,4,0,0.4,4132039
1789152355,1,0,0.001,4132039
1789152356,4,0,1.233,4132039
1789152356,0,0,0.009,4132039
1789152356,0,0,0.014,4132039
1789152356,3,0,0.04,4132039
1789152356,6,0,0.006,4132039
1789152356,3,0,0.007,4132039
1789152356,3,0,0.068,4132039
1789152356,0,0,0.005,4132039
1789152357,4,0,0.319,4132039
1789152357,2,0,0.535,4132039
1789152357,6,0,0.004,4132039
1789152357,3,0,0.006,4132039
1789152358,4,0,0.554,4132039
1789152358,0,0,0.003,4132039
1789152363,5,0,5.469,4132039
1789152363,3,0,0.006,4132039
1789152363,0,0,0.004,4132039
1789152363,3,0,0.048,4132039
1789152364,4,0,0.879,4132039
1789152364,2,0,0.011,4132039
1789152365,4,0,0.291,4132039
1789152365,4,0,0.343,4132039
1789152365,4,0,0.308,4132039
1789152367,4,0,1.379,4132039
1789152367,4,0,0.378,4132039
1789152367,2,0,0.001,4132039
1789152368,4,0,0.727,4132039
1789152371,5,0,3.646,4132039
1789152371,6,0,0.004,4132039
1789152372,4,0,0.246,4132039
1789152372,3,0,0.035,4132039
1789152372,2,0,0.751,4132039
1789152372,3,0,0.058,4132039
1789152372,6,0,0.009,4132039
1789152373,2,0,0.343,4132039
1789152373,0,0,0.003,4132039
1789152373,3,0,0.041,4132039
1789152373,6,0,0.006,4132039
1789152373,3,0,0.088,4132039
1789152375,2,0,1.891,4132039
1789152375,2,0,0.012,4132039
1789152375,0,0,0.014,4132039
1789152375,3,0,0.13,4132039
1789152375,0,0,0.003,4132039
1789152375,0,0,0.021,4132039
1789152375,4,0,0.033,4132039
1789152375,4,0,0.321,4132039
1789152376,4,0,0.444,4132039
1789152377,4,0,0.986,4132039
1789152377,3,0,0.058,4132039
1789152377,2,0,0.002,4132039
1789152377,2,0,0.462,4132039
1789152378,2,0,0.525,4132039
1789152378,3,0,0.01,4132039
1789152379,4,0,1.52,4132039
1789152379,3,0,0.129,4132039
1789152380,4,0,1.016,4132039
1789152381,2,0,0.508,4132039
1789152381,0,0,0.004,4132039
1789152381,0,0,0.003,4132039
1789152381,0,0,0.005,4132039
1789152383,5,0,1.938,4132039
1789152387,5,0,4.269,4132039
1789152388,4,0,0.448,4132039
1789152388,1,0,0.003,4132039
1789152388,3,0,0.038,4132039
1789152388,1,0,0.001,4132039
1789152388,3,0,0.094,4132039
1789152388,0,0,0.003,4132039
1789152388,2,0,0.292,4132039
1789152388,3,0,0.06,4132039
1789152388,1,0,0.001,4132039
1789152388,3,0,0.069,4132039
1789152389,4,0,0.416,4132039
1789152389,0,0,0.05,4132039
1789152389,6,0,0.009,4132039
1789152389,2,0,0.002,4132039
1789152389,4,0,0.174,4132039
1789152389,1,0,0.001,4132039
1789152389,3,0,0.038,4132039
1789152389,0,0,0.013,4132039
1789152389,6,0,0.006,4132039
1789152389,4,0,0.477,4132039
1789152390,3,0,0.103,4132039
1789152390,0,0,0.004,4132039
1789152390,1,0,0.001,4132039
1789152390,4,0,0.228,4132039
1789152390,2,0,0.394,4132039
1789152390,6,0,0.009,4132039
1789152391,5,0,0.582,4132039
1789152391,0,0,0.005,4132039
1789152391,0,0,0.004,4132039
1789152391,2,0,0.729,4132039
1789152391,0,0,0.007,4132039
1789152391,6,0,0.009,4132039
1789152392,4,0,0.304,4132039
1789152392,2,0,0.35,4132039
1789152392,0,0,0.003,4132039
1789152392,2,0,0.004,4132039
1789152392,3,0,0.005,4132039
1789152393,4,0,0.749,4132039
1789152393,0,0,0.005,4132039
1789152393,4,0,0.206,4132039
1789152393,3,0,0.003,4132039
1789152393,0,0,0.005,4132039
1789152393,3,0,0.008,4132039
1789152393,3,0,0.037,4132039
1789152394,4,0,0.401,4132039
1789152395,5,0,1.139,4132039
1789152397,4,0,2.241,4132039
1789152397,3,0,0.006,4132039
1789152398,4,0,0.687,4132039
1789152398,2,0,0.169,4132039
1789152398,2,0,0.003,4132039
1789152402,5,0,4.461,4132039
1789152402,0,0,0.009,4132039
1789152403,4,0,0.852,4132039
1789152403,1,0,0.001,4132039
1789152403,2,0,0.001,4132039
1789152403,0,0,0.009,4132039
1789152403,2,0,0.001,4132039
1789152404,4,0,0.615,4132039
1789152405,2,0,0.775,4132039
1789152405,4,0,0.747,4132039
1789152405,0,0,0.005,4132039
1789152406,4,0,0.523,4132039
1789152407,4,0,1.139,4132039
1789152412,5,0,4.592,4132039
1789152412,1,0,0.002,4132039
1789152412,3,0,0.001,4132039
1789152412,2,0,0.001,4132039
1789152412,5,0,0.89,4132039
1789152412,0,0,0.004,4132039
1789152413,5,0,0.573,4132039
1789152414,4,0,1.136,4132039
1789152414,2,0,0.008,4132039
1789152414,1,0,0.001,4132039
1789152414,0,0,0.019,4132039
1789152415,4,0,0.57,4132039
1789152415,0,0,0.003,4132039
1789152415,3,0,0.144,4132039
1789152415,3,0,0.069,4132039
1789152416,4,0,0.685,4132039
1789152416,0,0,0.016,4132039
1789152416,0,0,0.009,4132039
1789152416,7,0,0.625,4132039
1789152416,3,0,0.034,4132039
1789152416,3,0,0.05,4132039
1789152417,7,0,0.249,4132039
1789152421,5,0,4.172,4132039
1789152421,3,0,0.006,4132039
1789152421,3,0,0.003,4132039
1789152421,3,0,0.059,4132039
1789152421,2,0,0.003,4132039
1789152421,0,0,0.038,4132039
1789152421,4,0,0.424,4132039
1789152422,4,0,0.434,4132039
1789152422,1,0,0.001,4132039
1789152422,0,0,0.004,4132039
1789152422,2,0,0.305,4132039
1789152422,3,0,0.176,4132039
1789152422,0,0,0.005,4132039
1789152423,4,0,1.16,4132039
1789152428,7,0,4.069,4132039
1789152428,2,0,0.567,4132039
1789152428,4,0,0.336,4132039
1789152428,6,0,0.01,4132039
1789152428,1,0,0.001,4132039
1789152428,0,0,0.006,4132039
1789152428,1,0,0.001,4132039
1789152428,3,0,0.052,4132039
1789152429,3,0,0.157,4132039
1789152429,3,0,0.071,4132039
1789152429,6,0,0.006,4132039
1789152433,5,0,4.646,4132039
1789152433,6,0,0.008,4132039
1789152433,2,0,0.002,4132039
1789152433,2,0,0.002,4132039
1789152433,2,0,0.002,4132039
1789152433,6,0,0.008,4132039
1789152433,0,0,0.006,4132039
1789152434,4,0,0.455,4132039
1789152435,4,0,0.742,4132039
1789152440,5,0,5.57,4132039
1789152441,4,0,0.597,4132039
1789152441,6,0,0.006,4132039
1789152441,4,0,0.63,4132039
1789152442,4,0,0.547,4132039
1789152442,3,0,0.06,4132039
1789152442,2,0,0.003,4132039
1789152443,5,0,0.599,4132039
1789152443,3,0,0.098,4132039
1789152443,6,0,0.033,4132039
1789152443,4,0,0.343,4132039
1789152444,4,0,0.505,4132039
1789152444,3,0,0.006,4132039
1789152444,4,0,0.672,4132039
1789152444,6,0,0.004,4132039
1789152444,3,0,0.042,4132039
1789152444,3,0,0.055,4132039
1789152448,5,0,3.724,4132039
1789152448,2,0,0.002,4132039
1789152448,3,0,0.096,4132039
1789152448,0,0,0.006,4132039
1789152448,6,0,0.009,4132039
1789152448,0,0,0.007,4132039
1789152448,2,0,0.283,4132039
1789152448,6,0,0.006,4132039
1789152449,2,0,0.466,4132039
1789152449,3,0,0.086,4132039
1789152449,5,0,0.118,4132039
1789152453,5,0,3.77,4132039
1789152454,4,0,1.123,4132039
1789152454,3,0,0.012,4132039
1789152454,4,0,0.209,4132039
1789152455,7,0,0.574,4132039
1789152455,3,0,0.091,4132039
1789152455,2,0,0.002,4132039
1789152459,5,0,3.848,4132039
1789152459,4,0,0.498,4132039
1789152459,0,0,0.018,4132039
1789152460,4,0,1.07,4132039
1789152461,7,0,0.151,4132039
1789152461,3,0,0.004,4132039
1789152461,6,0,0.004,4132039
1789152461,0,0,0.012,4132039
1789152461,4,0,0.357,4132039
1789152461,4,0,0.503,4132039
1789152462,5,0,0.388,4132039
1789152462,2,0,0.003,4132039
1789152462,6,0,0.008,4132039
1789152462,1,0,0.002,4132039
1789152462,3,0,0.191,4132039
1789152466,5,0,4.132,4132039
1789152470,5,0,3.659,4132039
1789152470,3,0,0.012,4132039
1789152470,6,0,0.012,4132039
1789152470,2,0,0.305,4132039
1789152471,2,0,0.862,4132039
1789152472,4,0,0.672,4132039
1789152473,2,0,0.855,4132039
1789152473,0,0,0.006,4132039
1789152473,5,0,0.116,4132039
1789152473,2,0,0.257,4132039
1789152473,0,0,0.004,4132039
1789152473,0,0,0.007,4132039
1789152474,5,0,0.746,4132039
1789152474,6,0,0.004,4132039
1789152474,4,0,0.444,4132039
1789152474,3,0,0.008,4132039
1789152474,1,0,0.002,4132039
1789152474,3,0,0.068,4132039
1789152474,1,0,0.002,4132039
1789152474,0,0,0.005,4132039
1789152474,6,0,0.007,4132039
1789152474,2,0,0.003,4132039
1789152474,6,1,0.005,4132039
1789152475,2,0,0.351,4132039
1789152475,6,0,0.008,4132039
1789152475,3,0,0.006,4132039
1789152475,0,0,0.008,4132039
1789152475,2,0,0,4132039
1789152475,3,0,0.008,4132039
1789152475,3,0,0.1,4132039
1789152475,6,0,0.026,4132039
1789152475,1,0,0.001,4132039
1789152475,3,0,0.219,4132039
1789152476,2,0,0.922,4132039
1789152476,4,0,0.627,4132039
1789152477,5,0,0.166,4132039
1789152477,0,0,0.005,4132039
1789152477,3,0,0.066,4132039
1789152477,4,0,0.467,4132039
1789152478,4,0,0.574,4132039
1789152478,6,0,0.011,4132039
1789152478,0,0,0.009,4132039
1789152478,0,0,0.013,4132039
1789152481,5,0,3.612,4132039
1789152482,4,0,0.62,4132039
1789152482,0,0,0.014,4132039
1789152482,3,0,0.083,4132039
1789152482,1,0,0.001,4132039
1789152482,6,0,0.005,4132039
1789152482,2,0,0.001,4132039
1789152482,3,0,0.04,4132039
1789152482,3,0,0.012,4132039
1789152482,0,0,0.004,4132039
1789152483,4,0,1.24,4132039
1789152483,6,0,0.008,4132039
1789152483,3,0,0.013,4132039
1789152483,1,0,0.001,4132039
1789152483,0,0,0.004,4132039
1789152483,3,0,0.004,4132039
1789152483,3,0,0.007,4132039
1789152484,4,0,0.498,4132039
1789152484,2,0,0.015,4132039
1789152485,4,0,0.644,4132039
1789152485,2,0,0.516,4132039
1789152485,6,0,0.021,4132039
1789152485,2,0,0.006,4132039
1789152485,0,0,0.016,4132039
1789152486,4,0,0.732,4132039
1789152486,6,0,0.01,4132039
1789152486,4,0,0.508,4132039
1789152486,0,0,0.006,4132039
1789152486,3,0,0.003,4132039
1789152488,4,0,1.683,4132039
1789152489,2,0,0.879,4132039
1789152489,3,0,0.067,4132039
1789152489,3,0,0.034,4132039
1789152489,1,0,0.002,4132039
1789152489,3,0,0.041,4132039
1789152489,6,0,0.006,4132039
1789152489,3,0,0.107,4132039
1789152490,4,0,0.522,4132039
1789152490,4,0,0.557,4132039
1789152490,3,0,0.025,4132039
1789152490,6,0,0.015,4132039
1789152491,4,0,0.506,4132039
1789152491,2,0,0.009,4132039
1789152491,4,0,0.288,4132039
1789152492,4,0,0.367,4132039
1789152492,2,0,0.004,4132039
1789152492,3,0,0.033,4132039
1789152492,0,0,0.009,4132039
1789152492,0,0,0.007,4132039
1789152492,0,0,0.01,4132039
1789152492,1,0,0.001,4132039
1789152492,4,0,0.306,4132039
1789152492,1,0,0.002,4132039
1789152492,0,0,0.029,4132039
1789152492,3,0,0.102,4132039
1789152493,4,0,1.051,4132039
1789152493,2,0,0.353,4132039
1789152493,6,0,0.004,4132039
1789152493,3,0,0.005,4132039
1789152494,4,0,0.57,4132039
1789152495,2,0,0.793,4132039
1789152496,4,0,1.421,4132039
1789152496,0,0,0.018,4132039
1789152497,4,0,0.315,4132039
1789152497,2,0,0.003,4132039
1789152497,3,0,0.088,4132039
1789152500,7,0,3.329,4132039
1789152500,3,0,0.116,4132039
1789152501,2,0,1.293,4132039
1789152504,5,0,2.753,4132039
1789152504,5,0,0.091,4132039
1789152505,4,0,0.919,4132039
1789152505,5,0,0.102,4132039
1789152505,0,0,0.008,4132039
1789152505,3,0,0.038,4132039
1789152506,4,0,0.966,4132039
1789152506,6,0,0.007,4132039
1789152506,4,0,0.206,4132039
1789152507,3,0,0.062,4132039
1789152507,3,0,0.089,4132039
1789152507,3,0,0.037,4132039
1789152507,6,0,0.006,4132039
1789152507,5,0,0.714,4132039
1789152508,4,0,0.688,4132039
1789152508,2,0,0.002,4132039
1789152510,4,0,1.528,4132039
1789152515,5,0,5.007,4132039
1789152515,2,0,0.001,4132039
1789152515,4,0,0.435,4132039
1789152515,6,0,0.008,4132039
1789152515,3,0,0.025,4132039
1789152515,0,0,0.009,4132039
1789152515,0,0,0.004,4132039
1789152515,3,0,0.19,4132039
1789152515,0,0,0.006,4132039
1789152516,2,0,0.535,4132039
1789152516,0,0,0.006,4132039
1789152516,6,0,0.006,4132039
1789152516,3,0,0.049,4132039
1789152516,2,0,0.002,4132039
1789152516,3,0,0.072,4132039
1789152516,4,0,0.336,4132039
1789152516,6,0,0.007,4132039
1789152516,6,0,0.004,4132039
1789152516,6,0,0.006,4132039
1789152516,5,0,0.112,4132039
1789152517,5,0,0.521,4132039
1789152517,3,0,0.007,4132039
1789152517,3,0,0.042,4132039
1789152517,2,0,0.294,4132039
1789152517,0,0,0.019,4132039
1789152518,4,0,0.329,4132039
1789152518,6,0,0.011,4132039
1789152518,0,0,0.005,4132039
1789152518,0,0,0.007,4132039
1789152518,0,0,0.005,4132039
1789152518,4,0,0.416,4132039
1789152518,7,0,0.154,4132039
1789152518,0,0,0.008,4132039
1789152518,3,0,0.067,4132039
1789152518,0,0,0.004,4132039
1789152518,3,0,0.006,4132039
1789152518,0,0,0.01,4132039
1789152518,0,0,0.008,4132039
1789152519,4,0,1.138,4132039
1789152520,5,0,0.11,4132039
1789152520,3,0,0.042,4132039
1789152520,0,0,0.004,4132039
1789152521,4,0,1.737,4132039
1789152522,4,0,0.779,4132039
1789152523,4,0,0.831,4132039
1789152523,3,0,0.004,4132039
1789152523,5,0,0.17,4132039
1789152523,0,0,0.008,4132039
1789152523,1,0,0.003,4132039
1789152523,0,0,0.003,4132039
1789152523,0,0,0.002,4132039
1789152523,6,0,0.009,4132039
1789152523,0,0,0.007,4132039
1789152530,5,0,6.53,4132039
1789152531,4,0,1.27,4132039
1789152531,6,0,0.012,4132039
1789152531,0,0,0.007,4132039
1789152531,2,0,0.002,4132039
1789152531,3,0,0.023,4132039
1789152532,4,0,0.711,4132039
1789152532,4,0,0.46,4132039
1789152532,0,0,0.009,4132039
1789152532,3,0,0.018,4132039
1789152535,4,0,2.557,4132039
1789152535,2,0,0.492,4132039
1789152536,2,0,0.564,4132039
1789152536,0,0,0.008,4132039
1789152536,6,0,0.006,4132039
1789152536,0,0,0.01,4132039
1789152536,2,0,0.002,4132039
1789152536,2,0,0.002,4132039
1789152536,5,0,0.118,4132039
1789152536,0,0,0.012,4132039
1789152536,6,0,0.007,4132039
1789152536,4,0,0.37,4132039
1789152536,3,0,0.059,4132039
1789152542,7,0,5.32,4132039
1789152543,4,0,0.809,4132039
1789152544,5,0,1.288,4132039
1789152544,6,0,0.027,4132039
1789152544,1,0,0.001,4132039
1789152544,4,0,0.419,4132039
1789152550,5,0,5.406,4132039
1789152550,6,0,0.006,4132039
1789152550,0,0,0.012,4132039
1789152550,5,0,0.105,4132039
1789152550,3,0,0.198,4132039
1789152550,2,0,0.002,4132039
1789152550,6,0,0.008,4132039
1789152550,6,0,0.007,4132039
1789152550,5,0,0.242,4132039
1789152550,0,0,0.004,4132039
1789152551,2,0,0.657,4132039
1789152551,4,0,0.501,4132039
1789152551,1,0,0.001,4132039
1789152552,4,0,0.998,4132039
1789152553,2,0,1,4132039
1789152553,0,0,0.004,4132039
1789152554,3,0,0.095,4132039
1789152554,6,0,0.007,4132039
1789152555,4,0,1.162,4132039
1789152555,6,0,0.005,4132039
1789152555,6,0,0.005,4132039
1789152555,2,0,0.555,4132039
1789152555,0,0,0.003,4132039
1789152557,2,0,1.615,4132039
1789152558,4,0,0.656,4132039
1789152558,2,0,0.002,4132039
1789152558,1,0,0.001,4132039
1789152559,2,0,1.069,4132039
1789152559,3,0,0.135,4132039
1789152559,2,0,0.551,4132039
1789152559,2,0,0.003,4132039
1789152559,0,0,0.005,4132039
1789152559,3,0,0.055,4132039
1789152559,3,0,0.094,4132039
1789152559,6,0,0.004,4132039
1789152560,0,0,0.008,4132039
1789152560,3,0,0.006,4132039
1789152560,2,0,0.003,4132039
1789152560,1,0,0.001,4132039
1789152560,2,0,0.502,4132039
1789152561,5,0,0.502,4132039
1789152561,3,0,0.062,4132039
1789152563,5,0,2.843,4132039
1789152563,2,0,0.001,4132039
1789152564,3,0,0.081,4132039
1789152564,2,0,0.559,4132039
1789152564,3,0,0.065,4132039
1789152564,5,0,0.098,4132039
1789152564,3,0,0.019,4132039
1789152564,5,0,0.108,4132039
1789152569,5,0,5.116,4132039
1789152569,3,0,0.014,4132039
1789152570,3,0,0.013,4132039
1789152570,3,0,0.045,4132039
1789152570,0,0,0.02,4132039
1789152570,4,0,0.49,4132039
1789152570,3,0,0.065,4132039
1789152570,2,0,0.002,4132039
1789152570,6,0,0.006,4132039
1789152570,1,0,0.003,4132039
1789152570,2,0,0.357,4132039
1789152571,4,0,0.257,4132039
1789152572,2,0,1.417,4132039
1789152572,0,0,0.008,4132039
1789152573,4,0,0.429,4132039
1789152573,6,0,0.006,4132039
1789152573,4,0,0.587,4132039
1789152573,0,0,0.012,4132039
1789152574,4,0,0.476,4132039
1789152574,3,0,0.011,4132039
1789152574,3,0,0.138,4132039
1789152574,4,0,0.29,4132039
1789152574,0,0,0.007,4132039
1789152574,3,0,0.069,4132039
1789152575,2,0,0.566,4132039
1789152575,4,0,0.335,4132039
1789152575,6,0,0.007,4132039
1789152575,2,0,0.002,4132039
1789152576,4,0,1.098,4132039
1789152578,4,0,1.366,4132039
1789152578,3,0,0.017,4132039
1789152578,7,0,0.262,4132039
1789152579,4,0,0.753,4132039
1789152579,2,0,0.001,4132039
1789152579,5,0,0.68,4132039
1789152580,4,0,0.442,4132039
1789152580,4,0,0.546,4132039
1789152580,6,0,0.007,4132039
1789152580,0,0,0.01,4132039
1789152580,1,0,0.001,4132039
1789152580,0,0,0.013,4132039
1789152580,1,0,0.002,4132039
1789152580,2,0,0.002,4132039
1789152580,6,0,0.013,4132039
1789152585,7,0,4.327,4132039
1789152585,6,0,0.005,4132039
1789152585,6,0,0.01,4132039
1789152585,3,0,0.067,4132039
1789152585,6,0,0.007,4132039
1789152585,4,0,0.547,4132039
1789152585,3,0,0.083,4132039
1789152585,3,0,0.073,4132039
1789152585,6,0,0.009,4132039
1789152585,1,0,0.001,4132039
1789152585,3,0,0.007,4132039
1789152585,0,0,0.007,4132039
1789152585,0,0,0.007,4132039
1789152585,3,0,0.004,4132039
1789152587,4,0,1.154,4132039
1789152587,4,0,0.588,4132039
1789152587,1,0,0.001,4132039
1789152593,7,0,5.767,4132039
1789152594,4,0,0.598,4132039
1789152594,0,0,0.01,4132039
1789152594,4,0,0.36,4132039
1789152594,3,0,0.083,4132039
1789152595,5,0,1.183,4132039
1789152595,0,0,0.004,4132039
1789152595,3,0,0.019,4132039
1789152595,0,0,0.011,4132039
1789152595,3,0,0.043,4132039
1789152595,6,0,0.004,4132039
1789152595,0,0,0.012,4132039
1789152596,7,0,0.42,4132039
1789152596,1,0,0.001,4132039
1789152596,6,0,0.012,4132039
1789152596,6,0,0.022,4132039
1789152596,3,0,0.015,4132039
1789152596,3,0,0.098,4132039
1789152596,3,0,0.006,4132039
1789152596,3,0,0.007,4132039
1789152600,5,0,4.152,4132039
1789152600,0,0,0.009,4132039
1789152601,5,0,1.207,4132039
1789152603,4,0,1.282,4132039
1789152603,5,0,0.702,4132039
1789152603,3,0,0.077,4132039
1789152604,4,0,0.75,4132039
1789152605,4,0,0.667,4132039
1789152605,5,0,0.561,4132039
1789152605,3,0,0.047,4132039
1789152605,3,0,0.043,4132039
1789152605,3,0,0.005,4132039
1789152606,4,0,0.544,4132039
1789152607,2,0,0.615,4132039
1789152607,2,0,0.001,4132039
1789152607,3,0,0.103,4132039
1789152607,3,0,0.016,4132039
1789152608,4,0,0.848,4132039
1789152608,4,0,0.541,4132039
1789152608,3,0,0.045,4132039
1789152610,4,0,1.915,4132039
1789152610,0,0,0.008,4132039
1789152610,1,0,0.002,4132039
1789152610,5,0,0.168,4132039
1789152610,0,0,0.01,4132039
1789152610,1,0,0.001,4132039
1789152610,0,0,0.009,4132039
1789152610,5,0,0.143,4132039
1789152610,2,0,0.01,4132039
1789152611,2,0,0.919,4132039
1789152612,4,0,0.85,4132039
1789152613,2,0,1.25,4132039
1789152613,3,0,0.009,4132039
1789152613,0,0,0.005,4132039
1789152613,0,0,0.007,4132039
1789152613,0,0,0.006,4132039
1789152613,3,0,0.059,4132039
1789152614,4,0,0.952,4132039
1789152614,2,0,0.001,4132039
1789152615,3,0,0.073,4132039
1789152615,4,0,0.91,4132039
1789152616,4,0,0.611,4132039
1789152617,4,0,0.697,4132039
1789152620,5,0,3.674,4132039
1789152620,6,0,0.011,4132039
1789152620,2,0,0.003,4132039
1789152621,4,0,0.895,4132039
1789152622,2,0,0.972,4132039
1789152622,3,0,0.074,4132039
1789152623,2,0,0.5,4132039
1789152623,0,0,0.024,4132039
1789152623,2,0,0.001,4132039
1789152624,5,0,0.681,4132039
1789152624,2,0,0.002,4132039
1789152624,0,0,0.003,4132039
1789152624,4,0,0.395,4132039
1789152625,4,0,0.944,4132039
1789152626,4,0,0.619,4132039
1789152626,6,0,0.006,4132039
1789152626,0,0,0.003,4132039
1789152626,0,0,0.004,4132039
1789152627,4,0,1.935,4132039
1789152627,0,0,0.005,4132039
1789152628,5,0,0.284,4132039
1789152628,3,0,0.003,4132039
1789152629,2,0,0.798,4132039
1789152629,3,0,0.003,4132039
1789152629,4,0,0.44,4132039
1789152629,5,0,0.1,4132039
1789152629,6,0,0.005,4132039
1789152629,2,0,0.238,4132039
1789152629,6,0,0.003,4132039
1789152630,4,0,0.205,4132039
1789152631,4,0,1.059,4132039
1789152634,7,0,3.78,4132039
1789152635,5,0,0.115,4132039
1789152635,2,0,0.002,4132039
1789152635,4,0,0.477,4132039
1789152635,0,0,0.005,4132039
1789152635,1,0,0.002,4132039
1789152635,3,0,0.125,4132039
1789152636,4,0,1.31,4132039
1789152636,3,0,0.005,4132039
1789152636,3,0,0.016,4132039
1789152636,1,0,0.002,4132039
1789152637,4,0,0.319,4132039
1789152637,3,0,0.003,4132039
1789152637,5,0,0.159,4132039
1789152637,0,0,0.005,4132039
1789152637,3,0,0.01,4132039
1789152637,4,0,0.373,4132039
1789152638,7,0,0.553,4132039
1789152638,2,0,0.492,4132039
1789152640,5,0,1.359,4132039
1789152640,2,0,0.63,4132039
1789152640,1,0,0.001,4132039
1789152641,4,0,0.416,4132039
1789152645,5,0,3.837,4132039
1789152645,0,0,0.004,4132039
1789152645,0,0,0.005,4132039
1789152645,4,0,0.269,4132039
1789152645,0,0,0.006,4132039
1789152645,4,0,0.092,4132039
1789152645,3,0,0.004,4132039
1789152645,3,0,0.008,4132039
1789152645,3,0,0.004,4132039
1789152645,2,0,0.002,4132039
1789152645,0,0,0.003,4132039
1789152645,0,0,0.006,4132039
1789152645,3,0,0.01,4132039
1789152646,2,0,0.685,4132039
1789152647,4,0,1.204,4132039
1789152647,3,0,0.005,4132039
1789152647,0,0,0.005,4132039
1789152649,4,0,2.393,4132039
1789152649,3,0,0.019,4132039
1789152654,7,0,4.288,4132039
1789152658,5,0,4.038,4132039
1789152659,4,0,0.835,4132039
1789152660,4,0,1.165,4132039
1789152661,4,0,1.045,4132039
1789152661,0,0,0.014,4132039
1789152661,0,0,0.059,4132039
1789152661,3,0,0.306,4132039
1789152661,0,0,0.006,4132039
1789152661,5,0,0.171,4132039
1789152662,5,0,0.554,4132039
1789152662,4,0,0.359,4132039
1789152662,3,0,0.015,4132039
1789152662,0,0,0.006,4132039
1789152663,4,0,0.55,4132039
1789152663,0,0,0.005,4132039
1789152663,0,0,0.015,4132039
1789152663,1,0,0.001,4132039
1789152663,4,0,0.471,4132039
1789152664,4,0,0.562,4132039
1789152664,0,0,0.008,4132039
1789152664,0,0,0.003,4132039
1789152664,3,0,0.052,4132039
1789152664,0,0,0.003,4132039
1789152664,3,0,0.003,4132039
1789152664,4,0,0.226,4132039
1789152664,3,0,0.049,4132039
1789152665,4,0,0.555,4132039
1789152665,0,0,0.005,4132039
1789152667,4,0,2.039,4132039
1789152667,5,0,0.729,4132039
1789152668,5,0,0.614,4132039
1789152673,7,0,4.869,4132039
1789152673,6,0,0.005,4132039
1789152673,0,0,0.005,4132039
1789152673,0,0,0.005,4132039
1789152674,2,0,0.702,4132039
1789152674,0,0,0.004,4132039
1789152674,3,0,0.01,4132039
1789152674,0,0,0.007,4132039
1789152674,4,0,0.324,4132039
1789152675,2,0,0.765,4132039
1789152675,1,0,0.001,4132039
1789152675,4,0,0.681,4132039
1789152676,4,0,1.006,4132039
1789152676,6,0,0.007,4132039
1789152676,6,0,0.005,4132039
1789152677,4,0,0.526,4132039
1789152678,4,0,0.53,4132039
1789152678,4,0,0.691,4132039
1789152679,4,0,0.317,4132039
1789152679,4,0,0.763,4132039
1789152680,2,0,0.347,4132039
1789152680,0,0,0.003,4132039
1789152680,2,0,0.216,4132039
1789152680,1,0,0.001,4132039
1789152680,3,0,0.069,4132039
1789152681,5,0,1.406,4132039
1789152681,3,0,0.031,4132039
1789152681,1,0,0.001,4132039
1789152681,2,0,0.002,4132039
1789152681,6,0,0.007,4132039
1789152681,3,0,0.005,4132039
1789152681,3,0,0.062,4132039
1789152681,1,0,0,4132039
1789152682,4,0,0.543,4132039
1789152682,2,0,0.275,4132039
1789152683,4,0,0.497,4132039
1789152683,0,0,0.014,4132039
1789152683,4,0,0.513,4132039
1789152684,4,0,0.646,4132039
1789152684,4,0,0.28,4132039
1789152684,6,0,0.003,4132039
1789152684,6,0,0.006,4132039
1789152684,6,0,0.008,4132039
1789152685,2,0,0.694,4132039
1789152689,5,0,4.328,4132039
1789152689,6,0,0.005,4132039
1789152689,0,0,0.003,4132039
1789152689,0,0,0.022,4132039
1789152690,2,0,0.585,4132039
1789152690,0,0,0.016,4132039
1789152690,3,0,0.081,4132039
1789152690,1,0,0.002,4132039
1789152694,5,0,4.444,4132039
1789152695,2,0,0.247,4132039
1789152695,2,0,0.498,4132039
1789152695,3,0,0.111,4132039
1789152695,0,0,0.007,4132039
1789152695,2,0,0.002,4132039
1789152695,2,0,0.003,4132039
1789152695,3,0,0.094,4132039
1789152695,1,0,0.001,4132039
1789152696,2,0,0.379,4132039
1789152697,2,0,0.93,4132039
1789152697,6,0,0.005,4132039
1789152697,3,0,0.134,4132039
1789152697,6,0,0.028,4132039
1789152697,2,0,0.49,4132039
1789152697,1,0,0.001,4132039
1789152697,1,0,0.001,4132039
1789152697,0,0,0.007,4132039
1789152697,2,0,0.001,4132039
1789152697,2,0,0.001,4132039
1789152698,2,0,0.649,4132039
1789152698,6,0,0.008,4132039
1789152698,0,0,0.004,4132039
1789152698,6,0,0.009,4132039
1789152698,3,0,0.03,4132039
1789152698,2,0,0.002,4132039
1789152698,4,0,0.206,4132039
1789152698,6,0,0.004,4132039
1789152698,2,0,0.003,4132039
1789152698,3,0,0.006,4132039
1789152699,4,0,0.251,4132039
1789152699,2,0,0.001,4132039
1789152699,6,0,0.007,4132039
1789152699,4,0,0.391,4132039
1789152699,3,0,0.034,4132039
1789152699,4,0,0.303,4132039
1789152700,4,0,0.96,4132039
1789152700,3,0,0.047,4132039
1789152701,4,0,0.614,4132039
1789152701,4,0,0.282,4132039
1789152701,0,0,0.014,4132039
1789152702,2,0,0.433,4132039
1789152702,0,0,0.01,4132039
1789152702,4,0,0.472,4132039
1789152703,4,0,0.658,4132039
1789152703,2,0,0.003,4132039
1789152703,3,0,0.056,4132039
1789152703,4,0,0.379,4132039
1789152703,0,0,0.011,4132039
1789152703,3,0,0.158,4132039
1789152703,3,0,0.048,4132039
1789152704,4,0,0.472,4132039
1789152704,4,0,0.402,4132039
1789152705,4,0,0.434,4132039
1789152705,6,1,0.005,4132039
1789152705,3,0,0.004,4132039
1789152705,3,0,0.079,4132039
1789152705,6,0,0.008,4132039
1789152705,3,0,0.045,4132039
1789152707,4,0,1.623,4132039
1789152707,2,0,0.45,4132039
1789152707,6,0,0.004,4132039
1789152707,2,0,0.003,4132039
1789152711,5,0,4.229,4132039
1789152711,0,0,0.005,4132039
1789152712,5,0,0.924,4132039
1789152713,4,0,0.383,4132039
1789152713,0,0,0.005,4132039
1789152713,5,0,0.164,4132039
1789152713,4,0,0.636,4132039
1789152714,4,0,0.704,4132039
1789152714,4,0,0.411,4132039
1789152714,3,0,0.009,4132039
1789152715,4,0,0.544,4132039
1789152715,4,0,0.314,4132039
1789152715,0,0,0.01,4132039
1789152716,4,0,0.649,4132039
1789152716,4,0,0.32,4132039
1789152716,1,0,0.001,4132039
1789152716,2,0,0.001,4132039
1789152716,0,0,0.003,4132039
1789152716,3,0,0.053,4132039
1789152717,2,0,0.749,4132039
1789152717,2,0,0.002,4132039
1789152717,3,0,0.074,4132039
1789152717,2,0,0.001,4132039
1789152717,6,0,0.008,4132039
1789152717,3,0,0.186,4132039
1789152717,3,0,0.044,4132039
1789152717,3,0,0.015,4132039
1789152717,6,0,0.005,4132039
1789152719,4,0,1.511,4132039
1789152719,4,0,0.528,4132039
1789152719,1,0,0.001,4132039
1789152720,4,0,0.272,4132039
1789152721,4,0,1.247,4132039
1789152721,6,0,0.008,4132039
1789152721,0,0,0.01,4132039
1789152727,5,0,6.235,4132039
1789152728,4,0,0.442,4132039
1789152728,3,0,0.045,4132039
1789152728,5,0,0.191,4132039
1789152728,3,0,0.104,4132039
1789152728,4,0,0.249,4132039
1789152728,3,0,0.01,4132039
1789152729,4,0,0.264,4132039
1789152729,4,0,0.61,4132039
1789152729,0,0,0.012,4132039
1789152729,5,0,0.108,4132039
1789152729,3,0,0.01,4132039
1789152729,1,0,0.001,4132039
1789152730,4,0,0.74,4132039
1789152730,2,0,0.412,4132039
1789152731,4,0,0.639,4132039
1789152732,2,0,0.443,4132039
1789152732,6,0,0.016,4132039
1789152732,2,0,0.478,4132039
1789152732,2,0,0.002,4132039
1789152732,3,0,0.047,4132039
1789152733,4,0,1.395,4132039
1789152733,2,0,0.001,4132039
1789152733,0,0,0.012,4132039
1789152733,1,0,0.001,4132039
1789152733,6,0,0.004,4132039
1789152734,5,0,0.339,4132039
1789152734,3,0,0.057,4132039
1789152734,4,0,0.323,4132039
1789152734,0,0,0.003,4132039
1789152734,0,0,0.003,4132039
1789152735,2,0,0.473,4132039
1789152735,0,0,0.004,4132039
1789152735,1,0,0,4132039
1789152735,0,0,0.019,4132039
1789152735,4,0,0.8,4132039
1789152736,0,0,0.004,4132039
1789152736,2,0,0.416,4132039
1789152736,6,0,0.009,4132039
1789152737,2,0,1.408,4132039
1789152737,1,0,0.001,4132039
1789152737,3,0,0.071,4132039
1789152738,2,0,0.744,4132039
1789152738,6,0,0.007,4132039
1789152738,3,0,0.005,4132039
1789152744,5,0,5.401,4132039
1789152744,6,0,0.005,4132039
1789152744,1,0,0.003,4132039
1789152744,3,0,0.057,4132039
1789152744,3,0,0.112,4132039
1789152744,2,0,0.002,4132039
1789152744,4,0,0.387,4132039
1789152745,4,0,0.444,4132039
1789152745,1,0,0.001,4132039
1789152745,6,0,0.008,4132039
1789152745,0,0,0.007,4132039
1789152745,1,0,0.001,4132039
1789152745,4,0,0.464,4132039
1789152745,5,0,0.403,4132039
1789152746,2,0,1.02,4132039
1789152747,4,0,0.391,4132039
1789152747,3,0,0.044,4132039
1789152747,3,0,0.013,4132039
1789152747,0,0,0.015,4132039
1789152747,3,0,0.072,4132039
1789152747,6,0,0.006,4132039
1789152747,4,0,0.198,4132039
1789152750,5,0,3.18,4132039
1789152750,0,0,0.006,4132039
1789152750,3,0,0.088,4132039
1789152754,7,0,3.366,4132039
1789152754,0,0,0.004,4132039
1789152754,4,0,0.258,4132039
1789152754,2,0,0.002,4132039
1789152754,3,0,0.045,4132039
1789152754,6,0,0.01,4132039
1789152754,6,0,0.005,4132039
1789152754,0,0,0.003,4132039
1789152754,4,0,0.26,4132039
1789152755,4,0,1.006,4132039
1789152756,4,0,0.313,4132039
1789152756,3,0,0.027,4132039
1789152759,5,0,3.31,4132039
1789152761,5,0,1.552,4132039
1789152761,2,0,0.407,4132039
1789152761,4,0,0.401,4132039
1789152762,3,0,0.085,4132039
1789152762,6,0,0.006,4132039
1789152762,2,0,0.347,4132039
1789152763,4,0,0.911,4132039
1789152763,3,0,0.048,4132039
1789152763,3,0,0.024,4132039
1789152763,4,0,0.557,4132039
1789152763,3,0,0.041,4132039
1789152764,5,0,0.138,4132039
1789152764,0,0,0.004,4132039
1789152764,4,0,0.25,4132039
1789152764,6,0,0.025,4132039
1789152765,4,0,0.946,4132039
1789152765,6,0,0.006,4132039
1789152768,5,0,2.849,4132039
1789152768,3,0,0.015,4132039
1789152768,3,0,0.007,4132039
1789152768,3,0,0.026,4132039
1789152769,4,0,0.797,4132039
1789152769,6,0,0.006,4132039
1789152769,0,0,0.015,4132039
1789152769,1,0,0.001,4132039
1789152769,4,0,0.498,4132039
1789152769,4,0,0.281,4132039
1789152770,4,0,0.502,4132039
1789152771,2,0,0.888,4132039
1789152771,2,0,0.009,4132039
1789152771,3,0,0.072,4132039
1789152771,1,0,0.001,4132039
1789152771,2,0,0.515,4132039
1789152771,2,0,0.002,4132039
1789152771,6,0,0.029,4132039
1789152772,4,0,0.616,4132039
1789152772,2,0,0.016,4132039
1789152772,2,0,0.42,4132039
1789152772,0,0,0.017,4132039
1789152772,3,0,0.005,4132039
1789152773,3,0,0.082,4132039
1789152773,3,0,0.016,4132039
1789152777,5,0,4.329,4132039
1789152777,6,0,0.005,4132039
1789152778,4,0,1.189,4132039
1789152779,4,0,0.857,4132039
1789152779,3,0,0.057,4132039
1789152779,0,0,0.006,4132039
1789152779,5,0,0.424,4132039
1789152779,0,0,0.003,4132039
1789152779,6,0,0.006,4132039
1789152779,3,0,0.015,4132039
1789152779,3,0,0.018,4132039
1789152784,5,0,4.494,4132039
1789152784,1,0,0.002,4132039
1789152784,4,0,0.366,4132039
1789152785,5,0,0.573,4132039
1789152785,3,0,0.08,4132039
1789152785,3,0,0.044,4132039
1789152785,6,0,0.005,4132039
1789152785,6,0,0.006,4132039
1789152785,6,0,0.005,4132039
1789152785,5,0,0.436,4132039
1789152790,5,0,4.692,4132039
1789152795,5,0,4.814,4132039
1789152795,1,0,0.001,4132039
1789152795,3,0,0.003,4132039
1789152795,0,0,0.009,4132039
1789152795,3,0,0.036,4132039
1789152796,4,0,0.522,4132039
1789152798,4,0,2.178,4132039
1789152798,6,0,0.007,4132039
1789152801,5,0,3.107,4132039
1789152802,2,0,0.78,4132039
1789152802,4,0,0.257,4132039
1789152802,3,0,0.057,4132039
1789152802,3,0,0.069,4132039
1789152802,3,0,0.076,4132039
1789152802,0,0,0.007,4132039
1789152806,5,0,3.586,4132039
1789152806,3,0,0.004,4132039
1789152806,0,0,0.013,4132039
1789152809,7,0,3.069,4132039
1789152809,3,0,0.053,4132039
1789152809,2,0,0.013,4132039
1789152809,2,0,0.374,4132039
1789152809,7,0,0.198,4132039
1789152810,3,0,0.165,4132039
1789152810,0,0,0.024,4132039
1789152810,6,0,0.01,4132039
1789152810,7,0,0.171,4132039
1789152810,2,0,0.414,4132039
1789152811,2,0,0.998,4132039
1789152811,6,0,0.004,4132039
1789152811,0,0,0.013,4132039
1789152811,6,0,0.018,4132039
1789152811,1,0,0.002,4132039
1789152811,3,0,0.043,4132039
1789152811,3,0,0.014,4132039
1789152812,4,0,0.816,4132039
1789152814,7,0,1.442,4132039
1789152814,0,0,0.005,4132039
1789152814,4,0,0.527,4132039
1789152814,3,0,0.1,4132039
1789152815,4,0,0.449,4132039
1789152815,1,0,0.001,4132039
1789152815,5,0,0.461,4132039
1789152815,0,0,0.009,4132039
1789152816,4,0,0.666,4132039
1789152816,0,0,0.011,4132039
1789152817,4,0,0.991,4132039
1789152817,4,0,0.242,4132039
1789152817,2,0,0.002,4132039
1789152819,2,0,1.706,4132039
1789152819,3,0,0.075,4132039
1789152819,6,0,0.006,4132039
1789152819,0,0,0.004,4132039
1789152819,7,0,0.633,4132039
1789152820,4,0,0.59,4132039
1789152820,6,0,0.01,4132039
1789152820,6,0,0.013,4132039
1789152820,3,0,0.023,4132039
1789152820,3,0,0.079,4132039
1789152820,2,0,0.002,4132039
1789152820,7,0,0.269,4132039
1789152820,6,0,0.008,4132039
1789152820,0,0,0.006,4132039
1789152820,2,0,0.006,4132039
1789152821,4,0,0.419,4132039
1789152821,3,0,0.035,4132039
1789152821,2,0,0.001,4132039
1789152821,5,0,0.197,4132039
1789152821,0,0,0.012,4132039
1789152821,2,0,0.003,4132039
1789152821,3,0,0.003,4132039
1789152826,5,0,4.775,4132039
1789152826,4,0,0.477,4132039
1789152827,5,0,0.414,4132039
1789152827,4,0,0.269,4132039
1789152827,2,0,0.002,4132039
1789152827,0,0,0.009,4132039
1789152833,5,0,5.725,4132039
1789152833,3,0,0.022,4132039
1789152833,6,0,0.006,4132039
1789152833,6,0,0.006,4132039
1789152833,3,0,0.051,4132039
1789152833,0,0,0.009,4132039
1789152833,6,0,0.027,4132039
1789152833,2,0,0.526,4132039
1789152833,0,0,0.011,4132039
1789152833,6,0,0.006,4132039
1789152833,6,0,0.007,4132039
1789152833,6,0,0.004,4132039
1789152834,4,0,0.515,4132039
1789152834,3,0,0.012,4132039
1789152834,0,0,0.006,4132039
1789152834,3,0,0.048,4132039
1789152834,0,0,0.012,4132039
1789152834,2,0,0.002,4132039
1789152834,4,0,0.153,4132039
1789152834,3,0,0.031,4132039
1789152835,4,0,0.553,4132039
1789152835,0,0,0.005,4132039
1789152835,6,0,0.006,4132039
1789152839,5,0,4.296,4132039
1789152839,1,0,0.001,4132039
1789152839,6,0,0.006,4132039
1789152839,6,0,0.006,4132039
1789152839,4,0,0.162,4132039
1789152839,0,0,0.005,4132039
1789152843,5,0,3.984,4132039
1789152843,3,0,0.011,4132039
1789152843,3,0,0.01,4132039
1789152843,3,0,0.043,4132039
1789152843,2,0,0.001,4132039
1789152846,4,0,2.212,4132039
1789152846,3,0,0.062,4132039
1789152846,5,0,0.145,4132039
1789152846,0,0,0.008,4132039
1789152846,6,0,0.007,4132039
1789152847,2,0,1.691,4132039
1789152848,4,0,0.5,4132039
1789152848,5,0,0.113,4132039
1789152848,0,0,0.006,4132039
1789152848,3,0,0.054,4132039
1789152848,4,0,0.204,4132039
1789152849,5,0,0.536,4132039
1789152850,4,0,0.797,4132039
1789152850,5,0,0.202,4132039
1789152850,1,0,0.001,4132039
1789152853,5,0,2.788,4132039
1789152853,6,0,0.003,4132039
1789152853,1,0,0.001,4132039
1789152853,2,0,0.001,4132039
1789152853,6,0,0.007,4132039
1789152853,2,0,0.001,4132039
1789152853,3,0,0.067,4132039
1789152853,6,0,0.005,4132039
1789152853,5,0,0.476,4132039
1789152853,2,0,0.004,4132039
1789152853,4,0,0.151,4132039
1789152853,6,0,0.007,4132039
1789152853,0,0,0.004,4132039
1789152854,5,0,0.348,4132039
1789152855,4,0,0.792,4132039
1789152855,6,0,0.007,4132039
1789152855,0,0,0.007,4132039
1789152855,2,0,0.453,4132039
1789152855,0,0,0.022,4132039
1789152855,6,0,0.006,4132039
1789152859,7,0,4.382,4132039
1789152860,5,0,0.624,4132039
1789152861,4,0,0.799,4132039
1789152861,3,0,0.016,4132039
1789152861,4,0,0.417,4132039
1789152861,3,0,0.122,4132039
1789152862,4,0,0.786,4132039
1789152863,4,0,0.684,4132039
1789152863,6,0,0.009,4132039
1789152863,2,0,0.001,4132039
1789152863,0,0,0.008,4132039
1789152863,6,0,0.004,4132039
1789152863,3,0,0.065,4132039
1789152863,6,0,0.006,4132039
1789152863,6,0,0.005,4132039
1789152867,5,0,4.357,4132039
1789152868,2,0,0.495,4132039
1789152868,4,0,0.568,4132039
1789152871,4,0,2.342,4132039
1789152872,5,0,1.421,4132039
1789152872,2,0,0.001,4132039
1789152873,4,0,1.016,4132039
1789152873,1,0,0.002,4132039
1789152875,2,0,2.086,4132039
1789152876,4,0,0.367,4132039
1789152876,0,0,0.008,4132039
1789152876,6,0,0.005,4132039
1789152876,4,0,0.31,4132039
1789152876,6,0,0.005,4132039
1789152877,2,0,1.006,4132039
1789152877,3,0,0.06,4132039
1789152877,3,0,0.006,4132039
1789152877,1,0,0.002,4132039
1789152877,3,0,0.131,4132039
1789152877,0,0,0.008,4132039
1789152877,1,0,0.001,4132039
1789152878,2,0,1.086,4132039
1789152878,6,0,0.007,4132039
1789152879,4,0,0.349,4132039
1789152879,0,0,0.01,4132039
1789152879,3,0,0.005,4132039
1789152879,0,0,0.005,4132039
1789152879,3,0,0.117,4132039
1789152879,4,0,0.595,4132039
1789152880,7,0,0.638,4132039
1789152880,3,0,0.099,4132039
1789152880,0,0,0.004,4132039
1789152880,2,0,0.424,4132039
1789152881,4,0,0.441,4132039
1789152881,2,0,0.002,4132039
1789152882,4,0,0.641,4132039
1789152882,4,0,0.542,4132039
1789152882,0,0,0.009,4132039
1789152883,4,0,0.775,4132039
1789152883,3,0,0.052,4132039
1789152883,4,0,0.334,4132039
1789152884,4,0,0.568,4132039
1789152884,4,0,0.307,4132039
1789152884,2,0,0.311,4132039
1789152884,3,0,0.008,4132039
1789152884,0,0,0.012,4132039
1789152885,3,0,0.035,4132039
1789152885,3,0,0.044,4132039
1789152885,2,0,0.285,4132039
1789152885,2,0,0.004,4132039
1789152885,3,0,0.004,4132039
1789152885,0,0,0.003,4132039
1789152885,0,0,0.003,4132039
1789152885,7,0,0.39,4132039
1789152885,3,0,0.031,4132039
1789152886,5,0,0.383,4132039
1789152886,0,0,0.007,4132039
1789152886,3,0,0.076,4132039
1789152887,2,0,0.773,4132039
1789152887,6,0,0.008,4132039
1789152887,4,0,0.891,4132039
1789152887,6,0,0.01,4132039
1789152888,4,0,0.452,4132039
1789152888,2,0,0.004,4132039
1789152888,4,0,0.22,4132039
1789152893,7,0,4.746,4132039
1789152893,1,0,0.002,4132039
1789152894,4,0,0.841,4132039
1789152894,6,0,0.011,4132039
1789152894,2,0,0.003,4132039
1789152898,5,0,4.112,4132039
1789152899,2,0,0.934,4132039
1789152899,0,0,0.005,4132039
1789152900,4,0,0.804,4132039
1789152900,4,0,0.538,4132039
1789152901,4,0,0.441,4132039
1789152901,4,0,0.391,4132039
1789152901,3,0,0.009,4132039
1789152901,0,0,0.009,4132039
1789152901,3,0,0.014,4132039
1789152901,2,0,0.477,4132039
1789152901,6,0,0.006,4132039
1789152901,3,0,0.005,4132039
1789152902,3,0,0.082,4132039
1789152902,4,0,0.51,4132039
1789152902,5,0,0.354,4132039
1789152903,2,0,0.663,4132039
1789152904,4,0,0.496,4132039
1789152904,3,0,0.006,4132039
1789152904,3,0,0.011,4132039
1789152904,0,0,0.005,4132039
1789152904,0,0,0.004,4132039
1789152905,2,0,1.56,4132039
1789152905,3,0,0.093,4132039
1789152905,3,0,0.124,4132039
1789152907,4,0,1.277,4132039
1789152907,4,0,0.688,4132039
1789152907,0,0,0.005,4132039
1789152908,2,0,0.65,4132039
1789152908,3,0,0.122,4132039
1789152908,2,0,0.001,4132039
1789152908,6,0,0.006,4132039
1789152908,4,0,0.194,4132039
1789152908,6,0,0.006,4132039
1789152908,3,0,0.037,4132039
1789152908,6,0,0.006,4132039
1789152908,6,0,0.004,4132039
1789152912,7,0,4.116,4132039
1789152913,4,0,0.84,4132039
1789152913,0,0,0.006,4132039
1789152913,3,0,0.109,4132039
1789152913,3,0,0.006,4132039
1789152914,4,0,0.737,4132039
1789152914,3,0,0.06,4132039
1789152914,2,0,0.002,4132039
1789152915,4,0,0.306,4132039
1789152915,4,0,0.355,4132039
1789152915,6,0,0.011,4132039
1789152915,3,0,0.006,4132039
1789152915,4,0,0.331,4132039
1789152915,3,0,0.01,4132039
1789152915,2,0,0.002,4132039
1789152916,2,0,0.614,4132039
1789152916,3,0,0.002,4132039
1789152921,5,0,4.839,4132039
1789152921,5,0,0.096,4132039
1789152921,2,0,0.001,4132039
1789152921,6,0,0.006,4132039
1789152921,3,0,0.005,4132039
1789152921,4,0,0.536,4132039
1789152922,4,0,0.309,4132039
1789152922,6,0,0.005,4132039
1789152922,3,0,0.007,4132039
1789152923,2,0,1.216,4132039
1789152923,3,0,0.032,4132039
1789152923,3,0,0.068,4132039
1789152923,3,0,0.16,4132039
1789152923,1,0,0.002,4132039
1789152923,0,0,0.025,4132039
1789152923,0,0,0.008,4132039
1789152923,3,0,0.017,4132039
1789152923,2,0,0.004,4132039
1789152923,1,0,0.001,4132039
1789152924,5,0,0.67,4132039
1789152924,4,0,0.19,4132039
1789152924,0,0,0.004,4132039
1789152924,0,0,0.007,4132039
1789152924,0,0,0.008,4132039
1789152924,2,0,0.002,4132039
1789152926,4,0,1.61,4132039
1789152926,0,0,0.008,4132039
1789152926,4,0,0.139,4132039
1789152928,5,0,1.691,4132039
1789152928,2,0,0.367,4132039
1789152928,0,0,0.015,4132039
1789152928,0,0,0.004,4132039
1789152928,6,0,0.006,4132039
1789152928,0,0,0.009,4132039
1789152928,3,0,0.008,4132039
1789152928,0,0,0.012,4132039
1789152928,4,0,0.379,4132039
1789152928,6,0,0.005,4132039
1789152930,4,0,2.047,4132039
1789152931,4,0,0.251,4132039
1789152931,1,0,0.001,4132039
1789152931,4,0,0.231,4132039
1789152932,4,0,0.66,4132039
1789152932,1,0,0.002,4132039
1789152932,6,0,0.005,4132039
1789152932,0,0,0.012,4132039
1789152932,0,0,0.007,4132039
1789152932,0,0,0.005,4132039
1789152932,2,0,0.003,4132039
1789152932,2,0,0.356,4132039
1789152934,2,0,1.605,4132039
1789152934,4,0,0.245,4132039
1789152934,3,0,0.005,4132039
1789152935,2,0,0.714,4132039
1789152935,0,0,0.011,4132039
1789152935,3,0,0.054,4132039
1789152935,0,0,0.006,4132039
1789152935,3,0,0.003,4132039
1789152935,1,0,0.001,4132039
1789152935,4,0,0.669,4132039
1789152936,2,0,1.073,4132039
1789152937,4,0,0.557,4132039
1789152937,2,0,0.001,4132039
1789152938,4,0,1.13,4132039
1789152938,2,0,0.286,4132039
1789152939,4,0,0.422,4132039
1789152939,4,0,0.681,4132039
1789152940,5,0,0.257,4132039
1789152940,3,0,0.082,4132039
1789152940,3,0,0.097,4132039
1789152940,1,0,0.001,4132039
1789152940,6,0,0.006,4132039
1789152940,3,0,0.054,4132039
1789152940,3,0,0.009,4132039
1789152941,4,0,0.649,4132039
1789152942,5,0,1.53,4132039
1789152942,3,0,0.025,4132039
1789152942,0,0,0.011,4132039
1789152942,3,0,0.087,4132039
1789152943,2,0,0.501,4132039
1789152943,1,0,0.002,4132039
1789152943,4,0,0.726,4132039
1789152945,4,0,1.115,4132039
1789152945,5,0,0.461,4132039
1789152945,3,0,0.049,4132039
1789152945,0,0,0.003,4132039
1789152946,2,0,0.683,4132039
1789152946,0,0,0.004,4132039
1789152946,0,0,0.009,4132039
1789152946,3,0,0.113,4132039
1789152946,0,0,0.005,4132039
1789152946,1,0,0.001,4132039
1789152947,4,0,1.014,4132039
1789152947,5,0,0.112,4132039
1789152947,4,0,0.281,4132039
1789152948,5,0,0.669,4132039
1789152948,3,0,0.008,4132039
1789152948,3,0,0.077,4132039
1789152948,5,0,0.438,4132039
1789152948,3,0,0.012,4132039
1789152949,4,0,0.507,4132039
1789152949,0,0,0.005,4132039
1789152950,4,0,0.709,4132039
1789152950,0,0,0.011,4132039
1789152950,3,0,0.035,4132039
1789152950,3,0,0.032,4132039
1789152950,4,0,0.499,4132039
1789152950,0,0,0.006,4132039
1789152950,2,0,0.002,4132039
1789152951,2,0,0.461,4132039
1789152951,2,0,0.002,4132039
1789152951,3,0,0.223,4132039
1789152952,4,0,0.849,4132039
1789152952,2,0,0.002,4132039
1789152952,3,0,0.08,4132039
1789152953,4,0,1.087,4132039
1789152954,4,0,0.998,4132039
1789152954,2,0,0.002,4132039
1789152954,2,0,0.434,4132039
1789152955,3,0,0.111,4132039
1789152955,3,0,0.076,4132039
1789152955,0,0,0.005,4132039
1789152955,0,0,0.013,4132039
1789152955,1,0,0,4132039
1789152956,4,0,0.873,4132039
1789152956,3,0,0.062,4132039
1789152960,5,0,4.094,4132039
1789152960,0,0,0.014,4132039
1789152960,6,0,0.008,4132039
1789152960,4,0,0.548,4132039
1789152960,2,0,0.004,4132039
1789152961,4,0,0.316,4132039
1789152961,2,0,0.003,4132039
1789152961,6,0,0.005,4132039
1789152961,1,0,0.001,4132039
1789152962,4,0,1.075,4132039
1789152962,5,0,0.695,4132039
1789152962,0,0,0.007,4132039
1789152962,3,0,0.015,4132039
1789152963,2,0,0.483,4132039
1789152964,4,0,0.846,4132039
1789152964,1,0,0.001,4132039
1789152964,2,0,0.002,4132039
1789152964,3,0,0.045,4132039
1789152964,6,0,0.005,4132039
1789152964,4,0,0.355,4132039
1789152965,4,0,0.435,4132039
1789152966,7,0,1.427,4132039
1789152967,5,0,0.587,4132039
1789152967,4,0,0.467,4132039
1789152967,0,0,0.008,4132039
1789152967,4,0,0.322,4132039
1789152967,6,0,0.011,4132039
1789152968,4,0,0.908,4132039
1789152969,4,0,0.686,4132039
1789152969,5,0,0.149,4132039
1789152969,3,0,0.064,4132039
1789152969,1,0,0.001,4132039
1789152969,0,0,0.003,4132039
1789152969,2,0,0.253,4132039
1789152973,5,0,3.204,4132039
1789152976,5,0,3.101,4132039
1789152976,1,0,0.001,4132039
1789152976,3,0,0.054,4132039
1789152976,3,0,0.061,4132039
1789152976,5,0,0.515,4132039
1789152977,4,0,0.387,4132039
1789152977,3,0,0.143,4132039
1789152977,2,0,0.003,4132039
1789152978,4,0,0.939,4132039
1789152978,0,0,0.007,4132039
1789152978,6,0,0.005,4132039
1789152978,2,0,0.003,4132039
1789152978,3,0,0.004,4132039
1789152978,0,0,0.005,4132039
1789152979,2,0,0.656,4132039
1789152979,5,0,0.346,4132039
1789152979,2,0,0.001,4132039
1789152979,6,0,0.005,4132039
1789152979,0,0,0.01,4132039
1789152979,6,0,0.005,4132039
1789152979,0,0,0.003,4132039
1789152979,6,0,0.008,4132039
1789152980,5,0,0.801,4132039
1789152980,5,0,0.107,4132039
1789152980,3,0,0.057,4132039
1789152980,1,0,0.001,4132039
1789152980,3,0,0.008,4132039
1789152981,4,0,0.817,4132039
1789152981,7,0,0.204,4132039
1789152981,4,0,0.464,4132039
1789152981,1,0,0.001,4132039
1789152981,0,0,0.018,4132039
1789152981,0,0,0.008,4132039
1789152981,1,0,0.001,4132039
1789152982,2,0,0.376,4132039
1789152982,4,0,0.442,4132039
1789152982,3,0,0.061,4132039
1789152983,4,0,0.45,4132039
1789152983,3,0,0.014,4132039
1789152983,2,0,0.001,4132039
1789152983,4,0,0.503,4132039
1789152983,3,0,0.016,4132039
1789152983,3,0,0.023,4132039
1789152983,6,0,0.006,4132039
1789152984,2,0,0.811,4132039
1789152984,5,0,0.305,4132039
1789152984,6,0,0.007,4132039
1789152985,4,0,0.651,4132039
1789152985,0,0,0.004,4132039
1789152985,4,0,0.421,4132039
1789152987,4,0,1.122,4132039
1789152987,3,0,0.013,4132039
1789152987,0,0,0.004,4132039
1789152987,0,0,0.005,4132039
1789152987,0,0,0.011,4132039
1789152987,6,0,0.019,4132039
1789152987,6,0,0.007,4132039
1789152987,3,0,0.006,4132039
1789152987,3,0,0.019,4132039
1789152987,6,0,0.014,4132039
1789152987,5,0,0.622,4132039
1789152988,2,0,0.739,4132039
1789152989,5,0,0.88,4132039
1789152989,6,0,0.004,4132039
1789152994,7,0,5.088,4132039
1789152994,1,0,0.002,4132039
1789152994,1,0,0.001,4132039
1789152995,4,0,0.544,4132039
1789152995,6,0,0.007,4132039
1789152995,3,0,0.048,4132039
1789152996,4,0,1.008,4132039
1789152996,4,0,0.399,4132039
1789152997,2,0,0.523,4132039
1789152997,0,0,0.003,4132039
1789152997,4,0,0.557,4132039
1789152997,3,0,0.043,4132039
1789152997,0,0,0.006,4132039
1789152998,4,0,0.61,4132039
1789152998,1,0,0.001,4132039
1789152998,4,0,0.313,4132039
1789152998,6,0,0.016,4132039
1789153003,5,0,5.236,4132039
1789153004,4,0,0.759,4132039
1789153005,5,0,0.457,4132039
1789153005,4,0,0.923,4132039
1789153005,6,0,0.006,4132039
1789153005,6,0,0.007,4132039
1789153005,6,0,0.005,4132039
1789153006,5,0,0.154,4132039
1789153006,5,0,0.219,4132039
1789153006,4,0,0.483,4132039
1789153006,6,0,0.006,4132039
1789153006,3,0,0.097,4132039
1789153007,4,0,0.639,4132039
1789153008,4,0,0.726,4132039
1789153008,6,0,0.005,4132039
1789153008,0,0,0.002,4132039
1789153008,6,0,0.008,4132039
1789153008,6,0,0.006,4132039
1789153008,3,0,0.006,4132039
1789153008,0,0,0.003,4132039
1789153008,2,0,0.001,4132039
1789153008,1,0,0.001,4132039
1789153008,3,0,0.071,4132039
1789153008,6,0,0.006,4132039
1789153008,2,0,0.002,4132039
1789153009,4,0,0.702,4132039
1789153009,6,0,0.009,4132039
1789153009,2,0,0.811,4132039
1789153010,3,0,0.089,4132039
1789153010,0,0,0.012,4132039
1789153010,6,0,0.014,4132039
1789153010,3,0,0.001,4132039
1789153010,3,0,0.012,4132039
1789153010,1,0,0.001,4132039
1789153010,3,0,0.019,4132039
1789153010,2,0,0.001,4132039
1789153010,4,0,0.261,4132039
1789153010,4,0,0.412,4132039
1789153011,4,0,0.454,4132039
1789153011,3,0,0.042,4132039
1789153011,4,0,0.569,4132039
1789153011,3,0,0.053,4132039
1789153012,2,0,0.735,4132039
1789153012,3,0,0.038,4132039
1789153012,1,0,0.001,4132039
1789153012,2,0,0.004,4132039
1789153012,0,0,0.022,4132039
1789153012,2,0,0.27,4132039
1789153013,4,0,0.56,4132039
1789153013,1,0,0.001,4132039
1789153014,4,0,1.282,4132039
1789153014,3,0,0.012,4132039
1789153015,4,0,0.549,4132039
1789153015,3,0,0.057,4132039
1789153015,4,0,0.382,4132039
1789153015,4,0,0.18,4132039
1789153016,0,0,0.013,4132039
1789153016,2,0,0.003,4132039
1789153016,0,0,0.004,4132039
1789153016,6,0,0.004,4132039
1789153016,6,0,0.007,4132039
1789153016,4,0,0.568,4132039
1789153016,3,0,0.064,4132039
1789153016,2,0,0.002,4132039
1789153017,4,0,0.931,4132039
1789153017,2,0,0.023,4132039
1789153017,6,0,0.007,4132039
1789153017,2,0,0.007,4132039
1789153017,0,0,0.006,4132039
1789153018,4,0,0.669,4132039
1789153018,0,0,0.008,4132039
1789153018,6,0,0.005,4132039
1789153018,3,0,0.021,4132039
1789153018,3,0,0.008,4132039
1789153018,2,0,0.205,4132039
1789153019,4,0,0.507,4132039
1789153019,2,0,0.003,4132039
1789153019,3,0,0.008,4132039
1789153019,5,0,0.12,4132039
1789153019,2,0,0.001,4132039
1789153019,2,0,0.468,4132039
1789153019,5,0,0.156,4132039
1789153019,3,0,0.006,4132039
1789153019,6,0,0.01,4132039
1789153019,2,0,0.006,4132039
1789153020,4,0,0.433,4132039
1789153021,4,0,1.317,4132039
1789153025,5,0,4.294,4132039
1789153026,4,0,0.872,4132039
1789153026,3,0,0.091,4132039
1789153027,4,0,0.504,4132039
1789153027,0,0,0.009,4132039
1789153027,5,0,0.182,4132039
1789153027,3,0,0.031,4132039
1789153029,5,0,1.567,4132039
1789153029,0,0,0.009,4132039
1789153029,0,0,0.005,4132039
1789153029,6,0,0.006,4132039
1789153030,5,0,1.486,4132039
1789153030,1,0,0.001,4132039
1789153030,3,0,0.044,4132039
1789153030,6,0,0.008,4132039
1789153030,5,0,0.107,4132039
1789153031,4,0,0.256,4132039
1789153032,4,0,1.508,4132039
1789153032,3,0,0.016,4132039
1789153034,2,0,1.44,4132039
1789153034,3,0,0.01,4132039
1789153034,3,0,0.037,4132039
1789153034,0,0,0.012,4132039
1789153034,3,0,0.039,4132039
1789153034,1,0,0.001,4132039
1789153034,2,0,0.592,4132039
1789153034,3,0,0.042,4132039
1789153034,0,0,0.004,4132039
1789153034,0,0,0.004,4132039
1789153039,5,0,4.522,4132039
1789153039,0,0,0.005,4132039
1789153039,4,0,0.387,4132039
1789153040,4,0,0.647,4132039
1789153040,5,0,0.597,4132039
1789153041,4,0,0.635,4132039
1789153041,6,0,0.007,4132039
1789153041,0,0,0.017,4132039
1789153042,2,0,1.238,4132039
1789153043,4,0,0.577,4132039
1789153043,2,0,0.497,4132039
1789153044,5,0,0.564,4132039
1789153044,0,0,0.012,4132039
1789153044,3,0,0.059,4132039
1789153044,2,0,0.001,4132039
1789153044,2,0,0.32,4132039
1789153045,4,0,0.279,4132039
1789153045,6,0,0.009,4132039
1789153045,2,0,0,4132039
1789153045,0,0,0.012,4132039
1789153045,1,0,0.002,4132039
1789153045,3,0,0.079,4132039
1789153045,2,0,0.446,4132039
1789153045,5,0,0.13,4132039
1789153045,3,0,0.041,4132039
1789153045,5,0,0.122,4132039
1789153050,5,0,4.828,4132039
1789153050,0,0,0.006,4132039
1789153050,6,0,0.008,4132039
1789153051,4,0,0.542,4132039
1789153051,3,0,0.009,4132039
1789153051,0,0,0.01,4132039
1789153051,4,0,0.38,4132039
1789153051,5,0,0.133,4132039
1789153051,3,0,0.053,4132039
1789153051,0,0,0.009,4132039
1789153052,5,0,0.521,4132039
1789153052,3,0,0.009,4132039
1789153052,0,0,0.009,4132039
1789153052,3,0,0.102,4132039
1789153052,3,0,0.005,4132039
1789153052,6,0,0.009,4132039
1789153057,5,0,4.78,4132039
1789153057,3,0,0.052,4132039
1789153057,4,0,0.323,4132039
1789153057,3,0,0.066,4132039
1789153058,4,0,0.451,4132039
1789153058,4,0,0.57,4132039
1789153059,4,0,0.441,4132039
1789153060,4,0,0.708,4132039
1789153060,4,0,0.373,4132039
1789153060,5,0,0.259,4132039
1789153065,5,0,4.413,4132039
1789153065,4,0,0.797,4132039
1789153066,4,0,0.35,4132039
1789153066,4,0,0.669,4132039
1789153067,7,0,0.177,4132039
1789153067,1,0,0.001,4132039
1789153071,5,0,4.489,4132039
1789153071,3,0,0.005,4132039
1789153072,4,0,0.604,4132039
1789153072,0,0,0.006,4132039
1789153072,3,0,0.025,4132039
1789153072,0,0,0.007,4132039
1789153072,6,0,0.007,4132039
1789153072,2,0,0.001,4132039
1789153073,2,0,0.819,4132039
1789153073,7,0,0.233,4132039
1789153073,3,0,0.042,4132039
1789153073,4,0,0.343,4132039
1789153073,0,0,0.005,4132039
1789153074,4,0,0.825,4132039
1789153074,6,0,0.009,4132039
1789153075,7,0,0.864,4132039
1789153075,4,0,0.504,4132039
1789153075,6,0,0.007,4132039
1789153075,3,0,0.014,4132039
1789153076,4,0,0.342,4132039
1789153076,6,0,0.006,4132039
1789153076,2,0,0.003,4132039
1789153076,2,0,0.435,4132039
1789153077,4,0,0.608,4132039
1789153081,7,0,4.107,4132039
1789153081,6,1,0.026,4132039
1789153082,2,0,1.084,4132039
1789153082,4,0,0.319,4132039
1789153082,5,0,0.097,4132039
1789153083,2,0,0.514,4132039
1789153084,5,0,0.628,4132039
1789153084,0,0,0.005,4132039
1789153084,0,0,0.004,4132039
1789153084,0,0,0.012,4132039
1789153084,2,0,0.004,4132039
1789153084,2,0,0.819,4132039
1789153084,3,0,0.053,4132039
1789153084,0,0,0.012,4132039
1789153084,0,0,0.015,4132039
1789153084,0,0,0.01,4132039
1789153085,4,0,0.864,4132039
1789153085,0,0,0.013,4132039
1789153085,0,0,0.004,4132039
1789153085,6,0,0.008,4132039
1789153085,2,0,0.001,4132039
1789153085,0,0,0.005,4132039
1789153085,6,0,0.004,4132039
1789153085,1,0,0.001,4132039
1789153085,3,0,0.021,4132039
1789153085,2,0,0.002,4132039
1789153085,3,0,0.004,4132039
1789153086,4,0,0.256,4132039
1789153086,1,0,0.002,4132039
1789153086,2,0,0.001,4132039
1789153086,1,0,0,4132039
1789153086,4,0,0.513,4132039
1789153086,6,0,0.005,4132039
1789153086,1,0,0.001,4132039
1789153086,3,0,0.031,4132039
1789153087,4,0,0.54,4132039
1789153087,0,0,0.005,4132039
1789153087,0,0,0.006,4132039
1789153087,3,0,0.004,4132039
1789153088,4,0,0.77,4132039
1789153088,0,0,0.004,4132039
1789153088,0,0,0.017,4132039
1789153088,3,0,0.008,4132039
1789153093,5,0,5.104,4132039
1789153093,4,0,0.717,4132039
1789153093,3,0,0.005,4132039
1789153094,5,0,0.141,4132039
1789153094,4,0,0.601,4132039
1789153095,4,0,0.597,4132039
1789153095,6,0,0.006,4132039
1789153095,3,0,0.01,4132039
1789153095,0,0,0.01,4132039
1789153095,2,0,0.001,4132039
1789153096,4,0,1.271,4132039
1789153097,7,0,0.63,4132039
1789153097,3,0,0.017,4132039
1789153097,0,0,0.002,4132039
1789153097,3,0,0.016,4132039
1789153097,0,0,0.005,4132039
1789153097,4,0,0.606,4132039
1789153097,1,0,0.001,4132039
1789153097,2,0,0.002,4132039
1789153098,4,0,0.94,4132039
1789153099,2,0,0.576,4132039
1789153099,0,0,0.009,4132039
1789153099,3,0,0.039,4132039
1789153099,4,0,0.482,4132039
1789153099,6,0,0.035,4132039
1789153099,0,0,0.018,4132039
1789153100,3,0,0.109,4132039
1789153100,4,0,0.458,4132039
1789153105,7,0,5.366,4132039
1789153105,3,0,0.049,4132039
1789153105,1,0,0.002,4132039
1789153107,2,0,1.661,4132039
1789153111,7,0,4.301,4132039
1789153111,6,0,0.007,4132039
1789153111,3,0,0.005,4132039
1789153111,6,0,0.003,4132039
1789153112,2,0,0.534,4132039
1789153112,3,0,0.06,4132039
1789153112,6,0,0.006,4132039
1789153116,7,0,3.807,4132039
1789153116,4,0,0.282,4132039
1789153116,3,0,0.004,4132039
1789153116,6,0,0.007,4132039
1789153116,3,0,0.147,4132039
1789153116,3,0,0.041,4132039
1789153117,4,0,0.976,4132039
1789153117,3,0,0.014,4132039
1789153119,4,0,1.934,4132039
1789153119,1,0,0.001,4132039
1789153119,2,0,0.003,4132039
1789153119,0,0,0.006,4132039
1789153120,4,0,0.496,4132039
1789153120,3,0,0.062,4132039
1789153120,3,0,0.101,4132039
1789153120,4,0,0.581,4132039
1789153120,1,0,0.001,4132039
1789153124,5,0,4.032,4132039
1789153124,6,0,0.003,4132039
1789153124,2,0,0.001,4132039
1789153125,5,0,0.784,4132039
1789153125,6,0,0.006,4132039
1789153125,3,0,0.034,4132039
1789153125,1,0,0.002,4132039
1789153126,5,0,0.692,4132039
1789153126,1,0,0.001,4132039
1789153126,0,0,0.004,4132039
1789153126,0,0,0.004,4132039
1789153127,4,0,0.593,4132039
1789153127,4,0,0.5,4132039
1789153127,2,0,0.002,4132039
1789153127,3,0,0.026,4132039
1789153127,0,0,0.005,4132039
1789153128,4,0,0.587,4132039
1789153128,6,1,0.007,4132039
1789153128,6,0,0.011,4132039
1789153128,0,0,0.014,4132039
1789153128,3,0,0.008,4132039
1789153128,2,0,0.002,4132039
1789153128,2,0,0.002,4132039
1789153128,4,0,0.193,4132039
1789153129,5,0,0.856,4132039
1789153129,2,0,0.513,4132039
1789153129,3,0,0.026,4132039
1789153129,3,0,0.007,4132039
1789153131,4,0,1.893,4132039
1789153131,3,0,0.046,4132039
1789153131,3,0,0.008,4132039
1789153131,0,0,0.007,4132039
1789153132,4,0,0.449,4132039
1789153132,0,0,0.019,4132039
1789153132,4,0,0.294,4132039
1789153133,7,0,0.838,4132039
1789153133,0,0,0.008,4132039
1789153133,2,0,0.001,4132039
1789153137,7,0,3.891,4132039
1789153137,1,0,0.001,4132039
1789153141,5,0,4.41,4132039
1789153141,6,0,0.011,4132039
1789153141,3,0,0.066,4132039
1789153141,3,0,0.064,4132039
1789153142,4,0,0.626,4132039
1789153142,4,0,0.245,4132039
1789153142,0,0,0.007,4132039
1789153142,6,0,0.005,4132039
1789153143,2,0,0.314,4132039
1789153145,4,0,2.082,4132039
1789153145,0,0,0.011,4132039
1789153145,0,0,0.006,4132039
1789153145,0,0,0.01,4132039
1789153145,5,0,0.415,4132039
1789153150,5,0,4.947,4132039
1789153150,2,0,0.002,4132039
1789153151,7,0,0.751,4132039
1789153151,3,0,0.116,4132039
1789153152,4,0,1.413,4132039
1789153152,2,0,0.003,4132039
1789153152,1,0,0.001,4132039
1789153153,4,0,0.307,4132039
1789153153,0,0,0.004,4132039
1789153156,5,0,3.022,4132039
1789153156,3,0,0.018,4132039
1789153156,5,0,0.166,4132039
1789153156,3,0,0.109,4132039
1789153156,0,0,0.007,4132039
1789153156,3,0,0.148,4132039
1789153156,6,0,0.011,4132039
1789153157,2,0,0.437,4132039
1789153158,4,0,0.983,4132039
1789153158,2,0,0.004,4132039
1789153158,2,0,0.002,4132039
1789153158,0,0,0.004,4132039
1789153158,6,0,0.005,4132039
1789153158,2,0,0.001,4132039
1789153158,4,0,0.583,4132039
1789153159,4,0,0.461,4132039
1789153159,2,0,0.523,4132039
1789153159,3,0,0.05,4132039
1789153159,0,0,0.012,4132039
1789153159,2,0,0.002,4132039
1789153159,3,0,0.047,4132039
1789153159,3,0,0.002,4132039
1789153160,2,0,0.708,4132039
1789153160,4,0,0.555,4132039
1789153161,3,0,0.056,4132039
1789153161,4,0,0.481,4132039
1789153161,3,0,0.008,4132039
1789153161,0,0,0.007,4132039
1789153161,0,0,0.008,4132039
1789153161,2,0,0.001,4132039
1789153161,3,0,0.006,4132039
1789153161,3,0,0.007,4132039
1789153161,6,0,0.007,4132039
1789153161,1,0,0.001,4132039
1789153161,3,0,0.071,4132039
1789153161,0,0,0.004,4132039
1789153161,0,0,0.01,4132039
1789153161,3,0,0.1,4132039
1789153161,1,0,0.002,4132039
1789153161,6,0,0.009,4132039
1789153161,3,0,0.074,4132039
1789153161,0,0,0.009,4132039
1789153161,0,0,0.005,4132039
1789153161,2,0,0.006,4132039
1789153161,2,0,0.002,4132039
1789153161,3,0,0.08,4132039
1789153165,7,0,3.47,4132039
1789153165,0,0,0.041,4132039
1789153169,5,0,3.635,4132039
1789153169,3,0,0.007,4132039
1789153169,3,0,0.091,4132039
1789153169,4,0,0.448,4132039
1789153169,6,0,0.006,4132039
1789153169,3,0,0.035,4132039
1789153169,5,0,0.142,4132039
1789153169,1,0,0.003,4132039
1789153170,2,0,0.649,4132039
1789153170,0,0,0.005,4132039
1789153170,6,0,0.004,4132039
1789153170,5,0,0.111,4132039
1789153170,0,0,0.005,4132039
1789153171,4,0,0.731,4132039
1789153171,2,0,0.407,4132039
1789153175,5,0,3.991,4132039
1789153175,6,0,0.005,4132039
1789153177,4,0,1.46,4132039
1789153177,3,0,0.015,4132039
1789153178,5,0,1.103,4132039
1789153179,4,0,1.073,4132039
1789153179,6,0,0.007,4132039
1789153180,4,0,0.973,4132039
1789153181,2,0,0.903,4132039
1789153181,0,0,0.007,4132039
1789153181,3,0,0.001,4132039
1789153181,3,0,0.035,4132039
1789153181,4,0,0.614,4132039
1789153182,3,0,0.176,4132039
1789153182,3,0,0.107,4132039
1789153182,4,0,0.471,4132039
1789153182,0,0,0.009,4132039
1789153182,0,0,0.004,4132039
1789153183,5,0,1.294,4132039
1789153184,3,0,0.039,4132039
1789153184,2,0,0.002,4132039
1789153184,2,0,0.002,4132039
1789153184,5,0,0.797,4132039
1789153184,0,0,0.01,4132039
1789153184,6,0,0.006,4132039
1789153184,3,0,0.046,4132039
1789153184,6,0,0.01,4132039
1789153184,0,0,0.012,4132039
1789153185,5,0,0.807,4132039
1789153186,4,0,1.139,4132039
1789153187,4,0,0.918,4132039
1789153187,2,0,0.003,4132039
1789153187,0,0,0.009,4132039
1789153187,3,0,0.133,4132039
1789153187,6,0,0.004,4132039
1789153187,2,0,0.002,4132039
1789153187,3,0,0.052,4132039
1789153188,4,0,0.875,4132039
1789153188,6,0,0.006,4132039
1789153189,4,0,1.016,4132039
1789153189,0,0,0.02,4132039
1789153191,2,0,1.303,4132039
1789153191,4,0,0.791,4132039
1789153192,4,0,0.326,4132039
1789153192,6,0,0.008,4132039
1789153192,6,0,0.004,4132039
1789153192,4,0,0.382,4132039
1789153192,3,0,0.024,4132039
1789153192,1,0,0.001,4132039
1789153195,2,0,2.825,4132039
1789153195,2,0,0.432,4132039
1789153195,6,0,0.006,4132039
1789153196,2,0,0.468,4132039
1789153196,7,0,0.193,4132039
1789153197,4,0,0.629,4132039
1789153197,2,0,0.411,4132039
1789153197,0,0,0.008,4132039
1789153197,0,0,0.008,4132039
1789153197,2,0,0.001,4132039
1789153197,1,0,0,4132039
1789153197,5,0,0.111,4132039
1789153197,0,0,0.008,4132039
1789153197,0,0,0.011,4132039
1789153197,3,0,0.123,4132039
1789153198,3,0,0.077,4132039
1789153198,0,0,0.012,4132039
1789153198,6,0,0.009,4132039
1789153198,4,0,0.505,4132039
1789153198,2,0,0.017,4132039
1789153198,2,0,0.304,4132039
1789153199,4,0,0.599,4132039
1789153199,6,0,0.005,4132039
1789153200,2,0,1.28,4132039
1789153200,1,0,0.001,4132039
1789153201,4,0,0.367,4132039
1789153207,5,0,5.905,4132039
1789153208,4,0,1.033,4132039
1789153208,6,0,0.007,4132039
1789153212,5,0,4.361,4132039
1789153212,3,0,0.001,4132039
1789153212,4,0,0.452,4132039
1789153212,1,0,0.001,4132039
1789153212,3,0,0.008,4132039
1789153212,1,0,0.001,4132039
1789153212,2,0,0.002,4132039
1789153212,2,0,0.003,4132039
1789153212,6,0,0.016,4132039
1789153212,1,0,0.001,4132039
1789153212,6,0,0.006,4132039
1789153212,0,0,0.022,4132039
1789153212,6,0,0.01,4132039
1789153213,3,0,0.065,4132039
1789153213,4,0,0.532,4132039
1789153213,6,0,0.008,4132039
1789153213,6,0,0.021,4132039
1789153213,4,0,0.254,4132039
1789153213,3,0,0.071,4132039
1789153214,2,0,0.569,4132039
1789153218,7,0,4.422,4132039
1789153218,2,0,0.002,4132039
1789153218,3,0,0.002,4132039
1789153218,1,0,0.001,4132039
1789153220,4,0,1.707,4132039
1789153220,3,0,0.045,4132039
1789153220,3,0,0.002,4132039
1789153220,3,0,0.022,4132039
1789153221,4,0,0.667,4132039
1789153222,4,0,1.324,4132039
1789153223,4,0,1.028,4132039
1789153224,2,0,0.92,4132039
1789153225,4,0,1.056,4132039
1789153225,5,0,0.232,4132039
1789153226,5,0,0.129,4132039
1789153226,1,0,0.003,4132039
1789153226,0,0,0.004,4132039
1789153226,4,0,0.651,4132039
1789153226,1,0,0.001,4132039
1789153227,4,0,0.616,4132039
1789153228,4,0,1.327,4132039
1789153228,2,0,0.351,4132039
1789153229,4,0,0.381,4132039
1789153229,0,0,0.009,4132039
1789153229,3,0,0.005,4132039
1789153229,0,0,0.027,4132039
1789153229,4,0,0.364,4132039
1789153230,2,0,0.803,4132039
1789153230,6,0,0.006,4132039
1789153231,5,0,0.437,4132039
1789153231,2,0,0.774,4132039
1789153231,6,0,0.005,4132039
1789153232,5,0,0.409,4132039
1789153232,5,0,0.092,4132039
1789153232,0,0,0.008,4132039
1789153232,3,0,0.052,4132039
1789153232,2,0,0.003,4132039
1789153232,1,0,0.001,4132039
1789153232,4,0,0.227,4132039
1789153233,2,0,0.593,4132039
1789153233,3,0,0.002,4132039
1789153233,3,0,0.009,4132039
1789153233,1,0,0.001,4132039
1789153233,7,0,0.224,4132039
1789153233,3,0,0.092,4132039
1789153233,0,0,0.019,4132039
1789153233,0,0,0.013,4132039
1789153233,0,0,0.008,4132039
1789153233,5,0,0.395,4132039
1789153233,0,0,0.011,4132039
1789153233,6,0,0.004,4132039
1789153234,4,0,0.318,4132039
1789153234,3,0,0.006,4132039
1789153234,6,0,0.006,4132039
1789153234,6,0,0.005,4132039
1789153234,2,0,0.541,4132039
1789153235,2,0,0.717,4132039
1789153235,3,0,0.03,4132039
1789153235,1,0,0.001,4132039
1789153235,3,0,0.08,4132039
1789153241,5,0,5.789,4132039
1789153241,4,0,0.341,4132039
1789153241,6,0,0.005,4132039
1789153241,0,0,0.009,4132039
1789153241,3,0,0.007,4132039
1789153241,6,0,0.008,4132039
1789153241,6,0,0.007,4132039
1789153241,1,0,0.001,4132039
1789153242,4,0,0.807,4132039
1789153242,1,0,0.001,4132039
1789153242,6,0,0.011,4132039
1789153243,4,0,0.659,4132039
1789153243,5,0,0.141,4132039
1789153243,6,0,0.006,4132039
1789153243,2,0,0.001,4132039
1789153243,2,0,0.002,4132039
1789153243,6,0,0.006,4132039
1789153244,4,0,1.505,4132039
1789153246,4,0,1.308,4132039
1789153246,3,0,0.006,4132039
1789153246,6,0,0.005,4132039
1789153246,3,0,0.039,4132039
1789153246,4,0,0.579,4132039
1789153247,4,0,0.458,4132039
1789153247,3,0,0.141,4132039
1789153247,6,0,0.023,4132039
1789153248,4,0,0.548,4132039
1789153248,3,0,0.036,4132039
1789153248,0,0,0.006,4132039
1789153248,2,0,0,4132039
1789153248,3,0,0.057,4132039
1789153249,7,0,0.833,4132039
1789153249,4,0,0.278,4132039
1789153249,3,0,0.003,4132039
1789153249,3,0,0.009,4132039
1789153249,4,0,0.391,4132039
1789153249,3,0,0.107,4132039
1789153249,0,0,0.019,4132039
1789153249,6,0,0.016,4132039
1789153249,6,0,0.007,4132039
1789153251,4,0,1.547,4132039
1789153251,4,0,0.383,4132039
1789153254,4,0,2.233,4132039
1789153254,3,0,0.009,4132039
1789153254,3,0,0.071,4132039
1789153254,2,0,0.45,4132039
1789153255,4,0,1.06,4132039
1789153255,5,0,0.377,4132039
1789153256,2,0,0.624,4132039
1789153256,3,0,0.011,4132039
1789153256,6,0,0.008,4132039
1789153256,0,0,0.003,4132039
1789153256,0,0,0.007,4132039
1789153256,5,0,0.123,4132039
1789153257,2,0,0.649,4132039
1789153257,4,0,0.409,4132039
1789153257,3,0,0.007,4132039
1789153259,4,0,1.491,4132039
1789153260,2,0,0.877,4132039
1789153260,1,0,0.001,4132039
1789153260,1,0,0.001,4132039
1789153260,3,0,0.003,4132039
1789153260,4,0,0.501,4132039
1789153261,4,0,0.624,4132039
1789153262,4,0,0.754,4132039
1789153262,3,0,0.007,4132039
1789153262,6,0,0.002,4132039
1789153262,3,0,0.004,4132039
1789153262,0,0,0.012,4132039
1789153262,0,0,0.004,4132039
1789153264,5,0,2.105,4132039
1789153264,6,0,0.009,4132039
1789153264,1,0,0.001,4132039
1789153264,1,0,0.001,4132039
1789153265,4,0,0.876,4132039
1789153265,0,0,0.003,4132039
1789153265,4,0,0.651,4132039
1789153265,3,0,0.077,4132039
1789153265,3,0,0.059,4132039
1789153267,4,0,1.304,4132039
1789153267,0,0,0.002,4132039
1789153267,2,0,0.003,4132039
1789153267,0,0,0.004,4132039
1789153271,5,0,4.74,4132039
1789153271,3,0,0.033,4132039
1789153272,4,0,0.558,4132039
1789153272,3,0,0.034,4132039
1789153272,3,0,0.074,4132039
1789153272,0,0,0.012,4132039
1789153272,6,0,0.007,4132039
1789153272,1,0,0.001,4132039
1789153276,5,0,3.848,4132039
1789153276,0,0,0.004,4132039
1789153276,4,0,0.466,4132039
1789153276,6,0,0.006,4132039
1789153276,0,0,0.005,4132039
1789153276,1,0,0.001,4132039
1789153276,6,0,0.004,4132039
1789153283,7,0,6.015,4132039
1789153283,3,0,0.066,4132039
1789153283,2,0,0.002,4132039
1789153284,4,0,1.663,4132039
1789153284,1,0,0.002,4132039
1789153285,5,0,0.78,4132039
1789153285,4,0,0.314,4132039
1789153285,0,0,0.005,4132039
1789153285,2,0,0.007,4132039
1789153286,2,0,0.4,4132039
1789153286,0,0,0.005,4132039
1789153286,0,0,0.005,4132039
1789153286,4,0,0.681,4132039
1789153286,6,0,0.013,4132039
1789153287,4,0,0.801,4132039
1789153287,0,0,0.005,4132039
1789153287,3,0,0.048,4132039
1789153287,5,0,0.099,4132039
1789153287,3,0,0.035,4132039
1789153288,5,0,0.982,4132039
1789153288,6,0,0.004,4132039
1789153288,6,0,0.006,4132039
1789153288,6,0,0.008,4132039
1789153289,3,0,0.066,4132039
1789153289,2,0,0.286,4132039
1789153289,0,0,0.013,4132039
1789153289,2,0,0.003,4132039
1789153289,0,0,0.01,4132039
1789153289,3,0,0.086,4132039
1789153289,5,0,0.388,4132039
1789153289,6,0,0.003,4132039
1789153289,2,0,0.002,4132039
1789153290,4,0,1.041,4132039
1789153291,4,0,1.072,4132039
1789153291,3,0,0.047,4132039
1789153292,2,0,0.541,4132039
1789153292,6,0,0.004,4132039
1789153292,0,0,0.005,4132039
1789153292,0,0,0.004,4132039
1789153292,3,0,0.012,4132039
1789153293,4,0,0.5,4132039
1789153293,5,0,0.303,4132039
1789153293,3,0,0.134,4132039
1789153293,4,0,0.311,4132039
1789153293,3,0,0.067,4132039
1789153294,4,0,0.84,4132039
1789153294,1,0,0.001,4132039
1789153294,3,0,0.009,4132039
1789153294,3,0,0.104,4132039
1789153294,3,0,0.104,4132039
1789153294,2,0,0.004,4132039
1789153294,1,0,0.001,4132039
1789153294,0,0,0.033,4132039
1789153294,2,0,0.005,4132039
1789153294,6,0,0.005,4132039
1789153295,4,0,0.469,4132039
1789153295,3,0,0.009,4132039
1789153295,2,0,0.002,4132039
1789153296,5,0,0.759,4132039
1789153296,7,0,0.153,4132039
1789153296,6,0,0.007,4132039
1789153296,3,0,0.168,4132039
1789153297,2,0,0.816,4132039
1789153297,3,0,0.045,4132039
1789153297,4,0,0.227,4132039
1789153299,4,0,1.567,4132039
1789153299,0,0,0.014,4132039
1789153304,5,0,5.515,4132039
1789153304,3,0,0.233,4132039
1789153305,4,0,0.762,4132039
1789153305,0,0,0.004,4132039
1789153306,5,0,0.47,4132039
1789153306,4,0,0.398,4132039
1789153306,6,0,0.006,4132039
1789153306,4,0,0.327,4132039
1789153306,2,0,0.002,4132039
1789153311,5,0,4.72,4132039
1789153311,3,0,0.051,4132039
1789153311,0,0,0.011,4132039
1789153311,0,0,0.006,4132039
1789153311,3,0,0.098,4132039
1789153312,2,0,0.47,4132039
1789153313,5,0,1.053,4132039
1789153313,3,0,0.011,4132039
1789153313,5,0,0.474,4132039
1789153314,4,0,0.734,4132039
1789153314,4,0,0.395,4132039
1789153315,3,0,0.147,4132039
1789153315,4,0,0.335,4132039
1789153316,4,0,1.064,4132039
1789153316,4,0,0.496,4132039
1789153317,3,0,0.107,4132039
1789153317,2,0,0.002,4132039
1789153317,3,0,0.076,4132039
1789153317,3,0,0.168,4132039
1789153317,0,0,0.015,4132039
1789153318,4,0,0.977,4132039
1789153319,4,0,1.02,4132039
1789153319,2,0,0.406,4132039
1789153320,2,0,0.96,4132039
1789153321,2,0,0.37,4132039
1789153321,4,0,0.572,4132039
1789153321,0,0,0.004,4132039
1789153321,0,0,0.005,4132039
1789153321,0,0,0.006,4132039
1789153321,3,0,0.085,4132039
1789153321,3,0,0.076,4132039
1789153322,4,0,0.705,4132039
1789153322,3,0,0.188,4132039
1789153322,2,0,0.002,4132039
1789153322,6,0,0.005,4132039
1789153322,3,0,0.014,4132039
1789153322,0,0,0.005,4132039
1789153322,0,0,0.004,4132039
1789153322,0,0,0.006,4132039
1789153323,4,0,0.369,4132039
1789153323,3,0,0.094,4132039
1789153323,3,0,0.041,4132039
1789153323,7,0,0.622,4132039
1789153324,4,0,0.683,4132039
1789153324,6,0,0.006,4132039
1789153324,0,0,0.006,4132039
1789153324,1,0,0.001,4132039
1789153325,4,0,0.505,4132039
1789153325,0,0,0.009,4132039
1789153325,0,0,0.012,4132039
1789153325,6,0,0.009,4132039
1789153326,4,0,1.187,4132039
1789153326,5,0,0.382,4132039
1789153327,4,0,0.662,4132039
1789153327,2,0,0.384,4132039
1789153329,4,0,1.871,4132039
1789153329,3,0,0.077,4132039
1789153329,3,0,0.046,4132039
1789153330,4,0,0.361,4132039
1789153330,2,0,0.599,4132039
1789153330,6,0,0.007,4132039
1789153331,4,0,0.905,4132039
1789153331,6,0,0.005,4132039
1789153331,3,0,0.039,4132039
1789153332,2,0,1.26,4132039
1789153333,7,0,0.719,4132039
1789153334,4,0,0.39,4132039
1789153335,4,0,1.242,4132039
1789153335,1,0,0.002,4132039
1789153335,0,0,0.013,4132039
1789153335,6,0,0.011,4132039
1789153335,1,0,0.001,4132039
1789153335,3,0,0.009,4132039
1789153335,0,0,0.004,4132039
1789153335,3,0,0.009,4132039
1789153335,2,0,0.003,4132039
1789153335,0,0,0.014,4132039
1789153335,0,0,0.032,4132039
1789153335,3,0,0.049,4132039
1789153335,6,0,0.005,4132039
1789153335,3,0,0.189,4132039
1789153335,0,0,0.006,4132039
1789153335,6,0,0.009,4132039
1789153335,3,0,0.08,4132039
1789153335,4,0,0.253,4132039
1789153335,6,0,0.011,4132039
1789153335,0,0,0.009,4132039
1789153335,1,0,0.001,4132039
1789153337,4,0,1.058,4132039
1789153337,3,0,0.086,4132039
1789153337,6,0,0.005,4132039
1789153337,2,0,0.21,4132039
1789153337,2,0,0.002,4132039
1789153337,0,0,0.006,4132039
1789153337,4,0,0.181,4132039
1789153337,0,0,0.011,4132039
1789153337,4,0,0.388,4132039
1789153338,2,0,0.969,4132039
1789153338,2,0,0.001,4132039
1789153338,0,0,0.012,4132039
1789153343,5,0,4.613,4132039
1789153344,4,0,0.945,4132039
1789153344,0,0,0.002,4132039
1789153344,3,0,0.007,4132039
1789153344,0,0,0.004,4132039
1789153344,6,0,0.009,4132039
1789153346,2,0,1.706,4132039
1789153346,3,0,0.059,4132039
1789153346,0,0,0.008,4132039
1789153346,3,0,0.05,4132039
1789153346,0,0,0.009,4132039
1789153346,0,0,0.006,4132039
1789153347,2,0,0.78,4132039
1789153347,0,0,0.004,4132039
1789153347,6,0,0.008,4132039
1789153347,4,0,0.701,4132039
1789153348,4,0,0.799,4132039
1789153348,3,0,0.042,4132039
1789153349,2,0,0.645,4132039
1789153349,0,0,0.003,4132039
1789153349,1,0,0.002,4132039
1789153349,3,0,0.056,4132039
1789153349,3,0,0.09,4132039
1789153350,4,0,0.674,4132039
1789153350,0,0,0.003,4132039
1789153353,5,0,3.056,4132039
1789153353,3,0,0.114,4132039
1789153353,0,0,0.008,4132039
1789153354,5,0,0.967,4132039
1789153354,0,0,0.009,4132039
1789153354,3,0,0.011,4132039
1789153354,3,0,0.153,4132039
1789153354,3,0,0.01,4132039
1789153354,3,0,0.06,4132039
1789153354,3,0,0.043,4132039
1789153355,4,0,0.617,4132039
1789153355,0,0,0.006,4132039
1789153355,4,0,0.496,4132039
1789153355,6,0,0.004,4132039
1789153355,3,0,0.016,4132039
1789153355,2,0,0.001,4132039
1789153355,0,0,0.004,4132039
1789153355,2,0,0.001,4132039
1789153355,2,0,0,4132039
1789153360,5,0,4.556,4132039
1789153360,0,0,0.015,4132039
1789153360,3,0,0.084,4132039
1789153360,2,0,0.002,4132039
1789153360,0,0,0.004,4132039
1789153360,0,0,0.006,4132039
1789153364,5,0,4.586,4132039
1789153364,2,0,0.007,4132039
1789153365,3,0,0.092,4132039
1789153365,0,0,0.006,4132039
1789153365,2,0,0.001,4132039
1789153365,4,0,0.684,4132039
1789153365,2,0,0.011,4132039
1789153367,4,0,1.316,4132039
1789153367,6,0,0.016,4132039
1789153367,6,0,0.006,4132039
1789153367,6,0,0.012,4132039
1789153367,5,0,0.21,4132039
1789153367,0,0,0.021,4132039
1789153367,4,0,0.444,4132039
1789153367,2,0,0.002,4132039
1789153368,5,0,0.772,4132039
1789153368,3,0,0.004,4132039
1789153368,6,0,0.004,4132039
1789153368,2,0,0.36,4132039
1789153368,3,0,0.045,4132039
1789153369,4,0,0.621,4132039
1789153370,4,0,0.547,4132039
1789153372,7,0,1.866,4132039
1789153372,5,0,0.126,4132039
1789153372,0,0,0.017,4132039
1789153372,0,0,0.003,4132039
1789153372,3,0,0.072,4132039
1789153372,1,0,0.001,4132039
1789153372,3,0,0.02,4132039
1789153372,3,0,0.003,4132039
1789153376,5,0,4.468,4132039
1789153376,2,0,0.002,4132039
1789153376,3,0,0.118,4132039
1789153377,4,0,0.737,4132039
1789153377,5,0,0.149,4132039
1789153378,4,0,0.425,4132039
1789153378,4,0,0.262,4132039
1789153378,3,0,0.095,4132039
1789153378,3,0,0.013,4132039
1789153378,3,0,0.094,4132039
1789153378,5,0,0.161,4132039
1789153378,3,0,0.121,4132039
1789153379,7,0,0.307,4132039
1789153379,3,0,0.057,4132039
1789153379,4,0,0.647,4132039
1789153380,2,0,0.599,4132039
1789153381,5,0,0.857,4132039
1789153382,4,0,0.808,4132039
1789153382,4,0,0.307,4132039
1789153382,3,0,0.006,4132039
1789153382,6,0,0.003,4132039
1789153384,4,0,1.908,4132039
1789153384,7,0,0.191,4132039
1789153384,3,0,0.036,4132039
1789153384,5,0,0.147,4132039
1789153384,1,0,0.001,4132039
1789153384,6,0,0.008,4132039
1789153384,5,0,0.139,4132039
1789153384,3,0,0.016,4132039
1789153385,3,0,0.106,4132039
1789153385,1,0,0.001,4132039
1789153385,3,0,0.005,4132039
1789153385,1,0,0.001,4132039
1789153385,3,0,0.09,4132039
1789153385,5,0,0.113,4132039
1789153385,2,0,0.003,4132039
1789153385,0,0,0.006,4132039
1789153385,2,0,0.349,4132039
1789153385,0,0,0.06,4132039
1789153385,3,0,0.065,4132039
1789153386,4,0,0.917,4132039
1789153386,0,0,0.007,4132039
1789153386,1,0,0.001,4132039
1789153386,0,0,0.015,4132039
1789153386,2,0,0.004,4132039
1789153387,4,0,0.377,4132039
1789153387,4,0,0.729,4132039
1789153387,3,0,0.027,4132039
1789153387,6,0,0.009,4132039
1789153387,2,0,0.003,4132039
1789153387,6,0,0.01,4132039
1789153388,5,0,1.006,4132039
1789153390,4,0,1.9,4132039
1789153390,0,0,0.029,4132039
1789153390,0,0,0.003,4132039
1789153390,6,0,0.033,4132039
1789153392,2,0,1.321,4132039
1789153392,2,0,0.001,4132039
1789153392,0,0,0.013,4132039
1789153393,4,0,0.893,4132039
1789153393,2,0,0.002,4132039
1789153393,4,0,0.453,4132039
1789153393,5,0,0.236,4132039
1789153394,4,0,0.618,4132039
1789153394,6,0,0.009,4132039
1789153395,4,0,1.067,4132039
1789153395,2,0,0.002,4132039
1789153395,3,0,0.152,4132039
1789153395,1,0,0.001,4132039
1789153395,1,0,0.001,4132039
1789153395,2,0,0.002,4132039
1789153395,2,0,0.003,4132039
1789153395,3,0,0.078,4132039
1789153396,4,0,0.363,4132039
1789153396,6,0,0.008,4132039
1789153396,3,0,0.006,4132039
1789153396,2,0,0.001,4132039
1789153396,2,0,0.002,4132039
1789153396,0,0,0.005,4132039
1789153396,3,0,0.102,4132039
1789153396,0,0,0.017,4132039
1789153396,0,0,0.025,4132039
1789153396,5,0,0.394,4132039
1789153397,4,0,0.861,4132039
1789153397,3,0,0.031,4132039
1789153397,0,0,0.005,4132039
1789153398,4,0,0.65,4132039
1789153398,6,0,0.007,4132039
1789153398,6,0,0.026,4132039
1789153398,3,0,0.118,4132039
1789153398,5,0,0.187,4132039
1789153398,3,0,0.113,4132039
1789153398,3,0,0.035,4132039
1789153399,4,0,0.701,4132039
1789153399,3,0,0.097,4132039
1789153399,1,0,0.001,4132039
1789153399,6,0,0.019,4132039
1789153399,3,0,0.052,4132039
1789153400,2,0,0.687,4132039
1789153400,2,0,0.402,4132039
1789153400,3,0,0.066,4132039
1789153401,4,0,0.601,4132039
1789153401,4,0,0.509,4132039
1789153401,6,0,0.008,4132039
1789153401,3,0,0.063,4132039
1789153401,3,0,0.052,4132039
1789153402,7,0,0.182,4132039
1789153402,3,0,0.064,4132039
1789153406,5,0,4.191,4132039
1789153406,6,0,0.006,4132039
1789153406,2,0,0.002,4132039
1789153406,5,0,0.153,4132039
1789153406,4,0,0.414,4132039
1789153407,4,0,0.498,4132039
1789153407,3,0,0.083,4132039
1789153407,3,0,0.035,4132039
1789153408,4,0,0.655,4132039
1789153408,3,0,0.088,4132039
1789153408,3,0,0.014,4132039
1789153408,2,0,0.329,4132039
1789153409,4,0,0.458,4132039
1789153409,3,0,0.08,4132039
1789153409,3,0,0.009,4132039
1789153410,4,0,0.894,4132039
1789153410,3,0,0.037,4132039
1789153410,3,0,0.038,4132039
1789153410,3,0,0.058,4132039
1789153410,4,0,0.426,4132039
1789153411,4,0,1.336,4132039
1789153412,4,0,0.417,4132039
1789153412,6,0,0.007,4132039
1789153412,3,0,0.023,4132039
1789153412,6,0,0.004,4132039
1789153412,3,0,0.047,4132039
1789153412,1,0,0.002,4132039
1789153413,2,0,0.598,4132039
1789153413,4,0,0.646,4132039
1789153413,2,0,0.002,4132039
1789153413,5,0,0.103,4132039
1789153413,2,0,0.002,4132039
1789153413,0,0,0.008,4132039
1789153413,0,0,0.007,4132039
1789153418,5,0,4.329,4132039
1789153418,6,0,0.004,4132039
1789153418,0,0,0.004,4132039
1789153418,2,0,0.002,4132039
1789153418,2,0,0.638,4132039
1789153419,4,0,0.566,4132039
1789153419,0,0,0.016,4132039
1789153420,5,0,1.143,4132039
1789153422,4,0,1.682,4132039
1789153422,4,0,0.375,4132039
1789153423,4,0,0.57,4132039
1789153424,7,0,1.198,4132039
1789153429,5,0,4.745,4132039
1789153429,3,0,0.006,4132039
1789153429,3,0,0.06,4132039
1789153430,4,0,1.534,4132039
1789153430,6,0,0.008,4132039
1789153430,3,0,0.026,4132039
1789153431,5,0,0.678,4132039
1789153431,0,0,0.01,4132039
1789153436,5,0,4.699,4132039
1789153436,1,0,0.001,4132039
1789153437,7,0,1.065,4132039
1789153437,2,0,0.001,4132039
1789153437,5,0,0.1,4132039
1789153437,3,0,0.017,4132039
1789153437,3,0,0.015,4132039
1789153437,5,0,0.177,4132039
1789153437,0,0,0.006,4132039
1789153437,6,0,0.006,4132039
1789153437,0,0,0.006,4132039
1789153437,4,0,0.354,4132039
1789153437,3,0,0.111,4132039
1789153437,2,0,0.007,4132039
1789153439,2,0,1.413,4132039
1789153439,2,0,0.002,4132039
1789153439,3,0,0.043,4132039
1789153439,4,0,0.443,4132039
1789153439,0,0,0.014,4132039
1789153440,4,0,1.053,4132039
1789153440,3,0,0.007,4132039
1789153440,1,0,0.001,4132039
1789153441,4,0,0.26,4132039
1789153442,5,0,1.637,4132039
1789153442,6,0,0.012,4132039
1789153443,4,0,0.361,4132039
1789153443,3,0,0.057,4132039
1789153443,3,0,0.025,4132039
1789153443,7,0,0.242,4132039
1789153444,2,0,1.131,4132039
1789153444,0,0,0.014,4132039
1789153445,2,0,0.698,4132039
1789153446,4,0,1.26,4132039
1789153446,0,0,0.006,4132039
1789153447,4,0,0.819,4132039
1789153447,0,0,0.007,4132039
1789153447,3,0,0.066,4132039
1789153448,4,0,0.827,4132039
1789153448,0,0,0.009,4132039
1789153449,2,0,0.861,4132039
1789153449,2,0,0.003,4132039
1789153449,0,0,0.005,4132039
1789153449,6,0,0.003,4132039
1789153449,3,0,0.004,4132039
1789153449,2,0,0.002,4132039
1789153453,5,0,4.304,4132039
1789153453,6,0,0.007,4132039
1789153454,5,0,0.953,4132039
1789153454,2,0,0.001,4132039
1789153454,3,0,0.042,4132039
1789153454,2,0,0.386,4132039
1789153454,6,0,0.007,4132039
1789153459,5,0,4.097,4132039
1789153460,5,0,1.578,4132039
1789153461,4,0,0.439,4132039
1789153461,5,0,0.85,4132039
1789153462,5,0,0.619,4132039
1789153462,3,0,0.157,4132039
1789153463,2,0,0.389,4132039
1789153463,6,0,0.007,4132039
1789153463,1,0,0.003,4132039
1789153463,6,0,0.008,4132039
1789153463,3,0,0.064,4132039
1789153464,5,0,1.252,4132039
1789153464,4,0,0.244,4132039
1789153464,3,0,0.015,4132039
1789153465,2,0,0.626,4132039
1789153465,1,0,0.002,4132039
1789153465,3,0,0.038,4132039
1789153469,5,0,4.046,4132039
1789153469,6,0,0.005,4132039
1789153469,0,0,0.012,4132039
1789153469,0,0,0.013,4132039
1789153469,6,0,0.005,4132039
1789153469,4,0,0.439,4132039
1789153469,3,0,0.031,4132039
1789153469,0,0,0.003,4132039
1789153469,0,0,0.005,4132039
1789153471,4,0,1.751,4132039
1789153471,0,0,0.008,4132039
1789153475,5,0,4.088,4132039
1789153476,2,0,0.289,4132039
1789153476,4,0,0.512,4132039
1789153477,4,0,0.721,4132039
1789153477,4,0,0.522,4132039
1789153478,4,0,0.392,4132039
1789153482,7,0,3.987,4132039
1789153483,4,0,1.107,4132039
1789153484,4,0,1.044,4132039
1789153484,2,0,0.483,4132039
1789153485,4,0,0.421,4132039
1789153485,0,0,0.005,4132039
1789153485,6,0,0.007,4132039
1789153485,3,0,0.096,4132039
1789153485,4,0,0.615,4132039
1789153490,5,0,4.127,4132039
1789153490,4,0,0.691,4132039
1789153491,5,0,0.825,4132039
1789153492,4,0,0.635,4132039
1789153492,5,0,0.636,4132039
1789153492,0,0,0.011,4132039
1789153492,0,0,0.015,4132039
1789153493,5,0,1.079,4132039
1789153493,6,0,0.013,4132039
1789153493,1,0,0.001,4132039
1789153499,7,0,5.14,4132039
1789153499,4,0,0.614,4132039
1789153499,4,0,0.182,4132039
1789153499,0,0,0.005,4132039
1789153500,2,0,0.346,4132039
1789153500,1,0,0.001,4132039
1789153500,0,0,0.021,4132039
1789153500,6,0,0.005,4132039
1789153500,1,0,0.001,4132039
1789153500,6,0,0.011,4132039
1789153504,5,0,4.053,4132039
1789153505,4,0,0.837,4132039
1789153505,2,0,0.002,4132039
1789153506,4,0,1.065,4132039
1789153507,4,0,1.527,4132039
1789153507,2,0,0.004,4132039
1789153507,0,0,0.004,4132039
1789153507,0,0,0.004,4132039
1789153507,1,0,0.001,4132039
1789153507,0,0,0.01,4132039
1789153507,1,0,0.001,4132039
1789153508,4,0,0.757,4132039
1789153508,2,0,0.003,4132039
1789153508,0,0,0.014,4132039
1789153508,6,0,0.006,4132039
1789153508,3,0,0.069,4132039
1789153508,4,0,0.217,4132039
1789153508,3,0,0.09,4132039
1789153508,0,0,0.022,4132039
1789153509,6,0,0.007,4132039
1789153509,2,0,0.004,4132039
1789153509,2,0,0.861,4132039
1789153509,0,0,0.015,4132039
1789153510,4,0,0.229,4132039
1789153510,5,0,0.102,4132039
1789153510,2,0,0.001,4132039
1789153510,0,0,0.004,4132039
1789153510,4,0,0.52,4132039
1789153511,4,0,0.279,4132039
1789153511,2,0,0.003,4132039
1789153511,0,0,0.012,4132039
1789153511,4,0,0.784,4132039
1789153511,0,0,0.003,4132039
1789153511,3,0,0.005,4132039
1789153511,3,0,0.042,4132039
1789153511,3,0,0.094,4132039
1789153512,4,0,0.31,4132039
1789153513,4,0,1.584,4132039
1789153513,6,0,0.005,4132039
1789153513,0,0,0.007,4132039
1789153513,3,0,0.006,4132039
1789153513,3,0,0.012,4132039
1789153513,3,0,0.045,4132039
1789153514,4,0,0.381,4132039
1789153514,3,0,0.096,4132039
1789153514,3,0,0.082,4132039
1789153514,6,0,0.008,4132039
1789153514,4,0,0.332,4132039
1789153515,4,0,0.518,4132039
1789153515,4,0,0.497,4132039
1789153516,2,0,0.795,4132039
1789153516,2,0,0.002,4132039
1789153516,3,0,0.047,4132039
1789153516,2,0,0.184,4132039
1789153516,5,0,0.108,4132039
1789153517,2,0,0.409,4132039
1789153517,3,0,0.047,4132039
1789153517,2,0,0.368,4132039
1789153518,7,0,0.542,4132039
1789153518,4,0,0.332,4132039
1789153519,4,0,1.018,4132039
1789153519,3,0,0.011,4132039
1789153519,6,0,0.007,4132039
1789153519,6,0,0.007,4132039
1789153519,0,0,0.004,4132039
1789153520,4,0,0.49,4132039
1789153520,0,0,0.003,4132039
1789153520,6,0,0.006,4132039
1789153520,0,0,0.007,4132039
1789153520,2,0,0.001,4132039
1789153520,1,0,0.001,4132039
1789153520,2,0,0.002,4132039
1789153520,6,0,0.004,4132039
1789153520,0,0,0.007,4132039
1789153520,0,0,0.015,4132039
1789153523,5,0,3.258,4132039
1789153524,4,0,0.794,4132039
1789153524,2,0,0.007,4132039
1789153524,5,0,0.225,4132039
1789153524,0,0,0.011,4132039
1789153525,4,0,0.561,4132039
1789153525,2,0,0.529,4132039
1789153526,4,0,0.84,4132039
1789153531,7,0,4.599,4132039
1789153531,4,0,0.533,4132039
1789153531,3,0,0.073,4132039
1789153531,2,0,0.004,4132039
1789153531,6,0,0.006,4132039
1789153531,6,0,0.011,4132039
1789153531,0,0,0.026,4132039
1789153531,3,0,0.081,4132039
1789153532,5,0,0.747,4132039
1789153532,2,0,0.378,4132039
1789153532,2,0,0.002,4132039
1789153532,0,0,0.008,4132039
1789153532,3,0,0.028,4132039
1789153532,3,0,0.002,4132039
1789153533,4,0,0.509,4132039
1789153533,4,0,0.27,4132039
1789153534,4,0,0.893,4132039
1789153534,0,0,0.006,4132039
1789153534,0,0,0.005,4132039
1789153534,2,0,0.002,4132039
1789153535,4,0,0.352,4132039
1789153535,0,0,0.007,4132039
1789153535,3,0,0.006,4132039
1789153535,0,0,0.007,4132039
1789153535,4,0,0.519,4132039
1789153536,5,0,1.232,4132039
1789153536,3,0,0.03,4132039
1789153536,3,0,0.007,4132039
1789153537,4,0,0.494,4132039
1789153537,3,0,0.089,4132039
1789153537,0,0,0.005,4132039
1789153537,2,0,0.003,4132039
1789153537,1,0,0.001,4132039
1789153538,7,0,0.687,4132039
1789153538,2,0,0.004,4132039
1789153538,4,0,0.443,4132039
1789153539,4,0,0.44,4132039
1789153539,1,0,0.001,4132039
1789153539,0,0,0.005,4132039
1789153540,4,0,1.097,4132039
1789153540,0,0,0.002,4132039
1789153540,3,0,0.138,4132039
1789153541,7,0,0.803,4132039
1789153541,4,0,0.854,4132039
1789153541,0,0,0.005,4132039
1789153541,2,0,0.002,4132039
1789153541,6,0,0.007,4132039
1789153542,5,0,0.688,4132039
1789153542,0,0,0.014,4132039
1789153542,0,0,0.02,4132039
1789153543,2,0,0.624,4132039
1789153544,5,0,1.214,4132039
1789153544,3,0,0.002,4132039
1789153544,0,0,0.006,4132039
1789153544,0,0,0.007,4132039
1789153544,5,0,0.099,4132039
1789153544,3,0,0.041,4132039
1789153544,0,0,0.013,4132039
1789153544,3,0,0.007,4132039
1789153544,0,0,0.003,4132039
1789153544,0,0,0.004,4132039
1789153544,0,0,0.012,4132039
1789153544,6,0,0.004,4132039
1789153545,4,0,1.198,4132039
1789153545,6,0,0.007,4132039
1789153546,4,0,0.562,4132039
1789153546,6,0,0.004,4132039
1789153546,4,0,0.321,4132039
1789153547,5,0,0.395,4132039
1789153547,1,0,0.002,4132039
1789153547,0,0,0.005,4132039
1789153547,6,0,0.006,4132039
1789153551,5,0,4.169,4132039
1789153552,5,0,0.761,4132039
1789153552,2,0,0.002,4132039
1789153552,3,0,0.026,4132039
1789153552,0,0,0.006,4132039
1789153552,4,0,0.536,4132039
1789153552,0,0,0.006,4132039
1789153553,2,0,0.619,4132039
1789153553,3,0,0.035,4132039
1789153553,1,0,0.001,4132039
1789153553,3,0,0.092,4132039
1789153553,2,0,0.001,4132039
1789153554,2,0,1.174,4132039
1789153555,4,0,0.405,4132039
1789153556,4,0,1.492,4132039
1789153556,2,0,0.239,4132039
1789153557,7,0,0.911,4132039
1789153557,6,0,0.006,4132039
1789153557,0,0,0.06,4132039
1789153557,0,0,0.019,4132039
1789153559,5,0,1.294,4132039
1789153559,1,0,0.001,4132039
1789153559,4,0,0.621,4132039
1789153560,4,0,1.293,4132039
1789153561,5,0,0.13,4132039
1789153561,6,0,0.007,4132039
1789153561,3,0,0.039,4132039
1789153562,4,0,0.94,4132039
1789153562,4,0,0.433,4132039
1789153563,2,0,0.794,4132039
1789153564,2,0,1.156,4132039
1789153564,3,0,0.013,4132039
1789153564,0,0,0.009,4132039
1789153564,6,0,0.007,4132039
1789153564,3,0,0.09,4132039
1789153564,1,0,0.001,4132039
1789153564,4,0,0.418,4132039
1789153565,0,0,0.012,4132039
1789153569,5,0,4.631,4132039
1789153570,4,0,0.642,4132039
1789153570,3,0,0.129,4132039
1789153571,2,0,0.758,4132039
1789153571,0,0,0.007,4132039
1789153571,2,0,0.002,4132039
1789153571,6,0,0.006,4132039
1789153571,7,0,0.59,4132039
1789153571,0,0,0.011,4132039
1789153571,6,0,0.007,4132039
1789153571,6,0,0.007,4132039
1789153572,2,0,0.857,4132039
1789153572,3,0,0.004,4132039
1789153572,6,0,0.007,4132039
1789153572,0,0,0.01,4132039
1789153573,4,0,1.037,4132039
1789153574,4,0,0.691,4132039
1789153574,2,0,0.002,4132039
1789153574,1,0,0.001,4132039
1789153574,3,0,0.068,4132039
1789153574,3,0,0.005,4132039
1789153574,7,0,0.167,4132039
1789153575,2,0,0.38,4132039
1789153575,3,0,0.031,4132039
1789153575,2,0,0.003,4132039
1789153575,4,0,0.85,4132039
1789153576,4,0,0.813,4132039
1789153576,2,0,0.004,4132039
1789153576,0,0,0.014,4132039
1789153576,3,0,0.006,4132039
1789153577,4,0,0.61,4132039
1789153577,4,0,0.502,4132039
1789153578,5,0,0.465,4132039
1789153583,5,0,5.054,4132039
1789153588,5,0,5.178,4132039
1789153588,3,0,0.005,4132039
1789153588,3,0,0.053,4132039
1789153588,2,0,0.001,4132039
1789153588,3,0,0.05,4132039
1789153588,3,0,0.044,4132039
1789153589,5,0,0.561,4132039
1789153589,6,0,0.014,4132039
1789153589,2,0,0.001,4132039
1789153589,2,0,0.001,4132039
1789153589,3,0,0.036,4132039
1789153589,3,0,0.057,4132039
1789153589,0,0,0.009,4132039
1789153589,0,0,0.004,4132039
1789153589,0,0,0.026,4132039
1789153589,4,0,0.568,4132039
1789153591,4,0,1.033,4132039
1789153591,2,0,0.011,4132039
1789153591,5,0,0.457,4132039
1789153591,3,0,0.004,4132039
1789153592,2,0,0.545,4132039
1789153592,0,0,0.014,4132039
1789153592,2,0,0.002,4132039
1789153592,7,0,0.454,4132039
1789153592,0,0,0.02,4132039
1789153592,3,0,0.008,4132039
1789153592,1,0,0.002,4132039
1789153593,4,0,0.871,4132039
1789153595,4,0,1.675,4132039
1789153595,2,0,0.002,4132039
1789153595,6,0,0.008,4132039
1789153600,7,0,5.247,4132039
1789153601,5,0,0.86,4132039
1789153601,3,0,0.049,4132039
1789153601,3,0,0.13,4132039
1789153601,3,0,0.097,4132039
1789153602,5,0,0.725,4132039
1789153602,4,0,0.465,4132039
1789153602,3,0,0.075,4132039
1789153602,2,0,0.188,4132039
1789153603,2,0,0.279,4132039
1789153603,0,0,0.014,4132039
1789153603,3,0,0.004,4132039
1789153603,0,0,0.005,4132039
1789153603,2,0,0.002,4132039
1789153603,2,0,0.003,4132039
1789153603,4,0,0.668,4132039
1789153604,2,0,0.455,4132039
1789153604,2,0,0.002,4132039
1789153604,6,0,0.009,4132039
1789153604,6,0,0.005,4132039
1789153605,4,0,0.918,4132039
1789153605,4,0,0.404,4132039
1789153605,0,0,0.007,4132039
1789153605,0,0,0.007,4132039
1789153605,2,0,0.083,4132039
1789153606,5,0,0.688,4132039
1789153606,2,0,0.002,4132039
1789153606,2,0,0.001,4132039
1789153606,6,0,0.012,4132039
1789153606,4,0,0.265,4132039
1789153606,6,0,0.006,4132039
1789153606,0,0,0.015,4132039
1789153607,4,0,0.474,4132039
1789153607,2,0,0.351,4132039
1789153608,4,0,0.674,4132039
1789153608,4,0,0.657,4132039
1789153609,4,0,0.555,4132039
1789153609,0,0,0.007,4132039
1789153611,4,0,2.101,4132039
1789153612,2,0,0.547,4132039
1789153612,6,0,0.009,4132039
1789153612,5,0,0.108,4132039
1789153612,3,0,0.117,4132039
1789153612,4,0,0.582,4132039
1789153617,5,0,4.873,4132039
1789153617,0,0,0.015,4132039
1789153617,1,0,0.002,4132039
1789153618,4,0,0.326,4132039
1789153619,4,0,1.135,4132039
1789153619,4,0,0.309,4132039
1789153619,5,0,0.131,4132039
1789153619,0,0,0.038,4132039
1789153619,3,0,0.015,4132039
1789153620,4,0,0.449,4132039
1789153620,4,0,0.57,4132039
1789153620,2,0,0.003,4132039
1789153621,4,0,0.636,4132039
1789153622,4,0,1.091,4132039
1789153622,5,0,0.233,4132039
1789153622,1,0,0.001,4132039
1789153622,0,0,0.004,4132039
1789153622,3,0,0.004,4132039
1789153622,0,0,0.003,4132039
1789153622,0,0,0.01,4132039
1789153623,4,0,0.967,4132039
1789153624,4,0,0.263,4132039
1789153624,5,0,0.675,4132039
1789153624,0,0,0.01,4132039
1789153624,6,0,0.005,4132039
1789153624,0,0,0.006,4132039
1789153624,3,0,0.042,4132039
1789153625,4,0,0.602,4132039
1789153625,6,0,0.025,4132039
1789153625,3,0,0.166,4132039
1789153629,5,0,3.759,4132039
1789153629,6,0,0.004,4132039
1789153629,4,0,0.339,4132039
1789153630,4,0,0.644,4132039
1789153635,7,0,5.162,4132039
1789153635,0,0,0.004,4132039
1789153635,2,0,0.004,4132039
1789153635,0,0,0.008,4132039
1789153635,3,0,0.144,4132039
1789153635,6,0,0.014,4132039
1789153635,2,0,0.001,4132039
1789153636,4,0,0.42,4132039
1789153636,6,0,0.008,4132039
1789153636,0,0,0.003,4132039
1789153636,0,0,0.012,4132039
1789153636,6,0,0.01,4132039
1789153636,3,0,0.061,4132039
1789153636,1,0,0.002,4132039
1789153636,4,0,0.545,4132039
1789153637,4,0,0.554,4132039
1789153637,1,0,0.001,4132039
1789153637,6,0,0.007,4132039
1789153638,5,0,0.758,4132039
1789153638,2,0,0.003,4132039
1789153638,6,0,0.005,4132039
1789153642,5,0,4.476,4132039
1789153642,1,0,0.002,4132039
1789153642,6,0,0.005,4132039
1789153646,5,0,3.748,4132039
1789153647,4,0,1.246,4132039
1789153647,3,0,0.036,4132039
1789153647,2,0,0.001,4132039
1789153647,5,0,0.161,4132039
1789153647,0,0,0.01,4132039
1789153648,5,0,0.47,4132039
1789153649,4,0,0.792,4132039
1789153649,6,0,0.005,4132039
1789153649,6,0,0.02,4132039
1789153649,2,0,0.006,4132039
1789153649,4,0,0.497,4132039
1789153649,4,0,0.457,4132039
1789153650,2,0,0.452,4132039
1789153653,7,0,3.446,4132039
1789153654,2,0,0.728,4132039
1789153654,0,0,0.016,4132039
1789153654,0,0,0.004,4132039
1789153654,6,0,0.007,4132039
1789153654,0,0,0.006,4132039
1789153655,4,0,0.627,4132039
1789153655,0,0,0.004,4132039
1789153655,3,0,0.058,4132039
1789153655,0,0,0.006,4132039
1789153656,4,0,0.878,4132039
1789153657,2,0,1.431,4132039
1789153658,4,0,0.354,4132039
1789153659,7,0,1.293,4132039
1789153659,7,0,0.213,4132039
1789153659,2,0,0.479,4132039
1789153659,1,0,0.002,4132039
1789153659,0,0,0.005,4132039
1789153660,0,0,0.005,4132039
1789153660,1,0,0.001,4132039
1789153660,4,0,0.415,4132039
1789153660,3,0,0.031,4132039
1789153660,2,0,0,4132039
1789153660,0,0,0.003,4132039
1789153660,6,0,0.004,4132039
1789153660,3,0,0.053,4132039
1789153660,6,0,0.004,4132039
1789153660,7,0,0.234,4132039
1789153660,6,0,0.008,4132039
1789153660,0,0,0.008,4132039
1789153660,0,0,0.005,4132039
1789153660,0,0,0.017,4132039
1789153661,4,0,0.591,4132039
1789153661,2,0,0.49,4132039
1789153661,3,0,0.11,4132039
1789153662,4,0,0.535,4132039
1789153662,2,0,0.006,4132039
1789153662,0,0,0.003,4132039
1789153663,4,0,0.54,4132039
1789153663,4,0,0.525,4132039
1789153663,0,0,0.006,4132039
1789153663,2,0,0.001,4132039
1789153663,0,0,0.01,4132039
1789153663,0,0,0.014,4132039
1789153663,2,0,0.004,4132039
1789153663,3,0,0.098,4132039
1789153664,4,0,0.511,4132039
1789153664,4,0,0.489,4132039
1789153664,0,0,0.014,4132039
1789153665,2,0,0.903,4132039
1789153666,4,0,0.504,4132039
1789153666,2,0,0.001,4132039
1789153666,3,0,0.005,4132039
1789153666,1,0,0.001,4132039
1789153666,5,0,0.581,4132039
1789153666,3,0,0.052,4132039
1789153667,4,0,0.265,4132039
1789153667,6,0,0.005,4132039
1789153667,1,0,0.001,4132039
1789153667,3,0,0.042,4132039
1789153667,2,0,0.498,4132039
1789153668,4,0,1.26,4132039
1789153669,4,0,0.553,4132039
1789153669,6,0,0.007,4132039
1789153669,4,0,0.54,4132039
1789153669,0,0,0.004,4132039
1789153670,5,0,0.095,4132039
1789153670,4,0,0.4,4132039
1789153670,1,0,0.001,4132039
1789153671,4,0,0.898,4132039
1789153671,3,0,0.013,4132039
1789153671,1,0,0.002,4132039
1789153675,5,0,4.329,4132039
1789153675,3,0,0.056,4132039
1789153675,0,0,0.004,4132039
1789153676,4,0,0.966,4132039
1789153677,4,0,0.778,4132039
1789153678,2,0,0.524,4132039
1789153678,3,0,0.046,4132039
1789153678,4,0,0.273,4132039
1789153678,2,0,0.464,4132039
1789153678,6,0,0.008,4132039
1789153678,5,0,0.092,4132039
1789153678,0,0,0.016,4132039
1789153678,6,0,0.011,4132039
1789153679,2,0,0.501,4132039
1789153679,3,0,0.061,4132039
1789153680,4,0,1,4132039
1789153682,4,0,1.581,4132039
1789153682,4,0,0.707,4132039
1789153682,3,0,0.006,4132039
1789153682,1,0,0.001,4132039
1789153683,2,0,0.575,4132039
1789153683,3,0,0.057,4132039
1789153683,6,0,0.006,4132039
1789153683,3,0,0.15,4132039
1789153683,3,0,0.083,4132039
1789153684,4,0,0.415,4132039
1789153684,0,0,0.003,4132039
1789153685,5,0,0.914,4132039
1789153685,3,0,0.089,4132039
1789153685,3,0,0.041,4132039
1789153685,3,0,0.078,4132039
1789153685,1,0,0.001,4132039
1789153685,6,0,0.007,4132039
1789153685,0,0,0.016,4132039
1789153685,2,0,0.003,4132039
1789153685,3,0,0.016,4132039
1789153686,4,0,1.35,4132039
1789153686,6,0,0.007,4132039
1789153686,3,0,0.091,4132039
1789153686,3,0,0.112,4132039
1789153686,1,0,0.001,4132039
1789153686,6,0,0.008,4132039
1789153686,3,0,0.01,4132039
1789153686,3,0,0.003,4132039
1789153690,5,0,3.378,4132039
1789153691,2,0,1.667,4132039
1789153692,2,0,0.66,4132039
1789153693,4,0,0.578,4132039
1789153693,2,0,0.819,4132039
1789153694,2,0,0.677,4132039
1789153695,5,0,0.57,4132039
1789153695,3,0,0.095,4132039
1789153695,3,0,0.129,4132039
1789153696,2,0,0.754,4132039
1789153696,4,0,0.782,4132039
1789153696,0,0,0.005,4132039
1789153696,3,0,0.011,4132039
1789153697,2,0,0.367,4132039
1789153697,3,0,0.047,4132039
1789153697,4,0,0.493,4132039
1789153697,6,0,0.004,4132039
1789153697,3,0,0.088,4132039
1789153697,3,0,0.011,4132039
1789153698,0,0,0.032,4132039
1789153698,2,0,0.649,4132039
1789153699,5,0,0.855,4132039
1789153699,5,0,0.478,4132039
1789153700,2,0,0.524,4132039
1789153700,6,0,0.007,4132039
1789153700,7,0,0.377,4132039
1789153701,7,0,0.171,4132039
1789153701,3,0,0.055,4132039
1789153701,6,0,0.005,4132039
1789153701,4,0,0.421,4132039
1789153701,3,0,0.01,4132039
1789153701,0,0,0.011,4132039
1789153701,1,0,0.001,4132039
1789153701,6,0,0.006,4132039
1789153701,6,0,0.006,4132039
1789153702,4,0,0.534,4132039
1789153702,0,0,0.007,4132039
1789153702,0,0,0.007,4132039
1789153706,7,0,4.655,4132039
1789153707,4,0,1.083,4132039
1789153707,3,0,0.083,4132039
1789153707,0,0,0.004,4132039
1789153708,3,0,0.048,4132039
1789153708,3,0,0.038,4132039
1789153708,5,0,0.755,4132039
1789153709,4,0,1.188,4132039
1789153709,6,0,0.005,4132039
1789153710,3,0,0.058,4132039
1789153710,4,0,0.41,4132039
1789153711,4,0,1.346,4132039
1789153711,3,0,0.033,4132039
1789153711,1,0,0.001,4132039
1789153712,4,0,0.672,4132039
1789153713,4,0,0.945,4132039
1789153714,4,0,0.724,4132039
1789153714,3,0,0.026,4132039
1789153714,3,0,0.067,4132039
1789153714,2,0,0.001,4132039
1789153714,3,0,0.108,4132039
1789153714,6,0,0.009,4132039
1789153714,5,0,0.593,4132039
1789153714,3,0,0.003,4132039
1789153715,4,0,0.933,4132039
1789153716,4,0,0.684,4132039
1789153716,0,0,0.008,4132039
1789153716,2,0,0.007,4132039
1789153717,5,0,0.674,4132039
1789153717,6,0,0.013,4132039
1789153718,4,0,0.779,4132039
1789153718,3,0,0.033,4132039
1789153718,3,0,0.065,4132039
1789153718,3,0,0.109,4132039
1789153718,4,0,0.621,4132039
1789153719,4,0,0.568,4132039
1789153719,4,0,0.303,4132039
1789153720,4,0,0.594,4132039
1789153720,3,0,0.002,4132039
1789153720,6,0,0.012,4132039
1789153720,1,0,0.001,4132039
1789153720,2,0,0.296,4132039
1789153721,4,0,0.687,4132039
1789153721,3,0,0.088,4132039
1789153721,1,0,0.001,4132039
1789153721,6,0,0.003,4132039
1789153721,6,0,0.007,4132039
1789153721,4,0,0.293,4132039
1789153721,6,0,0.006,4132039
1789153721,3,0,0.082,4132039
1789153722,4,0,0.345,4132039
1789153722,6,0,0.007,4132039
1789153722,6,0,0.005,4132039
1789153722,1,0,0.001,4132039
1789153722,3,0,0.066,4132039
1789153722,3,0,0.004,4132039
1789153726,5,0,4.293,4132039
1789153727,4,0,0.619,4132039
1789153727,6,0,0.012,4132039
1789153728,4,0,1.042,4132039
1789153728,1,0,0.002,4132039
1789153728,2,0,0.259,4132039
1789153728,6,0,0.006,4132039
1789153728,0,0,0.013,4132039
1789153728,1,0,0.001,4132039
1789153729,4,0,0.483,4132039
1789153729,5,0,0.14,4132039
1789153729,3,0,0.059,4132039
1789153729,4,0,0.721,4132039
1789153729,3,0,0.052,4132039
1789153729,6,0,0.005,4132039
1789153730,4,0,0.895,4132039
1789153730,3,0,0.046,4132039
1789153730,0,0,0.009,4132039
1789153730,0,0,0.006,4132039
1789153730,3,0,0.032,4132039
1789153731,3,0,0.08,4132039
1789153731,2,0,0.813,4132039
1789153731,1,0,0.001,4132039
1789153732,4,0,0.354,4132039
1789153732,3,0,0.063,4132039
1789153732,3,0,0.077,4132039
1789153736,5,0,4.131,4132039
1789153736,3,0,0.059,4132039
1789153738,2,0,1.93,4132039
1789153739,4,0,0.64,4132039
1789153739,6,0,0.004,4132039
1789153739,5,0,0.157,4132039
1789153739,0,0,0.004,4132039
1789153739,5,0,0.162,4132039
1789153739,4,0,0.325,4132039
1789153739,1,0,0.002,4132039
1789153739,5,0,0.142,4132039
1789153739,0,0,0.004,4132039
1789153739,0,0,0.013,4132039
1789153740,2,0,0.577,4132039
1789153740,6,0,0.004,4132039
1789153740,3,0,0.002,4132039
1789153741,4,0,0.746,4132039
1789153741,3,0,0.057,4132039
1789153741,4,0,0.47,4132039
1789153741,3,0,0.058,4132039
1789153741,3,0,0.003,4132039
1789153741,6,0,0.008,4132039
1789153741,0,0,0.007,4132039
1789153741,2,0,0,4132039
1789153742,4,0,0.641,4132039
1789153742,3,0,0.028,4132039
1789153742,3,0,0.073,4132039
1789153742,5,0,0.128,4132039
1789153743,2,0,0.338,4132039
1789153743,4,0,0.557,4132039
1789153747,5,0,3.689,4132039
1789153747,1,0,0.001,4132039
1789153747,1,0,0.001,4132039
1789153747,4,0,0.482,4132039
1789153748,4,0,0.924,4132039
1789153748,3,0,0.026,4132039
1789153749,4,0,0.315,4132039
1789153749,3,0,0.066,4132039
1789153749,3,0,0.008,4132039
1789153749,1,0,0.001,4132039
1789153749,0,0,0.003,4132039
1789153749,4,0,0.421,4132039
1789153749,0,0,0.011,4132039
1789153749,3,0,0.127,4132039
1789153750,4,0,0.346,4132039
1789153750,2,0,0.413,4132039
1789153750,2,0,0.003,4132039
1789153750,3,0,0.032,4132039
1789153750,6,0,0.005,4132039
1789153750,6,0,0.003,4132039
1789153750,3,0,0.056,4132039
1789153750,0,0,0.005,4132039
1789153750,3,0,0.007,4132039
1789153750,3,0,0.081,4132039
1789153750,3,0,0.059,4132039
1789153750,0,0,0.005,4132039
1789153750,3,0,0.059,4132039
1789153750,0,0,0.014,4132039
1789153750,0,0,0.016,4132039
1789153750,6,0,0.017,4132039
1789153750,2,0,0.004,4132039
1789153750,3,0,0.039,4132039
1789153751,2,0,0.831,4132039
1789153751,4,0,0.236,4132039
1789153752,4,0,0.482,4132039
1789153753,4,0,0.868,4132039
1789153753,4,0,0.55,4132039
1789153754,5,0,1.083,4132039
1789153755,4,0,0.879,4132039
1789153756,4,0,0.412,4132039
1789153756,6,0,0.007,4132039
1789153756,0,0,0.011,4132039
1789153756,4,0,0.306,4132039
1789153756,5,0,0.137,4132039
1789153756,3,0,0.042,4132039
1789153756,2,0,0.002,4132039
1789153756,6,0,0.004,4132039
1789153756,0,0,0.01,4132039
1789153756,0,0,0.008,4132039
1789153756,3,0,0.047,4132039
1789153756,0,0,0.01,4132039
1789153756,2,0,0.002,4132039
1789153756,3,0,0.044,4132039
1789153756,3,0,0.059,4132039
1789153756,3,0,0.046,4132039
1789153757,3,0,0.12,4132039
1789153757,0,0,0.009,4132039
1789153758,4,0,1.05,4132039
1789153758,0,0,0.014,4132039
1789153758,0,0,0.012,4132039
1789153758,2,0,0.601,4132039
1789153759,4,0,0.326,4132039
1789153759,0,0,0.008,4132039
1789153759,4,0,0.26,4132039
1789153759,0,0,0.009,4132039
1789153759,0,0,0.02,4132039
1789153759,3,0,0.075,4132039
1789153759,3,0,0.009,4132039
1789153759,0,0,0.006,4132039
1789153759,3,0,0.082,4132039
1789153759,1,0,0.001,4132039
1789153759,0,0,0.025,4132039
1789153759,3,0,0.121,4132039
1789153765,7,0,5.997,4132039
1789153765,0,0,0.02,4132039
1789153765,6,0,0.027,4132039
1789153766,4,0,1.195,4132039
1789153767,4,0,0.383,4132039
1789153767,7,0,0.204,4132039
1789153767,0,0,0.004,4132039
1789153767,2,0,0.003,4132039
1789153767,0,0,0.005,4132039
1789153767,0,0,0.007,4132039
1789153768,2,0,1.338,4132039
1789153768,2,0,0.002,4132039
1789153768,1,0,0.002,4132039
1789153768,6,0,0.005,4132039
1789153768,1,0,0.001,4132039
1789153769,4,0,0.762,4132039
1789153769,3,0,0.059,4132039
1789153770,4,0,0.573,4132039
1789153770,0,0,0.004,4132039
1789153770,4,0,0.237,4132039
1789153770,2,0,0.409,4132039
1789153771,3,0,0.086,4132039
1789153771,5,0,0.128,4132039
1789153773,4,0,1.935,4132039
1789153773,4,0,0.37,4132039
1789153774,5,0,0.6,4132039
1789153774,4,0,0.692,4132039
1789153774,0,0,0.009,4132039
1789153774,1,0,0.001,4132039
1789153774,2,0,0.001,4132039
1789153774,5,0,0.154,4132039
1789153774,0,0,0.011,4132039
1789153774,3,0,0.011,4132039
1789153775,4,0,0.795,4132039
1789153775,0,0,0.009,4132039
1789153775,1,0,0.001,4132039
1789153775,3,0,0.063,4132039
1789153775,3,0,0.06,4132039
1789153776,5,0,0.405,4132039
1789153776,0,0,0.007,4132039
1789153776,0,0,0.003,4132039
1789153776,4,0,0.415,4132039
1789153776,0,0,0.005,4132039
1789153776,0,0,0.003,4132039
1789153776,6,0,0.018,4132039
1789153776,0,0,0.008,4132039
1789153776,6,0,0.003,4132039
1789153776,0,0,0.005,4132039
1789153777,2,0,0.441,4132039
1789153778,5,0,1.163,4132039
1789153778,2,0,0.002,4132039
1789153778,0,0,0.008,4132039
1789153778,4,0,0.47,4132039
1789153779,4,0,0.261,4132039
1789153779,3,0,0.045,4132039
1789153779,7,0,0.763,4132039
1789153780,2,0,0.337,4132039
1789153781,2,0,0.999,4132039
1789153781,4,0,0.618,4132039
1789153781,6,0,0.005,4132039
1789153781,3,0,0.103,4132039
1789153782,3,0,0.045,4132039
1789153782,3,0,0.112,4132039
1789153782,2,0,0.621,4132039
1789153782,1,0,0.002,4132039
1789153782,0,0,0.013,4132039
1789153784,4,0,1.25,4132039
1789153784,0,0,0.011,4132039
1789153784,0,0,0.003,4132039
1789153784,3,0,0.004,4132039
1789153784,6,0,0.006,4132039
1789153784,2,0,0.003,4132039
1789153784,6,0,0.007,4132039
1789153784,2,0,0.297,4132039
1789153785,5,0,0.908,4132039
1789153785,6,0,0.011,4132039
1789153785,5,0,0.134,4132039
1789153785,2,0,0.003,4132039
1789153785,2,0,0.001,4132039
1789153789,5,0,4.51,4132039
1789153791,5,0,1.184,4132039
1789153796,5,0,5.039,4132039
1789153796,3,0,0.003,4132039
1789153796,4,0,0.571,4132039
1789153796,2,0,0.003,4132039
1789153796,6,0,0.006,4132039
1789153797,2,0,0.422,4132039
1789153797,3,0,0.016,4132039
1789153797,3,0,0.072,4132039
1789153797,4,0,0.75,4132039
1789153798,3,0,0.074,4132039
1789153798,0,0,0.012,4132039
1789153800,4,0,1.942,4132039
1789153800,2,0,0.002,4132039
1789153800,1,0,0.001,4132039
1789153800,3,0,0.003,4132039
1789153801,2,0,1.657,4132039
1789153801,1,0,0.002,4132039
1789153802,2,0,0.383,4132039
1789153802,5,0,0.468,4132039
1789153802,4,0,0.353,4132039
1789153803,4,0,0.679,4132039
1789153803,0,0,0.013,4132039
1789153803,2,0,0.002,4132039
1789153804,4,0,0.481,4132039
1789153808,5,0,4.452,4132039
1789153808,2,0,0.002,4132039
1789153809,4,0,0.533,4132039
1789153809,2,0,0.009,4132039
1789153809,3,0,0.128,4132039
1789153809,3,0,0.063,4132039
1789153809,0,0,0.013,4132039
1789153809,1,0,0.001,4132039
1789153809,3,0,0.038,4132039
1789153809,3,0,0.002,4132039
1789153809,4,0,0.623,4132039
1789153810,5,0,0.618,4132039
1789153810,2,0,0.003,4132039
1789153810,0,0,0.011,4132039
1789153810,0,0,0.011,4132039
1789153810,0,0,0.008,4132039
1789153810,2,0,0.353,4132039
1789153811,4,0,0.633,4132039
1789153811,3,0,0.009,4132039
1789153811,3,0,0.034,4132039
1789153811,0,0,0.006,4132039
1789153812,5,0,0.635,4132039
1789153812,4,0,0.385,4132039
1789153812,3,0,0.009,4132039
1789153813,5,0,0.369,4132039
1789153813,5,0,0.331,4132039
1789153813,2,0,0.001,4132039
1789153813,4,0,0.302,4132039
1789153814,4,0,0.397,4132039
1789153814,2,0,0.001,4132039
1789153814,0,0,0.01,4132039
1789153814,3,0,0.035,4132039
1789153814,4,0,0.882,4132039
1789153814,6,0,0.004,4132039
1789153815,3,0,0.09,4132039
1789153815,3,0,0.009,4132039
1789153815,3,0,0.004,4132039
1789153815,2,0,0.666,4132039
1789153815,3,0,0.008,4132039
1789153815,3,0,0.007,4132039
1789153815,0,0,0.008,4132039
1789153816,4,0,0.243,4132039
1789153816,6,0,0.005,4132039
1789153816,6,0,0.006,4132039
1789153816,2,0,0.267,4132039
1789153816,2,0,0.002,4132039
1789153816,1,0,0.001,4132039
1789153816,4,0,0.438,4132039
1789153816,6,0,0.005,4132039
1789153816,1,0,0.001,4132039
1789153816,6,0,0.005,4132039
1789153818,4,0,1.609,4132039
1789153818,6,0,0.006,4132039
1789153818,4,0,0.245,4132039
1789153818,3,0,0.003,4132039
1789153820,4,0,1.756,4132039
1789153820,6,0,0.007,4132039
1789153820,4,0,0.576,4132039
1789153820,0,0,0.005,4132039
1789153822,4,0,1.074,4132039
1789153822,2,0,0.634,4132039
1789153823,4,0,0.392,4132039
1789153824,4,0,1.705,4132039
1789153824,3,0,0.045,4132039
1789153824,3,0,0.04,4132039
1789153824,3,0,0.055,4132039
1789153824,0,0,0.009,4132039
1789153824,3,0,0.046,4132039
1789153824,3,0,0.024,4132039
1789153824,2,0,0.003,4132039
1789153828,5,0,3.728,4132039
1789153828,6,0,0.009,4132039
1789153829,4,0,0.701,4132039
1789153829,3,0,0.018,4132039
1789153830,4,0,0.941,4132039
1789153830,2,0,0.001,4132039
1789153830,3,0,0.004,4132039
1789153830,3,0,0.091,4132039
1789153830,2,0,0.309,4132039
1789153830,1,0,0.002,4132039
1789153830,3,0,0.02,4132039
1789153830,6,0,0.008,4132039
1789153830,6,0,0.009,4132039
1789153831,4,0,0.435,4132039
1789153831,2,0,0.001,4132039
1789153831,0,0,0.009,4132039
1789153831,3,0,0.085,4132039
1789153831,4,0,0.394,4132039
1789153831,1,0,0.001,4132039
1789153832,4,0,0.523,4132039
1789153832,4,0,0.446,4132039
1789153832,0,0,0.011,4132039
1789153832,3,0,0.018,4132039
1789153832,6,0,0.014,4132039
1789153833,4,0,0.632,4132039
1789153833,4,0,0.405,4132039
1789153833,5,0,0.188,4132039
1789153833,0,0,0.007,4132039
1789153834,5,0,0.116,4132039
1789153834,2,0,0.834,4132039
1789153834,2,0,0.002,4132039
1789153835,4,0,0.495,4132039
1789153835,6,0,0.025,4132039
1789153835,6,0,0.008,4132039
1789153839,5,0,4.029,4132039
1789153839,6,0,0.005,4132039
1789153839,0,0,0.007,4132039
1789153839,2,0,0.397,4132039
1789153839,6,0,0.041,4132039
1789153839,0,0,0.035,4132039
1789153845,7,0,5.261,4132039
1789153845,4,0,0.551,4132039
1789153849,5,0,3.865,4132039
1789153849,0,0,0.01,4132039
1789153850,2,0,0.456,4132039
1789153850,4,0,0.422,4132039
1789153850,6,0,0.006,4132039
1789153850,1,0,0.001,4132039
1789153855,5,0,4.504,4132039
1789153855,2,0,0.003,4132039
1789153855,3,0,0.003,4132039
1789153855,3,0,0.071,4132039
1789153855,4,0,0.583,4132039
1789153855,3,0,0.132,4132039
1789153857,4,0,1.7,4132039
1789153857,3,0,0.048,4132039
1789153857,3,0,0.078,4132039
1789153857,3,0,0.015,4132039
1789153857,1,0,0.001,4132039
1789153857,3,0,0.015,4132039
1789153858,4,0,1.199,4132039
1789153859,5,0,0.599,4132039
1789153859,0,0,0.008,4132039
1789153863,5,0,3.933,4132039
1789153863,4,0,0.285,4132039
1789153863,4,0,0.185,4132039
1789153864,2,0,0.344,4132039
1789153865,4,0,0.918,4132039
1789153865,0,0,0.029,4132039
1789153865,5,0,0.148,4132039
1789153865,2,0,0.601,4132039
1789153869,5,0,4.029,4132039
1789153869,0,0,0.004,4132039
1789153870,3,0,0.039,4132039
1789153870,3,0,0.012,4132039
1789153870,3,0,0.057,4132039
1789153870,4,0,0.69,4132039
1789153870,3,0,0.004,4132039
1789153871,4,0,0.717,4132039
1789153871,0,0,0.004,4132039
1789153871,3,0,0.061,4132039
1789153871,0,0,0.033,4132039
1789153872,4,0,0.753,4132039
1789153872,6,0,0.013,4132039
1789153872,2,0,0.003,4132039
1789153874,5,0,2.562,4132039
1789153874,1,0,0.002,4132039
1789153874,6,0,0.005,4132039
1789153875,3,0,0.081,4132039
1789153875,7,0,0.276,4132039
1789153876,2,0,0.864,4132039
1789153876,4,0,0.582,4132039
1789153876,3,0,0.008,4132039
1789153876,1,0,0.001,4132039
1789153876,3,0,0.054,4132039
1789153876,0,0,0.008,4132039
1789153877,5,0,0.646,4132039
1789153877,0,0,0.007,4132039
1789153878,4,0,0.675,4132039
1789153878,3,0,0.01,4132039
1789153878,2,0,0.002,4132039
1789153878,6,0,0.011,4132039
1789153878,4,0,0.629,4132039
1789153879,2,0,0.411,4132039
1789153879,6,0,0.01,4132039
1789153880,4,0,1.343,4132039
1789153880,4,0,0.42,4132039
1789153884,5,0,3.595,4132039
1789153884,3,0,0.04,4132039
1789153884,6,0,0.005,4132039
1789153884,6,1,0.003,4132039
1789153885,4,0,0.393,4132039
1789153885,2,0,0.863,4132039
1789153886,5,0,0.135,4132039
1789153886,0,0,0.01,4132039
1789153886,4,0,0.518,4132039
1789153886,2,0,0.001,4132039
1789153886,2,0,0.002,4132039
1789153886,3,0,0.02,4132039
1789153886,7,0,0.261,4132039
1789153887,2,0,0.814,4132039
1789153887,6,0,0.009,4132039
1789153887,6,0,0.006,4132039
1789153887,6,1,0.005,4132039
1789153887,3,0,0.095,4132039
1789153887,1,0,0.002,4132039
1789153887,6,0,0.011,4132039
1789153887,3,0,0.067,4132039
1789153887,6,0,0.005,4132039
1789153887,3,0,0.11,4132039
1789153888,5,0,0.105,4132039
1789153888,0,0,0.006,4132039
1789153888,6,0,0.008,4132039
1789153888,2,0,0.692,4132039
1789153888,6,0,0.007,4132039
1789153888,5,0,0.115,4132039
1789153889,7,0,1.018,4132039
1789153889,0,0,0.003,4132039
1789153889,3,0,0.066,4132039
1789153890,4,0,0.668,4132039
1789153891,4,0,0.684,4132039
1789153891,0,0,0.009,4132039
1789153891,0,0,0.01,4132039
1789153891,6,0,0.006,4132039
1789153891,5,0,0.199,4132039
1789153892,5,0,0.997,4132039
1789153892,6,0,0.008,4132039
1789153893,4,0,0.6,4132039
1789153893,5,0,0.125,4132039
1789153894,4,0,1.203,4132039
1789153894,0,0,0.004,4132039
1789153894,3,0,0.048,4132039
1789153894,0,0,0.005,4132039
1789153894,3,0,0.065,4132039
1789153894,5,0,0.107,4132039
1789153894,0,0,0.008,4132039
1789153895,4,0,1.04,4132039
1789153896,4,0,0.615,4132039
1789153896,5,0,0.118,4132039
1789153896,6,0,0.007,4132039
1789153896,2,0,0.003,4132039
1789153896,6,0,0.006,4132039
1789153896,5,0,0.146,4132039
1789153897,2,0,0.707,4132039
1789153897,3,0,0.01,4132039
1789153897,2,0,0.386,4132039
1789153897,1,0,0.001,4132039
1789153898,4,0,0.93,4132039
1789153898,3,0,0.068,4132039
1789153898,6,0,0.006,4132039
1789153899,2,0,0.296,4132039
1789153899,0,0,0.008,4132039
1789153899,6,0,0.007,4132039
1789153903,7,0,4.267,4132039
1789153903,0,0,0.004,4132039
1789153903,2,0,0.262,4132039
1789153903,3,0,0.065,4132039
1789153903,3,0,0.009,4132039
1789153904,4,0,0.535,4132039
1789153904,6,0,0.005,4132039
1789153904,6,0,0.027,4132039
1789153904,0,0,0.005,4132039
1789153904,1,0,0.001,4132039
1789153904,3,0,0.038,4132039
1789153904,3,0,0.052,4132039
1789153904,2,0,0.626,4132039
1789153905,4,0,0.478,4132039
1789153906,4,0,0.737,4132039
1789153906,3,0,0.119,4132039
1789153907,2,0,1.534,4132039
1789153908,4,0,0.943,4132039
1789153908,0,0,0.007,4132039
1789153908,0,0,0.011,4132039
1789153909,4,0,0.272,4132039
1789153909,2,0,0.001,4132039
1789153909,4,0,0.512,4132039
1789153909,3,0,0.029,4132039
1789153910,4,0,0.491,4132039
1789153910,3,0,0.125,4132039
1789153910,6,0,0.006,4132039
1789153911,2,0,1.28,4132039
1789153911,3,0,0.005,4132039
1789153911,0,0,0.003,4132039
1789153911,3,0,0.119,4132039
1789153912,4,0,0.627,4132039
1789153913,4,0,0.73,4132039
1789153913,0,0,0.007,4132039
1789153914,4,0,1.247,4132039
1789153915,5,0,0.896,4132039
1789153915,4,0,0.795,4132039
1789153915,1,0,0.002,4132039
1789153916,3,0,0.085,4132039
1789153916,0,0,0.004,4132039
1789153916,3,0,0.008,4132039
1789153916,7,0,0.561,4132039
1789153916,3,0,0.003,4132039
1789153917,4,0,0.745,4132039
1789153917,6,0,0.017,4132039
1789153919,2,0,1.678,4132039
1789153919,3,0,0.008,4132039
1789153919,4,0,0.4,4132039
1789153922,5,0,3.498,4132039
1789153923,3,0,0.103,4132039
1789153923,3,0,0.008,4132039
1789153923,3,0,0.097,4132039
1789153923,2,0,0.636,4132039
1789153924,5,0,0.251,4132039
1789153924,3,0,0.086,4132039
1789153928,5,0,3.902,4132039
1789153928,0,0,0.015,4132039
1789153928,4,0,0.833,4132039
1789153928,3,0,0.008,4132039
1789153928,3,0,0.067,4132039
1789153934,5,0,5.559,4132039
1789153935,2,0,0.633,4132039
1789153938,7,0,3.548,4132039
1789153939,2,0,0.643,4132039
1789153939,3,0,0.086,4132039
1789153940,2,0,0.57,4132039
1789153940,4,0,0.989,4132039
1789153941,3,0,0.053,4132039
1789153941,2,0,0.008,4132039
1789153941,2,0,0.001,4132039
1789153941,3,0,0.005,4132039
1789153941,0,0,0.008,4132039
1789153941,2,0,0.003,4132039
1789153941,0,0,0.005,4132039
1789153941,4,0,0.841,4132039
1789153941,0,0,0.005,4132039
1789153942,4,0,0.583,4132039
1789153942,3,0,0.08,4132039
1789153942,6,0,0.005,4132039
1789153942,0,0,0.003,4132039
1789153942,3,0,0.09,4132039
1789153944,4,0,1.4,4132039
1789153944,2,0,0.002,4132039
1789153944,6,0,0.003,4132039
1789153944,4,0,0.671,4132039
1789153945,4,0,0.397,4132039
1789153945,3,0,0.002,4132039
1789153946,2,0,0.969,4132039
1789153946,3,0,0.008,4132039
1789153946,3,0,0.181,4132039
1789153947,4,0,0.935,4132039
1789153947,4,0,0.585,4132039
1789153948,4,0,1.12,4132039
1789153949,5,0,0.807,4132039
1789153949,3,0,0.005,4132039
1789153949,0,0,0.003,4132039
1789153950,2,0,0.903,4132039
1789153951,4,0,0.405,4132039
1789153951,4,0,0.377,4132039
1789153951,6,0,0.004,4132039
1789153951,6,0,0.005,4132039
1789153951,4,0,0.398,4132039
1789153952,4,0,0.83,4132039
1789153952,6,0,0.007,4132039
1789153952,3,0,0.091,4132039
1789153952,3,0,0.035,4132039
1789153953,4,0,0.626,4132039
1789153953,3,0,0.096,4132039
1789153953,2,0,0.008,4132039
1789153953,0,0,0.027,4132039
1789153953,3,0,0.124,4132039
1789153954,4,0,0.933,4132039
1789153954,5,0,0.099,4132039
1789153955,2,0,0.697,4132039
1789153955,2,0,0.522,4132039
1789153956,3,0,0.061,4132039
1789153956,2,0,0.757,4132039
1789153956,6,0,0.008,4132039
1789153957,2,0,0.57,4132039
1789153957,3,0,0.035,4132039
1789153957,4,0,0.464,4132039
1789153957,3,0,0.139,4132039
1789153958,2,0,0.63,4132039
1789153959,4,0,0.664,4132039
1789153959,0,0,0.003,4132039
1789153959,6,0,0.01,4132039
1789153959,5,0,0.595,4132039
1789153959,2,0,0.003,4132039
1789153959,3,0,0.088,4132039
1789153960,4,0,0.357,4132039
1789153960,5,0,0.102,4132039
1789153960,6,0,0.004,4132039
1789153960,6,0,0.006,4132039
1789153961,5,0,0.723,4132039
1789153961,0,0,0.004,4132039
1789153961,3,0,0.003,4132039
1789153961,4,0,0.462,4132039
1789153961,1,0,0.002,4132039
1789153961,1,0,0.001,4132039
1789153961,0,0,0.008,4132039
1789153961,2,0,0.009,4132039
1789153961,6,0,0.017,4132039
1789153961,5,0,0.145,4132039
1789153961,3,0,0.101,4132039
1789153962,3,0,0.065,4132039
1789153965,5,0,3.757,4132039
1789153965,2,0,0.006,4132039
1789153966,4,0,1.043,4132039
1789153967,5,0,0.538,4132039
1789153967,3,0,0.014,4132039
1789153967,3,0,0.004,4132039
1789153968,4,0,0.849,4132039
1789153968,4,0,0.504,4132039
1789153968,5,0,0.121,4132039
1789153968,2,0,0.001,4132039
1789153968,3,0,0.009,4132039
1789153969,2,0,0.512,4132039
1789153969,6,0,0.005,4132039
1789153969,6,0,0.006,4132039
1789153970,4,0,0.651,4132039
1789153970,3,0,0.02,4132039
1789153971,4,0,1.117,4132039
1789153974,5,0,3.543,4132039
1789153974,3,0,0.013,4132039
1789153974,6,0,0.005,4132039
1789153974,0,0,0.003,4132039
1789153974,6,0,0.005,4132039
1789153974,6,0,0.006,4132039
1789153975,4,0,0.888,4132039
1789153975,0,0,0.004,4132039
1789153977,4,0,1.723,4132039
1789153978,4,0,0.748,4132039
1789153978,7,0,0.317,4132039
1789153978,2,0,0.001,4132039
1789153979,4,0,0.693,4132039
1789153979,1,0,0.001,4132039
1789153979,4,0,0.704,4132039
1789153979,2,0,0.002,4132039
1789153979,2,0,0.002,4132039
1789153980,4,0,0.526,4132039
1789153980,2,0,0.001,4132039
1789153980,2,0,0.006,4132039
1789153980,0,0,0.012,4132039
1789153980,4,0,0.385,4132039
1789153980,7,0,0.229,4132039
1789153981,4,0,0.52,4132039
1789153981,6,0,0.006,4132039
1789153981,3,0,0.006,4132039
1789153981,1,0,0.001,4132039
1789153981,0,0,0.004,4132039
1789153981,1,0,0.001,4132039
1789153981,0,0,0.027,4132039
1789153981,0,0,0.007,4132039
1789153981,4,0,0.423,4132039
1789153986,7,0,4.685,4132039
1789153986,6,0,0.006,4132039
1789153986,0,0,0.009,4132039
1789153987,4,0,0.518,4132039
1789153988,2,0,1.069,4132039
1789153988,2,0,0.341,4132039
1789153988,3,0,0.007,4132039
1789153989,4,0,0.455,4132039
1789153990,2,0,1.32,4132039
1789153990,0,0,0.002,4132039
1789153991,4,0,0.679,4132039
1789153991,0,0,0.029,4132039
1789153995,5,0,4.078,4132039
1789153995,4,0,0.579,4132039
1789153995,3,0,0.218,4132039
1789153996,4,0,0.36,4132039
1789153996,2,0,0.003,4132039
1789153996,5,0,0.142,4132039
1789153997,4,0,0.594,4132039
1789153997,2,0,0.001,4132039
1789153997,4,0,0.901,4132039
1789153998,4,0,0.334,4132039
1789153998,4,0,0.33,4132039
1789153998,6,0,0.008,4132039
1789153999,4,0,0.538,4132039
1789153999,6,0,0.006,4132039
1789153999,3,0,0.051,4132039
1789153999,3,0,0.042,4132039
1789154000,4,0,1.509,4132039
1789154000,0,0,0.005,4132039
1789154000,3,0,0.018,4132039
1789154000,0,0,0.049,4132039
1789154002,4,0,1.443,4132039
1789154002,4,0,0.3,4132039
1789154002,0,0,0.002,4132039
1789154003,4,0,0.445,4132039
1789154003,0,0,0.004,4132039
1789154003,2,0,0.004,4132039
1789154003,3,0,0.112,4132039
1789154004,4,0,1.045,4132039
1789154004,4,0,0.46,4132039
1789154004,3,0,0.039,4132039
1789154004,0,0,0.005,4132039
1789154004,5,0,0.153,4132039
1789154004,6,0,0.007,4132039
1789154005,2,0,0.358,4132039
1789154005,6,0,0.008,4132039
1789154005,3,0,0.01,4132039
1789154005,3,0,0.083,4132039
1789154005,0,0,0.007,4132039
1789154005,0,0,0.008,4132039
1789154005,3,0,0.061,4132039
1789154005,6,0,0.008,4132039
1789154005,3,0,0.051,4132039
1789154005,0,0,0.003,4132039
1789154005,5,0,0.107,4132039
1789154005,4,0,0.253,4132039
1789154005,0,0,0.004,4132039
1789154006,4,0,0.468,4132039
1789154007,4,0,0.81,4132039
1789154007,3,0,0.179,4132039
1789154007,6,0,0.006,4132039
1789154008,2,0,0.975,4132039
1789154008,0,0,0.011,4132039
1789154008,2,0,0.002,4132039
1789154008,0,0,0.011,4132039
1789154008,6,0,0.007,4132039
1789154008,4,0,0.323,4132039
1789154013,5,0,4.537,4132039
1789154013,3,0,0.079,4132039
1789154013,2,0,0.001,4132039
1789154013,6,0,0.009,4132039
1789154013,4,0,0.318,4132039
1789154014,2,0,0.419,4132039
1789154014,4,0,0.379,4132039
1789154014,2,0,0.42,4132039
1789154014,3,0,0.003,4132039
1789154014,1,0,0.002,4132039
1789154016,5,0,1.366,4132039
1789154016,5,0,0.343,4132039
1789154017,4,0,0.731,4132039
1789154017,4,0,0.497,4132039
1789154017,2,0,0.002,4132039
1789154018,4,0,0.916,4132039
1789154019,2,0,0.598,4132039
1789154019,0,0,0.007,4132039
1789154019,4,0,0.283,4132039
1789154019,3,0,0.004,4132039
1789154019,3,0,0.149,4132039
1789154019,3,0,0.067,4132039
1789154019,2,0,0.003,4132039
1789154019,0,0,0.004,4132039
1789154019,3,0,0.012,4132039
1789154019,6,0,0.005,4132039
1789154023,5,0,3.686,4132039
1789154023,1,0,0.001,4132039
1789154023,3,0,0.053,4132039
1789154023,0,0,0.004,4132039
1789154023,2,0,0.003,4132039
1789154024,2,0,0.673,4132039
1789154024,2,0,0.002,4132039
1789154024,5,0,0.482,4132039
1789154024,6,0,0.015,4132039
1789154024,5,0,0.182,4132039
1789154024,0,0,0.017,4132039
1789154024,3,0,0.005,4132039
1789154025,4,0,0.376,4132039
1789154026,2,0,0.816,4132039
1789154026,4,0,0.558,4132039
1789154027,4,0,0.826,4132039
1789154028,4,0,0.633,4132039
1789154028,3,0,0.099,4132039
1789154028,3,0,0.05,4132039
1789154028,3,0,0.006,4132039
1789154029,4,0,1.102,4132039
1789154029,6,0,0.007,4132039
1789154029,1,0,0.001,4132039
1789154031,2,0,1.617,4132039
1789154032,4,0,1.038,4132039
1789154032,3,0,0.07,4132039
1789154032,2,0,0.529,4132039
1789154032,6,0,0.006,4132039
1789154033,2,0,1.089,4132039
1789154038,5,0,4.843,4132039
1789154039,4,0,0.516,4132039
1789154039,2,0,0.486,4132039
1789154039,6,0,0.008,4132039
1789154040,4,0,0.59,4132039
1789154040,4,0,0.554,4132039
1789154040,1,0,0.001,4132039
1789154040,0,0,0.003,4132039
1789154041,2,0,0.48,4132039
1789154042,4,0,0.917,4132039
1789154042,3,0,0.016,4132039
1789154042,2,0,0.002,4132039
1789154042,3,0,0.131,4132039
1789154042,1,0,0.001,4132039
1789154042,4,0,0.6,4132039
1789154042,3,0,0.063,4132039
1789154043,4,0,0.295,4132039
1789154043,3,0,0.027,4132039
1789154043,6,0,0.01,4132039
1789154043,6,0,0.004,4132039
1789154043,3,0,0.028,4132039
1789154044,5,0,1.061,4132039
1789154045,4,0,0.799,4132039
1789154045,2,0,0.747,4132039
1789154046,4,0,0.526,4132039
1789154050,5,0,4.427,4132039
1789154050,2,0,0.004,4132039
1789154050,3,0,0.082,4132039
1789154051,3,0,0.062,4132039
1789154051,4,0,0.391,4132039
1789154051,7,0,0.158,4132039
1789154052,4,0,0.643,4132039
1789154052,0,0,0.021,4132039
1789154053,4,0,1.212,4132039
1789154053,0,0,0.004,4132039
1789154054,4,0,0.824,4132039
1789154054,6,0,0.006,4132039
1789154055,4,0,1.082,4132039
1789154055,4,0,0.577,4132039
1789154055,1,0,0.001,4132039
1789154056,3,0,0.109,4132039
1789154056,2,0,0.496,4132039
1789154056,0,0,0.004,4132039
1789154056,3,0,0.007,4132039
1789154061,5,0,5.035,4132039
1789154061,6,0,0.007,4132039
1789154061,3,0,0.034,4132039
1789154063,4,0,1.536,4132039
1789154063,6,0,0.004,4132039
1789154064,4,0,0.901,4132039
1789154064,4,0,0.425,4132039
1789154064,6,0,0.008,4132039
1789154065,2,0,0.598,4132039
1789154065,2,0,0.002,4132039
1789154065,0,0,0.005,4132039
1789154069,5,0,4.337,4132039
1789154069,3,0,0.062,4132039
1789154069,6,0,0.006,4132039
1789154070,4,0,1.248,4132039
1789154075,5,0,5.21,4132039
1789154075,2,0,0.002,4132039
1789154075,3,0,0.005,4132039
1789154076,4,0,0.517,4132039
1789154077,2,0,0.648,4132039
1789154077,3,0,0.003,4132039
1789154077,3,0,0.046,4132039
1789154078,2,0,1.338,4132039
1789154078,1,0,0.001,4132039
1789154082,5,0,3.864,4132039
1789154082,0,0,0.015,4132039
1789154082,0,0,0.009,4132039
1789154082,3,0,0.068,4132039
1789154082,1,0,0.002,4132039
1789154082,2,0,0.002,4132039
1789154082,0,0,0.008,4132039
1789154082,3,0,0.032,4132039
1789154082,3,0,0.039,4132039
1789154082,2,0,0.003,4132039
1789154082,3,0,0.009,4132039
1789154082,3,0,0.097,4132039
1789154083,4,0,0.764,4132039
1789154083,5,0,0.157,4132039
1789154084,4,0,0.769,4132039
1789154084,6,0,0.01,4132039
1789154084,0,0,0.008,4132039
1789154085,7,0,0.999,4132039
1789154085,4,0,0.401,4132039
1789154086,4,0,0.454,4132039
1789154090,5,0,3.984,4132039
1789154090,3,0,0.011,4132039
1789154090,2,0,0.001,4132039
1789154090,5,0,0.682,4132039
1789154090,0,0,0.005,4132039
1789154090,6,0,0.005,4132039
1789154092,4,0,1.236,4132039
1789154092,3,0,0.022,4132039
1789154092,6,0,0.014,4132039
1789154092,4,0,0.541,4132039
1789154092,6,0,0.013,4132039
1789154092,3,0,0.107,4132039
1789154093,4,0,0.66,4132039
1789154093,4,0,0.395,4132039
1789154093,3,0,0.017,4132039
1789154093,0,0,0.015,4132039
1789154094,2,0,0.344,4132039
1789154094,3,0,0.004,4132039
1789154094,3,0,0.071,4132039
1789154094,0,0,0.007,4132039
1789154095,2,0,0.746,4132039
1789154096,5,0,0.881,4132039
1789154096,4,0,0.682,4132039
1789154096,6,0,0.004,4132039
1789154096,3,0,0.119,4132039
1789154096,1,0,0.001,4132039
1789154096,3,0,0.146,4132039
1789154097,5,0,0.48,4132039
1789154097,3,0,0.07,4132039
1789154097,6,0,0.007,4132039
1789154098,5,0,0.587,4132039
1789154098,3,0,0.006,4132039
1789154098,0,0,0.004,4132039
1789154098,0,0,0.012,4132039
1789154098,5,0,0.197,4132039
1789154098,3,0,0.036,4132039
1789154098,0,0,0.014,4132039
1789154098,3,0,0.106,4132039
1789154098,4,0,0.246,4132039
1789154098,3,0,0.089,4132039
1789154098,2,0,0.003,4132039
1789154098,1,0,0.001,4132039
1789154098,6,0,0.002,4132039
1789154099,4,0,0.274,4132039
1789154099,0,0,0.028,4132039
1789154099,5,0,0.258,4132039
1789154099,0,0,0.005,4132039
1789154099,3,0,0.002,4132039
1789154100,7,0,0.647,4132039
1789154100,1,0,0.002,4132039
1789154100,3,0,0.146,4132039
1789154100,2,0,0.561,4132039
1789154100,0,0,0.007,4132039
1789154100,6,0,0.015,4132039
1789154100,3,0,0.02,4132039
1789154101,4,0,0.501,4132039
1789154101,1,0,0.001,4132039
1789154102,4,0,0.745,4132039
1789154102,4,0,0.265,4132039
1789154102,0,0,0.025,4132039
1789154102,3,0,0.102,4132039
1789154103,4,0,0.601,4132039
1789154103,4,0,0.763,4132039
1789154103,1,0,0.001,4132039
1789154103,3,0,0.008,4132039
1789154103,6,0,0.009,4132039
1789154103,0,0,0.058,4132039
1789154103,1,0,0.001,4132039
1789154103,6,0,0.021,4132039
1789154103,2,0,0.005,4132039
1789154103,2,0,0.001,4132039
1789154103,2,0,0.001,4132039
1789154104,4,0,0.902,4132039
1789154104,0,0,0.01,4132039
1789154105,4,0,0.305,4132039
1789154105,6,0,0.006,4132039
1789154105,4,0,0.433,4132039
1789154105,6,0,0.003,4132039
1789154105,2,0,0.001,4132039
1789154105,3,0,0.038,4132039
1789154105,3,0,0.007,4132039
1789154105,3,0,0.008,4132039
1789154105,6,0,0.016,4132039
1789154105,2,0,0.001,4132039
1789154105,3,0,0.028,4132039
1789154105,0,0,0.014,4132039
1789154106,2,0,0.701,4132039
1789154106,6,0,0.006,4132039
1789154106,4,0,0.457,4132039
1789154106,3,0,0.037,4132039
1789154106,2,0,0.001,4132039
1789154107,2,0,0.416,4132039
1789154107,2,0,0.001,4132039
1789154107,2,0,0.001,4132039
1789154107,6,0,0.005,4132039
1789154107,3,0,0.008,4132039
1789154108,4,0,0.891,4132039
1789154108,3,0,0.054,4132039
1789154108,5,0,0.204,4132039
1789154108,3,0,0.132,4132039
1789154108,3,0,0.058,4132039
1789154109,4,0,0.58,4132039
1789154109,1,0,0.001,4132039
1789154109,2,0,0.002,4132039
1789154112,7,0,3.521,4132039
1789154113,4,0,0.583,4132039
1789154113,0,0,0.01,4132039
1789154113,4,0,0.575,4132039
1789154113,0,0,0.007,4132039
1789154113,3,0,0.007,4132039
1789154113,1,0,0.001,4132039
1789154113,6,0,0.007,4132039
1789154115,2,0,1.189,4132039
1789154115,4,0,0.489,4132039
1789154115,0,0,0.012,4132039
1789154115,1,0,0.001,4132039
1789154115,5,0,0.201,4132039
1789154115,2,0,0.004,4132039
1789154116,4,0,0.527,4132039
1789154117,5,0,1.02,4132039
1789154117,3,0,0.089,4132039
1789154117,6,0,0.008,4132039
1789154117,3,0,0.006,4132039
1789154117,0,0,0.002,4132039
1789154117,4,0,0.397,4132039
1789154118,3,0,0.17,4132039
1789154118,1,0,0.001,4132039
1789154119,4,0,1.06,4132039
1789154119,5,0,0.179,4132039
1789154119,3,0,0.105,4132039
1789154120,2,0,1.257,4132039
1789154120,3,0,0.003,4132039
1789154120,3,0,0.003,4132039
1789154120,0,0,0.014,4132039
1789154120,0,0,0.008,4132039
1789154121,4,0,0.553,4132039
1789154121,3,0,0.008,4132039
1789154121,4,0,0.354,4132039
1789154122,4,0,0.532,4132039
1789154122,3,0,0.099,4132039
1789154122,1,0,0.001,4132039
1789154122,3,0,0.059,4132039
1789154122,6,0,0.005,4132039
1789154122,1,0,0.001,4132039
1789154122,6,0,0.003,4132039
1789154122,3,0,0.032,4132039
1789154123,4,0,0.758,4132039
1789154123,1,0,0.002,4132039
1789154123,1,0,0.001,4132039
1789154123,2,0,0.004,4132039
1789154123,2,0,0.001,4132039
1789154123,2,0,0.002,4132039
1789154123,0,0,0.008,4132039
1789154123,2,0,0.298,4132039
1789154123,3,0,0.081,4132039
1789154123,3,0,0.051,4132039
1789154123,4,0,0.37,4132039
1789154124,2,0,0.685,4132039
1789154124,2,0,0.003,4132039
1789154124,3,0,0.068,4132039
1789154125,2,0,0.571,4132039
1789154125,0,0,0.012,4132039
1789154125,0,0,0.004,4132039
1789154125,4,0,0.572,4132039
1789154125,6,0,0.013,4132039
1789154125,6,0,0.006,4132039
1789154125,3,0,0.034,4132039
1789154125,6,0,0.01,4132039
1789154125,3,0,0.007,4132039
1789154126,2,0,0.401,4132039
1789154126,1,0,0.001,4132039
1789154126,2,0,0.196,4132039
1789154126,0,0,0.015,4132039
1789154130,5,0,3.788,4132039
1789154130,0,0,0.039,4132039
1789154130,3,0,0.075,4132039
1789154131,5,0,0.825,4132039
1789154131,3,0,0.074,4132039
1789154133,4,0,1.694,4132039
1789154133,6,1,0.011,4132039
1789154133,0,0,0.008,4132039
1789154133,0,0,0.01,4132039
1789154133,1,0,0.001,4132039
1789154133,0,0,0.02,4132039
1789154133,0,0,0.008,4132039
1789154134,5,0,1.148,4132039
1789154134,1,0,0.001,4132039
1789154134,4,0,0.482,4132039
1789154135,4,0,0.585,4132039
1789154135,4,0,0.455,4132039
1789154135,3,0,0.066,4132039
1789154136,4,0,0.636,4132039
1789154136,5,0,0.219,4132039
1789154136,0,0,0.02,4132039
1789154136,0,0,0.016,4132039
1789154136,3,0,0.007,4132039
1789154136,0,0,0.018,4132039
1789154136,1,0,0.001,4132039
1789154136,3,0,0.093,4132039
1789154136,1,0,0.002,4132039
1789154137,4,0,0.532,4132039
1789154137,3,0,0.096,4132039
1789154138,4,0,0.731,4132039
1789154138,3,0,0.032,4132039
1789154138,0,0,0.006,4132039
1789154138,6,0,0.004,4132039
1789154138,6,0,0.005,4132039
1789154138,0,0,0.005,4132039
1789154138,1,0,0.001,4132039
1789154138,3,0,0.117,4132039
1789154138,3,0,0.097,4132039
1789154138,2,0,0.483,4132039
1789154138,6,0,0.005,4132039
1789154138,0,0,0.004,4132039
1789154138,3,0,0.004,4132039
1789154139,3,0,0.084,4132039
1789154139,3,0,0.068,4132039
1789154139,0,0,0.024,4132039
1789154139,6,1,0.005,4132039
1789154139,2,0,0.002,4132039
1789154139,6,0,0.005,4132039
1789154142,5,0,3.466,4132039
1789154142,3,0,0.006,4132039
1789154147,5,0,4.854,4132039
1789154147,0,0,0.016,4132039
1789154147,6,0,0.009,4132039
1789154147,5,0,0.478,4132039
1789154147,1,0,0.002,4132039
1789154147,0,0,0.006,4132039
1789154151,5,0,3.846,4132039
1789154152,2,0,0.576,4132039
1789154152,5,0,0.52,4132039
1789154154,2,0,1.727,4132039
1789154154,6,0,0.011,4132039
1789154154,3,0,0.059,4132039
1789154154,1,0,0.001,4132039
1789154155,4,0,0.656,4132039
1789154155,0,0,0.005,4132039
1789154155,4,0,0.423,4132039
1789154157,4,0,1.385,4132039
1789154157,2,0,0.001,4132039
1789154157,0,0,0.019,4132039
1789154158,4,0,1.475,4132039
1789154159,2,0,0.574,4132039
1789154159,4,0,0.652,4132039
1789154159,0,0,0.007,4132039
1789154159,0,0,0.008,4132039
1789154159,0,0,0.009,4132039
1789154159,0,0,0.009,4132039
1789154159,2,0,0.003,4132039
1789154161,4,0,1.368,4132039
1789154161,3,0,0.091,4132039
1789154161,6,0,0.015,4132039
1789154161,6,0,0.008,4132039
1789154161,1,0,0.001,4132039
1789154161,7,0,0.156,4132039
1789154162,4,0,0.947,4132039
1789154162,3,0,0.002,4132039
1789154162,5,0,0.14,4132039
1789154162,1,0,0.002,4132039
1789154162,4,0,0.31,4132039
1789154162,2,0,0.003,4132039
1789154163,0,0,0.005,4132039
1789154163,4,0,0.466,4132039
1789154163,0,0,0.015,4132039
1789154163,6,0,0.005,4132039
1789154163,2,0,0.001,4132039
1789154163,1,0,0.001,4132039
1789154164,4,0,1.151,4132039
1789154164,2,0,0.001,4132039
1789154164,3,0,0.173,4132039
1789154165,4,0,0.243,4132039
1789154165,2,0,0.001,4132039
1789154165,4,0,0.561,4132039
1789154165,2,0,0.332,4132039
1789154165,6,0,0.02,4132039
1789154166,3,0,0.037,4132039
1789154166,4,0,0.626,4132039
1789154166,0,0,0.013,4132039
1789154167,2,0,0.973,4132039
1789154171,5,0,4.323,4132039
1789154172,4,0,0.51,4132039
1789154172,5,0,0.176,4132039
1789154172,0,0,0.01,4132039
1789154173,4,0,0.379,4132039
1789154173,0,0,0.005,4132039
1789154173,0,0,0.008,4132039
1789154173,0,0,0.004,4132039
1789154173,3,0,0.01,4132039
1789154174,2,0,1.004,4132039
1789154174,6,0,0.004,4132039
1789154174,6,0,0.007,4132039
1789154175,7,0,0.97,4132039
1789154180,5,0,5.397,4132039
1789154180,5,0,0.099,4132039
1789154181,5,0,0.497,4132039
1789154181,3,0,0.035,4132039
1789154181,6,0,0.01,4132039
1789154182,7,0,0.99,4132039
1789154182,5,0,0.508,4132039
1789154182,3,0,0.004,4132039
1789154182,3,0,0.006,4132039
1789154182,0,0,0.01,4132039
1789154182,5,0,0.294,4132039
1789154182,6,0,0.005,4132039
1789154186,7,0,3.208,4132039
1789154186,0,0,0.005,4132039
1789154186,3,0,0.004,4132039
1789154186,4,0,0.242,4132039
1789154186,5,0,0.197,4132039
1789154186,2,0,0.002,4132039
1789154186,2,0,0.002,4132039
1789154186,7,0,0.158,4132039
1789154186,3,0,0.078,4132039
1789154187,4,0,0.79,4132039
1789154187,3,0,0.031,4132039
1789154187,6,0,0.005,4132039
1789154187,1,0,0.003,4132039
1789154187,7,0,0.177,4132039
1789154188,4,0,0.491,4132039
1789154188,0,0,0.006,4132039
1789154188,4,0,0.563,4132039
1789154189,2,0,0.333,4132039
1789154190,4,0,1.109,4132039
1789154190,6,0,0.008,4132039
1789154190,6,0,0.008,4132039
1789154191,4,0,0.91,4132039
1789154191,5,0,0.581,4132039
1789154191,2,0,0.003,4132039
1789154191,0,0,0.007,4132039
1789154191,3,0,0.004,4132039
1789154192,4,0,0.665,4132039
1789154192,0,0,0.006,4132039
1789154192,3,0,0.024,4132039
1789154193,5,0,0.686,4132039
1789154193,5,0,0.33,4132039
1789154193,4,0,0.416,4132039
1789154193,0,0,0.038,4132039
1789154194,4,0,0.455,4132039
1789154194,0,0,0.008,4132039
1789154194,3,0,0.07,4132039
1789154194,3,0,0.002,4132039
1789154194,0,0,0.008,4132039
1789154194,4,0,0.383,4132039
1789154195,4,0,0.264,4132039
1789154195,7,0,0.21,4132039
1789154200,5,0,5.442,4132039
1789154200,0,0,0.006,4132039
1789154200,0,0,0.011,4132039
1789154201,4,0,0.844,4132039
1789154202,4,0,1.042,4132039
1789154202,0,0,0.013,4132039
1789154203,2,0,0.537,4132039
1789154203,0,0,0.005,4132039
1789154203,3,0,0.068,4132039
1789154203,2,0,0.002,4132039
1789154203,4,0,0.458,4132039
1789154203,6,0,0.019,4132039
1789154203,3,0,0.014,4132039
1789154203,5,0,0.11,4132039
1789154203,6,0,0.004,4132039
1789154204,4,0,0.666,4132039
1789154204,3,0,0.084,4132039
1789154204,5,0,0.161,4132039
1789154204,0,0,0.005,4132039
1789154205,4,0,0.403,4132039
1789154205,0,0,0.011,4132039
1789154209,7,0,4.11,4132039
1789154209,1,0,0.001,4132039
1789154210,4,0,0.608,4132039
1789154210,2,0,0.001,4132039
1789154210,0,0,0.011,4132039
1789154210,1,0,0.001,4132039
1789154210,4,0,0.329,4132039
1789154210,0,0,0.008,4132039
1789154210,0,0,0.007,4132039
1789154210,0,0,0.01,4132039
1789154210,0,0,0.004,4132039
1789154210,1,0,0,4132039
1789154210,3,0,0.002,4132039
1789154210,6,0,0.007,4132039
1789154210,4,0,0.387,4132039
1789154210,6,0,0.006,4132039
1789154210,3,0,0.039,4132039
1789154210,0,0,0.005,4132039
1789154210,3,0,0.03,4132039
1789154210,2,0,0.002,4132039
1789154211,4,0,0.544,4132039
1789154212,2,0,0.889,4132039
1789154212,2,0,0.428,4132039
1789154213,4,0,0.317,4132039
1789154213,6,0,0.006,4132039
1789154213,4,0,0.417,4132039
1789154213,4,0,0.317,4132039
1789154214,2,0,0.406,4132039
1789154214,0,0,0.003,4132039
1789154214,0,0,0.014,4132039
1789154214,5,0,0.401,4132039
1789154214,3,0,0.005,4132039
1789154214,5,0,0.225,4132039
1789154218,5,0,3.701,4132039
1789154218,0,0,0.004,4132039
1789154218,0,0,0.005,4132039
1789154218,2,0,0.382,4132039
1789154218,2,0,0.002,4132039
1789154218,6,0,0.005,4132039
1789154218,1,0,0.001,4132039
1789154218,0,0,0.003,4132039
1789154218,3,0,0.006,4132039
1789154219,4,0,0.762,4132039
1789154219,3,0,0.007,4132039
1789154221,4,0,1.675,4132039
1789154221,3,0,0.202,4132039
1789154225,7,0,4.22,4132039
1789154226,2,0,1.162,4132039
1789154226,1,0,0.001,4132039
1789154227,3,0,0.22,4132039
1789154227,3,0,0.017,4132039
1789154227,3,0,0.093,4132039
1789154227,6,0,0.005,4132039
1789154227,0,0,0.003,4132039
1789154227,4,0,0.582,4132039
1789154227,1,0,0.001,4132039
1789154227,0,0,0.004,4132039
1789154227,6,0,0.006,4132039
1789154227,0,0,0.005,4132039
1789154228,2,0,0.867,4132039
1789154228,0,0,0.014,4132039
1789154228,0,0,0.01,4132039
1789154228,6,0,0.005,4132039
1789154229,2,0,1.002,4132039
1789154229,0,0,0.004,4132039
1789154230,4,0,0.24,4132039
1789154234,5,0,3.942,4132039
1789154234,4,0,0.45,4132039
1789154234,4,0,0.363,4132039
1789154234,0,0,0.005,4132039
1789154234,6,0,0.004,4132039
1789154234,3,0,0.005,4132039
1789154234,5,0,0.098,4132039
1789154234,3,0,0.003,4132039
1789154235,4,0,0.281,4132039
1789154235,5,0,0.103,4132039
1789154235,2,0,0.502,4132039
1789154236,4,0,0.329,4132039
1789154236,0,0,0.004,4132039
1789154236,6,0,0.006,4132039
1789154236,4,0,0.336,4132039
1789154237,2,0,0.622,4132039
1789154237,2,0,0.734,4132039
1789154237,3,0,0.063,4132039
1789154238,4,0,0.48,4132039
1789154239,4,0,1.287,4132039
1789154240,4,0,1.128,4132039
1789154240,3,0,0.116,4132039
1789154241,4,0,0.634,4132039
1789154242,4,0,0.612,4132039
1789154242,2,0,0.438,4132039
1789154242,5,0,0.127,4132039
1789154243,4,0,0.303,4132039
1789154247,5,0,4.549,4132039
1789154247,7,0,0.175,4132039
1789154248,4,0,0.503,4132039
1789154248,6,0,0.008,4132039
1789154248,0,0,0.014,4132039
1789154248,2,0,0.003,4132039
1789154248,2,0,0.001,4132039
1789154248,0,0,0.005,4132039
1789154248,0,0,0.003,4132039
1789154248,3,0,0.079,4132039
1789154249,4,0,0.743,4132039
1789154249,6,0,0.005,4132039
1789154249,4,0,0.508,4132039
1789154249,0,0,0.01,4132039
1789154249,2,0,0.006,4132039
1789154249,6,0,0.01,4132039
1789154249,6,0,0.006,4132039
1789154249,1,0,0.002,4132039
1789154250,2,0,1.216,4132039
1789154251,4,0,0.477,4132039
1789154252,4,0,0.95,4132039
1789154252,6,0,0.004,4132039
1789154252,6,0,0.006,4132039
1789154252,7,0,0.174,4132039
1789154253,4,0,0.569,4132039
1789154253,5,0,0.183,4132039
1789154253,0,0,0.007,4132039
1789154253,0,0,0.009,4132039
1789154253,3,0,0.015,4132039
1789154253,3,0,0.012,4132039
1789154254,4,0,0.855,4132039
1789154254,0,0,0.004,4132039
1789154254,0,0,0.007,4132039
1789154255,4,0,1.004,4132039
1789154255,4,0,0.247,4132039
1789154255,2,0,0.003,4132039
1789154255,5,0,0.115,4132039
1789154255,2,0,0.423,4132039
1789154255,3,0,0.007,4132039
1789154256,2,0,0.634,4132039
1789154257,4,0,1.046,4132039
1789154257,3,0,0.01,4132039
1789154257,2,0,0.001,4132039
1789154257,1,0,0.001,4132039
1789154258,4,0,0.505,4132039
1789154259,4,0,1.391,4132039
1789154259,1,0,0.001,4132039
1789154265,5,0,5.493,4132039
1789154269,5,0,4.628,4132039
1789154269,0,0,0.019,4132039
1789154269,3,0,0.003,4132039
1789154269,0,0,0.009,4132039
1789154269,6,0,0.006,4132039
1789154269,6,0,0.005,4132039
1789154269,6,0,0.005,4132039
1789154269,6,0,0.007,4132039
1789154269,1,0,0.001,4132039
1789154269,0,0,0.006,4132039
1789154270,4,0,0.407,4132039
1789154270,5,0,0.21,4132039
1789154270,0,0,0.01,4132039
1789154270,3,0,0.023,4132039
1789154271,4,0,0.63,4132039
1789154271,5,0,0.135,4132039
1789154271,6,0,0.008,4132039
1789154272,5,0,1.004,4132039
1789154272,0,0,0.006,4132039
1789154272,0,0,0.01,4132039
1789154273,4,0,0.886,4132039
1789154274,2,0,1.144,4132039
1789154274,3,0,0.05,4132039
1789154274,2,0,0.001,4132039
1789154274,6,0,0.007,4132039
1789154274,4,0,0.309,4132039
1789154274,1,0,0.002,4132039
1789154275,4,0,0.618,4132039
1789154275,4,0,0.567,4132039
1789154279,5,0,3.424,4132039
1789154279,6,0,0.011,4132039
1789154279,0,0,0.011,4132039
1789154279,3,0,0.166,4132039
1789154279,0,0,0.015,4132039
1789154279,6,0,0.025,4132039
1789154279,2,0,0.341,4132039
1789154280,4,0,0.743,4132039
1789154280,6,0,0.004,4132039
1789154281,2,0,0.869,4132039
1789154281,0,0,0.004,4132039
1789154281,2,0,0.003,4132039
1789154281,3,0,0.044,4132039
1789154281,2,0,0.001,4132039
1789154281,3,0,0.056,4132039
1789154281,0,0,0.015,4132039
1789154281,3,0,0.126,4132039
1789154282,4,0,0.488,4132039
1789154282,0,0,0.016,4132039
1789154285,5,0,3.599,4132039
1789154285,6,0,0.005,4132039
1789154285,0,0,0.007,4132039
1789154286,2,0,0.523,4132039
1789154286,3,0,0.041,4132039
1789154286,4,0,0.454,4132039
1789154287,4,0,0.814,4132039
1789154288,2,0,0.51,4132039
1789154288,4,0,0.442,4132039
1789154291,5,0,3.372,4132039
1789154292,5,0,0.474,4132039
1789154292,0,0,0.003,4132039
1789154292,6,0,0.005,4132039
1789154293,4,0,1.072,4132039
1789154293,3,0,0.058,4132039
1789154293,3,0,0.038,4132039
1789154293,6,0,0.007,4132039
1789154293,3,0,0.008,4132039
1789154293,6,0,0.004,4132039
1789154294,4,0,0.904,4132039
1789154294,6,0,0.014,4132039
1789154294,0,0,0.012,4132039
1789154294,3,0,0.029,4132039
1789154295,4,0,0.596,4132039
1789154295,3,0,0.012,4132039
1789154295,7,0,0.7,4132039
1789154296,5,0,0.863,4132039
1789154297,4,0,0.791,4132039
1789154298,4,0,0.676,4132039
1789154298,5,0,0.523,4132039
1789154298,6,0,0.008,4132039
1789154298,1,0,0.001,4132039
1789154298,0,0,0.004,4132039
1789154298,3,0,0.152,4132039
1789154298,2,0,0.005,4132039
1789154298,0,0,0.01,4132039
1789154298,3,0,0.019,4132039
1789154298,3,0,0.12,4132039
1789154299,2,0,0.004,4132039
1789154299,6,0,0.011,4132039
1789154299,4,0,0.372,4132039
1789154299,6,0,0.006,4132039
1789154299,0,0,0.005,4132039
1789154299,1,0,0.001,4132039
1789154299,1,0,0.001,4132039
1789154299,6,0,0.017,4132039
1789154299,2,0,0.5,4132039
1789154299,6,0,0.007,4132039
1789154299,0,0,0.009,4132039
1789154300,4,0,0.766,4132039
1789154300,3,0,0.014,4132039
1789154300,0,0,0.052,4132039
1789154300,3,0,0.005,4132039
1789154300,2,0,0.219,4132039
1789154301,4,0,0.529,4132039
1789154301,1,0,0.002,4132039
1789154302,2,0,0.957,4132039
1789154302,0,0,0.003,4132039
1789154302,2,0,0.002,4132039
1789154302,3,0,0.055,4132039
1789154303,2,0,0.924,4132039
1789154303,0,0,0.014,4132039
1789154303,1,0,0.003,4132039
1789154303,3,0,0.207,4132039
1789154304,4,0,0.398,4132039
1789154304,3,0,0.048,4132039
1789154304,2,0,0.384,4132039
1789154304,2,0,0.009,4132039
1789154304,0,0,0.01,4132039
1789154304,4,0,0.351,4132039
1789154305,5,0,0.124,4132039
1789154305,7,0,0.723,4132039
1789154305,2,0,0,4132039
1789154306,4,0,0.688,4132039
1789154307,4,0,0.804,4132039
1789154307,2,0,0.002,4132039
1789154307,4,0,0.401,4132039
1789154307,3,0,0.024,4132039
1789154307,6,0,0.006,4132039
1789154308,4,0,0.534,4132039
1789154308,2,0,0.397,4132039
1789154308,4,0,0.324,4132039
1789154308,3,0,0.078,4132039
1789154308,3,0,0.003,4132039
1789154309,6,0,0.012,4132039
1789154309,0,0,0.007,4132039
1789154309,4,0,0.635,4132039
1789154309,5,0,0.106,4132039
1789154310,4,0,1.094,4132039
1789154310,6,0,0.009,4132039
1789154310,3,0,0.014,4132039
1789154310,1,0,0.001,4132039
1789154312,4,0,1.495,4132039
1789154313,4,0,1.263,4132039
1789154314,2,0,0.913,4132039
1789154314,5,0,0.105,4132039
1789154314,0,0,0.008,4132039
1789154314,3,0,0.079,4132039
1789154314,3,0,0.093,4132039
1789154314,2,0,0,4132039
1789154315,5,0,0.385,4132039
1789154315,0,0,0.01,4132039
1789154315,5,0,0.481,4132039
1789154315,6,0,0.005,4132039
1789154315,0,0,0.011,4132039
1789154315,0,0,0.014,4132039
1789154315,0,0,0.012,4132039
1789154316,4,0,0.354,4132039
1789154316,6,0,0.01,4132039
1789154316,0,0,0.018,4132039
1789154316,0,0,0.008,4132039
1789154316,4,0,0.377,4132039
1789154317,4,0,0.622,4132039
1789154317,7,0,0.191,4132039
1789154317,6,0,0.022,4132039
1789154317,3,0,0.002,4132039
1789154317,2,0,0.004,4132039
1789154317,3,0,0.057,4132039
1789154317,3,0,0.126,4132039
1789154317,4,0,0.164,4132039
1789154318,4,0,0.455,4132039
1789154318,4,0,0.162,4132039
1789154318,4,0,0.444,4132039
1789154319,4,0,0.323,4132039
1789154319,0,0,0.008,4132039
1789154319,1,0,0.001,4132039
1789154319,5,0,0.597,4132039
1789154319,7,0,0.14,4132039
1789154319,2,0,0.003,4132039
1789154323,5,0,3.302,4132039
1789154327,5,0,4.349,4132039
1789154327,2,0,0.32,4132039
1789154327,2,0,0.001,4132039
1789154328,5,0,0.782,4132039
1789154329,4,0,0.581,4132039
1789154329,4,0,0.382,4132039
1789154329,0,0,0.006,4132039
1789154330,4,0,1.136,4132039
1789154330,3,0,0.008,4132039
1789154331,2,0,0.401,4132039
1789154336,7,0,5.781,4132039
1789154336,3,0,0.003,4132039
1789154336,0,0,0.005,4132039
1789154337,4,0,0.54,4132039
1789154338,2,0,0.602,4132039
1789154338,1,0,0.001,4132039
1789154338,2,0,0.003,4132039
1789154339,4,0,1.491,4132039
1789154339,3,0,0.055,4132039
1789154339,0,0,0.006,4132039
1789154339,3,0,0.064,4132039
1789154343,5,0,4.252,4132039
1789154344,4,0,0.535,4132039
1789154344,5,0,0.353,4132039
1789154344,3,0,0.076,4132039
1789154345,2,0,0.833,4132039
1789154345,3,0,0.009,4132039
1789154345,0,0,0.011,4132039
1789154346,4,0,0.278,4132039
1789154347,4,0,1.111,4132039
1789154347,5,0,0.178,4132039
1789154347,2,0,0.002,4132039
1789154347,1,0,0.001,4132039
1789154347,2,0,0.474,4132039
1789154347,0,0,0.025,4132039
1789154348,4,0,0.621,4132039
1789154348,5,0,0.112,4132039
1789154349,5,0,0.703,4132039
1789154349,0,0,0.048,4132039
1789154349,2,0,0.002,4132039
1789154349,0,0,0.017,4132039
1789154349,6,0,0.007,4132039
1789154350,4,0,1.576,4132039
1789154350,3,0,0.113,4132039
1789154352,2,0,1.996,4132039
1789154353,3,0,0.039,4132039
1789154353,4,0,0.246,4132039
1789154353,6,0,0.018,4132039
1789154353,6,0,0.005,4132039
1789154353,4,0,0.593,4132039
1789154353,0,0,0.006,4132039
1789154353,0,0,0.004,4132039
1789154353,6,0,0.004,4132039
1789154353,6,0,0.006,4132039
1789154354,4,0,0.933,4132039
1789154354,2,0,0.001,4132039
1789154354,1,0,0.001,4132039
1789154355,2,0,0.437,4132039
1789154355,3,0,0.027,4132039
1789154355,3,0,0.057,4132039
1789154356,4,0,1.037,4132039
1789154356,3,0,0.052,4132039
1789154356,5,0,0.41,4132039
1789154357,4,0,0.768,4132039
1789154357,0,0,0.03,4132039
1789154358,2,0,0.464,4132039
1789154358,6,0,0.008,4132039
1789154358,3,0,0.005,4132039
1789154358,4,0,0.702,4132039
1789154358,3,0,0.086,4132039
1789154358,3,0,0.006,4132039
1789154358,0,0,0.007,4132039
1789154359,4,0,0.619,4132039
1789154359,6,0,0.015,4132039
1789154359,0,0,0.015,4132039
1789154359,2,0,0.006,4132039
1789154360,2,0,0.944,4132039
1789154360,3,0,0.006,4132039
1789154362,2,0,2.312,4132039
1789154363,2,0,0.759,4132039
1789154363,0,0,0.006,4132039
1789154363,7,0,0.213,4132039
1789154367,5,0,4.011,4132039
1789154372,7,0,4.971,4132039
1789154373,2,0,0.529,4132039
1789154373,6,0,0.02,4132039
1789154373,4,0,0.529,4132039
1789154374,4,0,0.336,4132039
1789154374,1,0,0.002,4132039
1789154374,4,0,0.597,4132039
1789154374,0,0,0.011,4132039
1789154379,5,0,4.381,4132039
1789154379,3,0,0.003,4132039
1789154379,3,0,0.047,4132039
1789154379,0,0,0.004,4132039
1789154379,3,0,0.004,4132039
1789154379,3,0,0.047,4132039
1789154379,0,0,0.021,4132039
1789154379,5,0,0.18,4132039
1789154379,0,0,0.009,4132039
1789154379,7,0,0.252,4132039
1789154379,3,0,0.063,4132039
1789154380,2,0,0.269,4132039
1789154380,2,0,0.001,4132039
1789154380,6,0,0.006,4132039
1789154380,4,0,0.361,4132039
1789154381,4,0,1.297,4132039
1789154381,3,0,0.058,4132039
1789154382,3,0,0.147,4132039
1789154382,5,0,0.179,4132039
1789154382,5,0,0.458,4132039
1789154382,3,0,0.006,4132039
1789154382,4,0,0.267,4132039
1789154382,1,0,0.001,4132039
1789154384,4,0,1.096,4132039
1789154384,4,0,0.341,4132039
1789154384,3,0,0.099,4132039
1789154384,0,0,0.004,4132039
1789154385,4,0,0.755,4132039
1789154385,4,0,0.6,4132039
1789154385,6,0,0.004,4132039
1789154385,3,0,0.059,4132039
1789154386,4,0,0.449,4132039
1789154386,6,0,0.007,4132039
1789154386,4,0,0.578,4132039
1789154386,3,0,0.068,4132039
1789154386,0,0,0.008,4132039
1789154387,4,0,0.383,4132039
1789154387,1,0,0.001,4132039
1789154387,3,0,0.006,4132039
1789154388,4,0,0.907,4132039
1789154388,2,0,0.684,4132039
1789154388,3,0,0.002,4132039
1789154389,3,0,0.041,4132039
1789154389,4,0,0.794,4132039
1789154389,0,0,0.006,4132039
1789154389,1,0,0.001,4132039
1789154390,4,0,0.807,4132039
1789154390,4,0,0.378,4132039
1789154391,3,0,0.041,4132039
1789154391,0,0,0.004,4132039
1789154391,0,0,0.005,4132039
1789154391,3,0,0.005,4132039
1789154391,4,0,0.489,4132039
1789154392,2,0,0.73,4132039
1789154392,4,0,0.567,4132039
1789154392,6,0,0.005,4132039
1789154392,3,0,0.006,4132039
1789154395,5,0,3.144,4132039
1789154395,2,0,0.002,4132039
1789154396,2,0,0.004,4132039
1789154396,4,0,0.377,4132039
1789154396,6,0,0.013,4132039
1789154396,3,0,0.066,4132039
1789154396,3,0,0.049,4132039
1789154396,2,0,0.002,4132039
1789154396,5,0,0.295,4132039
1789154396,6,0,0.007,4132039
1789154396,6,0,0.005,4132039
1789154397,4,0,0.637,4132039
1789154397,3,0,0.007,4132039
1789154397,0,0,0.001,4132039
1789154397,2,0,0.001,4132039
1789154397,3,0,0.004,4132039
1789154397,6,0,0.008,4132039
1789154397,3,0,0.152,4132039
1789154397,1,0,0.001,4132039
1789154398,4,0,0.457,4132039
1789154399,5,0,1.552,4132039
1789154399,0,0,0.021,4132039
1789154400,7,0,0.649,4132039
1789154400,4,0,0.502,4132039
1789154400,3,0,0.128,4132039
1789154400,6,0,0.005,4132039
1789154402,5,0,1.517,4132039
1789154403,4,0,0.605,4132039
1789154403,3,0,0.009,4132039
1789154403,0,0,0.004,4132039
1789154407,5,0,4.167,4132039
1789154407,2,0,0.002,4132039
1789154407,4,0,0.745,4132039
1789154408,0,0,0.008,4132039
1789154408,6,0,0.005,4132039
1789154408,1,0,0.001,4132039
1789154411,5,0,3.751,4132039
1789154411,5,0,0.108,4132039
1789154412,4,0,0.429,4132039
1789154412,4,0,0.259,4132039
1789154412,3,0,0.025,4132039
1789154412,3,0,0.097,4132039
1789154412,3,0,0.004,4132039
1789154412,3,0,0.05,4132039
1789154412,3,0,0.037,4132039
1789154412,0,0,0.01,4132039
1789154412,1,0,0.001,4132039
1789154413,4,0,0.507,4132039
1789154413,6,0,0.008,4132039
1789154413,1,0,0.001,4132039
1789154413,2,0,0.407,4132039
1789154413,3,0,0.234,4132039
1789154413,3,0,0.039,4132039
1789154414,2,0,0.511,4132039
1789154414,3,0,0.042,4132039
1789154414,3,0,0.055,4132039
1789154414,6,0,0.004,4132039
1789154414,4,0,0.25,4132039
1789154414,3,0,0.055,4132039
1789154414,3,0,0.024,4132039
1789154414,0,0,0.027,4132039
1789154414,1,0,0.001,4132039
1789154415,3,0,0.074,4132039
1789154415,4,0,0.394,4132039
1789154415,4,0,0.307,4132039
1789154416,4,0,0.633,4132039
1789154416,3,0,0.003,4132039
1789154416,4,0,0.45,4132039
1789154417,4,0,0.992,4132039
1789154417,6,0,0.005,4132039
1789154417,2,0,0.002,4132039
1789154417,3,0,0.003,4132039
1789154417,6,0,0.005,4132039
1789154418,4,0,0.331,4132039
1789154418,4,0,0.637,4132039
1789154418,0,0,0.008,4132039
1789154418,2,0,0.002,4132039
1789154424,5,0,5.548,4132039
1789154424,5,0,0.257,4132039
1789154424,3,0,0.049,4132039
1789154424,2,0,0.001,4132039
1789154429,5,0,4.428,4132039
1789154429,0,0,0.008,4132039
1789154429,2,0,0.499,4132039
1789154429,4,0,0.358,4132039
1789154430,4,0,0.443,4132039
1789154430,0,0,0.007,4132039
1789154430,4,0,0.554,4132039
1789154431,3,0,0.107,4132039
1789154431,5,0,0.86,4132039
1789154432,4,0,0.409,4132039
1789154432,6,0,0.008,4132039
1789154432,2,0,0.492,4132039
1789154433,2,0,0.428,4132039
1789154433,3,0,0.079,4132039
1789154433,0,0,0.003,4132039
1789154433,6,0,0.007,4132039
1789154433,6,0,0.004,4132039
1789154434,4,0,0.668,4132039
1789154434,0,0,0.023,4132039
1789154435,5,0,1.692,4132039
1789154435,0,0,0.008,4132039
1789154435,0,0,0.011,4132039
1789154435,3,0,0.064,4132039
1789154436,5,0,0.433,4132039
1789154436,2,0,0.011,4132039
1789154436,0,0,0.014,4132039
1789154436,6,0,0.007,4132039
1789154436,4,0,0.371,4132039
1789154438,2,0,1.497,4132039
1789154438,2,0,0.406,4132039
1789154442,7,0,4.298,4132039
1789154443,2,0,0.638,4132039
1789154443,3,0,0.068,4132039
1789154443,3,0,0.047,4132039
1789154443,0,0,0.011,4132039
1789154443,1,0,0.002,4132039
1789154443,0,0,0.011,4132039
1789154443,2,0,0.002,4132039
1789154444,4,0,0.503,4132039
1789154444,3,0,0.029,4132039
1789154444,3,0,0.267,4132039
1789154446,4,0,2.199,4132039
1789154447,2,0,0.518,4132039
1789154447,3,0,0.008,4132039
1789154448,2,0,1.051,4132039
1789154450,4,0,2.004,4132039
1789154450,5,0,0.346,4132039
1789154451,4,0,0.671,4132039
1789154451,2,0,0.008,4132039
1789154451,0,0,0.009,4132039
1789154451,3,0,0.101,4132039
1789154454,7,0,3.182,4132039
1789154454,3,0,0.004,4132039
1789154454,0,0,0.006,4132039
1789154454,6,0,0.002,4132039
1789154454,1,0,0,4132039
1789154454,3,0,0.049,4132039
1789154454,6,0,0.008,4132039
1789154454,0,0,0.003,4132039
1789154458,7,0,3.857,4132039
1789154462,5,0,4.426,4132039
1789154462,0,0,0.021,4132039
1789154463,4,0,0.815,4132039
1789154463,3,0,0.007,4132039
1789154463,3,0,0.008,4132039
1789154463,0,0,0.044,4132039
1789154463,6,0,0.008,4132039
1789154464,4,0,0.359,4132039
1789154464,3,0,0.003,4132039
1789154464,3,0,0.011,4132039
1789154464,3,0,0.084,4132039
1789154464,4,0,0.585,4132039
1789154464,3,0,0.035,4132039
1789154464,3,0,0.005,4132039
1789154465,4,0,0.358,4132039
1789154465,0,0,0.004,4132039
1789154465,3,0,0.008,4132039
1789154466,2,0,0.971,4132039
1789154466,3,0,0.072,4132039
1789154467,5,0,1.01,4132039
1789154467,5,0,0.209,4132039
1789154467,1,0,0.001,4132039
1789154467,3,0,0.121,4132039
1789154468,4,0,1.361,4132039
1789154472,5,0,3.674,4132039
1789154474,2,0,1.493,4132039
1789154474,3,0,0.061,4132039
1789154474,3,0,0.004,4132039
1789154474,0,0,0.008,4132039
1789154474,3,0,0.005,4132039
1789154474,0,0,0.005,4132039
1789154474,0,0,0.003,4132039
1789154474,3,0,0.033,4132039
1789154474,1,0,0.001,4132039
1789154474,0,0,0.003,4132039
1789154474,0,0,0.009,4132039
1789154474,0,0,0.006,4132039
1789154474,3,0,0.005,4132039
1789154474,2,0,0.002,4132039
1789154474,4,0,0.524,4132039
1789154474,0,0,0.007,4132039
1789154474,5,0,0.099,4132039
1789154474,0,0,0.019,4132039
1789154475,4,0,0.255,4132039
1789154475,0,0,0.006,4132039
1789154475,6,0,0.005,4132039
1789154475,0,0,0.005,4132039
1789154475,3,0,0.062,4132039
1789154475,1,0,0.001,4132039
1789154475,7,0,0.201,4132039
1789154475,3,0,0.003,4132039
1789154476,4,0,0.659,4132039
1789154476,2,0,0.002,4132039
1789154479,5,0,2.872,4132039
1789154479,4,0,0.184,4132039
1789154479,3,0,0.104,4132039
1789154479,4,0,0.658,4132039
1789154480,4,0,0.317,4132039
1789154481,4,0,0.775,4132039
1789154481,4,0,0.821,4132039
1789154481,6,0,0.004,4132039
1789154481,3,0,0.054,4132039
1789154481,6,0,0.006,4132039
1789154482,5,0,0.401,4132039
1789154482,3,0,0.06,4132039
1789154482,4,0,0.523,4132039
1789154482,6,0,0.007,4132039
1789154486,5,0,3.975,4132039
1789154487,4,0,0.447,4132039
1789154487,4,0,0.539,4132039
1789154488,2,0,0.617,4132039
1789154488,0,0,0.009,4132039
1789154488,6,0,0.008,4132039
1789154488,0,0,0.005,4132039
1789154489,4,0,0.921,4132039
1789154489,5,0,0.519,4132039
1789154490,3,0,0.072,4132039
1789154490,3,0,0.093,4132039
1789154490,5,0,0.146,4132039
1789154490,4,0,0.334,4132039
1789154490,2,0,0.286,4132039
1789154490,6,0,0.01,4132039
1789154491,2,0,0.474,4132039
1789154491,1,0,0.002,4132039
1789154491,2,0,0.001,4132039
1789154491,3,0,0.101,4132039
1789154491,0,0,0.012,4132039
1789154491,3,0,0.046,4132039
1789154492,4,0,0.486,4132039
1789154492,0,0,0.021,4132039
1789154492,4,0,0.509,4132039
1789154492,6,0,0.006,4132039
1789154492,3,0,0.033,4132039
1789154493,4,0,0.966,4132039
1789154493,2,0,0.001,4132039
1789154494,2,0,0.68,4132039
1789154494,6,0,0.005,4132039
1789154494,3,0,0.007,4132039
1789154494,3,0,0.058,4132039
1789154494,3,0,0.01,4132039
1789154495,2,0,1.169,4132039
1789154495,1,0,0.002,4132039
1789154495,1,0,0.001,4132039
1789154496,4,0,0.681,4132039
1789154496,3,0,0.009,4132039
1789154496,2,0,0.002,4132039
1789154496,5,0,0.565,4132039
1789154496,0,0,0.005,4132039
1789154496,0,0,0.011,4132039
1789154496,1,0,0.001,4132039
1789154496,0,0,0.016,4132039
1789154496,3,0,0.077,4132039
1789154496,6,0,0.012,4132039
1789154496,3,0,0.043,4132039
1789154496,1,0,0.001,4132039
1789154497,2,0,0.931,4132039
1789154497,3,0,0.01,4132039
1789154498,4,0,0.59,4132039
1789154498,1,0,0.001,4132039
1789154499,5,0,0.561,4132039
1789154499,1,0,0.001,4132039
1789154499,3,0,0.057,4132039
1789154499,0,0,0.01,4132039
1789154499,0,0,0.004,4132039
1789154499,4,0,0.373,4132039
1789154499,1,0,0.002,4132039
1789154499,6,0,0.006,4132039
1789154499,4,0,0.194,4132039
1789154500,4,0,1.244,4132039
1789154504,5,0,3.799,4132039
1789154504,2,0,0.003,4132039
1789154504,3,0,0.031,4132039
1789154504,3,0,0.045,4132039
1789154504,6,0,0.006,4132039
1789154505,4,0,0.369,4132039
1789154505,3,0,0.005,4132039
1789154505,2,0,0.001,4132039
1789154505,6,0,0.03,4132039
1789154505,0,0,0.005,4132039
1789154505,4,0,0.586,4132039
1789154506,2,0,0.631,4132039
1789154506,3,0,0.031,4132039
1789154506,3,0,0.033,4132039
1789154506,4,0,0.36,4132039
1789154506,0,0,0.006,4132039
1789154506,1,0,0.001,4132039
1789154506,2,0,0.001,4132039
1789154506,2,0,0.001,4132039
1789154507,4,0,0.681,4132039
1789154507,3,0,0.051,4132039
1789154507,3,0,0.006,4132039
1789154507,6,0,0.014,4132039
1789154507,0,0,0.02,4132039
1789154507,0,0,0.036,4132039
1789154508,2,0,0.577,4132039
1789154509,4,0,0.899,4132039
1789154509,3,0,0.01,4132039
1789154509,5,0,0.273,4132039
1789154509,1,0,0.001,4132039
1789154510,4,0,1.12,4132039
1789154510,3,0,0.025,4132039
1789154511,5,0,0.595,4132039
1789154511,3,0,0.033,4132039
1789154511,0,0,0.005,4132039
1789154511,4,0,0.704,4132039
1789154511,0,0,0.006,4132039
1789154513,5,0,1.252,4132039
1789154513,6,0,0.004,4132039
1789154513,0,0,0.005,4132039
1789154513,3,0,0.061,4132039
1789154513,6,0,0.007,4132039
1789154513,7,0,0.481,4132039
1789154513,2,0,0.002,4132039
1789154514,2,0,1.103,4132039
1789154515,4,0,0.482,4132039
1789154516,4,0,1.325,4132039
1789154517,4,0,0.478,4132039
1789154518,5,0,0.877,4132039
1789154519,4,0,1.076,4132039
1789154519,0,0,0.012,4132039
1789154519,5,0,0.21,4132039
1789154519,3,0,0.01,4132039
1789154519,1,0,0.001,4132039
1789154519,0,0,0.018,4132039
1789154519,5,0,0.229,4132039
1789154519,6,0,0.005,4132039
1789154519,6,0,0.006,4132039
1789154520,4,0,0.78,4132039
1789154520,6,0,0.008,4132039
1789154520,3,0,0.066,4132039
1789154520,2,0,0.004,4132039
1789154520,2,0,0.337,4132039
1789154520,0,0,0.006,4132039
1789154520,0,0,0.009,4132039
1789154520,3,0,0.045,4132039
1789154521,4,0,0.626,4132039
1789154521,1,0,0.002,4132039
1789154522,2,0,0.716,4132039
1789154522,4,0,0.502,4132039
1789154523,2,0,0.421,4132039
1789154523,4,0,0.418,4132039
1789154524,2,0,0.563,4132039
1789154524,3,0,0.055,4132039
1789154524,3,0,0.068,4132039
1789154525,4,0,1.359,4132039
1789154526,4,0,0.597,4132039
1789154526,1,0,0.001,4132039
1789154526,3,0,0.076,4132039
1789154527,2,0,0.85,4132039
1789154527,3,0,0.034,4132039
1789154527,4,0,0.515,4132039
1789154527,5,0,0.117,4132039
1789154527,0,0,0.012,4132039
1789154527,3,0,0.01,4132039
1789154527,0,0,0.056,4132039
1789154528,4,0,0.459,4132039
1789154528,0,0,0.01,4132039
1789154528,3,0,0.054,4132039
1789154529,4,0,1.103,4132039
1789154529,2,0,0.003,4132039
1789154529,0,0,0.005,4132039
1789154529,6,0,0.007,4132039
1789154529,4,0,0.397,4132039
1789154530,4,0,0.368,4132039
1789154530,3,0,0.014,4132039
1789154530,0,0,0.016,4132039
1789154530,7,0,0.076,4132039
1789154530,6,0,0.005,4132039
1789154530,4,0,0.541,4132039
1789154531,4,0,0.894,4132039
1789154532,4,0,0.871,4132039
1789154532,1,0,0.001,4132039
1789154532,6,0,0.009,4132039
1789154533,4,0,0.469,4132039
1789154533,5,0,0.209,4132039
1789154533,0,0,0.007,4132039
1789154533,4,0,0.383,4132039
1789154534,5,0,0.504,4132039
1789154535,2,0,0.766,4132039
1789154535,4,0,0.918,4132039
1789154535,1,0,0.001,4132039
1789154535,3,0,0.042,4132039
1789154535,2,0,0.002,4132039
1789154539,7,0,3.521,4132039
1789154539,6,0,0.006,4132039
1789154539,3,0,0.073,4132039
1789154539,2,0,0.251,4132039
1789154539,0,0,0.006,4132039
1789154539,6,0,0.006,4132039
1789154539,3,0,0.141,4132039
1789154540,2,0,0.739,4132039
1789154541,5,0,0.3,4132039
1789154541,3,0,0.048,4132039
1789154541,3,0,0.101,4132039
1789154541,3,0,0.039,4132039
1789154541,3,0,0.029,4132039
1789154541,2,0,0.431,4132039
1789154541,6,0,0.006,4132039
1789154541,1,0,0.001,4132039
1789154542,4,0,0.486,4132039
1789154542,1,0,0.001,4132039
1789154542,6,0,0.011,4132039
1789154542,2,0,0.567,4132039
1789154542,0,0,0.018,4132039
1789154542,2,0,0.003,4132039
1789154542,3,0,0.043,4132039
1789154543,5,0,0.647,4132039
1789154543,4,0,0.469,4132039
1789154544,4,0,0.458,4132039
1789154544,2,0,0.002,4132039
1789154544,6,0,0.004,4132039
1789154544,0,0,0.053,4132039
1789154544,3,0,0.006,4132039
1789154544,4,0,0.18,4132039
1789154545,4,0,0.51,4132039
1789154545,6,0,0.005,4132039
1789154545,6,0,0.006,4132039
1789154545,4,0,0.318,4132039
1789154546,5,0,0.597,4132039
1789154546,0,0,0.013,4132039
1789154546,3,0,0.05,4132039
1789154546,3,0,0.005,4132039
1789154546,0,0,0.01,4132039
1789154546,6,0,0.007,4132039
1789154546,0,0,0.004,4132039
1789154546,4,0,0.73,4132039
1789154546,3,0,0.056,4132039
1789154547,4,0,0.801,4132039
1789154547,7,0,0.155,4132039
1789154548,2,0,0.521,4132039
1789154548,0,0,0.009,4132039
1789154548,0,0,0.007,4132039
1789154548,6,0,0.01,4132039
1789154548,1,0,0.002,4132039
1789154548,0,0,0.027,4132039
1789154549,2,0,0.752,4132039
1789154549,3,0,0.031,4132039
1789154549,0,0,0.005,4132039
1789154549,2,0,0.345,4132039
1789154550,4,0,0.781,4132039
1789154554,5,0,3.905,4132039
1789154554,2,0,0.551,4132039
1789154554,6,0,0.012,4132039
1789154556,5,0,1.696,4132039
1789154556,6,0,0.012,4132039
1789154556,0,0,0.005,4132039
1789154556,0,0,0.004,4132039
1789154556,1,0,0.001,4132039
1789154557,2,0,0.572,4132039
1789154557,0,0,0.01,4132039
1789154558,4,0,0.88,4132039
1789154558,4,0,0.417,4132039
1789154558,2,0,0.003,4132039
1789154558,5,0,0.179,4132039
1789154559,4,0,0.591,4132039
1789154559,2,0,0.001,4132039
1789154559,0,0,0.006,4132039
1789154560,4,0,1.117,4132039
1789154560,6,0,0.007,4132039
1789154560,2,0,0.001,4132039
1789154560,6,0,0.006,4132039
1789154560,0,0,0.016,4132039
1789154560,3,0,0.038,4132039
1789154560,0,0,0.012,4132039
1789154560,6,0,0.008,4132039
1789154560,4,0,0.366,4132039
1789154560,6,0,0.021,4132039
1789154564,7,0,3.696,4132039
1789154564,3,0,0.055,4132039
1789154564,0,0,0.014,4132039
1789154564,1,0,0.001,4132039
1789154564,3,0,0.027,4132039
1789154565,2,0,0.911,4132039
1789154565,3,0,0.006,4132039
1789154565,6,0,0.005,4132039
1789154565,3,0,0.01,4132039
1789154566,2,0,0.57,4132039
1789154566,3,0,0.003,4132039
1789154566,5,0,0.384,4132039
1789154566,2,0,0.248,4132039
1789154566,3,0,0.004,4132039
1789154566,6,0,0.007,4132039
1789154567,2,0,0.476,4132039
1789154567,0,0,0.006,4132039
1789154567,3,0,0.006,4132039
1789154567,6,0,0.008,4132039
1789154567,3,0,0.008,4132039
1789154567,0,0,0.009,4132039
1789154567,2,0,0.001,4132039
1789154567,2,0,0.001,4132039
1789154567,2,0,0.434,4132039
1789154567,0,0,0.01,4132039
1789154568,5,0,0.449,4132039
1789154568,0,0,0.013,4132039
1789154568,0,0,0.013,4132039
1789154568,0,0,0.004,4132039
1789154568,2,0,0.004,4132039
1789154568,6,0,0.026,4132039
1789154568,2,0,0.546,4132039
1789154568,0,0,0.006,4132039
1789154568,3,0,0.136,4132039
1789154568,0,0,0.01,4132039
1789154570,2,0,1.127,4132039
1789154570,0,0,0.012,4132039
1789154570,4,0,0.534,4132039
1789154571,4,0,0.436,4132039
1789154571,0,0,0.012,4132039
1789154571,2,0,0.633,4132039
1789154571,6,0,0.008,4132039
1789154571,4,0,0.304,4132039
1789154572,6,0,0.005,4132039
1789154572,4,0,0.673,4132039
1789154573,5,0,0.616,4132039
1789154573,4,0,0.291,4132039
1789154573,3,0,0.144,4132039
1789154573,0,0,0.008,4132039
1789154573,6,0,0.007,4132039
1789154573,5,0,0.16,4132039
1789154573,3,0,0.053,4132039
1789154574,4,0,0.301,4132039
1789154574,6,0,0.005,4132039
1789154575,4,0,0.86,4132039
1789154575,2,0,0.306,4132039
1789154576,4,0,0.599,4132039
1789154576,3,0,0.095,4132039
1789154576,3,0,0.005,4132039
1789154576,6,0,0.007,4132039
1789154579,5,0,3.274,4132039
1789154579,2,0,0.391,4132039
1789154583,7,0,3.805,4132039
1789154587,7,0,3.488,4132039
1789154587,4,0,0.197,4132039
1789154587,5,0,0.6,4132039
1789154591,5,0,4.016,4132039
1789154592,3,0,0.097,4132039
1789154592,7,0,0.18,4132039
1789154592,4,0,0.358,4132039
1789154592,1,0,0.001,4132039
1789154592,0,0,0.004,4132039
1789154593,4,0,0.847,4132039
1789154593,0,0,0.005,4132039
1789154593,3,0,0.046,4132039
1789154593,2,0,0.002,4132039
1789154593,2,0,0,4132039
1789154593,3,0,0.001,4132039
1789154593,4,0,0.268,4132039
1789154594,4,0,0.659,4132039
1789154595,4,0,1.01,4132039
1789154595,1,0,0.001,4132039
1789154596,4,0,0.88,4132039
1789154596,6,0,0.009,4132039
1789154596,2,0,0.002,4132039
1789154596,5,0,0.147,4132039
1789154596,3,0,0.114,4132039
1789154600,5,0,3.912,4132039
1789154600,3,0,0.067,4132039
1789154600,0,0,0.004,4132039
1789154600,3,0,0.089,4132039
1789154601,2,0,1.049,4132039
1789154601,0,0,0.014,4132039
1789154601,6,0,0.012,4132039
1789154601,1,0,0.001,4132039
1789154602,2,0,0.899,4132039
1789154602,6,0,0.009,4132039
1789154602,1,0,0.001,4132039
1789154603,4,0,0.668,4132039
1789154607,5,0,4.257,4132039
1789154608,4,0,0.876,4132039
1789154609,4,0,0.824,4132039
1789154609,4,0,0.604,4132039
1789154609,3,0,0.018,4132039
1789154609,6,0,0.006,4132039
1789154609,2,0,0.003,4132039
1789154610,3,0,0.18,4132039
1789154610,6,0,0.028,4132039
1789154610,0,0,0.004,4132039
1789154610,2,0,0.784,4132039
1789154612,4,0,1.436,4132039
1789154613,4,0,0.929,4132039
1789154613,3,0,0.023,4132039
1789154613,3,0,0.101,4132039
1789154613,4,0,0.473,4132039
1789154613,3,0,0.09,4132039
1789154614,4,0,0.181,4132039
1789154614,4,0,0.48,4132039
1789154614,3,0,0.004,4132039
1789154614,4,0,0.419,4132039
1789154616,2,0,1.122,4132039
1789154616,0,0,0.004,4132039
1789154616,6,0,0.005,4132039
1789154616,5,0,0.118,4132039
1789154616,3,0,0.035,4132039
1789154616,6,0,0.007,4132039
1789154616,4,0,0.427,4132039
1789154617,2,0,0.872,4132039
1789154618,4,0,0.721,4132039
1789154618,2,0,0.002,4132039
1789154618,4,0,0.476,4132039
1789154619,2,0,0.65,4132039
1789154619,2,0,0.006,4132039
1789154619,3,0,0.087,4132039
1789154620,2,0,0.723,4132039
1789154620,4,0,0.243,4132039
1789154620,0,0,0.016,4132039
1789154621,4,0,0.864,4132039
1789154621,3,0,0.062,4132039
1789154622,4,0,1.19,4132039
1789154622,0,0,0.007,4132039
1789154622,0,0,0.005,4132039
1789154622,6,0,0.007,4132039
1789154622,5,0,0.173,4132039
1789154622,1,0,0.001,4132039
1789154623,4,0,0.509,4132039
1789154623,6,0,0.016,4132039
1789154623,6,0,0.018,4132039
1789154623,0,0,0.023,4132039
1789154623,3,0,0.066,4132039
1789154623,3,0,0.008,4132039
1789154623,0,0,0.01,4132039
1789154623,2,0,0.001,4132039
1789154623,4,0,0.288,4132039
1789154624,2,0,0.717,4132039
1789154625,4,0,0.572,4132039
1789154625,7,0,0.241,4132039
1789154625,4,0,0.306,4132039
1789154626,4,0,0.546,4132039
1789154626,2,0,0.493,4132039
1789154626,5,0,0.102,4132039
1789154627,2,0,0.359,4132039
1789154631,5,0,4.038,4132039
1789154631,4,0,0.729,4132039
1789154631,0,0,0.006,4132039
1789154631,6,0,0.004,4132039
1789154631,2,0,0.001,4132039
1789154631,3,0,0.043,4132039
1789154632,4,0,0.246,4132039
1789154633,4,0,1.059,4132039
1789154633,4,0,0.612,4132039
1789154633,0,0,0.008,4132039
1789154634,2,0,0.638,4132039
1789154634,3,0,0.074,4132039
1789154634,3,0,0.016,4132039
1789154634,6,0,0.007,4132039
1789154634,0,0,0.01,4132039
1789154635,4,0,0.601,4132039
1789154635,3,0,0.074,4132039
1789154635,1,0,0.001,4132039
1789154635,1,0,0.001,4132039
1789154635,4,0,0.49,4132039
1789154635,6,0,0.008,4132039
1789154635,3,0,0.005,4132039
1789154635,6,0,0.008,4132039
1789154637,4,0,1.347,4132039
1789154637,0,0,0.009,4132039
1789154637,0,0,0.006,4132039
1789154637,4,0,0.525,4132039
1789154637,3,0,0.051,4132039
1789154637,0,0,0.006,4132039
1789154638,2,0,1.095,4132039
1789154643,5,0,5.086,4132039
1789154644,4,0,0.589,4132039
1789154644,0,0,0.006,4132039
1789154644,3,0,0.036,4132039
1789154645,4,0,0.61,4132039
1789154645,3,0,0.009,4132039
1789154645,3,0,0.013,4132039
1789154645,4,0,0.764,4132039
1789154645,6,0,0.005,4132039
1789154645,0,0,0.016,4132039
1789154646,2,0,0.476,4132039
1789154646,6,0,0.004,4132039
1789154647,4,0,0.609,4132039
1789154647,4,0,0.839,4132039
1789154647,5,0,0.125,4132039
1789154647,2,0,0.002,4132039
1789154648,0,0,0.004,4132039
1789154649,7,0,1.002,4132039
1789154649,6,0,0.004,4132039
1789154649,5,0,0.352,4132039
1789154649,6,0,0.011,4132039
1789154649,3,0,0.054,4132039
1789154649,3,0,0.098,4132039
1789154649,3,0,0.003,4132039
1789154650,4,0,0.599,4132039
1789154650,3,0,0.121,4132039
1789154650,4,0,0.445,4132039
1789154651,2,0,0.621,4132039
1789154652,4,0,0.698,4132039
1789154652,0,0,0.008,4132039
1789154652,1,0,0.001,4132039
1789154652,0,0,0.01,4132039
1789154652,4,0,0.421,4132039
1789154652,2,0,0.328,4132039
1789154652,3,0,0.094,4132039
1789154653,4,0,0.532,4132039
1789154654,4,0,0.669,4132039
1789154654,0,0,0.009,4132039
1789154654,4,0,0.354,4132039
1789154654,0,0,0.006,4132039
1789154654,4,0,0.453,4132039
1789154654,3,0,0.043,4132039
1789154655,4,0,0.327,4132039
1789154655,6,0,0.011,4132039
1789154659,5,0,4.557,4132039
1789154659,3,0,0.13,4132039
1789154660,3,0,0.082,4132039
1789154660,4,0,0.847,4132039
1789154665,5,0,4.816,4132039
1789154666,4,0,0.501,4132039
1789154666,4,0,0.249,4132039
1789154666,0,0,0.006,4132039
1789154666,3,0,0.013,4132039
1789154666,2,0,0.002,4132039
1789154666,4,0,0.259,4132039
1789154666,6,0,0.006,4132039
1789154666,0,0,0.007,4132039
1789154667,4,0,0.674,4132039
1789154667,6,0,0.007,4132039
1789154667,0,0,0.007,4132039
1789154667,2,0,0.372,4132039
1789154668,4,0,0.566,4132039
1789154668,7,0,0.448,4132039
1789154668,0,0,0.004,4132039
1789154670,2,0,1.189,4132039
1789154670,6,0,0.004,4132039
1789154670,0,0,0.005,4132039
1789154670,6,0,0.007,4132039
1789154670,4,0,0.26,4132039
1789154670,6,0,0.009,4132039
1789154671,7,0,0.796,4132039
1789154671,7,0,0.166,4132039
1789154671,1,0,0.003,4132039
1789154672,2,0,0.723,4132039
1789154672,2,0,0.344,4132039
1789154672,4,0,0.428,4132039
1789154672,5,0,0.193,4132039
1789154672,3,0,0.007,4132039
1789154672,0,0,0.005,4132039
1789154672,6,0,0.005,4132039
1789154673,3,0,0.036,4132039
1789154673,0,0,0.003,4132039
1789154673,6,0,0.008,4132039
1789154673,0,0,0.012,4132039
1789154673,4,0,0.21,4132039
1789154673,4,0,0.383,4132039
1789154673,3,0,0.091,4132039
1789154673,3,0,0.007,4132039
1789154674,4,0,0.762,4132039
1789154675,4,0,0.557,4132039
1789154675,0,0,0.005,4132039
1789154675,3,0,0.044,4132039
1789154675,3,0,0.019,4132039
1789154675,7,0,0.157,4132039
1789154675,2,0,0.501,4132039
1789154675,1,0,0.002,4132039
1789154675,6,0,0.004,4132039
1789154675,5,0,0.204,4132039
1789154675,6,0,0.006,4132039
1789154676,5,0,0.195,4132039
1789154676,0,0,0.007,4132039
1789154676,0,0,0.016,4132039
1789154676,0,0,0.007,4132039
1789154676,3,0,0.062,4132039
1789154676,0,0,0.007,4132039
1789154676,0,0,0.011,4132039
1789154676,0,0,0.015,4132039
1789154676,1,0,0.001,4132039
1789154676,2,0,0.002,4132039
1789154676,6,0,0.006,4132039
1789154676,2,0,0.414,4132039
1789154676,3,0,0.003,4132039
1789154676,3,0,0.035,4132039
1789154676,0,0,0.01,4132039
1789154676,1,0,0.002,4132039
1789154676,6,0,0.009,4132039
1789154677,4,0,0.613,4132039
1789154677,4,0,0.308,4132039
1789154678,4,0,0.62,4132039
1789154678,3,0,0.004,4132039
1789154678,3,0,0.075,4132039
1789154678,2,0,0.002,4132039
1789154678,2,0,0.006,4132039
1789154678,3,0,0.01,4132039
1789154678,3,0,0.086,4132039
1789154678,0,0,0.004,4132039
1789154679,4,0,1.32,4132039
1789154679,6,0,0.007,4132039
1789154680,4,0,0.284,4132039
1789154680,3,0,0.05,4132039
1789154680,6,0,0.006,4132039
1789154680,4,0,0.506,4132039
1789154680,6,0,0.005,4132039
1789154680,0,0,0.009,4132039
1789154681,4,0,0.624,4132039
1789154681,3,0,0.04,4132039
1789154681,4,0,0.506,4132039
1789154681,0,0,0.008,4132039
1789154681,0,0,0.004,4132039
1789154681,6,0,0.011,4132039
1789154682,4,0,0.266,4132039
1789154682,3,0,0.015,4132039
1789154682,1,0,0.001,4132039
1789154682,4,0,0.405,4132039
1789154682,0,0,0.008,4132039
1789154682,6,0,0.004,4132039
1789154682,5,0,0.093,4132039
1789154683,7,0,0.468,4132039
1789154683,3,0,0.004,4132039
1789154683,4,0,0.769,4132039
1789154684,3,0,0.162,4132039
1789154684,4,0,0.545,4132039
1789154684,1,0,0.001,4132039
1789154684,0,0,0.01,4132039
1789154684,3,0,0.056,4132039
1789154684,2,0,0.001,4132039
1789154684,3,0,0.005,4132039
1789154685,4,0,0.512,4132039
1789154689,5,0,3.957,4132039
1789154689,5,0,0.61,4132039
1789154689,3,0,0.095,4132039
1789154690,2,0,0.368,4132039
1789154690,4,0,0.616,4132039
1789154690,3,0,0.096,4132039
1789154690,2,0,0.002,4132039
1789154690,1,0,0.001,4132039
1789154690,2,0,0.002,4132039
1789154691,4,0,0.39,4132039
1789154691,2,0,0.003,4132039
1789154691,6,0,0.006,4132039
1789154691,2,0,0.565,4132039
1789154691,0,0,0.008,4132039
1789154691,6,0,0.021,4132039
1789154691,2,0,0.002,4132039
1789154691,1,0,0.001,4132039
1789154691,0,0,0.005,4132039
1789154692,4,0,0.918,4132039
1789154692,6,0,0.013,4132039
1789154693,5,0,0.132,4132039
1789154693,2,0,0.402,4132039
1789154693,4,0,0.375,4132039
1789154693,3,0,0.133,4132039
1789154694,3,0,0.139,4132039
1789154694,0,0,0.004,4132039
1789154694,3,0,0.069,4132039
1789154694,0,0,0.014,4132039
1789154695,4,0,1.043,4132039
1789154695,6,0,0.008,4132039
1789154695,5,0,0.463,4132039
1789154696,4,0,0.345,4132039
1789154696,3,0,0.004,4132039
1789154696,2,0,0.003,4132039
1789154701,7,0,5.782,4132039
1789154702,2,0,0.619,4132039
1789154703,2,0,0.838,4132039
1789154703,6,0,0.005,4132039
1789154703,4,0,0.254,4132039
1789154704,4,0,1,4132039
1789154705,4,0,0.473,4132039
1789154705,0,0,0.01,4132039
1789154705,0,0,0.006,4132039
1789154705,4,0,0.534,4132039
1789154705,1,0,0.001,4132039
1789154705,3,0,0.088,4132039
1789154705,1,0,0.001,4132039
1789154705,3,0,0.027,4132039
1789154705,3,0,0.06,4132039
1789154705,3,0,0.021,4132039
1789154709,7,0,3.628,4132039
1789154709,3,0,0.004,4132039
1789154709,2,0,0.287,4132039
1789154709,6,0,0.013,4132039
1789154709,3,0,0.073,4132039
1789154709,3,0,0.013,4132039
1789154709,3,0,0.046,4132039
1789154714,5,0,4.528,4132039
1789154715,2,0,1.28,4132039
1789154715,6,0,0.024,4132039
1789154715,0,0,0.028,4132039
1789154715,3,0,0.028,4132039
1789154716,4,0,0.48,4132039
1789154717,4,0,1.279,4132039
1789154717,6,0,0.005,4132039
1789154717,3,0,0.04,4132039
1789154717,3,0,0.041,4132039
1789154717,0,0,0.012,4132039
1789154717,6,0,0.009,4132039
1789154717,3,0,0.014,4132039
1789154717,1,0,0.001,4132039
1789154717,6,0,0.01,4132039
1789154718,5,0,0.714,4132039
1789154720,4,0,1.98,4132039
1789154720,0,0,0.004,4132039
1789154720,0,0,0.007,4132039
1789154720,4,0,0.215,4132039
1789154720,0,0,0.007,4132039
1789154720,3,0,0.036,4132039
1789154720,1,0,0.001,4132039
1789154720,2,0,0.001,4132039
1789154720,0,0,0.011,4132039
1789154720,0,0,0.003,4132039
1789154720,3,0,0.062,4132039
1789154721,5,0,0.687,4132039
1789154721,0,0,0.004,4132039
1789154722,2,0,1.462,4132039
1789154723,4,0,0.405,4132039
1789154723,3,0,0.099,4132039
1789154723,3,0,0.011,4132039
1789154728,5,0,4.875,4132039
1789154728,3,0,0.083,4132039
1789154728,0,0,0.014,4132039
1789154730,5,0,1.748,4132039
1789154730,7,0,0.678,4132039
1789154731,2,0,0.629,4132039
1789154731,5,0,0.406,4132039
1789154732,4,0,0.595,4132039
1789154732,4,0,0.447,4132039
1789154732,5,0,0.152,4132039
1789154733,4,0,0.982,4132039
1789154733,6,0,0.004,4132039
1789154736,4,0,2.115,4132039
1789154736,2,0,0.451,4132039
1789154736,1,0,0.002,4132039
1789154736,2,0,0.002,4132039
1789154736,2,0,0,4132039
1789154736,3,0,0.041,4132039
1789154736,4,0,0.185,4132039
1789154736,3,0,0.005,4132039
1789154742,5,0,5.381,4132039
1789154742,0,0,0.013,4132039
1789154742,3,0,0.007,4132039
1789154743,4,0,1.028,4132039
1789154743,3,0,0.049,4132039
1789154743,4,0,0.537,4132039
1789154744,4,0,0.59,4132039
1789154744,4,0,0.494,4132039
1789154744,6,0,0.016,4132039
1789154744,1,0,0.001,4132039
1789154745,5,0,0.171,4132039
1789154745,0,0,0.01,4132039
1789154745,2,0,0.394,4132039
1789154745,5,0,0.524,4132039
1789154746,4,0,0.382,4132039
1789154746,4,0,0.301,4132039
1789154747,4,0,0.425,4132039
1789154747,0,0,0.01,4132039
1789154747,2,0,0.236,4132039
1789154747,3,0,0.007,4132039
1789154747,0,0,0.005,4132039
1789154748,4,0,1.161,4132039
1789154749,4,0,0.88,4132039
1789154749,0,0,0.013,4132039
1789154749,2,0,0.002,4132039
1789154749,1,0,0.001,4132039
1789154749,4,0,0.609,4132039
1789154750,3,0,0.131,4132039
1789154753,5,0,3.366,4132039
1789154753,4,0,0.363,4132039
1789154753,0,0,0.01,4132039
1789154754,2,0,0.59,4132039
1789154754,3,0,0.059,4132039
1789154754,0,0,0.005,4132039
1789154754,2,0,0.001,4132039
1789154754,0,0,0.005,4132039
1789154754,6,0,0.007,4132039
1789154754,2,0,0.002,4132039
1789154754,4,0,0.398,4132039
1789154755,5,0,0.349,4132039
1789154755,2,0,0.007,4132039
1789154755,6,0,0.007,4132039
1789154755,3,0,0.006,4132039
1789154756,5,0,0.876,4132039
1789154757,2,0,0.915,4132039
1789154757,0,0,0.039,4132039
1789154757,3,0,0.006,4132039
1789154757,4,0,0.748,4132039
1789154760,7,0,2.982,4132039
1789154760,6,0,0.004,4132039
1789154761,4,0,0.377,4132039
1789154761,0,0,0.008,4132039
1789154761,1,0,0.001,4132039
1789154761,1,0,0.001,4132039
1789154761,3,0,0.065,4132039
1789154761,2,0,0.002,4132039
1789154761,0,0,0.006,4132039
1789154761,0,0,0.004,4132039
1789154761,0,0,0.005,4132039
1789154761,5,0,0.187,4132039
1789154761,6,0,0.007,4132039
1789154761,2,0,0.44,4132039
1789154762,5,0,0.148,4132039
1789154762,2,0,0.265,4132039
1789154762,6,0,0.007,4132039
1789154762,3,0,0.018,4132039
1789154762,1,0,0.001,4132039
1789154762,6,0,0.005,4132039
1789154766,5,0,4.333,4132039
1789154766,2,0,0.002,4132039
1789154766,3,0,0.06,4132039
1789154767,5,0,0.417,4132039
1789154767,0,0,0.005,4132039
1789154767,6,0,0.006,4132039
1789154767,1,0,0.001,4132039
1789154767,1,0,0.001,4132039
1789154767,4,0,0.644,4132039
1789154767,6,0,0.006,4132039
1789154768,4,0,0.719,4132039
1789154768,6,0,0.006,4132039
1789154768,3,0,0.005,4132039
1789154768,1,0,0.001,4132039
1789154768,0,0,0.004,4132039
1789154768,2,0,0.002,4132039
1789154768,0,0,0.005,4132039
1789154772,5,0,4.311,4132039
1789154773,3,0,0.108,4132039
1789154773,4,0,0.422,4132039
1789154774,2,0,1.166,4132039
1789154774,3,0,0.06,4132039
1789154774,3,0,0.014,4132039
1789154774,3,0,0.019,4132039
1789154775,2,0,0.786,4132039
1789154776,2,0,0.792,4132039
1789154778,4,0,1.962,4132039
1789154778,5,0,0.104,4132039
1789154778,2,0,0.207,4132039
1789154778,0,0,0.012,4132039
1789154778,0,0,0.006,4132039
1789154778,6,0,0.013,4132039
1789154779,4,0,0.566,4132039
1789154779,2,0,0.003,4132039
1789154779,5,0,0.165,4132039
1789154779,5,0,0.443,4132039
1789154780,2,0,0.984,4132039
1789154781,2,0,0.499,4132039
1789154782,4,0,0.747,4132039
1789154782,2,0,0.002,4132039
1789154782,0,0,0.012,4132039
1789154782,3,0,0.074,4132039
1789154782,0,0,0.016,4132039
1789154782,3,0,0.019,4132039
1789154782,3,0,0.009,4132039
1789154782,6,0,0.015,4132039
1789154782,3,0,0.127,4132039
1789154782,3,0,0.013,4132039
1789154782,0,0,0.013,4132039
1789154783,4,0,1.258,4132039
1789154783,4,0,0.407,4132039
1789154784,5,0,0.121,4132039
1789154784,0,0,0.004,4132039
1789154784,2,0,0.303,4132039
1789154784,6,0,0.008,4132039
1789154784,3,0,0.076,4132039
1789154784,6,0,0.005,4132039
1789154784,3,0,0.011,4132039
1789154786,5,0,2.357,4132039
1789154786,0,0,0.004,4132039
1789154786,3,0,0.007,4132039
1789154787,4,0,0.218,4132039
1789154790,5,0,3.244,4132039
1789154790,4,0,0.138,4132039
1789154791,2,0,0.547,4132039
1789154792,4,0,1.01,4132039
1789154792,3,0,0.078,4132039
1789154792,3,0,0.016,4132039
1789154793,5,0,0.883,4132039
1789154793,3,0,0.088,4132039
1789154793,3,0,0.018,4132039
1789154793,3,0,0.084,4132039
1789154793,3,0,0.037,4132039
1789154793,2,0,0.004,4132039
1789154793,6,0,0.005,4132039
1789154793,0,0,0.003,4132039
1789154793,4,0,0.434,4132039
1789154793,6,0,0.011,4132039
1789154793,6,0,0.016,4132039
1789154794,5,0,0.557,4132039
1789154794,3,0,0.078,4132039
1789154794,5,0,0.519,4132039
1789154794,3,0,0.058,4132039
1789154794,2,0,0.004,4132039
1789154794,1,0,0.002,4132039
1789154795,4,0,0.964,4132039
1789154796,7,0,0.21,4132039
1789154796,3,0,0.002,4132039
1789154796,6,0,0.007,4132039
1789154796,3,0,0.049,4132039
1789154796,0,0,0.004,4132039
1789154796,2,0,0.003,4132039
1789154799,5,0,3.371,4132039
1789154800,4,0,0.576,4132039
1789154800,1,0,0.001,4132039
1789154800,2,0,0.002,4132039
1789154800,2,0,0.396,4132039
1789154800,3,0,0.011,4132039
1789154800,3,0,0.121,4132039
1789154800,0,0,0.015,4132039
1789154801,4,0,1.05,4132039
1789154801,0,0,0.003,4132039
1789154801,0,0,0.004,4132039
1789154802,2,0,0.597,4132039
1789154802,2,0,0.002,4132039
1789154802,3,0,0.006,4132039
1789154802,5,0,0.492,4132039
1789154802,3,0,0.049,4132039
1789154802,0,0,0.004,4132039
1789154802,3,0,0.053,4132039
1789154802,3,0,0.002,4132039
1789154802,6,0,0.004,4132039
1789154802,3,0,0.047,4132039
1789154802,0,0,0.004,4132039
1789154802,2,0,0.001,4132039
1789154803,5,0,0.494,4132039
1789154803,2,0,0.002,4132039
1789154803,2,0,0.002,4132039
1789154803,4,0,0.261,4132039
1789154803,3,0,0.063,4132039
1789154803,1,0,0.001,4132039
1789154808,5,0,4.694,4132039
1789154808,4,0,0.223,4132039
1789154808,0,0,0.01,4132039
1789154808,2,0,0.004,4132039
1789154808,2,0,0.002,4132039
1789154808,1,0,0.001,4132039
1789154810,2,0,2.142,4132039
1789154810,6,0,0.005,4132039
1789154815,5,0,4.37,4132039
1789154815,3,0,0.004,4132039
1789154815,3,0,0.11,4132039
1789154815,6,0,0.016,4132039
1789154815,2,0,0.003,4132039
1789154816,4,0,0.846,4132039
1789154816,2,0,0.003,4132039
1789154816,6,0,0.008,4132039
1789154817,4,0,1.387,4132039
1789154818,4,0,0.361,4132039
1789154818,5,0,0.1,4132039
1789154818,6,0,0.006,4132039
1789154818,3,0,0.007,4132039
1789154818,3,0,0.094,4132039
1789154818,0,0,0.01,4132039
1789154818,0,0,0.005,4132039
1789154818,2,0,0.563,4132039
1789154818,6,0,0.027,4132039
1789154818,3,0,0.008,4132039
1789154818,6,0,0.008,4132039
1789154819,2,0,0.842,4132039
1789154819,2,0,0.009,4132039
1789154820,2,0,0.587,4132039
1789154820,3,0,0.024,4132039
1789154821,4,0,0.763,4132039
1789154821,0,0,0.003,4132039
1789154821,4,0,0.667,4132039
1789154821,1,0,0.002,4132039
1789154821,6,0,0.006,4132039
1789154821,0,0,0.006,4132039
1789154821,3,0,0.003,4132039
1789154822,4,0,0.787,4132039
1789154822,6,0,0.007,4132039
1789154823,2,0,0.71,4132039
1789154823,4,0,0.294,4132039
1789154824,4,0,0.788,4132039
1789154824,4,0,0.344,4132039
1789154825,4,0,0.535,4132039
1789154825,6,0,0.004,4132039
1789154825,2,0,0.002,4132039
1789154825,0,0,0.003,4132039
1789154825,5,0,0.334,4132039
1789154825,3,0,0.004,4132039
1789154825,1,0,0.001,4132039
1789154825,6,0,0.017,4132039
1789154825,6,0,0.008,4132039
1789154825,0,0,0.007,4132039
1789154825,6,0,0.009,4132039
1789154825,6,0,0.005,4132039
1789154825,0,0,0.01,4132039
1789154826,4,0,0.732,4132039
1789154831,5,0,4.961,4132039
1789154831,4,0,0.167,4132039
1789154831,5,0,0.129,4132039
1789154831,3,0,0.012,4132039
1789154832,4,0,0.732,4132039
1789154833,2,0,0.839,4132039
1789154833,6,0,0.012,4132039
1789154833,6,0,0.008,4132039
1789154833,2,0,0.576,4132039
1789154833,0,0,0.013,4132039
1789154833,2,0,0.002,4132039
1789154833,3,0,0.059,4132039
1789154834,4,0,0.482,4132039
1789154835,4,0,1.128,4132039
1789154836,4,0,0.578,4132039
1789154836,4,0,0.203,4132039
1789154841,5,0,5.118,4132039
1789154841,3,0,0.026,4132039
1789154842,4,0,1.112,4132039
1789154846,5,0,4.363,4132039
1789154846,3,0,0.027,4132039
1789154847,4,0,1.012,4132039
1789154848,2,0,0.397,4132039
1789154849,7,0,1.661,4132039
1789154849,0,0,0.008,4132039
1789154849,2,0,0.003,4132039
1789154849,1,0,0.002,4132039
1789154849,3,0,0.009,4132039
1789154850,3,0,0.031,4132039
1789154851,4,0,1.551,4132039
1789154852,5,0,0.534,4132039
1789154853,4,0,1.116,4132039
1789154853,0,0,0.005,4132039
1789154853,3,0,0.018,4132039
1789154853,3,0,0.11,4132039
1789154854,4,0,1.398,4132039
1789154855,4,0,0.568,4132039
1789154855,4,0,0.41,4132039
1789154855,3,0,0.045,4132039
1789154856,2,0,0.745,4132039
1789154856,3,0,0.005,4132039
1789154856,4,0,0.216,4132039
1789154856,3,0,0.048,4132039
1789154856,0,0,0.008,4132039
1789154856,3,0,0.019,4132039
1789154856,1,0,0.001,4132039
1789154857,2,0,0.422,4132039
1789154861,5,0,3.788,4132039
1789154861,0,0,0.008,4132039
1789154861,5,0,0.113,4132039
1789154861,2,0,0.36,4132039
1789154861,0,0,0.005,4132039
1789154861,2,0,0.002,4132039
1789154861,0,0,0.009,4132039
1789154862,4,0,0.573,4132039
1789154862,3,0,0.027,4132039
1789154862,2,0,0.002,4132039
1789154862,2,0,0.796,4132039
1789154862,2,0,0.001,4132039
1789154862,0,0,0.013,4132039
1789154862,1,0,0,4132039
1789154863,2,0,0.263,4132039
1789154863,3,0,0.007,4132039
1789154863,0,0,0.008,4132039
1789154864,7,0,1.012,4132039
1789154864,0,0,0.021,4132039
1789154864,0,0,0.006,4132039
1789154864,0,0,0.014,4132039
1789154864,1,0,0.001,4132039
1789154864,4,0,0.418,4132039
1789154864,6,0,0.006,4132039
1789154865,4,0,0.417,4132039
1789154865,0,0,0.01,4132039
1789154865,6,0,0.007,4132039
1789154865,3,0,0.005,4132039
1789154865,3,0,0.015,4132039
1789154865,4,0,0.634,4132039
1789154865,1,0,0.001,4132039
1789154867,2,0,1.297,4132039
1789154868,4,0,1.085,4132039
1789154868,2,0,0.002,4132039
1789154868,2,0,0.003,4132039
1789154868,4,0,0.268,4132039
1789154868,3,0,0.045,4132039
1789154869,4,0,0.778,4132039
1789154869,6,0,0.011,4132039
1789154869,3,0,0.084,4132039
1789154870,4,0,0.924,4132039
1789154870,7,0,0.645,4132039
1789154870,3,0,0.03,4132039
1789154871,3,0,0.064,4132039
1789154871,0,0,0.01,4132039
1789154871,6,0,0.005,4132039
1789154876,7,0,5.474,4132039
1789154877,2,0,0.678,4132039
1789154877,4,0,0.55,4132039
1789154877,3,0,0.053,4132039
1789154877,0,0,0.019,4132039
1789154878,4,0,1.12,4132039
1789154878,0,0,0.005,4132039
1789154878,6,0,0.041,4132039
1789154878,6,0,0.005,4132039
1789154878,3,0,0.004,4132039
1789154879,3,0,0.043,4132039
1789154879,4,0,0.256,4132039
1789154879,6,0,0.008,4132039
1789154882,7,0,3.591,4132039
1789154882,2,0,0.002,4132039
1789154882,3,0,0.01,4132039
1789154882,0,0,0.016,4132039
1789154882,0,0,0.011,4132039
1789154882,3,0,0.026,4132039
1789154883,4,0,0.375,4132039
1789154883,5,0,0.397,4132039
1789154883,3,0,0.017,4132039
1789154884,5,0,0.393,4132039
1789154885,5,0,1.772,4132039
1789154885,6,0,0.008,4132039
1789154886,5,0,0.147,4132039
1789154886,0,0,0.005,4132039
1789154890,5,0,4.711,4132039
1789154890,1,0,0.001,4132039
1789154890,3,0,0.007,4132039
1789154890,0,0,0.013,4132039
1789154891,2,0,1.147,4132039
1789154892,3,0,0.065,4132039
1789154892,3,0,0.046,4132039
1789154893,4,0,1.755,4132039
1789154895,4,0,1.758,4132039
1789154895,3,0,0.056,4132039
1789154895,3,0,0.022,4132039
1789154895,3,0,0.037,4132039
1789154895,3,0,0.11,4132039
1789154895,3,0,0.062,4132039
1789154895,0,0,0.004,4132039
1789154895,0,0,0.004,4132039
1789154896,4,0,1.111,4132039
1789154896,0,0,0.01,4132039
1789154896,2,0,0.001,4132039
1789154896,1,0,0.001,4132039
1789154897,4,0,0.817,4132039
1789154898,4,0,0.702,4132039
1789154898,2,0,0.002,4132039
1789154898,1,0,0.001,4132039
1789154898,2,0,0.002,4132039
1789154898,4,0,0.178,4132039
1789154899,4,0,0.498,4132039
1789154899,4,0,0.318,4132039
1789154900,5,0,0.529,4132039
1789154900,1,0,0.001,4132039
1789154900,3,0,0.027,4132039
1789154903,5,0,3.215,4132039
1789154903,6,1,0.003,4132039
1789154903,4,0,0.584,4132039
1789154903,0,0,0.005,4132039
1789154904,4,0,0.625,4132039
1789154904,4,0,0.327,4132039
1789154904,6,0,0.006,4132039
1789154904,0,0,0.004,4132039
1789154909,5,0,4.774,4132039
1789154911,4,0,1.444,4132039
1789154911,2,0,0.002,4132039
1789154911,1,0,0.002,4132039
1789154911,4,0,0.802,4132039
1789154912,2,0,0.649,4132039
1789154912,5,0,0.117,4132039
1789154913,2,0,1.257,4132039
1789154914,4,0,0.377,4132039
1789154914,0,0,0.007,4132039
1789154914,3,0,0.089,4132039
1789154914,3,0,0.011,4132039
1789154914,5,0,0.555,4132039
1789154914,1,0,0.001,4132039
1789154914,3,0,0.005,4132039
1789154914,3,0,0.008,4132039
1789154914,2,0,0,4132039
1789154914,0,0,0.012,4132039
1789154915,3,0,0.06,4132039
1789154915,3,0,0.101,4132039
1789154915,0,0,0.015,4132039
1789154915,2,0,0.001,4132039
1789154915,5,0,0.496,4132039
1789154915,1,0,0.002,4132039
1789154915,6,0,0.016,4132039
1789154915,3,0,0.053,4132039
1789154916,4,0,0.664,4132039
1789154916,6,0,0.019,4132039
1789154916,5,0,0.103,4132039
1789154916,0,0,0.009,4132039
1789154916,3,0,0.06,4132039
1789154916,3,0,0.053,4132039
1789154916,0,0,0.008,4132039
1789154917,4,0,0.74,4132039
1789154917,6,0,0.014,4132039
1789154917,1,0,0.002,4132039
1789154917,6,0,0.005,4132039
1789154917,1,0,0.001,4132039
1789154918,4,0,0.671,4132039
1789154918,3,0,0.003,4132039
1789154918,6,0,0.004,4132039
1789154918,3,0,0.067,4132039
1789154918,4,0,0.385,4132039
1789154918,0,0,0.005,4132039
1789154918,0,0,0.008,4132039
1789154918,0,0,0.005,4132039
1789154919,4,0,1.287,4132039
1789154923,5,0,3.453,4132039
1789154923,3,0,0.002,4132039
1789154923,2,0,0.001,4132039
1789154923,4,0,0.713,4132039
1789154923,1,0,0.001,4132039
1789154923,0,0,0.011,4132039
1789154924,2,0,0.172,4132039
1789154924,7,0,0.142,4132039
1789154924,3,0,0.129,4132039
1789154924,4,0,0.525,4132039
1789154925,4,0,0.481,4132039
1789154925,0,0,0.006,4132039
1789154925,5,0,0.098,4132039
1789154926,2,0,1.402,4132039
1789154927,4,0,0.778,4132039
1789154927,3,0,0.09,4132039
1789154928,5,0,0.199,4132039
1789154928,4,0,0.576,4132039
1789154929,4,0,0.558,4132039
1789154929,4,0,0.821,4132039
1789154929,3,0,0.01,4132039
1789154929,0,0,0.014,4132039
1789154930,6,0,0.009,4132039
1789154930,3,0,0.005,4132039
1789154930,1,0,0.002,4132039
1789154933,5,0,3.299,4132039
1789154933,5,0,0.127,4132039
1789154933,5,0,0.541,4132039
1789154934,4,0,0.436,4132039
1789154934,4,0,0.385,4132039
1789154934,0,0,0.01,4132039
1789154934,6,0,0.006,4132039
1789154934,0,0,0.006,4132039
1789154934,1,0,0.001,4132039
1789154934,1,0,0.001,4132039
1789154934,6,0,0.007,4132039
1789154934,3,0,0.079,4132039
1789154934,0,0,0.008,4132039
1789154934,0,0,0.011,4132039
1789154935,4,0,0.633,4132039
1789154937,4,0,1.501,4132039
1789154937,1,0,0.001,4132039
1789154937,6,0,0.004,4132039
1789154938,2,0,1.267,4132039
1789154938,3,0,0.058,4132039
1789154938,4,0,0.326,4132039
1789154938,0,0,0.014,4132039
1789154938,3,0,0.115,4132039
1789154939,4,0,0.527,4132039
1789154939,3,0,0.032,4132039
1789154939,0,0,0.01,4132039
1789154940,5,0,1.377,4132039
1789154940,3,0,0.087,4132039
1789154940,6,0,0.013,4132039
1789154940,6,0,0.014,4132039
1789154941,4,0,0.678,4132039
1789154943,4,0,1.561,4132039
1789154943,3,0,0.086,4132039
1789154946,7,0,3.651,4132039
1789154946,3,0,0.061,4132039
1789154946,6,0,0.005,4132039
1789154947,2,0,0.474,4132039
1789154947,3,0,0.047,4132039
1789154947,0,0,0.004,4132039
1789154947,2,0,0.002,4132039
1789154947,3,0,0.004,4132039
1789154947,1,0,0.001,4132039
1789154948,4,0,0.582,4132039
1789154948,4,0,0.382,4132039
1789154948,0,0,0.003,4132039
1789154948,0,0,0.018,4132039
1789154948,3,0,0.023,4132039
1789154949,4,0,0.596,4132039
1789154949,6,0,0.006,4132039
1789154954,7,0,5.659,4132039
1789154954,0,0,0.007,4132039
1789154954,6,0,0.009,4132039
1789154954,5,0,0.18,4132039
1789154956,2,0,1.503,4132039
1789154956,3,0,0.055,4132039
1789154956,3,0,0.016,4132039
1789154956,6,0,0.009,4132039
1789154956,2,0,0.002,4132039
1789154956,0,0,0.009,4132039
1789154956,3,0,0.051,4132039
1789154956,1,0,0.002,4132039
1789154958,4,0,1.864,4132039
1789154959,4,0,0.544,4132039
1789154959,6,0,0.005,4132039
1789154959,0,0,0.016,4132039
1789154959,3,0,0.045,4132039
1789154959,0,0,0.005,4132039
1789154959,4,0,0.628,4132039
1789154960,4,0,0.599,4132039
1789154960,0,0,0.004,4132039
1789154960,6,0,0.015,4132039
1789154960,3,0,0.002,4132039
1789154964,7,0,4.094,4132039
1789154965,4,0,0.686,4132039
1789154965,0,0,0.008,4132039
1789154965,0,0,0.019,4132039
1789154965,1,0,0.003,4132039
1789154965,5,0,0.512,4132039
1789154965,0,0,0.009,4132039
1789154966,2,0,0.47,4132039
1789154966,6,0,0.004,4132039
1789154971,7,0,5,4132039
1789154971,1,0,0.001,4132039
1789154971,1,0,0.001,4132039
1789154971,3,0,0.111,4132039
1789154972,4,0,0.835,4132039
1789154972,3,0,0.116,4132039
1789154972,3,0,0.059,4132039
1789154972,3,0,0.008,4132039
1789154972,3,0,0.007,4132039
1789154972,3,0,0.069,4132039
1789154972,3,0,0.097,4132039
1789154972,3,0,0.046,4132039
1789154972,2,0,0.003,4132039
1789154972,3,0,0.044,4132039
1789154977,5,0,5.041,4132039
1789154977,3,0,0.049,4132039
1789154977,3,0,0.1,4132039
1789154977,6,0,0.019,4132039
1789154977,6,0,0.006,4132039
1789154977,6,0,0.009,4132039
1789154978,5,0,0.411,4132039
1789154978,4,0,0.463,4132039
1789154978,3,0,0.051,4132039
1789154978,1,0,0.001,4132039
1789154982,7,0,3.386,4132039
1789154982,0,0,0.017,4132039
1789154982,3,0,0.044,4132039
1789154982,0,0,0.009,4132039
1789154982,2,0,0.589,4132039
1789154983,4,0,0.547,4132039
1789154983,0,0,0.023,4132039
1789154983,5,0,0.12,4132039
1789154983,4,0,0.547,4132039
1789154985,4,0,1.546,4132039
1789154985,5,0,0.465,4132039
1789154985,3,0,0.008,4132039
1789154986,3,0,0.061,4132039
1789154986,6,0,0.015,4132039
1789154986,1,0,0.002,4132039
1789154990,5,0,4.419,4132039
1789154990,5,0,0.131,4132039
1789154990,5,0,0.346,4132039
1789154990,0,0,0.012,4132039
1789154990,0,0,0.01,4132039
1789154990,1,0,0.001,4132039
1789154991,6,0,0.011,4132039
1789154994,5,0,3.871,4132039
1789154995,5,0,0.487,4132039
1789154995,3,0,0.064,4132039
1789154995,3,0,0.04,4132039
1789154995,3,0,0.004,4132039
1789154995,6,0,0.006,4132039
1789154995,2,0,0.32,4132039
1789154995,6,0,0.008,4132039
1789154995,6,0,0.005,4132039
1789154995,0,0,0.005,4132039
1789154999,5,0,3.864,4132039
1789154999,2,0,0.003,4132039
1789154999,3,0,0.064,4132039
1789155000,4,0,0.45,4132039
1789155001,4,0,0.895,4132039
1789155001,3,0,0.073,4132039
1789155001,0,0,0.007,4132039
1789155001,4,0,0.722,4132039
1789155002,2,0,0.53,4132039
1789155002,2,0,0.001,4132039
1789155002,1,0,0.001,4132039
1789155002,1,0,0.001,4132039
1789155002,3,0,0.003,4132039
1789155002,2,0,0.001,4132039
1789155002,2,0,0.001,4132039
1789155002,0,0,0.004,4132039
1789155002,3,0,0.003,4132039
1789155002,3,0,0.018,4132039
1789155002,2,0,0.002,4132039
1789155002,0,0,0.009,4132039
1789155002,0,0,0.011,4132039
1789155002,5,0,0.395,4132039
1789155003,3,0,0.124,4132039
1789155003,2,0,0.003,4132039
1789155003,3,0,0.049,4132039
1789155007,7,0,4.03,4132039
1789155007,3,0,0.052,4132039
1789155008,4,0,1.111,4132039
1789155008,4,0,0.54,4132039
1789155008,3,0,0.059,4132039
1789155008,3,0,0.075,4132039
1789155008,1,0,0.002,4132039
1789155009,4,0,0.334,4132039
1789155009,6,0,0.007,4132039
1789155009,4,0,0.609,4132039
1789155009,3,0,0.062,4132039
1789155009,6,0,0.004,4132039
1789155009,3,0,0.057,4132039
1789155010,2,0,0.004,4132039
1789155010,2,0,0.793,4132039
1789155010,2,0,0.003,4132039
1789155011,4,0,0.997,4132039
1789155016,7,0,4.71,4132039
1789155016,3,0,0.062,4132039
1789155017,4,0,0.931,4132039
1789155018,4,0,0.691,4132039
1789155022,5,0,4.363,4132039
1789155022,0,0,0.005,4132039
1789155022,3,0,0.006,4132039
1789155022,2,0,0.002,4132039
1789155023,4,0,0.549,4132039
1789155023,2,0,0.001,4132039
1789155023,2,0,0.879,4132039
1789155024,3,0,0.074,4132039
1789155024,2,0,0.559,4132039
1789155024,1,0,0.003,4132039
1789155029,5,0,4.583,4132039
1789155029,2,0,0.423,4132039
1789155029,3,0,0.088,4132039
1789155029,0,0,0.003,4132039
1789155029,5,0,0.109,4132039
1789155030,4,0,0.208,4132039
1789155030,5,0,0.184,4132039
1789155030,2,0,0.284,4132039
1789155030,2,0,0.001,4132039
1789155030,2,0,0.002,4132039
1789155030,1,0,0.001,4132039
1789155030,3,0,0.006,4132039
1789155030,3,0,0.064,4132039
1789155031,4,0,0.421,4132039
1789155031,4,0,0.349,4132039
1789155031,0,0,0.007,4132039
1789155031,3,0,0.037,4132039
1789155031,3,0,0.033,4132039
1789155032,4,0,0.812,4132039
1789155032,0,0,0.002,4132039
1789155033,5,0,0.827,4132039
1789155033,4,0,0.838,4132039
1789155033,0,0,0.007,4132039
1789155035,4,0,1.193,4132039
1789155035,4,0,0.775,4132039
1789155036,4,0,0.226,4132039
1789155036,6,0,0.004,4132039
1789155036,0,0,0.005,4132039
1789155036,0,0,0.002,4132039
1789155037,4,0,0.949,4132039
1789155037,0,0,0.004,4132039
1789155037,2,0,0.002,4132039
1789155037,6,0,0.007,4132039
1789155037,4,0,0.736,4132039
1789155039,4,0,1.243,4132039
1789155039,2,0,0.001,4132039
1789155039,2,0,0.502,4132039
1789155039,0,0,0.005,4132039
1789155040,4,0,0.513,4132039
1789155040,0,0,0.061,4132039
1789155040,6,0,0.014,4132039
1789155041,4,0,1.073,4132039
1789155041,2,0,0.001,4132039
1789155041,2,0,0.357,4132039
1789155043,4,0,1.541,4132039
1789155043,4,0,0.391,4132039
1789155044,4,0,0.65,4132039
1789155046,4,0,1.985,4132039
1789155046,0,0,0.003,4132039
1789155046,2,0,0.481,4132039
1789155046,4,0,0.259,4132039
1789155047,5,0,0.741,4132039
1789155047,3,0,0.03,4132039
1789155047,3,0,0.075,4132039
1789155047,0,0,0.015,4132039
1789155047,6,1,0.005,4132039
1789155047,5,0,0.122,4132039
1789155048,2,0,0.723,4132039
1789155048,3,0,0.004,4132039
1789155049,4,0,0.705,4132039
1789155049,6,0,0.008,4132039
1789155051,2,0,1.96,4132039
1789155051,6,0,0.006,4132039
1789155053,2,0,2.358,4132039
1789155053,3,0,0.131,4132039
1789155053,1,0,0.001,4132039
1789155053,3,0,0.017,4132039
1789155053,3,0,0.012,4132039
1789155054,2,0,0.55,4132039
1789155056,4,0,1.703,4132039
1789155056,0,0,0.003,4132039
1789155056,1,0,0.001,4132039
1789155056,3,0,0.076,4132039
1789155056,6,0,0.005,4132039
1789155056,5,0,0.431,4132039
1789155057,4,0,0.46,4132039
1789155057,2,0,0.008,4132039
1789155058,4,0,1.448,4132039
1789155058,3,0,0.194,4132039
1789155058,3,0,0.016,4132039
1789155058,0,0,0.012,4132039
1789155058,3,0,0.1,4132039
1789155059,4,0,0.486,4132039
1789155064,7,0,5.108,4132039
1789155065,2,0,0.789,4132039
1789155065,4,0,0.287,4132039
1789155065,2,0,0.249,4132039
1789155065,6,0,0.005,4132039
1789155066,4,0,0.298,4132039
1789155066,4,0,0.654,4132039
1789155066,0,0,0.004,4132039
1789155066,0,0,0.009,4132039
1789155066,2,0,0.007,4132039
1789155066,0,0,0.007,4132039
1789155066,6,0,0.008,4132039
1789155067,2,0,0.988,4132039
1789155067,0,0,0.004,4132039
1789155067,6,0,0.009,4132039
1789155067,6,0,0.009,4132039
1789155067,0,0,0.004,4132039
1789155068,2,0,0.366,4132039
1789155068,2,0,0.002,4132039
1789155068,3,0,0.042,4132039
1789155068,3,0,0.008,4132039
1789155068,2,0,0.555,4132039
1789155068,3,0,0.068,4132039
1789155068,3,0,0.029,4132039
1789155068,0,0,0.003,4132039
1789155068,3,0,0.005,4132039
1789155068,6,0,0.006,4132039
1789155068,3,0,0.042,4132039
1789155068,0,0,0.003,4132039
1789155074,7,0,5.455,4132039
1789155076,4,0,2.045,4132039
1789155076,4,0,0.344,4132039
1789155076,0,0,0.007,4132039
1789155076,5,0,0.101,4132039
1789155076,6,0,0.008,4132039
1789155077,4,0,0.777,4132039
1789155077,0,0,0.017,4132039
1789155077,0,0,0.016,4132039
1789155077,0,0,0.019,4132039
1789155078,4,0,0.634,4132039
1789155078,6,0,0.003,4132039
1789155078,4,0,0.388,4132039
1789155078,3,0,0.004,4132039
1789155078,3,0,0.039,4132039
1789155079,4,0,0.54,4132039
1789155079,1,0,0.001,4132039
1789155079,3,0,0.004,4132039
1789155079,5,0,0.215,4132039
1789155079,0,0,0.004,4132039
1789155079,6,0,0.02,4132039
1789155079,0,0,0.007,4132039
1789155080,2,0,0.568,4132039
1789155080,4,0,0.611,4132039
1789155081,4,0,0.438,4132039
1789155081,3,0,0.074,4132039
1789155081,0,0,0.019,4132039
1789155081,4,0,0.505,4132039
1789155081,0,0,0.006,4132039
1789155082,4,0,1.225,4132039
1789155083,4,0,0.541,4132039
1789155084,5,0,0.653,4132039
1789155084,0,0,0.004,4132039
1789155084,4,0,0.278,4132039
1789155084,3,0,0.014,4132039
1789155084,5,0,0.475,4132039
1789155084,0,0,0.008,4132039
1789155084,6,0,0.008,4132039
1789155085,4,0,0.451,4132039
1789155085,0,0,0.005,4132039
1789155088,7,0,3.275,4132039
1789155089,4,0,0.53,4132039
1789155089,0,0,0.006,4132039
1789155089,3,0,0.039,4132039
1789155089,6,0,0.011,4132039
1789155089,6,0,0.012,4132039
1789155089,6,0,0.006,4132039
1789155089,4,0,0.366,4132039
1789155089,3,0,0.023,4132039
1789155089,3,0,0.096,4132039
1789155089,6,0,0.004,4132039
1789155089,0,0,0.017,4132039
1789155090,4,0,0.767,4132039
1789155091,2,0,0.801,4132039
1789155091,4,0,0.331,4132039
1789155096,5,0,4.368,4132039
1789155096,0,0,0.004,4132039
1789155096,6,0,0.005,4132039
1789155096,3,0,0.052,4132039
1789155096,6,0,0.004,4132039
1789155099,5,0,3.711,4132039
1789155099,1,0,0.002,4132039
1789155100,4,0,0.73,4132039
1789155100,2,0,0.001,4132039
1789155101,4,0,0.546,4132039
1789155101,5,0,0.122,4132039
1789155101,4,0,0.579,4132039
1789155101,1,0,0.001,4132039
1789155101,3,0,0.055,4132039
1789155102,4,0,0.85,4132039
1789155103,2,0,0.701,4132039
1789155103,0,0,0.011,4132039
1789155103,4,0,0.511,4132039
1789155104,4,0,0.547,4132039
1789155104,0,0,0.013,4132039
1789155105,4,0,0.634,4132039
1789155105,4,0,0.416,4132039
1789155107,2,0,1.538,4132039
1789155110,5,0,3.114,4132039
1789155110,3,0,0.006,4132039
1789155110,3,0,0.055,4132039
1789155110,0,0,0.014,4132039
1789155110,2,0,0.003,4132039
1789155110,3,0,0.031,4132039
1789155110,4,0,0.443,4132039
1789155111,4,0,0.926,4132039
1789155111,2,0,0.001,4132039
1789155112,2,0,0.485,4132039
1789155112,3,0,0.049,4132039
1789155113,4,0,0.778,4132039
1789155113,0,0,0.007,4132039
1789155113,6,0,0.005,4132039
1789155113,5,0,0.135,4132039
1789155117,5,0,4.656,4132039
1789155117,6,0,0.007,4132039
1789155117,3,0,0.041,4132039
1789155117,6,0,0.006,4132039
1789155117,3,0,0.036,4132039
1789155117,2,0,0.002,4132039
1789155117,6,0,0.009,4132039
1789155118,5,0,0.166,4132039
1789155118,3,0,0.139,4132039
1789155118,3,0,0.162,4132039
1789155118,5,0,0.437,4132039
1789155119,2,0,0.908,4132039
1789155119,0,0,0.006,4132039
1789155119,1,0,0.001,4132039
1789155119,3,0,0.154,4132039
1789155119,0,0,0.025,4132039
1789155121,4,0,1.89,4132039
1789155121,3,0,0.061,4132039
1789155121,6,0,0.01,4132039
1789155121,2,0,0.001,4132039
1789155122,4,0,0.4,4132039
1789155123,4,0,1.513,4132039
1789155123,5,0,0.101,4132039
1789155123,3,0,0.03,4132039
1789155123,6,0,0.006,4132039
1789155123,6,0,0.006,4132039
1789155123,0,0,0.004,4132039
1789155123,0,0,0.009,4132039
1789155124,4,0,0.424,4132039
1789155124,2,0,0.002,4132039
1789155125,4,0,0.675,4132039
1789155125,4,0,0.534,4132039
1789155125,2,0,0.001,4132039
1789155126,4,0,0.603,4132039
1789155126,4,0,0.441,4132039
1789155126,0,0,0.006,4132039
1789155126,6,0,0.004,4132039
1789155131,5,0,4.763,4132039
1789155131,5,0,0.112,4132039
1789155131,0,0,0.005,4132039
1789155131,0,0,0.004,4132039
1789155131,3,0,0.252,4132039
1789155132,2,0,0.404,4132039
1789155132,6,0,0.005,4132039
1789155132,3,0,0.132,4132039
1789155132,2,0,0.002,4132039
1789155132,3,0,0.054,4132039
1789155132,3,0,0.045,4132039
1789155132,0,0,0.025,4132039
1789155132,3,0,0.012,4132039
1789155132,2,0,0.001,4132039
1789155133,2,0,1.128,4132039
1789155133,1,0,0.001,4132039
1789155133,3,0,0.069,4132039
1789155133,6,0,0.046,4132039
1789155133,3,0,0.123,4132039
1789155134,2,0,0.465,4132039
1789155135,4,0,0.978,4132039
1789155135,4,0,0.576,4132039
1789155135,6,0,0.006,4132039
1789155135,2,0,0.001,4132039
1789155135,6,0,0.01,4132039
1789155135,3,0,0.095,4132039
1789155140,5,0,4.378,4132039
1789155140,2,0,0.46,4132039
1789155140,2,0,0.001,4132039
1789155140,0,0,0.018,4132039
1789155141,5,0,0.238,4132039
1789155141,6,0,0.009,4132039
1789155144,5,0,3.73,4132039
1789155144,3,0,0.025,4132039
1789155144,0,0,0.003,4132039
1789155145,4,0,0.435,4132039
1789155149,7,0,4.09,4132039
1789155149,2,0,0.001,4132039
1789155149,6,0,0.005,4132039
1789155150,2,0,0.659,4132039
1789155150,5,0,0.146,4132039
1789155150,4,0,0.417,4132039
1789155150,3,0,0.008,4132039
1789155150,0,0,0.005,4132039
1789155150,0,0,0.008,4132039
1789155151,4,0,0.544,4132039
1789155153,2,0,1.871,4132039
1789155153,6,0,0.01,4132039
1789155153,3,0,0.006,4132039
1789155153,5,0,0.709,4132039
1789155154,4,0,0.587,4132039
1789155154,3,0,0.004,4132039
1789155154,0,0,0.005,4132039
1789155154,0,0,0.008,4132039
1789155154,2,0,0.002,4132039
1789155157,5,0,3.59,4132039
1789155158,4,0,0.884,4132039
1789155159,4,0,0.352,4132039
1789155159,5,0,0.119,4132039
1789155159,1,0,0.002,4132039
1789155159,3,0,0.113,4132039
1789155159,6,0,0.018,4132039
1789155160,4,0,0.932,4132039
1789155160,6,0,0.006,4132039
1789155160,2,0,0.001,4132039
1789155160,0,0,0.005,4132039
1789155160,6,0,0.008,4132039
1789155160,3,0,0.008,4132039
1789155160,0,0,0.009,4132039
1789155160,6,0,0.006,4132039
1789155160,6,0,0.005,4132039
1789155160,1,0,0.001,4132039
1789155161,4,0,0.908,4132039
1789155161,4,0,0.484,4132039
1789155161,3,0,0.005,4132039
1789155161,3,0,0.095,4132039
1789155161,6,0,0.008,4132039
1789155161,3,0,0.01,4132039
1789155162,2,0,0.462,4132039
1789155162,2,0,0.001,4132039
1789155162,6,0,0.007,4132039
1789155162,3,0,0.005,4132039
1789155162,0,0,0.004,4132039
1789155162,3,0,0.038,4132039
1789155162,3,0,0.151,4132039
1789155162,3,0,0.059,4132039
1789155162,1,0,0.001,4132039
1789155163,4,0,0.932,4132039
1789155163,5,0,0.113,4132039
1789155163,5,0,0.112,4132039
1789155164,4,0,0.654,4132039
1789155167,5,0,3.238,4132039
1789155168,4,0,1.052,4132039
1789155169,4,0,0.525,4132039
1789155169,3,0,0.077,4132039
1789155169,3,0,0.035,4132039
1789155170,2,0,0.722,4132039
1789155170,5,0,0.159,4132039
1789155171,2,0,1.475,4132039
1789155175,7,0,3.904,4132039
1789155175,3,0,0.066,4132039
1789155175,2,0,0.003,4132039
1789155175,0,0,0.005,4132039
1789155180,5,0,4.916,4132039
1789155180,0,0,0.006,4132039
1789155181,5,0,0.896,4132039
1789155182,4,0,0.989,4132039
1789155182,6,0,0.006,4132039
1789155182,4,0,0.395,4132039
1789155182,3,0,0.065,4132039
1789155182,2,0,0.002,4132039
1789155183,2,0,0.763,4132039
1789155183,3,0,0.009,4132039
1789155183,3,0,0.005,4132039
1789155184,4,0,0.504,4132039
1789155188,5,0,3.812,4132039
1789155188,2,0,0.522,4132039
1789155188,4,0,0.373,4132039
1789155189,4,0,0.301,4132039
1789155192,5,0,3.719,4132039
1789155193,3,0,0.101,4132039
1789155193,0,0,0.008,4132039
1789155193,4,0,0.479,4132039
1789155193,4,0,0.393,4132039
1789155193,3,0,0.013,4132039
1789155193,1,0,0.001,4132039
1789155194,4,0,0.324,4132039
1789155194,3,0,0.044,4132039
1789155194,4,0,0.457,4132039
1789155194,5,0,0.15,4132039
1789155195,5,0,0.098,4132039
1789155195,4,0,0.588,4132039
1789155195,0,0,0.009,4132039
1789155195,3,0,0.312,4132039
1789155195,0,0,0.009,4132039
1789155196,6,0,0.02,4132039
1789155196,4,0,0.654,4132039
1789155196,5,0,0.262,4132039
1789155196,3,0,0.051,4132039
1789155201,5,0,4.893,4132039
1789155201,0,0,0.005,4132039
1789155202,2,0,0.655,4132039
1789155202,1,0,0.001,4132039
1789155203,4,0,0.483,4132039
1789155203,5,0,0.102,4132039
1789155203,0,0,0.004,4132039
1789155203,4,0,0.709,4132039
1789155204,5,0,0.19,4132039
1789155205,2,0,1.018,4132039
1789155205,3,0,0.141,4132039
1789155205,4,0,0.605,4132039
1789155205,5,0,0.139,4132039
1789155205,6,0,0.005,4132039
1789155206,3,0,0.114,4132039
1789155206,6,0,0.009,4132039
1789155206,6,0,0.007,4132039
1789155206,3,0,0.088,4132039
1789155206,5,0,0.311,4132039
1789155206,0,0,0.021,4132039
1789155206,3,0,0.055,4132039
1789155206,6,0,0.005,4132039
1789155206,1,0,0.002,4132039
1789155206,6,0,0.013,4132039
1789155206,3,0,0.108,4132039
1789155206,2,0,0.322,4132039
1789155206,0,0,0.007,4132039
1789155206,1,0,0.002,4132039
1789155207,0,0,0.013,4132039
1789155207,1,0,0.001,4132039
1789155207,0,0,0.011,4132039
1789155207,4,0,0.796,4132039
1789155207,0,0,0.036,4132039
1789155208,2,0,0.492,4132039
1789155208,6,0,0.023,4132039
1789155208,7,0,0.146,4132039
1789155209,4,0,0.548,4132039
1789155209,3,0,0.001,4132039
1789155209,4,0,0.386,4132039
1789155209,3,0,0.022,4132039
1789155209,0,0,0.004,4132039
1789155209,6,0,0.03,4132039
1789155209,3,0,0.331,4132039
1789155209,3,0,0.122,4132039
1789155209,3,0,0.038,4132039
1789155210,3,0,0.141,4132039
1789155210,2,0,0.715,4132039
1789155211,4,0,0.245,4132039
1789155211,2,0,0.846,4132039
1789155212,3,0,0.072,4132039
1789155212,2,0,0.001,4132039
1789155212,2,0,0.002,4132039
1789155212,0,0,0.002,4132039
1789155212,0,0,0.012,4132039
1789155212,5,0,0.141,4132039
1789155212,3,0,0.046,4132039
1789155212,2,0,0.477,4132039
1789155212,6,0,0.026,4132039
1789155212,4,0,0.213,4132039
1789155212,2,0,0.002,4132039
1789155213,2,0,0.37,4132039
1789155213,0,0,0.006,4132039
1789155213,3,0,0.016,4132039
1789155213,1,0,0.001,4132039
1789155214,4,0,1.152,4132039
1789155214,3,0,0.147,4132039
1789155214,3,0,0.103,4132039
1789155215,2,0,0.708,4132039
1789155215,3,0,0.018,4132039
1789155215,0,0,0.01,4132039
1789155215,6,0,0.004,4132039
1789155215,6,0,0.007,4132039
1789155215,5,0,0.147,4132039
1789155215,3,0,0.005,4132039
1789155215,0,0,0.007,4132039
1789155216,4,0,0.935,4132039
1789155216,3,0,0.009,4132039
1789155216,1,0,0.001,4132039
1789155216,0,0,0.066,4132039
1789155217,5,0,0.777,4132039
1789155217,2,0,0.352,4132039
1789155217,3,0,0.007,4132039
1789155217,0,0,0.003,4132039
1789155217,1,0,0.001,4132039
1789155217,6,0,0.004,4132039
1789155217,6,0,0.005,4132039
1789155218,4,0,0.598,4132039
1789155218,2,0,0.004,4132039
1789155219,4,0,1.127,4132039
1789155220,4,0,0.714,4132039
1789155220,1,0,0.001,4132039
1789155222,5,0,1.93,4132039
1789155222,4,0,0.524,4132039
1789155222,6,0,0.006,4132039
1789155223,5,0,0.655,4132039
1789155224,4,0,1.101,4132039
1789155225,2,0,0.85,4132039
1789155225,3,0,0.007,4132039
1789155226,4,0,1.093,4132039
1789155226,4,0,0.546,4132039
1789155226,1,0,0.001,4132039
1789155228,2,0,1.306,4132039
1789155228,4,0,0.375,4132039
1789155228,3,0,0.006,4132039
1789155229,2,0,0.506,4132039
1789155229,1,0,0.002,4132039
1789155229,4,0,0.555,4132039
1789155229,0,0,0.013,4132039
1789155230,4,0,0.589,4132039
1789155230,3,0,0.008,4132039
1789155230,3,0,0.004,4132039
1789155231,4,0,0.926,4132039
1789155231,1,0,0.001,4132039
1789155231,2,0,0.389,4132039
1789155231,0,0,0.015,4132039
1789155231,1,0,0.001,4132039
1789155232,4,0,0.341,4132039
1789155232,2,0,0.287,4132039
1789155232,3,0,0.104,4132039
1789155232,3,0,0.102,4132039
1789155232,7,0,0.17,4132039
1789155232,3,0,0.098,4132039
1789155232,2,0,0.001,4132039
1789155232,2,0,0.009,4132039
1789155233,4,0,0.502,4132039
1789155233,4,0,0.537,4132039
1789155234,2,0,0.754,4132039
1789155235,4,0,1.406,4132039
1789155236,3,0,0.191,4132039
1789155241,5,0,5.087,4132039
1789155241,6,0,0.006,4132039
1789155241,4,0,0.562,4132039
1789155241,1,0,0.001,4132039
1789155242,4,0,0.898,4132039
1789155247,7,0,4.603,4132039
1789155247,0,0,0.006,4132039
1789155247,6,0,0.007,4132039
1789155247,6,0,0.008,4132039
1789155251,5,0,3.739,4132039
1789155251,0,0,0.005,4132039
1789155251,6,0,0.017,4132039
1789155251,4,0,0.709,4132039
1789155255,5,0,4.053,4132039
1789155256,4,0,0.776,4132039
1789155256,0,0,0.004,4132039
1789155256,5,0,0.13,4132039
1789155257,4,0,0.521,4132039
1789155257,2,0,0.002,4132039
1789155257,3,0,0.008,4132039
1789155257,0,0,0.005,4132039
1789155257,3,0,0.004,4132039
1789155258,4,0,1.193,4132039
1789155258,3,0,0.022,4132039
1789155259,7,0,1.105,4132039
1789155259,2,0,0.004,4132039
1789155260,4,0,0.545,4132039
1789155260,2,0,0.483,4132039
1789155260,6,0,0.007,4132039
1789155261,4,0,0.512,4132039
1789155261,1,0,0.001,4132039
1789155261,5,0,0.454,4132039
1789155261,3,0,0.107,4132039
1789155261,0,0,0.018,4132039
1789155261,0,0,0.007,4132039
1789155261,0,0,0.003,4132039
1789155261,1,0,0.001,4132039
1789155261,3,0,0.061,4132039
1789155261,6,0,0.008,4132039
1789155262,4,0,0.517,4132039
1789155262,0,0,0.006,4132039
1789155262,0,0,0.018,4132039
1789155262,1,0,0.002,4132039
1789155262,6,0,0.008,4132039
1789155266,5,0,4.122,4132039
1789155266,0,0,0.007,4132039
1789155266,4,0,0.021,4132039
1789155266,6,0,0.006,4132039
1789155266,2,0,0.011,4132039
1789155266,3,0,0.028,4132039
1789155266,3,0,0.04,4132039
1789155266,5,0,0.164,4132039
1789155267,4,0,0.265,4132039
1789155267,2,0,0.004,4132039
1789155267,0,0,0.003,4132039
1789155267,4,0,0.38,4132039
1789155267,3,0,0.048,4132039
1789155267,4,0,0.321,4132039
1789155269,4,0,1.513,4132039
1789155269,3,0,0.002,4132039
1789155269,3,0,0.005,4132039
1789155269,2,0,0.003,4132039
1789155271,4,0,2.086,4132039
1789155271,0,0,0.014,4132039
1789155271,2,0,0.431,4132039
1789155271,3,0,0.004,4132039
1789155273,4,0,1.472,4132039
1789155273,0,0,0.005,4132039
1789155273,0,0,0.017,4132039
1789155273,2,0,0.007,4132039
1789155273,0,0,0.017,4132039
1789155273,3,0,0.043,4132039
1789155273,2,0,0.002,4132039
1789155273,4,0,0.294,4132039
1789155273,6,0,0.023,4132039
1789155274,4,0,0.61,4132039
1789155274,6,0,0.009,4132039
1789155274,2,0,0.001,4132039
1789155275,4,0,0.664,4132039
1789155275,0,0,0.004,4132039
1789155279,7,0,4.882,4132039
1789155279,1,0,0.002,4132039
1789155279,1,0,0.001,4132039
1789155280,4,0,0.485,4132039
1789155280,2,0,0.001,4132039
1789155281,4,0,0.844,4132039
1789155281,3,0,0.031,4132039
1789155281,2,0,0.002,4132039
1789155281,3,0,0.005,4132039
1789155281,7,0,0.187,4132039
1789155281,4,0,0.263,4132039
1789155282,2,0,1.142,4132039
1789155283,4,0,0.45,4132039
1789155283,4,0,0.569,4132039
1789155284,4,0,0.526,4132039
1789155284,0,0,0.007,4132039
1789155284,2,0,0.265,4132039
1789155284,4,0,0.221,4132039
1789155284,6,0,0.008,4132039
1789155284,2,0,0.004,4132039
1789155286,2,0,1.71,4132039
1789155287,4,0,0.744,4132039
1789155287,3,0,0.009,4132039
1789155287,0,0,0.003,4132039
1789155287,3,0,0.091,4132039
1789155287,2,0,0.002,4132039
1789155287,0,0,0.012,4132039
1789155287,2,0,0.451,4132039
1789155287,0,0,0.007,4132039
1789155288,4,0,0.1,4132039
1789155288,0,0,0.002,4132039
1789155288,0,0,0.008,4132039
1789155288,3,0,0.034,4132039
1789155288,3,0,0.056,4132039
1789155288,0,0,0.006,4132039
1789155288,6,0,0.023,4132039
1789155288,3,0,0.179,4132039
1789155289,5,0,1.162,4132039
1789155289,3,0,0.06,4132039
1789155289,3,0,0.01,4132039
1789155289,0,0,0.009,4132039
1789155289,2,0,0.005,4132039
1789155289,3,0,0.081,4132039
1789155289,6,0,0.005,4132039
1789155289,0,0,0.006,4132039
1789155289,0,0,0.017,4132039
1789155289,0,0,0.005,4132039
1789155291,5,0,1.654,4132039
1789155291,2,0,0.002,4132039
1789155291,3,0,0.002,4132039
1789155291,4,0,0.392,4132039
1789155291,0,0,0.013,4132039
1789155291,0,0,0.005,4132039
1789155292,4,0,0.534,4132039
1789155292,4,0,0.568,4132039
1789155292,0,0,0.007,4132039
1789155293,2,0,0.185,4132039
1789155294,5,0,1.421,4132039
1789155294,0,0,0.003,4132039
1789155294,4,0,0.426,4132039
1789155294,6,0,0.008,4132039
1789155295,4,0,0.377,4132039
1789155296,7,0,0.744,4132039
1789155296,1,0,0.001,4132039
1789155298,4,0,2.427,4132039
1789155298,3,0,0.003,4132039
1789155298,6,0,0.006,4132039
1789155299,4,0,1.263,4132039
1789155299,6,0,0.005,4132039
1789155299,6,0,0.008,4132039
1789155300,2,0,0.521,4132039
1789155300,4,0,0.305,4132039
1789155300,1,0,0.001,4132039
1789155300,2,0,0.003,4132039
1789155300,2,0,0.002,4132039
1789155300,2,0,0.002,4132039
1789155300,6,0,0.01,4132039
1789155300,3,0,0.003,4132039
1789155301,4,0,0.487,4132039
1789155301,0,0,0.005,4132039
1789155301,6,0,0.015,4132039
1789155301,4,0,0.549,4132039
1789155301,2,0,0.185,4132039
1789155301,0,0,0.006,4132039
1789155301,3,0,0.007,4132039
1789155302,4,0,0.829,4132039
1789155302,0,0,0.023,4132039
1789155302,4,0,0.205,4132039
1789155302,3,0,0.014,4132039
1789155302,3,0,0.007,4132039
1789155302,2,0,0.002,4132039
1789155302,0,0,0.009,4132039
1789155302,1,0,0.001,4132039
1789155303,3,0,0.068,4132039
1789155303,3,0,0.011,4132039
1789155303,4,0,0.857,4132039
1789155306,2,0,2.136,4132039
1789155306,4,0,0.564,4132039
1789155306,4,0,0.273,4132039
1789155306,3,0,0.047,4132039
1789155306,0,0,0.014,4132039
1789155308,5,0,1.22,4132039
1789155308,0,0,0.006,4132039
1789155308,3,0,0.132,4132039
1789155308,3,0,0.125,4132039
1789155308,3,0,0.028,4132039
1789155308,0,0,0.009,4132039
1789155309,4,0,0.652,4132039
1789155310,2,0,1.275,4132039
1789155310,5,0,0.317,4132039
1789155310,4,0,0.256,4132039
1789155311,3,0,0.107,4132039
1789155311,3,0,0.093,4132039
1789155313,4,0,2.109,4132039
1789155313,5,0,0.213,4132039
1789155314,4,0,0.694,4132039
1789155314,3,0,0.062,4132039
1789155314,7,0,0.362,4132039
1789155314,0,0,0.018,4132039
1789155314,3,0,0.146,4132039
1789155314,2,0,0.002,4132039
1789155314,0,0,0.01,4132039
1789155315,2,0,0.55,4132039
1789155315,1,0,0.001,4132039
1789155315,2,0,0.597,4132039
1789155316,5,0,0.577,4132039
1789155316,1,0,0.002,4132039
1789155316,1,0,0.002,4132039
1789155316,0,0,0.013,4132039
1789155317,4,0,0.609,4132039
1789155317,0,0,0.007,4132039
1789155317,6,0,0.032,4132039
1789155317,4,0,0.414,4132039
1789155317,1,0,0.002,4132039
1789155317,3,0,0.018,4132039
1789155317,6,0,0.005,4132039
1789155317,3,0,0.105,4132039
1789155317,2,0,0.003,4132039
1789155317,0,0,0.003,4132039
1789155321,4,0,3.666,4132039
1789155321,5,0,0.106,4132039
1789155321,2,0,0.002,4132039
1789155323,4,0,2.083,4132039
1789155323,6,0,0.007,4132039
1789155323,5,0,0.112,4132039
1789155323,6,0,0.011,4132039
1789155326,5,0,2.9,4132039
1789155326,4,0,0.189,4132039
1789155326,5,0,0.111,4132039
1789155327,5,0,0.368,4132039
1789155327,0,0,0.012,4132039
1789155327,3,0,0.128,4132039
1789155327,3,0,0.067,4132039
1789155327,3,0,0.025,4132039
1789155328,4,0,1.295,4132039
1789155328,0,0,0.003,4132039
1789155328,3,0,0.015,4132039
1789155328,0,0,0.004,4132039
1789155328,1,0,0.002,4132039
1789155329,2,0,0.434,4132039
1789155329,3,0,0.004,4132039
1789155329,0,0,0.011,4132039
1789155329,0,0,0.011,4132039
1789155329,0,0,0.007,4132039
1789155330,4,0,1.19,4132039
1789155330,3,0,0.022,4132039
1789155330,5,0,0.403,4132039
1789155331,3,0,0.086,4132039
1789155331,6,0,0.011,4132039
1789155331,3,0,0.005,4132039
1789155331,2,0,0.47,4132039
1789155331,0,0,0.004,4132039
1789155335,5,0,4.239,4132039
1789155335,2,0,0.002,4132039
1789155336,4,0,0.31,4132039
1789155336,6,0,0.008,4132039
1789155336,1,0,0.001,4132039
1789155336,3,0,0.06,4132039
1789155336,3,0,0.056,4132039
1789155336,3,0,0.102,4132039
1789155336,7,0,0.221,4132039
1789155336,3,0,0.004,4132039
1789155336,3,0,0.061,4132039
1789155336,3,0,0.046,4132039
1789155337,4,0,1.21,4132039
1789155338,4,0,0.435,4132039
1789155338,4,0,0.496,4132039
1789155338,6,0,0.005,4132039
1789155338,1,0,0.001,4132039
1789155339,4,0,0.41,4132039
1789155340,4,0,0.871,4132039
1789155340,4,0,0.887,4132039
1789155344,5,0,3.765,4132039
1789155344,0,0,0.005,4132039
1789155345,2,0,0.852,4132039
1789155345,2,0,0.002,4132039
1789155346,4,0,0.473,4132039
1789155346,6,0,0.007,4132039
1789155346,2,0,0.785,4132039
1789155346,3,0,0.093,4132039
1789155347,7,0,0.272,4132039
1789155347,6,0,0.013,4132039
1789155347,0,0,0.013,4132039
1789155347,5,0,0.301,4132039
1789155347,1,0,0.001,4132039
1789155347,2,0,0.428,4132039
1789155348,0,0,0.051,4132039
1789155348,2,0,0.003,4132039
1789155348,6,0,0.005,4132039
1789155348,6,0,0.008,4132039
1789155348,5,0,0.544,4132039
1789155348,0,0,0.02,4132039
1789155348,1,0,0.001,4132039
1789155348,3,0,0.038,4132039
1789155348,3,0,0.054,4132039
1789155348,3,0,0.087,4132039
1789155348,0,0,0.033,4132039
1789155348,0,0,0.008,4132039
1789155348,3,0,0.177,4132039
1789155350,4,0,1.203,4132039
1789155350,6,0,0.006,4132039
1789155350,0,0,0.015,4132039
1789155350,0,0,0.006,4132039
1789155350,4,0,0.666,4132039
1789155351,5,0,0.85,4132039
1789155352,4,0,0.628,4132039
1789155352,2,0,0.518,4132039
1789155352,6,0,0.004,4132039
1789155352,0,0,0.013,4132039
1789155352,0,0,0.011,4132039
1789155353,2,0,0.588,4132039
1789155353,3,0,0.064,4132039
1789155354,2,0,0.464,4132039
1789155354,2,0,0.002,4132039
1789155354,6,0,0.008,4132039
1789155354,2,0,0.247,4132039
1789155354,2,0,0.639,4132039
1789155355,4,0,0.2,4132039
1789155355,0,0,0.005,4132039
1789155355,3,0,0.229,4132039
1789155355,2,0,0.006,4132039
1789155355,0,0,0.006,4132039
1789155355,0,0,0.009,4132039
1789155355,6,0,0.017,4132039
1789155355,3,0,0.032,4132039
1789155355,3,0,0.004,4132039
1789155355,4,0,0.402,4132039
1789155356,4,0,0.759,4132039
1789155358,4,0,1.632,4132039
1789155358,3,0,0.019,4132039
1789155358,2,0,0.002,4132039
1789155358,3,0,0.029,4132039
1789155358,6,0,0.007,4132039
1789155358,0,0,0.015,4132039
1789155359,4,0,0.762,4132039
1789155359,3,0,0.058,4132039
1789155359,4,0,0.491,4132039
1789155359,3,0,0.03,4132039
1789155359,0,0,0.024,4132039
1789155360,4,0,0.436,4132039
1789155361,4,0,1.205,4132039
1789155361,6,0,0.005,4132039
1789155361,0,0,0.02,4132039
1789155361,4,0,0.665,4132039
1789155361,3,0,0.008,4132039
1789155362,5,0,0.116,4132039
1789155362,4,0,0.24,4132039
1789155363,4,0,0.884,4132039
1789155363,5,0,0.113,4132039
1789155363,6,0,0.008,4132039
1789155363,0,0,0.007,4132039
1789155363,4,0,0.594,4132039
1789155363,2,0,0.002,4132039
1789155363,1,0,0.002,4132039
1789155363,2,0,0.002,4132039
1789155363,0,0,0.017,4132039
1789155364,4,0,0.66,4132039
1789155364,0,0,0.017,4132039
1789155365,4,0,0.778,4132039
1789155365,1,0,0.001,4132039
1789155365,0,0,0.018,4132039
1789155365,7,0,0.157,4132039
1789155365,3,0,0.055,4132039
1789155365,2,0,0.002,4132039
1789155365,2,0,0.002,4132039
1789155367,4,0,1.358,4132039
1789155367,0,0,0.01,4132039
1789155367,4,0,0.462,4132039
1789155367,3,0,0.112,4132039
1789155367,5,0,0.244,4132039
1789155367,6,0,0.007,4132039
1789155367,0,0,0.01,4132039
1789155368,3,0,0.169,4132039
1789155369,4,0,1.1,4132039
1789155369,4,0,0.69,4132039
1789155369,5,0,0.13,4132039
1789155369,2,0,0.002,4132039
1789155369,6,0,0.006,4132039
1789155370,4,0,0.566,4132039
1789155370,4,0,0.295,4132039
1789155370,6,0,0.007,4132039
1789155370,6,0,0.005,4132039
1789155371,5,0,0.826,4132039
1789155372,4,0,0.35,4132039
1789155372,6,0,0.005,4132039
1789155372,0,0,0.011,4132039
1789155372,0,0,0.009,4132039
1789155373,4,0,1.244,4132039
1789155374,2,0,1.155,4132039
1789155374,1,0,0.002,4132039
1789155378,5,0,3.968,4132039
1789155378,STOP,,,4132039
