1789151767,3,0,0.095,4132130
1789151767,3,0,0.004,4132130
1789151767,6,0,0.011,4132130
1789151768,4,0,0.559,4132130
1789151768,2,0,0.398,4132130
1789151769,4,0,0.333,4132130
1789151769,3,0,0.051,4132130
1789151769,3,0,0.052,4132130
1789151769,7,0,0.169,4132130
1789151769,4,0,0.266,4132130
1789151769,3,0,0.005,4132130
1789151769,0,0,0.008,4132130
1789151769,1,0,0.002,4132130
1789151769,1,0,0.001,4132130
1789151769,2,0,0.274,4132130
1789151770,2,0,0.96,4132130
1789151772,2,0,1.162,4132130
1789151772,2,0,0.003,4132130
1789151772,2,0,0.01,4132130
1789151772,3,0,0.051,4132130
1789151772,3,0,0.067,4132130
1789151772,1,0,0.002,4132130
1789151772,4,0,0.393,4132130
1789151772,3,0,0.006,4132130
1789151773,2,0,1.262,4132130
1789151774,2,0,0.356,4132130
1789151774,2,0,0.002,4132130
1789151775,7,0,0.966,4132130
1789151775,0,0,0.009,4132130
1789151775,0,0,0.012,4132130
1789151775,2,0,0.613,4132130
1789151775,6,0,0.013,4132130
1789151775,1,0,0.002,4132130
1789151775,0,0,0.016,4132130
1789151776,2,0,0.508,4132130
1789151776,4,0,0.159,4132130
1789151776,0,0,0.007,4132130
1789151776,0,0,0.009,4132130
1789151776,0,0,0.005,4132130
1789151776,3,0,0.108,4132130
1789151777,7,0,0.606,4132130
1789151777,4,0,0.235,4132130
1789151777,0,0,0.009,4132130
1789151778,5,0,0.981,4132130
1789151778,2,0,0.003,4132130
1789151778,6,0,0.006,4132130
1789151778,3,0,0.06,4132130
1789151778,3,0,0.044,4132130
1789151778,6,0,0.012,4132130
1789151778,3,0,0.009,4132130
1789151778,6,0,0.008,4132130
1789151778,3,0,0.075,4132130
1789151778,0,0,0.005,4132130
1789151778,0,0,0.016,4132130
1789151778,2,0,0.008,4132130
1789151779,2,0,0.522,4132130
1789151779,2,0,0.211,4132130
1789151779,0,0,0.004,4132130
1789151780,4,0,0.615,4132130
1789151780,0,0,0.01,4132130
1789151780,3,0,0.066,4132130
1789151780,1,0,0.002,4132130
1789151780,2,0,0.712,4132130
1789151781,4,0,0.545,4132130
1789151781,0,0,0.009,4132130
1789151781,2,0,0.005,4132130
1789151783,2,0,1.544,4132130
1789151783,0,0,0.011,4132130
1789151783,4,0,0.505,4132130
1789151783,3,0,0.003,4132130
1789151784,4,0,0.675,4132130
1789151785,7,0,1.172,4132130
1789151785,3,0,0.038,4132130
1789151785,2,0,0.419,4132130
1789151785,3,0,0.048,4132130
1789151785,0,0,0.011,4132130
1789151785,1,0,0.003,4132130
1789151785,6,0,0.013,4132130
1789151785,2,0,0.001,4132130
1789151785,6,0,0.014,4132130
1789151785,3,0,0.008,4132130
1789151785,3,0,0.036,4132130
1789151785,0,0,0.008,4132130
1789151786,4,0,0.861,4132130
1789151786,0,0,0.004,4132130
1789151787,4,0,0.694,4132130
1789151787,1,0,0.001,4132130
1789151787,6,0,0.004,4132130
1789151787,3,0,0.005,4132130
1789151787,3,0,0.077,4132130
1789151787,3,0,0.221,4132130
1789151788,4,0,0.574,4132130
1789151788,3,0,0.062,4132130
1789151788,6,0,0.007,4132130
1789151788,2,0,0.006,4132130
1789151789,2,0,0.8,4132130
1789151790,2,0,0.709,4132130
1789151790,6,0,0.006,4132130
1789151790,4,0,0.295,4132130
1789151790,1,0,0.001,4132130
1789151794,5,0,4.18,4132130
1789151794,3,0,0.06,4132130
1789151795,7,0,0.571,4132130
1789151795,5,0,0.209,4132130
1789151795,3,0,0.034,4132130
1789151795,3,0,0.008,4132130
1789151795,1,0,0.001,4132130
1789151795,0,0,0.007,4132130
1789151795,4,0,0.505,4132130
1789151795,2,0,0.001,4132130
1789151795,6,0,0.007,4132130
1789151796,3,0,0.121,4132130
1789151796,4,0,0.475,4132130
1789151796,0,0,0.013,4132130
1789151796,0,0,0.007,4132130
1789151796,6,0,0.005,4132130
1789151796,3,0,0.006,4132130
1789151796,6,0,0.009,4132130
1789151796,0,0,0.004,4132130
1789151796,0,0,0.006,4132130
1789151796,5,0,0.102,4132130
1789151796,3,0,0.004,4132130
1789151796,2,0,0.307,4132130
1789151797,2,0,0.312,4132130
1789151797,3,0,0.031,4132130
1789151797,4,0,0.306,4132130
1789151797,2,0,0.243,4132130
1789151799,4,0,1.782,4132130
1789151799,3,0,0.037,4132130
1789151800,5,0,0.533,4132130
1789151800,3,0,0.002,4132130
1789151800,3,0,0.056,4132130
1789151801,2,0,1.39,4132130
1789151801,0,0,0.006,4132130
1789151801,1,0,0.001,4132130
1789151801,6,0,0.008,4132130
1789151805,5,0,3.739,4132130
1789151805,4,0,0.459,4132130
1789151806,7,0,0.178,4132130
1789151806,2,0,0.662,4132130
1789151807,4,0,0.681,4132130
1789151807,4,0,0.349,4132130
1789151807,0,0,0.015,4132130
1789151807,6,0,0.005,4132130
1789151808,5,0,0.284,4132130
1789151808,7,0,0.423,4132130
1789151808,2,0,0.385,4132130
1789151808,5,0,0.133,4132130
1789151809,3,0,0.125,4132130
1789151809,3,0,0.115,4132130
1789151809,4,0,0.409,4132130
1789151809,2,0,0.003,4132130
1789151809,6,0,0.009,4132130
1789151809,0,0,0.005,4132130
1789151809,1,0,0.001,4132130
1789151809,3,0,0.011,4132130
1789151809,6,0,0.01,4132130
1789151810,2,0,0.491,4132130
1789151810,4,0,0.356,4132130
1789151810,2,0,0.002,4132130
1789151810,3,0,0.035,4132130
1789151810,0,0,0.004,4132130
1789151810,4,0,0.314,4132130
1789151811,4,0,0.589,4132130
1789151816,5,0,4.601,4132130
1789151816,6,0,0.01,4132130
1789151817,5,0,1.037,4132130
1789151817,5,0,0.421,4132130
1789151817,2,0,0.356,4132130
1789151819,4,0,1.32,4132130
1789151819,2,0,0.675,4132130
1789151820,7,0,0.916,4132130
1789151820,3,0,0.004,4132130
1789151820,0,0,0.043,4132130
1789151820,0,0,0.011,4132130
1789151821,2,0,0.282,4132130
1789151821,3,0,0.004,4132130
1789151821,4,0,0.505,4132130
1789151821,0,0,0.014,4132130
1789151821,4,0,0.282,4132130
1789151826,5,0,4.814,4132130
1789151827,4,0,0.352,4132130
1789151827,4,0,0.567,4132130
1789151828,4,0,1.147,4132130
1789151828,0,0,0.004,4132130
1789151828,1,0,0.001,4132130
1789151829,4,0,0.597,4132130
1789151829,4,0,0.459,4132130
1789151829,3,0,0.035,4132130
1789151829,0,0,0.011,4132130
1789151829,0,0,0.009,4132130
1789151830,5,0,0.142,4132130
1789151830,0,0,0.004,4132130
1789151830,0,0,0.006,4132130
1789151830,2,0,0.375,4132130
1789151830,3,0,0.077,4132130
1789151830,3,0,0.055,4132130
1789151830,0,0,0.006,4132130
1789151830,0,0,0.007,4132130
1789151831,4,0,0.59,4132130
1789151831,1,0,0,4132130
1789151831,2,0,0.003,4132130
1789151831,6,0,0.007,4132130
1789151835,5,0,4.371,4132130
1789151835,6,0,0.006,4132130
1789151836,4,0,0.506,4132130
1789151836,4,0,0.554,4132130
1789151836,3,0,0.069,4132130
1789151836,3,0,0.063,4132130
1789151836,1,0,0.001,4132130
1789151837,4,0,1.199,4132130
1789151838,5,0,0.182,4132130
1789151838,3,0,0.077,4132130
1789151838,0,0,0.004,4132130
1789151838,0,0,0.006,4132130
1789151838,3,0,0.142,4132130
1789151839,4,0,0.633,4132130
1789151839,1,0,0.001,4132130
1789151839,3,0,0.049,4132130
1789151839,6,0,0.006,4132130
1789151839,2,0,0.002,4132130
1789151840,4,0,1.538,4132130
1789151840,4,0,0.362,4132130
1789151841,4,0,0.461,4132130
1789151841,1,0,0.001,4132130
1789151841,3,0,0.179,4132130
1789151842,2,0,0.643,4132130
1789151842,2,0,0.002,4132130
1789151842,6,0,0.008,4132130
1789151843,4,0,0.945,4132130
1789151843,0,0,0.005,4132130
1789151843,0,0,0.01,4132130
1789151843,3,0,0.008,4132130
1789151843,0,0,0.009,4132130
1789151843,4,0,0.542,4132130
1789151844,2,0,0.932,4132130
1789151844,3,0,0.06,4132130
1789151844,6,0,0.007,4132130
1789151844,1,0,0.003,4132130
1789151845,4,0,0.344,4132130
1789151845,6,0,0.007,4132130
1789151845,1,0,0.001,4132130
1789151845,2,0,0.3,4132130
1789151845,3,0,0.005,4132130
1789151845,0,0,0.008,4132130
1789151845,3,0,0.045,4132130
1789151846,4,0,0.485,4132130
1789151846,3,0,0.076,4132130
1789151846,0,0,0.009,4132130
1789151846,1,0,0.002,4132130
1789151846,6,0,0.009,4132130
1789151846,1,0,0.001,4132130
1789151846,2,0,0.002,4132130
1789151846,2,0,0.002,4132130
1789151846,5,0,0.645,4132130
1789151848,5,0,2,4132130
1789151848,6,0,0.007,4132130
1789151848,1,0,0,4132130
1789151848,5,0,0.211,4132130
1789151848,2,0,0.002,4132130
1789151849,5,0,0.146,4132130
1789151849,2,0,0.002,4132130
1789151849,6,0,0.006,4132130
1789151849,3,0,0.057,4132130
1789151849,4,0,0.505,4132130
1789151849,6,0,0.004,4132130
1789151849,0,0,0.008,4132130
1789151849,3,0,0.083,4132130
1789151849,3,0,0.146,4132130
1789151850,4,0,0.469,4132130
1789151850,3,0,0.157,4132130
1789151850,0,0,0.006,4132130
1789151850,0,0,0.003,4132130
1789151850,3,0,0.116,4132130
1789151850,1,0,0.001,4132130
1789151850,0,0,0.014,4132130
1789151854,7,0,3.931,4132130
1789151854,0,0,0.005,4132130
1789151855,4,0,0.638,4132130
1789151855,2,0,0.003,4132130
1789151857,4,0,1.843,4132130
1789151857,6,0,0.005,4132130
1789151857,0,0,0.013,4132130
1789151857,3,0,0.134,4132130
1789151857,4,0,0.661,4132130
1789151858,2,0,0.739,4132130
1789151858,3,0,0.012,4132130
1789151858,6,0,0.004,4132130
1789151858,0,0,0.009,4132130
1789151859,4,0,1.122,4132130
1789151859,6,0,0.004,4132130
1789151859,2,0,0.001,4132130
1789151860,5,0,0.463,4132130
1789151863,5,0,3.58,4132130
1789151863,0,0,0.003,4132130
1789151863,2,0,0.001,4132130
1789151864,2,0,0.411,4132130
1789151864,4,0,0.27,4132130
1789151864,3,0,0.022,4132130
1789151865,4,0,0.57,4132130
1789151865,6,0,0.005,4132130
1789151866,4,0,1.197,4132130
1789151866,3,0,0.009,4132130
1789151866,3,0,0.04,4132130
1789151866,3,0,0.12,4132130
1789151866,1,0,0.001,4132130
1789151866,3,0,0.015,4132130
1789151867,4,0,0.804,4132130
1789151867,6,0,0.01,4132130
1789151867,3,0,0.005,4132130
1789151867,0,0,0.014,4132130
1789151868,4,0,1.155,4132130
1789151868,3,0,0.058,4132130
1789151869,4,0,0.722,4132130
1789151873,5,0,3.833,4132130
1789151873,3,0,0.094,4132130
1789151873,4,0,0.499,4132130
1789151874,2,0,0.573,4132130
1789151874,2,0,0.457,4132130
1789151875,2,0,0.564,4132130
1789151875,4,0,0.494,4132130
1789151876,4,0,0.771,4132130
1789151876,4,0,0.353,4132130
1789151877,5,0,0.105,4132130
1789151877,4,0,0.35,4132130
1789151877,6,0,0.007,4132130
1789151877,4,0,0.486,4132130
1789151878,4,0,0.54,4132130
1789151878,0,0,0.01,4132130
1789151878,3,0,0.004,4132130
1789151878,7,0,0.263,4132130
1789151878,3,0,0.095,4132130
1789151878,3,0,0.056,4132130
1789151878,0,0,0.008,4132130
1789151878,2,0,0.002,4132130
1789151879,4,0,0.409,4132130
1789151880,4,0,0.897,4132130
1789151880,6,0,0.007,4132130
1789151881,4,0,0.904,4132130
1789151881,4,0,0.275,4132130
1789151881,0,0,0.005,4132130
1789151881,4,0,0.618,4132130
1789151883,5,0,1.16,4132130
1789151883,0,0,0.003,4132130
1789151883,3,0,0.075,4132130
1789151883,3,0,0.047,4132130
1789151883,6,0,0.009,4132130
1789151883,6,0,0.007,4132130
1789151883,3,0,0.04,4132130
1789151883,2,0,0.513,4132130
1789151883,3,0,0.015,4132130
1789151885,2,0,1.385,4132130
1789151885,0,0,0.005,4132130
1789151885,7,0,0.153,4132130
1789151885,2,0,0.003,4132130
1789151885,2,0,0.002,4132130
1789151885,3,0,0.063,4132130
1789151885,1,0,0.001,4132130
1789151886,5,0,0.56,4132130
1789151886,6,0,0.006,4132130
1789151886,6,0,0.005,4132130
1789151886,0,0,0.012,4132130
1789151886,2,0,0.643,4132130
1789151886,3,0,0.062,4132130
1789151886,3,0,0.076,4132130
1789151887,4,0,0.52,4132130
1789151887,3,0,0.122,4132130
1789151887,3,0,0.035,4132130
1789151887,0,0,0.005,4132130
1789151889,4,0,2.242,4132130
1789151889,3,0,0.069,4132130
1789151889,1,0,0.001,4132130
1789151889,2,0,0.003,4132130
1789151890,4,0,0.297,4132130
1789151891,4,0,0.93,4132130
1789151891,3,0,0.049,4132130
1789151891,2,0,0.001,4132130
1789151891,4,0,0.316,4132130
1789151891,2,0,0.003,4132130
1789151891,3,0,0.024,4132130
1789151891,6,0,0.006,4132130
1789151891,6,0,0.006,4132130
1789151891,1,0,0.001,4132130
1789151891,3,0,0.005,4132130
1789151892,2,0,1.257,4132130
1789151893,4,0,0.502,4132130
1789151893,3,0,0.002,4132130
1789151893,3,0,0.033,4132130
1789151893,4,0,0.341,4132130
1789151893,2,0,0.002,4132130
1789151893,1,0,0.001,4132130
1789151893,3,0,0.073,4132130
1789151894,4,0,0.642,4132130
1789151894,3,0,0.036,4132130
1789151894,3,0,0.045,4132130
1789151895,4,0,0.922,4132130
1789151895,4,0,0.303,4132130
1789151895,3,0,0.008,4132130
1789151895,3,0,0.014,4132130
1789151897,2,0,1.777,4132130
1789151897,0,0,0.006,4132130
1789151898,4,0,0.834,4132130
1789151898,4,0,0.191,4132130
1789151898,0,0,0.009,4132130
1789151898,0,0,0.006,4132130
1789151898,3,0,0.008,4132130
1789151898,3,0,0.01,4132130
1789151899,2,0,0.557,4132130
1789151899,0,0,0.003,4132130
1789151899,2,0,0.756,4132130
1789151899,0,0,0.004,4132130
1789151899,6,0,0.008,4132130
1789151900,4,0,0.72,4132130
1789151900,6,0,0.006,4132130
1789151901,4,0,0.648,4132130
1789151901,5,0,0.465,4132130
1789151905,5,0,3.6,4132130
1789151905,2,0,0.363,4132130
1789151906,4,0,0.861,4132130
1789151906,0,0,0.01,4132130
1789151906,6,0,0.01,4132130
1789151906,6,0,0.004,4132130
1789151907,4,0,0.535,4132130
1789151907,2,0,0.003,4132130
1789151907,6,1,0.003,4132130
1789151907,4,0,0.501,4132130
1789151907,3,0,0.025,4132130
1789151911,5,0,4.344,4132130
1789151912,3,0,0.186,4132130
1789151912,6,0,0.007,4132130
1789151912,7,0,0.534,4132130
1789151912,2,0,0.005,4132130
1789151912,3,0,0.194,4132130
1789151913,2,0,0.548,4132130
1789151913,0,0,0.01,4132130
1789151913,6,0,0.008,4132130
1789151914,5,0,0.773,4132130
1789151914,3,0,0.019,4132130
1789151914,2,0,0.587,4132130
1789151915,4,0,0.25,4132130
1789151915,4,0,0.484,4132130
1789151919,5,0,3.84,4132130
1789151919,0,0,0.006,4132130
1789151919,6,0,0.008,4132130
1789151919,3,0,0.098,4132130
1789151919,4,0,0.429,4132130
1789151920,2,0,0.504,4132130
1789151920,4,0,0.304,4132130
1789151920,6,0,0.005,4132130
1789151924,5,0,3.49,4132130
1789151927,5,0,3.723,4132130
1789151927,0,0,0.004,4132130
1789151928,3,0,0.15,4132130
1789151928,2,0,0.429,4132130
1789151928,1,0,0.002,4132130
1789151928,6,0,0.009,4132130
1789151930,5,0,2.163,4132130
1789151930,3,0,0.071,4132130
1789151931,2,0,0.274,4132130
1789151931,5,0,0.386,4132130
1789151931,3,0,0.088,4132130
1789151932,2,0,0.771,4132130
1789151937,5,0,5.37,4132130
1789151937,0,0,0.003,4132130
1789151937,6,0,0.008,4132130
1789151938,4,0,0.449,4132130
1789151938,4,0,0.582,4132130
1789151938,4,0,0.191,4132130
1789151938,6,0,0.006,4132130
1789151939,5,0,0.86,4132130
1789151939,0,0,0.009,4132130
1789151939,3,0,0.159,4132130
1789151940,2,0,0.753,4132130
1789151940,3,0,0.006,4132130
1789151940,1,0,0.001,4132130
1789151940,3,0,0.026,4132130
1789151941,4,0,1.232,4132130
1789151942,4,0,0.884,4132130
1789151942,0,0,0.008,4132130
1789151942,3,0,0.017,4132130
1789151942,6,0,0.028,4132130
1789151942,0,0,0.02,4132130
1789151944,4,0,1.527,4132130
1789151944,3,0,0.053,4132130
1789151944,0,0,0.018,4132130
1789151944,3,0,0.186,4132130
1789151945,2,0,1.106,4132130
1789151945,0,0,0.006,4132130
1789151945,3,0,0.004,4132130
1789151945,3,0,0.056,4132130
1789151945,2,0,0.004,4132130
1789151945,1,0,0.001,4132130
1789151945,6,0,0.004,4132130
1789151945,2,0,0.002,4132130
1789151945,0,0,0.005,4132130
1789151945,6,0,0.006,4132130
1789151946,4,0,1.041,4132130
1789151946,6,0,0.012,4132130
1789151946,6,0,0.005,4132130
1789151946,0,0,0.005,4132130
1789151946,0,0,0.035,4132130
1789151946,0,0,0.015,4132130
1789151947,4,0,0.59,4132130
1789151948,2,0,0.655,4132130
1789151948,3,0,0.008,4132130
1789151948,1,0,0.001,4132130
1789151948,2,0,0.001,4132130
1789151948,0,0,0.008,4132130
1789151948,0,0,0.006,4132130
1789151948,4,0,0.49,4132130
1789151948,3,0,0.008,4132130
1789151949,4,0,0.802,4132130
1789151949,0,0,0.016,4132130
1789151949,5,0,0.206,4132130
1789151950,4,0,0.312,4132130
1789151950,0,0,0.006,4132130
1789151950,0,0,0.006,4132130
1789151950,5,0,0.646,4132130
1789151950,5,0,0.105,4132130
1789151951,4,0,0.248,4132130
1789151951,4,0,0.407,4132130
1789151951,0,0,0.013,4132130
1789151951,3,0,0.058,4132130
1789151952,4,0,0.814,4132130
1789151952,4,0,0.376,4132130
1789151952,0,0,0.018,4132130
1789151953,4,0,0.781,4132130
1789151953,6,0,0.004,4132130
1789151953,0,0,0.012,4132130
1789151953,2,0,0.001,4132130
1789151953,3,0,0.033,4132130
1789151953,0,0,0.005,4132130
1789151953,2,0,0.368,4132130
1789151954,5,0,0.098,4132130
1789151954,4,0,0.569,4132130
1789151954,3,0,0.059,4132130
1789151954,0,0,0.004,4132130
1789151954,3,0,0.031,4132130
1789151954,5,0,0.2,4132130
1789151954,1,0,0,4132130
1789151954,0,0,0.003,4132130
1789151955,5,0,0.162,4132130
1789151955,3,0,0.063,4132130
1789151955,2,0,0.569,4132130
1789151955,6,0,0.006,4132130
1789151955,3,0,0.04,4132130
1789151955,3,0,0.164,4132130
1789151957,4,0,1.538,4132130
1789151957,0,0,0.011,4132130
1789151958,5,0,1.352,4132130
1789151958,1,0,0.001,4132130
1789151959,5,0,0.355,4132130
1789151959,2,0,0.002,4132130
1789151959,3,0,0.003,4132130
1789151959,0,0,0.012,4132130
1789151959,3,0,0.053,4132130
1789151959,3,0,0.112,4132130
1789151959,0,0,0.025,4132130
1789151959,4,0,0.301,4132130
1789151959,3,0,0.064,4132130
1789151959,0,0,0.01,4132130
1789151959,1,0,0.001,4132130
1789151959,6,0,0.005,4132130
1789151959,0,0,0.005,4132130
1789151959,6,0,0.004,4132130
1789151959,0,0,0.014,4132130
1789151959,3,0,0.046,4132130
1789151960,2,0,0.462,4132130
1789151961,4,0,0.666,4132130
1789151961,1,0,0.001,4132130
1789151961,3,0,0.069,4132130
1789151961,3,0,0.004,4132130
1789151961,4,0,0.703,4132130
1789151961,2,0,0.001,4132130
1789151962,4,0,0.371,4132130
1789151962,0,0,0.004,4132130
1789151962,3,0,0.082,4132130
1789151962,2,0,0.003,4132130
1789151962,5,0,0.108,4132130
1789151962,5,0,0.13,4132130
1789151963,4,0,0.663,4132130
1789151964,4,0,1.05,4132130
1789151964,3,0,0.012,4132130
1789151965,4,0,1.637,4132130
1789151965,3,0,0.091,4132130
1789151965,0,0,0.005,4132130
1789151966,4,0,0.45,4132130
1789151966,0,0,0.005,4132130
1789151966,4,0,0.542,4132130
1789151971,5,0,4.969,4132130
1789151971,1,0,0.002,4132130
1789151972,2,0,0.491,4132130
1789151972,6,0,0.011,4132130
1789151972,2,0,0.006,4132130
1789151973,2,0,0.601,4132130
1789151973,4,0,0.825,4132130
1789151973,3,0,0.011,4132130
1789151974,4,0,0.476,4132130
1789151974,2,0,0.002,4132130
1789151974,6,0,0.008,4132130
1789151974,4,0,0.479,4132130
1789151975,4,0,1.109,4132130
1789151975,6,0,0.006,4132130
1789151975,3,0,0.012,4132130
1789151976,3,0,0.097,4132130
1789151980,5,0,4.326,4132130
1789151980,1,0,0.001,4132130
1789151980,4,0,0.351,4132130
1789151980,3,0,0.042,4132130
1789151980,0,0,0.006,4132130
1789151980,6,0,0.007,4132130
1789151980,6,0,0.005,4132130
1789151980,3,0,0.022,4132130
1789151981,4,0,0.267,4132130
1789151981,4,0,0.486,4132130
1789151981,4,0,0.392,4132130
1789151981,2,0,0.002,4132130
1789151982,3,0,0.061,4132130
1789151982,1,0,0.001,4132130
1789151986,5,0,4.713,4132130
1789151986,6,0,0.01,4132130
1789151986,3,0,0.145,4132130
1789151986,5,0,0.107,4132130
1789151987,4,0,0.767,4132130
1789151988,4,0,0.663,4132130
1789151988,4,0,0.39,4132130
1789151988,3,0,0.013,4132130
1789151988,3,0,0.087,4132130
1789151988,0,0,0.003,4132130
1789151988,3,0,0.062,4132130
1789151989,3,0,0.038,4132130
1789151989,0,0,0.009,4132130
1789151989,0,0,0.021,4132130
1789151989,0,0,0.005,4132130
1789151990,5,0,1.329,4132130
1789151990,0,0,0.006,4132130
1789151992,4,0,1.763,4132130
1789151992,7,0,0.227,4132130
1789151992,5,0,0.132,4132130
1789151992,6,1,0.006,4132130
1789151992,1,0,0.001,4132130
1789151992,2,0,0.002,4132130
1789151992,0,0,0.015,4132130
1789151992,6,0,0.007,4132130
1789151992,5,0,0.162,4132130
1789151996,5,0,3.75,4132130
1789151996,2,0,0.002,4132130
1789151996,3,0,0.15,4132130
1789151997,4,0,0.481,4132130
1789151998,2,0,1.375,4132130
1789151998,4,0,0.383,4132130
1789151999,4,0,0.381,4132130
1789151999,6,0,0.003,4132130
1789151999,6,0,0.02,4132130
1789151999,5,0,0.169,4132130
1789152000,4,0,1.1,4132130
1789152000,0,0,0.01,4132130
1789152000,0,0,0.015,4132130
1789152000,6,0,0.006,4132130
1789152000,3,0,0.038,4132130
1789152001,5,0,0.57,4132130
1789152001,0,0,0.005,4132130
1789152001,2,0,0.475,4132130
1789152001,3,0,0.003,4132130
1789152001,0,0,0.006,4132130
1789152002,4,0,0.609,4132130
1789152002,4,0,0.379,4132130
1789152003,4,0,0.596,4132130
1789152003,2,0,0.002,4132130
1789152004,4,0,1.139,4132130
1789152005,4,0,1.095,4132130
1789152005,0,0,0.015,4132130
1789152005,6,0,0.005,4132130
1789152005,5,0,0.427,4132130
1789152006,2,0,0.546,4132130
1789152006,5,0,0.118,4132130
1789152006,4,0,0.395,4132130
1789152006,1,0,0.001,4132130
1789152006,2,0,0.002,4132130
1789152007,5,0,0.112,4132130
1789152007,6,0,0.006,4132130
1789152008,4,0,1.795,4132130
1789152009,4,0,0.729,4132130
1789152010,2,0,0.866,4132130
1789152010,7,0,0.278,4132130
1789152010,2,0,0.002,4132130
1789152012,5,0,1.642,4132130
1789152012,0,0,0.01,4132130
1789152012,5,0,0.1,4132130
1789152015,5,0,3.094,4132130
1789152015,3,0,0.002,4132130
1789152015,1,0,0.001,4132130
1789152015,3,0,0.002,4132130
1789152016,4,0,0.657,4132130
1789152016,4,0,0.401,4132130
1789152017,4,0,0.481,4132130
1789152017,3,0,0.072,4132130
1789152017,4,0,0.427,4132130
1789152017,3,0,0.016,4132130
1789152017,2,0,0.002,4132130
1789152017,3,0,0.172,4132130
1789152018,4,0,0.387,4132130
1789152018,0,0,0.01,4132130
1789152018,3,0,0.046,4132130
1789152018,5,0,0.537,4132130
1789152019,4,0,0.602,4132130
1789152019,6,0,0.025,4132130
1789152019,0,0,0.005,4132130
1789152019,3,0,0.046,4132130
1789152024,5,0,4.582,4132130
1789152024,0,0,0.008,4132130
1789152024,1,0,0.002,4132130
1789152024,3,0,0.008,4132130
1789152025,4,0,0.921,4132130
1789152025,4,0,0.419,4132130
1789152025,3,0,0.017,4132130
1789152025,6,0,0.011,4132130
1789152025,1,0,0.002,4132130
1789152025,0,0,0.005,4132130
1789152025,2,0,0.002,4132130
1789152025,5,0,0.098,4132130
1789152025,3,0,0.048,4132130
1789152025,3,0,0.054,4132130
1789152025,0,0,0.007,4132130
1789152025,3,0,0.004,4132130
1789152025,6,0,0.005,4132130
1789152030,5,0,5.117,4132130
1789152031,5,0,0.765,4132130
1789152031,4,0,0.322,4132130
1789152031,6,0,0.006,4132130
1789152031,6,0,0.004,4132130
1789152033,4,0,1.119,4132130
1789152033,4,0,0.939,4132130
1789152037,5,0,3.904,4132130
1789152037,0,0,0.005,4132130
1789152043,5,0,5.132,4132130
1789152043,6,0,0.008,4132130
1789152043,3,0,0.073,4132130
1789152043,6,0,0.011,4132130
1789152043,0,0,0.014,4132130
1789152043,4,0,0.52,4132130
1789152043,2,0,0.003,4132130
1789152043,3,0,0.091,4132130
1789152043,3,0,0.003,4132130
1789152043,0,0,0.011,4132130
1789152043,6,0,0.005,4132130
1789152043,7,0,0.192,4132130
1789152049,5,0,5.092,4132130
1789152049,6,0,0.013,4132130
1789152049,4,0,0.471,4132130
1789152049,3,0,0.1,4132130
1789152049,3,0,0.054,4132130
1789152049,2,0,0.002,4132130
1789152049,6,0,0.006,4132130
1789152050,4,0,1.234,4132130
1789152051,2,0,0.101,4132130
1789152051,4,0,0.473,4132130
1789152052,4,0,0.797,4132130
1789152052,0,0,0.008,4132130
1789152052,3,0,0.005,4132130
1789152052,0,0,0.005,4132130
1789152052,1,0,0.001,4132130
1789152052,5,0,0.567,4132130
1789152052,0,0,0.004,4132130
1789152052,3,0,0.032,4132130
1789152053,5,0,0.849,4132130
1789152054,7,0,0.647,4132130
1789152055,4,0,0.63,4132130
1789152055,2,0,0.003,4132130
1789152055,2,0,0.002,4132130
1789152055,4,0,0.687,4132130
1789152055,3,0,0.161,4132130
1789152055,0,0,0.006,4132130
1789152056,3,0,0.113,4132130
1789152056,4,0,0.689,4132130
1789152058,2,0,2.011,4132130
1789152058,1,0,0.001,4132130
1789152058,6,0,0.006,4132130
1789152058,2,0,0.001,4132130
1789152058,1,0,0.001,4132130
1789152058,6,0,0.007,4132130
1789152059,2,0,0.578,4132130
1789152059,4,0,0.403,4132130
1789152059,6,0,0.004,4132130
1789152059,6,0,0.01,4132130
1789152060,4,0,0.298,4132130
1789152060,0,0,0.007,4132130
1789152064,7,0,4.159,4132130
1789152064,4,0,0.795,4132130
1789152064,0,0,0.004,4132130
1789152064,2,0,0.002,4132130
1789152064,6,0,0.005,4132130
1789152065,4,0,0.526,4132130
1789152065,3,0,0.005,4132130
1789152066,4,0,0.626,4132130
1789152066,3,0,0.064,4132130
1789152066,3,0,0.1,4132130
1789152066,2,0,0.003,4132130
1789152066,0,0,0.011,4132130
1789152067,4,0,0.684,4132130
1789152067,5,0,0.192,4132130
1789152068,4,0,1.062,4132130
1789152068,4,0,0.685,4132130
1789152068,0,0,0.005,4132130
1789152069,4,0,0.856,4132130
1789152069,3,0,0.063,4132130
1789152069,0,0,0.005,4132130
1789152070,4,0,0.585,4132130
1789152070,3,0,0.034,4132130
1789152070,3,0,0.028,4132130
1789152071,2,0,0.54,4132130
1789152071,4,0,0.539,4132130
1789152072,2,0,0.587,4132130
1789152072,1,0,0.001,4132130
1789152072,4,0,0.451,4132130
1789152073,4,0,0.358,4132130
1789152073,3,0,0.05,4132130
1789152073,2,0,0.575,4132130
1789152073,0,0,0.003,4132130
1789152073,2,0,0.002,4132130
1789152073,6,0,0.004,4132130
1789152073,3,0,0.066,4132130
1789152074,4,0,1.056,4132130
1789152075,4,0,0.39,4132130
1789152075,3,0,0.058,4132130
1789152075,3,0,0.004,4132130
1789152075,4,0,0.684,4132130
1789152077,4,0,1.309,4132130
1789152077,6,0,0.009,4132130
1789152077,6,0,0.007,4132130
1789152077,4,0,0.332,4132130
1789152077,3,0,0.038,4132130
1789152078,4,0,0.751,4132130
1789152078,1,0,0.001,4132130
1789152078,0,0,0.005,4132130
1789152078,6,0,0.008,4132130
1789152078,2,0,0.473,4132130
1789152083,5,0,4.566,4132130
1789152083,6,0,0.006,4132130
1789152083,2,0,0.401,4132130
1789152083,2,0,0.003,4132130
1789152083,1,0,0.003,4132130
1789152083,3,0,0.058,4132130
1789152083,6,0,0.013,4132130
1789152083,3,0,0.01,4132130
1789152084,3,0,0.105,4132130
1789152084,4,0,0.833,4132130
1789152085,4,0,0.633,4132130
1789152086,4,0,0.677,4132130
1789152089,5,0,3.286,4132130
1789152089,0,0,0.01,4132130
1789152089,0,0,0.004,4132130
1789152090,4,0,0.854,4132130
1789152090,0,0,0.011,4132130
1789152090,6,0,0.008,4132130
1789152090,2,0,0.412,4132130
1789152090,0,0,0.008,4132130
1789152091,4,0,0.481,4132130
1789152091,4,0,0.64,4132130
1789152092,7,0,0.233,4132130
1789152092,4,0,0.596,4132130
1789152092,0,0,0.005,4132130
1789152092,2,0,0.002,4132130
1789152093,4,0,0.382,4132130
1789152093,4,0,0.806,4132130
1789152093,6,0,0.008,4132130
1789152094,5,0,0.664,4132130
1789152094,3,0,0.075,4132130
1789152095,2,0,0.495,4132130
1789152095,4,0,0.859,4132130
1789152096,5,0,0.206,4132130
1789152096,0,0,0.013,4132130
1789152096,3,0,0.005,4132130
1789152096,2,0,0.538,4132130
1789152097,2,0,0.759,4132130
1789152101,7,0,4.327,4132130
1789152101,5,0,0.141,4132130
1789152104,5,0,2.448,4132130
1789152104,0,0,0.004,4132130
1789152104,2,0,0.003,4132130
1789152104,7,0,0.242,4132130
1789152104,3,0,0.011,4132130
1789152105,4,0,0.615,4132130
1789152105,0,0,0.005,4132130
1789152105,0,0,0.004,4132130
1789152105,0,0,0.017,4132130
1789152105,6,0,0.01,4132130
1789152105,5,0,0.19,4132130
1789152105,6,0,0.004,4132130
1789152105,6,0,0.005,4132130
1789152105,0,0,0.008,4132130
1789152105,3,0,0.085,4132130
1789152105,3,0,0.051,4132130
1789152106,4,0,0.568,4132130
1789152106,5,0,0.111,4132130
1789152106,5,0,0.084,4132130
1789152106,3,0,0.05,4132130
1789152107,4,0,0.878,4132130
1789152109,4,0,2.209,4132130
1789152109,3,0,0.104,4132130
1789152109,2,0,0.002,4132130
1789152110,4,0,0.37,4132130
1789152110,0,0,0.01,4132130
1789152110,7,0,0.202,4132130
1789152115,5,0,5.047,4132130
1789152116,4,0,0.785,4132130
1789152116,0,0,0.006,4132130
1789152116,5,0,0.852,4132130
1789152116,3,0,0.02,4132130
1789152117,2,0,0.949,4132130
1789152117,2,0,0.003,4132130
1789152117,6,0,0.004,4132130
1789152117,0,0,0.006,4132130
1789152118,5,0,0.155,4132130
1789152118,2,0,0.002,4132130
1789152118,0,0,0.012,4132130
1789152118,2,0,0.002,4132130
1789152118,4,0,0.323,4132130
1789152118,0,0,0.004,4132130
1789152118,4,0,0.235,4132130
1789152118,3,0,0.062,4132130
1789152118,2,0,0.005,4132130
1789152118,1,0,0.001,4132130
1789152118,6,0,0.009,4132130
1789152119,2,0,0.82,4132130
1789152120,2,0,0.732,4132130
1789152120,3,0,0.011,4132130
1789152120,6,0,0.004,4132130
1789152120,3,0,0.078,4132130
1789152120,3,0,0.056,4132130
1789152120,0,0,0.017,4132130
1789152120,6,0,0.006,4132130
1789152120,3,0,0.018,4132130
1789152120,3,0,0.127,4132130
1789152120,4,0,0.281,4132130
1789152121,2,0,0.427,4132130
1789152121,2,0,0.001,4132130
1789152121,4,0,0.517,4132130
1789152122,5,0,0.638,4132130
1789152122,0,0,0.004,4132130
1789152122,2,0,0.007,4132130
1789152122,5,0,0.118,4132130
1789152122,5,0,0.147,4132130
1789152123,4,0,0.658,4132130
1789152123,3,0,0.004,4132130
1789152123,2,0,0.431,4132130
1789152123,3,0,0.007,4132130
1789152123,1,0,0.001,4132130
1789152124,2,0,0.658,4132130
1789152125,4,0,0.497,4132130
1789152125,0,0,0.008,4132130
1789152125,3,0,0.032,4132130
1789152125,0,0,0.005,4132130
1789152125,6,0,0.007,4132130
1789152125,3,0,0.073,4132130
1789152125,4,0,0.743,4132130
1789152125,3,0,0.005,4132130
1789152126,2,0,0.259,4132130
1789152126,2,0,0.263,4132130
1789152126,2,0,0.004,4132130
1789152126,2,0,0.001,4132130
1789152126,6,0,0.005,4132130
1789152126,0,0,0.011,4132130
1789152130,5,0,4.224,4132130
1789152130,6,0,0.005,4132130
1789152130,6,0,0.005,4132130
1789152130,5,0,0.148,4132130
1789152131,5,0,0.396,4132130
1789152131,3,0,0.064,4132130
1789152131,7,0,0.147,4132130
1789152131,6,0,0.005,4132130
1789152131,2,0,0.001,4132130
1789152132,4,0,0.766,4132130
1789152132,4,0,0.652,4132130
1789152132,0,0,0.014,4132130
1789152133,4,0,0.521,4132130
1789152133,1,0,0.001,4132130
1789152133,0,0,0.01,4132130
1789152134,4,0,0.795,4132130
1789152134,3,0,0.005,4132130
1789152134,0,0,0.005,4132130
1789152134,3,0,0.006,4132130
1789152134,4,0,0.514,4132130
1789152134,0,0,0.005,4132130
1789152134,3,0,0.068,4132130
1789152134,2,0,0.002,4132130
1789152134,6,0,0.006,4132130
1789152134,0,0,0.008,4132130
1789152134,3,0,0.043,4132130
1789152134,3,0,0.06,4132130
1789152134,2,0,0.002,4132130
1789152140,5,0,5.267,4132130
1789152140,4,0,0.222,4132130
1789152140,3,0,0.074,4132130
1789152140,0,0,0.004,4132130
1789152140,0,0,0.005,4132130
1789152140,4,0,0.419,4132130
1789152141,7,0,0.209,4132130
1789152143,5,0,2.084,4132130
1789152143,3,0,0.069,4132130
1789152143,6,0,0.008,4132130
1789152143,3,0,0.007,4132130
1789152143,6,0,0.006,4132130
1789152143,3,0,0.055,4132130
1789152144,4,0,1.087,4132130
1789152144,0,0,0.009,4132130
1789152144,2,0,0.002,4132130
1789152144,6,0,0.008,4132130
1789152144,0,0,0.019,4132130
1789152144,0,0,0.023,4132130
1789152144,1,0,0.002,4132130
1789152144,5,0,0.162,4132130
1789152144,6,0,0.007,4132130
1789152145,4,0,0.441,4132130
1789152145,3,0,0.006,4132130
1789152145,2,0,0.331,4132130
1789152145,1,0,0.001,4132130
1789152145,3,0,0.136,4132130
1789152146,4,0,0.554,4132130
1789152148,2,0,1.9,4132130
1789152148,0,0,0.004,4132130
1789152149,4,0,1.458,4132130
1789152150,2,0,0.548,4132130
1789152150,2,0,0.001,4132130
1789152151,4,0,1.168,4132130
1789152151,2,0,0.002,4132130
1789152151,0,0,0.007,4132130
1789152151,3,0,0.038,4132130
1789152151,2,0,0.002,4132130
1789152151,2,0,0.002,4132130
1789152151,4,0,0.411,4132130
1789152152,4,0,0.897,4132130
1789152152,3,0,0.089,4132130
1789152153,4,0,0.412,4132130
1789152153,3,0,0.044,4132130
1789152154,4,0,1.223,4132130
1789152154,4,0,0.526,4132130
1789152154,6,0,0.006,4132130
1789152155,4,0,0.543,4132130
1789152156,4,0,1.257,4132130
1789152157,2,0,0.402,4132130
1789152157,0,0,0.002,4132130
1789152158,4,0,1.439,4132130
1789152158,3,0,0.081,4132130
1789152159,2,0,0.873,4132130
1789152159,4,0,0.245,4132130
1789152159,3,0,0.005,4132130
1789152159,0,0,0.005,4132130
1789152160,4,0,0.527,4132130
1789152160,2,0,0.001,4132130
1789152160,2,0,0.002,4132130
1789152160,2,0,0.001,4132130
1789152163,5,0,3.268,4132130
1789152163,4,0,0.428,4132130
1789152164,4,0,0.6,4132130
1789152164,5,0,0.103,4132130
1789152164,0,0,0.009,4132130
1789152164,3,0,0.006,4132130
1789152165,4,0,0.475,4132130
1789152165,3,0,0.055,4132130
1789152166,2,0,1.173,4132130
1789152166,2,0,0.002,4132130
1789152167,4,0,1.465,4132130
1789152167,1,0,0.002,4132130
1789152167,3,0,0.073,4132130
1789152167,6,0,0.006,4132130
1789152167,3,0,0.006,4132130
1789152167,1,0,0.002,4132130
1789152167,0,0,0.01,4132130
1789152167,1,0,0.001,4132130
1789152168,5,0,0.986,4132130
1789152168,3,0,0.005,4132130
1789152168,0,0,0.011,4132130
1789152169,4,0,0.64,4132130
1789152170,2,0,0.487,4132130
1789152170,6,0,0.007,4132130
1789152170,4,0,0.603,4132130
1789152170,1,0,0.001,4132130
1789152170,0,0,0.007,4132130
1789152170,2,0,0.005,4132130
1789152170,0,0,0.002,4132130
1789152170,6,0,0.009,4132130
1789152170,0,0,0.002,4132130
1789152171,4,0,0.576,4132130
1789152171,3,0,0.035,4132130
1789152171,0,0,0.003,4132130
1789152171,2,0,0.001,4132130
1789152171,2,0,0.001,4132130
1789152174,7,0,3.586,4132130
1789152175,4,0,0.617,4132130
1789152175,4,0,0.412,4132130
1789152175,6,0,0.006,4132130
1789152175,3,0,0.005,4132130
1789152175,2,0,0.002,4132130
1789152175,0,0,0.009,4132130
1789152176,7,0,0.521,4132130
1789152176,7,0,0.158,4132130
1789152176,6,0,0.008,4132130
1789152176,6,0,0.013,4132130
1789152176,6,0,0.008,4132130
1789152176,4,0,0.219,4132130
1789152176,3,0,0.076,4132130
1789152177,4,0,0.938,4132130
1789152177,3,0,0.003,4132130
1789152179,4,0,1.752,4132130
1789152179,0,0,0.004,4132130
1789152180,2,0,0.748,4132130
1789152181,4,0,0.777,4132130
1789152181,4,0,0.219,4132130
1789152181,3,0,0.069,4132130
1789152181,3,0,0.013,4132130
1789152182,4,0,0.612,4132130
1789152183,4,0,1.438,4132130
1789152183,6,0,0.006,4132130
1789152183,3,0,0.001,4132130
1789152183,0,0,0.008,4132130
1789152183,0,0,0.009,4132130
1789152184,4,0,1.415,4132130
1789152184,2,0,0.003,4132130
1789152184,1,0,0.001,4132130
1789152184,3,0,0.002,4132130
1789152186,4,0,1.425,4132130
1789152186,2,0,0.322,4132130
1789152186,0,0,0.004,4132130
1789152186,3,0,0.031,4132130
1789152186,3,0,0.067,4132130
1789152187,2,0,0.346,4132130
1789152187,3,0,0.076,4132130
1789152187,2,0,0.002,4132130
1789152187,6,0,0.008,4132130
1789152188,4,0,0.948,4132130
1789152188,3,0,0.002,4132130
1789152188,3,0,0.216,4132130
1789152188,5,0,0.101,4132130
1789152188,0,0,0.005,4132130
1789152188,6,0,0.007,4132130
1789152188,4,0,0.305,4132130
1789152192,5,0,3.151,4132130
1789152192,2,0,0.001,4132130
1789152192,3,0,0.006,4132130
1789152192,6,0,0.003,4132130
1789152192,2,0,0.002,4132130
1789152192,5,0,0.476,4132130
1789152192,6,0,0.004,4132130
1789152193,5,0,0.535,4132130
1789152193,4,0,0.234,4132130
1789152193,4,0,0.484,4132130
1789152193,3,0,0.049,4132130
1789152193,3,0,0.074,4132130
1789152193,3,0,0.007,4132130
1789152193,3,0,0.031,4132130
1789152193,0,0,0.004,4132130
1789152194,4,0,0.499,4132130
1789152194,3,0,0.025,4132130
1789152195,5,0,0.637,4132130
1789152195,0,0,0.002,4132130
1789152195,4,0,0.897,4132130
1789152199,5,0,3.503,4132130
1789152199,1,0,0.002,4132130
1789152199,4,0,0.447,4132130
1789152200,4,0,0.585,4132130
1789152200,3,0,0.007,4132130
1789152200,1,0,0.001,4132130
1789152200,2,0,0,4132130
1789152200,6,0,0.008,4132130
1789152200,0,0,0.004,4132130
1789152200,6,0,0.006,4132130
1789152200,2,0,0.451,4132130
1789152201,4,0,0.614,4132130
1789152202,4,0,1.103,4132130
1789152202,3,0,0.005,4132130
1789152202,3,0,0.1,4132130
1789152203,4,0,1.169,4132130
1789152204,4,0,0.988,4132130
1789152205,3,0,0.052,4132130
1789152205,2,0,0.004,4132130
1789152205,3,0,0.004,4132130
1789152205,4,0,0.901,4132130
1789152205,6,0,0.006,4132130
1789152205,0,0,0.004,4132130
1789152205,1,0,0.001,4132130
1789152210,7,0,4.247,4132130
1789152210,3,0,0.026,4132130
1789152210,2,0,0.002,4132130
1789152210,0,0,0.016,4132130
1789152210,4,0,0.678,4132130
1789152211,5,0,0.557,4132130
1789152211,0,0,0.007,4132130
1789152211,4,0,0.353,4132130
1789152211,6,0,0.01,4132130
1789152212,4,0,0.548,4132130
1789152212,3,0,0.011,4132130
1789152212,3,0,0.011,4132130
1789152212,3,0,0.02,4132130
1789152212,5,0,0.449,4132130
1789152212,2,0,0.002,4132130
1789152213,4,0,0.481,4132130
1789152213,6,0,0.007,4132130
1789152213,4,0,0.359,4132130
1789152213,0,0,0.008,4132130
1789152214,4,0,0.504,4132130
1789152217,5,0,2.988,4132130
1789152217,4,0,0.519,4132130
1789152217,6,0,0.005,4132130
1789152218,4,0,0.492,4132130
1789152218,2,0,0.39,4132130
1789152221,5,0,3.21,4132130
1789152221,3,0,0.131,4132130
1789152222,0,0,0.016,4132130
1789152222,4,0,0.794,4132130
1789152222,2,0,0.003,4132130
1789152222,3,0,0.007,4132130
1789152222,5,0,0.172,4132130
1789152223,4,0,0.304,4132130
1789152223,4,0,0.495,4132130
1789152223,2,0,0.003,4132130
1789152223,0,0,0.008,4132130
1789152223,0,0,0.007,4132130
1789152224,4,0,0.493,4132130
1789152224,0,0,0.006,4132130
1789152224,0,0,0.004,4132130
1789152227,5,0,3.432,4132130
1789152229,4,0,2.117,4132130
1789152230,2,0,0.631,4132130
1789152230,4,0,0.456,4132130
1789152231,3,0,0.089,4132130
1789152231,3,0,0.103,4132130
1789152231,0,0,0.004,4132130
1789152231,5,0,0.558,4132130
1789152232,4,0,0.533,4132130
1789152232,4,0,0.48,4132130
1789152233,2,0,0.694,4132130
1789152233,4,0,0.029,4132130
1789152233,6,0,0.004,4132130
1789152233,3,0,0.006,4132130
1789152233,3,0,0.008,4132130
1789152233,3,0,0.006,4132130
1789152233,4,0,0.341,4132130
1789152234,2,0,0.52,4132130
1789152234,3,0,0.033,4132130
1789152234,5,0,0.127,4132130
1789152234,2,0,0.002,4132130
1789152235,5,0,1.12,4132130
1789152236,4,0,0.567,4132130
1789152236,2,0,0.001,4132130
1789152236,2,0,0.001,4132130
1789152236,3,0,0.166,4132130
1789152236,3,0,0.179,4132130
1789152236,0,0,0.014,4132130
1789152236,6,0,0.007,4132130
1789152236,6,0,0.008,4132130
1789152236,2,0,0.001,4132130
1789152236,0,0,0.008,4132130
1789152237,4,0,0.942,4132130
1789152237,0,0,0.01,4132130
1789152237,6,0,0.006,4132130
1789152237,0,0,0.014,4132130
1789152238,4,0,0.728,4132130
1789152239,2,0,0.821,4132130
1789152239,2,0,0.899,4132130
1789152239,0,0,0.007,4132130
1789152241,2,0,1.14,4132130
1789152241,0,0,0.01,4132130
1789152242,4,0,1.157,4132130
1789152242,2,0,0.008,4132130
1789152243,2,0,0.897,4132130
1789152243,1,0,0.001,4132130
1789152243,2,0,0.002,4132130
1789152243,0,0,0.013,4132130
1789152243,4,0,0.584,4132130
1789152243,3,0,0.146,4132130
1789152246,5,0,2.946,4132130
1789152246,0,0,0.007,4132130
1789152246,3,0,0.087,4132130
1789152246,2,0,0.002,4132130
1789152246,3,0,0.007,4132130
1789152246,3,0,0.005,4132130
1789152248,4,0,1.018,4132130
1789152248,0,0,0.026,4132130
1789152248,4,0,0.534,4132130
1789152250,4,0,2.131,4132130
1789152251,4,0,0.724,4132130
1789152251,2,0,0.001,4132130
1789152251,3,0,0.016,4132130
1789152251,0,0,0.005,4132130
1789152251,0,0,0.012,4132130
1789152251,4,0,0.375,4132130
1789152251,3,0,0.011,4132130
1789152252,4,0,0.427,4132130
1789152252,3,0,0.008,4132130
1789152252,3,0,0.07,4132130
1789152252,4,0,0.569,4132130
1789152252,2,0,0.002,4132130
1789152252,3,0,0.004,4132130
1789152253,3,0,0.097,4132130
1789152253,2,0,0.001,4132130
1789152253,6,0,0.004,4132130
1789152253,5,0,0.162,4132130
1789152257,7,0,4.704,4132130
1789152258,5,0,0.941,4132130
1789152258,3,0,0.12,4132130
1789152258,6,0,0.009,4132130
1789152258,1,0,0.001,4132130
1789152259,3,0,0.073,4132130
1789152259,6,0,0.006,4132130
1789152259,0,0,0.009,4132130
1789152259,4,0,0.586,4132130
1789152260,4,0,0.804,4132130
1789152260,4,0,0.281,4132130
1789152260,3,0,0.089,4132130
1789152260,3,0,0.06,4132130
1789152260,3,0,0.007,4132130
1789152260,3,0,0.067,4132130
1789152260,6,0,0.004,4132130
1789152260,0,0,0.008,4132130
1789152261,5,0,0.61,4132130
1789152261,0,0,0.003,4132130
1789152261,5,0,0.119,4132130
1789152261,5,0,0.105,4132130
1789152262,4,0,0.521,4132130
1789152262,2,0,0.002,4132130
1789152262,0,0,0.006,4132130
1789152262,1,0,0.001,4132130
1789152262,2,0,0.001,4132130
1789152262,0,0,0.006,4132130
1789152262,0,0,0.009,4132130
1789152262,4,0,0.517,4132130
1789152263,4,0,0.45,4132130
1789152263,0,0,0.026,4132130
1789152263,3,0,0.016,4132130
1789152263,2,0,0.001,4132130
1789152263,0,0,0.006,4132130
1789152263,6,0,0.008,4132130
1789152263,4,0,0.602,4132130
1789152263,2,0,0.004,4132130
1789152264,5,0,0.132,4132130
1789152264,2,0,0.002,4132130
1789152264,7,0,0.588,4132130
1789152266,2,0,1.6,4132130
1789152266,4,0,0.453,4132130
1789152267,4,0,1.038,4132130
1789152267,0,0,0.004,4132130
1789152269,4,0,1.308,4132130
1789152269,4,0,0.438,4132130
1789152273,7,0,4.421,4132130
1789152274,3,0,0.08,4132130
1789152274,3,0,0.008,4132130
1789152274,4,0,0.75,4132130
1789152274,1,0,0.003,4132130
1789152275,4,0,1.031,4132130
1789152275,3,0,0.003,4132130
1789152275,3,0,0.003,4132130
1789152275,0,0,0.005,4132130
1789152275,3,0,0.027,4132130
1789152276,2,0,1.027,4132130
1789152276,3,0,0.08,4132130
1789152276,0,0,0.004,4132130
1789152276,0,0,0.007,4132130
1789152277,2,0,0.534,4132130
1789152277,2,0,0.002,4132130
1789152277,2,0,0.001,4132130
1789152277,0,0,0.005,4132130
1789152277,4,0,0.39,4132130
1789152278,4,0,0.478,4132130
1789152278,3,0,0.007,4132130
1789152278,3,0,0.077,4132130
1789152278,0,0,0.003,4132130
1789152278,4,0,0.386,4132130
1789152278,0,0,0.005,4132130
1789152279,3,0,0.12,4132130
1789152283,5,0,4.292,4132130
1789152288,7,0,5.612,4132130
1789152288,2,0,0,4132130
1789152288,2,0,0.002,4132130
1789152290,2,0,1.474,4132130
1789152295,5,0,4.9,4132130
1789152295,0,0,0.006,4132130
1789152295,4,0,0.564,4132130
1789152295,1,0,0.001,4132130
1789152296,4,0,0.257,4132130
1789152296,5,0,0.832,4132130
1789152296,0,0,0.004,4132130
1789152296,0,0,0.013,4132130
1789152300,5,0,3.689,4132130
1789152301,4,0,0.757,4132130
1789152301,6,0,0.003,4132130
1789152301,0,0,0.007,4132130
1789152301,1,0,0.001,4132130
1789152301,6,0,0.004,4132130
1789152301,4,0,0.233,4132130
1789152301,0,0,0.005,4132130
1789152301,3,0,0.018,4132130
1789152301,1,0,0.002,4132130
1789152301,3,0,0.003,4132130
1789152302,4,0,0.728,4132130
1789152303,4,0,0.707,4132130
1789152303,3,0,0.086,4132130
1789152303,0,0,0.009,4132130
1789152303,1,0,0.002,4132130
1789152303,3,0,0.075,4132130
1789152303,6,0,0.01,4132130
1789152303,2,0,0.014,4132130
1789152303,3,0,0.019,4132130
1789152303,0,0,0.009,4132130
1789152303,2,0,0.621,4132130
1789152303,0,0,0.008,4132130
1789152303,0,0,0.005,4132130
1789152304,3,0,0.023,4132130
1789152304,0,0,0.005,4132130
1789152304,0,0,0.01,4132130
1789152304,0,0,0.009,4132130
1789152304,0,0,0.02,4132130
1789152304,2,0,0.003,4132130
1789152304,6,0,0.005,4132130
1789152304,2,0,0.004,4132130
1789152305,4,0,0.954,4132130
1789152305,6,0,0.004,4132130
1789152305,3,0,0.104,4132130
1789152305,6,0,0.013,4132130
1789152305,2,0,0.857,4132130
1789152306,6,0,0.008,4132130
1789152306,3,0,0.009,4132130
1789152306,4,0,0.55,4132130
1789152311,5,0,4.53,4132130
1789152312,4,0,1.058,4132130
1789152312,4,0,0.328,4132130
1789152312,3,0,0.05,4132130
1789152313,4,0,0.515,4132130
1789152313,3,0,0.037,4132130
1789152313,6,0,0.028,4132130
1789152313,7,0,0.202,4132130
1789152313,4,0,0.654,4132130
1789152313,1,0,0.002,4132130
1789152313,3,0,0.007,4132130
1789152314,4,0,0.565,4132130
1789152315,4,0,0.964,4132130
1789152315,0,0,0.008,4132130
1789152316,4,0,0.518,4132130
1789152320,5,0,4.045,4132130
1789152320,1,0,0.001,4132130
1789152320,6,0,0.004,4132130
1789152320,0,0,0.005,4132130
1789152320,6,0,0.004,4132130
1789152321,2,0,1.065,4132130
1789152321,6,0,0.01,4132130
1789152321,3,0,0.05,4132130
1789152321,3,0,0.101,4132130
1789152321,0,0,0.004,4132130
1789152321,0,0,0.005,4132130
1789152321,5,0,0.119,4132130
1789152321,6,1,0.006,4132130
1789152321,6,0,0.007,4132130
1789152321,6,0,0.01,4132130
1789152321,6,0,0.006,4132130
1789152321,4,0,0.522,4132130
1789152322,6,0,0.011,4132130
1789152322,1,0,0.001,4132130
1789152323,2,0,1.196,4132130
1789152323,2,0,0.002,4132130
1789152323,4,0,0.559,4132130
1789152324,4,0,0.733,4132130
1789152325,4,0,0.519,4132130
1789152325,4,0,0.821,4132130
1789152326,4,0,0.535,4132130
1789152326,4,0,0.331,4132130
1789152326,1,0,0.002,4132130
1789152326,3,0,0.028,4132130
1789152327,2,0,0.542,4132130
1789152327,1,0,0.001,4132130
1789152327,0,0,0.004,4132130
1789152327,0,0,0.007,4132130
1789152327,5,0,0.19,4132130
1789152328,4,0,0.826,4132130
1789152329,4,0,1.158,4132130
1789152329,4,0,0.427,4132130
1789152329,6,0,0.007,4132130
1789152329,3,0,0.039,4132130
1789152330,3,0,0.108,4132130
1789152330,3,0,0.04,4132130
1789152331,2,0,1.144,4132130
1789152331,2,0,0.002,4132130
1789152331,5,0,0.421,4132130
1789152331,6,0,0.007,4132130
1789152332,5,0,0.471,4132130
1789152332,4,0,0.224,4132130
1789152332,4,0,0.521,4132130
1789152333,4,0,0.45,4132130
1789152333,0,0,0.005,4132130
1789152333,6,0,0.005,4132130
1789152333,6,0,0.005,4132130
1789152336,5,0,3.306,4132130
1789152337,4,0,0.427,4132130
1789152337,2,0,0.802,4132130
1789152337,0,0,0.004,4132130
1789152338,4,0,0.673,4132130
1789152338,1,0,0.001,4132130
1789152338,0,0,0.011,4132130
1789152338,1,0,0.001,4132130
1789152338,1,0,0.001,4132130
1789152338,5,0,0.124,4132130
1789152338,6,0,0.007,4132130
1789152338,1,0,0.001,4132130
1789152338,0,0,0.009,4132130
1789152338,6,0,0.011,4132130
1789152339,4,0,0.846,4132130
1789152340,4,0,0.577,4132130
1789152340,3,0,0.061,4132130
1789152340,0,0,0.005,4132130
1789152340,3,0,0.009,4132130
1789152340,6,0,0.006,4132130
1789152340,4,0,0.575,4132130
1789152340,3,0,0.027,4132130
1789152340,2,0,0.002,4132130
1789152341,4,0,0.876,4132130
1789152341,0,0,0.023,4132130
1789152342,5,0,0.648,4132130
1789152342,0,0,0.003,4132130
1789152342,6,0,0.007,4132130
1789152342,0,0,0.01,4132130
1789152345,5,0,3.084,4132130
1789152346,4,0,0.764,4132130
1789152346,0,0,0.006,4132130
1789152346,0,0,0.009,4132130
1789152346,3,0,0.073,4132130
1789152346,4,0,0.415,4132130
1789152347,2,0,0.4,4132130
1789152347,2,0,0.001,4132130
1789152347,1,0,0.001,4132130
1789152347,0,0,0.005,4132130
1789152347,0,0,0.01,4132130
1789152347,1,0,0.001,4132130
1789152347,2,0,0.602,4132130
1789152347,1,0,0.002,4132130
1789152347,3,0,0.075,4132130
1789152351,5,0,3.606,4132130
1789152351,3,0,0.061,4132130
1789152351,7,0,0.149,4132130
1789152351,0,0,0.004,4132130
1789152351,3,0,0.034,4132130
1789152352,4,0,0.353,4132130
1789152352,3,0,0.082,4132130
1789152352,4,0,0.542,4132130
1789152352,0,0,0.014,4132130
1789152352,3,0,0.033,4132130
1789152352,1,0,0.001,4132130
1789152352,6,0,0.007,4132130
1789152352,3,0,0.049,4132130
1789152353,4,0,0.373,4132130
1789152353,4,0,0.487,4132130
1789152353,3,0,0.089,4132130
1789152356,5,0,3.185,4132130
1789152356,3,0,0.007,4132130
1789152356,6,0,0.009,4132130
1789152356,1,0,0.001,4132130
1789152357,2,0,1,4132130
1789152357,6,0,0.006,4132130
1789152358,4,0,0.725,4132130
1789152358,6,0,0.007,4132130
1789152358,3,0,0.097,4132130
1789152358,3,0,0.009,4132130
1789152359,4,0,0.82,4132130
1789152359,6,0,0.018,4132130
1789152359,3,0,0.042,4132130
1789152359,4,0,0.289,4132130
1789152359,6,0,0.009,4132130
1789152360,3,0,0.049,4132130
1789152360,4,0,0.901,4132130
1789152360,3,0,0.063,4132130
1789152361,2,0,0.388,4132130
1789152361,0,0,0.011,4132130
1789152362,2,0,0.727,4132130
1789152362,2,0,0.003,4132130
1789152362,0,0,0.007,4132130
1789152362,6,0,0.008,4132130
1789152362,6,0,0.003,4132130
1789152362,3,0,0.192,4132130
1789152362,2,0,0.014,4132130
1789152362,3,0,0.005,4132130
1789152362,3,0,0.137,4132130
1789152362,3,0,0.063,4132130
1789152362,2,0,0.006,4132130
1789152363,4,0,0.856,4132130
1789152363,2,0,0.48,4132130
1789152364,2,0,0.353,4132130
1789152364,3,0,0.015,4132130
1789152364,3,0,0.033,4132130
1789152364,6,0,0.009,4132130
1789152364,4,0,0.619,4132130
1789152365,4,0,0.456,4132130
1789152369,5,0,4.129,4132130
1789152369,3,0,0.12,4132130
1789152370,4,0,0.462,4132130
1789152370,5,0,0.198,4132130
1789152370,1,0,0.001,4132130
1789152370,3,0,0.046,4132130
1789152370,4,0,0.32,4132130
1789152370,2,0,0.001,4132130
1789152371,4,0,0.604,4132130
1789152371,0,0,0.004,4132130
1789152371,3,0,0.003,4132130
1789152371,0,0,0.004,4132130
1789152371,4,0,0.297,4132130
1789152371,3,0,0.089,4132130
1789152371,3,0,0.069,4132130
1789152371,1,0,0.001,4132130
1789152371,3,0,0.061,4132130
1789152372,4,0,0.996,4132130
1789152372,3,0,0.007,4132130
1789152372,3,0,0.031,4132130
1789152372,2,0,0.002,4132130
1789152372,3,0,0.005,4132130
1789152372,2,0,0.001,4132130
1789152374,4,0,1.741,4132130
1789152374,3,0,0.083,4132130
1789152374,3,0,0.276,4132130
1789152375,4,0,0.796,4132130
1789152375,3,0,0.102,4132130
1789152375,2,0,0.002,4132130
1789152375,2,0,0.003,4132130
1789152375,3,0,0.093,4132130
1789152375,0,0,0.004,4132130
1789152375,2,0,0.002,4132130
1789152377,5,0,1.099,4132130
1789152378,4,0,1.042,4132130
1789152378,4,0,0.797,4132130
1789152378,3,0,0.046,4132130
1789152380,2,0,1.79,4132130
1789152380,6,0,0.015,4132130
1789152384,5,0,3.819,4132130
1789152384,0,0,0.004,4132130
1789152384,0,0,0.007,4132130
1789152384,1,0,0.003,4132130
1789152384,0,0,0.006,4132130
1789152384,0,0,0.008,4132130
1789152384,0,0,0.005,4132130
1789152385,4,0,0.656,4132130
1789152387,2,0,1.936,4132130
1789152387,4,0,0.246,4132130
1789152387,0,0,0.006,4132130
1789152387,2,0,0.002,4132130
1789152387,3,0,0.015,4132130
1789152387,1,0,0.001,4132130
1789152387,6,1,0.006,4132130
1789152387,0,0,0.005,4132130
1789152387,0,0,0.006,4132130
1789152387,3,0,0.069,4132130
1789152387,3,0,0.114,4132130
1789152388,4,0,0.612,4132130
1789152388,6,0,0.005,4132130
1789152389,5,0,1.297,4132130
1789152393,5,0,4.159,4132130
1789152393,0,0,0.007,4132130
1789152394,5,0,0.578,4132130
1789152395,5,0,0.804,4132130
1789152396,5,0,0.926,4132130
1789152396,6,0,0.008,4132130
1789152396,4,0,0.668,4132130
1789152396,0,0,0.002,4132130
1789152397,4,0,0.812,4132130
1789152397,2,0,0.005,4132130
1789152401,7,0,4.413,4132130
1789152405,5,0,3.796,4132130
1789152406,2,0,0.316,4132130
1789152406,3,0,0.072,4132130
1789152406,1,0,0.001,4132130
1789152406,4,0,0.331,4132130
1789152406,5,0,0.132,4132130
1789152406,0,0,0.003,4132130
1789152410,5,0,3.706,4132130
1789152410,6,0,0.005,4132130
1789152410,6,0,0.008,4132130
1789152410,0,0,0.003,4132130
1789152410,1,0,0.001,4132130
1789152410,1,0,0.001,4132130
1789152411,4,0,1.669,4132130
1789152412,4,0,0.943,4132130
1789152412,1,0,0.001,4132130
1789152412,1,0,0.001,4132130
1789152413,5,0,0.701,4132130
1789152414,5,0,0.775,4132130
1789152414,6,0,0.011,4132130
1789152415,2,0,0.753,4132130
1789152415,6,0,0.012,4132130
1789152415,2,0,0.003,4132130
1789152415,4,0,0.278,4132130
1789152415,3,0,0.081,4132130
1789152415,4,0,0.246,4132130
1789152419,5,0,3.843,4132130
1789152419,6,0,0.013,4132130
1789152419,3,0,0.015,4132130
1789152419,4,0,0.323,4132130
1789152419,1,0,0.002,4132130
1789152419,0,0,0.002,4132130
1789152419,6,0,0.008,4132130
1789152421,4,0,1.114,4132130
1789152421,6,0,0.007,4132130
1789152421,7,0,0.229,4132130
1789152422,7,0,0.917,4132130
1789152422,0,0,0.007,4132130
1789152422,3,0,0.012,4132130
1789152422,3,0,0.065,4132130
1789152422,3,0,0.009,4132130
1789152422,1,0,0.002,4132130
1789152424,7,0,1.973,4132130
1789152425,4,0,0.845,4132130
1789152425,2,0,0.002,4132130
1789152425,2,0,0.428,4132130
1789152425,5,0,0.134,4132130
1789152426,2,0,0.784,4132130
1789152426,1,0,0.002,4132130
1789152426,0,0,0.006,4132130
1789152426,5,0,0.089,4132130
1789152426,3,0,0.066,4132130
1789152426,6,0,0.008,4132130
1789152426,3,0,0.003,4132130
1789152426,6,0,0.006,4132130
1789152426,3,0,0.046,4132130
1789152427,4,0,0.974,4132130
1789152427,1,0,0.001,4132130
1789152427,6,0,0.012,4132130
1789152427,6,0,0.005,4132130
1789152427,4,0,0.263,4132130
1789152427,3,0,0.009,4132130
1789152428,6,0,0.015,4132130
1789152428,2,0,0.006,4132130
1789152428,3,0,0.013,4132130
1789152428,0,0,0.013,4132130
1789152428,0,0,0.011,4132130
1789152428,3,0,0.06,4132130
1789152428,6,0,0.022,4132130
1789152429,4,0,1.276,4132130
1789152429,2,0,0.001,4132130
1789152429,7,0,0.578,4132130
1789152429,6,0,0.004,4132130
1789152429,6,0,0.006,4132130
1789152430,5,0,0.508,4132130
1789152430,0,0,0.005,4132130
1789152430,0,0,0.006,4132130
1789152430,6,0,0.005,4132130
1789152434,5,0,3.7,4132130
1789152434,0,0,0.013,4132130
1789152439,7,0,5.726,4132130
1789152439,2,0,0.002,4132130
1789152439,6,0,0.015,4132130
1789152440,4,0,0.384,4132130
1789152440,4,0,0.573,4132130
1789152440,6,0,0.009,4132130
1789152440,6,0,0.008,4132130
1789152441,5,0,0.931,4132130
1789152441,6,0,0.01,4132130
1789152443,5,0,1.687,4132130
1789152443,0,0,0.005,4132130
1789152444,4,0,0.449,4132130
1789152444,0,0,0.007,4132130
1789152444,3,0,0.004,4132130
1789152444,6,0,0.004,4132130
1789152444,2,0,0.394,4132130
1789152444,1,0,0.002,4132130
1789152444,0,0,0.009,4132130
1789152444,6,0,0.017,4132130
1789152446,4,0,1.534,4132130
1789152446,3,0,0.086,4132130
1789152446,3,0,0.08,4132130
1789152446,3,0,0.008,4132130
1789152446,3,0,0.017,4132130
1789152446,3,0,0.029,4132130
1789152446,4,0,0.325,4132130
1789152447,4,0,0.807,4132130
1789152447,0,0,0.008,4132130
1789152451,5,0,4.562,4132130
1789152452,7,0,0.561,4132130
1789152452,2,0,0.354,4132130
1789152452,0,0,0.017,4132130
1789152452,3,0,0.114,4132130
1789152453,3,0,0.068,4132130
1789152453,3,0,0.115,4132130
1789152453,5,0,0.099,4132130
1789152454,5,0,0.837,4132130
1789152458,5,0,4.083,4132130
1789152458,4,0,0.459,4132130
1789152458,6,0,0.024,4132130
1789152458,3,0,0.085,4132130
1789152459,5,0,0.755,4132130
1789152460,4,0,0.57,4132130
1789152460,2,0,0.82,4132130
1789152461,2,0,0.267,4132130
1789152461,4,0,0.467,4132130
1789152461,3,0,0.028,4132130
1789152461,3,0,0.059,4132130
1789152461,0,0,0.008,4132130
1789152465,5,0,3.931,4132130
1789152465,3,0,0.057,4132130
1789152467,4,0,1.851,4132130
1789152467,3,0,0.012,4132130
1789152471,5,0,3.899,4132130
1789152471,0,0,0.028,4132130
1789152471,1,0,0.001,4132130
1789152472,4,0,0.559,4132130
1789152472,0,0,0.006,4132130
1789152472,3,0,0.045,4132130
1789152472,0,0,0.007,4132130
1789152472,4,0,0.336,4132130
1789152472,3,0,0.071,4132130
1789152472,0,0,0.013,4132130
1789152472,0,0,0.004,4132130
1789152472,3,0,0.003,4132130
1789152476,5,0,4.022,4132130
1789152476,0,0,0.01,4132130
1789152476,2,0,0.002,4132130
1789152476,0,0,0.015,4132130
1789152476,2,0,0.007,4132130
1789152476,6,0,0.02,4132130
1789152476,3,0,0.168,4132130
1789152476,6,0,0.014,4132130
1789152476,0,0,0.017,4132130
1789152476,3,0,0.08,4132130
1789152477,2,0,0.714,4132130
1789152478,2,0,0.605,4132130
1789152478,2,0,0.366,4132130
1789152478,0,0,0.015,4132130
1789152478,6,0,0.024,4132130
1789152478,0,0,0.016,4132130
1789152478,6,0,0.022,4132130
1789152479,4,0,0.471,4132130
1789152479,6,0,0.003,4132130
1789152479,0,0,0.008,4132130
1789152479,5,0,0.38,4132130
1789152479,6,0,0.007,4132130
1789152479,6,0,0.007,4132130
1789152483,5,0,4.147,4132130
1789152483,0,0,0.007,4132130
1789152483,0,0,0.004,4132130
1789152484,2,0,0.344,4132130
1789152484,0,0,0.003,4132130
1789152484,0,0,0.009,4132130
1789152484,2,0,0.769,4132130
1789152484,3,0,0.061,4132130
1789152488,5,0,3.716,4132130
1789152489,4,0,1.039,4132130
1789152490,4,0,0.36,4132130
1789152490,4,0,0.398,4132130
1789152490,4,0,0.304,4132130
1789152490,6,0,0.01,4132130
1789152490,1,0,0.001,4132130
1789152490,3,0,0.04,4132130
1789152491,2,0,0.297,4132130
1789152491,3,0,0.041,4132130
1789152491,2,0,0.006,4132130
1789152491,0,0,0.005,4132130
1789152491,6,0,0.004,4132130
1789152491,0,0,0.012,4132130
1789152494,5,0,3.124,4132130
1789152494,6,0,0.004,4132130
1789152494,4,0,0.382,4132130
1789152494,3,0,0.015,4132130
1789152494,6,0,0.019,4132130
1789152494,3,0,0.212,4132130
1789152495,4,0,0.427,4132130
1789152495,2,0,0.45,4132130
1789152495,1,0,0.001,4132130
1789152495,6,0,0.015,4132130
1789152500,5,0,4.411,4132130
1789152501,2,0,1.112,4132130
1789152501,1,0,0.002,4132130
1789152501,3,0,0.081,4132130
1789152501,4,0,0.358,4132130
1789152501,0,0,0.007,4132130
1789152502,5,0,0.814,4132130
1789152502,0,0,0.01,4132130
1789152502,0,0,0.004,4132130
1789152502,0,0,0.004,4132130
1789152502,3,0,0.009,4132130
1789152502,4,0,0.318,4132130
1789152503,2,0,0.807,4132130
1789152503,3,0,0.045,4132130
1789152503,3,0,0.117,4132130
1789152503,3,0,0.067,4132130
1789152503,6,0,0.006,4132130
1789152503,1,0,0.002,4132130
1789152504,4,0,0.715,4132130
1789152504,3,0,0.059,4132130
1789152505,7,0,0.505,4132130
1789152508,5,0,2.92,4132130
1789152508,7,0,0.189,4132130
1789152508,1,0,0.001,4132130
1789152508,4,0,0.341,4132130
1789152509,5,0,0.725,4132130
1789152509,3,0,0.064,4132130
1789152509,6,0,0.016,4132130
1789152509,3,0,0.083,4132130
1789152509,0,0,0.006,4132130
1789152509,1,0,0.001,4132130
1789152509,3,0,0.058,4132130
1789152510,4,0,0.91,4132130
1789152510,1,0,0.001,4132130
1789152511,4,0,0.686,4132130
1789152511,4,0,0.682,4132130
1789152512,5,0,0.278,4132130
1789152512,4,0,0.251,4132130
1789152513,4,0,0.633,4132130
1789152513,4,0,0.552,4132130
1789152514,5,0,1.045,4132130
1789152515,4,0,0.544,4132130
1789152515,2,0,0.268,4132130
1789152515,0,0,0.014,4132130
1789152515,0,0,0.012,4132130
1789152515,0,0,0.004,4132130
1789152515,1,0,0.001,4132130
1789152516,2,0,1.256,4132130
1789152516,2,0,0.003,4132130
1789152516,6,0,0.006,4132130
1789152516,3,0,0.087,4132130
1789152516,3,0,0.028,4132130
1789152518,4,0,1.527,4132130
1789152518,0,0,0.004,4132130
1789152518,4,0,0.319,4132130
1789152519,4,0,1.217,4132130
1789152520,2,0,1.022,4132130
1789152520,0,0,0.008,4132130
1789152521,4,0,0.842,4132130
1789152521,0,0,0.003,4132130
1789152521,5,0,0.113,4132130
1789152522,2,0,0.794,4132130
1789152524,4,0,1.294,4132130
1789152524,2,0,0.856,4132130
1789152524,6,0,0.007,4132130
1789152524,1,0,0.001,4132130
1789152525,4,0,0.723,4132130
1789152526,4,0,0.418,4132130
1789152527,4,0,1.35,4132130
1789152527,3,0,0.011,4132130
1789152527,1,0,0.002,4132130
1789152527,6,0,0.007,4132130
1789152527,4,0,0.343,4132130
1789152529,4,0,2.079,4132130
1789152530,7,0,0.159,4132130
1789152530,5,0,0.144,4132130
1789152530,0,0,0.013,4132130
1789152530,6,0,0.013,4132130
1789152530,1,0,0.001,4132130
1789152530,6,0,0.024,4132130
1789152530,1,0,0.002,4132130
1789152530,6,0,0.008,4132130
1789152531,5,0,1.723,4132130
1789152532,4,0,0.499,4132130
1789152532,5,0,0.417,4132130
1789152532,0,0,0.015,4132130
1789152533,5,0,0.15,4132130
1789152533,2,0,0.002,4132130
1789152533,3,0,0.034,4132130
1789152533,0,0,0.007,4132130
1789152533,6,0,0.005,4132130
1789152533,1,0,0.001,4132130
1789152533,0,0,0.006,4132130
1789152533,0,0,0.007,4132130
1789152533,3,0,0.007,4132130
1789152533,3,0,0.041,4132130
1789152534,4,0,1.19,4132130
1789152538,5,0,4.073,4132130
1789152538,0,0,0.003,4132130
1789152538,4,0,0.405,4132130
1789152538,1,0,0.002,4132130
1789152539,5,0,0.812,4132130
1789152539,0,0,0.012,4132130
1789152540,2,0,0.731,4132130
1789152540,3,0,0.003,4132130
1789152540,5,0,0.106,4132130
1789152540,7,0,0.498,4132130
1789152541,3,0,0.096,4132130
1789152541,3,0,0.041,4132130
1789152541,4,0,0.356,4132130
1789152541,0,0,0.005,4132130
1789152541,3,0,0.002,4132130
1789152542,2,0,0.812,4132130
1789152542,4,0,0.198,4132130
1789152543,4,0,0.826,4132130
1789152543,4,0,0.603,4132130
1789152543,2,0,0.003,4132130
1789152543,0,0,0.003,4132130
1789152544,3,0,0.095,4132130
1789152545,4,0,1.031,4132130
1789152545,0,0,0.008,4132130
1789152545,3,0,0.103,4132130
1789152545,3,0,0.097,4132130
1789152545,4,0,0.508,4132130
1789152545,3,0,0.018,4132130
1789152545,0,0,0.006,4132130
1789152545,3,0,0.044,4132130
1789152545,0,0,0.018,4132130
1789152545,6,0,0.019,4132130
1789152546,4,0,0.405,4132130
1789152546,6,0,0.008,4132130
1789152546,3,0,0.064,4132130
1789152546,4,0,0.629,4132130
1789152546,3,0,0.009,4132130
1789152547,3,0,0.069,4132130
1789152547,5,0,0.171,4132130
1789152549,4,0,2.131,4132130
1789152549,3,0,0.188,4132130
1789152549,3,0,0.073,4132130
1789152549,0,0,0.01,4132130
1789152551,4,0,2.184,4132130
1789152551,6,0,0.005,4132130
1789152551,2,0,0.007,4132130
1789152552,5,0,0.491,4132130
1789152552,2,0,0.002,4132130
1789152553,2,0,1.421,4132130
1789152553,6,0,0.006,4132130
1789152554,2,0,0.425,4132130
1789152554,2,0,0.387,4132130
1789152554,6,0,0.006,4132130
1789152554,4,0,0.278,4132130
1789152554,3,0,0.033,4132130
1789152554,0,0,0.005,4132130
1789152554,3,0,0.067,4132130
1789152555,7,0,0.241,4132130
1789152555,3,0,0.062,4132130
1789152555,6,0,0.009,4132130
1789152560,5,0,5.21,4132130
1789152560,4,0,0.381,4132130
1789152561,4,0,0.34,4132130
1789152561,6,0,0.008,4132130
1789152561,4,0,0.611,4132130
1789152561,5,0,0.178,4132130
1789152561,2,0,0.003,4132130
1789152562,5,0,0.109,4132130
1789152562,3,0,0.087,4132130
1789152562,4,0,0.451,4132130
1789152563,2,0,0.604,4132130
1789152563,4,0,0.309,4132130
1789152563,3,0,0.007,4132130
1789152563,2,0,0.307,4132130
1789152563,6,0,0.01,4132130
1789152563,0,0,0.005,4132130
1789152564,5,0,0.64,4132130
1789152564,2,0,0.263,4132130
1789152564,1,0,0.002,4132130
1789152565,2,0,0.349,4132130
1789152565,4,0,0.755,4132130
1789152566,4,0,0.507,4132130
1789152566,4,0,0.27,4132130
1789152571,7,0,4.607,4132130
1789152571,6,0,0.006,4132130
1789152571,2,0,0.002,4132130
1789152571,1,0,0.001,4132130
1789152571,0,0,0.003,4132130
1789152571,4,0,0.491,4132130
1789152573,4,0,1.263,4132130
1789152573,3,0,0.035,4132130
1789152573,2,0,0.543,4132130
1789152575,4,0,1.636,4132130
1789152575,4,0,0.349,4132130
1789152577,2,0,2.029,4132130
1789152577,6,0,0.008,4132130
1789152577,2,0,0.002,4132130
1789152578,4,0,0.421,4132130
1789152578,3,0,0.003,4132130
1789152578,3,0,0.061,4132130
1789152578,3,0,0.098,4132130
1789152578,5,0,0.559,4132130
1789152578,0,0,0.006,4132130
1789152579,4,0,0.288,4132130
1789152579,6,0,0.005,4132130
1789152579,6,0,0.01,4132130
1789152579,2,0,0.583,4132130
1789152580,2,0,0.423,4132130
1789152580,2,0,0.82,4132130
1789152581,3,0,0.109,4132130
1789152581,2,0,0.001,4132130
1789152581,0,0,0.009,4132130
1789152581,4,0,0.898,4132130
1789152582,4,0,0.516,4132130
1789152582,0,0,0.006,4132130
1789152582,5,0,0.096,4132130
1789152582,4,0,0.316,4132130
1789152583,2,0,0.479,4132130
1789152583,5,0,0.14,4132130
1789152583,0,0,0.006,4132130
1789152583,5,0,0.231,4132130
1789152583,2,0,0.001,4132130
1789152583,3,0,0.162,4132130
1789152583,6,0,0.005,4132130
1789152584,4,0,0.589,4132130
1789152586,2,0,1.626,4132130
1789152586,4,0,0.728,4132130
1789152587,7,0,0.292,4132130
1789152587,0,0,0.004,4132130
1789152587,4,0,0.338,4132130
1789152587,4,0,0.519,4132130
1789152587,2,0,0.002,4132130
1789152588,5,0,0.594,4132130
1789152589,4,0,0.502,4132130
1789152589,0,0,0.011,4132130
1789152589,3,0,0.006,4132130
1789152589,5,0,0.478,4132130
1789152589,3,0,0.067,4132130
1789152589,3,0,0.053,4132130
1789152589,6,0,0.005,4132130
1789152589,0,0,0.011,4132130
1789152589,7,0,0.181,4132130
1789152593,7,0,3.927,4132130
1789152593,0,0,0.008,4132130
1789152594,2,0,0.99,4132130
1789152594,0,0,0.013,4132130
1789152595,2,0,0.459,4132130
1789152595,3,0,0.013,4132130
1789152595,0,0,0.011,4132130
1789152595,2,0,0.002,4132130
1789152595,4,0,0.554,4132130
1789152600,5,0,4.366,4132130
1789152600,3,0,0.013,4132130
1789152600,2,0,0.004,4132130
1789152600,3,0,0.037,4132130
1789152600,3,0,0.04,4132130
1789152601,4,0,1.413,4132130
1789152601,6,0,0.009,4132130
1789152601,0,0,0.011,4132130
1789152602,4,0,0.709,4132130
1789152603,2,0,0.673,4132130
1789152603,0,0,0.008,4132130
1789152603,3,0,0.066,4132130
1789152603,0,0,0.014,4132130
1789152603,3,0,0.137,4132130
1789152603,3,0,0.004,4132130
1789152604,2,0,0.641,4132130
1789152604,6,0,0.008,4132130
1789152604,4,0,0.578,4132130
1789152604,3,0,0.049,4132130
1789152604,0,0,0.013,4132130
1789152605,2,0,0.601,4132130
1789152605,6,0,0.01,4132130
1789152605,2,0,0.213,4132130
1789152605,3,0,0.013,4132130
1789152605,0,0,0.005,4132130
1789152605,4,0,0.385,4132130
1789152606,4,0,0.418,4132130
1789152606,0,0,0.005,4132130
1789152606,1,0,0.001,4132130
1789152606,1,0,0.001,4132130
1789152607,4,0,1.238,4132130
1789152607,1,0,0.001,4132130
1789152607,3,0,0.081,4132130
1789152607,0,0,0.007,4132130
1789152607,3,0,0.072,4132130
1789152607,0,0,0.011,4132130
1789152607,5,0,0.109,4132130
1789152607,3,0,0.038,4132130
1789152607,3,0,0.021,4132130
1789152608,4,0,0.657,4132130
1789152608,0,0,0.003,4132130
1789152608,0,0,0.004,4132130
1789152608,1,0,0.001,4132130
1789152609,5,0,0.703,4132130
1789152609,3,0,0.005,4132130
1789152609,3,0,0.088,4132130
1789152613,5,0,4.627,4132130
1789152613,3,0,0.01,4132130
1789152614,6,0,0.008,4132130
1789152614,2,0,0.861,4132130
1789152614,3,0,0.025,4132130
1789152614,2,0,0.008,4132130
1789152614,2,0,0.01,4132130
1789152614,6,0,0.006,4132130
1789152614,1,0,0.001,4132130
1789152614,1,0,0.001,4132130
1789152616,4,0,1.1,4132130
1789152619,5,0,3.412,4132130
1789152623,7,0,3.91,4132130
1789152623,6,0,0.009,4132130
1789152627,7,0,4.276,4132130
1789152627,5,0,0.153,4132130
1789152627,2,0,0.003,4132130
1789152627,3,0,0.164,4132130
1789152627,3,0,0.011,4132130
1789152628,4,0,0.719,4132130
1789152628,5,0,0.102,4132130
1789152628,6,0,0.01,4132130
1789152629,2,0,0.816,4132130
1789152631,4,0,2.084,4132130
1789152632,4,0,0.906,4132130
1789152632,2,0,0.001,4132130
1789152633,4,0,1.224,4132130
1789152633,6,0,0.003,4132130
1789152633,6,0,0.006,4132130
1789152633,2,0,0.001,4132130
1789152633,3,0,0.074,4132130
1789152633,3,0,0.051,4132130
1789152633,0,0,0.005,4132130
1789152634,2,0,0.216,4132130
1789152634,4,0,0.763,4132130
1789152635,2,0,0.941,4132130
1789152635,1,0,0.002,4132130
1789152636,4,0,0.239,4132130
1789152638,5,0,2.273,4132130
1789152638,6,0,0.004,4132130
1789152638,6,0,0.006,4132130
1789152638,7,0,0.202,4132130
1789152638,0,0,0.008,4132130
1789152638,2,0,0.002,4132130
1789152643,5,0,4.651,4132130
1789152644,4,0,1.108,4132130
1789152644,0,0,0.002,4132130
1789152645,4,0,0.629,4132130
1789152645,3,0,0.037,4132130
1789152645,3,0,0.006,4132130
1789152645,1,0,0.001,4132130
1789152645,2,0,0.244,4132130
1789152645,3,0,0.092,4132130
1789152645,3,0,0.005,4132130
1789152645,3,0,0.057,4132130
1789152645,2,0,0.001,4132130
1789152645,3,0,0.039,4132130
1789152645,2,0,0.169,4132130
1789152646,7,0,0.949,4132130
1789152646,3,0,0.123,4132130
1789152646,1,0,0.001,4132130
1789152646,3,0,0.086,4132130
1789152647,4,0,0.626,4132130
1789152648,2,0,0.704,4132130
1789152648,0,0,0.004,4132130
1789152649,4,0,0.866,4132130
1789152649,0,0,0.013,4132130
1789152649,6,0,0.005,4132130
1789152649,3,0,0.106,4132130
1789152649,4,0,0.663,4132130
1789152649,5,0,0.16,4132130
1789152650,4,0,0.594,4132130
1789152650,0,0,0.015,4132130
1789152651,4,0,0.562,4132130
1789152652,2,0,0.907,4132130
1789152652,2,0,0.002,4132130
1789152652,0,0,0.004,4132130
1789152652,3,0,0.001,4132130
1789152652,3,0,0.005,4132130
1789152652,4,0,0.472,4132130
1789152653,4,0,1.234,4132130
1789152653,6,0,0.006,4132130
1789152653,0,0,0.003,4132130
1789152653,3,0,0.036,4132130
1789152654,4,0,0.394,4132130
1789152654,3,0,0.129,4132130
1789152654,3,0,0.21,4132130
1789152654,2,0,0.001,4132130
1789152655,4,0,0.74,4132130
1789152655,6,0,0.005,4132130
1789152655,6,0,0.008,4132130
1789152655,2,0,0.003,4132130
1789152655,1,0,0.001,4132130
1789152655,1,0,0.001,4132130
1789152655,6,0,0.005,4132130
1789152656,4,0,0.965,4132130
1789152656,3,0,0.073,4132130
1789152656,2,0,0.001,4132130
1789152657,5,0,0.756,4132130
1789152658,5,0,1.25,4132130
1789152658,2,0,0.638,4132130
1789152659,3,0,0.056,4132130
1789152659,0,0,0.004,4132130
1789152659,3,0,0.005,4132130
1789152659,1,0,0.001,4132130
1789152659,4,0,0.524,4132130
1789152661,4,0,1.576,4132130
1789152661,0,0,0.004,4132130
1789152661,3,0,0.044,4132130
1789152661,4,0,0.475,4132130
1789152666,5,0,4.448,4132130
1789152666,4,0,0.691,4132130
1789152666,3,0,0.084,4132130
1789152666,3,0,0.064,4132130
1789152668,5,0,1.907,4132130
1789152669,4,0,0.701,4132130
1789152669,2,0,0.002,4132130
1789152670,4,0,0.468,4132130
1789152670,5,0,0.59,4132130
1789152670,0,0,0.005,4132130
1789152670,3,0,0.084,4132130
1789152670,6,0,0.005,4132130
1789152670,1,0,0.001,4132130
1789152670,3,0,0.008,4132130
1789152674,5,0,3.505,4132130
1789152674,4,0,0.732,4132130
1789152674,6,0,0.004,4132130
1789152675,3,0,0.092,4132130
1789152675,4,0,0.603,4132130
1789152675,6,0,0.006,4132130
1789152675,3,0,0.014,4132130
1789152675,3,0,0.011,4132130
1789152675,0,0,0.004,4132130
1789152676,4,0,0.486,4132130
1789152676,4,0,0.49,4132130
1789152676,6,0,0.005,4132130
1789152676,6,0,0.007,4132130
1789152676,0,0,0.006,4132130
1789152677,2,0,0.658,4132130
1789152677,1,0,0.001,4132130
1789152677,4,0,0.339,4132130
1789152677,6,0,0.006,4132130
1789152677,2,0,0.001,4132130
1789152677,2,0,0.001,4132130
1789152677,3,0,0.091,4132130
1789152678,2,0,0.953,4132130
1789152678,3,0,0.074,4132130
1789152678,0,0,0.003,4132130
1789152679,2,0,0.54,4132130
1789152679,2,0,0.001,4132130
1789152679,2,0,0.61,4132130
1789152680,4,0,0.353,4132130
1789152682,2,0,1.859,4132130
1789152683,4,0,1.024,4132130
1789152683,0,0,0.023,4132130
1789152683,0,0,0.004,4132130
1789152683,0,0,0.006,4132130
1789152683,3,0,0.003,4132130
1789152683,2,0,0.002,4132130
1789152683,2,0,0.002,4132130
1789152683,0,0,0.011,4132130
1789152683,2,0,0.369,4132130
1789152683,0,0,0.011,4132130
1789152683,7,0,0.158,4132130
1789152684,4,0,0.277,4132130
1789152687,5,0,3.877,4132130
1789152687,6,0,0.021,4132130
1789152688,3,0,0.109,4132130
1789152688,4,0,0.435,4132130
1789152688,4,0,0.404,4132130
1789152689,2,0,1.056,4132130
1789152690,3,0,0.024,4132130
1789152690,1,0,0.002,4132130
1789152690,0,0,0.004,4132130
1789152690,2,0,0.516,4132130
1789152690,6,0,0.007,4132130
1789152690,6,0,0.011,4132130
1789152690,4,0,0.428,4132130
1789152690,6,0,0.004,4132130
1789152691,4,0,0.366,4132130
1789152694,5,0,3.466,4132130
1789152694,3,0,0.078,4132130
1789152695,4,0,0.352,4132130
1789152695,2,0,0.004,4132130
1789152695,3,0,0.008,4132130
1789152695,0,0,0.009,4132130
1789152695,1,0,0.001,4132130
1789152695,3,0,0.085,4132130
1789152695,5,0,0.109,4132130
1789152695,0,0,0.006,4132130
1789152695,3,0,0.006,4132130
1789152695,6,0,0.008,4132130
1789152695,0,0,0.013,4132130
1789152695,1,0,0.001,4132130
1789152695,3,0,0.072,4132130
1789152695,0,0,0.008,4132130
1789152695,5,0,0.368,4132130
1789152696,4,0,0.893,4132130
1789152696,0,0,0.024,4132130
1789152696,1,0,0.001,4132130
1789152697,2,0,0.863,4132130
1789152698,5,0,0.679,4132130
1789152698,4,0,0.349,4132130
1789152698,3,0,0.01,4132130
1789152699,4,0,0.72,4132130
1789152699,6,0,0.008,4132130
1789152699,6,0,0.006,4132130
1789152699,3,0,0.071,4132130
1789152699,1,0,0.002,4132130
1789152703,5,0,3.896,4132130
1789152703,4,0,0.294,4132130
1789152703,6,0,0.008,4132130
1789152704,4,0,0.278,4132130
1789152704,6,0,0.008,4132130
1789152704,2,0,0.403,4132130
1789152704,6,0,0.005,4132130
1789152704,3,0,0.169,4132130
1789152705,4,0,0.484,4132130
1789152705,2,0,0.692,4132130
1789152705,1,0,0.001,4132130
1789152706,4,0,0.979,4132130
1789152706,3,0,0.061,4132130
1789152706,3,0,0.043,4132130
1789152710,7,0,3.933,4132130
1789152710,6,0,0.005,4132130
1789152711,7,0,0.319,4132130
1789152711,4,0,0.448,4132130
1789152711,3,0,0.005,4132130
1789152711,6,0,0.005,4132130
1789152711,3,0,0.044,4132130
1789152711,0,0,0.008,4132130
1789152712,4,0,0.59,4132130
1789152712,3,0,0.059,4132130
1789152712,1,0,0.001,4132130
1789152713,5,0,1.169,4132130
1789152714,4,0,1.126,4132130
1789152715,2,0,0.675,4132130
1789152715,0,0,0.01,4132130
1789152715,5,0,0.333,4132130
1789152716,4,0,0.821,4132130
1789152717,4,0,1.169,4132130
1789152717,0,0,0.005,4132130
1789152718,2,0,0.541,4132130
1789152719,2,0,1.612,4132130
1789152720,5,0,1.151,4132130
1789152720,0,0,0.007,4132130
1789152721,2,0,0.561,4132130
1789152722,4,0,0.742,4132130
1789152722,7,0,0.255,4132130
1789152722,2,0,0.007,4132130
1789152722,0,0,0.007,4132130
1789152722,0,0,0.024,4132130
1789152722,0,0,0.011,4132130
1789152723,2,0,1.381,4132130
1789152723,0,0,0.008,4132130
1789152724,4,0,0.501,4132130
1789152724,3,0,0.035,4132130
1789152724,6,0,0.006,4132130
1789152724,3,0,0.069,4132130
1789152724,3,0,0.03,4132130
1789152725,4,0,0.699,4132130
1789152725,6,0,0.006,4132130
1789152725,3,0,0.004,4132130
1789152725,1,0,0.001,4132130
1789152725,3,0,0.029,4132130
1789152725,4,0,0.613,4132130
1789152726,4,0,0.634,4132130
1789152730,5,0,4.129,4132130
1789152730,3,0,0.016,4132130
1789152730,0,0,0.003,4132130
1789152730,6,0,0.008,4132130
1789152731,5,0,0.731,4132130
1789152731,4,0,0.499,4132130
1789152731,0,0,0.007,4132130
1789152732,4,0,0.246,4132130
1789152732,3,0,0.087,4132130
1789152732,2,0,0.002,4132130
1789152732,3,0,0.003,4132130
1789152732,3,0,0.099,4132130
1789152732,6,0,0.004,4132130
1789152732,0,0,0.009,4132130
1789152732,6,0,0.007,4132130
1789152732,4,0,0.56,4132130
1789152734,4,0,1.127,4132130
1789152734,3,0,0.064,4132130
1789152734,4,0,0.334,4132130
1789152734,0,0,0.009,4132130
1789152735,4,0,0.491,4132130
1789152735,0,0,0.008,4132130
1789152735,1,0,0.001,4132130
1789152735,0,0,0.01,4132130
1789152735,6,0,0.008,4132130
1789152735,4,0,0.436,4132130
1789152736,4,0,0.639,4132130
1789152736,3,0,0.008,4132130
1789152736,4,0,0.375,4132130
1789152740,5,0,3.576,4132130
1789152740,0,0,0.003,4132130
1789152740,4,0,0.175,4132130
1789152740,4,0,0.557,4132130
1789152740,2,0,0.011,4132130
1789152740,3,0,0.106,4132130
1789152740,2,0,0.003,4132130
1789152740,0,0,0.014,4132130
1789152740,2,0,0.002,4132130
1789152741,4,0,0.622,4132130
1789152742,2,0,0.843,4132130
1789152743,2,0,0.742,4132130
1789152743,0,0,0.01,4132130
1789152743,4,0,0.279,4132130
1789152743,4,0,0.299,4132130
1789152743,1,0,0.002,4132130
1789152743,5,0,0.194,4132130
1789152747,5,0,3.303,4132130
1789152747,3,0,0.087,4132130
1789152747,5,0,0.163,4132130
1789152747,6,0,0.007,4132130
1789152747,3,0,0.01,4132130
1789152747,0,0,0.006,4132130
1789152747,6,0,0.006,4132130
1789152747,0,0,0.005,4132130
1789152747,4,0,0.277,4132130
1789152747,0,0,0.009,4132130
1789152750,5,0,3.082,4132130
1789152750,6,0,0.005,4132130
1789152750,2,0,0.002,4132130
1789152751,4,0,0.147,4132130
1789152751,3,0,0.004,4132130
1789152751,3,0,0.081,4132130
1789152751,4,0,0.457,4132130
1789152751,2,0,0.002,4132130
1789152752,4,0,0.865,4132130
1789152752,6,0,0.005,4132130
1789152752,0,0,0.003,4132130
1789152752,3,0,0.076,4132130
1789152752,6,0,0.01,4132130
1789152752,0,0,0.01,4132130
1789152752,2,0,0.004,4132130
1789152753,5,0,0.543,4132130
1789152753,3,0,0.007,4132130
1789152753,6,0,0.007,4132130
1789152753,3,0,0.005,4132130
1789152753,4,0,0.191,4132130
1789152753,0,0,0.006,4132130
1789152753,0,0,0.005,4132130
1789152753,3,0,0.131,4132130
1789152753,3,0,0.111,4132130
1789152753,3,0,0.027,4132130
1789152753,6,0,0.006,4132130
1789152753,0,0,0.007,4132130
1789152753,1,0,0.001,4132130
1789152753,3,0,0.045,4132130
1789152753,6,0,0.016,4132130
1789152754,2,0,0.352,4132130
1789152755,5,0,0.985,4132130
1789152755,4,0,0.627,4132130
1789152756,4,0,1.366,4132130
1789152756,2,0,0.001,4132130
1789152757,3,0,0.055,4132130
1789152757,1,0,0.001,4132130
1789152757,1,0,0.001,4132130
1789152757,4,0,0.456,4132130
1789152757,4,0,0.371,4132130
1789152757,3,0,0.006,4132130
1789152757,6,0,0.004,4132130
1789152759,4,0,1.673,4132130
1789152759,0,0,0.006,4132130
1789152759,4,0,0.234,4132130
1789152759,3,0,0.004,4132130
1789152759,1,0,0.001,4132130
1789152759,3,0,0.012,4132130
1789152760,4,0,0.261,4132130
1789152760,0,0,0.003,4132130
1789152760,3,0,0.102,4132130
1789152760,4,0,0.78,4132130
1789152762,4,0,1.563,4132130
1789152762,6,0,0.006,4132130
1789152762,2,0,0.001,4132130
1789152762,3,0,0.012,4132130
1789152762,0,0,0.023,4132130
1789152762,3,0,0.074,4132130
1789152763,4,0,0.782,4132130
1789152763,3,0,0.085,4132130
1789152763,0,0,0.003,4132130
1789152763,6,0,0.005,4132130
1789152763,6,0,0.006,4132130
1789152766,7,0,2.638,4132130
1789152766,5,0,0.797,4132130
1789152767,2,0,0.622,4132130
1789152767,2,0,0.002,4132130
1789152767,4,0,0.408,4132130
1789152768,4,0,0.674,4132130
1789152768,0,0,0.006,4132130
1789152768,5,0,0.103,4132130
1789152768,3,0,0.011,4132130
1789152768,0,0,0.052,4132130
1789152769,4,0,0.611,4132130
1789152770,4,0,0.904,4132130
1789152770,6,0,0.005,4132130
1789152770,3,0,0.004,4132130
1789152770,0,0,0.013,4132130
1789152770,0,0,0.005,4132130
1789152771,5,0,0.659,4132130
1789152771,2,0,0.002,4132130
1789152771,2,0,0.002,4132130
1789152771,2,0,0.302,4132130
1789152771,0,0,0.011,4132130
1789152771,0,0,0.002,4132130
1789152771,4,0,0.258,4132130
1789152771,1,0,0.001,4132130
1789152771,2,0,0.003,4132130
1789152771,0,0,0.004,4132130
1789152771,6,0,0.013,4132130
1789152771,3,0,0.062,4132130
1789152771,6,0,0.007,4132130
1789152771,6,0,0.004,4132130
1789152771,3,0,0.058,4132130
1789152776,5,0,4.456,4132130
1789152776,3,0,0.016,4132130
1789152776,5,0,0.112,4132130
1789152777,4,0,0.974,4132130
1789152778,4,0,1.028,4132130
1789152778,0,0,0.007,4132130
1789152778,0,0,0.004,4132130
1789152778,0,0,0.005,4132130
1789152778,2,0,0.002,4132130
1789152778,6,0,0.009,4132130
1789152778,0,0,0.005,4132130
1789152783,5,0,5.281,4132130
1789152783,2,0,0.001,4132130
1789152783,2,0,0.003,4132130
1789152783,3,0,0.145,4132130
1789152784,4,0,0.67,4132130
1789152785,4,0,0.549,4132130
1789152785,7,0,0.347,4132130
1789152785,3,0,0.003,4132130
1789152789,5,0,4.494,4132130
1789152789,0,0,0.005,4132130
1789152790,2,0,0.511,4132130
1789152790,4,0,0.302,4132130
1789152791,4,0,0.576,4132130
1789152791,4,0,0.518,4132130
1789152792,2,0,0.795,4132130
1789152792,0,0,0.019,4132130
1789152793,4,0,0.446,4132130
1789152796,7,0,3.56,4132130
1789152797,4,0,0.909,4132130
1789152797,0,0,0.01,4132130
1789152798,2,0,0.633,4132130
1789152798,4,0,0.409,4132130
1789152798,4,0,0.261,4132130
1789152798,6,0,0.006,4132130
1789152798,3,0,0.006,4132130
1789152798,6,0,0.01,4132130
1789152798,2,0,0.001,4132130
1789152799,4,0,0.305,4132130
1789152799,3,0,0.009,4132130
1789152800,4,0,0.886,4132130
1789152800,2,0,0.68,4132130
1789152801,4,0,0.51,4132130
1789152801,3,0,0.008,4132130
1789152801,4,0,0.404,4132130
1789152801,0,0,0.006,4132130
1789152801,3,0,0.033,4132130
1789152802,4,0,0.468,4132130
1789152803,2,0,0.874,4132130
1789152803,3,0,0.009,4132130
1789152803,6,0,0.013,4132130
1789152803,0,0,0.004,4132130
1789152803,6,0,0.005,4132130
1789152803,1,0,0.002,4132130
1789152803,1,0,0.001,4132130
1789152803,3,0,0.05,4132130
1789152803,4,0,0.829,4132130
1789152804,3,0,0.057,4132130
1789152804,3,0,0.076,4132130
1789152804,0,0,0.008,4132130
1789152804,6,0,0.007,4132130
1789152804,5,0,0.637,4132130
1789152804,0,0,0.028,4132130
1789152804,3,0,0.008,4132130
1789152804,3,0,0.005,4132130
1789152804,3,0,0.124,4132130
1789152805,4,0,0.755,4132130
1789152805,6,0,0.008,4132130
1789152805,5,0,0.243,4132130
1789152806,4,0,0.542,4132130
1789152806,4,0,0.364,4132130
1789152806,3,0,0.094,4132130
1789152807,2,0,0.82,4132130
1789152808,2,0,0.425,4132130
1789152808,0,0,0.008,4132130
1789152808,1,0,0.001,4132130
1789152809,2,0,1,4132130
1789152812,5,0,3.72,4132130
1789152813,4,0,0.647,4132130
1789152813,3,0,0.007,4132130
1789152817,5,0,3.646,4132130
1789152817,0,0,0.014,4132130
1789152817,0,0,0.008,4132130
1789152817,3,0,0.005,4132130
1789152817,3,0,0.038,4132130
1789152817,3,0,0.032,4132130
1789152821,5,0,4.358,4132130
1789152821,3,0,0.005,4132130
1789152822,4,0,0.426,4132130
1789152822,3,0,0.007,4132130
1789152822,3,0,0.073,4132130
1789152822,6,0,0.004,4132130
1789152822,2,0,0.007,4132130
1789152822,4,0,0.463,4132130
1789152822,6,0,0.009,4132130
1789152822,3,0,0.04,4132130
1789152823,2,0,0.757,4132130
1789152824,4,0,0.603,4132130
1789152824,4,0,0.41,4132130
1789152824,3,0,0.035,4132130
1789152824,1,0,0.001,4132130
1789152826,4,0,1.528,4132130
1789152826,4,0,0.559,4132130
1789152828,4,0,1.886,4132130
1789152828,6,0,0.005,4132130
1789152828,6,0,0.009,4132130
1789152828,2,0,0.003,4132130
1789152828,3,0,0.004,4132130
1789152832,5,0,4.029,4132130
1789152832,5,0,0.476,4132130
1789152833,2,0,0.007,4132130
1789152833,2,0,0.001,4132130
1789152833,3,0,0.009,4132130
1789152833,5,0,0.757,4132130
1789152833,2,0,0.002,4132130
1789152833,2,0,0.002,4132130
1789152833,2,0,0.002,4132130
1789152833,3,0,0.007,4132130
1789152833,0,0,0.03,4132130
1789152834,5,0,0.311,4132130
1789152834,6,0,0.01,4132130
1789152834,0,0,0.012,4132130
1789152834,0,0,0.013,4132130
1789152834,6,0,0.006,4132130
1789152834,1,0,0.001,4132130
1789152834,1,0,0,4132130
1789152834,2,0,0.336,4132130
1789152834,2,0,0.001,4132130
1789152835,2,0,0.527,4132130
1789152839,5,0,4.675,4132130
1789152839,0,0,0.006,4132130
1789152840,5,0,0.418,4132130
1789152842,4,0,2.28,4132130
1789152842,3,0,0.083,4132130
1789152842,1,0,0.002,4132130
1789152842,0,0,0.002,4132130
1789152842,3,0,0.009,4132130
1789152842,4,0,0.482,4132130
1789152843,5,0,0.234,4132130
1789152843,6,0,0.008,4132130
1789152843,2,0,0.003,4132130
1789152843,2,0,0.637,4132130
1789152844,7,0,0.172,4132130
1789152844,3,0,0.149,4132130
1789152844,6,0,0.008,4132130
1789152847,7,0,3.016,4132130
1789152847,3,0,0.15,4132130
1789152847,3,0,0.134,4132130
1789152847,0,0,0.011,4132130
1789152847,2,0,0.002,4132130
1789152848,4,0,0.701,4132130
1789152848,0,0,0.007,4132130
1789152848,0,0,0.05,4132130
1789152848,4,0,0.568,4132130
1789152850,2,0,1.916,4132130
1789152851,4,0,0.576,4132130
1789152851,1,0,0.002,4132130
1789152851,2,0,0.131,4132130
1789152851,6,0,0.021,4132130
1789152852,4,0,0.949,4132130
1789152852,5,0,0.262,4132130
1789152852,3,0,0.015,4132130
1789152852,2,0,0.002,4132130
1789152852,0,0,0.018,4132130
1789152852,3,0,0.015,4132130
1789152852,0,0,0.009,4132130
1789152852,6,0,0.011,4132130
1789152852,3,0,0.048,4132130
1789152852,0,0,0.007,4132130
1789152852,3,0,0.049,4132130
1789152852,6,0,0.007,4132130
1789152852,3,0,0.008,4132130
1789152853,4,0,0.95,4132130
1789152853,3,0,0.071,4132130
1789152854,3,0,0.095,4132130
1789152854,6,0,0.028,4132130
1789152854,5,0,0.477,4132130
1789152855,4,0,0.492,4132130
1789152855,3,0,0.004,4132130
1789152855,0,0,0.007,4132130
1789152855,1,0,0.001,4132130
1789152855,0,0,0.012,4132130
1789152855,4,0,0.335,4132130
1789152855,3,0,0.092,4132130
1789152856,4,0,0.922,4132130
1789152857,4,0,0.933,4132130
1789152857,0,0,0.005,4132130
1789152857,4,0,0.533,4132130
1789152858,4,0,1.095,4132130
1789152859,3,0,0.176,4132130
1789152859,3,0,0.053,4132130
1789152859,2,0,0.001,4132130
1789152859,3,0,0.033,4132130
1789152859,3,0,0.046,4132130
1789152860,2,0,0.755,4132130
1789152860,0,0,0.025,4132130
1789152860,2,0,0.015,4132130
1789152860,3,0,0.139,4132130
1789152860,4,0,0.783,4132130
1789152861,3,0,0.089,4132130
1789152861,6,0,0.008,4132130
1789152861,0,0,0.008,4132130
1789152861,2,0,0.23,4132130
1789152861,6,0,0.007,4132130
1789152861,6,0,0.004,4132130
1789152861,3,0,0.11,4132130
1789152861,2,0,0.002,4132130
1789152861,2,0,0.448,4132130
1789152861,3,0,0.007,4132130
1789152862,5,0,0.121,4132130
1789152862,0,0,0.003,4132130
1789152862,6,0,0.008,4132130
1789152862,0,0,0.04,4132130
1789152862,5,0,0.119,4132130
1789152862,5,0,0.48,4132130
1789152862,3,0,0.088,4132130
1789152862,0,0,0.008,4132130
1789152862,3,0,0.011,4132130
1789152863,4,0,0.518,4132130
1789152863,0,0,0.003,4132130
1789152863,4,0,0.427,4132130
1789152867,7,0,4.017,4132130
1789152868,4,0,0.656,4132130
1789152869,4,0,0.835,4132130
1789152869,0,0,0.005,4132130
1789152869,6,0,0.008,4132130
1789152869,1,0,0.002,4132130
1789152869,4,0,0.743,4132130
1789152869,6,0,0.008,4132130
1789152869,1,0,0.001,4132130
1789152869,0,0,0.006,4132130
1789152871,4,0,1.124,4132130
1789152871,3,0,0.037,4132130
1789152871,3,0,0.006,4132130
1789152871,2,0,0.003,4132130
1789152871,7,0,0.39,4132130
1789152871,2,0,0.002,4132130
1789152871,3,0,0.008,4132130
1789152872,4,0,0.485,4132130
1789152872,3,0,0.096,4132130
1789152872,1,0,0.001,4132130
1789152872,3,0,0.009,4132130
1789152873,4,0,1.229,4132130
1789152873,3,0,0.005,4132130
1789152873,1,0,0.001,4132130
1789152873,3,0,0.016,4132130
1789152873,3,0,0.07,4132130
1789152877,5,0,4.198,4132130
1789152878,5,0,0.527,4132130
1789152879,5,0,0.794,4132130
1789152879,2,0,0.002,4132130
1789152879,0,0,0.013,4132130
1789152879,4,0,0.402,4132130
1789152879,4,0,0.423,4132130
1789152879,3,0,0.056,4132130
1789152879,6,0,0.007,4132130
1789152879,0,0,0.004,4132130
1789152879,0,0,0.003,4132130
1789152880,4,0,0.229,4132130
1789152880,2,0,0.774,4132130
1789152880,0,0,0.01,4132130
1789152881,4,0,0.448,4132130
1789152881,0,0,0.002,4132130
1789152881,1,0,0.002,4132130
1789152881,3,0,0.007,4132130
1789152881,2,0,0.292,4132130
1789152882,4,0,0.515,4132130
1789152883,4,0,0.886,4132130
1789152884,4,0,1.525,4132130
1789152884,3,0,0.084,4132130
1789152884,0,0,0.003,4132130
1789152884,0,0,0.005,4132130
1789152884,0,0,0.011,4132130
1789152884,2,0,0.001,4132130
1789152885,2,0,0.347,4132130
1789152885,4,0,0.2,4132130
1789152885,0,0,0.005,4132130
1789152885,5,0,0.127,4132130
1789152885,0,0,0.003,4132130
1789152885,2,0,0.33,4132130
1789152885,2,0,0.003,4132130
1789152885,4,0,0.181,4132130
1789152886,7,0,0.312,4132130
1789152886,4,0,0.311,4132130
1789152888,4,0,1.872,4132130
1789152888,1,0,0.001,4132130
1789152888,6,0,0.004,4132130
1789152888,2,0,0.384,4132130
1789152893,5,0,4.851,4132130
1789152893,0,0,0.005,4132130
1789152894,4,0,0.773,4132130
1789152894,6,0,0.008,4132130
1789152894,4,0,0.55,4132130
1789152895,4,0,0.68,4132130
1789152896,2,0,0.465,4132130
1789152896,3,0,0.004,4132130
1789152896,3,0,0.028,4132130
1789152896,4,0,0.741,4132130
1789152896,6,0,0.007,4132130
1789152896,6,0,0.006,4132130
1789152896,6,0,0.004,4132130
1789152896,3,0,0.067,4132130
1789152897,3,0,0.06,4132130
1789152897,2,0,0.228,4132130
1789152898,5,0,0.937,4132130
1789152898,3,0,0.041,4132130
1789152899,4,0,0.857,4132130
1789152899,1,0,0.001,4132130
1789152899,2,0,0.002,4132130
1789152899,3,0,0.034,4132130
1789152899,3,0,0.008,4132130
1789152899,2,0,0.699,4132130
1789152899,6,0,0.006,4132130
1789152900,7,0,0.833,4132130
1789152900,4,0,0.304,4132130
1789152900,2,0,0.002,4132130
1789152901,4,0,0.333,4132130
1789152901,3,0,0.026,4132130
1789152901,6,0,0.008,4132130
1789152901,3,0,0.047,4132130
1789152902,4,0,0.729,4132130
1789152902,6,0,0.007,4132130
1789152902,6,0,0.008,4132130
1789152902,3,0,0.034,4132130
1789152903,5,0,1.678,4132130
1789152903,0,0,0.005,4132130
1789152904,2,0,0.765,4132130
1789152905,4,0,0.68,4132130
1789152905,6,0,0.006,4132130
1789152910,5,0,5.218,4132130
1789152912,4,0,1.489,4132130
1789152912,4,0,0.115,4132130
1789152912,3,0,0.093,4132130
1789152912,3,0,0.028,4132130
1789152912,4,0,0.567,4132130
1789152912,3,0,0.052,4132130
1789152912,6,0,0.007,4132130
1789152913,3,0,0.122,4132130
1789152913,3,0,0.136,4132130
1789152913,2,0,0.005,4132130
1789152913,2,0,0.001,4132130
1789152913,2,0,0.012,4132130
1789152913,2,0,0.77,4132130
1789152913,2,0,0.002,4132130
1789152914,4,0,0.739,4132130
1789152914,0,0,0.006,4132130
1789152914,0,0,0.003,4132130
1789152914,3,0,0.061,4132130
1789152914,3,0,0.051,4132130
1789152914,3,0,0.082,4132130
1789152914,1,0,0.002,4132130
1789152914,2,0,0.001,4132130
1789152914,3,0,0.005,4132130
1789152915,4,0,0.937,4132130
1789152917,5,0,1.257,4132130
1789152917,4,0,0.302,4132130
1789152917,2,0,0.004,4132130
1789152917,4,0,0.47,4132130
1789152917,6,0,0.007,4132130
1789152918,4,0,0.669,4132130
1789152918,6,0,0.006,4132130
1789152918,0,0,0.006,4132130
1789152918,0,0,0.012,4132130
1789152918,3,0,0.007,4132130
1789152919,5,0,0.442,4132130
1789152919,0,0,0.004,4132130
1789152919,3,0,0.087,4132130
1789152919,3,0,0.138,4132130
1789152919,3,0,0.142,4132130
1789152919,0,0,0.006,4132130
1789152922,7,0,2.804,4132130
1789152922,1,0,0.002,4132130
1789152923,4,0,0.936,4132130
1789152923,1,0,0.002,4132130
1789152923,6,0,0.004,4132130
1789152923,0,0,0.003,4132130
1789152923,0,0,0.004,4132130
1789152923,0,0,0.005,4132130
1789152923,4,0,0.344,4132130
1789152923,1,0,0.001,4132130
1789152928,5,0,4.551,4132130
1789152928,4,0,0.221,4132130
1789152928,5,0,0.271,4132130
1789152928,6,0,0.006,4132130
1789152928,6,0,0.004,4132130
1789152929,2,0,0.641,4132130
1789152929,4,0,0.464,4132130
1789152929,4,0,0.269,4132130
1789152931,5,0,1.333,4132130
1789152931,2,0,0.003,4132130
1789152931,3,0,0.06,4132130
1789152931,1,0,0.001,4132130
1789152931,6,0,0.003,4132130
1789152931,6,0,0.004,4132130
1789152931,3,0,0.026,4132130
1789152931,4,0,0.247,4132130
1789152932,4,0,0.619,4132130
1789152932,0,0,0.013,4132130
1789152932,4,0,0.207,4132130
1789152932,0,0,0.009,4132130
1789152932,0,0,0.006,4132130
1789152932,6,0,0.008,4132130
1789152932,3,0,0.115,4132130
1789152932,5,0,0.214,4132130
1789152932,2,0,0.003,4132130
1789152932,5,0,0.112,4132130
1789152932,3,0,0.011,4132130
1789152934,4,0,1.121,4132130
1789152934,0,0,0.005,4132130
1789152934,3,0,0.049,4132130
1789152934,4,0,0.535,4132130
1789152934,5,0,0.129,4132130
1789152938,5,0,3.429,4132130
1789152938,0,0,0.005,4132130
1789152938,2,0,0.003,4132130
1789152938,2,0,0.002,4132130
1789152938,4,0,0.487,4132130
1789152938,6,0,0.006,4132130
1789152938,0,0,0.004,4132130
1789152939,5,0,1.146,4132130
1789152942,5,0,2.935,4132130
1789152942,0,0,0.008,4132130
1789152942,1,0,0.001,4132130
1789152943,4,0,0.298,4132130
1789152943,3,0,0.105,4132130
1789152943,6,0,0.009,4132130
1789152943,0,0,0.015,4132130
1789152943,5,0,0.128,4132130
1789152947,5,0,4.122,4132130
1789152947,3,0,0.006,4132130
1789152947,2,0,0.003,4132130
1789152948,4,0,1.194,4132130
1789152948,6,0,0.015,4132130
1789152948,6,0,0.011,4132130
1789152948,0,0,0.008,4132130
1789152948,4,0,0.241,4132130
1789152954,7,0,5.108,4132130
1789152954,0,0,0.004,4132130
1789152954,2,0,0.579,4132130
1789152954,2,0,0.001,4132130
1789152954,0,0,0.009,4132130
1789152955,4,0,0.824,4132130
1789152955,3,0,0.032,4132130
1789152956,2,0,0.512,4132130
1789152956,5,0,0.135,4132130
1789152956,4,0,0.339,4132130
1789152957,2,0,0.947,4132130
1789152958,4,0,0.939,4132130
1789152958,5,0,0.166,4132130
1789152958,1,0,0.001,4132130
1789152958,4,0,0.292,4132130
1789152959,4,0,0.429,4132130
1789152960,5,0,0.873,4132130
1789152960,3,0,0.012,4132130
1789152960,3,0,0.112,4132130
1789152965,5,0,4.885,4132130
1789152965,6,0,0.006,4132130
1789152965,0,0,0.005,4132130
1789152965,2,0,0.001,4132130
1789152966,2,0,0.864,4132130
1789152966,4,0,0.202,4132130
1789152966,4,0,0.745,4132130
1789152967,4,0,0.311,4132130
1789152967,0,0,0.004,4132130
1789152967,0,0,0.021,4132130
1789152968,4,0,0.738,4132130
1789152968,3,0,0.025,4132130
1789152968,3,0,0.006,4132130
1789152968,6,0,0.006,4132130
1789152968,0,0,0.006,4132130
1789152968,2,0,0.471,4132130
1789152969,4,0,0.887,4132130
1789152969,2,0,0.009,4132130
1789152969,0,0,0.018,4132130
1789152969,3,0,0.044,4132130
1789152970,4,0,0.86,4132130
1789152970,3,0,0.092,4132130
1789152971,7,0,1.452,4132130
1789152975,5,0,3.663,4132130
1789152975,5,0,0.136,4132130
1789152975,0,0,0.009,4132130
1789152976,4,0,0.305,4132130
1789152976,7,0,0.141,4132130
1789152976,5,0,0.278,4132130
1789152976,5,0,0.506,4132130
1789152976,6,0,0.01,4132130
1789152977,4,0,0.393,4132130
1789152977,4,0,0.293,4132130
1789152977,0,0,0.006,4132130
1789152977,3,0,0.056,4132130
1789152977,0,0,0.004,4132130
1789152977,1,0,0.001,4132130
1789152977,3,0,0.002,4132130
1789152978,2,0,0.434,4132130
1789152978,6,0,0.009,4132130
1789152978,4,0,0.264,4132130
1789152978,4,0,0.281,4132130
1789152978,3,0,0.011,4132130
1789152979,4,0,0.502,4132130
1789152979,4,0,0.681,4132130
1789152979,6,0,0.006,4132130
1789152979,1,0,0.001,4132130
1789152979,0,0,0.006,4132130
1789152980,2,0,0.366,4132130
1789152980,6,0,0.011,4132130
1789152980,6,0,0.006,4132130
1789152980,3,0,0.042,4132130
1789152980,4,0,0.358,4132130
1789152981,2,0,0.715,4132130
1789152981,3,0,0.039,4132130
1789152982,4,0,1.359,4132130
1789152983,7,0,0.389,4132130
1789152983,3,0,0.007,4132130
1789152983,3,0,0.095,4132130
1789152983,3,0,0.069,4132130
1789152983,6,0,0.024,4132130
1789152983,6,0,0.005,4132130
1789152983,0,0,0.004,4132130
1789152983,3,0,0.089,4132130
1789152983,6,0,0.006,4132130
1789152983,5,0,0.278,4132130
1789152983,0,0,0.016,4132130
1789152983,2,0,0.003,4132130
1789152984,4,0,0.734,4132130
1789152984,3,0,0.067,4132130
1789152985,4,0,0.854,4132130
1789152985,3,0,0.07,4132130
1789152985,4,0,0.18,4132130
1789152985,3,0,0.108,4132130
1789152986,4,0,0.312,4132130
1789152986,3,0,0.035,4132130
1789152986,0,0,0.005,4132130
1789152986,0,0,0.011,4132130
1789152986,3,0,0.073,4132130
1789152986,4,0,0.742,4132130
1789152987,2,0,0.503,4132130
1789152988,4,0,1.5,4132130
1789152989,2,0,0.247,4132130
1789152989,4,0,0.571,4132130
1789152989,3,0,0.06,4132130
1789152990,2,0,0.509,4132130
1789152990,0,0,0.006,4132130
1789152990,6,0,0.006,4132130
1789152990,4,0,0.373,4132130
1789152991,4,0,1.235,4132130
1789152991,1,0,0.002,4132130
1789152992,6,0,0.004,4132130
1789152992,2,0,0.435,4132130
1789152992,4,0,0.263,4132130
1789152992,2,0,0.002,4132130
1789152992,0,0,0.004,4132130
1789152992,0,0,0.004,4132130
1789152993,4,0,0.455,4132130
1789152993,2,0,0.348,4132130
1789152993,2,0,0.003,4132130
1789152993,0,0,0.015,4132130
1789152994,4,0,0.505,4132130
1789152994,1,0,0.001,4132130
1789152994,2,0,0.612,4132130
1789152995,4,0,0.959,4132130
1789152995,3,0,0.016,4132130
1789152995,6,1,0.003,4132130
1789152995,6,0,0.007,4132130
1789152996,4,0,0.38,4132130
1789152996,4,0,0.953,4132130
1789152997,4,0,0.176,4132130
1789152997,5,0,0.329,4132130
1789152997,2,0,0.002,4132130
1789152997,1,0,0.001,4132130
1789152998,4,0,0.704,4132130
1789152998,1,0,0.001,4132130
1789152998,0,0,0.005,4132130
1789152998,6,0,0.007,4132130
1789152998,3,0,0.045,4132130
1789152998,4,0,0.503,4132130
1789152998,3,0,0.041,4132130
1789152998,3,0,0.002,4132130
1789152999,2,0,0.756,4132130
1789152999,6,0,0.02,4132130
1789153000,4,0,0.665,4132130
1789153000,3,0,0.005,4132130
1789153000,4,0,0.613,4132130
1789153000,3,0,0.086,4132130
1789153001,3,0,0.081,4132130
1789153001,2,0,0.731,4132130
1789153001,3,0,0.009,4132130
1789153001,6,0,0.003,4132130
1789153001,0,0,0.01,4132130
1789153001,3,0,0.061,4132130
1789153001,3,0,0.155,4132130
1789153001,1,0,0.001,4132130
1789153002,2,0,0.982,4132130
1789153002,3,0,0.023,4132130
1789153006,5,0,3.681,4132130
1789153006,5,0,0.293,4132130
1789153006,0,0,0.009,4132130
1789153007,3,0,0.164,4132130
1789153007,6,0,0.01,4132130
1789153007,3,0,0.016,4132130
1789153007,3,0,0.068,4132130
1789153008,4,0,0.974,4132130
1789153008,5,0,0.652,4132130
1789153008,3,0,0.01,4132130
1789153008,0,0,0.006,4132130
1789153008,2,0,0.002,4132130
1789153009,4,0,0.355,4132130
1789153009,6,0,0.005,4132130
1789153009,3,0,0.003,4132130
1789153009,0,0,0.005,4132130
1789153010,4,0,0.897,4132130
1789153010,2,0,0.33,4132130
1789153010,2,0,0.39,4132130
1789153010,3,0,0.066,4132130
1789153010,0,0,0.009,4132130
1789153010,0,0,0.011,4132130
1789153010,0,0,0.006,4132130
1789153011,4,0,0.33,4132130
1789153011,7,0,0.224,4132130
1789153011,4,0,0.296,4132130
1789153012,2,0,0.434,4132130
1789153012,5,0,0.636,4132130
1789153012,1,0,0.001,4132130
1789153012,6,0,0.004,4132130
1789153012,3,0,0.006,4132130
1789153012,0,0,0.006,4132130
1789153012,3,0,0.028,4132130
1789153013,4,0,0.375,4132130
1789153013,6,0,0.006,4132130
1789153013,6,0,0.03,4132130
1789153013,4,0,0.597,4132130
1789153014,4,0,0.566,4132130
1789153014,2,0,0.464,4132130
1789153014,0,0,0.006,4132130
1789153015,4,0,0.392,4132130
1789153015,4,0,0.278,4132130
1789153015,3,0,0.043,4132130
1789153015,3,0,0.005,4132130
1789153015,0,0,0.005,4132130
1789153015,3,0,0.01,4132130
1789153015,2,0,0.002,4132130
1789153015,2,0,0.002,4132130
1789153015,3,0,0.006,4132130
1789153015,0,0,0.006,4132130
1789153016,5,0,0.836,4132130
1789153016,6,0,0.01,4132130
1789153016,0,0,0.009,4132130
1789153016,6,0,0.004,4132130
1789153016,3,0,0.056,4132130
1789153016,0,0,0.006,4132130
1789153019,7,0,3.194,4132130
1789153019,2,0,0.003,4132130
1789153019,3,0,0.011,4132130
1789153019,2,0,0.002,4132130
1789153020,5,0,0.661,4132130
1789153021,4,0,0.551,4132130
1789153021,4,0,0.398,4132130
1789153022,4,0,0.808,4132130
1789153022,2,0,0.002,4132130
1789153022,3,0,0.007,4132130
1789153022,4,0,0.61,4132130
1789153022,2,0,0.003,4132130
1789153023,4,0,0.817,4132130
1789153023,0,0,0.003,4132130
1789153024,4,0,0.547,4132130
1789153024,4,0,0.232,4132130
1789153024,3,0,0.051,4132130
1789153025,4,0,0.98,4132130
1789153026,5,0,0.681,4132130
1789153026,5,0,0.763,4132130
1789153026,6,1,0.01,4132130
1789153026,0,0,0.007,4132130
1789153028,2,0,1.15,4132130
1789153028,0,0,0.01,4132130
1789153028,3,0,0.008,4132130
1789153028,2,0,0.003,4132130
1789153028,0,0,0.006,4132130
1789153029,4,0,1.689,4132130
1789153030,4,0,0.449,4132130
1789153030,4,0,0.636,4132130
1789153030,3,0,0.008,4132130
1789153030,1,0,0.001,4132130
1789153031,4,0,0.454,4132130
1789153031,0,0,0.013,4132130
1789153031,3,0,0.003,4132130
1789153031,4,0,0.316,4132130
1789153031,0,0,0.008,4132130
1789153031,3,0,0.006,4132130
1789153031,2,0,0.002,4132130
1789153032,5,0,0.452,4132130
1789153032,0,0,0.003,4132130
1789153032,4,0,0.675,4132130
1789153033,4,0,0.361,4132130
1789153033,5,0,0.096,4132130
1789153033,6,0,0.004,4132130
1789153033,0,0,0.02,4132130
1789153033,3,0,0.055,4132130
1789153033,0,0,0.004,4132130
1789153034,4,0,1.04,4132130
1789153034,2,0,0.002,4132130
1789153034,3,0,0.013,4132130
1789153034,4,0,0.299,4132130
1789153035,4,0,0.488,4132130
1789153039,5,0,3.891,4132130
1789153039,3,0,0.085,4132130
1789153039,2,0,0.198,4132130
1789153039,6,0,0.006,4132130
1789153039,3,0,0.064,4132130
1789153039,2,0,0.004,4132130
1789153039,6,0,0.006,4132130
1789153040,4,0,0.516,4132130
1789153040,1,0,0.002,4132130
1789153040,4,0,0.355,4132130
1789153040,0,0,0.003,4132130
1789153040,2,0,0.002,4132130
1789153040,3,0,0.115,4132130
1789153040,6,0,0.005,4132130
1789153040,0,0,0.004,4132130
1789153040,1,0,0.001,4132130
1789153040,2,0,0.377,4132130
1789153041,4,0,0.472,4132130
1789153041,0,0,0.015,4132130
1789153041,7,0,0.225,4132130
1789153041,6,0,0.008,4132130
1789153041,0,0,0.006,4132130
1789153046,5,0,4.456,4132130
1789153046,2,0,0,4132130
1789153047,4,0,1.273,4132130
1789153047,4,0,0.406,4132130
1789153047,3,0,0.05,4132130
1789153047,6,0,0.009,4132130
1789153048,4,0,1,4132130
1789153048,0,0,0.018,4132130
1789153048,0,0,0.004,4132130
1789153048,3,0,0.012,4132130
1789153048,2,0,0.002,4132130
1789153048,6,0,0.013,4132130
1789153048,6,0,0.01,4132130
1789153049,4,0,0.674,4132130
1789153050,4,0,0.703,4132130
1789153050,6,0,0.017,4132130
1789153050,3,0,0.081,4132130
1789153050,4,0,0.296,4132130
1789153050,0,0,0.005,4132130
1789153051,2,0,0.581,4132130
1789153051,2,0,0.285,4132130
1789153054,5,0,3.405,4132130
1789153055,5,0,0.371,4132130
1789153055,3,0,0.007,4132130
1789153055,3,0,0.175,4132130
1789153056,4,0,0.579,4132130
1789153056,4,0,0.592,4132130
1789153056,0,0,0.009,4132130
1789153056,6,0,0.052,4132130
1789153056,2,0,0.005,4132130
1789153059,5,0,3.221,4132130
1789153059,3,0,0.005,4132130
1789153059,6,0,0.003,4132130
1789153059,1,0,0.002,4132130
1789153059,6,0,0.004,4132130
1789153059,2,0,0.003,4132130
1789153060,3,0,0.07,4132130
1789153060,3,0,0.024,4132130
1789153060,3,0,0.059,4132130
1789153060,2,0,0.291,4132130
1789153060,4,0,0.255,4132130
1789153060,3,0,0.084,4132130
1789153062,2,0,1.843,4132130
1789153062,0,0,0.027,4132130
1789153062,5,0,0.22,4132130
1789153063,4,0,0.488,4132130
1789153063,0,0,0.004,4132130
1789153063,1,0,0.001,4132130
1789153063,2,0,0.348,4132130
1789153063,5,0,0.173,4132130
1789153064,4,0,1.029,4132130
1789153065,5,0,0.164,4132130
1789153065,3,0,0.162,4132130
1789153065,5,0,0.567,4132130
1789153065,7,0,0.227,4132130
1789153065,1,0,0.001,4132130
1789153066,4,0,0.435,4132130
1789153066,1,0,0.001,4132130
1789153066,2,0,0.004,4132130
1789153067,2,0,0.799,4132130
1789153067,3,0,0.024,4132130
1789153067,4,0,0.672,4132130
1789153068,2,0,0.569,4132130
1789153068,3,0,0.033,4132130
1789153068,0,0,0.003,4132130
1789153069,2,0,0.575,4132130
1789153069,3,0,0.04,4132130
1789153069,2,0,0.002,4132130
1789153069,4,0,0.621,4132130
1789153069,3,0,0.009,4132130
1789153069,0,0,0.003,4132130
1789153073,5,0,3.878,4132130
1789153073,6,0,0.007,4132130
1789153073,0,0,0.012,4132130
1789153074,4,0,0.543,4132130
1789153075,4,0,1.513,4132130
1789153075,3,0,0.005,4132130
1789153075,3,0,0.004,4132130
1789153076,2,0,0.41,4132130
1789153076,1,0,0.001,4132130
1789153076,3,0,0.054,4132130
1789153076,2,0,0.398,4132130
1789153076,3,0,0.013,4132130
1789153076,3,0,0.052,4132130
1789153076,0,0,0.002,4132130
1789153076,3,0,0.117,4132130
1789153076,1,0,0.001,4132130
1789153076,2,0,0.002,4132130
1789153076,7,0,0.205,4132130
1789153077,4,0,0.826,4132130
1789153077,6,0,0.027,4132130
1789153077,2,0,0.022,4132130
1789153078,4,0,0.388,4132130
1789153079,4,0,1.12,4132130
1789153083,5,0,4.024,4132130
1789153083,0,0,0.01,4132130
1789153083,3,0,0.008,4132130
1789153083,4,0,0.189,4132130
1789153084,4,0,0.521,4132130
1789153084,0,0,0.006,4132130
1789153084,3,0,0.007,4132130
1789153084,2,0,0.001,4132130
1789153084,5,0,0.132,4132130
1789153084,6,0,0.005,4132130
1789153084,3,0,0.003,4132130
1789153084,0,0,0.012,4132130
1789153084,0,0,0.012,4132130
1789153084,3,0,0.099,4132130
1789153084,4,0,0.426,4132130
1789153084,1,0,0.002,4132130
1789153084,0,0,0.019,4132130
1789153087,2,0,2.825,4132130
1789153087,0,0,0.005,4132130
1789153087,0,0,0.006,4132130
1789153087,0,0,0.002,4132130
1789153087,6,0,0.008,4132130
1789153087,3,0,0.075,4132130
1789153087,1,0,0.002,4132130
1789153087,3,0,0.031,4132130
1789153088,4,0,0.867,4132130
1789153088,2,0,0.003,4132130
1789153089,4,0,1.091,4132130
1789153089,6,0,0.005,4132130
1789153089,2,0,0.004,4132130
1789153090,5,0,0.322,4132130
1789153090,2,0,0.001,4132130
1789153090,2,0,0.337,4132130
1789153090,2,0,0.001,4132130
1789153090,7,0,0.372,4132130
1789153090,0,0,0.01,4132130
1789153091,7,0,1.104,4132130
1789153091,1,0,0.001,4132130
1789153092,4,0,0.729,4132130
1789153092,3,0,0.135,4132130
1789153092,3,0,0.003,4132130
1789153092,0,0,0.002,4132130
1789153092,3,0,0.006,4132130
1789153093,4,0,0.991,4132130
1789153093,1,0,0.001,4132130
1789153093,3,0,0.071,4132130
1789153094,4,0,0.328,4132130
1789153094,6,0,0.006,4132130
1789153095,2,0,1.054,4132130
1789153096,4,0,0.749,4132130
1789153096,3,0,0.007,4132130
1789153096,4,0,0.792,4132130
1789153101,5,0,4.469,4132130
1789153101,2,0,0.001,4132130
1789153101,1,0,0.001,4132130
1789153101,3,0,0.22,4132130
1789153102,4,0,0.706,4132130
1789153102,2,0,0.251,4132130
1789153103,4,0,1.408,4132130
1789153103,0,0,0.003,4132130
1789153103,6,0,0.008,4132130
1789153104,4,0,0.813,4132130
1789153105,5,0,0.539,4132130
1789153105,0,0,0.011,4132130
1789153105,4,0,0.399,4132130
1789153105,1,0,0.003,4132130
1789153105,2,0,0.343,4132130
1789153106,2,0,0.44,4132130
1789153111,7,0,5.173,4132130
1789153111,4,0,0.256,4132130
1789153111,0,0,0.003,4132130
1789153111,5,0,0.145,4132130
1789153112,3,0,0.065,4132130
1789153112,5,0,0.548,4132130
1789153112,3,0,0.175,4132130
1789153112,6,0,0.009,4132130
1789153112,0,0,0.012,4132130
1789153112,0,0,0.012,4132130
1789153112,5,0,0.125,4132130
1789153112,1,0,0.002,4132130
1789153112,0,0,0.004,4132130
1789153112,1,0,0.001,4132130
1789153112,6,0,0.006,4132130
1789153112,0,0,0.017,4132130
1789153113,4,0,0.238,4132130
1789153114,4,0,0.942,4132130
1789153114,0,0,0.007,4132130
1789153114,3,0,0.008,4132130
1789153114,3,0,0.051,4132130
1789153114,4,0,0.427,4132130
1789153114,2,0,0.002,4132130
1789153114,6,0,0.007,4132130
1789153115,2,0,0.93,4132130
1789153116,4,0,0.667,4132130
1789153116,0,0,0.005,4132130
1789153119,5,0,3.547,4132130
1789153119,6,0,0.004,4132130
1789153119,6,0,0.007,4132130
1789153121,4,0,2.051,4132130
1789153122,5,0,0.571,4132130
1789153122,3,0,0.074,4132130
1789153122,0,0,0.008,4132130
1789153122,3,0,0.09,4132130
1789153123,4,0,0.51,4132130
1789153123,6,0,0.006,4132130
1789153123,1,0,0.001,4132130
1789153123,6,0,0.004,4132130
1789153126,5,0,3.582,4132130
1789153126,0,0,0.005,4132130
1789153127,2,0,0.303,4132130
1789153127,3,0,0.044,4132130
1789153130,5,0,3.521,4132130
1789153131,4,0,0.53,4132130
1789153131,2,0,0.338,4132130
1789153132,4,0,1.103,4132130
1789153132,6,0,0.021,4132130
1789153132,0,0,0.005,4132130
1789153133,5,0,0.841,4132130
1789153133,2,0,0.008,4132130
1789153133,3,0,0.133,4132130
1789153134,5,0,0.641,4132130
1789153134,3,0,0.101,4132130
1789153134,0,0,0.008,4132130
1789153134,4,0,0.654,4132130
1789153134,0,0,0.007,4132130
1789153135,7,0,0.221,4132130
1789153136,4,0,0.839,4132130
1789153136,4,0,0.669,4132130
1789153136,6,0,0.004,4132130
1789153136,0,0,0.009,4132130
1789153136,0,0,0.014,4132130
1789153140,5,0,3.391,4132130
1789153140,6,0,0.007,4132130
1789153141,2,0,0.937,4132130
1789153141,6,0,0.008,4132130
1789153141,3,0,0.005,4132130
1789153141,3,0,0.036,4132130
1789153141,4,0,0.356,4132130
1789153141,4,0,0.26,4132130
1789153141,1,0,0.002,4132130
1789153141,6,0,0.008,4132130
1789153141,1,0,0.001,4132130
1789153145,5,0,3.651,4132130
1789153145,0,0,0.006,4132130
1789153145,1,0,0.001,4132130
1789153145,3,0,0.067,4132130
1789153145,0,0,0.004,4132130
1789153145,3,0,0.105,4132130
1789153145,6,0,0.017,4132130
1789153145,3,0,0.007,4132130
1789153145,6,0,0.005,4132130
1789153145,0,0,0.009,4132130
1789153145,6,0,0.006,4132130
1789153145,3,0,0.121,4132130
1789153145,3,0,0.007,4132130
1789153146,4,0,0.461,4132130
1789153146,0,0,0.007,4132130
1789153146,3,0,0.088,4132130
1789153146,3,0,0.106,4132130
1789153146,2,0,0.002,4132130
1789153146,0,0,0.007,4132130
1789153146,5,0,0.138,4132130
1789153146,0,0,0.004,4132130
1789153146,3,0,0.008,4132130
1789153146,6,0,0.007,4132130
1789153147,4,0,0.717,4132130
1789153147,4,0,0.553,4132130
1789153148,4,0,0.314,4132130
1789153148,6,0,0.006,4132130
1789153148,3,0,0.127,4132130
1789153149,4,0,1.113,4132130
1789153149,6,0,0.005,4132130
1789153149,3,0,0.004,4132130
1789153149,2,0,0.001,4132130
1789153149,3,0,0.074,4132130
1789153149,1,0,0.001,4132130
1789153149,1,0,0.001,4132130
1789153150,4,0,0.973,4132130
1789153150,3,0,0.053,4132130
1789153150,4,0,0.262,4132130
1789153150,6,0,0.006,4132130
1789153150,0,0,0.009,4132130
1789153150,6,0,0.004,4132130
1789153150,3,0,0.006,4132130
1789153150,2,0,0.001,4132130
1789153155,5,0,4.573,4132130
1789153155,6,0,0.005,4132130
1789153155,0,0,0.012,4132130
1789153155,3,0,0.034,4132130
1789153155,6,1,0.004,4132130
1789153155,1,0,0.002,4132130
1789153155,0,0,0.005,4132130
1789153155,0,0,0.004,4132130
1789153159,7,0,4.045,4132130
1789153159,3,0,0.045,4132130
1789153159,3,0,0.007,4132130
1789153159,3,0,0.01,4132130
1789153159,1,0,0.001,4132130
1789153159,6,0,0.008,4132130
1789153159,0,0,0.006,4132130
1789153159,6,0,0.005,4132130
1789153159,4,0,0.195,4132130
1789153159,1,0,0.002,4132130
1789153160,5,0,0.518,4132130
1789153160,6,0,0.008,4132130
1789153160,0,0,0.003,4132130
1789153160,0,0,0.014,4132130
1789153160,2,0,0.006,4132130
1789153160,1,0,0.001,4132130
1789153160,2,0,0.003,4132130
1789153160,2,0,0.438,4132130
1789153160,3,0,0.005,4132130
1789153161,4,0,0.303,4132130
1789153161,3,0,0.031,4132130
1789153161,3,0,0.101,4132130
1789153162,4,0,1.056,4132130
1789153162,6,0,0.007,4132130
1789153163,4,0,0.814,4132130
1789153163,6,0,0.006,4132130
1789153163,3,0,0.005,4132130
1789153163,6,0,0.01,4132130
1789153163,1,0,0.002,4132130
1789153163,3,0,0.02,4132130
1789153163,0,0,0.009,4132130
1789153163,3,0,0.057,4132130
1789153163,1,0,0.002,4132130
1789153164,4,0,0.966,4132130
1789153164,2,0,0.002,4132130
1789153164,5,0,0.189,4132130
1789153164,6,0,0.006,4132130
1789153164,3,0,0.064,4132130
1789153164,2,0,0.002,4132130
1789153164,4,0,0.499,4132130
1789153164,2,0,0.002,4132130
1789153165,2,0,0.21,4132130
1789153165,3,0,0.01,4132130
1789153165,0,0,0.004,4132130
1789153165,2,0,0.003,4132130
1789153165,0,0,0.019,4132130
1789153165,2,0,0.682,4132130
1789153165,3,0,0.052,4132130
1789153165,3,0,0.008,4132130
1789153165,1,0,0.001,4132130
1789153167,4,0,1.575,4132130
1789153167,0,0,0.004,4132130
1789153167,0,0,0.007,4132130
1789153167,6,0,0.013,4132130
1789153168,4,0,0.59,4132130
1789153168,6,0,0.012,4132130
1789153168,2,0,0.009,4132130
1789153168,0,0,0.003,4132130
1789153168,6,0,0.004,4132130
1789153168,4,0,0.375,4132130
1789153168,4,0,0.352,4132130
1789153169,5,0,0.139,4132130
1789153169,3,0,0.044,4132130
1789153169,1,0,0.001,4132130
1789153169,3,0,0.043,4132130
1789153169,2,0,0.807,4132130
1789153169,0,0,0.009,4132130
1789153170,4,0,0.298,4132130
1789153170,4,0,0.333,4132130
1789153170,3,0,0.007,4132130
1789153170,3,0,0.007,4132130
1789153170,0,0,0.005,4132130
1789153171,4,0,0.608,4132130
1789153171,3,0,0.087,4132130
1789153172,4,0,0.814,4132130
1789153172,0,0,0.017,4132130
1789153172,3,0,0.032,4132130
1789153172,2,0,0.579,4132130
1789153173,4,0,0.375,4132130
1789153173,2,0,0.002,4132130
1789153173,3,0,0.066,4132130
1789153173,3,0,0.064,4132130
1789153173,0,0,0.018,4132130
1789153173,3,0,0.092,4132130
1789153174,4,0,1.014,4132130
1789153174,2,0,0.003,4132130
1789153175,2,0,1.3,4132130
1789153175,3,0,0.003,4132130
1789153175,6,0,0.011,4132130
1789153176,4,0,0.869,4132130
1789153177,4,0,0.771,4132130
1789153177,7,0,0.509,4132130
1789153178,4,0,0.818,4132130
1789153178,5,0,0.147,4132130
1789153179,4,0,0.56,4132130
1789153179,0,0,0.012,4132130
1789153179,5,0,0.278,4132130
1789153179,6,0,0.007,4132130
1789153179,6,0,0.005,4132130
1789153180,5,0,1.073,4132130
1789153181,4,0,0.405,4132130
1789153181,4,0,0.788,4132130
1789153182,4,0,0.984,4132130
1789153183,4,0,0.485,4132130
1789153183,4,0,0.248,4132130
1789153184,4,0,0.417,4132130
1789153184,0,0,0.004,4132130
1789153184,3,0,0.016,4132130
1789153184,3,0,0.109,4132130
1789153184,1,0,0.002,4132130
1789153184,2,0,0.697,4132130
1789153185,4,0,0.401,4132130
1789153189,7,0,4.335,4132130
1789153190,4,0,0.448,4132130
1789153190,4,0,0.795,4132130
1789153190,1,0,0.001,4132130
1789153190,3,0,0.09,4132130
1789153190,3,0,0.005,4132130
1789153190,2,0,0.003,4132130
1789153191,4,0,0.649,4132130
1789153191,3,0,0.067,4132130
1789153191,0,0,0.025,4132130
1789153193,4,0,1.453,4132130
1789153193,0,0,0.011,4132130
1789153193,4,0,0.695,4132130
1789153193,0,0,0.005,4132130
1789153193,6,0,0.006,4132130
1789153193,3,0,0.005,4132130
1789153193,0,0,0.007,4132130
1789153193,0,0,0.027,4132130
1789153193,3,0,0.018,4132130
1789153194,4,0,0.912,4132130
1789153194,3,0,0.061,4132130
1789153194,6,0,0.008,4132130
1789153196,5,0,1.55,4132130
1789153196,0,0,0.008,4132130
1789153197,5,0,0.647,4132130
1789153197,0,0,0.003,4132130
1789153197,4,0,0.409,4132130
1789153197,3,0,0.004,4132130
1789153197,3,0,0.086,4132130
1789153197,3,0,0.004,4132130
1789153199,4,0,1.572,4132130
1789153199,4,0,0.602,4132130
1789153199,3,0,0.109,4132130
1789153200,4,0,0.91,4132130
1789153200,2,0,0.001,4132130
1789153200,6,0,0.005,4132130
1789153200,0,0,0.008,4132130
1789153200,0,0,0.007,4132130
1789153200,3,0,0.004,4132130
1789153200,0,0,0.008,4132130
1789153201,2,0,0.271,4132130
1789153201,3,0,0.006,4132130
1789153201,6,0,0.005,4132130
1789153201,1,0,0.001,4132130
1789153201,0,0,0.004,4132130
1789153201,0,0,0.011,4132130
1789153201,0,0,0.006,4132130
1789153201,0,0,0.004,4132130
1789153201,1,0,0.002,4132130
1789153201,2,0,0.002,4132130
1789153201,6,0,0.009,4132130
1789153201,2,0,0.409,4132130
1789153201,0,0,0.009,4132130
1789153201,3,0,0.097,4132130
1789153201,2,0,0.008,4132130
1789153201,4,0,0.319,4132130
1789153201,2,0,0.003,4132130
1789153201,6,0,0.006,4132130
1789153202,4,0,0.218,4132130
1789153202,1,0,0.002,4132130
1789153202,3,0,0.068,4132130
1789153202,7,0,0.209,4132130
1789153204,4,0,1.549,4132130
1789153208,5,0,4.169,4132130
1789153208,4,0,0.784,4132130
1789153209,4,0,0.457,4132130
1789153209,0,0,0.002,4132130
1789153209,0,0,0.005,4132130
1789153209,0,0,0.022,4132130
1789153209,1,0,0.002,4132130
1789153210,4,0,0.77,4132130
1789153210,3,0,0.024,4132130
1789153210,3,0,0.039,4132130
1789153210,3,0,0.056,4132130
1789153210,0,0,0.027,4132130
1789153211,4,0,0.792,4132130
1789153211,4,0,0.48,4132130
1789153211,3,0,0.009,4132130
1789153212,4,0,0.397,4132130
1789153212,3,0,0.067,4132130
1789153212,2,0,0.002,4132130
1789153212,3,0,0.054,4132130
1789153212,2,0,0.709,4132130
1789153212,6,0,0.005,4132130
1789153213,3,0,0.101,4132130
1789153213,2,0,0.85,4132130
1789153214,5,0,1.018,4132130
1789153215,2,0,0.611,4132130
1789153215,4,0,0.478,4132130
1789153215,3,0,0.006,4132130
1789153216,3,0,0.071,4132130
1789153216,3,0,0.023,4132130
1789153216,4,0,0.494,4132130
1789153216,3,0,0.007,4132130
1789153216,3,0,0.08,4132130
1789153216,0,0,0.004,4132130
1789153217,4,0,0.706,4132130
1789153217,5,0,0.401,4132130
1789153217,3,0,0.067,4132130
1789153217,5,0,0.089,4132130
1789153221,7,0,3.535,4132130
1789153221,3,0,0.023,4132130
1789153222,4,0,0.579,4132130
1789153222,4,0,0.639,4132130
1789153223,4,0,0.899,4132130
1789153224,2,0,1.01,4132130
1789153224,0,0,0.005,4132130
1789153224,3,0,0.132,4132130
1789153225,4,0,1.006,4132130
1789153225,3,0,0.012,4132130
1789153225,2,0,0.02,4132130
1789153227,2,0,1.217,4132130
1789153227,5,0,0.118,4132130
1789153227,2,0,0.001,4132130
1789153227,3,0,0.013,4132130
1789153227,2,0,0.379,4132130
1789153227,3,0,0.011,4132130
1789153227,0,0,0.012,4132130
1789153227,6,0,0.008,4132130
1789153227,3,0,0.143,4132130
1789153227,3,0,0.121,4132130
1789153229,5,0,1.21,4132130
1789153229,4,0,0.493,4132130
1789153229,6,0,0.007,4132130
1789153229,4,0,0.434,4132130
1789153229,3,0,0.004,4132130
1789153230,2,0,0.786,4132130
1789153230,6,0,0.011,4132130
1789153235,5,0,4.331,4132130
1789153235,0,0,0.004,4132130
1789153235,5,0,0.724,4132130
1789153236,4,0,0.657,4132130
1789153236,3,0,0.192,4132130
1789153236,4,0,0.169,4132130
1789153237,4,0,0.251,4132130
1789153237,1,0,0.003,4132130
1789153237,3,0,0.081,4132130
1789153238,4,0,0.995,4132130
1789153238,0,0,0.002,4132130
1789153238,6,0,0.006,4132130
1789153238,1,0,0.001,4132130
1789153238,2,0,0.002,4132130
1789153239,4,0,1.036,4132130
1789153239,1,0,0.002,4132130
1789153239,3,0,0.005,4132130
1789153239,3,0,0.198,4132130
1789153239,6,0,0.007,4132130
1789153243,7,0,3.627,4132130
1789153243,6,0,0.003,4132130
1789153244,4,0,1.228,4132130
1789153244,3,0,0.04,4132130
1789153245,4,0,1.018,4132130
1789153245,1,0,0.002,4132130
1789153245,1,0,0.001,4132130
1789153245,6,0,0.011,4132130
1789153245,3,0,0.035,4132130
1789153245,3,0,0.094,4132130
1789153246,4,0,0.689,4132130
1789153246,6,0,0.005,4132130
1789153246,1,0,0.001,4132130
1789153246,4,0,0.144,4132130
1789153246,2,0,0.576,4132130
1789153247,4,0,0.224,4132130
1789153247,4,0,0.811,4132130
1789153248,4,0,0.483,4132130
1789153248,6,0,0.009,4132130
1789153248,6,0,0.007,4132130
1789153248,4,0,0.455,4132130
1789153253,5,0,4.722,4132130
1789153253,0,0,0.032,4132130
1789153253,4,0,0.293,4132130
1789153253,6,0,0.009,4132130
1789153254,4,0,0.266,4132130
1789153254,3,0,0.012,4132130
1789153255,4,0,0.845,4132130
1789153255,3,0,0.056,4132130
1789153255,2,0,0.779,4132130
1789153255,2,0,0.002,4132130
1789153256,4,0,1.1,4132130
1789153257,3,0,0.018,4132130
1789153258,5,0,1.135,4132130
1789153258,1,0,0.001,4132130
1789153258,2,0,0.551,4132130
1789153258,0,0,0.014,4132130
1789153259,4,0,0.475,4132130
1789153259,0,0,0.018,4132130
1789153259,3,0,0.019,4132130
1789153259,2,0,0.004,4132130
1789153259,3,0,0.033,4132130
1789153259,4,0,0.572,4132130
1789153260,2,0,0.468,4132130
1789153260,2,0,0.001,4132130
1789153261,4,0,1.189,4132130
1789153261,6,0,0.007,4132130
1789153262,4,0,0.713,4132130
1789153263,4,0,0.961,4132130
1789153263,3,0,0.033,4132130
1789153263,6,0,0.009,4132130
1789153263,3,0,0.027,4132130
1789153263,4,0,0.543,4132130
1789153264,5,0,0.743,4132130
1789153264,5,0,0.138,4132130
1789153265,2,0,1.288,4132130
1789153265,0,0,0.012,4132130
1789153266,4,0,0.309,4132130
1789153267,4,0,1.041,4132130
1789153267,4,0,0.51,4132130
1789153267,3,0,0.058,4132130
1789153267,3,0,0.053,4132130
1789153268,4,0,0.777,4132130
1789153270,2,0,2.025,4132130
1789153271,4,0,0.733,4132130
1789153271,0,0,0.05,4132130
1789153271,4,0,0.434,4132130
1789153272,3,0,0.05,4132130
1789153272,0,0,0.004,4132130
1789153272,0,0,0.004,4132130
1789153272,5,0,0.753,4132130
1789153273,4,0,0.714,4132130
1789153273,1,0,0.001,4132130
1789153273,0,0,0.006,4132130
1789153273,0,0,0.007,4132130
1789153273,2,0,0.002,4132130
1789153274,4,0,0.741,4132130
1789153274,3,0,0.064,4132130
1789153277,5,0,3.511,4132130
1789153278,4,0,0.463,4132130
1789153279,4,0,1.286,4132130
1789153279,0,0,0.009,4132130
1789153279,2,0,0.009,4132130
1789153279,0,0,0.015,4132130
1789153284,7,0,4.669,4132130
1789153285,7,0,1.006,4132130
1789153285,2,0,0.001,4132130
1789153285,4,0,0.389,4132130
1789153285,1,0,0.002,4132130
1789153289,5,0,3.89,4132130
1789153290,4,0,0.564,4132130
1789153290,0,0,0.013,4132130
1789153290,3,0,0.047,4132130
1789153290,4,0,0.553,4132130
1789153290,3,0,0.012,4132130
1789153291,5,0,1.158,4132130
1789153291,0,0,0.013,4132130
1789153291,3,0,0.008,4132130
1789153292,2,0,0.472,4132130
1789153292,3,0,0.066,4132130
1789153295,5,0,2.902,4132130
1789153295,1,0,0.001,4132130
1789153295,5,0,0.119,4132130
1789153295,0,0,0.012,4132130
1789153295,6,0,0.006,4132130
1789153296,4,0,0.728,4132130
1789153296,3,0,0.005,4132130
1789153296,1,0,0.001,4132130
1789153296,6,0,0.008,4132130
1789153296,0,0,0.004,4132130
1789153296,4,0,0.514,4132130
1789153296,0,0,0.014,4132130
1789153297,5,0,0.258,4132130
1789153297,5,0,0.494,4132130
1789153297,6,0,0.01,4132130
1789153297,0,0,0.004,4132130
1789153298,4,0,0.919,4132130
1789153298,4,0,0.376,4132130
1789153300,4,0,1.431,4132130
1789153300,4,0,0.627,4132130
1789153300,3,0,0.069,4132130
1789153300,2,0,0.001,4132130
1789153300,3,0,0.004,4132130
1789153302,2,0,1.844,4132130
1789153302,3,0,0.013,4132130
1789153302,0,0,0.006,4132130
1789153303,4,0,0.431,4132130
1789153303,2,0,0.004,4132130
1789153304,4,0,1.087,4132130
1789153305,5,0,0.784,4132130
1789153305,2,0,0.423,4132130
1789153305,3,0,0.039,4132130
1789153306,2,0,0.751,4132130
1789153306,0,0,0.004,4132130
1789153306,2,0,0.389,4132130
1789153306,7,0,0.162,4132130
1789153307,4,0,0.308,4132130
1789153307,5,0,0.434,4132130
1789153308,4,0,0.736,4132130
1789153308,4,0,0.579,4132130
1789153312,5,0,3.712,4132130
1789153312,0,0,0.014,4132130
1789153313,5,0,0.759,4132130
1789153314,5,0,1.339,4132130
1789153315,4,0,0.338,4132130
1789153315,0,0,0.007,4132130
1789153315,0,0,0.004,4132130
1789153315,2,0,0.001,4132130
1789153315,4,0,0.61,4132130
1789153315,2,0,0.001,4132130
1789153315,3,0,0.129,4132130
1789153316,4,0,1.061,4132130
1789153317,3,0,0.091,4132130
1789153317,3,0,0.008,4132130
1789153317,5,0,0.132,4132130
1789153317,2,0,0.002,4132130
1789153321,5,0,4.091,4132130
1789153321,2,0,0.715,4132130
1789153322,2,0,0.757,4132130
1789153323,4,0,0.45,4132130
1789153323,5,0,0.608,4132130
1789153323,3,0,0.006,4132130
1789153323,2,0,0.001,4132130
1789153323,6,0,0.004,4132130
1789153323,0,0,0.005,4132130
1789153323,3,0,0.004,4132130
1789153323,5,0,0.097,4132130
1789153323,0,0,0.006,4132130
1789153325,7,0,1.085,4132130
1789153325,2,0,0.002,4132130
1789153325,4,0,0.361,4132130
1789153325,4,0,0.56,4132130
1789153325,6,0,0.006,4132130
1789153325,6,0,0.003,4132130
1789153326,4,0,0.177,4132130
1789153326,3,0,0.041,4132130
1789153326,0,0,0.004,4132130
1789153330,5,0,4.683,4132130
1789153330,3,0,0.064,4132130
1789153331,7,0,0.284,4132130
1789153331,1,0,0.001,4132130
1789153336,5,0,4.982,4132130
1789153340,5,0,4.096,4132130
1789153340,4,0,0.487,4132130
1789153341,2,0,0.861,4132130
1789153342,2,0,0.562,4132130
1789153342,4,0,0.359,4132130
1789153342,0,0,0.009,4132130
1789153342,6,0,0.006,4132130
1789153342,3,0,0.011,4132130
1789153342,0,0,0.009,4132130
1789153342,6,0,0.011,4132130
1789153342,3,0,0.029,4132130
1789153342,0,0,0.005,4132130
1789153342,6,0,0.008,4132130
1789153342,3,0,0.053,4132130
1789153343,4,0,0.74,4132130
1789153343,6,0,0.004,4132130
1789153344,2,0,1.416,4132130
1789153344,1,0,0.002,4132130
1789153344,0,0,0.009,4132130
1789153344,1,0,0.001,4132130
1789153344,0,0,0.005,4132130
1789153346,5,0,1.41,4132130
1789153346,2,0,0.001,4132130
1789153346,5,0,0.623,4132130
1789153347,5,0,0.599,4132130
1789153348,4,0,0.577,4132130
1789153348,2,0,0.436,4132130
1789153348,4,0,0.372,4132130
1789153348,0,0,0.005,4132130
1789153348,6,0,0.007,4132130
1789153348,1,0,0.001,4132130
1789153348,0,0,0.005,4132130
1789153348,6,0,0.008,4132130
1789153348,3,0,0.002,4132130
1789153348,3,0,0.048,4132130
1789153349,2,0,0.404,4132130
1789153349,0,0,0.004,4132130
1789153349,6,0,0.005,4132130
1789153349,1,0,0.001,4132130
1789153350,4,0,0.626,4132130
1789153350,3,0,0.027,4132130
1789153350,2,0,0.002,4132130
1789153350,6,0,0.027,4132130
1789153350,2,0,0.413,4132130
1789153350,6,0,0.008,4132130
1789153350,3,0,0.058,4132130
1789153350,6,0,0.008,4132130
1789153351,4,0,0.505,4132130
1789153352,5,0,1.619,4132130
1789153352,0,0,0.005,4132130
1789153352,6,0,0.005,4132130
1789153352,2,0,0.001,4132130
1789153352,0,0,0.009,4132130
1789153352,3,0,0.076,4132130
1789153352,5,0,0.135,4132130
1789153352,0,0,0.005,4132130
1789153352,2,0,0.002,4132130
1789153352,0,0,0.005,4132130
1789153353,4,0,0.252,4132130
1789153353,5,0,0.12,4132130
1789153353,0,0,0.011,4132130
1789153353,0,0,0.006,4132130
1789153353,2,0,0.003,4132130
1789153354,2,0,1.494,4132130
1789153354,3,0,0.003,4132130
1789153354,3,0,0.044,4132130
1789153354,5,0,0.129,4132130
1789153354,0,0,0.003,4132130
1789153355,5,0,0.7,4132130
1789153355,5,0,0.13,4132130
1789153355,0,0,0.004,4132130
1789153356,3,0,0.21,4132130
1789153356,4,0,0.645,4132130
1789153356,6,0,0.022,4132130
1789153357,4,0,0.399,4132130
1789153357,2,0,0.002,4132130
1789153357,3,0,0.001,4132130
1789153357,0,0,0.006,4132130
1789153357,0,0,0.042,4132130
1789153357,0,0,0.012,4132130
1789153357,2,0,0.002,4132130
1789153357,2,0,0.461,4132130
1789153357,3,0,0.005,4132130
1789153358,3,0,0.389,4132130
1789153358,3,0,0.045,4132130
1789153358,1,0,0.001,4132130
1789153358,2,0,0.002,4132130
1789153358,3,0,0.136,4132130
1789153362,5,0,4.441,4132130
1789153362,3,0,0.046,4132130
1789153362,2,0,0.001,4132130
1789153362,0,0,0.003,4132130
1789153362,3,0,0.032,4132130
1789153364,4,0,2.207,4132130
1789153364,3,0,0.003,4132130
1789153364,6,0,0.007,4132130
1789153364,3,0,0.006,4132130
1789153365,4,0,0.648,4132130
1789153365,1,0,0.001,4132130
1789153365,3,0,0.094,4132130
1789153365,3,0,0.007,4132130
1789153365,0,0,0.005,4132130
1789153365,2,0,0.002,4132130
1789153366,4,0,1.041,4132130
1789153366,0,0,0.004,4132130
1789153367,4,0,0.693,4132130
1789153367,0,0,0.008,4132130
1789153367,3,0,0.05,4132130
1789153368,5,0,0.541,4132130
1789153368,4,0,0.505,4132130
1789153369,5,0,0.582,4132130
1789153369,2,0,0.001,4132130
1789153369,3,0,0.046,4132130
1789153369,2,0,0.592,4132130
1789153369,2,0,0.003,4132130
1789153369,3,0,0.003,4132130
1789153370,2,0,1.063,4132130
1789153371,4,0,0.276,4132130
1789153371,2,0,0.003,4132130
1789153371,7,0,0.18,4132130
1789153371,5,0,0.196,4132130
1789153371,2,0,0.011,4132130
1789153371,3,0,0.063,4132130
1789153371,2,0,0.002,4132130
1789153371,2,0,0.004,4132130
1789153371,0,0,0.01,4132130
1789153371,3,0,0.01,4132130
1789153372,2,0,0.643,4132130
1789153372,6,0,0.012,4132130
1789153372,3,0,0.116,4132130
1789153374,5,0,1.712,4132130
1789153374,4,0,0.581,4132130
1789153374,3,0,0.002,4132130
1789153375,5,0,0.888,4132130
1789153375,1,0,0.001,4132130
1789153375,3,0,0.055,4132130
1789153376,2,0,0.756,4132130
1789153376,1,0,0.001,4132130
1789153376,6,0,0.007,4132130
1789153376,0,0,0.01,4132130
1789153376,0,0,0.006,4132130
1789153376,6,0,0.007,4132130
1789153376,0,0,0.009,4132130
1789153376,4,0,0.337,4132130
1789153377,4,0,0.533,4132130
1789153377,0,0,0.016,4132130
1789153377,0,0,0.002,4132130
1789153377,3,0,0.069,4132130
1789153377,6,0,0.006,4132130
1789153382,5,0,4.94,4132130
1789153385,5,0,3.563,4132130
1789153386,4,0,0.852,4132130
1789153387,4,0,0.301,4132130
1789153387,5,0,0.14,4132130
1789153387,2,0,0.002,4132130
1789153387,0,0,0.007,4132130
1789153388,2,0,1.156,4132130
1789153388,6,0,0.005,4132130
1789153388,2,0,0.577,4132130
1789153388,1,0,0.001,4132130
1789153388,3,0,0.054,4132130
1789153388,2,0,0.009,4132130
1789153389,4,0,0.394,4132130
1789153389,0,0,0.004,4132130
1789153389,6,0,0.008,4132130
1789153389,3,0,0.084,4132130
1789153389,3,0,0.008,4132130
1789153389,0,0,0.007,4132130
1789153389,6,0,0.006,4132130
1789153389,0,0,0.008,4132130
1789153391,4,0,1.536,4132130
1789153391,6,0,0.029,4132130
1789153391,2,0,0.513,4132130
1789153391,6,0,0.03,4132130
1789153391,0,0,0.005,4132130
1789153391,2,0,0.027,4132130
1789153391,2,0,0.003,4132130
1789153392,4,0,0.502,4132130
1789153392,3,0,0.038,4132130
1789153392,3,0,0.005,4132130
1789153392,4,0,0.534,4132130
1789153393,2,0,0.419,4132130
1789153393,0,0,0.008,4132130
1789153393,1,0,0.001,4132130
1789153393,0,0,0.007,4132130
1789153393,1,0,0.001,4132130
1789153393,0,0,0.008,4132130
1789153393,4,0,0.563,4132130
1789153393,0,0,0.011,4132130
1789153393,3,0,0.204,4132130
1789153393,2,0,0.003,4132130
1789153394,3,0,0.103,4132130
1789153394,3,0,0.014,4132130
1789153394,1,0,0.002,4132130
1789153394,0,0,0.007,4132130
1789153394,3,0,0.046,4132130
1789153394,6,0,0.005,4132130
1789153394,7,0,0.315,4132130
1789153394,6,0,0.007,4132130
1789153394,6,0,0.006,4132130
1789153394,5,0,0.117,4132130
1789153394,3,0,0.056,4132130
1789153394,4,0,0.349,4132130
1789153394,0,0,0.01,4132130
1789153395,3,0,0.038,4132130
1789153395,4,0,0.571,4132130
1789153395,2,0,0.003,4132130
1789153396,4,0,0.452,4132130
1789153396,2,0,0.686,4132130
1789153396,2,0,0.001,4132130
1789153396,3,0,0.012,4132130
1789153396,2,0,0.002,4132130
1789153397,4,0,0.506,4132130
1789153397,3,0,0.126,4132130
1789153398,5,0,0.777,4132130
1789153398,7,0,0.259,4132130
1789153398,3,0,0.047,4132130
1789153398,0,0,0.006,4132130
1789153402,5,0,4.066,4132130
1789153402,0,0,0.008,4132130
1789153402,3,0,0.007,4132130
1789153402,6,0,0.016,4132130
1789153403,4,0,0.912,4132130
1789153404,2,0,1.138,4132130
1789153404,7,0,0.199,4132130
1789153404,3,0,0.007,4132130
1789153408,5,0,3.55,4132130
1789153409,2,0,0.756,4132130
1789153409,4,0,0.626,4132130
1789153409,3,0,0.003,4132130
1789153409,6,0,0.008,4132130
1789153409,0,0,0.003,4132130
1789153410,7,0,0.565,4132130
1789153410,3,0,0.004,4132130
1789153410,1,0,0.001,4132130
1789153410,3,0,0.008,4132130
1789153410,3,0,0.039,4132130
1789153410,3,0,0.059,4132130
1789153410,1,0,0.002,4132130
1789153410,3,0,0.054,4132130
1789153410,2,0,0.007,4132130
1789153410,2,0,0.004,4132130
1789153410,3,0,0.038,4132130
1789153410,4,0,0.427,4132130
1789153411,4,0,0.815,4132130
1789153411,5,0,0.126,4132130
1789153411,0,0,0.007,4132130
1789153411,3,0,0.008,4132130
1789153412,5,0,0.149,4132130
1789153412,3,0,0.008,4132130
1789153412,3,0,0.11,4132130
1789153412,4,0,0.285,4132130
1789153412,0,0,0.009,4132130
1789153413,4,0,0.631,4132130
1789153413,4,0,0.608,4132130
1789153413,3,0,0.051,4132130
1789153413,0,0,0.009,4132130
1789153413,1,0,0.001,4132130
1789153413,2,0,0.002,4132130
1789153414,4,0,0.256,4132130
1789153415,4,0,1.147,4132130
1789153415,0,0,0.008,4132130
1789153415,0,0,0.014,4132130
1789153415,6,0,0.012,4132130
1789153415,1,0,0.001,4132130
1789153415,6,0,0.007,4132130
1789153415,4,0,0.435,4132130
1789153416,5,0,0.649,4132130
1789153416,4,0,0.384,4132130
1789153417,4,0,0.331,4132130
1789153417,4,0,0.381,4132130
1789153420,5,0,3.161,4132130
1789153420,2,0,0.002,4132130
1789153421,2,0,0.647,4132130
1789153421,0,0,0.008,4132130
1789153422,4,0,0.881,4132130
1789153422,0,0,0.007,4132130
1789153423,2,0,1.067,4132130
1789153423,4,0,0.191,4132130
1789153423,4,0,0.489,4132130
1789153423,2,0,0.001,4132130
1789153423,6,0,0.007,4132130
1789153424,4,0,0.768,4132130
1789153424,2,0,0.003,4132130
1789153425,4,0,0.429,4132130
1789153425,2,0,0.331,4132130
1789153426,4,0,1.276,4132130
1789153426,6,0,0.009,4132130
1789153431,5,0,4.865,4132130
1789153432,2,0,0.737,4132130
1789153432,3,0,0.046,4132130
1789153435,5,0,3.523,4132130
1789153437,4,0,1.604,4132130
1789153437,4,0,0.501,4132130
1789153438,0,0,0.031,4132130
1789153438,2,0,0.002,4132130
1789153438,0,0,0.011,4132130
1789153438,4,0,0.587,4132130
1789153439,4,0,0.816,4132130
1789153439,0,0,0.008,4132130
1789153439,5,0,0.122,4132130
1789153440,4,0,1.352,4132130
1789153441,5,0,1.048,4132130
1789153441,3,0,0.02,4132130
1789153441,6,0,0.006,4132130
1789153442,3,0,0.044,4132130
1789153442,2,0,0.002,4132130
1789153442,7,0,0.789,4132130
1789153442,1,0,0.001,4132130
1789153442,6,0,0.008,4132130
1789153442,6,0,0.007,4132130
1789153443,4,0,0.507,4132130
1789153443,1,0,0.002,4132130
1789153443,7,0,0.244,4132130
1789153443,3,0,0.137,4132130
1789153444,4,0,0.605,4132130
1789153444,3,0,0.133,4132130
1789153444,6,0,0.008,4132130
1789153444,6,0,0.007,4132130
1789153444,4,0,0.274,4132130
1789153444,3,0,0.002,4132130
1789153445,4,0,0.626,4132130
1789153445,4,0,0.444,4132130
1789153445,1,0,0.001,4132130
1789153445,3,0,0.016,4132130
1789153446,5,0,0.593,4132130
1789153446,3,0,0.052,4132130
1789153446,2,0,0.001,4132130
1789153446,3,0,0.055,4132130
1789153446,6,0,0.007,4132130
1789153446,5,0,0.101,4132130
1789153447,4,0,0.533,4132130
1789153447,3,0,0.042,4132130
1789153447,0,0,0.011,4132130
1789153447,1,0,0.001,4132130
1789153447,6,0,0.004,4132130
1789153447,2,0,0.362,4132130
1789153447,0,0,0.006,4132130
1789153448,4,0,0.408,4132130
1789153448,6,0,0.01,4132130
1789153448,0,0,0.011,4132130
1789153448,0,0,0.018,4132130
1789153448,3,0,0.028,4132130
1789153448,0,0,0.005,4132130
1789153448,0,0,0.01,4132130
1789153448,3,0,0.109,4132130
1789153450,5,0,1.879,4132130
1789153450,6,0,0.01,4132130
1789153450,2,0,0.002,4132130
1789153450,2,0,0.354,4132130
1789153454,7,0,3.943,4132130
1789153454,2,0,0.002,4132130
1789153454,6,0,0.006,4132130
1789153454,6,0,0.004,4132130
1789153454,3,0,0.034,4132130
1789153454,0,0,0.005,4132130
1789153454,3,0,0.067,4132130
1789153454,4,0,0.459,4132130
1789153455,5,0,0.48,4132130
1789153455,0,0,0.012,4132130
1789153455,4,0,0.363,4132130
1789153456,7,0,0.844,4132130
1789153456,0,0,0.009,4132130
1789153456,2,0,0.002,4132130
1789153457,2,0,0.826,4132130
1789153457,6,0,0.006,4132130
1789153457,3,0,0.096,4132130
1789153457,0,0,0.108,4132130
1789153458,4,0,0.287,4132130
1789153458,3,0,0.074,4132130
1789153458,4,0,0.833,4132130
1789153458,2,0,0.004,4132130
1789153459,2,0,0.364,4132130
1789153460,4,0,1.141,4132130
1789153460,0,0,0.02,4132130
1789153460,6,0,0.009,4132130
1789153460,3,0,0.088,4132130
1789153460,6,0,0.01,4132130
1789153460,5,0,0.096,4132130
1789153462,2,0,1.424,4132130
1789153463,4,0,1.417,4132130
1789153463,0,0,0.011,4132130
1789153463,0,0,0.009,4132130
1789153463,0,0,0.006,4132130
1789153464,4,0,0.757,4132130
1789153464,0,0,0.01,4132130
1789153464,6,0,0.007,4132130
1789153467,5,0,2.841,4132130
1789153467,0,0,0.014,4132130
1789153467,3,0,0.062,4132130
1789153468,4,0,0.973,4132130
1789153468,6,0,0.006,4132130
1789153468,4,0,0.422,4132130
1789153469,4,0,0.424,4132130
1789153469,4,0,0.284,4132130
1789153469,1,0,0.002,4132130
1789153469,6,0,0.008,4132130
1789153470,4,0,0.718,4132130
1789153470,4,0,0.515,4132130
1789153470,0,0,0.004,4132130
1789153470,5,0,0.147,4132130
1789153471,4,0,0.383,4132130
1789153471,6,0,0.007,4132130
1789153471,4,0,0.543,4132130
1789153471,6,0,0.005,4132130
1789153471,3,0,0.027,4132130
1789153475,5,0,4.083,4132130
1789153475,3,0,0.009,4132130
1789153476,4,0,0.913,4132130
1789153477,4,0,0.609,4132130
1789153477,0,0,0.007,4132130
1789153477,3,0,0.044,4132130
1789153477,6,0,0.011,4132130
1789153477,3,0,0.089,4132130
1789153478,5,0,0.783,4132130
1789153478,3,0,0.098,4132130
1789153478,0,0,0.013,4132130
1789153478,2,0,0.458,4132130
1789153478,6,0,0.02,4132130
1789153478,2,0,0.002,4132130
1789153478,6,0,0.007,4132130
1789153478,6,0,0.008,4132130
1789153478,6,0,0.006,4132130
1789153478,2,0,0.002,4132130
1789153478,6,0,0.015,4132130
1789153478,6,0,0.026,4132130
1789153478,0,0,0.052,4132130
1789153479,3,0,0.111,4132130
1789153479,2,0,0.795,4132130
1789153480,4,0,0.37,4132130
1789153480,6,0,0.01,4132130
1789153480,3,0,0.005,4132130
1789153480,5,0,0.613,4132130
1789153480,3,0,0.071,4132130
1789153481,4,0,0.905,4132130
1789153481,0,0,0.005,4132130
1789153481,2,0,0.002,4132130
1789153481,1,0,0.001,4132130
1789153481,6,0,0.013,4132130
1789153481,3,0,0.013,4132130
1789153482,5,0,0.147,4132130
1789153482,3,0,0.043,4132130
1789153482,4,0,0.603,4132130
1789153482,3,0,0.031,4132130
1789153483,2,0,1.027,4132130
1789153483,3,0,0.042,4132130
1789153483,3,0,0.011,4132130
1789153484,4,0,0.603,4132130
1789153484,2,0,0.519,4132130
1789153484,1,0,0.002,4132130
1789153485,4,0,0.367,4132130
1789153485,4,0,0.419,4132130
1789153485,5,0,0.185,4132130
1789153485,0,0,0.006,4132130
1789153485,0,0,0.009,4132130
1789153485,1,0,0.001,4132130
1789153486,7,0,0.611,4132130
1789153486,3,0,0.094,4132130
1789153486,0,0,0.006,4132130
1789153486,3,0,0.05,4132130
1789153486,6,0,0.009,4132130
1789153486,0,0,0.007,4132130
1789153487,2,0,0.587,4132130
1789153487,0,0,0.007,4132130
1789153487,0,0,0.005,4132130
1789153487,6,0,0.004,4132130
1789153487,3,0,0.092,4132130
1789153487,0,0,0.005,4132130
1789153487,6,0,0.006,4132130
1789153487,1,0,0.001,4132130
1789153487,5,0,0.178,4132130
1789153487,3,0,0.167,4132130
1789153487,3,0,0.065,4132130
1789153487,7,0,0.205,4132130
1789153490,7,0,2.272,4132130
1789153490,7,0,0.167,4132130
1789153490,3,0,0.01,4132130
1789153490,3,0,0.001,4132130
1789153490,7,0,0.252,4132130
1789153490,5,0,0.188,4132130
1789153491,7,0,0.205,4132130
1789153491,6,0,0.004,4132130
1789153493,4,0,1.965,4132130
1789153493,0,0,0.064,4132130
1789153493,0,0,0.013,4132130
1789153493,4,0,0.872,4132130
1789153494,4,0,0.652,4132130
1789153494,3,0,0.006,4132130
1789153494,2,0,0.001,4132130
1789153495,2,0,0.49,4132130
1789153495,3,0,0.005,4132130
1789153495,3,0,0.006,4132130
1789153495,1,0,0.002,4132130
1789153495,3,0,0.071,4132130
1789153495,2,0,0.002,4132130
1789153495,6,0,0.005,4132130
1789153499,5,0,4.133,4132130
1789153499,3,0,0.01,4132130
1789153502,5,0,3.435,4132130
1789153503,2,0,0.614,4132130
1789153503,3,0,0.086,4132130
1789153504,2,0,0.593,4132130
1789153504,1,0,0.001,4132130
1789153504,3,0,0.006,4132130
1789153504,4,0,0.258,4132130
1789153504,0,0,0.005,4132130
1789153504,3,0,0.029,4132130
1789153504,4,0,0.443,4132130
1789153504,2,0,0.001,4132130
1789153505,5,0,0.39,4132130
1789153505,6,0,0.008,4132130
1789153505,0,0,0.003,4132130
1789153505,1,0,0.001,4132130
1789153505,3,0,0.007,4132130
1789153505,6,0,0.007,4132130
1789153505,4,0,0.448,4132130
1789153506,2,0,0.446,4132130
1789153506,3,0,0.056,4132130
1789153507,2,0,1.315,4132130
1789153507,4,0,0.462,4132130
1789153508,4,0,0.806,4132130
1789153508,3,0,0.004,4132130
1789153509,5,0,1.079,4132130
1789153509,3,0,0.023,4132130
1789153510,2,0,0.485,4132130
1789153510,2,0,0.27,4132130
1789153510,3,0,0.004,4132130
1789153510,0,0,0.007,4132130
1789153511,2,0,0.958,4132130
1789153512,2,0,0.437,4132130
1789153512,7,0,0.262,4132130
1789153512,0,0,0.003,4132130
1789153512,4,0,0.466,4132130
1789153512,0,0,0.006,4132130
1789153513,4,0,0.547,4132130
1789153513,3,0,0.01,4132130
1789153513,1,0,0.001,4132130
1789153514,4,0,0.904,4132130
1789153514,6,0,0.009,4132130
1789153517,5,0,3.059,4132130
1789153517,0,0,0.003,4132130
1789153517,0,0,0.011,4132130
1789153517,4,0,0.287,4132130
1789153518,2,0,0.548,4132130
1789153518,2,0,0.002,4132130
1789153518,2,0,0.002,4132130
1789153518,2,0,0.564,4132130
1789153518,3,0,0.053,4132130
1789153518,6,0,0.015,4132130
1789153518,2,0,0.001,4132130
1789153518,3,0,0.119,4132130
1789153519,2,0,0.488,4132130
1789153519,4,0,0.337,4132130
1789153520,4,0,0.894,4132130
1789153521,2,0,0.516,4132130
1789153521,3,0,0.009,4132130
1789153521,3,0,0.057,4132130
1789153521,6,0,0.009,4132130
1789153521,6,0,0.007,4132130
1789153521,3,0,0.074,4132130
1789153521,4,0,0.318,4132130
1789153521,6,0,0.009,4132130
1789153521,3,0,0.014,4132130
1789153521,2,0,0.015,4132130
1789153522,5,0,0.563,4132130
1789153522,3,0,0.041,4132130
1789153522,0,0,0.006,4132130
1789153522,6,0,0.005,4132130
1789153522,6,0,0.006,4132130
1789153522,3,0,0.009,4132130
1789153522,3,0,0.019,4132130
1789153522,1,0,0.001,4132130
1789153522,2,0,0.528,4132130
1789153522,6,0,0.004,4132130
1789153522,3,0,0.009,4132130
1789153523,4,0,0.579,4132130
1789153523,5,0,0.377,4132130
1789153523,3,0,0.035,4132130
1789153523,3,0,0.085,4132130
1789153524,3,0,0.176,4132130
1789153524,0,0,0.007,4132130
1789153524,3,0,0.094,4132130
1789153524,0,0,0.004,4132130
1789153524,6,0,0.013,4132130
1789153524,3,0,0.047,4132130
1789153525,4,0,1.348,4132130
1789153525,0,0,0.011,4132130
1789153525,0,0,0.008,4132130
1789153525,3,0,0.025,4132130
1789153525,3,0,0.069,4132130
1789153525,6,0,0.005,4132130
1789153525,6,0,0.008,4132130
1789153527,5,0,2.117,4132130
1789153527,6,0,0.008,4132130
1789153528,4,0,0.583,4132130
1789153528,1,0,0.003,4132130
1789153528,3,0,0.001,4132130
1789153528,4,0,0.431,4132130
1789153528,3,0,0.038,4132130
1789153528,0,0,0.004,4132130
1789153533,5,0,4.331,4132130
1789153533,2,0,0.005,4132130
1789153533,6,0,0.004,4132130
1789153533,0,0,0.013,4132130
1789153533,2,0,0.002,4132130
1789153533,4,0,0.175,4132130
1789153533,3,0,0.006,4132130
1789153533,6,0,0.004,4132130
1789153534,2,0,0.704,4132130
1789153534,1,0,0.002,4132130
1789153534,0,0,0.006,4132130
1789153534,3,0,0.106,4132130
1789153534,4,0,0.341,4132130
1789153534,0,0,0.003,4132130
1789153534,3,0,0.031,4132130
1789153534,1,0,0.001,4132130
1789153534,6,0,0.01,4132130
1789153534,0,0,0.003,4132130
1789153539,7,0,4.52,4132130
1789153540,4,0,0.921,4132130
1789153540,2,0,0.001,4132130
1789153540,3,0,0.01,4132130
1789153540,2,0,0.004,4132130
1789153540,3,0,0.096,4132130
1789153540,3,0,0.092,4132130
1789153540,0,0,0.03,4132130
1789153540,6,0,0.006,4132130
1789153544,7,0,4.479,4132130
1789153545,4,0,0.552,4132130
1789153545,3,0,0.064,4132130
1789153545,6,0,0.021,4132130
1789153546,4,0,1.222,4132130
1789153546,3,0,0.105,4132130
1789153546,6,0,0.005,4132130
1789153547,4,0,0.377,4132130
1789153548,4,0,1.089,4132130
1789153548,0,0,0.007,4132130
1789153548,2,0,0.52,4132130
1789153548,0,0,0.004,4132130
1789153549,2,0,0.625,4132130
1789153549,3,0,0.064,4132130
1789153550,5,0,0.507,4132130
1789153550,5,0,0.21,4132130
1789153551,4,0,1.412,4132130
1789153551,3,0,0.004,4132130
1789153551,5,0,0.142,4132130
1789153551,3,0,0.081,4132130
1789153552,4,0,0.854,4132130
1789153552,3,0,0.051,4132130
1789153552,3,0,0.063,4132130
1789153552,6,0,0.008,4132130
1789153553,4,0,0.445,4132130
1789153553,3,0,0.075,4132130
1789153554,5,0,0.796,4132130
1789153554,0,0,0.008,4132130
1789153554,5,0,0.128,4132130
1789153554,0,0,0.003,4132130
1789153554,4,0,0.628,4132130
1789153555,3,0,0.073,4132130
1789153555,4,0,0.757,4132130
1789153556,4,0,0.441,4132130
1789153556,2,0,0.002,4132130
1789153557,2,0,0.83,4132130
1789153557,6,0,0.019,4132130
1789153557,4,0,0.656,4132130
1789153558,4,0,1.265,4132130
1789153558,0,0,0.013,4132130
1789153558,6,0,0.007,4132130
1789153559,1,0,0.001,4132130
1789153559,4,0,0.533,4132130
1789153559,6,0,0.007,4132130
1789153559,4,0,0.023,4132130
1789153559,2,0,0.001,4132130
1789153560,5,0,0.889,4132130
1789153561,2,0,0.844,4132130
1789153561,1,0,0.001,4132130
1789153561,4,0,0.527,4132130
1789153563,4,0,1.208,4132130
1789153563,4,0,0.655,4132130
1789153563,5,0,0.178,4132130
1789153563,6,0,0.005,4132130
1789153563,0,0,0.006,4132130
1789153563,3,0,0.004,4132130
1789153563,6,0,0.016,4132130
1789153563,0,0,0.008,4132130
1789153564,4,0,0.344,4132130
1789153564,5,0,0.203,4132130
1789153564,1,0,0.002,4132130
1789153564,0,0,0.01,4132130
1789153564,5,0,0.11,4132130
1789153564,7,0,0.203,4132130
1789153565,4,0,0.481,4132130
1789153565,3,0,0.007,4132130
1789153565,2,0,0.002,4132130
1789153565,4,0,0.665,4132130
1789153565,6,0,0.013,4132130
1789153566,3,0,0.127,4132130
1789153566,6,0,0.008,4132130
1789153566,5,0,0.249,4132130
1789153566,3,0,0.068,4132130
1789153566,7,0,0.181,4132130
1789153571,7,0,4.904,4132130
1789153571,6,0,0.006,4132130
1789153571,0,0,0.014,4132130
1789153571,6,0,0.005,4132130
1789153575,5,0,4.237,4132130
1789153575,0,0,0.006,4132130
1789153575,2,0,0.002,4132130
1789153575,6,0,0.004,4132130
1789153575,3,0,0.065,4132130
1789153576,4,0,0.405,4132130
1789153576,6,0,0.007,4132130
1789153576,3,0,0.144,4132130
1789153577,5,0,0.759,4132130
1789153577,0,0,0.01,4132130
1789153577,0,0,0.007,4132130
1789153577,3,0,0.002,4132130
1789153577,1,0,0.001,4132130
1789153577,5,0,0.535,4132130
1789153577,3,0,0.007,4132130
1789153577,1,0,0.001,4132130
1789153577,3,0,0.073,4132130
1789153577,3,0,0.085,4132130
1789153577,5,0,0.126,4132130
1789153577,0,0,0.009,4132130
1789153578,3,0,0.119,4132130
1789153578,0,0,0.012,4132130
1789153578,5,0,0.375,4132130
1789153578,3,0,0.003,4132130
1789153578,2,0,0.002,4132130
1789153578,3,0,0.007,4132130
1789153578,3,0,0.029,4132130
1789153578,3,0,0.103,4132130
1789153579,4,0,1.012,4132130
1789153580,2,0,0.736,4132130
1789153580,3,0,0.088,4132130
1789153580,6,0,0.033,4132130
1789153580,0,0,0.011,4132130
1789153580,6,0,0.007,4132130
1789153580,0,0,0.01,4132130
1789153581,4,0,0.521,4132130
1789153581,4,0,0.555,4132130
1789153581,0,0,0.009,4132130
1789153581,0,0,0.013,4132130
1789153581,0,0,0.018,4132130
1789153581,1,0,0.001,4132130
1789153581,3,0,0.035,4132130
1789153581,3,0,0.062,4132130
1789153582,2,0,0.707,4132130
1789153582,0,0,0.006,4132130
1789153582,4,0,0.477,4132130
1789153583,2,0,0.299,4132130
1789153583,3,0,0.014,4132130
1789153583,6,0,0.007,4132130
1789153583,2,0,0.612,4132130
1789153584,2,0,0.931,4132130
1789153585,7,0,0.192,4132130
1789153585,3,0,0.058,4132130
1789153585,3,0,0.004,4132130
1789153585,0,0,0.005,4132130
1789153585,2,0,0.002,4132130
1789153586,4,0,0.946,4132130
1789153586,3,0,0.025,4132130
1789153586,2,0,0.398,4132130
1789153586,3,0,0.021,4132130
1789153586,0,0,0.005,4132130
1789153586,0,0,0.011,4132130
1789153587,4,0,1.208,4132130
1789153587,5,0,0.114,4132130
1789153587,3,0,0.066,4132130
1789153589,4,0,1.2,4132130
1789153589,0,0,0.01,4132130
1789153589,3,0,0.017,4132130
1789153589,6,0,0.011,4132130
1789153589,2,0,0.001,4132130
1789153592,5,0,3.385,4132130
1789153593,7,0,1.386,4132130
1789153594,5,0,0.155,4132130
1789153594,6,0,0.011,4132130
1789153595,4,0,1.104,4132130
1789153598,5,0,3.487,4132130
1789153598,5,0,0.149,4132130
1789153598,6,0,0.004,4132130
1789153598,2,0,0.003,4132130
1789153598,6,0,0.005,4132130
1789153598,0,0,0.006,4132130
1789153598,2,0,0.001,4132130
1789153598,3,0,0.093,4132130
1789153599,4,0,0.371,4132130
1789153600,2,0,1.104,4132130
1789153600,0,0,0.012,4132130
1789153600,5,0,0.124,4132130
1789153600,3,0,0.011,4132130
1789153601,2,0,0.944,4132130
1789153602,4,0,0.882,4132130
1789153602,6,0,0.009,4132130
1789153603,2,0,1.268,4132130
1789153603,6,0,0.014,4132130
1789153604,2,0,0.545,4132130
1789153604,1,0,0.002,4132130
1789153604,3,0,0.093,4132130
1789153604,6,0,0.007,4132130
1789153604,4,0,0.297,4132130
1789153604,0,0,0.005,4132130
1789153604,6,0,0.004,4132130
1789153604,3,0,0.019,4132130
1789153604,1,0,0.002,4132130
1789153604,3,0,0.016,4132130
1789153604,2,0,0.003,4132130
1789153604,6,0,0.005,4132130
1789153605,4,0,1.114,4132130
1789153605,1,0,0.002,4132130
1789153605,5,0,0.134,4132130
1789153605,0,0,0.006,4132130
1789153610,7,0,4.191,4132130
1789153610,1,0,0.001,4132130
1789153610,0,0,0.006,4132130
1789153610,2,0,0.002,4132130
1789153610,1,0,0.001,4132130
1789153610,4,0,0.822,4132130
1789153611,4,0,0.667,4132130
1789153612,2,0,0.617,4132130
1789153612,5,0,0.584,4132130
1789153612,6,0,0.021,4132130
1789153612,0,0,0.015,4132130
1789153612,3,0,0.049,4132130
1789153613,5,0,0.612,4132130
1789153614,4,0,0.628,4132130
1789153615,4,0,1.697,4132130
1789153616,4,0,0.342,4132130
1789153616,3,0,0.192,4132130
1789153616,4,0,0.525,4132130
1789153617,4,0,0.513,4132130
1789153617,2,0,0.502,4132130
1789153617,2,0,0.001,4132130
1789153617,2,0,0.002,4132130
1789153619,4,0,1.168,4132130
1789153619,0,0,0.007,4132130
1789153619,0,0,0.005,4132130
1789153619,6,0,0.006,4132130
1789153619,4,0,0.677,4132130
1789153619,6,0,0.006,4132130
1789153619,1,0,0.001,4132130
1789153619,6,0,0.005,4132130
1789153619,2,0,0.001,4132130
1789153623,5,0,3.665,4132130
1789153623,5,0,0.322,4132130
1789153623,1,0,0.001,4132130
1789153623,0,0,0.006,4132130
1789153623,3,0,0.061,4132130
1789153623,3,0,0.053,4132130
1789153623,3,0,0.004,4132130
1789153623,1,0,0.001,4132130
1789153624,2,0,0.631,4132130
1789153624,3,0,0.113,4132130
1789153624,0,0,0.003,4132130
1789153624,0,0,0.024,4132130
1789153624,0,0,0.016,4132130
1789153625,4,0,1.201,4132130
1789153625,6,0,0.01,4132130
1789153626,2,0,0.486,4132130
1789153629,7,0,3.622,4132130
1789153630,5,0,0.11,4132130
1789153630,2,0,0.005,4132130
1789153630,3,0,0.072,4132130
1789153630,0,0,0.008,4132130
1789153634,5,0,3.874,4132130
1789153634,0,0,0.005,4132130
1789153634,4,0,0.787,4132130
1789153634,3,0,0.004,4132130
1789153635,4,0,0.493,4132130
1789153635,3,0,0.011,4132130
1789153635,2,0,0.003,4132130
1789153635,6,0,0.006,4132130
1789153635,6,0,0.007,4132130
1789153635,6,0,0.003,4132130
1789153635,6,0,0.007,4132130
1789153635,4,0,0.513,4132130
1789153636,2,0,0.4,4132130
1789153636,5,0,0.387,4132130
1789153636,0,0,0.018,4132130
1789153636,2,0,0,4132130
1789153636,0,0,0.007,4132130
1789153636,3,0,0.074,4132130
1789153636,6,0,0.008,4132130
1789153637,4,0,0.349,4132130
1789153638,4,0,0.949,4132130
1789153639,2,0,1.342,4132130
1789153639,3,0,0.06,4132130
1789153639,0,0,0.005,4132130
1789153639,0,0,0.006,4132130
1789153639,0,0,0.003,4132130
1789153639,3,0,0.058,4132130
1789153640,4,0,0.657,4132130
1789153640,3,0,0.109,4132130
1789153643,5,0,3.156,4132130
1789153644,4,0,0.877,4132130
1789153644,7,0,0.261,4132130
1789153644,6,0,0.017,4132130
1789153644,2,0,0.003,4132130
1789153646,4,0,1.415,4132130
1789153646,0,0,0.003,4132130
1789153648,2,0,1.973,4132130
1789153648,2,0,0.002,4132130
1789153648,4,0,0.536,4132130
1789153648,3,0,0.087,4132130
1789153649,4,0,0.976,4132130
1789153649,3,0,0.071,4132130
1789153649,0,0,0.008,4132130
1789153650,4,0,0.47,4132130
1789153651,4,0,1.02,4132130
1789153651,0,0,0.003,4132130
1789153651,0,0,0.003,4132130
1789153651,6,0,0.006,4132130
1789153651,4,0,0.258,4132130
1789153652,4,0,0.586,4132130
1789153652,4,0,0.427,4132130
1789153652,3,0,0.048,4132130
1789153653,4,0,0.733,4132130
1789153653,2,0,0.001,4132130
1789153653,1,0,0.002,4132130
1789153653,1,0,0.001,4132130
1789153653,2,0,0.526,4132130
1789153653,3,0,0.12,4132130
1789153654,4,0,0.987,4132130
1789153654,0,0,0.008,4132130
1789153654,3,0,0.005,4132130
1789153654,3,0,0.003,4132130
1789153654,6,0,0.007,4132130
1789153654,1,0,0.001,4132130
1789153655,2,0,0.435,4132130
1789153655,4,0,0.305,4132130
1789153656,4,0,0.826,4132130
1789153657,4,0,0.708,4132130
1789153657,2,0,0.002,4132130
1789153657,3,0,0.011,4132130
1789153658,4,0,1.047,4132130
1789153658,1,0,0.001,4132130
1789153658,1,0,0.001,4132130
1789153658,0,0,0.004,4132130
1789153659,2,0,0.8,4132130
1789153659,2,0,0.67,4132130
1789153659,3,0,0.054,4132130
1789153659,3,0,0.014,4132130
1789153660,2,0,0.409,4132130
1789153660,0,0,0.006,4132130
1789153660,3,0,0.126,4132130
1789153660,3,0,0.062,4132130
1789153660,6,0,0.005,4132130
1789153660,1,0,0.001,4132130
1789153660,4,0,0.283,4132130
1789153660,3,0,0.094,4132130
1789153661,7,0,0.238,4132130
1789153661,4,0,0.441,4132130
1789153661,2,0,0.43,4132130
1789153661,0,0,0.003,4132130
1789153662,4,0,0.428,4132130
1789153662,4,0,0.382,4132130
1789153662,2,0,0.002,4132130
1789153663,2,0,0.411,4132130
1789153663,3,0,0.004,4132130
1789153663,3,0,0.007,4132130
1789153663,2,0,0.325,4132130
1789153664,4,0,0.67,4132130
1789153665,4,0,0.945,4132130
1789153665,0,0,0.007,4132130
1789153666,5,0,1.35,4132130
1789153666,4,0,0.412,4132130
1789153666,0,0,0.003,4132130
1789153667,4,0,0.502,4132130
1789153667,0,0,0.016,4132130
1789153667,2,0,0.454,4132130
1789153667,3,0,0.034,4132130
1789153667,6,0,0.007,4132130
1789153667,0,0,0.008,4132130
1789153668,4,0,0.245,4132130
1789153669,4,0,1.146,4132130
1789153669,6,0,0.02,4132130
1789153669,0,0,0.007,4132130
1789153669,2,0,0.011,4132130
1789153669,2,0,0.579,4132130
1789153669,0,0,0.011,4132130
1789153669,2,0,0.002,4132130
1789153669,5,0,0.089,4132130
1789153669,6,0,0.004,4132130
1789153673,5,0,3.44,4132130
1789153673,2,0,0.002,4132130
1789153673,2,0,0.3,4132130
1789153674,4,0,0.579,4132130
1789153675,2,0,0.97,4132130
1789153675,2,0,0.001,4132130
1789153675,0,0,0.004,4132130
1789153675,2,0,0.003,4132130
1789153675,3,0,0.004,4132130
1789153675,5,0,0.194,4132130
1789153675,0,0,0.009,4132130
1789153675,6,0,0.005,4132130
1789153676,2,0,1,4132130
1789153677,5,0,0.923,4132130
1789153677,2,0,0.567,4132130
1789153678,3,0,0.009,4132130
1789153678,2,0,0.003,4132130
1789153678,3,0,0.034,4132130
1789153678,0,0,0.006,4132130
1789153678,2,0,0.002,4132130
1789153678,4,0,0.456,4132130
1789153679,4,0,0.925,4132130
1789153679,6,0,0.006,4132130
1789153680,4,0,0.597,4132130
1789153680,0,0,0.003,4132130
1789153680,3,0,0.056,4132130
1789153680,4,0,0.425,4132130
1789153680,2,0,0.002,4132130
1789153680,3,0,0.043,4132130
1789153680,3,0,0.087,4132130
1789153680,6,0,0.008,4132130
1789153680,3,0,0.012,4132130
1789153680,3,0,0.023,4132130
1789153681,5,0,0.756,4132130
1789153681,0,0,0.009,4132130
1789153681,4,0,0.318,4132130
1789153682,4,0,0.821,4132130
1789153682,4,0,0.327,4132130
1789153683,4,0,0.857,4132130
1789153683,1,0,0.002,4132130
1789153683,3,0,0.024,4132130
1789153684,5,0,0.54,4132130
1789153684,6,0,0.006,4132130
1789153684,0,0,0.004,4132130
1789153685,4,0,1.329,4132130
1789153686,4,0,0.584,4132130
1789153686,3,0,0.063,4132130
1789153689,5,0,3.323,4132130
1789153690,2,0,0.438,4132130
1789153690,6,0,0.009,4132130
1789153690,1,0,0.001,4132130
1789153690,2,0,0.002,4132130
1789153690,2,0,0.003,4132130
1789153690,3,0,0.005,4132130
1789153693,5,0,3.408,4132130
1789153694,4,0,1.103,4132130
1789153694,0,0,0.003,4132130
1789153694,2,0,0.003,4132130
1789153694,3,0,0.088,4132130
1789153694,0,0,0.006,4132130
1789153694,6,0,0.005,4132130
1789153695,4,0,1.13,4132130
1789153695,3,0,0.01,4132130
1789153695,0,0,0.005,4132130
1789153695,1,0,0.001,4132130
1789153696,4,0,0.515,4132130
1789153696,0,0,0.006,4132130
1789153696,2,0,0.009,4132130
1789153696,4,0,0.551,4132130
1789153696,0,0,0.007,4132130
1789153696,0,0,0.011,4132130
1789153697,3,0,0.053,4132130
1789153697,0,0,0.008,4132130
1789153697,4,0,0.401,4132130
1789153697,6,0,0.005,4132130
1789153698,4,0,0.891,4132130
1789153698,1,0,0.001,4132130
1789153698,3,0,0.007,4132130
1789153698,0,0,0.01,4132130
1789153698,4,0,0.591,4132130
1789153698,6,0,0.031,4132130
1789153699,4,0,0.506,4132130
1789153699,3,0,0.124,4132130
1789153699,3,0,0.026,4132130
1789153699,2,0,0.002,4132130
1789153700,2,0,0.59,4132130
1789153700,6,0,0.01,4132130
1789153700,0,0,0.004,4132130
1789153700,1,0,0.001,4132130
1789153700,0,0,0.003,4132130
1789153700,0,0,0.005,4132130
1789153700,4,0,0.689,4132130
1789153701,3,0,0.102,4132130
1789153701,3,0,0.001,4132130
1789153701,2,0,0.795,4132130
1789153701,3,0,0.005,4132130
1789153702,5,0,0.194,4132130
1789153703,4,0,1.533,4132130
1789153703,4,0,0.248,4132130
1789153703,0,0,0.004,4132130
1789153704,4,0,0.978,4132130
1789153704,3,0,0.035,4132130
1789153704,0,0,0.007,4132130
1789153705,4,0,0.523,4132130
1789153706,4,0,0.645,4132130
1789153706,5,0,0.805,4132130
1789153706,5,0,0.125,4132130
1789153707,4,0,0.801,4132130
1789153708,4,0,0.94,4132130
1789153708,3,0,0.008,4132130
1789153708,3,0,0.025,4132130
1789153709,4,0,0.687,4132130
1789153710,5,0,0.784,4132130
1789153710,4,0,0.507,4132130
1789153710,2,0,0.002,4132130
1789153710,0,0,0.036,4132130
1789153711,4,0,0.357,4132130
1789153711,1,0,0.002,4132130
1789153711,5,0,0.806,4132130
1789153711,6,0,0.008,4132130
1789153711,3,0,0.009,4132130
1789153712,4,0,0.477,4132130
1789153712,6,0,0.015,4132130
1789153712,0,0,0.01,4132130
1789153712,3,0,0.091,4132130
1789153713,4,0,0.869,4132130
1789153713,0,0,0.01,4132130
1789153713,2,0,0.001,4132130
1789153715,4,0,1.611,4132130
1789153719,5,0,4.173,4132130
1789153719,0,0,0.012,4132130
1789153719,3,0,0.027,4132130
1789153719,3,0,0.095,4132130
1789153719,0,0,0.007,4132130
1789153719,2,0,0.329,4132130
1789153720,2,0,0.446,4132130
1789153720,3,0,0.089,4132130
1789153720,0,0,0.007,4132130
1789153720,2,0,0.001,4132130
1789153720,0,0,0.005,4132130
1789153720,4,0,0.363,4132130
1789153720,5,0,0.106,4132130
1789153720,0,0,0.005,4132130
1789153720,0,0,0.009,4132130
1789153720,5,0,0.163,4132130
1789153720,0,0,0.005,4132130
1789153720,6,0,0.005,4132130
1789153720,3,0,0.117,4132130
1789153724,5,0,3.577,4132130
1789153724,0,0,0.018,4132130
1789153724,0,0,0.014,4132130
1789153724,6,0,0.006,4132130
1789153725,4,0,0.558,4132130
1789153725,4,0,0.682,4132130
1789153725,2,0,0,4132130
1789153730,5,0,4.254,4132130
1789153730,4,0,0.492,4132130
1789153730,2,0,0.003,4132130
1789153730,0,0,0.005,4132130
1789153730,1,0,0.001,4132130
1789153730,6,0,0.005,4132130
1789153730,3,0,0.065,4132130
1789153730,3,0,0.006,4132130
1789153730,0,0,0.014,4132130
1789153732,4,0,1.645,4132130
1789153733,4,0,0.701,4132130
1789153733,3,0,0.045,4132130
1789153733,1,0,0.001,4132130
1789153733,6,0,0.005,4132130
1789153733,4,0,0.581,4132130
1789153735,4,0,1.692,4132130
1789153735,6,0,0.051,4132130
1789153736,4,0,0.735,4132130
1789153736,0,0,0.01,4132130
1789153736,0,0,0.014,4132130
1789153736,6,0,0.004,4132130
1789153736,4,0,0.337,4132130
1789153737,4,0,0.721,4132130
1789153738,5,0,1.722,4132130
1789153738,1,0,0.001,4132130
1789153738,1,0,0.001,4132130
1789153738,2,0,0.013,4132130
1789153739,4,0,1.01,4132130
1789153743,5,0,3.845,4132130
1789153743,0,0,0.006,4132130
1789153744,4,0,0.589,4132130
1789153744,4,0,0.56,4132130
1789153745,4,0,1.024,4132130
1789153746,4,0,0.667,4132130
1789153746,2,0,0.001,4132130
1789153746,3,0,0.117,4132130
1789153746,2,0,0.003,4132130
1789153746,2,0,0.002,4132130
1789153746,3,0,0.028,4132130
1789153746,1,0,0.001,4132130
1789153746,6,0,0.005,4132130
1789153747,4,0,0.529,4132130
1789153747,2,0,0.002,4132130
1789153747,4,0,0.468,4132130
1789153751,5,0,3.435,4132130
1789153752,4,0,1.241,4132130
1789153754,2,0,1.627,4132130
1789153754,2,0,0.001,4132130
1789153754,0,0,0.032,4132130
1789153754,3,0,0.115,4132130
1789153754,0,0,0.017,4132130
1789153754,4,0,0.484,4132130
1789153755,4,0,0.561,4132130
1789153755,5,0,0.418,4132130
1789153755,2,0,0.003,4132130
1789153755,3,0,0.019,4132130
1789153756,2,0,0.26,4132130
1789153756,3,0,0.049,4132130
1789153756,3,0,0.079,4132130
1789153756,5,0,0.174,4132130
1789153756,0,0,0.007,4132130
1789153756,4,0,0.359,4132130
1789153756,2,0,0.004,4132130
1789153756,3,0,0.022,4132130
1789153756,4,0,0.232,4132130
1789153757,5,0,0.425,4132130
1789153757,4,0,0.502,4132130
1789153758,4,0,0.664,4132130
1789153758,4,0,0.284,4132130
1789153759,4,0,0.256,4132130
1789153759,4,0,0.37,4132130
1789153760,4,0,0.719,4132130
1789153760,4,0,0.781,4132130
1789153760,3,0,0.004,4132130
1789153760,3,0,0.008,4132130
1789153760,3,0,0.006,4132130
1789153761,5,0,0.182,4132130
1789153762,4,0,0.954,4132130
1789153762,6,0,0.005,4132130
1789153762,3,0,0.038,4132130
1789153762,0,0,0.004,4132130
1789153762,3,0,0.07,4132130
1789153762,3,0,0.143,4132130
1789153763,7,0,0.869,4132130
1789153768,5,0,5.179,4132130
1789153768,0,0,0.01,4132130
1789153768,2,0,0.002,4132130
1789153768,3,0,0.002,4132130
1789153768,5,0,0.471,4132130
1789153769,4,0,0.662,4132130
1789153770,4,0,1.134,4132130
1789153771,4,0,0.515,4132130
1789153771,0,0,0.003,4132130
1789153771,2,0,0.001,4132130
1789153771,0,0,0.012,4132130
1789153771,6,0,0.006,4132130
1789153771,4,0,0.357,4132130
1789153771,3,0,0.153,4132130
1789153772,2,0,0.287,4132130
1789153772,3,0,0.23,4132130
1789153772,0,0,0.008,4132130
1789153772,5,0,0.152,4132130
1789153772,0,0,0.06,4132130
1789153772,0,0,0.01,4132130
1789153772,2,0,0.456,4132130
1789153772,6,0,0.006,4132130
1789153772,6,0,0.006,4132130
1789153773,4,0,0.876,4132130
1789153773,0,0,0.008,4132130
1789153774,5,0,0.84,4132130
1789153774,0,0,0.008,4132130
1789153774,6,0,0.004,4132130
1789153774,3,0,0.041,4132130
1789153775,4,0,0.726,4132130
1789153775,6,0,0.02,4132130
1789153775,4,0,0.446,4132130
1789153775,6,0,0.009,4132130
1789153775,2,0,0.002,4132130
1789153775,0,0,0.011,4132130
1789153775,2,0,0.008,4132130
1789153775,6,0,0.007,4132130
1789153775,1,0,0.001,4132130
1789153776,5,0,0.133,4132130
1789153776,4,0,0.621,4132130
1789153777,4,0,0.626,4132130
1789153777,3,0,0.099,4132130
1789153777,3,0,0.056,4132130
1789153777,6,0,0.009,4132130
1789153777,6,0,0.004,4132130
1789153777,7,0,0.189,4132130
1789153777,3,0,0.048,4132130
1789153777,1,0,0.002,4132130
1789153777,0,0,0.008,4132130
1789153778,4,0,0.696,4132130
1789153778,4,0,0.452,4132130
1789153779,4,0,0.377,4132130
1789153779,5,0,0.493,4132130
1789153780,4,0,0.965,4132130
1789153780,3,0,0.05,4132130
1789153780,3,0,0.046,4132130
1789153780,3,0,0.004,4132130
1789153780,6,0,0.007,4132130
1789153781,2,0,0.308,4132130
1789153781,1,0,0.001,4132130
1789153781,3,0,0.086,4132130
1789153781,4,0,0.423,4132130
1789153781,2,0,0.003,4132130
1789153782,4,0,0.851,4132130
1789153782,6,0,0.005,4132130
1789153783,4,0,0.682,4132130
1789153783,5,0,0.104,4132130
1789153783,4,0,0.396,4132130
1789153784,4,0,0.414,4132130
1789153784,5,0,0.117,4132130
1789153784,5,0,0.496,4132130
1789153784,1,0,0.001,4132130
1789153785,4,0,0.918,4132130
1789153786,4,0,0.912,4132130
1789153786,3,0,0.006,4132130
1789153787,4,0,0.667,4132130
1789153787,4,0,0.315,4132130
1789153788,4,0,0.526,4132130
1789153788,0,0,0.004,4132130
1789153788,4,0,0.393,4132130
1789153788,0,0,0.003,4132130
1789153788,6,0,0.005,4132130
1789153788,0,0,0.005,4132130
1789153788,1,0,0.001,4132130
1789153788,6,0,0.005,4132130
1789153788,5,0,0.148,4132130
1789153788,2,0,0.004,4132130
1789153788,6,0,0.009,4132130
1789153788,0,0,0.011,4132130
1789153788,3,0,0.1,4132130
1789153788,1,0,0.001,4132130
1789153788,3,0,0.095,4132130
1789153788,0,0,0.008,4132130
1789153788,6,0,0.022,4132130
1789153789,5,0,0.691,4132130
1789153790,4,0,0.998,4132130
1789153791,4,0,1.012,4132130
1789153791,4,0,0.332,4132130
1789153791,3,0,0.033,4132130
1789153791,1,0,0.001,4132130
1789153792,3,0,0.106,4132130
1789153792,2,0,0.001,4132130
1789153792,2,0,0.398,4132130
1789153792,2,0,0.001,4132130
1789153792,1,0,0.001,4132130
1789153796,5,0,4.507,4132130
1789153797,3,0,0.026,4132130
1789153797,2,0,0.002,4132130
1789153797,6,0,0.005,4132130
1789153797,0,0,0.012,4132130
1789153797,4,0,0.584,4132130
1789153797,3,0,0.003,4132130
1789153797,1,0,0.001,4132130
1789153797,6,0,0.012,4132130
1789153798,4,0,0.665,4132130
1789153798,3,0,0.015,4132130
1789153798,0,0,0.014,4132130
1789153798,3,0,0.109,4132130
1789153798,2,0,0.005,4132130
1789153798,6,0,0.006,4132130
1789153798,0,0,0.007,4132130
1789153798,0,0,0.011,4132130
1789153798,3,0,0.076,4132130
1789153798,2,0,0.001,4132130
1789153798,6,0,0.005,4132130
1789153800,4,0,1.626,4132130
1789153801,4,0,1.684,4132130
1789153801,3,0,0.003,4132130
1789153805,7,0,3.581,4132130
1789153805,3,0,0.008,4132130
1789153805,0,0,0.008,4132130
1789153805,3,0,0.052,4132130
1789153806,4,0,0.736,4132130
1789153806,0,0,0.01,4132130
1789153806,1,0,0.001,4132130
1789153806,3,0,0.115,4132130
1789153806,0,0,0.013,4132130
1789153806,0,0,0.009,4132130
1789153807,2,0,1.292,4132130
1789153808,5,0,0.401,4132130
1789153808,3,0,0.014,4132130
1789153808,2,0,0.006,4132130
1789153809,4,0,1.221,4132130
1789153809,4,0,0.364,4132130
1789153809,1,0,0.001,4132130
1789153809,0,0,0.014,4132130
1789153809,0,0,0.011,4132130
1789153809,6,0,0.01,4132130
1789153809,0,0,0.012,4132130
1789153809,0,0,0.012,4132130
1789153809,3,0,0.008,4132130
1789153809,0,0,0.003,4132130
1789153809,6,0,0.007,4132130
1789153810,4,0,0.575,4132130
1789153810,2,0,0.001,4132130
1789153810,2,0,0.003,4132130
1789153810,3,0,0.041,4132130
1789153810,3,0,0.138,4132130
1789153811,4,0,0.645,4132130
1789153811,4,0,0.181,4132130
1789153812,4,0,0.676,4132130
1789153812,2,0,0.569,4132130
1789153812,4,0,0.393,4132130
1789153812,2,0,0.002,4132130
1789153813,3,0,0.032,4132130
1789153813,3,0,0.007,4132130
1789153813,5,0,0.399,4132130
1789153813,0,0,0.006,4132130
1789153814,2,0,0.957,4132130
1789153814,4,0,0.479,4132130
1789153814,6,0,0.012,4132130
1789153814,3,0,0.027,4132130
1789153814,6,0,0.003,4132130
1789153814,0,0,0.007,4132130
1789153814,2,0,0.002,4132130
1789153815,4,0,0.303,4132130
1789153815,0,0,0.004,4132130
1789153815,0,0,0.007,4132130
1789153819,5,0,3.816,4132130
1789153819,3,0,0.003,4132130
1789153819,0,0,0.01,4132130
1789153819,3,0,0.055,4132130
1789153820,2,0,0.887,4132130
1789153820,0,0,0.006,4132130
1789153820,6,0,0.007,4132130
1789153820,2,0,0.001,4132130
1789153820,0,0,0.011,4132130
1789153821,2,0,1.008,4132130
1789153821,3,0,0.007,4132130
1789153821,6,0,0.008,4132130
1789153822,2,0,1.224,4132130
1789153822,4,0,0.461,4132130
1789153823,4,0,0.407,4132130
1789153824,5,0,0.851,4132130
1789153824,3,0,0.083,4132130
1789153824,6,0,0.009,4132130
1789153824,2,0,0.002,4132130
1789153824,3,0,0.003,4132130
1789153825,4,0,1.202,4132130
1789153825,6,0,0.023,4132130
1789153825,0,0,0.004,4132130
1789153825,1,0,0.002,4132130
1789153826,4,0,1.317,4132130
1789153826,1,0,0.002,4132130
1789153831,5,0,4.871,4132130
1789153832,2,0,0.772,4132130
1789153832,2,0,0.001,4132130
1789153832,4,0,0.491,4132130
1789153832,3,0,0.042,4132130
1789153832,2,0,0.001,4132130
1789153832,0,0,0.005,4132130
1789153833,4,0,0.56,4132130
1789153833,3,0,0.086,4132130
1789153834,4,0,0.954,4132130
1789153834,6,0,0.011,4132130
1789153838,5,0,3.61,4132130
1789153838,0,0,0.007,4132130
1789153838,0,0,0.005,4132130
1789153842,5,0,3.942,4132130
1789153842,2,0,0.329,4132130
1789153843,2,0,1.11,4132130
1789153843,0,0,0.006,4132130
1789153848,5,0,4.953,4132130
1789153848,2,0,0.002,4132130
1789153848,2,0,0.008,4132130
1789153848,4,0,0.383,4132130
1789153849,5,0,0.763,4132130
1789153850,4,0,0.861,4132130
1789153850,0,0,0.004,4132130
1789153850,4,0,0.505,4132130
1789153850,1,0,0.001,4132130
1789153850,0,0,0.012,4132130
1789153853,4,0,2.187,4132130
1789153853,5,0,0.713,4132130
1789153853,3,0,0.003,4132130
1789153853,2,0,0.001,4132130
1789153854,4,0,1.106,4132130
1789153854,2,0,0.001,4132130
1789153854,6,0,0.026,4132130
1789153854,0,0,0.009,4132130
1789153855,0,0,0.012,4132130
1789153855,0,0,0.02,4132130
1789153855,6,0,0.008,4132130
1789153855,0,0,0.017,4132130
1789153855,2,0,0.407,4132130
1789153855,1,0,0.001,4132130
1789153855,1,0,0.001,4132130
1789153855,4,0,0.415,4132130
1789153855,3,0,0.009,4132130
1789153855,3,0,0.001,4132130
1789153855,3,0,0.061,4132130
1789153856,3,0,0.072,4132130
1789153857,2,0,1.151,4132130
1789153857,3,0,0.059,4132130
1789153857,6,0,0.006,4132130
1789153857,2,0,0.002,4132130
1789153857,2,0,0.001,4132130
1789153857,1,0,0.001,4132130
1789153857,0,0,0.005,4132130
1789153857,3,0,0.002,4132130
1789153857,3,0,0.004,4132130
1789153857,0,0,0.015,4132130
1789153857,0,0,0.008,4132130
1789153857,6,0,0.008,4132130
1789153857,3,0,0.009,4132130
1789153858,4,0,1.162,4132130
1789153859,4,0,1.048,4132130
1789153859,3,0,0.026,4132130
1789153859,1,0,0.002,4132130
1789153859,3,0,0.063,4132130
1789153859,3,0,0.049,4132130
1789153859,3,0,0.036,4132130
1789153859,0,0,0.012,4132130
1789153860,4,0,0.497,4132130
1789153860,6,0,0.009,4132130
1789153861,4,0,0.872,4132130
1789153861,6,0,0.005,4132130
1789153861,2,0,0.572,4132130
1789153862,2,0,0.446,4132130
1789153863,4,0,0.985,4132130
1789153863,2,0,0.001,4132130
1789153863,6,0,0.006,4132130
1789153863,1,0,0.001,4132130
1789153863,3,0,0.044,4132130
1789153863,0,0,0.008,4132130
1789153863,3,0,0.017,4132130
1789153863,0,0,0.011,4132130
1789153863,6,0,0.004,4132130
1789153863,0,0,0.013,4132130
1789153863,6,0,0.005,4132130
1789153863,6,0,0.003,4132130
1789153863,0,0,0.012,4132130
1789153863,5,0,0.236,4132130
1789153864,4,0,1.185,4132130
1789153866,4,0,1.84,4132130
1789153866,3,0,0.096,4132130
1789153867,2,0,0.546,4132130
1789153867,3,0,0.075,4132130
1789153867,5,0,0.628,4132130
1789153867,1,0,0.002,4132130
1789153867,3,0,0.058,4132130
1789153868,5,0,0.155,4132130
1789153868,2,0,0.002,4132130
1789153868,0,0,0.013,4132130
1789153868,2,0,0.002,4132130
1789153869,4,0,1.03,4132130
1789153869,7,0,0.912,4132130
1789153870,7,0,0.592,4132130
1789153871,4,0,0.511,4132130
1789153871,1,0,0.002,4132130
1789153871,0,0,0.013,4132130
1789153871,5,0,0.532,4132130
1789153872,5,0,0.801,4132130
1789153873,4,0,0.898,4132130
1789153873,6,0,0.008,4132130
1789153873,0,0,0.015,4132130
1789153873,0,0,0.004,4132130
1789153874,5,0,0.723,4132130
1789153874,3,0,0.028,4132130
1789153875,7,0,1.047,4132130
1789153875,6,0,0.005,4132130
1789153875,3,0,0.035,4132130
1789153876,2,0,0.868,4132130
1789153876,5,0,0.61,4132130
1789153876,1,0,0.001,4132130
1789153876,6,0,0.004,4132130
1789153877,5,0,0.741,4132130
1789153877,2,0,0.012,4132130
1789153877,2,0,0.001,4132130
1789153878,7,0,0.575,4132130
1789153878,6,0,0.009,4132130
1789153878,2,0,0.001,4132130
1789153878,6,0,0.024,4132130
1789153878,3,0,0.108,4132130
1789153878,2,0,0.26,4132130
1789153879,4,0,0.678,4132130
1789153879,4,0,0.673,4132130
1789153879,1,0,0.001,4132130
1789153879,0,0,0.019,4132130
1789153879,1,0,0.001,4132130
1789153879,3,0,0.146,4132130
1789153880,3,0,0.125,4132130
1789153880,4,0,0.56,4132130
1789153881,4,0,0.375,4132130
1789153881,3,0,0.025,4132130
1789153881,3,0,0.005,4132130
1789153881,1,0,0.001,4132130
1789153881,3,0,0.002,4132130
1789153881,1,0,0.001,4132130
1789153881,3,0,0.094,4132130
1789153882,4,0,1.158,4132130
1789153882,2,0,0.001,4132130
1789153882,2,0,0.002,4132130
1789153882,0,0,0.004,4132130
1789153882,3,0,0.008,4132130
1789153882,0,0,0.014,4132130
1789153882,0,0,0.008,4132130
1789153882,6,0,0.006,4132130
1789153882,3,0,0.006,4132130
1789153882,5,0,0.211,4132130
1789153882,2,0,0.002,4132130
1789153882,2,0,0.387,4132130
1789153882,0,0,0.021,4132130
1789153882,0,0,0.006,4132130
1789153883,4,0,0.393,4132130
1789153883,6,0,0.012,4132130
1789153883,3,0,0.008,4132130
1789153883,6,0,0.003,4132130
1789153883,2,0,0.564,4132130
1789153883,2,0,0,4132130
1789153883,3,0,0.05,4132130
1789153884,3,0,0.062,4132130
1789153884,6,0,0.006,4132130
1789153884,0,0,0.013,4132130
1789153884,6,0,0.005,4132130
1789153884,0,0,0.002,4132130
1789153884,3,0,0.039,4132130
1789153884,0,0,0.007,4132130
1789153884,2,0,0.001,4132130
1789153888,7,0,4.213,4132130
1789153889,4,0,1.368,4132130
1789153890,2,0,0.646,4132130
1789153890,4,0,0.273,4132130
1789153890,6,0,0.006,4132130
1789153890,2,0,0.001,4132130
1789153890,6,0,0.004,4132130
1789153890,6,0,0.022,4132130
1789153890,6,0,0.006,4132130
1789153890,6,0,0.006,4132130
1789153891,4,0,0.857,4132130
1789153896,5,0,4.689,4132130
1789153896,0,0,0.007,4132130
1789153896,2,0,0.431,4132130
1789153896,0,0,0.01,4132130
1789153896,6,0,0.016,4132130
1789153897,4,0,0.523,4132130
1789153898,2,0,1.482,4132130
1789153898,6,0,0.003,4132130
1789153899,7,0,0.666,4132130
1789153900,4,0,0.707,4132130
1789153900,4,0,0.879,4132130
1789153900,2,0,0.002,4132130
1789153900,0,0,0.004,4132130
1789153901,4,0,0.658,4132130
1789153901,0,0,0.004,4132130
1789153901,3,0,0.005,4132130
1789153901,0,0,0.004,4132130
1789153902,4,0,0.673,4132130
1789153903,4,0,0.709,4132130
1789153903,6,0,0.024,4132130
1789153903,4,0,0.371,4132130
1789153904,4,0,0.805,4132130
1789153904,0,0,0.014,4132130
1789153905,4,0,0.963,4132130
1789153905,1,0,0.002,4132130
1789153905,6,0,0.009,4132130
1789153905,1,0,0.001,4132130
1789153905,4,0,0.655,4132130
1789153905,0,0,0.008,4132130
1789153906,2,0,0.655,4132130
1789153906,2,0,0.316,4132130
1789153907,4,0,0.981,4132130
1789153907,2,0,0.001,4132130
1789153907,3,0,0.059,4132130
1789153907,2,0,0.002,4132130
1789153907,6,0,0.005,4132130
1789153908,4,0,0.578,4132130
1789153909,4,0,0.827,4132130
1789153909,3,0,0.01,4132130
1789153909,4,0,0.674,4132130
1789153910,4,0,0.89,4132130
1789153911,2,0,0.491,4132130
1789153911,3,0,0.052,4132130
1789153911,2,0,0.002,4132130
1789153911,2,0,0.002,4132130
1789153912,5,0,1.307,4132130
1789153913,4,0,0.515,4132130
1789153913,0,0,0.005,4132130
1789153913,0,0,0.004,4132130
1789153913,4,0,0.558,4132130
1789153917,5,0,4.12,4132130
1789153917,6,0,0.007,4132130
1789153917,6,0,0.005,4132130
1789153918,3,0,0.1,4132130
1789153918,0,0,0.004,4132130
1789153919,2,0,1.032,4132130
1789153919,3,0,0.022,4132130
1789153919,3,0,0.013,4132130
1789153919,5,0,0.106,4132130
1789153922,5,0,3.733,4132130
1789153923,2,0,0.486,4132130
1789153923,0,0,0.003,4132130
1789153924,4,0,0.917,4132130
1789153925,2,0,0.72,4132130
1789153925,0,0,0.003,4132130
1789153925,2,0,0.022,4132130
1789153926,2,0,0.918,4132130
1789153926,3,0,0.077,4132130
1789153926,3,0,0.005,4132130
1789153926,1,0,0.001,4132130
1789153926,4,0,0.382,4132130
1789153926,0,0,0.004,4132130
1789153926,0,0,0.01,4132130
1789153926,2,0,0.005,4132130
1789153926,4,0,0.279,4132130
1789153926,1,0,0.001,4132130
1789153926,2,0,0.001,4132130
1789153927,4,0,0.258,4132130
1789153927,2,0,0.002,4132130
1789153927,4,0,0.225,4132130
1789153927,0,0,0.009,4132130
1789153927,4,0,0.674,4132130
1789153930,4,0,2.161,4132130
1789153931,4,0,1.095,4132130
1789153931,6,0,0.007,4132130
1789153931,3,0,0.005,4132130
1789153931,4,0,0.527,4132130
1789153932,4,0,0.267,4132130
1789153932,5,0,0.674,4132130
1789153932,6,0,0.006,4132130
1789153932,1,0,0.001,4132130
1789153932,6,0,0.007,4132130
1789153932,3,0,0.002,4132130
1789153932,3,0,0.109,4132130
1789153933,4,0,0.321,4132130
1789153933,4,0,0.601,4132130
1789153933,6,0,0.003,4132130
1789153933,3,0,0.131,4132130
1789153933,3,0,0.061,4132130
1789153933,3,0,0.043,4132130
1789153934,3,0,0.126,4132130
1789153934,6,0,0.006,4132130
1789153934,6,0,0.016,4132130
1789153934,1,0,0.001,4132130
1789153934,0,0,0.006,4132130
1789153935,5,0,0.875,4132130
1789153938,7,0,3.769,4132130
1789153938,0,0,0.012,4132130
1789153938,3,0,0.063,4132130
1789153939,4,0,1.078,4132130
1789153939,0,0,0.005,4132130
1789153939,0,0,0.006,4132130
1789153939,6,0,0.049,4132130
1789153940,0,0,0.025,4132130
1789153940,3,0,0.059,4132130
1789153940,6,0,0.01,4132130
1789153940,3,0,0.024,4132130
1789153941,4,0,1.181,4132130
1789153941,0,0,0.008,4132130
1789153941,3,0,0.009,4132130
1789153941,0,0,0.004,4132130
1789153941,5,0,0.573,4132130
1789153941,3,0,0.056,4132130
1789153941,0,0,0.01,4132130
1789153942,3,0,0.079,4132130
1789153942,6,0,0.005,4132130
1789153942,4,0,0.665,4132130
1789153943,4,0,0.757,4132130
1789153943,4,0,0.355,4132130
1789153943,2,0,0.002,4132130
1789153943,0,0,0.005,4132130
1789153943,0,0,0.006,4132130
1789153943,0,0,0.005,4132130
1789153944,4,0,0.878,4132130
1789153944,3,0,0.099,4132130
1789153944,3,0,0.071,4132130
1789153945,5,0,0.154,4132130
1789153945,3,0,0.134,4132130
1789153945,2,0,0.002,4132130
1789153945,0,0,0.005,4132130
1789153945,2,0,0.001,4132130
1789153945,4,0,0.526,4132130
1789153947,4,0,1.556,4132130
1789153947,3,0,0.072,4132130
1789153947,4,0,0.542,4132130
1789153947,3,0,0.09,4132130
1789153947,3,0,0.004,4132130
1789153949,2,0,1.312,4132130
1789153951,5,0,1.889,4132130
1789153951,6,0,0.006,4132130
1789153951,3,0,0.045,4132130
1789153952,4,0,0.813,4132130
1789153952,3,0,0.037,4132130
1789153952,6,0,0.008,4132130
1789153952,2,0,0.364,4132130
1789153952,6,0,0.006,4132130
1789153956,7,0,3.633,4132130
1789153956,6,0,0.005,4132130
1789153956,1,0,0.001,4132130
1789153956,0,0,0.002,4132130
1789153956,2,0,0.003,4132130
1789153956,5,0,0.362,4132130
1789153960,5,0,4.103,4132130
1789153961,4,0,0.61,4132130
1789153961,3,0,0.033,4132130
1789153961,4,0,0.384,4132130
1789153961,5,0,0.403,4132130
1789153961,3,0,0.006,4132130
1789153962,3,0,0.009,4132130
1789153962,4,0,0.632,4132130
1789153962,2,0,0.003,4132130
1789153962,4,0,0.338,4132130
1789153962,2,0,0.002,4132130
1789153963,3,0,0.1,4132130
1789153964,4,0,0.933,4132130
1789153964,3,0,0.055,4132130
1789153964,2,0,0.733,4132130
1789153964,2,0,0.003,4132130
1789153965,4,0,0.463,4132130
1789153965,2,0,0.003,4132130
1789153965,5,0,0.125,4132130
1789153965,4,0,0.411,4132130
1789153966,4,0,0.679,4132130
1789153966,6,0,0.007,4132130
1789153967,4,0,0.552,4132130
1789153967,1,0,0.001,4132130
1789153967,3,0,0.04,4132130
1789153969,4,0,2.169,4132130
1789153969,3,0,0.079,4132130
1789153969,5,0,0.604,4132130
1789153970,3,0,0.108,4132130
1789153970,4,0,0.795,4132130
1789153970,0,0,0.007,4132130
1789153971,4,0,0.61,4132130
1789153971,2,0,0.001,4132130
1789153971,3,0,0.013,4132130
1789153971,3,0,0.005,4132130
1789153971,5,0,0.119,4132130
1789153971,2,0,0.183,4132130
1789153972,2,0,0.263,4132130
1789153976,5,0,4.421,4132130
1789153976,1,0,0.001,4132130
1789153976,1,0,0.001,4132130
1789153982,5,0,6.212,4132130
1789153983,2,0,1.146,4132130
1789153983,3,0,0.013,4132130
1789153984,4,0,0.504,4132130
1789153985,2,0,0.795,4132130
1789153985,0,0,0.007,4132130
1789153985,0,0,0.008,4132130
1789153985,3,0,0.006,4132130
1789153985,6,0,0.01,4132130
1789153985,2,0,0.007,4132130
1789153985,3,0,0.034,4132130
1789153985,3,0,0.007,4132130
1789153986,2,0,0.996,4132130
1789153986,4,0,0.491,4132130
1789153986,3,0,0.049,4132130
1789153986,3,0,0.075,4132130
1789153986,0,0,0.006,4132130
1789153986,1,0,0.001,4132130
1789153986,2,0,0.01,4132130
1789153986,6,0,0.043,4132130
1789153990,5,0,3.435,4132130
1789153990,4,0,0.281,4132130
1789153990,3,0,0.008,4132130
1789153990,3,0,0.066,4132130
1789153992,4,0,1.747,4132130
1789153992,0,0,0.013,4132130
1789153992,4,0,0.342,4132130
1789153992,0,0,0.003,4132130
1789153993,4,0,1.061,4132130
1789153993,3,0,0.131,4132130
1789153995,4,0,1.069,4132130
1789153995,4,0,0.59,4132130
1789153995,3,0,0.023,4132130
1789153996,2,0,0.748,4132130
1789153997,4,0,1.364,4132130
1789153997,6,0,0.005,4132130
1789153998,4,0,0.634,4132130
1789153998,5,0,0.339,4132130
1789153998,3,0,0.032,4132130
1789153998,1,0,0.002,4132130
1789154002,5,0,3.695,4132130
1789154002,4,0,0.475,4132130
1789154003,3,0,0.082,4132130
1789154003,2,0,0.002,4132130
1789154003,6,0,0.007,4132130
1789154003,1,0,0.002,4132130
1789154003,4,0,0.537,4132130
1789154004,4,0,0.67,4132130
1789154004,1,0,0.002,4132130
1789154005,5,0,1.168,4132130
1789154005,6,0,0.009,4132130
1789154005,4,0,0.349,4132130
1789154006,4,0,0.282,4132130
1789154006,6,0,0.004,4132130
1789154010,5,0,4.658,4132130
1789154012,5,0,1.458,4132130
1789154012,6,0,0.023,4132130
1789154012,4,0,0.563,4132130
1789154013,5,0,0.505,4132130
1789154013,0,0,0.005,4132130
1789154013,4,0,0.469,4132130
1789154013,6,0,0.006,4132130
1789154013,3,0,0.001,4132130
1789154014,4,0,1.065,4132130
1789154014,3,0,0.006,4132130
1789154019,5,0,4.495,4132130
1789154019,4,0,0.429,4132130
1789154019,6,0,0.004,4132130
1789154019,0,0,0.011,4132130
1789154020,4,0,1.047,4132130
1789154021,4,0,0.204,4132130
1789154021,4,0,0.406,4132130
1789154021,6,0,0.011,4132130
1789154021,2,0,0.004,4132130
1789154021,3,0,0.028,4132130
1789154022,4,0,0.708,4132130
1789154022,6,0,0.012,4132130
1789154022,0,0,0.008,4132130
1789154022,3,0,0.052,4132130
1789154022,4,0,0.442,4132130
1789154022,2,0,0.001,4132130
1789154023,4,0,0.694,4132130
1789154023,4,0,0.591,4132130
1789154024,4,0,0.404,4132130
1789154024,3,0,0.007,4132130
1789154024,2,0,0.517,4132130
1789154024,3,0,0.05,4132130
1789154024,0,0,0.009,4132130
1789154024,3,0,0.013,4132130
1789154025,4,0,0.744,4132130
1789154025,0,0,0.019,4132130
1789154025,0,0,0.006,4132130
1789154026,4,0,0.471,4132130
1789154026,5,0,0.412,4132130
1789154026,3,0,0.006,4132130
1789154027,4,0,0.989,4132130
1789154027,1,0,0.001,4132130
1789154028,5,0,1.038,4132130
1789154028,0,0,0.006,4132130
1789154028,6,0,0.009,4132130
1789154028,3,0,0.009,4132130
1789154028,3,0,0.047,4132130
1789154028,3,0,0.03,4132130
1789154028,2,0,0.001,4132130
1789154029,5,0,0.621,4132130
1789154029,0,0,0.004,4132130
1789154030,5,0,1.232,4132130
1789154031,4,0,0.515,4132130
1789154036,7,0,5.522,4132130
1789154036,1,0,0.001,4132130
1789154036,0,0,0.01,4132130
1789154036,3,0,0.086,4132130
1789154037,4,0,0.382,4132130
1789154037,4,0,0.376,4132130
1789154037,0,0,0.004,4132130
1789154038,2,0,0.773,4132130
1789154038,3,0,0.001,4132130
1789154038,1,0,0.001,4132130
1789154038,3,0,0.047,4132130
1789154038,6,0,0.006,4132130
1789154038,2,0,0.557,4132130
1789154038,3,0,0.069,4132130
1789154038,1,0,0.001,4132130
1789154038,0,0,0.008,4132130
1789154038,6,0,0.007,4132130
1789154038,2,0,0,4132130
1789154038,2,0,0.002,4132130
1789154039,5,0,0.106,4132130
1789154039,6,0,0.006,4132130
1789154039,4,0,0.664,4132130
1789154039,3,0,0.015,4132130
1789154041,2,0,1.359,4132130
1789154042,4,0,0.935,4132130
1789154042,0,0,0.005,4132130
1789154042,6,0,0.006,4132130
1789154042,2,0,0.003,4132130
1789154042,1,0,0.001,4132130
1789154042,6,0,0.007,4132130
1789154042,3,0,0.008,4132130
1789154042,6,0,0.01,4132130
1789154043,4,0,1.804,4132130
1789154043,0,0,0.009,4132130
1789154044,4,0,0.231,4132130
1789154044,3,0,0.008,4132130
1789154044,3,0,0.058,4132130
1789154044,1,0,0.001,4132130
1789154044,1,0,0.001,4132130
1789154044,4,0,0.759,4132130
1789154045,4,0,0.957,4132130
1789154046,3,0,0.06,4132130
1789154046,3,0,0.037,4132130
1789154046,3,0,0.051,4132130
1789154046,1,0,0.001,4132130
1789154046,2,0,0.002,4132130
1789154046,5,0,0.111,4132130
1789154046,2,0,0.001,4132130
1789154046,0,0,0.014,4132130
1789154046,6,0,0.006,4132130
1789154046,0,0,0.01,4132130
1789154046,4,0,0.245,4132130
1789154046,1,0,0.001,4132130
1789154046,3,0,0.008,4132130
1789154046,7,0,0.157,4132130
1789154046,6,0,0.004,4132130
1789154046,5,0,0.101,4132130
1789154046,3,0,0.027,4132130
1789154046,3,0,0.008,4132130
1789154047,4,0,0.31,4132130
1789154047,6,0,0.004,4132130
1789154048,2,0,1.234,4132130
1789154048,3,0,0.078,4132130
1789154048,6,0,0.005,4132130
1789154048,3,0,0.043,4132130
1789154048,0,0,0.008,4132130
1789154049,5,0,0.556,4132130
1789154049,3,0,0.005,4132130
1789154049,6,0,0.007,4132130
1789154049,2,0,0.516,4132130
1789154049,0,0,0.012,4132130
1789154049,3,0,0.06,4132130
1789154050,4,0,0.648,4132130
1789154050,3,0,0.086,4132130
1789154050,3,0,0.004,4132130
1789154050,3,0,0.107,4132130
1789154050,3,0,0.054,4132130
1789154051,5,0,1.041,4132130
1789154051,4,0,0.395,4132130
1789154051,0,0,0.011,4132130
1789154051,2,0,0.006,4132130
1789154051,2,0,0.002,4132130
1789154052,0,0,0.012,4132130
1789154052,3,0,0.011,4132130
1789154052,1,0,0.002,4132130
1789154052,0,0,0.003,4132130
1789154052,6,0,0.006,4132130
1789154054,2,0,2.307,4132130
1789154054,3,0,0.13,4132130
1789154054,4,0,0.306,4132130
1789154054,0,0,0.004,4132130
1789154054,0,0,0.005,4132130
1789154054,6,0,0.019,4132130
1789154055,4,0,1.057,4132130
1789154055,2,0,0.002,4132130
1789154055,3,0,0.066,4132130
1789154056,3,0,0.108,4132130
1789154056,4,0,0.55,4132130
1789154056,0,0,0.009,4132130
1789154056,4,0,0.216,4132130
1789154057,2,0,0.362,4132130
1789154057,3,0,0.005,4132130
1789154057,3,0,0.168,4132130
1789154058,2,0,1.623,4132130
1789154059,4,0,0.435,4132130
1789154061,7,0,1.629,4132130
1789154064,5,0,3.428,4132130
1789154064,2,0,0.475,4132130
1789154064,0,0,0.006,4132130
1789154064,0,0,0.044,4132130
1789154064,3,0,0.002,4132130
1789154065,4,0,0.589,4132130
1789154066,4,0,0.478,4132130
1789154066,0,0,0.005,4132130
1789154066,4,0,0.466,4132130
1789154066,2,0,0.002,4132130
1789154071,5,0,5.239,4132130
1789154071,3,0,0.01,4132130
1789154072,4,0,0.388,4132130
1789154072,5,0,0.214,4132130
1789154072,3,0,0.07,4132130
1789154072,3,0,0.011,4132130
1789154072,5,0,0.116,4132130
1789154073,2,0,0.584,4132130
1789154073,3,0,0.006,4132130
1789154078,5,0,4.909,4132130
1789154078,2,0,0.743,4132130
1789154079,4,0,0.832,4132130
1789154080,2,0,0.869,4132130
1789154081,4,0,0.508,4132130
1789154081,5,0,0.16,4132130
1789154081,2,0,0.551,4132130
1789154081,0,0,0.004,4132130
1789154082,2,0,0.605,4132130
1789154082,5,0,0.289,4132130
1789154082,4,0,0.357,4132130
1789154082,2,0,0.002,4132130
1789154083,3,0,0.007,4132130
1789154083,1,0,0.002,4132130
1789154083,5,0,0.508,4132130
1789154084,7,0,0.571,4132130
1789154084,4,0,0.381,4132130
1789154085,4,0,0.692,4132130
1789154085,3,0,0.015,4132130
1789154085,3,0,0.106,4132130
1789154085,4,0,0.627,4132130
1789154086,4,0,0.922,4132130
1789154086,5,0,0.107,4132130
1789154087,7,0,0.351,4132130
1789154087,4,0,0.603,4132130
1789154087,6,0,0.007,4132130
1789154088,4,0,0.436,4132130
1789154088,3,0,0.009,4132130
1789154088,1,0,0.002,4132130
1789154088,6,0,0.008,4132130
1789154093,5,0,5.079,4132130
1789154093,4,0,0.472,4132130
1789154093,0,0,0.014,4132130
1789154093,0,0,0.012,4132130
1789154093,0,0,0.018,4132130
1789154094,2,0,0.286,4132130
1789154094,1,0,0.001,4132130
1789154094,0,0,0.004,4132130
1789154094,2,0,0.357,4132130
1789154094,0,0,0.009,4132130
1789154095,4,0,0.827,4132130
1789154095,4,0,0.499,4132130
1789154095,6,0,0.006,4132130
1789154095,0,0,0.004,4132130
1789154095,2,0,0.001,4132130
1789154097,5,0,1.066,4132130
1789154097,4,0,0.749,4132130
1789154097,1,0,0.002,4132130
1789154097,3,0,0.126,4132130
1789154101,5,0,4.03,4132130
1789154102,5,0,0.3,4132130
1789154102,0,0,0.004,4132130
1789154102,3,0,0.034,4132130
1789154102,0,0,0.008,4132130
1789154102,3,0,0.086,4132130
1789154102,3,0,0.038,4132130
1789154102,3,0,0.079,4132130
1789154102,0,0,0.006,4132130
1789154102,6,0,0.006,4132130
1789154103,4,0,0.774,4132130
1789154103,4,0,0.677,4132130
1789154103,0,0,0.011,4132130
1789154103,6,0,0.004,4132130
1789154103,3,0,0.018,4132130
1789154104,7,0,0.495,4132130
1789154104,3,0,0.005,4132130
1789154104,4,0,0.441,4132130
1789154104,2,0,0.002,4132130
1789154105,4,0,0.353,4132130
1789154105,0,0,0.005,4132130
1789154105,4,0,0.219,4132130
1789154105,6,0,0.01,4132130
1789154105,6,0,0.015,4132130
1789154109,5,0,3.532,4132130
1789154109,4,0,0.29,4132130
1789154109,6,0,0.006,4132130
1789154109,6,0,0.007,4132130
1789154109,5,0,0.583,4132130
1789154109,0,0,0.007,4132130
1789154112,5,0,3.048,4132130
1789154112,1,0,0.001,4132130
1789154112,2,0,0.002,4132130
1789154118,7,0,5.601,4132130
1789154119,4,0,0.698,4132130
1789154119,6,0,0.017,4132130
1789154119,5,0,0.125,4132130
1789154119,0,0,0.004,4132130
1789154119,6,0,0.007,4132130
1789154120,4,0,1.236,4132130
1789154120,3,0,0.049,4132130
1789154121,4,0,0.37,4132130
1789154121,3,0,0.008,4132130
1789154121,2,0,0.001,4132130
1789154121,5,0,0.101,4132130
1789154121,5,0,0.693,4132130
1789154122,7,0,0.566,4132130
1789154122,0,0,0.048,4132130
1789154125,5,0,3.316,4132130
1789154126,7,0,0.19,4132130
1789154126,0,0,0.009,4132130
1789154126,4,0,0.295,4132130
1789154126,3,0,0.079,4132130
1789154127,4,0,0.671,4132130
1789154127,0,0,0.008,4132130
1789154128,4,0,1.13,4132130
1789154128,6,0,0.012,4132130
1789154132,5,0,4.543,4132130
1789154133,4,0,0.256,4132130
1789154134,4,0,1.454,4132130
1789154134,3,0,0.007,4132130
1789154134,5,0,0.095,4132130
1789154134,2,0,0.189,4132130
1789154134,3,0,0.006,4132130
1789154134,3,0,0.018,4132130
1789154134,0,0,0.008,4132130
1789154140,7,0,5.743,4132130
1789154140,3,0,0.031,4132130
1789154141,4,0,0.632,4132130
1789154141,6,0,0.006,4132130
1789154141,0,0,0.011,4132130
1789154141,0,0,0.007,4132130
1789154141,3,0,0.003,4132130
1789154141,0,0,0.01,4132130
1789154141,0,0,0.007,4132130
1789154141,3,0,0.007,4132130
1789154141,0,0,0.007,4132130
1789154141,3,0,0.038,4132130
1789154141,3,0,0.065,4132130
1789154141,6,0,0.005,4132130
1789154141,4,0,0.305,4132130
1789154141,6,0,0.008,4132130
1789154142,4,0,0.446,4132130
1789154142,0,0,0.008,4132130
1789154142,0,0,0.016,4132130
1789154142,7,0,0.657,4132130
1789154142,2,0,0.003,4132130
1789154144,4,0,1.832,4132130
1789154145,4,0,1.201,4132130
1789154146,4,0,0.43,4132130
1789154146,3,0,0.035,4132130
1789154146,2,0,0.629,4132130
1789154147,2,0,0.526,4132130
1789154147,3,0,0.057,4132130
1789154148,4,0,0.902,4132130
1789154148,3,0,0.092,4132130
1789154148,0,0,0.003,4132130
1789154148,4,0,0.359,4132130
1789154150,4,0,1.219,4132130
1789154150,3,0,0.003,4132130
1789154150,5,0,0.103,4132130
1789154150,2,0,0.217,4132130
1789154151,4,0,1.3,4132130
1789154152,4,0,0.489,4132130
1789154152,6,0,0.008,4132130
1789154152,5,0,0.177,4132130
1789154152,0,0,0.005,4132130
1789154152,3,0,0.005,4132130
1789154156,7,0,4.357,4132130
1789154157,2,0,0.406,4132130
1789154157,0,0,0.005,4132130
1789154157,1,0,0.002,4132130
1789154157,4,0,0.689,4132130
1789154157,6,0,0.017,4132130
1789154157,0,0,0.013,4132130
1789154162,7,0,4.936,4132130
1789154162,3,0,0.005,4132130
1789154162,2,0,0.003,4132130
1789154167,7,0,4.352,4132130
1789154167,4,0,0.572,4132130
1789154168,4,0,0.815,4132130
1789154168,4,0,0.294,4132130
1789154168,3,0,0.072,4132130
1789154168,2,0,0.001,4132130
1789154168,3,0,0.007,4132130
1789154169,5,0,0.873,4132130
1789154170,4,0,0.411,4132130
1789154170,0,0,0.006,4132130
1789154171,2,0,0.793,4132130
1789154171,5,0,0.397,4132130
1789154171,6,0,0.018,4132130
1789154171,4,0,0.448,4132130
1789154173,4,0,1.241,4132130
1789154173,4,0,0.637,4132130
1789154174,2,0,0.53,4132130
1789154174,3,0,0.033,4132130
1789154175,2,0,1.155,4132130
1789154175,6,0,0.005,4132130
1789154176,4,0,0.77,4132130
1789154176,4,0,0.477,4132130
1789154177,4,0,0.606,4132130
1789154177,6,0,0.015,4132130
1789154178,4,0,1.303,4132130
1789154178,6,0,0.021,4132130
1789154179,2,0,0.396,4132130
1789154179,1,0,0.001,4132130
1789154179,4,0,0.692,4132130
1789154179,3,0,0.076,4132130
1789154180,4,0,0.609,4132130
1789154180,2,0,0.003,4132130
1789154180,6,0,0.006,4132130
1789154180,3,0,0.008,4132130
1789154180,6,0,0.005,4132130
1789154180,2,0,0.404,4132130
1789154180,0,0,0.01,4132130
1789154181,2,0,0.57,4132130
1789154181,3,0,0.081,4132130
1789154181,3,0,0.008,4132130
1789154181,3,0,0.044,4132130
1789154182,4,0,0.756,4132130
1789154182,4,0,0.505,4132130
1789154183,4,0,0.871,4132130
1789154183,6,0,0.009,4132130
1789154183,3,0,0.006,4132130
1789154183,0,0,0.02,4132130
1789154183,2,0,0.002,4132130
1789154183,3,0,0.07,4132130
1789154183,3,0,0.05,4132130
1789154184,4,0,0.218,4132130
1789154184,2,0,0.003,4132130
1789154184,0,0,0.007,4132130
1789154184,5,0,0.431,4132130
1789154184,0,0,0.006,4132130
1789154184,2,0,0.004,4132130
1789154184,3,0,0.006,4132130
1789154185,4,0,0.886,4132130
1789154186,4,0,1.052,4132130
1789154186,3,0,0.07,4132130
1789154187,2,0,0.658,4132130
1789154187,3,0,0.01,4132130
1789154187,0,0,0.008,4132130
1789154188,4,0,1.06,4132130
1789154188,0,0,0.008,4132130
1789154188,3,0,0.074,4132130
1789154188,2,0,0.002,4132130
1789154188,6,0,0.005,4132130
1789154188,6,0,0.006,4132130
1789154188,6,0,0.004,4132130
1789154188,6,0,0.005,4132130
1789154188,6,0,0.005,4132130
1789154188,3,0,0.01,4132130
1789154188,0,0,0.005,4132130
1789154188,0,0,0.008,4132130
1789154188,4,0,0.288,4132130
1789154188,0,0,0.014,4132130
1789154188,0,0,0.006,4132130
1789154188,6,0,0.007,4132130
1789154188,6,0,0.004,4132130
1789154188,3,0,0.002,4132130
1789154188,0,0,0.006,4132130
1789154188,0,0,0.005,4132130
1789154188,0,0,0.007,4132130
1789154192,7,0,3.326,4132130
1789154192,3,0,0.055,4132130
1789154197,5,0,5.697,4132130
1789154198,4,0,0.624,4132130
1789154198,0,0,0.009,4132130
1789154199,2,0,0.587,4132130
1789154199,1,0,0.003,4132130
1789154199,0,0,0.029,4132130
1789154200,2,0,1.012,4132130
1789154200,5,0,0.213,4132130
1789154200,0,0,0.006,4132130
1789154200,4,0,0.629,4132130
1789154201,3,0,0.054,4132130
1789154201,3,0,0.083,4132130
1789154201,3,0,0.201,4132130
1789154201,6,0,0.004,4132130
1789154202,4,0,0.797,4132130
1789154203,4,0,1.148,4132130
1789154203,3,0,0.055,4132130
1789154203,0,0,0.014,4132130
1789154205,5,0,2.644,4132130
1789154206,4,0,0.515,4132130
1789154207,4,0,0.719,4132130
1789154207,2,0,0.464,4132130
1789154207,3,0,0.044,4132130
1789154208,4,0,0.335,4132130
1789154208,3,0,0.022,4132130
1789154208,1,0,0.002,4132130
1789154208,4,0,0.712,4132130
1789154209,2,0,0.315,4132130
1789154209,4,0,0.425,4132130
1789154209,0,0,0.003,4132130
1789154210,4,0,1.042,4132130
1789154210,6,0,0.005,4132130
1789154210,0,0,0.014,4132130
1789154210,3,0,0.121,4132130
1789154211,4,0,0.545,4132130
1789154211,2,0,0.005,4132130
1789154211,0,0,0.011,4132130
1789154211,2,0,0.432,4132130
1789154211,1,0,0.002,4132130
1789154212,4,0,0.502,4132130
1789154212,3,0,0.004,4132130
1789154215,5,0,3.49,4132130
1789154215,3,0,0.095,4132130
1789154215,6,0,0.007,4132130
1789154215,2,0,0.004,4132130
1789154216,4,0,0.553,4132130
1789154216,0,0,0.046,4132130
1789154216,6,0,0.021,4132130
1789154216,7,0,0.178,4132130
1789154216,5,0,0.118,4132130
1789154216,1,0,0.002,4132130
1789154216,0,0,0.004,4132130
1789154216,4,0,0.152,4132130
1789154216,6,0,0.005,4132130
1789154216,6,0,0.009,4132130
1789154217,2,0,0.9,4132130
1789154217,0,0,0.014,4132130
1789154217,0,0,0.012,4132130
1789154217,1,0,0.001,4132130
1789154217,2,0,0.008,4132130
1789154217,0,0,0.013,4132130
1789154218,4,0,0.817,4132130
1789154218,2,0,0.003,4132130
1789154218,3,0,0.005,4132130
1789154219,4,0,1.153,4132130
1789154219,3,0,0.042,4132130
1789154219,3,0,0.035,4132130
1789154224,5,0,4.487,4132130
1789154224,0,0,0.004,4132130
1789154224,3,0,0.079,4132130
1789154224,5,0,0.132,4132130
1789154224,4,0,0.27,4132130
1789154229,5,0,4.687,4132130
1789154229,6,0,0.003,4132130
1789154229,4,0,0.237,4132130
1789154229,3,0,0.058,4132130
1789154230,4,0,0.613,4132130
1789154231,2,0,0.946,4132130
1789154231,4,0,0.565,4132130
1789154231,6,0,0.004,4132130
1789154231,1,0,0.001,4132130
1789154232,0,0,0.011,4132130
1789154235,5,0,3.943,4132130
1789154235,2,0,0.008,4132130
1789154241,5,0,5.082,4132130
1789154241,4,0,0.273,4132130
1789154242,4,0,1.148,4132130
1789154242,3,0,0.077,4132130
1789154242,6,0,0.008,4132130
1789154242,3,0,0.047,4132130
1789154242,3,0,0.025,4132130
1789154242,4,0,0.256,4132130
1789154243,2,0,0.677,4132130
1789154243,0,0,0.006,4132130
1789154243,3,0,0.008,4132130
1789154243,5,0,0.096,4132130
1789154243,3,0,0.062,4132130
1789154243,0,0,0.009,4132130
1789154244,4,0,0.889,4132130
1789154244,3,0,0.03,4132130
1789154244,6,0,0.012,4132130
1789154244,2,0,0.003,4132130
1789154244,3,0,0.045,4132130
1789154244,6,0,0.006,4132130
1789154244,6,0,0.006,4132130
1789154245,4,0,0.653,4132130
1789154245,0,0,0.004,4132130
1789154245,3,0,0.005,4132130
1789154245,0,0,0.003,4132130
1789154245,6,0,0.006,4132130
1789154245,0,0,0.01,4132130
1789154245,2,0,0.001,4132130
1789154246,5,0,0.674,4132130
1789154246,2,0,0.774,4132130
1789154248,4,0,1.388,4132130
1789154248,0,0,0.01,4132130
1789154248,6,0,0.013,4132130
1789154248,3,0,0.029,4132130
1789154248,4,0,0.673,4132130
1789154249,4,0,0.277,4132130
1789154249,4,0,0.382,4132130
1789154249,3,0,0.045,4132130
1789154249,3,0,0.075,4132130
1789154249,1,0,0.002,4132130
1789154250,4,0,1.018,4132130
1789154250,3,0,0.01,4132130
1789154251,4,0,0.491,4132130
1789154251,0,0,0.003,4132130
1789154251,3,0,0.039,4132130
1789154251,2,0,0.275,4132130
1789154251,2,0,0.003,4132130
1789154251,0,0,0.03,4132130
1789154251,0,0,0.009,4132130
1789154252,2,0,1.039,4132130
1789154252,3,0,0.034,4132130
1789154253,5,0,1.205,4132130
1789154253,3,0,0.063,4132130
1789154254,4,0,0.46,4132130
1789154255,5,0,0.575,4132130
1789154255,4,0,0.388,4132130
1789154255,3,0,0.018,4132130
1789154255,6,0,0.024,4132130
1789154255,6,0,0.004,4132130
1789154255,1,0,0,4132130
1789154256,4,0,0.857,4132130
1789154256,3,0,0.017,4132130
1789154256,3,0,0.011,4132130
1789154256,6,0,0.019,4132130
1789154256,2,0,0.01,4132130
1789154256,2,0,0.001,4132130
1789154259,5,0,3.164,4132130
1789154260,4,0,1.188,4132130
1789154262,2,0,1.866,4132130
1789154262,2,0,0.005,4132130
1789154262,0,0,0.009,4132130
1789154262,1,0,0.001,4132130
1789154262,3,0,0.039,4132130
1789154262,3,0,0.016,4132130
1789154262,2,0,0.001,4132130
1789154262,0,0,0.007,4132130
1789154262,0,0,0.013,4132130
1789154262,2,0,0.002,4132130
1789154262,2,0,0.001,4132130
1789154262,3,0,0.01,4132130
1789154262,0,0,0.005,4132130
1789154262,2,0,0.004,4132130
1789154262,4,0,0.265,4132130
1789154263,3,0,0.06,4132130
1789154263,4,0,0.328,4132130
1789154263,4,0,0.334,4132130
1789154263,6,0,0.01,4132130
1789154263,5,0,0.264,4132130
1789154264,3,0,0.132,4132130
1789154264,6,0,0.024,4132130
1789154264,6,0,0.003,4132130
1789154264,0,0,0.006,4132130
1789154265,4,0,0.918,4132130
1789154265,6,0,0.006,4132130
1789154265,3,0,0.036,4132130
1789154265,6,0,0.006,4132130
1789154265,0,0,0.003,4132130
1789154265,3,0,0.06,4132130
1789154265,4,0,0.59,4132130
1789154265,3,0,0.003,4132130
1789154266,2,0,0.372,4132130
1789154267,2,0,0.897,4132130
1789154267,3,0,0.009,4132130
1789154267,3,0,0.033,4132130
1789154267,2,0,0.001,4132130
1789154267,0,0,0.008,4132130
1789154267,1,0,0.001,4132130
1789154267,5,0,0.83,4132130
1789154268,3,0,0.142,4132130
1789154268,4,0,0.594,4132130
1789154268,0,0,0.011,4132130
1789154268,4,0,0.344,4132130
1789154268,0,0,0.004,4132130
1789154268,3,0,0.007,4132130
1789154269,3,0,0.107,4132130
1789154269,3,0,0.006,4132130
1789154269,0,0,0.005,4132130
1789154269,4,0,0.241,4132130
1789154269,2,0,0.384,4132130
1789154270,2,0,0.549,4132130
1789154274,5,0,4.248,4132130
1789154274,0,0,0.016,4132130
1789154274,6,0,0.007,4132130
1789154274,6,0,0.005,4132130
1789154275,5,0,0.852,4132130
1789154275,3,0,0.168,4132130
1789154275,3,0,0.058,4132130
1789154276,4,0,0.485,4132130
1789154276,3,0,0.084,4132130
1789154276,0,0,0.009,4132130
1789154276,2,0,0.541,4132130
1789154276,3,0,0.14,4132130
1789154276,6,0,0.005,4132130
1789154276,6,0,0.007,4132130
1789154276,6,0,0.007,4132130
1789154276,6,0,0.005,4132130
1789154276,0,0,0.017,4132130
1789154277,4,0,0.551,4132130
1789154277,2,0,0.004,4132130
1789154277,0,0,0.007,4132130
1789154278,2,0,0.626,4132130
1789154278,3,0,0.083,4132130
1789154278,1,0,0.002,4132130
1789154278,0,0,0.009,4132130
1789154278,3,0,0.057,4132130
1789154278,6,0,0.006,4132130
1789154278,4,0,0.467,4132130
1789154278,6,0,0.006,4132130
1789154283,5,0,4.313,4132130
1789154284,2,0,1.047,4132130
1789154284,2,0,0.012,4132130
1789154284,3,0,0.008,4132130
1789154284,4,0,0.314,4132130
1789154284,4,0,0.22,4132130
1789154285,4,0,0.702,4132130
1789154286,4,0,0.747,4132130
1789154286,3,0,0.07,4132130
1789154287,5,0,0.874,4132130
1789154287,5,0,0.131,4132130
1789154287,2,0,0.002,4132130
1789154287,6,0,0.007,4132130
1789154287,6,0,0.005,4132130
1789154287,6,0,0.005,4132130
1789154287,0,0,0.01,4132130
1789154287,1,0,0.001,4132130
1789154287,2,0,0.621,4132130
1789154287,3,0,0.004,4132130
1789154287,1,0,0.001,4132130
1789154288,4,0,0.311,4132130
1789154288,4,0,0.356,4132130
1789154288,2,0,0.002,4132130
1789154288,0,0,0.004,4132130
1789154288,1,0,0.002,4132130
1789154289,4,0,0.546,4132130
1789154290,4,0,0.991,4132130
1789154290,2,0,0.003,4132130
1789154293,7,0,3.867,4132130
1789154294,3,0,0.068,4132130
1789154294,1,0,0.001,4132130
1789154294,0,0,0.019,4132130
1789154294,2,0,0.544,4132130
1789154295,4,0,0.76,4132130
1789154295,4,0,0.37,4132130
1789154295,3,0,0.045,4132130
1789154295,0,0,0.004,4132130
1789154295,3,0,0.074,4132130
1789154295,3,0,0.023,4132130
1789154295,0,0,0.007,4132130
1789154297,4,0,1.315,4132130
1789154297,3,0,0.005,4132130
1789154297,3,0,0.131,4132130
1789154297,3,0,0.004,4132130
1789154297,4,0,0.596,4132130
1789154297,0,0,0.014,4132130
1789154299,2,0,1.478,4132130
1789154299,3,0,0.005,4132130
1789154299,5,0,0.182,4132130
1789154299,2,0,0.358,4132130
1789154299,3,0,0.004,4132130
1789154300,4,0,0.474,4132130
1789154301,4,0,0.695,4132130
1789154301,6,0,0.004,4132130
1789154301,0,0,0.007,4132130
1789154301,4,0,0.683,4132130
1789154301,3,0,0.057,4132130
1789154301,3,0,0.003,4132130
1789154302,5,0,0.195,4132130
1789154302,2,0,0.005,4132130
1789154302,5,0,0.485,4132130
1789154303,2,0,0.698,4132130
1789154303,4,0,0.73,4132130
1789154304,4,0,0.384,4132130
1789154304,6,0,0.007,4132130
1789154304,3,0,0.037,4132130
1789154304,3,0,0.015,4132130
1789154304,5,0,0.341,4132130
1789154304,6,0,0.007,4132130
1789154304,3,0,0.003,4132130
1789154304,6,0,0.008,4132130
1789154304,2,0,0.001,4132130
1789154304,3,0,0.013,4132130
1789154305,2,0,0.32,4132130
1789154305,4,0,0.306,4132130
1789154305,3,0,0.009,4132130
1789154305,1,0,0.002,4132130
1789154305,1,0,0.001,4132130
1789154306,2,0,0.723,4132130
1789154308,4,0,1.861,4132130
1789154308,4,0,0.556,4132130
1789154308,0,0,0.015,4132130
1789154308,3,0,0.007,4132130
1789154309,2,0,0.993,4132130
1789154309,0,0,0.016,4132130
1789154309,4,0,0.3,4132130
1789154309,0,0,0.008,4132130
1789154309,0,0,0.005,4132130
1789154309,2,0,0.004,4132130
1789154309,1,0,0.001,4132130
1789154310,4,0,0.784,4132130
1789154310,0,0,0.008,4132130
1789154310,3,0,0.078,4132130
1789154310,3,0,0.023,4132130
1789154311,2,0,0.624,4132130
1789154311,7,0,0.374,4132130
1789154311,3,0,0.004,4132130
1789154312,4,0,0.823,4132130
1789154312,0,0,0.017,4132130
1789154312,3,0,0.049,4132130
1789154312,0,0,0.012,4132130
1789154312,3,0,0.051,4132130
1789154312,1,0,0.001,4132130
1789154314,4,0,1.274,4132130
1789154314,4,0,0.447,4132130
1789154314,3,0,0.007,4132130
1789154314,3,0,0.001,4132130
1789154314,6,0,0.006,4132130
1789154314,2,0,0.001,4132130
1789154314,6,0,0.005,4132130
1789154315,4,0,0.928,4132130
1789154315,0,0,0.005,4132130
1789154315,0,0,0.011,4132130
1789154315,4,0,0.401,4132130
1789154315,3,0,0.074,4132130
1789154315,3,0,0.046,4132130
1789154315,2,0,0.002,4132130
1789154316,5,0,0.09,4132130
1789154316,0,0,0.012,4132130
1789154316,2,0,0.002,4132130
1789154316,4,0,0.596,4132130
1789154316,3,0,0.009,4132130
1789154316,3,0,0.021,4132130
1789154316,3,0,0.088,4132130
1789154318,2,0,1.393,4132130
1789154318,3,0,0.005,4132130
1789154318,2,0,0.149,4132130
1789154319,2,0,0.969,4132130
1789154319,2,0,0.001,4132130
1789154319,5,0,0.395,4132130
1789154319,3,0,0.027,4132130
1789154320,4,0,1.187,4132130
1789154320,0,0,0.005,4132130
1789154321,5,0,0.816,4132130
1789154321,0,0,0.006,4132130
1789154321,2,0,0.001,4132130
1789154321,1,0,0.001,4132130
1789154322,5,0,0.279,4132130
1789154322,2,0,0.004,4132130
1789154322,6,0,0.005,4132130
1789154322,0,0,0.014,4132130
1789154322,6,0,0.008,4132130
1789154326,5,0,4.025,4132130
1789154326,5,0,0.105,4132130
1789154326,3,0,0.074,4132130
1789154326,5,0,0.102,4132130
1789154327,4,0,0.632,4132130
1789154327,1,0,0.001,4132130
1789154327,2,0,0.002,4132130
1789154327,1,0,0.001,4132130
1789154327,7,0,0.22,4132130
1789154328,4,0,0.837,4132130
1789154328,3,0,0.005,4132130
1789154328,4,0,0.498,4132130
1789154328,0,0,0.027,4132130
1789154328,0,0,0.007,4132130
1789154328,0,0,0.004,4132130
1789154331,5,0,3.278,4132130
1789154332,4,0,0.768,4132130
1789154332,0,0,0.005,4132130
1789154333,4,0,0.461,4132130
1789154333,0,0,0.009,4132130
1789154333,0,0,0.004,4132130
1789154333,3,0,0.016,4132130
1789154333,0,0,0.003,4132130
1789154333,6,0,0.006,4132130
1789154333,5,0,0.48,4132130
1789154335,2,0,1.808,4132130
1789154335,6,0,0.025,4132130
1789154335,3,0,0.029,4132130
1789154336,4,0,1.401,4132130
1789154336,0,0,0.017,4132130
1789154337,7,0,0.156,4132130
1789154337,3,0,0.017,4132130
1789154337,4,0,0.222,4132130
1789154339,2,0,1.72,4132130
1789154339,2,0,0.002,4132130
1789154339,2,0,0.405,4132130
1789154339,0,0,0.012,4132130
1789154339,4,0,0.415,4132130
1789154340,5,0,0.555,4132130
1789154341,2,0,0.794,4132130
1789154342,4,0,0.819,4132130
1789154342,4,0,0.6,4132130
1789154343,5,0,0.978,4132130
1789154343,2,0,0.002,4132130
1789154344,4,0,1.29,4132130
1789154344,2,0,0.003,4132130
1789154344,2,0,0.002,4132130
1789154349,5,0,4.171,4132130
1789154349,1,0,0.002,4132130
1789154349,4,0,0.75,4132130
1789154350,4,0,0.386,4132130
1789154350,4,0,0.424,4132130
1789154350,3,0,0.005,4132130
1789154350,6,0,0.016,4132130
1789154350,6,0,0.008,4132130
1789154351,4,0,0.557,4132130
1789154351,6,0,0.003,4132130
1789154351,3,0,0.107,4132130
1789154352,4,0,0.891,4132130
1789154353,4,0,0.905,4132130
1789154353,4,0,0.487,4132130
1789154353,3,0,0.077,4132130
1789154353,1,0,0.001,4132130
1789154354,2,0,0.525,4132130
1789154354,7,0,0.237,4132130
1789154354,6,0,0.013,4132130
1789154354,7,0,0.148,4132130
1789154355,4,0,1.194,4132130
1789154355,6,0,0.01,4132130
1789154356,4,0,0.44,4132130
1789154356,0,0,0.009,4132130
1789154356,5,0,0.1,4132130
1789154356,0,0,0.009,4132130
1789154356,0,0,0.009,4132130
1789154356,2,0,0.002,4132130
1789154356,2,0,0.002,4132130
1789154356,0,0,0.01,4132130
1789154356,0,0,0.011,4132130
1789154356,4,0,0.557,4132130
1789154356,3,0,0.007,4132130
1789154356,3,0,0.005,4132130
1789154357,3,0,0.055,4132130
1789154357,4,0,0.929,4132130
1789154358,2,0,0.545,4132130
1789154358,6,0,0.007,4132130
1789154358,5,0,0.241,4132130
1789154358,7,0,0.207,4132130
1789154359,4,0,0.279,4132130
1789154359,3,0,0.03,4132130
1789154359,6,0,0.007,4132130
1789154359,0,0,0.01,4132130
1789154359,6,0,0.004,4132130
1789154359,3,0,0.008,4132130
1789154359,3,0,0.063,4132130
1789154359,0,0,0.004,4132130
1789154362,5,0,3.48,4132130
1789154365,4,0,2.271,4132130
1789154365,1,0,0.002,4132130
1789154365,4,0,0.389,4132130
1789154365,4,0,0.298,4132130
1789154365,1,0,0.001,4132130
1789154365,0,0,0.012,4132130
1789154365,6,0,0.004,4132130
1789154366,4,0,0.44,4132130
1789154368,4,0,2.459,4132130
1789154368,6,0,0.007,4132130
1789154368,0,0,0.014,4132130
1789154368,6,1,0.004,4132130
1789154369,4,0,0.552,4132130
1789154369,2,0,0.003,4132130
1789154370,5,0,1.126,4132130
1789154370,6,0,0.004,4132130
1789154370,6,0,0.007,4132130
1789154370,3,0,0.058,4132130
1789154370,4,0,0.404,4132130
1789154373,5,0,3.018,4132130
1789154374,4,0,0.471,4132130
1789154374,6,0,0.007,4132130
1789154374,6,0,0.007,4132130
1789154375,5,0,0.94,4132130
1789154375,6,0,0.005,4132130
1789154375,0,0,0.004,4132130
1789154375,0,0,0.003,4132130
1789154375,0,0,0.002,4132130
1789154375,0,0,0.008,4132130
1789154375,3,0,0.069,4132130
1789154375,1,0,0.001,4132130
1789154375,5,0,0.1,4132130
1789154375,6,0,0.012,4132130
1789154376,4,0,0.507,4132130
1789154376,5,0,0.482,4132130
1789154376,4,0,0.402,4132130
1789154377,0,0,0.036,4132130
1789154377,3,0,0.039,4132130
1789154378,2,0,1.008,4132130
1789154378,3,0,0.027,4132130
1789154379,2,0,1.154,4132130
1789154379,5,0,0.39,4132130
1789154380,5,0,0.695,4132130
1789154380,3,0,0.113,4132130
1789154380,2,0,0.001,4132130
1789154380,3,0,0.062,4132130
1789154380,0,0,0.006,4132130
1789154380,0,0,0.001,4132130
1789154382,2,0,1.682,4132130
1789154382,5,0,0.125,4132130
1789154382,1,0,0.001,4132130
1789154382,6,0,0.005,4132130
1789154382,3,0,0.009,4132130
1789154382,1,0,0.001,4132130
1789154382,0,0,0.005,4132130
1789154382,7,0,0.153,4132130
1789154382,6,0,0.008,4132130
1789154382,4,0,0.446,4132130
1789154382,0,0,0.006,4132130
1789154382,3,0,0.008,4132130
1789154383,3,0,0.068,4132130
1789154383,3,0,0.027,4132130
1789154383,6,0,0.012,4132130
1789154384,4,0,1.192,4132130
1789154385,4,0,1.164,4132130
1789154385,4,0,0.428,4132130
1789154386,4,0,0.207,4132130
1789154386,0,0,0.008,4132130
1789154386,4,0,0.761,4132130
1789154386,2,0,0.002,4132130
1789154386,1,0,0.001,4132130
1789154386,3,0,0.013,4132130
1789154387,4,0,0.59,4132130
1789154387,1,0,0.001,4132130
1789154388,4,0,0.689,4132130
1789154388,4,0,0.639,4132130
1789154389,5,0,0.975,4132130
1789154391,4,0,1.522,4132130
1789154392,2,0,1.148,4132130
1789154392,7,0,0.43,4132130
1789154392,0,0,0.013,4132130
1789154393,4,0,0.17,4132130
1789154393,2,0,0.004,4132130
1789154393,4,0,0.691,4132130
1789154394,4,0,0.329,4132130
1789154395,2,0,1.782,4132130
1789154395,6,0,0.009,4132130
1789154395,6,0,0.004,4132130
1789154395,0,0,0.012,4132130
1789154395,3,0,0.015,4132130
1789154396,2,0,0.724,4132130
1789154396,2,0,0.002,4132130
1789154396,1,0,0.001,4132130
1789154396,5,0,0.108,4132130
1789154396,0,0,0.004,4132130
1789154396,3,0,0.067,4132130
1789154396,3,0,0.003,4132130
1789154396,0,0,0.005,4132130
1789154396,1,0,0.001,4132130
1789154396,1,0,0.001,4132130
1789154396,3,0,0.043,4132130
1789154398,4,0,1.619,4132130
1789154398,2,0,0.354,4132130
1789154398,1,0,0.001,4132130
1789154398,5,0,0.142,4132130
1789154398,0,0,0.005,4132130
1789154398,6,0,0.007,4132130
1789154398,0,0,0.01,4132130
1789154398,6,0,0.008,4132130
1789154398,3,0,0.004,4132130
1789154399,3,0,0.108,4132130
1789154399,3,0,0.006,4132130
1789154399,3,0,0.05,4132130
1789154399,0,0,0.008,4132130
1789154399,7,0,0.738,4132130
1789154399,3,0,0.005,4132130
1789154399,4,0,0.018,4132130
1789154401,4,0,1.584,4132130
1789154401,3,0,0.004,4132130
1789154403,2,0,1.699,4132130
1789154403,3,0,0.049,4132130
1789154403,3,0,0.04,4132130
1789154403,3,0,0.094,4132130
1789154403,3,0,0.105,4132130
1789154403,4,0,0.44,4132130
1789154404,2,0,0.375,4132130
1789154404,6,0,0.007,4132130
1789154404,4,0,0.576,4132130
1789154404,5,0,0.113,4132130
1789154405,2,0,0.457,4132130
1789154405,0,0,0.005,4132130
1789154405,3,0,0.059,4132130
1789154405,3,0,0.015,4132130
1789154405,0,0,0.006,4132130
1789154405,2,0,0.002,4132130
1789154405,0,0,0.014,4132130
1789154406,5,0,0.575,4132130
1789154406,3,0,0.115,4132130
1789154406,1,0,0.001,4132130
1789154406,0,0,0.007,4132130
1789154407,5,0,1.002,4132130
1789154407,2,0,0.002,4132130
1789154407,6,0,0.006,4132130
1789154407,3,0,0.03,4132130
1789154407,2,0,0.272,4132130
1789154407,5,0,0.205,4132130
1789154407,6,0,0.005,4132130
1789154407,6,0,0.004,4132130
1789154407,1,0,0.001,4132130
1789154411,5,0,3.413,4132130
1789154411,4,0,0.276,4132130
1789154412,4,0,0.562,4132130
1789154412,0,0,0.007,4132130
1789154412,0,0,0.014,4132130
1789154412,6,0,0.004,4132130
1789154412,2,0,0.002,4132130
1789154412,3,0,0.032,4132130
1789154412,5,0,0.312,4132130
1789154416,7,0,4.238,4132130
1789154417,4,0,0.443,4132130
1789154417,6,0,0.018,4132130
1789154417,2,0,0.003,4132130
1789154417,3,0,0.026,4132130
1789154417,4,0,0.782,4132130
1789154418,4,0,0.96,4132130
1789154418,0,0,0.01,4132130
1789154419,2,0,0.552,4132130
1789154420,2,0,0.565,4132130
1789154420,0,0,0.005,4132130
1789154420,3,0,0.012,4132130
1789154420,3,0,0.007,4132130
1789154420,5,0,0.559,4132130
1789154424,5,0,3.733,4132130
1789154424,4,0,0.446,4132130
1789154424,7,0,0.195,4132130
1789154424,2,0,0.016,4132130
1789154429,7,0,4.103,4132130
1789154429,2,0,0.825,4132130
1789154430,4,0,1.025,4132130
1789154431,3,0,0.07,4132130
1789154431,2,0,0.724,4132130
1789154432,5,0,0.584,4132130
1789154432,4,0,0.259,4132130
1789154433,4,0,0.644,4132130
1789154433,0,0,0.026,4132130
1789154437,5,0,4.546,4132130
1789154438,4,0,0.635,4132130
1789154438,0,0,0.006,4132130
1789154438,3,0,0.006,4132130
1789154438,0,0,0.006,4132130
1789154438,3,0,0.063,4132130
1789154438,6,0,0.011,4132130
1789154439,4,0,0.635,4132130
1789154439,3,0,0.129,4132130
1789154439,4,0,0.203,4132130
1789154439,5,0,0.103,4132130
1789154439,0,0,0.005,4132130
1789154439,5,0,0.311,4132130
1789154439,3,0,0.048,4132130
1789154439,3,0,0.046,4132130
1789154440,0,0,0.017,4132130
1789154440,2,0,0.002,4132130
1789154441,7,0,1.379,4132130
1789154441,0,0,0.017,4132130
1789154441,5,0,0.47,4132130
1789154442,4,0,0.497,4132130
1789154447,5,0,5.131,4132130
1789154447,4,0,0.299,4132130
1789154447,6,0,0.005,4132130
1789154448,4,0,0.477,4132130
1789154448,4,0,0.252,4132130
1789154448,6,0,0.007,4132130
1789154449,2,0,0.969,4132130
1789154449,3,0,0.114,4132130
1789154449,3,0,0.135,4132130
1789154449,6,0,0.008,4132130
1789154449,6,0,0.005,4132130
1789154449,3,0,0.01,4132130
1789154449,6,0,0.007,4132130
1789154449,1,0,0.002,4132130
1789154449,3,0,0.071,4132130
1789154449,0,0,0.013,4132130
1789154449,2,0,0.001,4132130
1789154449,3,0,0.095,4132130
1789154449,1,0,0.001,4132130
1789154449,2,0,0.002,4132130
1789154450,7,0,0.767,4132130
1789154451,2,0,0.881,4132130
1789154452,4,0,0.858,4132130
1789154453,5,0,0.584,4132130
1789154453,3,0,0.09,4132130
1789154453,2,0,0.002,4132130
1789154453,2,0,0.68,4132130
1789154453,0,0,0.002,4132130
1789154453,1,0,0.001,4132130
1789154453,5,0,0.103,4132130
1789154453,3,0,0.028,4132130
1789154453,0,0,0.005,4132130
1789154453,2,0,0.003,4132130
1789154453,0,0,0.006,4132130
1789154453,0,0,0.003,4132130
1789154453,1,0,0.001,4132130
1789154453,0,0,0.004,4132130
1789154454,4,0,0.599,4132130
1789154454,3,0,0.006,4132130
1789154454,5,0,0.342,4132130
1789154454,3,0,0.019,4132130
1789154455,4,0,0.486,4132130
1789154455,0,0,0.004,4132130
1789154455,1,0,0.001,4132130
1789154455,4,0,0.384,4132130
1789154455,3,0,0.084,4132130
1789154455,3,0,0.052,4132130
1789154456,4,0,0.596,4132130
1789154456,6,0,0.005,4132130
1789154457,4,0,0.43,4132130
1789154457,0,0,0.002,4132130
1789154457,0,0,0.004,4132130
1789154457,2,0,0.859,4132130
1789154457,3,0,0.038,4132130
1789154457,2,0,0,4132130
1789154458,4,0,0.344,4132130
1789154458,4,0,0.597,4132130
1789154458,1,0,0.001,4132130
1789154458,3,0,0.012,4132130
1789154458,0,0,0.006,4132130
1789154459,4,0,0.491,4132130
1789154459,2,0,0.373,4132130
1789154459,0,0,0.024,4132130
1789154461,4,0,1.54,4132130
1789154461,2,0,0.002,4132130
1789154461,5,0,0.128,4132130
1789154461,4,0,0.234,4132130
1789154461,3,0,0.116,4132130
1789154462,4,0,0.971,4132130
1789154463,4,0,0.346,4132130
1789154463,5,0,0.197,4132130
1789154463,0,0,0.013,4132130
1789154463,6,0,0.006,4132130
1789154463,4,0,0.293,4132130
1789154463,5,0,0.101,4132130
1789154463,5,0,0.091,4132130
1789154463,3,0,0.011,4132130
1789154464,4,0,0.525,4132130
1789154464,3,0,0.012,4132130
1789154464,2,0,0.317,4132130
1789154464,0,0,0.004,4132130
1789154464,0,0,0.007,4132130
1789154464,3,0,0.143,4132130
1789154464,3,0,0.008,4132130
1789154464,6,0,0.005,4132130
1789154464,1,0,0.001,4132130
1789154465,4,0,0.751,4132130
1789154466,4,0,0.765,4132130
1789154467,4,0,1.381,4132130
1789154467,1,0,0.001,4132130
1789154468,4,0,0.996,4132130
1789154468,0,0,0.005,4132130
1789154473,5,0,4.541,4132130
1789154473,4,0,0.467,4132130
1789154477,5,0,3.702,4132130
1789154478,5,0,0.645,4132130
1789154478,2,0,0.001,4132130
1789154478,6,0,0.006,4132130
1789154478,4,0,0.475,4132130
1789154478,1,0,0.001,4132130
1789154478,5,0,0.157,4132130
1789154478,2,0,0.002,4132130
1789154479,4,0,0.525,4132130
1789154479,6,0,0.006,4132130
1789154479,4,0,0.325,4132130
1789154480,4,0,0.655,4132130
1789154480,2,0,0.002,4132130
1789154480,3,0,0.067,4132130
1789154480,6,0,0.004,4132130
1789154480,3,0,0.027,4132130
1789154480,0,0,0.02,4132130
1789154480,3,0,0.071,4132130
1789154480,0,0,0.006,4132130
1789154481,4,0,0.644,4132130
1789154481,6,0,0.007,4132130
1789154481,1,0,0.001,4132130
1789154481,4,0,0.73,4132130
1789154481,5,0,0.111,4132130
1789154481,6,0,0.008,4132130
1789154482,4,0,0.425,4132130
1789154482,3,0,0.002,4132130
1789154482,6,0,0.008,4132130
1789154486,5,0,3.803,4132130
1789154486,3,0,0.07,4132130
1789154486,3,0,0.005,4132130
1789154487,4,0,1.165,4132130
1789154487,4,0,0.348,4132130
1789154487,3,0,0.169,4132130
1789154487,0,0,0.039,4132130
1789154491,5,0,3.796,4132130
1789154491,0,0,0.018,4132130
1789154491,0,0,0.004,4132130
1789154496,5,0,4.267,4132130
1789154496,6,0,0.006,4132130
1789154496,5,0,0.13,4132130
1789154496,6,0,0.007,4132130
1789154500,5,0,4.123,4132130
1789154501,4,0,0.896,4132130
1789154501,5,0,0.153,4132130
1789154501,2,0,0.002,4132130
1789154502,4,0,0.766,4132130
1789154502,6,0,0.008,4132130
1789154502,6,0,0.006,4132130
1789154502,5,0,0.127,4132130
1789154502,6,0,0.008,4132130
1789154502,3,0,0.063,4132130
1789154502,0,0,0.014,4132130
1789154503,4,0,1.275,4132130
1789154504,2,0,0.467,4132130
1789154504,0,0,0.008,4132130
1789154504,3,0,0.085,4132130
1789154504,0,0,0.008,4132130
1789154504,6,0,0.009,4132130
1789154506,4,0,1.866,4132130
1789154506,2,0,0.436,4132130
1789154506,0,0,0.005,4132130
1789154507,4,0,0.651,4132130
1789154507,3,0,0.021,4132130
1789154507,0,0,0.007,4132130
1789154507,7,0,0.185,4132130
1789154507,6,0,0.007,4132130
1789154507,4,0,0.494,4132130
1789154508,2,0,0.607,4132130
1789154508,5,0,0.144,4132130
1789154509,4,0,0.641,4132130
1789154509,4,0,0.389,4132130
1789154509,5,0,0.099,4132130
1789154510,4,0,0.649,4132130
1789154510,0,0,0.009,4132130
1789154510,4,0,0.528,4132130
1789154510,0,0,0.018,4132130
1789154511,4,0,0.58,4132130
1789154511,0,0,0.008,4132130
1789154512,4,0,0.754,4132130
1789154512,6,0,0.007,4132130
1789154512,0,0,0.014,4132130
1789154512,0,0,0.011,4132130
1789154512,2,0,0.533,4132130
1789154512,6,0,0.005,4132130
1789154512,2,0,0.002,4132130
1789154512,6,0,0.006,4132130
1789154512,0,0,0.009,4132130
1789154513,4,0,0.504,4132130
1789154514,2,0,0.599,4132130
1789154514,6,0,0.006,4132130
1789154514,0,0,0.02,4132130
1789154514,2,0,0.444,4132130
1789154514,3,0,0.009,4132130
1789154514,2,0,0.002,4132130
1789154514,5,0,0.174,4132130
1789154514,3,0,0.035,4132130
1789154514,0,0,0.006,4132130
1789154515,2,0,0.387,4132130
1789154515,4,0,0.717,4132130
1789154515,0,0,0.017,4132130
1789154516,4,0,0.64,4132130
1789154516,6,0,0.008,4132130
1789154516,3,0,0.038,4132130
1789154516,2,0,0.002,4132130
1789154516,4,0,0.295,4132130
1789154516,6,0,0.006,4132130
1789154516,1,0,0.002,4132130
1789154516,1,0,0.001,4132130
1789154521,5,0,4.428,4132130
1789154521,5,0,0.211,4132130
1789154521,0,0,0.007,4132130
1789154521,5,0,0.109,4132130
1789154522,2,0,1.374,4132130
1789154522,2,0,0.004,4132130
1789154522,2,0,0.006,4132130
1789154523,7,0,0.558,4132130
1789154523,0,0,0.013,4132130
1789154523,0,0,0.01,4132130
1789154523,5,0,0.314,4132130
1789154524,5,0,0.784,4132130
1789154524,3,0,0.018,4132130
1789154524,3,0,0.022,4132130
1789154525,4,0,0.823,4132130
1789154525,1,0,0.001,4132130
1789154526,2,0,0.817,4132130
1789154526,0,0,0.006,4132130
1789154526,4,0,0.575,4132130
1789154526,3,0,0.05,4132130
1789154526,6,0,0.005,4132130
1789154526,3,0,0.005,4132130
1789154526,1,0,0.002,4132130
1789154527,5,0,0.518,4132130
1789154527,3,0,0.072,4132130
1789154527,3,0,0.049,4132130
1789154527,3,0,0.064,4132130
1789154527,2,0,0.004,4132130
1789154527,0,0,0.015,4132130
1789154527,2,0,0.001,4132130
1789154527,5,0,0.179,4132130
1789154527,3,0,0.08,4132130
1789154529,2,0,1.069,4132130
1789154529,2,0,0.376,4132130
1789154529,0,0,0.011,4132130
1789154529,5,0,0.095,4132130
1789154529,4,0,0.48,4132130
1789154530,4,0,0.488,4132130
1789154530,2,0,0.002,4132130
1789154536,5,0,5.805,4132130
1789154537,4,0,0.99,4132130
1789154537,4,0,0.287,4132130
1789154537,3,0,0.023,4132130
1789154537,4,0,0.296,4132130
1789154538,4,0,0.47,4132130
1789154538,3,0,0.096,4132130
1789154539,4,0,1.032,4132130
1789154540,5,0,0.882,4132130
1789154540,6,0,0.007,4132130
1789154540,2,0,0.594,4132130
1789154541,5,0,0.133,4132130
1789154541,4,0,0.544,4132130
1789154542,2,0,0.886,4132130
1789154542,5,0,0.174,4132130
1789154546,5,0,3.47,4132130
1789154546,3,0,0.065,4132130
1789154546,4,0,0.451,4132130
1789154547,4,0,0.856,4132130
1789154547,3,0,0.115,4132130
1789154547,0,0,0.008,4132130
1789154548,4,0,0.55,4132130
1789154548,5,0,0.632,4132130
1789154550,2,0,1.417,4132130
1789154550,7,0,0.186,4132130
1789154550,0,0,0.016,4132130
1789154550,3,0,0.007,4132130
1789154550,3,0,0.081,4132130
1789154550,2,0,0.002,4132130
1789154550,0,0,0.005,4132130
1789154550,6,0,0.004,4132130
1789154551,4,0,1.101,4132130
1789154551,3,0,0.047,4132130
1789154552,2,0,0.657,4132130
1789154552,3,0,0.003,4132130
1789154552,6,0,0.02,4132130
1789154553,2,0,0.7,4132130
1789154553,4,0,0.694,4132130
1789154554,5,0,0.877,4132130
1789154554,6,0,0.024,4132130
1789154554,3,0,0.056,4132130
1789154554,0,0,0.01,4132130
1789154555,4,0,0.372,4132130
1789154555,2,0,0.01,4132130
1789154555,0,0,0.013,4132130
1789154555,4,0,0.346,4132130
1789154555,6,0,0.004,4132130
1789154555,7,0,0.488,4132130
1789154556,4,0,0.606,4132130
1789154556,3,0,0.024,4132130
1789154556,3,0,0.074,4132130
1789154556,3,0,0.004,4132130
1789154558,4,0,1.58,4132130
1789154559,5,0,0.799,4132130
1789154559,5,0,0.692,4132130
1789154559,6,0,0.006,4132130
1789154559,1,0,0.002,4132130
1789154559,6,0,0.006,4132130
1789154559,6,0,0.008,4132130
1789154559,2,0,0.003,4132130
1789154560,4,0,0.55,4132130
1789154560,3,0,0.086,4132130
1789154560,1,0,0.001,4132130
1789154560,5,0,0.119,4132130
1789154560,3,0,0.092,4132130
1789154560,3,0,0.102,4132130
1789154561,4,0,0.395,4132130
1789154564,7,0,3.379,4132130
1789154565,5,0,0.593,4132130
1789154566,2,0,1.158,4132130
1789154566,3,0,0.027,4132130
1789154566,2,0,0.002,4132130
1789154566,0,0,0.003,4132130
1789154567,4,0,1.389,4132130
1789154567,0,0,0.007,4132130
1789154567,1,0,0.001,4132130
1789154567,0,0,0.006,4132130
1789154567,1,0,0.001,4132130
1789154567,0,0,0.007,4132130
1789154568,5,0,0.669,4132130
1789154568,3,0,0.008,4132130
1789154568,4,0,0.383,4132130
1789154570,2,0,1.772,4132130
1789154570,5,0,0.095,4132130
1789154570,3,0,0.067,4132130
1789154574,5,0,3.415,4132130
1789154574,4,0,0.401,4132130
1789154574,0,0,0.007,4132130
1789154575,4,0,0.494,4132130
1789154575,6,0,0.007,4132130
1789154575,4,0,0.204,4132130
1789154575,3,0,0.06,4132130
1789154576,4,0,0.758,4132130
1789154576,1,0,0.001,4132130
1789154576,4,0,0.696,4132130
1789154576,0,0,0.009,4132130
1789154576,6,0,0.004,4132130
1789154576,3,0,0.069,4132130
1789154577,4,0,0.526,4132130
1789154577,3,0,0.073,4132130
1789154577,2,0,0.449,4132130
1789154577,0,0,0.005,4132130
1789154578,2,0,0.558,4132130
1789154578,4,0,0.252,4132130
1789154578,3,0,0.035,4132130
1789154578,0,0,0.009,4132130
1789154578,3,0,0.091,4132130
1789154583,5,0,4.681,4132130
1789154583,4,0,0.282,4132130
1789154584,4,0,0.374,4132130
1789154584,1,0,0.001,4132130
1789154584,0,0,0.034,4132130
1789154584,4,0,0.757,4132130
1789154585,4,0,0.272,4132130
1789154585,3,0,0.205,4132130
1789154585,0,0,0.021,4132130
1789154585,2,0,0.002,4132130
1789154585,3,0,0.1,4132130
1789154586,4,0,0.587,4132130
1789154586,3,0,0.185,4132130
1789154586,4,0,0.615,4132130
1789154587,4,0,0.864,4132130
1789154587,6,0,0.005,4132130
1789154588,2,0,0.272,4132130
1789154588,2,0,0.439,4132130
1789154588,3,0,0.006,4132130
1789154589,4,0,0.726,4132130
1789154589,0,0,0.01,4132130
1789154589,4,0,0.497,4132130
1789154589,5,0,0.095,4132130
1789154589,3,0,0.003,4132130
1789154589,3,0,0.043,4132130
1789154589,6,0,0.007,4132130
1789154589,6,0,0.006,4132130
1789154589,6,0,0.004,4132130
1789154591,4,0,1.538,4132130
1789154591,3,0,0.01,4132130
1789154591,6,0,0.075,4132130
1789154591,0,0,0.007,4132130
1789154591,3,0,0.001,4132130
1789154593,4,0,1.517,4132130
1789154593,0,0,0.009,4132130
1789154593,3,0,0.007,4132130
1789154593,2,0,0.001,4132130
1789154593,6,0,0.023,4132130
1789154593,0,0,0.006,4132130
1789154593,6,0,0.005,4132130
1789154594,4,0,1.093,4132130
1789154594,2,0,0.021,4132130
1789154594,4,0,0.388,4132130
1789154595,4,0,0.801,4132130
1789154595,0,0,0.005,4132130
1789154595,6,0,0.02,4132130
1789154596,4,0,0.636,4132130
1789154596,4,0,0.444,4132130
1789154597,4,0,1.231,4132130
1789154601,5,0,3.907,4132130
1789154601,0,0,0.013,4132130
1789154601,1,0,0.001,4132130
1789154601,4,0,0.298,4132130
1789154601,0,0,0.005,4132130
1789154602,3,0,0.004,4132130
1789154602,6,0,0.005,4132130
1789154602,2,0,0.004,4132130
1789154602,4,0,0.74,4132130
1789154602,3,0,0.102,4132130
1789154602,0,0,0.014,4132130
1789154602,3,0,0.007,4132130
1789154602,5,0,0.105,4132130
1789154602,3,0,0.005,4132130
1789154603,3,0,0.045,4132130
1789154603,4,0,0.33,4132130
1789154603,3,0,0.15,4132130
1789154603,3,0,0.133,4132130
1789154604,4,0,1.163,4132130
1789154604,1,0,0.002,4132130
1789154604,3,0,0.064,4132130
1789154604,3,0,0.027,4132130
1789154604,3,0,0.027,4132130
1789154608,5,0,3.653,4132130
1789154608,6,0,0.004,4132130
1789154608,4,0,0.413,4132130
1789154609,4,0,0.515,4132130
1789154609,3,0,0.035,4132130
1789154609,0,0,0.004,4132130
1789154609,0,0,0.003,4132130
1789154609,3,0,0.002,4132130
1789154609,3,0,0.008,4132130
1789154609,3,0,0.034,4132130
1789154610,4,0,0.773,4132130
1789154610,0,0,0.005,4132130
1789154610,3,0,0.114,4132130
1789154610,2,0,0.002,4132130
1789154610,6,0,0.006,4132130
1789154615,7,0,4.614,4132130
1789154615,4,0,0.722,4132130
1789154616,2,0,0.259,4132130
1789154616,5,0,0.336,4132130
1789154616,1,0,0.001,4132130
1789154617,2,0,0.587,4132130
1789154617,3,0,0.03,4132130
1789154617,4,0,0.426,4132130
1789154617,4,0,0.504,4132130
1789154618,4,0,0.318,4132130
1789154622,5,0,4.129,4132130
1789154622,4,0,0.471,4132130
1789154622,3,0,0.008,4132130
1789154622,2,0,0.002,4132130
1789154622,0,0,0.005,4132130
1789154622,3,0,0.001,4132130
1789154623,4,0,0.18,4132130
1789154623,2,0,0.004,4132130
1789154623,0,0,0.009,4132130
1789154623,6,0,0.005,4132130
1789154623,4,0,0.283,4132130
1789154623,0,0,0.005,4132130
1789154624,4,0,0.663,4132130
1789154624,4,0,0.422,4132130
1789154625,2,0,0.563,4132130
1789154625,6,0,0.009,4132130
1789154625,2,0,0.477,4132130
1789154625,4,0,0.462,4132130
1789154625,0,0,0.004,4132130
1789154626,3,0,0.071,4132130
1789154626,2,0,0.697,4132130
1789154627,2,0,0.644,4132130
1789154627,1,0,0.001,4132130
1789154627,5,0,0.162,4132130
1789154628,4,0,0.439,4132130
1789154628,1,0,0.001,4132130
1789154628,1,0,0.001,4132130
1789154629,4,0,1.089,4132130
1789154629,4,0,0.375,4132130
1789154629,4,0,0.449,4132130
1789154629,0,0,0.004,4132130
1789154631,4,0,1.615,4132130
1789154631,0,0,0.004,4132130
1789154631,7,0,0.248,4132130
1789154631,3,0,0.048,4132130
1789154631,0,0,0.006,4132130
1789154631,3,0,0.034,4132130
1789154632,4,0,0.562,4132130
1789154632,0,0,0.005,4132130
1789154632,3,0,0.008,4132130
1789154632,1,0,0.001,4132130
1789154632,4,0,0.395,4132130
1789154633,4,0,0.701,4132130
1789154634,2,0,0.812,4132130
1789154634,1,0,0.001,4132130
1789154634,3,0,0.034,4132130
1789154634,4,0,0.289,4132130
1789154634,6,0,0.032,4132130
1789154634,7,0,0.186,4132130
1789154635,7,0,0.338,4132130
1789154635,2,0,0.003,4132130
1789154635,5,0,0.167,4132130
1789154635,0,0,0.009,4132130
1789154635,3,0,0.01,4132130
1789154635,0,0,0.017,4132130
1789154635,1,0,0.001,4132130
1789154635,0,0,0.022,4132130
1789154637,2,0,1.678,4132130
1789154637,6,0,0.007,4132130
1789154638,4,0,1.018,4132130
1789154638,0,0,0.007,4132130
1789154638,0,0,0.005,4132130
1789154638,6,0,0.004,4132130
1789154638,1,0,0.001,4132130
1789154638,2,0,0.238,4132130
1789154638,2,0,0.003,4132130
1789154638,0,0,0.004,4132130
1789154639,2,0,0.611,4132130
1789154640,4,0,1.69,4132130
1789154640,6,0,0.023,4132130
1789154640,6,0,0.005,4132130
1789154640,2,0,0.007,4132130
1789154640,3,0,0.024,4132130
1789154640,6,1,0.039,4132130
1789154640,6,0,0.013,4132130
1789154641,4,0,0.765,4132130
1789154641,4,0,0.302,4132130
1789154642,4,0,0.166,4132130
1789154642,2,0,0.002,4132130
1789154642,2,0,0.002,4132130
1789154642,3,0,0.007,4132130
1789154642,2,0,0.002,4132130
1789154642,3,0,0.069,4132130
1789154642,7,0,0.296,4132130
1789154642,2,0,0.001,4132130
1789154642,0,0,0.021,4132130
1789154643,4,0,0.509,4132130
1789154643,6,0,0.016,4132130
1789154643,2,0,0.003,4132130
1789154643,4,0,0.879,4132130
1789154643,3,0,0.08,4132130
1789154644,4,0,0.857,4132130
1789154645,4,0,0.559,4132130
1789154646,4,0,0.684,4132130
1789154646,0,0,0.005,4132130
1789154646,2,0,0.838,4132130
1789154646,6,0,0.007,4132130
1789154646,3,0,0.012,4132130
1789154647,4,0,0.806,4132130
1789154647,2,0,0.001,4132130
1789154647,0,0,0.005,4132130
1789154648,4,0,0.363,4132130
1789154648,0,0,0.013,4132130
1789154649,4,0,1.069,4132130
1789154649,2,0,0.001,4132130
1789154649,2,0,0.557,4132130
1789154650,2,0,0.945,4132130
1789154651,7,0,0.384,4132130
1789154651,3,0,0.08,4132130
1789154651,4,0,0.46,4132130
1789154652,2,0,0.611,4132130
1789154652,1,0,0.002,4132130
1789154652,0,0,0.009,4132130
1789154652,2,0,0.002,4132130
1789154653,4,0,0.763,4132130
1789154653,2,0,0.862,4132130
1789154653,0,0,0.006,4132130
1789154653,2,0,0.001,4132130
1789154653,5,0,0.096,4132130
1789154654,2,0,0.248,4132130
1789154654,2,0,0.001,4132130
1789154654,0,0,0.004,4132130
1789154654,5,0,0.321,4132130
1789154654,3,0,0.003,4132130
1789154655,4,0,0.443,4132130
1789154655,3,0,0.05,4132130
1789154655,1,0,0.001,4132130
1789154655,2,0,0.002,4132130
1789154655,6,0,0.004,4132130
1789154656,4,0,1.056,4132130
1789154656,5,0,0.338,4132130
1789154657,4,0,1.402,4132130
1789154658,2,0,0.335,4132130
1789154658,0,0,0.008,4132130
1789154658,4,0,0.459,4132130
1789154662,5,0,4.302,4132130
1789154662,0,0,0.006,4132130
1789154664,4,0,1.892,4132130
1789154664,2,0,0.003,4132130
1789154664,3,0,0.082,4132130
1789154664,0,0,0.005,4132130
1789154664,6,0,0.008,4132130
1789154665,5,0,0.564,4132130
1789154665,0,0,0.003,4132130
1789154665,3,0,0.015,4132130
1789154665,0,0,0.008,4132130
1789154666,5,0,0.506,4132130
1789154666,0,0,0.004,4132130
1789154667,4,0,0.976,4132130
1789154667,2,0,0.002,4132130
1789154667,4,0,0.341,4132130
1789154667,6,0,0.005,4132130
1789154667,4,0,0.605,4132130
1789154668,2,0,0.996,4132130
1789154670,4,0,1.252,4132130
1789154670,4,0,0.304,4132130
1789154671,4,0,0.92,4132130
1789154671,6,0,0.009,4132130
1789154672,4,0,1.213,4132130
1789154672,0,0,0.014,4132130
1789154672,6,0,0.005,4132130
1789154672,2,0,0.002,4132130
1789154672,3,0,0.095,4132130
1789154673,2,0,0.4,4132130
1789154673,3,0,0.046,4132130
1789154673,6,0,0.006,4132130
1789154673,3,0,0.059,4132130
1789154673,2,0,0.002,4132130
1789154673,2,0,0.47,4132130
1789154673,6,0,0.018,4132130
1789154673,3,0,0.069,4132130
1789154673,5,0,0.122,4132130
1789154674,3,0,0.156,4132130
1789154674,2,0,0.007,4132130
1789154674,2,0,0.001,4132130
1789154674,2,0,0.005,4132130
1789154674,0,0,0.005,4132130
1789154674,1,0,0.002,4132130
1789154674,2,0,0.004,4132130
1789154674,3,0,0.044,4132130
1789154674,3,0,0.043,4132130
1789154674,2,0,0.002,4132130
1789154674,0,0,0.005,4132130
1789154674,3,0,0.005,4132130
1789154675,4,0,0.724,4132130
1789154675,1,0,0.001,4132130
1789154676,4,0,1.718,4132130
1789154676,6,0,0.006,4132130
1789154680,5,0,4.211,4132130
1789154681,4,0,0.239,4132130
1789154681,6,0,0.01,4132130
1789154681,3,0,0.066,4132130
1789154681,6,0,0.016,4132130
1789154681,3,0,0.163,4132130
1789154681,0,0,0.008,4132130
1789154681,3,0,0.017,4132130
1789154681,0,0,0.022,4132130
1789154681,3,0,0.149,4132130
1789154681,4,0,0.361,4132130
1789154681,3,0,0.005,4132130
1789154682,7,0,0.438,4132130
1789154682,2,0,0.384,4132130
1789154682,2,0,0.002,4132130
1789154683,2,0,0.671,4132130
1789154683,0,0,0.008,4132130
1789154683,3,0,0.071,4132130
1789154686,5,0,3.226,4132130
1789154686,1,0,0.001,4132130
1789154686,0,0,0.004,4132130
1789154686,0,0,0.009,4132130
1789154687,4,0,0.766,4132130
1789154692,5,0,4.478,4132130
1789154692,0,0,0.017,4132130
1789154692,5,0,0.749,4132130
1789154692,1,0,0.001,4132130
1789154692,3,0,0.109,4132130
1789154693,2,0,0.389,4132130
1789154693,3,0,0.065,4132130
1789154693,2,0,0.219,4132130
1789154697,5,0,3.477,4132130
1789154697,1,0,0.001,4132130
1789154697,3,0,0.065,4132130
1789154697,1,0,0.001,4132130
1789154697,5,0,0.104,4132130
1789154698,4,0,0.754,4132130
1789154698,4,0,0.941,4132130
1789154698,0,0,0.039,4132130
1789154700,4,0,1.299,4132130
1789154700,2,0,0.002,4132130
1789154700,0,0,0.006,4132130
1789154701,5,0,1.062,4132130
1789154701,5,0,0.583,4132130
1789154702,3,0,0.084,4132130
1789154702,3,0,0.008,4132130
1789154702,4,0,0.761,4132130
1789154703,2,0,0.791,4132130
1789154703,2,0,0.32,4132130
1789154705,4,0,1.411,4132130
1789154705,4,0,0.376,4132130
1789154705,3,0,0.047,4132130
1789154709,7,0,4.038,4132130
1789154709,3,0,0.061,4132130
1789154713,5,0,3.871,4132130
1789154713,2,0,0.001,4132130
1789154713,1,0,0,4132130
1789154713,3,0,0.215,4132130
1789154713,6,0,0.007,4132130
1789154714,5,0,0.24,4132130
1789154714,3,0,0.009,4132130
1789154714,2,0,0.001,4132130
1789154714,7,0,0.327,4132130
1789154715,4,0,0.618,4132130
1789154715,4,0,0.809,4132130
1789154716,4,0,0.436,4132130
1789154716,1,0,0.001,4132130
1789154716,1,0,0.001,4132130
1789154716,3,0,0.025,4132130
1789154716,6,0,0.007,4132130
1789154716,0,0,0.008,4132130
1789154716,3,0,0.002,4132130
1789154716,0,0,0.005,4132130
1789154716,0,0,0.007,4132130
1789154717,2,0,0.742,4132130
1789154717,2,0,0.351,4132130
1789154717,3,0,0.009,4132130
1789154717,3,0,0.055,4132130
1789154717,6,0,0.007,4132130
1789154722,5,0,4.806,4132130
1789154722,2,0,0.002,4132130
1789154722,0,0,0.006,4132130
1789154723,4,0,0.622,4132130
1789154723,0,0,0.004,4132130
1789154724,4,0,0.969,4132130
1789154724,3,0,0.004,4132130
1789154724,6,0,0.005,4132130
1789154724,1,0,0.002,4132130
1789154724,2,0,0.48,4132130
1789154724,0,0,0.017,4132130
1789154725,4,0,0.491,4132130
1789154725,3,0,0.144,4132130
1789154725,3,0,0.079,4132130
1789154725,4,0,0.482,4132130
1789154725,3,0,0.033,4132130
1789154725,0,0,0.004,4132130
1789154725,6,0,0.004,4132130
1789154725,6,0,0.005,4132130
1789154730,5,0,4.932,4132130
1789154730,3,0,0.05,4132130
1789154730,2,0,0,4132130
1789154731,4,0,0.478,4132130
1789154731,1,0,0.001,4132130
1789154731,3,0,0.007,4132130
1789154731,2,0,0.003,4132130
1789154731,6,0,0.006,4132130
1789154731,4,0,0.343,4132130
1789154732,4,0,0.844,4132130
1789154733,4,0,1.024,4132130
1789154734,4,0,0.979,4132130
1789154734,2,0,0.008,4132130
1789154735,5,0,0.641,4132130
1789154735,0,0,0.008,4132130
1789154735,1,0,0.001,4132130
1789154735,0,0,0.009,4132130
1789154735,0,0,0.011,4132130
1789154735,0,0,0.008,4132130
1789154735,3,0,0.009,4132130
1789154735,3,0,0.169,4132130
1789154735,0,0,0.004,4132130
1789154735,2,0,0.005,4132130
1789154735,0,0,0.004,4132130
1789154735,6,0,0.009,4132130
1789154735,6,1,0.005,4132130
1789154735,3,0,0.071,4132130
1789154735,3,0,0.209,4132130
1789154735,3,0,0.003,4132130
1789154736,2,0,0.608,4132130
1789154736,3,0,0.044,4132130
1789154736,0,0,0.006,4132130
1789154737,2,0,1.177,4132130
1789154738,4,0,1.232,4132130
1789154738,3,0,0.004,4132130
1789154738,1,0,0.001,4132130
1789154738,2,0,0.013,4132130
1789154738,1,0,0.001,4132130
1789154739,2,0,0.647,4132130
1789154739,0,0,0.015,4132130
1789154739,3,0,0.08,4132130
1789154740,4,0,0.775,4132130
1789154740,0,0,0.011,4132130
1789154740,3,0,0.175,4132130
1789154740,3,0,0.1,4132130
1789154740,4,0,0.432,4132130
1789154740,1,0,0.001,4132130
1789154741,3,0,0.073,4132130
1789154741,3,0,0.21,4132130
1789154741,3,0,0.018,4132130
1789154741,3,0,0.014,4132130
1789154741,0,0,0.004,4132130
1789154741,3,0,0.031,4132130
1789154741,2,0,0.003,4132130
1789154741,4,0,0.51,4132130
1789154741,0,0,0.008,4132130
1789154742,4,0,1.188,4132130
1789154743,4,0,0.474,4132130
1789154744,4,0,1.123,4132130
1789154744,6,0,0.008,4132130
1789154744,3,0,0.04,4132130
1789154744,0,0,0.008,4132130
1789154744,3,0,0.1,4132130
1789154744,6,0,0.014,4132130
1789154745,4,0,0.574,4132130
1789154745,7,0,0.155,4132130
1789154745,3,0,0.055,4132130
1789154745,3,0,0.113,4132130
1789154745,0,0,0.004,4132130
1789154745,2,0,0.002,4132130
1789154745,7,0,0.282,4132130
1789154745,6,0,0.006,4132130
1789154745,3,0,0.038,4132130
1789154746,4,0,0.766,4132130
1789154747,4,0,0.38,4132130
1789154747,6,0,0.006,4132130
1789154747,3,0,0.065,4132130
1789154747,5,0,0.102,4132130
1789154747,4,0,0.394,4132130
1789154747,6,0,0.016,4132130
1789154747,3,0,0.07,4132130
1789154749,4,0,1.941,4132130
1789154749,5,0,0.108,4132130
1789154750,2,0,0.702,4132130
1789154750,0,0,0.011,4132130
1789154750,0,0,0.016,4132130
1789154750,3,0,0.219,4132130
1789154751,4,0,0.595,4132130
1789154751,3,0,0.007,4132130
1789154751,3,0,0.043,4132130
1789154751,2,0,0.002,4132130
1789154751,6,0,0.005,4132130
1789154751,1,0,0.001,4132130
1789154751,0,0,0.01,4132130
1789154751,3,0,0.008,4132130
1789154751,5,0,0.112,4132130
1789154751,6,0,0.005,4132130
1789154751,0,0,0.005,4132130
1789154751,4,0,0.236,4132130
1789154751,3,0,0.022,4132130
1789154752,4,0,0.658,4132130
1789154752,4,0,0.361,4132130
1789154752,3,0,0.078,4132130
1789154754,4,0,1.537,4132130
1789154754,6,0,0.006,4132130
1789154754,6,0,0.005,4132130
1789154754,3,0,0.1,4132130
1789154754,1,0,0.002,4132130
1789154754,4,0,0.29,4132130
1789154754,0,0,0.013,4132130
1789154754,6,0,0.004,4132130
1789154755,4,0,0.331,4132130
1789154755,0,0,0.018,4132130
1789154758,5,0,3.396,4132130
1789154758,3,0,0.098,4132130
1789154758,3,0,0.099,4132130
1789154758,6,0,0.01,4132130
1789154759,4,0,0.388,4132130
1789154759,4,0,0.098,4132130
1789154759,4,0,0.348,4132130
1789154759,0,0,0.004,4132130
1789154759,3,0,0.011,4132130
1789154760,4,0,0.464,4132130
1789154760,3,0,0.003,4132130
1789154760,3,0,0.05,4132130
1789154760,3,0,0.048,4132130
1789154760,6,0,0.007,4132130
1789154760,3,0,0.06,4132130
1789154760,6,0,0.007,4132130
1789154760,4,0,0.613,4132130
1789154760,3,0,0.006,4132130
1789154761,4,0,0.971,4132130
1789154762,4,0,0.241,4132130
1789154762,0,0,0.005,4132130
1789154762,6,0,0.009,4132130
1789154762,0,0,0.004,4132130
1789154762,0,0,0.003,4132130
1789154762,4,0,0.72,4132130
1789154763,4,0,0.423,4132130
1789154764,5,0,1.123,4132130
1789154764,3,0,0.033,4132130
1789154765,2,0,0.799,4132130
1789154765,1,0,0.001,4132130
1789154765,7,0,0.208,4132130
1789154765,0,0,0.008,4132130
1789154765,3,0,0.011,4132130
1789154765,0,0,0.014,4132130
1789154765,0,0,0.003,4132130
1789154765,5,0,0.115,4132130
1789154765,3,0,0.07,4132130
1789154770,5,0,4.481,4132130
1789154770,0,0,0.01,4132130
1789154770,4,0,0.7,4132130
1789154770,6,0,0.006,4132130
1789154771,4,0,0.68,4132130
1789154771,3,0,0.069,4132130
1789154771,2,0,0.002,4132130
1789154771,0,0,0.018,4132130
1789154771,0,0,0.004,4132130
1789154771,1,0,0.001,4132130
1789154771,1,0,0.001,4132130
1789154771,2,0,0.002,4132130
1789154771,0,0,0.007,4132130
1789154771,0,0,0.005,4132130
1789154771,0,0,0.005,4132130
1789154771,1,0,0.001,4132130
1789154771,3,0,0.013,4132130
1789154772,4,0,0.992,4132130
1789154772,4,0,0.281,4132130
1789154772,2,0,0.003,4132130
1789154775,2,0,2.501,4132130
1789154775,3,0,0.081,4132130
1789154775,0,0,0.006,4132130
1789154775,3,0,0.015,4132130
1789154775,3,0,0.068,4132130
1789154776,4,0,0.642,4132130
1789154776,3,0,0.048,4132130
1789154776,0,0,0.004,4132130
1789154777,4,0,0.886,4132130
1789154777,6,0,0.007,4132130
1789154777,2,0,0.001,4132130
1789154777,0,0,0.011,4132130
1789154777,5,0,0.136,4132130
1789154777,4,0,0.225,4132130
1789154777,6,0,0.007,4132130
1789154778,2,0,0.546,4132130
1789154779,4,0,1.495,4132130
1789154779,6,0,0.005,4132130
1789154779,6,0,0.006,4132130
1789154779,1,0,0.001,4132130
1789154780,4,0,0.967,4132130
1789154780,3,0,0.067,4132130
1789154780,6,0,0.005,4132130
1789154780,3,0,0.008,4132130
1789154784,7,0,3.79,4132130
1789154784,6,0,0.007,4132130
1789154784,0,0,0.012,4132130
1789154784,3,0,0.011,4132130
1789154785,4,0,0.906,4132130
1789154785,0,0,0.006,4132130
1789154785,6,0,0.006,4132130
1789154785,6,0,0.007,4132130
1789154785,3,0,0.007,4132130
1789154785,0,0,0.003,4132130
1789154785,6,0,0.005,4132130
1789154785,5,0,0.149,4132130
1789154786,4,0,0.9,4132130
1789154786,0,0,0.027,4132130
1789154787,2,0,1.219,4132130
1789154788,4,0,0.534,4132130
1789154788,6,0,0.008,4132130
1789154788,6,0,0.005,4132130
1789154788,2,0,0.513,4132130
1789154789,4,0,0.814,4132130
1789154789,2,0,0.002,4132130
1789154790,4,0,0.716,4132130
1789154790,6,0,0.009,4132130
1789154790,3,0,0.039,4132130
1789154790,6,0,0.01,4132130
1789154790,3,0,0.085,4132130
1789154790,3,0,0.065,4132130
1789154791,5,0,0.51,4132130
1789154791,1,0,0.002,4132130
1789154791,2,0,0.001,4132130
1789154792,2,0,0.926,4132130
1789154792,2,0,0.558,4132130
1789154792,6,0,0.01,4132130
1789154792,6,0,0.008,4132130
1789154793,5,0,0.473,4132130
1789154795,5,0,2.684,4132130
1789154795,1,0,0.001,4132130
1789154795,0,0,0.008,4132130
1789154795,6,0,0.015,4132130
1789154795,3,0,0.171,4132130
1789154796,2,0,0.532,4132130
1789154796,2,0,0.403,4132130
1789154798,7,0,1.099,4132130
1789154798,6,0,0.007,4132130
1789154798,6,0,0.005,4132130
1789154798,0,0,0.003,4132130
1789154798,3,0,0.061,4132130
1789154798,1,0,0.001,4132130
1789154798,0,0,0.009,4132130
1789154798,3,0,0.054,4132130
1789154798,5,0,0.219,4132130
1789154802,5,0,3.848,4132130
1789154802,6,0,0.006,4132130
1789154802,0,0,0.003,4132130
1789154806,5,0,3.838,4132130
1789154810,7,0,4.365,4132130
1789154810,3,0,0.066,4132130
1789154810,3,0,0.069,4132130
1789154810,1,0,0.001,4132130
1789154810,3,0,0.055,4132130
1789154810,3,0,0.007,4132130
1789154811,5,0,0.794,4132130
1789154811,3,0,0.008,4132130
1789154811,1,0,0.001,4132130
1789154811,4,0,0.289,4132130
1789154811,0,0,0.004,4132130
1789154811,2,0,0.002,4132130
1789154811,2,0,0.002,4132130
1789154812,4,0,0.357,4132130
1789154812,2,0,0.002,4132130
1789154812,0,0,0.005,4132130
1789154812,5,0,0.521,4132130
1789154812,2,0,0.001,4132130
1789154813,5,0,1.236,4132130
1789154814,4,0,0.528,4132130
1789154815,4,0,0.691,4132130
1789154815,0,0,0.004,4132130
1789154815,4,0,0.472,4132130
1789154816,4,0,0.83,4132130
1789154816,3,0,0.063,4132130
1789154816,3,0,0.062,4132130
1789154816,0,0,0.002,4132130
1789154816,4,0,0.402,4132130
1789154817,4,0,0.553,4132130
1789154817,0,0,0.008,4132130
1789154818,2,0,0.6,4132130
1789154818,2,0,0.481,4132130
1789154818,3,0,0.136,4132130
1789154819,2,0,0.782,4132130
1789154819,2,0,0.003,4132130
1789154819,0,0,0.005,4132130
1789154824,5,0,4.875,4132130
1789154824,6,0,0.009,4132130
1789154824,0,0,0.005,4132130
1789154824,6,0,0.006,4132130
1789154825,4,0,1.012,4132130
1789154825,4,0,0.389,4132130
1789154830,5,0,4.571,4132130
1789154830,3,0,0.061,4132130
1789154831,2,0,0.641,4132130
1789154831,2,0,0.001,4132130
1789154831,3,0,0.113,4132130
1789154832,4,0,1.707,4132130
1789154833,4,0,0.419,4132130
1789154834,4,0,0.785,4132130
1789154834,5,0,0.132,4132130
1789154835,2,0,1.138,4132130
1789154835,3,0,0.054,4132130
1789154835,0,0,0.009,4132130
1789154835,0,0,0.008,4132130
1789154836,2,0,0.606,4132130
1789154836,3,0,0.077,4132130
1789154836,3,0,0.093,4132130
1789154836,6,0,0.011,4132130
1789154836,2,0,0.736,4132130
1789154836,3,0,0.072,4132130
1789154837,3,0,0.057,4132130
1789154837,4,0,0.689,4132130
1789154837,0,0,0.017,4132130
1789154838,4,0,0.706,4132130
1789154838,0,0,0.012,4132130
1789154838,0,0,0.005,4132130
1789154838,6,0,0.004,4132130
1789154838,2,0,0.003,4132130
1789154838,0,0,0.008,4132130
1789154839,4,0,1.082,4132130
1789154839,4,0,0.302,4132130
1789154839,1,0,0.001,4132130
1789154840,4,0,0.74,4132130
1789154841,4,0,0.763,4132130
1789154841,2,0,0.596,4132130
1789154842,4,0,0.484,4132130
1789154843,4,0,0.572,4132130
1789154843,0,0,0.004,4132130
1789154846,5,0,3.796,4132130
1789154846,6,0,0.008,4132130
1789154847,2,0,1.088,4132130
1789154847,0,0,0.003,4132130
1789154847,6,0,0.008,4132130
1789154848,5,0,0.885,4132130
1789154848,6,0,0.009,4132130
1789154848,0,0,0.002,4132130
1789154849,4,0,0.184,4132130
1789154849,2,0,0.19,4132130
1789154849,4,0,0.364,4132130
1789154851,5,0,1.484,4132130
1789154851,1,0,0.002,4132130
1789154851,2,0,0.764,4132130
1789154851,2,0,0.002,4132130
1789154852,4,0,0.678,4132130
1789154852,3,0,0.067,4132130
1789154852,0,0,0.013,4132130
1789154852,0,0,0.006,4132130
1789154852,0,0,0.01,4132130
1789154852,0,0,0.011,4132130
1789154852,3,0,0.067,4132130
1789154852,3,0,0.054,4132130
1789154852,1,0,0.001,4132130
1789154853,4,0,0.485,4132130
1789154853,6,0,0.006,4132130
1789154853,4,0,0.669,4132130
1789154853,0,0,0.004,4132130
1789154855,4,0,1.212,4132130
1789154855,0,0,0.005,4132130
1789154855,6,0,0.003,4132130
1789154855,4,0,0.821,4132130
1789154856,3,0,0.068,4132130
1789154856,0,0,0.006,4132130
1789154856,6,0,0.005,4132130
1789154856,6,0,0.006,4132130
1789154856,4,0,0.924,4132130
1789154858,4,0,1.297,4132130
1789154858,6,0,0.006,4132130
1789154858,0,0,0.004,4132130
1789154858,2,0,0.617,4132130
1789154859,4,0,0.863,4132130
1789154859,3,0,0.011,4132130
1789154859,2,0,0.002,4132130
1789154860,4,0,0.8,4132130
1789154860,3,0,0.153,4132130
1789154860,3,0,0.039,4132130
1789154861,4,0,0.612,4132130
1789154861,3,0,0.003,4132130
1789154861,3,0,0.019,4132130
1789154861,6,0,0.017,4132130
1789154861,3,0,0.009,4132130
1789154865,5,0,4.516,4132130
1789154866,2,0,0.692,4132130
1789154866,2,0,0.01,4132130
1789154866,3,0,0.121,4132130
1789154867,5,0,0.389,4132130
1789154867,2,0,0.001,4132130
1789154867,2,0,0.627,4132130
1789154867,2,0,0.002,4132130
1789154869,4,0,1.542,4132130
1789154869,0,0,0.003,4132130
1789154873,5,0,3.696,4132130
1789154878,7,0,5.363,4132130
1789154878,3,0,0.178,4132130
1789154878,6,0,0.007,4132130
1789154878,3,0,0.015,4132130
1789154879,4,0,0.845,4132130
1789154879,0,0,0.007,4132130
1789154879,5,0,0.169,4132130
1789154879,0,0,0.01,4132130
1789154879,3,0,0.007,4132130
1789154879,0,0,0.017,4132130
1789154879,7,0,0.222,4132130
1789154879,2,0,0.001,4132130
1789154879,2,0,0.002,4132130
1789154879,0,0,0.059,4132130
1789154879,3,0,0.07,4132130
1789154879,3,0,0.007,4132130
1789154881,4,0,1.381,4132130
1789154881,5,0,0.53,4132130
1789154882,4,0,0.582,4132130
1789154882,5,0,0.19,4132130
1789154883,5,0,0.731,4132130
1789154883,3,0,0.006,4132130
1789154883,6,0,0.005,4132130
1789154883,0,0,0.017,4132130
1789154883,3,0,0.159,4132130
1789154883,0,0,0.004,4132130
1789154883,2,0,0.003,4132130
1789154883,4,0,0.269,4132130
1789154883,6,0,0.003,4132130
1789154884,4,0,0.36,4132130
1789154884,6,0,0.01,4132130
1789154884,1,0,0.001,4132130
1789154884,2,0,0.589,4132130
1789154885,4,0,0.202,4132130
1789154885,3,0,0.006,4132130
1789154886,2,0,1.225,4132130
1789154886,4,0,0.248,4132130
1789154886,3,0,0.042,4132130
1789154886,2,0,0.396,4132130
1789154889,5,0,2.313,4132130
1789154889,0,0,0.004,4132130
1789154893,7,0,4.035,4132130
1789154893,0,0,0.008,4132130
1789154893,3,0,0.095,4132130
1789154893,0,0,0.005,4132130
1789154893,3,0,0.062,4132130
1789154893,4,0,0.249,4132130
1789154893,0,0,0.003,4132130
1789154893,5,0,0.124,4132130
1789154893,3,0,0.068,4132130
1789154894,4,0,0.418,4132130
1789154894,0,0,0.019,4132130
1789154894,1,0,0.002,4132130
1789154894,3,0,0.02,4132130
1789154894,4,0,0.313,4132130
1789154894,0,0,0.012,4132130
1789154895,4,0,0.642,4132130
1789154895,3,0,0.003,4132130
1789154895,4,0,0.339,4132130
1789154895,2,0,0.002,4132130
1789154896,4,0,0.453,4132130
1789154896,3,0,0.029,4132130
1789154896,0,0,0.003,4132130
1789154896,2,0,0.432,4132130
1789154896,4,0,0.372,4132130
1789154897,4,0,0.959,4132130
1789154898,2,0,0.533,4132130
1789154899,4,0,0.613,4132130
1789154899,5,0,0.106,4132130
1789154899,1,0,0.001,4132130
1789154899,7,0,0.594,4132130
1789154899,0,0,0.016,4132130
1789154899,1,0,0.001,4132130
1789154899,5,0,0.155,4132130
1789154899,0,0,0.014,4132130
1789154900,0,0,0.043,4132130
1789154900,0,0,0.014,4132130
1789154900,3,0,0.022,4132130
1789154900,2,0,0.002,4132130
1789154900,4,0,0.9,4132130
1789154901,3,0,0.054,4132130
1789154901,2,0,0.461,4132130
1789154901,3,0,0.018,4132130
1789154903,4,0,2.119,4132130
1789154903,4,0,0.373,4132130
1789154904,2,0,0.446,4132130
1789154905,5,0,0.662,4132130
1789154906,5,0,1.04,4132130
1789154906,1,0,0.002,4132130
1789154906,1,0,0.001,4132130
1789154906,0,0,0.011,4132130
1789154906,0,0,0.008,4132130
1789154906,5,0,0.823,4132130
1789154906,0,0,0.008,4132130
1789154907,4,0,0.569,4132130
1789154907,0,0,0.007,4132130
1789154907,2,0,0.002,4132130
1789154910,5,0,3.073,4132130
1789154911,4,0,0.567,4132130
1789154911,3,0,0.01,4132130
1789154911,3,0,0.011,4132130
1789154911,3,0,0.008,4132130
1789154911,3,0,0.005,4132130
1789154911,0,0,0.008,4132130
1789154911,6,0,0.006,4132130
1789154911,3,0,0.186,4132130
1789154911,3,0,0.182,4132130
1789154911,4,0,0.31,4132130
1789154912,4,0,0.507,4132130
1789154913,4,0,0.814,4132130
1789154913,5,0,0.146,4132130
1789154913,0,0,0.008,4132130
1789154913,2,0,0.003,4132130
1789154913,4,0,0.54,4132130
1789154913,0,0,0.014,4132130
1789154913,0,0,0.004,4132130
1789154913,6,0,0.008,4132130
1789154914,4,0,0.517,4132130
1789154914,4,0,0.184,4132130
1789154915,4,0,0.553,4132130
1789154915,3,0,0.094,4132130
1789154915,3,0,0.064,4132130
1789154916,5,0,0.751,4132130
1789154916,1,0,0.001,4132130
1789154916,4,0,0.276,4132130
1789154916,1,0,0.001,4132130
1789154916,1,0,0.001,4132130
1789154916,0,0,0.005,4132130
1789154916,0,0,0.008,4132130
1789154916,0,0,0.009,4132130
1789154916,3,0,0.003,4132130
1789154916,0,0,0.035,4132130
1789154916,6,0,0.009,4132130
1789154917,2,0,0.606,4132130
1789154917,4,0,0.295,4132130
1789154918,4,0,0.723,4132130
1789154918,4,0,0.819,4132130
1789154923,5,0,4.445,4132130
1789154923,6,0,0.007,4132130
1789154923,7,0,0.21,4132130
1789154926,5,0,2.901,4132130
1789154927,2,0,0.73,4132130
1789154928,2,0,0.974,4132130
1789154928,6,0,0.006,4132130
1789154928,0,0,0.002,4132130
1789154930,4,0,2.139,4132130
1789154930,6,0,0.009,4132130
1789154931,4,0,0.684,4132130
1789154931,3,0,0.076,4132130
1789154931,4,0,0.355,4132130
1789154931,7,0,0.213,4132130
1789154931,3,0,0.052,4132130
1789154931,6,0,0.006,4132130
1789154931,0,0,0.003,4132130
1789154931,3,0,0.008,4132130
1789154931,0,0,0.004,4132130
1789154931,0,0,0.012,4132130
1789154931,6,0,0.009,4132130
1789154931,0,0,0.008,4132130
1789154931,3,0,0.007,4132130
1789154932,4,0,1.183,4132130
1789154932,0,0,0.015,4132130
1789154933,3,0,0.142,4132130
1789154933,6,0,0.004,4132130
1789154933,6,0,0.003,4132130
1789154934,2,0,1.746,4132130
1789154935,4,0,0.644,4132130
1789154935,3,0,0.011,4132130
1789154935,3,0,0.164,4132130
1789154936,4,0,0.604,4132130
1789154936,6,0,0.006,4132130
1789154936,3,0,0.203,4132130
1789154937,4,0,0.785,4132130
1789154937,2,0,0.604,4132130
1789154937,3,0,0.005,4132130
1789154937,3,0,0.006,4132130
1789154937,6,0,0.004,4132130
1789154938,2,0,0.405,4132130
1789154938,4,0,0.596,4132130
1789154939,5,0,0.903,4132130
1789154940,4,0,0.285,4132130
1789154940,3,0,0.058,4132130
1789154940,4,0,0.662,4132130
1789154941,2,0,0.52,4132130
1789154941,6,0,0.006,4132130
1789154941,0,0,0.005,4132130
1789154941,1,0,0.001,4132130
1789154942,5,0,0.821,4132130
1789154943,4,0,1.185,4132130
1789154943,0,0,0.007,4132130
1789154943,6,0,0.008,4132130
1789154946,7,0,3.487,4132130
1789154946,3,0,0.005,4132130
1789154946,3,0,0.014,4132130
1789154947,5,0,0.289,4132130
1789154947,3,0,0.094,4132130
1789154947,4,0,0.29,4132130
1789154947,1,0,0.001,4132130
1789154948,4,0,0.516,4132130
1789154948,3,0,0.007,4132130
1789154948,2,0,0.003,4132130
1789154948,7,0,0.248,4132130
1789154948,2,0,0.002,4132130
1789154953,5,0,4.831,4132130
1789154953,2,0,0.001,4132130
1789154953,6,0,0.01,4132130
1789154953,0,0,0.007,4132130
1789154953,1,0,0.001,4132130
1789154953,3,0,0.03,4132130
1789154953,0,0,0.006,4132130
1789154953,2,0,0.002,4132130
1789154953,0,0,0.011,4132130
1789154953,0,0,0.005,4132130
1789154953,5,0,0.154,4132130
1789154953,2,0,0.001,4132130
1789154955,4,0,2.228,4132130
1789154956,4,0,0.564,4132130
1789154956,6,1,0.007,4132130
1789154956,6,0,0.006,4132130
1789154956,6,0,0.005,4132130
1789154956,5,0,0.15,4132130
1789154957,7,0,1.297,4132130
1789154957,3,0,0.066,4132130
1789154957,0,0,0.011,4132130
1789154957,2,0,0.001,4132130
1789154961,7,0,4.062,4132130
1789154964,4,0,2.51,4132130
1789154964,3,0,0.022,4132130
1789154964,5,0,0.271,4132130
1789154964,6,0,0.006,4132130
1789154965,2,0,0.813,4132130
1789154967,4,0,1.608,4132130
1789154967,0,0,0.004,4132130
1789154967,3,0,0.049,4132130
1789154967,5,0,0.106,4132130
1789154967,2,0,0.003,4132130
1789154967,1,0,0.002,4132130
1789154967,4,0,0.479,4132130
1789154968,4,0,1.103,4132130
1789154968,3,0,0.014,4132130
1789154968,3,0,0.008,4132130
1789154970,4,0,1.576,4132130
1789154970,1,0,0.001,4132130
1789154970,1,0,0.001,4132130
1789154970,4,0,0.271,4132130
1789154970,1,0,0.001,4132130
1789154971,5,0,0.798,4132130
1789154971,4,0,0.021,4132130
1789154971,2,0,0.003,4132130
1789154971,2,0,0.003,4132130
1789154971,3,0,0.05,4132130
1789154971,3,0,0.007,4132130
1789154971,1,0,0.001,4132130
1789154971,3,0,0.013,4132130
1789154971,3,0,0.011,4132130
1789154971,5,0,0.318,4132130
1789154972,2,0,0.358,4132130
1789154972,3,0,0.004,4132130
1789154972,0,0,0.004,4132130
1789154972,4,0,0.253,4132130
1789154976,7,0,4.333,4132130
1789154976,2,0,0.002,4132130
1789154976,6,0,0.005,4132130
1789154977,5,0,0.494,4132130
1789154977,6,0,0.009,4132130
1789154977,6,0,0.012,4132130
1789154978,4,0,1.123,4132130
1789154978,3,0,0.059,4132130
1789154978,2,0,0.365,4132130
1789154980,5,0,1.65,4132130
1789154981,4,0,0.459,4132130
1789154981,3,0,0.004,4132130
1789154981,4,0,0.212,4132130
1789154981,3,0,0.006,4132130
1789154981,6,0,0.02,4132130
1789154981,3,0,0.005,4132130
1789154981,3,0,0.086,4132130
1789154981,6,0,0.006,4132130
1789154981,3,0,0.063,4132130
1789154981,4,0,0.402,4132130
1789154981,3,0,0.026,4132130
1789154982,4,0,0.36,4132130
1789154982,4,0,0.589,4132130
1789154987,5,0,4.651,4132130
1789154988,5,0,0.949,4132130
1789154992,5,0,3.625,4132130
1789154992,3,0,0.004,4132130
1789154992,4,0,0.514,4132130
1789154992,6,0,0.011,4132130
1789154992,6,0,0.006,4132130
1789154994,4,0,2.439,4132130
1789154995,3,0,0.048,4132130
1789154995,3,0,0.024,4132130
1789154995,5,0,0.151,4132130
1789154995,1,0,0.001,4132130
1789154995,1,0,0.001,4132130
1789154995,0,0,0.006,4132130
1789154995,4,0,0.483,4132130
1789154995,6,0,0.007,4132130
1789154995,5,0,0.103,4132130
1789154995,6,0,0.007,4132130
1789154995,1,0,0.001,4132130
1789154996,4,0,0.73,4132130
1789154996,3,0,0.004,4132130
1789154996,0,0,0.008,4132130
1789154996,3,0,0.071,4132130
1789154996,6,0,0.007,4132130
1789154996,2,0,0.002,4132130
1789154996,3,0,0.069,4132130
1789154996,6,0,0.005,4132130
1789154996,3,0,0.047,4132130
1789154996,3,0,0.09,4132130
1789154996,3,0,0.08,4132130
1789154998,5,0,1.81,4132130
1789154998,3,0,0.065,4132130
1789154999,2,0,0.541,4132130
1789154999,4,0,0.254,4132130
1789154999,3,0,0.035,4132130
1789155000,4,0,0.822,4132130
1789155000,2,0,0.003,4132130
1789155001,4,0,0.589,4132130
1789155001,3,0,0.031,4132130
1789155002,2,0,1.175,4132130
1789155002,0,0,0.006,4132130
1789155002,0,0,0.004,4132130
1789155002,0,0,0.004,4132130
1789155006,5,0,3.966,4132130
1789155006,0,0,0.008,4132130
1789155008,5,0,2.604,4132130
1789155008,3,0,0.086,4132130
1789155009,2,0,0.532,4132130
1789155009,2,0,0.002,4132130
1789155009,6,0,0.013,4132130
1789155010,2,0,0.59,4132130
1789155010,7,0,0.194,4132130
1789155010,2,0,0.58,4132130
1789155011,2,0,0.95,4132130
1789155011,1,0,0.001,4132130
1789155011,0,0,0.006,4132130
1789155012,2,0,0.661,4132130
1789155012,6,0,0.01,4132130
1789155012,0,0,0.008,4132130
1789155013,2,0,0.884,4132130
1789155014,4,0,0.829,4132130
1789155014,0,0,0.012,4132130
1789155014,6,0,0.009,4132130
1789155014,0,0,0.011,4132130
1789155014,3,0,0.028,4132130
1789155014,0,0,0.003,4132130
1789155014,6,0,0.015,4132130
1789155014,1,0,0.001,4132130
1789155014,0,0,0.007,4132130
1789155014,4,0,0.449,4132130
1789155014,2,0,0.003,4132130
1789155014,3,0,0.008,4132130
1789155015,4,0,0.343,4132130
1789155015,4,0,0.552,4132130
1789155015,3,0,0.005,4132130
1789155020,5,0,4.977,4132130
1789155021,4,0,0.407,4132130
1789155021,6,0,0.009,4132130
1789155021,6,0,0.008,4132130
1789155021,5,0,0.15,4132130
1789155021,3,0,0.165,4132130
1789155021,0,0,0.004,4132130
1789155021,7,0,0.256,4132130
1789155021,2,0,0.003,4132130
1789155023,4,0,2.099,4132130
1789155023,3,0,0.003,4132130
1789155023,3,0,0.006,4132130
1789155023,1,0,0.002,4132130
1789155024,4,0,0.314,4132130
1789155024,0,0,0.005,4132130
1789155024,2,0,0.002,4132130
1789155024,6,0,0.018,4132130
1789155025,4,0,0.947,4132130
1789155025,3,0,0.11,4132130
1789155025,3,0,0.074,4132130
1789155025,2,0,0.002,4132130
1789155025,3,0,0.004,4132130
1789155025,4,0,0.478,4132130
1789155026,4,0,1.046,4132130
1789155026,0,0,0.003,4132130
1789155026,6,0,0.012,4132130
1789155026,0,0,0.003,4132130
1789155027,4,0,0.521,4132130
1789155027,3,0,0.042,4132130
1789155027,2,0,0.307,4132130
1789155027,0,0,0.008,4132130
1789155027,0,0,0.009,4132130
1789155027,6,0,0.004,4132130
1789155027,5,0,0.142,4132130
1789155027,1,0,0.001,4132130
1789155027,3,0,0.005,4132130
1789155027,2,0,0.003,4132130
1789155027,3,0,0.001,4132130
1789155027,1,0,0.001,4132130
1789155028,4,0,0.689,4132130
1789155028,2,0,0.002,4132130
1789155028,0,0,0.005,4132130
1789155028,1,0,0.001,4132130
1789155028,6,0,0.008,4132130
1789155028,3,0,0.046,4132130
1789155028,3,0,0.109,4132130
1789155028,1,0,0.001,4132130
1789155028,2,0,0.002,4132130
1789155028,0,0,0.014,4132130
1789155028,6,0,0.055,4132130
1789155029,4,0,0.624,4132130
1789155029,3,0,0.006,4132130
1789155029,6,0,0.01,4132130
1789155029,2,0,0.001,4132130
1789155029,3,0,0.064,4132130
1789155029,3,0,0.007,4132130
1789155029,4,0,0.388,4132130
1789155033,5,0,3.883,4132130
1789155033,2,0,0.001,4132130
1789155033,0,0,0.004,4132130
1789155033,0,0,0.004,4132130
1789155033,3,0,0.068,4132130
1789155033,0,0,0.008,4132130
1789155033,6,0,0.004,4132130
1789155033,5,0,0.125,4132130
1789155034,3,0,0.088,4132130
1789155034,6,0,0.009,4132130
1789155034,4,0,0.887,4132130
1789155034,0,0,0.016,4132130
1789155034,3,0,0.007,4132130
1789155034,3,0,0.054,4132130
1789155034,3,0,0.01,4132130
1789155034,2,0,0.002,4132130
1789155035,3,0,0.103,4132130
1789155035,0,0,0.006,4132130
1789155036,5,0,0.936,4132130
1789155036,4,0,0.593,4132130
1789155037,4,0,0.377,4132130
1789155037,6,0,0.005,4132130
1789155037,2,0,0.835,4132130
1789155038,4,0,0.803,4132130
1789155038,6,0,0.015,4132130
1789155039,4,0,0.359,4132130
1789155039,2,0,0.458,4132130
1789155039,4,0,0.291,4132130
1789155039,3,0,0.029,4132130
1789155040,2,0,0.538,4132130
1789155040,0,0,0.009,4132130
1789155040,3,0,0.06,4132130
1789155040,2,0,0.002,4132130
1789155040,3,0,0.087,4132130
1789155041,2,0,0.552,4132130
1789155042,4,0,1.591,4132130
1789155042,1,0,0.001,4132130
1789155043,2,0,0.858,4132130
1789155043,2,0,0.003,4132130
1789155043,2,0,0.343,4132130
1789155043,1,0,0.001,4132130
1789155043,6,0,0.007,4132130
1789155044,4,0,0.687,4132130
1789155045,5,0,1.293,4132130
1789155045,2,0,0.001,4132130
1789155045,3,0,0.119,4132130
1789155046,2,0,0.388,4132130
1789155046,0,0,0.01,4132130
1789155046,4,0,0.174,4132130
1789155046,6,0,0.007,4132130
1789155047,2,0,0.528,4132130
1789155047,3,0,0.005,4132130
1789155047,1,0,0.001,4132130
1789155047,4,0,0.729,4132130
1789155047,3,0,0.003,4132130
1789155049,5,0,2,4132130
1789155050,2,0,1.081,4132130
1789155056,5,0,5.339,4132130
1789155056,5,0,0.521,4132130
1789155057,2,0,0.742,4132130
1789155058,5,0,0.697,4132130
1789155063,7,0,4.836,4132130
1789155063,0,0,0.004,4132130
1789155063,0,0,0.003,4132130
1789155063,6,0,0.006,4132130
1789155063,3,0,0.041,4132130
1789155063,5,0,0.645,4132130
1789155065,4,0,1.463,4132130
1789155065,3,0,0.053,4132130
1789155065,1,0,0.001,4132130
1789155065,3,0,0.081,4132130
1789155065,0,0,0.006,4132130
1789155066,4,0,0.738,4132130
1789155066,0,0,0.006,4132130
1789155066,6,0,0.006,4132130
1789155066,0,0,0.007,4132130
1789155066,0,0,0.006,4132130
1789155066,4,0,0.391,4132130
1789155066,0,0,0.014,4132130
1789155066,6,0,0.007,4132130
1789155068,4,0,1.564,4132130
1789155068,4,0,0.704,4132130
1789155068,3,0,0.057,4132130
1789155068,1,0,0.001,4132130
1789155068,6,0,0.005,4132130
1789155068,3,0,0.007,4132130
1789155069,4,0,0.296,4132130
1789155069,6,0,0.005,4132130
1789155069,0,0,0.01,4132130
1789155070,7,0,1.37,4132130
1789155070,3,0,0.076,4132130
1789155070,2,0,0.003,4132130
1789155071,4,0,0.963,4132130
1789155071,6,0,0.007,4132130
1789155071,6,0,0.008,4132130
1789155071,1,0,0.001,4132130
1789155071,6,0,0.006,4132130
1789155071,2,0,0.001,4132130
1789155071,1,0,0.001,4132130
1789155071,4,0,0.193,4132130
1789155071,3,0,0.01,4132130
1789155071,2,0,0.002,4132130
1789155072,4,0,0.23,4132130
1789155072,6,0,0.007,4132130
1789155072,3,0,0.026,4132130
1789155073,4,0,1.737,4132130
1789155074,4,0,0.498,4132130
1789155074,3,0,0.073,4132130
1789155075,4,0,0.689,4132130
1789155075,4,0,0.205,4132130
1789155075,3,0,0.006,4132130
1789155076,4,0,1.231,4132130
1789155076,6,0,0.022,4132130
1789155076,6,0,0.003,4132130
1789155076,0,0,0.022,4132130
1789155077,4,0,0.655,4132130
1789155082,5,0,5.076,4132130
1789155082,0,0,0.004,4132130
1789155082,3,0,0.011,4132130
1789155082,0,0,0.011,4132130
1789155083,4,0,0.732,4132130
1789155083,4,0,0.623,4132130
1789155083,5,0,0.112,4132130
1789155083,0,0,0.003,4132130
1789155083,2,0,0.001,4132130
1789155083,0,0,0.005,4132130
1789155084,4,0,0.354,4132130
1789155084,0,0,0.01,4132130
1789155084,4,0,0.325,4132130
1789155084,0,0,0.009,4132130
1789155084,4,0,0.412,4132130
1789155085,4,0,0.343,4132130
1789155085,3,0,0.016,4132130
1789155085,5,0,0.1,4132130
1789155085,0,0,0.006,4132130
1789155085,3,0,0.093,4132130
1789155085,3,0,0.075,4132130
1789155085,3,0,0.086,4132130
1789155085,2,0,0.358,4132130
1789155085,6,0,0.006,4132130
1789155085,3,0,0.012,4132130
1789155086,3,0,0.068,4132130
1789155086,3,0,0.12,4132130
1789155086,2,0,0.378,4132130
1789155086,3,0,0.01,4132130
1789155086,3,0,0.061,4132130
1789155086,6,0,0.006,4132130
1789155088,2,0,1.545,4132130
1789155091,5,0,3.279,4132130
1789155091,6,0,0.006,4132130
1789155091,4,0,0.469,4132130
1789155093,4,0,1.222,4132130
1789155093,1,0,0.003,4132130
1789155093,3,0,0.073,4132130
1789155094,4,0,1.485,4132130
1789155095,4,0,0.346,4132130
1789155095,6,0,0.006,4132130
1789155095,3,0,0.093,4132130
1789155095,6,1,0.004,4132130
1789155095,7,0,0.421,4132130
1789155095,3,0,0.008,4132130
1789155095,1,0,0.001,4132130
1789155096,4,0,0.493,4132130
1789155096,4,0,0.526,4132130
1789155096,0,0,0.003,4132130
1789155100,5,0,3.529,4132130
1789155100,2,0,0.32,4132130
1789155100,3,0,0.054,4132130
1789155100,0,0,0.003,4132130
1789155101,4,0,0.658,4132130
1789155101,4,0,0.412,4132130
1789155101,4,0,0.395,4132130
1789155105,5,0,3.344,4132130
1789155106,4,0,1.098,4132130
1789155108,2,0,1.927,4132130
1789155108,1,0,0.001,4132130
1789155108,3,0,0.061,4132130
1789155108,5,0,0.347,4132130
1789155108,0,0,0.004,4132130
1789155108,0,0,0.016,4132130
1789155108,0,0,0.012,4132130
1789155108,3,0,0.06,4132130
1789155109,4,0,0.528,4132130
1789155109,3,0,0.054,4132130
1789155109,2,0,0.187,4132130
1789155109,4,0,0.33,4132130
1789155110,4,0,0.701,4132130
1789155110,0,0,0.004,4132130
1789155110,3,0,0.001,4132130
1789155111,4,0,0.915,4132130
1789155111,0,0,0.045,4132130
1789155111,6,0,0.005,4132130
1789155111,6,0,0.005,4132130
1789155111,3,0,0.164,4132130
1789155111,0,0,0.01,4132130
1789155111,1,0,0.001,4132130
1789155112,4,0,0.39,4132130
1789155112,3,0,0.177,4132130
1789155112,3,0,0.005,4132130
1789155117,5,0,4.843,4132130
1789155117,4,0,0.04,4132130
1789155117,4,0,0.567,4132130
1789155118,4,0,1.065,4132130
1789155118,3,0,0.065,4132130
1789155118,1,0,0.001,4132130
1789155118,0,0,0.011,4132130
1789155118,6,0,0.009,4132130
1789155119,6,0,0.021,4132130
1789155120,2,0,1.24,4132130
1789155121,4,0,0.818,4132130
1789155121,2,0,0.001,4132130
1789155121,0,0,0.004,4132130
1789155121,3,0,0.07,4132130
1789155121,4,0,0.356,4132130
1789155122,2,0,0.716,4132130
1789155122,0,0,0.009,4132130
1789155122,6,0,0.009,4132130
1789155122,5,0,0.768,4132130
1789155123,4,0,0.975,4132130
1789155123,2,0,0.002,4132130
1789155123,0,0,0.012,4132130
1789155123,2,0,0.002,4132130
1789155123,0,0,0.006,4132130
1789155123,0,0,0.005,4132130
1789155124,3,0,0.039,4132130
1789155124,3,0,0.02,4132130
1789155124,3,0,0.003,4132130
1789155124,3,0,0.036,4132130
1789155124,2,0,0.002,4132130
1789155124,6,0,0.005,4132130
1789155124,0,0,0.012,4132130
1789155124,2,0,0.002,4132130
1789155124,2,0,0.576,4132130
1789155128,5,0,4.033,4132130
1789155129,2,0,0.719,4132130
1789155129,3,0,0.015,4132130
1789155129,6,0,0.019,4132130
1789155129,2,0,0.454,4132130
1789155129,1,0,0.002,4132130
1789155130,3,0,0.082,4132130
1789155130,0,0,0.003,4132130
1789155130,1,0,0.001,4132130
1789155130,0,0,0.031,4132130
1789155130,5,0,0.278,4132130
1789155130,3,0,0.006,4132130
1789155130,3,0,0.207,4132130
1789155130,0,0,0.01,4132130
1789155130,3,0,0.074,4132130
1789155130,5,0,0.139,4132130
1789155131,7,0,0.795,4132130
1789155132,2,0,1.295,4132130
1789155133,5,0,0.697,4132130
1789155133,0,0,0.006,4132130
1789155134,4,0,0.76,4132130
1789155134,6,0,0.006,4132130
1789155134,6,0,0.004,4132130
1789155134,2,0,0.001,4132130
1789155134,5,0,0.209,4132130
1789155134,3,0,0.001,4132130
1789155135,4,0,0.779,4132130
1789155139,5,0,4.492,4132130
1789155139,0,0,0.004,4132130
1789155140,4,0,0.596,4132130
1789155140,4,0,0.413,4132130
1789155141,2,0,0.392,4132130
1789155141,4,0,0.57,4132130
1789155141,3,0,0.038,4132130
1789155141,3,0,0.007,4132130
1789155141,2,0,0.001,4132130
1789155141,3,0,0.157,4132130
1789155142,4,0,0.31,4132130
1789155142,4,0,0.581,4132130
1789155142,0,0,0.015,4132130
1789155142,0,0,0.022,4132130
1789155142,6,0,0.007,4132130
1789155142,6,0,0.02,4132130
1789155143,5,0,0.17,4132130
1789155143,6,0,0.006,4132130
1789155146,5,0,3.377,4132130
1789155146,0,0,0.004,4132130
1789155146,1,0,0.002,4132130
1789155146,6,0,0.005,4132130
1789155146,4,0,0.326,4132130
1789155147,2,0,0.647,4132130
1789155147,3,0,0.025,4132130
1789155147,6,0,0.007,4132130
1789155148,5,0,0.626,4132130
1789155148,2,0,0.717,4132130
1789155148,3,0,0.062,4132130
1789155148,2,0,0.002,4132130
1789155148,3,0,0.049,4132130
1789155148,6,0,0.017,4132130
1789155149,4,0,0.408,4132130
1789155153,7,0,3.688,4132130
1789155153,0,0,0.004,4132130
1789155153,2,0,0.009,4132130
1789155153,4,0,0.423,4132130
1789155153,2,0,0.474,4132130
1789155153,2,0,0.002,4132130
1789155154,2,0,0.016,4132130
1789155154,2,0,0.007,4132130
1789155154,3,0,0.121,4132130
1789155154,3,0,0.079,4132130
1789155154,3,0,0.027,4132130
1789155158,5,0,4.295,4132130
1789155158,6,0,0.006,4132130
1789155158,0,0,0.006,4132130
1789155158,4,0,0.381,4132130
1789155159,3,0,0.06,4132130
1789155160,4,0,1.272,4132130
1789155160,3,0,0.01,4132130
1789155160,0,0,0.003,4132130
1789155160,5,0,0.09,4132130
1789155160,4,0,0.143,4132130
1789155164,7,0,3.647,4132130
1789155164,4,0,0.475,4132130
1789155164,2,0,0.356,4132130
1789155166,4,0,1.225,4132130
1789155166,0,0,0.003,4132130
1789155166,1,0,0.001,4132130
1789155166,2,0,0.003,4132130
1789155166,4,0,0.521,4132130
1789155166,6,0,0.005,4132130
1789155168,4,0,1.757,4132130
1789155168,6,0,0.009,4132130
1789155168,4,0,0.407,4132130
1789155169,2,0,0.553,4132130
1789155169,4,0,0.416,4132130
1789155169,3,0,0.009,4132130
1789155170,5,0,0.534,4132130
1789155170,3,0,0.066,4132130
1789155171,4,0,0.673,4132130
1789155171,0,0,0.013,4132130
1789155171,2,0,0.443,4132130
1789155172,4,0,1.047,4132130
1789155172,0,0,0.015,4132130
1789155172,1,0,0.002,4132130
1789155172,0,0,0.005,4132130
1789155172,3,0,0.07,4132130
1789155172,2,0,0.001,4132130
1789155173,4,0,0.509,4132130
1789155173,4,0,0.288,4132130
1789155173,5,0,0.4,4132130
1789155175,4,0,1.483,4132130
1789155176,4,0,0.962,4132130
1789155177,4,0,0.651,4132130
1789155177,6,0,0.008,4132130
1789155177,5,0,0.244,4132130
1789155181,7,0,4.268,4132130
1789155181,0,0,0.01,4132130
1789155181,3,0,0.161,4132130
1789155181,6,0,0.013,4132130
1789155182,2,0,0.577,4132130
1789155182,1,0,0.002,4132130
1789155182,4,0,0.544,4132130
1789155183,2,0,0.68,4132130
1789155184,4,0,0.979,4132130
1789155184,3,0,0.097,4132130
1789155184,1,0,0.001,4132130
1789155184,6,0,0.005,4132130
1789155185,2,0,0.384,4132130
1789155185,2,0,0.717,4132130
1789155185,0,0,0.006,4132130
1789155185,3,0,0.01,4132130
1789155185,3,0,0.006,4132130
1789155185,6,0,0.008,4132130
1789155185,1,0,0.001,4132130
1789155186,4,0,0.614,4132130
1789155186,4,0,0.378,4132130
1789155187,5,0,0.891,4132130
1789155187,3,0,0.012,4132130
1789155187,2,0,0.001,4132130
1789155187,0,0,0.004,4132130
1789155188,4,0,1.099,4132130
1789155188,3,0,0.056,4132130
1789155188,6,0,0.007,4132130
1789155188,3,0,0.078,4132130
1789155189,3,0,0.077,4132130
1789155189,4,0,0.592,4132130
1789155189,5,0,0.098,4132130
1789155190,5,0,0.636,4132130
1789155190,2,0,0.001,4132130
1789155190,6,0,0.006,4132130
1789155190,0,0,0.019,4132130
1789155195,5,0,4.715,4132130
1789155195,0,0,0.005,4132130
1789155195,2,0,0.001,4132130
1789155195,2,0,0.004,4132130
1789155195,3,0,0.07,4132130
1789155195,3,0,0.038,4132130
1789155200,7,0,5.165,4132130
1789155200,3,0,0.061,4132130
1789155201,4,0,1.141,4132130
1789155201,2,0,0.004,4132130
1789155203,7,0,1.553,4132130
1789155203,1,0,0.002,4132130
1789155203,4,0,0.512,4132130
1789155203,3,0,0.064,4132130
1789155204,5,0,0.367,4132130
1789155204,0,0,0.012,4132130
1789155204,4,0,0.51,4132130
1789155205,2,0,0.999,4132130
1789155205,6,0,0.003,4132130
1789155206,5,0,0.584,4132130
1789155206,6,0,0.005,4132130
1789155206,3,0,0.234,4132130
1789155206,2,0,0.472,4132130
1789155207,4,0,0.993,4132130
1789155207,6,1,0.004,4132130
1789155207,2,0,0.001,4132130
1789155207,6,0,0.004,4132130
1789155211,5,0,3.749,4132130
1789155211,4,0,0.258,4132130
1789155211,3,0,0.035,4132130
1789155212,4,0,0.23,4132130
1789155212,0,0,0.009,4132130
1789155212,4,0,0.354,4132130
1789155212,6,0,0.012,4132130
1789155212,6,0,0.005,4132130
1789155212,3,0,0.04,4132130
1789155212,3,0,0.003,4132130
1789155212,3,0,0.078,4132130
1789155213,4,0,0.718,4132130
1789155214,4,0,0.818,4132130
1789155214,0,0,0.003,4132130
1789155214,5,0,0.506,4132130
1789155215,4,0,0.435,4132130
1789155215,6,0,0.006,4132130
1789155215,3,0,0.013,4132130
1789155215,4,0,0.475,4132130
1789155217,4,0,1.705,4132130
1789155221,5,0,4.201,4132130
1789155221,3,0,0.011,4132130
1789155222,4,0,0.735,4132130
1789155222,6,0,0.007,4132130
1789155222,3,0,0.028,4132130
1789155222,0,0,0.014,4132130
1789155222,4,0,0.325,4132130
1789155222,4,0,0.293,4132130
1789155224,5,0,1.093,4132130
1789155224,1,0,0.001,4132130
1789155224,4,0,0.611,4132130
1789155225,5,0,0.951,4132130
1789155225,3,0,0.01,4132130
1789155225,0,0,0.011,4132130
1789155227,4,0,1.363,4132130
1789155227,5,0,0.587,4132130
1789155227,0,0,0.005,4132130
1789155227,1,0,0.001,4132130
1789155227,3,0,0.043,4132130
1789155227,3,0,0.119,4132130
1789155227,3,0,0.109,4132130
1789155228,4,0,0.454,4132130
1789155228,4,0,0.441,4132130
1789155228,6,0,0.011,4132130
1789155228,6,0,0.006,4132130
1789155228,1,0,0.001,4132130
1789155228,0,0,0.006,4132130
1789155228,3,0,0.081,4132130
1789155229,4,0,0.565,4132130
1789155229,3,0,0.096,4132130
1789155229,0,0,0.01,4132130
1789155229,4,0,0.204,4132130
1789155229,0,0,0.012,4132130
1789155229,7,0,0.175,4132130
1789155229,2,0,0.001,4132130
1789155231,4,0,1.487,4132130
1789155231,4,0,0.317,4132130
1789155231,0,0,0.01,4132130
1789155231,6,0,0.005,4132130
1789155231,5,0,0.173,4132130
1789155231,1,0,0.001,4132130
1789155232,3,0,0.129,4132130
1789155232,0,0,0.02,4132130
1789155232,5,0,0.506,4132130
1789155232,5,0,0.368,4132130
1789155233,3,0,0.074,4132130
1789155233,2,0,0.327,4132130
1789155233,6,0,0.008,4132130
1789155233,3,0,0.055,4132130
1789155233,3,0,0.229,4132130
1789155234,2,0,1.045,4132130
1789155235,4,0,0.724,4132130
1789155235,1,0,0.001,4132130
1789155235,6,0,0.005,4132130
1789155235,2,0,0.143,4132130
1789155235,3,0,0.002,4132130
1789155235,0,0,0.013,4132130
1789155236,7,0,0.632,4132130
1789155236,2,0,0.003,4132130
1789155236,0,0,0.005,4132130
1789155236,0,0,0.003,4132130
1789155236,0,0,0.005,4132130
1789155236,4,0,0.521,4132130
1789155237,4,0,0.543,4132130
1789155237,3,0,0.004,4132130
1789155237,1,0,0.001,4132130
1789155237,2,0,0.688,4132130
1789155237,0,0,0.013,4132130
1789155238,2,0,0.21,4132130
1789155238,0,0,0.004,4132130
1789155238,1,0,0.001,4132130
1789155238,2,0,0.002,4132130
1789155238,6,0,0.006,4132130
1789155238,3,0,0.033,4132130
1789155238,4,0,0.246,4132130
1789155238,6,0,0.01,4132130
1789155238,4,0,0.496,4132130
1789155239,2,0,0.003,4132130
1789155239,4,0,0.501,4132130
1789155239,0,0,0.014,4132130
1789155240,2,0,0.688,4132130
1789155240,1,0,0.002,4132130
1789155240,0,0,0.004,4132130
1789155240,6,0,0.007,4132130
1789155241,4,0,0.818,4132130
1789155241,3,0,0.124,4132130
1789155241,3,0,0.099,4132130
1789155241,4,0,0.343,4132130
1789155242,2,0,0.47,4132130
1789155242,4,0,0.851,4132130
1789155242,0,0,0.004,4132130
1789155242,1,0,0.001,4132130
1789155242,0,0,0.005,4132130
1789155242,0,0,0.003,4132130
1789155243,7,0,0.841,4132130
1789155244,4,0,0.663,4132130
1789155244,0,0,0.003,4132130
1789155244,5,0,0.213,4132130
1789155245,4,0,1.281,4132130
1789155246,4,0,0.485,4132130
1789155246,7,0,0.16,4132130
1789155246,4,0,0.377,4132130
1789155246,0,0,0.016,4132130
1789155247,2,0,1.014,4132130
1789155248,4,0,0.446,4132130
1789155248,0,0,0.031,4132130
1789155248,0,0,0.019,4132130
1789155248,3,0,0.015,4132130
1789155248,3,0,0.049,4132130
1789155249,4,0,1.06,4132130
1789155250,4,0,0.434,4132130
1789155250,3,0,0.053,4132130
1789155250,2,0,0.632,4132130
1789155250,6,0,0.005,4132130
1789155250,0,0,0.003,4132130
1789155255,5,0,4.719,4132130
1789155255,3,0,0.005,4132130
1789155255,4,0,0.419,4132130
1789155255,0,0,0.006,4132130
1789155255,0,0,0.01,4132130
1789155255,3,0,0.061,4132130
1789155255,2,0,0.005,4132130
1789155256,4,0,0.848,4132130
1789155257,2,0,0.924,4132130
1789155257,3,0,0.003,4132130
1789155257,3,0,0.05,4132130
1789155257,6,0,0.007,4132130
1789155258,4,0,0.863,4132130
1789155258,1,0,0.001,4132130
1789155258,3,0,0.061,4132130
1789155258,0,0,0.005,4132130
1789155258,2,0,0.001,4132130
1789155258,0,0,0.002,4132130
1789155258,0,0,0.008,4132130
1789155258,2,0,0.003,4132130
1789155259,4,0,0.855,4132130
1789155259,6,0,0.007,4132130
1789155259,2,0,0.002,4132130
1789155259,6,0,0.004,4132130
1789155260,2,0,1.006,4132130
1789155260,2,0,0.263,4132130
1789155261,4,0,0.431,4132130
1789155261,4,0,0.479,4132130
1789155261,3,0,0.059,4132130
1789155262,4,0,0.65,4132130
1789155262,3,0,0.07,4132130
1789155262,3,0,0.07,4132130
1789155262,5,0,0.139,4132130
1789155262,6,0,0.007,4132130
1789155262,3,0,0.127,4132130
1789155264,4,0,1.699,4132130
1789155264,3,0,0.082,4132130
1789155264,5,0,0.137,4132130
1789155264,3,0,0.054,4132130
1789155264,0,0,0.022,4132130
1789155265,4,0,0.331,4132130
1789155265,6,0,0.013,4132130
1789155265,2,0,0.705,4132130
1789155266,4,0,0.362,4132130
1789155266,3,0,0.004,4132130
1789155270,5,0,4.266,4132130
1789155270,3,0,0.062,4132130
1789155270,5,0,0.117,4132130
1789155270,0,0,0.003,4132130
1789155271,4,0,1.208,4132130
1789155272,4,0,0.332,4132130
1789155272,6,0,0.011,4132130
1789155272,3,0,0.006,4132130
1789155272,0,0,0.006,4132130
1789155272,2,0,0.004,4132130
1789155272,3,0,0.005,4132130
1789155274,4,0,1.862,4132130
1789155274,4,0,0.295,4132130
1789155274,3,0,0.008,4132130
1789155274,1,0,0.003,4132130
1789155274,3,0,0.009,4132130
1789155274,3,0,0.01,4132130
1789155274,4,0,0.415,4132130
1789155274,1,0,0.001,4132130
1789155274,6,0,0.016,4132130
1789155275,2,0,0.541,4132130
1789155275,1,0,0.001,4132130
1789155276,2,0,0.601,4132130
1789155276,2,0,0.548,4132130
1789155276,0,0,0.009,4132130
1789155277,4,0,0.638,4132130
1789155277,2,0,0.355,4132130
1789155277,6,0,0.009,4132130
1789155282,5,0,4.453,4132130
1789155282,2,0,0.238,4132130
1789155282,2,0,0.002,4132130
1789155282,5,0,0.395,4132130
1789155282,0,0,0.036,4132130
1789155282,3,0,0.046,4132130
1789155282,0,0,0.005,4132130
1789155282,1,0,0.002,4132130
1789155282,3,0,0.006,4132130
1789155282,0,0,0.004,4132130
1789155283,2,0,1.113,4132130
1789155283,6,0,0.008,4132130
1789155284,4,0,1.004,4132130
1789155285,4,0,0.216,4132130
1789155285,3,0,0.099,4132130
1789155285,3,0,0.172,4132130
1789155287,4,0,2.081,4132130
1789155287,2,0,0.002,4132130
1789155287,4,0,0.223,4132130
1789155288,4,0,0.913,4132130
1789155293,5,0,4.364,4132130
1789155294,4,0,1.937,4132130
1789155295,3,0,0.035,4132130
1789155295,4,0,0.611,4132130
1789155296,5,0,0.461,4132130
1789155296,2,0,0.002,4132130
1789155296,4,0,0.182,4132130
1789155296,3,0,0.074,4132130
1789155296,0,0,0.008,4132130
1789155296,0,0,0.005,4132130
1789155296,4,0,0.353,4132130
1789155297,2,0,0.891,4132130
1789155297,1,0,0.001,4132130
1789155297,2,0,0.001,4132130
1789155297,0,0,0.003,4132130
1789155297,7,0,0.339,4132130
1789155298,3,0,0.063,4132130
1789155298,1,0,0.001,4132130
1789155298,3,0,0.058,4132130
1789155298,2,0,0.387,4132130
1789155298,4,0,0.441,4132130
1789155298,3,0,0.086,4132130
1789155299,3,0,0.038,4132130
1789155299,3,0,0.013,4132130
1789155299,3,0,0.052,4132130
1789155299,2,0,0.003,4132130
1789155299,1,0,0.002,4132130
1789155300,4,0,1.057,4132130
1789155300,4,0,0.448,4132130
1789155300,1,0,0.001,4132130
1789155300,0,0,0.008,4132130
1789155300,3,0,0.065,4132130
1789155305,5,0,5.195,4132130
1789155305,0,0,0.002,4132130
1789155306,2,0,0.674,4132130
1789155307,4,0,0.492,4132130
1789155307,0,0,0.006,4132130
1789155307,4,0,0.665,4132130
1789155309,5,0,1.905,4132130
1789155309,1,0,0.001,4132130
1789155310,4,0,0.591,4132130
1789155310,6,0,0.006,4132130
1789155310,3,0,0.003,4132130
1789155310,6,0,0.004,4132130
1789155310,0,0,0.017,4132130
1789155310,6,0,0.008,4132130
1789155312,4,0,2.29,4132130
1789155312,5,0,0.247,4132130
1789155313,4,0,0.228,4132130
1789155313,6,0,0.007,4132130
1789155313,6,0,0.008,4132130
1789155313,6,0,0.007,4132130
1789155313,6,0,0.004,4132130
1789155313,0,0,0.003,4132130
1789155316,7,0,3.473,4132130
1789155316,4,0,0.446,4132130
1789155316,0,0,0.004,4132130
1789155317,7,0,0.884,4132130
1789155317,3,0,0.003,4132130
1789155317,6,0,0.025,4132130
1789155317,3,0,0.095,4132130
1789155318,7,0,0.245,4132130
1789155318,0,0,0.004,4132130
1789155318,3,0,0.152,4132130
1789155318,0,0,0.004,4132130
1789155318,2,0,0.001,4132130
1789155318,0,0,0.004,4132130
1789155319,2,0,0.912,4132130
1789155319,6,0,0.006,4132130
1789155319,6,0,0.006,4132130
1789155319,2,0,0.408,4132130
1789155320,2,0,1.044,4132130
1789155324,5,0,4.094,4132130
1789155324,3,0,0.004,4132130
1789155325,4,0,0.92,4132130
1789155326,2,0,0.534,4132130
1789155326,2,0,0.007,4132130
1789155326,4,0,0.386,4132130
1789155326,3,0,0.047,4132130
1789155326,6,0,0.007,4132130
1789155326,3,0,0.004,4132130
1789155327,5,0,0.425,4132130
1789155327,0,0,0.006,4132130
1789155327,2,0,0.004,4132130
1789155327,3,0,0.005,4132130
1789155327,3,0,0.006,4132130
1789155327,0,0,0.006,4132130
1789155327,1,0,0.002,4132130
1789155327,4,0,0.505,4132130
1789155328,4,0,0.469,4132130
1789155328,3,0,0.197,4132130
1789155328,4,0,0.44,4132130
1789155329,4,0,0.832,4132130
1789155329,3,0,0.145,4132130
1789155329,5,0,0.118,4132130
1789155330,3,0,0.089,4132130
1789155330,3,0,0.089,4132130
1789155330,1,0,0.002,4132130
1789155330,0,0,0.01,4132130
1789155330,0,0,0.005,4132130
1789155330,0,0,0.007,4132130
1789155330,4,0,0.696,4132130
1789155330,6,0,0.007,4132130
1789155330,6,0,0.011,4132130
1789155330,6,0,0.015,4132130
1789155331,4,0,0.362,4132130
1789155331,0,0,0.007,4132130
1789155331,0,0,0.019,4132130
1789155331,0,0,0.009,4132130
1789155331,6,0,0.007,4132130
1789155335,7,0,3.902,4132130
1789155335,0,0,0.011,4132130
1789155335,4,0,0.47,4132130
1789155335,6,0,0.008,4132130
1789155335,0,0,0.006,4132130
1789155335,6,0,0.007,4132130
1789155335,2,0,0.002,4132130
1789155335,3,0,0.002,4132130
1789155336,2,0,0.438,4132130
1789155336,2,0,0.333,4132130
1789155336,3,0,0.033,4132130
1789155336,2,0,0.299,4132130
1789155336,3,0,0.067,4132130
1789155336,1,0,0.001,4132130
1789155337,7,0,0.24,4132130
1789155337,3,0,0.006,4132130
1789155337,3,0,0.025,4132130
1789155337,2,0,0.002,4132130
1789155337,0,0,0.005,4132130
1789155337,3,0,0.107,4132130
1789155337,2,0,0.38,4132130
1789155338,2,0,0.392,4132130
1789155338,4,0,0.647,4132130
1789155339,4,0,0.582,4132130
1789155340,4,0,1.72,4132130
1789155341,4,0,0.353,4132130
1789155341,0,0,0.012,4132130
1789155341,2,0,0.004,4132130
1789155341,3,0,0.087,4132130
1789155342,5,0,0.767,4132130
1789155343,2,0,0.835,4132130
1789155343,6,0,0.008,4132130
1789155343,1,0,0.001,4132130
1789155343,6,0,0.007,4132130
1789155343,3,0,0.005,4132130
1789155343,4,0,0.579,4132130
1789155343,4,0,0.309,4132130
1789155347,5,0,3.794,4132130
1789155347,6,0,0.004,4132130
1789155348,5,0,0.43,4132130
1789155348,3,0,0.081,4132130
1789155348,1,0,0.001,4132130
1789155348,2,0,0.597,4132130
1789155348,4,0,0.148,4132130
1789155348,0,0,0.017,4132130
1789155349,2,0,0.004,4132130
1789155349,4,0,0.45,4132130
1789155349,3,0,0.044,4132130
1789155349,0,0,0.021,4132130
1789155350,4,0,0.585,4132130
1789155350,6,0,0.007,4132130
1789155350,0,0,0.005,4132130
1789155350,3,0,0.089,4132130
1789155350,3,0,0.051,4132130
1789155350,0,0,0.009,4132130
1789155350,6,0,0.007,4132130
1789155350,1,0,0.001,4132130
1789155350,6,0,0.006,4132130
1789155350,0,0,0.011,4132130
1789155350,3,0,0.003,4132130
1789155353,5,0,3.408,4132130
1789155353,6,0,0.002,4132130
1789155354,4,0,0.372,4132130
1789155354,2,0,0.002,4132130
1789155354,2,0,0.37,4132130
1789155354,0,0,0.014,4132130
1789155354,3,0,0.045,4132130
1789155354,4,0,0.343,4132130
1789155354,3,0,0.146,4132130
1789155355,4,0,0.557,4132130
1789155355,3,0,0.057,4132130
1789155355,6,0,0.005,4132130
1789155355,0,0,0.01,4132130
1789155355,6,0,0.007,4132130
1789155356,4,0,0.659,4132130
1789155356,2,0,0.001,4132130
1789155356,6,0,0.005,4132130
1789155356,2,0,0.003,4132130
1789155357,5,0,0.757,4132130
1789155357,3,0,0.155,4132130
1789155357,3,0,0.008,4132130
1789155357,3,0,0.011,4132130
1789155357,3,0,0.074,4132130
1789155358,4,0,0.92,4132130
1789155358,0,0,0.019,4132130
1789155362,7,0,3.968,4132130
1789155362,3,0,0.051,4132130
1789155362,2,0,0.003,4132130
1789155362,0,0,0.013,4132130
1789155362,5,0,0.101,4132130
1789155362,6,0,0.007,4132130
1789155362,6,0,0.006,4132130
1789155362,2,0,0.002,4132130
1789155362,3,0,0.004,4132130
1789155362,5,0,0.169,4132130
1789155363,2,0,1.208,4132130
1789155363,6,0,0.005,4132130
1789155364,2,0,0.296,4132130
1789155364,0,0,0.012,4132130
1789155364,4,0,0.756,4132130
1789155365,4,0,0.407,4132130
1789155365,2,0,0.323,4132130
1789155366,4,0,0.922,4132130
1789155367,5,0,0.859,4132130
1789155367,0,0,0.003,4132130
1789155367,2,0,0.002,4132130
1789155367,6,0,0.007,4132130
1789155367,0,0,0.021,4132130
1789155368,2,0,0.866,4132130
1789155368,0,0,0.003,4132130
1789155368,1,0,0.001,4132130
1789155369,4,0,1.468,4132130
1789155369,3,0,0.055,4132130
1789155369,1,0,0.001,4132130
1789155369,2,0,0.003,4132130
1789155370,5,0,0.348,4132130
1789155370,2,0,0.002,4132130
1789155370,2,0,0.589,4132130
1789155371,4,0,0.614,4132130
1789155372,4,0,0.833,4132130
1789155373,4,0,0.887,4132130
1789155373,3,0,0.006,4132130
1789155373,2,0,0.002,4132130
1789155373,3,0,0.053,4132130
1789155373,3,0,0.093,4132130
1789155373,6,0,0.005,4132130
1789155373,3,0,0.007,4132130
1789155373,0,0,0.005,4132130
1789155373,6,0,0.008,4132130
1789155373,3,0,0.039,4132130
1789155373,4,0,0.573,4132130
1789155373,3,0,0.133,4132130
1789155373,3,0,0.003,4132130
1789155374,4,0,0.721,4132130
1789155374,6,0,0.006,4132130
1789155374,0,0,0.016,4132130
1789155374,2,0,0.003,4132130
1789155374,6,0,0.008,4132130
1789155375,4,0,0.653,4132130
1789155375,4,0,0.344,4132130
1789155375,3,0,0.07,4132130
1789155375,3,0,0.008,4132130
1789155375,6,0,0.006,4132130
1789155375,3,0,0.066,4132130
1789155376,4,0,0.483,4132130
1789155376,4,0,0.589,4132130
1789155377,5,0,0.541,4132130
1789155377,6,0,0.007,4132130
1789155378,4,0,0.709,4132130
1789155378,STOP,,,4132130
