1789151737,0,0,0.02,4131975
1789151737,4,0,0.198,4131975
1789151738,2,0,0.215,4131975
1789151738,7,0,0.132,4131975
1789151738,4,0,0.239,4131975
1789151738,3,0,0.034,4131975
1789151738,6,0,0.009,4131975
1789151738,3,0,0.03,4131975
1789151741,5,0,2.422,4131975
1789151741,7,0,0.273,4131975
1789151741,3,0,0.059,4131975
1789151741,1,0,0.002,4131975
1789151741,4,0,0.167,4131975
1789151741,4,0,0.288,4131975
1789151741,0,0,0.006,4131975
1789151741,6,0,0.009,4131975
1789151741,5,0,0.073,4131975
1789151741,3,0,0.046,4131975
1789151742,2,0,0.284,4131975
1789151742,0,0,0.004,4131975
1789151742,3,0,0.002,4131975
1789151742,0,0,0.006,4131975
1789151742,0,0,0.005,4131975
1789151742,6,0,0.005,4131975
1789151742,2,0,0.004,4131975
1789151742,1,0,0.001,4131975
1789151742,1,0,0,4131975
1789151742,4,0,0.458,4131975
1789151742,3,0,0.06,4131975
1789151743,4,0,0.389,4131975
1789151743,3,0,0.033,4131975
1789151743,6,0,0.006,4131975
1789151743,7,0,0.287,4131975
1789151743,1,0,0.001,4131975
1789151743,6,0,0.004,4131975
1789151743,3,0,0.062,4131975
1789151743,3,0,0.009,4131975
1789151743,3,0,0.012,4131975
1789151743,0,0,0.004,4131975
1789151743,4,0,0.164,4131975
1789151744,4,0,0.279,4131975
1789151744,6,0,0.005,4131975
1789151744,6,0,0.005,4131975
1789151744,6,0,0.005,4131975
1789151744,0,0,0.004,4131975
1789151744,0,0,0.021,4131975
1789151744,4,0,0.216,4131975
1789151744,3,0,0.057,4131975
1789151744,4,0,0.262,4131975
1789151744,7,0,0.225,4131975
1789151744,5,0,0.071,4131975
1789151747,5,0,2.497,4131975
1789151747,4,0,0.496,4131975
1789151748,2,0,0.235,4131975
1789151748,4,0,0.266,4131975
1789151748,5,0,0.096,4131975
1789151748,1,0,0.001,4131975
1789151748,4,0,0.247,4131975
1789151748,0,0,0.003,4131975
1789151748,3,0,0.041,4131975
1789151748,5,0,0.083,4131975
1789151748,0,0,0.009,4131975
1789151748,6,0,0.006,4131975
1789151748,6,1,0.004,4131975
1789151749,4,0,0.219,4131975
1789151749,3,0,0.03,4131975
1789151749,1,0,0.001,4131975
1789151749,0,0,0.01,4131975
1789151749,3,0,0.037,4131975
1789151749,0,0,0.004,4131975
1789151749,4,0,0.296,4131975
1789151749,4,0,0.29,4131975
1789151749,7,0,0.106,4131975
1789151749,3,0,0.041,4131975
1789151752,5,0,2.686,4131975
1789151752,0,0,0.005,4131975
1789151752,0,0,0.007,4131975
1789151752,4,0,0.259,4131975
1789151753,7,0,0.104,4131975
1789151753,0,0,0.007,4131975
1789151753,6,0,0.007,4131975
1789151753,2,0,0.002,4131975
1789151753,6,0,0.006,4131975
1789151753,3,0,0.047,4131975
1789151753,4,0,0.211,4131975
1789151753,2,0,0.003,4131975
1789151753,2,0,0.216,4131975
1789151753,0,0,0.003,4131975
1789151755,5,0,2.188,4131975
1789151755,0,0,0.005,4131975
1789151755,3,0,0.031,4131975
1789151755,3,0,0.056,4131975
1789151755,3,0,0.007,4131975
1789151755,0,0,0.008,4131975
1789151755,6,0,0.007,4131975
1789151755,3,0,0.038,4131975
1789151758,5,0,2.688,4131975
1789151758,6,0,0.007,4131975
1789151758,4,0,0.236,4131975
1789151759,5,0,0.39,4131975
1789151759,0,0,0.005,4131975
1789151759,2,0,0.003,4131975
1789151759,4,0,0.316,4131975
1789151759,4,0,0.204,4131975
1789151759,6,0,0.016,4131975
1789151760,4,0,0.918,4131975
1789151760,6,0,0.006,4131975
1789151760,0,0,0.004,4131975
1789151760,3,0,0.052,4131975
1789151761,4,0,0.426,4131975
1789151761,6,0,0.005,4131975
1789151761,0,0,0.006,4131975
1789151761,3,0,0.038,4131975
1789151761,5,0,0.372,4131975
1789151761,2,0,0.001,4131975
1789151761,6,0,0.004,4131975
1789151761,0,0,0.003,4131975
1789151761,2,0,0.365,4131975
1789151762,5,0,0.086,4131975
1789151762,3,0,0.01,4131975
1789151762,4,0,0.554,4131975
1789151762,0,0,0.006,4131975
1789151762,4,0,0.235,4131975
1789151762,0,0,0.008,4131975
1789151763,5,0,0.359,4131975
1789151764,4,0,0.995,4131975
1789151764,3,0,0.075,4131975
1789151764,2,0,0.411,4131975
1789151765,7,0,0.614,4131975
1789151765,0,0,0.004,4131975
1789151765,6,0,0.007,4131975
1789151765,0,0,0.014,4131975
1789151765,0,0,0.01,4131975
1789151765,2,0,0.002,4131975
1789151765,0,0,0.005,4131975
1789151765,0,0,0.021,4131975
1789151765,0,0,0.016,4131975
1789151765,3,0,0.048,4131975
1789151765,4,0,0.399,4131975
1789151766,5,0,0.625,4131975
1789151766,0,0,0.005,4131975
1789151766,6,0,0.006,4131975
1789151767,4,0,0.805,4131975
1789151767,0,0,0.004,4131975
1789151767,3,0,0.063,4131975
1789151767,0,0,0.025,4131975
1789151767,3,0,0.052,4131975
1789151767,4,0,0.446,4131975
1789151768,5,0,0.714,4131975
1789151768,1,0,0.001,4131975
1789151769,5,0,0.525,4131975
1789151769,0,0,0.006,4131975
1789151769,3,0,0.068,4131975
1789151769,3,0,0.073,4131975
1789151769,3,0,0.043,4131975
1789151769,0,0,0.013,4131975
1789151769,1,0,0.001,4131975
1789151773,7,0,4.094,4131975
1789151774,4,0,1.589,4131975
1789151775,2,0,0.721,4131975
1789151775,3,0,0.044,4131975
1789151776,5,0,0.686,4131975
1789151776,6,0,0.004,4131975
1789151776,2,0,0.002,4131975
1789151776,6,0,0.004,4131975
1789151776,5,0,0.529,4131975
1789151776,6,0,0.005,4131975
1789151776,6,0,0.008,4131975
1789151777,3,0,0.034,4131975
1789151777,2,0,0.31,4131975
1789151777,4,0,0.434,4131975
1789151778,5,0,1.076,4131975
1789151778,3,0,0.147,4131975
1789151779,4,0,0.292,4131975
1789151779,0,0,0.002,4131975
1789151779,3,0,0.039,4131975
1789151780,4,0,1.002,4131975
1789151780,2,0,0.004,4131975
1789151780,1,0,0,4131975
1789151780,3,0,0.005,4131975
1789151780,4,0,0.545,4131975
1789151780,3,0,0.052,4131975
1789151781,4,0,0.832,4131975
1789151783,4,0,1.482,4131975
1789151783,2,0,0.002,4131975
1789151783,0,0,0.015,4131975
1789151783,6,0,0.006,4131975
1789151783,3,0,0.14,4131975
1789151783,0,0,0.003,4131975
1789151783,4,0,0.438,4131975
1789151784,4,0,0.27,4131975
1789151784,6,0,0.017,4131975
1789151784,4,0,0.346,4131975
1789151784,1,0,0.002,4131975
1789151784,6,0,0.007,4131975
1789151784,3,0,0.067,4131975
1789151785,4,0,0.539,4131975
1789151785,6,0,0.008,4131975
1789151785,3,0,0.018,4131975
1789151785,2,0,0.004,4131975
1789151785,0,0,0.029,4131975
1789151785,6,0,0.011,4131975
1789151785,2,0,0.002,4131975
1789151785,4,0,0.795,4131975
1789151785,6,0,0.006,4131975
1789151785,1,0,0.001,4131975
1789151785,2,0,0.002,4131975
1789151785,3,0,0.009,4131975
1789151785,3,0,0.008,4131975
1789151785,2,0,0.003,4131975
1789151786,4,0,0.517,4131975
1789151786,3,0,0.004,4131975
1789151787,4,0,0.783,4131975
1789151787,0,0,0.005,4131975
1789151787,4,0,0.339,4131975
1789151787,0,0,0.005,4131975
1789151793,5,0,5.616,4131975
1789151793,0,0,0.013,4131975
1789151793,3,0,0.124,4131975
1789151794,4,0,0.818,4131975
1789151794,3,0,0.091,4131975
1789151794,4,0,0.605,4131975
1789151794,6,0,0.062,4131975
1789151795,4,0,0.887,4131975
1789151795,0,0,0.014,4131975
1789151796,2,0,0.696,4131975
1789151796,0,0,0.003,4131975
1789151800,7,0,3.609,4131975
1789151800,1,0,0.002,4131975
1789151800,6,0,0.003,4131975
1789151800,4,0,0.68,4131975
1789151800,2,0,0.029,4131975
1789151800,1,0,0.001,4131975
1789151800,0,0,0.007,4131975
1789151800,6,0,0.019,4131975
1789151801,3,0,0.138,4131975
1789151801,4,0,0.643,4131975
1789151802,4,0,1.147,4131975
1789151802,6,0,0.006,4131975
1789151803,4,0,0.607,4131975
1789151804,2,0,0.658,4131975
1789151804,3,0,0.048,4131975
1789151807,5,0,3.824,4131975
1789151808,0,0,0.028,4131975
1789151808,4,0,0.332,4131975
1789151808,6,0,0.006,4131975
1789151809,4,0,1.22,4131975
1789151809,3,0,0.006,4131975
1789151809,6,0,0.007,4131975
1789151809,0,0,0.004,4131975
1789151809,0,0,0.004,4131975
1789151810,2,0,0.607,4131975
1789151810,3,0,0.082,4131975
1789151810,2,0,0.001,4131975
1789151811,5,0,0.87,4131975
1789151811,0,0,0.015,4131975
1789151811,4,0,0.515,4131975
1789151811,0,0,0.013,4131975
1789151812,2,0,0.982,4131975
1789151816,5,0,4.107,4131975
1789151816,3,0,0.037,4131975
1789151816,6,0,0.006,4131975
1789151816,2,0,0.002,4131975
1789151817,4,0,0.499,4131975
1789151818,4,0,0.836,4131975
1789151819,4,0,0.881,4131975
1789151819,0,0,0.011,4131975
1789151819,3,0,0.007,4131975
1789151819,3,0,0.087,4131975
1789151820,4,0,1.051,4131975
1789151820,2,0,0.693,4131975
1789151821,5,0,0.649,4131975
1789151821,3,0,0.099,4131975
1789151821,3,0,0.01,4131975
1789151821,3,0,0.065,4131975
1789151823,4,0,1.405,4131975
1789151823,4,0,0.318,4131975
1789151823,5,0,0.106,4131975
1789151824,4,0,0.473,4131975
1789151824,0,0,0.037,4131975
1789151827,5,0,3.119,4131975
1789151827,4,0,0.623,4131975
1789151828,4,0,0.329,4131975
1789151829,7,0,1.29,4131975
1789151830,4,0,0.67,4131975
1789151830,1,0,0.001,4131975
1789151830,6,0,0.009,4131975
1789151833,5,0,3.071,4131975
1789151837,5,0,3.876,4131975
1789151837,3,0,0.002,4131975
1789151837,2,0,0.705,4131975
1789151838,4,0,0.335,4131975
1789151838,4,0,0.583,4131975
1789151838,6,0,0.008,4131975
1789151838,2,0,0.002,4131975
1789151838,3,0,0.042,4131975
1789151839,4,0,0.443,4131975
1789151839,1,0,0.001,4131975
1789151839,3,0,0.094,4131975
1789151839,4,0,0.189,4131975
1789151840,2,0,0.913,4131975
1789151840,3,0,0.007,4131975
1789151840,3,0,0.003,4131975
1789151842,4,0,1.971,4131975
1789151842,0,0,0.004,4131975
1789151842,5,0,0.113,4131975
1789151842,6,0,0.007,4131975
1789151846,5,0,3.608,4131975
1789151846,3,0,0.006,4131975
1789151846,2,0,0.003,4131975
1789151846,3,0,0.028,4131975
1789151846,3,0,0.006,4131975
1789151846,0,0,0.006,4131975
1789151846,4,0,0.315,4131975
1789151846,3,0,0.036,4131975
1789151847,2,0,0.516,4131975
1789151847,6,0,0.004,4131975
1789151847,4,0,0.309,4131975
1789151847,6,0,0.009,4131975
1789151847,0,0,0.012,4131975
1789151847,4,0,0.305,4131975
1789151847,2,0,0.254,4131975
1789151848,4,0,0.581,4131975
1789151848,0,0,0.002,4131975
1789151848,3,0,0.02,4131975
1789151848,0,0,0.014,4131975
1789151848,0,0,0.008,4131975
1789151849,4,0,0.642,4131975
1789151849,0,0,0.008,4131975
1789151849,4,0,0.494,4131975
1789151850,4,0,0.938,4131975
1789151850,4,0,0.332,4131975
1789151851,4,0,0.699,4131975
1789151851,2,0,0.003,4131975
1789151851,7,0,0.212,4131975
1789151851,6,0,0.008,4131975
1789151853,2,0,1.267,4131975
1789151853,2,0,0.003,4131975
1789151853,1,0,0.002,4131975
1789151853,3,0,0.005,4131975
1789151853,6,0,0.036,4131975
1789151853,2,0,0.75,4131975
1789151858,5,0,4.613,4131975
1789151858,3,0,0.078,4131975
1789151858,0,0,0.014,4131975
1789151858,6,0,0.005,4131975
1789151859,2,0,0.628,4131975
1789151859,2,0,0.205,4131975
1789151863,5,0,3.881,4131975
1789151863,0,0,0.008,4131975
1789151863,0,0,0.005,4131975
1789151864,2,0,1.545,4131975
1789151864,3,0,0.017,4131975
1789151865,4,0,0.863,4131975
1789151865,0,0,0.016,4131975
1789151866,4,0,0.856,4131975
1789151866,1,0,0.001,4131975
1789151867,4,0,0.374,4131975
1789151867,1,0,0.002,4131975
1789151867,3,0,0.003,4131975
1789151867,5,0,0.732,4131975
1789151867,6,0,0.008,4131975
1789151868,4,0,0.774,4131975
1789151869,2,0,0.95,4131975
1789151870,2,0,0.881,4131975
1789151871,4,0,0.953,4131975
1789151871,0,0,0.004,4131975
1789151875,5,0,4.483,4131975
1789151876,4,0,0.225,4131975
1789151876,4,0,0.022,4131975
1789151876,2,0,0.01,4131975
1789151876,3,0,0.085,4131975
1789151877,4,0,0.957,4131975
1789151877,4,0,0.776,4131975
1789151878,3,0,0.157,4131975
1789151878,3,0,0.019,4131975
1789151878,2,0,0.433,4131975
1789151878,3,0,0.011,4131975
1789151878,2,0,0.003,4131975
1789151878,3,0,0.034,4131975
1789151879,4,0,0.491,4131975
1789151879,3,0,0.051,4131975
1789151879,0,0,0.007,4131975
1789151879,1,0,0.001,4131975
1789151880,4,0,0.94,4131975
1789151880,3,0,0.017,4131975
1789151880,4,0,0.285,4131975
1789151880,2,0,0.414,4131975
1789151880,0,0,0.006,4131975
1789151881,4,0,0.372,4131975
1789151881,2,0,0.001,4131975
1789151881,4,0,0.343,4131975
1789151881,3,0,0.103,4131975
1789151882,2,0,0.506,4131975
1789151882,6,0,0.011,4131975
1789151882,0,0,0.013,4131975
1789151887,5,0,5.753,4131975
1789151887,2,0,0.002,4131975
1789151887,1,0,0.001,4131975
1789151887,3,0,0.012,4131975
1789151887,3,0,0.037,4131975
1789151887,0,0,0.007,4131975
1789151887,3,0,0.002,4131975
1789151887,0,0,0.004,4131975
1789151887,6,0,0.005,4131975
1789151887,0,0,0.009,4131975
1789151888,4,0,0.681,4131975
1789151889,5,0,0.513,4131975
1789151889,5,0,0.582,4131975
1789151889,0,0,0.004,4131975
1789151889,3,0,0.006,4131975
1789151890,4,0,0.355,4131975
1789151890,7,0,0.158,4131975
1789151890,4,0,0.272,4131975
1789151890,6,0,0.007,4131975
1789151890,3,0,0.034,4131975
1789151890,0,0,0.01,4131975
1789151890,3,0,0.092,4131975
1789151890,5,0,0.138,4131975
1789151890,3,0,0.002,4131975
1789151891,4,0,0.232,4131975
1789151891,6,0,0.007,4131975
1789151891,3,0,0.009,4131975
1789151891,2,0,0.29,4131975
1789151891,1,0,0.002,4131975
1789151891,6,0,0.006,4131975
1789151891,3,0,0.034,4131975
1789151891,6,0,0.006,4131975
1789151891,3,0,0.058,4131975
1789151891,4,0,0.336,4131975
1789151892,4,0,0.406,4131975
1789151892,2,0,0.461,4131975
1789151892,3,0,0.007,4131975
1789151892,2,0,0.001,4131975
1789151892,7,0,0.284,4131975
1789151892,3,0,0.028,4131975
1789151893,5,0,0.602,4131975
1789151893,6,0,0.006,4131975
1789151893,1,0,0.001,4131975
1789151893,6,0,0.007,4131975
1789151894,4,0,0.824,4131975
1789151894,6,0,0.008,4131975
1789151894,4,0,0.27,4131975
1789151894,3,0,0.111,4131975
1789151894,2,0,0.003,4131975
1789151894,0,0,0.013,4131975
1789151895,2,0,0.523,4131975
1789151895,2,0,0.654,4131975
1789151896,0,0,0.008,4131975
1789151896,4,0,0.81,4131975
1789151896,0,0,0.004,4131975
1789151896,0,0,0.005,4131975
1789151897,2,0,1.123,4131975
1789151898,4,0,0.318,4131975
1789151898,3,0,0.002,4131975
1789151898,5,0,0.712,4131975
1789151899,0,0,0.028,4131975
1789151899,1,0,0.001,4131975
1789151899,2,0,0.008,4131975
1789151899,6,0,0.016,4131975
1789151900,4,0,1.042,4131975
1789151900,2,0,0.005,4131975
1789151900,6,0,0.009,4131975
1789151901,7,0,0.945,4131975
1789151901,3,0,0.021,4131975
1789151901,3,0,0.038,4131975
1789151901,3,0,0.02,4131975
1789151901,3,0,0.007,4131975
1789151901,3,0,0.013,4131975
1789151901,6,0,0.005,4131975
1789151901,4,0,0.657,4131975
1789151901,2,0,0.002,4131975
1789151901,6,0,0.006,4131975
1789151901,3,0,0.007,4131975
1789151902,4,0,0.455,4131975
1789151902,4,0,0.478,4131975
1789151902,6,0,0.018,4131975
1789151902,6,0,0.003,4131975
1789151902,1,0,0.003,4131975
1789151902,0,0,0.006,4131975
1789151903,4,0,0.49,4131975
1789151903,2,0,0.003,4131975
1789151903,0,0,0.01,4131975
1789151903,2,0,0.002,4131975
1789151905,4,0,1.948,4131975
1789151905,4,0,0.51,4131975
1789151906,5,0,0.725,4131975
1789151906,0,0,0.005,4131975
1789151906,6,0,0.008,4131975
1789151906,3,0,0.037,4131975
1789151906,3,0,0.007,4131975
1789151906,3,0,0.05,4131975
1789151907,5,0,0.772,4131975
1789151908,2,0,0.707,4131975
1789151908,4,0,0.634,4131975
1789151908,0,0,0.013,4131975
1789151909,4,0,0.535,4131975
1789151909,6,0,0.005,4131975
1789151909,1,0,0.002,4131975
1789151909,2,0,0.015,4131975
1789151909,3,0,0.04,4131975
1789151909,5,0,0.342,4131975
1789151909,3,0,0.063,4131975
1789151909,0,0,0.01,4131975
1789151909,2,0,0.003,4131975
1789151910,2,0,0.473,4131975
1789151910,4,0,0.446,4131975
1789151912,2,0,1.969,4131975
1789151912,3,0,0.029,4131975
1789151913,4,0,0.533,4131975
1789151913,2,0,0.002,4131975
1789151913,2,0,0.745,4131975
1789151913,0,0,0.018,4131975
1789151913,6,0,0.007,4131975
1789151913,3,0,0.006,4131975
1789151915,4,0,1.111,4131975
1789151915,4,0,0.624,4131975
1789151916,4,0,0.457,4131975
1789151916,4,0,0.857,4131975
1789151917,0,0,0.011,4131975
1789151917,2,0,0.477,4131975
1789151917,5,0,0.127,4131975
1789151917,3,0,0.063,4131975
1789151918,4,0,0.335,4131975
1789151918,4,0,0.786,4131975
1789151919,2,0,0.56,4131975
1789151922,5,0,3.473,4131975
1789151922,3,0,0.108,4131975
1789151922,2,0,0.001,4131975
1789151922,1,0,0.001,4131975
1789151922,1,0,0.001,4131975
1789151923,4,0,0.985,4131975
1789151927,5,0,3.37,4131975
1789151927,1,0,0.001,4131975
1789151930,7,0,3.497,4131975
1789151931,2,0,0.641,4131975
1789151931,1,0,0.001,4131975
1789151931,2,0,0.262,4131975
1789151932,2,0,0.865,4131975
1789151932,3,0,0.058,4131975
1789151932,3,0,0.008,4131975
1789151933,4,0,0.427,4131975
1789151934,2,0,0.956,4131975
1789151934,3,0,0.107,4131975
1789151934,4,0,0.279,4131975
1789151935,4,0,0.762,4131975
1789151935,3,0,0.228,4131975
1789151935,4,0,0.515,4131975
1789151937,4,0,1.502,4131975
1789151937,3,0,0.036,4131975
1789151937,3,0,0.072,4131975
1789151937,7,0,0.19,4131975
1789151937,3,0,0.009,4131975
1789151937,1,0,0.001,4131975
1789151938,2,0,0.949,4131975
1789151938,1,0,0.001,4131975
1789151938,0,0,0.011,4131975
1789151938,3,0,0.024,4131975
1789151939,2,0,0.392,4131975
1789151939,4,0,0.566,4131975
1789151939,2,0,0.002,4131975
1789151939,6,0,0.005,4131975
1789151939,0,0,0.017,4131975
1789151939,6,0,0.011,4131975
1789151939,0,0,0.011,4131975
1789151939,3,0,0.008,4131975
1789151939,3,0,0.008,4131975
1789151940,4,0,0.353,4131975
1789151940,6,0,0.008,4131975
1789151940,0,0,0.005,4131975
1789151940,2,0,0.863,4131975
1789151941,4,0,0.363,4131975
1789151941,6,0,0.006,4131975
1789151941,5,0,0.229,4131975
1789151942,4,0,0.927,4131975
1789151944,4,0,1.997,4131975
1789151948,7,0,3.91,4131975
1789151948,1,0,0.001,4131975
1789151948,2,0,0.444,4131975
1789151948,3,0,0.017,4131975
1789151948,0,0,0.011,4131975
1789151948,5,0,0.134,4131975
1789151948,6,0,0.007,4131975
1789151949,7,0,0.389,4131975
1789151949,6,0,0.007,4131975
1789151949,4,0,0.578,4131975
1789151950,4,0,0.265,4131975
1789151950,0,0,0.008,4131975
1789151950,5,0,0.109,4131975
1789151950,4,0,0.431,4131975
1789151951,4,0,1.205,4131975
1789151951,2,0,0.002,4131975
1789151951,0,0,0.009,4131975
1789151952,4,0,0.917,4131975
1789151953,5,0,0.791,4131975
1789151954,2,0,0.687,4131975
1789151954,4,0,0.24,4131975
1789151955,2,0,0.777,4131975
1789151955,2,0,0.009,4131975
1789151955,3,0,0.104,4131975
1789151955,2,0,0.329,4131975
1789151955,3,0,0.053,4131975
1789151955,0,0,0.006,4131975
1789151955,0,0,0.003,4131975
1789151955,2,0,0.003,4131975
1789151955,2,0,0.009,4131975
1789151956,5,0,0.157,4131975
1789151956,3,0,0.081,4131975
1789151956,4,0,0.56,4131975
1789151956,0,0,0.013,4131975
1789151956,0,0,0.007,4131975
1789151956,2,0,0.002,4131975
1789151956,6,0,0.007,4131975
1789151956,6,0,0.004,4131975
1789151957,2,0,0.399,4131975
1789151957,2,0,0.001,4131975
1789151958,4,0,1.797,4131975
1789151959,4,0,0.645,4131975
1789151959,0,0,0.011,4131975
1789151959,3,0,0.114,4131975
1789151959,4,0,0.235,4131975
1789151959,2,0,0.002,4131975
1789151960,3,0,0.037,4131975
1789151960,0,0,0.014,4131975
1789151960,6,0,0.012,4131975
1789151960,2,0,0.903,4131975
1789151960,6,0,0.005,4131975
1789151961,4,0,0.519,4131975
1789151961,2,0,0.434,4131975
1789151962,4,0,0.474,4131975
1789151962,0,0,0.003,4131975
1789151962,0,0,0.007,4131975
1789151962,2,0,0.002,4131975
1789151963,4,0,0.642,4131975
1789151963,0,0,0.012,4131975
1789151963,0,0,0.005,4131975
1789151963,2,0,0.001,4131975
1789151963,0,0,0.004,4131975
1789151966,5,0,3.852,4131975
1789151966,6,0,0.01,4131975
1789151967,5,0,0.155,4131975
1789151967,3,0,0.002,4131975
1789151967,0,0,0.021,4131975
1789151967,1,0,0.003,4131975
1789151967,1,0,0.001,4131975
1789151967,3,0,0.081,4131975
1789151968,4,0,1.294,4131975
1789151968,6,0,0.007,4131975
1789151968,4,0,0.483,4131975
1789151968,6,0,0.007,4131975
1789151968,0,0,0.015,4131975
1789151968,6,0,0.02,4131975
1789151970,5,0,1.169,4131975
1789151970,5,0,0.224,4131975
1789151970,1,0,0.001,4131975
1789151970,3,0,0.099,4131975
1789151970,2,0,0.001,4131975
1789151970,3,0,0.05,4131975
1789151974,5,0,3.915,4131975
1789151974,2,0,0.004,4131975
1789151974,3,0,0.071,4131975
1789151974,1,0,0.001,4131975
1789151974,0,0,0.006,4131975
1789151974,4,0,0.442,4131975
1789151976,4,0,1.722,4131975
1789151976,5,0,0.288,4131975
1789151977,3,0,0.121,4131975
1789151977,6,0,0.007,4131975
1789151977,0,0,0.014,4131975
1789151977,0,0,0.008,4131975
1789151977,3,0,0.181,4131975
1789151977,3,0,0.168,4131975
1789151977,4,0,0.429,4131975
1789151978,4,0,0.313,4131975
1789151978,3,0,0.089,4131975
1789151978,4,0,0.255,4131975
1789151979,2,0,0.517,4131975
1789151979,3,0,0.001,4131975
1789151980,4,0,0.939,4131975
1789151980,1,0,0.001,4131975
1789151980,6,0,0.007,4131975
1789151980,0,0,0.004,4131975
1789151980,5,0,0.115,4131975
1789151980,4,0,0.293,4131975
1789151981,5,0,0.646,4131975
1789151981,3,0,0.03,4131975
1789151981,2,0,0.471,4131975
1789151983,4,0,1.671,4131975
1789151983,4,0,0.393,4131975
1789151983,6,0,0.02,4131975
1789151984,4,0,0.453,4131975
1789151984,4,0,0.419,4131975
1789151984,3,0,0.014,4131975
1789151984,2,0,0.001,4131975
1789151984,6,0,0.007,4131975
1789151984,3,0,0.008,4131975
1789151989,5,0,4.819,4131975
1789151989,3,0,0.012,4131975
1789151989,2,0,0.533,4131975
1789151989,6,0,0.007,4131975
1789151990,2,0,0.214,4131975
1789151991,4,0,0.85,4131975
1789151991,1,0,0.001,4131975
1789151991,3,0,0.012,4131975
1789151991,6,0,0.005,4131975
1789151991,5,0,0.152,4131975
1789151991,4,0,0.316,4131975
1789151992,4,0,1.079,4131975
1789151992,0,0,0.009,4131975
1789151996,5,0,3.501,4131975
1789151996,5,0,0.649,4131975
1789151996,5,0,0.107,4131975
1789151996,0,0,0.011,4131975
1789151996,3,0,0.067,4131975
1789151996,0,0,0.006,4131975
1789151997,4,0,0.32,4131975
1789151997,3,0,0.099,4131975
1789151997,6,0,0.006,4131975
1789151998,4,0,1.014,4131975
1789152000,5,0,1.668,4131975
1789152000,0,0,0.012,4131975
1789152001,4,0,1.476,4131975
1789152001,3,0,0.012,4131975
1789152001,0,0,0.01,4131975
1789152001,4,0,0.304,4131975
1789152001,3,0,0.067,4131975
1789152002,4,0,0.587,4131975
1789152002,3,0,0.029,4131975
1789152002,4,0,0.413,4131975
1789152003,3,0,0.219,4131975
1789152003,0,0,0.01,4131975
1789152003,6,0,0.008,4131975
1789152003,1,0,0.001,4131975
1789152003,5,0,0.145,4131975
1789152003,4,0,0.278,4131975
1789152003,3,0,0.004,4131975
1789152003,0,0,0.007,4131975
1789152003,3,0,0.003,4131975
1789152003,3,0,0.09,4131975
1789152003,3,0,0.006,4131975
1789152003,3,0,0.038,4131975
1789152008,5,0,4.649,4131975
1789152008,1,0,0.001,4131975
1789152008,0,0,0.005,4131975
1789152008,1,0,0,4131975
1789152009,4,0,0.61,4131975
1789152009,4,0,0.397,4131975
1789152009,3,0,0.008,4131975
1789152009,3,0,0.006,4131975
1789152009,2,0,0.001,4131975
1789152009,3,0,0.109,4131975
1789152009,4,0,0.382,4131975
1789152009,0,0,0.011,4131975
1789152010,3,0,0.061,4131975
1789152010,1,0,0.001,4131975
1789152010,3,0,0.07,4131975
1789152010,2,0,0.001,4131975
1789152010,1,0,0.001,4131975
1789152010,4,0,0.659,4131975
1789152011,4,0,0.443,4131975
1789152011,6,0,0.003,4131975
1789152011,3,0,0.004,4131975
1789152011,3,0,0.047,4131975
1789152011,2,0,0.002,4131975
1789152011,6,0,0.007,4131975
1789152012,4,0,0.819,4131975
1789152012,6,0,0.016,4131975
1789152012,2,0,0.448,4131975
1789152012,3,0,0.037,4131975
1789152013,4,0,0.88,4131975
1789152013,4,0,0.543,4131975
1789152014,2,0,0.277,4131975
1789152014,4,0,0.566,4131975
1789152015,4,0,0.504,4131975
1789152015,6,0,0.008,4131975
1789152015,2,0,0.001,4131975
1789152015,3,0,0.045,4131975
1789152015,3,0,0.051,4131975
1789152015,6,0,0.008,4131975
1789152015,3,0,0.112,4131975
1789152015,4,0,0.305,4131975
1789152015,3,0,0.092,4131975
1789152015,2,0,0.003,4131975
1789152016,4,0,0.497,4131975
1789152020,5,0,3.867,4131975
1789152020,3,0,0.1,4131975
1789152020,0,0,0.002,4131975
1789152021,4,0,1.01,4131975
1789152021,3,0,0.017,4131975
1789152021,5,0,0.15,4131975
1789152021,0,0,0.005,4131975
1789152021,3,0,0.023,4131975
1789152021,5,0,0.117,4131975
1789152021,3,0,0.065,4131975
1789152022,4,0,0.478,4131975
1789152022,0,0,0.008,4131975
1789152022,1,0,0.001,4131975
1789152022,0,0,0.007,4131975
1789152022,0,0,0.019,4131975
1789152022,5,0,0.129,4131975
1789152026,5,0,4.136,4131975
1789152026,2,0,0.003,4131975
1789152026,3,0,0.009,4131975
1789152026,0,0,0.015,4131975
1789152026,0,0,0.008,4131975
1789152026,2,0,0.003,4131975
1789152026,0,0,0.015,4131975
1789152026,3,0,0.017,4131975
1789152026,3,0,0.01,4131975
1789152026,3,0,0.025,4131975
1789152030,5,0,3.568,4131975
1789152030,0,0,0.01,4131975
1789152030,4,0,0.648,4131975
1789152030,3,0,0.053,4131975
1789152036,5,0,5.452,4131975
1789152036,2,0,0.395,4131975
1789152037,4,0,0.299,4131975
1789152037,1,0,0.002,4131975
1789152037,6,0,0.008,4131975
1789152037,7,0,0.559,4131975
1789152037,3,0,0.058,4131975
1789152037,0,0,0.009,4131975
1789152037,0,0,0.006,4131975
1789152037,0,0,0.004,4131975
1789152037,3,0,0.084,4131975
1789152038,4,0,0.925,4131975
1789152038,2,0,0.001,4131975
1789152038,3,0,0.168,4131975
1789152038,6,0,0.007,4131975
1789152039,4,0,0.317,4131975
1789152040,4,0,0.889,4131975
1789152040,2,0,0.001,4131975
1789152040,4,0,0.782,4131975
1789152041,3,0,0.105,4131975
1789152042,5,0,1.746,4131975
1789152042,6,0,0.006,4131975
1789152042,6,0,0.005,4131975
1789152042,6,0,0.004,4131975
1789152042,3,0,0.045,4131975
1789152042,1,0,0.001,4131975
1789152043,5,0,0.277,4131975
1789152043,2,0,0.744,4131975
1789152044,2,0,0.641,4131975
1789152044,3,0,0.047,4131975
1789152045,4,0,0.457,4131975
1789152046,4,0,0.987,4131975
1789152046,0,0,0.007,4131975
1789152046,0,0,0.037,4131975
1789152046,4,0,0.621,4131975
1789152046,3,0,0.037,4131975
1789152046,2,0,0,4131975
1789152047,4,0,0.42,4131975
1789152047,3,0,0.018,4131975
1789152047,3,0,0.114,4131975
1789152047,2,0,0.465,4131975
1789152047,1,0,0.001,4131975
1789152047,0,0,0.009,4131975
1789152047,2,0,0.002,4131975
1789152048,5,0,0.649,4131975
1789152048,6,0,0.012,4131975
1789152048,0,0,0.008,4131975
1789152048,6,0,0.016,4131975
1789152048,3,0,0.016,4131975
1789152048,1,0,0.001,4131975
1789152049,2,0,0.997,4131975
1789152049,5,0,0.289,4131975
1789152049,3,0,0.009,4131975
1789152054,5,0,5.23,4131975
1789152054,2,0,0.006,4131975
1789152055,2,0,0.205,4131975
1789152055,0,0,0.006,4131975
1789152055,6,0,0.007,4131975
1789152055,7,0,0.17,4131975
1789152055,3,0,0.005,4131975
1789152055,0,0,0.004,4131975
1789152055,0,0,0.008,4131975
1789152055,0,0,0.003,4131975
1789152055,0,0,0.004,4131975
1789152055,0,0,0.005,4131975
1789152055,1,0,0.001,4131975
1789152055,2,0,0.494,4131975
1789152055,0,0,0.009,4131975
1789152059,5,0,3.433,4131975
1789152059,2,0,0.639,4131975
1789152059,6,0,0.007,4131975
1789152059,2,0,0.001,4131975
1789152059,6,0,0.007,4131975
1789152060,2,0,0.543,4131975
1789152060,2,0,0.011,4131975
1789152061,2,0,0.698,4131975
1789152061,5,0,0.701,4131975
1789152062,4,0,0.317,4131975
1789152062,3,0,0.002,4131975
1789152062,1,0,0.002,4131975
1789152062,3,0,0.059,4131975
1789152062,5,0,0.412,4131975
1789152063,4,0,0.314,4131975
1789152063,6,0,0.006,4131975
1789152063,7,0,0.218,4131975
1789152063,6,0,0.005,4131975
1789152064,4,0,1.061,4131975
1789152064,3,0,0.022,4131975
1789152064,2,0,0.002,4131975
1789152064,6,0,0.025,4131975
1789152064,4,0,0.43,4131975
1789152064,0,0,0.006,4131975
1789152064,0,0,0.006,4131975
1789152064,3,0,0.055,4131975
1789152064,3,0,0.053,4131975
1789152064,6,0,0.007,4131975
1789152065,3,0,0.072,4131975
1789152068,5,0,3.767,4131975
1789152068,3,0,0.178,4131975
1789152068,3,0,0.023,4131975
1789152069,0,0,0.025,4131975
1789152069,1,0,0.001,4131975
1789152069,2,0,0.007,4131975
1789152069,6,0,0.011,4131975
1789152069,3,0,0.004,4131975
1789152069,0,0,0.003,4131975
1789152069,0,0,0.004,4131975
1789152069,5,0,0.395,4131975
1789152069,3,0,0.156,4131975
1789152069,2,0,0.003,4131975
1789152069,0,0,0.014,4131975
1789152070,4,0,0.676,4131975
1789152070,6,0,0.005,4131975
1789152070,4,0,0.646,4131975
1789152070,0,0,0.006,4131975
1789152070,6,0,0.009,4131975
1789152070,3,0,0.029,4131975
1789152070,2,0,0.003,4131975
1789152071,2,0,0.323,4131975
1789152071,5,0,0.096,4131975
1789152071,0,0,0.008,4131975
1789152071,0,0,0.004,4131975
1789152072,4,0,0.928,4131975
1789152072,1,0,0.001,4131975
1789152073,4,0,0.748,4131975
1789152073,6,0,0.004,4131975
1789152073,2,0,0.638,4131975
1789152073,6,0,0.003,4131975
1789152074,4,0,0.874,4131975
1789152075,5,0,0.452,4131975
1789152075,2,0,0.356,4131975
1789152075,0,0,0.011,4131975
1789152075,0,0,0.007,4131975
1789152075,2,0,0.512,4131975
1789152075,0,0,0.01,4131975
1789152075,2,0,0.002,4131975
1789152075,1,0,0.001,4131975
1789152076,2,0,0.678,4131975
1789152076,6,0,0.015,4131975
1789152076,0,0,0.006,4131975
1789152076,3,0,0.074,4131975
1789152079,5,0,3.255,4131975
1789152080,4,0,0.563,4131975
1789152081,2,0,0.716,4131975
1789152081,6,0,0.015,4131975
1789152081,4,0,0.376,4131975
1789152081,0,0,0.007,4131975
1789152082,4,0,0.637,4131975
1789152082,3,0,0.005,4131975
1789152082,4,0,0.666,4131975
1789152083,4,0,0.493,4131975
1789152083,0,0,0.005,4131975
1789152083,4,0,0.296,4131975
1789152084,4,0,0.678,4131975
1789152085,4,0,0.876,4131975
1789152085,3,0,0.006,4131975
1789152086,5,0,0.771,4131975
1789152086,3,0,0.022,4131975
1789152086,2,0,0.396,4131975
1789152086,3,0,0.044,4131975
1789152086,1,0,0.002,4131975
1789152086,4,0,0.267,4131975
1789152086,3,0,0.034,4131975
1789152087,2,0,0.672,4131975
1789152087,3,0,0.122,4131975
1789152087,0,0,0.018,4131975
1789152087,3,0,0.057,4131975
1789152087,0,0,0.007,4131975
1789152088,4,0,0.509,4131975
1789152088,4,0,0.396,4131975
1789152088,2,0,0.002,4131975
1789152089,4,0,0.86,4131975
1789152089,4,0,0.389,4131975
1789152090,2,0,0.356,4131975
1789152090,2,0,0.736,4131975
1789152091,3,0,0.04,4131975
1789152091,4,0,0.855,4131975
1789152091,3,0,0.052,4131975
1789152091,6,0,0.005,4131975
1789152091,2,0,0.003,4131975
1789152091,2,0,0,4131975
1789152091,3,0,0.014,4131975
1789152092,3,0,0.154,4131975
1789152092,0,0,0.028,4131975
1789152092,0,0,0.008,4131975
1789152092,0,0,0.004,4131975
1789152092,3,0,0.079,4131975
1789152093,4,0,1.364,4131975
1789152093,3,0,0.108,4131975
1789152093,3,0,0.103,4131975
1789152097,5,0,4.131,4131975
1789152098,2,0,0.251,4131975
1789152098,0,0,0.004,4131975
1789152098,2,0,0.257,4131975
1789152099,5,0,0.564,4131975
1789152099,3,0,0.098,4131975
1789152099,4,0,0.7,4131975
1789152100,7,0,0.503,4131975
1789152100,3,0,0.05,4131975
1789152100,3,0,0.101,4131975
1789152100,6,0,0.004,4131975
1789152100,5,0,0.509,4131975
1789152101,4,0,0.458,4131975
1789152102,4,0,0.555,4131975
1789152102,1,0,0.002,4131975
1789152102,2,0,0.001,4131975
1789152102,3,0,0.003,4131975
1789152102,0,0,0.012,4131975
1789152102,2,0,0.002,4131975
1789152102,4,0,0.752,4131975
1789152102,3,0,0.081,4131975
1789152103,5,0,0.739,4131975
1789152104,4,0,0.586,4131975
1789152104,4,0,0.425,4131975
1789152104,0,0,0.008,4131975
1789152105,4,0,0.954,4131975
1789152105,0,0,0.011,4131975
1789152105,3,0,0.002,4131975
1789152105,3,0,0.007,4131975
1789152105,4,0,0.32,4131975
1789152106,4,0,0.442,4131975
1789152106,0,0,0.005,4131975
1789152106,6,0,0.007,4131975
1789152106,3,0,0.061,4131975
1789152106,2,0,0.002,4131975
1789152106,5,0,0.316,4131975
1789152107,2,0,0.41,4131975
1789152107,2,0,0.003,4131975
1789152107,0,0,0.011,4131975
1789152107,4,0,0.311,4131975
1789152107,3,0,0.034,4131975
1789152107,0,0,0.005,4131975
1789152107,0,0,0.007,4131975
1789152107,6,0,0.004,4131975
1789152107,4,0,0.248,4131975
1789152107,0,0,0.007,4131975
1789152108,4,0,0.861,4131975
1789152108,2,0,0.004,4131975
1789152109,2,0,0.65,4131975
1789152109,0,0,0.005,4131975
1789152109,3,0,0.004,4131975
1789152109,4,0,0.313,4131975
1789152110,4,0,1.01,4131975
1789152110,4,0,0.331,4131975
1789152112,4,0,1.398,4131975
1789152112,3,0,0.036,4131975
1789152112,3,0,0.013,4131975
1789152112,2,0,0.001,4131975
1789152112,5,0,0.306,4131975
1789152112,6,0,0.011,4131975
1789152113,2,0,0.372,4131975
1789152114,4,0,1.039,4131975
1789152114,6,0,0.015,4131975
1789152114,4,0,0.299,4131975
1789152114,0,0,0.011,4131975
1789152114,1,0,0.001,4131975
1789152114,1,0,0.001,4131975
1789152114,6,0,0.012,4131975
1789152114,3,0,0.031,4131975
1789152115,4,0,0.573,4131975
1789152115,3,0,0.106,4131975
1789152115,3,0,0.046,4131975
1789152116,2,0,1.204,4131975
1789152117,2,0,0.7,4131975
1789152117,6,0,0.005,4131975
1789152118,4,0,1.129,4131975
1789152118,0,0,0.007,4131975
1789152118,6,0,0.008,4131975
1789152118,6,0,0.01,4131975
1789152119,4,0,1.466,4131975
1789152120,2,0,0.338,4131975
1789152120,1,0,0.002,4131975
1789152120,2,0,0.002,4131975
1789152120,2,0,0.692,4131975
1789152120,1,0,0.002,4131975
1789152121,5,0,0.376,4131975
1789152121,6,0,0.004,4131975
1789152121,4,0,0.215,4131975
1789152121,3,0,0.094,4131975
1789152121,0,0,0.007,4131975
1789152121,6,0,0.012,4131975
1789152121,2,0,0.002,4131975
1789152126,7,0,5.293,4131975
1789152126,3,0,0.009,4131975
1789152127,2,0,0.514,4131975
1789152127,6,0,0.006,4131975
1789152127,3,0,0.004,4131975
1789152127,2,0,0.001,4131975
1789152127,6,0,0.007,4131975
1789152127,3,0,0.005,4131975
1789152127,2,0,0.002,4131975
1789152127,2,0,0.601,4131975
1789152127,3,0,0.041,4131975
1789152128,2,0,0.572,4131975
1789152128,2,0,0.003,4131975
1789152129,4,0,0.548,4131975
1789152129,4,0,0.589,4131975
1789152129,2,0,0.001,4131975
1789152129,1,0,0.001,4131975
1789152129,2,0,0.003,4131975
1789152129,0,0,0.004,4131975
1789152129,0,0,0.004,4131975
1789152130,4,0,0.304,4131975
1789152130,0,0,0.009,4131975
1789152130,6,0,0.012,4131975
1789152130,0,0,0.004,4131975
1789152130,0,0,0.007,4131975
1789152130,6,0,0.006,4131975
1789152130,2,0,0.421,4131975
1789152131,4,0,0.893,4131975
1789152132,5,0,0.957,4131975
1789152132,3,0,0.005,4131975
1789152132,4,0,0.449,4131975
1789152132,3,0,0.04,4131975
1789152132,3,0,0.155,4131975
1789152133,3,0,0.123,4131975
1789152133,3,0,0.011,4131975
1789152133,0,0,0.005,4131975
1789152133,3,0,0.029,4131975
1789152133,6,0,0.006,4131975
1789152133,1,0,0.001,4131975
1789152133,0,0,0.003,4131975
1789152133,2,0,0.004,4131975
1789152134,4,0,0.984,4131975
1789152134,1,0,0.002,4131975
1789152134,4,0,0.695,4131975
1789152134,6,0,0.007,4131975
1789152135,4,0,0.589,4131975
1789152135,4,0,0.346,4131975
1789152136,4,0,0.294,4131975
1789152137,4,0,1.236,4131975
1789152137,0,0,0.008,4131975
1789152137,0,0,0.005,4131975
1789152137,0,0,0.008,4131975
1789152137,2,0,0.002,4131975
1789152137,6,0,0.007,4131975
1789152137,2,0,0.01,4131975
1789152138,4,0,0.801,4131975
1789152138,6,0,0.007,4131975
1789152138,3,0,0.047,4131975
1789152142,7,0,4.762,4131975
1789152142,6,0,0.008,4131975
1789152143,2,0,0.829,4131975
1789152144,5,0,0.895,4131975
1789152145,5,0,1.174,4131975
1789152145,6,0,0.007,4131975
1789152145,6,0,0.009,4131975
1789152145,3,0,0.044,4131975
1789152145,1,0,0.002,4131975
1789152145,1,0,0.001,4131975
1789152146,2,0,0.542,4131975
1789152146,3,0,0.009,4131975
1789152146,5,0,0.127,4131975
1789152146,6,0,0.004,4131975
1789152146,3,0,0.081,4131975
1789152147,4,0,0.665,4131975
1789152147,6,0,0.024,4131975
1789152147,0,0,0.008,4131975
1789152147,3,0,0.003,4131975
1789152147,3,0,0.009,4131975
1789152147,6,0,0.004,4131975
1789152151,5,0,3.695,4131975
1789152153,4,0,1.959,4131975
1789152153,3,0,0.002,4131975
1789152153,4,0,0.763,4131975
1789152153,1,0,0.001,4131975
1789152153,3,0,0.115,4131975
1789152154,3,0,0.249,4131975
1789152154,2,0,0.137,4131975
1789152154,1,0,0.001,4131975
1789152154,1,0,0.001,4131975
1789152154,6,0,0.007,4131975
1789152154,3,0,0.061,4131975
1789152154,2,0,0.006,4131975
1789152155,5,0,0.982,4131975
1789152155,6,0,0.005,4131975
1789152155,4,0,0.284,4131975
1789152155,0,0,0.004,4131975
1789152155,0,0,0.005,4131975
1789152159,5,0,4.183,4131975
1789152159,2,0,0.003,4131975
1789152160,4,0,0.411,4131975
1789152160,7,0,0.299,4131975
1789152160,3,0,0.016,4131975
1789152160,7,0,0.259,4131975
1789152160,1,0,0.001,4131975
1789152160,0,0,0.018,4131975
1789152161,4,0,0.7,4131975
1789152162,4,0,0.446,4131975
1789152162,4,0,0.313,4131975
1789152162,2,0,0.252,4131975
1789152163,4,0,0.598,4131975
1789152163,5,0,0.199,4131975
1789152164,4,0,0.801,4131975
1789152164,0,0,0.004,4131975
1789152164,4,0,0.468,4131975
1789152165,7,0,0.637,4131975
1789152165,0,0,0.011,4131975
1789152165,6,0,0.008,4131975
1789152165,0,0,0.004,4131975
1789152165,2,0,0.001,4131975
1789152165,0,0,0.014,4131975
1789152166,4,0,0.748,4131975
1789152166,0,0,0.033,4131975
1789152166,7,0,0.281,4131975
1789152166,4,0,0.375,4131975
1789152166,2,0,0.003,4131975
1789152166,5,0,0.119,4131975
1789152166,3,0,0.008,4131975
1789152166,0,0,0.009,4131975
1789152167,4,0,0.648,4131975
1789152167,3,0,0.123,4131975
1789152168,4,0,0.726,4131975
1789152170,4,0,1.734,4131975
1789152170,2,0,0.546,4131975
1789152171,4,0,0.994,4131975
1789152172,4,0,0.64,4131975
1789152172,6,0,0.005,4131975
1789152172,1,0,0.001,4131975
1789152172,3,0,0.066,4131975
1789152172,3,0,0.062,4131975
1789152172,4,0,0.503,4131975
1789152174,7,0,1.993,4131975
1789152174,3,0,0.022,4131975
1789152175,5,0,0.576,4131975
1789152176,4,0,0.792,4131975
1789152176,0,0,0.009,4131975
1789152176,3,0,0.065,4131975
1789152176,3,0,0.03,4131975
1789152176,1,0,0.002,4131975
1789152176,3,0,0.022,4131975
1789152176,0,0,0.004,4131975
1789152176,3,0,0.007,4131975
1789152179,5,0,2.819,4131975
1789152179,0,0,0.003,4131975
1789152179,3,0,0.095,4131975
1789152180,2,0,1.014,4131975
1789152181,5,0,1.468,4131975
1789152182,2,0,0.375,4131975
1789152183,4,0,1.059,4131975
1789152183,3,0,0.002,4131975
1789152187,5,0,4.132,4131975
1789152188,4,0,1.126,4131975
1789152189,4,0,0.768,4131975
1789152194,5,0,4.94,4131975
1789152194,2,0,0.633,4131975
1789152195,4,0,0.493,4131975
1789152195,4,0,0.391,4131975
1789152196,4,0,0.343,4131975
1789152196,4,0,0.725,4131975
1789152197,2,0,0.245,4131975
1789152197,3,0,0.002,4131975
1789152197,3,0,0.005,4131975
1789152197,2,0,0.002,4131975
1789152197,1,0,0.001,4131975
1789152197,2,0,0.001,4131975
1789152197,2,0,0.405,4131975
1789152197,5,0,0.129,4131975
1789152197,3,0,0.089,4131975
1789152197,3,0,0.033,4131975
1789152197,0,0,0.016,4131975
1789152197,3,0,0.005,4131975
1789152197,3,0,0.043,4131975
1789152197,3,0,0.073,4131975
1789152198,4,0,0.365,4131975
1789152199,4,0,0.834,4131975
1789152199,2,0,0.004,4131975
1789152199,3,0,0.076,4131975
1789152199,4,0,0.785,4131975
1789152205,7,0,5.589,4131975
1789152205,3,0,0.168,4131975
1789152206,2,0,0.454,4131975
1789152207,4,0,0.906,4131975
1789152207,1,0,0.002,4131975
1789152207,3,0,0.052,4131975
1789152207,4,0,0.54,4131975
1789152208,4,0,0.673,4131975
1789152209,5,0,1.156,4131975
1789152209,4,0,0.43,4131975
1789152209,3,0,0.028,4131975
1789152210,3,0,0.068,4131975
1789152210,0,0,0.017,4131975
1789152210,3,0,0.105,4131975
1789152210,3,0,0.076,4131975
1789152211,4,0,0.748,4131975
1789152211,3,0,0.008,4131975
1789152211,4,0,0.583,4131975
1789152211,2,0,0.008,4131975
1789152211,7,0,0.207,4131975
1789152211,6,0,0.006,4131975
1789152212,4,0,0.537,4131975
1789152216,5,0,3.972,4131975
1789152216,4,0,0.354,4131975
1789152216,2,0,0.001,4131975
1789152216,1,0,0.001,4131975
1789152216,6,0,0.007,4131975
1789152216,0,0,0.006,4131975
1789152219,5,0,3.295,4131975
1789152220,5,0,0.099,4131975
1789152220,3,0,0.074,4131975
1789152220,6,0,0.006,4131975
1789152220,3,0,0.065,4131975
1789152220,3,0,0.032,4131975
1789152220,0,0,0.008,4131975
1789152220,6,0,0.007,4131975
1789152220,6,0,0.011,4131975
1789152220,6,0,0.005,4131975
1789152220,1,0,0.001,4131975
1789152220,6,0,0.007,4131975
1789152220,0,0,0.01,4131975
1789152221,2,0,1.298,4131975
1789152221,6,0,0.021,4131975
1789152221,0,0,0.004,4131975
1789152225,5,0,3.945,4131975
1789152225,1,0,0.002,4131975
1789152225,6,0,0.004,4131975
1789152225,2,0,0.312,4131975
1789152226,4,0,0.45,4131975
1789152226,2,0,0.462,4131975
1789152230,5,0,3.864,4131975
1789152230,3,0,0.009,4131975
1789152230,6,0,0.021,4131975
1789152231,2,0,0.437,4131975
1789152231,0,0,0.009,4131975
1789152231,4,0,0.333,4131975
1789152232,4,0,0.606,4131975
1789152235,5,0,2.935,4131975
1789152235,0,0,0.007,4131975
1789152235,4,0,0.341,4131975
1789152235,5,0,0.368,4131975
1789152235,2,0,0.005,4131975
1789152235,0,0,0.011,4131975
1789152235,6,0,0.005,4131975
1789152237,2,0,1.25,4131975
1789152237,0,0,0.02,4131975
1789152237,1,0,0.001,4131975
1789152237,1,0,0.001,4131975
1789152237,3,0,0.005,4131975
1789152237,2,0,0.002,4131975
1789152237,3,0,0.046,4131975
1789152237,2,0,0.002,4131975
1789152237,5,0,0.547,4131975
1789152237,0,0,0.045,4131975
1789152237,6,0,0.009,4131975
1789152237,6,0,0.006,4131975
1789152237,3,0,0.076,4131975
1789152240,4,0,2.42,4131975
1789152242,5,0,1.898,4131975
1789152242,4,0,0.482,4131975
1789152242,3,0,0.005,4131975
1789152246,5,0,3.933,4131975
1789152246,3,0,0.031,4131975
1789152246,4,0,0.378,4131975
1789152247,4,0,0.57,4131975
1789152247,4,0,0.224,4131975
1789152247,3,0,0.109,4131975
1789152248,4,0,0.659,4131975
1789152248,5,0,0.101,4131975
1789152248,6,0,0.007,4131975
1789152249,4,0,0.587,4131975
1789152253,5,0,4.589,4131975
1789152253,0,0,0.018,4131975
1789152253,3,0,0.115,4131975
1789152253,0,0,0.007,4131975
1789152254,4,0,0.339,4131975
1789152254,3,0,0.066,4131975
1789152254,5,0,0.125,4131975
1789152255,4,0,1.18,4131975
1789152256,5,0,1.139,4131975
1789152257,2,0,0.796,4131975
1789152257,6,0,0.006,4131975
1789152257,0,0,0.011,4131975
1789152257,3,0,0.102,4131975
1789152257,6,0,0.006,4131975
1789152257,3,0,0.004,4131975
1789152257,4,0,0.28,4131975
1789152258,3,0,0.093,4131975
1789152258,0,0,0.016,4131975
1789152258,2,0,0.001,4131975
1789152260,4,0,1.992,4131975
1789152260,3,0,0.046,4131975
1789152260,7,0,0.207,4131975
1789152260,1,0,0.001,4131975
1789152260,4,0,0.293,4131975
1789152260,2,0,0.002,4131975
1789152260,6,0,0.003,4131975
1789152260,0,0,0.004,4131975
1789152260,6,0,0.008,4131975
1789152260,6,0,0.004,4131975
1789152260,3,0,0.029,4131975
1789152260,1,0,0.001,4131975
1789152260,3,0,0.006,4131975
1789152261,4,0,0.341,4131975
1789152261,4,0,0.534,4131975
1789152262,4,0,0.792,4131975
1789152262,3,0,0.064,4131975
1789152262,4,0,0.286,4131975
1789152263,2,0,0.584,4131975
1789152264,2,0,0.763,4131975
1789152264,1,0,0.002,4131975
1789152265,4,0,1.106,4131975
1789152265,0,0,0.009,4131975
1789152265,0,0,0.009,4131975
1789152265,7,0,0.221,4131975
1789152265,3,0,0.083,4131975
1789152266,2,0,0.65,4131975
1789152266,4,0,0.331,4131975
1789152266,4,0,0.479,4131975
1789152268,4,0,1.155,4131975
1789152268,4,0,0.165,4131975
1789152268,0,0,0.003,4131975
1789152268,1,0,0.002,4131975
1789152268,3,0,0.09,4131975
1789152269,4,0,0.694,4131975
1789152269,4,0,0.313,4131975
1789152269,3,0,0.077,4131975
1789152269,6,0,0.007,4131975
1789152269,2,0,0.437,4131975
1789152269,0,0,0.011,4131975
1789152270,4,0,0.795,4131975
1789152270,0,0,0.005,4131975
1789152270,2,0,0.002,4131975
1789152270,3,0,0.069,4131975
1789152270,3,0,0.092,4131975
1789152271,4,0,1.143,4131975
1789152272,3,0,0.002,4131975
1789152272,6,0,0.007,4131975
1789152272,3,0,0.016,4131975
1789152272,4,0,0.405,4131975
1789152272,6,0,0.009,4131975
1789152272,0,0,0.007,4131975
1789152272,3,0,0.015,4131975
1789152273,4,0,0.64,4131975
1789152273,6,0,0.008,4131975
1789152273,5,0,0.179,4131975
1789152273,1,0,0.001,4131975
1789152275,5,0,2.152,4131975
1789152275,2,0,0.002,4131975
1789152275,1,0,0.001,4131975
1789152275,5,0,0.153,4131975
1789152275,0,0,0.004,4131975
1789152275,3,0,0.059,4131975
1789152276,5,0,0.616,4131975
1789152276,2,0,0.278,4131975
1789152276,6,0,0.019,4131975
1789152277,2,0,0.732,4131975
1789152277,4,0,0.316,4131975
1789152277,3,0,0.031,4131975
1789152277,6,0,0.007,4131975
1789152277,6,0,0.007,4131975
1789152277,3,0,0.106,4131975
1789152278,2,0,0.342,4131975
1789152278,4,0,0.569,4131975
1789152278,0,0,0.005,4131975
1789152281,5,0,3.299,4131975
1789152282,3,0,0.082,4131975
1789152282,2,0,0.72,4131975
1789152282,3,0,0.01,4131975
1789152282,0,0,0.004,4131975
1789152282,3,0,0.073,4131975
1789152282,0,0,0.005,4131975
1789152283,5,0,0.304,4131975
1789152283,4,0,0.476,4131975
1789152283,3,0,0.007,4131975
1789152283,3,0,0.026,4131975
1789152284,5,0,0.644,4131975
1789152284,1,0,0.001,4131975
1789152285,5,0,1.116,4131975
1789152285,4,0,0.274,4131975
1789152285,6,0,0.005,4131975
1789152285,1,0,0.001,4131975
1789152287,4,0,1.546,4131975
1789152287,3,0,0.268,4131975
1789152287,0,0,0.004,4131975
1789152292,5,0,4.823,4131975
1789152292,3,0,0.092,4131975
1789152292,5,0,0.462,4131975
1789152292,3,0,0.002,4131975
1789152292,6,0,0.009,4131975
1789152292,0,0,0.006,4131975
1789152292,3,0,0.004,4131975
1789152293,4,0,0.33,4131975
1789152293,2,0,0.001,4131975
1789152293,0,0,0.004,4131975
1789152293,0,0,0.003,4131975
1789152293,3,0,0.007,4131975
1789152299,7,0,5.984,4131975
1789152300,4,0,1.165,4131975
1789152300,4,0,0.44,4131975
1789152300,2,0,0.002,4131975
1789152301,5,0,0.765,4131975
1789152301,3,0,0.007,4131975
1789152301,6,0,0.006,4131975
1789152301,2,0,0.001,4131975
1789152304,5,0,2.558,4131975
1789152304,1,0,0.001,4131975
1789152305,4,0,0.993,4131975
1789152305,0,0,0.012,4131975
1789152305,0,0,0.017,4131975
1789152305,2,0,0.609,4131975
1789152305,0,0,0.018,4131975
1789152309,5,0,3.689,4131975
1789152310,5,0,1.402,4131975
1789152311,4,0,0.686,4131975
1789152312,2,0,0.566,4131975
1789152312,0,0,0.005,4131975
1789152312,5,0,0.673,4131975
1789152312,0,0,0.003,4131975
1789152312,3,0,0.003,4131975
1789152312,0,0,0.012,4131975
1789152312,2,0,0.003,4131975
1789152313,2,0,0.985,4131975
1789152313,6,0,0.005,4131975
1789152313,3,0,0.051,4131975
1789152314,4,0,0.545,4131975
1789152314,6,0,0.006,4131975
1789152314,2,0,0.373,4131975
1789152315,4,0,0.838,4131975
1789152315,1,0,0.001,4131975
1789152316,4,0,1.19,4131975
1789152317,2,0,0.856,4131975
1789152317,0,0,0.014,4131975
1789152317,2,0,0.005,4131975
1789152317,3,0,0.064,4131975
1789152317,0,0,0.004,4131975
1789152318,4,0,0.486,4131975
1789152318,6,0,0.007,4131975
1789152321,5,0,3.396,4131975
1789152321,2,0,0.004,4131975
1789152321,5,0,0.127,4131975
1789152321,6,0,0.01,4131975
1789152322,4,0,0.945,4131975
1789152323,4,0,0.537,4131975
1789152323,1,0,0.002,4131975
1789152323,7,0,0.42,4131975
1789152323,0,0,0.011,4131975
1789152324,4,0,1.052,4131975
1789152325,7,0,0.163,4131975
1789152326,4,0,1.277,4131975
1789152326,3,0,0.062,4131975
1789152326,3,0,0.03,4131975
1789152326,0,0,0.006,4131975
1789152326,0,0,0.004,4131975
1789152327,4,0,0.965,4131975
1789152327,5,0,0.17,4131975
1789152327,3,0,0.005,4131975
1789152328,4,0,0.782,4131975
1789152328,2,0,0.002,4131975
1789152328,4,0,0.216,4131975
1789152328,6,0,0.009,4131975
1789152328,6,0,0.006,4131975
1789152330,4,0,1.47,4131975
1789152331,2,0,1.169,4131975
1789152331,3,0,0.03,4131975
1789152331,1,0,0.001,4131975
1789152331,4,0,0.186,4131975
1789152331,3,0,0.085,4131975
1789152331,3,0,0.046,4131975
1789152334,5,0,3.174,4131975
1789152334,2,0,0.002,4131975
1789152334,6,0,0.009,4131975
1789152334,1,0,0.001,4131975
1789152334,3,0,0.064,4131975
1789152334,6,0,0.007,4131975
1789152334,6,0,0.007,4131975
1789152334,0,0,0.006,4131975
1789152334,3,0,0.018,4131975
1789152334,0,0,0.004,4131975
1789152334,6,0,0.007,4131975
1789152334,0,0,0.003,4131975
1789152334,0,0,0.004,4131975
1789152334,4,0,0.139,4131975
1789152339,5,0,4.801,4131975
1789152339,3,0,0.069,4131975
1789152340,5,0,0.465,4131975
1789152340,3,0,0.144,4131975
1789152340,0,0,0.01,4131975
1789152340,0,0,0.01,4131975
1789152340,6,0,0.021,4131975
1789152340,0,0,0.008,4131975
1789152345,5,0,5.028,4131975
1789152345,4,0,0.406,4131975
1789152346,3,0,0.073,4131975
1789152347,4,0,1.377,4131975
1789152347,3,0,0.015,4131975
1789152347,0,0,0.01,4131975
1789152347,3,0,0.007,4131975
1789152347,2,0,0.506,4131975
1789152349,2,0,1.293,4131975
1789152349,3,0,0.02,4131975
1789152349,2,0,0.002,4131975
1789152349,6,0,0.003,4131975
1789152349,3,0,0.034,4131975
1789152350,4,0,1.116,4131975
1789152350,0,0,0.007,4131975
1789152350,6,0,0.006,4131975
1789152350,4,0,0.489,4131975
1789152350,2,0,0.002,4131975
1789152351,5,0,0.116,4131975
1789152351,4,0,0.726,4131975
1789152351,2,0,0.001,4131975
1789152351,3,0,0.108,4131975
1789152352,4,0,0.604,4131975
1789152352,4,0,0.351,4131975
1789152352,5,0,0.098,4131975
1789152352,3,0,0.042,4131975
1789152353,3,0,0.034,4131975
1789152353,1,0,0.001,4131975
1789152353,0,0,0.008,4131975
1789152353,2,0,0.225,4131975
1789152353,3,0,0.141,4131975
1789152353,2,0,0.278,4131975
1789152354,4,0,0.541,4131975
1789152355,4,0,1.045,4131975
1789152355,0,0,0.003,4131975
1789152358,5,0,3.256,4131975
1789152358,0,0,0.005,4131975
1789152358,0,0,0.012,4131975
1789152358,3,0,0.076,4131975
1789152358,4,0,0.268,4131975
1789152358,1,0,0.001,4131975
1789152358,2,0,0.001,4131975
1789152358,1,0,0.001,4131975
1789152358,0,0,0.005,4131975
1789152358,3,0,0.034,4131975
1789152359,4,0,0.546,4131975
1789152359,0,0,0.005,4131975
1789152359,0,0,0.008,4131975
1789152359,4,0,0.498,4131975
1789152360,3,0,0.04,4131975
1789152360,0,0,0.01,4131975
1789152360,5,0,0.468,4131975
1789152360,3,0,0.027,4131975
1789152361,2,0,0.584,4131975
1789152361,4,0,0.434,4131975
1789152361,3,0,0.017,4131975
1789152361,3,0,0.055,4131975
1789152361,0,0,0.014,4131975
1789152361,0,0,0.02,4131975
1789152362,4,0,1.158,4131975
1789152362,0,0,0.005,4131975
1789152362,3,0,0.051,4131975
1789152362,0,0,0.014,4131975
1789152362,3,0,0.116,4131975
1789152362,1,0,0.001,4131975
1789152363,4,0,0.755,4131975
1789152363,1,0,0.002,4131975
1789152364,4,0,0.463,4131975
1789152364,3,0,0.04,4131975
1789152364,0,0,0.01,4131975
1789152364,4,0,0.192,4131975
1789152364,2,0,0.002,4131975
1789152364,2,0,0.23,4131975
1789152365,4,0,0.998,4131975
1789152365,6,0,0.012,4131975
1789152365,3,0,0.045,4131975
1789152365,3,0,0.009,4131975
1789152365,3,0,0.055,4131975
1789152366,4,0,0.357,4131975
1789152367,4,0,1.081,4131975
1789152368,5,0,0.827,4131975
1789152371,5,0,3.648,4131975
1789152371,0,0,0.006,4131975
1789152372,4,0,0.568,4131975
1789152372,0,0,0.01,4131975
1789152372,0,0,0.024,4131975
1789152372,3,0,0.01,4131975
1789152372,0,0,0.006,4131975
1789152372,6,0,0.01,4131975
1789152374,2,0,1.711,4131975
1789152374,6,0,0.018,4131975
1789152374,2,0,0.458,4131975
1789152374,3,0,0.104,4131975
1789152374,6,0,0.007,4131975
1789152374,2,0,0.002,4131975
1789152374,0,0,0.012,4131975
1789152377,4,0,3.222,4131975
1789152377,0,0,0.012,4131975
1789152381,5,0,3.776,4131975
1789152381,0,0,0.01,4131975
1789152382,4,0,0.356,4131975
1789152382,4,0,0.432,4131975
1789152382,4,0,0.444,4131975
1789152382,3,0,0.005,4131975
1789152383,3,0,0.172,4131975
1789152385,4,0,2.101,4131975
1789152385,4,0,0.296,4131975
1789152385,6,0,0.009,4131975
1789152385,6,0,0.011,4131975
1789152385,2,0,0.312,4131975
1789152385,2,0,0.001,4131975
1789152385,6,0,0.006,4131975
1789152386,4,0,0.945,4131975
1789152387,5,0,0.441,4131975
1789152387,3,0,0.035,4131975
1789152387,2,0,0.232,4131975
1789152387,6,0,0.005,4131975
1789152387,7,0,0.36,4131975
1789152387,1,0,0.002,4131975
1789152387,0,0,0.01,4131975
1789152387,3,0,0.004,4131975
1789152387,0,0,0.003,4131975
1789152388,4,0,0.307,4131975
1789152388,2,0,0.266,4131975
1789152388,6,0,0.005,4131975
1789152388,2,0,0.003,4131975
1789152388,0,0,0.009,4131975
1789152389,4,0,1.054,4131975
1789152389,1,0,0.001,4131975
1789152390,2,0,0.716,4131975
1789152390,4,0,0.429,4131975
1789152390,6,0,0.016,4131975
1789152391,4,0,0.541,4131975
1789152391,0,0,0.009,4131975
1789152391,0,0,0.005,4131975
1789152392,4,0,1.064,4131975
1789152392,1,0,0.001,4131975
1789152392,0,0,0.012,4131975
1789152392,3,0,0.028,4131975
1789152392,3,0,0.049,4131975
1789152392,3,0,0.059,4131975
1789152392,4,0,0.396,4131975
1789152392,0,0,0.014,4131975
1789152395,5,0,3.106,4131975
1789152395,3,0,0.005,4131975
1789152396,3,0,0.092,4131975
1789152396,3,0,0.078,4131975
1789152396,0,0,0.007,4131975
1789152396,0,0,0.014,4131975
1789152396,2,0,0.722,4131975
1789152397,5,0,0.149,4131975
1789152397,3,0,0.003,4131975
1789152397,7,0,0.226,4131975
1789152397,7,0,0.223,4131975
1789152397,2,0,0.003,4131975
1789152397,2,0,0.353,4131975
1789152401,7,0,3.414,4131975
1789152401,2,0,0.269,4131975
1789152401,0,0,0.003,4131975
1789152401,6,0,0.003,4131975
1789152402,2,0,0.543,4131975
1789152402,4,0,0.683,4131975
1789152403,5,0,0.341,4131975
1789152403,0,0,0.01,4131975
1789152403,6,0,0.008,4131975
1789152403,6,0,0.006,4131975
1789152403,6,0,0.012,4131975
1789152403,2,0,0.001,4131975
1789152403,6,0,0.006,4131975
1789152403,3,0,0.006,4131975
1789152403,0,0,0.007,4131975
1789152403,4,0,0.481,4131975
1789152403,4,0,0.375,4131975
1789152404,5,0,0.117,4131975
1789152404,3,0,0.021,4131975
1789152404,0,0,0.005,4131975
1789152404,6,0,0.007,4131975
1789152404,4,0,0.44,4131975
1789152405,2,0,0.458,4131975
1789152405,2,0,0.003,4131975
1789152408,5,0,3.487,4131975
1789152408,6,0,0.006,4131975
1789152408,6,0,0.003,4131975
1789152408,4,0,0.347,4131975
1789152408,3,0,0.01,4131975
1789152408,0,0,0.004,4131975
1789152408,0,0,0.003,4131975
1789152408,6,0,0.025,4131975
1789152408,0,0,0.008,4131975
1789152413,5,0,4.539,4131975
1789152413,1,0,0.001,4131975
1789152414,5,0,0.885,4131975
1789152415,7,0,0.754,4131975
1789152416,4,0,0.982,4131975
1789152416,0,0,0.006,4131975
1789152416,0,0,0.005,4131975
1789152416,2,0,0.003,4131975
1789152420,5,0,3.937,4131975
1789152421,4,0,1.43,4131975
1789152422,4,0,0.6,4131975
1789152422,0,0,0.005,4131975
1789152422,4,0,0.518,4131975
1789152423,4,0,1.225,4131975
1789152423,0,0,0.006,4131975
1789152423,3,0,0.049,4131975
1789152424,4,0,0.863,4131975
1789152425,5,0,0.505,4131975
1789152425,0,0,0.004,4131975
1789152425,1,0,0.001,4131975
1789152425,3,0,0.034,4131975
1789152426,4,0,1.008,4131975
1789152426,3,0,0.004,4131975
1789152426,3,0,0.021,4131975
1789152426,2,0,0.336,4131975
1789152427,4,0,0.449,4131975
1789152427,6,0,0.013,4131975
1789152427,3,0,0.013,4131975
1789152427,6,0,0.006,4131975
1789152427,0,0,0.006,4131975
1789152427,0,0,0.01,4131975
1789152427,4,0,0.624,4131975
1789152427,0,0,0.006,4131975
1789152428,4,0,0.821,4131975
1789152428,0,0,0.005,4131975
1789152429,4,0,0.404,4131975
1789152429,3,0,0.069,4131975
1789152429,0,0,0.004,4131975
1789152429,2,0,0.002,4131975
1789152429,2,0,0.712,4131975
1789152429,6,0,0.009,4131975
1789152430,2,0,0.962,4131975
1789152431,4,0,0.421,4131975
1789152431,0,0,0.003,4131975
1789152431,4,0,0.632,4131975
1789152431,3,0,0.124,4131975
1789152431,0,0,0.008,4131975
1789152432,4,0,0.368,4131975
1789152432,3,0,0.015,4131975
1789152432,4,0,0.404,4131975
1789152433,4,0,0.577,4131975
1789152433,4,0,0.441,4131975
1789152433,6,0,0.011,4131975
1789152433,3,0,0.038,4131975
1789152433,1,0,0.001,4131975
1789152434,4,0,0.247,4131975
1789152434,6,0,0.005,4131975
1789152434,3,0,0.031,4131975
1789152434,2,0,0.645,4131975
1789152435,2,0,0.625,4131975
1789152435,6,0,0.008,4131975
1789152435,0,0,0.004,4131975
1789152440,5,0,5.119,4131975
1789152440,0,0,0.012,4131975
1789152440,0,0,0.006,4131975
1789152440,3,0,0.019,4131975
1789152444,5,0,3.864,4131975
1789152444,5,0,0.165,4131975
1789152444,3,0,0.025,4131975
1789152444,0,0,0.012,4131975
1789152445,4,0,0.431,4131975
1789152445,4,0,0.398,4131975
1789152445,5,0,0.115,4131975
1789152445,3,0,0.005,4131975
1789152446,2,0,0.607,4131975
1789152446,0,0,0.013,4131975
1789152446,3,0,0.016,4131975
1789152446,2,0,0.002,4131975
1789152446,0,0,0.004,4131975
1789152446,2,0,0.349,4131975
1789152446,2,0,0.371,4131975
1789152446,0,0,0.008,4131975
1789152446,6,0,0.007,4131975
1789152446,6,0,0.008,4131975
1789152447,2,0,0.686,4131975
1789152447,2,0,0.001,4131975
1789152447,3,0,0.144,4131975
1789152447,0,0,0.01,4131975
1789152447,0,0,0.007,4131975
1789152447,0,0,0.007,4131975
1789152447,6,0,0.012,4131975
1789152448,2,0,0.664,4131975
1789152449,5,0,1.093,4131975
1789152449,3,0,0.006,4131975
1789152449,2,0,0.004,4131975
1789152449,6,0,0.009,4131975
1789152449,0,0,0.004,4131975
1789152449,2,0,0.002,4131975
1789152449,3,0,0.089,4131975
1789152450,5,0,0.871,4131975
1789152450,6,1,0.006,4131975
1789152450,4,0,0.317,4131975
1789152450,3,0,0.008,4131975
1789152450,3,0,0.016,4131975
1789152450,1,0,0.002,4131975
1789152451,2,0,0.355,4131975
1789152451,2,0,0.002,4131975
1789152452,5,0,0.974,4131975
1789152452,2,0,0.003,4131975
1789152452,2,0,0.502,4131975
1789152452,3,0,0.008,4131975
1789152452,3,0,0.115,4131975
1789152452,6,0,0.007,4131975
1789152452,2,0,0.001,4131975
1789152454,4,0,1.489,4131975
1789152454,4,0,0.59,4131975
1789152454,6,0,0.005,4131975
1789152454,2,0,0.002,4131975
1789152454,2,0,0.002,4131975
1789152454,2,0,0.002,4131975
1789152454,0,0,0.016,4131975
1789152454,0,0,0.006,4131975
1789152455,0,0,0.012,4131975
1789152455,4,0,0.495,4131975
1789152455,4,0,0.287,4131975
1789152456,4,0,0.488,4131975
1789152456,0,0,0.018,4131975
1789152456,4,0,0.562,4131975
1789152456,6,0,0.012,4131975
1789152458,4,0,1.25,4131975
1789152458,0,0,0.024,4131975
1789152458,3,0,0.057,4131975
1789152458,0,0,0.024,4131975
1789152458,6,0,0.01,4131975
1789152458,3,0,0.005,4131975
1789152458,6,0,0.008,4131975
1789152458,4,0,0.623,4131975
1789152459,4,0,0.581,4131975
1789152459,1,0,0.002,4131975
1789152459,0,0,0.007,4131975
1789152459,3,0,0.01,4131975
1789152459,3,0,0.143,4131975
1789152460,4,0,0.592,4131975
1789152460,3,0,0.18,4131975
1789152460,6,0,0.007,4131975
1789152460,3,0,0.094,4131975
1789152460,3,0,0.122,4131975
1789152460,2,0,0.002,4131975
1789152460,1,0,0.002,4131975
1789152460,2,0,0.002,4131975
1789152460,6,0,0.007,4131975
1789152460,2,0,0.002,4131975
1789152460,3,0,0.005,4131975
1789152460,3,0,0.072,4131975
1789152461,4,0,0.456,4131975
1789152461,3,0,0.005,4131975
1789152461,2,0,0.548,4131975
1789152462,5,0,0.44,4131975
1789152462,2,0,0.319,4131975
1789152462,4,0,0.488,4131975
1789152463,4,0,0.624,4131975
1789152464,2,0,0.537,4131975
1789152464,3,0,0.025,4131975
1789152464,1,0,0.002,4131975
1789152464,0,0,0.01,4131975
1789152464,1,0,0.001,4131975
1789152464,3,0,0.003,4131975
1789152465,4,0,0.953,4131975
1789152465,5,0,0.139,4131975
1789152470,5,0,4.878,4131975
1789152470,0,0,0.006,4131975
1789152470,4,0,0.46,4131975
1789152470,2,0,0.003,4131975
1789152472,4,0,1.405,4131975
1789152472,1,0,0.001,4131975
1789152472,4,0,0.578,4131975
1789152472,2,0,0.305,4131975
1789152473,4,0,0.276,4131975
1789152473,2,0,0.002,4131975
1789152474,4,0,1.113,4131975
1789152474,2,0,0.002,4131975
1789152474,5,0,0.141,4131975
1789152474,2,0,0.534,4131975
1789152474,1,0,0.002,4131975
1789152479,5,0,4.957,4131975
1789152479,2,0,0.002,4131975
1789152479,1,0,0.001,4131975
1789152480,7,0,0.592,4131975
1789152480,1,0,0.001,4131975
1789152480,0,0,0.042,4131975
1789152480,2,0,0.002,4131975
1789152480,6,0,0.008,4131975
1789152480,3,0,0.043,4131975
1789152481,4,0,0.494,4131975
1789152481,4,0,0.363,4131975
1789152481,3,0,0.011,4131975
1789152482,2,0,0.59,4131975
1789152482,4,0,0.452,4131975
1789152483,7,0,0.734,4131975
1789152483,3,0,0.033,4131975
1789152483,3,0,0.049,4131975
1789152485,4,0,1.67,4131975
1789152485,4,0,0.432,4131975
1789152486,4,0,0.61,4131975
1789152486,6,0,0.01,4131975
1789152486,4,0,0.551,4131975
1789152486,6,0,0.005,4131975
1789152486,1,0,0.001,4131975
1789152486,0,0,0.009,4131975
1789152487,4,0,0.689,4131975
1789152487,6,0,0.011,4131975
1789152487,3,0,0.098,4131975
1789152487,6,0,0.005,4131975
1789152487,3,0,0.271,4131975
1789152487,2,0,0.011,4131975
1789152487,3,0,0.052,4131975
1789152487,3,0,0.083,4131975
1789152487,3,0,0.069,4131975
1789152488,4,0,1.024,4131975
1789152488,0,0,0.003,4131975
1789152489,4,0,0.587,4131975
1789152489,1,0,0.002,4131975
1789152490,4,0,0.804,4131975
1789152490,3,0,0.125,4131975
1789152490,6,0,0.005,4131975
1789152490,2,0,0.486,4131975
1789152494,5,0,3.708,4131975
1789152494,0,0,0.009,4131975
1789152495,5,0,0.572,4131975
1789152495,0,0,0.043,4131975
1789152495,0,0,0.015,4131975
1789152495,0,0,0.004,4131975
1789152495,4,0,0.63,4131975
1789152495,3,0,0.046,4131975
1789152495,6,0,0.004,4131975
1789152496,3,0,0.186,4131975
1789152496,0,0,0.01,4131975
1789152496,4,0,0.261,4131975
1789152496,0,0,0.012,4131975
1789152496,0,0,0.004,4131975
1789152496,5,0,0.105,4131975
1789152496,2,0,0.302,4131975
1789152496,6,0,0.005,4131975
1789152497,4,0,0.344,4131975
1789152497,2,0,0.269,4131975
1789152497,3,0,0.011,4131975
1789152497,6,0,0.006,4131975
1789152497,0,0,0.006,4131975
1789152497,0,0,0.002,4131975
1789152497,3,0,0.035,4131975
1789152497,3,0,0.007,4131975
1789152497,3,0,0.093,4131975
1789152497,5,0,0.107,4131975
1789152498,2,0,0.331,4131975
1789152499,4,0,0.932,4131975
1789152499,0,0,0.005,4131975
1789152499,4,0,0.492,4131975
1789152499,6,0,0.006,4131975
1789152499,0,0,0.009,4131975
1789152499,2,0,0.001,4131975
1789152500,5,0,0.494,4131975
1789152500,3,0,0.003,4131975
1789152500,0,0,0.005,4131975
1789152500,4,0,0.383,4131975
1789152500,6,0,0.01,4131975
1789152500,3,0,0.007,4131975
1789152500,3,0,0.078,4131975
1789152500,0,0,0.006,4131975
1789152500,3,0,0.039,4131975
1789152500,6,0,0.005,4131975
1789152500,3,0,0.006,4131975
1789152500,6,0,0.006,4131975
1789152501,2,0,0.806,4131975
1789152501,3,0,0.072,4131975
1789152504,5,0,3.239,4131975
1789152505,4,0,0.64,4131975
1789152505,7,0,0.233,4131975
1789152505,4,0,0.369,4131975
1789152506,4,0,0.846,4131975
1789152506,6,0,0.004,4131975
1789152506,3,0,0.003,4131975
1789152506,6,0,0.008,4131975
1789152507,2,0,0.431,4131975
1789152507,4,0,0.272,4131975
1789152507,3,0,0.071,4131975
1789152507,3,0,0.051,4131975
1789152508,4,0,0.747,4131975
1789152508,5,0,0.347,4131975
1789152509,2,0,0.588,4131975
1789152509,4,0,0.422,4131975
1789152509,5,0,0.188,4131975
1789152510,3,0,0.09,4131975
1789152510,4,0,0.356,4131975
1789152511,4,0,0.845,4131975
1789152511,3,0,0.06,4131975
1789152512,4,0,0.896,4131975
1789152512,3,0,0.008,4131975
1789152515,5,0,3.033,4131975
1789152515,4,0,0.56,4131975
1789152515,1,0,0.003,4131975
1789152515,3,0,0.126,4131975
1789152516,4,0,0.488,4131975
1789152516,3,0,0.091,4131975
1789152516,6,0,0.004,4131975
1789152516,6,0,0.011,4131975
1789152516,3,0,0.004,4131975
1789152516,5,0,0.098,4131975
1789152516,4,0,0.395,4131975
1789152516,0,0,0.004,4131975
1789152520,7,0,3.15,4131975
1789152520,4,0,0.618,4131975
1789152521,4,0,0.331,4131975
1789152521,0,0,0.009,4131975
1789152521,3,0,0.01,4131975
1789152521,3,0,0.061,4131975
1789152521,3,0,0.003,4131975
1789152521,3,0,0.053,4131975
1789152524,5,0,3.617,4131975
1789152524,0,0,0.008,4131975
1789152525,4,0,0.304,4131975
1789152525,3,0,0.005,4131975
1789152525,3,0,0.07,4131975
1789152525,2,0,0.517,4131975
1789152526,2,0,0.386,4131975
1789152526,0,0,0.017,4131975
1789152526,6,0,0.004,4131975
1789152527,4,0,0.958,4131975
1789152527,4,0,0.467,4131975
1789152527,4,0,0.26,4131975
1789152527,1,0,0.001,4131975
1789152527,3,0,0.049,4131975
1789152527,1,0,0.001,4131975
1789152529,5,0,2.043,4131975
1789152529,0,0,0.013,4131975
1789152530,7,0,0.512,4131975
1789152530,2,0,0.353,4131975
1789152530,0,0,0.004,4131975
1789152530,2,0,0.002,4131975
1789152530,0,0,0.016,4131975
1789152530,3,0,0.037,4131975
1789152530,2,0,0.002,4131975
1789152530,1,0,0.001,4131975
1789152535,5,0,4.663,4131975
1789152535,4,0,0.434,4131975
1789152535,1,0,0.001,4131975
1789152536,4,0,0.488,4131975
1789152536,3,0,0.006,4131975
1789152537,5,0,1.201,4131975
1789152537,3,0,0.002,4131975
1789152537,2,0,0.314,4131975
1789152538,2,0,0.654,4131975
1789152538,0,0,0.009,4131975
1789152539,4,0,0.773,4131975
1789152539,6,0,0.024,4131975
1789152539,1,0,0.001,4131975
1789152539,2,0,0.001,4131975
1789152539,4,0,0.414,4131975
1789152540,2,0,0.347,4131975
1789152540,7,0,0.147,4131975
1789152540,0,0,0.004,4131975
1789152540,4,0,0.43,4131975
1789152540,0,0,0.029,4131975
1789152540,2,0,0.004,4131975
1789152540,3,0,0.121,4131975
1789152540,6,0,0.006,4131975
1789152541,5,0,0.987,4131975
1789152541,2,0,0.001,4131975
1789152541,3,0,0.018,4131975
1789152541,0,0,0.004,4131975
1789152541,0,0,0.01,4131975
1789152541,0,0,0.009,4131975
1789152543,4,0,1.237,4131975
1789152543,2,0,0.002,4131975
1789152543,3,0,0.007,4131975
1789152543,2,0,0.388,4131975
1789152544,4,0,0.886,4131975
1789152544,3,0,0.063,4131975
1789152544,6,0,0.007,4131975
1789152548,5,0,3.832,4131975
1789152549,4,0,1.31,4131975
1789152550,4,0,0.415,4131975
1789152550,3,0,0.102,4131975
1789152550,0,0,0.005,4131975
1789152550,0,0,0.004,4131975
1789152550,1,0,0.001,4131975
1789152550,2,0,0.005,4131975
1789152550,0,0,0.011,4131975
1789152551,4,0,1.165,4131975
1789152551,3,0,0.059,4131975
1789152556,5,0,4.966,4131975
1789152556,6,0,0.009,4131975
1789152556,5,0,0.475,4131975
1789152557,4,0,0.358,4131975
1789152558,4,0,1.204,4131975
1789152558,1,0,0.001,4131975
1789152562,5,0,4.252,4131975
1789152562,0,0,0.005,4131975
1789152562,3,0,0.003,4131975
1789152562,0,0,0.024,4131975
1789152563,4,0,0.771,4131975
1789152563,6,0,0.004,4131975
1789152566,5,0,3.16,4131975
1789152566,0,0,0.016,4131975
1789152567,4,0,0.533,4131975
1789152567,3,0,0.055,4131975
1789152567,3,0,0.004,4131975
1789152567,0,0,0.012,4131975
1789152568,7,0,0.894,4131975
1789152568,5,0,0.45,4131975
1789152568,3,0,0.058,4131975
1789152568,1,0,0.002,4131975
1789152568,1,0,0.001,4131975
1789152569,4,0,0.542,4131975
1789152569,4,0,0.453,4131975
1789152569,1,0,0.001,4131975
1789152570,4,0,0.924,4131975
1789152570,2,0,0.007,4131975
1789152570,2,0,0.205,4131975
1789152570,0,0,0.004,4131975
1789152571,5,0,0.139,4131975
1789152571,3,0,0.05,4131975
1789152574,7,0,3.669,4131975
1789152575,2,0,0.373,4131975
1789152579,5,0,4.337,4131975
1789152579,4,0,0.331,4131975
1789152580,4,0,0.492,4131975
1789152580,2,0,0.346,4131975
1789152580,2,0,0.002,4131975
1789152580,0,0,0.014,4131975
1789152580,0,0,0.016,4131975
1789152581,4,0,0.458,4131975
1789152581,3,0,0.073,4131975
1789152581,0,0,0.003,4131975
1789152581,3,0,0.1,4131975
1789152581,6,0,0.005,4131975
1789152581,0,0,0.01,4131975
1789152585,5,0,4.555,4131975
1789152585,3,0,0.094,4131975
1789152586,2,0,0.784,4131975
1789152586,3,0,0.014,4131975
1789152586,2,0,0.002,4131975
1789152586,1,0,0.001,4131975
1789152586,0,0,0.02,4131975
1789152587,4,0,0.388,4131975
1789152587,4,0,0.579,4131975
1789152588,2,0,0.975,4131975
1789152589,4,0,0.454,4131975
1789152589,5,0,0.756,4131975
1789152590,4,0,0.275,4131975
1789152590,3,0,0.012,4131975
1789152590,4,0,0.343,4131975
1789152590,1,0,0.001,4131975
1789152590,2,0,0.001,4131975
1789152590,4,0,0.368,4131975
1789152590,0,0,0.004,4131975
1789152590,3,0,0.039,4131975
1789152590,6,0,0.007,4131975
1789152591,2,0,0.392,4131975
1789152591,2,0,0.003,4131975
1789152591,3,0,0.035,4131975
1789152591,3,0,0.061,4131975
1789152593,2,0,1.96,4131975
1789152593,7,0,0.25,4131975
1789152593,0,0,0.006,4131975
1789152593,3,0,0.069,4131975
1789152594,2,0,0.351,4131975
1789152594,2,0,0.002,4131975
1789152597,5,0,3.186,4131975
1789152598,4,0,0.932,4131975
1789152598,3,0,0.085,4131975
1789152599,4,0,0.711,4131975
1789152599,0,0,0.007,4131975
1789152599,3,0,0.006,4131975
1789152599,4,0,0.764,4131975
1789152599,6,0,0.008,4131975
1789152600,5,0,0.759,4131975
1789152602,2,0,1.77,4131975
1789152602,0,0,0.003,4131975
1789152602,6,0,0.013,4131975
1789152602,4,0,0.354,4131975
1789152602,3,0,0.005,4131975
1789152602,3,0,0.009,4131975
1789152602,1,0,0.001,4131975
1789152602,6,0,0.005,4131975
1789152603,2,0,0.735,4131975
1789152603,3,0,0.006,4131975
1789152603,6,0,0.006,4131975
1789152603,4,0,0.389,4131975
1789152603,0,0,0.038,4131975
1789152604,2,0,0.698,4131975
1789152604,2,0,0.003,4131975
1789152604,3,0,0.065,4131975
1789152604,0,0,0.009,4131975
1789152605,4,0,0.732,4131975
1789152605,2,0,0.523,4131975
1789152605,0,0,0.016,4131975
1789152606,4,0,0.53,4131975
1789152606,0,0,0.008,4131975
1789152606,4,0,0.447,4131975
1789152606,6,0,0.005,4131975
1789152606,6,0,0.021,4131975
1789152607,3,0,0.186,4131975
1789152607,0,0,0.004,4131975
1789152607,4,0,0.24,4131975
1789152607,2,0,0.002,4131975
1789152607,3,0,0.031,4131975
1789152607,5,0,0.135,4131975
1789152607,0,0,0.004,4131975
1789152607,4,0,0.362,4131975
1789152608,4,0,0.825,4131975
1789152608,3,0,0.002,4131975
1789152609,4,0,0.973,4131975
1789152609,0,0,0.013,4131975
1789152609,1,0,0.001,4131975
1789152610,5,0,0.449,4131975
1789152610,0,0,0.004,4131975
1789152610,4,0,0.59,4131975
1789152611,4,0,0.341,4131975
1789152611,3,0,0.016,4131975
1789152611,6,0,0.01,4131975
1789152611,2,0,0.002,4131975
1789152611,6,0,0.039,4131975
1789152611,3,0,0.066,4131975
1789152611,4,0,0.37,4131975
1789152611,3,0,0.108,4131975
1789152611,6,0,0.008,4131975
1789152612,4,0,0.487,4131975
1789152612,6,0,0.006,4131975
1789152612,3,0,0.098,4131975
1789152612,3,0,0.005,4131975
1789152612,0,0,0.012,4131975
1789152612,4,0,0.471,4131975
1789152612,2,0,0.007,4131975
1789152612,1,0,0.001,4131975
1789152613,4,0,0.436,4131975
1789152613,3,0,0.059,4131975
1789152613,4,0,0.663,4131975
1789152614,4,0,0.496,4131975
1789152614,0,0,0.003,4131975
1789152614,3,0,0.088,4131975
1789152614,6,0,0.009,4131975
1789152614,6,0,0.017,4131975
1789152615,4,0,0.984,4131975
1789152616,4,0,0.577,4131975
1789152616,4,0,0.574,4131975
1789152617,4,0,0.305,4131975
1789152617,2,0,0.715,4131975
1789152617,2,0,0.002,4131975
1789152617,2,0,0.002,4131975
1789152617,1,0,0.001,4131975
1789152617,2,0,0.001,4131975
1789152617,6,0,0.004,4131975
1789152617,5,0,0.207,4131975
1789152617,3,0,0.007,4131975
1789152617,0,0,0.006,4131975
1789152618,4,0,0.365,4131975
1789152618,4,0,0.581,4131975
1789152619,4,0,0.75,4131975
1789152623,5,0,4.105,4131975
1789152627,5,0,4.082,4131975
1789152628,4,0,0.927,4131975
1789152628,3,0,0.001,4131975
1789152629,4,0,0.568,4131975
1789152629,4,0,0.382,4131975
1789152629,6,0,0.006,4131975
1789152632,4,0,2.335,4131975
1789152632,0,0,0.005,4131975
1789152632,4,0,0.218,4131975
1789152632,3,0,0.057,4131975
1789152632,3,0,0.06,4131975
1789152632,3,0,0.095,4131975
1789152632,3,0,0.062,4131975
1789152632,1,0,0.002,4131975
1789152633,4,0,0.531,4131975
1789152633,6,0,0.015,4131975
1789152633,3,0,0.009,4131975
1789152633,2,0,0.001,4131975
1789152633,5,0,0.308,4131975
1789152633,3,0,0.034,4131975
1789152633,0,0,0.004,4131975
1789152633,4,0,0.35,4131975
1789152633,6,0,0.008,4131975
1789152633,3,0,0.028,4131975
1789152633,0,0,0.005,4131975
1789152633,0,0,0.004,4131975
1789152637,5,0,3.432,4131975
1789152637,3,0,0.056,4131975
1789152637,3,0,0.131,4131975
1789152637,0,0,0.007,4131975
1789152637,3,0,0.266,4131975
1789152638,4,0,0.496,4131975
1789152638,3,0,0.03,4131975
1789152638,1,0,0.001,4131975
1789152638,1,0,0.001,4131975
1789152638,2,0,0.001,4131975
1789152638,4,0,0.199,4131975
1789152638,0,0,0.016,4131975
1789152638,3,0,0.009,4131975
1789152641,4,0,2.847,4131975
1789152641,2,0,0.001,4131975
1789152641,4,0,0.293,4131975
1789152641,7,0,0.229,4131975
1789152645,5,0,3.375,4131975
1789152645,3,0,0.026,4131975
1789152649,7,0,3.83,4131975
1789152649,3,0,0.07,4131975
1789152649,3,0,0.057,4131975
1789152649,0,0,0.005,4131975
1789152649,6,0,0.006,4131975
1789152649,6,0,0.012,4131975
1789152653,5,0,4.512,4131975
1789152653,3,0,0.046,4131975
1789152653,0,0,0.01,4131975
1789152653,3,0,0.005,4131975
1789152653,0,0,0.004,4131975
1789152653,2,0,0.001,4131975
1789152655,4,0,1.733,4131975
1789152655,6,1,0.045,4131975
1789152655,6,0,0.017,4131975
1789152655,3,0,0.078,4131975
1789152655,6,0,0.016,4131975
1789152655,0,0,0.007,4131975
1789152655,0,0,0.014,4131975
1789152655,2,0,0.003,4131975
1789152655,0,0,0.004,4131975
1789152655,2,0,0.01,4131975
1789152656,4,0,0.476,4131975
1789152656,6,0,0.008,4131975
1789152656,6,0,0.005,4131975
1789152657,5,0,0.826,4131975
1789152657,1,0,0.002,4131975
1789152657,2,0,0.004,4131975
1789152658,2,0,1.056,4131975
1789152658,3,0,0.003,4131975
1789152658,4,0,0.59,4131975
1789152659,4,0,0.336,4131975
1789152659,3,0,0.088,4131975
1789152659,2,0,0.472,4131975
1789152659,6,0,0.008,4131975
1789152659,5,0,0.142,4131975
1789152660,4,0,0.834,4131975
1789152660,0,0,0.006,4131975
1789152660,0,0,0.016,4131975
1789152661,2,0,0.723,4131975
1789152661,3,0,0.027,4131975
1789152661,5,0,0.256,4131975
1789152661,0,0,0.005,4131975
1789152661,6,0,0.005,4131975
1789152661,1,0,0.001,4131975
1789152662,4,0,0.423,4131975
1789152662,6,0,0.013,4131975
1789152662,6,0,0.024,4131975
1789152662,0,0,0.012,4131975
1789152662,3,0,0.002,4131975
1789152662,3,0,0.051,4131975
1789152662,0,0,0.004,4131975
1789152662,1,0,0.001,4131975
1789152662,2,0,0.003,4131975
1789152662,3,0,0.074,4131975
1789152662,0,0,0.004,4131975
1789152662,3,0,0.002,4131975
1789152663,7,0,0.83,4131975
1789152663,2,0,0.369,4131975
1789152663,3,0,0.004,4131975
1789152664,4,0,0.805,4131975
1789152664,0,0,0.005,4131975
1789152664,3,0,0.079,4131975
1789152664,0,0,0.003,4131975
1789152664,4,0,0.216,4131975
1789152664,2,0,0.002,4131975
1789152664,6,0,0.004,4131975
1789152664,3,0,0.059,4131975
1789152665,5,0,0.428,4131975
1789152665,4,0,0.77,4131975
1789152666,4,0,0.669,4131975
1789152666,3,0,0.01,4131975
1789152667,5,0,0.539,4131975
1789152667,1,0,0.001,4131975
1789152667,2,0,0.003,4131975
1789152671,5,0,3.944,4131975
1789152671,2,0,0.002,4131975
1789152671,3,0,0.047,4131975
1789152672,4,0,1.328,4131975
1789152672,6,0,0.006,4131975
1789152673,5,0,0.888,4131975
1789152673,7,0,0.173,4131975
1789152677,5,0,3.631,4131975
1789152677,6,0,0.007,4131975
1789152677,2,0,0.625,4131975
1789152678,4,0,0.447,4131975
1789152683,5,0,4.852,4131975
1789152683,1,0,0.002,4131975
1789152683,2,0,0.003,4131975
1789152687,7,0,4.426,4131975
1789152687,6,0,0.004,4131975
1789152687,4,0,0.378,4131975
1789152687,3,0,0.022,4131975
1789152687,6,0,0.005,4131975
1789152688,4,0,0.767,4131975
1789152688,6,0,0.006,4131975
1789152688,2,0,0.002,4131975
1789152689,5,0,0.641,4131975
1789152689,3,0,0.054,4131975
1789152689,2,0,0.003,4131975
1789152689,1,0,0.001,4131975
1789152689,6,0,0.006,4131975
1789152689,4,0,0.213,4131975
1789152689,3,0,0.01,4131975
1789152689,6,0,0.005,4131975
1789152690,2,0,0.542,4131975
1789152690,4,0,0.56,4131975
1789152690,4,0,0.298,4131975
1789152691,5,0,0.842,4131975
1789152695,5,0,3.504,4131975
1789152695,0,0,0.007,4131975
1789152695,6,0,0.006,4131975
1789152696,4,0,0.983,4131975
1789152696,3,0,0.01,4131975
1789152696,0,0,0.007,4131975
1789152697,2,0,0.931,4131975
1789152697,6,0,0.016,4131975
1789152698,2,0,0.816,4131975
1789152698,1,0,0.001,4131975
1789152702,7,0,4.334,4131975
1789152702,3,0,0.058,4131975
1789152702,4,0,0.231,4131975
1789152702,3,0,0.061,4131975
1789152702,0,0,0.006,4131975
1789152702,6,0,0.006,4131975
1789152703,4,0,0.455,4131975
1789152704,2,0,0.894,4131975
1789152704,3,0,0.02,4131975
1789152704,4,0,0.749,4131975
1789152704,3,0,0.006,4131975
1789152704,1,0,0.002,4131975
1789152704,2,0,0.004,4131975
1789152705,4,0,0.639,4131975
1789152706,4,0,0.791,4131975
1789152706,3,0,0.003,4131975
1789152706,0,0,0.004,4131975
1789152706,0,0,0.008,4131975
1789152706,0,0,0.008,4131975
1789152706,2,0,0.003,4131975
1789152706,1,0,0.001,4131975
1789152706,4,0,0.445,4131975
1789152706,6,0,0.007,4131975
1789152706,6,0,0.007,4131975
1789152707,5,0,0.168,4131975
1789152707,5,0,0.143,4131975
1789152707,3,0,0.02,4131975
1789152707,5,0,0.54,4131975
1789152707,6,0,0.021,4131975
1789152708,2,0,0.416,4131975
1789152708,0,0,0.004,4131975
1789152708,3,0,0.023,4131975
1789152708,4,0,0.381,4131975
1789152709,4,0,0.482,4131975
1789152710,5,0,0.964,4131975
1789152710,3,0,0.049,4131975
1789152710,0,0,0.008,4131975
1789152710,3,0,0.018,4131975
1789152710,3,0,0.048,4131975
1789152710,2,0,0.001,4131975
1789152710,5,0,0.208,4131975
1789152710,6,0,0.011,4131975
1789152711,2,0,0.755,4131975
1789152711,0,0,0.005,4131975
1789152711,6,0,0.006,4131975
1789152711,6,0,0.005,4131975
1789152711,0,0,0.012,4131975
1789152711,4,0,0.559,4131975
1789152712,2,0,0.979,4131975
1789152712,6,0,0.008,4131975
1789152712,0,0,0.004,4131975
1789152714,4,0,1.45,4131975
1789152714,5,0,0.262,4131975
1789152714,5,0,0.53,4131975
1789152714,1,0,0.002,4131975
1789152715,3,0,0.075,4131975
1789152715,2,0,0.287,4131975
1789152715,3,0,0.089,4131975
1789152715,3,0,0.004,4131975
1789152717,4,0,2.185,4131975
1789152717,0,0,0.013,4131975
1789152717,0,0,0.017,4131975
1789152717,2,0,0.003,4131975
1789152717,2,0,0.38,4131975
1789152718,1,0,0.001,4131975
1789152718,1,0,0.001,4131975
1789152718,3,0,0.062,4131975
1789152718,4,0,0.21,4131975
1789152719,4,0,1.02,4131975
1789152719,3,0,0.1,4131975
1789152720,2,0,0.7,4131975
1789152720,3,0,0.036,4131975
1789152720,6,0,0.003,4131975
1789152720,2,0,0.002,4131975
1789152720,0,0,0.003,4131975
1789152720,4,0,0.507,4131975
1789152721,5,0,0.775,4131975
1789152721,3,0,0.034,4131975
1789152721,4,0,0.41,4131975
1789152722,5,0,0.494,4131975
1789152726,7,0,4.405,4131975
1789152727,4,0,0.788,4131975
1789152727,6,0,0.007,4131975
1789152727,0,0,0.005,4131975
1789152728,2,0,0.936,4131975
1789152728,2,0,0.005,4131975
1789152728,0,0,0.01,4131975
1789152729,4,0,1.477,4131975
1789152729,3,0,0.003,4131975
1789152729,3,0,0.002,4131975
1789152734,5,0,4.067,4131975
1789152734,6,0,0.008,4131975
1789152734,3,0,0.002,4131975
1789152734,2,0,0.3,4131975
1789152734,0,0,0.011,4131975
1789152734,2,0,0.002,4131975
1789152734,6,0,0.01,4131975
1789152734,3,0,0.128,4131975
1789152734,0,0,0.006,4131975
1789152735,4,0,0.927,4131975
1789152735,4,0,0.504,4131975
1789152735,0,0,0.01,4131975
1789152736,4,0,0.492,4131975
1789152736,5,0,0.13,4131975
1789152736,3,0,0.003,4131975
1789152737,4,0,0.93,4131975
1789152738,4,0,0.53,4131975
1789152738,3,0,0.011,4131975
1789152738,5,0,0.898,4131975
1789152739,5,0,0.143,4131975
1789152739,0,0,0.009,4131975
1789152739,4,0,0.636,4131975
1789152739,3,0,0.152,4131975
1789152739,6,0,0.009,4131975
1789152740,4,0,0.972,4131975
1789152740,0,0,0.004,4131975
1789152741,4,0,0.643,4131975
1789152741,1,0,0.002,4131975
1789152746,5,0,4.795,4131975
1789152746,0,0,0.016,4131975
1789152746,6,0,0.008,4131975
1789152746,6,0,0.008,4131975
1789152746,4,0,0.521,4131975
1789152746,3,0,0.012,4131975
1789152746,6,0,0.006,4131975
1789152747,4,0,0.301,4131975
1789152750,7,0,3.143,4131975
1789152750,6,0,0.008,4131975
1789152750,7,0,0.555,4131975
1789152750,3,0,0.044,4131975
1789152750,0,0,0.005,4131975
1789152751,4,0,0.372,4131975
1789152752,2,0,0.706,4131975
1789152752,4,0,0.596,4131975
1789152752,3,0,0.007,4131975
1789152753,5,0,0.555,4131975
1789152753,0,0,0.003,4131975
1789152753,0,0,0.009,4131975
1789152753,6,0,0.014,4131975
1789152753,2,0,0.63,4131975
1789152754,4,0,0.35,4131975
1789152754,0,0,0.003,4131975
1789152754,3,0,0.082,4131975
1789152755,2,0,0.741,4131975
1789152759,7,0,4.188,4131975
1789152759,3,0,0.032,4131975
1789152759,4,0,0.468,4131975
1789152759,4,0,0.252,4131975
1789152760,2,0,0.633,4131975
1789152760,3,0,0.144,4131975
1789152760,6,0,0.015,4131975
1789152760,3,0,0.025,4131975
1789152760,3,0,0.005,4131975
1789152760,1,0,0.003,4131975
1789152760,3,0,0.01,4131975
1789152760,0,0,0.017,4131975
1789152760,0,0,0.03,4131975
1789152760,0,0,0.004,4131975
1789152760,6,0,0.005,4131975
1789152760,1,0,0.001,4131975
1789152760,3,0,0.08,4131975
1789152763,4,0,2.651,4131975
1789152763,2,0,0.002,4131975
1789152764,5,0,0.478,4131975
1789152764,4,0,0.19,4131975
1789152764,5,0,0.153,4131975
1789152764,0,0,0.01,4131975
1789152764,7,0,0.141,4131975
1789152764,5,0,0.101,4131975
1789152764,6,0,0.008,4131975
1789152768,7,0,3.541,4131975
1789152768,1,0,0.001,4131975
1789152768,2,0,0.002,4131975
1789152768,4,0,0.438,4131975
1789152768,4,0,0.33,4131975
1789152768,6,0,0.006,4131975
1789152774,7,0,5.233,4131975
1789152774,2,0,0.57,4131975
1789152774,2,0,0.001,4131975
1789152774,2,0,0.001,4131975
1789152776,2,0,1.752,4131975
1789152776,1,0,0.001,4131975
1789152776,2,0,0.003,4131975
1789152776,4,0,0.197,4131975
1789152776,0,0,0.017,4131975
1789152776,0,0,0.005,4131975
1789152776,6,0,0.007,4131975
1789152776,6,0,0.008,4131975
1789152776,6,0,0.007,4131975
1789152776,6,0,0.012,4131975
1789152778,2,0,1.571,4131975
1789152778,6,0,0.008,4131975
1789152778,0,0,0.007,4131975
1789152778,6,0,0.004,4131975
1789152778,3,0,0.074,4131975
1789152778,5,0,0.192,4131975
1789152779,4,0,0.471,4131975
1789152779,3,0,0.021,4131975
1789152779,2,0,0.269,4131975
1789152779,3,0,0.016,4131975
1789152779,6,0,0.005,4131975
1789152779,4,0,0.365,4131975
1789152779,0,0,0.006,4131975
1789152779,6,0,0.014,4131975
1789152779,0,0,0.011,4131975
1789152779,3,0,0.099,4131975
1789152780,4,0,0.594,4131975
1789152780,3,0,0.005,4131975
1789152780,5,0,0.372,4131975
1789152780,0,0,0.003,4131975
1789152780,2,0,0.001,4131975
1789152780,0,0,0.004,4131975
1789152780,0,0,0.005,4131975
1789152782,4,0,1.281,4131975
1789152782,1,0,0.001,4131975
1789152782,0,0,0.003,4131975
1789152782,6,0,0.003,4131975
1789152782,2,0,0.002,4131975
1789152782,7,0,0.505,4131975
1789152782,0,0,0.01,4131975
1789152782,2,0,0.004,4131975
1789152782,2,0,0.011,4131975
1789152782,0,0,0.009,4131975
1789152782,0,0,0.042,4131975
1789152782,6,0,0.005,4131975
1789152782,2,0,0.003,4131975
1789152782,2,0,0.002,4131975
1789152782,6,0,0.005,4131975
1789152783,5,0,0.487,4131975
1789152783,1,0,0.001,4131975
1789152786,5,0,3.55,4131975
1789152787,4,0,1.08,4131975
1789152788,4,0,0.668,4131975
1789152788,3,0,0.006,4131975
1789152789,4,0,0.719,4131975
1789152789,4,0,0.524,4131975
1789152790,2,0,0.71,4131975
1789152790,3,0,0.024,4131975
1789152790,3,0,0.012,4131975
1789152790,3,0,0.076,4131975
1789152790,1,0,0.001,4131975
1789152790,1,0,0.001,4131975
1789152791,4,0,0.965,4131975
1789152792,4,0,0.356,4131975
1789152792,4,0,0.431,4131975
1789152793,4,0,1.067,4131975
1789152793,2,0,0.002,4131975
1789152794,4,0,0.604,4131975
1789152794,2,0,0.003,4131975
1789152794,3,0,0.004,4131975
1789152794,4,0,0.522,4131975
1789152795,4,0,0.535,4131975
1789152795,3,0,0.126,4131975
1789152795,0,0,0.012,4131975
1789152795,2,0,0.276,4131975
1789152795,1,0,0.001,4131975
1789152796,4,0,0.44,4131975
1789152796,0,0,0.009,4131975
1789152796,4,0,0.795,4131975
1789152796,0,0,0.017,4131975
1789152797,5,0,0.202,4131975
1789152797,6,0,0.007,4131975
1789152797,3,0,0.13,4131975
1789152798,5,0,0.958,4131975
1789152798,2,0,0.002,4131975
1789152798,4,0,0.273,4131975
1789152799,4,0,0.878,4131975
1789152799,3,0,0.015,4131975
1789152799,2,0,0.548,4131975
1789152800,5,0,1.05,4131975
1789152800,0,0,0.006,4131975
1789152802,5,0,1.397,4131975
1789152802,3,0,0.016,4131975
1789152802,0,0,0.009,4131975
1789152802,2,0,0.55,4131975
1789152803,2,0,0.534,4131975
1789152803,6,0,0.007,4131975
1789152804,4,0,1.293,4131975
1789152805,4,0,0.613,4131975
1789152805,0,0,0.006,4131975
1789152805,3,0,0.01,4131975
1789152805,1,0,0.003,4131975
1789152805,6,0,0.006,4131975
1789152805,2,0,0.001,4131975
1789152805,2,0,0.002,4131975
1789152805,4,0,0.405,4131975
1789152805,4,0,0.224,4131975
1789152806,4,0,0.364,4131975
1789152806,0,0,0.01,4131975
1789152806,3,0,0.009,4131975
1789152806,5,0,0.108,4131975
1789152806,0,0,0.005,4131975
1789152806,0,0,0.023,4131975
1789152806,3,0,0.033,4131975
1789152809,5,0,2.609,4131975
1789152809,3,0,0.009,4131975
1789152809,3,0,0.037,4131975
1789152809,0,0,0.007,4131975
1789152809,0,0,0.011,4131975
1789152809,1,0,0.001,4131975
1789152813,5,0,4.307,4131975
1789152813,4,0,0.347,4131975
1789152813,3,0,0.002,4131975
1789152813,3,0,0.068,4131975
1789152814,4,0,0.344,4131975
1789152814,3,0,0.056,4131975
1789152814,0,0,0.019,4131975
1789152814,6,0,0.011,4131975
1789152814,2,0,0.003,4131975
1789152814,0,0,0.004,4131975
1789152814,1,0,0.001,4131975
1789152814,5,0,0.463,4131975
1789152814,0,0,0.008,4131975
1789152814,3,0,0.081,4131975
1789152815,5,0,0.633,4131975
1789152815,6,0,0.006,4131975
1789152815,4,0,0.42,4131975
1789152816,2,0,0.701,4131975
1789152817,4,0,0.573,4131975
1789152817,0,0,0.014,4131975
1789152817,2,0,0.003,4131975
1789152817,6,0,0.007,4131975
1789152817,3,0,0.096,4131975
1789152817,6,0,0.007,4131975
1789152817,1,0,0.002,4131975
1789152819,2,0,2.086,4131975
1789152819,0,0,0.015,4131975
1789152820,4,0,0.589,4131975
1789152820,1,0,0.002,4131975
1789152820,5,0,0.245,4131975
1789152820,6,0,0.01,4131975
1789152820,3,0,0.08,4131975
1789152821,4,0,1.551,4131975
1789152821,0,0,0.01,4131975
1789152821,2,0,0.002,4131975
1789152822,7,0,0.156,4131975
1789152822,3,0,0.083,4131975
1789152822,6,0,0.008,4131975
1789152822,6,0,0.025,4131975
1789152822,0,0,0.006,4131975
1789152822,0,0,0.015,4131975
1789152823,2,0,1.045,4131975
1789152823,0,0,0.015,4131975
1789152823,6,0,0.006,4131975
1789152823,0,0,0.006,4131975
1789152823,3,0,0.026,4131975
1789152823,6,0,0.009,4131975
1789152823,2,0,0.002,4131975
1789152823,3,0,0.047,4131975
1789152823,3,0,0.011,4131975
1789152827,5,0,4.04,4131975
1789152827,0,0,0.004,4131975
1789152828,4,0,1.152,4131975
1789152829,4,0,0.532,4131975
1789152829,1,0,0.001,4131975
1789152830,4,0,0.846,4131975
1789152830,4,0,0.581,4131975
1789152830,0,0,0.034,4131975
1789152830,6,0,0.006,4131975
1789152830,2,0,0.003,4131975
1789152831,4,0,0.686,4131975
1789152831,4,0,0.329,4131975
1789152835,5,0,3.61,4131975
1789152835,4,0,0.574,4131975
1789152836,4,0,0.334,4131975
1789152836,4,0,0.742,4131975
1789152840,7,0,3.147,4131975
1789152840,0,0,0.006,4131975
1789152840,2,0,0.007,4131975
1789152840,4,0,0.405,4131975
1789152840,5,0,0.302,4131975
1789152840,0,0,0.005,4131975
1789152840,0,0,0.018,4131975
1789152840,3,0,0.009,4131975
1789152840,2,0,0.002,4131975
1789152841,4,0,0.787,4131975
1789152841,1,0,0.001,4131975
1789152842,4,0,0.715,4131975
1789152842,0,0,0.009,4131975
1789152842,1,0,0.001,4131975
1789152842,5,0,0.169,4131975
1789152842,3,0,0.039,4131975
1789152842,3,0,0.048,4131975
1789152842,3,0,0.045,4131975
1789152842,3,0,0.147,4131975
1789152842,0,0,0.008,4131975
1789152842,6,0,0.01,4131975
1789152842,3,0,0.07,4131975
1789152843,4,0,0.311,4131975
1789152843,0,0,0.009,4131975
1789152843,4,0,0.562,4131975
1789152843,4,0,0.163,4131975
1789152843,3,0,0.068,4131975
1789152844,3,0,0.163,4131975
1789152846,4,0,1.858,4131975
1789152847,7,0,0.99,4131975
1789152847,3,0,0.017,4131975
1789152847,4,0,0.676,4131975
1789152847,5,0,0.099,4131975
1789152847,1,0,0.001,4131975
1789152847,3,0,0.105,4131975
1789152848,2,0,0.538,4131975
1789152848,0,0,0.013,4131975
1789152848,2,0,0.002,4131975
1789152848,0,0,0.014,4131975
1789152848,3,0,0.069,4131975
1789152848,5,0,0.141,4131975
1789152849,5,0,0.616,4131975
1789152849,0,0,0.01,4131975
1789152850,4,0,1.107,4131975
1789152850,3,0,0.101,4131975
1789152853,5,0,3.254,4131975
1789152853,6,0,0.006,4131975
1789152853,0,0,0.013,4131975
1789152853,0,0,0.011,4131975
1789152853,3,0,0.026,4131975
1789152853,6,0,0.005,4131975
1789152857,5,0,4.078,4131975
1789152858,3,0,0.15,4131975
1789152859,4,0,1.868,4131975
1789152860,2,0,0.472,4131975
1789152861,4,0,0.606,4131975
1789152861,4,0,0.431,4131975
1789152861,2,0,0.561,4131975
1789152861,6,0,0.005,4131975
1789152862,3,0,0.098,4131975
1789152862,7,0,0.17,4131975
1789152862,0,0,0.024,4131975
1789152863,4,0,0.878,4131975
1789152863,0,0,0.007,4131975
1789152863,0,0,0.014,4131975
1789152863,2,0,0.002,4131975
1789152863,0,0,0.008,4131975
1789152863,3,0,0.091,4131975
1789152863,0,0,0.006,4131975
1789152863,4,0,0.307,4131975
1789152864,2,0,0.525,4131975
1789152864,0,0,0.003,4131975
1789152864,4,0,0.493,4131975
1789152864,3,0,0.006,4131975
1789152864,0,0,0.016,4131975
1789152868,5,0,3.726,4131975
1789152870,2,0,1.666,4131975
1789152870,3,0,0.018,4131975
1789152870,4,0,0.523,4131975
1789152871,4,0,0.71,4131975
1789152871,3,0,0.014,4131975
1789152871,0,0,0.016,4131975
1789152871,1,0,0.002,4131975
1789152871,3,0,0.153,4131975
1789152872,5,0,0.525,4131975
1789152872,2,0,0.002,4131975
1789152872,3,0,0.041,4131975
1789152872,0,0,0.003,4131975
1789152872,6,0,0.005,4131975
1789152873,7,0,1.595,4131975
1789152873,0,0,0.009,4131975
1789152873,0,0,0.014,4131975
1789152873,3,0,0.062,4131975
1789152873,4,0,0.268,4131975
1789152874,4,0,0.435,4131975
1789152874,2,0,0.001,4131975
1789152874,2,0,0,4131975
1789152874,0,0,0.003,4131975
1789152874,6,0,0.008,4131975
1789152875,4,0,0.874,4131975
1789152875,3,0,0.07,4131975
1789152876,4,0,0.608,4131975
1789152876,0,0,0.006,4131975
1789152876,6,0,0.005,4131975
1789152876,2,0,0.002,4131975
1789152876,3,0,0.084,4131975
1789152876,2,0,0.603,4131975
1789152876,3,0,0.005,4131975
1789152876,6,0,0.007,4131975
1789152876,2,0,0.002,4131975
1789152876,3,0,0.005,4131975
1789152876,3,0,0,4131975
1789152876,0,0,0.005,4131975
1789152877,4,0,0.389,4131975
1789152877,6,0,0.009,4131975
1789152877,2,0,0.704,4131975
1789152877,3,0,0.034,4131975
1789152877,3,0,0.041,4131975
1789152878,4,0,0.244,4131975
1789152878,2,0,0.001,4131975
1789152878,2,0,0.002,4131975
1789152878,4,0,0.381,4131975
1789152878,6,0,0.007,4131975
1789152879,5,0,0.477,4131975
1789152879,0,0,0.006,4131975
1789152879,6,0,0.007,4131975
1789152879,5,0,0.121,4131975
1789152879,6,0,0.014,4131975
1789152879,0,0,0.002,4131975
1789152879,3,0,0.01,4131975
1789152879,6,0,0.023,4131975
1789152879,4,0,0.692,4131975
1789152879,0,0,0.006,4131975
1789152881,4,0,1.469,4131975
1789152881,4,0,0.481,4131975
1789152881,3,0,0.076,4131975
1789152882,4,0,0.341,4131975
1789152882,0,0,0.005,4131975
1789152882,6,0,0.015,4131975
1789152882,4,0,0.649,4131975
1789152884,2,0,1.117,4131975
1789152884,6,0,0.005,4131975
1789152884,6,0,0.008,4131975
1789152884,3,0,0.037,4131975
1789152884,0,0,0.006,4131975
1789152884,4,0,0.416,4131975
1789152885,4,0,0.624,4131975
1789152885,0,0,0.024,4131975
1789152885,4,0,0.672,4131975
1789152885,2,0,0.005,4131975
1789152886,4,0,0.322,4131975
1789152886,5,0,0.406,4131975
1789152887,4,0,0.614,4131975
1789152887,3,0,0.155,4131975
1789152887,0,0,0.011,4131975
1789152888,5,0,1.414,4131975
1789152888,3,0,0.083,4131975
1789152888,3,0,0.062,4131975
1789152888,0,0,0.006,4131975
1789152888,3,0,0.004,4131975
1789152888,1,0,0.001,4131975
1789152888,0,0,0.006,4131975
1789152888,2,0,0.001,4131975
1789152888,3,0,0.011,4131975
1789152889,5,0,0.279,4131975
1789152889,2,0,0.002,4131975
1789152889,0,0,0.003,4131975
1789152889,6,0,0.006,4131975
1789152889,1,0,0.001,4131975
1789152889,1,0,0.001,4131975
1789152889,3,0,0.004,4131975
1789152889,6,0,0.007,4131975
1789152889,2,0,0.004,4131975
1789152889,0,0,0.002,4131975
1789152889,3,0,0.037,4131975
1789152890,2,0,0.785,4131975
1789152890,3,0,0.074,4131975
1789152891,2,0,1.633,4131975
1789152892,4,0,0.357,4131975
1789152892,3,0,0.083,4131975
1789152892,6,0,0.007,4131975
1789152892,4,0,0.463,4131975
1789152892,6,0,0.007,4131975
1789152892,3,0,0.004,4131975
1789152893,2,0,0.749,4131975
1789152898,7,0,5.108,4131975
1789152899,4,0,0.484,4131975
1789152899,1,0,0.001,4131975
1789152899,2,0,0.002,4131975
1789152899,0,0,0.003,4131975
1789152899,3,0,0.008,4131975
1789152899,2,0,0.002,4131975
1789152899,4,0,0.375,4131975
1789152899,7,0,0.192,4131975
1789152900,4,0,0.637,4131975
1789152902,4,0,1.859,4131975
1789152902,3,0,0.056,4131975
1789152906,5,0,4.465,4131975
1789152907,4,0,0.726,4131975
1789152907,4,0,0.507,4131975
1789152907,2,0,0.011,4131975
1789152910,7,0,2.78,4131975
1789152911,4,0,0.619,4131975
1789152911,6,0,0.022,4131975
1789152912,4,0,1.366,4131975
1789152912,1,0,0.001,4131975
1789152912,2,0,0.001,4131975
1789152912,3,0,0.007,4131975
1789152912,5,0,0.126,4131975
1789152913,4,0,0.39,4131975
1789152913,6,0,0.012,4131975
1789152917,7,0,4.146,4131975
1789152918,2,0,1.042,4131975
1789152918,4,0,0.288,4131975
1789152919,4,0,0.586,4131975
1789152919,2,0,0.004,4131975
1789152919,0,0,0.012,4131975
1789152919,0,0,0.027,4131975
1789152920,5,0,0.935,4131975
1789152920,2,0,0.001,4131975
1789152920,0,0,0.016,4131975
1789152921,4,0,0.882,4131975
1789152921,0,0,0.015,4131975
1789152921,2,0,0.446,4131975
1789152921,2,0,0.315,4131975
1789152922,2,0,0.238,4131975
1789152922,4,0,0.54,4131975
1789152922,3,0,0.004,4131975
1789152922,3,0,0.038,4131975
1789152922,3,0,0.104,4131975
1789152922,2,0,0,4131975
1789152923,4,0,0.239,4131975
1789152923,3,0,0.112,4131975
1789152924,4,0,0.882,4131975
1789152924,4,0,0.206,4131975
1789152924,4,0,0.37,4131975
1789152924,3,0,0.004,4131975
1789152924,0,0,0.009,4131975
1789152924,0,0,0.008,4131975
1789152924,2,0,0.213,4131975
1789152925,4,0,0.429,4131975
1789152925,2,0,0.002,4131975
1789152925,3,0,0.005,4131975
1789152925,0,0,0.012,4131975
1789152925,0,0,0.009,4131975
1789152926,4,0,0.821,4131975
1789152926,7,0,0.162,4131975
1789152926,0,0,0.003,4131975
1789152926,3,0,0.009,4131975
1789152926,5,0,0.106,4131975
1789152926,6,0,0.006,4131975
1789152927,4,0,1.489,4131975
1789152928,3,0,0.2,4131975
1789152928,3,0,0.006,4131975
1789152928,6,0,0.004,4131975
1789152928,0,0,0.004,4131975
1789152928,5,0,0.295,4131975
1789152928,3,0,0.037,4131975
1789152928,6,0,0.006,4131975
1789152928,3,0,0.054,4131975
1789152928,2,0,0.002,4131975
1789152928,0,0,0.002,4131975
1789152928,6,0,0.009,4131975
1789152928,2,0,0.001,4131975
1789152928,0,0,0.011,4131975
1789152929,4,0,0.753,4131975
1789152929,4,0,0.386,4131975
1789152929,4,0,0.243,4131975
1789152929,6,0,0.007,4131975
1789152929,2,0,0.004,4131975
1789152929,1,0,0.003,4131975
1789152929,1,0,0.001,4131975
1789152930,3,0,0.05,4131975
1789152930,6,0,0.007,4131975
1789152930,4,0,0.466,4131975
1789152930,3,0,0.007,4131975
1789152933,5,0,3.146,4131975
1789152934,5,0,1.16,4131975
1789152934,0,0,0.007,4131975
1789152935,7,0,0.693,4131975
1789152935,3,0,0.009,4131975
1789152935,1,0,0.001,4131975
1789152935,0,0,0.005,4131975
1789152935,0,0,0.005,4131975
1789152936,4,0,1.457,4131975
1789152938,4,0,1.375,4131975
1789152938,4,0,0.594,4131975
1789152938,3,0,0.006,4131975
1789152939,5,0,0.446,4131975
1789152940,4,0,1.109,4131975
1789152940,3,0,0.065,4131975
1789152941,4,0,0.561,4131975
1789152941,3,0,0.002,4131975
1789152941,2,0,0.002,4131975
1789152941,2,0,0.401,4131975
1789152943,4,0,1.443,4131975
1789152943,4,0,0.334,4131975
1789152943,3,0,0.006,4131975
1789152943,4,0,0.265,4131975
1789152943,2,0,0.002,4131975
1789152943,3,0,0.062,4131975
1789152944,2,0,0.548,4131975
1789152944,3,0,0.009,4131975
1789152944,3,0,0.005,4131975
1789152944,1,0,0.001,4131975
1789152944,2,0,0.004,4131975
1789152944,6,0,0.01,4131975
1789152944,4,0,0.413,4131975
1789152944,6,0,0.014,4131975
1789152944,0,0,0.003,4131975
1789152945,2,0,0.351,4131975
1789152945,0,0,0.008,4131975
1789152945,2,0,0.365,4131975
1789152945,3,0,0.007,4131975
1789152945,0,0,0.003,4131975
1789152945,6,0,0.004,4131975
1789152945,3,0,0.038,4131975
1789152945,3,0,0.001,4131975
1789152950,5,0,4.579,4131975
1789152950,3,0,0.152,4131975
1789152950,4,0,0.707,4131975
1789152950,3,0,0.051,4131975
1789152950,0,0,0.008,4131975
1789152950,3,0,0.007,4131975
1789152951,4,0,0.925,4131975
1789152951,3,0,0.022,4131975
1789152951,1,0,0.001,4131975
1789152951,1,0,0.001,4131975
1789152951,6,0,0.007,4131975
1789152952,3,0,0.083,4131975
1789152952,6,0,0.005,4131975
1789152952,0,0,0.016,4131975
1789152953,4,0,1.491,4131975
1789152954,5,0,0.518,4131975
1789152954,4,0,0.304,4131975
1789152954,2,0,0.004,4131975
1789152955,4,0,0.826,4131975
1789152955,5,0,0.174,4131975
1789152955,4,0,0.407,4131975
1789152955,0,0,0.003,4131975
1789152956,4,0,0.558,4131975
1789152956,6,0,0.008,4131975
1789152956,3,0,0.013,4131975
1789152956,3,0,0.05,4131975
1789152956,6,0,0.008,4131975
1789152960,5,0,4.423,4131975
1789152960,3,0,0.01,4131975
1789152960,6,0,0.009,4131975
1789152960,1,0,0.001,4131975
1789152961,5,0,0.572,4131975
1789152961,2,0,0.471,4131975
1789152962,2,0,0.225,4131975
1789152962,0,0,0.004,4131975
1789152962,3,0,0.008,4131975
1789152962,3,0,0.04,4131975
1789152962,6,0,0.004,4131975
1789152962,3,0,0.084,4131975
1789152962,3,0,0.012,4131975
1789152963,4,0,1.17,4131975
1789152963,0,0,0.007,4131975
1789152963,3,0,0.039,4131975
1789152964,4,0,0.653,4131975
1789152964,3,0,0.058,4131975
1789152964,6,0,0.005,4131975
1789152964,3,0,0.074,4131975
1789152964,2,0,0.574,4131975
1789152965,4,0,0.624,4131975
1789152965,6,0,0.01,4131975
1789152965,0,0,0.014,4131975
1789152965,3,0,0.062,4131975
1789152968,5,0,3.295,4131975
1789152968,6,0,0.005,4131975
1789152968,1,0,0.002,4131975
1789152968,0,0,0.024,4131975
1789152969,4,0,0.411,4131975
1789152969,2,0,0.002,4131975
1789152972,5,0,3.699,4131975
1789152973,4,0,0.754,4131975
1789152973,3,0,0.01,4131975
1789152973,1,0,0.001,4131975
1789152973,5,0,0.112,4131975
1789152973,2,0,0.003,4131975
1789152974,7,0,0.213,4131975
1789152974,1,0,0.002,4131975
1789152974,4,0,0.537,4131975
1789152975,4,0,0.798,4131975
1789152975,3,0,0.008,4131975
1789152976,4,0,1.443,4131975
1789152976,2,0,0.004,4131975
1789152977,4,0,1,4131975
1789152978,4,0,0.197,4131975
1789152978,3,0,0.106,4131975
1789152978,0,0,0.01,4131975
1789152978,0,0,0.008,4131975
1789152978,3,0,0.006,4131975
1789152978,6,0,0.003,4131975
1789152978,4,0,0.536,4131975
1789152979,4,0,1.234,4131975
1789152979,0,0,0.015,4131975
1789152979,6,0,0.008,4131975
1789152980,4,0,0.227,4131975
1789152980,7,0,0.149,4131975
1789152980,6,0,0.008,4131975
1789152980,2,0,0.479,4131975
1789152980,6,0,0.007,4131975
1789152981,4,0,0.434,4131975
1789152981,3,0,0.007,4131975
1789152982,4,0,1.515,4131975
1789152982,6,0,0.013,4131975
1789152982,3,0,0.011,4131975
1789152982,3,0,0.008,4131975
1789152982,6,0,0.005,4131975
1789152982,3,0,0.007,4131975
1789152988,5,0,5.552,4131975
1789152988,7,0,0.277,4131975
1789152988,4,0,0.13,4131975
1789152988,6,0,0.006,4131975
1789152989,4,0,0.317,4131975
1789152992,5,0,3.522,4131975
1789152992,1,0,0.003,4131975
1789152992,2,0,0.003,4131975
1789152994,2,0,1.385,4131975
1789152995,2,0,1.581,4131975
1789152995,6,0,0.005,4131975
1789152997,4,0,1.529,4131975
1789152997,0,0,0.017,4131975
1789152997,4,0,0.673,4131975
1789152997,1,0,0.001,4131975
1789152997,1,0,0.001,4131975
1789152998,2,0,0.509,4131975
1789152998,0,0,0.014,4131975
1789152998,2,0,0.002,4131975
1789152998,0,0,0.005,4131975
1789152998,1,0,0.001,4131975
1789152998,0,0,0.012,4131975
1789152999,4,0,0.925,4131975
1789152999,5,0,0.602,4131975
1789152999,1,0,0.001,4131975
1789153000,3,0,0.101,4131975
1789153000,1,0,0.002,4131975
1789153000,1,0,0.001,4131975
1789153000,3,0,0.112,4131975
1789153000,4,0,0.576,4131975
1789153000,3,0,0.056,4131975
1789153000,3,0,0.019,4131975
1789153000,2,0,0.002,4131975
1789153000,3,0,0.013,4131975
1789153001,5,0,0.531,4131975
1789153001,4,0,0.451,4131975
1789153001,0,0,0.005,4131975
1789153001,0,0,0.009,4131975
1789153001,6,0,0.006,4131975
1789153002,4,0,0.899,4131975
1789153003,4,0,0.626,4131975
1789153003,2,0,0.003,4131975
1789153003,4,0,0.479,4131975
1789153003,0,0,0.016,4131975
1789153004,4,0,0.3,4131975
1789153004,4,0,0.623,4131975
1789153004,3,0,0.071,4131975
1789153004,3,0,0.018,4131975
1789153004,2,0,0.003,4131975
1789153004,6,0,0.004,4131975
1789153009,5,0,4.173,4131975
1789153010,4,0,1.002,4131975
1789153010,1,0,0.002,4131975
1789153011,4,0,1.292,4131975
1789153011,2,0,0.373,4131975
1789153012,2,0,0.619,4131975
1789153012,4,0,0.442,4131975
1789153012,4,0,0.2,4131975
1789153012,0,0,0.005,4131975
1789153013,4,0,0.989,4131975
1789153013,3,0,0.005,4131975
1789153013,6,0,0.008,4131975
1789153013,2,0,0.002,4131975
1789153014,2,0,0.478,4131975
1789153014,2,0,0.001,4131975
1789153014,2,0,0.446,4131975
1789153014,0,0,0.009,4131975
1789153014,3,0,0.015,4131975
1789153014,0,0,0.005,4131975
1789153015,5,0,0.106,4131975
1789153015,6,0,0.004,4131975
1789153015,3,0,0.027,4131975
1789153015,2,0,0.277,4131975
1789153015,0,0,0.006,4131975
1789153015,0,0,0.005,4131975
1789153015,0,0,0.005,4131975
1789153016,5,0,1.094,4131975
1789153016,2,0,0.001,4131975
1789153016,1,0,0.001,4131975
1789153017,4,0,0.609,4131975
1789153017,3,0,0.112,4131975
1789153017,1,0,0.001,4131975
1789153017,3,0,0.1,4131975
1789153017,3,0,0.011,4131975
1789153018,2,0,1.345,4131975
1789153018,0,0,0.009,4131975
1789153022,5,0,3.662,4131975
1789153022,2,0,0.002,4131975
1789153023,4,0,1.271,4131975
1789153023,0,0,0.005,4131975
1789153024,5,0,0.73,4131975
1789153024,3,0,0.087,4131975
1789153024,4,0,0.23,4131975
1789153025,4,0,0.521,4131975
1789153030,5,0,5.488,4131975
1789153030,3,0,0.015,4131975
1789153030,6,0,0.009,4131975
1789153030,3,0,0.027,4131975
1789153031,4,0,0.338,4131975
1789153031,4,0,0.434,4131975
1789153032,5,0,0.658,4131975
1789153032,6,0,0.01,4131975
1789153032,3,0,0.01,4131975
1789153032,4,0,0.323,4131975
1789153032,4,0,0.501,4131975
1789153033,3,0,0.069,4131975
1789153033,4,0,0.403,4131975
1789153033,3,0,0.103,4131975
1789153033,3,0,0.056,4131975
1789153033,5,0,0.187,4131975
1789153034,4,0,0.949,4131975
1789153034,5,0,0.106,4131975
1789153035,4,0,0.719,4131975
1789153035,3,0,0.006,4131975
1789153036,4,0,0.593,4131975
1789153036,3,0,0.033,4131975
1789153036,1,0,0.002,4131975
1789153036,6,0,0.005,4131975
1789153036,3,0,0.01,4131975
1789153037,4,0,1.396,4131975
1789153037,2,0,0.358,4131975
1789153037,1,0,0.001,4131975
1789153038,3,0,0.084,4131975
1789153038,3,0,0.078,4131975
1789153038,2,0,0.003,4131975
1789153038,6,0,0.007,4131975
1789153038,0,0,0.007,4131975
1789153038,6,0,0.007,4131975
1789153039,5,0,1.732,4131975
1789153039,3,0,0.056,4131975
1789153040,5,0,0.815,4131975
1789153040,3,0,0.083,4131975
1789153040,3,0,0.093,4131975
1789153040,6,0,0.006,4131975
1789153040,6,0,0.006,4131975
1789153041,4,0,0.396,4131975
1789153042,2,0,1.124,4131975
1789153042,3,0,0.078,4131975
1789153042,3,0,0.026,4131975
1789153042,0,0,0.007,4131975
1789153042,0,0,0.03,4131975
1789153042,2,0,0.004,4131975
1789153042,2,0,0.002,4131975
1789153042,1,0,0.001,4131975
1789153042,3,0,0.023,4131975
1789153042,2,0,0.006,4131975
1789153046,5,0,3.853,4131975
1789153047,5,0,1.116,4131975
1789153047,3,0,0.06,4131975
1789153047,4,0,0.144,4131975
1789153047,3,0,0.031,4131975
1789153048,4,0,0.535,4131975
1789153048,5,0,0.18,4131975
1789153049,5,0,0.731,4131975
1789153049,6,0,0.004,4131975
1789153049,6,0,0.005,4131975
1789153049,3,0,0.061,4131975
1789153049,3,0,0.05,4131975
1789153049,0,0,0.005,4131975
1789153049,3,0,0.04,4131975
1789153050,4,0,0.615,4131975
1789153050,0,0,0.01,4131975
1789153050,3,0,0.041,4131975
1789153050,0,0,0.01,4131975
1789153050,6,0,0.005,4131975
1789153050,3,0,0.07,4131975
1789153051,2,0,1.348,4131975
1789153052,4,0,0.612,4131975
1789153053,4,0,1.014,4131975
1789153053,6,0,0.009,4131975
1789153053,0,0,0.007,4131975
1789153053,3,0,0.012,4131975
1789153053,6,0,0.025,4131975
1789153053,1,0,0.002,4131975
1789153053,4,0,0.645,4131975
1789153054,4,0,0.643,4131975
1789153054,1,0,0.001,4131975
1789153054,3,0,0.056,4131975
1789153054,4,0,0.407,4131975
1789153055,3,0,0.049,4131975
1789153058,5,0,3.097,4131975
1789153058,0,0,0.005,4131975
1789153058,0,0,0.008,4131975
1789153058,3,0,0.074,4131975
1789153058,6,0,0.004,4131975
1789153058,2,0,0.002,4131975
1789153058,0,0,0.005,4131975
1789153058,6,0,0.006,4131975
1789153059,5,0,0.907,4131975
1789153060,2,0,0.867,4131975
1789153060,0,0,0.013,4131975
1789153060,0,0,0.016,4131975
1789153060,5,0,0.118,4131975
1789153060,3,0,0.04,4131975
1789153060,5,0,0.11,4131975
1789153061,4,0,1.501,4131975
1789153061,1,0,0.001,4131975
1789153061,3,0,0.025,4131975
1789153061,3,0,0.005,4131975
1789153061,2,0,0.004,4131975
1789153061,6,0,0.005,4131975
1789153062,4,0,0.389,4131975
1789153062,3,0,0.004,4131975
1789153062,2,0,0.001,4131975
1789153062,3,0,0.034,4131975
1789153062,2,0,0.001,4131975
1789153062,3,0,0.055,4131975
1789153063,4,0,0.666,4131975
1789153063,3,0,0.072,4131975
1789153063,3,0,0.017,4131975
1789153063,0,0,0.008,4131975
1789153063,2,0,0.602,4131975
1789153064,4,0,0.538,4131975
1789153064,6,0,0.004,4131975
1789153064,0,0,0.007,4131975
1789153064,5,0,0.162,4131975
1789153064,2,0,0.512,4131975
1789153064,6,0,0.015,4131975
1789153068,5,0,3.884,4131975
1789153068,3,0,0.003,4131975
1789153069,4,0,0.621,4131975
1789153069,3,0,0.048,4131975
1789153069,2,0,0.486,4131975
1789153070,3,0,0.102,4131975
1789153070,0,0,0.015,4131975
1789153070,0,0,0.017,4131975
1789153070,2,0,0.828,4131975
1789153070,2,0,0.003,4131975
1789153070,0,0,0.01,4131975
1789153070,6,1,0.003,4131975
1789153071,2,0,0.648,4131975
1789153072,4,0,1.191,4131975
1789153072,6,0,0.011,4131975
1789153072,0,0,0.012,4131975
1789153072,3,0,0.09,4131975
1789153073,4,0,0.388,4131975
1789153073,0,0,0.013,4131975
1789153073,2,0,0.008,4131975
1789153074,7,0,1.044,4131975
1789153074,6,0,0.006,4131975
1789153074,0,0,0.006,4131975
1789153075,4,0,0.945,4131975
1789153076,4,0,1.563,4131975
1789153077,5,0,0.34,4131975
1789153077,3,0,0.012,4131975
1789153077,3,0,0.006,4131975
1789153081,5,0,4.484,4131975
1789153081,0,0,0.007,4131975
1789153085,5,0,3.783,4131975
1789153086,5,0,1.063,4131975
1789153086,0,0,0.003,4131975
1789153086,5,0,0.142,4131975
1789153087,4,0,0.459,4131975
1789153087,5,0,0.114,4131975
1789153087,1,0,0.001,4131975
1789153087,3,0,0.004,4131975
1789153087,4,0,0.663,4131975
1789153088,4,0,0.461,4131975
1789153088,2,0,0.001,4131975
1789153090,4,0,1.618,4131975
1789153090,6,0,0.004,4131975
1789153090,4,0,0.532,4131975
1789153090,3,0,0.014,4131975
1789153091,4,0,0.65,4131975
1789153092,2,0,1.536,4131975
1789153093,4,0,0.478,4131975
1789153093,2,0,0.724,4131975
1789153094,4,0,0.33,4131975
1789153094,2,0,0.224,4131975
1789153094,0,0,0.011,4131975
1789153094,6,0,0.007,4131975
1789153094,6,0,0.035,4131975
1789153094,0,0,0.006,4131975
1789153095,5,0,0.783,4131975
1789153096,7,0,0.684,4131975
1789153096,6,0,0.007,4131975
1789153096,6,0,0.034,4131975
1789153096,0,0,0.006,4131975
1789153096,3,0,0.005,4131975
1789153096,3,0,0.038,4131975
1789153097,4,0,1.159,4131975
1789153097,3,0,0.009,4131975
1789153097,1,0,0.001,4131975
1789153097,6,0,0.008,4131975
1789153097,4,0,0.319,4131975
1789153097,6,0,0.009,4131975
1789153098,4,0,0.483,4131975
1789153099,2,0,0.991,4131975
1789153099,2,0,0.848,4131975
1789153101,4,0,1.135,4131975
1789153101,6,0,0.006,4131975
1789153101,0,0,0.011,4131975
1789153101,2,0,0.007,4131975
1789153101,1,0,0.001,4131975
1789153101,3,0,0.016,4131975
1789153101,4,0,0.489,4131975
1789153101,6,0,0.006,4131975
1789153101,0,0,0.019,4131975
1789153104,5,0,3.294,4131975
1789153104,2,0,0.004,4131975
1789153106,4,0,1.042,4131975
1789153106,6,0,0.009,4131975
1789153106,3,0,0.167,4131975
1789153106,5,0,0.692,4131975
1789153106,3,0,0.065,4131975
1789153106,2,0,0.003,4131975
1789153106,0,0,0.013,4131975
1789153106,3,0,0.009,4131975
1789153106,0,0,0.003,4131975
1789153111,7,0,4.917,4131975
1789153112,4,0,0.473,4131975
1789153113,2,0,0.82,4131975
1789153113,4,0,0.448,4131975
1789153118,5,0,4.873,4131975
1789153118,6,0,0.013,4131975
1789153118,3,0,0.064,4131975
1789153119,4,0,1.224,4131975
1789153119,1,0,0.002,4131975
1789153119,0,0,0.021,4131975
1789153119,2,0,0.003,4131975
1789153119,0,0,0.007,4131975
1789153120,4,0,0.228,4131975
1789153120,5,0,0.407,4131975
1789153120,6,0,0.011,4131975
1789153120,3,0,0.036,4131975
1789153124,5,0,3.782,4131975
1789153124,6,0,0.008,4131975
1789153124,3,0,0.003,4131975
1789153124,1,0,0.001,4131975
1789153124,2,0,0.003,4131975
1789153124,2,0,0.537,4131975
1789153126,5,0,1.14,4131975
1789153126,0,0,0.007,4131975
1789153126,4,0,0.378,4131975
1789153127,2,0,0.64,4131975
1789153127,3,0,0.006,4131975
1789153127,6,0,0.003,4131975
1789153127,0,0,0.009,4131975
1789153127,2,0,0.001,4131975
1789153127,1,0,0.001,4131975
1789153127,4,0,0.335,4131975
1789153127,3,0,0.119,4131975
1789153127,3,0,0.006,4131975
1789153128,2,0,0.94,4131975
1789153128,6,0,0.007,4131975
1789153128,0,0,0.01,4131975
1789153128,3,0,0.068,4131975
1789153128,3,0,0.006,4131975
1789153128,3,0,0.009,4131975
1789153128,2,0,0.001,4131975
1789153129,4,0,0.827,4131975
1789153129,0,0,0.004,4131975
1789153132,5,0,3.001,4131975
1789153132,2,0,0.569,4131975
1789153132,0,0,0.005,4131975
1789153134,4,0,1.035,4131975
1789153134,6,0,0.016,4131975
1789153134,0,0,0.024,4131975
1789153134,4,0,0.354,4131975
1789153135,7,0,0.797,4131975
1789153136,4,0,1.604,4131975
1789153136,6,0,0.006,4131975
1789153137,4,0,0.533,4131975
1789153137,0,0,0.005,4131975
1789153138,5,0,0.917,4131975
1789153138,4,0,0.517,4131975
1789153139,4,0,0.438,4131975
1789153139,6,0,0.009,4131975
1789153139,4,0,0.337,4131975
1789153139,2,0,0.239,4131975
1789153140,4,0,1.185,4131975
1789153140,0,0,0.005,4131975
1789153141,4,0,0.339,4131975
1789153141,3,0,0.067,4131975
1789153141,0,0,0.005,4131975
1789153141,1,0,0.002,4131975
1789153141,3,0,0.003,4131975
1789153141,1,0,0.001,4131975
1789153141,0,0,0.013,4131975
1789153141,4,0,0.534,4131975
1789153142,4,0,0.443,4131975
1789153142,4,0,0.433,4131975
1789153143,2,0,0.238,4131975
1789153143,3,0,0.008,4131975
1789153143,0,0,0.011,4131975
1789153143,3,0,0.042,4131975
1789153143,2,0,0.004,4131975
1789153143,3,0,0.094,4131975
1789153143,4,0,0.464,4131975
1789153143,6,0,0.006,4131975
1789153143,1,0,0.001,4131975
1789153143,0,0,0.004,4131975
1789153144,4,0,0.838,4131975
1789153145,2,0,0.67,4131975
1789153145,4,0,0.272,4131975
1789153146,4,0,0.779,4131975
1789153146,2,0,0.641,4131975
1789153146,0,0,0.006,4131975
1789153147,4,0,0.388,4131975
1789153147,3,0,0.003,4131975
1789153147,2,0,0.571,4131975
1789153147,3,0,0.093,4131975
1789153148,4,0,0.555,4131975
1789153148,2,0,0.31,4131975
1789153149,5,0,0.231,4131975
1789153153,5,0,4.294,4131975
1789153155,4,0,1.81,4131975
1789153155,2,0,0.002,4131975
1789153155,3,0,0.024,4131975
1789153155,3,0,0.075,4131975
1789153155,0,0,0.009,4131975
1789153160,7,0,5.394,4131975
1789153160,6,0,0.006,4131975
1789153161,2,0,0.412,4131975
1789153161,3,0,0.068,4131975
1789153161,4,0,0.437,4131975
1789153161,0,0,0.008,4131975
1789153161,2,0,0.002,4131975
1789153161,3,0,0.006,4131975
1789153162,4,0,0.635,4131975
1789153162,4,0,0.743,4131975
1789153163,3,0,0.053,4131975
1789153163,3,0,0.035,4131975
1789153163,2,0,0.002,4131975
1789153163,3,0,0.042,4131975
1789153163,6,0,0.007,4131975
1789153163,6,0,0.007,4131975
1789153167,5,0,4.584,4131975
1789153167,1,0,0.002,4131975
1789153168,4,0,0.353,4131975
1789153168,2,0,0.508,4131975
1789153168,4,0,0.235,4131975
1789153169,5,0,0.625,4131975
1789153169,6,0,0.004,4131975
1789153169,2,0,0.002,4131975
1789153169,4,0,0.366,4131975
1789153169,0,0,0.02,4131975
1789153169,6,0,0.015,4131975
1789153170,2,0,0.778,4131975
1789153170,3,0,0.121,4131975
1789153170,3,0,0.005,4131975
1789153170,2,0,0.003,4131975
1789153171,4,0,0.473,4131975
1789153171,3,0,0.088,4131975
1789153171,5,0,0.247,4131975
1789153173,4,0,2.367,4131975
1789153173,0,0,0.013,4131975
1789153177,5,0,3.69,4131975
1789153178,4,0,0.845,4131975
1789153178,0,0,0.006,4131975
1789153179,4,0,0.541,4131975
1789153179,0,0,0.012,4131975
1789153179,3,0,0.058,4131975
1789153179,3,0,0.05,4131975
1789153179,2,0,0.003,4131975
1789153179,3,0,0.084,4131975
1789153179,1,0,0.001,4131975
1789153179,2,0,0.516,4131975
1789153179,1,0,0.001,4131975
1789153179,3,0,0.004,4131975
1789153179,3,0,0.003,4131975
1789153179,6,0,0.006,4131975
1789153180,4,0,0.793,4131975
1789153180,4,0,0.337,4131975
1789153181,3,0,0.119,4131975
1789153181,1,0,0.002,4131975
1789153181,2,0,0.002,4131975
1789153181,3,0,0.003,4131975
1789153181,3,0,0.016,4131975
1789153181,2,0,0.391,4131975
1789153182,4,0,1.022,4131975
1789153182,0,0,0.012,4131975
1789153182,7,0,0.411,4131975
1789153182,3,0,0.096,4131975
1789153182,0,0,0.013,4131975
1789153183,3,0,0.081,4131975
1789153184,4,0,0.932,4131975
1789153187,7,0,3.305,4131975
1789153187,6,0,0.004,4131975
1789153187,3,0,0.002,4131975
1789153187,0,0,0.003,4131975
1789153187,5,0,0.146,4131975
1789153191,7,0,3.713,4131975
1789153191,2,0,0.003,4131975
1789153191,5,0,0.722,4131975
1789153192,4,0,0.642,4131975
1789153193,4,0,0.831,4131975
1789153193,6,0,0.005,4131975
1789153193,6,0,0.005,4131975
1789153194,2,0,1.116,4131975
1789153194,1,0,0.001,4131975
1789153194,3,0,0.053,4131975
1789153194,0,0,0.009,4131975
1789153194,3,0,0.052,4131975
1789153194,3,0,0.003,4131975
1789153194,3,0,0.004,4131975
1789153194,3,0,0.038,4131975
1789153195,4,0,1.251,4131975
1789153195,0,0,0.011,4131975
1789153196,4,0,0.554,4131975
1789153196,1,0,0.001,4131975
1789153196,3,0,0.076,4131975
1789153196,3,0,0.109,4131975
1789153196,6,0,0.008,4131975
1789153196,0,0,0.006,4131975
1789153196,6,0,0.005,4131975
1789153196,6,0,0.004,4131975
1789153196,6,0,0.004,4131975
1789153196,0,0,0.008,4131975
1789153197,4,0,0.834,4131975
1789153202,7,0,4.485,4131975
1789153202,3,0,0.08,4131975
1789153202,3,0,0.041,4131975
1789153202,0,0,0.026,4131975
1789153203,2,0,0.918,4131975
1789153203,2,0,0.002,4131975
1789153203,3,0,0.044,4131975
1789153204,7,0,0.889,4131975
1789153205,2,0,1.188,4131975
1789153205,0,0,0.005,4131975
1789153205,3,0,0.016,4131975
1789153205,6,0,0.006,4131975
1789153206,4,0,1.111,4131975
1789153206,4,0,0.506,4131975
1789153207,4,0,0.561,4131975
1789153209,4,0,1.652,4131975
1789153209,3,0,0.008,4131975
1789153209,3,0,0.019,4131975
1789153209,0,0,0.014,4131975
1789153209,4,0,0.658,4131975
1789153209,0,0,0.009,4131975
1789153209,3,0,0.085,4131975
1789153209,3,0,0.114,4131975
1789153209,0,0,0.004,4131975
1789153209,6,0,0.007,4131975
1789153210,4,0,0.774,4131975
1789153210,2,0,0.002,4131975
1789153210,3,0,0.011,4131975
1789153210,3,0,0.108,4131975
1789153211,4,0,0.294,4131975
1789153211,3,0,0.004,4131975
1789153211,0,0,0.006,4131975
1789153211,0,0,0.015,4131975
1789153211,3,0,0.104,4131975
1789153211,6,0,0.005,4131975
1789153211,5,0,0.145,4131975
1789153212,4,0,1.313,4131975
1789153212,6,0,0.034,4131975
1789153212,3,0,0.118,4131975
1789153212,1,0,0.001,4131975
1789153212,3,0,0.075,4131975
1789153213,2,0,0.422,4131975
1789153214,4,0,0.676,4131975
1789153214,6,0,0.011,4131975
1789153214,0,0,0.006,4131975
1789153214,6,0,0.006,4131975
1789153214,0,0,0.009,4131975
1789153214,0,0,0.006,4131975
1789153214,0,0,0.005,4131975
1789153214,1,0,0.001,4131975
1789153214,3,0,0.024,4131975
1789153214,0,0,0.007,4131975
1789153214,5,0,0.141,4131975
1789153214,4,0,0.55,4131975
1789153214,3,0,0.003,4131975
1789153215,2,0,0.668,4131975
1789153215,4,0,0.338,4131975
1789153215,6,0,0.005,4131975
1789153216,4,0,0.312,4131975
1789153216,6,0,0.009,4131975
1789153216,5,0,0.46,4131975
1789153216,3,0,0.003,4131975
1789153216,0,0,0.007,4131975
1789153221,5,0,4.492,4131975
1789153221,2,0,0.318,4131975
1789153221,3,0,0.134,4131975
1789153221,3,0,0.116,4131975
1789153222,5,0,0.884,4131975
1789153222,3,0,0.068,4131975
1789153222,5,0,0.16,4131975
1789153223,4,0,0.622,4131975
1789153223,2,0,0.002,4131975
1789153223,6,0,0.012,4131975
1789153223,2,0,0.001,4131975
1789153223,0,0,0.013,4131975
1789153223,1,0,0.003,4131975
1789153223,3,0,0.073,4131975
1789153223,0,0,0.006,4131975
1789153224,4,0,0.843,4131975
1789153224,5,0,0.358,4131975
1789153224,3,0,0.093,4131975
1789153224,1,0,0.002,4131975
1789153225,5,0,0.608,4131975
1789153226,4,0,0.634,4131975
1789153226,0,0,0.003,4131975
1789153226,2,0,0.473,4131975
1789153226,5,0,0.139,4131975
1789153227,4,0,0.489,4131975
1789153227,6,0,0.005,4131975
1789153228,5,0,1.507,4131975
1789153228,6,0,0.009,4131975
1789153228,0,0,0.004,4131975
1789153229,4,0,0.358,4131975
1789153229,6,0,0.005,4131975
1789153229,3,0,0.081,4131975
1789153229,0,0,0.005,4131975
1789153229,3,0,0.066,4131975
1789153229,6,0,0.01,4131975
1789153229,3,0,0.066,4131975
1789153229,5,0,0.118,4131975
1789153230,4,0,0.771,4131975
1789153230,0,0,0.006,4131975
1789153230,7,0,0.137,4131975
1789153230,6,0,0.005,4131975
1789153231,4,0,0.691,4131975
1789153231,4,0,0.443,4131975
1789153231,4,0,0.453,4131975
1789153231,3,0,0.019,4131975
1789153232,4,0,0.362,4131975
1789153232,7,0,0.156,4131975
1789153232,6,0,0.002,4131975
1789153232,1,0,0.001,4131975
1789153233,4,0,0.644,4131975
1789153237,7,0,4.31,4131975
1789153237,6,0,0.014,4131975
1789153238,4,0,1.362,4131975
1789153239,4,0,0.356,4131975
1789153241,5,0,2.341,4131975
1789153241,6,0,0.005,4131975
1789153241,3,0,0.071,4131975
1789153241,0,0,0.008,4131975
1789153242,4,0,0.486,4131975
1789153242,4,0,0.475,4131975
1789153242,0,0,0.003,4131975
1789153242,3,0,0.013,4131975
1789153242,0,0,0.006,4131975
1789153242,4,0,0.313,4131975
1789153242,6,0,0.005,4131975
1789153242,3,0,0.041,4131975
1789153243,4,0,0.212,4131975
1789153244,4,0,1.022,4131975
1789153244,0,0,0.009,4131975
1789153244,2,0,0.773,4131975
1789153244,0,0,0.003,4131975
1789153245,3,0,0.03,4131975
1789153245,4,0,0.739,4131975
1789153245,3,0,0.158,4131975
1789153246,4,0,0.675,4131975
1789153247,2,0,0.57,4131975
1789153247,0,0,0.003,4131975
1789153247,2,0,0.001,4131975
1789153248,4,0,0.889,4131975
1789153248,3,0,0.008,4131975
1789153248,4,0,0.214,4131975
1789153248,3,0,0.037,4131975
1789153248,6,0,0.006,4131975
1789153248,3,0,0.048,4131975
1789153248,0,0,0.042,4131975
1789153250,2,0,2.281,4131975
1789153250,3,0,0.019,4131975
1789153250,3,0,0.119,4131975
1789153250,3,0,0.088,4131975
1789153250,3,0,0.008,4131975
1789153250,6,0,0.005,4131975
1789153251,3,0,0.121,4131975
1789153252,4,0,1.596,4131975
1789153253,5,0,1.141,4131975
1789153255,4,0,1.347,4131975
1789153255,5,0,0.384,4131975
1789153256,4,0,0.963,4131975
1789153256,4,0,0.445,4131975
1789153256,1,0,0.001,4131975
1789153256,1,0,0.001,4131975
1789153257,4,0,0.447,4131975
1789153257,3,0,0.004,4131975
1789153258,5,0,0.83,4131975
1789153258,2,0,0.528,4131975
1789153258,5,0,0.126,4131975
1789153258,3,0,0.074,4131975
1789153258,6,0,0.009,4131975
1789153258,2,0,0.003,4131975
1789153258,1,0,0.001,4131975
1789153259,2,0,0.722,4131975
1789153259,6,0,0.019,4131975
1789153260,4,0,0.548,4131975
1789153260,3,0,0.119,4131975
1789153260,3,0,0.129,4131975
1789153260,0,0,0.005,4131975
1789153260,3,0,0.07,4131975
1789153260,1,0,0.001,4131975
1789153261,4,0,0.689,4131975
1789153261,6,0,0.006,4131975
1789153261,4,0,0.418,4131975
1789153262,4,0,0.725,4131975
1789153263,2,0,0.673,4131975
1789153263,0,0,0.014,4131975
1789153263,3,0,0.215,4131975
1789153264,4,0,0.797,4131975
1789153264,3,0,0.004,4131975
1789153264,3,0,0.13,4131975
1789153264,1,0,0.002,4131975
1789153264,2,0,0.369,4131975
1789153264,3,0,0.095,4131975
1789153265,2,0,0.517,4131975
1789153265,3,0,0.005,4131975
1789153265,0,0,0.009,4131975
1789153266,2,0,0.899,4131975
1789153266,1,0,0.002,4131975
1789153266,6,0,0.009,4131975
1789153266,2,0,0.001,4131975
1789153266,4,0,0.473,4131975
1789153266,5,0,0.262,4131975
1789153266,6,0,0.008,4131975
1789153267,2,0,0.743,4131975
1789153268,4,0,0.751,4131975
1789153268,3,0,0.003,4131975
1789153268,1,0,0.001,4131975
1789153268,2,0,0.604,4131975
1789153273,5,0,4.44,4131975
1789153274,5,0,0.679,4131975
1789153274,2,0,0.001,4131975
1789153274,3,0,0.033,4131975
1789153274,4,0,0.499,4131975
1789153275,4,0,0.528,4131975
1789153275,6,0,0.009,4131975
1789153277,5,0,2.518,4131975
1789153277,2,0,0.001,4131975
1789153278,5,0,0.523,4131975
1789153278,1,0,0.001,4131975
1789153278,3,0,0.038,4131975
1789153278,1,0,0.001,4131975
1789153278,0,0,0.008,4131975
1789153278,4,0,0.564,4131975
1789153278,2,0,0.001,4131975
1789153278,3,0,0.071,4131975
1789153279,5,0,0.985,4131975
1789153284,7,0,4.137,4131975
1789153284,1,0,0.002,4131975
1789153284,3,0,0.019,4131975
1789153284,6,0,0.006,4131975
1789153284,2,0,0.005,4131975
1789153285,5,0,1.118,4131975
1789153285,1,0,0.001,4131975
1789153285,4,0,0.553,4131975
1789153285,1,0,0.001,4131975
1789153285,6,0,0.005,4131975
1789153285,1,0,0.001,4131975
1789153285,0,0,0.014,4131975
1789153285,0,0,0.004,4131975
1789153286,4,0,1.119,4131975
1789153286,2,0,0.002,4131975
1789153286,0,0,0.014,4131975
1789153287,4,0,0.383,4131975
1789153287,5,0,0.467,4131975
1789153287,2,0,0.001,4131975
1789153287,0,0,0.012,4131975
1789153287,2,0,0.23,4131975
1789153288,4,0,0.498,4131975
1789153288,2,0,0.509,4131975
1789153289,4,0,0.366,4131975
1789153290,4,0,0.802,4131975
1789153290,4,0,0.544,4131975
1789153290,6,0,0.004,4131975
1789153290,3,0,0.04,4131975
1789153290,5,0,0.134,4131975
1789153290,6,0,0.01,4131975
1789153290,3,0,0.048,4131975
1789153290,0,0,0.007,4131975
1789153291,4,0,0.421,4131975
1789153291,0,0,0.006,4131975
1789153291,0,0,0.005,4131975
1789153292,5,0,0.988,4131975
1789153292,3,0,0.003,4131975
1789153293,4,0,0.723,4131975
1789153293,0,0,0.007,4131975
1789153293,0,0,0.01,4131975
1789153293,0,0,0.014,4131975
1789153293,2,0,0.766,4131975
1789153293,0,0,0.015,4131975
1789153294,2,0,0.318,4131975
1789153294,5,0,0.106,4131975
1789153294,6,0,0.006,4131975
1789153294,3,0,0.007,4131975
1789153294,6,0,0.004,4131975
1789153294,3,0,0.009,4131975
1789153294,5,0,0.455,4131975
1789153295,5,0,0.376,4131975
1789153295,2,0,0.713,4131975
1789153296,5,0,0.142,4131975
1789153296,6,0,0.005,4131975
1789153296,0,0,0.004,4131975
1789153296,0,0,0.008,4131975
1789153296,0,0,0.009,4131975
1789153296,0,0,0.004,4131975
1789153296,3,0,0.065,4131975
1789153296,3,0,0.054,4131975
1789153296,3,0,0.086,4131975
1789153296,3,0,0.033,4131975
1789153296,2,0,0.578,4131975
1789153297,4,0,0.521,4131975
1789153297,2,0,0.001,4131975
1789153297,3,0,0.047,4131975
1789153297,0,0,0.004,4131975
1789153297,3,0,0.007,4131975
1789153302,5,0,4.941,4131975
1789153302,0,0,0.009,4131975
1789153302,0,0,0.004,4131975
1789153302,0,0,0.009,4131975
1789153302,0,0,0.009,4131975
1789153302,3,0,0.077,4131975
1789153302,6,0,0.009,4131975
1789153302,7,0,0.274,4131975
1789153306,5,0,3.27,4131975
1789153306,2,0,0.003,4131975
1789153306,3,0,0.036,4131975
1789153306,2,0,0.265,4131975
1789153306,1,0,0.001,4131975
1789153306,3,0,0.033,4131975
1789153306,4,0,0.44,4131975
1789153307,4,0,0.452,4131975
1789153307,4,0,0.273,4131975
1789153307,2,0,0,4131975
1789153308,2,0,0.574,4131975
1789153308,6,0,0.017,4131975
1789153308,6,0,0.008,4131975
1789153308,4,0,0.268,4131975
1789153308,6,0,0.006,4131975
1789153314,5,0,5.866,4131975
1789153314,3,0,0.07,4131975
1789153314,6,0,0.01,4131975
1789153314,0,0,0.013,4131975
1789153314,2,0,0.002,4131975
1789153314,2,0,0.001,4131975
1789153314,1,0,0.001,4131975
1789153314,0,0,0.006,4131975
1789153314,5,0,0.115,4131975
1789153314,0,0,0.008,4131975
1789153315,2,0,0.481,4131975
1789153315,2,0,0.392,4131975
1789153315,6,0,0.008,4131975
1789153315,0,0,0.003,4131975
1789153315,3,0,0.004,4131975
1789153316,4,0,0.95,4131975
1789153319,5,0,3.012,4131975
1789153319,2,0,0.002,4131975
1789153319,0,0,0.009,4131975
1789153319,0,0,0.005,4131975
1789153319,4,0,0.358,4131975
1789153319,1,0,0.002,4131975
1789153319,6,0,0.008,4131975
1789153320,2,0,0.828,4131975
1789153324,5,0,4.148,4131975
1789153325,4,0,0.315,4131975
1789153325,3,0,0.049,4131975
1789153325,4,0,0.431,4131975
1789153325,3,0,0.18,4131975
1789153326,5,0,0.436,4131975
1789153326,2,0,0.438,4131975
1789153326,2,0,0.001,4131975
1789153326,0,0,0.005,4131975
1789153326,2,0,0.272,4131975
1789153326,3,0,0.042,4131975
1789153327,4,0,0.519,4131975
1789153327,1,0,0.001,4131975
1789153327,5,0,0.164,4131975
1789153327,3,0,0.024,4131975
1789153327,6,0,0.005,4131975
1789153329,5,0,2.092,4131975
1789153329,2,0,0.002,4131975
1789153330,4,0,0.968,4131975
1789153331,5,0,0.552,4131975
1789153331,2,0,0.001,4131975
1789153331,6,0,0.004,4131975
1789153331,0,0,0.003,4131975
1789153331,0,0,0.011,4131975
1789153331,6,0,0.007,4131975
1789153336,5,0,5.183,4131975
1789153337,4,0,0.928,4131975
1789153337,2,0,0.002,4131975
1789153337,2,0,0.545,4131975
1789153337,3,0,0.025,4131975
1789153338,5,0,0.149,4131975
1789153338,4,0,0.199,4131975
1789153338,5,0,0.26,4131975
1789153339,5,0,0.939,4131975
1789153339,2,0,0.003,4131975
1789153339,6,0,0.004,4131975
1789153343,7,0,3.967,4131975
1789153344,4,0,1.02,4131975
1789153345,4,0,0.552,4131975
1789153345,6,0,0.021,4131975
1789153345,0,0,0.009,4131975
1789153346,4,0,1.246,4131975
1789153346,0,0,0.006,4131975
1789153347,4,0,0.672,4131975
1789153347,3,0,0.058,4131975
1789153347,0,0,0.013,4131975
1789153347,5,0,0.1,4131975
1789153347,5,0,0.138,4131975
1789153347,4,0,0.338,4131975
1789153347,0,0,0.014,4131975
1789153347,0,0,0.021,4131975
1789153347,3,0,0.076,4131975
1789153348,2,0,0.677,4131975
1789153348,4,0,0.411,4131975
1789153350,4,0,1.23,4131975
1789153350,5,0,0.298,4131975
1789153350,3,0,0.089,4131975
1789153350,6,0,0.009,4131975
1789153350,4,0,0.427,4131975
1789153350,6,0,0.008,4131975
1789153350,3,0,0.062,4131975
1789153355,7,0,4.07,4131975
1789153355,6,0,0.014,4131975
1789153355,3,0,0.013,4131975
1789153355,6,0,0.005,4131975
1789153355,4,0,0.768,4131975
1789153355,3,0,0.052,4131975
1789153356,3,0,0.1,4131975
1789153356,3,0,0.006,4131975
1789153356,4,0,0.783,4131975
1789153356,2,0,0.003,4131975
1789153356,3,0,0.075,4131975
1789153356,2,0,0.002,4131975
1789153356,6,0,0.007,4131975
1789153356,0,0,0.009,4131975
1789153356,2,0,0.001,4131975
1789153357,4,0,0.424,4131975
1789153357,3,0,0.062,4131975
1789153358,4,0,0.651,4131975
1789153358,2,0,0.618,4131975
1789153359,2,0,1.273,4131975
1789153360,4,0,0.718,4131975
1789153360,1,0,0.003,4131975
1789153360,3,0,0.064,4131975
1789153360,5,0,0.131,4131975
1789153360,6,0,0.003,4131975
1789153360,3,0,0.087,4131975
1789153360,2,0,0.001,4131975
1789153360,6,0,0.006,4131975
1789153360,3,0,0.034,4131975
1789153361,3,0,0.086,4131975
1789153362,5,0,1.845,4131975
1789153362,0,0,0.005,4131975
1789153362,0,0,0.011,4131975
1789153362,6,0,0.006,4131975
1789153362,3,0,0.062,4131975
1789153363,2,0,0.813,4131975
1789153364,4,0,0.449,4131975
1789153364,2,0,0.529,4131975
1789153364,2,0,0.002,4131975
1789153364,6,0,0.009,4131975
1789153365,4,0,0.886,4131975
1789153365,6,0,0.011,4131975
1789153366,4,0,0.982,4131975
1789153366,0,0,0.008,4131975
1789153368,4,0,2,4131975
1789153368,1,0,0.001,4131975
1789153369,7,0,0.558,4131975
1789153369,4,0,0.493,4131975
1789153370,4,0,0.656,4131975
1789153370,0,0,0.007,4131975
1789153370,4,0,0.496,4131975
1789153370,6,0,0.004,4131975
1789153370,3,0,0.007,4131975
1789153374,5,0,3.62,4131975
1789153375,5,0,0.664,4131975
1789153375,3,0,0.013,4131975
1789153375,4,0,0.739,4131975
1789153376,4,0,0.888,4131975
1789153376,0,0,0.006,4131975
1789153376,0,0,0.004,4131975
1789153376,3,0,0.06,4131975
1789153376,0,0,0.005,4131975
1789153376,2,0,0.003,4131975
1789153380,5,0,3.938,4131975
1789153381,4,0,0.407,4131975
1789153381,6,0,0.006,4131975
1789153381,1,0,0.001,4131975
1789153381,3,0,0.051,4131975
1789153385,5,0,4.609,4131975
1789153385,0,0,0.009,4131975
1789153385,3,0,0.003,4131975
1789153385,0,0,0.013,4131975
1789153385,0,0,0.006,4131975
1789153386,4,0,0.937,4131975
1789153387,5,0,0.971,4131975
1789153387,3,0,0.012,4131975
1789153389,5,0,1.672,4131975
1789153389,6,0,0.009,4131975
1789153389,0,0,0.005,4131975
1789153389,4,0,0.227,4131975
1789153389,3,0,0.024,4131975
1789153390,2,0,0.729,4131975
1789153391,4,0,0.762,4131975
1789153391,0,0,0.013,4131975
1789153391,3,0,0.02,4131975
1789153391,3,0,0.062,4131975
1789153391,6,0,0.006,4131975
1789153391,3,0,0.08,4131975
1789153391,3,0,0.003,4131975
1789153391,2,0,0.01,4131975
1789153391,3,0,0.024,4131975
1789153391,3,0,0.169,4131975
1789153391,1,0,0.001,4131975
1789153391,7,0,0.227,4131975
1789153392,4,0,0.439,4131975
1789153392,6,0,0.004,4131975
1789153395,5,0,3.256,4131975
1789153395,6,0,0.018,4131975
1789153395,0,0,0.011,4131975
1789153395,3,0,0.002,4131975
1789153395,2,0,0.007,4131975
1789153395,3,0,0.005,4131975
1789153396,4,0,0.537,4131975
1789153399,5,0,3.12,4131975
1789153399,6,0,0.008,4131975
1789153399,2,0,0.003,4131975
1789153399,0,0,0.013,4131975
1789153399,3,0,0.077,4131975
1789153399,3,0,0.044,4131975
1789153399,0,0,0.008,4131975
1789153399,3,0,0.026,4131975
1789153399,0,0,0.005,4131975
1789153399,1,0,0.001,4131975
1789153399,0,0,0.012,4131975
1789153399,3,0,0.049,4131975
1789153399,0,0,0.003,4131975
1789153399,0,0,0.006,4131975
1789153399,0,0,0.004,4131975
1789153399,4,0,0.331,4131975
1789153400,2,0,0.388,4131975
1789153400,5,0,0.277,4131975
1789153401,4,0,0.72,4131975
1789153401,0,0,0.009,4131975
1789153401,1,0,0.001,4131975
1789153401,2,0,0.002,4131975
1789153401,4,0,0.384,4131975
1789153402,4,0,0.371,4131975
1789153402,6,0,0.009,4131975
1789153402,1,0,0.001,4131975
1789153402,0,0,0.007,4131975
1789153402,3,0,0.051,4131975
1789153402,0,0,0.005,4131975
1789153402,4,0,0.329,4131975
1789153402,7,0,0.207,4131975
1789153403,4,0,1.341,4131975
1789153404,1,0,0.002,4131975
1789153404,4,0,0.732,4131975
1789153404,0,0,0.011,4131975
1789153404,2,0,0.002,4131975
1789153404,0,0,0.009,4131975
1789153404,6,0,0.006,4131975
1789153404,6,0,0.007,4131975
1789153404,0,0,0.011,4131975
1789153405,4,0,0.499,4131975
1789153405,2,0,0.219,4131975
1789153405,5,0,0.106,4131975
1789153405,3,0,0.034,4131975
1789153405,3,0,0.042,4131975
1789153406,4,0,0.615,4131975
1789153406,6,0,0.007,4131975
1789153406,2,0,0.002,4131975
1789153406,2,0,0.002,4131975
1789153406,2,0,0.003,4131975
1789153406,3,0,0.005,4131975
1789153406,2,0,0.002,4131975
1789153406,0,0,0.005,4131975
1789153406,4,0,0.374,4131975
1789153407,4,0,0.371,4131975
1789153408,4,0,0.955,4131975
1789153408,4,0,0.427,4131975
1789153409,2,0,1.027,4131975
1789153409,4,0,0.315,4131975
1789153410,4,0,0.45,4131975
1789153411,4,0,0.841,4131975
1789153411,4,0,0.614,4131975
1789153411,3,0,0.053,4131975
1789153411,0,0,0.009,4131975
1789153411,2,0,0.185,4131975
1789153412,4,0,0.518,4131975
1789153413,4,0,0.767,4131975
1789153414,4,0,0.815,4131975
1789153414,0,0,0.004,4131975
1789153414,3,0,0.029,4131975
1789153414,4,0,0.415,4131975
1789153415,4,0,0.617,4131975
1789153415,2,0,0.398,4131975
1789153415,4,0,0.423,4131975
1789153415,1,0,0.001,4131975
1789153415,6,0,0.006,4131975
1789153416,5,0,0.125,4131975
1789153416,2,0,0.784,4131975
1789153417,4,0,1.079,4131975
1789153418,3,0,0.176,4131975
1789153418,0,0,0.01,4131975
1789153419,2,0,1.147,4131975
1789153419,0,0,0.012,4131975
1789153419,0,0,0.015,4131975
1789153419,2,0,0.002,4131975
1789153423,7,0,4.088,4131975
1789153424,4,0,1.264,4131975
1789153424,2,0,0.343,4131975
1789153424,0,0,0.005,4131975
1789153425,4,0,0.372,4131975
1789153425,0,0,0.007,4131975
1789153425,4,0,0.44,4131975
1789153430,5,0,4.924,4131975
1789153431,2,0,0.395,4131975
1789153431,4,0,0.231,4131975
1789153431,3,0,0.01,4131975
1789153431,3,0,0.012,4131975
1789153431,3,0,0.029,4131975
1789153431,1,0,0.001,4131975
1789153431,0,0,0.011,4131975
1789153431,2,0,0.491,4131975
1789153433,4,0,1.197,4131975
1789153433,3,0,0.009,4131975
1789153433,1,0,0.001,4131975
1789153433,3,0,0.01,4131975
1789153433,0,0,0.01,4131975
1789153433,0,0,0.008,4131975
1789153434,4,0,1.613,4131975
1789153435,4,0,0.715,4131975
1789153436,4,0,0.68,4131975
1789153436,0,0,0.011,4131975
1789153436,2,0,0.002,4131975
1789153436,6,0,0.017,4131975
1789153436,4,0,0.485,4131975
1789153436,3,0,0.085,4131975
1789153436,3,0,0.083,4131975
1789153436,2,0,0.002,4131975
1789153436,3,0,0.002,4131975
1789153437,4,0,0.376,4131975
1789153437,2,0,0,4131975
1789153437,2,0,0.347,4131975
1789153439,4,0,1.838,4131975
1789153439,3,0,0.011,4131975
1789153439,0,0,0.009,4131975
1789153439,3,0,0.004,4131975
1789153440,4,0,0.598,4131975
1789153441,4,0,1,4131975
1789153441,6,0,0.009,4131975
1789153441,0,0,0.005,4131975
1789153441,7,0,0.164,4131975
1789153441,4,0,0.362,4131975
1789153442,5,0,0.49,4131975
1789153447,5,0,5.464,4131975
1789153447,1,0,0.001,4131975
1789153447,2,0,0.004,4131975
1789153447,3,0,0.062,4131975
1789153447,2,0,0.239,4131975
1789153447,6,0,0.01,4131975
1789153447,6,0,0.005,4131975
1789153449,2,0,1.308,4131975
1789153449,2,0,0.44,4131975
1789153449,1,0,0.002,4131975
1789153449,3,0,0.004,4131975
1789153450,4,0,0.787,4131975
1789153450,3,0,0.017,4131975
1789153454,5,0,3.996,4131975
1789153454,4,0,0.301,4131975
1789153454,0,0,0.003,4131975
1789153454,0,0,0.014,4131975
1789153454,6,0,0.008,4131975
1789153454,2,0,0.003,4131975
1789153454,6,0,0.008,4131975
1789153454,3,0,0.033,4131975
1789153454,3,0,0.041,4131975
1789153455,4,0,0.56,4131975
1789153455,0,0,0.01,4131975
1789153455,0,0,0.01,4131975
1789153455,4,0,0.221,4131975
1789153455,6,0,0.006,4131975
1789153456,2,0,0.75,4131975
1789153456,1,0,0.001,4131975
1789153456,4,0,0.436,4131975
1789153457,4,0,0.924,4131975
1789153457,3,0,0.008,4131975
1789153458,4,0,0.556,4131975
1789153458,1,0,0.001,4131975
1789153458,3,0,0.007,4131975
1789153458,4,0,0.58,4131975
1789153458,1,0,0.002,4131975
1789153458,0,0,0.009,4131975
1789153458,0,0,0.007,4131975
1789153458,0,0,0.005,4131975
1789153458,3,0,0.075,4131975
1789153458,2,0,0.002,4131975
1789153459,4,0,1.008,4131975
1789153459,6,0,0.008,4131975
1789153460,0,0,0.009,4131975
1789153460,0,0,0.018,4131975
1789153464,5,0,4.382,4131975
1789153464,3,0,0.033,4131975
1789153465,2,0,1.472,4131975
1789153467,4,0,1.134,4131975
1789153467,4,0,0.655,4131975
1789153467,3,0,0.009,4131975
1789153468,2,0,0.458,4131975
1789153468,6,1,0.004,4131975
1789153468,6,0,0.003,4131975
1789153469,4,0,0.903,4131975
1789153469,0,0,0.006,4131975
1789153469,2,0,0.441,4131975
1789153469,0,0,0.009,4131975
1789153469,2,0,0.002,4131975
1789153469,2,0,0.001,4131975
1789153469,2,0,0.002,4131975
1789153469,2,0,0.003,4131975
1789153469,4,0,0.31,4131975
1789153470,4,0,0.648,4131975
1789153470,6,0,0.008,4131975
1789153471,5,0,1.413,4131975
1789153471,6,0,0.005,4131975
1789153471,1,0,0.002,4131975
1789153472,4,0,0.296,4131975
1789153472,3,0,0.006,4131975
1789153472,4,0,0.361,4131975
1789153472,2,0,0.001,4131975
1789153472,0,0,0.009,4131975
1789153473,4,0,0.72,4131975
1789153473,0,0,0.017,4131975
1789153474,4,0,0.936,4131975
1789153474,4,0,0.539,4131975
1789153474,6,0,0.004,4131975
1789153475,5,0,0.459,4131975
1789153476,2,0,0.722,4131975
1789153476,3,0,0.134,4131975
1789153477,4,0,0.874,4131975
1789153477,2,0,0.004,4131975
1789153477,4,0,0.924,4131975
1789153477,3,0,0.057,4131975
1789153477,1,0,0.001,4131975
1789153478,3,0,0.047,4131975
1789153478,3,0,0.033,4131975
1789153478,0,0,0.006,4131975
1789153478,6,0,0.005,4131975
1789153479,4,0,1.68,4131975
1789153479,0,0,0.005,4131975
1789153480,7,0,0.371,4131975
1789153480,0,0,0.01,4131975
1789153480,4,0,0.44,4131975
1789153481,2,0,0.779,4131975
1789153481,1,0,0.001,4131975
1789153482,4,0,0.769,4131975
1789153482,0,0,0.009,4131975
1789153482,3,0,0.009,4131975
1789153486,5,0,4.728,4131975
1789153492,5,0,5.487,4131975
1789153493,2,0,1.561,4131975
1789153494,3,0,0.098,4131975
1789153494,4,0,0.874,4131975
1789153495,4,0,0.952,4131975
1789153496,7,0,0.466,4131975
1789153496,0,0,0.011,4131975
1789153496,2,0,0.34,4131975
1789153496,0,0,0.01,4131975
1789153497,2,0,0.76,4131975
1789153497,2,0,0.41,4131975
1789153497,3,0,0.078,4131975
1789153497,4,0,0.036,4131975
1789153498,5,0,0.264,4131975
1789153498,0,0,0.011,4131975
1789153498,6,0,0.022,4131975
1789153498,3,0,0.074,4131975
1789153498,0,0,0.003,4131975
1789153498,6,0,0.004,4131975
1789153498,5,0,0.187,4131975
1789153498,0,0,0.004,4131975
1789153498,5,0,0.386,4131975
1789153499,4,0,0.64,4131975
1789153499,1,0,0.001,4131975
1789153499,0,0,0.006,4131975
1789153500,4,0,0.582,4131975
1789153500,3,0,0.011,4131975
1789153500,3,0,0.008,4131975
1789153500,2,0,0.002,4131975
1789153500,3,0,0.056,4131975
1789153500,5,0,0.411,4131975
1789153501,4,0,0.48,4131975
1789153501,3,0,0.011,4131975
1789153501,2,0,0.374,4131975
1789153502,5,0,0.522,4131975
1789153502,3,0,0.007,4131975
1789153502,2,0,0.003,4131975
1789153502,4,0,0.477,4131975
1789153503,2,0,0.904,4131975
1789153503,6,0,0.009,4131975
1789153503,4,0,0.513,4131975
1789153503,1,0,0.001,4131975
1789153504,3,0,0.084,4131975
1789153504,3,0,0.05,4131975
1789153504,3,0,0.004,4131975
1789153504,3,0,0.054,4131975
1789153504,0,0,0.004,4131975
1789153504,0,0,0.007,4131975
1789153504,3,0,0.061,4131975
1789153504,2,0,0.002,4131975
1789153504,2,0,0.003,4131975
1789153504,3,0,0.002,4131975
1789153504,3,0,0.094,4131975
1789153504,3,0,0.074,4131975
1789153504,4,0,0.305,4131975
1789153504,3,0,0.048,4131975
1789153504,4,0,0.246,4131975
1789153505,3,0,0.1,4131975
1789153505,7,0,0.252,4131975
1789153505,5,0,0.351,4131975
1789153505,3,0,0.019,4131975
1789153505,1,0,0.001,4131975
1789153505,7,0,0.201,4131975
1789153506,4,0,0.464,4131975
1789153506,6,0,0.004,4131975
1789153506,2,0,0.538,4131975
1789153507,4,0,0.36,4131975
1789153507,4,0,0.654,4131975
1789153508,4,0,0.909,4131975
1789153508,0,0,0.004,4131975
1789153508,3,0,0.005,4131975
1789153509,2,0,0.31,4131975
1789153512,5,0,3.318,4131975
1789153512,0,0,0.006,4131975
1789153513,4,0,0.514,4131975
1789153513,2,0,0.582,4131975
1789153513,6,0,0.005,4131975
1789153514,4,0,0.78,4131975
1789153514,6,0,0.006,4131975
1789153514,3,0,0.004,4131975
1789153514,5,0,0.159,4131975
1789153514,6,0,0.005,4131975
1789153514,4,0,0.337,4131975
1789153515,4,0,0.234,4131975
1789153515,0,0,0.013,4131975
1789153515,6,0,0.005,4131975
1789153515,3,0,0.118,4131975
1789153515,5,0,0.382,4131975
1789153515,0,0,0.006,4131975
1789153516,4,0,0.496,4131975
1789153516,3,0,0.078,4131975
1789153516,3,0,0.051,4131975
1789153519,5,0,3.335,4131975
1789153519,4,0,0.4,4131975
1789153520,4,0,0.379,4131975
1789153520,2,0,0,4131975
1789153520,3,0,0.1,4131975
1789153521,4,0,0.621,4131975
1789153521,1,0,0.001,4131975
1789153521,6,0,0.006,4131975
1789153521,4,0,0.457,4131975
1789153522,4,0,0.71,4131975
1789153522,6,0,0.013,4131975
1789153522,5,0,0.106,4131975
1789153522,5,0,0.203,4131975
1789153522,0,0,0.009,4131975
1789153522,6,0,0.005,4131975
1789153522,0,0,0.003,4131975
1789153523,4,0,0.747,4131975
1789153524,5,0,0.768,4131975
1789153524,3,0,0.001,4131975
1789153524,1,0,0.002,4131975
1789153524,3,0,0.011,4131975
1789153524,1,0,0.001,4131975
1789153524,2,0,0.002,4131975
1789153524,0,0,0.01,4131975
1789153524,3,0,0.026,4131975
1789153524,3,0,0.091,4131975
1789153525,4,0,1.21,4131975
1789153525,2,0,0.001,4131975
1789153525,3,0,0.051,4131975
1789153525,4,0,0.249,4131975
1789153525,6,0,0.008,4131975
1789153526,4,0,0.738,4131975
1789153526,2,0,0.003,4131975
1789153526,3,0,0.003,4131975
1789153527,4,0,1.039,4131975
1789153527,5,0,0.153,4131975
1789153527,6,0,0.008,4131975
1789153527,0,0,0.01,4131975
1789153528,4,0,0.401,4131975
1789153528,6,0,0.004,4131975
1789153528,4,0,0.369,4131975
1789153529,4,0,0.576,4131975
1789153529,5,0,0.155,4131975
1789153529,2,0,0.218,4131975
1789153529,5,0,0.192,4131975
1789153530,2,0,0.612,4131975
1789153530,0,0,0.003,4131975
1789153530,1,0,0.001,4131975
1789153530,3,0,0.175,4131975
1789153531,2,0,1.167,4131975
1789153532,4,0,0.526,4131975
1789153532,3,0,0.068,4131975
1789153533,2,0,1.353,4131975
1789153533,2,0,0.001,4131975
1789153533,3,0,0.003,4131975
1789153533,2,0,0.002,4131975
1789153533,3,0,0.006,4131975
1789153533,0,0,0.011,4131975
1789153533,0,0,0.003,4131975
1789153533,3,0,0.003,4131975
1789153533,6,0,0.011,4131975
1789153533,0,0,0.005,4131975
1789153533,5,0,0.143,4131975
1789153534,4,0,0.818,4131975
1789153534,5,0,0.109,4131975
1789153534,0,0,0.002,4131975
1789153535,4,0,1.226,4131975
1789153536,4,0,0.277,4131975
1789153536,6,0,0.004,4131975
1789153536,0,0,0.017,4131975
1789153536,6,0,0.004,4131975
1789153536,4,0,0.524,4131975
1789153537,2,0,0.806,4131975
1789153538,5,0,0.703,4131975
1789153540,4,0,2.078,4131975
1789153540,0,0,0.007,4131975
1789153540,3,0,0.011,4131975
1789153540,3,0,0.158,4131975
1789153540,3,0,0.08,4131975
1789153541,2,0,0.943,4131975
1789153541,1,0,0.001,4131975
1789153541,0,0,0.014,4131975
1789153541,1,0,0.001,4131975
1789153541,3,0,0.075,4131975
1789153542,2,0,0.396,4131975
1789153542,1,0,0.001,4131975
1789153542,0,0,0.009,4131975
1789153542,2,0,0.001,4131975
1789153542,5,0,0.153,4131975
1789153542,1,0,0.001,4131975
1789153542,0,0,0.012,4131975
1789153542,2,0,0.002,4131975
1789153542,3,0,0.005,4131975
1789153542,3,0,0.028,4131975
1789153542,2,0,0.003,4131975
1789153542,6,0,0.038,4131975
1789153543,4,0,0.862,4131975
1789153544,2,0,1.239,4131975
1789153544,5,0,0.121,4131975
1789153544,2,0,0.003,4131975
1789153544,6,0,0.005,4131975
1789153544,0,0,0.012,4131975
1789153544,3,0,0.033,4131975
1789153544,4,0,0.279,4131975
1789153544,1,0,0.001,4131975
1789153545,2,0,0.479,4131975
1789153545,1,0,0.001,4131975
1789153545,4,0,0.467,4131975
1789153545,0,0,0.007,4131975
1789153545,3,0,0.07,4131975
1789153545,3,0,0.003,4131975
1789153545,3,0,0.069,4131975
1789153546,4,0,0.397,4131975
1789153547,4,0,0.919,4131975
1789153547,4,0,0.274,4131975
1789153548,4,0,0.634,4131975
1789153548,6,0,0.007,4131975
1789153548,0,0,0.005,4131975
1789153548,0,0,0.007,4131975
1789153549,4,0,1.112,4131975
1789153549,3,0,0.059,4131975
1789153549,6,0,0.014,4131975
1789153549,4,0,0.591,4131975
1789153550,4,0,0.68,4131975
1789153550,3,0,0.006,4131975
1789153550,2,0,0.004,4131975
1789153550,3,0,0.11,4131975
1789153550,3,0,0.07,4131975
1789153551,4,0,0.567,4131975
1789153551,0,0,0.007,4131975
1789153551,3,0,0.012,4131975
1789153552,4,0,1.341,4131975
1789153553,7,0,0.323,4131975
1789153553,3,0,0.04,4131975
1789153553,4,0,0.325,4131975
1789153553,3,0,0.118,4131975
1789153553,3,0,0.008,4131975
1789153554,2,0,1.034,4131975
1789153555,4,0,0.736,4131975
1789153556,2,0,0.884,4131975
1789153556,3,0,0.072,4131975
1789153556,0,0,0.021,4131975
1789153559,5,0,3.509,4131975
1789153561,5,0,2.001,4131975
1789153563,4,0,1.209,4131975
1789153563,5,0,0.139,4131975
1789153563,3,0,0.053,4131975
1789153563,4,0,0.47,4131975
1789153563,3,0,0.004,4131975
1789153563,6,0,0.007,4131975
1789153564,4,0,0.934,4131975
1789153564,3,0,0.1,4131975
1789153564,2,0,0.266,4131975
1789153565,2,0,0.433,4131975
1789153565,6,0,0.018,4131975
1789153565,3,0,0.14,4131975
1789153565,2,0,0.002,4131975
1789153566,2,0,0.436,4131975
1789153566,2,0,0.898,4131975
1789153567,3,0,0.134,4131975
1789153567,0,0,0.011,4131975
1789153568,4,0,1.004,4131975
1789153568,2,0,0.01,4131975
1789153573,5,0,5.04,4131975
1789153573,6,0,0.005,4131975
1789153573,3,0,0.012,4131975
1789153573,2,0,0.628,4131975
1789153573,0,0,0.004,4131975
1789153573,0,0,0.004,4131975
1789153574,4,0,0.501,4131975
1789153574,5,0,0.423,4131975
1789153574,0,0,0.007,4131975
1789153574,2,0,0.003,4131975
1789153576,4,0,1.486,4131975
1789153576,6,0,0.021,4131975
1789153576,6,0,0.005,4131975
1789153577,4,0,0.808,4131975
1789153577,0,0,0.012,4131975
1789153577,4,0,0.643,4131975
1789153577,6,0,0.008,4131975
1789153578,2,0,0.471,4131975
1789153578,3,0,0.132,4131975
1789153578,2,0,0.003,4131975
1789153578,3,0,0.007,4131975
1789153578,3,0,0.061,4131975
1789153580,4,0,1.729,4131975
1789153580,0,0,0.013,4131975
1789153580,1,0,0.001,4131975
1789153580,3,0,0.003,4131975
1789153580,7,0,0.73,4131975
1789153581,2,0,0.438,4131975
1789153581,0,0,0.004,4131975
1789153581,1,0,0.001,4131975
1789153581,3,0,0.125,4131975
1789153582,4,0,1.348,4131975
1789153582,1,0,0.002,4131975
1789153582,3,0,0.102,4131975
1789153583,4,0,1.047,4131975
1789153584,4,0,0.303,4131975
1789153584,2,0,0.001,4131975
1789153584,0,0,0.009,4131975
1789153584,0,0,0.005,4131975
1789153585,2,0,0.838,4131975
1789153585,4,0,0.249,4131975
1789153585,0,0,0.005,4131975
1789153585,4,0,0.34,4131975
1789153585,3,0,0.005,4131975
1789153585,3,0,0.075,4131975
1789153585,6,0,0.006,4131975
1789153586,2,0,0.332,4131975
1789153586,3,0,0.005,4131975
1789153586,1,0,0.002,4131975
1789153590,5,0,3.93,4131975
1789153590,2,0,0.002,4131975
1789153591,4,0,1.121,4131975
1789153591,0,0,0.005,4131975
1789153596,7,0,5.356,4131975
1789153596,3,0,0.051,4131975
1789153596,1,0,0.001,4131975
1789153596,1,0,0,4131975
1789153596,3,0,0.003,4131975
1789153597,2,0,1.237,4131975
1789153597,0,0,0.007,4131975
1789153597,6,0,0.007,4131975
1789153597,3,0,0.039,4131975
1789153597,0,0,0.003,4131975
1789153597,6,0,0.007,4131975
1789153597,0,0,0.006,4131975
1789153597,0,0,0.007,4131975
1789153597,6,0,0.004,4131975
1789153598,2,0,0.213,4131975
1789153598,3,0,0.068,4131975
1789153598,0,0,0.011,4131975
1789153598,6,0,0.005,4131975
1789153598,1,0,0.001,4131975
1789153598,4,0,0.243,4131975
1789153598,4,0,0.369,4131975
1789153598,1,0,0.001,4131975
1789153598,6,0,0.005,4131975
1789153598,1,0,0.001,4131975
1789153598,0,0,0.009,4131975
1789153598,6,0,0.024,4131975
1789153598,3,0,0.104,4131975
1789153599,2,0,0.756,4131975
1789153599,7,0,0.215,4131975
1789153600,4,0,0.382,4131975
1789153600,2,0,0.312,4131975
1789153600,0,0,0.011,4131975
1789153603,5,0,3.148,4131975
1789153603,4,0,0.233,4131975
1789153604,4,0,0.487,4131975
1789153604,3,0,0.083,4131975
1789153604,6,0,0.013,4131975
1789153605,2,0,0.448,4131975
1789153606,4,0,1.2,4131975
1789153606,2,0,0.002,4131975
1789153606,4,0,0.317,4131975
1789153606,3,0,0.043,4131975
1789153607,5,0,0.626,4131975
1789153608,5,0,0.966,4131975
1789153609,4,0,1.225,4131975
1789153609,3,0,0.015,4131975
1789153610,4,0,1.066,4131975
1789153611,4,0,1.097,4131975
1789153617,5,0,5.744,4131975
1789153617,4,0,0.586,4131975
1789153618,4,0,0.657,4131975
1789153618,0,0,0.024,4131975
1789153618,0,0,0.022,4131975
1789153619,2,0,0.911,4131975
1789153619,0,0,0.009,4131975
1789153619,3,0,0.059,4131975
1789153620,4,0,0.486,4131975
1789153620,2,0,0.76,4131975
1789153620,0,0,0.004,4131975
1789153621,5,0,0.202,4131975
1789153621,5,0,0.682,4131975
1789153622,4,0,0.48,4131975
1789153622,1,0,0.001,4131975
1789153622,3,0,0.006,4131975
1789153622,3,0,0.146,4131975
1789153622,3,0,0.048,4131975
1789153622,3,0,0.073,4131975
1789153622,4,0,0.346,4131975
1789153623,4,0,0.446,4131975
1789153623,3,0,0.096,4131975
1789153623,4,0,0.407,4131975
1789153623,3,0,0.009,4131975
1789153623,2,0,0.004,4131975
1789153623,6,0,0.007,4131975
1789153623,3,0,0.038,4131975
1789153624,4,0,0.9,4131975
1789153625,4,0,0.565,4131975
1789153625,6,0,0.029,4131975
1789153625,6,0,0.019,4131975
1789153626,4,0,1.222,4131975
1789153626,2,0,0.002,4131975
1789153626,3,0,0.01,4131975
1789153627,4,0,0.567,4131975
1789153627,0,0,0.011,4131975
1789153627,4,0,0.627,4131975
1789153627,0,0,0.003,4131975
1789153629,2,0,1.401,4131975
1789153629,2,0,0.766,4131975
1789153630,4,0,0.382,4131975
1789153630,1,0,0.001,4131975
1789153630,0,0,0.004,4131975
1789153630,3,0,0.017,4131975
1789153630,3,0,0.096,4131975
1789153630,0,0,0.006,4131975
1789153630,0,0,0.011,4131975
1789153630,4,0,0.433,4131975
1789153630,3,0,0.027,4131975
1789153630,3,0,0.049,4131975
1789153630,0,0,0.004,4131975
1789153630,6,0,0.006,4131975
1789153631,3,0,0.011,4131975
1789153631,6,0,0.004,4131975
1789153631,3,0,0.083,4131975
1789153631,3,0,0.118,4131975
1789153634,5,0,3.756,4131975
1789153635,2,0,0.332,4131975
1789153635,4,0,0.36,4131975
1789153635,3,0,0.047,4131975
1789153635,3,0,0.099,4131975
1789153636,4,0,0.331,4131975
1789153636,2,0,0.003,4131975
1789153636,6,0,0.007,4131975
1789153636,3,0,0.086,4131975
1789153636,2,0,0.003,4131975
1789153641,5,0,4.913,4131975
1789153644,5,0,3.709,4131975
1789153644,2,0,0.002,4131975
1789153644,0,0,0.006,4131975
1789153646,2,0,1.346,4131975
1789153646,6,0,0.009,4131975
1789153646,0,0,0.005,4131975
1789153646,6,0,0.007,4131975
1789153646,6,0,0.007,4131975
1789153646,0,0,0.004,4131975
1789153646,3,0,0.083,4131975
1789153646,2,0,0.002,4131975
1789153646,0,0,0.003,4131975
1789153646,2,0,0.298,4131975
1789153646,0,0,0.004,4131975
1789153647,4,0,0.56,4131975
1789153647,6,0,0.005,4131975
1789153648,4,0,1.309,4131975
1789153648,0,0,0.002,4131975
1789153648,0,0,0.01,4131975
1789153649,4,0,0.842,4131975
1789153649,4,0,0.327,4131975
1789153649,0,0,0.004,4131975
1789153649,3,0,0.012,4131975
1789153650,4,0,0.387,4131975
1789153650,3,0,0.03,4131975
1789153650,6,0,0.005,4131975
1789153650,6,0,0.011,4131975
1789153653,5,0,3.442,4131975
1789153653,0,0,0.005,4131975
1789153653,5,0,0.126,4131975
1789153655,4,0,1.605,4131975
1789153655,0,0,0.011,4131975
1789153659,5,0,3.843,4131975
1789153659,0,0,0.003,4131975
1789153659,3,0,0.075,4131975
1789153659,3,0,0.016,4131975
1789153663,7,0,4.069,4131975
1789153663,2,0,0.408,4131975
1789153663,6,0,0.011,4131975
1789153663,3,0,0.036,4131975
1789153663,3,0,0.007,4131975
1789153663,3,0,0.003,4131975
1789153663,3,0,0.004,4131975
1789153663,6,0,0.006,4131975
1789153663,0,0,0.003,4131975
1789153663,3,0,0.012,4131975
1789153664,2,0,0.449,4131975
1789153664,2,0,0.001,4131975
1789153664,7,0,0.27,4131975
1789153665,4,0,0.524,4131975
1789153665,5,0,0.151,4131975
1789153666,4,0,0.951,4131975
1789153666,3,0,0.042,4131975
1789153666,6,0,0.005,4131975
1789153666,4,0,0.443,4131975
1789153666,0,0,0.006,4131975
1789153666,0,0,0.016,4131975
1789153666,6,0,0.008,4131975
1789153666,0,0,0.008,4131975
1789153666,0,0,0.006,4131975
1789153666,6,0,0.007,4131975
1789153666,3,0,0.021,4131975
1789153667,4,0,0.349,4131975
1789153667,2,0,0.002,4131975
1789153667,6,0,0.005,4131975
1789153667,5,0,0.774,4131975
1789153667,0,0,0.004,4131975
1789153667,6,0,0.006,4131975
1789153667,0,0,0.006,4131975
1789153667,2,0,0.003,4131975
1789153667,0,0,0.008,4131975
1789153669,4,0,1.835,4131975
1789153669,2,0,0.002,4131975
1789153670,4,0,0.463,4131975
1789153670,4,0,0.504,4131975
1789153670,6,0,0.008,4131975
1789153671,4,0,1.22,4131975
1789153671,6,0,0.005,4131975
1789153671,1,0,0.003,4131975
1789153672,4,0,0.345,4131975
1789153673,4,0,0.786,4131975
1789153673,3,0,0.087,4131975
1789153673,6,0,0.005,4131975
1789153673,6,0,0.003,4131975
1789153673,6,0,0.007,4131975
1789153673,4,0,0.27,4131975
1789153675,4,0,1.946,4131975
1789153675,3,0,0.01,4131975
1789153675,4,0,0.258,4131975
1789153675,0,0,0.01,4131975
1789153676,2,0,0.523,4131975
1789153676,4,0,0.572,4131975
1789153677,4,0,0.531,4131975
1789153677,0,0,0.002,4131975
1789153677,4,0,0.431,4131975
1789153677,6,0,0.007,4131975
1789153677,3,0,0.04,4131975
1789153677,3,0,0.12,4131975
1789153677,0,0,0.002,4131975
1789153678,4,0,0.807,4131975
1789153678,2,0,0.268,4131975
1789153678,0,0,0.012,4131975
1789153678,6,0,0.004,4131975
1789153679,0,0,0.009,4131975
1789153679,2,0,0.452,4131975
1789153679,5,0,0.183,4131975
1789153683,5,0,3.769,4131975
1789153683,4,0,0.554,4131975
1789153683,0,0,0.004,4131975
1789153684,4,0,0.773,4131975
1789153687,5,0,3.255,4131975
1789153688,2,0,0.419,4131975
1789153688,3,0,0.016,4131975
1789153688,0,0,0.009,4131975
1789153688,0,0,0.003,4131975
1789153688,6,0,0.004,4131975
1789153688,4,0,0.441,4131975
1789153688,6,0,0.007,4131975
1789153689,4,0,0.469,4131975
1789153689,6,0,0.006,4131975
1789153689,4,0,0.375,4131975
1789153690,5,0,0.63,4131975
1789153690,6,0,0.006,4131975
1789153690,6,0,0.004,4131975
1789153690,6,0,0.007,4131975
1789153690,6,0,0.005,4131975
1789153690,5,0,0.55,4131975
1789153694,5,0,3.764,4131975
1789153694,2,0,0.001,4131975
1789153698,5,0,4.17,4131975
1789153699,3,0,0.169,4131975
1789153699,2,0,0.639,4131975
1789153700,2,0,0.852,4131975
1789153700,4,0,0.329,4131975
1789153704,5,0,3.933,4131975
1789153704,3,0,0.011,4131975
1789153705,5,0,0.492,4131975
1789153705,2,0,0.003,4131975
1789153705,3,0,0.099,4131975
1789153706,4,0,1.216,4131975
1789153707,5,0,0.656,4131975
1789153707,5,0,0.585,4131975
1789153708,4,0,0.26,4131975
1789153708,1,0,0.002,4131975
1789153708,0,0,0.009,4131975
1789153708,0,0,0.009,4131975
1789153708,1,0,0.002,4131975
1789153708,0,0,0.014,4131975
1789153708,5,0,0.141,4131975
1789153708,4,0,0.503,4131975
1789153708,0,0,0.004,4131975
1789153709,2,0,0.576,4131975
1789153709,3,0,0.085,4131975
1789153709,0,0,0.004,4131975
1789153710,4,0,0.692,4131975
1789153711,5,0,1.07,4131975
1789153711,4,0,0.717,4131975
1789153712,2,0,0.176,4131975
1789153716,7,0,4.32,4131975
1789153716,3,0,0.012,4131975
1789153717,4,0,1.312,4131975
1789153717,1,0,0.002,4131975
1789153717,1,0,0.001,4131975
1789153717,6,0,0.017,4131975
1789153717,0,0,0.014,4131975
1789153717,3,0,0.004,4131975
1789153718,5,0,0.378,4131975
1789153718,2,0,0.337,4131975
1789153718,1,0,0.002,4131975
1789153719,5,0,0.908,4131975
1789153719,0,0,0.006,4131975
1789153719,3,0,0.037,4131975
1789153719,2,0,0.002,4131975
1789153719,6,0,0.004,4131975
1789153719,4,0,0.268,4131975
1789153719,1,0,0.002,4131975
1789153720,4,0,0.646,4131975
1789153720,2,0,0.003,4131975
1789153720,2,0,0.002,4131975
1789153720,0,0,0.013,4131975
1789153720,4,0,0.488,4131975
1789153720,3,0,0.008,4131975
1789153720,1,0,0.001,4131975
1789153721,4,0,0.595,4131975
1789153721,6,0,0.005,4131975
1789153725,5,0,4.16,4131975
1789153725,0,0,0.006,4131975
1789153726,4,0,1.168,4131975
1789153726,3,0,0.005,4131975
1789153727,4,0,0.447,4131975
1789153727,0,0,0.071,4131975
1789153727,3,0,0.149,4131975
1789153727,6,0,0.006,4131975
1789153727,2,0,0.01,4131975
1789153727,6,0,0.004,4131975
1789153727,6,0,0.008,4131975
1789153727,3,0,0.007,4131975
1789153727,3,0,0.082,4131975
1789153728,4,0,0.654,4131975
1789153728,4,0,0.179,4131975
1789153728,4,0,0.379,4131975
1789153728,0,0,0.022,4131975
1789153728,1,0,0.001,4131975
1789153730,4,0,1.33,4131975
1789153730,5,0,0.139,4131975
1789153730,6,0,0.007,4131975
1789153730,3,0,0.101,4131975
1789153730,0,0,0.025,4131975
1789153730,3,0,0.017,4131975
1789153730,6,0,0.008,4131975
1789153731,4,0,0.594,4131975
1789153731,2,0,0.752,4131975
1789153731,6,0,0.005,4131975
1789153732,7,0,0.572,4131975
1789153734,7,0,2.469,4131975
1789153734,1,0,0.002,4131975
1789153735,2,0,0.543,4131975
1789153736,4,0,0.681,4131975
1789153736,0,0,0.007,4131975
1789153736,2,0,0.323,4131975
1789153737,4,0,0.653,4131975
1789153737,3,0,0.002,4131975
1789153737,6,0,0.016,4131975
1789153737,2,0,0.013,4131975
1789153737,2,0,0.537,4131975
1789153737,0,0,0.009,4131975
1789153737,3,0,0.014,4131975
1789153742,5,0,4.706,4131975
1789153742,1,0,0.001,4131975
1789153743,4,0,1.272,4131975
1789153743,1,0,0.001,4131975
1789153743,1,0,0.001,4131975
1789153744,5,0,0.715,4131975
1789153744,0,0,0.004,4131975
1789153747,5,0,3.179,4131975
1789153747,0,0,0.023,4131975
1789153748,4,0,0.829,4131975
1789153748,4,0,0.527,4131975
1789153749,5,0,0.464,4131975
1789153749,6,0,0.007,4131975
1789153749,0,0,0.01,4131975
1789153749,4,0,0.24,4131975
1789153749,3,0,0.023,4131975
1789153749,3,0,0.064,4131975
1789153749,0,0,0.018,4131975
1789153749,0,0,0.012,4131975
1789153749,2,0,0.002,4131975
1789153750,2,0,1.02,4131975
1789153750,3,0,0.063,4131975
1789153750,0,0,0.015,4131975
1789153751,7,0,0.817,4131975
1789153751,0,0,0.003,4131975
1789153751,3,0,0.022,4131975
1789153752,4,0,0.431,4131975
1789153752,6,0,0.007,4131975
1789153752,4,0,0.308,4131975
1789153752,2,0,0.002,4131975
1789153752,3,0,0.055,4131975
1789153752,2,0,0.003,4131975
1789153753,2,0,0.596,4131975
1789153755,4,0,1.905,4131975
1789153755,3,0,0.155,4131975
1789153755,3,0,0.139,4131975
1789153755,1,0,0.001,4131975
1789153755,3,0,0.045,4131975
1789153760,5,0,4.702,4131975
1789153760,3,0,0.153,4131975
1789153764,5,0,4.125,4131975
1789153764,0,0,0.009,4131975
1789153764,0,0,0.006,4131975
1789153764,0,0,0.013,4131975
1789153769,5,0,5.215,4131975
1789153770,4,0,0.955,4131975
1789153770,3,0,0.101,4131975
1789153771,5,0,0.479,4131975
1789153771,2,0,0.493,4131975
1789153771,0,0,0.006,4131975
1789153771,3,0,0.008,4131975
1789153771,0,0,0.014,4131975
1789153772,4,0,0.901,4131975
1789153773,4,0,0.445,4131975
1789153774,4,0,1.405,4131975
1789153774,3,0,0.004,4131975
1789153778,5,0,3.651,4131975
1789153778,5,0,0.176,4131975
1789153778,0,0,0.01,4131975
1789153778,2,0,0.294,4131975
1789153778,0,0,0.029,4131975
1789153778,2,0,0.001,4131975
1789153778,3,0,0.08,4131975
1789153778,3,0,0.055,4131975
1789153779,4,0,0.389,4131975
1789153779,6,0,0.004,4131975
1789153779,6,0,0.006,4131975
1789153779,3,0,0.008,4131975
1789153779,6,0,0.005,4131975
1789153779,0,0,0.006,4131975
1789153779,2,0,0.002,4131975
1789153779,4,0,0.469,4131975
1789153779,6,0,0.008,4131975
1789153779,3,0,0.028,4131975
1789153779,3,0,0.105,4131975
1789153780,4,0,0.372,4131975
1789153780,4,0,0.715,4131975
1789153781,2,0,0.517,4131975
1789153781,3,0,0.051,4131975
1789153782,4,0,1.016,4131975
1789153782,4,0,0.428,4131975
1789153782,3,0,0.048,4131975
1789153782,3,0,0.002,4131975
1789153784,4,0,1.134,4131975
1789153784,2,0,0.001,4131975
1789153784,2,0,0.002,4131975
1789153784,1,0,0.002,4131975
1789153784,6,0,0.005,4131975
1789153784,3,0,0.008,4131975
1789153784,4,0,0.358,4131975
1789153784,2,0,0.398,4131975
1789153784,3,0,0.051,4131975
1789153785,5,0,0.191,4131975
1789153785,4,0,0.768,4131975
1789153785,3,0,0.113,4131975
1789153786,4,0,0.716,4131975
1789153786,3,0,0.04,4131975
1789153786,3,0,0.004,4131975
1789153786,2,0,0.006,4131975
1789153786,3,0,0.108,4131975
1789153791,5,0,4.2,4131975
1789153791,6,0,0.006,4131975
1789153791,3,0,0.069,4131975
1789153791,4,0,0.666,4131975
1789153792,2,0,0.39,4131975
1789153792,6,0,0.007,4131975
1789153793,2,0,1.032,4131975
1789153793,4,0,0.51,4131975
1789153793,0,0,0.003,4131975
1789153793,0,0,0.005,4131975
1789153793,1,0,0.001,4131975
1789153795,4,0,1.604,4131975
1789153795,3,0,0.031,4131975
1789153800,7,0,4.855,4131975
1789153801,4,0,1.666,4131975
1789153804,7,0,2.886,4131975
1789153804,7,0,0.222,4131975
1789153804,0,0,0.004,4131975
1789153804,6,0,0.005,4131975
1789153804,6,0,0.003,4131975
1789153804,3,0,0.007,4131975
1789153805,3,0,0.06,4131975
1789153805,3,0,0.008,4131975
1789153805,3,0,0.085,4131975
1789153805,6,0,0.006,4131975
1789153805,1,0,0.001,4131975
1789153805,7,0,0.687,4131975
1789153805,3,0,0.092,4131975
1789153806,5,0,0.465,4131975
1789153807,5,0,1.11,4131975
1789153807,3,0,0.026,4131975
1789153812,7,0,4.915,4131975
1789153812,0,0,0.007,4131975
1789153812,3,0,0.004,4131975
1789153812,3,0,0.081,4131975
1789153812,0,0,0.004,4131975
1789153812,0,0,0.012,4131975
1789153815,5,0,2.98,4131975
1789153815,2,0,0.002,4131975
1789153815,0,0,0.003,4131975
1789153815,2,0,0.001,4131975
1789153815,2,0,0.454,4131975
1789153816,5,0,0.7,4131975
1789153816,5,0,0.162,4131975
1789153816,6,0,0.006,4131975
1789153816,1,0,0.002,4131975
1789153816,0,0,0.005,4131975
1789153817,2,0,0.383,4131975
1789153817,2,0,0.003,4131975
1789153817,1,0,0.001,4131975
1789153818,4,0,0.779,4131975
1789153818,7,0,0.278,4131975
1789153818,0,0,0.005,4131975
1789153818,3,0,0.055,4131975
1789153818,4,0,0.553,4131975
1789153818,6,0,0.008,4131975
1789153819,2,0,0.263,4131975
1789153819,0,0,0.017,4131975
1789153819,6,0,0.006,4131975
1789153819,6,0,0.01,4131975
1789153819,6,0,0.006,4131975
1789153819,3,0,0.054,4131975
1789153819,1,0,0.001,4131975
1789153820,4,0,0.914,4131975
1789153820,0,0,0.014,4131975
1789153820,3,0,0.005,4131975
1789153820,6,0,0.016,4131975
1789153820,6,0,0.012,4131975
1789153820,3,0,0.011,4131975
1789153820,3,0,0.082,4131975
1789153820,6,0,0.007,4131975
1789153821,4,0,1.222,4131975
1789153822,4,0,0.547,4131975
1789153822,0,0,0.005,4131975
1789153822,3,0,0.065,4131975
1789153822,3,0,0.032,4131975
1789153822,3,0,0.157,4131975
1789153822,6,0,0.007,4131975
1789153826,5,0,4.513,4131975
1789153826,0,0,0.005,4131975
1789153827,4,0,0.258,4131975
1789153827,0,0,0.004,4131975
1789153827,3,0,0.096,4131975
1789153827,3,0,0.097,4131975
1789153827,4,0,0.576,4131975
1789153827,6,0,0.004,4131975
1789153828,2,0,0.391,4131975
1789153828,3,0,0.005,4131975
1789153828,1,0,0.003,4131975
1789153828,4,0,0.439,4131975
1789153831,7,0,3.14,4131975
1789153831,0,0,0.011,4131975
1789153832,4,0,0.406,4131975
1789153832,3,0,0.056,4131975
1789153833,4,0,0.947,4131975
1789153834,5,0,0.829,4131975
1789153834,1,0,0.001,4131975
1789153834,1,0,0.001,4131975
1789153834,4,0,0.395,4131975
1789153835,4,0,0.713,4131975
1789153835,3,0,0.096,4131975
1789153835,1,0,0.001,4131975
1789153835,0,0,0.012,4131975
1789153835,3,0,0.036,4131975
1789153836,4,0,0.689,4131975
1789153837,2,0,1.014,4131975
1789153837,3,0,0.027,4131975
1789153837,1,0,0.001,4131975
1789153837,3,0,0.013,4131975
1789153837,2,0,0.671,4131975
1789153837,0,0,0.019,4131975
1789153837,0,0,0.009,4131975
1789153837,0,0,0.009,4131975
1789153837,3,0,0.011,4131975
1789153837,5,0,0.118,4131975
1789153839,2,0,1.114,4131975
1789153839,6,0,0.009,4131975
1789153839,3,0,0.004,4131975
1789153839,1,0,0.001,4131975
1789153839,4,0,0.644,4131975
1789153840,5,0,0.955,4131975
1789153841,2,0,0.519,4131975
1789153841,4,0,0.647,4131975
1789153842,4,0,0.501,4131975
1789153842,2,0,0.207,4131975
1789153842,3,0,0.093,4131975
1789153842,3,0,0.056,4131975
1789153844,4,0,1.328,4131975
1789153844,4,0,0.719,4131975
1789153844,0,0,0.008,4131975
1789153845,4,0,0.573,4131975
1789153845,0,0,0.017,4131975
1789153845,3,0,0.1,4131975
1789153845,3,0,0.01,4131975
1789153845,6,0,0.005,4131975
1789153845,0,0,0.01,4131975
1789153845,0,0,0.009,4131975
1789153845,2,0,0.447,4131975
1789153846,7,0,0.529,4131975
1789153846,3,0,0.072,4131975
1789153847,7,0,0.563,4131975
1789153847,3,0,0.069,4131975
1789153847,2,0,0.002,4131975
1789153847,5,0,0.115,4131975
1789153847,0,0,0.006,4131975
1789153847,3,0,0.007,4131975
1789153847,3,0,0.008,4131975
1789153848,4,0,0.811,4131975
1789153848,6,0,0.005,4131975
1789153848,3,0,0.004,4131975
1789153848,4,0,0.384,4131975
1789153848,2,0,0.285,4131975
1789153848,6,0,0.004,4131975
1789153848,0,0,0.006,4131975
1789153848,0,0,0.006,4131975
1789153848,3,0,0.008,4131975
1789153848,0,0,0.007,4131975
1789153849,4,0,0.7,4131975
1789153849,3,0,0.06,4131975
1789153849,0,0,0.004,4131975
1789153849,3,0,0.02,4131975
1789153849,3,0,0.03,4131975
1789153849,1,0,0.001,4131975
1789153849,4,0,0.252,4131975
1789153849,3,0,0.063,4131975
1789153850,0,0,0.006,4131975
1789153850,1,0,0.002,4131975
1789153850,6,0,0.006,4131975
1789153850,2,0,0.004,4131975
1789153850,6,0,0.015,4131975
1789153850,5,0,0.502,4131975
1789153850,0,0,0.006,4131975
1789153850,3,0,0.063,4131975
1789153850,0,0,0.016,4131975
1789153851,2,0,0.801,4131975
1789153853,4,0,2.333,4131975
1789153854,4,0,0.492,4131975
1789153854,0,0,0.004,4131975
1789153854,2,0,0.002,4131975
1789153854,3,0,0.01,4131975
1789153855,5,0,0.91,4131975
1789153855,5,0,0.345,4131975
1789153855,3,0,0.057,4131975
1789153856,4,0,1.358,4131975
1789153857,3,0,0.174,4131975
1789153857,3,0,0.004,4131975
1789153857,2,0,0.328,4131975
1789153858,4,0,0.91,4131975
1789153858,4,0,0.472,4131975
1789153858,0,0,0.017,4131975
1789153859,2,0,0.291,4131975
1789153859,3,0,0.053,4131975
1789153859,4,0,0.721,4131975
1789153861,4,0,1.207,4131975
1789153861,5,0,0.208,4131975
1789153862,7,0,0.904,4131975
1789153862,2,0,0.754,4131975
1789153862,3,0,0.002,4131975
1789153863,5,0,0.532,4131975
1789153863,3,0,0.062,4131975
1789153863,3,0,0.038,4131975
1789153864,4,0,0.487,4131975
1789153864,4,0,0.448,4131975
1789153864,0,0,0.004,4131975
1789153865,4,0,0.791,4131975
1789153869,5,0,3.822,4131975
1789153869,2,0,0.003,4131975
1789153869,6,0,0.006,4131975
1789153869,4,0,0.46,4131975
1789153869,3,0,0.039,4131975
1789153869,5,0,0.209,4131975
1789153870,4,0,0.441,4131975
1789153870,0,0,0.007,4131975
1789153870,3,0,0.057,4131975
1789153870,2,0,0.567,4131975
1789153871,4,0,0.349,4131975
1789153871,0,0,0.008,4131975
1789153871,0,0,0.006,4131975
1789153871,4,0,0.215,4131975
1789153871,3,0,0.039,4131975
1789153871,2,0,0.002,4131975
1789153875,7,0,3.857,4131975
1789153875,1,0,0.001,4131975
1789153876,5,0,0.61,4131975
1789153876,3,0,0.052,4131975
1789153881,5,0,4.924,4131975
1789153881,3,0,0.001,4131975
1789153881,4,0,0.397,4131975
1789153881,0,0,0.011,4131975
1789153881,6,0,0.003,4131975
1789153881,0,0,0.012,4131975
1789153882,2,0,0.693,4131975
1789153882,1,0,0.001,4131975
1789153883,2,0,1.852,4131975
1789153883,2,0,0.001,4131975
1789153883,0,0,0.013,4131975
1789153884,6,0,0.011,4131975
1789153884,6,0,0.004,4131975
1789153884,4,0,0.579,4131975
1789153884,0,0,0.01,4131975
1789153885,2,0,0.687,4131975
1789153889,5,0,3.844,4131975
1789153889,3,0,0.099,4131975
1789153889,6,0,0.015,4131975
1789153889,3,0,0.017,4131975
1789153889,2,0,0.008,4131975
1789153890,4,0,0.764,4131975
1789153890,6,0,0.005,4131975
1789153891,4,0,1.399,4131975
1789153891,6,0,0.008,4131975
1789153891,3,0,0.005,4131975
1789153891,2,0,0.232,4131975
1789153891,1,0,0.003,4131975
1789153891,1,0,0.001,4131975
1789153891,3,0,0.002,4131975
1789153891,3,0,0.038,4131975
1789153892,4,0,0.909,4131975
1789153892,3,0,0.041,4131975
1789153892,6,0,0.01,4131975
1789153892,5,0,0.215,4131975
1789153893,4,0,0.238,4131975
1789153893,3,0,0.051,4131975
1789153894,4,0,1.598,4131975
1789153894,0,0,0.008,4131975
1789153894,2,0,0.002,4131975
1789153895,4,0,0.515,4131975
1789153895,2,0,0.002,4131975
1789153895,6,0,0.005,4131975
1789153895,3,0,0.065,4131975
1789153895,3,0,0.073,4131975
1789153895,0,0,0.004,4131975
1789153895,4,0,0.43,4131975
1789153895,1,0,0.001,4131975
1789153895,3,0,0.015,4131975
1789153895,0,0,0.004,4131975
1789153896,5,0,0.17,4131975
1789153896,4,0,0.254,4131975
1789153896,0,0,0.006,4131975
1789153896,2,0,0.001,4131975
1789153896,6,0,0.006,4131975
1789153896,0,0,0.011,4131975
1789153897,5,0,1.384,4131975
1789153899,4,0,1.314,4131975
1789153899,2,0,0.418,4131975
1789153899,0,0,0.006,4131975
1789153899,3,0,0.059,4131975
1789153899,4,0,0.378,4131975
1789153899,2,0,0.003,4131975
1789153900,5,0,0.354,4131975
1789153900,0,0,0.005,4131975
1789153903,5,0,3.143,4131975
1789153903,0,0,0.004,4131975
1789153903,0,0,0.007,4131975
1789153903,3,0,0.005,4131975
1789153903,1,0,0.001,4131975
1789153903,5,0,0.147,4131975
1789153904,4,0,0.998,4131975
1789153904,3,0,0.06,4131975
1789153904,2,0,0.001,4131975
1789153909,5,0,4.462,4131975
1789153909,0,0,0.008,4131975
1789153909,0,0,0.003,4131975
1789153910,2,0,1.476,4131975
1789153911,5,0,0.775,4131975
1789153911,0,0,0.005,4131975
1789153911,2,0,0.507,4131975
1789153912,4,0,0.413,4131975
1789153912,3,0,0.111,4131975
1789153912,4,0,0.227,4131975
1789153913,4,0,0.872,4131975
1789153913,1,0,0.001,4131975
1789153913,1,0,0.001,4131975
1789153913,3,0,0.007,4131975
1789153913,0,0,0.011,4131975
1789153913,3,0,0.131,4131975
1789153913,6,0,0.005,4131975
1789153913,1,0,0.001,4131975
1789153913,2,0,0.002,4131975
1789153913,0,0,0.01,4131975
1789153913,1,0,0.001,4131975
1789153913,0,0,0.01,4131975
1789153913,0,0,0.004,4131975
1789153914,4,0,0.488,4131975
1789153914,6,0,0.006,4131975
1789153914,0,0,0.008,4131975
1789153914,4,0,0.582,4131975
1789153914,0,0,0.005,4131975
1789153914,3,0,0.025,4131975
1789153916,4,0,1.764,4131975
1789153916,1,0,0.001,4131975
1789153916,0,0,0.003,4131975
1789153917,4,0,1.349,4131975
1789153918,4,0,0.643,4131975
1789153918,2,0,0,4131975
1789153918,0,0,0.016,4131975
1789153918,0,0,0.006,4131975
1789153918,2,0,0.007,4131975
1789153919,4,0,0.959,4131975
1789153919,3,0,0.037,4131975
1789153919,0,0,0.007,4131975
1789153919,6,0,0.005,4131975
1789153919,6,0,0.007,4131975
1789153920,4,0,0.772,4131975
1789153920,6,0,0.008,4131975
1789153920,6,0,0.008,4131975
1789153921,4,0,0.634,4131975
1789153921,4,0,0.275,4131975
1789153921,3,0,0.006,4131975
1789153921,6,0,0.01,4131975
1789153921,4,0,0.511,4131975
1789153923,4,0,1.273,4131975
1789153923,4,0,0.297,4131975
1789153923,2,0,0.526,4131975
1789153924,5,0,0.241,4131975
1789153924,0,0,0.006,4131975
1789153924,3,0,0.105,4131975
1789153924,5,0,0.154,4131975
1789153924,4,0,0.462,4131975
1789153924,1,0,0.002,4131975
1789153924,3,0,0.034,4131975
1789153925,2,0,0.596,4131975
1789153925,0,0,0.009,4131975
1789153925,0,0,0.016,4131975
1789153926,4,0,0.953,4131975
1789153926,5,0,0.119,4131975
1789153926,4,0,0.286,4131975
1789153927,4,0,0.346,4131975
1789153927,2,0,0.39,4131975
1789153927,6,0,0.006,4131975
1789153927,3,0,0.008,4131975
1789153927,0,0,0.009,4131975
1789153927,0,0,0.011,4131975
1789153927,2,0,0.002,4131975
1789153928,4,0,0.956,4131975
1789153928,1,0,0.001,4131975
1789153928,3,0,0.053,4131975
1789153929,4,0,1.273,4131975
1789153929,3,0,0.015,4131975
1789153930,4,0,0.618,4131975
1789153931,5,0,0.772,4131975
1789153931,3,0,0.013,4131975
1789153931,4,0,0.31,4131975
1789153931,0,0,0.006,4131975
1789153931,6,0,0.011,4131975
1789153936,5,0,5.045,4131975
1789153937,4,0,0.77,4131975
1789153937,2,0,0.004,4131975
1789153937,6,0,0.015,4131975
1789153937,6,0,0.01,4131975
1789153937,2,0,0.002,4131975
1789153938,2,0,0.805,4131975
1789153938,4,0,0.303,4131975
1789153939,2,0,0.391,4131975
1789153939,3,0,0.006,4131975
1789153939,2,0,0.426,4131975
1789153940,2,0,1.204,4131975
1789153940,3,0,0.017,4131975
1789153940,3,0,0.005,4131975
1789153941,4,0,0.362,4131975
1789153941,6,0,0.006,4131975
1789153942,4,0,0.983,4131975
1789153942,0,0,0.004,4131975
1789153942,3,0,0.024,4131975
1789153942,0,0,0.006,4131975
1789153942,6,0,0.006,4131975
1789153942,3,0,0.065,4131975
1789153942,3,0,0.005,4131975
1789153942,0,0,0.003,4131975
1789153942,1,0,0.002,4131975
1789153943,4,0,0.929,4131975
1789153943,6,0,0.01,4131975
1789153943,6,0,0.016,4131975
1789153943,4,0,0.809,4131975
1789153943,6,0,0.01,4131975
1789153943,6,0,0.007,4131975
1789153945,4,0,1.041,4131975
1789153945,2,0,0.002,4131975
1789153945,3,0,0.129,4131975
1789153945,2,0,0.351,4131975
1789153951,5,0,5.657,4131975
1789153951,2,0,0.003,4131975
1789153951,2,0,0.002,4131975
1789153951,3,0,0.007,4131975
1789153951,3,0,0.005,4131975
1789153951,3,0,0.06,4131975
1789153951,0,0,0.009,4131975
1789153951,0,0,0.005,4131975
1789153951,3,0,0.014,4131975
1789153951,5,0,0.121,4131975
1789153951,4,0,0.467,4131975
1789153951,3,0,0.015,4131975
1789153952,2,0,0.575,4131975
1789153952,4,0,0.221,4131975
1789153952,6,0,0.01,4131975
1789153952,3,0,0.031,4131975
1789153952,6,0,0.007,4131975
1789153952,0,0,0.004,4131975
1789153952,0,0,0.003,4131975
1789153953,4,0,0.834,4131975
1789153953,3,0,0.124,4131975
1789153953,3,0,0.137,4131975
1789153954,4,0,0.518,4131975
1789153954,3,0,0.055,4131975
1789153955,2,0,1.02,4131975
1789153955,2,0,0.372,4131975
1789153955,3,0,0.002,4131975
1789153955,0,0,0.004,4131975
1789153956,4,0,0.883,4131975
1789153956,1,0,0.003,4131975
1789153956,0,0,0.006,4131975
1789153956,6,0,0.004,4131975
1789153957,4,0,0.544,4131975
1789153957,3,0,0.063,4131975
1789153957,3,0,0.039,4131975
1789153958,4,0,0.717,4131975
1789153958,1,0,0.001,4131975
1789153958,6,0,0.015,4131975
1789153958,6,0,0.018,4131975
1789153958,2,0,0.002,4131975
1789153958,5,0,0.169,4131975
1789153959,4,0,1.698,4131975
1789153959,3,0,0.003,4131975
1789153959,3,0,0.041,4131975
1789153959,2,0,0.002,4131975
1789153960,3,0,0.135,4131975
1789153960,6,0,0.003,4131975
1789153960,1,0,0.001,4131975
1789153960,0,0,0.006,4131975
1789153960,3,0,0.091,4131975
1789153960,5,0,0.119,4131975
1789153962,4,0,1.694,4131975
1789153962,2,0,0.563,4131975
1789153963,4,0,1.064,4131975
1789153964,2,0,0.967,4131975
1789153964,0,0,0.007,4131975
1789153964,0,0,0.005,4131975
1789153965,4,0,0.401,4131975
1789153965,3,0,0.019,4131975
1789153965,0,0,0.021,4131975
1789153965,2,0,0.843,4131975
1789153965,6,0,0.007,4131975
1789153968,4,0,2.057,4131975
1789153968,4,0,0.903,4131975
1789153968,1,0,0.001,4131975
1789153969,4,0,0.413,4131975
1789153969,1,0,0.001,4131975
1789153969,6,0,0.008,4131975
1789153969,4,0,0.424,4131975
1789153969,3,0,0.048,4131975
1789153970,2,0,0.422,4131975
1789153970,0,0,0.011,4131975
1789153970,2,0,0.002,4131975
1789153970,0,0,0.009,4131975
1789153970,2,0,0.257,4131975
1789153970,6,0,0.006,4131975
1789153971,2,0,0.644,4131975
1789153971,5,0,0.47,4131975
1789153972,4,0,0.842,4131975
1789153972,3,0,0.005,4131975
1789153972,6,0,0.014,4131975
1789153973,4,0,0.847,4131975
1789153973,0,0,0.005,4131975
1789153974,4,0,1.02,4131975
1789153974,4,0,0.36,4131975
1789153974,0,0,0.003,4131975
1789153974,6,0,0.008,4131975
1789153974,0,0,0.004,4131975
1789153974,0,0,0.009,4131975
1789153975,2,0,1.115,4131975
1789153975,2,0,0.001,4131975
1789153975,2,0,0.001,4131975
1789153976,4,0,0.481,4131975
1789153977,2,0,1.155,4131975
1789153977,2,0,0.003,4131975
1789153978,4,0,1.076,4131975
1789153978,4,0,0.387,4131975
1789153978,3,0,0.038,4131975
1789153979,4,0,0.7,4131975
1789153979,7,0,0.291,4131975
1789153979,6,0,0.007,4131975
1789153979,2,0,0.001,4131975
1789153980,5,0,0.586,4131975
1789153980,5,0,0.173,4131975
1789153980,6,0,0.004,4131975
1789153981,4,0,0.747,4131975
1789153986,5,0,5.152,4131975
1789153987,4,0,0.356,4131975
1789153987,3,0,0.009,4131975
1789153987,0,0,0.004,4131975
1789153987,3,0,0.03,4131975
1789153990,5,0,3.457,4131975
1789153990,4,0,0.394,4131975
1789153991,3,0,0.125,4131975
1789153991,0,0,0.012,4131975
1789153991,2,0,0.569,4131975
1789153991,2,0,0.002,4131975
1789153991,6,0,0.006,4131975
1789153991,1,0,0.001,4131975
1789153991,3,0,0.084,4131975
1789153992,4,0,0.802,4131975
1789153992,0,0,0.009,4131975
1789153992,4,0,0.362,4131975
1789153992,0,0,0.017,4131975
1789153992,3,0,0.009,4131975
1789153992,6,0,0.009,4131975
1789153993,4,0,0.387,4131975
1789153997,7,0,3.794,4131975
1789153997,4,0,0.708,4131975
1789153997,5,0,0.159,4131975
1789153998,2,0,0.445,4131975
1789153999,4,0,1.425,4131975
1789153999,3,0,0.125,4131975
1789153999,6,0,0.006,4131975
1789153999,6,0,0.004,4131975
1789154000,2,0,0.263,4131975
1789154000,3,0,0.08,4131975
1789154001,2,0,1.117,4131975
1789154001,3,0,0.012,4131975
1789154001,7,0,0.308,4131975
1789154005,5,0,3.413,4131975
1789154005,4,0,0.534,4131975
1789154005,1,0,0.002,4131975
1789154005,0,0,0.007,4131975
1789154005,2,0,0.001,4131975
1789154006,4,0,0.566,4131975
1789154006,2,0,0.004,4131975
1789154007,5,0,1.208,4131975
1789154007,6,1,0.001,4131975
1789154007,0,0,0.007,4131975
1789154007,3,0,0.064,4131975
1789154007,0,0,0.005,4131975
1789154008,4,0,0.707,4131975
1789154008,0,0,0.008,4131975
1789154008,1,0,0.002,4131975
1789154008,1,0,0.001,4131975
1789154008,3,0,0.058,4131975
1789154008,3,0,0.043,4131975
1789154008,1,0,0.001,4131975
1789154009,5,0,0.664,4131975
1789154009,4,0,0.404,4131975
1789154009,0,0,0.008,4131975
1789154009,1,0,0.001,4131975
1789154010,4,0,0.671,4131975
1789154010,6,0,0.011,4131975
1789154010,4,0,0.582,4131975
1789154014,5,0,3.705,4131975
1789154014,2,0,0.491,4131975
1789154015,4,0,0.702,4131975
1789154016,4,0,0.682,4131975
1789154016,5,0,0.275,4131975
1789154016,6,0,0.008,4131975
1789154016,0,0,0.004,4131975
1789154016,3,0,0.071,4131975
1789154016,3,0,0.012,4131975
1789154016,0,0,0.008,4131975
1789154017,4,0,0.57,4131975
1789154017,1,0,0.001,4131975
1789154017,4,0,0.233,4131975
1789154017,1,0,0.002,4131975
1789154017,3,0,0.118,4131975
1789154017,2,0,0.001,4131975
1789154017,3,0,0.071,4131975
1789154021,5,0,4.269,4131975
1789154022,2,0,0.561,4131975
1789154027,5,0,5.336,4131975
1789154028,5,0,0.471,4131975
1789154028,2,0,0.001,4131975
1789154028,4,0,0.661,4131975
1789154029,4,0,0.329,4131975
1789154029,2,0,0.004,4131975
1789154029,4,0,0.673,4131975
1789154029,6,0,0.004,4131975
1789154034,5,0,4.059,4131975
1789154034,5,0,0.663,4131975
1789154034,3,0,0.031,4131975
1789154035,4,0,0.454,4131975
1789154035,4,0,0.498,4131975
1789154035,6,0,0.005,4131975
1789154035,6,0,0.006,4131975
1789154035,0,0,0.005,4131975
1789154035,3,0,0.08,4131975
1789154036,2,0,0.977,4131975
1789154041,5,0,4.371,4131975
1789154041,3,0,0.153,4131975
1789154041,2,0,0.541,4131975
1789154041,3,0,0.094,4131975
1789154041,3,0,0.003,4131975
1789154042,2,0,0.882,4131975
1789154042,3,0,0.009,4131975
1789154047,5,0,4.283,4131975
1789154047,6,0,0.005,4131975
1789154047,0,0,0.013,4131975
1789154047,5,0,0.676,4131975
1789154048,4,0,0.782,4131975
1789154049,4,0,0.697,4131975
1789154049,0,0,0.002,4131975
1789154049,4,0,0.309,4131975
1789154050,4,0,1.192,4131975
1789154051,4,0,0.676,4131975
1789154052,4,0,0.781,4131975
1789154052,3,0,0.034,4131975
1789154052,4,0,0.653,4131975
1789154052,6,0,0.044,4131975
1789154053,7,0,0.264,4131975
1789154053,5,0,0.11,4131975
1789154053,2,0,0.003,4131975
1789154054,5,0,1.243,4131975
1789154054,0,0,0.018,4131975
1789154055,4,0,0.666,4131975
1789154055,2,0,0.341,4131975
1789154056,2,0,0.719,4131975
1789154056,0,0,0.008,4131975
1789154056,5,0,0.312,4131975
1789154057,2,0,0.432,4131975
1789154057,5,0,0.861,4131975
1789154057,3,0,0.022,4131975
1789154057,0,0,0.026,4131975
1789154059,5,0,1.372,4131975
1789154059,2,0,0.003,4131975
1789154059,0,0,0.009,4131975
1789154059,6,0,0.008,4131975
1789154060,4,0,0.793,4131975
1789154060,6,0,0.006,4131975
1789154060,2,0,0.548,4131975
1789154060,1,0,0.001,4131975
1789154060,3,0,0.014,4131975
1789154060,0,0,0.018,4131975
1789154060,3,0,0.053,4131975
1789154062,4,0,1.294,4131975
1789154062,3,0,0.054,4131975
1789154062,4,0,0.216,4131975
1789154062,0,0,0.004,4131975
1789154063,4,0,0.653,4131975
1789154063,6,0,0.016,4131975
1789154063,4,0,0.533,4131975
1789154067,5,0,3.925,4131975
1789154067,3,0,0.002,4131975
1789154067,6,0,0.007,4131975
1789154067,0,0,0.013,4131975
1789154067,3,0,0.007,4131975
1789154067,3,0,0.006,4131975
1789154067,3,0,0.057,4131975
1789154068,4,0,0.683,4131975
1789154068,0,0,0.007,4131975
1789154068,3,0,0.075,4131975
1789154068,2,0,0.002,4131975
1789154069,4,0,0.659,4131975
1789154074,5,0,5.435,4131975
1789154074,0,0,0.006,4131975
1789154074,1,0,0.002,4131975
1789154074,0,0,0.007,4131975
1789154079,5,0,5.157,4131975
1789154079,0,0,0.005,4131975
1789154079,0,0,0.004,4131975
1789154079,1,0,0.001,4131975
1789154079,6,0,0.009,4131975
1789154080,4,0,0.478,4131975
1789154080,2,0,0.428,4131975
1789154080,6,0,0.005,4131975
1789154080,4,0,0.251,4131975
1789154081,4,0,0.362,4131975
1789154081,5,0,0.163,4131975
1789154081,1,0,0.001,4131975
1789154081,1,0,0.001,4131975
1789154081,3,0,0.052,4131975
1789154081,6,0,0.004,4131975
1789154081,3,0,0.072,4131975
1789154081,3,0,0.013,4131975
1789154081,2,0,0.45,4131975
1789154082,4,0,0.353,4131975
1789154085,7,0,3.105,4131975
1789154086,4,0,0.729,4131975
1789154086,6,0,0.007,4131975
1789154086,5,0,0.593,4131975
1789154087,2,0,1.148,4131975
1789154088,4,0,0.562,4131975
1789154088,1,0,0.001,4131975
1789154089,4,0,1.191,4131975
1789154089,6,0,0.005,4131975
1789154090,2,0,0.996,4131975
1789154096,7,0,5.536,4131975
1789154096,0,0,0.005,4131975
1789154096,3,0,0.042,4131975
1789154097,4,0,0.964,4131975
1789154098,4,0,1.732,4131975
1789154098,0,0,0.002,4131975
1789154098,0,0,0.005,4131975
1789154098,0,0,0.006,4131975
1789154098,3,0,0.007,4131975
1789154102,5,0,3.674,4131975
1789154103,7,0,0.724,4131975
1789154104,2,0,0.69,4131975
1789154104,3,0,0.012,4131975
1789154104,3,0,0.093,4131975
1789154104,2,0,0.001,4131975
1789154104,3,0,0.002,4131975
1789154104,2,0,0.641,4131975
1789154104,6,0,0.009,4131975
1789154104,6,0,0.025,4131975
1789154105,7,0,0.372,4131975
1789154105,0,0,0.004,4131975
1789154105,6,0,0.008,4131975
1789154105,2,0,0.002,4131975
1789154105,4,0,0.271,4131975
1789154106,4,0,1.006,4131975
1789154106,3,0,0.038,4131975
1789154107,4,0,1.413,4131975
1789154108,5,0,0.763,4131975
1789154108,1,0,0.002,4131975
1789154109,4,0,0.648,4131975
1789154109,3,0,0.08,4131975
1789154111,4,0,2.355,4131975
1789154111,3,0,0.072,4131975
1789154111,6,0,0.003,4131975
1789154113,4,0,1.892,4131975
1789154114,5,0,1.091,4131975
1789154115,5,0,0.875,4131975
1789154115,3,0,0.124,4131975
1789154115,3,0,0.058,4131975
1789154115,0,0,0.005,4131975
1789154115,0,0,0.023,4131975
1789154115,3,0,0.06,4131975
1789154116,4,0,0.338,4131975
1789154116,0,0,0.023,4131975
1789154116,7,0,0.133,4131975
1789154117,4,0,0.73,4131975
1789154117,4,0,0.352,4131975
1789154117,3,0,0.006,4131975
1789154118,5,0,0.955,4131975
1789154118,3,0,0.006,4131975
1789154118,3,0,0.089,4131975
1789154118,3,0,0.049,4131975
1789154118,3,0,0.124,4131975
1789154118,3,0,0.038,4131975
1789154118,3,0,0.038,4131975
1789154118,0,0,0.015,4131975
1789154119,7,0,0.147,4131975
1789154119,0,0,0.008,4131975
1789154119,2,0,0.002,4131975
1789154119,0,0,0.003,4131975
1789154119,3,0,0.094,4131975
1789154119,3,0,0.244,4131975
1789154119,0,0,0.01,4131975
1789154119,4,0,0.336,4131975
1789154120,5,0,0.663,4131975
1789154120,2,0,0.002,4131975
1789154120,4,0,0.306,4131975
1789154120,3,0,0.032,4131975
1789154121,2,0,0.343,4131975
1789154121,4,0,0.805,4131975
1789154121,2,0,0.004,4131975
1789154121,1,0,0.001,4131975
1789154122,4,0,0.346,4131975
1789154122,6,0,0.007,4131975
1789154122,6,0,0.007,4131975
1789154122,2,0,0.552,4131975
1789154126,5,0,4.106,4131975
1789154126,6,0,0.01,4131975
1789154126,0,0,0.012,4131975
1789154126,2,0,0.001,4131975
1789154126,2,0,0.001,4131975
1789154127,4,0,0.177,4131975
1789154127,3,0,0.093,4131975
1789154127,2,0,0.339,4131975
1789154130,7,0,2.543,4131975
1789154130,4,0,0.657,4131975
1789154130,3,0,0.006,4131975
1789154131,4,0,1.059,4131975
1789154131,6,0,0.012,4131975
1789154131,6,0,0.007,4131975
1789154131,3,0,0.013,4131975
1789154131,3,0,0.052,4131975
1789154135,5,0,3.241,4131975
1789154135,3,0,0.082,4131975
1789154135,4,0,0.623,4131975
1789154135,5,0,0.159,4131975
1789154136,0,0,0.015,4131975
1789154136,4,0,0.478,4131975
1789154136,2,0,0.346,4131975
1789154138,4,0,1.271,4131975
1789154138,0,0,0.01,4131975
1789154138,2,0,0.002,4131975
1789154138,4,0,0.342,4131975
1789154138,3,0,0.012,4131975
1789154138,3,0,0.044,4131975
1789154138,5,0,0.313,4131975
1789154138,0,0,0.007,4131975
1789154138,6,0,0.017,4131975
1789154138,3,0,0.121,4131975
1789154139,5,0,0.742,4131975
1789154139,3,0,0.125,4131975
1789154139,3,0,0.044,4131975
1789154140,4,0,0.516,4131975
1789154140,5,0,0.391,4131975
1789154141,4,0,0.48,4131975
1789154141,3,0,0.032,4131975
1789154141,3,0,0.005,4131975
1789154141,3,0,0.014,4131975
1789154141,0,0,0.008,4131975
1789154141,2,0,0.001,4131975
1789154141,0,0,0.007,4131975
1789154141,2,0,0.468,4131975
1789154141,1,0,0.002,4131975
1789154141,6,0,0.018,4131975
1789154141,6,0,0.008,4131975
1789154144,5,0,2.903,4131975
1789154144,2,0,0.002,4131975
1789154144,3,0,0.131,4131975
1789154145,2,0,0.521,4131975
1789154145,3,0,0.174,4131975
1789154145,3,0,0.004,4131975
1789154146,4,0,0.454,4131975
1789154146,5,0,0.122,4131975
1789154146,0,0,0.005,4131975
1789154146,4,0,0.389,4131975
1789154146,5,0,0.355,4131975
1789154147,5,0,0.587,4131975
1789154147,4,0,0.38,4131975
1789154148,5,0,0.149,4131975
1789154148,4,0,0.732,4131975
1789154152,7,0,3.501,4131975
1789154152,2,0,0.626,4131975
1789154153,2,0,0.548,4131975
1789154153,3,0,0.088,4131975
1789154153,5,0,0.246,4131975
1789154153,2,0,0.003,4131975
1789154154,7,0,0.341,4131975
1789154154,4,0,0.646,4131975
1789154155,4,0,0.325,4131975
1789154155,4,0,0.425,4131975
1789154155,2,0,0.475,4131975
1789154155,1,0,0.001,4131975
1789154155,6,0,0.008,4131975
1789154156,2,0,0.693,4131975
1789154156,3,0,0.126,4131975
1789154157,4,0,0.428,4131975
1789154158,2,0,0.887,4131975
1789154158,3,0,0.087,4131975
1789154158,4,0,0.695,4131975
1789154158,3,0,0.041,4131975
1789154158,0,0,0.007,4131975
1789154158,0,0,0.012,4131975
1789154158,6,0,0.017,4131975
1789154159,4,0,0.643,4131975
1789154159,6,0,0.029,4131975
1789154160,2,0,0.714,4131975
1789154160,6,0,0.006,4131975
1789154161,4,0,0.875,4131975
1789154161,0,0,0.008,4131975
1789154161,3,0,0.03,4131975
1789154161,0,0,0.004,4131975
1789154161,6,0,0.005,4131975
1789154161,6,0,0.019,4131975
1789154161,6,0,0.013,4131975
1789154162,4,0,1.108,4131975
1789154162,7,0,0.165,4131975
1789154162,2,0,0.003,4131975
1789154162,0,0,0.071,4131975
1789154164,4,0,1.348,4131975
1789154164,3,0,0.019,4131975
1789154164,4,0,0.881,4131975
1789154165,4,0,0.846,4131975
1789154165,3,0,0.126,4131975
1789154165,6,0,0.017,4131975
1789154165,3,0,0.007,4131975
1789154165,3,0,0.008,4131975
1789154166,2,0,0.332,4131975
1789154166,6,0,0.023,4131975
1789154167,2,0,0.754,4131975
1789154167,6,0,0.026,4131975
1789154167,0,0,0.01,4131975
1789154167,3,0,0.116,4131975
1789154167,2,0,0.006,4131975
1789154167,3,0,0.011,4131975
1789154167,4,0,0.688,4131975
1789154168,4,0,0.931,4131975
1789154168,1,0,0.001,4131975
1789154168,0,0,0.005,4131975
1789154169,2,0,0.773,4131975
1789154169,0,0,0.006,4131975
1789154170,4,0,0.545,4131975
1789154170,0,0,0.005,4131975
1789154170,0,0,0.008,4131975
1789154170,1,0,0.001,4131975
1789154170,0,0,0.006,4131975
1789154170,5,0,0.148,4131975
1789154171,4,0,0.738,4131975
1789154171,2,0,0.487,4131975
1789154171,1,0,0.001,4131975
1789154171,0,0,0.004,4131975
1789154171,0,0,0.004,4131975
1789154171,0,0,0.005,4131975
1789154171,6,0,0.004,4131975
1789154171,2,0,0.346,4131975
1789154171,6,0,0.008,4131975
1789154172,7,0,0.16,4131975
1789154172,2,0,0.002,4131975
1789154172,4,0,0.453,4131975
1789154172,6,0,0.011,4131975
1789154172,2,0,0.417,4131975
1789154173,2,0,0.7,4131975
1789154173,0,0,0.009,4131975
1789154173,0,0,0.019,4131975
1789154173,6,0,0.01,4131975
1789154174,2,0,0.37,4131975
1789154174,3,0,0.04,4131975
1789154174,1,0,0.001,4131975
1789154174,2,0,0.211,4131975
1789154174,6,0,0.009,4131975
1789154174,3,0,0.006,4131975
1789154174,0,0,0.003,4131975
1789154174,3,0,0.006,4131975
1789154174,6,0,0.005,4131975
1789154174,3,0,0.247,4131975
1789154175,4,0,0.824,4131975
1789154175,0,0,0.006,4131975
1789154175,4,0,0.547,4131975
1789154175,2,0,0.002,4131975
1789154175,2,0,0.003,4131975
1789154175,2,0,0.001,4131975
1789154176,5,0,0.795,4131975
1789154177,4,0,1.128,4131975
1789154177,3,0,0.003,4131975
1789154177,6,0,0.015,4131975
1789154177,3,0,0.085,4131975
1789154178,2,0,0.858,4131975
1789154178,0,0,0.011,4131975
1789154178,3,0,0.073,4131975
1789154179,4,0,0.384,4131975
1789154179,3,0,0.109,4131975
1789154179,5,0,0.093,4131975
1789154179,3,0,0.009,4131975
1789154180,4,0,1.159,4131975
1789154181,4,0,0.915,4131975
1789154182,4,0,0.769,4131975
1789154182,0,0,0.008,4131975
1789154182,5,0,0.106,4131975
1789154186,7,0,4.142,4131975
1789154186,0,0,0.01,4131975
1789154186,2,0,0.003,4131975
1789154186,3,0,0.008,4131975
1789154186,0,0,0.002,4131975
1789154186,3,0,0.112,4131975
1789154186,2,0,0.003,4131975
1789154186,3,0,0.042,4131975
1789154186,0,0,0.006,4131975
1789154186,0,0,0.039,4131975
1789154186,6,0,0.005,4131975
1789154186,6,0,0.01,4131975
1789154187,4,0,0.446,4131975
1789154187,3,0,0.012,4131975
1789154189,4,0,1.839,4131975
1789154189,3,0,0.008,4131975
1789154189,0,0,0.007,4131975
1789154189,4,0,0.4,4131975
1789154189,6,0,0.005,4131975
1789154189,3,0,0.001,4131975
1789154189,1,0,0.001,4131975
1789154189,3,0,0.062,4131975
1789154190,4,0,0.827,4131975
1789154190,6,0,0.013,4131975
1789154190,1,0,0.002,4131975
1789154192,4,0,1.52,4131975
1789154192,0,0,0.01,4131975
1789154192,0,0,0.007,4131975
1789154192,2,0,0.003,4131975
1789154192,6,0,0.012,4131975
1789154192,0,0,0.004,4131975
1789154193,5,0,1.079,4131975
1789154193,3,0,0.036,4131975
1789154193,3,0,0.062,4131975
1789154193,3,0,0.074,4131975
1789154193,3,0,0.038,4131975
1789154193,0,0,0.006,4131975
1789154194,2,0,1.362,4131975
1789154194,0,0,0.011,4131975
1789154194,3,0,0.014,4131975
1789154195,4,0,1.164,4131975
1789154197,5,0,1.33,4131975
1789154197,3,0,0.009,4131975
1789154197,3,0,0.082,4131975
1789154198,5,0,0.714,4131975
1789154198,6,0,0.011,4131975
1789154198,6,0,0.039,4131975
1789154198,0,0,0.015,4131975
1789154201,5,0,3.894,4131975
1789154202,0,0,0.014,4131975
1789154202,6,0,0.019,4131975
1789154202,0,0,0.006,4131975
1789154202,1,0,0.001,4131975
1789154202,3,0,0.018,4131975
1789154202,3,0,0.198,4131975
1789154203,4,0,0.784,4131975
1789154203,6,0,0.014,4131975
1789154203,0,0,0.031,4131975
1789154203,4,0,0.246,4131975
1789154203,3,0,0.016,4131975
1789154203,0,0,0.007,4131975
1789154203,6,0,0.004,4131975
1789154203,0,0,0.008,4131975
1789154203,2,0,0.002,4131975
1789154203,3,0,0.043,4131975
1789154203,4,0,0.496,4131975
1789154204,4,0,0.633,4131975
1789154204,5,0,0.097,4131975
1789154205,4,0,1.212,4131975
1789154205,3,0,0.028,4131975
1789154205,6,0,0.004,4131975
1789154205,0,0,0.004,4131975
1789154206,5,0,0.313,4131975
1789154206,0,0,0.004,4131975
1789154211,5,0,4.982,4131975
1789154211,6,0,0.006,4131975
1789154211,6,0,0.007,4131975
1789154211,4,0,0.505,4131975
1789154212,4,0,0.517,4131975
1789154212,2,0,0.448,4131975
1789154213,2,0,0.8,4131975
1789154213,0,0,0.006,4131975
1789154213,4,0,0.457,4131975
1789154214,4,0,0.402,4131975
1789154215,5,0,0.845,4131975
1789154215,0,0,0.002,4131975
1789154215,0,0,0.004,4131975
1789154215,1,0,0.001,4131975
1789154215,4,0,0.77,4131975
1789154215,6,0,0.007,4131975
1789154215,2,0,0.002,4131975
1789154215,6,0,0.006,4131975
1789154216,4,0,0.49,4131975
1789154217,4,0,0.642,4131975
1789154217,5,0,0.185,4131975
1789154217,0,0,0.004,4131975
1789154217,3,0,0.139,4131975
1789154217,0,0,0.011,4131975
1789154217,1,0,0.002,4131975
1789154217,1,0,0.001,4131975
1789154217,3,0,0.098,4131975
1789154217,3,0,0.007,4131975
1789154217,6,0,0.016,4131975
1789154217,4,0,0.342,4131975
1789154217,3,0,0.006,4131975
1789154217,1,0,0.001,4131975
1789154217,3,0,0.073,4131975
1789154218,3,0,0.059,4131975
1789154218,3,0,0.056,4131975
1789154218,3,0,0.052,4131975
1789154218,2,0,0.002,4131975
1789154218,7,0,0.171,4131975
1789154218,2,0,0.473,4131975
1789154218,2,0,0.002,4131975
1789154218,2,0,0.002,4131975
1789154218,3,0,0.012,4131975
1789154219,2,0,0.951,4131975
1789154219,0,0,0.016,4131975
1789154219,3,0,0.034,4131975
1789154219,3,0,0.006,4131975
1789154219,5,0,0.1,4131975
1789154219,0,0,0.003,4131975
1789154219,6,0,0.007,4131975
1789154219,0,0,0.005,4131975
1789154220,3,0,0.074,4131975
1789154220,2,0,0.003,4131975
1789154220,4,0,0.648,4131975
1789154220,3,0,0.007,4131975
1789154220,0,0,0.004,4131975
1789154222,4,0,1.706,4131975
1789154222,0,0,0.01,4131975
1789154222,4,0,0.503,4131975
1789154223,4,0,0.399,4131975
1789154223,4,0,0.396,4131975
1789154223,0,0,0.005,4131975
1789154223,1,0,0.001,4131975
1789154223,0,0,0.006,4131975
1789154228,5,0,4.928,4131975
1789154229,4,0,1.18,4131975
1789154230,4,0,0.285,4131975
1789154230,2,0,0.715,4131975
1789154232,4,0,1.394,4131975
1789154232,2,0,0.529,4131975
1789154232,6,0,0.008,4131975
1789154232,0,0,0.004,4131975
1789154233,4,0,0.651,4131975
1789154234,4,0,1.076,4131975
1789154234,3,0,0.009,4131975
1789154234,2,0,0.508,4131975
1789154235,3,0,0.087,4131975
1789154235,0,0,0.004,4131975
1789154235,6,0,0.003,4131975
1789154235,4,0,0.74,4131975
1789154235,0,0,0.003,4131975
1789154235,3,0,0.011,4131975
1789154236,7,0,0.688,4131975
1789154236,3,0,0.109,4131975
1789154237,4,0,0.987,4131975
1789154237,3,0,0.007,4131975
1789154237,0,0,0.013,4131975
1789154242,7,0,4.753,4131975
1789154242,3,0,0.098,4131975
1789154242,2,0,0.003,4131975
1789154242,4,0,0.369,4131975
1789154243,4,0,0.481,4131975
1789154243,0,0,0.003,4131975
1789154243,2,0,0.002,4131975
1789154243,1,0,0.002,4131975
1789154243,3,0,0.085,4131975
1789154243,4,0,0.195,4131975
1789154243,1,0,0.001,4131975
1789154244,7,0,0.525,4131975
1789154244,6,0,0.024,4131975
1789154244,3,0,0.037,4131975
1789154244,2,0,0.617,4131975
1789154244,2,0,0.002,4131975
1789154245,4,0,0.209,4131975
1789154245,4,0,0.774,4131975
1789154247,4,0,1.389,4131975
1789154247,3,0,0.048,4131975
1789154247,1,0,0.002,4131975
1789154247,2,0,0.002,4131975
1789154247,1,0,0.001,4131975
1789154247,3,0,0.002,4131975
1789154247,0,0,0.007,4131975
1789154247,1,0,0.001,4131975
1789154247,6,0,0.009,4131975
1789154247,6,0,0.005,4131975
1789154247,4,0,0.396,4131975
1789154247,3,0,0.001,4131975
1789154248,4,0,0.501,4131975
1789154248,0,0,0.011,4131975
1789154248,1,0,0.001,4131975
1789154248,2,0,0.002,4131975
1789154248,2,0,0.003,4131975
1789154248,3,0,0.027,4131975
1789154248,3,0,0.043,4131975
1789154248,0,0,0.005,4131975
1789154248,3,0,0.003,4131975
1789154248,2,0,0.002,4131975
1789154249,4,0,0.726,4131975
1789154249,3,0,0.003,4131975
1789154249,3,0,0.039,4131975
1789154249,0,0,0.01,4131975
1789154249,2,0,0.476,4131975
1789154249,6,0,0.006,4131975
1789154249,3,0,0.004,4131975
1789154249,3,0,0.005,4131975
1789154249,6,0,0.005,4131975
1789154250,2,0,0.434,4131975
1789154250,3,0,0.018,4131975
1789154250,4,0,0.7,4131975
1789154250,6,0,0.008,4131975
1789154251,4,0,0.727,4131975
1789154251,3,0,0.063,4131975
1789154251,0,0,0.006,4131975
1789154251,0,0,0.009,4131975
1789154251,3,0,0.003,4131975
1789154251,6,0,0.007,4131975
1789154251,3,0,0.074,4131975
1789154251,6,0,0.007,4131975
1789154255,7,0,4.067,4131975
1789154255,5,0,0.082,4131975
1789154256,2,0,0.425,4131975
1789154256,2,0,0.456,4131975
1789154256,3,0,0.028,4131975
1789154256,2,0,0.305,4131975
1789154257,3,0,0.073,4131975
1789154257,4,0,0.46,4131975
1789154257,3,0,0.111,4131975
1789154257,3,0,0.05,4131975
1789154257,3,0,0.136,4131975
1789154257,3,0,0.009,4131975
1789154257,6,0,0.007,4131975
1789154258,2,0,1.16,4131975
1789154259,4,0,0.375,4131975
1789154259,5,0,0.414,4131975
1789154260,4,0,0.987,4131975
1789154262,2,0,1.495,4131975
1789154262,4,0,0.567,4131975
1789154262,6,0,0.004,4131975
1789154267,7,0,4.346,4131975
1789154267,1,0,0.001,4131975
1789154267,1,0,0.001,4131975
1789154267,0,0,0.007,4131975
1789154267,6,0,0.01,4131975
1789154267,2,0,0.002,4131975
1789154267,3,0,0.044,4131975
1789154267,4,0,0.435,4131975
1789154267,6,0,0.007,4131975
1789154267,6,0,0.008,4131975
1789154268,5,0,0.963,4131975
1789154268,4,0,0.294,4131975
1789154269,4,0,0.651,4131975
1789154270,4,0,0.855,4131975
1789154271,2,0,0.949,4131975
1789154271,5,0,0.163,4131975
1789154275,5,0,3.605,4131975
1789154275,3,0,0.036,4131975
1789154275,2,0,0.011,4131975
1789154275,4,0,0.69,4131975
1789154275,6,0,0.007,4131975
1789154276,4,0,0.807,4131975
1789154277,2,0,0.354,4131975
1789154277,3,0,0.004,4131975
1789154277,4,0,0.258,4131975
1789154277,4,0,0.621,4131975
1789154277,6,0,0.02,4131975
1789154278,4,0,0.535,4131975
1789154278,3,0,0.049,4131975
1789154278,4,0,0.23,4131975
1789154278,3,0,0.005,4131975
1789154278,6,0,0.006,4131975
1789154278,0,0,0.005,4131975
1789154278,6,0,0.005,4131975
1789154278,6,0,0.004,4131975
1789154279,4,0,0.97,4131975
1789154279,0,0,0.009,4131975
1789154279,3,0,0.004,4131975
1789154280,4,0,0.265,4131975
1789154280,6,0,0.025,4131975
1789154280,4,0,0.402,4131975
1789154280,2,0,0.005,4131975
1789154280,0,0,0.011,4131975
1789154281,4,0,0.811,4131975
1789154281,0,0,0.008,4131975
1789154281,2,0,0.002,4131975
1789154281,6,0,0.007,4131975
1789154281,1,0,0.002,4131975
1789154281,3,0,0.006,4131975
1789154281,3,0,0.003,4131975
1789154281,1,0,0.001,4131975
1789154281,4,0,0.476,4131975
1789154283,4,0,1.272,4131975
1789154283,3,0,0.012,4131975
1789154283,0,0,0.011,4131975
1789154283,3,0,0.048,4131975
1789154283,0,0,0.015,4131975
1789154283,4,0,0.615,4131975
1789154283,0,0,0.013,4131975
1789154283,3,0,0.006,4131975
1789154287,5,0,3.266,4131975
1789154287,3,0,0.052,4131975
1789154287,4,0,0.842,4131975
1789154287,1,0,0.001,4131975
1789154288,6,0,0.009,4131975
1789154288,1,0,0.001,4131975
1789154288,3,0,0.005,4131975
1789154288,5,0,0.1,4131975
1789154288,4,0,0.254,4131975
1789154288,3,0,0.007,4131975
1789154288,5,0,0.555,4131975
1789154288,3,0,0.065,4131975
1789154289,0,0,0.01,4131975
1789154290,4,0,1.52,4131975
1789154290,3,0,0.054,4131975
1789154291,4,0,0.484,4131975
1789154291,0,0,0.008,4131975
1789154291,7,0,0.318,4131975
1789154291,2,0,0.327,4131975
1789154291,0,0,0.005,4131975
1789154292,4,0,0.633,4131975
1789154293,2,0,0.716,4131975
1789154293,4,0,0.369,4131975
1789154294,5,0,1.016,4131975
1789154294,6,0,0.005,4131975
1789154294,4,0,0.231,4131975
1789154294,2,0,0.002,4131975
1789154294,0,0,0.048,4131975
1789154294,3,0,0.048,4131975
1789154294,6,0,0.007,4131975
1789154295,2,0,0.664,4131975
1789154295,4,0,0.53,4131975
1789154296,6,0,0.019,4131975
1789154297,4,0,1.069,4131975
1789154297,1,0,0.001,4131975
1789154297,1,0,0.001,4131975
1789154297,0,0,0.009,4131975
1789154297,0,0,0.007,4131975
1789154297,3,0,0.025,4131975
1789154297,4,0,0.274,4131975
1789154297,3,0,0.082,4131975
1789154301,5,0,3.629,4131975
1789154301,3,0,0.004,4131975
1789154301,6,0,0.003,4131975
1789154301,5,0,0.165,4131975
1789154301,3,0,0.06,4131975
1789154302,5,0,1.197,4131975
1789154306,5,0,3.817,4131975
1789154306,2,0,0.004,4131975
1789154306,3,0,0.051,4131975
1789154307,2,0,1.098,4131975
1789154307,3,0,0.01,4131975
1789154308,4,0,0.983,4131975
1789154308,1,0,0.003,4131975
1789154308,4,0,0.37,4131975
1789154308,3,0,0.088,4131975
1789154309,3,0,0.125,4131975
1789154309,2,0,0.325,4131975
1789154309,0,0,0.012,4131975
1789154309,5,0,0.139,4131975
1789154310,5,0,0.454,4131975
1789154310,0,0,0.005,4131975
1789154310,6,0,0.006,4131975
1789154310,1,0,0.001,4131975
1789154311,4,0,1.899,4131975
1789154312,2,0,0.515,4131975
1789154312,0,0,0.012,4131975
1789154314,4,0,2.342,4131975
1789154314,5,0,0.137,4131975
1789154314,1,0,0.001,4131975
1789154314,0,0,0.012,4131975
1789154314,2,0,0.001,4131975
1789154314,1,0,0.001,4131975
1789154314,3,0,0.016,4131975
1789154315,3,0,0.171,4131975
1789154315,3,0,0.04,4131975
1789154315,0,0,0.005,4131975
1789154315,4,0,0.277,4131975
1789154315,3,0,0.042,4131975
1789154315,2,0,0.003,4131975
1789154315,2,0,0.003,4131975
1789154319,5,0,3.499,4131975
1789154319,3,0,0.002,4131975
1789154319,0,0,0.005,4131975
1789154319,5,0,0.896,4131975
1789154319,6,0,0.008,4131975
1789154320,5,0,0.551,4131975
1789154320,0,0,0.006,4131975
1789154320,0,0,0.017,4131975
1789154320,4,0,0.169,4131975
1789154320,4,0,0.259,4131975
1789154320,3,0,0.048,4131975
1789154321,7,0,0.152,4131975
1789154321,3,0,0.027,4131975
1789154321,2,0,0.001,4131975
1789154321,5,0,0.552,4131975
1789154325,5,0,3.776,4131975
1789154325,2,0,0.004,4131975
1789154325,1,0,0.001,4131975
1789154325,0,0,0.007,4131975
1789154325,3,0,0.002,4131975
1789154326,2,0,0.614,4131975
1789154326,4,0,0.287,4131975
1789154326,2,0,0.474,4131975
1789154328,4,0,1.296,4131975
1789154328,3,0,0.061,4131975
1789154328,0,0,0.037,4131975
1789154328,0,0,0.008,4131975
1789154328,4,0,0.402,4131975
1789154329,5,0,0.625,4131975
1789154329,2,0,0.004,4131975
1789154329,0,0,0.011,4131975
1789154329,0,0,0.022,4131975
1789154330,4,0,0.725,4131975
1789154330,0,0,0.01,4131975
1789154330,4,0,0.901,4131975
1789154330,6,0,0.004,4131975
1789154331,3,0,0.068,4131975
1789154331,4,0,0.678,4131975
1789154332,5,0,0.394,4131975
1789154332,6,0,0.004,4131975
1789154332,3,0,0.005,4131975
1789154332,4,0,0.491,4131975
1789154336,5,0,4.37,4131975
1789154337,5,0,0.124,4131975
1789154337,0,0,0.019,4131975
1789154337,2,0,0.445,4131975
1789154337,6,0,0.005,4131975
1789154338,4,0,0.654,4131975
1789154338,2,0,0.511,4131975
1789154339,4,0,0.809,4131975
1789154341,4,0,1.486,4131975
1789154341,0,0,0.008,4131975
1789154341,3,0,0.081,4131975
1789154341,4,0,0.684,4131975
1789154341,3,0,0.05,4131975
1789154342,4,0,0.933,4131975
1789154342,3,0,0.16,4131975
1789154342,6,0,0.004,4131975
1789154342,1,0,0.001,4131975
1789154342,0,0,0.007,4131975
1789154342,0,0,0.011,4131975
1789154342,0,0,0.004,4131975
1789154343,4,0,0.744,4131975
1789154343,6,0,0.006,4131975
1789154343,6,0,0.007,4131975
1789154343,3,0,0.011,4131975
1789154345,4,0,1.738,4131975
1789154345,3,0,0.007,4131975
1789154345,2,0,0.392,4131975
1789154346,5,0,0.692,4131975
1789154346,0,0,0.005,4131975
1789154347,5,0,1.38,4131975
1789154348,3,0,0.063,4131975
1789154348,2,0,0.001,4131975
1789154348,2,0,0.397,4131975
1789154349,4,0,0.653,4131975
1789154349,2,0,0.335,4131975
1789154349,3,0,0.006,4131975
1789154349,3,0,0.102,4131975
1789154349,0,0,0.004,4131975
1789154349,4,0,0.19,4131975
1789154350,2,0,0.497,4131975
1789154350,2,0,0.262,4131975
1789154351,2,0,0.571,4131975
1789154351,2,0,0.003,4131975
1789154351,0,0,0.008,4131975
1789154351,6,0,0.006,4131975
1789154351,0,0,0.015,4131975
1789154351,6,0,0.004,4131975
1789154351,1,0,0.001,4131975
1789154355,7,0,4.053,4131975
1789154355,6,0,0.024,4131975
1789154356,4,0,1.43,4131975
1789154356,3,0,0.014,4131975
1789154356,6,0,0.008,4131975
1789154356,3,0,0.002,4131975
1789154357,4,0,0.404,4131975
1789154357,0,0,0.003,4131975
1789154357,4,0,0.356,4131975
1789154357,2,0,0.002,4131975
1789154357,2,0,0.495,4131975
1789154358,5,0,0.448,4131975
1789154358,2,0,0.002,4131975
1789154358,4,0,0.531,4131975
1789154358,1,0,0.001,4131975
1789154358,0,0,0.025,4131975
1789154358,6,0,0.004,4131975
1789154358,3,0,0.077,4131975
1789154358,6,0,0.01,4131975
1789154359,4,0,0.697,4131975
1789154360,4,0,0.45,4131975
1789154360,6,0,0.006,4131975
1789154360,2,0,0.002,4131975
1789154360,6,0,0.006,4131975
1789154360,3,0,0.06,4131975
1789154360,2,0,0.001,4131975
1789154360,0,0,0.01,4131975
1789154360,6,0,0.007,4131975
1789154360,4,0,0.54,4131975
1789154360,6,0,0.005,4131975
1789154360,3,0,0.013,4131975
1789154360,6,0,0.005,4131975
1789154361,4,0,0.67,4131975
1789154361,3,0,0.077,4131975
1789154362,7,0,0.507,4131975
1789154362,3,0,0.014,4131975
1789154362,4,0,0.477,4131975
1789154362,2,0,0.379,4131975
1789154363,5,0,0.678,4131975
1789154363,2,0,0.368,4131975
1789154364,5,0,0.389,4131975
1789154365,4,0,0.838,4131975
1789154365,0,0,0.007,4131975
1789154365,4,0,0.399,4131975
1789154365,1,0,0.002,4131975
1789154365,6,0,0.009,4131975
1789154365,2,0,0.318,4131975
1789154365,6,0,0.005,4131975
1789154365,6,0,0.005,4131975
1789154365,0,0,0.021,4131975
1789154366,4,0,0.408,4131975
1789154367,4,0,0.834,4131975
1789154367,4,0,0.482,4131975
1789154367,2,0,0.002,4131975
1789154368,4,0,0.826,4131975
1789154368,5,0,0.141,4131975
1789154368,1,0,0.001,4131975
1789154368,5,0,0.211,4131975
1789154369,5,0,0.229,4131975
1789154369,5,0,0.148,4131975
1789154369,6,0,0.009,4131975
1789154369,5,0,0.102,4131975
1789154369,1,0,0.002,4131975
1789154369,5,0,0.186,4131975
1789154369,0,0,0.008,4131975
1789154370,2,0,0.941,4131975
1789154370,2,0,0.001,4131975
1789154370,3,0,0.012,4131975
1789154370,1,0,0.001,4131975
1789154370,3,0,0.006,4131975
1789154370,5,0,0.106,4131975
1789154371,5,0,0.5,4131975
1789154371,0,0,0.017,4131975
1789154371,1,0,0.001,4131975
1789154371,0,0,0.01,4131975
1789154371,2,0,0.001,4131975
1789154371,6,0,0.006,4131975
1789154371,3,0,0.138,4131975
1789154371,5,0,0.516,4131975
1789154371,3,0,0.052,4131975
1789154372,5,0,0.176,4131975
1789154372,2,0,0.929,4131975
1789154374,4,0,1.086,4131975
1789154374,4,0,0.419,4131975
1789154378,5,0,4.502,4131975
1789154379,4,0,0.794,4131975
1789154380,4,0,0.691,4131975
1789154380,1,0,0.002,4131975
1789154380,6,0,0.01,4131975
1789154380,5,0,0.144,4131975
1789154380,0,0,0.009,4131975
1789154381,2,0,0.581,4131975
1789154381,4,0,0.621,4131975
1789154381,3,0,0.006,4131975
1789154381,6,0,0.006,4131975
1789154381,1,0,0.001,4131975
1789154382,2,0,0.454,4131975
1789154382,2,0,0.549,4131975
1789154386,7,0,3.902,4131975
1789154387,4,0,0.735,4131975
1789154387,0,0,0.008,4131975
1789154392,5,0,5.109,4131975
1789154393,4,0,0.735,4131975
1789154393,7,0,0.184,4131975
1789154397,7,0,3.919,4131975
1789154397,3,0,0.031,4131975
1789154397,0,0,0.005,4131975
1789154397,3,0,0.055,4131975
1789154398,2,0,0.561,4131975
1789154398,4,0,0.667,4131975
1789154398,6,0,0.015,4131975
1789154399,4,0,0.405,4131975
1789154399,6,0,0.005,4131975
1789154399,0,0,0.009,4131975
1789154399,4,0,0.749,4131975
1789154405,5,0,5.662,4131975
1789154406,4,0,0.477,4131975
1789154406,2,0,0.004,4131975
1789154407,4,0,1.766,4131975
1789154407,1,0,0.001,4131975
1789154407,0,0,0.004,4131975
1789154407,1,0,0.002,4131975
1789154408,2,0,0.654,4131975
1789154408,2,0,0.001,4131975
1789154408,2,0,0.002,4131975
1789154412,5,0,3.783,4131975
1789154412,6,0,0.007,4131975
1789154412,0,0,0.004,4131975
1789154413,2,0,0.736,4131975
1789154414,4,0,1.783,4131975
1789154414,3,0,0.006,4131975
1789154418,7,0,3.472,4131975
1789154418,3,0,0.007,4131975
1789154418,0,0,0.007,4131975
1789154418,2,0,0.002,4131975
1789154418,3,0,0.135,4131975
1789154418,2,0,0.447,4131975
1789154418,3,0,0.011,4131975
1789154419,4,0,0.281,4131975
1789154419,2,0,0.298,4131975
1789154419,6,0,0.007,4131975
1789154419,2,0,0.487,4131975
1789154421,4,0,1.21,4131975
1789154421,2,0,0.002,4131975
1789154421,4,0,0.203,4131975
1789154421,1,0,0.001,4131975
1789154421,3,0,0.064,4131975
1789154421,4,0,0.433,4131975
1789154422,4,0,0.996,4131975
1789154423,4,0,1.108,4131975
1789154423,6,0,0.004,4131975
1789154424,4,0,0.958,4131975
1789154425,2,0,0.29,4131975
1789154425,5,0,0.178,4131975
1789154425,6,0,0.008,4131975
1789154425,0,0,0.019,4131975
1789154426,4,0,0.583,4131975
1789154426,6,0,0.046,4131975
1789154426,4,0,0.43,4131975
1789154426,0,0,0.012,4131975
1789154426,2,0,0.381,4131975
1789154426,3,0,0.007,4131975
1789154426,6,0,0.006,4131975
1789154426,6,0,0.007,4131975
1789154426,0,0,0.013,4131975
1789154427,2,0,0.825,4131975
1789154428,4,0,1.059,4131975
1789154428,3,0,0.004,4131975
1789154428,3,0,0.108,4131975
1789154429,3,0,0.075,4131975
1789154429,3,0,0.063,4131975
1789154429,0,0,0.008,4131975
1789154429,2,0,0.327,4131975
1789154429,4,0,0.56,4131975
1789154430,5,0,0.693,4131975
1789154430,0,0,0.023,4131975
1789154430,2,0,0.001,4131975
1789154430,3,0,0.069,4131975
1789154430,3,0,0.117,4131975
1789154430,0,0,0.014,4131975
1789154431,4,0,0.512,4131975
1789154431,2,0,0.446,4131975
1789154432,2,0,0.324,4131975
1789154432,4,0,0.205,4131975
1789154432,6,0,0.006,4131975
1789154433,5,0,0.965,4131975
1789154433,4,0,0.303,4131975
1789154433,3,0,0.009,4131975
1789154437,5,0,4.078,4131975
1789154437,3,0,0.044,4131975
1789154437,6,0,0.006,4131975
1789154437,3,0,0.009,4131975
1789154437,6,0,0.004,4131975
1789154437,3,0,0.029,4131975
1789154438,5,0,0.369,4131975
1789154438,0,0,0.009,4131975
1789154438,3,0,0.221,4131975
1789154438,4,0,0.408,4131975
1789154439,2,0,0.727,4131975
1789154439,3,0,0.033,4131975
1789154443,7,0,3.989,4131975
1789154443,3,0,0.063,4131975
1789154444,4,0,0.998,4131975
1789154444,3,0,0.053,4131975
1789154444,3,0,0.059,4131975
1789154449,5,0,4.856,4131975
1789154449,0,0,0.005,4131975
1789154449,0,0,0.004,4131975
1789154449,6,0,0.009,4131975
1789154449,3,0,0.062,4131975
1789154449,6,0,0.006,4131975
1789154449,3,0,0.172,4131975
1789154450,2,0,0.521,4131975
1789154451,4,0,0.78,4131975
1789154451,4,0,0.704,4131975
1789154452,4,0,0.517,4131975
1789154452,3,0,0.087,4131975
1789154452,5,0,0.095,4131975
1789154452,1,0,0.002,4131975
1789154452,0,0,0.005,4131975
1789154452,3,0,0.009,4131975
1789154453,4,0,1.076,4131975
1789154453,2,0,0.001,4131975
1789154453,0,0,0.003,4131975
1789154454,4,0,0.47,4131975
1789154454,2,0,0.57,4131975
1789154455,4,0,1.058,4131975
1789154455,3,0,0.067,4131975
1789154455,0,0,0.011,4131975
1789154456,4,0,0.801,4131975
1789154456,1,0,0.001,4131975
1789154456,3,0,0.015,4131975
1789154456,0,0,0.007,4131975
1789154456,2,0,0.001,4131975
1789154456,6,0,0.004,4131975
1789154456,2,0,0.289,4131975
1789154456,1,0,0.001,4131975
1789154457,7,0,0.135,4131975
1789154457,4,0,0.742,4131975
1789154458,4,0,0.275,4131975
1789154458,0,0,0.01,4131975
1789154463,5,0,5.62,4131975
1789154463,2,0,0.002,4131975
1789154464,4,0,1.238,4131975
1789154465,7,0,0.178,4131975
1789154465,6,0,0.004,4131975
1789154465,2,0,0.002,4131975
1789154465,4,0,0.41,4131975
1789154465,6,0,0.003,4131975
1789154465,0,0,0.013,4131975
1789154466,4,0,0.7,4131975
1789154466,3,0,0.058,4131975
1789154466,6,0,0.009,4131975
1789154466,2,0,0.576,4131975
1789154467,4,0,0.59,4131975
1789154468,4,0,0.589,4131975
1789154468,4,0,0.69,4131975
1789154470,4,0,1.745,4131975
1789154470,5,0,0.169,4131975
1789154470,3,0,0.001,4131975
1789154470,0,0,0.003,4131975
1789154470,3,0,0.004,4131975
1789154475,7,0,4.454,4131975
1789154476,4,0,1.202,4131975
1789154476,0,0,0.004,4131975
1789154476,2,0,0.012,4131975
1789154476,3,0,0.012,4131975
1789154476,2,0,0.539,4131975
1789154476,6,0,0.007,4131975
1789154477,2,0,0.409,4131975
1789154477,6,0,0.007,4131975
1789154477,0,0,0.007,4131975
1789154477,0,0,0.004,4131975
1789154478,2,0,0.862,4131975
1789154479,5,0,0.778,4131975
1789154479,3,0,0.006,4131975
1789154479,2,0,0.002,4131975
1789154479,2,0,0.226,4131975
1789154479,4,0,0.456,4131975
1789154479,5,0,0.141,4131975
1789154479,3,0,0.002,4131975
1789154481,4,0,1.375,4131975
1789154481,2,0,0.278,4131975
1789154482,4,0,0.998,4131975
1789154482,3,0,0.077,4131975
1789154482,0,0,0.01,4131975
1789154482,0,0,0.01,4131975
1789154482,2,0,0.002,4131975
1789154482,3,0,0.01,4131975
1789154484,5,0,1.418,4131975
1789154484,1,0,0.002,4131975
1789154487,5,0,3.741,4131975
1789154487,5,0,0.197,4131975
1789154487,3,0,0.008,4131975
1789154487,6,0,0.008,4131975
1789154488,0,0,0.023,4131975
1789154488,4,0,0.505,4131975
1789154489,4,0,1.346,4131975
1789154489,0,0,0.004,4131975
1789154490,4,0,0.536,4131975
1789154490,4,0,0.421,4131975
1789154491,4,0,0.31,4131975
1789154491,3,0,0.003,4131975
1789154491,6,0,0.006,4131975
1789154491,0,0,0.004,4131975
1789154491,2,0,0.624,4131975
1789154491,5,0,0.187,4131975
1789154491,1,0,0.001,4131975
1789154492,3,0,0.162,4131975
1789154492,5,0,0.25,4131975
1789154493,4,0,1.385,4131975
1789154493,2,0,0,4131975
1789154493,2,0,0.001,4131975
1789154493,3,0,0.003,4131975
1789154493,0,0,0.004,4131975
1789154493,6,0,0.008,4131975
1789154493,0,0,0.004,4131975
1789154493,1,0,0.001,4131975
1789154494,4,0,0.773,4131975
1789154495,2,0,0.509,4131975
1789154499,5,0,4.034,4131975
1789154499,3,0,0.004,4131975
1789154499,1,0,0.001,4131975
1789154499,0,0,0.007,4131975
1789154499,0,0,0.003,4131975
1789154499,2,0,0.001,4131975
1789154500,4,0,0.941,4131975
1789154500,0,0,0.009,4131975
1789154500,4,0,0.299,4131975
1789154500,5,0,0.138,4131975
1789154501,4,0,0.901,4131975
1789154501,0,0,0.004,4131975
1789154502,4,0,1.052,4131975
1789154502,0,0,0.007,4131975
1789154502,0,0,0.006,4131975
1789154502,6,0,0.008,4131975
1789154502,0,0,0.014,4131975
1789154502,3,0,0.032,4131975
1789154502,3,0,0.039,4131975
1789154502,2,0,0.003,4131975
1789154502,4,0,0.252,4131975
1789154502,3,0,0.007,4131975
1789154502,3,0,0.034,4131975
1789154504,4,0,1.138,4131975
1789154504,5,0,0.13,4131975
1789154504,2,0,0.002,4131975
1789154504,6,0,0.005,4131975
1789154504,4,0,0.361,4131975
1789154504,3,0,0.003,4131975
1789154504,0,0,0.007,4131975
1789154504,4,0,0.323,4131975
1789154504,6,0,0.006,4131975
1789154505,4,0,0.286,4131975
1789154505,0,0,0.008,4131975
1789154505,0,0,0.004,4131975
1789154505,1,0,0.001,4131975
1789154505,3,0,0.005,4131975
1789154505,0,0,0.012,4131975
1789154505,3,0,0.007,4131975
1789154505,0,0,0.004,4131975
1789154505,3,0,0.123,4131975
1789154506,4,0,1.199,4131975
1789154507,4,0,1.206,4131975
1789154507,3,0,0.012,4131975
1789154508,4,0,0.431,4131975
1789154509,5,0,1.223,4131975
1789154509,0,0,0.017,4131975
1789154513,7,0,3.732,4131975
1789154513,0,0,0.007,4131975
1789154517,5,0,4.163,4131975
1789154517,4,0,0.601,4131975
1789154518,4,0,0.554,4131975
1789154518,3,0,0.144,4131975
1789154518,0,0,0.005,4131975
1789154518,0,0,0.011,4131975
1789154518,0,0,0.012,4131975
1789154518,3,0,0.025,4131975
1789154519,4,0,0.521,4131975
1789154520,2,0,1.432,4131975
1789154520,3,0,0.063,4131975
1789154520,6,0,0.007,4131975
1789154520,3,0,0.008,4131975
1789154521,4,0,1.014,4131975
1789154521,3,0,0.198,4131975
1789154522,2,0,0.422,4131975
1789154522,2,0,0.002,4131975
1789154522,6,0,0.007,4131975
1789154522,0,0,0.014,4131975
1789154522,1,0,0.001,4131975
1789154522,3,0,0.064,4131975
1789154523,5,0,0.739,4131975
1789154523,6,0,0.008,4131975
1789154523,1,0,0.001,4131975
1789154523,6,0,0.009,4131975
1789154523,4,0,0.191,4131975
1789154523,6,0,0.005,4131975
1789154523,4,0,0.251,4131975
1789154524,4,0,0.562,4131975
1789154528,7,0,4.481,4131975
1789154528,6,0,0.006,4131975
1789154529,2,0,0.579,4131975
1789154529,6,0,0.006,4131975
1789154529,5,0,0.152,4131975
1789154529,4,0,0.313,4131975
1789154530,2,0,0.638,4131975
1789154530,6,0,0.005,4131975
1789154531,4,0,0.942,4131975
1789154532,4,0,1.19,4131975
1789154532,3,0,0.003,4131975
1789154532,4,0,0.255,4131975
1789154532,6,0,0.006,4131975
1789154532,0,0,0.004,4131975
1789154532,3,0,0.118,4131975
1789154533,4,0,1.064,4131975
1789154533,0,0,0.007,4131975
1789154535,4,0,1.217,4131975
1789154539,7,0,4.07,4131975
1789154539,6,0,0.006,4131975
1789154539,3,0,0.036,4131975
1789154539,3,0,0.035,4131975
1789154539,6,0,0.007,4131975
1789154540,4,0,1.049,4131975
1789154540,0,0,0.006,4131975
1789154540,3,0,0.005,4131975
1789154540,3,0,0.072,4131975
1789154540,4,0,0.235,4131975
1789154540,3,0,0.081,4131975
1789154540,0,0,0.018,4131975
1789154540,3,0,0.001,4131975
1789154541,5,0,0.638,4131975
1789154541,1,0,0.002,4131975
1789154542,2,0,0.62,4131975
1789154542,4,0,0.728,4131975
1789154543,4,0,0.635,4131975
1789154543,6,0,0.008,4131975
1789154543,0,0,0.018,4131975
1789154543,3,0,0.015,4131975
1789154543,3,0,0.137,4131975
1789154544,4,0,1.19,4131975
1789154545,2,0,0.47,4131975
1789154545,3,0,0.002,4131975
1789154545,0,0,0.01,4131975
1789154545,3,0,0.003,4131975
1789154545,0,0,0.013,4131975
1789154545,5,0,0.122,4131975
1789154545,3,0,0.005,4131975
1789154548,5,0,3.4,4131975
1789154548,6,0,0.007,4131975
1789154549,2,0,0.481,4131975
1789154549,2,0,0.002,4131975
1789154549,1,0,0.002,4131975
1789154549,7,0,0.258,4131975
1789154549,0,0,0.009,4131975
1789154550,4,0,0.505,4131975
1789154550,6,0,0.008,4131975
1789154550,6,0,0.004,4131975
1789154550,4,0,0.615,4131975
1789154550,3,0,0.093,4131975
1789154550,3,0,0.042,4131975
1789154550,6,0,0.006,4131975
1789154551,4,0,0.406,4131975
1789154551,6,0,0.025,4131975
1789154551,3,0,0.042,4131975
1789154551,6,0,0.005,4131975
1789154551,3,0,0.031,4131975
1789154551,6,0,0.005,4131975
1789154551,1,0,0.001,4131975
1789154552,2,0,0.675,4131975
1789154552,3,0,0.124,4131975
1789154552,3,0,0.124,4131975
1789154552,3,0,0.014,4131975
1789154552,2,0,0.001,4131975
1789154552,3,0,0.013,4131975
1789154554,2,0,2.07,4131975
1789154554,0,0,0.011,4131975
1789154554,5,0,0.25,4131975
1789154554,3,0,0.141,4131975
1789154554,1,0,0.001,4131975
1789154554,3,0,0.037,4131975
1789154555,4,0,0.486,4131975
1789154556,4,0,0.744,4131975
1789154556,2,0,0.016,4131975
1789154556,6,0,0.005,4131975
1789154556,6,0,0.008,4131975
1789154556,1,0,0.001,4131975
1789154556,0,0,0.004,4131975
1789154556,4,0,0.642,4131975
1789154556,6,0,0.004,4131975
1789154557,4,0,0.365,4131975
1789154557,4,0,0.586,4131975
1789154558,4,0,0.474,4131975
1789154558,0,0,0.006,4131975
1789154558,4,0,0.656,4131975
1789154559,4,0,0.522,4131975
1789154559,6,0,0.007,4131975
1789154559,0,0,0.009,4131975
1789154560,5,0,0.677,4131975
1789154560,2,0,0.43,4131975
1789154560,4,0,0.372,4131975
1789154561,2,0,0.316,4131975
1789154561,2,0,0.519,4131975
1789154561,1,0,0.002,4131975
1789154561,2,0,0.002,4131975
1789154563,2,0,1.622,4131975
1789154564,2,0,1.373,4131975
1789154565,2,0,0.94,4131975
1789154566,2,0,0.495,4131975
1789154566,3,0,0.005,4131975
1789154570,5,0,4.497,4131975
1789154570,0,0,0.006,4131975
1789154570,2,0,0.002,4131975
1789154570,0,0,0.011,4131975
1789154574,5,0,3.401,4131975
1789154574,6,0,0.008,4131975
1789154574,4,0,0.281,4131975
1789154574,0,0,0.005,4131975
1789154574,4,0,0.428,4131975
1789154575,4,0,0.457,4131975
1789154579,5,0,4.115,4131975
1789154583,5,0,4.548,4131975
1789154583,3,0,0.062,4131975
1789154583,0,0,0.007,4131975
1789154583,0,0,0.014,4131975
1789154583,2,0,0.005,4131975
1789154587,7,0,3.394,4131975
1789154587,5,0,0.312,4131975
1789154587,5,0,0.103,4131975
1789154588,4,0,0.29,4131975
1789154588,6,0,0.003,4131975
1789154591,5,0,3.518,4131975
1789154592,4,0,0.526,4131975
1789154592,0,0,0.007,4131975
1789154592,5,0,0.447,4131975
1789154592,0,0,0.007,4131975
1789154592,0,0,0.002,4131975
1789154592,0,0,0.01,4131975
1789154593,4,0,0.802,4131975
1789154593,5,0,0.253,4131975
1789154594,4,0,0.765,4131975
1789154594,3,0,0.073,4131975
1789154595,4,0,1.454,4131975
1789154595,0,0,0.007,4131975
1789154596,5,0,0.526,4131975
1789154596,3,0,0.049,4131975
1789154596,2,0,0.002,4131975
1789154596,3,0,0.021,4131975
1789154598,2,0,1.529,4131975
1789154598,4,0,0.565,4131975
1789154598,0,0,0.004,4131975
1789154598,0,0,0.04,4131975
1789154598,6,0,0.007,4131975
1789154598,2,0,0.002,4131975
1789154601,5,0,3.346,4131975
1789154602,4,0,0.738,4131975
1789154602,4,0,0.252,4131975
1789154602,0,0,0.01,4131975
1789154603,6,0,0.008,4131975
1789154604,4,0,1.851,4131975
1789154604,3,0,0.053,4131975
1789154604,0,0,0.011,4131975
1789154604,3,0,0.006,4131975
1789154605,2,0,0.438,4131975
1789154609,5,0,4.445,4131975
1789154609,3,0,0.004,4131975
1789154611,4,0,2.169,4131975
1789154612,3,0,0.146,4131975
1789154612,0,0,0.006,4131975
1789154613,4,0,0.875,4131975
1789154613,4,0,0.727,4131975
1789154614,2,0,0.459,4131975
1789154614,5,0,0.087,4131975
1789154614,1,0,0.002,4131975
1789154614,0,0,0.018,4131975
1789154614,4,0,0.261,4131975
1789154614,6,0,0.005,4131975
1789154615,4,0,0.455,4131975
1789154615,2,0,0.004,4131975
1789154615,3,0,0.044,4131975
1789154615,5,0,0.679,4131975
1789154617,7,0,1.85,4131975
1789154618,4,0,0.457,4131975
1789154618,0,0,0.011,4131975
1789154618,4,0,0.25,4131975
1789154618,0,0,0.004,4131975
1789154618,0,0,0.006,4131975
1789154618,2,0,0.14,4131975
1789154622,5,0,4.446,4131975
1789154622,3,0,0.006,4131975
1789154622,3,0,0.057,4131975
1789154622,3,0,0.01,4131975
1789154623,4,0,0.318,4131975
1789154623,4,0,0.316,4131975
1789154623,0,0,0.008,4131975
1789154624,4,0,0.458,4131975
1789154624,3,0,0.107,4131975
1789154624,1,0,0.002,4131975
1789154624,6,0,0.007,4131975
1789154628,5,0,4.646,4131975
1789154629,5,0,0.796,4131975
1789154629,2,0,0.001,4131975
1789154629,6,0,0.004,4131975
1789154629,3,0,0.008,4131975
1789154629,3,0,0.004,4131975
1789154629,1,0,0.001,4131975
1789154630,4,0,0.56,4131975
1789154630,6,0,0.005,4131975
1789154631,2,0,1.02,4131975
1789154631,6,0,0.02,4131975
1789154632,4,0,1.08,4131975
1789154632,5,0,0.1,4131975
1789154632,0,0,0.013,4131975
1789154632,5,0,0.44,4131975
1789154633,3,0,0.143,4131975
1789154633,1,0,0.001,4131975
1789154633,5,0,0.2,4131975
1789154633,4,0,0.307,4131975
1789154633,5,0,0.09,4131975
1789154633,3,0,0.006,4131975
1789154633,6,0,0.006,4131975
1789154633,1,0,0.001,4131975
1789154633,2,0,0.002,4131975
1789154633,5,0,0.18,4131975
1789154634,4,0,0.745,4131975
1789154635,2,0,1.333,4131975
1789154636,2,0,0.738,4131975
1789154637,4,0,0.852,4131975
1789154638,4,0,1.294,4131975
1789154638,6,0,0.003,4131975
1789154639,4,0,0.712,4131975
1789154640,2,0,0.708,4131975
1789154640,0,0,0.006,4131975
1789154640,3,0,0.097,4131975
1789154644,5,0,4.199,4131975
1789154644,6,0,0.006,4131975
1789154648,5,0,4.351,4131975
1789154648,3,0,0.008,4131975
1789154649,5,0,0.17,4131975
1789154649,3,0,0.002,4131975
1789154649,2,0,0.001,4131975
1789154649,4,0,0.21,4131975
1789154649,1,0,0.001,4131975
1789154649,0,0,0.006,4131975
1789154649,0,0,0.006,4131975
1789154649,3,0,0.005,4131975
1789154649,0,0,0.005,4131975
1789154649,0,0,0.003,4131975
1789154649,0,0,0.018,4131975
1789154649,2,0,0.003,4131975
1789154649,5,0,0.19,4131975
1789154650,4,0,0.749,4131975
1789154650,0,0,0.009,4131975
1789154650,4,0,0.571,4131975
1789154650,6,0,0.004,4131975
1789154651,2,0,0.494,4131975
1789154651,5,0,0.135,4131975
1789154652,4,0,0.773,4131975
1789154652,6,0,0.007,4131975
1789154653,2,0,1.133,4131975
1789154653,4,0,0.576,4131975
1789154653,2,0,0.002,4131975
1789154654,5,0,0.122,4131975
1789154654,2,0,0.001,4131975
1789154654,0,0,0.006,4131975
1789154654,0,0,0.012,4131975
1789154654,0,0,0.003,4131975
1789154654,4,0,0.668,4131975
1789154655,4,0,0.75,4131975
1789154656,7,0,0.528,4131975
1789154656,0,0,0.022,4131975
1789154656,3,0,0.006,4131975
1789154656,2,0,0.62,4131975
1789154657,4,0,0.65,4131975
1789154660,4,0,2.763,4131975
1789154660,4,0,0.59,4131975
1789154660,4,0,0.038,4131975
1789154660,0,0,0.049,4131975
1789154660,0,0,0.007,4131975
1789154661,4,0,0.795,4131975
1789154661,2,0,0.004,4131975
1789154661,1,0,0.002,4131975
1789154661,2,0,0.002,4131975
1789154661,3,0,0.057,4131975
1789154661,7,0,0.299,4131975
1789154662,3,0,0.062,4131975
1789154662,4,0,0.684,4131975
1789154662,3,0,0.05,4131975
1789154663,2,0,0.714,4131975
1789154663,4,0,0.49,4131975
1789154663,6,0,0.009,4131975
1789154664,5,0,0.443,4131975
1789154665,4,0,0.764,4131975
1789154665,6,0,0.009,4131975
1789154668,5,0,3.565,4131975
1789154668,6,0,0.006,4131975
1789154669,4,0,0.311,4131975
1789154669,2,0,0.663,4131975
1789154669,3,0,0.084,4131975
1789154669,3,0,0.074,4131975
1789154669,0,0,0.003,4131975
1789154669,6,0,0.005,4131975
1789154670,2,0,0.443,4131975
1789154670,0,0,0.005,4131975
1789154670,3,0,0.089,4131975
1789154670,2,0,0.004,4131975
1789154670,2,0,0.502,4131975
1789154671,2,0,0.428,4131975
1789154671,2,0,0.002,4131975
1789154671,0,0,0.004,4131975
1789154671,4,0,0.383,4131975
1789154672,4,0,0.563,4131975
1789154672,0,0,0.006,4131975
1789154672,3,0,0.024,4131975
1789154672,4,0,0.221,4131975
1789154672,4,0,0.391,4131975
1789154677,5,0,4.049,4131975
1789154677,1,0,0.002,4131975
1789154677,3,0,0.017,4131975
1789154677,3,0,0.122,4131975
1789154677,0,0,0.004,4131975
1789154677,3,0,0.1,4131975
1789154677,6,0,0.004,4131975
1789154677,2,0,0.001,4131975
1789154677,1,0,0.001,4131975
1789154677,5,0,0.137,4131975
1789154678,4,0,0.838,4131975
1789154678,4,0,0.399,4131975
1789154678,3,0,0.122,4131975
1789154678,5,0,0.115,4131975
1789154679,5,0,0.454,4131975
1789154679,2,0,0.513,4131975
1789154680,2,0,0.265,4131975
1789154680,0,0,0.01,4131975
1789154680,0,0,0.008,4131975
1789154680,3,0,0.057,4131975
1789154681,4,0,0.938,4131975
1789154681,3,0,0.074,4131975
1789154682,4,0,0.892,4131975
1789154682,3,0,0.004,4131975
1789154682,2,0,0.435,4131975
1789154682,4,0,0.265,4131975
1789154683,4,0,0.355,4131975
1789154683,3,0,0.003,4131975
1789154683,3,0,0.072,4131975
1789154683,3,0,0.007,4131975
1789154684,4,0,0.947,4131975
1789154684,0,0,0.011,4131975
1789154684,6,0,0.004,4131975
1789154684,0,0,0.04,4131975
1789154684,3,0,0.004,4131975
1789154684,0,0,0.009,4131975
1789154684,2,0,0.286,4131975
1789154684,0,0,0.011,4131975
1789154684,4,0,0.303,4131975
1789154685,4,0,0.733,4131975
1789154686,4,0,0.417,4131975
1789154686,2,0,0.507,4131975
1789154686,6,0,0.006,4131975
1789154686,4,0,0.425,4131975
1789154687,3,0,0.106,4131975
1789154687,4,0,0.62,4131975
1789154687,3,0,0.04,4131975
1789154687,0,0,0.016,4131975
1789154687,6,0,0.008,4131975
1789154688,5,0,0.321,4131975
1789154688,2,0,0.401,4131975
1789154688,4,0,0.481,4131975
1789154688,3,0,0.013,4131975
1789154688,6,0,0.005,4131975
1789154688,6,0,0.006,4131975
1789154688,0,0,0.006,4131975
1789154689,2,0,0.642,4131975
1789154689,6,0,0.006,4131975
1789154689,0,0,0.008,4131975
1789154689,3,0,0.003,4131975
1789154690,4,0,0.436,4131975
1789154690,3,0,0.012,4131975
1789154690,4,0,0.924,4131975
1789154691,3,0,0.032,4131975
1789154692,4,0,1.775,4131975
1789154693,7,0,0.265,4131975
1789154693,0,0,0.007,4131975
1789154693,0,0,0.011,4131975
1789154693,4,0,0.371,4131975
1789154693,6,0,0.026,4131975
1789154693,5,0,0.116,4131975
1789154698,5,0,4.79,4131975
1789154699,4,0,0.679,4131975
1789154700,4,0,1.203,4131975
1789154700,2,0,0.002,4131975
1789154700,2,0,0.641,4131975
1789154701,4,0,0.512,4131975
1789154701,0,0,0.007,4131975
1789154701,3,0,0.031,4131975
1789154701,3,0,0.114,4131975
1789154701,5,0,0.321,4131975
1789154701,6,0,0.009,4131975
1789154702,7,0,0.817,4131975
1789154703,4,0,0.644,4131975
1789154703,0,0,0.009,4131975
1789154703,3,0,0.106,4131975
1789154703,0,0,0.006,4131975
1789154704,4,0,1.127,4131975
1789154704,2,0,0.295,4131975
1789154705,4,0,0.855,4131975
1789154705,1,0,0,4131975
1789154705,6,0,0.005,4131975
1789154705,3,0,0.033,4131975
1789154705,6,0,0.005,4131975
1789154709,5,0,3.432,4131975
1789154709,0,0,0.005,4131975
1789154709,1,0,0.001,4131975
1789154709,3,0,0.026,4131975
1789154709,3,0,0.036,4131975
1789154709,7,0,0.143,4131975
1789154709,2,0,0.001,4131975
1789154709,4,0,0.367,4131975
1789154709,0,0,0.005,4131975
1789154709,5,0,0.133,4131975
1789154710,4,0,0.647,4131975
1789154711,5,0,0.897,4131975
1789154711,4,0,0.211,4131975
1789154712,2,0,0.617,4131975
1789154712,5,0,0.545,4131975
1789154713,4,0,0.36,4131975
1789154713,2,0,0.001,4131975
1789154713,0,0,0.003,4131975
1789154714,4,0,1.039,4131975
1789154714,4,0,0.649,4131975
1789154714,6,0,0.006,4131975
1789154714,1,0,0.002,4131975
1789154714,0,0,0.006,4131975
1789154715,4,0,0.792,4131975
1789154715,1,0,0.001,4131975
1789154715,0,0,0.004,4131975
1789154715,3,0,0.08,4131975
1789154715,3,0,0.041,4131975
1789154716,4,0,1.1,4131975
1789154717,3,0,0.106,4131975
1789154717,3,0,0.097,4131975
1789154717,2,0,0.005,4131975
1789154717,3,0,0.054,4131975
1789154717,0,0,0.006,4131975
1789154717,3,0,0.032,4131975
1789154717,2,0,0.009,4131975
1789154717,7,0,0.369,4131975
1789154717,0,0,0.006,4131975
1789154719,2,0,1.64,4131975
1789154719,2,0,0,4131975
1789154720,5,0,1.284,4131975
1789154720,0,0,0.004,4131975
1789154724,5,0,3.686,4131975
1789154724,4,0,0.446,4131975
1789154724,3,0,0.006,4131975
1789154725,2,0,1.214,4131975
1789154725,2,0,0.001,4131975
1789154728,5,0,2.967,4131975
1789154729,4,0,0.451,4131975
1789154729,3,0,0.037,4131975
1789154729,3,0,0.031,4131975
1789154729,3,0,0.051,4131975
1789154729,0,0,0.007,4131975
1789154729,7,0,0.368,4131975
1789154729,3,0,0.055,4131975
1789154730,3,0,0.114,4131975
1789154730,4,0,0.454,4131975
1789154730,3,0,0.189,4131975
1789154730,2,0,0.002,4131975
1789154731,4,0,0.494,4131975
1789154731,3,0,0.033,4131975
1789154731,4,0,0.205,4131975
1789154731,0,0,0.01,4131975
1789154731,3,0,0.08,4131975
1789154732,2,0,0.609,4131975
1789154732,2,0,0,4131975
1789154732,4,0,0.499,4131975
1789154732,1,0,0.002,4131975
1789154732,2,0,0.002,4131975
1789154733,4,0,0.904,4131975
1789154733,4,0,0.491,4131975
1789154733,1,0,0.001,4131975
1789154734,0,0,0.03,4131975
1789154734,3,0,0.11,4131975
1789154734,3,0,0.004,4131975
1789154734,5,0,0.657,4131975
1789154734,6,0,0.005,4131975
1789154734,0,0,0.008,4131975
1789154738,5,0,4.054,4131975
1789154738,3,0,0.031,4131975
1789154738,1,0,0.001,4131975
1789154739,4,0,0.333,4131975
1789154739,4,0,0.017,4131975
1789154739,1,0,0.001,4131975
1789154739,0,0,0.007,4131975
1789154740,5,0,0.765,4131975
1789154740,0,0,0.006,4131975
1789154740,0,0,0.009,4131975
1789154740,6,0,0.006,4131975
1789154740,4,0,0.593,4131975
1789154740,3,0,0.005,4131975
1789154740,1,0,0.001,4131975
1789154740,3,0,0.006,4131975
1789154740,0,0,0.005,4131975
1789154740,3,0,0.037,4131975
1789154740,0,0,0.008,4131975
1789154740,3,0,0.105,4131975
1789154741,2,0,1.02,4131975
1789154741,0,0,0.009,4131975
1789154742,4,0,0.38,4131975
1789154742,4,0,0.664,4131975
1789154742,3,0,0.002,4131975
1789154742,6,0,0.008,4131975
1789154743,4,0,0.383,4131975
1789154743,4,0,0.266,4131975
1789154743,1,0,0.002,4131975
1789154743,0,0,0.011,4131975
1789154743,0,0,0.013,4131975
1789154743,3,0,0.007,4131975
1789154745,4,0,1.69,4131975
1789154745,1,0,0.001,4131975
1789154746,4,0,1.217,4131975
1789154746,7,0,0.429,4131975
1789154746,0,0,0.004,4131975
1789154747,4,0,0.692,4131975
1789154747,4,0,0.325,4131975
1789154748,5,0,0.175,4131975
1789154748,2,0,0.007,4131975
1789154748,2,0,0.485,4131975
1789154748,1,0,0.002,4131975
1789154749,4,0,0.537,4131975
1789154749,3,0,0.113,4131975
1789154749,3,0,0.086,4131975
1789154749,6,0,0.009,4131975
1789154750,4,0,0.87,4131975
1789154750,2,0,0.603,4131975
1789154750,3,0,0.116,4131975
1789154750,6,0,0.018,4131975
1789154751,5,0,0.131,4131975
1789154751,0,0,0.017,4131975
1789154754,7,0,3.463,4131975
1789154754,6,0,0.008,4131975
1789154754,4,0,0.41,4131975
1789154755,4,0,0.189,4131975
1789154755,0,0,0.004,4131975
1789154755,0,0,0.003,4131975
1789154756,4,0,1.295,4131975
1789154756,6,0,0.013,4131975
1789154756,3,0,0.006,4131975
1789154756,6,0,0.007,4131975
1789154756,0,0,0.007,4131975
1789154757,2,0,1.189,4131975
1789154758,4,0,0.536,4131975
1789154758,3,0,0.064,4131975
1789154758,4,0,0.2,4131975
1789154758,3,0,0.042,4131975
1789154758,3,0,0.003,4131975
1789154758,2,0,0.002,4131975
1789154758,6,0,0.019,4131975
1789154758,3,0,0.051,4131975
1789154758,3,0,0.004,4131975
1789154758,3,0,0.014,4131975
1789154758,0,0,0.007,4131975
1789154758,0,0,0.003,4131975
1789154759,4,0,0.454,4131975
1789154759,3,0,0.006,4131975
1789154759,3,0,0.007,4131975
1789154759,2,0,0.003,4131975
1789154759,2,0,0.003,4131975
1789154759,3,0,0.015,4131975
1789154759,3,0,0.077,4131975
1789154759,4,0,0.438,4131975
1789154759,3,0,0.009,4131975
1789154759,6,0,0.006,4131975
1789154764,5,0,4.712,4131975
1789154764,1,0,0.001,4131975
1789154764,4,0,0.402,4131975
1789154770,5,0,5.613,4131975
1789154770,3,0,0.007,4131975
1789154770,1,0,0.001,4131975
1789154770,0,0,0.011,4131975
1789154771,2,0,0.675,4131975
1789154771,4,0,0.6,4131975
1789154772,4,0,0.424,4131975
1789154772,2,0,0.235,4131975
1789154772,4,0,0.355,4131975
1789154772,0,0,0.006,4131975
1789154772,6,0,0.008,4131975
1789154772,6,0,0.006,4131975
1789154772,6,0,0.007,4131975
1789154772,3,0,0.008,4131975
1789154772,6,0,0.008,4131975
1789154772,3,0,0.007,4131975
1789154773,2,0,0.437,4131975
1789154773,2,0,0.003,4131975
1789154773,2,0,0.001,4131975
1789154773,4,0,0.347,4131975
1789154773,3,0,0.002,4131975
1789154774,4,0,1.236,4131975
1789154774,6,0,0.007,4131975
1789154775,2,0,0.375,4131975
1789154775,4,0,0.321,4131975
1789154775,3,0,0.05,4131975
1789154776,4,0,0.648,4131975
1789154776,6,0,0.032,4131975
1789154776,6,0,0.025,4131975
1789154776,0,0,0.007,4131975
1789154776,3,0,0.077,4131975
1789154776,3,0,0.109,4131975
1789154776,0,0,0.008,4131975
1789154776,0,0,0.024,4131975
1789154776,0,0,0.002,4131975
1789154776,3,0,0.005,4131975
1789154776,4,0,0.176,4131975
1789154777,2,0,0.703,4131975
1789154777,2,0,0.002,4131975
1789154777,3,0,0.008,4131975
1789154778,4,0,0.954,4131975
1789154778,3,0,0.026,4131975
1789154778,3,0,0.075,4131975
1789154779,4,0,0.669,4131975
1789154779,1,0,0.001,4131975
1789154780,4,0,0.977,4131975
1789154780,3,0,0.053,4131975
1789154780,6,0,0.006,4131975
1789154783,5,0,3.865,4131975
1789154784,3,0,0.059,4131975
1789154784,6,0,0.01,4131975
1789154784,4,0,0.572,4131975
1789154784,3,0,0.098,4131975
1789154784,3,0,0.107,4131975
1789154784,3,0,0.136,4131975
1789154784,0,0,0.003,4131975
1789154785,4,0,0.566,4131975
1789154785,3,0,0.022,4131975
1789154785,3,0,0.095,4131975
1789154787,2,0,1.439,4131975
1789154787,2,0,0.26,4131975
1789154787,3,0,0.051,4131975
1789154787,3,0,0.066,4131975
1789154787,3,0,0.005,4131975
1789154787,0,0,0.006,4131975
1789154787,6,0,0.006,4131975
1789154787,6,0,0.006,4131975
1789154787,0,0,0.004,4131975
1789154787,3,0,0.007,4131975
1789154787,6,0,0.006,4131975
1789154787,3,0,0.013,4131975
1789154787,5,0,0.181,4131975
1789154788,2,0,0.685,4131975
1789154788,4,0,0.329,4131975
1789154788,0,0,0.004,4131975
1789154788,2,0,0.003,4131975
1789154788,0,0,0.005,4131975
1789154789,4,0,0.668,4131975
1789154789,0,0,0.005,4131975
1789154789,2,0,0.002,4131975
1789154789,6,0,0.004,4131975
1789154789,6,0,0.008,4131975
1789154790,4,0,0.668,4131975
1789154790,3,0,0.089,4131975
1789154790,6,0,0.005,4131975
1789154791,4,0,1.092,4131975
1789154791,3,0,0.005,4131975
1789154791,6,0,0.008,4131975
1789154791,0,0,0.003,4131975
1789154792,4,0,1.151,4131975
1789154792,0,0,0.01,4131975
1789154792,3,0,0.03,4131975
1789154792,6,0,0.004,4131975
1789154793,2,0,1.152,4131975
1789154793,2,0,0.352,4131975
1789154794,5,0,0.488,4131975
1789154794,6,0,0.019,4131975
1789154794,0,0,0.004,4131975
1789154794,3,0,0.017,4131975
1789154794,0,0,0.003,4131975
1789154794,3,0,0.096,4131975
1789154794,0,0,0.009,4131975
1789154795,2,0,0.419,4131975
1789154795,2,0,0.001,4131975
1789154795,0,0,0.005,4131975
1789154795,3,0,0.021,4131975
1789154795,1,0,0.002,4131975
1789154795,1,0,0.001,4131975
1789154795,1,0,0.001,4131975
1789154795,0,0,0.022,4131975
1789154795,6,0,0.021,4131975
1789154796,5,0,1.73,4131975
1789154797,2,0,0.354,4131975
1789154798,2,0,1.585,4131975
1789154798,3,0,0.083,4131975
1789154799,5,0,0.362,4131975
1789154799,1,0,0.002,4131975
1789154799,6,0,0.008,4131975
1789154799,7,0,0.443,4131975
1789154803,5,0,3.316,4131975
1789154803,0,0,0.004,4131975
1789154804,4,0,1.346,4131975
1789154804,2,0,0.602,4131975
1789154804,1,0,0.001,4131975
1789154805,4,0,0.264,4131975
1789154806,2,0,0.914,4131975
1789154806,6,0,0.006,4131975
1789154807,4,0,1.5,4131975
1789154809,4,0,1.628,4131975
1789154809,6,0,0.004,4131975
1789154809,6,0,0.026,4131975
1789154809,5,0,0.247,4131975
1789154809,1,0,0.001,4131975
1789154809,3,0,0.159,4131975
1789154809,2,0,0.031,4131975
1789154809,1,0,0.001,4131975
1789154809,6,0,0.012,4131975
1789154809,5,0,0.128,4131975
1789154809,3,0,0.01,4131975
1789154809,3,0,0.006,4131975
1789154809,1,0,0.001,4131975
1789154809,3,0,0.041,4131975
1789154809,0,0,0.013,4131975
1789154809,6,0,0.007,4131975
1789154809,2,0,0.002,4131975
1789154809,0,0,0.005,4131975
1789154810,4,0,0.736,4131975
1789154812,5,0,1.414,4131975
1789154812,3,0,0.045,4131975
1789154812,4,0,0.419,4131975
1789154813,2,0,1.384,4131975
1789154815,5,0,1.623,4131975
1789154816,4,0,0.821,4131975
1789154817,2,0,0.652,4131975
1789154817,2,0,0.001,4131975
1789154817,6,0,0.006,4131975
1789154817,4,0,0.422,4131975
1789154817,3,0,0.005,4131975
1789154817,6,0,0.008,4131975
1789154817,4,0,0.481,4131975
1789154818,4,0,0.604,4131975
1789154818,2,0,0.003,4131975
1789154818,0,0,0.005,4131975
1789154818,0,0,0.004,4131975
1789154819,4,0,0.619,4131975
1789154819,1,0,0.001,4131975
1789154819,3,0,0.025,4131975
1789154819,4,0,0.023,4131975
1789154820,4,0,0.979,4131975
1789154820,2,0,0.001,4131975
1789154820,2,0,0.001,4131975
1789154820,0,0,0.011,4131975
1789154820,0,0,0.009,4131975
1789154820,3,0,0.007,4131975
1789154820,6,0,0.013,4131975
1789154820,1,0,0.001,4131975
1789154821,2,0,0.861,4131975
1789154821,3,0,0.105,4131975
1789154824,7,0,3.519,4131975
1789154825,4,0,0.541,4131975
1789154825,0,0,0.003,4131975
1789154825,2,0,0.371,4131975
1789154825,1,0,0.001,4131975
1789154825,1,0,0.001,4131975
1789154826,2,0,0.577,4131975
1789154826,0,0,0.005,4131975
1789154826,3,0,0.07,4131975
1789154830,5,0,4.353,4131975
1789154831,5,0,1.198,4131975
1789154831,3,0,0.009,4131975
1789154832,5,0,0.761,4131975
1789154832,3,0,0.142,4131975
1789154833,5,0,0.366,4131975
1789154833,0,0,0.007,4131975
1789154833,3,0,0.005,4131975
1789154833,2,0,0.007,4131975
1789154833,7,0,0.421,4131975
1789154838,5,0,4.537,4131975
1789154838,5,0,0.165,4131975
1789154838,3,0,0.007,4131975
1789154838,3,0,0.026,4131975
1789154838,1,0,0.001,4131975
1789154838,0,0,0.059,4131975
1789154838,0,0,0.004,4131975
1789154838,4,0,0.481,4131975
1789154841,4,0,2.929,4131975
1789154842,2,0,0.922,4131975
1789154843,4,0,0.299,4131975
1789154843,4,0,0.331,4131975
1789154843,4,0,0.379,4131975
1789154844,5,0,0.828,4131975
1789154844,7,0,0.195,4131975
1789154844,0,0,0.004,4131975
1789154845,2,0,0.501,4131975
1789154845,6,0,0.019,4131975
1789154845,2,0,0.003,4131975
1789154846,4,0,1.216,4131975
1789154846,2,0,0.002,4131975
1789154850,5,0,4.383,4131975
1789154850,0,0,0.007,4131975
1789154851,4,0,0.227,4131975
1789154851,2,0,0.001,4131975
1789154851,2,0,0.003,4131975
1789154851,2,0,0.451,4131975
1789154851,6,0,0.011,4131975
1789154851,2,0,0.002,4131975
1789154851,6,0,0.005,4131975
1789154851,2,0,0.362,4131975
1789154851,6,0,0.005,4131975
1789154851,6,0,0.004,4131975
1789154851,3,0,0.004,4131975
1789154852,4,0,0.704,4131975
1789154853,4,0,1.277,4131975
1789154853,6,0,0.006,4131975
1789154853,3,0,0.005,4131975
1789154853,0,0,0.005,4131975
1789154854,3,0,0.046,4131975
1789154854,0,0,0.007,4131975
1789154854,0,0,0.008,4131975
1789154854,3,0,0.024,4131975
1789154854,2,0,0.216,4131975
1789154854,3,0,0.129,4131975
1789154854,2,0,0,4131975
1789154854,3,0,0.005,4131975
1789154854,6,0,0.005,4131975
1789154854,4,0,0.189,4131975
1789154854,4,0,0.19,4131975
1789154854,0,0,0.013,4131975
1789154855,4,0,0.475,4131975
1789154855,3,0,0.005,4131975
1789154856,2,0,0.777,4131975
1789154856,3,0,0.044,4131975
1789154856,2,0,0.481,4131975
1789154856,3,0,0.07,4131975
1789154856,0,0,0.005,4131975
1789154856,1,0,0.002,4131975
1789154857,4,0,0.711,4131975
1789154857,3,0,0.008,4131975
1789154858,4,0,0.743,4131975
1789154858,5,0,0.387,4131975
1789154862,5,0,3.858,4131975
1789154862,4,0,0.404,4131975
1789154863,4,0,1.199,4131975
1789154863,6,0,0.003,4131975
1789154864,4,0,0.359,4131975
1789154864,7,0,0.487,4131975
1789154864,3,0,0.083,4131975
1789154865,4,0,0.442,4131975
1789154866,2,0,0.731,4131975
1789154866,0,0,0.008,4131975
1789154866,0,0,0.005,4131975
1789154866,3,0,0.004,4131975
1789154866,0,0,0.013,4131975
1789154866,1,0,0.001,4131975
1789154866,3,0,0.101,4131975
1789154866,1,0,0.001,4131975
1789154866,6,0,0.005,4131975
1789154867,4,0,1.378,4131975
1789154872,5,0,4.502,4131975
1789154872,3,0,0.064,4131975
1789154875,7,0,3.474,4131975
1789154876,4,0,0.831,4131975
1789154876,3,0,0.051,4131975
1789154877,4,0,0.535,4131975
1789154877,3,0,0.003,4131975
1789154877,0,0,0.007,4131975
1789154877,4,0,0.846,4131975
1789154877,1,0,0.001,4131975
1789154877,0,0,0.003,4131975
1789154877,6,0,0.009,4131975
1789154877,6,0,0.005,4131975
1789154877,6,0,0.004,4131975
1789154877,0,0,0.004,4131975
1789154878,4,0,0.621,4131975
1789154878,2,0,0.001,4131975
1789154878,0,0,0.003,4131975
1789154878,0,0,0.012,4131975
1789154879,2,0,0.409,4131975
1789154879,0,0,0.003,4131975
1789154879,3,0,0.074,4131975
1789154879,3,0,0.011,4131975
1789154879,3,0,0.072,4131975
1789154879,2,0,0.001,4131975
1789154879,3,0,0.075,4131975
1789154879,2,0,0.699,4131975
1789154879,6,0,0.008,4131975
1789154879,6,0,0.012,4131975
1789154879,0,0,0.016,4131975
1789154879,0,0,0.004,4131975
1789154880,2,0,0.59,4131975
1789154880,2,0,0.003,4131975
1789154880,3,0,0.05,4131975
1789154881,5,0,0.51,4131975
1789154881,5,0,0.468,4131975
1789154881,3,0,0.04,4131975
1789154881,3,0,0.035,4131975
1789154881,0,0,0.011,4131975
1789154881,3,0,0.012,4131975
1789154882,4,0,0.475,4131975
1789154883,4,0,0.949,4131975
1789154883,6,0,0.018,4131975
1789154883,3,0,0.04,4131975
1789154884,5,0,0.84,4131975
1789154884,3,0,0.058,4131975
1789154884,4,0,0.643,4131975
1789154884,1,0,0.002,4131975
1789154884,3,0,0.049,4131975
1789154884,2,0,0.184,4131975
1789154884,3,0,0.039,4131975
1789154884,2,0,0.001,4131975
1789154885,2,0,0.32,4131975
1789154885,5,0,0.358,4131975
1789154885,3,0,0.047,4131975
1789154885,3,0,0.062,4131975
1789154885,0,0,0.004,4131975
1789154886,3,0,0.404,4131975
1789154886,0,0,0.008,4131975
1789154886,1,0,0.001,4131975
1789154886,0,0,0.005,4131975
1789154886,6,0,0.005,4131975
1789154886,3,0,0.002,4131975
1789154887,2,0,0.787,4131975
1789154887,4,0,0.417,4131975
1789154887,4,0,0.546,4131975
1789154888,4,0,0.93,4131975
1789154889,4,0,0.621,4131975
1789154889,5,0,0.347,4131975
1789154890,4,0,1.02,4131975
1789154890,0,0,0.005,4131975
1789154891,5,0,0.109,4131975
1789154891,6,0,0.005,4131975
1789154891,6,0,0.019,4131975
1789154891,6,0,0.023,4131975
1789154891,2,0,0.002,4131975
1789154891,3,0,0.05,4131975
1789154891,3,0,0.077,4131975
1789154891,4,0,0.507,4131975
1789154891,2,0,0.003,4131975
1789154892,4,0,0.683,4131975
1789154892,3,0,0.03,4131975
1789154892,2,0,0.003,4131975
1789154894,4,0,2.139,4131975
1789154894,7,0,0.249,4131975
1789154895,4,0,0.47,4131975
1789154895,1,0,0.001,4131975
1789154896,2,0,1.048,4131975
1789154896,4,0,0.413,4131975
1789154896,6,0,0.006,4131975
1789154896,1,0,0.001,4131975
1789154896,3,0,0.003,4131975
1789154897,4,0,0.49,4131975
1789154897,4,0,0.612,4131975
1789154897,0,0,0.008,4131975
1789154897,6,0,0.006,4131975
1789154898,4,0,0.659,4131975
1789154898,3,0,0.035,4131975
1789154898,3,0,0.027,4131975
1789154898,3,0,0.031,4131975
1789154898,2,0,0.346,4131975
1789154903,5,0,4.595,4131975
1789154904,4,0,0.511,4131975
1789154904,3,0,0.036,4131975
1789154904,2,0,0.004,4131975
1789154904,4,0,0.325,4131975
1789154905,2,0,0.643,4131975
1789154905,3,0,0.005,4131975
1789154905,6,0,0.008,4131975
1789154905,0,0,0.004,4131975
1789154906,2,0,1.045,4131975
1789154906,4,0,0.499,4131975
1789154906,0,0,0.011,4131975
1789154906,2,0,0.004,4131975
1789154907,4,0,0.81,4131975
1789154908,5,0,0.557,4131975
1789154908,4,0,0.468,4131975
1789154908,3,0,0.058,4131975
1789154912,5,0,4.187,4131975
1789154913,4,0,0.862,4131975
1789154914,4,0,0.445,4131975
1789154914,0,0,0.009,4131975
1789154914,6,0,0.009,4131975
1789154914,5,0,0.306,4131975
1789154914,0,0,0.012,4131975
1789154914,1,0,0.003,4131975
1789154914,2,0,0,4131975
1789154915,4,0,0.842,4131975
1789154915,3,0,0.048,4131975
1789154915,4,0,0.183,4131975
1789154916,5,0,0.789,4131975
1789154916,6,0,0.007,4131975
1789154916,5,0,0.566,4131975
1789154916,3,0,0.009,4131975
1789154916,3,0,0.013,4131975
1789154917,4,0,0.393,4131975
1789154917,4,0,0.643,4131975
1789154917,3,0,0.061,4131975
1789154918,3,0,0.134,4131975
1789154918,5,0,0.506,4131975
1789154918,6,0,0.003,4131975
1789154918,6,0,0.006,4131975
1789154918,0,0,0.011,4131975
1789154918,6,0,0.004,4131975
1789154918,3,0,0.002,4131975
1789154919,4,0,0.88,4131975
1789154920,4,0,1.161,4131975
1789154920,6,0,0.007,4131975
1789154920,6,0,0.01,4131975
1789154920,0,0,0.016,4131975
1789154921,5,0,0.897,4131975
1789154921,0,0,0.02,4131975
1789154921,3,0,0.065,4131975
1789154921,6,0,0.005,4131975
1789154921,0,0,0.014,4131975
1789154921,3,0,0.049,4131975
1789154921,5,0,0.134,4131975
1789154922,4,0,0.867,4131975
1789154923,2,0,0.812,4131975
1789154923,0,0,0.005,4131975
1789154923,2,0,0.007,4131975
1789154923,2,0,0.002,4131975
1789154923,2,0,0.009,4131975
1789154923,3,0,0.015,4131975
1789154923,3,0,0.048,4131975
1789154923,3,0,0.053,4131975
1789154923,0,0,0.008,4131975
1789154923,0,0,0.003,4131975
1789154925,2,0,1.512,4131975
1789154925,0,0,0.006,4131975
1789154925,4,0,0.274,4131975
1789154926,2,0,0.986,4131975
1789154926,2,0,0,4131975
1789154926,4,0,0.441,4131975
1789154926,6,0,0.006,4131975
1789154927,4,0,0.581,4131975
1789154927,6,0,0.008,4131975
1789154927,3,0,0.005,4131975
1789154927,3,0,0.005,4131975
1789154927,1,0,0.001,4131975
1789154927,5,0,0.127,4131975
1789154928,4,0,0.468,4131975
1789154928,3,0,0.068,4131975
1789154928,2,0,0.002,4131975
1789154928,5,0,0.092,4131975
1789154928,6,0,0.007,4131975
1789154928,0,0,0.042,4131975
1789154928,6,0,0.006,4131975
1789154928,6,0,0.007,4131975
1789154928,1,0,0.001,4131975
1789154928,0,0,0.01,4131975
1789154928,4,0,0.534,4131975
1789154928,6,0,0.006,4131975
1789154928,3,0,0.076,4131975
1789154928,2,0,0.002,4131975
1789154929,4,0,0.538,4131975
1789154929,6,0,0.027,4131975
1789154929,7,0,0.361,4131975
1789154930,2,0,0.567,4131975
1789154931,2,0,1.024,4131975
1789154931,0,0,0.011,4131975
1789154931,0,0,0.008,4131975
1789154931,6,0,0.011,4131975
1789154931,4,0,0.484,4131975
1789154933,5,0,1.196,4131975
1789154933,3,0,0.107,4131975
1789154933,2,0,0.003,4131975
1789154933,2,0,0.001,4131975
1789154933,6,0,0.006,4131975
1789154933,6,0,0.006,4131975
1789154933,0,0,0.008,4131975
1789154933,3,0,0.003,4131975
1789154933,0,0,0.009,4131975
1789154933,0,0,0.005,4131975
1789154933,1,0,0.001,4131975
1789154933,3,0,0.004,4131975
1789154933,3,0,0.034,4131975
1789154933,0,0,0.015,4131975
1789154933,1,0,0.001,4131975
1789154933,4,0,0.273,4131975
1789154934,2,0,1.095,4131975
1789154934,5,0,0.173,4131975
1789154935,4,0,0.719,4131975
1789154936,4,0,0.367,4131975
1789154940,5,0,4.639,4131975
1789154941,4,0,0.454,4131975
1789154941,0,0,0.009,4131975
1789154941,5,0,0.618,4131975
1789154941,0,0,0.02,4131975
1789154941,0,0,0.02,4131975
1789154941,3,0,0.02,4131975
1789154941,0,0,0.007,4131975
1789154942,5,0,0.623,4131975
1789154942,0,0,0.016,4131975
1789154942,0,0,0.005,4131975
1789154942,4,0,0.25,4131975
1789154942,1,0,0.001,4131975
1789154942,6,0,0.004,4131975
1789154942,0,0,0.008,4131975
1789154945,5,0,2.876,4131975
1789154945,0,0,0.003,4131975
1789154946,2,0,0.547,4131975
1789154946,0,0,0.006,4131975
1789154946,6,0,0.006,4131975
1789154946,0,0,0.007,4131975
1789154946,3,0,0.067,4131975
1789154946,4,0,0.725,4131975
1789154950,5,0,3.668,4131975
1789154951,2,0,0.462,4131975
1789154951,4,0,0.667,4131975
1789154951,3,0,0.013,4131975
1789154952,4,0,0.388,4131975
1789154952,4,0,0.528,4131975
1789154952,3,0,0.064,4131975
1789154952,0,0,0.01,4131975
1789154952,3,0,0.044,4131975
1789154952,7,0,0.151,4131975
1789154953,7,0,0.271,4131975
1789154953,3,0,0.015,4131975
1789154953,6,0,0.005,4131975
1789154953,5,0,0.173,4131975
1789154955,4,0,2.167,4131975
1789154956,5,0,0.985,4131975
1789154957,5,0,0.49,4131975
1789154958,5,0,1.206,4131975
1789154958,4,0,0.436,4131975
1789154958,3,0,0.057,4131975
1789154958,0,0,0.008,4131975
1789154958,0,0,0.012,4131975
1789154958,3,0,0.051,4131975
1789154958,0,0,0.009,4131975
1789154959,4,0,0.738,4131975
1789154960,4,0,0.429,4131975
1789154960,0,0,0.006,4131975
1789154960,6,0,0.008,4131975
1789154960,5,0,0.633,4131975
1789154961,4,0,0.442,4131975
1789154961,3,0,0.033,4131975
1789154961,6,0,0.007,4131975
1789154966,5,0,5.106,4131975
1789154967,5,0,0.912,4131975
1789154967,4,0,0.528,4131975
1789154967,1,0,0.002,4131975
1789154967,0,0,0.008,4131975
1789154967,4,0,0.263,4131975
1789154968,3,0,0.063,4131975
1789154968,7,0,0.139,4131975
1789154968,4,0,0.843,4131975
1789154969,0,0,0.096,4131975
1789154969,3,0,0.015,4131975
1789154969,0,0,0.01,4131975
1789154969,3,0,0.18,4131975
1789154969,4,0,0.181,4131975
1789154969,1,0,0.002,4131975
1789154969,3,0,0.015,4131975
1789154970,4,0,0.767,4131975
1789154970,4,0,0.589,4131975
1789154971,2,0,0.526,4131975
1789154971,5,0,0.122,4131975
1789154972,4,0,0.68,4131975
1789154973,2,0,0.934,4131975
1789154973,3,0,0.024,4131975
1789154974,4,0,0.966,4131975
1789154974,3,0,0.006,4131975
1789154974,6,0,0.005,4131975
1789154974,2,0,0.002,4131975
1789154974,6,0,0.002,4131975
1789154974,3,0,0.002,4131975
1789154974,0,0,0.016,4131975
1789154974,4,0,0.442,4131975
1789154975,2,0,0.481,4131975
1789154975,6,0,0.011,4131975
1789154975,2,0,0.759,4131975
1789154976,5,0,0.642,4131975
1789154976,1,0,0.001,4131975
1789154976,3,0,0.01,4131975
1789154976,0,0,0.01,4131975
1789154976,4,0,0.403,4131975
1789154976,6,0,0.006,4131975
1789154976,3,0,0.002,4131975
1789154976,1,0,0.001,4131975
1789154977,2,0,0.748,4131975
1789154977,3,0,0.007,4131975
1789154977,0,0,0.006,4131975
1789154977,0,0,0.007,4131975
1789154978,5,0,0.492,4131975
1789154978,4,0,0.338,4131975
1789154978,3,0,0.11,4131975
1789154979,2,0,0.572,4131975
1789154979,0,0,0.021,4131975
1789154979,3,0,0.131,4131975
1789154979,4,0,0.365,4131975
1789154979,3,0,0.078,4131975
1789154979,1,0,0.001,4131975
1789154980,5,0,0.266,4131975
1789154980,4,0,0.749,4131975
1789154981,5,0,0.985,4131975
1789154982,5,0,0.531,4131975
1789154982,1,0,0.001,4131975
1789154982,2,0,0.001,4131975
1789154982,3,0,0.06,4131975
1789154982,6,0,0.005,4131975
1789154983,5,0,1.335,4131975
1789154983,3,0,0.141,4131975
1789154983,3,0,0.012,4131975
1789154983,3,0,0.04,4131975
1789154984,5,0,0.115,4131975
1789154984,6,0,0.005,4131975
1789154985,4,0,1.045,4131975
1789154985,4,0,0.912,4131975
1789154985,3,0,0.002,4131975
1789154986,3,0,0.013,4131975
1789154986,6,0,0.006,4131975
1789154986,0,0,0.011,4131975
1789154986,4,0,0.528,4131975
1789154986,3,0,0.007,4131975
1789154987,5,0,1.274,4131975
1789154987,2,0,0.002,4131975
1789154987,3,0,0.049,4131975
1789154988,5,0,0.893,4131975
1789154988,0,0,0.007,4131975
1789154988,6,0,0.006,4131975
1789154990,4,0,1.232,4131975
1789154990,6,0,0.007,4131975
1789154990,0,0,0.004,4131975
1789154990,4,0,0.232,4131975
1789154990,4,0,0.35,4131975
1789154990,3,0,0.14,4131975
1789154991,4,0,0.941,4131975
1789154991,7,0,0.214,4131975
1789154991,6,0,0.006,4131975
1789154992,4,0,0.397,4131975
1789154992,4,0,0.666,4131975
1789154993,4,0,0.355,4131975
1789154993,2,0,0.01,4131975
1789154993,1,0,0.002,4131975
1789154996,5,0,3.081,4131975
1789154996,0,0,0.004,4131975
1789154996,4,0,0.248,4131975
1789154996,0,0,0.01,4131975
1789154996,2,0,0.001,4131975
1789154997,4,0,1.006,4131975
1789154998,4,0,0.391,4131975
1789154998,0,0,0.004,4131975
1789154998,2,0,0.552,4131975
1789154998,0,0,0.025,4131975
1789154998,6,0,0.009,4131975
1789155002,7,0,3.63,4131975
1789155003,4,0,1.32,4131975
1789155004,4,0,0.478,4131975
1789155004,6,0,0.007,4131975
1789155004,3,0,0.096,4131975
1789155004,3,0,0.028,4131975
1789155008,5,0,3.815,4131975
1789155009,5,0,1.146,4131975
1789155009,7,0,0.46,4131975
1789155009,3,0,0.002,4131975
1789155009,1,0,0.001,4131975
1789155009,3,0,0.007,4131975
1789155009,3,0,0.045,4131975
1789155009,6,0,0.008,4131975
1789155009,1,0,0.002,4131975
1789155010,4,0,0.374,4131975
1789155010,6,0,0.006,4131975
1789155010,2,0,0.002,4131975
1789155010,6,0,0.005,4131975
1789155010,0,0,0.008,4131975
1789155010,3,0,0.006,4131975
1789155010,0,0,0.009,4131975
1789155010,1,0,0.002,4131975
1789155010,5,0,0.543,4131975
1789155010,0,0,0.011,4131975
1789155015,5,0,5.116,4131975
1789155015,2,0,0.002,4131975
1789155015,1,0,0.001,4131975
1789155016,5,0,0.649,4131975
1789155016,0,0,0.008,4131975
1789155016,3,0,0.05,4131975
1789155016,0,0,0.012,4131975
1789155017,4,0,0.711,4131975
1789155017,6,0,0.006,4131975
1789155017,1,0,0.001,4131975
1789155017,0,0,0.008,4131975
1789155017,5,0,0.092,4131975
1789155018,4,0,0.762,4131975
1789155018,0,0,0.005,4131975
1789155018,4,0,0.751,4131975
1789155018,0,0,0.018,4131975
1789155018,2,0,0.002,4131975
1789155018,0,0,0.005,4131975
1789155018,0,0,0.013,4131975
1789155018,6,0,0.01,4131975
1789155018,0,0,0.004,4131975
1789155018,0,0,0.016,4131975
1789155018,1,0,0.001,4131975
1789155018,6,0,0.011,4131975
1789155019,3,0,0.082,4131975
1789155019,1,0,0.001,4131975
1789155019,3,0,0.178,4131975
1789155019,2,0,0.612,4131975
1789155019,0,0,0.009,4131975
1789155020,5,0,0.337,4131975
1789155020,1,0,0.001,4131975
1789155020,6,1,0.006,4131975
1789155020,0,0,0.008,4131975
1789155020,3,0,0.037,4131975
1789155022,4,0,1.969,4131975
1789155022,6,1,0.003,4131975
1789155022,6,0,0.007,4131975
1789155022,4,0,0.727,4131975
1789155023,4,0,0.504,4131975
1789155023,2,0,0.512,4131975
1789155024,4,0,0.458,4131975
1789155024,4,0,0.359,4131975
1789155024,3,0,0.065,4131975
1789155024,2,0,0.003,4131975
1789155024,3,0,0.002,4131975
1789155026,4,0,1.213,4131975
1789155026,2,0,0.008,4131975
1789155026,3,0,0.149,4131975
1789155026,0,0,0.005,4131975
1789155026,6,0,0.007,4131975
1789155026,2,0,0.001,4131975
1789155026,6,0,0.026,4131975
1789155026,6,0,0.006,4131975
1789155026,4,0,0.456,4131975
1789155026,3,0,0.043,4131975
1789155026,3,0,0.099,4131975
1789155026,3,0,0.012,4131975
1789155027,7,0,0.472,4131975
1789155027,4,0,0.189,4131975
1789155027,5,0,0.108,4131975
1789155027,3,0,0.094,4131975
1789155027,7,0,0.179,4131975
1789155027,6,0,0.013,4131975
1789155028,4,0,0.398,4131975
1789155028,4,0,0.526,4131975
1789155029,4,0,0.51,4131975
1789155029,5,0,0.293,4131975
1789155030,7,0,0.661,4131975
1789155030,4,0,0.247,4131975
1789155030,0,0,0.015,4131975
1789155030,2,0,0.232,4131975
1789155030,2,0,0.001,4131975
1789155031,2,0,0.301,4131975
1789155031,2,0,0.613,4131975
1789155031,0,0,0.005,4131975
1789155031,0,0,0.009,4131975
1789155032,4,0,0.575,4131975
1789155032,3,0,0.046,4131975
1789155033,4,0,1.433,4131975
1789155033,6,0,0.007,4131975
1789155033,1,0,0.002,4131975
1789155033,1,0,0.001,4131975
1789155033,3,0,0.068,4131975
1789155033,3,0,0.006,4131975
1789155035,4,0,1.805,4131975
1789155036,2,0,0.457,4131975
1789155036,3,0,0.001,4131975
1789155036,2,0,0.001,4131975
1789155036,6,0,0.004,4131975
1789155036,2,0,0.337,4131975
1789155036,3,0,0.063,4131975
1789155037,5,0,0.78,4131975
1789155037,4,0,0.462,4131975
1789155038,4,0,0.356,4131975
1789155038,1,0,0.001,4131975
1789155038,0,0,0.007,4131975
1789155039,4,0,0.983,4131975
1789155039,5,0,0.464,4131975
1789155039,2,0,0.366,4131975
1789155039,1,0,0.001,4131975
1789155040,4,0,0.667,4131975
1789155040,0,0,0.011,4131975
1789155041,4,0,0.615,4131975
1789155041,6,0,0.007,4131975
1789155041,0,0,0.015,4131975
1789155041,3,0,0.094,4131975
1789155041,2,0,0.002,4131975
1789155041,3,0,0.11,4131975
1789155041,6,0,0.005,4131975
1789155042,2,0,1.079,4131975
1789155042,0,0,0.003,4131975
1789155043,5,0,0.501,4131975
1789155043,6,0,0.005,4131975
1789155043,3,0,0.007,4131975
1789155044,4,0,1.6,4131975
1789155044,3,0,0.164,4131975
1789155044,6,0,0.008,4131975
1789155044,6,0,0.007,4131975
1789155045,4,0,0.97,4131975
1789155045,0,0,0.005,4131975
1789155046,4,0,0.348,4131975
1789155046,2,0,0.002,4131975
1789155046,0,0,0.004,4131975
1789155046,2,0,0.002,4131975
1789155046,3,0,0.072,4131975
1789155046,1,0,0.001,4131975
1789155046,7,0,0.255,4131975
1789155046,3,0,0.034,4131975
1789155046,2,0,0.003,4131975
1789155046,2,0,0.002,4131975
1789155046,2,0,0.001,4131975
1789155046,0,0,0.007,4131975
1789155046,1,0,0.001,4131975
1789155046,3,0,0.062,4131975
1789155046,2,0,0.001,4131975
1789155046,2,0,0.001,4131975
1789155046,2,0,0.002,4131975
1789155046,3,0,0.065,4131975
1789155046,3,0,0.034,4131975
1789155046,0,0,0.005,4131975
1789155046,2,0,0.001,4131975
1789155050,5,0,4.219,4131975
1789155050,3,0,0.044,4131975
1789155051,4,0,0.842,4131975
1789155051,0,0,0.017,4131975
1789155051,6,0,0.026,4131975
1789155051,3,0,0.068,4131975
1789155053,4,0,1.06,4131975
1789155053,2,0,0.002,4131975
1789155053,3,0,0.042,4131975
1789155053,4,0,0.33,4131975
1789155055,2,0,1.868,4131975
1789155055,4,0,0.448,4131975
1789155055,2,0,0.001,4131975
1789155055,0,0,0.019,4131975
1789155055,3,0,0.142,4131975
1789155055,0,0,0.004,4131975
1789155056,4,0,0.385,4131975
1789155056,5,0,0.52,4131975
1789155056,1,0,0.001,4131975
1789155057,4,0,0.73,4131975
1789155057,3,0,0.029,4131975
1789155057,3,0,0.035,4131975
1789155058,4,0,0.678,4131975
1789155059,4,0,1.149,4131975
1789155059,4,0,0.553,4131975
1789155060,3,0,0.078,4131975
1789155060,4,0,0.827,4131975
1789155060,1,0,0.001,4131975
1789155061,4,0,0.61,4131975
1789155062,4,0,0.822,4131975
1789155062,0,0,0.014,4131975
1789155062,3,0,0.053,4131975
1789155062,3,0,0.006,4131975
1789155062,3,0,0.153,4131975
1789155066,7,0,3.64,4131975
1789155066,2,0,0.002,4131975
1789155066,3,0,0.005,4131975
1789155066,4,0,0.332,4131975
1789155066,4,0,0.448,4131975
1789155067,4,0,0.961,4131975
1789155067,3,0,0.001,4131975
1789155067,2,0,0.012,4131975
1789155067,0,0,0.007,4131975
1789155068,3,0,0.091,4131975
1789155068,0,0,0.006,4131975
1789155068,3,0,0.041,4131975
1789155068,3,0,0.094,4131975
1789155068,0,0,0.003,4131975
1789155068,6,0,0.004,4131975
1789155068,2,0,0.001,4131975
1789155068,5,0,0.146,4131975
1789155068,4,0,0.579,4131975
1789155068,3,0,0.038,4131975
1789155069,4,0,0.237,4131975
1789155073,5,0,4.719,4131975
1789155074,4,0,0.964,4131975
1789155074,3,0,0.096,4131975
1789155075,4,0,0.577,4131975
1789155081,7,0,5.661,4131975
1789155084,7,0,3.298,4131975
1789155087,5,0,3.315,4131975
1789155087,0,0,0.004,4131975
1789155087,2,0,0.003,4131975
1789155087,3,0,0.001,4131975
1789155087,0,0,0.008,4131975
1789155087,1,0,0.002,4131975
1789155087,3,0,0.007,4131975
1789155087,6,0,0.004,4131975
1789155088,5,0,1.12,4131975
1789155093,5,0,4.069,4131975
1789155093,3,0,0.008,4131975
1789155093,4,0,0.751,4131975
1789155093,0,0,0.007,4131975
1789155094,2,0,0.216,4131975
1789155094,6,0,0.005,4131975
1789155094,6,0,0.007,4131975
1789155094,0,0,0.013,4131975
1789155094,2,0,0.891,4131975
1789155095,4,0,0.438,4131975
1789155096,4,0,1.533,4131975
1789155096,0,0,0.005,4131975
1789155097,2,0,0.382,4131975
1789155097,4,0,0.351,4131975
1789155097,1,0,0.002,4131975
1789155097,6,0,0.021,4131975
1789155097,0,0,0.006,4131975
1789155098,4,0,0.56,4131975
1789155098,0,0,0.025,4131975
1789155102,5,0,3.954,4131975
1789155102,2,0,0.462,4131975
1789155103,2,0,0.914,4131975
1789155103,0,0,0.011,4131975
1789155103,3,0,0.108,4131975
1789155103,2,0,0.289,4131975
1789155104,2,0,0.869,4131975
1789155104,2,0,0.001,4131975
1789155104,0,0,0.006,4131975
1789155104,2,0,0.008,4131975
1789155104,6,0,0.003,4131975
1789155108,5,0,3.717,4131975
1789155108,5,0,0.155,4131975
1789155109,4,0,0.908,4131975
1789155110,2,0,1.165,4131975
1789155111,2,0,0.691,4131975
1789155112,2,0,0.513,4131975
1789155112,4,0,0.697,4131975
1789155112,0,0,0.003,4131975
1789155112,5,0,0.145,4131975
1789155113,5,0,0.175,4131975
1789155113,6,0,0.007,4131975
1789155113,6,0,0.006,4131975
1789155113,0,0,0.008,4131975
1789155113,1,0,0.001,4131975
1789155114,5,0,1.424,4131975
1789155114,0,0,0.017,4131975
1789155114,0,0,0.019,4131975
1789155115,5,0,0.84,4131975
1789155115,3,0,0.001,4131975
1789155115,0,0,0.005,4131975
1789155115,3,0,0.067,4131975
1789155117,4,0,1.656,4131975
1789155117,4,0,0.58,4131975
1789155117,0,0,0.004,4131975
1789155117,3,0,0.063,4131975
1789155117,6,0,0.004,4131975
1789155118,4,0,0.285,4131975
1789155118,4,0,0.963,4131975
1789155119,0,0,0.021,4131975
1789155119,4,0,0.818,4131975
1789155119,3,0,0.123,4131975
1789155119,6,0,0.006,4131975
1789155120,2,0,0.638,4131975
1789155120,3,0,0.155,4131975
1789155120,3,0,0.072,4131975
1789155121,4,0,0.406,4131975
1789155121,6,0,0.007,4131975
1789155121,0,0,0.008,4131975
1789155121,1,0,0.001,4131975
1789155121,2,0,0.001,4131975
1789155122,2,0,0.828,4131975
1789155122,2,0,0.003,4131975
1789155123,5,0,1.172,4131975
1789155123,2,0,0.678,4131975
1789155124,4,0,0.317,4131975
1789155124,2,0,0.003,4131975
1789155124,0,0,0.004,4131975
1789155124,1,0,0.001,4131975
1789155124,3,0,0.004,4131975
1789155124,0,0,0.003,4131975
1789155124,4,0,0.426,4131975
1789155124,3,0,0.101,4131975
1789155124,2,0,0.004,4131975
1789155124,0,0,0.013,4131975
1789155125,4,0,0.545,4131975
1789155126,4,0,1.146,4131975
1789155128,4,0,1.688,4131975
1789155129,2,0,1.022,4131975
1789155129,3,0,0.187,4131975
1789155129,0,0,0.006,4131975
1789155129,4,0,0.384,4131975
1789155129,3,0,0.055,4131975
1789155130,4,0,0.6,4131975
1789155130,1,0,0.001,4131975
1789155131,4,0,0.677,4131975
1789155131,1,0,0.001,4131975
1789155131,4,0,0.345,4131975
1789155131,0,0,0.01,4131975
1789155131,3,0,0.012,4131975
1789155136,5,0,4.76,4131975
1789155136,2,0,0.001,4131975
1789155136,6,0,0.006,4131975
1789155136,6,0,0.009,4131975
1789155137,4,0,1.108,4131975
1789155137,2,0,0.424,4131975
1789155139,4,0,1.498,4131975
1789155139,0,0,0.014,4131975
1789155139,3,0,0.043,4131975
1789155140,4,0,1.263,4131975
1789155140,0,0,0.006,4131975
1789155140,2,0,0.001,4131975
1789155141,4,0,0.696,4131975
1789155141,0,0,0.005,4131975
1789155141,4,0,0.433,4131975
1789155141,3,0,0.028,4131975
1789155141,3,0,0.042,4131975
1789155141,0,0,0.012,4131975
1789155141,0,0,0.002,4131975
1789155142,4,0,0.641,4131975
1789155142,2,0,0.001,4131975
1789155142,3,0,0.066,4131975
1789155143,4,0,0.638,4131975
1789155143,4,0,0.261,4131975
1789155144,4,0,0.868,4131975
1789155144,3,0,0.016,4131975
1789155144,3,0,0.017,4131975
1789155144,2,0,0.002,4131975
1789155144,6,0,0.015,4131975
1789155144,6,0,0.007,4131975
1789155144,5,0,0.397,4131975
1789155145,4,0,0.328,4131975
1789155146,4,0,1.353,4131975
1789155146,3,0,0.052,4131975
1789155146,2,0,0.002,4131975
1789155146,2,0,0.002,4131975
1789155147,5,0,0.752,4131975
1789155147,4,0,0.335,4131975
1789155147,3,0,0.012,4131975
1789155147,6,0,0.007,4131975
1789155148,4,0,0.604,4131975
1789155148,6,0,0.015,4131975
1789155148,0,0,0.011,4131975
1789155148,0,0,0.01,4131975
1789155149,4,0,1.6,4131975
1789155150,5,0,0.481,4131975
1789155150,0,0,0.009,4131975
1789155150,6,0,0.006,4131975
1789155150,6,0,0.007,4131975
1789155150,0,0,0.002,4131975
1789155150,2,0,0.002,4131975
1789155150,1,0,0.002,4131975
1789155150,2,0,0.002,4131975
1789155151,4,0,1.321,4131975
1789155151,6,0,0.005,4131975
1789155152,2,0,0.46,4131975
1789155152,4,0,0.149,4131975
1789155152,2,0,0.004,4131975
1789155152,3,0,0.099,4131975
1789155152,3,0,0.073,4131975
1789155152,4,0,0.347,4131975
1789155152,6,0,0.005,4131975
1789155153,4,0,0.264,4131975
1789155154,2,0,1.135,4131975
1789155154,3,0,0.025,4131975
1789155154,0,0,0.004,4131975
1789155154,0,0,0.009,4131975
1789155154,5,0,0.124,4131975
1789155154,7,0,0.485,4131975
1789155154,0,0,0.007,4131975
1789155155,4,0,0.585,4131975
1789155155,3,0,0.138,4131975
1789155155,3,0,0.066,4131975
1789155156,4,0,0.851,4131975
1789155156,6,0,0.005,4131975
1789155156,3,0,0.115,4131975
1789155156,3,0,0.006,4131975
1789155156,6,0,0.009,4131975
1789155156,0,0,0.004,4131975
1789155156,6,0,0.009,4131975
1789155156,6,0,0.006,4131975
1789155156,3,0,0.059,4131975
1789155158,5,0,1.813,4131975
1789155159,4,0,0.458,4131975
1789155159,3,0,0.058,4131975
1789155159,4,0,0.587,4131975
1789155159,3,0,0.125,4131975
1789155160,2,0,0.337,4131975
1789155162,4,0,1.903,4131975
1789155162,4,0,0.759,4131975
1789155162,0,0,0.007,4131975
1789155162,7,0,0.139,4131975
1789155163,4,0,0.259,4131975
1789155163,0,0,0.003,4131975
1789155163,0,0,0.007,4131975
1789155163,4,0,0.49,4131975
1789155163,3,0,0.069,4131975
1789155166,7,0,2.752,4131975
1789155166,4,0,0.203,4131975
1789155166,3,0,0.07,4131975
1789155166,3,0,0.021,4131975
1789155166,4,0,0.161,4131975
1789155166,1,0,0.001,4131975
1789155166,2,0,0.003,4131975
1789155166,0,0,0.011,4131975
1789155167,5,0,0.342,4131975
1789155167,2,0,0.004,4131975
1789155169,4,0,1.698,4131975
1789155169,5,0,0.124,4131975
1789155169,3,0,0.042,4131975
1789155169,2,0,0.001,4131975
1789155173,7,0,4.171,4131975
1789155173,3,0,0.006,4131975
1789155173,0,0,0.001,4131975
1789155173,2,0,0.001,4131975
1789155173,0,0,0.005,4131975
1789155173,3,0,0.003,4131975
1789155173,1,0,0.001,4131975
1789155173,3,0,0.116,4131975
1789155173,6,0,0.01,4131975
1789155173,5,0,0.105,4131975
1789155173,3,0,0.056,4131975
1789155173,4,0,0.306,4131975
1789155174,2,0,0.362,4131975
1789155176,4,0,1.938,4131975
1789155177,4,0,0.87,4131975
1789155177,0,0,0.006,4131975
1789155177,3,0,0.06,4131975
1789155177,2,0,0.005,4131975
1789155177,2,0,0.003,4131975
1789155177,6,0,0.006,4131975
1789155177,2,0,0.001,4131975
1789155177,3,0,0.003,4131975
1789155177,0,0,0.003,4131975
1789155177,3,0,0.013,4131975
1789155177,6,0,0.005,4131975
1789155177,0,0,0.006,4131975
1789155178,4,0,1.426,4131975
1789155178,3,0,0.06,4131975
1789155179,4,0,0.52,4131975
1789155179,4,0,0.475,4131975
1789155179,0,0,0.012,4131975
1789155180,4,0,0.345,4131975
1789155180,3,0,0.097,4131975
1789155180,4,0,0.441,4131975
1789155180,0,0,0.003,4131975
1789155180,3,0,0.098,4131975
1789155180,3,0,0.022,4131975
1789155181,4,0,0.742,4131975
1789155182,2,0,0.619,4131975
1789155182,6,0,0.006,4131975
1789155182,3,0,0.005,4131975
1789155182,0,0,0.01,4131975
1789155182,1,0,0.001,4131975
1789155182,1,0,0.001,4131975
1789155182,3,0,0.006,4131975
1789155182,4,0,0.343,4131975
1789155182,3,0,0.052,4131975
1789155182,2,0,0.004,4131975
1789155182,2,0,0.328,4131975
1789155182,3,0,0.035,4131975
1789155182,6,0,0.006,4131975
1789155186,5,0,3.432,4131975
1789155186,4,0,0.366,4131975
1789155186,0,0,0.01,4131975
1789155187,2,0,0.516,4131975
1789155187,3,0,0.054,4131975
1789155187,2,0,0.003,4131975
1789155187,4,0,0.295,4131975
1789155188,2,0,0.585,4131975
1789155188,4,0,0.684,4131975
1789155188,3,0,0.014,4131975
1789155190,2,0,1.27,4131975
1789155190,3,0,0.081,4131975
1789155190,6,0,0.004,4131975
1789155190,3,0,0.071,4131975
1789155190,3,0,0.11,4131975
1789155190,2,0,0.002,4131975
1789155190,1,0,0.001,4131975
1789155190,1,0,0.001,4131975
1789155190,6,0,0.013,4131975
1789155190,3,0,0.011,4131975
1789155190,1,0,0.001,4131975
1789155190,7,0,0.157,4131975
1789155190,3,0,0.095,4131975
1789155190,6,0,0.007,4131975
1789155191,2,0,0.728,4131975
1789155191,4,0,0.395,4131975
1789155191,6,0,0.004,4131975
1789155191,1,0,0.001,4131975
1789155191,6,0,0.011,4131975
1789155196,5,0,5.057,4131975
1789155196,0,0,0.015,4131975
1789155197,5,0,0.122,4131975
1789155197,1,0,0.002,4131975
1789155198,4,0,1.367,4131975
1789155198,3,0,0.028,4131975
1789155198,1,0,0.001,4131975
1789155198,4,0,0.378,4131975
1789155198,2,0,0.002,4131975
1789155198,6,0,0.009,4131975
1789155198,2,0,0.002,4131975
1789155198,1,0,0.001,4131975
1789155198,2,0,0.002,4131975
1789155198,0,0,0.002,4131975
1789155198,2,0,0.001,4131975
1789155198,0,0,0.005,4131975
1789155199,4,0,0.498,4131975
1789155199,0,0,0.004,4131975
1789155200,4,0,0.684,4131975
1789155204,5,0,4.043,4131975
1789155204,4,0,0.414,4131975
1789155204,6,0,0.007,4131975
1789155205,2,0,0.764,4131975
1789155209,5,0,4.62,4131975
1789155211,4,0,1.699,4131975
1789155211,0,0,0.004,4131975
1789155211,6,0,0.003,4131975
1789155211,6,0,0.004,4131975
1789155211,0,0,0.004,4131975
1789155211,6,0,0.004,4131975
1789155211,6,0,0.007,4131975
1789155211,0,0,0.009,4131975
1789155212,4,0,0.609,4131975
1789155212,2,0,0.003,4131975
1789155212,2,0,0.504,4131975
1789155212,3,0,0.068,4131975
1789155213,2,0,0.404,4131975
1789155213,0,0,0.005,4131975
1789155213,3,0,0.063,4131975
1789155213,5,0,0.203,4131975
1789155213,2,0,0.4,4131975
1789155213,0,0,0.009,4131975
1789155213,3,0,0.093,4131975
1789155215,4,0,1.224,4131975
1789155216,4,0,0.988,4131975
1789155220,7,0,4.563,4131975
1789155224,5,0,4.186,4131975
1789155224,3,0,0.004,4131975
1789155225,3,0,0.072,4131975
1789155225,3,0,0.09,4131975
1789155225,6,0,0.005,4131975
1789155225,3,0,0.044,4131975
1789155225,3,0,0.107,4131975
1789155225,4,0,0.476,4131975
1789155226,2,0,1.045,4131975
1789155227,4,0,0.783,4131975
1789155227,3,0,0.039,4131975
1789155227,6,0,0.005,4131975
1789155228,4,0,1.1,4131975
1789155228,0,0,0.008,4131975
1789155229,2,0,0.512,4131975
1789155229,1,0,0.002,4131975
1789155229,3,0,0.023,4131975
1789155229,4,0,0.238,4131975
1789155229,1,0,0.001,4131975
1789155229,4,0,0.161,4131975
1789155230,5,0,0.423,4131975
1789155230,5,0,0.794,4131975
1789155231,2,0,0.404,4131975
1789155231,3,0,0.004,4131975
1789155231,0,0,0.013,4131975
1789155233,4,0,2.058,4131975
1789155234,4,0,0.828,4131975
1789155234,2,0,0.002,4131975
1789155234,1,0,0.001,4131975
1789155238,7,0,3.991,4131975
1789155238,4,0,0.527,4131975
1789155239,4,0,0.902,4131975
1789155239,0,0,0.025,4131975
1789155239,2,0,0.19,4131975
1789155239,0,0,0.008,4131975
1789155239,3,0,0.058,4131975
1789155239,5,0,0.123,4131975
1789155240,0,0,0.002,4131975
1789155244,5,0,4.522,4131975
1789155244,3,0,0.112,4131975
1789155244,6,0,0.007,4131975
1789155244,3,0,0.007,4131975
1789155244,0,0,0.007,4131975
1789155245,4,0,0.671,4131975
1789155245,4,0,0.55,4131975
1789155245,3,0,0.006,4131975
1789155245,1,0,0.002,4131975
1789155246,2,0,0.438,4131975
1789155246,3,0,0.047,4131975
1789155246,5,0,0.251,4131975
1789155246,3,0,0.071,4131975
1789155246,6,0,0.004,4131975
1789155246,5,0,0.117,4131975
1789155246,3,0,0.015,4131975
1789155247,5,0,0.451,4131975
1789155247,3,0,0.116,4131975
1789155247,1,0,0.001,4131975
1789155247,3,0,0.067,4131975
1789155247,3,0,0.006,4131975
1789155247,3,0,0.033,4131975
1789155247,3,0,0.006,4131975
1789155248,4,0,1.121,4131975
1789155248,6,0,0.006,4131975
1789155248,6,0,0.006,4131975
1789155248,6,0,0.005,4131975
1789155249,4,0,0.976,4131975
1789155249,0,0,0.008,4131975
1789155249,3,0,0.056,4131975
1789155250,4,0,0.518,4131975
1789155250,2,0,0.002,4131975
1789155250,0,0,0.004,4131975
1789155254,5,0,3.979,4131975
1789155254,6,0,0.006,4131975
1789155255,4,0,1.507,4131975
1789155255,0,0,0.009,4131975
1789155256,7,0,0.426,4131975
1789155256,4,0,0.727,4131975
1789155256,2,0,0.002,4131975
1789155256,6,0,0.004,4131975
1789155256,1,0,0.001,4131975
1789155256,2,0,0.003,4131975
1789155257,2,0,0.405,4131975
1789155257,4,0,0.504,4131975
1789155257,0,0,0.004,4131975
1789155257,3,0,0.008,4131975
1789155258,5,0,0.369,4131975
1789155258,6,0,0.009,4131975
1789155258,0,0,0.007,4131975
1789155258,0,0,0.004,4131975
1789155258,6,0,0.013,4131975
1789155259,4,0,1.346,4131975
1789155259,3,0,0.059,4131975
1789155259,3,0,0.01,4131975
1789155259,2,0,0.002,4131975
1789155259,6,0,0.005,4131975
1789155259,3,0,0.081,4131975
1789155259,2,0,0.006,4131975
1789155260,2,0,0.756,4131975
1789155260,2,0,0.001,4131975
1789155260,3,0,0.023,4131975
1789155260,0,0,0.011,4131975
1789155260,4,0,0.441,4131975
1789155261,5,0,0.316,4131975
1789155261,5,0,0.43,4131975
1789155261,1,0,0.001,4131975
1789155261,0,0,0.016,4131975
1789155266,5,0,4.329,4131975
1789155266,2,0,0.003,4131975
1789155266,0,0,0.006,4131975
1789155266,3,0,0.073,4131975
1789155266,4,0,0.268,4131975
1789155266,3,0,0.033,4131975
1789155266,3,0,0.032,4131975
1789155266,1,0,0.003,4131975
1789155266,3,0,0.01,4131975
1789155266,3,0,0.04,4131975
1789155266,0,0,0.005,4131975
1789155267,5,0,0.57,4131975
1789155267,3,0,0.053,4131975
1789155267,5,0,0.094,4131975
1789155267,3,0,0.003,4131975
1789155267,3,0,0.037,4131975
1789155267,3,0,0.062,4131975
1789155267,0,0,0.01,4131975
1789155267,6,1,0.003,4131975
1789155267,0,0,0.003,4131975
1789155267,2,0,0.003,4131975
1789155267,4,0,0.335,4131975
1789155268,4,0,1.028,4131975
1789155268,0,0,0.003,4131975
1789155272,5,0,3.843,4131975
1789155272,1,0,0.001,4131975
1789155272,0,0,0.023,4131975
1789155272,3,0,0.014,4131975
1789155272,3,0,0.006,4131975
1789155272,0,0,0.005,4131975
1789155272,7,0,0.207,4131975
1789155272,3,0,0.004,4131975
1789155272,0,0,0.004,4131975
1789155272,6,0,0.008,4131975
1789155272,3,0,0.125,4131975
1789155273,4,0,0.483,4131975
1789155274,5,0,0.858,4131975
1789155274,6,0,0.01,4131975
1789155274,5,0,0.12,4131975
1789155274,6,0,0.005,4131975
1789155274,0,0,0.007,4131975
1789155274,6,0,0.006,4131975
1789155274,6,0,0.02,4131975
1789155274,3,0,0.114,4131975
1789155274,3,0,0.065,4131975
1789155274,2,0,0.006,4131975
1789155275,2,0,0.403,4131975
1789155275,2,0,0.582,4131975
1789155275,3,0,0.11,4131975
1789155275,1,0,0.001,4131975
1789155276,4,0,0.631,4131975
1789155276,2,0,0.002,4131975
1789155276,6,0,0.006,4131975
1789155276,5,0,0.118,4131975
1789155277,4,0,0.845,4131975
1789155277,3,0,0.072,4131975
1789155277,3,0,0.005,4131975
1789155278,4,0,1.185,4131975
1789155278,6,0,0.007,4131975
1789155278,3,0,0.015,4131975
1789155278,6,0,0.011,4131975
1789155278,3,0,0.005,4131975
1789155278,0,0,0.005,4131975
1789155279,4,0,1.07,4131975
1789155283,5,0,4.098,4131975
1789155284,4,0,0.731,4131975
1789155284,3,0,0.065,4131975
1789155284,3,0,0.059,4131975
1789155284,0,0,0.004,4131975
1789155284,4,0,0.31,4131975
1789155284,0,0,0.008,4131975
1789155285,4,0,0.466,4131975
1789155285,3,0,0.051,4131975
1789155285,3,0,0.006,4131975
1789155285,3,0,0.008,4131975
1789155286,2,0,0.56,4131975
1789155286,0,0,0.005,4131975
1789155286,2,0,0.231,4131975
1789155286,6,0,0.005,4131975
1789155286,3,0,0.066,4131975
1789155286,5,0,0.234,4131975
1789155286,5,0,0.128,4131975
1789155288,2,0,1.835,4131975
1789155289,4,0,0.838,4131975
1789155290,2,0,0.965,4131975
1789155290,3,0,0.007,4131975
1789155290,0,0,0.005,4131975
1789155290,6,0,0.012,4131975
1789155290,0,0,0.012,4131975
1789155290,5,0,0.267,4131975
1789155292,2,0,1.357,4131975
1789155292,4,0,0.335,4131975
1789155292,2,0,0.192,4131975
1789155292,1,0,0.001,4131975
1789155292,2,0,0.003,4131975
1789155292,3,0,0.079,4131975
1789155293,4,0,0.59,4131975
1789155293,4,0,0.43,4131975
1789155293,3,0,0.003,4131975
1789155294,2,0,0.836,4131975
1789155294,4,0,0.351,4131975
1789155295,4,0,0.193,4131975
1789155295,0,0,0.01,4131975
1789155295,6,0,0.007,4131975
1789155295,5,0,0.354,4131975
1789155295,0,0,0.004,4131975
1789155295,2,0,0.002,4131975
1789155295,0,0,0.004,4131975
1789155295,2,0,0.002,4131975
1789155295,4,0,0.026,4131975
1789155295,5,0,0.316,4131975
1789155295,3,0,0.054,4131975
1789155297,4,0,1.253,4131975
1789155298,4,0,1.08,4131975
1789155298,0,0,0.006,4131975
1789155298,1,0,0.001,4131975
1789155298,6,0,0.006,4131975
1789155298,6,0,0.004,4131975
1789155298,0,0,0.005,4131975
1789155298,4,0,0.767,4131975
1789155299,3,0,0.05,4131975
1789155299,5,0,0.441,4131975
1789155299,1,0,0.001,4131975
1789155300,4,0,0.687,4131975
1789155300,3,0,0.009,4131975
1789155300,2,0,0.573,4131975
1789155304,5,0,4.217,4131975
1789155305,3,0,0.095,4131975
1789155305,1,0,0.001,4131975
1789155305,6,0,0.009,4131975
1789155305,0,0,0.011,4131975
1789155305,3,0,0.012,4131975
1789155305,5,0,0.547,4131975
1789155305,2,0,0.003,4131975
1789155305,1,0,0.001,4131975
1789155305,0,0,0.01,4131975
1789155306,4,0,0.429,4131975
1789155306,6,0,0.006,4131975
1789155306,4,0,0.777,4131975
1789155307,4,0,0.452,4131975
1789155307,0,0,0.005,4131975
1789155309,4,0,2.13,4131975
1789155309,6,0,0.006,4131975
1789155309,3,0,0.069,4131975
1789155310,2,0,0.533,4131975
1789155310,6,0,0.009,4131975
1789155310,2,0,0.002,4131975
1789155310,2,0,0.001,4131975
1789155310,3,0,0.008,4131975
1789155310,3,0,0.094,4131975
1789155310,4,0,0.342,4131975
1789155312,2,0,2.024,4131975
1789155312,3,0,0.13,4131975
1789155316,5,0,3.852,4131975
1789155316,0,0,0.007,4131975
1789155317,4,0,0.486,4131975
1789155319,4,0,2.167,4131975
1789155319,3,0,0.011,4131975
1789155319,2,0,0.02,4131975
1789155319,6,0,0.006,4131975
1789155319,4,0,0.717,4131975
1789155320,4,0,0.663,4131975
1789155320,0,0,0.005,4131975
1789155320,2,0,0.381,4131975
1789155320,6,0,0.006,4131975
1789155321,4,0,0.309,4131975
1789155322,4,0,0.808,4131975
1789155323,2,0,1.47,4131975
1789155323,0,0,0.013,4131975
1789155323,0,0,0.004,4131975
1789155323,2,0,0.351,4131975
1789155324,5,0,0.155,4131975
1789155324,2,0,0.001,4131975
1789155324,0,0,0.012,4131975
1789155328,7,0,3.919,4131975
1789155328,2,0,0.001,4131975
1789155328,2,0,0.808,4131975
1789155328,5,0,0.106,4131975
1789155329,5,0,0.979,4131975
1789155330,4,0,0.342,4131975
1789155330,4,0,0.378,4131975
1789155330,5,0,0.158,4131975
1789155330,2,0,0.004,4131975
1789155331,4,0,0.432,4131975
1789155333,4,0,1.989,4131975
1789155333,6,0,0.021,4131975
1789155333,5,0,0.545,4131975
1789155335,4,0,1.792,4131975
1789155335,3,0,0.069,4131975
1789155335,1,0,0.002,4131975
1789155335,1,0,0.001,4131975
1789155335,3,0,0.026,4131975
1789155335,1,0,0.001,4131975
1789155336,4,0,0.426,4131975
1789155336,2,0,0.002,4131975
1789155336,2,0,0.002,4131975
1789155336,0,0,0.009,4131975
1789155336,5,0,0.417,4131975
1789155336,2,0,0.003,4131975
1789155337,4,0,0.604,4131975
1789155337,4,0,0.333,4131975
1789155338,2,0,1.049,4131975
1789155338,6,0,0.005,4131975
1789155339,4,0,0.469,4131975
1789155339,4,0,0.629,4131975
1789155339,3,0,0.038,4131975
1789155340,5,0,0.779,4131975
1789155340,3,0,0.053,4131975
1789155340,4,0,0.43,4131975
1789155341,5,0,0.252,4131975
1789155342,4,0,0.888,4131975
1789155342,3,0,0.06,4131975
1789155342,0,0,0.011,4131975
1789155342,6,0,0.006,4131975
1789155342,0,0,0.006,4131975
1789155342,5,0,0.106,4131975
1789155342,2,0,0.002,4131975
1789155343,4,0,0.775,4131975
1789155343,3,0,0.003,4131975
1789155343,4,0,0.648,4131975
1789155344,2,0,0.316,4131975
1789155344,3,0,0.003,4131975
1789155344,2,0,0.002,4131975
1789155344,1,0,0.001,4131975
1789155344,6,0,0.005,4131975
1789155344,6,0,0.004,4131975
1789155344,0,0,0.01,4131975
1789155344,3,0,0.007,4131975
1789155345,4,0,1.196,4131975
1789155345,2,0,0.544,4131975
1789155346,4,0,0.716,4131975
1789155347,4,0,0.918,4131975
1789155347,6,0,0.005,4131975
1789155347,5,0,0.106,4131975
1789155348,4,0,0.49,4131975
1789155348,4,0,0.555,4131975
1789155349,4,0,0.535,4131975
1789155349,6,0,0.006,4131975
1789155349,4,0,0.412,4131975
1789155349,6,0,0.005,4131975
1789155349,0,0,0.049,4131975
1789155349,1,0,0.001,4131975
1789155349,0,0,0.013,4131975
1789155349,3,0,0.109,4131975
1789155349,6,0,0.004,4131975
1789155350,4,0,1.235,4131975
1789155350,3,0,0.016,4131975
1789155350,2,0,0.007,4131975
1789155351,4,0,0.418,4131975
1789155351,3,0,0.081,4131975
1789155352,5,0,1.497,4131975
1789155353,4,0,0.858,4131975
1789155353,1,0,0.001,4131975
1789155353,6,0,0.014,4131975
1789155353,6,0,0.007,4131975
1789155353,0,0,0.005,4131975
1789155353,0,0,0.011,4131975
1789155356,5,0,3.141,4131975
1789155357,4,0,0.473,4131975
1789155357,0,0,0.067,4131975
1789155358,4,0,1.161,4131975
1789155358,0,0,0.037,4131975
1789155358,6,0,0.013,4131975
1789155360,4,0,1.533,4131975
1789155360,0,0,0.014,4131975
1789155360,0,0,0.017,4131975
1789155360,6,0,0.006,4131975
1789155360,3,0,0.104,4131975
1789155361,2,0,1.409,4131975
1789155361,2,0,0.003,4131975
1789155361,3,0,0.07,4131975
1789155361,3,0,0.006,4131975
1789155361,2,0,0.001,4131975
1789155361,0,0,0.003,4131975
1789155361,0,0,0.016,4131975
1789155362,7,0,0.65,4131975
1789155362,3,0,0.057,4131975
1789155362,2,0,0.001,4131975
1789155362,0,0,0.012,4131975
1789155363,5,0,1.201,4131975
1789155364,4,0,0.555,4131975
1789155364,3,0,0.018,4131975
1789155364,2,0,0.003,4131975
1789155364,0,0,0.039,4131975
1789155364,0,0,0.013,4131975
1789155365,5,0,0.954,4131975
1789155365,4,0,0.251,4131975
1789155365,3,0,0.013,4131975
1789155366,4,0,0.588,4131975
1789155366,3,0,0.108,4131975
1789155367,4,0,1.2,4131975
1789155368,4,0,0.6,4131975
1789155369,4,0,1.214,4131975
1789155369,2,0,0.002,4131975
1789155371,4,0,1.888,4131975
1789155371,3,0,0.015,4131975
1789155371,0,0,0.006,4131975
1789155371,4,0,0.295,4131975
1789155372,2,0,0.469,4131975
1789155372,0,0,0.003,4131975
1789155372,3,0,0.031,4131975
1789155372,4,0,0.538,4131975
1789155372,3,0,0.019,4131975
1789155372,3,0,0.013,4131975
1789155372,0,0,0.008,4131975
1789155372,3,0,0.005,4131975
1789155373,4,0,0.538,4131975
1789155373,0,0,0.01,4131975
1789155374,4,0,0.892,4131975
1789155374,3,0,0.075,4131975
1789155374,3,0,0.091,4131975
1789155374,1,0,0.001,4131975
1789155375,4,0,0.898,4131975
1789155375,4,0,0.254,4131975
1789155376,2,0,0.587,4131975
1789155376,4,0,0.276,4131975
1789155376,4,0,0.576,4131975
1789155377,4,0,0.299,4131975
1789155377,5,0,0.124,4131975
1789155377,6,0,0.003,4131975
1789155377,4,0,0.511,4131975
1789155378,5,0,0.387,4131975
1789155378,STOP,,,4131975
