1789151772,2,0,0.731,4132147
1789151776,7,0,4.531,4132147
1789151777,4,0,0.514,4132147
1789151777,2,0,0.273,4132147
1789151777,5,0,0.358,4132147
1789151777,6,0,0.014,4132147
1789151778,2,0,0.493,4132147
1789151778,5,0,0.116,4132147
1789151778,0,0,0.008,4132147
1789151778,3,0,0.007,4132147
1789151778,3,0,0.083,4132147
1789151778,6,0,0.027,4132147
1789151778,6,0,0.019,4132147
1789151778,7,0,0.306,4132147
1789151779,3,0,0.04,4132147
1789151780,2,0,1.012,4132147
1789151780,5,0,0.099,4132147
1789151780,0,0,0.006,4132147
1789151780,3,0,0.03,4132147
1789151780,2,0,0.341,4132147
1789151780,1,0,0.002,4132147
1789151780,3,0,0.076,4132147
1789151781,4,0,1.259,4132147
1789151783,4,0,1.82,4132147
1789151783,6,0,0.005,4132147
1789151783,2,0,0.002,4132147
1789151783,0,0,0.006,4132147
1789151784,4,0,0.381,4132147
1789151784,3,0,0.008,4132147
1789151784,2,0,0.004,4132147
1789151785,5,0,1.773,4132147
1789151785,2,0,0.001,4132147
1789151786,2,0,0.488,4132147
1789151786,6,0,0.008,4132147
1789151786,2,0,0.353,4132147
1789151791,5,0,5.057,4132147
1789151791,1,0,0.002,4132147
1789151791,0,0,0.016,4132147
1789151791,0,0,0.012,4132147
1789151791,3,0,0.069,4132147
1789151791,0,0,0.004,4132147
1789151793,4,0,1.245,4132147
1789151797,5,0,4.072,4132147
1789151797,4,0,0.334,4132147
1789151797,3,0,0.09,4132147
1789151798,2,0,0.732,4132147
1789151798,3,0,0.012,4132147
1789151798,3,0,0.059,4132147
1789151798,3,0,0.004,4132147
1789151798,1,0,0.001,4132147
1789151801,5,0,3.374,4132147
1789151802,4,0,1.045,4132147
1789151803,4,0,0.852,4132147
1789151804,5,0,0.838,4132147
1789151805,4,0,0.952,4132147
1789151805,2,0,0.002,4132147
1789151805,2,0,0.004,4132147
1789151806,4,0,0.703,4132147
1789151806,2,0,0.644,4132147
1789151806,0,0,0.012,4132147
1789151806,3,0,0.071,4132147
1789151807,5,0,0.227,4132147
1789151807,6,0,0.006,4132147
1789151807,4,0,0.147,4132147
1789151807,3,0,0.058,4132147
1789151811,7,0,3.848,4132147
1789151811,3,0,0.036,4132147
1789151812,5,0,1.182,4132147
1789151812,3,0,0.026,4132147
1789151813,4,0,0.905,4132147
1789151813,0,0,0.018,4132147
1789151816,5,0,3.448,4132147
1789151816,3,0,0.005,4132147
1789151819,4,0,2.18,4132147
1789151819,1,0,0.001,4132147
1789151819,6,0,0.01,4132147
1789151819,4,0,0.521,4132147
1789151819,6,0,0.009,4132147
1789151819,0,0,0.006,4132147
1789151819,3,0,0.096,4132147
1789151820,4,0,0.448,4132147
1789151820,5,0,0.842,4132147
1789151820,3,0,0.05,4132147
1789151820,0,0,0.007,4132147
1789151820,0,0,0.003,4132147
1789151821,4,0,0.635,4132147
1789151822,2,0,0.521,4132147
1789151822,4,0,0.408,4132147
1789151823,7,0,1.119,4132147
1789151823,2,0,0.001,4132147
1789151823,3,0,0.039,4132147
1789151823,3,0,0.032,4132147
1789151823,6,0,0.01,4132147
1789151824,4,0,0.6,4132147
1789151824,0,0,0.006,4132147
1789151824,3,0,0.01,4132147
1789151824,6,0,0.006,4132147
1789151824,3,0,0.029,4132147
1789151824,2,0,0.003,4132147
1789151825,4,0,0.63,4132147
1789151825,4,0,0.326,4132147
1789151825,3,0,0.045,4132147
1789151825,3,0,0.102,4132147
1789151826,5,0,0.975,4132147
1789151827,2,0,1.357,4132147
1789151828,4,0,0.928,4132147
1789151828,2,0,0.001,4132147
1789151828,7,0,0.138,4132147
1789151828,3,0,0.07,4132147
1789151829,2,0,0.648,4132147
1789151830,7,0,0.71,4132147
1789151834,5,0,3.779,4132147
1789151834,6,0,0.007,4132147
1789151834,3,0,0.07,4132147
1789151834,0,0,0.006,4132147
1789151834,6,0,0.014,4132147
1789151834,2,0,0.003,4132147
1789151834,0,0,0.011,4132147
1789151834,0,0,0.011,4132147
1789151834,4,0,0.461,4132147
1789151834,6,0,0.009,4132147
1789151834,2,0,0.002,4132147
1789151834,6,0,0.008,4132147
1789151834,1,0,0.001,4132147
1789151834,1,0,0.001,4132147
1789151834,6,0,0.009,4132147
1789151834,0,0,0.004,4132147
1789151834,0,0,0.007,4132147
1789151835,4,0,1.13,4132147
1789151835,0,0,0.003,4132147
1789151840,7,0,4.334,4132147
1789151840,6,0,0.008,4132147
1789151840,4,0,0.521,4132147
1789151840,3,0,0.133,4132147
1789151842,4,0,1.812,4132147
1789151842,1,0,0.001,4132147
1789151843,2,0,0.296,4132147
1789151843,4,0,0.315,4132147
1789151843,6,0,0.009,4132147
1789151843,6,0,0.006,4132147
1789151843,3,0,0.13,4132147
1789151843,3,0,0.026,4132147
1789151844,4,0,0.713,4132147
1789151844,4,0,0.529,4132147
1789151848,5,0,3.623,4132147
1789151848,0,0,0.009,4132147
1789151849,4,0,0.712,4132147
1789151849,3,0,0.012,4132147
1789151849,6,0,0.008,4132147
1789151849,4,0,0.334,4132147
1789151849,6,0,0.007,4132147
1789151850,5,0,0.811,4132147
1789151850,1,0,0.001,4132147
1789151852,4,0,1.883,4132147
1789151852,3,0,0.004,4132147
1789151853,4,0,0.879,4132147
1789151853,2,0,0.603,4132147
1789151854,5,0,0.739,4132147
1789151854,3,0,0.01,4132147
1789151854,3,0,0.007,4132147
1789151855,2,0,0.909,4132147
1789151855,1,0,0.001,4132147
1789151855,2,0,0.642,4132147
1789151856,4,0,0.517,4132147
1789151856,2,0,0.002,4132147
1789151856,6,0,0.006,4132147
1789151856,6,0,0.029,4132147
1789151856,4,0,0.426,4132147
1789151857,2,0,0.449,4132147
1789151857,6,0,0.007,4132147
1789151857,3,0,0.004,4132147
1789151858,5,0,1.465,4132147
1789151859,4,0,0.485,4132147
1789151859,0,0,0.018,4132147
1789151859,6,0,0.015,4132147
1789151859,3,0,0.051,4132147
1789151859,3,0,0.002,4132147
1789151863,5,0,3.941,4132147
1789151863,3,0,0.034,4132147
1789151863,2,0,0.002,4132147
1789151863,1,0,0.001,4132147
1789151863,1,0,0.001,4132147
1789151863,5,0,0.431,4132147
1789151864,4,0,0.547,4132147
1789151864,2,0,0.288,4132147
1789151868,5,0,4.221,4132147
1789151868,3,0,0.068,4132147
1789151869,4,0,0.484,4132147
1789151869,5,0,0.503,4132147
1789151871,2,0,1.35,4132147
1789151871,3,0,0.004,4132147
1789151871,0,0,0.02,4132147
1789151871,3,0,0.067,4132147
1789151872,5,0,0.652,4132147
1789151872,6,0,0.014,4132147
1789151873,4,0,1.124,4132147
1789151873,0,0,0.012,4132147
1789151873,3,0,0.079,4132147
1789151873,2,0,0.002,4132147
1789151873,3,0,0.008,4132147
1789151873,0,0,0.019,4132147
1789151873,4,0,0.451,4132147
1789151874,4,0,0.467,4132147
1789151874,6,0,0.01,4132147
1789151874,1,0,0.001,4132147
1789151875,4,0,1.233,4132147
1789151875,0,0,0.015,4132147
1789151875,1,0,0.001,4132147
1789151875,4,0,0.337,4132147
1789151875,0,0,0.007,4132147
1789151875,7,0,0.163,4132147
1789151875,6,0,0.007,4132147
1789151876,3,0,0.063,4132147
1789151876,3,0,0.105,4132147
1789151876,6,0,0.005,4132147
1789151876,3,0,0.009,4132147
1789151876,1,0,0.001,4132147
1789151876,2,0,0.697,4132147
1789151876,1,0,0.001,4132147
1789151876,0,0,0.006,4132147
1789151876,3,0,0.115,4132147
1789151877,4,0,0.835,4132147
1789151878,4,0,0.387,4132147
1789151878,3,0,0.004,4132147
1789151878,4,0,0.421,4132147
1789151878,0,0,0.011,4132147
1789151878,3,0,0.04,4132147
1789151879,4,0,0.784,4132147
1789151879,6,0,0.011,4132147
1789151879,1,0,0,4132147
1789151880,7,0,0.875,4132147
1789151880,0,0,0.003,4132147
1789151880,3,0,0.003,4132147
1789151880,4,0,0.283,4132147
1789151880,0,0,0.004,4132147
1789151880,3,0,0.013,4132147
1789151880,3,0,0.062,4132147
1789151880,0,0,0.04,4132147
1789151880,1,0,0.001,4132147
1789151880,0,0,0.005,4132147
1789151884,5,0,3.34,4132147
1789151884,3,0,0.103,4132147
1789151884,4,0,0.382,4132147
1789151884,4,0,0.398,4132147
1789151885,4,0,0.471,4132147
1789151885,3,0,0.045,4132147
1789151886,4,0,0.522,4132147
1789151886,4,0,0.606,4132147
1789151886,0,0,0.011,4132147
1789151886,0,0,0.005,4132147
1789151886,0,0,0.003,4132147
1789151886,2,0,0.001,4132147
1789151887,4,0,1.259,4132147
1789151888,5,0,0.495,4132147
1789151888,4,0,0.59,4132147
1789151889,7,0,0.167,4132147
1789151889,0,0,0.005,4132147
1789151889,3,0,0.009,4132147
1789151889,4,0,0.497,4132147
1789151889,3,0,0.078,4132147
1789151889,2,0,0.002,4132147
1789151889,0,0,0.005,4132147
1789151890,4,0,0.422,4132147
1789151890,3,0,0.057,4132147
1789151890,3,0,0.001,4132147
1789151890,6,0,0.006,4132147
1789151890,0,0,0.005,4132147
1789151890,5,0,0.138,4132147
1789151890,4,0,0.232,4132147
1789151890,3,0,0.075,4132147
1789151890,3,0,0.051,4132147
1789151891,4,0,0.363,4132147
1789151891,4,0,0.87,4132147
1789151891,6,0,0.009,4132147
1789151892,4,0,0.297,4132147
1789151892,3,0,0.08,4132147
1789151892,4,0,0.261,4132147
1789151893,4,0,0.555,4132147
1789151893,2,0,0.266,4132147
1789151893,3,0,0.052,4132147
1789151893,4,0,0.344,4132147
1789151893,6,0,0.005,4132147
1789151894,4,0,0.407,4132147
1789151894,2,0,0.002,4132147
1789151894,4,0,0.575,4132147
1789151894,3,0,0.084,4132147
1789151894,0,0,0.013,4132147
1789151894,6,0,0.01,4132147
1789151894,0,0,0.014,4132147
1789151895,2,0,0.365,4132147
1789151896,4,0,1.677,4132147
1789151898,2,0,1.191,4132147
1789151898,3,0,0.049,4132147
1789151898,4,0,0.539,4132147
1789151898,0,0,0.005,4132147
1789151898,3,0,0.03,4132147
1789151898,0,0,0.005,4132147
1789151903,5,0,4.597,4132147
1789151904,4,0,0.953,4132147
1789151905,5,0,1.042,4132147
1789151905,0,0,0.007,4132147
1789151905,3,0,0.043,4132147
1789151906,4,0,1.264,4132147
1789151908,4,0,1.611,4132147
1789151908,6,0,0.006,4132147
1789151908,0,0,0.038,4132147
1789151908,6,0,0.004,4132147
1789151908,1,0,0.002,4132147
1789151908,2,0,0.001,4132147
1789151908,3,0,0.008,4132147
1789151908,0,0,0.009,4132147
1789151909,4,0,0.899,4132147
1789151909,3,0,0.047,4132147
1789151909,4,0,0.447,4132147
1789151909,3,0,0.048,4132147
1789151909,3,0,0.054,4132147
1789151909,0,0,0.01,4132147
1789151910,2,0,0.557,4132147
1789151910,4,0,0.336,4132147
1789151911,2,0,0.358,4132147
1789151911,3,0,0.055,4132147
1789151911,0,0,0.005,4132147
1789151911,6,0,0.006,4132147
1789151911,1,0,0.001,4132147
1789151911,0,0,0.008,4132147
1789151911,4,0,0.273,4132147
1789151912,4,0,1.11,4132147
1789151912,1,0,0.001,4132147
1789151912,3,0,0.006,4132147
1789151912,6,0,0.017,4132147
1789151914,2,0,1.494,4132147
1789151918,5,0,4.324,4132147
1789151919,4,0,0.648,4132147
1789151919,2,0,0.525,4132147
1789151919,2,0,0.001,4132147
1789151919,2,0,0.325,4132147
1789151923,5,0,4.009,4132147
1789151923,2,0,0.001,4132147
1789151923,1,0,0.001,4132147
1789151923,0,0,0.007,4132147
1789151923,1,0,0.001,4132147
1789151924,3,0,0.083,4132147
1789151924,2,0,0.005,4132147
1789151924,6,0,0.009,4132147
1789151924,3,0,0.006,4132147
1789151924,0,0,0.005,4132147
1789151924,4,0,0.565,4132147
1789151925,4,0,0.99,4132147
1789151926,4,0,0.518,4132147
1789151926,3,0,0.076,4132147
1789151926,6,0,0.01,4132147
1789151926,0,0,0.004,4132147
1789151926,4,0,0.354,4132147
1789151926,3,0,0.157,4132147
1789151926,4,0,0.146,4132147
1789151927,4,0,0.588,4132147
1789151927,6,0,0.014,4132147
1789151927,3,0,0.099,4132147
1789151927,0,0,0.007,4132147
1789151927,5,0,0.157,4132147
1789151927,3,0,0.011,4132147
1789151927,3,0,0.016,4132147
1789151927,4,0,0.059,4132147
1789151928,4,0,0.708,4132147
1789151928,0,0,0.011,4132147
1789151929,4,0,0.465,4132147
1789151929,3,0,0.004,4132147
1789151929,3,0,0.1,4132147
1789151929,1,0,0.002,4132147
1789151929,6,0,0.004,4132147
1789151929,0,0,0.006,4132147
1789151929,1,0,0.001,4132147
1789151929,4,0,0.431,4132147
1789151929,7,0,0.146,4132147
1789151929,3,0,0.058,4132147
1789151930,2,0,0.4,4132147
1789151930,3,0,0.032,4132147
1789151930,2,0,0.001,4132147
1789151930,0,0,0.004,4132147
1789151930,3,0,0.025,4132147
1789151930,0,0,0.015,4132147
1789151930,3,0,0.017,4132147
1789151930,2,0,0.355,4132147
1789151930,3,0,0.01,4132147
1789151930,1,0,0.001,4132147
1789151930,3,0,0.052,4132147
1789151930,3,0,0.06,4132147
1789151931,4,0,0.539,4132147
1789151931,6,0,0.004,4132147
1789151931,4,0,0.513,4132147
1789151931,0,0,0.004,4132147
1789151931,1,0,0.001,4132147
1789151931,3,0,0.03,4132147
1789151932,5,0,0.57,4132147
1789151932,0,0,0.015,4132147
1789151932,4,0,0.537,4132147
1789151933,3,0,0.083,4132147
1789151933,3,0,0.01,4132147
1789151933,6,0,0.032,4132147
1789151933,0,0,0.008,4132147
1789151933,0,0,0.013,4132147
1789151933,6,0,0.006,4132147
1789151933,6,0,0.006,4132147
1789151933,0,0,0.003,4132147
1789151934,4,0,1.258,4132147
1789151934,3,0,0.055,4132147
1789151935,2,0,1.002,4132147
1789151935,6,0,0.006,4132147
1789151937,4,0,1.872,4132147
1789151937,4,0,0.614,4132147
1789151937,3,0,0.004,4132147
1789151938,3,0,0.071,4132147
1789151938,0,0,0.009,4132147
1789151938,3,0,0.008,4132147
1789151938,3,0,0.006,4132147
1789151938,1,0,0.001,4132147
1789151938,5,0,0.176,4132147
1789151938,0,0,0.004,4132147
1789151938,6,0,0.01,4132147
1789151939,4,0,1.39,4132147
1789151939,2,0,0.002,4132147
1789151939,0,0,0.006,4132147
1789151939,6,0,0.005,4132147
1789151939,3,0,0.054,4132147
1789151939,3,0,0.029,4132147
1789151941,2,0,1.306,4132147
1789151941,4,0,0.263,4132147
1789151941,2,0,0.384,4132147
1789151942,4,0,0.345,4132147
1789151942,4,0,0.589,4132147
1789151942,0,0,0.004,4132147
1789151942,1,0,0.001,4132147
1789151943,4,0,0.451,4132147
1789151943,4,0,0.719,4132147
1789151943,0,0,0.02,4132147
1789151943,3,0,0.11,4132147
1789151943,6,0,0.013,4132147
1789151944,4,0,0.468,4132147
1789151944,0,0,0.012,4132147
1789151945,4,0,0.745,4132147
1789151945,0,0,0.016,4132147
1789151945,2,0,0.001,4132147
1789151945,3,0,0.103,4132147
1789151945,6,0,0.007,4132147
1789151945,3,0,0.009,4132147
1789151945,0,0,0.003,4132147
1789151945,0,0,0.009,4132147
1789151945,3,0,0.035,4132147
1789151946,7,0,0.859,4132147
1789151947,4,0,0.83,4132147
1789151947,0,0,0.011,4132147
1789151948,4,0,0.968,4132147
1789151948,0,0,0.01,4132147
1789151948,6,0,0.004,4132147
1789151948,2,0,0.848,4132147
1789151949,4,0,0.345,4132147
1789151949,5,0,0.18,4132147
1789151949,2,0,0.003,4132147
1789151949,2,0,0.487,4132147
1789151950,4,0,0.158,4132147
1789151950,0,0,0.006,4132147
1789151950,2,0,0.003,4132147
1789151950,3,0,0.115,4132147
1789151950,3,0,0.003,4132147
1789151950,2,0,0.637,4132147
1789151951,4,0,0.588,4132147
1789151951,3,0,0.055,4132147
1789151951,2,0,0.001,4132147
1789151951,2,0,0.001,4132147
1789151952,4,0,1.113,4132147
1789151952,3,0,0.052,4132147
1789151953,2,0,0.458,4132147
1789151954,2,0,1.062,4132147
1789151954,2,0,0.001,4132147
1789151954,0,0,0.038,4132147
1789151954,0,0,0.007,4132147
1789151954,4,0,0.43,4132147
1789151955,4,0,0.505,4132147
1789151955,4,0,0.421,4132147
1789151955,0,0,0.015,4132147
1789151955,3,0,0.004,4132147
1789151955,2,0,0.003,4132147
1789151955,0,0,0.002,4132147
1789151955,6,0,0.008,4132147
1789151955,3,0,0.048,4132147
1789151957,4,0,1.65,4132147
1789151957,0,0,0.008,4132147
1789151957,3,0,0.058,4132147
1789151957,0,0,0.004,4132147
1789151957,5,0,0.116,4132147
1789151957,3,0,0.046,4132147
1789151957,4,0,0.461,4132147
1789151957,0,0,0.006,4132147
1789151958,0,0,0.019,4132147
1789151963,5,0,5.064,4132147
1789151967,7,0,4.826,4132147
1789151967,6,0,0.006,4132147
1789151967,0,0,0.009,4132147
1789151967,6,0,0.007,4132147
1789151967,3,0,0.075,4132147
1789151967,1,0,0.003,4132147
1789151967,1,0,0.001,4132147
1789151967,0,0,0.007,4132147
1789151968,3,0,0.085,4132147
1789151968,3,0,0.033,4132147
1789151968,6,0,0.007,4132147
1789151968,4,0,0.585,4132147
1789151969,5,0,0.842,4132147
1789151969,6,0,0.007,4132147
1789151969,2,0,0.397,4132147
1789151971,5,0,1.498,4132147
1789151971,2,0,0.448,4132147
1789151971,1,0,0.002,4132147
1789151971,0,0,0.007,4132147
1789151972,5,0,0.766,4132147
1789151972,4,0,0.228,4132147
1789151973,5,0,0.114,4132147
1789151973,2,0,0.507,4132147
1789151973,6,0,0.037,4132147
1789151973,3,0,0.073,4132147
1789151974,4,0,0.567,4132147
1789151974,6,0,0.008,4132147
1789151974,3,0,0.088,4132147
1789151974,6,0,0.005,4132147
1789151978,5,0,4.243,4132147
1789151978,1,0,0.001,4132147
1789151978,0,0,0.012,4132147
1789151978,2,0,0.421,4132147
1789151978,0,0,0.008,4132147
1789151979,3,0,0.054,4132147
1789151979,6,0,0.009,4132147
1789151979,0,0,0.004,4132147
1789151979,6,0,0.008,4132147
1789151979,4,0,0.687,4132147
1789151980,5,0,0.618,4132147
1789151980,2,0,0.002,4132147
1789151980,2,0,0.541,4132147
1789151980,0,0,0.011,4132147
1789151981,4,0,0.297,4132147
1789151981,2,0,0.002,4132147
1789151982,4,0,1.417,4132147
1789151982,2,0,0.002,4132147
1789151982,3,0,0.101,4132147
1789151983,2,0,1.02,4132147
1789151984,4,0,0.415,4132147
1789151984,6,0,0.005,4132147
1789151984,0,0,0.008,4132147
1789151984,6,0,0.006,4132147
1789151984,7,0,0.241,4132147
1789151984,4,0,0.379,4132147
1789151985,4,0,0.704,4132147
1789151986,2,0,0.531,4132147
1789151986,0,0,0.004,4132147
1789151986,6,0,0.018,4132147
1789151986,0,0,0.002,4132147
1789151986,6,0,0.009,4132147
1789151989,5,0,3.833,4132147
1789151989,6,0,0.02,4132147
1789151989,6,0,0.003,4132147
1789151989,3,0,0.005,4132147
1789151989,6,0,0.007,4132147
1789151989,6,0,0.011,4132147
1789151990,5,0,0.127,4132147
1789151990,3,0,0.028,4132147
1789151990,3,0,0.054,4132147
1789151990,0,0,0.01,4132147
1789151990,4,0,0.569,4132147
1789151990,0,0,0.016,4132147
1789151991,4,0,0.902,4132147
1789151991,5,0,0.11,4132147
1789151991,1,0,0.002,4132147
1789151991,2,0,0.001,4132147
1789151992,4,0,0.768,4132147
1789151992,0,0,0.009,4132147
1789151993,5,0,1.086,4132147
1789151993,1,0,0.002,4132147
1789151993,0,0,0.014,4132147
1789151994,4,0,0.655,4132147
1789151994,5,0,0.34,4132147
1789151995,4,0,0.468,4132147
1789151995,0,0,0.002,4132147
1789151995,4,0,0.395,4132147
1789151995,6,0,0.005,4132147
1789151999,5,0,3.969,4132147
1789151999,3,0,0.012,4132147
1789151999,6,0,0.009,4132147
1789151999,2,0,0.002,4132147
1789152000,4,0,0.969,4132147
1789152000,4,0,0.469,4132147
1789152000,6,0,0.004,4132147
1789152000,1,0,0.002,4132147
1789152001,5,0,0.209,4132147
1789152001,2,0,0.002,4132147
1789152001,3,0,0.079,4132147
1789152004,5,0,3.356,4132147
1789152004,6,0,0.03,4132147
1789152004,0,0,0.005,4132147
1789152004,3,0,0.072,4132147
1789152005,4,0,0.536,4132147
1789152005,3,0,0.009,4132147
1789152005,1,0,0.001,4132147
1789152005,4,0,0.633,4132147
1789152005,2,0,0.002,4132147
1789152006,7,0,0.162,4132147
1789152006,5,0,0.357,4132147
1789152010,7,0,3.814,4132147
1789152010,6,0,0.006,4132147
1789152010,4,0,0.296,4132147
1789152011,4,0,0.553,4132147
1789152011,5,0,0.104,4132147
1789152011,6,1,0.006,4132147
1789152011,2,0,0.001,4132147
1789152011,2,0,0.002,4132147
1789152012,4,0,1.164,4132147
1789152012,3,0,0.01,4132147
1789152012,0,0,0.008,4132147
1789152012,0,0,0.004,4132147
1789152012,3,0,0.005,4132147
1789152012,6,0,0.006,4132147
1789152012,1,0,0.001,4132147
1789152013,2,0,0.619,4132147
1789152013,5,0,0.103,4132147
1789152013,4,0,0.662,4132147
1789152014,2,0,0.35,4132147
1789152014,4,0,0.609,4132147
1789152014,2,0,0.003,4132147
1789152015,2,0,0.294,4132147
1789152015,2,0,0.545,4132147
1789152015,3,0,0.055,4132147
1789152016,2,0,0.479,4132147
1789152016,3,0,0.108,4132147
1789152016,2,0,0.375,4132147
1789152017,4,0,0.402,4132147
1789152017,3,0,0.006,4132147
1789152017,0,0,0.006,4132147
1789152017,4,0,0.533,4132147
1789152022,7,0,4.858,4132147
1789152022,2,0,0.002,4132147
1789152023,4,0,0.847,4132147
1789152023,4,0,0.397,4132147
1789152024,4,0,1.106,4132147
1789152024,6,0,0.006,4132147
1789152025,7,0,0.316,4132147
1789152025,6,0,0.006,4132147
1789152025,2,0,0.005,4132147
1789152025,5,0,0.466,4132147
1789152025,0,0,0.01,4132147
1789152025,1,0,0.002,4132147
1789152029,5,0,3.483,4132147
1789152029,4,0,0.496,4132147
1789152029,4,0,0.41,4132147
1789152034,5,0,4.59,4132147
1789152034,3,0,0.006,4132147
1789152034,0,0,0.003,4132147
1789152034,2,0,0.002,4132147
1789152034,3,0,0.056,4132147
1789152034,0,0,0.005,4132147
1789152035,7,0,0.618,4132147
1789152036,2,0,0.861,4132147
1789152036,6,0,0.009,4132147
1789152036,4,0,0.317,4132147
1789152036,3,0,0.038,4132147
1789152036,3,0,0.004,4132147
1789152036,1,0,0.001,4132147
1789152036,2,0,0.004,4132147
1789152036,6,0,0.006,4132147
1789152036,3,0,0.004,4132147
1789152038,2,0,1.797,4132147
1789152042,5,0,4.519,4132147
1789152042,5,0,0.096,4132147
1789152042,6,0,0.008,4132147
1789152043,4,0,0.515,4132147
1789152043,0,0,0.011,4132147
1789152043,3,0,0.007,4132147
1789152043,4,0,0.321,4132147
1789152043,2,0,0.002,4132147
1789152044,2,0,0.456,4132147
1789152044,0,0,0.021,4132147
1789152044,5,0,0.368,4132147
1789152049,5,0,5.083,4132147
1789152049,3,0,0.07,4132147
1789152049,6,0,0.008,4132147
1789152049,3,0,0.118,4132147
1789152050,5,0,1.076,4132147
1789152050,6,0,0.006,4132147
1789152050,1,0,0.001,4132147
1789152050,2,0,0,4132147
1789152051,3,0,0.053,4132147
1789152051,3,0,0.006,4132147
1789152051,1,0,0.002,4132147
1789152051,4,0,0.347,4132147
1789152051,4,0,0.468,4132147
1789152052,2,0,0.619,4132147
1789152052,3,0,0.002,4132147
1789152057,5,0,5.211,4132147
1789152058,4,0,0.467,4132147
1789152058,3,0,0.048,4132147
1789152058,4,0,0.623,4132147
1789152059,4,0,0.746,4132147
1789152060,4,0,1.13,4132147
1789152061,4,0,0.7,4132147
1789152062,2,0,0.821,4132147
1789152062,6,0,0.004,4132147
1789152062,0,0,0.007,4132147
1789152062,4,0,0.422,4132147
1789152062,3,0,0.081,4132147
1789152062,3,0,0.003,4132147
1789152062,2,0,0.002,4132147
1789152062,5,0,0.173,4132147
1789152063,5,0,0.109,4132147
1789152063,3,0,0.042,4132147
1789152063,4,0,0.755,4132147
1789152063,2,0,0.002,4132147
1789152064,5,0,0.399,4132147
1789152064,0,0,0.004,4132147
1789152064,3,0,0.09,4132147
1789152064,0,0,0.016,4132147
1789152064,4,0,0.659,4132147
1789152065,4,0,0.527,4132147
1789152065,0,0,0.003,4132147
1789152065,2,0,0.002,4132147
1789152065,5,0,0.37,4132147
1789152065,1,0,0.001,4132147
1789152065,3,0,0.008,4132147
1789152065,2,0,0.002,4132147
1789152066,4,0,0.517,4132147
1789152066,3,0,0.004,4132147
1789152066,3,0,0.007,4132147
1789152066,1,0,0.001,4132147
1789152066,0,0,0.003,4132147
1789152066,6,0,0.005,4132147
1789152066,3,0,0.005,4132147
1789152066,6,0,0.005,4132147
1789152066,3,0,0.073,4132147
1789152067,5,0,0.517,4132147
1789152067,2,0,0.001,4132147
1789152067,5,0,0.898,4132147
1789152068,2,0,0.456,4132147
1789152068,0,0,0.01,4132147
1789152069,2,0,0.644,4132147
1789152069,0,0,0.005,4132147
1789152069,3,0,0.005,4132147
1789152069,5,0,0.373,4132147
1789152069,3,0,0.158,4132147
1789152069,2,0,0.003,4132147
1789152069,6,0,0.004,4132147
1789152070,4,0,0.443,4132147
1789152070,4,0,0.51,4132147
1789152070,3,0,0.069,4132147
1789152070,1,0,0.002,4132147
1789152070,4,0,0.317,4132147
1789152070,3,0,0.006,4132147
1789152071,4,0,0.524,4132147
1789152071,3,0,0.046,4132147
1789152072,5,0,0.699,4132147
1789152072,3,0,0.004,4132147
1789152072,4,0,0.401,4132147
1789152072,0,0,0.009,4132147
1789152072,2,0,0.002,4132147
1789152072,0,0,0.01,4132147
1789152072,0,0,0.004,4132147
1789152072,6,0,0.008,4132147
1789152073,2,0,0.455,4132147
1789152073,4,0,0.629,4132147
1789152074,4,0,0.57,4132147
1789152074,6,0,0.011,4132147
1789152074,6,0,0.011,4132147
1789152074,3,0,0.078,4132147
1789152074,6,0,0.014,4132147
1789152075,4,0,0.614,4132147
1789152075,3,0,0.006,4132147
1789152075,0,0,0.004,4132147
1789152075,2,0,0.002,4132147
1789152075,2,0,0.454,4132147
1789152075,3,0,0.005,4132147
1789152075,4,0,0.365,4132147
1789152075,2,0,0.002,4132147
1789152075,3,0,0.062,4132147
1789152076,7,0,1.043,4132147
1789152076,0,0,0.018,4132147
1789152077,0,0,0.004,4132147
1789152077,6,0,0.003,4132147
1789152077,3,0,0.144,4132147
1789152077,0,0,0.007,4132147
1789152077,1,0,0.001,4132147
1789152077,6,0,0.007,4132147
1789152077,2,0,0.749,4132147
1789152077,3,0,0.071,4132147
1789152077,3,0,0.008,4132147
1789152078,5,0,0.2,4132147
1789152078,0,0,0.016,4132147
1789152078,4,0,0.548,4132147
1789152079,4,0,0.272,4132147
1789152083,5,0,4.354,4132147
1789152083,3,0,0.029,4132147
1789152083,3,0,0.007,4132147
1789152083,1,0,0.002,4132147
1789152083,4,0,0.274,4132147
1789152083,3,0,0.003,4132147
1789152084,4,0,0.429,4132147
1789152084,1,0,0.002,4132147
1789152084,2,0,0.001,4132147
1789152084,2,0,0.376,4132147
1789152084,6,0,0.004,4132147
1789152084,0,0,0.007,4132147
1789152084,1,0,0.001,4132147
1789152084,0,0,0.003,4132147
1789152084,2,0,0.002,4132147
1789152084,4,0,0.343,4132147
1789152085,4,0,0.286,4132147
1789152085,3,0,0.043,4132147
1789152085,0,0,0.007,4132147
1789152085,2,0,0.425,4132147
1789152086,4,0,1.125,4132147
1789152086,0,0,0.011,4132147
1789152086,0,0,0.005,4132147
1789152087,2,0,0.508,4132147
1789152087,3,0,0.051,4132147
1789152087,2,0,0.001,4132147
1789152088,2,0,0.76,4132147
1789152088,0,0,0.014,4132147
1789152089,2,0,1.108,4132147
1789152089,3,0,0.006,4132147
1789152092,5,0,3.606,4132147
1789152092,0,0,0.005,4132147
1789152093,4,0,0.688,4132147
1789152093,3,0,0.149,4132147
1789152093,0,0,0.006,4132147
1789152093,0,0,0.012,4132147
1789152098,5,0,5.248,4132147
1789152099,4,0,0.517,4132147
1789152099,0,0,0.007,4132147
1789152099,3,0,0.038,4132147
1789152099,2,0,0.004,4132147
1789152099,4,0,0.328,4132147
1789152100,4,0,0.997,4132147
1789152100,6,0,0.005,4132147
1789152100,3,0,0.006,4132147
1789152100,0,0,0.003,4132147
1789152100,3,0,0.052,4132147
1789152100,0,0,0.008,4132147
1789152100,0,0,0.006,4132147
1789152101,5,0,0.652,4132147
1789152101,3,0,0.006,4132147
1789152101,6,0,0.011,4132147
1789152101,4,0,0.421,4132147
1789152103,4,0,1.593,4132147
1789152103,3,0,0.003,4132147
1789152103,4,0,0.257,4132147
1789152104,2,0,0.923,4132147
1789152107,5,0,2.887,4132147
1789152111,5,0,4.125,4132147
1789152111,2,0,0.011,4132147
1789152111,6,0,0.002,4132147
1789152111,0,0,0.009,4132147
1789152111,0,0,0.062,4132147
1789152112,4,0,0.722,4132147
1789152112,0,0,0.006,4132147
1789152113,4,0,0.464,4132147
1789152113,4,0,0.523,4132147
1789152113,3,0,0.004,4132147
1789152113,3,0,0.028,4132147
1789152114,5,0,0.552,4132147
1789152114,4,0,0.585,4132147
1789152114,0,0,0.006,4132147
1789152115,5,0,0.732,4132147
1789152115,6,0,0.01,4132147
1789152116,4,0,1.4,4132147
1789152116,3,0,0.004,4132147
1789152117,4,0,0.735,4132147
1789152117,6,0,0.005,4132147
1789152117,0,0,0.009,4132147
1789152118,4,0,0.502,4132147
1789152118,0,0,0.005,4132147
1789152118,5,0,0.111,4132147
1789152118,0,0,0.004,4132147
1789152118,6,1,0.003,4132147
1789152118,3,0,0.016,4132147
1789152118,1,0,0.001,4132147
1789152118,6,0,0.006,4132147
1789152118,3,0,0.006,4132147
1789152118,4,0,0.398,4132147
1789152119,2,0,1.217,4132147
1789152119,0,0,0.011,4132147
1789152120,2,0,0.397,4132147
1789152120,2,0,0.001,4132147
1789152120,4,0,0.327,4132147
1789152121,4,0,0.477,4132147
1789152122,2,0,1.233,4132147
1789152122,3,0,0.031,4132147
1789152122,4,0,0.365,4132147
1789152122,0,0,0.008,4132147
1789152122,6,0,0.009,4132147
1789152126,5,0,3.363,4132147
1789152126,0,0,0.011,4132147
1789152126,1,0,0.001,4132147
1789152126,2,0,0.002,4132147
1789152126,0,0,0.004,4132147
1789152126,4,0,0.327,4132147
1789152126,6,0,0.007,4132147
1789152127,2,0,0.667,4132147
1789152127,2,0,0.812,4132147
1789152127,0,0,0.012,4132147
1789152128,0,0,0.008,4132147
1789152128,2,0,0.304,4132147
1789152128,0,0,0.005,4132147
1789152128,1,0,0.001,4132147
1789152128,3,0,0.26,4132147
1789152128,6,0,0.007,4132147
1789152128,3,0,0.213,4132147
1789152129,5,0,0.665,4132147
1789152130,2,0,0.921,4132147
1789152134,5,0,4.521,4132147
1789152139,5,0,4.545,4132147
1789152142,5,0,3.378,4132147
1789152142,6,0,0.005,4132147
1789152142,3,0,0.008,4132147
1789152143,4,0,0.365,4132147
1789152143,3,0,0.084,4132147
1789152143,3,0,0.015,4132147
1789152143,1,0,0.003,4132147
1789152143,3,0,0.012,4132147
1789152143,0,0,0.005,4132147
1789152144,5,0,0.914,4132147
1789152144,2,0,0.367,4132147
1789152144,3,0,0.076,4132147
1789152145,4,0,0.412,4132147
1789152145,5,0,0.271,4132147
1789152145,3,0,0.009,4132147
1789152145,2,0,0.002,4132147
1789152145,4,0,0.497,4132147
1789152145,3,0,0.072,4132147
1789152146,4,0,0.374,4132147
1789152146,6,0,0.007,4132147
1789152146,1,0,0.001,4132147
1789152146,4,0,0.652,4132147
1789152147,4,0,0.181,4132147
1789152147,6,0,0.006,4132147
1789152147,4,0,0.25,4132147
1789152147,1,0,0.001,4132147
1789152147,4,0,0.273,4132147
1789152147,3,0,0.062,4132147
1789152147,0,0,0.003,4132147
1789152147,0,0,0.006,4132147
1789152147,3,0,0.007,4132147
1789152147,3,0,0.049,4132147
1789152147,2,0,0.002,4132147
1789152147,3,0,0.018,4132147
1789152148,4,0,0.416,4132147
1789152148,0,0,0.003,4132147
1789152149,4,0,0.779,4132147
1789152149,1,0,0.001,4132147
1789152149,4,0,0.286,4132147
1789152149,1,0,0.002,4132147
1789152149,3,0,0.085,4132147
1789152149,0,0,0.006,4132147
1789152149,3,0,0.054,4132147
1789152149,5,0,0.11,4132147
1789152149,3,0,0.054,4132147
1789152149,0,0,0.007,4132147
1789152149,4,0,0.317,4132147
1789152150,2,0,0.588,4132147
1789152150,0,0,0.003,4132147
1789152151,4,0,0.776,4132147
1789152151,4,0,0.191,4132147
1789152151,3,0,0.071,4132147
1789152151,2,0,0.011,4132147
1789152151,0,0,0.012,4132147
1789152151,5,0,0.16,4132147
1789152151,2,0,0.003,4132147
1789152151,3,0,0.044,4132147
1789152151,3,0,0.025,4132147
1789152151,6,0,0.005,4132147
1789152152,7,0,0.288,4132147
1789152153,2,0,1.343,4132147
1789152154,2,0,0.797,4132147
1789152154,0,0,0.009,4132147
1789152158,7,0,4.525,4132147
1789152159,4,0,0.854,4132147
1789152159,3,0,0.011,4132147
1789152159,0,0,0.01,4132147
1789152159,2,0,0.004,4132147
1789152160,4,0,1.127,4132147
1789152161,4,0,0.676,4132147
1789152161,3,0,0.105,4132147
1789152163,2,0,1.786,4132147
1789152163,0,0,0.003,4132147
1789152163,3,0,0.048,4132147
1789152167,5,0,4.366,4132147
1789152168,4,0,0.605,4132147
1789152168,4,0,0.55,4132147
1789152168,0,0,0.003,4132147
1789152168,2,0,0.002,4132147
1789152168,3,0,0.002,4132147
1789152169,4,0,0.446,4132147
1789152169,2,0,0.002,4132147
1789152170,4,0,1.376,4132147
1789152171,4,0,0.522,4132147
1789152172,4,0,1.605,4132147
1789152173,3,0,0.097,4132147
1789152173,6,0,0.005,4132147
1789152173,3,0,0.123,4132147
1789152174,4,0,1.24,4132147
1789152174,1,0,0.002,4132147
1789152174,2,0,0.553,4132147
1789152174,0,0,0.004,4132147
1789152174,2,0,0.004,4132147
1789152175,4,0,0.639,4132147
1789152175,6,0,0.012,4132147
1789152175,7,0,0.381,4132147
1789152175,2,0,0.002,4132147
1789152175,3,0,0.004,4132147
1789152176,5,0,0.614,4132147
1789152177,4,0,0.425,4132147
1789152177,0,0,0.016,4132147
1789152177,4,0,0.601,4132147
1789152177,2,0,0.009,4132147
1789152177,0,0,0.007,4132147
1789152177,2,0,0.007,4132147
1789152177,0,0,0.011,4132147
1789152177,0,0,0.01,4132147
1789152177,0,0,0.006,4132147
1789152178,5,0,1.148,4132147
1789152178,3,0,0.04,4132147
1789152178,3,0,0.054,4132147
1789152178,6,0,0.006,4132147
1789152179,4,0,0.341,4132147
1789152179,2,0,0.002,4132147
1789152179,3,0,0.093,4132147
1789152180,4,0,0.818,4132147
1789152180,5,0,0.538,4132147
1789152181,2,0,0.368,4132147
1789152181,0,0,0.004,4132147
1789152181,6,0,0.006,4132147
1789152181,5,0,0.142,4132147
1789152181,5,0,0.415,4132147
1789152181,1,0,0.001,4132147
1789152182,4,0,0.763,4132147
1789152182,3,0,0.011,4132147
1789152182,0,0,0.008,4132147
1789152182,3,0,0.041,4132147
1789152182,0,0,0.005,4132147
1789152182,4,0,0.312,4132147
1789152183,5,0,0.401,4132147
1789152183,3,0,0.069,4132147
1789152183,4,0,0.522,4132147
1789152185,4,0,1.581,4132147
1789152186,4,0,0.644,4132147
1789152186,6,0,0.005,4132147
1789152186,4,0,0.726,4132147
1789152186,3,0,0.106,4132147
1789152186,0,0,0.008,4132147
1789152186,6,0,0.006,4132147
1789152186,6,0,0.005,4132147
1789152186,1,0,0.001,4132147
1789152187,4,0,0.736,4132147
1789152187,6,0,0.011,4132147
1789152187,3,0,0.017,4132147
1789152187,5,0,0.191,4132147
1789152188,5,0,0.82,4132147
1789152188,0,0,0.003,4132147
1789152188,6,0,0.008,4132147
1789152189,4,0,0.616,4132147
1789152189,3,0,0.059,4132147
1789152189,3,0,0.006,4132147
1789152190,4,0,1.087,4132147
1789152191,4,0,0.583,4132147
1789152192,4,0,1.584,4132147
1789152192,0,0,0.004,4132147
1789152193,4,0,1.121,4132147
1789152194,2,0,0.364,4132147
1789152194,3,0,0.004,4132147
1789152194,2,0,0.46,4132147
1789152194,3,0,0.142,4132147
1789152196,4,0,1.574,4132147
1789152196,0,0,0.004,4132147
1789152196,0,0,0.022,4132147
1789152196,3,0,0.019,4132147
1789152196,4,0,0.468,4132147
1789152197,2,0,0.285,4132147
1789152197,4,0,0.262,4132147
1789152197,0,0,0.004,4132147
1789152197,3,0,0.018,4132147
1789152197,0,0,0.017,4132147
1789152197,4,0,0.607,4132147
1789152197,0,0,0.004,4132147
1789152197,2,0,0.005,4132147
1789152198,4,0,0.4,4132147
1789152198,6,0,0.007,4132147
1789152198,0,0,0.006,4132147
1789152199,4,0,0.996,4132147
1789152199,4,0,0.472,4132147
1789152200,4,0,0.614,4132147
1789152200,4,0,0.243,4132147
1789152200,6,0,0.031,4132147
1789152201,4,0,0.574,4132147
1789152201,6,0,0.004,4132147
1789152201,0,0,0.005,4132147
1789152201,0,0,0.014,4132147
1789152201,0,0,0.009,4132147
1789152201,6,0,0.007,4132147
1789152201,0,0,0.015,4132147
1789152201,0,0,0.014,4132147
1789152201,3,0,0.059,4132147
1789152202,4,0,0.618,4132147
1789152202,0,0,0.005,4132147
1789152202,2,0,0.649,4132147
1789152202,6,0,0.007,4132147
1789152203,2,0,0.766,4132147
1789152203,0,0,0.015,4132147
1789152203,0,0,0.016,4132147
1789152204,4,0,0.573,4132147
1789152204,6,0,0.005,4132147
1789152204,1,0,0.002,4132147
1789152204,0,0,0.004,4132147
1789152204,0,0,0.009,4132147
1789152205,4,0,0.885,4132147
1789152205,4,0,0.346,4132147
1789152205,0,0,0.003,4132147
1789152205,3,0,0.071,4132147
1789152206,2,0,0.754,4132147
1789152206,5,0,0.711,4132147
1789152206,0,0,0.006,4132147
1789152207,5,0,0.439,4132147
1789152208,4,0,1.065,4132147
1789152208,4,0,0.526,4132147
1789152209,4,0,0.867,4132147
1789152210,4,0,0.453,4132147
1789152210,0,0,0.015,4132147
1789152210,6,0,0.009,4132147
1789152210,5,0,0.13,4132147
1789152210,3,0,0.007,4132147
1789152210,2,0,0.001,4132147
1789152210,0,0,0.013,4132147
1789152211,4,0,1.526,4132147
1789152211,6,0,0.012,4132147
1789152212,4,0,0.588,4132147
1789152213,2,0,0.558,4132147
1789152213,5,0,0.415,4132147
1789152213,1,0,0.001,4132147
1789152213,3,0,0.03,4132147
1789152213,5,0,0.139,4132147
1789152213,0,0,0.005,4132147
1789152214,4,0,0.512,4132147
1789152216,5,0,2.696,4132147
1789152217,4,0,0.451,4132147
1789152217,3,0,0.03,4132147
1789152217,2,0,0.002,4132147
1789152217,7,0,0.189,4132147
1789152217,6,0,0.004,4132147
1789152217,3,0,0.069,4132147
1789152218,4,0,0.866,4132147
1789152220,5,0,2.233,4132147
1789152221,4,0,0.248,4132147
1789152221,3,0,0.012,4132147
1789152221,3,0,0.049,4132147
1789152221,6,0,0.009,4132147
1789152221,1,0,0.001,4132147
1789152222,4,0,1.09,4132147
1789152222,3,0,0.017,4132147
1789152222,4,0,0.752,4132147
1789152222,2,0,0.002,4132147
1789152222,3,0,0.003,4132147
1789152222,3,0,0.009,4132147
1789152222,0,0,0.011,4132147
1789152222,3,0,0.008,4132147
1789152222,6,0,0.005,4132147
1789152222,6,0,0.008,4132147
1789152226,5,0,3.778,4132147
1789152227,4,0,0.342,4132147
1789152227,2,0,0.004,4132147
1789152227,0,0,0.006,4132147
1789152227,1,0,0,4132147
1789152227,0,0,0.01,4132147
1789152227,3,0,0.009,4132147
1789152227,0,0,0.005,4132147
1789152227,4,0,0.512,4132147
1789152227,0,0,0.005,4132147
1789152228,7,0,0.397,4132147
1789152228,3,0,0.003,4132147
1789152228,0,0,0.013,4132147
1789152228,4,0,0.572,4132147
1789152229,4,0,0.56,4132147
1789152229,0,0,0.013,4132147
1789152230,4,0,0.895,4132147
1789152230,2,0,0.707,4132147
1789152235,5,0,4.792,4132147
1789152235,3,0,0.076,4132147
1789152235,3,0,0.08,4132147
1789152235,3,0,0.018,4132147
1789152235,0,0,0.014,4132147
1789152236,5,0,0.373,4132147
1789152236,3,0,0.062,4132147
1789152237,4,0,1.263,4132147
1789152237,4,0,0.407,4132147
1789152238,4,0,0.779,4132147
1789152239,4,0,1.16,4132147
1789152239,2,0,0.002,4132147
1789152239,3,0,0.037,4132147
1789152245,5,0,5.369,4132147
1789152245,3,0,0.068,4132147
1789152245,4,0,0.246,4132147
1789152245,1,0,0.001,4132147
1789152245,6,0,0.007,4132147
1789152251,5,0,5.909,4132147
1789152252,4,0,0.585,4132147
1789152252,0,0,0.006,4132147
1789152252,6,0,0.007,4132147
1789152252,4,0,0.473,4132147
1789152252,2,0,0.35,4132147
1789152252,0,0,0.012,4132147
1789152252,0,0,0.01,4132147
1789152253,5,0,0.386,4132147
1789152254,4,0,0.741,4132147
1789152254,3,0,0.117,4132147
1789152254,0,0,0.007,4132147
1789152254,4,0,0.274,4132147
1789152255,4,0,0.577,4132147
1789152255,3,0,0.054,4132147
1789152255,6,0,0.009,4132147
1789152255,7,0,0.296,4132147
1789152255,3,0,0.12,4132147
1789152255,0,0,0.008,4132147
1789152256,4,0,0.887,4132147
1789152257,2,0,1.043,4132147
1789152257,3,0,0.004,4132147
1789152257,6,0,0.012,4132147
1789152257,3,0,0.005,4132147
1789152257,2,0,0.408,4132147
1789152257,0,0,0.01,4132147
1789152257,6,0,0.004,4132147
1789152257,3,0,0.03,4132147
1789152258,4,0,0.556,4132147
1789152258,2,0,0.435,4132147
1789152258,6,0,0.005,4132147
1789152258,3,0,0.018,4132147
1789152259,3,0,0.096,4132147
1789152259,4,0,0.388,4132147
1789152261,2,0,2.124,4132147
1789152261,3,0,0.042,4132147
1789152261,1,0,0.001,4132147
1789152261,6,0,0.004,4132147
1789152261,2,0,0.002,4132147
1789152262,4,0,0.878,4132147
1789152262,4,0,0.511,4132147
1789152263,4,0,0.465,4132147
1789152263,1,0,0.002,4132147
1789152263,3,0,0.008,4132147
1789152263,3,0,0.067,4132147
1789152263,1,0,0.001,4132147
1789152263,3,0,0.007,4132147
1789152263,4,0,0.437,4132147
1789152263,2,0,0.005,4132147
1789152263,1,0,0.001,4132147
1789152263,0,0,0.004,4132147
1789152263,2,0,0.003,4132147
1789152264,0,0,0.048,4132147
1789152267,7,0,3.628,4132147
1789152267,3,0,0.049,4132147
1789152267,0,0,0.007,4132147
1789152267,0,0,0.006,4132147
1789152267,6,0,0.006,4132147
1789152268,7,0,0.593,4132147
1789152269,4,0,1.146,4132147
1789152269,0,0,0.004,4132147
1789152269,2,0,0.164,4132147
1789152269,3,0,0.074,4132147
1789152269,2,0,0.002,4132147
1789152270,4,0,0.305,4132147
1789152270,1,0,0.001,4132147
1789152270,6,0,0.005,4132147
1789152270,6,0,0.02,4132147
1789152270,0,0,0.014,4132147
1789152270,6,0,0.005,4132147
1789152270,3,0,0.098,4132147
1789152270,1,0,0.001,4132147
1789152270,3,0,0.067,4132147
1789152270,2,0,0.408,4132147
1789152270,3,0,0.081,4132147
1789152270,0,0,0.004,4132147
1789152271,4,0,1.231,4132147
1789152273,2,0,2.02,4132147
1789152273,2,0,0.002,4132147
1789152273,0,0,0.003,4132147
1789152274,7,0,0.695,4132147
1789152274,3,0,0.113,4132147
1789152274,5,0,0.136,4132147
1789152279,7,0,4.104,4132147
1789152279,4,0,0.628,4132147
1789152279,3,0,0.01,4132147
1789152279,1,0,0.001,4132147
1789152279,2,0,0.001,4132147
1789152279,2,0,0.002,4132147
1789152279,0,0,0.002,4132147
1789152279,3,0,0.186,4132147
1789152280,4,0,0.497,4132147
1789152280,0,0,0.01,4132147
1789152280,0,0,0.006,4132147
1789152280,1,0,0.001,4132147
1789152280,7,0,0.158,4132147
1789152280,2,0,0.281,4132147
1789152280,6,0,0.019,4132147
1789152281,4,0,0.649,4132147
1789152281,0,0,0.006,4132147
1789152281,0,0,0.004,4132147
1789152281,6,0,0.004,4132147
1789152281,0,0,0.004,4132147
1789152281,0,0,0.005,4132147
1789152281,6,0,0.006,4132147
1789152282,2,0,0.804,4132147
1789152282,3,0,0.014,4132147
1789152282,0,0,0.005,4132147
1789152282,6,0,0.007,4132147
1789152282,6,0,0.003,4132147
1789152282,4,0,0.325,4132147
1789152282,0,0,0.008,4132147
1789152282,2,0,0.003,4132147
1789152282,0,0,0.013,4132147
1789152283,2,0,0.352,4132147
1789152283,2,0,0.003,4132147
1789152283,4,0,0.391,4132147
1789152283,3,0,0.004,4132147
1789152284,4,0,0.753,4132147
1789152284,4,0,0.722,4132147
1789152285,2,0,0.397,4132147
1789152285,0,0,0.004,4132147
1789152285,6,0,0.007,4132147
1789152286,2,0,1.157,4132147
1789152286,0,0,0.006,4132147
1789152286,0,0,0.009,4132147
1789152286,6,0,0.005,4132147
1789152287,5,0,0.5,4132147
1789152287,4,0,0.909,4132147
1789152287,2,0,0.002,4132147
1789152287,3,0,0.004,4132147
1789152287,0,0,0.006,4132147
1789152287,6,0,0.01,4132147
1789152288,3,0,0.199,4132147
1789152288,5,0,0.115,4132147
1789152288,0,0,0.004,4132147
1789152290,4,0,2.082,4132147
1789152291,2,0,0.887,4132147
1789152291,6,0,0.005,4132147
1789152291,1,0,0.001,4132147
1789152291,2,0,0.002,4132147
1789152291,3,0,0.149,4132147
1789152291,1,0,0.001,4132147
1789152291,4,0,0.342,4132147
1789152292,4,0,0.798,4132147
1789152292,6,0,0.007,4132147
1789152293,4,0,0.709,4132147
1789152293,4,0,0.677,4132147
1789152293,3,0,0.024,4132147
1789152294,2,0,0.393,4132147
1789152294,1,0,0.001,4132147
1789152294,3,0,0.031,4132147
1789152294,3,0,0.07,4132147
1789152294,2,0,0.002,4132147
1789152294,3,0,0.079,4132147
1789152295,4,0,1.43,4132147
1789152296,4,0,0.562,4132147
1789152296,4,0,0.442,4132147
1789152297,2,0,0.5,4132147
1789152299,4,0,1.557,4132147
1789152299,3,0,0.073,4132147
1789152299,5,0,0.1,4132147
1789152299,3,0,0.038,4132147
1789152299,0,0,0.004,4132147
1789152299,4,0,0.36,4132147
1789152303,5,0,3.423,4132147
1789152303,4,0,0.691,4132147
1789152303,0,0,0.009,4132147
1789152303,0,0,0.007,4132147
1789152304,4,0,0.481,4132147
1789152304,2,0,0.002,4132147
1789152304,6,0,0.006,4132147
1789152304,2,0,0.673,4132147
1789152304,3,0,0.012,4132147
1789152305,4,0,0.599,4132147
1789152305,0,0,0.014,4132147
1789152306,5,0,0.546,4132147
1789152306,1,0,0.001,4132147
1789152307,2,0,0.959,4132147
1789152307,5,0,0.516,4132147
1789152307,6,0,0.006,4132147
1789152307,2,0,0.279,4132147
1789152307,1,0,0.001,4132147
1789152308,4,0,0.569,4132147
1789152308,3,0,0.006,4132147
1789152308,1,0,0.001,4132147
1789152308,0,0,0.008,4132147
1789152311,5,0,3.597,4132147
1789152312,3,0,0.05,4132147
1789152312,3,0,0.014,4132147
1789152313,4,0,1.471,4132147
1789152313,1,0,0.001,4132147
1789152313,3,0,0.001,4132147
1789152313,3,0,0.006,4132147
1789152315,4,0,1.547,4132147
1789152315,4,0,0.345,4132147
1789152315,4,0,0.537,4132147
1789152316,4,0,0.974,4132147
1789152316,0,0,0.03,4132147
1789152316,0,0,0.012,4132147
1789152317,2,0,0.39,4132147
1789152317,3,0,0.126,4132147
1789152317,3,0,0.082,4132147
1789152317,3,0,0.117,4132147
1789152317,3,0,0.044,4132147
1789152317,0,0,0.013,4132147
1789152317,2,0,0.001,4132147
1789152317,1,0,0.001,4132147
1789152317,3,0,0.052,4132147
1789152317,0,0,0.017,4132147
1789152318,4,0,0.694,4132147
1789152318,0,0,0.007,4132147
1789152318,5,0,0.134,4132147
1789152318,6,0,0.005,4132147
1789152318,3,0,0.115,4132147
1789152318,0,0,0.005,4132147
1789152318,6,0,0.006,4132147
1789152318,5,0,0.171,4132147
1789152319,2,0,1.036,4132147
1789152320,3,0,0.066,4132147
1789152321,2,0,1.066,4132147
1789152321,0,0,0.012,4132147
1789152321,5,0,0.458,4132147
1789152321,4,0,0.359,4132147
1789152322,4,0,0.133,4132147
1789152322,6,0,0.006,4132147
1789152322,7,0,0.332,4132147
1789152323,4,0,0.819,4132147
1789152323,7,0,0.224,4132147
1789152323,0,0,0.003,4132147
1789152323,3,0,0.011,4132147
1789152323,2,0,0.381,4132147
1789152323,0,0,0.006,4132147
1789152324,2,0,1.012,4132147
1789152324,6,0,0.009,4132147
1789152324,3,0,0.021,4132147
1789152325,5,0,0.108,4132147
1789152325,0,0,0.004,4132147
1789152325,1,0,0.002,4132147
1789152326,4,0,1.178,4132147
1789152326,3,0,0.163,4132147
1789152330,7,0,3.9,4132147
1789152330,3,0,0.196,4132147
1789152330,1,0,0.001,4132147
1789152331,4,0,0.909,4132147
1789152331,3,0,0.004,4132147
1789152331,6,0,0.009,4132147
1789152331,0,0,0.008,4132147
1789152332,4,0,0.623,4132147
1789152332,4,0,0.283,4132147
1789152332,6,0,0.004,4132147
1789152332,3,0,0.008,4132147
1789152332,4,0,0.412,4132147
1789152332,3,0,0.005,4132147
1789152333,2,0,0.45,4132147
1789152333,2,0,0.25,4132147
1789152333,6,0,0.007,4132147
1789152333,2,0,0,4132147
1789152333,3,0,0.045,4132147
1789152333,3,0,0.049,4132147
1789152333,5,0,0.096,4132147
1789152334,7,0,0.614,4132147
1789152334,4,0,0.652,4132147
1789152334,3,0,0.003,4132147
1789152334,6,0,0.004,4132147
1789152335,7,0,0.509,4132147
1789152335,0,0,0.004,4132147
1789152336,4,0,0.999,4132147
1789152336,3,0,0.053,4132147
1789152336,3,0,0.051,4132147
1789152336,6,0,0.003,4132147
1789152336,6,0,0.007,4132147
1789152336,3,0,0.008,4132147
1789152336,5,0,0.129,4132147
1789152340,5,0,4.169,4132147
1789152340,3,0,0.005,4132147
1789152340,6,0,0.009,4132147
1789152340,2,0,0.001,4132147
1789152340,0,0,0.006,4132147
1789152340,3,0,0.009,4132147
1789152341,2,0,0.515,4132147
1789152341,1,0,0.001,4132147
1789152341,0,0,0.017,4132147
1789152341,0,0,0.009,4132147
1789152341,6,0,0.006,4132147
1789152341,6,0,0.005,4132147
1789152341,0,0,0.01,4132147
1789152341,3,0,0.003,4132147
1789152341,6,0,0.01,4132147
1789152341,0,0,0.016,4132147
1789152341,0,0,0.014,4132147
1789152342,4,0,0.953,4132147
1789152343,2,0,0.746,4132147
1789152343,3,0,0.124,4132147
1789152343,2,0,0.547,4132147
1789152343,3,0,0.087,4132147
1789152344,5,0,0.342,4132147
1789152344,2,0,0.435,4132147
1789152344,3,0,0.084,4132147
1789152345,4,0,0.451,4132147
1789152345,3,0,0.093,4132147
1789152345,3,0,0.003,4132147
1789152345,3,0,0.06,4132147
1789152346,2,0,1.046,4132147
1789152346,3,0,0.15,4132147
1789152346,6,0,0.005,4132147
1789152346,3,0,0.102,4132147
1789152346,2,0,0.002,4132147
1789152347,2,0,0.529,4132147
1789152347,6,0,0.007,4132147
1789152347,6,0,0.008,4132147
1789152348,4,0,1.506,4132147
1789152348,0,0,0.019,4132147
1789152349,5,0,0.764,4132147
1789152352,5,0,3.333,4132147
1789152352,0,0,0.013,4132147
1789152353,4,0,0.239,4132147
1789152353,6,0,0.009,4132147
1789152353,4,0,0.282,4132147
1789152353,2,0,0.001,4132147
1789152353,3,0,0.052,4132147
1789152353,3,0,0.095,4132147
1789152353,3,0,0.022,4132147
1789152357,7,0,3.554,4132147
1789152357,4,0,0.298,4132147
1789152357,1,0,0.001,4132147
1789152357,3,0,0.063,4132147
1789152357,5,0,0.137,4132147
1789152357,3,0,0.055,4132147
1789152357,0,0,0.004,4132147
1789152357,0,0,0.009,4132147
1789152357,6,0,0.006,4132147
1789152358,4,0,0.606,4132147
1789152358,4,0,0.247,4132147
1789152359,5,0,0.846,4132147
1789152359,0,0,0.006,4132147
1789152359,1,0,0.001,4132147
1789152359,0,0,0.026,4132147
1789152359,2,0,0.001,4132147
1789152359,5,0,0.2,4132147
1789152360,4,0,1.027,4132147
1789152360,3,0,0.003,4132147
1789152360,6,0,0.007,4132147
1789152361,4,0,0.909,4132147
1789152361,2,0,0.003,4132147
1789152361,3,0,0.081,4132147
1789152365,5,0,3.69,4132147
1789152365,0,0,0.008,4132147
1789152365,6,0,0.006,4132147
1789152365,3,0,0.055,4132147
1789152365,2,0,0.002,4132147
1789152365,5,0,0.114,4132147
1789152365,2,0,0.003,4132147
1789152365,2,0,0.001,4132147
1789152365,4,0,0.29,4132147
1789152365,3,0,0.007,4132147
1789152365,0,0,0.008,4132147
1789152366,2,0,0.746,4132147
1789152366,6,0,0.064,4132147
1789152366,3,0,0.159,4132147
1789152366,6,0,0.013,4132147
1789152368,4,0,1.266,4132147
1789152368,0,0,0.017,4132147
1789152371,5,0,3.728,4132147
1789152372,2,0,0.64,4132147
1789152372,3,0,0.05,4132147
1789152372,6,0,0.005,4132147
1789152373,2,0,0.637,4132147
1789152373,3,0,0.03,4132147
1789152373,3,0,0.006,4132147
1789152373,2,0,0.002,4132147
1789152373,5,0,0.505,4132147
1789152374,4,0,0.875,4132147
1789152374,3,0,0.173,4132147
1789152374,3,0,0.079,4132147
1789152374,6,0,0.014,4132147
1789152374,0,0,0.005,4132147
1789152374,6,0,0.02,4132147
1789152374,2,0,0.004,4132147
1789152375,5,0,0.284,4132147
1789152375,2,0,0.001,4132147
1789152380,5,0,5.607,4132147
1789152381,4,0,0.413,4132147
1789152381,1,0,0.001,4132147
1789152381,1,0,0.001,4132147
1789152381,6,0,0.005,4132147
1789152385,5,0,3.991,4132147
1789152385,4,0,0.521,4132147
1789152386,4,0,0.459,4132147
1789152386,4,0,0.673,4132147
1789152386,0,0,0.009,4132147
1789152387,4,0,0.663,4132147
1789152387,1,0,0.003,4132147
1789152387,6,0,0.008,4132147
1789152387,4,0,0.457,4132147
1789152388,3,0,0.016,4132147
1789152388,3,0,0.087,4132147
1789152388,4,0,0.407,4132147
1789152389,7,0,0.575,4132147
1789152389,1,0,0.001,4132147
1789152389,6,0,0.01,4132147
1789152389,2,0,0.641,4132147
1789152389,3,0,0.013,4132147
1789152389,0,0,0.005,4132147
1789152390,5,0,0.487,4132147
1789152390,5,0,0.104,4132147
1789152393,5,0,3.526,4132147
1789152394,7,0,0.295,4132147
1789152394,0,0,0.012,4132147
1789152394,5,0,0.518,4132147
1789152394,3,0,0.008,4132147
1789152394,3,0,0.008,4132147
1789152394,0,0,0.016,4132147
1789152394,2,0,0.001,4132147
1789152395,4,0,0.472,4132147
1789152395,5,0,0.43,4132147
1789152395,0,0,0.006,4132147
1789152397,2,0,2.197,4132147
1789152397,0,0,0.005,4132147
1789152397,2,0,0.001,4132147
1789152397,2,0,0.003,4132147
1789152397,3,0,0.055,4132147
1789152397,1,0,0.001,4132147
1789152398,4,0,0.265,4132147
1789152398,6,0,0.004,4132147
1789152398,5,0,0.106,4132147
1789152398,3,0,0.038,4132147
1789152398,2,0,0.453,4132147
1789152398,2,0,0.002,4132147
1789152398,3,0,0.089,4132147
1789152398,3,0,0.018,4132147
1789152399,4,0,0.679,4132147
1789152399,4,0,0.284,4132147
1789152400,2,0,0.776,4132147
1789152400,2,0,0.001,4132147
1789152400,6,0,0.006,4132147
1789152400,5,0,0.099,4132147
1789152400,3,0,0.005,4132147
1789152400,6,0,0.008,4132147
1789152401,4,0,0.3,4132147
1789152401,3,0,0.015,4132147
1789152401,6,0,0.018,4132147
1789152401,4,0,0.635,4132147
1789152402,4,0,1.204,4132147
1789152403,2,0,0.44,4132147
1789152407,7,0,3.668,4132147
1789152407,4,0,0.224,4132147
1789152407,2,0,0.001,4132147
1789152407,4,0,0.383,4132147
1789152407,6,0,0.018,4132147
1789152407,1,0,0.001,4132147
1789152407,1,0,0.001,4132147
1789152407,0,0,0.002,4132147
1789152407,1,0,0.001,4132147
1789152408,2,0,0.605,4132147
1789152408,4,0,0.478,4132147
1789152408,3,0,0.004,4132147
1789152408,1,0,0.002,4132147
1789152408,3,0,0.026,4132147
1789152408,6,0,0.009,4132147
1789152408,5,0,0.109,4132147
1789152408,3,0,0.058,4132147
1789152409,4,0,0.719,4132147
1789152409,6,0,0.007,4132147
1789152409,0,0,0.027,4132147
1789152409,3,0,0.106,4132147
1789152409,6,0,0.008,4132147
1789152410,4,0,0.388,4132147
1789152410,6,0,0.01,4132147
1789152410,0,0,0.046,4132147
1789152410,3,0,0.111,4132147
1789152411,4,0,1.519,4132147
1789152411,6,0,0.005,4132147
1789152411,6,0,0.005,4132147
1789152411,0,0,0.018,4132147
1789152412,4,0,0.768,4132147
1789152412,5,0,0.103,4132147
1789152412,2,0,0.001,4132147
1789152413,2,0,0.447,4132147
1789152413,1,0,0.001,4132147
1789152413,3,0,0.006,4132147
1789152414,4,0,0.78,4132147
1789152414,0,0,0.006,4132147
1789152414,4,0,0.605,4132147
1789152415,2,0,0.468,4132147
1789152415,0,0,0.005,4132147
1789152415,4,0,0.299,4132147
1789152415,5,0,0.394,4132147
1789152416,4,0,0.389,4132147
1789152416,5,0,0.706,4132147
1789152417,3,0,0.132,4132147
1789152417,3,0,0.004,4132147
1789152417,0,0,0.013,4132147
1789152417,3,0,0.018,4132147
1789152417,5,0,0.532,4132147
1789152417,6,0,0.005,4132147
1789152417,3,0,0.02,4132147
1789152417,2,0,0.003,4132147
1789152417,2,0,0.004,4132147
1789152417,3,0,0.006,4132147
1789152417,3,0,0.058,4132147
1789152417,2,0,0.002,4132147
1789152418,4,0,0.727,4132147
1789152418,4,0,0.25,4132147
1789152419,5,0,0.808,4132147
1789152419,6,0,0.008,4132147
1789152420,4,0,0.63,4132147
1789152420,2,0,0.002,4132147
1789152420,5,0,0.854,4132147
1789152420,0,0,0.004,4132147
1789152420,0,0,0.002,4132147
1789152421,3,0,0.074,4132147
1789152421,3,0,0.034,4132147
1789152421,4,0,0.254,4132147
1789152421,6,0,0.007,4132147
1789152422,2,0,0.91,4132147
1789152422,2,0,0.583,4132147
1789152422,3,0,0.019,4132147
1789152424,4,0,1.591,4132147
1789152425,4,0,1.191,4132147
1789152425,5,0,0.133,4132147
1789152425,3,0,0.011,4132147
1789152425,2,0,0.006,4132147
1789152426,4,0,0.8,4132147
1789152426,3,0,0.045,4132147
1789152426,3,0,0.031,4132147
1789152426,3,0,0.034,4132147
1789152427,4,0,0.39,4132147
1789152427,5,0,0.231,4132147
1789152427,1,0,0.001,4132147
1789152428,4,0,1.28,4132147
1789152429,4,0,0.551,4132147
1789152429,6,0,0.01,4132147
1789152432,5,0,3.678,4132147
1789152433,4,0,0.888,4132147
1789152433,6,0,0.008,4132147
1789152433,0,0,0.004,4132147
1789152434,2,0,0.654,4132147
1789152434,2,0,0.001,4132147
1789152434,1,0,0.001,4132147
1789152434,3,0,0.086,4132147
1789152434,2,0,0.442,4132147
1789152435,2,0,0.469,4132147
1789152435,3,0,0.055,4132147
1789152435,0,0,0.006,4132147
1789152435,0,0,0.013,4132147
1789152435,4,0,0.32,4132147
1789152436,4,0,0.311,4132147
1789152436,6,0,0.035,4132147
1789152436,3,0,0.13,4132147
1789152436,0,0,0.008,4132147
1789152436,5,0,0.616,4132147
1789152437,4,0,0.369,4132147
1789152437,2,0,0.004,4132147
1789152437,3,0,0.073,4132147
1789152437,2,0,0.002,4132147
1789152437,4,0,0.241,4132147
1789152437,6,0,0.006,4132147
1789152437,5,0,0.163,4132147
1789152438,4,0,0.693,4132147
1789152438,3,0,0.15,4132147
1789152439,4,0,0.877,4132147
1789152443,5,0,4.182,4132147
1789152443,6,0,0.007,4132147
1789152444,4,0,0.517,4132147
1789152444,3,0,0.033,4132147
1789152445,5,0,1.036,4132147
1789152445,6,0,0.006,4132147
1789152445,1,0,0.002,4132147
1789152445,2,0,0.208,4132147
1789152445,4,0,0.152,4132147
1789152446,4,0,0.552,4132147
1789152446,2,0,0.002,4132147
1789152446,3,0,0.004,4132147
1789152446,6,0,0.006,4132147
1789152446,2,0,0.344,4132147
1789152448,4,0,2.089,4132147
1789152448,5,0,0.164,4132147
1789152448,2,0,0.008,4132147
1789152448,6,0,0.007,4132147
1789152448,3,0,0.053,4132147
1789152448,6,0,0.01,4132147
1789152452,5,0,3.814,4132147
1789152452,0,0,0.005,4132147
1789152452,6,0,0.006,4132147
1789152453,4,0,0.585,4132147
1789152453,0,0,0.009,4132147
1789152453,1,0,0.001,4132147
1789152453,2,0,0.002,4132147
1789152453,3,0,0.043,4132147
1789152453,3,0,0.07,4132147
1789152453,0,0,0.008,4132147
1789152454,2,0,0.756,4132147
1789152454,0,0,0.007,4132147
1789152455,4,0,1.127,4132147
1789152455,1,0,0.001,4132147
1789152459,5,0,4.05,4132147
1789152459,4,0,0.401,4132147
1789152459,0,0,0.013,4132147
1789152460,4,0,1.01,4132147
1789152460,0,0,0.007,4132147
1789152460,0,0,0.003,4132147
1789152461,4,0,0.601,4132147
1789152461,0,0,0.007,4132147
1789152461,5,0,0.527,4132147
1789152463,5,0,1.234,4132147
1789152463,1,0,0.002,4132147
1789152463,0,0,0.002,4132147
1789152463,0,0,0.008,4132147
1789152463,4,0,0.55,4132147
1789152464,5,0,1.101,4132147
1789152468,5,0,3.949,4132147
1789152469,4,0,0.538,4132147
1789152469,6,0,0.005,4132147
1789152469,0,0,0.008,4132147
1789152469,6,0,0.005,4132147
1789152469,3,0,0.006,4132147
1789152469,7,0,0.604,4132147
1789152470,4,0,0.952,4132147
1789152471,2,0,0.345,4132147
1789152471,4,0,0.223,4132147
1789152472,4,0,1.518,4132147
1789152472,3,0,0.026,4132147
1789152473,7,0,0.604,4132147
1789152473,2,0,0.002,4132147
1789152474,2,0,0.555,4132147
1789152474,6,0,0.007,4132147
1789152474,5,0,0.111,4132147
1789152474,0,0,0.008,4132147
1789152474,4,0,0.283,4132147
1789152475,4,0,0.499,4132147
1789152475,3,0,0.052,4132147
1789152475,4,0,0.823,4132147
1789152475,1,0,0.001,4132147
1789152476,3,0,0.101,4132147
1789152476,0,0,0.006,4132147
1789152476,2,0,0.002,4132147
1789152476,1,0,0.001,4132147
1789152477,4,0,1.079,4132147
1789152477,6,0,0.007,4132147
1789152477,3,0,0.008,4132147
1789152477,0,0,0.006,4132147
1789152477,4,0,0.504,4132147
1789152478,4,0,0.647,4132147
1789152478,0,0,0.007,4132147
1789152478,1,0,0.001,4132147
1789152478,6,0,0.005,4132147
1789152478,6,0,0.005,4132147
1789152478,4,0,0.659,4132147
1789152478,6,0,0.005,4132147
1789152479,3,0,0.064,4132147
1789152479,4,0,0.34,4132147
1789152479,3,0,0.066,4132147
1789152479,2,0,0.003,4132147
1789152480,5,0,0.657,4132147
1789152481,5,0,1.035,4132147
1789152481,0,0,0.007,4132147
1789152481,6,0,0.003,4132147
1789152481,5,0,0.448,4132147
1789152482,4,0,0.726,4132147
1789152482,1,0,0.001,4132147
1789152482,3,0,0.007,4132147
1789152486,7,0,3.984,4132147
1789152486,0,0,0.006,4132147
1789152486,2,0,0.003,4132147
1789152486,1,0,0.001,4132147
1789152486,3,0,0.048,4132147
1789152486,2,0,0.483,4132147
1789152486,0,0,0.004,4132147
1789152486,3,0,0.049,4132147
1789152487,4,0,0.425,4132147
1789152487,0,0,0.008,4132147
1789152487,6,0,0.007,4132147
1789152487,0,0,0.009,4132147
1789152487,6,0,0.03,4132147
1789152487,6,0,0.007,4132147
1789152487,2,0,0.003,4132147
1789152487,1,0,0.002,4132147
1789152490,5,0,3.08,4132147
1789152490,2,0,0.006,4132147
1789152490,3,0,0.022,4132147
1789152491,4,0,0.514,4132147
1789152491,3,0,0.007,4132147
1789152495,5,0,4.336,4132147
1789152495,2,0,0.001,4132147
1789152499,5,0,4.134,4132147
1789152499,6,0,0.006,4132147
1789152499,5,0,0.109,4132147
1789152503,5,0,3.851,4132147
1789152505,4,0,1.773,4132147
1789152505,0,0,0.026,4132147
1789152505,3,0,0.034,4132147
1789152505,7,0,0.654,4132147
1789152506,4,0,0.678,4132147
1789152506,6,0,0.008,4132147
1789152506,6,0,0.014,4132147
1789152506,6,0,0.004,4132147
1789152506,6,0,0.004,4132147
1789152506,0,0,0.009,4132147
1789152506,0,0,0.004,4132147
1789152507,4,0,0.542,4132147
1789152507,3,0,0.031,4132147
1789152507,0,0,0.005,4132147
1789152507,0,0,0.002,4132147
1789152507,2,0,0.003,4132147
1789152507,2,0,0.002,4132147
1789152507,5,0,0.104,4132147
1789152507,0,0,0.009,4132147
1789152507,4,0,0.172,4132147
1789152508,2,0,1.042,4132147
1789152508,3,0,0.003,4132147
1789152508,3,0,0.006,4132147
1789152508,5,0,0.101,4132147
1789152508,3,0,0.005,4132147
1789152508,3,0,0.005,4132147
1789152508,2,0,0.002,4132147
1789152508,3,0,0.004,4132147
1789152508,2,0,0.002,4132147
1789152509,4,0,0.523,4132147
1789152509,4,0,0.392,4132147
1789152509,6,0,0.004,4132147
1789152509,6,0,0.004,4132147
1789152510,2,0,0.694,4132147
1789152510,0,0,0.018,4132147
1789152510,3,0,0.008,4132147
1789152510,0,0,0.007,4132147
1789152510,2,0,0.002,4132147
1789152510,3,0,0.032,4132147
1789152511,4,0,0.9,4132147
1789152515,5,0,4.476,4132147
1789152515,1,0,0.002,4132147
1789152515,3,0,0.113,4132147
1789152515,3,0,0.066,4132147
1789152515,3,0,0.005,4132147
1789152515,0,0,0.005,4132147
1789152515,0,0,0.011,4132147
1789152515,6,0,0.007,4132147
1789152516,5,0,0.684,4132147
1789152516,0,0,0.005,4132147
1789152517,4,0,0.883,4132147
1789152517,4,0,0.429,4132147
1789152518,3,0,0.159,4132147
1789152518,2,0,0.516,4132147
1789152518,6,0,0.008,4132147
1789152518,6,0,0.006,4132147
1789152518,2,0,0.007,4132147
1789152518,0,0,0.004,4132147
1789152518,6,0,0.007,4132147
1789152518,0,0,0.005,4132147
1789152518,2,0,0.003,4132147
1789152518,3,0,0.068,4132147
1789152519,2,0,0.407,4132147
1789152519,4,0,0.501,4132147
1789152519,3,0,0.033,4132147
1789152519,2,0,0.001,4132147
1789152519,4,0,0.279,4132147
1789152520,0,0,0.004,4132147
1789152520,6,0,0.006,4132147
1789152520,3,0,0.004,4132147
1789152520,6,0,0.007,4132147
1789152520,3,0,0.008,4132147
1789152520,2,0,0.585,4132147
1789152520,0,0,0.004,4132147
1789152520,0,0,0.017,4132147
1789152520,3,0,0.04,4132147
1789152520,0,0,0.004,4132147
1789152521,4,0,0.729,4132147
1789152521,2,0,0.512,4132147
1789152521,2,0,0.002,4132147
1789152521,0,0,0.002,4132147
1789152521,0,0,0.006,4132147
1789152522,5,0,0.121,4132147
1789152522,3,0,0.06,4132147
1789152522,3,0,0.036,4132147
1789152522,2,0,0.005,4132147
1789152522,3,0,0.004,4132147
1789152522,3,0,0.011,4132147
1789152522,6,0,0.007,4132147
1789152522,6,0,0.009,4132147
1789152522,4,0,0.353,4132147
1789152522,3,0,0.002,4132147
1789152523,4,0,0.489,4132147
1789152523,6,0,0.006,4132147
1789152523,2,0,0.011,4132147
1789152523,0,0,0.005,4132147
1789152523,4,0,0.655,4132147
1789152523,3,0,0.033,4132147
1789152523,2,0,0.001,4132147
1789152524,2,0,0.508,4132147
1789152525,4,0,1.185,4132147
1789152525,2,0,0.486,4132147
1789152525,6,0,0.011,4132147
1789152525,0,0,0.005,4132147
1789152525,0,0,0.013,4132147
1789152531,5,0,5.215,4132147
1789152531,1,0,0.002,4132147
1789152531,2,0,0.778,4132147
1789152532,4,0,0.365,4132147
1789152532,2,0,0.433,4132147
1789152532,0,0,0.004,4132147
1789152532,3,0,0.012,4132147
1789152532,3,0,0.013,4132147
1789152532,0,0,0.008,4132147
1789152533,4,0,0.54,4132147
1789152533,4,0,0.331,4132147
1789152534,2,0,0.546,4132147
1789152534,4,0,0.494,4132147
1789152534,0,0,0.013,4132147
1789152534,2,0,0.002,4132147
1789152535,4,0,0.575,4132147
1789152540,7,0,4.968,4132147
1789152540,3,0,0.06,4132147
1789152540,6,0,0.007,4132147
1789152540,4,0,0.551,4132147
1789152545,5,0,4.139,4132147
1789152545,2,0,0.005,4132147
1789152545,0,0,0.005,4132147
1789152545,1,0,0.001,4132147
1789152548,5,0,3.36,4132147
1789152548,0,0,0.003,4132147
1789152548,3,0,0.081,4132147
1789152549,4,0,1.332,4132147
1789152550,4,0,0.451,4132147
1789152550,3,0,0.028,4132147
1789152550,3,0,0.005,4132147
1789152550,1,0,0.001,4132147
1789152550,0,0,0.004,4132147
1789152551,4,0,0.731,4132147
1789152551,3,0,0.092,4132147
1789152551,3,0,0.147,4132147
1789152551,3,0,0.074,4132147
1789152552,4,0,1.338,4132147
1789152553,4,0,0.388,4132147
1789152553,0,0,0.008,4132147
1789152553,0,0,0.003,4132147
1789152553,6,0,0.005,4132147
1789152553,4,0,0.854,4132147
1789152554,4,0,0.575,4132147
1789152554,1,0,0.001,4132147
1789152554,0,0,0.008,4132147
1789152554,4,0,0.315,4132147
1789152555,2,0,0.9,4132147
1789152556,4,0,0.767,4132147
1789152556,0,0,0.014,4132147
1789152557,5,0,0.862,4132147
1789152557,1,0,0.001,4132147
1789152559,4,0,1.641,4132147
1789152559,4,0,0.573,4132147
1789152559,5,0,0.167,4132147
1789152559,3,0,0.056,4132147
1789152559,6,0,0.005,4132147
1789152559,3,0,0.008,4132147
1789152560,4,0,0.479,4132147
1789152560,3,0,0.058,4132147
1789152561,4,0,0.651,4132147
1789152562,4,0,1.048,4132147
1789152562,0,0,0.004,4132147
1789152562,4,0,0.405,4132147
1789152562,3,0,0.008,4132147
1789152562,2,0,0.346,4132147
1789152562,0,0,0.005,4132147
1789152563,2,0,0.442,4132147
1789152563,1,0,0.002,4132147
1789152563,4,0,0.446,4132147
1789152563,3,0,0.006,4132147
1789152563,6,0,0.006,4132147
1789152563,6,0,0.009,4132147
1789152563,3,0,0.057,4132147
1789152563,0,0,0.011,4132147
1789152563,0,0,0.012,4132147
1789152563,3,0,0.07,4132147
1789152563,6,0,0.005,4132147
1789152563,1,0,0.001,4132147
1789152564,5,0,0.769,4132147
1789152564,2,0,0.25,4132147
1789152564,3,0,0.024,4132147
1789152564,3,0,0.004,4132147
1789152564,2,0,0.002,4132147
1789152564,0,0,0.007,4132147
1789152565,4,0,0.314,4132147
1789152565,6,0,0.005,4132147
1789152565,1,0,0.001,4132147
1789152566,4,0,1.095,4132147
1789152566,0,0,0.013,4132147
1789152566,1,0,0.001,4132147
1789152566,2,0,0.59,4132147
1789152567,5,0,0.688,4132147
1789152568,4,0,0.566,4132147
1789152568,4,0,0.677,4132147
1789152568,3,0,0.06,4132147
1789152568,0,0,0.007,4132147
1789152572,5,0,3.508,4132147
1789152572,4,0,0.5,4132147
1789152572,0,0,0.007,4132147
1789152572,6,0,0.006,4132147
1789152573,3,0,0.056,4132147
1789152573,2,0,0.431,4132147
1789152573,3,0,0.002,4132147
1789152574,5,0,0.547,4132147
1789152574,1,0,0.001,4132147
1789152574,2,0,0.46,4132147
1789152575,4,0,0.666,4132147
1789152575,4,0,0.28,4132147
1789152575,4,0,0.264,4132147
1789152575,0,0,0.017,4132147
1789152575,2,0,0.001,4132147
1789152576,2,0,0.392,4132147
1789152577,4,0,1.137,4132147
1789152577,2,0,0.001,4132147
1789152578,5,0,0.861,4132147
1789152578,4,0,0.694,4132147
1789152578,0,0,0.01,4132147
1789152579,5,0,0.296,4132147
1789152579,2,0,0.003,4132147
1789152579,5,0,0.495,4132147
1789152579,3,0,0.009,4132147
1789152579,3,0,0.005,4132147
1789152580,4,0,0.478,4132147
1789152580,4,0,0.747,4132147
1789152580,1,0,0.002,4132147
1789152580,6,0,0.008,4132147
1789152580,3,0,0.008,4132147
1789152580,5,0,0.136,4132147
1789152581,4,0,0.714,4132147
1789152581,3,0,0.005,4132147
1789152581,0,0,0.011,4132147
1789152581,0,0,0.013,4132147
1789152581,0,0,0.003,4132147
1789152581,3,0,0.049,4132147
1789152585,5,0,4.082,4132147
1789152586,5,0,0.817,4132147
1789152586,3,0,0.006,4132147
1789152586,3,0,0.042,4132147
1789152586,6,0,0.006,4132147
1789152586,3,0,0.003,4132147
1789152586,5,0,0.127,4132147
1789152586,2,0,0.003,4132147
1789152586,6,0,0.005,4132147
1789152586,3,0,0.012,4132147
1789152587,4,0,0.4,4132147
1789152587,3,0,0.043,4132147
1789152587,5,0,0.325,4132147
1789152587,5,0,0.103,4132147
1789152587,0,0,0.007,4132147
1789152588,4,0,0.551,4132147
1789152588,3,0,0.005,4132147
1789152588,3,0,0.158,4132147
1789152589,4,0,0.594,4132147
1789152589,4,0,0.539,4132147
1789152589,1,0,0.001,4132147
1789152593,7,0,3.43,4132147
1789152593,3,0,0.195,4132147
1789152593,2,0,0.642,4132147
1789152593,3,0,0.005,4132147
1789152594,4,0,0.454,4132147
1789152594,5,0,0.113,4132147
1789152594,0,0,0.005,4132147
1789152594,3,0,0.034,4132147
1789152594,2,0,0.001,4132147
1789152594,6,0,0.007,4132147
1789152595,4,0,0.945,4132147
1789152595,2,0,0.001,4132147
1789152595,3,0,0.029,4132147
1789152596,2,0,0.609,4132147
1789152596,3,0,0.046,4132147
1789152596,0,0,0.006,4132147
1789152596,3,0,0.048,4132147
1789152597,4,0,0.955,4132147
1789152597,4,0,0.691,4132147
1789152601,5,0,3.323,4132147
1789152601,1,0,0.001,4132147
1789152601,3,0,0.016,4132147
1789152601,0,0,0.006,4132147
1789152601,4,0,0.49,4132147
1789152601,2,0,0.001,4132147
1789152601,1,0,0.001,4132147
1789152605,5,0,4.132,4132147
1789152606,4,0,0.676,4132147
1789152607,4,0,0.603,4132147
1789152607,1,0,0.001,4132147
1789152607,3,0,0.104,4132147
1789152607,2,0,0.002,4132147
1789152607,0,0,0.014,4132147
1789152607,1,0,0.001,4132147
1789152611,5,0,4.602,4132147
1789152611,3,0,0.109,4132147
1789152612,4,0,0.726,4132147
1789152612,2,0,0.3,4132147
1789152613,4,0,0.417,4132147
1789152613,0,0,0.004,4132147
1789152613,3,0,0.137,4132147
1789152613,6,0,0.006,4132147
1789152613,3,0,0.111,4132147
1789152617,7,0,4.045,4132147
1789152617,3,0,0.098,4132147
1789152617,2,0,0.001,4132147
1789152617,3,0,0.007,4132147
1789152618,2,0,0.368,4132147
1789152618,4,0,0.753,4132147
1789152618,3,0,0.044,4132147
1789152618,3,0,0.053,4132147
1789152619,3,0,0.028,4132147
1789152619,3,0,0.048,4132147
1789152619,0,0,0.006,4132147
1789152619,0,0,0.006,4132147
1789152619,2,0,0.477,4132147
1789152619,2,0,0.002,4132147
1789152619,4,0,0.298,4132147
1789152619,6,0,0.009,4132147
1789152619,0,0,0.004,4132147
1789152619,6,0,0.005,4132147
1789152619,3,0,0.003,4132147
1789152620,2,0,0.593,4132147
1789152620,3,0,0.014,4132147
1789152620,2,0,0.002,4132147
1789152620,6,0,0.004,4132147
1789152620,0,0,0.009,4132147
1789152620,4,0,0.313,4132147
1789152620,3,0,0.087,4132147
1789152620,0,0,0.014,4132147
1789152621,4,0,0.872,4132147
1789152621,6,0,0.012,4132147
1789152621,5,0,0.124,4132147
1789152622,5,0,0.532,4132147
1789152622,0,0,0.005,4132147
1789152622,4,0,0.438,4132147
1789152623,2,0,0.929,4132147
1789152623,3,0,0.043,4132147
1789152623,3,0,0.036,4132147
1789152624,3,0,0.097,4132147
1789152624,3,0,0.003,4132147
1789152624,1,0,0.002,4132147
1789152624,2,0,0.002,4132147
1789152624,4,0,0.355,4132147
1789152624,2,0,0.004,4132147
1789152624,4,0,0.482,4132147
1789152626,2,0,1.407,4132147
1789152626,1,0,0.001,4132147
1789152626,3,0,0.061,4132147
1789152631,7,0,5.039,4132147
1789152631,4,0,0.58,4132147
1789152632,5,0,1.006,4132147
1789152632,0,0,0.002,4132147
1789152633,4,0,0.527,4132147
1789152633,3,0,0.033,4132147
1789152634,4,0,0.793,4132147
1789152634,3,0,0.022,4132147
1789152634,6,0,0.014,4132147
1789152634,0,0,0.004,4132147
1789152634,3,0,0.118,4132147
1789152634,0,0,0.019,4132147
1789152634,7,0,0.147,4132147
1789152634,6,0,0.004,4132147
1789152634,6,0,0.008,4132147
1789152634,1,0,0.001,4132147
1789152635,4,0,1.229,4132147
1789152635,3,0,0.035,4132147
1789152636,4,0,0.442,4132147
1789152636,4,0,0.585,4132147
1789152636,0,0,0.005,4132147
1789152636,1,0,0.001,4132147
1789152636,3,0,0.062,4132147
1789152637,6,0,0.005,4132147
1789152637,5,0,0.283,4132147
1789152637,2,0,0.001,4132147
1789152637,6,0,0.004,4132147
1789152641,7,0,3.8,4132147
1789152642,4,0,1.588,4132147
1789152643,4,0,0.358,4132147
1789152643,1,0,0.001,4132147
1789152643,3,0,0.052,4132147
1789152643,0,0,0.004,4132147
1789152643,0,0,0.015,4132147
1789152644,5,0,1.112,4132147
1789152645,2,0,0.844,4132147
1789152645,0,0,0.008,4132147
1789152645,0,0,0.003,4132147
1789152647,5,0,2.498,4132147
1789152647,6,0,0.006,4132147
1789152648,2,0,1.04,4132147
1789152653,5,0,4.914,4132147
1789152654,4,0,0.519,4132147
1789152654,6,0,0.019,4132147
1789152654,6,0,0.003,4132147
1789152654,3,0,0.015,4132147
1789152654,2,0,0.002,4132147
1789152654,4,0,0.723,4132147
1789152655,4,0,0.875,4132147
1789152656,2,0,0.529,4132147
1789152658,2,0,1.949,4132147
1789152658,0,0,0.003,4132147
1789152658,0,0,0.004,4132147
1789152658,0,0,0.005,4132147
1789152658,3,0,0.064,4132147
1789152658,3,0,0.002,4132147
1789152658,7,0,0.621,4132147
1789152658,2,0,0.004,4132147
1789152658,3,0,0.01,4132147
1789152659,2,0,0.46,4132147
1789152659,4,0,0.627,4132147
1789152660,4,0,0.421,4132147
1789152661,5,0,0.784,4132147
1789152661,2,0,0.002,4132147
1789152661,2,0,0.004,4132147
1789152662,4,0,1.691,4132147
1789152663,5,0,0.422,4132147
1789152663,6,0,0.004,4132147
1789152663,3,0,0.003,4132147
1789152663,2,0,0.544,4132147
1789152664,2,0,0.618,4132147
1789152664,7,0,0.158,4132147
1789152664,6,0,0.007,4132147
1789152664,2,0,0.003,4132147
1789152664,3,0,0.046,4132147
1789152664,0,0,0.016,4132147
1789152664,3,0,0.045,4132147
1789152664,3,0,0.05,4132147
1789152664,3,0,0.07,4132147
1789152664,3,0,0.005,4132147
1789152664,3,0,0.006,4132147
1789152665,4,0,0.773,4132147
1789152665,6,0,0.006,4132147
1789152669,5,0,3.44,4132147
1789152669,0,0,0.003,4132147
1789152669,3,0,0.051,4132147
1789152669,1,0,0.002,4132147
1789152669,0,0,0.004,4132147
1789152669,1,0,0.001,4132147
1789152669,4,0,0.274,4132147
1789152669,2,0,0.005,4132147
1789152669,0,0,0.007,4132147
1789152669,3,0,0.044,4132147
1789152670,4,0,0.626,4132147
1789152671,4,0,1.695,4132147
1789152671,2,0,0.004,4132147
1789152671,3,0,0.093,4132147
1789152673,4,0,1.336,4132147
1789152673,4,0,0.376,4132147
1789152673,0,0,0.003,4132147
1789152673,6,0,0.005,4132147
1789152674,5,0,0.688,4132147
1789152675,5,0,1.21,4132147
1789152676,4,0,0.64,4132147
1789152676,2,0,0.549,4132147
1789152676,2,0,0.002,4132147
1789152676,0,0,0.005,4132147
1789152677,5,0,0.588,4132147
1789152677,7,0,0.179,4132147
1789152677,4,0,0.378,4132147
1789152677,1,0,0.001,4132147
1789152677,0,0,0.004,4132147
1789152678,4,0,0.888,4132147
1789152679,4,0,0.397,4132147
1789152679,3,0,0.109,4132147
1789152679,0,0,0.011,4132147
1789152679,4,0,0.624,4132147
1789152680,4,0,0.41,4132147
1789152680,0,0,0.01,4132147
1789152680,3,0,0.052,4132147
1789152680,6,0,0.007,4132147
1789152680,5,0,0.608,4132147
1789152681,4,0,0.764,4132147
1789152681,3,0,0.01,4132147
1789152681,2,0,0.002,4132147
1789152682,2,0,0.55,4132147
1789152682,0,0,0.006,4132147
1789152682,6,0,0.004,4132147
1789152682,5,0,0.131,4132147
1789152682,6,0,0.004,4132147
1789152682,0,0,0.006,4132147
1789152682,4,0,0.263,4132147
1789152682,1,0,0.002,4132147
1789152682,1,0,0.001,4132147
1789152683,4,0,0.33,4132147
1789152683,4,0,0.536,4132147
1789152683,6,0,0.012,4132147
1789152683,3,0,0.021,4132147
1789152683,0,0,0.011,4132147
1789152683,0,0,0.007,4132147
1789152683,1,0,0.001,4132147
1789152683,0,0,0.005,4132147
1789152684,4,0,0.681,4132147
1789152684,3,0,0.013,4132147
1789152684,1,0,0.002,4132147
1789152685,4,0,0.79,4132147
1789152685,3,0,0.091,4132147
1789152685,2,0,0.723,4132147
1789152685,3,0,0.002,4132147
1789152686,2,0,0.671,4132147
1789152686,0,0,0.029,4132147
1789152687,4,0,0.917,4132147
1789152687,3,0,0.023,4132147
1789152687,3,0,0.034,4132147
1789152687,0,0,0.006,4132147
1789152688,7,0,0.903,4132147
1789152688,5,0,0.389,4132147
1789152688,3,0,0.005,4132147
1789152688,3,0,0.017,4132147
1789152689,3,0,0.105,4132147
1789152690,5,0,0.973,4132147
1789152690,0,0,0.017,4132147
1789152690,4,0,0.481,4132147
1789152690,6,0,0.006,4132147
1789152691,4,0,0.531,4132147
1789152691,4,0,0.93,4132147
1789152691,0,0,0.004,4132147
1789152691,2,0,0,4132147
1789152695,5,0,3.65,4132147
1789152695,6,0,0.008,4132147
1789152696,4,0,0.574,4132147
1789152696,4,0,0.683,4132147
1789152698,4,0,1.359,4132147
1789152698,3,0,0.052,4132147
1789152698,6,0,0.009,4132147
1789152698,3,0,0.041,4132147
1789152698,2,0,0.564,4132147
1789152698,6,0,0.006,4132147
1789152699,4,0,0.583,4132147
1789152699,4,0,0.43,4132147
1789152701,4,0,1.535,4132147
1789152701,3,0,0.061,4132147
1789152701,1,0,0.001,4132147
1789152701,2,0,0.001,4132147
1789152701,2,0,0.002,4132147
1789152702,2,0,0.666,4132147
1789152702,4,0,0.628,4132147
1789152703,5,0,0.724,4132147
1789152703,0,0,0.009,4132147
1789152703,6,0,0.008,4132147
1789152703,6,0,0.011,4132147
1789152703,2,0,0.002,4132147
1789152703,3,0,0.118,4132147
1789152703,0,0,0.009,4132147
1789152703,0,0,0.007,4132147
1789152704,4,0,0.976,4132147
1789152704,6,0,0.008,4132147
1789152704,6,0,0.017,4132147
1789152708,5,0,3.781,4132147
1789152708,6,0,0.005,4132147
1789152708,6,0,0.014,4132147
1789152711,5,0,3.333,4132147
1789152711,0,0,0.008,4132147
1789152712,4,0,0.381,4132147
1789152713,4,0,1.256,4132147
1789152713,2,0,0.002,4132147
1789152714,5,0,0.586,4132147
1789152714,3,0,0.183,4132147
1789152714,0,0,0.014,4132147
1789152717,5,0,3.381,4132147
1789152717,3,0,0.154,4132147
1789152718,4,0,0.562,4132147
1789152718,3,0,0.067,4132147
1789152718,0,0,0.007,4132147
1789152719,2,0,0.639,4132147
1789152719,2,0,0.502,4132147
1789152719,2,0,0.292,4132147
1789152720,5,0,0.172,4132147
1789152720,5,0,0.536,4132147
1789152720,6,0,0.007,4132147
1789152721,2,0,0.694,4132147
1789152721,0,0,0.008,4132147
1789152721,2,0,0.431,4132147
1789152721,5,0,0.139,4132147
1789152721,3,0,0.059,4132147
1789152722,3,0,0.095,4132147
1789152722,2,0,0.006,4132147
1789152722,6,0,0.008,4132147
1789152722,2,0,0.791,4132147
1789152722,6,0,0.004,4132147
1789152722,6,0,0.005,4132147
1789152722,0,0,0.012,4132147
1789152723,4,0,0.261,4132147
1789152723,1,0,0.001,4132147
1789152723,3,0,0.072,4132147
1789152723,4,0,0.307,4132147
1789152723,4,0,0.459,4132147
1789152724,3,0,0.056,4132147
1789152724,2,0,0.003,4132147
1789152725,4,0,1.283,4132147
1789152726,4,0,0.911,4132147
1789152726,0,0,0.013,4132147
1789152726,3,0,0.089,4132147
1789152726,3,0,0.055,4132147
1789152726,3,0,0.046,4132147
1789152726,5,0,0.391,4132147
1789152727,4,0,0.399,4132147
1789152727,4,0,0.477,4132147
1789152727,3,0,0.036,4132147
1789152728,4,0,0.369,4132147
1789152728,3,0,0.06,4132147
1789152728,3,0,0.09,4132147
1789152728,3,0,0.052,4132147
1789152728,0,0,0.008,4132147
1789152728,2,0,0.002,4132147
1789152732,5,0,4.48,4132147
1789152733,4,0,0.383,4132147
1789152733,6,0,0.007,4132147
1789152736,5,0,3.623,4132147
1789152737,4,0,0.612,4132147
1789152737,0,0,0.009,4132147
1789152738,5,0,0.661,4132147
1789152738,2,0,0.001,4132147
1789152738,3,0,0.112,4132147
1789152738,0,0,0.006,4132147
1789152738,2,0,0.606,4132147
1789152738,3,0,0.034,4132147
1789152738,3,0,0.014,4132147
1789152738,1,0,0.001,4132147
1789152739,4,0,1.068,4132147
1789152739,1,0,0.001,4132147
1789152739,6,0,0.006,4132147
1789152739,3,0,0.018,4132147
1789152744,7,0,4.941,4132147
1789152745,2,0,0.223,4132147
1789152745,4,0,0.458,4132147
1789152746,4,0,0.461,4132147
1789152746,5,0,0.53,4132147
1789152746,3,0,0.003,4132147
1789152747,4,0,1.025,4132147
1789152748,4,0,0.515,4132147
1789152748,3,0,0.022,4132147
1789152748,2,0,0.299,4132147
1789152748,2,0,0.002,4132147
1789152748,3,0,0.005,4132147
1789152748,2,0,0.002,4132147
1789152748,1,0,0.002,4132147
1789152749,4,0,1.028,4132147
1789152749,3,0,0.008,4132147
1789152749,2,0,0.374,4132147
1789152749,3,0,0.06,4132147
1789152750,4,0,0.317,4132147
1789152750,3,0,0.016,4132147
1789152750,3,0,0.066,4132147
1789152751,2,0,0.936,4132147
1789152751,1,0,0.001,4132147
1789152751,5,0,0.646,4132147
1789152752,4,0,0.555,4132147
1789152752,6,0,0.009,4132147
1789152752,2,0,0.001,4132147
1789152752,6,0,0.005,4132147
1789152753,4,0,1.171,4132147
1789152753,0,0,0.026,4132147
1789152753,6,0,0.01,4132147
1789152754,4,0,1.218,4132147
1789152754,6,0,0.012,4132147
1789152754,6,0,0.023,4132147
1789152755,2,0,0.402,4132147
1789152755,4,0,0.472,4132147
1789152755,0,0,0.015,4132147
1789152756,4,0,0.653,4132147
1789152756,2,0,0.001,4132147
1789152756,0,0,0.016,4132147
1789152756,3,0,0.011,4132147
1789152759,5,0,3.381,4132147
1789152759,6,0,0.006,4132147
1789152759,6,0,0.008,4132147
1789152759,3,0,0.054,4132147
1789152760,2,0,0.501,4132147
1789152764,7,0,4.335,4132147
1789152765,4,0,0.452,4132147
1789152765,3,0,0.076,4132147
1789152765,6,0,0.011,4132147
1789152766,2,0,0.77,4132147
1789152766,2,0,0.001,4132147
1789152766,3,0,0.017,4132147
1789152766,4,0,0.357,4132147
1789152766,0,0,0.016,4132147
1789152766,3,0,0.165,4132147
1789152766,0,0,0.003,4132147
1789152767,4,0,0.464,4132147
1789152767,7,0,0.126,4132147
1789152767,0,0,0.014,4132147
1789152767,2,0,0.32,4132147
1789152767,3,0,0.051,4132147
1789152767,3,0,0.086,4132147
1789152767,6,0,0.006,4132147
1789152767,3,0,0.064,4132147
1789152768,4,0,0.84,4132147
1789152769,5,0,0.689,4132147
1789152771,4,0,2.036,4132147
1789152771,0,0,0.009,4132147
1789152771,6,0,0.006,4132147
1789152771,3,0,0.01,4132147
1789152771,4,0,0.214,4132147
1789152771,3,0,0.002,4132147
1789152772,4,0,0.627,4132147
1789152772,1,0,0.001,4132147
1789152772,4,0,0.482,4132147
1789152773,4,0,1.044,4132147
1789152775,4,0,1.508,4132147
1789152776,4,0,0.96,4132147
1789152776,0,0,0.002,4132147
1789152776,1,0,0.001,4132147
1789152776,3,0,0.004,4132147
1789152776,5,0,0.401,4132147
1789152776,6,0,0.005,4132147
1789152776,0,0,0.007,4132147
1789152776,6,1,0.006,4132147
1789152776,3,0,0.072,4132147
1789152777,4,0,0.504,4132147
1789152777,2,0,0.24,4132147
1789152777,4,0,0.435,4132147
1789152778,4,0,0.499,4132147
1789152778,3,0,0.008,4132147
1789152779,4,0,0.632,4132147
1789152779,0,0,0.005,4132147
1789152779,6,0,0.005,4132147
1789152779,3,0,0.006,4132147
1789152779,4,0,0.804,4132147
1789152779,0,0,0.014,4132147
1789152779,2,0,0.003,4132147
1789152779,6,0,0.005,4132147
1789152779,2,0,0.006,4132147
1789152779,6,0,0.006,4132147
1789152779,2,0,0.003,4132147
1789152780,4,0,0.635,4132147
1789152780,0,0,0.014,4132147
1789152781,4,0,0.674,4132147
1789152782,4,0,0.923,4132147
1789152782,0,0,0.014,4132147
1789152784,4,0,2.596,4132147
1789152784,6,0,0.008,4132147
1789152788,7,0,3.511,4132147
1789152788,2,0,0.001,4132147
1789152788,1,0,0.002,4132147
1789152788,0,0,0.002,4132147
1789152789,4,0,1.252,4132147
1789152789,3,0,0.009,4132147
1789152790,4,0,1.279,4132147
1789152790,2,0,0.001,4132147
1789152790,1,0,0.001,4132147
1789152790,2,0,0.003,4132147
1789152790,0,0,0.006,4132147
1789152790,3,0,0.124,4132147
1789152791,3,0,0.109,4132147
1789152792,4,0,1.259,4132147
1789152792,6,0,0.009,4132147
1789152792,0,0,0.008,4132147
1789152792,6,0,0.006,4132147
1789152792,4,0,0.46,4132147
1789152793,4,0,0.595,4132147
1789152793,6,0,0.009,4132147
1789152793,7,0,0.421,4132147
1789152798,7,0,4.436,4132147
1789152798,0,0,0.006,4132147
1789152798,2,0,0.498,4132147
1789152798,1,0,0.001,4132147
1789152798,3,0,0.083,4132147
1789152798,3,0,0.002,4132147
1789152798,0,0,0.007,4132147
1789152799,2,0,0.428,4132147
1789152799,6,0,0.008,4132147
1789152799,3,0,0.007,4132147
1789152799,0,0,0.003,4132147
1789152799,0,0,0.004,4132147
1789152799,5,0,0.157,4132147
1789152799,0,0,0.029,4132147
1789152799,3,0,0.008,4132147
1789152800,4,0,1.097,4132147
1789152801,5,0,0.659,4132147
1789152801,4,0,0.492,4132147
1789152801,2,0,0.001,4132147
1789152802,4,0,0.49,4132147
1789152802,3,0,0.041,4132147
1789152802,0,0,0.006,4132147
1789152802,6,0,0.007,4132147
1789152802,0,0,0.01,4132147
1789152802,6,0,0.005,4132147
1789152802,6,0,0.006,4132147
1789152802,3,0,0.064,4132147
1789152802,3,0,0.082,4132147
1789152802,0,0,0.003,4132147
1789152802,3,0,0.029,4132147
1789152802,6,0,0.006,4132147
1789152802,2,0,0.002,4132147
1789152802,3,0,0.184,4132147
1789152802,6,0,0.005,4132147
1789152802,2,0,0.299,4132147
1789152803,0,0,0.004,4132147
1789152803,6,0,0.008,4132147
1789152803,3,0,0.003,4132147
1789152803,0,0,0.006,4132147
1789152803,0,0,0.005,4132147
1789152803,4,0,0.303,4132147
1789152803,0,0,0.004,4132147
1789152804,4,0,0.893,4132147
1789152804,1,0,0.002,4132147
1789152807,5,0,3.258,4132147
1789152807,6,0,0.007,4132147
1789152807,6,0,0.006,4132147
1789152807,4,0,0.462,4132147
1789152808,2,0,0.29,4132147
1789152811,5,0,3.168,4132147
1789152811,1,0,0.002,4132147
1789152811,3,0,0.029,4132147
1789152811,1,0,0.001,4132147
1789152811,0,0,0.006,4132147
1789152811,6,0,0.014,4132147
1789152812,4,0,0.737,4132147
1789152812,0,0,0.014,4132147
1789152812,4,0,0.655,4132147
1789152812,0,0,0.009,4132147
1789152813,4,0,0.323,4132147
1789152813,5,0,0.17,4132147
1789152813,5,0,0.151,4132147
1789152813,3,0,0.004,4132147
1789152814,4,0,0.714,4132147
1789152814,0,0,0.007,4132147
1789152814,3,0,0.06,4132147
1789152814,0,0,0.005,4132147
1789152814,0,0,0.004,4132147
1789152815,5,0,0.736,4132147
1789152816,4,0,1.61,4132147
1789152817,5,0,0.559,4132147
1789152818,4,0,0.988,4132147
1789152818,1,0,0.002,4132147
1789152819,5,0,0.817,4132147
1789152819,0,0,0.016,4132147
1789152823,5,0,4.73,4132147
1789152824,2,0,0.674,4132147
1789152824,2,0,0.003,4132147
1789152824,3,0,0.001,4132147
1789152824,1,0,0.001,4132147
1789152824,3,0,0.01,4132147
1789152824,6,0,0.006,4132147
1789152824,3,0,0.041,4132147
1789152826,4,0,1.551,4132147
1789152826,0,0,0.004,4132147
1789152826,2,0,0.569,4132147
1789152826,3,0,0.192,4132147
1789152827,2,0,0.442,4132147
1789152827,3,0,0.003,4132147
1789152827,3,0,0.023,4132147
1789152827,2,0,0.006,4132147
1789152827,3,0,0.101,4132147
1789152828,4,0,1.016,4132147
1789152828,3,0,0.003,4132147
1789152828,2,0,0.003,4132147
1789152828,5,0,0.124,4132147
1789152829,5,0,0.785,4132147
1789152829,1,0,0.001,4132147
1789152830,4,0,0.672,4132147
1789152830,5,0,0.448,4132147
1789152830,3,0,0.078,4132147
1789152830,3,0,0.013,4132147
1789152830,0,0,0.009,4132147
1789152830,3,0,0.048,4132147
1789152830,3,0,0.008,4132147
1789152830,6,0,0.021,4132147
1789152830,0,0,0.005,4132147
1789152830,3,0,0.062,4132147
1789152830,2,0,0.004,4132147
1789152830,5,0,0.236,4132147
1789152830,3,0,0.007,4132147
1789152831,4,0,0.76,4132147
1789152835,5,0,3.706,4132147
1789152835,0,0,0.009,4132147
1789152835,6,0,0.008,4132147
1789152835,6,0,0.021,4132147
1789152835,2,0,0.001,4132147
1789152835,2,0,0.001,4132147
1789152835,2,0,0.372,4132147
1789152835,0,0,0.006,4132147
1789152836,4,0,0.441,4132147
1789152837,4,0,0.791,4132147
1789152837,1,0,0.001,4132147
1789152837,4,0,0.674,4132147
1789152837,3,0,0.089,4132147
1789152838,4,0,0.286,4132147
1789152838,4,0,0.597,4132147
1789152839,5,0,0.632,4132147
1789152839,5,0,0.095,4132147
1789152839,3,0,0.006,4132147
1789152839,4,0,0.428,4132147
1789152839,2,0,0.003,4132147
1789152840,4,0,0.835,4132147
1789152840,3,0,0.009,4132147
1789152840,3,0,0.036,4132147
1789152840,3,0,0.004,4132147
1789152840,3,0,0.003,4132147
1789152841,4,0,1.048,4132147
1789152842,4,0,0.466,4132147
1789152842,4,0,0.648,4132147
1789152844,4,0,1.334,4132147
1789152844,4,0,0.193,4132147
1789152845,2,0,0.865,4132147
1789152845,4,0,0.45,4132147
1789152846,4,0,0.552,4132147
1789152846,2,0,0.002,4132147
1789152846,4,0,0.533,4132147
1789152847,4,0,1.034,4132147
1789152848,5,0,0.745,4132147
1789152848,3,0,0.003,4132147
1789152848,2,0,0.002,4132147
1789152848,3,0,0.008,4132147
1789152848,3,0,0.006,4132147
1789152849,4,0,0.351,4132147
1789152849,4,0,0.578,4132147
1789152849,3,0,0.004,4132147
1789152849,3,0,0.063,4132147
1789152849,3,0,0.006,4132147
1789152849,2,0,0.004,4132147
1789152850,2,0,0.379,4132147
1789152850,2,0,0.427,4132147
1789152851,5,0,0.683,4132147
1789152851,4,0,0.274,4132147
1789152851,3,0,0.007,4132147
1789152851,4,0,0.52,4132147
1789152852,4,0,0.443,4132147
1789152852,6,0,0.007,4132147
1789152852,4,0,0.269,4132147
1789152853,4,0,0.474,4132147
1789152853,2,0,0.002,4132147
1789152853,2,0,0.311,4132147
1789152857,5,0,4.022,4132147
1789152857,6,0,0.008,4132147
1789152857,0,0,0.004,4132147
1789152857,4,0,0.274,4132147
1789152857,6,0,0.006,4132147
1789152857,3,0,0.055,4132147
1789152858,4,0,0.674,4132147
1789152858,3,0,0.015,4132147
1789152858,6,0,0.006,4132147
1789152858,2,0,0.305,4132147
1789152859,5,0,0.203,4132147
1789152859,0,0,0.024,4132147
1789152859,3,0,0.008,4132147
1789152859,4,0,0.229,4132147
1789152859,1,0,0.001,4132147
1789152860,4,0,0.923,4132147
1789152860,1,0,0.002,4132147
1789152860,3,0,0.131,4132147
1789152860,2,0,0.004,4132147
1789152861,4,0,0.641,4132147
1789152861,2,0,0.003,4132147
1789152861,4,0,0.578,4132147
1789152861,3,0,0.249,4132147
1789152861,1,0,0.001,4132147
1789152862,4,0,0.434,4132147
1789152862,0,0,0.011,4132147
1789152862,2,0,0.002,4132147
1789152863,4,0,0.753,4132147
1789152863,0,0,0.004,4132147
1789152863,0,0,0.005,4132147
1789152863,3,0,0.09,4132147
1789152863,6,0,0.007,4132147
1789152863,0,0,0.008,4132147
1789152863,5,0,0.19,4132147
1789152863,4,0,0.614,4132147
1789152863,2,0,0.001,4132147
1789152863,0,0,0.005,4132147
1789152864,4,0,0.498,4132147
1789152868,5,0,4.456,4132147
1789152868,0,0,0.004,4132147
1789152868,2,0,0.002,4132147
1789152868,0,0,0.009,4132147
1789152868,1,0,0.002,4132147
1789152868,1,0,0.001,4132147
1789152868,0,0,0.014,4132147
1789152874,7,0,5.229,4132147
1789152874,3,0,0.042,4132147
1789152874,3,0,0.047,4132147
1789152874,4,0,0.263,4132147
1789152874,6,0,0.008,4132147
1789152877,5,0,3.458,4132147
1789152878,4,0,0.461,4132147
1789152878,4,0,0.395,4132147
1789152878,0,0,0.004,4132147
1789152878,2,0,0.001,4132147
1789152878,6,0,0.007,4132147
1789152878,2,0,0.002,4132147
1789152878,3,0,0.047,4132147
1789152879,4,0,0.317,4132147
1789152879,6,0,0.009,4132147
1789152879,0,0,0.003,4132147
1789152879,0,0,0.004,4132147
1789152879,6,0,0.022,4132147
1789152879,2,0,0.491,4132147
1789152879,2,0,0.004,4132147
1789152879,7,0,0.168,4132147
1789152881,4,0,1.194,4132147
1789152881,0,0,0.012,4132147
1789152882,4,0,0.934,4132147
1789152885,5,0,2.978,4132147
1789152885,3,0,0.005,4132147
1789152885,3,0,0.036,4132147
1789152885,6,0,0.005,4132147
1789152885,4,0,0.454,4132147
1789152885,1,0,0.001,4132147
1789152885,6,0,0.007,4132147
1789152885,4,0,0.231,4132147
1789152885,3,0,0.007,4132147
1789152885,6,0,0.006,4132147
1789152886,5,0,0.615,4132147
1789152886,4,0,0.491,4132147
1789152886,6,0,0.006,4132147
1789152886,1,0,0.001,4132147
1789152886,6,0,0.006,4132147
1789152886,3,0,0.009,4132147
1789152886,1,0,0.001,4132147
1789152887,4,0,0.962,4132147
1789152887,2,0,0.002,4132147
1789152888,3,0,0.156,4132147
1789152888,2,0,0.779,4132147
1789152889,4,0,0.574,4132147
1789152889,3,0,0.064,4132147
1789152889,3,0,0.117,4132147
1789152889,2,0,0.001,4132147
1789152890,2,0,0.661,4132147
1789152890,0,0,0.004,4132147
1789152895,5,0,4.846,4132147
1789152895,3,0,0.031,4132147
1789152896,7,0,0.91,4132147
1789152896,4,0,0.443,4132147
1789152897,5,0,0.685,4132147
1789152897,0,0,0.018,4132147
1789152897,4,0,0.348,4132147
1789152897,3,0,0.102,4132147
1789152897,6,0,0.008,4132147
1789152897,1,0,0.001,4132147
1789152897,3,0,0.085,4132147
1789152897,0,0,0.012,4132147
1789152897,0,0,0.01,4132147
1789152897,2,0,0.002,4132147
1789152899,2,0,1.693,4132147
1789152899,5,0,0.436,4132147
1789152902,5,0,2.859,4132147
1789152902,0,0,0.004,4132147
1789152903,4,0,1.178,4132147
1789152903,3,0,0.057,4132147
1789152909,5,0,5.185,4132147
1789152912,7,0,3.321,4132147
1789152914,4,0,2.239,4132147
1789152915,5,0,0.502,4132147
1789152915,1,0,0.001,4132147
1789152915,4,0,0.191,4132147
1789152915,0,0,0.006,4132147
1789152915,0,0,0.006,4132147
1789152915,6,0,0.007,4132147
1789152915,0,0,0.01,4132147
1789152916,4,0,0.736,4132147
1789152916,2,0,0.473,4132147
1789152916,0,0,0.015,4132147
1789152918,4,0,1.818,4132147
1789152918,0,0,0.005,4132147
1789152918,3,0,0.083,4132147
1789152918,3,0,0.074,4132147
1789152919,4,0,0.389,4132147
1789152919,6,0,0.005,4132147
1789152919,5,0,0.819,4132147
1789152919,0,0,0.003,4132147
1789152919,1,0,0.001,4132147
1789152920,5,0,0.522,4132147
1789152920,3,0,0.036,4132147
1789152920,3,0,0.148,4132147
1789152920,0,0,0.015,4132147
1789152922,4,0,2.063,4132147
1789152922,6,0,0.006,4132147
1789152923,4,0,0.585,4132147
1789152923,4,0,0.3,4132147
1789152924,4,0,1.142,4132147
1789152924,2,0,0.001,4132147
1789152924,3,0,0.042,4132147
1789152924,2,0,0.002,4132147
1789152924,2,0,0.001,4132147
1789152925,4,0,0.953,4132147
1789152925,2,0,0.002,4132147
1789152926,4,0,0.506,4132147
1789152926,2,0,0.211,4132147
1789152927,4,0,0.747,4132147
1789152927,0,0,0.005,4132147
1789152929,5,0,2.821,4132147
1789152934,5,0,4.744,4132147
1789152934,6,0,0.008,4132147
1789152934,2,0,0.001,4132147
1789152934,0,0,0.004,4132147
1789152934,6,0,0.006,4132147
1789152934,6,0,0.008,4132147
1789152934,3,0,0.022,4132147
1789152934,0,0,0.002,4132147
1789152934,5,0,0.107,4132147
1789152934,0,0,0.004,4132147
1789152934,6,0,0.02,4132147
1789152934,3,0,0.033,4132147
1789152935,5,0,0.112,4132147
1789152935,0,0,0.008,4132147
1789152935,3,0,0.054,4132147
1789152935,6,0,0.007,4132147
1789152935,2,0,0.004,4132147
1789152935,4,0,0.23,4132147
1789152935,1,0,0.002,4132147
1789152935,3,0,0.008,4132147
1789152935,2,0,0.246,4132147
1789152935,3,0,0.103,4132147
1789152935,0,0,0.004,4132147
1789152938,7,0,3.17,4132147
1789152939,2,0,0.464,4132147
1789152939,3,0,0.059,4132147
1789152939,4,0,0.32,4132147
1789152940,4,0,0.409,4132147
1789152940,6,0,0.006,4132147
1789152940,6,0,0.011,4132147
1789152940,4,0,0.674,4132147
1789152943,7,0,2.772,4132147
1789152943,3,0,0.04,4132147
1789152943,2,0,0.002,4132147
1789152943,0,0,0.012,4132147
1789152943,3,0,0.013,4132147
1789152943,2,0,0.002,4132147
1789152943,0,0,0.004,4132147
1789152943,3,0,0.067,4132147
1789152943,6,0,0.005,4132147
1789152943,3,0,0.097,4132147
1789152943,3,0,0.004,4132147
1789152943,5,0,0.102,4132147
1789152943,2,0,0.001,4132147
1789152943,2,0,0.002,4132147
1789152943,0,0,0.007,4132147
1789152943,0,0,0.003,4132147
1789152943,2,0,0.001,4132147
1789152944,4,0,0.266,4132147
1789152944,6,0,0.006,4132147
1789152944,0,0,0.003,4132147
1789152945,2,0,1.146,4132147
1789152945,6,0,0.004,4132147
1789152945,6,0,0.007,4132147
1789152945,3,0,0.011,4132147
1789152945,3,0,0.016,4132147
1789152945,2,0,0.25,4132147
1789152945,6,0,0.017,4132147
1789152946,4,0,0.334,4132147
1789152946,3,0,0.062,4132147
1789152946,0,0,0.004,4132147
1789152946,3,0,0.008,4132147
1789152946,3,0,0.004,4132147
1789152946,4,0,0.676,4132147
1789152946,0,0,0.004,4132147
1789152951,5,0,4.957,4132147
1789152952,4,0,1.02,4132147
1789152952,3,0,0.147,4132147
1789152953,4,0,0.857,4132147
1789152953,2,0,0.002,4132147
1789152954,5,0,0.756,4132147
1789152954,3,0,0.057,4132147
1789152954,2,0,0.002,4132147
1789152956,2,0,1.745,4132147
1789152956,4,0,0.389,4132147
1789152956,6,0,0.006,4132147
1789152956,3,0,0.014,4132147
1789152956,3,0,0.073,4132147
1789152957,4,0,0.193,4132147
1789152957,0,0,0.006,4132147
1789152957,3,0,0.003,4132147
1789152957,1,0,0.001,4132147
1789152957,1,0,0.001,4132147
1789152957,3,0,0.033,4132147
1789152957,4,0,0.827,4132147
1789152958,5,0,0.139,4132147
1789152958,4,0,0.849,4132147
1789152959,4,0,0.549,4132147
1789152959,0,0,0.008,4132147
1789152959,4,0,0.499,4132147
1789152959,3,0,0.03,4132147
1789152959,0,0,0.011,4132147
1789152959,6,0,0.009,4132147
1789152960,4,0,0.862,4132147
1789152960,3,0,0.013,4132147
1789152961,4,0,0.689,4132147
1789152961,4,0,0.236,4132147
1789152963,4,0,1.815,4132147
1789152964,2,0,0.566,4132147
1789152964,4,0,0.522,4132147
1789152965,4,0,1.044,4132147
1789152965,3,0,0.044,4132147
1789152966,4,0,0.882,4132147
1789152967,4,0,1.012,4132147
1789152967,3,0,0.006,4132147
1789152967,0,0,0.003,4132147
1789152967,6,0,0.004,4132147
1789152967,0,0,0.005,4132147
1789152967,0,0,0.003,4132147
1789152967,3,0,0.049,4132147
1789152967,3,0,0.034,4132147
1789152967,3,0,0.064,4132147
1789152967,1,0,0.002,4132147
1789152968,4,0,0.234,4132147
1789152968,0,0,0.005,4132147
1789152968,3,0,0.1,4132147
1789152968,0,0,0.007,4132147
1789152968,4,0,0.264,4132147
1789152968,0,0,0.013,4132147
1789152968,0,0,0.012,4132147
1789152968,3,0,0.005,4132147
1789152968,3,0,0.085,4132147
1789152969,4,0,1.107,4132147
1789152969,1,0,0.001,4132147
1789152969,3,0,0.009,4132147
1789152970,4,0,0.504,4132147
1789152970,2,0,0.581,4132147
1789152970,0,0,0.011,4132147
1789152971,4,0,0.286,4132147
1789152971,0,0,0.01,4132147
1789152971,3,0,0.013,4132147
1789152971,0,0,0.036,4132147
1789152971,0,0,0.015,4132147
1789152971,6,0,0.009,4132147
1789152971,6,0,0.012,4132147
1789152974,5,0,3.734,4132147
1789152974,6,0,0.006,4132147
1789152975,4,0,0.353,4132147
1789152978,5,0,3.48,4132147
1789152978,0,0,0.009,4132147
1789152978,3,0,0.005,4132147
1789152979,4,0,0.891,4132147
1789152979,0,0,0.005,4132147
1789152979,1,0,0.002,4132147
1789152979,6,0,0.015,4132147
1789152979,2,0,0.257,4132147
1789152980,2,0,0.409,4132147
1789152980,2,0,0.002,4132147
1789152980,6,0,0.004,4132147
1789152980,2,0,0.002,4132147
1789152980,0,0,0.008,4132147
1789152980,5,0,0.295,4132147
1789152980,0,0,0.004,4132147
1789152981,4,0,0.744,4132147
1789152982,4,0,1.025,4132147
1789152982,3,0,0.137,4132147
1789152982,6,0,0.007,4132147
1789152982,1,0,0.001,4132147
1789152982,4,0,0.402,4132147
1789152983,5,0,0.829,4132147
1789152984,2,0,0.45,4132147
1789152984,3,0,0.043,4132147
1789152984,2,0,0.702,4132147
1789152984,2,0,0.003,4132147
1789152986,4,0,1.045,4132147
1789152986,5,0,0.17,4132147
1789152986,4,0,0.728,4132147
1789152986,0,0,0.007,4132147
1789152986,1,0,0.002,4132147
1789152986,3,0,0.007,4132147
1789152986,0,0,0.004,4132147
1789152987,5,0,0.13,4132147
1789152987,3,0,0.06,4132147
1789152988,4,0,1.619,4132147
1789152988,0,0,0.007,4132147
1789152988,3,0,0.054,4132147
1789152988,2,0,0.003,4132147
1789152988,1,0,0.001,4132147
1789152990,2,0,2.149,4132147
1789152991,3,0,0.077,4132147
1789152991,2,0,0.208,4132147
1789152991,4,0,0.421,4132147
1789152991,0,0,0.012,4132147
1789152991,3,0,0.016,4132147
1789152991,0,0,0.01,4132147
1789152991,4,0,0.205,4132147
1789152991,6,0,0.013,4132147
1789152991,2,0,0.003,4132147
1789152992,4,0,0.66,4132147
1789152993,7,0,0.654,4132147
1789152993,3,0,0.095,4132147
1789152993,3,0,0.093,4132147
1789152993,0,0,0.005,4132147
1789152993,6,0,0.006,4132147
1789152993,2,0,0.008,4132147
1789152993,2,0,0.001,4132147
1789152993,3,0,0.106,4132147
1789152993,2,0,0.003,4132147
1789152993,2,0,0.002,4132147
1789152993,2,0,0.002,4132147
1789152993,6,0,0.004,4132147
1789152994,4,0,0.494,4132147
1789152994,1,0,0.002,4132147
1789152994,3,0,0.006,4132147
1789152994,7,0,0.445,4132147
1789152994,4,0,0.343,4132147
1789152995,4,0,0.444,4132147
1789152995,3,0,0.051,4132147
1789152995,2,0,0.555,4132147
1789152997,4,0,2.005,4132147
1789152997,1,0,0.001,4132147
1789152998,3,0,0.128,4132147
1789152998,0,0,0.008,4132147
1789152999,7,0,1.022,4132147
1789152999,1,0,0.002,4132147
1789152999,5,0,0.203,4132147
1789152999,0,0,0.011,4132147
1789152999,3,0,0.051,4132147
1789152999,0,0,0.005,4132147
1789152999,5,0,0.543,4132147
1789152999,6,0,0.007,4132147
1789152999,6,0,0.007,4132147
1789153000,5,0,0.127,4132147
1789153000,4,0,0.366,4132147
1789153001,4,0,1.313,4132147
1789153003,4,0,2.132,4132147
1789153003,3,0,0.009,4132147
1789153008,5,0,5.045,4132147
1789153009,5,0,0.129,4132147
1789153009,3,0,0.011,4132147
1789153009,0,0,0.006,4132147
1789153009,2,0,0.003,4132147
1789153009,3,0,0.038,4132147
1789153009,0,0,0.012,4132147
1789153009,4,0,0.62,4132147
1789153010,7,0,0.542,4132147
1789153010,6,0,0.004,4132147
1789153010,6,0,0.007,4132147
1789153010,4,0,0.244,4132147
1789153010,2,0,0.004,4132147
1789153013,5,0,3.211,4132147
1789153013,1,0,0.001,4132147
1789153014,4,0,1.115,4132147
1789153014,0,0,0.006,4132147
1789153015,4,0,0.99,4132147
1789153015,2,0,0.002,4132147
1789153015,3,0,0.029,4132147
1789153015,6,0,0.007,4132147
1789153015,3,0,0.049,4132147
1789153016,4,0,0.365,4132147
1789153016,4,0,0.598,4132147
1789153016,6,0,0.015,4132147
1789153018,4,0,1.106,4132147
1789153018,3,0,0.022,4132147
1789153018,0,0,0.005,4132147
1789153018,3,0,0.089,4132147
1789153022,7,0,3.946,4132147
1789153022,1,0,0.001,4132147
1789153022,3,0,0.004,4132147
1789153022,7,0,0.149,4132147
1789153022,2,0,0.683,4132147
1789153023,4,0,0.53,4132147
1789153023,6,0,0.005,4132147
1789153023,0,0,0.008,4132147
1789153024,5,0,0.824,4132147
1789153024,2,0,0.295,4132147
1789153024,2,0,0.141,4132147
1789153024,0,0,0.006,4132147
1789153024,6,0,0.006,4132147
1789153024,3,0,0.057,4132147
1789153026,5,0,1.541,4132147
1789153027,4,0,1.169,4132147
1789153027,0,0,0.011,4132147
1789153027,2,0,0.002,4132147
1789153027,6,0,0.011,4132147
1789153027,2,0,0.002,4132147
1789153027,6,0,0.005,4132147
1789153027,6,0,0.007,4132147
1789153027,3,0,0.009,4132147
1789153028,4,0,0.588,4132147
1789153028,5,0,0.527,4132147
1789153028,3,0,0.011,4132147
1789153028,2,0,0.004,4132147
1789153028,6,0,0.006,4132147
1789153028,6,0,0.017,4132147
1789153028,0,0,0.011,4132147
1789153030,4,0,1.551,4132147
1789153030,3,0,0.007,4132147
1789153030,0,0,0.013,4132147
1789153031,2,0,1.197,4132147
1789153032,2,0,0.582,4132147
1789153032,4,0,0.318,4132147
1789153032,0,0,0.005,4132147
1789153032,6,0,0.008,4132147
1789153032,3,0,0.059,4132147
1789153032,4,0,0.442,4132147
1789153033,4,0,1.072,4132147
1789153038,7,0,4.313,4132147
1789153038,3,0,0.025,4132147
1789153038,2,0,0.002,4132147
1789153038,2,0,0.001,4132147
1789153038,0,0,0.006,4132147
1789153038,7,0,0.322,4132147
1789153038,3,0,0.012,4132147
1789153038,0,0,0.008,4132147
1789153038,0,0,0.006,4132147
1789153038,3,0,0.031,4132147
1789153038,3,0,0.026,4132147
1789153039,5,0,0.455,4132147
1789153039,3,0,0.006,4132147
1789153039,1,0,0.001,4132147
1789153039,4,0,0.391,4132147
1789153039,0,0,0.006,4132147
1789153039,3,0,0.058,4132147
1789153040,4,0,0.353,4132147
1789153040,4,0,0.364,4132147
1789153040,4,0,0.273,4132147
1789153040,6,0,0.008,4132147
1789153041,4,0,0.708,4132147
1789153041,6,0,0.008,4132147
1789153041,5,0,0.191,4132147
1789153042,4,0,1.319,4132147
1789153042,1,0,0.002,4132147
1789153042,0,0,0.017,4132147
1789153043,4,0,0.245,4132147
1789153043,3,0,0.171,4132147
1789153043,0,0,0.016,4132147
1789153043,5,0,0.083,4132147
1789153047,5,0,3.859,4132147
1789153047,3,0,0.004,4132147
1789153047,4,0,0.599,4132147
1789153048,2,0,0.649,4132147
1789153048,2,0,0.002,4132147
1789153049,4,0,0.479,4132147
1789153049,5,0,0.167,4132147
1789153049,3,0,0.005,4132147
1789153049,3,0,0.058,4132147
1789153049,0,0,0.009,4132147
1789153049,3,0,0.036,4132147
1789153049,2,0,0.001,4132147
1789153049,4,0,0.165,4132147
1789153049,6,0,0.008,4132147
1789153049,0,0,0.014,4132147
1789153049,5,0,0.12,4132147
1789153049,1,0,0.001,4132147
1789153050,2,0,0.755,4132147
1789153051,4,0,0.77,4132147
1789153051,6,0,0.009,4132147
1789153051,0,0,0.003,4132147
1789153051,4,0,0.296,4132147
1789153052,2,0,0.882,4132147
1789153052,0,0,0.005,4132147
1789153052,0,0,0.023,4132147
1789153052,3,0,0.043,4132147
1789153052,3,0,0.038,4132147
1789153053,4,0,0.883,4132147
1789153054,2,0,1.477,4132147
1789153054,6,0,0.007,4132147
1789153054,6,0,0.01,4132147
1789153054,6,0,0.006,4132147
1789153054,0,0,0.004,4132147
1789153054,6,0,0.007,4132147
1789153054,3,0,0.007,4132147
1789153055,4,0,0.412,4132147
1789153055,0,0,0.011,4132147
1789153055,4,0,0.55,4132147
1789153055,3,0,0.115,4132147
1789153055,0,0,0.004,4132147
1789153059,7,0,3.41,4132147
1789153059,6,0,0.005,4132147
1789153063,7,0,4.244,4132147
1789153063,0,0,0.012,4132147
1789153063,0,0,0.008,4132147
1789153063,3,0,0.054,4132147
1789153063,0,0,0.016,4132147
1789153064,2,0,0.453,4132147
1789153064,0,0,0.031,4132147
1789153064,6,0,0.045,4132147
1789153064,3,0,0.073,4132147
1789153064,4,0,0.406,4132147
1789153064,3,0,0.003,4132147
1789153068,5,0,3.959,4132147
1789153069,4,0,0.391,4132147
1789153069,2,0,0.576,4132147
1789153069,2,0,0.343,4132147
1789153069,3,0,0.005,4132147
1789153070,7,0,0.87,4132147
1789153070,0,0,0.031,4132147
1789153071,4,0,0.595,4132147
1789153071,6,0,0.019,4132147
1789153071,6,0,0.006,4132147
1789153072,5,0,1.106,4132147
1789153073,4,0,0.598,4132147
1789153073,6,0,0.006,4132147
1789153073,0,0,0.01,4132147
1789153073,0,0,0.018,4132147
1789153074,2,0,1.731,4132147
1789153074,3,0,0.044,4132147
1789153075,3,0,0.02,4132147
1789153075,4,0,0.69,4132147
1789153075,3,0,0.004,4132147
1789153076,5,0,0.442,4132147
1789153076,6,0,0.007,4132147
1789153076,5,0,0.115,4132147
1789153076,2,0,0.002,4132147
1789153076,0,0,0.006,4132147
1789153080,5,0,4.09,4132147
1789153080,5,0,0.298,4132147
1789153080,0,0,0.012,4132147
1789153081,4,0,0.422,4132147
1789153081,4,0,0.772,4132147
1789153086,5,0,5.072,4132147
1789153086,3,0,0.006,4132147
1789153087,5,0,0.165,4132147
1789153087,4,0,0.732,4132147
1789153087,0,0,0.005,4132147
1789153087,3,0,0.108,4132147
1789153087,0,0,0.006,4132147
1789153088,4,0,0.802,4132147
1789153088,3,0,0.043,4132147
1789153088,1,0,0.001,4132147
1789153091,4,0,2.214,4132147
1789153092,2,0,1.468,4132147
1789153093,4,0,1.363,4132147
1789153094,5,0,0.365,4132147
1789153094,5,0,0.103,4132147
1789153094,4,0,0.25,4132147
1789153094,0,0,0.02,4132147
1789153094,6,0,0.008,4132147
1789153094,4,0,0.251,4132147
1789153094,1,0,0.002,4132147
1789153094,2,0,0.001,4132147
1789153095,4,0,0.489,4132147
1789153095,6,0,0.012,4132147
1789153095,0,0,0.004,4132147
1789153095,4,0,0.467,4132147
1789153096,4,0,0.288,4132147
1789153096,3,0,0.013,4132147
1789153096,2,0,0.576,4132147
1789153096,1,0,0.001,4132147
1789153097,5,0,0.411,4132147
1789153097,4,0,0.337,4132147
1789153097,3,0,0.041,4132147
1789153097,6,0,0.004,4132147
1789153097,4,0,0.305,4132147
1789153097,3,0,0.032,4132147
1789153097,3,0,0.076,4132147
1789153097,1,0,0.001,4132147
1789153098,4,0,0.898,4132147
1789153098,3,0,0.011,4132147
1789153099,2,0,0.452,4132147
1789153099,2,0,0.49,4132147
1789153099,0,0,0.022,4132147
1789153100,4,0,0.424,4132147
1789153100,6,0,0.005,4132147
1789153100,1,0,0.001,4132147
1789153100,6,0,0.014,4132147
1789153100,0,0,0.005,4132147
1789153100,2,0,0.001,4132147
1789153100,2,0,0.002,4132147
1789153100,1,0,0.001,4132147
1789153100,3,0,0.15,4132147
1789153100,2,0,0.003,4132147
1789153100,3,0,0.058,4132147
1789153101,5,0,0.569,4132147
1789153101,6,0,0.006,4132147
1789153101,6,0,0.005,4132147
1789153101,3,0,0.079,4132147
1789153101,3,0,0.156,4132147
1789153102,4,0,0.848,4132147
1789153102,2,0,0.3,4132147
1789153102,3,0,0.082,4132147
1789153103,7,0,0.533,4132147
1789153103,0,0,0.012,4132147
1789153103,6,0,0.005,4132147
1789153103,3,0,0.097,4132147
1789153103,4,0,0.581,4132147
1789153103,0,0,0.005,4132147
1789153104,4,0,0.796,4132147
1789153105,4,0,0.862,4132147
1789153105,3,0,0.002,4132147
1789153105,1,0,0.002,4132147
1789153106,4,0,0.829,4132147
1789153106,1,0,0.002,4132147
1789153106,0,0,0.01,4132147
1789153107,2,0,0.885,4132147
1789153107,2,0,0.42,4132147
1789153109,2,0,1.892,4132147
1789153110,2,0,0.836,4132147
1789153111,4,0,1.15,4132147
1789153112,4,0,1.42,4132147
1789153113,2,0,0.523,4132147
1789153113,0,0,0.003,4132147
1789153113,0,0,0.008,4132147
1789153113,6,0,0.013,4132147
1789153113,3,0,0.099,4132147
1789153113,3,0,0.091,4132147
1789153113,3,0,0.08,4132147
1789153113,0,0,0.011,4132147
1789153118,7,0,4.988,4132147
1789153118,0,0,0.009,4132147
1789153119,4,0,0.437,4132147
1789153123,7,0,3.989,4132147
1789153123,2,0,0.541,4132147
1789153124,4,0,0.491,4132147
1789153124,4,0,0.528,4132147
1789153124,3,0,0.011,4132147
1789153124,2,0,0.001,4132147
1789153124,3,0,0.029,4132147
1789153124,3,0,0.056,4132147
1789153124,3,0,0.108,4132147
1789153124,3,0,0.041,4132147
1789153125,2,0,0.416,4132147
1789153125,4,0,0.579,4132147
1789153125,3,0,0.034,4132147
1789153125,6,0,0.009,4132147
1789153126,4,0,1.065,4132147
1789153126,1,0,0.001,4132147
1789153127,4,0,0.757,4132147
1789153127,5,0,0.12,4132147
1789153127,3,0,0.059,4132147
1789153127,3,0,0.046,4132147
1789153127,2,0,0.001,4132147
1789153131,5,0,3.589,4132147
1789153131,0,0,0.002,4132147
1789153131,2,0,0.002,4132147
1789153131,5,0,0.148,4132147
1789153132,2,0,0.708,4132147
1789153132,3,0,0.053,4132147
1789153132,3,0,0.079,4132147
1789153132,4,0,0.332,4132147
1789153132,6,0,0.005,4132147
1789153132,2,0,0.003,4132147
1789153132,3,0,0.076,4132147
1789153134,4,0,1.821,4132147
1789153134,1,0,0.001,4132147
1789153139,5,0,5.19,4132147
1789153140,3,0,0.071,4132147
1789153140,3,0,0.048,4132147
1789153140,2,0,0.565,4132147
1789153140,6,0,0.006,4132147
1789153140,6,0,0.005,4132147
1789153140,2,0,0.001,4132147
1789153140,6,0,0.008,4132147
1789153140,4,0,0.297,4132147
1789153141,4,0,0.349,4132147
1789153141,4,0,0.458,4132147
1789153141,1,0,0.001,4132147
1789153141,3,0,0.076,4132147
1789153142,4,0,0.472,4132147
1789153142,0,0,0.023,4132147
1789153142,6,0,0.016,4132147
1789153142,0,0,0.005,4132147
1789153142,2,0,0.004,4132147
1789153142,1,0,0.001,4132147
1789153142,3,0,0.095,4132147
1789153142,0,0,0.01,4132147
1789153142,3,0,0.004,4132147
1789153142,0,0,0.014,4132147
1789153142,6,0,0.016,4132147
1789153142,0,0,0.005,4132147
1789153142,0,0,0.01,4132147
1789153142,6,0,0.008,4132147
1789153142,5,0,0.136,4132147
1789153142,1,0,0.001,4132147
1789153147,5,0,4.65,4132147
1789153147,2,0,0.005,4132147
1789153147,0,0,0.016,4132147
1789153147,4,0,0.404,4132147
1789153148,4,0,0.356,4132147
1789153148,5,0,0.202,4132147
1789153148,1,0,0.001,4132147
1789153148,0,0,0.012,4132147
1789153148,2,0,0.003,4132147
1789153148,2,0,0.005,4132147
1789153148,4,0,0.306,4132147
1789153148,3,0,0.003,4132147
1789153148,0,0,0.009,4132147
1789153148,2,0,0.001,4132147
1789153150,2,0,2.197,4132147
1789153150,6,0,0.004,4132147
1789153150,6,0,0.005,4132147
1789153152,4,0,1.131,4132147
1789153152,3,0,0.05,4132147
1789153152,3,0,0.097,4132147
1789153152,6,0,0.007,4132147
1789153152,6,0,0.008,4132147
1789153152,4,0,0.793,4132147
1789153152,6,0,0.009,4132147
1789153153,5,0,0.482,4132147
1789153153,4,0,0.512,4132147
1789153154,4,0,0.288,4132147
1789153154,3,0,0.039,4132147
1789153154,0,0,0.004,4132147
1789153154,1,0,0.001,4132147
1789153158,5,0,4.303,4132147
1789153158,2,0,0.003,4132147
1789153159,2,0,0.42,4132147
1789153159,3,0,0.007,4132147
1789153161,5,0,2.781,4132147
1789153161,6,0,0.004,4132147
1789153161,0,0,0.003,4132147
1789153161,5,0,0.149,4132147
1789153163,2,0,1.257,4132147
1789153163,0,0,0.013,4132147
1789153163,0,0,0.008,4132147
1789153163,1,0,0.002,4132147
1789153163,4,0,0.21,4132147
1789153163,3,0,0.025,4132147
1789153163,2,0,0.003,4132147
1789153163,3,0,0.081,4132147
1789153163,3,0,0.069,4132147
1789153163,0,0,0.006,4132147
1789153164,4,0,0.649,4132147
1789153164,1,0,0.001,4132147
1789153164,4,0,0.506,4132147
1789153164,3,0,0.12,4132147
1789153165,5,0,0.118,4132147
1789153165,3,0,0.007,4132147
1789153165,0,0,0.004,4132147
1789153166,4,0,1.41,4132147
1789153166,3,0,0.16,4132147
1789153167,2,0,0.588,4132147
1789153171,7,0,4.603,4132147
1789153172,4,0,0.917,4132147
1789153172,3,0,0.004,4132147
1789153172,0,0,0.004,4132147
1789153172,1,0,0.001,4132147
1789153178,5,0,5.654,4132147
1789153178,6,0,0.018,4132147
1789153178,0,0,0.023,4132147
1789153178,3,0,0.033,4132147
1789153179,4,0,0.855,4132147
1789153179,4,0,0.318,4132147
1789153179,0,0,0.006,4132147
1789153180,4,0,0.431,4132147
1789153181,4,0,1.292,4132147
1789153181,6,0,0.005,4132147
1789153181,3,0,0.003,4132147
1789153186,7,0,5.054,4132147
1789153186,3,0,0.01,4132147
1789153186,2,0,0.441,4132147
1789153187,2,0,0.511,4132147
1789153187,3,0,0.074,4132147
1789153187,2,0,0.003,4132147
1789153187,2,0,0.509,4132147
1789153188,3,0,0.059,4132147
1789153188,3,0,0.139,4132147
1789153189,2,0,0.902,4132147
1789153189,0,0,0.008,4132147
1789153189,2,0,0.285,4132147
1789153189,3,0,0.077,4132147
1789153189,5,0,0.327,4132147
1789153189,1,0,0.001,4132147
1789153190,4,0,0.879,4132147
1789153191,4,0,0.905,4132147
1789153191,0,0,0.014,4132147
1789153191,3,0,0.012,4132147
1789153191,2,0,0.003,4132147
1789153192,4,0,0.631,4132147
1789153192,4,0,0.423,4132147
1789153192,0,0,0.014,4132147
1789153192,1,0,0.001,4132147
1789153193,4,0,0.562,4132147
1789153193,3,0,0.011,4132147
1789153193,2,0,0.001,4132147
1789153193,3,0,0.003,4132147
1789153193,0,0,0.002,4132147
1789153193,3,0,0.048,4132147
1789153193,5,0,0.131,4132147
1789153193,2,0,0.329,4132147
1789153194,4,0,0.517,4132147
1789153194,3,0,0.19,4132147
1789153195,4,0,0.898,4132147
1789153195,0,0,0.007,4132147
1789153195,5,0,0.12,4132147
1789153196,2,0,1.002,4132147
1789153197,2,0,0.816,4132147
1789153197,3,0,0.039,4132147
1789153197,4,0,0.44,4132147
1789153198,4,0,0.461,4132147
1789153199,4,0,0.968,4132147
1789153199,6,0,0.006,4132147
1789153199,3,0,0.048,4132147
1789153199,2,0,0.002,4132147
1789153199,4,0,0.63,4132147
1789153199,1,0,0.001,4132147
1789153199,0,0,0.022,4132147
1789153199,0,0,0.004,4132147
1789153199,3,0,0.06,4132147
1789153200,0,0,0.012,4132147
1789153200,3,0,0.01,4132147
1789153200,3,0,0.117,4132147
1789153200,0,0,0.007,4132147
1789153201,5,0,0.944,4132147
1789153201,6,0,0.003,4132147
1789153201,0,0,0.005,4132147
1789153201,4,0,0.629,4132147
1789153201,1,0,0.001,4132147
1789153201,3,0,0.055,4132147
1789153201,2,0,0,4132147
1789153201,0,0,0.007,4132147
1789153203,2,0,1.247,4132147
1789153203,0,0,0.011,4132147
1789153203,0,0,0.002,4132147
1789153203,0,0,0.008,4132147
1789153203,3,0,0.017,4132147
1789153203,6,0,0.006,4132147
1789153205,5,0,2.433,4132147
1789153205,0,0,0.008,4132147
1789153210,5,0,4.94,4132147
1789153211,5,0,0.635,4132147
1789153211,4,0,0.022,4132147
1789153211,6,0,0.007,4132147
1789153215,5,0,4.324,4132147
1789153215,3,0,0.052,4132147
1789153215,6,0,0.004,4132147
1789153215,2,0,0.002,4132147
1789153215,4,0,0.377,4132147
1789153215,6,0,0.008,4132147
1789153215,1,0,0.001,4132147
1789153215,2,0,0.003,4132147
1789153215,0,0,0.012,4132147
1789153216,7,0,0.332,4132147
1789153216,3,0,0.013,4132147
1789153216,6,0,0.012,4132147
1789153216,3,0,0.093,4132147
1789153216,2,0,0.003,4132147
1789153216,0,0,0.003,4132147
1789153216,5,0,0.135,4132147
1789153216,6,0,0.015,4132147
1789153216,6,0,0.007,4132147
1789153216,6,0,0.014,4132147
1789153216,3,0,0.098,4132147
1789153217,5,0,0.874,4132147
1789153217,6,0,0.006,4132147
1789153217,2,0,0.002,4132147
1789153217,2,0,0.42,4132147
1789153217,6,0,0.008,4132147
1789153218,3,0,0.083,4132147
1789153218,3,0,0.138,4132147
1789153218,0,0,0.004,4132147
1789153218,0,0,0.011,4132147
1789153218,4,0,0.702,4132147
1789153218,0,0,0.003,4132147
1789153219,4,0,0.268,4132147
1789153219,2,0,0.001,4132147
1789153219,0,0,0.007,4132147
1789153220,4,0,1.738,4132147
1789153221,7,0,0.504,4132147
1789153221,3,0,0.007,4132147
1789153221,3,0,0.032,4132147
1789153221,6,0,0.006,4132147
1789153221,2,0,0.004,4132147
1789153222,4,0,0.581,4132147
1789153222,3,0,0.091,4132147
1789153222,4,0,0.746,4132147
1789153222,3,0,0.054,4132147
1789153222,6,0,0.008,4132147
1789153222,2,0,0.002,4132147
1789153225,4,0,2.376,4132147
1789153225,1,0,0.003,4132147
1789153225,1,0,0.001,4132147
1789153225,6,0,0.009,4132147
1789153226,4,0,0.943,4132147
1789153226,0,0,0.009,4132147
1789153226,6,0,0.005,4132147
1789153226,2,0,0.381,4132147
1789153226,6,0,0.014,4132147
1789153227,4,0,0.532,4132147
1789153227,4,0,0.514,4132147
1789153228,4,0,1.054,4132147
1789153228,6,0,0.004,4132147
1789153228,2,0,0.001,4132147
1789153228,1,0,0.001,4132147
1789153228,6,0,0.005,4132147
1789153228,3,0,0.009,4132147
1789153228,0,0,0.012,4132147
1789153228,0,0,0.015,4132147
1789153228,3,0,0.098,4132147
1789153228,1,0,0.002,4132147
1789153228,0,0,0.008,4132147
1789153229,2,0,0.407,4132147
1789153229,4,0,0.202,4132147
1789153229,5,0,0.103,4132147
1789153229,0,0,0.011,4132147
1789153229,2,0,0.193,4132147
1789153229,3,0,0.01,4132147
1789153234,5,0,4.449,4132147
1789153234,4,0,0.242,4132147
1789153237,4,0,2.73,4132147
1789153238,4,0,0.961,4132147
1789153238,7,0,0.724,4132147
1789153239,3,0,0.12,4132147
1789153239,3,0,0.083,4132147
1789153239,5,0,0.758,4132147
1789153239,3,0,0.055,4132147
1789153240,3,0,0.078,4132147
1789153240,2,0,0.002,4132147
1789153240,3,0,0.109,4132147
1789153240,6,0,0.017,4132147
1789153240,0,0,0.012,4132147
1789153240,3,0,0.117,4132147
1789153240,5,0,0.383,4132147
1789153240,1,0,0.001,4132147
1789153240,2,0,0,4132147
1789153240,6,0,0.007,4132147
1789153240,0,0,0.009,4132147
1789153240,3,0,0.008,4132147
1789153240,0,0,0.011,4132147
1789153241,4,0,0.575,4132147
1789153241,3,0,0.005,4132147
1789153241,4,0,0.382,4132147
1789153241,4,0,0.174,4132147
1789153241,0,0,0.009,4132147
1789153241,0,0,0.005,4132147
1789153242,3,0,0.162,4132147
1789153242,4,0,0.656,4132147
1789153246,7,0,4.266,4132147
1789153246,0,0,0.003,4132147
1789153248,2,0,1.151,4132147
1789153248,4,0,0.516,4132147
1789153249,2,0,0.739,4132147
1789153249,5,0,0.365,4132147
1789153249,0,0,0.005,4132147
1789153249,6,0,0.045,4132147
1789153250,4,0,0.284,4132147
1789153250,5,0,0.196,4132147
1789153251,4,0,1.661,4132147
1789153251,6,0,0.005,4132147
1789153251,2,0,0.007,4132147
1789153253,7,0,1.35,4132147
1789153253,4,0,0.563,4132147
1789153253,6,0,0.006,4132147
1789153254,2,0,0.492,4132147
1789153254,4,0,0.403,4132147
1789153254,5,0,0.131,4132147
1789153254,1,0,0.001,4132147
1789153254,1,0,0.001,4132147
1789153255,4,0,0.899,4132147
1789153256,5,0,0.999,4132147
1789153256,3,0,0.024,4132147
1789153256,0,0,0.002,4132147
1789153256,3,0,0.031,4132147
1789153256,0,0,0.015,4132147
1789153256,5,0,0.114,4132147
1789153257,3,0,0.069,4132147
1789153257,3,0,0.071,4132147
1789153257,2,0,0.003,4132147
1789153257,2,0,0.572,4132147
1789153258,4,0,0.383,4132147
1789153258,6,0,0.007,4132147
1789153258,0,0,0.011,4132147
1789153258,4,0,0.148,4132147
1789153258,0,0,0.008,4132147
1789153258,3,0,0.002,4132147
1789153258,0,0,0.004,4132147
1789153258,0,0,0.009,4132147
1789153258,3,0,0.07,4132147
1789153258,2,0,0.001,4132147
1789153258,6,0,0.007,4132147
1789153258,1,0,0.001,4132147
1789153258,4,0,0.615,4132147
1789153260,4,0,1.162,4132147
1789153260,4,0,0.088,4132147
1789153260,6,0,0.007,4132147
1789153260,2,0,0.568,4132147
1789153262,7,0,1.238,4132147
1789153262,5,0,0.284,4132147
1789153262,0,0,0.049,4132147
1789153263,4,0,0.648,4132147
1789153263,3,0,0.063,4132147
1789153263,4,0,0.649,4132147
1789153263,3,0,0.035,4132147
1789153263,3,0,0.09,4132147
1789153263,3,0,0.042,4132147
1789153264,4,0,0.235,4132147
1789153264,7,0,0.438,4132147
1789153264,0,0,0.004,4132147
1789153264,4,0,0.388,4132147
1789153265,3,0,0.064,4132147
1789153265,6,0,0.005,4132147
1789153265,3,0,0.011,4132147
1789153265,4,0,0.863,4132147
1789153265,1,0,0.001,4132147
1789153265,0,0,0.005,4132147
1789153266,4,0,0.525,4132147
1789153267,2,0,0.58,4132147
1789153267,6,0,0.006,4132147
1789153271,5,0,4.548,4132147
1789153271,4,0,0.384,4132147
1789153271,0,0,0.014,4132147
1789153272,4,0,0.244,4132147
1789153272,4,0,0.318,4132147
1789153272,6,0,0.007,4132147
1789153272,0,0,0.004,4132147
1789153273,2,0,1.095,4132147
1789153273,3,0,0.109,4132147
1789153273,0,0,0.005,4132147
1789153273,6,0,0.005,4132147
1789153274,2,0,0.296,4132147
1789153274,3,0,0.055,4132147
1789153274,4,0,0.268,4132147
1789153274,4,0,0.354,4132147
1789153274,2,0,0.002,4132147
1789153275,4,0,0.453,4132147
1789153275,1,0,0.001,4132147
1789153275,4,0,0.66,4132147
1789153275,1,0,0.001,4132147
1789153276,4,0,0.303,4132147
1789153276,4,0,0.455,4132147
1789153282,5,0,5.426,4132147
1789153282,0,0,0.004,4132147
1789153282,6,0,0.005,4132147
1789153282,2,0,0.002,4132147
1789153282,6,0,0.012,4132147
1789153282,1,0,0,4132147
1789153282,4,0,0.641,4132147
1789153282,6,0,0.004,4132147
1789153282,2,0,0.001,4132147
1789153282,3,0,0.044,4132147
1789153282,1,0,0.002,4132147
1789153282,3,0,0.127,4132147
1789153283,4,0,0.355,4132147
1789153283,2,0,0.003,4132147
1789153283,2,0,0.587,4132147
1789153286,5,0,2.293,4132147
1789153286,6,0,0.004,4132147
1789153286,3,0,0.051,4132147
1789153286,3,0,0.003,4132147
1789153286,3,0,0.066,4132147
1789153286,6,0,0.006,4132147
1789153287,5,0,1.643,4132147
1789153287,6,0,0.005,4132147
1789153288,4,0,0.7,4132147
1789153289,5,0,0.926,4132147
1789153289,0,0,0.019,4132147
1789153290,5,0,0.583,4132147
1789153290,4,0,0.538,4132147
1789153291,4,0,0.442,4132147
1789153291,4,0,0.304,4132147
1789153292,5,0,0.697,4132147
1789153292,0,0,0.008,4132147
1789153292,4,0,0.627,4132147
1789153293,5,0,0.446,4132147
1789153293,3,0,0.002,4132147
1789153293,3,0,0.097,4132147
1789153293,2,0,0.59,4132147
1789153295,4,0,1.206,4132147
1789153298,7,0,3.338,4132147
1789153298,0,0,0.008,4132147
1789153298,0,0,0.032,4132147
1789153298,3,0,0.008,4132147
1789153298,4,0,0.478,4132147
1789153299,4,0,0.567,4132147
1789153299,5,0,0.363,4132147
1789153300,4,0,0.62,4132147
1789153300,6,0,0.011,4132147
1789153300,2,0,0.002,4132147
1789153301,4,0,0.873,4132147
1789153301,1,0,0.002,4132147
1789153301,3,0,0.009,4132147
1789153301,6,0,0.008,4132147
1789153301,3,0,0.117,4132147
1789153302,4,0,1.279,4132147
1789153302,3,0,0.01,4132147
1789153303,4,0,0.323,4132147
1789153303,2,0,0.002,4132147
1789153303,6,0,0.008,4132147
1789153303,3,0,0.149,4132147
1789153304,2,0,1.163,4132147
1789153304,0,0,0.006,4132147
1789153304,2,0,0.004,4132147
1789153304,5,0,0.099,4132147
1789153307,5,0,2.887,4132147
1789153307,6,0,0.01,4132147
1789153307,1,0,0.001,4132147
1789153308,4,0,0.674,4132147
1789153308,0,0,0.011,4132147
1789153308,4,0,0.455,4132147
1789153308,3,0,0.082,4132147
1789153309,4,0,1.042,4132147
1789153309,3,0,0.094,4132147
1789153310,4,0,0.369,4132147
1789153310,2,0,0.003,4132147
1789153310,2,0,0.002,4132147
1789153310,3,0,0.151,4132147
1789153311,4,0,0.701,4132147
1789153311,4,0,0.481,4132147
1789153311,3,0,0.077,4132147
1789153312,5,0,0.848,4132147
1789153312,6,0,0.007,4132147
1789153313,5,0,0.962,4132147
1789153313,3,0,0.044,4132147
1789153314,4,0,0.609,4132147
1789153314,3,0,0.007,4132147
1789153314,2,0,0.547,4132147
1789153314,2,0,0.319,4132147
1789153319,5,0,4.558,4132147
1789153319,6,0,0.008,4132147
1789153319,4,0,0.46,4132147
1789153320,4,0,0.776,4132147
1789153320,2,0,0.002,4132147
1789153325,5,0,4.33,4132147
1789153325,6,0,0.006,4132147
1789153325,1,0,0.001,4132147
1789153325,2,0,0.306,4132147
1789153325,4,0,0.586,4132147
1789153326,3,0,0.064,4132147
1789153329,7,0,3.055,4132147
1789153329,3,0,0.001,4132147
1789153329,0,0,0.009,4132147
1789153329,3,0,0.007,4132147
1789153330,4,0,1.293,4132147
1789153330,0,0,0.018,4132147
1789153330,0,0,0.006,4132147
1789153330,4,0,0.333,4132147
1789153330,0,0,0.01,4132147
1789153330,3,0,0.074,4132147
1789153330,1,0,0.001,4132147
1789153330,2,0,0.001,4132147
1789153331,4,0,0.37,4132147
1789153331,0,0,0.009,4132147
1789153331,1,0,0.002,4132147
1789153331,3,0,0.05,4132147
1789153331,3,0,0.055,4132147
1789153331,3,0,0.004,4132147
1789153331,4,0,0.247,4132147
1789153331,1,0,0.001,4132147
1789153331,3,0,0.039,4132147
1789153331,3,0,0.029,4132147
1789153336,5,0,4.758,4132147
1789153336,3,0,0.028,4132147
1789153337,5,0,0.629,4132147
1789153337,4,0,0.29,4132147
1789153337,4,0,0.177,4132147
1789153337,6,0,0.005,4132147
1789153337,4,0,0.393,4132147
1789153338,2,0,0.389,4132147
1789153338,6,0,0.022,4132147
1789153338,0,0,0.005,4132147
1789153339,4,0,1.044,4132147
1789153339,0,0,0.007,4132147
1789153339,0,0,0.004,4132147
1789153339,3,0,0.082,4132147
1789153339,3,0,0.031,4132147
1789153339,0,0,0.005,4132147
1789153339,3,0,0.07,4132147
1789153339,0,0,0.006,4132147
1789153339,6,0,0.01,4132147
1789153341,5,0,1.533,4132147
1789153341,0,0,0.008,4132147
1789153341,6,0,0.007,4132147
1789153341,0,0,0.004,4132147
1789153341,3,0,0.023,4132147
1789153341,0,0,0.006,4132147
1789153341,4,0,0.22,4132147
1789153341,0,0,0.012,4132147
1789153344,5,0,3.533,4132147
1789153345,7,0,0.159,4132147
1789153345,4,0,0.36,4132147
1789153345,3,0,0.006,4132147
1789153346,4,0,0.532,4132147
1789153346,3,0,0.012,4132147
1789153346,3,0,0.065,4132147
1789153346,3,0,0.015,4132147
1789153346,0,0,0.006,4132147
1789153346,3,0,0.071,4132147
1789153346,3,0,0.012,4132147
1789153346,2,0,0.002,4132147
1789153346,0,0,0.006,4132147
1789153346,2,0,0.001,4132147
1789153346,0,0,0.008,4132147
1789153346,2,0,0.007,4132147
1789153346,6,0,0.008,4132147
1789153346,4,0,0.154,4132147
1789153346,3,0,0.223,4132147
1789153350,5,0,3.603,4132147
1789153350,3,0,0.004,4132147
1789153350,5,0,0.115,4132147
1789153351,4,0,1.012,4132147
1789153351,0,0,0.009,4132147
1789153351,3,0,0.098,4132147
1789153351,0,0,0.006,4132147
1789153351,3,0,0.004,4132147
1789153351,3,0,0.016,4132147
1789153351,3,0,0.088,4132147
1789153352,2,0,1.384,4132147
1789153353,4,0,0.636,4132147
1789153353,5,0,0.12,4132147
1789153354,4,0,0.764,4132147
1789153354,6,0,0.006,4132147
1789153354,4,0,0.399,4132147
1789153354,2,0,0.002,4132147
1789153355,2,0,0.491,4132147
1789153355,1,0,0.002,4132147
1789153355,0,0,0.011,4132147
1789153355,7,0,0.245,4132147
1789153360,5,0,5.208,4132147
1789153360,3,0,0.006,4132147
1789153360,2,0,0.001,4132147
1789153361,4,0,0.644,4132147
1789153361,3,0,0.024,4132147
1789153362,5,0,0.679,4132147
1789153362,4,0,0.622,4132147
1789153362,3,0,0.01,4132147
1789153362,3,0,0.038,4132147
1789153362,2,0,0.001,4132147
1789153363,4,0,0.235,4132147
1789153363,3,0,0.007,4132147
1789153363,2,0,0.49,4132147
1789153368,5,0,4.515,4132147
1789153368,6,0,0.005,4132147
1789153368,4,0,0.613,4132147
1789153369,4,0,0.388,4132147
1789153369,2,0,0.003,4132147
1789153370,4,0,1.736,4132147
1789153370,0,0,0.007,4132147
1789153370,1,0,0.001,4132147
1789153371,4,0,0.502,4132147
1789153371,0,0,0.008,4132147
1789153371,1,0,0.001,4132147
1789153372,2,0,0.688,4132147
1789153373,5,0,1.066,4132147
1789153377,5,0,4.729,4132147
1789153378,2,0,0.324,4132147
1789153378,6,0,0.005,4132147
1789153378,4,0,0.528,4132147
1789153379,4,0,0.954,4132147
1789153380,2,0,0.809,4132147
1789153381,4,0,0.588,4132147
1789153381,0,0,0.009,4132147
1789153381,0,0,0.005,4132147
1789153381,3,0,0.092,4132147
1789153381,3,0,0.127,4132147
1789153381,1,0,0.001,4132147
1789153381,0,0,0.011,4132147
1789153381,2,0,0.003,4132147
1789153381,6,0,0.007,4132147
1789153381,6,0,0.014,4132147
1789153381,4,0,0.496,4132147
1789153381,2,0,0.002,4132147
1789153382,4,0,0.458,4132147
1789153382,3,0,0.046,4132147
1789153382,2,0,0.003,4132147
1789153382,2,0,0.574,4132147
1789153383,4,0,0.275,4132147
1789153383,1,0,0.001,4132147
1789153383,2,0,0.007,4132147
1789153383,3,0,0.057,4132147
1789153383,4,0,0.666,4132147
1789153384,2,0,0.705,4132147
1789153384,3,0,0.067,4132147
1789153384,2,0,0.29,4132147
1789153389,5,0,4.73,4132147
1789153389,0,0,0.003,4132147
1789153389,0,0,0.004,4132147
1789153389,5,0,0.108,4132147
1789153389,0,0,0.006,4132147
1789153394,5,0,4.935,4132147
1789153395,4,0,0.255,4132147
1789153395,3,0,0.092,4132147
1789153395,3,0,0.004,4132147
1789153395,2,0,0.003,4132147
1789153395,6,0,0.005,4132147
1789153395,5,0,0.097,4132147
1789153395,6,0,0.006,4132147
1789153395,2,0,0.51,4132147
1789153396,5,0,0.604,4132147
1789153396,3,0,0.098,4132147
1789153396,3,0,0.046,4132147
1789153396,0,0,0.015,4132147
1789153396,3,0,0.09,4132147
1789153396,4,0,0.101,4132147
1789153397,4,0,0.771,4132147
1789153397,0,0,0.006,4132147
1789153398,5,0,0.663,4132147
1789153398,4,0,0.462,4132147
1789153399,2,0,0.411,4132147
1789153399,4,0,0.476,4132147
1789153399,3,0,0.047,4132147
1789153400,4,0,0.753,4132147
1789153400,3,0,0.167,4132147
1789153400,6,0,0.013,4132147
1789153400,1,0,0.001,4132147
1789153402,4,0,1.688,4132147
1789153402,1,0,0.001,4132147
1789153402,2,0,0.002,4132147
1789153402,5,0,0.123,4132147
1789153402,0,0,0.016,4132147
1789153402,0,0,0.009,4132147
1789153407,7,0,5.255,4132147
1789153407,4,0,0.378,4132147
1789153407,0,0,0.019,4132147
1789153408,3,0,0.134,4132147
1789153408,4,0,0.405,4132147
1789153409,4,0,0.813,4132147
1789153409,4,0,0.459,4132147
1789153409,6,0,0.005,4132147
1789153409,2,0,0.12,4132147
1789153409,1,0,0.003,4132147
1789153409,6,0,0.018,4132147
1789153410,7,0,0.181,4132147
1789153410,2,0,0.003,4132147
1789153410,4,0,0.252,4132147
1789153410,0,0,0.005,4132147
1789153410,2,0,0.002,4132147
1789153410,3,0,0.02,4132147
1789153411,2,0,0.737,4132147
1789153411,0,0,0.006,4132147
1789153411,5,0,0.588,4132147
1789153412,5,0,0.664,4132147
1789153412,6,0,0.006,4132147
1789153412,4,0,0.418,4132147
1789153412,0,0,0.005,4132147
1789153412,2,0,0.002,4132147
1789153412,6,0,0.006,4132147
1789153412,3,0,0.084,4132147
1789153412,6,0,0.008,4132147
1789153413,4,0,0.676,4132147
1789153413,6,0,0.005,4132147
1789153413,0,0,0.01,4132147
1789153413,1,0,0.001,4132147
1789153413,3,0,0.081,4132147
1789153413,0,0,0.005,4132147
1789153417,5,0,3.984,4132147
1789153418,4,0,0.941,4132147
1789153418,2,0,0.001,4132147
1789153418,3,0,0.003,4132147
1789153418,4,0,0.286,4132147
1789153418,3,0,0.038,4132147
1789153419,4,0,0.308,4132147
1789153419,0,0,0.005,4132147
1789153419,6,0,0.005,4132147
1789153419,2,0,0.004,4132147
1789153419,0,0,0.01,4132147
1789153419,4,0,0.223,4132147
1789153419,0,0,0.01,4132147
1789153419,2,0,0.002,4132147
1789153419,2,0,0.003,4132147
1789153419,2,0,0.007,4132147
1789153424,7,0,4.645,4132147
1789153424,3,0,0.073,4132147
1789153424,4,0,0.408,4132147
1789153425,4,0,0.416,4132147
1789153425,5,0,0.102,4132147
1789153425,2,0,0.285,4132147
1789153426,2,0,0.566,4132147
1789153426,3,0,0.088,4132147
1789153426,6,0,0.008,4132147
1789153426,0,0,0.004,4132147
1789153426,6,0,0.011,4132147
1789153426,1,0,0.001,4132147
1789153426,4,0,0.479,4132147
1789153426,1,0,0.002,4132147
1789153427,4,0,0.889,4132147
1789153428,4,0,0.553,4132147
1789153428,6,0,0.004,4132147
1789153428,6,0,0.008,4132147
1789153428,2,0,0.002,4132147
1789153428,6,0,0.017,4132147
1789153428,0,0,0.012,4132147
1789153428,2,0,0.002,4132147
1789153428,4,0,0.432,4132147
1789153429,2,0,0.714,4132147
1789153429,4,0,0.573,4132147
1789153429,2,0,0.003,4132147
1789153429,3,0,0.054,4132147
1789153430,7,0,0.421,4132147
1789153430,0,0,0.01,4132147
1789153430,0,0,0.009,4132147
1789153430,3,0,0.057,4132147
1789153430,6,0,0.009,4132147
1789153431,2,0,1.472,4132147
1789153431,3,0,0.054,4132147
1789153431,6,0,0.004,4132147
1789153436,5,0,4.289,4132147
1789153436,3,0,0.046,4132147
1789153436,6,0,0.004,4132147
1789153436,0,0,0.019,4132147
1789153436,2,0,0.003,4132147
1789153436,5,0,0.128,4132147
1789153436,3,0,0.028,4132147
1789153436,3,0,0.032,4132147
1789153437,4,0,0.773,4132147
1789153437,0,0,0.015,4132147
1789153437,0,0,0.007,4132147
1789153437,2,0,0.002,4132147
1789153437,6,0,0.005,4132147
1789153437,7,0,0.217,4132147
1789153437,4,0,0.317,4132147
1789153438,5,0,0.983,4132147
1789153438,0,0,0.013,4132147
1789153439,4,0,0.415,4132147
1789153439,4,0,0.277,4132147
1789153443,5,0,4.236,4132147
1789153444,4,0,0.407,4132147
1789153444,3,0,0.071,4132147
1789153444,4,0,0.411,4132147
1789153444,6,0,0.009,4132147
1789153445,4,0,0.663,4132147
1789153445,6,0,0.004,4132147
1789153445,2,0,0.329,4132147
1789153445,0,0,0.019,4132147
1789153446,2,0,0.588,4132147
1789153446,3,0,0.013,4132147
1789153446,4,0,0.554,4132147
1789153446,0,0,0.015,4132147
1789153446,6,0,0.006,4132147
1789153446,0,0,0.011,4132147
1789153447,4,0,0.448,4132147
1789153447,5,0,0.612,4132147
1789153447,6,0,0.004,4132147
1789153447,3,0,0.064,4132147
1789153448,2,0,0.375,4132147
1789153448,3,0,0.111,4132147
1789153448,0,0,0.02,4132147
1789153448,0,0,0.015,4132147
1789153448,1,0,0.001,4132147
1789153449,4,0,0.692,4132147
1789153449,0,0,0.007,4132147
1789153449,1,0,0.001,4132147
1789153451,2,0,2.168,4132147
1789153452,5,0,1.241,4132147
1789153452,4,0,0.368,4132147
1789153453,4,0,0.386,4132147
1789153453,6,0,0.011,4132147
1789153453,0,0,0.011,4132147
1789153453,6,0,0.01,4132147
1789153453,3,0,0.255,4132147
1789153453,6,0,0.016,4132147
1789153453,3,0,0.17,4132147
1789153455,5,0,1.645,4132147
1789153455,3,0,0.059,4132147
1789153455,4,0,0.457,4132147
1789153456,2,0,0.847,4132147
1789153456,0,0,0.009,4132147
1789153456,6,0,0.005,4132147
1789153456,1,0,0.001,4132147
1789153456,3,0,0.03,4132147
1789153456,2,0,0.002,4132147
1789153457,5,0,0.161,4132147
1789153457,2,0,0.796,4132147
1789153458,4,0,0.295,4132147
1789153458,4,0,0.848,4132147
1789153459,2,0,0.618,4132147
1789153459,3,0,0.088,4132147
1789153459,3,0,0.146,4132147
1789153460,5,0,0.736,4132147
1789153460,3,0,0.05,4132147
1789153460,6,0,0.008,4132147
1789153460,3,0,0.031,4132147
1789153460,3,0,0.006,4132147
1789153460,0,0,0.005,4132147
1789153464,5,0,3.942,4132147
1789153465,7,0,0.641,4132147
1789153466,5,0,1.062,4132147
1789153466,3,0,0.077,4132147
1789153466,6,0,0.023,4132147
1789153466,2,0,0.331,4132147
1789153467,2,0,0.608,4132147
1789153467,0,0,0.047,4132147
1789153467,1,0,0.003,4132147
1789153467,3,0,0.059,4132147
1789153467,2,0,0.001,4132147
1789153468,2,0,0.654,4132147
1789153468,4,0,0.43,4132147
1789153468,0,0,0.007,4132147
1789153468,2,0,0.001,4132147
1789153468,2,0,0.002,4132147
1789153472,5,0,4.022,4132147
1789153472,3,0,0.003,4132147
1789153472,3,0,0.052,4132147
1789153472,3,0,0.052,4132147
1789153476,5,0,3.331,4132147
1789153476,0,0,0.011,4132147
1789153476,4,0,0.337,4132147
1789153476,0,0,0.007,4132147
1789153476,3,0,0.037,4132147
1789153476,0,0,0.009,4132147
1789153476,1,0,0.001,4132147
1789153476,3,0,0.005,4132147
1789153476,3,0,0.087,4132147
1789153476,6,0,0.005,4132147
1789153476,0,0,0.007,4132147
1789153477,4,0,0.65,4132147
1789153477,4,0,0.668,4132147
1789153477,6,1,0.052,4132147
1789153477,2,0,0.003,4132147
1789153478,2,0,0.286,4132147
1789153478,0,0,0.003,4132147
1789153478,0,0,0.007,4132147
1789153478,4,0,0.385,4132147
1789153478,1,0,0.001,4132147
1789153479,4,0,1.255,4132147
1789153479,6,0,0.005,4132147
1789153479,3,0,0.012,4132147
1789153479,3,0,0.056,4132147
1789153480,2,0,0.856,4132147
1789153480,1,0,0.001,4132147
1789153481,4,0,0.54,4132147
1789153481,3,0,0.086,4132147
1789153481,3,0,0.074,4132147
1789153482,4,0,1.151,4132147
1789153482,3,0,0.043,4132147
1789153483,4,0,0.434,4132147
1789153483,0,0,0.013,4132147
1789153483,6,0,0.019,4132147
1789153483,3,0,0.141,4132147
1789153483,4,0,0.486,4132147
1789153483,2,0,0.002,4132147
1789153483,6,0,0.007,4132147
1789153484,5,0,1.078,4132147
1789153484,6,0,0.007,4132147
1789153484,3,0,0.002,4132147
1789153485,2,0,0.328,4132147
1789153485,3,0,0.004,4132147
1789153485,0,0,0.007,4132147
1789153485,2,0,0.399,4132147
1789153487,4,0,2.101,4132147
1789153487,0,0,0.027,4132147
1789153488,2,0,1.275,4132147
1789153489,3,0,0.043,4132147
1789153489,4,0,0.308,4132147
1789153490,4,0,0.805,4132147
1789153490,0,0,0.016,4132147
1789153490,4,0,0.265,4132147
1789153490,4,0,0.4,4132147
1789153490,3,0,0.013,4132147
1789153490,3,0,0.072,4132147
1789153491,4,0,0.61,4132147
1789153491,0,0,0.016,4132147
1789153491,0,0,0.009,4132147
1789153492,4,0,1.239,4132147
1789153492,0,0,0.01,4132147
1789153494,4,0,1.544,4132147
1789153494,6,0,0.017,4132147
1789153495,4,0,1.147,4132147
1789153496,4,0,0.717,4132147
1789153500,7,0,3.825,4132147
1789153500,4,0,0.613,4132147
1789153500,0,0,0.004,4132147
1789153501,4,0,1.083,4132147
1789153501,0,0,0.006,4132147
1789153501,0,0,0.006,4132147
1789153502,4,0,0.407,4132147
1789153502,6,0,0.006,4132147
1789153502,1,0,0.001,4132147
1789153502,6,0,0.006,4132147
1789153502,6,0,0.005,4132147
1789153502,0,0,0.004,4132147
1789153502,2,0,0.002,4132147
1789153502,0,0,0.006,4132147
1789153502,3,0,0.047,4132147
1789153503,2,0,0.898,4132147
1789153503,3,0,0.008,4132147
1789153503,3,0,0.094,4132147
1789153503,1,0,0.001,4132147
1789153503,2,0,0,4132147
1789153503,6,0,0.009,4132147
1789153503,3,0,0.094,4132147
1789153503,3,0,0.042,4132147
1789153503,1,0,0.001,4132147
1789153503,5,0,0.559,4132147
1789153504,4,0,0.407,4132147
1789153504,3,0,0.011,4132147
1789153504,2,0,0.25,4132147
1789153504,3,0,0.01,4132147
1789153504,4,0,0.282,4132147
1789153505,5,0,0.523,4132147
1789153505,6,0,0.006,4132147
1789153505,3,0,0.067,4132147
1789153505,0,0,0.014,4132147
1789153505,4,0,0.434,4132147
1789153506,3,0,0.143,4132147
1789153506,5,0,0.368,4132147
1789153506,1,0,0.001,4132147
1789153506,3,0,0.097,4132147
1789153506,3,0,0.058,4132147
1789153506,3,0,0.006,4132147
1789153506,4,0,0.152,4132147
1789153507,4,0,0.717,4132147
1789153507,2,0,0.004,4132147
1789153507,2,0,0.002,4132147
1789153507,5,0,0.138,4132147
1789153507,5,0,0.222,4132147
1789153507,3,0,0.042,4132147
1789153508,4,0,1.022,4132147
1789153510,4,0,1.278,4132147
1789153510,6,0,0.006,4132147
1789153511,5,0,1.336,4132147
1789153511,2,0,0.001,4132147
1789153511,3,0,0.072,4132147
1789153511,5,0,0.097,4132147
1789153512,4,0,0.859,4132147
1789153512,6,0,0.005,4132147
1789153513,4,0,0.482,4132147
1789153513,4,0,0.931,4132147
1789153513,6,0,0.005,4132147
1789153514,4,0,0.382,4132147
1789153514,3,0,0.077,4132147
1789153514,0,0,0.006,4132147
1789153514,3,0,0.01,4132147
1789153514,0,0,0.011,4132147
1789153514,5,0,0.294,4132147
1789153514,1,0,0.001,4132147
1789153514,0,0,0.009,4132147
1789153515,2,0,0.3,4132147
1789153515,4,0,0.227,4132147
1789153515,0,0,0.008,4132147
1789153515,0,0,0.004,4132147
1789153515,0,0,0.005,4132147
1789153515,6,0,0.006,4132147
1789153515,3,0,0.004,4132147
1789153515,5,0,0.225,4132147
1789153515,6,0,0.005,4132147
1789153515,6,0,0.01,4132147
1789153515,0,0,0.003,4132147
1789153516,4,0,0.583,4132147
1789153516,4,0,0.816,4132147
1789153520,7,0,3.037,4132147
1789153520,5,0,0.158,4132147
1789153521,2,0,0.919,4132147
1789153521,6,0,0.007,4132147
1789153521,2,0,0.375,4132147
1789153521,0,0,0.014,4132147
1789153521,0,0,0.009,4132147
1789153521,3,0,0.006,4132147
1789153521,0,0,0.006,4132147
1789153521,2,0,0.002,4132147
1789153522,4,0,1.118,4132147
1789153522,0,0,0.007,4132147
1789153522,0,0,0.004,4132147
1789153523,5,0,0.527,4132147
1789153523,2,0,0.003,4132147
1789153523,1,0,0.002,4132147
1789153523,6,0,0.005,4132147
1789153523,6,0,0.007,4132147
1789153523,0,0,0.015,4132147
1789153523,4,0,0.647,4132147
1789153523,0,0,0.004,4132147
1789153523,0,0,0.007,4132147
1789153523,2,0,0.002,4132147
1789153523,1,0,0.001,4132147
1789153523,3,0,0.011,4132147
1789153523,3,0,0.125,4132147
1789153525,4,0,1.558,4132147
1789153529,7,0,4.417,4132147
1789153529,2,0,0.011,4132147
1789153531,5,0,1.068,4132147
1789153532,2,0,1.426,4132147
1789153532,0,0,0.008,4132147
1789153533,4,0,0.526,4132147
1789153533,4,0,0.373,4132147
1789153533,0,0,0.004,4132147
1789153533,4,0,0.146,4132147
1789153533,6,0,0.008,4132147
1789153533,1,0,0.002,4132147
1789153533,5,0,0.103,4132147
1789153535,4,0,1.646,4132147
1789153535,3,0,0.005,4132147
1789153535,3,0,0.031,4132147
1789153536,4,0,0.995,4132147
1789153536,4,0,0.225,4132147
1789153536,0,0,0.01,4132147
1789153537,5,0,0.518,4132147
1789153537,4,0,0.913,4132147
1789153543,5,0,5.714,4132147
1789153544,4,0,0.758,4132147
1789153544,7,0,0.463,4132147
1789153544,6,0,0.016,4132147
1789153544,2,0,0.002,4132147
1789153546,4,0,1.397,4132147
1789153546,3,0,0.076,4132147
1789153546,3,0,0.063,4132147
1789153546,1,0,0.001,4132147
1789153547,4,0,0.837,4132147
1789153547,4,0,0.566,4132147
1789153551,5,0,3.956,4132147
1789153552,5,0,0.764,4132147
1789153553,4,0,0.541,4132147
1789153553,0,0,0.01,4132147
1789153553,6,0,0.006,4132147
1789153553,3,0,0.005,4132147
1789153554,4,0,1.113,4132147
1789153554,5,0,0.49,4132147
1789153554,0,0,0.006,4132147
1789153554,0,0,0.002,4132147
1789153554,3,0,0.029,4132147
1789153555,2,0,0.444,4132147
1789153555,4,0,0.407,4132147
1789153555,7,0,0.223,4132147
1789153555,3,0,0.002,4132147
1789153556,4,0,0.704,4132147
1789153556,3,0,0.005,4132147
1789153556,6,0,0.004,4132147
1789153556,0,0,0.005,4132147
1789153556,0,0,0.003,4132147
1789153556,3,0,0.007,4132147
1789153556,6,0,0.007,4132147
1789153556,0,0,0.011,4132147
1789153557,4,0,0.53,4132147
1789153561,5,0,3.898,4132147
1789153561,4,0,0.384,4132147
1789153561,3,0,0.122,4132147
1789153561,0,0,0.022,4132147
1789153561,0,0,0.012,4132147
1789153561,1,0,0.001,4132147
1789153561,0,0,0.008,4132147
1789153561,2,0,0.314,4132147
1789153561,6,0,0.007,4132147
1789153561,3,0,0.011,4132147
1789153561,0,0,0.007,4132147
1789153561,0,0,0.023,4132147
1789153561,0,0,0.014,4132147
1789153561,2,0,0.001,4132147
1789153562,3,0,0.069,4132147
1789153562,2,0,0.001,4132147
1789153562,3,0,0.013,4132147
1789153562,6,0,0.008,4132147
1789153562,3,0,0.007,4132147
1789153562,4,0,0.556,4132147
1789153563,4,0,0.399,4132147
1789153563,2,0,0.33,4132147
1789153563,3,0,0.023,4132147
1789153564,4,0,0.629,4132147
1789153564,0,0,0.01,4132147
1789153564,4,0,0.579,4132147
1789153564,3,0,0.005,4132147
1789153565,4,0,0.766,4132147
1789153566,4,0,0.648,4132147
1789153566,3,0,0.041,4132147
1789153566,2,0,0.001,4132147
1789153566,4,0,0.453,4132147
1789153566,2,0,0.003,4132147
1789153566,5,0,0.134,4132147
1789153567,4,0,1.156,4132147
1789153568,4,0,0.865,4132147
1789153569,4,0,0.841,4132147
1789153569,0,0,0.019,4132147
1789153569,7,0,0.156,4132147
1789153569,3,0,0.096,4132147
1789153569,2,0,0.019,4132147
1789153570,4,0,0.925,4132147
1789153570,0,0,0.009,4132147
1789153570,6,0,0.005,4132147
1789153570,2,0,0.002,4132147
1789153570,6,0,0.014,4132147
1789153570,1,0,0.002,4132147
1789153571,4,0,0.741,4132147
1789153571,2,0,0.002,4132147
1789153572,4,0,0.867,4132147
1789153573,4,0,1.389,4132147
1789153574,4,0,0.523,4132147
1789153574,3,0,0.062,4132147
1789153574,2,0,0.002,4132147
1789153574,3,0,0.022,4132147
1789153574,4,0,0.305,4132147
1789153574,2,0,0.001,4132147
1789153577,5,0,3.219,4132147
1789153578,4,0,0.41,4132147
1789153578,4,0,0.336,4132147
1789153578,2,0,0.002,4132147
1789153579,2,0,0.475,4132147
1789153579,6,0,0.033,4132147
1789153579,0,0,0.02,4132147
1789153579,0,0,0.01,4132147
1789153580,4,0,0.93,4132147
1789153580,0,0,0.019,4132147
1789153580,2,0,0.002,4132147
1789153580,3,0,0.014,4132147
1789153580,1,0,0.001,4132147
1789153580,3,0,0.147,4132147
1789153580,3,0,0.004,4132147
1789153580,1,0,0.001,4132147
1789153580,3,0,0.059,4132147
1789153580,0,0,0.01,4132147
1789153580,4,0,0.455,4132147
1789153580,2,0,0.002,4132147
1789153580,0,0,0.012,4132147
1789153580,6,0,0.005,4132147
1789153580,3,0,0.006,4132147
1789153580,3,0,0.003,4132147
1789153581,5,0,1.118,4132147
1789153583,2,0,1.242,4132147
1789153583,6,0,0.01,4132147
1789153583,0,0,0.007,4132147
1789153584,4,0,0.774,4132147
1789153584,2,0,0.003,4132147
1789153584,1,0,0.002,4132147
1789153584,6,0,0.008,4132147
1789153584,6,0,0.004,4132147
1789153584,3,0,0.003,4132147
1789153584,3,0,0.003,4132147
1789153584,3,0,0.004,4132147
1789153585,4,0,1.616,4132147
1789153585,3,0,0.08,4132147
1789153585,3,0,0.004,4132147
1789153585,6,0,0.003,4132147
1789153589,5,0,3.876,4132147
1789153589,6,0,0.006,4132147
1789153589,6,0,0.005,4132147
1789153589,3,0,0.052,4132147
1789153589,1,0,0.002,4132147
1789153589,5,0,0.23,4132147
1789153589,6,0,0.006,4132147
1789153589,6,0,0.004,4132147
1789153594,5,0,4.143,4132147
1789153596,4,0,2.172,4132147
1789153596,1,0,0.002,4132147
1789153596,1,0,0.001,4132147
1789153596,5,0,0.331,4132147
1789153596,4,0,0.242,4132147
1789153596,3,0,0.002,4132147
1789153597,4,0,0.478,4132147
1789153598,4,0,1.392,4132147
1789153598,6,0,0.005,4132147
1789153598,0,0,0.003,4132147
1789153598,0,0,0.012,4132147
1789153598,6,0,0.016,4132147
1789153599,2,0,0.457,4132147
1789153599,4,0,0.706,4132147
1789153599,0,0,0.005,4132147
1789153599,6,0,0.007,4132147
1789153600,2,0,0.256,4132147
1789153600,0,0,0.005,4132147
1789153600,1,0,0.001,4132147
1789153601,2,0,0.919,4132147
1789153602,2,0,1.312,4132147
1789153602,4,0,0.333,4132147
1789153603,2,0,0.312,4132147
1789153606,5,0,3.597,4132147
1789153607,4,0,0.836,4132147
1789153607,3,0,0.057,4132147
1789153608,4,0,0.942,4132147
1789153608,3,0,0.149,4132147
1789153608,0,0,0.005,4132147
1789153608,3,0,0.087,4132147
1789153612,5,0,4.024,4132147
1789153613,4,0,1.056,4132147
1789153614,2,0,0.478,4132147
1789153614,6,0,0.006,4132147
1789153614,1,0,0.002,4132147
1789153614,6,0,0.006,4132147
1789153614,3,0,0.021,4132147
1789153614,3,0,0.057,4132147
1789153614,7,0,0.212,4132147
1789153614,3,0,0.005,4132147
1789153614,0,0,0.011,4132147
1789153614,4,0,0.369,4132147
1789153614,3,0,0.006,4132147
1789153614,0,0,0.014,4132147
1789153615,4,0,0.827,4132147
1789153615,2,0,0.005,4132147
1789153616,2,0,0.893,4132147
1789153616,1,0,0.002,4132147
1789153616,6,0,0.011,4132147
1789153616,3,0,0.025,4132147
1789153617,5,0,0.553,4132147
1789153618,4,0,0.7,4132147
1789153618,0,0,0.006,4132147
1789153619,2,0,1.676,4132147
1789153620,4,0,0.468,4132147
1789153623,7,0,2.95,4132147
1789153623,0,0,0.005,4132147
1789153623,4,0,0.626,4132147
1789153624,4,0,0.324,4132147
1789153625,5,0,1.008,4132147
1789153625,3,0,0.069,4132147
1789153626,4,0,0.894,4132147
1789153626,3,0,0.082,4132147
1789153626,4,0,0.635,4132147
1789153627,4,0,0.674,4132147
1789153627,2,0,0.544,4132147
1789153627,0,0,0.009,4132147
1789153628,5,0,0.124,4132147
1789153628,6,0,0.006,4132147
1789153628,0,0,0.008,4132147
1789153628,4,0,0.676,4132147
1789153628,5,0,0.172,4132147
1789153628,0,0,0.009,4132147
1789153629,4,0,0.442,4132147
1789153629,2,0,0.002,4132147
1789153630,4,0,1.024,4132147
1789153631,7,0,1.523,4132147
1789153631,3,0,0.007,4132147
1789153631,2,0,0.002,4132147
1789153632,5,0,0.138,4132147
1789153632,3,0,0.097,4132147
1789153632,1,0,0.001,4132147
1789153632,3,0,0.062,4132147
1789153632,0,0,0.008,4132147
1789153632,6,0,0.008,4132147
1789153634,4,0,1.777,4132147
1789153634,4,0,0.572,4132147
1789153634,0,0,0.005,4132147
1789153634,0,0,0.009,4132147
1789153634,6,0,0.007,4132147
1789153635,4,0,0.878,4132147
1789153635,3,0,0.018,4132147
1789153635,1,0,0.001,4132147
1789153635,1,0,0.001,4132147
1789153635,6,0,0.006,4132147
1789153637,4,0,1.614,4132147
1789153637,5,0,0.14,4132147
1789153637,0,0,0.007,4132147
1789153637,6,0,0.007,4132147
1789153638,4,0,1.292,4132147
1789153638,3,0,0.221,4132147
1789153638,0,0,0.003,4132147
1789153638,6,0,0.007,4132147
1789153638,0,0,0.004,4132147
1789153638,2,0,0.003,4132147
1789153638,6,0,0.021,4132147
1789153639,4,0,0.474,4132147
1789153639,5,0,0.17,4132147
1789153639,2,0,0.008,4132147
1789153639,0,0,0.01,4132147
1789153639,0,0,0.005,4132147
1789153640,4,0,0.483,4132147
1789153640,2,0,0.288,4132147
1789153640,6,0,0.005,4132147
1789153640,3,0,0.098,4132147
1789153640,5,0,0.499,4132147
1789153643,5,0,2.648,4132147
1789153643,4,0,0.425,4132147
1789153643,0,0,0.005,4132147
1789153644,3,0,0.004,4132147
1789153644,2,0,0.006,4132147
1789153644,0,0,0.004,4132147
1789153644,2,0,0.492,4132147
1789153644,3,0,0.001,4132147
1789153645,2,0,1.025,4132147
1789153645,0,0,0.006,4132147
1789153645,1,0,0.002,4132147
1789153645,0,0,0.022,4132147
1789153645,6,0,0.006,4132147
1789153645,2,0,0.003,4132147
1789153645,3,0,0.193,4132147
1789153645,3,0,0.128,4132147
1789153645,1,0,0.002,4132147
1789153646,4,0,0.315,4132147
1789153646,3,0,0.062,4132147
1789153647,4,0,1.039,4132147
1789153647,0,0,0.022,4132147
1789153647,3,0,0.196,4132147
1789153648,2,0,0.977,4132147
1789153648,3,0,0.005,4132147
1789153648,1,0,0.001,4132147
1789153649,2,0,1.014,4132147
1789153650,4,0,0.617,4132147
1789153650,5,0,0.579,4132147
1789153650,3,0,0.007,4132147
1789153651,2,0,0.548,4132147
1789153651,6,0,0.004,4132147
1789153651,6,0,0.005,4132147
1789153651,2,0,0.001,4132147
1789153651,6,0,0.005,4132147
1789153651,2,0,0.495,4132147
1789153651,0,0,0.003,4132147
1789153651,0,0,0.011,4132147
1789153652,2,0,0.783,4132147
1789153653,2,0,0.524,4132147
1789153653,3,0,0.11,4132147
1789153653,6,0,0.006,4132147
1789153653,6,0,0.017,4132147
1789153653,3,0,0.044,4132147
1789153653,6,0,0.005,4132147
1789153653,2,0,0.315,4132147
1789153653,3,0,0.039,4132147
1789153653,6,0,0.013,4132147
1789153654,2,0,0.774,4132147
1789153654,0,0,0.011,4132147
1789153654,3,0,0.033,4132147
1789153654,3,0,0.058,4132147
1789153654,3,0,0.049,4132147
1789153654,3,0,0.011,4132147
1789153654,0,0,0.006,4132147
1789153654,2,0,0.001,4132147
1789153655,2,0,0.505,4132147
1789153655,3,0,0.01,4132147
1789153655,6,0,0.012,4132147
1789153655,4,0,0.405,4132147
1789153655,3,0,0.103,4132147
1789153656,4,0,0.664,4132147
1789153656,3,0,0.046,4132147
1789153656,0,0,0.005,4132147
1789153656,5,0,0.391,4132147
1789153656,2,0,0.001,4132147
1789153656,2,0,0.002,4132147
1789153656,2,0,0.002,4132147
1789153656,6,0,0.005,4132147
1789153656,3,0,0.045,4132147
1789153656,1,0,0.001,4132147
1789153657,2,0,0.475,4132147
1789153657,2,0,0.001,4132147
1789153658,2,0,1.239,4132147
1789153658,3,0,0.07,4132147
1789153658,3,0,0.051,4132147
1789153658,1,0,0.002,4132147
1789153658,0,0,0.003,4132147
1789153658,0,0,0.004,4132147
1789153662,7,0,3.951,4132147
1789153662,5,0,0.101,4132147
1789153663,2,0,0.485,4132147
1789153663,3,0,0.035,4132147
1789153667,5,0,4.373,4132147
1789153667,2,0,0.008,4132147
1789153668,4,0,0.542,4132147
1789153668,2,0,0.002,4132147
1789153668,3,0,0.066,4132147
1789153669,5,0,1.079,4132147
1789153669,6,0,0.007,4132147
1789153670,4,0,1.205,4132147
1789153670,4,0,0.349,4132147
1789153670,3,0,0.009,4132147
1789153670,3,0,0.02,4132147
1789153670,2,0,0.004,4132147
1789153670,3,0,0.008,4132147
1789153672,4,0,1.284,4132147
1789153672,3,0,0.051,4132147
1789153672,3,0,0.077,4132147
1789153672,2,0,0.001,4132147
1789153672,3,0,0.047,4132147
1789153672,0,0,0.005,4132147
1789153672,1,0,0.001,4132147
1789153672,4,0,0.387,4132147
1789153672,3,0,0.06,4132147
1789153672,6,0,0.006,4132147
1789153672,3,0,0.12,4132147
1789153672,3,0,0.026,4132147
1789153673,4,0,0.506,4132147
1789153674,4,0,1.2,4132147
1789153675,5,0,0.503,4132147
1789153675,4,0,0.266,4132147
1789153675,0,0,0.006,4132147
1789153675,1,0,0.001,4132147
1789153675,3,0,0.006,4132147
1789153675,2,0,0.001,4132147
1789153675,0,0,0.005,4132147
1789153675,6,0,0.018,4132147
1789153675,3,0,0.006,4132147
1789153675,3,0,0.08,4132147
1789153675,3,0,0.065,4132147
1789153675,2,0,0.004,4132147
1789153675,2,0,0.364,4132147
1789153676,5,0,0.652,4132147
1789153677,4,0,0.539,4132147
1789153677,0,0,0.006,4132147
1789153677,2,0,0.317,4132147
1789153677,3,0,0.098,4132147
1789153677,0,0,0.004,4132147
1789153678,4,0,0.429,4132147
1789153682,7,0,4.439,4132147
1789153682,3,0,0.006,4132147
1789153682,2,0,0.5,4132147
1789153683,6,0,0.044,4132147
1789153683,6,0,0.01,4132147
1789153684,5,0,1.555,4132147
1789153684,1,0,0.001,4132147
1789153684,6,0,0.007,4132147
1789153685,4,0,0.474,4132147
1789153685,4,0,0.553,4132147
1789153685,5,0,0.13,4132147
1789153685,3,0,0.105,4132147
1789153685,0,0,0.011,4132147
1789153686,2,0,0.562,4132147
1789153687,4,0,0.701,4132147
1789153687,3,0,0.066,4132147
1789153687,4,0,0.353,4132147
1789153687,3,0,0.009,4132147
1789153690,5,0,2.993,4132147
1789153690,2,0,0.001,4132147
1789153690,6,0,0.007,4132147
1789153690,1,0,0.001,4132147
1789153692,2,0,1.61,4132147
1789153692,0,0,0.006,4132147
1789153692,4,0,0.646,4132147
1789153692,3,0,0.022,4132147
1789153692,3,0,0.012,4132147
1789153692,6,0,0.004,4132147
1789153692,3,0,0.099,4132147
1789153692,1,0,0.001,4132147
1789153693,2,0,0.906,4132147
1789153699,5,0,5.141,4132147
1789153699,0,0,0.01,4132147
1789153699,0,0,0.025,4132147
1789153699,6,0,0.003,4132147
1789153699,2,0,0.581,4132147
1789153699,3,0,0.028,4132147
1789153700,5,0,0.67,4132147
1789153701,4,0,1.218,4132147
1789153701,3,0,0.093,4132147
1789153702,4,0,0.836,4132147
1789153702,0,0,0.003,4132147
1789153702,3,0,0.065,4132147
1789153702,3,0,0.071,4132147
1789153702,3,0,0.001,4132147
1789153707,7,0,4.578,4132147
1789153707,3,0,0.076,4132147
1789153707,1,0,0.002,4132147
1789153707,2,0,0.284,4132147
1789153707,3,0,0.093,4132147
1789153707,3,0,0.046,4132147
1789153708,5,0,0.524,4132147
1789153708,3,0,0.034,4132147
1789153708,3,0,0.085,4132147
1789153708,6,0,0.005,4132147
1789153708,1,0,0.001,4132147
1789153708,5,0,0.253,4132147
1789153708,2,0,0.001,4132147
1789153708,5,0,0.111,4132147
1789153710,4,0,1.586,4132147
1789153710,3,0,0.094,4132147
1789153710,3,0,0.004,4132147
1789153710,6,0,0.018,4132147
1789153710,1,0,0.001,4132147
1789153715,5,0,4.723,4132147
1789153715,0,0,0.003,4132147
1789153715,0,0,0.005,4132147
1789153715,0,0,0.007,4132147
1789153716,4,0,1.828,4132147
1789153721,7,0,4.563,4132147
1789153721,2,0,0.003,4132147
1789153722,2,0,0.545,4132147
1789153722,4,0,0.252,4132147
1789153722,3,0,0.07,4132147
1789153722,0,0,0.007,4132147
1789153722,3,0,0.078,4132147
1789153722,6,0,0.005,4132147
1789153723,2,0,0.853,4132147
1789153723,3,0,0.111,4132147
1789153723,0,0,0.003,4132147
1789153725,4,0,1.684,4132147
1789153725,6,0,0.012,4132147
1789153725,3,0,0.07,4132147
1789153725,6,0,0.029,4132147
1789153725,3,0,0.143,4132147
1789153725,7,0,0.193,4132147
1789153726,2,0,0.776,4132147
1789153726,3,0,0.018,4132147
1789153727,4,0,1.508,4132147
1789153727,2,0,0.001,4132147
1789153728,4,0,0.531,4132147
1789153728,0,0,0.011,4132147
1789153728,6,0,0.006,4132147
1789153729,5,0,1.131,4132147
1789153730,4,0,0.703,4132147
1789153730,0,0,0.003,4132147
1789153730,2,0,0.454,4132147
1789153730,2,0,0.002,4132147
1789153731,4,0,0.738,4132147
1789153732,4,0,0.8,4132147
1789153732,2,0,0.002,4132147
1789153732,4,0,0.584,4132147
1789153734,5,0,1.61,4132147
1789153735,2,0,0.659,4132147
1789153735,0,0,0.02,4132147
1789153735,3,0,0.122,4132147
1789153736,7,0,0.717,4132147
1789153736,3,0,0.004,4132147
1789153736,4,0,0.568,4132147
1789153737,4,0,0.729,4132147
1789153738,4,0,0.92,4132147
1789153738,0,0,0.01,4132147
1789153738,6,0,0.006,4132147
1789153739,4,0,1.149,4132147
1789153739,0,0,0.01,4132147
1789153739,2,0,0.565,4132147
1789153739,3,0,0.022,4132147
1789153740,4,0,0.505,4132147
1789153740,4,0,0.444,4132147
1789153741,4,0,0.307,4132147
1789153741,0,0,0.006,4132147
1789153741,2,0,0.57,4132147
1789153741,3,0,0.024,4132147
1789153741,0,0,0.008,4132147
1789153741,0,0,0.009,4132147
1789153742,4,0,0.348,4132147
1789153746,5,0,4.184,4132147
1789153747,4,0,0.779,4132147
1789153747,2,0,0.002,4132147
1789153747,4,0,0.391,4132147
1789153748,4,0,0.484,4132147
1789153748,6,0,0.007,4132147
1789153748,5,0,0.166,4132147
1789153748,0,0,0.012,4132147
1789153748,1,0,0.002,4132147
1789153748,0,0,0.004,4132147
1789153748,3,0,0.16,4132147
1789153748,3,0,0.041,4132147
1789153748,4,0,0.29,4132147
1789153748,1,0,0.001,4132147
1789153748,6,0,0.004,4132147
1789153748,0,0,0.009,4132147
1789153748,0,0,0.008,4132147
1789153749,4,0,0.358,4132147
1789153750,4,0,1.334,4132147
1789153750,0,0,0.008,4132147
1789153750,6,0,0.005,4132147
1789153751,4,0,0.809,4132147
1789153751,3,0,0.156,4132147
1789153751,6,0,0.009,4132147
1789153751,1,0,0.001,4132147
1789153751,5,0,0.172,4132147
1789153752,5,0,0.571,4132147
1789153752,6,0,0.017,4132147
1789153752,4,0,0.448,4132147
1789153753,2,0,0.801,4132147
1789153753,3,0,0.005,4132147
1789153753,3,0,0.065,4132147
1789153754,2,0,0.896,4132147
1789153754,0,0,0.013,4132147
1789153754,6,0,0.008,4132147
1789153755,4,0,0.92,4132147
1789153755,6,0,0.009,4132147
1789153755,3,0,0.009,4132147
1789153755,6,0,0.006,4132147
1789153755,4,0,0.555,4132147
1789153756,5,0,0.101,4132147
1789153756,7,0,0.244,4132147
1789153756,4,0,0.449,4132147
1789153756,2,0,0.002,4132147
1789153756,4,0,0.247,4132147
1789153756,3,0,0.006,4132147
1789153757,2,0,0.393,4132147
1789153757,0,0,0.008,4132147
1789153757,5,0,0.142,4132147
1789153757,7,0,0.193,4132147
1789153758,5,0,0.614,4132147
1789153758,4,0,0.395,4132147
1789153758,3,0,0.041,4132147
1789153760,5,0,1.236,4132147
1789153760,4,0,0.497,4132147
1789153760,2,0,0.003,4132147
1789153761,4,0,0.785,4132147
1789153761,3,0,0.006,4132147
1789153761,4,0,0.29,4132147
1789153761,2,0,0.002,4132147
1789153762,4,0,0.505,4132147
1789153762,0,0,0.004,4132147
1789153763,4,0,1.178,4132147
1789153763,6,0,0.006,4132147
1789153764,4,0,0.722,4132147
1789153765,4,0,1.279,4132147
1789153765,4,0,0.543,4132147
1789153765,1,0,0.002,4132147
1789153766,4,0,0.535,4132147
1789153766,5,0,0.204,4132147
1789153767,4,0,1.068,4132147
1789153768,4,0,0.53,4132147
1789153769,4,0,1.247,4132147
1789153769,0,0,0.009,4132147
1789153769,3,0,0.009,4132147
1789153769,5,0,0.414,4132147
1789153769,0,0,0.006,4132147
1789153769,3,0,0.002,4132147
1789153770,5,0,0.423,4132147
1789153770,3,0,0.071,4132147
1789153770,4,0,0.441,4132147
1789153770,6,0,0.018,4132147
1789153770,6,0,0.014,4132147
1789153771,4,0,0.282,4132147
1789153771,3,0,0.045,4132147
1789153771,3,0,0.02,4132147
1789153771,2,0,0.007,4132147
1789153771,0,0,0.01,4132147
1789153771,0,0,0.004,4132147
1789153771,2,0,0.46,4132147
1789153771,0,0,0.003,4132147
1789153771,3,0,0.028,4132147
1789153772,4,0,0.729,4132147
1789153772,2,0,0.002,4132147
1789153772,4,0,0.339,4132147
1789153772,0,0,0.01,4132147
1789153776,5,0,4.075,4132147
1789153777,4,0,0.371,4132147
1789153777,2,0,0.298,4132147
1789153777,0,0,0.003,4132147
1789153778,4,0,0.851,4132147
1789153778,0,0,0.009,4132147
1789153778,0,0,0.005,4132147
1789153778,3,0,0.055,4132147
1789153778,3,0,0.032,4132147
1789153778,5,0,0.092,4132147
1789153778,6,0,0.004,4132147
1789153778,1,0,0.001,4132147
1789153778,1,0,0.001,4132147
1789153778,4,0,0.4,4132147
1789153779,3,0,0.063,4132147
1789153780,4,0,1.522,4132147
1789153780,7,0,0.197,4132147
1789153781,4,0,0.737,4132147
1789153781,4,0,0.407,4132147
1789153782,5,0,0.69,4132147
1789153782,0,0,0.004,4132147
1789153782,3,0,0.073,4132147
1789153783,5,0,0.892,4132147
1789153783,4,0,0.437,4132147
1789153787,5,0,3.632,4132147
1789153787,2,0,0.379,4132147
1789153788,4,0,0.381,4132147
1789153789,4,0,0.981,4132147
1789153789,6,0,0.004,4132147
1789153789,3,0,0.002,4132147
1789153789,3,0,0.007,4132147
1789153789,4,0,0.373,4132147
1789153790,4,0,0.331,4132147
1789153790,3,0,0.004,4132147
1789153790,2,0,0.003,4132147
1789153790,3,0,0.102,4132147
1789153790,6,0,0.008,4132147
1789153790,2,0,0.001,4132147
1789153790,2,0,0.685,4132147
1789153790,3,0,0.053,4132147
1789153790,3,0,0.011,4132147
1789153790,1,0,0.001,4132147
1789153791,4,0,0.634,4132147
1789153792,2,0,0.454,4132147
1789153792,3,0,0.034,4132147
1789153792,4,0,0.247,4132147
1789153792,6,0,0.013,4132147
1789153792,1,0,0.001,4132147
1789153792,4,0,0.503,4132147
1789153792,6,0,0.015,4132147
1789153792,0,0,0.006,4132147
1789153792,3,0,0.012,4132147
1789153792,0,0,0.007,4132147
1789153792,2,0,0.003,4132147
1789153792,0,0,0.012,4132147
1789153793,2,0,0.391,4132147
1789153793,0,0,0.008,4132147
1789153793,2,0,0.001,4132147
1789153793,4,0,0.471,4132147
1789153793,0,0,0.005,4132147
1789153793,3,0,0.009,4132147
1789153793,0,0,0.008,4132147
1789153793,2,0,0.002,4132147
1789153797,5,0,3.759,4132147
1789153798,4,0,0.51,4132147
1789153798,6,0,0.006,4132147
1789153798,4,0,0.204,4132147
1789153798,4,0,0.555,4132147
1789153798,0,0,0.013,4132147
1789153798,3,0,0.021,4132147
1789153799,4,0,0.803,4132147
1789153799,4,0,0.285,4132147
1789153799,2,0,0.002,4132147
1789153799,3,0,0.006,4132147
1789153801,4,0,1.476,4132147
1789153801,6,0,0.02,4132147
1789153801,3,0,0.199,4132147
1789153801,0,0,0.01,4132147
1789153801,0,0,0.006,4132147
1789153801,1,0,0.001,4132147
1789153801,3,0,0.118,4132147
1789153801,0,0,0.008,4132147
1789153801,3,0,0.1,4132147
1789153803,5,0,1.499,4132147
1789153803,3,0,0.061,4132147
1789153803,3,0,0.052,4132147
1789153803,0,0,0.006,4132147
1789153803,6,0,0.007,4132147
1789153804,2,0,0.696,4132147
1789153804,0,0,0.005,4132147
1789153804,0,0,0.008,4132147
1789153804,3,0,0.002,4132147
1789153804,1,0,0,4132147
1789153804,2,0,0.002,4132147
1789153804,5,0,0.573,4132147
1789153804,6,0,0.01,4132147
1789153804,2,0,0.005,4132147
1789153805,2,0,0.32,4132147
1789153805,2,0,0.002,4132147
1789153805,4,0,0.475,4132147
1789153805,6,0,0.005,4132147
1789153806,2,0,0.453,4132147
1789153806,3,0,0.005,4132147
1789153806,2,0,0.002,4132147
1789153806,3,0,0.046,4132147
1789153807,4,0,1.212,4132147
1789153807,5,0,0.221,4132147
1789153807,4,0,0.314,4132147
1789153807,0,0,0.017,4132147
1789153807,1,0,0.001,4132147
1789153807,1,0,0.001,4132147
1789153807,3,0,0.095,4132147
1789153808,3,0,0.078,4132147
1789153808,6,0,0.007,4132147
1789153808,1,0,0.001,4132147
1789153808,2,0,0.69,4132147
1789153809,4,0,0.242,4132147
1789153809,6,0,0.014,4132147
1789153809,4,0,0.52,4132147
1789153809,5,0,0.183,4132147
1789153809,3,0,0.009,4132147
1789153810,4,0,0.412,4132147
1789153811,4,0,1.091,4132147
1789153811,2,0,0.354,4132147
1789153812,4,0,0.883,4132147
1789153813,5,0,0.611,4132147
1789153813,3,0,0.003,4132147
1789153813,3,0,0.009,4132147
1789153813,3,0,0.008,4132147
1789153813,6,0,0.003,4132147
1789153813,5,0,0.105,4132147
1789153813,0,0,0.009,4132147
1789153813,0,0,0.015,4132147
1789153813,3,0,0.007,4132147
1789153813,7,0,0.153,4132147
1789153813,5,0,0.182,4132147
1789153813,6,0,0.006,4132147
1789153813,6,0,0.005,4132147
1789153813,3,0,0.064,4132147
1789153813,0,0,0.03,4132147
1789153813,6,0,0.015,4132147
1789153814,5,0,0.408,4132147
1789153815,2,0,1.134,4132147
1789153815,4,0,0.657,4132147
1789153815,0,0,0.004,4132147
1789153815,0,0,0.005,4132147
1789153815,6,0,0.009,4132147
1789153815,1,0,0.001,4132147
1789153816,4,0,0.327,4132147
1789153816,0,0,0.01,4132147
1789153816,6,0,0.006,4132147
1789153816,6,0,0.008,4132147
1789153816,6,0,0.009,4132147
1789153816,7,0,0.66,4132147
1789153816,0,0,0.007,4132147
1789153816,1,0,0.001,4132147
1789153817,4,0,0.281,4132147
1789153817,3,0,0.01,4132147
1789153817,4,0,0.622,4132147
1789153818,2,0,0.326,4132147
1789153818,2,0,0.002,4132147
1789153818,3,0,0.035,4132147
1789153818,5,0,0.1,4132147
1789153819,4,0,1.52,4132147
1789153819,6,0,0.013,4132147
1789153819,0,0,0.009,4132147
1789153819,6,0,0.015,4132147
1789153819,0,0,0.005,4132147
1789153819,0,0,0.006,4132147
1789153819,3,0,0.062,4132147
1789153819,0,0,0.01,4132147
1789153819,0,0,0.014,4132147
1789153819,0,0,0.005,4132147
1789153820,2,0,0.357,4132147
1789153820,3,0,0.027,4132147
1789153820,4,0,0.281,4132147
1789153821,4,0,0.841,4132147
1789153821,0,0,0.005,4132147
1789153822,4,0,0.589,4132147
1789153822,3,0,0.082,4132147
1789153822,3,0,0.088,4132147
1789153822,4,0,0.355,4132147
1789153822,3,0,0.048,4132147
1789153822,5,0,0.117,4132147
1789153822,1,0,0.001,4132147
1789153822,2,0,0.003,4132147
1789153823,4,0,1.138,4132147
1789153829,7,0,5.194,4132147
1789153829,2,0,0.005,4132147
1789153829,3,0,0.072,4132147
1789153829,0,0,0.005,4132147
1789153829,3,0,0.004,4132147
1789153829,6,0,0.007,4132147
1789153829,3,0,0.035,4132147
1789153829,4,0,0.216,4132147
1789153829,0,0,0.004,4132147
1789153829,2,0,0.003,4132147
1789153829,6,0,0.005,4132147
1789153829,1,0,0.002,4132147
1789153830,4,0,0.609,4132147
1789153830,0,0,0.005,4132147
1789153830,3,0,0.126,4132147
1789153830,7,0,0.207,4132147
1789153830,1,0,0.001,4132147
1789153830,6,0,0.019,4132147
1789153830,0,0,0.022,4132147
1789153830,3,0,0.041,4132147
1789153830,0,0,0.037,4132147
1789153830,2,0,0.003,4132147
1789153830,3,0,0.068,4132147
1789153831,2,0,0.54,4132147
1789153831,2,0,0.742,4132147
1789153831,3,0,0.032,4132147
1789153831,2,0,0.001,4132147
1789153831,6,0,0.006,4132147
1789153832,2,0,0.828,4132147
1789153834,4,0,1.587,4132147
1789153834,2,0,0.358,4132147
1789153834,0,0,0.007,4132147
1789153835,4,0,0.775,4132147
1789153835,0,0,0.006,4132147
1789153835,3,0,0.097,4132147
1789153835,0,0,0.052,4132147
1789153836,4,0,0.388,4132147
1789153840,5,0,4.63,4132147
1789153841,2,0,0.699,4132147
1789153842,4,0,0.893,4132147
1789153842,3,0,0.105,4132147
1789153843,2,0,0.726,4132147
1789153843,6,0,0.006,4132147
1789153843,3,0,0.064,4132147
1789153843,6,0,0.009,4132147
1789153843,4,0,0.827,4132147
1789153845,2,0,1.004,4132147
1789153845,6,0,0.009,4132147
1789153846,4,0,1.085,4132147
1789153846,4,0,0.744,4132147
1789153847,4,0,0.607,4132147
1789153847,1,0,0.002,4132147
1789153847,3,0,0.022,4132147
1789153847,6,0,0.006,4132147
1789153847,5,0,0.195,4132147
1789153847,3,0,0.026,4132147
1789153847,6,0,0.005,4132147
1789153848,4,0,0.425,4132147
1789153848,5,0,0.103,4132147
1789153848,1,0,0.002,4132147
1789153848,6,0,0.004,4132147
1789153848,3,0,0.061,4132147
1789153848,6,0,0.005,4132147
1789153849,4,0,1.025,4132147
1789153849,0,0,0.014,4132147
1789153850,4,0,0.978,4132147
1789153850,0,0,0.012,4132147
1789153851,4,0,0.79,4132147
1789153851,4,0,0.348,4132147
1789153852,4,0,0.814,4132147
1789153852,3,0,0.003,4132147
1789153852,2,0,0.004,4132147
1789153852,4,0,0.499,4132147
1789153852,3,0,0.026,4132147
1789153853,2,0,0.347,4132147
1789153853,7,0,0.168,4132147
1789153853,3,0,0.099,4132147
1789153853,2,0,0.001,4132147
1789153853,6,0,0.005,4132147
1789153853,3,0,0.059,4132147
1789153854,4,0,0.656,4132147
1789153854,3,0,0.147,4132147
1789153854,7,0,0.371,4132147
1789153854,1,0,0.002,4132147
1789153855,5,0,0.708,4132147
1789153855,5,0,0.47,4132147
1789153855,6,0,0.005,4132147
1789153859,5,0,3.662,4132147
1789153859,0,0,0.007,4132147
1789153859,2,0,0.003,4132147
1789153859,4,0,0.424,4132147
1789153860,4,0,0.375,4132147
1789153860,0,0,0.007,4132147
1789153860,4,0,0.423,4132147
1789153860,2,0,0.002,4132147
1789153862,4,0,1.835,4132147
1789153862,1,0,0.001,4132147
1789153863,5,0,0.555,4132147
1789153863,2,0,0.002,4132147
1789153863,3,0,0.002,4132147
1789153863,5,0,0.114,4132147
1789153864,4,0,1.212,4132147
1789153864,0,0,0.004,4132147
1789153864,0,0,0.012,4132147
1789153864,5,0,0.17,4132147
1789153864,0,0,0.006,4132147
1789153864,3,0,0.07,4132147
1789153864,3,0,0.058,4132147
1789153864,6,0,0.008,4132147
1789153864,2,0,0.003,4132147
1789153864,3,0,0.051,4132147
1789153864,6,0,0.008,4132147
1789153864,2,0,0.001,4132147
1789153864,6,0,0.005,4132147
1789153865,4,0,0.474,4132147
1789153866,4,0,0.751,4132147
1789153866,4,0,0.577,4132147
1789153867,4,0,0.479,4132147
1789153867,2,0,0.663,4132147
1789153867,0,0,0.014,4132147
1789153868,5,0,0.164,4132147
1789153868,0,0,0.009,4132147
1789153868,0,0,0.005,4132147
1789153868,1,0,0.001,4132147
1789153868,4,0,0.413,4132147
1789153868,3,0,0.103,4132147
1789153868,0,0,0.006,4132147
1789153868,7,0,0.34,4132147
1789153868,1,0,0.001,4132147
1789153868,0,0,0.008,4132147
1789153868,3,0,0.088,4132147
1789153869,4,0,0.338,4132147
1789153869,1,0,0.001,4132147
1789153869,1,0,0.001,4132147
1789153870,4,0,1.108,4132147
1789153870,0,0,0.008,4132147
1789153870,2,0,0.002,4132147
1789153870,0,0,0.008,4132147
1789153870,4,0,0.384,4132147
1789153871,4,0,0.702,4132147
1789153872,5,0,0.869,4132147
1789153872,0,0,0.012,4132147
1789153872,4,0,0.513,4132147
1789153872,0,0,0.01,4132147
1789153873,4,0,0.514,4132147
1789153873,2,0,0.004,4132147
1789153873,0,0,0.011,4132147
1789153873,4,0,0.429,4132147
1789153873,6,0,0.008,4132147
1789153874,4,0,0.545,4132147
1789153874,5,0,0.145,4132147
1789153874,1,0,0.001,4132147
1789153874,6,0,0.007,4132147
1789153874,0,0,0.004,4132147
1789153874,2,0,0.002,4132147
1789153874,3,0,0.005,4132147
1789153874,0,0,0.011,4132147
1789153874,4,0,0.366,4132147
1789153876,4,0,1.02,4132147
1789153876,6,0,0.018,4132147
1789153876,0,0,0.004,4132147
1789153876,5,0,0.134,4132147
1789153876,3,0,0.06,4132147
1789153876,2,0,0.002,4132147
1789153876,2,0,0.471,4132147
1789153877,4,0,0.635,4132147
1789153877,3,0,0.03,4132147
1789153877,0,0,0.005,4132147
1789153877,6,0,0.007,4132147
1789153877,1,0,0.001,4132147
1789153877,6,0,0.005,4132147
1789153877,3,0,0.035,4132147
1789153878,4,0,0.684,4132147
1789153878,3,0,0.005,4132147
1789153878,3,0,0.072,4132147
1789153878,3,0,0.03,4132147
1789153878,0,0,0.005,4132147
1789153878,3,0,0.04,4132147
1789153878,2,0,0.001,4132147
1789153878,2,0,0.001,4132147
1789153878,3,0,0.038,4132147
1789153878,0,0,0.012,4132147
1789153879,2,0,0.736,4132147
1789153879,2,0,0.454,4132147
1789153880,4,0,0.564,4132147
1789153880,1,0,0.001,4132147
1789153880,4,0,0.229,4132147
1789153880,2,0,0.433,4132147
1789153881,4,0,0.424,4132147
1789153881,6,0,0.004,4132147
1789153881,0,0,0.006,4132147
1789153881,6,0,0.021,4132147
1789153881,6,0,0.046,4132147
1789153881,3,0,0.147,4132147
1789153881,3,0,0.122,4132147
1789153881,3,0,0.022,4132147
1789153881,0,0,0.01,4132147
1789153884,5,0,3.444,4132147
1789153884,2,0,0.001,4132147
1789153884,2,0,0.001,4132147
1789153885,2,0,0.521,4132147
1789153885,6,0,0.014,4132147
1789153885,3,0,0.098,4132147
1789153885,4,0,0.261,4132147
1789153885,0,0,0.004,4132147
1789153885,0,0,0.011,4132147
1789153886,4,0,0.496,4132147
1789153886,5,0,0.196,4132147
1789153886,4,0,0.362,4132147
1789153886,6,0,0.006,4132147
1789153886,6,0,0.009,4132147
1789153887,4,0,0.326,4132147
1789153888,2,0,1.386,4132147
1789153888,0,0,0.038,4132147
1789153888,3,0,0.094,4132147
1789153888,6,0,0.011,4132147
1789153889,4,0,0.513,4132147
1789153889,4,0,0.278,4132147
1789153889,3,0,0.003,4132147
1789153892,5,0,2.46,4132147
1789153893,5,0,1.129,4132147
1789153895,2,0,2.592,4132147
1789153895,0,0,0.017,4132147
1789153896,4,0,0.346,4132147
1789153896,0,0,0.005,4132147
1789153896,0,0,0.011,4132147
1789153896,6,0,0.011,4132147
1789153896,3,0,0.005,4132147
1789153896,4,0,0.311,4132147
1789153896,0,0,0.012,4132147
1789153896,2,0,0.328,4132147
1789153896,1,0,0.002,4132147
1789153896,6,0,0.005,4132147
1789153896,6,0,0.005,4132147
1789153896,1,0,0.001,4132147
1789153897,4,0,0.516,4132147
1789153897,0,0,0.006,4132147
1789153898,4,0,1.115,4132147
1789153898,0,0,0.005,4132147
1789153898,2,0,0.003,4132147
1789153899,4,0,0.587,4132147
1789153899,2,0,0.002,4132147
1789153899,4,0,0.735,4132147
1789153900,4,0,0.57,4132147
1789153900,2,0,0.001,4132147
1789153900,6,0,0.005,4132147
1789153900,4,0,0.563,4132147
1789153901,3,0,0.074,4132147
1789153901,0,0,0.012,4132147
1789153901,3,0,0.01,4132147
1789153902,4,0,1.221,4132147
1789153904,5,0,2.668,4132147
1789153905,4,0,0.366,4132147
1789153905,1,0,0.001,4132147
1789153905,4,0,0.403,4132147
1789153905,6,0,0.004,4132147
1789153905,0,0,0.01,4132147
1789153905,0,0,0.004,4132147
1789153905,0,0,0.005,4132147
1789153905,0,0,0.005,4132147
1789153905,3,0,0.005,4132147
1789153906,2,0,0.696,4132147
1789153906,0,0,0.018,4132147
1789153907,4,0,0.72,4132147
1789153907,6,0,0.009,4132147
1789153907,2,0,0.659,4132147
1789153907,0,0,0.008,4132147
1789153907,6,0,0.008,4132147
1789153907,0,0,0.023,4132147
1789153907,0,0,0.009,4132147
1789153908,4,0,0.826,4132147
1789153908,5,0,0.113,4132147
1789153908,1,0,0.001,4132147
1789153908,3,0,0.007,4132147
1789153908,3,0,0.08,4132147
1789153908,0,0,0.004,4132147
1789153908,0,0,0.015,4132147
1789153912,5,0,3.929,4132147
1789153912,3,0,0.006,4132147
1789153912,3,0,0.003,4132147
1789153913,5,0,0.73,4132147
1789153913,0,0,0.004,4132147
1789153913,1,0,0.001,4132147
1789153914,5,0,0.605,4132147
1789153914,2,0,0.64,4132147
1789153914,3,0,0.006,4132147
1789153914,3,0,0.006,4132147
1789153914,6,0,0.004,4132147
1789153914,0,0,0.005,4132147
1789153914,6,0,0.003,4132147
1789153914,2,0,0.002,4132147
1789153919,5,0,4.907,4132147
1789153919,6,0,0.005,4132147
1789153919,3,0,0.006,4132147
1789153920,4,0,0.223,4132147
1789153920,6,0,0.008,4132147
1789153920,7,0,0.784,4132147
1789153920,3,0,0.067,4132147
1789153920,0,0,0.013,4132147
1789153920,6,0,0.007,4132147
1789153920,2,0,0.003,4132147
1789153920,3,0,0.095,4132147
1789153921,4,0,0.602,4132147
1789153921,3,0,0.007,4132147
1789153921,6,0,0.007,4132147
1789153921,3,0,0.103,4132147
1789153922,2,0,0.867,4132147
1789153922,2,0,0.399,4132147
1789153923,3,0,0.13,4132147
1789153923,5,0,0.1,4132147
1789153923,2,0,0.218,4132147
1789153925,4,0,1.668,4132147
1789153925,7,0,0.885,4132147
1789153927,5,0,1.159,4132147
1789153927,5,0,0.845,4132147
1789153928,4,0,0.802,4132147
1789153930,2,0,1.754,4132147
1789153930,3,0,0.156,4132147
1789153930,3,0,0.057,4132147
1789153930,6,0,0.008,4132147
1789153934,5,0,4.006,4132147
1789153934,3,0,0.006,4132147
1789153934,4,0,0.207,4132147
1789153935,4,0,0.4,4132147
1789153936,4,0,1.413,4132147
1789153937,4,0,0.333,4132147
1789153937,6,0,0.013,4132147
1789153937,2,0,0.005,4132147
1789153937,4,0,0.387,4132147
1789153937,0,0,0.003,4132147
1789153937,0,0,0.01,4132147
1789153938,4,0,0.469,4132147
1789153938,2,0,0.003,4132147
1789153938,2,0,0.001,4132147
1789153938,6,0,0.005,4132147
1789153938,3,0,0.038,4132147
1789153938,4,0,0.382,4132147
1789153938,3,0,0.005,4132147
1789153938,1,0,0.001,4132147
1789153938,4,0,0.506,4132147
1789153939,4,0,0.874,4132147
1789153939,0,0,0.003,4132147
1789153939,0,0,0.004,4132147
1789153939,3,0,0.051,4132147
1789153939,0,0,0.003,4132147
1789153939,3,0,0.082,4132147
1789153940,4,0,0.395,4132147
1789153940,3,0,0.063,4132147
1789153940,3,0,0.011,4132147
1789153941,4,0,1.111,4132147
1789153941,2,0,0.008,4132147
1789153941,4,0,0.34,4132147
1789153941,3,0,0.009,4132147
1789153941,2,0,0.002,4132147
1789153941,3,0,0.029,4132147
1789153941,6,0,0.007,4132147
1789153942,4,0,0.282,4132147
1789153942,0,0,0.004,4132147
1789153942,3,0,0.051,4132147
1789153943,4,0,0.809,4132147
1789153943,4,0,0.541,4132147
1789153943,2,0,0.002,4132147
1789153944,4,0,0.463,4132147
1789153944,4,0,0.447,4132147
1789153944,3,0,0.079,4132147
1789153944,2,0,0.002,4132147
1789153945,2,0,0.404,4132147
1789153945,0,0,0.004,4132147
1789153945,6,0,0.007,4132147
1789153945,6,0,0.005,4132147
1789153945,6,0,0.022,4132147
1789153945,1,0,0.002,4132147
1789153945,4,0,0.303,4132147
1789153945,7,0,0.187,4132147
1789153946,4,0,0.752,4132147
1789153946,5,0,0.126,4132147
1789153946,1,0,0.001,4132147
1789153946,2,0,0.003,4132147
1789153946,2,0,0.002,4132147
1789153946,6,0,0.007,4132147
1789153946,3,0,0.006,4132147
1789153947,2,0,0.936,4132147
1789153947,3,0,0.108,4132147
1789153952,5,0,4.637,4132147
1789153952,2,0,0.001,4132147
1789153952,3,0,0.067,4132147
1789153952,4,0,0.404,4132147
1789153952,5,0,0.272,4132147
1789153953,5,0,0.107,4132147
1789153953,3,0,0.008,4132147
1789153953,4,0,0.852,4132147
1789153953,3,0,0.04,4132147
1789153954,4,0,0.551,4132147
1789153954,4,0,0.294,4132147
1789153955,7,0,0.295,4132147
1789153955,3,0,0.045,4132147
1789153959,7,0,4.274,4132147
1789153959,6,0,0.007,4132147
1789153959,6,0,0.008,4132147
1789153959,6,0,0.006,4132147
1789153960,5,0,0.819,4132147
1789153961,4,0,0.84,4132147
1789153961,5,0,0.16,4132147
1789153961,3,0,0.014,4132147
1789153961,0,0,0.003,4132147
1789153961,6,0,0.004,4132147
1789153961,3,0,0.049,4132147
1789153961,0,0,0.008,4132147
1789153962,4,0,1.13,4132147
1789153963,2,0,0.624,4132147
1789153963,0,0,0.015,4132147
1789153963,6,0,0.009,4132147
1789153963,6,0,0.026,4132147
1789153963,4,0,0.645,4132147
1789153964,4,0,0.616,4132147
1789153964,7,0,0.572,4132147
1789153964,3,0,0.032,4132147
1789153966,4,0,1.286,4132147
1789153966,3,0,0.046,4132147
1789153966,0,0,0.013,4132147
1789153966,5,0,0.195,4132147
1789153966,3,0,0.203,4132147
1789153971,5,0,4.92,4132147
1789153971,5,0,0.124,4132147
1789153971,6,0,0.005,4132147
1789153971,0,0,0.005,4132147
1789153972,2,0,0.261,4132147
1789153972,3,0,0.384,4132147
1789153972,2,0,0.002,4132147
1789153972,3,0,0.106,4132147
1789153972,3,0,0.041,4132147
1789153972,6,0,0.03,4132147
1789153972,3,0,0.04,4132147
1789153972,3,0,0.085,4132147
1789153973,4,0,0.545,4132147
1789153973,3,0,0.055,4132147
1789153973,1,0,0.002,4132147
1789153974,7,0,0.7,4132147
1789153974,0,0,0.01,4132147
1789153974,2,0,0.401,4132147
1789153975,2,0,1.01,4132147
1789153975,0,0,0.018,4132147
1789153975,6,0,0.012,4132147
1789153975,0,0,0.016,4132147
1789153975,0,0,0.004,4132147
1789153975,2,0,0.385,4132147
1789153976,4,0,0.404,4132147
1789153976,4,0,0.354,4132147
1789153978,4,0,1.695,4132147
1789153982,5,0,4.575,4132147
1789153982,0,0,0.005,4132147
1789153983,4,0,0.669,4132147
1789153984,5,0,1.135,4132147
1789153984,0,0,0.008,4132147
1789153985,4,0,0.474,4132147
1789153985,4,0,0.66,4132147
1789153985,6,0,0.005,4132147
1789153986,4,0,1.106,4132147
1789153986,0,0,0.004,4132147
1789153987,3,0,0.126,4132147
1789153987,3,0,0.06,4132147
1789153987,4,0,0.651,4132147
1789153988,4,0,0.838,4132147
1789153992,7,0,4.309,4132147
1789153993,4,0,0.588,4132147
1789153993,3,0,0.021,4132147
1789153993,0,0,0.005,4132147
1789153993,6,0,0.004,4132147
1789153993,6,0,0.013,4132147
1789153994,4,0,1.343,4132147
1789153994,1,0,0.001,4132147
1789153994,0,0,0.013,4132147
1789153994,6,0,0.006,4132147
1789153995,5,0,0.793,4132147
1789153995,2,0,0.002,4132147
1789153995,0,0,0.032,4132147
1789153995,3,0,0.078,4132147
1789153995,3,0,0.075,4132147
1789153995,0,0,0.012,4132147
1789153995,0,0,0.007,4132147
1789153996,2,0,0.444,4132147
1789153996,2,0,0.002,4132147
1789153997,4,0,0.786,4132147
1789153997,3,0,0.068,4132147
1789153997,4,0,0.567,4132147
1789153998,4,0,0.663,4132147
1789153998,4,0,0.476,4132147
1789153998,3,0,0.023,4132147
1789153999,4,0,0.357,4132147
1789153999,3,0,0.032,4132147
1789153999,3,0,0.028,4132147
1789153999,6,0,0.007,4132147
1789153999,4,0,0.319,4132147
1789154000,4,0,0.887,4132147
1789154000,2,0,0.002,4132147
1789154000,3,0,0.048,4132147
1789154000,2,0,0.263,4132147
1789154000,3,0,0.003,4132147
1789154000,6,0,0.007,4132147
1789154000,3,0,0.074,4132147
1789154000,2,0,0.001,4132147
1789154001,3,0,0.048,4132147
1789154001,0,0,0.005,4132147
1789154001,4,0,0.688,4132147
1789154002,4,0,0.436,4132147
1789154002,3,0,0.023,4132147
1789154002,4,0,0.434,4132147
1789154002,2,0,0.003,4132147
1789154002,3,0,0.006,4132147
1789154003,4,0,0.378,4132147
1789154003,5,0,0.121,4132147
1789154003,0,0,0.007,4132147
1789154003,4,0,0.464,4132147
1789154003,3,0,0.051,4132147
1789154004,4,0,1.176,4132147
1789154004,6,0,0.012,4132147
1789154004,6,0,0.005,4132147
1789154004,6,0,0.012,4132147
1789154005,5,0,1,4132147
1789154010,5,0,4.5,4132147
1789154010,2,0,0.002,4132147
1789154010,4,0,0.476,4132147
1789154011,3,0,0.167,4132147
1789154011,3,0,0.036,4132147
1789154011,2,0,0.774,4132147
1789154012,4,0,0.727,4132147
1789154012,0,0,0.009,4132147
1789154013,4,0,1.376,4132147
1789154013,1,0,0.002,4132147
1789154013,1,0,0.001,4132147
1789154013,2,0,0.003,4132147
1789154013,6,0,0.01,4132147
1789154014,7,0,0.436,4132147
1789154014,0,0,0.015,4132147
1789154014,3,0,0.05,4132147
1789154015,4,0,0.728,4132147
1789154015,0,0,0.017,4132147
1789154015,2,0,0.386,4132147
1789154015,2,0,0.001,4132147
1789154015,6,0,0.005,4132147
1789154016,2,0,0.62,4132147
1789154016,2,0,0.003,4132147
1789154016,2,0,0.503,4132147
1789154016,3,0,0.208,4132147
1789154017,5,0,0.213,4132147
1789154017,4,0,0.41,4132147
1789154017,3,0,0.006,4132147
1789154017,3,0,0.104,4132147
1789154017,3,0,0.07,4132147
1789154018,4,0,0.675,4132147
1789154018,4,0,0.307,4132147
1789154022,5,0,3.862,4132147
1789154022,3,0,0.044,4132147
1789154022,0,0,0.034,4132147
1789154022,3,0,0.013,4132147
1789154022,3,0,0.009,4132147
1789154022,0,0,0.004,4132147
1789154022,0,0,0.005,4132147
1789154022,2,0,0.002,4132147
1789154022,1,0,0.001,4132147
1789154022,5,0,0.098,4132147
1789154023,4,0,0.649,4132147
1789154023,0,0,0.004,4132147
1789154023,1,0,0.001,4132147
1789154023,4,0,0.439,4132147
1789154024,4,0,0.41,4132147
1789154024,3,0,0.008,4132147
1789154024,6,0,0.006,4132147
1789154024,0,0,0.012,4132147
1789154024,5,0,0.167,4132147
1789154024,0,0,0.002,4132147
1789154025,4,0,1.367,4132147
1789154026,4,0,0.53,4132147
1789154026,3,0,0.092,4132147
1789154026,4,0,0.284,4132147
1789154026,3,0,0.063,4132147
1789154026,0,0,0.004,4132147
1789154027,4,0,0.443,4132147
1789154027,3,0,0.074,4132147
1789154027,4,0,0.468,4132147
1789154027,3,0,0.057,4132147
1789154027,2,0,0.002,4132147
1789154027,0,0,0.006,4132147
1789154028,4,0,0.388,4132147
1789154028,3,0,0.038,4132147
1789154028,2,0,0.002,4132147
1789154028,3,0,0.015,4132147
1789154028,3,0,0.012,4132147
1789154031,5,0,3.45,4132147
1789154031,5,0,0.145,4132147
1789154031,0,0,0.016,4132147
1789154032,2,0,0.716,4132147
1789154032,0,0,0.012,4132147
1789154032,3,0,0.024,4132147
1789154032,3,0,0.01,4132147
1789154032,6,0,0.017,4132147
1789154032,2,0,0.002,4132147
1789154032,3,0,0.102,4132147
1789154033,4,0,0.533,4132147
1789154033,0,0,0.005,4132147
1789154034,4,0,0.79,4132147
1789154035,4,0,1.437,4132147
1789154035,3,0,0.075,4132147
1789154037,2,0,1.985,4132147
1789154037,3,0,0.041,4132147
1789154037,6,0,0.007,4132147
1789154037,2,0,0.002,4132147
1789154037,6,0,0.009,4132147
1789154037,3,0,0.118,4132147
1789154037,3,0,0.012,4132147
1789154037,3,0,0.007,4132147
1789154038,4,0,0.636,4132147
1789154038,6,0,0.005,4132147
1789154038,0,0,0.004,4132147
1789154038,1,0,0.001,4132147
1789154038,0,0,0.011,4132147
1789154038,2,0,0.003,4132147
1789154039,4,0,0.51,4132147
1789154039,0,0,0.009,4132147
1789154039,4,0,0.421,4132147
1789154039,0,0,0.005,4132147
1789154039,0,0,0.005,4132147
1789154039,0,0,0.043,4132147
1789154039,6,0,0.015,4132147
1789154043,5,0,4.46,4132147
1789154043,6,0,0.01,4132147
1789154043,2,0,0.003,4132147
1789154044,4,0,0.745,4132147
1789154045,4,0,0.764,4132147
1789154045,3,0,0.015,4132147
1789154046,5,0,0.534,4132147
1789154046,5,0,0.11,4132147
1789154046,4,0,0.329,4132147
1789154046,2,0,0.253,4132147
1789154046,0,0,0.004,4132147
1789154046,2,0,0.001,4132147
1789154046,3,0,0.038,4132147
1789154046,3,0,0.051,4132147
1789154046,3,0,0.054,4132147
1789154046,3,0,0.006,4132147
1789154046,3,0,0.087,4132147
1789154047,3,0,0.047,4132147
1789154047,0,0,0.004,4132147
1789154048,5,0,1.316,4132147
1789154048,3,0,0.094,4132147
1789154048,1,0,0.001,4132147
1789154049,5,0,0.981,4132147
1789154049,3,0,0.091,4132147
1789154049,0,0,0.005,4132147
1789154049,2,0,0.451,4132147
1789154049,6,0,0.016,4132147
1789154050,2,0,0.917,4132147
1789154050,0,0,0.004,4132147
1789154051,5,0,0.135,4132147
1789154052,2,0,1.174,4132147
1789154052,3,0,0.061,4132147
1789154052,5,0,0.232,4132147
1789154052,3,0,0.048,4132147
1789154052,6,0,0.008,4132147
1789154052,6,0,0.004,4132147
1789154053,4,0,0.494,4132147
1789154053,6,0,0.033,4132147
1789154053,6,0,0.018,4132147
1789154053,0,0,0.01,4132147
1789154054,2,0,1.346,4132147
1789154054,3,0,0.207,4132147
1789154054,1,0,0.001,4132147
1789154056,2,0,2.005,4132147
1789154056,3,0,0.051,4132147
1789154056,3,0,0.005,4132147
1789154056,1,0,0.001,4132147
1789154062,5,0,5.71,4132147
1789154062,0,0,0.004,4132147
1789154062,6,0,0.013,4132147
1789154062,5,0,0.522,4132147
1789154062,2,0,0.002,4132147
1789154063,6,0,0.015,4132147
1789154063,4,0,0.6,4132147
1789154064,4,0,0.519,4132147
1789154064,2,0,0.002,4132147
1789154064,0,0,0.005,4132147
1789154064,4,0,0.276,4132147
1789154064,3,0,0.063,4132147
1789154064,2,0,0.002,4132147
1789154064,0,0,0.006,4132147
1789154064,2,0,0.287,4132147
1789154064,0,0,0.002,4132147
1789154064,3,0,0.038,4132147
1789154065,2,0,0.811,4132147
1789154065,6,0,0.01,4132147
1789154065,4,0,0.267,4132147
1789154065,0,0,0.007,4132147
1789154065,0,0,0.051,4132147
1789154066,4,0,0.824,4132147
1789154066,3,0,0.088,4132147
1789154067,3,0,0.148,4132147
1789154067,0,0,0.007,4132147
1789154067,5,0,0.833,4132147
1789154068,4,0,0.969,4132147
1789154068,0,0,0.003,4132147
1789154069,4,0,0.696,4132147
1789154069,1,0,0.002,4132147
1789154069,3,0,0.077,4132147
1789154075,5,0,5.77,4132147
1789154075,6,0,0.008,4132147
1789154076,4,0,0.633,4132147
1789154077,4,0,1.268,4132147
1789154077,0,0,0.007,4132147
1789154077,0,0,0.004,4132147
1789154078,4,0,0.991,4132147
1789154078,2,0,0,4132147
1789154080,4,0,1.815,4132147
1789154080,6,0,0.007,4132147
1789154080,4,0,0.801,4132147
1789154080,0,0,0.01,4132147
1789154081,5,0,0.699,4132147
1789154081,1,0,0.001,4132147
1789154081,0,0,0.003,4132147
1789154081,2,0,0.002,4132147
1789154082,4,0,1.066,4132147
1789154084,5,0,1.728,4132147
1789154084,3,0,0.069,4132147
1789154084,2,0,0.004,4132147
1789154084,2,0,0.019,4132147
1789154084,6,0,0.01,4132147
1789154084,3,0,0.169,4132147
1789154087,7,0,2.986,4132147
1789154089,4,0,1.484,4132147
1789154089,3,0,0.005,4132147
1789154090,4,0,1.698,4132147
1789154093,4,0,2.453,4132147
1789154094,2,0,0.976,4132147
1789154094,1,0,0.001,4132147
1789154094,0,0,0.008,4132147
1789154095,4,0,0.735,4132147
1789154095,3,0,0.042,4132147
1789154096,4,0,1.458,4132147
1789154100,5,0,3.797,4132147
1789154100,1,0,0.002,4132147
1789154101,4,0,0.851,4132147
1789154101,7,0,0.154,4132147
1789154101,0,0,0.014,4132147
1789154101,0,0,0.014,4132147
1789154101,0,0,0.006,4132147
1789154101,2,0,0.004,4132147
1789154102,5,0,0.709,4132147
1789154102,3,0,0.026,4132147
1789154102,3,0,0.064,4132147
1789154102,2,0,0.319,4132147
1789154104,4,0,1.626,4132147
1789154105,4,0,1.051,4132147
1789154105,2,0,0.003,4132147
1789154105,2,0,0.002,4132147
1789154105,5,0,0.422,4132147
1789154105,1,0,0.001,4132147
1789154106,2,0,0.507,4132147
1789154106,5,0,0.233,4132147
1789154106,3,0,0.057,4132147
1789154106,1,0,0.001,4132147
1789154106,6,0,0.007,4132147
1789154106,4,0,0.337,4132147
1789154106,3,0,0.104,4132147
1789154106,3,0,0.016,4132147
1789154107,4,0,0.513,4132147
1789154107,4,0,0.576,4132147
1789154107,1,0,0.001,4132147
1789154109,7,0,1.204,4132147
1789154109,4,0,0.597,4132147
1789154109,3,0,0.053,4132147
1789154109,6,0,0.006,4132147
1789154109,0,0,0.005,4132147
1789154109,3,0,0.018,4132147
1789154110,4,0,0.308,4132147
1789154110,1,0,0.001,4132147
1789154110,4,0,0.715,4132147
1789154110,6,0,0.006,4132147
1789154110,1,0,0.002,4132147
1789154110,3,0,0.094,4132147
1789154110,2,0,0.002,4132147
1789154110,0,0,0.003,4132147
1789154110,0,0,0.014,4132147
1789154111,4,0,0.918,4132147
1789154112,2,0,0.564,4132147
1789154112,5,0,0.444,4132147
1789154114,2,0,1.204,4132147
1789154114,1,0,0.001,4132147
1789154114,4,0,0.503,4132147
1789154114,1,0,0.001,4132147
1789154115,4,0,0.677,4132147
1789154115,0,0,0.003,4132147
1789154115,5,0,0.17,4132147
1789154115,6,0,0.013,4132147
1789154115,3,0,0.094,4132147
1789154115,6,0,0.007,4132147
1789154116,2,0,0.936,4132147
1789154116,1,0,0.001,4132147
1789154116,2,0,0.002,4132147
1789154117,4,0,1.09,4132147
1789154118,4,0,1.198,4132147
1789154118,0,0,0.013,4132147
1789154119,4,0,0.736,4132147
1789154119,2,0,0.368,4132147
1789154124,7,0,4.373,4132147
1789154124,0,0,0.005,4132147
1789154124,3,0,0.01,4132147
1789154124,6,0,0.008,4132147
1789154124,3,0,0.007,4132147
1789154128,5,0,4.074,4132147
1789154128,4,0,0.376,4132147
1789154128,3,0,0.059,4132147
1789154128,0,0,0.008,4132147
1789154128,2,0,0.002,4132147
1789154128,3,0,0.015,4132147
1789154129,5,0,0.139,4132147
1789154129,2,0,0.002,4132147
1789154129,4,0,0.019,4132147
1789154129,4,0,0.874,4132147
1789154130,4,0,0.776,4132147
1789154130,6,0,0.006,4132147
1789154131,2,0,0.977,4132147
1789154131,3,0,0.004,4132147
1789154131,0,0,0.005,4132147
1789154133,5,0,1.478,4132147
1789154133,4,0,0.838,4132147
1789154133,1,0,0.002,4132147
1789154133,6,0,0.005,4132147
1789154134,2,0,0.003,4132147
1789154134,3,0,0.019,4132147
1789154135,7,0,1.42,4132147
1789154136,4,0,0.674,4132147
1789154136,3,0,0.067,4132147
1789154136,3,0,0.006,4132147
1789154136,5,0,0.408,4132147
1789154136,2,0,0.003,4132147
1789154136,3,0,0.07,4132147
1789154137,5,0,0.676,4132147
1789154138,5,0,0.701,4132147
1789154141,5,0,3.363,4132147
1789154141,3,0,0.06,4132147
1789154141,1,0,0.002,4132147
1789154142,4,0,1.062,4132147
1789154142,0,0,0.008,4132147
1789154146,7,0,3.555,4132147
1789154146,3,0,0.006,4132147
1789154146,4,0,0.396,4132147
1789154146,3,0,0.009,4132147
1789154146,6,0,0.006,4132147
1789154146,0,0,0.008,4132147
1789154146,2,0,0.468,4132147
1789154147,3,0,0.054,4132147
1789154147,2,0,0.362,4132147
1789154147,0,0,0.011,4132147
1789154147,6,0,0.004,4132147
1789154147,3,0,0.008,4132147
1789154147,1,0,0.001,4132147
1789154147,0,0,0.006,4132147
1789154147,0,0,0.011,4132147
1789154148,4,0,0.823,4132147
1789154148,3,0,0.003,4132147
1789154148,3,0,0.133,4132147
1789154148,5,0,0.537,4132147
1789154148,0,0,0.009,4132147
1789154148,2,0,0.002,4132147
1789154148,2,0,0.002,4132147
1789154149,4,0,0.191,4132147
1789154149,6,0,0.023,4132147
1789154149,3,0,0.063,4132147
1789154149,7,0,0.756,4132147
1789154150,4,0,0.168,4132147
1789154150,0,0,0.007,4132147
1789154150,0,0,0.007,4132147
1789154150,3,0,0.05,4132147
1789154150,1,0,0.001,4132147
1789154152,2,0,1.783,4132147
1789154153,5,0,1.914,4132147
1789154153,6,0,0.011,4132147
1789154155,4,0,1.099,4132147
1789154155,5,0,0.961,4132147
1789154155,1,0,0.001,4132147
1789154155,2,0,0.001,4132147
1789154156,3,0,0.007,4132147
1789154156,0,0,0.012,4132147
1789154156,2,0,0.523,4132147
1789154156,1,0,0.001,4132147
1789154156,6,0,0.008,4132147
1789154158,5,0,2.118,4132147
1789154158,3,0,0.006,4132147
1789154159,5,0,0.99,4132147
1789154159,3,0,0.01,4132147
1789154159,2,0,0.004,4132147
1789154159,6,0,0.011,4132147
1789154161,5,0,1.993,4132147
1789154161,3,0,0.05,4132147
1789154161,3,0,0.151,4132147
1789154162,2,0,0.54,4132147
1789154162,3,0,0.003,4132147
1789154162,0,0,0.008,4132147
1789154162,1,0,0.002,4132147
1789154162,5,0,0.141,4132147
1789154162,3,0,0.065,4132147
1789154162,2,0,0.26,4132147
1789154162,3,0,0.007,4132147
1789154163,3,0,0.098,4132147
1789154163,4,0,0.778,4132147
1789154164,4,0,0.6,4132147
1789154164,3,0,0.011,4132147
1789154165,4,0,0.631,4132147
1789154165,4,0,0.45,4132147
1789154165,1,0,0.001,4132147
1789154166,2,0,0.534,4132147
1789154166,3,0,0.062,4132147
1789154166,1,0,0.001,4132147
1789154166,3,0,0.006,4132147
1789154166,5,0,0.737,4132147
1789154166,1,0,0.001,4132147
1789154167,4,0,0.511,4132147
1789154167,4,0,0.355,4132147
1789154167,1,0,0.001,4132147
1789154167,4,0,0.198,4132147
1789154167,6,0,0.009,4132147
1789154167,2,0,0.001,4132147
1789154167,3,0,0.077,4132147
1789154167,6,0,0.007,4132147
1789154167,2,0,0.002,4132147
1789154167,6,0,0.009,4132147
1789154168,5,0,0.687,4132147
1789154168,6,0,0.005,4132147
1789154169,2,0,0.455,4132147
1789154169,5,0,0.228,4132147
1789154169,4,0,0.262,4132147
1789154169,4,0,0.343,4132147
1789154170,5,0,0.677,4132147
1789154170,3,0,0.047,4132147
1789154170,0,0,0.004,4132147
1789154171,4,0,0.763,4132147
1789154171,3,0,0.072,4132147
1789154171,3,0,0.05,4132147
1789154171,0,0,0.007,4132147
1789154171,0,0,0.005,4132147
1789154172,4,0,0.557,4132147
1789154173,4,0,1.267,4132147
1789154173,5,0,0.378,4132147
1789154173,0,0,0.008,4132147
1789154173,0,0,0.01,4132147
1789154173,3,0,0.012,4132147
1789154176,5,0,3.024,4132147
1789154178,4,0,1.664,4132147
1789154178,0,0,0.051,4132147
1789154178,0,0,0.005,4132147
1789154178,1,0,0.001,4132147
1789154178,3,0,0.034,4132147
1789154178,6,0,0.004,4132147
1789154179,2,0,0.561,4132147
1789154179,0,0,0.018,4132147
1789154179,6,0,0.008,4132147
1789154179,6,0,0.021,4132147
1789154179,5,0,0.51,4132147
1789154179,2,0,0.017,4132147
1789154179,0,0,0.012,4132147
1789154179,3,0,0.009,4132147
1789154179,0,0,0.004,4132147
1789154180,2,0,0.626,4132147
1789154180,2,0,0.002,4132147
1789154180,0,0,0.007,4132147
1789154180,4,0,0.567,4132147
1789154180,1,0,0.001,4132147
1789154180,3,0,0.006,4132147
1789154181,3,0,0.133,4132147
1789154181,0,0,0.02,4132147
1789154181,0,0,0.014,4132147
1789154181,4,0,0.43,4132147
1789154181,6,0,0.006,4132147
1789154181,0,0,0.02,4132147
1789154182,4,0,0.566,4132147
1789154182,6,0,0.007,4132147
1789154182,2,0,0.002,4132147
1789154182,4,0,0.561,4132147
1789154183,5,0,1.022,4132147
1789154184,4,0,0.491,4132147
1789154184,3,0,0.023,4132147
1789154184,3,0,0.043,4132147
1789154187,5,0,3.447,4132147
1789154188,4,0,0.482,4132147
1789154188,3,0,0.12,4132147
1789154188,2,0,0.493,4132147
1789154188,6,0,0.007,4132147
1789154188,3,0,0.078,4132147
1789154189,4,0,0.378,4132147
1789154189,3,0,0.004,4132147
1789154189,6,0,0.008,4132147
1789154190,4,0,0.781,4132147
1789154194,5,0,4.257,4132147
1789154194,6,0,0.014,4132147
1789154194,3,0,0.037,4132147
1789154194,1,0,0.002,4132147
1789154194,0,0,0.006,4132147
1789154194,2,0,0.364,4132147
1789154195,5,0,0.376,4132147
1789154195,3,0,0.024,4132147
1789154195,6,0,0.008,4132147
1789154195,0,0,0.006,4132147
1789154195,4,0,0.45,4132147
1789154195,0,0,0.005,4132147
1789154195,3,0,0.005,4132147
1789154196,2,0,0.84,4132147
1789154196,6,0,0.017,4132147
1789154196,3,0,0.033,4132147
1789154196,5,0,0.133,4132147
1789154196,3,0,0.057,4132147
1789154197,2,0,0.733,4132147
1789154198,4,0,0.749,4132147
1789154198,0,0,0.008,4132147
1789154198,0,0,0.029,4132147
1789154201,5,0,3.16,4132147
1789154202,4,0,0.778,4132147
1789154202,2,0,0.003,4132147
1789154202,6,0,0.009,4132147
1789154202,2,0,0.665,4132147
1789154203,4,0,0.42,4132147
1789154203,0,0,0.014,4132147
1789154203,7,0,0.131,4132147
1789154203,5,0,0.154,4132147
1789154204,4,0,0.54,4132147
1789154205,4,0,1.275,4132147
1789154205,6,0,0.006,4132147
1789154206,4,0,1.554,4132147
1789154207,0,0,0.066,4132147
1789154207,6,0,0.032,4132147
1789154207,3,0,0.149,4132147
1789154207,0,0,0.01,4132147
1789154207,0,0,0.009,4132147
1789154207,2,0,0.369,4132147
1789154207,5,0,0.094,4132147
1789154207,6,0,0.007,4132147
1789154207,3,0,0.114,4132147
1789154207,6,0,0.005,4132147
1789154208,2,0,0.638,4132147
1789154208,0,0,0.02,4132147
1789154208,0,0,0.009,4132147
1789154209,4,0,0.672,4132147
1789154209,3,0,0.078,4132147
1789154209,2,0,0.317,4132147
1789154209,6,0,0.01,4132147
1789154210,4,0,0.55,4132147
1789154210,0,0,0.006,4132147
1789154210,3,0,0.067,4132147
1789154210,2,0,0.393,4132147
1789154210,0,0,0.006,4132147
1789154210,0,0,0.011,4132147
1789154210,4,0,0.282,4132147
1789154210,0,0,0.008,4132147
1789154210,0,0,0.01,4132147
1789154210,3,0,0.019,4132147
1789154210,1,0,0.002,4132147
1789154211,2,0,0.243,4132147
1789154211,0,0,0.013,4132147
1789154211,0,0,0.004,4132147
1789154211,4,0,0.417,4132147
1789154211,6,0,0.007,4132147
1789154212,4,0,0.492,4132147
1789154212,3,0,0.045,4132147
1789154212,5,0,0.101,4132147
1789154212,1,0,0.001,4132147
1789154212,2,0,0.003,4132147
1789154212,3,0,0.006,4132147
1789154213,2,0,1.212,4132147
1789154213,2,0,0.001,4132147
1789154213,0,0,0.007,4132147
1789154213,4,0,0.386,4132147
1789154213,3,0,0.008,4132147
1789154213,2,0,0.001,4132147
1789154213,3,0,0.037,4132147
1789154214,4,0,0.321,4132147
1789154214,6,0,0.005,4132147
1789154214,6,0,0.007,4132147
1789154214,7,0,0.182,4132147
1789154214,0,0,0.01,4132147
1789154214,0,0,0.003,4132147
1789154214,6,0,0.008,4132147
1789154214,2,0,0.003,4132147
1789154214,7,0,0.166,4132147
1789154215,5,0,0.576,4132147
1789154215,3,0,0.03,4132147
1789154215,3,0,0.048,4132147
1789154215,3,0,0.008,4132147
1789154215,2,0,0.003,4132147
1789154215,3,0,0.051,4132147
1789154219,5,0,3.783,4132147
1789154219,4,0,0.476,4132147
1789154219,0,0,0.016,4132147
1789154219,0,0,0.013,4132147
1789154220,4,0,0.385,4132147
1789154220,4,0,0.435,4132147
1789154220,6,0,0.005,4132147
1789154220,4,0,0.192,4132147
1789154220,3,0,0.061,4132147
1789154220,0,0,0.002,4132147
1789154220,5,0,0.11,4132147
1789154220,6,0,0.005,4132147
1789154221,4,0,0.453,4132147
1789154225,7,0,3.837,4132147
1789154225,0,0,0.007,4132147
1789154225,3,0,0.097,4132147
1789154225,6,0,0.003,4132147
1789154225,3,0,0.009,4132147
1789154225,4,0,0.706,4132147
1789154227,4,0,1.716,4132147
1789154227,7,0,0.254,4132147
1789154227,0,0,0.01,4132147
1789154227,3,0,0.024,4132147
1789154228,2,0,0.988,4132147
1789154228,6,0,0.007,4132147
1789154228,0,0,0.004,4132147
1789154229,4,0,0.644,4132147
1789154229,0,0,0.005,4132147
1789154230,4,0,1.228,4132147
1789154230,3,0,0.006,4132147
1789154232,4,0,1.209,4132147
1789154232,0,0,0.006,4132147
1789154232,6,0,0.007,4132147
1789154232,3,0,0.006,4132147
1789154232,1,0,0.001,4132147
1789154232,6,0,0.01,4132147
1789154232,6,0,0.005,4132147
1789154232,5,0,0.633,4132147
1789154233,5,0,1.074,4132147
1789154233,2,0,0.001,4132147
1789154233,1,0,0.001,4132147
1789154234,7,0,0.653,4132147
1789154234,0,0,0.003,4132147
1789154234,0,0,0.003,4132147
1789154234,2,0,0.002,4132147
1789154234,4,0,0.274,4132147
1789154234,2,0,0.002,4132147
1789154234,1,0,0.001,4132147
1789154235,4,0,0.501,4132147
1789154235,3,0,0.021,4132147
1789154235,4,0,0.282,4132147
1789154235,0,0,0.004,4132147
1789154236,4,0,1.146,4132147
1789154236,0,0,0.004,4132147
1789154236,3,0,0.154,4132147
1789154237,4,0,0.953,4132147
1789154238,5,0,0.484,4132147
1789154238,4,0,0.219,4132147
1789154238,2,0,0.306,4132147
1789154239,4,0,0.379,4132147
1789154239,0,0,0.004,4132147
1789154239,4,0,0.468,4132147
1789154240,2,0,0.5,4132147
1789154244,5,0,3.967,4132147
1789154244,1,0,0.003,4132147
1789154244,4,0,0.373,4132147
1789154244,3,0,0.115,4132147
1789154244,2,0,0.337,4132147
1789154245,4,0,0.325,4132147
1789154245,3,0,0.004,4132147
1789154245,2,0,0.519,4132147
1789154246,2,0,0.68,4132147
1789154246,0,0,0.009,4132147
1789154247,5,0,0.703,4132147
1789154247,5,0,0.111,4132147
1789154248,4,0,0.829,4132147
1789154248,3,0,0.052,4132147
1789154248,2,0,0.004,4132147
1789154248,4,0,0.424,4132147
1789154253,7,0,5.06,4132147
1789154253,1,0,0.001,4132147
1789154253,4,0,0.256,4132147
1789154254,4,0,0.328,4132147
1789154254,5,0,0.127,4132147
1789154254,2,0,0.001,4132147
1789154254,6,1,0.006,4132147
1789154255,2,0,0.663,4132147
1789154255,4,0,0.353,4132147
1789154255,3,0,0.027,4132147
1789154255,2,0,0.005,4132147
1789154255,3,0,0.038,4132147
1789154255,1,0,0.001,4132147
1789154255,3,0,0.075,4132147
1789154255,2,0,0.001,4132147
1789154255,4,0,0.408,4132147
1789154255,0,0,0.007,4132147
1789154256,5,0,0.159,4132147
1789154256,0,0,0.003,4132147
1789154256,2,0,0.003,4132147
1789154256,4,0,0.556,4132147
1789154257,4,0,0.503,4132147
1789154258,2,0,0.895,4132147
1789154258,4,0,0.325,4132147
1789154258,2,0,0.004,4132147
1789154264,5,0,6.178,4132147
1789154264,6,0,0.006,4132147
1789154264,2,0,0.252,4132147
1789154264,0,0,0.007,4132147
1789154264,0,0,0.01,4132147
1789154264,0,0,0.005,4132147
1789154264,3,0,0.102,4132147
1789154264,0,0,0.006,4132147
1789154264,3,0,0.008,4132147
1789154266,5,0,1.965,4132147
1789154267,5,0,0.245,4132147
1789154267,2,0,0.002,4132147
1789154267,4,0,0.419,4132147
1789154268,4,0,0.56,4132147
1789154268,4,0,0.789,4132147
1789154268,6,0,0.006,4132147
1789154268,3,0,0.004,4132147
1789154269,5,0,0.679,4132147
1789154270,5,0,0.555,4132147
1789154270,4,0,0.69,4132147
1789154270,1,0,0.001,4132147
1789154270,2,0,0.005,4132147
1789154270,0,0,0.01,4132147
1789154271,5,0,0.144,4132147
1789154271,3,0,0.004,4132147
1789154272,2,0,1.312,4132147
1789154273,4,0,0.753,4132147
1789154273,3,0,0.005,4132147
1789154273,3,0,0.021,4132147
1789154273,3,0,0.018,4132147
1789154273,4,0,0.293,4132147
1789154273,6,0,0.005,4132147
1789154273,3,0,0.059,4132147
1789154273,6,0,0.005,4132147
1789154273,2,0,0.001,4132147
1789154273,6,0,0.017,4132147
1789154274,4,0,0.588,4132147
1789154275,2,0,1.76,4132147
1789154275,3,0,0.025,4132147
1789154276,5,0,0.108,4132147
1789154276,2,0,0.001,4132147
1789154276,1,0,0.001,4132147
1789154276,3,0,0.037,4132147
1789154276,3,0,0.002,4132147
1789154280,5,0,4.583,4132147
1789154280,6,0,0.054,4132147
1789154281,2,0,0.913,4132147
1789154281,4,0,0.306,4132147
1789154281,0,0,0.005,4132147
1789154281,2,0,0.001,4132147
1789154281,2,0,0.002,4132147
1789154281,2,0,0.001,4132147
1789154281,3,0,0.042,4132147
1789154282,4,0,0.311,4132147
1789154282,2,0,0.004,4132147
1789154282,2,0,0.001,4132147
1789154282,1,0,0.001,4132147
1789154282,3,0,0.003,4132147
1789154282,3,0,0.011,4132147
1789154283,4,0,0.891,4132147
1789154284,2,0,1.422,4132147
1789154284,1,0,0.001,4132147
1789154284,2,0,0.001,4132147
1789154285,4,0,0.388,4132147
1789154286,4,0,1.133,4132147
1789154286,6,0,0.006,4132147
1789154286,4,0,0.235,4132147
1789154286,0,0,0.008,4132147
1789154286,2,0,0.003,4132147
1789154286,1,0,0.001,4132147
1789154289,5,0,2.761,4132147
1789154289,4,0,0.734,4132147
1789154290,2,0,0.699,4132147
1789154290,0,0,0.011,4132147
1789154290,3,0,0.084,4132147
1789154290,3,0,0.01,4132147
1789154290,3,0,0.063,4132147
1789154290,3,0,0.005,4132147
1789154294,5,0,3.877,4132147
1789154294,3,0,0.076,4132147
1789154294,0,0,0.008,4132147
1789154295,4,0,0.636,4132147
1789154295,1,0,0,4132147
1789154296,2,0,0.767,4132147
1789154296,4,0,0.695,4132147
1789154296,6,0,0.005,4132147
1789154296,6,0,0.004,4132147
1789154296,0,0,0.013,4132147
1789154297,4,0,0.473,4132147
1789154297,0,0,0.014,4132147
1789154297,0,0,0.014,4132147
1789154297,6,0,0.005,4132147
1789154298,4,0,1.089,4132147
1789154298,6,0,0.022,4132147
1789154299,4,0,0.605,4132147
1789154299,6,0,0.007,4132147
1789154299,0,0,0.009,4132147
1789154299,0,0,0.011,4132147
1789154302,5,0,3.844,4132147
1789154302,6,0,0.006,4132147
1789154302,3,0,0.001,4132147
1789154308,7,0,5.464,4132147
1789154308,3,0,0.011,4132147
1789154308,4,0,0.539,4132147
1789154309,3,0,0.074,4132147
1789154309,3,0,0.029,4132147
1789154309,3,0,0.112,4132147
1789154309,1,0,0.002,4132147
1789154309,0,0,0.022,4132147
1789154309,4,0,0.635,4132147
1789154310,2,0,0.621,4132147
1789154310,3,0,0.108,4132147
1789154311,4,0,1.154,4132147
1789154312,4,0,0.605,4132147
1789154313,4,0,0.802,4132147
1789154313,4,0,0.712,4132147
1789154314,5,0,0.988,4132147
1789154314,5,0,0.125,4132147
1789154314,0,0,0.011,4132147
1789154315,7,0,0.525,4132147
1789154315,0,0,0.005,4132147
1789154315,3,0,0.017,4132147
1789154316,4,0,0.495,4132147
1789154316,0,0,0.011,4132147
1789154316,4,0,0.654,4132147
1789154317,4,0,0.433,4132147
1789154317,6,0,0.005,4132147
1789154317,3,0,0.049,4132147
1789154317,2,0,0.002,4132147
1789154317,5,0,0.606,4132147
1789154317,5,0,0.119,4132147
1789154317,0,0,0.005,4132147
1789154317,6,0,0.01,4132147
1789154318,4,0,0.527,4132147
1789154318,2,0,0.526,4132147
1789154318,0,0,0.004,4132147
1789154318,2,0,0.003,4132147
1789154320,4,0,1.286,4132147
1789154320,3,0,0.084,4132147
1789154320,4,0,0.253,4132147
1789154320,6,0,0.005,4132147
1789154320,6,0,0.006,4132147
1789154320,0,0,0.009,4132147
1789154320,1,0,0.001,4132147
1789154321,2,0,1.247,4132147
1789154322,4,0,0.51,4132147
1789154322,6,0,0.009,4132147
1789154322,1,0,0.001,4132147
1789154323,4,0,0.77,4132147
1789154323,4,0,0.688,4132147
1789154323,3,0,0.089,4132147
1789154323,2,0,0.003,4132147
1789154323,0,0,0.004,4132147
1789154323,0,0,0.005,4132147
1789154323,3,0,0.038,4132147
1789154324,4,0,0.56,4132147
1789154324,6,0,0.005,4132147
1789154324,6,0,0.005,4132147
1789154324,4,0,0.434,4132147
1789154324,6,0,0.004,4132147
1789154325,4,0,0.416,4132147
1789154325,6,0,0.011,4132147
1789154325,3,0,0.079,4132147
1789154325,3,0,0.008,4132147
1789154325,3,0,0.036,4132147
1789154325,4,0,0.402,4132147
1789154325,3,0,0.039,4132147
1789154326,4,0,0.396,4132147
1789154328,4,0,1.832,4132147
1789154328,2,0,0.003,4132147
1789154329,4,0,1.386,4132147
1789154329,0,0,0.005,4132147
1789154329,3,0,0.072,4132147
1789154330,4,0,0.448,4132147
1789154330,0,0,0.009,4132147
1789154330,1,0,0.001,4132147
1789154330,0,0,0.007,4132147
1789154330,3,0,0.049,4132147
1789154330,3,0,0.006,4132147
1789154330,3,0,0.011,4132147
1789154331,4,0,0.924,4132147
1789154331,4,0,0.508,4132147
1789154331,3,0,0.017,4132147
1789154331,5,0,0.113,4132147
1789154331,1,0,0.001,4132147
1789154331,0,0,0.012,4132147
1789154331,1,0,0.001,4132147
1789154332,4,0,0.541,4132147
1789154332,3,0,0.012,4132147
1789154332,1,0,0.001,4132147
1789154332,2,0,0.324,4132147
1789154333,4,0,0.491,4132147
1789154333,3,0,0.071,4132147
1789154333,5,0,0.373,4132147
1789154333,2,0,0.002,4132147
1789154333,3,0,0.061,4132147
1789154333,0,0,0.004,4132147
1789154333,3,0,0.033,4132147
1789154333,0,0,0.009,4132147
1789154333,6,0,0.011,4132147
1789154334,4,0,0.875,4132147
1789154334,3,0,0.007,4132147
1789154335,5,0,1.249,4132147
1789154335,3,0,0.124,4132147
1789154336,4,0,0.988,4132147
1789154337,5,0,0.096,4132147
1789154340,7,0,3.491,4132147
1789154340,6,0,0.005,4132147
1789154340,2,0,0.391,4132147
1789154341,4,0,0.733,4132147
1789154341,0,0,0.015,4132147
1789154341,2,0,0.223,4132147
1789154341,3,0,0.078,4132147
1789154342,3,0,0.129,4132147
1789154342,3,0,0.071,4132147
1789154342,4,0,0.576,4132147
1789154342,6,0,0.004,4132147
1789154342,6,0,0.007,4132147
1789154342,0,0,0.009,4132147
1789154342,3,0,0.003,4132147
1789154343,2,0,0.346,4132147
1789154343,4,0,0.533,4132147
1789154343,4,0,0.328,4132147
1789154344,1,0,0.001,4132147
1789154344,3,0,0.051,4132147
1789154348,5,0,4.401,4132147
1789154348,0,0,0.005,4132147
1789154348,0,0,0.011,4132147
1789154348,2,0,0.436,4132147
1789154348,3,0,0.046,4132147
1789154348,3,0,0.007,4132147
1789154348,0,0,0.009,4132147
1789154353,7,0,4.867,4132147
1789154353,3,0,0.002,4132147
1789154354,4,0,0.281,4132147
1789154354,2,0,0.003,4132147
1789154354,4,0,0.439,4132147
1789154355,4,0,0.861,4132147
1789154355,2,0,0.546,4132147
1789154355,3,0,0.003,4132147
1789154355,6,0,0.005,4132147
1789154356,5,0,0.112,4132147
1789154356,4,0,0.194,4132147
1789154356,3,0,0.061,4132147
1789154361,7,0,4.657,4132147
1789154361,6,0,0.005,4132147
1789154361,3,0,0.088,4132147
1789154361,3,0,0.099,4132147
1789154361,3,0,0.082,4132147
1789154365,5,0,4.557,4132147
1789154367,4,0,1.275,4132147
1789154367,3,0,0.039,4132147
1789154367,2,0,0.004,4132147
1789154367,4,0,0.655,4132147
1789154367,3,0,0.155,4132147
1789154368,7,0,0.304,4132147
1789154368,3,0,0.009,4132147
1789154372,5,0,3.894,4132147
1789154372,6,0,0.008,4132147
1789154372,0,0,0.005,4132147
1789154372,3,0,0.033,4132147
1789154372,1,0,0.001,4132147
1789154372,2,0,0.001,4132147
1789154372,1,0,0.001,4132147
1789154372,2,0,0.003,4132147
1789154372,3,0,0.007,4132147
1789154372,5,0,0.371,4132147
1789154373,2,0,0.613,4132147
1789154373,0,0,0.005,4132147
1789154373,4,0,0.708,4132147
1789154373,2,0,0.002,4132147
1789154373,3,0,0.002,4132147
1789154374,4,0,0.559,4132147
1789154374,6,0,0.011,4132147
1789154375,2,0,0.687,4132147
1789154375,0,0,0.003,4132147
1789154375,2,0,0.343,4132147
1789154377,2,0,1.589,4132147
1789154377,0,0,0.009,4132147
1789154377,4,0,0.443,4132147
1789154377,3,0,0.024,4132147
1789154377,2,0,0.003,4132147
1789154377,6,0,0.005,4132147
1789154377,3,0,0.033,4132147
1789154377,3,0,0.075,4132147
1789154378,4,0,0.668,4132147
1789154379,5,0,0.63,4132147
1789154380,4,0,1.302,4132147
1789154380,0,0,0.004,4132147
1789154382,4,0,1.776,4132147
1789154382,1,0,0.001,4132147
1789154382,2,0,0.003,4132147
1789154382,3,0,0.049,4132147
1789154382,5,0,0.432,4132147
1789154382,6,0,0.007,4132147
1789154382,4,0,0.288,4132147
1789154384,4,0,1.13,4132147
1789154384,1,0,0.001,4132147
1789154384,4,0,0.532,4132147
1789154384,3,0,0.033,4132147
1789154384,3,0,0.158,4132147
1789154385,4,0,0.906,4132147
1789154385,2,0,0.241,4132147
1789154386,2,0,0.294,4132147
1789154386,4,0,0.669,4132147
1789154386,2,0,0.003,4132147
1789154387,4,0,0.774,4132147
1789154392,7,0,4.732,4132147
1789154392,2,0,0.004,4132147
1789154393,2,0,0.715,4132147
1789154393,0,0,0.006,4132147
1789154393,6,0,0.007,4132147
1789154393,4,0,0.279,4132147
1789154393,2,0,0.002,4132147
1789154393,4,0,0.58,4132147
1789154393,3,0,0.033,4132147
1789154393,0,0,0.006,4132147
1789154393,0,0,0.007,4132147
1789154394,5,0,0.245,4132147
1789154394,4,0,0.422,4132147
1789154394,3,0,0.011,4132147
1789154395,4,0,0.973,4132147
1789154395,5,0,0.308,4132147
1789154400,7,0,4.062,4132147
1789154400,3,0,0.069,4132147
1789154401,2,0,0.96,4132147
1789154401,4,0,0.728,4132147
1789154403,7,0,1.47,4132147
1789154403,3,0,0.049,4132147
1789154403,1,0,0.001,4132147
1789154403,3,0,0.076,4132147
1789154407,5,0,3.965,4132147
1789154407,0,0,0.005,4132147
1789154407,4,0,0.482,4132147
1789154407,3,0,0.01,4132147
1789154407,6,0,0.004,4132147
1789154407,6,0,0.006,4132147
1789154407,3,0,0.036,4132147
1789154409,4,0,1.732,4132147
1789154410,2,0,0.482,4132147
1789154410,1,0,0.001,4132147
1789154410,0,0,0.005,4132147
1789154410,4,0,0.49,4132147
1789154410,1,0,0.001,4132147
1789154410,6,0,0.005,4132147
1789154411,4,0,0.49,4132147
1789154411,2,0,0,4132147
1789154411,6,0,0.01,4132147
1789154411,5,0,0.101,4132147
1789154411,0,0,0.005,4132147
1789154411,3,0,0.006,4132147
1789154412,4,0,1.192,4132147
1789154412,0,0,0.012,4132147
1789154412,2,0,0.326,4132147
1789154412,0,0,0.004,4132147
1789154412,1,0,0.001,4132147
1789154412,1,0,0.001,4132147
1789154412,2,0,0.001,4132147
1789154412,3,0,0.108,4132147
1789154413,3,0,0.152,4132147
1789154413,0,0,0.006,4132147
1789154413,2,0,0.002,4132147
1789154413,0,0,0.011,4132147
1789154413,4,0,0.668,4132147
1789154414,4,0,0.407,4132147
1789154414,5,0,0.726,4132147
1789154415,4,0,0.704,4132147
1789154415,4,0,0.343,4132147
1789154415,2,0,0.002,4132147
1789154415,0,0,0.006,4132147
1789154415,3,0,0.035,4132147
1789154418,5,0,2.606,4132147
1789154419,4,0,0.641,4132147
1789154419,2,0,0.192,4132147
1789154419,3,0,0.062,4132147
1789154419,5,0,0.111,4132147
1789154419,5,0,0.182,4132147
1789154419,6,0,0.007,4132147
1789154419,6,0,0.009,4132147
1789154419,1,0,0.001,4132147
1789154420,4,0,0.313,4132147
1789154420,3,0,0.078,4132147
1789154421,4,0,1.11,4132147
1789154421,0,0,0.005,4132147
1789154421,3,0,0.069,4132147
1789154421,4,0,0.276,4132147
1789154421,6,0,0.005,4132147
1789154422,2,0,0.925,4132147
1789154422,0,0,0.021,4132147
1789154428,5,0,5.623,4132147
1789154428,3,0,0.005,4132147
1789154428,0,0,0.002,4132147
1789154428,7,0,0.443,4132147
1789154428,2,0,0.001,4132147
1789154428,0,0,0.007,4132147
1789154429,4,0,0.844,4132147
1789154429,1,0,0.003,4132147
1789154429,4,0,0.489,4132147
1789154429,0,0,0.011,4132147
1789154430,2,0,0.462,4132147
1789154430,5,0,0.124,4132147
1789154430,2,0,0.001,4132147
1789154430,3,0,0.05,4132147
1789154430,6,0,0.008,4132147
1789154430,3,0,0.006,4132147
1789154430,3,0,0.005,4132147
1789154431,4,0,0.445,4132147
1789154431,0,0,0.004,4132147
1789154431,0,0,0.006,4132147
1789154431,2,0,0.652,4132147
1789154431,6,0,0.004,4132147
1789154431,6,0,0.006,4132147
1789154431,0,0,0.007,4132147
1789154432,4,0,0.616,4132147
1789154433,4,0,1.417,4132147
1789154433,6,0,0.006,4132147
1789154433,3,0,0.083,4132147
1789154433,3,0,0.049,4132147
1789154433,0,0,0.005,4132147
1789154433,2,0,0.002,4132147
1789154433,6,0,0.004,4132147
1789154433,6,0,0.006,4132147
1789154434,5,0,0.875,4132147
1789154434,3,0,0.052,4132147
1789154434,3,0,0.004,4132147
1789154435,4,0,0.599,4132147
1789154435,3,0,0.026,4132147
1789154435,0,0,0.003,4132147
1789154436,4,0,0.836,4132147
1789154436,0,0,0.003,4132147
1789154436,5,0,0.491,4132147
1789154436,0,0,0.004,4132147
1789154436,1,0,0.001,4132147
1789154436,0,0,0.004,4132147
1789154441,7,0,4.568,4132147
1789154441,0,0,0.011,4132147
1789154441,3,0,0.006,4132147
1789154441,3,0,0.003,4132147
1789154441,3,0,0.069,4132147
1789154441,0,0,0.016,4132147
1789154441,0,0,0.019,4132147
1789154442,4,0,0.698,4132147
1789154442,6,0,0.015,4132147
1789154442,0,0,0.005,4132147
1789154442,5,0,0.663,4132147
1789154442,0,0,0.004,4132147
1789154442,6,0,0.004,4132147
1789154442,0,0,0.011,4132147
1789154442,0,0,0.011,4132147
1789154442,0,0,0.004,4132147
1789154443,5,0,0.109,4132147
1789154443,2,0,0.628,4132147
1789154444,4,0,0.756,4132147
1789154445,4,0,0.609,4132147
1789154446,4,0,1.093,4132147
1789154447,4,0,1.087,4132147
1789154447,5,0,0.117,4132147
1789154447,3,0,0.049,4132147
1789154451,5,0,4.487,4132147
1789154452,4,0,0.386,4132147
1789154452,4,0,0.44,4132147
1789154452,3,0,0.016,4132147
1789154452,3,0,0.067,4132147
1789154453,5,0,0.794,4132147
1789154453,6,0,0.008,4132147
1789154454,2,0,1.074,4132147
1789154454,0,0,0.005,4132147
1789154454,6,0,0.01,4132147
1789154454,0,0,0.003,4132147
1789154454,0,0,0.004,4132147
1789154455,4,0,0.831,4132147
1789154455,0,0,0.005,4132147
1789154455,4,0,0.401,4132147
1789154455,6,0,0.006,4132147
1789154455,3,0,0.009,4132147
1789154455,3,0,0.054,4132147
1789154456,2,0,0.537,4132147
1789154457,2,0,0.597,4132147
1789154457,5,0,0.094,4132147
1789154457,2,0,0.462,4132147
1789154458,4,0,0.388,4132147
1789154458,1,0,0.001,4132147
1789154458,4,0,0.786,4132147
1789154459,4,0,0.642,4132147
1789154459,6,0,0.01,4132147
1789154459,2,0,0.001,4132147
1789154459,0,0,0.003,4132147
1789154459,2,0,0.002,4132147
1789154459,1,0,0.001,4132147
1789154459,3,0,0.007,4132147
1789154459,6,0,0.011,4132147
1789154459,0,0,0.034,4132147
1789154459,0,0,0.019,4132147
1789154459,6,0,0.005,4132147
1789154460,2,0,0.591,4132147
1789154460,2,0,0.181,4132147
1789154461,4,0,0.974,4132147
1789154461,3,0,0.056,4132147
1789154462,4,0,0.784,4132147
1789154462,6,0,0.006,4132147
1789154462,3,0,0.003,4132147
1789154462,3,0,0.063,4132147
1789154462,0,0,0.012,4132147
1789154462,2,0,0.434,4132147
1789154462,1,0,0.002,4132147
1789154462,5,0,0.094,4132147
1789154463,5,0,0.632,4132147
1789154463,3,0,0.004,4132147
1789154463,5,0,0.1,4132147
1789154463,2,0,0.38,4132147
1789154463,6,0,0.009,4132147
1789154465,7,0,1.418,4132147
1789154465,4,0,0.282,4132147
1789154465,3,0,0.021,4132147
1789154465,2,0,0.003,4132147
1789154465,6,0,0.02,4132147
1789154465,0,0,0.023,4132147
1789154465,1,0,0.001,4132147
1789154465,1,0,0.002,4132147
1789154465,3,0,0.068,4132147
1789154465,1,0,0.002,4132147
1789154465,3,0,0.107,4132147
1789154466,2,0,0.85,4132147
1789154466,7,0,0.281,4132147
1789154466,6,0,0.003,4132147
1789154468,5,0,1.941,4132147
1789154468,0,0,0.004,4132147
1789154469,3,0,0.099,4132147
1789154469,0,0,0.004,4132147
1789154469,6,0,0.019,4132147
1789154469,6,0,0.007,4132147
1789154469,3,0,0.059,4132147
1789154469,6,0,0.005,4132147
1789154469,3,0,0.09,4132147
1789154469,6,0,0.006,4132147
1789154470,4,0,0.95,4132147
1789154470,4,0,0.33,4132147
1789154470,2,0,0.001,4132147
1789154470,2,0,0.001,4132147
1789154470,0,0,0.005,4132147
1789154470,6,0,0.007,4132147
1789154471,4,0,1.401,4132147
1789154471,0,0,0.007,4132147
1789154472,2,0,0.7,4132147
1789154472,1,0,0.001,4132147
1789154473,4,0,1.196,4132147
1789154473,6,0,0.01,4132147
1789154473,3,0,0.157,4132147
1789154474,4,0,0.478,4132147
1789154474,0,0,0.022,4132147
1789154474,4,0,0.486,4132147
1789154474,3,0,0.004,4132147
1789154474,6,0,0.004,4132147
1789154475,3,0,0.053,4132147
1789154476,4,0,1.539,4132147
1789154476,2,0,0.004,4132147
1789154476,0,0,0.025,4132147
1789154476,3,0,0.191,4132147
1789154476,3,0,0.026,4132147
1789154476,0,0,0.004,4132147
1789154476,3,0,0.007,4132147
1789154477,4,0,0.514,4132147
1789154477,4,0,0.547,4132147
1789154477,3,0,0.05,4132147
1789154478,2,0,0.539,4132147
1789154478,0,0,0.004,4132147
1789154478,3,0,0.019,4132147
1789154478,3,0,0.008,4132147
1789154478,3,0,0.015,4132147
1789154478,6,0,0.007,4132147
1789154478,6,0,0.007,4132147
1789154479,4,0,1.022,4132147
1789154479,3,0,0.04,4132147
1789154479,2,0,0.001,4132147
1789154479,5,0,0.197,4132147
1789154479,3,0,0.016,4132147
1789154479,6,0,0.007,4132147
1789154480,5,0,0.568,4132147
1789154481,4,0,1.448,4132147
1789154484,5,0,2.989,4132147
1789154485,5,0,1.029,4132147
1789154486,4,0,0.902,4132147
1789154487,4,0,0.28,4132147
1789154488,2,0,1.391,4132147
1789154489,4,0,0.561,4132147
1789154489,6,0,0.005,4132147
1789154489,3,0,0.012,4132147
1789154489,2,0,0.555,4132147
1789154490,2,0,0.728,4132147
1789154490,4,0,0.385,4132147
1789154491,4,0,0.354,4132147
1789154491,5,0,0.425,4132147
1789154492,5,0,0.775,4132147
1789154492,2,0,0.001,4132147
1789154492,0,0,0.009,4132147
1789154492,5,0,0.49,4132147
1789154493,2,0,0.643,4132147
1789154493,6,0,0.006,4132147
1789154493,6,0,0.008,4132147
1789154493,3,0,0.118,4132147
1789154493,6,0,0.009,4132147
1789154493,0,0,0.021,4132147
1789154493,4,0,0.397,4132147
1789154494,4,0,0.517,4132147
1789154495,5,0,1.525,4132147
1789154495,0,0,0.004,4132147
1789154495,2,0,0.003,4132147
1789154496,0,0,0.014,4132147
1789154496,3,0,0.087,4132147
1789154496,3,0,0.01,4132147
1789154497,2,0,0.935,4132147
1789154497,0,0,0.006,4132147
1789154497,2,0,0.385,4132147
1789154500,5,0,2.832,4132147
1789154500,1,0,0.002,4132147
1789154500,4,0,0.572,4132147
1789154501,2,0,0.544,4132147
1789154501,2,0,0.452,4132147
1789154501,1,0,0.001,4132147
1789154504,5,0,2.472,4132147
1789154504,2,0,0.001,4132147
1789154504,3,0,0.089,4132147
1789154506,2,0,1.914,4132147
1789154506,4,0,0.439,4132147
1789154506,6,0,0.007,4132147
1789154506,3,0,0.103,4132147
1789154506,6,0,0.006,4132147
1789154507,4,0,0.531,4132147
1789154507,0,0,0.008,4132147
1789154507,4,0,0.514,4132147
1789154507,3,0,0.014,4132147
1789154507,3,0,0.003,4132147
1789154507,1,0,0.001,4132147
1789154507,0,0,0.023,4132147
1789154507,1,0,0.001,4132147
1789154509,4,0,1.71,4132147
1789154509,0,0,0.007,4132147
1789154509,1,0,0.001,4132147
1789154509,0,0,0.013,4132147
1789154509,6,0,0.005,4132147
1789154509,3,0,0.002,4132147
1789154510,4,0,0.511,4132147
1789154510,5,0,0.179,4132147
1789154510,3,0,0.01,4132147
1789154510,3,0,0.07,4132147
1789154511,4,0,0.543,4132147
1789154511,3,0,0.035,4132147
1789154511,3,0,0.007,4132147
1789154511,5,0,0.43,4132147
1789154511,0,0,0.012,4132147
1789154511,4,0,0.275,4132147
1789154511,3,0,0.038,4132147
1789154511,1,0,0.001,4132147
1789154511,2,0,0.001,4132147
1789154512,4,0,0.401,4132147
1789154512,0,0,0.006,4132147
1789154512,5,0,0.337,4132147
1789154512,6,0,0.006,4132147
1789154512,3,0,0.076,4132147
1789154512,6,0,0.006,4132147
1789154513,4,0,0.863,4132147
1789154513,6,0,0.004,4132147
1789154513,4,0,0.43,4132147
1789154514,4,0,0.395,4132147
1789154514,6,0,0.006,4132147
1789154514,0,0,0.007,4132147
1789154514,0,0,0.006,4132147
1789154514,2,0,0.365,4132147
1789154514,3,0,0.065,4132147
1789154517,7,0,2.727,4132147
1789154517,1,0,0.001,4132147
1789154517,4,0,0.472,4132147
1789154517,2,0,0.007,4132147
1789154518,3,0,0.155,4132147
1789154518,0,0,0.006,4132147
1789154518,3,0,0.095,4132147
1789154519,5,0,0.768,4132147
1789154522,5,0,3.619,4132147
1789154523,2,0,0.584,4132147
1789154523,4,0,0.509,4132147
1789154523,2,0,0.002,4132147
1789154525,2,0,1.672,4132147
1789154525,6,0,0.007,4132147
1789154525,4,0,0.248,4132147
1789154526,4,0,0.596,4132147
1789154529,5,0,3.072,4132147
1789154530,4,0,0.813,4132147
1789154530,4,0,0.397,4132147
1789154531,5,0,1.319,4132147
1789154532,5,0,0.609,4132147
1789154532,0,0,0.003,4132147
1789154532,4,0,0.367,4132147
1789154533,2,0,0.924,4132147
1789154539,5,0,5.254,4132147
1789154539,4,0,0.464,4132147
1789154540,2,0,0.541,4132147
1789154540,0,0,0.005,4132147
1789154540,2,0,0.519,4132147
1789154540,6,0,0.003,4132147
1789154540,0,0,0.013,4132147
1789154540,0,0,0.011,4132147
1789154544,5,0,4.232,4132147
1789154544,0,0,0.009,4132147
1789154544,0,0,0.014,4132147
1789154545,2,0,0.298,4132147
1789154545,2,0,0.003,4132147
1789154545,0,0,0.004,4132147
1789154545,4,0,0.323,4132147
1789154546,4,0,1.426,4132147
1789154546,1,0,0.002,4132147
1789154546,1,0,0.002,4132147
1789154546,2,0,0.002,4132147
1789154546,3,0,0.006,4132147
1789154547,2,0,0.618,4132147
1789154547,5,0,0.137,4132147
1789154547,1,0,0.001,4132147
1789154547,7,0,0.158,4132147
1789154548,4,0,0.398,4132147
1789154548,2,0,0.002,4132147
1789154548,4,0,0.26,4132147
1789154548,3,0,0.091,4132147
1789154548,6,0,0.004,4132147
1789154549,4,0,0.441,4132147
1789154549,3,0,0.003,4132147
1789154549,0,0,0.005,4132147
1789154549,3,0,0.05,4132147
1789154549,0,0,0.004,4132147
1789154550,4,0,1.382,4132147
1789154550,3,0,0.006,4132147
1789154551,5,0,0.681,4132147
1789154551,1,0,0.001,4132147
1789154551,4,0,0.729,4132147
1789154551,0,0,0.006,4132147
1789154552,4,0,0.683,4132147
1789154554,4,0,1.452,4132147
1789154554,3,0,0.039,4132147
1789154554,4,0,0.739,4132147
1789154555,4,0,0.259,4132147
1789154555,3,0,0.159,4132147
1789154555,4,0,0.321,4132147
1789154555,2,0,0.003,4132147
1789154556,4,0,0.845,4132147
1789154556,3,0,0.008,4132147
1789154556,4,0,0.5,4132147
1789154557,4,0,0.446,4132147
1789154557,3,0,0.054,4132147
1789154557,0,0,0.003,4132147
1789154558,4,0,0.803,4132147
1789154558,2,0,0,4132147
1789154558,6,0,0.004,4132147
1789154558,2,0,0.575,4132147
1789154558,5,0,0.213,4132147
1789154559,5,0,0.131,4132147
1789154560,4,0,1.118,4132147
1789154560,0,0,0.004,4132147
1789154560,2,0,0.002,4132147
1789154560,3,0,0.035,4132147
1789154560,3,0,0.065,4132147
1789154560,2,0,0.002,4132147
1789154560,4,0,0.394,4132147
1789154560,0,0,0.016,4132147
1789154560,6,0,0.015,4132147
1789154561,4,0,0.475,4132147
1789154561,4,0,0.303,4132147
1789154561,6,0,0.008,4132147
1789154561,2,0,0.005,4132147
1789154561,0,0,0.011,4132147
1789154561,2,0,0.001,4132147
1789154561,6,0,0.005,4132147
1789154561,5,0,0.158,4132147
1789154561,1,0,0.001,4132147
1789154561,2,0,0.003,4132147
1789154561,3,0,0.005,4132147
1789154564,5,0,3.007,4132147
1789154564,6,0,0.007,4132147
1789154565,2,0,0.913,4132147
1789154565,3,0,0.016,4132147
1789154565,3,0,0.135,4132147
1789154566,4,0,0.596,4132147
1789154566,0,0,0.005,4132147
1789154566,5,0,0.407,4132147
1789154566,0,0,0.005,4132147
1789154566,3,0,0.058,4132147
1789154567,2,0,0.478,4132147
1789154567,2,0,0.004,4132147
1789154567,1,0,0.001,4132147
1789154567,6,0,0.012,4132147
1789154567,0,0,0.01,4132147
1789154567,0,0,0.003,4132147
1789154567,3,0,0.004,4132147
1789154568,5,0,0.644,4132147
1789154568,6,0,0.014,4132147
1789154568,3,0,0.016,4132147
1789154568,6,0,0.008,4132147
1789154568,4,0,0.681,4132147
1789154568,3,0,0.073,4132147
1789154568,0,0,0.01,4132147
1789154569,4,0,0.391,4132147
1789154569,3,0,0.026,4132147
1789154569,5,0,0.301,4132147
1789154572,7,0,2.601,4132147
1789154572,4,0,0.669,4132147
1789154572,0,0,0.008,4132147
1789154572,6,0,0.004,4132147
1789154572,5,0,0.094,4132147
1789154572,6,0,0.005,4132147
1789154572,3,0,0.009,4132147
1789154573,4,0,0.562,4132147
1789154573,0,0,0.005,4132147
1789154574,4,0,0.518,4132147
1789154574,3,0,0.092,4132147
1789154574,5,0,0.126,4132147
1789154574,6,0,0.007,4132147
1789154574,2,0,0.001,4132147
1789154574,0,0,0.01,4132147
1789154574,4,0,0.632,4132147
1789154575,2,0,0.3,4132147
1789154575,3,0,0.006,4132147
1789154575,1,0,0.001,4132147
1789154576,2,0,0.783,4132147
1789154576,3,0,0.06,4132147
1789154576,6,0,0.007,4132147
1789154576,0,0,0.012,4132147
1789154577,4,0,1.574,4132147
1789154577,3,0,0.052,4132147
1789154577,3,0,0.037,4132147
1789154577,2,0,0.231,4132147
1789154578,3,0,0.077,4132147
1789154578,1,0,0.001,4132147
1789154578,4,0,0.371,4132147
1789154578,2,0,0.002,4132147
1789154578,6,0,0.005,4132147
1789154578,3,0,0.037,4132147
1789154578,1,0,0.001,4132147
1789154578,6,0,0.005,4132147
1789154578,2,0,0.002,4132147
1789154578,3,0,0.071,4132147
1789154579,2,0,0.619,4132147
1789154579,5,0,0.112,4132147
1789154579,0,0,0.006,4132147
1789154579,4,0,0.355,4132147
1789154579,0,0,0.004,4132147
1789154583,5,0,3.804,4132147
1789154583,2,0,0.002,4132147
1789154583,3,0,0.007,4132147
1789154583,3,0,0.012,4132147
1789154583,3,0,0.049,4132147
1789154583,0,0,0.012,4132147
1789154583,2,0,0.003,4132147
1789154583,0,0,0.022,4132147
1789154583,0,0,0.013,4132147
1789154583,0,0,0.036,4132147
1789154583,6,0,0.007,4132147
1789154583,0,0,0.005,4132147
1789154583,3,0,0.007,4132147
1789154583,3,0,0.074,4132147
1789154583,5,0,0.117,4132147
1789154584,4,0,0.75,4132147
1789154584,6,0,0.006,4132147
1789154584,6,0,0.004,4132147
1789154584,2,0,0.002,4132147
1789154584,5,0,0.329,4132147
1789154584,2,0,0.003,4132147
1789154584,3,0,0.075,4132147
1789154585,4,0,0.524,4132147
1789154585,4,0,0.226,4132147
1789154585,0,0,0.012,4132147
1789154586,4,0,0.393,4132147
1789154586,4,0,0.424,4132147
1789154586,6,0,0.007,4132147
1789154586,2,0,0.214,4132147
1789154587,2,0,0.405,4132147
1789154587,3,0,0.031,4132147
1789154587,4,0,0.757,4132147
1789154587,3,0,0.006,4132147
1789154587,0,0,0.008,4132147
1789154588,4,0,0.607,4132147
1789154588,3,0,0.071,4132147
1789154588,6,0,0.007,4132147
1789154588,0,0,0.01,4132147
1789154588,3,0,0.046,4132147
1789154589,2,0,0.701,4132147
1789154589,0,0,0.01,4132147
1789154589,3,0,0.007,4132147
1789154589,6,0,0.005,4132147
1789154589,4,0,0.444,4132147
1789154589,6,0,0.008,4132147
1789154589,3,0,0.02,4132147
1789154590,2,0,0.2,4132147
1789154591,2,0,0.925,4132147
1789154591,0,0,0.01,4132147
1789154591,3,0,0.067,4132147
1789154591,3,0,0.078,4132147
1789154592,4,0,0.88,4132147
1789154592,6,0,0.009,4132147
1789154593,4,0,0.931,4132147
1789154593,3,0,0.013,4132147
1789154593,0,0,0.006,4132147
1789154593,3,0,0.096,4132147
1789154593,1,0,0.001,4132147
1789154593,4,0,0.452,4132147
1789154593,0,0,0.006,4132147
1789154594,4,0,0.575,4132147
1789154596,2,0,2.128,4132147
1789154596,0,0,0.004,4132147
1789154596,4,0,0.501,4132147
1789154596,3,0,0.071,4132147
1789154596,2,0,0.003,4132147
1789154596,0,0,0.005,4132147
1789154596,3,0,0.007,4132147
1789154597,4,0,0.409,4132147
1789154597,4,0,0.544,4132147
1789154598,4,0,0.364,4132147
1789154598,4,0,0.753,4132147
1789154598,6,0,0.023,4132147
1789154599,3,0,0.105,4132147
1789154599,0,0,0.009,4132147
1789154599,0,0,0.005,4132147
1789154599,3,0,0.263,4132147
1789154603,5,0,4.261,4132147
1789154605,4,0,1.541,4132147
1789154605,4,0,0.47,4132147
1789154605,6,0,0.004,4132147
1789154605,1,0,0.002,4132147
1789154606,2,0,0.369,4132147
1789154606,2,0,0.002,4132147
1789154606,0,0,0.009,4132147
1789154606,5,0,0.174,4132147
1789154606,1,0,0.001,4132147
1789154607,4,0,1.136,4132147
1789154608,5,0,0.944,4132147
1789154609,2,0,0.766,4132147
1789154609,3,0,0.056,4132147
1789154609,0,0,0.004,4132147
1789154613,5,0,4.833,4132147
1789154613,3,0,0.007,4132147
1789154613,0,0,0.005,4132147
1789154614,4,0,0.316,4132147
1789154614,0,0,0.005,4132147
1789154614,3,0,0.006,4132147
1789154618,7,0,4.49,4132147
1789154622,5,0,3.308,4132147
1789154622,1,0,0.001,4132147
1789154622,3,0,0.001,4132147
1789154622,3,0,0.043,4132147
1789154622,3,0,0.006,4132147
1789154622,5,0,0.155,4132147
1789154622,0,0,0.012,4132147
1789154622,6,0,0.004,4132147
1789154622,4,0,0.663,4132147
1789154622,6,0,0.005,4132147
1789154622,3,0,0.002,4132147
1789154623,4,0,0.432,4132147
1789154624,4,0,0.665,4132147
1789154624,4,0,0.399,4132147
1789154624,0,0,0.004,4132147
1789154624,6,0,0.004,4132147
1789154629,5,0,4.652,4132147
1789154629,2,0,0.456,4132147
1789154629,2,0,0.001,4132147
1789154629,4,0,0.251,4132147
1789154629,0,0,0.012,4132147
1789154630,2,0,0.567,4132147
1789154630,3,0,0.125,4132147
1789154630,1,0,0.002,4132147
1789154631,4,0,0.608,4132147
1789154632,4,0,0.877,4132147
1789154632,6,0,0.004,4132147
1789154632,5,0,0.338,4132147
1789154632,3,0,0.055,4132147
1789154632,3,0,0.037,4132147
1789154632,3,0,0.008,4132147
1789154632,0,0,0.003,4132147
1789154632,3,0,0.074,4132147
1789154633,4,0,0.834,4132147
1789154634,5,0,1.203,4132147
1789154634,0,0,0.005,4132147
1789154635,4,0,0.494,4132147
1789154635,3,0,0.113,4132147
1789154635,4,0,0.765,4132147
1789154635,1,0,0.002,4132147
1789154636,4,0,0.571,4132147
1789154636,5,0,0.112,4132147
1789154636,0,0,0.004,4132147
1789154636,0,0,0.006,4132147
1789154637,2,0,0.728,4132147
1789154637,0,0,0.011,4132147
1789154637,0,0,0.008,4132147
1789154637,3,0,0.067,4132147
1789154637,6,0,0.014,4132147
1789154638,4,0,0.692,4132147
1789154638,4,0,0.336,4132147
1789154638,1,0,0.001,4132147
1789154638,6,0,0.008,4132147
1789154638,6,0,0.004,4132147
1789154638,6,0,0.006,4132147
1789154638,3,0,0.05,4132147
1789154638,3,0,0.087,4132147
1789154638,0,0,0.005,4132147
1789154638,5,0,0.112,4132147
1789154638,2,0,0.001,4132147
1789154639,4,0,0.375,4132147
1789154639,4,0,0.813,4132147
1789154640,3,0,0.015,4132147
1789154640,1,0,0.002,4132147
1789154641,4,0,1.587,4132147
1789154641,3,0,0.03,4132147
1789154642,5,0,0.559,4132147
1789154642,2,0,0.002,4132147
1789154642,6,0,0.005,4132147
1789154642,6,0,0.006,4132147
1789154642,0,0,0.005,4132147
1789154642,2,0,0.439,4132147
1789154642,6,0,0.007,4132147
1789154643,2,0,0.673,4132147
1789154644,5,0,0.882,4132147
1789154644,3,0,0.004,4132147
1789154645,4,0,0.86,4132147
1789154645,2,0,0.003,4132147
1789154645,5,0,0.465,4132147
1789154645,3,0,0.006,4132147
1789154646,4,0,0.978,4132147
1789154647,4,0,0.687,4132147
1789154651,5,0,3.91,4132147
1789154651,6,0,0.008,4132147
1789154651,1,0,0.002,4132147
1789154652,4,0,1.399,4132147
1789154652,3,0,0.01,4132147
1789154653,4,0,0.499,4132147
1789154653,4,0,0.726,4132147
1789154658,5,0,4.315,4132147
1789154658,0,0,0.004,4132147
1789154658,3,0,0.027,4132147
1789154658,0,0,0.005,4132147
1789154659,5,0,1.227,4132147
1789154659,6,0,0.007,4132147
1789154659,1,0,0.001,4132147
1789154659,5,0,0.184,4132147
1789154659,6,0,0.004,4132147
1789154659,2,0,0.001,4132147
1789154659,2,0,0.031,4132147
1789154660,4,0,0.545,4132147
1789154660,2,0,0.003,4132147
1789154660,5,0,0.178,4132147
1789154660,3,0,0.008,4132147
1789154660,2,0,0.415,4132147
1789154661,4,0,1.047,4132147
1789154665,7,0,4.054,4132147
1789154666,2,0,0.516,4132147
1789154666,0,0,0.005,4132147
1789154667,4,0,1.042,4132147
1789154667,0,0,0.005,4132147
1789154667,6,0,0.006,4132147
1789154667,1,0,0.002,4132147
1789154671,7,0,4.372,4132147
1789154672,2,0,0.565,4132147
1789154672,4,0,0.563,4132147
1789154672,6,0,0.023,4132147
1789154672,3,0,0.021,4132147
1789154676,7,0,3.761,4132147
1789154676,2,0,0.239,4132147
1789154676,1,0,0.001,4132147
1789154677,4,0,0.583,4132147
1789154677,3,0,0.076,4132147
1789154677,3,0,0.044,4132147
1789154677,6,0,0.007,4132147
1789154677,6,0,0.006,4132147
1789154678,4,0,1.326,4132147
1789154679,4,0,0.59,4132147
1789154679,3,0,0.062,4132147
1789154679,6,0,0.018,4132147
1789154680,5,0,0.608,4132147
1789154680,2,0,0.52,4132147
1789154680,3,0,0.094,4132147
1789154680,2,0,0.001,4132147
1789154680,3,0,0.003,4132147
1789154680,6,0,0.006,4132147
1789154680,6,0,0.004,4132147
1789154680,1,0,0.001,4132147
1789154680,1,0,0.001,4132147
1789154681,2,0,0.327,4132147
1789154681,4,0,0.43,4132147
1789154682,2,0,0.524,4132147
1789154682,7,0,0.21,4132147
1789154682,4,0,0.473,4132147
1789154682,2,0,0.002,4132147
1789154682,0,0,0.008,4132147
1789154683,4,0,0.766,4132147
1789154683,7,0,0.168,4132147
1789154684,4,0,0.368,4132147
1789154684,3,0,0.006,4132147
1789154684,4,0,0.446,4132147
1789154684,2,0,0.002,4132147
1789154684,0,0,0.005,4132147
1789154684,5,0,0.109,4132147
1789154684,6,0,0.006,4132147
1789154684,6,0,0.004,4132147
1789154684,3,0,0.015,4132147
1789154684,2,0,0.002,4132147
1789154684,0,0,0.011,4132147
1789154684,5,0,0.138,4132147
1789154684,0,0,0.005,4132147
1789154685,7,0,0.626,4132147
1789154685,3,0,0.043,4132147
1789154685,0,0,0.004,4132147
1789154685,1,0,0.001,4132147
1789154685,3,0,0.023,4132147
1789154685,0,0,0.003,4132147
1789154685,4,0,0.165,4132147
1789154685,3,0,0.057,4132147
1789154685,0,0,0.006,4132147
1789154686,4,0,0.784,4132147
1789154686,1,0,0.001,4132147
1789154686,0,0,0.012,4132147
1789154687,4,0,0.598,4132147
1789154687,0,0,0.006,4132147
1789154687,2,0,0.001,4132147
1789154687,0,0,0.01,4132147
1789154687,3,0,0.007,4132147
1789154687,4,0,0.403,4132147
1789154689,4,0,1.78,4132147
1789154689,6,0,0.014,4132147
1789154689,3,0,0.005,4132147
1789154690,4,0,0.679,4132147
1789154691,4,0,0.877,4132147
1789154691,3,0,0.075,4132147
1789154691,3,0,0.008,4132147
1789154691,6,0,0.007,4132147
1789154695,5,0,4.785,4132147
1789154696,4,0,0.412,4132147
1789154696,3,0,0.003,4132147
1789154700,5,0,4.529,4132147
1789154701,2,0,0.197,4132147
1789154701,2,0,0.004,4132147
1789154701,6,0,0.013,4132147
1789154701,4,0,0.443,4132147
1789154701,3,0,0.094,4132147
1789154701,2,0,0,4132147
1789154702,4,0,1.079,4132147
1789154703,4,0,0.805,4132147
1789154703,3,0,0.065,4132147
1789154703,4,0,0.37,4132147
1789154705,4,0,1.491,4132147
1789154707,4,0,2.134,4132147
1789154707,5,0,0.105,4132147
1789154707,5,0,0.093,4132147
1789154707,5,0,0.166,4132147
1789154708,4,0,0.758,4132147
1789154708,2,0,0.002,4132147
1789154709,4,0,0.504,4132147
1789154709,3,0,0.075,4132147
1789154713,5,0,4.327,4132147
1789154713,3,0,0.086,4132147
1789154713,0,0,0.009,4132147
1789154713,0,0,0.007,4132147
1789154713,6,0,0.008,4132147
1789154714,2,0,0.997,4132147
1789154714,3,0,0.048,4132147
1789154715,4,0,0.581,4132147
1789154716,2,0,0.985,4132147
1789154716,3,0,0.007,4132147
1789154716,2,0,0.001,4132147
1789154716,2,0,0.001,4132147
1789154716,3,0,0.006,4132147
1789154716,0,0,0.006,4132147
1789154716,2,0,0.613,4132147
1789154716,0,0,0.002,4132147
1789154716,0,0,0.004,4132147
1789154716,0,0,0.01,4132147
1789154716,0,0,0.006,4132147
1789154716,6,0,0.009,4132147
1789154717,5,0,0.128,4132147
1789154717,4,0,0.623,4132147
1789154717,3,0,0.078,4132147
1789154717,6,0,0.005,4132147
1789154717,3,0,0.022,4132147
1789154718,2,0,0.565,4132147
1789154719,2,0,0.928,4132147
1789154719,2,0,0.347,4132147
1789154719,5,0,0.12,4132147
1789154719,1,0,0.001,4132147
1789154720,2,0,0.79,4132147
1789154720,3,0,0.043,4132147
1789154720,0,0,0.006,4132147
1789154721,4,0,0.639,4132147
1789154721,1,0,0.001,4132147
1789154721,2,0,0.003,4132147
1789154721,4,0,0.569,4132147
1789154721,0,0,0.022,4132147
1789154721,0,0,0.002,4132147
1789154722,4,0,0.588,4132147
1789154722,4,0,0.458,4132147
1789154722,1,0,0.001,4132147
1789154722,0,0,0.012,4132147
1789154722,0,0,0.006,4132147
1789154722,0,0,0.004,4132147
1789154722,0,0,0.009,4132147
1789154722,6,0,0.007,4132147
1789154723,4,0,0.364,4132147
1789154723,4,0,0.392,4132147
1789154724,2,0,0.591,4132147
1789154724,6,0,0.007,4132147
1789154724,6,0,0.007,4132147
1789154724,4,0,0.606,4132147
1789154724,1,0,0.003,4132147
1789154724,0,0,0.014,4132147
1789154724,0,0,0.017,4132147
1789154725,2,0,0.388,4132147
1789154725,2,0,0.306,4132147
1789154725,0,0,0.003,4132147
1789154725,0,0,0.011,4132147
1789154725,3,0,0.003,4132147
1789154725,6,0,0.005,4132147
1789154725,3,0,0.061,4132147
1789154726,2,0,0.565,4132147
1789154726,0,0,0.039,4132147
1789154726,2,0,0.533,4132147
1789154726,0,0,0.011,4132147
1789154727,4,0,0.258,4132147
1789154727,7,0,0.202,4132147
1789154727,2,0,0.337,4132147
1789154729,2,0,1.609,4132147
1789154729,3,0,0.062,4132147
1789154729,5,0,0.112,4132147
1789154729,7,0,0.186,4132147
1789154729,2,0,0.002,4132147
1789154729,3,0,0.013,4132147
1789154729,4,0,0.345,4132147
1789154729,2,0,0.002,4132147
1789154730,3,0,0.091,4132147
1789154730,4,0,0.833,4132147
1789154731,4,0,0.38,4132147
1789154731,3,0,0.013,4132147
1789154731,3,0,0.04,4132147
1789154731,4,0,0.4,4132147
1789154731,3,0,0.083,4132147
1789154731,0,0,0.035,4132147
1789154732,2,0,0.426,4132147
1789154732,6,0,0.007,4132147
1789154732,2,0,0.002,4132147
1789154732,2,0,0.001,4132147
1789154732,1,0,0.001,4132147
1789154733,5,0,1.687,4132147
1789154734,4,0,0.555,4132147
1789154734,3,0,0.037,4132147
1789154734,0,0,0.007,4132147
1789154734,5,0,0.203,4132147
1789154734,3,0,0.058,4132147
1789154735,4,0,0.88,4132147
1789154736,4,0,0.695,4132147
1789154736,0,0,0.015,4132147
1789154736,6,1,0.004,4132147
1789154737,4,0,0.94,4132147
1789154738,4,0,0.827,4132147
1789154738,3,0,0.039,4132147
1789154738,0,0,0.014,4132147
1789154738,4,0,0.724,4132147
1789154739,3,0,0.04,4132147
1789154739,3,0,0.043,4132147
1789154741,4,0,1.976,4132147
1789154741,1,0,0.001,4132147
1789154741,2,0,0.004,4132147
1789154741,0,0,0.007,4132147
1789154741,5,0,0.835,4132147
1789154742,3,0,0.181,4132147
1789154742,3,0,0.058,4132147
1789154742,3,0,0.083,4132147
1789154742,6,0,0.006,4132147
1789154745,5,0,3.681,4132147
1789154745,1,0,0.001,4132147
1789154745,3,0,0.048,4132147
1789154746,3,0,0.077,4132147
1789154746,4,0,0.944,4132147
1789154746,2,0,0.001,4132147
1789154746,3,0,0.003,4132147
1789154747,3,0,0.028,4132147
1789154747,7,0,0.18,4132147
1789154747,7,0,0.131,4132147
1789154747,0,0,0.011,4132147
1789154747,3,0,0.052,4132147
1789154747,3,0,0.056,4132147
1789154747,3,0,0.103,4132147
1789154747,2,0,0.001,4132147
1789154747,3,0,0.041,4132147
1789154748,4,0,0.73,4132147
1789154748,5,0,0.097,4132147
1789154748,3,0,0.022,4132147
1789154748,3,0,0.008,4132147
1789154748,0,0,0.006,4132147
1789154748,6,0,0.01,4132147
1789154748,0,0,0.005,4132147
1789154748,4,0,0.512,4132147
1789154749,4,0,0.524,4132147
1789154749,6,0,0.005,4132147
1789154749,3,0,0.034,4132147
1789154749,6,0,0.004,4132147
1789154752,7,0,3.4,4132147
1789154753,2,0,0.981,4132147
1789154753,6,0,0.01,4132147
1789154754,4,0,0.223,4132147
1789154754,4,0,0.294,4132147
1789154754,2,0,0.006,4132147
1789154754,0,0,0.003,4132147
1789154754,5,0,0.268,4132147
1789154754,4,0,0.191,4132147
1789154754,6,0,0.011,4132147
1789154754,0,0,0.007,4132147
1789154755,4,0,0.168,4132147
1789154755,0,0,0.005,4132147
1789154756,2,0,1.049,4132147
1789154756,3,0,0.083,4132147
1789154756,4,0,0.376,4132147
1789154756,1,0,0.001,4132147
1789154756,2,0,0.003,4132147
1789154756,0,0,0.018,4132147
1789154756,6,0,0.005,4132147
1789154756,3,0,0.008,4132147
1789154756,2,0,0.008,4132147
1789154756,3,0,0.057,4132147
1789154756,2,0,0.003,4132147
1789154757,2,0,1.202,4132147
1789154757,3,0,0.014,4132147
1789154761,7,0,3.677,4132147
1789154761,6,0,0.006,4132147
1789154765,5,0,4.219,4132147
1789154766,4,0,0.896,4132147
1789154767,5,0,0.329,4132147
1789154767,3,0,0.078,4132147
1789154767,3,0,0.028,4132147
1789154767,6,0,0.006,4132147
1789154770,7,0,3.296,4132147
1789154770,6,0,0.004,4132147
1789154770,1,0,0.001,4132147
1789154770,4,0,0.243,4132147
1789154770,3,0,0.054,4132147
1789154770,0,0,0.012,4132147
1789154770,6,0,0.008,4132147
1789154770,0,0,0.008,4132147
1789154770,6,0,0.009,4132147
1789154771,4,0,0.747,4132147
1789154772,2,0,0.997,4132147
1789154773,4,0,0.607,4132147
1789154773,0,0,0.005,4132147
1789154773,2,0,0.003,4132147
1789154773,2,0,0.002,4132147
1789154773,3,0,0.074,4132147
1789154773,4,0,0.286,4132147
1789154773,5,0,0.134,4132147
1789154774,2,0,1.132,4132147
1789154775,4,0,0.816,4132147
1789154776,5,0,0.944,4132147
1789154776,0,0,0.016,4132147
1789154777,4,0,0.652,4132147
1789154778,4,0,1.041,4132147
1789154778,5,0,0.107,4132147
1789154778,6,0,0.003,4132147
1789154778,2,0,0.002,4132147
1789154778,1,0,0.001,4132147
1789154778,6,0,0.005,4132147
1789154779,2,0,0.86,4132147
1789154779,6,0,0.007,4132147
1789154779,0,0,0.003,4132147
1789154779,6,0,0.005,4132147
1789154779,4,0,0.444,4132147
1789154784,7,0,4.767,4132147
1789154785,4,0,1.08,4132147
1789154785,3,0,0.115,4132147
1789154787,2,0,1.332,4132147
1789154787,4,0,0.196,4132147
1789154787,3,0,0.067,4132147
1789154787,1,0,0.003,4132147
1789154787,0,0,0.004,4132147
1789154787,4,0,0.57,4132147
1789154787,0,0,0.007,4132147
1789154788,4,0,0.534,4132147
1789154788,3,0,0.02,4132147
1789154789,4,0,1.072,4132147
1789154789,6,0,0.004,4132147
1789154789,3,0,0.066,4132147
1789154789,1,0,0.001,4132147
1789154790,4,0,0.589,4132147
1789154790,3,0,0.047,4132147
1789154790,3,0,0.099,4132147
1789154790,6,0,0.034,4132147
1789154790,3,0,0.012,4132147
1789154790,0,0,0.005,4132147
1789154790,3,0,0.033,4132147
1789154790,2,0,0.328,4132147
1789154791,2,0,0.54,4132147
1789154791,0,0,0.004,4132147
1789154791,4,0,0.648,4132147
1789154792,4,0,0.509,4132147
1789154792,6,0,0.011,4132147
1789154792,0,0,0.013,4132147
1789154792,0,0,0.005,4132147
1789154792,3,0,0.007,4132147
1789154792,3,0,0.009,4132147
1789154793,4,0,0.688,4132147
1789154797,5,0,4.671,4132147
1789154798,4,0,0.994,4132147
1789154798,0,0,0.013,4132147
1789154798,3,0,0.006,4132147
1789154798,0,0,0.003,4132147
1789154800,4,0,1.356,4132147
1789154800,3,0,0.008,4132147
1789154801,4,0,0.808,4132147
1789154801,7,0,0.265,4132147
1789154801,5,0,0.221,4132147
1789154801,0,0,0.011,4132147
1789154801,0,0,0.003,4132147
1789154801,3,0,0.1,4132147
1789154806,5,0,4.498,4132147
1789154806,5,0,0.535,4132147
1789154807,4,0,0.538,4132147
1789154807,2,0,0.656,4132147
1789154807,5,0,0.134,4132147
1789154808,3,0,0.095,4132147
1789154808,1,0,0.001,4132147
1789154808,4,0,0.641,4132147
1789154808,6,0,0.006,4132147
1789154808,6,0,0.005,4132147
1789154809,4,0,0.309,4132147
1789154809,0,0,0.004,4132147
1789154809,3,0,0.005,4132147
1789154809,3,0,0.115,4132147
1789154809,6,0,0.006,4132147
1789154809,6,0,0.02,4132147
1789154809,1,0,0.001,4132147
1789154809,3,0,0.098,4132147
1789154809,1,0,0.001,4132147
1789154809,0,0,0.019,4132147
1789154809,0,0,0.004,4132147
1789154809,3,0,0.016,4132147
1789154809,0,0,0.004,4132147
1789154809,3,0,0.083,4132147
1789154809,3,0,0.039,4132147
1789154809,6,0,0.018,4132147
1789154809,6,0,0.011,4132147
1789154809,0,0,0.01,4132147
1789154809,6,0,0.006,4132147
1789154809,3,0,0.153,4132147
1789154810,5,0,0.767,4132147
1789154810,6,0,0.006,4132147
1789154811,4,0,1.006,4132147
1789154811,4,0,0.314,4132147
1789154811,3,0,0.04,4132147
1789154811,0,0,0.014,4132147
1789154812,4,0,0.602,4132147
1789154812,3,0,0.005,4132147
1789154812,4,0,0.511,4132147
1789154814,2,0,1.877,4132147
1789154815,4,0,0.865,4132147
1789154815,6,0,0.004,4132147
1789154815,3,0,0.037,4132147
1789154815,2,0,0.002,4132147
1789154815,3,0,0.004,4132147
1789154815,3,0,0.058,4132147
1789154815,3,0,0.008,4132147
1789154815,1,0,0.002,4132147
1789154815,3,0,0.093,4132147
1789154815,3,0,0.093,4132147
1789154816,4,0,0.523,4132147
1789154821,7,0,4.944,4132147
1789154821,2,0,0.45,4132147
1789154822,4,0,0.372,4132147
1789154822,3,0,0.006,4132147
1789154822,4,0,0.151,4132147
1789154822,4,0,0.499,4132147
1789154822,0,0,0.008,4132147
1789154822,1,0,0.002,4132147
1789154824,2,0,1.397,4132147
1789154824,0,0,0.01,4132147
1789154824,6,0,0.008,4132147
1789154824,0,0,0.004,4132147
1789154824,2,0,0.002,4132147
1789154824,5,0,0.099,4132147
1789154825,4,0,0.981,4132147
1789154825,4,0,0.345,4132147
1789154826,4,0,0.532,4132147
1789154826,3,0,0.002,4132147
1789154826,4,0,0.383,4132147
1789154826,1,0,0.002,4132147
1789154826,3,0,0.023,4132147
1789154826,0,0,0.009,4132147
1789154826,3,0,0.064,4132147
1789154826,2,0,0.002,4132147
1789154826,2,0,0.003,4132147
1789154827,2,0,0.338,4132147
1789154827,1,0,0.002,4132147
1789154828,2,0,1.251,4132147
1789154831,5,0,3.332,4132147
1789154831,6,0,0.006,4132147
1789154832,4,0,0.942,4132147
1789154832,2,0,0.001,4132147
1789154832,0,0,0.008,4132147
1789154832,6,0,0.006,4132147
1789154833,4,0,1.045,4132147
1789154833,2,0,0.002,4132147
1789154837,7,0,3.723,4132147
1789154837,2,0,0.523,4132147
1789154837,3,0,0.036,4132147
1789154838,3,0,0.021,4132147
1789154838,5,0,0.631,4132147
1789154838,3,0,0.066,4132147
1789154838,3,0,0.008,4132147
1789154838,6,0,0.006,4132147
1789154839,5,0,0.941,4132147
1789154841,4,0,1.83,4132147
1789154841,6,0,0.008,4132147
1789154841,4,0,0.333,4132147
1789154841,6,0,0.006,4132147
1789154841,3,0,0.009,4132147
1789154842,2,0,0.383,4132147
1789154842,6,0,0.008,4132147
1789154842,0,0,0.003,4132147
1789154842,0,0,0.003,4132147
1789154842,5,0,0.349,4132147
1789154842,5,0,0.202,4132147
1789154842,3,0,0.12,4132147
1789154843,4,0,0.39,4132147
1789154843,2,0,0.407,4132147
1789154844,4,0,1.029,4132147
1789154844,2,0,0.001,4132147
1789154844,0,0,0.008,4132147
1789154844,1,0,0.002,4132147
1789154845,4,0,0.274,4132147
1789154845,0,0,0.049,4132147
1789154845,6,0,0.007,4132147
1789154845,3,0,0.007,4132147
1789154845,3,0,0.013,4132147
1789154845,2,0,0.002,4132147
1789154845,3,0,0.067,4132147
1789154845,4,0,0.283,4132147
1789154846,4,0,0.773,4132147
1789154847,4,0,1.027,4132147
1789154848,4,0,0.876,4132147
1789154848,0,0,0.007,4132147
1789154848,2,0,0.515,4132147
1789154849,4,0,0.676,4132147
1789154849,6,0,0.014,4132147
1789154849,2,0,0.003,4132147
1789154849,4,0,0.461,4132147
1789154849,6,0,0.012,4132147
1789154850,4,0,0.804,4132147
1789154851,4,0,0.513,4132147
1789154851,6,0,0.005,4132147
1789154854,5,0,3.281,4132147
1789154854,2,0,0.002,4132147
1789154854,6,0,0.005,4132147
1789154854,2,0,0.002,4132147
1789154854,4,0,0.207,4132147
1789154854,3,0,0.132,4132147
1789154855,2,0,0.655,4132147
1789154855,3,0,0.045,4132147
1789154855,6,0,0.005,4132147
1789154855,6,0,0.005,4132147
1789154855,2,0,0.001,4132147
1789154855,6,0,0.005,4132147
1789154856,4,0,0.823,4132147
1789154856,0,0,0.003,4132147
1789154856,3,0,0.008,4132147
1789154856,6,0,0.007,4132147
1789154856,3,0,0.037,4132147
1789154857,2,0,0.646,4132147
1789154857,0,0,0.003,4132147
1789154857,0,0,0.01,4132147
1789154857,2,0,0.482,4132147
1789154858,5,0,1.04,4132147
1789154862,5,0,4.072,4132147
1789154862,3,0,0.148,4132147
1789154862,2,0,0.001,4132147
1789154862,6,0,0.039,4132147
1789154864,4,0,1.345,4132147
1789154864,0,0,0.004,4132147
1789154864,3,0,0.031,4132147
1789154864,0,0,0.01,4132147
1789154864,2,0,0.39,4132147
1789154864,3,0,0.086,4132147
1789154865,4,0,0.394,4132147
1789154865,0,0,0.005,4132147
1789154865,2,0,0.35,4132147
1789154866,5,0,0.756,4132147
1789154867,5,0,0.861,4132147
1789154867,4,0,0.371,4132147
1789154867,3,0,0.042,4132147
1789154867,6,0,0.009,4132147
1789154867,2,0,0.001,4132147
1789154867,2,0,0,4132147
1789154867,3,0,0.088,4132147
1789154867,3,0,0.126,4132147
1789154868,4,0,0.414,4132147
1789154868,0,0,0.014,4132147
1789154868,4,0,0.353,4132147
1789154868,0,0,0.005,4132147
1789154868,1,0,0.002,4132147
1789154870,4,0,1.669,4132147
1789154870,5,0,0.529,4132147
1789154870,5,0,0.123,4132147
1789154871,4,0,0.22,4132147
1789154871,2,0,0.002,4132147
1789154871,4,0,0.34,4132147
1789154871,1,0,0.001,4132147
1789154871,2,0,0.004,4132147
1789154872,4,0,0.828,4132147
1789154872,3,0,0.028,4132147
1789154873,4,0,0.831,4132147
1789154873,4,0,0.658,4132147
1789154873,4,0,0.267,4132147
1789154874,5,0,0.427,4132147
1789154875,2,0,1.56,4132147
1789154876,4,0,0.529,4132147
1789154877,4,0,1.103,4132147
1789154877,3,0,0.056,4132147
1789154877,0,0,0.013,4132147
1789154877,0,0,0.006,4132147
1789154877,6,0,0.005,4132147
1789154878,4,0,0.696,4132147
1789154878,4,0,0.546,4132147
1789154878,6,0,0.009,4132147
1789154879,4,0,0.332,4132147
1789154879,3,0,0.063,4132147
1789154879,6,0,0.008,4132147
1789154879,3,0,0.005,4132147
1789154879,0,0,0.005,4132147
1789154879,4,0,0.369,4132147
1789154879,7,0,0.181,4132147
1789154880,5,0,0.542,4132147
1789154880,3,0,0.003,4132147
1789154880,1,0,0.001,4132147
1789154880,2,0,0.452,4132147
1789154880,3,0,0.014,4132147
1789154881,4,0,1.096,4132147
1789154881,2,0,0.002,4132147
1789154882,4,0,0.651,4132147
1789154882,3,0,0.004,4132147
1789154882,3,0,0.054,4132147
1789154882,1,0,0.001,4132147
1789154883,4,0,0.426,4132147
1789154883,0,0,0.006,4132147
1789154883,6,0,0.006,4132147
1789154883,4,0,0.832,4132147
1789154884,3,0,0.04,4132147
1789154884,3,0,0.006,4132147
1789154884,4,0,0.671,4132147
1789154884,3,0,0.003,4132147
1789154885,4,0,0.487,4132147
1789154885,0,0,0.004,4132147
1789154886,4,0,0.85,4132147
1789154886,3,0,0.004,4132147
1789154886,3,0,0.099,4132147
1789154886,4,0,0.569,4132147
1789154886,4,0,0.153,4132147
1789154886,3,0,0.095,4132147
1789154886,3,0,0.002,4132147
1789154886,0,0,0.006,4132147
1789154886,2,0,0.002,4132147
1789154886,6,0,0.021,4132147
1789154888,5,0,1.274,4132147
1789154888,0,0,0.003,4132147
1789154888,6,0,0.005,4132147
1789154888,4,0,0.599,4132147
1789154889,4,0,0.62,4132147
1789154889,5,0,0.106,4132147
1789154893,7,0,3.956,4132147
1789154893,0,0,0.003,4132147
1789154893,3,0,0.087,4132147
1789154893,2,0,0.002,4132147
1789154893,5,0,0.123,4132147
1789154893,0,0,0.013,4132147
1789154893,2,0,0.002,4132147
1789154893,2,0,0.001,4132147
1789154893,6,0,0.007,4132147
1789154893,6,0,0.005,4132147
1789154893,2,0,0.002,4132147
1789154893,5,0,0.192,4132147
1789154894,4,0,0.316,4132147
1789154894,3,0,0.017,4132147
1789154894,5,0,0.498,4132147
1789154894,2,0,0.003,4132147
1789154895,4,0,0.488,4132147
1789154895,2,0,0.003,4132147
1789154895,2,0,0.002,4132147
1789154895,0,0,0.01,4132147
1789154895,4,0,0.424,4132147
1789154895,3,0,0.054,4132147
1789154896,4,0,0.654,4132147
1789154896,2,0,0.002,4132147
1789154896,0,0,0.004,4132147
1789154896,4,0,0.374,4132147
1789154896,0,0,0.007,4132147
1789154896,3,0,0.043,4132147
1789154896,0,0,0.004,4132147
1789154896,0,0,0.004,4132147
1789154901,5,0,4.745,4132147
1789154901,1,0,0.002,4132147
1789154905,5,0,4.093,4132147
1789154906,5,0,0.544,4132147
1789154906,5,0,0.692,4132147
1789154907,2,0,0.821,4132147
1789154908,4,0,0.482,4132147
1789154908,7,0,0.485,4132147
1789154908,1,0,0.002,4132147
1789154908,1,0,0.001,4132147
1789154908,3,0,0.167,4132147
1789154908,2,0,0.01,4132147
1789154908,6,0,0.023,4132147
1789154909,4,0,0.703,4132147
1789154909,3,0,0.092,4132147
1789154910,4,0,0.283,4132147
1789154910,0,0,0.009,4132147
1789154910,3,0,0.019,4132147
1789154910,6,0,0.004,4132147
1789154910,4,0,0.645,4132147
1789154910,0,0,0.028,4132147
1789154910,6,0,0.013,4132147
1789154910,3,0,0.002,4132147
1789154911,4,0,0.332,4132147
1789154911,0,0,0.013,4132147
1789154911,4,0,0.195,4132147
1789154912,4,0,1.407,4132147
1789154912,0,0,0.008,4132147
1789154912,3,0,0.036,4132147
1789154916,5,0,3.733,4132147
1789154916,2,0,0.191,4132147
1789154916,0,0,0.004,4132147
1789154916,3,0,0.051,4132147
1789154916,0,0,0.047,4132147
1789154917,4,0,0.22,4132147
1789154917,5,0,0.101,4132147
1789154917,5,0,0.149,4132147
1789154917,0,0,0.005,4132147
1789154918,4,0,0.857,4132147
1789154918,4,0,0.688,4132147
1789154918,2,0,0.002,4132147
1789154918,4,0,0.034,4132147
1789154918,0,0,0.004,4132147
1789154918,6,0,0.004,4132147
1789154918,0,0,0.004,4132147
1789154918,6,0,0.006,4132147
1789154918,0,0,0.012,4132147
1789154918,1,0,0.001,4132147
1789154918,3,0,0.007,4132147
1789154919,5,0,0.623,4132147
1789154919,3,0,0.022,4132147
1789154920,5,0,0.615,4132147
1789154920,6,0,0.006,4132147
1789154920,3,0,0.079,4132147
1789154920,2,0,0.001,4132147
1789154921,4,0,0.974,4132147
1789154921,4,0,0.748,4132147
1789154922,4,0,0.435,4132147
1789154922,0,0,0.047,4132147
1789154922,0,0,0.004,4132147
1789154922,6,0,0.015,4132147
1789154922,3,0,0.061,4132147
1789154926,5,0,3.656,4132147
1789154926,3,0,0.003,4132147
1789154926,0,0,0.01,4132147
1789154926,0,0,0.013,4132147
1789154927,4,0,0.854,4132147
1789154927,4,0,0.743,4132147
1789154927,6,0,0.011,4132147
1789154927,0,0,0.004,4132147
1789154927,0,0,0.008,4132147
1789154927,3,0,0.129,4132147
1789154927,0,0,0.004,4132147
1789154927,3,0,0.046,4132147
1789154927,0,0,0.003,4132147
1789154927,2,0,0.004,4132147
1789154928,2,0,0.251,4132147
1789154929,2,0,1.58,4132147
1789154929,3,0,0.011,4132147
1789154930,2,0,0.263,4132147
1789154931,5,0,1.074,4132147
1789154931,0,0,0.009,4132147
1789154931,3,0,0.029,4132147
1789154931,1,0,0.001,4132147
1789154931,3,0,0.042,4132147
1789154931,4,0,0.308,4132147
1789154931,3,0,0.006,4132147
1789154931,2,0,0.002,4132147
1789154932,5,0,1.146,4132147
1789154932,0,0,0.005,4132147
1789154933,4,0,0.555,4132147
1789154938,5,0,5.14,4132147
1789154938,4,0,0.306,4132147
1789154938,0,0,0.007,4132147
1789154938,0,0,0.006,4132147
1789154938,3,0,0.013,4132147
1789154938,2,0,0.001,4132147
1789154939,4,0,0.497,4132147
1789154939,2,0,0.002,4132147
1789154939,0,0,0.009,4132147
1789154939,4,0,0.367,4132147
1789154939,3,0,0.147,4132147
1789154939,3,0,0.042,4132147
1789154939,3,0,0,4132147
1789154939,0,0,0.004,4132147
1789154939,1,0,0.001,4132147
1789154939,6,0,0.005,4132147
1789154940,4,0,0.614,4132147
1789154940,3,0,0.204,4132147
1789154940,3,0,0.007,4132147
1789154940,3,0,0.05,4132147
1789154941,3,0,0.293,4132147
1789154941,5,0,0.458,4132147
1789154941,1,0,0.001,4132147
1789154941,1,0,0.001,4132147
1789154942,4,0,1.12,4132147
1789154942,3,0,0.005,4132147
1789154942,6,0,0.009,4132147
1789154946,5,0,3.639,4132147
1789154946,3,0,0.014,4132147
1789154947,4,0,0.756,4132147
1789154947,2,0,0.002,4132147
1789154947,3,0,0.006,4132147
1789154947,4,0,0.318,4132147
1789154947,3,0,0.057,4132147
1789154947,1,0,0.002,4132147
1789154947,6,0,0.006,4132147
1789154947,4,0,0.398,4132147
1789154947,1,0,0.001,4132147
1789154947,6,0,0.019,4132147
1789154948,4,0,0.297,4132147
1789154948,0,0,0.005,4132147
1789154950,4,0,1.946,4132147
1789154950,0,0,0.032,4132147
1789154950,6,0,0.016,4132147
1789154951,5,0,0.923,4132147
1789154951,4,0,0.378,4132147
1789154951,1,0,0.001,4132147
1789154956,5,0,4.7,4132147
1789154956,0,0,0.008,4132147
1789154956,3,0,0.016,4132147
1789154956,0,0,0.006,4132147
1789154956,3,0,0.069,4132147
1789154956,4,0,0.386,4132147
1789154956,2,0,0.001,4132147
1789154956,2,0,0.002,4132147
1789154957,4,0,0.612,4132147
1789154957,4,0,0.53,4132147
1789154958,4,0,0.385,4132147
1789154958,3,0,0.041,4132147
1789154958,4,0,0.299,4132147
1789154958,5,0,0.156,4132147
1789154958,0,0,0.062,4132147
1789154958,3,0,0.025,4132147
1789154958,0,0,0.004,4132147
1789154958,1,0,0.001,4132147
1789154959,4,0,0.877,4132147
1789154959,3,0,0.095,4132147
1789154959,3,0,0.03,4132147
1789154959,0,0,0.007,4132147
1789154959,3,0,0.007,4132147
1789154959,0,0,0.012,4132147
1789154959,2,0,0.008,4132147
1789154959,0,0,0.014,4132147
1789154959,3,0,0.033,4132147
1789154960,4,0,0.355,4132147
1789154960,3,0,0.013,4132147
1789154960,4,0,0.58,4132147
1789154960,3,0,0.046,4132147
1789154960,2,0,0.001,4132147
1789154961,2,0,0.821,4132147
1789154961,6,0,0.004,4132147
1789154961,0,0,0.006,4132147
1789154961,0,0,0.004,4132147
1789154961,2,0,0.002,4132147
1789154962,4,0,0.535,4132147
1789154962,6,0,0.006,4132147
1789154962,4,0,0.383,4132147
1789154962,6,0,0.012,4132147
1789154962,3,0,0.083,4132147
1789154963,4,0,0.846,4132147
1789154963,6,0,0.006,4132147
1789154964,2,0,0.9,4132147
1789154964,1,0,0.002,4132147
1789154964,6,0,0.007,4132147
1789154965,7,0,0.648,4132147
1789154965,3,0,0.004,4132147
1789154967,4,0,2.382,4132147
1789154967,5,0,0.409,4132147
1789154967,6,0,0.012,4132147
1789154967,3,0,0.031,4132147
1789154968,7,0,0.16,4132147
1789154968,4,0,0.517,4132147
1789154968,2,0,0.002,4132147
1789154968,3,0,0.001,4132147
1789154968,1,0,0.001,4132147
1789154968,1,0,0.001,4132147
1789154968,3,0,0.042,4132147
1789154969,2,0,0.567,4132147
1789154969,6,0,0.007,4132147
1789154969,4,0,0.39,4132147
1789154970,4,0,0.447,4132147
1789154970,0,0,0.06,4132147
1789154970,2,0,0.766,4132147
1789154971,4,0,0.465,4132147
1789154971,0,0,0.005,4132147
1789154971,2,0,0.003,4132147
1789154971,3,0,0.034,4132147
1789154971,0,0,0.027,4132147
1789154971,6,0,0.007,4132147
1789154971,2,0,0.002,4132147
1789154971,0,0,0.009,4132147
1789154971,3,0,0.009,4132147
1789154971,0,0,0.011,4132147
1789154971,3,0,0.05,4132147
1789154971,0,0,0.004,4132147
1789154971,6,0,0.005,4132147
1789154971,3,0,0.005,4132147
1789154971,3,0,0.009,4132147
1789154971,4,0,0.208,4132147
1789154972,2,0,0.939,4132147
1789154972,3,0,0.045,4132147
1789154972,3,0,0.104,4132147
1789154973,5,0,0.635,4132147
1789154973,2,0,0.004,4132147
1789154975,2,0,1.989,4132147
1789154975,0,0,0.005,4132147
1789154976,2,0,0.666,4132147
1789154976,3,0,0.114,4132147
1789154976,0,0,0.006,4132147
1789154977,4,0,1.006,4132147
1789154977,3,0,0.059,4132147
1789154977,0,0,0.006,4132147
1789154977,4,0,0.36,4132147
1789154977,1,0,0.001,4132147
1789154977,3,0,0.013,4132147
1789154977,3,0,0.123,4132147
1789154980,5,0,3.194,4132147
1789154982,4,0,1.514,4132147
1789154982,3,0,0.102,4132147
1789154982,3,0,0.037,4132147
1789154982,0,0,0.017,4132147
1789154983,4,0,0.805,4132147
1789154983,6,0,0.006,4132147
1789154983,0,0,0.012,4132147
1789154983,0,0,0.016,4132147
1789154986,7,0,3.053,4132147
1789154987,4,0,1.31,4132147
1789154987,6,0,0.007,4132147
1789154988,7,0,0.824,4132147
1789154988,3,0,0.008,4132147
1789154988,0,0,0.01,4132147
1789154988,6,0,0.005,4132147
1789154988,6,0,0.007,4132147
1789154988,6,0,0.007,4132147
1789154989,2,0,0.629,4132147
1789154989,0,0,0.008,4132147
1789154989,6,0,0.006,4132147
1789154989,2,0,0.239,4132147
1789154989,5,0,0.104,4132147
1789154990,5,0,0.487,4132147
1789154990,3,0,0.029,4132147
1789154991,2,0,1.316,4132147
1789154991,0,0,0.009,4132147
1789154991,3,0,0.05,4132147
1789154991,4,0,0.286,4132147
1789154991,2,0,0.002,4132147
1789154991,1,0,0.002,4132147
1789154991,3,0,0.065,4132147
1789154995,7,0,3.391,4132147
1789154995,4,0,0.403,4132147
1789154995,3,0,0.035,4132147
1789154996,2,0,0.534,4132147
1789154996,4,0,0.522,4132147
1789154996,0,0,0.007,4132147
1789154997,4,0,0.736,4132147
1789154997,1,0,0.002,4132147
1789154997,4,0,0.388,4132147
1789154998,4,0,0.425,4132147
1789154998,3,0,0.074,4132147
1789154998,0,0,0.007,4132147
1789154999,4,0,0.56,4132147
1789154999,4,0,0.377,4132147
1789154999,3,0,0.053,4132147
1789155000,2,0,0.606,4132147
1789155000,4,0,0.531,4132147
1789155000,2,0,0.002,4132147
1789155000,3,0,0.07,4132147
1789155000,0,0,0.01,4132147
1789155000,1,0,0.001,4132147
1789155000,5,0,0.117,4132147
1789155000,6,0,0.005,4132147
1789155000,0,0,0.011,4132147
1789155000,5,0,0.106,4132147
1789155005,7,0,4.13,4132147
1789155005,4,0,0.269,4132147
1789155005,3,0,0.038,4132147
1789155005,4,0,0.313,4132147
1789155006,7,0,0.417,4132147
1789155006,2,0,0.435,4132147
1789155006,4,0,0.252,4132147
1789155007,4,0,0.6,4132147
1789155008,4,0,0.625,4132147
1789155008,0,0,0.005,4132147
1789155009,4,0,1,4132147
1789155009,1,0,0.001,4132147
1789155009,3,0,0.02,4132147
1789155013,5,0,3.958,4132147
1789155014,4,0,1.991,4132147
1789155014,1,0,0.002,4132147
1789155014,2,0,0.002,4132147
1789155015,0,0,0.009,4132147
1789155015,1,0,0.001,4132147
1789155015,2,0,0.001,4132147
1789155017,2,0,2.05,4132147
1789155017,2,0,0.001,4132147
1789155017,5,0,0.65,4132147
1789155017,7,0,0.158,4132147
1789155017,2,0,0.001,4132147
1789155017,2,0,0.002,4132147
1789155017,2,0,0.002,4132147
1789155017,3,0,0.003,4132147
1789155017,0,0,0.009,4132147
1789155017,0,0,0.01,4132147
1789155017,6,0,0.006,4132147
1789155017,1,0,0.001,4132147
1789155017,6,0,0.002,4132147
1789155017,6,0,0.005,4132147
1789155017,3,0,0.007,4132147
1789155018,2,0,0.816,4132147
1789155018,0,0,0.007,4132147
1789155018,6,0,0.006,4132147
1789155018,6,0,0.006,4132147
1789155018,0,0,0.003,4132147
1789155019,4,0,0.555,4132147
1789155019,0,0,0.009,4132147
1789155019,3,0,0.087,4132147
1789155020,2,0,0.769,4132147
1789155020,2,0,0.058,4132147
1789155020,5,0,0.757,4132147
1789155022,5,0,1.114,4132147
1789155022,3,0,0.062,4132147
1789155022,5,0,0.156,4132147
1789155023,4,0,0.766,4132147
1789155023,1,0,0.002,4132147
1789155023,4,0,0.592,4132147
1789155024,4,0,0.456,4132147
1789155024,4,0,0.621,4132147
1789155025,4,0,0.345,4132147
1789155025,2,0,0.001,4132147
1789155025,2,0,0.781,4132147
1789155026,4,0,1.104,4132147
1789155027,0,0,0.008,4132147
1789155027,5,0,0.132,4132147
1789155027,0,0,0.007,4132147
1789155027,4,0,0.762,4132147
1789155027,1,0,0.001,4132147
1789155028,3,0,0.205,4132147
1789155028,5,0,0.103,4132147
1789155029,4,0,0.797,4132147
1789155029,3,0,0.054,4132147
1789155029,6,0,0.007,4132147
1789155029,3,0,0.006,4132147
1789155029,0,0,0.005,4132147
1789155029,3,0,0.007,4132147
1789155029,2,0,0.485,4132147
1789155030,4,0,0.704,4132147
1789155032,4,0,2.133,4132147
1789155032,0,0,0.007,4132147
1789155032,4,0,0.377,4132147
1789155032,0,0,0.013,4132147
1789155032,1,0,0.001,4132147
1789155033,4,0,0.368,4132147
1789155033,3,0,0.037,4132147
1789155036,5,0,3.627,4132147
1789155036,3,0,0.008,4132147
1789155036,2,0,0.003,4132147
1789155036,6,0,0.01,4132147
1789155040,7,0,4.103,4132147
1789155040,0,0,0.012,4132147
1789155042,2,0,1.041,4132147
1789155042,0,0,0.011,4132147
1789155042,4,0,0.616,4132147
1789155046,7,0,3.903,4132147
1789155046,4,0,0.293,4132147
1789155047,4,0,0.497,4132147
1789155047,0,0,0.015,4132147
1789155047,0,0,0.008,4132147
1789155049,5,0,1.697,4132147
1789155049,2,0,0.003,4132147
1789155049,5,0,0.113,4132147
1789155049,6,1,0.006,4132147
1789155049,2,0,0.327,4132147
1789155049,6,0,0.005,4132147
1789155050,5,0,0.682,4132147
1789155050,4,0,0.431,4132147
1789155051,4,0,0.454,4132147
1789155051,6,0,0.007,4132147
1789155051,2,0,0.002,4132147
1789155053,4,0,2.31,4132147
1789155053,4,0,0.433,4132147
1789155058,5,0,4.418,4132147
1789155059,5,0,0.775,4132147
1789155059,6,0,0.005,4132147
1789155059,3,0,0.048,4132147
1789155059,0,0,0.01,4132147
1789155059,0,0,0.005,4132147
1789155059,1,0,0.001,4132147
1789155059,6,0,0.012,4132147
1789155059,2,0,0.002,4132147
1789155059,4,0,0.254,4132147
1789155060,4,0,0.808,4132147
1789155060,3,0,0.008,4132147
1789155060,3,0,0.083,4132147
1789155060,3,0,0.069,4132147
1789155060,6,0,0.004,4132147
1789155061,2,0,0.666,4132147
1789155062,2,0,1.396,4132147
1789155062,0,0,0.012,4132147
1789155063,2,0,0.833,4132147
1789155063,0,0,0.004,4132147
1789155063,2,0,0.678,4132147
1789155063,3,0,0.061,4132147
1789155063,1,0,0.001,4132147
1789155065,4,0,1.538,4132147
1789155065,3,0,0.056,4132147
1789155065,4,0,0.295,4132147
1789155066,2,0,0.699,4132147
1789155066,3,0,0.083,4132147
1789155066,2,0,0.011,4132147
1789155066,3,0,0.012,4132147
1789155066,3,0,0.008,4132147
1789155066,3,0,0.035,4132147
1789155068,5,0,2.254,4132147
1789155069,3,0,0.056,4132147
1789155069,6,0,0.007,4132147
1789155069,0,0,0.004,4132147
1789155069,4,0,0.591,4132147
1789155069,3,0,0.062,4132147
1789155069,2,0,0.001,4132147
1789155070,2,0,0.363,4132147
1789155070,6,0,0.004,4132147
1789155070,0,0,0.003,4132147
1789155070,3,0,0.032,4132147
1789155070,4,0,0.705,4132147
1789155071,4,0,0.79,4132147
1789155072,4,0,0.45,4132147
1789155072,5,0,0.484,4132147
1789155072,3,0,0.144,4132147
1789155073,4,0,0.549,4132147
1789155073,4,0,0.554,4132147
1789155073,1,0,0.001,4132147
1789155073,3,0,0.057,4132147
1789155073,3,0,0.006,4132147
1789155073,3,0,0.003,4132147
1789155073,3,0,0.046,4132147
1789155073,6,0,0.007,4132147
1789155073,3,0,0.086,4132147
1789155073,6,0,0.002,4132147
1789155073,2,0,0.002,4132147
1789155074,4,0,0.378,4132147
1789155074,2,0,0.005,4132147
1789155075,4,0,0.974,4132147
1789155075,3,0,0.094,4132147
1789155076,4,0,1.521,4132147
1789155077,7,0,0.246,4132147
1789155077,0,0,0.01,4132147
1789155077,7,0,0.524,4132147
1789155078,4,0,0.383,4132147
1789155078,4,0,0.512,4132147
1789155078,1,0,0.001,4132147
1789155080,4,0,2.129,4132147
1789155080,6,0,0.006,4132147
1789155080,6,0,0.006,4132147
1789155081,4,0,0.218,4132147
1789155081,0,0,0.027,4132147
1789155081,3,0,0.064,4132147
1789155081,6,0,0.012,4132147
1789155081,3,0,0.059,4132147
1789155081,6,0,0.015,4132147
1789155081,3,0,0.043,4132147
1789155081,5,0,0.716,4132147
1789155081,6,0,0.003,4132147
1789155082,3,0,0.065,4132147
1789155082,6,0,0.009,4132147
1789155082,6,0,0.012,4132147
1789155082,3,0,0.117,4132147
1789155085,5,0,3.205,4132147
1789155085,2,0,0.344,4132147
1789155085,1,0,0.002,4132147
1789155085,3,0,0.007,4132147
1789155086,2,0,0.519,4132147
1789155086,5,0,0.166,4132147
1789155086,6,0,0.011,4132147
1789155086,6,0,0.007,4132147
1789155086,6,0,0.006,4132147
1789155086,4,0,0.452,4132147
1789155087,4,0,0.517,4132147
1789155088,4,0,0.898,4132147
1789155088,1,0,0.001,4132147
1789155089,4,0,0.852,4132147
1789155089,4,0,0.423,4132147
1789155093,5,0,4.205,4132147
1789155094,4,0,0.435,4132147
1789155094,3,0,0.007,4132147
1789155094,4,0,0.721,4132147
1789155094,3,0,0.054,4132147
1789155095,5,0,0.371,4132147
1789155095,6,0,0.009,4132147
1789155096,4,0,0.704,4132147
1789155096,2,0,0.581,4132147
1789155096,0,0,0.014,4132147
1789155096,2,0,0.003,4132147
1789155096,6,0,0.005,4132147
1789155096,3,0,0.049,4132147
1789155096,0,0,0.004,4132147
1789155096,0,0,0.004,4132147
1789155096,6,0,0.005,4132147
1789155096,2,0,0.002,4132147
1789155101,5,0,4.543,4132147
1789155101,3,0,0.006,4132147
1789155101,2,0,0.551,4132147
1789155102,2,0,0.712,4132147
1789155102,3,0,0.167,4132147
1789155103,4,0,0.39,4132147
1789155103,0,0,0.01,4132147
1789155103,4,0,0.478,4132147
1789155104,4,0,0.738,4132147
1789155104,1,0,0.001,4132147
1789155104,4,0,0.371,4132147
1789155104,0,0,0.008,4132147
1789155105,4,0,1.224,4132147
1789155109,5,0,3.712,4132147
1789155109,3,0,0.032,4132147
1789155109,6,0,0.004,4132147
1789155109,2,0,0.002,4132147
1789155110,4,0,0.556,4132147
1789155115,5,0,5.105,4132147
1789155115,1,0,0.001,4132147
1789155116,4,0,0.667,4132147
1789155116,0,0,0.008,4132147
1789155116,3,0,0.024,4132147
1789155116,3,0,0.059,4132147
1789155116,3,0,0.01,4132147
1789155117,2,0,1.295,4132147
1789155117,3,0,0.192,4132147
1789155118,4,0,1.312,4132147
1789155119,5,0,0.72,4132147
1789155119,5,0,0.133,4132147
1789155120,4,0,0.456,4132147
1789155120,0,0,0.004,4132147
1789155121,4,0,0.804,4132147
1789155121,0,0,0.044,4132147
1789155121,2,0,0.73,4132147
1789155122,4,0,0.614,4132147
1789155122,6,0,0.02,4132147
1789155122,3,0,0.008,4132147
1789155122,3,0,0.198,4132147
1789155122,6,0,0.012,4132147
1789155123,4,0,0.732,4132147
1789155123,4,0,0.42,4132147
1789155123,3,0,0.003,4132147
1789155126,5,0,2.691,4132147
1789155126,3,0,0.005,4132147
1789155126,6,0,0.005,4132147
1789155126,6,0,0.006,4132147
1789155126,5,0,0.409,4132147
1789155126,3,0,0.063,4132147
1789155128,2,0,1.434,4132147
1789155128,0,0,0.005,4132147
1789155128,1,0,0.001,4132147
1789155128,0,0,0.004,4132147
1789155128,2,0,0.482,4132147
1789155128,3,0,0.007,4132147
1789155128,6,0,0.005,4132147
1789155128,3,0,0.055,4132147
1789155128,2,0,0.001,4132147
1789155129,3,0,0.098,4132147
1789155129,0,0,0.016,4132147
1789155129,4,0,0.828,4132147
1789155131,4,0,1.483,4132147
1789155131,3,0,0.041,4132147
1789155131,6,0,0.005,4132147
1789155131,6,0,0.004,4132147
1789155131,4,0,0.315,4132147
1789155134,5,0,2.951,4132147
1789155134,1,0,0.001,4132147
1789155134,1,0,0.001,4132147
1789155134,0,0,0.007,4132147
1789155134,2,0,0.001,4132147
1789155135,5,0,0.503,4132147
1789155135,4,0,0.346,4132147
1789155135,2,0,0.002,4132147
1789155135,3,0,0.007,4132147
1789155140,5,0,4.536,4132147
1789155140,0,0,0.003,4132147
1789155140,2,0,0,4132147
1789155144,5,0,4.477,4132147
1789155144,0,0,0.008,4132147
1789155144,3,0,0.003,4132147
1789155144,1,0,0.003,4132147
1789155144,3,0,0.006,4132147
1789155144,0,0,0.004,4132147
1789155144,2,0,0.002,4132147
1789155144,0,0,0.004,4132147
1789155144,3,0,0.006,4132147
1789155144,3,0,0.05,4132147
1789155144,3,0,0.01,4132147
1789155144,6,0,0.006,4132147
1789155144,6,0,0.007,4132147
1789155149,5,0,4.285,4132147
1789155149,0,0,0.003,4132147
1789155149,6,0,0.004,4132147
1789155149,0,0,0.005,4132147
1789155149,3,0,0.006,4132147
1789155149,1,0,0.001,4132147
1789155149,3,0,0.038,4132147
1789155149,3,0,0.006,4132147
1789155152,5,0,3.466,4132147
1789155153,2,0,0.792,4132147
1789155153,3,0,0.063,4132147
1789155153,0,0,0.012,4132147
1789155153,0,0,0.006,4132147
1789155153,3,0,0.067,4132147
1789155154,4,0,0.748,4132147
1789155154,3,0,0.024,4132147
1789155156,4,0,2.21,4132147
1789155156,0,0,0.011,4132147
1789155156,4,0,0.298,4132147
1789155157,4,0,0.486,4132147
1789155157,0,0,0.002,4132147
1789155157,0,0,0.009,4132147
1789155158,4,0,0.851,4132147
1789155158,6,0,0.005,4132147
1789155158,1,0,0.001,4132147
1789155158,5,0,0.132,4132147
1789155158,0,0,0.015,4132147
1789155158,3,0,0.094,4132147
1789155158,0,0,0.004,4132147
1789155158,0,0,0.005,4132147
1789155158,4,0,0.562,4132147
1789155159,3,0,0.078,4132147
1789155159,6,0,0.006,4132147
1789155159,4,0,0.696,4132147
1789155159,0,0,0.011,4132147
1789155159,0,0,0.016,4132147
1789155159,4,0,0.194,4132147
1789155159,0,0,0.007,4132147
1789155160,2,0,1.036,4132147
1789155160,1,0,0.001,4132147
1789155161,3,0,0.093,4132147
1789155161,2,0,0.002,4132147
1789155161,6,0,0.005,4132147
1789155161,3,0,0.111,4132147
1789155162,4,0,0.88,4132147
1789155162,3,0,0.004,4132147
1789155165,7,0,3.604,4132147
1789155170,7,0,4.331,4132147
1789155170,7,0,0.179,4132147
1789155170,3,0,0.111,4132147
1789155170,0,0,0.014,4132147
1789155171,2,0,0.779,4132147
1789155171,2,0,0.616,4132147
1789155171,0,0,0.003,4132147
1789155171,0,0,0.005,4132147
1789155172,4,0,1.273,4132147
1789155173,5,0,0.684,4132147
1789155173,2,0,0.001,4132147
1789155173,6,0,0.009,4132147
1789155173,6,0,0.009,4132147
1789155173,2,0,0.005,4132147
1789155174,5,0,0.557,4132147
1789155174,2,0,0.685,4132147
1789155174,6,0,0.01,4132147
1789155174,2,0,0.002,4132147
1789155174,1,0,0.001,4132147
1789155179,7,0,4.32,4132147
1789155179,0,0,0.004,4132147
1789155179,4,0,0.341,4132147
1789155180,4,0,0.807,4132147
1789155180,6,0,0.008,4132147
1789155181,4,0,0.877,4132147
1789155181,6,0,0.023,4132147
1789155181,6,0,0.021,4132147
1789155181,5,0,0.15,4132147
1789155182,2,0,0.823,4132147
1789155182,6,0,0.016,4132147
1789155182,3,0,0.078,4132147
1789155182,0,0,0.005,4132147
1789155183,5,0,0.615,4132147
1789155183,0,0,0.019,4132147
1789155183,0,0,0.007,4132147
1789155183,4,0,0.786,4132147
1789155183,3,0,0.041,4132147
1789155183,0,0,0.024,4132147
1789155183,6,0,0.015,4132147
1789155183,6,0,0.011,4132147
1789155184,5,0,1.014,4132147
1789155184,1,0,0.001,4132147
1789155185,4,0,0.423,4132147
1789155185,0,0,0.011,4132147
1789155185,4,0,0.255,4132147
1789155185,6,0,0.004,4132147
1789155185,3,0,0.073,4132147
1789155186,4,0,0.378,4132147
1789155186,0,0,0.011,4132147
1789155186,4,0,0.225,4132147
1789155186,4,0,0.519,4132147
1789155186,0,0,0.015,4132147
1789155186,0,0,0.007,4132147
1789155187,2,0,0.761,4132147
1789155187,3,0,0.076,4132147
1789155187,2,0,0.003,4132147
1789155187,0,0,0.007,4132147
1789155187,0,0,0.009,4132147
1789155188,4,0,0.339,4132147
1789155188,0,0,0.014,4132147
1789155188,3,0,0.011,4132147
1789155188,3,0,0.064,4132147
1789155189,4,0,1.036,4132147
1789155189,4,0,0.537,4132147
1789155189,3,0,0.019,4132147
1789155189,3,0,0.049,4132147
1789155190,2,0,0.973,4132147
1789155191,4,0,0.587,4132147
1789155191,1,0,0.001,4132147
1789155195,5,0,3.65,4132147
1789155195,4,0,0.563,4132147
1789155196,4,0,0.576,4132147
1789155196,2,0,0.002,4132147
1789155196,2,0,0.001,4132147
1789155196,6,0,0.007,4132147
1789155196,3,0,0.042,4132147
1789155196,2,0,0,4132147
1789155196,4,0,0.446,4132147
1789155196,1,0,0.001,4132147
1789155196,7,0,0.171,4132147
1789155196,2,0,0.002,4132147
1789155196,6,0,0.006,4132147
1789155196,3,0,0.016,4132147
1789155196,6,0,0.009,4132147
1789155196,1,0,0.001,4132147
1789155197,5,0,0.853,4132147
1789155197,0,0,0.018,4132147
1789155198,2,0,0.832,4132147
1789155198,4,0,0.409,4132147
1789155199,2,0,0.745,4132147
1789155200,4,0,0.526,4132147
1789155200,2,0,0.001,4132147
1789155200,4,0,0.194,4132147
1789155200,3,0,0.001,4132147
1789155200,7,0,0.147,4132147
1789155200,4,0,0.335,4132147
1789155201,4,0,0.42,4132147
1789155201,3,0,0.04,4132147
1789155201,4,0,0.297,4132147
1789155201,0,0,0.017,4132147
1789155202,4,0,0.667,4132147
1789155202,3,0,0.115,4132147
1789155202,0,0,0.01,4132147
1789155204,4,0,1.514,4132147
1789155205,4,0,1.515,4132147
1789155205,4,0,0.45,4132147
1789155206,4,0,0.951,4132147
1789155206,2,0,0.002,4132147
1789155207,4,0,0.935,4132147
1789155207,1,0,0.002,4132147
1789155208,4,0,0.826,4132147
1789155209,4,0,0.696,4132147
1789155213,5,0,3.853,4132147
1789155213,3,0,0.002,4132147
1789155213,6,0,0.004,4132147
1789155213,6,0,0.006,4132147
1789155213,1,0,0.002,4132147
1789155213,0,0,0.005,4132147
1789155213,2,0,0.652,4132147
1789155213,2,0,0.002,4132147
1789155213,0,0,0.05,4132147
1789155213,0,0,0.007,4132147
1789155214,2,0,0.989,4132147
1789155214,0,0,0.016,4132147
1789155215,0,0,0.048,4132147
1789155215,3,0,0.016,4132147
1789155215,6,0,0.016,4132147
1789155215,4,0,0.582,4132147
1789155215,0,0,0.007,4132147
1789155215,0,0,0.006,4132147
1789155216,5,0,0.552,4132147
1789155216,5,0,0.224,4132147
1789155216,2,0,0.006,4132147
1789155216,5,0,0.126,4132147
1789155217,2,0,1.221,4132147
1789155219,4,0,1.545,4132147
1789155219,1,0,0.001,4132147
1789155219,3,0,0.078,4132147
1789155219,6,0,0.01,4132147
1789155221,4,0,1.636,4132147
1789155221,3,0,0.027,4132147
1789155221,3,0,0.008,4132147
1789155221,0,0,0.011,4132147
1789155221,4,0,0.592,4132147
1789155221,3,0,0.012,4132147
1789155221,6,0,0.008,4132147
1789155221,5,0,0.114,4132147
1789155221,0,0,0.007,4132147
1789155221,6,0,0.005,4132147
1789155221,0,0,0.055,4132147
1789155221,1,0,0.001,4132147
1789155222,4,0,0.423,4132147
1789155223,4,0,1.025,4132147
1789155223,3,0,0.124,4132147
1789155223,5,0,0.206,4132147
1789155223,3,0,0.016,4132147
1789155223,3,0,0.061,4132147
1789155223,3,0,0.058,4132147
1789155224,5,0,0.219,4132147
1789155224,4,0,0.502,4132147
1789155224,2,0,0.003,4132147
1789155224,0,0,0.003,4132147
1789155224,4,0,0.302,4132147
1789155225,5,0,0.593,4132147
1789155225,2,0,0.006,4132147
1789155225,3,0,0.159,4132147
1789155225,0,0,0.006,4132147
1789155226,4,0,0.634,4132147
1789155226,3,0,0.081,4132147
1789155226,0,0,0.01,4132147
1789155231,5,0,5.321,4132147
1789155232,4,0,0.399,4132147
1789155236,5,0,3.958,4132147
1789155236,1,0,0.001,4132147
1789155236,1,0,0.001,4132147
1789155236,3,0,0.085,4132147
1789155236,3,0,0.064,4132147
1789155237,5,0,0.894,4132147
1789155238,5,0,1.118,4132147
1789155238,2,0,0.414,4132147
1789155238,0,0,0.01,4132147
1789155238,1,0,0.002,4132147
1789155238,1,0,0.001,4132147
1789155238,2,0,0.004,4132147
1789155238,6,0,0.009,4132147
1789155239,2,0,0.502,4132147
1789155239,3,0,0.109,4132147
1789155239,3,0,0.04,4132147
1789155239,2,0,0.002,4132147
1789155239,7,0,0.253,4132147
1789155239,4,0,0.422,4132147
1789155240,4,0,0.232,4132147
1789155240,4,0,0.326,4132147
1789155240,3,0,0.006,4132147
1789155240,0,0,0.01,4132147
1789155241,4,0,0.925,4132147
1789155241,3,0,0.06,4132147
1789155242,4,0,0.521,4132147
1789155242,0,0,0.022,4132147
1789155242,3,0,0.059,4132147
1789155242,3,0,0.056,4132147
1789155242,0,0,0.004,4132147
1789155242,4,0,0.606,4132147
1789155242,2,0,0.001,4132147
1789155242,6,0,0.003,4132147
1789155242,0,0,0.006,4132147
1789155242,5,0,0.123,4132147
1789155243,5,0,0.116,4132147
1789155243,0,0,0.004,4132147
1789155243,0,0,0.002,4132147
1789155243,5,0,0.134,4132147
1789155243,0,0,0.003,4132147
1789155243,3,0,0.099,4132147
1789155243,3,0,0.068,4132147
1789155243,6,0,0.004,4132147
1789155243,7,0,0.486,4132147
1789155243,3,0,0.013,4132147
1789155243,0,0,0.01,4132147
1789155243,0,0,0.003,4132147
1789155243,2,0,0.003,4132147
1789155244,4,0,0.51,4132147
1789155245,4,0,0.838,4132147
1789155245,3,0,0.108,4132147
1789155245,3,0,0.039,4132147
1789155245,0,0,0.008,4132147
1789155245,6,0,0.015,4132147
1789155246,4,0,1.579,4132147
1789155246,1,0,0.001,4132147
1789155247,4,0,0.398,4132147
1789155247,6,0,0.011,4132147
1789155247,3,0,0.091,4132147
1789155247,6,0,0.005,4132147
1789155247,3,0,0.061,4132147
1789155247,6,0,0.005,4132147
1789155247,1,0,0.001,4132147
1789155247,0,0,0.019,4132147
1789155247,2,0,0.004,4132147
1789155247,5,0,0.114,4132147
1789155247,3,0,0.045,4132147
1789155248,4,0,0.345,4132147
1789155248,6,0,0.012,4132147
1789155248,0,0,0.007,4132147
1789155248,4,0,0.495,4132147
1789155248,6,0,0.017,4132147
1789155248,6,0,0.007,4132147
1789155253,5,0,4.615,4132147
1789155253,6,0,0.006,4132147
1789155253,6,0,0.006,4132147
1789155253,3,0,0.039,4132147
1789155253,5,0,0.457,4132147
1789155254,4,0,0.467,4132147
1789155254,2,0,0.479,4132147
1789155254,3,0,0.044,4132147
1789155254,6,0,0.004,4132147
1789155254,6,0,0.011,4132147
1789155254,6,0,0.008,4132147
1789155254,3,0,0.08,4132147
1789155255,4,0,0.902,4132147
1789155255,1,0,0.001,4132147
1789155255,6,0,0.008,4132147
1789155256,4,0,0.679,4132147
1789155256,0,0,0.007,4132147
1789155257,2,0,0.707,4132147
1789155257,0,0,0.004,4132147
1789155257,4,0,0.357,4132147
1789155257,0,0,0.006,4132147
1789155257,1,0,0.001,4132147
1789155257,6,0,0.008,4132147
1789155257,4,0,0.397,4132147
1789155257,3,0,0.078,4132147
1789155259,5,0,1.683,4132147
1789155259,0,0,0.007,4132147
1789155259,3,0,0.082,4132147
1789155259,6,0,0.009,4132147
1789155259,0,0,0.003,4132147
1789155259,3,0,0.095,4132147
1789155259,6,0,0.005,4132147
1789155259,2,0,0.003,4132147
1789155259,3,0,0.066,4132147
1789155259,2,0,0.004,4132147
1789155259,2,0,0.002,4132147
1789155259,3,0,0.01,4132147
1789155259,6,0,0.005,4132147
1789155259,1,0,0.002,4132147
1789155260,3,0,0.073,4132147
1789155260,2,0,0.003,4132147
1789155260,4,0,0.66,4132147
1789155260,3,0,0.042,4132147
1789155261,4,0,0.731,4132147
1789155261,3,0,0.047,4132147
1789155261,0,0,0.004,4132147
1789155261,0,0,0.005,4132147
1789155261,5,0,0.128,4132147
1789155261,2,0,0.002,4132147
1789155261,2,0,0.003,4132147
1789155262,4,0,0.911,4132147
1789155262,6,0,0.005,4132147
1789155262,5,0,0.136,4132147
1789155262,3,0,0.033,4132147
1789155262,2,0,0.001,4132147
1789155264,4,0,1.283,4132147
1789155264,4,0,0.501,4132147
1789155264,6,0,0.006,4132147
1789155264,3,0,0.057,4132147
1789155264,3,0,0.004,4132147
1789155269,7,0,4.612,4132147
1789155270,4,0,1.413,4132147
1789155270,6,0,0.01,4132147
1789155270,1,0,0.002,4132147
1789155271,2,0,0.788,4132147
1789155272,5,0,0.631,4132147
1789155272,4,0,0.195,4132147
1789155272,0,0,0.005,4132147
1789155272,1,0,0.001,4132147
1789155272,0,0,0.004,4132147
1789155272,3,0,0.022,4132147
1789155273,5,0,1.114,4132147
1789155273,3,0,0.013,4132147
1789155273,1,0,0.002,4132147
1789155273,3,0,0.054,4132147
1789155273,6,0,0.005,4132147
1789155273,0,0,0.003,4132147
1789155277,5,0,3.965,4132147
1789155281,5,0,3.636,4132147
1789155281,4,0,0.426,4132147
1789155281,0,0,0.009,4132147
1789155281,4,0,0.374,4132147
1789155281,0,0,0.036,4132147
1789155282,4,0,0.769,4132147
1789155282,0,0,0.003,4132147
1789155282,3,0,0.01,4132147
1789155282,6,0,0.006,4132147
1789155282,3,0,0.005,4132147
1789155282,4,0,0.254,4132147
1789155282,0,0,0.007,4132147
1789155283,7,0,0.33,4132147
1789155283,4,0,0.6,4132147
1789155285,4,0,1.783,4132147
1789155285,1,0,0.001,4132147
1789155285,1,0,0.001,4132147
1789155285,3,0,0.004,4132147
1789155285,3,0,0.002,4132147
1789155285,2,0,0.003,4132147
1789155286,4,0,0.903,4132147
1789155286,0,0,0.005,4132147
1789155286,3,0,0.07,4132147
1789155286,3,0,0.071,4132147
1789155286,2,0,0.002,4132147
1789155287,2,0,0.431,4132147
1789155288,4,0,1.308,4132147
1789155288,3,0,0.102,4132147
1789155288,6,0,0.038,4132147
1789155289,5,0,0.963,4132147
1789155289,0,0,0.005,4132147
1789155289,3,0,0.072,4132147
1789155289,3,0,0.043,4132147
1789155289,4,0,0.226,4132147
1789155290,3,0,0.117,4132147
1789155290,5,0,0.664,4132147
1789155290,3,0,0.055,4132147
1789155291,5,0,0.688,4132147
1789155291,6,0,0.006,4132147
1789155291,0,0,0.035,4132147
1789155291,2,0,0.002,4132147
1789155291,6,0,0.007,4132147
1789155291,3,0,0.032,4132147
1789155291,2,0,0.002,4132147
1789155291,3,0,0.004,4132147
1789155291,6,0,0.01,4132147
1789155291,2,0,0.001,4132147
1789155291,0,0,0.012,4132147
1789155291,0,0,0.008,4132147
1789155291,6,0,0.005,4132147
1789155291,1,0,0.001,4132147
1789155291,3,0,0.008,4132147
1789155291,3,0,0.004,4132147
1789155291,4,0,0.223,4132147
1789155292,2,0,0.408,4132147
1789155292,4,0,0.579,4132147
1789155292,5,0,0.164,4132147
1789155292,0,0,0.006,4132147
1789155293,3,0,0.053,4132147
1789155293,0,0,0.006,4132147
1789155293,4,0,0.291,4132147
1789155293,2,0,0.314,4132147
1789155293,6,0,0.004,4132147
1789155294,2,0,0.812,4132147
1789155294,2,0,0.002,4132147
1789155294,0,0,0.006,4132147
1789155294,2,0,0.003,4132147
1789155294,3,0,0.047,4132147
1789155295,2,0,0.523,4132147
1789155295,3,0,0.045,4132147
1789155295,2,0,0.378,4132147
1789155295,5,0,0.109,4132147
1789155295,4,0,0.159,4132147
1789155295,3,0,0.134,4132147
1789155295,3,0,0.004,4132147
1789155295,0,0,0.003,4132147
1789155295,0,0,0.005,4132147
1789155296,4,0,1.082,4132147
1789155299,4,0,2.071,4132147
1789155299,0,0,0.004,4132147
1789155299,0,0,0.004,4132147
1789155299,4,0,0.421,4132147
1789155299,3,0,0.065,4132147
1789155299,3,0,0.16,4132147
1789155300,4,0,0.358,4132147
1789155302,4,0,2.229,4132147
1789155302,0,0,0.003,4132147
1789155302,0,0,0.014,4132147
1789155302,2,0,0.002,4132147
1789155306,5,0,4.206,4132147
1789155306,3,0,0.012,4132147
1789155306,3,0,0.046,4132147
1789155306,0,0,0.006,4132147
1789155306,3,0,0.066,4132147
1789155306,1,0,0.001,4132147
1789155306,0,0,0.017,4132147
1789155306,3,0,0.076,4132147
1789155306,6,0,0.006,4132147
1789155306,3,0,0.008,4132147
1789155306,3,0,0.139,4132147
1789155307,2,0,0.473,4132147
1789155309,5,0,2.315,4132147
1789155309,5,0,0.18,4132147
1789155309,3,0,0.067,4132147
1789155314,5,0,4.486,4132147
1789155314,0,0,0.004,4132147
1789155314,6,0,0.005,4132147
1789155314,3,0,0.044,4132147
1789155314,2,0,0.002,4132147
1789155314,6,0,0.01,4132147
1789155314,4,0,0.236,4132147
1789155316,4,0,1.62,4132147
1789155317,5,0,0.748,4132147
1789155317,2,0,0.444,4132147
1789155317,4,0,0.385,4132147
1789155320,2,0,2.14,4132147
1789155320,2,0,0.002,4132147
1789155321,4,0,1.207,4132147
1789155322,4,0,1.64,4132147
1789155322,6,0,0.008,4132147
1789155322,6,0,0.007,4132147
1789155323,5,0,0.189,4132147
1789155323,0,0,0.004,4132147
1789155323,2,0,0.425,4132147
1789155323,3,0,0.035,4132147
1789155323,3,0,0.062,4132147
1789155323,6,0,0.008,4132147
1789155323,3,0,0.089,4132147
1789155328,5,0,4.332,4132147
1789155328,3,0,0.149,4132147
1789155328,3,0,0.105,4132147
1789155328,7,0,0.592,4132147
1789155328,3,0,0.024,4132147
1789155328,0,0,0.007,4132147
1789155329,4,0,0.786,4132147
1789155329,3,0,0.115,4132147
1789155330,5,0,0.492,4132147
1789155330,3,0,0.012,4132147
1789155331,4,0,0.907,4132147
1789155331,0,0,0.005,4132147
1789155331,0,0,0.008,4132147
1789155331,4,0,0.689,4132147
1789155332,3,0,0.298,4132147
1789155332,6,0,0.006,4132147
1789155332,4,0,0.636,4132147
1789155332,3,0,0.032,4132147
1789155333,7,0,0.522,4132147
1789155333,2,0,0.007,4132147
1789155333,1,0,0.002,4132147
1789155333,0,0,0.015,4132147
1789155334,4,0,1.073,4132147
1789155334,3,0,0.026,4132147
1789155334,5,0,0.113,4132147
1789155335,4,0,0.419,4132147
1789155335,3,0,0.025,4132147
1789155336,4,0,1.562,4132147
1789155337,4,0,0.363,4132147
1789155337,3,0,0.089,4132147
1789155337,4,0,0.348,4132147
1789155337,3,0,0.04,4132147
1789155337,1,0,0.001,4132147
1789155337,4,0,0.392,4132147
1789155337,3,0,0.051,4132147
1789155337,0,0,0.005,4132147
1789155338,4,0,0.449,4132147
1789155338,7,0,0.181,4132147
1789155339,5,0,0.642,4132147
1789155339,2,0,0.001,4132147
1789155339,2,0,0.003,4132147
1789155340,4,0,0.788,4132147
1789155340,2,0,0.299,4132147
1789155340,3,0,0.091,4132147
1789155340,6,0,0.006,4132147
1789155340,3,0,0.04,4132147
1789155340,5,0,0.189,4132147
1789155343,7,0,3.057,4132147
1789155344,4,0,0.668,4132147
1789155344,4,0,0.397,4132147
1789155345,4,0,0.453,4132147
1789155345,4,0,0.373,4132147
1789155347,4,0,1.461,4132147
1789155347,6,0,0.02,4132147
1789155347,3,0,0.153,4132147
1789155347,0,0,0.009,4132147
1789155347,3,0,0.031,4132147
1789155347,4,0,0.337,4132147
1789155348,4,0,1.025,4132147
1789155348,6,0,0.006,4132147
1789155349,4,0,0.499,4132147
1789155349,0,0,0.004,4132147
1789155349,6,0,0.006,4132147
1789155349,3,0,0.005,4132147
1789155349,2,0,0.001,4132147
1789155349,1,0,0.001,4132147
1789155349,2,0,0.003,4132147
1789155349,1,0,0.001,4132147
1789155349,3,0,0.247,4132147
1789155349,0,0,0.021,4132147
1789155349,2,0,0.002,4132147
1789155349,5,0,0.129,4132147
1789155349,2,0,0.003,4132147
1789155349,0,0,0.004,4132147
1789155349,4,0,0.414,4132147
1789155349,2,0,0.002,4132147
1789155350,3,0,0.122,4132147
1789155350,0,0,0.028,4132147
1789155350,6,0,0.017,4132147
1789155350,1,0,0.001,4132147
1789155350,6,0,0.012,4132147
1789155350,1,0,0.001,4132147
1789155350,1,0,0.001,4132147
1789155350,3,0,0.032,4132147
1789155350,1,0,0.001,4132147
1789155353,5,0,3.221,4132147
1789155353,3,0,0.004,4132147
1789155353,3,0,0.027,4132147
1789155353,0,0,0.006,4132147
1789155353,0,0,0.006,4132147
1789155354,4,0,0.684,4132147
1789155354,2,0,0.002,4132147
1789155354,2,0,0.218,4132147
1789155354,6,0,0.007,4132147
1789155354,3,0,0.075,4132147
1789155354,1,0,0.001,4132147
1789155354,6,0,0.008,4132147
1789155355,4,0,0.563,4132147
1789155355,2,0,0.003,4132147
1789155355,4,0,0.405,4132147
1789155356,4,0,1.109,4132147
1789155356,2,0,0.002,4132147
1789155356,3,0,0.07,4132147
1789155356,2,0,0.001,4132147
1789155358,4,0,1.761,4132147
1789155359,5,0,1.126,4132147
1789155359,0,0,0.005,4132147
1789155359,6,0,0.006,4132147
1789155360,4,0,0.627,4132147
1789155360,0,0,0.006,4132147
1789155361,4,0,0.869,4132147
1789155361,2,0,0.455,4132147
1789155361,4,0,0.344,4132147
1789155362,4,0,0.419,4132147
1789155362,2,0,0.001,4132147
1789155362,6,0,0.004,4132147
1789155362,3,0,0.041,4132147
1789155362,4,0,0.463,4132147
1789155362,3,0,0.033,4132147
1789155362,0,0,0.018,4132147
1789155362,6,0,0.004,4132147
1789155362,0,0,0.004,4132147
1789155363,4,0,1.012,4132147
1789155363,3,0,0.065,4132147
1789155364,5,0,0.43,4132147
1789155364,2,0,0.004,4132147
1789155368,5,0,3.956,4132147
1789155368,3,0,0.005,4132147
1789155369,4,0,0.796,4132147
1789155369,0,0,0.008,4132147
1789155369,6,0,0.008,4132147
1789155369,4,0,0.907,4132147
1789155369,0,0,0.015,4132147
1789155370,3,0,0.041,4132147
1789155370,7,0,0.602,4132147
1789155370,3,0,0.019,4132147
1789155371,4,0,0.677,4132147
1789155372,4,0,0.7,4132147
1789155372,3,0,0.053,4132147
1789155372,1,0,0.001,4132147
1789155372,2,0,0.346,4132147
1789155374,4,0,1.754,4132147
1789155374,3,0,0.015,4132147
1789155374,1,0,0.001,4132147
1789155375,2,0,0.901,4132147
1789155375,3,0,0.004,4132147
1789155375,0,0,0.005,4132147
1789155375,3,0,0.002,4132147
1789155375,4,0,0.547,4132147
1789155376,4,0,0.391,4132147
1789155376,0,0,0.013,4132147
1789155376,4,0,0.376,4132147
1789155377,2,0,0.808,4132147
1789155377,2,0,0.004,4132147
1789155377,2,0,0.003,4132147
1789155377,0,0,0.007,4132147
1789155377,4,0,0.426,4132147
1789155377,5,0,0.211,4132147
1789155377,3,0,0.025,4132147
1789155377,6,0,0.019,4132147
1789155378,4,0,0.72,4132147
1789155378,STOP,,,4132147
