1789151775,6,0,0.038,4132164
1789151776,2,0,0.965,4132164
1789151776,4,0,0.609,4132164
1789151777,4,0,0.414,4132164
1789151777,3,0,0.011,4132164
1789151777,0,0,0.007,4132164
1789151777,2,0,0.002,4132164
1789151777,0,0,0.01,4132164
1789151778,4,0,0.672,4132164
1789151778,0,0,0.007,4132164
1789151778,3,0,0.084,4132164
1789151778,6,0,0.006,4132164
1789151782,5,0,4.233,4132164
1789151782,0,0,0.008,4132164
1789151782,6,0,0.014,4132164
1789151782,4,0,0.455,4132164
1789151782,0,0,0.006,4132164
1789151782,6,0,0.017,4132164
1789151782,3,0,0.098,4132164
1789151783,3,0,0.102,4132164
1789151783,2,0,0.001,4132164
1789151783,2,0,0.741,4132164
1789151787,5,0,3.825,4132164
1789151787,3,0,0.004,4132164
1789151787,0,0,0.01,4132164
1789151789,5,0,1.5,4132164
1789151789,0,0,0.007,4132164
1789151789,4,0,0.422,4132164
1789151789,0,0,0.004,4132164
1789151790,5,0,1.184,4132164
1789151791,4,0,0.755,4132164
1789151791,4,0,0.414,4132164
1789151791,6,0,0.007,4132164
1789151791,3,0,0.048,4132164
1789151792,4,0,0.333,4132164
1789151792,4,0,0.495,4132164
1789151793,2,0,0.503,4132164
1789151793,0,0,0.004,4132164
1789151793,3,0,0.089,4132164
1789151794,4,0,0.744,4132164
1789151794,5,0,0.122,4132164
1789151794,2,0,0.003,4132164
1789151794,3,0,0.141,4132164
1789151794,2,0,0.001,4132164
1789151794,2,0,0.002,4132164
1789151797,5,0,3.251,4132164
1789151797,3,0,0.015,4132164
1789151797,3,0,0.001,4132164
1789151797,3,0,0.006,4132164
1789151797,1,0,0.002,4132164
1789151798,4,0,0.544,4132164
1789151800,4,0,1.812,4132164
1789151800,3,0,0.105,4132164
1789151800,6,0,0.006,4132164
1789151800,1,0,0.002,4132164
1789151800,4,0,0.576,4132164
1789151800,3,0,0.032,4132164
1789151802,5,0,1.408,4132164
1789151802,4,0,0.277,4132164
1789151802,0,0,0.005,4132164
1789151802,6,0,0.006,4132164
1789151802,5,0,0.384,4132164
1789151806,5,0,4.059,4132164
1789151806,3,0,0.008,4132164
1789151807,5,0,0.098,4132164
1789151807,0,0,0.004,4132164
1789151807,2,0,0.002,4132164
1789151807,4,0,0.228,4132164
1789151807,4,0,0.401,4132164
1789151807,0,0,0.013,4132164
1789151807,6,0,0.006,4132164
1789151807,7,0,0.154,4132164
1789151807,6,0,0.009,4132164
1789151807,1,0,0.002,4132164
1789151807,6,0,0.014,4132164
1789151808,4,0,0.367,4132164
1789151808,4,0,0.54,4132164
1789151808,5,0,0.142,4132164
1789151810,4,0,1.557,4132164
1789151810,3,0,0.055,4132164
1789151810,0,0,0.003,4132164
1789151810,3,0,0.005,4132164
1789151811,4,0,0.646,4132164
1789151811,4,0,0.331,4132164
1789151811,3,0,0.092,4132164
1789151811,6,0,0.007,4132164
1789151811,3,0,0.005,4132164
1789151811,6,0,0.013,4132164
1789151811,3,0,0.086,4132164
1789151811,3,0,0.124,4132164
1789151811,1,0,0.001,4132164
1789151811,3,0,0.136,4132164
1789151813,4,0,1.211,4132164
1789151813,3,0,0.129,4132164
1789151813,3,0,0.014,4132164
1789151813,3,0,0.105,4132164
1789151813,0,0,0.003,4132164
1789151814,2,0,0.922,4132164
1789151815,4,0,0.711,4132164
1789151815,4,0,0.409,4132164
1789151815,1,0,0.001,4132164
1789151815,3,0,0.012,4132164
1789151815,3,0,0.004,4132164
1789151815,1,0,0.001,4132164
1789151816,2,0,0.762,4132164
1789151816,0,0,0.004,4132164
1789151816,3,0,0.076,4132164
1789151816,2,0,0.007,4132164
1789151816,2,0,0.001,4132164
1789151816,3,0,0.017,4132164
1789151816,3,0,0.124,4132164
1789151816,1,0,0,4132164
1789151817,4,0,1.393,4132164
1789151818,4,0,0.499,4132164
1789151818,6,0,0.008,4132164
1789151818,3,0,0.007,4132164
1789151819,7,0,0.929,4132164
1789151819,6,0,0.006,4132164
1789151819,3,0,0.079,4132164
1789151819,5,0,0.102,4132164
1789151820,4,0,1.339,4132164
1789151820,2,0,0.001,4132164
1789151821,2,0,1.06,4132164
1789151822,4,0,0.432,4132164
1789151822,1,0,0.001,4132164
1789151822,3,0,0.052,4132164
1789151822,2,0,0.005,4132164
1789151822,4,0,0.442,4132164
1789151823,4,0,0.454,4132164
1789151823,4,0,0.177,4132164
1789151823,3,0,0.006,4132164
1789151823,5,0,0.108,4132164
1789151824,4,0,0.731,4132164
1789151824,3,0,0.005,4132164
1789151824,3,0,0.047,4132164
1789151824,0,0,0.004,4132164
1789151824,6,0,0.006,4132164
1789151825,4,0,0.725,4132164
1789151825,0,0,0.007,4132164
1789151825,3,0,0.012,4132164
1789151825,1,0,0.001,4132164
1789151825,3,0,0.016,4132164
1789151825,5,0,0.654,4132164
1789151825,0,0,0.005,4132164
1789151825,0,0,0.012,4132164
1789151826,2,0,0.26,4132164
1789151826,4,0,0.686,4132164
1789151826,0,0,0.043,4132164
1789151826,3,0,0.008,4132164
1789151827,4,0,0.915,4132164
1789151827,0,0,0.012,4132164
1789151827,0,0,0.017,4132164
1789151827,0,0,0.037,4132164
1789151827,3,0,0.077,4132164
1789151827,6,0,0.006,4132164
1789151827,6,0,0.006,4132164
1789151827,6,0,0.004,4132164
1789151828,4,0,0.481,4132164
1789151828,5,0,0.298,4132164
1789151828,4,0,0.258,4132164
1789151828,2,0,0.004,4132164
1789151828,0,0,0.011,4132164
1789151828,6,0,0.006,4132164
1789151828,3,0,0.045,4132164
1789151832,5,0,4.006,4132164
1789151832,2,0,0.002,4132164
1789151833,5,0,0.154,4132164
1789151833,3,0,0.059,4132164
1789151833,3,0,0.044,4132164
1789151833,3,0,0.031,4132164
1789151835,5,0,2.606,4132164
1789151835,6,0,0.025,4132164
1789151836,4,0,0.752,4132164
1789151841,5,0,5.038,4132164
1789151841,0,0,0.008,4132164
1789151841,0,0,0.008,4132164
1789151842,4,0,0.881,4132164
1789151842,1,0,0.002,4132164
1789151842,4,0,0.281,4132164
1789151842,6,0,0.008,4132164
1789151843,5,0,0.37,4132164
1789151843,1,0,0.001,4132164
1789151844,5,0,1.69,4132164
1789151848,5,0,3.221,4132164
1789151848,3,0,0.088,4132164
1789151849,4,0,1.088,4132164
1789151849,0,0,0.012,4132164
1789151849,6,0,0.006,4132164
1789151850,4,0,0.798,4132164
1789151850,0,0,0.006,4132164
1789151850,2,0,0.001,4132164
1789151850,3,0,0.085,4132164
1789151850,1,0,0.001,4132164
1789151850,2,0,0.002,4132164
1789151851,4,0,1.431,4132164
1789151851,3,0,0.065,4132164
1789151851,0,0,0.01,4132164
1789151851,6,0,0.015,4132164
1789151851,6,0,0.01,4132164
1789151853,2,0,1.731,4132164
1789151853,0,0,0.005,4132164
1789151854,4,0,1.194,4132164
1789151854,3,0,0.106,4132164
1789151855,2,0,0.487,4132164
1789151855,0,0,0.019,4132164
1789151855,3,0,0.175,4132164
1789151855,3,0,0.111,4132164
1789151855,6,0,0.018,4132164
1789151856,4,0,0.514,4132164
1789151856,4,0,0.855,4132164
1789151857,3,0,0.026,4132164
1789151857,4,0,0.502,4132164
1789151861,7,0,3.495,4132164
1789151861,7,0,0.184,4132164
1789151862,4,0,1.088,4132164
1789151862,6,0,0.007,4132164
1789151862,3,0,0.064,4132164
1789151862,3,0,0.009,4132164
1789151862,3,0,0.081,4132164
1789151862,0,0,0.006,4132164
1789151862,4,0,0.302,4132164
1789151863,4,0,0.553,4132164
1789151863,2,0,0.003,4132164
1789151863,2,0,0.002,4132164
1789151863,4,0,0.209,4132164
1789151863,6,0,0.007,4132164
1789151863,4,0,0.323,4132164
1789151864,4,0,1.016,4132164
1789151864,0,0,0.012,4132164
1789151866,2,0,1.264,4132164
1789151866,4,0,0.223,4132164
1789151866,6,0,0.009,4132164
1789151870,5,0,4.372,4132164
1789151871,4,0,0.444,4132164
1789151871,3,0,0.109,4132164
1789151875,7,0,4.327,4132164
1789151875,3,0,0.067,4132164
1789151875,0,0,0.003,4132164
1789151875,3,0,0.005,4132164
1789151875,6,0,0.009,4132164
1789151875,6,0,0.006,4132164
1789151877,4,0,1.431,4132164
1789151877,1,0,0.001,4132164
1789151877,2,0,0.004,4132164
1789151877,2,0,0.001,4132164
1789151877,3,0,0.039,4132164
1789151877,2,0,0.001,4132164
1789151877,3,0,0.02,4132164
1789151877,3,0,0.118,4132164
1789151877,0,0,0.014,4132164
1789151877,0,0,0.017,4132164
1789151880,5,0,3.388,4132164
1789151880,3,0,0.04,4132164
1789151880,0,0,0.012,4132164
1789151881,2,0,0.374,4132164
1789151881,0,0,0.012,4132164
1789151881,4,0,0.15,4132164
1789151881,3,0,0.005,4132164
1789151881,0,0,0.009,4132164
1789151881,5,0,0.121,4132164
1789151882,2,0,0.668,4132164
1789151882,4,0,0.745,4132164
1789151883,3,0,0.125,4132164
1789151883,3,0,0.006,4132164
1789151883,5,0,0.113,4132164
1789151883,0,0,0.003,4132164
1789151883,5,0,0.122,4132164
1789151883,0,0,0.007,4132164
1789151883,3,0,0.087,4132164
1789151883,3,0,0.004,4132164
1789151883,3,0,0.05,4132164
1789151883,2,0,0.002,4132164
1789151883,0,0,0.024,4132164
1789151883,1,0,0.001,4132164
1789151883,3,0,0.05,4132164
1789151884,7,0,0.641,4132164
1789151884,6,0,0.008,4132164
1789151884,3,0,0.079,4132164
1789151884,5,0,0.187,4132164
1789151884,3,0,0.062,4132164
1789151885,4,0,0.94,4132164
1789151886,7,0,0.737,4132164
1789151886,0,0,0.009,4132164
1789151886,6,0,0.02,4132164
1789151886,4,0,0.56,4132164
1789151886,2,0,0.002,4132164
1789151887,4,0,0.286,4132164
1789151887,4,0,0.889,4132164
1789151887,1,0,0.001,4132164
1789151889,4,0,1.186,4132164
1789151889,3,0,0.038,4132164
1789151889,3,0,0.04,4132164
1789151889,6,0,0.005,4132164
1789151889,3,0,0.073,4132164
1789151889,5,0,0.56,4132164
1789151889,3,0,0.082,4132164
1789151890,4,0,0.843,4132164
1789151890,1,0,0.001,4132164
1789151890,1,0,0.001,4132164
1789151891,4,0,0.503,4132164
1789151891,6,0,0.005,4132164
1789151891,3,0,0.066,4132164
1789151891,4,0,0.35,4132164
1789151891,4,0,0.248,4132164
1789151891,6,0,0.007,4132164
1789151891,3,0,0.01,4132164
1789151892,4,0,0.3,4132164
1789151892,1,0,0.001,4132164
1789151892,6,0,0.021,4132164
1789151892,2,0,0.004,4132164
1789151892,1,0,0.001,4132164
1789151892,6,0,0.007,4132164
1789151892,1,0,0.001,4132164
1789151893,2,0,1.29,4132164
1789151893,2,0,0.001,4132164
1789151893,6,0,0.009,4132164
1789151898,5,0,4.51,4132164
1789151898,6,0,0.007,4132164
1789151898,6,0,0.005,4132164
1789151898,6,0,0.006,4132164
1789151898,4,0,0.208,4132164
1789151898,4,0,0.285,4132164
1789151898,2,0,0.004,4132164
1789151898,0,0,0.003,4132164
1789151899,5,0,0.67,4132164
1789151899,5,0,0.099,4132164
1789151903,5,0,4.003,4132164
1789151904,4,0,0.697,4132164
1789151907,5,0,3.817,4132164
1789151907,3,0,0.025,4132164
1789151907,6,0,0.005,4132164
1789151908,2,0,0.83,4132164
1789151909,4,0,0.766,4132164
1789151909,3,0,0.043,4132164
1789151909,0,0,0.008,4132164
1789151909,0,0,0.009,4132164
1789151909,4,0,0.294,4132164
1789151909,0,0,0.011,4132164
1789151909,0,0,0.01,4132164
1789151909,2,0,0.002,4132164
1789151909,6,0,0.005,4132164
1789151909,6,0,0.006,4132164
1789151911,4,0,1.562,4132164
1789151911,6,0,0.006,4132164
1789151911,3,0,0.067,4132164
1789151912,4,0,1.168,4132164
1789151913,4,0,1.247,4132164
1789151913,3,0,0.044,4132164
1789151913,6,0,0.005,4132164
1789151914,7,0,0.269,4132164
1789151914,1,0,0.002,4132164
1789151914,1,0,0.001,4132164
1789151916,4,0,1.83,4132164
1789151916,4,0,0.683,4132164
1789151917,4,0,0.697,4132164
1789151918,2,0,0.669,4132164
1789151918,6,0,0.005,4132164
1789151918,2,0,0.005,4132164
1789151918,3,0,0.037,4132164
1789151918,3,0,0.139,4132164
1789151918,6,0,0.005,4132164
1789151918,2,0,0.646,4132164
1789151919,3,0,0.052,4132164
1789151919,3,0,0.006,4132164
1789151920,4,0,1.933,4132164
1789151921,3,0,0.055,4132164
1789151921,0,0,0.005,4132164
1789151921,3,0,0.027,4132164
1789151921,4,0,0.865,4132164
1789151921,2,0,0.002,4132164
1789151922,4,0,0.476,4132164
1789151922,0,0,0.005,4132164
1789151922,2,0,0.003,4132164
1789151922,4,0,0.58,4132164
1789151923,0,0,0.004,4132164
1789151923,3,0,0.044,4132164
1789151923,3,0,0.043,4132164
1789151923,4,0,0.645,4132164
1789151923,0,0,0.01,4132164
1789151924,4,0,0.88,4132164
1789151925,2,0,0.788,4132164
1789151925,6,0,0.016,4132164
1789151925,2,0,0.547,4132164
1789151926,3,0,0.047,4132164
1789151926,4,0,0.496,4132164
1789151926,2,0,0.003,4132164
1789151926,3,0,0.037,4132164
1789151926,0,0,0.003,4132164
1789151926,0,0,0.004,4132164
1789151927,2,0,0.571,4132164
1789151927,4,0,0.784,4132164
1789151928,5,0,0.717,4132164
1789151928,0,0,0.003,4132164
1789151928,2,0,0.001,4132164
1789151929,4,0,1.221,4132164
1789151930,2,0,0.416,4132164
1789151930,2,0,0.001,4132164
1789151932,5,0,2.71,4132164
1789151932,0,0,0.004,4132164
1789151933,3,0,0.024,4132164
1789151933,6,0,0.008,4132164
1789151933,3,0,0.014,4132164
1789151933,2,0,0.003,4132164
1789151933,0,0,0.005,4132164
1789151933,4,0,0.842,4132164
1789151933,0,0,0.004,4132164
1789151933,6,0,0.004,4132164
1789151933,6,0,0.005,4132164
1789151934,4,0,0.607,4132164
1789151934,0,0,0.055,4132164
1789151934,3,0,0.096,4132164
1789151935,4,0,0.473,4132164
1789151935,3,0,0.131,4132164
1789151935,1,0,0.001,4132164
1789151935,6,0,0.017,4132164
1789151935,6,0,0.02,4132164
1789151935,6,0,0.006,4132164
1789151935,1,0,0.001,4132164
1789151935,0,0,0.013,4132164
1789151935,1,0,0.001,4132164
1789151936,4,0,0.903,4132164
1789151936,2,0,0.004,4132164
1789151936,3,0,0.042,4132164
1789151936,0,0,0.008,4132164
1789151936,1,0,0.001,4132164
1789151936,3,0,0.069,4132164
1789151936,2,0,0.606,4132164
1789151937,7,0,0.531,4132164
1789151937,6,0,0.005,4132164
1789151937,4,0,0.262,4132164
1789151937,3,0,0.214,4132164
1789151938,2,0,0.729,4132164
1789151938,0,0,0.013,4132164
1789151942,5,0,4.227,4132164
1789151942,6,0,0.005,4132164
1789151942,2,0,0,4132164
1789151943,4,0,0.819,4132164
1789151943,2,0,0.006,4132164
1789151943,0,0,0.006,4132164
1789151944,4,0,0.412,4132164
1789151944,4,0,0.613,4132164
1789151944,3,0,0.024,4132164
1789151945,4,0,0.639,4132164
1789151945,4,0,0.331,4132164
1789151945,0,0,0.004,4132164
1789151945,3,0,0.023,4132164
1789151945,3,0,0.03,4132164
1789151946,4,0,0.345,4132164
1789151946,0,0,0.004,4132164
1789151946,0,0,0.005,4132164
1789151946,2,0,0.003,4132164
1789151946,1,0,0.001,4132164
1789151946,3,0,0.004,4132164
1789151946,4,0,0.401,4132164
1789151946,0,0,0.012,4132164
1789151947,4,0,0.42,4132164
1789151947,2,0,0.279,4132164
1789151947,3,0,0.007,4132164
1789151950,5,0,3.326,4132164
1789151951,2,0,0.775,4132164
1789151951,3,0,0.004,4132164
1789151951,3,0,0.087,4132164
1789151952,4,0,0.822,4132164
1789151952,2,0,0.586,4132164
1789151953,4,0,1.06,4132164
1789151954,2,0,0.637,4132164
1789151954,7,0,0.207,4132164
1789151955,4,0,0.992,4132164
1789151955,0,0,0.015,4132164
1789151955,3,0,0.024,4132164
1789151956,5,0,0.156,4132164
1789151956,3,0,0.067,4132164
1789151956,2,0,0.002,4132164
1789151956,3,0,0.239,4132164
1789151957,4,0,0.886,4132164
1789151957,0,0,0.006,4132164
1789151957,0,0,0.005,4132164
1789151957,3,0,0.011,4132164
1789151957,5,0,0.117,4132164
1789151957,0,0,0.015,4132164
1789151957,1,0,0.001,4132164
1789151957,3,0,0.027,4132164
1789151958,4,0,0.71,4132164
1789151958,3,0,0.007,4132164
1789151958,2,0,0.003,4132164
1789151958,2,0,0,4132164
1789151958,5,0,0.177,4132164
1789151958,4,0,0.418,4132164
1789151959,7,0,0.571,4132164
1789151960,4,0,1.347,4132164
1789151960,3,0,0.098,4132164
1789151960,3,0,0.003,4132164
1789151961,5,0,0.567,4132164
1789151961,2,0,0.007,4132164
1789151965,5,0,4.427,4132164
1789151966,4,0,0.786,4132164
1789151966,5,0,0.11,4132164
1789151967,4,0,0.69,4132164
1789151971,5,0,4.03,4132164
1789151971,0,0,0.005,4132164
1789151971,2,0,0.011,4132164
1789151971,5,0,0.126,4132164
1789151971,3,0,0.015,4132164
1789151971,6,0,0.005,4132164
1789151972,4,0,0.96,4132164
1789151973,4,0,0.614,4132164
1789151974,5,0,1.079,4132164
1789151974,5,0,0.773,4132164
1789151975,2,0,0.337,4132164
1789151975,3,0,0.015,4132164
1789151975,0,0,0.008,4132164
1789151975,2,0,0.001,4132164
1789151976,4,0,1.073,4132164
1789151977,4,0,0.634,4132164
1789151980,5,0,3.643,4132164
1789151980,1,0,0.002,4132164
1789151980,6,0,0.008,4132164
1789151981,4,0,1.196,4132164
1789151982,2,0,0.303,4132164
1789151983,4,0,1.081,4132164
1789151983,6,0,0.005,4132164
1789151983,4,0,0.742,4132164
1789151984,0,0,0.012,4132164
1789151984,6,0,0.011,4132164
1789151984,4,0,0.415,4132164
1789151984,6,0,0.007,4132164
1789151986,2,0,1.781,4132164
1789151986,5,0,0.629,4132164
1789151986,3,0,0.067,4132164
1789151986,0,0,0.011,4132164
1789151987,4,0,0.307,4132164
1789151989,4,0,1.79,4132164
1789151989,3,0,0.1,4132164
1789151989,0,0,0.016,4132164
1789151989,2,0,0.002,4132164
1789151989,6,0,0.005,4132164
1789151989,4,0,0.793,4132164
1789151990,4,0,0.289,4132164
1789151990,2,0,0.002,4132164
1789151990,2,0,0.667,4132164
1789151995,7,0,4.185,4132164
1789151995,5,0,0.4,4132164
1789151996,4,0,0.891,4132164
1789151996,6,0,0.007,4132164
1789151996,5,0,0.395,4132164
1789151997,4,0,0.406,4132164
1789151997,6,0,0.006,4132164
1789151997,6,0,0.007,4132164
1789151997,4,0,0.281,4132164
1789151997,4,0,0.194,4132164
1789151997,2,0,0.005,4132164
1789151997,6,0,0.026,4132164
1789151997,0,0,0.003,4132164
1789151998,4,0,0.805,4132164
1789151998,3,0,0.075,4132164
1789151998,0,0,0.014,4132164
1789151998,3,0,0.127,4132164
1789151998,0,0,0.008,4132164
1789151998,3,0,0.01,4132164
1789151998,3,0,0.009,4132164
1789151998,0,0,0.009,4132164
1789151999,7,0,0.283,4132164
1789151999,1,0,0.001,4132164
1789151999,4,0,0.661,4132164
1789152000,2,0,0.345,4132164
1789152003,5,0,3.715,4132164
1789152004,2,0,1.01,4132164
1789152004,3,0,0.099,4132164
1789152005,7,0,0.598,4132164
1789152005,6,0,0.006,4132164
1789152005,2,0,0.414,4132164
1789152005,0,0,0.009,4132164
1789152005,0,0,0.005,4132164
1789152006,4,0,0.789,4132164
1789152006,3,0,0.023,4132164
1789152006,6,0,0.008,4132164
1789152006,3,0,0.005,4132164
1789152007,4,0,0.67,4132164
1789152008,2,0,0.909,4132164
1789152009,5,0,1.436,4132164
1789152009,0,0,0.011,4132164
1789152009,3,0,0.002,4132164
1789152009,3,0,0.008,4132164
1789152009,5,0,0.113,4132164
1789152009,0,0,0.051,4132164
1789152010,4,0,0.389,4132164
1789152010,6,0,0.009,4132164
1789152010,0,0,0.008,4132164
1789152012,4,0,1.716,4132164
1789152012,3,0,0.027,4132164
1789152012,0,0,0.004,4132164
1789152012,3,0,0.001,4132164
1789152012,0,0,0.015,4132164
1789152012,0,0,0.012,4132164
1789152012,2,0,0.466,4132164
1789152012,3,0,0.063,4132164
1789152013,2,0,0.665,4132164
1789152013,3,0,0.003,4132164
1789152013,0,0,0.005,4132164
1789152013,2,0,0.002,4132164
1789152013,2,0,0.001,4132164
1789152014,4,0,0.865,4132164
1789152014,0,0,0.004,4132164
1789152017,5,0,2.885,4132164
1789152017,2,0,0.392,4132164
1789152018,4,0,0.623,4132164
1789152018,2,0,0.008,4132164
1789152018,4,0,0.773,4132164
1789152019,4,0,0.579,4132164
1789152020,2,0,0.828,4132164
1789152020,4,0,0.561,4132164
1789152020,0,0,0.009,4132164
1789152020,6,0,0.005,4132164
1789152020,0,0,0.02,4132164
1789152020,3,0,0.045,4132164
1789152020,0,0,0.014,4132164
1789152020,0,0,0.006,4132164
1789152020,2,0,0.003,4132164
1789152023,4,0,2.294,4132164
1789152023,6,0,0.009,4132164
1789152023,0,0,0.008,4132164
1789152028,7,0,4.906,4132164
1789152028,6,0,0.005,4132164
1789152028,0,0,0.009,4132164
1789152028,3,0,0.098,4132164
1789152028,4,0,0.388,4132164
1789152028,1,0,0.002,4132164
1789152028,3,0,0.033,4132164
1789152028,2,0,0.002,4132164
1789152028,6,0,0.015,4132164
1789152028,2,0,0.001,4132164
1789152028,0,0,0.028,4132164
1789152028,2,0,0.002,4132164
1789152029,4,0,0.395,4132164
1789152029,0,0,0.009,4132164
1789152029,4,0,0.744,4132164
1789152030,4,0,0.837,4132164
1789152031,5,0,0.434,4132164
1789152031,0,0,0.006,4132164
1789152031,3,0,0.087,4132164
1789152031,0,0,0.003,4132164
1789152031,0,0,0.007,4132164
1789152031,6,0,0.006,4132164
1789152035,5,0,3.876,4132164
1789152035,4,0,0.353,4132164
1789152035,2,0,0.002,4132164
1789152035,1,0,0.001,4132164
1789152036,2,0,0.805,4132164
1789152036,0,0,0.005,4132164
1789152036,1,0,0.001,4132164
1789152036,5,0,0.097,4132164
1789152036,0,0,0.01,4132164
1789152036,4,0,0.365,4132164
1789152037,4,0,0.398,4132164
1789152037,0,0,0.012,4132164
1789152037,3,0,0.058,4132164
1789152037,5,0,0.653,4132164
1789152038,4,0,0.672,4132164
1789152038,0,0,0.004,4132164
1789152038,0,0,0.003,4132164
1789152038,2,0,0.001,4132164
1789152038,6,0,0.011,4132164
1789152038,6,0,0.005,4132164
1789152038,3,0,0.004,4132164
1789152038,5,0,0.216,4132164
1789152039,2,0,0.558,4132164
1789152039,0,0,0.004,4132164
1789152039,3,0,0.04,4132164
1789152039,1,0,0.001,4132164
1789152040,5,0,0.677,4132164
1789152041,4,0,0.946,4132164
1789152041,2,0,0.599,4132164
1789152041,1,0,0.001,4132164
1789152041,3,0,0.072,4132164
1789152041,3,0,0.016,4132164
1789152042,4,0,0.876,4132164
1789152042,3,0,0.069,4132164
1789152042,0,0,0.008,4132164
1789152042,3,0,0.004,4132164
1789152043,5,0,0.51,4132164
1789152043,0,0,0.005,4132164
1789152043,6,0,0.006,4132164
1789152043,4,0,0.229,4132164
1789152043,5,0,0.151,4132164
1789152043,0,0,0.007,4132164
1789152044,4,0,0.444,4132164
1789152045,4,0,0.962,4132164
1789152045,4,0,0.687,4132164
1789152045,0,0,0.012,4132164
1789152045,1,0,0.001,4132164
1789152045,3,0,0.015,4132164
1789152045,3,0,0.025,4132164
1789152046,4,0,0.589,4132164
1789152047,2,0,0.905,4132164
1789152047,0,0,0.005,4132164
1789152047,0,0,0.004,4132164
1789152048,4,0,1.599,4132164
1789152048,1,0,0.001,4132164
1789152049,2,0,0.584,4132164
1789152049,4,0,0.504,4132164
1789152049,6,0,0.009,4132164
1789152050,3,0,0.078,4132164
1789152050,0,0,0.012,4132164
1789152050,2,0,0.422,4132164
1789152051,2,0,0.786,4132164
1789152052,2,0,1.283,4132164
1789152052,1,0,0.001,4132164
1789152052,3,0,0.015,4132164
1789152052,0,0,0.008,4132164
1789152052,6,0,0.007,4132164
1789152052,6,0,0.004,4132164
1789152052,3,0,0.023,4132164
1789152052,3,0,0.014,4132164
1789152052,6,0,0.009,4132164
1789152052,3,0,0.034,4132164
1789152052,6,0,0.006,4132164
1789152052,5,0,0.14,4132164
1789152052,2,0,0.001,4132164
1789152052,0,0,0.019,4132164
1789152057,5,0,4.562,4132164
1789152057,2,0,0.001,4132164
1789152058,2,0,0.898,4132164
1789152058,5,0,0.099,4132164
1789152058,2,0,0.002,4132164
1789152058,6,0,0.005,4132164
1789152058,3,0,0.061,4132164
1789152058,7,0,0.266,4132164
1789152060,4,0,1.588,4132164
1789152061,4,0,0.938,4132164
1789152061,6,0,0.004,4132164
1789152063,4,0,2.062,4132164
1789152063,2,0,0.001,4132164
1789152064,4,0,0.849,4132164
1789152064,3,0,0.035,4132164
1789152064,5,0,0.303,4132164
1789152064,1,0,0.001,4132164
1789152064,3,0,0.323,4132164
1789152065,4,0,0.33,4132164
1789152065,0,0,0.008,4132164
1789152065,4,0,0.601,4132164
1789152066,4,0,0.896,4132164
1789152066,3,0,0.064,4132164
1789152066,6,0,0.005,4132164
1789152067,4,0,0.561,4132164
1789152068,4,0,0.725,4132164
1789152068,4,0,0.035,4132164
1789152070,5,0,2.93,4132164
1789152070,0,0,0.007,4132164
1789152070,3,0,0.007,4132164
1789152070,2,0,0.003,4132164
1789152071,3,0,0.009,4132164
1789152071,6,0,0.004,4132164
1789152071,5,0,0.374,4132164
1789152072,4,0,0.69,4132164
1789152072,2,0,0.002,4132164
1789152072,4,0,0.673,4132164
1789152072,6,0,0.005,4132164
1789152073,4,0,0.453,4132164
1789152073,7,0,0.464,4132164
1789152073,0,0,0.003,4132164
1789152073,6,0,0.005,4132164
1789152073,3,0,0.07,4132164
1789152074,2,0,0.693,4132164
1789152074,2,0,0.385,4132164
1789152075,5,0,0.748,4132164
1789152075,6,0,0.004,4132164
1789152076,7,0,0.668,4132164
1789152076,1,0,0.001,4132164
1789152076,3,0,0.014,4132164
1789152076,0,0,0.007,4132164
1789152076,2,0,0.002,4132164
1789152076,3,0,0.009,4132164
1789152076,3,0,0.038,4132164
1789152076,1,0,0.001,4132164
1789152076,0,0,0.017,4132164
1789152079,7,0,3.56,4132164
1789152079,0,0,0.005,4132164
1789152080,4,0,0.428,4132164
1789152080,4,0,0.588,4132164
1789152080,1,0,0.002,4132164
1789152081,4,0,0.69,4132164
1789152081,1,0,0.001,4132164
1789152081,6,0,0.009,4132164
1789152081,3,0,0.038,4132164
1789152081,3,0,0.035,4132164
1789152081,6,0,0.006,4132164
1789152081,3,0,0.011,4132164
1789152082,2,0,0.334,4132164
1789152082,1,0,0.001,4132164
1789152082,3,0,0.039,4132164
1789152082,4,0,0.394,4132164
1789152082,0,0,0.01,4132164
1789152082,3,0,0.017,4132164
1789152082,6,0,0.022,4132164
1789152082,3,0,0.085,4132164
1789152082,2,0,0.001,4132164
1789152082,0,0,0.007,4132164
1789152082,0,0,0.018,4132164
1789152083,2,0,0.487,4132164
1789152083,0,0,0.009,4132164
1789152083,5,0,0.149,4132164
1789152087,5,0,3.983,4132164
1789152087,6,0,0.007,4132164
1789152087,4,0,0.319,4132164
1789152087,0,0,0.005,4132164
1789152087,3,0,0.121,4132164
1789152087,0,0,0.021,4132164
1789152088,4,0,0.412,4132164
1789152088,3,0,0.01,4132164
1789152088,6,0,0.005,4132164
1789152088,5,0,0.67,4132164
1789152089,4,0,0.286,4132164
1789152089,2,0,0.001,4132164
1789152089,3,0,0.028,4132164
1789152089,0,0,0.009,4132164
1789152089,5,0,0.296,4132164
1789152089,3,0,0.083,4132164
1789152089,2,0,0.323,4132164
1789152089,2,0,0.001,4132164
1789152090,5,0,0.424,4132164
1789152090,3,0,0.066,4132164
1789152090,0,0,0.011,4132164
1789152090,3,0,0.058,4132164
1789152090,2,0,0.371,4132164
1789152092,2,0,1.464,4132164
1789152092,3,0,0.008,4132164
1789152092,4,0,0.343,4132164
1789152092,6,0,0.005,4132164
1789152092,2,0,0.002,4132164
1789152092,6,0,0.004,4132164
1789152093,2,0,0.404,4132164
1789152093,3,0,0.008,4132164
1789152097,5,0,4.297,4132164
1789152097,2,0,0.003,4132164
1789152097,1,0,0.002,4132164
1789152097,0,0,0.008,4132164
1789152098,4,0,1.117,4132164
1789152098,2,0,0.003,4132164
1789152099,2,0,0.68,4132164
1789152099,3,0,0.006,4132164
1789152099,2,0,0.298,4132164
1789152099,0,0,0.006,4132164
1789152099,4,0,0.46,4132164
1789152100,4,0,0.452,4132164
1789152101,2,0,0.652,4132164
1789152101,6,0,0.007,4132164
1789152101,4,0,0.55,4132164
1789152101,3,0,0.072,4132164
1789152102,4,0,1.066,4132164
1789152102,1,0,0.001,4132164
1789152102,1,0,0.001,4132164
1789152102,3,0,0.009,4132164
1789152102,0,0,0.011,4132164
1789152102,3,0,0.078,4132164
1789152103,4,0,0.609,4132164
1789152103,4,0,0.316,4132164
1789152103,0,0,0.007,4132164
1789152103,3,0,0.011,4132164
1789152103,6,0,0.017,4132164
1789152104,4,0,1.057,4132164
1789152105,4,0,0.798,4132164
1789152107,2,0,1.556,4132164
1789152107,4,0,0.606,4132164
1789152108,2,0,0.35,4132164
1789152110,5,0,2.508,4132164
1789152110,0,0,0.004,4132164
1789152110,3,0,0.063,4132164
1789152110,0,0,0.006,4132164
1789152111,4,0,0.659,4132164
1789152111,5,0,0.177,4132164
1789152111,4,0,0.405,4132164
1789152113,4,0,1.335,4132164
1789152113,0,0,0.007,4132164
1789152113,0,0,0.004,4132164
1789152113,0,0,0.002,4132164
1789152113,3,0,0.127,4132164
1789152114,2,0,0.706,4132164
1789152114,2,0,0.003,4132164
1789152114,3,0,0.049,4132164
1789152114,2,0,0.002,4132164
1789152114,3,0,0.036,4132164
1789152115,4,0,1.295,4132164
1789152115,7,0,0.34,4132164
1789152115,1,0,0.001,4132164
1789152115,0,0,0.006,4132164
1789152115,6,0,0.009,4132164
1789152115,6,0,0.006,4132164
1789152116,5,0,0.752,4132164
1789152116,3,0,0.009,4132164
1789152116,1,0,0.001,4132164
1789152119,5,0,2.383,4132164
1789152119,6,0,0.009,4132164
1789152123,7,0,4.121,4132164
1789152123,6,0,0.004,4132164
1789152123,4,0,0.633,4132164
1789152124,5,0,0.204,4132164
1789152124,6,0,0.006,4132164
1789152124,0,0,0.015,4132164
1789152124,3,0,0.055,4132164
1789152124,0,0,0.004,4132164
1789152124,2,0,0.398,4132164
1789152124,2,0,0.001,4132164
1789152124,3,0,0.073,4132164
1789152124,4,0,0.301,4132164
1789152124,1,0,0.001,4132164
1789152124,6,0,0.006,4132164
1789152124,3,0,0.034,4132164
1789152124,3,0,0.006,4132164
1789152124,1,0,0.001,4132164
1789152124,3,0,0.058,4132164
1789152124,0,0,0.006,4132164
1789152124,0,0,0.012,4132164
1789152125,3,0,0.109,4132164
1789152125,3,0,0.008,4132164
1789152125,0,0,0.008,4132164
1789152125,4,0,0.582,4132164
1789152125,2,0,0.003,4132164
1789152125,3,0,0.079,4132164
1789152125,1,0,0.001,4132164
1789152126,5,0,0.385,4132164
1789152126,6,0,0.006,4132164
1789152126,6,0,0.007,4132164
1789152126,2,0,0.002,4132164
1789152126,3,0,0.032,4132164
1789152126,3,0,0.01,4132164
1789152126,0,0,0.008,4132164
1789152127,5,0,0.943,4132164
1789152127,4,0,0.316,4132164
1789152127,4,0,0.187,4132164
1789152127,2,0,0.001,4132164
1789152129,4,0,1.35,4132164
1789152129,2,0,0,4132164
1789152129,3,0,0.005,4132164
1789152132,5,0,3.381,4132164
1789152132,3,0,0.05,4132164
1789152132,0,0,0.004,4132164
1789152132,2,0,0.001,4132164
1789152132,2,0,0.507,4132164
1789152133,4,0,0.495,4132164
1789152133,3,0,0.071,4132164
1789152133,0,0,0.003,4132164
1789152133,3,0,0.004,4132164
1789152133,2,0,0.002,4132164
1789152133,0,0,0.007,4132164
1789152134,5,0,0.8,4132164
1789152134,6,0,0.006,4132164
1789152134,3,0,0.02,4132164
1789152134,3,0,0.013,4132164
1789152135,4,0,1.412,4132164
1789152135,3,0,0.003,4132164
1789152135,6,0,0.006,4132164
1789152135,3,0,0.044,4132164
1789152135,2,0,0.002,4132164
1789152136,5,0,0.152,4132164
1789152136,2,0,0.589,4132164
1789152136,0,0,0.005,4132164
1789152137,4,0,0.556,4132164
1789152137,2,0,0.502,4132164
1789152137,1,0,0.001,4132164
1789152138,5,0,1.183,4132164
1789152138,2,0,0.004,4132164
1789152138,6,0,0.008,4132164
1789152138,3,0,0.092,4132164
1789152138,6,0,0.018,4132164
1789152139,3,0,0.117,4132164
1789152139,2,0,0.005,4132164
1789152139,2,0,0.489,4132164
1789152139,3,0,0.017,4132164
1789152139,0,0,0.003,4132164
1789152139,3,0,0.004,4132164
1789152140,2,0,1.111,4132164
1789152140,3,0,0.025,4132164
1789152141,4,0,0.558,4132164
1789152141,0,0,0.012,4132164
1789152141,3,0,0.044,4132164
1789152141,0,0,0.012,4132164
1789152141,4,0,0.554,4132164
1789152142,4,0,0.344,4132164
1789152142,2,0,0.44,4132164
1789152142,6,0,0.002,4132164
1789152143,5,0,0.325,4132164
1789152143,3,0,0.083,4132164
1789152143,3,0,0.069,4132164
1789152143,4,0,0.24,4132164
1789152143,3,0,0.009,4132164
1789152144,4,0,0.574,4132164
1789152144,3,0,0.005,4132164
1789152144,2,0,0.002,4132164
1789152144,2,0,0.012,4132164
1789152144,2,0,0.001,4132164
1789152144,3,0,0.06,4132164
1789152144,0,0,0.004,4132164
1789152144,4,0,0.42,4132164
1789152144,4,0,0.211,4132164
1789152144,2,0,0.001,4132164
1789152144,0,0,0.006,4132164
1789152144,6,0,0.011,4132164
1789152144,3,0,0.01,4132164
1789152148,7,0,3.395,4132164
1789152148,0,0,0.003,4132164
1789152148,0,0,0.004,4132164
1789152148,2,0,0.006,4132164
1789152148,3,0,0.032,4132164
1789152148,6,0,0.004,4132164
1789152148,6,0,0.003,4132164
1789152148,3,0,0.037,4132164
1789152148,0,0,0.009,4132164
1789152148,3,0,0.125,4132164
1789152148,1,0,0.002,4132164
1789152148,0,0,0.004,4132164
1789152148,1,0,0.001,4132164
1789152148,1,0,0.001,4132164
1789152148,3,0,0.058,4132164
1789152148,6,0,0.009,4132164
1789152153,5,0,5.14,4132164
1789152153,6,0,0.006,4132164
1789152153,0,0,0.009,4132164
1789152153,0,0,0.006,4132164
1789152154,2,0,0.649,4132164
1789152154,2,0,0.001,4132164
1789152154,0,0,0.004,4132164
1789152154,2,0,0.001,4132164
1789152154,3,0,0.029,4132164
1789152154,5,0,0.111,4132164
1789152154,1,0,0.001,4132164
1789152154,0,0,0.004,4132164
1789152154,0,0,0.006,4132164
1789152154,6,0,0.044,4132164
1789152154,6,0,0.006,4132164
1789152154,2,0,0.003,4132164
1789152154,2,0,0.44,4132164
1789152154,0,0,0.005,4132164
1789152155,4,0,0.278,4132164
1789152155,7,0,0.359,4132164
1789152155,0,0,0.004,4132164
1789152155,2,0,0.001,4132164
1789152155,5,0,0.361,4132164
1789152156,4,0,0.449,4132164
1789152156,2,0,0.001,4132164
1789152156,3,0,0.015,4132164
1789152157,4,0,1.439,4132164
1789152158,4,0,0.602,4132164
1789152158,6,0,0.008,4132164
1789152158,2,0,0.001,4132164
1789152158,1,0,0.002,4132164
1789152158,0,0,0.009,4132164
1789152158,6,0,0.004,4132164
1789152158,2,0,0.357,4132164
1789152158,1,0,0.001,4132164
1789152158,3,0,0.047,4132164
1789152158,3,0,0.052,4132164
1789152158,3,0,0.064,4132164
1789152159,6,0,0.018,4132164
1789152163,5,0,4.149,4132164
1789152163,4,0,0.389,4132164
1789152163,3,0,0.005,4132164
1789152163,3,0,0.005,4132164
1789152163,0,0,0.006,4132164
1789152164,2,0,0.587,4132164
1789152164,3,0,0.006,4132164
1789152164,4,0,0.483,4132164
1789152164,2,0,0.003,4132164
1789152164,3,0,0.063,4132164
1789152164,3,0,0.043,4132164
1789152165,4,0,0.617,4132164
1789152165,3,0,0.051,4132164
1789152166,4,0,1.438,4132164
1789152166,6,0,0.006,4132164
1789152166,0,0,0.009,4132164
1789152168,4,0,1.604,4132164
1789152168,5,0,0.056,4132164
1789152169,4,0,0.805,4132164
1789152169,5,0,0.118,4132164
1789152169,4,0,0.552,4132164
1789152170,3,0,0.006,4132164
1789152170,3,0,0.087,4132164
1789152170,2,0,0.851,4132164
1789152175,7,0,4.727,4132164
1789152176,5,0,0.53,4132164
1789152176,4,0,0.274,4132164
1789152176,6,0,0.01,4132164
1789152177,4,0,0.808,4132164
1789152177,0,0,0.003,4132164
1789152177,3,0,0.004,4132164
1789152177,4,0,0.601,4132164
1789152178,5,0,0.456,4132164
1789152178,6,0,0.007,4132164
1789152180,2,0,1.666,4132164
1789152180,2,0,0.519,4132164
1789152180,0,0,0.049,4132164
1789152180,0,0,0.006,4132164
1789152181,4,0,1.237,4132164
1789152181,2,0,0.002,4132164
1789152182,4,0,0.324,4132164
1789152183,4,0,1.282,4132164
1789152183,3,0,0.115,4132164
1789152184,2,0,1.045,4132164
1789152184,3,0,0.012,4132164
1789152184,6,0,0.005,4132164
1789152184,4,0,0.263,4132164
1789152185,5,0,0.343,4132164
1789152186,4,0,1.147,4132164
1789152186,2,0,0.012,4132164
1789152186,4,0,0.397,4132164
1789152186,3,0,0.034,4132164
1789152186,2,0,0.017,4132164
1789152186,6,0,0.01,4132164
1789152187,4,0,0.755,4132164
1789152187,6,0,0.005,4132164
1789152187,6,0,0.014,4132164
1789152188,4,0,1.012,4132164
1789152188,3,0,0.003,4132164
1789152188,0,0,0.004,4132164
1789152189,4,0,0.476,4132164
1789152189,0,0,0.003,4132164
1789152189,6,0,0.004,4132164
1789152189,4,0,0.304,4132164
1789152189,6,0,0.006,4132164
1789152190,4,0,1.194,4132164
1789152190,6,0,0.018,4132164
1789152190,2,0,0.006,4132164
1789152190,1,0,0.002,4132164
1789152190,0,0,0.032,4132164
1789152191,4,0,0.401,4132164
1789152191,2,0,0.716,4132164
1789152192,5,0,0.514,4132164
1789152192,0,0,0.011,4132164
1789152193,4,0,0.696,4132164
1789152193,3,0,0.068,4132164
1789152193,3,0,0.003,4132164
1789152193,4,0,0.456,4132164
1789152193,0,0,0.01,4132164
1789152193,6,1,0.006,4132164
1789152193,2,0,0.007,4132164
1789152193,0,0,0.004,4132164
1789152196,5,0,3.12,4132164
1789152196,3,0,0.063,4132164
1789152196,1,0,0.001,4132164
1789152196,7,0,0.154,4132164
1789152196,0,0,0.003,4132164
1789152197,2,0,0.358,4132164
1789152197,0,0,0.044,4132164
1789152197,0,0,0.008,4132164
1789152197,5,0,0.543,4132164
1789152197,0,0,0.012,4132164
1789152197,1,0,0.001,4132164
1789152198,4,0,0.821,4132164
1789152198,2,0,0.005,4132164
1789152198,2,0,0.002,4132164
1789152199,4,0,0.719,4132164
1789152199,0,0,0.005,4132164
1789152200,7,0,0.577,4132164
1789152200,4,0,0.385,4132164
1789152200,5,0,0.097,4132164
1789152200,7,0,0.148,4132164
1789152200,0,0,0.005,4132164
1789152200,0,0,0.008,4132164
1789152201,4,0,0.786,4132164
1789152201,4,0,0.31,4132164
1789152201,6,0,0.026,4132164
1789152202,4,0,0.752,4132164
1789152203,4,0,1.218,4132164
1789152203,0,0,0.005,4132164
1789152204,4,0,0.513,4132164
1789152204,0,0,0.007,4132164
1789152204,2,0,0.52,4132164
1789152205,2,0,1.108,4132164
1789152205,0,0,0.01,4132164
1789152205,3,0,0.007,4132164
1789152205,6,0,0.006,4132164
1789152206,4,0,0.952,4132164
1789152206,2,0,0.001,4132164
1789152206,0,0,0.008,4132164
1789152206,2,0,0.003,4132164
1789152206,0,0,0.063,4132164
1789152206,0,0,0.017,4132164
1789152206,0,0,0.003,4132164
1789152207,4,0,0.716,4132164
1789152208,2,0,0.712,4132164
1789152211,5,0,3.478,4132164
1789152211,2,0,0.002,4132164
1789152215,5,0,3.38,4132164
1789152215,4,0,0.591,4132164
1789152215,3,0,0.004,4132164
1789152215,0,0,0.004,4132164
1789152215,3,0,0.094,4132164
1789152216,3,0,0.083,4132164
1789152216,4,0,0.192,4132164
1789152216,0,0,0.006,4132164
1789152216,2,0,0.003,4132164
1789152216,2,0,0.002,4132164
1789152216,6,0,0.005,4132164
1789152216,4,0,0.478,4132164
1789152216,3,0,0.056,4132164
1789152216,3,0,0.048,4132164
1789152217,4,0,0.419,4132164
1789152217,0,0,0.008,4132164
1789152217,2,0,0.306,4132164
1789152217,4,0,0.346,4132164
1789152218,4,0,0.374,4132164
1789152218,4,0,0.645,4132164
1789152219,3,0,0.109,4132164
1789152219,2,0,0.002,4132164
1789152219,3,0,0.069,4132164
1789152219,4,0,0.432,4132164
1789152220,2,0,0.523,4132164
1789152220,5,0,0.166,4132164
1789152220,4,0,0.234,4132164
1789152220,0,0,0.01,4132164
1789152220,6,0,0.008,4132164
1789152220,6,0,0.015,4132164
1789152220,0,0,0.011,4132164
1789152220,0,0,0.007,4132164
1789152221,5,0,0.574,4132164
1789152222,4,0,1.335,4132164
1789152222,2,0,0.001,4132164
1789152222,3,0,0.081,4132164
1789152222,3,0,0.05,4132164
1789152222,5,0,0.185,4132164
1789152222,0,0,0.005,4132164
1789152223,4,0,0.524,4132164
1789152223,4,0,0.508,4132164
1789152224,5,0,0.43,4132164
1789152224,3,0,0.081,4132164
1789152224,3,0,0.062,4132164
1789152224,4,0,0.417,4132164
1789152225,2,0,0.793,4132164
1789152225,6,0,0.006,4132164
1789152225,0,0,0.009,4132164
1789152225,6,0,0.008,4132164
1789152228,5,0,2.785,4132164
1789152228,4,0,0.514,4132164
1789152229,7,0,0.191,4132164
1789152229,2,0,0.336,4132164
1789152230,4,0,0.77,4132164
1789152230,6,0,0.008,4132164
1789152230,3,0,0.052,4132164
1789152230,3,0,0.063,4132164
1789152230,4,0,0.478,4132164
1789152230,3,0,0.008,4132164
1789152230,2,0,0.001,4132164
1789152231,2,0,0.425,4132164
1789152231,6,0,0.004,4132164
1789152231,4,0,0.43,4132164
1789152231,5,0,0.178,4132164
1789152231,3,0,0.011,4132164
1789152232,4,0,0.51,4132164
1789152232,0,0,0.008,4132164
1789152232,4,0,0.394,4132164
1789152232,3,0,0.068,4132164
1789152232,3,0,0.002,4132164
1789152232,3,0,0.082,4132164
1789152233,4,0,0.515,4132164
1789152233,5,0,0.358,4132164
1789152233,0,0,0.008,4132164
1789152234,2,0,1.056,4132164
1789152241,5,0,6.305,4132164
1789152245,5,0,4.003,4132164
1789152249,5,0,4.278,4132164
1789152249,3,0,0.095,4132164
1789152249,3,0,0.005,4132164
1789152249,4,0,0.251,4132164
1789152253,5,0,3.507,4132164
1789152253,4,0,0.376,4132164
1789152253,3,0,0.017,4132164
1789152257,7,0,3.773,4132164
1789152258,4,0,0.764,4132164
1789152258,0,0,0.005,4132164
1789152258,0,0,0.004,4132164
1789152258,1,0,0.002,4132164
1789152258,2,0,0.002,4132164
1789152261,7,0,3.471,4132164
1789152261,0,0,0.005,4132164
1789152261,0,0,0.004,4132164
1789152261,3,0,0.066,4132164
1789152261,0,0,0.004,4132164
1789152261,3,0,0.042,4132164
1789152261,6,0,0.009,4132164
1789152261,0,0,0.003,4132164
1789152262,4,0,1.144,4132164
1789152262,1,0,0.002,4132164
1789152263,2,0,0.94,4132164
1789152263,0,0,0.006,4132164
1789152263,3,0,0.006,4132164
1789152263,3,0,0.049,4132164
1789152264,0,0,0.011,4132164
1789152264,3,0,0.065,4132164
1789152264,3,0,0.014,4132164
1789152264,4,0,0.633,4132164
1789152264,3,0,0.035,4132164
1789152265,4,0,0.381,4132164
1789152265,3,0,0.009,4132164
1789152265,6,0,0.003,4132164
1789152265,0,0,0.004,4132164
1789152266,4,0,1.14,4132164
1789152266,4,0,0.621,4132164
1789152266,3,0,0.04,4132164
1789152266,0,0,0.01,4132164
1789152267,2,0,0.836,4132164
1789152267,6,0,0.005,4132164
1789152268,5,0,0.442,4132164
1789152270,2,0,1.857,4132164
1789152270,3,0,0.091,4132164
1789152270,6,0,0.004,4132164
1789152270,4,0,0.237,4132164
1789152270,0,0,0.004,4132164
1789152271,4,0,1.338,4132164
1789152272,4,0,0.265,4132164
1789152272,5,0,0.3,4132164
1789152272,0,0,0.004,4132164
1789152273,5,0,0.967,4132164
1789152273,3,0,0.037,4132164
1789152274,4,0,1.473,4132164
1789152274,3,0,0.119,4132164
1789152275,4,0,0.457,4132164
1789152275,6,0,0.006,4132164
1789152275,7,0,0.204,4132164
1789152275,3,0,0.072,4132164
1789152275,6,0,0.005,4132164
1789152276,4,0,0.614,4132164
1789152276,0,0,0.003,4132164
1789152276,7,0,0.177,4132164
1789152276,4,0,0.257,4132164
1789152276,6,0,0.018,4132164
1789152276,0,0,0.009,4132164
1789152276,1,0,0.001,4132164
1789152276,1,0,0.001,4132164
1789152276,3,0,0.05,4132164
1789152277,4,0,0.465,4132164
1789152277,2,0,0.536,4132164
1789152277,3,0,0.037,4132164
1789152278,4,0,0.198,4132164
1789152278,1,0,0.002,4132164
1789152278,4,0,0.41,4132164
1789152278,3,0,0.068,4132164
1789152278,0,0,0.007,4132164
1789152278,4,0,0.411,4132164
1789152279,4,0,0.374,4132164
1789152280,4,0,0.84,4132164
1789152280,4,0,0.684,4132164
1789152280,2,0,0,4132164
1789152280,2,0,0.001,4132164
1789152280,3,0,0.106,4132164
1789152280,6,0,0.011,4132164
1789152280,3,0,0.009,4132164
1789152281,4,0,0.601,4132164
1789152281,1,0,0.001,4132164
1789152281,3,0,0.015,4132164
1789152281,3,0,0.058,4132164
1789152281,0,0,0.004,4132164
1789152282,4,0,0.571,4132164
1789152282,6,0,0.007,4132164
1789152282,1,0,0.002,4132164
1789152282,6,0,0.009,4132164
1789152282,3,0,0.083,4132164
1789152282,2,0,0.002,4132164
1789152282,6,0,0.006,4132164
1789152282,3,0,0.035,4132164
1789152282,3,0,0.049,4132164
1789152282,4,0,0.227,4132164
1789152282,3,0,0.005,4132164
1789152282,3,0,0.025,4132164
1789152282,0,0,0.015,4132164
1789152282,3,0,0.006,4132164
1789152282,3,0,0.052,4132164
1789152282,3,0,0.009,4132164
1789152283,4,0,0.792,4132164
1789152284,4,0,0.51,4132164
1789152285,4,0,0.962,4132164
1789152287,2,0,2.106,4132164
1789152287,6,0,0.005,4132164
1789152288,4,0,1.24,4132164
1789152288,0,0,0.005,4132164
1789152288,2,0,0.007,4132164
1789152288,3,0,0.012,4132164
1789152290,4,0,1.953,4132164
1789152290,3,0,0.034,4132164
1789152290,0,0,0.005,4132164
1789152290,3,0,0.051,4132164
1789152291,4,0,0.74,4132164
1789152291,1,0,0.001,4132164
1789152291,6,0,0.016,4132164
1789152291,2,0,0.656,4132164
1789152291,7,0,0.138,4132164
1789152292,4,0,0.481,4132164
1789152292,3,0,0.039,4132164
1789152292,1,0,0.001,4132164
1789152293,2,0,0.545,4132164
1789152293,6,0,0.003,4132164
1789152293,4,0,0.814,4132164
1789152297,5,0,3.912,4132164
1789152298,5,0,0.534,4132164
1789152298,0,0,0.003,4132164
1789152298,1,0,0.001,4132164
1789152299,4,0,0.8,4132164
1789152302,5,0,3.69,4132164
1789152303,5,0,0.255,4132164
1789152303,3,0,0.011,4132164
1789152303,4,0,0.656,4132164
1789152304,4,0,0.258,4132164
1789152304,1,0,0.001,4132164
1789152304,4,0,0.418,4132164
1789152304,1,0,0.001,4132164
1789152304,3,0,0.006,4132164
1789152305,4,0,0.61,4132164
1789152305,1,0,0.001,4132164
1789152305,4,0,0.884,4132164
1789152307,4,0,1.226,4132164
1789152307,0,0,0.01,4132164
1789152307,3,0,0.035,4132164
1789152307,3,0,0.046,4132164
1789152307,4,0,0.325,4132164
1789152307,2,0,0.003,4132164
1789152307,6,0,0.01,4132164
1789152307,6,0,0.006,4132164
1789152308,2,0,0.436,4132164
1789152308,3,0,0.104,4132164
1789152308,0,0,0.003,4132164
1789152308,3,0,0.144,4132164
1789152308,2,0,0.258,4132164
1789152308,3,0,0.041,4132164
1789152308,0,0,0.007,4132164
1789152308,2,0,0.002,4132164
1789152308,0,0,0.021,4132164
1789152308,5,0,0.217,4132164
1789152312,5,0,3.207,4132164
1789152312,2,0,0.29,4132164
1789152312,2,0,0.577,4132164
1789152313,4,0,0.545,4132164
1789152313,5,0,0.146,4132164
1789152313,2,0,0.003,4132164
1789152314,4,0,0.68,4132164
1789152314,0,0,0.005,4132164
1789152314,1,0,0.001,4132164
1789152314,6,0,0.006,4132164
1789152314,4,0,0.472,4132164
1789152315,2,0,0.644,4132164
1789152315,2,0,0.293,4132164
1789152315,1,0,0.002,4132164
1789152318,5,0,2.344,4132164
1789152318,2,0,0.005,4132164
1789152318,3,0,0.092,4132164
1789152318,0,0,0.004,4132164
1789152318,1,0,0.001,4132164
1789152318,6,0,0.005,4132164
1789152318,4,0,0.676,4132164
1789152318,5,0,0.137,4132164
1789152319,2,0,0.364,4132164
1789152319,0,0,0.015,4132164
1789152320,2,0,0.692,4132164
1789152320,6,0,0.007,4132164
1789152321,4,0,1.02,4132164
1789152321,0,0,0.005,4132164
1789152321,3,0,0.008,4132164
1789152326,5,0,5.376,4132164
1789152326,1,0,0.003,4132164
1789152326,5,0,0.215,4132164
1789152327,4,0,0.49,4132164
1789152327,3,0,0.004,4132164
1789152327,3,0,0.061,4132164
1789152328,2,0,0.967,4132164
1789152328,4,0,0.26,4132164
1789152328,3,0,0.058,4132164
1789152328,3,0,0.06,4132164
1789152328,4,0,0.376,4132164
1789152329,2,0,0.295,4132164
1789152329,0,0,0.019,4132164
1789152329,1,0,0.001,4132164
1789152329,0,0,0.011,4132164
1789152329,3,0,0.067,4132164
1789152330,2,0,0.707,4132164
1789152331,4,0,1.071,4132164
1789152331,4,0,0.167,4132164
1789152331,2,0,0.001,4132164
1789152331,3,0,0.018,4132164
1789152331,3,0,0.105,4132164
1789152331,3,0,0.006,4132164
1789152331,6,0,0.006,4132164
1789152331,3,0,0.023,4132164
1789152331,3,0,0.086,4132164
1789152331,4,0,0.434,4132164
1789152332,4,0,0.452,4132164
1789152332,2,0,0.001,4132164
1789152332,0,0,0.006,4132164
1789152332,6,0,0.004,4132164
1789152333,4,0,0.67,4132164
1789152333,2,0,0.001,4132164
1789152333,3,0,0.006,4132164
1789152333,2,0,0.302,4132164
1789152333,4,0,0.203,4132164
1789152333,5,0,0.271,4132164
1789152334,4,0,0.751,4132164
1789152334,0,0,0.011,4132164
1789152334,3,0,0.051,4132164
1789152334,3,0,0.001,4132164
1789152334,4,0,0.254,4132164
1789152339,5,0,4.61,4132164
1789152340,4,0,0.657,4132164
1789152340,4,0,0.356,4132164
1789152340,6,0,0.012,4132164
1789152341,4,0,0.681,4132164
1789152341,3,0,0.033,4132164
1789152341,1,0,0.001,4132164
1789152341,6,0,0.007,4132164
1789152341,6,0,0.006,4132164
1789152342,4,0,1.486,4132164
1789152342,0,0,0.009,4132164
1789152342,2,0,0.002,4132164
1789152342,1,0,0.001,4132164
1789152343,4,0,1.077,4132164
1789152344,2,0,0.629,4132164
1789152344,0,0,0.01,4132164
1789152344,6,0,0.005,4132164
1789152344,6,0,0.01,4132164
1789152344,2,0,0.332,4132164
1789152345,4,0,0.651,4132164
1789152346,4,0,0.552,4132164
1789152346,0,0,0.003,4132164
1789152346,2,0,0.002,4132164
1789152346,0,0,0.009,4132164
1789152346,6,0,0.007,4132164
1789152346,5,0,0.844,4132164
1789152347,4,0,0.392,4132164
1789152347,0,0,0.01,4132164
1789152347,2,0,0.004,4132164
1789152347,4,0,0.349,4132164
1789152347,0,0,0.016,4132164
1789152348,2,0,0.632,4132164
1789152348,6,0,0.004,4132164
1789152348,2,0,0.002,4132164
1789152348,3,0,0.114,4132164
1789152348,1,0,0.001,4132164
1789152348,4,0,0.376,4132164
1789152349,3,0,0.262,4132164
1789152349,6,0,0.011,4132164
1789152349,0,0,0.014,4132164
1789152349,0,0,0.007,4132164
1789152349,6,0,0.01,4132164
1789152349,0,0,0.009,4132164
1789152349,2,0,0.002,4132164
1789152349,1,0,0.001,4132164
1789152349,0,0,0.008,4132164
1789152349,2,0,0.712,4132164
1789152349,3,0,0.085,4132164
1789152349,0,0,0.01,4132164
1789152353,5,0,3.878,4132164
1789152353,3,0,0.009,4132164
1789152353,0,0,0.014,4132164
1789152353,3,0,0.061,4132164
1789152354,4,0,0.571,4132164
1789152354,3,0,0.074,4132164
1789152354,3,0,0.182,4132164
1789152354,6,0,0.019,4132164
1789152354,2,0,0.051,4132164
1789152354,3,0,0.051,4132164
1789152354,3,0,0.05,4132164
1789152354,0,0,0.017,4132164
1789152355,2,0,0.756,4132164
1789152355,1,0,0.001,4132164
1789152355,6,0,0.004,4132164
1789152355,0,0,0.012,4132164
1789152355,0,0,0.007,4132164
1789152355,6,0,0.008,4132164
1789152355,0,0,0.003,4132164
1789152355,3,0,0.055,4132164
1789152357,4,0,1.665,4132164
1789152357,3,0,0.007,4132164
1789152357,2,0,0.008,4132164
1789152357,2,0,0.312,4132164
1789152358,4,0,0.63,4132164
1789152358,6,0,0.004,4132164
1789152358,5,0,0.154,4132164
1789152358,2,0,0.002,4132164
1789152358,6,0,0.009,4132164
1789152359,4,0,0.899,4132164
1789152359,5,0,0.395,4132164
1789152360,4,0,0.671,4132164
1789152360,3,0,0.072,4132164
1789152361,4,0,0.688,4132164
1789152364,7,0,3.546,4132164
1789152364,0,0,0.007,4132164
1789152365,4,0,0.857,4132164
1789152365,0,0,0.005,4132164
1789152365,0,0,0.016,4132164
1789152366,4,0,0.322,4132164
1789152366,0,0,0.014,4132164
1789152366,1,0,0.001,4132164
1789152366,3,0,0.105,4132164
1789152366,6,0,0.014,4132164
1789152366,6,0,0.015,4132164
1789152366,6,0,0.005,4132164
1789152367,5,0,0.84,4132164
1789152368,4,0,1.038,4132164
1789152368,2,0,0.349,4132164
1789152368,6,0,0.005,4132164
1789152368,6,0,0.005,4132164
1789152368,0,0,0.009,4132164
1789152368,4,0,0.393,4132164
1789152370,4,0,1.152,4132164
1789152370,4,0,0.682,4132164
1789152370,0,0,0.025,4132164
1789152370,2,0,0.001,4132164
1789152370,0,0,0.008,4132164
1789152371,5,0,0.642,4132164
1789152371,6,0,0.003,4132164
1789152371,0,0,0.01,4132164
1789152371,0,0,0.008,4132164
1789152371,3,0,0.056,4132164
1789152372,5,0,0.753,4132164
1789152372,2,0,0.002,4132164
1789152377,7,0,5.403,4132164
1789152377,1,0,0.001,4132164
1789152377,3,0,0.023,4132164
1789152377,0,0,0.007,4132164
1789152377,3,0,0.002,4132164
1789152377,3,0,0.046,4132164
1789152377,0,0,0.005,4132164
1789152381,7,0,3.381,4132164
1789152385,5,0,4.058,4132164
1789152385,6,0,0.008,4132164
1789152385,6,0,0.005,4132164
1789152385,4,0,0.409,4132164
1789152385,3,0,0.006,4132164
1789152385,6,0,0.005,4132164
1789152385,1,0,0.002,4132164
1789152386,4,0,0.853,4132164
1789152386,4,0,0.45,4132164
1789152387,5,0,1.016,4132164
1789152387,1,0,0.001,4132164
1789152387,3,0,0.074,4132164
1789152387,0,0,0.012,4132164
1789152388,5,0,0.115,4132164
1789152388,5,0,0.119,4132164
1789152388,0,0,0.006,4132164
1789152388,3,0,0.017,4132164
1789152388,0,0,0.004,4132164
1789152388,5,0,0.5,4132164
1789152388,3,0,0.029,4132164
1789152388,0,0,0.011,4132164
1789152388,6,0,0.005,4132164
1789152388,5,0,0.156,4132164
1789152388,6,0,0.005,4132164
1789152388,1,0,0.001,4132164
1789152388,0,0,0.007,4132164
1789152389,4,0,0.409,4132164
1789152389,0,0,0.008,4132164
1789152389,4,0,0.579,4132164
1789152390,4,0,0.928,4132164
1789152390,6,0,0.011,4132164
1789152391,4,0,0.495,4132164
1789152391,1,0,0.001,4132164
1789152391,6,0,0.005,4132164
1789152394,5,0,2.962,4132164
1789152394,3,0,0.011,4132164
1789152394,5,0,0.205,4132164
1789152395,4,0,0.57,4132164
1789152395,3,0,0.064,4132164
1789152395,4,0,0.518,4132164
1789152395,1,0,0.002,4132164
1789152395,6,0,0.005,4132164
1789152395,0,0,0.005,4132164
1789152396,2,0,1.068,4132164
1789152396,0,0,0.004,4132164
1789152397,4,0,0.218,4132164
1789152397,3,0,0.005,4132164
1789152397,4,0,0.349,4132164
1789152398,4,0,0.896,4132164
1789152399,7,0,0.968,4132164
1789152399,6,0,0.007,4132164
1789152399,2,0,0.001,4132164
1789152399,4,0,0.504,4132164
1789152399,3,0,0.067,4132164
1789152403,5,0,3.741,4132164
1789152404,4,0,0.523,4132164
1789152404,4,0,0.332,4132164
1789152404,0,0,0.004,4132164
1789152404,3,0,0.065,4132164
1789152404,6,0,0.018,4132164
1789152404,6,0,0.006,4132164
1789152404,0,0,0.009,4132164
1789152404,6,0,0.006,4132164
1789152406,5,0,2.037,4132164
1789152406,2,0,0.004,4132164
1789152406,5,0,0.117,4132164
1789152406,0,0,0.007,4132164
1789152407,2,0,0.318,4132164
1789152407,7,0,0.341,4132164
1789152407,3,0,0.063,4132164
1789152408,4,0,0.664,4132164
1789152408,5,0,0.491,4132164
1789152408,4,0,0.165,4132164
1789152409,4,0,0.628,4132164
1789152409,4,0,0.416,4132164
1789152410,2,0,0.97,4132164
1789152412,2,0,2.036,4132164
1789152412,5,0,0.122,4132164
1789152412,3,0,0.003,4132164
1789152412,3,0,0.046,4132164
1789152414,2,0,1.549,4132164
1789152414,3,0,0.088,4132164
1789152414,6,0,0.006,4132164
1789152415,4,0,0.84,4132164
1789152415,1,0,0.002,4132164
1789152415,4,0,0.395,4132164
1789152415,3,0,0.053,4132164
1789152415,3,0,0.044,4132164
1789152417,4,0,1.073,4132164
1789152417,6,0,0.007,4132164
1789152417,4,0,0.602,4132164
1789152417,3,0,0.062,4132164
1789152417,6,0,0.004,4132164
1789152418,4,0,0.601,4132164
1789152418,2,0,0.562,4132164
1789152419,5,0,0.828,4132164
1789152419,6,0,0.014,4132164
1789152419,3,0,0.003,4132164
1789152419,2,0,0.002,4132164
1789152419,7,0,0.202,4132164
1789152419,0,0,0.009,4132164
1789152424,5,0,4.094,4132164
1789152424,3,0,0.134,4132164
1789152424,2,0,0.444,4132164
1789152424,3,0,0.009,4132164
1789152426,2,0,1.928,4132164
1789152426,4,0,0.419,4132164
1789152426,6,0,0.022,4132164
1789152426,0,0,0.004,4132164
1789152427,4,0,0.277,4132164
1789152427,3,0,0.073,4132164
1789152427,4,0,0.453,4132164
1789152431,5,0,3.979,4132164
1789152431,0,0,0.007,4132164
1789152431,3,0,0.005,4132164
1789152431,5,0,0.129,4132164
1789152431,3,0,0.097,4132164
1789152431,3,0,0.006,4132164
1789152433,2,0,1.962,4132164
1789152434,4,0,0.307,4132164
1789152434,2,0,0.408,4132164
1789152434,0,0,0.006,4132164
1789152434,7,0,0.165,4132164
1789152434,0,0,0.007,4132164
1789152434,3,0,0.041,4132164
1789152434,3,0,0.074,4132164
1789152434,2,0,0.006,4132164
1789152435,3,0,0.094,4132164
1789152435,5,0,0.664,4132164
1789152437,2,0,1.704,4132164
1789152437,5,0,0.129,4132164
1789152437,0,0,0.005,4132164
1789152437,5,0,0.189,4132164
1789152438,4,0,0.549,4132164
1789152438,0,0,0.007,4132164
1789152438,3,0,0.143,4132164
1789152440,2,0,1.958,4132164
1789152440,0,0,0.004,4132164
1789152441,4,0,1.022,4132164
1789152442,4,0,0.997,4132164
1789152442,2,0,0.003,4132164
1789152442,3,0,0.005,4132164
1789152443,2,0,0.79,4132164
1789152443,3,0,0.004,4132164
1789152446,5,0,3.104,4132164
1789152446,4,0,0.482,4132164
1789152451,5,0,4.588,4132164
1789152452,4,0,0.618,4132164
1789152452,2,0,0.441,4132164
1789152452,1,0,0.002,4132164
1789152452,4,0,0.506,4132164
1789152452,1,0,0.001,4132164
1789152452,1,0,0.001,4132164
1789152453,4,0,0.923,4132164
1789152453,6,0,0.005,4132164
1789152453,3,0,0.034,4132164
1789152453,6,0,0.007,4132164
1789152453,3,0,0.013,4132164
1789152454,4,0,0.277,4132164
1789152454,4,0,0.372,4132164
1789152454,1,0,0.001,4132164
1789152454,1,0,0.001,4132164
1789152454,2,0,0.002,4132164
1789152454,4,0,0.244,4132164
1789152454,3,0,0.073,4132164
1789152455,2,0,0.405,4132164
1789152455,1,0,0.001,4132164
1789152455,2,0,0.532,4132164
1789152455,3,0,0.014,4132164
1789152455,0,0,0.018,4132164
1789152456,2,0,0.73,4132164
1789152456,2,0,0.004,4132164
1789152456,1,0,0.001,4132164
1789152456,5,0,0.123,4132164
1789152456,3,0,0.069,4132164
1789152456,6,0,0.007,4132164
1789152456,2,0,0.001,4132164
1789152457,3,0,0.169,4132164
1789152457,4,0,0.696,4132164
1789152461,5,0,3.652,4132164
1789152461,3,0,0.004,4132164
1789152461,3,0,0.032,4132164
1789152461,4,0,0.323,4132164
1789152461,2,0,0.002,4132164
1789152462,2,0,0.577,4132164
1789152463,4,0,1.502,4132164
1789152465,5,0,1.28,4132164
1789152465,4,0,0.692,4132164
1789152465,0,0,0.008,4132164
1789152465,6,0,0.011,4132164
1789152465,3,0,0.015,4132164
1789152471,7,0,5.248,4132164
1789152471,0,0,0.011,4132164
1789152471,6,0,0.007,4132164
1789152471,4,0,0.47,4132164
1789152471,1,0,0.001,4132164
1789152471,0,0,0.007,4132164
1789152471,0,0,0.006,4132164
1789152471,0,0,0.009,4132164
1789152471,6,0,0.008,4132164
1789152471,1,0,0.001,4132164
1789152471,1,0,0.001,4132164
1789152471,6,0,0.006,4132164
1789152471,3,0,0.003,4132164
1789152471,3,0,0.119,4132164
1789152472,7,0,0.522,4132164
1789152472,3,0,0.001,4132164
1789152472,4,0,0.267,4132164
1789152472,4,0,0.322,4132164
1789152472,0,0,0.016,4132164
1789152472,2,0,0.003,4132164
1789152472,5,0,0.099,4132164
1789152473,3,0,0.089,4132164
1789152473,0,0,0.003,4132164
1789152473,3,0,0.105,4132164
1789152476,5,0,3.201,4132164
1789152476,4,0,0.531,4132164
1789152476,0,0,0.012,4132164
1789152476,2,0,0.002,4132164
1789152481,5,0,4.216,4132164
1789152481,3,0,0.06,4132164
1789152481,4,0,0.499,4132164
1789152481,2,0,0.003,4132164
1789152481,6,0,0.006,4132164
1789152481,3,0,0.097,4132164
1789152481,0,0,0.023,4132164
1789152482,4,0,0.548,4132164
1789152482,2,0,0.338,4132164
1789152482,6,0,0.004,4132164
1789152482,3,0,0.004,4132164
1789152482,3,0,0.027,4132164
1789152482,0,0,0.011,4132164
1789152486,5,0,4.232,4132164
1789152486,2,0,0.004,4132164
1789152486,0,0,0.023,4132164
1789152487,2,0,0.223,4132164
1789152488,4,0,1.396,4132164
1789152488,3,0,0.126,4132164
1789152488,3,0,0.062,4132164
1789152488,6,0,0.012,4132164
1789152489,4,0,0.608,4132164
1789152489,2,0,0.404,4132164
1789152489,1,0,0.001,4132164
1789152489,1,0,0.001,4132164
1789152489,6,0,0.013,4132164
1789152490,4,0,0.785,4132164
1789152490,3,0,0.014,4132164
1789152490,3,0,0.055,4132164
1789152491,4,0,0.56,4132164
1789152491,0,0,0.007,4132164
1789152491,2,0,0.001,4132164
1789152491,0,0,0.003,4132164
1789152492,5,0,0.957,4132164
1789152492,1,0,0.002,4132164
1789152492,1,0,0.001,4132164
1789152492,6,0,0.007,4132164
1789152492,6,0,0.006,4132164
1789152492,2,0,0.605,4132164
1789152495,2,0,2.184,4132164
1789152495,4,0,0.564,4132164
1789152495,2,0,0.002,4132164
1789152495,3,0,0.088,4132164
1789152495,1,0,0.001,4132164
1789152495,3,0,0.06,4132164
1789152495,5,0,0.258,4132164
1789152497,4,0,1.478,4132164
1789152497,0,0,0.005,4132164
1789152497,2,0,0.284,4132164
1789152497,3,0,0.027,4132164
1789152498,4,0,0.282,4132164
1789152498,3,0,0.067,4132164
1789152498,4,0,0.575,4132164
1789152498,3,0,0.049,4132164
1789152498,3,0,0.151,4132164
1789152498,3,0,0.078,4132164
1789152498,1,0,0.001,4132164
1789152499,3,0,0.076,4132164
1789152499,3,0,0.088,4132164
1789152499,3,0,0.045,4132164
1789152500,4,0,0.953,4132164
1789152500,6,0,0.011,4132164
1789152500,1,0,0.001,4132164
1789152504,5,0,3.857,4132164
1789152504,7,0,0.877,4132164
1789152504,3,0,0.008,4132164
1789152505,4,0,0.468,4132164
1789152505,4,0,0.269,4132164
1789152505,6,0,0.005,4132164
1789152506,4,0,0.403,4132164
1789152506,0,0,0.005,4132164
1789152506,1,0,0.002,4132164
1789152506,6,0,0.006,4132164
1789152506,5,0,0.181,4132164
1789152506,6,0,0.008,4132164
1789152506,6,0,0.004,4132164
1789152506,2,0,0.635,4132164
1789152506,6,0,0.007,4132164
1789152507,2,0,0.33,4132164
1789152507,4,0,0.281,4132164
1789152508,4,0,0.665,4132164
1789152508,3,0,0.004,4132164
1789152508,0,0,0.011,4132164
1789152508,0,0,0.009,4132164
1789152508,6,0,0.013,4132164
1789152509,2,0,0.947,4132164
1789152509,0,0,0.008,4132164
1789152512,5,0,3.289,4132164
1789152512,0,0,0.006,4132164
1789152512,3,0,0.021,4132164
1789152512,0,0,0.009,4132164
1789152514,4,0,1.824,4132164
1789152514,4,0,0.48,4132164
1789152514,1,0,0.002,4132164
1789152514,6,0,0.004,4132164
1789152514,1,0,0.001,4132164
1789152514,6,0,0.009,4132164
1789152514,3,0,0.002,4132164
1789152515,4,0,0.832,4132164
1789152515,2,0,0.004,4132164
1789152515,2,0,0.003,4132164
1789152515,2,0,0.014,4132164
1789152515,6,0,0.018,4132164
1789152515,3,0,0.143,4132164
1789152515,2,0,0.002,4132164
1789152515,3,0,0.105,4132164
1789152515,1,0,0.001,4132164
1789152516,3,0,0.103,4132164
1789152516,4,0,0.396,4132164
1789152516,0,0,0.004,4132164
1789152516,3,0,0.041,4132164
1789152517,4,0,0.611,4132164
1789152517,0,0,0.007,4132164
1789152517,6,0,0.018,4132164
1789152517,0,0,0.007,4132164
1789152517,2,0,0.002,4132164
1789152517,0,0,0.06,4132164
1789152517,6,0,0.014,4132164
1789152517,4,0,0.586,4132164
1789152517,3,0,0.076,4132164
1789152518,4,0,0.456,4132164
1789152518,4,0,0.489,4132164
1789152519,4,0,0.475,4132164
1789152519,4,0,0.376,4132164
1789152520,4,0,0.476,4132164
1789152520,0,0,0.005,4132164
1789152520,4,0,0.842,4132164
1789152520,0,0,0.006,4132164
1789152521,4,0,0.388,4132164
1789152521,6,0,0.017,4132164
1789152521,2,0,0.004,4132164
1789152521,0,0,0.012,4132164
1789152522,2,0,0.718,4132164
1789152522,0,0,0.006,4132164
1789152522,6,0,0.008,4132164
1789152522,0,0,0.011,4132164
1789152522,3,0,0.07,4132164
1789152522,6,0,0.006,4132164
1789152522,6,0,0.004,4132164
1789152522,3,0,0.031,4132164
1789152522,3,0,0.035,4132164
1789152522,0,0,0.008,4132164
1789152523,4,0,0.962,4132164
1789152523,6,0,0.008,4132164
1789152523,5,0,0.498,4132164
1789152523,3,0,0.081,4132164
1789152523,3,0,0.033,4132164
1789152524,4,0,0.731,4132164
1789152526,2,0,1.685,4132164
1789152526,0,0,0.004,4132164
1789152526,3,0,0.008,4132164
1789152526,3,0,0.131,4132164
1789152526,3,0,0.003,4132164
1789152526,3,0,0.071,4132164
1789152526,3,0,0.083,4132164
1789152526,6,0,0.007,4132164
1789152526,6,0,0.009,4132164
1789152526,6,0,0.006,4132164
1789152527,4,0,0.981,4132164
1789152528,7,0,1.1,4132164
1789152529,4,0,0.712,4132164
1789152529,2,0,0.463,4132164
1789152529,0,0,0.015,4132164
1789152529,2,0,0.002,4132164
1789152530,4,0,0.475,4132164
1789152530,3,0,0.031,4132164
1789152530,0,0,0.009,4132164
1789152530,3,0,0.083,4132164
1789152531,5,0,0.603,4132164
1789152535,5,0,4.827,4132164
1789152536,2,0,0.599,4132164
1789152536,3,0,0.081,4132164
1789152536,1,0,0.001,4132164
1789152536,3,0,0.033,4132164
1789152537,5,0,0.689,4132164
1789152537,3,0,0.1,4132164
1789152537,2,0,0.426,4132164
1789152537,3,0,0.072,4132164
1789152538,5,0,0.795,4132164
1789152539,4,0,0.461,4132164
1789152539,4,0,0.619,4132164
1789152540,4,0,0.431,4132164
1789152540,2,0,0.257,4132164
1789152540,4,0,0.442,4132164
1789152540,6,0,0.011,4132164
1789152541,5,0,0.145,4132164
1789152541,0,0,0.005,4132164
1789152541,5,0,0.205,4132164
1789152541,4,0,0.113,4132164
1789152541,3,0,0.002,4132164
1789152541,3,0,0.036,4132164
1789152541,3,0,0.022,4132164
1789152543,4,0,1.525,4132164
1789152543,2,0,0.539,4132164
1789152544,4,0,0.769,4132164
1789152544,6,0,0.012,4132164
1789152545,4,0,0.798,4132164
1789152545,2,0,0.002,4132164
1789152545,0,0,0.006,4132164
1789152545,3,0,0.053,4132164
1789152545,2,0,0.528,4132164
1789152545,2,0,0.003,4132164
1789152545,0,0,0.009,4132164
1789152545,1,0,0.002,4132164
1789152545,2,0,0.001,4132164
1789152545,6,0,0.004,4132164
1789152545,0,0,0.005,4132164
1789152545,3,0,0.051,4132164
1789152545,1,0,0.002,4132164
1789152546,5,0,0.795,4132164
1789152546,1,0,0.001,4132164
1789152547,4,0,0.55,4132164
1789152552,5,0,5.197,4132164
1789152552,6,0,0.007,4132164
1789152553,4,0,0.825,4132164
1789152553,1,0,0.001,4132164
1789152554,2,0,0.861,4132164
1789152554,6,0,0.019,4132164
1789152554,1,0,0.002,4132164
1789152554,7,0,0.784,4132164
1789152555,4,0,0.443,4132164
1789152555,4,0,0.531,4132164
1789152556,4,0,0.709,4132164
1789152556,0,0,0.004,4132164
1789152556,2,0,0,4132164
1789152556,2,0,0.002,4132164
1789152556,3,0,0.024,4132164
1789152556,0,0,0.012,4132164
1789152556,3,0,0.07,4132164
1789152556,3,0,0.001,4132164
1789152557,4,0,0.503,4132164
1789152557,2,0,0,4132164
1789152558,4,0,0.938,4132164
1789152562,5,0,4.273,4132164
1789152562,1,0,0.001,4132164
1789152562,3,0,0.048,4132164
1789152562,3,0,0.039,4132164
1789152563,4,0,0.682,4132164
1789152563,3,0,0.071,4132164
1789152563,0,0,0.008,4132164
1789152563,5,0,0.425,4132164
1789152564,4,0,0.488,4132164
1789152564,1,0,0.003,4132164
1789152564,5,0,0.255,4132164
1789152564,3,0,0.01,4132164
1789152564,0,0,0.003,4132164
1789152564,1,0,0.001,4132164
1789152568,5,0,3.748,4132164
1789152568,0,0,0.004,4132164
1789152568,2,0,0.002,4132164
1789152568,3,0,0.064,4132164
1789152568,3,0,0.005,4132164
1789152572,5,0,4.306,4132164
1789152572,0,0,0.031,4132164
1789152572,4,0,0.333,4132164
1789152573,2,0,0.47,4132164
1789152574,4,0,0.67,4132164
1789152574,7,0,0.552,4132164
1789152574,3,0,0.193,4132164
1789152574,1,0,0.001,4132164
1789152575,4,0,0.659,4132164
1789152575,6,0,0.005,4132164
1789152575,6,0,0.003,4132164
1789152575,2,0,0.324,4132164
1789152575,2,0,0.001,4132164
1789152575,6,0,0.008,4132164
1789152575,0,0,0.009,4132164
1789152576,4,0,1.176,4132164
1789152577,4,0,0.765,4132164
1789152577,0,0,0.009,4132164
1789152577,5,0,0.135,4132164
1789152578,5,0,0.799,4132164
1789152580,4,0,1.34,4132164
1789152580,3,0,0.078,4132164
1789152581,4,0,1.371,4132164
1789152581,0,0,0.01,4132164
1789152581,0,0,0.035,4132164
1789152581,6,0,0.01,4132164
1789152581,3,0,0.201,4132164
1789152581,6,0,0.008,4132164
1789152582,2,0,0.369,4132164
1789152582,0,0,0.008,4132164
1789152582,0,0,0.013,4132164
1789152582,6,0,0.007,4132164
1789152582,3,0,0.017,4132164
1789152582,0,0,0.006,4132164
1789152583,4,0,1.241,4132164
1789152583,5,0,0.584,4132164
1789152585,4,0,1.484,4132164
1789152585,3,0,0.048,4132164
1789152585,3,0,0.069,4132164
1789152585,4,0,0.296,4132164
1789152585,6,0,0.009,4132164
1789152585,0,0,0.008,4132164
1789152587,4,0,1.49,4132164
1789152587,3,0,0.044,4132164
1789152587,3,0,0.007,4132164
1789152587,2,0,0.357,4132164
1789152587,2,0,0.003,4132164
1789152587,0,0,0.01,4132164
1789152587,2,0,0.002,4132164
1789152587,6,0,0.006,4132164
1789152587,5,0,0.149,4132164
1789152587,3,0,0.019,4132164
1789152587,2,0,0.004,4132164
1789152587,0,0,0.018,4132164
1789152588,3,0,0.122,4132164
1789152588,5,0,0.753,4132164
1789152593,5,0,4.546,4132164
1789152597,5,0,4.58,4132164
1789152598,3,0,0.101,4132164
1789152598,4,0,0.674,4132164
1789152598,7,0,0.152,4132164
1789152600,4,0,1.431,4132164
1789152600,5,0,0.503,4132164
1789152600,3,0,0.089,4132164
1789152601,2,0,0.698,4132164
1789152601,3,0,0.033,4132164
1789152602,4,0,0.391,4132164
1789152602,2,0,0.007,4132164
1789152602,4,0,0.305,4132164
1789152602,4,0,0.515,4132164
1789152602,2,0,0.002,4132164
1789152603,4,0,0.441,4132164
1789152603,1,0,0.001,4132164
1789152603,1,0,0.001,4132164
1789152603,3,0,0.023,4132164
1789152603,6,0,0.011,4132164
1789152604,4,0,0.993,4132164
1789152604,4,0,0.307,4132164
1789152604,6,0,0.01,4132164
1789152604,0,0,0.007,4132164
1789152604,2,0,0.003,4132164
1789152604,1,0,0.001,4132164
1789152605,7,0,0.733,4132164
1789152605,3,0,0.037,4132164
1789152605,3,0,0.006,4132164
1789152606,4,0,1.138,4132164
1789152607,4,0,0.598,4132164
1789152607,0,0,0.008,4132164
1789152607,3,0,0.076,4132164
1789152607,6,0,0.01,4132164
1789152607,2,0,0.006,4132164
1789152607,7,0,0.479,4132164
1789152607,3,0,0.029,4132164
1789152607,2,0,0.003,4132164
1789152607,0,0,0.01,4132164
1789152608,4,0,0.782,4132164
1789152609,4,0,0.759,4132164
1789152609,3,0,0.12,4132164
1789152613,7,0,3.908,4132164
1789152613,5,0,0.16,4132164
1789152613,7,0,0.258,4132164
1789152613,3,0,0.152,4132164
1789152614,4,0,0.529,4132164
1789152614,3,0,0.009,4132164
1789152614,2,0,0.002,4132164
1789152614,3,0,0.105,4132164
1789152614,3,0,0.136,4132164
1789152615,2,0,0.421,4132164
1789152615,6,0,0.009,4132164
1789152615,5,0,0.414,4132164
1789152615,6,0,0.005,4132164
1789152615,2,0,0.001,4132164
1789152615,6,0,0.005,4132164
1789152615,6,0,0.016,4132164
1789152616,2,0,0.677,4132164
1789152616,4,0,0.348,4132164
1789152616,1,0,0.001,4132164
1789152616,4,0,0.27,4132164
1789152616,0,0,0.008,4132164
1789152616,3,0,0.041,4132164
1789152616,0,0,0.006,4132164
1789152620,5,0,3.558,4132164
1789152621,4,0,0.582,4132164
1789152621,0,0,0.004,4132164
1789152621,0,0,0.008,4132164
1789152621,5,0,0.118,4132164
1789152621,3,0,0.008,4132164
1789152621,0,0,0.004,4132164
1789152621,4,0,0.639,4132164
1789152622,4,0,0.629,4132164
1789152622,2,0,0.46,4132164
1789152623,4,0,0.339,4132164
1789152623,0,0,0.012,4132164
1789152623,1,0,0.006,4132164
1789152623,4,0,0.53,4132164
1789152624,4,0,0.667,4132164
1789152624,3,0,0.003,4132164
1789152624,6,0,0.005,4132164
1789152624,2,0,0.003,4132164
1789152624,0,0,0.005,4132164
1789152625,4,0,0.778,4132164
1789152625,7,0,0.601,4132164
1789152626,5,0,0.78,4132164
1789152626,3,0,0.009,4132164
1789152626,6,0,0.003,4132164
1789152627,4,0,0.381,4132164
1789152627,3,0,0.006,4132164
1789152627,4,0,0.419,4132164
1789152627,1,0,0.001,4132164
1789152627,1,0,0.001,4132164
1789152628,4,0,0.647,4132164
1789152628,0,0,0.006,4132164
1789152628,4,0,0.522,4132164
1789152629,4,0,0.423,4132164
1789152629,6,0,0.011,4132164
1789152629,0,0,0.023,4132164
1789152629,2,0,0.314,4132164
1789152629,0,0,0.004,4132164
1789152629,4,0,0.366,4132164
1789152629,3,0,0.018,4132164
1789152630,4,0,0.357,4132164
1789152630,2,0,0.457,4132164
1789152630,0,0,0.004,4132164
1789152631,4,0,0.366,4132164
1789152632,2,0,1.319,4132164
1789152633,4,0,0.951,4132164
1789152633,0,0,0.008,4132164
1789152637,5,0,4.067,4132164
1789152637,0,0,0.032,4132164
1789152638,4,0,0.672,4132164
1789152638,3,0,0.068,4132164
1789152638,0,0,0.005,4132164
1789152638,0,0,0.005,4132164
1789152638,2,0,0.488,4132164
1789152639,4,0,0.553,4132164
1789152639,0,0,0.003,4132164
1789152639,3,0,0.006,4132164
1789152639,0,0,0.008,4132164
1789152639,4,0,0.586,4132164
1789152639,6,0,0.007,4132164
1789152640,4,0,0.61,4132164
1789152640,2,0,0.002,4132164
1789152640,4,0,0.209,4132164
1789152640,3,0,0.064,4132164
1789152640,0,0,0.007,4132164
1789152640,6,0,0.013,4132164
1789152640,3,0,0.006,4132164
1789152640,3,0,0.136,4132164
1789152640,6,0,0.016,4132164
1789152640,3,0,0.018,4132164
1789152641,4,0,0.771,4132164
1789152641,3,0,0.006,4132164
1789152641,3,0,0.058,4132164
1789152645,5,0,3.452,4132164
1789152646,2,0,1.092,4132164
1789152646,3,0,0.064,4132164
1789152646,6,0,0.01,4132164
1789152646,1,0,0.001,4132164
1789152647,4,0,1.083,4132164
1789152647,0,0,0.011,4132164
1789152647,0,0,0.003,4132164
1789152647,2,0,0.449,4132164
1789152647,0,0,0.009,4132164
1789152647,3,0,0.012,4132164
1789152648,7,0,0.365,4132164
1789152648,2,0,0.002,4132164
1789152648,0,0,0.005,4132164
1789152649,2,0,1.249,4132164
1789152650,4,0,0.588,4132164
1789152650,0,0,0.006,4132164
1789152650,3,0,0.034,4132164
1789152650,4,0,0.353,4132164
1789152651,4,0,1.328,4132164
1789152651,6,0,0.006,4132164
1789152652,3,0,0.169,4132164
1789152652,3,0,0.047,4132164
1789152656,5,0,4.124,4132164
1789152656,3,0,0.015,4132164
1789152656,3,0,0.035,4132164
1789152656,5,0,0.101,4132164
1789152657,4,0,0.767,4132164
1789152657,2,0,0.003,4132164
1789152657,2,0,0.01,4132164
1789152657,3,0,0.005,4132164
1789152657,0,0,0.012,4132164
1789152657,2,0,0.001,4132164
1789152657,6,0,0.005,4132164
1789152657,4,0,0.801,4132164
1789152658,2,0,0.439,4132164
1789152659,4,0,0.603,4132164
1789152659,2,0,0.001,4132164
1789152659,4,0,0.403,4132164
1789152659,2,0,0.388,4132164
1789152659,3,0,0.053,4132164
1789152661,7,0,1.859,4132164
1789152661,3,0,0.004,4132164
1789152661,6,0,0.009,4132164
1789152662,4,0,0.554,4132164
1789152662,4,0,0.582,4132164
1789152662,3,0,0.003,4132164
1789152662,0,0,0.007,4132164
1789152662,3,0,0.011,4132164
1789152662,2,0,0.002,4132164
1789152662,2,0,0.002,4132164
1789152663,4,0,0.267,4132164
1789152663,6,0,0.01,4132164
1789152663,2,0,0.482,4132164
1789152663,0,0,0.005,4132164
1789152667,5,0,4.059,4132164
1789152667,4,0,0.272,4132164
1789152667,6,0,0.007,4132164
1789152668,4,0,0.265,4132164
1789152668,3,0,0.054,4132164
1789152668,3,0,0.054,4132164
1789152669,4,0,1.3,4132164
1789152669,6,0,0.006,4132164
1789152669,5,0,0.205,4132164
1789152670,4,0,0.85,4132164
1789152674,5,0,3.692,4132164
1789152675,4,0,1.042,4132164
1789152676,5,0,1.188,4132164
1789152677,4,0,0.563,4132164
1789152677,1,0,0.001,4132164
1789152677,3,0,0.005,4132164
1789152677,0,0,0.051,4132164
1789152677,0,0,0.012,4132164
1789152677,2,0,0.298,4132164
1789152677,6,0,0.007,4132164
1789152678,2,0,0.762,4132164
1789152678,3,0,0.01,4132164
1789152678,4,0,0.396,4132164
1789152678,3,0,0.052,4132164
1789152678,0,0,0.007,4132164
1789152679,4,0,0.594,4132164
1789152679,4,0,0.439,4132164
1789152680,4,0,0.387,4132164
1789152680,4,0,0.672,4132164
1789152684,5,0,3.804,4132164
1789152686,5,0,1.809,4132164
1789152686,3,0,0.063,4132164
1789152686,0,0,0.008,4132164
1789152686,0,0,0.007,4132164
1789152686,0,0,0.017,4132164
1789152687,2,0,0.68,4132164
1789152687,5,0,0.674,4132164
1789152687,6,0,0.026,4132164
1789152688,3,0,0.212,4132164
1789152688,3,0,0.004,4132164
1789152688,0,0,0.005,4132164
1789152688,2,0,0.667,4132164
1789152689,4,0,0.339,4132164
1789152689,6,0,0.005,4132164
1789152689,4,0,0.36,4132164
1789152689,3,0,0.005,4132164
1789152693,5,0,4.151,4132164
1789152693,3,0,0.013,4132164
1789152693,0,0,0.005,4132164
1789152695,2,0,1.578,4132164
1789152697,4,0,1.684,4132164
1789152697,6,0,0.005,4132164
1789152697,0,0,0.009,4132164
1789152697,0,0,0.013,4132164
1789152697,6,0,0.007,4132164
1789152697,6,0,0.01,4132164
1789152697,2,0,0.002,4132164
1789152697,6,0,0.006,4132164
1789152697,6,0,0.005,4132164
1789152697,0,0,0.007,4132164
1789152697,4,0,0.861,4132164
1789152697,0,0,0.014,4132164
1789152697,2,0,0.002,4132164
1789152698,4,0,0.874,4132164
1789152698,6,0,0.006,4132164
1789152699,2,0,0.647,4132164
1789152699,6,0,0.004,4132164
1789152700,2,0,0.766,4132164
1789152700,0,0,0.018,4132164
1789152700,0,0,0.009,4132164
1789152700,4,0,0.578,4132164
1789152700,0,0,0.009,4132164
1789152700,6,0,0.008,4132164
1789152700,0,0,0.004,4132164
1789152700,2,0,0.002,4132164
1789152701,4,0,0.535,4132164
1789152701,3,0,0.102,4132164
1789152702,4,0,0.517,4132164
1789152702,5,0,0.509,4132164
1789152702,5,0,0.153,4132164
1789152702,6,0,0.019,4132164
1789152704,2,0,2.019,4132164
1789152708,5,0,3.328,4132164
1789152708,4,0,0.163,4132164
1789152708,4,0,0.398,4132164
1789152708,6,0,0.007,4132164
1789152710,4,0,2.18,4132164
1789152710,3,0,0.048,4132164
1789152710,0,0,0.004,4132164
1789152710,6,0,0.004,4132164
1789152710,3,0,0.015,4132164
1789152710,1,0,0.002,4132164
1789152710,3,0,0.006,4132164
1789152710,0,0,0.007,4132164
1789152711,4,0,0.321,4132164
1789152711,2,0,0.743,4132164
1789152712,4,0,0.85,4132164
1789152712,1,0,0.001,4132164
1789152712,2,0,0.002,4132164
1789152713,4,0,1.034,4132164
1789152715,4,0,1.42,4132164
1789152715,0,0,0.01,4132164
1789152715,1,0,0.001,4132164
1789152715,3,0,0.018,4132164
1789152715,2,0,0.494,4132164
1789152716,4,0,0.623,4132164
1789152716,5,0,0.482,4132164
1789152717,7,0,0.77,4132164
1789152717,3,0,0.122,4132164
1789152717,0,0,0.006,4132164
1789152717,3,0,0.123,4132164
1789152721,5,0,3.756,4132164
1789152721,3,0,0.009,4132164
1789152721,2,0,0.002,4132164
1789152721,3,0,0.006,4132164
1789152721,0,0,0.012,4132164
1789152721,5,0,0.157,4132164
1789152721,3,0,0.043,4132164
1789152722,7,0,0.215,4132164
1789152722,4,0,0.421,4132164
1789152722,0,0,0.012,4132164
1789152722,3,0,0.05,4132164
1789152722,2,0,0.002,4132164
1789152723,4,0,0.753,4132164
1789152724,2,0,0.679,4132164
1789152724,4,0,0.489,4132164
1789152726,5,0,1.541,4132164
1789152727,2,0,1.363,4132164
1789152727,5,0,0.428,4132164
1789152729,4,0,1.927,4132164
1789152730,4,0,0.59,4132164
1789152730,3,0,0.054,4132164
1789152730,3,0,0.006,4132164
1789152730,6,0,0.005,4132164
1789152731,4,0,0.968,4132164
1789152732,4,0,1.192,4132164
1789152732,6,0,0.006,4132164
1789152732,2,0,0.001,4132164
1789152732,6,0,0.004,4132164
1789152732,6,0,0.008,4132164
1789152733,2,0,0.685,4132164
1789152733,3,0,0.034,4132164
1789152734,2,0,1.558,4132164
1789152735,5,0,0.815,4132164
1789152735,2,0,0.001,4132164
1789152736,4,0,0.331,4132164
1789152736,3,0,0.023,4132164
1789152736,3,0,0.139,4132164
1789152736,4,0,0.558,4132164
1789152738,4,0,1.884,4132164
1789152738,2,0,0.314,4132164
1789152739,4,0,0.923,4132164
1789152739,3,0,0.043,4132164
1789152739,0,0,0.005,4132164
1789152739,0,0,0.004,4132164
1789152739,6,0,0.011,4132164
1789152740,5,0,0.133,4132164
1789152740,0,0,0.002,4132164
1789152740,4,0,0.637,4132164
1789152745,5,0,4.658,4132164
1789152745,4,0,0.425,4132164
1789152745,1,0,0.002,4132164
1789152745,0,0,0.003,4132164
1789152745,3,0,0.041,4132164
1789152746,4,0,0.631,4132164
1789152746,4,0,0.402,4132164
1789152746,1,0,0.002,4132164
1789152746,6,0,0.004,4132164
1789152746,6,0,0.004,4132164
1789152746,0,0,0.01,4132164
1789152746,0,0,0.003,4132164
1789152746,6,0,0.005,4132164
1789152747,4,0,0.661,4132164
1789152747,6,0,0.01,4132164
1789152747,7,0,0.188,4132164
1789152748,4,0,0.989,4132164
1789152748,3,0,0.153,4132164
1789152749,5,0,0.242,4132164
1789152749,3,0,0.099,4132164
1789152749,4,0,0.142,4132164
1789152749,7,0,0.399,4132164
1789152749,6,0,0.007,4132164
1789152749,1,0,0.001,4132164
1789152749,2,0,0.003,4132164
1789152751,4,0,1.589,4132164
1789152751,6,0,0.009,4132164
1789152751,3,0,0.067,4132164
1789152751,5,0,0.335,4132164
1789152751,2,0,0.167,4132164
1789152752,4,0,0.286,4132164
1789152752,6,0,0.01,4132164
1789152752,5,0,0.101,4132164
1789152752,3,0,0.013,4132164
1789152752,5,0,0.224,4132164
1789152752,0,0,0.005,4132164
1789152752,0,0,0.008,4132164
1789152752,5,0,0.105,4132164
1789152755,7,0,2.783,4132164
1789152755,2,0,0.002,4132164
1789152755,0,0,0.006,4132164
1789152755,3,0,0.008,4132164
1789152755,3,0,0.028,4132164
1789152756,4,0,0.616,4132164
1789152756,5,0,0.738,4132164
1789152756,6,0,0.005,4132164
1789152756,1,0,0.001,4132164
1789152756,3,0,0.065,4132164
1789152756,1,0,0.001,4132164
1789152757,3,0,0.011,4132164
1789152757,4,0,0.39,4132164
1789152757,0,0,0.005,4132164
1789152757,0,0,0.004,4132164
1789152757,3,0,0.006,4132164
1789152757,0,0,0.053,4132164
1789152757,3,0,0.006,4132164
1789152757,0,0,0.006,4132164
1789152757,1,0,0.001,4132164
1789152757,0,0,0.004,4132164
1789152757,0,0,0.004,4132164
1789152757,6,0,0.003,4132164
1789152757,6,0,0.007,4132164
1789152758,4,0,1.073,4132164
1789152758,6,0,0.009,4132164
1789152758,3,0,0.075,4132164
1789152758,2,0,0.001,4132164
1789152759,2,0,0.53,4132164
1789152759,2,0,0.002,4132164
1789152759,4,0,0.605,4132164
1789152759,2,0,0.003,4132164
1789152759,0,0,0.007,4132164
1789152759,6,0,0.006,4132164
1789152759,0,0,0.004,4132164
1789152760,4,0,0.645,4132164
1789152760,0,0,0.003,4132164
1789152760,3,0,0.008,4132164
1789152760,2,0,0.001,4132164
1789152760,0,0,0.003,4132164
1789152760,5,0,0.243,4132164
1789152761,2,0,0.328,4132164
1789152761,3,0,0.003,4132164
1789152761,5,0,0.58,4132164
1789152761,6,0,0.004,4132164
1789152761,3,0,0.056,4132164
1789152762,5,0,0.527,4132164
1789152762,0,0,0.01,4132164
1789152762,2,0,0.001,4132164
1789152766,5,0,4.709,4132164
1789152766,3,0,0.012,4132164
1789152766,1,0,0.002,4132164
1789152767,5,0,0.61,4132164
1789152767,4,0,0.23,4132164
1789152768,4,0,0.512,4132164
1789152768,6,0,0.02,4132164
1789152768,0,0,0.004,4132164
1789152768,0,0,0.007,4132164
1789152768,5,0,0.127,4132164
1789152768,6,0,0.006,4132164
1789152768,1,0,0.001,4132164
1789152769,4,0,0.757,4132164
1789152769,3,0,0.008,4132164
1789152769,3,0,0.056,4132164
1789152769,4,0,0.238,4132164
1789152769,2,0,0.012,4132164
1789152769,2,0,0,4132164
1789152769,3,0,0.032,4132164
1789152769,3,0,0.092,4132164
1789152769,6,0,0.01,4132164
1789152770,4,0,0.595,4132164
1789152771,4,0,0.944,4132164
1789152771,0,0,0.017,4132164
1789152771,2,0,0.526,4132164
1789152771,0,0,0.006,4132164
1789152771,2,0,0.004,4132164
1789152771,3,0,0.043,4132164
1789152771,0,0,0.006,4132164
1789152771,0,0,0.004,4132164
1789152771,3,0,0.027,4132164
1789152772,5,0,0.169,4132164
1789152772,0,0,0.01,4132164
1789152772,3,0,0.045,4132164
1789152773,4,0,0.993,4132164
1789152773,0,0,0.015,4132164
1789152773,0,0,0.006,4132164
1789152773,6,0,0.006,4132164
1789152775,4,0,2.058,4132164
1789152775,5,0,0.373,4132164
1789152775,3,0,0.012,4132164
1789152778,4,0,2.585,4132164
1789152778,1,0,0.001,4132164
1789152778,4,0,0.532,4132164
1789152779,5,0,1.172,4132164
1789152779,3,0,0.105,4132164
1789152779,0,0,0.01,4132164
1789152779,1,0,0.001,4132164
1789152780,5,0,0.958,4132164
1789152780,2,0,0.001,4132164
1789152780,3,0,0.045,4132164
1789152780,3,0,0.003,4132164
1789152780,3,0,0.001,4132164
1789152780,0,0,0.005,4132164
1789152785,5,0,4.099,4132164
1789152785,0,0,0.009,4132164
1789152785,0,0,0.003,4132164
1789152785,2,0,0.002,4132164
1789152785,3,0,0.077,4132164
1789152785,3,0,0.004,4132164
1789152785,3,0,0.06,4132164
1789152785,4,0,0.467,4132164
1789152786,4,0,0.52,4132164
1789152787,7,0,0.93,4132164
1789152787,4,0,0.302,4132164
1789152787,4,0,0.351,4132164
1789152787,4,0,0.042,4132164
1789152788,2,0,0.925,4132164
1789152789,4,0,0.548,4132164
1789152793,5,0,3.916,4132164
1789152793,3,0,0.064,4132164
1789152794,2,0,0.882,4132164
1789152795,2,0,0.976,4132164
1789152795,2,0,0.61,4132164
1789152796,4,0,0.815,4132164
1789152796,2,0,0.006,4132164
1789152796,4,0,0.319,4132164
1789152796,0,0,0.01,4132164
1789152797,2,0,0.583,4132164
1789152797,6,0,0.011,4132164
1789152798,4,0,0.636,4132164
1789152798,2,0,0.347,4132164
1789152798,3,0,0.006,4132164
1789152798,3,0,0.005,4132164
1789152798,0,0,0.01,4132164
1789152798,3,0,0.007,4132164
1789152798,1,0,0.001,4132164
1789152798,0,0,0.044,4132164
1789152798,0,0,0.011,4132164
1789152798,4,0,0.445,4132164
1789152799,2,0,0.373,4132164
1789152799,3,0,0.048,4132164
1789152799,4,0,0.56,4132164
1789152799,1,0,0.001,4132164
1789152800,3,0,0.065,4132164
1789152800,2,0,0.003,4132164
1789152800,2,0,0,4132164
1789152800,0,0,0.005,4132164
1789152800,3,0,0.005,4132164
1789152800,6,0,0.006,4132164
1789152800,6,0,0.005,4132164
1789152800,0,0,0.011,4132164
1789152800,4,0,0.59,4132164
1789152800,1,0,0.001,4132164
1789152800,4,0,0.184,4132164
1789152800,0,0,0.01,4132164
1789152800,3,0,0.007,4132164
1789152800,3,0,0.042,4132164
1789152800,0,0,0.051,4132164
1789152801,2,0,0.411,4132164
1789152802,4,0,0.931,4132164
1789152802,2,0,0.611,4132164
1789152803,4,0,0.422,4132164
1789152803,3,0,0.006,4132164
1789152803,2,0,0.003,4132164
1789152805,4,0,2.298,4132164
1789152805,5,0,0.324,4132164
1789152805,1,0,0.002,4132164
1789152805,6,0,0.007,4132164
1789152806,4,0,0.231,4132164
1789152806,5,0,0.438,4132164
1789152806,1,0,0.001,4132164
1789152806,6,0,0.005,4132164
1789152806,2,0,0.013,4132164
1789152806,3,0,0.078,4132164
1789152806,0,0,0.005,4132164
1789152806,3,0,0.008,4132164
1789152806,3,0,0.1,4132164
1789152807,5,0,0.264,4132164
1789152807,6,0,0.006,4132164
1789152807,4,0,0.407,4132164
1789152807,0,0,0.013,4132164
1789152807,6,0,0.005,4132164
1789152807,2,0,0.002,4132164
1789152807,2,0,0.001,4132164
1789152808,2,0,0.609,4132164
1789152808,4,0,0.446,4132164
1789152809,5,0,0.58,4132164
1789152809,4,0,0.462,4132164
1789152809,3,0,0.033,4132164
1789152810,4,0,0.469,4132164
1789152810,3,0,0.003,4132164
1789152810,3,0,0.061,4132164
1789152810,3,0,0.053,4132164
1789152810,5,0,0.108,4132164
1789152810,3,0,0.036,4132164
1789152810,3,0,0.056,4132164
1789152810,2,0,0.006,4132164
1789152810,5,0,0.326,4132164
1789152810,0,0,0.032,4132164
1789152810,3,0,0.101,4132164
1789152810,2,0,0.004,4132164
1789152812,2,0,1.532,4132164
1789152812,3,0,0.125,4132164
1789152812,6,0,0.008,4132164
1789152812,0,0,0.006,4132164
1789152812,5,0,0.206,4132164
1789152813,4,0,0.735,4132164
1789152819,5,0,6.051,4132164
1789152819,3,0,0.096,4132164
1789152819,3,0,0.005,4132164
1789152820,4,0,0.499,4132164
1789152820,3,0,0.066,4132164
1789152820,5,0,0.714,4132164
1789152820,2,0,0.001,4132164
1789152821,3,0,0.012,4132164
1789152821,3,0,0.047,4132164
1789152821,2,0,0.002,4132164
1789152821,0,0,0.047,4132164
1789152821,1,0,0.001,4132164
1789152822,4,0,0.92,4132164
1789152822,6,0,0.009,4132164
1789152822,0,0,0.003,4132164
1789152822,6,0,0.006,4132164
1789152822,3,0,0.049,4132164
1789152822,2,0,0.254,4132164
1789152822,3,0,0.057,4132164
1789152822,6,0,0.008,4132164
1789152822,4,0,0.56,4132164
1789152827,5,0,4.253,4132164
1789152827,4,0,0.332,4132164
1789152827,0,0,0.006,4132164
1789152827,6,0,0.008,4132164
1789152828,4,0,0.586,4132164
1789152828,0,0,0.005,4132164
1789152828,6,0,0.012,4132164
1789152828,3,0,0.03,4132164
1789152828,6,0,0.007,4132164
1789152828,0,0,0.008,4132164
1789152828,6,0,0.014,4132164
1789152828,0,0,0.013,4132164
1789152828,3,0,0.071,4132164
1789152828,3,0,0.005,4132164
1789152829,5,0,0.869,4132164
1789152829,1,0,0.001,4132164
1789152829,2,0,0.483,4132164
1789152829,3,0,0.004,4132164
1789152830,2,0,1.044,4132164
1789152830,2,0,0.002,4132164
1789152830,0,0,0.021,4132164
1789152830,2,0,0.005,4132164
1789152830,0,0,0.004,4132164
1789152831,4,0,0.368,4132164
1789152831,2,0,0.002,4132164
1789152831,0,0,0.01,4132164
1789152831,7,0,0.146,4132164
1789152831,5,0,0.115,4132164
1789152831,1,0,0.001,4132164
1789152831,2,0,0.003,4132164
1789152832,4,0,1.461,4132164
1789152832,0,0,0.009,4132164
1789152836,5,0,3.257,4132164
1789152836,2,0,0.322,4132164
1789152836,0,0,0.009,4132164
1789152836,6,0,0.005,4132164
1789152836,3,0,0.002,4132164
1789152837,2,0,0.764,4132164
1789152837,5,0,0.122,4132164
1789152837,6,0,0.009,4132164
1789152837,3,0,0.1,4132164
1789152837,3,0,0.013,4132164
1789152837,2,0,0.462,4132164
1789152837,3,0,0.03,4132164
1789152838,4,0,0.392,4132164
1789152842,7,0,4.601,4132164
1789152843,4,0,0.771,4132164
1789152844,2,0,0.505,4132164
1789152844,0,0,0.013,4132164
1789152844,4,0,0.483,4132164
1789152846,4,0,1.732,4132164
1789152846,2,0,0.005,4132164
1789152846,7,0,0.363,4132164
1789152848,4,0,1.253,4132164
1789152848,1,0,0.001,4132164
1789152848,2,0,0.462,4132164
1789152848,1,0,0.001,4132164
1789152848,2,0,0.006,4132164
1789152848,2,0,0.002,4132164
1789152848,3,0,0.036,4132164
1789152848,6,0,0.013,4132164
1789152848,2,0,0.004,4132164
1789152848,7,0,0.157,4132164
1789152848,2,0,0.003,4132164
1789152848,2,0,0.001,4132164
1789152848,1,0,0.001,4132164
1789152849,4,0,0.437,4132164
1789152849,0,0,0.012,4132164
1789152849,4,0,0.233,4132164
1789152849,5,0,0.276,4132164
1789152850,4,0,0.458,4132164
1789152850,0,0,0.005,4132164
1789152850,2,0,0.489,4132164
1789152850,1,0,0.001,4132164
1789152850,1,0,0.001,4132164
1789152850,2,0,0.002,4132164
1789152850,2,0,0.004,4132164
1789152850,3,0,0.001,4132164
1789152851,4,0,0.983,4132164
1789152852,4,0,0.516,4132164
1789152852,0,0,0.01,4132164
1789152852,6,0,0.005,4132164
1789152852,2,0,0.003,4132164
1789152852,2,0,0.389,4132164
1789152852,2,0,0.002,4132164
1789152853,4,0,0.605,4132164
1789152853,4,0,0.572,4132164
1789152853,3,0,0.007,4132164
1789152853,4,0,0.171,4132164
1789152854,2,0,0.337,4132164
1789152854,6,0,0.016,4132164
1789152854,6,0,0.008,4132164
1789152854,3,0,0.059,4132164
1789152855,5,0,0.676,4132164
1789152855,4,0,0.252,4132164
1789152855,0,0,0.009,4132164
1789152855,4,0,0.516,4132164
1789152855,2,0,0.001,4132164
1789152855,0,0,0.006,4132164
1789152855,3,0,0.048,4132164
1789152856,4,0,0.886,4132164
1789152858,4,0,1.749,4132164
1789152858,2,0,0.309,4132164
1789152859,5,0,0.186,4132164
1789152859,3,0,0.011,4132164
1789152859,2,0,0.757,4132164
1789152859,2,0,0.002,4132164
1789152861,4,0,1.217,4132164
1789152861,3,0,0.007,4132164
1789152861,3,0,0.015,4132164
1789152861,0,0,0.016,4132164
1789152861,0,0,0.003,4132164
1789152861,3,0,0.004,4132164
1789152861,4,0,0.497,4132164
1789152861,0,0,0.005,4132164
1789152862,4,0,0.605,4132164
1789152862,6,0,0.008,4132164
1789152863,2,0,1.765,4132164
1789152864,3,0,0.191,4132164
1789152865,4,0,1.26,4132164
1789152865,0,0,0.005,4132164
1789152865,0,0,0.014,4132164
1789152865,6,0,0.007,4132164
1789152865,0,0,0.005,4132164
1789152865,3,0,0.007,4132164
1789152866,4,0,0.694,4132164
1789152867,4,0,0.949,4132164
1789152867,3,0,0.005,4132164
1789152867,3,0,0.038,4132164
1789152867,2,0,0.003,4132164
1789152867,3,0,0.031,4132164
1789152867,4,0,0.48,4132164
1789152868,4,0,1.046,4132164
1789152868,6,0,0.006,4132164
1789152868,0,0,0.008,4132164
1789152868,2,0,0.001,4132164
1789152869,4,0,1.203,4132164
1789152870,2,0,1.044,4132164
1789152871,2,0,0.822,4132164
1789152871,6,0,0.007,4132164
1789152874,5,0,2.673,4132164
1789152874,6,0,0.009,4132164
1789152874,3,0,0.042,4132164
1789152874,3,0,0.063,4132164
1789152875,4,0,0.561,4132164
1789152875,0,0,0.008,4132164
1789152875,1,0,0.002,4132164
1789152875,4,0,0.481,4132164
1789152875,6,0,0.006,4132164
1789152876,4,0,0.423,4132164
1789152876,4,0,0.219,4132164
1789152876,0,0,0.003,4132164
1789152876,0,0,0.002,4132164
1789152876,6,0,0.005,4132164
1789152876,2,0,0.507,4132164
1789152876,6,0,0.006,4132164
1789152877,5,0,0.261,4132164
1789152877,4,0,0.601,4132164
1789152877,2,0,0.001,4132164
1789152877,6,0,0.005,4132164
1789152877,3,0,0.033,4132164
1789152879,4,0,1.414,4132164
1789152879,3,0,0.003,4132164
1789152879,3,0,0.013,4132164
1789152879,4,0,0.403,4132164
1789152883,5,0,4.03,4132164
1789152883,3,0,0.078,4132164
1789152883,3,0,0.063,4132164
1789152883,2,0,0.001,4132164
1789152883,7,0,0.141,4132164
1789152884,4,0,0.636,4132164
1789152884,4,0,0.543,4132164
1789152885,5,0,0.301,4132164
1789152885,6,0,0.006,4132164
1789152886,2,0,1.2,4132164
1789152887,4,0,1.273,4132164
1789152892,5,0,4.237,4132164
1789152892,4,0,0.323,4132164
1789152892,6,0,0.005,4132164
1789152892,3,0,0.103,4132164
1789152892,5,0,0.326,4132164
1789152892,2,0,0.002,4132164
1789152892,1,0,0.001,4132164
1789152894,5,0,1.8,4132164
1789152894,4,0,0.374,4132164
1789152894,0,0,0.025,4132164
1789152895,4,0,0.252,4132164
1789152895,3,0,0.042,4132164
1789152895,1,0,0.001,4132164
1789152895,7,0,0.23,4132164
1789152895,0,0,0.005,4132164
1789152896,2,0,1.487,4132164
1789152897,2,0,0.885,4132164
1789152897,0,0,0.015,4132164
1789152898,5,0,0.244,4132164
1789152898,6,0,0.007,4132164
1789152898,2,0,0.003,4132164
1789152898,6,0,0.006,4132164
1789152898,0,0,0.023,4132164
1789152898,4,0,0.418,4132164
1789152899,5,0,0.516,4132164
1789152900,4,0,1.179,4132164
1789152900,0,0,0.005,4132164
1789152900,2,0,0.002,4132164
1789152900,5,0,0.691,4132164
1789152900,0,0,0.007,4132164
1789152901,4,0,0.612,4132164
1789152902,2,0,0.526,4132164
1789152902,0,0,0.012,4132164
1789152902,3,0,0.034,4132164
1789152902,4,0,0.646,4132164
1789152903,2,0,0.753,4132164
1789152903,0,0,0.006,4132164
1789152909,7,0,5.958,4132164
1789152909,2,0,0.002,4132164
1789152909,3,0,0.028,4132164
1789152909,2,0,0.002,4132164
1789152909,0,0,0.004,4132164
1789152910,4,0,1.419,4132164
1789152911,3,0,0.048,4132164
1789152911,3,0,0.054,4132164
1789152911,5,0,0.851,4132164
1789152911,1,0,0.001,4132164
1789152911,3,0,0.021,4132164
1789152912,3,0,0.084,4132164
1789152912,6,0,0.005,4132164
1789152912,3,0,0.06,4132164
1789152912,0,0,0.01,4132164
1789152912,3,0,0.007,4132164
1789152912,0,0,0.006,4132164
1789152912,2,0,0.002,4132164
1789152912,4,0,0.613,4132164
1789152913,4,0,0.395,4132164
1789152913,2,0,0.002,4132164
1789152913,3,0,0.083,4132164
1789152913,5,0,0.628,4132164
1789152914,2,0,0.759,4132164
1789152914,4,0,0.241,4132164
1789152915,4,0,0.339,4132164
1789152915,3,0,0.043,4132164
1789152915,2,0,0.002,4132164
1789152915,6,0,0.004,4132164
1789152915,0,0,0.004,4132164
1789152915,4,0,0.254,4132164
1789152915,3,0,0.075,4132164
1789152915,0,0,0.007,4132164
1789152915,5,0,0.159,4132164
1789152916,4,0,0.98,4132164
1789152916,6,0,0.008,4132164
1789152916,3,0,0.106,4132164
1789152916,0,0,0.005,4132164
1789152917,4,0,0.458,4132164
1789152917,3,0,0.007,4132164
1789152917,2,0,0.002,4132164
1789152917,3,0,0.066,4132164
1789152917,0,0,0.005,4132164
1789152917,3,0,0.004,4132164
1789152917,0,0,0.003,4132164
1789152917,0,0,0.006,4132164
1789152918,2,0,0.665,4132164
1789152918,1,0,0.001,4132164
1789152918,4,0,0.318,4132164
1789152918,3,0,0.004,4132164
1789152919,5,0,0.646,4132164
1789152919,0,0,0.006,4132164
1789152919,4,0,0.378,4132164
1789152921,5,0,1.747,4132164
1789152921,4,0,0.29,4132164
1789152924,5,0,3.317,4132164
1789152924,0,0,0.005,4132164
1789152924,2,0,0.004,4132164
1789152924,6,0,0.008,4132164
1789152925,4,0,0.275,4132164
1789152926,5,0,1.226,4132164
1789152926,4,0,0.271,4132164
1789152926,6,0,0.009,4132164
1789152927,4,0,1.163,4132164
1789152928,4,0,0.64,4132164
1789152928,4,0,0.192,4132164
1789152933,7,0,4.462,4132164
1789152933,2,0,0.647,4132164
1789152933,6,0,0.006,4132164
1789152933,0,0,0.005,4132164
1789152934,4,0,0.881,4132164
1789152934,1,0,0.002,4132164
1789152934,6,0,0.007,4132164
1789152935,4,0,0.54,4132164
1789152935,0,0,0.003,4132164
1789152935,3,0,0.046,4132164
1789152935,4,0,0.494,4132164
1789152935,2,0,0.002,4132164
1789152935,1,0,0.001,4132164
1789152935,2,0,0.002,4132164
1789152936,2,0,0.394,4132164
1789152936,2,0,0.315,4132164
1789152936,0,0,0.009,4132164
1789152936,3,0,0.016,4132164
1789152937,4,0,0.733,4132164
1789152937,4,0,0.346,4132164
1789152937,7,0,0.208,4132164
1789152937,3,0,0.002,4132164
1789152937,3,0,0.045,4132164
1789152937,0,0,0.004,4132164
1789152937,2,0,0.002,4132164
1789152937,1,0,0.001,4132164
1789152938,4,0,0.688,4132164
1789152938,0,0,0.005,4132164
1789152938,3,0,0.008,4132164
1789152938,6,0,0.016,4132164
1789152940,4,0,1.588,4132164
1789152940,5,0,0.12,4132164
1789152940,2,0,0.235,4132164
1789152940,0,0,0.004,4132164
1789152940,6,0,0.006,4132164
1789152940,5,0,0.15,4132164
1789152940,5,0,0.169,4132164
1789152940,3,0,0.074,4132164
1789152941,5,0,0.782,4132164
1789152942,4,0,0.48,4132164
1789152942,4,0,0.696,4132164
1789152942,6,0,0.009,4132164
1789152942,3,0,0.008,4132164
1789152942,0,0,0.004,4132164
1789152942,6,0,0.008,4132164
1789152942,0,0,0.005,4132164
1789152943,4,0,0.621,4132164
1789152943,3,0,0.01,4132164
1789152943,3,0,0.123,4132164
1789152944,2,0,0.552,4132164
1789152944,0,0,0.002,4132164
1789152944,6,0,0.02,4132164
1789152944,3,0,0.007,4132164
1789152944,0,0,0.004,4132164
1789152944,0,0,0.009,4132164
1789152944,4,0,0.272,4132164
1789152947,5,0,3.465,4132164
1789152948,4,0,0.634,4132164
1789152949,2,0,0.878,4132164
1789152949,1,0,0.001,4132164
1789152949,6,0,0.004,4132164
1789152949,0,0,0.002,4132164
1789152949,1,0,0.002,4132164
1789152949,6,1,0.005,4132164
1789152949,4,0,0.359,4132164
1789152949,0,0,0.017,4132164
1789152950,2,0,0.835,4132164
1789152950,3,0,0.072,4132164
1789152950,3,0,0.077,4132164
1789152950,0,0,0.004,4132164
1789152950,0,0,0.004,4132164
1789152950,6,0,0.005,4132164
1789152950,3,0,0.079,4132164
1789152955,7,0,5.021,4132164
1789152956,4,0,0.206,4132164
1789152956,2,0,0.007,4132164
1789152956,4,0,0.586,4132164
1789152956,6,0,0.005,4132164
1789152957,4,0,0.501,4132164
1789152957,2,0,0.398,4132164
1789152958,4,0,0.558,4132164
1789152958,3,0,0.093,4132164
1789152958,0,0,0.006,4132164
1789152958,2,0,0.002,4132164
1789152958,3,0,0.061,4132164
1789152958,2,0,0.003,4132164
1789152959,4,0,0.773,4132164
1789152959,0,0,0.009,4132164
1789152960,4,0,0.974,4132164
1789152960,3,0,0.051,4132164
1789152960,6,0,0.007,4132164
1789152960,6,0,0.006,4132164
1789152960,4,0,0.394,4132164
1789152960,3,0,0.003,4132164
1789152961,4,0,0.537,4132164
1789152961,4,0,0.601,4132164
1789152961,5,0,0.156,4132164
1789152962,4,0,0.918,4132164
1789152966,5,0,3.677,4132164
1789152966,3,0,0.044,4132164
1789152966,0,0,0.003,4132164
1789152966,1,0,0.001,4132164
1789152966,3,0,0.49,4132164
1789152966,3,0,0.005,4132164
1789152967,3,0,0.039,4132164
1789152967,5,0,0.098,4132164
1789152967,2,0,0.289,4132164
1789152967,1,0,0.001,4132164
1789152971,5,0,3.815,4132164
1789152971,5,0,0.368,4132164
1789152971,4,0,0.302,4132164
1789152971,3,0,0.008,4132164
1789152972,5,0,0.788,4132164
1789152972,3,0,0.004,4132164
1789152972,3,0,0.034,4132164
1789152972,6,0,0.007,4132164
1789152973,4,0,0.422,4132164
1789152973,3,0,0.052,4132164
1789152974,2,0,1.328,4132164
1789152974,7,0,0.186,4132164
1789152974,3,0,0.079,4132164
1789152974,6,0,0.008,4132164
1789152975,5,0,0.484,4132164
1789152975,2,0,0.681,4132164
1789152976,5,0,0.118,4132164
1789152976,2,0,0.693,4132164
1789152976,0,0,0.004,4132164
1789152976,3,0,0.009,4132164
1789152976,0,0,0.015,4132164
1789152977,2,0,0.812,4132164
1789152977,1,0,0.001,4132164
1789152977,7,0,0.155,4132164
1789152977,3,0,0.08,4132164
1789152977,5,0,0.11,4132164
1789152977,0,0,0.012,4132164
1789152978,3,0,0.082,4132164
1789152978,1,0,0.001,4132164
1789152978,2,0,0.002,4132164
1789152978,5,0,0.53,4132164
1789152979,5,0,1.09,4132164
1789152979,3,0,0.124,4132164
1789152979,0,0,0.004,4132164
1789152980,4,0,0.373,4132164
1789152980,6,0,0.006,4132164
1789152980,4,0,0.299,4132164
1789152981,4,0,1.5,4132164
1789152982,4,0,0.664,4132164
1789152982,3,0,0.075,4132164
1789152982,3,0,0.005,4132164
1789152982,0,0,0.021,4132164
1789152985,2,0,2.667,4132164
1789152985,0,0,0.01,4132164
1789152985,0,0,0.02,4132164
1789152985,6,0,0.014,4132164
1789152986,4,0,1.309,4132164
1789152987,2,0,1.014,4132164
1789152987,3,0,0.038,4132164
1789152987,6,0,0.006,4132164
1789152988,4,0,0.51,4132164
1789152992,5,0,4.295,4132164
1789152992,3,0,0.003,4132164
1789152993,4,0,0.696,4132164
1789152993,1,0,0.002,4132164
1789152998,5,0,5.19,4132164
1789152998,2,0,0.294,4132164
1789152998,0,0,0.006,4132164
1789152999,4,0,0.921,4132164
1789153000,4,0,0.278,4132164
1789153000,4,0,0.491,4132164
1789153001,5,0,0.508,4132164
1789153001,5,0,0.795,4132164
1789153001,6,0,0.005,4132164
1789153001,1,0,0.001,4132164
1789153001,3,0,0.009,4132164
1789153001,3,0,0.143,4132164
1789153001,6,0,0.006,4132164
1789153002,3,0,0.221,4132164
1789153002,1,0,0.001,4132164
1789153002,5,0,0.118,4132164
1789153002,1,0,0.001,4132164
1789153002,2,0,0.574,4132164
1789153003,4,0,0.691,4132164
1789153004,2,0,0.809,4132164
1789153004,3,0,0.049,4132164
1789153004,6,0,0.007,4132164
1789153004,6,0,0.005,4132164
1789153004,2,0,0.003,4132164
1789153004,4,0,0.253,4132164
1789153005,4,0,0.366,4132164
1789153005,3,0,0.066,4132164
1789153005,4,0,0.329,4132164
1789153005,0,0,0.011,4132164
1789153005,3,0,0.008,4132164
1789153005,7,0,0.212,4132164
1789153007,4,0,1.59,4132164
1789153007,3,0,0.008,4132164
1789153007,0,0,0.007,4132164
1789153008,5,0,0.848,4132164
1789153008,5,0,0.112,4132164
1789153009,4,0,0.884,4132164
1789153011,5,0,2.806,4132164
1789153011,2,0,0.003,4132164
1789153011,2,0,0.002,4132164
1789153011,3,0,0.001,4132164
1789153011,0,0,0.014,4132164
1789153011,6,0,0.007,4132164
1789153012,6,0,0.006,4132164
1789153012,4,0,0.52,4132164
1789153012,6,0,0.016,4132164
1789153012,6,0,0.029,4132164
1789153012,0,0,0.016,4132164
1789153012,1,0,0.001,4132164
1789153012,0,0,0.015,4132164
1789153013,4,0,0.463,4132164
1789153013,3,0,0.012,4132164
1789153014,4,0,1.129,4132164
1789153014,6,0,0.005,4132164
1789153014,3,0,0.136,4132164
1789153014,2,0,0.299,4132164
1789153014,6,0,0.005,4132164
1789153014,4,0,0.315,4132164
1789153014,0,0,0.013,4132164
1789153014,0,0,0.006,4132164
1789153015,2,0,0.365,4132164
1789153015,6,0,0.007,4132164
1789153015,3,0,0.006,4132164
1789153015,4,0,0.441,4132164
1789153016,2,0,0.285,4132164
1789153016,1,0,0.001,4132164
1789153016,0,0,0.003,4132164
1789153016,4,0,0.34,4132164
1789153017,4,0,1.122,4132164
1789153017,3,0,0.12,4132164
1789153020,5,0,2.992,4132164
1789153024,5,0,3.612,4132164
1789153024,3,0,0.048,4132164
1789153024,3,0,0.132,4132164
1789153024,3,0,0.023,4132164
1789153024,3,0,0.037,4132164
1789153024,7,0,0.154,4132164
1789153025,4,0,0.949,4132164
1789153026,4,0,0.479,4132164
1789153026,3,0,0.003,4132164
1789153026,2,0,0.51,4132164
1789153030,5,0,4.171,4132164
1789153030,3,0,0.062,4132164
1789153030,5,0,0.109,4132164
1789153030,3,0,0.04,4132164
1789153031,4,0,0.962,4132164
1789153031,0,0,0.009,4132164
1789153032,5,0,0.458,4132164
1789153033,4,0,0.64,4132164
1789153037,5,0,4.196,4132164
1789153037,6,0,0.006,4132164
1789153037,2,0,0.002,4132164
1789153037,4,0,0.379,4132164
1789153039,4,0,1.669,4132164
1789153039,2,0,0.529,4132164
1789153039,3,0,0.042,4132164
1789153040,2,0,1.049,4132164
1789153040,0,0,0.009,4132164
1789153040,0,0,0.008,4132164
1789153040,0,0,0.013,4132164
1789153041,4,0,0.776,4132164
1789153043,2,0,1.624,4132164
1789153043,7,0,0.122,4132164
1789153043,3,0,0.013,4132164
1789153043,3,0,0.046,4132164
1789153043,0,0,0.003,4132164
1789153043,0,0,0.014,4132164
1789153044,4,0,0.439,4132164
1789153044,7,0,0.403,4132164
1789153044,1,0,0.002,4132164
1789153044,5,0,0.434,4132164
1789153045,4,0,0.294,4132164
1789153045,3,0,0.097,4132164
1789153045,4,0,0.64,4132164
1789153047,4,0,1.496,4132164
1789153047,3,0,0.009,4132164
1789153047,3,0,0.017,4132164
1789153047,0,0,0.006,4132164
1789153047,4,0,0.427,4132164
1789153047,0,0,0.005,4132164
1789153047,3,0,0.008,4132164
1789153048,5,0,0.454,4132164
1789153048,6,0,0.004,4132164
1789153048,4,0,0.433,4132164
1789153048,6,0,0.016,4132164
1789153049,4,0,0.774,4132164
1789153049,4,0,0.35,4132164
1789153049,1,0,0.001,4132164
1789153049,2,0,0.001,4132164
1789153049,6,0,0.012,4132164
1789153049,0,0,0.004,4132164
1789153054,5,0,4.655,4132164
1789153054,6,0,0.005,4132164
1789153054,4,0,0.386,4132164
1789153054,0,0,0.01,4132164
1789153054,6,0,0.004,4132164
1789153054,1,0,0.001,4132164
1789153054,6,0,0.005,4132164
1789153055,2,0,0.542,4132164
1789153055,6,0,0.006,4132164
1789153055,1,0,0.001,4132164
1789153057,4,0,1.498,4132164
1789153057,4,0,0.202,4132164
1789153057,1,0,0.001,4132164
1789153057,5,0,0.547,4132164
1789153059,7,0,1.366,4132164
1789153059,3,0,0.004,4132164
1789153060,2,0,0.873,4132164
1789153060,0,0,0.01,4132164
1789153060,7,0,0.733,4132164
1789153060,2,0,0.002,4132164
1789153065,5,0,4.907,4132164
1789153065,0,0,0.002,4132164
1789153067,2,0,1.698,4132164
1789153068,4,0,1.442,4132164
1789153068,3,0,0.048,4132164
1789153068,0,0,0.009,4132164
1789153069,4,0,0.245,4132164
1789153070,4,0,1.315,4132164
1789153071,2,0,1.086,4132164
1789153072,2,0,1.207,4132164
1789153072,0,0,0.004,4132164
1789153072,2,0,0.002,4132164
1789153072,3,0,0.094,4132164
1789153072,3,0,0.005,4132164
1789153072,0,0,0.023,4132164
1789153074,4,0,1.518,4132164
1789153074,4,0,0.532,4132164
1789153075,3,0,0.13,4132164
1789153079,5,0,4.325,4132164
1789153079,4,0,0.57,4132164
1789153079,3,0,0.074,4132164
1789153080,4,0,0.727,4132164
1789153080,6,0,0.005,4132164
1789153080,1,0,0.001,4132164
1789153080,3,0,0.002,4132164
1789153080,6,0,0.004,4132164
1789153084,7,0,4.078,4132164
1789153084,0,0,0.006,4132164
1789153084,0,0,0.011,4132164
1789153085,4,0,0.456,4132164
1789153089,5,0,4.701,4132164
1789153090,3,0,0.041,4132164
1789153090,0,0,0.01,4132164
1789153090,0,0,0.012,4132164
1789153090,3,0,0.046,4132164
1789153090,3,0,0.005,4132164
1789153090,0,0,0.004,4132164
1789153090,3,0,0.077,4132164
1789153090,6,0,0.005,4132164
1789153090,4,0,0.7,4132164
1789153092,2,0,1.227,4132164
1789153092,2,0,0.361,4132164
1789153092,3,0,0.008,4132164
1789153092,4,0,0.498,4132164
1789153093,3,0,0.073,4132164
1789153093,4,0,0.78,4132164
1789153094,4,0,0.544,4132164
1789153094,2,0,0.003,4132164
1789153094,6,0,0.013,4132164
1789153094,4,0,0.418,4132164
1789153095,4,0,0.786,4132164
1789153095,2,0,0.001,4132164
1789153096,4,0,0.671,4132164
1789153096,1,0,0.002,4132164
1789153096,6,0,0.007,4132164
1789153096,3,0,0.095,4132164
1789153096,6,0,0.009,4132164
1789153096,0,0,0.011,4132164
1789153096,3,0,0.008,4132164
1789153096,6,0,0.006,4132164
1789153097,4,0,0.98,4132164
1789153097,3,0,0.065,4132164
1789153101,5,0,4.375,4132164
1789153101,1,0,0.001,4132164
1789153101,0,0,0.012,4132164
1789153101,2,0,0.001,4132164
1789153101,3,0,0.13,4132164
1789153102,5,0,0.1,4132164
1789153102,2,0,0.001,4132164
1789153102,4,0,0.616,4132164
1789153103,4,0,0.391,4132164
1789153103,0,0,0.008,4132164
1789153103,4,0,0.223,4132164
1789153103,3,0,0.037,4132164
1789153103,4,0,0.388,4132164
1789153103,3,0,0.005,4132164
1789153104,4,0,0.695,4132164
1789153107,5,0,3.115,4132164
1789153107,0,0,0.009,4132164
1789153107,3,0,0.131,4132164
1789153107,6,0,0.011,4132164
1789153111,5,0,3.848,4132164
1789153111,5,0,0.119,4132164
1789153111,6,0,0.005,4132164
1789153111,0,0,0.003,4132164
1789153111,3,0,0.026,4132164
1789153112,2,0,1.115,4132164
1789153112,6,0,0.007,4132164
1789153112,3,0,0.006,4132164
1789153112,3,0,0.065,4132164
1789153112,1,0,0.003,4132164
1789153112,3,0,0.045,4132164
1789153112,2,0,0.002,4132164
1789153113,3,0,0.073,4132164
1789153114,4,0,1.707,4132164
1789153114,3,0,0.126,4132164
1789153114,0,0,0.012,4132164
1789153114,0,0,0.015,4132164
1789153114,2,0,0.002,4132164
1789153114,3,0,0.042,4132164
1789153114,6,0,0.004,4132164
1789153114,3,0,0.043,4132164
1789153114,6,0,0.004,4132164
1789153114,6,0,0.008,4132164
1789153117,4,0,2.289,4132164
1789153117,4,0,0.542,4132164
1789153117,7,0,0.166,4132164
1789153118,3,0,0.107,4132164
1789153118,0,0,0.02,4132164
1789153118,0,0,0.006,4132164
1789153118,6,0,0.007,4132164
1789153118,3,0,0.094,4132164
1789153118,3,0,0.167,4132164
1789153118,1,0,0.002,4132164
1789153119,4,0,1.002,4132164
1789153119,0,0,0.004,4132164
1789153119,3,0,0.005,4132164
1789153119,6,0,0.003,4132164
1789153119,3,0,0.062,4132164
1789153119,6,0,0.005,4132164
1789153119,0,0,0.011,4132164
1789153119,0,0,0.007,4132164
1789153119,6,0,0.005,4132164
1789153119,1,0,0.001,4132164
1789153119,2,0,0.003,4132164
1789153119,1,0,0.001,4132164
1789153119,4,0,0.426,4132164
1789153119,0,0,0.005,4132164
1789153120,4,0,0.554,4132164
1789153120,6,0,0.006,4132164
1789153120,3,0,0.017,4132164
1789153120,3,0,0.185,4132164
1789153120,0,0,0.004,4132164
1789153120,0,0,0.013,4132164
1789153120,1,0,0.001,4132164
1789153120,3,0,0.02,4132164
1789153124,5,0,4.011,4132164
1789153124,0,0,0.011,4132164
1789153124,6,0,0.007,4132164
1789153124,4,0,0.218,4132164
1789153128,5,0,3.655,4132164
1789153129,4,0,1.022,4132164
1789153130,4,0,1.291,4132164
1789153130,3,0,0.004,4132164
1789153130,6,0,0.007,4132164
1789153130,2,0,0.001,4132164
1789153130,1,0,0.001,4132164
1789153131,4,0,0.761,4132164
1789153131,0,0,0.005,4132164
1789153131,0,0,0.011,4132164
1789153131,3,0,0.005,4132164
1789153133,2,0,1.361,4132164
1789153133,0,0,0.009,4132164
1789153133,0,0,0.007,4132164
1789153133,3,0,0.117,4132164
1789153134,2,0,0.952,4132164
1789153134,1,0,0.001,4132164
1789153134,3,0,0.01,4132164
1789153134,4,0,0.494,4132164
1789153135,4,0,0.941,4132164
1789153135,3,0,0.009,4132164
1789153135,0,0,0.006,4132164
1789153135,6,0,0.006,4132164
1789153135,3,0,0.025,4132164
1789153135,1,0,0.001,4132164
1789153136,4,0,0.676,4132164
1789153137,4,0,0.699,4132164
1789153137,4,0,0.596,4132164
1789153139,4,0,1.669,4132164
1789153140,4,0,1.374,4132164
1789153140,2,0,0.002,4132164
1789153141,2,0,0.322,4132164
1789153145,5,0,4.315,4132164
1789153145,0,0,0.003,4132164
1789153145,0,0,0.004,4132164
1789153145,0,0,0.006,4132164
1789153145,6,0,0.01,4132164
1789153145,2,0,0.567,4132164
1789153146,4,0,0.964,4132164
1789153147,4,0,0.415,4132164
1789153147,3,0,0.01,4132164
1789153147,4,0,0.597,4132164
1789153147,3,0,0.083,4132164
1789153148,4,0,0.376,4132164
1789153148,1,0,0.001,4132164
1789153148,3,0,0.061,4132164
1789153148,6,0,0.017,4132164
1789153148,4,0,0.455,4132164
1789153148,0,0,0.008,4132164
1789153148,0,0,0.008,4132164
1789153150,4,0,1.493,4132164
1789153150,3,0,0.035,4132164
1789153150,3,0,0.003,4132164
1789153150,6,0,0.007,4132164
1789153150,3,0,0.004,4132164
1789153150,6,0,0.007,4132164
1789153150,3,0,0.077,4132164
1789153151,4,0,1.131,4132164
1789153151,0,0,0.005,4132164
1789153151,0,0,0.009,4132164
1789153151,0,0,0.007,4132164
1789153151,0,0,0.005,4132164
1789153151,5,0,0.152,4132164
1789153151,6,0,0.023,4132164
1789153151,2,0,0.002,4132164
1789153152,5,0,0.342,4132164
1789153153,5,0,0.94,4132164
1789153153,0,0,0.004,4132164
1789153153,2,0,0.002,4132164
1789153153,2,0,0.494,4132164
1789153153,0,0,0.005,4132164
1789153153,0,0,0.006,4132164
1789153154,4,0,1.244,4132164
1789153155,5,0,0.459,4132164
1789153155,2,0,0.004,4132164
1789153155,4,0,0.502,4132164
1789153155,3,0,0.007,4132164
1789153156,4,0,0.855,4132164
1789153157,7,0,0.287,4132164
1789153157,1,0,0.001,4132164
1789153157,4,0,0.944,4132164
1789153157,1,0,0.001,4132164
1789153157,6,0,0.014,4132164
1789153158,0,0,0.015,4132164
1789153158,3,0,0.037,4132164
1789153158,3,0,0.007,4132164
1789153158,5,0,0.306,4132164
1789153158,4,0,0.282,4132164
1789153158,0,0,0.004,4132164
1789153158,6,0,0.004,4132164
1789153158,6,0,0.008,4132164
1789153158,3,0,0.055,4132164
1789153163,5,0,4.643,4132164
1789153163,4,0,0.172,4132164
1789153164,4,0,1.122,4132164
1789153164,6,0,0.006,4132164
1789153166,4,0,1.406,4132164
1789153166,6,0,0.009,4132164
1789153166,4,0,0.188,4132164
1789153166,6,0,0.006,4132164
1789153166,3,0,0.005,4132164
1789153166,1,0,0.002,4132164
1789153166,0,0,0.016,4132164
1789153166,0,0,0.004,4132164
1789153166,0,0,0.011,4132164
1789153166,3,0,0.042,4132164
1789153166,0,0,0.009,4132164
1789153167,4,0,1.287,4132164
1789153167,3,0,0.003,4132164
1789153167,3,0,0.007,4132164
1789153167,2,0,0.002,4132164
1789153167,0,0,0.009,4132164
1789153168,4,0,0.656,4132164
1789153168,0,0,0.006,4132164
1789153168,3,0,0.005,4132164
1789153168,0,0,0.006,4132164
1789153168,2,0,0.337,4132164
1789153168,3,0,0.072,4132164
1789153168,3,0,0.092,4132164
1789153168,0,0,0.012,4132164
1789153168,1,0,0.001,4132164
1789153168,0,0,0.004,4132164
1789153169,4,0,0.24,4132164
1789153169,3,0,0.011,4132164
1789153169,2,0,0.306,4132164
1789153169,3,0,0.01,4132164
1789153169,2,0,0.348,4132164
1789153169,3,0,0.089,4132164
1789153170,4,0,0.433,4132164
1789153170,7,0,0.185,4132164
1789153170,3,0,0.005,4132164
1789153170,3,0,0.08,4132164
1789153170,0,0,0.008,4132164
1789153170,6,0,0.011,4132164
1789153172,4,0,1.507,4132164
1789153172,4,0,0.497,4132164
1789153172,0,0,0.005,4132164
1789153173,2,0,0.929,4132164
1789153173,1,0,0.002,4132164
1789153174,2,0,0.962,4132164
1789153174,0,0,0.009,4132164
1789153174,6,0,0.005,4132164
1789153174,3,0,0.008,4132164
1789153174,7,0,0.14,4132164
1789153178,5,0,4.328,4132164
1789153178,6,0,0.008,4132164
1789153178,6,0,0.004,4132164
1789153179,6,0,0.015,4132164
1789153179,4,0,0.171,4132164
1789153179,3,0,0.003,4132164
1789153179,2,0,0.414,4132164
1789153179,4,0,0.236,4132164
1789153184,5,0,4.433,4132164
1789153184,0,0,0.004,4132164
1789153184,4,0,0.455,4132164
1789153185,4,0,0.453,4132164
1789153185,2,0,0.005,4132164
1789153185,3,0,0.004,4132164
1789153185,5,0,0.766,4132164
1789153186,4,0,0.469,4132164
1789153186,3,0,0.005,4132164
1789153186,2,0,0.397,4132164
1789153186,0,0,0.007,4132164
1789153186,1,0,0.002,4132164
1789153186,1,0,0.001,4132164
1789153186,2,0,0.003,4132164
1789153187,4,0,0.499,4132164
1789153187,3,0,0.01,4132164
1789153189,5,0,2.075,4132164
1789153190,5,0,0.759,4132164
1789153190,1,0,0.001,4132164
1789153190,0,0,0.011,4132164
1789153190,6,0,0.007,4132164
1789153190,6,0,0.005,4132164
1789153190,6,0,0.006,4132164
1789153190,3,0,0.01,4132164
1789153190,6,0,0.008,4132164
1789153190,3,0,0.096,4132164
1789153191,5,0,1.317,4132164
1789153192,4,0,0.733,4132164
1789153192,4,0,0.56,4132164
1789153193,4,0,0.644,4132164
1789153194,5,0,0.572,4132164
1789153195,2,0,1.602,4132164
1789153196,4,0,0.551,4132164
1789153196,2,0,0.001,4132164
1789153196,6,0,0.006,4132164
1789153196,4,0,0.509,4132164
1789153196,6,0,0.004,4132164
1789153201,5,0,4.281,4132164
1789153201,6,0,0.006,4132164
1789153201,0,0,0.01,4132164
1789153201,1,0,0,4132164
1789153201,3,0,0,4132164
1789153201,7,0,0.214,4132164
1789153201,3,0,0.195,4132164
1789153201,3,0,0.129,4132164
1789153201,0,0,0.023,4132164
1789153202,4,0,0.429,4132164
1789153202,2,0,0.003,4132164
1789153202,4,0,0.753,4132164
1789153203,3,0,0.181,4132164
1789153203,2,0,0.004,4132164
1789153203,5,0,0.676,4132164
1789153203,3,0,0.004,4132164
1789153203,3,0,0.034,4132164
1789153204,5,0,0.519,4132164
1789153205,5,0,0.784,4132164
1789153205,2,0,0.001,4132164
1789153205,5,0,0.812,4132164
1789153206,4,0,0.414,4132164
1789153206,0,0,0.034,4132164
1789153206,1,0,0.002,4132164
1789153207,4,0,0.835,4132164
1789153211,5,0,4.262,4132164
1789153211,4,0,0.329,4132164
1789153212,7,0,0.579,4132164
1789153212,3,0,0.089,4132164
1789153212,0,0,0.015,4132164
1789153213,4,0,1.121,4132164
1789153213,2,0,0.004,4132164
1789153213,3,0,0.05,4132164
1789153213,3,0,0.065,4132164
1789153213,3,0,0.004,4132164
1789153214,2,0,0.596,4132164
1789153214,5,0,0.156,4132164
1789153214,2,0,0.303,4132164
1789153215,5,0,0.436,4132164
1789153215,0,0,0.009,4132164
1789153215,0,0,0.039,4132164
1789153215,2,0,0.193,4132164
1789153215,0,0,0.006,4132164
1789153215,6,0,0.006,4132164
1789153215,6,0,0.006,4132164
1789153215,3,0,0.005,4132164
1789153216,5,0,0.758,4132164
1789153216,3,0,0.083,4132164
1789153216,4,0,0.381,4132164
1789153216,0,0,0.003,4132164
1789153217,4,0,0.651,4132164
1789153217,3,0,0.033,4132164
1789153217,4,0,0.535,4132164
1789153217,2,0,0.003,4132164
1789153217,3,0,0.009,4132164
1789153217,3,0,0.041,4132164
1789153218,4,0,0.517,4132164
1789153218,1,0,0.001,4132164
1789153219,2,0,1.012,4132164
1789153220,4,0,1.221,4132164
1789153220,3,0,0.003,4132164
1789153220,3,0,0.076,4132164
1789153221,4,0,0.453,4132164
1789153221,0,0,0.011,4132164
1789153221,2,0,0.231,4132164
1789153221,6,0,0.005,4132164
1789153221,3,0,0.013,4132164
1789153221,0,0,0.009,4132164
1789153221,0,0,0.009,4132164
1789153221,4,0,0.457,4132164
1789153221,6,0,0.007,4132164
1789153222,5,0,0.232,4132164
1789153222,0,0,0.009,4132164
1789153222,0,0,0.012,4132164
1789153222,4,0,0.776,4132164
1789153223,3,0,0.056,4132164
1789153223,3,0,0.088,4132164
1789153223,0,0,0.003,4132164
1789153223,4,0,0.634,4132164
1789153224,5,0,0.742,4132164
1789153224,0,0,0.004,4132164
1789153224,6,0,0.006,4132164
1789153224,1,0,0.002,4132164
1789153224,4,0,0.468,4132164
1789153225,4,0,0.728,4132164
1789153227,2,0,1.417,4132164
1789153227,0,0,0.008,4132164
1789153228,5,0,1.038,4132164
1789153228,5,0,0.369,4132164
1789153228,5,0,0.171,4132164
1789153232,5,0,3.372,4132164
1789153232,0,0,0.011,4132164
1789153232,0,0,0.005,4132164
1789153232,6,0,0.007,4132164
1789153232,3,0,0.073,4132164
1789153233,4,0,0.983,4132164
1789153233,5,0,0.124,4132164
1789153233,5,0,0.682,4132164
1789153234,3,0,0.013,4132164
1789153234,0,0,0.015,4132164
1789153234,2,0,0.632,4132164
1789153234,0,0,0.011,4132164
1789153235,4,0,0.341,4132164
1789153235,0,0,0.011,4132164
1789153235,4,0,0.711,4132164
1789153235,6,0,0.021,4132164
1789153235,5,0,0.135,4132164
1789153235,0,0,0.019,4132164
1789153235,0,0,0.013,4132164
1789153236,5,0,0.89,4132164
1789153237,4,0,0.238,4132164
1789153240,5,0,3.348,4132164
1789153240,0,0,0.003,4132164
1789153240,0,0,0.004,4132164
1789153240,5,0,0.339,4132164
1789153240,0,0,0.005,4132164
1789153241,2,0,0.299,4132164
1789153241,2,0,0.003,4132164
1789153241,5,0,0.125,4132164
1789153241,2,0,0.001,4132164
1789153241,0,0,0.004,4132164
1789153241,5,0,0.604,4132164
1789153241,2,0,0.002,4132164
1789153241,2,0,0.002,4132164
1789153242,2,0,0.729,4132164
1789153243,2,0,0.645,4132164
1789153243,4,0,0.578,4132164
1789153243,2,0,0,4132164
1789153244,4,0,0.361,4132164
1789153244,4,0,0.589,4132164
1789153244,3,0,0.017,4132164
1789153244,6,0,0.012,4132164
1789153244,6,0,0.005,4132164
1789153244,0,0,0.007,4132164
1789153244,5,0,0.223,4132164
1789153244,2,0,0.002,4132164
1789153244,2,0,0.002,4132164
1789153244,1,0,0.001,4132164
1789153244,1,0,0.001,4132164
1789153244,3,0,0.021,4132164
1789153244,0,0,0.01,4132164
1789153244,2,0,0.001,4132164
1789153245,4,0,0.211,4132164
1789153245,0,0,0.006,4132164
1789153245,3,0,0.138,4132164
1789153245,6,0,0.007,4132164
1789153245,6,0,0.008,4132164
1789153245,3,0,0.046,4132164
1789153245,2,0,0.001,4132164
1789153245,3,0,0.012,4132164
1789153245,2,0,0.004,4132164
1789153245,0,0,0.004,4132164
1789153245,1,0,0.001,4132164
1789153245,0,0,0.006,4132164
1789153246,4,0,0.953,4132164
1789153247,5,0,1.569,4132164
1789153248,3,0,0.075,4132164
1789153248,6,0,0.005,4132164
1789153248,0,0,0.006,4132164
1789153248,4,0,0.184,4132164
1789153249,4,0,0.853,4132164
1789153249,2,0,0.025,4132164
1789153249,3,0,0.053,4132164
1789153249,0,0,0.005,4132164
1789153249,3,0,0.023,4132164
1789153249,2,0,0.18,4132164
1789153249,6,0,0.006,4132164
1789153249,1,0,0.001,4132164
1789153249,3,0,0.009,4132164
1789153249,3,0,0.027,4132164
1789153249,0,0,0.015,4132164
1789153249,2,0,0.326,4132164
1789153249,3,0,0.134,4132164
1789153250,4,0,0.755,4132164
1789153250,3,0,0.002,4132164
1789153250,1,0,0.001,4132164
1789153250,4,0,0.221,4132164
1789153251,7,0,0.212,4132164
1789153251,4,0,0.825,4132164
1789153251,3,0,0.059,4132164
1789153253,2,0,1.152,4132164
1789153253,5,0,0.127,4132164
1789153253,0,0,0.006,4132164
1789153253,3,0,0.101,4132164
1789153253,3,0,0.085,4132164
1789153254,4,0,0.856,4132164
1789153254,6,0,0.01,4132164
1789153254,4,0,0.498,4132164
1789153254,3,0,0.021,4132164
1789153254,5,0,0.105,4132164
1789153254,2,0,0.001,4132164
1789153254,6,0,0.007,4132164
1789153254,2,0,0.002,4132164
1789153254,0,0,0.008,4132164
1789153254,2,0,0.001,4132164
1789153254,1,0,0.001,4132164
1789153254,2,0,0.018,4132164
1789153255,3,0,0.119,4132164
1789153255,2,0,0.223,4132164
1789153255,5,0,0.206,4132164
1789153255,6,0,0.005,4132164
1789153255,1,0,0.001,4132164
1789153255,6,0,0.009,4132164
1789153255,2,0,0.348,4132164
1789153255,6,0,0.005,4132164
1789153255,3,0,0.101,4132164
1789153255,0,0,0.008,4132164
1789153255,6,0,0.013,4132164
1789153256,4,0,0.668,4132164
1789153256,5,0,0.298,4132164
1789153257,4,0,0.914,4132164
1789153258,2,0,0.886,4132164
1789153258,0,0,0.004,4132164
1789153261,4,0,2.245,4132164
1789153261,4,0,0.86,4132164
1789153261,2,0,0.005,4132164
1789153261,6,0,0.017,4132164
1789153262,3,0,0.135,4132164
1789153262,2,0,0.005,4132164
1789153262,4,0,0.219,4132164
1789153262,4,0,0.243,4132164
1789153263,2,0,0.934,4132164
1789153263,4,0,0.334,4132164
1789153263,3,0,0.043,4132164
1789153263,0,0,0.003,4132164
1789153263,3,0,0.008,4132164
1789153263,3,0,0.064,4132164
1789153265,4,0,1.155,4132164
1789153265,6,0,0.007,4132164
1789153265,3,0,0.043,4132164
1789153265,2,0,0.377,4132164
1789153265,0,0,0.024,4132164
1789153266,4,0,0.753,4132164
1789153266,3,0,0.038,4132164
1789153266,4,0,0.68,4132164
1789153266,0,0,0.004,4132164
1789153268,2,0,1.147,4132164
1789153268,2,0,0.004,4132164
1789153268,2,0,0.502,4132164
1789153270,4,0,2.165,4132164
1789153270,3,0,0.007,4132164
1789153270,6,0,0.004,4132164
1789153271,2,0,1.008,4132164
1789153271,6,0,0.006,4132164
1789153271,2,0,0.002,4132164
1789153271,3,0,0.003,4132164
1789153271,2,0,0.001,4132164
1789153271,2,0,0.002,4132164
1789153272,2,0,0.436,4132164
1789153272,3,0,0.052,4132164
1789153272,3,0,0.006,4132164
1789153272,4,0,0.487,4132164
1789153272,0,0,0.044,4132164
1789153273,5,0,0.29,4132164
1789153273,5,0,0.128,4132164
1789153273,6,0,0.009,4132164
1789153273,3,0,0.009,4132164
1789153273,0,0,0.003,4132164
1789153273,3,0,0.009,4132164
1789153274,5,0,0.766,4132164
1789153274,2,0,0.001,4132164
1789153274,0,0,0.008,4132164
1789153274,4,0,0.364,4132164
1789153274,6,0,0.005,4132164
1789153274,6,0,0.008,4132164
1789153274,3,0,0.081,4132164
1789153274,3,0,0.102,4132164
1789153277,5,0,2.909,4132164
1789153277,3,0,0.003,4132164
1789153278,7,0,0.738,4132164
1789153278,0,0,0.006,4132164
1789153278,2,0,0.004,4132164
1789153278,1,0,0.001,4132164
1789153278,1,0,0.001,4132164
1789153278,0,0,0.022,4132164
1789153278,2,0,0.003,4132164
1789153278,1,0,0.001,4132164
1789153279,4,0,1.492,4132164
1789153282,4,0,2.232,4132164
1789153282,7,0,0.296,4132164
1789153282,0,0,0.007,4132164
1789153282,3,0,0.113,4132164
1789153282,1,0,0.001,4132164
1789153283,5,0,0.75,4132164
1789153283,4,0,0.662,4132164
1789153284,2,0,0.418,4132164
1789153284,3,0,0.16,4132164
1789153284,0,0,0.007,4132164
1789153285,2,0,1.054,4132164
1789153285,1,0,0.002,4132164
1789153285,6,0,0.008,4132164
1789153285,0,0,0.003,4132164
1789153285,3,0,0.033,4132164
1789153286,4,0,0.7,4132164
1789153286,0,0,0.009,4132164
1789153286,6,0,0.008,4132164
1789153286,1,0,0.001,4132164
1789153287,4,0,0.985,4132164
1789153287,0,0,0.012,4132164
1789153287,6,0,0.006,4132164
1789153288,4,0,0.781,4132164
1789153288,3,0,0.148,4132164
1789153288,4,0,0.621,4132164
1789153288,3,0,0.015,4132164
1789153289,5,0,0.653,4132164
1789153289,3,0,0.003,4132164
1789153289,0,0,0.007,4132164
1789153290,2,0,0.616,4132164
1789153290,0,0,0.02,4132164
1789153290,2,0,0.464,4132164
1789153294,7,0,3.398,4132164
1789153294,3,0,0.041,4132164
1789153294,4,0,0.937,4132164
1789153294,0,0,0.007,4132164
1789153294,6,0,0.007,4132164
1789153294,1,0,0.001,4132164
1789153295,4,0,0.32,4132164
1789153295,6,0,0.006,4132164
1789153295,6,0,0.007,4132164
1789153295,6,0,0.009,4132164
1789153295,3,0,0.03,4132164
1789153296,4,0,0.628,4132164
1789153296,3,0,0.034,4132164
1789153297,4,0,1.054,4132164
1789153297,4,0,0.465,4132164
1789153297,6,0,0.004,4132164
1789153298,4,0,0.68,4132164
1789153298,3,0,0.012,4132164
1789153298,5,0,0.147,4132164
1789153298,0,0,0.005,4132164
1789153298,6,0,0.013,4132164
1789153298,5,0,0.125,4132164
1789153299,4,0,0.515,4132164
1789153299,4,0,0.375,4132164
1789153299,3,0,0.004,4132164
1789153299,1,0,0.001,4132164
1789153299,2,0,0.003,4132164
1789153299,0,0,0.011,4132164
1789153299,0,0,0.005,4132164
1789153299,0,0,0.011,4132164
1789153299,6,0,0.004,4132164
1789153299,3,0,0.055,4132164
1789153299,2,0,0.001,4132164
1789153300,4,0,0.689,4132164
1789153300,2,0,0.346,4132164
1789153301,4,0,0.572,4132164
1789153301,6,0,0.008,4132164
1789153302,5,0,1.307,4132164
1789153302,0,0,0.01,4132164
1789153302,4,0,0.022,4132164
1789153302,1,0,0.001,4132164
1789153302,0,0,0.013,4132164
1789153303,4,0,0.51,4132164
1789153303,4,0,0.582,4132164
1789153303,0,0,0.012,4132164
1789153304,2,0,0.726,4132164
1789153304,4,0,0.616,4132164
1789153304,3,0,0.003,4132164
1789153304,2,0,0.002,4132164
1789153305,3,0,0.072,4132164
1789153305,1,0,0.001,4132164
1789153305,2,0,0.001,4132164
1789153305,2,0,0.003,4132164
1789153305,3,0,0.016,4132164
1789153306,4,0,1.697,4132164
1789153307,4,0,0.475,4132164
1789153308,4,0,1.752,4132164
1789153309,4,0,0.668,4132164
1789153309,2,0,0.002,4132164
1789153310,2,0,1.002,4132164
1789153310,3,0,0.131,4132164
1789153310,3,0,0.014,4132164
1789153310,0,0,0.004,4132164
1789153311,2,0,0.372,4132164
1789153311,5,0,0.754,4132164
1789153311,0,0,0.005,4132164
1789153313,7,0,1.416,4132164
1789153313,1,0,0.001,4132164
1789153313,2,0,0.008,4132164
1789153314,4,0,0.71,4132164
1789153314,0,0,0.013,4132164
1789153314,3,0,0.005,4132164
1789153314,3,0,0.007,4132164
1789153314,6,0,0.006,4132164
1789153314,4,0,0.33,4132164
1789153314,4,0,0.511,4132164
1789153315,3,0,0.107,4132164
1789153315,4,0,0.495,4132164
1789153315,6,0,0.007,4132164
1789153315,3,0,0.009,4132164
1789153315,6,0,0.022,4132164
1789153318,4,0,2.679,4132164
1789153318,3,0,0.051,4132164
1789153318,2,0,0.423,4132164
1789153318,4,0,0.026,4132164
1789153318,1,0,0.001,4132164
1789153318,3,0,0.053,4132164
1789153319,4,0,0.476,4132164
1789153319,3,0,0.005,4132164
1789153320,4,0,1.02,4132164
1789153320,6,0,0.007,4132164
1789153322,4,0,1.787,4132164
1789153322,3,0,0.069,4132164
1789153322,6,0,0.014,4132164
1789153322,0,0,0.086,4132164
1789153322,3,0,0.011,4132164
1789153322,3,0,0.13,4132164
1789153322,6,0,0.034,4132164
1789153322,1,0,0.001,4132164
1789153322,5,0,0.174,4132164
1789153322,3,0,0.067,4132164
1789153322,0,0,0.009,4132164
1789153323,4,0,0.323,4132164
1789153323,4,0,0.443,4132164
1789153323,2,0,0.523,4132164
1789153324,4,0,0.84,4132164
1789153324,0,0,0.012,4132164
1789153325,2,0,0.316,4132164
1789153325,6,0,0.01,4132164
1789153325,2,0,0.726,4132164
1789153325,6,0,0.004,4132164
1789153326,4,0,0.998,4132164
1789153326,0,0,0.006,4132164
1789153326,3,0,0.071,4132164
1789153328,4,0,1.041,4132164
1789153328,3,0,0.018,4132164
1789153328,3,0,0.122,4132164
1789153328,3,0,0.005,4132164
1789153328,3,0,0.076,4132164
1789153330,2,0,1.893,4132164
1789153331,4,0,1.359,4132164
1789153331,0,0,0.004,4132164
1789153331,4,0,0.507,4132164
1789153332,2,0,0.533,4132164
1789153332,1,0,0.001,4132164
1789153336,7,0,3.799,4132164
1789153336,3,0,0.003,4132164
1789153336,4,0,0.655,4132164
1789153337,4,0,0.827,4132164
1789153337,6,0,0.015,4132164
1789153337,2,0,0.001,4132164
1789153338,4,0,0.619,4132164
1789153338,3,0,0.005,4132164
1789153339,4,0,0.649,4132164
1789153339,1,0,0.001,4132164
1789153339,1,0,0.001,4132164
1789153339,4,0,0.782,4132164
1789153339,6,0,0.009,4132164
1789153341,5,0,1.367,4132164
1789153341,6,0,0.007,4132164
1789153341,0,0,0.007,4132164
1789153341,5,0,0.139,4132164
1789153341,5,0,0.087,4132164
1789153341,2,0,0.004,4132164
1789153341,5,0,0.291,4132164
1789153341,6,0,0.01,4132164
1789153341,3,0,0.061,4132164
1789153342,7,0,0.593,4132164
1789153342,1,0,0.001,4132164
1789153342,6,0,0.011,4132164
1789153342,0,0,0.015,4132164
1789153342,4,0,0.454,4132164
1789153342,0,0,0.019,4132164
1789153343,4,0,0.444,4132164
1789153343,0,0,0.006,4132164
1789153343,3,0,0.007,4132164
1789153343,5,0,0.124,4132164
1789153343,3,0,0.148,4132164
1789153344,4,0,0.378,4132164
1789153344,4,0,0.504,4132164
1789153344,2,0,0.287,4132164
1789153345,4,0,0.432,4132164
1789153346,4,0,1.349,4132164
1789153346,0,0,0.005,4132164
1789153346,0,0,0.024,4132164
1789153346,6,0,0.008,4132164
1789153346,0,0,0.003,4132164
1789153346,3,0,0.095,4132164
1789153347,4,0,0.295,4132164
1789153347,6,0,0.009,4132164
1789153347,3,0,0.006,4132164
1789153347,0,0,0.005,4132164
1789153347,5,0,0.524,4132164
1789153347,0,0,0.007,4132164
1789153347,0,0,0.014,4132164
1789153347,0,0,0.01,4132164
1789153347,1,0,0.002,4132164
1789153347,0,0,0.007,4132164
1789153347,0,0,0.012,4132164
1789153347,3,0,0.014,4132164
1789153347,3,0,0.074,4132164
1789153348,4,0,0.261,4132164
1789153348,3,0,0.052,4132164
1789153351,5,0,3.757,4132164
1789153351,0,0,0.014,4132164
1789153351,3,0,0.081,4132164
1789153351,0,0,0.005,4132164
1789153352,2,0,0.959,4132164
1789153357,5,0,4.443,4132164
1789153357,3,0,0.113,4132164
1789153357,3,0,0.008,4132164
1789153357,3,0,0.09,4132164
1789153358,4,0,0.674,4132164
1789153358,5,0,0.68,4132164
1789153358,3,0,0.033,4132164
1789153359,3,0,0.099,4132164
1789153359,4,0,0.294,4132164
1789153360,4,0,0.978,4132164
1789153361,4,0,1.037,4132164
1789153361,3,0,0.141,4132164
1789153361,0,0,0.006,4132164
1789153362,5,0,0.55,4132164
1789153362,3,0,0.011,4132164
1789153362,0,0,0.003,4132164
1789153362,0,0,0.004,4132164
1789153362,4,0,0.384,4132164
1789153362,1,0,0.001,4132164
1789153366,5,0,4.283,4132164
1789153367,2,0,1.22,4132164
1789153369,4,0,1.189,4132164
1789153369,2,0,0.002,4132164
1789153369,3,0,0.005,4132164
1789153369,3,0,0.078,4132164
1789153369,6,0,0.035,4132164
1789153370,2,0,1.098,4132164
1789153370,4,0,0.349,4132164
1789153371,4,0,0.87,4132164
1789153371,6,0,0.011,4132164
1789153371,6,0,0.008,4132164
1789153371,6,1,0.014,4132164
1789153372,4,0,0.793,4132164
1789153372,3,0,0.135,4132164
1789153372,4,0,0.456,4132164
1789153372,3,0,0.015,4132164
1789153373,2,0,0.349,4132164
1789153374,4,0,1.018,4132164
1789153374,3,0,0.133,4132164
1789153374,3,0,0.009,4132164
1789153375,2,0,0.74,4132164
1789153378,7,0,3.034,4132164
1789153378,4,0,0.328,4132164
1789153379,5,0,0.691,4132164
1789153379,3,0,0.07,4132164
1789153379,3,0,0.004,4132164
1789153379,2,0,0.002,4132164
1789153380,2,0,0.622,4132164
1789153380,0,0,0.099,4132164
1789153380,2,0,0.002,4132164
1789153380,2,0,0.005,4132164
1789153380,0,0,0.006,4132164
1789153380,4,0,0.487,4132164
1789153380,4,0,0.187,4132164
1789153380,0,0,0.01,4132164
1789153380,6,0,0.003,4132164
1789153380,3,0,0.006,4132164
1789153381,4,0,0.621,4132164
1789153383,4,0,1.805,4132164
1789153383,4,0,0.416,4132164
1789153383,3,0,0.057,4132164
1789153383,3,0,0.073,4132164
1789153383,2,0,0.002,4132164
1789153383,5,0,0.109,4132164
1789153383,3,0,0.005,4132164
1789153384,5,0,0.479,4132164
1789153384,0,0,0.007,4132164
1789153388,7,0,4.607,4132164
1789153389,3,0,0.023,4132164
1789153389,0,0,0.024,4132164
1789153390,4,0,1.439,4132164
1789153392,2,0,1.566,4132164
1789153392,6,0,0.063,4132164
1789153392,7,0,0.129,4132164
1789153392,3,0,0.038,4132164
1789153392,4,0,0.336,4132164
1789153392,0,0,0.015,4132164
1789153396,5,0,3.8,4132164
1789153396,3,0,0.033,4132164
1789153396,1,0,0.001,4132164
1789153396,3,0,0.059,4132164
1789153397,4,0,0.608,4132164
1789153397,2,0,0.369,4132164
1789153397,7,0,0.215,4132164
1789153397,0,0,0.013,4132164
1789153398,2,0,0.604,4132164
1789153403,5,0,5.239,4132164
1789153404,2,0,0.634,4132164
1789153404,0,0,0.008,4132164
1789153405,4,0,0.973,4132164
1789153405,0,0,0.004,4132164
1789153405,3,0,0.053,4132164
1789153405,6,0,0.004,4132164
1789153405,0,0,0.011,4132164
1789153405,0,0,0.004,4132164
1789153405,3,0,0.051,4132164
1789153405,3,0,0.021,4132164
1789153405,0,0,0.009,4132164
1789153405,4,0,0.628,4132164
1789153408,2,0,2.682,4132164
1789153408,4,0,0.344,4132164
1789153408,1,0,0.003,4132164
1789153409,4,0,0.417,4132164
1789153409,4,0,0.386,4132164
1789153409,3,0,0.007,4132164
1789153409,7,0,0.144,4132164
1789153409,0,0,0.02,4132164
1789153409,2,0,0.002,4132164
1789153410,3,0,0.074,4132164
1789153410,7,0,0.18,4132164
1789153410,2,0,0.002,4132164
1789153410,6,0,0.008,4132164
1789153410,6,1,0.005,4132164
1789153414,5,0,3.896,4132164
1789153414,6,0,0.005,4132164
1789153414,3,0,0.004,4132164
1789153414,1,0,0.001,4132164
1789153414,0,0,0.005,4132164
1789153414,0,0,0.006,4132164
1789153414,2,0,0.002,4132164
1789153414,1,0,0.001,4132164
1789153417,5,0,3.333,4132164
1789153417,3,0,0.051,4132164
1789153417,1,0,0.001,4132164
1789153417,0,0,0.007,4132164
1789153417,2,0,0.002,4132164
1789153417,0,0,0.015,4132164
1789153418,4,0,0.444,4132164
1789153418,4,0,0.716,4132164
1789153419,4,0,0.303,4132164
1789153419,6,0,0.008,4132164
1789153419,6,0,0.005,4132164
1789153419,6,0,0.008,4132164
1789153419,3,0,0.029,4132164
1789153419,6,0,0.004,4132164
1789153421,2,0,2.016,4132164
1789153421,1,0,0.001,4132164
1789153421,6,0,0.008,4132164
1789153421,4,0,0.548,4132164
1789153422,4,0,0.569,4132164
1789153422,0,0,0.008,4132164
1789153422,3,0,0.007,4132164
1789153422,5,0,0.449,4132164
1789153422,3,0,0.002,4132164
1789153422,6,0,0.006,4132164
1789153422,6,0,0.005,4132164
1789153423,4,0,0.325,4132164
1789153423,4,0,0.403,4132164
1789153423,1,0,0.001,4132164
1789153427,5,0,3.744,4132164
1789153427,2,0,0.009,4132164
1789153427,2,0,0.479,4132164
1789153428,2,0,0.72,4132164
1789153429,4,0,1.016,4132164
1789153429,6,0,0.008,4132164
1789153429,6,0,0.007,4132164
1789153429,6,0,0.011,4132164
1789153429,6,0,0.005,4132164
1789153429,3,0,0.05,4132164
1789153429,2,0,0.002,4132164
1789153430,4,0,0.852,4132164
1789153430,4,0,0.498,4132164
1789153431,4,0,0.427,4132164
1789153431,4,0,0.3,4132164
1789153431,4,0,0.32,4132164
1789153431,3,0,0.093,4132164
1789153431,2,0,0.005,4132164
1789153432,3,0,0.026,4132164
1789153433,4,0,1.22,4132164
1789153433,5,0,0.175,4132164
1789153433,2,0,0.003,4132164
1789153433,5,0,0.183,4132164
1789153433,0,0,0.004,4132164
1789153433,0,0,0.011,4132164
1789153433,1,0,0.002,4132164
1789153436,7,0,3.186,4132164
1789153436,3,0,0.004,4132164
1789153436,3,0,0.067,4132164
1789153437,4,0,0.627,4132164
1789153438,4,0,1.041,4132164
1789153439,4,0,0.756,4132164
1789153439,4,0,0.618,4132164
1789153440,4,0,0.486,4132164
1789153441,4,0,0.858,4132164
1789153441,5,0,0.24,4132164
1789153441,3,0,0.007,4132164
1789153441,3,0,0.046,4132164
1789153441,2,0,0.003,4132164
1789153441,2,0,0.003,4132164
1789153442,4,0,0.494,4132164
1789153442,3,0,0.13,4132164
1789153442,6,0,0.007,4132164
1789153445,5,0,3.673,4132164
1789153445,0,0,0.005,4132164
1789153446,2,0,0.406,4132164
1789153447,4,0,1.407,4132164
1789153448,4,0,0.597,4132164
1789153448,3,0,0.087,4132164
1789153449,2,0,0.685,4132164
1789153449,1,0,0.001,4132164
1789153449,4,0,0.592,4132164
1789153450,4,0,0.449,4132164
1789153450,3,0,0.097,4132164
1789153450,0,0,0.003,4132164
1789153450,3,0,0.009,4132164
1789153450,3,0,0.102,4132164
1789153451,4,0,0.724,4132164
1789153451,0,0,0.024,4132164
1789153451,4,0,0.79,4132164
1789153455,5,0,3.822,4132164
1789153456,4,0,1.161,4132164
1789153458,2,0,1.22,4132164
1789153458,3,0,0.067,4132164
1789153458,4,0,0.446,4132164
1789153460,7,0,2.394,4132164
1789153460,0,0,0.013,4132164
1789153460,6,0,0.006,4132164
1789153460,6,0,0.011,4132164
1789153461,4,0,0.505,4132164
1789153461,4,0,0.346,4132164
1789153461,2,0,0.002,4132164
1789153461,0,0,0.004,4132164
1789153461,0,0,0.005,4132164
1789153461,3,0,0.059,4132164
1789153462,4,0,0.32,4132164
1789153462,0,0,0.005,4132164
1789153463,2,0,1.27,4132164
1789153463,3,0,0.013,4132164
1789153463,0,0,0.008,4132164
1789153463,3,0,0.064,4132164
1789153463,2,0,0.004,4132164
1789153463,0,0,0.006,4132164
1789153463,6,0,0.007,4132164
1789153463,3,0,0.019,4132164
1789153464,4,0,1.077,4132164
1789153464,3,0,0.066,4132164
1789153465,4,0,0.448,4132164
1789153465,3,0,0.03,4132164
1789153466,5,0,1.108,4132164
1789153466,4,0,0.553,4132164
1789153466,2,0,0.002,4132164
1789153466,3,0,0.04,4132164
1789153466,1,0,0.003,4132164
1789153466,0,0,0.012,4132164
1789153466,3,0,0.008,4132164
1789153466,6,0,0.005,4132164
1789153466,2,0,0.003,4132164
1789153467,5,0,0.932,4132164
1789153467,3,0,0.086,4132164
1789153472,5,0,4.141,4132164
1789153472,4,0,0.258,4132164
1789153472,4,0,0.491,4132164
1789153472,6,0,0.011,4132164
1789153472,0,0,0.003,4132164
1789153472,3,0,0.045,4132164
1789153472,3,0,0.003,4132164
1789153473,2,0,0.211,4132164
1789153473,2,0,0.001,4132164
1789153473,3,0,0.054,4132164
1789153473,0,0,0.011,4132164
1789153473,6,0,0.006,4132164
1789153473,6,0,0.02,4132164
1789153473,2,0,0.39,4132164
1789153474,4,0,0.635,4132164
1789153474,6,0,0.004,4132164
1789153474,4,0,0.211,4132164
1789153474,6,0,0.013,4132164
1789153474,1,0,0.001,4132164
1789153474,1,0,0.001,4132164
1789153474,6,0,0.005,4132164
1789153474,0,0,0.014,4132164
1789153475,4,0,0.564,4132164
1789153475,4,0,0.593,4132164
1789153476,4,0,0.682,4132164
1789153477,4,0,0.791,4132164
1789153477,2,0,0.596,4132164
1789153481,5,0,3.708,4132164
1789153481,0,0,0.005,4132164
1789153482,4,0,0.765,4132164
1789153482,0,0,0.01,4132164
1789153482,2,0,0.003,4132164
1789153482,0,0,0.008,4132164
1789153482,1,0,0.001,4132164
1789153483,2,0,1.133,4132164
1789153484,4,0,0.772,4132164
1789153484,4,0,0.672,4132164
1789153484,0,0,0.007,4132164
1789153485,4,0,0.501,4132164
1789153486,5,0,1.105,4132164
1789153486,3,0,0.071,4132164
1789153487,2,0,1.312,4132164
1789153488,4,0,0.389,4132164
1789153488,6,0,0.005,4132164
1789153488,4,0,0.702,4132164
1789153488,6,0,0.007,4132164
1789153488,3,0,0.009,4132164
1789153488,6,0,0.007,4132164
1789153489,4,0,1.018,4132164
1789153490,5,0,0.687,4132164
1789153490,0,0,0.006,4132164
1789153490,6,0,0.007,4132164
1789153490,3,0,0.162,4132164
1789153491,4,0,1.137,4132164
1789153492,5,0,0.443,4132164
1789153492,3,0,0.143,4132164
1789153492,3,0,0.038,4132164
1789153496,5,0,4.18,4132164
1789153497,4,0,1.018,4132164
1789153497,1,0,0.001,4132164
1789153498,4,0,0.453,4132164
1789153498,0,0,0.008,4132164
1789153498,0,0,0.017,4132164
1789153498,0,0,0.02,4132164
1789153501,5,0,3.075,4132164
1789153501,4,0,0.435,4132164
1789153501,6,0,0.007,4132164
1789153501,2,0,0.004,4132164
1789153501,0,0,0.017,4132164
1789153501,1,0,0.001,4132164
1789153501,2,0,0.002,4132164
1789153501,3,0,0.129,4132164
1789153501,2,0,0.001,4132164
1789153501,6,0,0.005,4132164
1789153501,3,0,0.016,4132164
1789153501,2,0,0.001,4132164
1789153501,0,0,0.008,4132164
1789153502,2,0,0.008,4132164
1789153502,3,0,0.027,4132164
1789153502,0,0,0.003,4132164
1789153502,0,0,0.011,4132164
1789153502,1,0,0.001,4132164
1789153502,4,0,0.432,4132164
1789153502,1,0,0.001,4132164
1789153502,3,0,0.105,4132164
1789153503,4,0,0.58,4132164
1789153503,2,0,0.54,4132164
1789153503,2,0,0.003,4132164
1789153503,1,0,0.001,4132164
1789153503,3,0,0.012,4132164
1789153503,0,0,0.014,4132164
1789153503,0,0,0.006,4132164
1789153504,4,0,0.888,4132164
1789153508,7,0,4.041,4132164
1789153509,5,0,0.57,4132164
1789153509,3,0,0.06,4132164
1789153509,2,0,0.001,4132164
1789153509,1,0,0.001,4132164
1789153509,2,0,0.002,4132164
1789153510,4,0,0.746,4132164
1789153510,6,0,0.004,4132164
1789153510,1,0,0.001,4132164
1789153510,2,0,0.407,4132164
1789153510,4,0,0.346,4132164
1789153510,6,0,0.004,4132164
1789153511,4,0,0.353,4132164
1789153511,4,0,0.437,4132164
1789153512,4,0,0.427,4132164
1789153512,4,0,0.365,4132164
1789153512,3,0,0.061,4132164
1789153512,0,0,0.007,4132164
1789153515,7,0,2.806,4132164
1789153515,3,0,0.081,4132164
1789153515,3,0,0.01,4132164
1789153515,6,0,0.007,4132164
1789153515,4,0,0.317,4132164
1789153515,1,0,0.001,4132164
1789153516,5,0,1.022,4132164
1789153516,6,0,0.005,4132164
1789153517,5,0,0.33,4132164
1789153517,1,0,0.002,4132164
1789153517,0,0,0.008,4132164
1789153517,2,0,0.544,4132164
1789153517,2,0,0.001,4132164
1789153518,4,0,1.16,4132164
1789153518,2,0,0.003,4132164
1789153518,5,0,0.176,4132164
1789153519,5,0,0.189,4132164
1789153519,1,0,0.001,4132164
1789153519,4,0,0.459,4132164
1789153519,3,0,0.035,4132164
1789153520,2,0,0.498,4132164
1789153520,0,0,0.008,4132164
1789153520,5,0,0.395,4132164
1789153520,4,0,0.452,4132164
1789153520,6,0,0.005,4132164
1789153521,3,0,0.062,4132164
1789153521,4,0,0.466,4132164
1789153521,1,0,0.001,4132164
1789153522,4,0,0.561,4132164
1789153522,3,0,0.023,4132164
1789153522,6,0,0.02,4132164
1789153522,0,0,0.011,4132164
1789153522,2,0,0.002,4132164
1789153522,3,0,0.033,4132164
1789153522,2,0,0,4132164
1789153522,3,0,0.093,4132164
1789153522,3,0,0.065,4132164
1789153522,6,0,0.012,4132164
1789153522,2,0,0.341,4132164
1789153522,1,0,0.001,4132164
1789153522,3,0,0.024,4132164
1789153527,7,0,4.74,4132164
1789153527,0,0,0.01,4132164
1789153528,5,0,0.824,4132164
1789153528,4,0,0.68,4132164
1789153530,4,0,1.226,4132164
1789153530,3,0,0.001,4132164
1789153530,4,0,0.734,4132164
1789153531,4,0,0.182,4132164
1789153531,3,0,0.047,4132164
1789153531,2,0,0.309,4132164
1789153531,0,0,0.006,4132164
1789153531,0,0,0.014,4132164
1789153531,5,0,0.126,4132164
1789153531,5,0,0.155,4132164
1789153531,1,0,0.002,4132164
1789153532,4,0,0.596,4132164
1789153533,2,0,0.715,4132164
1789153533,2,0,0,4132164
1789153533,2,0,0.001,4132164
1789153533,0,0,0.005,4132164
1789153533,2,0,0.275,4132164
1789153537,5,0,3.84,4132164
1789153537,3,0,0.038,4132164
1789153538,2,0,1.399,4132164
1789153538,2,0,0.001,4132164
1789153538,4,0,0.288,4132164
1789153543,5,0,4.232,4132164
1789153543,2,0,0.002,4132164
1789153543,0,0,0.032,4132164
1789153543,2,0,0.003,4132164
1789153543,5,0,0.669,4132164
1789153543,3,0,0.011,4132164
1789153544,4,0,0.596,4132164
1789153545,2,0,1.198,4132164
1789153549,5,0,4.041,4132164
1789153549,0,0,0.005,4132164
1789153550,4,0,0.945,4132164
1789153551,2,0,0.509,4132164
1789153551,4,0,0.538,4132164
1789153551,3,0,0.008,4132164
1789153551,2,0,0.001,4132164
1789153551,6,0,0.009,4132164
1789153551,0,0,0.006,4132164
1789153551,1,0,0.001,4132164
1789153551,2,0,0.004,4132164
1789153551,3,0,0.061,4132164
1789153552,4,0,0.586,4132164
1789153552,3,0,0.014,4132164
1789153552,2,0,0.003,4132164
1789153552,1,0,0.001,4132164
1789153552,6,0,0.011,4132164
1789153552,6,0,0.013,4132164
1789153553,4,0,0.656,4132164
1789153553,2,0,0.002,4132164
1789153553,2,0,0.002,4132164
1789153553,2,0,0.486,4132164
1789153553,0,0,0.011,4132164
1789153553,3,0,0.14,4132164
1789153554,4,0,0.352,4132164
1789153554,4,0,0.579,4132164
1789153555,2,0,1.122,4132164
1789153556,4,0,0.302,4132164
1789153556,0,0,0.012,4132164
1789153556,0,0,0.002,4132164
1789153556,6,0,0.009,4132164
1789153556,6,0,0.007,4132164
1789153556,4,0,0.485,4132164
1789153556,0,0,0.003,4132164
1789153556,5,0,0.116,4132164
1789153556,5,0,0.135,4132164
1789153556,0,0,0.006,4132164
1789153556,6,0,0.007,4132164
1789153557,2,0,0.264,4132164
1789153557,3,0,0.002,4132164
1789153558,4,0,1.095,4132164
1789153558,4,0,0.65,4132164
1789153558,3,0,0.005,4132164
1789153560,2,0,1.143,4132164
1789153560,4,0,0.506,4132164
1789153560,6,0,0.015,4132164
1789153560,1,0,0.001,4132164
1789153560,3,0,0.005,4132164
1789153560,3,0,0.071,4132164
1789153560,6,0,0.008,4132164
1789153560,3,0,0.066,4132164
1789153561,4,0,0.317,4132164
1789153561,3,0,0.005,4132164
1789153561,4,0,0.409,4132164
1789153562,4,0,0.938,4132164
1789153562,0,0,0.006,4132164
1789153562,6,0,0.006,4132164
1789153562,6,0,0.006,4132164
1789153562,4,0,0.465,4132164
1789153563,7,0,0.248,4132164
1789153563,5,0,0.888,4132164
1789153563,1,0,0.001,4132164
1789153564,3,0,0.039,4132164
1789153564,0,0,0.006,4132164
1789153564,3,0,0.011,4132164
1789153564,4,0,0.439,4132164
1789153564,0,0,0.006,4132164
1789153564,4,0,0.449,4132164
1789153564,6,0,0.005,4132164
1789153569,5,0,4.488,4132164
1789153569,0,0,0.005,4132164
1789153569,2,0,0.481,4132164
1789153570,3,0,0.221,4132164
1789153572,4,0,2.543,4132164
1789153572,0,0,0.008,4132164
1789153573,4,0,0.52,4132164
1789153573,1,0,0.001,4132164
1789153573,3,0,0.086,4132164
1789153573,2,0,0.003,4132164
1789153573,1,0,0.001,4132164
1789153573,3,0,0.097,4132164
1789153573,0,0,0.043,4132164
1789153573,5,0,0.512,4132164
1789153574,4,0,0.272,4132164
1789153574,3,0,0.023,4132164
1789153574,2,0,0.002,4132164
1789153574,3,0,0.005,4132164
1789153574,0,0,0.004,4132164
1789153574,0,0,0.013,4132164
1789153574,6,0,0.008,4132164
1789153574,4,0,0.627,4132164
1789153575,4,0,0.847,4132164
1789153580,5,0,4.647,4132164
1789153581,4,0,0.618,4132164
1789153581,4,0,0.76,4132164
1789153581,6,0,0.005,4132164
1789153581,5,0,0.113,4132164
1789153581,3,0,0.071,4132164
1789153581,1,0,0.002,4132164
1789153581,3,0,0.014,4132164
1789153582,4,0,0.662,4132164
1789153582,3,0,0.004,4132164
1789153582,6,0,0.008,4132164
1789153583,7,0,0.857,4132164
1789153583,6,0,0.02,4132164
1789153583,1,0,0.002,4132164
1789153583,3,0,0.023,4132164
1789153583,3,0,0.087,4132164
1789153583,5,0,0.21,4132164
1789153583,3,0,0.007,4132164
1789153583,3,0,0.078,4132164
1789153583,0,0,0.012,4132164
1789153583,3,0,0.023,4132164
1789153584,3,0,0.032,4132164
1789153584,5,0,0.112,4132164
1789153584,4,0,0.832,4132164
1789153585,4,0,0.955,4132164
1789153585,0,0,0.008,4132164
1789153586,4,0,0.232,4132164
1789153586,0,0,0.013,4132164
1789153586,3,0,0.088,4132164
1789153586,4,0,0.534,4132164
1789153586,3,0,0.039,4132164
1789153586,6,0,0.007,4132164
1789153586,6,0,0.006,4132164
1789153592,5,0,5.218,4132164
1789153592,0,0,0.005,4132164
1789153592,4,0,0.66,4132164
1789153592,3,0,0.022,4132164
1789153592,6,0,0.009,4132164
1789153592,6,0,0.014,4132164
1789153593,4,0,0.953,4132164
1789153594,7,0,0.335,4132164
1789153594,0,0,0.013,4132164
1789153594,3,0,0.119,4132164
1789153594,0,0,0.031,4132164
1789153594,3,0,0.018,4132164
1789153594,6,0,0.016,4132164
1789153594,4,0,0.207,4132164
1789153594,3,0,0.079,4132164
1789153594,3,0,0.006,4132164
1789153594,6,0,0.005,4132164
1789153594,5,0,0.211,4132164
1789153594,2,0,0.002,4132164
1789153595,4,0,0.325,4132164
1789153595,3,0,0.066,4132164
1789153596,4,0,1.712,4132164
1789153600,5,0,3.559,4132164
1789153600,0,0,0.003,4132164
1789153600,2,0,0.001,4132164
1789153601,2,0,1.541,4132164
1789153602,4,0,0.464,4132164
1789153602,3,0,0.036,4132164
1789153602,0,0,0.003,4132164
1789153602,0,0,0.005,4132164
1789153602,4,0,0.393,4132164
1789153602,3,0,0.051,4132164
1789153602,6,0,0.008,4132164
1789153602,3,0,0.04,4132164
1789153602,6,0,0.009,4132164
1789153603,2,0,0.396,4132164
1789153603,2,0,0.002,4132164
1789153603,2,0,0.324,4132164
1789153603,3,0,0.066,4132164
1789153604,2,0,0.463,4132164
1789153604,0,0,0.006,4132164
1789153604,0,0,0.007,4132164
1789153604,0,0,0.008,4132164
1789153604,6,0,0.006,4132164
1789153605,5,0,1.047,4132164
1789153605,4,0,0.476,4132164
1789153605,0,0,0.004,4132164
1789153606,2,0,0.477,4132164
1789153606,5,0,0.092,4132164
1789153607,2,0,0.844,4132164
1789153607,3,0,0.006,4132164
1789153607,1,0,0.001,4132164
1789153607,2,0,0.792,4132164
1789153608,3,0,0.023,4132164
1789153608,1,0,0.001,4132164
1789153608,4,0,0.775,4132164
1789153609,2,0,0.514,4132164
1789153610,4,0,1.097,4132164
1789153610,2,0,0.002,4132164
1789153610,4,0,0.313,4132164
1789153611,5,0,0.692,4132164
1789153611,4,0,0.475,4132164
1789153612,5,0,0.723,4132164
1789153612,6,0,0.006,4132164
1789153612,6,0,0.012,4132164
1789153612,3,0,0.02,4132164
1789153612,3,0,0.122,4132164
1789153613,7,0,0.424,4132164
1789153613,4,0,0.546,4132164
1789153614,2,0,0.85,4132164
1789153614,2,0,0.002,4132164
1789153614,0,0,0.008,4132164
1789153615,4,0,1.363,4132164
1789153615,0,0,0.013,4132164
1789153615,2,0,0.003,4132164
1789153615,1,0,0.001,4132164
1789153616,2,0,0.725,4132164
1789153616,2,0,0.005,4132164
1789153616,3,0,0.118,4132164
1789153616,3,0,0.008,4132164
1789153617,4,0,0.851,4132164
1789153617,3,0,0.006,4132164
1789153617,3,0,0.078,4132164
1789153617,3,0,0.057,4132164
1789153617,2,0,0.004,4132164
1789153618,4,0,0.673,4132164
1789153620,2,0,1.618,4132164
1789153620,6,0,0.005,4132164
1789153620,6,0,0.012,4132164
1789153620,2,0,0.003,4132164
1789153620,2,0,0.347,4132164
1789153620,3,0,0.046,4132164
1789153620,4,0,0.361,4132164
1789153620,2,0,0.008,4132164
1789153621,4,0,0.601,4132164
1789153621,7,0,0.15,4132164
1789153621,3,0,0.102,4132164
1789153622,5,0,0.588,4132164
1789153622,0,0,0.017,4132164
1789153622,3,0,0.002,4132164
1789153622,3,0,0.026,4132164
1789153622,0,0,0.005,4132164
1789153623,4,0,0.666,4132164
1789153623,6,0,0.014,4132164
1789153623,3,0,0.008,4132164
1789153623,4,0,0.348,4132164
1789153623,6,0,0.003,4132164
1789153623,3,0,0.005,4132164
1789153623,3,0,0.095,4132164
1789153623,5,0,0.351,4132164
1789153623,5,0,0.094,4132164
1789153624,7,0,0.163,4132164
1789153624,3,0,0.07,4132164
1789153624,6,0,0.006,4132164
1789153624,5,0,0.611,4132164
1789153624,3,0,0.004,4132164
1789153625,4,0,0.764,4132164
1789153625,4,0,0.302,4132164
1789153627,4,0,1.111,4132164
1789153627,4,0,0.583,4132164
1789153627,3,0,0.1,4132164
1789153627,3,0,0.089,4132164
1789153627,3,0,0.131,4132164
1789153628,2,0,0.257,4132164
1789153628,0,0,0.01,4132164
1789153628,3,0,0.076,4132164
1789153628,3,0,0.024,4132164
1789153628,4,0,0.257,4132164
1789153628,2,0,0.004,4132164
1789153629,2,0,0.679,4132164
1789153629,6,0,0.008,4132164
1789153629,4,0,0.638,4132164
1789153630,4,0,0.214,4132164
1789153630,0,0,0.006,4132164
1789153630,4,0,0.379,4132164
1789153631,4,0,0.787,4132164
1789153631,3,0,0.025,4132164
1789153631,6,0,0.009,4132164
1789153631,4,0,0.571,4132164
1789153631,3,0,0.003,4132164
1789153631,2,0,0.003,4132164
1789153631,3,0,0.006,4132164
1789153632,2,0,0.307,4132164
1789153632,0,0,0.012,4132164
1789153632,6,0,0.008,4132164
1789153632,0,0,0.005,4132164
1789153632,5,0,0.622,4132164
1789153633,4,0,1.074,4132164
1789153634,5,0,0.311,4132164
1789153634,4,0,0.308,4132164
1789153634,3,0,0.004,4132164
1789153634,4,0,0.264,4132164
1789153634,0,0,0.009,4132164
1789153635,5,0,0.675,4132164
1789153635,6,0,0.006,4132164
1789153635,0,0,0.004,4132164
1789153635,3,0,0.064,4132164
1789153635,4,0,0.254,4132164
1789153635,6,0,0.006,4132164
1789153636,4,0,0.869,4132164
1789153636,2,0,0.003,4132164
1789153636,0,0,0.067,4132164
1789153636,0,0,0.018,4132164
1789153636,6,0,0.011,4132164
1789153636,0,0,0.003,4132164
1789153637,4,0,0.642,4132164
1789153638,4,0,1.045,4132164
1789153638,6,0,0.012,4132164
1789153638,2,0,0.003,4132164
1789153638,0,0,0.035,4132164
1789153638,3,0,0.028,4132164
1789153638,3,0,0.044,4132164
1789153639,4,0,0.815,4132164
1789153639,6,0,0.013,4132164
1789153639,3,0,0.027,4132164
1789153639,0,0,0.004,4132164
1789153639,6,0,0.006,4132164
1789153639,6,0,0.008,4132164
1789153639,3,0,0.028,4132164
1789153639,0,0,0.005,4132164
1789153640,2,0,0.875,4132164
1789153640,2,0,0.51,4132164
1789153641,4,0,0.92,4132164
1789153641,3,0,0.006,4132164
1789153641,0,0,0.006,4132164
1789153641,3,0,0.003,4132164
1789153641,5,0,0.134,4132164
1789153641,3,0,0.029,4132164
1789153642,3,0,0.034,4132164
1789153642,7,0,0.155,4132164
1789153642,0,0,0.005,4132164
1789153642,3,0,0.068,4132164
1789153642,5,0,0.096,4132164
1789153643,4,0,0.788,4132164
1789153643,0,0,0.011,4132164
1789153643,0,0,0.003,4132164
1789153643,2,0,0.001,4132164
1789153643,4,0,0.397,4132164
1789153645,4,0,2.281,4132164
1789153647,4,0,1.576,4132164
1789153647,0,0,0.012,4132164
1789153647,2,0,0.002,4132164
1789153648,4,0,0.933,4132164
1789153648,0,0,0.012,4132164
1789153648,3,0,0.009,4132164
1789153648,2,0,0.002,4132164
1789153648,6,0,0.027,4132164
1789153648,0,0,0.017,4132164
1789153648,3,0,0.062,4132164
1789153648,3,0,0.011,4132164
1789153648,3,0,0.006,4132164
1789153648,5,0,0.094,4132164
1789153650,4,0,1.633,4132164
1789153651,4,0,1.259,4132164
1789153655,7,0,4.037,4132164
1789153655,3,0,0.045,4132164
1789153655,1,0,0.002,4132164
1789153655,5,0,0.141,4132164
1789153655,0,0,0.016,4132164
1789153656,4,0,0.589,4132164
1789153656,6,0,0.028,4132164
1789153656,2,0,0.653,4132164
1789153656,6,0,0.007,4132164
1789153657,5,0,0.283,4132164
1789153657,0,0,0.005,4132164
1789153658,2,0,1.393,4132164
1789153658,6,0,0.011,4132164
1789153659,4,0,0.356,4132164
1789153659,4,0,0.407,4132164
1789153659,4,0,0.392,4132164
1789153660,4,0,0.294,4132164
1789153660,3,0,0.077,4132164
1789153660,0,0,0.01,4132164
1789153660,3,0,0.142,4132164
1789153660,2,0,0.003,4132164
1789153660,0,0,0.003,4132164
1789153660,3,0,0.004,4132164
1789153663,5,0,3.019,4132164
1789153664,2,0,1.185,4132164
1789153664,3,0,0.033,4132164
1789153664,0,0,0.007,4132164
1789153665,4,0,1.036,4132164
1789153665,0,0,0.003,4132164
1789153665,3,0,0.009,4132164
1789153666,2,0,1.24,4132164
1789153666,3,0,0.003,4132164
1789153666,0,0,0.009,4132164
1789153667,2,0,0.279,4132164
1789153667,1,0,0.001,4132164
1789153667,0,0,0.002,4132164
1789153667,6,0,0.004,4132164
1789153667,0,0,0.005,4132164
1789153667,3,0,0.047,4132164
1789153667,2,0,0.693,4132164
1789153667,0,0,0.01,4132164
1789153667,3,0,0.003,4132164
1789153667,6,0,0.009,4132164
1789153668,3,0,0.059,4132164
1789153668,6,0,0.009,4132164
1789153668,7,0,0.175,4132164
1789153669,5,0,0.915,4132164
1789153669,4,0,0.405,4132164
1789153669,1,0,0.001,4132164
1789153670,4,0,0.676,4132164
1789153670,6,0,0.008,4132164
1789153670,0,0,0.006,4132164
1789153670,1,0,0,4132164
1789153671,4,0,0.882,4132164
1789153671,5,0,0.164,4132164
1789153674,5,0,3.518,4132164
1789153674,3,0,0.065,4132164
1789153675,5,0,0.845,4132164
1789153675,6,0,0.006,4132164
1789153676,4,0,0.475,4132164
1789153676,3,0,0.16,4132164
1789153676,5,0,0.148,4132164
1789153676,3,0,0.01,4132164
1789153676,0,0,0.012,4132164
1789153677,2,0,0.868,4132164
1789153678,4,0,0.797,4132164
1789153678,0,0,0.005,4132164
1789153678,0,0,0.006,4132164
1789153678,4,0,0.313,4132164
1789153678,3,0,0.067,4132164
1789153678,1,0,0.001,4132164
1789153682,5,0,4.163,4132164
1789153682,1,0,0.001,4132164
1789153683,4,0,0.6,4132164
1789153683,6,0,0.004,4132164
1789153683,6,0,0.005,4132164
1789153683,3,0,0.035,4132164
1789153685,4,0,1.695,4132164
1789153685,1,0,0.001,4132164
1789153685,6,0,0.004,4132164
1789153685,6,0,0.004,4132164
1789153685,2,0,0.002,4132164
1789153685,4,0,0.44,4132164
1789153685,1,0,0.001,4132164
1789153685,6,0,0.011,4132164
1789153686,5,0,1.073,4132164
1789153688,4,0,1.465,4132164
1789153688,6,0,0.016,4132164
1789153688,0,0,0.004,4132164
1789153688,2,0,0.491,4132164
1789153688,3,0,0.04,4132164
1789153688,0,0,0.012,4132164
1789153689,7,0,0.521,4132164
1789153689,3,0,0.012,4132164
1789153692,5,0,3.236,4132164
1789153693,4,0,0.68,4132164
1789153693,3,0,0.074,4132164
1789153693,3,0,0.101,4132164
1789153693,1,0,0.001,4132164
1789153693,3,0,0.005,4132164
1789153693,3,0,0.097,4132164
1789153693,0,0,0.011,4132164
1789153693,0,0,0.049,4132164
1789153693,4,0,0.471,4132164
1789153694,4,0,0.343,4132164
1789153694,3,0,0.051,4132164
1789153694,3,0,0.048,4132164
1789153695,4,0,0.835,4132164
1789153695,2,0,0.53,4132164
1789153695,3,0,0.157,4132164
1789153696,2,0,1.082,4132164
1789153696,0,0,0.007,4132164
1789153696,0,0,0.006,4132164
1789153696,2,0,0.003,4132164
1789153696,0,0,0.006,4132164
1789153697,4,0,0.286,4132164
1789153697,0,0,0.005,4132164
1789153697,0,0,0.005,4132164
1789153697,6,0,0.005,4132164
1789153697,4,0,0.653,4132164
1789153698,5,0,0.175,4132164
1789153698,3,0,0.161,4132164
1789153698,3,0,0.071,4132164
1789153698,1,0,0.001,4132164
1789153698,4,0,0.668,4132164
1789153698,2,0,0.002,4132164
1789153699,4,0,0.51,4132164
1789153699,0,0,0.006,4132164
1789153700,7,0,1.27,4132164
1789153700,6,0,0.009,4132164
1789153701,4,0,0.533,4132164
1789153701,0,0,0.02,4132164
1789153701,4,0,0.472,4132164
1789153701,3,0,0.016,4132164
1789153701,3,0,0.143,4132164
1789153701,1,0,0.001,4132164
1789153702,7,0,0.744,4132164
1789153707,5,0,5.231,4132164
1789153707,3,0,0.005,4132164
1789153707,6,0,0.005,4132164
1789153707,0,0,0.006,4132164
1789153707,0,0,0.01,4132164
1789153707,6,0,0.008,4132164
1789153707,0,0,0.009,4132164
1789153708,3,0,0.04,4132164
1789153708,3,0,0.066,4132164
1789153708,1,0,0.002,4132164
1789153708,2,0,0.611,4132164
1789153708,6,0,0.009,4132164
1789153708,1,0,0.001,4132164
1789153708,0,0,0.003,4132164
1789153708,5,0,0.112,4132164
1789153709,4,0,0.559,4132164
1789153709,2,0,0.002,4132164
1789153709,0,0,0.008,4132164
1789153709,3,0,0.055,4132164
1789153709,3,0,0.001,4132164
1789153709,0,0,0.005,4132164
1789153709,4,0,0.496,4132164
1789153710,4,0,0.308,4132164
1789153711,4,0,1.016,4132164
1789153711,0,0,0.006,4132164
1789153711,4,0,0.352,4132164
1789153716,5,0,5.018,4132164
1789153717,2,0,0.453,4132164
1789153717,4,0,0.617,4132164
1789153718,4,0,0.38,4132164
1789153718,6,0,0.007,4132164
1789153718,4,0,0.378,4132164
1789153719,4,0,0.537,4132164
1789153719,1,0,0.002,4132164
1789153719,6,0,0.005,4132164
1789153722,7,0,3.848,4132164
1789153723,2,0,0.519,4132164
1789153723,3,0,0.024,4132164
1789153723,5,0,0.2,4132164
1789153723,2,0,0.001,4132164
1789153723,2,0,0.002,4132164
1789153723,5,0,0.306,4132164
1789153724,3,0,0.046,4132164
1789153724,4,0,0.47,4132164
1789153724,3,0,0.029,4132164
1789153724,2,0,0.443,4132164
1789153726,2,0,1.239,4132164
1789153726,6,0,0.009,4132164
1789153726,3,0,0.011,4132164
1789153727,4,0,1.139,4132164
1789153727,3,0,0.019,4132164
1789153727,6,0,0.005,4132164
1789153727,0,0,0.012,4132164
1789153727,3,0,0.004,4132164
1789153727,0,0,0.008,4132164
1789153727,3,0,0.08,4132164
1789153727,0,0,0.007,4132164
1789153728,5,0,0.901,4132164
1789153728,5,0,0.104,4132164
1789153729,4,0,1,4132164
1789153729,4,0,0.383,4132164
1789153730,5,0,0.223,4132164
1789153730,0,0,0.006,4132164
1789153730,3,0,0.216,4132164
1789153730,2,0,0.338,4132164
1789153730,2,0,0,4132164
1789153732,4,0,1.686,4132164
1789153732,3,0,0.048,4132164
1789153732,4,0,0.485,4132164
1789153732,0,0,0.008,4132164
1789153733,4,0,0.456,4132164
1789153733,6,0,0.007,4132164
1789153735,2,0,2.243,4132164
1789153735,3,0,0.061,4132164
1789153735,2,0,0.001,4132164
1789153736,2,0,0.547,4132164
1789153736,4,0,0.771,4132164
1789153737,4,0,1.008,4132164
1789153737,6,0,0.007,4132164
1789153738,3,0,0.042,4132164
1789153738,3,0,0.11,4132164
1789153738,4,0,0.464,4132164
1789153739,5,0,0.525,4132164
1789153739,4,0,0.609,4132164
1789153741,4,0,1.752,4132164
1789153741,1,0,0.001,4132164
1789153741,6,0,0.013,4132164
1789153741,2,0,0.463,4132164
1789153741,6,0,0.009,4132164
1789153741,0,0,0.003,4132164
1789153742,4,0,0.513,4132164
1789153742,0,0,0.009,4132164
1789153742,3,0,0.004,4132164
1789153742,3,0,0.008,4132164
1789153742,3,0,0.008,4132164
1789153742,6,0,0.006,4132164
1789153742,5,0,0.136,4132164
1789153742,2,0,0.002,4132164
1789153743,4,0,1.057,4132164
1789153743,3,0,0.068,4132164
1789153743,0,0,0.008,4132164
1789153743,3,0,0.055,4132164
1789153743,0,0,0.007,4132164
1789153743,2,0,0.002,4132164
1789153744,4,0,0.901,4132164
1789153744,5,0,0.115,4132164
1789153744,1,0,0.001,4132164
1789153744,0,0,0.006,4132164
1789153745,4,0,0.304,4132164
1789153745,7,0,0.145,4132164
1789153745,3,0,0.097,4132164
1789153745,0,0,0.009,4132164
1789153745,2,0,0.537,4132164
1789153745,2,0,0.003,4132164
1789153745,6,0,0.006,4132164
1789153746,3,0,0.039,4132164
1789153746,3,0,0.05,4132164
1789153746,6,0,0.004,4132164
1789153746,4,0,0.272,4132164
1789153746,3,0,0.008,4132164
1789153746,2,0,0.004,4132164
1789153746,0,0,0.008,4132164
1789153746,3,0,0.007,4132164
1789153747,4,0,0.74,4132164
1789153747,3,0,0.087,4132164
1789153747,2,0,0.509,4132164
1789153752,5,0,4.615,4132164
1789153752,0,0,0.014,4132164
1789153752,0,0,0.019,4132164
1789153752,3,0,0.005,4132164
1789153752,6,0,0.012,4132164
1789153757,5,0,5.335,4132164
1789153757,3,0,0.074,4132164
1789153757,5,0,0.144,4132164
1789153758,2,0,0.447,4132164
1789153758,3,0,0.045,4132164
1789153758,0,0,0.025,4132164
1789153758,2,0,0.003,4132164
1789153760,4,0,1.582,4132164
1789153760,6,0,0.009,4132164
1789153760,0,0,0.003,4132164
1789153760,3,0,0.009,4132164
1789153760,4,0,0.514,4132164
1789153760,0,0,0.004,4132164
1789153760,6,0,0.005,4132164
1789153760,0,0,0.003,4132164
1789153761,5,0,0.74,4132164
1789153761,4,0,0.468,4132164
1789153761,0,0,0.008,4132164
1789153762,4,0,0.54,4132164
1789153762,4,0,0.02,4132164
1789153762,4,0,0.212,4132164
1789153763,4,0,0.748,4132164
1789153763,3,0,0.01,4132164
1789153763,6,0,0.008,4132164
1789153763,1,0,0.002,4132164
1789153763,3,0,0.136,4132164
1789153763,2,0,0.001,4132164
1789153763,6,0,0.016,4132164
1789153763,6,0,0.005,4132164
1789153763,0,0,0.014,4132164
1789153768,5,0,5.361,4132164
1789153768,0,0,0.01,4132164
1789153768,3,0,0.001,4132164
1789153769,4,0,0.515,4132164
1789153769,6,0,0.005,4132164
1789153769,2,0,0.002,4132164
1789153769,4,0,0.202,4132164
1789153770,5,0,0.591,4132164
1789153770,5,0,0.483,4132164
1789153770,2,0,0.001,4132164
1789153771,4,0,0.349,4132164
1789153771,4,0,0.736,4132164
1789153772,4,0,0.683,4132164
1789153772,3,0,0.026,4132164
1789153772,4,0,0.401,4132164
1789153772,3,0,0.058,4132164
1789153772,0,0,0.003,4132164
1789153772,0,0,0.003,4132164
1789153772,2,0,0.002,4132164
1789153773,4,0,0.274,4132164
1789153773,2,0,0.482,4132164
1789153773,5,0,0.187,4132164
1789153773,3,0,0.052,4132164
1789153774,3,0,0.12,4132164
1789153775,4,0,1.024,4132164
1789153775,0,0,0.003,4132164
1789153775,4,0,0.727,4132164
1789153775,0,0,0.004,4132164
1789153775,6,0,0.008,4132164
1789153775,1,0,0.001,4132164
1789153775,0,0,0.008,4132164
1789153775,3,0,0.005,4132164
1789153775,6,0,0.012,4132164
1789153775,3,0,0.063,4132164
1789153775,1,0,0.001,4132164
1789153775,1,0,0.001,4132164
1789153775,3,0,0.004,4132164
1789153776,4,0,0.36,4132164
1789153776,6,0,0.006,4132164
1789153776,3,0,0.085,4132164
1789153776,4,0,0.377,4132164
1789153776,0,0,0.004,4132164
1789153776,3,0,0.068,4132164
1789153776,1,0,0.001,4132164
1789153776,0,0,0.004,4132164
1789153777,2,0,0.569,4132164
1789153778,2,0,0.936,4132164
1789153778,5,0,0.386,4132164
1789153779,2,0,0.536,4132164
1789153780,4,0,0.929,4132164
1789153780,6,0,0.006,4132164
1789153780,5,0,0.448,4132164
1789153780,0,0,0.004,4132164
1789153780,6,0,0.005,4132164
1789153781,4,0,0.439,4132164
1789153781,5,0,0.513,4132164
1789153781,6,0,0.007,4132164
1789153781,3,0,0.033,4132164
1789153781,2,0,0.003,4132164
1789153782,7,0,0.676,4132164
1789153782,1,0,0.001,4132164
1789153782,2,0,0.373,4132164
1789153782,1,0,0.001,4132164
1789153782,3,0,0.08,4132164
1789153783,4,0,0.578,4132164
1789153783,2,0,0.361,4132164
1789153783,5,0,0.181,4132164
1789153784,2,0,0.463,4132164
1789153785,7,0,0.997,4132164
1789153785,0,0,0.006,4132164
1789153785,2,0,0.003,4132164
1789153785,6,0,0.007,4132164
1789153785,2,0,0.413,4132164
1789153785,2,0,0,4132164
1789153785,6,0,0.003,4132164
1789153786,4,0,0.45,4132164
1789153786,4,0,0.571,4132164
1789153786,0,0,0.012,4132164
1789153786,3,0,0.028,4132164
1789153786,0,0,0.005,4132164
1789153787,4,0,0.77,4132164
1789153787,2,0,0.001,4132164
1789153788,4,0,0.633,4132164
1789153788,0,0,0.009,4132164
1789153788,3,0,0.06,4132164
1789153788,7,0,0.159,4132164
1789153788,4,0,0.409,4132164
1789153788,1,0,0.001,4132164
1789153788,6,0,0.049,4132164
1789153788,2,0,0.004,4132164
1789153789,4,0,0.835,4132164
1789153789,3,0,0.132,4132164
1789153789,6,0,0.005,4132164
1789153789,6,0,0.007,4132164
1789153790,2,0,0.708,4132164
1789153791,4,0,0.882,4132164
1789153791,2,0,0.002,4132164
1789153791,1,0,0.001,4132164
1789153791,3,0,0.014,4132164
1789153791,3,0,0.124,4132164
1789153791,6,0,0.006,4132164
1789153792,5,0,0.471,4132164
1789153792,0,0,0.014,4132164
1789153792,3,0,0.02,4132164
1789153792,2,0,0.003,4132164
1789153792,2,0,0.002,4132164
1789153792,0,0,0.033,4132164
1789153792,3,0,0.123,4132164
1789153792,3,0,0.027,4132164
1789153792,0,0,0.014,4132164
1789153792,4,0,0.459,4132164
1789153793,4,0,0.838,4132164
1789153793,6,0,0.004,4132164
1789153793,0,0,0.006,4132164
1789153793,3,0,0.032,4132164
1789153793,7,0,0.286,4132164
1789153794,0,0,0.004,4132164
1789153794,3,0,0.032,4132164
1789153794,1,0,0.001,4132164
1789153794,5,0,0.638,4132164
1789153794,0,0,0.009,4132164
1789153797,5,0,2.747,4132164
1789153797,2,0,0.001,4132164
1789153800,5,0,3.384,4132164
1789153800,1,0,0.001,4132164
1789153800,3,0,0.006,4132164
1789153800,3,0,0.154,4132164
1789153800,0,0,0.016,4132164
1789153800,0,0,0.01,4132164
1789153801,3,0,0.074,4132164
1789153801,3,0,0.045,4132164
1789153801,6,0,0.029,4132164
1789153802,4,0,0.895,4132164
1789153802,0,0,0.005,4132164
1789153802,0,0,0.007,4132164
1789153802,2,0,0.676,4132164
1789153802,3,0,0.098,4132164
1789153803,4,0,0.521,4132164
1789153804,4,0,0.874,4132164
1789153804,2,0,0.001,4132164
1789153804,5,0,0.121,4132164
1789153804,4,0,0.505,4132164
1789153805,4,0,0.55,4132164
1789153805,6,0,0.011,4132164
1789153806,7,0,0.7,4132164
1789153806,4,0,0.377,4132164
1789153806,3,0,0.05,4132164
1789153806,3,0,0.056,4132164
1789153806,3,0,0.019,4132164
1789153806,3,0,0.097,4132164
1789153807,4,0,0.399,4132164
1789153807,3,0,0.041,4132164
1789153807,3,0,0.056,4132164
1789153808,4,0,1.116,4132164
1789153808,0,0,0.011,4132164
1789153809,2,0,0.857,4132164
1789153809,4,0,0.517,4132164
1789153809,0,0,0.004,4132164
1789153809,3,0,0.079,4132164
1789153809,0,0,0.009,4132164
1789153811,4,0,1.399,4132164
1789153811,4,0,0.26,4132164
1789153811,0,0,0.013,4132164
1789153812,7,0,0.781,4132164
1789153812,0,0,0.016,4132164
1789153812,5,0,0.108,4132164
1789153812,0,0,0.006,4132164
1789153812,0,0,0.006,4132164
1789153812,6,0,0.006,4132164
1789153812,4,0,0.504,4132164
1789153812,3,0,0.049,4132164
1789153813,4,0,0.466,4132164
1789153813,6,0,0.008,4132164
1789153813,0,0,0.004,4132164
1789153813,6,0,0.004,4132164
1789153817,7,0,4.157,4132164
1789153818,5,0,0.904,4132164
1789153818,0,0,0.011,4132164
1789153819,4,0,0.643,4132164
1789153819,4,0,0.613,4132164
1789153819,1,0,0.001,4132164
1789153819,6,0,0.006,4132164
1789153819,0,0,0.064,4132164
1789153819,2,0,0.008,4132164
1789153819,1,0,0.001,4132164
1789153820,4,0,0.473,4132164
1789153820,6,0,0.006,4132164
1789153824,5,0,4.501,4132164
1789153824,6,0,0.007,4132164
1789153824,3,0,0.028,4132164
1789153824,3,0,0.003,4132164
1789153824,6,0,0.004,4132164
1789153825,2,0,1.01,4132164
1789153825,0,0,0.005,4132164
1789153825,0,0,0.004,4132164
1789153826,4,0,0.835,4132164
1789153826,3,0,0.006,4132164
1789153827,2,0,0.493,4132164
1789153827,4,0,0.394,4132164
1789153828,2,0,0.754,4132164
1789153828,1,0,0.002,4132164
1789153828,0,0,0.007,4132164
1789153828,4,0,0.447,4132164
1789153829,2,0,0.846,4132164
1789153829,4,0,0.246,4132164
1789153830,5,0,0.29,4132164
1789153830,3,0,0.055,4132164
1789153830,3,0,0.016,4132164
1789153830,0,0,0.004,4132164
1789153831,4,0,1.081,4132164
1789153831,4,0,0.5,4132164
1789153831,2,0,0.016,4132164
1789153831,3,0,0.009,4132164
1789153831,0,0,0.009,4132164
1789153831,0,0,0.006,4132164
1789153831,1,0,0.001,4132164
1789153832,2,0,0.602,4132164
1789153832,4,0,0.35,4132164
1789153832,2,0,0.001,4132164
1789153832,2,0,0.003,4132164
1789153833,2,0,0.403,4132164
1789153833,3,0,0.013,4132164
1789153833,6,0,0.007,4132164
1789153833,3,0,0.054,4132164
1789153833,3,0,0.007,4132164
1789153833,3,0,0.053,4132164
1789153833,3,0,0.024,4132164
1789153833,3,0,0.032,4132164
1789153833,5,0,0.191,4132164
1789153833,0,0,0.025,4132164
1789153833,6,0,0.024,4132164
1789153833,6,0,0.016,4132164
1789153833,0,0,0.01,4132164
1789153833,0,0,0.009,4132164
1789153833,0,0,0.006,4132164
1789153833,6,0,0.004,4132164
1789153834,4,0,0.617,4132164
1789153834,2,0,0.004,4132164
1789153834,4,0,0.613,4132164
1789153834,0,0,0.009,4132164
1789153834,0,0,0.004,4132164
1789153835,3,0,0.016,4132164
1789153835,6,0,0.005,4132164
1789153835,4,0,0.386,4132164
1789153836,4,0,0.703,4132164
1789153836,3,0,0.059,4132164
1789153836,0,0,0.015,4132164
1789153837,2,0,0.908,4132164
1789153837,5,0,0.123,4132164
1789153837,1,0,0.001,4132164
1789153837,4,0,0.511,4132164
1789153838,4,0,0.34,4132164
1789153838,6,0,0.009,4132164
1789153838,4,0,0.513,4132164
1789153839,5,0,0.737,4132164
1789153840,5,0,0.954,4132164
1789153840,4,0,0.57,4132164
1789153840,3,0,0.004,4132164
1789153840,3,0,0.007,4132164
1789153840,3,0,0.003,4132164
1789153841,4,0,0.294,4132164
1789153841,1,0,0.001,4132164
1789153841,1,0,0.001,4132164
1789153841,4,0,0.466,4132164
1789153841,0,0,0.005,4132164
1789153841,5,0,0.104,4132164
1789153841,2,0,0.003,4132164
1789153842,5,0,0.623,4132164
1789153842,2,0,0.003,4132164
1789153842,3,0,0.002,4132164
1789153842,0,0,0.01,4132164
1789153842,2,0,0.526,4132164
1789153842,0,0,0.01,4132164
1789153843,5,0,1.055,4132164
1789153844,4,0,0.623,4132164
1789153844,0,0,0.005,4132164
1789153844,2,0,0.402,4132164
1789153845,3,0,0.076,4132164
1789153845,4,0,0.757,4132164
1789153846,4,0,0.833,4132164
1789153846,3,0,0.051,4132164
1789153847,4,0,0.319,4132164
1789153847,3,0,0.083,4132164
1789153847,4,0,0.516,4132164
1789153847,5,0,0.375,4132164
1789153848,6,0,0.008,4132164
1789153848,6,0,0.007,4132164
1789153848,4,0,0.54,4132164
1789153849,4,0,0.526,4132164
1789153849,6,0,0.003,4132164
1789153849,3,0,0.145,4132164
1789153849,4,0,0.405,4132164
1789153849,3,0,0.056,4132164
1789153850,4,0,0.393,4132164
1789153850,0,0,0.014,4132164
1789153850,4,0,0.683,4132164
1789153854,5,0,4.03,4132164
1789153855,5,0,0.505,4132164
1789153855,3,0,0.043,4132164
1789153855,0,0,0.004,4132164
1789153855,2,0,0.003,4132164
1789153855,6,0,0.012,4132164
1789153855,3,0,0.013,4132164
1789153855,2,0,0.009,4132164
1789153855,3,0,0.071,4132164
1789153855,1,0,0.001,4132164
1789153855,0,0,0.011,4132164
1789153855,0,0,0.01,4132164
1789153855,6,0,0.005,4132164
1789153855,3,0,0.041,4132164
1789153856,4,0,1.317,4132164
1789153856,6,0,0.013,4132164
1789153856,0,0,0.008,4132164
1789153856,3,0,0.006,4132164
1789153856,0,0,0.013,4132164
1789153857,3,0,0.128,4132164
1789153857,6,0,0.006,4132164
1789153857,0,0,0.005,4132164
1789153857,3,0,0.069,4132164
1789153857,4,0,0.444,4132164
1789153857,0,0,0.023,4132164
1789153857,6,0,0.005,4132164
1789153857,3,0,0.136,4132164
1789153858,4,0,0.649,4132164
1789153858,2,0,0.001,4132164
1789153859,4,0,1.172,4132164
1789153859,2,0,0.003,4132164
1789153860,4,0,0.585,4132164
1789153861,4,0,1.804,4132164
1789153862,2,0,0.915,4132164
1789153862,0,0,0.006,4132164
1789153862,5,0,0.13,4132164
1789153862,3,0,0.008,4132164
1789153862,0,0,0.005,4132164
1789153863,5,0,0.091,4132164
1789153863,1,0,0.001,4132164
1789153863,0,0,0.009,4132164
1789153863,2,0,0.627,4132164
1789153863,6,0,0.006,4132164
1789153863,3,0,0.064,4132164
1789153863,3,0,0.032,4132164
1789153863,3,0,0.027,4132164
1789153863,0,0,0.012,4132164
1789153863,1,0,0.001,4132164
1789153863,3,0,0.033,4132164
1789153864,4,0,0.753,4132164
1789153864,1,0,0.002,4132164
1789153865,2,0,0.844,4132164
1789153865,0,0,0.014,4132164
1789153865,4,0,0.476,4132164
1789153866,5,0,0.147,4132164
1789153866,6,0,0.011,4132164
1789153866,2,0,0.002,4132164
1789153866,4,0,0.519,4132164
1789153866,6,0,0.005,4132164
1789153866,3,0,0.064,4132164
1789153866,2,0,0.003,4132164
1789153866,3,0,0.051,4132164
1789153867,2,0,1.085,4132164
1789153867,1,0,0.001,4132164
1789153867,2,0,0.004,4132164
1789153871,7,0,3.724,4132164
1789153871,6,0,0.006,4132164
1789153871,2,0,0.002,4132164
1789153872,4,0,0.718,4132164
1789153872,3,0,0.083,4132164
1789153872,0,0,0.012,4132164
1789153872,6,0,0.004,4132164
1789153875,5,0,3.529,4132164
1789153876,3,0,0.085,4132164
1789153876,2,0,0.003,4132164
1789153876,3,0,0.062,4132164
1789153877,2,0,1.04,4132164
1789153877,3,0,0.07,4132164
1789153877,4,0,0.585,4132164
1789153882,7,0,4.276,4132164
1789153882,6,0,0.004,4132164
1789153882,0,0,0.007,4132164
1789153882,0,0,0.005,4132164
1789153882,4,0,0.626,4132164
1789153883,2,0,0.587,4132164
1789153887,5,0,4.243,4132164
1789153887,3,0,0.005,4132164
1789153887,3,0,0.004,4132164
1789153889,4,0,1.78,4132164
1789153889,4,0,0.648,4132164
1789153891,2,0,1.315,4132164
1789153891,3,0,0.123,4132164
1789153892,4,0,1.296,4132164
1789153893,2,0,1.033,4132164
1789153894,4,0,0.626,4132164
1789153894,3,0,0.041,4132164
1789153895,4,0,1.096,4132164
1789153895,4,0,0.247,4132164
1789153899,5,0,3.895,4132164
1789153899,0,0,0.013,4132164
1789153899,3,0,0.113,4132164
1789153900,4,0,0.342,4132164
1789153900,3,0,0.051,4132164
1789153901,4,0,1.131,4132164
1789153901,2,0,0.003,4132164
1789153901,3,0,0.168,4132164
1789153902,5,0,1.102,4132164
1789153906,7,0,3.916,4132164
1789153906,3,0,0.024,4132164
1789153907,4,0,0.783,4132164
1789153907,2,0,0.006,4132164
1789153907,4,0,0.396,4132164
1789153907,3,0,0.016,4132164
1789153907,6,0,0.008,4132164
1789153907,3,0,0.026,4132164
1789153911,5,0,3.401,4132164
1789153911,2,0,0.002,4132164
1789153915,5,0,4.823,4132164
1789153915,1,0,0.003,4132164
1789153915,2,0,0,4132164
1789153916,4,0,0.376,4132164
1789153916,4,0,0.25,4132164
1789153916,5,0,0.103,4132164
1789153921,5,0,4.743,4132164
1789153921,3,0,0.059,4132164
1789153923,5,0,1.788,4132164
1789153923,2,0,0.458,4132164
1789153924,4,0,1.02,4132164
1789153924,7,0,0.181,4132164
1789153925,3,0,0.032,4132164
1789153925,2,0,0.003,4132164
1789153925,2,0,0.001,4132164
1789153925,3,0,0.099,4132164
1789153925,1,0,0.001,4132164
1789153925,0,0,0.013,4132164
1789153925,2,0,0.65,4132164
1789153926,2,0,0.68,4132164
1789153926,4,0,0.172,4132164
1789153926,3,0,0.069,4132164
1789153927,4,0,0.67,4132164
1789153927,0,0,0.063,4132164
1789153927,0,0,0.006,4132164
1789153927,2,0,0.001,4132164
1789153927,0,0,0.004,4132164
1789153927,3,0,0.005,4132164
1789153927,3,0,0.018,4132164
1789153927,5,0,0.112,4132164
1789153927,5,0,0.302,4132164
1789153927,0,0,0.006,4132164
1789153927,0,0,0.003,4132164
1789153927,3,0,0.08,4132164
1789153928,3,0,0.078,4132164
1789153928,0,0,0.012,4132164
1789153928,0,0,0.003,4132164
1789153928,6,0,0.004,4132164
1789153928,6,0,0.005,4132164
1789153928,2,0,0.004,4132164
1789153928,4,0,0.328,4132164
1789153928,6,0,0.006,4132164
1789153928,4,0,0.493,4132164
1789153928,6,0,0.011,4132164
1789153929,4,0,0.817,4132164
1789153929,3,0,0.065,4132164
1789153931,4,0,1.916,4132164
1789153931,2,0,0.004,4132164
1789153931,2,0,0.001,4132164
1789153932,4,0,0.916,4132164
1789153936,5,0,3.633,4132164
1789153936,3,0,0.007,4132164
1789153936,0,0,0.018,4132164
1789153936,4,0,0.369,4132164
1789153936,3,0,0.007,4132164
1789153936,3,0,0.077,4132164
1789153936,6,0,0.014,4132164
1789153936,6,0,0.004,4132164
1789153936,3,0,0.141,4132164
1789153938,4,0,1.291,4132164
1789153938,3,0,0.118,4132164
1789153939,2,0,0.831,4132164
1789153939,4,0,0.349,4132164
1789153939,6,0,0.007,4132164
1789153939,6,0,0.009,4132164
1789153940,4,0,1.012,4132164
1789153941,4,0,0.671,4132164
1789153941,0,0,0.006,4132164
1789153941,4,0,0.715,4132164
1789153942,5,0,0.907,4132164
1789153942,3,0,0.044,4132164
1789153942,0,0,0.004,4132164
1789153943,2,0,0.667,4132164
1789153943,3,0,0.005,4132164
1789153943,6,0,0.005,4132164
1789153943,2,0,0.001,4132164
1789153943,4,0,0.331,4132164
1789153943,0,0,0.01,4132164
1789153943,2,0,0.003,4132164
1789153943,0,0,0.005,4132164
1789153945,4,0,1.342,4132164
1789153945,4,0,0.248,4132164
1789153945,6,0,0.006,4132164
1789153946,4,0,0.659,4132164
1789153946,6,0,0.015,4132164
1789153946,0,0,0.01,4132164
1789153946,2,0,0.001,4132164
1789153949,5,0,3.662,4132164
1789153949,3,0,0.077,4132164
1789153950,4,0,0.622,4132164
1789153950,4,0,0.42,4132164
1789153950,6,0,0.01,4132164
1789153950,0,0,0.005,4132164
1789153952,4,0,1.086,4132164
1789153953,5,0,1.421,4132164
1789153953,6,0,0.007,4132164
1789153953,5,0,0.486,4132164
1789153953,2,0,0.003,4132164
1789153953,3,0,0.006,4132164
1789153953,0,0,0.005,4132164
1789153953,0,0,0.01,4132164
1789153954,1,0,0.002,4132164
1789153954,2,0,0.347,4132164
1789153954,1,0,0.001,4132164
1789153954,5,0,0.255,4132164
1789153954,1,0,0.001,4132164
1789153954,6,0,0.008,4132164
1789153954,6,0,0.013,4132164
1789153955,5,0,0.742,4132164
1789153955,4,0,0.414,4132164
1789153956,4,0,0.853,4132164
1789153956,3,0,0.006,4132164
1789153956,3,0,0.005,4132164
1789153956,3,0,0.018,4132164
1789153957,4,0,0.378,4132164
1789153958,4,0,1.395,4132164
1789153958,3,0,0.154,4132164
1789153958,3,0,0.002,4132164
1789153958,6,0,0.006,4132164
1789153958,3,0,0.071,4132164
1789153958,4,0,0.291,4132164
1789153958,2,0,0.003,4132164
1789153959,4,0,0.388,4132164
1789153959,6,0,0.01,4132164
1789153959,0,0,0.005,4132164
1789153959,2,0,0.001,4132164
1789153959,0,0,0.008,4132164
1789153959,1,0,0.001,4132164
1789153959,3,0,0.046,4132164
1789153960,5,0,1.274,4132164
1789153960,6,0,0.014,4132164
1789153961,2,0,1.124,4132164
1789153961,2,0,0.002,4132164
1789153961,2,0,0.002,4132164
1789153962,5,0,0.553,4132164
1789153962,1,0,0.001,4132164
1789153962,3,0,0.003,4132164
1789153962,0,0,0.017,4132164
1789153968,5,0,5.697,4132164
1789153968,3,0,0.006,4132164
1789153968,2,0,0.004,4132164
1789153968,3,0,0.073,4132164
1789153968,2,0,0.608,4132164
1789153968,1,0,0.001,4132164
1789153972,5,0,4.107,4132164
1789153972,3,0,0.005,4132164
1789153972,6,0,0.004,4132164
1789153972,6,0,0.003,4132164
1789153972,3,0,0.003,4132164
1789153973,4,0,0.372,4132164
1789153973,1,0,0.001,4132164
1789153973,0,0,0.006,4132164
1789153973,4,0,0.539,4132164
1789153973,0,0,0.006,4132164
1789153973,6,0,0.014,4132164
1789153974,4,0,0.993,4132164
1789153974,6,0,0.006,4132164
1789153975,2,0,0.336,4132164
1789153975,3,0,0.055,4132164
1789153978,5,0,3.734,4132164
1789153983,5,0,4.228,4132164
1789153984,4,0,1.028,4132164
1789153984,6,0,0.005,4132164
1789153984,0,0,0.012,4132164
1789153986,4,0,2.013,4132164
1789153986,6,0,0.006,4132164
1789153986,6,0,0.007,4132164
1789153986,5,0,0.251,4132164
1789153987,5,0,1.067,4132164
1789153987,0,0,0.003,4132164
1789153987,0,0,0.014,4132164
1789153987,6,0,0.007,4132164
1789153988,5,0,0.87,4132164
1789153988,2,0,0.003,4132164
1789153988,6,0,0.01,4132164
1789153988,0,0,0.007,4132164
1789153988,2,0,0.002,4132164
1789153989,4,0,0.765,4132164
1789153989,6,0,0.019,4132164
1789153989,1,0,0.001,4132164
1789153989,4,0,0.384,4132164
1789153989,0,0,0.006,4132164
1789153989,1,0,0.001,4132164
1789153989,0,0,0.017,4132164
1789153990,4,0,0.772,4132164
1789153990,3,0,0.007,4132164
1789153990,6,0,0.007,4132164
1789153990,6,0,0.007,4132164
1789153990,4,0,0.387,4132164
1789153990,3,0,0.009,4132164
1789153990,3,0,0.077,4132164
1789153991,3,0,0.075,4132164
1789153991,5,0,0.656,4132164
1789153991,3,0,0.18,4132164
1789153991,3,0,0.065,4132164
1789153991,6,0,0.004,4132164
1789153991,0,0,0.01,4132164
1789153992,4,0,0.403,4132164
1789153992,3,0,0.027,4132164
1789153992,1,0,0.001,4132164
1789153992,4,0,0.414,4132164
1789153992,3,0,0.01,4132164
1789153993,2,0,0.46,4132164
1789153995,4,0,2.138,4132164
1789153996,4,0,0.881,4132164
1789153996,6,1,0.006,4132164
1789153996,3,0,0.055,4132164
1789153996,1,0,0.001,4132164
1789153996,0,0,0.004,4132164
1789153996,7,0,0.208,4132164
1789153996,3,0,0.106,4132164
1789153996,6,0,0.006,4132164
1789153997,7,0,1.053,4132164
1789153997,0,0,0.005,4132164
1789153997,2,0,0.002,4132164
1789153997,0,0,0.008,4132164
1789153998,4,0,0.371,4132164
1789153998,1,0,0.001,4132164
1789153998,0,0,0.011,4132164
1789153998,2,0,0.012,4132164
1789153998,4,0,0.705,4132164
1789153999,5,0,0.408,4132164
1789153999,3,0,0.067,4132164
1789153999,3,0,0.033,4132164
1789153999,6,0,0.006,4132164
1789153999,1,0,0.001,4132164
1789153999,1,0,0.001,4132164
1789153999,0,0,0.008,4132164
1789153999,2,0,0.002,4132164
1789153999,3,0,0.008,4132164
1789153999,0,0,0.012,4132164
1789153999,0,0,0.009,4132164
1789153999,4,0,0.538,4132164
1789153999,0,0,0.006,4132164
1789153999,2,0,0.003,4132164
1789153999,3,0,0.018,4132164
1789154000,7,0,0.552,4132164
1789154000,0,0,0.003,4132164
1789154000,3,0,0.13,4132164
1789154000,0,0,0.012,4132164
1789154001,4,0,0.32,4132164
1789154001,6,0,0.006,4132164
1789154001,2,0,0.002,4132164
1789154001,2,0,0.702,4132164
1789154001,3,0,0.004,4132164
1789154001,6,0,0.007,4132164
1789154005,7,0,3.688,4132164
1789154005,4,0,0.575,4132164
1789154006,3,0,0.061,4132164
1789154006,2,0,0.002,4132164
1789154006,0,0,0.005,4132164
1789154006,0,0,0.006,4132164
1789154006,3,0,0.055,4132164
1789154006,4,0,0.739,4132164
1789154008,4,0,1.449,4132164
1789154008,0,0,0.005,4132164
1789154008,2,0,0.002,4132164
1789154009,2,0,0.84,4132164
1789154009,4,0,0.505,4132164
1789154009,0,0,0.004,4132164
1789154009,6,0,0.007,4132164
1789154009,1,0,0.002,4132164
1789154010,4,0,0.568,4132164
1789154010,0,0,0.006,4132164
1789154014,5,0,3.852,4132164
1789154014,4,0,0.424,4132164
1789154014,0,0,0.002,4132164
1789154014,2,0,0.002,4132164
1789154014,0,0,0.007,4132164
1789154014,6,0,0.006,4132164
1789154014,1,0,0.001,4132164
1789154014,6,0,0.005,4132164
1789154014,3,0,0.04,4132164
1789154014,1,0,0.001,4132164
1789154017,5,0,2.777,4132164
1789154017,3,0,0.096,4132164
1789154017,3,0,0.084,4132164
1789154018,2,0,0.998,4132164
1789154018,6,0,0.007,4132164
1789154018,3,0,0.045,4132164
1789154018,0,0,0.014,4132164
1789154019,4,0,0.639,4132164
1789154022,5,0,3.488,4132164
1789154023,4,0,0.454,4132164
1789154023,6,0,0.02,4132164
1789154023,0,0,0.01,4132164
1789154023,4,0,0.555,4132164
1789154023,7,0,0.184,4132164
1789154028,7,0,4.494,4132164
1789154028,3,0,0.063,4132164
1789154029,2,0,0.742,4132164
1789154029,6,0,0.007,4132164
1789154029,6,0,0.006,4132164
1789154030,4,0,0.859,4132164
1789154030,3,0,0.101,4132164
1789154031,2,0,1.006,4132164
1789154031,2,0,0.004,4132164
1789154031,3,0,0.005,4132164
1789154033,4,0,2.365,4132164
1789154033,0,0,0.005,4132164
1789154033,3,0,0.147,4132164
1789154035,2,0,1.532,4132164
1789154035,2,0,0.352,4132164
1789154035,5,0,0.139,4132164
1789154036,4,0,0.829,4132164
1789154036,6,0,0.01,4132164
1789154036,0,0,0.008,4132164
1789154036,3,0,0.003,4132164
1789154036,3,0,0.065,4132164
1789154036,2,0,0.006,4132164
1789154038,4,0,1.407,4132164
1789154038,4,0,0.397,4132164
1789154038,4,0,0.44,4132164
1789154038,0,0,0.012,4132164
1789154039,4,0,0.547,4132164
1789154039,0,0,0.005,4132164
1789154039,3,0,0.039,4132164
1789154040,4,0,0.55,4132164
1789154040,3,0,0.07,4132164
1789154040,4,0,0.562,4132164
1789154040,2,0,0,4132164
1789154040,0,0,0.003,4132164
1789154041,4,0,0.297,4132164
1789154041,4,0,0.266,4132164
1789154041,0,0,0.003,4132164
1789154042,5,0,0.861,4132164
1789154045,5,0,3.365,4132164
1789154045,6,0,0.025,4132164
1789154045,0,0,0.012,4132164
1789154045,3,0,0.079,4132164
1789154045,4,0,0.258,4132164
1789154046,2,0,0.402,4132164
1789154046,3,0,0.058,4132164
1789154048,5,0,1.836,4132164
1789154048,3,0,0.027,4132164
1789154048,0,0,0.005,4132164
1789154048,4,0,0.528,4132164
1789154048,5,0,0.112,4132164
1789154049,5,0,0.13,4132164
1789154049,3,0,0.042,4132164
1789154049,4,0,0.666,4132164
1789154049,3,0,0.031,4132164
1789154049,2,0,0.002,4132164
1789154049,6,0,0.006,4132164
1789154049,2,0,0.002,4132164
1789154050,4,0,0.577,4132164
1789154050,5,0,0.199,4132164
1789154051,2,0,0.6,4132164
1789154053,4,0,2.307,4132164
1789154054,2,0,0.915,4132164
1789154055,4,0,1.046,4132164
1789154055,4,0,0.201,4132164
1789154055,3,0,0.118,4132164
1789154056,4,0,0.848,4132164
1789154058,7,0,1.574,4132164
1789154061,5,0,3.726,4132164
1789154061,2,0,0.004,4132164
1789154061,2,0,0.002,4132164
1789154062,4,0,0.637,4132164
1789154062,0,0,0.006,4132164
1789154062,2,0,0.002,4132164
1789154064,4,0,1.491,4132164
1789154064,0,0,0.011,4132164
1789154064,3,0,0.005,4132164
1789154064,1,0,0.002,4132164
1789154064,1,0,0.001,4132164
1789154065,4,0,1.034,4132164
1789154065,0,0,0.004,4132164
1789154065,3,0,0.069,4132164
1789154065,4,0,0.676,4132164
1789154067,4,0,1.335,4132164
1789154067,4,0,0.243,4132164
1789154067,3,0,0.065,4132164
1789154067,2,0,0.003,4132164
1789154067,6,0,0.014,4132164
1789154067,0,0,0.005,4132164
1789154067,2,0,0.001,4132164
1789154068,4,0,0.784,4132164
1789154069,4,0,0.772,4132164
1789154069,3,0,0.026,4132164
1789154069,3,0,0.035,4132164
1789154069,5,0,0.779,4132164
1789154069,0,0,0.009,4132164
1789154070,4,0,0.654,4132164
1789154070,1,0,0.001,4132164
1789154070,2,0,0.002,4132164
1789154071,2,0,0.865,4132164
1789154071,3,0,0.083,4132164
1789154071,1,0,0.001,4132164
1789154072,4,0,0.996,4132164
1789154072,5,0,0.134,4132164
1789154072,6,0,0.004,4132164
1789154073,2,0,0.602,4132164
1789154073,4,0,0.623,4132164
1789154073,1,0,0.001,4132164
1789154073,0,0,0.01,4132164
1789154074,4,0,0.618,4132164
1789154074,3,0,0.031,4132164
1789154075,4,0,0.486,4132164
1789154075,3,0,0.112,4132164
1789154075,3,0,0.003,4132164
1789154075,3,0,0.094,4132164
1789154075,0,0,0.007,4132164
1789154075,0,0,0.007,4132164
1789154075,3,0,0.069,4132164
1789154075,4,0,0.493,4132164
1789154080,5,0,5.092,4132164
1789154080,6,0,0.005,4132164
1789154080,6,0,0.005,4132164
1789154080,3,0,0.036,4132164
1789154081,4,0,0.47,4132164
1789154081,0,0,0.006,4132164
1789154081,3,0,0.097,4132164
1789154082,4,0,0.62,4132164
1789154082,6,0,0.008,4132164
1789154082,4,0,0.374,4132164
1789154082,0,0,0.004,4132164
1789154082,4,0,0.222,4132164
1789154082,3,0,0.049,4132164
1789154082,1,0,0.001,4132164
1789154082,0,0,0.005,4132164
1789154084,4,0,2.027,4132164
1789154086,4,0,1.521,4132164
1789154086,4,0,0.364,4132164
1789154086,0,0,0.004,4132164
1789154086,2,0,0.002,4132164
1789154088,4,0,1.378,4132164
1789154088,3,0,0.039,4132164
1789154088,2,0,0.497,4132164
1789154089,2,0,0.466,4132164
1789154089,7,0,0.242,4132164
1789154089,2,0,0.631,4132164
1789154089,0,0,0.027,4132164
1789154089,6,1,0.006,4132164
1789154090,0,0,0.008,4132164
1789154094,5,0,4.433,4132164
1789154094,4,0,0.407,4132164
1789154095,4,0,0.82,4132164
1789154097,2,0,1.874,4132164
1789154098,4,0,0.566,4132164
1789154098,5,0,0.199,4132164
1789154103,7,0,5.566,4132164
1789154104,4,0,0.514,4132164
1789154104,6,0,0.01,4132164
1789154104,6,0,0.006,4132164
1789154104,4,0,0.583,4132164
1789154105,2,0,0.433,4132164
1789154105,6,0,0.004,4132164
1789154105,3,0,0.05,4132164
1789154105,6,0,0.01,4132164
1789154105,3,0,0.036,4132164
1789154106,2,0,0.521,4132164
1789154106,6,0,0.01,4132164
1789154106,2,0,0.003,4132164
1789154106,5,0,0.761,4132164
1789154106,3,0,0.178,4132164
1789154106,3,0,0.007,4132164
1789154106,1,0,0.001,4132164
1789154107,0,0,0.006,4132164
1789154108,4,0,1.705,4132164
1789154109,4,0,0.738,4132164
1789154109,4,0,0.456,4132164
1789154109,1,0,0.002,4132164
1789154110,4,0,0.85,4132164
1789154110,3,0,0.038,4132164
1789154110,2,0,0.001,4132164
1789154110,5,0,0.181,4132164
1789154111,4,0,0.78,4132164
1789154112,4,0,0.393,4132164
1789154112,4,0,0.771,4132164
1789154113,3,0,0.22,4132164
1789154118,7,0,5.224,4132164
1789154118,6,0,0.026,4132164
1789154118,0,0,0.075,4132164
1789154118,2,0,0.458,4132164
1789154118,3,0,0.006,4132164
1789154118,3,0,0.015,4132164
1789154118,2,0,0.001,4132164
1789154118,6,0,0.011,4132164
1789154122,5,0,3.59,4132164
1789154122,2,0,0.003,4132164
1789154122,4,0,0.424,4132164
1789154122,0,0,0.006,4132164
1789154122,2,0,0.001,4132164
1789154122,0,0,0.011,4132164
1789154123,2,0,0.335,4132164
1789154123,0,0,0.004,4132164
1789154123,2,0,0.003,4132164
1789154123,1,0,0.002,4132164
1789154123,0,0,0.005,4132164
1789154123,0,0,0.004,4132164
1789154123,7,0,0.552,4132164
1789154124,5,0,0.567,4132164
1789154124,0,0,0.012,4132164
1789154125,4,0,0.618,4132164
1789154125,2,0,0.001,4132164
1789154125,3,0,0.006,4132164
1789154125,0,0,0.009,4132164
1789154125,3,0,0.003,4132164
1789154125,6,0,0.006,4132164
1789154125,1,0,0.001,4132164
1789154125,4,0,0.518,4132164
1789154125,3,0,0.05,4132164
1789154125,2,0,0.003,4132164
1789154125,2,0,0.001,4132164
1789154125,6,0,0.007,4132164
1789154125,3,0,0.026,4132164
1789154126,2,0,0.41,4132164
1789154126,4,0,0.317,4132164
1789154126,1,0,0.001,4132164
1789154126,3,0,0.049,4132164
1789154129,5,0,2.69,4132164
1789154129,4,0,0.534,4132164
1789154129,2,0,0.004,4132164
1789154133,7,0,3.374,4132164
1789154133,5,0,0.653,4132164
1789154133,3,0,0.007,4132164
1789154133,3,0,0.008,4132164
1789154133,3,0,0.056,4132164
1789154134,4,0,0.371,4132164
1789154134,3,0,0.055,4132164
1789154134,4,0,0.31,4132164
1789154134,0,0,0.008,4132164
1789154134,6,0,0.006,4132164
1789154138,5,0,3.62,4132164
1789154138,6,0,0.005,4132164
1789154138,3,0,0.01,4132164
1789154138,3,0,0.053,4132164
1789154139,5,0,1.126,4132164
1789154139,0,0,0.008,4132164
1789154139,4,0,0.268,4132164
1789154139,6,0,0.007,4132164
1789154139,0,0,0.013,4132164
1789154139,5,0,0.149,4132164
1789154139,0,0,0.012,4132164
1789154139,3,0,0.106,4132164
1789154140,5,0,0.485,4132164
1789154140,1,0,0.001,4132164
1789154140,3,0,0.083,4132164
1789154145,5,0,5.233,4132164
1789154145,0,0,0.011,4132164
1789154146,2,0,0.591,4132164
1789154146,2,0,0.525,4132164
1789154147,4,0,0.15,4132164
1789154147,3,0,0.114,4132164
1789154147,3,0,0.049,4132164
1789154147,0,0,0.007,4132164
1789154147,4,0,0.215,4132164
1789154147,2,0,0.002,4132164
1789154147,3,0,0.038,4132164
1789154147,6,0,0.004,4132164
1789154147,4,0,0.399,4132164
1789154149,5,0,1.853,4132164
1789154149,2,0,0.002,4132164
1789154149,1,0,0.002,4132164
1789154150,2,0,0.541,4132164
1789154150,5,0,0.154,4132164
1789154150,6,0,0.009,4132164
1789154150,0,0,0.009,4132164
1789154150,1,0,0.001,4132164
1789154151,4,0,0.647,4132164
1789154151,3,0,0.005,4132164
1789154151,2,0,0.004,4132164
1789154151,3,0,0.033,4132164
1789154151,3,0,0.176,4132164
1789154151,3,0,0.005,4132164
1789154151,4,0,0.301,4132164
1789154151,2,0,0.003,4132164
1789154156,5,0,4.396,4132164
1789154156,4,0,0.61,4132164
1789154156,0,0,0.014,4132164
1789154157,4,0,0.439,4132164
1789154157,4,0,0.694,4132164
1789154157,3,0,0.007,4132164
1789154157,0,0,0.015,4132164
1789154158,3,0,0.214,4132164
1789154158,4,0,0.508,4132164
1789154158,4,0,0.476,4132164
1789154158,2,0,0.002,4132164
1789154158,2,0,0.001,4132164
1789154159,4,0,0.458,4132164
1789154159,0,0,0.008,4132164
1789154159,6,0,0.019,4132164
1789154159,3,0,0.062,4132164
1789154159,3,0,0.005,4132164
1789154164,5,0,5.172,4132164
1789154164,3,0,0.09,4132164
1789154164,3,0,0.07,4132164
1789154164,0,0,0.015,4132164
1789154164,1,0,0.001,4132164
1789154164,0,0,0.008,4132164
1789154164,3,0,0.058,4132164
1789154165,4,0,0.27,4132164
1789154165,4,0,0.574,4132164
1789154165,6,0,0.005,4132164
1789154169,5,0,3.902,4132164
1789154169,0,0,0.006,4132164
1789154169,6,0,0.004,4132164
1789154169,3,0,0.004,4132164
1789154169,3,0,0.002,4132164
1789154169,0,0,0.004,4132164
1789154170,4,0,0.386,4132164
1789154170,1,0,0.001,4132164
1789154170,6,0,0.007,4132164
1789154170,1,0,0.001,4132164
1789154170,5,0,0.609,4132164
1789154170,1,0,0.001,4132164
1789154170,6,0,0.012,4132164
1789154171,5,0,0.881,4132164
1789154171,4,0,0.266,4132164
1789154172,5,0,0.591,4132164
1789154172,4,0,0.37,4132164
1789154172,0,0,0.013,4132164
1789154172,0,0,0.009,4132164
1789154172,2,0,0.001,4132164
1789154173,2,0,0.633,4132164
1789154173,0,0,0.01,4132164
1789154173,2,0,0.001,4132164
1789154173,3,0,0.004,4132164
1789154173,2,0,0.001,4132164
1789154173,0,0,0.005,4132164
1789154173,4,0,0.38,4132164
1789154174,4,0,0.695,4132164
1789154174,0,0,0.006,4132164
1789154174,0,0,0.008,4132164
1789154175,4,0,0.591,4132164
1789154175,3,0,0.009,4132164
1789154175,6,0,0.009,4132164
1789154175,2,0,0.008,4132164
1789154175,6,0,0.014,4132164
1789154176,4,0,1.351,4132164
1789154177,4,0,1.345,4132164
1789154178,3,0,0.059,4132164
1789154178,4,0,0.972,4132164
1789154178,6,0,0.013,4132164
1789154179,2,0,0.45,4132164
1789154179,3,0,0.034,4132164
1789154179,2,0,0.002,4132164
1789154179,2,0,0.426,4132164
1789154179,0,0,0.015,4132164
1789154180,5,0,1.048,4132164
1789154181,5,0,0.453,4132164
1789154181,3,0,0.023,4132164
1789154181,4,0,0.446,4132164
1789154181,6,0,0.004,4132164
1789154182,4,0,0.464,4132164
1789154182,6,0,0.005,4132164
1789154182,3,0,0.059,4132164
1789154182,0,0,0.007,4132164
1789154182,1,0,0.001,4132164
1789154184,4,0,1.628,4132164
1789154184,0,0,0.005,4132164
1789154184,0,0,0.003,4132164
1789154184,1,0,0.002,4132164
1789154184,6,0,0.006,4132164
1789154187,5,0,3.001,4132164
1789154187,0,0,0.01,4132164
1789154187,3,0,0.044,4132164
1789154187,6,0,0.006,4132164
1789154187,3,0,0.001,4132164
1789154187,5,0,0.466,4132164
1789154188,2,0,0.669,4132164
1789154188,2,0,0.337,4132164
1789154188,1,0,0.002,4132164
1789154188,3,0,0.04,4132164
1789154189,2,0,0.83,4132164
1789154189,3,0,0.091,4132164
1789154189,2,0,0.004,4132164
1789154190,4,0,0.487,4132164
1789154190,3,0,0.009,4132164
1789154194,7,0,4.364,4132164
1789154194,3,0,0.006,4132164
1789154194,3,0,0.014,4132164
1789154194,0,0,0.058,4132164
1789154194,6,0,0.004,4132164
1789154194,1,0,0.001,4132164
1789154194,0,0,0.004,4132164
1789154194,1,0,0.001,4132164
1789154194,3,0,0.004,4132164
1789154194,3,0,0.024,4132164
1789154194,3,0,0.078,4132164
1789154198,5,0,4.331,4132164
1789154198,0,0,0.004,4132164
1789154200,4,0,1.276,4132164
1789154201,2,0,0.768,4132164
1789154201,3,0,0.001,4132164
1789154201,3,0,0.104,4132164
1789154201,2,0,0.002,4132164
1789154201,5,0,0.128,4132164
1789154201,0,0,0.008,4132164
1789154201,5,0,0.095,4132164
1789154201,0,0,0.017,4132164
1789154201,5,0,0.134,4132164
1789154201,3,0,0.008,4132164
1789154201,4,0,0.358,4132164
1789154201,3,0,0.012,4132164
1789154203,4,0,1.509,4132164
1789154203,2,0,0.003,4132164
1789154203,4,0,0.464,4132164
1789154207,5,0,3.975,4132164
1789154207,6,0,0.007,4132164
1789154207,6,0,0.016,4132164
1789154207,0,0,0.007,4132164
1789154207,2,0,0.003,4132164
1789154207,2,0,0.001,4132164
1789154207,0,0,0.01,4132164
1789154207,0,0,0.005,4132164
1789154207,6,1,0.007,4132164
1789154207,6,0,0.005,4132164
1789154207,6,0,0.004,4132164
1789154208,4,0,0.324,4132164
1789154208,4,0,0.538,4132164
1789154208,0,0,0.065,4132164
1789154209,4,0,0.387,4132164
1789154209,3,0,0.022,4132164
1789154210,7,0,0.925,4132164
1789154210,2,0,0.423,4132164
1789154210,5,0,0.135,4132164
1789154210,2,0,0.001,4132164
1789154211,2,0,0.437,4132164
1789154211,0,0,0.005,4132164
1789154211,3,0,0.006,4132164
1789154211,3,0,0.055,4132164
1789154214,5,0,2.937,4132164
1789154214,2,0,0.811,4132164
1789154215,5,0,0.85,4132164
1789154215,0,0,0.004,4132164
1789154216,2,0,0.537,4132164
1789154217,4,0,1.311,4132164
1789154217,1,0,0.001,4132164
1789154221,5,0,3.912,4132164
1789154227,7,0,6.082,4132164
1789154227,3,0,0.024,4132164
1789154227,3,0,0.009,4132164
1789154228,4,0,0.972,4132164
1789154233,5,0,4.862,4132164
1789154233,4,0,0.217,4132164
1789154234,2,0,1.23,4132164
1789154235,2,0,0.951,4132164
1789154236,7,0,0.228,4132164
1789154236,4,0,0.294,4132164
1789154237,4,0,0.694,4132164
1789154237,0,0,0.027,4132164
1789154238,2,0,1.123,4132164
1789154238,0,0,0.006,4132164
1789154238,2,0,0.002,4132164
1789154238,3,0,0.073,4132164
1789154238,3,0,0.01,4132164
1789154238,0,0,0.009,4132164
1789154239,4,0,0.629,4132164
1789154239,4,0,0.497,4132164
1789154239,4,0,0.377,4132164
1789154239,3,0,0.008,4132164
1789154240,4,0,0.414,4132164
1789154240,0,0,0.004,4132164
1789154241,2,0,1.37,4132164
1789154241,0,0,0.004,4132164
1789154241,1,0,0.001,4132164
1789154241,6,0,0.003,4132164
1789154242,4,0,0.454,4132164
1789154242,2,0,0.002,4132164
1789154242,4,0,0.689,4132164
1789154242,2,0,0.003,4132164
1789154242,0,0,0.006,4132164
1789154243,4,0,0.488,4132164
1789154243,6,0,0.004,4132164
1789154243,2,0,0.003,4132164
1789154243,2,0,0.001,4132164
1789154243,0,0,0.034,4132164
1789154243,3,0,0.031,4132164
1789154243,3,0,0.099,4132164
1789154243,1,0,0.002,4132164
1789154243,0,0,0.003,4132164
1789154243,7,0,0.171,4132164
1789154243,0,0,0.005,4132164
1789154243,4,0,0.272,4132164
1789154244,3,0,0.113,4132164
1789154244,0,0,0.004,4132164
1789154244,1,0,0.001,4132164
1789154244,3,0,0.004,4132164
1789154244,4,0,0.398,4132164
1789154244,4,0,0.23,4132164
1789154244,0,0,0.005,4132164
1789154245,2,0,0.511,4132164
1789154245,0,0,0.007,4132164
1789154245,4,0,0.308,4132164
1789154245,3,0,0.225,4132164
1789154245,2,0,0.001,4132164
1789154245,6,0,0.005,4132164
1789154245,3,0,0.047,4132164
1789154245,0,0,0.005,4132164
1789154245,6,0,0.006,4132164
1789154246,2,0,0.862,4132164
1789154247,4,0,0.33,4132164
1789154247,4,0,0.656,4132164
1789154247,6,0,0.009,4132164
1789154247,0,0,0.008,4132164
1789154247,0,0,0.002,4132164
1789154247,5,0,0.121,4132164
1789154247,3,0,0.065,4132164
1789154247,3,0,0.003,4132164
1789154248,2,0,0.362,4132164
1789154249,4,0,1.129,4132164
1789154249,0,0,0.006,4132164
1789154249,3,0,0.083,4132164
1789154249,2,0,0.003,4132164
1789154249,6,0,0.006,4132164
1789154249,4,0,0.354,4132164
1789154249,3,0,0.084,4132164
1789154251,5,0,1.22,4132164
1789154251,4,0,0.324,4132164
1789154252,4,0,1.243,4132164
1789154253,7,0,0.288,4132164
1789154253,3,0,0.018,4132164
1789154253,0,0,0.01,4132164
1789154253,5,0,0.565,4132164
1789154254,2,0,0.401,4132164
1789154254,2,0,0.002,4132164
1789154254,3,0,0.026,4132164
1789154254,0,0,0.008,4132164
1789154254,4,0,0.294,4132164
1789154254,2,0,0.451,4132164
1789154255,4,0,0.429,4132164
1789154255,2,0,0.003,4132164
1789154255,0,0,0.014,4132164
1789154255,2,0,0.002,4132164
1789154255,2,0,0.267,4132164
1789154255,5,0,0.386,4132164
1789154256,4,0,0.42,4132164
1789154256,3,0,0.002,4132164
1789154256,0,0,0.006,4132164
1789154256,3,0,0.005,4132164
1789154256,3,0,0.074,4132164
1789154256,0,0,0.006,4132164
1789154256,5,0,0.176,4132164
1789154256,0,0,0.005,4132164
1789154257,4,0,0.757,4132164
1789154257,0,0,0.01,4132164
1789154258,4,0,0.689,4132164
1789154258,3,0,0.008,4132164
1789154258,0,0,0.008,4132164
1789154258,2,0,0.002,4132164
1789154258,1,0,0.001,4132164
1789154258,3,0,0.032,4132164
1789154262,5,0,4.538,4132164
1789154262,4,0,0.283,4132164
1789154262,3,0,0.003,4132164
1789154262,6,1,0.006,4132164
1789154262,3,0,0.027,4132164
1789154263,2,0,0.613,4132164
1789154264,4,0,1.022,4132164
1789154264,0,0,0.003,4132164
1789154264,4,0,0.348,4132164
1789154265,5,0,0.634,4132164
1789154265,6,0,0.005,4132164
1789154265,6,0,0.009,4132164
1789154265,3,0,0.122,4132164
1789154265,3,0,0.092,4132164
1789154266,4,0,0.26,4132164
1789154266,2,0,0.002,4132164
1789154266,6,0,0.005,4132164
1789154266,0,0,0.006,4132164
1789154266,6,0,0.007,4132164
1789154266,4,0,0.729,4132164
1789154266,6,0,0.008,4132164
1789154266,3,0,0.064,4132164
1789154266,2,0,0.001,4132164
1789154267,4,0,0.53,4132164
1789154267,1,0,0.001,4132164
1789154267,6,0,0.008,4132164
1789154267,0,0,0.011,4132164
1789154267,5,0,0.123,4132164
1789154268,4,0,1.404,4132164
1789154269,4,0,0.424,4132164
1789154269,4,0,0.347,4132164
1789154270,4,0,0.508,4132164
1789154270,3,0,0.018,4132164
1789154271,2,0,0.784,4132164
1789154271,0,0,0.012,4132164
1789154271,3,0,0.064,4132164
1789154271,3,0,0.027,4132164
1789154271,6,0,0.016,4132164
1789154272,4,0,0.996,4132164
1789154273,5,0,0.92,4132164
1789154273,5,0,0.45,4132164
1789154273,2,0,0.002,4132164
1789154274,4,0,0.6,4132164
1789154274,0,0,0.01,4132164
1789154274,3,0,0.059,4132164
1789154274,6,0,0.006,4132164
1789154274,4,0,0.366,4132164
1789154274,0,0,0.011,4132164
1789154274,2,0,0.003,4132164
1789154274,0,0,0.011,4132164
1789154275,4,0,0.58,4132164
1789154275,6,0,0.008,4132164
1789154275,4,0,0.612,4132164
1789154275,3,0,0.005,4132164
1789154276,2,0,1.105,4132164
1789154277,4,0,0.345,4132164
1789154281,5,0,4.371,4132164
1789154281,6,0,0.007,4132164
1789154282,4,0,0.473,4132164
1789154282,4,0,0.199,4132164
1789154282,7,0,0.415,4132164
1789154282,3,0,0.056,4132164
1789154286,5,0,4.133,4132164
1789154287,2,0,0.756,4132164
1789154287,5,0,0.245,4132164
1789154288,4,0,0.368,4132164
1789154293,7,0,5.007,4132164
1789154293,3,0,0.06,4132164
1789154293,4,0,0.387,4132164
1789154294,5,0,1.059,4132164
1789154294,2,0,0.003,4132164
1789154294,6,0,0.005,4132164
1789154294,3,0,0.006,4132164
1789154295,4,0,0.368,4132164
1789154295,3,0,0.046,4132164
1789154295,0,0,0.006,4132164
1789154295,5,0,0.117,4132164
1789154295,4,0,0.438,4132164
1789154295,3,0,0.059,4132164
1789154295,0,0,0.009,4132164
1789154295,0,0,0.009,4132164
1789154295,2,0,0.002,4132164
1789154297,4,0,1.425,4132164
1789154297,3,0,0.01,4132164
1789154297,4,0,0.685,4132164
1789154298,5,0,0.125,4132164
1789154298,3,0,0.115,4132164
1789154298,5,0,0.212,4132164
1789154298,0,0,0.013,4132164
1789154299,5,0,0.718,4132164
1789154299,1,0,0.001,4132164
1789154300,2,0,0.936,4132164
1789154300,3,0,0.018,4132164
1789154300,0,0,0.013,4132164
1789154300,3,0,0.004,4132164
1789154304,5,0,3.891,4132164
1789154304,5,0,0.113,4132164
1789154304,0,0,0.004,4132164
1789154304,2,0,0.005,4132164
1789154304,0,0,0.01,4132164
1789154304,6,0,0.009,4132164
1789154304,6,0,0.007,4132164
1789154304,0,0,0.006,4132164
1789154304,2,0,0.001,4132164
1789154304,5,0,0.103,4132164
1789154304,3,0,0.045,4132164
1789154304,0,0,0.01,4132164
1789154304,3,0,0.009,4132164
1789154304,2,0,0.309,4132164
1789154304,0,0,0.014,4132164
1789154306,4,0,1.454,4132164
1789154306,2,0,0.42,4132164
1789154306,1,0,0.002,4132164
1789154306,6,0,0.005,4132164
1789154306,2,0,0.377,4132164
1789154306,6,0,0.006,4132164
1789154307,5,0,0.592,4132164
1789154308,5,0,0.818,4132164
1789154308,0,0,0.005,4132164
1789154308,4,0,0.294,4132164
1789154308,0,0,0.012,4132164
1789154308,6,0,0.006,4132164
1789154308,0,0,0.007,4132164
1789154308,3,0,0.054,4132164
1789154308,5,0,0.145,4132164
1789154308,0,0,0.009,4132164
1789154308,1,0,0.001,4132164
1789154308,6,0,0.009,4132164
1789154308,2,0,0.002,4132164
1789154308,6,0,0.02,4132164
1789154308,1,0,0.001,4132164
1789154312,5,0,4.033,4132164
1789154313,2,0,1.016,4132164
1789154313,0,0,0.015,4132164
1789154313,0,0,0.006,4132164
1789154314,3,0,0.064,4132164
1789154314,7,0,0.46,4132164
1789154314,6,0,0.005,4132164
1789154314,2,0,0,4132164
1789154318,5,0,3.887,4132164
1789154319,5,0,0.957,4132164
1789154319,4,0,0.321,4132164
1789154319,3,0,0.043,4132164
1789154319,3,0,0.004,4132164
1789154319,3,0,0.004,4132164
1789154320,4,0,0.721,4132164
1789154320,6,0,0.007,4132164
1789154320,0,0,0.003,4132164
1789154320,0,0,0.013,4132164
1789154320,3,0,0.004,4132164
1789154320,4,0,0.101,4132164
1789154320,6,0,0.006,4132164
1789154321,2,0,0.646,4132164
1789154321,2,0,0.008,4132164
1789154321,3,0,0.051,4132164
1789154321,0,0,0.004,4132164
1789154321,4,0,0.423,4132164
1789154323,4,0,1.381,4132164
1789154323,3,0,0.025,4132164
1789154326,5,0,3.313,4132164
1789154326,6,0,0.006,4132164
1789154326,4,0,0.485,4132164
1789154327,4,0,0.928,4132164
1789154328,4,0,0.668,4132164
1789154328,0,0,0.009,4132164
1789154329,4,0,0.858,4132164
1789154330,5,0,0.818,4132164
1789154330,4,0,0.269,4132164
1789154330,1,0,0.002,4132164
1789154333,7,0,3.197,4132164
1789154337,5,0,3.592,4132164
1789154337,6,0,0.004,4132164
1789154337,2,0,0.003,4132164
1789154337,6,0,0.004,4132164
1789154337,2,0,0.002,4132164
1789154338,4,0,1.031,4132164
1789154339,4,0,0.748,4132164
1789154339,0,0,0.013,4132164
1789154339,3,0,0.009,4132164
1789154339,0,0,0.006,4132164
1789154339,4,0,0.413,4132164
1789154339,0,0,0.01,4132164
1789154339,5,0,0.105,4132164
1789154339,2,0,0.242,4132164
1789154339,3,0,0.115,4132164
1789154340,2,0,0.433,4132164
1789154341,4,0,0.779,4132164
1789154341,3,0,0.033,4132164
1789154341,2,0,0.428,4132164
1789154341,3,0,0.03,4132164
1789154341,3,0,0.053,4132164
1789154341,3,0,0.053,4132164
1789154342,4,0,0.722,4132164
1789154342,0,0,0.005,4132164
1789154342,0,0,0.003,4132164
1789154342,2,0,0.002,4132164
1789154343,4,0,1.434,4132164
1789154343,0,0,0.005,4132164
1789154343,3,0,0.019,4132164
1789154344,4,0,0.457,4132164
1789154348,7,0,4.549,4132164
1789154348,3,0,0.006,4132164
1789154349,2,0,0.212,4132164
1789154349,6,0,0.006,4132164
1789154349,4,0,0.606,4132164
1789154349,0,0,0.004,4132164
1789154349,1,0,0.001,4132164
1789154349,6,0,0.005,4132164
1789154349,0,0,0.004,4132164
1789154349,3,0,0.03,4132164
1789154349,5,0,0.112,4132164
1789154350,2,0,0.489,4132164
1789154350,3,0,0.044,4132164
1789154350,6,0,0.006,4132164
1789154350,4,0,0.477,4132164
1789154352,2,0,1.469,4132164
1789154352,6,0,0.018,4132164
1789154352,1,0,0.001,4132164
1789154353,4,0,0.718,4132164
1789154353,2,0,0.004,4132164
1789154353,0,0,0.019,4132164
1789154356,5,0,3.479,4132164
1789154356,4,0,0.186,4132164
1789154356,2,0,0.003,4132164
1789154356,0,0,0.005,4132164
1789154356,6,0,0.007,4132164
1789154357,4,0,0.317,4132164
1789154358,5,0,1.676,4132164
1789154358,0,0,0.003,4132164
1789154363,5,0,5.014,4132164
1789154364,2,0,0.425,4132164
1789154364,1,0,0.003,4132164
1789154364,3,0,0.004,4132164
1789154365,4,0,1.134,4132164
1789154366,4,0,0.66,4132164
1789154366,6,0,0.007,4132164
1789154366,3,0,0.069,4132164
1789154366,0,0,0.006,4132164
1789154366,2,0,0.307,4132164
1789154366,2,0,0.418,4132164
1789154366,6,0,0.011,4132164
1789154367,2,0,0.398,4132164
1789154367,3,0,0.077,4132164
1789154367,3,0,0.059,4132164
1789154368,5,0,1.073,4132164
1789154368,2,0,0.008,4132164
1789154368,1,0,0.002,4132164
1789154368,6,0,0.018,4132164
1789154368,2,0,0.042,4132164
1789154368,6,0,0.005,4132164
1789154368,2,0,0.003,4132164
1789154368,0,0,0.01,4132164
1789154368,1,0,0.001,4132164
1789154368,6,0,0.004,4132164
1789154370,2,0,1.457,4132164
1789154370,0,0,0.012,4132164
1789154370,4,0,0.444,4132164
1789154371,4,0,0.947,4132164
1789154371,2,0,0.002,4132164
1789154371,0,0,0.013,4132164
1789154371,4,0,0.277,4132164
1789154371,0,0,0.012,4132164
1789154371,3,0,0.041,4132164
1789154372,7,0,0.614,4132164
1789154372,5,0,0.116,4132164
1789154372,4,0,0.259,4132164
1789154372,0,0,0.015,4132164
1789154373,2,0,0.378,4132164
1789154373,0,0,0.004,4132164
1789154373,6,0,0.022,4132164
1789154377,5,0,4.086,4132164
1789154377,3,0,0.003,4132164
1789154377,0,0,0.004,4132164
1789154377,2,0,0.004,4132164
1789154377,0,0,0.013,4132164
1789154378,4,0,0.665,4132164
1789154378,2,0,0.865,4132164
1789154379,2,0,0.611,4132164
1789154380,4,0,0.711,4132164
1789154380,3,0,0.004,4132164
1789154380,3,0,0.074,4132164
1789154381,5,0,0.775,4132164
1789154381,4,0,0.694,4132164
1789154382,4,0,0.591,4132164
1789154382,3,0,0.006,4132164
1789154382,0,0,0.005,4132164
1789154382,1,0,0.001,4132164
1789154382,4,0,0.274,4132164
1789154382,3,0,0.033,4132164
1789154382,2,0,0.002,4132164
1789154382,6,0,0.003,4132164
1789154382,1,0,0.001,4132164
1789154382,0,0,0.007,4132164
1789154382,0,0,0.011,4132164
1789154382,3,0,0.052,4132164
1789154382,3,0,0.062,4132164
1789154384,2,0,1.977,4132164
1789154384,1,0,0.002,4132164
1789154386,4,0,1.29,4132164
1789154386,4,0,0.289,4132164
1789154386,4,0,0.431,4132164
1789154388,4,0,1.626,4132164
1789154389,4,0,0.938,4132164
1789154389,1,0,0.001,4132164
1789154389,3,0,0.049,4132164
1789154389,2,0,0.331,4132164
1789154391,7,0,1.28,4132164
1789154391,1,0,0.001,4132164
1789154391,3,0,0.012,4132164
1789154391,6,0,0.008,4132164
1789154391,2,0,0.003,4132164
1789154391,0,0,0.004,4132164
1789154391,1,0,0.001,4132164
1789154391,3,0,0.003,4132164
1789154391,6,0,0.007,4132164
1789154391,2,0,0.002,4132164
1789154391,4,0,0.879,4132164
1789154391,0,0,0.011,4132164
1789154391,3,0,0.027,4132164
1789154392,4,0,0.278,4132164
1789154392,1,0,0.001,4132164
1789154392,2,0,0.004,4132164
1789154392,3,0,0.004,4132164
1789154392,0,0,0.003,4132164
1789154392,3,0,0.073,4132164
1789154392,2,0,0.483,4132164
1789154396,5,0,4.15,4132164
1789154397,3,0,0.183,4132164
1789154397,0,0,0.003,4132164
1789154397,5,0,0.154,4132164
1789154397,3,0,0.013,4132164
1789154397,0,0,0.008,4132164
1789154397,2,0,0.462,4132164
1789154397,6,0,0.015,4132164
1789154402,7,0,4.188,4132164
1789154403,2,0,1.253,4132164
1789154403,3,0,0.002,4132164
1789154403,4,0,0.64,4132164
1789154404,5,0,0.74,4132164
1789154404,3,0,0.01,4132164
1789154404,3,0,0.066,4132164
1789154404,1,0,0.002,4132164
1789154405,4,0,0.867,4132164
1789154407,4,0,1.453,4132164
1789154407,0,0,0.011,4132164
1789154407,3,0,0.064,4132164
1789154407,4,0,0.707,4132164
1789154408,2,0,0.635,4132164
1789154408,6,0,0.007,4132164
1789154408,0,0,0.007,4132164
1789154408,1,0,0.001,4132164
1789154408,4,0,0.274,4132164
1789154409,4,0,0.515,4132164
1789154410,4,0,0.8,4132164
1789154410,1,0,0.001,4132164
1789154410,6,0,0.004,4132164
1789154410,3,0,0.003,4132164
1789154410,3,0,0.047,4132164
1789154410,3,0,0.033,4132164
1789154410,3,0,0.064,4132164
1789154410,2,0,0.003,4132164
1789154410,4,0,0.468,4132164
1789154411,4,0,0.867,4132164
1789154415,5,0,3.675,4132164
1789154416,4,0,1.28,4132164
1789154416,0,0,0.006,4132164
1789154416,6,0,0.006,4132164
1789154416,0,0,0.003,4132164
1789154416,4,0,0.206,4132164
1789154417,2,0,0.772,4132164
1789154417,0,0,0.008,4132164
1789154417,6,0,0.004,4132164
1789154417,4,0,0.404,4132164
1789154418,4,0,0.663,4132164
1789154418,3,0,0.047,4132164
1789154418,6,0,0.009,4132164
1789154418,0,0,0.009,4132164
1789154418,3,0,0.077,4132164
1789154418,5,0,0.198,4132164
1789154418,2,0,0.002,4132164
1789154418,1,0,0.001,4132164
1789154419,4,0,0.501,4132164
1789154419,4,0,0.234,4132164
1789154419,0,0,0.028,4132164
1789154419,0,0,0.009,4132164
1789154420,5,0,0.87,4132164
1789154420,2,0,0.292,4132164
1789154421,4,0,0.416,4132164
1789154426,7,0,5.45,4132164
1789154426,1,0,0.003,4132164
1789154427,4,0,0.416,4132164
1789154427,0,0,0.003,4132164
1789154427,3,0,0.066,4132164
1789154427,4,0,0.517,4132164
1789154428,4,0,0.347,4132164
1789154428,2,0,0.001,4132164
1789154428,6,0,0.006,4132164
1789154428,4,0,0.875,4132164
1789154429,4,0,0.318,4132164
1789154430,4,0,0.819,4132164
1789154430,3,0,0.055,4132164
1789154430,3,0,0.137,4132164
1789154430,6,0,0.005,4132164
1789154430,3,0,0.01,4132164
1789154431,4,0,1.469,4132164
1789154431,3,0,0.053,4132164
1789154431,6,0,0.004,4132164
1789154431,1,0,0.002,4132164
1789154436,7,0,4.621,4132164
1789154436,3,0,0.051,4132164
1789154436,3,0,0.008,4132164
1789154436,2,0,0.001,4132164
1789154436,0,0,0.007,4132164
1789154436,3,0,0.026,4132164
1789154437,2,0,0.884,4132164
1789154437,3,0,0.014,4132164
1789154437,3,0,0.01,4132164
1789154437,4,0,0.285,4132164
1789154437,3,0,0.023,4132164
1789154437,3,0,0.051,4132164
1789154437,1,0,0.001,4132164
1789154438,4,0,0.467,4132164
1789154438,0,0,0.004,4132164
1789154438,3,0,0.13,4132164
1789154438,3,0,0.008,4132164
1789154438,1,0,0.001,4132164
1789154438,3,0,0.091,4132164
1789154443,5,0,5.216,4132164
1789154444,4,0,0.417,4132164
1789154445,5,0,0.91,4132164
1789154445,0,0,0.018,4132164
1789154445,0,0,0.011,4132164
1789154450,5,0,5.23,4132164
1789154450,2,0,0.002,4132164
1789154450,3,0,0.008,4132164
1789154450,5,0,0.591,4132164
1789154450,6,0,0.02,4132164
1789154450,6,0,0.009,4132164
1789154450,6,0,0.022,4132164
1789154450,3,0,0.012,4132164
1789154450,0,0,0.011,4132164
1789154451,3,0,0.09,4132164
1789154451,6,0,0.004,4132164
1789154451,7,0,0.315,4132164
1789154452,4,0,1.1,4132164
1789154452,4,0,0.455,4132164
1789154454,2,0,1.807,4132164
1789154454,3,0,0.005,4132164
1789154455,4,0,0.611,4132164
1789154456,4,0,0.975,4132164
1789154456,0,0,0.028,4132164
1789154457,4,0,0.792,4132164
1789154457,0,0,0.013,4132164
1789154457,4,0,0.672,4132164
1789154457,6,0,0.008,4132164
1789154457,3,0,0.004,4132164
1789154458,2,0,0.395,4132164
1789154462,5,0,3.912,4132164
1789154462,7,0,0.763,4132164
1789154462,1,0,0.001,4132164
1789154462,0,0,0.008,4132164
1789154463,4,0,0.599,4132164
1789154464,2,0,0.527,4132164
1789154464,5,0,0.132,4132164
1789154464,3,0,0.083,4132164
1789154464,4,0,0.329,4132164
1789154464,6,0,0.006,4132164
1789154464,3,0,0.081,4132164
1789154465,4,0,0.504,4132164
1789154465,3,0,0.007,4132164
1789154465,2,0,0.003,4132164
1789154465,3,0,0.094,4132164
1789154466,5,0,1.38,4132164
1789154467,4,0,1.155,4132164
1789154468,5,0,0.781,4132164
1789154468,3,0,0.045,4132164
1789154469,4,0,0.602,4132164
1789154469,6,0,0.004,4132164
1789154469,1,0,0.001,4132164
1789154469,0,0,0.009,4132164
1789154469,4,0,0.611,4132164
1789154469,6,0,0.011,4132164
1789154469,2,0,0.003,4132164
1789154470,4,0,0.96,4132164
1789154471,4,0,0.8,4132164
1789154471,1,0,0.001,4132164
1789154471,6,0,0.005,4132164
1789154471,0,0,0.005,4132164
1789154472,7,0,0.332,4132164
1789154472,3,0,0.002,4132164
1789154472,0,0,0.015,4132164
1789154472,5,0,0.45,4132164
1789154472,4,0,0.443,4132164
1789154472,0,0,0.007,4132164
1789154472,3,0,0.008,4132164
1789154473,3,0,0.079,4132164
1789154473,4,0,0.25,4132164
1789154473,1,0,0.001,4132164
1789154473,3,0,0.005,4132164
1789154473,6,0,0.008,4132164
1789154473,7,0,0.695,4132164
1789154474,4,0,0.651,4132164
1789154474,6,0,0.008,4132164
1789154475,4,0,0.563,4132164
1789154475,3,0,0.071,4132164
1789154475,3,0,0.008,4132164
1789154475,6,0,0.031,4132164
1789154475,6,0,0.016,4132164
1789154475,3,0,0.041,4132164
1789154475,6,0,0.017,4132164
1789154476,4,0,0.639,4132164
1789154476,6,0,0.033,4132164
1789154476,6,0,0.006,4132164
1789154476,4,0,0.339,4132164
1789154476,0,0,0.006,4132164
1789154476,3,0,0.007,4132164
1789154476,3,0,0.071,4132164
1789154476,6,0,0.005,4132164
1789154477,4,0,0.995,4132164
1789154478,4,0,0.739,4132164
1789154478,2,0,0.001,4132164
1789154478,3,0,0.06,4132164
1789154478,0,0,0.005,4132164
1789154478,3,0,0.004,4132164
1789154478,3,0,0.136,4132164
1789154478,1,0,0.001,4132164
1789154478,3,0,0.013,4132164
1789154478,1,0,0.001,4132164
1789154478,2,0,0.002,4132164
1789154482,5,0,3.707,4132164
1789154482,3,0,0.074,4132164
1789154482,6,0,0.005,4132164
1789154482,4,0,0.666,4132164
1789154482,6,0,0.006,4132164
1789154483,4,0,0.309,4132164
1789154483,4,0,0.464,4132164
1789154484,2,0,0.535,4132164
1789154484,6,0,0.002,4132164
1789154484,4,0,0.197,4132164
1789154485,4,0,0.746,4132164
1789154485,3,0,0.079,4132164
1789154485,3,0,0.091,4132164
1789154485,2,0,0.002,4132164
1789154485,2,0,0.336,4132164
1789154485,3,0,0.003,4132164
1789154486,4,0,0.545,4132164
1789154486,2,0,0.415,4132164
1789154486,4,0,0.249,4132164
1789154486,2,0,0.003,4132164
1789154486,0,0,0.007,4132164
1789154486,0,0,0.002,4132164
1789154487,4,0,0.345,4132164
1789154488,5,0,0.994,4132164
1789154488,2,0,0.534,4132164
1789154488,5,0,0.17,4132164
1789154488,6,0,0.006,4132164
1789154488,0,0,0.005,4132164
1789154489,3,0,0.065,4132164
1789154489,0,0,0.007,4132164
1789154489,4,0,0.583,4132164
1789154489,5,0,0.126,4132164
1789154490,4,0,0.899,4132164
1789154492,4,0,1.644,4132164
1789154492,3,0,0.011,4132164
1789154492,2,0,0.003,4132164
1789154493,2,0,0.829,4132164
1789154494,2,0,1.381,4132164
1789154494,6,0,0.008,4132164
1789154494,1,0,0.002,4132164
1789154494,3,0,0.016,4132164
1789154494,3,0,0.002,4132164
1789154494,2,0,0.001,4132164
1789154495,5,0,0.768,4132164
1789154495,0,0,0.006,4132164
1789154495,3,0,0.003,4132164
1789154496,4,0,0.82,4132164
1789154496,4,0,0.744,4132164
1789154496,3,0,0.009,4132164
1789154496,0,0,0.006,4132164
1789154497,5,0,0.103,4132164
1789154497,6,0,0.006,4132164
1789154497,4,0,0.371,4132164
1789154497,6,0,0.011,4132164
1789154497,0,0,0.003,4132164
1789154498,4,0,0.703,4132164
1789154498,0,0,0.012,4132164
1789154498,1,0,0.001,4132164
1789154498,4,0,0.422,4132164
1789154499,4,0,0.861,4132164
1789154499,6,0,0.004,4132164
1789154499,6,0,0.007,4132164
1789154499,6,0,0.005,4132164
1789154499,3,0,0.008,4132164
1789154499,3,0,0.049,4132164
1789154499,0,0,0.005,4132164
1789154499,6,0,0.008,4132164
1789154499,3,0,0.077,4132164
1789154500,4,0,0.519,4132164
1789154501,2,0,0.964,4132164
1789154501,3,0,0.165,4132164
1789154501,3,0,0.045,4132164
1789154502,4,0,0.749,4132164
1789154502,2,0,0.514,4132164
1789154502,6,0,0.007,4132164
1789154503,4,0,0.65,4132164
1789154503,2,0,0.576,4132164
1789154504,2,0,0.44,4132164
1789154504,1,0,0.001,4132164
1789154504,3,0,0.037,4132164
1789154504,0,0,0.007,4132164
1789154504,5,0,0.314,4132164
1789154504,6,0,0.006,4132164
1789154504,3,0,0.007,4132164
1789154504,3,0,0.015,4132164
1789154504,2,0,0.002,4132164
1789154504,3,0,0.006,4132164
1789154504,5,0,0.093,4132164
1789154504,2,0,0.003,4132164
1789154504,0,0,0.01,4132164
1789154504,6,0,0.008,4132164
1789154504,6,0,0.005,4132164
1789154509,5,0,4.497,4132164
1789154509,2,0,0.003,4132164
1789154509,2,0,0.001,4132164
1789154509,3,0,0.083,4132164
1789154509,0,0,0.009,4132164
1789154509,3,0,0.006,4132164
1789154509,3,0,0.005,4132164
1789154510,4,0,0.72,4132164
1789154513,5,0,3.737,4132164
1789154513,6,0,0.007,4132164
1789154514,4,0,0.769,4132164
1789154514,2,0,0.003,4132164
1789154514,0,0,0.012,4132164
1789154514,2,0,0.002,4132164
1789154514,1,0,0.001,4132164
1789154515,4,0,0.511,4132164
1789154515,4,0,0.334,4132164
1789154515,0,0,0.008,4132164
1789154515,3,0,0.2,4132164
1789154516,4,0,1.053,4132164
1789154516,6,0,0.007,4132164
1789154517,5,0,0.479,4132164
1789154517,3,0,0.093,4132164
1789154517,0,0,0.013,4132164
1789154517,1,0,0.001,4132164
1789154517,4,0,0.679,4132164
1789154517,3,0,0.022,4132164
1789154518,4,0,0.554,4132164
1789154518,0,0,0.013,4132164
1789154519,2,0,0.744,4132164
1789154520,4,0,0.772,4132164
1789154520,4,0,0.716,4132164
1789154520,3,0,0.04,4132164
1789154520,3,0,0.072,4132164
1789154520,3,0,0.103,4132164
1789154521,3,0,0.025,4132164
1789154521,4,0,0.384,4132164
1789154521,3,0,0.093,4132164
1789154521,2,0,0.002,4132164
1789154521,0,0,0.004,4132164
1789154521,3,0,0.042,4132164
1789154521,3,0,0.053,4132164
1789154521,6,0,0.008,4132164
1789154521,3,0,0.035,4132164
1789154521,0,0,0.014,4132164
1789154522,4,0,0.827,4132164
1789154523,2,0,0.651,4132164
1789154523,1,0,0.001,4132164
1789154527,5,0,3.944,4132164
1789154527,2,0,0.002,4132164
1789154527,3,0,0.014,4132164
1789154527,3,0,0.011,4132164
1789154527,5,0,0.559,4132164
1789154527,4,0,0.32,4132164
1789154527,1,0,0.001,4132164
1789154527,1,0,0.001,4132164
1789154527,6,0,0.009,4132164
1789154528,5,0,0.588,4132164
1789154528,6,0,0.015,4132164
1789154528,2,0,0.391,4132164
1789154529,5,0,0.161,4132164
1789154529,6,0,0.005,4132164
1789154529,2,0,0.522,4132164
1789154530,4,0,0.67,4132164
1789154530,0,0,0.012,4132164
1789154531,4,0,0.739,4132164
1789154532,4,0,1.865,4132164
1789154532,2,0,0.002,4132164
1789154535,4,0,2.268,4132164
1789154535,4,0,0.702,4132164
1789154535,1,0,0.002,4132164
1789154537,4,0,1.556,4132164
1789154537,0,0,0.016,4132164
1789154537,0,0,0.011,4132164
1789154537,3,0,0.002,4132164
1789154537,6,0,0.007,4132164
1789154537,7,0,0.446,4132164
1789154537,6,0,0.024,4132164
1789154538,2,0,0.656,4132164
1789154538,3,0,0.087,4132164
1789154538,3,0,0.005,4132164
1789154538,0,0,0.009,4132164
1789154538,0,0,0.006,4132164
1789154538,5,0,0.095,4132164
1789154538,0,0,0.013,4132164
1789154539,5,0,0.175,4132164
1789154539,2,0,0.298,4132164
1789154539,3,0,0.008,4132164
1789154539,4,0,0.252,4132164
1789154539,6,0,0.006,4132164
1789154540,4,0,0.756,4132164
1789154540,2,0,0.001,4132164
1789154540,6,0,0.005,4132164
1789154540,0,0,0.005,4132164
1789154540,5,0,0.514,4132164
1789154541,2,0,0.709,4132164
1789154541,3,0,0.045,4132164
1789154541,3,0,0.004,4132164
1789154541,0,0,0.012,4132164
1789154541,1,0,0.001,4132164
1789154542,5,0,1.283,4132164
1789154544,4,0,1.073,4132164
1789154544,2,0,0.504,4132164
1789154545,7,0,0.553,4132164
1789154545,3,0,0.081,4132164
1789154545,0,0,0.009,4132164
1789154545,3,0,0.004,4132164
1789154545,6,0,0.009,4132164
1789154545,3,0,0.006,4132164
1789154545,0,0,0.004,4132164
1789154545,2,0,0.003,4132164
1789154545,4,0,0.294,4132164
1789154546,2,0,0.579,4132164
1789154546,4,0,0.458,4132164
1789154546,0,0,0.009,4132164
1789154546,4,0,0.386,4132164
1789154546,3,0,0.014,4132164
1789154547,2,0,0.612,4132164
1789154547,0,0,0.011,4132164
1789154547,4,0,0.371,4132164
1789154548,3,0,0.162,4132164
1789154548,3,0,0.065,4132164
1789154548,4,0,0.605,4132164
1789154548,3,0,0.013,4132164
1789154548,3,0,0.014,4132164
1789154549,2,0,1.071,4132164
1789154549,3,0,0.08,4132164
1789154550,3,0,0.127,4132164
1789154550,4,0,0.593,4132164
1789154550,3,0,0.077,4132164
1789154550,3,0,0.088,4132164
1789154550,0,0,0.008,4132164
1789154551,2,0,0.814,4132164
1789154551,0,0,0.007,4132164
1789154551,4,0,0.276,4132164
1789154551,0,0,0.009,4132164
1789154552,2,0,0.782,4132164
1789154552,3,0,0.009,4132164
1789154552,1,0,0.002,4132164
1789154553,2,0,0.475,4132164
1789154553,4,0,0.379,4132164
1789154553,3,0,0.061,4132164
1789154553,7,0,0.258,4132164
1789154555,4,0,1.496,4132164
1789154555,1,0,0.002,4132164
1789154555,3,0,0.018,4132164
1789154555,3,0,0.013,4132164
1789154555,4,0,0.367,4132164
1789154555,1,0,0.001,4132164
1789154559,5,0,3.997,4132164
1789154559,0,0,0.013,4132164
1789154559,3,0,0.109,4132164
1789154560,7,0,0.237,4132164
1789154560,4,0,0.338,4132164
1789154560,3,0,0.013,4132164
1789154560,6,0,0.006,4132164
1789154560,2,0,0.001,4132164
1789154561,4,0,0.501,4132164
1789154562,4,0,1.066,4132164
1789154562,2,0,0.29,4132164
1789154563,2,0,1.05,4132164
1789154563,4,0,0.348,4132164
1789154563,3,0,0.145,4132164
1789154564,4,0,0.486,4132164
1789154564,1,0,0.001,4132164
1789154568,5,0,4.37,4132164
1789154569,4,0,0.374,4132164
1789154569,1,0,0.002,4132164
1789154569,3,0,0.012,4132164
1789154569,0,0,0.012,4132164
1789154569,4,0,0.023,4132164
1789154569,3,0,0.037,4132164
1789154569,0,0,0.026,4132164
1789154569,4,0,0.504,4132164
1789154569,5,0,0.134,4132164
1789154571,4,0,1.697,4132164
1789154572,4,0,0.429,4132164
1789154572,2,0,0.001,4132164
1789154572,4,0,0.668,4132164
1789154573,2,0,0.604,4132164
1789154574,4,0,1.091,4132164
1789154574,6,0,0.005,4132164
1789154574,6,0,0.006,4132164
1789154579,5,0,4.869,4132164
1789154579,3,0,0.069,4132164
1789154579,4,0,0.252,4132164
1789154579,6,0,0.007,4132164
1789154579,3,0,0.008,4132164
1789154579,4,0,0.091,4132164
1789154580,4,0,0.922,4132164
1789154585,5,0,4.932,4132164
1789154585,3,0,0.008,4132164
1789154585,0,0,0.011,4132164
1789154585,3,0,0.006,4132164
1789154586,2,0,0.67,4132164
1789154586,0,0,0.01,4132164
1789154586,6,0,0.006,4132164
1789154586,3,0,0.079,4132164
1789154586,0,0,0.003,4132164
1789154586,0,0,0.003,4132164
1789154586,2,0,0.001,4132164
1789154586,3,0,0.043,4132164
1789154586,7,0,0.37,4132164
1789154586,2,0,0.002,4132164
1789154587,4,0,0.444,4132164
1789154587,3,0,0.055,4132164
1789154587,3,0,0.003,4132164
1789154587,6,0,0.004,4132164
1789154587,2,0,0.344,4132164
1789154587,3,0,0.051,4132164
1789154588,4,0,0.663,4132164
1789154589,4,0,0.78,4132164
1789154589,6,0,0.006,4132164
1789154593,5,0,4.024,4132164
1789154593,6,0,0.006,4132164
1789154593,6,0,0.006,4132164
1789154593,0,0,0.004,4132164
1789154593,6,0,0.015,4132164
1789154593,2,0,0.609,4132164
1789154593,6,0,0.011,4132164
1789154593,0,0,0.035,4132164
1789154593,6,0,0.006,4132164
1789154593,1,0,0.001,4132164
1789154593,3,0,0.072,4132164
1789154593,0,0,0.012,4132164
1789154593,0,0,0.031,4132164
1789154593,0,0,0.005,4132164
1789154593,0,0,0.005,4132164
1789154593,0,0,0.004,4132164
1789154595,4,0,1.259,4132164
1789154595,2,0,0.742,4132164
1789154596,3,0,0.119,4132164
1789154596,3,0,0.009,4132164
1789154596,1,0,0.001,4132164
1789154596,4,0,0.522,4132164
1789154596,4,0,0.339,4132164
1789154601,5,0,4.132,4132164
1789154601,4,0,0.845,4132164
1789154601,3,0,0.058,4132164
1789154601,0,0,0.004,4132164
1789154602,3,0,0.105,4132164
1789154602,7,0,0.789,4132164
1789154603,4,0,0.431,4132164
1789154603,3,0,0.053,4132164
1789154603,3,0,0.158,4132164
1789154603,0,0,0.011,4132164
1789154603,3,0,0.014,4132164
1789154603,3,0,0.065,4132164
1789154607,5,0,3.653,4132164
1789154607,3,0,0.005,4132164
1789154608,2,0,1.318,4132164
1789154608,4,0,0.329,4132164
1789154608,1,0,0.003,4132164
1789154609,5,0,0.113,4132164
1789154609,4,0,0.335,4132164
1789154609,6,0,0.007,4132164
1789154609,7,0,0.137,4132164
1789154609,5,0,0.099,4132164
1789154609,6,0,0.004,4132164
1789154609,1,0,0.001,4132164
1789154610,4,0,0.758,4132164
1789154611,4,0,0.887,4132164
1789154611,3,0,0.095,4132164
1789154611,0,0,0.009,4132164
1789154611,0,0,0.015,4132164
1789154611,2,0,0.002,4132164
1789154611,2,0,0.002,4132164
1789154611,2,0,0.002,4132164
1789154613,2,0,2.468,4132164
1789154613,3,0,0.097,4132164
1789154613,1,0,0.001,4132164
1789154613,6,0,0.007,4132164
1789154614,4,0,0.236,4132164
1789154614,0,0,0.003,4132164
1789154615,4,0,0.815,4132164
1789154615,1,0,0.001,4132164
1789154615,5,0,0.098,4132164
1789154615,1,0,0.001,4132164
1789154615,6,0,0.006,4132164
1789154615,4,0,0.726,4132164
1789154615,5,0,0.101,4132164
1789154616,4,0,0.332,4132164
1789154616,1,0,0.001,4132164
1789154616,3,0,0.054,4132164
1789154616,1,0,0.001,4132164
1789154616,6,0,0.008,4132164
1789154616,0,0,0.012,4132164
1789154616,3,0,0.054,4132164
1789154616,1,0,0.001,4132164
1789154616,3,0,0.012,4132164
1789154616,5,0,0.269,4132164
1789154616,2,0,0.001,4132164
1789154616,0,0,0.005,4132164
1789154617,5,0,0.435,4132164
1789154617,0,0,0.013,4132164
1789154618,4,0,0.895,4132164
1789154618,2,0,0.001,4132164
1789154618,2,0,0.002,4132164
1789154618,4,0,0.857,4132164
1789154618,6,0,0.004,4132164
1789154622,5,0,3.532,4132164
1789154622,5,0,0.119,4132164
1789154627,5,0,4.795,4132164
1789154627,6,0,0.005,4132164
1789154627,3,0,0,4132164
1789154627,1,0,0.001,4132164
1789154627,6,0,0.006,4132164
1789154627,0,0,0.007,4132164
1789154627,0,0,0.006,4132164
1789154629,4,0,2.273,4132164
1789154629,6,0,0.006,4132164
1789154630,2,0,0.791,4132164
1789154630,0,0,0.003,4132164
1789154630,6,0,0.011,4132164
1789154630,1,0,0.001,4132164
1789154630,3,0,0.104,4132164
1789154630,0,0,0.004,4132164
1789154633,5,0,3.075,4132164
1789154633,3,0,0.143,4132164
1789154635,4,0,1.789,4132164
1789154636,4,0,0.802,4132164
1789154641,5,0,5.238,4132164
1789154642,4,0,0.569,4132164
1789154642,6,1,0.005,4132164
1789154642,4,0,0.402,4132164
1789154642,0,0,0.008,4132164
1789154642,1,0,0.002,4132164
1789154643,2,0,0.511,4132164
1789154643,3,0,0.008,4132164
1789154643,0,0,0.014,4132164
1789154643,2,0,0.48,4132164
1789154644,4,0,0.915,4132164
1789154644,2,0,0.002,4132164
1789154644,6,0,0.009,4132164
1789154644,3,0,0.172,4132164
1789154645,4,0,0.915,4132164
1789154646,4,0,0.631,4132164
1789154650,5,0,4.03,4132164
1789154650,4,0,0.376,4132164
1789154650,1,0,0.001,4132164
1789154651,2,0,0.413,4132164
1789154651,2,0,0.549,4132164
1789154652,2,0,0.439,4132164
1789154652,0,0,0.007,4132164
1789154652,5,0,0.532,4132164
1789154652,2,0,0.001,4132164
1789154652,3,0,0.008,4132164
1789154652,0,0,0.006,4132164
1789154652,5,0,0.299,4132164
1789154652,0,0,0.009,4132164
1789154652,3,0,0.014,4132164
1789154653,3,0,0.066,4132164
1789154653,3,0,0.126,4132164
1789154653,3,0,0.011,4132164
1789154653,5,0,0.487,4132164
1789154653,0,0,0.004,4132164
1789154653,3,0,0.053,4132164
1789154653,6,0,0.007,4132164
1789154654,4,0,0.617,4132164
1789154654,3,0,0.012,4132164
1789154655,4,0,1.301,4132164
1789154655,4,0,0.368,4132164
1789154656,2,0,0.549,4132164
1789154657,2,0,1.002,4132164
1789154657,3,0,0.003,4132164
1789154662,7,0,5.31,4132164
1789154662,0,0,0.004,4132164
1789154664,4,0,1.648,4132164
1789154664,6,0,0.005,4132164
1789154664,1,0,0.002,4132164
1789154664,4,0,0.469,4132164
1789154665,2,0,0.478,4132164
1789154665,4,0,0.345,4132164
1789154665,0,0,0.007,4132164
1789154665,5,0,0.141,4132164
1789154666,3,0,0.052,4132164
1789154666,0,0,0.008,4132164
1789154666,6,0,0.005,4132164
1789154666,1,0,0.001,4132164
1789154666,2,0,0.002,4132164
1789154666,0,0,0.009,4132164
1789154666,4,0,0.36,4132164
1789154666,4,0,0.571,4132164
1789154667,3,0,0.119,4132164
1789154667,4,0,0.525,4132164
1789154667,3,0,0.066,4132164
1789154668,4,0,1.014,4132164
1789154669,4,0,0.329,4132164
1789154669,4,0,0.846,4132164
1789154669,0,0,0.008,4132164
1789154669,1,0,0.001,4132164
1789154669,3,0,0.095,4132164
1789154670,5,0,0.781,4132164
1789154670,6,0,0.01,4132164
1789154671,4,0,0.772,4132164
1789154671,6,0,0.007,4132164
1789154672,4,0,1.01,4132164
1789154672,0,0,0.003,4132164
1789154672,5,0,0.113,4132164
1789154672,2,0,0.006,4132164
1789154673,4,0,0.875,4132164
1789154673,0,0,0.003,4132164
1789154674,4,0,0.613,4132164
1789154674,3,0,0.081,4132164
1789154674,0,0,0.01,4132164
1789154674,6,0,0.006,4132164
1789154674,0,0,0.011,4132164
1789154679,5,0,4.814,4132164
1789154679,1,0,0.001,4132164
1789154679,4,0,0.549,4132164
1789154679,0,0,0.007,4132164
1789154680,4,0,1.214,4132164
1789154680,6,0,0.008,4132164
1789154680,2,0,0.001,4132164
1789154681,4,0,0.193,4132164
1789154681,1,0,0.001,4132164
1789154681,6,0,0.006,4132164
1789154681,4,0,0.722,4132164
1789154682,4,0,0.375,4132164
1789154682,3,0,0.003,4132164
1789154682,3,0,0.004,4132164
1789154682,2,0,0.005,4132164
1789154682,3,0,0.016,4132164
1789154682,1,0,0.001,4132164
1789154682,3,0,0.002,4132164
1789154683,4,0,1.494,4132164
1789154683,6,0,0.007,4132164
1789154683,0,0,0.005,4132164
1789154683,3,0,0.049,4132164
1789154683,4,0,0.236,4132164
1789154683,2,0,0.002,4132164
1789154683,6,0,0.006,4132164
1789154684,4,0,0.649,4132164
1789154684,3,0,0.004,4132164
1789154684,3,0,0.012,4132164
1789154684,3,0,0.006,4132164
1789154684,4,0,0.229,4132164
1789154685,4,0,0.473,4132164
1789154685,4,0,0.408,4132164
1789154686,2,0,0.675,4132164
1789154687,2,0,0.584,4132164
1789154687,4,0,0.542,4132164
1789154687,3,0,0.004,4132164
1789154688,4,0,0.432,4132164
1789154688,6,0,0.008,4132164
1789154688,0,0,0.006,4132164
1789154688,0,0,0.008,4132164
1789154688,0,0,0.011,4132164
1789154688,2,0,0.001,4132164
1789154688,6,0,0.006,4132164
1789154688,2,0,0.002,4132164
1789154688,6,0,0.006,4132164
1789154688,7,0,0.783,4132164
1789154689,4,0,0.335,4132164
1789154689,0,0,0.007,4132164
1789154689,4,0,0.447,4132164
1789154689,3,0,0.004,4132164
1789154690,4,0,0.534,4132164
1789154694,5,0,3.978,4132164
1789154694,0,0,0.007,4132164
1789154694,3,0,0.005,4132164
1789154694,3,0,0.059,4132164
1789154694,2,0,0.561,4132164
1789154694,6,0,0.004,4132164
1789154694,1,0,0.001,4132164
1789154695,2,0,0.789,4132164
1789154695,0,0,0.004,4132164
1789154695,0,0,0.005,4132164
1789154695,0,0,0.01,4132164
1789154696,4,0,0.43,4132164
1789154696,4,0,0.294,4132164
1789154696,2,0,0.001,4132164
1789154696,4,0,0.378,4132164
1789154696,6,0,0.005,4132164
1789154697,4,0,0.519,4132164
1789154697,0,0,0.006,4132164
1789154697,2,0,0.002,4132164
1789154697,6,0,0.005,4132164
1789154697,3,0,0.039,4132164
1789154697,6,0,0.006,4132164
1789154697,6,0,0.004,4132164
1789154697,0,0,0.009,4132164
1789154697,6,0,0.007,4132164
1789154697,4,0,0.022,4132164
1789154698,7,0,1.344,4132164
1789154701,2,0,2.791,4132164
1789154701,0,0,0.005,4132164
1789154701,2,0,0.395,4132164
1789154701,3,0,0.058,4132164
1789154701,6,0,0.004,4132164
1789154702,7,0,0.212,4132164
1789154702,4,0,0.424,4132164
1789154702,3,0,0.05,4132164
1789154702,6,0,0.006,4132164
1789154703,2,0,0.768,4132164
1789154704,4,0,1.002,4132164
1789154704,4,0,0.287,4132164
1789154705,2,0,1.145,4132164
1789154705,1,0,0.001,4132164
1789154706,2,0,0.64,4132164
1789154706,3,0,0.01,4132164
1789154706,0,0,0.048,4132164
1789154706,3,0,0.101,4132164
1789154706,5,0,0.1,4132164
1789154706,3,0,0.004,4132164
1789154710,5,0,3.424,4132164
1789154710,1,0,0.001,4132164
1789154710,2,0,0.63,4132164
1789154711,4,0,0.522,4132164
1789154711,3,0,0.05,4132164
1789154711,5,0,0.153,4132164
1789154712,5,0,0.75,4132164
1789154712,6,0,0.005,4132164
1789154712,3,0,0.046,4132164
1789154712,3,0,0.038,4132164
1789154712,2,0,0.632,4132164
1789154712,0,0,0.009,4132164
1789154713,4,0,0.503,4132164
1789154713,0,0,0.015,4132164
1789154713,3,0,0.006,4132164
1789154713,6,0,0.004,4132164
1789154713,3,0,0.005,4132164
1789154713,3,0,0.036,4132164
1789154713,3,0,0.051,4132164
1789154714,4,0,0.958,4132164
1789154714,0,0,0.011,4132164
1789154714,3,0,0.048,4132164
1789154714,0,0,0.007,4132164
1789154714,0,0,0.006,4132164
1789154715,5,0,0.836,4132164
1789154716,4,0,1.441,4132164
1789154716,6,0,0.004,4132164
1789154716,2,0,0.002,4132164
1789154716,2,0,0.001,4132164
1789154716,0,0,0.013,4132164
1789154717,5,0,0.37,4132164
1789154717,0,0,0.007,4132164
1789154717,3,0,0.008,4132164
1789154717,0,0,0.003,4132164
1789154717,7,0,0.437,4132164
1789154719,4,0,1.717,4132164
1789154719,6,0,0.007,4132164
1789154721,4,0,2.18,4132164
1789154721,2,0,0.005,4132164
1789154725,7,0,4.261,4132164
1789154726,4,0,0.898,4132164
1789154727,4,0,0.305,4132164
1789154727,3,0,0.098,4132164
1789154727,3,0,0.008,4132164
1789154727,3,0,0.013,4132164
1789154727,2,0,0.001,4132164
1789154727,0,0,0.013,4132164
1789154727,3,0,0.056,4132164
1789154727,3,0,0.083,4132164
1789154727,5,0,0.095,4132164
1789154727,3,0,0.058,4132164
1789154727,3,0,0.124,4132164
1789154727,7,0,0.21,4132164
1789154728,5,0,0.618,4132164
1789154728,6,0,0.006,4132164
1789154728,4,0,0.398,4132164
1789154728,0,0,0.037,4132164
1789154728,3,0,0.027,4132164
1789154728,1,0,0.002,4132164
1789154733,5,0,4.512,4132164
1789154733,3,0,0.005,4132164
1789154737,5,0,3.842,4132164
1789154737,6,0,0.003,4132164
1789154737,4,0,0.537,4132164
1789154738,4,0,0.402,4132164
1789154738,3,0,0.004,4132164
1789154738,0,0,0.011,4132164
1789154738,3,0,0.009,4132164
1789154739,4,0,1.174,4132164
1789154743,5,0,4.1,4132164
1789154743,0,0,0.003,4132164
1789154747,5,0,3.583,4132164
1789154747,3,0,0.044,4132164
1789154747,0,0,0.013,4132164
1789154747,1,0,0.001,4132164
1789154748,4,0,0.903,4132164
1789154748,4,0,0.855,4132164
1789154749,4,0,0.387,4132164
1789154749,3,0,0.032,4132164
1789154749,6,0,0.005,4132164
1789154750,2,0,0.763,4132164
1789154750,0,0,0.003,4132164
1789154750,4,0,0.814,4132164
1789154750,0,0,0.003,4132164
1789154751,3,0,0.006,4132164
1789154751,0,0,0.015,4132164
1789154751,4,0,0.739,4132164
1789154751,6,0,0.014,4132164
1789154751,3,0,0.055,4132164
1789154751,3,0,0.001,4132164
1789154751,0,0,0.007,4132164
1789154752,4,0,0.522,4132164
1789154752,5,0,0.389,4132164
1789154752,1,0,0.001,4132164
1789154752,3,0,0.049,4132164
1789154753,4,0,1.002,4132164
1789154754,4,0,0.478,4132164
1789154754,0,0,0.03,4132164
1789154754,3,0,0.007,4132164
1789154754,3,0,0.004,4132164
1789154754,2,0,0.001,4132164
1789154755,4,0,1.008,4132164
1789154755,0,0,0.013,4132164
1789154755,3,0,0.113,4132164
1789154756,5,0,1.273,4132164
1789154760,5,0,3.449,4132164
1789154760,4,0,0.813,4132164
1789154761,6,0,0.01,4132164
1789154761,6,0,0.005,4132164
1789154761,5,0,0.467,4132164
1789154761,3,0,0.027,4132164
1789154761,4,0,0.395,4132164
1789154762,5,0,1.024,4132164
1789154763,4,0,0.362,4132164
1789154763,6,0,0.004,4132164
1789154763,4,0,0.454,4132164
1789154763,3,0,0.069,4132164
1789154763,2,0,0.004,4132164
1789154764,2,0,0.567,4132164
1789154765,4,0,0.9,4132164
1789154765,0,0,0.032,4132164
1789154765,5,0,0.617,4132164
1789154765,0,0,0.005,4132164
1789154765,0,0,0.004,4132164
1789154765,3,0,0.003,4132164
1789154765,1,0,0.001,4132164
1789154766,4,0,0.981,4132164
1789154766,2,0,0.004,4132164
1789154766,2,0,0.002,4132164
1789154766,0,0,0.003,4132164
1789154767,5,0,0.296,4132164
1789154767,6,0,0.011,4132164
1789154767,6,0,0.007,4132164
1789154767,4,0,0.527,4132164
1789154767,6,0,0.005,4132164
1789154767,5,0,0.116,4132164
1789154767,6,0,0.007,4132164
1789154769,4,0,1.746,4132164
1789154770,4,0,0.682,4132164
1789154770,6,0,0.004,4132164
1789154770,6,0,0.005,4132164
1789154770,1,0,0.001,4132164
1789154770,0,0,0.012,4132164
1789154770,5,0,0.127,4132164
1789154770,4,0,0.489,4132164
1789154770,2,0,0.005,4132164
1789154770,0,0,0.022,4132164
1789154771,2,0,0.544,4132164
1789154771,6,0,0.004,4132164
1789154772,2,0,1.128,4132164
1789154772,3,0,0.003,4132164
1789154772,4,0,0.298,4132164
1789154773,2,0,0.669,4132164
1789154774,2,0,0.747,4132164
1789154774,3,0,0.009,4132164
1789154778,5,0,4.221,4132164
1789154778,3,0,0.003,4132164
1789154778,3,0,0.119,4132164
1789154778,0,0,0.008,4132164
1789154782,7,0,3.938,4132164
1789154782,5,0,0.105,4132164
1789154782,2,0,0.002,4132164
1789154783,4,0,0.595,4132164
1789154784,4,0,1.101,4132164
1789154785,2,0,0.95,4132164
1789154785,6,0,0.012,4132164
1789154785,3,0,0.065,4132164
1789154785,1,0,0.002,4132164
1789154785,1,0,0.002,4132164
1789154785,0,0,0.003,4132164
1789154787,4,0,1.648,4132164
1789154788,4,0,0.966,4132164
1789154788,5,0,0.708,4132164
1789154788,6,0,0.005,4132164
1789154789,4,0,0.489,4132164
1789154789,6,0,0.005,4132164
1789154789,2,0,0.321,4132164
1789154789,4,0,0.268,4132164
1789154789,2,0,0.002,4132164
1789154789,2,0,0.001,4132164
1789154789,0,0,0.009,4132164
1789154790,5,0,0.528,4132164
1789154790,3,0,0.064,4132164
1789154791,4,0,0.573,4132164
1789154791,2,0,0.764,4132164
1789154796,5,0,4.64,4132164
1789154796,0,0,0.004,4132164
1789154796,2,0,0.004,4132164
1789154796,0,0,0.013,4132164
1789154796,6,0,0.006,4132164
1789154796,3,0,0.004,4132164
1789154796,3,0,0.009,4132164
1789154796,3,0,0.011,4132164
1789154796,3,0,0.066,4132164
1789154797,4,0,0.394,4132164
1789154797,0,0,0.005,4132164
1789154797,0,0,0.051,4132164
1789154797,6,0,0.006,4132164
1789154797,3,0,0.002,4132164
1789154797,4,0,0.427,4132164
1789154797,3,0,0.102,4132164
1789154802,5,0,4.869,4132164
1789154802,0,0,0.006,4132164
1789154802,0,0,0.004,4132164
1789154802,0,0,0.013,4132164
1789154802,1,0,0.001,4132164
1789154802,3,0,0.076,4132164
1789154803,2,0,0.49,4132164
1789154803,2,0,0.003,4132164
1789154803,3,0,0.139,4132164
1789154803,4,0,0.666,4132164
1789154804,5,0,0.42,4132164
1789154804,3,0,0.008,4132164
1789154804,3,0,0.005,4132164
1789154804,4,0,0.293,4132164
1789154804,4,0,0.274,4132164
1789154804,0,0,0.005,4132164
1789154806,2,0,1.905,4132164
1789154806,3,0,0.006,4132164
1789154806,2,0,0.004,4132164
1789154807,4,0,0.645,4132164
1789154807,0,0,0.004,4132164
1789154807,3,0,0.079,4132164
1789154807,0,0,0.011,4132164
1789154808,4,0,0.785,4132164
1789154812,7,0,4.406,4132164
1789154812,0,0,0.008,4132164
1789154812,0,0,0.014,4132164
1789154813,4,0,0.722,4132164
1789154814,5,0,0.932,4132164
1789154814,6,0,0.006,4132164
1789154815,4,0,0.828,4132164
1789154815,1,0,0.002,4132164
1789154815,4,0,0.426,4132164
1789154815,2,0,0,4132164
1789154815,6,0,0.006,4132164
1789154815,3,0,0.024,4132164
1789154816,2,0,0.549,4132164
1789154816,4,0,0.555,4132164
1789154817,4,0,0.729,4132164
1789154817,3,0,0.008,4132164
1789154822,7,0,5.039,4132164
1789154822,3,0,0.048,4132164
1789154822,6,0,0.005,4132164
1789154823,2,0,0.465,4132164
1789154823,5,0,0.161,4132164
1789154823,2,0,0.001,4132164
1789154823,3,0,0.038,4132164
1789154823,3,0,0.053,4132164
1789154823,4,0,0.35,4132164
1789154823,0,0,0.006,4132164
1789154823,5,0,0.173,4132164
1789154823,6,0,0.005,4132164
1789154824,4,0,0.478,4132164
1789154824,2,0,0.182,4132164
1789154824,0,0,0.009,4132164
1789154824,2,0,0.002,4132164
1789154824,5,0,0.119,4132164
1789154824,3,0,0.011,4132164
1789154825,4,0,0.58,4132164
1789154825,3,0,0.006,4132164
1789154825,3,0,0.04,4132164
1789154825,3,0,0.003,4132164
1789154825,0,0,0.004,4132164
1789154830,5,0,4.776,4132164
1789154831,7,0,1.076,4132164
1789154831,4,0,0.764,4132164
1789154832,4,0,0.361,4132164
1789154832,6,0,0.009,4132164
1789154832,6,0,0.007,4132164
1789154833,2,0,0.857,4132164
1789154833,3,0,0.026,4132164
1789154833,6,0,0.005,4132164
1789154833,4,0,0.781,4132164
1789154834,5,0,0.117,4132164
1789154834,3,0,0.063,4132164
1789154835,4,0,0.964,4132164
1789154835,0,0,0.009,4132164
1789154835,0,0,0.006,4132164
1789154835,6,0,0.006,4132164
1789154835,2,0,0.804,4132164
1789154836,4,0,0.321,4132164
1789154836,2,0,0.286,4132164
1789154836,6,0,0.006,4132164
1789154836,7,0,0.268,4132164
1789154836,3,0,0.059,4132164
1789154836,0,0,0.009,4132164
1789154836,0,0,0.007,4132164
1789154837,5,0,0.282,4132164
1789154837,6,0,0.013,4132164
1789154837,2,0,0.467,4132164
1789154837,0,0,0.007,4132164
1789154837,2,0,0.001,4132164
1789154837,0,0,0.004,4132164
1789154838,4,0,1.15,4132164
1789154838,0,0,0.005,4132164
1789154839,4,0,0.846,4132164
1789154839,4,0,0.282,4132164
1789154840,7,0,0.852,4132164
1789154840,6,0,0.005,4132164
1789154841,4,0,0.306,4132164
1789154841,2,0,0.236,4132164
1789154841,0,0,0.006,4132164
1789154841,4,0,0.51,4132164
1789154842,4,0,0.394,4132164
1789154842,3,0,0.091,4132164
1789154843,4,0,0.743,4132164
1789154847,5,0,4.607,4132164
1789154847,3,0,0.006,4132164
1789154847,0,0,0.004,4132164
1789154848,2,0,1.115,4132164
1789154848,2,0,0.004,4132164
1789154848,6,0,0.007,4132164
1789154848,0,0,0.019,4132164
1789154848,0,0,0.005,4132164
1789154848,2,0,0.002,4132164
1789154850,2,0,1.19,4132164
1789154850,0,0,0.005,4132164
1789154851,4,0,1.102,4132164
1789154851,6,0,0.004,4132164
1789154851,3,0,0.059,4132164
1789154851,2,0,0.001,4132164
1789154852,4,0,0.876,4132164
1789154853,4,0,1.337,4132164
1789154853,3,0,0.068,4132164
1789154853,2,0,0.005,4132164
1789154853,3,0,0.05,4132164
1789154853,2,0,0.001,4132164
1789154853,6,0,0.007,4132164
1789154853,3,0,0.009,4132164
1789154853,1,0,0.002,4132164
1789154853,0,0,0.007,4132164
1789154853,6,0,0.009,4132164
1789154854,2,0,1.12,4132164
1789154854,1,0,0.002,4132164
1789154854,6,0,0.005,4132164
1789154854,0,0,0.004,4132164
1789154854,2,0,0.001,4132164
1789154854,5,0,0.119,4132164
1789154854,2,0,0.001,4132164
1789154855,2,0,0.419,4132164
1789154855,4,0,0.559,4132164
1789154856,4,0,0.227,4132164
1789154856,3,0,0.076,4132164
1789154856,4,0,0.772,4132164
1789154857,4,0,0.513,4132164
1789154857,6,0,0.006,4132164
1789154857,3,0,0.052,4132164
1789154858,4,0,0.568,4132164
1789154858,4,0,0.813,4132164
1789154858,2,0,0.002,4132164
1789154859,2,0,0.468,4132164
1789154859,3,0,0.058,4132164
1789154859,3,0,0.067,4132164
1789154859,1,0,0.001,4132164
1789154859,3,0,0.047,4132164
1789154859,0,0,0.013,4132164
1789154860,5,0,0.672,4132164
1789154860,2,0,0.003,4132164
1789154860,5,0,0.694,4132164
1789154860,0,0,0.003,4132164
1789154860,2,0,0.002,4132164
1789154860,0,0,0.004,4132164
1789154861,4,0,0.627,4132164
1789154861,1,0,0.001,4132164
1789154861,1,0,0.001,4132164
1789154861,3,0,0.015,4132164
1789154861,2,0,0.002,4132164
1789154861,6,0,0.005,4132164
1789154861,6,0,0.016,4132164
1789154862,2,0,0.681,4132164
1789154862,0,0,0.007,4132164
1789154862,4,0,0.314,4132164
1789154862,6,0,0.005,4132164
1789154863,4,0,0.519,4132164
1789154864,4,0,0.968,4132164
1789154864,5,0,0.452,4132164
1789154864,3,0,0.052,4132164
1789154864,3,0,0.149,4132164
1789154865,4,0,0.479,4132164
1789154865,3,0,0.124,4132164
1789154865,2,0,0.502,4132164
1789154865,3,0,0.075,4132164
1789154866,4,0,0.748,4132164
1789154866,7,0,0.191,4132164
1789154867,5,0,0.646,4132164
1789154867,0,0,0.011,4132164
1789154867,0,0,0.009,4132164
1789154867,4,0,0.383,4132164
1789154867,3,0,0.055,4132164
1789154868,3,0,0.086,4132164
1789154868,1,0,0.001,4132164
1789154868,0,0,0.01,4132164
1789154868,1,0,0.001,4132164
1789154868,2,0,0.39,4132164
1789154868,5,0,0.108,4132164
1789154868,6,0,0.006,4132164
1789154868,1,0,0.002,4132164
1789154868,0,0,0.009,4132164
1789154868,0,0,0.01,4132164
1789154868,3,0,0.019,4132164
1789154870,5,0,1.985,4132164
1789154870,3,0,0.012,4132164
1789154870,0,0,0.058,4132164
1789154870,1,0,0.001,4132164
1789154871,5,0,0.355,4132164
1789154871,6,0,0.006,4132164
1789154871,2,0,0.33,4132164
1789154871,6,0,0.008,4132164
1789154872,2,0,0.829,4132164
1789154873,4,0,0.893,4132164
1789154873,4,0,0.665,4132164
1789154873,6,0,0.006,4132164
1789154873,6,0,0.006,4132164
1789154873,0,0,0.004,4132164
1789154873,3,0,0.01,4132164
1789154873,3,0,0.046,4132164
1789154873,2,0,0.002,4132164
1789154874,4,0,0.256,4132164
1789154878,5,0,4.128,4132164
1789154878,6,0,0.011,4132164
1789154881,7,0,3.767,4132164
1789154881,2,0,0.002,4132164
1789154881,3,0,0.012,4132164
1789154882,3,0,0.066,4132164
1789154882,4,0,0.353,4132164
1789154882,0,0,0.004,4132164
1789154883,2,0,0.672,4132164
1789154883,2,0,0.365,4132164
1789154883,6,0,0.013,4132164
1789154883,4,0,0.467,4132164
1789154883,0,0,0.004,4132164
1789154884,4,0,0.488,4132164
1789154884,3,0,0.067,4132164
1789154885,4,0,0.651,4132164
1789154885,1,0,0.001,4132164
1789154885,5,0,0.167,4132164
1789154885,6,0,0.004,4132164
1789154885,2,0,0.001,4132164
1789154885,6,0,0.007,4132164
1789154885,5,0,0.362,4132164
1789154885,6,0,0.004,4132164
1789154885,0,0,0.003,4132164
1789154885,0,0,0.004,4132164
1789154886,5,0,0.455,4132164
1789154886,3,0,0.022,4132164
1789154886,6,0,0.015,4132164
1789154886,4,0,0.571,4132164
1789154886,6,0,0.007,4132164
1789154887,4,0,0.303,4132164
1789154887,3,0,0.002,4132164
1789154887,1,0,0.002,4132164
1789154887,3,0,0.088,4132164
1789154887,0,0,0.004,4132164
1789154887,5,0,0.126,4132164
1789154887,6,0,0.008,4132164
1789154887,5,0,0.346,4132164
1789154887,1,0,0.001,4132164
1789154887,3,0,0.006,4132164
1789154889,2,0,1.608,4132164
1789154889,1,0,0.001,4132164
1789154889,0,0,0.006,4132164
1789154889,3,0,0.092,4132164
1789154889,5,0,0.135,4132164
1789154892,5,0,2.586,4132164
1789154892,6,0,0.004,4132164
1789154893,4,0,1.853,4132164
1789154893,0,0,0.006,4132164
1789154893,3,0,0.005,4132164
1789154894,2,0,0.599,4132164
1789154894,5,0,0.431,4132164
1789154895,3,0,0.011,4132164
1789154895,1,0,0.001,4132164
1789154895,2,0,0.45,4132164
1789154895,3,0,0.09,4132164
1789154895,6,0,0.005,4132164
1789154895,4,0,0.194,4132164
1789154896,4,0,0.408,4132164
1789154896,4,0,0.63,4132164
1789154897,4,0,0.917,4132164
1789154897,6,0,0.007,4132164
1789154897,3,0,0.004,4132164
1789154897,0,0,0.011,4132164
1789154898,4,0,0.475,4132164
1789154898,4,0,0.353,4132164
1789154898,7,0,0.44,4132164
1789154898,3,0,0.004,4132164
1789154898,0,0,0.004,4132164
1789154899,3,0,0.006,4132164
1789154899,5,0,0.122,4132164
1789154899,2,0,0.002,4132164
1789154900,4,0,1.834,4132164
1789154902,2,0,1.162,4132164
1789154902,1,0,0.001,4132164
1789154902,3,0,0.047,4132164
1789154902,2,0,0.003,4132164
1789154902,3,0,0.035,4132164
1789154902,6,0,0.008,4132164
1789154903,2,0,0.933,4132164
1789154903,2,0,0.422,4132164
1789154903,3,0,0.007,4132164
1789154903,2,0,0.003,4132164
1789154903,3,0,0.037,4132164
1789154903,6,0,0.009,4132164
1789154903,2,0,0.002,4132164
1789154904,5,0,0.383,4132164
1789154904,3,0,0.069,4132164
1789154904,0,0,0.014,4132164
1789154904,0,0,0.005,4132164
1789154904,6,0,0.01,4132164
1789154904,4,0,0.371,4132164
1789154904,1,0,0.002,4132164
1789154904,0,0,0.004,4132164
1789154904,4,0,0.481,4132164
1789154904,0,0,0.004,4132164
1789154905,2,0,0.977,4132164
1789154906,4,0,0.283,4132164
1789154906,0,0,0.009,4132164
1789154906,2,0,0.611,4132164
1789154907,4,0,0.199,4132164
1789154907,0,0,0.006,4132164
1789154907,4,0,0.623,4132164
1789154908,4,0,0.581,4132164
1789154908,0,0,0.004,4132164
1789154912,5,0,3.835,4132164
1789154912,4,0,0.332,4132164
1789154912,2,0,0.003,4132164
1789154914,2,0,2.039,4132164
1789154918,5,0,4.057,4132164
1789154918,3,0,0.002,4132164
1789154919,2,0,0.563,4132164
1789154919,3,0,0.057,4132164
1789154920,4,0,1.737,4132164
1789154920,0,0,0.003,4132164
1789154922,2,0,1.349,4132164
1789154922,0,0,0.02,4132164
1789154922,4,0,0.297,4132164
1789154922,0,0,0.008,4132164
1789154922,5,0,0.112,4132164
1789154922,2,0,0.002,4132164
1789154922,3,0,0.053,4132164
1789154922,3,0,0.036,4132164
1789154923,2,0,0.692,4132164
1789154923,1,0,0.001,4132164
1789154924,4,0,1.012,4132164
1789154924,6,0,0.014,4132164
1789154924,6,0,0.013,4132164
1789154925,4,0,0.596,4132164
1789154926,4,0,1.222,4132164
1789154926,3,0,0.005,4132164
1789154926,0,0,0.01,4132164
1789154926,2,0,0,4132164
1789154926,4,0,0.019,4132164
1789154926,0,0,0.003,4132164
1789154926,0,0,0.011,4132164
1789154926,3,0,0.005,4132164
1789154926,5,0,0.126,4132164
1789154926,6,0,0.01,4132164
1789154927,4,0,0.757,4132164
1789154927,2,0,0.004,4132164
1789154927,3,0,0.049,4132164
1789154927,2,0,0.591,4132164
1789154928,4,0,0.682,4132164
1789154928,0,0,0.01,4132164
1789154928,3,0,0.07,4132164
1789154928,3,0,0.119,4132164
1789154928,3,0,0.106,4132164
1789154928,6,0,0.01,4132164
1789154930,4,0,1.098,4132164
1789154930,4,0,0.404,4132164
1789154930,1,0,0.001,4132164
1789154934,5,0,3.997,4132164
1789154934,2,0,0.002,4132164
1789154940,5,0,5.941,4132164
1789154940,6,0,0.005,4132164
1789154940,3,0,0.042,4132164
1789154940,1,0,0.001,4132164
1789154940,4,0,0.445,4132164
1789154940,0,0,0.004,4132164
1789154941,2,0,0.493,4132164
1789154941,3,0,0.046,4132164
1789154941,4,0,0.538,4132164
1789154942,2,0,0.754,4132164
1789154942,3,0,0.046,4132164
1789154942,3,0,0.002,4132164
1789154942,2,0,0.001,4132164
1789154942,0,0,0.003,4132164
1789154942,3,0,0.007,4132164
1789154942,3,0,0.006,4132164
1789154942,3,0,0.087,4132164
1789154943,4,0,0.339,4132164
1789154943,4,0,0.424,4132164
1789154944,4,0,0.926,4132164
1789154944,6,0,0.008,4132164
1789154944,1,0,0.001,4132164
1789154944,6,0,0.006,4132164
1789154945,4,0,0.868,4132164
1789154946,4,0,0.602,4132164
1789154946,2,0,0.197,4132164
1789154946,0,0,0.012,4132164
1789154946,2,0,0.483,4132164
1789154946,6,0,0.004,4132164
1789154946,0,0,0.005,4132164
1789154946,0,0,0.012,4132164
1789154946,3,0,0.118,4132164
1789154946,6,0,0.01,4132164
1789154946,3,0,0.053,4132164
1789154946,3,0,0.036,4132164
1789154946,0,0,0.007,4132164
1789154946,3,0,0.004,4132164
1789154946,0,0,0.006,4132164
1789154947,5,0,0.088,4132164
1789154947,6,0,0.003,4132164
1789154947,2,0,0.274,4132164
1789154947,2,0,0.001,4132164
1789154947,0,0,0.009,4132164
1789154947,3,0,0.001,4132164
1789154947,0,0,0.005,4132164
1789154947,4,0,0.353,4132164
1789154948,4,0,0.988,4132164
1789154949,4,0,0.438,4132164
1789154950,2,0,1.53,4132164
1789154950,3,0,0.016,4132164
1789154950,0,0,0.009,4132164
1789154950,2,0,0,4132164
1789154951,4,0,0.564,4132164
1789154951,2,0,0.004,4132164
1789154951,6,0,0.005,4132164
1789154951,0,0,0.01,4132164
1789154951,3,0,0.006,4132164
1789154951,0,0,0.01,4132164
1789154951,4,0,0.531,4132164
1789154952,2,0,0.357,4132164
1789154957,7,0,4.904,4132164
1789154957,0,0,0.016,4132164
1789154957,0,0,0.006,4132164
1789154957,1,0,0.001,4132164
1789154957,0,0,0.006,4132164
1789154958,4,0,1.683,4132164
1789154958,0,0,0.007,4132164
1789154959,4,0,0.555,4132164
1789154959,6,0,0.008,4132164
1789154959,7,0,0.238,4132164
1789154959,6,0,0.002,4132164
1789154960,4,0,0.462,4132164
1789154960,3,0,0.002,4132164
1789154960,6,0,0.008,4132164
1789154960,4,0,0.224,4132164
1789154960,0,0,0.009,4132164
1789154960,3,0,0.238,4132164
1789154960,3,0,0.051,4132164
1789154960,0,0,0.005,4132164
1789154960,3,0,0.055,4132164
1789154961,4,0,0.739,4132164
1789154961,3,0,0.143,4132164
1789154961,2,0,0.005,4132164
1789154961,3,0,0.081,4132164
1789154962,5,0,0.876,4132164
1789154962,0,0,0.017,4132164
1789154962,6,0,0.01,4132164
1789154962,4,0,0.448,4132164
1789154962,0,0,0.008,4132164
1789154963,3,0,0.058,4132164
1789154963,0,0,0.005,4132164
1789154963,6,0,0.025,4132164
1789154963,6,0,0.006,4132164
1789154963,0,0,0.027,4132164
1789154963,6,0,0.008,4132164
1789154963,2,0,0,4132164
1789154963,3,0,0.077,4132164
1789154963,2,0,0.024,4132164
1789154963,4,0,0.648,4132164
1789154964,5,0,0.164,4132164
1789154964,5,0,0.881,4132164
1789154965,2,0,0.544,4132164
1789154965,0,0,0.015,4132164
1789154965,3,0,0.026,4132164
1789154965,2,0,0.002,4132164
1789154965,6,0,0.013,4132164
1789154965,3,0,0.13,4132164
1789154965,4,0,0.244,4132164
1789154966,5,0,0.192,4132164
1789154966,4,0,0.895,4132164
1789154967,4,0,0.342,4132164
1789154967,3,0,0.11,4132164
1789154967,6,0,0.008,4132164
1789154967,2,0,0.004,4132164
1789154967,4,0,0.364,4132164
1789154967,2,0,0.002,4132164
1789154967,6,0,0.011,4132164
1789154967,3,0,0.046,4132164
1789154967,3,0,0.041,4132164
1789154967,1,0,0.002,4132164
1789154967,0,0,0.003,4132164
1789154967,0,0,0.006,4132164
1789154968,4,0,0.766,4132164
1789154969,4,0,0.633,4132164
1789154969,0,0,0.008,4132164
1789154969,2,0,0.253,4132164
1789154969,0,0,0.008,4132164
1789154970,5,0,0.656,4132164
1789154970,4,0,0.261,4132164
1789154970,3,0,0.002,4132164
1789154971,2,0,0.736,4132164
1789154971,2,0,0.378,4132164
1789154972,7,0,0.764,4132164
1789154972,1,0,0.001,4132164
1789154972,1,0,0.002,4132164
1789154972,2,0,0,4132164
1789154973,4,0,0.656,4132164
1789154973,6,0,0.008,4132164
1789154973,3,0,0.007,4132164
1789154973,4,0,0.47,4132164
1789154978,5,0,4.54,4132164
1789154978,0,0,0.005,4132164
1789154978,6,0,0.005,4132164
1789154979,2,0,1.008,4132164
1789154979,3,0,0.011,4132164
1789154979,2,0,0.344,4132164
1789154979,4,0,0.359,4132164
1789154980,5,0,0.293,4132164
1789154980,4,0,0.272,4132164
1789154980,3,0,0.382,4132164
1789154980,7,0,0.175,4132164
1789154981,5,0,0.307,4132164
1789154981,5,0,0.118,4132164
1789154982,4,0,0.731,4132164
1789154982,3,0,0.063,4132164
1789154982,0,0,0.021,4132164
1789154982,1,0,0.001,4132164
1789154983,2,0,0.932,4132164
1789154983,4,0,0.333,4132164
1789154983,4,0,0.417,4132164
1789154983,6,0,0.016,4132164
1789154983,2,0,0,4132164
1789154983,2,0,0.001,4132164
1789154983,1,0,0.001,4132164
1789154983,1,0,0.001,4132164
1789154983,3,0,0.02,4132164
1789154984,4,0,0.336,4132164
1789154984,6,0,0.015,4132164
1789154984,4,0,0.562,4132164
1789154985,4,0,0.705,4132164
1789154986,4,0,0.537,4132164
1789154986,6,0,0.013,4132164
1789154986,3,0,0.133,4132164
1789154987,4,0,1.672,4132164
1789154987,3,0,0.055,4132164
1789154987,1,0,0.001,4132164
1789154987,3,0,0.069,4132164
1789154987,6,0,0.007,4132164
1789154988,4,0,0.349,4132164
1789154988,3,0,0.071,4132164
1789154988,0,0,0.01,4132164
1789154988,4,0,0.314,4132164
1789154989,4,0,0.555,4132164
1789154989,2,0,0.423,4132164
1789154989,6,0,0.005,4132164
1789154989,3,0,0.029,4132164
1789154989,3,0,0.06,4132164
1789154989,6,0,0.005,4132164
1789154989,6,0,0.007,4132164
1789154990,7,0,0.686,4132164
1789154990,4,0,0.499,4132164
1789154990,2,0,0.001,4132164
1789154991,4,0,0.98,4132164
1789154992,4,0,0.295,4132164
1789154992,0,0,0.008,4132164
1789154992,5,0,0.222,4132164
1789154993,7,0,0.499,4132164
1789154993,0,0,0.011,4132164
1789154994,2,0,1.222,4132164
1789154994,2,0,0.001,4132164
1789154994,5,0,0.232,4132164
1789154995,4,0,0.823,4132164
1789154995,3,0,0.009,4132164
1789154995,3,0,0.004,4132164
1789154995,0,0,0.007,4132164
1789154995,5,0,0.102,4132164
1789154995,2,0,0.288,4132164
1789154995,4,0,0.175,4132164
1789155000,7,0,4.375,4132164
1789155001,4,0,1.382,4132164
1789155002,4,0,0.439,4132164
1789155002,6,0,0.007,4132164
1789155002,3,0,0.003,4132164
1789155002,4,0,0.321,4132164
1789155002,6,0,0.006,4132164
1789155002,5,0,0.561,4132164
1789155007,5,0,4.356,4132164
1789155007,3,0,0.1,4132164
1789155007,3,0,0.004,4132164
1789155007,0,0,0.004,4132164
1789155007,3,0,0.065,4132164
1789155007,0,0,0.006,4132164
1789155008,4,0,0.552,4132164
1789155008,0,0,0.011,4132164
1789155008,5,0,0.587,4132164
1789155008,0,0,0.005,4132164
1789155008,6,0,0.013,4132164
1789155008,5,0,0.13,4132164
1789155008,0,0,0.005,4132164
1789155008,2,0,0.001,4132164
1789155009,4,0,0.626,4132164
1789155009,1,0,0.001,4132164
1789155009,1,0,0.002,4132164
1789155009,7,0,0.169,4132164
1789155010,2,0,0.453,4132164
1789155010,0,0,0.008,4132164
1789155010,3,0,0.098,4132164
1789155010,2,0,0.003,4132164
1789155012,4,0,2.031,4132164
1789155012,0,0,0.011,4132164
1789155012,4,0,0.514,4132164
1789155012,3,0,0.087,4132164
1789155013,2,0,1.084,4132164
1789155013,0,0,0.014,4132164
1789155013,2,0,0.003,4132164
1789155013,0,0,0.003,4132164
1789155013,3,0,0.005,4132164
1789155013,2,0,0.002,4132164
1789155014,3,0,0.092,4132164
1789155014,2,0,0.003,4132164
1789155014,0,0,0.024,4132164
1789155014,0,0,0.006,4132164
1789155014,0,0,0.016,4132164
1789155018,7,0,4.815,4132164
1789155019,4,0,0.651,4132164
1789155020,4,0,0.501,4132164
1789155020,1,0,0.001,4132164
1789155020,6,0,0.004,4132164
1789155020,3,0,0.072,4132164
1789155020,0,0,0.006,4132164
1789155020,3,0,0.109,4132164
1789155020,1,0,0.001,4132164
1789155020,6,0,0.005,4132164
1789155020,0,0,0.03,4132164
1789155020,4,0,0.514,4132164
1789155022,5,0,1.39,4132164
1789155022,1,0,0.002,4132164
1789155022,6,0,0.006,4132164
1789155023,5,0,1.185,4132164
1789155023,0,0,0.005,4132164
1789155024,4,0,0.661,4132164
1789155024,1,0,0.003,4132164
1789155024,0,0,0.007,4132164
1789155024,3,0,0.118,4132164
1789155024,4,0,0.436,4132164
1789155024,6,0,0.007,4132164
1789155024,4,0,0.309,4132164
1789155026,4,0,1.734,4132164
1789155026,0,0,0.009,4132164
1789155026,3,0,0.014,4132164
1789155027,4,0,0.437,4132164
1789155027,1,0,0.001,4132164
1789155027,6,0,0.005,4132164
1789155027,3,0,0.008,4132164
1789155027,0,0,0.003,4132164
1789155027,2,0,0.562,4132164
1789155028,2,0,0.526,4132164
1789155028,1,0,0.001,4132164
1789155028,0,0,0.01,4132164
1789155028,2,0,0.631,4132164
1789155032,7,0,3.497,4132164
1789155032,3,0,0.003,4132164
1789155032,5,0,0.277,4132164
1789155032,3,0,0.021,4132164
1789155033,4,0,0.536,4132164
1789155033,3,0,0.006,4132164
1789155036,7,0,3.724,4132164
1789155036,6,0,0.011,4132164
1789155037,2,0,0.607,4132164
1789155037,2,0,0.003,4132164
1789155037,5,0,0.115,4132164
1789155037,3,0,0.036,4132164
1789155038,4,0,0.691,4132164
1789155038,4,0,0.609,4132164
1789155039,4,0,0.349,4132164
1789155039,0,0,0.004,4132164
1789155039,0,0,0.01,4132164
1789155039,4,0,0.406,4132164
1789155039,0,0,0.01,4132164
1789155039,5,0,0.102,4132164
1789155039,3,0,0.048,4132164
1789155039,6,0,0.014,4132164
1789155040,4,0,0.633,4132164
1789155040,3,0,0.039,4132164
1789155041,4,0,0.41,4132164
1789155041,6,0,0.006,4132164
1789155041,6,0,0.012,4132164
1789155041,2,0,0.43,4132164
1789155041,1,0,0.002,4132164
1789155041,3,0,0.013,4132164
1789155042,5,0,0.566,4132164
1789155042,4,0,0.672,4132164
1789155042,6,0,0.007,4132164
1789155043,2,0,1.079,4132164
1789155044,2,0,0.667,4132164
1789155044,3,0,0.007,4132164
1789155045,4,0,1.291,4132164
1789155045,2,0,0.001,4132164
1789155045,3,0,0.046,4132164
1789155047,5,0,1.267,4132164
1789155047,3,0,0.004,4132164
1789155047,1,0,0.001,4132164
1789155047,6,0,0.007,4132164
1789155047,3,0,0.069,4132164
1789155047,4,0,0.594,4132164
1789155048,2,0,0.795,4132164
1789155048,0,0,0.01,4132164
1789155049,4,0,0.532,4132164
1789155049,4,0,0.196,4132164
1789155049,3,0,0.011,4132164
1789155049,3,0,0.052,4132164
1789155050,4,0,0.66,4132164
1789155050,4,0,0.454,4132164
1789155050,0,0,0.008,4132164
1789155050,4,0,0.515,4132164
1789155050,6,0,0.008,4132164
1789155051,3,0,0.06,4132164
1789155051,1,0,0.001,4132164
1789155051,5,0,0.137,4132164
1789155051,4,0,0.486,4132164
1789155051,6,0,0.011,4132164
1789155051,6,0,0.008,4132164
1789155051,1,0,0.001,4132164
1789155052,4,0,1.202,4132164
1789155052,0,0,0.005,4132164
1789155057,5,0,4.827,4132164
1789155057,0,0,0.021,4132164
1789155057,6,0,0.004,4132164
1789155057,2,0,0.006,4132164
1789155058,2,0,0.604,4132164
1789155058,6,0,0.007,4132164
1789155058,4,0,0.539,4132164
1789155058,6,0,0.006,4132164
1789155059,4,0,0.416,4132164
1789155059,4,0,0.612,4132164
1789155060,4,0,0.428,4132164
1789155060,2,0,0.008,4132164
1789155060,6,0,0.008,4132164
1789155060,7,0,0.194,4132164
1789155060,6,0,0.006,4132164
1789155060,2,0,0.002,4132164
1789155060,1,0,0.001,4132164
1789155060,2,0,0.001,4132164
1789155060,0,0,0.004,4132164
1789155060,3,0,0.108,4132164
1789155060,1,0,0.001,4132164
1789155060,0,0,0.005,4132164
1789155060,3,0,0.014,4132164
1789155060,7,0,0.196,4132164
1789155060,0,0,0.009,4132164
1789155060,3,0,0.03,4132164
1789155060,3,0,0.002,4132164
1789155060,6,0,0.004,4132164
1789155060,3,0,0.009,4132164
1789155060,3,0,0.003,4132164
1789155060,6,0,0.006,4132164
1789155060,0,0,0.003,4132164
1789155061,5,0,0.131,4132164
1789155061,2,0,0.003,4132164
1789155061,3,0,0.024,4132164
1789155061,4,0,0.39,4132164
1789155065,5,0,4.072,4132164
1789155067,4,0,2.347,4132164
1789155068,5,0,0.413,4132164
1789155068,3,0,0.049,4132164
1789155068,0,0,0.015,4132164
1789155068,1,0,0.001,4132164
1789155068,5,0,0.471,4132164
1789155069,4,0,1.069,4132164
1789155069,1,0,0.001,4132164
1789155070,3,0,0.058,4132164
1789155070,3,0,0.027,4132164
1789155070,0,0,0.002,4132164
1789155073,5,0,3.395,4132164
1789155073,2,0,0.391,4132164
1789155074,4,0,0.588,4132164
1789155074,3,0,0.086,4132164
1789155074,1,0,0.001,4132164
1789155075,4,0,0.705,4132164
1789155075,4,0,0.619,4132164
1789155075,0,0,0.01,4132164
1789155075,6,0,0.008,4132164
1789155076,4,0,0.942,4132164
1789155076,3,0,0.115,4132164
1789155076,0,0,0.003,4132164
1789155077,2,0,0.342,4132164
1789155078,2,0,1.01,4132164
1789155078,4,0,0.443,4132164
1789155078,3,0,0.07,4132164
1789155078,5,0,0.203,4132164
1789155079,3,0,0.019,4132164
1789155079,2,0,0.361,4132164
1789155079,4,0,0.454,4132164
1789155080,5,0,0.437,4132164
1789155080,0,0,0.006,4132164
1789155080,3,0,0.006,4132164
1789155080,2,0,0.001,4132164
1789155080,4,0,0.507,4132164
1789155080,3,0,0.008,4132164
1789155081,4,0,0.755,4132164
1789155081,6,0,0.005,4132164
1789155081,6,0,0.004,4132164
1789155081,4,0,0.377,4132164
1789155082,5,0,0.236,4132164
1789155082,2,0,0.447,4132164
1789155082,0,0,0.009,4132164
1789155083,4,0,0.678,4132164
1789155083,0,0,0.006,4132164
1789155083,0,0,0.006,4132164
1789155083,3,0,0.002,4132164
1789155083,3,0,0.059,4132164
1789155083,0,0,0.006,4132164
1789155083,6,0,0.005,4132164
1789155083,6,0,0.005,4132164
1789155083,4,0,0.459,4132164
1789155084,5,0,0.49,4132164
1789155084,0,0,0.003,4132164
1789155084,1,0,0.002,4132164
1789155085,5,0,0.731,4132164
1789155085,4,0,0.245,4132164
1789155085,3,0,0.034,4132164
1789155085,3,0,0.008,4132164
1789155086,4,0,0.865,4132164
1789155086,2,0,0.003,4132164
1789155086,0,0,0.003,4132164
1789155086,3,0,0.002,4132164
1789155086,4,0,0.314,4132164
1789155086,4,0,0.29,4132164
1789155087,4,0,0.596,4132164
1789155088,5,0,0.585,4132164
1789155088,2,0,0.002,4132164
1789155088,2,0,0.516,4132164
1789155088,3,0,0.032,4132164
1789155088,0,0,0.006,4132164
1789155089,5,0,0.873,4132164
1789155093,5,0,4.172,4132164
1789155094,4,0,0.538,4132164
1789155094,1,0,0.001,4132164
1789155094,3,0,0.005,4132164
1789155094,6,0,0.004,4132164
1789155094,2,0,0.782,4132164
1789155094,6,0,0.008,4132164
1789155094,6,0,0.007,4132164
1789155094,6,0,0.004,4132164
1789155095,2,0,0.642,4132164
1789155095,0,0,0.004,4132164
1789155095,3,0,0.016,4132164
1789155095,6,0,0.016,4132164
1789155095,6,0,0.013,4132164
1789155095,0,0,0.004,4132164
1789155095,3,0,0.088,4132164
1789155096,4,0,0.37,4132164
1789155096,4,0,0.577,4132164
1789155096,3,0,0.077,4132164
1789155097,4,0,0.499,4132164
1789155097,3,0,0.138,4132164
1789155097,0,0,0.019,4132164
1789155097,2,0,0.297,4132164
1789155097,0,0,0.003,4132164
1789155097,3,0,0.093,4132164
1789155097,0,0,0.007,4132164
1789155097,2,0,0.001,4132164
1789155098,4,0,0.414,4132164
1789155098,6,0,0.005,4132164
1789155098,3,0,0.032,4132164
1789155098,2,0,0.003,4132164
1789155098,3,0,0.018,4132164
1789155098,0,0,0.005,4132164
1789155098,2,0,0.003,4132164
1789155099,4,0,1.503,4132164
1789155099,0,0,0.005,4132164
1789155100,4,0,0.942,4132164
1789155100,3,0,0.019,4132164
1789155102,4,0,1.228,4132164
1789155102,2,0,0.427,4132164
1789155102,0,0,0.016,4132164
1789155102,5,0,0.179,4132164
1789155103,5,0,0.918,4132164
1789155103,0,0,0.006,4132164
1789155103,0,0,0.004,4132164
1789155107,5,0,4.18,4132164
1789155107,0,0,0.003,4132164
1789155107,0,0,0.008,4132164
1789155107,3,0,0.006,4132164
1789155108,4,0,0.884,4132164
1789155109,4,0,0.803,4132164
1789155109,3,0,0.07,4132164
1789155109,2,0,0.002,4132164
1789155114,5,0,4.762,4132164
1789155114,3,0,0.026,4132164
1789155114,1,0,0.001,4132164
1789155115,2,0,0.692,4132164
1789155115,3,0,0.027,4132164
1789155115,3,0,0.106,4132164
1789155115,6,1,0.005,4132164
1789155115,2,0,0.001,4132164
1789155115,6,0,0.007,4132164
1789155115,0,0,0.003,4132164
1789155115,0,0,0.008,4132164
1789155115,2,0,0.002,4132164
1789155115,3,0,0.101,4132164
1789155115,0,0,0.006,4132164
1789155115,3,0,0.048,4132164
1789155115,6,0,0.01,4132164
1789155119,5,0,4.644,4132164
1789155120,3,0,0.02,4132164
1789155120,0,0,0.009,4132164
1789155120,4,0,0.33,4132164
1789155120,5,0,0.106,4132164
1789155120,3,0,0.056,4132164
1789155120,2,0,0.01,4132164
1789155120,3,0,0.161,4132164
1789155120,3,0,0.015,4132164
1789155121,4,0,0.553,4132164
1789155121,4,0,0.307,4132164
1789155121,2,0,0.006,4132164
1789155126,5,0,4.98,4132164
1789155127,4,0,1.101,4132164
1789155128,2,0,0.447,4132164
1789155128,4,0,0.362,4132164
1789155128,0,0,0.005,4132164
1789155130,2,0,2.298,4132164
1789155130,0,0,0.01,4132164
1789155130,3,0,0.006,4132164
1789155130,1,0,0.001,4132164
1789155131,3,0,0.381,4132164
1789155131,4,0,0.69,4132164
1789155131,3,0,0.052,4132164
1789155132,4,0,0.339,4132164
1789155132,3,0,0.105,4132164
1789155132,4,0,0.388,4132164
1789155132,0,0,0.002,4132164
1789155132,2,0,0.001,4132164
1789155132,0,0,0.005,4132164
1789155132,0,0,0.008,4132164
1789155133,4,0,0.473,4132164
1789155133,5,0,0.339,4132164
1789155134,2,0,0.69,4132164
1789155134,3,0,0.023,4132164
1789155134,0,0,0.007,4132164
1789155134,1,0,0.001,4132164
1789155134,3,0,0.059,4132164
1789155134,0,0,0.005,4132164
1789155134,3,0,0.017,4132164
1789155134,0,0,0.005,4132164
1789155134,0,0,0.011,4132164
1789155135,4,0,0.764,4132164
1789155135,4,0,0.518,4132164
1789155135,6,0,0.005,4132164
1789155135,3,0,0.087,4132164
1789155140,5,0,4.568,4132164
1789155140,3,0,0.06,4132164
1789155141,4,0,0.682,4132164
1789155141,4,0,0.355,4132164
1789155143,4,0,1.672,4132164
1789155143,3,0,0.088,4132164
1789155144,4,0,0.932,4132164
1789155144,2,0,0.57,4132164
1789155145,4,0,0.414,4132164
1789155145,2,0,0.001,4132164
1789155145,3,0,0.015,4132164
1789155148,5,0,3.221,4132164
1789155148,4,0,0.314,4132164
1789155148,0,0,0.009,4132164
1789155153,7,0,4.747,4132164
1789155154,4,0,0.737,4132164
1789155155,4,0,0.877,4132164
1789155155,3,0,0.002,4132164
1789155155,3,0,0.061,4132164
1789155159,5,0,4.371,4132164
1789155159,3,0,0.007,4132164
1789155159,0,0,0.019,4132164
1789155159,2,0,0.003,4132164
1789155159,2,0,0.485,4132164
1789155159,3,0,0.005,4132164
1789155160,4,0,0.492,4132164
1789155160,2,0,0.003,4132164
1789155160,0,0,0.006,4132164
1789155160,3,0,0.006,4132164
1789155160,4,0,0.425,4132164
1789155164,7,0,3.433,4132164
1789155164,0,0,0.005,4132164
1789155166,4,0,2.152,4132164
1789155166,3,0,0.092,4132164
1789155166,6,0,0.01,4132164
1789155166,0,0,0.005,4132164
1789155166,4,0,0.188,4132164
1789155166,6,0,0.005,4132164
1789155166,5,0,0.1,4132164
1789155167,4,0,1.032,4132164
1789155168,4,0,0.627,4132164
1789155168,4,0,0.377,4132164
1789155168,2,0,0.001,4132164
1789155168,6,0,0.019,4132164
1789155168,6,0,0.006,4132164
1789155170,2,0,1.283,4132164
1789155170,5,0,0.141,4132164
1789155170,0,0,0.008,4132164
1789155170,0,0,0.004,4132164
1789155170,3,0,0.073,4132164
1789155171,2,0,0.566,4132164
1789155171,6,0,0.026,4132164
1789155171,3,0,0.021,4132164
1789155171,4,0,0.427,4132164
1789155171,1,0,0.002,4132164
1789155172,4,0,1.018,4132164
1789155173,4,0,0.901,4132164
1789155173,4,0,0.489,4132164
1789155173,3,0,0.007,4132164
1789155173,3,0,0.046,4132164
1789155174,4,0,0.473,4132164
1789155174,3,0,0.039,4132164
1789155174,2,0,0.003,4132164
1789155176,4,0,1.857,4132164
1789155176,6,0,0.005,4132164
1789155180,5,0,4.205,4132164
1789155180,6,0,0.015,4132164
1789155180,3,0,0.044,4132164
1789155180,3,0,0.033,4132164
1789155180,3,0,0.028,4132164
1789155180,6,0,0.006,4132164
1789155180,1,0,0.001,4132164
1789155181,2,0,0.688,4132164
1789155181,4,0,0.386,4132164
1789155186,7,0,4.308,4132164
1789155186,5,0,0.144,4132164
1789155186,1,0,0.001,4132164
1789155186,2,0,0.003,4132164
1789155186,3,0,0.007,4132164
1789155186,3,0,0.034,4132164
1789155186,3,0,0.076,4132164
1789155186,6,0,0.008,4132164
1789155186,4,0,0.296,4132164
1789155188,4,0,1.643,4132164
1789155188,1,0,0.001,4132164
1789155188,3,0,0.006,4132164
1789155188,6,0,0.012,4132164
1789155188,3,0,0.255,4132164
1789155189,5,0,1.128,4132164
1789155189,6,0,0.008,4132164
1789155190,4,0,1.078,4132164
1789155191,2,0,0.475,4132164
1789155192,4,0,0.99,4132164
1789155195,7,0,3.693,4132164
1789155195,0,0,0.015,4132164
1789155196,5,0,0.206,4132164
1789155196,3,0,0.067,4132164
1789155196,5,0,0.12,4132164
1789155197,4,0,0.708,4132164
1789155197,2,0,0.002,4132164
1789155197,2,0,0.002,4132164
1789155198,4,0,1.367,4132164
1789155198,0,0,0.006,4132164
1789155198,2,0,0.002,4132164
1789155199,4,0,0.594,4132164
1789155199,5,0,0.475,4132164
1789155199,2,0,0.001,4132164
1789155199,2,0,0.002,4132164
1789155199,0,0,0.01,4132164
1789155200,2,0,0.573,4132164
1789155200,0,0,0.01,4132164
1789155200,6,1,0.012,4132164
1789155200,4,0,0.477,4132164
1789155200,0,0,0.004,4132164
1789155200,3,0,0.012,4132164
1789155201,4,0,0.583,4132164
1789155201,3,0,0.011,4132164
1789155201,0,0,0.008,4132164
1789155201,0,0,0.014,4132164
1789155201,3,0,0.06,4132164
1789155201,3,0,0.008,4132164
1789155201,5,0,0.127,4132164
1789155202,4,0,1.006,4132164
1789155202,3,0,0.08,4132164
1789155202,6,0,0.007,4132164
1789155202,6,0,0.004,4132164
1789155202,2,0,0,4132164
1789155202,0,0,0.011,4132164
1789155202,3,0,0.068,4132164
1789155202,3,0,0.019,4132164
1789155203,2,0,0.614,4132164
1789155203,4,0,0.381,4132164
1789155204,5,0,0.686,4132164
1789155204,4,0,0.69,4132164
1789155204,6,0,0.006,4132164
1789155205,5,0,0.587,4132164
1789155205,0,0,0.01,4132164
1789155205,1,0,0.002,4132164
1789155205,3,0,0.016,4132164
1789155205,1,0,0.001,4132164
1789155205,5,0,0.11,4132164
1789155206,2,0,0.375,4132164
1789155207,2,0,1.265,4132164
1789155207,4,0,0.415,4132164
1789155207,0,0,0.01,4132164
1789155212,5,0,4.314,4132164
1789155212,0,0,0.004,4132164
1789155212,5,0,0.163,4132164
1789155213,2,0,1.054,4132164
1789155213,4,0,0.651,4132164
1789155214,3,0,0.221,4132164
1789155214,0,0,0.005,4132164
1789155214,4,0,0.806,4132164
1789155214,0,0,0.007,4132164
1789155216,4,0,1.697,4132164
1789155216,5,0,0.192,4132164
1789155218,2,0,1.2,4132164
1789155218,0,0,0.01,4132164
1789155218,5,0,0.595,4132164
1789155218,0,0,0.011,4132164
1789155220,4,0,1.924,4132164
1789155220,0,0,0.006,4132164
1789155221,4,0,0.683,4132164
1789155221,0,0,0.003,4132164
1789155221,1,0,0.001,4132164
1789155223,4,0,2.215,4132164
1789155223,0,0,0.004,4132164
1789155223,3,0,0.011,4132164
1789155224,2,0,1.243,4132164
1789155224,3,0,0.044,4132164
1789155224,6,0,0.005,4132164
1789155224,6,0,0.006,4132164
1789155230,7,0,5.181,4132164
1789155231,4,0,1.35,4132164
1789155231,3,0,0.011,4132164
1789155231,1,0,0.002,4132164
1789155231,2,0,0.002,4132164
1789155231,2,0,0.509,4132164
1789155231,6,0,0.011,4132164
1789155231,6,0,0.018,4132164
1789155232,2,0,0.718,4132164
1789155232,6,0,0.008,4132164
1789155232,6,0,0.006,4132164
1789155236,5,0,3.455,4132164
1789155236,2,0,0.012,4132164
1789155236,0,0,0.006,4132164
1789155236,0,0,0.005,4132164
1789155236,2,0,0.459,4132164
1789155236,1,0,0.001,4132164
1789155236,0,0,0.005,4132164
1789155237,4,0,0.659,4132164
1789155237,3,0,0.046,4132164
1789155238,2,0,0.872,4132164
1789155238,3,0,0.003,4132164
1789155238,3,0,0.031,4132164
1789155242,5,0,4.629,4132164
1789155243,4,0,0.308,4132164
1789155243,6,0,0.023,4132164
1789155243,3,0,0.06,4132164
1789155243,2,0,0.001,4132164
1789155243,2,0,0.569,4132164
1789155243,6,0,0.005,4132164
1789155243,6,0,0.004,4132164
1789155243,3,0,0.042,4132164
1789155244,4,0,0.758,4132164
1789155244,3,0,0.006,4132164
1789155245,4,0,0.445,4132164
1789155245,3,0,0.007,4132164
1789155245,6,0,0.007,4132164
1789155249,5,0,4.035,4132164
1789155249,2,0,0.185,4132164
1789155249,2,0,0.001,4132164
1789155249,0,0,0.006,4132164
1789155249,3,0,0.016,4132164
1789155249,3,0,0.004,4132164
1789155253,5,0,4.628,4132164
1789155253,6,0,0.007,4132164
1789155253,2,0,0.003,4132164
1789155254,5,0,0.118,4132164
1789155254,6,0,0.004,4132164
1789155254,1,0,0.001,4132164
1789155254,3,0,0.006,4132164
1789155258,5,0,4.401,4132164
1789155258,6,0,0.006,4132164
1789155258,6,0,0.01,4132164
1789155259,4,0,0.586,4132164
1789155259,2,0,0.517,4132164
1789155260,4,0,1.03,4132164
1789155262,4,0,1.429,4132164
1789155262,4,0,0.556,4132164
1789155263,4,0,0.583,4132164
1789155263,1,0,0.002,4132164
1789155263,6,0,0.007,4132164
1789155263,1,0,0.001,4132164
1789155267,5,0,4.356,4132164
1789155267,5,0,0.109,4132164
1789155267,6,0,0.005,4132164
1789155267,2,0,0.002,4132164
1789155267,6,0,0.013,4132164
1789155267,0,0,0.004,4132164
1789155267,0,0,0.006,4132164
1789155268,2,0,1.256,4132164
1789155268,3,0,0.008,4132164
1789155269,3,0,0.045,4132164
1789155269,1,0,0.002,4132164
1789155269,1,0,0.001,4132164
1789155269,2,0,0.001,4132164
1789155269,2,0,0.914,4132164
1789155269,0,0,0.012,4132164
1789155270,0,0,0.053,4132164
1789155274,5,0,4.399,4132164
1789155275,2,0,0.856,4132164
1789155275,0,0,0.007,4132164
1789155275,6,0,0.007,4132164
1789155276,5,0,1.075,4132164
1789155276,2,0,0.29,4132164
1789155276,1,0,0.001,4132164
1789155276,2,0,0.003,4132164
1789155277,4,0,0.696,4132164
1789155277,3,0,0.008,4132164
1789155277,1,0,0.001,4132164
1789155277,6,0,0.008,4132164
1789155277,6,0,0.005,4132164
1789155277,5,0,0.109,4132164
1789155277,2,0,0.501,4132164
1789155277,0,0,0.005,4132164
1789155278,0,0,0.012,4132164
1789155278,3,0,0.004,4132164
1789155278,3,0,0.102,4132164
1789155278,5,0,0.164,4132164
1789155278,6,0,0.004,4132164
1789155278,0,0,0.004,4132164
1789155278,2,0,0.001,4132164
1789155280,4,0,1.981,4132164
1789155280,3,0,0.003,4132164
1789155280,3,0,0.125,4132164
1789155280,5,0,0.378,4132164
1789155280,3,0,0.044,4132164
1789155280,6,0,0.004,4132164
1789155281,4,0,0.208,4132164
1789155281,3,0,0.036,4132164
1789155281,6,0,0.007,4132164
1789155281,4,0,0.491,4132164
1789155282,5,0,0.522,4132164
1789155282,2,0,0.748,4132164
1789155283,4,0,1.163,4132164
1789155283,1,0,0.001,4132164
1789155284,4,0,0.451,4132164
1789155284,3,0,0.013,4132164
1789155284,4,0,0.244,4132164
1789155284,2,0,0.003,4132164
1789155284,3,0,0.068,4132164
1789155285,4,0,0.427,4132164
1789155285,6,0,0.004,4132164
1789155285,4,0,0.376,4132164
1789155286,4,0,0.464,4132164
1789155286,6,0,0.009,4132164
1789155286,3,0,0.011,4132164
1789155287,4,0,1.395,4132164
1789155287,2,0,0.001,4132164
1789155287,1,0,0.001,4132164
1789155287,3,0,0.068,4132164
1789155287,4,0,0.39,4132164
1789155287,6,0,0.007,4132164
1789155287,0,0,0.006,4132164
1789155287,6,0,0.004,4132164
1789155289,4,0,1.295,4132164
1789155289,0,0,0.01,4132164
1789155289,1,0,0.001,4132164
1789155289,4,0,0.66,4132164
1789155290,3,0,0.254,4132164
1789155290,1,0,0.001,4132164
1789155290,2,0,0.002,4132164
1789155290,3,0,0.005,4132164
1789155290,5,0,0.14,4132164
1789155290,2,0,0.004,4132164
1789155290,2,0,0.002,4132164
1789155290,2,0,0.002,4132164
1789155290,6,0,0.005,4132164
1789155290,3,0,0.01,4132164
1789155290,3,0,0.014,4132164
1789155290,3,0,0.006,4132164
1789155290,6,0,0.006,4132164
1789155290,5,0,0.408,4132164
1789155290,4,0,0.225,4132164
1789155291,0,0,0.027,4132164
1789155291,0,0,0.017,4132164
1789155291,2,0,0.008,4132164
1789155292,4,0,0.982,4132164
1789155292,3,0,0.025,4132164
1789155292,0,0,0.004,4132164
1789155292,3,0,0.038,4132164
1789155292,7,0,0.379,4132164
1789155293,2,0,0.798,4132164
1789155293,4,0,0.391,4132164
1789155293,4,0,0.28,4132164
1789155294,5,0,0.172,4132164
1789155294,6,0,0.005,4132164
1789155294,2,0,0.325,4132164
1789155294,3,0,0.01,4132164
1789155294,3,0,0.077,4132164
1789155294,4,0,0.344,4132164
1789155294,3,0,0.024,4132164
1789155295,2,0,0.724,4132164
1789155297,4,0,2.178,4132164
1789155298,2,0,0.286,4132164
1789155298,5,0,0.086,4132164
1789155298,2,0,0.327,4132164
1789155298,3,0,0.028,4132164
1789155298,4,0,0.267,4132164
1789155298,0,0,0.004,4132164
1789155298,6,0,0.01,4132164
1789155298,1,0,0.001,4132164
1789155298,2,0,0.001,4132164
1789155298,6,0,0.006,4132164
1789155299,4,0,0.575,4132164
1789155299,3,0,0.077,4132164
1789155300,4,0,0.674,4132164
1789155300,4,0,0.318,4132164
1789155300,3,0,0.005,4132164
1789155301,7,0,0.577,4132164
1789155301,3,0,0.084,4132164
1789155301,1,0,0.001,4132164
1789155301,4,0,0.32,4132164
1789155301,3,0,0.092,4132164
1789155301,0,0,0.005,4132164
1789155302,2,0,0.799,4132164
1789155302,1,0,0.001,4132164
1789155302,4,0,0.504,4132164
1789155302,3,0,0.029,4132164
1789155303,4,0,0.625,4132164
1789155303,1,0,0.001,4132164
1789155303,2,0,0.001,4132164
1789155303,0,0,0.003,4132164
1789155304,4,0,0.572,4132164
1789155304,0,0,0.005,4132164
1789155304,3,0,0.007,4132164
1789155304,2,0,0.003,4132164
1789155304,3,0,0.034,4132164
1789155304,3,0,0.002,4132164
1789155304,3,0,0.076,4132164
1789155304,3,0,0.004,4132164
1789155304,2,0,0.001,4132164
1789155304,2,0,0.003,4132164
1789155304,3,0,0.073,4132164
1789155304,3,0,0.006,4132164
1789155304,0,0,0.032,4132164
1789155305,4,0,0.832,4132164
1789155305,1,0,0.001,4132164
1789155305,0,0,0.007,4132164
1789155305,6,0,0.013,4132164
1789155306,4,0,0.957,4132164
1789155306,3,0,0.089,4132164
1789155306,0,0,0.003,4132164
1789155306,0,0,0.007,4132164
1789155306,5,0,0.158,4132164
1789155306,4,0,0.254,4132164
1789155306,4,0,0.26,4132164
1789155306,3,0,0.046,4132164
1789155307,4,0,0.331,4132164
1789155307,6,0,0.011,4132164
1789155307,3,0,0.058,4132164
1789155307,1,0,0.002,4132164
1789155307,6,0,0.012,4132164
1789155307,2,0,0.001,4132164
1789155308,5,0,0.809,4132164
1789155309,4,0,0.947,4132164
1789155309,5,0,0.247,4132164
1789155310,4,0,0.643,4132164
1789155310,0,0,0.004,4132164
1789155310,5,0,0.175,4132164
1789155310,0,0,0.008,4132164
1789155310,0,0,0.006,4132164
1789155310,0,0,0.005,4132164
1789155310,3,0,0.144,4132164
1789155310,2,0,0.003,4132164
1789155310,4,0,0.346,4132164
1789155310,3,0,0.081,4132164
1789155312,7,0,1.259,4132164
1789155312,3,0,0.171,4132164
1789155312,6,0,0.038,4132164
1789155312,3,0,0.074,4132164
1789155312,2,0,0.001,4132164
1789155312,2,0,0.362,4132164
1789155314,2,0,2.168,4132164
1789155314,6,0,0.002,4132164
1789155315,2,0,0.758,4132164
1789155315,3,0,0.098,4132164
1789155315,3,0,0.004,4132164
1789155316,4,0,0.563,4132164
1789155316,1,0,0.001,4132164
1789155316,4,0,0.428,4132164
1789155316,3,0,0.057,4132164
1789155316,3,0,0.1,4132164
1789155317,3,0,0.137,4132164
1789155317,6,0,0.007,4132164
1789155317,2,0,0.002,4132164
1789155317,3,0,0.101,4132164
1789155317,3,0,0.013,4132164
1789155317,3,0,0.116,4132164
1789155317,6,0,0.006,4132164
1789155317,3,0,0.012,4132164
1789155317,3,0,0.047,4132164
1789155317,4,0,0.144,4132164
1789155317,6,0,0.01,4132164
1789155318,4,0,0.519,4132164
1789155318,0,0,0.005,4132164
1789155318,0,0,0.012,4132164
1789155318,0,0,0.019,4132164
1789155318,3,0,0.101,4132164
1789155319,4,0,0.957,4132164
1789155319,2,0,0.003,4132164
1789155319,4,0,0.592,4132164
1789155319,6,0,0.006,4132164
1789155321,4,0,1.482,4132164
1789155321,4,0,0.819,4132164
1789155321,1,0,0.001,4132164
1789155322,0,0,0.007,4132164
1789155323,4,0,1.699,4132164
1789155323,1,0,0.002,4132164
1789155324,4,0,0.38,4132164
1789155324,3,0,0.006,4132164
1789155324,0,0,0.013,4132164
1789155324,1,0,0,4132164
1789155324,0,0,0.012,4132164
1789155324,4,0,0.689,4132164
1789155324,0,0,0.014,4132164
1789155325,4,0,0.7,4132164
1789155325,4,0,0.451,4132164
1789155326,5,0,0.204,4132164
1789155326,2,0,0.816,4132164
1789155327,3,0,0.016,4132164
1789155327,0,0,0.022,4132164
1789155327,6,0,0.004,4132164
1789155327,0,0,0.072,4132164
1789155327,4,0,0.719,4132164
1789155327,3,0,0.052,4132164
1789155327,3,0,0.068,4132164
1789155328,4,0,0.507,4132164
1789155328,3,0,0.115,4132164
1789155328,4,0,0.333,4132164
1789155329,5,0,0.107,4132164
1789155329,3,0,0.005,4132164
1789155329,4,0,0.789,4132164
1789155330,5,0,0.815,4132164
1789155330,0,0,0.006,4132164
1789155331,4,0,0.803,4132164
1789155331,0,0,0.011,4132164
1789155331,3,0,0.05,4132164
1789155331,0,0,0.009,4132164
1789155331,3,0,0.005,4132164
1789155331,0,0,0.006,4132164
1789155331,3,0,0.004,4132164
1789155332,4,0,0.999,4132164
1789155333,4,0,0.964,4132164
1789155333,2,0,0.005,4132164
1789155334,4,0,1.13,4132164
1789155335,4,0,0.607,4132164
1789155335,6,0,0.004,4132164
1789155335,2,0,0.002,4132164
1789155335,4,0,0.306,4132164
1789155335,0,0,0.01,4132164
1789155335,2,0,0.337,4132164
1789155336,4,0,0.731,4132164
1789155336,3,0,0.058,4132164
1789155337,4,0,0.471,4132164
1789155337,2,0,0.306,4132164
1789155337,0,0,0.014,4132164
1789155337,7,0,0.459,4132164
1789155337,3,0,0.006,4132164
1789155337,3,0,0.008,4132164
1789155337,6,0,0.007,4132164
1789155337,3,0,0.001,4132164
1789155337,2,0,0.002,4132164
1789155337,3,0,0.026,4132164
1789155338,4,0,0.726,4132164
1789155338,0,0,0.006,4132164
1789155338,1,0,0.001,4132164
1789155338,2,0,0.002,4132164
1789155339,5,0,0.333,4132164
1789155339,4,0,0.593,4132164
1789155340,2,0,0.683,4132164
1789155340,4,0,0.364,4132164
1789155340,0,0,0.015,4132164
1789155344,5,0,3.7,4132164
1789155344,0,0,0.003,4132164
1789155348,5,0,4.54,4132164
1789155349,4,0,0.705,4132164
1789155350,2,0,0.422,4132164
1789155350,0,0,0.012,4132164
1789155350,3,0,0.085,4132164
1789155350,5,0,0.715,4132164
1789155351,7,0,1.071,4132164
1789155351,0,0,0.011,4132164
1789155351,3,0,0.016,4132164
1789155356,7,0,4.024,4132164
1789155356,4,0,0.594,4132164
1789155356,3,0,0.066,4132164
1789155356,0,0,0.01,4132164
1789155357,4,0,0.859,4132164
1789155357,3,0,0.062,4132164
1789155357,6,0,0.005,4132164
1789155359,4,0,1.974,4132164
1789155360,4,0,0.516,4132164
1789155360,3,0,0.079,4132164
1789155361,4,0,0.838,4132164
1789155361,6,0,0.006,4132164
1789155361,7,0,0.176,4132164
1789155361,4,0,0.272,4132164
1789155362,2,0,0.792,4132164
1789155363,4,0,0.783,4132164
1789155363,2,0,0.833,4132164
1789155364,4,0,0.922,4132164
1789155365,4,0,0.956,4132164
1789155365,5,0,0.149,4132164
1789155367,2,0,1.471,4132164
1789155368,4,0,1.176,4132164
1789155368,3,0,0.003,4132164
1789155368,3,0,0.128,4132164
1789155368,3,0,0.089,4132164
1789155368,0,0,0.016,4132164
1789155368,0,0,0.015,4132164
1789155368,6,0,0.007,4132164
1789155369,5,0,0.493,4132164
1789155369,6,0,0.005,4132164
1789155369,4,0,0.377,4132164
1789155369,0,0,0.013,4132164
1789155370,4,0,0.481,4132164
1789155370,0,0,0.011,4132164
1789155370,3,0,0.006,4132164
1789155370,6,0,0.006,4132164
1789155370,3,0,0.039,4132164
1789155370,4,0,0.547,4132164
1789155371,7,0,0.535,4132164
1789155371,3,0,0.061,4132164
1789155376,5,0,5.626,4132164
1789155377,3,0,0.116,4132164
1789155378,4,0,1.53,4132164
1789155378,STOP,,,4132164
