1789151760,5,0,0.093,4132087
1789151760,1,0,0.005,4132087
1789151760,0,0,0.012,4132087
1789151760,3,0,0.008,4132087
1789151760,4,0,0.555,4132087
1789151761,2,0,0.17,4132087
1789151761,5,0,0.071,4132087
1789151761,4,0,0.357,4132087
1789151761,2,0,0.004,4132087
1789151761,0,0,0.009,4132087
1789151761,3,0,0.058,4132087
1789151761,4,0,0.33,4132087
1789151762,4,0,0.531,4132087
1789151762,0,0,0.006,4132087
1789151763,2,0,0.519,4132087
1789151763,4,0,0.256,4132087
1789151764,2,0,1.242,4132087
1789151765,2,0,0.796,4132087
1789151769,5,0,4.024,4132087
1789151769,3,0,0.098,4132087
1789151769,4,0,0.53,4132087
1789151770,3,0,0.058,4132087
1789151770,0,0,0.006,4132087
1789151770,4,0,0.459,4132087
1789151770,2,0,0.313,4132087
1789151770,0,0,0.01,4132087
1789151771,2,0,0.747,4132087
1789151771,6,0,0.018,4132087
1789151771,3,0,0.144,4132087
1789151772,4,0,0.524,4132087
1789151772,2,0,0.002,4132087
1789151772,0,0,0.006,4132087
1789151772,3,0,0.059,4132087
1789151772,2,0,0.503,4132087
1789151773,4,0,0.588,4132087
1789151774,4,0,0.852,4132087
1789151774,0,0,0.005,4132087
1789151774,0,0,0.004,4132087
1789151774,6,0,0.006,4132087
1789151774,0,0,0.006,4132087
1789151774,1,0,0.001,4132087
1789151774,5,0,0.182,4132087
1789151774,0,0,0.01,4132087
1789151775,4,0,0.543,4132087
1789151775,2,0,0.518,4132087
1789151775,6,1,0.008,4132087
1789151775,3,0,0.014,4132087
1789151775,3,0,0.066,4132087
1789151775,0,0,0.008,4132087
1789151775,6,0,0.011,4132087
1789151776,4,0,0.854,4132087
1789151776,0,0,0.004,4132087
1789151777,2,0,0.539,4132087
1789151777,3,0,0.03,4132087
1789151777,3,0,0.007,4132087
1789151777,3,0,0.034,4132087
1789151777,1,0,0.001,4132087
1789151777,3,0,0.04,4132087
1789151777,3,0,0.033,4132087
1789151777,3,0,0.014,4132087
1789151777,2,0,0.413,4132087
1789151777,4,0,0.313,4132087
1789151778,4,0,0.279,4132087
1789151779,4,0,1.233,4132087
1789151779,4,0,0.522,4132087
1789151780,5,0,0.304,4132087
1789151780,6,0,0.005,4132087
1789151780,2,0,0.511,4132087
1789151780,0,0,0.008,4132087
1789151782,4,0,1.735,4132087
1789151782,4,0,0.31,4132087
1789151782,1,0,0.002,4132087
1789151783,4,0,0.645,4132087
1789151783,3,0,0.004,4132087
1789151783,2,0,0.002,4132087
1789151783,0,0,0.004,4132087
1789151787,5,0,3.698,4132087
1789151787,2,0,0.5,4132087
1789151787,3,0,0.153,4132087
1789151787,0,0,0.033,4132087
1789151789,4,0,1.506,4132087
1789151789,0,0,0.003,4132087
1789151790,4,0,0.678,4132087
1789151790,5,0,0.101,4132087
1789151790,2,0,0.188,4132087
1789151790,6,0,0.009,4132087
1789151790,2,0,0.633,4132087
1789151791,6,0,0.011,4132087
1789151791,3,0,0.061,4132087
1789151791,1,0,0.002,4132087
1789151791,0,0,0.009,4132087
1789151791,5,0,0.694,4132087
1789151791,3,0,0.009,4132087
1789151791,3,0,0.064,4132087
1789151791,3,0,0.004,4132087
1789151791,1,0,0.002,4132087
1789151791,1,0,0.001,4132087
1789151792,4,0,0.335,4132087
1789151792,3,0,0.006,4132087
1789151792,0,0,0.005,4132087
1789151792,6,0,0.014,4132087
1789151792,4,0,0.495,4132087
1789151792,6,0,0.008,4132087
1789151792,6,0,0.005,4132087
1789151793,5,0,0.585,4132087
1789151794,5,0,0.974,4132087
1789151794,2,0,0.006,4132087
1789151794,3,0,0.01,4132087
1789151794,2,0,0.658,4132087
1789151795,5,0,0.588,4132087
1789151795,4,0,0.378,4132087
1789151796,4,0,0.596,4132087
1789151796,3,0,0.032,4132087
1789151796,6,0,0.004,4132087
1789151797,5,0,0.756,4132087
1789151797,3,0,0.08,4132087
1789151798,4,0,0.879,4132087
1789151798,2,0,0.245,4132087
1789151799,2,0,0.681,4132087
1789151799,5,0,0.36,4132087
1789151799,4,0,0.311,4132087
1789151800,4,0,0.778,4132087
1789151800,0,0,0.004,4132087
1789151800,1,0,0.001,4132087
1789151800,3,0,0.007,4132087
1789151802,4,0,1.674,4132087
1789151802,0,0,0.01,4132087
1789151802,4,0,0.505,4132087
1789151802,0,0,0.004,4132087
1789151802,6,0,0.004,4132087
1789151803,4,0,0.502,4132087
1789151803,0,0,0.029,4132087
1789151803,1,0,0,4132087
1789151803,0,0,0.003,4132087
1789151807,5,0,4.321,4132087
1789151808,4,0,0.537,4132087
1789151808,4,0,0.682,4132087
1789151808,0,0,0.004,4132087
1789151808,0,0,0.007,4132087
1789151808,3,0,0.009,4132087
1789151809,4,0,0.721,4132087
1789151810,4,0,0.842,4132087
1789151811,4,0,0.793,4132087
1789151811,3,0,0.13,4132087
1789151812,4,0,0.993,4132087
1789151812,3,0,0.02,4132087
1789151812,3,0,0.062,4132087
1789151812,0,0,0.007,4132087
1789151812,4,0,0.418,4132087
1789151812,0,0,0.004,4132087
1789151812,0,0,0.007,4132087
1789151812,6,0,0.008,4132087
1789151813,3,0,0.101,4132087
1789151813,2,0,0.611,4132087
1789151813,3,0,0.039,4132087
1789151814,4,0,0.566,4132087
1789151814,6,0,0.006,4132087
1789151814,1,0,0.001,4132087
1789151814,4,0,0.253,4132087
1789151815,2,0,0.933,4132087
1789151816,4,0,0.684,4132087
1789151816,2,0,0.758,4132087
1789151816,0,0,0.005,4132087
1789151816,6,0,0.006,4132087
1789151817,5,0,0.54,4132087
1789151817,3,0,0.007,4132087
1789151817,5,0,0.14,4132087
1789151817,4,0,0.311,4132087
1789151817,6,0,0.011,4132087
1789151818,4,0,0.415,4132087
1789151818,3,0,0.018,4132087
1789151818,3,0,0.057,4132087
1789151818,5,0,0.118,4132087
1789151822,5,0,3.597,4132087
1789151822,0,0,0.009,4132087
1789151822,6,0,0.014,4132087
1789151822,2,0,0.438,4132087
1789151822,5,0,0.398,4132087
1789151823,4,0,0.499,4132087
1789151823,4,0,0.259,4132087
1789151824,4,0,1.172,4132087
1789151824,3,0,0.045,4132087
1789151825,4,0,0.46,4132087
1789151825,3,0,0.075,4132087
1789151825,6,0,0.006,4132087
1789151825,4,0,0.457,4132087
1789151826,4,0,0.4,4132087
1789151826,3,0,0.036,4132087
1789151826,0,0,0.02,4132087
1789151826,3,0,0.074,4132087
1789151826,0,0,0.005,4132087
1789151826,4,0,0.435,4132087
1789151826,6,0,0.019,4132087
1789151826,0,0,0.014,4132087
1789151826,0,0,0.004,4132087
1789151826,3,0,0.007,4132087
1789151826,6,0,0.004,4132087
1789151831,7,0,4.246,4132087
1789151831,3,0,0.002,4132087
1789151831,4,0,0.714,4132087
1789151832,2,0,0.34,4132087
1789151832,4,0,0.276,4132087
1789151833,2,0,0.566,4132087
1789151833,4,0,0.619,4132087
1789151833,3,0,0.062,4132087
1789151833,2,0,0.013,4132087
1789151833,0,0,0.018,4132087
1789151833,6,0,0.009,4132087
1789151833,0,0,0.006,4132087
1789151833,3,0,0.048,4132087
1789151833,3,0,0.069,4132087
1789151836,5,0,2.888,4132087
1789151836,6,0,0.004,4132087
1789151836,5,0,0.115,4132087
1789151837,3,0,0.066,4132087
1789151837,6,0,0.005,4132087
1789151840,5,0,3.35,4132087
1789151844,5,0,4.297,4132087
1789151845,4,0,0.576,4132087
1789151845,3,0,0.049,4132087
1789151845,6,0,0.005,4132087
1789151846,4,0,1.209,4132087
1789151846,3,0,0.084,4132087
1789151847,2,0,0.421,4132087
1789151847,5,0,0.645,4132087
1789151848,4,0,0.498,4132087
1789151849,4,0,1.196,4132087
1789151849,3,0,0.024,4132087
1789151849,3,0,0.14,4132087
1789151849,4,0,0.425,4132087
1789151849,3,0,0.008,4132087
1789151850,5,0,0.346,4132087
1789151850,0,0,0.005,4132087
1789151850,6,0,0.012,4132087
1789151850,7,0,0.608,4132087
1789151851,3,0,0.086,4132087
1789151851,3,0,0.035,4132087
1789151851,3,0,0.002,4132087
1789151856,5,0,5.065,4132087
1789151856,1,0,0.002,4132087
1789151856,6,0,0.007,4132087
1789151856,5,0,0.452,4132087
1789151856,3,0,0.024,4132087
1789151856,3,0,0.055,4132087
1789151856,3,0,0.013,4132087
1789151856,1,0,0.001,4132087
1789151857,4,0,0.467,4132087
1789151857,7,0,0.282,4132087
1789151857,6,0,0.01,4132087
1789151858,4,0,1.09,4132087
1789151858,3,0,0.08,4132087
1789151859,4,0,0.757,4132087
1789151859,2,0,0.004,4132087
1789151859,4,0,0.255,4132087
1789151859,3,0,0.059,4132087
1789151859,2,0,0.005,4132087
1789151859,0,0,0.014,4132087
1789151859,3,0,0.13,4132087
1789151860,2,0,0.811,4132087
1789151860,3,0,0.011,4132087
1789151861,4,0,0.558,4132087
1789151861,2,0,0.351,4132087
1789151862,2,0,0.43,4132087
1789151862,4,0,0.702,4132087
1789151863,4,0,0.799,4132087
1789151863,4,0,0.326,4132087
1789151863,5,0,0.125,4132087
1789151863,3,0,0.012,4132087
1789151863,0,0,0.006,4132087
1789151863,3,0,0.004,4132087
1789151864,3,0,0.068,4132087
1789151864,5,0,0.335,4132087
1789151864,0,0,0.007,4132087
1789151864,5,0,0.106,4132087
1789151864,0,0,0.005,4132087
1789151866,4,0,2.127,4132087
1789151866,3,0,0.164,4132087
1789151866,2,0,0.003,4132087
1789151867,4,0,0.765,4132087
1789151867,0,0,0.005,4132087
1789151867,1,0,0.001,4132087
1789151867,6,0,0.01,4132087
1789151867,0,0,0.007,4132087
1789151867,2,0,0.002,4132087
1789151867,6,0,0.005,4132087
1789151867,0,0,0.008,4132087
1789151867,3,0,0.037,4132087
1789151868,4,0,0.423,4132087
1789151868,6,0,0.017,4132087
1789151868,0,0,0.004,4132087
1789151868,4,0,0.42,4132087
1789151873,7,0,5.283,4132087
1789151873,3,0,0.096,4132087
1789151874,2,0,0.929,4132087
1789151875,3,0,0.222,4132087
1789151875,3,0,0.084,4132087
1789151875,6,0,0.006,4132087
1789151875,3,0,0.005,4132087
1789151875,5,0,0.127,4132087
1789151876,2,0,0.946,4132087
1789151876,6,0,0.005,4132087
1789151876,0,0,0.012,4132087
1789151876,6,0,0.008,4132087
1789151876,0,0,0.007,4132087
1789151876,0,0,0.004,4132087
1789151876,1,0,0.001,4132087
1789151877,4,0,0.964,4132087
1789151877,4,0,0.77,4132087
1789151878,5,0,0.182,4132087
1789151878,4,0,0.267,4132087
1789151878,0,0,0.007,4132087
1789151878,6,0,0.005,4132087
1789151878,0,0,0.004,4132087
1789151878,2,0,0.218,4132087
1789151878,0,0,0.011,4132087
1789151878,3,0,0.079,4132087
1789151878,1,0,0.001,4132087
1789151878,1,0,0.001,4132087
1789151878,0,0,0.009,4132087
1789151878,0,0,0.007,4132087
1789151878,3,0,0.007,4132087
1789151878,3,0,0.068,4132087
1789151878,3,0,0.062,4132087
1789151879,2,0,0.65,4132087
1789151879,0,0,0.008,4132087
1789151879,6,0,0.013,4132087
1789151880,4,0,1.361,4132087
1789151885,7,0,4.418,4132087
1789151885,3,0,0.06,4132087
1789151885,7,0,0.143,4132087
1789151886,4,0,0.507,4132087
1789151886,4,0,0.596,4132087
1789151886,3,0,0.06,4132087
1789151886,3,0,0.01,4132087
1789151888,4,0,1.362,4132087
1789151888,3,0,0.082,4132087
1789151892,7,0,4.234,4132087
1789151892,0,0,0.005,4132087
1789151892,2,0,0.001,4132087
1789151892,4,0,0.324,4132087
1789151892,2,0,0.003,4132087
1789151892,0,0,0.005,4132087
1789151893,4,0,0.375,4132087
1789151893,6,0,0.008,4132087
1789151893,3,0,0.058,4132087
1789151893,4,0,0.516,4132087
1789151893,6,0,0.006,4132087
1789151893,6,0,0.03,4132087
1789151893,3,0,0.018,4132087
1789151894,5,0,0.484,4132087
1789151894,6,0,0.007,4132087
1789151894,1,0,0.001,4132087
1789151895,2,0,0.759,4132087
1789151895,4,0,0.294,4132087
1789151895,6,0,0.007,4132087
1789151895,2,0,0.288,4132087
1789151896,2,0,0.679,4132087
1789151896,3,0,0.035,4132087
1789151896,7,0,0.518,4132087
1789151897,4,0,0.498,4132087
1789151897,6,0,0.027,4132087
1789151897,0,0,0.017,4132087
1789151898,2,0,0.969,4132087
1789151899,5,0,0.977,4132087
1789151899,0,0,0.003,4132087
1789151899,2,0,0.309,4132087
1789151899,2,0,0.003,4132087
1789151900,4,0,0.458,4132087
1789151900,0,0,0.006,4132087
1789151900,7,0,0.234,4132087
1789151901,4,0,1.065,4132087
1789151901,6,1,0.003,4132087
1789151901,6,0,0.018,4132087
1789151901,4,0,0.243,4132087
1789151902,4,0,0.355,4132087
1789151902,4,0,0.717,4132087
1789151902,6,0,0.007,4132087
1789151903,2,0,0.482,4132087
1789151903,4,0,0.358,4132087
1789151903,3,0,0.068,4132087
1789151903,1,0,0.002,4132087
1789151903,3,0,0.013,4132087
1789151904,4,0,0.98,4132087
1789151905,2,0,0.748,4132087
1789151905,6,0,0.007,4132087
1789151906,4,0,0.789,4132087
1789151906,4,0,0.419,4132087
1789151907,4,0,1.124,4132087
1789151908,4,0,0.692,4132087
1789151908,0,0,0.063,4132087
1789151909,4,0,0.626,4132087
1789151909,0,0,0.003,4132087
1789151909,4,0,0.446,4132087
1789151909,0,0,0.012,4132087
1789151909,4,0,0.264,4132087
1789151909,6,0,0.006,4132087
1789151909,0,0,0.016,4132087
1789151909,0,0,0.009,4132087
1789151911,4,0,1.415,4132087
1789151911,3,0,0.002,4132087
1789151911,6,0,0.008,4132087
1789151911,3,0,0.03,4132087
1789151912,2,0,0.852,4132087
1789151912,1,0,0.001,4132087
1789151912,0,0,0.009,4132087
1789151912,0,0,0.013,4132087
1789151916,5,0,4.303,4132087
1789151917,4,0,0.823,4132087
1789151917,4,0,0.423,4132087
1789151918,4,0,0.428,4132087
1789151918,0,0,0.004,4132087
1789151919,5,0,1.209,4132087
1789151919,2,0,0.002,4132087
1789151919,0,0,0.006,4132087
1789151923,5,0,4.287,4132087
1789151923,1,0,0.002,4132087
1789151924,4,0,0.545,4132087
1789151924,4,0,0.511,4132087
1789151925,4,0,0.673,4132087
1789151926,5,0,1.081,4132087
1789151926,3,0,0.066,4132087
1789151926,5,0,0.24,4132087
1789151926,6,0,0.009,4132087
1789151926,6,0,0.005,4132087
1789151926,3,0,0.048,4132087
1789151926,6,0,0.007,4132087
1789151926,0,0,0.012,4132087
1789151927,4,0,0.638,4132087
1789151928,4,0,1.144,4132087
1789151929,2,0,0.595,4132087
1789151929,4,0,0.313,4132087
1789151929,4,0,0.244,4132087
1789151929,0,0,0.019,4132087
1789151930,5,0,0.322,4132087
1789151930,3,0,0.051,4132087
1789151930,1,0,0.002,4132087
1789151930,3,0,0.008,4132087
1789151930,3,0,0.062,4132087
1789151930,2,0,0.001,4132087
1789151930,4,0,0.512,4132087
1789151931,2,0,0.22,4132087
1789151931,3,0,0.075,4132087
1789151931,6,0,0.008,4132087
1789151931,0,0,0.015,4132087
1789151931,6,0,0.008,4132087
1789151931,5,0,0.453,4132087
1789151931,0,0,0.013,4132087
1789151931,2,0,0.37,4132087
1789151931,3,0,0.002,4132087
1789151931,0,0,0.003,4132087
1789151931,1,0,0.001,4132087
1789151932,3,0,0.037,4132087
1789151932,6,0,0.013,4132087
1789151932,2,0,0.002,4132087
1789151933,2,0,0.991,4132087
1789151933,4,0,0.663,4132087
1789151933,1,0,0.001,4132087
1789151933,3,0,0.007,4132087
1789151933,3,0,0.007,4132087
1789151934,2,0,1.221,4132087
1789151934,0,0,0.006,4132087
1789151934,0,0,0.005,4132087
1789151934,3,0,0.003,4132087
1789151935,4,0,0.711,4132087
1789151935,3,0,0.016,4132087
1789151935,0,0,0.011,4132087
1789151935,0,0,0.014,4132087
1789151935,1,0,0.002,4132087
1789151935,6,0,0.012,4132087
1789151936,2,0,0.568,4132087
1789151936,3,0,0.137,4132087
1789151936,3,0,0.007,4132087
1789151936,6,0,0.006,4132087
1789151936,3,0,0.107,4132087
1789151936,5,0,0.22,4132087
1789151936,0,0,0.008,4132087
1789151937,5,0,0.307,4132087
1789151937,0,0,0.006,4132087
1789151937,5,0,0.479,4132087
1789151938,2,0,0.552,4132087
1789151938,0,0,0.005,4132087
1789151938,1,0,0.001,4132087
1789151938,0,0,0.003,4132087
1789151938,2,0,0.586,4132087
1789151939,4,0,1.267,4132087
1789151940,0,0,0.049,4132087
1789151940,1,0,0.001,4132087
1789151940,2,0,0.005,4132087
1789151940,0,0,0.012,4132087
1789151940,3,0,0.047,4132087
1789151940,3,0,0.092,4132087
1789151940,3,0,0.033,4132087
1789151940,1,0,0.001,4132087
1789151940,6,0,0.006,4132087
1789151940,1,0,0.001,4132087
1789151940,2,0,0.436,4132087
1789151940,6,0,0.008,4132087
1789151940,1,0,0.001,4132087
1789151940,2,0,0.001,4132087
1789151940,0,0,0.016,4132087
1789151941,5,0,0.44,4132087
1789151941,4,0,0.447,4132087
1789151942,4,0,0.954,4132087
1789151943,4,0,0.806,4132087
1789151947,5,0,3.827,4132087
1789151947,1,0,0.001,4132087
1789151947,6,0,0.006,4132087
1789151947,6,0,0.004,4132087
1789151947,1,0,0.001,4132087
1789151947,1,0,0.001,4132087
1789151947,5,0,0.725,4132087
1789151947,0,0,0.01,4132087
1789151948,2,0,0.457,4132087
1789151948,6,0,0.007,4132087
1789151948,4,0,0.37,4132087
1789151949,4,0,0.703,4132087
1789151949,6,0,0.007,4132087
1789151949,2,0,0.002,4132087
1789151949,2,0,0.502,4132087
1789151949,0,0,0.007,4132087
1789151950,4,0,0.583,4132087
1789151950,6,0,0.006,4132087
1789151950,7,0,0.212,4132087
1789151950,6,0,0.005,4132087
1789151950,0,0,0.005,4132087
1789151951,4,0,0.584,4132087
1789151951,3,0,0.009,4132087
1789151952,4,0,0.933,4132087
1789151952,0,0,0.007,4132087
1789151952,4,0,0.47,4132087
1789151953,5,0,0.486,4132087
1789151953,0,0,0.006,4132087
1789151953,3,0,0.114,4132087
1789151953,3,0,0.101,4132087
1789151953,3,0,0.074,4132087
1789151953,5,0,0.1,4132087
1789151953,0,0,0.011,4132087
1789151953,2,0,0.003,4132087
1789151953,6,0,0.005,4132087
1789151954,4,0,0.834,4132087
1789151954,6,0,0.004,4132087
1789151955,4,0,0.605,4132087
1789151955,3,0,0.088,4132087
1789151955,4,0,0.401,4132087
1789151955,0,0,0.005,4132087
1789151955,2,0,0.001,4132087
1789151956,5,0,0.736,4132087
1789151956,3,0,0.071,4132087
1789151956,1,0,0.001,4132087
1789151956,1,0,0.001,4132087
1789151956,3,0,0.042,4132087
1789151956,2,0,0.003,4132087
1789151957,4,0,0.575,4132087
1789151957,6,0,0.011,4132087
1789151957,3,0,0.081,4132087
1789151957,4,0,0.843,4132087
1789151957,6,0,0.015,4132087
1789151957,1,0,0.001,4132087
1789151957,0,0,0.003,4132087
1789151957,2,0,0.002,4132087
1789151957,3,0,0.006,4132087
1789151957,2,0,0.001,4132087
1789151958,3,0,0.14,4132087
1789151958,6,0,0.005,4132087
1789151962,5,0,4.735,4132087
1789151963,2,0,0.579,4132087
1789151963,2,0,0.003,4132087
1789151963,6,0,0.011,4132087
1789151963,0,0,0.01,4132087
1789151963,2,0,0.325,4132087
1789151963,0,0,0.006,4132087
1789151967,5,0,3.701,4132087
1789151967,2,0,0.001,4132087
1789151967,3,0,0.016,4132087
1789151967,2,0,0.002,4132087
1789151967,3,0,0.126,4132087
1789151968,5,0,0.473,4132087
1789151968,2,0,0.54,4132087
1789151969,7,0,1.02,4132087
1789151971,4,0,1.835,4132087
1789151971,3,0,0.006,4132087
1789151971,6,0,0.007,4132087
1789151971,3,0,0.032,4132087
1789151971,3,0,0.038,4132087
1789151971,2,0,0.31,4132087
1789151972,4,0,0.72,4132087
1789151972,2,0,0.002,4132087
1789151972,6,0,0.012,4132087
1789151977,5,0,5.088,4132087
1789151978,2,0,0.438,4132087
1789151978,2,0,0.003,4132087
1789151981,5,0,3.083,4132087
1789151981,7,0,0.587,4132087
1789151981,3,0,0.043,4132087
1789151982,5,0,0.713,4132087
1789151982,3,0,0.006,4132087
1789151983,4,0,0.879,4132087
1789151983,6,0,0.012,4132087
1789151983,2,0,0.002,4132087
1789151985,4,0,1.803,4132087
1789151985,3,0,0.004,4132087
1789151986,5,0,0.859,4132087
1789151986,6,0,0.006,4132087
1789151987,4,0,1.807,4132087
1789151988,2,0,0.7,4132087
1789151988,0,0,0.011,4132087
1789151988,1,0,0.003,4132087
1789151989,4,0,0.465,4132087
1789151989,2,0,0.456,4132087
1789151989,2,0,0.001,4132087
1789151989,1,0,0.001,4132087
1789151989,6,0,0.007,4132087
1789151990,4,0,0.539,4132087
1789151990,0,0,0.003,4132087
1789151990,4,0,0.678,4132087
1789151990,6,0,0.008,4132087
1789151991,5,0,0.241,4132087
1789151991,3,0,0.047,4132087
1789151991,4,0,0.444,4132087
1789151991,3,0,0.039,4132087
1789151991,3,0,0.015,4132087
1789151991,0,0,0.004,4132087
1789151991,0,0,0.01,4132087
1789151991,4,0,0.267,4132087
1789151991,2,0,0.003,4132087
1789151992,4,0,0.424,4132087
1789151992,5,0,0.404,4132087
1789151993,4,0,0.828,4132087
1789151994,5,0,0.562,4132087
1789151998,5,0,4.286,4132087
1789151998,3,0,0.044,4132087
1789151998,2,0,0.449,4132087
1789151999,3,0,0.09,4132087
1789151999,3,0,0.004,4132087
1789151999,0,0,0.003,4132087
1789151999,3,0,0.002,4132087
1789151999,0,0,0.007,4132087
1789151999,6,0,0.007,4132087
1789151999,6,0,0.003,4132087
1789152000,4,0,1.201,4132087
1789152000,1,0,0.001,4132087
1789152000,3,0,0.124,4132087
1789152000,3,0,0.046,4132087
1789152000,0,0,0.007,4132087
1789152000,4,0,0.305,4132087
1789152000,0,0,0.017,4132087
1789152000,2,0,0.227,4132087
1789152001,5,0,0.535,4132087
1789152001,3,0,0.052,4132087
1789152001,0,0,0.008,4132087
1789152001,0,0,0.007,4132087
1789152001,2,0,0.253,4132087
1789152001,6,0,0.004,4132087
1789152001,0,0,0.009,4132087
1789152001,3,0,0.007,4132087
1789152001,6,0,0.01,4132087
1789152001,6,0,0.005,4132087
1789152001,3,0,0.022,4132087
1789152001,3,0,0.046,4132087
1789152002,3,0,0.103,4132087
1789152002,2,0,0.672,4132087
1789152002,2,0,0.002,4132087
1789152002,5,0,0.111,4132087
1789152007,7,0,4.331,4132087
1789152008,4,0,1.335,4132087
1789152008,6,0,0.006,4132087
1789152008,3,0,0.009,4132087
1789152008,6,0,0.004,4132087
1789152008,0,0,0.009,4132087
1789152008,4,0,0.347,4132087
1789152009,5,0,0.494,4132087
1789152009,3,0,0.005,4132087
1789152010,2,0,0.986,4132087
1789152011,4,0,0.745,4132087
1789152011,6,0,0.007,4132087
1789152011,4,0,0.89,4132087
1789152012,4,0,0.286,4132087
1789152012,4,0,0.331,4132087
1789152012,2,0,0.002,4132087
1789152013,4,0,0.961,4132087
1789152013,6,0,0.006,4132087
1789152013,0,0,0.005,4132087
1789152013,3,0,0.004,4132087
1789152013,7,0,0.154,4132087
1789152014,2,0,0.492,4132087
1789152014,4,0,0.419,4132087
1789152015,4,0,0.674,4132087
1789152015,1,0,0.002,4132087
1789152015,4,0,0.642,4132087
1789152016,2,0,0.273,4132087
1789152016,3,0,0.018,4132087
1789152016,0,0,0.012,4132087
1789152016,0,0,0.005,4132087
1789152016,4,0,0.598,4132087
1789152016,0,0,0.007,4132087
1789152017,2,0,0.38,4132087
1789152017,0,0,0.004,4132087
1789152021,5,0,3.977,4132087
1789152021,4,0,0.278,4132087
1789152021,6,0,0.006,4132087
1789152021,4,0,0.435,4132087
1789152021,3,0,0.005,4132087
1789152021,0,0,0.005,4132087
1789152023,4,0,1.915,4132087
1789152025,4,0,1.485,4132087
1789152025,3,0,0.048,4132087
1789152025,2,0,0.261,4132087
1789152025,2,0,0.28,4132087
1789152025,1,0,0.002,4132087
1789152025,3,0,0.004,4132087
1789152025,2,0,0.001,4132087
1789152026,3,0,0.073,4132087
1789152026,3,0,0.096,4132087
1789152026,0,0,0.011,4132087
1789152026,2,0,0.66,4132087
1789152027,4,0,0.81,4132087
1789152027,3,0,0.144,4132087
1789152028,4,0,0.46,4132087
1789152028,5,0,0.104,4132087
1789152029,4,0,0.718,4132087
1789152029,4,0,0.288,4132087
1789152029,3,0,0.004,4132087
1789152032,5,0,3.416,4132087
1789152033,2,0,0.5,4132087
1789152033,0,0,0.005,4132087
1789152033,3,0,0.014,4132087
1789152033,0,0,0.008,4132087
1789152033,2,0,0.003,4132087
1789152033,3,0,0.03,4132087
1789152033,4,0,0.374,4132087
1789152036,5,0,2.704,4132087
1789152036,6,0,0.008,4132087
1789152036,3,0,0.003,4132087
1789152036,0,0,0.01,4132087
1789152036,2,0,0.001,4132087
1789152037,7,0,0.782,4132087
1789152037,6,0,0.006,4132087
1789152037,3,0,0.112,4132087
1789152041,7,0,4.401,4132087
1789152041,3,0,0.065,4132087
1789152041,3,0,0.06,4132087
1789152042,4,0,0.606,4132087
1789152042,2,0,0.418,4132087
1789152042,1,0,0.001,4132087
1789152043,4,0,0.473,4132087
1789152045,2,0,1.67,4132087
1789152045,3,0,0.051,4132087
1789152045,2,0,0.807,4132087
1789152045,6,0,0.033,4132087
1789152045,6,0,0.047,4132087
1789152045,0,0,0.023,4132087
1789152046,2,0,0.537,4132087
1789152046,0,0,0.005,4132087
1789152050,7,0,4.122,4132087
1789152051,4,0,0.535,4132087
1789152051,6,0,0.028,4132087
1789152051,6,0,0.007,4132087
1789152051,3,0,0.007,4132087
1789152051,3,0,0.007,4132087
1789152051,0,0,0.008,4132087
1789152051,3,0,0.003,4132087
1789152051,2,0,0.002,4132087
1789152051,5,0,0.14,4132087
1789152053,5,0,1.639,4132087
1789152053,6,0,0.013,4132087
1789152053,3,0,0.008,4132087
1789152053,3,0,0.04,4132087
1789152053,0,0,0.015,4132087
1789152053,4,0,0.15,4132087
1789152058,7,0,4.916,4132087
1789152058,3,0,0.008,4132087
1789152058,3,0,0.048,4132087
1789152058,3,0,0.003,4132087
1789152059,4,0,1.384,4132087
1789152059,2,0,0.002,4132087
1789152059,4,0,0.349,4132087
1789152060,4,0,0.285,4132087
1789152060,1,0,0.001,4132087
1789152060,0,0,0.01,4132087
1789152060,0,0,0.005,4132087
1789152060,0,0,0.005,4132087
1789152060,3,0,0.168,4132087
1789152060,2,0,0.003,4132087
1789152060,6,0,0.009,4132087
1789152060,3,0,0.003,4132087
1789152060,6,0,0.006,4132087
1789152060,0,0,0.006,4132087
1789152060,2,0,0.002,4132087
1789152060,2,0,0.001,4132087
1789152060,0,0,0.013,4132087
1789152064,5,0,3.955,4132087
1789152065,4,0,0.654,4132087
1789152065,6,0,0.005,4132087
1789152065,0,0,0.002,4132087
1789152065,3,0,0.032,4132087
1789152065,3,0,0.008,4132087
1789152065,1,0,0.001,4132087
1789152065,2,0,0.407,4132087
1789152065,2,0,0.001,4132087
1789152068,5,0,2.934,4132087
1789152069,4,0,0.713,4132087
1789152069,5,0,0.14,4132087
1789152069,3,0,0.057,4132087
1789152069,1,0,0.001,4132087
1789152069,1,0,0.001,4132087
1789152069,4,0,0.414,4132087
1789152070,4,0,0.564,4132087
1789152070,2,0,0.004,4132087
1789152070,4,0,0.321,4132087
1789152070,2,0,0,4132087
1789152070,0,0,0.007,4132087
1789152070,3,0,0.007,4132087
1789152071,4,0,0.609,4132087
1789152071,1,0,0.001,4132087
1789152072,5,0,1.265,4132087
1789152073,4,0,0.589,4132087
1789152074,4,0,1.499,4132087
1789152078,5,0,4.103,4132087
1789152078,5,0,0.093,4132087
1789152079,5,0,0.638,4132087
1789152079,6,0,0.016,4132087
1789152079,3,0,0.085,4132087
1789152079,3,0,0.136,4132087
1789152079,3,0,0.096,4132087
1789152079,2,0,0.001,4132087
1789152079,0,0,0.013,4132087
1789152080,4,0,0.476,4132087
1789152081,5,0,0.883,4132087
1789152081,3,0,0.003,4132087
1789152081,6,0,0.043,4132087
1789152081,2,0,0.002,4132087
1789152082,4,0,1.199,4132087
1789152083,4,0,0.707,4132087
1789152083,4,0,0.612,4132087
1789152083,0,0,0.003,4132087
1789152083,0,0,0.004,4132087
1789152084,4,0,0.576,4132087
1789152084,6,0,0.008,4132087
1789152084,6,0,0.007,4132087
1789152084,0,0,0.004,4132087
1789152084,3,0,0.007,4132087
1789152085,2,0,0.958,4132087
1789152085,1,0,0.003,4132087
1789152085,2,0,0.001,4132087
1789152085,4,0,0.219,4132087
1789152085,4,0,0.344,4132087
1789152085,3,0,0.043,4132087
1789152085,3,0,0.002,4132087
1789152085,0,0,0.011,4132087
1789152085,3,0,0.008,4132087
1789152085,1,0,0.001,4132087
1789152086,2,0,0.348,4132087
1789152086,3,0,0.004,4132087
1789152086,3,0,0.086,4132087
1789152087,4,0,0.842,4132087
1789152087,2,0,0.627,4132087
1789152088,7,0,0.606,4132087
1789152089,4,0,0.56,4132087
1789152089,0,0,0.009,4132087
1789152089,4,0,0.186,4132087
1789152089,4,0,0.331,4132087
1789152090,4,0,0.926,4132087
1789152090,2,0,0.257,4132087
1789152090,7,0,0.21,4132087
1789152090,0,0,0.017,4132087
1789152091,2,0,0.343,4132087
1789152091,0,0,0.003,4132087
1789152091,0,0,0.007,4132087
1789152092,4,0,0.826,4132087
1789152092,0,0,0.009,4132087
1789152092,0,0,0.026,4132087
1789152093,2,0,1.318,4132087
1789152093,1,0,0.002,4132087
1789152093,6,0,0.015,4132087
1789152093,3,0,0.114,4132087
1789152093,5,0,0.195,4132087
1789152093,3,0,0.065,4132087
1789152094,4,0,0.882,4132087
1789152094,3,0,0.002,4132087
1789152094,2,0,0.002,4132087
1789152095,2,0,0.377,4132087
1789152095,3,0,0.074,4132087
1789152095,2,0,0.002,4132087
1789152095,4,0,0.468,4132087
1789152095,3,0,0.059,4132087
1789152095,6,0,0.004,4132087
1789152095,0,0,0.004,4132087
1789152099,5,0,4.176,4132087
1789152099,0,0,0.008,4132087
1789152100,4,0,0.73,4132087
1789152101,4,0,1.06,4132087
1789152101,6,0,0.013,4132087
1789152101,3,0,0.142,4132087
1789152102,4,0,0.207,4132087
1789152102,3,0,0.007,4132087
1789152102,7,0,0.446,4132087
1789152102,3,0,0.09,4132087
1789152102,3,0,0.041,4132087
1789152102,2,0,0.215,4132087
1789152103,7,0,0.6,4132087
1789152104,2,0,0.745,4132087
1789152104,3,0,0.041,4132087
1789152104,0,0,0.014,4132087
1789152104,3,0,0.002,4132087
1789152104,3,0,0.045,4132087
1789152104,0,0,0.011,4132087
1789152105,5,0,0.918,4132087
1789152105,6,0,0.015,4132087
1789152106,4,0,1.002,4132087
1789152106,1,0,0.001,4132087
1789152106,0,0,0.005,4132087
1789152106,3,0,0.086,4132087
1789152106,3,0,0.004,4132087
1789152106,3,0,0.004,4132087
1789152106,4,0,0.532,4132087
1789152106,3,0,0.047,4132087
1789152106,2,0,0.002,4132087
1789152107,3,0,0.013,4132087
1789152107,1,0,0.001,4132087
1789152107,1,0,0.001,4132087
1789152107,4,0,0.282,4132087
1789152107,3,0,0.013,4132087
1789152107,0,0,0.015,4132087
1789152107,4,0,0.48,4132087
1789152107,0,0,0.005,4132087
1789152107,3,0,0.029,4132087
1789152109,5,0,1.422,4132087
1789152110,4,0,1.084,4132087
1789152110,4,0,0.388,4132087
1789152110,4,0,0.274,4132087
1789152111,4,0,0.998,4132087
1789152112,6,0,0.011,4132087
1789152112,5,0,0.562,4132087
1789152112,5,0,0.372,4132087
1789152112,1,0,0.001,4132087
1789152112,0,0,0.004,4132087
1789152113,5,0,0.598,4132087
1789152114,4,0,0.564,4132087
1789152114,6,0,0.013,4132087
1789152115,4,0,1.505,4132087
1789152116,4,0,0.866,4132087
1789152116,2,0,0.496,4132087
1789152116,0,0,0.009,4132087
1789152117,3,0,0.03,4132087
1789152117,6,0,0.006,4132087
1789152117,0,0,0.009,4132087
1789152117,2,0,0.476,4132087
1789152118,4,0,0.647,4132087
1789152118,1,0,0.001,4132087
1789152118,6,0,0.008,4132087
1789152118,2,0,0.002,4132087
1789152118,3,0,0.002,4132087
1789152118,2,0,0.278,4132087
1789152118,5,0,0.41,4132087
1789152118,3,0,0.057,4132087
1789152118,3,0,0.056,4132087
1789152120,4,0,1.061,4132087
1789152120,6,0,0.009,4132087
1789152120,0,0,0.005,4132087
1789152120,3,0,0.009,4132087
1789152120,6,0,0.009,4132087
1789152120,3,0,0.004,4132087
1789152120,2,0,0.013,4132087
1789152120,1,0,0.001,4132087
1789152120,2,0,0.001,4132087
1789152120,3,0,0.012,4132087
1789152120,6,0,0.013,4132087
1789152120,3,0,0.112,4132087
1789152120,0,0,0.01,4132087
1789152120,3,0,0.068,4132087
1789152120,3,0,0.037,4132087
1789152120,3,0,0.062,4132087
1789152120,2,0,0.002,4132087
1789152120,6,0,0.004,4132087
1789152121,5,0,1.096,4132087
1789152121,0,0,0.003,4132087
1789152122,2,0,0.843,4132087
1789152122,0,0,0.01,4132087
1789152122,3,0,0.003,4132087
1789152122,3,0,0.01,4132087
1789152122,5,0,0.153,4132087
1789152122,3,0,0.051,4132087
1789152122,0,0,0.006,4132087
1789152122,0,0,0.009,4132087
1789152122,6,0,0.012,4132087
1789152122,0,0,0.007,4132087
1789152123,2,0,0.579,4132087
1789152123,3,0,0.15,4132087
1789152123,0,0,0.008,4132087
1789152123,3,0,0.024,4132087
1789152123,4,0,0.432,4132087
1789152123,3,0,0.158,4132087
1789152124,5,0,0.98,4132087
1789152124,6,0,0.005,4132087
1789152125,4,0,0.209,4132087
1789152125,2,0,0.002,4132087
1789152126,4,0,1.05,4132087
1789152126,3,0,0.005,4132087
1789152126,6,0,0.006,4132087
1789152126,6,0,0.009,4132087
1789152126,1,0,0.001,4132087
1789152126,2,0,0.007,4132087
1789152126,3,0,0.09,4132087
1789152126,3,0,0.075,4132087
1789152126,4,0,0.571,4132087
1789152126,0,0,0.008,4132087
1789152127,4,0,0.574,4132087
1789152127,0,0,0.011,4132087
1789152127,1,0,0.001,4132087
1789152127,6,0,0.007,4132087
1789152127,5,0,0.373,4132087
1789152127,0,0,0.011,4132087
1789152128,5,0,0.426,4132087
1789152128,3,0,0.008,4132087
1789152128,6,0,0.055,4132087
1789152128,5,0,0.359,4132087
1789152128,3,0,0.015,4132087
1789152128,4,0,0.152,4132087
1789152128,1,0,0.001,4132087
1789152129,5,0,0.135,4132087
1789152129,4,0,0.854,4132087
1789152129,6,0,0.005,4132087
1789152130,4,0,0.395,4132087
1789152131,4,0,1.067,4132087
1789152132,2,0,1.08,4132087
1789152133,2,0,0.612,4132087
1789152133,3,0,0.116,4132087
1789152133,3,0,0.059,4132087
1789152133,7,0,0.602,4132087
1789152139,5,0,6.047,4132087
1789152139,6,0,0.012,4132087
1789152140,4,0,0.479,4132087
1789152140,4,0,0.067,4132087
1789152141,4,0,0.757,4132087
1789152142,2,0,0.779,4132087
1789152142,0,0,0.003,4132087
1789152142,2,0,0.002,4132087
1789152142,2,0,0.001,4132087
1789152142,0,0,0.003,4132087
1789152142,1,0,0.001,4132087
1789152142,0,0,0.009,4132087
1789152142,1,0,0.001,4132087
1789152142,5,0,0.48,4132087
1789152142,5,0,0.153,4132087
1789152142,0,0,0.003,4132087
1789152142,2,0,0.001,4132087
1789152143,5,0,0.532,4132087
1789152143,1,0,0.003,4132087
1789152143,3,0,0.016,4132087
1789152143,6,0,0.005,4132087
1789152143,5,0,0.116,4132087
1789152143,1,0,0.001,4132087
1789152143,0,0,0.004,4132087
1789152143,4,0,0.547,4132087
1789152144,4,0,0.513,4132087
1789152145,4,0,1,4132087
1789152145,7,0,0.419,4132087
1789152145,2,0,0.002,4132087
1789152146,7,0,0.716,4132087
1789152147,7,0,0.513,4132087
1789152147,4,0,0.506,4132087
1789152147,0,0,0.015,4132087
1789152147,6,0,0.008,4132087
1789152147,3,0,0.024,4132087
1789152148,5,0,0.612,4132087
1789152148,6,0,0.014,4132087
1789152148,4,0,0.471,4132087
1789152148,3,0,0.004,4132087
1789152148,3,0,0.008,4132087
1789152148,2,0,0.001,4132087
1789152149,4,0,0.801,4132087
1789152149,7,0,0.145,4132087
1789152154,5,0,4.342,4132087
1789152154,0,0,0.004,4132087
1789152154,2,0,0.643,4132087
1789152154,4,0,0.172,4132087
1789152154,3,0,0.005,4132087
1789152154,3,0,0.059,4132087
1789152155,3,0,0.072,4132087
1789152155,2,0,0.485,4132087
1789152155,4,0,0.32,4132087
1789152155,0,0,0.011,4132087
1789152155,3,0,0.004,4132087
1789152155,6,0,0.007,4132087
1789152156,5,0,0.761,4132087
1789152156,0,0,0.008,4132087
1789152157,5,0,0.652,4132087
1789152157,2,0,0.234,4132087
1789152157,7,0,0.203,4132087
1789152157,2,0,0,4132087
1789152158,4,0,0.665,4132087
1789152158,0,0,0.003,4132087
1789152158,2,0,0.011,4132087
1789152158,4,0,0.381,4132087
1789152162,7,0,3.436,4132087
1789152162,2,0,0.196,4132087
1789152162,5,0,0.102,4132087
1789152162,1,0,0.001,4132087
1789152162,4,0,0.435,4132087
1789152163,3,0,0.098,4132087
1789152163,0,0,0.007,4132087
1789152163,6,0,0.009,4132087
1789152163,6,0,0.005,4132087
1789152163,6,0,0.004,4132087
1789152163,3,0,0.057,4132087
1789152163,6,0,0.006,4132087
1789152163,3,0,0.002,4132087
1789152163,2,0,0.001,4132087
1789152163,4,0,0.115,4132087
1789152163,4,0,0.732,4132087
1789152165,2,0,1.755,4132087
1789152165,0,0,0.073,4132087
1789152165,0,0,0.004,4132087
1789152166,4,0,0.675,4132087
1789152166,3,0,0.003,4132087
1789152166,0,0,0.003,4132087
1789152167,4,0,1.102,4132087
1789152168,4,0,1.351,4132087
1789152168,3,0,0.074,4132087
1789152169,5,0,0.911,4132087
1789152170,3,0,0.115,4132087
1789152173,5,0,3.57,4132087
1789152173,0,0,0.006,4132087
1789152175,4,0,1.62,4132087
1789152175,6,0,0.008,4132087
1789152175,4,0,0.753,4132087
1789152175,6,0,0.003,4132087
1789152180,5,0,4.351,4132087
1789152180,3,0,0.028,4132087
1789152180,2,0,0.003,4132087
1789152181,4,0,0.97,4132087
1789152181,2,0,0.465,4132087
1789152181,3,0,0.056,4132087
1789152181,0,0,0.003,4132087
1789152181,3,0,0.032,4132087
1789152181,1,0,0.001,4132087
1789152181,0,0,0.023,4132087
1789152181,1,0,0.001,4132087
1789152181,1,0,0.001,4132087
1789152182,3,0,0.101,4132087
1789152182,6,0,0.009,4132087
1789152182,4,0,0.461,4132087
1789152182,4,0,0.438,4132087
1789152183,4,0,0.788,4132087
1789152183,3,0,0.027,4132087
1789152183,3,0,0.054,4132087
1789152183,3,0,0.04,4132087
1789152184,4,0,0.983,4132087
1789152184,6,0,0.006,4132087
1789152185,4,0,1.154,4132087
1789152186,3,0,0.061,4132087
1789152186,3,0,0.006,4132087
1789152186,6,0,0.009,4132087
1789152186,4,0,0.54,4132087
1789152186,3,0,0.074,4132087
1789152186,3,0,0.033,4132087
1789152186,5,0,0.107,4132087
1789152187,4,0,0.381,4132087
1789152187,6,0,0.008,4132087
1789152187,3,0,0.059,4132087
1789152188,4,0,1.228,4132087
1789152188,3,0,0.013,4132087
1789152188,4,0,0.264,4132087
1789152188,0,0,0.016,4132087
1789152189,4,0,0.299,4132087
1789152189,4,0,0.687,4132087
1789152189,0,0,0.004,4132087
1789152189,5,0,0.165,4132087
1789152190,4,0,0.227,4132087
1789152190,4,0,0.426,4132087
1789152190,2,0,0.002,4132087
1789152191,4,0,0.443,4132087
1789152191,4,0,0.705,4132087
1789152192,2,0,1.078,4132087
1789152192,0,0,0.011,4132087
1789152193,2,0,0.403,4132087
1789152193,6,0,0.007,4132087
1789152193,3,0,0.164,4132087
1789152193,2,0,0.452,4132087
1789152194,7,0,0.15,4132087
1789152194,1,0,0.001,4132087
1789152194,1,0,0.001,4132087
1789152197,5,0,3.738,4132087
1789152197,3,0,0.005,4132087
1789152197,6,0,0.004,4132087
1789152198,2,0,0.434,4132087
1789152198,5,0,0.786,4132087
1789152199,4,0,0.477,4132087
1789152200,4,0,1.083,4132087
1789152205,5,0,4.568,4132087
1789152205,3,0,0.078,4132087
1789152205,1,0,0.002,4132087
1789152205,0,0,0.009,4132087
1789152210,5,0,4.864,4132087
1789152210,3,0,0.004,4132087
1789152210,4,0,0.293,4132087
1789152210,4,0,0.525,4132087
1789152210,0,0,0.01,4132087
1789152210,3,0,0.049,4132087
1789152211,4,0,0.788,4132087
1789152211,2,0,0.005,4132087
1789152211,0,0,0.005,4132087
1789152212,4,0,0.307,4132087
1789152212,3,0,0.069,4132087
1789152212,3,0,0.148,4132087
1789152212,3,0,0.065,4132087
1789152212,4,0,0.246,4132087
1789152213,4,0,0.721,4132087
1789152213,3,0,0.046,4132087
1789152213,3,0,0.076,4132087
1789152214,4,0,0.863,4132087
1789152214,4,0,0.415,4132087
1789152214,3,0,0.068,4132087
1789152215,2,0,0.346,4132087
1789152215,3,0,0.162,4132087
1789152215,2,0,0.002,4132087
1789152215,6,0,0.004,4132087
1789152215,3,0,0.01,4132087
1789152215,4,0,0.652,4132087
1789152215,1,0,0.001,4132087
1789152215,0,0,0.006,4132087
1789152215,2,0,0.002,4132087
1789152216,3,0,0.091,4132087
1789152216,4,0,0.378,4132087
1789152216,0,0,0.005,4132087
1789152216,3,0,0.04,4132087
1789152216,3,0,0.015,4132087
1789152219,5,0,2.874,4132087
1789152219,6,0,0.006,4132087
1789152219,4,0,0.491,4132087
1789152219,2,0,0.003,4132087
1789152220,4,0,0.327,4132087
1789152220,0,0,0.012,4132087
1789152221,4,0,0.863,4132087
1789152221,3,0,0.06,4132087
1789152224,5,0,3.027,4132087
1789152228,5,0,4.232,4132087
1789152228,3,0,0.087,4132087
1789152228,3,0,0.119,4132087
1789152228,4,0,0.329,4132087
1789152228,0,0,0.009,4132087
1789152232,5,0,3.22,4132087
1789152232,1,0,0.001,4132087
1789152232,1,0,0.001,4132087
1789152232,6,0,0.004,4132087
1789152233,2,0,1.116,4132087
1789152233,4,0,0.507,4132087
1789152233,5,0,0.127,4132087
1789152233,2,0,0.002,4132087
1789152234,4,0,0.737,4132087
1789152235,4,0,0.745,4132087
1789152235,6,0,0.007,4132087
1789152235,6,0,0.005,4132087
1789152235,5,0,0.215,4132087
1789152235,0,0,0.015,4132087
1789152235,5,0,0.128,4132087
1789152235,2,0,0.004,4132087
1789152235,6,0,0.007,4132087
1789152236,4,0,0.873,4132087
1789152236,0,0,0.007,4132087
1789152236,6,0,0.005,4132087
1789152236,6,0,0.005,4132087
1789152237,4,0,0.761,4132087
1789152237,6,0,0.005,4132087
1789152237,4,0,0.371,4132087
1789152238,5,0,1.044,4132087
1789152238,3,0,0.005,4132087
1789152238,0,0,0.012,4132087
1789152238,0,0,0.011,4132087
1789152240,2,0,1.518,4132087
1789152240,5,0,0.557,4132087
1789152240,6,0,0.008,4132087
1789152240,6,0,0.004,4132087
1789152240,0,0,0.011,4132087
1789152240,2,0,0.001,4132087
1789152241,4,0,0.45,4132087
1789152241,2,0,0.002,4132087
1789152242,4,0,0.762,4132087
1789152243,2,0,0.867,4132087
1789152247,5,0,4.234,4132087
1789152247,3,0,0.138,4132087
1789152247,2,0,0.002,4132087
1789152247,4,0,0.297,4132087
1789152248,4,0,1.151,4132087
1789152248,0,0,0.005,4132087
1789152248,2,0,0.003,4132087
1789152248,6,0,0.005,4132087
1789152248,6,0,0.009,4132087
1789152249,2,0,0.544,4132087
1789152249,1,0,0.001,4132087
1789152249,0,0,0.012,4132087
1789152250,4,0,1.23,4132087
1789152250,6,0,0.008,4132087
1789152250,0,0,0.01,4132087
1789152250,0,0,0.012,4132087
1789152251,4,0,1.128,4132087
1789152251,2,0,0,4132087
1789152252,2,0,0.304,4132087
1789152252,3,0,0.1,4132087
1789152252,5,0,0.204,4132087
1789152252,3,0,0.069,4132087
1789152252,4,0,0.442,4132087
1789152252,6,0,0.047,4132087
1789152253,0,0,0.006,4132087
1789152253,2,0,0.491,4132087
1789152253,5,0,0.154,4132087
1789152254,4,0,0.494,4132087
1789152254,6,0,0.014,4132087
1789152254,4,0,0.37,4132087
1789152255,4,0,1.148,4132087
1789152255,2,0,0.001,4132087
1789152256,4,0,0.527,4132087
1789152256,3,0,0.103,4132087
1789152256,1,0,0.002,4132087
1789152256,5,0,0.583,4132087
1789152260,5,0,3.655,4132087
1789152261,2,0,1.265,4132087
1789152261,3,0,0.051,4132087
1789152261,2,0,0.001,4132087
1789152261,3,0,0.008,4132087
1789152263,4,0,1.685,4132087
1789152263,2,0,0.002,4132087
1789152263,3,0,0.009,4132087
1789152263,4,0,0.382,4132087
1789152263,2,0,0.002,4132087
1789152264,4,0,0.789,4132087
1789152264,3,0,0.1,4132087
1789152264,1,0,0.002,4132087
1789152264,1,0,0,4132087
1789152264,3,0,0.006,4132087
1789152264,0,0,0.004,4132087
1789152264,3,0,0.008,4132087
1789152264,0,0,0.016,4132087
1789152264,6,0,0.006,4132087
1789152265,4,0,0.766,4132087
1789152265,0,0,0.003,4132087
1789152265,6,0,0.008,4132087
1789152266,4,0,0.657,4132087
1789152266,4,0,0.459,4132087
1789152266,0,0,0.008,4132087
1789152267,4,0,0.715,4132087
1789152267,2,0,0.003,4132087
1789152267,6,0,0.005,4132087
1789152268,4,0,0.781,4132087
1789152268,3,0,0.08,4132087
1789152269,4,0,0.918,4132087
1789152269,6,0,0.005,4132087
1789152269,0,0,0.003,4132087
1789152269,3,0,0.011,4132087
1789152269,4,0,0.367,4132087
1789152269,0,0,0.005,4132087
1789152269,3,0,0.066,4132087
1789152269,6,0,0.005,4132087
1789152269,3,0,0.021,4132087
1789152270,4,0,0.505,4132087
1789152270,6,0,0.005,4132087
1789152270,4,0,0.23,4132087
1789152270,3,0,0.098,4132087
1789152271,4,0,0.858,4132087
1789152271,3,0,0.159,4132087
1789152271,3,0,0.02,4132087
1789152271,2,0,0.001,4132087
1789152271,6,0,0.033,4132087
1789152272,4,0,0.404,4132087
1789152272,3,0,0.006,4132087
1789152272,4,0,0.676,4132087
1789152272,3,0,0.002,4132087
1789152272,0,0,0.01,4132087
1789152272,7,0,0.169,4132087
1789152272,3,0,0.002,4132087
1789152273,4,0,0.938,4132087
1789152273,6,0,0.006,4132087
1789152274,4,0,0.655,4132087
1789152274,2,0,0.001,4132087
1789152275,2,0,0.498,4132087
1789152275,5,0,0.499,4132087
1789152275,0,0,0.003,4132087
1789152276,4,0,0.775,4132087
1789152276,3,0,0.062,4132087
1789152276,3,0,0.05,4132087
1789152276,1,0,0.001,4132087
1789152276,2,0,0.346,4132087
1789152277,2,0,0.77,4132087
1789152277,3,0,0.063,4132087
1789152277,2,0,0.164,4132087
1789152277,3,0,0.042,4132087
1789152277,0,0,0.004,4132087
1789152277,3,0,0.021,4132087
1789152278,4,0,0.355,4132087
1789152278,4,0,0.306,4132087
1789152278,3,0,0.004,4132087
1789152278,3,0,0.03,4132087
1789152278,0,0,0.006,4132087
1789152278,2,0,0.002,4132087
1789152278,3,0,0.034,4132087
1789152279,4,0,0.527,4132087
1789152280,4,0,1.276,4132087
1789152280,2,0,0.003,4132087
1789152280,3,0,0.038,4132087
1789152280,6,0,0.009,4132087
1789152280,0,0,0.005,4132087
1789152280,4,0,0.509,4132087
1789152280,6,0,0.008,4132087
1789152281,2,0,0.472,4132087
1789152281,6,0,0.012,4132087
1789152282,4,0,0.91,4132087
1789152282,3,0,0.115,4132087
1789152282,4,0,0.276,4132087
1789152288,5,0,5.436,4132087
1789152288,0,0,0.008,4132087
1789152288,6,0,0.01,4132087
1789152288,3,0,0.027,4132087
1789152288,3,0,0.053,4132087
1789152288,4,0,0.607,4132087
1789152288,6,0,0.01,4132087
1789152289,2,0,0.694,4132087
1789152289,2,0,0.003,4132087
1789152290,2,0,1.254,4132087
1789152291,2,0,0.83,4132087
1789152291,6,0,0.004,4132087
1789152291,3,0,0.003,4132087
1789152291,0,0,0.004,4132087
1789152291,6,0,0.005,4132087
1789152291,2,0,0.003,4132087
1789152291,0,0,0.007,4132087
1789152291,3,0,0.047,4132087
1789152291,0,0,0.005,4132087
1789152291,0,0,0.004,4132087
1789152291,0,0,0.004,4132087
1789152291,0,0,0.009,4132087
1789152292,2,0,0.901,4132087
1789152293,2,0,0.369,4132087
1789152293,1,0,0.001,4132087
1789152293,6,0,0.007,4132087
1789152293,2,0,0.001,4132087
1789152293,3,0,0.084,4132087
1789152293,1,0,0.001,4132087
1789152293,0,0,0.006,4132087
1789152293,4,0,0.685,4132087
1789152294,4,0,0.532,4132087
1789152299,7,0,4.762,4132087
1789152299,4,0,0.544,4132087
1789152300,4,0,0.596,4132087
1789152300,3,0,0.009,4132087
1789152300,0,0,0.004,4132087
1789152300,0,0,0.016,4132087
1789152304,5,0,4.529,4132087
1789152304,2,0,0.017,4132087
1789152304,6,0,0.025,4132087
1789152305,4,0,0.381,4132087
1789152305,0,0,0.02,4132087
1789152305,2,0,0.001,4132087
1789152305,3,0,0.02,4132087
1789152305,0,0,0.017,4132087
1789152305,1,0,0.001,4132087
1789152305,2,0,0,4132087
1789152305,0,0,0.012,4132087
1789152305,2,0,0.001,4132087
1789152305,5,0,0.426,4132087
1789152305,0,0,0.01,4132087
1789152305,3,0,0.015,4132087
1789152306,2,0,0.821,4132087
1789152307,4,0,0.598,4132087
1789152307,2,0,0.173,4132087
1789152307,0,0,0.004,4132087
1789152307,4,0,0.506,4132087
1789152307,1,0,0.001,4132087
1789152307,0,0,0.021,4132087
1789152307,3,0,0.031,4132087
1789152307,0,0,0.006,4132087
1789152308,3,0,0.232,4132087
1789152308,4,0,0.726,4132087
1789152309,2,0,0.235,4132087
1789152309,6,0,0.028,4132087
1789152309,1,0,0.001,4132087
1789152309,0,0,0.005,4132087
1789152309,3,0,0.004,4132087
1789152309,5,0,0.136,4132087
1789152309,2,0,0.001,4132087
1789152309,3,0,0.002,4132087
1789152309,3,0,0.04,4132087
1789152309,0,0,0.008,4132087
1789152309,6,0,0.007,4132087
1789152309,0,0,0.011,4132087
1789152309,3,0,0.068,4132087
1789152310,4,0,0.672,4132087
1789152310,4,0,0.557,4132087
1789152311,4,0,0.599,4132087
1789152311,6,0,0.008,4132087
1789152311,4,0,0.55,4132087
1789152311,6,0,0.008,4132087
1789152311,3,0,0.059,4132087
1789152312,4,0,0.38,4132087
1789152312,5,0,0.702,4132087
1789152312,2,0,0.003,4132087
1789152312,2,0,0.002,4132087
1789152313,7,0,0.192,4132087
1789152313,3,0,0.047,4132087
1789152313,3,0,0.059,4132087
1789152313,6,0,0.005,4132087
1789152313,2,0,0.422,4132087
1789152313,6,0,0.003,4132087
1789152313,0,0,0.009,4132087
1789152313,0,0,0.01,4132087
1789152313,0,0,0.004,4132087
1789152313,6,0,0.007,4132087
1789152314,4,0,0.938,4132087
1789152314,1,0,0.001,4132087
1789152314,6,0,0.005,4132087
1789152316,2,0,1.435,4132087
1789152317,4,0,0.914,4132087
1789152317,3,0,0.057,4132087
1789152317,2,0,0.756,4132087
1789152317,3,0,0.029,4132087
1789152318,5,0,0.551,4132087
1789152319,2,0,0.647,4132087
1789152319,0,0,0.008,4132087
1789152319,0,0,0.004,4132087
1789152319,3,0,0.035,4132087
1789152319,3,0,0.088,4132087
1789152319,0,0,0.008,4132087
1789152320,7,0,1.105,4132087
1789152320,0,0,0.003,4132087
1789152320,2,0,0.347,4132087
1789152321,4,0,0.759,4132087
1789152321,3,0,0.053,4132087
1789152321,6,0,0.003,4132087
1789152322,2,0,0.582,4132087
1789152322,1,0,0.001,4132087
1789152322,3,0,0.065,4132087
1789152322,6,0,0.009,4132087
1789152322,5,0,0.113,4132087
1789152322,6,0,0.006,4132087
1789152322,2,0,0.001,4132087
1789152322,0,0,0.008,4132087
1789152322,0,0,0.014,4132087
1789152323,2,0,1.171,4132087
1789152324,4,0,1.478,4132087
1789152324,0,0,0.008,4132087
1789152325,5,0,0.115,4132087
1789152326,4,0,1.637,4132087
1789152326,0,0,0.005,4132087
1789152326,2,0,0.001,4132087
1789152326,0,0,0.004,4132087
1789152326,0,0,0.004,4132087
1789152327,4,0,0.321,4132087
1789152327,2,0,0.002,4132087
1789152327,3,0,0.008,4132087
1789152327,0,0,0.007,4132087
1789152327,4,0,0.469,4132087
1789152327,1,0,0.002,4132087
1789152327,2,0,0.351,4132087
1789152328,4,0,0.374,4132087
1789152328,6,0,0.009,4132087
1789152328,0,0,0.005,4132087
1789152328,6,0,0.004,4132087
1789152328,4,0,0.384,4132087
1789152328,3,0,0.006,4132087
1789152331,5,0,3.225,4132087
1789152331,0,0,0.014,4132087
1789152331,2,0,0.002,4132087
1789152334,7,0,2.284,4132087
1789152334,4,0,0.673,4132087
1789152335,4,0,0.144,4132087
1789152335,6,0,0.005,4132087
1789152335,5,0,0.392,4132087
1789152336,4,0,0.799,4132087
1789152336,3,0,0.039,4132087
1789152336,3,0,0.004,4132087
1789152336,1,0,0.001,4132087
1789152336,0,0,0.004,4132087
1789152336,6,0,0.014,4132087
1789152336,4,0,0.241,4132087
1789152336,3,0,0.062,4132087
1789152336,0,0,0.014,4132087
1789152337,4,0,0.902,4132087
1789152337,4,0,0.268,4132087
1789152337,3,0,0.229,4132087
1789152342,7,0,4.984,4132087
1789152342,0,0,0.019,4132087
1789152342,6,0,0.006,4132087
1789152343,3,0,0.017,4132087
1789152343,0,0,0.005,4132087
1789152343,0,0,0.004,4132087
1789152343,0,0,0.04,4132087
1789152343,4,0,0.916,4132087
1789152343,1,0,0.001,4132087
1789152344,2,0,0.394,4132087
1789152344,2,0,0.003,4132087
1789152344,6,0,0.005,4132087
1789152344,6,0,0.02,4132087
1789152345,4,0,0.828,4132087
1789152345,3,0,0.051,4132087
1789152347,4,0,1.948,4132087
1789152347,4,0,0.366,4132087
1789152347,3,0,0.16,4132087
1789152348,4,0,0.403,4132087
1789152348,6,0,0.017,4132087
1789152349,4,0,1.002,4132087
1789152350,5,0,1.012,4132087
1789152350,2,0,0.003,4132087
1789152350,4,0,0.33,4132087
1789152350,0,0,0.01,4132087
1789152350,2,0,0.476,4132087
1789152351,1,0,0.002,4132087
1789152351,6,0,0.004,4132087
1789152351,6,0,0.004,4132087
1789152351,0,0,0.009,4132087
1789152351,0,0,0.008,4132087
1789152351,0,0,0.004,4132087
1789152351,2,0,0.379,4132087
1789152351,4,0,0.513,4132087
1789152352,4,0,0.293,4132087
1789152352,4,0,0.455,4132087
1789152352,5,0,0.104,4132087
1789152352,1,0,0.001,4132087
1789152352,2,0,0.003,4132087
1789152352,7,0,0.149,4132087
1789152352,0,0,0.003,4132087
1789152352,0,0,0.005,4132087
1789152353,4,0,0.223,4132087
1789152353,2,0,0,4132087
1789152353,2,0,0.436,4132087
1789152353,3,0,0.047,4132087
1789152353,2,0,0.002,4132087
1789152353,0,0,0.008,4132087
1789152354,7,0,0.629,4132087
1789152354,3,0,0.202,4132087
1789152355,4,0,0.736,4132087
1789152355,3,0,0.054,4132087
1789152355,6,0,0.005,4132087
1789152358,5,0,3.636,4132087
1789152358,1,0,0.001,4132087
1789152358,0,0,0.01,4132087
1789152359,4,0,0.679,4132087
1789152360,2,0,0.452,4132087
1789152360,4,0,0.868,4132087
1789152361,2,0,0.444,4132087
1789152361,3,0,0.035,4132087
1789152361,0,0,0.007,4132087
1789152361,1,0,0.001,4132087
1789152361,0,0,0.007,4132087
1789152361,4,0,0.302,4132087
1789152368,7,0,6.322,4132087
1789152368,2,0,0.64,4132087
1789152369,4,0,0.398,4132087
1789152369,2,0,0.001,4132087
1789152369,4,0,0.651,4132087
1789152369,1,0,0.002,4132087
1789152369,6,0,0.003,4132087
1789152369,0,0,0.006,4132087
1789152369,3,0,0.088,4132087
1789152369,6,0,0.01,4132087
1789152369,0,0,0.01,4132087
1789152370,2,0,0.605,4132087
1789152370,3,0,0.001,4132087
1789152370,4,0,0.433,4132087
1789152370,3,0,0.006,4132087
1789152376,5,0,5.609,4132087
1789152376,1,0,0.001,4132087
1789152376,3,0,0.148,4132087
1789152376,2,0,0.003,4132087
1789152376,3,0,0.087,4132087
1789152378,4,0,1.427,4132087
1789152378,3,0,0.007,4132087
1789152378,6,0,0.007,4132087
1789152378,1,0,0.001,4132087
1789152378,5,0,0.143,4132087
1789152379,4,0,0.678,4132087
1789152379,0,0,0.005,4132087
1789152379,4,0,0.355,4132087
1789152383,5,0,3.758,4132087
1789152383,3,0,0.093,4132087
1789152383,1,0,0.003,4132087
1789152383,1,0,0.001,4132087
1789152383,3,0,0.03,4132087
1789152383,0,0,0.004,4132087
1789152383,3,0,0.099,4132087
1789152383,2,0,0.005,4132087
1789152384,4,0,0.648,4132087
1789152384,2,0,0.001,4132087
1789152384,2,0,0.366,4132087
1789152385,7,0,0.713,4132087
1789152385,1,0,0.001,4132087
1789152385,5,0,0.637,4132087
1789152386,2,0,0.506,4132087
1789152386,0,0,0.013,4132087
1789152386,0,0,0.004,4132087
1789152386,3,0,0.036,4132087
1789152386,5,0,0.238,4132087
1789152386,0,0,0.01,4132087
1789152386,5,0,0.429,4132087
1789152387,2,0,0.668,4132087
1789152387,4,0,0.329,4132087
1789152388,4,0,0.313,4132087
1789152388,3,0,0.126,4132087
1789152388,5,0,0.59,4132087
1789152389,4,0,0.628,4132087
1789152389,0,0,0.007,4132087
1789152389,0,0,0.009,4132087
1789152389,6,0,0.006,4132087
1789152389,5,0,0.186,4132087
1789152390,4,0,0.294,4132087
1789152393,5,0,3.482,4132087
1789152393,3,0,0.01,4132087
1789152393,6,0,0.004,4132087
1789152393,6,0,0.005,4132087
1789152393,0,0,0.004,4132087
1789152397,5,0,3.524,4132087
1789152397,2,0,0.004,4132087
1789152397,5,0,0.146,4132087
1789152397,4,0,0.535,4132087
1789152398,5,0,0.451,4132087
1789152398,0,0,0.006,4132087
1789152398,5,0,0.473,4132087
1789152399,4,0,1.152,4132087
1789152399,3,0,0.045,4132087
1789152399,2,0,0.002,4132087
1789152399,2,0,0.001,4132087
1789152400,5,0,0.796,4132087
1789152400,3,0,0.005,4132087
1789152401,4,0,0.415,4132087
1789152401,3,0,0.069,4132087
1789152401,0,0,0.006,4132087
1789152401,6,0,0.005,4132087
1789152405,5,0,4.11,4132087
1789152405,4,0,0.583,4132087
1789152406,4,0,0.623,4132087
1789152406,3,0,0.005,4132087
1789152406,3,0,0.005,4132087
1789152406,3,0,0.086,4132087
1789152407,5,0,0.575,4132087
1789152407,4,0,0.622,4132087
1789152407,0,0,0.004,4132087
1789152407,1,0,0.001,4132087
1789152407,0,0,0.008,4132087
1789152408,4,0,0.263,4132087
1789152408,3,0,0.007,4132087
1789152408,0,0,0.006,4132087
1789152408,6,0,0.007,4132087
1789152408,6,0,0.007,4132087
1789152412,5,0,4.452,4132087
1789152412,2,0,0.215,4132087
1789152413,4,0,0.381,4132087
1789152413,2,0,0.677,4132087
1789152414,3,0,0.115,4132087
1789152414,3,0,0.092,4132087
1789152414,4,0,0.509,4132087
1789152415,4,0,0.741,4132087
1789152415,3,0,0.062,4132087
1789152415,3,0,0.091,4132087
1789152415,5,0,0.132,4132087
1789152415,0,0,0.003,4132087
1789152415,2,0,0.002,4132087
1789152415,0,0,0.009,4132087
1789152415,5,0,0.122,4132087
1789152415,3,0,0.063,4132087
1789152416,4,0,0.908,4132087
1789152417,4,0,0.912,4132087
1789152418,2,0,1.224,4132087
1789152419,4,0,0.926,4132087
1789152419,3,0,0.096,4132087
1789152419,0,0,0.003,4132087
1789152420,4,0,0.374,4132087
1789152420,3,0,0.009,4132087
1789152420,3,0,0.004,4132087
1789152420,3,0,0.129,4132087
1789152420,3,0,0.073,4132087
1789152420,5,0,0.396,4132087
1789152420,0,0,0.008,4132087
1789152421,2,0,0.506,4132087
1789152422,4,0,0.718,4132087
1789152424,2,0,2.228,4132087
1789152424,2,0,0.002,4132087
1789152424,0,0,0.046,4132087
1789152424,0,0,0.01,4132087
1789152424,4,0,0.394,4132087
1789152424,6,0,0.004,4132087
1789152424,6,0,0.006,4132087
1789152424,6,0,0.004,4132087
1789152424,2,0,0.003,4132087
1789152424,3,0,0.01,4132087
1789152424,6,0,0.006,4132087
1789152424,3,0,0.008,4132087
1789152424,1,0,0.002,4132087
1789152424,1,0,0.001,4132087
1789152428,7,0,4.045,4132087
1789152429,5,0,0.769,4132087
1789152431,4,0,1.567,4132087
1789152431,4,0,0.321,4132087
1789152431,2,0,0.002,4132087
1789152431,5,0,0.323,4132087
1789152432,5,0,0.197,4132087
1789152432,5,0,0.105,4132087
1789152432,1,0,0.001,4132087
1789152432,4,0,0.44,4132087
1789152432,6,0,0.014,4132087
1789152432,6,0,0.003,4132087
1789152432,2,0,0.002,4132087
1789152432,1,0,0.001,4132087
1789152432,6,0,0.02,4132087
1789152432,2,0,0.003,4132087
1789152433,5,0,1.02,4132087
1789152433,2,0,0.001,4132087
1789152434,4,0,0.485,4132087
1789152434,4,0,0.505,4132087
1789152435,4,0,0.654,4132087
1789152435,2,0,0.001,4132087
1789152435,4,0,0.543,4132087
1789152435,6,0,0.007,4132087
1789152435,0,0,0.01,4132087
1789152435,6,0,0.007,4132087
1789152435,0,0,0.003,4132087
1789152436,4,0,0.797,4132087
1789152436,0,0,0.006,4132087
1789152436,2,0,0.001,4132087
1789152436,1,0,0.001,4132087
1789152437,4,0,0.409,4132087
1789152437,5,0,0.11,4132087
1789152437,6,0,0.009,4132087
1789152437,2,0,0.449,4132087
1789152437,3,0,0.017,4132087
1789152438,4,0,0.555,4132087
1789152438,2,0,0.009,4132087
1789152438,0,0,0.028,4132087
1789152438,3,0,0.003,4132087
1789152438,4,0,0.695,4132087
1789152440,2,0,1.738,4132087
1789152440,2,0,0.001,4132087
1789152440,0,0,0.006,4132087
1789152440,0,0,0.013,4132087
1789152440,6,0,0.009,4132087
1789152441,4,0,0.452,4132087
1789152442,4,0,0.96,4132087
1789152442,1,0,0.001,4132087
1789152442,1,0,0.001,4132087
1789152442,0,0,0.005,4132087
1789152442,1,0,0.001,4132087
1789152442,0,0,0.014,4132087
1789152442,1,0,0.001,4132087
1789152442,4,0,0.584,4132087
1789152442,0,0,0.007,4132087
1789152442,6,0,0.02,4132087
1789152442,0,0,0.008,4132087
1789152443,4,0,0.542,4132087
1789152444,4,0,1.436,4132087
1789152444,6,0,0.008,4132087
1789152446,4,0,1.338,4132087
1789152446,4,0,0.644,4132087
1789152446,0,0,0.016,4132087
1789152447,4,0,1.108,4132087
1789152447,1,0,0.002,4132087
1789152448,2,0,0.493,4132087
1789152448,0,0,0.012,4132087
1789152449,4,0,0.7,4132087
1789152449,2,0,0.001,4132087
1789152449,2,0,0.002,4132087
1789152449,4,0,0.532,4132087
1789152449,0,0,0.005,4132087
1789152449,2,0,0.002,4132087
1789152449,1,0,0.001,4132087
1789152449,3,0,0.045,4132087
1789152449,7,0,0.266,4132087
1789152449,0,0,0.008,4132087
1789152450,4,0,0.26,4132087
1789152450,2,0,0.001,4132087
1789152451,4,0,1.25,4132087
1789152451,4,0,0.442,4132087
1789152451,2,0,0.001,4132087
1789152451,6,0,0.008,4132087
1789152452,4,0,0.975,4132087
1789152453,2,0,0.752,4132087
1789152453,5,0,0.193,4132087
1789152454,2,0,0.68,4132087
1789152454,3,0,0.011,4132087
1789152454,4,0,0.323,4132087
1789152454,0,0,0.004,4132087
1789152455,4,0,0.697,4132087
1789152455,3,0,0.049,4132087
1789152455,0,0,0.004,4132087
1789152455,4,0,0.288,4132087
1789152455,3,0,0.071,4132087
1789152456,4,0,0.493,4132087
1789152456,6,0,0.036,4132087
1789152456,4,0,0.21,4132087
1789152456,3,0,0.006,4132087
1789152457,4,0,0.559,4132087
1789152457,0,0,0.005,4132087
1789152457,2,0,0.002,4132087
1789152457,6,0,0.007,4132087
1789152457,2,0,0.648,4132087
1789152457,3,0,0.014,4132087
1789152457,2,0,0.001,4132087
1789152458,4,0,0.733,4132087
1789152458,2,0,0.237,4132087
1789152459,3,0,0.126,4132087
1789152459,5,0,0.547,4132087
1789152460,4,0,0.941,4132087
1789152460,3,0,0.018,4132087
1789152460,0,0,0.007,4132087
1789152461,5,0,0.479,4132087
1789152464,5,0,3.92,4132087
1789152464,6,0,0.003,4132087
1789152465,5,0,0.098,4132087
1789152465,0,0,0.004,4132087
1789152465,6,0,0.007,4132087
1789152465,0,0,0.003,4132087
1789152465,2,0,0.002,4132087
1789152465,3,0,0.069,4132087
1789152465,0,0,0.024,4132087
1789152465,0,0,0.02,4132087
1789152465,0,0,0.015,4132087
1789152465,4,0,0.613,4132087
1789152466,4,0,0.651,4132087
1789152466,0,0,0.005,4132087
1789152466,4,0,0.18,4132087
1789152467,5,0,0.743,4132087
1789152467,6,0,0.008,4132087
1789152470,5,0,3.387,4132087
1789152471,5,0,0.427,4132087
1789152471,3,0,0.055,4132087
1789152471,2,0,0.42,4132087
1789152471,5,0,0.189,4132087
1789152471,3,0,0.037,4132087
1789152471,3,0,0.022,4132087
1789152471,3,0,0.025,4132087
1789152472,0,0,0.004,4132087
1789152472,6,0,0.007,4132087
1789152472,4,0,0.384,4132087
1789152473,5,0,0.816,4132087
1789152473,3,0,0.032,4132087
1789152477,7,0,4.114,4132087
1789152477,3,0,0.032,4132087
1789152477,0,0,0.015,4132087
1789152477,4,0,0.591,4132087
1789152478,2,0,0.536,4132087
1789152478,3,0,0.086,4132087
1789152478,3,0,0.054,4132087
1789152478,0,0,0.029,4132087
1789152478,3,0,0.007,4132087
1789152478,1,0,0.001,4132087
1789152479,4,0,1.038,4132087
1789152480,2,0,0.421,4132087
1789152480,3,0,0.027,4132087
1789152480,3,0,0.013,4132087
1789152480,0,0,0.005,4132087
1789152480,3,0,0.113,4132087
1789152480,2,0,0.002,4132087
1789152480,4,0,0.343,4132087
1789152480,3,0,0.035,4132087
1789152481,2,0,0.365,4132087
1789152481,1,0,0.002,4132087
1789152481,4,0,0.531,4132087
1789152482,4,0,0.41,4132087
1789152482,3,0,0.007,4132087
1789152482,4,0,0.483,4132087
1789152482,3,0,0.004,4132087
1789152482,5,0,0.126,4132087
1789152483,4,0,0.682,4132087
1789152483,0,0,0.011,4132087
1789152487,5,0,3.97,4132087
1789152488,7,0,0.712,4132087
1789152488,2,0,0.002,4132087
1789152488,3,0,0.059,4132087
1789152488,0,0,0.01,4132087
1789152488,3,0,0.061,4132087
1789152488,2,0,0.004,4132087
1789152488,3,0,0.077,4132087
1789152488,2,0,0.003,4132087
1789152488,6,0,0.01,4132087
1789152488,0,0,0.005,4132087
1789152488,3,0,0.003,4132087
1789152488,0,0,0.009,4132087
1789152488,6,0,0.005,4132087
1789152488,5,0,0.694,4132087
1789152488,3,0,0.008,4132087
1789152488,6,0,0.007,4132087
1789152491,5,0,2.785,4132087
1789152492,2,0,0.527,4132087
1789152492,3,0,0.045,4132087
1789152493,4,0,1.05,4132087
1789152493,3,0,0.021,4132087
1789152493,0,0,0.005,4132087
1789152493,6,0,0.006,4132087
1789152493,0,0,0.005,4132087
1789152493,0,0,0.013,4132087
1789152493,6,0,0.005,4132087
1789152493,2,0,0.004,4132087
1789152494,4,0,0.76,4132087
1789152494,2,0,0.454,4132087
1789152494,0,0,0.028,4132087
1789152495,4,0,0.595,4132087
1789152495,3,0,0.072,4132087
1789152495,3,0,0.079,4132087
1789152496,2,0,1.022,4132087
1789152496,3,0,0.002,4132087
1789152496,4,0,0.333,4132087
1789152496,0,0,0.052,4132087
1789152497,5,0,0.75,4132087
1789152497,3,0,0.048,4132087
1789152497,6,0,0.008,4132087
1789152497,5,0,0.097,4132087
1789152497,3,0,0.035,4132087
1789152498,4,0,0.25,4132087
1789152498,1,0,0.001,4132087
1789152498,4,0,0.34,4132087
1789152498,6,0,0.003,4132087
1789152498,3,0,0.082,4132087
1789152498,3,0,0.052,4132087
1789152498,0,0,0.004,4132087
1789152498,4,0,0.442,4132087
1789152499,5,0,1.028,4132087
1789152499,3,0,0.01,4132087
1789152500,4,0,0.435,4132087
1789152500,4,0,0.273,4132087
1789152501,2,0,0.419,4132087
1789152501,3,0,0.056,4132087
1789152501,2,0,0.313,4132087
1789152501,6,0,0.012,4132087
1789152502,5,0,0.864,4132087
1789152502,3,0,0.011,4132087
1789152502,4,0,0.467,4132087
1789152502,0,0,0.007,4132087
1789152502,0,0,0.004,4132087
1789152503,4,0,0.278,4132087
1789152503,0,0,0.005,4132087
1789152503,4,0,0.332,4132087
1789152503,4,0,0.378,4132087
1789152503,0,0,0.007,4132087
1789152503,0,0,0.006,4132087
1789152503,0,0,0.002,4132087
1789152504,5,0,0.991,4132087
1789152504,3,0,0.056,4132087
1789152504,0,0,0.011,4132087
1789152504,6,0,0.005,4132087
1789152504,3,0,0.014,4132087
1789152504,0,0,0.006,4132087
1789152504,3,0,0.014,4132087
1789152504,6,0,0.006,4132087
1789152504,0,0,0.007,4132087
1789152504,0,0,0.003,4132087
1789152505,7,0,0.191,4132087
1789152505,6,0,0.006,4132087
1789152505,6,0,0.009,4132087
1789152505,2,0,0.001,4132087
1789152505,2,0,0.002,4132087
1789152505,5,0,0.482,4132087
1789152505,2,0,0.002,4132087
1789152505,3,0,0.061,4132087
1789152505,3,0,0.083,4132087
1789152506,4,0,0.393,4132087
1789152507,2,0,0.959,4132087
1789152507,6,0,0.009,4132087
1789152507,6,0,0.01,4132087
1789152507,0,0,0.006,4132087
1789152507,1,0,0.002,4132087
1789152507,5,0,0.585,4132087
1789152507,0,0,0.049,4132087
1789152508,3,0,0.189,4132087
1789152512,5,0,4.688,4132087
1789152513,4,0,0.926,4132087
1789152513,3,0,0.004,4132087
1789152513,1,0,0.001,4132087
1789152513,2,0,0.003,4132087
1789152513,6,0,0.005,4132087
1789152514,4,0,0.916,4132087
1789152514,3,0,0.006,4132087
1789152514,2,0,0.001,4132087
1789152519,5,0,4.597,4132087
1789152519,1,0,0.002,4132087
1789152519,4,0,0.51,4132087
1789152520,4,0,0.339,4132087
1789152520,5,0,0.692,4132087
1789152521,4,0,0.619,4132087
1789152521,4,0,0.327,4132087
1789152522,4,0,0.473,4132087
1789152522,2,0,0.002,4132087
1789152522,0,0,0.009,4132087
1789152522,6,0,0.004,4132087
1789152522,4,0,0.67,4132087
1789152523,4,0,0.625,4132087
1789152523,5,0,0.188,4132087
1789152523,0,0,0.009,4132087
1789152523,6,0,0.015,4132087
1789152524,4,0,1.074,4132087
1789152524,2,0,0,4132087
1789152524,6,0,0.007,4132087
1789152525,2,0,0.519,4132087
1789152525,4,0,0.54,4132087
1789152525,0,0,0.014,4132087
1789152525,6,0,0.024,4132087
1789152526,4,0,0.263,4132087
1789152526,3,0,0.146,4132087
1789152526,6,0,0.009,4132087
1789152526,2,0,0.552,4132087
1789152527,2,0,0.887,4132087
1789152528,4,0,0.351,4132087
1789152528,6,0,0.006,4132087
1789152528,1,0,0.001,4132087
1789152528,4,0,0.74,4132087
1789152529,2,0,0.357,4132087
1789152529,4,0,0.596,4132087
1789152535,7,0,5.717,4132087
1789152536,2,0,0.663,4132087
1789152536,1,0,0.001,4132087
1789152536,1,0,0.001,4132087
1789152536,3,0,0.07,4132087
1789152536,1,0,0.002,4132087
1789152536,2,0,0.321,4132087
1789152537,5,0,0.896,4132087
1789152537,5,0,0.155,4132087
1789152537,0,0,0.008,4132087
1789152538,5,0,0.466,4132087
1789152538,1,0,0.001,4132087
1789152538,7,0,0.629,4132087
1789152538,3,0,0.076,4132087
1789152538,0,0,0.006,4132087
1789152539,4,0,0.988,4132087
1789152540,4,0,0.674,4132087
1789152540,2,0,0,4132087
1789152540,6,0,0.006,4132087
1789152541,2,0,0.585,4132087
1789152541,3,0,0.086,4132087
1789152541,4,0,0.795,4132087
1789152541,3,0,0.045,4132087
1789152542,3,0,0.138,4132087
1789152542,4,0,0.652,4132087
1789152543,4,0,0.87,4132087
1789152547,7,0,3.641,4132087
1789152547,3,0,0.084,4132087
1789152547,0,0,0.024,4132087
1789152548,5,0,1.046,4132087
1789152548,0,0,0.009,4132087
1789152548,2,0,0.002,4132087
1789152548,3,0,0.064,4132087
1789152548,6,0,0.006,4132087
1789152548,3,0,0.054,4132087
1789152548,0,0,0.006,4132087
1789152548,6,0,0.006,4132087
1789152548,3,0,0.126,4132087
1789152548,0,0,0.01,4132087
1789152548,3,0,0.021,4132087
1789152548,0,0,0.013,4132087
1789152549,4,0,0.437,4132087
1789152549,4,0,0.827,4132087
1789152549,1,0,0.001,4132087
1789152550,2,0,0.621,4132087
1789152550,2,0,0.003,4132087
1789152551,4,0,0.758,4132087
1789152551,3,0,0.002,4132087
1789152551,6,0,0.024,4132087
1789152551,2,0,0.001,4132087
1789152551,0,0,0.006,4132087
1789152551,5,0,0.122,4132087
1789152552,5,0,0.748,4132087
1789152553,4,0,0.798,4132087
1789152553,4,0,0.197,4132087
1789152553,0,0,0.03,4132087
1789152553,3,0,0.067,4132087
1789152553,0,0,0.007,4132087
1789152554,4,0,0.732,4132087
1789152554,3,0,0.007,4132087
1789152554,4,0,0.426,4132087
1789152555,5,0,1.15,4132087
1789152556,4,0,0.906,4132087
1789152556,6,0,0.011,4132087
1789152557,4,0,0.416,4132087
1789152558,4,0,1.715,4132087
1789152558,6,0,0.015,4132087
1789152558,3,0,0.075,4132087
1789152559,4,0,0.718,4132087
1789152559,3,0,0.117,4132087
1789152560,2,0,0.977,4132087
1789152563,5,0,2.573,4132087
1789152563,6,0,0.006,4132087
1789152563,2,0,0.476,4132087
1789152563,2,0,0.002,4132087
1789152563,3,0,0.063,4132087
1789152563,3,0,0.027,4132087
1789152567,7,0,3.394,4132087
1789152567,0,0,0.003,4132087
1789152567,2,0,0.494,4132087
1789152567,3,0,0.079,4132087
1789152567,0,0,0.006,4132087
1789152567,2,0,0.004,4132087
1789152568,5,0,0.841,4132087
1789152569,2,0,0.493,4132087
1789152569,1,0,0.002,4132087
1789152569,3,0,0.007,4132087
1789152570,4,0,1.832,4132087
1789152570,0,0,0.007,4132087
1789152570,0,0,0.004,4132087
1789152570,6,0,0.01,4132087
1789152571,3,0,0.074,4132087
1789152571,3,0,0.054,4132087
1789152571,4,0,0.454,4132087
1789152571,6,0,0.008,4132087
1789152571,0,0,0.045,4132087
1789152572,4,0,1.316,4132087
1789152573,4,0,0.466,4132087
1789152574,4,0,0.676,4132087
1789152577,5,0,3.053,4132087
1789152577,3,0,0.013,4132087
1789152577,0,0,0.045,4132087
1789152577,2,0,0.001,4132087
1789152577,3,0,0.008,4132087
1789152577,0,0,0.016,4132087
1789152577,3,0,0.066,4132087
1789152577,0,0,0.026,4132087
1789152577,0,0,0.008,4132087
1789152577,3,0,0.003,4132087
1789152577,2,0,0.018,4132087
1789152577,6,0,0.007,4132087
1789152577,0,0,0.016,4132087
1789152577,3,0,0.129,4132087
1789152577,0,0,0.04,4132087
1789152577,1,0,0.001,4132087
1789152577,6,1,0.004,4132087
1789152577,2,0,0.001,4132087
1789152578,5,0,1.363,4132087
1789152578,0,0,0.006,4132087
1789152579,4,0,0.474,4132087
1789152579,0,0,0.015,4132087
1789152579,4,0,0.402,4132087
1789152580,4,0,0.786,4132087
1789152580,2,0,0.002,4132087
1789152580,5,0,0.154,4132087
1789152580,3,0,0.01,4132087
1789152580,0,0,0.008,4132087
1789152581,2,0,1.207,4132087
1789152581,0,0,0.008,4132087
1789152582,3,0,0.171,4132087
1789152582,0,0,0.008,4132087
1789152583,5,0,1.361,4132087
1789152583,3,0,0.028,4132087
1789152583,1,0,0.001,4132087
1789152584,4,0,0.93,4132087
1789152584,3,0,0.005,4132087
1789152584,2,0,0.002,4132087
1789152584,7,0,0.188,4132087
1789152584,3,0,0.24,4132087
1789152584,2,0,0.002,4132087
1789152585,5,0,0.401,4132087
1789152585,5,0,0.201,4132087
1789152585,3,0,0.041,4132087
1789152585,2,0,0.001,4132087
1789152585,0,0,0.006,4132087
1789152585,3,0,0.007,4132087
1789152585,2,0,0.001,4132087
1789152585,6,0,0.005,4132087
1789152585,3,0,0.067,4132087
1789152585,3,0,0.006,4132087
1789152585,3,0,0.014,4132087
1789152586,2,0,1.246,4132087
1789152586,3,0,0.048,4132087
1789152587,2,0,0.308,4132087
1789152587,1,0,0.001,4132087
1789152587,4,0,0.558,4132087
1789152587,6,0,0.006,4132087
1789152587,6,0,0.007,4132087
1789152587,5,0,0.126,4132087
1789152588,5,0,1,4132087
1789152589,3,0,0.126,4132087
1789152589,3,0,0.069,4132087
1789152589,0,0,0.004,4132087
1789152589,4,0,0.28,4132087
1789152589,0,0,0.008,4132087
1789152589,2,0,0.004,4132087
1789152589,4,0,0.34,4132087
1789152590,4,0,0.807,4132087
1789152590,3,0,0.002,4132087
1789152590,4,0,0.232,4132087
1789152591,2,0,0.819,4132087
1789152591,4,0,0.368,4132087
1789152591,6,0,0.004,4132087
1789152592,3,0,0.018,4132087
1789152592,2,0,0.003,4132087
1789152592,6,0,0.007,4132087
1789152592,3,0,0.041,4132087
1789152594,4,0,2.116,4132087
1789152595,4,0,1.053,4132087
1789152595,2,0,0.002,4132087
1789152595,4,0,0.439,4132087
1789152595,3,0,0.04,4132087
1789152595,1,0,0.001,4132087
1789152595,0,0,0.008,4132087
1789152596,4,0,0.73,4132087
1789152596,3,0,0.051,4132087
1789152596,5,0,0.109,4132087
1789152596,3,0,0.011,4132087
1789152597,4,0,0.832,4132087
1789152597,3,0,0.028,4132087
1789152598,5,0,0.712,4132087
1789152601,5,0,3.099,4132087
1789152601,3,0,0.033,4132087
1789152601,6,0,0.003,4132087
1789152601,2,0,0.002,4132087
1789152601,0,0,0.014,4132087
1789152601,0,0,0.013,4132087
1789152601,3,0,0.052,4132087
1789152602,4,0,1.027,4132087
1789152602,2,0,0.001,4132087
1789152602,7,0,0.209,4132087
1789152603,4,0,0.506,4132087
1789152603,0,0,0.009,4132087
1789152603,4,0,0.385,4132087
1789152603,0,0,0.003,4132087
1789152603,3,0,0.062,4132087
1789152603,6,0,0.006,4132087
1789152604,4,0,1.072,4132087
1789152604,3,0,0.122,4132087
1789152604,3,0,0.052,4132087
1789152605,3,0,0.213,4132087
1789152605,2,0,0.001,4132087
1789152605,4,0,0.334,4132087
1789152606,4,0,0.908,4132087
1789152606,0,0,0.005,4132087
1789152606,3,0,0.015,4132087
1789152606,3,0,0.019,4132087
1789152606,3,0,0.007,4132087
1789152606,2,0,0.003,4132087
1789152610,5,0,4.308,4132087
1789152611,4,0,0.587,4132087
1789152611,3,0,0.099,4132087
1789152611,5,0,0.364,4132087
1789152612,5,0,0.726,4132087
1789152612,4,0,0.526,4132087
1789152613,4,0,0.579,4132087
1789152613,6,0,0.01,4132087
1789152613,6,0,0.005,4132087
1789152614,2,0,0.673,4132087
1789152614,0,0,0.004,4132087
1789152614,5,0,0.568,4132087
1789152614,3,0,0.095,4132087
1789152614,0,0,0.003,4132087
1789152614,0,0,0.003,4132087
1789152615,4,0,0.621,4132087
1789152616,4,0,0.831,4132087
1789152616,6,0,0.008,4132087
1789152616,2,0,0.001,4132087
1789152616,4,0,0.384,4132087
1789152616,3,0,0.004,4132087
1789152617,4,0,0.813,4132087
1789152617,3,0,0.005,4132087
1789152617,0,0,0.004,4132087
1789152617,6,0,0.006,4132087
1789152617,0,0,0.004,4132087
1789152617,1,0,0,4132087
1789152617,3,0,0.001,4132087
1789152617,1,0,0,4132087
1789152617,2,0,0.001,4132087
1789152618,2,0,1,4132087
1789152618,5,0,0.162,4132087
1789152618,3,0,0.145,4132087
1789152619,4,0,0.782,4132087
1789152619,2,0,0.002,4132087
1789152619,2,0,0.004,4132087
1789152620,4,0,0.443,4132087
1789152620,0,0,0.03,4132087
1789152620,3,0,0.057,4132087
1789152620,2,0,0.493,4132087
1789152621,4,0,1.178,4132087
1789152621,3,0,0.054,4132087
1789152621,0,0,0.006,4132087
1789152621,2,0,0.001,4132087
1789152621,3,0,0.012,4132087
1789152622,7,0,0.421,4132087
1789152622,3,0,0.006,4132087
1789152622,1,0,0.001,4132087
1789152623,2,0,0.954,4132087
1789152624,2,0,1.259,4132087
1789152624,5,0,0.218,4132087
1789152624,6,0,0.005,4132087
1789152624,6,0,0.011,4132087
1789152625,4,0,0.833,4132087
1789152628,2,0,2.332,4132087
1789152628,4,0,0.459,4132087
1789152629,4,0,1.276,4132087
1789152629,0,0,0.003,4132087
1789152629,0,0,0.005,4132087
1789152629,3,0,0.061,4132087
1789152629,0,0,0.014,4132087
1789152629,6,0,0.01,4132087
1789152630,4,0,0.667,4132087
1789152630,5,0,0.153,4132087
1789152630,0,0,0.003,4132087
1789152630,6,0,0.007,4132087
1789152630,0,0,0.004,4132087
1789152630,6,0,0.005,4132087
1789152630,3,0,0.024,4132087
1789152630,6,0,0.006,4132087
1789152630,5,0,0.126,4132087
1789152631,4,0,0.419,4132087
1789152631,6,0,0.008,4132087
1789152631,2,0,0.002,4132087
1789152631,4,0,0.553,4132087
1789152632,4,0,0.402,4132087
1789152632,5,0,0.135,4132087
1789152632,3,0,0.032,4132087
1789152632,4,0,0.302,4132087
1789152633,2,0,0.504,4132087
1789152633,0,0,0.004,4132087
1789152633,4,0,0.326,4132087
1789152633,4,0,0.468,4132087
1789152634,4,0,0.951,4132087
1789152635,4,0,0.2,4132087
1789152635,0,0,0.015,4132087
1789152637,4,0,1.93,4132087
1789152637,0,0,0.01,4132087
1789152637,3,0,0.005,4132087
1789152637,3,0,0.059,4132087
1789152637,3,0,0.033,4132087
1789152638,4,0,0.905,4132087
1789152638,4,0,0.446,4132087
1789152638,6,0,0.004,4132087
1789152642,5,0,4.388,4132087
1789152643,4,0,0.518,4132087
1789152643,2,0,0.001,4132087
1789152644,2,0,1.319,4132087
1789152644,5,0,0.126,4132087
1789152644,0,0,0.003,4132087
1789152644,0,0,0.005,4132087
1789152645,4,0,0.585,4132087
1789152645,0,0,0.006,4132087
1789152645,6,0,0.007,4132087
1789152645,3,0,0.064,4132087
1789152645,1,0,0.002,4132087
1789152646,4,0,0.601,4132087
1789152650,5,0,3.971,4132087
1789152650,3,0,0.006,4132087
1789152650,0,0,0.003,4132087
1789152651,7,0,1.133,4132087
1789152652,4,0,0.742,4132087
1789152652,2,0,0.66,4132087
1789152652,2,0,0.002,4132087
1789152653,4,0,0.465,4132087
1789152653,5,0,0.645,4132087
1789152655,5,0,1.492,4132087
1789152655,5,0,0.225,4132087
1789152656,5,0,0.735,4132087
1789152656,3,0,0.089,4132087
1789152656,6,0,0.006,4132087
1789152656,1,0,0.001,4132087
1789152656,1,0,0.001,4132087
1789152656,6,0,0.004,4132087
1789152656,3,0,0.079,4132087
1789152656,3,0,0.048,4132087
1789152657,7,0,0.703,4132087
1789152662,5,0,5.699,4132087
1789152662,3,0,0.006,4132087
1789152663,2,0,0.28,4132087
1789152665,7,0,2.803,4132087
1789152665,0,0,0.004,4132087
1789152665,6,0,0.003,4132087
1789152669,7,0,3.623,4132087
1789152670,2,0,0.931,4132087
1789152670,0,0,0.006,4132087
1789152670,0,0,0.004,4132087
1789152670,2,0,0.002,4132087
1789152670,4,0,0.426,4132087
1789152670,3,0,0.006,4132087
1789152671,3,0,0.016,4132087
1789152671,3,0,0.077,4132087
1789152671,2,0,0.424,4132087
1789152672,4,0,0.809,4132087
1789152673,4,0,1.244,4132087
1789152673,0,0,0.012,4132087
1789152673,3,0,0.029,4132087
1789152674,4,0,0.413,4132087
1789152674,3,0,0.006,4132087
1789152674,0,0,0.012,4132087
1789152674,4,0,0.333,4132087
1789152674,2,0,0.003,4132087
1789152674,3,0,0.052,4132087
1789152674,6,0,0.007,4132087
1789152675,4,0,0.638,4132087
1789152675,6,0,0.012,4132087
1789152675,6,0,0.007,4132087
1789152675,3,0,0.071,4132087
1789152675,6,0,0.014,4132087
1789152675,0,0,0.007,4132087
1789152675,4,0,0.725,4132087
1789152676,2,0,0.573,4132087
1789152676,0,0,0.026,4132087
1789152676,6,0,0.003,4132087
1789152676,1,0,0.001,4132087
1789152676,0,0,0.012,4132087
1789152676,0,0,0.024,4132087
1789152676,0,0,0.038,4132087
1789152676,4,0,0.387,4132087
1789152677,3,0,0.054,4132087
1789152677,6,0,0.006,4132087
1789152677,6,0,0.003,4132087
1789152677,2,0,0.314,4132087
1789152677,3,0,0.07,4132087
1789152678,5,0,0.95,4132087
1789152678,5,0,0.565,4132087
1789152679,4,0,0.737,4132087
1789152680,4,0,0.483,4132087
1789152680,6,0,0.006,4132087
1789152681,4,0,1.161,4132087
1789152681,3,0,0.06,4132087
1789152681,6,0,0.006,4132087
1789152681,4,0,0.489,4132087
1789152681,3,0,0.049,4132087
1789152681,3,0,0.052,4132087
1789152681,2,0,0.001,4132087
1789152682,2,0,0.406,4132087
1789152682,2,0,0.455,4132087
1789152682,3,0,0.158,4132087
1789152683,2,0,0.298,4132087
1789152683,0,0,0.004,4132087
1789152683,4,0,0.358,4132087
1789152683,3,0,0.002,4132087
1789152683,3,0,0.067,4132087
1789152684,4,0,0.369,4132087
1789152684,3,0,0.144,4132087
1789152684,3,0,0.042,4132087
1789152684,4,0,0.475,4132087
1789152684,1,0,0.002,4132087
1789152686,4,0,1.684,4132087
1789152686,3,0,0.046,4132087
1789152686,3,0,0.037,4132087
1789152686,1,0,0.002,4132087
1789152687,7,0,0.904,4132087
1789152687,2,0,0.323,4132087
1789152688,4,0,0.653,4132087
1789152688,6,0,0.006,4132087
1789152688,4,0,0.45,4132087
1789152688,3,0,0.058,4132087
1789152688,3,0,0.012,4132087
1789152688,1,0,0,4132087
1789152688,3,0,0.003,4132087
1789152688,0,0,0.006,4132087
1789152689,5,0,0.697,4132087
1789152693,7,0,3.55,4132087
1789152693,2,0,0.495,4132087
1789152694,4,0,0.713,4132087
1789152694,6,0,0.006,4132087
1789152694,6,1,0.005,4132087
1789152694,5,0,0.102,4132087
1789152694,6,0,0.006,4132087
1789152694,2,0,0.455,4132087
1789152694,3,0,0.006,4132087
1789152694,1,0,0.001,4132087
1789152694,6,0,0.008,4132087
1789152695,4,0,0.565,4132087
1789152695,3,0,0.005,4132087
1789152695,0,0,0.013,4132087
1789152696,4,0,0.762,4132087
1789152696,1,0,0.002,4132087
1789152697,4,0,0.755,4132087
1789152697,6,0,0.009,4132087
1789152698,2,0,1.242,4132087
1789152698,6,0,0.013,4132087
1789152698,4,0,0.402,4132087
1789152699,4,0,0.69,4132087
1789152699,3,0,0.007,4132087
1789152699,0,0,0.009,4132087
1789152699,1,0,0.001,4132087
1789152699,6,0,0.005,4132087
1789152699,3,0,0.018,4132087
1789152699,0,0,0.004,4132087
1789152699,4,0,0.358,4132087
1789152700,7,0,0.482,4132087
1789152700,3,0,0.071,4132087
1789152700,4,0,0.425,4132087
1789152701,2,0,0.924,4132087
1789152701,3,0,0.057,4132087
1789152702,2,0,0.223,4132087
1789152702,6,0,0.006,4132087
1789152702,6,0,0.009,4132087
1789152703,4,0,1.246,4132087
1789152703,3,0,0.004,4132087
1789152703,6,0,0.007,4132087
1789152703,4,0,0.48,4132087
1789152703,1,0,0.001,4132087
1789152703,6,0,0.009,4132087
1789152703,1,0,0.001,4132087
1789152703,0,0,0.008,4132087
1789152703,6,0,0.013,4132087
1789152707,7,0,3.858,4132087
1789152708,4,0,0.657,4132087
1789152708,4,0,0.267,4132087
1789152708,3,0,0.063,4132087
1789152709,5,0,0.559,4132087
1789152712,5,0,3.605,4132087
1789152713,2,0,1.059,4132087
1789152714,4,0,0.567,4132087
1789152714,2,0,0.002,4132087
1789152714,0,0,0.005,4132087
1789152714,6,0,0.007,4132087
1789152714,0,0,0.003,4132087
1789152714,0,0,0.003,4132087
1789152714,4,0,0.479,4132087
1789152714,0,0,0.007,4132087
1789152714,2,0,0.001,4132087
1789152715,4,0,0.186,4132087
1789152715,3,0,0.007,4132087
1789152715,6,0,0.005,4132087
1789152715,3,0,0.063,4132087
1789152715,0,0,0.004,4132087
1789152715,2,0,0.758,4132087
1789152716,0,0,0.033,4132087
1789152716,5,0,0.412,4132087
1789152716,3,0,0.051,4132087
1789152716,3,0,0.127,4132087
1789152716,0,0,0.01,4132087
1789152716,4,0,0.31,4132087
1789152716,0,0,0.009,4132087
1789152717,4,0,0.976,4132087
1789152717,3,0,0.023,4132087
1789152722,5,0,4.202,4132087
1789152722,4,0,0.517,4132087
1789152722,1,0,0.002,4132087
1789152722,5,0,0.221,4132087
1789152722,3,0,0.003,4132087
1789152722,3,0,0.032,4132087
1789152722,3,0,0.084,4132087
1789152722,1,0,0.002,4132087
1789152722,6,0,0.005,4132087
1789152723,0,0,0.022,4132087
1789152723,2,0,0.001,4132087
1789152723,1,0,0.001,4132087
1789152723,4,0,0.426,4132087
1789152724,5,0,0.69,4132087
1789152724,3,0,0.007,4132087
1789152724,4,0,0.305,4132087
1789152725,5,0,0.735,4132087
1789152725,0,0,0.006,4132087
1789152725,0,0,0.011,4132087
1789152725,0,0,0.013,4132087
1789152725,6,0,0.007,4132087
1789152725,3,0,0.07,4132087
1789152725,2,0,0.008,4132087
1789152725,0,0,0.016,4132087
1789152726,2,0,0.887,4132087
1789152726,4,0,0.315,4132087
1789152726,3,0,0.014,4132087
1789152726,6,0,0.009,4132087
1789152727,4,0,1.167,4132087
1789152727,3,0,0.006,4132087
1789152728,4,0,0.603,4132087
1789152728,4,0,0.672,4132087
1789152728,0,0,0.003,4132087
1789152729,6,0,0.007,4132087
1789152729,1,0,0.001,4132087
1789152733,5,0,4.961,4132087
1789152733,3,0,0.023,4132087
1789152734,0,0,0.018,4132087
1789152734,3,0,0.077,4132087
1789152734,2,0,0.005,4132087
1789152734,0,0,0.006,4132087
1789152735,2,0,1.129,4132087
1789152735,3,0,0.067,4132087
1789152735,3,0,0.044,4132087
1789152735,1,0,0.001,4132087
1789152735,2,0,0.339,4132087
1789152735,3,0,0.123,4132087
1789152735,0,0,0.098,4132087
1789152735,2,0,0.001,4132087
1789152736,4,0,0.289,4132087
1789152736,2,0,0.006,4132087
1789152736,6,0,0.008,4132087
1789152736,3,0,0.346,4132087
1789152736,1,0,0.001,4132087
1789152736,3,0,0.071,4132087
1789152737,2,0,1.082,4132087
1789152738,4,0,0.56,4132087
1789152738,4,0,0.538,4132087
1789152739,4,0,1.144,4132087
1789152741,4,0,1.121,4132087
1789152741,6,0,0.013,4132087
1789152741,3,0,0.181,4132087
1789152741,2,0,0.002,4132087
1789152746,7,0,5.515,4132087
1789152746,3,0,0.01,4132087
1789152746,1,0,0.002,4132087
1789152746,1,0,0.001,4132087
1789152746,6,0,0.004,4132087
1789152746,2,0,0.004,4132087
1789152746,3,0,0.004,4132087
1789152746,2,0,0.001,4132087
1789152747,5,0,0.847,4132087
1789152747,0,0,0.019,4132087
1789152747,2,0,0.314,4132087
1789152748,4,0,0.28,4132087
1789152748,0,0,0.027,4132087
1789152748,0,0,0.006,4132087
1789152748,0,0,0.007,4132087
1789152748,0,0,0.013,4132087
1789152748,0,0,0.022,4132087
1789152748,3,0,0.017,4132087
1789152748,4,0,0.388,4132087
1789152748,3,0,0.061,4132087
1789152748,1,0,0.001,4132087
1789152748,0,0,0.01,4132087
1789152749,5,0,0.577,4132087
1789152750,4,0,1.119,4132087
1789152750,6,0,0.013,4132087
1789152750,0,0,0.011,4132087
1789152750,0,0,0.003,4132087
1789152750,0,0,0.011,4132087
1789152750,6,0,0.017,4132087
1789152750,4,0,0.359,4132087
1789152751,2,0,0.345,4132087
1789152751,3,0,0.124,4132087
1789152751,0,0,0.004,4132087
1789152751,2,0,0.147,4132087
1789152751,3,0,0.064,4132087
1789152751,4,0,0.256,4132087
1789152751,6,1,0.005,4132087
1789152752,2,0,0.396,4132087
1789152752,3,0,0.006,4132087
1789152752,0,0,0.005,4132087
1789152752,2,0,0.145,4132087
1789152752,2,0,0.002,4132087
1789152752,4,0,0.515,4132087
1789152753,4,0,0.38,4132087
1789152753,4,0,0.579,4132087
1789152754,5,0,0.488,4132087
1789152754,2,0,0.421,4132087
1789152754,3,0,0.008,4132087
1789152754,2,0,0.001,4132087
1789152754,6,0,0.004,4132087
1789152754,0,0,0.002,4132087
1789152754,3,0,0.003,4132087
1789152754,0,0,0.007,4132087
1789152755,2,0,0.42,4132087
1789152755,5,0,0.159,4132087
1789152755,4,0,0.219,4132087
1789152755,2,0,0.002,4132087
1789152755,0,0,0.005,4132087
1789152755,0,0,0.003,4132087
1789152755,3,0,0.006,4132087
1789152755,3,0,0.086,4132087
1789152755,2,0,0.002,4132087
1789152755,0,0,0.004,4132087
1789152759,7,0,3.958,4132087
1789152760,4,0,0.723,4132087
1789152760,0,0,0.011,4132087
1789152760,0,0,0.01,4132087
1789152760,7,0,0.17,4132087
1789152760,6,0,0.007,4132087
1789152761,4,0,0.77,4132087
1789152762,4,0,1.421,4132087
1789152762,3,0,0.002,4132087
1789152762,1,0,0.001,4132087
1789152762,1,0,0.001,4132087
1789152762,0,0,0.015,4132087
1789152762,3,0,0.006,4132087
1789152763,4,0,0.289,4132087
1789152763,4,0,0.356,4132087
1789152763,5,0,0.134,4132087
1789152763,3,0,0.006,4132087
1789152763,0,0,0.005,4132087
1789152764,2,0,0.578,4132087
1789152764,4,0,0.631,4132087
1789152765,4,0,0.331,4132087
1789152765,2,0,0.002,4132087
1789152765,4,0,0.238,4132087
1789152765,3,0,0.015,4132087
1789152765,2,0,0.511,4132087
1789152769,5,0,3.597,4132087
1789152769,2,0,0.002,4132087
1789152769,0,0,0.004,4132087
1789152769,2,0,0.002,4132087
1789152770,4,0,0.693,4132087
1789152770,4,0,0.347,4132087
1789152770,0,0,0.007,4132087
1789152770,1,0,0.001,4132087
1789152770,0,0,0.003,4132087
1789152771,4,0,0.702,4132087
1789152771,4,0,0.61,4132087
1789152771,6,0,0.005,4132087
1789152772,4,0,0.378,4132087
1789152772,3,0,0.029,4132087
1789152772,6,0,0.007,4132087
1789152772,0,0,0.004,4132087
1789152772,3,0,0.133,4132087
1789152773,4,0,0.595,4132087
1789152775,2,0,2.216,4132087
1789152775,3,0,0.031,4132087
1789152775,0,0,0.017,4132087
1789152775,3,0,0.068,4132087
1789152775,6,0,0.005,4132087
1789152775,4,0,0.532,4132087
1789152777,4,0,1.377,4132087
1789152777,0,0,0.004,4132087
1789152777,5,0,0.595,4132087
1789152777,2,0,0.002,4132087
1789152777,2,0,0.003,4132087
1789152777,2,0,0.001,4132087
1789152777,1,0,0.002,4132087
1789152778,5,0,0.558,4132087
1789152778,1,0,0.001,4132087
1789152778,0,0,0.013,4132087
1789152778,3,0,0.075,4132087
1789152778,5,0,0.162,4132087
1789152779,4,0,0.477,4132087
1789152780,4,0,1.422,4132087
1789152784,7,0,4.266,4132087
1789152784,3,0,0.081,4132087
1789152785,4,0,0.415,4132087
1789152785,3,0,0.069,4132087
1789152785,4,0,0.513,4132087
1789152785,0,0,0.007,4132087
1789152785,1,0,0.002,4132087
1789152786,4,0,0.598,4132087
1789152786,6,0,0.006,4132087
1789152786,0,0,0.005,4132087
1789152786,2,0,0.001,4132087
1789152787,2,0,0.449,4132087
1789152787,3,0,0.091,4132087
1789152787,0,0,0.007,4132087
1789152787,3,0,0.005,4132087
1789152787,4,0,0.536,4132087
1789152788,4,0,1.208,4132087
1789152789,4,0,0.327,4132087
1789152789,3,0,0.061,4132087
1789152789,0,0,0.02,4132087
1789152789,6,0,0.01,4132087
1789152789,0,0,0.008,4132087
1789152789,2,0,0.325,4132087
1789152790,4,0,0.669,4132087
1789152790,2,0,0.457,4132087
1789152790,5,0,0.213,4132087
1789152791,2,0,0.466,4132087
1789152791,3,0,0.018,4132087
1789152791,2,0,0.35,4132087
1789152791,1,0,0.002,4132087
1789152794,5,0,3.066,4132087
1789152795,4,0,0.336,4132087
1789152795,7,0,0.255,4132087
1789152795,4,0,0.345,4132087
1789152795,0,0,0.017,4132087
1789152797,4,0,1.628,4132087
1789152798,2,0,0.64,4132087
1789152798,5,0,0.877,4132087
1789152799,4,0,0.329,4132087
1789152799,4,0,0.425,4132087
1789152799,2,0,0.001,4132087
1789152799,0,0,0.005,4132087
1789152799,3,0,0.112,4132087
1789152799,0,0,0.003,4132087
1789152800,4,0,0.847,4132087
1789152800,0,0,0.006,4132087
1789152800,6,0,0.005,4132087
1789152801,4,0,0.341,4132087
1789152801,0,0,0.005,4132087
1789152801,2,0,0.001,4132087
1789152801,1,0,0.001,4132087
1789152801,5,0,0.825,4132087
1789152802,5,0,0.141,4132087
1789152802,3,0,0.067,4132087
1789152802,6,0,0.005,4132087
1789152802,0,0,0.008,4132087
1789152802,3,0,0.002,4132087
1789152802,4,0,0.887,4132087
1789152803,6,0,0.007,4132087
1789152803,4,0,0.603,4132087
1789152803,6,0,0.006,4132087
1789152803,4,0,0.372,4132087
1789152804,3,0,0.038,4132087
1789152804,4,0,0.701,4132087
1789152804,2,0,0.001,4132087
1789152804,1,0,0.003,4132087
1789152804,3,0,0.064,4132087
1789152805,5,0,0.795,4132087
1789152805,3,0,0.007,4132087
1789152809,5,0,3.528,4132087
1789152809,4,0,0.48,4132087
1789152810,4,0,0.58,4132087
1789152810,4,0,0.764,4132087
1789152811,3,0,0.091,4132087
1789152811,4,0,0.397,4132087
1789152812,4,0,0.688,4132087
1789152812,0,0,0.013,4132087
1789152812,3,0,0.003,4132087
1789152812,6,0,0.007,4132087
1789152812,3,0,0.121,4132087
1789152812,0,0,0.003,4132087
1789152812,6,0,0.006,4132087
1789152816,5,0,4.635,4132087
1789152816,6,0,0.006,4132087
1789152816,3,0,0.002,4132087
1789152817,3,0,0.093,4132087
1789152817,4,0,0.398,4132087
1789152818,2,0,0.935,4132087
1789152819,4,0,1.356,4132087
1789152820,2,0,0.509,4132087
1789152821,4,0,0.979,4132087
1789152825,5,0,4.43,4132087
1789152826,7,0,0.84,4132087
1789152826,7,0,0.197,4132087
1789152827,2,0,0.462,4132087
1789152827,3,0,0.004,4132087
1789152827,1,0,0.001,4132087
1789152827,1,0,0.001,4132087
1789152827,3,0,0.039,4132087
1789152827,2,0,0.001,4132087
1789152827,2,0,0.454,4132087
1789152827,6,0,0.006,4132087
1789152827,3,0,0.2,4132087
1789152829,7,0,1.203,4132087
1789152829,3,0,0.007,4132087
1789152829,6,0,0.012,4132087
1789152829,2,0,0.003,4132087
1789152829,6,0,0.008,4132087
1789152829,4,0,0.247,4132087
1789152829,3,0,0.009,4132087
1789152830,4,0,1.103,4132087
1789152830,0,0,0.011,4132087
1789152830,2,0,0.003,4132087
1789152830,3,0,0.207,4132087
1789152830,0,0,0.006,4132087
1789152830,3,0,0.033,4132087
1789152830,3,0,0.003,4132087
1789152830,0,0,0.004,4132087
1789152830,0,0,0.005,4132087
1789152830,0,0,0.005,4132087
1789152830,0,0,0.005,4132087
1789152830,5,0,0.217,4132087
1789152830,0,0,0.01,4132087
1789152831,4,0,0.443,4132087
1789152831,2,0,0.003,4132087
1789152831,2,0,0.002,4132087
1789152831,3,0,0.006,4132087
1789152831,0,0,0.008,4132087
1789152831,4,0,0.205,4132087
1789152832,2,0,0.704,4132087
1789152832,6,0,0.005,4132087
1789152833,2,0,1.037,4132087
1789152833,4,0,0.538,4132087
1789152833,0,0,0.009,4132087
1789152834,2,0,0.265,4132087
1789152834,2,0,0.003,4132087
1789152834,3,0,0.005,4132087
1789152834,0,0,0.011,4132087
1789152834,4,0,0.487,4132087
1789152835,4,0,0.854,4132087
1789152836,4,0,0.617,4132087
1789152836,3,0,0.008,4132087
1789152836,7,0,0.165,4132087
1789152836,3,0,0.014,4132087
1789152836,3,0,0.03,4132087
1789152836,1,0,0.001,4132087
1789152836,6,0,0.008,4132087
1789152836,3,0,0.083,4132087
1789152836,6,0,0.008,4132087
1789152836,3,0,0.132,4132087
1789152836,0,0,0.006,4132087
1789152836,3,0,0.015,4132087
1789152837,4,0,1.198,4132087
1789152837,4,0,0.191,4132087
1789152842,5,0,4.242,4132087
1789152842,6,0,0.011,4132087
1789152842,5,0,0.722,4132087
1789152843,4,0,0.394,4132087
1789152843,2,0,0.002,4132087
1789152843,3,0,0.044,4132087
1789152843,0,0,0.007,4132087
1789152843,5,0,0.114,4132087
1789152843,4,0,0.36,4132087
1789152843,2,0,0.001,4132087
1789152843,0,0,0.005,4132087
1789152843,2,0,0.001,4132087
1789152843,1,0,0.001,4132087
1789152843,0,0,0.01,4132087
1789152844,4,0,0.313,4132087
1789152844,0,0,0.004,4132087
1789152845,4,0,1.135,4132087
1789152846,7,0,0.829,4132087
1789152846,3,0,0.067,4132087
1789152846,5,0,0.116,4132087
1789152846,4,0,0.324,4132087
1789152846,0,0,0.004,4132087
1789152846,3,0,0.007,4132087
1789152847,4,0,0.365,4132087
1789152847,6,0,0.006,4132087
1789152847,3,0,0.061,4132087
1789152847,5,0,0.156,4132087
1789152847,0,0,0.013,4132087
1789152847,2,0,0.564,4132087
1789152847,3,0,0.052,4132087
1789152847,0,0,0.003,4132087
1789152848,3,0,0.148,4132087
1789152848,2,0,0.546,4132087
1789152848,6,0,0.016,4132087
1789152848,3,0,0.022,4132087
1789152848,6,0,0.006,4132087
1789152849,2,0,0.397,4132087
1789152849,3,0,0.038,4132087
1789152849,3,0,0.085,4132087
1789152849,0,0,0.009,4132087
1789152849,0,0,0.006,4132087
1789152849,1,0,0.001,4132087
1789152849,2,0,0.002,4132087
1789152849,5,0,0.665,4132087
1789152849,3,0,0.1,4132087
1789152850,5,0,0.601,4132087
1789152850,6,0,0.006,4132087
1789152850,6,0,0.004,4132087
1789152853,7,0,3.289,4132087
1789152853,3,0,0.007,4132087
1789152854,4,0,0.428,4132087
1789152854,3,0,0.034,4132087
1789152854,0,0,0.014,4132087
1789152854,3,0,0.038,4132087
1789152854,0,0,0.012,4132087
1789152854,4,0,0.355,4132087
1789152855,5,0,0.285,4132087
1789152858,5,0,3.494,4132087
1789152858,3,0,0.018,4132087
1789152859,4,0,0.578,4132087
1789152859,3,0,0.055,4132087
1789152859,3,0,0.011,4132087
1789152859,1,0,0.001,4132087
1789152860,5,0,1.623,4132087
1789152862,2,0,1.703,4132087
1789152867,5,0,4.708,4132087
1789152868,2,0,0.875,4132087
1789152868,3,0,0.009,4132087
1789152869,4,0,1.653,4132087
1789152869,3,0,0.087,4132087
1789152870,4,0,0.929,4132087
1789152870,3,0,0.053,4132087
1789152870,1,0,0.002,4132087
1789152870,3,0,0.054,4132087
1789152871,4,0,0.715,4132087
1789152872,2,0,0.564,4132087
1789152877,5,0,5.021,4132087
1789152877,4,0,0.291,4132087
1789152877,2,0,0.001,4132087
1789152877,0,0,0.011,4132087
1789152878,4,0,0.859,4132087
1789152879,2,0,0.711,4132087
1789152879,4,0,0.783,4132087
1789152879,0,0,0.003,4132087
1789152879,3,0,0.027,4132087
1789152879,0,0,0.007,4132087
1789152880,4,0,0.427,4132087
1789152880,4,0,0.526,4132087
1789152880,1,0,0.001,4132087
1789152880,5,0,0.1,4132087
1789152881,5,0,0.097,4132087
1789152881,0,0,0.003,4132087
1789152881,3,0,0.104,4132087
1789152881,1,0,0.001,4132087
1789152881,4,0,0.394,4132087
1789152881,4,0,0.36,4132087
1789152884,5,0,3.009,4132087
1789152886,4,0,2.031,4132087
1789152887,2,0,0.636,4132087
1789152888,4,0,0.559,4132087
1789152888,4,0,0.543,4132087
1789152888,1,0,0.001,4132087
1789152888,6,0,0.009,4132087
1789152888,3,0,0.006,4132087
1789152888,6,0,0.01,4132087
1789152893,5,0,4.609,4132087
1789152894,2,0,0.811,4132087
1789152895,4,0,0.906,4132087
1789152895,6,0,0.008,4132087
1789152895,3,0,0.003,4132087
1789152895,7,0,0.148,4132087
1789152895,3,0,0.09,4132087
1789152895,6,0,0.009,4132087
1789152895,6,0,0.009,4132087
1789152895,3,0,0.146,4132087
1789152895,3,0,0.104,4132087
1789152895,1,0,0,4132087
1789152895,6,0,0.023,4132087
1789152895,0,0,0.009,4132087
1789152895,0,0,0.004,4132087
1789152895,6,0,0.017,4132087
1789152895,2,0,0.005,4132087
1789152895,2,0,0.373,4132087
1789152896,0,0,0.012,4132087
1789152896,3,0,0.052,4132087
1789152898,5,0,2.9,4132087
1789152899,3,0,0.075,4132087
1789152899,3,0,0.005,4132087
1789152899,6,0,0.007,4132087
1789152899,2,0,0.343,4132087
1789152899,4,0,0.427,4132087
1789152900,4,0,0.444,4132087
1789152901,4,0,0.744,4132087
1789152901,6,0,0.007,4132087
1789152901,3,0,0.03,4132087
1789152901,0,0,0.004,4132087
1789152901,3,0,0.12,4132087
1789152901,2,0,0.003,4132087
1789152901,2,0,0.004,4132087
1789152901,1,0,0.001,4132087
1789152901,0,0,0.015,4132087
1789152901,6,0,0.037,4132087
1789152901,7,0,0.193,4132087
1789152901,2,0,0.002,4132087
1789152902,4,0,0.61,4132087
1789152902,0,0,0.004,4132087
1789152902,4,0,0.695,4132087
1789152902,6,0,0.005,4132087
1789152903,4,0,0.682,4132087
1789152903,6,0,0.004,4132087
1789152903,2,0,0.003,4132087
1789152904,4,0,1.096,4132087
1789152904,0,0,0.009,4132087
1789152904,5,0,0.182,4132087
1789152905,2,0,0.59,4132087
1789152905,2,0,0.002,4132087
1789152905,3,0,0.054,4132087
1789152905,4,0,0.273,4132087
1789152905,0,0,0.007,4132087
1789152906,4,0,0.999,4132087
1789152906,3,0,0.037,4132087
1789152907,4,0,0.937,4132087
1789152910,7,0,3.295,4132087
1789152910,3,0,0.01,4132087
1789152910,2,0,0.001,4132087
1789152911,5,0,0.166,4132087
1789152912,2,0,1.116,4132087
1789152912,3,0,0.149,4132087
1789152912,3,0,0.065,4132087
1789152912,1,0,0.001,4132087
1789152912,3,0,0.027,4132087
1789152912,0,0,0.005,4132087
1789152912,6,0,0.006,4132087
1789152912,5,0,0.179,4132087
1789152913,7,0,0.478,4132087
1789152913,0,0,0.014,4132087
1789152913,4,0,0.651,4132087
1789152913,6,0,0.008,4132087
1789152914,2,0,0.756,4132087
1789152914,3,0,0.085,4132087
1789152914,2,0,0.003,4132087
1789152916,2,0,1.762,4132087
1789152916,5,0,0.157,4132087
1789152916,1,0,0.002,4132087
1789152916,4,0,0.255,4132087
1789152916,0,0,0.004,4132087
1789152916,2,0,0.002,4132087
1789152916,3,0,0.006,4132087
1789152917,4,0,1.114,4132087
1789152918,4,0,0.653,4132087
1789152919,4,0,1.153,4132087
1789152919,2,0,0.002,4132087
1789152920,2,0,0.412,4132087
1789152920,3,0,0.082,4132087
1789152921,4,0,0.982,4132087
1789152922,4,0,1.468,4132087
1789152922,0,0,0.014,4132087
1789152926,5,0,3.69,4132087
1789152926,4,0,0.401,4132087
1789152926,2,0,0.003,4132087
1789152926,0,0,0.002,4132087
1789152926,0,0,0.005,4132087
1789152927,5,0,0.491,4132087
1789152927,4,0,0.326,4132087
1789152927,3,0,0.09,4132087
1789152927,3,0,0.047,4132087
1789152927,3,0,0.038,4132087
1789152927,3,0,0.004,4132087
1789152927,6,0,0.003,4132087
1789152927,7,0,0.198,4132087
1789152928,0,0,0.004,4132087
1789152931,5,0,3.065,4132087
1789152931,3,0,0.038,4132087
1789152931,0,0,0.007,4132087
1789152931,3,0,0.036,4132087
1789152931,6,0,0.011,4132087
1789152931,0,0,0.011,4132087
1789152931,1,0,0.002,4132087
1789152931,0,0,0.014,4132087
1789152931,4,0,0.513,4132087
1789152931,3,0,0.105,4132087
1789152931,5,0,0.118,4132087
1789152932,5,0,0.096,4132087
1789152932,0,0,0.003,4132087
1789152932,2,0,0.002,4132087
1789152932,4,0,0.561,4132087
1789152932,3,0,0.082,4132087
1789152932,3,0,0.01,4132087
1789152932,5,0,0.163,4132087
1789152932,0,0,0.005,4132087
1789152933,4,0,0.728,4132087
1789152934,4,0,1.293,4132087
1789152935,5,0,0.137,4132087
1789152935,3,0,0.073,4132087
1789152935,6,0,0.004,4132087
1789152935,3,0,0.002,4132087
1789152935,2,0,0.002,4132087
1789152935,5,0,0.455,4132087
1789152935,0,0,0.007,4132087
1789152935,0,0,0.004,4132087
1789152935,0,0,0.007,4132087
1789152935,5,0,0.397,4132087
1789152936,4,0,0.323,4132087
1789152936,2,0,0.281,4132087
1789152936,0,0,0.009,4132087
1789152936,4,0,0.336,4132087
1789152936,3,0,0.031,4132087
1789152936,6,0,0.006,4132087
1789152936,2,0,0.004,4132087
1789152936,0,0,0.003,4132087
1789152936,0,0,0.012,4132087
1789152936,1,0,0.002,4132087
1789152936,1,0,0.001,4132087
1789152936,2,0,0.003,4132087
1789152937,2,0,0.432,4132087
1789152938,4,0,0.819,4132087
1789152938,4,0,0.59,4132087
1789152938,3,0,0.007,4132087
1789152938,3,0,0.061,4132087
1789152940,2,0,1.303,4132087
1789152944,5,0,4.315,4132087
1789152944,3,0,0.006,4132087
1789152944,3,0,0.092,4132087
1789152944,5,0,0.372,4132087
1789152946,5,0,1.536,4132087
1789152946,0,0,0.009,4132087
1789152946,6,0,0.006,4132087
1789152947,2,0,0.621,4132087
1789152948,4,0,1.491,4132087
1789152948,4,0,0.264,4132087
1789152948,6,0,0.009,4132087
1789152948,3,0,0.06,4132087
1789152950,4,0,1.672,4132087
1789152950,2,0,0.003,4132087
1789152950,2,0,0.003,4132087
1789152950,6,0,0.006,4132087
1789152952,4,0,1.405,4132087
1789152952,5,0,0.181,4132087
1789152952,3,0,0.131,4132087
1789152952,0,0,0.005,4132087
1789152952,6,0,0.01,4132087
1789152952,6,0,0.007,4132087
1789152952,3,0,0.093,4132087
1789152952,6,0,0.008,4132087
1789152953,4,0,1.014,4132087
1789152953,0,0,0.005,4132087
1789152953,6,0,0.009,4132087
1789152954,7,0,0.573,4132087
1789152954,1,0,0.002,4132087
1789152954,4,0,0.279,4132087
1789152954,6,0,0.007,4132087
1789152955,4,0,1.045,4132087
1789152955,0,0,0.007,4132087
1789152955,2,0,0.001,4132087
1789152955,6,0,0.006,4132087
1789152956,4,0,1.325,4132087
1789152956,0,0,0.007,4132087
1789152956,3,0,0.035,4132087
1789152956,0,0,0.006,4132087
1789152956,0,0,0.003,4132087
1789152956,1,0,0.001,4132087
1789152957,4,0,0.213,4132087
1789152957,6,0,0.006,4132087
1789152957,0,0,0.012,4132087
1789152957,4,0,0.229,4132087
1789152958,4,0,1.271,4132087
1789152958,0,0,0.004,4132087
1789152959,4,0,0.554,4132087
1789152959,3,0,0.084,4132087
1789152960,4,0,1.002,4132087
1789152960,1,0,0.001,4132087
1789152961,2,0,0.893,4132087
1789152961,0,0,0.013,4132087
1789152961,0,0,0.005,4132087
1789152961,1,0,0.001,4132087
1789152961,3,0,0.068,4132087
1789152961,0,0,0.003,4132087
1789152964,5,0,3.547,4132087
1789152964,6,0,0.006,4132087
1789152964,3,0,0.041,4132087
1789152965,2,0,0.544,4132087
1789152965,3,0,0.058,4132087
1789152965,1,0,0.001,4132087
1789152965,5,0,0.472,4132087
1789152966,2,0,0.243,4132087
1789152966,3,0,0.07,4132087
1789152966,2,0,0.003,4132087
1789152966,0,0,0.009,4132087
1789152966,4,0,0.708,4132087
1789152970,5,0,3.628,4132087
1789152974,5,0,3.529,4132087
1789152974,3,0,0.004,4132087
1789152974,0,0,0.003,4132087
1789152974,2,0,0.139,4132087
1789152974,5,0,0.211,4132087
1789152974,5,0,0.47,4132087
1789152974,0,0,0.011,4132087
1789152975,4,0,0.153,4132087
1789152975,0,0,0.009,4132087
1789152975,1,0,0.001,4132087
1789152975,3,0,0.055,4132087
1789152976,5,0,0.953,4132087
1789152976,4,0,0.27,4132087
1789152976,0,0,0.013,4132087
1789152977,5,0,1.427,4132087
1789152978,5,0,0.724,4132087
1789152981,5,0,3.455,4132087
1789152986,5,0,5.063,4132087
1789152987,3,0,0.101,4132087
1789152987,3,0,0.016,4132087
1789152987,5,0,0.708,4132087
1789152987,2,0,0.004,4132087
1789152988,4,0,0.952,4132087
1789152988,3,0,0.009,4132087
1789152989,4,0,0.332,4132087
1789152989,6,0,0.006,4132087
1789152989,7,0,0.141,4132087
1789152989,1,0,0.002,4132087
1789152989,0,0,0.004,4132087
1789152990,4,0,0.883,4132087
1789152990,3,0,0.005,4132087
1789152994,5,0,4.668,4132087
1789152994,2,0,0.001,4132087
1789152994,3,0,0.038,4132087
1789152995,4,0,0.719,4132087
1789152996,5,0,0.835,4132087
1789152996,4,0,0.253,4132087
1789152996,0,0,0.005,4132087
1789152996,3,0,0.074,4132087
1789152998,4,0,1.269,4132087
1789152998,0,0,0.004,4132087
1789152998,6,0,0.009,4132087
1789152998,4,0,0.854,4132087
1789152998,6,0,0.032,4132087
1789152998,2,0,0.012,4132087
1789152999,4,0,0.873,4132087
1789152999,2,0,0.003,4132087
1789152999,2,0,0.001,4132087
1789152999,1,0,0.001,4132087
1789152999,3,0,0.044,4132087
1789152999,1,0,0.002,4132087
1789153001,2,0,1.354,4132087
1789153001,3,0,0.006,4132087
1789153001,3,0,0.043,4132087
1789153002,4,0,1.254,4132087
1789153002,2,0,0.002,4132087
1789153007,5,0,5.216,4132087
1789153007,3,0,0.055,4132087
1789153008,2,0,0.586,4132087
1789153008,6,0,0.007,4132087
1789153008,5,0,0.137,4132087
1789153008,3,0,0.037,4132087
1789153008,3,0,0.054,4132087
1789153009,4,0,0.866,4132087
1789153009,3,0,0.028,4132087
1789153009,6,0,0.009,4132087
1789153009,6,0,0.012,4132087
1789153014,5,0,5.308,4132087
1789153014,6,0,0.008,4132087
1789153014,0,0,0.002,4132087
1789153015,4,0,0.69,4132087
1789153016,4,0,0.507,4132087
1789153016,6,0,0.012,4132087
1789153016,2,0,0.002,4132087
1789153016,3,0,0.006,4132087
1789153016,0,0,0.008,4132087
1789153016,2,0,0.471,4132087
1789153017,4,0,0.498,4132087
1789153017,3,0,0.054,4132087
1789153018,4,0,0.949,4132087
1789153018,0,0,0.023,4132087
1789153018,0,0,0.012,4132087
1789153018,6,0,0.007,4132087
1789153018,3,0,0.082,4132087
1789153018,2,0,0.002,4132087
1789153019,4,0,0.838,4132087
1789153019,3,0,0.006,4132087
1789153019,2,0,0.001,4132087
1789153019,0,0,0.003,4132087
1789153019,4,0,0.238,4132087
1789153019,6,0,0.009,4132087
1789153022,5,0,3.045,4132087
1789153022,2,0,0.001,4132087
1789153022,4,0,0.036,4132087
1789153022,1,0,0.001,4132087
1789153022,3,0,0.076,4132087
1789153022,3,0,0.014,4132087
1789153022,3,0,0.035,4132087
1789153022,3,0,0.003,4132087
1789153022,6,0,0.007,4132087
1789153022,3,0,0.14,4132087
1789153028,5,0,5.461,4132087
1789153028,0,0,0.003,4132087
1789153028,3,0,0.05,4132087
1789153028,3,0,0.033,4132087
1789153028,4,0,0.586,4132087
1789153028,6,0,0.005,4132087
1789153028,3,0,0.081,4132087
1789153028,3,0,0.004,4132087
1789153028,3,0,0.008,4132087
1789153028,1,0,0.001,4132087
1789153028,3,0,0.004,4132087
1789153028,6,0,0.006,4132087
1789153028,2,0,0.004,4132087
1789153028,1,0,0.001,4132087
1789153029,2,0,0.851,4132087
1789153029,0,0,0.011,4132087
1789153029,3,0,0.042,4132087
1789153033,5,0,3.718,4132087
1789153033,1,0,0.001,4132087
1789153033,3,0,0.167,4132087
1789153034,2,0,1.101,4132087
1789153034,1,0,0.002,4132087
1789153034,6,0,0.006,4132087
1789153034,6,0,0.004,4132087
1789153034,0,0,0.01,4132087
1789153034,6,0,0.004,4132087
1789153035,4,0,0.275,4132087
1789153035,3,0,0.005,4132087
1789153035,4,0,0.751,4132087
1789153036,4,0,0.737,4132087
1789153037,4,0,0.735,4132087
1789153037,6,0,0.016,4132087
1789153037,2,0,0.001,4132087
1789153037,2,0,0.006,4132087
1789153037,3,0,0.004,4132087
1789153038,4,0,0.993,4132087
1789153038,2,0,0.454,4132087
1789153038,3,0,0.006,4132087
1789153038,2,0,0.004,4132087
1789153039,2,0,0.704,4132087
1789153039,2,0,0.31,4132087
1789153041,4,0,1.355,4132087
1789153041,0,0,0.011,4132087
1789153041,6,0,0.012,4132087
1789153041,6,0,0.012,4132087
1789153041,3,0,0.131,4132087
1789153041,1,0,0.001,4132087
1789153041,0,0,0.007,4132087
1789153041,3,0,0.092,4132087
1789153042,5,0,1.067,4132087
1789153042,6,0,0.004,4132087
1789153042,2,0,0.462,4132087
1789153042,6,0,0.004,4132087
1789153042,0,0,0.005,4132087
1789153043,4,0,0.384,4132087
1789153043,4,0,0.449,4132087
1789153044,4,0,0.624,4132087
1789153044,4,0,0.327,4132087
1789153045,4,0,0.337,4132087
1789153045,6,0,0.005,4132087
1789153045,1,0,0.002,4132087
1789153045,4,0,0.337,4132087
1789153045,0,0,0.003,4132087
1789153045,6,0,0.006,4132087
1789153045,6,0,0.008,4132087
1789153045,6,0,0.007,4132087
1789153045,2,0,0.004,4132087
1789153045,3,0,0.093,4132087
1789153045,6,0,0.005,4132087
1789153050,5,0,4.814,4132087
1789153050,2,0,0.003,4132087
1789153051,4,0,0.642,4132087
1789153051,5,0,0.433,4132087
1789153051,4,0,0.465,4132087
1789153051,3,0,0.048,4132087
1789153051,0,0,0.009,4132087
1789153051,6,0,0.011,4132087
1789153051,0,0,0.003,4132087
1789153052,4,0,0.627,4132087
1789153052,0,0,0.042,4132087
1789153052,0,0,0.017,4132087
1789153052,5,0,0.278,4132087
1789153053,2,0,0.68,4132087
1789153053,1,0,0.002,4132087
1789153054,4,0,0.502,4132087
1789153054,6,0,0.018,4132087
1789153054,2,0,0.385,4132087
1789153054,6,0,0.005,4132087
1789153054,3,0,0.05,4132087
1789153054,6,0,0.01,4132087
1789153054,3,0,0.006,4132087
1789153054,0,0,0.003,4132087
1789153054,2,0,0.332,4132087
1789153054,0,0,0.008,4132087
1789153054,6,0,0.004,4132087
1789153054,2,0,0.002,4132087
1789153054,0,0,0.004,4132087
1789153054,3,0,0.037,4132087
1789153055,4,0,0.462,4132087
1789153055,0,0,0.013,4132087
1789153059,7,0,3.562,4132087
1789153059,3,0,0.012,4132087
1789153059,3,0,0.064,4132087
1789153059,3,0,0.064,4132087
1789153059,4,0,0.649,4132087
1789153059,6,1,0.017,4132087
1789153059,0,0,0.004,4132087
1789153059,2,0,0.002,4132087
1789153059,3,0,0.075,4132087
1789153060,4,0,0.353,4132087
1789153060,3,0,0.068,4132087
1789153060,1,0,0.002,4132087
1789153060,6,0,0.006,4132087
1789153060,2,0,0.297,4132087
1789153060,6,0,0.006,4132087
1789153060,3,0,0.004,4132087
1789153061,4,0,0.646,4132087
1789153061,4,0,0.498,4132087
1789153062,4,0,0.31,4132087
1789153062,4,0,0.848,4132087
1789153063,2,0,0.607,4132087
1789153064,4,0,0.85,4132087
1789153064,6,0,0.008,4132087
1789153064,3,0,0.234,4132087
1789153064,1,0,0.001,4132087
1789153065,4,0,1.095,4132087
1789153065,3,0,0.065,4132087
1789153065,6,0,0.009,4132087
1789153065,2,0,0.002,4132087
1789153067,4,0,1.544,4132087
1789153067,1,0,0.002,4132087
1789153067,3,0,0.104,4132087
1789153067,3,0,0.005,4132087
1789153067,3,0,0.095,4132087
1789153068,4,0,0.854,4132087
1789153068,0,0,0.005,4132087
1789153068,3,0,0.007,4132087
1789153069,4,0,0.593,4132087
1789153069,0,0,0.011,4132087
1789153070,4,0,1.014,4132087
1789153070,4,0,0.376,4132087
1789153071,4,0,0.809,4132087
1789153071,3,0,0.028,4132087
1789153071,0,0,0.01,4132087
1789153071,2,0,0.389,4132087
1789153072,4,0,0.847,4132087
1789153072,0,0,0.007,4132087
1789153072,2,0,0.004,4132087
1789153073,4,0,1.135,4132087
1789153074,4,0,1.045,4132087
1789153074,3,0,0.012,4132087
1789153075,5,0,0.951,4132087
1789153075,4,0,0.271,4132087
1789153075,6,0,0.006,4132087
1789153075,0,0,0.01,4132087
1789153076,5,0,0.474,4132087
1789153076,3,0,0.079,4132087
1789153076,6,0,0.007,4132087
1789153076,3,0,0.023,4132087
1789153081,7,0,5.181,4132087
1789153081,6,0,0.013,4132087
1789153083,4,0,1.271,4132087
1789153083,4,0,0.346,4132087
1789153083,4,0,0.34,4132087
1789153083,0,0,0.005,4132087
1789153084,4,0,0.43,4132087
1789153084,6,0,0.006,4132087
1789153084,4,0,0.212,4132087
1789153084,6,0,0.006,4132087
1789153084,3,0,0.075,4132087
1789153084,5,0,0.116,4132087
1789153084,3,0,0.072,4132087
1789153085,4,0,0.587,4132087
1789153085,2,0,0.412,4132087
1789153086,4,0,0.976,4132087
1789153087,4,0,1.394,4132087
1789153088,6,0,0.005,4132087
1789153088,4,0,0.811,4132087
1789153089,2,0,0.469,4132087
1789153090,4,0,1.22,4132087
1789153090,2,0,0.003,4132087
1789153091,4,0,0.824,4132087
1789153091,1,0,0.002,4132087
1789153091,3,0,0.129,4132087
1789153091,0,0,0.006,4132087
1789153091,2,0,0.002,4132087
1789153091,3,0,0.1,4132087
1789153091,3,0,0.06,4132087
1789153091,3,0,0.07,4132087
1789153092,4,0,0.596,4132087
1789153093,2,0,0.863,4132087
1789153093,2,0,0.003,4132087
1789153093,0,0,0.01,4132087
1789153093,3,0,0.011,4132087
1789153093,4,0,0.596,4132087
1789153094,4,0,0.356,4132087
1789153097,5,0,3.473,4132087
1789153097,7,0,0.18,4132087
1789153097,6,0,0.007,4132087
1789153099,4,0,1.825,4132087
1789153099,2,0,0.001,4132087
1789153099,0,0,0.013,4132087
1789153099,0,0,0.004,4132087
1789153099,5,0,0.331,4132087
1789153100,4,0,0.525,4132087
1789153100,6,0,0.009,4132087
1789153100,2,0,0.002,4132087
1789153100,3,0,0.12,4132087
1789153100,6,0,0.013,4132087
1789153100,0,0,0.014,4132087
1789153100,2,0,0.001,4132087
1789153105,7,0,5.062,4132087
1789153105,6,0,0.009,4132087
1789153105,6,0,0.018,4132087
1789153106,2,0,0.321,4132087
1789153106,1,0,0.003,4132087
1789153106,4,0,0.929,4132087
1789153107,0,0,0.005,4132087
1789153107,2,0,0.003,4132087
1789153107,2,0,0.398,4132087
1789153107,4,0,0.577,4132087
1789153108,5,0,0.433,4132087
1789153108,4,0,0.489,4132087
1789153108,2,0,0.007,4132087
1789153108,6,0,0.005,4132087
1789153109,5,0,0.685,4132087
1789153109,5,0,0.366,4132087
1789153110,4,0,0.47,4132087
1789153110,3,0,0.237,4132087
1789153111,4,0,0.568,4132087
1789153111,4,0,0.628,4132087
1789153111,3,0,0.002,4132087
1789153112,4,0,0.521,4132087
1789153112,3,0,0.032,4132087
1789153113,7,0,0.697,4132087
1789153113,6,0,0.004,4132087
1789153113,0,0,0.009,4132087
1789153113,3,0,0.026,4132087
1789153113,2,0,0.002,4132087
1789153113,1,0,0.001,4132087
1789153113,4,0,0.664,4132087
1789153113,3,0,0.094,4132087
1789153113,6,0,0.037,4132087
1789153113,0,0,0.017,4132087
1789153113,0,0,0.014,4132087
1789153113,1,0,0.001,4132087
1789153114,4,0,0.356,4132087
1789153114,3,0,0.05,4132087
1789153114,0,0,0.011,4132087
1789153114,2,0,0.466,4132087
1789153114,3,0,0.03,4132087
1789153115,4,0,0.9,4132087
1789153121,5,0,5.848,4132087
1789153123,5,0,1.424,4132087
1789153123,3,0,0.027,4132087
1789153123,3,0,0.003,4132087
1789153123,2,0,0.438,4132087
1789153123,0,0,0.008,4132087
1789153124,4,0,0.514,4132087
1789153124,0,0,0.006,4132087
1789153124,4,0,0.702,4132087
1789153124,2,0,0.002,4132087
1789153124,5,0,0.169,4132087
1789153125,3,0,0.068,4132087
1789153125,2,0,0.002,4132087
1789153125,4,0,0.297,4132087
1789153125,6,0,0.006,4132087
1789153125,0,0,0.011,4132087
1789153125,6,0,0.009,4132087
1789153125,0,0,0.007,4132087
1789153125,3,0,0.044,4132087
1789153126,4,0,0.832,4132087
1789153126,2,0,0.241,4132087
1789153126,2,0,0.309,4132087
1789153127,5,0,0.846,4132087
1789153127,0,0,0.003,4132087
1789153127,7,0,0.199,4132087
1789153127,0,0,0.009,4132087
1789153127,0,0,0.006,4132087
1789153127,2,0,0.004,4132087
1789153127,0,0,0.004,4132087
1789153128,7,0,0.172,4132087
1789153128,1,0,0.001,4132087
1789153128,4,0,0.748,4132087
1789153128,2,0,0.001,4132087
1789153128,0,0,0.01,4132087
1789153129,4,0,0.543,4132087
1789153129,7,0,0.229,4132087
1789153130,4,0,0.976,4132087
1789153130,6,0,0.005,4132087
1789153131,2,0,0.833,4132087
1789153132,4,0,0.646,4132087
1789153133,4,0,1.219,4132087
1789153134,4,0,0.852,4132087
1789153134,3,0,0.006,4132087
1789153135,4,0,0.946,4132087
1789153135,0,0,0.006,4132087
1789153135,2,0,0.003,4132087
1789153135,4,0,0.689,4132087
1789153135,2,0,0.003,4132087
1789153135,2,0,0.004,4132087
1789153136,4,0,0.638,4132087
1789153136,0,0,0.005,4132087
1789153136,6,0,0.005,4132087
1789153136,3,0,0.002,4132087
1789153136,3,0,0.011,4132087
1789153136,6,0,0.013,4132087
1789153136,4,0,0.34,4132087
1789153136,2,0,0.002,4132087
1789153137,4,0,0.629,4132087
1789153137,0,0,0.01,4132087
1789153138,4,0,0.843,4132087
1789153139,4,0,1.062,4132087
1789153139,0,0,0.003,4132087
1789153139,0,0,0.006,4132087
1789153139,4,0,0.329,4132087
1789153139,3,0,0.024,4132087
1789153139,3,0,0.05,4132087
1789153140,5,0,1.177,4132087
1789153144,5,0,4.022,4132087
1789153144,0,0,0.004,4132087
1789153144,0,0,0.011,4132087
1789153145,2,0,0.853,4132087
1789153145,0,0,0.009,4132087
1789153146,4,0,0.528,4132087
1789153146,3,0,0.114,4132087
1789153146,0,0,0.01,4132087
1789153146,3,0,0.051,4132087
1789153147,2,0,1.301,4132087
1789153147,3,0,0.068,4132087
1789153147,0,0,0.021,4132087
1789153148,5,0,0.26,4132087
1789153148,2,0,0.002,4132087
1789153149,4,0,0.984,4132087
1789153149,0,0,0.033,4132087
1789153149,4,0,0.594,4132087
1789153149,3,0,0.005,4132087
1789153149,6,0,0.01,4132087
1789153149,1,0,0.001,4132087
1789153149,5,0,0.169,4132087
1789153150,2,0,0.809,4132087
1789153150,3,0,0.004,4132087
1789153150,2,0,0.002,4132087
1789153152,4,0,1.84,4132087
1789153153,4,0,1.05,4132087
1789153153,4,0,0.334,4132087
1789153154,3,0,0.053,4132087
1789153154,0,0,0.01,4132087
1789153154,1,0,0.001,4132087
1789153154,1,0,0.001,4132087
1789153154,1,0,0.002,4132087
1789153154,0,0,0.073,4132087
1789153154,6,0,0.006,4132087
1789153154,6,0,0.003,4132087
1789153154,3,0,0.006,4132087
1789153154,0,0,0.013,4132087
1789153154,4,0,0.785,4132087
1789153154,0,0,0.019,4132087
1789153154,6,0,0.013,4132087
1789153154,3,0,0.016,4132087
1789153154,0,0,0.005,4132087
1789153156,4,0,1.418,4132087
1789153156,1,0,0.001,4132087
1789153156,3,0,0.191,4132087
1789153156,0,0,0.002,4132087
1789153157,2,0,0.96,4132087
1789153158,4,0,0.492,4132087
1789153158,3,0,0.056,4132087
1789153158,2,0,0.006,4132087
1789153158,4,0,0.547,4132087
1789153158,3,0,0.083,4132087
1789153159,4,0,0.349,4132087
1789153159,3,0,0.019,4132087
1789153159,3,0,0.148,4132087
1789153159,2,0,0.002,4132087
1789153159,4,0,0.728,4132087
1789153159,6,0,0.006,4132087
1789153160,2,0,0.777,4132087
1789153160,0,0,0.007,4132087
1789153160,2,0,0.002,4132087
1789153162,5,0,1.648,4132087
1789153162,1,0,0.001,4132087
1789153162,3,0,0.044,4132087
1789153162,5,0,0.161,4132087
1789153162,0,0,0.015,4132087
1789153163,4,0,0.57,4132087
1789153163,6,0,0.007,4132087
1789153163,3,0,0.008,4132087
1789153163,2,0,0.001,4132087
1789153163,1,0,0.002,4132087
1789153163,1,0,0.001,4132087
1789153163,3,0,0.082,4132087
1789153163,0,0,0.015,4132087
1789153163,0,0,0.005,4132087
1789153163,3,0,0.043,4132087
1789153163,1,0,0.001,4132087
1789153163,2,0,0.003,4132087
1789153163,2,0,0.002,4132087
1789153163,4,0,0.331,4132087
1789153163,0,0,0.008,4132087
1789153163,0,0,0.008,4132087
1789153164,4,0,0.483,4132087
1789153164,0,0,0.021,4132087
1789153164,6,0,0.007,4132087
1789153164,6,0,0.009,4132087
1789153164,6,0,0.012,4132087
1789153164,4,0,0.309,4132087
1789153164,4,0,0.362,4132087
1789153165,3,0,0.059,4132087
1789153165,6,0,0.007,4132087
1789153165,2,0,0.483,4132087
1789153170,7,0,4.799,4132087
1789153170,0,0,0.005,4132087
1789153170,1,0,0.001,4132087
1789153170,3,0,0.004,4132087
1789153173,5,0,3.519,4132087
1789153173,5,0,0.127,4132087
1789153173,0,0,0.004,4132087
1789153174,5,0,0.418,4132087
1789153174,3,0,0.005,4132087
1789153174,3,0,0.048,4132087
1789153174,3,0,0.067,4132087
1789153174,6,0,0.005,4132087
1789153174,6,0,0.005,4132087
1789153174,0,0,0.005,4132087
1789153174,0,0,0.003,4132087
1789153174,5,0,0.097,4132087
1789153174,4,0,0.366,4132087
1789153175,4,0,0.465,4132087
1789153176,4,0,1.489,4132087
1789153177,4,0,0.83,4132087
1789153177,0,0,0.003,4132087
1789153177,6,0,0.008,4132087
1789153177,1,0,0.002,4132087
1789153178,4,0,0.353,4132087
1789153178,3,0,0.184,4132087
1789153178,3,0,0.15,4132087
1789153178,5,0,0.151,4132087
1789153178,0,0,0.047,4132087
1789153178,6,0,0.022,4132087
1789153178,6,0,0.023,4132087
1789153179,5,0,0.702,4132087
1789153179,4,0,0.221,4132087
1789153179,1,0,0.001,4132087
1789153179,0,0,0.002,4132087
1789153180,4,0,0.639,4132087
1789153180,6,0,0.007,4132087
1789153180,6,0,0.017,4132087
1789153180,3,0,0.113,4132087
1789153184,5,0,3.699,4132087
1789153184,2,0,0.279,4132087
1789153185,2,0,0.715,4132087
1789153185,1,0,0.001,4132087
1789153185,6,0,0.008,4132087
1789153185,4,0,0.492,4132087
1789153185,3,0,0.06,4132087
1789153185,4,0,0.198,4132087
1789153186,4,0,0.432,4132087
1789153186,0,0,0.003,4132087
1789153186,4,0,0.61,4132087
1789153187,5,0,0.824,4132087
1789153187,2,0,0.003,4132087
1789153187,6,0,0.007,4132087
1789153187,3,0,0.041,4132087
1789153187,5,0,0.175,4132087
1789153187,0,0,0.023,4132087
1789153188,6,0,0.018,4132087
1789153188,0,0,0.009,4132087
1789153188,6,0,0.007,4132087
1789153192,5,0,4.259,4132087
1789153193,4,0,1.267,4132087
1789153193,3,0,0.006,4132087
1789153197,7,0,3.886,4132087
1789153197,0,0,0.011,4132087
1789153197,6,0,0.012,4132087
1789153197,0,0,0.009,4132087
1789153197,2,0,0.001,4132087
1789153197,4,0,0.3,4132087
1789153197,3,0,0.064,4132087
1789153198,2,0,0.484,4132087
1789153198,6,0,0.006,4132087
1789153198,1,0,0.001,4132087
1789153198,4,0,0.364,4132087
1789153198,3,0,0.043,4132087
1789153198,1,0,0.001,4132087
1789153198,3,0,0.025,4132087
1789153200,5,0,2.069,4132087
1789153201,4,0,0.687,4132087
1789153201,2,0,0.336,4132087
1789153202,4,0,0.318,4132087
1789153202,2,0,0.686,4132087
1789153202,0,0,0.03,4132087
1789153202,2,0,0.003,4132087
1789153203,4,0,0.894,4132087
1789153203,6,0,0.015,4132087
1789153203,3,0,0.018,4132087
1789153205,5,0,1.466,4132087
1789153205,1,0,0.002,4132087
1789153205,3,0,0.091,4132087
1789153205,4,0,0.466,4132087
1789153205,3,0,0.015,4132087
1789153205,0,0,0.012,4132087
1789153205,3,0,0.067,4132087
1789153206,2,0,0.509,4132087
1789153206,4,0,0.325,4132087
1789153206,2,0,0.003,4132087
1789153206,2,0,0.001,4132087
1789153206,3,0,0.003,4132087
1789153206,0,0,0.007,4132087
1789153206,0,0,0.009,4132087
1789153207,7,0,0.64,4132087
1789153207,1,0,0.002,4132087
1789153207,3,0,0.062,4132087
1789153207,6,0,0.007,4132087
1789153212,5,0,4.555,4132087
1789153213,2,0,1.345,4132087
1789153213,0,0,0.021,4132087
1789153213,6,0,0.011,4132087
1789153213,2,0,0.003,4132087
1789153213,3,0,0.092,4132087
1789153213,2,0,0.356,4132087
1789153213,1,0,0.001,4132087
1789153213,3,0,0.008,4132087
1789153213,0,0,0.005,4132087
1789153214,5,0,0.315,4132087
1789153214,6,0,0.006,4132087
1789153214,6,0,0.008,4132087
1789153214,2,0,0.003,4132087
1789153214,4,0,0.365,4132087
1789153214,0,0,0.004,4132087
1789153215,4,0,0.767,4132087
1789153215,4,0,0.552,4132087
1789153215,6,0,0.006,4132087
1789153215,3,0,0.061,4132087
1789153215,2,0,0.004,4132087
1789153216,3,0,0.007,4132087
1789153217,4,0,1.819,4132087
1789153217,6,0,0.006,4132087
1789153217,6,0,0.006,4132087
1789153217,3,0,0.05,4132087
1789153218,4,0,0.724,4132087
1789153221,7,0,3.26,4132087
1789153221,2,0,0.003,4132087
1789153221,3,0,0.006,4132087
1789153221,3,0,0.011,4132087
1789153222,4,0,0.401,4132087
1789153222,0,0,0.003,4132087
1789153222,6,0,0.006,4132087
1789153222,3,0,0.022,4132087
1789153222,4,0,0.596,4132087
1789153222,6,0,0.01,4132087
1789153222,3,0,0.009,4132087
1789153223,4,0,0.273,4132087
1789153223,4,0,0.614,4132087
1789153228,5,0,4.964,4132087
1789153228,3,0,0.005,4132087
1789153228,3,0,0.009,4132087
1789153228,0,0,0.024,4132087
1789153229,4,0,0.36,4132087
1789153229,4,0,0.309,4132087
1789153229,3,0,0.041,4132087
1789153229,2,0,0.002,4132087
1789153230,4,0,0.746,4132087
1789153230,6,0,0.008,4132087
1789153230,3,0,0.093,4132087
1789153230,0,0,0.01,4132087
1789153230,0,0,0.008,4132087
1789153230,3,0,0.06,4132087
1789153230,2,0,0.001,4132087
1789153230,1,0,0.002,4132087
1789153230,2,0,0.002,4132087
1789153230,3,0,0.072,4132087
1789153231,4,0,0.757,4132087
1789153231,4,0,0.31,4132087
1789153232,4,0,0.506,4132087
1789153232,3,0,0.053,4132087
1789153232,2,0,0.003,4132087
1789153232,1,0,0.001,4132087
1789153232,2,0,0.293,4132087
1789153232,3,0,0.036,4132087
1789153233,4,0,0.674,4132087
1789153233,0,0,0.012,4132087
1789153233,4,0,0.39,4132087
1789153233,3,0,0.063,4132087
1789153233,6,0,0.006,4132087
1789153233,5,0,0.213,4132087
1789153234,5,0,1.07,4132087
1789153235,5,0,0.187,4132087
1789153235,3,0,0.006,4132087
1789153235,2,0,0.005,4132087
1789153235,4,0,0.334,4132087
1789153235,4,0,0.445,4132087
1789153237,7,0,1.172,4132087
1789153237,0,0,0.009,4132087
1789153237,0,0,0.004,4132087
1789153237,4,0,0.554,4132087
1789153237,2,0,0.005,4132087
1789153238,4,0,0.616,4132087
1789153238,0,0,0.012,4132087
1789153238,2,0,0.001,4132087
1789153238,3,0,0.008,4132087
1789153238,3,0,0.099,4132087
1789153238,7,0,0.499,4132087
1789153238,0,0,0.021,4132087
1789153238,6,0,0.006,4132087
1789153238,6,0,0.005,4132087
1789153238,1,0,0.002,4132087
1789153238,6,0,0.008,4132087
1789153238,3,0,0.007,4132087
1789153239,4,0,0.352,4132087
1789153239,0,0,0.004,4132087
1789153240,4,0,1.231,4132087
1789153244,5,0,3.882,4132087
1789153244,2,0,0.007,4132087
1789153244,6,0,0.006,4132087
1789153244,2,0,0.527,4132087
1789153244,3,0,0.038,4132087
1789153245,3,0,0.043,4132087
1789153245,1,0,0.002,4132087
1789153246,2,0,1.117,4132087
1789153246,1,0,0.001,4132087
1789153250,5,0,4.699,4132087
1789153251,4,0,0.305,4132087
1789153251,2,0,0.002,4132087
1789153251,0,0,0.002,4132087
1789153251,3,0,0.086,4132087
1789153251,0,0,0.015,4132087
1789153251,1,0,0.002,4132087
1789153251,4,0,0.24,4132087
1789153251,4,0,0.425,4132087
1789153251,0,0,0.025,4132087
1789153251,2,0,0.003,4132087
1789153251,2,0,0.002,4132087
1789153251,3,0,0.012,4132087
1789153251,6,0,0.005,4132087
1789153252,4,0,0.996,4132087
1789153253,7,0,0.952,4132087
1789153254,4,0,0.441,4132087
1789153254,2,0,0.002,4132087
1789153254,0,0,0.005,4132087
1789153254,6,0,0.006,4132087
1789153255,4,0,0.658,4132087
1789153255,4,0,0.843,4132087
1789153255,0,0,0.007,4132087
1789153255,2,0,0.002,4132087
1789153255,0,0,0.006,4132087
1789153256,2,0,0.503,4132087
1789153260,5,0,3.755,4132087
1789153260,1,0,0.001,4132087
1789153260,6,0,0.007,4132087
1789153260,6,0,0.004,4132087
1789153260,6,0,0.007,4132087
1789153261,4,0,1.163,4132087
1789153261,0,0,0.003,4132087
1789153261,3,0,0.074,4132087
1789153261,7,0,0.238,4132087
1789153261,3,0,0.058,4132087
1789153261,6,0,0.006,4132087
1789153263,4,0,1.334,4132087
1789153263,3,0,0.016,4132087
1789153263,0,0,0.023,4132087
1789153263,2,0,0.611,4132087
1789153266,5,0,3.284,4132087
1789153266,0,0,0.01,4132087
1789153267,3,0,0.068,4132087
1789153267,1,0,0.001,4132087
1789153267,2,0,0.001,4132087
1789153267,4,0,0.405,4132087
1789153267,1,0,0.001,4132087
1789153267,6,0,0.006,4132087
1789153267,4,0,0.432,4132087
1789153267,0,0,0.008,4132087
1789153267,1,0,0.002,4132087
1789153268,4,0,0.692,4132087
1789153268,6,0,0.006,4132087
1789153268,0,0,0.002,4132087
1789153269,4,0,1.269,4132087
1789153269,3,0,0.019,4132087
1789153270,2,0,0.759,4132087
1789153270,2,0,0.001,4132087
1789153271,2,0,0.487,4132087
1789153271,0,0,0.005,4132087
1789153271,2,0,0.002,4132087
1789153271,3,0,0.086,4132087
1789153271,3,0,0.029,4132087
1789153271,6,0,0.005,4132087
1789153271,3,0,0.103,4132087
1789153271,5,0,0.179,4132087
1789153271,2,0,0.314,4132087
1789153271,3,0,0.002,4132087
1789153271,0,0,0.003,4132087
1789153271,0,0,0.004,4132087
1789153271,3,0,0.003,4132087
1789153272,4,0,0.478,4132087
1789153273,5,0,0.838,4132087
1789153273,2,0,0.308,4132087
1789153274,4,0,1.36,4132087
1789153278,5,0,4.111,4132087
1789153279,3,0,0.137,4132087
1789153279,0,0,0.005,4132087
1789153279,0,0,0.007,4132087
1789153283,5,0,4.566,4132087
1789153285,2,0,1.956,4132087
1789153285,2,0,0.002,4132087
1789153285,3,0,0.046,4132087
1789153285,5,0,0.176,4132087
1789153286,4,0,0.291,4132087
1789153286,3,0,0.076,4132087
1789153286,3,0,0.007,4132087
1789153289,5,0,3.615,4132087
1789153289,6,0,0.027,4132087
1789153290,4,0,0.555,4132087
1789153291,4,0,1.542,4132087
1789153296,5,0,4.568,4132087
1789153297,2,0,0.633,4132087
1789153297,3,0,0.054,4132087
1789153297,5,0,0.526,4132087
1789153298,4,0,0.343,4132087
1789153298,3,0,0.048,4132087
1789153299,5,0,1.495,4132087
1789153299,2,0,0.004,4132087
1789153305,7,0,5.675,4132087
1789153305,5,0,0.563,4132087
1789153305,3,0,0.071,4132087
1789153306,4,0,0.293,4132087
1789153306,6,0,0.004,4132087
1789153306,5,0,0.504,4132087
1789153307,4,0,0.28,4132087
1789153307,3,0,0.097,4132087
1789153307,2,0,0.399,4132087
1789153311,5,0,4.113,4132087
1789153311,1,0,0.002,4132087
1789153312,4,0,0.657,4132087
1789153312,5,0,0.654,4132087
1789153314,4,0,1.618,4132087
1789153314,5,0,0.162,4132087
1789153314,3,0,0.09,4132087
1789153314,0,0,0.003,4132087
1789153314,3,0,0.003,4132087
1789153319,5,0,4.188,4132087
1789153319,4,0,0.604,4132087
1789153319,1,0,0.001,4132087
1789153319,3,0,0.123,4132087
1789153319,0,0,0.005,4132087
1789153320,4,0,0.898,4132087
1789153320,3,0,0.008,4132087
1789153321,4,0,0.633,4132087
1789153321,2,0,0.33,4132087
1789153323,4,0,1.671,4132087
1789153323,4,0,0.28,4132087
1789153326,5,0,3.051,4132087
1789153326,0,0,0.007,4132087
1789153326,4,0,0.32,4132087
1789153327,2,0,0.731,4132087
1789153327,0,0,0.016,4132087
1789153328,4,0,0.989,4132087
1789153328,0,0,0.012,4132087
1789153328,3,0,0.131,4132087
1789153328,1,0,0.001,4132087
1789153328,2,0,0.002,4132087
1789153328,2,0,0.002,4132087
1789153328,2,0,0.001,4132087
1789153328,2,0,0.005,4132087
1789153329,4,0,0.541,4132087
1789153329,3,0,0.136,4132087
1789153330,4,0,0.509,4132087
1789153331,2,0,1.775,4132087
1789153332,4,0,0.576,4132087
1789153332,3,0,0.296,4132087
1789153333,2,0,0.504,4132087
1789153333,1,0,0.001,4132087
1789153334,4,0,1.574,4132087
1789153334,3,0,0.056,4132087
1789153337,5,0,2.376,4132087
1789153337,3,0,0.065,4132087
1789153337,3,0,0.006,4132087
1789153337,3,0,0.074,4132087
1789153337,6,0,0.006,4132087
1789153338,4,0,1.542,4132087
1789153338,6,0,0.006,4132087
1789153340,2,0,1.429,4132087
1789153340,4,0,0.447,4132087
1789153344,5,0,4.106,4132087
1789153344,6,0,0.006,4132087
1789153344,1,0,0.002,4132087
1789153345,2,0,0.207,4132087
1789153345,4,0,0.297,4132087
1789153345,0,0,0.006,4132087
1789153345,6,0,0.006,4132087
1789153345,4,0,0.436,4132087
1789153345,0,0,0.004,4132087
1789153346,2,0,0.372,4132087
1789153346,2,0,0.003,4132087
1789153346,0,0,0.005,4132087
1789153346,3,0,0.075,4132087
1789153346,3,0,0.036,4132087
1789153346,6,0,0.005,4132087
1789153346,7,0,0.528,4132087
1789153346,3,0,0.008,4132087
1789153347,4,0,0.626,4132087
1789153348,4,0,0.545,4132087
1789153348,1,0,0.001,4132087
1789153348,4,0,0.427,4132087
1789153348,3,0,0.012,4132087
1789153349,5,0,0.879,4132087
1789153349,4,0,0.367,4132087
1789153349,0,0,0.003,4132087
1789153349,3,0,0.029,4132087
1789153350,4,0,0.421,4132087
1789153350,3,0,0.028,4132087
1789153350,6,0,0.008,4132087
1789153350,4,0,0.481,4132087
1789153351,4,0,0.626,4132087
1789153351,3,0,0.057,4132087
1789153351,3,0,0.063,4132087
1789153351,2,0,0.002,4132087
1789153351,3,0,0.071,4132087
1789153351,6,0,0.008,4132087
1789153352,4,0,1.17,4132087
1789153352,1,0,0.001,4132087
1789153352,6,0,0.007,4132087
1789153353,4,0,0.354,4132087
1789153353,1,0,0.001,4132087
1789153353,6,0,0.006,4132087
1789153354,2,0,1.191,4132087
1789153354,6,0,0.01,4132087
1789153354,6,0,0.015,4132087
1789153354,6,0,0.024,4132087
1789153354,3,0,0.008,4132087
1789153357,7,0,3.623,4132087
1789153358,4,0,0.816,4132087
1789153359,4,0,0.539,4132087
1789153359,1,0,0.002,4132087
1789153359,4,0,0.428,4132087
1789153359,6,0,0.022,4132087
1789153359,0,0,0.025,4132087
1789153359,0,0,0.011,4132087
1789153360,4,0,0.806,4132087
1789153361,4,0,0.952,4132087
1789153361,0,0,0.01,4132087
1789153362,4,0,0.619,4132087
1789153362,4,0,0.747,4132087
1789153362,1,0,0.001,4132087
1789153362,0,0,0.007,4132087
1789153363,4,0,0.877,4132087
1789153364,4,0,0.741,4132087
1789153366,4,0,1.7,4132087
1789153366,2,0,0.002,4132087
1789153367,4,0,1.351,4132087
1789153367,2,0,0.009,4132087
1789153367,3,0,0.059,4132087
1789153367,3,0,0.103,4132087
1789153367,6,0,0.005,4132087
1789153367,6,0,0.006,4132087
1789153367,6,0,0.012,4132087
1789153367,0,0,0.01,4132087
1789153367,3,0,0.01,4132087
1789153367,1,0,0.001,4132087
1789153367,1,0,0.001,4132087
1789153368,4,0,0.366,4132087
1789153368,5,0,0.247,4132087
1789153369,4,0,1.374,4132087
1789153373,5,0,3.595,4132087
1789153374,2,0,0.875,4132087
1789153374,3,0,0.086,4132087
1789153374,0,0,0.006,4132087
1789153374,5,0,0.203,4132087
1789153374,0,0,0.005,4132087
1789153375,2,0,0.454,4132087
1789153375,3,0,0.13,4132087
1789153375,4,0,0.689,4132087
1789153376,4,0,0.46,4132087
1789153376,4,0,0.389,4132087
1789153376,3,0,0.052,4132087
1789153376,3,0,0.005,4132087
1789153376,3,0,0.053,4132087
1789153377,4,0,0.7,4132087
1789153378,4,0,0.514,4132087
1789153378,0,0,0.011,4132087
1789153378,5,0,0.851,4132087
1789153378,0,0,0.025,4132087
1789153378,3,0,0.019,4132087
1789153379,4,0,0.676,4132087
1789153380,2,0,0.855,4132087
1789153381,4,0,0.643,4132087
1789153381,0,0,0.006,4132087
1789153381,2,0,0.756,4132087
1789153381,0,0,0.006,4132087
1789153382,4,0,0.226,4132087
1789153382,3,0,0.049,4132087
1789153382,4,0,0.327,4132087
1789153382,2,0,0.42,4132087
1789153382,0,0,0.012,4132087
1789153383,3,0,0.081,4132087
1789153383,3,0,0.047,4132087
1789153383,0,0,0.019,4132087
1789153383,0,0,0.028,4132087
1789153383,0,0,0.008,4132087
1789153387,5,0,4.701,4132087
1789153387,6,0,0.007,4132087
1789153388,4,0,0.464,4132087
1789153388,0,0,0.01,4132087
1789153388,3,0,0.155,4132087
1789153388,2,0,0.48,4132087
1789153388,0,0,0.021,4132087
1789153389,4,0,0.464,4132087
1789153389,3,0,0.004,4132087
1789153389,5,0,0.291,4132087
1789153389,2,0,0.002,4132087
1789153389,0,0,0.006,4132087
1789153389,3,0,0.072,4132087
1789153390,7,0,0.321,4132087
1789153390,6,0,0.006,4132087
1789153390,0,0,0.008,4132087
1789153390,3,0,0.027,4132087
1789153390,5,0,0.543,4132087
1789153391,4,0,1.02,4132087
1789153392,4,0,0.523,4132087
1789153392,0,0,0.015,4132087
1789153392,0,0,0.009,4132087
1789153392,6,0,0.006,4132087
1789153392,5,0,0.661,4132087
1789153392,6,0,0.005,4132087
1789153392,6,0,0.007,4132087
1789153393,3,0,0.069,4132087
1789153393,5,0,0.104,4132087
1789153393,3,0,0.067,4132087
1789153393,3,0,0.002,4132087
1789153393,2,0,0.002,4132087
1789153393,4,0,0.553,4132087
1789153394,4,0,0.785,4132087
1789153394,4,0,0.324,4132087
1789153394,3,0,0.054,4132087
1789153395,4,0,0.266,4132087
1789153395,2,0,0.564,4132087
1789153395,3,0,0.007,4132087
1789153396,5,0,0.617,4132087
1789153396,3,0,0.033,4132087
1789153396,0,0,0.004,4132087
1789153396,0,0,0.008,4132087
1789153401,5,0,4.693,4132087
1789153401,2,0,0.001,4132087
1789153401,6,0,0.007,4132087
1789153401,6,0,0.018,4132087
1789153401,3,0,0.152,4132087
1789153401,3,0,0.013,4132087
1789153401,0,0,0.005,4132087
1789153401,5,0,0.415,4132087
1789153401,3,0,0.029,4132087
1789153401,3,0,0.092,4132087
1789153403,4,0,1.473,4132087
1789153403,4,0,0.22,4132087
1789153403,2,0,0.001,4132087
1789153403,0,0,0.012,4132087
1789153404,4,0,0.494,4132087
1789153404,5,0,0.639,4132087
1789153404,2,0,0.225,4132087
1789153404,2,0,0.001,4132087
1789153404,0,0,0.007,4132087
1789153405,4,0,0.746,4132087
1789153405,0,0,0.01,4132087
1789153406,5,0,1.095,4132087
1789153406,3,0,0.052,4132087
1789153406,1,0,0.002,4132087
1789153406,2,0,0.003,4132087
1789153406,6,0,0.007,4132087
1789153406,0,0,0.006,4132087
1789153406,0,0,0.005,4132087
1789153406,3,0,0.007,4132087
1789153406,6,0,0.006,4132087
1789153406,3,0,0.003,4132087
1789153406,6,0,0.005,4132087
1789153407,4,0,0.199,4132087
1789153407,5,0,0.129,4132087
1789153408,2,0,1.269,4132087
1789153408,0,0,0.004,4132087
1789153408,2,0,0.306,4132087
1789153408,4,0,0.243,4132087
1789153409,3,0,0.062,4132087
1789153409,3,0,0.009,4132087
1789153409,3,0,0.082,4132087
1789153409,0,0,0.005,4132087
1789153409,0,0,0.01,4132087
1789153409,6,0,0.004,4132087
1789153409,2,0,0.683,4132087
1789153409,3,0,0.069,4132087
1789153409,6,0,0.003,4132087
1789153409,3,0,0.056,4132087
1789153410,4,0,0.586,4132087
1789153410,5,0,0.127,4132087
1789153410,0,0,0.004,4132087
1789153411,4,0,0.548,4132087
1789153411,2,0,0.001,4132087
1789153414,5,0,3.26,4132087
1789153414,2,0,0.002,4132087
1789153414,3,0,0.051,4132087
1789153414,3,0,0.17,4132087
1789153414,6,0,0.006,4132087
1789153418,5,0,4.12,4132087
1789153419,2,0,0.549,4132087
1789153420,4,0,1.103,4132087
1789153420,3,0,0.051,4132087
1789153420,5,0,0.163,4132087
1789153420,1,0,0.001,4132087
1789153420,3,0,0.002,4132087
1789153421,4,0,0.37,4132087
1789153421,0,0,0.005,4132087
1789153421,4,0,0.453,4132087
1789153421,3,0,0.008,4132087
1789153421,6,0,0.008,4132087
1789153421,4,0,0.369,4132087
1789153421,2,0,0.002,4132087
1789153422,2,0,0.33,4132087
1789153423,5,0,0.928,4132087
1789153423,2,0,0.315,4132087
1789153423,3,0,0.064,4132087
1789153423,3,0,0.056,4132087
1789153423,0,0,0.012,4132087
1789153423,3,0,0.008,4132087
1789153423,6,0,0.005,4132087
1789153423,2,0,0.002,4132087
1789153423,3,0,0.181,4132087
1789153423,0,0,0.009,4132087
1789153424,7,0,0.444,4132087
1789153424,4,0,0.387,4132087
1789153424,3,0,0.082,4132087
1789153424,0,0,0.043,4132087
1789153425,2,0,0.253,4132087
1789153425,3,0,0.026,4132087
1789153425,3,0,0.012,4132087
1789153425,3,0,0.076,4132087
1789153425,3,0,0.055,4132087
1789153425,5,0,0.688,4132087
1789153425,3,0,0.004,4132087
1789153425,6,0,0.006,4132087
1789153426,4,0,0.932,4132087
1789153426,0,0,0.005,4132087
1789153426,1,0,0.001,4132087
1789153427,7,0,0.198,4132087
1789153427,3,0,0.212,4132087
1789153427,3,0,0.032,4132087
1789153427,6,0,0.007,4132087
1789153427,3,0,0.031,4132087
1789153427,0,0,0.006,4132087
1789153427,5,0,0.612,4132087
1789153427,3,0,0.022,4132087
1789153428,0,0,0.02,4132087
1789153428,5,0,0.113,4132087
1789153428,4,0,0.305,4132087
1789153432,5,0,3.913,4132087
1789153432,6,0,0.004,4132087
1789153432,0,0,0.006,4132087
1789153432,6,0,0.006,4132087
1789153432,6,0,0.003,4132087
1789153432,3,0,0.131,4132087
1789153433,2,0,0.625,4132087
1789153433,2,0,0.002,4132087
1789153433,0,0,0.014,4132087
1789153433,0,0,0.027,4132087
1789153433,4,0,0.493,4132087
1789153433,3,0,0.059,4132087
1789153433,3,0,0.027,4132087
1789153433,6,0,0.019,4132087
1789153433,1,0,0.001,4132087
1789153435,4,0,1.562,4132087
1789153435,6,0,0.008,4132087
1789153435,6,0,0.003,4132087
1789153435,3,0,0.016,4132087
1789153436,2,0,0.745,4132087
1789153436,6,0,0.007,4132087
1789153439,5,0,3.344,4132087
1789153444,5,0,4.691,4132087
1789153444,4,0,0.41,4132087
1789153446,2,0,1.66,4132087
1789153446,0,0,0.013,4132087
1789153447,4,0,1.056,4132087
1789153447,0,0,0.009,4132087
1789153447,4,0,0.554,4132087
1789153448,5,0,0.835,4132087
1789153448,1,0,0.001,4132087
1789153448,3,0,0.007,4132087
1789153449,4,0,0.372,4132087
1789153449,4,0,0.383,4132087
1789153449,6,0,0.005,4132087
1789153449,3,0,0.003,4132087
1789153449,6,0,0.007,4132087
1789153450,4,0,1.234,4132087
1789153450,6,0,0.008,4132087
1789153450,6,0,0.007,4132087
1789153451,2,0,0.355,4132087
1789153451,0,0,0.003,4132087
1789153451,1,0,0.001,4132087
1789153451,4,0,0.494,4132087
1789153451,3,0,0.009,4132087
1789153452,4,0,1.359,4132087
1789153457,5,0,4.808,4132087
1789153457,2,0,0.002,4132087
1789153457,0,0,0.003,4132087
1789153458,4,0,0.309,4132087
1789153458,3,0,0.067,4132087
1789153458,3,0,0.094,4132087
1789153458,2,0,0.002,4132087
1789153462,5,0,3.875,4132087
1789153462,5,0,0.192,4132087
1789153462,3,0,0.026,4132087
1789153462,6,0,0.006,4132087
1789153462,6,0,0.004,4132087
1789153462,0,0,0.005,4132087
1789153462,6,0,0.005,4132087
1789153462,0,0,0.007,4132087
1789153462,4,0,0.572,4132087
1789153462,3,0,0.002,4132087
1789153462,6,0,0.008,4132087
1789153462,3,0,0.02,4132087
1789153463,4,0,0.392,4132087
1789153463,2,0,0.002,4132087
1789153463,2,0,0.002,4132087
1789153463,4,0,0.493,4132087
1789153463,2,0,0.002,4132087
1789153463,3,0,0.147,4132087
1789153463,0,0,0.005,4132087
1789153464,4,0,0.448,4132087
1789153464,4,0,0.308,4132087
1789153464,5,0,0.158,4132087
1789153465,5,0,0.494,4132087
1789153465,2,0,0.603,4132087
1789153465,2,0,0.001,4132087
1789153466,2,0,0.306,4132087
1789153466,1,0,0.002,4132087
1789153466,2,0,0.311,4132087
1789153467,4,0,0.602,4132087
1789153467,4,0,0.529,4132087
1789153467,3,0,0.002,4132087
1789153468,4,0,0.718,4132087
1789153468,3,0,0.06,4132087
1789153468,0,0,0.011,4132087
1789153468,6,0,0.006,4132087
1789153469,2,0,0.954,4132087
1789153469,0,0,0.01,4132087
1789153469,4,0,0.387,4132087
1789153469,0,0,0.012,4132087
1789153470,4,0,0.388,4132087
1789153470,3,0,0.01,4132087
1789153470,3,0,0.13,4132087
1789153472,4,0,1.632,4132087
1789153472,6,0,0.007,4132087
1789153472,4,0,0.321,4132087
1789153472,3,0,0.008,4132087
1789153472,2,0,0.002,4132087
1789153472,0,0,0.008,4132087
1789153472,3,0,0.035,4132087
1789153472,2,0,0.002,4132087
1789153472,6,0,0.008,4132087
1789153472,3,0,0.047,4132087
1789153472,2,0,0.414,4132087
1789153472,6,0,0.013,4132087
1789153473,4,0,0.433,4132087
1789153473,2,0,0.002,4132087
1789153474,2,0,0.903,4132087
1789153474,4,0,0.515,4132087
1789153475,2,0,0.313,4132087
1789153475,3,0,0.008,4132087
1789153475,3,0,0.105,4132087
1789153475,4,0,0.316,4132087
1789153475,6,0,0.023,4132087
1789153475,2,0,0.001,4132087
1789153475,4,0,0.337,4132087
1789153475,0,0,0.007,4132087
1789153475,6,0,0.007,4132087
1789153475,3,0,0.032,4132087
1789153475,1,0,0.002,4132087
1789153475,6,0,0.006,4132087
1789153476,4,0,0.689,4132087
1789153476,3,0,0.06,4132087
1789153476,1,0,0.002,4132087
1789153476,3,0,0.004,4132087
1789153476,2,0,0.001,4132087
1789153481,5,0,5.158,4132087
1789153482,2,0,0.827,4132087
1789153483,4,0,0.635,4132087
1789153483,2,0,0.002,4132087
1789153484,4,0,0.713,4132087
1789153484,0,0,0.009,4132087
1789153484,3,0,0.043,4132087
1789153484,0,0,0.003,4132087
1789153484,0,0,0.01,4132087
1789153484,3,0,0.01,4132087
1789153484,6,0,0.005,4132087
1789153484,6,0,0.007,4132087
1789153484,4,0,0.34,4132087
1789153484,3,0,0.137,4132087
1789153484,1,0,0.001,4132087
1789153484,0,0,0.009,4132087
1789153484,1,0,0.001,4132087
1789153486,2,0,1.643,4132087
1789153486,5,0,0.462,4132087
1789153486,6,0,0.006,4132087
1789153486,3,0,0.008,4132087
1789153486,0,0,0.005,4132087
1789153486,5,0,0.263,4132087
1789153487,4,0,0.57,4132087
1789153487,4,0,0.274,4132087
1789153488,4,0,0.735,4132087
1789153489,5,0,0.448,4132087
1789153489,3,0,0.003,4132087
1789153489,4,0,0.801,4132087
1789153489,6,0,0.05,4132087
1789153490,2,0,0.634,4132087
1789153495,5,0,4.904,4132087
1789153495,3,0,0.016,4132087
1789153495,3,0,0.149,4132087
1789153499,5,0,4.378,4132087
1789153500,4,0,0.413,4132087
1789153500,2,0,0.002,4132087
1789153500,0,0,0.011,4132087
1789153500,1,0,0.001,4132087
1789153500,1,0,0.002,4132087
1789153500,1,0,0.001,4132087
1789153502,7,0,1.792,4132087
1789153502,7,0,0.604,4132087
1789153503,2,0,0.689,4132087
1789153503,2,0,0.487,4132087
1789153503,6,0,0.004,4132087
1789153507,5,0,3.445,4132087
1789153507,6,0,0.008,4132087
1789153507,6,0,0.015,4132087
1789153508,2,0,0.683,4132087
1789153508,0,0,0.037,4132087
1789153508,0,0,0.007,4132087
1789153508,2,0,0.415,4132087
1789153509,4,0,0.617,4132087
1789153513,5,0,4.388,4132087
1789153513,1,0,0.001,4132087
1789153513,2,0,0.002,4132087
1789153513,2,0,0.001,4132087
1789153513,6,0,0.005,4132087
1789153514,2,0,0.85,4132087
1789153517,5,0,3.543,4132087
1789153517,0,0,0.003,4132087
1789153517,0,0,0.002,4132087
1789153518,5,0,0.118,4132087
1789153518,6,0,0.006,4132087
1789153518,0,0,0.008,4132087
1789153518,2,0,0.52,4132087
1789153518,3,0,0.005,4132087
1789153518,2,0,0.002,4132087
1789153518,3,0,0.06,4132087
1789153518,6,0,0.006,4132087
1789153518,6,0,0.005,4132087
1789153518,3,0,0.03,4132087
1789153519,7,0,0.724,4132087
1789153519,5,0,0.398,4132087
1789153520,4,0,0.696,4132087
1789153520,3,0,0.025,4132087
1789153520,0,0,0.008,4132087
1789153520,6,0,0.009,4132087
1789153520,3,0,0.007,4132087
1789153520,5,0,0.349,4132087
1789153521,4,0,0.272,4132087
1789153521,0,0,0.005,4132087
1789153521,1,0,0.001,4132087
1789153521,3,0,0.075,4132087
1789153521,3,0,0.006,4132087
1789153522,4,0,0.827,4132087
1789153522,0,0,0.008,4132087
1789153522,0,0,0.017,4132087
1789153522,0,0,0.009,4132087
1789153522,4,0,0.262,4132087
1789153522,0,0,0.009,4132087
1789153524,2,0,1.678,4132087
1789153524,6,0,0.008,4132087
1789153524,0,0,0.027,4132087
1789153524,4,0,0.573,4132087
1789153525,4,0,0.773,4132087
1789153525,4,0,0.296,4132087
1789153525,3,0,0.049,4132087
1789153526,2,0,0.941,4132087
1789153526,0,0,0.009,4132087
1789153527,4,0,0.66,4132087
1789153527,4,0,0.409,4132087
1789153527,6,0,0.005,4132087
1789153528,7,0,0.534,4132087
1789153529,5,0,0.798,4132087
1789153530,2,0,0.992,4132087
1789153530,6,0,0.007,4132087
1789153530,4,0,0.427,4132087
1789153530,2,0,0.005,4132087
1789153533,5,0,2.748,4132087
1789153533,2,0,0.002,4132087
1789153533,3,0,0.056,4132087
1789153533,4,0,0.2,4132087
1789153534,4,0,0.578,4132087
1789153534,4,0,0.61,4132087
1789153534,3,0,0.008,4132087
1789153535,4,0,0.404,4132087
1789153535,0,0,0.006,4132087
1789153536,4,0,0.832,4132087
1789153536,4,0,0.887,4132087
1789153537,2,0,0.43,4132087
1789153543,5,0,5.882,4132087
1789153543,5,0,0.389,4132087
1789153543,7,0,0.192,4132087
1789153544,4,0,0.674,4132087
1789153544,4,0,0.25,4132087
1789153545,5,0,0.536,4132087
1789153545,3,0,0.062,4132087
1789153545,3,0,0.009,4132087
1789153546,4,0,1.027,4132087
1789153546,3,0,0.049,4132087
1789153547,4,0,0.652,4132087
1789153547,6,0,0.007,4132087
1789153547,4,0,0.776,4132087
1789153548,5,0,0.583,4132087
1789153548,6,0,0.006,4132087
1789153548,0,0,0.015,4132087
1789153548,0,0,0.016,4132087
1789153550,4,0,1.794,4132087
1789153550,2,0,0.002,4132087
1789153550,3,0,0.01,4132087
1789153550,3,0,0.106,4132087
1789153550,0,0,0.017,4132087
1789153550,3,0,0.056,4132087
1789153550,1,0,0.003,4132087
1789153551,5,0,0.637,4132087
1789153551,4,0,0.425,4132087
1789153551,5,0,0.117,4132087
1789153552,2,0,0.385,4132087
1789153552,4,0,0.9,4132087
1789153554,4,0,1.079,4132087
1789153554,6,0,0.012,4132087
1789153554,3,0,0.076,4132087
1789153554,4,0,0.55,4132087
1789153554,3,0,0.112,4132087
1789153555,2,0,0.957,4132087
1789153555,3,0,0.086,4132087
1789153555,3,0,0.077,4132087
1789153557,4,0,1.665,4132087
1789153558,2,0,0.641,4132087
1789153558,0,0,0.005,4132087
1789153561,7,0,3.218,4132087
1789153561,1,0,0.002,4132087
1789153561,6,0,0.005,4132087
1789153562,4,0,0.74,4132087
1789153562,3,0,0.094,4132087
1789153562,0,0,0.003,4132087
1789153562,3,0,0.058,4132087
1789153562,6,0,0.008,4132087
1789153563,4,0,0.979,4132087
1789153563,6,0,0.006,4132087
1789153563,6,0,0.007,4132087
1789153566,5,0,3.177,4132087
1789153566,0,0,0.012,4132087
1789153566,0,0,0.009,4132087
1789153568,4,0,1.999,4132087
1789153568,0,0,0.015,4132087
1789153568,6,0,0.004,4132087
1789153570,2,0,1.437,4132087
1789153570,3,0,0.083,4132087
1789153570,2,0,0.002,4132087
1789153570,3,0,0.049,4132087
1789153574,7,0,4.529,4132087
1789153574,0,0,0.009,4132087
1789153574,2,0,0.001,4132087
1789153574,2,0,0.001,4132087
1789153574,6,0,0.006,4132087
1789153575,2,0,0.618,4132087
1789153575,3,0,0.043,4132087
1789153575,4,0,0.286,4132087
1789153575,0,0,0.005,4132087
1789153575,0,0,0.008,4132087
1789153575,1,0,0.001,4132087
1789153575,0,0,0.005,4132087
1789153575,3,0,0.059,4132087
1789153575,3,0,0.007,4132087
1789153575,0,0,0.015,4132087
1789153575,3,0,0.058,4132087
1789153581,5,0,5.603,4132087
1789153581,0,0,0.012,4132087
1789153581,3,0,0.05,4132087
1789153581,6,0,0.005,4132087
1789153581,3,0,0.032,4132087
1789153581,3,0,0.019,4132087
1789153581,0,0,0.003,4132087
1789153583,2,0,1.937,4132087
1789153583,3,0,0.005,4132087
1789153583,1,0,0.002,4132087
1789153583,1,0,0.001,4132087
1789153583,6,0,0.012,4132087
1789153583,6,0,0.006,4132087
1789153583,3,0,0.006,4132087
1789153583,3,0,0.009,4132087
1789153583,3,0,0.065,4132087
1789153583,6,0,0.006,4132087
1789153583,6,0,0.004,4132087
1789153583,3,0,0.001,4132087
1789153584,4,0,1.05,4132087
1789153584,2,0,0.004,4132087
1789153585,2,0,0.367,4132087
1789153585,0,0,0.011,4132087
1789153585,1,0,0.001,4132087
1789153589,5,0,4.102,4132087
1789153590,5,0,1.234,4132087
1789153590,4,0,0.33,4132087
1789153590,3,0,0.025,4132087
1789153591,2,0,1.072,4132087
1789153592,4,0,0.328,4132087
1789153592,0,0,0.007,4132087
1789153592,2,0,0.002,4132087
1789153597,7,0,5.097,4132087
1789153597,0,0,0.011,4132087
1789153597,4,0,0.457,4132087
1789153597,6,0,0.006,4132087
1789153597,0,0,0.016,4132087
1789153597,3,0,0.105,4132087
1789153597,0,0,0.006,4132087
1789153598,4,0,0.55,4132087
1789153598,5,0,0.105,4132087
1789153598,2,0,0.398,4132087
1789153599,5,0,0.37,4132087
1789153599,5,0,0.113,4132087
1789153599,3,0,0.028,4132087
1789153602,5,0,3.367,4132087
1789153603,4,0,0.374,4132087
1789153607,5,0,3.99,4132087
1789153610,7,0,3.841,4132087
1789153611,3,0,0.058,4132087
1789153611,2,0,0.561,4132087
1789153612,2,0,0.757,4132087
1789153613,4,0,0.783,4132087
1789153613,2,0,0.001,4132087
1789153613,0,0,0.007,4132087
1789153614,4,0,1.674,4132087
1789153614,3,0,0.009,4132087
1789153614,2,0,0.002,4132087
1789153614,3,0,0.004,4132087
1789153614,3,0,0.055,4132087
1789153614,2,0,0.003,4132087
1789153614,6,0,0.009,4132087
1789153614,0,0,0.003,4132087
1789153614,0,0,0.005,4132087
1789153615,4,0,0.575,4132087
1789153615,0,0,0.006,4132087
1789153616,4,0,1.287,4132087
1789153616,1,0,0.001,4132087
1789153617,7,0,0.963,4132087
1789153622,5,0,4.666,4132087
1789153622,4,0,0.506,4132087
1789153622,0,0,0.012,4132087
1789153623,4,0,0.288,4132087
1789153623,3,0,0.007,4132087
1789153623,1,0,0.002,4132087
1789153623,6,0,0.007,4132087
1789153623,2,0,0.393,4132087
1789153624,2,0,0.559,4132087
1789153624,4,0,0.436,4132087
1789153625,4,0,0.998,4132087
1789153625,3,0,0.023,4132087
1789153626,2,0,0.59,4132087
1789153626,3,0,0.101,4132087
1789153628,5,0,1.757,4132087
1789153628,2,0,0.271,4132087
1789153628,0,0,0.008,4132087
1789153628,0,0,0.007,4132087
1789153628,1,0,0.001,4132087
1789153628,6,0,0.003,4132087
1789153628,1,0,0.001,4132087
1789153628,2,0,0.415,4132087
1789153629,4,0,0.745,4132087
1789153629,4,0,0.412,4132087
1789153631,4,0,1.082,4132087
1789153631,4,0,0.644,4132087
1789153631,6,0,0.006,4132087
1789153631,3,0,0.058,4132087
1789153635,7,0,3.623,4132087
1789153635,4,0,0.425,4132087
1789153635,0,0,0.015,4132087
1789153637,4,0,1.395,4132087
1789153638,7,0,1.736,4132087
1789153639,4,0,0.769,4132087
1789153639,4,0,0.26,4132087
1789153640,4,0,0.401,4132087
1789153640,3,0,0.094,4132087
1789153640,5,0,0.109,4132087
1789153640,3,0,0.067,4132087
1789153640,3,0,0.004,4132087
1789153640,3,0,0.002,4132087
1789153640,3,0,0.063,4132087
1789153641,4,0,0.452,4132087
1789153641,4,0,0.316,4132087
1789153642,4,0,0.585,4132087
1789153642,0,0,0.005,4132087
1789153642,0,0,0.01,4132087
1789153642,1,0,0.001,4132087
1789153642,3,0,0.007,4132087
1789153642,0,0,0.009,4132087
1789153642,0,0,0.004,4132087
1789153642,0,0,0.007,4132087
1789153642,4,0,0.217,4132087
1789153642,6,0,0.007,4132087
1789153642,2,0,0.002,4132087
1789153642,4,0,0.299,4132087
1789153642,3,0,0.054,4132087
1789153643,2,0,0.38,4132087
1789153643,4,0,0.459,4132087
1789153643,0,0,0.004,4132087
1789153643,0,0,0.011,4132087
1789153643,0,0,0.011,4132087
1789153643,3,0,0.112,4132087
1789153643,1,0,0.002,4132087
1789153643,3,0,0.125,4132087
1789153643,6,0,0.006,4132087
1789153643,3,0,0.063,4132087
1789153643,3,0,0.08,4132087
1789153643,6,0,0.011,4132087
1789153643,6,0,0.005,4132087
1789153643,0,0,0.004,4132087
1789153643,3,0,0.009,4132087
1789153644,5,0,0.407,4132087
1789153644,6,0,0.008,4132087
1789153644,0,0,0.005,4132087
1789153644,7,0,0.138,4132087
1789153644,3,0,0.008,4132087
1789153644,0,0,0.005,4132087
1789153645,2,0,0.637,4132087
1789153645,5,0,0.317,4132087
1789153645,6,0,0.006,4132087
1789153646,4,0,0.569,4132087
1789153646,0,0,0.005,4132087
1789153646,2,0,0.002,4132087
1789153646,4,0,0.356,4132087
1789153646,6,0,0.006,4132087
1789153646,1,0,0,4132087
1789153646,6,0,0.006,4132087
1789153646,3,0,0.003,4132087
1789153648,4,0,2.166,4132087
1789153649,5,0,0.913,4132087
1789153649,2,0,0.387,4132087
1789153649,2,0,0.002,4132087
1789153649,1,0,0.001,4132087
1789153650,4,0,0.336,4132087
1789153650,2,0,0.002,4132087
1789153650,3,0,0.007,4132087
1789153650,3,0,0.008,4132087
1789153651,2,0,1.437,4132087
1789153651,2,0,0.002,4132087
1789153651,0,0,0.004,4132087
1789153652,5,0,0.908,4132087
1789153653,7,0,0.733,4132087
1789153653,6,0,0.007,4132087
1789153653,0,0,0.011,4132087
1789153653,2,0,0.002,4132087
1789153653,2,0,0,4132087
1789153653,3,0,0.003,4132087
1789153653,0,0,0.008,4132087
1789153653,2,0,0.486,4132087
1789153653,0,0,0.005,4132087
1789153655,4,0,2.082,4132087
1789153656,4,0,0.768,4132087
1789153656,5,0,0.184,4132087
1789153657,3,0,0.175,4132087
1789153657,7,0,0.169,4132087
1789153657,2,0,0.588,4132087
1789153658,4,0,1.02,4132087
1789153658,0,0,0.004,4132087
1789153658,3,0,0.022,4132087
1789153659,4,0,0.488,4132087
1789153660,4,0,1.083,4132087
1789153660,3,0,0.046,4132087
1789153661,5,0,0.778,4132087
1789153662,4,0,0.782,4132087
1789153662,4,0,0.304,4132087
1789153662,0,0,0.003,4132087
1789153662,6,0,0.005,4132087
1789153662,0,0,0.004,4132087
1789153662,2,0,0.005,4132087
1789153662,3,0,0.007,4132087
1789153662,0,0,0.004,4132087
1789153662,1,0,0.001,4132087
1789153662,6,0,0.004,4132087
1789153662,0,0,0.009,4132087
1789153662,5,0,0.143,4132087
1789153662,4,0,0.228,4132087
1789153662,3,0,0.037,4132087
1789153663,4,0,0.273,4132087
1789153663,1,0,0.001,4132087
1789153663,2,0,0.637,4132087
1789153663,0,0,0.004,4132087
1789153664,2,0,0.569,4132087
1789153664,3,0,0.009,4132087
1789153664,1,0,0.001,4132087
1789153664,0,0,0.004,4132087
1789153664,3,0,0.01,4132087
1789153664,3,0,0.06,4132087
1789153664,3,0,0.093,4132087
1789153664,1,0,0.001,4132087
1789153664,4,0,0.363,4132087
1789153664,0,0,0.003,4132087
1789153664,2,0,0.001,4132087
1789153664,0,0,0.003,4132087
1789153664,0,0,0.004,4132087
1789153664,2,0,0.002,4132087
1789153664,1,0,0.001,4132087
1789153665,5,0,0.971,4132087
1789153666,4,0,1.027,4132087
1789153666,0,0,0.003,4132087
1789153666,3,0,0.011,4132087
1789153666,0,0,0.004,4132087
1789153666,3,0,0.031,4132087
1789153670,5,0,3.438,4132087
1789153670,6,0,0.009,4132087
1789153670,0,0,0.003,4132087
1789153670,0,0,0.026,4132087
1789153670,2,0,0.002,4132087
1789153671,4,0,0.985,4132087
1789153671,2,0,0.026,4132087
1789153671,3,0,0.147,4132087
1789153671,0,0,0.011,4132087
1789153671,3,0,0.005,4132087
1789153671,2,0,0.001,4132087
1789153671,3,0,0.042,4132087
1789153672,4,0,0.436,4132087
1789153672,2,0,0,4132087
1789153673,4,0,1.306,4132087
1789153673,3,0,0.095,4132087
1789153673,4,0,0.358,4132087
1789153673,0,0,0.003,4132087
1789153673,5,0,0.153,4132087
1789153673,2,0,0,4132087
1789153673,2,0,0.001,4132087
1789153675,2,0,1.69,4132087
1789153675,3,0,0.049,4132087
1789153675,2,0,0.001,4132087
1789153675,3,0,0.057,4132087
1789153675,0,0,0.004,4132087
1789153676,2,0,0.743,4132087
1789153681,5,0,5.043,4132087
1789153682,5,0,0.892,4132087
1789153682,3,0,0.008,4132087
1789153682,5,0,0.124,4132087
1789153682,1,0,0.002,4132087
1789153683,4,0,0.568,4132087
1789153683,6,0,0.012,4132087
1789153683,5,0,0.131,4132087
1789153683,4,0,0.325,4132087
1789153685,2,0,1.459,4132087
1789153686,4,0,1.166,4132087
1789153686,3,0,0.047,4132087
1789153686,1,0,0.001,4132087
1789153689,5,0,3.45,4132087
1789153690,4,0,0.485,4132087
1789153690,4,0,0.372,4132087
1789153690,6,0,0.014,4132087
1789153691,4,0,0.8,4132087
1789153692,5,0,0.894,4132087
1789153692,6,0,0.004,4132087
1789153692,4,0,0.521,4132087
1789153692,0,0,0.008,4132087
1789153692,6,0,0.009,4132087
1789153692,3,0,0.071,4132087
1789153692,2,0,0.002,4132087
1789153692,6,0,0.018,4132087
1789153692,6,0,0.012,4132087
1789153693,3,0,0.173,4132087
1789153693,2,0,0.4,4132087
1789153694,4,0,0.698,4132087
1789153694,3,0,0.004,4132087
1789153694,0,0,0.011,4132087
1789153694,2,0,0.004,4132087
1789153694,3,0,0.068,4132087
1789153694,4,0,0.594,4132087
1789153694,0,0,0.005,4132087
1789153694,2,0,0.002,4132087
1789153695,2,0,0.778,4132087
1789153696,4,0,1.272,4132087
1789153696,6,0,0.004,4132087
1789153697,5,0,0.901,4132087
1789153697,1,0,0.002,4132087
1789153697,3,0,0.036,4132087
1789153697,3,0,0.052,4132087
1789153698,3,0,0.146,4132087
1789153698,4,0,0.489,4132087
1789153698,0,0,0.008,4132087
1789153700,4,0,1.531,4132087
1789153700,6,0,0.013,4132087
1789153701,4,0,1.626,4132087
1789153701,6,0,0.01,4132087
1789153702,4,0,0.669,4132087
1789153702,0,0,0.005,4132087
1789153702,4,0,0.521,4132087
1789153702,2,0,0.003,4132087
1789153703,3,0,0.053,4132087
1789153703,0,0,0.009,4132087
1789153703,3,0,0.002,4132087
1789153703,3,0,0.149,4132087
1789153703,3,0,0.032,4132087
1789153703,3,0,0.035,4132087
1789153703,2,0,0.002,4132087
1789153703,0,0,0.008,4132087
1789153703,4,0,0.336,4132087
1789153703,2,0,0.001,4132087
1789153703,6,0,0.005,4132087
1789153703,4,0,0.397,4132087
1789153704,3,0,0.068,4132087
1789153704,0,0,0.004,4132087
1789153704,3,0,0.089,4132087
1789153704,3,0,0.094,4132087
1789153704,3,0,0.01,4132087
1789153704,0,0,0.004,4132087
1789153704,5,0,0.262,4132087
1789153704,1,0,0.003,4132087
1789153705,5,0,1.069,4132087
1789153706,4,0,0.693,4132087
1789153706,7,0,0.447,4132087
1789153706,3,0,0.005,4132087
1789153706,5,0,0.157,4132087
1789153706,3,0,0.011,4132087
1789153707,4,0,0.832,4132087
1789153707,0,0,0.007,4132087
1789153707,5,0,0.132,4132087
1789153708,4,0,0.657,4132087
1789153708,0,0,0.016,4132087
1789153708,3,0,0.005,4132087
1789153709,4,0,0.506,4132087
1789153709,5,0,0.012,4132087
1789153709,6,0,0.01,4132087
1789153709,5,0,0.254,4132087
1789153709,0,0,0.014,4132087
1789153709,3,0,0.044,4132087
1789153709,0,0,0.01,4132087
1789153709,1,0,0.001,4132087
1789153709,7,0,0.142,4132087
1789153709,1,0,0.001,4132087
1789153710,4,0,0.604,4132087
1789153710,2,0,0.003,4132087
1789153710,4,0,0.478,4132087
1789153711,2,0,0.6,4132087
1789153711,2,0,0.002,4132087
1789153711,3,0,0.005,4132087
1789153711,5,0,0.425,4132087
1789153711,2,0,0.003,4132087
1789153711,3,0,0.007,4132087
1789153717,7,0,5.385,4132087
1789153718,4,0,1.033,4132087
1789153718,3,0,0.077,4132087
1789153718,3,0,0.074,4132087
1789153718,3,0,0.015,4132087
1789153718,5,0,0.146,4132087
1789153718,0,0,0.004,4132087
1789153718,0,0,0.004,4132087
1789153718,0,0,0.008,4132087
1789153718,6,0,0.006,4132087
1789153718,5,0,0.428,4132087
1789153718,6,0,0.011,4132087
1789153718,0,0,0.005,4132087
1789153718,6,0,0.007,4132087
1789153718,1,0,0.001,4132087
1789153718,0,0,0.013,4132087
1789153719,4,0,0.45,4132087
1789153719,4,0,0.308,4132087
1789153720,4,0,0.807,4132087
1789153720,6,0,0.007,4132087
1789153721,4,0,0.89,4132087
1789153722,5,0,0.888,4132087
1789153722,2,0,0.003,4132087
1789153722,2,0,0.001,4132087
1789153722,0,0,0.01,4132087
1789153722,2,0,0.002,4132087
1789153722,2,0,0.002,4132087
1789153722,0,0,0.004,4132087
1789153722,4,0,0.719,4132087
1789153723,4,0,0.745,4132087
1789153724,4,0,0.61,4132087
1789153725,4,0,1.349,4132087
1789153725,0,0,0.018,4132087
1789153725,0,0,0.008,4132087
1789153725,6,0,0.008,4132087
1789153725,3,0,0.067,4132087
1789153725,1,0,0.001,4132087
1789153725,4,0,0.034,4132087
1789153726,4,0,0.992,4132087
1789153727,5,0,1.134,4132087
1789153731,5,0,3.648,4132087
1789153731,3,0,0.006,4132087
1789153731,6,0,0.004,4132087
1789153731,6,0,0.006,4132087
1789153732,4,0,0.724,4132087
1789153732,0,0,0.003,4132087
1789153732,4,0,0.62,4132087
1789153737,7,0,4.844,4132087
1789153737,0,0,0.012,4132087
1789153737,0,0,0.032,4132087
1789153737,3,0,0.075,4132087
1789153738,4,0,0.537,4132087
1789153738,3,0,0.028,4132087
1789153738,1,0,0.001,4132087
1789153739,2,0,0.608,4132087
1789153739,3,0,0.079,4132087
1789153742,5,0,3.243,4132087
1789153742,6,0,0.004,4132087
1789153742,0,0,0.015,4132087
1789153743,2,0,0.657,4132087
1789153744,4,0,1.496,4132087
1789153744,6,0,0.006,4132087
1789153744,6,0,0.007,4132087
1789153744,5,0,0.103,4132087
1789153745,4,0,0.329,4132087
1789153745,4,0,0.318,4132087
1789153745,4,0,0.403,4132087
1789153745,3,0,0.141,4132087
1789153745,0,0,0.004,4132087
1789153745,6,0,0.004,4132087
1789153745,1,0,0.001,4132087
1789153745,3,0,0.002,4132087
1789153745,3,0,0.041,4132087
1789153745,3,0,0.006,4132087
1789153746,4,0,0.403,4132087
1789153746,5,0,0.411,4132087
1789153747,4,0,1.103,4132087
1789153747,3,0,0.097,4132087
1789153748,3,0,0.065,4132087
1789153748,1,0,0.001,4132087
1789153748,0,0,0.005,4132087
1789153748,0,0,0.003,4132087
1789153748,4,0,0.422,4132087
1789153748,5,0,0.436,4132087
1789153748,1,0,0.001,4132087
1789153748,0,0,0.002,4132087
1789153748,1,0,0.001,4132087
1789153748,3,0,0.024,4132087
1789153748,0,0,0.004,4132087
1789153748,1,0,0.001,4132087
1789153749,3,0,0.042,4132087
1789153749,6,0,0.007,4132087
1789153749,6,0,0.006,4132087
1789153749,0,0,0.005,4132087
1789153749,0,0,0.01,4132087
1789153749,4,0,0.365,4132087
1789153749,3,0,0.053,4132087
1789153749,3,0,0.043,4132087
1789153749,1,0,0.001,4132087
1789153749,0,0,0.005,4132087
1789153749,3,0,0.053,4132087
1789153749,2,0,0.319,4132087
1789153749,3,0,0.006,4132087
1789153751,2,0,1.954,4132087
1789153752,4,0,0.451,4132087
1789153752,3,0,0.045,4132087
1789153752,4,0,0.501,4132087
1789153753,4,0,0.484,4132087
1789153753,6,0,0.01,4132087
1789153753,6,0,0.004,4132087
1789153753,3,0,0.024,4132087
1789153753,3,0,0.108,4132087
1789153753,3,0,0.009,4132087
1789153754,4,0,0.76,4132087
1789153754,5,0,0.627,4132087
1789153755,4,0,0.451,4132087
1789153755,0,0,0.045,4132087
1789153755,3,0,0.023,4132087
1789153755,5,0,0.131,4132087
1789153756,4,0,0.527,4132087
1789153756,6,0,0.007,4132087
1789153756,4,0,0.452,4132087
1789153756,3,0,0.068,4132087
1789153756,4,0,0.364,4132087
1789153756,3,0,0.013,4132087
1789153756,2,0,0.01,4132087
1789153757,2,0,0.752,4132087
1789153757,2,0,0.001,4132087
1789153757,2,0,0.001,4132087
1789153757,3,0,0.084,4132087
1789153758,2,0,0.454,4132087
1789153758,0,0,0.031,4132087
1789153758,6,0,0.013,4132087
1789153758,0,0,0.007,4132087
1789153758,4,0,0.525,4132087
1789153758,5,0,0.105,4132087
1789153758,0,0,0.016,4132087
1789153758,3,0,0.007,4132087
1789153758,3,0,0.01,4132087
1789153758,1,0,0.001,4132087
1789153759,3,0,0.122,4132087
1789153759,4,0,0.403,4132087
1789153760,4,0,0.542,4132087
1789153760,4,0,0.394,4132087
1789153761,4,0,0.86,4132087
1789153761,6,0,0.004,4132087
1789153761,1,0,0.001,4132087
1789153761,3,0,0.017,4132087
1789153761,6,0,0.007,4132087
1789153761,6,0,0.007,4132087
1789153761,4,0,0.246,4132087
1789153761,2,0,0.003,4132087
1789153762,4,0,0.492,4132087
1789153762,3,0,0.074,4132087
1789153762,3,0,0.053,4132087
1789153762,1,0,0.001,4132087
1789153762,3,0,0.007,4132087
1789153762,3,0,0.011,4132087
1789153762,3,0,0.009,4132087
1789153762,3,0,0.072,4132087
1789153762,4,0,0.269,4132087
1789153763,4,0,0.743,4132087
1789153764,5,0,1.439,4132087
1789153764,3,0,0.009,4132087
1789153765,4,0,0.801,4132087
1789153766,4,0,0.812,4132087
1789153766,0,0,0.006,4132087
1789153766,4,0,0.273,4132087
1789153766,3,0,0.143,4132087
1789153767,4,0,0.586,4132087
1789153767,0,0,0.008,4132087
1789153767,6,0,0.008,4132087
1789153767,6,0,0.003,4132087
1789153768,7,0,0.723,4132087
1789153768,4,0,0.489,4132087
1789153769,4,0,0.437,4132087
1789153769,3,0,0.006,4132087
1789153769,2,0,0.525,4132087
1789153769,0,0,0.009,4132087
1789153769,0,0,0.004,4132087
1789153769,6,0,0.013,4132087
1789153769,3,0,0.013,4132087
1789153769,2,0,0.396,4132087
1789153770,2,0,0.011,4132087
1789153773,5,0,3.146,4132087
1789153773,3,0,0.002,4132087
1789153774,5,0,1.042,4132087
1789153774,2,0,0.406,4132087
1789153775,2,0,0.474,4132087
1789153775,0,0,0.008,4132087
1789153775,0,0,0.011,4132087
1789153775,5,0,0.706,4132087
1789153775,2,0,0.002,4132087
1789153776,2,0,0.381,4132087
1789153777,4,0,1.076,4132087
1789153777,2,0,0.002,4132087
1789153777,0,0,0.01,4132087
1789153777,6,0,0.009,4132087
1789153777,2,0,0.47,4132087
1789153778,4,0,0.726,4132087
1789153778,3,0,0.076,4132087
1789153779,2,0,0.553,4132087
1789153779,4,0,0.728,4132087
1789153779,3,0,0.003,4132087
1789153780,4,0,0.764,4132087
1789153780,0,0,0.013,4132087
1789153781,4,0,0.582,4132087
1789153781,0,0,0.005,4132087
1789153781,4,0,0.281,4132087
1789153781,6,0,0.006,4132087
1789153782,4,0,0.981,4132087
1789153782,6,0,0.008,4132087
1789153782,3,0,0.013,4132087
1789153782,2,0,0.002,4132087
1789153782,6,0,0.007,4132087
1789153783,4,0,0.864,4132087
1789153783,4,0,0.427,4132087
1789153787,5,0,3.947,4132087
1789153787,6,0,0.005,4132087
1789153787,3,0,0.012,4132087
1789153787,2,0,0.003,4132087
1789153789,4,0,1.392,4132087
1789153789,3,0,0.005,4132087
1789153790,4,0,1.106,4132087
1789153791,2,0,0.857,4132087
1789153791,5,0,0.597,4132087
1789153791,0,0,0.003,4132087
1789153791,6,0,0.011,4132087
1789153792,2,0,0.565,4132087
1789153793,4,0,1.151,4132087
1789153793,3,0,0.005,4132087
1789153793,3,0,0.003,4132087
1789153793,3,0,0.007,4132087
1789153794,7,0,1.263,4132087
1789153795,4,0,0.316,4132087
1789153795,0,0,0.005,4132087
1789153795,4,0,0.315,4132087
1789153795,2,0,0.562,4132087
1789153796,4,0,0.727,4132087
1789153796,6,0,0.02,4132087
1789153796,3,0,0.036,4132087
1789153796,1,0,0.002,4132087
1789153796,2,0,0.004,4132087
1789153796,3,0,0.027,4132087
1789153797,4,0,0.465,4132087
1789153801,7,0,4.149,4132087
1789153801,0,0,0.003,4132087
1789153801,3,0,0.035,4132087
1789153801,2,0,0.001,4132087
1789153802,7,0,1.322,4132087
1789153802,0,0,0.008,4132087
1789153803,4,0,0.703,4132087
1789153804,4,0,0.8,4132087
1789153805,2,0,0.876,4132087
1789153805,3,0,0.119,4132087
1789153805,3,0,0.002,4132087
1789153805,2,0,0.002,4132087
1789153805,3,0,0.077,4132087
1789153805,6,0,0.005,4132087
1789153806,4,0,1.312,4132087
1789153807,4,0,0.73,4132087
1789153807,3,0,0.004,4132087
1789153807,7,0,0.283,4132087
1789153807,5,0,0.087,4132087
1789153807,6,0,0.006,4132087
1789153808,4,0,0.789,4132087
1789153808,4,0,0.333,4132087
1789153809,4,0,0.506,4132087
1789153809,0,0,0.008,4132087
1789153809,4,0,0.526,4132087
1789153809,1,0,0.002,4132087
1789153809,0,0,0.009,4132087
1789153809,3,0,0.004,4132087
1789153810,4,0,0.515,4132087
1789153810,6,0,0.013,4132087
1789153810,4,0,0.407,4132087
1789153810,3,0,0.005,4132087
1789153812,4,0,1.861,4132087
1789153812,3,0,0.088,4132087
1789153812,2,0,0.002,4132087
1789153812,4,0,0.167,4132087
1789153812,6,0,0.004,4132087
1789153814,4,0,1.462,4132087
1789153814,0,0,0.004,4132087
1789153814,3,0,0.076,4132087
1789153814,1,0,0.001,4132087
1789153814,0,0,0.003,4132087
1789153814,0,0,0.005,4132087
1789153814,3,0,0.1,4132087
1789153814,6,0,0.028,4132087
1789153814,3,0,0.118,4132087
1789153815,4,0,0.237,4132087
1789153815,2,0,0.612,4132087
1789153815,3,0,0.071,4132087
1789153815,3,0,0.073,4132087
1789153815,6,0,0.008,4132087
1789153815,0,0,0.01,4132087
1789153816,4,0,1.214,4132087
1789153817,5,0,0.393,4132087
1789153817,3,0,0.017,4132087
1789153817,0,0,0.005,4132087
1789153817,3,0,0.003,4132087
1789153817,4,0,0.431,4132087
1789153817,0,0,0.003,4132087
1789153818,2,0,0.313,4132087
1789153818,1,0,0.001,4132087
1789153818,7,0,0.286,4132087
1789153818,0,0,0.004,4132087
1789153818,0,0,0.005,4132087
1789153818,4,0,0.35,4132087
1789153819,4,0,1.093,4132087
1789153819,6,0,0.005,4132087
1789153819,3,0,0.057,4132087
1789153819,3,0,0.005,4132087
1789153820,4,0,0.393,4132087
1789153824,5,0,4.266,4132087
1789153825,4,0,0.515,4132087
1789153830,5,0,5.208,4132087
1789153830,1,0,0.003,4132087
1789153831,2,0,0.879,4132087
1789153831,4,0,0.497,4132087
1789153831,3,0,0.071,4132087
1789153831,3,0,0.113,4132087
1789153832,4,0,0.513,4132087
1789153832,4,0,0.443,4132087
1789153835,5,0,2.857,4132087
1789153835,3,0,0.052,4132087
1789153836,4,0,0.297,4132087
1789153841,5,0,5.058,4132087
1789153841,2,0,0.002,4132087
1789153841,0,0,0.014,4132087
1789153841,5,0,0.481,4132087
1789153841,3,0,0.008,4132087
1789153842,2,0,0.83,4132087
1789153842,6,0,0.008,4132087
1789153842,3,0,0.014,4132087
1789153842,3,0,0.013,4132087
1789153842,3,0,0.056,4132087
1789153847,5,0,4.685,4132087
1789153847,4,0,0.266,4132087
1789153847,6,0,0.005,4132087
1789153848,5,0,1.261,4132087
1789153848,0,0,0.008,4132087
1789153848,1,0,0.002,4132087
1789153849,4,0,0.254,4132087
1789153849,4,0,0.635,4132087
1789153850,4,0,0.779,4132087
1789153850,4,0,0.443,4132087
1789153850,0,0,0.005,4132087
1789153852,2,0,1.172,4132087
1789153852,3,0,0.055,4132087
1789153852,6,0,0.007,4132087
1789153852,2,0,0.428,4132087
1789153852,3,0,0.004,4132087
1789153852,0,0,0.012,4132087
1789153853,4,0,0.979,4132087
1789153854,4,0,1.184,4132087
1789153855,4,0,0.369,4132087
1789153855,6,0,0.005,4132087
1789153855,4,0,0.277,4132087
1789153855,6,0,0.011,4132087
1789153855,3,0,0.076,4132087
1789153855,6,0,0.005,4132087
1789153855,5,0,0.372,4132087
1789153856,4,0,0.543,4132087
1789153856,0,0,0.009,4132087
1789153856,3,0,0.059,4132087
1789153856,0,0,0.004,4132087
1789153856,3,0,0.004,4132087
1789153857,4,0,0.586,4132087
1789153862,7,0,5.709,4132087
1789153862,6,0,0.011,4132087
1789153862,3,0,0.005,4132087
1789153862,2,0,0.003,4132087
1789153862,4,0,0.019,4132087
1789153862,2,0,0.004,4132087
1789153862,6,0,0.004,4132087
1789153862,0,0,0.006,4132087
1789153862,0,0,0.003,4132087
1789153863,4,0,0.233,4132087
1789153863,6,0,0.005,4132087
1789153863,4,0,0.862,4132087
1789153863,2,0,0.003,4132087
1789153863,6,0,0.007,4132087
1789153865,4,0,1.751,4132087
1789153865,2,0,0.252,4132087
1789153865,0,0,0.008,4132087
1789153870,5,0,4.472,4132087
1789153870,2,0,0.003,4132087
1789153871,4,0,0.862,4132087
1789153871,3,0,0.091,4132087
1789153871,4,0,0.515,4132087
1789153871,0,0,0.031,4132087
1789153872,3,0,0.114,4132087
1789153872,2,0,0.001,4132087
1789153872,2,0,0.008,4132087
1789153872,3,0,0.036,4132087
1789153875,5,0,2.999,4132087
1789153875,0,0,0.008,4132087
1789153875,6,1,0.005,4132087
1789153875,3,0,0.097,4132087
1789153875,2,0,0.003,4132087
1789153875,2,0,0.001,4132087
1789153875,1,0,0.001,4132087
1789153875,3,0,0.04,4132087
1789153876,5,0,1.381,4132087
1789153876,6,0,0.006,4132087
1789153876,3,0,0.078,4132087
1789153876,6,0,0.011,4132087
1789153876,6,0,0.004,4132087
1789153876,6,0,0.006,4132087
1789153876,2,0,0.001,4132087
1789153877,4,0,0.621,4132087
1789153878,5,0,0.678,4132087
1789153878,0,0,0.004,4132087
1789153879,4,0,1.083,4132087
1789153879,3,0,0.071,4132087
1789153883,5,0,3.931,4132087
1789153883,5,0,0.171,4132087
1789153883,3,0,0.116,4132087
1789153883,0,0,0.005,4132087
1789153883,5,0,0.5,4132087
1789153883,0,0,0.009,4132087
1789153883,3,0,0.048,4132087
1789153883,3,0,0.007,4132087
1789153884,4,0,0.716,4132087
1789153884,6,0,0.006,4132087
1789153885,2,0,0.339,4132087
1789153885,4,0,0.432,4132087
1789153885,6,0,0.005,4132087
1789153885,4,0,0.279,4132087
1789153885,0,0,0.005,4132087
1789153886,4,0,0.289,4132087
1789153886,3,0,0.06,4132087
1789153886,3,0,0.023,4132087
1789153886,4,0,0.688,4132087
1789153886,3,0,0.033,4132087
1789153891,5,0,4.85,4132087
1789153891,0,0,0.007,4132087
1789153891,6,0,0.006,4132087
1789153891,3,0,0.011,4132087
1789153892,2,0,0.485,4132087
1789153892,4,0,0.408,4132087
1789153892,6,0,0.007,4132087
1789153892,6,0,0.006,4132087
1789153892,0,0,0.004,4132087
1789153894,4,0,1.458,4132087
1789153894,4,0,0.557,4132087
1789153894,1,0,0.002,4132087
1789153894,2,0,0.002,4132087
1789153894,6,0,0.004,4132087
1789153894,3,0,0.065,4132087
1789153894,6,0,0.005,4132087
1789153894,0,0,0.008,4132087
1789153894,6,0,0.007,4132087
1789153899,5,0,5.111,4132087
1789153899,0,0,0.005,4132087
1789153899,6,0,0.007,4132087
1789153899,0,0,0.006,4132087
1789153899,2,0,0.004,4132087
1789153904,5,0,4.427,4132087
1789153904,4,0,0.475,4132087
1789153908,5,0,3.818,4132087
1789153908,3,0,0.091,4132087
1789153908,2,0,0.002,4132087
1789153908,2,0,0.009,4132087
1789153909,4,0,0.395,4132087
1789153909,4,0,0.421,4132087
1789153910,4,0,0.485,4132087
1789153910,3,0,0.07,4132087
1789153910,3,0,0.009,4132087
1789153910,3,0,0.118,4132087
1789153910,2,0,0.704,4132087
1789153911,4,0,0.4,4132087
1789153911,0,0,0.04,4132087
1789153911,3,0,0.1,4132087
1789153911,0,0,0.002,4132087
1789153912,2,0,0.677,4132087
1789153912,4,0,0.314,4132087
1789153912,0,0,0.005,4132087
1789153912,2,0,0.509,4132087
1789153913,2,0,0.497,4132087
1789153914,2,0,0.707,4132087
1789153914,3,0,0.004,4132087
1789153914,2,0,0.003,4132087
1789153914,6,0,0.006,4132087
1789153914,5,0,0.098,4132087
1789153914,3,0,0.037,4132087
1789153914,0,0,0.006,4132087
1789153915,4,0,0.703,4132087
1789153915,0,0,0.007,4132087
1789153915,0,0,0.017,4132087
1789153915,0,0,0.017,4132087
1789153915,0,0,0.012,4132087
1789153915,4,0,0.747,4132087
1789153915,0,0,0.004,4132087
1789153920,5,0,4.472,4132087
1789153920,0,0,0.004,4132087
1789153920,3,0,0.067,4132087
1789153920,4,0,0.57,4132087
1789153920,2,0,0.003,4132087
1789153922,4,0,1.142,4132087
1789153922,4,0,0.771,4132087
1789153922,3,0,0.029,4132087
1789153922,2,0,0.002,4132087
1789153922,3,0,0.04,4132087
1789153922,0,0,0.004,4132087
1789153923,4,0,0.455,4132087
1789153923,6,0,0.006,4132087
1789153923,6,0,0.006,4132087
1789153923,0,0,0.006,4132087
1789153923,0,0,0.006,4132087
1789153923,3,0,0.004,4132087
1789153923,3,0,0.051,4132087
1789153924,4,0,1.14,4132087
1789153924,0,0,0.028,4132087
1789153924,0,0,0.01,4132087
1789153924,2,0,0.002,4132087
1789153925,4,0,0.68,4132087
1789153925,6,0,0.013,4132087
1789153925,1,0,0.001,4132087
1789153925,6,0,0.005,4132087
1789153925,2,0,0.002,4132087
1789153925,0,0,0.006,4132087
1789153925,4,0,0.479,4132087
1789153925,0,0,0.005,4132087
1789153926,3,0,0.173,4132087
1789153926,4,0,0.471,4132087
1789153926,2,0,0.003,4132087
1789153926,6,0,0.023,4132087
1789153926,6,0,0.004,4132087
1789153927,5,0,0.717,4132087
1789153928,2,0,0.971,4132087
1789153928,5,0,0.476,4132087
1789153929,4,0,0.863,4132087
1789153933,5,0,4.043,4132087
1789153933,0,0,0.003,4132087
1789153933,1,0,0.001,4132087
1789153933,6,0,0.006,4132087
1789153933,3,0,0.022,4132087
1789153933,3,0,0.008,4132087
1789153933,6,0,0.005,4132087
1789153933,0,0,0.007,4132087
1789153933,3,0,0.011,4132087
1789153933,6,0,0.007,4132087
1789153933,5,0,0.273,4132087
1789153934,4,0,0.699,4132087
1789153934,0,0,0.057,4132087
1789153935,4,0,0.373,4132087
1789153935,3,0,0.004,4132087
1789153935,4,0,0.425,4132087
1789153935,0,0,0.011,4132087
1789153935,0,0,0.004,4132087
1789153936,5,0,0.751,4132087
1789153936,4,0,0.586,4132087
1789153937,2,0,0.731,4132087
1789153937,3,0,0.07,4132087
1789153937,3,0,0.009,4132087
1789153938,4,0,0.455,4132087
1789153938,4,0,0.39,4132087
1789153938,1,0,0.002,4132087
1789153938,5,0,0.321,4132087
1789153938,0,0,0.004,4132087
1789153938,6,0,0.004,4132087
1789153938,3,0,0.106,4132087
1789153939,4,0,0.203,4132087
1789153939,0,0,0.004,4132087
1789153939,6,0,0.004,4132087
1789153939,3,0,0.035,4132087
1789153939,4,0,0.27,4132087
1789153940,2,0,0.708,4132087
1789153940,2,0,0.33,4132087
1789153940,3,0,0.006,4132087
1789153941,4,0,0.815,4132087
1789153941,5,0,0.543,4132087
1789153941,2,0,0.001,4132087
1789153941,3,0,0.06,4132087
1789153941,6,0,0.006,4132087
1789153941,3,0,0.053,4132087
1789153942,5,0,0.509,4132087
1789153942,4,0,0.247,4132087
1789153943,2,0,0.393,4132087
1789153943,4,0,0.286,4132087
1789153943,2,0,0.269,4132087
1789153944,4,0,0.84,4132087
1789153944,3,0,0.003,4132087
1789153945,4,0,0.889,4132087
1789153945,5,0,0.14,4132087
1789153946,5,0,0.579,4132087
1789153946,0,0,0.007,4132087
1789153946,2,0,0.002,4132087
1789153946,3,0,0.005,4132087
1789153947,4,0,1.24,4132087
1789153947,4,0,0.427,4132087
1789153947,0,0,0.004,4132087
1789153947,3,0,0.066,4132087
1789153947,3,0,0.01,4132087
1789153948,2,0,0.213,4132087
1789153952,5,0,4.651,4132087
1789153952,6,0,0.01,4132087
1789153952,3,0,0.006,4132087
1789153952,3,0,0.098,4132087
1789153953,2,0,0.323,4132087
1789153954,4,0,1.636,4132087
1789153954,1,0,0.003,4132087
1789153954,3,0,0.139,4132087
1789153955,4,0,0.65,4132087
1789153956,4,0,1.032,4132087
1789153956,1,0,0.001,4132087
1789153956,4,0,0.302,4132087
1789153956,2,0,0.003,4132087
1789153956,3,0,0.01,4132087
1789153957,3,0,0.072,4132087
1789153957,3,0,0.072,4132087
1789153957,0,0,0.004,4132087
1789153957,0,0,0.002,4132087
1789153957,0,0,0.004,4132087
1789153957,5,0,0.258,4132087
1789153957,5,0,0.15,4132087
1789153957,3,0,0.137,4132087
1789153957,0,0,0.004,4132087
1789153957,0,0,0.004,4132087
1789153957,0,0,0.004,4132087
1789153957,1,0,0.001,4132087
1789153957,6,0,0.008,4132087
1789153958,2,0,0.74,4132087
1789153958,5,0,0.208,4132087
1789153959,4,0,0.446,4132087
1789153959,2,0,0.003,4132087
1789153959,1,0,0.001,4132087
1789153959,1,0,0.002,4132087
1789153959,2,0,0.399,4132087
1789153959,4,0,0.28,4132087
1789153960,5,0,0.569,4132087
1789153960,4,0,0.26,4132087
1789153960,6,0,0.005,4132087
1789153964,5,0,3.544,4132087
1789153964,2,0,0.001,4132087
1789153964,4,0,0.576,4132087
1789153964,0,0,0.003,4132087
1789153966,4,0,1.926,4132087
1789153967,5,0,0.634,4132087
1789153967,3,0,0.011,4132087
1789153968,2,0,0.737,4132087
1789153968,3,0,0.062,4132087
1789153968,3,0,0.005,4132087
1789153968,0,0,0.004,4132087
1789153968,2,0,0.002,4132087
1789153968,6,0,0.006,4132087
1789153968,0,0,0.011,4132087
1789153968,4,0,0.255,4132087
1789153969,4,0,0.769,4132087
1789153970,4,0,1.146,4132087
1789153970,0,0,0.011,4132087
1789153970,4,0,0.223,4132087
1789153970,0,0,0.006,4132087
1789153970,2,0,0.003,4132087
1789153970,3,0,0.013,4132087
1789153970,0,0,0.006,4132087
1789153970,1,0,0.001,4132087
1789153970,3,0,0.006,4132087
1789153970,6,0,0.007,4132087
1789153970,0,0,0.004,4132087
1789153970,0,0,0.008,4132087
1789153970,3,0,0.007,4132087
1789153970,1,0,0.002,4132087
1789153971,4,0,0.466,4132087
1789153971,2,0,0.002,4132087
1789153971,6,0,0.008,4132087
1789153971,3,0,0.075,4132087
1789153975,5,0,3.977,4132087
1789153975,6,0,0.005,4132087
1789153975,3,0,0.04,4132087
1789153975,4,0,0.378,4132087
1789153975,3,0,0.075,4132087
1789153975,0,0,0.02,4132087
1789153976,4,0,0.619,4132087
1789153980,5,0,3.774,4132087
1789153980,1,0,0.001,4132087
1789153980,3,0,0.113,4132087
1789153981,7,0,0.991,4132087
1789153981,3,0,0.229,4132087
1789153981,0,0,0.008,4132087
1789153981,7,0,0.189,4132087
1789153981,2,0,0.002,4132087
1789153982,7,0,0.544,4132087
1789153982,0,0,0.006,4132087
1789153982,5,0,0.818,4132087
1789153982,3,0,0.067,4132087
1789153983,6,0,0.022,4132087
1789153983,3,0,0.011,4132087
1789153983,2,0,0.006,4132087
1789153985,7,0,2.089,4132087
1789153985,0,0,0.006,4132087
1789153985,0,0,0.013,4132087
1789153985,6,0,0.007,4132087
1789153985,5,0,0.189,4132087
1789153987,4,0,1.704,4132087
1789153988,4,0,1.236,4132087
1789153988,6,0,0.012,4132087
1789153988,2,0,0.003,4132087
1789153988,0,0,0.008,4132087
1789153988,4,0,0.551,4132087
1789153988,3,0,0.037,4132087
1789153988,0,0,0.005,4132087
1789153988,0,0,0.007,4132087
1789153988,3,0,0.068,4132087
1789153988,3,0,0.014,4132087
1789153989,3,0,0.085,4132087
1789153989,2,0,0.001,4132087
1789153989,4,0,0.428,4132087
1789153990,2,0,0.611,4132087
1789153990,0,0,0.009,4132087
1789153990,0,0,0.003,4132087
1789153990,4,0,0.229,4132087
1789153990,4,0,0.336,4132087
1789153991,5,0,0.584,4132087
1789153991,2,0,0.602,4132087
1789153991,6,0,0.024,4132087
1789153991,0,0,0.009,4132087
1789153991,2,0,0.001,4132087
1789153991,2,0,0.001,4132087
1789153991,0,0,0.007,4132087
1789153991,6,0,0.005,4132087
1789153992,2,0,0.465,4132087
1789153992,0,0,0.007,4132087
1789153992,6,0,0.008,4132087
1789153992,4,0,0.537,4132087
1789153992,1,0,0.002,4132087
1789153997,5,0,4.867,4132087
1789153998,2,0,0.746,4132087
1789153999,5,0,0.637,4132087
1789153999,3,0,0.005,4132087
1789153999,3,0,0.049,4132087
1789153999,3,0,0.005,4132087
1789153999,4,0,0.299,4132087
1789153999,3,0,0.03,4132087
1789154003,5,0,3.547,4132087
1789154003,0,0,0.008,4132087
1789154003,2,0,0.491,4132087
1789154004,4,0,1.316,4132087
1789154004,6,0,0.005,4132087
1789154005,4,0,0.548,4132087
1789154005,5,0,0.106,4132087
1789154005,3,0,0.056,4132087
1789154005,6,0,0.003,4132087
1789154005,3,0,0.076,4132087
1789154006,2,0,0.387,4132087
1789154006,2,0,0.001,4132087
1789154006,3,0,0.038,4132087
1789154006,0,0,0.006,4132087
1789154006,3,0,0.008,4132087
1789154006,0,0,0.005,4132087
1789154006,4,0,0.681,4132087
1789154006,6,0,0.003,4132087
1789154006,3,0,0.112,4132087
1789154011,5,0,5.012,4132087
1789154011,3,0,0.005,4132087
1789154011,3,0,0.008,4132087
1789154012,6,0,0.005,4132087
1789154012,5,0,0.724,4132087
1789154012,6,0,0.007,4132087
1789154013,2,0,0.453,4132087
1789154013,2,0,0.423,4132087
1789154013,3,0,0.019,4132087
1789154013,3,0,0.025,4132087
1789154013,3,0,0.185,4132087
1789154014,4,0,0.407,4132087
1789154014,4,0,0.646,4132087
1789154014,6,0,0.007,4132087
1789154014,1,0,0.002,4132087
1789154014,3,0,0.006,4132087
1789154015,4,0,0.574,4132087
1789154015,3,0,0.069,4132087
1789154015,0,0,0.005,4132087
1789154016,4,0,0.452,4132087
1789154016,3,0,0.082,4132087
1789154016,2,0,0.478,4132087
1789154016,2,0,0.001,4132087
1789154017,4,0,0.583,4132087
1789154017,6,0,0.006,4132087
1789154017,3,0,0.076,4132087
1789154017,1,0,0.001,4132087
1789154017,6,0,0.007,4132087
1789154017,1,0,0.001,4132087
1789154017,2,0,0.002,4132087
1789154017,2,0,0.489,4132087
1789154017,5,0,0.119,4132087
1789154017,3,0,0.007,4132087
1789154017,1,0,0.001,4132087
1789154018,2,0,0.768,4132087
1789154019,4,0,0.633,4132087
1789154019,4,0,0.472,4132087
1789154020,2,0,0.451,4132087
1789154020,3,0,0.072,4132087
1789154020,4,0,0.313,4132087
1789154020,3,0,0.053,4132087
1789154020,0,0,0.009,4132087
1789154020,4,0,0.358,4132087
1789154021,3,0,0.036,4132087
1789154021,3,0,0.059,4132087
1789154021,2,0,0.899,4132087
1789154022,4,0,0.389,4132087
1789154023,4,0,0.85,4132087
1789154023,5,0,0.539,4132087
1789154023,0,0,0.006,4132087
1789154023,0,0,0.013,4132087
1789154024,4,0,1.08,4132087
1789154024,0,0,0.005,4132087
1789154024,0,0,0.003,4132087
1789154024,6,0,0.015,4132087
1789154027,7,0,2.902,4132087
1789154027,0,0,0.009,4132087
1789154027,2,0,0.003,4132087
1789154027,5,0,0.103,4132087
1789154027,3,0,0.006,4132087
1789154028,4,0,0.473,4132087
1789154028,4,0,0.285,4132087
1789154028,0,0,0.018,4132087
1789154028,3,0,0.036,4132087
1789154028,5,0,0.222,4132087
1789154033,7,0,4.411,4132087
1789154033,0,0,0.005,4132087
1789154033,3,0,0.056,4132087
1789154033,0,0,0.006,4132087
1789154033,3,0,0.004,4132087
1789154033,6,0,0.006,4132087
1789154034,4,0,1.141,4132087
1789154034,2,0,0.002,4132087
1789154034,3,0,0.03,4132087
1789154034,0,0,0.006,4132087
1789154034,1,0,0.001,4132087
1789154034,3,0,0.076,4132087
1789154034,4,0,0.242,4132087
1789154035,4,0,0.926,4132087
1789154036,4,0,0.659,4132087
1789154036,4,0,0.402,4132087
1789154036,0,0,0.006,4132087
1789154037,4,0,0.744,4132087
1789154037,0,0,0.003,4132087
1789154037,0,0,0.005,4132087
1789154038,2,0,0.935,4132087
1789154038,6,0,0.005,4132087
1789154038,6,0,0.004,4132087
1789154038,1,0,0.001,4132087
1789154038,3,0,0.079,4132087
1789154038,1,0,0.001,4132087
1789154038,0,0,0.005,4132087
1789154039,2,0,0.648,4132087
1789154039,2,0,0.53,4132087
1789154039,0,0,0.005,4132087
1789154039,0,0,0.007,4132087
1789154039,0,0,0.009,4132087
1789154039,1,0,0.001,4132087
1789154040,4,0,0.447,4132087
1789154040,2,0,0.002,4132087
1789154040,4,0,0.449,4132087
1789154040,6,0,0.01,4132087
1789154041,7,0,0.857,4132087
1789154041,3,0,0.173,4132087
1789154045,7,0,4.018,4132087
1789154045,6,0,0.005,4132087
1789154045,0,0,0.005,4132087
1789154045,1,0,0.002,4132087
1789154046,2,0,0.279,4132087
1789154046,5,0,0.524,4132087
1789154047,2,0,1.008,4132087
1789154047,3,0,0.125,4132087
1789154047,0,0,0.01,4132087
1789154048,4,0,0.261,4132087
1789154048,6,0,0.007,4132087
1789154048,6,0,0.006,4132087
1789154048,3,0,0.094,4132087
1789154048,3,0,0.005,4132087
1789154048,4,0,0.019,4132087
1789154053,5,0,4.849,4132087
1789154053,5,0,0.438,4132087
1789154054,4,0,1.227,4132087
1789154055,4,0,0.636,4132087
1789154055,1,0,0.001,4132087
1789154055,4,0,0.554,4132087
1789154055,0,0,0.015,4132087
1789154055,6,0,0.008,4132087
1789154056,3,0,0.1,4132087
1789154057,5,0,1.121,4132087
1789154057,1,0,0.001,4132087
1789154057,7,0,0.342,4132087
1789154057,2,0,0.002,4132087
1789154057,1,0,0.001,4132087
1789154057,0,0,0.013,4132087
1789154057,0,0,0.008,4132087
1789154060,5,0,2.749,4132087
1789154060,3,0,0.071,4132087
1789154060,4,0,0.577,4132087
1789154061,3,0,0.077,4132087
1789154061,6,0,0.007,4132087
1789154061,4,0,0.739,4132087
1789154061,3,0,0.034,4132087
1789154061,3,0,0.061,4132087
1789154061,3,0,0.052,4132087
1789154062,5,0,0.16,4132087
1789154062,4,0,0.511,4132087
1789154062,3,0,0.062,4132087
1789154062,0,0,0.009,4132087
1789154062,6,0,0.012,4132087
1789154063,4,0,0.66,4132087
1789154063,6,0,0.007,4132087
1789154063,4,0,0.282,4132087
1789154063,3,0,0.071,4132087
1789154063,6,0,0.006,4132087
1789154064,4,0,0.398,4132087
1789154064,3,0,0.003,4132087
1789154064,6,0,0.009,4132087
1789154064,5,0,0.159,4132087
1789154064,1,0,0.002,4132087
1789154064,0,0,0.004,4132087
1789154065,2,0,1.307,4132087
1789154065,2,0,0.001,4132087
1789154065,0,0,0.004,4132087
1789154065,0,0,0.006,4132087
1789154066,4,0,0.684,4132087
1789154066,3,0,0.087,4132087
1789154066,2,0,0.003,4132087
1789154066,1,0,0.001,4132087
1789154072,5,0,5.809,4132087
1789154072,6,0,0.01,4132087
1789154072,6,0,0.004,4132087
1789154072,3,0,0.099,4132087
1789154072,0,0,0.008,4132087
1789154072,6,0,0.008,4132087
1789154072,4,0,0.283,4132087
1789154072,3,0,0.047,4132087
1789154072,3,0,0.01,4132087
1789154072,3,0,0.045,4132087
1789154072,3,0,0.107,4132087
1789154072,2,0,0.004,4132087
1789154077,5,0,4.434,4132087
1789154077,4,0,0.587,4132087
1789154078,4,0,0.951,4132087
1789154078,3,0,0.002,4132087
1789154079,4,0,0.702,4132087
1789154079,3,0,0.008,4132087
1789154080,2,0,0.532,4132087
1789154081,2,0,1.232,4132087
1789154081,3,0,0.008,4132087
1789154081,5,0,0.148,4132087
1789154081,2,0,0.441,4132087
1789154082,2,0,1.054,4132087
1789154082,3,0,0.006,4132087
1789154083,5,0,0.774,4132087
1789154083,0,0,0.015,4132087
1789154083,3,0,0.064,4132087
1789154083,0,0,0.009,4132087
1789154083,6,0,0.005,4132087
1789154083,3,0,0.065,4132087
1789154083,5,0,0.107,4132087
1789154083,0,0,0.015,4132087
1789154083,6,0,0.005,4132087
1789154083,0,0,0.008,4132087
1789154084,2,0,0.359,4132087
1789154085,4,0,0.747,4132087
1789154085,4,0,0.657,4132087
1789154085,0,0,0.003,4132087
1789154086,2,0,0.914,4132087
1789154086,5,0,0.121,4132087
1789154086,6,0,0.008,4132087
1789154086,3,0,0.009,4132087
1789154087,4,0,0.909,4132087
1789154087,0,0,0.011,4132087
1789154087,3,0,0.009,4132087
1789154087,1,0,0.001,4132087
1789154087,0,0,0.006,4132087
1789154087,3,0,0.006,4132087
1789154087,6,0,0.01,4132087
1789154087,6,0,0.015,4132087
1789154088,4,0,0.357,4132087
1789154088,0,0,0.005,4132087
1789154088,3,0,0.064,4132087
1789154088,4,0,0.815,4132087
1789154089,5,0,0.185,4132087
1789154090,4,0,0.968,4132087
1789154090,0,0,0.013,4132087
1789154090,1,0,0.001,4132087
1789154090,4,0,0.659,4132087
1789154090,0,0,0.012,4132087
1789154091,4,0,0.211,4132087
1789154092,2,0,1.165,4132087
1789154093,4,0,0.919,4132087
1789154093,0,0,0.015,4132087
1789154093,2,0,0.005,4132087
1789154093,0,0,0.006,4132087
1789154093,5,0,0.71,4132087
1789154093,3,0,0.085,4132087
1789154094,4,0,0.548,4132087
1789154094,2,0,0.003,4132087
1789154094,2,0,0.492,4132087
1789154094,2,0,0.003,4132087
1789154094,1,0,0.002,4132087
1789154095,6,0,0.003,4132087
1789154095,0,0,0.032,4132087
1789154095,3,0,0.005,4132087
1789154095,2,0,0.002,4132087
1789154095,3,0,0.016,4132087
1789154096,4,0,1.199,4132087
1789154096,4,0,0.597,4132087
1789154097,4,0,0.374,4132087
1789154097,3,0,0.009,4132087
1789154097,3,0,0.094,4132087
1789154097,4,0,0.317,4132087
1789154097,2,0,0.007,4132087
1789154097,3,0,0.095,4132087
1789154098,4,0,0.456,4132087
1789154098,3,0,0.021,4132087
1789154098,2,0,0.001,4132087
1789154099,4,0,0.81,4132087
1789154099,5,0,0.165,4132087
1789154099,6,1,0.007,4132087
1789154099,0,0,0.008,4132087
1789154100,4,0,1.146,4132087
1789154100,3,0,0.063,4132087
1789154101,2,0,0.792,4132087
1789154101,6,0,0.007,4132087
1789154101,4,0,0.737,4132087
1789154101,3,0,0.007,4132087
1789154101,0,0,0.008,4132087
1789154102,3,0,0.1,4132087
1789154102,4,0,0.629,4132087
1789154102,1,0,0.002,4132087
1789154103,2,0,0.696,4132087
1789154103,3,0,0.045,4132087
1789154104,4,0,0.593,4132087
1789154104,0,0,0.012,4132087
1789154104,3,0,0.072,4132087
1789154105,4,0,0.915,4132087
1789154105,1,0,0.001,4132087
1789154108,5,0,3.105,4132087
1789154108,3,0,0.057,4132087
1789154108,7,0,0.295,4132087
1789154112,7,0,4.189,4132087
1789154113,2,0,1.2,4132087
1789154118,7,0,4.287,4132087
1789154118,2,0,0.001,4132087
1789154118,1,0,0.001,4132087
1789154120,7,0,2.712,4132087
1789154120,1,0,0.001,4132087
1789154121,4,0,0.451,4132087
1789154124,5,0,3.256,4132087
1789154124,6,0,0.006,4132087
1789154124,1,0,0.002,4132087
1789154124,2,0,0.001,4132087
1789154124,2,0,0.002,4132087
1789154124,6,0,0.011,4132087
1789154125,2,0,0.694,4132087
1789154125,0,0,0.005,4132087
1789154125,1,0,0.001,4132087
1789154125,7,0,0.259,4132087
1789154125,1,0,0.002,4132087
1789154125,6,0,0.034,4132087
1789154125,2,0,0.01,4132087
1789154125,2,0,0.01,4132087
1789154125,3,0,0.033,4132087
1789154126,5,0,0.655,4132087
1789154126,1,0,0.001,4132087
1789154126,6,0,0.006,4132087
1789154126,4,0,0.573,4132087
1789154126,0,0,0.007,4132087
1789154126,3,0,0.002,4132087
1789154126,0,0,0.008,4132087
1789154126,1,0,0.001,4132087
1789154130,5,0,3.57,4132087
1789154130,5,0,0.411,4132087
1789154131,4,0,0.706,4132087
1789154132,5,0,0.915,4132087
1789154132,1,0,0.001,4132087
1789154132,0,0,0.008,4132087
1789154132,2,0,0.352,4132087
1789154132,0,0,0.015,4132087
1789154132,2,0,0.001,4132087
1789154132,3,0,0.006,4132087
1789154133,4,0,0.395,4132087
1789154133,3,0,0.001,4132087
1789154134,2,0,0.799,4132087
1789154135,2,0,1.081,4132087
1789154135,6,0,0.02,4132087
1789154136,4,0,0.847,4132087
1789154136,1,0,0.001,4132087
1789154136,2,0,0.415,4132087
1789154138,2,0,1.623,4132087
1789154138,4,0,0.671,4132087
1789154139,2,0,0.389,4132087
1789154139,4,0,0.479,4132087
1789154140,2,0,0.471,4132087
1789154140,4,0,0.72,4132087
1789154140,6,0,0.007,4132087
1789154140,1,0,0.001,4132087
1789154141,4,0,0.729,4132087
1789154141,2,0,0.004,4132087
1789154145,5,0,4.025,4132087
1789154146,4,0,0.539,4132087
1789154146,0,0,0.009,4132087
1789154146,6,0,0.003,4132087
1789154146,4,0,0.411,4132087
1789154147,4,0,0.48,4132087
1789154147,2,0,0.47,4132087
1789154147,2,0,0.004,4132087
1789154147,3,0,0.034,4132087
1789154147,6,0,0.005,4132087
1789154147,6,0,0.006,4132087
1789154147,4,0,0.329,4132087
1789154148,4,0,0.999,4132087
1789154148,6,0,0.007,4132087
1789154148,0,0,0.008,4132087
1789154148,6,0,0.005,4132087
1789154152,7,0,3.652,4132087
1789154152,0,0,0.006,4132087
1789154152,4,0,0.348,4132087
1789154152,3,0,0.004,4132087
1789154152,1,0,0.001,4132087
1789154153,5,0,0.122,4132087
1789154153,0,0,0.007,4132087
1789154153,0,0,0.006,4132087
1789154153,4,0,0.489,4132087
1789154154,5,0,0.761,4132087
1789154154,3,0,0.075,4132087
1789154154,1,0,0.001,4132087
1789154155,4,0,0.71,4132087
1789154155,2,0,0.714,4132087
1789154156,2,0,1.034,4132087
1789154158,5,0,1.193,4132087
1789154158,6,0,0.016,4132087
1789154158,3,0,0.003,4132087
1789154158,4,0,0.482,4132087
1789154159,4,0,0.64,4132087
1789154159,6,0,0.013,4132087
1789154159,4,0,0.282,4132087
1789154159,4,0,0.359,4132087
1789154164,5,0,4.497,4132087
1789154164,2,0,0.002,4132087
1789154164,1,0,0.001,4132087
1789154165,4,0,0.778,4132087
1789154165,4,0,0.536,4132087
1789154166,4,0,0.415,4132087
1789154166,2,0,0.001,4132087
1789154166,3,0,0.018,4132087
1789154166,4,0,0.649,4132087
1789154168,4,0,1.53,4132087
1789154168,2,0,0.001,4132087
1789154168,3,0,0.017,4132087
1789154168,6,0,0.009,4132087
1789154168,3,0,0.01,4132087
1789154168,4,0,0.486,4132087
1789154168,3,0,0.175,4132087
1789154169,4,0,0.656,4132087
1789154169,3,0,0.035,4132087
1789154169,4,0,0.34,4132087
1789154171,4,0,1.409,4132087
1789154171,4,0,0.362,4132087
1789154172,4,0,0.358,4132087
1789154172,1,0,0.001,4132087
1789154172,4,0,0.659,4132087
1789154173,5,0,0.505,4132087
1789154173,3,0,0.135,4132087
1789154173,5,0,0.413,4132087
1789154173,2,0,0.002,4132087
1789154173,6,0,0.006,4132087
1789154173,5,0,0.109,4132087
1789154173,3,0,0.043,4132087
1789154173,0,0,0.009,4132087
1789154175,4,0,1.465,4132087
1789154175,2,0,0.002,4132087
1789154175,6,0,0.004,4132087
1789154175,0,0,0.015,4132087
1789154175,6,0,0.007,4132087
1789154175,3,0,0.064,4132087
1789154175,0,0,0.013,4132087
1789154175,3,0,0.116,4132087
1789154176,2,0,0.576,4132087
1789154176,4,0,0.396,4132087
1789154176,2,0,0.003,4132087
1789154177,4,0,0.891,4132087
1789154177,3,0,0.122,4132087
1789154177,6,1,0.006,4132087
1789154178,4,0,1.139,4132087
1789154178,6,0,0.004,4132087
1789154179,4,0,0.415,4132087
1789154179,4,0,0.24,4132087
1789154179,5,0,0.119,4132087
1789154180,5,0,0.869,4132087
1789154180,2,0,0.001,4132087
1789154180,6,0,0.006,4132087
1789154180,3,0,0.077,4132087
1789154180,0,0,0.015,4132087
1789154180,6,0,0.01,4132087
1789154180,3,0,0.01,4132087
1789154180,1,0,0.001,4132087
1789154180,3,0,0.004,4132087
1789154180,0,0,0.005,4132087
1789154181,2,0,0.545,4132087
1789154182,2,0,1.296,4132087
1789154182,3,0,0.031,4132087
1789154182,3,0,0.004,4132087
1789154182,5,0,0.102,4132087
1789154186,5,0,4.013,4132087
1789154186,6,0,0.007,4132087
1789154186,6,0,0.005,4132087
1789154187,2,0,0.863,4132087
1789154187,4,0,0.423,4132087
1789154189,4,0,1.153,4132087
1789154189,3,0,0.06,4132087
1789154189,2,0,0.001,4132087
1789154189,4,0,0.447,4132087
1789154189,3,0,0.055,4132087
1789154189,2,0,0.35,4132087
1789154189,6,0,0.015,4132087
1789154189,0,0,0.005,4132087
1789154190,5,0,1.014,4132087
1789154191,2,0,0.513,4132087
1789154191,2,0,0.003,4132087
1789154193,2,0,1.653,4132087
1789154193,6,0,0.008,4132087
1789154193,0,0,0.003,4132087
1789154193,4,0,0.226,4132087
1789154193,4,0,0.533,4132087
1789154193,6,0,0.008,4132087
1789154194,3,0,0.128,4132087
1789154194,5,0,0.557,4132087
1789154194,2,0,0.279,4132087
1789154194,3,0,0.002,4132087
1789154194,0,0,0.041,4132087
1789154198,5,0,3.419,4132087
1789154198,2,0,0.001,4132087
1789154198,4,0,0.366,4132087
1789154198,3,0,0.015,4132087
1789154198,3,0,0.064,4132087
1789154203,7,0,4.542,4132087
1789154203,0,0,0.009,4132087
1789154203,1,0,0.003,4132087
1789154203,4,0,0.562,4132087
1789154204,4,0,0.634,4132087
1789154204,6,0,0.006,4132087
1789154205,2,0,0.591,4132087
1789154205,3,0,0.104,4132087
1789154205,0,0,0.006,4132087
1789154205,2,0,0.001,4132087
1789154206,4,0,1.16,4132087
1789154206,3,0,0.008,4132087
1789154207,2,0,0.762,4132087
1789154208,4,0,1.602,4132087
1789154208,0,0,0.007,4132087
1789154208,3,0,0.101,4132087
1789154208,6,0,0.005,4132087
1789154208,6,0,0.006,4132087
1789154208,0,0,0.009,4132087
1789154208,0,0,0.011,4132087
1789154208,3,0,0.01,4132087
1789154208,3,0,0.003,4132087
1789154209,4,0,0.315,4132087
1789154209,1,0,0.001,4132087
1789154209,4,0,0.263,4132087
1789154209,3,0,0.088,4132087
1789154209,1,0,0.001,4132087
1789154211,5,0,2.314,4132087
1789154211,6,0,0.014,4132087
1789154212,5,0,1.012,4132087
1789154212,0,0,0.009,4132087
1789154212,6,0,0.006,4132087
1789154212,2,0,0.002,4132087
1789154212,3,0,0.012,4132087
1789154213,4,0,0.292,4132087
1789154216,7,0,3.085,4132087
1789154216,3,0,0.097,4132087
1789154217,2,0,0.947,4132087
1789154217,4,0,0.576,4132087
1789154219,2,0,1.161,4132087
1789154219,1,0,0.001,4132087
1789154219,2,0,0.296,4132087
1789154219,3,0,0.023,4132087
1789154219,6,0,0.006,4132087
1789154219,0,0,0.006,4132087
1789154219,6,0,0.005,4132087
1789154225,5,0,5.538,4132087
1789154225,2,0,0.002,4132087
1789154225,3,0,0.037,4132087
1789154225,2,0,0.726,4132087
1789154230,5,0,4.534,4132087
1789154230,0,0,0.011,4132087
1789154230,2,0,0.002,4132087
1789154230,0,0,0.002,4132087
1789154230,2,0,0.002,4132087
1789154231,4,0,1.111,4132087
1789154232,4,0,1.022,4132087
1789154232,0,0,0.005,4132087
1789154233,4,0,0.528,4132087
1789154233,4,0,0.674,4132087
1789154233,0,0,0.002,4132087
1789154233,0,0,0.006,4132087
1789154237,5,0,3.896,4132087
1789154238,2,0,0.589,4132087
1789154238,1,0,0.001,4132087
1789154238,3,0,0.004,4132087
1789154238,4,0,0.183,4132087
1789154238,0,0,0.009,4132087
1789154238,3,0,0.029,4132087
1789154238,7,0,0.332,4132087
1789154239,2,0,0.305,4132087
1789154239,2,0,0.361,4132087
1789154239,5,0,0.105,4132087
1789154239,4,0,0.399,4132087
1789154240,4,0,0.558,4132087
1789154242,4,0,1.633,4132087
1789154242,6,0,0.003,4132087
1789154242,0,0,0.004,4132087
1789154242,2,0,0.001,4132087
1789154245,5,0,3.856,4132087
1789154247,5,0,1.819,4132087
1789154248,4,0,0.388,4132087
1789154248,4,0,0.465,4132087
1789154248,1,0,0.003,4132087
1789154248,0,0,0.003,4132087
1789154248,3,0,0.005,4132087
1789154248,1,0,0.001,4132087
1789154248,4,0,0.22,4132087
1789154248,2,0,0.006,4132087
1789154249,4,0,0.446,4132087
1789154249,6,0,0.004,4132087
1789154249,6,0,0.006,4132087
1789154249,3,0,0.036,4132087
1789154249,6,0,0.007,4132087
1789154249,1,0,0.001,4132087
1789154249,3,0,0.006,4132087
1789154249,4,0,0.534,4132087
1789154249,6,0,0.009,4132087
1789154250,4,0,0.751,4132087
1789154250,3,0,0.115,4132087
1789154250,3,0,0.043,4132087
1789154250,6,0,0.005,4132087
1789154250,0,0,0.009,4132087
1789154250,3,0,0.038,4132087
1789154250,1,0,0.001,4132087
1789154251,7,0,0.342,4132087
1789154251,4,0,0.693,4132087
1789154252,4,0,0.41,4132087
1789154252,5,0,0.106,4132087
1789154252,0,0,0.004,4132087
1789154252,2,0,0.52,4132087
1789154252,1,0,0.001,4132087
1789154253,5,0,0.185,4132087
1789154253,4,0,0.338,4132087
1789154253,3,0,0.066,4132087
1789154254,4,0,0.532,4132087
1789154254,3,0,0.075,4132087
1789154254,2,0,0.001,4132087
1789154254,0,0,0.004,4132087
1789154254,3,0,0.003,4132087
1789154254,3,0,0.047,4132087
1789154254,6,0,0.008,4132087
1789154254,4,0,0.379,4132087
1789154255,4,0,0.657,4132087
1789154255,0,0,0.004,4132087
1789154255,4,0,0.254,4132087
1789154255,2,0,0.213,4132087
1789154255,6,0,0.005,4132087
1789154255,0,0,0.004,4132087
1789154255,3,0,0.002,4132087
1789154255,5,0,0.099,4132087
1789154255,2,0,0.004,4132087
1789154255,0,0,0.003,4132087
1789154256,4,0,0.732,4132087
1789154256,0,0,0.008,4132087
1789154256,0,0,0.004,4132087
1789154256,1,0,0.001,4132087
1789154257,4,0,0.513,4132087
1789154257,6,0,0.008,4132087
1789154257,1,0,0.001,4132087
1789154257,4,0,0.297,4132087
1789154257,3,0,0.13,4132087
1789154257,4,0,0.342,4132087
1789154257,3,0,0.009,4132087
1789154258,2,0,0.955,4132087
1789154259,2,0,0.8,4132087
1789154259,1,0,0.001,4132087
1789154259,3,0,0.12,4132087
1789154260,2,0,0.782,4132087
1789154265,5,0,4.494,4132087
1789154266,4,0,1.496,4132087
1789154266,0,0,0.014,4132087
1789154266,3,0,0.036,4132087
1789154266,6,0,0.006,4132087
1789154266,3,0,0.059,4132087
1789154266,3,0,0.083,4132087
1789154266,0,0,0.022,4132087
1789154266,3,0,0.012,4132087
1789154266,2,0,0.221,4132087
1789154267,4,0,0.419,4132087
1789154267,1,0,0.002,4132087
1789154267,4,0,0.431,4132087
1789154267,3,0,0.081,4132087
1789154268,5,0,0.669,4132087
1789154268,2,0,0.001,4132087
1789154268,4,0,0.293,4132087
1789154269,2,0,0.438,4132087
1789154269,2,0,0.003,4132087
1789154269,3,0,0.055,4132087
1789154269,6,0,0.008,4132087
1789154269,6,0,0.006,4132087
1789154270,4,0,1.488,4132087
1789154271,4,0,0.444,4132087
1789154271,3,0,0.009,4132087
1789154271,3,0,0.082,4132087
1789154271,3,0,0.003,4132087
1789154271,3,0,0.006,4132087
1789154272,4,0,0.631,4132087
1789154272,6,0,0.006,4132087
1789154272,2,0,0.003,4132087
1789154272,4,0,0.875,4132087
1789154273,2,0,0.516,4132087
1789154273,1,0,0.001,4132087
1789154273,3,0,0.008,4132087
1789154275,7,0,1.69,4132087
1789154275,7,0,0.332,4132087
1789154275,6,0,0.016,4132087
1789154275,2,0,0.003,4132087
1789154275,0,0,0.014,4132087
1789154275,3,0,0.044,4132087
1789154275,0,0,0.007,4132087
1789154278,5,0,3.025,4132087
1789154278,3,0,0.01,4132087
1789154278,4,0,0.279,4132087
1789154279,4,0,0.42,4132087
1789154279,0,0,0.019,4132087
1789154279,4,0,0.477,4132087
1789154280,4,0,0.308,4132087
1789154280,3,0,0.06,4132087
1789154280,2,0,0.003,4132087
1789154280,4,0,0.555,4132087
1789154280,0,0,0.026,4132087
1789154281,4,0,0.736,4132087
1789154282,4,0,1.211,4132087
1789154286,5,0,3.714,4132087
1789154286,3,0,0.012,4132087
1789154286,5,0,0.111,4132087
1789154286,5,0,0.173,4132087
1789154286,6,0,0.03,4132087
1789154286,3,0,0.073,4132087
1789154286,3,0,0.055,4132087
1789154286,1,0,0.001,4132087
1789154290,5,0,3.851,4132087
1789154290,3,0,0.002,4132087
1789154290,3,0,0.02,4132087
1789154291,4,0,0.382,4132087
1789154291,7,0,0.291,4132087
1789154291,0,0,0.009,4132087
1789154291,6,0,0.004,4132087
1789154291,5,0,0.102,4132087
1789154291,4,0,0.371,4132087
1789154291,1,0,0.001,4132087
1789154291,0,0,0.013,4132087
1789154291,3,0,0.004,4132087
1789154291,6,0,0.009,4132087
1789154292,4,0,0.428,4132087
1789154292,6,0,0.007,4132087
1789154295,7,0,3.549,4132087
1789154296,4,0,0.848,4132087
1789154296,6,0,0.004,4132087
1789154296,1,0,0,4132087
1789154297,5,0,0.25,4132087
1789154297,4,0,0.265,4132087
1789154297,3,0,0.008,4132087
1789154297,4,0,0.383,4132087
1789154297,2,0,0,4132087
1789154298,4,0,0.378,4132087
1789154298,0,0,0.006,4132087
1789154298,4,0,0.818,4132087
1789154298,3,0,0.071,4132087
1789154298,1,0,0.001,4132087
1789154298,3,0,0.036,4132087
1789154299,4,0,0.57,4132087
1789154300,5,0,0.721,4132087
1789154300,5,0,0.104,4132087
1789154301,2,0,0.8,4132087
1789154304,5,0,3.593,4132087
1789154304,3,0,0.026,4132087
1789154304,5,0,0.155,4132087
1789154304,0,0,0.007,4132087
1789154304,3,0,0.031,4132087
1789154304,2,0,0.002,4132087
1789154305,3,0,0.037,4132087
1789154305,6,0,0.004,4132087
1789154305,3,0,0.055,4132087
1789154305,2,0,0.445,4132087
1789154305,5,0,0.165,4132087
1789154305,2,0,0.001,4132087
1789154305,3,0,0.063,4132087
1789154305,6,0,0.009,4132087
1789154305,0,0,0.013,4132087
1789154305,0,0,0.03,4132087
1789154305,0,0,0.005,4132087
1789154305,1,0,0.002,4132087
1789154306,5,0,0.649,4132087
1789154311,5,0,5.465,4132087
1789154311,1,0,0.001,4132087
1789154312,2,0,0.912,4132087
1789154313,4,0,0.995,4132087
1789154313,2,0,0.002,4132087
1789154313,6,0,0.003,4132087
1789154313,3,0,0.097,4132087
1789154313,2,0,0.002,4132087
1789154314,4,0,0.205,4132087
1789154314,4,0,0.388,4132087
1789154314,6,0,0.005,4132087
1789154314,3,0,0.037,4132087
1789154315,4,0,0.534,4132087
1789154315,3,0,0.076,4132087
1789154315,3,0,0.004,4132087
1789154315,3,0,0.007,4132087
1789154315,4,0,0.455,4132087
1789154315,3,0,0.079,4132087
1789154316,4,0,0.351,4132087
1789154316,3,0,0.12,4132087
1789154316,3,0,0.163,4132087
1789154316,3,0,0.021,4132087
1789154316,2,0,0.002,4132087
1789154316,3,0,0.038,4132087
1789154316,2,0,0.002,4132087
1789154316,0,0,0.005,4132087
1789154316,3,0,0.082,4132087
1789154317,4,0,1.051,4132087
1789154318,4,0,0.525,4132087
1789154318,0,0,0.014,4132087
1789154318,3,0,0.062,4132087
1789154318,3,0,0.004,4132087
1789154318,2,0,0.003,4132087
1789154318,4,0,0.616,4132087
1789154318,6,0,0.006,4132087
1789154318,2,0,0.002,4132087
1789154319,4,0,0.412,4132087
1789154319,3,0,0.05,4132087
1789154319,0,0,0.006,4132087
1789154319,6,0,0.007,4132087
1789154323,5,0,4.638,4132087
1789154323,3,0,0.05,4132087
1789154323,6,0,0.005,4132087
1789154323,3,0,0.005,4132087
1789154323,0,0,0.009,4132087
1789154323,2,0,0.004,4132087
1789154324,0,0,0.011,4132087
1789154324,2,0,0.192,4132087
1789154324,2,0,0.003,4132087
1789154324,1,0,0.001,4132087
1789154325,7,0,0.938,4132087
1789154325,4,0,0.619,4132087
1789154325,3,0,0.016,4132087
1789154325,3,0,0.093,4132087
1789154326,4,0,0.448,4132087
1789154326,4,0,0.231,4132087
1789154326,0,0,0.008,4132087
1789154326,5,0,0.21,4132087
1789154327,4,0,0.48,4132087
1789154327,6,0,0.006,4132087
1789154327,4,0,0.496,4132087
1789154327,2,0,0.006,4132087
1789154331,5,0,3.545,4132087
1789154331,0,0,0.008,4132087
1789154331,2,0,0.001,4132087
1789154331,3,0,0.082,4132087
1789154331,0,0,0.01,4132087
1789154331,0,0,0.012,4132087
1789154331,6,0,0.014,4132087
1789154331,0,0,0.009,4132087
1789154331,0,0,0.013,4132087
1789154331,4,0,0.381,4132087
1789154332,4,0,0.532,4132087
1789154332,1,0,0.001,4132087
1789154332,2,0,0.001,4132087
1789154332,0,0,0.003,4132087
1789154332,4,0,0.45,4132087
1789154332,1,0,0.001,4132087
1789154333,2,0,0.345,4132087
1789154333,1,0,0.001,4132087
1789154333,0,0,0.003,4132087
1789154333,2,0,0.003,4132087
1789154333,4,0,0.538,4132087
1789154333,0,0,0.009,4132087
1789154333,0,0,0.009,4132087
1789154333,0,0,0.011,4132087
1789154333,1,0,0.001,4132087
1789154334,4,0,0.779,4132087
1789154339,5,0,5.446,4132087
1789154339,2,0,0.001,4132087
1789154340,3,0,0.086,4132087
1789154341,4,0,1.55,4132087
1789154343,2,0,1.969,4132087
1789154344,2,0,0.697,4132087
1789154344,3,0,0.092,4132087
1789154345,4,0,1.523,4132087
1789154346,3,0,0.116,4132087
1789154346,6,0,0.011,4132087
1789154346,0,0,0.004,4132087
1789154346,1,0,0.001,4132087
1789154346,0,0,0.013,4132087
1789154346,2,0,0,4132087
1789154346,3,0,0.003,4132087
1789154346,2,0,0.69,4132087
1789154346,6,0,0.005,4132087
1789154346,3,0,0.048,4132087
1789154347,4,0,0.593,4132087
1789154347,0,0,0.003,4132087
1789154347,0,0,0.005,4132087
1789154347,3,0,0.057,4132087
1789154347,1,0,0.002,4132087
1789154347,4,0,0.53,4132087
1789154347,3,0,0.004,4132087
1789154347,6,0,0.009,4132087
1789154347,2,0,0.001,4132087
1789154347,0,0,0.004,4132087
1789154352,5,0,4.253,4132087
1789154352,0,0,0.008,4132087
1789154352,6,0,0.005,4132087
1789154352,4,0,0.45,4132087
1789154355,5,0,2.786,4132087
1789154355,3,0,0.056,4132087
1789154355,3,0,0.042,4132087
1789154356,4,0,0.529,4132087
1789154357,5,0,1.197,4132087
1789154358,4,0,1.225,4132087
1789154359,4,0,0.47,4132087
1789154363,5,0,4.115,4132087
1789154363,0,0,0.005,4132087
1789154363,2,0,0.743,4132087
1789154363,1,0,0.002,4132087
1789154364,4,0,0.385,4132087
1789154364,2,0,0.001,4132087
1789154364,4,0,0.517,4132087
1789154364,0,0,0.008,4132087
1789154364,6,0,0.009,4132087
1789154364,3,0,0.003,4132087
1789154365,5,0,1.014,4132087
1789154365,5,0,0.145,4132087
1789154366,3,0,0.053,4132087
1789154366,0,0,0.005,4132087
1789154366,2,0,0.72,4132087
1789154366,0,0,0.004,4132087
1789154368,4,0,2.017,4132087
1789154368,0,0,0.015,4132087
1789154369,4,0,0.662,4132087
1789154369,6,0,0.006,4132087
1789154369,3,0,0.074,4132087
1789154370,4,0,0.991,4132087
1789154370,0,0,0.002,4132087
1789154370,2,0,0.002,4132087
1789154370,2,0,0.003,4132087
1789154370,4,0,0.28,4132087
1789154371,4,0,0.503,4132087
1789154374,5,0,3.231,4132087
1789154375,4,0,0.471,4132087
1789154375,4,0,0.656,4132087
1789154375,0,0,0.014,4132087
1789154375,3,0,0.164,4132087
1789154375,0,0,0.01,4132087
1789154375,3,0,0.045,4132087
1789154375,6,0,0.007,4132087
1789154375,3,0,0.069,4132087
1789154375,2,0,0.002,4132087
1789154375,2,0,0.002,4132087
1789154376,3,0,0.047,4132087
1789154376,0,0,0.002,4132087
1789154377,2,0,1.239,4132087
1789154377,2,0,0.008,4132087
1789154377,3,0,0.05,4132087
1789154377,6,0,0.008,4132087
1789154377,6,0,0.007,4132087
1789154377,2,0,0.003,4132087
1789154377,6,0,0.008,4132087
1789154377,1,0,0.001,4132087
1789154377,4,0,0.556,4132087
1789154378,2,0,0.507,4132087
1789154378,1,0,0.001,4132087
1789154379,4,0,0.933,4132087
1789154379,6,0,0.01,4132087
1789154379,4,0,0.494,4132087
1789154379,3,0,0.087,4132087
1789154384,5,0,4.744,4132087
1789154384,3,0,0.067,4132087
1789154385,4,0,0.786,4132087
1789154385,3,0,0.077,4132087
1789154385,6,0,0.009,4132087
1789154386,4,0,0.43,4132087
1789154386,4,0,0.887,4132087
1789154386,0,0,0.005,4132087
1789154386,0,0,0.005,4132087
1789154386,0,0,0.007,4132087
1789154386,1,0,0.001,4132087
1789154387,4,0,0.336,4132087
1789154387,4,0,0.275,4132087
1789154387,3,0,0.009,4132087
1789154387,2,0,0.002,4132087
1789154387,6,0,0.007,4132087
1789154387,0,0,0.01,4132087
1789154387,2,0,0.001,4132087
1789154387,4,0,0.246,4132087
1789154387,2,0,0.002,4132087
1789154387,0,0,0.005,4132087
1789154387,1,0,0.001,4132087
1789154388,2,0,0.772,4132087
1789154388,0,0,0.025,4132087
1789154388,3,0,0.167,4132087
1789154389,4,0,0.978,4132087
1789154389,0,0,0.009,4132087
1789154394,5,0,4.777,4132087
1789154395,2,0,0.552,4132087
1789154395,5,0,0.594,4132087
1789154396,4,0,0.652,4132087
1789154400,7,0,3.873,4132087
1789154400,2,0,0.002,4132087
1789154400,3,0,0.002,4132087
1789154404,7,0,4.102,4132087
1789154404,4,0,0.591,4132087
1789154404,3,0,0.008,4132087
1789154404,2,0,0.001,4132087
1789154404,0,0,0.005,4132087
1789154405,4,0,0.322,4132087
1789154405,3,0,0.069,4132087
1789154405,0,0,0.004,4132087
1789154405,6,0,0.006,4132087
1789154405,5,0,0.182,4132087
1789154405,3,0,0.013,4132087
1789154410,7,0,4.657,4132087
1789154410,0,0,0.009,4132087
1789154410,2,0,0.002,4132087
1789154410,1,0,0.001,4132087
1789154410,0,0,0.005,4132087
1789154410,3,0,0.114,4132087
1789154410,0,0,0.01,4132087
1789154410,5,0,0.569,4132087
1789154410,0,0,0.03,4132087
1789154411,7,0,0.466,4132087
1789154411,0,0,0.005,4132087
1789154411,0,0,0.003,4132087
1789154411,6,0,0.004,4132087
1789154411,0,0,0.014,4132087
1789154414,5,0,3.297,4132087
1789154415,4,0,0.564,4132087
1789154415,3,0,0.086,4132087
1789154415,0,0,0.016,4132087
1789154417,5,0,1.965,4132087
1789154417,0,0,0.008,4132087
1789154417,2,0,0.351,4132087
1789154417,5,0,0.129,4132087
1789154417,3,0,0.013,4132087
1789154417,3,0,0.044,4132087
1789154417,6,0,0.006,4132087
1789154418,2,0,0.549,4132087
1789154418,4,0,0.275,4132087
1789154418,4,0,0.24,4132087
1789154419,7,0,0.183,4132087
1789154419,6,0,0.004,4132087
1789154419,4,0,0.626,4132087
1789154419,3,0,0.006,4132087
1789154419,1,0,0.001,4132087
1789154419,3,0,0.008,4132087
1789154420,4,0,0.448,4132087
1789154420,0,0,0.007,4132087
1789154420,0,0,0.012,4132087
1789154420,3,0,0.019,4132087
1789154420,0,0,0.006,4132087
1789154420,0,0,0.011,4132087
1789154420,6,0,0.007,4132087
1789154420,4,0,0.335,4132087
1789154420,3,0,0.009,4132087
1789154420,5,0,0.093,4132087
1789154420,3,0,0.041,4132087
1789154420,6,0,0.006,4132087
1789154420,3,0,0.056,4132087
1789154420,3,0,0.125,4132087
1789154421,0,0,0.006,4132087
1789154421,4,0,0.543,4132087
1789154421,0,0,0.005,4132087
1789154421,1,0,0.002,4132087
1789154421,0,0,0.016,4132087
1789154421,3,0,0.047,4132087
1789154421,6,0,0.005,4132087
1789154421,3,0,0.117,4132087
1789154422,4,0,0.483,4132087
1789154422,0,0,0.027,4132087
1789154422,4,0,0.451,4132087
1789154422,3,0,0.006,4132087
1789154422,6,0,0.006,4132087
1789154422,7,0,0.273,4132087
1789154424,4,0,1.314,4132087
1789154424,0,0,0.006,4132087
1789154424,6,0,0.035,4132087
1789154424,6,0,0.037,4132087
1789154424,5,0,0.23,4132087
1789154424,2,0,0.003,4132087
1789154424,5,0,0.376,4132087
1789154424,6,0,0.007,4132087
1789154425,4,0,0.574,4132087
1789154425,2,0,0.001,4132087
1789154425,3,0,0.102,4132087
1789154425,2,0,0.005,4132087
1789154425,2,0,0.002,4132087
1789154425,0,0,0.02,4132087
1789154426,4,0,0.891,4132087
1789154426,3,0,0.032,4132087
1789154426,5,0,0.148,4132087
1789154426,0,0,0.01,4132087
1789154426,1,0,0.003,4132087
1789154426,3,0,0.032,4132087
1789154426,6,0,0.008,4132087
1789154427,4,0,0.376,4132087
1789154427,3,0,0.085,4132087
1789154427,0,0,0.008,4132087
1789154428,4,0,1.308,4132087
1789154428,3,0,0.109,4132087
1789154428,3,0,0.015,4132087
1789154428,5,0,0.127,4132087
1789154428,0,0,0.011,4132087
1789154428,3,0,0.013,4132087
1789154428,6,0,0.008,4132087
1789154428,0,0,0.008,4132087
1789154428,1,0,0.001,4132087
1789154429,2,0,0.317,4132087
1789154433,5,0,3.923,4132087
1789154433,6,0,0.003,4132087
1789154433,0,0,0.009,4132087
1789154433,6,0,0.006,4132087
1789154433,3,0,0.09,4132087
1789154433,0,0,0.013,4132087
1789154433,6,0,0.019,4132087
1789154433,6,0,0.011,4132087
1789154433,7,0,0.161,4132087
1789154433,3,0,0.085,4132087
1789154433,6,0,0.006,4132087
1789154434,4,0,0.56,4132087
1789154435,4,0,1.326,4132087
1789154435,3,0,0.071,4132087
1789154435,0,0,0.005,4132087
1789154436,4,0,0.907,4132087
1789154438,4,0,1.818,4132087
1789154438,6,0,0.033,4132087
1789154438,3,0,0.021,4132087
1789154438,4,0,0.636,4132087
1789154438,1,0,0.001,4132087
1789154438,2,0,0.003,4132087
1789154438,6,0,0.006,4132087
1789154439,4,0,1.074,4132087
1789154440,0,0,0.004,4132087
1789154440,3,0,0.007,4132087
1789154440,2,0,0.799,4132087
1789154440,2,0,0.002,4132087
1789154441,4,0,0.506,4132087
1789154441,3,0,0.009,4132087
1789154441,5,0,0.175,4132087
1789154441,5,0,0.187,4132087
1789154442,2,0,1.166,4132087
1789154442,0,0,0.006,4132087
1789154442,3,0,0.081,4132087
1789154443,3,0,0.111,4132087
1789154443,3,0,0.03,4132087
1789154443,4,0,0.284,4132087
1789154443,4,0,0.466,4132087
1789154444,4,0,0.573,4132087
1789154444,2,0,0.002,4132087
1789154444,2,0,0.001,4132087
1789154445,2,0,0.72,4132087
1789154445,4,0,0.763,4132087
1789154445,3,0,0.039,4132087
1789154445,3,0,0.019,4132087
1789154446,4,0,0.639,4132087
1789154446,0,0,0.01,4132087
1789154446,6,0,0.004,4132087
1789154446,3,0,0.062,4132087
1789154446,6,0,0.005,4132087
1789154446,3,0,0.004,4132087
1789154446,6,0,0.004,4132087
1789154447,4,0,1.061,4132087
1789154447,0,0,0.005,4132087
1789154448,4,0,0.58,4132087
1789154448,0,0,0.052,4132087
1789154449,4,0,0.795,4132087
1789154449,1,0,0,4132087
1789154450,4,0,1.342,4132087
1789154450,2,0,0.001,4132087
1789154451,2,0,0.95,4132087
1789154451,0,0,0.011,4132087
1789154451,1,0,0.001,4132087
1789154451,3,0,0.103,4132087
1789154451,4,0,0.213,4132087
1789154451,6,0,0.013,4132087
1789154455,5,0,3.913,4132087
1789154455,6,0,0.008,4132087
1789154455,6,0,0.007,4132087
1789154455,6,0,0.005,4132087
1789154455,0,0,0.002,4132087
1789154455,5,0,0.105,4132087
1789154456,2,0,0.241,4132087
1789154456,0,0,0.003,4132087
1789154456,0,0,0.012,4132087
1789154456,0,0,0.002,4132087
1789154456,0,0,0.012,4132087
1789154460,5,0,4.683,4132087
1789154461,2,0,0.629,4132087
1789154462,4,0,0.742,4132087
1789154462,0,0,0.004,4132087
1789154462,6,0,0.006,4132087
1789154462,2,0,0.383,4132087
1789154462,3,0,0.008,4132087
1789154463,4,0,0.735,4132087
1789154463,0,0,0.006,4132087
1789154463,3,0,0.034,4132087
1789154463,0,0,0.01,4132087
1789154463,3,0,0.036,4132087
1789154463,3,0,0.038,4132087
1789154463,2,0,0.277,4132087
1789154464,4,0,0.406,4132087
1789154464,4,0,0.592,4132087
1789154464,6,0,0.008,4132087
1789154464,3,0,0.098,4132087
1789154465,4,0,0.344,4132087
1789154465,5,0,0.093,4132087
1789154465,6,0,0.006,4132087
1789154465,3,0,0.006,4132087
1789154465,2,0,0.543,4132087
1789154465,3,0,0.017,4132087
1789154466,4,0,0.636,4132087
1789154466,1,0,0.002,4132087
1789154466,3,0,0.008,4132087
1789154467,4,0,0.621,4132087
1789154471,7,0,4.905,4132087
1789154472,7,0,0.232,4132087
1789154472,0,0,0.009,4132087
1789154472,3,0,0.004,4132087
1789154472,2,0,0.48,4132087
1789154473,2,0,0.295,4132087
1789154473,1,0,0.001,4132087
1789154473,2,0,0.002,4132087
1789154473,4,0,0.787,4132087
1789154474,2,0,0.379,4132087
1789154474,6,0,0.01,4132087
1789154474,0,0,0.016,4132087
1789154474,3,0,0.239,4132087
1789154474,3,0,0.058,4132087
1789154474,0,0,0.01,4132087
1789154474,3,0,0.087,4132087
1789154474,0,0,0.009,4132087
1789154474,2,0,0.001,4132087
1789154474,4,0,0.255,4132087
1789154474,0,0,0.011,4132087
1789154474,0,0,0.012,4132087
1789154474,0,0,0.005,4132087
1789154474,3,0,0.011,4132087
1789154474,0,0,0.013,4132087
1789154475,4,0,0.242,4132087
1789154475,5,0,0.102,4132087
1789154475,6,0,0.005,4132087
1789154475,5,0,0.159,4132087
1789154475,0,0,0.009,4132087
1789154476,4,0,0.724,4132087
1789154476,0,0,0.026,4132087
1789154476,0,0,0.008,4132087
1789154476,5,0,0.096,4132087
1789154476,3,0,0.104,4132087
1789154476,4,0,0.566,4132087
1789154477,4,0,0.267,4132087
1789154477,4,0,0.219,4132087
1789154477,2,0,0.001,4132087
1789154477,4,0,0.481,4132087
1789154478,2,0,0.538,4132087
1789154478,3,0,0.006,4132087
1789154479,4,0,0.527,4132087
1789154479,4,0,0.298,4132087
1789154479,3,0,0.089,4132087
1789154479,5,0,0.173,4132087
1789154482,5,0,3.358,4132087
1789154486,5,0,3.821,4132087
1789154486,3,0,0.069,4132087
1789154487,2,0,0.366,4132087
1789154487,2,0,0.436,4132087
1789154487,3,0,0.029,4132087
1789154491,5,0,4.14,4132087
1789154491,6,0,0.005,4132087
1789154491,3,0,0.017,4132087
1789154491,6,0,0.016,4132087
1789154496,7,0,4.542,4132087
1789154496,0,0,0.008,4132087
1789154496,3,0,0.09,4132087
1789154496,3,0,0.059,4132087
1789154496,4,0,0.464,4132087
1789154496,1,0,0.002,4132087
1789154497,4,0,0.483,4132087
1789154497,2,0,0.002,4132087
1789154497,2,0,0.002,4132087
1789154497,5,0,0.12,4132087
1789154497,7,0,0.164,4132087
1789154501,5,0,4.058,4132087
1789154501,0,0,0.004,4132087
1789154501,6,0,0.007,4132087
1789154501,1,0,0.001,4132087
1789154501,2,0,0.004,4132087
1789154501,0,0,0.008,4132087
1789154501,3,0,0.139,4132087
1789154502,0,0,0.012,4132087
1789154502,6,0,0.004,4132087
1789154502,4,0,0.517,4132087
1789154502,1,0,0.001,4132087
1789154502,6,0,0.008,4132087
1789154502,4,0,0.305,4132087
1789154502,3,0,0.009,4132087
1789154503,5,0,0.594,4132087
1789154503,4,0,0.402,4132087
1789154503,0,0,0.006,4132087
1789154503,2,0,0.001,4132087
1789154503,0,0,0.005,4132087
1789154504,5,0,0.437,4132087
1789154504,4,0,0.681,4132087
1789154504,3,0,0.006,4132087
1789154504,6,0,0.006,4132087
1789154509,5,0,4.754,4132087
1789154509,6,0,0.01,4132087
1789154510,4,0,0.374,4132087
1789154510,5,0,0.143,4132087
1789154510,4,0,0.342,4132087
1789154510,0,0,0.014,4132087
1789154514,5,0,4.059,4132087
1789154515,4,0,1.257,4132087
1789154515,6,0,0.009,4132087
1789154516,4,0,0.337,4132087
1789154516,4,0,0.205,4132087
1789154516,6,0,0.006,4132087
1789154516,3,0,0.066,4132087
1789154516,6,0,0.006,4132087
1789154516,2,0,0.322,4132087
1789154517,4,0,0.516,4132087
1789154517,6,0,0.009,4132087
1789154517,3,0,0.132,4132087
1789154517,0,0,0.02,4132087
1789154517,0,0,0.012,4132087
1789154518,4,0,0.436,4132087
1789154518,3,0,0.016,4132087
1789154518,3,0,0.093,4132087
1789154518,0,0,0.01,4132087
1789154518,5,0,0.624,4132087
1789154518,0,0,0.015,4132087
1789154520,4,0,1.399,4132087
1789154520,4,0,0.806,4132087
1789154521,3,0,0.095,4132087
1789154521,7,0,0.175,4132087
1789154521,0,0,0.006,4132087
1789154524,7,0,3.679,4132087
1789154525,4,0,0.669,4132087
1789154525,3,0,0.058,4132087
1789154526,4,0,0.613,4132087
1789154526,6,0,0.006,4132087
1789154526,1,0,0.001,4132087
1789154526,1,0,0.001,4132087
1789154526,3,0,0.061,4132087
1789154526,2,0,0.493,4132087
1789154526,6,0,0.012,4132087
1789154526,1,0,0.001,4132087
1789154526,2,0,0,4132087
1789154526,1,0,0.001,4132087
1789154526,2,0,0.008,4132087
1789154526,1,0,0.001,4132087
1789154526,6,0,0.025,4132087
1789154526,6,0,0.02,4132087
1789154526,1,0,0.001,4132087
1789154527,4,0,0.415,4132087
1789154527,6,0,0.005,4132087
1789154527,3,0,0.131,4132087
1789154527,2,0,0.002,4132087
1789154527,4,0,0.465,4132087
1789154527,6,0,0.012,4132087
1789154528,2,0,0.372,4132087
1789154528,4,0,0.485,4132087
1789154528,2,0,0.002,4132087
1789154530,5,0,1.575,4132087
1789154530,0,0,0.005,4132087
1789154530,0,0,0.014,4132087
1789154531,2,0,0.921,4132087
1789154532,2,0,0.958,4132087
1789154532,3,0,0.094,4132087
1789154532,0,0,0.012,4132087
1789154533,5,0,0.878,4132087
1789154537,5,0,4.671,4132087
1789154537,0,0,0.012,4132087
1789154537,0,0,0.016,4132087
1789154538,2,0,0.399,4132087
1789154538,3,0,0.103,4132087
1789154539,2,0,0.978,4132087
1789154540,4,0,0.61,4132087
1789154540,3,0,0.002,4132087
1789154540,3,0,0.039,4132087
1789154540,2,0,0.002,4132087
1789154540,5,0,0.174,4132087
1789154540,4,0,0.429,4132087
1789154540,5,0,0.176,4132087
1789154541,4,0,0.346,4132087
1789154542,4,0,0.803,4132087
1789154543,5,0,1.139,4132087
1789154543,3,0,0.046,4132087
1789154543,4,0,0.59,4132087
1789154544,4,0,0.565,4132087
1789154544,3,0,0.057,4132087
1789154544,3,0,0.061,4132087
1789154544,4,0,0.303,4132087
1789154545,4,0,0.295,4132087
1789154545,6,0,0.008,4132087
1789154545,5,0,0.415,4132087
1789154549,7,0,4.372,4132087
1789154550,4,0,0.812,4132087
1789154555,5,0,4.394,4132087
1789154555,0,0,0.003,4132087
1789154555,4,0,0.378,4132087
1789154555,1,0,0.002,4132087
1789154555,3,0,0.07,4132087
1789154555,6,0,0.019,4132087
1789154555,2,0,0.002,4132087
1789154555,3,0,0.065,4132087
1789154556,2,0,0.906,4132087
1789154556,2,0,0.001,4132087
1789154556,2,0,0.002,4132087
1789154556,6,0,0.004,4132087
1789154556,0,0,0.014,4132087
1789154556,1,0,0.001,4132087
1789154557,4,0,0.653,4132087
1789154557,6,0,0.008,4132087
1789154557,3,0,0.05,4132087
1789154559,4,0,1.767,4132087
1789154559,5,0,0.15,4132087
1789154559,0,0,0.007,4132087
1789154559,4,0,0.497,4132087
1789154559,3,0,0.005,4132087
1789154560,4,0,0.501,4132087
1789154560,3,0,0.073,4132087
1789154560,3,0,0.072,4132087
1789154560,2,0,0.002,4132087
1789154560,4,0,0.5,4132087
1789154561,4,0,0.407,4132087
1789154561,6,0,0.005,4132087
1789154561,3,0,0.009,4132087
1789154562,5,0,1.051,4132087
1789154562,0,0,0.01,4132087
1789154562,3,0,0.061,4132087
1789154562,2,0,0.002,4132087
1789154562,3,0,0.043,4132087
1789154562,6,0,0.065,4132087
1789154563,2,0,0.523,4132087
1789154563,0,0,0.014,4132087
1789154564,4,0,1.661,4132087
1789154564,0,0,0.01,4132087
1789154564,3,0,0.028,4132087
1789154564,3,0,0.022,4132087
1789154565,4,0,0.574,4132087
1789154565,3,0,0.007,4132087
1789154566,5,0,0.844,4132087
1789154566,0,0,0.004,4132087
1789154566,0,0,0.008,4132087
1789154566,0,0,0.005,4132087
1789154566,6,0,0.005,4132087
1789154566,1,0,0.001,4132087
1789154566,0,0,0.009,4132087
1789154566,2,0,0.003,4132087
1789154566,2,0,0.002,4132087
1789154566,3,0,0.053,4132087
1789154566,2,0,0.454,4132087
1789154566,3,0,0.009,4132087
1789154566,3,0,0.053,4132087
1789154567,4,0,0.414,4132087
1789154567,4,0,0.3,4132087
1789154567,2,0,0.471,4132087
1789154567,1,0,0.001,4132087
1789154567,0,0,0.007,4132087
1789154567,6,0,0.015,4132087
1789154567,1,0,0.001,4132087
1789154567,2,0,0.002,4132087
1789154567,6,1,0.003,4132087
1789154568,4,0,0.516,4132087
1789154568,1,0,0.002,4132087
1789154568,6,0,0.007,4132087
1789154568,0,0,0.017,4132087
1789154568,3,0,0.043,4132087
1789154568,0,0,0.014,4132087
1789154568,5,0,0.11,4132087
1789154569,2,0,0.454,4132087
1789154569,3,0,0.005,4132087
1789154569,1,0,0.001,4132087
1789154569,2,0,0.764,4132087
1789154570,4,0,0.39,4132087
1789154570,0,0,0.007,4132087
1789154570,3,0,0.038,4132087
1789154570,4,0,0.261,4132087
1789154571,4,0,0.385,4132087
1789154571,5,0,0.115,4132087
1789154571,4,0,0.293,4132087
1789154571,0,0,0.004,4132087
1789154571,0,0,0.014,4132087
1789154571,5,0,0.367,4132087
1789154571,3,0,0.075,4132087
1789154571,0,0,0.014,4132087
1789154571,6,0,0.008,4132087
1789154572,2,0,0.626,4132087
1789154573,4,0,0.524,4132087
1789154573,1,0,0.001,4132087
1789154573,1,0,0.001,4132087
1789154573,2,0,0.001,4132087
1789154573,4,0,0.512,4132087
1789154573,0,0,0.009,4132087
1789154573,3,0,0.03,4132087
1789154573,3,0,0.109,4132087
1789154574,4,0,0.416,4132087
1789154574,3,0,0.048,4132087
1789154574,0,0,0.009,4132087
1789154574,6,0,0.006,4132087
1789154574,4,0,0.379,4132087
1789154574,6,0,0.011,4132087
1789154574,3,0,0.091,4132087
1789154575,4,0,0.461,4132087
1789154575,5,0,0.097,4132087
1789154579,7,0,4.418,4132087
1789154579,3,0,0.046,4132087
1789154579,0,0,0.007,4132087
1789154579,3,0,0.076,4132087
1789154579,3,0,0.044,4132087
1789154579,3,0,0.051,4132087
1789154579,6,0,0.038,4132087
1789154580,4,0,0.744,4132087
1789154580,6,0,0.008,4132087
1789154580,0,0,0.004,4132087
1789154580,6,0,0.009,4132087
1789154580,3,0,0.043,4132087
1789154580,1,0,0.001,4132087
1789154580,3,0,0.062,4132087
1789154581,2,0,0.508,4132087
1789154581,3,0,0.052,4132087
1789154581,3,0,0.004,4132087
1789154581,0,0,0.023,4132087
1789154581,5,0,0.177,4132087
1789154582,4,0,0.893,4132087
1789154583,5,0,0.949,4132087
1789154583,5,0,0.108,4132087
1789154583,6,0,0.008,4132087
1789154583,3,0,0.016,4132087
1789154583,0,0,0.014,4132087
1789154583,2,0,0.279,4132087
1789154584,2,0,0.748,4132087
1789154584,6,0,0.007,4132087
1789154584,6,0,0.006,4132087
1789154585,5,0,0.61,4132087
1789154585,4,0,0.351,4132087
1789154586,5,0,0.594,4132087
1789154586,3,0,0.073,4132087
1789154586,2,0,0.001,4132087
1789154586,3,0,0.07,4132087
1789154586,4,0,0.603,4132087
1789154587,7,0,0.15,4132087
1789154587,3,0,0.016,4132087
1789154587,3,0,0.052,4132087
1789154587,2,0,0.826,4132087
1789154587,0,0,0.004,4132087
1789154587,2,0,0.001,4132087
1789154588,4,0,0.394,4132087
1789154588,5,0,0.12,4132087
1789154588,0,0,0.013,4132087
1789154588,2,0,0.002,4132087
1789154588,4,0,0.507,4132087
1789154590,4,0,1.297,4132087
1789154590,3,0,0.107,4132087
1789154590,4,0,0.299,4132087
1789154591,4,0,0.569,4132087
1789154591,6,0,0.006,4132087
1789154591,4,0,0.637,4132087
1789154591,3,0,0.007,4132087
1789154592,3,0,0.111,4132087
1789154592,6,0,0.008,4132087
1789154592,3,0,0.008,4132087
1789154592,2,0,0.395,4132087
1789154593,7,0,0.787,4132087
1789154593,0,0,0.013,4132087
1789154593,5,0,0.287,4132087
1789154593,0,0,0.004,4132087
1789154593,2,0,0.002,4132087
1789154595,4,0,2.281,4132087
1789154596,2,0,0.615,4132087
1789154596,3,0,0.009,4132087
1789154597,2,0,0.913,4132087
1789154598,4,0,1.053,4132087
1789154598,4,0,0.275,4132087
1789154599,2,0,0.516,4132087
1789154599,4,0,0.566,4132087
1789154599,3,0,0.005,4132087
1789154599,2,0,0.002,4132087
1789154600,4,0,0.848,4132087
1789154601,4,0,0.592,4132087
1789154601,3,0,0.003,4132087
1789154601,5,0,0.093,4132087
1789154602,5,0,0.904,4132087
1789154602,4,0,0.694,4132087
1789154602,3,0,0.004,4132087
1789154603,5,0,0.59,4132087
1789154603,3,0,0.069,4132087
1789154603,2,0,0.001,4132087
1789154603,6,0,0.01,4132087
1789154604,5,0,1.016,4132087
1789154604,6,0,0.004,4132087
1789154604,0,0,0.004,4132087
1789154604,1,0,0.002,4132087
1789154604,1,0,0.001,4132087
1789154604,2,0,0.412,4132087
1789154605,4,0,0.407,4132087
1789154605,0,0,0.006,4132087
1789154605,3,0,0.074,4132087
1789154605,3,0,0.005,4132087
1789154605,5,0,0.508,4132087
1789154606,0,0,0.008,4132087
1789154606,0,0,0.003,4132087
1789154606,3,0,0.098,4132087
1789154606,0,0,0.016,4132087
1789154606,6,0,0.019,4132087
1789154606,3,0,0.021,4132087
1789154606,4,0,0.438,4132087
1789154606,4,0,0.194,4132087
1789154606,6,0,0.013,4132087
1789154608,4,0,1.318,4132087
1789154608,4,0,0.729,4132087
1789154608,2,0,0.001,4132087
1789154609,5,0,0.308,4132087
1789154609,3,0,0.061,4132087
1789154609,6,0,0.007,4132087
1789154609,0,0,0.005,4132087
1789154609,2,0,0,4132087
1789154609,3,0,0.043,4132087
1789154609,3,0,0.023,4132087
1789154609,1,0,0.001,4132087
1789154609,6,0,0.003,4132087
1789154609,3,0,0.045,4132087
1789154609,2,0,0.001,4132087
1789154609,3,0,0.007,4132087
1789154609,6,0,0.005,4132087
1789154611,2,0,2.444,4132087
1789154612,3,0,0.192,4132087
1789154612,2,0,0.878,4132087
1789154613,4,0,0.486,4132087
1789154613,6,0,0.005,4132087
1789154613,1,0,0.001,4132087
1789154613,2,0,0.516,4132087
1789154613,6,0,0.009,4132087
1789154613,2,0,0.002,4132087
1789154614,4,0,0.358,4132087
1789154614,2,0,0.002,4132087
1789154614,3,0,0.004,4132087
1789154614,2,0,0.001,4132087
1789154614,3,0,0.008,4132087
1789154614,3,0,0.085,4132087
1789154614,2,0,0.42,4132087
1789154615,4,0,0.877,4132087
1789154616,4,0,0.426,4132087
1789154616,3,0,0.007,4132087
1789154616,4,0,0.361,4132087
1789154620,7,0,4.418,4132087
1789154621,5,0,0.182,4132087
1789154621,3,0,0.008,4132087
1789154621,4,0,0.454,4132087
1789154621,3,0,0.046,4132087
1789154621,0,0,0.004,4132087
1789154622,4,0,0.842,4132087
1789154622,4,0,0.268,4132087
1789154623,4,0,0.423,4132087
1789154623,0,0,0.008,4132087
1789154623,1,0,0.001,4132087
1789154627,5,0,4.085,4132087
1789154627,5,0,0.321,4132087
1789154628,4,0,1.306,4132087
1789154628,3,0,0.03,4132087
1789154628,2,0,0.001,4132087
1789154628,6,0,0.005,4132087
1789154628,6,0,0.004,4132087
1789154628,2,0,0.002,4132087
1789154628,6,0,0.006,4132087
1789154632,5,0,3.494,4132087
1789154632,4,0,0.419,4132087
1789154633,4,0,0.57,4132087
1789154633,6,0,0.004,4132087
1789154633,0,0,0.012,4132087
1789154633,0,0,0.012,4132087
1789154633,2,0,0.425,4132087
1789154633,6,0,0.02,4132087
1789154633,6,0,0.008,4132087
1789154634,4,0,0.35,4132087
1789154634,1,0,0.001,4132087
1789154634,6,0,0.016,4132087
1789154635,4,0,0.88,4132087
1789154635,0,0,0.005,4132087
1789154635,0,0,0.003,4132087
1789154635,3,0,0.146,4132087
1789154635,6,0,0.014,4132087
1789154635,4,0,0.617,4132087
1789154636,4,0,0.651,4132087
1789154636,4,0,0.386,4132087
1789154638,5,0,1.558,4132087
1789154638,5,0,0.132,4132087
1789154638,2,0,0.004,4132087
1789154639,4,0,0.444,4132087
1789154639,4,0,0.807,4132087
1789154639,1,0,0.001,4132087
1789154640,2,0,0.42,4132087
1789154641,5,0,1.488,4132087
1789154641,3,0,0.061,4132087
1789154641,3,0,0.061,4132087
1789154642,5,0,0.527,4132087
1789154642,4,0,0.4,4132087
1789154642,1,0,0.001,4132087
1789154642,1,0,0.001,4132087
1789154642,3,0,0.09,4132087
1789154642,0,0,0.005,4132087
1789154643,4,0,0.396,4132087
1789154643,3,0,0.014,4132087
1789154643,3,0,0.09,4132087
1789154643,3,0,0.096,4132087
1789154643,0,0,0.003,4132087
1789154644,2,0,1.151,4132087
1789154644,6,0,0.006,4132087
1789154645,2,0,0.788,4132087
1789154645,3,0,0.175,4132087
1789154646,2,0,0.461,4132087
1789154646,6,0,0.007,4132087
1789154646,6,0,0.006,4132087
1789154646,5,0,0.118,4132087
1789154646,0,0,0.01,4132087
1789154646,3,0,0.07,4132087
1789154646,4,0,0.405,4132087
1789154646,3,0,0.046,4132087
1789154648,4,0,1.273,4132087
1789154648,6,0,0.006,4132087
1789154648,3,0,0.079,4132087
1789154648,6,0,0.009,4132087
1789154648,5,0,0.204,4132087
1789154648,3,0,0.004,4132087
1789154648,0,0,0.007,4132087
1789154649,4,0,1.33,4132087
1789154649,3,0,0.006,4132087
1789154651,4,0,1.406,4132087
1789154651,1,0,0.001,4132087
1789154651,4,0,0.791,4132087
1789154652,2,0,0.596,4132087
1789154652,0,0,0.004,4132087
1789154652,6,0,0.005,4132087
1789154652,3,0,0.027,4132087
1789154652,3,0,0.059,4132087
1789154653,4,0,0.766,4132087
1789154653,3,0,0.031,4132087
1789154653,3,0,0.009,4132087
1789154653,3,0,0.006,4132087
1789154653,3,0,0.016,4132087
1789154653,4,0,0.308,4132087
1789154653,2,0,0.007,4132087
1789154653,0,0,0.005,4132087
1789154653,6,0,0.014,4132087
1789154653,3,0,0.014,4132087
1789154653,1,0,0.001,4132087
1789154654,4,0,0.771,4132087
1789154655,2,0,0.542,4132087
1789154655,6,0,0.005,4132087
1789154655,3,0,0.005,4132087
1789154655,2,0,0.002,4132087
1789154655,3,0,0.037,4132087
1789154655,0,0,0.012,4132087
1789154655,4,0,0.602,4132087
1789154656,2,0,0.566,4132087
1789154657,7,0,0.943,4132087
1789154661,7,0,4.632,4132087
1789154661,0,0,0.013,4132087
1789154662,4,0,0.789,4132087
1789154662,1,0,0.001,4132087
1789154662,3,0,0.011,4132087
1789154662,3,0,0.002,4132087
1789154662,1,0,0.001,4132087
1789154663,2,0,0.639,4132087
1789154664,4,0,1.166,4132087
1789154665,4,0,0.55,4132087
1789154665,0,0,0.013,4132087
1789154665,3,0,0.061,4132087
1789154665,4,0,0.473,4132087
1789154665,0,0,0.007,4132087
1789154665,3,0,0.052,4132087
1789154665,4,0,0.285,4132087
1789154666,4,0,0.306,4132087
1789154666,3,0,0.037,4132087
1789154667,4,0,0.843,4132087
1789154667,2,0,0.002,4132087
1789154667,4,0,0.446,4132087
1789154667,0,0,0.002,4132087
1789154667,5,0,0.115,4132087
1789154668,4,0,0.667,4132087
1789154668,2,0,0,4132087
1789154668,3,0,0.004,4132087
1789154668,2,0,0.003,4132087
1789154668,2,0,0.426,4132087
1789154668,6,0,0.005,4132087
1789154668,0,0,0.004,4132087
1789154673,5,0,4.25,4132087
1789154673,5,0,0.538,4132087
1789154674,4,0,0.919,4132087
1789154674,3,0,0.095,4132087
1789154674,6,0,0.003,4132087
1789154674,0,0,0.005,4132087
1789154674,3,0,0.033,4132087
1789154674,2,0,0.002,4132087
1789154674,3,0,0.03,4132087
1789154674,6,0,0.004,4132087
1789154674,0,0,0.017,4132087
1789154674,0,0,0.005,4132087
1789154675,4,0,0.395,4132087
1789154675,5,0,0.127,4132087
1789154675,1,0,0.002,4132087
1789154675,4,0,0.562,4132087
1789154675,2,0,0.001,4132087
1789154675,6,0,0.004,4132087
1789154675,0,0,0.01,4132087
1789154675,6,0,0.015,4132087
1789154675,2,0,0.01,4132087
1789154675,0,0,0.006,4132087
1789154675,1,0,0.002,4132087
1789154675,0,0,0.006,4132087
1789154675,6,0,0.031,4132087
1789154675,0,0,0.014,4132087
1789154676,4,0,0.591,4132087
1789154676,2,0,0.001,4132087
1789154676,3,0,0.006,4132087
1789154676,6,0,0.008,4132087
1789154676,7,0,0.151,4132087
1789154677,4,0,0.429,4132087
1789154677,5,0,0.563,4132087
1789154677,6,0,0.006,4132087
1789154678,2,0,0.546,4132087
1789154678,0,0,0.002,4132087
1789154678,5,0,0.807,4132087
1789154679,3,0,0.104,4132087
1789154679,4,0,0.366,4132087
1789154680,4,0,0.991,4132087
1789154680,3,0,0.01,4132087
1789154680,2,0,0.003,4132087
1789154680,3,0,0.036,4132087
1789154680,0,0,0.004,4132087
1789154680,4,0,0.357,4132087
1789154681,4,0,0.785,4132087
1789154683,4,0,1.538,4132087
1789154683,0,0,0.012,4132087
1789154683,2,0,0.003,4132087
1789154683,0,0,0.011,4132087
1789154683,3,0,0.003,4132087
1789154684,2,0,1.198,4132087
1789154684,6,0,0.006,4132087
1789154684,3,0,0.059,4132087
1789154684,3,0,0.006,4132087
1789154684,6,0,0.008,4132087
1789154684,0,0,0.007,4132087
1789154685,5,0,0.966,4132087
1789154686,4,0,0.764,4132087
1789154686,2,0,0.002,4132087
1789154686,5,0,0.557,4132087
1789154686,0,0,0.007,4132087
1789154687,5,0,0.466,4132087
1789154687,4,0,0.274,4132087
1789154687,0,0,0.018,4132087
1789154688,4,0,1.1,4132087
1789154688,3,0,0.008,4132087
1789154689,2,0,0.409,4132087
1789154689,6,0,0.008,4132087
1789154689,2,0,0.001,4132087
1789154689,2,0,0.008,4132087
1789154689,4,0,0.557,4132087
1789154689,6,0,0.008,4132087
1789154689,3,0,0.103,4132087
1789154689,3,0,0.039,4132087
1789154689,0,0,0.005,4132087
1789154689,0,0,0.004,4132087
1789154690,2,0,1.083,4132087
1789154690,2,0,0.002,4132087
1789154690,3,0,0.036,4132087
1789154690,6,0,0.005,4132087
1789154690,2,0,0.002,4132087
1789154690,6,0,0.009,4132087
1789154691,4,0,0.713,4132087
1789154692,4,0,0.711,4132087
1789154692,2,0,0.002,4132087
1789154692,3,0,0.044,4132087
1789154692,3,0,0.189,4132087
1789154692,0,0,0.021,4132087
1789154692,6,0,0.006,4132087
1789154692,3,0,0.167,4132087
1789154693,5,0,0.638,4132087
1789154694,2,0,1.057,4132087
1789154694,6,0,0.005,4132087
1789154695,2,0,0.629,4132087
1789154695,3,0,0.034,4132087
1789154695,0,0,0.004,4132087
1789154695,3,0,0.012,4132087
1789154695,3,0,0.03,4132087
1789154695,4,0,0.356,4132087
1789154695,3,0,0.008,4132087
1789154695,0,0,0.004,4132087
1789154695,2,0,0.001,4132087
1789154695,1,0,0.001,4132087
1789154695,0,0,0.008,4132087
1789154695,2,0,0.002,4132087
1789154695,3,0,0.058,4132087
1789154695,5,0,0.259,4132087
1789154695,3,0,0.008,4132087
1789154695,1,0,0.001,4132087
1789154695,6,0,0.008,4132087
1789154695,3,0,0.062,4132087
1789154695,2,0,0.002,4132087
1789154696,5,0,0.093,4132087
1789154696,0,0,0.013,4132087
1789154696,2,0,0.002,4132087
1789154696,3,0,0.028,4132087
1789154698,4,0,2.23,4132087
1789154698,6,0,0.005,4132087
1789154700,4,0,1.967,4132087
1789154701,4,0,0.915,4132087
1789154701,0,0,0.004,4132087
1789154701,0,0,0.005,4132087
1789154701,5,0,0.586,4132087
1789154701,3,0,0.01,4132087
1789154703,4,0,1.524,4132087
1789154703,0,0,0.005,4132087
1789154703,3,0,0.008,4132087
1789154704,4,0,0.663,4132087
1789154704,3,0,0.072,4132087
1789154704,2,0,0.813,4132087
1789154705,2,0,0.513,4132087
1789154707,4,0,2.087,4132087
1789154707,2,0,0.363,4132087
1789154707,0,0,0.004,4132087
1789154707,0,0,0.012,4132087
1789154707,0,0,0.006,4132087
1789154709,4,0,1.296,4132087
1789154709,3,0,0.016,4132087
1789154709,6,0,0.013,4132087
1789154709,3,0,0.041,4132087
1789154709,2,0,0.232,4132087
1789154709,3,0,0.005,4132087
1789154709,3,0,0.06,4132087
1789154709,0,0,0.01,4132087
1789154709,5,0,0.138,4132087
1789154709,3,0,0.042,4132087
1789154709,6,0,0.006,4132087
1789154710,4,0,0.341,4132087
1789154710,0,0,0.009,4132087
1789154710,4,0,0.814,4132087
1789154716,5,0,5.382,4132087
1789154716,0,0,0.006,4132087
1789154716,4,0,0.478,4132087
1789154716,6,0,0.006,4132087
1789154717,4,0,0.589,4132087
1789154717,0,0,0.004,4132087
1789154718,2,0,0.911,4132087
1789154718,0,0,0.021,4132087
1789154718,0,0,0.01,4132087
1789154718,6,0,0.008,4132087
1789154718,2,0,0.446,4132087
1789154718,3,0,0.123,4132087
1789154718,3,0,0.07,4132087
1789154719,4,0,0.699,4132087
1789154719,3,0,0.003,4132087
1789154720,4,0,0.411,4132087
1789154720,3,0,0.166,4132087
1789154720,5,0,0.163,4132087
1789154720,6,0,0.016,4132087
1789154720,3,0,0.085,4132087
1789154720,6,0,0.008,4132087
1789154720,5,0,0.106,4132087
1789154721,4,0,0.617,4132087
1789154722,4,0,0.86,4132087
1789154722,3,0,0.173,4132087
1789154722,0,0,0.014,4132087
1789154722,0,0,0.005,4132087
1789154723,5,0,0.74,4132087
1789154723,5,0,0.15,4132087
1789154723,4,0,0.621,4132087
1789154723,0,0,0.003,4132087
1789154723,6,0,0.008,4132087
1789154723,0,0,0.003,4132087
1789154724,4,0,0.509,4132087
1789154724,4,0,0.468,4132087
1789154725,4,0,1.162,4132087
1789154726,3,0,0.149,4132087
1789154726,0,0,0.003,4132087
1789154726,2,0,0.639,4132087
1789154727,4,0,0.34,4132087
1789154727,0,0,0.007,4132087
1789154727,2,0,0.681,4132087
1789154727,0,0,0.011,4132087
1789154728,2,0,0.421,4132087
1789154728,2,0,0.324,4132087
1789154728,3,0,0.109,4132087
1789154729,4,0,0.551,4132087
1789154729,1,0,0.002,4132087
1789154729,2,0,0.001,4132087
1789154729,4,0,0.28,4132087
1789154729,5,0,0.154,4132087
1789154730,4,0,0.609,4132087
1789154730,0,0,0.011,4132087
1789154730,1,0,0.001,4132087
1789154730,3,0,0.008,4132087
1789154730,6,0,0.007,4132087
1789154731,4,0,0.783,4132087
1789154731,6,0,0.006,4132087
1789154731,4,0,0.268,4132087
1789154731,1,0,0.001,4132087
1789154731,4,0,0.508,4132087
1789154732,4,0,0.386,4132087
1789154732,0,0,0.014,4132087
1789154732,2,0,0.002,4132087
1789154732,1,0,0.001,4132087
1789154732,2,0,0.001,4132087
1789154732,6,0,0.005,4132087
1789154737,7,0,4.925,4132087
1789154737,4,0,0.659,4132087
1789154737,2,0,0.001,4132087
1789154737,0,0,0.018,4132087
1789154737,2,0,0.002,4132087
1789154737,0,0,0.009,4132087
1789154737,3,0,0.061,4132087
1789154738,4,0,0.791,4132087
1789154739,2,0,0.608,4132087
1789154740,5,0,0.683,4132087
1789154741,5,0,1.881,4132087
1789154741,0,0,0.008,4132087
1789154742,4,0,0.864,4132087
1789154742,0,0,0.019,4132087
1789154743,4,0,0.353,4132087
1789154743,3,0,0.07,4132087
1789154743,3,0,0.009,4132087
1789154743,0,0,0.017,4132087
1789154743,3,0,0.022,4132087
1789154743,3,0,0.002,4132087
1789154747,7,0,3.912,4132087
1789154747,3,0,0.079,4132087
1789154747,4,0,0.342,4132087
1789154747,5,0,0.175,4132087
1789154747,0,0,0.01,4132087
1789154747,3,0,0.026,4132087
1789154747,1,0,0.001,4132087
1789154748,4,0,0.442,4132087
1789154748,0,0,0.013,4132087
1789154748,2,0,0.002,4132087
1789154748,3,0,0.049,4132087
1789154748,3,0,0.059,4132087
1789154748,3,0,0.077,4132087
1789154748,2,0,0.002,4132087
1789154749,4,0,1.006,4132087
1789154749,1,0,0.002,4132087
1789154750,4,0,1.353,4132087
1789154751,4,0,0.281,4132087
1789154751,4,0,0.379,4132087
1789154752,4,0,1.103,4132087
1789154752,6,0,0.01,4132087
1789154752,4,0,0.338,4132087
1789154752,0,0,0.005,4132087
1789154752,1,0,0.001,4132087
1789154753,4,0,0.808,4132087
1789154753,3,0,0.002,4132087
1789154753,3,0,0.029,4132087
1789154757,5,0,3.625,4132087
1789154757,3,0,0.058,4132087
1789154757,1,0,0.001,4132087
1789154757,6,0,0.004,4132087
1789154757,4,0,0.381,4132087
1789154761,5,0,4.03,4132087
1789154762,7,0,0.874,4132087
1789154763,4,0,0.336,4132087
1789154763,5,0,0.117,4132087
1789154763,4,0,0.491,4132087
1789154763,6,0,0.005,4132087
1789154764,2,0,0.512,4132087
1789154764,1,0,0.002,4132087
1789154764,4,0,0.256,4132087
1789154764,1,0,0.001,4132087
1789154764,0,0,0.01,4132087
1789154764,0,0,0.004,4132087
1789154764,0,0,0.01,4132087
1789154765,4,0,0.939,4132087
1789154765,3,0,0.007,4132087
1789154765,5,0,0.38,4132087
1789154766,4,0,1.029,4132087
1789154767,2,0,0.465,4132087
1789154767,4,0,0.538,4132087
1789154767,3,0,0.041,4132087
1789154768,2,0,0.501,4132087
1789154768,3,0,0.07,4132087
1789154768,3,0,0.064,4132087
1789154768,1,0,0.001,4132087
1789154768,0,0,0.003,4132087
1789154768,1,0,0.001,4132087
1789154768,2,0,0.003,4132087
1789154769,4,0,1.143,4132087
1789154769,0,0,0.003,4132087
1789154769,3,0,0.057,4132087
1789154770,4,0,0.478,4132087
1789154770,0,0,0.003,4132087
1789154770,3,0,0.089,4132087
1789154771,4,0,1.374,4132087
1789154771,7,0,0.162,4132087
1789154771,3,0,0.055,4132087
1789154773,5,0,1.605,4132087
1789154774,2,0,0.517,4132087
1789154774,0,0,0.004,4132087
1789154774,0,0,0.013,4132087
1789154774,0,0,0.009,4132087
1789154774,2,0,0.001,4132087
1789154775,5,0,1.232,4132087
1789154775,6,0,0.008,4132087
1789154775,6,0,0.012,4132087
1789154775,2,0,0.004,4132087
1789154775,2,0,0.412,4132087
1789154779,7,0,4.145,4132087
1789154779,5,0,0.106,4132087
1789154779,0,0,0.006,4132087
1789154780,4,0,0.454,4132087
1789154780,6,0,0.006,4132087
1789154780,3,0,0.008,4132087
1789154780,0,0,0.01,4132087
1789154781,4,0,0.996,4132087
1789154784,7,0,2.675,4132087
1789154785,4,0,0.963,4132087
1789154785,1,0,0.002,4132087
1789154785,5,0,0.327,4132087
1789154786,4,0,0.59,4132087
1789154786,6,0,0.006,4132087
1789154786,3,0,0.018,4132087
1789154786,0,0,0.007,4132087
1789154786,4,0,0.345,4132087
1789154786,3,0,0.002,4132087
1789154787,2,0,0.596,4132087
1789154787,0,0,0.007,4132087
1789154787,4,0,0.362,4132087
1789154787,4,0,0.346,4132087
1789154787,6,0,0.008,4132087
1789154787,1,0,0.001,4132087
1789154787,5,0,0.146,4132087
1789154787,3,0,0.084,4132087
1789154788,4,0,0.895,4132087
1789154788,3,0,0.05,4132087
1789154789,2,0,0.849,4132087
1789154789,2,0,0.001,4132087
1789154789,3,0,0.057,4132087
1789154789,0,0,0.038,4132087
1789154790,2,0,0.382,4132087
1789154790,3,0,0.109,4132087
1789154790,2,0,0.003,4132087
1789154790,3,0,0.03,4132087
1789154790,4,0,0.464,4132087
1789154790,3,0,0.137,4132087
1789154790,0,0,0.003,4132087
1789154790,6,0,0.005,4132087
1789154790,6,0,0.009,4132087
1789154791,0,0,0.008,4132087
1789154791,0,0,0.007,4132087
1789154791,0,0,0.005,4132087
1789154791,6,0,0.013,4132087
1789154795,7,0,4.823,4132087
1789154796,7,0,0.25,4132087
1789154797,4,0,1.002,4132087
1789154797,2,0,0.003,4132087
1789154797,6,0,0.003,4132087
1789154798,4,0,1.238,4132087
1789154798,0,0,0.029,4132087
1789154798,7,0,0.347,4132087
1789154798,2,0,0.005,4132087
1789154798,2,0,0,4132087
1789154799,4,0,0.506,4132087
1789154799,3,0,0.009,4132087
1789154799,0,0,0.014,4132087
1789154802,5,0,3.558,4132087
1789154803,5,0,1.142,4132087
1789154803,0,0,0.003,4132087
1789154803,0,0,0.009,4132087
1789154804,4,0,0.202,4132087
1789154804,2,0,0.008,4132087
1789154805,4,0,1.251,4132087
1789154805,0,0,0.009,4132087
1789154806,5,0,1.233,4132087
1789154806,0,0,0.009,4132087
1789154806,1,0,0.001,4132087
1789154806,0,0,0.003,4132087
1789154806,0,0,0.046,4132087
1789154806,3,0,0.039,4132087
1789154806,3,0,0.007,4132087
1789154806,3,0,0.007,4132087
1789154807,4,0,0.767,4132087
1789154807,0,0,0.004,4132087
1789154807,0,0,0.007,4132087
1789154808,4,0,0.51,4132087
1789154808,6,0,0.01,4132087
1789154808,4,0,0.32,4132087
1789154808,2,0,0.521,4132087
1789154808,0,0,0.009,4132087
1789154808,0,0,0.007,4132087
1789154809,7,0,0.214,4132087
1789154809,5,0,0.625,4132087
1789154811,5,0,1.286,4132087
1789154811,3,0,0.092,4132087
1789154811,3,0,0.086,4132087
1789154811,3,0,0.098,4132087
1789154812,5,0,1.361,4132087
1789154812,1,0,0.002,4132087
1789154812,2,0,0.001,4132087
1789154812,2,0,0.002,4132087
1789154813,4,0,0.3,4132087
1789154813,3,0,0.001,4132087
1789154813,4,0,0.403,4132087
1789154813,5,0,0.17,4132087
1789154813,0,0,0.011,4132087
1789154813,3,0,0.051,4132087
1789154817,5,0,3.583,4132087
1789154817,2,0,0.468,4132087
1789154822,7,0,4.362,4132087
1789154822,6,0,0.017,4132087
1789154822,0,0,0.008,4132087
1789154822,0,0,0.036,4132087
1789154825,5,0,3.258,4132087
1789154826,2,0,1.245,4132087
1789154826,3,0,0.009,4132087
1789154826,2,0,0.279,4132087
1789154827,2,0,0.366,4132087
1789154827,6,0,0.007,4132087
1789154827,3,0,0.003,4132087
1789154828,5,0,0.853,4132087
1789154828,6,0,0.008,4132087
1789154828,4,0,0.157,4132087
1789154829,4,0,0.821,4132087
1789154830,4,0,1.371,4132087
1789154830,1,0,0.001,4132087
1789154831,4,0,0.7,4132087
1789154831,0,0,0.006,4132087
1789154831,6,0,0.007,4132087
1789154831,4,0,0.307,4132087
1789154831,6,0,0.006,4132087
1789154831,2,0,0.292,4132087
1789154832,4,0,0.25,4132087
1789154832,2,0,0.527,4132087
1789154832,3,0,0.052,4132087
1789154832,2,0,0.001,4132087
1789154832,3,0,0.103,4132087
1789154832,6,0,0.012,4132087
1789154832,3,0,0.065,4132087
1789154833,4,0,0.409,4132087
1789154833,4,0,0.493,4132087
1789154833,6,0,0.008,4132087
1789154833,0,0,0.009,4132087
1789154835,4,0,1.266,4132087
1789154836,4,0,1.022,4132087
1789154836,3,0,0.014,4132087
1789154836,4,0,0.163,4132087
1789154836,4,0,0.25,4132087
1789154836,0,0,0.004,4132087
1789154836,3,0,0.062,4132087
1789154836,0,0,0.005,4132087
1789154837,4,0,0.73,4132087
1789154837,4,0,0.528,4132087
1789154837,2,0,0.033,4132087
1789154837,1,0,0.001,4132087
1789154837,1,0,0.001,4132087
1789154837,3,0,0.02,4132087
1789154837,0,0,0.004,4132087
1789154837,2,0,0.002,4132087
1789154837,0,0,0.004,4132087
1789154837,1,0,0.001,4132087
1789154838,4,0,1.035,4132087
1789154842,5,0,3.865,4132087
1789154842,6,0,0.016,4132087
1789154842,0,0,0.009,4132087
1789154843,4,0,0.72,4132087
1789154843,4,0,0.343,4132087
1789154843,3,0,0.006,4132087
1789154844,4,0,0.423,4132087
1789154844,6,0,0.003,4132087
1789154844,3,0,0.009,4132087
1789154844,0,0,0.004,4132087
1789154844,4,0,0.509,4132087
1789154844,2,0,0.003,4132087
1789154844,1,0,0.002,4132087
1789154849,5,0,4.471,4132087
1789154849,0,0,0.006,4132087
1789154849,4,0,0.714,4132087
1789154849,1,0,0.001,4132087
1789154850,6,0,0.006,4132087
1789154850,7,0,0.226,4132087
1789154850,6,0,0.018,4132087
1789154850,3,0,0.309,4132087
1789154850,0,0,0.052,4132087
1789154850,2,0,0.002,4132087
1789154850,1,0,0.001,4132087
1789154851,5,0,0.617,4132087
1789154851,2,0,0.001,4132087
1789154851,2,0,0.002,4132087
1789154851,2,0,0.662,4132087
1789154851,1,0,0.002,4132087
1789154852,4,0,0.577,4132087
1789154852,5,0,0.096,4132087
1789154852,7,0,0.155,4132087
1789154852,6,0,0.005,4132087
1789154853,2,0,0.643,4132087
1789154853,0,0,0.011,4132087
1789154853,2,0,0.368,4132087
1789154853,6,0,0.006,4132087
1789154853,3,0,0.003,4132087
1789154854,4,0,0.303,4132087
1789154854,4,0,0.789,4132087
1789154854,0,0,0.018,4132087
1789154855,4,0,0.399,4132087
1789154855,6,0,0.015,4132087
1789154855,4,0,0.558,4132087
1789154856,4,0,0.864,4132087
1789154857,4,0,1.223,4132087
1789154858,4,0,0.542,4132087
1789154858,6,0,0.004,4132087
1789154858,2,0,0.004,4132087
1789154858,0,0,0.017,4132087
1789154858,6,0,0.007,4132087
1789154858,2,0,0.235,4132087
1789154858,3,0,0.08,4132087
1789154859,2,0,0.39,4132087
1789154859,2,0,0.002,4132087
1789154859,4,0,0.349,4132087
1789154859,6,0,0.005,4132087
1789154859,3,0,0.163,4132087
1789154859,0,0,0.013,4132087
1789154859,3,0,0.08,4132087
1789154861,4,0,1.713,4132087
1789154861,5,0,0.138,4132087
1789154861,0,0,0.009,4132087
1789154862,4,0,0.506,4132087
1789154862,4,0,0.424,4132087
1789154862,0,0,0.02,4132087
1789154862,6,0,0.026,4132087
1789154864,4,0,1.969,4132087
1789154865,5,0,0.468,4132087
1789154865,4,0,0.545,4132087
1789154865,3,0,0.015,4132087
1789154865,3,0,0.119,4132087
1789154865,0,0,0.016,4132087
1789154866,5,0,0.453,4132087
1789154866,0,0,0.014,4132087
1789154866,6,0,0.011,4132087
1789154866,3,0,0.008,4132087
1789154866,6,0,0.015,4132087
1789154866,1,0,0.001,4132087
1789154866,4,0,0.541,4132087
1789154866,6,0,0.003,4132087
1789154866,2,0,0.002,4132087
1789154867,5,0,0.27,4132087
1789154867,3,0,0.003,4132087
1789154867,0,0,0.01,4132087
1789154867,3,0,0.071,4132087
1789154867,6,0,0.012,4132087
1789154867,2,0,0.003,4132087
1789154867,2,0,0.001,4132087
1789154867,0,0,0.012,4132087
1789154867,0,0,0.008,4132087
1789154867,3,0,0.106,4132087
1789154867,0,0,0.015,4132087
1789154867,3,0,0.01,4132087
1789154867,3,0,0.052,4132087
1789154867,2,0,0.003,4132087
1789154867,0,0,0.004,4132087
1789154867,1,0,0.001,4132087
1789154867,3,0,0.046,4132087
1789154867,3,0,0.053,4132087
1789154867,2,0,0.002,4132087
1789154867,0,0,0.005,4132087
1789154867,3,0,0.064,4132087
1789154867,3,0,0.098,4132087
1789154867,0,0,0.01,4132087
1789154867,6,0,0.006,4132087
1789154867,0,0,0.003,4132087
1789154867,3,0,0.058,4132087
1789154867,3,0,0.003,4132087
1789154867,0,0,0.014,4132087
1789154867,3,0,0.111,4132087
1789154868,4,0,0.436,4132087
1789154868,3,0,0.003,4132087
1789154868,4,0,0.206,4132087
1789154868,1,0,0.001,4132087
1789154869,4,0,0.889,4132087
1789154869,1,0,0.002,4132087
1789154870,7,0,0.688,4132087
1789154870,4,0,0.433,4132087
1789154870,6,0,0.007,4132087
1789154870,3,0,0.052,4132087
1789154870,2,0,0.258,4132087
1789154870,2,0,0.001,4132087
1789154871,4,0,0.344,4132087
1789154871,5,0,0.121,4132087
1789154871,5,0,0.309,4132087
1789154871,3,0,0.054,4132087
1789154872,4,0,0.483,4132087
1789154872,3,0,0.012,4132087
1789154873,4,0,0.869,4132087
1789154873,3,0,0.075,4132087
1789154873,2,0,0.72,4132087
1789154873,0,0,0.005,4132087
1789154873,2,0,0.001,4132087
1789154874,2,0,0.426,4132087
1789154874,0,0,0.007,4132087
1789154874,0,0,0.006,4132087
1789154874,3,0,0.007,4132087
1789154874,1,0,0.001,4132087
1789154874,1,0,0.001,4132087
1789154874,2,0,0.003,4132087
1789154874,0,0,0.013,4132087
1789154874,3,0,0.049,4132087
1789154874,3,0,0.005,4132087
1789154875,5,0,0.81,4132087
1789154876,5,0,1.207,4132087
1789154876,0,0,0.01,4132087
1789154876,0,0,0.003,4132087
1789154876,3,0,0.041,4132087
1789154876,5,0,0.095,4132087
1789154876,4,0,0.405,4132087
1789154877,3,0,0.094,4132087
1789154877,4,0,0.488,4132087
1789154877,3,0,0.021,4132087
1789154878,5,0,0.726,4132087
1789154878,4,0,0.454,4132087
1789154878,3,0,0.087,4132087
1789154879,4,0,0.27,4132087
1789154879,4,0,0.508,4132087
1789154879,6,0,0.008,4132087
1789154879,7,0,0.217,4132087
1789154879,3,0,0.004,4132087
1789154879,0,0,0.016,4132087
1789154879,0,0,0.02,4132087
1789154879,0,0,0.005,4132087
1789154880,4,0,0.509,4132087
1789154880,6,0,0.005,4132087
1789154880,0,0,0.004,4132087
1789154880,4,0,0.439,4132087
1789154881,4,0,0.275,4132087
1789154881,0,0,0.013,4132087
1789154881,4,0,0.292,4132087
1789154881,0,0,0.005,4132087
1789154881,4,0,0.196,4132087
1789154882,4,0,0.805,4132087
1789154882,5,0,0.41,4132087
1789154882,3,0,0.002,4132087
1789154882,6,0,0.006,4132087
1789154882,3,0,0.029,4132087
1789154882,0,0,0.006,4132087
1789154883,2,0,0.719,4132087
1789154883,3,0,0.02,4132087
1789154883,3,0,0.114,4132087
1789154883,0,0,0.012,4132087
1789154884,4,0,0.35,4132087
1789154884,3,0,0.069,4132087
1789154884,6,0,0.005,4132087
1789154884,3,0,0.15,4132087
1789154884,3,0,0.005,4132087
1789154884,0,0,0.005,4132087
1789154884,4,0,0.248,4132087
1789154885,4,0,0.723,4132087
1789154885,0,0,0.008,4132087
1789154885,3,0,0.072,4132087
1789154885,4,0,0.485,4132087
1789154886,4,0,0.716,4132087
1789154886,3,0,0.203,4132087
1789154886,2,0,0.003,4132087
1789154887,4,0,0.594,4132087
1789154887,0,0,0.004,4132087
1789154887,4,0,0.397,4132087
1789154887,6,0,0.007,4132087
1789154887,1,0,0.001,4132087
1789154887,2,0,0.002,4132087
1789154887,2,0,0.003,4132087
1789154887,6,0,0.005,4132087
1789154887,5,0,0.122,4132087
1789154888,4,0,0.709,4132087
1789154888,2,0,0.245,4132087
1789154888,0,0,0.007,4132087
1789154888,0,0,0.004,4132087
1789154888,6,0,0.005,4132087
1789154891,7,0,2.714,4132087
1789154891,0,0,0.003,4132087
1789154891,6,0,0.007,4132087
1789154892,4,0,0.515,4132087
1789154892,4,0,0.571,4132087
1789154892,0,0,0.013,4132087
1789154892,6,0,0.007,4132087
1789154893,4,0,0.466,4132087
1789154893,3,0,0.071,4132087
1789154893,4,0,0.308,4132087
1789154893,4,0,0.23,4132087
1789154893,0,0,0.005,4132087
1789154893,6,0,0.016,4132087
1789154894,4,0,0.375,4132087
1789154894,2,0,0.426,4132087
1789154894,0,0,0.004,4132087
1789154894,3,0,0.006,4132087
1789154894,3,0,0.166,4132087
1789154894,1,0,0.001,4132087
1789154894,3,0,0.063,4132087
1789154895,4,0,0.583,4132087
1789154896,5,0,1.205,4132087
1789154903,5,0,6.423,4132087
1789154903,3,0,0.015,4132087
1789154903,1,0,0.001,4132087
1789154903,0,0,0.007,4132087
1789154903,2,0,0.005,4132087
1789154903,3,0,0.053,4132087
1789154903,3,0,0.01,4132087
1789154903,2,0,0.003,4132087
1789154903,5,0,0.176,4132087
1789154903,2,0,0.003,4132087
1789154903,3,0,0.077,4132087
1789154903,3,0,0.025,4132087
1789154904,5,0,0.773,4132087
1789154904,3,0,0.141,4132087
1789154904,3,0,0.069,4132087
1789154904,2,0,0.291,4132087
1789154904,5,0,0.229,4132087
1789154905,3,0,0.057,4132087
1789154905,6,0,0.005,4132087
1789154905,4,0,0.38,4132087
1789154905,4,0,0.594,4132087
1789154906,6,0,0.007,4132087
1789154906,2,0,0.884,4132087
1789154907,4,0,0.399,4132087
1789154907,5,0,0.164,4132087
1789154907,2,0,0.003,4132087
1789154908,4,0,0.641,4132087
1789154908,1,0,0.002,4132087
1789154908,0,0,0.016,4132087
1789154908,1,0,0.001,4132087
1789154909,4,0,1.285,4132087
1789154909,3,0,0.062,4132087
1789154909,4,0,0.506,4132087
1789154909,6,0,0.006,4132087
1789154910,4,0,0.216,4132087
1789154910,2,0,0.002,4132087
1789154914,7,0,4.186,4132087
1789154914,3,0,0.103,4132087
1789154915,2,0,0.781,4132087
1789154916,4,0,0.769,4132087
1789154916,3,0,0.054,4132087
1789154916,0,0,0.002,4132087
1789154916,4,0,0.563,4132087
1789154916,1,0,0.001,4132087
1789154917,2,0,0.992,4132087
1789154917,4,0,0.31,4132087
1789154918,2,0,0.787,4132087
1789154918,1,0,0.001,4132087
1789154919,4,0,0.571,4132087
1789154919,0,0,0.008,4132087
1789154919,2,0,0.004,4132087
1789154919,0,0,0.006,4132087
1789154920,2,0,0.884,4132087
1789154921,2,0,1.328,4132087
1789154921,1,0,0.001,4132087
1789154922,2,0,1.155,4132087
1789154922,6,0,0.007,4132087
1789154922,3,0,0.01,4132087
1789154922,5,0,0.27,4132087
1789154923,3,0,0.04,4132087
1789154923,3,0,0.067,4132087
1789154923,4,0,0.283,4132087
1789154923,6,0,0.008,4132087
1789154923,4,0,0.457,4132087
1789154923,2,0,0.001,4132087
1789154924,2,0,0.78,4132087
1789154924,2,0,0.002,4132087
1789154924,3,0,0.07,4132087
1789154924,6,0,0.006,4132087
1789154925,5,0,0.764,4132087
1789154925,2,0,0.002,4132087
1789154925,3,0,0.059,4132087
1789154925,2,0,0.434,4132087
1789154925,3,0,0.032,4132087
1789154926,0,0,0.024,4132087
1789154926,6,0,0.012,4132087
1789154926,3,0,0.141,4132087
1789154926,2,0,0.346,4132087
1789154926,4,0,0.221,4132087
1789154927,2,0,0.298,4132087
1789154927,2,0,0.011,4132087
1789154927,3,0,0.122,4132087
1789154927,1,0,0.002,4132087
1789154927,2,0,0.015,4132087
1789154927,0,0,0.013,4132087
1789154928,4,0,0.986,4132087
1789154929,4,0,0.83,4132087
1789154930,4,0,1.229,4132087
1789154930,3,0,0.008,4132087
1789154930,2,0,0,4132087
1789154930,1,0,0.001,4132087
1789154931,4,0,1.559,4132087
1789154931,1,0,0.001,4132087
1789154933,2,0,1.313,4132087
1789154933,2,0,0.001,4132087
1789154933,4,0,0.854,4132087
1789154934,3,0,0.036,4132087
1789154934,5,0,0.282,4132087
1789154934,0,0,0.005,4132087
1789154934,3,0,0.092,4132087
1789154934,4,0,0.591,4132087
1789154935,3,0,0.012,4132087
1789154935,0,0,0.012,4132087
1789154935,7,0,0.88,4132087
1789154935,0,0,0.011,4132087
1789154937,4,0,1.968,4132087
1789154937,6,0,0.005,4132087
1789154938,4,0,0.549,4132087
1789154938,0,0,0.003,4132087
1789154938,2,0,0.003,4132087
1789154938,0,0,0.004,4132087
1789154939,2,0,0.577,4132087
1789154939,0,0,0.026,4132087
1789154939,3,0,0.064,4132087
1789154939,4,0,0.654,4132087
1789154940,2,0,0.979,4132087
1789154941,4,0,0.352,4132087
1789154941,0,0,0.006,4132087
1789154941,1,0,0.001,4132087
1789154941,2,0,0.001,4132087
1789154941,3,0,0.068,4132087
1789154941,4,0,0.225,4132087
1789154942,2,0,0.859,4132087
1789154942,4,0,0.437,4132087
1789154942,3,0,0.008,4132087
1789154942,2,0,0.002,4132087
1789154942,3,0,0.008,4132087
1789154942,3,0,0.093,4132087
1789154942,3,0,0.056,4132087
1789154944,4,0,1.423,4132087
1789154947,7,0,3.061,4132087
1789154947,3,0,0.005,4132087
1789154947,4,0,0.554,4132087
1789154948,4,0,0.649,4132087
1789154948,3,0,0.088,4132087
1789154948,3,0,0.049,4132087
1789154948,6,0,0.005,4132087
1789154949,4,0,0.488,4132087
1789154949,6,0,0.004,4132087
1789154949,6,0,0.004,4132087
1789154949,0,0,0.004,4132087
1789154951,2,0,2.149,4132087
1789154951,2,0,0.018,4132087
1789154951,0,0,0.007,4132087
1789154951,3,0,0.006,4132087
1789154951,3,0,0.051,4132087
1789154951,0,0,0.013,4132087
1789154951,6,0,0.007,4132087
1789154952,4,0,0.701,4132087
1789154952,6,0,0.009,4132087
1789154952,0,0,0.017,4132087
1789154952,6,0,0.008,4132087
1789154952,4,0,0.648,4132087
1789154952,0,0,0.004,4132087
1789154952,0,0,0.013,4132087
1789154953,4,0,1.076,4132087
1789154954,4,0,0.76,4132087
1789154954,6,0,0.009,4132087
1789154954,6,0,0.004,4132087
1789154954,2,0,0.008,4132087
1789154955,4,0,0.844,4132087
1789154956,4,0,0.619,4132087
1789154956,0,0,0.006,4132087
1789154956,5,0,0.134,4132087
1789154957,4,0,1.416,4132087
1789154957,2,0,0.003,4132087
1789154958,4,0,0.35,4132087
1789154958,6,0,0.005,4132087
1789154958,3,0,0.101,4132087
1789154958,4,0,0.533,4132087
1789154958,2,0,0.001,4132087
1789154958,3,0,0.004,4132087
1789154958,7,0,0.156,4132087
1789154958,6,0,0.012,4132087
1789154959,4,0,0.55,4132087
1789154960,4,0,0.62,4132087
1789154960,0,0,0.006,4132087
1789154960,3,0,0.002,4132087
1789154960,6,0,0.005,4132087
1789154960,3,0,0.056,4132087
1789154960,0,0,0.006,4132087
1789154960,1,0,0.001,4132087
1789154960,2,0,0.003,4132087
1789154960,4,0,0.637,4132087
1789154960,6,0,0.005,4132087
1789154961,2,0,0.272,4132087
1789154961,4,0,0.487,4132087
1789154961,6,0,0.006,4132087
1789154962,4,0,0.693,4132087
1789154962,5,0,0.161,4132087
1789154962,2,0,0.583,4132087
1789154963,4,0,0.59,4132087
1789154963,0,0,0.011,4132087
1789154963,6,0,0.013,4132087
1789154963,6,0,0.005,4132087
1789154963,5,0,0.205,4132087
1789154964,4,0,1.108,4132087
1789154964,2,0,0.002,4132087
1789154965,4,0,1.064,4132087
1789154965,1,0,0.002,4132087
1789154966,2,0,0.294,4132087
1789154966,3,0,0.105,4132087
1789154966,3,0,0.007,4132087
1789154966,0,0,0.014,4132087
1789154967,4,0,1.489,4132087
1789154967,3,0,0.053,4132087
1789154967,0,0,0.039,4132087
1789154968,3,0,0.062,4132087
1789154968,3,0,0.028,4132087
1789154968,6,0,0.005,4132087
1789154969,4,0,1.172,4132087
1789154969,3,0,0.041,4132087
1789154969,6,0,0.009,4132087
1789154969,3,0,0.007,4132087
1789154969,4,0,0.401,4132087
1789154970,2,0,1.237,4132087
1789154970,2,0,0.004,4132087
1789154971,4,0,0.25,4132087
1789154971,6,0,0.019,4132087
1789154971,2,0,0.003,4132087
1789154971,2,0,0.44,4132087
1789154971,6,0,0.006,4132087
1789154971,2,0,0.194,4132087
1789154972,4,0,0.405,4132087
1789154972,4,0,0.299,4132087
1789154974,5,0,1.749,4132087
1789154974,2,0,0.667,4132087
1789154975,2,0,0.671,4132087
1789154975,3,0,0.05,4132087
1789154977,2,0,1.739,4132087
1789154977,0,0,0.008,4132087
1789154977,4,0,0.204,4132087
1789154977,1,0,0.002,4132087
1789154977,2,0,0.002,4132087
1789154977,3,0,0.041,4132087
1789154977,3,0,0.007,4132087
1789154977,2,0,0.002,4132087
1789154977,6,0,0.009,4132087
1789154977,3,0,0.009,4132087
1789154978,2,0,0.412,4132087
1789154978,5,0,0.136,4132087
1789154978,0,0,0.009,4132087
1789154978,2,0,0.716,4132087
1789154979,3,0,0.031,4132087
1789154979,5,0,0.216,4132087
1789154979,3,0,0.076,4132087
1789154979,0,0,0.007,4132087
1789154979,3,0,0.004,4132087
1789154979,0,0,0.007,4132087
1789154979,1,0,0.001,4132087
1789154979,0,0,0.016,4132087
1789154979,2,0,0.001,4132087
1789154979,3,0,0.104,4132087
1789154979,0,0,0.022,4132087
1789154979,3,0,0.004,4132087
1789154980,2,0,1.406,4132087
1789154980,0,0,0.011,4132087
1789154981,5,0,0.519,4132087
1789154982,4,0,0.615,4132087
1789154982,4,0,0.323,4132087
1789154982,3,0,0.033,4132087
1789154982,3,0,0.112,4132087
1789154983,4,0,0.848,4132087
1789154983,5,0,0.12,4132087
1789154984,4,0,0.696,4132087
1789154984,0,0,0.016,4132087
1789154984,0,0,0.006,4132087
1789154984,4,0,0.62,4132087
1789154984,0,0,0.011,4132087
1789154984,0,0,0.005,4132087
1789154984,0,0,0.051,4132087
1789154984,6,0,0.009,4132087
1789154984,0,0,0.016,4132087
1789154984,0,0,0.007,4132087
1789154985,5,0,0.166,4132087
1789154985,4,0,0.663,4132087
1789154986,4,0,0.616,4132087
1789154986,0,0,0.013,4132087
1789154986,2,0,0.474,4132087
1789154986,3,0,0.119,4132087
1789154986,1,0,0,4132087
1789154987,3,0,0.243,4132087
1789154987,6,0,0.009,4132087
1789154987,6,0,0.005,4132087
1789154987,0,0,0.046,4132087
1789154990,5,0,2.747,4132087
1789154990,3,0,0.05,4132087
1789154990,2,0,0.002,4132087
1789154991,4,0,0.982,4132087
1789154991,3,0,0.01,4132087
1789154991,3,0,0.093,4132087
1789154991,3,0,0.013,4132087
1789154991,2,0,0.002,4132087
1789154991,4,0,0.472,4132087
1789154991,3,0,0.054,4132087
1789154991,0,0,0.023,4132087
1789154991,6,0,0.008,4132087
1789154991,3,0,0.057,4132087
1789154992,4,0,0.412,4132087
1789154992,4,0,0.786,4132087
1789154993,5,0,0.665,4132087
1789154993,3,0,0.111,4132087
1789154994,4,0,0.379,4132087
1789154998,7,0,4.737,4132087
1789154999,4,0,0.573,4132087
1789154999,6,0,0.006,4132087
1789154999,5,0,0.115,4132087
1789154999,4,0,0.399,4132087
1789154999,1,0,0.001,4132087
1789154999,0,0,0.009,4132087
1789155000,5,0,0.12,4132087
1789155000,4,0,0.509,4132087
1789155000,2,0,0.353,4132087
1789155000,3,0,0.022,4132087
1789155001,3,0,0.052,4132087
1789155005,5,0,4.911,4132087
1789155007,2,0,1.079,4132087
1789155008,2,0,1.026,4132087
1789155008,1,0,0.001,4132087
1789155008,3,0,0.101,4132087
1789155012,5,0,4.003,4132087
1789155012,2,0,0.001,4132087
1789155012,4,0,0.388,4132087
1789155013,4,0,1.313,4132087
1789155014,5,0,0.454,4132087
1789155014,0,0,0.005,4132087
1789155014,5,0,0.591,4132087
1789155014,2,0,0.001,4132087
1789155015,2,0,0.585,4132087
1789155016,4,0,0.784,4132087
1789155016,6,0,0.004,4132087
1789155016,4,0,0.351,4132087
1789155016,2,0,0.002,4132087
1789155016,0,0,0.029,4132087
1789155020,5,0,3.776,4132087
1789155021,4,0,0.703,4132087
1789155022,5,0,1.046,4132087
1789155022,3,0,0.102,4132087
1789155022,3,0,0.042,4132087
1789155022,1,0,0.001,4132087
1789155022,2,0,0.001,4132087
1789155022,3,0,0.053,4132087
1789155022,6,0,0.009,4132087
1789155022,4,0,0.439,4132087
1789155023,4,0,0.322,4132087
1789155023,6,0,0.009,4132087
1789155023,0,0,0.024,4132087
1789155023,0,0,0.01,4132087
1789155027,5,0,4.177,4132087
1789155027,3,0,0.05,4132087
1789155027,0,0,0.005,4132087
1789155027,3,0,0.007,4132087
1789155027,2,0,0.43,4132087
1789155027,0,0,0.013,4132087
1789155028,4,0,0.481,4132087
1789155028,3,0,0.068,4132087
1789155028,0,0,0.013,4132087
1789155028,0,0,0.009,4132087
1789155029,4,0,0.867,4132087
1789155029,7,0,0.168,4132087
1789155029,4,0,0.422,4132087
1789155029,2,0,0.003,4132087
1789155029,6,0,0.006,4132087
1789155030,4,0,0.446,4132087
1789155030,0,0,0.032,4132087
1789155030,4,0,0.28,4132087
1789155030,6,0,0.006,4132087
1789155030,3,0,0.082,4132087
1789155030,6,0,0.006,4132087
1789155031,4,0,0.366,4132087
1789155034,5,0,2.86,4132087
1789155034,4,0,0.872,4132087
1789155035,4,0,0.586,4132087
1789155035,2,0,0.001,4132087
1789155035,0,0,0.003,4132087
1789155035,2,0,0.001,4132087
1789155035,2,0,0.002,4132087
1789155035,3,0,0.125,4132087
1789155035,0,0,0.012,4132087
1789155036,4,0,0.499,4132087
1789155039,5,0,3.159,4132087
1789155039,5,0,0.421,4132087
1789155039,4,0,0.267,4132087
1789155040,3,0,0.094,4132087
1789155040,1,0,0.001,4132087
1789155040,6,0,0.017,4132087
1789155040,4,0,0.551,4132087
1789155040,6,0,0.007,4132087
1789155040,2,0,0.001,4132087
1789155040,3,0,0.117,4132087
1789155040,1,0,0.001,4132087
1789155041,4,0,0.408,4132087
1789155041,6,0,0.01,4132087
1789155046,5,0,5.432,4132087
1789155046,3,0,0.009,4132087
1789155046,7,0,0.181,4132087
1789155046,0,0,0.007,4132087
1789155046,5,0,0.121,4132087
1789155047,4,0,0.211,4132087
1789155047,4,0,0.542,4132087
1789155047,2,0,0.003,4132087
1789155048,4,0,0.36,4132087
1789155048,4,0,0.661,4132087
1789155048,3,0,0.009,4132087
1789155048,3,0,0.253,4132087
1789155048,0,0,0.004,4132087
1789155048,0,0,0.011,4132087
1789155049,3,0,0.045,4132087
1789155049,3,0,0.036,4132087
1789155049,3,0,0.052,4132087
1789155050,4,0,1.487,4132087
1789155050,3,0,0.003,4132087
1789155051,4,0,0.489,4132087
1789155051,6,0,0.009,4132087
1789155051,6,0,0.004,4132087
1789155051,4,0,0.317,4132087
1789155051,0,0,0.009,4132087
1789155051,5,0,0.464,4132087
1789155056,7,0,4.355,4132087
1789155060,5,0,4.261,4132087
1789155060,5,0,0.165,4132087
1789155060,3,0,0.008,4132087
1789155061,4,0,0.694,4132087
1789155063,4,0,1.733,4132087
1789155063,0,0,0.006,4132087
1789155063,0,0,0.005,4132087
1789155063,1,0,0.001,4132087
1789155063,0,0,0.012,4132087
1789155063,4,0,0.473,4132087
1789155065,5,0,1.424,4132087
1789155065,3,0,0.007,4132087
1789155065,0,0,0.005,4132087
1789155066,4,0,1.368,4132087
1789155066,2,0,0.587,4132087
1789155066,0,0,0.005,4132087
1789155068,4,0,1.065,4132087
1789155068,3,0,0.078,4132087
1789155068,0,0,0.028,4132087
1789155068,6,0,0.003,4132087
1789155068,6,0,0.005,4132087
1789155068,0,0,0.003,4132087
1789155068,0,0,0.007,4132087
1789155068,6,0,0.014,4132087
1789155068,0,0,0.032,4132087
1789155068,3,0,0.01,4132087
1789155068,5,0,0.633,4132087
1789155068,3,0,0.079,4132087
1789155068,1,0,0.001,4132087
1789155068,3,0,0.006,4132087
1789155069,5,0,0.096,4132087
1789155069,6,0,0.008,4132087
1789155069,6,0,0.006,4132087
1789155069,4,0,0.611,4132087
1789155069,6,0,0.005,4132087
1789155069,6,0,0.006,4132087
1789155069,2,0,0.004,4132087
1789155069,6,0,0.004,4132087
1789155069,6,0,0.005,4132087
1789155069,3,0,0.074,4132087
1789155070,4,0,0.767,4132087
1789155070,3,0,0.174,4132087
1789155070,6,0,0.006,4132087
1789155071,4,0,0.686,4132087
1789155075,5,0,3.897,4132087
1789155075,6,0,0.004,4132087
1789155075,1,0,0.001,4132087
1789155076,5,0,0.987,4132087
1789155076,2,0,0.002,4132087
1789155076,3,0,0.018,4132087
1789155076,3,0,0.118,4132087
1789155076,4,0,0.326,4132087
1789155076,3,0,0.025,4132087
1789155076,6,0,0.005,4132087
1789155076,3,0,0.008,4132087
1789155081,7,0,4.603,4132087
1789155081,6,0,0.005,4132087
1789155085,5,0,4.219,4132087
1789155085,6,0,0.009,4132087
1789155085,1,0,0.002,4132087
1789155085,6,0,0.011,4132087
1789155085,0,0,0.012,4132087
1789155085,3,0,0.104,4132087
1789155085,0,0,0.008,4132087
1789155085,0,0,0.005,4132087
1789155085,6,0,0.004,4132087
1789155089,5,0,3.856,4132087
1789155093,5,0,4.245,4132087
1789155093,1,0,0.001,4132087
1789155093,2,0,0.002,4132087
1789155093,3,0,0.016,4132087
1789155094,2,0,0.789,4132087
1789155095,4,0,0.641,4132087
1789155095,2,0,0.002,4132087
1789155095,5,0,0.457,4132087
1789155095,1,0,0.001,4132087
1789155096,2,0,0.307,4132087
1789155096,0,0,0.006,4132087
1789155096,1,0,0.001,4132087
1789155096,5,0,0.104,4132087
1789155096,4,0,0.315,4132087
1789155096,2,0,0.428,4132087
1789155098,5,0,1.051,4132087
1789155098,0,0,0.006,4132087
1789155098,2,0,0.655,4132087
1789155098,5,0,0.222,4132087
1789155098,3,0,0.064,4132087
1789155099,5,0,1.008,4132087
1789155101,5,0,1.128,4132087
1789155101,1,0,0.001,4132087
1789155101,2,0,0.002,4132087
1789155101,2,0,0.246,4132087
1789155101,3,0,0.012,4132087
1789155101,2,0,0.003,4132087
1789155102,4,0,1.062,4132087
1789155102,7,0,0.226,4132087
1789155102,6,0,0.006,4132087
1789155102,3,0,0.006,4132087
1789155102,5,0,0.17,4132087
1789155102,3,0,0.082,4132087
1789155102,1,0,0.001,4132087
1789155103,4,0,0.177,4132087
1789155103,2,0,0.002,4132087
1789155103,2,0,0.002,4132087
1789155107,7,0,4.6,4132087
1789155107,3,0,0.003,4132087
1789155107,3,0,0.06,4132087
1789155108,4,0,0.73,4132087
1789155109,7,0,0.706,4132087
1789155109,2,0,0.012,4132087
1789155109,3,0,0.118,4132087
1789155109,3,0,0.003,4132087
1789155109,5,0,0.422,4132087
1789155114,7,0,4.404,4132087
1789155114,3,0,0.086,4132087
1789155114,4,0,0.475,4132087
1789155114,1,0,0.001,4132087
1789155114,6,0,0.005,4132087
1789155114,0,0,0.016,4132087
1789155114,5,0,0.204,4132087
1789155114,0,0,0.005,4132087
1789155114,3,0,0.003,4132087
1789155114,0,0,0.003,4132087
1789155115,4,0,0.544,4132087
1789155115,3,0,0.058,4132087
1789155117,4,0,1.742,4132087
1789155117,6,0,0.008,4132087
1789155117,0,0,0.005,4132087
1789155117,5,0,0.325,4132087
1789155117,0,0,0.014,4132087
1789155117,3,0,0.035,4132087
1789155117,0,0,0.004,4132087
1789155117,6,0,0.005,4132087
1789155117,1,0,0.001,4132087
1789155117,0,0,0.011,4132087
1789155117,6,0,0.004,4132087
1789155118,4,0,0.349,4132087
1789155118,5,0,0.297,4132087
1789155118,6,0,0.009,4132087
1789155118,2,0,0,4132087
1789155119,4,0,0.934,4132087
1789155119,3,0,0.111,4132087
1789155120,4,0,0.65,4132087
1789155120,3,0,0.149,4132087
1789155120,3,0,0.091,4132087
1789155122,4,0,1.76,4132087
1789155122,3,0,0.007,4132087
1789155126,5,0,4.428,4132087
1789155126,4,0,0.371,4132087
1789155126,3,0,0.042,4132087
1789155128,4,0,1.144,4132087
1789155128,1,0,0.001,4132087
1789155129,4,0,1.192,4132087
1789155129,1,0,0.001,4132087
1789155129,0,0,0.039,4132087
1789155129,3,0,0.114,4132087
1789155130,2,0,1.298,4132087
1789155130,0,0,0.002,4132087
1789155130,3,0,0.006,4132087
1789155131,4,0,0.753,4132087
1789155131,1,0,0.002,4132087
1789155131,0,0,0.02,4132087
1789155131,6,0,0.006,4132087
1789155131,0,0,0.006,4132087
1789155131,0,0,0.006,4132087
1789155131,3,0,0.002,4132087
1789155131,0,0,0.003,4132087
1789155131,3,0,0.066,4132087
1789155131,2,0,0.003,4132087
1789155132,2,0,0.585,4132087
1789155132,2,0,0.508,4132087
1789155132,3,0,0.044,4132087
1789155132,0,0,0.01,4132087
1789155132,3,0,0.068,4132087
1789155133,2,0,0.655,4132087
1789155133,1,0,0.001,4132087
1789155133,3,0,0.004,4132087
1789155133,3,0,0.051,4132087
1789155133,0,0,0.003,4132087
1789155133,3,0,0.006,4132087
1789155134,5,0,0.98,4132087
1789155134,5,0,0.144,4132087
1789155134,3,0,0.114,4132087
1789155134,3,0,0.005,4132087
1789155134,0,0,0.006,4132087
1789155134,5,0,0.175,4132087
1789155134,0,0,0.042,4132087
1789155134,6,0,0.008,4132087
1789155135,4,0,0.356,4132087
1789155135,6,0,0.005,4132087
1789155135,3,0,0.045,4132087
1789155136,4,0,1.036,4132087
1789155139,5,0,3.319,4132087
1789155139,3,0,0.063,4132087
1789155139,3,0,0.003,4132087
1789155139,0,0,0.009,4132087
1789155140,2,0,0.267,4132087
1789155140,2,0,0.3,4132087
1789155140,1,0,0.001,4132087
1789155140,0,0,0.005,4132087
1789155140,0,0,0.01,4132087
1789155140,6,0,0.012,4132087
1789155140,1,0,0.001,4132087
1789155141,4,0,0.699,4132087
1789155141,2,0,0.003,4132087
1789155141,2,0,0.024,4132087
1789155141,1,0,0.001,4132087
1789155141,3,0,0.01,4132087
1789155145,7,0,4.464,4132087
1789155145,3,0,0.05,4132087
1789155145,3,0,0.076,4132087
1789155145,3,0,0.004,4132087
1789155146,4,0,0.331,4132087
1789155147,7,0,0.942,4132087
1789155147,4,0,0.269,4132087
1789155147,3,0,0.059,4132087
1789155147,5,0,0.16,4132087
1789155148,4,0,0.559,4132087
1789155148,4,0,0.751,4132087
1789155152,5,0,3.242,4132087
1789155152,0,0,0.005,4132087
1789155152,2,0,0.001,4132087
1789155152,3,0,0.03,4132087
1789155156,7,0,4.112,4132087
1789155156,0,0,0.004,4132087
1789155156,3,0,0.009,4132087
1789155156,5,0,0.207,4132087
1789155156,6,0,0.012,4132087
1789155156,1,0,0.002,4132087
1789155156,4,0,0.308,4132087
1789155156,6,0,0.003,4132087
1789155156,6,0,0.007,4132087
1789155158,4,0,1.491,4132087
1789155158,4,0,0.349,4132087
1789155158,5,0,0.132,4132087
1789155159,4,0,0.426,4132087
1789155159,1,0,0.001,4132087
1789155159,4,0,0.735,4132087
1789155159,2,0,0.002,4132087
1789155164,5,0,4.367,4132087
1789155164,3,0,0.056,4132087
1789155164,0,0,0.005,4132087
1789155164,3,0,0.076,4132087
1789155164,2,0,0.317,4132087
1789155164,2,0,0.002,4132087
1789155164,0,0,0.004,4132087
1789155165,4,0,0.341,4132087
1789155165,6,0,0.005,4132087
1789155165,0,0,0.004,4132087
1789155165,3,0,0.096,4132087
1789155165,3,0,0.008,4132087
1789155165,5,0,0.123,4132087
1789155165,1,0,0.001,4132087
1789155165,3,0,0.045,4132087
1789155166,4,0,1.123,4132087
1789155166,2,0,0.393,4132087
1789155167,4,0,0.707,4132087
1789155167,3,0,0.062,4132087
1789155167,3,0,0.197,4132087
1789155167,3,0,0.074,4132087
1789155167,3,0,0.052,4132087
1789155167,1,0,0.001,4132087
1789155168,3,0,0.041,4132087
1789155168,5,0,0.619,4132087
1789155168,1,0,0.001,4132087
1789155169,2,0,0.708,4132087
1789155169,1,0,0.002,4132087
1789155169,6,0,0.006,4132087
1789155169,7,0,0.154,4132087
1789155169,1,0,0.001,4132087
1789155174,5,0,4.871,4132087
1789155174,2,0,0.58,4132087
1789155175,4,0,1.026,4132087
1789155175,0,0,0.026,4132087
1789155176,6,0,0.019,4132087
1789155176,5,0,0.932,4132087
1789155177,4,0,0.795,4132087
1789155177,3,0,0.005,4132087
1789155177,0,0,0.007,4132087
1789155177,3,0,0.081,4132087
1789155177,3,0,0.006,4132087
1789155177,0,0,0.004,4132087
1789155178,5,0,0.295,4132087
1789155178,4,0,0.535,4132087
1789155182,5,0,4.08,4132087
1789155182,6,0,0.006,4132087
1789155182,0,0,0.012,4132087
1789155182,2,0,0.002,4132087
1789155182,5,0,0.114,4132087
1789155182,0,0,0.012,4132087
1789155183,5,0,0.112,4132087
1789155184,4,0,1.463,4132087
1789155184,3,0,0.011,4132087
1789155184,3,0,0.093,4132087
1789155184,3,0,0.026,4132087
1789155184,3,0,0.006,4132087
1789155184,6,0,0.006,4132087
1789155184,7,0,0.161,4132087
1789155185,4,0,0.28,4132087
1789155185,1,0,0.001,4132087
1789155185,4,0,0.491,4132087
1789155185,5,0,0.13,4132087
1789155186,4,0,0.608,4132087
1789155186,0,0,0.009,4132087
1789155186,6,0,0.008,4132087
1789155186,5,0,0.115,4132087
1789155186,5,0,0.109,4132087
1789155186,5,0,0.104,4132087
1789155187,4,0,1,4132087
1789155191,5,0,4.27,4132087
1789155191,6,0,0.007,4132087
1789155192,4,0,0.97,4132087
1789155192,6,0,0.024,4132087
1789155192,0,0,0.026,4132087
1789155192,0,0,0.011,4132087
1789155193,5,0,0.124,4132087
1789155193,0,0,0.018,4132087
1789155193,2,0,0.802,4132087
1789155194,5,0,0.168,4132087
1789155194,0,0,0.034,4132087
1789155194,5,0,0.791,4132087
1789155194,0,0,0.04,4132087
1789155194,0,0,0.01,4132087
1789155194,0,0,0.004,4132087
1789155194,2,0,0.003,4132087
1789155195,3,0,0.086,4132087
1789155195,3,0,0.025,4132087
1789155195,6,0,0.006,4132087
1789155195,6,0,0.006,4132087
1789155195,6,0,0.007,4132087
1789155195,1,0,0.001,4132087
1789155195,3,0,0.034,4132087
1789155195,5,0,0.627,4132087
1789155195,0,0,0.009,4132087
1789155195,3,0,0.029,4132087
1789155196,4,0,0.59,4132087
1789155196,2,0,0.331,4132087
1789155196,0,0,0.003,4132087
1789155196,3,0,0.081,4132087
1789155201,7,0,5.074,4132087
1789155201,0,0,0.008,4132087
1789155202,4,0,1.109,4132087
1789155203,3,0,0.045,4132087
1789155203,4,0,0.308,4132087
1789155203,4,0,0.407,4132087
1789155203,0,0,0.005,4132087
1789155203,6,0,0.008,4132087
1789155203,6,0,0.005,4132087
1789155204,7,0,0.627,4132087
1789155204,6,0,0.006,4132087
1789155204,5,0,0.153,4132087
1789155204,2,0,0.391,4132087
1789155205,4,0,0.503,4132087
1789155207,4,0,1.837,4132087
1789155207,4,0,0.439,4132087
1789155207,2,0,0.001,4132087
1789155207,3,0,0.054,4132087
1789155207,0,0,0.01,4132087
1789155208,5,0,0.67,4132087
1789155209,2,0,0.577,4132087
1789155209,0,0,0.012,4132087
1789155209,6,0,0.01,4132087
1789155210,2,0,1.857,4132087
1789155210,3,0,0.077,4132087
1789155211,5,0,0.112,4132087
1789155211,0,0,0.004,4132087
1789155211,6,0,0.004,4132087
1789155211,3,0,0.019,4132087
1789155211,4,0,0.6,4132087
1789155212,4,0,0.344,4132087
1789155212,0,0,0.01,4132087
1789155212,6,0,0.008,4132087
1789155215,7,0,3.711,4132087
1789155216,2,0,0.368,4132087
1789155216,6,0,0.005,4132087
1789155216,0,0,0.007,4132087
1789155216,2,0,0.001,4132087
1789155216,6,0,0.005,4132087
1789155216,4,0,0.642,4132087
1789155218,2,0,2.05,4132087
1789155218,6,0,0.01,4132087
1789155218,6,0,0.015,4132087
1789155219,5,0,0.219,4132087
1789155219,0,0,0.029,4132087
1789155219,2,0,0.001,4132087
1789155219,0,0,0.011,4132087
1789155219,3,0,0.014,4132087
1789155219,1,0,0.002,4132087
1789155219,3,0,0.082,4132087
1789155224,5,0,4.973,4132087
1789155224,6,0,0.006,4132087
1789155224,4,0,0.751,4132087
1789155225,2,0,0.324,4132087
1789155225,6,0,0.006,4132087
1789155226,2,0,0.709,4132087
1789155226,3,0,0.149,4132087
1789155230,5,0,3.934,4132087
1789155230,3,0,0.058,4132087
1789155230,4,0,0.781,4132087
1789155230,0,0,0.008,4132087
1789155230,1,0,0.001,4132087
1789155230,6,0,0.01,4132087
1789155231,4,0,0.345,4132087
1789155231,2,0,0.002,4132087
1789155231,4,0,0.302,4132087
1789155231,3,0,0.055,4132087
1789155231,6,0,0.006,4132087
1789155232,2,0,1.255,4132087
1789155232,0,0,0.013,4132087
1789155233,2,0,0.625,4132087
1789155233,0,0,0.051,4132087
1789155233,2,0,0.003,4132087
1789155233,3,0,0.061,4132087
1789155233,6,0,0.034,4132087
1789155235,4,0,1.512,4132087
1789155235,2,0,0.489,4132087
1789155235,3,0,0.082,4132087
1789155235,0,0,0.004,4132087
1789155236,4,0,0.211,4132087
1789155236,3,0,0.006,4132087
1789155236,1,0,0.001,4132087
1789155236,4,0,0.501,4132087
1789155236,3,0,0.008,4132087
1789155236,0,0,0.004,4132087
1789155237,4,0,0.743,4132087
1789155237,0,0,0.013,4132087
1789155237,5,0,0.579,4132087
1789155237,6,0,0.026,4132087
1789155238,4,0,0.3,4132087
1789155239,4,0,1.178,4132087
1789155239,6,0,0.009,4132087
1789155239,0,0,0.012,4132087
1789155239,4,0,0.27,4132087
1789155239,0,0,0.004,4132087
1789155240,5,0,0.712,4132087
1789155241,4,0,1.307,4132087
1789155241,3,0,0.091,4132087
1789155241,0,0,0.007,4132087
1789155242,4,0,0.322,4132087
1789155242,2,0,0.004,4132087
1789155242,1,0,0.001,4132087
1789155243,4,0,0.982,4132087
1789155243,2,0,0.001,4132087
1789155243,3,0,0.131,4132087
1789155243,1,0,0.001,4132087
1789155243,2,0,0.432,4132087
1789155243,5,0,0.138,4132087
1789155243,6,0,0.006,4132087
1789155244,2,0,1.187,4132087
1789155244,6,0,0.005,4132087
1789155245,4,0,0.912,4132087
1789155246,2,0,0.538,4132087
1789155246,6,0,0.008,4132087
1789155246,4,0,0.438,4132087
1789155246,2,0,0.005,4132087
1789155247,2,0,0.577,4132087
1789155247,6,0,0.005,4132087
1789155247,0,0,0.009,4132087
1789155249,2,0,1.587,4132087
1789155249,3,0,0.027,4132087
1789155249,0,0,0.005,4132087
1789155249,3,0,0.063,4132087
1789155249,4,0,0.193,4132087
1789155249,4,0,0.33,4132087
1789155250,4,0,0.682,4132087
1789155250,4,0,0.437,4132087
1789155251,4,0,0.954,4132087
1789155252,2,0,0.261,4132087
1789155252,1,0,0.001,4132087
1789155252,2,0,0.001,4132087
1789155252,3,0,0.064,4132087
1789155252,0,0,0.005,4132087
1789155252,2,0,0.002,4132087
1789155252,2,0,0.715,4132087
1789155252,0,0,0.005,4132087
1789155253,2,0,1.066,4132087
1789155254,3,0,0.11,4132087
1789155254,0,0,0.008,4132087
1789155254,4,0,0.753,4132087
1789155255,4,0,0.666,4132087
1789155255,1,0,0.001,4132087
1789155255,4,0,0.414,4132087
1789155255,0,0,0.004,4132087
1789155255,6,0,0.006,4132087
1789155255,0,0,0.004,4132087
1789155255,0,0,0.006,4132087
1789155256,2,0,0.987,4132087
1789155257,4,0,0.416,4132087
1789155257,2,0,0.002,4132087
1789155257,1,0,0.001,4132087
1789155257,6,0,0.007,4132087
1789155257,3,0,0.057,4132087
1789155257,4,0,0.477,4132087
1789155257,0,0,0.005,4132087
1789155258,4,0,0.691,4132087
1789155258,2,0,0.002,4132087
1789155258,4,0,0.293,4132087
1789155258,0,0,0.006,4132087
1789155259,4,0,0.7,4132087
1789155259,3,0,0.007,4132087
1789155263,5,0,3.713,4132087
1789155263,2,0,0.69,4132087
1789155263,3,0,0.039,4132087
1789155264,4,0,0.441,4132087
1789155264,0,0,0.003,4132087
1789155264,4,0,0.558,4132087
1789155265,4,0,0.471,4132087
1789155266,2,0,0.686,4132087
1789155266,0,0,0.005,4132087
1789155266,6,0,0.008,4132087
1789155266,3,0,0.01,4132087
1789155266,3,0,0.024,4132087
1789155266,2,0,0.54,4132087
1789155266,6,0,0.014,4132087
1789155266,0,0,0.006,4132087
1789155267,2,0,0.484,4132087
1789155267,4,0,0.314,4132087
1789155267,6,0,0.007,4132087
1789155267,3,0,0.008,4132087
1789155267,6,0,0.007,4132087
1789155267,3,0,0.005,4132087
1789155268,5,0,0.501,4132087
1789155268,3,0,0.036,4132087
1789155268,4,0,0.487,4132087
1789155269,4,0,0.519,4132087
1789155269,4,0,0.426,4132087
1789155269,1,0,0.002,4132087
1789155269,3,0,0.039,4132087
1789155269,0,0,0.005,4132087
1789155271,2,0,1.712,4132087
1789155271,6,0,0.003,4132087
1789155272,4,0,1.714,4132087
1789155273,5,0,0.358,4132087
1789155273,4,0,0.324,4132087
1789155273,2,0,0.001,4132087
1789155274,4,0,0.643,4132087
1789155274,4,0,0.02,4132087
1789155274,3,0,0.017,4132087
1789155274,4,0,0.541,4132087
1789155274,2,0,0.002,4132087
1789155274,1,0,0.001,4132087
1789155276,4,0,1.171,4132087
1789155279,5,0,3.906,4132087
1789155279,2,0,0.003,4132087
1789155280,4,0,0.707,4132087
1789155281,4,0,0.516,4132087
1789155281,0,0,0.005,4132087
1789155281,0,0,0.013,4132087
1789155281,0,0,0.005,4132087
1789155281,2,0,0.283,4132087
1789155281,5,0,0.14,4132087
1789155281,4,0,0.199,4132087
1789155282,4,0,0.81,4132087
1789155282,6,0,0.006,4132087
1789155282,0,0,0.006,4132087
1789155282,3,0,0.035,4132087
1789155282,1,0,0.002,4132087
1789155282,6,0,0.006,4132087
1789155282,0,0,0.01,4132087
1789155282,2,0,0.001,4132087
1789155282,5,0,0.118,4132087
1789155283,2,0,0.744,4132087
1789155284,4,0,0.49,4132087
1789155284,3,0,0.04,4132087
1789155285,4,0,1.374,4132087
1789155285,3,0,0.044,4132087
1789155285,0,0,0.003,4132087
1789155285,3,0,0.066,4132087
1789155286,4,0,0.942,4132087
1789155286,0,0,0.034,4132087
1789155287,4,0,0.734,4132087
1789155287,1,0,0.001,4132087
1789155287,5,0,0.106,4132087
1789155287,3,0,0.104,4132087
1789155287,6,0,0.007,4132087
1789155287,2,0,0.002,4132087
1789155287,1,0,0.001,4132087
1789155287,6,0,0.005,4132087
1789155287,3,0,0.009,4132087
1789155288,4,0,0.524,4132087
1789155288,3,0,0.014,4132087
1789155288,5,0,0.191,4132087
1789155289,4,0,1.473,4132087
1789155290,5,0,0.283,4132087
1789155290,0,0,0.036,4132087
1789155290,3,0,0.099,4132087
1789155290,3,0,0.016,4132087
1789155290,1,0,0.002,4132087
1789155290,0,0,0.012,4132087
1789155290,0,0,0.004,4132087
1789155290,0,0,0.005,4132087
1789155290,4,0,0.706,4132087
1789155291,4,0,0.791,4132087
1789155291,3,0,0.077,4132087
1789155291,6,0,0.008,4132087
1789155292,4,0,0.406,4132087
1789155292,0,0,0.004,4132087
1789155292,5,0,0.122,4132087
1789155295,5,0,3.649,4132087
1789155296,4,0,0.47,4132087
1789155296,3,0,0.025,4132087
1789155297,4,0,0.905,4132087
1789155297,2,0,0.279,4132087
1789155297,5,0,0.23,4132087
1789155299,5,0,1.322,4132087
1789155299,3,0,0.005,4132087
1789155299,4,0,0.386,4132087
1789155299,0,0,0.003,4132087
1789155299,3,0,0.004,4132087
1789155299,3,0,0.052,4132087
1789155299,3,0,0.083,4132087
1789155299,5,0,0.119,4132087
1789155300,3,0,0.14,4132087
1789155300,3,0,0.004,4132087
1789155300,5,0,0.163,4132087
1789155300,3,0,0.031,4132087
1789155300,3,0,0.035,4132087
1789155300,3,0,0.056,4132087
1789155300,6,0,0.008,4132087
1789155300,4,0,0.306,4132087
1789155300,1,0,0.001,4132087
1789155300,0,0,0.006,4132087
1789155300,4,0,0.339,4132087
1789155300,2,0,0.002,4132087
1789155300,2,0,0.003,4132087
1789155300,2,0,0.001,4132087
1789155300,0,0,0.004,4132087
1789155300,0,0,0.004,4132087
1789155301,4,0,0.728,4132087
1789155301,6,0,0.008,4132087
1789155302,2,0,0.96,4132087
1789155303,2,0,0.564,4132087
1789155303,0,0,0.004,4132087
1789155303,3,0,0.103,4132087
1789155303,2,0,0.028,4132087
1789155304,4,0,1.347,4132087
1789155304,0,0,0.006,4132087
1789155304,3,0,0.1,4132087
1789155304,0,0,0.008,4132087
1789155304,0,0,0.015,4132087
1789155305,4,0,0.688,4132087
1789155305,3,0,0.09,4132087
1789155305,2,0,0.001,4132087
1789155305,1,0,0.001,4132087
1789155305,3,0,0.004,4132087
1789155305,6,0,0.005,4132087
1789155305,0,0,0.014,4132087
1789155306,4,0,0.688,4132087
1789155306,3,0,0.061,4132087
1789155306,0,0,0.005,4132087
1789155306,4,0,0.311,4132087
1789155306,2,0,0.002,4132087
1789155306,6,0,0.009,4132087
1789155306,6,0,0.016,4132087
1789155307,4,0,0.277,4132087
1789155307,4,0,0.318,4132087
1789155307,0,0,0.009,4132087
1789155310,7,0,3.514,4132087
1789155310,1,0,0.001,4132087
1789155310,3,0,0.005,4132087
1789155310,1,0,0.001,4132087
1789155310,3,0,0.024,4132087
1789155311,5,0,0.776,4132087
1789155312,2,0,0.406,4132087
1789155312,4,0,0.828,4132087
1789155313,4,0,0.932,4132087
1789155314,7,0,0.224,4132087
1789155314,2,0,0.001,4132087
1789155314,6,0,0.01,4132087
1789155314,6,0,0.007,4132087
1789155314,6,0,0.008,4132087
1789155314,4,0,0.375,4132087
1789155314,4,0,0.442,4132087
1789155318,7,0,3.418,4132087
1789155318,2,0,0.005,4132087
1789155319,4,0,1.219,4132087
1789155320,4,0,1.166,4132087
1789155320,6,0,0.008,4132087
1789155322,2,0,1.282,4132087
1789155322,6,0,0.006,4132087
1789155322,0,0,0.005,4132087
1789155322,4,0,0.54,4132087
1789155322,2,0,0.003,4132087
1789155322,6,0,0.006,4132087
1789155322,3,0,0.056,4132087
1789155322,3,0,0.078,4132087
1789155322,3,0,0.054,4132087
1789155323,2,0,0.425,4132087
1789155323,0,0,0.009,4132087
1789155323,2,0,0.382,4132087
1789155323,1,0,0.003,4132087
1789155323,6,0,0.006,4132087
1789155323,6,0,0.003,4132087
1789155323,0,0,0.011,4132087
1789155324,4,0,0.58,4132087
1789155324,3,0,0.011,4132087
1789155324,4,0,0.68,4132087
1789155325,4,0,0.376,4132087
1789155325,4,0,0.741,4132087
1789155326,3,0,0.088,4132087
1789155326,3,0,0.079,4132087
1789155326,2,0,0.389,4132087
1789155326,2,0,0.003,4132087
1789155326,2,0,0.001,4132087
1789155326,0,0,0.007,4132087
1789155326,6,0,0.008,4132087
1789155326,3,0,0.011,4132087
1789155326,3,0,0.079,4132087
1789155326,2,0,0.002,4132087
1789155326,3,0,0.026,4132087
1789155326,3,0,0.087,4132087
1789155326,2,0,0.002,4132087
1789155327,4,0,0.424,4132087
1789155327,3,0,0.079,4132087
1789155327,1,0,0.002,4132087
1789155327,2,0,0.001,4132087
1789155327,6,0,0.006,4132087
1789155327,4,0,0.405,4132087
1789155327,1,0,0.001,4132087
1789155327,0,0,0.006,4132087
1789155327,0,0,0.008,4132087
1789155327,2,0,0.001,4132087
1789155328,4,0,0.46,4132087
1789155328,3,0,0.068,4132087
1789155328,3,0,0.049,4132087
1789155328,3,0,0.017,4132087
1789155328,6,0,0.021,4132087
1789155328,3,0,0.018,4132087
1789155333,5,0,5.354,4132087
1789155337,5,0,3.946,4132087
1789155337,6,0,0.004,4132087
1789155337,2,0,0.002,4132087
1789155337,6,0,0.007,4132087
1789155337,6,0,0.007,4132087
1789155338,4,0,0.419,4132087
1789155338,1,0,0.002,4132087
1789155338,4,0,0.453,4132087
1789155338,2,0,0.004,4132087
1789155338,3,0,0.004,4132087
1789155338,6,0,0.006,4132087
1789155339,4,0,0.487,4132087
1789155343,5,0,4.701,4132087
1789155343,3,0,0.028,4132087
1789155343,0,0,0.016,4132087
1789155349,5,0,5.29,4132087
1789155349,2,0,0.002,4132087
1789155349,4,0,0.847,4132087
1789155349,1,0,0.001,4132087
1789155350,4,0,0.17,4132087
1789155350,6,0,0.016,4132087
1789155350,6,0,0.018,4132087
1789155350,3,0,0.026,4132087
1789155350,2,0,0.63,4132087
1789155351,4,0,0.529,4132087
1789155351,0,0,0.012,4132087
1789155351,3,0,0.078,4132087
1789155351,1,0,0.001,4132087
1789155351,2,0,0.004,4132087
1789155351,0,0,0.009,4132087
1789155351,4,0,0.5,4132087
1789155352,4,0,0.299,4132087
1789155352,2,0,0.002,4132087
1789155352,4,0,0.531,4132087
1789155352,1,0,0.001,4132087
1789155353,4,0,0.42,4132087
1789155353,6,0,0.008,4132087
1789155353,2,0,0.002,4132087
1789155354,4,0,1.039,4132087
1789155354,3,0,0.01,4132087
1789155355,4,0,0.86,4132087
1789155355,0,0,0.006,4132087
1789155355,0,0,0.01,4132087
1789155355,2,0,0.003,4132087
1789155355,5,0,0.763,4132087
1789155355,0,0,0.012,4132087
1789155355,0,0,0.009,4132087
1789155355,6,0,0.012,4132087
1789155355,0,0,0.013,4132087
1789155355,6,0,0.007,4132087
1789155357,4,0,1.252,4132087
1789155358,4,0,1.573,4132087
1789155358,3,0,0.108,4132087
1789155358,3,0,0.072,4132087
1789155358,0,0,0.009,4132087
1789155358,3,0,0.061,4132087
1789155359,3,0,0.106,4132087
1789155359,3,0,0.004,4132087
1789155361,5,0,2.894,4132087
1789155361,3,0,0.008,4132087
1789155362,4,0,0.879,4132087
1789155363,2,0,0.781,4132087
1789155363,4,0,0.244,4132087
1789155363,6,0,0.005,4132087
1789155364,5,0,0.394,4132087
1789155367,7,0,3.302,4132087
1789155368,2,0,0.814,4132087
1789155369,4,0,0.916,4132087
1789155373,7,0,4.062,4132087
1789155374,4,0,0.96,4132087
1789155374,2,0,0.001,4132087
1789155375,2,0,1.018,4132087
1789155375,3,0,0.061,4132087
1789155375,4,0,0.409,4132087
1789155376,4,0,0.422,4132087
1789155376,3,0,0.05,4132087
1789155376,3,0,0.001,4132087
1789155376,3,0,0.089,4132087
1789155376,3,0,0.01,4132087
1789155377,4,0,1.106,4132087
1789155378,2,0,0.661,4132087
1789155378,STOP,,,4132087
