ctime,relid,schemaname,relname,seq_scan,seq_tup_read,idx_scan,idx_tup_fetch,n_tup_ins,n_tup_upd,n_tup_del,n_tup_hot_upd,n_tup_newpage_upd
1788934572.843599,1985363,public,settlement,0,0,0,0,0,0,0,0,0
1788934572.843599,1985486,public,last_trade,0,0,0,0,0,0,0,0,0
1788934572.843599,1985285,public,customer_taxrate,0,0,0,0,0,0,0,0,0
1788934572.843599,1985256,public,account_permission,0,0,0,0,0,0,0,0,0
1788934572.843599,1985507,public,news_xref,0,0,0,0,0,0,0,0,0
1788934572.843599,1985480,public,industry,0,0,0,0,0,0,0,0,0
1788934572.843599,1985343,public,charge,0,0,0,0,0,0,0,0,0
1788934572.843599,1985440,public,daily_market,0,0,0,0,0,0,0,0,0
1788934572.843599,1985422,public,company,0,0,0,0,0,0,0,0,0
1788934572.843599,1985325,public,broker,0,0,0,0,0,0,0,0,0
1788934572.843599,1985302,public,holding_history,0,0,0,0,0,0,0,0,0
1788934572.843599,1985460,public,financial,0,0,0,0,0,0,0,0,0
1788934572.843599,1985517,public,security,0,0,0,0,0,0,0,0,0
1788934572.843599,1985351,public,commission_rate,0,0,0,0,0,0,0,0,0
1788934572.843599,1985396,public,trade_history,0,0,0,0,0,0,0,0,0
1788934572.843599,1985275,public,customer_account,0,0,0,0,0,0,0,0,0
1788934572.843599,1985335,public,cash_transaction,0,0,0,0,0,0,0,0,0
1788934572.843599,1985290,public,holding,0,0,0,0,0,0,0,0,0
1788934572.843599,1985538,public,address,0,0,0,0,0,0,0,0,0
1788934572.843599,1985434,public,company_competitor,0,0,0,0,0,0,0,0,0
1788934572.843599,1985512,public,sector,0,0,0,0,0,0,0,0,0
1788934572.843599,1985415,public,trade_type,0,0,0,0,0,0,0,0,0
1788934572.843599,1985264,public,customer,0,0,0,0,0,0,0,0,0
1788934572.843599,1985451,public,exchange,0,0,0,0,0,0,0,0,0
1788934572.843599,1985543,public,status_type,0,0,0,0,0,0,0,0,0
1788934572.843599,1985402,public,trade_request,0,0,0,0,0,0,0,0,0
1788934572.843599,1985555,public,zip_code,0,0,0,0,0,0,0,0,0
1788934572.843599,1985548,public,taxrate,0,0,0,0,0,0,0,0,0
1788934572.843599,1985372,public,trade,0,0,0,0,0,0,0,0,0
1788934572.843599,1985496,public,news_item,0,0,0,0,0,0,0,0,0
1788934572.843599,1985309,public,holding_summary,0,0,0,0,0,0,0,0,0
1788934572.843599,1985315,public,watch_item,0,0,0,0,0,0,0,0,0
1788934572.843599,1985320,public,watch_list,0,0,0,0,0,0,0,0,0
1788934632.936732,1985363,public,settlement,0,0,0,0,0,0,0,0,0
1788934632.936732,1985486,public,last_trade,0,0,0,0,0,0,0,0,0
1788934632.936732,1985285,public,customer_taxrate,0,0,0,0,0,0,0,0,0
1788934632.936732,1985256,public,account_permission,0,0,0,0,0,0,0,0,0
1788934632.936732,1985507,public,news_xref,0,0,0,0,0,0,0,0,0
1788934632.936732,1985480,public,industry,0,0,0,0,0,0,0,0,0
1788934632.936732,1985343,public,charge,0,0,0,0,0,0,0,0,0
1788934632.936732,1985440,public,daily_market,0,0,0,0,0,0,0,0,0
1788934632.936732,1985422,public,company,0,0,0,0,0,0,0,0,0
1788934632.936732,1985325,public,broker,0,0,0,0,0,0,0,0,0
1788934632.936732,1985302,public,holding_history,0,0,0,0,0,0,0,0,0
1788934632.936732,1985460,public,financial,0,0,0,0,0,0,0,0,0
1788934632.936732,1985517,public,security,0,0,0,0,0,0,0,0,0
1788934632.936732,1985351,public,commission_rate,0,0,0,0,0,0,0,0,0
1788934632.936732,1985396,public,trade_history,0,0,0,0,0,0,0,0,0
1788934632.936732,1985275,public,customer_account,0,0,0,0,0,0,0,0,0
1788934632.936732,1985335,public,cash_transaction,0,0,0,0,0,0,0,0,0
1788934632.936732,1985290,public,holding,0,0,0,0,0,0,0,0,0
1788934632.936732,1985538,public,address,0,0,0,0,0,0,0,0,0
1788934632.936732,1985434,public,company_competitor,0,0,0,0,0,0,0,0,0
1788934632.936732,1985512,public,sector,0,0,0,0,0,0,0,0,0
1788934632.936732,1985415,public,trade_type,0,0,0,0,0,0,0,0,0
1788934632.936732,1985264,public,customer,0,0,0,0,0,0,0,0,0
1788934632.936732,1985451,public,exchange,0,0,0,0,0,0,0,0,0
1788934632.936732,1985543,public,status_type,0,0,0,0,0,0,0,0,0
1788934632.936732,1985402,public,trade_request,0,0,0,0,0,0,0,0,0
1788934632.936732,1985555,public,zip_code,0,0,0,0,0,0,0,0,0
1788934632.936732,1985548,public,taxrate,0,0,0,0,0,0,0,0,0
1788934632.936732,1985372,public,trade,0,0,0,0,0,0,0,0,0
1788934632.936732,1985496,public,news_item,0,0,0,0,0,0,0,0,0
1788934632.936732,1985309,public,holding_summary,0,0,0,0,0,0,0,0,0
1788934632.936732,1985315,public,watch_item,0,0,0,0,0,0,0,0,0
1788934632.936732,1985320,public,watch_list,0,0,0,0,0,0,0,0,0
1788934693.054880,1985363,public,settlement,0,0,0,0,0,0,0,0,0
1788934693.054880,1985486,public,last_trade,0,0,0,0,0,0,0,0,0
1788934693.054880,1985285,public,customer_taxrate,0,0,0,0,0,0,0,0,0
1788934693.054880,1985256,public,account_permission,0,0,0,0,0,0,0,0,0
1788934693.054880,1985507,public,news_xref,0,0,0,0,0,0,0,0,0
1788934693.054880,1985480,public,industry,0,0,0,0,0,0,0,0,0
1788934693.054880,1985343,public,charge,0,0,0,0,0,0,0,0,0
1788934693.054880,1985440,public,daily_market,0,0,0,0,0,0,0,0,0
1788934693.054880,1985422,public,company,0,0,0,0,0,0,0,0,0
1788934693.054880,1985325,public,broker,0,0,0,0,0,0,0,0,0
1788934693.054880,1985302,public,holding_history,0,0,0,0,0,0,0,0,0
1788934693.054880,1985460,public,financial,0,0,0,0,0,0,0,0,0
1788934693.054880,1985517,public,security,0,0,0,0,0,0,0,0,0
1788934693.054880,1985351,public,commission_rate,0,0,0,0,0,0,0,0,0
1788934693.054880,1985396,public,trade_history,0,0,0,0,0,0,0,0,0
1788934693.054880,1985275,public,customer_account,0,0,0,0,0,0,0,0,0
1788934693.054880,1985335,public,cash_transaction,0,0,0,0,0,0,0,0,0
1788934693.054880,1985290,public,holding,0,0,0,0,0,0,0,0,0
1788934693.054880,1985538,public,address,0,0,0,0,0,0,0,0,0
1788934693.054880,1985434,public,company_competitor,0,0,0,0,0,0,0,0,0
1788934693.054880,1985512,public,sector,0,0,0,0,0,0,0,0,0
1788934693.054880,1985415,public,trade_type,0,0,0,0,0,0,0,0,0
1788934693.054880,1985264,public,customer,0,0,0,0,0,0,0,0,0
1788934693.054880,1985451,public,exchange,0,0,0,0,0,0,0,0,0
1788934693.054880,1985543,public,status_type,0,0,0,0,0,0,0,0,0
1788934693.054880,1985402,public,trade_request,0,0,0,0,0,0,0,0,0
1788934693.054880,1985555,public,zip_code,0,0,0,0,0,0,0,0,0
1788934693.054880,1985548,public,taxrate,0,0,0,0,0,0,0,0,0
1788934693.054880,1985372,public,trade,0,0,0,0,0,0,0,0,0
1788934693.054880,1985496,public,news_item,0,0,0,0,0,0,0,0,0
1788934693.054880,1985309,public,holding_summary,0,0,0,0,0,0,0,0,0
1788934693.054880,1985315,public,watch_item,0,0,0,0,0,0,0,0,0
1788934693.054880,1985320,public,watch_list,0,0,0,0,0,0,0,0,0
1788934752.199765,1985363,public,settlement,0,0,0,0,0,0,0,0,0
1788934752.199765,1985486,public,last_trade,0,0,0,0,0,0,0,0,0
1788934752.199765,1985285,public,customer_taxrate,0,0,0,0,0,0,0,0,0
1788934752.199765,1985256,public,account_permission,0,0,0,0,0,0,0,0,0
1788934752.199765,1985507,public,news_xref,0,0,0,0,0,0,0,0,0
1788934752.199765,1985480,public,industry,0,0,0,0,0,0,0,0,0
1788934752.199765,1985343,public,charge,0,0,0,0,0,0,0,0,0
1788934752.199765,1985440,public,daily_market,0,0,0,0,0,0,0,0,0
1788934752.199765,1985422,public,company,0,0,0,0,0,0,0,0,0
1788934752.199765,1985325,public,broker,0,0,0,0,0,0,0,0,0
1788934752.199765,1985302,public,holding_history,0,0,0,0,0,0,0,0,0
1788934752.199765,1985460,public,financial,0,0,0,0,0,0,0,0,0
1788934752.199765,1985517,public,security,0,0,0,0,0,0,0,0,0
1788934752.199765,1985351,public,commission_rate,0,0,0,0,0,0,0,0,0
1788934752.199765,1985396,public,trade_history,0,0,0,0,0,0,0,0,0
1788934752.199765,1985275,public,customer_account,0,0,0,0,0,0,0,0,0
1788934752.199765,1985335,public,cash_transaction,0,0,0,0,0,0,0,0,0
1788934752.199765,1985290,public,holding,0,0,0,0,0,0,0,0,0
1788934752.199765,1985538,public,address,0,0,0,0,0,0,0,0,0
1788934752.199765,1985434,public,company_competitor,0,0,0,0,0,0,0,0,0
1788934752.199765,1985512,public,sector,0,0,0,0,0,0,0,0,0
1788934752.199765,1985415,public,trade_type,0,0,0,0,0,0,0,0,0
1788934752.199765,1985264,public,customer,0,0,0,0,0,0,0,0,0
1788934752.199765,1985451,public,exchange,0,0,0,0,0,0,0,0,0
1788934752.199765,1985543,public,status_type,0,0,0,0,0,0,0,0,0
1788934752.199765,1985402,public,trade_request,0,0,0,0,0,0,0,0,0
1788934752.199765,1985555,public,zip_code,0,0,0,0,0,0,0,0,0
1788934752.199765,1985548,public,taxrate,0,0,0,0,0,0,0,0,0
1788934752.199765,1985372,public,trade,0,0,0,0,0,0,0,0,0
1788934752.199765,1985496,public,news_item,0,0,0,0,0,0,0,0,0
1788934752.199765,1985309,public,holding_summary,0,0,0,0,0,0,0,0,0
1788934752.199765,1985315,public,watch_item,0,0,0,0,0,0,0,0,0
1788934752.199765,1985320,public,watch_list,0,0,0,0,0,0,0,0,0
1788934812.321251,1985363,public,settlement,0,0,0,0,0,0,0,0,0
1788934812.321251,1985486,public,last_trade,0,0,0,0,0,0,0,0,0
1788934812.321251,1985285,public,customer_taxrate,0,0,0,0,0,0,0,0,0
1788934812.321251,1985256,public,account_permission,0,0,0,0,0,0,0,0,0
1788934812.321251,1985507,public,news_xref,0,0,0,0,0,0,0,0,0
1788934812.321251,1985480,public,industry,0,0,0,0,0,0,0,0,0
1788934812.321251,1985343,public,charge,0,0,0,0,0,0,0,0,0
1788934812.321251,1985440,public,daily_market,0,0,0,0,0,0,0,0,0
1788934812.321251,1985422,public,company,0,0,0,0,0,0,0,0,0
1788934812.321251,1985325,public,broker,0,0,0,0,0,0,0,0,0
1788934812.321251,1985302,public,holding_history,0,0,0,0,0,0,0,0,0
1788934812.321251,1985460,public,financial,0,0,0,0,0,0,0,0,0
1788934812.321251,1985517,public,security,0,0,0,0,0,0,0,0,0
1788934812.321251,1985351,public,commission_rate,0,0,0,0,0,0,0,0,0
1788934812.321251,1985396,public,trade_history,0,0,0,0,0,0,0,0,0
1788934812.321251,1985275,public,customer_account,0,0,0,0,0,0,0,0,0
1788934812.321251,1985335,public,cash_transaction,0,0,0,0,0,0,0,0,0
1788934812.321251,1985290,public,holding,0,0,0,0,0,0,0,0,0
1788934812.321251,1985538,public,address,0,0,0,0,0,0,0,0,0
1788934812.321251,1985434,public,company_competitor,0,0,0,0,0,0,0,0,0
1788934812.321251,1985512,public,sector,0,0,0,0,0,0,0,0,0
1788934812.321251,1985415,public,trade_type,0,0,0,0,0,0,0,0,0
1788934812.321251,1985264,public,customer,0,0,0,0,0,0,0,0,0
1788934812.321251,1985451,public,exchange,0,0,0,0,0,0,0,0,0
1788934812.321251,1985543,public,status_type,0,0,0,0,0,0,0,0,0
1788934812.321251,1985402,public,trade_request,0,0,0,0,0,0,0,0,0
1788934812.321251,1985555,public,zip_code,0,0,0,0,0,0,0,0,0
1788934812.321251,1985548,public,taxrate,0,0,0,0,0,0,0,0,0
1788934812.321251,1985372,public,trade,0,0,0,0,0,0,0,0,0
1788934812.321251,1985496,public,news_item,0,0,0,0,0,0,0,0,0
1788934812.321251,1985309,public,holding_summary,0,0,0,0,0,0,0,0,0
1788934812.321251,1985315,public,watch_item,0,0,0,0,0,0,0,0,0
1788934812.321251,1985320,public,watch_list,0,0,0,0,0,0,0,0,0
1788934872.491729,1985363,public,settlement,0,0,0,0,0,0,0,0,0
1788934872.491729,1985486,public,last_trade,0,0,0,0,0,0,0,0,0
1788934872.491729,1985285,public,customer_taxrate,0,0,0,0,0,0,0,0,0
1788934872.491729,1985256,public,account_permission,0,0,0,0,0,0,0,0,0
1788934872.491729,1985507,public,news_xref,0,0,0,0,0,0,0,0,0
1788934872.491729,1985480,public,industry,0,0,0,0,0,0,0,0,0
1788934872.491729,1985343,public,charge,0,0,0,0,0,0,0,0,0
1788934872.491729,1985440,public,daily_market,0,0,0,0,0,0,0,0,0
1788934872.491729,1985422,public,company,0,0,0,0,0,0,0,0,0
1788934872.491729,1985325,public,broker,0,0,0,0,0,0,0,0,0
1788934872.491729,1985302,public,holding_history,0,0,0,0,0,0,0,0,0
1788934872.491729,1985460,public,financial,0,0,0,0,0,0,0,0,0
1788934872.491729,1985517,public,security,0,0,0,0,0,0,0,0,0
1788934872.491729,1985351,public,commission_rate,0,0,0,0,0,0,0,0,0
1788934872.491729,1985396,public,trade_history,0,0,0,0,0,0,0,0,0
1788934872.491729,1985275,public,customer_account,0,0,0,0,0,0,0,0,0
1788934872.491729,1985335,public,cash_transaction,0,0,0,0,0,0,0,0,0
1788934872.491729,1985290,public,holding,0,0,0,0,0,0,0,0,0
1788934872.491729,1985538,public,address,0,0,0,0,0,0,0,0,0
1788934872.491729,1985434,public,company_competitor,0,0,0,0,0,0,0,0,0
1788934872.491729,1985512,public,sector,0,0,0,0,0,0,0,0,0
1788934872.491729,1985415,public,trade_type,0,0,0,0,0,0,0,0,0
1788934872.491729,1985264,public,customer,0,0,0,0,0,0,0,0,0
1788934872.491729,1985451,public,exchange,0,0,0,0,0,0,0,0,0
1788934872.491729,1985543,public,status_type,0,0,0,0,0,0,0,0,0
1788934872.491729,1985402,public,trade_request,0,0,0,0,0,0,0,0,0
1788934872.491729,1985555,public,zip_code,0,0,0,0,0,0,0,0,0
1788934872.491729,1985548,public,taxrate,0,0,0,0,0,0,0,0,0
1788934872.491729,1985372,public,trade,0,0,0,0,0,0,0,0,0
1788934872.491729,1985496,public,news_item,0,0,0,0,0,0,0,0,0
1788934872.491729,1985309,public,holding_summary,0,0,0,0,0,0,0,0,0
1788934872.491729,1985315,public,watch_item,0,0,0,0,0,0,0,0,0
1788934872.491729,1985320,public,watch_list,0,0,0,0,0,0,0,0,0
1788934932.642824,1985363,public,settlement,0,0,0,0,0,0,0,0,0
1788934932.642824,1985486,public,last_trade,0,0,0,0,0,0,0,0,0
1788934932.642824,1985285,public,customer_taxrate,0,0,0,0,0,0,0,0,0
1788934932.642824,1985256,public,account_permission,0,0,0,0,0,0,0,0,0
1788934932.642824,1985507,public,news_xref,0,0,0,0,0,0,0,0,0
1788934932.642824,1985480,public,industry,0,0,0,0,0,0,0,0,0
1788934932.642824,1985343,public,charge,0,0,0,0,0,0,0,0,0
1788934932.642824,1985440,public,daily_market,0,0,0,0,0,0,0,0,0
1788934932.642824,1985422,public,company,0,0,0,0,0,0,0,0,0
1788934932.642824,1985325,public,broker,0,0,0,0,0,0,0,0,0
1788934932.642824,1985302,public,holding_history,0,0,0,0,0,0,0,0,0
1788934932.642824,1985460,public,financial,0,0,0,0,0,0,0,0,0
1788934932.642824,1985517,public,security,0,0,0,0,0,0,0,0,0
1788934932.642824,1985351,public,commission_rate,0,0,0,0,0,0,0,0,0
1788934932.642824,1985396,public,trade_history,0,0,0,0,0,0,0,0,0
1788934932.642824,1985275,public,customer_account,0,0,0,0,0,0,0,0,0
1788934932.642824,1985335,public,cash_transaction,0,0,0,0,0,0,0,0,0
1788934932.642824,1985290,public,holding,0,0,0,0,0,0,0,0,0
1788934932.642824,1985538,public,address,0,0,0,0,0,0,0,0,0
1788934932.642824,1985434,public,company_competitor,0,0,0,0,0,0,0,0,0
1788934932.642824,1985512,public,sector,0,0,0,0,0,0,0,0,0
1788934932.642824,1985415,public,trade_type,0,0,0,0,0,0,0,0,0
1788934932.642824,1985264,public,customer,0,0,0,0,0,0,0,0,0
1788934932.642824,1985451,public,exchange,0,0,0,0,0,0,0,0,0
1788934932.642824,1985543,public,status_type,0,0,0,0,0,0,0,0,0
1788934932.642824,1985402,public,trade_request,0,0,0,0,0,0,0,0,0
1788934932.642824,1985555,public,zip_code,0,0,0,0,0,0,0,0,0
1788934932.642824,1985548,public,taxrate,0,0,0,0,0,0,0,0,0
1788934932.642824,1985372,public,trade,0,0,0,0,0,0,0,0,0
1788934932.642824,1985496,public,news_item,0,0,0,0,0,0,0,0,0
1788934932.642824,1985309,public,holding_summary,0,0,0,0,0,0,0,0,0
1788934932.642824,1985315,public,watch_item,0,0,0,0,0,0,0,0,0
1788934932.642824,1985320,public,watch_list,0,0,0,0,0,0,0,0,0
1788934992.771652,1985363,public,settlement,0,0,0,0,0,0,0,0,0
1788934992.771652,1985486,public,last_trade,0,0,0,0,0,0,0,0,0
1788934992.771652,1985285,public,customer_taxrate,0,0,0,0,0,0,0,0,0
1788934992.771652,1985256,public,account_permission,0,0,0,0,0,0,0,0,0
1788934992.771652,1985507,public,news_xref,0,0,0,0,0,0,0,0,0
1788934992.771652,1985480,public,industry,0,0,0,0,0,0,0,0,0
1788934992.771652,1985343,public,charge,0,0,0,0,0,0,0,0,0
1788934992.771652,1985440,public,daily_market,0,0,0,0,0,0,0,0,0
1788934992.771652,1985422,public,company,0,0,0,0,0,0,0,0,0
1788934992.771652,1985325,public,broker,0,0,0,0,0,0,0,0,0
1788934992.771652,1985302,public,holding_history,0,0,0,0,0,0,0,0,0
1788934992.771652,1985460,public,financial,0,0,0,0,0,0,0,0,0
1788934992.771652,1985517,public,security,0,0,0,0,0,0,0,0,0
1788934992.771652,1985351,public,commission_rate,0,0,0,0,0,0,0,0,0
1788934992.771652,1985396,public,trade_history,0,0,0,0,0,0,0,0,0
1788934992.771652,1985275,public,customer_account,0,0,0,0,0,0,0,0,0
1788934992.771652,1985335,public,cash_transaction,0,0,0,0,0,0,0,0,0
1788934992.771652,1985290,public,holding,0,0,0,0,0,0,0,0,0
1788934992.771652,1985538,public,address,0,0,0,0,0,0,0,0,0
1788934992.771652,1985434,public,company_competitor,0,0,0,0,0,0,0,0,0
1788934992.771652,1985512,public,sector,0,0,0,0,0,0,0,0,0
1788934992.771652,1985415,public,trade_type,0,0,0,0,0,0,0,0,0
1788934992.771652,1985264,public,customer,0,0,0,0,0,0,0,0,0
1788934992.771652,1985451,public,exchange,0,0,0,0,0,0,0,0,0
1788934992.771652,1985543,public,status_type,0,0,0,0,0,0,0,0,0
1788934992.771652,1985402,public,trade_request,0,0,0,0,0,0,0,0,0
1788934992.771652,1985555,public,zip_code,0,0,0,0,0,0,0,0,0
1788934992.771652,1985548,public,taxrate,0,0,0,0,0,0,0,0,0
1788934992.771652,1985372,public,trade,0,0,0,0,0,0,0,0,0
1788934992.771652,1985496,public,news_item,0,0,0,0,0,0,0,0,0
1788934992.771652,1985309,public,holding_summary,0,0,0,0,0,0,0,0,0
1788934992.771652,1985315,public,watch_item,0,0,0,0,0,0,0,0,0
1788934992.771652,1985320,public,watch_list,0,0,0,0,0,0,0,0,0
1788935052.947656,1985363,public,settlement,0,0,0,0,0,0,0,0,0
1788935052.947656,1985486,public,last_trade,0,0,0,0,0,0,0,0,0
1788935052.947656,1985285,public,customer_taxrate,0,0,0,0,0,0,0,0,0
1788935052.947656,1985256,public,account_permission,0,0,0,0,0,0,0,0,0
1788935052.947656,1985507,public,news_xref,0,0,0,0,0,0,0,0,0
1788935052.947656,1985480,public,industry,0,0,0,0,0,0,0,0,0
1788935052.947656,1985343,public,charge,0,0,0,0,0,0,0,0,0
1788935052.947656,1985440,public,daily_market,0,0,0,0,0,0,0,0,0
1788935052.947656,1985422,public,company,0,0,0,0,0,0,0,0,0
1788935052.947656,1985325,public,broker,0,0,0,0,0,0,0,0,0
1788935052.947656,1985302,public,holding_history,0,0,0,0,0,0,0,0,0
1788935052.947656,1985460,public,financial,0,0,0,0,0,0,0,0,0
1788935052.947656,1985517,public,security,0,0,0,0,0,0,0,0,0
1788935052.947656,1985351,public,commission_rate,0,0,0,0,0,0,0,0,0
1788935052.947656,1985396,public,trade_history,0,0,0,0,0,0,0,0,0
1788935052.947656,1985275,public,customer_account,0,0,0,0,0,0,0,0,0
1788935052.947656,1985335,public,cash_transaction,0,0,0,0,0,0,0,0,0
1788935052.947656,1985290,public,holding,0,0,0,0,0,0,0,0,0
1788935052.947656,1985538,public,address,0,0,0,0,0,0,0,0,0
1788935052.947656,1985434,public,company_competitor,0,0,0,0,0,0,0,0,0
1788935052.947656,1985512,public,sector,0,0,0,0,0,0,0,0,0
1788935052.947656,1985415,public,trade_type,0,0,0,0,0,0,0,0,0
1788935052.947656,1985264,public,customer,0,0,0,0,0,0,0,0,0
1788935052.947656,1985451,public,exchange,0,0,0,0,0,0,0,0,0
1788935052.947656,1985543,public,status_type,0,0,0,0,0,0,0,0,0
1788935052.947656,1985402,public,trade_request,0,0,0,0,0,0,0,0,0
1788935052.947656,1985555,public,zip_code,0,0,0,0,0,0,0,0,0
1788935052.947656,1985548,public,taxrate,0,0,0,0,0,0,0,0,0
1788935052.947656,1985372,public,trade,0,0,0,0,0,0,0,0,0
1788935052.947656,1985496,public,news_item,0,0,0,0,0,0,0,0,0
1788935052.947656,1985309,public,holding_summary,0,0,0,0,0,0,0,0,0
1788935052.947656,1985315,public,watch_item,0,0,0,0,0,0,0,0,0
1788935052.947656,1985320,public,watch_list,0,0,0,0,0,0,0,0,0
1788935113.043099,1985363,public,settlement,0,0,0,0,0,0,0,0,0
1788935113.043099,1985486,public,last_trade,0,0,0,0,0,0,0,0,0
1788935113.043099,1985285,public,customer_taxrate,0,0,0,0,0,0,0,0,0
1788935113.043099,1985256,public,account_permission,0,0,0,0,0,0,0,0,0
1788935113.043099,1985507,public,news_xref,0,0,0,0,0,0,0,0,0
1788935113.043099,1985480,public,industry,0,0,0,0,0,0,0,0,0
1788935113.043099,1985343,public,charge,0,0,0,0,0,0,0,0,0
1788935113.043099,1985440,public,daily_market,0,0,0,0,0,0,0,0,0
1788935113.043099,1985422,public,company,0,0,0,0,0,0,0,0,0
1788935113.043099,1985325,public,broker,0,0,0,0,0,0,0,0,0
1788935113.043099,1985302,public,holding_history,0,0,0,0,0,0,0,0,0
1788935113.043099,1985460,public,financial,0,0,0,0,0,0,0,0,0
1788935113.043099,1985517,public,security,0,0,0,0,0,0,0,0,0
1788935113.043099,1985351,public,commission_rate,0,0,0,0,0,0,0,0,0
1788935113.043099,1985396,public,trade_history,0,0,0,0,0,0,0,0,0
1788935113.043099,1985275,public,customer_account,0,0,0,0,0,0,0,0,0
1788935113.043099,1985335,public,cash_transaction,0,0,0,0,0,0,0,0,0
1788935113.043099,1985290,public,holding,0,0,0,0,0,0,0,0,0
1788935113.043099,1985538,public,address,0,0,0,0,0,0,0,0,0
1788935113.043099,1985434,public,company_competitor,0,0,0,0,0,0,0,0,0
1788935113.043099,1985512,public,sector,0,0,0,0,0,0,0,0,0
1788935113.043099,1985415,public,trade_type,0,0,0,0,0,0,0,0,0
1788935113.043099,1985264,public,customer,0,0,0,0,0,0,0,0,0
1788935113.043099,1985451,public,exchange,0,0,0,0,0,0,0,0,0
1788935113.043099,1985543,public,status_type,0,0,0,0,0,0,0,0,0
1788935113.043099,1985402,public,trade_request,0,0,0,0,0,0,0,0,0
1788935113.043099,1985555,public,zip_code,0,0,0,0,0,0,0,0,0
1788935113.043099,1985548,public,taxrate,0,0,0,0,0,0,0,0,0
1788935113.043099,1985372,public,trade,0,0,0,0,0,0,0,0,0
1788935113.043099,1985496,public,news_item,0,0,0,0,0,0,0,0,0
1788935113.043099,1985309,public,holding_summary,0,0,0,0,0,0,0,0,0
1788935113.043099,1985315,public,watch_item,0,0,0,0,0,0,0,0,0
1788935113.043099,1985320,public,watch_list,0,0,0,0,0,0,0,0,0
1788935172.190029,1985363,public,settlement,0,0,0,0,0,0,0,0,0
1788935172.190029,1985486,public,last_trade,0,0,0,0,0,0,0,0,0
1788935172.190029,1985285,public,customer_taxrate,0,0,0,0,0,0,0,0,0
1788935172.190029,1985256,public,account_permission,0,0,0,0,0,0,0,0,0
1788935172.190029,1985507,public,news_xref,0,0,0,0,0,0,0,0,0
1788935172.190029,1985480,public,industry,0,0,0,0,0,0,0,0,0
1788935172.190029,1985343,public,charge,0,0,0,0,0,0,0,0,0
1788935172.190029,1985440,public,daily_market,0,0,0,0,0,0,0,0,0
1788935172.190029,1985422,public,company,0,0,0,0,0,0,0,0,0
1788935172.190029,1985325,public,broker,0,0,0,0,0,0,0,0,0
1788935172.190029,1985302,public,holding_history,0,0,0,0,0,0,0,0,0
1788935172.190029,1985460,public,financial,0,0,0,0,0,0,0,0,0
1788935172.190029,1985517,public,security,0,0,0,0,0,0,0,0,0
1788935172.190029,1985351,public,commission_rate,0,0,0,0,0,0,0,0,0
1788935172.190029,1985396,public,trade_history,0,0,0,0,0,0,0,0,0
1788935172.190029,1985275,public,customer_account,0,0,0,0,0,0,0,0,0
1788935172.190029,1985335,public,cash_transaction,0,0,0,0,0,0,0,0,0
1788935172.190029,1985290,public,holding,0,0,0,0,0,0,0,0,0
1788935172.190029,1985538,public,address,0,0,0,0,0,0,0,0,0
1788935172.190029,1985434,public,company_competitor,0,0,0,0,0,0,0,0,0
1788935172.190029,1985512,public,sector,0,0,0,0,0,0,0,0,0
1788935172.190029,1985415,public,trade_type,0,0,0,0,0,0,0,0,0
1788935172.190029,1985264,public,customer,0,0,0,0,0,0,0,0,0
1788935172.190029,1985451,public,exchange,0,0,0,0,0,0,0,0,0
1788935172.190029,1985543,public,status_type,0,0,0,0,0,0,0,0,0
1788935172.190029,1985402,public,trade_request,0,0,0,0,0,0,0,0,0
1788935172.190029,1985555,public,zip_code,0,0,0,0,0,0,0,0,0
1788935172.190029,1985548,public,taxrate,0,0,0,0,0,0,0,0,0
1788935172.190029,1985372,public,trade,0,0,0,0,0,0,0,0,0
1788935172.190029,1985496,public,news_item,0,0,0,0,0,0,0,0,0
1788935172.190029,1985309,public,holding_summary,0,0,0,0,0,0,0,0,0
1788935172.190029,1985315,public,watch_item,0,0,0,0,0,0,0,0,0
1788935172.190029,1985320,public,watch_list,0,0,0,0,0,0,0,0,0
1788935232.301922,1985363,public,settlement,0,0,0,0,0,0,0,0,0
1788935232.301922,1985486,public,last_trade,0,0,0,0,0,0,0,0,0
1788935232.301922,1985285,public,customer_taxrate,0,0,0,0,0,0,0,0,0
1788935232.301922,1985256,public,account_permission,0,0,0,0,0,0,0,0,0
1788935232.301922,1985507,public,news_xref,0,0,0,0,0,0,0,0,0
1788935232.301922,1985480,public,industry,0,0,0,0,0,0,0,0,0
1788935232.301922,1985343,public,charge,0,0,0,0,0,0,0,0,0
1788935232.301922,1985440,public,daily_market,0,0,0,0,0,0,0,0,0
1788935232.301922,1985422,public,company,0,0,0,0,0,0,0,0,0
1788935232.301922,1985325,public,broker,0,0,0,0,0,0,0,0,0
1788935232.301922,1985302,public,holding_history,0,0,0,0,0,0,0,0,0
1788935232.301922,1985460,public,financial,0,0,0,0,0,0,0,0,0
1788935232.301922,1985517,public,security,0,0,0,0,0,0,0,0,0
1788935232.301922,1985351,public,commission_rate,0,0,0,0,0,0,0,0,0
1788935232.301922,1985396,public,trade_history,0,0,0,0,0,0,0,0,0
1788935232.301922,1985275,public,customer_account,0,0,0,0,0,0,0,0,0
1788935232.301922,1985335,public,cash_transaction,0,0,0,0,0,0,0,0,0
1788935232.301922,1985290,public,holding,0,0,0,0,0,0,0,0,0
1788935232.301922,1985538,public,address,0,0,0,0,0,0,0,0,0
1788935232.301922,1985434,public,company_competitor,0,0,0,0,0,0,0,0,0
1788935232.301922,1985512,public,sector,0,0,0,0,0,0,0,0,0
1788935232.301922,1985415,public,trade_type,0,0,0,0,0,0,0,0,0
1788935232.301922,1985264,public,customer,0,0,0,0,0,0,0,0,0
1788935232.301922,1985451,public,exchange,0,0,0,0,0,0,0,0,0
1788935232.301922,1985543,public,status_type,0,0,0,0,0,0,0,0,0
1788935232.301922,1985402,public,trade_request,0,0,0,0,0,0,0,0,0
1788935232.301922,1985555,public,zip_code,0,0,0,0,0,0,0,0,0
1788935232.301922,1985548,public,taxrate,0,0,0,0,0,0,0,0,0
1788935232.301922,1985372,public,trade,0,0,0,0,0,0,0,0,0
1788935232.301922,1985496,public,news_item,0,0,0,0,0,0,0,0,0
1788935232.301922,1985309,public,holding_summary,0,0,0,0,0,0,0,0,0
1788935232.301922,1985315,public,watch_item,0,0,0,0,0,0,0,0,0
1788935232.301922,1985320,public,watch_list,0,0,0,0,0,0,0,0,0
1788935292.499024,1985363,public,settlement,0,0,0,0,0,0,0,0,0
1788935292.499024,1985486,public,last_trade,0,0,0,0,0,0,0,0,0
1788935292.499024,1985285,public,customer_taxrate,0,0,0,0,0,0,0,0,0
1788935292.499024,1985256,public,account_permission,0,0,0,0,0,0,0,0,0
1788935292.499024,1985507,public,news_xref,0,0,0,0,0,0,0,0,0
1788935292.499024,1985480,public,industry,0,0,0,0,0,0,0,0,0
1788935292.499024,1985343,public,charge,0,0,0,0,0,0,0,0,0
1788935292.499024,1985440,public,daily_market,0,0,0,0,0,0,0,0,0
1788935292.499024,1985422,public,company,0,0,0,0,0,0,0,0,0
1788935292.499024,1985325,public,broker,0,0,0,0,0,0,0,0,0
1788935292.499024,1985302,public,holding_history,0,0,0,0,0,0,0,0,0
1788935292.499024,1985460,public,financial,0,0,0,0,0,0,0,0,0
1788935292.499024,1985517,public,security,0,0,0,0,0,0,0,0,0
1788935292.499024,1985351,public,commission_rate,0,0,0,0,0,0,0,0,0
1788935292.499024,1985396,public,trade_history,0,0,0,0,0,0,0,0,0
1788935292.499024,1985275,public,customer_account,0,0,0,0,0,0,0,0,0
1788935292.499024,1985335,public,cash_transaction,0,0,0,0,0,0,0,0,0
1788935292.499024,1985290,public,holding,0,0,0,0,0,0,0,0,0
1788935292.499024,1985538,public,address,0,0,0,0,0,0,0,0,0
1788935292.499024,1985434,public,company_competitor,0,0,0,0,0,0,0,0,0
1788935292.499024,1985512,public,sector,0,0,0,0,0,0,0,0,0
1788935292.499024,1985415,public,trade_type,0,0,0,0,0,0,0,0,0
1788935292.499024,1985264,public,customer,0,0,0,0,0,0,0,0,0
1788935292.499024,1985451,public,exchange,0,0,0,0,0,0,0,0,0
1788935292.499024,1985543,public,status_type,0,0,0,0,0,0,0,0,0
1788935292.499024,1985402,public,trade_request,0,0,0,0,0,0,0,0,0
1788935292.499024,1985555,public,zip_code,0,0,0,0,0,0,0,0,0
1788935292.499024,1985548,public,taxrate,0,0,0,0,0,0,0,0,0
1788935292.499024,1985372,public,trade,0,0,0,0,0,0,0,0,0
1788935292.499024,1985496,public,news_item,0,0,0,0,0,0,0,0,0
1788935292.499024,1985309,public,holding_summary,0,0,0,0,0,0,0,0,0
1788935292.499024,1985315,public,watch_item,0,0,0,0,0,0,0,0,0
1788935292.499024,1985320,public,watch_list,0,0,0,0,0,0,0,0,0
1788935352.597607,1985363,public,settlement,0,0,0,0,0,0,0,0,0
1788935352.597607,1985486,public,last_trade,0,0,0,0,0,0,0,0,0
1788935352.597607,1985285,public,customer_taxrate,0,0,0,0,0,0,0,0,0
1788935352.597607,1985256,public,account_permission,0,0,0,0,0,0,0,0,0
1788935352.597607,1985507,public,news_xref,0,0,0,0,0,0,0,0,0
1788935352.597607,1985480,public,industry,0,0,0,0,0,0,0,0,0
1788935352.597607,1985343,public,charge,0,0,0,0,0,0,0,0,0
1788935352.597607,1985440,public,daily_market,0,0,0,0,0,0,0,0,0
1788935352.597607,1985422,public,company,0,0,0,0,0,0,0,0,0
1788935352.597607,1985325,public,broker,0,0,0,0,0,0,0,0,0
1788935352.597607,1985302,public,holding_history,0,0,0,0,0,0,0,0,0
1788935352.597607,1985460,public,financial,0,0,0,0,0,0,0,0,0
1788935352.597607,1985517,public,security,0,0,0,0,0,0,0,0,0
1788935352.597607,1985351,public,commission_rate,0,0,0,0,0,0,0,0,0
1788935352.597607,1985396,public,trade_history,0,0,0,0,0,0,0,0,0
1788935352.597607,1985275,public,customer_account,0,0,0,0,0,0,0,0,0
1788935352.597607,1985335,public,cash_transaction,0,0,0,0,0,0,0,0,0
1788935352.597607,1985290,public,holding,0,0,0,0,0,0,0,0,0
1788935352.597607,1985538,public,address,0,0,0,0,0,0,0,0,0
1788935352.597607,1985434,public,company_competitor,0,0,0,0,0,0,0,0,0
1788935352.597607,1985512,public,sector,0,0,0,0,0,0,0,0,0
1788935352.597607,1985415,public,trade_type,0,0,0,0,0,0,0,0,0
1788935352.597607,1985264,public,customer,0,0,0,0,0,0,0,0,0
1788935352.597607,1985451,public,exchange,0,0,0,0,0,0,0,0,0
1788935352.597607,1985543,public,status_type,0,0,0,0,0,0,0,0,0
1788935352.597607,1985402,public,trade_request,0,0,0,0,0,0,0,0,0
1788935352.597607,1985555,public,zip_code,0,0,0,0,0,0,0,0,0
1788935352.597607,1985548,public,taxrate,0,0,0,0,0,0,0,0,0
1788935352.597607,1985372,public,trade,0,0,0,0,0,0,0,0,0
1788935352.597607,1985496,public,news_item,0,0,0,0,0,0,0,0,0
1788935352.597607,1985309,public,holding_summary,0,0,0,0,0,0,0,0,0
1788935352.597607,1985315,public,watch_item,0,0,0,0,0,0,0,0,0
1788935352.597607,1985320,public,watch_list,0,0,0,0,0,0,0,0,0
1788935412.719650,1985363,public,settlement,0,0,0,0,0,0,0,0,0
1788935412.719650,1985486,public,last_trade,0,0,0,0,0,0,0,0,0
1788935412.719650,1985285,public,customer_taxrate,0,0,0,0,0,0,0,0,0
1788935412.719650,1985256,public,account_permission,0,0,0,0,0,0,0,0,0
1788935412.719650,1985507,public,news_xref,0,0,0,0,0,0,0,0,0
1788935412.719650,1985480,public,industry,0,0,0,0,0,0,0,0,0
1788935412.719650,1985343,public,charge,0,0,0,0,0,0,0,0,0
1788935412.719650,1985440,public,daily_market,0,0,0,0,0,0,0,0,0
1788935412.719650,1985422,public,company,0,0,0,0,0,0,0,0,0
1788935412.719650,1985325,public,broker,0,0,0,0,0,0,0,0,0
1788935412.719650,1985302,public,holding_history,0,0,0,0,0,0,0,0,0
1788935412.719650,1985460,public,financial,0,0,0,0,0,0,0,0,0
1788935412.719650,1985517,public,security,0,0,0,0,0,0,0,0,0
1788935412.719650,1985351,public,commission_rate,0,0,0,0,0,0,0,0,0
1788935412.719650,1985396,public,trade_history,0,0,0,0,0,0,0,0,0
1788935412.719650,1985275,public,customer_account,0,0,0,0,0,0,0,0,0
1788935412.719650,1985335,public,cash_transaction,0,0,0,0,0,0,0,0,0
1788935412.719650,1985290,public,holding,0,0,0,0,0,0,0,0,0
1788935412.719650,1985538,public,address,0,0,0,0,0,0,0,0,0
1788935412.719650,1985434,public,company_competitor,0,0,0,0,0,0,0,0,0
1788935412.719650,1985512,public,sector,0,0,0,0,0,0,0,0,0
1788935412.719650,1985415,public,trade_type,0,0,0,0,0,0,0,0,0
1788935412.719650,1985264,public,customer,0,0,0,0,0,0,0,0,0
1788935412.719650,1985451,public,exchange,0,0,0,0,0,0,0,0,0
1788935412.719650,1985543,public,status_type,0,0,0,0,0,0,0,0,0
1788935412.719650,1985402,public,trade_request,0,0,0,0,0,0,0,0,0
1788935412.719650,1985555,public,zip_code,0,0,0,0,0,0,0,0,0
1788935412.719650,1985548,public,taxrate,0,0,0,0,0,0,0,0,0
1788935412.719650,1985372,public,trade,0,0,0,0,0,0,0,0,0
1788935412.719650,1985496,public,news_item,0,0,0,0,0,0,0,0,0
1788935412.719650,1985309,public,holding_summary,0,0,0,0,0,0,0,0,0
1788935412.719650,1985315,public,watch_item,0,0,0,0,0,0,0,0,0
1788935412.719650,1985320,public,watch_list,0,0,0,0,0,0,0,0,0
1788935472.871729,1985363,public,settlement,0,0,0,0,0,0,0,0,0
1788935472.871729,1985486,public,last_trade,0,0,0,0,0,0,0,0,0
1788935472.871729,1985285,public,customer_taxrate,0,0,0,0,0,0,0,0,0
1788935472.871729,1985256,public,account_permission,0,0,0,0,0,0,0,0,0
1788935472.871729,1985507,public,news_xref,0,0,0,0,0,0,0,0,0
1788935472.871729,1985480,public,industry,0,0,0,0,0,0,0,0,0
1788935472.871729,1985343,public,charge,0,0,0,0,0,0,0,0,0
1788935472.871729,1985440,public,daily_market,0,0,0,0,0,0,0,0,0
1788935472.871729,1985422,public,company,0,0,0,0,0,0,0,0,0
1788935472.871729,1985325,public,broker,0,0,0,0,0,0,0,0,0
1788935472.871729,1985302,public,holding_history,0,0,0,0,0,0,0,0,0
1788935472.871729,1985460,public,financial,0,0,0,0,0,0,0,0,0
1788935472.871729,1985517,public,security,0,0,0,0,0,0,0,0,0
1788935472.871729,1985351,public,commission_rate,0,0,0,0,0,0,0,0,0
1788935472.871729,1985396,public,trade_history,0,0,0,0,0,0,0,0,0
1788935472.871729,1985275,public,customer_account,0,0,0,0,0,0,0,0,0
1788935472.871729,1985335,public,cash_transaction,0,0,0,0,0,0,0,0,0
1788935472.871729,1985290,public,holding,0,0,0,0,0,0,0,0,0
1788935472.871729,1985538,public,address,0,0,0,0,0,0,0,0,0
1788935472.871729,1985434,public,company_competitor,0,0,0,0,0,0,0,0,0
1788935472.871729,1985512,public,sector,0,0,0,0,0,0,0,0,0
1788935472.871729,1985415,public,trade_type,0,0,0,0,0,0,0,0,0
1788935472.871729,1985264,public,customer,0,0,0,0,0,0,0,0,0
1788935472.871729,1985451,public,exchange,0,0,0,0,0,0,0,0,0
1788935472.871729,1985543,public,status_type,0,0,0,0,0,0,0,0,0
1788935472.871729,1985402,public,trade_request,0,0,0,0,0,0,0,0,0
1788935472.871729,1985555,public,zip_code,0,0,0,0,0,0,0,0,0
1788935472.871729,1985548,public,taxrate,0,0,0,0,0,0,0,0,0
1788935472.871729,1985372,public,trade,0,0,0,0,0,0,0,0,0
1788935472.871729,1985496,public,news_item,0,0,0,0,0,0,0,0,0
1788935472.871729,1985309,public,holding_summary,0,0,0,0,0,0,0,0,0
1788935472.871729,1985315,public,watch_item,0,0,0,0,0,0,0,0,0
1788935472.871729,1985320,public,watch_list,0,0,0,0,0,0,0,0,0
1788935532.991678,1985363,public,settlement,0,0,0,0,0,0,0,0,0
1788935532.991678,1985486,public,last_trade,0,0,0,0,0,0,0,0,0
1788935532.991678,1985285,public,customer_taxrate,0,0,0,0,0,0,0,0,0
1788935532.991678,1985256,public,account_permission,0,0,0,0,0,0,0,0,0
1788935532.991678,1985507,public,news_xref,0,0,0,0,0,0,0,0,0
1788935532.991678,1985480,public,industry,0,0,0,0,0,0,0,0,0
1788935532.991678,1985343,public,charge,0,0,0,0,0,0,0,0,0
1788935532.991678,1985440,public,daily_market,0,0,0,0,0,0,0,0,0
1788935532.991678,1985422,public,company,0,0,0,0,0,0,0,0,0
1788935532.991678,1985325,public,broker,0,0,0,0,0,0,0,0,0
1788935532.991678,1985302,public,holding_history,0,0,0,0,0,0,0,0,0
1788935532.991678,1985460,public,financial,0,0,0,0,0,0,0,0,0
1788935532.991678,1985517,public,security,0,0,0,0,0,0,0,0,0
1788935532.991678,1985351,public,commission_rate,0,0,0,0,0,0,0,0,0
1788935532.991678,1985396,public,trade_history,0,0,0,0,0,0,0,0,0
1788935532.991678,1985275,public,customer_account,0,0,0,0,0,0,0,0,0
1788935532.991678,1985335,public,cash_transaction,0,0,0,0,0,0,0,0,0
1788935532.991678,1985290,public,holding,0,0,0,0,0,0,0,0,0
1788935532.991678,1985538,public,address,0,0,0,0,0,0,0,0,0
1788935532.991678,1985434,public,company_competitor,0,0,0,0,0,0,0,0,0
1788935532.991678,1985512,public,sector,0,0,0,0,0,0,0,0,0
1788935532.991678,1985415,public,trade_type,0,0,0,0,0,0,0,0,0
1788935532.991678,1985264,public,customer,0,0,0,0,0,0,0,0,0
1788935532.991678,1985451,public,exchange,0,0,0,0,0,0,0,0,0
1788935532.991678,1985543,public,status_type,0,0,0,0,0,0,0,0,0
1788935532.991678,1985402,public,trade_request,0,0,0,0,0,0,0,0,0
1788935532.991678,1985555,public,zip_code,0,0,0,0,0,0,0,0,0
1788935532.991678,1985548,public,taxrate,0,0,0,0,0,0,0,0,0
1788935532.991678,1985372,public,trade,0,0,0,0,0,0,0,0,0
1788935532.991678,1985496,public,news_item,0,0,0,0,0,0,0,0,0
1788935532.991678,1985309,public,holding_summary,0,0,0,0,0,0,0,0,0
1788935532.991678,1985315,public,watch_item,0,0,0,0,0,0,0,0,0
1788935532.991678,1985320,public,watch_list,0,0,0,0,0,0,0,0,0
1788935592.108062,1985363,public,settlement,0,0,0,0,0,0,0,0,0
1788935592.108062,1985486,public,last_trade,0,0,0,0,0,0,0,0,0
1788935592.108062,1985285,public,customer_taxrate,0,0,0,0,0,0,0,0,0
1788935592.108062,1985256,public,account_permission,0,0,0,0,0,0,0,0,0
1788935592.108062,1985507,public,news_xref,0,0,0,0,0,0,0,0,0
1788935592.108062,1985480,public,industry,0,0,0,0,0,0,0,0,0
1788935592.108062,1985343,public,charge,0,0,0,0,0,0,0,0,0
1788935592.108062,1985440,public,daily_market,0,0,0,0,0,0,0,0,0
1788935592.108062,1985422,public,company,0,0,0,0,0,0,0,0,0
1788935592.108062,1985325,public,broker,0,0,0,0,0,0,0,0,0
1788935592.108062,1985302,public,holding_history,0,0,0,0,0,0,0,0,0
1788935592.108062,1985460,public,financial,0,0,0,0,0,0,0,0,0
1788935592.108062,1985517,public,security,0,0,0,0,0,0,0,0,0
1788935592.108062,1985351,public,commission_rate,0,0,0,0,0,0,0,0,0
1788935592.108062,1985396,public,trade_history,0,0,0,0,0,0,0,0,0
1788935592.108062,1985275,public,customer_account,0,0,0,0,0,0,0,0,0
1788935592.108062,1985335,public,cash_transaction,0,0,0,0,0,0,0,0,0
1788935592.108062,1985290,public,holding,0,0,0,0,0,0,0,0,0
1788935592.108062,1985538,public,address,0,0,0,0,0,0,0,0,0
1788935592.108062,1985434,public,company_competitor,0,0,0,0,0,0,0,0,0
1788935592.108062,1985512,public,sector,0,0,0,0,0,0,0,0,0
1788935592.108062,1985415,public,trade_type,0,0,0,0,0,0,0,0,0
1788935592.108062,1985264,public,customer,0,0,0,0,0,0,0,0,0
1788935592.108062,1985451,public,exchange,0,0,0,0,0,0,0,0,0
1788935592.108062,1985543,public,status_type,0,0,0,0,0,0,0,0,0
1788935592.108062,1985402,public,trade_request,0,0,0,0,0,0,0,0,0
1788935592.108062,1985555,public,zip_code,0,0,0,0,0,0,0,0,0
1788935592.108062,1985548,public,taxrate,0,0,0,0,0,0,0,0,0
1788935592.108062,1985372,public,trade,0,0,0,0,0,0,0,0,0
1788935592.108062,1985496,public,news_item,0,0,0,0,0,0,0,0,0
1788935592.108062,1985309,public,holding_summary,0,0,0,0,0,0,0,0,0
1788935592.108062,1985315,public,watch_item,0,0,0,0,0,0,0,0,0
1788935592.108062,1985320,public,watch_list,0,0,0,0,0,0,0,0,0
1788935652.254607,1985363,public,settlement,0,0,0,0,0,0,0,0,0
1788935652.254607,1985486,public,last_trade,0,0,0,0,0,0,0,0,0
1788935652.254607,1985285,public,customer_taxrate,0,0,0,0,0,0,0,0,0
1788935652.254607,1985256,public,account_permission,0,0,0,0,0,0,0,0,0
1788935652.254607,1985507,public,news_xref,0,0,0,0,0,0,0,0,0
1788935652.254607,1985480,public,industry,0,0,0,0,0,0,0,0,0
1788935652.254607,1985343,public,charge,0,0,0,0,0,0,0,0,0
1788935652.254607,1985440,public,daily_market,0,0,0,0,0,0,0,0,0
1788935652.254607,1985422,public,company,0,0,0,0,0,0,0,0,0
1788935652.254607,1985325,public,broker,0,0,0,0,0,0,0,0,0
1788935652.254607,1985302,public,holding_history,0,0,0,0,0,0,0,0,0
1788935652.254607,1985460,public,financial,0,0,0,0,0,0,0,0,0
1788935652.254607,1985517,public,security,0,0,0,0,0,0,0,0,0
1788935652.254607,1985351,public,commission_rate,0,0,0,0,0,0,0,0,0
1788935652.254607,1985396,public,trade_history,0,0,0,0,0,0,0,0,0
1788935652.254607,1985275,public,customer_account,0,0,0,0,0,0,0,0,0
1788935652.254607,1985335,public,cash_transaction,0,0,0,0,0,0,0,0,0
1788935652.254607,1985290,public,holding,0,0,0,0,0,0,0,0,0
1788935652.254607,1985538,public,address,0,0,0,0,0,0,0,0,0
1788935652.254607,1985434,public,company_competitor,0,0,0,0,0,0,0,0,0
1788935652.254607,1985512,public,sector,0,0,0,0,0,0,0,0,0
1788935652.254607,1985415,public,trade_type,0,0,0,0,0,0,0,0,0
1788935652.254607,1985264,public,customer,0,0,0,0,0,0,0,0,0
1788935652.254607,1985451,public,exchange,0,0,0,0,0,0,0,0,0
1788935652.254607,1985543,public,status_type,0,0,0,0,0,0,0,0,0
1788935652.254607,1985402,public,trade_request,0,0,0,0,0,0,0,0,0
1788935652.254607,1985555,public,zip_code,0,0,0,0,0,0,0,0,0
1788935652.254607,1985548,public,taxrate,0,0,0,0,0,0,0,0,0
1788935652.254607,1985372,public,trade,0,0,0,0,0,0,0,0,0
1788935652.254607,1985496,public,news_item,0,0,0,0,0,0,0,0,0
1788935652.254607,1985309,public,holding_summary,0,0,0,0,0,0,0,0,0
1788935652.254607,1985315,public,watch_item,0,0,0,0,0,0,0,0,0
1788935652.254607,1985320,public,watch_list,0,0,0,0,0,0,0,0,0
1788935712.387658,1985363,public,settlement,0,0,0,0,0,0,0,0,0
1788935712.387658,1985486,public,last_trade,0,0,0,0,0,0,0,0,0
1788935712.387658,1985285,public,customer_taxrate,0,0,0,0,0,0,0,0,0
1788935712.387658,1985256,public,account_permission,0,0,0,0,0,0,0,0,0
1788935712.387658,1985507,public,news_xref,0,0,0,0,0,0,0,0,0
1788935712.387658,1985480,public,industry,0,0,0,0,0,0,0,0,0
1788935712.387658,1985343,public,charge,0,0,0,0,0,0,0,0,0
1788935712.387658,1985440,public,daily_market,0,0,0,0,0,0,0,0,0
1788935712.387658,1985422,public,company,0,0,0,0,0,0,0,0,0
1788935712.387658,1985325,public,broker,0,0,0,0,0,0,0,0,0
1788935712.387658,1985302,public,holding_history,0,0,0,0,0,0,0,0,0
1788935712.387658,1985460,public,financial,0,0,0,0,0,0,0,0,0
1788935712.387658,1985517,public,security,0,0,0,0,0,0,0,0,0
1788935712.387658,1985351,public,commission_rate,0,0,0,0,0,0,0,0,0
1788935712.387658,1985396,public,trade_history,0,0,0,0,0,0,0,0,0
1788935712.387658,1985275,public,customer_account,0,0,0,0,0,0,0,0,0
1788935712.387658,1985335,public,cash_transaction,0,0,0,0,0,0,0,0,0
1788935712.387658,1985290,public,holding,0,0,0,0,0,0,0,0,0
1788935712.387658,1985538,public,address,0,0,0,0,0,0,0,0,0
1788935712.387658,1985434,public,company_competitor,0,0,0,0,0,0,0,0,0
1788935712.387658,1985512,public,sector,0,0,0,0,0,0,0,0,0
1788935712.387658,1985415,public,trade_type,0,0,0,0,0,0,0,0,0
1788935712.387658,1985264,public,customer,0,0,0,0,0,0,0,0,0
1788935712.387658,1985451,public,exchange,0,0,0,0,0,0,0,0,0
1788935712.387658,1985543,public,status_type,0,0,0,0,0,0,0,0,0
1788935712.387658,1985402,public,trade_request,0,0,0,0,0,0,0,0,0
1788935712.387658,1985555,public,zip_code,0,0,0,0,0,0,0,0,0
1788935712.387658,1985548,public,taxrate,0,0,0,0,0,0,0,0,0
1788935712.387658,1985372,public,trade,0,0,0,0,0,0,0,0,0
1788935712.387658,1985496,public,news_item,0,0,0,0,0,0,0,0,0
1788935712.387658,1985309,public,holding_summary,0,0,0,0,0,0,0,0,0
1788935712.387658,1985315,public,watch_item,0,0,0,0,0,0,0,0,0
1788935712.387658,1985320,public,watch_list,0,0,0,0,0,0,0,0,0
1788935772.528259,1985363,public,settlement,0,0,0,0,0,0,0,0,0
1788935772.528259,1985486,public,last_trade,0,0,0,0,0,0,0,0,0
1788935772.528259,1985285,public,customer_taxrate,0,0,0,0,0,0,0,0,0
1788935772.528259,1985256,public,account_permission,0,0,0,0,0,0,0,0,0
1788935772.528259,1985507,public,news_xref,0,0,0,0,0,0,0,0,0
1788935772.528259,1985480,public,industry,0,0,0,0,0,0,0,0,0
1788935772.528259,1985343,public,charge,0,0,0,0,0,0,0,0,0
1788935772.528259,1985440,public,daily_market,0,0,0,0,0,0,0,0,0
1788935772.528259,1985422,public,company,0,0,0,0,0,0,0,0,0
1788935772.528259,1985325,public,broker,0,0,0,0,0,0,0,0,0
1788935772.528259,1985302,public,holding_history,0,0,0,0,0,0,0,0,0
1788935772.528259,1985460,public,financial,0,0,0,0,0,0,0,0,0
1788935772.528259,1985517,public,security,0,0,0,0,0,0,0,0,0
1788935772.528259,1985351,public,commission_rate,0,0,0,0,0,0,0,0,0
1788935772.528259,1985396,public,trade_history,0,0,0,0,0,0,0,0,0
1788935772.528259,1985275,public,customer_account,0,0,0,0,0,0,0,0,0
1788935772.528259,1985335,public,cash_transaction,0,0,0,0,0,0,0,0,0
1788935772.528259,1985290,public,holding,0,0,0,0,0,0,0,0,0
1788935772.528259,1985538,public,address,0,0,0,0,0,0,0,0,0
1788935772.528259,1985434,public,company_competitor,0,0,0,0,0,0,0,0,0
1788935772.528259,1985512,public,sector,0,0,0,0,0,0,0,0,0
1788935772.528259,1985415,public,trade_type,0,0,0,0,0,0,0,0,0
1788935772.528259,1985264,public,customer,0,0,0,0,0,0,0,0,0
1788935772.528259,1985451,public,exchange,0,0,0,0,0,0,0,0,0
1788935772.528259,1985543,public,status_type,0,0,0,0,0,0,0,0,0
1788935772.528259,1985402,public,trade_request,0,0,0,0,0,0,0,0,0
1788935772.528259,1985555,public,zip_code,0,0,0,0,0,0,0,0,0
1788935772.528259,1985548,public,taxrate,0,0,0,0,0,0,0,0,0
1788935772.528259,1985372,public,trade,0,0,0,0,0,0,0,0,0
1788935772.528259,1985496,public,news_item,0,0,0,0,0,0,0,0,0
1788935772.528259,1985309,public,holding_summary,0,0,0,0,0,0,0,0,0
1788935772.528259,1985315,public,watch_item,0,0,0,0,0,0,0,0,0
1788935772.528259,1985320,public,watch_list,0,0,0,0,0,0,0,0,0
1788935832.629581,1985363,public,settlement,0,0,0,0,0,0,0,0,0
1788935832.629581,1985486,public,last_trade,0,0,0,0,0,0,0,0,0
1788935832.629581,1985285,public,customer_taxrate,0,0,0,0,0,0,0,0,0
1788935832.629581,1985256,public,account_permission,0,0,0,0,0,0,0,0,0
1788935832.629581,1985507,public,news_xref,0,0,0,0,0,0,0,0,0
1788935832.629581,1985480,public,industry,0,0,0,0,0,0,0,0,0
1788935832.629581,1985343,public,charge,0,0,0,0,0,0,0,0,0
1788935832.629581,1985440,public,daily_market,0,0,0,0,0,0,0,0,0
1788935832.629581,1985422,public,company,0,0,0,0,0,0,0,0,0
1788935832.629581,1985325,public,broker,0,0,0,0,0,0,0,0,0
1788935832.629581,1985302,public,holding_history,0,0,0,0,0,0,0,0,0
1788935832.629581,1985460,public,financial,0,0,0,0,0,0,0,0,0
1788935832.629581,1985517,public,security,0,0,0,0,0,0,0,0,0
1788935832.629581,1985351,public,commission_rate,0,0,0,0,0,0,0,0,0
1788935832.629581,1985396,public,trade_history,0,0,0,0,0,0,0,0,0
1788935832.629581,1985275,public,customer_account,0,0,0,0,0,0,0,0,0
1788935832.629581,1985335,public,cash_transaction,0,0,0,0,0,0,0,0,0
1788935832.629581,1985290,public,holding,0,0,0,0,0,0,0,0,0
1788935832.629581,1985538,public,address,0,0,0,0,0,0,0,0,0
1788935832.629581,1985434,public,company_competitor,0,0,0,0,0,0,0,0,0
1788935832.629581,1985512,public,sector,0,0,0,0,0,0,0,0,0
1788935832.629581,1985415,public,trade_type,0,0,0,0,0,0,0,0,0
1788935832.629581,1985264,public,customer,0,0,0,0,0,0,0,0,0
1788935832.629581,1985451,public,exchange,0,0,0,0,0,0,0,0,0
1788935832.629581,1985543,public,status_type,0,0,0,0,0,0,0,0,0
1788935832.629581,1985402,public,trade_request,0,0,0,0,0,0,0,0,0
1788935832.629581,1985555,public,zip_code,0,0,0,0,0,0,0,0,0
1788935832.629581,1985548,public,taxrate,0,0,0,0,0,0,0,0,0
1788935832.629581,1985372,public,trade,0,0,0,0,0,0,0,0,0
1788935832.629581,1985496,public,news_item,0,0,0,0,0,0,0,0,0
1788935832.629581,1985309,public,holding_summary,0,0,0,0,0,0,0,0,0
1788935832.629581,1985315,public,watch_item,0,0,0,0,0,0,0,0,0
1788935832.629581,1985320,public,watch_list,0,0,0,0,0,0,0,0,0
1788935892.787791,1985363,public,settlement,0,0,0,0,0,0,0,0,0
1788935892.787791,1985486,public,last_trade,0,0,0,0,0,0,0,0,0
1788935892.787791,1985285,public,customer_taxrate,0,0,0,0,0,0,0,0,0
1788935892.787791,1985256,public,account_permission,0,0,0,0,0,0,0,0,0
1788935892.787791,1985507,public,news_xref,0,0,0,0,0,0,0,0,0
1788935892.787791,1985480,public,industry,0,0,0,0,0,0,0,0,0
1788935892.787791,1985343,public,charge,0,0,0,0,0,0,0,0,0
1788935892.787791,1985440,public,daily_market,0,0,0,0,0,0,0,0,0
1788935892.787791,1985422,public,company,0,0,0,0,0,0,0,0,0
1788935892.787791,1985325,public,broker,0,0,0,0,0,0,0,0,0
1788935892.787791,1985302,public,holding_history,0,0,0,0,0,0,0,0,0
1788935892.787791,1985460,public,financial,0,0,0,0,0,0,0,0,0
1788935892.787791,1985517,public,security,0,0,0,0,0,0,0,0,0
1788935892.787791,1985351,public,commission_rate,0,0,0,0,0,0,0,0,0
1788935892.787791,1985396,public,trade_history,0,0,0,0,0,0,0,0,0
1788935892.787791,1985275,public,customer_account,0,0,0,0,0,0,0,0,0
1788935892.787791,1985335,public,cash_transaction,0,0,0,0,0,0,0,0,0
1788935892.787791,1985290,public,holding,0,0,0,0,0,0,0,0,0
1788935892.787791,1985538,public,address,0,0,0,0,0,0,0,0,0
1788935892.787791,1985434,public,company_competitor,0,0,0,0,0,0,0,0,0
1788935892.787791,1985512,public,sector,0,0,0,0,0,0,0,0,0
1788935892.787791,1985415,public,trade_type,0,0,0,0,0,0,0,0,0
1788935892.787791,1985264,public,customer,0,0,0,0,0,0,0,0,0
1788935892.787791,1985451,public,exchange,0,0,0,0,0,0,0,0,0
1788935892.787791,1985543,public,status_type,0,0,0,0,0,0,0,0,0
1788935892.787791,1985402,public,trade_request,0,0,0,0,0,0,0,0,0
1788935892.787791,1985555,public,zip_code,0,0,0,0,0,0,0,0,0
1788935892.787791,1985548,public,taxrate,0,0,0,0,0,0,0,0,0
1788935892.787791,1985372,public,trade,0,0,0,0,0,0,0,0,0
1788935892.787791,1985496,public,news_item,0,0,0,0,0,0,0,0,0
1788935892.787791,1985309,public,holding_summary,0,0,0,0,0,0,0,0,0
1788935892.787791,1985315,public,watch_item,0,0,0,0,0,0,0,0,0
1788935892.787791,1985320,public,watch_list,0,0,0,0,0,0,0,0,0
1788935952.932763,1985363,public,settlement,0,0,0,0,0,0,0,0,0
1788935952.932763,1985486,public,last_trade,0,0,0,0,0,0,0,0,0
1788935952.932763,1985285,public,customer_taxrate,0,0,0,0,0,0,0,0,0
1788935952.932763,1985256,public,account_permission,0,0,0,0,0,0,0,0,0
1788935952.932763,1985507,public,news_xref,0,0,0,0,0,0,0,0,0
1788935952.932763,1985480,public,industry,0,0,0,0,0,0,0,0,0
1788935952.932763,1985343,public,charge,0,0,0,0,0,0,0,0,0
1788935952.932763,1985440,public,daily_market,0,0,0,0,0,0,0,0,0
1788935952.932763,1985422,public,company,0,0,0,0,0,0,0,0,0
1788935952.932763,1985325,public,broker,0,0,0,0,0,0,0,0,0
1788935952.932763,1985302,public,holding_history,0,0,0,0,0,0,0,0,0
1788935952.932763,1985460,public,financial,0,0,0,0,0,0,0,0,0
1788935952.932763,1985517,public,security,0,0,0,0,0,0,0,0,0
1788935952.932763,1985351,public,commission_rate,0,0,0,0,0,0,0,0,0
1788935952.932763,1985396,public,trade_history,0,0,0,0,0,0,0,0,0
1788935952.932763,1985275,public,customer_account,0,0,0,0,0,0,0,0,0
1788935952.932763,1985335,public,cash_transaction,0,0,0,0,0,0,0,0,0
1788935952.932763,1985290,public,holding,0,0,0,0,0,0,0,0,0
1788935952.932763,1985538,public,address,0,0,0,0,0,0,0,0,0
1788935952.932763,1985434,public,company_competitor,0,0,0,0,0,0,0,0,0
1788935952.932763,1985512,public,sector,0,0,0,0,0,0,0,0,0
1788935952.932763,1985415,public,trade_type,0,0,0,0,0,0,0,0,0
1788935952.932763,1985264,public,customer,0,0,0,0,0,0,0,0,0
1788935952.932763,1985451,public,exchange,0,0,0,0,0,0,0,0,0
1788935952.932763,1985543,public,status_type,0,0,0,0,0,0,0,0,0
1788935952.932763,1985402,public,trade_request,0,0,0,0,0,0,0,0,0
1788935952.932763,1985555,public,zip_code,0,0,0,0,0,0,0,0,0
1788935952.932763,1985548,public,taxrate,0,0,0,0,0,0,0,0,0
1788935952.932763,1985372,public,trade,0,0,0,0,0,0,0,0,0
1788935952.932763,1985496,public,news_item,0,0,0,0,0,0,0,0,0
1788935952.932763,1985309,public,holding_summary,0,0,0,0,0,0,0,0,0
1788935952.932763,1985315,public,watch_item,0,0,0,0,0,0,0,0,0
1788935952.932763,1985320,public,watch_list,0,0,0,0,0,0,0,0,0
1788936013.047560,1985363,public,settlement,0,0,0,0,0,0,0,0,0
1788936013.047560,1985486,public,last_trade,0,0,0,0,0,0,0,0,0
1788936013.047560,1985285,public,customer_taxrate,0,0,0,0,0,0,0,0,0
1788936013.047560,1985256,public,account_permission,0,0,0,0,0,0,0,0,0
1788936013.047560,1985507,public,news_xref,0,0,0,0,0,0,0,0,0
1788936013.047560,1985480,public,industry,0,0,0,0,0,0,0,0,0
1788936013.047560,1985343,public,charge,0,0,0,0,0,0,0,0,0
1788936013.047560,1985440,public,daily_market,0,0,0,0,0,0,0,0,0
1788936013.047560,1985422,public,company,0,0,0,0,0,0,0,0,0
1788936013.047560,1985325,public,broker,0,0,0,0,0,0,0,0,0
1788936013.047560,1985302,public,holding_history,0,0,0,0,0,0,0,0,0
1788936013.047560,1985460,public,financial,0,0,0,0,0,0,0,0,0
1788936013.047560,1985517,public,security,0,0,0,0,0,0,0,0,0
1788936013.047560,1985351,public,commission_rate,0,0,0,0,0,0,0,0,0
1788936013.047560,1985396,public,trade_history,0,0,0,0,0,0,0,0,0
1788936013.047560,1985275,public,customer_account,0,0,0,0,0,0,0,0,0
1788936013.047560,1985335,public,cash_transaction,0,0,0,0,0,0,0,0,0
1788936013.047560,1985290,public,holding,0,0,0,0,0,0,0,0,0
1788936013.047560,1985538,public,address,0,0,0,0,0,0,0,0,0
1788936013.047560,1985434,public,company_competitor,0,0,0,0,0,0,0,0,0
1788936013.047560,1985512,public,sector,0,0,0,0,0,0,0,0,0
1788936013.047560,1985415,public,trade_type,0,0,0,0,0,0,0,0,0
1788936013.047560,1985264,public,customer,0,0,0,0,0,0,0,0,0
1788936013.047560,1985451,public,exchange,0,0,0,0,0,0,0,0,0
1788936013.047560,1985543,public,status_type,0,0,0,0,0,0,0,0,0
1788936013.047560,1985402,public,trade_request,0,0,0,0,0,0,0,0,0
1788936013.047560,1985555,public,zip_code,0,0,0,0,0,0,0,0,0
1788936013.047560,1985548,public,taxrate,0,0,0,0,0,0,0,0,0
1788936013.047560,1985372,public,trade,0,0,0,0,0,0,0,0,0
1788936013.047560,1985496,public,news_item,0,0,0,0,0,0,0,0,0
1788936013.047560,1985309,public,holding_summary,0,0,0,0,0,0,0,0,0
1788936013.047560,1985315,public,watch_item,0,0,0,0,0,0,0,0,0
1788936013.047560,1985320,public,watch_list,0,0,0,0,0,0,0,0,0
1788936072.189019,1985363,public,settlement,0,0,0,0,0,0,0,0,0
1788936072.189019,1985486,public,last_trade,0,0,0,0,0,0,0,0,0
1788936072.189019,1985285,public,customer_taxrate,0,0,0,0,0,0,0,0,0
1788936072.189019,1985256,public,account_permission,0,0,0,0,0,0,0,0,0
1788936072.189019,1985507,public,news_xref,0,0,0,0,0,0,0,0,0
1788936072.189019,1985480,public,industry,0,0,0,0,0,0,0,0,0
1788936072.189019,1985343,public,charge,0,0,0,0,0,0,0,0,0
1788936072.189019,1985440,public,daily_market,0,0,0,0,0,0,0,0,0
1788936072.189019,1985422,public,company,0,0,0,0,0,0,0,0,0
1788936072.189019,1985325,public,broker,0,0,0,0,0,0,0,0,0
1788936072.189019,1985302,public,holding_history,0,0,0,0,0,0,0,0,0
1788936072.189019,1985460,public,financial,0,0,0,0,0,0,0,0,0
1788936072.189019,1985517,public,security,0,0,0,0,0,0,0,0,0
1788936072.189019,1985351,public,commission_rate,0,0,0,0,0,0,0,0,0
1788936072.189019,1985396,public,trade_history,0,0,0,0,0,0,0,0,0
1788936072.189019,1985275,public,customer_account,0,0,0,0,0,0,0,0,0
1788936072.189019,1985335,public,cash_transaction,0,0,0,0,0,0,0,0,0
1788936072.189019,1985290,public,holding,0,0,0,0,0,0,0,0,0
1788936072.189019,1985538,public,address,0,0,0,0,0,0,0,0,0
1788936072.189019,1985434,public,company_competitor,0,0,0,0,0,0,0,0,0
1788936072.189019,1985512,public,sector,0,0,0,0,0,0,0,0,0
1788936072.189019,1985415,public,trade_type,0,0,0,0,0,0,0,0,0
1788936072.189019,1985264,public,customer,0,0,0,0,0,0,0,0,0
1788936072.189019,1985451,public,exchange,0,0,0,0,0,0,0,0,0
1788936072.189019,1985543,public,status_type,0,0,0,0,0,0,0,0,0
1788936072.189019,1985402,public,trade_request,0,0,0,0,0,0,0,0,0
1788936072.189019,1985555,public,zip_code,0,0,0,0,0,0,0,0,0
1788936072.189019,1985548,public,taxrate,0,0,0,0,0,0,0,0,0
1788936072.189019,1985372,public,trade,0,0,0,0,0,0,0,0,0
1788936072.189019,1985496,public,news_item,0,0,0,0,0,0,0,0,0
1788936072.189019,1985309,public,holding_summary,0,0,0,0,0,0,0,0,0
1788936072.189019,1985315,public,watch_item,0,0,0,0,0,0,0,0,0
1788936072.189019,1985320,public,watch_list,0,0,0,0,0,0,0,0,0
1788936132.303879,1985363,public,settlement,0,0,0,0,0,0,0,0,0
1788936132.303879,1985486,public,last_trade,0,0,0,0,0,0,0,0,0
1788936132.303879,1985285,public,customer_taxrate,0,0,0,0,0,0,0,0,0
1788936132.303879,1985256,public,account_permission,0,0,0,0,0,0,0,0,0
1788936132.303879,1985507,public,news_xref,0,0,0,0,0,0,0,0,0
1788936132.303879,1985480,public,industry,0,0,0,0,0,0,0,0,0
1788936132.303879,1985343,public,charge,0,0,0,0,0,0,0,0,0
1788936132.303879,1985440,public,daily_market,0,0,0,0,0,0,0,0,0
1788936132.303879,1985422,public,company,0,0,0,0,0,0,0,0,0
1788936132.303879,1985325,public,broker,0,0,0,0,0,0,0,0,0
1788936132.303879,1985302,public,holding_history,0,0,0,0,0,0,0,0,0
1788936132.303879,1985460,public,financial,0,0,0,0,0,0,0,0,0
1788936132.303879,1985517,public,security,0,0,0,0,0,0,0,0,0
1788936132.303879,1985351,public,commission_rate,0,0,0,0,0,0,0,0,0
1788936132.303879,1985396,public,trade_history,0,0,0,0,0,0,0,0,0
1788936132.303879,1985275,public,customer_account,0,0,0,0,0,0,0,0,0
1788936132.303879,1985335,public,cash_transaction,0,0,0,0,0,0,0,0,0
1788936132.303879,1985290,public,holding,0,0,0,0,0,0,0,0,0
1788936132.303879,1985538,public,address,0,0,0,0,0,0,0,0,0
1788936132.303879,1985434,public,company_competitor,0,0,0,0,0,0,0,0,0
1788936132.303879,1985512,public,sector,0,0,0,0,0,0,0,0,0
1788936132.303879,1985415,public,trade_type,0,0,0,0,0,0,0,0,0
1788936132.303879,1985264,public,customer,0,0,0,0,0,0,0,0,0
1788936132.303879,1985451,public,exchange,0,0,0,0,0,0,0,0,0
1788936132.303879,1985543,public,status_type,0,0,0,0,0,0,0,0,0
1788936132.303879,1985402,public,trade_request,0,0,0,0,0,0,0,0,0
1788936132.303879,1985555,public,zip_code,0,0,0,0,0,0,0,0,0
1788936132.303879,1985548,public,taxrate,0,0,0,0,0,0,0,0,0
1788936132.303879,1985372,public,trade,0,0,0,0,0,0,0,0,0
1788936132.303879,1985496,public,news_item,0,0,0,0,0,0,0,0,0
1788936132.303879,1985309,public,holding_summary,0,0,0,0,0,0,0,0,0
1788936132.303879,1985315,public,watch_item,0,0,0,0,0,0,0,0,0
1788936132.303879,1985320,public,watch_list,0,0,0,0,0,0,0,0,0
1788936192.473091,1985363,public,settlement,0,0,0,0,0,0,0,0,0
1788936192.473091,1985486,public,last_trade,0,0,0,0,0,0,0,0,0
1788936192.473091,1985285,public,customer_taxrate,0,0,0,0,0,0,0,0,0
1788936192.473091,1985256,public,account_permission,0,0,0,0,0,0,0,0,0
1788936192.473091,1985507,public,news_xref,0,0,0,0,0,0,0,0,0
1788936192.473091,1985480,public,industry,0,0,0,0,0,0,0,0,0
1788936192.473091,1985343,public,charge,0,0,0,0,0,0,0,0,0
1788936192.473091,1985440,public,daily_market,0,0,0,0,0,0,0,0,0
1788936192.473091,1985422,public,company,0,0,0,0,0,0,0,0,0
1788936192.473091,1985325,public,broker,0,0,0,0,0,0,0,0,0
1788936192.473091,1985302,public,holding_history,0,0,0,0,0,0,0,0,0
1788936192.473091,1985460,public,financial,0,0,0,0,0,0,0,0,0
1788936192.473091,1985517,public,security,0,0,0,0,0,0,0,0,0
1788936192.473091,1985351,public,commission_rate,0,0,0,0,0,0,0,0,0
1788936192.473091,1985396,public,trade_history,0,0,0,0,0,0,0,0,0
1788936192.473091,1985275,public,customer_account,0,0,0,0,0,0,0,0,0
1788936192.473091,1985335,public,cash_transaction,0,0,0,0,0,0,0,0,0
1788936192.473091,1985290,public,holding,0,0,0,0,0,0,0,0,0
1788936192.473091,1985538,public,address,0,0,0,0,0,0,0,0,0
1788936192.473091,1985434,public,company_competitor,0,0,0,0,0,0,0,0,0
1788936192.473091,1985512,public,sector,0,0,0,0,0,0,0,0,0
1788936192.473091,1985415,public,trade_type,0,0,0,0,0,0,0,0,0
1788936192.473091,1985264,public,customer,0,0,0,0,0,0,0,0,0
1788936192.473091,1985451,public,exchange,0,0,0,0,0,0,0,0,0
1788936192.473091,1985543,public,status_type,0,0,0,0,0,0,0,0,0
1788936192.473091,1985402,public,trade_request,0,0,0,0,0,0,0,0,0
1788936192.473091,1985555,public,zip_code,0,0,0,0,0,0,0,0,0
1788936192.473091,1985548,public,taxrate,0,0,0,0,0,0,0,0,0
1788936192.473091,1985372,public,trade,0,0,0,0,0,0,0,0,0
1788936192.473091,1985496,public,news_item,0,0,0,0,0,0,0,0,0
1788936192.473091,1985309,public,holding_summary,0,0,0,0,0,0,0,0,0
1788936192.473091,1985315,public,watch_item,0,0,0,0,0,0,0,0,0
1788936192.473091,1985320,public,watch_list,0,0,0,0,0,0,0,0,0
1788936252.627656,1985363,public,settlement,0,0,0,0,0,0,0,0,0
1788936252.627656,1985486,public,last_trade,0,0,0,0,0,0,0,0,0
1788936252.627656,1985285,public,customer_taxrate,0,0,0,0,0,0,0,0,0
1788936252.627656,1985256,public,account_permission,0,0,0,0,0,0,0,0,0
1788936252.627656,1985507,public,news_xref,0,0,0,0,0,0,0,0,0
1788936252.627656,1985480,public,industry,0,0,0,0,0,0,0,0,0
1788936252.627656,1985343,public,charge,0,0,0,0,0,0,0,0,0
1788936252.627656,1985440,public,daily_market,0,0,0,0,0,0,0,0,0
1788936252.627656,1985422,public,company,0,0,0,0,0,0,0,0,0
1788936252.627656,1985325,public,broker,0,0,0,0,0,0,0,0,0
1788936252.627656,1985302,public,holding_history,0,0,0,0,0,0,0,0,0
1788936252.627656,1985460,public,financial,0,0,0,0,0,0,0,0,0
1788936252.627656,1985517,public,security,0,0,0,0,0,0,0,0,0
1788936252.627656,1985351,public,commission_rate,0,0,0,0,0,0,0,0,0
1788936252.627656,1985396,public,trade_history,0,0,0,0,0,0,0,0,0
1788936252.627656,1985275,public,customer_account,0,0,0,0,0,0,0,0,0
1788936252.627656,1985335,public,cash_transaction,0,0,0,0,0,0,0,0,0
1788936252.627656,1985290,public,holding,0,0,0,0,0,0,0,0,0
1788936252.627656,1985538,public,address,0,0,0,0,0,0,0,0,0
1788936252.627656,1985434,public,company_competitor,0,0,0,0,0,0,0,0,0
1788936252.627656,1985512,public,sector,0,0,0,0,0,0,0,0,0
1788936252.627656,1985415,public,trade_type,0,0,0,0,0,0,0,0,0
1788936252.627656,1985264,public,customer,0,0,0,0,0,0,0,0,0
1788936252.627656,1985451,public,exchange,0,0,0,0,0,0,0,0,0
1788936252.627656,1985543,public,status_type,0,0,0,0,0,0,0,0,0
1788936252.627656,1985402,public,trade_request,0,0,0,0,0,0,0,0,0
1788936252.627656,1985555,public,zip_code,0,0,0,0,0,0,0,0,0
1788936252.627656,1985548,public,taxrate,0,0,0,0,0,0,0,0,0
1788936252.627656,1985372,public,trade,0,0,0,0,0,0,0,0,0
1788936252.627656,1985496,public,news_item,0,0,0,0,0,0,0,0,0
1788936252.627656,1985309,public,holding_summary,0,0,0,0,0,0,0,0,0
1788936252.627656,1985315,public,watch_item,0,0,0,0,0,0,0,0,0
1788936252.627656,1985320,public,watch_list,0,0,0,0,0,0,0,0,0
1788936312.763656,1985363,public,settlement,0,0,0,0,0,0,0,0,0
1788936312.763656,1985486,public,last_trade,0,0,0,0,0,0,0,0,0
1788936312.763656,1985285,public,customer_taxrate,0,0,0,0,0,0,0,0,0
1788936312.763656,1985256,public,account_permission,0,0,0,0,0,0,0,0,0
1788936312.763656,1985507,public,news_xref,0,0,0,0,0,0,0,0,0
1788936312.763656,1985480,public,industry,0,0,0,0,0,0,0,0,0
1788936312.763656,1985343,public,charge,0,0,0,0,0,0,0,0,0
1788936312.763656,1985440,public,daily_market,0,0,0,0,0,0,0,0,0
1788936312.763656,1985422,public,company,0,0,0,0,0,0,0,0,0
1788936312.763656,1985325,public,broker,0,0,0,0,0,0,0,0,0
1788936312.763656,1985302,public,holding_history,0,0,0,0,0,0,0,0,0
1788936312.763656,1985460,public,financial,0,0,0,0,0,0,0,0,0
1788936312.763656,1985517,public,security,0,0,0,0,0,0,0,0,0
1788936312.763656,1985351,public,commission_rate,0,0,0,0,0,0,0,0,0
1788936312.763656,1985396,public,trade_history,0,0,0,0,0,0,0,0,0
1788936312.763656,1985275,public,customer_account,0,0,0,0,0,0,0,0,0
1788936312.763656,1985335,public,cash_transaction,0,0,0,0,0,0,0,0,0
1788936312.763656,1985290,public,holding,0,0,0,0,0,0,0,0,0
1788936312.763656,1985538,public,address,0,0,0,0,0,0,0,0,0
1788936312.763656,1985434,public,company_competitor,0,0,0,0,0,0,0,0,0
1788936312.763656,1985512,public,sector,0,0,0,0,0,0,0,0,0
1788936312.763656,1985415,public,trade_type,0,0,0,0,0,0,0,0,0
1788936312.763656,1985264,public,customer,0,0,0,0,0,0,0,0,0
1788936312.763656,1985451,public,exchange,0,0,0,0,0,0,0,0,0
1788936312.763656,1985543,public,status_type,0,0,0,0,0,0,0,0,0
1788936312.763656,1985402,public,trade_request,0,0,0,0,0,0,0,0,0
1788936312.763656,1985555,public,zip_code,0,0,0,0,0,0,0,0,0
1788936312.763656,1985548,public,taxrate,0,0,0,0,0,0,0,0,0
1788936312.763656,1985372,public,trade,0,0,0,0,0,0,0,0,0
1788936312.763656,1985496,public,news_item,0,0,0,0,0,0,0,0,0
1788936312.763656,1985309,public,holding_summary,0,0,0,0,0,0,0,0,0
1788936312.763656,1985315,public,watch_item,0,0,0,0,0,0,0,0,0
1788936312.763656,1985320,public,watch_list,0,0,0,0,0,0,0,0,0
1788936372.863449,1985363,public,settlement,0,0,0,0,0,0,0,0,0
1788936372.863449,1985486,public,last_trade,0,0,0,0,0,0,0,0,0
1788936372.863449,1985285,public,customer_taxrate,0,0,0,0,0,0,0,0,0
1788936372.863449,1985256,public,account_permission,0,0,0,0,0,0,0,0,0
1788936372.863449,1985507,public,news_xref,0,0,0,0,0,0,0,0,0
1788936372.863449,1985480,public,industry,0,0,0,0,0,0,0,0,0
1788936372.863449,1985343,public,charge,0,0,0,0,0,0,0,0,0
1788936372.863449,1985440,public,daily_market,0,0,0,0,0,0,0,0,0
1788936372.863449,1985422,public,company,0,0,0,0,0,0,0,0,0
1788936372.863449,1985325,public,broker,0,0,0,0,0,0,0,0,0
1788936372.863449,1985302,public,holding_history,0,0,0,0,0,0,0,0,0
1788936372.863449,1985460,public,financial,0,0,0,0,0,0,0,0,0
1788936372.863449,1985517,public,security,0,0,0,0,0,0,0,0,0
1788936372.863449,1985351,public,commission_rate,0,0,0,0,0,0,0,0,0
1788936372.863449,1985396,public,trade_history,0,0,0,0,0,0,0,0,0
1788936372.863449,1985275,public,customer_account,0,0,0,0,0,0,0,0,0
1788936372.863449,1985335,public,cash_transaction,0,0,0,0,0,0,0,0,0
1788936372.863449,1985290,public,holding,0,0,0,0,0,0,0,0,0
1788936372.863449,1985538,public,address,0,0,0,0,0,0,0,0,0
1788936372.863449,1985434,public,company_competitor,0,0,0,0,0,0,0,0,0
1788936372.863449,1985512,public,sector,0,0,0,0,0,0,0,0,0
1788936372.863449,1985415,public,trade_type,0,0,0,0,0,0,0,0,0
1788936372.863449,1985264,public,customer,0,0,0,0,0,0,0,0,0
1788936372.863449,1985451,public,exchange,0,0,0,0,0,0,0,0,0
1788936372.863449,1985543,public,status_type,0,0,0,0,0,0,0,0,0
1788936372.863449,1985402,public,trade_request,0,0,0,0,0,0,0,0,0
1788936372.863449,1985555,public,zip_code,0,0,0,0,0,0,0,0,0
1788936372.863449,1985548,public,taxrate,0,0,0,0,0,0,0,0,0
1788936372.863449,1985372,public,trade,0,0,0,0,0,0,0,0,0
1788936372.863449,1985496,public,news_item,0,0,0,0,0,0,0,0,0
1788936372.863449,1985309,public,holding_summary,0,0,0,0,0,0,0,0,0
1788936372.863449,1985315,public,watch_item,0,0,0,0,0,0,0,0,0
1788936372.863449,1985320,public,watch_list,0,0,0,0,0,0,0,0,0
1788936433.034920,1985363,public,settlement,0,0,0,0,0,0,0,0,0
1788936433.034920,1985486,public,last_trade,0,0,0,0,0,0,0,0,0
1788936433.034920,1985285,public,customer_taxrate,0,0,0,0,0,0,0,0,0
1788936433.034920,1985256,public,account_permission,0,0,0,0,0,0,0,0,0
1788936433.034920,1985507,public,news_xref,0,0,0,0,0,0,0,0,0
1788936433.034920,1985480,public,industry,0,0,0,0,0,0,0,0,0
1788936433.034920,1985343,public,charge,0,0,0,0,0,0,0,0,0
1788936433.034920,1985440,public,daily_market,0,0,0,0,0,0,0,0,0
1788936433.034920,1985422,public,company,0,0,0,0,0,0,0,0,0
1788936433.034920,1985325,public,broker,0,0,0,0,0,0,0,0,0
1788936433.034920,1985302,public,holding_history,0,0,0,0,0,0,0,0,0
1788936433.034920,1985460,public,financial,0,0,0,0,0,0,0,0,0
1788936433.034920,1985517,public,security,0,0,0,0,0,0,0,0,0
1788936433.034920,1985351,public,commission_rate,0,0,0,0,0,0,0,0,0
1788936433.034920,1985396,public,trade_history,0,0,0,0,0,0,0,0,0
1788936433.034920,1985275,public,customer_account,0,0,0,0,0,0,0,0,0
1788936433.034920,1985335,public,cash_transaction,0,0,0,0,0,0,0,0,0
1788936433.034920,1985290,public,holding,0,0,0,0,0,0,0,0,0
1788936433.034920,1985538,public,address,0,0,0,0,0,0,0,0,0
1788936433.034920,1985434,public,company_competitor,0,0,0,0,0,0,0,0,0
1788936433.034920,1985512,public,sector,0,0,0,0,0,0,0,0,0
1788936433.034920,1985415,public,trade_type,0,0,0,0,0,0,0,0,0
1788936433.034920,1985264,public,customer,0,0,0,0,0,0,0,0,0
1788936433.034920,1985451,public,exchange,0,0,0,0,0,0,0,0,0
1788936433.034920,1985543,public,status_type,0,0,0,0,0,0,0,0,0
1788936433.034920,1985402,public,trade_request,0,0,0,0,0,0,0,0,0
1788936433.034920,1985555,public,zip_code,0,0,0,0,0,0,0,0,0
1788936433.034920,1985548,public,taxrate,0,0,0,0,0,0,0,0,0
1788936433.034920,1985372,public,trade,0,0,0,0,0,0,0,0,0
1788936433.034920,1985496,public,news_item,0,0,0,0,0,0,0,0,0
1788936433.034920,1985309,public,holding_summary,0,0,0,0,0,0,0,0,0
1788936433.034920,1985315,public,watch_item,0,0,0,0,0,0,0,0,0
1788936433.034920,1985320,public,watch_list,0,0,0,0,0,0,0,0,0
1788936492.179652,1985363,public,settlement,0,0,0,0,0,0,0,0,0
1788936492.179652,1985486,public,last_trade,0,0,0,0,0,0,0,0,0
1788936492.179652,1985285,public,customer_taxrate,0,0,0,0,0,0,0,0,0
1788936492.179652,1985256,public,account_permission,0,0,0,0,0,0,0,0,0
1788936492.179652,1985507,public,news_xref,0,0,0,0,0,0,0,0,0
1788936492.179652,1985480,public,industry,0,0,0,0,0,0,0,0,0
1788936492.179652,1985343,public,charge,0,0,0,0,0,0,0,0,0
1788936492.179652,1985440,public,daily_market,0,0,0,0,0,0,0,0,0
1788936492.179652,1985422,public,company,0,0,0,0,0,0,0,0,0
1788936492.179652,1985325,public,broker,0,0,0,0,0,0,0,0,0
1788936492.179652,1985302,public,holding_history,0,0,0,0,0,0,0,0,0
1788936492.179652,1985460,public,financial,0,0,0,0,0,0,0,0,0
1788936492.179652,1985517,public,security,0,0,0,0,0,0,0,0,0
1788936492.179652,1985351,public,commission_rate,0,0,0,0,0,0,0,0,0
1788936492.179652,1985396,public,trade_history,0,0,0,0,0,0,0,0,0
1788936492.179652,1985275,public,customer_account,0,0,0,0,0,0,0,0,0
1788936492.179652,1985335,public,cash_transaction,0,0,0,0,0,0,0,0,0
1788936492.179652,1985290,public,holding,0,0,0,0,0,0,0,0,0
1788936492.179652,1985538,public,address,0,0,0,0,0,0,0,0,0
1788936492.179652,1985434,public,company_competitor,0,0,0,0,0,0,0,0,0
1788936492.179652,1985512,public,sector,0,0,0,0,0,0,0,0,0
1788936492.179652,1985415,public,trade_type,0,0,0,0,0,0,0,0,0
1788936492.179652,1985264,public,customer,0,0,0,0,0,0,0,0,0
1788936492.179652,1985451,public,exchange,0,0,0,0,0,0,0,0,0
1788936492.179652,1985543,public,status_type,0,0,0,0,0,0,0,0,0
1788936492.179652,1985402,public,trade_request,0,0,0,0,0,0,0,0,0
1788936492.179652,1985555,public,zip_code,0,0,0,0,0,0,0,0,0
1788936492.179652,1985548,public,taxrate,0,0,0,0,0,0,0,0,0
1788936492.179652,1985372,public,trade,0,0,0,0,0,0,0,0,0
1788936492.179652,1985496,public,news_item,0,0,0,0,0,0,0,0,0
1788936492.179652,1985309,public,holding_summary,0,0,0,0,0,0,0,0,0
1788936492.179652,1985315,public,watch_item,0,0,0,0,0,0,0,0,0
1788936492.179652,1985320,public,watch_list,0,0,0,0,0,0,0,0,0
1788936552.326966,1985363,public,settlement,0,0,0,0,0,0,0,0,0
1788936552.326966,1985486,public,last_trade,0,0,0,0,0,0,0,0,0
1788936552.326966,1985285,public,customer_taxrate,0,0,0,0,0,0,0,0,0
1788936552.326966,1985256,public,account_permission,0,0,0,0,0,0,0,0,0
1788936552.326966,1985507,public,news_xref,0,0,0,0,0,0,0,0,0
1788936552.326966,1985480,public,industry,0,0,0,0,0,0,0,0,0
1788936552.326966,1985343,public,charge,0,0,0,0,0,0,0,0,0
1788936552.326966,1985440,public,daily_market,0,0,0,0,0,0,0,0,0
1788936552.326966,1985422,public,company,0,0,0,0,0,0,0,0,0
1788936552.326966,1985325,public,broker,0,0,0,0,0,0,0,0,0
1788936552.326966,1985302,public,holding_history,0,0,0,0,0,0,0,0,0
1788936552.326966,1985460,public,financial,0,0,0,0,0,0,0,0,0
1788936552.326966,1985517,public,security,0,0,0,0,0,0,0,0,0
1788936552.326966,1985351,public,commission_rate,0,0,0,0,0,0,0,0,0
1788936552.326966,1985396,public,trade_history,0,0,0,0,0,0,0,0,0
1788936552.326966,1985275,public,customer_account,0,0,0,0,0,0,0,0,0
1788936552.326966,1985335,public,cash_transaction,0,0,0,0,0,0,0,0,0
1788936552.326966,1985290,public,holding,0,0,0,0,0,0,0,0,0
1788936552.326966,1985538,public,address,0,0,0,0,0,0,0,0,0
1788936552.326966,1985434,public,company_competitor,0,0,0,0,0,0,0,0,0
1788936552.326966,1985512,public,sector,0,0,0,0,0,0,0,0,0
1788936552.326966,1985415,public,trade_type,0,0,0,0,0,0,0,0,0
1788936552.326966,1985264,public,customer,0,0,0,0,0,0,0,0,0
1788936552.326966,1985451,public,exchange,0,0,0,0,0,0,0,0,0
1788936552.326966,1985543,public,status_type,0,0,0,0,0,0,0,0,0
1788936552.326966,1985402,public,trade_request,0,0,0,0,0,0,0,0,0
1788936552.326966,1985555,public,zip_code,0,0,0,0,0,0,0,0,0
1788936552.326966,1985548,public,taxrate,0,0,0,0,0,0,0,0,0
1788936552.326966,1985372,public,trade,0,0,0,0,0,0,0,0,0
1788936552.326966,1985496,public,news_item,0,0,0,0,0,0,0,0,0
1788936552.326966,1985309,public,holding_summary,0,0,0,0,0,0,0,0,0
1788936552.326966,1985315,public,watch_item,0,0,0,0,0,0,0,0,0
1788936552.326966,1985320,public,watch_list,0,0,0,0,0,0,0,0,0
1788936612.459814,1985363,public,settlement,0,0,0,0,0,0,0,0,0
1788936612.459814,1985486,public,last_trade,0,0,0,0,0,0,0,0,0
1788936612.459814,1985285,public,customer_taxrate,0,0,0,0,0,0,0,0,0
1788936612.459814,1985256,public,account_permission,0,0,0,0,0,0,0,0,0
1788936612.459814,1985507,public,news_xref,0,0,0,0,0,0,0,0,0
1788936612.459814,1985480,public,industry,0,0,0,0,0,0,0,0,0
1788936612.459814,1985343,public,charge,0,0,0,0,0,0,0,0,0
1788936612.459814,1985440,public,daily_market,0,0,0,0,0,0,0,0,0
1788936612.459814,1985422,public,company,0,0,0,0,0,0,0,0,0
1788936612.459814,1985325,public,broker,0,0,0,0,0,0,0,0,0
1788936612.459814,1985302,public,holding_history,0,0,0,0,0,0,0,0,0
1788936612.459814,1985460,public,financial,0,0,0,0,0,0,0,0,0
1788936612.459814,1985517,public,security,0,0,0,0,0,0,0,0,0
1788936612.459814,1985351,public,commission_rate,0,0,0,0,0,0,0,0,0
1788936612.459814,1985396,public,trade_history,0,0,0,0,0,0,0,0,0
1788936612.459814,1985275,public,customer_account,0,0,0,0,0,0,0,0,0
1788936612.459814,1985335,public,cash_transaction,0,0,0,0,0,0,0,0,0
1788936612.459814,1985290,public,holding,0,0,0,0,0,0,0,0,0
1788936612.459814,1985538,public,address,0,0,0,0,0,0,0,0,0
1788936612.459814,1985434,public,company_competitor,0,0,0,0,0,0,0,0,0
1788936612.459814,1985512,public,sector,0,0,0,0,0,0,0,0,0
1788936612.459814,1985415,public,trade_type,0,0,0,0,0,0,0,0,0
1788936612.459814,1985264,public,customer,0,0,0,0,0,0,0,0,0
1788936612.459814,1985451,public,exchange,0,0,0,0,0,0,0,0,0
1788936612.459814,1985543,public,status_type,0,0,0,0,0,0,0,0,0
1788936612.459814,1985402,public,trade_request,0,0,0,0,0,0,0,0,0
1788936612.459814,1985555,public,zip_code,0,0,0,0,0,0,0,0,0
1788936612.459814,1985548,public,taxrate,0,0,0,0,0,0,0,0,0
1788936612.459814,1985372,public,trade,0,0,0,0,0,0,0,0,0
1788936612.459814,1985496,public,news_item,0,0,0,0,0,0,0,0,0
1788936612.459814,1985309,public,holding_summary,0,0,0,0,0,0,0,0,0
1788936612.459814,1985315,public,watch_item,0,0,0,0,0,0,0,0,0
1788936612.459814,1985320,public,watch_list,0,0,0,0,0,0,0,0,0
1788936672.603599,1985363,public,settlement,0,0,0,0,0,0,0,0,0
1788936672.603599,1985486,public,last_trade,0,0,0,0,0,0,0,0,0
1788936672.603599,1985285,public,customer_taxrate,0,0,0,0,0,0,0,0,0
1788936672.603599,1985256,public,account_permission,0,0,0,0,0,0,0,0,0
1788936672.603599,1985507,public,news_xref,0,0,0,0,0,0,0,0,0
1788936672.603599,1985480,public,industry,0,0,0,0,0,0,0,0,0
1788936672.603599,1985343,public,charge,0,0,0,0,0,0,0,0,0
1788936672.603599,1985440,public,daily_market,0,0,0,0,0,0,0,0,0
1788936672.603599,1985422,public,company,0,0,0,0,0,0,0,0,0
1788936672.603599,1985325,public,broker,0,0,0,0,0,0,0,0,0
1788936672.603599,1985302,public,holding_history,0,0,0,0,0,0,0,0,0
1788936672.603599,1985460,public,financial,0,0,0,0,0,0,0,0,0
1788936672.603599,1985517,public,security,0,0,0,0,0,0,0,0,0
1788936672.603599,1985351,public,commission_rate,0,0,0,0,0,0,0,0,0
1788936672.603599,1985396,public,trade_history,0,0,0,0,0,0,0,0,0
1788936672.603599,1985275,public,customer_account,0,0,0,0,0,0,0,0,0
1788936672.603599,1985335,public,cash_transaction,0,0,0,0,0,0,0,0,0
1788936672.603599,1985290,public,holding,0,0,0,0,0,0,0,0,0
1788936672.603599,1985538,public,address,0,0,0,0,0,0,0,0,0
1788936672.603599,1985434,public,company_competitor,0,0,0,0,0,0,0,0,0
1788936672.603599,1985512,public,sector,0,0,0,0,0,0,0,0,0
1788936672.603599,1985415,public,trade_type,0,0,0,0,0,0,0,0,0
1788936672.603599,1985264,public,customer,0,0,0,0,0,0,0,0,0
1788936672.603599,1985451,public,exchange,0,0,0,0,0,0,0,0,0
1788936672.603599,1985543,public,status_type,0,0,0,0,0,0,0,0,0
1788936672.603599,1985402,public,trade_request,0,0,0,0,0,0,0,0,0
1788936672.603599,1985555,public,zip_code,0,0,0,0,0,0,0,0,0
1788936672.603599,1985548,public,taxrate,0,0,0,0,0,0,0,0,0
1788936672.603599,1985372,public,trade,0,0,0,0,0,0,0,0,0
1788936672.603599,1985496,public,news_item,0,0,0,0,0,0,0,0,0
1788936672.603599,1985309,public,holding_summary,0,0,0,0,0,0,0,0,0
1788936672.603599,1985315,public,watch_item,0,0,0,0,0,0,0,0,0
1788936672.603599,1985320,public,watch_list,0,0,0,0,0,0,0,0,0
1788936732.723254,1985363,public,settlement,0,0,0,0,0,0,0,0,0
1788936732.723254,1985486,public,last_trade,0,0,0,0,0,0,0,0,0
1788936732.723254,1985285,public,customer_taxrate,0,0,0,0,0,0,0,0,0
1788936732.723254,1985256,public,account_permission,0,0,0,0,0,0,0,0,0
1788936732.723254,1985507,public,news_xref,0,0,0,0,0,0,0,0,0
1788936732.723254,1985480,public,industry,0,0,0,0,0,0,0,0,0
1788936732.723254,1985343,public,charge,0,0,0,0,0,0,0,0,0
1788936732.723254,1985440,public,daily_market,0,0,0,0,0,0,0,0,0
1788936732.723254,1985422,public,company,0,0,0,0,0,0,0,0,0
1788936732.723254,1985325,public,broker,0,0,0,0,0,0,0,0,0
1788936732.723254,1985302,public,holding_history,0,0,0,0,0,0,0,0,0
1788936732.723254,1985460,public,financial,0,0,0,0,0,0,0,0,0
1788936732.723254,1985517,public,security,0,0,0,0,0,0,0,0,0
1788936732.723254,1985351,public,commission_rate,0,0,0,0,0,0,0,0,0
1788936732.723254,1985396,public,trade_history,0,0,0,0,0,0,0,0,0
1788936732.723254,1985275,public,customer_account,0,0,0,0,0,0,0,0,0
1788936732.723254,1985335,public,cash_transaction,0,0,0,0,0,0,0,0,0
1788936732.723254,1985290,public,holding,0,0,0,0,0,0,0,0,0
1788936732.723254,1985538,public,address,0,0,0,0,0,0,0,0,0
1788936732.723254,1985434,public,company_competitor,0,0,0,0,0,0,0,0,0
1788936732.723254,1985512,public,sector,0,0,0,0,0,0,0,0,0
1788936732.723254,1985415,public,trade_type,0,0,0,0,0,0,0,0,0
1788936732.723254,1985264,public,customer,0,0,0,0,0,0,0,0,0
1788936732.723254,1985451,public,exchange,0,0,0,0,0,0,0,0,0
1788936732.723254,1985543,public,status_type,0,0,0,0,0,0,0,0,0
1788936732.723254,1985402,public,trade_request,0,0,0,0,0,0,0,0,0
1788936732.723254,1985555,public,zip_code,0,0,0,0,0,0,0,0,0
1788936732.723254,1985548,public,taxrate,0,0,0,0,0,0,0,0,0
1788936732.723254,1985372,public,trade,0,0,0,0,0,0,0,0,0
1788936732.723254,1985496,public,news_item,0,0,0,0,0,0,0,0,0
1788936732.723254,1985309,public,holding_summary,0,0,0,0,0,0,0,0,0
1788936732.723254,1985315,public,watch_item,0,0,0,0,0,0,0,0,0
1788936732.723254,1985320,public,watch_list,0,0,0,0,0,0,0,0,0
1788936792.839604,1985363,public,settlement,0,0,0,0,0,0,0,0,0
1788936792.839604,1985486,public,last_trade,0,0,0,0,0,0,0,0,0
1788936792.839604,1985285,public,customer_taxrate,0,0,0,0,0,0,0,0,0
1788936792.839604,1985256,public,account_permission,0,0,0,0,0,0,0,0,0
1788936792.839604,1985507,public,news_xref,0,0,0,0,0,0,0,0,0
1788936792.839604,1985480,public,industry,0,0,0,0,0,0,0,0,0
1788936792.839604,1985343,public,charge,0,0,0,0,0,0,0,0,0
1788936792.839604,1985440,public,daily_market,0,0,0,0,0,0,0,0,0
1788936792.839604,1985422,public,company,0,0,0,0,0,0,0,0,0
1788936792.839604,1985325,public,broker,0,0,0,0,0,0,0,0,0
1788936792.839604,1985302,public,holding_history,0,0,0,0,0,0,0,0,0
1788936792.839604,1985460,public,financial,0,0,0,0,0,0,0,0,0
1788936792.839604,1985517,public,security,0,0,0,0,0,0,0,0,0
1788936792.839604,1985351,public,commission_rate,0,0,0,0,0,0,0,0,0
1788936792.839604,1985396,public,trade_history,0,0,0,0,0,0,0,0,0
1788936792.839604,1985275,public,customer_account,0,0,0,0,0,0,0,0,0
1788936792.839604,1985335,public,cash_transaction,0,0,0,0,0,0,0,0,0
1788936792.839604,1985290,public,holding,0,0,0,0,0,0,0,0,0
1788936792.839604,1985538,public,address,0,0,0,0,0,0,0,0,0
1788936792.839604,1985434,public,company_competitor,0,0,0,0,0,0,0,0,0
1788936792.839604,1985512,public,sector,0,0,0,0,0,0,0,0,0
1788936792.839604,1985415,public,trade_type,0,0,0,0,0,0,0,0,0
1788936792.839604,1985264,public,customer,0,0,0,0,0,0,0,0,0
1788936792.839604,1985451,public,exchange,0,0,0,0,0,0,0,0,0
1788936792.839604,1985543,public,status_type,0,0,0,0,0,0,0,0,0
1788936792.839604,1985402,public,trade_request,0,0,0,0,0,0,0,0,0
1788936792.839604,1985555,public,zip_code,0,0,0,0,0,0,0,0,0
1788936792.839604,1985548,public,taxrate,0,0,0,0,0,0,0,0,0
1788936792.839604,1985372,public,trade,0,0,0,0,0,0,0,0,0
1788936792.839604,1985496,public,news_item,0,0,0,0,0,0,0,0,0
1788936792.839604,1985309,public,holding_summary,0,0,0,0,0,0,0,0,0
1788936792.839604,1985315,public,watch_item,0,0,0,0,0,0,0,0,0
1788936792.839604,1985320,public,watch_list,0,0,0,0,0,0,0,0,0
1788936853.039239,1985363,public,settlement,0,0,0,0,0,0,0,0,0
1788936853.039239,1985486,public,last_trade,0,0,0,0,0,0,0,0,0
1788936853.039239,1985285,public,customer_taxrate,0,0,0,0,0,0,0,0,0
1788936853.039239,1985256,public,account_permission,0,0,0,0,0,0,0,0,0
1788936853.039239,1985507,public,news_xref,0,0,0,0,0,0,0,0,0
1788936853.039239,1985480,public,industry,0,0,0,0,0,0,0,0,0
1788936853.039239,1985343,public,charge,0,0,0,0,0,0,0,0,0
1788936853.039239,1985440,public,daily_market,0,0,0,0,0,0,0,0,0
1788936853.039239,1985422,public,company,0,0,0,0,0,0,0,0,0
1788936853.039239,1985325,public,broker,0,0,0,0,0,0,0,0,0
1788936853.039239,1985302,public,holding_history,0,0,0,0,0,0,0,0,0
1788936853.039239,1985460,public,financial,0,0,0,0,0,0,0,0,0
1788936853.039239,1985517,public,security,0,0,0,0,0,0,0,0,0
1788936853.039239,1985351,public,commission_rate,0,0,0,0,0,0,0,0,0
1788936853.039239,1985396,public,trade_history,0,0,0,0,0,0,0,0,0
1788936853.039239,1985275,public,customer_account,0,0,0,0,0,0,0,0,0
1788936853.039239,1985335,public,cash_transaction,0,0,0,0,0,0,0,0,0
1788936853.039239,1985290,public,holding,0,0,0,0,0,0,0,0,0
1788936853.039239,1985538,public,address,0,0,0,0,0,0,0,0,0
1788936853.039239,1985434,public,company_competitor,0,0,0,0,0,0,0,0,0
1788936853.039239,1985512,public,sector,0,0,0,0,0,0,0,0,0
1788936853.039239,1985415,public,trade_type,0,0,0,0,0,0,0,0,0
1788936853.039239,1985264,public,customer,0,0,0,0,0,0,0,0,0
1788936853.039239,1985451,public,exchange,0,0,0,0,0,0,0,0,0
1788936853.039239,1985543,public,status_type,0,0,0,0,0,0,0,0,0
1788936853.039239,1985402,public,trade_request,0,0,0,0,0,0,0,0,0
1788936853.039239,1985555,public,zip_code,0,0,0,0,0,0,0,0,0
1788936853.039239,1985548,public,taxrate,0,0,0,0,0,0,0,0,0
1788936853.039239,1985372,public,trade,0,0,0,0,0,0,0,0,0
1788936853.039239,1985496,public,news_item,0,0,0,0,0,0,0,0,0
1788936853.039239,1985309,public,holding_summary,0,0,0,0,0,0,0,0,0
1788936853.039239,1985315,public,watch_item,0,0,0,0,0,0,0,0,0
1788936853.039239,1985320,public,watch_list,0,0,0,0,0,0,0,0,0
1788936912.203262,1985363,public,settlement,0,0,0,0,0,0,0,0,0
1788936912.203262,1985486,public,last_trade,0,0,0,0,0,0,0,0,0
1788936912.203262,1985285,public,customer_taxrate,0,0,0,0,0,0,0,0,0
1788936912.203262,1985256,public,account_permission,0,0,0,0,0,0,0,0,0
1788936912.203262,1985507,public,news_xref,0,0,0,0,0,0,0,0,0
1788936912.203262,1985480,public,industry,0,0,0,0,0,0,0,0,0
1788936912.203262,1985343,public,charge,0,0,0,0,0,0,0,0,0
1788936912.203262,1985440,public,daily_market,0,0,0,0,0,0,0,0,0
1788936912.203262,1985422,public,company,0,0,0,0,0,0,0,0,0
1788936912.203262,1985325,public,broker,0,0,0,0,0,0,0,0,0
1788936912.203262,1985302,public,holding_history,0,0,0,0,0,0,0,0,0
1788936912.203262,1985460,public,financial,0,0,0,0,0,0,0,0,0
1788936912.203262,1985517,public,security,0,0,0,0,0,0,0,0,0
1788936912.203262,1985351,public,commission_rate,0,0,0,0,0,0,0,0,0
1788936912.203262,1985396,public,trade_history,0,0,0,0,0,0,0,0,0
1788936912.203262,1985275,public,customer_account,0,0,0,0,0,0,0,0,0
1788936912.203262,1985335,public,cash_transaction,0,0,0,0,0,0,0,0,0
1788936912.203262,1985290,public,holding,0,0,0,0,0,0,0,0,0
1788936912.203262,1985538,public,address,0,0,0,0,0,0,0,0,0
1788936912.203262,1985434,public,company_competitor,0,0,0,0,0,0,0,0,0
1788936912.203262,1985512,public,sector,0,0,0,0,0,0,0,0,0
1788936912.203262,1985415,public,trade_type,0,0,0,0,0,0,0,0,0
1788936912.203262,1985264,public,customer,0,0,0,0,0,0,0,0,0
1788936912.203262,1985451,public,exchange,0,0,0,0,0,0,0,0,0
1788936912.203262,1985543,public,status_type,0,0,0,0,0,0,0,0,0
1788936912.203262,1985402,public,trade_request,0,0,0,0,0,0,0,0,0
1788936912.203262,1985555,public,zip_code,0,0,0,0,0,0,0,0,0
1788936912.203262,1985548,public,taxrate,0,0,0,0,0,0,0,0,0
1788936912.203262,1985372,public,trade,0,0,0,0,0,0,0,0,0
1788936912.203262,1985496,public,news_item,0,0,0,0,0,0,0,0,0
1788936912.203262,1985309,public,holding_summary,0,0,0,0,0,0,0,0,0
1788936912.203262,1985315,public,watch_item,0,0,0,0,0,0,0,0,0
1788936912.203262,1985320,public,watch_list,0,0,0,0,0,0,0,0,0
1788936972.329032,1985363,public,settlement,0,0,0,0,0,0,0,0,0
1788936972.329032,1985486,public,last_trade,0,0,0,0,0,0,0,0,0
1788936972.329032,1985285,public,customer_taxrate,0,0,0,0,0,0,0,0,0
1788936972.329032,1985256,public,account_permission,0,0,0,0,0,0,0,0,0
1788936972.329032,1985507,public,news_xref,0,0,0,0,0,0,0,0,0
1788936972.329032,1985480,public,industry,0,0,0,0,0,0,0,0,0
1788936972.329032,1985343,public,charge,0,0,0,0,0,0,0,0,0
1788936972.329032,1985440,public,daily_market,0,0,0,0,0,0,0,0,0
1788936972.329032,1985422,public,company,0,0,0,0,0,0,0,0,0
1788936972.329032,1985325,public,broker,0,0,0,0,0,0,0,0,0
1788936972.329032,1985302,public,holding_history,0,0,0,0,0,0,0,0,0
1788936972.329032,1985460,public,financial,0,0,0,0,0,0,0,0,0
1788936972.329032,1985517,public,security,0,0,0,0,0,0,0,0,0
1788936972.329032,1985351,public,commission_rate,0,0,0,0,0,0,0,0,0
1788936972.329032,1985396,public,trade_history,0,0,0,0,0,0,0,0,0
1788936972.329032,1985275,public,customer_account,0,0,0,0,0,0,0,0,0
1788936972.329032,1985335,public,cash_transaction,0,0,0,0,0,0,0,0,0
1788936972.329032,1985290,public,holding,0,0,0,0,0,0,0,0,0
1788936972.329032,1985538,public,address,0,0,0,0,0,0,0,0,0
1788936972.329032,1985434,public,company_competitor,0,0,0,0,0,0,0,0,0
1788936972.329032,1985512,public,sector,0,0,0,0,0,0,0,0,0
1788936972.329032,1985415,public,trade_type,0,0,0,0,0,0,0,0,0
1788936972.329032,1985264,public,customer,0,0,0,0,0,0,0,0,0
1788936972.329032,1985451,public,exchange,0,0,0,0,0,0,0,0,0
1788936972.329032,1985543,public,status_type,0,0,0,0,0,0,0,0,0
1788936972.329032,1985402,public,trade_request,0,0,0,0,0,0,0,0,0
1788936972.329032,1985555,public,zip_code,0,0,0,0,0,0,0,0,0
1788936972.329032,1985548,public,taxrate,0,0,0,0,0,0,0,0,0
1788936972.329032,1985372,public,trade,0,0,0,0,0,0,0,0,0
1788936972.329032,1985496,public,news_item,0,0,0,0,0,0,0,0,0
1788936972.329032,1985309,public,holding_summary,0,0,0,0,0,0,0,0,0
1788936972.329032,1985315,public,watch_item,0,0,0,0,0,0,0,0,0
1788936972.329032,1985320,public,watch_list,0,0,0,0,0,0,0,0,0
1788937032.445455,1985363,public,settlement,0,0,0,0,0,0,0,0,0
1788937032.445455,1985486,public,last_trade,0,0,0,0,0,0,0,0,0
1788937032.445455,1985285,public,customer_taxrate,0,0,0,0,0,0,0,0,0
1788937032.445455,1985256,public,account_permission,0,0,0,0,0,0,0,0,0
1788937032.445455,1985507,public,news_xref,0,0,0,0,0,0,0,0,0
1788937032.445455,1985480,public,industry,0,0,0,0,0,0,0,0,0
1788937032.445455,1985343,public,charge,0,0,0,0,0,0,0,0,0
1788937032.445455,1985440,public,daily_market,0,0,0,0,0,0,0,0,0
1788937032.445455,1985422,public,company,0,0,0,0,0,0,0,0,0
1788937032.445455,1985325,public,broker,0,0,0,0,0,0,0,0,0
1788937032.445455,1985302,public,holding_history,0,0,0,0,0,0,0,0,0
1788937032.445455,1985460,public,financial,0,0,0,0,0,0,0,0,0
1788937032.445455,1985517,public,security,0,0,0,0,0,0,0,0,0
1788937032.445455,1985351,public,commission_rate,0,0,0,0,0,0,0,0,0
1788937032.445455,1985396,public,trade_history,0,0,0,0,0,0,0,0,0
1788937032.445455,1985275,public,customer_account,0,0,0,0,0,0,0,0,0
1788937032.445455,1985335,public,cash_transaction,0,0,0,0,0,0,0,0,0
1788937032.445455,1985290,public,holding,0,0,0,0,0,0,0,0,0
1788937032.445455,1985538,public,address,0,0,0,0,0,0,0,0,0
1788937032.445455,1985434,public,company_competitor,0,0,0,0,0,0,0,0,0
1788937032.445455,1985512,public,sector,0,0,0,0,0,0,0,0,0
1788937032.445455,1985415,public,trade_type,0,0,0,0,0,0,0,0,0
1788937032.445455,1985264,public,customer,0,0,0,0,0,0,0,0,0
1788937032.445455,1985451,public,exchange,0,0,0,0,0,0,0,0,0
1788937032.445455,1985543,public,status_type,0,0,0,0,0,0,0,0,0
1788937032.445455,1985402,public,trade_request,0,0,0,0,0,0,0,0,0
1788937032.445455,1985555,public,zip_code,0,0,0,0,0,0,0,0,0
1788937032.445455,1985548,public,taxrate,0,0,0,0,0,0,0,0,0
1788937032.445455,1985372,public,trade,0,0,0,0,0,0,0,0,0
1788937032.445455,1985496,public,news_item,0,0,0,0,0,0,0,0,0
1788937032.445455,1985309,public,holding_summary,0,0,0,0,0,0,0,0,0
1788937032.445455,1985315,public,watch_item,0,0,0,0,0,0,0,0,0
1788937032.445455,1985320,public,watch_list,0,0,0,0,0,0,0,0,0
1788937092.592236,1985363,public,settlement,0,0,0,0,0,0,0,0,0
1788937092.592236,1985486,public,last_trade,0,0,0,0,0,0,0,0,0
1788937092.592236,1985285,public,customer_taxrate,0,0,0,0,0,0,0,0,0
1788937092.592236,1985256,public,account_permission,0,0,0,0,0,0,0,0,0
1788937092.592236,1985507,public,news_xref,0,0,0,0,0,0,0,0,0
1788937092.592236,1985480,public,industry,0,0,0,0,0,0,0,0,0
1788937092.592236,1985343,public,charge,0,0,0,0,0,0,0,0,0
1788937092.592236,1985440,public,daily_market,0,0,0,0,0,0,0,0,0
1788937092.592236,1985422,public,company,0,0,0,0,0,0,0,0,0
1788937092.592236,1985325,public,broker,0,0,0,0,0,0,0,0,0
1788937092.592236,1985302,public,holding_history,0,0,0,0,0,0,0,0,0
1788937092.592236,1985460,public,financial,0,0,0,0,0,0,0,0,0
1788937092.592236,1985517,public,security,0,0,0,0,0,0,0,0,0
1788937092.592236,1985351,public,commission_rate,0,0,0,0,0,0,0,0,0
1788937092.592236,1985396,public,trade_history,0,0,0,0,0,0,0,0,0
1788937092.592236,1985275,public,customer_account,0,0,0,0,0,0,0,0,0
1788937092.592236,1985335,public,cash_transaction,0,0,0,0,0,0,0,0,0
1788937092.592236,1985290,public,holding,0,0,0,0,0,0,0,0,0
1788937092.592236,1985538,public,address,0,0,0,0,0,0,0,0,0
1788937092.592236,1985434,public,company_competitor,0,0,0,0,0,0,0,0,0
1788937092.592236,1985512,public,sector,0,0,0,0,0,0,0,0,0
1788937092.592236,1985415,public,trade_type,0,0,0,0,0,0,0,0,0
1788937092.592236,1985264,public,customer,0,0,0,0,0,0,0,0,0
1788937092.592236,1985451,public,exchange,0,0,0,0,0,0,0,0,0
1788937092.592236,1985543,public,status_type,0,0,0,0,0,0,0,0,0
1788937092.592236,1985402,public,trade_request,0,0,0,0,0,0,0,0,0
1788937092.592236,1985555,public,zip_code,0,0,0,0,0,0,0,0,0
1788937092.592236,1985548,public,taxrate,0,0,0,0,0,0,0,0,0
1788937092.592236,1985372,public,trade,0,0,0,0,0,0,0,0,0
1788937092.592236,1985496,public,news_item,0,0,0,0,0,0,0,0,0
1788937092.592236,1985309,public,holding_summary,0,0,0,0,0,0,0,0,0
1788937092.592236,1985315,public,watch_item,0,0,0,0,0,0,0,0,0
1788937092.592236,1985320,public,watch_list,0,0,0,0,0,0,0,0,0
1788937152.715802,1985363,public,settlement,0,0,0,0,0,0,0,0,0
1788937152.715802,1985486,public,last_trade,0,0,0,0,0,0,0,0,0
1788937152.715802,1985285,public,customer_taxrate,0,0,0,0,0,0,0,0,0
1788937152.715802,1985256,public,account_permission,0,0,0,0,0,0,0,0,0
1788937152.715802,1985507,public,news_xref,0,0,0,0,0,0,0,0,0
1788937152.715802,1985480,public,industry,0,0,0,0,0,0,0,0,0
1788937152.715802,1985343,public,charge,0,0,0,0,0,0,0,0,0
1788937152.715802,1985440,public,daily_market,0,0,0,0,0,0,0,0,0
1788937152.715802,1985422,public,company,0,0,0,0,0,0,0,0,0
1788937152.715802,1985325,public,broker,0,0,0,0,0,0,0,0,0
1788937152.715802,1985302,public,holding_history,0,0,0,0,0,0,0,0,0
1788937152.715802,1985460,public,financial,0,0,0,0,0,0,0,0,0
1788937152.715802,1985517,public,security,0,0,0,0,0,0,0,0,0
1788937152.715802,1985351,public,commission_rate,0,0,0,0,0,0,0,0,0
1788937152.715802,1985396,public,trade_history,0,0,0,0,0,0,0,0,0
1788937152.715802,1985275,public,customer_account,0,0,0,0,0,0,0,0,0
1788937152.715802,1985335,public,cash_transaction,0,0,0,0,0,0,0,0,0
1788937152.715802,1985290,public,holding,0,0,0,0,0,0,0,0,0
1788937152.715802,1985538,public,address,0,0,0,0,0,0,0,0,0
1788937152.715802,1985434,public,company_competitor,0,0,0,0,0,0,0,0,0
1788937152.715802,1985512,public,sector,0,0,0,0,0,0,0,0,0
1788937152.715802,1985415,public,trade_type,0,0,0,0,0,0,0,0,0
1788937152.715802,1985264,public,customer,0,0,0,0,0,0,0,0,0
1788937152.715802,1985451,public,exchange,0,0,0,0,0,0,0,0,0
1788937152.715802,1985543,public,status_type,0,0,0,0,0,0,0,0,0
1788937152.715802,1985402,public,trade_request,0,0,0,0,0,0,0,0,0
1788937152.715802,1985555,public,zip_code,0,0,0,0,0,0,0,0,0
1788937152.715802,1985548,public,taxrate,0,0,0,0,0,0,0,0,0
1788937152.715802,1985372,public,trade,0,0,0,0,0,0,0,0,0
1788937152.715802,1985496,public,news_item,0,0,0,0,0,0,0,0,0
1788937152.715802,1985309,public,holding_summary,0,0,0,0,0,0,0,0,0
1788937152.715802,1985315,public,watch_item,0,0,0,0,0,0,0,0,0
1788937152.715802,1985320,public,watch_list,0,0,0,0,0,0,0,0,0
1788937212.905163,1985363,public,settlement,0,0,0,0,0,0,0,0,0
1788937212.905163,1985486,public,last_trade,0,0,0,0,0,0,0,0,0
1788937212.905163,1985285,public,customer_taxrate,0,0,0,0,0,0,0,0,0
1788937212.905163,1985256,public,account_permission,0,0,0,0,0,0,0,0,0
1788937212.905163,1985507,public,news_xref,0,0,0,0,0,0,0,0,0
1788937212.905163,1985480,public,industry,0,0,0,0,0,0,0,0,0
1788937212.905163,1985343,public,charge,0,0,0,0,0,0,0,0,0
1788937212.905163,1985440,public,daily_market,0,0,0,0,0,0,0,0,0
1788937212.905163,1985422,public,company,0,0,0,0,0,0,0,0,0
1788937212.905163,1985325,public,broker,0,0,0,0,0,0,0,0,0
1788937212.905163,1985302,public,holding_history,0,0,0,0,0,0,0,0,0
1788937212.905163,1985460,public,financial,0,0,0,0,0,0,0,0,0
1788937212.905163,1985517,public,security,0,0,0,0,0,0,0,0,0
1788937212.905163,1985351,public,commission_rate,0,0,0,0,0,0,0,0,0
1788937212.905163,1985396,public,trade_history,0,0,0,0,0,0,0,0,0
1788937212.905163,1985275,public,customer_account,0,0,0,0,0,0,0,0,0
1788937212.905163,1985335,public,cash_transaction,0,0,0,0,0,0,0,0,0
1788937212.905163,1985290,public,holding,0,0,0,0,0,0,0,0,0
1788937212.905163,1985538,public,address,0,0,0,0,0,0,0,0,0
1788937212.905163,1985434,public,company_competitor,0,0,0,0,0,0,0,0,0
1788937212.905163,1985512,public,sector,0,0,0,0,0,0,0,0,0
1788937212.905163,1985415,public,trade_type,0,0,0,0,0,0,0,0,0
1788937212.905163,1985264,public,customer,0,0,0,0,0,0,0,0,0
1788937212.905163,1985451,public,exchange,0,0,0,0,0,0,0,0,0
1788937212.905163,1985543,public,status_type,0,0,0,0,0,0,0,0,0
1788937212.905163,1985402,public,trade_request,0,0,0,0,0,0,0,0,0
1788937212.905163,1985555,public,zip_code,0,0,0,0,0,0,0,0,0
1788937212.905163,1985548,public,taxrate,0,0,0,0,0,0,0,0,0
1788937212.905163,1985372,public,trade,0,0,0,0,0,0,0,0,0
1788937212.905163,1985496,public,news_item,0,0,0,0,0,0,0,0,0
1788937212.905163,1985309,public,holding_summary,0,0,0,0,0,0,0,0,0
1788937212.905163,1985315,public,watch_item,0,0,0,0,0,0,0,0,0
1788937212.905163,1985320,public,watch_list,0,0,0,0,0,0,0,0,0
1788937273.006922,1985363,public,settlement,0,0,0,0,0,0,0,0,0
1788937273.006922,1985486,public,last_trade,0,0,0,0,0,0,0,0,0
1788937273.006922,1985285,public,customer_taxrate,0,0,0,0,0,0,0,0,0
1788937273.006922,1985256,public,account_permission,0,0,0,0,0,0,0,0,0
1788937273.006922,1985507,public,news_xref,0,0,0,0,0,0,0,0,0
1788937273.006922,1985480,public,industry,0,0,0,0,0,0,0,0,0
1788937273.006922,1985343,public,charge,0,0,0,0,0,0,0,0,0
1788937273.006922,1985440,public,daily_market,0,0,0,0,0,0,0,0,0
1788937273.006922,1985422,public,company,0,0,0,0,0,0,0,0,0
1788937273.006922,1985325,public,broker,0,0,0,0,0,0,0,0,0
1788937273.006922,1985302,public,holding_history,0,0,0,0,0,0,0,0,0
1788937273.006922,1985460,public,financial,0,0,0,0,0,0,0,0,0
1788937273.006922,1985517,public,security,0,0,0,0,0,0,0,0,0
1788937273.006922,1985351,public,commission_rate,0,0,0,0,0,0,0,0,0
1788937273.006922,1985396,public,trade_history,0,0,0,0,0,0,0,0,0
1788937273.006922,1985275,public,customer_account,0,0,0,0,0,0,0,0,0
1788937273.006922,1985335,public,cash_transaction,0,0,0,0,0,0,0,0,0
1788937273.006922,1985290,public,holding,0,0,0,0,0,0,0,0,0
1788937273.006922,1985538,public,address,0,0,0,0,0,0,0,0,0
1788937273.006922,1985434,public,company_competitor,0,0,0,0,0,0,0,0,0
1788937273.006922,1985512,public,sector,0,0,0,0,0,0,0,0,0
1788937273.006922,1985415,public,trade_type,0,0,0,0,0,0,0,0,0
1788937273.006922,1985264,public,customer,0,0,0,0,0,0,0,0,0
1788937273.006922,1985451,public,exchange,0,0,0,0,0,0,0,0,0
1788937273.006922,1985543,public,status_type,0,0,0,0,0,0,0,0,0
1788937273.006922,1985402,public,trade_request,0,0,0,0,0,0,0,0,0
1788937273.006922,1985555,public,zip_code,0,0,0,0,0,0,0,0,0
1788937273.006922,1985548,public,taxrate,0,0,0,0,0,0,0,0,0
1788937273.006922,1985372,public,trade,0,0,0,0,0,0,0,0,0
1788937273.006922,1985496,public,news_item,0,0,0,0,0,0,0,0,0
1788937273.006922,1985309,public,holding_summary,0,0,0,0,0,0,0,0,0
1788937273.006922,1985315,public,watch_item,0,0,0,0,0,0,0,0,0
1788937273.006922,1985320,public,watch_list,0,0,0,0,0,0,0,0,0
1788937332.142747,1985363,public,settlement,0,0,0,0,0,0,0,0,0
1788937332.142747,1985486,public,last_trade,0,0,0,0,0,0,0,0,0
1788937332.142747,1985285,public,customer_taxrate,0,0,0,0,0,0,0,0,0
1788937332.142747,1985256,public,account_permission,0,0,0,0,0,0,0,0,0
1788937332.142747,1985507,public,news_xref,0,0,0,0,0,0,0,0,0
1788937332.142747,1985480,public,industry,0,0,0,0,0,0,0,0,0
1788937332.142747,1985343,public,charge,0,0,0,0,0,0,0,0,0
1788937332.142747,1985440,public,daily_market,0,0,0,0,0,0,0,0,0
1788937332.142747,1985422,public,company,0,0,0,0,0,0,0,0,0
1788937332.142747,1985325,public,broker,0,0,0,0,0,0,0,0,0
1788937332.142747,1985302,public,holding_history,0,0,0,0,0,0,0,0,0
1788937332.142747,1985460,public,financial,0,0,0,0,0,0,0,0,0
1788937332.142747,1985517,public,security,0,0,0,0,0,0,0,0,0
1788937332.142747,1985351,public,commission_rate,0,0,0,0,0,0,0,0,0
1788937332.142747,1985396,public,trade_history,0,0,0,0,0,0,0,0,0
1788937332.142747,1985275,public,customer_account,0,0,0,0,0,0,0,0,0
1788937332.142747,1985335,public,cash_transaction,0,0,0,0,0,0,0,0,0
1788937332.142747,1985290,public,holding,0,0,0,0,0,0,0,0,0
1788937332.142747,1985538,public,address,0,0,0,0,0,0,0,0,0
1788937332.142747,1985434,public,company_competitor,0,0,0,0,0,0,0,0,0
1788937332.142747,1985512,public,sector,0,0,0,0,0,0,0,0,0
1788937332.142747,1985415,public,trade_type,0,0,0,0,0,0,0,0,0
1788937332.142747,1985264,public,customer,0,0,0,0,0,0,0,0,0
1788937332.142747,1985451,public,exchange,0,0,0,0,0,0,0,0,0
1788937332.142747,1985543,public,status_type,0,0,0,0,0,0,0,0,0
1788937332.142747,1985402,public,trade_request,0,0,0,0,0,0,0,0,0
1788937332.142747,1985555,public,zip_code,0,0,0,0,0,0,0,0,0
1788937332.142747,1985548,public,taxrate,0,0,0,0,0,0,0,0,0
1788937332.142747,1985372,public,trade,0,0,0,0,0,0,0,0,0
1788937332.142747,1985496,public,news_item,0,0,0,0,0,0,0,0,0
1788937332.142747,1985309,public,holding_summary,0,0,0,0,0,0,0,0,0
1788937332.142747,1985315,public,watch_item,0,0,0,0,0,0,0,0,0
1788937332.142747,1985320,public,watch_list,0,0,0,0,0,0,0,0,0
1788937392.300602,1985363,public,settlement,0,0,0,0,0,0,0,0,0
1788937392.300602,1985486,public,last_trade,0,0,0,0,0,0,0,0,0
1788937392.300602,1985285,public,customer_taxrate,0,0,0,0,0,0,0,0,0
1788937392.300602,1985256,public,account_permission,0,0,0,0,0,0,0,0,0
1788937392.300602,1985507,public,news_xref,0,0,0,0,0,0,0,0,0
1788937392.300602,1985480,public,industry,0,0,0,0,0,0,0,0,0
1788937392.300602,1985343,public,charge,0,0,0,0,0,0,0,0,0
1788937392.300602,1985440,public,daily_market,0,0,0,0,0,0,0,0,0
1788937392.300602,1985422,public,company,0,0,0,0,0,0,0,0,0
1788937392.300602,1985325,public,broker,0,0,0,0,0,0,0,0,0
1788937392.300602,1985302,public,holding_history,0,0,0,0,0,0,0,0,0
1788937392.300602,1985460,public,financial,0,0,0,0,0,0,0,0,0
1788937392.300602,1985517,public,security,0,0,0,0,0,0,0,0,0
1788937392.300602,1985351,public,commission_rate,0,0,0,0,0,0,0,0,0
1788937392.300602,1985396,public,trade_history,0,0,0,0,0,0,0,0,0
1788937392.300602,1985275,public,customer_account,0,0,0,0,0,0,0,0,0
1788937392.300602,1985335,public,cash_transaction,0,0,0,0,0,0,0,0,0
1788937392.300602,1985290,public,holding,0,0,0,0,0,0,0,0,0
1788937392.300602,1985538,public,address,0,0,0,0,0,0,0,0,0
1788937392.300602,1985434,public,company_competitor,0,0,0,0,0,0,0,0,0
1788937392.300602,1985512,public,sector,0,0,0,0,0,0,0,0,0
1788937392.300602,1985415,public,trade_type,0,0,0,0,0,0,0,0,0
1788937392.300602,1985264,public,customer,0,0,0,0,0,0,0,0,0
1788937392.300602,1985451,public,exchange,0,0,0,0,0,0,0,0,0
1788937392.300602,1985543,public,status_type,0,0,0,0,0,0,0,0,0
1788937392.300602,1985402,public,trade_request,0,0,0,0,0,0,0,0,0
1788937392.300602,1985555,public,zip_code,0,0,0,0,0,0,0,0,0
1788937392.300602,1985548,public,taxrate,0,0,0,0,0,0,0,0,0
1788937392.300602,1985372,public,trade,0,0,0,0,0,0,0,0,0
1788937392.300602,1985496,public,news_item,0,0,0,0,0,0,0,0,0
1788937392.300602,1985309,public,holding_summary,0,0,0,0,0,0,0,0,0
1788937392.300602,1985315,public,watch_item,0,0,0,0,0,0,0,0,0
1788937392.300602,1985320,public,watch_list,0,0,0,0,0,0,0,0,0
1788937452.383859,1985363,public,settlement,0,0,0,0,0,0,0,0,0
1788937452.383859,1985486,public,last_trade,0,0,0,0,0,0,0,0,0
1788937452.383859,1985285,public,customer_taxrate,0,0,0,0,0,0,0,0,0
1788937452.383859,1985256,public,account_permission,0,0,0,0,0,0,0,0,0
1788937452.383859,1985507,public,news_xref,0,0,0,0,0,0,0,0,0
1788937452.383859,1985480,public,industry,0,0,0,0,0,0,0,0,0
1788937452.383859,1985343,public,charge,0,0,0,0,0,0,0,0,0
1788937452.383859,1985440,public,daily_market,0,0,0,0,0,0,0,0,0
1788937452.383859,1985422,public,company,0,0,0,0,0,0,0,0,0
1788937452.383859,1985325,public,broker,0,0,0,0,0,0,0,0,0
1788937452.383859,1985302,public,holding_history,0,0,0,0,0,0,0,0,0
1788937452.383859,1985460,public,financial,0,0,0,0,0,0,0,0,0
1788937452.383859,1985517,public,security,0,0,0,0,0,0,0,0,0
1788937452.383859,1985351,public,commission_rate,0,0,0,0,0,0,0,0,0
1788937452.383859,1985396,public,trade_history,0,0,0,0,0,0,0,0,0
1788937452.383859,1985275,public,customer_account,0,0,0,0,0,0,0,0,0
1788937452.383859,1985335,public,cash_transaction,0,0,0,0,0,0,0,0,0
1788937452.383859,1985290,public,holding,0,0,0,0,0,0,0,0,0
1788937452.383859,1985538,public,address,0,0,0,0,0,0,0,0,0
1788937452.383859,1985434,public,company_competitor,0,0,0,0,0,0,0,0,0
1788937452.383859,1985512,public,sector,0,0,0,0,0,0,0,0,0
1788937452.383859,1985415,public,trade_type,0,0,0,0,0,0,0,0,0
1788937452.383859,1985264,public,customer,0,0,0,0,0,0,0,0,0
1788937452.383859,1985451,public,exchange,0,0,0,0,0,0,0,0,0
1788937452.383859,1985543,public,status_type,0,0,0,0,0,0,0,0,0
1788937452.383859,1985402,public,trade_request,0,0,0,0,0,0,0,0,0
1788937452.383859,1985555,public,zip_code,0,0,0,0,0,0,0,0,0
1788937452.383859,1985548,public,taxrate,0,0,0,0,0,0,0,0,0
1788937452.383859,1985372,public,trade,0,0,0,0,0,0,0,0,0
1788937452.383859,1985496,public,news_item,0,0,0,0,0,0,0,0,0
1788937452.383859,1985309,public,holding_summary,0,0,0,0,0,0,0,0,0
1788937452.383859,1985315,public,watch_item,0,0,0,0,0,0,0,0,0
1788937452.383859,1985320,public,watch_list,0,0,0,0,0,0,0,0,0
1788937512.543534,1985363,public,settlement,0,0,0,0,0,0,0,0,0
1788937512.543534,1985486,public,last_trade,0,0,0,0,0,0,0,0,0
1788937512.543534,1985285,public,customer_taxrate,0,0,0,0,0,0,0,0,0
1788937512.543534,1985256,public,account_permission,0,0,0,0,0,0,0,0,0
1788937512.543534,1985507,public,news_xref,0,0,0,0,0,0,0,0,0
1788937512.543534,1985480,public,industry,0,0,0,0,0,0,0,0,0
1788937512.543534,1985343,public,charge,0,0,0,0,0,0,0,0,0
1788937512.543534,1985440,public,daily_market,0,0,0,0,0,0,0,0,0
1788937512.543534,1985422,public,company,0,0,0,0,0,0,0,0,0
1788937512.543534,1985325,public,broker,0,0,0,0,0,0,0,0,0
1788937512.543534,1985302,public,holding_history,0,0,0,0,0,0,0,0,0
1788937512.543534,1985460,public,financial,0,0,0,0,0,0,0,0,0
1788937512.543534,1985517,public,security,0,0,0,0,0,0,0,0,0
1788937512.543534,1985351,public,commission_rate,0,0,0,0,0,0,0,0,0
1788937512.543534,1985396,public,trade_history,0,0,0,0,0,0,0,0,0
1788937512.543534,1985275,public,customer_account,0,0,0,0,0,0,0,0,0
1788937512.543534,1985335,public,cash_transaction,0,0,0,0,0,0,0,0,0
1788937512.543534,1985290,public,holding,0,0,0,0,0,0,0,0,0
1788937512.543534,1985538,public,address,0,0,0,0,0,0,0,0,0
1788937512.543534,1985434,public,company_competitor,0,0,0,0,0,0,0,0,0
1788937512.543534,1985512,public,sector,0,0,0,0,0,0,0,0,0
1788937512.543534,1985415,public,trade_type,0,0,0,0,0,0,0,0,0
1788937512.543534,1985264,public,customer,0,0,0,0,0,0,0,0,0
1788937512.543534,1985451,public,exchange,0,0,0,0,0,0,0,0,0
1788937512.543534,1985543,public,status_type,0,0,0,0,0,0,0,0,0
1788937512.543534,1985402,public,trade_request,0,0,0,0,0,0,0,0,0
1788937512.543534,1985555,public,zip_code,0,0,0,0,0,0,0,0,0
1788937512.543534,1985548,public,taxrate,0,0,0,0,0,0,0,0,0
1788937512.543534,1985372,public,trade,0,0,0,0,0,0,0,0,0
1788937512.543534,1985496,public,news_item,0,0,0,0,0,0,0,0,0
1788937512.543534,1985309,public,holding_summary,0,0,0,0,0,0,0,0,0
1788937512.543534,1985315,public,watch_item,0,0,0,0,0,0,0,0,0
1788937512.543534,1985320,public,watch_list,0,0,0,0,0,0,0,0,0
1788937572.681609,1985363,public,settlement,0,0,0,0,0,0,0,0,0
1788937572.681609,1985486,public,last_trade,0,0,0,0,0,0,0,0,0
1788937572.681609,1985285,public,customer_taxrate,0,0,0,0,0,0,0,0,0
1788937572.681609,1985256,public,account_permission,0,0,0,0,0,0,0,0,0
1788937572.681609,1985507,public,news_xref,0,0,0,0,0,0,0,0,0
1788937572.681609,1985480,public,industry,0,0,0,0,0,0,0,0,0
1788937572.681609,1985343,public,charge,0,0,0,0,0,0,0,0,0
1788937572.681609,1985440,public,daily_market,0,0,0,0,0,0,0,0,0
1788937572.681609,1985422,public,company,0,0,0,0,0,0,0,0,0
1788937572.681609,1985325,public,broker,0,0,0,0,0,0,0,0,0
1788937572.681609,1985302,public,holding_history,0,0,0,0,0,0,0,0,0
1788937572.681609,1985460,public,financial,0,0,0,0,0,0,0,0,0
1788937572.681609,1985517,public,security,0,0,0,0,0,0,0,0,0
1788937572.681609,1985351,public,commission_rate,0,0,0,0,0,0,0,0,0
1788937572.681609,1985396,public,trade_history,0,0,0,0,0,0,0,0,0
1788937572.681609,1985275,public,customer_account,0,0,0,0,0,0,0,0,0
1788937572.681609,1985335,public,cash_transaction,0,0,0,0,0,0,0,0,0
1788937572.681609,1985290,public,holding,0,0,0,0,0,0,0,0,0
1788937572.681609,1985538,public,address,0,0,0,0,0,0,0,0,0
1788937572.681609,1985434,public,company_competitor,0,0,0,0,0,0,0,0,0
1788937572.681609,1985512,public,sector,0,0,0,0,0,0,0,0,0
1788937572.681609,1985415,public,trade_type,0,0,0,0,0,0,0,0,0
1788937572.681609,1985264,public,customer,0,0,0,0,0,0,0,0,0
1788937572.681609,1985451,public,exchange,0,0,0,0,0,0,0,0,0
1788937572.681609,1985543,public,status_type,0,0,0,0,0,0,0,0,0
1788937572.681609,1985402,public,trade_request,0,0,0,0,0,0,0,0,0
1788937572.681609,1985555,public,zip_code,0,0,0,0,0,0,0,0,0
1788937572.681609,1985548,public,taxrate,0,0,0,0,0,0,0,0,0
1788937572.681609,1985372,public,trade,0,0,0,0,0,0,0,0,0
1788937572.681609,1985496,public,news_item,0,0,0,0,0,0,0,0,0
1788937572.681609,1985309,public,holding_summary,0,0,0,0,0,0,0,0,0
1788937572.681609,1985315,public,watch_item,0,0,0,0,0,0,0,0,0
1788937572.681609,1985320,public,watch_list,0,0,0,0,0,0,0,0,0
1788937632.766785,1985363,public,settlement,0,0,0,0,0,0,0,0,0
1788937632.766785,1985486,public,last_trade,0,0,0,0,0,0,0,0,0
1788937632.766785,1985285,public,customer_taxrate,0,0,0,0,0,0,0,0,0
1788937632.766785,1985256,public,account_permission,0,0,0,0,0,0,0,0,0
1788937632.766785,1985507,public,news_xref,0,0,0,0,0,0,0,0,0
1788937632.766785,1985480,public,industry,0,0,0,0,0,0,0,0,0
1788937632.766785,1985343,public,charge,0,0,0,0,0,0,0,0,0
1788937632.766785,1985440,public,daily_market,0,0,0,0,0,0,0,0,0
1788937632.766785,1985422,public,company,0,0,0,0,0,0,0,0,0
1788937632.766785,1985325,public,broker,0,0,0,0,0,0,0,0,0
1788937632.766785,1985302,public,holding_history,0,0,0,0,0,0,0,0,0
1788937632.766785,1985460,public,financial,0,0,0,0,0,0,0,0,0
1788937632.766785,1985517,public,security,0,0,0,0,0,0,0,0,0
1788937632.766785,1985351,public,commission_rate,0,0,0,0,0,0,0,0,0
1788937632.766785,1985396,public,trade_history,0,0,0,0,0,0,0,0,0
1788937632.766785,1985275,public,customer_account,0,0,0,0,0,0,0,0,0
1788937632.766785,1985335,public,cash_transaction,0,0,0,0,0,0,0,0,0
1788937632.766785,1985290,public,holding,0,0,0,0,0,0,0,0,0
1788937632.766785,1985538,public,address,0,0,0,0,0,0,0,0,0
1788937632.766785,1985434,public,company_competitor,0,0,0,0,0,0,0,0,0
1788937632.766785,1985512,public,sector,0,0,0,0,0,0,0,0,0
1788937632.766785,1985415,public,trade_type,0,0,0,0,0,0,0,0,0
1788937632.766785,1985264,public,customer,0,0,0,0,0,0,0,0,0
1788937632.766785,1985451,public,exchange,0,0,0,0,0,0,0,0,0
1788937632.766785,1985543,public,status_type,0,0,0,0,0,0,0,0,0
1788937632.766785,1985402,public,trade_request,0,0,0,0,0,0,0,0,0
1788937632.766785,1985555,public,zip_code,0,0,0,0,0,0,0,0,0
1788937632.766785,1985548,public,taxrate,0,0,0,0,0,0,0,0,0
1788937632.766785,1985372,public,trade,0,0,0,0,0,0,0,0,0
1788937632.766785,1985496,public,news_item,0,0,0,0,0,0,0,0,0
1788937632.766785,1985309,public,holding_summary,0,0,0,0,0,0,0,0,0
1788937632.766785,1985315,public,watch_item,0,0,0,0,0,0,0,0,0
1788937632.766785,1985320,public,watch_list,0,0,0,0,0,0,0,0,0
1788937692.912468,1985363,public,settlement,0,0,0,0,0,0,0,0,0
1788937692.912468,1985486,public,last_trade,0,0,0,0,0,0,0,0,0
1788937692.912468,1985285,public,customer_taxrate,0,0,0,0,0,0,0,0,0
1788937692.912468,1985256,public,account_permission,0,0,0,0,0,0,0,0,0
1788937692.912468,1985507,public,news_xref,0,0,0,0,0,0,0,0,0
1788937692.912468,1985480,public,industry,0,0,0,0,0,0,0,0,0
1788937692.912468,1985343,public,charge,0,0,0,0,0,0,0,0,0
1788937692.912468,1985440,public,daily_market,0,0,0,0,0,0,0,0,0
1788937692.912468,1985422,public,company,0,0,0,0,0,0,0,0,0
1788937692.912468,1985325,public,broker,0,0,0,0,0,0,0,0,0
1788937692.912468,1985302,public,holding_history,0,0,0,0,0,0,0,0,0
1788937692.912468,1985460,public,financial,0,0,0,0,0,0,0,0,0
1788937692.912468,1985517,public,security,0,0,0,0,0,0,0,0,0
1788937692.912468,1985351,public,commission_rate,0,0,0,0,0,0,0,0,0
1788937692.912468,1985396,public,trade_history,0,0,0,0,0,0,0,0,0
1788937692.912468,1985275,public,customer_account,0,0,0,0,0,0,0,0,0
1788937692.912468,1985335,public,cash_transaction,0,0,0,0,0,0,0,0,0
1788937692.912468,1985290,public,holding,0,0,0,0,0,0,0,0,0
1788937692.912468,1985538,public,address,0,0,0,0,0,0,0,0,0
1788937692.912468,1985434,public,company_competitor,0,0,0,0,0,0,0,0,0
1788937692.912468,1985512,public,sector,0,0,0,0,0,0,0,0,0
1788937692.912468,1985415,public,trade_type,0,0,0,0,0,0,0,0,0
1788937692.912468,1985264,public,customer,0,0,0,0,0,0,0,0,0
1788937692.912468,1985451,public,exchange,0,0,0,0,0,0,0,0,0
1788937692.912468,1985543,public,status_type,0,0,0,0,0,0,0,0,0
1788937692.912468,1985402,public,trade_request,0,0,0,0,0,0,0,0,0
1788937692.912468,1985555,public,zip_code,0,0,0,0,0,0,0,0,0
1788937692.912468,1985548,public,taxrate,0,0,0,0,0,0,0,0,0
1788937692.912468,1985372,public,trade,0,0,0,0,0,0,0,0,0
1788937692.912468,1985496,public,news_item,0,0,0,0,0,0,0,0,0
1788937692.912468,1985309,public,holding_summary,0,0,0,0,0,0,0,0,0
1788937692.912468,1985315,public,watch_item,0,0,0,0,0,0,0,0,0
1788937692.912468,1985320,public,watch_list,0,0,0,0,0,0,0,0,0
1788937753.076294,1985363,public,settlement,0,0,0,0,0,0,0,0,0
1788937753.076294,1985486,public,last_trade,0,0,0,0,0,0,0,0,0
1788937753.076294,1985285,public,customer_taxrate,0,0,0,0,0,0,0,0,0
1788937753.076294,1985256,public,account_permission,0,0,0,0,0,0,0,0,0
1788937753.076294,1985507,public,news_xref,0,0,0,0,0,0,0,0,0
1788937753.076294,1985480,public,industry,0,0,0,0,0,0,0,0,0
1788937753.076294,1985343,public,charge,0,0,0,0,0,0,0,0,0
1788937753.076294,1985440,public,daily_market,0,0,0,0,0,0,0,0,0
1788937753.076294,1985422,public,company,0,0,0,0,0,0,0,0,0
1788937753.076294,1985325,public,broker,0,0,0,0,0,0,0,0,0
1788937753.076294,1985302,public,holding_history,0,0,0,0,0,0,0,0,0
1788937753.076294,1985460,public,financial,0,0,0,0,0,0,0,0,0
1788937753.076294,1985517,public,security,0,0,0,0,0,0,0,0,0
1788937753.076294,1985351,public,commission_rate,0,0,0,0,0,0,0,0,0
1788937753.076294,1985396,public,trade_history,0,0,0,0,0,0,0,0,0
1788937753.076294,1985275,public,customer_account,0,0,0,0,0,0,0,0,0
1788937753.076294,1985335,public,cash_transaction,0,0,0,0,0,0,0,0,0
1788937753.076294,1985290,public,holding,0,0,0,0,0,0,0,0,0
1788937753.076294,1985538,public,address,0,0,0,0,0,0,0,0,0
1788937753.076294,1985434,public,company_competitor,0,0,0,0,0,0,0,0,0
1788937753.076294,1985512,public,sector,0,0,0,0,0,0,0,0,0
1788937753.076294,1985415,public,trade_type,0,0,0,0,0,0,0,0,0
1788937753.076294,1985264,public,customer,0,0,0,0,0,0,0,0,0
1788937753.076294,1985451,public,exchange,0,0,0,0,0,0,0,0,0
1788937753.076294,1985543,public,status_type,0,0,0,0,0,0,0,0,0
1788937753.076294,1985402,public,trade_request,0,0,0,0,0,0,0,0,0
1788937753.076294,1985555,public,zip_code,0,0,0,0,0,0,0,0,0
1788937753.076294,1985548,public,taxrate,0,0,0,0,0,0,0,0,0
1788937753.076294,1985372,public,trade,0,0,0,0,0,0,0,0,0
1788937753.076294,1985496,public,news_item,0,0,0,0,0,0,0,0,0
1788937753.076294,1985309,public,holding_summary,0,0,0,0,0,0,0,0,0
1788937753.076294,1985315,public,watch_item,0,0,0,0,0,0,0,0,0
1788937753.076294,1985320,public,watch_list,0,0,0,0,0,0,0,0,0
1788937813.209788,1985363,public,settlement,0,0,0,0,0,0,0,0,0
1788937813.209788,1985486,public,last_trade,0,0,0,0,0,0,0,0,0
1788937813.209788,1985285,public,customer_taxrate,0,0,0,0,0,0,0,0,0
1788937813.209788,1985256,public,account_permission,0,0,0,0,0,0,0,0,0
1788937813.209788,1985507,public,news_xref,0,0,0,0,0,0,0,0,0
1788937813.209788,1985480,public,industry,0,0,0,0,0,0,0,0,0
1788937813.209788,1985343,public,charge,0,0,0,0,0,0,0,0,0
1788937813.209788,1985440,public,daily_market,0,0,0,0,0,0,0,0,0
1788937813.209788,1985422,public,company,0,0,0,0,0,0,0,0,0
1788937813.209788,1985325,public,broker,0,0,0,0,0,0,0,0,0
1788937813.209788,1985302,public,holding_history,0,0,0,0,0,0,0,0,0
1788937813.209788,1985460,public,financial,0,0,0,0,0,0,0,0,0
1788937813.209788,1985517,public,security,0,0,0,0,0,0,0,0,0
1788937813.209788,1985351,public,commission_rate,0,0,0,0,0,0,0,0,0
1788937813.209788,1985396,public,trade_history,0,0,0,0,0,0,0,0,0
1788937813.209788,1985275,public,customer_account,0,0,0,0,0,0,0,0,0
1788937813.209788,1985335,public,cash_transaction,0,0,0,0,0,0,0,0,0
1788937813.209788,1985290,public,holding,0,0,0,0,0,0,0,0,0
1788937813.209788,1985538,public,address,0,0,0,0,0,0,0,0,0
1788937813.209788,1985434,public,company_competitor,0,0,0,0,0,0,0,0,0
1788937813.209788,1985512,public,sector,0,0,0,0,0,0,0,0,0
1788937813.209788,1985415,public,trade_type,0,0,0,0,0,0,0,0,0
1788937813.209788,1985264,public,customer,0,0,0,0,0,0,0,0,0
1788937813.209788,1985451,public,exchange,0,0,0,0,0,0,0,0,0
1788937813.209788,1985543,public,status_type,0,0,0,0,0,0,0,0,0
1788937813.209788,1985402,public,trade_request,0,0,0,0,0,0,0,0,0
1788937813.209788,1985555,public,zip_code,0,0,0,0,0,0,0,0,0
1788937813.209788,1985548,public,taxrate,0,0,0,0,0,0,0,0,0
1788937813.209788,1985372,public,trade,0,0,0,0,0,0,0,0,0
1788937813.209788,1985496,public,news_item,0,0,0,0,0,0,0,0,0
1788937813.209788,1985309,public,holding_summary,0,0,0,0,0,0,0,0,0
1788937813.209788,1985315,public,watch_item,0,0,0,0,0,0,0,0,0
1788937813.209788,1985320,public,watch_list,0,0,0,0,0,0,0,0,0
1788937873.334559,1985363,public,settlement,0,0,0,0,0,0,0,0,0
1788937873.334559,1985486,public,last_trade,0,0,0,0,0,0,0,0,0
1788937873.334559,1985285,public,customer_taxrate,0,0,0,0,0,0,0,0,0
1788937873.334559,1985256,public,account_permission,0,0,0,0,0,0,0,0,0
1788937873.334559,1985507,public,news_xref,0,0,0,0,0,0,0,0,0
1788937873.334559,1985480,public,industry,0,0,0,0,0,0,0,0,0
1788937873.334559,1985343,public,charge,0,0,0,0,0,0,0,0,0
1788937873.334559,1985440,public,daily_market,0,0,0,0,0,0,0,0,0
1788937873.334559,1985422,public,company,0,0,0,0,0,0,0,0,0
1788937873.334559,1985325,public,broker,0,0,0,0,0,0,0,0,0
1788937873.334559,1985302,public,holding_history,0,0,0,0,0,0,0,0,0
1788937873.334559,1985460,public,financial,0,0,0,0,0,0,0,0,0
1788937873.334559,1985517,public,security,0,0,0,0,0,0,0,0,0
1788937873.334559,1985351,public,commission_rate,0,0,0,0,0,0,0,0,0
1788937873.334559,1985396,public,trade_history,0,0,0,0,0,0,0,0,0
1788937873.334559,1985275,public,customer_account,0,0,0,0,0,0,0,0,0
1788937873.334559,1985335,public,cash_transaction,0,0,0,0,0,0,0,0,0
1788937873.334559,1985290,public,holding,0,0,0,0,0,0,0,0,0
1788937873.334559,1985538,public,address,0,0,0,0,0,0,0,0,0
1788937873.334559,1985434,public,company_competitor,0,0,0,0,0,0,0,0,0
1788937873.334559,1985512,public,sector,0,0,0,0,0,0,0,0,0
1788937873.334559,1985415,public,trade_type,0,0,0,0,0,0,0,0,0
1788937873.334559,1985264,public,customer,0,0,0,0,0,0,0,0,0
1788937873.334559,1985451,public,exchange,0,0,0,0,0,0,0,0,0
1788937873.334559,1985543,public,status_type,0,0,0,0,0,0,0,0,0
1788937873.334559,1985402,public,trade_request,0,0,0,0,0,0,0,0,0
1788937873.334559,1985555,public,zip_code,0,0,0,0,0,0,0,0,0
1788937873.334559,1985548,public,taxrate,0,0,0,0,0,0,0,0,0
1788937873.334559,1985372,public,trade,0,0,0,0,0,0,0,0,0
1788937873.334559,1985496,public,news_item,0,0,0,0,0,0,0,0,0
1788937873.334559,1985309,public,holding_summary,0,0,0,0,0,0,0,0,0
1788937873.334559,1985315,public,watch_item,0,0,0,0,0,0,0,0,0
1788937873.334559,1985320,public,watch_list,0,0,0,0,0,0,0,0,0
1788937933.485150,1985363,public,settlement,0,0,0,0,0,0,0,0,0
1788937933.485150,1985486,public,last_trade,0,0,0,0,0,0,0,0,0
1788937933.485150,1985285,public,customer_taxrate,0,0,0,0,0,0,0,0,0
1788937933.485150,1985256,public,account_permission,0,0,0,0,0,0,0,0,0
1788937933.485150,1985507,public,news_xref,0,0,0,0,0,0,0,0,0
1788937933.485150,1985480,public,industry,0,0,0,0,0,0,0,0,0
1788937933.485150,1985343,public,charge,0,0,0,0,0,0,0,0,0
1788937933.485150,1985440,public,daily_market,0,0,0,0,0,0,0,0,0
1788937933.485150,1985422,public,company,0,0,0,0,0,0,0,0,0
1788937933.485150,1985325,public,broker,0,0,0,0,0,0,0,0,0
1788937933.485150,1985302,public,holding_history,0,0,0,0,0,0,0,0,0
1788937933.485150,1985460,public,financial,0,0,0,0,0,0,0,0,0
1788937933.485150,1985517,public,security,0,0,0,0,0,0,0,0,0
1788937933.485150,1985351,public,commission_rate,0,0,0,0,0,0,0,0,0
1788937933.485150,1985396,public,trade_history,0,0,0,0,0,0,0,0,0
1788937933.485150,1985275,public,customer_account,0,0,0,0,0,0,0,0,0
1788937933.485150,1985335,public,cash_transaction,0,0,0,0,0,0,0,0,0
1788937933.485150,1985290,public,holding,0,0,0,0,0,0,0,0,0
1788937933.485150,1985538,public,address,0,0,0,0,0,0,0,0,0
1788937933.485150,1985434,public,company_competitor,0,0,0,0,0,0,0,0,0
1788937933.485150,1985512,public,sector,0,0,0,0,0,0,0,0,0
1788937933.485150,1985415,public,trade_type,0,0,0,0,0,0,0,0,0
1788937933.485150,1985264,public,customer,0,0,0,0,0,0,0,0,0
1788937933.485150,1985451,public,exchange,0,0,0,0,0,0,0,0,0
1788937933.485150,1985543,public,status_type,0,0,0,0,0,0,0,0,0
1788937933.485150,1985402,public,trade_request,0,0,0,0,0,0,0,0,0
1788937933.485150,1985555,public,zip_code,0,0,0,0,0,0,0,0,0
1788937933.485150,1985548,public,taxrate,0,0,0,0,0,0,0,0,0
1788937933.485150,1985372,public,trade,0,0,0,0,0,0,0,0,0
1788937933.485150,1985496,public,news_item,0,0,0,0,0,0,0,0,0
1788937933.485150,1985309,public,holding_summary,0,0,0,0,0,0,0,0,0
1788937933.485150,1985315,public,watch_item,0,0,0,0,0,0,0,0,0
1788937933.485150,1985320,public,watch_list,0,0,0,0,0,0,0,0,0
1788937993.656318,1985363,public,settlement,0,0,0,0,0,0,0,0,0
1788937993.656318,1985486,public,last_trade,0,0,0,0,0,0,0,0,0
1788937993.656318,1985285,public,customer_taxrate,0,0,0,0,0,0,0,0,0
1788937993.656318,1985256,public,account_permission,0,0,0,0,0,0,0,0,0
1788937993.656318,1985507,public,news_xref,0,0,0,0,0,0,0,0,0
1788937993.656318,1985480,public,industry,0,0,0,0,0,0,0,0,0
1788937993.656318,1985343,public,charge,0,0,0,0,0,0,0,0,0
1788937993.656318,1985440,public,daily_market,0,0,0,0,0,0,0,0,0
1788937993.656318,1985422,public,company,0,0,0,0,0,0,0,0,0
1788937993.656318,1985325,public,broker,0,0,0,0,0,0,0,0,0
1788937993.656318,1985302,public,holding_history,0,0,0,0,0,0,0,0,0
1788937993.656318,1985460,public,financial,0,0,0,0,0,0,0,0,0
1788937993.656318,1985517,public,security,0,0,0,0,0,0,0,0,0
1788937993.656318,1985351,public,commission_rate,0,0,0,0,0,0,0,0,0
1788937993.656318,1985396,public,trade_history,0,0,0,0,0,0,0,0,0
1788937993.656318,1985275,public,customer_account,0,0,0,0,0,0,0,0,0
1788937993.656318,1985335,public,cash_transaction,0,0,0,0,0,0,0,0,0
1788937993.656318,1985290,public,holding,0,0,0,0,0,0,0,0,0
1788937993.656318,1985538,public,address,0,0,0,0,0,0,0,0,0
1788937993.656318,1985434,public,company_competitor,0,0,0,0,0,0,0,0,0
1788937993.656318,1985512,public,sector,0,0,0,0,0,0,0,0,0
1788937993.656318,1985415,public,trade_type,0,0,0,0,0,0,0,0,0
1788937993.656318,1985264,public,customer,0,0,0,0,0,0,0,0,0
1788937993.656318,1985451,public,exchange,0,0,0,0,0,0,0,0,0
1788937993.656318,1985543,public,status_type,0,0,0,0,0,0,0,0,0
1788937993.656318,1985402,public,trade_request,0,0,0,0,0,0,0,0,0
1788937993.656318,1985555,public,zip_code,0,0,0,0,0,0,0,0,0
1788937993.656318,1985548,public,taxrate,0,0,0,0,0,0,0,0,0
1788937993.656318,1985372,public,trade,0,0,0,0,0,0,0,0,0
1788937993.656318,1985496,public,news_item,0,0,0,0,0,0,0,0,0
1788937993.656318,1985309,public,holding_summary,0,0,0,0,0,0,0,0,0
1788937993.656318,1985315,public,watch_item,0,0,0,0,0,0,0,0,0
1788937993.656318,1985320,public,watch_list,0,0,0,0,0,0,0,0,0
1788938053.785215,1985363,public,settlement,0,0,0,0,0,0,0,0,0
1788938053.785215,1985486,public,last_trade,0,0,0,0,0,0,0,0,0
1788938053.785215,1985285,public,customer_taxrate,0,0,0,0,0,0,0,0,0
1788938053.785215,1985256,public,account_permission,0,0,0,0,0,0,0,0,0
1788938053.785215,1985507,public,news_xref,0,0,0,0,0,0,0,0,0
1788938053.785215,1985480,public,industry,0,0,0,0,0,0,0,0,0
1788938053.785215,1985343,public,charge,0,0,0,0,0,0,0,0,0
1788938053.785215,1985440,public,daily_market,0,0,0,0,0,0,0,0,0
1788938053.785215,1985422,public,company,0,0,0,0,0,0,0,0,0
1788938053.785215,1985325,public,broker,0,0,0,0,0,0,0,0,0
1788938053.785215,1985302,public,holding_history,0,0,0,0,0,0,0,0,0
1788938053.785215,1985460,public,financial,0,0,0,0,0,0,0,0,0
1788938053.785215,1985517,public,security,0,0,0,0,0,0,0,0,0
1788938053.785215,1985351,public,commission_rate,0,0,0,0,0,0,0,0,0
1788938053.785215,1985396,public,trade_history,0,0,0,0,0,0,0,0,0
1788938053.785215,1985275,public,customer_account,0,0,0,0,0,0,0,0,0
1788938053.785215,1985335,public,cash_transaction,0,0,0,0,0,0,0,0,0
1788938053.785215,1985290,public,holding,0,0,0,0,0,0,0,0,0
1788938053.785215,1985538,public,address,0,0,0,0,0,0,0,0,0
1788938053.785215,1985434,public,company_competitor,0,0,0,0,0,0,0,0,0
1788938053.785215,1985512,public,sector,0,0,0,0,0,0,0,0,0
1788938053.785215,1985415,public,trade_type,0,0,0,0,0,0,0,0,0
1788938053.785215,1985264,public,customer,0,0,0,0,0,0,0,0,0
1788938053.785215,1985451,public,exchange,0,0,0,0,0,0,0,0,0
1788938053.785215,1985543,public,status_type,0,0,0,0,0,0,0,0,0
1788938053.785215,1985402,public,trade_request,0,0,0,0,0,0,0,0,0
1788938053.785215,1985555,public,zip_code,0,0,0,0,0,0,0,0,0
1788938053.785215,1985548,public,taxrate,0,0,0,0,0,0,0,0,0
1788938053.785215,1985372,public,trade,0,0,0,0,0,0,0,0,0
1788938053.785215,1985496,public,news_item,0,0,0,0,0,0,0,0,0
1788938053.785215,1985309,public,holding_summary,0,0,0,0,0,0,0,0,0
1788938053.785215,1985315,public,watch_item,0,0,0,0,0,0,0,0,0
1788938053.785215,1985320,public,watch_list,0,0,0,0,0,0,0,0,0
1788938113.921190,1985363,public,settlement,0,0,0,0,0,0,0,0,0
1788938113.921190,1985486,public,last_trade,0,0,0,0,0,0,0,0,0
1788938113.921190,1985285,public,customer_taxrate,0,0,0,0,0,0,0,0,0
1788938113.921190,1985256,public,account_permission,0,0,0,0,0,0,0,0,0
1788938113.921190,1985507,public,news_xref,0,0,0,0,0,0,0,0,0
1788938113.921190,1985480,public,industry,0,0,0,0,0,0,0,0,0
1788938113.921190,1985343,public,charge,0,0,0,0,0,0,0,0,0
1788938113.921190,1985440,public,daily_market,0,0,0,0,0,0,0,0,0
1788938113.921190,1985422,public,company,0,0,0,0,0,0,0,0,0
1788938113.921190,1985325,public,broker,0,0,0,0,0,0,0,0,0
1788938113.921190,1985302,public,holding_history,0,0,0,0,0,0,0,0,0
1788938113.921190,1985460,public,financial,0,0,0,0,0,0,0,0,0
1788938113.921190,1985517,public,security,0,0,0,0,0,0,0,0,0
1788938113.921190,1985351,public,commission_rate,0,0,0,0,0,0,0,0,0
1788938113.921190,1985396,public,trade_history,0,0,0,0,0,0,0,0,0
1788938113.921190,1985275,public,customer_account,0,0,0,0,0,0,0,0,0
1788938113.921190,1985335,public,cash_transaction,0,0,0,0,0,0,0,0,0
1788938113.921190,1985290,public,holding,0,0,0,0,0,0,0,0,0
1788938113.921190,1985538,public,address,0,0,0,0,0,0,0,0,0
1788938113.921190,1985434,public,company_competitor,0,0,0,0,0,0,0,0,0
1788938113.921190,1985512,public,sector,0,0,0,0,0,0,0,0,0
1788938113.921190,1985415,public,trade_type,0,0,0,0,0,0,0,0,0
1788938113.921190,1985264,public,customer,0,0,0,0,0,0,0,0,0
1788938113.921190,1985451,public,exchange,0,0,0,0,0,0,0,0,0
1788938113.921190,1985543,public,status_type,0,0,0,0,0,0,0,0,0
1788938113.921190,1985402,public,trade_request,0,0,0,0,0,0,0,0,0
1788938113.921190,1985555,public,zip_code,0,0,0,0,0,0,0,0,0
1788938113.921190,1985548,public,taxrate,0,0,0,0,0,0,0,0,0
1788938113.921190,1985372,public,trade,0,0,0,0,0,0,0,0,0
1788938113.921190,1985496,public,news_item,0,0,0,0,0,0,0,0,0
1788938113.921190,1985309,public,holding_summary,0,0,0,0,0,0,0,0,0
1788938113.921190,1985315,public,watch_item,0,0,0,0,0,0,0,0,0
1788938113.921190,1985320,public,watch_list,0,0,0,0,0,0,0,0,0
1788938174.057407,1985363,public,settlement,0,0,0,0,0,0,0,0,0
1788938174.057407,1985486,public,last_trade,0,0,0,0,0,0,0,0,0
1788938174.057407,1985285,public,customer_taxrate,0,0,0,0,0,0,0,0,0
1788938174.057407,1985256,public,account_permission,0,0,0,0,0,0,0,0,0
1788938174.057407,1985507,public,news_xref,0,0,0,0,0,0,0,0,0
1788938174.057407,1985480,public,industry,0,0,0,0,0,0,0,0,0
1788938174.057407,1985343,public,charge,0,0,0,0,0,0,0,0,0
1788938174.057407,1985440,public,daily_market,0,0,0,0,0,0,0,0,0
1788938174.057407,1985422,public,company,0,0,0,0,0,0,0,0,0
1788938174.057407,1985325,public,broker,0,0,0,0,0,0,0,0,0
1788938174.057407,1985302,public,holding_history,0,0,0,0,0,0,0,0,0
1788938174.057407,1985460,public,financial,0,0,0,0,0,0,0,0,0
1788938174.057407,1985517,public,security,0,0,0,0,0,0,0,0,0
1788938174.057407,1985351,public,commission_rate,0,0,0,0,0,0,0,0,0
1788938174.057407,1985396,public,trade_history,0,0,0,0,0,0,0,0,0
1788938174.057407,1985275,public,customer_account,0,0,0,0,0,0,0,0,0
1788938174.057407,1985335,public,cash_transaction,0,0,0,0,0,0,0,0,0
1788938174.057407,1985290,public,holding,0,0,0,0,0,0,0,0,0
1788938174.057407,1985538,public,address,0,0,0,0,0,0,0,0,0
1788938174.057407,1985434,public,company_competitor,0,0,0,0,0,0,0,0,0
1788938174.057407,1985512,public,sector,0,0,0,0,0,0,0,0,0
1788938174.057407,1985415,public,trade_type,0,0,0,0,0,0,0,0,0
1788938174.057407,1985264,public,customer,0,0,0,0,0,0,0,0,0
1788938174.057407,1985451,public,exchange,0,0,0,0,0,0,0,0,0
1788938174.057407,1985543,public,status_type,0,0,0,0,0,0,0,0,0
1788938174.057407,1985402,public,trade_request,0,0,0,0,0,0,0,0,0
1788938174.057407,1985555,public,zip_code,0,0,0,0,0,0,0,0,0
1788938174.057407,1985548,public,taxrate,0,0,0,0,0,0,0,0,0
1788938174.057407,1985372,public,trade,0,0,0,0,0,0,0,0,0
1788938174.057407,1985496,public,news_item,0,0,0,0,0,0,0,0,0
1788938174.057407,1985309,public,holding_summary,0,0,0,0,0,0,0,0,0
1788938174.057407,1985315,public,watch_item,0,0,0,0,0,0,0,0,0
1788938174.057407,1985320,public,watch_list,0,0,0,0,0,0,0,0,0
1788938233.190283,1985363,public,settlement,0,0,0,0,0,0,0,0,0
1788938233.190283,1985486,public,last_trade,0,0,0,0,0,0,0,0,0
1788938233.190283,1985285,public,customer_taxrate,0,0,0,0,0,0,0,0,0
1788938233.190283,1985256,public,account_permission,0,0,0,0,0,0,0,0,0
1788938233.190283,1985507,public,news_xref,0,0,0,0,0,0,0,0,0
1788938233.190283,1985480,public,industry,0,0,0,0,0,0,0,0,0
1788938233.190283,1985343,public,charge,0,0,0,0,0,0,0,0,0
1788938233.190283,1985440,public,daily_market,0,0,0,0,0,0,0,0,0
1788938233.190283,1985422,public,company,0,0,0,0,0,0,0,0,0
1788938233.190283,1985325,public,broker,0,0,0,0,0,0,0,0,0
1788938233.190283,1985302,public,holding_history,0,0,0,0,0,0,0,0,0
1788938233.190283,1985460,public,financial,0,0,0,0,0,0,0,0,0
1788938233.190283,1985517,public,security,0,0,0,0,0,0,0,0,0
1788938233.190283,1985351,public,commission_rate,0,0,0,0,0,0,0,0,0
1788938233.190283,1985396,public,trade_history,0,0,0,0,0,0,0,0,0
1788938233.190283,1985275,public,customer_account,0,0,0,0,0,0,0,0,0
1788938233.190283,1985335,public,cash_transaction,0,0,0,0,0,0,0,0,0
1788938233.190283,1985290,public,holding,0,0,0,0,0,0,0,0,0
1788938233.190283,1985538,public,address,0,0,0,0,0,0,0,0,0
1788938233.190283,1985434,public,company_competitor,0,0,0,0,0,0,0,0,0
1788938233.190283,1985512,public,sector,0,0,0,0,0,0,0,0,0
1788938233.190283,1985415,public,trade_type,0,0,0,0,0,0,0,0,0
1788938233.190283,1985264,public,customer,0,0,0,0,0,0,0,0,0
1788938233.190283,1985451,public,exchange,0,0,0,0,0,0,0,0,0
1788938233.190283,1985543,public,status_type,0,0,0,0,0,0,0,0,0
1788938233.190283,1985402,public,trade_request,0,0,0,0,0,0,0,0,0
1788938233.190283,1985555,public,zip_code,0,0,0,0,0,0,0,0,0
1788938233.190283,1985548,public,taxrate,0,0,0,0,0,0,0,0,0
1788938233.190283,1985372,public,trade,0,0,0,0,0,0,0,0,0
1788938233.190283,1985496,public,news_item,0,0,0,0,0,0,0,0,0
1788938233.190283,1985309,public,holding_summary,0,0,0,0,0,0,0,0,0
1788938233.190283,1985315,public,watch_item,0,0,0,0,0,0,0,0,0
1788938233.190283,1985320,public,watch_list,0,0,0,0,0,0,0,0,0
