ctime,relid,schemaname,relname,seq_scan,seq_tup_read,idx_scan,idx_tup_fetch,n_tup_ins,n_tup_upd,n_tup_del,n_tup_hot_upd,n_tup_newpage_upd
1788881785.332716,1985536,pg_toast,pg_toast_1985517,0,0,0,0,0,0,0,0,0
1788881785.332716,3576,pg_catalog,pg_transform,0,0,0,0,0,0,0,0,0
1788881785.332716,2601,pg_catalog,pg_am,0,0,0,0,0,0,0,0,0
1788881785.332716,1985363,public,settlement,0,0,0,0,0,0,0,0,0
1788881785.332716,3394,pg_catalog,pg_init_privs,0,0,0,0,0,0,0,0,0
1788881785.332716,4167,pg_toast,pg_toast_3256,0,0,0,0,0,0,0,0,0
1788881785.332716,4151,pg_toast,pg_toast_1417,0,0,0,0,0,0,0,0,0
1788881785.332716,2834,pg_toast,pg_toast_2609,0,0,0,0,0,0,0,0,0
1788881785.332716,6000,pg_catalog,pg_replication_origin,0,0,0,0,0,0,0,0,0
1788881785.332716,2840,pg_toast,pg_toast_2619,0,0,0,0,0,0,0,0,0
1788881785.332716,1985486,public,last_trade,0,0,0,0,0,0,0,0,0
1788881785.332716,2328,pg_catalog,pg_foreign_data_wrapper,0,0,0,0,0,0,0,0,0
1788881785.332716,4157,pg_toast,pg_toast_2612,0,0,0,0,0,0,0,0,0
1788881785.332716,1260,pg_catalog,pg_authid,0,0,0,0,0,0,0,0,0
1788881785.332716,6102,pg_catalog,pg_subscription_rel,0,0,0,0,0,0,0,0,0
1788881785.332716,1214,pg_catalog,pg_shdepend,0,0,0,0,0,0,0,0,0
1788881785.332716,4163,pg_toast,pg_toast_2615,0,0,0,0,0,0,0,0,0
1788881785.332716,1985343,public,charge,0,0,0,0,0,0,0,0,0
1788881785.332716,1985440,public,daily_market,0,0,0,0,0,0,0,0,0
1788881785.332716,1985422,public,company,0,0,0,0,0,0,0,0,0
1788881785.332716,4169,pg_toast,pg_toast_3600,0,0,0,0,0,0,0,0,0
1788881785.332716,2615,pg_catalog,pg_namespace,1,4,5,2,0,0,0,0,0
1788881785.332716,2396,pg_catalog,pg_shdescription,0,0,0,0,0,0,0,0,0
1788881785.332716,3600,pg_catalog,pg_ts_dict,0,0,0,0,0,0,0,0,0
1788881785.332716,1985325,public,broker,0,0,0,0,0,0,0,0,0
1788881785.332716,3596,pg_catalog,pg_seclabel,0,0,0,0,0,0,0,0,0
1788881785.332716,1985460,public,financial,0,0,0,0,0,0,0,0,0
1788881785.332716,2609,pg_catalog,pg_description,0,0,0,0,0,0,0,0,0
1788881785.332716,1985351,public,commission_rate,0,0,0,0,0,0,0,0,0
1788881785.332716,13482,pg_toast,pg_toast_13479,0,0,0,0,0,0,0,0,0
1788881785.332716,1985396,public,trade_history,0,0,0,0,0,0,0,0,0
1788881785.332716,3603,pg_catalog,pg_ts_config_map,0,0,0,0,0,0,0,0,0
1788881785.332716,1213,pg_catalog,pg_tablespace,0,0,1,1,0,0,0,0,0
1788881785.332716,2608,pg_catalog,pg_depend,0,0,0,0,0,0,0,0,0
1788881785.332716,2964,pg_catalog,pg_db_role_setting,0,0,0,0,0,0,0,0,0
1788881785.332716,1985283,pg_toast,pg_toast_1985275,0,0,0,0,0,0,0,0,0
1788881785.332716,1418,pg_catalog,pg_user_mapping,0,0,0,0,0,0,0,0,0
1788881785.332716,2613,pg_catalog,pg_largeobject,0,0,0,0,0,0,0,0,0
1788881785.332716,6175,pg_toast,pg_toast_3456,0,0,0,0,0,0,0,0,0
1788881785.332716,1261,pg_catalog,pg_auth_members,0,0,0,0,0,0,0,0,0
1788881785.332716,1985335,public,cash_transaction,0,0,0,0,0,0,0,0,0
1788881785.332716,2617,pg_catalog,pg_operator,0,0,5,5,0,0,0,0,0
1788881785.332716,1985300,pg_toast,pg_toast_1985290,0,0,0,0,0,0,0,0,0
1788881785.332716,1985538,public,address,0,0,0,0,0,0,0,0,0
1788881785.332716,2610,pg_catalog,pg_index,1,221,11,14,0,0,0,0,0
1788881785.332716,1249,pg_catalog,pg_attribute,0,0,75,92,0,0,0,0,0
1788881785.332716,1985512,public,sector,0,0,0,0,0,0,0,0,0
1788881785.332716,1985415,public,trade_type,0,0,0,0,0,0,0,0,0
1788881785.332716,2600,pg_catalog,pg_aggregate,0,0,1,1,0,0,0,0,0
1788881785.332716,2966,pg_toast,pg_toast_2964,0,0,0,0,0,0,0,0,0
1788881785.332716,1985451,public,exchange,0,0,0,0,0,0,0,0,0
1788881785.332716,2618,pg_catalog,pg_rewrite,0,0,1,1,0,0,0,0,0
1788881785.332716,4177,pg_toast,pg_toast_1262,0,0,0,0,0,0,0,0,0
1788881785.332716,13484,information_schema,sql_parts,0,0,,,0,0,0,0,0
1788881785.332716,4159,pg_toast,pg_toast_2600,0,0,0,0,0,0,0,0,0
1788881785.332716,4147,pg_toast,pg_toast_3079,0,0,0,0,0,0,0,0,0
1788881785.332716,13474,information_schema,sql_features,0,0,,,0,0,0,0,0
1788881785.332716,1985394,pg_toast,pg_toast_1985372,0,0,0,0,0,0,0,0,0
1788881785.332716,1247,pg_catalog,pg_type,0,0,19,19,0,0,0,0,0
1788881785.332716,2602,pg_catalog,pg_amop,0,0,12,25,0,0,0,0,0
1788881785.332716,3439,pg_toast,pg_toast_3381,0,0,0,0,0,0,0,0,0
1788881785.332716,2846,pg_toast,pg_toast_2396,0,0,0,0,0,0,0,0,0
1788881785.332716,1985555,public,zip_code,0,0,0,0,0,0,0,0,0
1788881785.332716,1985478,pg_toast,pg_toast_1985460,0,0,0,0,0,0,0,0,0
1788881785.332716,4145,pg_toast,pg_toast_3466,0,0,0,0,0,0,0,0,0
1788881785.332716,3541,pg_catalog,pg_range,0,0,0,0,0,0,0,0,0
1788881785.332716,3602,pg_catalog,pg_ts_config,0,0,0,0,0,0,0,0,0
1788881785.332716,1985333,pg_toast,pg_toast_1985325,0,0,0,0,0,0,0,0,0
1788881785.332716,4183,pg_toast,pg_toast_6100,0,0,0,0,0,0,0,0,0
1788881785.332716,1985496,public,news_item,0,0,0,0,0,0,0,0,0
1788881785.332716,2224,pg_catalog,pg_sequence,0,0,0,0,0,0,0,0,0
1788881785.332716,2611,pg_catalog,pg_inherits,0,0,0,0,0,0,0,0,0
1788881785.332716,1417,pg_catalog,pg_foreign_server,0,0,0,0,0,0,0,0,0
1788881785.332716,1262,pg_catalog,pg_database,0,0,0,0,0,0,0,0,0
1788881785.332716,13492,pg_toast,pg_toast_13489,0,0,0,0,0,0,0,0,0
1788881785.332716,3501,pg_catalog,pg_enum,0,0,0,0,0,0,0,0,0
1788881785.332716,2607,pg_catalog,pg_conversion,0,0,0,0,0,0,0,0,0
1788881785.332716,1985449,pg_toast,pg_toast_1985440,0,0,0,0,0,0,0,0,0
1788881785.332716,826,pg_catalog,pg_default_acl,0,0,0,0,0,0,0,0,0
1788881785.332716,2604,pg_catalog,pg_attrdef,0,0,0,0,0,0,0,0,0
1788881785.332716,2336,pg_toast,pg_toast_2620,0,0,0,0,0,0,0,0,0
1788881785.332716,2603,pg_catalog,pg_amproc,0,0,5,11,0,0,0,0,0
1788881785.332716,2606,pg_catalog,pg_constraint,0,0,3,8,0,0,0,0,0
1788881785.332716,1255,pg_catalog,pg_proc,0,0,19,24,0,0,0,0,0
1788881785.332716,4173,pg_toast,pg_toast_1418,0,0,0,0,0,0,0,0,0
1788881785.332716,1985285,public,customer_taxrate,0,0,0,0,0,0,0,0,0
1788881785.332716,2620,pg_catalog,pg_trigger,0,0,0,0,0,0,0,0,0
1788881785.332716,1985256,public,account_permission,0,0,0,0,0,0,0,0,0
1788881785.332716,1985507,public,news_xref,0,0,0,0,0,0,0,0,0
1788881785.332716,1985480,public,industry,0,0,0,0,0,0,0,0,0
1788881785.332716,2612,pg_catalog,pg_language,0,0,0,0,0,0,0,0,0
1788881785.332716,4149,pg_toast,pg_toast_2328,0,0,0,0,0,0,0,0,0
1788881785.332716,6351,pg_toast,pg_toast_2610,0,0,0,0,0,0,0,0,0
1788881785.332716,13489,information_schema,sql_sizing,0,0,,,0,0,0,0,0
1788881785.332716,1985494,pg_toast,pg_toast_1985486,0,0,0,0,0,0,0,0,0
1788881785.332716,3598,pg_toast,pg_toast_3596,0,0,0,0,0,0,0,0,0
1788881785.332716,2836,pg_toast,pg_toast_1255,0,0,0,0,0,0,0,0,0
1788881785.332716,3456,pg_catalog,pg_collation,0,0,0,0,0,0,0,0,0
1788881785.332716,3079,pg_catalog,pg_extension,0,0,0,0,0,0,0,0,0
1788881785.332716,6100,pg_catalog,pg_subscription,0,0,0,0,0,0,0,0,0
1788881785.332716,2832,pg_toast,pg_toast_2606,0,0,0,0,0,0,0,0,0
1788881785.332716,3256,pg_catalog,pg_policy,0,0,0,0,0,0,0,0,0
1788881785.332716,1985302,public,holding_history,0,0,0,0,0,0,0,0,0
1788881785.332716,1985517,public,security,0,0,0,0,0,0,0,0,0
1788881785.332716,3466,pg_catalog,pg_event_trigger,0,0,0,0,0,0,0,0,0
1788881785.332716,3592,pg_catalog,pg_shseclabel,0,0,0,0,0,0,0,0,0
1788881785.332716,3764,pg_catalog,pg_ts_template,0,0,0,0,0,0,0,0,0
1788881785.332716,6237,pg_catalog,pg_publication_namespace,0,0,0,0,0,0,0,0,0
1788881785.332716,13487,pg_toast,pg_toast_13484,0,0,0,0,0,0,0,0,0
1788881785.332716,2995,pg_catalog,pg_largeobject_metadata,0,0,0,0,0,0,0,0,0
1788881785.332716,1985275,public,customer_account,0,0,0,0,0,0,0,0,0
1788881785.332716,4143,pg_toast,pg_toast_826,0,0,0,0,0,0,0,0,0
1788881785.332716,4185,pg_toast,pg_toast_1213,0,0,0,0,0,0,0,0,0
1788881785.332716,6243,pg_catalog,pg_parameter_acl,0,0,0,0,0,0,0,0,0
1788881785.332716,2616,pg_catalog,pg_opclass,0,0,8,134,0,0,0,0,0
1788881785.332716,1985290,public,holding,0,0,0,0,0,0,0,0,0
1788881785.332716,2838,pg_toast,pg_toast_2618,0,0,1,3,0,0,0,0,0
1788881785.332716,6228,pg_toast,pg_toast_6106,0,0,0,0,0,0,0,0,0
1788881785.332716,1985349,pg_toast,pg_toast_1985343,0,0,0,0,0,0,0,0,0
1788881785.332716,1985434,public,company_competitor,0,0,0,0,0,0,0,0,0
1788881785.332716,1985370,pg_toast,pg_toast_1985363,0,0,0,0,0,0,0,0,0
1788881785.332716,1985505,pg_toast,pg_toast_1985496,0,0,0,0,0,0,0,0,0
1788881785.332716,1985264,public,customer,0,0,0,0,0,0,0,0,0
1788881785.332716,3118,pg_catalog,pg_foreign_table,0,0,0,0,0,0,0,0,0
1788881785.332716,1259,pg_catalog,pg_class,1,523,12,12,0,0,0,0,0
1788881785.332716,3350,pg_catalog,pg_partitioned_table,0,0,0,0,0,0,0,0,0
1788881785.332716,4153,pg_toast,pg_toast_3118,0,0,0,0,0,0,0,0,0
1788881785.332716,4060,pg_toast,pg_toast_3592,0,0,0,0,0,0,0,0,0
1788881785.332716,1985543,public,status_type,0,0,0,0,0,0,0,0,0
1788881785.332716,4165,pg_toast,pg_toast_3350,0,0,0,0,0,0,0,0,0
1788881785.332716,1985402,public,trade_request,0,0,0,0,0,0,0,0,0
1788881785.332716,2753,pg_catalog,pg_opfamily,0,0,2,2,0,0,0,0,0
1788881785.332716,3601,pg_catalog,pg_ts_parser,0,0,0,0,0,0,0,0,0
1788881785.332716,6104,pg_catalog,pg_publication,0,0,0,0,0,0,0,0,0
1788881785.332716,13477,pg_toast,pg_toast_13474,0,0,0,0,0,0,0,0,0
1788881785.332716,3429,pg_catalog,pg_statistic_ext_data,0,0,0,0,0,0,0,0,0
1788881785.332716,2619,pg_catalog,pg_statistic,0,0,17,8,0,0,0,0,0
1788881785.332716,4155,pg_toast,pg_toast_3394,0,0,0,0,0,0,0,0,0
1788881785.332716,1985548,public,taxrate,0,0,0,0,0,0,0,0,0
1788881785.332716,3381,pg_catalog,pg_statistic_ext,0,0,3,0,0,0,0,0,0
1788881785.332716,6106,pg_catalog,pg_publication_rel,0,0,0,0,0,0,0,0,0
1788881785.332716,1985372,public,trade,0,0,0,0,0,0,0,0,0
1788881785.332716,2605,pg_catalog,pg_cast,0,0,34,7,0,0,0,0,0
1788881785.332716,4171,pg_toast,pg_toast_1247,0,0,0,0,0,0,0,0,0
1788881785.332716,2830,pg_toast,pg_toast_2604,0,0,0,0,0,0,0,0,0
1788881785.332716,1985309,public,holding_summary,0,0,0,0,0,0,0,0,0
1788881785.332716,1985413,pg_toast,pg_toast_1985402,0,0,0,0,0,0,0,0,0
1788881785.332716,13479,information_schema,sql_implementation_info,0,0,,,0,0,0,0,0
1788881785.332716,1985341,pg_toast,pg_toast_1985335,0,0,0,0,0,0,0,0,0
1788881785.332716,6244,pg_toast,pg_toast_6243,0,0,0,0,0,0,0,0,0
1788881785.332716,1985315,public,watch_item,0,0,0,0,0,0,0,0,0
1788881785.332716,3430,pg_toast,pg_toast_3429,0,0,0,0,0,0,0,0,0
1788881785.332716,1985320,public,watch_list,0,0,0,0,0,0,0,0,0
1788881845.418967,1985536,pg_toast,pg_toast_1985517,0,0,0,0,0,0,0,0,0
1788881845.418967,3576,pg_catalog,pg_transform,0,0,0,0,0,0,0,0,0
1788881845.418967,2601,pg_catalog,pg_am,0,0,0,0,0,0,0,0,0
1788881845.418967,1985363,public,settlement,0,0,0,0,0,0,0,0,0
1788881845.418967,3394,pg_catalog,pg_init_privs,0,0,0,0,0,0,0,0,0
1788881845.418967,4167,pg_toast,pg_toast_3256,0,0,0,0,0,0,0,0,0
1788881845.418967,4151,pg_toast,pg_toast_1417,0,0,0,0,0,0,0,0,0
1788881845.418967,2834,pg_toast,pg_toast_2609,0,0,0,0,0,0,0,0,0
1788881845.418967,6000,pg_catalog,pg_replication_origin,0,0,0,0,0,0,0,0,0
1788881845.418967,2840,pg_toast,pg_toast_2619,0,0,0,0,0,0,0,0,0
1788881845.418967,1985486,public,last_trade,0,0,0,0,0,0,0,0,0
1788881845.418967,2328,pg_catalog,pg_foreign_data_wrapper,0,0,0,0,0,0,0,0,0
1788881845.418967,4157,pg_toast,pg_toast_2612,0,0,0,0,0,0,0,0,0
1788881845.418967,1260,pg_catalog,pg_authid,0,0,0,0,0,0,0,0,0
1788881845.418967,6102,pg_catalog,pg_subscription_rel,0,0,0,0,0,0,0,0,0
1788881845.418967,1214,pg_catalog,pg_shdepend,0,0,0,0,0,0,0,0,0
1788881845.418967,4163,pg_toast,pg_toast_2615,0,0,0,0,0,0,0,0,0
1788881845.418967,1985343,public,charge,0,0,0,0,0,0,0,0,0
1788881845.418967,1985440,public,daily_market,0,0,0,0,0,0,0,0,0
1788881845.418967,1985422,public,company,0,0,0,0,0,0,0,0,0
1788881845.418967,4169,pg_toast,pg_toast_3600,0,0,0,0,0,0,0,0,0
1788881845.418967,2615,pg_catalog,pg_namespace,1,4,5,2,0,0,0,0,0
1788881845.418967,2396,pg_catalog,pg_shdescription,0,0,0,0,0,0,0,0,0
1788881845.418967,3600,pg_catalog,pg_ts_dict,0,0,0,0,0,0,0,0,0
1788881845.418967,1985325,public,broker,0,0,0,0,0,0,0,0,0
1788881845.418967,3596,pg_catalog,pg_seclabel,0,0,0,0,0,0,0,0,0
1788881845.418967,1985460,public,financial,0,0,0,0,0,0,0,0,0
1788881845.418967,2609,pg_catalog,pg_description,0,0,0,0,0,0,0,0,0
1788881845.418967,1985351,public,commission_rate,0,0,0,0,0,0,0,0,0
1788881845.418967,13482,pg_toast,pg_toast_13479,0,0,0,0,0,0,0,0,0
1788881845.418967,1985396,public,trade_history,0,0,0,0,0,0,0,0,0
1788881845.418967,3603,pg_catalog,pg_ts_config_map,0,0,0,0,0,0,0,0,0
1788881845.418967,1213,pg_catalog,pg_tablespace,0,0,1,1,0,0,0,0,0
1788881845.418967,2608,pg_catalog,pg_depend,0,0,0,0,0,0,0,0,0
1788881845.418967,2964,pg_catalog,pg_db_role_setting,0,0,0,0,0,0,0,0,0
1788881845.418967,1985283,pg_toast,pg_toast_1985275,0,0,0,0,0,0,0,0,0
1788881845.418967,1418,pg_catalog,pg_user_mapping,0,0,0,0,0,0,0,0,0
1788881845.418967,2613,pg_catalog,pg_largeobject,0,0,0,0,0,0,0,0,0
1788881845.418967,6175,pg_toast,pg_toast_3456,0,0,0,0,0,0,0,0,0
1788881845.418967,1261,pg_catalog,pg_auth_members,0,0,0,0,0,0,0,0,0
1788881845.418967,1985335,public,cash_transaction,0,0,0,0,0,0,0,0,0
1788881845.418967,2617,pg_catalog,pg_operator,0,0,5,5,0,0,0,0,0
1788881845.418967,1985300,pg_toast,pg_toast_1985290,0,0,0,0,0,0,0,0,0
1788881845.418967,1985538,public,address,0,0,0,0,0,0,0,0,0
1788881845.418967,2610,pg_catalog,pg_index,1,221,11,14,0,0,0,0,0
1788881845.418967,1249,pg_catalog,pg_attribute,0,0,75,92,0,0,0,0,0
1788881845.418967,1985512,public,sector,0,0,0,0,0,0,0,0,0
1788881845.418967,1985415,public,trade_type,0,0,0,0,0,0,0,0,0
1788881845.418967,2600,pg_catalog,pg_aggregate,0,0,1,1,0,0,0,0,0
1788881845.418967,2966,pg_toast,pg_toast_2964,0,0,0,0,0,0,0,0,0
1788881845.418967,1985451,public,exchange,0,0,0,0,0,0,0,0,0
1788881845.418967,2618,pg_catalog,pg_rewrite,0,0,1,1,0,0,0,0,0
1788881845.418967,4177,pg_toast,pg_toast_1262,0,0,0,0,0,0,0,0,0
1788881845.418967,13484,information_schema,sql_parts,0,0,,,0,0,0,0,0
1788881845.418967,4159,pg_toast,pg_toast_2600,0,0,0,0,0,0,0,0,0
1788881845.418967,4147,pg_toast,pg_toast_3079,0,0,0,0,0,0,0,0,0
1788881845.418967,13474,information_schema,sql_features,0,0,,,0,0,0,0,0
1788881845.418967,1985394,pg_toast,pg_toast_1985372,0,0,0,0,0,0,0,0,0
1788881845.418967,1247,pg_catalog,pg_type,0,0,19,19,0,0,0,0,0
1788881845.418967,2602,pg_catalog,pg_amop,0,0,12,25,0,0,0,0,0
1788881845.418967,3439,pg_toast,pg_toast_3381,0,0,0,0,0,0,0,0,0
1788881845.418967,2846,pg_toast,pg_toast_2396,0,0,0,0,0,0,0,0,0
1788881845.418967,1985555,public,zip_code,0,0,0,0,0,0,0,0,0
1788881845.418967,1985478,pg_toast,pg_toast_1985460,0,0,0,0,0,0,0,0,0
1788881845.418967,4145,pg_toast,pg_toast_3466,0,0,0,0,0,0,0,0,0
1788881845.418967,3541,pg_catalog,pg_range,0,0,0,0,0,0,0,0,0
1788881845.418967,3602,pg_catalog,pg_ts_config,0,0,0,0,0,0,0,0,0
1788881845.418967,1985333,pg_toast,pg_toast_1985325,0,0,0,0,0,0,0,0,0
1788881845.418967,4183,pg_toast,pg_toast_6100,0,0,0,0,0,0,0,0,0
1788881845.418967,1985496,public,news_item,0,0,0,0,0,0,0,0,0
1788881845.418967,2224,pg_catalog,pg_sequence,0,0,0,0,0,0,0,0,0
1788881845.418967,2611,pg_catalog,pg_inherits,0,0,0,0,0,0,0,0,0
1788881845.418967,1417,pg_catalog,pg_foreign_server,0,0,0,0,0,0,0,0,0
1788881845.418967,1262,pg_catalog,pg_database,0,0,0,0,0,0,0,0,0
1788881845.418967,13492,pg_toast,pg_toast_13489,0,0,0,0,0,0,0,0,0
1788881845.418967,3501,pg_catalog,pg_enum,0,0,0,0,0,0,0,0,0
1788881845.418967,2607,pg_catalog,pg_conversion,0,0,0,0,0,0,0,0,0
1788881845.418967,1985449,pg_toast,pg_toast_1985440,0,0,0,0,0,0,0,0,0
1788881845.418967,826,pg_catalog,pg_default_acl,0,0,0,0,0,0,0,0,0
1788881845.418967,2604,pg_catalog,pg_attrdef,0,0,0,0,0,0,0,0,0
1788881845.418967,2336,pg_toast,pg_toast_2620,0,0,0,0,0,0,0,0,0
1788881845.418967,2603,pg_catalog,pg_amproc,0,0,5,11,0,0,0,0,0
1788881845.418967,2606,pg_catalog,pg_constraint,0,0,3,8,0,0,0,0,0
1788881845.418967,1255,pg_catalog,pg_proc,0,0,19,24,0,0,0,0,0
1788881845.418967,4173,pg_toast,pg_toast_1418,0,0,0,0,0,0,0,0,0
1788881845.418967,1985285,public,customer_taxrate,0,0,0,0,0,0,0,0,0
1788881845.418967,2620,pg_catalog,pg_trigger,0,0,0,0,0,0,0,0,0
1788881845.418967,1985256,public,account_permission,0,0,0,0,0,0,0,0,0
1788881845.418967,1985507,public,news_xref,0,0,0,0,0,0,0,0,0
1788881845.418967,1985480,public,industry,0,0,0,0,0,0,0,0,0
1788881845.418967,2612,pg_catalog,pg_language,0,0,0,0,0,0,0,0,0
1788881845.418967,4149,pg_toast,pg_toast_2328,0,0,0,0,0,0,0,0,0
1788881845.418967,6351,pg_toast,pg_toast_2610,0,0,0,0,0,0,0,0,0
1788881845.418967,13489,information_schema,sql_sizing,0,0,,,0,0,0,0,0
1788881845.418967,1985494,pg_toast,pg_toast_1985486,0,0,0,0,0,0,0,0,0
1788881845.418967,3598,pg_toast,pg_toast_3596,0,0,0,0,0,0,0,0,0
1788881845.418967,2836,pg_toast,pg_toast_1255,0,0,0,0,0,0,0,0,0
1788881845.418967,3456,pg_catalog,pg_collation,0,0,0,0,0,0,0,0,0
1788881845.418967,3079,pg_catalog,pg_extension,0,0,0,0,0,0,0,0,0
1788881845.418967,6100,pg_catalog,pg_subscription,0,0,0,0,0,0,0,0,0
1788881845.418967,2832,pg_toast,pg_toast_2606,0,0,0,0,0,0,0,0,0
1788881845.418967,3256,pg_catalog,pg_policy,0,0,0,0,0,0,0,0,0
1788881845.418967,1985302,public,holding_history,0,0,0,0,0,0,0,0,0
1788881845.418967,1985517,public,security,0,0,0,0,0,0,0,0,0
1788881845.418967,3466,pg_catalog,pg_event_trigger,0,0,0,0,0,0,0,0,0
1788881845.418967,3592,pg_catalog,pg_shseclabel,0,0,0,0,0,0,0,0,0
1788881845.418967,3764,pg_catalog,pg_ts_template,0,0,0,0,0,0,0,0,0
1788881845.418967,6237,pg_catalog,pg_publication_namespace,0,0,0,0,0,0,0,0,0
1788881845.418967,13487,pg_toast,pg_toast_13484,0,0,0,0,0,0,0,0,0
1788881845.418967,2995,pg_catalog,pg_largeobject_metadata,0,0,0,0,0,0,0,0,0
1788881845.418967,1985275,public,customer_account,0,0,0,0,0,0,0,0,0
1788881845.418967,4143,pg_toast,pg_toast_826,0,0,0,0,0,0,0,0,0
1788881845.418967,4185,pg_toast,pg_toast_1213,0,0,0,0,0,0,0,0,0
1788881845.418967,6243,pg_catalog,pg_parameter_acl,0,0,0,0,0,0,0,0,0
1788881845.418967,2616,pg_catalog,pg_opclass,0,0,8,134,0,0,0,0,0
1788881845.418967,1985290,public,holding,0,0,0,0,0,0,0,0,0
1788881845.418967,2838,pg_toast,pg_toast_2618,0,0,1,3,0,0,0,0,0
1788881845.418967,6228,pg_toast,pg_toast_6106,0,0,0,0,0,0,0,0,0
1788881845.418967,1985349,pg_toast,pg_toast_1985343,0,0,0,0,0,0,0,0,0
1788881845.418967,1985434,public,company_competitor,0,0,0,0,0,0,0,0,0
1788881845.418967,1985370,pg_toast,pg_toast_1985363,0,0,0,0,0,0,0,0,0
1788881845.418967,1985505,pg_toast,pg_toast_1985496,0,0,0,0,0,0,0,0,0
1788881845.418967,1985264,public,customer,0,0,0,0,0,0,0,0,0
1788881845.418967,3118,pg_catalog,pg_foreign_table,0,0,0,0,0,0,0,0,0
1788881845.418967,1259,pg_catalog,pg_class,1,523,12,12,0,0,0,0,0
1788881845.418967,3350,pg_catalog,pg_partitioned_table,0,0,0,0,0,0,0,0,0
1788881845.418967,4153,pg_toast,pg_toast_3118,0,0,0,0,0,0,0,0,0
1788881845.418967,4060,pg_toast,pg_toast_3592,0,0,0,0,0,0,0,0,0
1788881845.418967,1985543,public,status_type,0,0,0,0,0,0,0,0,0
1788881845.418967,4165,pg_toast,pg_toast_3350,0,0,0,0,0,0,0,0,0
1788881845.418967,1985402,public,trade_request,0,0,0,0,0,0,0,0,0
1788881845.418967,2753,pg_catalog,pg_opfamily,0,0,2,2,0,0,0,0,0
1788881845.418967,3601,pg_catalog,pg_ts_parser,0,0,0,0,0,0,0,0,0
1788881845.418967,6104,pg_catalog,pg_publication,0,0,0,0,0,0,0,0,0
1788881845.418967,13477,pg_toast,pg_toast_13474,0,0,0,0,0,0,0,0,0
1788881845.418967,3429,pg_catalog,pg_statistic_ext_data,0,0,0,0,0,0,0,0,0
1788881845.418967,2619,pg_catalog,pg_statistic,0,0,17,8,0,0,0,0,0
1788881845.418967,4155,pg_toast,pg_toast_3394,0,0,0,0,0,0,0,0,0
1788881845.418967,1985548,public,taxrate,0,0,0,0,0,0,0,0,0
1788881845.418967,3381,pg_catalog,pg_statistic_ext,0,0,3,0,0,0,0,0,0
1788881845.418967,6106,pg_catalog,pg_publication_rel,0,0,0,0,0,0,0,0,0
1788881845.418967,1985372,public,trade,0,0,0,0,0,0,0,0,0
1788881845.418967,2605,pg_catalog,pg_cast,0,0,34,7,0,0,0,0,0
1788881845.418967,4171,pg_toast,pg_toast_1247,0,0,0,0,0,0,0,0,0
1788881845.418967,2830,pg_toast,pg_toast_2604,0,0,0,0,0,0,0,0,0
1788881845.418967,1985309,public,holding_summary,0,0,0,0,0,0,0,0,0
1788881845.418967,1985413,pg_toast,pg_toast_1985402,0,0,0,0,0,0,0,0,0
1788881845.418967,13479,information_schema,sql_implementation_info,0,0,,,0,0,0,0,0
1788881845.418967,1985341,pg_toast,pg_toast_1985335,0,0,0,0,0,0,0,0,0
1788881845.418967,6244,pg_toast,pg_toast_6243,0,0,0,0,0,0,0,0,0
1788881845.418967,1985315,public,watch_item,0,0,0,0,0,0,0,0,0
1788881845.418967,3430,pg_toast,pg_toast_3429,0,0,0,0,0,0,0,0,0
1788881845.418967,1985320,public,watch_list,0,0,0,0,0,0,0,0,0
1788881905.509495,1985536,pg_toast,pg_toast_1985517,0,0,0,0,0,0,0,0,0
1788881905.509495,3576,pg_catalog,pg_transform,0,0,0,0,0,0,0,0,0
1788881905.509495,2601,pg_catalog,pg_am,0,0,0,0,0,0,0,0,0
1788881905.509495,1985363,public,settlement,0,0,0,0,0,0,0,0,0
1788881905.509495,3394,pg_catalog,pg_init_privs,0,0,0,0,0,0,0,0,0
1788881905.509495,4167,pg_toast,pg_toast_3256,0,0,0,0,0,0,0,0,0
1788881905.509495,4151,pg_toast,pg_toast_1417,0,0,0,0,0,0,0,0,0
1788881905.509495,2834,pg_toast,pg_toast_2609,0,0,0,0,0,0,0,0,0
1788881905.509495,6000,pg_catalog,pg_replication_origin,0,0,0,0,0,0,0,0,0
1788881905.509495,2840,pg_toast,pg_toast_2619,0,0,0,0,0,0,0,0,0
1788881905.509495,1985486,public,last_trade,0,0,0,0,0,0,0,0,0
1788881905.509495,2328,pg_catalog,pg_foreign_data_wrapper,0,0,0,0,0,0,0,0,0
1788881905.509495,4157,pg_toast,pg_toast_2612,0,0,0,0,0,0,0,0,0
1788881905.509495,1260,pg_catalog,pg_authid,0,0,0,0,0,0,0,0,0
1788881905.509495,6102,pg_catalog,pg_subscription_rel,0,0,0,0,0,0,0,0,0
1788881905.509495,1214,pg_catalog,pg_shdepend,0,0,0,0,0,0,0,0,0
1788881905.509495,4163,pg_toast,pg_toast_2615,0,0,0,0,0,0,0,0,0
1788881905.509495,1985343,public,charge,0,0,0,0,0,0,0,0,0
1788881905.509495,1985440,public,daily_market,0,0,0,0,0,0,0,0,0
1788881905.509495,1985422,public,company,0,0,0,0,0,0,0,0,0
1788881905.509495,4169,pg_toast,pg_toast_3600,0,0,0,0,0,0,0,0,0
1788881905.509495,2615,pg_catalog,pg_namespace,1,4,5,2,0,0,0,0,0
1788881905.509495,2396,pg_catalog,pg_shdescription,0,0,0,0,0,0,0,0,0
1788881905.509495,3600,pg_catalog,pg_ts_dict,0,0,0,0,0,0,0,0,0
1788881905.509495,1985325,public,broker,0,0,0,0,0,0,0,0,0
1788881905.509495,3596,pg_catalog,pg_seclabel,0,0,0,0,0,0,0,0,0
1788881905.509495,1985460,public,financial,0,0,0,0,0,0,0,0,0
1788881905.509495,2609,pg_catalog,pg_description,0,0,0,0,0,0,0,0,0
1788881905.509495,1985351,public,commission_rate,0,0,0,0,0,0,0,0,0
1788881905.509495,13482,pg_toast,pg_toast_13479,0,0,0,0,0,0,0,0,0
1788881905.509495,1985396,public,trade_history,0,0,0,0,0,0,0,0,0
1788881905.509495,3603,pg_catalog,pg_ts_config_map,0,0,0,0,0,0,0,0,0
1788881905.509495,1213,pg_catalog,pg_tablespace,0,0,1,1,0,0,0,0,0
1788881905.509495,2608,pg_catalog,pg_depend,0,0,0,0,0,0,0,0,0
1788881905.509495,2964,pg_catalog,pg_db_role_setting,0,0,0,0,0,0,0,0,0
1788881905.509495,1985283,pg_toast,pg_toast_1985275,0,0,0,0,0,0,0,0,0
1788881905.509495,1418,pg_catalog,pg_user_mapping,0,0,0,0,0,0,0,0,0
1788881905.509495,2613,pg_catalog,pg_largeobject,0,0,0,0,0,0,0,0,0
1788881905.509495,6175,pg_toast,pg_toast_3456,0,0,0,0,0,0,0,0,0
1788881905.509495,1261,pg_catalog,pg_auth_members,0,0,0,0,0,0,0,0,0
1788881905.509495,1985335,public,cash_transaction,0,0,0,0,0,0,0,0,0
1788881905.509495,2617,pg_catalog,pg_operator,0,0,5,5,0,0,0,0,0
1788881905.509495,1985300,pg_toast,pg_toast_1985290,0,0,0,0,0,0,0,0,0
1788881905.509495,1985538,public,address,0,0,0,0,0,0,0,0,0
1788881905.509495,2610,pg_catalog,pg_index,1,221,11,14,0,0,0,0,0
1788881905.509495,1249,pg_catalog,pg_attribute,0,0,75,92,0,0,0,0,0
1788881905.509495,1985512,public,sector,0,0,0,0,0,0,0,0,0
1788881905.509495,1985415,public,trade_type,0,0,0,0,0,0,0,0,0
1788881905.509495,2600,pg_catalog,pg_aggregate,0,0,1,1,0,0,0,0,0
1788881905.509495,2966,pg_toast,pg_toast_2964,0,0,0,0,0,0,0,0,0
1788881905.509495,1985451,public,exchange,0,0,0,0,0,0,0,0,0
1788881905.509495,2618,pg_catalog,pg_rewrite,0,0,1,1,0,0,0,0,0
1788881905.509495,4177,pg_toast,pg_toast_1262,0,0,0,0,0,0,0,0,0
1788881905.509495,13484,information_schema,sql_parts,0,0,,,0,0,0,0,0
1788881905.509495,4159,pg_toast,pg_toast_2600,0,0,0,0,0,0,0,0,0
1788881905.509495,4147,pg_toast,pg_toast_3079,0,0,0,0,0,0,0,0,0
1788881905.509495,13474,information_schema,sql_features,0,0,,,0,0,0,0,0
1788881905.509495,1985394,pg_toast,pg_toast_1985372,0,0,0,0,0,0,0,0,0
1788881905.509495,1247,pg_catalog,pg_type,0,0,19,19,0,0,0,0,0
1788881905.509495,2602,pg_catalog,pg_amop,0,0,12,25,0,0,0,0,0
1788881905.509495,3439,pg_toast,pg_toast_3381,0,0,0,0,0,0,0,0,0
1788881905.509495,2846,pg_toast,pg_toast_2396,0,0,0,0,0,0,0,0,0
1788881905.509495,1985555,public,zip_code,0,0,0,0,0,0,0,0,0
1788881905.509495,1985478,pg_toast,pg_toast_1985460,0,0,0,0,0,0,0,0,0
1788881905.509495,4145,pg_toast,pg_toast_3466,0,0,0,0,0,0,0,0,0
1788881905.509495,3541,pg_catalog,pg_range,0,0,0,0,0,0,0,0,0
1788881905.509495,3602,pg_catalog,pg_ts_config,0,0,0,0,0,0,0,0,0
1788881905.509495,1985333,pg_toast,pg_toast_1985325,0,0,0,0,0,0,0,0,0
1788881905.509495,4183,pg_toast,pg_toast_6100,0,0,0,0,0,0,0,0,0
1788881905.509495,1985496,public,news_item,0,0,0,0,0,0,0,0,0
1788881905.509495,2224,pg_catalog,pg_sequence,0,0,0,0,0,0,0,0,0
1788881905.509495,2611,pg_catalog,pg_inherits,0,0,0,0,0,0,0,0,0
1788881905.509495,1417,pg_catalog,pg_foreign_server,0,0,0,0,0,0,0,0,0
1788881905.509495,1262,pg_catalog,pg_database,0,0,0,0,0,0,0,0,0
1788881905.509495,13492,pg_toast,pg_toast_13489,0,0,0,0,0,0,0,0,0
1788881905.509495,3501,pg_catalog,pg_enum,0,0,0,0,0,0,0,0,0
1788881905.509495,2607,pg_catalog,pg_conversion,0,0,0,0,0,0,0,0,0
1788881905.509495,1985449,pg_toast,pg_toast_1985440,0,0,0,0,0,0,0,0,0
1788881905.509495,826,pg_catalog,pg_default_acl,0,0,0,0,0,0,0,0,0
1788881905.509495,2604,pg_catalog,pg_attrdef,0,0,0,0,0,0,0,0,0
1788881905.509495,2336,pg_toast,pg_toast_2620,0,0,0,0,0,0,0,0,0
1788881905.509495,2603,pg_catalog,pg_amproc,0,0,5,11,0,0,0,0,0
1788881905.509495,2606,pg_catalog,pg_constraint,0,0,3,8,0,0,0,0,0
1788881905.509495,1255,pg_catalog,pg_proc,0,0,19,24,0,0,0,0,0
1788881905.509495,4173,pg_toast,pg_toast_1418,0,0,0,0,0,0,0,0,0
1788881905.509495,1985285,public,customer_taxrate,0,0,0,0,0,0,0,0,0
1788881905.509495,2620,pg_catalog,pg_trigger,0,0,0,0,0,0,0,0,0
1788881905.509495,1985256,public,account_permission,0,0,0,0,0,0,0,0,0
1788881905.509495,1985507,public,news_xref,0,0,0,0,0,0,0,0,0
1788881905.509495,1985480,public,industry,0,0,0,0,0,0,0,0,0
1788881905.509495,2612,pg_catalog,pg_language,0,0,0,0,0,0,0,0,0
1788881905.509495,4149,pg_toast,pg_toast_2328,0,0,0,0,0,0,0,0,0
1788881905.509495,6351,pg_toast,pg_toast_2610,0,0,0,0,0,0,0,0,0
1788881905.509495,13489,information_schema,sql_sizing,0,0,,,0,0,0,0,0
1788881905.509495,1985494,pg_toast,pg_toast_1985486,0,0,0,0,0,0,0,0,0
1788881905.509495,3598,pg_toast,pg_toast_3596,0,0,0,0,0,0,0,0,0
1788881905.509495,2836,pg_toast,pg_toast_1255,0,0,0,0,0,0,0,0,0
1788881905.509495,3456,pg_catalog,pg_collation,0,0,0,0,0,0,0,0,0
1788881905.509495,3079,pg_catalog,pg_extension,0,0,0,0,0,0,0,0,0
1788881905.509495,6100,pg_catalog,pg_subscription,0,0,0,0,0,0,0,0,0
1788881905.509495,2832,pg_toast,pg_toast_2606,0,0,0,0,0,0,0,0,0
1788881905.509495,3256,pg_catalog,pg_policy,0,0,0,0,0,0,0,0,0
1788881905.509495,1985302,public,holding_history,0,0,0,0,0,0,0,0,0
1788881905.509495,1985517,public,security,0,0,0,0,0,0,0,0,0
1788881905.509495,3466,pg_catalog,pg_event_trigger,0,0,0,0,0,0,0,0,0
1788881905.509495,3592,pg_catalog,pg_shseclabel,0,0,0,0,0,0,0,0,0
1788881905.509495,3764,pg_catalog,pg_ts_template,0,0,0,0,0,0,0,0,0
1788881905.509495,6237,pg_catalog,pg_publication_namespace,0,0,0,0,0,0,0,0,0
1788881905.509495,13487,pg_toast,pg_toast_13484,0,0,0,0,0,0,0,0,0
1788881905.509495,2995,pg_catalog,pg_largeobject_metadata,0,0,0,0,0,0,0,0,0
1788881905.509495,1985275,public,customer_account,0,0,0,0,0,0,0,0,0
1788881905.509495,4143,pg_toast,pg_toast_826,0,0,0,0,0,0,0,0,0
1788881905.509495,4185,pg_toast,pg_toast_1213,0,0,0,0,0,0,0,0,0
1788881905.509495,6243,pg_catalog,pg_parameter_acl,0,0,0,0,0,0,0,0,0
1788881905.509495,2616,pg_catalog,pg_opclass,0,0,8,134,0,0,0,0,0
1788881905.509495,1985290,public,holding,0,0,0,0,0,0,0,0,0
1788881905.509495,2838,pg_toast,pg_toast_2618,0,0,1,3,0,0,0,0,0
1788881905.509495,6228,pg_toast,pg_toast_6106,0,0,0,0,0,0,0,0,0
1788881905.509495,1985349,pg_toast,pg_toast_1985343,0,0,0,0,0,0,0,0,0
1788881905.509495,1985434,public,company_competitor,0,0,0,0,0,0,0,0,0
1788881905.509495,1985370,pg_toast,pg_toast_1985363,0,0,0,0,0,0,0,0,0
1788881905.509495,1985505,pg_toast,pg_toast_1985496,0,0,0,0,0,0,0,0,0
1788881905.509495,1985264,public,customer,0,0,0,0,0,0,0,0,0
1788881905.509495,3118,pg_catalog,pg_foreign_table,0,0,0,0,0,0,0,0,0
1788881905.509495,1259,pg_catalog,pg_class,1,523,12,12,0,0,0,0,0
1788881905.509495,3350,pg_catalog,pg_partitioned_table,0,0,0,0,0,0,0,0,0
1788881905.509495,4153,pg_toast,pg_toast_3118,0,0,0,0,0,0,0,0,0
1788881905.509495,4060,pg_toast,pg_toast_3592,0,0,0,0,0,0,0,0,0
1788881905.509495,1985543,public,status_type,0,0,0,0,0,0,0,0,0
1788881905.509495,4165,pg_toast,pg_toast_3350,0,0,0,0,0,0,0,0,0
1788881905.509495,1985402,public,trade_request,0,0,0,0,0,0,0,0,0
1788881905.509495,2753,pg_catalog,pg_opfamily,0,0,2,2,0,0,0,0,0
1788881905.509495,3601,pg_catalog,pg_ts_parser,0,0,0,0,0,0,0,0,0
1788881905.509495,6104,pg_catalog,pg_publication,0,0,0,0,0,0,0,0,0
1788881905.509495,13477,pg_toast,pg_toast_13474,0,0,0,0,0,0,0,0,0
1788881905.509495,3429,pg_catalog,pg_statistic_ext_data,0,0,0,0,0,0,0,0,0
1788881905.509495,2619,pg_catalog,pg_statistic,0,0,17,8,0,0,0,0,0
1788881905.509495,4155,pg_toast,pg_toast_3394,0,0,0,0,0,0,0,0,0
1788881905.509495,1985548,public,taxrate,0,0,0,0,0,0,0,0,0
1788881905.509495,3381,pg_catalog,pg_statistic_ext,0,0,3,0,0,0,0,0,0
1788881905.509495,6106,pg_catalog,pg_publication_rel,0,0,0,0,0,0,0,0,0
1788881905.509495,1985372,public,trade,0,0,0,0,0,0,0,0,0
1788881905.509495,2605,pg_catalog,pg_cast,0,0,34,7,0,0,0,0,0
1788881905.509495,4171,pg_toast,pg_toast_1247,0,0,0,0,0,0,0,0,0
1788881905.509495,2830,pg_toast,pg_toast_2604,0,0,0,0,0,0,0,0,0
1788881905.509495,1985309,public,holding_summary,0,0,0,0,0,0,0,0,0
1788881905.509495,1985413,pg_toast,pg_toast_1985402,0,0,0,0,0,0,0,0,0
1788881905.509495,13479,information_schema,sql_implementation_info,0,0,,,0,0,0,0,0
1788881905.509495,1985341,pg_toast,pg_toast_1985335,0,0,0,0,0,0,0,0,0
1788881905.509495,6244,pg_toast,pg_toast_6243,0,0,0,0,0,0,0,0,0
1788881905.509495,1985315,public,watch_item,0,0,0,0,0,0,0,0,0
1788881905.509495,3430,pg_toast,pg_toast_3429,0,0,0,0,0,0,0,0,0
1788881905.509495,1985320,public,watch_list,0,0,0,0,0,0,0,0,0
1788881965.606805,1985536,pg_toast,pg_toast_1985517,0,0,0,0,0,0,0,0,0
1788881965.606805,3576,pg_catalog,pg_transform,0,0,0,0,0,0,0,0,0
1788881965.606805,2601,pg_catalog,pg_am,0,0,0,0,0,0,0,0,0
1788881965.606805,1985363,public,settlement,0,0,0,0,0,0,0,0,0
1788881965.606805,3394,pg_catalog,pg_init_privs,0,0,0,0,0,0,0,0,0
1788881965.606805,4167,pg_toast,pg_toast_3256,0,0,0,0,0,0,0,0,0
1788881965.606805,4151,pg_toast,pg_toast_1417,0,0,0,0,0,0,0,0,0
1788881965.606805,2834,pg_toast,pg_toast_2609,0,0,0,0,0,0,0,0,0
1788881965.606805,6000,pg_catalog,pg_replication_origin,0,0,0,0,0,0,0,0,0
1788881965.606805,2840,pg_toast,pg_toast_2619,0,0,0,0,0,0,0,0,0
1788881965.606805,1985486,public,last_trade,0,0,0,0,0,0,0,0,0
1788881965.606805,2328,pg_catalog,pg_foreign_data_wrapper,0,0,0,0,0,0,0,0,0
1788881965.606805,4157,pg_toast,pg_toast_2612,0,0,0,0,0,0,0,0,0
1788881965.606805,1260,pg_catalog,pg_authid,0,0,0,0,0,0,0,0,0
1788881965.606805,6102,pg_catalog,pg_subscription_rel,0,0,0,0,0,0,0,0,0
1788881965.606805,1214,pg_catalog,pg_shdepend,0,0,0,0,0,0,0,0,0
1788881965.606805,4163,pg_toast,pg_toast_2615,0,0,0,0,0,0,0,0,0
1788881965.606805,1985343,public,charge,0,0,0,0,0,0,0,0,0
1788881965.606805,1985440,public,daily_market,0,0,0,0,0,0,0,0,0
1788881965.606805,1985422,public,company,0,0,0,0,0,0,0,0,0
1788881965.606805,4169,pg_toast,pg_toast_3600,0,0,0,0,0,0,0,0,0
1788881965.606805,2615,pg_catalog,pg_namespace,1,4,5,2,0,0,0,0,0
1788881965.606805,2396,pg_catalog,pg_shdescription,0,0,0,0,0,0,0,0,0
1788881965.606805,3600,pg_catalog,pg_ts_dict,0,0,0,0,0,0,0,0,0
1788881965.606805,1985325,public,broker,0,0,0,0,0,0,0,0,0
1788881965.606805,3596,pg_catalog,pg_seclabel,0,0,0,0,0,0,0,0,0
1788881965.606805,1985460,public,financial,0,0,0,0,0,0,0,0,0
1788881965.606805,2609,pg_catalog,pg_description,0,0,0,0,0,0,0,0,0
1788881965.606805,1985351,public,commission_rate,0,0,0,0,0,0,0,0,0
1788881965.606805,13482,pg_toast,pg_toast_13479,0,0,0,0,0,0,0,0,0
1788881965.606805,1985396,public,trade_history,0,0,0,0,0,0,0,0,0
1788881965.606805,3603,pg_catalog,pg_ts_config_map,0,0,0,0,0,0,0,0,0
1788881965.606805,1213,pg_catalog,pg_tablespace,0,0,1,1,0,0,0,0,0
1788881965.606805,2608,pg_catalog,pg_depend,0,0,0,0,0,0,0,0,0
1788881965.606805,2964,pg_catalog,pg_db_role_setting,0,0,0,0,0,0,0,0,0
1788881965.606805,1985283,pg_toast,pg_toast_1985275,0,0,0,0,0,0,0,0,0
1788881965.606805,1418,pg_catalog,pg_user_mapping,0,0,0,0,0,0,0,0,0
1788881965.606805,2613,pg_catalog,pg_largeobject,0,0,0,0,0,0,0,0,0
1788881965.606805,6175,pg_toast,pg_toast_3456,0,0,0,0,0,0,0,0,0
1788881965.606805,1261,pg_catalog,pg_auth_members,0,0,0,0,0,0,0,0,0
1788881965.606805,1985335,public,cash_transaction,0,0,0,0,0,0,0,0,0
1788881965.606805,2617,pg_catalog,pg_operator,0,0,5,5,0,0,0,0,0
1788881965.606805,1985300,pg_toast,pg_toast_1985290,0,0,0,0,0,0,0,0,0
1788881965.606805,1985538,public,address,0,0,0,0,0,0,0,0,0
1788881965.606805,2610,pg_catalog,pg_index,1,221,11,14,0,0,0,0,0
1788881965.606805,1249,pg_catalog,pg_attribute,0,0,75,92,0,0,0,0,0
1788881965.606805,1985512,public,sector,0,0,0,0,0,0,0,0,0
1788881965.606805,1985415,public,trade_type,0,0,0,0,0,0,0,0,0
1788881965.606805,2600,pg_catalog,pg_aggregate,0,0,1,1,0,0,0,0,0
1788881965.606805,2966,pg_toast,pg_toast_2964,0,0,0,0,0,0,0,0,0
1788881965.606805,1985451,public,exchange,0,0,0,0,0,0,0,0,0
1788881965.606805,2618,pg_catalog,pg_rewrite,0,0,1,1,0,0,0,0,0
1788881965.606805,4177,pg_toast,pg_toast_1262,0,0,0,0,0,0,0,0,0
1788881965.606805,13484,information_schema,sql_parts,0,0,,,0,0,0,0,0
1788881965.606805,4159,pg_toast,pg_toast_2600,0,0,0,0,0,0,0,0,0
1788881965.606805,4147,pg_toast,pg_toast_3079,0,0,0,0,0,0,0,0,0
1788881965.606805,13474,information_schema,sql_features,0,0,,,0,0,0,0,0
1788881965.606805,1985394,pg_toast,pg_toast_1985372,0,0,0,0,0,0,0,0,0
1788881965.606805,1247,pg_catalog,pg_type,0,0,19,19,0,0,0,0,0
1788881965.606805,2602,pg_catalog,pg_amop,0,0,12,25,0,0,0,0,0
1788881965.606805,3439,pg_toast,pg_toast_3381,0,0,0,0,0,0,0,0,0
1788881965.606805,2846,pg_toast,pg_toast_2396,0,0,0,0,0,0,0,0,0
1788881965.606805,1985555,public,zip_code,0,0,0,0,0,0,0,0,0
1788881965.606805,1985478,pg_toast,pg_toast_1985460,0,0,0,0,0,0,0,0,0
1788881965.606805,4145,pg_toast,pg_toast_3466,0,0,0,0,0,0,0,0,0
1788881965.606805,3541,pg_catalog,pg_range,0,0,0,0,0,0,0,0,0
1788881965.606805,3602,pg_catalog,pg_ts_config,0,0,0,0,0,0,0,0,0
1788881965.606805,1985333,pg_toast,pg_toast_1985325,0,0,0,0,0,0,0,0,0
1788881965.606805,4183,pg_toast,pg_toast_6100,0,0,0,0,0,0,0,0,0
1788881965.606805,1985496,public,news_item,0,0,0,0,0,0,0,0,0
1788881965.606805,2224,pg_catalog,pg_sequence,0,0,0,0,0,0,0,0,0
1788881965.606805,2611,pg_catalog,pg_inherits,0,0,0,0,0,0,0,0,0
1788881965.606805,1417,pg_catalog,pg_foreign_server,0,0,0,0,0,0,0,0,0
1788881965.606805,1262,pg_catalog,pg_database,0,0,0,0,0,0,0,0,0
1788881965.606805,13492,pg_toast,pg_toast_13489,0,0,0,0,0,0,0,0,0
1788881965.606805,3501,pg_catalog,pg_enum,0,0,0,0,0,0,0,0,0
1788881965.606805,2607,pg_catalog,pg_conversion,0,0,0,0,0,0,0,0,0
1788881965.606805,1985449,pg_toast,pg_toast_1985440,0,0,0,0,0,0,0,0,0
1788881965.606805,826,pg_catalog,pg_default_acl,0,0,0,0,0,0,0,0,0
1788881965.606805,2604,pg_catalog,pg_attrdef,0,0,0,0,0,0,0,0,0
1788881965.606805,2336,pg_toast,pg_toast_2620,0,0,0,0,0,0,0,0,0
1788881965.606805,2603,pg_catalog,pg_amproc,0,0,5,11,0,0,0,0,0
1788881965.606805,2606,pg_catalog,pg_constraint,0,0,3,8,0,0,0,0,0
1788881965.606805,1255,pg_catalog,pg_proc,0,0,19,24,0,0,0,0,0
1788881965.606805,4173,pg_toast,pg_toast_1418,0,0,0,0,0,0,0,0,0
1788881965.606805,1985285,public,customer_taxrate,0,0,0,0,0,0,0,0,0
1788881965.606805,2620,pg_catalog,pg_trigger,0,0,0,0,0,0,0,0,0
1788881965.606805,1985256,public,account_permission,0,0,0,0,0,0,0,0,0
1788881965.606805,1985507,public,news_xref,0,0,0,0,0,0,0,0,0
1788881965.606805,1985480,public,industry,0,0,0,0,0,0,0,0,0
1788881965.606805,2612,pg_catalog,pg_language,0,0,0,0,0,0,0,0,0
1788881965.606805,4149,pg_toast,pg_toast_2328,0,0,0,0,0,0,0,0,0
1788881965.606805,6351,pg_toast,pg_toast_2610,0,0,0,0,0,0,0,0,0
1788881965.606805,13489,information_schema,sql_sizing,0,0,,,0,0,0,0,0
1788881965.606805,1985494,pg_toast,pg_toast_1985486,0,0,0,0,0,0,0,0,0
1788881965.606805,3598,pg_toast,pg_toast_3596,0,0,0,0,0,0,0,0,0
1788881965.606805,2836,pg_toast,pg_toast_1255,0,0,0,0,0,0,0,0,0
1788881965.606805,3456,pg_catalog,pg_collation,0,0,0,0,0,0,0,0,0
1788881965.606805,3079,pg_catalog,pg_extension,0,0,0,0,0,0,0,0,0
1788881965.606805,6100,pg_catalog,pg_subscription,0,0,0,0,0,0,0,0,0
1788881965.606805,2832,pg_toast,pg_toast_2606,0,0,0,0,0,0,0,0,0
1788881965.606805,3256,pg_catalog,pg_policy,0,0,0,0,0,0,0,0,0
1788881965.606805,1985302,public,holding_history,0,0,0,0,0,0,0,0,0
1788881965.606805,1985517,public,security,0,0,0,0,0,0,0,0,0
1788881965.606805,3466,pg_catalog,pg_event_trigger,0,0,0,0,0,0,0,0,0
1788881965.606805,3592,pg_catalog,pg_shseclabel,0,0,0,0,0,0,0,0,0
1788881965.606805,3764,pg_catalog,pg_ts_template,0,0,0,0,0,0,0,0,0
1788881965.606805,6237,pg_catalog,pg_publication_namespace,0,0,0,0,0,0,0,0,0
1788881965.606805,13487,pg_toast,pg_toast_13484,0,0,0,0,0,0,0,0,0
1788881965.606805,2995,pg_catalog,pg_largeobject_metadata,0,0,0,0,0,0,0,0,0
1788881965.606805,1985275,public,customer_account,0,0,0,0,0,0,0,0,0
1788881965.606805,4143,pg_toast,pg_toast_826,0,0,0,0,0,0,0,0,0
1788881965.606805,4185,pg_toast,pg_toast_1213,0,0,0,0,0,0,0,0,0
1788881965.606805,6243,pg_catalog,pg_parameter_acl,0,0,0,0,0,0,0,0,0
1788881965.606805,2616,pg_catalog,pg_opclass,0,0,8,134,0,0,0,0,0
1788881965.606805,1985290,public,holding,0,0,0,0,0,0,0,0,0
1788881965.606805,2838,pg_toast,pg_toast_2618,0,0,1,3,0,0,0,0,0
1788881965.606805,6228,pg_toast,pg_toast_6106,0,0,0,0,0,0,0,0,0
1788881965.606805,1985349,pg_toast,pg_toast_1985343,0,0,0,0,0,0,0,0,0
1788881965.606805,1985434,public,company_competitor,0,0,0,0,0,0,0,0,0
1788881965.606805,1985370,pg_toast,pg_toast_1985363,0,0,0,0,0,0,0,0,0
1788881965.606805,1985505,pg_toast,pg_toast_1985496,0,0,0,0,0,0,0,0,0
1788881965.606805,1985264,public,customer,0,0,0,0,0,0,0,0,0
1788881965.606805,3118,pg_catalog,pg_foreign_table,0,0,0,0,0,0,0,0,0
1788881965.606805,1259,pg_catalog,pg_class,1,523,12,12,0,0,0,0,0
1788881965.606805,3350,pg_catalog,pg_partitioned_table,0,0,0,0,0,0,0,0,0
1788881965.606805,4153,pg_toast,pg_toast_3118,0,0,0,0,0,0,0,0,0
1788881965.606805,4060,pg_toast,pg_toast_3592,0,0,0,0,0,0,0,0,0
1788881965.606805,1985543,public,status_type,0,0,0,0,0,0,0,0,0
1788881965.606805,4165,pg_toast,pg_toast_3350,0,0,0,0,0,0,0,0,0
1788881965.606805,1985402,public,trade_request,0,0,0,0,0,0,0,0,0
1788881965.606805,2753,pg_catalog,pg_opfamily,0,0,2,2,0,0,0,0,0
1788881965.606805,3601,pg_catalog,pg_ts_parser,0,0,0,0,0,0,0,0,0
1788881965.606805,6104,pg_catalog,pg_publication,0,0,0,0,0,0,0,0,0
1788881965.606805,13477,pg_toast,pg_toast_13474,0,0,0,0,0,0,0,0,0
1788881965.606805,3429,pg_catalog,pg_statistic_ext_data,0,0,0,0,0,0,0,0,0
1788881965.606805,2619,pg_catalog,pg_statistic,0,0,17,8,0,0,0,0,0
1788881965.606805,4155,pg_toast,pg_toast_3394,0,0,0,0,0,0,0,0,0
1788881965.606805,1985548,public,taxrate,0,0,0,0,0,0,0,0,0
1788881965.606805,3381,pg_catalog,pg_statistic_ext,0,0,3,0,0,0,0,0,0
1788881965.606805,6106,pg_catalog,pg_publication_rel,0,0,0,0,0,0,0,0,0
1788881965.606805,1985372,public,trade,0,0,0,0,0,0,0,0,0
1788881965.606805,2605,pg_catalog,pg_cast,0,0,34,7,0,0,0,0,0
1788881965.606805,4171,pg_toast,pg_toast_1247,0,0,0,0,0,0,0,0,0
1788881965.606805,2830,pg_toast,pg_toast_2604,0,0,0,0,0,0,0,0,0
1788881965.606805,1985309,public,holding_summary,0,0,0,0,0,0,0,0,0
1788881965.606805,1985413,pg_toast,pg_toast_1985402,0,0,0,0,0,0,0,0,0
1788881965.606805,13479,information_schema,sql_implementation_info,0,0,,,0,0,0,0,0
1788881965.606805,1985341,pg_toast,pg_toast_1985335,0,0,0,0,0,0,0,0,0
1788881965.606805,6244,pg_toast,pg_toast_6243,0,0,0,0,0,0,0,0,0
1788881965.606805,1985315,public,watch_item,0,0,0,0,0,0,0,0,0
1788881965.606805,3430,pg_toast,pg_toast_3429,0,0,0,0,0,0,0,0,0
1788881965.606805,1985320,public,watch_list,0,0,0,0,0,0,0,0,0
1788882025.702329,1985536,pg_toast,pg_toast_1985517,0,0,0,0,0,0,0,0,0
1788882025.702329,3576,pg_catalog,pg_transform,0,0,0,0,0,0,0,0,0
1788882025.702329,2601,pg_catalog,pg_am,0,0,0,0,0,0,0,0,0
1788882025.702329,1985363,public,settlement,0,0,0,0,0,0,0,0,0
1788882025.702329,3394,pg_catalog,pg_init_privs,0,0,0,0,0,0,0,0,0
1788882025.702329,4167,pg_toast,pg_toast_3256,0,0,0,0,0,0,0,0,0
1788882025.702329,4151,pg_toast,pg_toast_1417,0,0,0,0,0,0,0,0,0
1788882025.702329,2834,pg_toast,pg_toast_2609,0,0,0,0,0,0,0,0,0
1788882025.702329,6000,pg_catalog,pg_replication_origin,0,0,0,0,0,0,0,0,0
1788882025.702329,2840,pg_toast,pg_toast_2619,0,0,0,0,0,0,0,0,0
1788882025.702329,1985486,public,last_trade,0,0,0,0,0,0,0,0,0
1788882025.702329,2328,pg_catalog,pg_foreign_data_wrapper,0,0,0,0,0,0,0,0,0
1788882025.702329,4157,pg_toast,pg_toast_2612,0,0,0,0,0,0,0,0,0
1788882025.702329,1260,pg_catalog,pg_authid,0,0,0,0,0,0,0,0,0
1788882025.702329,6102,pg_catalog,pg_subscription_rel,0,0,0,0,0,0,0,0,0
1788882025.702329,1214,pg_catalog,pg_shdepend,0,0,0,0,0,0,0,0,0
1788882025.702329,4163,pg_toast,pg_toast_2615,0,0,0,0,0,0,0,0,0
1788882025.702329,1985343,public,charge,0,0,0,0,0,0,0,0,0
1788882025.702329,1985440,public,daily_market,0,0,0,0,0,0,0,0,0
1788882025.702329,1985422,public,company,0,0,0,0,0,0,0,0,0
1788882025.702329,4169,pg_toast,pg_toast_3600,0,0,0,0,0,0,0,0,0
1788882025.702329,2615,pg_catalog,pg_namespace,1,4,5,2,0,0,0,0,0
1788882025.702329,2396,pg_catalog,pg_shdescription,0,0,0,0,0,0,0,0,0
1788882025.702329,3600,pg_catalog,pg_ts_dict,0,0,0,0,0,0,0,0,0
1788882025.702329,1985325,public,broker,0,0,0,0,0,0,0,0,0
1788882025.702329,3596,pg_catalog,pg_seclabel,0,0,0,0,0,0,0,0,0
1788882025.702329,1985460,public,financial,0,0,0,0,0,0,0,0,0
1788882025.702329,2609,pg_catalog,pg_description,0,0,0,0,0,0,0,0,0
1788882025.702329,1985351,public,commission_rate,0,0,0,0,0,0,0,0,0
1788882025.702329,13482,pg_toast,pg_toast_13479,0,0,0,0,0,0,0,0,0
1788882025.702329,1985396,public,trade_history,0,0,0,0,0,0,0,0,0
1788882025.702329,3603,pg_catalog,pg_ts_config_map,0,0,0,0,0,0,0,0,0
1788882025.702329,1213,pg_catalog,pg_tablespace,0,0,1,1,0,0,0,0,0
1788882025.702329,2608,pg_catalog,pg_depend,0,0,0,0,0,0,0,0,0
1788882025.702329,2964,pg_catalog,pg_db_role_setting,0,0,0,0,0,0,0,0,0
1788882025.702329,1985283,pg_toast,pg_toast_1985275,0,0,0,0,0,0,0,0,0
1788882025.702329,1418,pg_catalog,pg_user_mapping,0,0,0,0,0,0,0,0,0
1788882025.702329,2613,pg_catalog,pg_largeobject,0,0,0,0,0,0,0,0,0
1788882025.702329,6175,pg_toast,pg_toast_3456,0,0,0,0,0,0,0,0,0
1788882025.702329,1261,pg_catalog,pg_auth_members,0,0,0,0,0,0,0,0,0
1788882025.702329,1985335,public,cash_transaction,0,0,0,0,0,0,0,0,0
1788882025.702329,2617,pg_catalog,pg_operator,0,0,5,5,0,0,0,0,0
1788882025.702329,1985300,pg_toast,pg_toast_1985290,0,0,0,0,0,0,0,0,0
1788882025.702329,1985538,public,address,0,0,0,0,0,0,0,0,0
1788882025.702329,2610,pg_catalog,pg_index,1,221,11,14,0,0,0,0,0
1788882025.702329,1249,pg_catalog,pg_attribute,0,0,75,92,0,0,0,0,0
1788882025.702329,1985512,public,sector,0,0,0,0,0,0,0,0,0
1788882025.702329,1985415,public,trade_type,0,0,0,0,0,0,0,0,0
1788882025.702329,2600,pg_catalog,pg_aggregate,0,0,1,1,0,0,0,0,0
1788882025.702329,2966,pg_toast,pg_toast_2964,0,0,0,0,0,0,0,0,0
1788882025.702329,1985451,public,exchange,0,0,0,0,0,0,0,0,0
1788882025.702329,2618,pg_catalog,pg_rewrite,0,0,1,1,0,0,0,0,0
1788882025.702329,4177,pg_toast,pg_toast_1262,0,0,0,0,0,0,0,0,0
1788882025.702329,13484,information_schema,sql_parts,0,0,,,0,0,0,0,0
1788882025.702329,4159,pg_toast,pg_toast_2600,0,0,0,0,0,0,0,0,0
1788882025.702329,4147,pg_toast,pg_toast_3079,0,0,0,0,0,0,0,0,0
1788882025.702329,13474,information_schema,sql_features,0,0,,,0,0,0,0,0
1788882025.702329,1985394,pg_toast,pg_toast_1985372,0,0,0,0,0,0,0,0,0
1788882025.702329,1247,pg_catalog,pg_type,0,0,19,19,0,0,0,0,0
1788882025.702329,2602,pg_catalog,pg_amop,0,0,12,25,0,0,0,0,0
1788882025.702329,3439,pg_toast,pg_toast_3381,0,0,0,0,0,0,0,0,0
1788882025.702329,2846,pg_toast,pg_toast_2396,0,0,0,0,0,0,0,0,0
1788882025.702329,1985555,public,zip_code,0,0,0,0,0,0,0,0,0
1788882025.702329,1985478,pg_toast,pg_toast_1985460,0,0,0,0,0,0,0,0,0
1788882025.702329,4145,pg_toast,pg_toast_3466,0,0,0,0,0,0,0,0,0
1788882025.702329,3541,pg_catalog,pg_range,0,0,0,0,0,0,0,0,0
1788882025.702329,3602,pg_catalog,pg_ts_config,0,0,0,0,0,0,0,0,0
1788882025.702329,1985333,pg_toast,pg_toast_1985325,0,0,0,0,0,0,0,0,0
1788882025.702329,4183,pg_toast,pg_toast_6100,0,0,0,0,0,0,0,0,0
1788882025.702329,1985496,public,news_item,0,0,0,0,0,0,0,0,0
1788882025.702329,2224,pg_catalog,pg_sequence,0,0,0,0,0,0,0,0,0
1788882025.702329,2611,pg_catalog,pg_inherits,0,0,0,0,0,0,0,0,0
1788882025.702329,1417,pg_catalog,pg_foreign_server,0,0,0,0,0,0,0,0,0
1788882025.702329,1262,pg_catalog,pg_database,0,0,0,0,0,0,0,0,0
1788882025.702329,13492,pg_toast,pg_toast_13489,0,0,0,0,0,0,0,0,0
1788882025.702329,3501,pg_catalog,pg_enum,0,0,0,0,0,0,0,0,0
1788882025.702329,2607,pg_catalog,pg_conversion,0,0,0,0,0,0,0,0,0
1788882025.702329,1985449,pg_toast,pg_toast_1985440,0,0,0,0,0,0,0,0,0
1788882025.702329,826,pg_catalog,pg_default_acl,0,0,0,0,0,0,0,0,0
1788882025.702329,2604,pg_catalog,pg_attrdef,0,0,0,0,0,0,0,0,0
1788882025.702329,2336,pg_toast,pg_toast_2620,0,0,0,0,0,0,0,0,0
1788882025.702329,2603,pg_catalog,pg_amproc,0,0,5,11,0,0,0,0,0
1788882025.702329,2606,pg_catalog,pg_constraint,0,0,3,8,0,0,0,0,0
1788882025.702329,1255,pg_catalog,pg_proc,0,0,19,24,0,0,0,0,0
1788882025.702329,4173,pg_toast,pg_toast_1418,0,0,0,0,0,0,0,0,0
1788882025.702329,1985285,public,customer_taxrate,0,0,0,0,0,0,0,0,0
1788882025.702329,2620,pg_catalog,pg_trigger,0,0,0,0,0,0,0,0,0
1788882025.702329,1985256,public,account_permission,0,0,0,0,0,0,0,0,0
1788882025.702329,1985507,public,news_xref,0,0,0,0,0,0,0,0,0
1788882025.702329,1985480,public,industry,0,0,0,0,0,0,0,0,0
1788882025.702329,2612,pg_catalog,pg_language,0,0,0,0,0,0,0,0,0
1788882025.702329,4149,pg_toast,pg_toast_2328,0,0,0,0,0,0,0,0,0
1788882025.702329,6351,pg_toast,pg_toast_2610,0,0,0,0,0,0,0,0,0
1788882025.702329,13489,information_schema,sql_sizing,0,0,,,0,0,0,0,0
1788882025.702329,1985494,pg_toast,pg_toast_1985486,0,0,0,0,0,0,0,0,0
1788882025.702329,3598,pg_toast,pg_toast_3596,0,0,0,0,0,0,0,0,0
1788882025.702329,2836,pg_toast,pg_toast_1255,0,0,0,0,0,0,0,0,0
1788882025.702329,3456,pg_catalog,pg_collation,0,0,0,0,0,0,0,0,0
1788882025.702329,3079,pg_catalog,pg_extension,0,0,0,0,0,0,0,0,0
1788882025.702329,6100,pg_catalog,pg_subscription,0,0,0,0,0,0,0,0,0
1788882025.702329,2832,pg_toast,pg_toast_2606,0,0,0,0,0,0,0,0,0
1788882025.702329,3256,pg_catalog,pg_policy,0,0,0,0,0,0,0,0,0
1788882025.702329,1985302,public,holding_history,0,0,0,0,0,0,0,0,0
1788882025.702329,1985517,public,security,0,0,0,0,0,0,0,0,0
1788882025.702329,3466,pg_catalog,pg_event_trigger,0,0,0,0,0,0,0,0,0
1788882025.702329,3592,pg_catalog,pg_shseclabel,0,0,0,0,0,0,0,0,0
1788882025.702329,3764,pg_catalog,pg_ts_template,0,0,0,0,0,0,0,0,0
1788882025.702329,6237,pg_catalog,pg_publication_namespace,0,0,0,0,0,0,0,0,0
1788882025.702329,13487,pg_toast,pg_toast_13484,0,0,0,0,0,0,0,0,0
1788882025.702329,2995,pg_catalog,pg_largeobject_metadata,0,0,0,0,0,0,0,0,0
1788882025.702329,1985275,public,customer_account,0,0,0,0,0,0,0,0,0
1788882025.702329,4143,pg_toast,pg_toast_826,0,0,0,0,0,0,0,0,0
1788882025.702329,4185,pg_toast,pg_toast_1213,0,0,0,0,0,0,0,0,0
1788882025.702329,6243,pg_catalog,pg_parameter_acl,0,0,0,0,0,0,0,0,0
1788882025.702329,2616,pg_catalog,pg_opclass,0,0,8,134,0,0,0,0,0
1788882025.702329,1985290,public,holding,0,0,0,0,0,0,0,0,0
1788882025.702329,2838,pg_toast,pg_toast_2618,0,0,1,3,0,0,0,0,0
1788882025.702329,6228,pg_toast,pg_toast_6106,0,0,0,0,0,0,0,0,0
1788882025.702329,1985349,pg_toast,pg_toast_1985343,0,0,0,0,0,0,0,0,0
1788882025.702329,1985434,public,company_competitor,0,0,0,0,0,0,0,0,0
1788882025.702329,1985370,pg_toast,pg_toast_1985363,0,0,0,0,0,0,0,0,0
1788882025.702329,1985505,pg_toast,pg_toast_1985496,0,0,0,0,0,0,0,0,0
1788882025.702329,1985264,public,customer,0,0,0,0,0,0,0,0,0
1788882025.702329,3118,pg_catalog,pg_foreign_table,0,0,0,0,0,0,0,0,0
1788882025.702329,1259,pg_catalog,pg_class,1,523,12,12,0,0,0,0,0
1788882025.702329,3350,pg_catalog,pg_partitioned_table,0,0,0,0,0,0,0,0,0
1788882025.702329,4153,pg_toast,pg_toast_3118,0,0,0,0,0,0,0,0,0
1788882025.702329,4060,pg_toast,pg_toast_3592,0,0,0,0,0,0,0,0,0
1788882025.702329,1985543,public,status_type,0,0,0,0,0,0,0,0,0
1788882025.702329,4165,pg_toast,pg_toast_3350,0,0,0,0,0,0,0,0,0
1788882025.702329,1985402,public,trade_request,0,0,0,0,0,0,0,0,0
1788882025.702329,2753,pg_catalog,pg_opfamily,0,0,2,2,0,0,0,0,0
1788882025.702329,3601,pg_catalog,pg_ts_parser,0,0,0,0,0,0,0,0,0
1788882025.702329,6104,pg_catalog,pg_publication,0,0,0,0,0,0,0,0,0
1788882025.702329,13477,pg_toast,pg_toast_13474,0,0,0,0,0,0,0,0,0
1788882025.702329,3429,pg_catalog,pg_statistic_ext_data,0,0,0,0,0,0,0,0,0
1788882025.702329,2619,pg_catalog,pg_statistic,0,0,17,8,0,0,0,0,0
1788882025.702329,4155,pg_toast,pg_toast_3394,0,0,0,0,0,0,0,0,0
1788882025.702329,1985548,public,taxrate,0,0,0,0,0,0,0,0,0
1788882025.702329,3381,pg_catalog,pg_statistic_ext,0,0,3,0,0,0,0,0,0
1788882025.702329,6106,pg_catalog,pg_publication_rel,0,0,0,0,0,0,0,0,0
1788882025.702329,1985372,public,trade,0,0,0,0,0,0,0,0,0
1788882025.702329,2605,pg_catalog,pg_cast,0,0,34,7,0,0,0,0,0
1788882025.702329,4171,pg_toast,pg_toast_1247,0,0,0,0,0,0,0,0,0
1788882025.702329,2830,pg_toast,pg_toast_2604,0,0,0,0,0,0,0,0,0
1788882025.702329,1985309,public,holding_summary,0,0,0,0,0,0,0,0,0
1788882025.702329,1985413,pg_toast,pg_toast_1985402,0,0,0,0,0,0,0,0,0
1788882025.702329,13479,information_schema,sql_implementation_info,0,0,,,0,0,0,0,0
1788882025.702329,1985341,pg_toast,pg_toast_1985335,0,0,0,0,0,0,0,0,0
1788882025.702329,6244,pg_toast,pg_toast_6243,0,0,0,0,0,0,0,0,0
1788882025.702329,1985315,public,watch_item,0,0,0,0,0,0,0,0,0
1788882025.702329,3430,pg_toast,pg_toast_3429,0,0,0,0,0,0,0,0,0
1788882025.702329,1985320,public,watch_list,0,0,0,0,0,0,0,0,0
1788882085.801212,1985536,pg_toast,pg_toast_1985517,0,0,0,0,0,0,0,0,0
1788882085.801212,3576,pg_catalog,pg_transform,0,0,0,0,0,0,0,0,0
1788882085.801212,2601,pg_catalog,pg_am,0,0,0,0,0,0,0,0,0
1788882085.801212,1985363,public,settlement,0,0,0,0,0,0,0,0,0
1788882085.801212,3394,pg_catalog,pg_init_privs,0,0,0,0,0,0,0,0,0
1788882085.801212,4167,pg_toast,pg_toast_3256,0,0,0,0,0,0,0,0,0
1788882085.801212,4151,pg_toast,pg_toast_1417,0,0,0,0,0,0,0,0,0
1788882085.801212,2834,pg_toast,pg_toast_2609,0,0,0,0,0,0,0,0,0
1788882085.801212,6000,pg_catalog,pg_replication_origin,0,0,0,0,0,0,0,0,0
1788882085.801212,2840,pg_toast,pg_toast_2619,0,0,0,0,0,0,0,0,0
1788882085.801212,1985486,public,last_trade,0,0,0,0,0,0,0,0,0
1788882085.801212,2328,pg_catalog,pg_foreign_data_wrapper,0,0,0,0,0,0,0,0,0
1788882085.801212,4157,pg_toast,pg_toast_2612,0,0,0,0,0,0,0,0,0
1788882085.801212,1260,pg_catalog,pg_authid,0,0,0,0,0,0,0,0,0
1788882085.801212,6102,pg_catalog,pg_subscription_rel,0,0,0,0,0,0,0,0,0
1788882085.801212,1214,pg_catalog,pg_shdepend,0,0,0,0,0,0,0,0,0
1788882085.801212,4163,pg_toast,pg_toast_2615,0,0,0,0,0,0,0,0,0
1788882085.801212,1985343,public,charge,0,0,0,0,0,0,0,0,0
1788882085.801212,1985440,public,daily_market,0,0,0,0,0,0,0,0,0
1788882085.801212,1985422,public,company,0,0,0,0,0,0,0,0,0
1788882085.801212,4169,pg_toast,pg_toast_3600,0,0,0,0,0,0,0,0,0
1788882085.801212,2615,pg_catalog,pg_namespace,1,4,5,2,0,0,0,0,0
1788882085.801212,2396,pg_catalog,pg_shdescription,0,0,0,0,0,0,0,0,0
1788882085.801212,3600,pg_catalog,pg_ts_dict,0,0,0,0,0,0,0,0,0
1788882085.801212,1985325,public,broker,0,0,0,0,0,0,0,0,0
1788882085.801212,3596,pg_catalog,pg_seclabel,0,0,0,0,0,0,0,0,0
1788882085.801212,1985460,public,financial,0,0,0,0,0,0,0,0,0
1788882085.801212,2609,pg_catalog,pg_description,0,0,0,0,0,0,0,0,0
1788882085.801212,1985351,public,commission_rate,0,0,0,0,0,0,0,0,0
1788882085.801212,13482,pg_toast,pg_toast_13479,0,0,0,0,0,0,0,0,0
1788882085.801212,1985396,public,trade_history,0,0,0,0,0,0,0,0,0
1788882085.801212,3603,pg_catalog,pg_ts_config_map,0,0,0,0,0,0,0,0,0
1788882085.801212,1213,pg_catalog,pg_tablespace,0,0,1,1,0,0,0,0,0
1788882085.801212,2608,pg_catalog,pg_depend,0,0,0,0,0,0,0,0,0
1788882085.801212,2964,pg_catalog,pg_db_role_setting,0,0,0,0,0,0,0,0,0
1788882085.801212,1985283,pg_toast,pg_toast_1985275,0,0,0,0,0,0,0,0,0
1788882085.801212,1418,pg_catalog,pg_user_mapping,0,0,0,0,0,0,0,0,0
1788882085.801212,2613,pg_catalog,pg_largeobject,0,0,0,0,0,0,0,0,0
1788882085.801212,6175,pg_toast,pg_toast_3456,0,0,0,0,0,0,0,0,0
1788882085.801212,1261,pg_catalog,pg_auth_members,0,0,0,0,0,0,0,0,0
1788882085.801212,1985335,public,cash_transaction,0,0,0,0,0,0,0,0,0
1788882085.801212,2617,pg_catalog,pg_operator,0,0,5,5,0,0,0,0,0
1788882085.801212,1985300,pg_toast,pg_toast_1985290,0,0,0,0,0,0,0,0,0
1788882085.801212,1985538,public,address,0,0,0,0,0,0,0,0,0
1788882085.801212,2610,pg_catalog,pg_index,1,221,11,14,0,0,0,0,0
1788882085.801212,1249,pg_catalog,pg_attribute,0,0,75,92,0,0,0,0,0
1788882085.801212,1985512,public,sector,0,0,0,0,0,0,0,0,0
1788882085.801212,1985415,public,trade_type,0,0,0,0,0,0,0,0,0
1788882085.801212,2600,pg_catalog,pg_aggregate,0,0,1,1,0,0,0,0,0
1788882085.801212,2966,pg_toast,pg_toast_2964,0,0,0,0,0,0,0,0,0
1788882085.801212,1985451,public,exchange,0,0,0,0,0,0,0,0,0
1788882085.801212,2618,pg_catalog,pg_rewrite,0,0,1,1,0,0,0,0,0
1788882085.801212,4177,pg_toast,pg_toast_1262,0,0,0,0,0,0,0,0,0
1788882085.801212,13484,information_schema,sql_parts,0,0,,,0,0,0,0,0
1788882085.801212,4159,pg_toast,pg_toast_2600,0,0,0,0,0,0,0,0,0
1788882085.801212,4147,pg_toast,pg_toast_3079,0,0,0,0,0,0,0,0,0
1788882085.801212,13474,information_schema,sql_features,0,0,,,0,0,0,0,0
1788882085.801212,1985394,pg_toast,pg_toast_1985372,0,0,0,0,0,0,0,0,0
1788882085.801212,1247,pg_catalog,pg_type,0,0,19,19,0,0,0,0,0
1788882085.801212,2602,pg_catalog,pg_amop,0,0,12,25,0,0,0,0,0
1788882085.801212,3439,pg_toast,pg_toast_3381,0,0,0,0,0,0,0,0,0
1788882085.801212,2846,pg_toast,pg_toast_2396,0,0,0,0,0,0,0,0,0
1788882085.801212,1985555,public,zip_code,0,0,0,0,0,0,0,0,0
1788882085.801212,1985478,pg_toast,pg_toast_1985460,0,0,0,0,0,0,0,0,0
1788882085.801212,4145,pg_toast,pg_toast_3466,0,0,0,0,0,0,0,0,0
1788882085.801212,3541,pg_catalog,pg_range,0,0,0,0,0,0,0,0,0
1788882085.801212,3602,pg_catalog,pg_ts_config,0,0,0,0,0,0,0,0,0
1788882085.801212,1985333,pg_toast,pg_toast_1985325,0,0,0,0,0,0,0,0,0
1788882085.801212,4183,pg_toast,pg_toast_6100,0,0,0,0,0,0,0,0,0
1788882085.801212,1985496,public,news_item,0,0,0,0,0,0,0,0,0
1788882085.801212,2224,pg_catalog,pg_sequence,0,0,0,0,0,0,0,0,0
1788882085.801212,2611,pg_catalog,pg_inherits,0,0,0,0,0,0,0,0,0
1788882085.801212,1417,pg_catalog,pg_foreign_server,0,0,0,0,0,0,0,0,0
1788882085.801212,1262,pg_catalog,pg_database,0,0,0,0,0,0,0,0,0
1788882085.801212,13492,pg_toast,pg_toast_13489,0,0,0,0,0,0,0,0,0
1788882085.801212,3501,pg_catalog,pg_enum,0,0,0,0,0,0,0,0,0
1788882085.801212,2607,pg_catalog,pg_conversion,0,0,0,0,0,0,0,0,0
1788882085.801212,1985449,pg_toast,pg_toast_1985440,0,0,0,0,0,0,0,0,0
1788882085.801212,826,pg_catalog,pg_default_acl,0,0,0,0,0,0,0,0,0
1788882085.801212,2604,pg_catalog,pg_attrdef,0,0,0,0,0,0,0,0,0
1788882085.801212,2336,pg_toast,pg_toast_2620,0,0,0,0,0,0,0,0,0
1788882085.801212,2603,pg_catalog,pg_amproc,0,0,5,11,0,0,0,0,0
1788882085.801212,2606,pg_catalog,pg_constraint,0,0,3,8,0,0,0,0,0
1788882085.801212,1255,pg_catalog,pg_proc,0,0,19,24,0,0,0,0,0
1788882085.801212,4173,pg_toast,pg_toast_1418,0,0,0,0,0,0,0,0,0
1788882085.801212,1985285,public,customer_taxrate,0,0,0,0,0,0,0,0,0
1788882085.801212,2620,pg_catalog,pg_trigger,0,0,0,0,0,0,0,0,0
1788882085.801212,1985256,public,account_permission,0,0,0,0,0,0,0,0,0
1788882085.801212,1985507,public,news_xref,0,0,0,0,0,0,0,0,0
1788882085.801212,1985480,public,industry,0,0,0,0,0,0,0,0,0
1788882085.801212,2612,pg_catalog,pg_language,0,0,0,0,0,0,0,0,0
1788882085.801212,4149,pg_toast,pg_toast_2328,0,0,0,0,0,0,0,0,0
1788882085.801212,6351,pg_toast,pg_toast_2610,0,0,0,0,0,0,0,0,0
1788882085.801212,13489,information_schema,sql_sizing,0,0,,,0,0,0,0,0
1788882085.801212,1985494,pg_toast,pg_toast_1985486,0,0,0,0,0,0,0,0,0
1788882085.801212,3598,pg_toast,pg_toast_3596,0,0,0,0,0,0,0,0,0
1788882085.801212,2836,pg_toast,pg_toast_1255,0,0,0,0,0,0,0,0,0
1788882085.801212,3456,pg_catalog,pg_collation,0,0,0,0,0,0,0,0,0
1788882085.801212,3079,pg_catalog,pg_extension,0,0,0,0,0,0,0,0,0
1788882085.801212,6100,pg_catalog,pg_subscription,0,0,0,0,0,0,0,0,0
1788882085.801212,2832,pg_toast,pg_toast_2606,0,0,0,0,0,0,0,0,0
1788882085.801212,3256,pg_catalog,pg_policy,0,0,0,0,0,0,0,0,0
1788882085.801212,1985302,public,holding_history,0,0,0,0,0,0,0,0,0
1788882085.801212,1985517,public,security,0,0,0,0,0,0,0,0,0
1788882085.801212,3466,pg_catalog,pg_event_trigger,0,0,0,0,0,0,0,0,0
1788882085.801212,3592,pg_catalog,pg_shseclabel,0,0,0,0,0,0,0,0,0
1788882085.801212,3764,pg_catalog,pg_ts_template,0,0,0,0,0,0,0,0,0
1788882085.801212,6237,pg_catalog,pg_publication_namespace,0,0,0,0,0,0,0,0,0
1788882085.801212,13487,pg_toast,pg_toast_13484,0,0,0,0,0,0,0,0,0
1788882085.801212,2995,pg_catalog,pg_largeobject_metadata,0,0,0,0,0,0,0,0,0
1788882085.801212,1985275,public,customer_account,0,0,0,0,0,0,0,0,0
1788882085.801212,4143,pg_toast,pg_toast_826,0,0,0,0,0,0,0,0,0
1788882085.801212,4185,pg_toast,pg_toast_1213,0,0,0,0,0,0,0,0,0
1788882085.801212,6243,pg_catalog,pg_parameter_acl,0,0,0,0,0,0,0,0,0
1788882085.801212,2616,pg_catalog,pg_opclass,0,0,8,134,0,0,0,0,0
1788882085.801212,1985290,public,holding,0,0,0,0,0,0,0,0,0
1788882085.801212,2838,pg_toast,pg_toast_2618,0,0,1,3,0,0,0,0,0
1788882085.801212,6228,pg_toast,pg_toast_6106,0,0,0,0,0,0,0,0,0
1788882085.801212,1985349,pg_toast,pg_toast_1985343,0,0,0,0,0,0,0,0,0
1788882085.801212,1985434,public,company_competitor,0,0,0,0,0,0,0,0,0
1788882085.801212,1985370,pg_toast,pg_toast_1985363,0,0,0,0,0,0,0,0,0
1788882085.801212,1985505,pg_toast,pg_toast_1985496,0,0,0,0,0,0,0,0,0
1788882085.801212,1985264,public,customer,0,0,0,0,0,0,0,0,0
1788882085.801212,3118,pg_catalog,pg_foreign_table,0,0,0,0,0,0,0,0,0
1788882085.801212,1259,pg_catalog,pg_class,1,523,12,12,0,0,0,0,0
1788882085.801212,3350,pg_catalog,pg_partitioned_table,0,0,0,0,0,0,0,0,0
1788882085.801212,4153,pg_toast,pg_toast_3118,0,0,0,0,0,0,0,0,0
1788882085.801212,4060,pg_toast,pg_toast_3592,0,0,0,0,0,0,0,0,0
1788882085.801212,1985543,public,status_type,0,0,0,0,0,0,0,0,0
1788882085.801212,4165,pg_toast,pg_toast_3350,0,0,0,0,0,0,0,0,0
1788882085.801212,1985402,public,trade_request,0,0,0,0,0,0,0,0,0
1788882085.801212,2753,pg_catalog,pg_opfamily,0,0,2,2,0,0,0,0,0
1788882085.801212,3601,pg_catalog,pg_ts_parser,0,0,0,0,0,0,0,0,0
1788882085.801212,6104,pg_catalog,pg_publication,0,0,0,0,0,0,0,0,0
1788882085.801212,13477,pg_toast,pg_toast_13474,0,0,0,0,0,0,0,0,0
1788882085.801212,3429,pg_catalog,pg_statistic_ext_data,0,0,0,0,0,0,0,0,0
1788882085.801212,2619,pg_catalog,pg_statistic,0,0,17,8,0,0,0,0,0
1788882085.801212,4155,pg_toast,pg_toast_3394,0,0,0,0,0,0,0,0,0
1788882085.801212,1985548,public,taxrate,0,0,0,0,0,0,0,0,0
1788882085.801212,3381,pg_catalog,pg_statistic_ext,0,0,3,0,0,0,0,0,0
1788882085.801212,6106,pg_catalog,pg_publication_rel,0,0,0,0,0,0,0,0,0
1788882085.801212,1985372,public,trade,0,0,0,0,0,0,0,0,0
1788882085.801212,2605,pg_catalog,pg_cast,0,0,34,7,0,0,0,0,0
1788882085.801212,4171,pg_toast,pg_toast_1247,0,0,0,0,0,0,0,0,0
1788882085.801212,2830,pg_toast,pg_toast_2604,0,0,0,0,0,0,0,0,0
1788882085.801212,1985309,public,holding_summary,0,0,0,0,0,0,0,0,0
1788882085.801212,1985413,pg_toast,pg_toast_1985402,0,0,0,0,0,0,0,0,0
1788882085.801212,13479,information_schema,sql_implementation_info,0,0,,,0,0,0,0,0
1788882085.801212,1985341,pg_toast,pg_toast_1985335,0,0,0,0,0,0,0,0,0
1788882085.801212,6244,pg_toast,pg_toast_6243,0,0,0,0,0,0,0,0,0
1788882085.801212,1985315,public,watch_item,0,0,0,0,0,0,0,0,0
1788882085.801212,3430,pg_toast,pg_toast_3429,0,0,0,0,0,0,0,0,0
1788882085.801212,1985320,public,watch_list,0,0,0,0,0,0,0,0,0
1788882145.875794,1985536,pg_toast,pg_toast_1985517,0,0,0,0,0,0,0,0,0
1788882145.875794,3576,pg_catalog,pg_transform,0,0,0,0,0,0,0,0,0
1788882145.875794,2601,pg_catalog,pg_am,0,0,0,0,0,0,0,0,0
1788882145.875794,1985363,public,settlement,0,0,0,0,0,0,0,0,0
1788882145.875794,3394,pg_catalog,pg_init_privs,0,0,0,0,0,0,0,0,0
1788882145.875794,4167,pg_toast,pg_toast_3256,0,0,0,0,0,0,0,0,0
1788882145.875794,4151,pg_toast,pg_toast_1417,0,0,0,0,0,0,0,0,0
1788882145.875794,2834,pg_toast,pg_toast_2609,0,0,0,0,0,0,0,0,0
1788882145.875794,6000,pg_catalog,pg_replication_origin,0,0,0,0,0,0,0,0,0
1788882145.875794,2840,pg_toast,pg_toast_2619,0,0,0,0,0,0,0,0,0
1788882145.875794,1985486,public,last_trade,0,0,0,0,0,0,0,0,0
1788882145.875794,2328,pg_catalog,pg_foreign_data_wrapper,0,0,0,0,0,0,0,0,0
1788882145.875794,4157,pg_toast,pg_toast_2612,0,0,0,0,0,0,0,0,0
1788882145.875794,1260,pg_catalog,pg_authid,0,0,0,0,0,0,0,0,0
1788882145.875794,6102,pg_catalog,pg_subscription_rel,0,0,0,0,0,0,0,0,0
1788882145.875794,1214,pg_catalog,pg_shdepend,0,0,0,0,0,0,0,0,0
1788882145.875794,4163,pg_toast,pg_toast_2615,0,0,0,0,0,0,0,0,0
1788882145.875794,1985343,public,charge,0,0,0,0,0,0,0,0,0
1788882145.875794,1985440,public,daily_market,0,0,0,0,0,0,0,0,0
1788882145.875794,1985422,public,company,0,0,0,0,0,0,0,0,0
1788882145.875794,4169,pg_toast,pg_toast_3600,0,0,0,0,0,0,0,0,0
1788882145.875794,2615,pg_catalog,pg_namespace,1,4,5,2,0,0,0,0,0
1788882145.875794,2396,pg_catalog,pg_shdescription,0,0,0,0,0,0,0,0,0
1788882145.875794,3600,pg_catalog,pg_ts_dict,0,0,0,0,0,0,0,0,0
1788882145.875794,1985325,public,broker,0,0,0,0,0,0,0,0,0
1788882145.875794,3596,pg_catalog,pg_seclabel,0,0,0,0,0,0,0,0,0
1788882145.875794,1985460,public,financial,0,0,0,0,0,0,0,0,0
1788882145.875794,2609,pg_catalog,pg_description,0,0,0,0,0,0,0,0,0
1788882145.875794,1985351,public,commission_rate,0,0,0,0,0,0,0,0,0
1788882145.875794,13482,pg_toast,pg_toast_13479,0,0,0,0,0,0,0,0,0
1788882145.875794,1985396,public,trade_history,0,0,0,0,0,0,0,0,0
1788882145.875794,3603,pg_catalog,pg_ts_config_map,0,0,0,0,0,0,0,0,0
1788882145.875794,1213,pg_catalog,pg_tablespace,0,0,1,1,0,0,0,0,0
1788882145.875794,2608,pg_catalog,pg_depend,0,0,0,0,0,0,0,0,0
1788882145.875794,2964,pg_catalog,pg_db_role_setting,0,0,0,0,0,0,0,0,0
1788882145.875794,1985283,pg_toast,pg_toast_1985275,0,0,0,0,0,0,0,0,0
1788882145.875794,1418,pg_catalog,pg_user_mapping,0,0,0,0,0,0,0,0,0
1788882145.875794,2613,pg_catalog,pg_largeobject,0,0,0,0,0,0,0,0,0
1788882145.875794,6175,pg_toast,pg_toast_3456,0,0,0,0,0,0,0,0,0
1788882145.875794,1261,pg_catalog,pg_auth_members,0,0,0,0,0,0,0,0,0
1788882145.875794,1985335,public,cash_transaction,0,0,0,0,0,0,0,0,0
1788882145.875794,2617,pg_catalog,pg_operator,0,0,5,5,0,0,0,0,0
1788882145.875794,1985300,pg_toast,pg_toast_1985290,0,0,0,0,0,0,0,0,0
1788882145.875794,1985538,public,address,0,0,0,0,0,0,0,0,0
1788882145.875794,2610,pg_catalog,pg_index,1,221,11,14,0,0,0,0,0
1788882145.875794,1249,pg_catalog,pg_attribute,0,0,75,92,0,0,0,0,0
1788882145.875794,1985512,public,sector,0,0,0,0,0,0,0,0,0
1788882145.875794,1985415,public,trade_type,0,0,0,0,0,0,0,0,0
1788882145.875794,2600,pg_catalog,pg_aggregate,0,0,1,1,0,0,0,0,0
1788882145.875794,2966,pg_toast,pg_toast_2964,0,0,0,0,0,0,0,0,0
1788882145.875794,1985451,public,exchange,0,0,0,0,0,0,0,0,0
1788882145.875794,2618,pg_catalog,pg_rewrite,0,0,1,1,0,0,0,0,0
1788882145.875794,4177,pg_toast,pg_toast_1262,0,0,0,0,0,0,0,0,0
1788882145.875794,13484,information_schema,sql_parts,0,0,,,0,0,0,0,0
1788882145.875794,4159,pg_toast,pg_toast_2600,0,0,0,0,0,0,0,0,0
1788882145.875794,4147,pg_toast,pg_toast_3079,0,0,0,0,0,0,0,0,0
1788882145.875794,13474,information_schema,sql_features,0,0,,,0,0,0,0,0
1788882145.875794,1985394,pg_toast,pg_toast_1985372,0,0,0,0,0,0,0,0,0
1788882145.875794,1247,pg_catalog,pg_type,0,0,19,19,0,0,0,0,0
1788882145.875794,2602,pg_catalog,pg_amop,0,0,12,25,0,0,0,0,0
1788882145.875794,3439,pg_toast,pg_toast_3381,0,0,0,0,0,0,0,0,0
1788882145.875794,2846,pg_toast,pg_toast_2396,0,0,0,0,0,0,0,0,0
1788882145.875794,1985555,public,zip_code,0,0,0,0,0,0,0,0,0
1788882145.875794,1985478,pg_toast,pg_toast_1985460,0,0,0,0,0,0,0,0,0
1788882145.875794,4145,pg_toast,pg_toast_3466,0,0,0,0,0,0,0,0,0
1788882145.875794,3541,pg_catalog,pg_range,0,0,0,0,0,0,0,0,0
1788882145.875794,3602,pg_catalog,pg_ts_config,0,0,0,0,0,0,0,0,0
1788882145.875794,1985333,pg_toast,pg_toast_1985325,0,0,0,0,0,0,0,0,0
1788882145.875794,4183,pg_toast,pg_toast_6100,0,0,0,0,0,0,0,0,0
1788882145.875794,1985496,public,news_item,0,0,0,0,0,0,0,0,0
1788882145.875794,2224,pg_catalog,pg_sequence,0,0,0,0,0,0,0,0,0
1788882145.875794,2611,pg_catalog,pg_inherits,0,0,0,0,0,0,0,0,0
1788882145.875794,1417,pg_catalog,pg_foreign_server,0,0,0,0,0,0,0,0,0
1788882145.875794,1262,pg_catalog,pg_database,0,0,0,0,0,0,0,0,0
1788882145.875794,13492,pg_toast,pg_toast_13489,0,0,0,0,0,0,0,0,0
1788882145.875794,3501,pg_catalog,pg_enum,0,0,0,0,0,0,0,0,0
1788882145.875794,2607,pg_catalog,pg_conversion,0,0,0,0,0,0,0,0,0
1788882145.875794,1985449,pg_toast,pg_toast_1985440,0,0,0,0,0,0,0,0,0
1788882145.875794,826,pg_catalog,pg_default_acl,0,0,0,0,0,0,0,0,0
1788882145.875794,2604,pg_catalog,pg_attrdef,0,0,0,0,0,0,0,0,0
1788882145.875794,2336,pg_toast,pg_toast_2620,0,0,0,0,0,0,0,0,0
1788882145.875794,2603,pg_catalog,pg_amproc,0,0,5,11,0,0,0,0,0
1788882145.875794,2606,pg_catalog,pg_constraint,0,0,3,8,0,0,0,0,0
1788882145.875794,1255,pg_catalog,pg_proc,0,0,19,24,0,0,0,0,0
1788882145.875794,4173,pg_toast,pg_toast_1418,0,0,0,0,0,0,0,0,0
1788882145.875794,1985285,public,customer_taxrate,0,0,0,0,0,0,0,0,0
1788882145.875794,2620,pg_catalog,pg_trigger,0,0,0,0,0,0,0,0,0
1788882145.875794,1985256,public,account_permission,0,0,0,0,0,0,0,0,0
1788882145.875794,1985507,public,news_xref,0,0,0,0,0,0,0,0,0
1788882145.875794,1985480,public,industry,0,0,0,0,0,0,0,0,0
1788882145.875794,2612,pg_catalog,pg_language,0,0,0,0,0,0,0,0,0
1788882145.875794,4149,pg_toast,pg_toast_2328,0,0,0,0,0,0,0,0,0
1788882145.875794,6351,pg_toast,pg_toast_2610,0,0,0,0,0,0,0,0,0
1788882145.875794,13489,information_schema,sql_sizing,0,0,,,0,0,0,0,0
1788882145.875794,1985494,pg_toast,pg_toast_1985486,0,0,0,0,0,0,0,0,0
1788882145.875794,3598,pg_toast,pg_toast_3596,0,0,0,0,0,0,0,0,0
1788882145.875794,2836,pg_toast,pg_toast_1255,0,0,0,0,0,0,0,0,0
1788882145.875794,3456,pg_catalog,pg_collation,0,0,0,0,0,0,0,0,0
1788882145.875794,3079,pg_catalog,pg_extension,0,0,0,0,0,0,0,0,0
1788882145.875794,6100,pg_catalog,pg_subscription,0,0,0,0,0,0,0,0,0
1788882145.875794,2832,pg_toast,pg_toast_2606,0,0,0,0,0,0,0,0,0
1788882145.875794,3256,pg_catalog,pg_policy,0,0,0,0,0,0,0,0,0
1788882145.875794,1985302,public,holding_history,0,0,0,0,0,0,0,0,0
1788882145.875794,1985517,public,security,0,0,0,0,0,0,0,0,0
1788882145.875794,3466,pg_catalog,pg_event_trigger,0,0,0,0,0,0,0,0,0
1788882145.875794,3592,pg_catalog,pg_shseclabel,0,0,0,0,0,0,0,0,0
1788882145.875794,3764,pg_catalog,pg_ts_template,0,0,0,0,0,0,0,0,0
1788882145.875794,6237,pg_catalog,pg_publication_namespace,0,0,0,0,0,0,0,0,0
1788882145.875794,13487,pg_toast,pg_toast_13484,0,0,0,0,0,0,0,0,0
1788882145.875794,2995,pg_catalog,pg_largeobject_metadata,0,0,0,0,0,0,0,0,0
1788882145.875794,1985275,public,customer_account,0,0,0,0,0,0,0,0,0
1788882145.875794,4143,pg_toast,pg_toast_826,0,0,0,0,0,0,0,0,0
1788882145.875794,4185,pg_toast,pg_toast_1213,0,0,0,0,0,0,0,0,0
1788882145.875794,6243,pg_catalog,pg_parameter_acl,0,0,0,0,0,0,0,0,0
1788882145.875794,2616,pg_catalog,pg_opclass,0,0,8,134,0,0,0,0,0
1788882145.875794,1985290,public,holding,0,0,0,0,0,0,0,0,0
1788882145.875794,2838,pg_toast,pg_toast_2618,0,0,1,3,0,0,0,0,0
1788882145.875794,6228,pg_toast,pg_toast_6106,0,0,0,0,0,0,0,0,0
1788882145.875794,1985349,pg_toast,pg_toast_1985343,0,0,0,0,0,0,0,0,0
1788882145.875794,1985434,public,company_competitor,0,0,0,0,0,0,0,0,0
1788882145.875794,1985370,pg_toast,pg_toast_1985363,0,0,0,0,0,0,0,0,0
1788882145.875794,1985505,pg_toast,pg_toast_1985496,0,0,0,0,0,0,0,0,0
1788882145.875794,1985264,public,customer,0,0,0,0,0,0,0,0,0
1788882145.875794,3118,pg_catalog,pg_foreign_table,0,0,0,0,0,0,0,0,0
1788882145.875794,1259,pg_catalog,pg_class,1,523,12,12,0,0,0,0,0
1788882145.875794,3350,pg_catalog,pg_partitioned_table,0,0,0,0,0,0,0,0,0
1788882145.875794,4153,pg_toast,pg_toast_3118,0,0,0,0,0,0,0,0,0
1788882145.875794,4060,pg_toast,pg_toast_3592,0,0,0,0,0,0,0,0,0
1788882145.875794,1985543,public,status_type,0,0,0,0,0,0,0,0,0
1788882145.875794,4165,pg_toast,pg_toast_3350,0,0,0,0,0,0,0,0,0
1788882145.875794,1985402,public,trade_request,0,0,0,0,0,0,0,0,0
1788882145.875794,2753,pg_catalog,pg_opfamily,0,0,2,2,0,0,0,0,0
1788882145.875794,3601,pg_catalog,pg_ts_parser,0,0,0,0,0,0,0,0,0
1788882145.875794,6104,pg_catalog,pg_publication,0,0,0,0,0,0,0,0,0
1788882145.875794,13477,pg_toast,pg_toast_13474,0,0,0,0,0,0,0,0,0
1788882145.875794,3429,pg_catalog,pg_statistic_ext_data,0,0,0,0,0,0,0,0,0
1788882145.875794,2619,pg_catalog,pg_statistic,0,0,17,8,0,0,0,0,0
1788882145.875794,4155,pg_toast,pg_toast_3394,0,0,0,0,0,0,0,0,0
1788882145.875794,1985548,public,taxrate,0,0,0,0,0,0,0,0,0
1788882145.875794,3381,pg_catalog,pg_statistic_ext,0,0,3,0,0,0,0,0,0
1788882145.875794,6106,pg_catalog,pg_publication_rel,0,0,0,0,0,0,0,0,0
1788882145.875794,1985372,public,trade,0,0,0,0,0,0,0,0,0
1788882145.875794,2605,pg_catalog,pg_cast,0,0,34,7,0,0,0,0,0
1788882145.875794,4171,pg_toast,pg_toast_1247,0,0,0,0,0,0,0,0,0
1788882145.875794,2830,pg_toast,pg_toast_2604,0,0,0,0,0,0,0,0,0
1788882145.875794,1985309,public,holding_summary,0,0,0,0,0,0,0,0,0
1788882145.875794,1985413,pg_toast,pg_toast_1985402,0,0,0,0,0,0,0,0,0
1788882145.875794,13479,information_schema,sql_implementation_info,0,0,,,0,0,0,0,0
1788882145.875794,1985341,pg_toast,pg_toast_1985335,0,0,0,0,0,0,0,0,0
1788882145.875794,6244,pg_toast,pg_toast_6243,0,0,0,0,0,0,0,0,0
1788882145.875794,1985315,public,watch_item,0,0,0,0,0,0,0,0,0
1788882145.875794,3430,pg_toast,pg_toast_3429,0,0,0,0,0,0,0,0,0
1788882145.875794,1985320,public,watch_list,0,0,0,0,0,0,0,0,0
1788882205.958845,1985536,pg_toast,pg_toast_1985517,0,0,0,0,0,0,0,0,0
1788882205.958845,3576,pg_catalog,pg_transform,0,0,0,0,0,0,0,0,0
1788882205.958845,2601,pg_catalog,pg_am,0,0,0,0,0,0,0,0,0
1788882205.958845,1985363,public,settlement,0,0,0,0,0,0,0,0,0
1788882205.958845,3394,pg_catalog,pg_init_privs,0,0,0,0,0,0,0,0,0
1788882205.958845,4167,pg_toast,pg_toast_3256,0,0,0,0,0,0,0,0,0
1788882205.958845,4151,pg_toast,pg_toast_1417,0,0,0,0,0,0,0,0,0
1788882205.958845,2834,pg_toast,pg_toast_2609,0,0,0,0,0,0,0,0,0
1788882205.958845,6000,pg_catalog,pg_replication_origin,0,0,0,0,0,0,0,0,0
1788882205.958845,2840,pg_toast,pg_toast_2619,0,0,0,0,0,0,0,0,0
1788882205.958845,1985486,public,last_trade,0,0,0,0,0,0,0,0,0
1788882205.958845,2328,pg_catalog,pg_foreign_data_wrapper,0,0,0,0,0,0,0,0,0
1788882205.958845,4157,pg_toast,pg_toast_2612,0,0,0,0,0,0,0,0,0
1788882205.958845,1260,pg_catalog,pg_authid,0,0,0,0,0,0,0,0,0
1788882205.958845,6102,pg_catalog,pg_subscription_rel,0,0,0,0,0,0,0,0,0
1788882205.958845,1214,pg_catalog,pg_shdepend,0,0,0,0,0,0,0,0,0
1788882205.958845,4163,pg_toast,pg_toast_2615,0,0,0,0,0,0,0,0,0
1788882205.958845,1985343,public,charge,0,0,0,0,0,0,0,0,0
1788882205.958845,1985440,public,daily_market,0,0,0,0,0,0,0,0,0
1788882205.958845,1985422,public,company,0,0,0,0,0,0,0,0,0
1788882205.958845,4169,pg_toast,pg_toast_3600,0,0,0,0,0,0,0,0,0
1788882205.958845,2615,pg_catalog,pg_namespace,1,4,5,2,0,0,0,0,0
1788882205.958845,2396,pg_catalog,pg_shdescription,0,0,0,0,0,0,0,0,0
1788882205.958845,3600,pg_catalog,pg_ts_dict,0,0,0,0,0,0,0,0,0
1788882205.958845,1985325,public,broker,0,0,0,0,0,0,0,0,0
1788882205.958845,3596,pg_catalog,pg_seclabel,0,0,0,0,0,0,0,0,0
1788882205.958845,1985460,public,financial,0,0,0,0,0,0,0,0,0
1788882205.958845,2609,pg_catalog,pg_description,0,0,0,0,0,0,0,0,0
1788882205.958845,1985351,public,commission_rate,0,0,0,0,0,0,0,0,0
1788882205.958845,13482,pg_toast,pg_toast_13479,0,0,0,0,0,0,0,0,0
1788882205.958845,1985396,public,trade_history,0,0,0,0,0,0,0,0,0
1788882205.958845,3603,pg_catalog,pg_ts_config_map,0,0,0,0,0,0,0,0,0
1788882205.958845,1213,pg_catalog,pg_tablespace,0,0,1,1,0,0,0,0,0
1788882205.958845,2608,pg_catalog,pg_depend,0,0,0,0,0,0,0,0,0
1788882205.958845,2964,pg_catalog,pg_db_role_setting,0,0,0,0,0,0,0,0,0
1788882205.958845,1985283,pg_toast,pg_toast_1985275,0,0,0,0,0,0,0,0,0
1788882205.958845,1418,pg_catalog,pg_user_mapping,0,0,0,0,0,0,0,0,0
1788882205.958845,2613,pg_catalog,pg_largeobject,0,0,0,0,0,0,0,0,0
1788882205.958845,6175,pg_toast,pg_toast_3456,0,0,0,0,0,0,0,0,0
1788882205.958845,1261,pg_catalog,pg_auth_members,0,0,0,0,0,0,0,0,0
1788882205.958845,1985335,public,cash_transaction,0,0,0,0,0,0,0,0,0
1788882205.958845,2617,pg_catalog,pg_operator,0,0,5,5,0,0,0,0,0
1788882205.958845,1985300,pg_toast,pg_toast_1985290,0,0,0,0,0,0,0,0,0
1788882205.958845,1985538,public,address,0,0,0,0,0,0,0,0,0
1788882205.958845,2610,pg_catalog,pg_index,1,221,11,14,0,0,0,0,0
1788882205.958845,1249,pg_catalog,pg_attribute,0,0,75,92,0,0,0,0,0
1788882205.958845,1985512,public,sector,0,0,0,0,0,0,0,0,0
1788882205.958845,1985415,public,trade_type,0,0,0,0,0,0,0,0,0
1788882205.958845,2600,pg_catalog,pg_aggregate,0,0,1,1,0,0,0,0,0
1788882205.958845,2966,pg_toast,pg_toast_2964,0,0,0,0,0,0,0,0,0
1788882205.958845,1985451,public,exchange,0,0,0,0,0,0,0,0,0
1788882205.958845,2618,pg_catalog,pg_rewrite,0,0,1,1,0,0,0,0,0
1788882205.958845,4177,pg_toast,pg_toast_1262,0,0,0,0,0,0,0,0,0
1788882205.958845,13484,information_schema,sql_parts,0,0,,,0,0,0,0,0
1788882205.958845,4159,pg_toast,pg_toast_2600,0,0,0,0,0,0,0,0,0
1788882205.958845,4147,pg_toast,pg_toast_3079,0,0,0,0,0,0,0,0,0
1788882205.958845,13474,information_schema,sql_features,0,0,,,0,0,0,0,0
1788882205.958845,1985394,pg_toast,pg_toast_1985372,0,0,0,0,0,0,0,0,0
1788882205.958845,1247,pg_catalog,pg_type,0,0,19,19,0,0,0,0,0
1788882205.958845,2602,pg_catalog,pg_amop,0,0,12,25,0,0,0,0,0
1788882205.958845,3439,pg_toast,pg_toast_3381,0,0,0,0,0,0,0,0,0
1788882205.958845,2846,pg_toast,pg_toast_2396,0,0,0,0,0,0,0,0,0
1788882205.958845,1985555,public,zip_code,0,0,0,0,0,0,0,0,0
1788882205.958845,1985478,pg_toast,pg_toast_1985460,0,0,0,0,0,0,0,0,0
1788882205.958845,4145,pg_toast,pg_toast_3466,0,0,0,0,0,0,0,0,0
1788882205.958845,3541,pg_catalog,pg_range,0,0,0,0,0,0,0,0,0
1788882205.958845,3602,pg_catalog,pg_ts_config,0,0,0,0,0,0,0,0,0
1788882205.958845,1985333,pg_toast,pg_toast_1985325,0,0,0,0,0,0,0,0,0
1788882205.958845,4183,pg_toast,pg_toast_6100,0,0,0,0,0,0,0,0,0
1788882205.958845,1985496,public,news_item,0,0,0,0,0,0,0,0,0
1788882205.958845,2224,pg_catalog,pg_sequence,0,0,0,0,0,0,0,0,0
1788882205.958845,2611,pg_catalog,pg_inherits,0,0,0,0,0,0,0,0,0
1788882205.958845,1417,pg_catalog,pg_foreign_server,0,0,0,0,0,0,0,0,0
1788882205.958845,1262,pg_catalog,pg_database,0,0,0,0,0,0,0,0,0
1788882205.958845,13492,pg_toast,pg_toast_13489,0,0,0,0,0,0,0,0,0
1788882205.958845,3501,pg_catalog,pg_enum,0,0,0,0,0,0,0,0,0
1788882205.958845,2607,pg_catalog,pg_conversion,0,0,0,0,0,0,0,0,0
1788882205.958845,1985449,pg_toast,pg_toast_1985440,0,0,0,0,0,0,0,0,0
1788882205.958845,826,pg_catalog,pg_default_acl,0,0,0,0,0,0,0,0,0
1788882205.958845,2604,pg_catalog,pg_attrdef,0,0,0,0,0,0,0,0,0
1788882205.958845,2336,pg_toast,pg_toast_2620,0,0,0,0,0,0,0,0,0
1788882205.958845,2603,pg_catalog,pg_amproc,0,0,5,11,0,0,0,0,0
1788882205.958845,2606,pg_catalog,pg_constraint,0,0,3,8,0,0,0,0,0
1788882205.958845,1255,pg_catalog,pg_proc,0,0,19,24,0,0,0,0,0
1788882205.958845,4173,pg_toast,pg_toast_1418,0,0,0,0,0,0,0,0,0
1788882205.958845,1985285,public,customer_taxrate,0,0,0,0,0,0,0,0,0
1788882205.958845,2620,pg_catalog,pg_trigger,0,0,0,0,0,0,0,0,0
1788882205.958845,1985256,public,account_permission,0,0,0,0,0,0,0,0,0
1788882205.958845,1985507,public,news_xref,0,0,0,0,0,0,0,0,0
1788882205.958845,1985480,public,industry,0,0,0,0,0,0,0,0,0
1788882205.958845,2612,pg_catalog,pg_language,0,0,0,0,0,0,0,0,0
1788882205.958845,4149,pg_toast,pg_toast_2328,0,0,0,0,0,0,0,0,0
1788882205.958845,6351,pg_toast,pg_toast_2610,0,0,0,0,0,0,0,0,0
1788882205.958845,13489,information_schema,sql_sizing,0,0,,,0,0,0,0,0
1788882205.958845,1985494,pg_toast,pg_toast_1985486,0,0,0,0,0,0,0,0,0
1788882205.958845,3598,pg_toast,pg_toast_3596,0,0,0,0,0,0,0,0,0
1788882205.958845,2836,pg_toast,pg_toast_1255,0,0,0,0,0,0,0,0,0
1788882205.958845,3456,pg_catalog,pg_collation,0,0,0,0,0,0,0,0,0
1788882205.958845,3079,pg_catalog,pg_extension,0,0,0,0,0,0,0,0,0
1788882205.958845,6100,pg_catalog,pg_subscription,0,0,0,0,0,0,0,0,0
1788882205.958845,2832,pg_toast,pg_toast_2606,0,0,0,0,0,0,0,0,0
1788882205.958845,3256,pg_catalog,pg_policy,0,0,0,0,0,0,0,0,0
1788882205.958845,1985302,public,holding_history,0,0,0,0,0,0,0,0,0
1788882205.958845,1985517,public,security,0,0,0,0,0,0,0,0,0
1788882205.958845,3466,pg_catalog,pg_event_trigger,0,0,0,0,0,0,0,0,0
1788882205.958845,3592,pg_catalog,pg_shseclabel,0,0,0,0,0,0,0,0,0
1788882205.958845,3764,pg_catalog,pg_ts_template,0,0,0,0,0,0,0,0,0
1788882205.958845,6237,pg_catalog,pg_publication_namespace,0,0,0,0,0,0,0,0,0
1788882205.958845,13487,pg_toast,pg_toast_13484,0,0,0,0,0,0,0,0,0
1788882205.958845,2995,pg_catalog,pg_largeobject_metadata,0,0,0,0,0,0,0,0,0
1788882205.958845,1985275,public,customer_account,0,0,0,0,0,0,0,0,0
1788882205.958845,4143,pg_toast,pg_toast_826,0,0,0,0,0,0,0,0,0
1788882205.958845,4185,pg_toast,pg_toast_1213,0,0,0,0,0,0,0,0,0
1788882205.958845,6243,pg_catalog,pg_parameter_acl,0,0,0,0,0,0,0,0,0
1788882205.958845,2616,pg_catalog,pg_opclass,0,0,8,134,0,0,0,0,0
1788882205.958845,1985290,public,holding,0,0,0,0,0,0,0,0,0
1788882205.958845,2838,pg_toast,pg_toast_2618,0,0,1,3,0,0,0,0,0
1788882205.958845,6228,pg_toast,pg_toast_6106,0,0,0,0,0,0,0,0,0
1788882205.958845,1985349,pg_toast,pg_toast_1985343,0,0,0,0,0,0,0,0,0
1788882205.958845,1985434,public,company_competitor,0,0,0,0,0,0,0,0,0
1788882205.958845,1985370,pg_toast,pg_toast_1985363,0,0,0,0,0,0,0,0,0
1788882205.958845,1985505,pg_toast,pg_toast_1985496,0,0,0,0,0,0,0,0,0
1788882205.958845,1985264,public,customer,0,0,0,0,0,0,0,0,0
1788882205.958845,3118,pg_catalog,pg_foreign_table,0,0,0,0,0,0,0,0,0
1788882205.958845,1259,pg_catalog,pg_class,1,523,12,12,0,0,0,0,0
1788882205.958845,3350,pg_catalog,pg_partitioned_table,0,0,0,0,0,0,0,0,0
1788882205.958845,4153,pg_toast,pg_toast_3118,0,0,0,0,0,0,0,0,0
1788882205.958845,4060,pg_toast,pg_toast_3592,0,0,0,0,0,0,0,0,0
1788882205.958845,1985543,public,status_type,0,0,0,0,0,0,0,0,0
1788882205.958845,4165,pg_toast,pg_toast_3350,0,0,0,0,0,0,0,0,0
1788882205.958845,1985402,public,trade_request,0,0,0,0,0,0,0,0,0
1788882205.958845,2753,pg_catalog,pg_opfamily,0,0,2,2,0,0,0,0,0
1788882205.958845,3601,pg_catalog,pg_ts_parser,0,0,0,0,0,0,0,0,0
1788882205.958845,6104,pg_catalog,pg_publication,0,0,0,0,0,0,0,0,0
1788882205.958845,13477,pg_toast,pg_toast_13474,0,0,0,0,0,0,0,0,0
1788882205.958845,3429,pg_catalog,pg_statistic_ext_data,0,0,0,0,0,0,0,0,0
1788882205.958845,2619,pg_catalog,pg_statistic,0,0,17,8,0,0,0,0,0
1788882205.958845,4155,pg_toast,pg_toast_3394,0,0,0,0,0,0,0,0,0
1788882205.958845,1985548,public,taxrate,0,0,0,0,0,0,0,0,0
1788882205.958845,3381,pg_catalog,pg_statistic_ext,0,0,3,0,0,0,0,0,0
1788882205.958845,6106,pg_catalog,pg_publication_rel,0,0,0,0,0,0,0,0,0
1788882205.958845,1985372,public,trade,0,0,0,0,0,0,0,0,0
1788882205.958845,2605,pg_catalog,pg_cast,0,0,34,7,0,0,0,0,0
1788882205.958845,4171,pg_toast,pg_toast_1247,0,0,0,0,0,0,0,0,0
1788882205.958845,2830,pg_toast,pg_toast_2604,0,0,0,0,0,0,0,0,0
1788882205.958845,1985309,public,holding_summary,0,0,0,0,0,0,0,0,0
1788882205.958845,1985413,pg_toast,pg_toast_1985402,0,0,0,0,0,0,0,0,0
1788882205.958845,13479,information_schema,sql_implementation_info,0,0,,,0,0,0,0,0
1788882205.958845,1985341,pg_toast,pg_toast_1985335,0,0,0,0,0,0,0,0,0
1788882205.958845,6244,pg_toast,pg_toast_6243,0,0,0,0,0,0,0,0,0
1788882205.958845,1985315,public,watch_item,0,0,0,0,0,0,0,0,0
1788882205.958845,3430,pg_toast,pg_toast_3429,0,0,0,0,0,0,0,0,0
1788882205.958845,1985320,public,watch_list,0,0,0,0,0,0,0,0,0
1788882266.050009,1985536,pg_toast,pg_toast_1985517,0,0,0,0,0,0,0,0,0
1788882266.050009,3576,pg_catalog,pg_transform,0,0,0,0,0,0,0,0,0
1788882266.050009,2601,pg_catalog,pg_am,0,0,0,0,0,0,0,0,0
1788882266.050009,1985363,public,settlement,0,0,0,0,0,0,0,0,0
1788882266.050009,3394,pg_catalog,pg_init_privs,0,0,0,0,0,0,0,0,0
1788882266.050009,4167,pg_toast,pg_toast_3256,0,0,0,0,0,0,0,0,0
1788882266.050009,4151,pg_toast,pg_toast_1417,0,0,0,0,0,0,0,0,0
1788882266.050009,2834,pg_toast,pg_toast_2609,0,0,0,0,0,0,0,0,0
1788882266.050009,6000,pg_catalog,pg_replication_origin,0,0,0,0,0,0,0,0,0
1788882266.050009,2840,pg_toast,pg_toast_2619,0,0,0,0,0,0,0,0,0
1788882266.050009,1985486,public,last_trade,0,0,0,0,0,0,0,0,0
1788882266.050009,2328,pg_catalog,pg_foreign_data_wrapper,0,0,0,0,0,0,0,0,0
1788882266.050009,4157,pg_toast,pg_toast_2612,0,0,0,0,0,0,0,0,0
1788882266.050009,1260,pg_catalog,pg_authid,0,0,0,0,0,0,0,0,0
1788882266.050009,6102,pg_catalog,pg_subscription_rel,0,0,0,0,0,0,0,0,0
1788882266.050009,1214,pg_catalog,pg_shdepend,0,0,0,0,0,0,0,0,0
1788882266.050009,4163,pg_toast,pg_toast_2615,0,0,0,0,0,0,0,0,0
1788882266.050009,1985343,public,charge,0,0,0,0,0,0,0,0,0
1788882266.050009,1985440,public,daily_market,0,0,0,0,0,0,0,0,0
1788882266.050009,1985422,public,company,0,0,0,0,0,0,0,0,0
1788882266.050009,4169,pg_toast,pg_toast_3600,0,0,0,0,0,0,0,0,0
1788882266.050009,2615,pg_catalog,pg_namespace,1,4,5,2,0,0,0,0,0
1788882266.050009,2396,pg_catalog,pg_shdescription,0,0,0,0,0,0,0,0,0
1788882266.050009,3600,pg_catalog,pg_ts_dict,0,0,0,0,0,0,0,0,0
1788882266.050009,1985325,public,broker,0,0,0,0,0,0,0,0,0
1788882266.050009,3596,pg_catalog,pg_seclabel,0,0,0,0,0,0,0,0,0
1788882266.050009,1985460,public,financial,0,0,0,0,0,0,0,0,0
1788882266.050009,2609,pg_catalog,pg_description,0,0,0,0,0,0,0,0,0
1788882266.050009,1985351,public,commission_rate,0,0,0,0,0,0,0,0,0
1788882266.050009,13482,pg_toast,pg_toast_13479,0,0,0,0,0,0,0,0,0
1788882266.050009,1985396,public,trade_history,0,0,0,0,0,0,0,0,0
1788882266.050009,3603,pg_catalog,pg_ts_config_map,0,0,0,0,0,0,0,0,0
1788882266.050009,1213,pg_catalog,pg_tablespace,0,0,1,1,0,0,0,0,0
1788882266.050009,2608,pg_catalog,pg_depend,0,0,0,0,0,0,0,0,0
1788882266.050009,2964,pg_catalog,pg_db_role_setting,0,0,0,0,0,0,0,0,0
1788882266.050009,1985283,pg_toast,pg_toast_1985275,0,0,0,0,0,0,0,0,0
1788882266.050009,1418,pg_catalog,pg_user_mapping,0,0,0,0,0,0,0,0,0
1788882266.050009,2613,pg_catalog,pg_largeobject,0,0,0,0,0,0,0,0,0
1788882266.050009,6175,pg_toast,pg_toast_3456,0,0,0,0,0,0,0,0,0
1788882266.050009,1261,pg_catalog,pg_auth_members,0,0,0,0,0,0,0,0,0
1788882266.050009,1985335,public,cash_transaction,0,0,0,0,0,0,0,0,0
1788882266.050009,2617,pg_catalog,pg_operator,0,0,5,5,0,0,0,0,0
1788882266.050009,1985300,pg_toast,pg_toast_1985290,0,0,0,0,0,0,0,0,0
1788882266.050009,1985538,public,address,0,0,0,0,0,0,0,0,0
1788882266.050009,2610,pg_catalog,pg_index,1,221,11,14,0,0,0,0,0
1788882266.050009,1249,pg_catalog,pg_attribute,0,0,75,92,0,0,0,0,0
1788882266.050009,1985512,public,sector,0,0,0,0,0,0,0,0,0
1788882266.050009,1985415,public,trade_type,0,0,0,0,0,0,0,0,0
1788882266.050009,2600,pg_catalog,pg_aggregate,0,0,1,1,0,0,0,0,0
1788882266.050009,2966,pg_toast,pg_toast_2964,0,0,0,0,0,0,0,0,0
1788882266.050009,1985451,public,exchange,0,0,0,0,0,0,0,0,0
1788882266.050009,2618,pg_catalog,pg_rewrite,0,0,1,1,0,0,0,0,0
1788882266.050009,4177,pg_toast,pg_toast_1262,0,0,0,0,0,0,0,0,0
1788882266.050009,13484,information_schema,sql_parts,0,0,,,0,0,0,0,0
1788882266.050009,4159,pg_toast,pg_toast_2600,0,0,0,0,0,0,0,0,0
1788882266.050009,4147,pg_toast,pg_toast_3079,0,0,0,0,0,0,0,0,0
1788882266.050009,13474,information_schema,sql_features,0,0,,,0,0,0,0,0
1788882266.050009,1985394,pg_toast,pg_toast_1985372,0,0,0,0,0,0,0,0,0
1788882266.050009,1247,pg_catalog,pg_type,0,0,19,19,0,0,0,0,0
1788882266.050009,2602,pg_catalog,pg_amop,0,0,12,25,0,0,0,0,0
1788882266.050009,3439,pg_toast,pg_toast_3381,0,0,0,0,0,0,0,0,0
1788882266.050009,2846,pg_toast,pg_toast_2396,0,0,0,0,0,0,0,0,0
1788882266.050009,1985555,public,zip_code,0,0,0,0,0,0,0,0,0
1788882266.050009,1985478,pg_toast,pg_toast_1985460,0,0,0,0,0,0,0,0,0
1788882266.050009,4145,pg_toast,pg_toast_3466,0,0,0,0,0,0,0,0,0
1788882266.050009,3541,pg_catalog,pg_range,0,0,0,0,0,0,0,0,0
1788882266.050009,3602,pg_catalog,pg_ts_config,0,0,0,0,0,0,0,0,0
1788882266.050009,1985333,pg_toast,pg_toast_1985325,0,0,0,0,0,0,0,0,0
1788882266.050009,4183,pg_toast,pg_toast_6100,0,0,0,0,0,0,0,0,0
1788882266.050009,1985496,public,news_item,0,0,0,0,0,0,0,0,0
1788882266.050009,2224,pg_catalog,pg_sequence,0,0,0,0,0,0,0,0,0
1788882266.050009,2611,pg_catalog,pg_inherits,0,0,0,0,0,0,0,0,0
1788882266.050009,1417,pg_catalog,pg_foreign_server,0,0,0,0,0,0,0,0,0
1788882266.050009,1262,pg_catalog,pg_database,0,0,0,0,0,0,0,0,0
1788882266.050009,13492,pg_toast,pg_toast_13489,0,0,0,0,0,0,0,0,0
1788882266.050009,3501,pg_catalog,pg_enum,0,0,0,0,0,0,0,0,0
1788882266.050009,2607,pg_catalog,pg_conversion,0,0,0,0,0,0,0,0,0
1788882266.050009,1985449,pg_toast,pg_toast_1985440,0,0,0,0,0,0,0,0,0
1788882266.050009,826,pg_catalog,pg_default_acl,0,0,0,0,0,0,0,0,0
1788882266.050009,2604,pg_catalog,pg_attrdef,0,0,0,0,0,0,0,0,0
1788882266.050009,2336,pg_toast,pg_toast_2620,0,0,0,0,0,0,0,0,0
1788882266.050009,2603,pg_catalog,pg_amproc,0,0,5,11,0,0,0,0,0
1788882266.050009,2606,pg_catalog,pg_constraint,0,0,3,8,0,0,0,0,0
1788882266.050009,1255,pg_catalog,pg_proc,0,0,19,24,0,0,0,0,0
1788882266.050009,4173,pg_toast,pg_toast_1418,0,0,0,0,0,0,0,0,0
1788882266.050009,1985285,public,customer_taxrate,0,0,0,0,0,0,0,0,0
1788882266.050009,2620,pg_catalog,pg_trigger,0,0,0,0,0,0,0,0,0
1788882266.050009,1985256,public,account_permission,0,0,0,0,0,0,0,0,0
1788882266.050009,1985507,public,news_xref,0,0,0,0,0,0,0,0,0
1788882266.050009,1985480,public,industry,0,0,0,0,0,0,0,0,0
1788882266.050009,2612,pg_catalog,pg_language,0,0,0,0,0,0,0,0,0
1788882266.050009,4149,pg_toast,pg_toast_2328,0,0,0,0,0,0,0,0,0
1788882266.050009,6351,pg_toast,pg_toast_2610,0,0,0,0,0,0,0,0,0
1788882266.050009,13489,information_schema,sql_sizing,0,0,,,0,0,0,0,0
1788882266.050009,1985494,pg_toast,pg_toast_1985486,0,0,0,0,0,0,0,0,0
1788882266.050009,3598,pg_toast,pg_toast_3596,0,0,0,0,0,0,0,0,0
1788882266.050009,2836,pg_toast,pg_toast_1255,0,0,0,0,0,0,0,0,0
1788882266.050009,3456,pg_catalog,pg_collation,0,0,0,0,0,0,0,0,0
1788882266.050009,3079,pg_catalog,pg_extension,0,0,0,0,0,0,0,0,0
1788882266.050009,6100,pg_catalog,pg_subscription,0,0,0,0,0,0,0,0,0
1788882266.050009,2832,pg_toast,pg_toast_2606,0,0,0,0,0,0,0,0,0
1788882266.050009,3256,pg_catalog,pg_policy,0,0,0,0,0,0,0,0,0
1788882266.050009,1985302,public,holding_history,0,0,0,0,0,0,0,0,0
1788882266.050009,1985517,public,security,0,0,0,0,0,0,0,0,0
1788882266.050009,3466,pg_catalog,pg_event_trigger,0,0,0,0,0,0,0,0,0
1788882266.050009,3592,pg_catalog,pg_shseclabel,0,0,0,0,0,0,0,0,0
1788882266.050009,3764,pg_catalog,pg_ts_template,0,0,0,0,0,0,0,0,0
1788882266.050009,6237,pg_catalog,pg_publication_namespace,0,0,0,0,0,0,0,0,0
1788882266.050009,13487,pg_toast,pg_toast_13484,0,0,0,0,0,0,0,0,0
1788882266.050009,2995,pg_catalog,pg_largeobject_metadata,0,0,0,0,0,0,0,0,0
1788882266.050009,1985275,public,customer_account,0,0,0,0,0,0,0,0,0
1788882266.050009,4143,pg_toast,pg_toast_826,0,0,0,0,0,0,0,0,0
1788882266.050009,4185,pg_toast,pg_toast_1213,0,0,0,0,0,0,0,0,0
1788882266.050009,6243,pg_catalog,pg_parameter_acl,0,0,0,0,0,0,0,0,0
1788882266.050009,2616,pg_catalog,pg_opclass,0,0,8,134,0,0,0,0,0
1788882266.050009,1985290,public,holding,0,0,0,0,0,0,0,0,0
1788882266.050009,2838,pg_toast,pg_toast_2618,0,0,1,3,0,0,0,0,0
1788882266.050009,6228,pg_toast,pg_toast_6106,0,0,0,0,0,0,0,0,0
1788882266.050009,1985349,pg_toast,pg_toast_1985343,0,0,0,0,0,0,0,0,0
1788882266.050009,1985434,public,company_competitor,0,0,0,0,0,0,0,0,0
1788882266.050009,1985370,pg_toast,pg_toast_1985363,0,0,0,0,0,0,0,0,0
1788882266.050009,1985505,pg_toast,pg_toast_1985496,0,0,0,0,0,0,0,0,0
1788882266.050009,1985264,public,customer,0,0,0,0,0,0,0,0,0
1788882266.050009,3118,pg_catalog,pg_foreign_table,0,0,0,0,0,0,0,0,0
1788882266.050009,1259,pg_catalog,pg_class,1,523,12,12,0,0,0,0,0
1788882266.050009,3350,pg_catalog,pg_partitioned_table,0,0,0,0,0,0,0,0,0
1788882266.050009,4153,pg_toast,pg_toast_3118,0,0,0,0,0,0,0,0,0
1788882266.050009,4060,pg_toast,pg_toast_3592,0,0,0,0,0,0,0,0,0
1788882266.050009,1985543,public,status_type,0,0,0,0,0,0,0,0,0
1788882266.050009,4165,pg_toast,pg_toast_3350,0,0,0,0,0,0,0,0,0
1788882266.050009,1985402,public,trade_request,0,0,0,0,0,0,0,0,0
1788882266.050009,2753,pg_catalog,pg_opfamily,0,0,2,2,0,0,0,0,0
1788882266.050009,3601,pg_catalog,pg_ts_parser,0,0,0,0,0,0,0,0,0
1788882266.050009,6104,pg_catalog,pg_publication,0,0,0,0,0,0,0,0,0
1788882266.050009,13477,pg_toast,pg_toast_13474,0,0,0,0,0,0,0,0,0
1788882266.050009,3429,pg_catalog,pg_statistic_ext_data,0,0,0,0,0,0,0,0,0
1788882266.050009,2619,pg_catalog,pg_statistic,0,0,17,8,0,0,0,0,0
1788882266.050009,4155,pg_toast,pg_toast_3394,0,0,0,0,0,0,0,0,0
1788882266.050009,1985548,public,taxrate,0,0,0,0,0,0,0,0,0
1788882266.050009,3381,pg_catalog,pg_statistic_ext,0,0,3,0,0,0,0,0,0
1788882266.050009,6106,pg_catalog,pg_publication_rel,0,0,0,0,0,0,0,0,0
1788882266.050009,1985372,public,trade,0,0,0,0,0,0,0,0,0
1788882266.050009,2605,pg_catalog,pg_cast,0,0,34,7,0,0,0,0,0
1788882266.050009,4171,pg_toast,pg_toast_1247,0,0,0,0,0,0,0,0,0
1788882266.050009,2830,pg_toast,pg_toast_2604,0,0,0,0,0,0,0,0,0
1788882266.050009,1985309,public,holding_summary,0,0,0,0,0,0,0,0,0
1788882266.050009,1985413,pg_toast,pg_toast_1985402,0,0,0,0,0,0,0,0,0
1788882266.050009,13479,information_schema,sql_implementation_info,0,0,,,0,0,0,0,0
1788882266.050009,1985341,pg_toast,pg_toast_1985335,0,0,0,0,0,0,0,0,0
1788882266.050009,6244,pg_toast,pg_toast_6243,0,0,0,0,0,0,0,0,0
1788882266.050009,1985315,public,watch_item,0,0,0,0,0,0,0,0,0
1788882266.050009,3430,pg_toast,pg_toast_3429,0,0,0,0,0,0,0,0,0
1788882266.050009,1985320,public,watch_list,0,0,0,0,0,0,0,0,0
1788882326.167246,1985536,pg_toast,pg_toast_1985517,0,0,0,0,0,0,0,0,0
1788882326.167246,3576,pg_catalog,pg_transform,0,0,0,0,0,0,0,0,0
1788882326.167246,2601,pg_catalog,pg_am,0,0,0,0,0,0,0,0,0
1788882326.167246,1985363,public,settlement,0,0,0,0,0,0,0,0,0
1788882326.167246,3394,pg_catalog,pg_init_privs,0,0,0,0,0,0,0,0,0
1788882326.167246,4167,pg_toast,pg_toast_3256,0,0,0,0,0,0,0,0,0
1788882326.167246,4151,pg_toast,pg_toast_1417,0,0,0,0,0,0,0,0,0
1788882326.167246,2834,pg_toast,pg_toast_2609,0,0,0,0,0,0,0,0,0
1788882326.167246,6000,pg_catalog,pg_replication_origin,0,0,0,0,0,0,0,0,0
1788882326.167246,2840,pg_toast,pg_toast_2619,0,0,0,0,0,0,0,0,0
1788882326.167246,1985486,public,last_trade,0,0,0,0,0,0,0,0,0
1788882326.167246,2328,pg_catalog,pg_foreign_data_wrapper,0,0,0,0,0,0,0,0,0
1788882326.167246,4157,pg_toast,pg_toast_2612,0,0,0,0,0,0,0,0,0
1788882326.167246,1260,pg_catalog,pg_authid,0,0,0,0,0,0,0,0,0
1788882326.167246,6102,pg_catalog,pg_subscription_rel,0,0,0,0,0,0,0,0,0
1788882326.167246,1214,pg_catalog,pg_shdepend,0,0,0,0,0,0,0,0,0
1788882326.167246,4163,pg_toast,pg_toast_2615,0,0,0,0,0,0,0,0,0
1788882326.167246,1985343,public,charge,0,0,0,0,0,0,0,0,0
1788882326.167246,1985440,public,daily_market,0,0,0,0,0,0,0,0,0
1788882326.167246,1985422,public,company,0,0,0,0,0,0,0,0,0
1788882326.167246,4169,pg_toast,pg_toast_3600,0,0,0,0,0,0,0,0,0
1788882326.167246,2615,pg_catalog,pg_namespace,1,4,5,2,0,0,0,0,0
1788882326.167246,2396,pg_catalog,pg_shdescription,0,0,0,0,0,0,0,0,0
1788882326.167246,3600,pg_catalog,pg_ts_dict,0,0,0,0,0,0,0,0,0
1788882326.167246,1985325,public,broker,0,0,0,0,0,0,0,0,0
1788882326.167246,3596,pg_catalog,pg_seclabel,0,0,0,0,0,0,0,0,0
1788882326.167246,1985460,public,financial,0,0,0,0,0,0,0,0,0
1788882326.167246,2609,pg_catalog,pg_description,0,0,0,0,0,0,0,0,0
1788882326.167246,1985351,public,commission_rate,0,0,0,0,0,0,0,0,0
1788882326.167246,13482,pg_toast,pg_toast_13479,0,0,0,0,0,0,0,0,0
1788882326.167246,1985396,public,trade_history,0,0,0,0,0,0,0,0,0
1788882326.167246,3603,pg_catalog,pg_ts_config_map,0,0,0,0,0,0,0,0,0
1788882326.167246,1213,pg_catalog,pg_tablespace,0,0,1,1,0,0,0,0,0
1788882326.167246,2608,pg_catalog,pg_depend,0,0,0,0,0,0,0,0,0
1788882326.167246,2964,pg_catalog,pg_db_role_setting,0,0,0,0,0,0,0,0,0
1788882326.167246,1985283,pg_toast,pg_toast_1985275,0,0,0,0,0,0,0,0,0
1788882326.167246,1418,pg_catalog,pg_user_mapping,0,0,0,0,0,0,0,0,0
1788882326.167246,2613,pg_catalog,pg_largeobject,0,0,0,0,0,0,0,0,0
1788882326.167246,6175,pg_toast,pg_toast_3456,0,0,0,0,0,0,0,0,0
1788882326.167246,1261,pg_catalog,pg_auth_members,0,0,0,0,0,0,0,0,0
1788882326.167246,1985335,public,cash_transaction,0,0,0,0,0,0,0,0,0
1788882326.167246,2617,pg_catalog,pg_operator,0,0,5,5,0,0,0,0,0
1788882326.167246,1985300,pg_toast,pg_toast_1985290,0,0,0,0,0,0,0,0,0
1788882326.167246,1985538,public,address,0,0,0,0,0,0,0,0,0
1788882326.167246,2610,pg_catalog,pg_index,1,221,11,14,0,0,0,0,0
1788882326.167246,1249,pg_catalog,pg_attribute,0,0,75,92,0,0,0,0,0
1788882326.167246,1985512,public,sector,0,0,0,0,0,0,0,0,0
1788882326.167246,1985415,public,trade_type,0,0,0,0,0,0,0,0,0
1788882326.167246,2600,pg_catalog,pg_aggregate,0,0,1,1,0,0,0,0,0
1788882326.167246,2966,pg_toast,pg_toast_2964,0,0,0,0,0,0,0,0,0
1788882326.167246,1985451,public,exchange,0,0,0,0,0,0,0,0,0
1788882326.167246,2618,pg_catalog,pg_rewrite,0,0,1,1,0,0,0,0,0
1788882326.167246,4177,pg_toast,pg_toast_1262,0,0,0,0,0,0,0,0,0
1788882326.167246,13484,information_schema,sql_parts,0,0,,,0,0,0,0,0
1788882326.167246,4159,pg_toast,pg_toast_2600,0,0,0,0,0,0,0,0,0
1788882326.167246,4147,pg_toast,pg_toast_3079,0,0,0,0,0,0,0,0,0
1788882326.167246,13474,information_schema,sql_features,0,0,,,0,0,0,0,0
1788882326.167246,1985394,pg_toast,pg_toast_1985372,0,0,0,0,0,0,0,0,0
1788882326.167246,1247,pg_catalog,pg_type,0,0,19,19,0,0,0,0,0
1788882326.167246,2602,pg_catalog,pg_amop,0,0,12,25,0,0,0,0,0
1788882326.167246,3439,pg_toast,pg_toast_3381,0,0,0,0,0,0,0,0,0
1788882326.167246,2846,pg_toast,pg_toast_2396,0,0,0,0,0,0,0,0,0
1788882326.167246,1985555,public,zip_code,0,0,0,0,0,0,0,0,0
1788882326.167246,1985478,pg_toast,pg_toast_1985460,0,0,0,0,0,0,0,0,0
1788882326.167246,4145,pg_toast,pg_toast_3466,0,0,0,0,0,0,0,0,0
1788882326.167246,3541,pg_catalog,pg_range,0,0,0,0,0,0,0,0,0
1788882326.167246,3602,pg_catalog,pg_ts_config,0,0,0,0,0,0,0,0,0
1788882326.167246,1985333,pg_toast,pg_toast_1985325,0,0,0,0,0,0,0,0,0
1788882326.167246,4183,pg_toast,pg_toast_6100,0,0,0,0,0,0,0,0,0
1788882326.167246,1985496,public,news_item,0,0,0,0,0,0,0,0,0
1788882326.167246,2224,pg_catalog,pg_sequence,0,0,0,0,0,0,0,0,0
1788882326.167246,2611,pg_catalog,pg_inherits,0,0,0,0,0,0,0,0,0
1788882326.167246,1417,pg_catalog,pg_foreign_server,0,0,0,0,0,0,0,0,0
1788882326.167246,1262,pg_catalog,pg_database,0,0,0,0,0,0,0,0,0
1788882326.167246,13492,pg_toast,pg_toast_13489,0,0,0,0,0,0,0,0,0
1788882326.167246,3501,pg_catalog,pg_enum,0,0,0,0,0,0,0,0,0
1788882326.167246,2607,pg_catalog,pg_conversion,0,0,0,0,0,0,0,0,0
1788882326.167246,1985449,pg_toast,pg_toast_1985440,0,0,0,0,0,0,0,0,0
1788882326.167246,826,pg_catalog,pg_default_acl,0,0,0,0,0,0,0,0,0
1788882326.167246,2604,pg_catalog,pg_attrdef,0,0,0,0,0,0,0,0,0
1788882326.167246,2336,pg_toast,pg_toast_2620,0,0,0,0,0,0,0,0,0
1788882326.167246,2603,pg_catalog,pg_amproc,0,0,5,11,0,0,0,0,0
1788882326.167246,2606,pg_catalog,pg_constraint,0,0,3,8,0,0,0,0,0
1788882326.167246,1255,pg_catalog,pg_proc,0,0,19,24,0,0,0,0,0
1788882326.167246,4173,pg_toast,pg_toast_1418,0,0,0,0,0,0,0,0,0
1788882326.167246,1985285,public,customer_taxrate,0,0,0,0,0,0,0,0,0
1788882326.167246,2620,pg_catalog,pg_trigger,0,0,0,0,0,0,0,0,0
1788882326.167246,1985256,public,account_permission,0,0,0,0,0,0,0,0,0
1788882326.167246,1985507,public,news_xref,0,0,0,0,0,0,0,0,0
1788882326.167246,1985480,public,industry,0,0,0,0,0,0,0,0,0
1788882326.167246,2612,pg_catalog,pg_language,0,0,0,0,0,0,0,0,0
1788882326.167246,4149,pg_toast,pg_toast_2328,0,0,0,0,0,0,0,0,0
1788882326.167246,6351,pg_toast,pg_toast_2610,0,0,0,0,0,0,0,0,0
1788882326.167246,13489,information_schema,sql_sizing,0,0,,,0,0,0,0,0
1788882326.167246,1985494,pg_toast,pg_toast_1985486,0,0,0,0,0,0,0,0,0
1788882326.167246,3598,pg_toast,pg_toast_3596,0,0,0,0,0,0,0,0,0
1788882326.167246,2836,pg_toast,pg_toast_1255,0,0,0,0,0,0,0,0,0
1788882326.167246,3456,pg_catalog,pg_collation,0,0,0,0,0,0,0,0,0
1788882326.167246,3079,pg_catalog,pg_extension,0,0,0,0,0,0,0,0,0
1788882326.167246,6100,pg_catalog,pg_subscription,0,0,0,0,0,0,0,0,0
1788882326.167246,2832,pg_toast,pg_toast_2606,0,0,0,0,0,0,0,0,0
1788882326.167246,3256,pg_catalog,pg_policy,0,0,0,0,0,0,0,0,0
1788882326.167246,1985302,public,holding_history,0,0,0,0,0,0,0,0,0
1788882326.167246,1985517,public,security,0,0,0,0,0,0,0,0,0
1788882326.167246,3466,pg_catalog,pg_event_trigger,0,0,0,0,0,0,0,0,0
1788882326.167246,3592,pg_catalog,pg_shseclabel,0,0,0,0,0,0,0,0,0
1788882326.167246,3764,pg_catalog,pg_ts_template,0,0,0,0,0,0,0,0,0
1788882326.167246,6237,pg_catalog,pg_publication_namespace,0,0,0,0,0,0,0,0,0
1788882326.167246,13487,pg_toast,pg_toast_13484,0,0,0,0,0,0,0,0,0
1788882326.167246,2995,pg_catalog,pg_largeobject_metadata,0,0,0,0,0,0,0,0,0
1788882326.167246,1985275,public,customer_account,0,0,0,0,0,0,0,0,0
1788882326.167246,4143,pg_toast,pg_toast_826,0,0,0,0,0,0,0,0,0
1788882326.167246,4185,pg_toast,pg_toast_1213,0,0,0,0,0,0,0,0,0
1788882326.167246,6243,pg_catalog,pg_parameter_acl,0,0,0,0,0,0,0,0,0
1788882326.167246,2616,pg_catalog,pg_opclass,0,0,8,134,0,0,0,0,0
1788882326.167246,1985290,public,holding,0,0,0,0,0,0,0,0,0
1788882326.167246,2838,pg_toast,pg_toast_2618,0,0,1,3,0,0,0,0,0
1788882326.167246,6228,pg_toast,pg_toast_6106,0,0,0,0,0,0,0,0,0
1788882326.167246,1985349,pg_toast,pg_toast_1985343,0,0,0,0,0,0,0,0,0
1788882326.167246,1985434,public,company_competitor,0,0,0,0,0,0,0,0,0
1788882326.167246,1985370,pg_toast,pg_toast_1985363,0,0,0,0,0,0,0,0,0
1788882326.167246,1985505,pg_toast,pg_toast_1985496,0,0,0,0,0,0,0,0,0
1788882326.167246,1985264,public,customer,0,0,0,0,0,0,0,0,0
1788882326.167246,3118,pg_catalog,pg_foreign_table,0,0,0,0,0,0,0,0,0
1788882326.167246,1259,pg_catalog,pg_class,1,523,12,12,0,0,0,0,0
1788882326.167246,3350,pg_catalog,pg_partitioned_table,0,0,0,0,0,0,0,0,0
1788882326.167246,4153,pg_toast,pg_toast_3118,0,0,0,0,0,0,0,0,0
1788882326.167246,4060,pg_toast,pg_toast_3592,0,0,0,0,0,0,0,0,0
1788882326.167246,1985543,public,status_type,0,0,0,0,0,0,0,0,0
1788882326.167246,4165,pg_toast,pg_toast_3350,0,0,0,0,0,0,0,0,0
1788882326.167246,1985402,public,trade_request,0,0,0,0,0,0,0,0,0
1788882326.167246,2753,pg_catalog,pg_opfamily,0,0,2,2,0,0,0,0,0
1788882326.167246,3601,pg_catalog,pg_ts_parser,0,0,0,0,0,0,0,0,0
1788882326.167246,6104,pg_catalog,pg_publication,0,0,0,0,0,0,0,0,0
1788882326.167246,13477,pg_toast,pg_toast_13474,0,0,0,0,0,0,0,0,0
1788882326.167246,3429,pg_catalog,pg_statistic_ext_data,0,0,0,0,0,0,0,0,0
1788882326.167246,2619,pg_catalog,pg_statistic,0,0,17,8,0,0,0,0,0
1788882326.167246,4155,pg_toast,pg_toast_3394,0,0,0,0,0,0,0,0,0
1788882326.167246,1985548,public,taxrate,0,0,0,0,0,0,0,0,0
1788882326.167246,3381,pg_catalog,pg_statistic_ext,0,0,3,0,0,0,0,0,0
1788882326.167246,6106,pg_catalog,pg_publication_rel,0,0,0,0,0,0,0,0,0
1788882326.167246,1985372,public,trade,0,0,0,0,0,0,0,0,0
1788882326.167246,2605,pg_catalog,pg_cast,0,0,34,7,0,0,0,0,0
1788882326.167246,4171,pg_toast,pg_toast_1247,0,0,0,0,0,0,0,0,0
1788882326.167246,2830,pg_toast,pg_toast_2604,0,0,0,0,0,0,0,0,0
1788882326.167246,1985309,public,holding_summary,0,0,0,0,0,0,0,0,0
1788882326.167246,1985413,pg_toast,pg_toast_1985402,0,0,0,0,0,0,0,0,0
1788882326.167246,13479,information_schema,sql_implementation_info,0,0,,,0,0,0,0,0
1788882326.167246,1985341,pg_toast,pg_toast_1985335,0,0,0,0,0,0,0,0,0
1788882326.167246,6244,pg_toast,pg_toast_6243,0,0,0,0,0,0,0,0,0
1788882326.167246,1985315,public,watch_item,0,0,0,0,0,0,0,0,0
1788882326.167246,3430,pg_toast,pg_toast_3429,0,0,0,0,0,0,0,0,0
1788882326.167246,1985320,public,watch_list,0,0,0,0,0,0,0,0,0
1788882386.264495,1985536,pg_toast,pg_toast_1985517,0,0,0,0,0,0,0,0,0
1788882386.264495,3576,pg_catalog,pg_transform,0,0,0,0,0,0,0,0,0
1788882386.264495,2601,pg_catalog,pg_am,0,0,0,0,0,0,0,0,0
1788882386.264495,1985363,public,settlement,0,0,0,0,0,0,0,0,0
1788882386.264495,3394,pg_catalog,pg_init_privs,0,0,0,0,0,0,0,0,0
1788882386.264495,4167,pg_toast,pg_toast_3256,0,0,0,0,0,0,0,0,0
1788882386.264495,4151,pg_toast,pg_toast_1417,0,0,0,0,0,0,0,0,0
1788882386.264495,2834,pg_toast,pg_toast_2609,0,0,0,0,0,0,0,0,0
1788882386.264495,6000,pg_catalog,pg_replication_origin,0,0,0,0,0,0,0,0,0
1788882386.264495,2840,pg_toast,pg_toast_2619,0,0,0,0,0,0,0,0,0
1788882386.264495,1985486,public,last_trade,0,0,0,0,0,0,0,0,0
1788882386.264495,2328,pg_catalog,pg_foreign_data_wrapper,0,0,0,0,0,0,0,0,0
1788882386.264495,4157,pg_toast,pg_toast_2612,0,0,0,0,0,0,0,0,0
1788882386.264495,1260,pg_catalog,pg_authid,0,0,0,0,0,0,0,0,0
1788882386.264495,6102,pg_catalog,pg_subscription_rel,0,0,0,0,0,0,0,0,0
1788882386.264495,1214,pg_catalog,pg_shdepend,0,0,0,0,0,0,0,0,0
1788882386.264495,4163,pg_toast,pg_toast_2615,0,0,0,0,0,0,0,0,0
1788882386.264495,1985343,public,charge,0,0,0,0,0,0,0,0,0
1788882386.264495,1985440,public,daily_market,0,0,0,0,0,0,0,0,0
1788882386.264495,1985422,public,company,0,0,0,0,0,0,0,0,0
1788882386.264495,4169,pg_toast,pg_toast_3600,0,0,0,0,0,0,0,0,0
1788882386.264495,2615,pg_catalog,pg_namespace,1,4,5,2,0,0,0,0,0
1788882386.264495,2396,pg_catalog,pg_shdescription,0,0,0,0,0,0,0,0,0
1788882386.264495,3600,pg_catalog,pg_ts_dict,0,0,0,0,0,0,0,0,0
1788882386.264495,1985325,public,broker,0,0,0,0,0,0,0,0,0
1788882386.264495,3596,pg_catalog,pg_seclabel,0,0,0,0,0,0,0,0,0
1788882386.264495,1985460,public,financial,0,0,0,0,0,0,0,0,0
1788882386.264495,2609,pg_catalog,pg_description,0,0,0,0,0,0,0,0,0
1788882386.264495,1985351,public,commission_rate,0,0,0,0,0,0,0,0,0
1788882386.264495,13482,pg_toast,pg_toast_13479,0,0,0,0,0,0,0,0,0
1788882386.264495,1985396,public,trade_history,0,0,0,0,0,0,0,0,0
1788882386.264495,3603,pg_catalog,pg_ts_config_map,0,0,0,0,0,0,0,0,0
1788882386.264495,1213,pg_catalog,pg_tablespace,0,0,1,1,0,0,0,0,0
1788882386.264495,2608,pg_catalog,pg_depend,0,0,0,0,0,0,0,0,0
1788882386.264495,2964,pg_catalog,pg_db_role_setting,0,0,0,0,0,0,0,0,0
1788882386.264495,1985283,pg_toast,pg_toast_1985275,0,0,0,0,0,0,0,0,0
1788882386.264495,1418,pg_catalog,pg_user_mapping,0,0,0,0,0,0,0,0,0
1788882386.264495,2613,pg_catalog,pg_largeobject,0,0,0,0,0,0,0,0,0
1788882386.264495,6175,pg_toast,pg_toast_3456,0,0,0,0,0,0,0,0,0
1788882386.264495,1261,pg_catalog,pg_auth_members,0,0,0,0,0,0,0,0,0
1788882386.264495,1985335,public,cash_transaction,0,0,0,0,0,0,0,0,0
1788882386.264495,2617,pg_catalog,pg_operator,0,0,5,5,0,0,0,0,0
1788882386.264495,1985300,pg_toast,pg_toast_1985290,0,0,0,0,0,0,0,0,0
1788882386.264495,1985538,public,address,0,0,0,0,0,0,0,0,0
1788882386.264495,2610,pg_catalog,pg_index,1,221,11,14,0,0,0,0,0
1788882386.264495,1249,pg_catalog,pg_attribute,0,0,75,92,0,0,0,0,0
1788882386.264495,1985512,public,sector,0,0,0,0,0,0,0,0,0
1788882386.264495,1985415,public,trade_type,0,0,0,0,0,0,0,0,0
1788882386.264495,2600,pg_catalog,pg_aggregate,0,0,1,1,0,0,0,0,0
1788882386.264495,2966,pg_toast,pg_toast_2964,0,0,0,0,0,0,0,0,0
1788882386.264495,1985451,public,exchange,0,0,0,0,0,0,0,0,0
1788882386.264495,2618,pg_catalog,pg_rewrite,0,0,1,1,0,0,0,0,0
1788882386.264495,4177,pg_toast,pg_toast_1262,0,0,0,0,0,0,0,0,0
1788882386.264495,13484,information_schema,sql_parts,0,0,,,0,0,0,0,0
1788882386.264495,4159,pg_toast,pg_toast_2600,0,0,0,0,0,0,0,0,0
1788882386.264495,4147,pg_toast,pg_toast_3079,0,0,0,0,0,0,0,0,0
1788882386.264495,13474,information_schema,sql_features,0,0,,,0,0,0,0,0
1788882386.264495,1985394,pg_toast,pg_toast_1985372,0,0,0,0,0,0,0,0,0
1788882386.264495,1247,pg_catalog,pg_type,0,0,19,19,0,0,0,0,0
1788882386.264495,2602,pg_catalog,pg_amop,0,0,12,25,0,0,0,0,0
1788882386.264495,3439,pg_toast,pg_toast_3381,0,0,0,0,0,0,0,0,0
1788882386.264495,2846,pg_toast,pg_toast_2396,0,0,0,0,0,0,0,0,0
1788882386.264495,1985555,public,zip_code,0,0,0,0,0,0,0,0,0
1788882386.264495,1985478,pg_toast,pg_toast_1985460,0,0,0,0,0,0,0,0,0
1788882386.264495,4145,pg_toast,pg_toast_3466,0,0,0,0,0,0,0,0,0
1788882386.264495,3541,pg_catalog,pg_range,0,0,0,0,0,0,0,0,0
1788882386.264495,3602,pg_catalog,pg_ts_config,0,0,0,0,0,0,0,0,0
1788882386.264495,1985333,pg_toast,pg_toast_1985325,0,0,0,0,0,0,0,0,0
1788882386.264495,4183,pg_toast,pg_toast_6100,0,0,0,0,0,0,0,0,0
1788882386.264495,1985496,public,news_item,0,0,0,0,0,0,0,0,0
1788882386.264495,2224,pg_catalog,pg_sequence,0,0,0,0,0,0,0,0,0
1788882386.264495,2611,pg_catalog,pg_inherits,0,0,0,0,0,0,0,0,0
1788882386.264495,1417,pg_catalog,pg_foreign_server,0,0,0,0,0,0,0,0,0
1788882386.264495,1262,pg_catalog,pg_database,0,0,0,0,0,0,0,0,0
1788882386.264495,13492,pg_toast,pg_toast_13489,0,0,0,0,0,0,0,0,0
1788882386.264495,3501,pg_catalog,pg_enum,0,0,0,0,0,0,0,0,0
1788882386.264495,2607,pg_catalog,pg_conversion,0,0,0,0,0,0,0,0,0
1788882386.264495,1985449,pg_toast,pg_toast_1985440,0,0,0,0,0,0,0,0,0
1788882386.264495,826,pg_catalog,pg_default_acl,0,0,0,0,0,0,0,0,0
1788882386.264495,2604,pg_catalog,pg_attrdef,0,0,0,0,0,0,0,0,0
1788882386.264495,2336,pg_toast,pg_toast_2620,0,0,0,0,0,0,0,0,0
1788882386.264495,2603,pg_catalog,pg_amproc,0,0,5,11,0,0,0,0,0
1788882386.264495,2606,pg_catalog,pg_constraint,0,0,3,8,0,0,0,0,0
1788882386.264495,1255,pg_catalog,pg_proc,0,0,19,24,0,0,0,0,0
1788882386.264495,4173,pg_toast,pg_toast_1418,0,0,0,0,0,0,0,0,0
1788882386.264495,1985285,public,customer_taxrate,0,0,0,0,0,0,0,0,0
1788882386.264495,2620,pg_catalog,pg_trigger,0,0,0,0,0,0,0,0,0
1788882386.264495,1985256,public,account_permission,0,0,0,0,0,0,0,0,0
1788882386.264495,1985507,public,news_xref,0,0,0,0,0,0,0,0,0
1788882386.264495,1985480,public,industry,0,0,0,0,0,0,0,0,0
1788882386.264495,2612,pg_catalog,pg_language,0,0,0,0,0,0,0,0,0
1788882386.264495,4149,pg_toast,pg_toast_2328,0,0,0,0,0,0,0,0,0
1788882386.264495,6351,pg_toast,pg_toast_2610,0,0,0,0,0,0,0,0,0
1788882386.264495,13489,information_schema,sql_sizing,0,0,,,0,0,0,0,0
1788882386.264495,1985494,pg_toast,pg_toast_1985486,0,0,0,0,0,0,0,0,0
1788882386.264495,3598,pg_toast,pg_toast_3596,0,0,0,0,0,0,0,0,0
1788882386.264495,2836,pg_toast,pg_toast_1255,0,0,0,0,0,0,0,0,0
1788882386.264495,3456,pg_catalog,pg_collation,0,0,0,0,0,0,0,0,0
1788882386.264495,3079,pg_catalog,pg_extension,0,0,0,0,0,0,0,0,0
1788882386.264495,6100,pg_catalog,pg_subscription,0,0,0,0,0,0,0,0,0
1788882386.264495,2832,pg_toast,pg_toast_2606,0,0,0,0,0,0,0,0,0
1788882386.264495,3256,pg_catalog,pg_policy,0,0,0,0,0,0,0,0,0
1788882386.264495,1985302,public,holding_history,0,0,0,0,0,0,0,0,0
1788882386.264495,1985517,public,security,0,0,0,0,0,0,0,0,0
1788882386.264495,3466,pg_catalog,pg_event_trigger,0,0,0,0,0,0,0,0,0
1788882386.264495,3592,pg_catalog,pg_shseclabel,0,0,0,0,0,0,0,0,0
1788882386.264495,3764,pg_catalog,pg_ts_template,0,0,0,0,0,0,0,0,0
1788882386.264495,6237,pg_catalog,pg_publication_namespace,0,0,0,0,0,0,0,0,0
1788882386.264495,13487,pg_toast,pg_toast_13484,0,0,0,0,0,0,0,0,0
1788882386.264495,2995,pg_catalog,pg_largeobject_metadata,0,0,0,0,0,0,0,0,0
1788882386.264495,1985275,public,customer_account,0,0,0,0,0,0,0,0,0
1788882386.264495,4143,pg_toast,pg_toast_826,0,0,0,0,0,0,0,0,0
1788882386.264495,4185,pg_toast,pg_toast_1213,0,0,0,0,0,0,0,0,0
1788882386.264495,6243,pg_catalog,pg_parameter_acl,0,0,0,0,0,0,0,0,0
1788882386.264495,2616,pg_catalog,pg_opclass,0,0,8,134,0,0,0,0,0
1788882386.264495,1985290,public,holding,0,0,0,0,0,0,0,0,0
1788882386.264495,2838,pg_toast,pg_toast_2618,0,0,1,3,0,0,0,0,0
1788882386.264495,6228,pg_toast,pg_toast_6106,0,0,0,0,0,0,0,0,0
1788882386.264495,1985349,pg_toast,pg_toast_1985343,0,0,0,0,0,0,0,0,0
1788882386.264495,1985434,public,company_competitor,0,0,0,0,0,0,0,0,0
1788882386.264495,1985370,pg_toast,pg_toast_1985363,0,0,0,0,0,0,0,0,0
1788882386.264495,1985505,pg_toast,pg_toast_1985496,0,0,0,0,0,0,0,0,0
1788882386.264495,1985264,public,customer,0,0,0,0,0,0,0,0,0
1788882386.264495,3118,pg_catalog,pg_foreign_table,0,0,0,0,0,0,0,0,0
1788882386.264495,1259,pg_catalog,pg_class,1,523,12,12,0,0,0,0,0
1788882386.264495,3350,pg_catalog,pg_partitioned_table,0,0,0,0,0,0,0,0,0
1788882386.264495,4153,pg_toast,pg_toast_3118,0,0,0,0,0,0,0,0,0
1788882386.264495,4060,pg_toast,pg_toast_3592,0,0,0,0,0,0,0,0,0
1788882386.264495,1985543,public,status_type,0,0,0,0,0,0,0,0,0
1788882386.264495,4165,pg_toast,pg_toast_3350,0,0,0,0,0,0,0,0,0
1788882386.264495,1985402,public,trade_request,0,0,0,0,0,0,0,0,0
1788882386.264495,2753,pg_catalog,pg_opfamily,0,0,2,2,0,0,0,0,0
1788882386.264495,3601,pg_catalog,pg_ts_parser,0,0,0,0,0,0,0,0,0
1788882386.264495,6104,pg_catalog,pg_publication,0,0,0,0,0,0,0,0,0
1788882386.264495,13477,pg_toast,pg_toast_13474,0,0,0,0,0,0,0,0,0
1788882386.264495,3429,pg_catalog,pg_statistic_ext_data,0,0,0,0,0,0,0,0,0
1788882386.264495,2619,pg_catalog,pg_statistic,0,0,17,8,0,0,0,0,0
1788882386.264495,4155,pg_toast,pg_toast_3394,0,0,0,0,0,0,0,0,0
1788882386.264495,1985548,public,taxrate,0,0,0,0,0,0,0,0,0
1788882386.264495,3381,pg_catalog,pg_statistic_ext,0,0,3,0,0,0,0,0,0
1788882386.264495,6106,pg_catalog,pg_publication_rel,0,0,0,0,0,0,0,0,0
1788882386.264495,1985372,public,trade,0,0,0,0,0,0,0,0,0
1788882386.264495,2605,pg_catalog,pg_cast,0,0,34,7,0,0,0,0,0
1788882386.264495,4171,pg_toast,pg_toast_1247,0,0,0,0,0,0,0,0,0
1788882386.264495,2830,pg_toast,pg_toast_2604,0,0,0,0,0,0,0,0,0
1788882386.264495,1985309,public,holding_summary,0,0,0,0,0,0,0,0,0
1788882386.264495,1985413,pg_toast,pg_toast_1985402,0,0,0,0,0,0,0,0,0
1788882386.264495,13479,information_schema,sql_implementation_info,0,0,,,0,0,0,0,0
1788882386.264495,1985341,pg_toast,pg_toast_1985335,0,0,0,0,0,0,0,0,0
1788882386.264495,6244,pg_toast,pg_toast_6243,0,0,0,0,0,0,0,0,0
1788882386.264495,1985315,public,watch_item,0,0,0,0,0,0,0,0,0
1788882386.264495,3430,pg_toast,pg_toast_3429,0,0,0,0,0,0,0,0,0
1788882386.264495,1985320,public,watch_list,0,0,0,0,0,0,0,0,0
1788882446.346102,1985536,pg_toast,pg_toast_1985517,0,0,0,0,0,0,0,0,0
1788882446.346102,3576,pg_catalog,pg_transform,0,0,0,0,0,0,0,0,0
1788882446.346102,2601,pg_catalog,pg_am,0,0,0,0,0,0,0,0,0
1788882446.346102,1985363,public,settlement,0,0,0,0,0,0,0,0,0
1788882446.346102,3394,pg_catalog,pg_init_privs,0,0,0,0,0,0,0,0,0
1788882446.346102,4167,pg_toast,pg_toast_3256,0,0,0,0,0,0,0,0,0
1788882446.346102,4151,pg_toast,pg_toast_1417,0,0,0,0,0,0,0,0,0
1788882446.346102,2834,pg_toast,pg_toast_2609,0,0,0,0,0,0,0,0,0
1788882446.346102,6000,pg_catalog,pg_replication_origin,0,0,0,0,0,0,0,0,0
1788882446.346102,2840,pg_toast,pg_toast_2619,0,0,0,0,0,0,0,0,0
1788882446.346102,1985486,public,last_trade,0,0,0,0,0,0,0,0,0
1788882446.346102,2328,pg_catalog,pg_foreign_data_wrapper,0,0,0,0,0,0,0,0,0
1788882446.346102,4157,pg_toast,pg_toast_2612,0,0,0,0,0,0,0,0,0
1788882446.346102,1260,pg_catalog,pg_authid,0,0,0,0,0,0,0,0,0
1788882446.346102,6102,pg_catalog,pg_subscription_rel,0,0,0,0,0,0,0,0,0
1788882446.346102,1214,pg_catalog,pg_shdepend,0,0,0,0,0,0,0,0,0
1788882446.346102,4163,pg_toast,pg_toast_2615,0,0,0,0,0,0,0,0,0
1788882446.346102,1985343,public,charge,0,0,0,0,0,0,0,0,0
1788882446.346102,1985440,public,daily_market,0,0,0,0,0,0,0,0,0
1788882446.346102,1985422,public,company,0,0,0,0,0,0,0,0,0
1788882446.346102,4169,pg_toast,pg_toast_3600,0,0,0,0,0,0,0,0,0
1788882446.346102,2615,pg_catalog,pg_namespace,1,4,5,2,0,0,0,0,0
1788882446.346102,2396,pg_catalog,pg_shdescription,0,0,0,0,0,0,0,0,0
1788882446.346102,3600,pg_catalog,pg_ts_dict,0,0,0,0,0,0,0,0,0
1788882446.346102,1985325,public,broker,0,0,0,0,0,0,0,0,0
1788882446.346102,3596,pg_catalog,pg_seclabel,0,0,0,0,0,0,0,0,0
1788882446.346102,1985460,public,financial,0,0,0,0,0,0,0,0,0
1788882446.346102,2609,pg_catalog,pg_description,0,0,0,0,0,0,0,0,0
1788882446.346102,1985351,public,commission_rate,0,0,0,0,0,0,0,0,0
1788882446.346102,13482,pg_toast,pg_toast_13479,0,0,0,0,0,0,0,0,0
1788882446.346102,1985396,public,trade_history,0,0,0,0,0,0,0,0,0
1788882446.346102,3603,pg_catalog,pg_ts_config_map,0,0,0,0,0,0,0,0,0
1788882446.346102,1213,pg_catalog,pg_tablespace,0,0,1,1,0,0,0,0,0
1788882446.346102,2608,pg_catalog,pg_depend,0,0,0,0,0,0,0,0,0
1788882446.346102,2964,pg_catalog,pg_db_role_setting,0,0,0,0,0,0,0,0,0
1788882446.346102,1985283,pg_toast,pg_toast_1985275,0,0,0,0,0,0,0,0,0
1788882446.346102,1418,pg_catalog,pg_user_mapping,0,0,0,0,0,0,0,0,0
1788882446.346102,2613,pg_catalog,pg_largeobject,0,0,0,0,0,0,0,0,0
1788882446.346102,6175,pg_toast,pg_toast_3456,0,0,0,0,0,0,0,0,0
1788882446.346102,1261,pg_catalog,pg_auth_members,0,0,0,0,0,0,0,0,0
1788882446.346102,1985335,public,cash_transaction,0,0,0,0,0,0,0,0,0
1788882446.346102,2617,pg_catalog,pg_operator,0,0,5,5,0,0,0,0,0
1788882446.346102,1985300,pg_toast,pg_toast_1985290,0,0,0,0,0,0,0,0,0
1788882446.346102,1985538,public,address,0,0,0,0,0,0,0,0,0
1788882446.346102,2610,pg_catalog,pg_index,1,221,11,14,0,0,0,0,0
1788882446.346102,1249,pg_catalog,pg_attribute,0,0,75,92,0,0,0,0,0
1788882446.346102,1985512,public,sector,0,0,0,0,0,0,0,0,0
1788882446.346102,1985415,public,trade_type,0,0,0,0,0,0,0,0,0
1788882446.346102,2600,pg_catalog,pg_aggregate,0,0,1,1,0,0,0,0,0
1788882446.346102,2966,pg_toast,pg_toast_2964,0,0,0,0,0,0,0,0,0
1788882446.346102,1985451,public,exchange,0,0,0,0,0,0,0,0,0
1788882446.346102,2618,pg_catalog,pg_rewrite,0,0,1,1,0,0,0,0,0
1788882446.346102,4177,pg_toast,pg_toast_1262,0,0,0,0,0,0,0,0,0
1788882446.346102,13484,information_schema,sql_parts,0,0,,,0,0,0,0,0
1788882446.346102,4159,pg_toast,pg_toast_2600,0,0,0,0,0,0,0,0,0
1788882446.346102,4147,pg_toast,pg_toast_3079,0,0,0,0,0,0,0,0,0
1788882446.346102,13474,information_schema,sql_features,0,0,,,0,0,0,0,0
1788882446.346102,1985394,pg_toast,pg_toast_1985372,0,0,0,0,0,0,0,0,0
1788882446.346102,1247,pg_catalog,pg_type,0,0,19,19,0,0,0,0,0
1788882446.346102,2602,pg_catalog,pg_amop,0,0,12,25,0,0,0,0,0
1788882446.346102,3439,pg_toast,pg_toast_3381,0,0,0,0,0,0,0,0,0
1788882446.346102,2846,pg_toast,pg_toast_2396,0,0,0,0,0,0,0,0,0
1788882446.346102,1985555,public,zip_code,0,0,0,0,0,0,0,0,0
1788882446.346102,1985478,pg_toast,pg_toast_1985460,0,0,0,0,0,0,0,0,0
1788882446.346102,4145,pg_toast,pg_toast_3466,0,0,0,0,0,0,0,0,0
1788882446.346102,3541,pg_catalog,pg_range,0,0,0,0,0,0,0,0,0
1788882446.346102,3602,pg_catalog,pg_ts_config,0,0,0,0,0,0,0,0,0
1788882446.346102,1985333,pg_toast,pg_toast_1985325,0,0,0,0,0,0,0,0,0
1788882446.346102,4183,pg_toast,pg_toast_6100,0,0,0,0,0,0,0,0,0
1788882446.346102,1985496,public,news_item,0,0,0,0,0,0,0,0,0
1788882446.346102,2224,pg_catalog,pg_sequence,0,0,0,0,0,0,0,0,0
1788882446.346102,2611,pg_catalog,pg_inherits,0,0,0,0,0,0,0,0,0
1788882446.346102,1417,pg_catalog,pg_foreign_server,0,0,0,0,0,0,0,0,0
1788882446.346102,1262,pg_catalog,pg_database,0,0,0,0,0,0,0,0,0
1788882446.346102,13492,pg_toast,pg_toast_13489,0,0,0,0,0,0,0,0,0
1788882446.346102,3501,pg_catalog,pg_enum,0,0,0,0,0,0,0,0,0
1788882446.346102,2607,pg_catalog,pg_conversion,0,0,0,0,0,0,0,0,0
1788882446.346102,1985449,pg_toast,pg_toast_1985440,0,0,0,0,0,0,0,0,0
1788882446.346102,826,pg_catalog,pg_default_acl,0,0,0,0,0,0,0,0,0
1788882446.346102,2604,pg_catalog,pg_attrdef,0,0,0,0,0,0,0,0,0
1788882446.346102,2336,pg_toast,pg_toast_2620,0,0,0,0,0,0,0,0,0
1788882446.346102,2603,pg_catalog,pg_amproc,0,0,5,11,0,0,0,0,0
1788882446.346102,2606,pg_catalog,pg_constraint,0,0,3,8,0,0,0,0,0
1788882446.346102,1255,pg_catalog,pg_proc,0,0,19,24,0,0,0,0,0
1788882446.346102,4173,pg_toast,pg_toast_1418,0,0,0,0,0,0,0,0,0
1788882446.346102,1985285,public,customer_taxrate,0,0,0,0,0,0,0,0,0
1788882446.346102,2620,pg_catalog,pg_trigger,0,0,0,0,0,0,0,0,0
1788882446.346102,1985256,public,account_permission,0,0,0,0,0,0,0,0,0
1788882446.346102,1985507,public,news_xref,0,0,0,0,0,0,0,0,0
1788882446.346102,1985480,public,industry,0,0,0,0,0,0,0,0,0
1788882446.346102,2612,pg_catalog,pg_language,0,0,0,0,0,0,0,0,0
1788882446.346102,4149,pg_toast,pg_toast_2328,0,0,0,0,0,0,0,0,0
1788882446.346102,6351,pg_toast,pg_toast_2610,0,0,0,0,0,0,0,0,0
1788882446.346102,13489,information_schema,sql_sizing,0,0,,,0,0,0,0,0
1788882446.346102,1985494,pg_toast,pg_toast_1985486,0,0,0,0,0,0,0,0,0
1788882446.346102,3598,pg_toast,pg_toast_3596,0,0,0,0,0,0,0,0,0
1788882446.346102,2836,pg_toast,pg_toast_1255,0,0,0,0,0,0,0,0,0
1788882446.346102,3456,pg_catalog,pg_collation,0,0,0,0,0,0,0,0,0
1788882446.346102,3079,pg_catalog,pg_extension,0,0,0,0,0,0,0,0,0
1788882446.346102,6100,pg_catalog,pg_subscription,0,0,0,0,0,0,0,0,0
1788882446.346102,2832,pg_toast,pg_toast_2606,0,0,0,0,0,0,0,0,0
1788882446.346102,3256,pg_catalog,pg_policy,0,0,0,0,0,0,0,0,0
1788882446.346102,1985302,public,holding_history,0,0,0,0,0,0,0,0,0
1788882446.346102,1985517,public,security,0,0,0,0,0,0,0,0,0
1788882446.346102,3466,pg_catalog,pg_event_trigger,0,0,0,0,0,0,0,0,0
1788882446.346102,3592,pg_catalog,pg_shseclabel,0,0,0,0,0,0,0,0,0
1788882446.346102,3764,pg_catalog,pg_ts_template,0,0,0,0,0,0,0,0,0
1788882446.346102,6237,pg_catalog,pg_publication_namespace,0,0,0,0,0,0,0,0,0
1788882446.346102,13487,pg_toast,pg_toast_13484,0,0,0,0,0,0,0,0,0
1788882446.346102,2995,pg_catalog,pg_largeobject_metadata,0,0,0,0,0,0,0,0,0
1788882446.346102,1985275,public,customer_account,0,0,0,0,0,0,0,0,0
1788882446.346102,4143,pg_toast,pg_toast_826,0,0,0,0,0,0,0,0,0
1788882446.346102,4185,pg_toast,pg_toast_1213,0,0,0,0,0,0,0,0,0
1788882446.346102,6243,pg_catalog,pg_parameter_acl,0,0,0,0,0,0,0,0,0
1788882446.346102,2616,pg_catalog,pg_opclass,0,0,8,134,0,0,0,0,0
1788882446.346102,1985290,public,holding,0,0,0,0,0,0,0,0,0
1788882446.346102,2838,pg_toast,pg_toast_2618,0,0,1,3,0,0,0,0,0
1788882446.346102,6228,pg_toast,pg_toast_6106,0,0,0,0,0,0,0,0,0
1788882446.346102,1985349,pg_toast,pg_toast_1985343,0,0,0,0,0,0,0,0,0
1788882446.346102,1985434,public,company_competitor,0,0,0,0,0,0,0,0,0
1788882446.346102,1985370,pg_toast,pg_toast_1985363,0,0,0,0,0,0,0,0,0
1788882446.346102,1985505,pg_toast,pg_toast_1985496,0,0,0,0,0,0,0,0,0
1788882446.346102,1985264,public,customer,0,0,0,0,0,0,0,0,0
1788882446.346102,3118,pg_catalog,pg_foreign_table,0,0,0,0,0,0,0,0,0
1788882446.346102,1259,pg_catalog,pg_class,1,523,12,12,0,0,0,0,0
1788882446.346102,3350,pg_catalog,pg_partitioned_table,0,0,0,0,0,0,0,0,0
1788882446.346102,4153,pg_toast,pg_toast_3118,0,0,0,0,0,0,0,0,0
1788882446.346102,4060,pg_toast,pg_toast_3592,0,0,0,0,0,0,0,0,0
1788882446.346102,1985543,public,status_type,0,0,0,0,0,0,0,0,0
1788882446.346102,4165,pg_toast,pg_toast_3350,0,0,0,0,0,0,0,0,0
1788882446.346102,1985402,public,trade_request,0,0,0,0,0,0,0,0,0
1788882446.346102,2753,pg_catalog,pg_opfamily,0,0,2,2,0,0,0,0,0
1788882446.346102,3601,pg_catalog,pg_ts_parser,0,0,0,0,0,0,0,0,0
1788882446.346102,6104,pg_catalog,pg_publication,0,0,0,0,0,0,0,0,0
1788882446.346102,13477,pg_toast,pg_toast_13474,0,0,0,0,0,0,0,0,0
1788882446.346102,3429,pg_catalog,pg_statistic_ext_data,0,0,0,0,0,0,0,0,0
1788882446.346102,2619,pg_catalog,pg_statistic,0,0,17,8,0,0,0,0,0
1788882446.346102,4155,pg_toast,pg_toast_3394,0,0,0,0,0,0,0,0,0
1788882446.346102,1985548,public,taxrate,0,0,0,0,0,0,0,0,0
1788882446.346102,3381,pg_catalog,pg_statistic_ext,0,0,3,0,0,0,0,0,0
1788882446.346102,6106,pg_catalog,pg_publication_rel,0,0,0,0,0,0,0,0,0
1788882446.346102,1985372,public,trade,0,0,0,0,0,0,0,0,0
1788882446.346102,2605,pg_catalog,pg_cast,0,0,34,7,0,0,0,0,0
1788882446.346102,4171,pg_toast,pg_toast_1247,0,0,0,0,0,0,0,0,0
1788882446.346102,2830,pg_toast,pg_toast_2604,0,0,0,0,0,0,0,0,0
1788882446.346102,1985309,public,holding_summary,0,0,0,0,0,0,0,0,0
1788882446.346102,1985413,pg_toast,pg_toast_1985402,0,0,0,0,0,0,0,0,0
1788882446.346102,13479,information_schema,sql_implementation_info,0,0,,,0,0,0,0,0
1788882446.346102,1985341,pg_toast,pg_toast_1985335,0,0,0,0,0,0,0,0,0
1788882446.346102,6244,pg_toast,pg_toast_6243,0,0,0,0,0,0,0,0,0
1788882446.346102,1985315,public,watch_item,0,0,0,0,0,0,0,0,0
1788882446.346102,3430,pg_toast,pg_toast_3429,0,0,0,0,0,0,0,0,0
1788882446.346102,1985320,public,watch_list,0,0,0,0,0,0,0,0,0
1788882506.443691,1985536,pg_toast,pg_toast_1985517,0,0,0,0,0,0,0,0,0
1788882506.443691,3576,pg_catalog,pg_transform,0,0,0,0,0,0,0,0,0
1788882506.443691,2601,pg_catalog,pg_am,0,0,0,0,0,0,0,0,0
1788882506.443691,1985363,public,settlement,0,0,0,0,0,0,0,0,0
1788882506.443691,3394,pg_catalog,pg_init_privs,0,0,0,0,0,0,0,0,0
1788882506.443691,4167,pg_toast,pg_toast_3256,0,0,0,0,0,0,0,0,0
1788882506.443691,4151,pg_toast,pg_toast_1417,0,0,0,0,0,0,0,0,0
1788882506.443691,2834,pg_toast,pg_toast_2609,0,0,0,0,0,0,0,0,0
1788882506.443691,6000,pg_catalog,pg_replication_origin,0,0,0,0,0,0,0,0,0
1788882506.443691,2840,pg_toast,pg_toast_2619,0,0,0,0,0,0,0,0,0
1788882506.443691,1985486,public,last_trade,0,0,0,0,0,0,0,0,0
1788882506.443691,2328,pg_catalog,pg_foreign_data_wrapper,0,0,0,0,0,0,0,0,0
1788882506.443691,4157,pg_toast,pg_toast_2612,0,0,0,0,0,0,0,0,0
1788882506.443691,1260,pg_catalog,pg_authid,0,0,0,0,0,0,0,0,0
1788882506.443691,6102,pg_catalog,pg_subscription_rel,0,0,0,0,0,0,0,0,0
1788882506.443691,1214,pg_catalog,pg_shdepend,0,0,0,0,0,0,0,0,0
1788882506.443691,4163,pg_toast,pg_toast_2615,0,0,0,0,0,0,0,0,0
1788882506.443691,1985343,public,charge,0,0,0,0,0,0,0,0,0
1788882506.443691,1985440,public,daily_market,0,0,0,0,0,0,0,0,0
1788882506.443691,1985422,public,company,0,0,0,0,0,0,0,0,0
1788882506.443691,4169,pg_toast,pg_toast_3600,0,0,0,0,0,0,0,0,0
1788882506.443691,2615,pg_catalog,pg_namespace,1,4,5,2,0,0,0,0,0
1788882506.443691,2396,pg_catalog,pg_shdescription,0,0,0,0,0,0,0,0,0
1788882506.443691,3600,pg_catalog,pg_ts_dict,0,0,0,0,0,0,0,0,0
1788882506.443691,1985325,public,broker,0,0,0,0,0,0,0,0,0
1788882506.443691,3596,pg_catalog,pg_seclabel,0,0,0,0,0,0,0,0,0
1788882506.443691,1985460,public,financial,0,0,0,0,0,0,0,0,0
1788882506.443691,2609,pg_catalog,pg_description,0,0,0,0,0,0,0,0,0
1788882506.443691,1985351,public,commission_rate,0,0,0,0,0,0,0,0,0
1788882506.443691,13482,pg_toast,pg_toast_13479,0,0,0,0,0,0,0,0,0
1788882506.443691,1985396,public,trade_history,0,0,0,0,0,0,0,0,0
1788882506.443691,3603,pg_catalog,pg_ts_config_map,0,0,0,0,0,0,0,0,0
1788882506.443691,1213,pg_catalog,pg_tablespace,0,0,1,1,0,0,0,0,0
1788882506.443691,2608,pg_catalog,pg_depend,0,0,0,0,0,0,0,0,0
1788882506.443691,2964,pg_catalog,pg_db_role_setting,0,0,0,0,0,0,0,0,0
1788882506.443691,1985283,pg_toast,pg_toast_1985275,0,0,0,0,0,0,0,0,0
1788882506.443691,1418,pg_catalog,pg_user_mapping,0,0,0,0,0,0,0,0,0
1788882506.443691,2613,pg_catalog,pg_largeobject,0,0,0,0,0,0,0,0,0
1788882506.443691,6175,pg_toast,pg_toast_3456,0,0,0,0,0,0,0,0,0
1788882506.443691,1261,pg_catalog,pg_auth_members,0,0,0,0,0,0,0,0,0
1788882506.443691,1985335,public,cash_transaction,0,0,0,0,0,0,0,0,0
1788882506.443691,2617,pg_catalog,pg_operator,0,0,5,5,0,0,0,0,0
1788882506.443691,1985300,pg_toast,pg_toast_1985290,0,0,0,0,0,0,0,0,0
1788882506.443691,1985538,public,address,0,0,0,0,0,0,0,0,0
1788882506.443691,2610,pg_catalog,pg_index,1,221,11,14,0,0,0,0,0
1788882506.443691,1249,pg_catalog,pg_attribute,0,0,75,92,0,0,0,0,0
1788882506.443691,1985512,public,sector,0,0,0,0,0,0,0,0,0
1788882506.443691,1985415,public,trade_type,0,0,0,0,0,0,0,0,0
1788882506.443691,2600,pg_catalog,pg_aggregate,0,0,1,1,0,0,0,0,0
1788882506.443691,2966,pg_toast,pg_toast_2964,0,0,0,0,0,0,0,0,0
1788882506.443691,1985451,public,exchange,0,0,0,0,0,0,0,0,0
1788882506.443691,2618,pg_catalog,pg_rewrite,0,0,1,1,0,0,0,0,0
1788882506.443691,4177,pg_toast,pg_toast_1262,0,0,0,0,0,0,0,0,0
1788882506.443691,13484,information_schema,sql_parts,0,0,,,0,0,0,0,0
1788882506.443691,4159,pg_toast,pg_toast_2600,0,0,0,0,0,0,0,0,0
1788882506.443691,4147,pg_toast,pg_toast_3079,0,0,0,0,0,0,0,0,0
1788882506.443691,13474,information_schema,sql_features,0,0,,,0,0,0,0,0
1788882506.443691,1985394,pg_toast,pg_toast_1985372,0,0,0,0,0,0,0,0,0
1788882506.443691,1247,pg_catalog,pg_type,0,0,19,19,0,0,0,0,0
1788882506.443691,2602,pg_catalog,pg_amop,0,0,12,25,0,0,0,0,0
1788882506.443691,3439,pg_toast,pg_toast_3381,0,0,0,0,0,0,0,0,0
1788882506.443691,2846,pg_toast,pg_toast_2396,0,0,0,0,0,0,0,0,0
1788882506.443691,1985555,public,zip_code,0,0,0,0,0,0,0,0,0
1788882506.443691,1985478,pg_toast,pg_toast_1985460,0,0,0,0,0,0,0,0,0
1788882506.443691,4145,pg_toast,pg_toast_3466,0,0,0,0,0,0,0,0,0
1788882506.443691,3541,pg_catalog,pg_range,0,0,0,0,0,0,0,0,0
1788882506.443691,3602,pg_catalog,pg_ts_config,0,0,0,0,0,0,0,0,0
1788882506.443691,1985333,pg_toast,pg_toast_1985325,0,0,0,0,0,0,0,0,0
1788882506.443691,4183,pg_toast,pg_toast_6100,0,0,0,0,0,0,0,0,0
1788882506.443691,1985496,public,news_item,0,0,0,0,0,0,0,0,0
1788882506.443691,2224,pg_catalog,pg_sequence,0,0,0,0,0,0,0,0,0
1788882506.443691,2611,pg_catalog,pg_inherits,0,0,0,0,0,0,0,0,0
1788882506.443691,1417,pg_catalog,pg_foreign_server,0,0,0,0,0,0,0,0,0
1788882506.443691,1262,pg_catalog,pg_database,0,0,0,0,0,0,0,0,0
1788882506.443691,13492,pg_toast,pg_toast_13489,0,0,0,0,0,0,0,0,0
1788882506.443691,3501,pg_catalog,pg_enum,0,0,0,0,0,0,0,0,0
1788882506.443691,2607,pg_catalog,pg_conversion,0,0,0,0,0,0,0,0,0
1788882506.443691,1985449,pg_toast,pg_toast_1985440,0,0,0,0,0,0,0,0,0
1788882506.443691,826,pg_catalog,pg_default_acl,0,0,0,0,0,0,0,0,0
1788882506.443691,2604,pg_catalog,pg_attrdef,0,0,0,0,0,0,0,0,0
1788882506.443691,2336,pg_toast,pg_toast_2620,0,0,0,0,0,0,0,0,0
1788882506.443691,2603,pg_catalog,pg_amproc,0,0,5,11,0,0,0,0,0
1788882506.443691,2606,pg_catalog,pg_constraint,0,0,3,8,0,0,0,0,0
1788882506.443691,1255,pg_catalog,pg_proc,0,0,19,24,0,0,0,0,0
1788882506.443691,4173,pg_toast,pg_toast_1418,0,0,0,0,0,0,0,0,0
1788882506.443691,1985285,public,customer_taxrate,0,0,0,0,0,0,0,0,0
1788882506.443691,2620,pg_catalog,pg_trigger,0,0,0,0,0,0,0,0,0
1788882506.443691,1985256,public,account_permission,0,0,0,0,0,0,0,0,0
1788882506.443691,1985507,public,news_xref,0,0,0,0,0,0,0,0,0
1788882506.443691,1985480,public,industry,0,0,0,0,0,0,0,0,0
1788882506.443691,2612,pg_catalog,pg_language,0,0,0,0,0,0,0,0,0
1788882506.443691,4149,pg_toast,pg_toast_2328,0,0,0,0,0,0,0,0,0
1788882506.443691,6351,pg_toast,pg_toast_2610,0,0,0,0,0,0,0,0,0
1788882506.443691,13489,information_schema,sql_sizing,0,0,,,0,0,0,0,0
1788882506.443691,1985494,pg_toast,pg_toast_1985486,0,0,0,0,0,0,0,0,0
1788882506.443691,3598,pg_toast,pg_toast_3596,0,0,0,0,0,0,0,0,0
1788882506.443691,2836,pg_toast,pg_toast_1255,0,0,0,0,0,0,0,0,0
1788882506.443691,3456,pg_catalog,pg_collation,0,0,0,0,0,0,0,0,0
1788882506.443691,3079,pg_catalog,pg_extension,0,0,0,0,0,0,0,0,0
1788882506.443691,6100,pg_catalog,pg_subscription,0,0,0,0,0,0,0,0,0
1788882506.443691,2832,pg_toast,pg_toast_2606,0,0,0,0,0,0,0,0,0
1788882506.443691,3256,pg_catalog,pg_policy,0,0,0,0,0,0,0,0,0
1788882506.443691,1985302,public,holding_history,0,0,0,0,0,0,0,0,0
1788882506.443691,1985517,public,security,0,0,0,0,0,0,0,0,0
1788882506.443691,3466,pg_catalog,pg_event_trigger,0,0,0,0,0,0,0,0,0
1788882506.443691,3592,pg_catalog,pg_shseclabel,0,0,0,0,0,0,0,0,0
1788882506.443691,3764,pg_catalog,pg_ts_template,0,0,0,0,0,0,0,0,0
1788882506.443691,6237,pg_catalog,pg_publication_namespace,0,0,0,0,0,0,0,0,0
1788882506.443691,13487,pg_toast,pg_toast_13484,0,0,0,0,0,0,0,0,0
1788882506.443691,2995,pg_catalog,pg_largeobject_metadata,0,0,0,0,0,0,0,0,0
1788882506.443691,1985275,public,customer_account,0,0,0,0,0,0,0,0,0
1788882506.443691,4143,pg_toast,pg_toast_826,0,0,0,0,0,0,0,0,0
1788882506.443691,4185,pg_toast,pg_toast_1213,0,0,0,0,0,0,0,0,0
1788882506.443691,6243,pg_catalog,pg_parameter_acl,0,0,0,0,0,0,0,0,0
1788882506.443691,2616,pg_catalog,pg_opclass,0,0,8,134,0,0,0,0,0
1788882506.443691,1985290,public,holding,0,0,0,0,0,0,0,0,0
1788882506.443691,2838,pg_toast,pg_toast_2618,0,0,1,3,0,0,0,0,0
1788882506.443691,6228,pg_toast,pg_toast_6106,0,0,0,0,0,0,0,0,0
1788882506.443691,1985349,pg_toast,pg_toast_1985343,0,0,0,0,0,0,0,0,0
1788882506.443691,1985434,public,company_competitor,0,0,0,0,0,0,0,0,0
1788882506.443691,1985370,pg_toast,pg_toast_1985363,0,0,0,0,0,0,0,0,0
1788882506.443691,1985505,pg_toast,pg_toast_1985496,0,0,0,0,0,0,0,0,0
1788882506.443691,1985264,public,customer,0,0,0,0,0,0,0,0,0
1788882506.443691,3118,pg_catalog,pg_foreign_table,0,0,0,0,0,0,0,0,0
1788882506.443691,1259,pg_catalog,pg_class,1,523,12,12,0,0,0,0,0
1788882506.443691,3350,pg_catalog,pg_partitioned_table,0,0,0,0,0,0,0,0,0
1788882506.443691,4153,pg_toast,pg_toast_3118,0,0,0,0,0,0,0,0,0
1788882506.443691,4060,pg_toast,pg_toast_3592,0,0,0,0,0,0,0,0,0
1788882506.443691,1985543,public,status_type,0,0,0,0,0,0,0,0,0
1788882506.443691,4165,pg_toast,pg_toast_3350,0,0,0,0,0,0,0,0,0
1788882506.443691,1985402,public,trade_request,0,0,0,0,0,0,0,0,0
1788882506.443691,2753,pg_catalog,pg_opfamily,0,0,2,2,0,0,0,0,0
1788882506.443691,3601,pg_catalog,pg_ts_parser,0,0,0,0,0,0,0,0,0
1788882506.443691,6104,pg_catalog,pg_publication,0,0,0,0,0,0,0,0,0
1788882506.443691,13477,pg_toast,pg_toast_13474,0,0,0,0,0,0,0,0,0
1788882506.443691,3429,pg_catalog,pg_statistic_ext_data,0,0,0,0,0,0,0,0,0
1788882506.443691,2619,pg_catalog,pg_statistic,0,0,17,8,0,0,0,0,0
1788882506.443691,4155,pg_toast,pg_toast_3394,0,0,0,0,0,0,0,0,0
1788882506.443691,1985548,public,taxrate,0,0,0,0,0,0,0,0,0
1788882506.443691,3381,pg_catalog,pg_statistic_ext,0,0,3,0,0,0,0,0,0
1788882506.443691,6106,pg_catalog,pg_publication_rel,0,0,0,0,0,0,0,0,0
1788882506.443691,1985372,public,trade,0,0,0,0,0,0,0,0,0
1788882506.443691,2605,pg_catalog,pg_cast,0,0,34,7,0,0,0,0,0
1788882506.443691,4171,pg_toast,pg_toast_1247,0,0,0,0,0,0,0,0,0
1788882506.443691,2830,pg_toast,pg_toast_2604,0,0,0,0,0,0,0,0,0
1788882506.443691,1985309,public,holding_summary,0,0,0,0,0,0,0,0,0
1788882506.443691,1985413,pg_toast,pg_toast_1985402,0,0,0,0,0,0,0,0,0
1788882506.443691,13479,information_schema,sql_implementation_info,0,0,,,0,0,0,0,0
1788882506.443691,1985341,pg_toast,pg_toast_1985335,0,0,0,0,0,0,0,0,0
1788882506.443691,6244,pg_toast,pg_toast_6243,0,0,0,0,0,0,0,0,0
1788882506.443691,1985315,public,watch_item,0,0,0,0,0,0,0,0,0
1788882506.443691,3430,pg_toast,pg_toast_3429,0,0,0,0,0,0,0,0,0
1788882506.443691,1985320,public,watch_list,0,0,0,0,0,0,0,0,0
1788882566.538824,1985536,pg_toast,pg_toast_1985517,0,0,0,0,0,0,0,0,0
1788882566.538824,3576,pg_catalog,pg_transform,0,0,0,0,0,0,0,0,0
1788882566.538824,2601,pg_catalog,pg_am,0,0,0,0,0,0,0,0,0
1788882566.538824,1985363,public,settlement,0,0,0,0,0,0,0,0,0
1788882566.538824,3394,pg_catalog,pg_init_privs,0,0,0,0,0,0,0,0,0
1788882566.538824,4167,pg_toast,pg_toast_3256,0,0,0,0,0,0,0,0,0
1788882566.538824,4151,pg_toast,pg_toast_1417,0,0,0,0,0,0,0,0,0
1788882566.538824,2834,pg_toast,pg_toast_2609,0,0,0,0,0,0,0,0,0
1788882566.538824,6000,pg_catalog,pg_replication_origin,0,0,0,0,0,0,0,0,0
1788882566.538824,2840,pg_toast,pg_toast_2619,0,0,0,0,0,0,0,0,0
1788882566.538824,1985486,public,last_trade,0,0,0,0,0,0,0,0,0
1788882566.538824,2328,pg_catalog,pg_foreign_data_wrapper,0,0,0,0,0,0,0,0,0
1788882566.538824,4157,pg_toast,pg_toast_2612,0,0,0,0,0,0,0,0,0
1788882566.538824,1260,pg_catalog,pg_authid,0,0,0,0,0,0,0,0,0
1788882566.538824,6102,pg_catalog,pg_subscription_rel,0,0,0,0,0,0,0,0,0
1788882566.538824,1214,pg_catalog,pg_shdepend,0,0,0,0,0,0,0,0,0
1788882566.538824,4163,pg_toast,pg_toast_2615,0,0,0,0,0,0,0,0,0
1788882566.538824,1985343,public,charge,0,0,0,0,0,0,0,0,0
1788882566.538824,1985440,public,daily_market,0,0,0,0,0,0,0,0,0
1788882566.538824,1985422,public,company,0,0,0,0,0,0,0,0,0
1788882566.538824,4169,pg_toast,pg_toast_3600,0,0,0,0,0,0,0,0,0
1788882566.538824,2615,pg_catalog,pg_namespace,1,4,5,2,0,0,0,0,0
1788882566.538824,2396,pg_catalog,pg_shdescription,0,0,0,0,0,0,0,0,0
1788882566.538824,3600,pg_catalog,pg_ts_dict,0,0,0,0,0,0,0,0,0
1788882566.538824,1985325,public,broker,0,0,0,0,0,0,0,0,0
1788882566.538824,3596,pg_catalog,pg_seclabel,0,0,0,0,0,0,0,0,0
1788882566.538824,1985460,public,financial,0,0,0,0,0,0,0,0,0
1788882566.538824,2609,pg_catalog,pg_description,0,0,0,0,0,0,0,0,0
1788882566.538824,1985351,public,commission_rate,0,0,0,0,0,0,0,0,0
1788882566.538824,13482,pg_toast,pg_toast_13479,0,0,0,0,0,0,0,0,0
1788882566.538824,1985396,public,trade_history,0,0,0,0,0,0,0,0,0
1788882566.538824,3603,pg_catalog,pg_ts_config_map,0,0,0,0,0,0,0,0,0
1788882566.538824,1213,pg_catalog,pg_tablespace,0,0,1,1,0,0,0,0,0
1788882566.538824,2608,pg_catalog,pg_depend,0,0,0,0,0,0,0,0,0
1788882566.538824,2964,pg_catalog,pg_db_role_setting,0,0,0,0,0,0,0,0,0
1788882566.538824,1985283,pg_toast,pg_toast_1985275,0,0,0,0,0,0,0,0,0
1788882566.538824,1418,pg_catalog,pg_user_mapping,0,0,0,0,0,0,0,0,0
1788882566.538824,2613,pg_catalog,pg_largeobject,0,0,0,0,0,0,0,0,0
1788882566.538824,6175,pg_toast,pg_toast_3456,0,0,0,0,0,0,0,0,0
1788882566.538824,1261,pg_catalog,pg_auth_members,0,0,0,0,0,0,0,0,0
1788882566.538824,1985335,public,cash_transaction,0,0,0,0,0,0,0,0,0
1788882566.538824,2617,pg_catalog,pg_operator,0,0,5,5,0,0,0,0,0
1788882566.538824,1985300,pg_toast,pg_toast_1985290,0,0,0,0,0,0,0,0,0
1788882566.538824,1985538,public,address,0,0,0,0,0,0,0,0,0
1788882566.538824,2610,pg_catalog,pg_index,1,221,11,14,0,0,0,0,0
1788882566.538824,1249,pg_catalog,pg_attribute,0,0,75,92,0,0,0,0,0
1788882566.538824,1985512,public,sector,0,0,0,0,0,0,0,0,0
1788882566.538824,1985415,public,trade_type,0,0,0,0,0,0,0,0,0
1788882566.538824,2600,pg_catalog,pg_aggregate,0,0,1,1,0,0,0,0,0
1788882566.538824,2966,pg_toast,pg_toast_2964,0,0,0,0,0,0,0,0,0
1788882566.538824,1985451,public,exchange,0,0,0,0,0,0,0,0,0
1788882566.538824,2618,pg_catalog,pg_rewrite,0,0,1,1,0,0,0,0,0
1788882566.538824,4177,pg_toast,pg_toast_1262,0,0,0,0,0,0,0,0,0
1788882566.538824,13484,information_schema,sql_parts,0,0,,,0,0,0,0,0
1788882566.538824,4159,pg_toast,pg_toast_2600,0,0,0,0,0,0,0,0,0
1788882566.538824,4147,pg_toast,pg_toast_3079,0,0,0,0,0,0,0,0,0
1788882566.538824,13474,information_schema,sql_features,0,0,,,0,0,0,0,0
1788882566.538824,1985394,pg_toast,pg_toast_1985372,0,0,0,0,0,0,0,0,0
1788882566.538824,1247,pg_catalog,pg_type,0,0,19,19,0,0,0,0,0
1788882566.538824,2602,pg_catalog,pg_amop,0,0,12,25,0,0,0,0,0
1788882566.538824,3439,pg_toast,pg_toast_3381,0,0,0,0,0,0,0,0,0
1788882566.538824,2846,pg_toast,pg_toast_2396,0,0,0,0,0,0,0,0,0
1788882566.538824,1985555,public,zip_code,0,0,0,0,0,0,0,0,0
1788882566.538824,1985478,pg_toast,pg_toast_1985460,0,0,0,0,0,0,0,0,0
1788882566.538824,4145,pg_toast,pg_toast_3466,0,0,0,0,0,0,0,0,0
1788882566.538824,3541,pg_catalog,pg_range,0,0,0,0,0,0,0,0,0
1788882566.538824,3602,pg_catalog,pg_ts_config,0,0,0,0,0,0,0,0,0
1788882566.538824,1985333,pg_toast,pg_toast_1985325,0,0,0,0,0,0,0,0,0
1788882566.538824,4183,pg_toast,pg_toast_6100,0,0,0,0,0,0,0,0,0
1788882566.538824,1985496,public,news_item,0,0,0,0,0,0,0,0,0
1788882566.538824,2224,pg_catalog,pg_sequence,0,0,0,0,0,0,0,0,0
1788882566.538824,2611,pg_catalog,pg_inherits,0,0,0,0,0,0,0,0,0
1788882566.538824,1417,pg_catalog,pg_foreign_server,0,0,0,0,0,0,0,0,0
1788882566.538824,1262,pg_catalog,pg_database,0,0,0,0,0,0,0,0,0
1788882566.538824,13492,pg_toast,pg_toast_13489,0,0,0,0,0,0,0,0,0
1788882566.538824,3501,pg_catalog,pg_enum,0,0,0,0,0,0,0,0,0
1788882566.538824,2607,pg_catalog,pg_conversion,0,0,0,0,0,0,0,0,0
1788882566.538824,1985449,pg_toast,pg_toast_1985440,0,0,0,0,0,0,0,0,0
1788882566.538824,826,pg_catalog,pg_default_acl,0,0,0,0,0,0,0,0,0
1788882566.538824,2604,pg_catalog,pg_attrdef,0,0,0,0,0,0,0,0,0
1788882566.538824,2336,pg_toast,pg_toast_2620,0,0,0,0,0,0,0,0,0
1788882566.538824,2603,pg_catalog,pg_amproc,0,0,5,11,0,0,0,0,0
1788882566.538824,2606,pg_catalog,pg_constraint,0,0,3,8,0,0,0,0,0
1788882566.538824,1255,pg_catalog,pg_proc,0,0,19,24,0,0,0,0,0
1788882566.538824,4173,pg_toast,pg_toast_1418,0,0,0,0,0,0,0,0,0
1788882566.538824,1985285,public,customer_taxrate,0,0,0,0,0,0,0,0,0
1788882566.538824,2620,pg_catalog,pg_trigger,0,0,0,0,0,0,0,0,0
1788882566.538824,1985256,public,account_permission,0,0,0,0,0,0,0,0,0
1788882566.538824,1985507,public,news_xref,0,0,0,0,0,0,0,0,0
1788882566.538824,1985480,public,industry,0,0,0,0,0,0,0,0,0
1788882566.538824,2612,pg_catalog,pg_language,0,0,0,0,0,0,0,0,0
1788882566.538824,4149,pg_toast,pg_toast_2328,0,0,0,0,0,0,0,0,0
1788882566.538824,6351,pg_toast,pg_toast_2610,0,0,0,0,0,0,0,0,0
1788882566.538824,13489,information_schema,sql_sizing,0,0,,,0,0,0,0,0
1788882566.538824,1985494,pg_toast,pg_toast_1985486,0,0,0,0,0,0,0,0,0
1788882566.538824,3598,pg_toast,pg_toast_3596,0,0,0,0,0,0,0,0,0
1788882566.538824,2836,pg_toast,pg_toast_1255,0,0,0,0,0,0,0,0,0
1788882566.538824,3456,pg_catalog,pg_collation,0,0,0,0,0,0,0,0,0
1788882566.538824,3079,pg_catalog,pg_extension,0,0,0,0,0,0,0,0,0
1788882566.538824,6100,pg_catalog,pg_subscription,0,0,0,0,0,0,0,0,0
1788882566.538824,2832,pg_toast,pg_toast_2606,0,0,0,0,0,0,0,0,0
1788882566.538824,3256,pg_catalog,pg_policy,0,0,0,0,0,0,0,0,0
1788882566.538824,1985302,public,holding_history,0,0,0,0,0,0,0,0,0
1788882566.538824,1985517,public,security,0,0,0,0,0,0,0,0,0
1788882566.538824,3466,pg_catalog,pg_event_trigger,0,0,0,0,0,0,0,0,0
1788882566.538824,3592,pg_catalog,pg_shseclabel,0,0,0,0,0,0,0,0,0
1788882566.538824,3764,pg_catalog,pg_ts_template,0,0,0,0,0,0,0,0,0
1788882566.538824,6237,pg_catalog,pg_publication_namespace,0,0,0,0,0,0,0,0,0
1788882566.538824,13487,pg_toast,pg_toast_13484,0,0,0,0,0,0,0,0,0
1788882566.538824,2995,pg_catalog,pg_largeobject_metadata,0,0,0,0,0,0,0,0,0
1788882566.538824,1985275,public,customer_account,0,0,0,0,0,0,0,0,0
1788882566.538824,4143,pg_toast,pg_toast_826,0,0,0,0,0,0,0,0,0
1788882566.538824,4185,pg_toast,pg_toast_1213,0,0,0,0,0,0,0,0,0
1788882566.538824,6243,pg_catalog,pg_parameter_acl,0,0,0,0,0,0,0,0,0
1788882566.538824,2616,pg_catalog,pg_opclass,0,0,8,134,0,0,0,0,0
1788882566.538824,1985290,public,holding,0,0,0,0,0,0,0,0,0
1788882566.538824,2838,pg_toast,pg_toast_2618,0,0,1,3,0,0,0,0,0
1788882566.538824,6228,pg_toast,pg_toast_6106,0,0,0,0,0,0,0,0,0
1788882566.538824,1985349,pg_toast,pg_toast_1985343,0,0,0,0,0,0,0,0,0
1788882566.538824,1985434,public,company_competitor,0,0,0,0,0,0,0,0,0
1788882566.538824,1985370,pg_toast,pg_toast_1985363,0,0,0,0,0,0,0,0,0
1788882566.538824,1985505,pg_toast,pg_toast_1985496,0,0,0,0,0,0,0,0,0
1788882566.538824,1985264,public,customer,0,0,0,0,0,0,0,0,0
1788882566.538824,3118,pg_catalog,pg_foreign_table,0,0,0,0,0,0,0,0,0
1788882566.538824,1259,pg_catalog,pg_class,1,523,12,12,0,0,0,0,0
1788882566.538824,3350,pg_catalog,pg_partitioned_table,0,0,0,0,0,0,0,0,0
1788882566.538824,4153,pg_toast,pg_toast_3118,0,0,0,0,0,0,0,0,0
1788882566.538824,4060,pg_toast,pg_toast_3592,0,0,0,0,0,0,0,0,0
1788882566.538824,1985543,public,status_type,0,0,0,0,0,0,0,0,0
1788882566.538824,4165,pg_toast,pg_toast_3350,0,0,0,0,0,0,0,0,0
1788882566.538824,1985402,public,trade_request,0,0,0,0,0,0,0,0,0
1788882566.538824,2753,pg_catalog,pg_opfamily,0,0,2,2,0,0,0,0,0
1788882566.538824,3601,pg_catalog,pg_ts_parser,0,0,0,0,0,0,0,0,0
1788882566.538824,6104,pg_catalog,pg_publication,0,0,0,0,0,0,0,0,0
1788882566.538824,13477,pg_toast,pg_toast_13474,0,0,0,0,0,0,0,0,0
1788882566.538824,3429,pg_catalog,pg_statistic_ext_data,0,0,0,0,0,0,0,0,0
1788882566.538824,2619,pg_catalog,pg_statistic,0,0,17,8,0,0,0,0,0
1788882566.538824,4155,pg_toast,pg_toast_3394,0,0,0,0,0,0,0,0,0
1788882566.538824,1985548,public,taxrate,0,0,0,0,0,0,0,0,0
1788882566.538824,3381,pg_catalog,pg_statistic_ext,0,0,3,0,0,0,0,0,0
1788882566.538824,6106,pg_catalog,pg_publication_rel,0,0,0,0,0,0,0,0,0
1788882566.538824,1985372,public,trade,0,0,0,0,0,0,0,0,0
1788882566.538824,2605,pg_catalog,pg_cast,0,0,34,7,0,0,0,0,0
1788882566.538824,4171,pg_toast,pg_toast_1247,0,0,0,0,0,0,0,0,0
1788882566.538824,2830,pg_toast,pg_toast_2604,0,0,0,0,0,0,0,0,0
1788882566.538824,1985309,public,holding_summary,0,0,0,0,0,0,0,0,0
1788882566.538824,1985413,pg_toast,pg_toast_1985402,0,0,0,0,0,0,0,0,0
1788882566.538824,13479,information_schema,sql_implementation_info,0,0,,,0,0,0,0,0
1788882566.538824,1985341,pg_toast,pg_toast_1985335,0,0,0,0,0,0,0,0,0
1788882566.538824,6244,pg_toast,pg_toast_6243,0,0,0,0,0,0,0,0,0
1788882566.538824,1985315,public,watch_item,0,0,0,0,0,0,0,0,0
1788882566.538824,3430,pg_toast,pg_toast_3429,0,0,0,0,0,0,0,0,0
1788882566.538824,1985320,public,watch_list,0,0,0,0,0,0,0,0,0
1788882626.635374,1985536,pg_toast,pg_toast_1985517,0,0,0,0,0,0,0,0,0
1788882626.635374,3576,pg_catalog,pg_transform,0,0,0,0,0,0,0,0,0
1788882626.635374,2601,pg_catalog,pg_am,0,0,0,0,0,0,0,0,0
1788882626.635374,1985363,public,settlement,0,0,0,0,0,0,0,0,0
1788882626.635374,3394,pg_catalog,pg_init_privs,0,0,0,0,0,0,0,0,0
1788882626.635374,4167,pg_toast,pg_toast_3256,0,0,0,0,0,0,0,0,0
1788882626.635374,4151,pg_toast,pg_toast_1417,0,0,0,0,0,0,0,0,0
1788882626.635374,2834,pg_toast,pg_toast_2609,0,0,0,0,0,0,0,0,0
1788882626.635374,6000,pg_catalog,pg_replication_origin,0,0,0,0,0,0,0,0,0
1788882626.635374,2840,pg_toast,pg_toast_2619,0,0,0,0,0,0,0,0,0
1788882626.635374,1985486,public,last_trade,0,0,0,0,0,0,0,0,0
1788882626.635374,2328,pg_catalog,pg_foreign_data_wrapper,0,0,0,0,0,0,0,0,0
1788882626.635374,4157,pg_toast,pg_toast_2612,0,0,0,0,0,0,0,0,0
1788882626.635374,1260,pg_catalog,pg_authid,0,0,0,0,0,0,0,0,0
1788882626.635374,6102,pg_catalog,pg_subscription_rel,0,0,0,0,0,0,0,0,0
1788882626.635374,1214,pg_catalog,pg_shdepend,0,0,0,0,0,0,0,0,0
1788882626.635374,4163,pg_toast,pg_toast_2615,0,0,0,0,0,0,0,0,0
1788882626.635374,1985343,public,charge,0,0,0,0,0,0,0,0,0
1788882626.635374,1985440,public,daily_market,0,0,0,0,0,0,0,0,0
1788882626.635374,1985422,public,company,0,0,0,0,0,0,0,0,0
1788882626.635374,4169,pg_toast,pg_toast_3600,0,0,0,0,0,0,0,0,0
1788882626.635374,2615,pg_catalog,pg_namespace,1,4,5,2,0,0,0,0,0
1788882626.635374,2396,pg_catalog,pg_shdescription,0,0,0,0,0,0,0,0,0
1788882626.635374,3600,pg_catalog,pg_ts_dict,0,0,0,0,0,0,0,0,0
1788882626.635374,1985325,public,broker,0,0,0,0,0,0,0,0,0
1788882626.635374,3596,pg_catalog,pg_seclabel,0,0,0,0,0,0,0,0,0
1788882626.635374,1985460,public,financial,0,0,0,0,0,0,0,0,0
1788882626.635374,2609,pg_catalog,pg_description,0,0,0,0,0,0,0,0,0
1788882626.635374,1985351,public,commission_rate,0,0,0,0,0,0,0,0,0
1788882626.635374,13482,pg_toast,pg_toast_13479,0,0,0,0,0,0,0,0,0
1788882626.635374,1985396,public,trade_history,0,0,0,0,0,0,0,0,0
1788882626.635374,3603,pg_catalog,pg_ts_config_map,0,0,0,0,0,0,0,0,0
1788882626.635374,1213,pg_catalog,pg_tablespace,0,0,1,1,0,0,0,0,0
1788882626.635374,2608,pg_catalog,pg_depend,0,0,0,0,0,0,0,0,0
1788882626.635374,2964,pg_catalog,pg_db_role_setting,0,0,0,0,0,0,0,0,0
1788882626.635374,1985283,pg_toast,pg_toast_1985275,0,0,0,0,0,0,0,0,0
1788882626.635374,1418,pg_catalog,pg_user_mapping,0,0,0,0,0,0,0,0,0
1788882626.635374,2613,pg_catalog,pg_largeobject,0,0,0,0,0,0,0,0,0
1788882626.635374,6175,pg_toast,pg_toast_3456,0,0,0,0,0,0,0,0,0
1788882626.635374,1261,pg_catalog,pg_auth_members,0,0,0,0,0,0,0,0,0
1788882626.635374,1985335,public,cash_transaction,0,0,0,0,0,0,0,0,0
1788882626.635374,2617,pg_catalog,pg_operator,0,0,5,5,0,0,0,0,0
1788882626.635374,1985300,pg_toast,pg_toast_1985290,0,0,0,0,0,0,0,0,0
1788882626.635374,1985538,public,address,0,0,0,0,0,0,0,0,0
1788882626.635374,2610,pg_catalog,pg_index,1,221,11,14,0,0,0,0,0
1788882626.635374,1249,pg_catalog,pg_attribute,0,0,75,92,0,0,0,0,0
1788882626.635374,1985512,public,sector,0,0,0,0,0,0,0,0,0
1788882626.635374,1985415,public,trade_type,0,0,0,0,0,0,0,0,0
1788882626.635374,2600,pg_catalog,pg_aggregate,0,0,1,1,0,0,0,0,0
1788882626.635374,2966,pg_toast,pg_toast_2964,0,0,0,0,0,0,0,0,0
1788882626.635374,1985451,public,exchange,0,0,0,0,0,0,0,0,0
1788882626.635374,2618,pg_catalog,pg_rewrite,0,0,1,1,0,0,0,0,0
1788882626.635374,4177,pg_toast,pg_toast_1262,0,0,0,0,0,0,0,0,0
1788882626.635374,13484,information_schema,sql_parts,0,0,,,0,0,0,0,0
1788882626.635374,4159,pg_toast,pg_toast_2600,0,0,0,0,0,0,0,0,0
1788882626.635374,4147,pg_toast,pg_toast_3079,0,0,0,0,0,0,0,0,0
1788882626.635374,13474,information_schema,sql_features,0,0,,,0,0,0,0,0
1788882626.635374,1985394,pg_toast,pg_toast_1985372,0,0,0,0,0,0,0,0,0
1788882626.635374,1247,pg_catalog,pg_type,0,0,19,19,0,0,0,0,0
1788882626.635374,2602,pg_catalog,pg_amop,0,0,12,25,0,0,0,0,0
1788882626.635374,3439,pg_toast,pg_toast_3381,0,0,0,0,0,0,0,0,0
1788882626.635374,2846,pg_toast,pg_toast_2396,0,0,0,0,0,0,0,0,0
1788882626.635374,1985555,public,zip_code,0,0,0,0,0,0,0,0,0
1788882626.635374,1985478,pg_toast,pg_toast_1985460,0,0,0,0,0,0,0,0,0
1788882626.635374,4145,pg_toast,pg_toast_3466,0,0,0,0,0,0,0,0,0
1788882626.635374,3541,pg_catalog,pg_range,0,0,0,0,0,0,0,0,0
1788882626.635374,3602,pg_catalog,pg_ts_config,0,0,0,0,0,0,0,0,0
1788882626.635374,1985333,pg_toast,pg_toast_1985325,0,0,0,0,0,0,0,0,0
1788882626.635374,4183,pg_toast,pg_toast_6100,0,0,0,0,0,0,0,0,0
1788882626.635374,1985496,public,news_item,0,0,0,0,0,0,0,0,0
1788882626.635374,2224,pg_catalog,pg_sequence,0,0,0,0,0,0,0,0,0
1788882626.635374,2611,pg_catalog,pg_inherits,0,0,0,0,0,0,0,0,0
1788882626.635374,1417,pg_catalog,pg_foreign_server,0,0,0,0,0,0,0,0,0
1788882626.635374,1262,pg_catalog,pg_database,0,0,0,0,0,0,0,0,0
1788882626.635374,13492,pg_toast,pg_toast_13489,0,0,0,0,0,0,0,0,0
1788882626.635374,3501,pg_catalog,pg_enum,0,0,0,0,0,0,0,0,0
1788882626.635374,2607,pg_catalog,pg_conversion,0,0,0,0,0,0,0,0,0
1788882626.635374,1985449,pg_toast,pg_toast_1985440,0,0,0,0,0,0,0,0,0
1788882626.635374,826,pg_catalog,pg_default_acl,0,0,0,0,0,0,0,0,0
1788882626.635374,2604,pg_catalog,pg_attrdef,0,0,0,0,0,0,0,0,0
1788882626.635374,2336,pg_toast,pg_toast_2620,0,0,0,0,0,0,0,0,0
1788882626.635374,2603,pg_catalog,pg_amproc,0,0,5,11,0,0,0,0,0
1788882626.635374,2606,pg_catalog,pg_constraint,0,0,3,8,0,0,0,0,0
1788882626.635374,1255,pg_catalog,pg_proc,0,0,19,24,0,0,0,0,0
1788882626.635374,4173,pg_toast,pg_toast_1418,0,0,0,0,0,0,0,0,0
1788882626.635374,1985285,public,customer_taxrate,0,0,0,0,0,0,0,0,0
1788882626.635374,2620,pg_catalog,pg_trigger,0,0,0,0,0,0,0,0,0
1788882626.635374,1985256,public,account_permission,0,0,0,0,0,0,0,0,0
1788882626.635374,1985507,public,news_xref,0,0,0,0,0,0,0,0,0
1788882626.635374,1985480,public,industry,0,0,0,0,0,0,0,0,0
1788882626.635374,2612,pg_catalog,pg_language,0,0,0,0,0,0,0,0,0
1788882626.635374,4149,pg_toast,pg_toast_2328,0,0,0,0,0,0,0,0,0
1788882626.635374,6351,pg_toast,pg_toast_2610,0,0,0,0,0,0,0,0,0
1788882626.635374,13489,information_schema,sql_sizing,0,0,,,0,0,0,0,0
1788882626.635374,1985494,pg_toast,pg_toast_1985486,0,0,0,0,0,0,0,0,0
1788882626.635374,3598,pg_toast,pg_toast_3596,0,0,0,0,0,0,0,0,0
1788882626.635374,2836,pg_toast,pg_toast_1255,0,0,0,0,0,0,0,0,0
1788882626.635374,3456,pg_catalog,pg_collation,0,0,0,0,0,0,0,0,0
1788882626.635374,3079,pg_catalog,pg_extension,0,0,0,0,0,0,0,0,0
1788882626.635374,6100,pg_catalog,pg_subscription,0,0,0,0,0,0,0,0,0
1788882626.635374,2832,pg_toast,pg_toast_2606,0,0,0,0,0,0,0,0,0
1788882626.635374,3256,pg_catalog,pg_policy,0,0,0,0,0,0,0,0,0
1788882626.635374,1985302,public,holding_history,0,0,0,0,0,0,0,0,0
1788882626.635374,1985517,public,security,0,0,0,0,0,0,0,0,0
1788882626.635374,3466,pg_catalog,pg_event_trigger,0,0,0,0,0,0,0,0,0
1788882626.635374,3592,pg_catalog,pg_shseclabel,0,0,0,0,0,0,0,0,0
1788882626.635374,3764,pg_catalog,pg_ts_template,0,0,0,0,0,0,0,0,0
1788882626.635374,6237,pg_catalog,pg_publication_namespace,0,0,0,0,0,0,0,0,0
1788882626.635374,13487,pg_toast,pg_toast_13484,0,0,0,0,0,0,0,0,0
1788882626.635374,2995,pg_catalog,pg_largeobject_metadata,0,0,0,0,0,0,0,0,0
1788882626.635374,1985275,public,customer_account,0,0,0,0,0,0,0,0,0
1788882626.635374,4143,pg_toast,pg_toast_826,0,0,0,0,0,0,0,0,0
1788882626.635374,4185,pg_toast,pg_toast_1213,0,0,0,0,0,0,0,0,0
1788882626.635374,6243,pg_catalog,pg_parameter_acl,0,0,0,0,0,0,0,0,0
1788882626.635374,2616,pg_catalog,pg_opclass,0,0,8,134,0,0,0,0,0
1788882626.635374,1985290,public,holding,0,0,0,0,0,0,0,0,0
1788882626.635374,2838,pg_toast,pg_toast_2618,0,0,1,3,0,0,0,0,0
1788882626.635374,6228,pg_toast,pg_toast_6106,0,0,0,0,0,0,0,0,0
1788882626.635374,1985349,pg_toast,pg_toast_1985343,0,0,0,0,0,0,0,0,0
1788882626.635374,1985434,public,company_competitor,0,0,0,0,0,0,0,0,0
1788882626.635374,1985370,pg_toast,pg_toast_1985363,0,0,0,0,0,0,0,0,0
1788882626.635374,1985505,pg_toast,pg_toast_1985496,0,0,0,0,0,0,0,0,0
1788882626.635374,1985264,public,customer,0,0,0,0,0,0,0,0,0
1788882626.635374,3118,pg_catalog,pg_foreign_table,0,0,0,0,0,0,0,0,0
1788882626.635374,1259,pg_catalog,pg_class,1,523,12,12,0,0,0,0,0
1788882626.635374,3350,pg_catalog,pg_partitioned_table,0,0,0,0,0,0,0,0,0
1788882626.635374,4153,pg_toast,pg_toast_3118,0,0,0,0,0,0,0,0,0
1788882626.635374,4060,pg_toast,pg_toast_3592,0,0,0,0,0,0,0,0,0
1788882626.635374,1985543,public,status_type,0,0,0,0,0,0,0,0,0
1788882626.635374,4165,pg_toast,pg_toast_3350,0,0,0,0,0,0,0,0,0
1788882626.635374,1985402,public,trade_request,0,0,0,0,0,0,0,0,0
1788882626.635374,2753,pg_catalog,pg_opfamily,0,0,2,2,0,0,0,0,0
1788882626.635374,3601,pg_catalog,pg_ts_parser,0,0,0,0,0,0,0,0,0
1788882626.635374,6104,pg_catalog,pg_publication,0,0,0,0,0,0,0,0,0
1788882626.635374,13477,pg_toast,pg_toast_13474,0,0,0,0,0,0,0,0,0
1788882626.635374,3429,pg_catalog,pg_statistic_ext_data,0,0,0,0,0,0,0,0,0
1788882626.635374,2619,pg_catalog,pg_statistic,0,0,17,8,0,0,0,0,0
1788882626.635374,4155,pg_toast,pg_toast_3394,0,0,0,0,0,0,0,0,0
1788882626.635374,1985548,public,taxrate,0,0,0,0,0,0,0,0,0
1788882626.635374,3381,pg_catalog,pg_statistic_ext,0,0,3,0,0,0,0,0,0
1788882626.635374,6106,pg_catalog,pg_publication_rel,0,0,0,0,0,0,0,0,0
1788882626.635374,1985372,public,trade,0,0,0,0,0,0,0,0,0
1788882626.635374,2605,pg_catalog,pg_cast,0,0,34,7,0,0,0,0,0
1788882626.635374,4171,pg_toast,pg_toast_1247,0,0,0,0,0,0,0,0,0
1788882626.635374,2830,pg_toast,pg_toast_2604,0,0,0,0,0,0,0,0,0
1788882626.635374,1985309,public,holding_summary,0,0,0,0,0,0,0,0,0
1788882626.635374,1985413,pg_toast,pg_toast_1985402,0,0,0,0,0,0,0,0,0
1788882626.635374,13479,information_schema,sql_implementation_info,0,0,,,0,0,0,0,0
1788882626.635374,1985341,pg_toast,pg_toast_1985335,0,0,0,0,0,0,0,0,0
1788882626.635374,6244,pg_toast,pg_toast_6243,0,0,0,0,0,0,0,0,0
1788882626.635374,1985315,public,watch_item,0,0,0,0,0,0,0,0,0
1788882626.635374,3430,pg_toast,pg_toast_3429,0,0,0,0,0,0,0,0,0
1788882626.635374,1985320,public,watch_list,0,0,0,0,0,0,0,0,0
1788882686.719679,1985536,pg_toast,pg_toast_1985517,0,0,0,0,0,0,0,0,0
1788882686.719679,3576,pg_catalog,pg_transform,0,0,0,0,0,0,0,0,0
1788882686.719679,2601,pg_catalog,pg_am,0,0,0,0,0,0,0,0,0
1788882686.719679,1985363,public,settlement,0,0,0,0,0,0,0,0,0
1788882686.719679,3394,pg_catalog,pg_init_privs,0,0,0,0,0,0,0,0,0
1788882686.719679,4167,pg_toast,pg_toast_3256,0,0,0,0,0,0,0,0,0
1788882686.719679,4151,pg_toast,pg_toast_1417,0,0,0,0,0,0,0,0,0
1788882686.719679,2834,pg_toast,pg_toast_2609,0,0,0,0,0,0,0,0,0
1788882686.719679,6000,pg_catalog,pg_replication_origin,0,0,0,0,0,0,0,0,0
1788882686.719679,2840,pg_toast,pg_toast_2619,0,0,0,0,0,0,0,0,0
1788882686.719679,1985486,public,last_trade,0,0,0,0,0,0,0,0,0
1788882686.719679,2328,pg_catalog,pg_foreign_data_wrapper,0,0,0,0,0,0,0,0,0
1788882686.719679,4157,pg_toast,pg_toast_2612,0,0,0,0,0,0,0,0,0
1788882686.719679,1260,pg_catalog,pg_authid,0,0,0,0,0,0,0,0,0
1788882686.719679,6102,pg_catalog,pg_subscription_rel,0,0,0,0,0,0,0,0,0
1788882686.719679,1214,pg_catalog,pg_shdepend,0,0,0,0,0,0,0,0,0
1788882686.719679,4163,pg_toast,pg_toast_2615,0,0,0,0,0,0,0,0,0
1788882686.719679,1985343,public,charge,0,0,0,0,0,0,0,0,0
1788882686.719679,1985440,public,daily_market,0,0,0,0,0,0,0,0,0
1788882686.719679,1985422,public,company,0,0,0,0,0,0,0,0,0
1788882686.719679,4169,pg_toast,pg_toast_3600,0,0,0,0,0,0,0,0,0
1788882686.719679,2615,pg_catalog,pg_namespace,1,4,5,2,0,0,0,0,0
1788882686.719679,2396,pg_catalog,pg_shdescription,0,0,0,0,0,0,0,0,0
1788882686.719679,3600,pg_catalog,pg_ts_dict,0,0,0,0,0,0,0,0,0
1788882686.719679,1985325,public,broker,0,0,0,0,0,0,0,0,0
1788882686.719679,3596,pg_catalog,pg_seclabel,0,0,0,0,0,0,0,0,0
1788882686.719679,1985460,public,financial,0,0,0,0,0,0,0,0,0
1788882686.719679,2609,pg_catalog,pg_description,0,0,0,0,0,0,0,0,0
1788882686.719679,1985351,public,commission_rate,0,0,0,0,0,0,0,0,0
1788882686.719679,13482,pg_toast,pg_toast_13479,0,0,0,0,0,0,0,0,0
1788882686.719679,1985396,public,trade_history,0,0,0,0,0,0,0,0,0
1788882686.719679,3603,pg_catalog,pg_ts_config_map,0,0,0,0,0,0,0,0,0
1788882686.719679,1213,pg_catalog,pg_tablespace,0,0,1,1,0,0,0,0,0
1788882686.719679,2608,pg_catalog,pg_depend,0,0,0,0,0,0,0,0,0
1788882686.719679,2964,pg_catalog,pg_db_role_setting,0,0,0,0,0,0,0,0,0
1788882686.719679,1985283,pg_toast,pg_toast_1985275,0,0,0,0,0,0,0,0,0
1788882686.719679,1418,pg_catalog,pg_user_mapping,0,0,0,0,0,0,0,0,0
1788882686.719679,2613,pg_catalog,pg_largeobject,0,0,0,0,0,0,0,0,0
1788882686.719679,6175,pg_toast,pg_toast_3456,0,0,0,0,0,0,0,0,0
1788882686.719679,1261,pg_catalog,pg_auth_members,0,0,0,0,0,0,0,0,0
1788882686.719679,1985335,public,cash_transaction,0,0,0,0,0,0,0,0,0
1788882686.719679,2617,pg_catalog,pg_operator,0,0,5,5,0,0,0,0,0
1788882686.719679,1985300,pg_toast,pg_toast_1985290,0,0,0,0,0,0,0,0,0
1788882686.719679,1985538,public,address,0,0,0,0,0,0,0,0,0
1788882686.719679,2610,pg_catalog,pg_index,1,221,11,14,0,0,0,0,0
1788882686.719679,1249,pg_catalog,pg_attribute,0,0,75,92,0,0,0,0,0
1788882686.719679,1985512,public,sector,0,0,0,0,0,0,0,0,0
1788882686.719679,1985415,public,trade_type,0,0,0,0,0,0,0,0,0
1788882686.719679,2600,pg_catalog,pg_aggregate,0,0,1,1,0,0,0,0,0
1788882686.719679,2966,pg_toast,pg_toast_2964,0,0,0,0,0,0,0,0,0
1788882686.719679,1985451,public,exchange,0,0,0,0,0,0,0,0,0
1788882686.719679,2618,pg_catalog,pg_rewrite,0,0,1,1,0,0,0,0,0
1788882686.719679,4177,pg_toast,pg_toast_1262,0,0,0,0,0,0,0,0,0
1788882686.719679,13484,information_schema,sql_parts,0,0,,,0,0,0,0,0
1788882686.719679,4159,pg_toast,pg_toast_2600,0,0,0,0,0,0,0,0,0
1788882686.719679,4147,pg_toast,pg_toast_3079,0,0,0,0,0,0,0,0,0
1788882686.719679,13474,information_schema,sql_features,0,0,,,0,0,0,0,0
1788882686.719679,1985394,pg_toast,pg_toast_1985372,0,0,0,0,0,0,0,0,0
1788882686.719679,1247,pg_catalog,pg_type,0,0,19,19,0,0,0,0,0
1788882686.719679,2602,pg_catalog,pg_amop,0,0,12,25,0,0,0,0,0
1788882686.719679,3439,pg_toast,pg_toast_3381,0,0,0,0,0,0,0,0,0
1788882686.719679,2846,pg_toast,pg_toast_2396,0,0,0,0,0,0,0,0,0
1788882686.719679,1985555,public,zip_code,0,0,0,0,0,0,0,0,0
1788882686.719679,1985478,pg_toast,pg_toast_1985460,0,0,0,0,0,0,0,0,0
1788882686.719679,4145,pg_toast,pg_toast_3466,0,0,0,0,0,0,0,0,0
1788882686.719679,3541,pg_catalog,pg_range,0,0,0,0,0,0,0,0,0
1788882686.719679,3602,pg_catalog,pg_ts_config,0,0,0,0,0,0,0,0,0
1788882686.719679,1985333,pg_toast,pg_toast_1985325,0,0,0,0,0,0,0,0,0
1788882686.719679,4183,pg_toast,pg_toast_6100,0,0,0,0,0,0,0,0,0
1788882686.719679,1985496,public,news_item,0,0,0,0,0,0,0,0,0
1788882686.719679,2224,pg_catalog,pg_sequence,0,0,0,0,0,0,0,0,0
1788882686.719679,2611,pg_catalog,pg_inherits,0,0,0,0,0,0,0,0,0
1788882686.719679,1417,pg_catalog,pg_foreign_server,0,0,0,0,0,0,0,0,0
1788882686.719679,1262,pg_catalog,pg_database,0,0,0,0,0,0,0,0,0
1788882686.719679,13492,pg_toast,pg_toast_13489,0,0,0,0,0,0,0,0,0
1788882686.719679,3501,pg_catalog,pg_enum,0,0,0,0,0,0,0,0,0
1788882686.719679,2607,pg_catalog,pg_conversion,0,0,0,0,0,0,0,0,0
1788882686.719679,1985449,pg_toast,pg_toast_1985440,0,0,0,0,0,0,0,0,0
1788882686.719679,826,pg_catalog,pg_default_acl,0,0,0,0,0,0,0,0,0
1788882686.719679,2604,pg_catalog,pg_attrdef,0,0,0,0,0,0,0,0,0
1788882686.719679,2336,pg_toast,pg_toast_2620,0,0,0,0,0,0,0,0,0
1788882686.719679,2603,pg_catalog,pg_amproc,0,0,5,11,0,0,0,0,0
1788882686.719679,2606,pg_catalog,pg_constraint,0,0,3,8,0,0,0,0,0
1788882686.719679,1255,pg_catalog,pg_proc,0,0,19,24,0,0,0,0,0
1788882686.719679,4173,pg_toast,pg_toast_1418,0,0,0,0,0,0,0,0,0
1788882686.719679,1985285,public,customer_taxrate,0,0,0,0,0,0,0,0,0
1788882686.719679,2620,pg_catalog,pg_trigger,0,0,0,0,0,0,0,0,0
1788882686.719679,1985256,public,account_permission,0,0,0,0,0,0,0,0,0
1788882686.719679,1985507,public,news_xref,0,0,0,0,0,0,0,0,0
1788882686.719679,1985480,public,industry,0,0,0,0,0,0,0,0,0
1788882686.719679,2612,pg_catalog,pg_language,0,0,0,0,0,0,0,0,0
1788882686.719679,4149,pg_toast,pg_toast_2328,0,0,0,0,0,0,0,0,0
1788882686.719679,6351,pg_toast,pg_toast_2610,0,0,0,0,0,0,0,0,0
1788882686.719679,13489,information_schema,sql_sizing,0,0,,,0,0,0,0,0
1788882686.719679,1985494,pg_toast,pg_toast_1985486,0,0,0,0,0,0,0,0,0
1788882686.719679,3598,pg_toast,pg_toast_3596,0,0,0,0,0,0,0,0,0
1788882686.719679,2836,pg_toast,pg_toast_1255,0,0,0,0,0,0,0,0,0
1788882686.719679,3456,pg_catalog,pg_collation,0,0,0,0,0,0,0,0,0
1788882686.719679,3079,pg_catalog,pg_extension,0,0,0,0,0,0,0,0,0
1788882686.719679,6100,pg_catalog,pg_subscription,0,0,0,0,0,0,0,0,0
1788882686.719679,2832,pg_toast,pg_toast_2606,0,0,0,0,0,0,0,0,0
1788882686.719679,3256,pg_catalog,pg_policy,0,0,0,0,0,0,0,0,0
1788882686.719679,1985302,public,holding_history,0,0,0,0,0,0,0,0,0
1788882686.719679,1985517,public,security,0,0,0,0,0,0,0,0,0
1788882686.719679,3466,pg_catalog,pg_event_trigger,0,0,0,0,0,0,0,0,0
1788882686.719679,3592,pg_catalog,pg_shseclabel,0,0,0,0,0,0,0,0,0
1788882686.719679,3764,pg_catalog,pg_ts_template,0,0,0,0,0,0,0,0,0
1788882686.719679,6237,pg_catalog,pg_publication_namespace,0,0,0,0,0,0,0,0,0
1788882686.719679,13487,pg_toast,pg_toast_13484,0,0,0,0,0,0,0,0,0
1788882686.719679,2995,pg_catalog,pg_largeobject_metadata,0,0,0,0,0,0,0,0,0
1788882686.719679,1985275,public,customer_account,0,0,0,0,0,0,0,0,0
1788882686.719679,4143,pg_toast,pg_toast_826,0,0,0,0,0,0,0,0,0
1788882686.719679,4185,pg_toast,pg_toast_1213,0,0,0,0,0,0,0,0,0
1788882686.719679,6243,pg_catalog,pg_parameter_acl,0,0,0,0,0,0,0,0,0
1788882686.719679,2616,pg_catalog,pg_opclass,0,0,8,134,0,0,0,0,0
1788882686.719679,1985290,public,holding,0,0,0,0,0,0,0,0,0
1788882686.719679,2838,pg_toast,pg_toast_2618,0,0,1,3,0,0,0,0,0
1788882686.719679,6228,pg_toast,pg_toast_6106,0,0,0,0,0,0,0,0,0
1788882686.719679,1985349,pg_toast,pg_toast_1985343,0,0,0,0,0,0,0,0,0
1788882686.719679,1985434,public,company_competitor,0,0,0,0,0,0,0,0,0
1788882686.719679,1985370,pg_toast,pg_toast_1985363,0,0,0,0,0,0,0,0,0
1788882686.719679,1985505,pg_toast,pg_toast_1985496,0,0,0,0,0,0,0,0,0
1788882686.719679,1985264,public,customer,0,0,0,0,0,0,0,0,0
1788882686.719679,3118,pg_catalog,pg_foreign_table,0,0,0,0,0,0,0,0,0
1788882686.719679,1259,pg_catalog,pg_class,1,523,12,12,0,0,0,0,0
1788882686.719679,3350,pg_catalog,pg_partitioned_table,0,0,0,0,0,0,0,0,0
1788882686.719679,4153,pg_toast,pg_toast_3118,0,0,0,0,0,0,0,0,0
1788882686.719679,4060,pg_toast,pg_toast_3592,0,0,0,0,0,0,0,0,0
1788882686.719679,1985543,public,status_type,0,0,0,0,0,0,0,0,0
1788882686.719679,4165,pg_toast,pg_toast_3350,0,0,0,0,0,0,0,0,0
1788882686.719679,1985402,public,trade_request,0,0,0,0,0,0,0,0,0
1788882686.719679,2753,pg_catalog,pg_opfamily,0,0,2,2,0,0,0,0,0
1788882686.719679,3601,pg_catalog,pg_ts_parser,0,0,0,0,0,0,0,0,0
1788882686.719679,6104,pg_catalog,pg_publication,0,0,0,0,0,0,0,0,0
1788882686.719679,13477,pg_toast,pg_toast_13474,0,0,0,0,0,0,0,0,0
1788882686.719679,3429,pg_catalog,pg_statistic_ext_data,0,0,0,0,0,0,0,0,0
1788882686.719679,2619,pg_catalog,pg_statistic,0,0,17,8,0,0,0,0,0
1788882686.719679,4155,pg_toast,pg_toast_3394,0,0,0,0,0,0,0,0,0
1788882686.719679,1985548,public,taxrate,0,0,0,0,0,0,0,0,0
1788882686.719679,3381,pg_catalog,pg_statistic_ext,0,0,3,0,0,0,0,0,0
1788882686.719679,6106,pg_catalog,pg_publication_rel,0,0,0,0,0,0,0,0,0
1788882686.719679,1985372,public,trade,0,0,0,0,0,0,0,0,0
1788882686.719679,2605,pg_catalog,pg_cast,0,0,34,7,0,0,0,0,0
1788882686.719679,4171,pg_toast,pg_toast_1247,0,0,0,0,0,0,0,0,0
1788882686.719679,2830,pg_toast,pg_toast_2604,0,0,0,0,0,0,0,0,0
1788882686.719679,1985309,public,holding_summary,0,0,0,0,0,0,0,0,0
1788882686.719679,1985413,pg_toast,pg_toast_1985402,0,0,0,0,0,0,0,0,0
1788882686.719679,13479,information_schema,sql_implementation_info,0,0,,,0,0,0,0,0
1788882686.719679,1985341,pg_toast,pg_toast_1985335,0,0,0,0,0,0,0,0,0
1788882686.719679,6244,pg_toast,pg_toast_6243,0,0,0,0,0,0,0,0,0
1788882686.719679,1985315,public,watch_item,0,0,0,0,0,0,0,0,0
1788882686.719679,3430,pg_toast,pg_toast_3429,0,0,0,0,0,0,0,0,0
1788882686.719679,1985320,public,watch_list,0,0,0,0,0,0,0,0,0
1788882746.827819,1985536,pg_toast,pg_toast_1985517,0,0,0,0,0,0,0,0,0
1788882746.827819,3576,pg_catalog,pg_transform,0,0,0,0,0,0,0,0,0
1788882746.827819,2601,pg_catalog,pg_am,0,0,0,0,0,0,0,0,0
1788882746.827819,1985363,public,settlement,0,0,0,0,0,0,0,0,0
1788882746.827819,3394,pg_catalog,pg_init_privs,0,0,0,0,0,0,0,0,0
1788882746.827819,4167,pg_toast,pg_toast_3256,0,0,0,0,0,0,0,0,0
1788882746.827819,4151,pg_toast,pg_toast_1417,0,0,0,0,0,0,0,0,0
1788882746.827819,2834,pg_toast,pg_toast_2609,0,0,0,0,0,0,0,0,0
1788882746.827819,6000,pg_catalog,pg_replication_origin,0,0,0,0,0,0,0,0,0
1788882746.827819,2840,pg_toast,pg_toast_2619,0,0,0,0,0,0,0,0,0
1788882746.827819,1985486,public,last_trade,0,0,0,0,0,0,0,0,0
1788882746.827819,2328,pg_catalog,pg_foreign_data_wrapper,0,0,0,0,0,0,0,0,0
1788882746.827819,4157,pg_toast,pg_toast_2612,0,0,0,0,0,0,0,0,0
1788882746.827819,1260,pg_catalog,pg_authid,0,0,0,0,0,0,0,0,0
1788882746.827819,6102,pg_catalog,pg_subscription_rel,0,0,0,0,0,0,0,0,0
1788882746.827819,1214,pg_catalog,pg_shdepend,0,0,0,0,0,0,0,0,0
1788882746.827819,4163,pg_toast,pg_toast_2615,0,0,0,0,0,0,0,0,0
1788882746.827819,1985343,public,charge,0,0,0,0,0,0,0,0,0
1788882746.827819,1985440,public,daily_market,0,0,0,0,0,0,0,0,0
1788882746.827819,1985422,public,company,0,0,0,0,0,0,0,0,0
1788882746.827819,4169,pg_toast,pg_toast_3600,0,0,0,0,0,0,0,0,0
1788882746.827819,2615,pg_catalog,pg_namespace,1,4,5,2,0,0,0,0,0
1788882746.827819,2396,pg_catalog,pg_shdescription,0,0,0,0,0,0,0,0,0
1788882746.827819,3600,pg_catalog,pg_ts_dict,0,0,0,0,0,0,0,0,0
1788882746.827819,1985325,public,broker,0,0,0,0,0,0,0,0,0
1788882746.827819,3596,pg_catalog,pg_seclabel,0,0,0,0,0,0,0,0,0
1788882746.827819,1985460,public,financial,0,0,0,0,0,0,0,0,0
1788882746.827819,2609,pg_catalog,pg_description,0,0,0,0,0,0,0,0,0
1788882746.827819,1985351,public,commission_rate,0,0,0,0,0,0,0,0,0
1788882746.827819,13482,pg_toast,pg_toast_13479,0,0,0,0,0,0,0,0,0
1788882746.827819,1985396,public,trade_history,0,0,0,0,0,0,0,0,0
1788882746.827819,3603,pg_catalog,pg_ts_config_map,0,0,0,0,0,0,0,0,0
1788882746.827819,1213,pg_catalog,pg_tablespace,0,0,1,1,0,0,0,0,0
1788882746.827819,2608,pg_catalog,pg_depend,0,0,0,0,0,0,0,0,0
1788882746.827819,2964,pg_catalog,pg_db_role_setting,0,0,0,0,0,0,0,0,0
1788882746.827819,1985283,pg_toast,pg_toast_1985275,0,0,0,0,0,0,0,0,0
1788882746.827819,1418,pg_catalog,pg_user_mapping,0,0,0,0,0,0,0,0,0
1788882746.827819,2613,pg_catalog,pg_largeobject,0,0,0,0,0,0,0,0,0
1788882746.827819,6175,pg_toast,pg_toast_3456,0,0,0,0,0,0,0,0,0
1788882746.827819,1261,pg_catalog,pg_auth_members,0,0,0,0,0,0,0,0,0
1788882746.827819,1985335,public,cash_transaction,0,0,0,0,0,0,0,0,0
1788882746.827819,2617,pg_catalog,pg_operator,0,0,5,5,0,0,0,0,0
1788882746.827819,1985300,pg_toast,pg_toast_1985290,0,0,0,0,0,0,0,0,0
1788882746.827819,1985538,public,address,0,0,0,0,0,0,0,0,0
1788882746.827819,2610,pg_catalog,pg_index,1,221,11,14,0,0,0,0,0
1788882746.827819,1249,pg_catalog,pg_attribute,0,0,75,92,0,0,0,0,0
1788882746.827819,1985512,public,sector,0,0,0,0,0,0,0,0,0
1788882746.827819,1985415,public,trade_type,0,0,0,0,0,0,0,0,0
1788882746.827819,2600,pg_catalog,pg_aggregate,0,0,1,1,0,0,0,0,0
1788882746.827819,2966,pg_toast,pg_toast_2964,0,0,0,0,0,0,0,0,0
1788882746.827819,1985451,public,exchange,0,0,0,0,0,0,0,0,0
1788882746.827819,2618,pg_catalog,pg_rewrite,0,0,1,1,0,0,0,0,0
1788882746.827819,4177,pg_toast,pg_toast_1262,0,0,0,0,0,0,0,0,0
1788882746.827819,13484,information_schema,sql_parts,0,0,,,0,0,0,0,0
1788882746.827819,4159,pg_toast,pg_toast_2600,0,0,0,0,0,0,0,0,0
1788882746.827819,4147,pg_toast,pg_toast_3079,0,0,0,0,0,0,0,0,0
1788882746.827819,13474,information_schema,sql_features,0,0,,,0,0,0,0,0
1788882746.827819,1985394,pg_toast,pg_toast_1985372,0,0,0,0,0,0,0,0,0
1788882746.827819,1247,pg_catalog,pg_type,0,0,19,19,0,0,0,0,0
1788882746.827819,2602,pg_catalog,pg_amop,0,0,12,25,0,0,0,0,0
1788882746.827819,3439,pg_toast,pg_toast_3381,0,0,0,0,0,0,0,0,0
1788882746.827819,2846,pg_toast,pg_toast_2396,0,0,0,0,0,0,0,0,0
1788882746.827819,1985555,public,zip_code,0,0,0,0,0,0,0,0,0
1788882746.827819,1985478,pg_toast,pg_toast_1985460,0,0,0,0,0,0,0,0,0
1788882746.827819,4145,pg_toast,pg_toast_3466,0,0,0,0,0,0,0,0,0
1788882746.827819,3541,pg_catalog,pg_range,0,0,0,0,0,0,0,0,0
1788882746.827819,3602,pg_catalog,pg_ts_config,0,0,0,0,0,0,0,0,0
1788882746.827819,1985333,pg_toast,pg_toast_1985325,0,0,0,0,0,0,0,0,0
1788882746.827819,4183,pg_toast,pg_toast_6100,0,0,0,0,0,0,0,0,0
1788882746.827819,1985496,public,news_item,0,0,0,0,0,0,0,0,0
1788882746.827819,2224,pg_catalog,pg_sequence,0,0,0,0,0,0,0,0,0
1788882746.827819,2611,pg_catalog,pg_inherits,0,0,0,0,0,0,0,0,0
1788882746.827819,1417,pg_catalog,pg_foreign_server,0,0,0,0,0,0,0,0,0
1788882746.827819,1262,pg_catalog,pg_database,0,0,0,0,0,0,0,0,0
1788882746.827819,13492,pg_toast,pg_toast_13489,0,0,0,0,0,0,0,0,0
1788882746.827819,3501,pg_catalog,pg_enum,0,0,0,0,0,0,0,0,0
1788882746.827819,2607,pg_catalog,pg_conversion,0,0,0,0,0,0,0,0,0
1788882746.827819,1985449,pg_toast,pg_toast_1985440,0,0,0,0,0,0,0,0,0
1788882746.827819,826,pg_catalog,pg_default_acl,0,0,0,0,0,0,0,0,0
1788882746.827819,2604,pg_catalog,pg_attrdef,0,0,0,0,0,0,0,0,0
1788882746.827819,2336,pg_toast,pg_toast_2620,0,0,0,0,0,0,0,0,0
1788882746.827819,2603,pg_catalog,pg_amproc,0,0,5,11,0,0,0,0,0
1788882746.827819,2606,pg_catalog,pg_constraint,0,0,3,8,0,0,0,0,0
1788882746.827819,1255,pg_catalog,pg_proc,0,0,19,24,0,0,0,0,0
1788882746.827819,4173,pg_toast,pg_toast_1418,0,0,0,0,0,0,0,0,0
1788882746.827819,1985285,public,customer_taxrate,0,0,0,0,0,0,0,0,0
1788882746.827819,2620,pg_catalog,pg_trigger,0,0,0,0,0,0,0,0,0
1788882746.827819,1985256,public,account_permission,0,0,0,0,0,0,0,0,0
1788882746.827819,1985507,public,news_xref,0,0,0,0,0,0,0,0,0
1788882746.827819,1985480,public,industry,0,0,0,0,0,0,0,0,0
1788882746.827819,2612,pg_catalog,pg_language,0,0,0,0,0,0,0,0,0
1788882746.827819,4149,pg_toast,pg_toast_2328,0,0,0,0,0,0,0,0,0
1788882746.827819,6351,pg_toast,pg_toast_2610,0,0,0,0,0,0,0,0,0
1788882746.827819,13489,information_schema,sql_sizing,0,0,,,0,0,0,0,0
1788882746.827819,1985494,pg_toast,pg_toast_1985486,0,0,0,0,0,0,0,0,0
1788882746.827819,3598,pg_toast,pg_toast_3596,0,0,0,0,0,0,0,0,0
1788882746.827819,2836,pg_toast,pg_toast_1255,0,0,0,0,0,0,0,0,0
1788882746.827819,3456,pg_catalog,pg_collation,0,0,0,0,0,0,0,0,0
1788882746.827819,3079,pg_catalog,pg_extension,0,0,0,0,0,0,0,0,0
1788882746.827819,6100,pg_catalog,pg_subscription,0,0,0,0,0,0,0,0,0
1788882746.827819,2832,pg_toast,pg_toast_2606,0,0,0,0,0,0,0,0,0
1788882746.827819,3256,pg_catalog,pg_policy,0,0,0,0,0,0,0,0,0
1788882746.827819,1985302,public,holding_history,0,0,0,0,0,0,0,0,0
1788882746.827819,1985517,public,security,0,0,0,0,0,0,0,0,0
1788882746.827819,3466,pg_catalog,pg_event_trigger,0,0,0,0,0,0,0,0,0
1788882746.827819,3592,pg_catalog,pg_shseclabel,0,0,0,0,0,0,0,0,0
1788882746.827819,3764,pg_catalog,pg_ts_template,0,0,0,0,0,0,0,0,0
1788882746.827819,6237,pg_catalog,pg_publication_namespace,0,0,0,0,0,0,0,0,0
1788882746.827819,13487,pg_toast,pg_toast_13484,0,0,0,0,0,0,0,0,0
1788882746.827819,2995,pg_catalog,pg_largeobject_metadata,0,0,0,0,0,0,0,0,0
1788882746.827819,1985275,public,customer_account,0,0,0,0,0,0,0,0,0
1788882746.827819,4143,pg_toast,pg_toast_826,0,0,0,0,0,0,0,0,0
1788882746.827819,4185,pg_toast,pg_toast_1213,0,0,0,0,0,0,0,0,0
1788882746.827819,6243,pg_catalog,pg_parameter_acl,0,0,0,0,0,0,0,0,0
1788882746.827819,2616,pg_catalog,pg_opclass,0,0,8,134,0,0,0,0,0
1788882746.827819,1985290,public,holding,0,0,0,0,0,0,0,0,0
1788882746.827819,2838,pg_toast,pg_toast_2618,0,0,1,3,0,0,0,0,0
1788882746.827819,6228,pg_toast,pg_toast_6106,0,0,0,0,0,0,0,0,0
1788882746.827819,1985349,pg_toast,pg_toast_1985343,0,0,0,0,0,0,0,0,0
1788882746.827819,1985434,public,company_competitor,0,0,0,0,0,0,0,0,0
1788882746.827819,1985370,pg_toast,pg_toast_1985363,0,0,0,0,0,0,0,0,0
1788882746.827819,1985505,pg_toast,pg_toast_1985496,0,0,0,0,0,0,0,0,0
1788882746.827819,1985264,public,customer,0,0,0,0,0,0,0,0,0
1788882746.827819,3118,pg_catalog,pg_foreign_table,0,0,0,0,0,0,0,0,0
1788882746.827819,1259,pg_catalog,pg_class,1,523,12,12,0,0,0,0,0
1788882746.827819,3350,pg_catalog,pg_partitioned_table,0,0,0,0,0,0,0,0,0
1788882746.827819,4153,pg_toast,pg_toast_3118,0,0,0,0,0,0,0,0,0
1788882746.827819,4060,pg_toast,pg_toast_3592,0,0,0,0,0,0,0,0,0
1788882746.827819,1985543,public,status_type,0,0,0,0,0,0,0,0,0
1788882746.827819,4165,pg_toast,pg_toast_3350,0,0,0,0,0,0,0,0,0
1788882746.827819,1985402,public,trade_request,0,0,0,0,0,0,0,0,0
1788882746.827819,2753,pg_catalog,pg_opfamily,0,0,2,2,0,0,0,0,0
1788882746.827819,3601,pg_catalog,pg_ts_parser,0,0,0,0,0,0,0,0,0
1788882746.827819,6104,pg_catalog,pg_publication,0,0,0,0,0,0,0,0,0
1788882746.827819,13477,pg_toast,pg_toast_13474,0,0,0,0,0,0,0,0,0
1788882746.827819,3429,pg_catalog,pg_statistic_ext_data,0,0,0,0,0,0,0,0,0
1788882746.827819,2619,pg_catalog,pg_statistic,0,0,17,8,0,0,0,0,0
1788882746.827819,4155,pg_toast,pg_toast_3394,0,0,0,0,0,0,0,0,0
1788882746.827819,1985548,public,taxrate,0,0,0,0,0,0,0,0,0
1788882746.827819,3381,pg_catalog,pg_statistic_ext,0,0,3,0,0,0,0,0,0
1788882746.827819,6106,pg_catalog,pg_publication_rel,0,0,0,0,0,0,0,0,0
1788882746.827819,1985372,public,trade,0,0,0,0,0,0,0,0,0
1788882746.827819,2605,pg_catalog,pg_cast,0,0,34,7,0,0,0,0,0
1788882746.827819,4171,pg_toast,pg_toast_1247,0,0,0,0,0,0,0,0,0
1788882746.827819,2830,pg_toast,pg_toast_2604,0,0,0,0,0,0,0,0,0
1788882746.827819,1985309,public,holding_summary,0,0,0,0,0,0,0,0,0
1788882746.827819,1985413,pg_toast,pg_toast_1985402,0,0,0,0,0,0,0,0,0
1788882746.827819,13479,information_schema,sql_implementation_info,0,0,,,0,0,0,0,0
1788882746.827819,1985341,pg_toast,pg_toast_1985335,0,0,0,0,0,0,0,0,0
1788882746.827819,6244,pg_toast,pg_toast_6243,0,0,0,0,0,0,0,0,0
1788882746.827819,1985315,public,watch_item,0,0,0,0,0,0,0,0,0
1788882746.827819,3430,pg_toast,pg_toast_3429,0,0,0,0,0,0,0,0,0
1788882746.827819,1985320,public,watch_list,0,0,0,0,0,0,0,0,0
1788882806.895524,1985536,pg_toast,pg_toast_1985517,0,0,0,0,0,0,0,0,0
1788882806.895524,3576,pg_catalog,pg_transform,0,0,0,0,0,0,0,0,0
1788882806.895524,2601,pg_catalog,pg_am,0,0,0,0,0,0,0,0,0
1788882806.895524,1985363,public,settlement,0,0,0,0,0,0,0,0,0
1788882806.895524,3394,pg_catalog,pg_init_privs,0,0,0,0,0,0,0,0,0
1788882806.895524,4167,pg_toast,pg_toast_3256,0,0,0,0,0,0,0,0,0
1788882806.895524,4151,pg_toast,pg_toast_1417,0,0,0,0,0,0,0,0,0
1788882806.895524,2834,pg_toast,pg_toast_2609,0,0,0,0,0,0,0,0,0
1788882806.895524,6000,pg_catalog,pg_replication_origin,0,0,0,0,0,0,0,0,0
1788882806.895524,2840,pg_toast,pg_toast_2619,0,0,0,0,0,0,0,0,0
1788882806.895524,1985486,public,last_trade,0,0,0,0,0,0,0,0,0
1788882806.895524,2328,pg_catalog,pg_foreign_data_wrapper,0,0,0,0,0,0,0,0,0
1788882806.895524,4157,pg_toast,pg_toast_2612,0,0,0,0,0,0,0,0,0
1788882806.895524,1260,pg_catalog,pg_authid,0,0,0,0,0,0,0,0,0
1788882806.895524,6102,pg_catalog,pg_subscription_rel,0,0,0,0,0,0,0,0,0
1788882806.895524,1214,pg_catalog,pg_shdepend,0,0,0,0,0,0,0,0,0
1788882806.895524,4163,pg_toast,pg_toast_2615,0,0,0,0,0,0,0,0,0
1788882806.895524,1985343,public,charge,0,0,0,0,0,0,0,0,0
1788882806.895524,1985440,public,daily_market,0,0,0,0,0,0,0,0,0
1788882806.895524,1985422,public,company,0,0,0,0,0,0,0,0,0
1788882806.895524,4169,pg_toast,pg_toast_3600,0,0,0,0,0,0,0,0,0
1788882806.895524,2615,pg_catalog,pg_namespace,1,4,5,2,0,0,0,0,0
1788882806.895524,2396,pg_catalog,pg_shdescription,0,0,0,0,0,0,0,0,0
1788882806.895524,3600,pg_catalog,pg_ts_dict,0,0,0,0,0,0,0,0,0
1788882806.895524,1985325,public,broker,0,0,0,0,0,0,0,0,0
1788882806.895524,3596,pg_catalog,pg_seclabel,0,0,0,0,0,0,0,0,0
1788882806.895524,1985460,public,financial,0,0,0,0,0,0,0,0,0
1788882806.895524,2609,pg_catalog,pg_description,0,0,0,0,0,0,0,0,0
1788882806.895524,1985351,public,commission_rate,0,0,0,0,0,0,0,0,0
1788882806.895524,13482,pg_toast,pg_toast_13479,0,0,0,0,0,0,0,0,0
1788882806.895524,1985396,public,trade_history,0,0,0,0,0,0,0,0,0
1788882806.895524,3603,pg_catalog,pg_ts_config_map,0,0,0,0,0,0,0,0,0
1788882806.895524,1213,pg_catalog,pg_tablespace,0,0,1,1,0,0,0,0,0
1788882806.895524,2608,pg_catalog,pg_depend,0,0,0,0,0,0,0,0,0
1788882806.895524,2964,pg_catalog,pg_db_role_setting,0,0,0,0,0,0,0,0,0
1788882806.895524,1985283,pg_toast,pg_toast_1985275,0,0,0,0,0,0,0,0,0
1788882806.895524,1418,pg_catalog,pg_user_mapping,0,0,0,0,0,0,0,0,0
1788882806.895524,2613,pg_catalog,pg_largeobject,0,0,0,0,0,0,0,0,0
1788882806.895524,6175,pg_toast,pg_toast_3456,0,0,0,0,0,0,0,0,0
1788882806.895524,1261,pg_catalog,pg_auth_members,0,0,0,0,0,0,0,0,0
1788882806.895524,1985335,public,cash_transaction,0,0,0,0,0,0,0,0,0
1788882806.895524,2617,pg_catalog,pg_operator,0,0,5,5,0,0,0,0,0
1788882806.895524,1985300,pg_toast,pg_toast_1985290,0,0,0,0,0,0,0,0,0
1788882806.895524,1985538,public,address,0,0,0,0,0,0,0,0,0
1788882806.895524,2610,pg_catalog,pg_index,1,221,11,14,0,0,0,0,0
1788882806.895524,1249,pg_catalog,pg_attribute,0,0,75,92,0,0,0,0,0
1788882806.895524,1985512,public,sector,0,0,0,0,0,0,0,0,0
1788882806.895524,1985415,public,trade_type,0,0,0,0,0,0,0,0,0
1788882806.895524,2600,pg_catalog,pg_aggregate,0,0,1,1,0,0,0,0,0
1788882806.895524,2966,pg_toast,pg_toast_2964,0,0,0,0,0,0,0,0,0
1788882806.895524,1985451,public,exchange,0,0,0,0,0,0,0,0,0
1788882806.895524,2618,pg_catalog,pg_rewrite,0,0,1,1,0,0,0,0,0
1788882806.895524,4177,pg_toast,pg_toast_1262,0,0,0,0,0,0,0,0,0
1788882806.895524,13484,information_schema,sql_parts,0,0,,,0,0,0,0,0
1788882806.895524,4159,pg_toast,pg_toast_2600,0,0,0,0,0,0,0,0,0
1788882806.895524,4147,pg_toast,pg_toast_3079,0,0,0,0,0,0,0,0,0
1788882806.895524,13474,information_schema,sql_features,0,0,,,0,0,0,0,0
1788882806.895524,1985394,pg_toast,pg_toast_1985372,0,0,0,0,0,0,0,0,0
1788882806.895524,1247,pg_catalog,pg_type,0,0,19,19,0,0,0,0,0
1788882806.895524,2602,pg_catalog,pg_amop,0,0,12,25,0,0,0,0,0
1788882806.895524,3439,pg_toast,pg_toast_3381,0,0,0,0,0,0,0,0,0
1788882806.895524,2846,pg_toast,pg_toast_2396,0,0,0,0,0,0,0,0,0
1788882806.895524,1985555,public,zip_code,0,0,0,0,0,0,0,0,0
1788882806.895524,1985478,pg_toast,pg_toast_1985460,0,0,0,0,0,0,0,0,0
1788882806.895524,4145,pg_toast,pg_toast_3466,0,0,0,0,0,0,0,0,0
1788882806.895524,3541,pg_catalog,pg_range,0,0,0,0,0,0,0,0,0
1788882806.895524,3602,pg_catalog,pg_ts_config,0,0,0,0,0,0,0,0,0
1788882806.895524,1985333,pg_toast,pg_toast_1985325,0,0,0,0,0,0,0,0,0
1788882806.895524,4183,pg_toast,pg_toast_6100,0,0,0,0,0,0,0,0,0
1788882806.895524,1985496,public,news_item,0,0,0,0,0,0,0,0,0
1788882806.895524,2224,pg_catalog,pg_sequence,0,0,0,0,0,0,0,0,0
1788882806.895524,2611,pg_catalog,pg_inherits,0,0,0,0,0,0,0,0,0
1788882806.895524,1417,pg_catalog,pg_foreign_server,0,0,0,0,0,0,0,0,0
1788882806.895524,1262,pg_catalog,pg_database,0,0,0,0,0,0,0,0,0
1788882806.895524,13492,pg_toast,pg_toast_13489,0,0,0,0,0,0,0,0,0
1788882806.895524,3501,pg_catalog,pg_enum,0,0,0,0,0,0,0,0,0
1788882806.895524,2607,pg_catalog,pg_conversion,0,0,0,0,0,0,0,0,0
1788882806.895524,1985449,pg_toast,pg_toast_1985440,0,0,0,0,0,0,0,0,0
1788882806.895524,826,pg_catalog,pg_default_acl,0,0,0,0,0,0,0,0,0
1788882806.895524,2604,pg_catalog,pg_attrdef,0,0,0,0,0,0,0,0,0
1788882806.895524,2336,pg_toast,pg_toast_2620,0,0,0,0,0,0,0,0,0
1788882806.895524,2603,pg_catalog,pg_amproc,0,0,5,11,0,0,0,0,0
1788882806.895524,2606,pg_catalog,pg_constraint,0,0,3,8,0,0,0,0,0
1788882806.895524,1255,pg_catalog,pg_proc,0,0,19,24,0,0,0,0,0
1788882806.895524,4173,pg_toast,pg_toast_1418,0,0,0,0,0,0,0,0,0
1788882806.895524,1985285,public,customer_taxrate,0,0,0,0,0,0,0,0,0
1788882806.895524,2620,pg_catalog,pg_trigger,0,0,0,0,0,0,0,0,0
1788882806.895524,1985256,public,account_permission,0,0,0,0,0,0,0,0,0
1788882806.895524,1985507,public,news_xref,0,0,0,0,0,0,0,0,0
1788882806.895524,1985480,public,industry,0,0,0,0,0,0,0,0,0
1788882806.895524,2612,pg_catalog,pg_language,0,0,0,0,0,0,0,0,0
1788882806.895524,4149,pg_toast,pg_toast_2328,0,0,0,0,0,0,0,0,0
1788882806.895524,6351,pg_toast,pg_toast_2610,0,0,0,0,0,0,0,0,0
1788882806.895524,13489,information_schema,sql_sizing,0,0,,,0,0,0,0,0
1788882806.895524,1985494,pg_toast,pg_toast_1985486,0,0,0,0,0,0,0,0,0
1788882806.895524,3598,pg_toast,pg_toast_3596,0,0,0,0,0,0,0,0,0
1788882806.895524,2836,pg_toast,pg_toast_1255,0,0,0,0,0,0,0,0,0
1788882806.895524,3456,pg_catalog,pg_collation,0,0,0,0,0,0,0,0,0
1788882806.895524,3079,pg_catalog,pg_extension,0,0,0,0,0,0,0,0,0
1788882806.895524,6100,pg_catalog,pg_subscription,0,0,0,0,0,0,0,0,0
1788882806.895524,2832,pg_toast,pg_toast_2606,0,0,0,0,0,0,0,0,0
1788882806.895524,3256,pg_catalog,pg_policy,0,0,0,0,0,0,0,0,0
1788882806.895524,1985302,public,holding_history,0,0,0,0,0,0,0,0,0
1788882806.895524,1985517,public,security,0,0,0,0,0,0,0,0,0
1788882806.895524,3466,pg_catalog,pg_event_trigger,0,0,0,0,0,0,0,0,0
1788882806.895524,3592,pg_catalog,pg_shseclabel,0,0,0,0,0,0,0,0,0
1788882806.895524,3764,pg_catalog,pg_ts_template,0,0,0,0,0,0,0,0,0
1788882806.895524,6237,pg_catalog,pg_publication_namespace,0,0,0,0,0,0,0,0,0
1788882806.895524,13487,pg_toast,pg_toast_13484,0,0,0,0,0,0,0,0,0
1788882806.895524,2995,pg_catalog,pg_largeobject_metadata,0,0,0,0,0,0,0,0,0
1788882806.895524,1985275,public,customer_account,0,0,0,0,0,0,0,0,0
1788882806.895524,4143,pg_toast,pg_toast_826,0,0,0,0,0,0,0,0,0
1788882806.895524,4185,pg_toast,pg_toast_1213,0,0,0,0,0,0,0,0,0
1788882806.895524,6243,pg_catalog,pg_parameter_acl,0,0,0,0,0,0,0,0,0
1788882806.895524,2616,pg_catalog,pg_opclass,0,0,8,134,0,0,0,0,0
1788882806.895524,1985290,public,holding,0,0,0,0,0,0,0,0,0
1788882806.895524,2838,pg_toast,pg_toast_2618,0,0,1,3,0,0,0,0,0
1788882806.895524,6228,pg_toast,pg_toast_6106,0,0,0,0,0,0,0,0,0
1788882806.895524,1985349,pg_toast,pg_toast_1985343,0,0,0,0,0,0,0,0,0
1788882806.895524,1985434,public,company_competitor,0,0,0,0,0,0,0,0,0
1788882806.895524,1985370,pg_toast,pg_toast_1985363,0,0,0,0,0,0,0,0,0
1788882806.895524,1985505,pg_toast,pg_toast_1985496,0,0,0,0,0,0,0,0,0
1788882806.895524,1985264,public,customer,0,0,0,0,0,0,0,0,0
1788882806.895524,3118,pg_catalog,pg_foreign_table,0,0,0,0,0,0,0,0,0
1788882806.895524,1259,pg_catalog,pg_class,1,523,12,12,0,0,0,0,0
1788882806.895524,3350,pg_catalog,pg_partitioned_table,0,0,0,0,0,0,0,0,0
1788882806.895524,4153,pg_toast,pg_toast_3118,0,0,0,0,0,0,0,0,0
1788882806.895524,4060,pg_toast,pg_toast_3592,0,0,0,0,0,0,0,0,0
1788882806.895524,1985543,public,status_type,0,0,0,0,0,0,0,0,0
1788882806.895524,4165,pg_toast,pg_toast_3350,0,0,0,0,0,0,0,0,0
1788882806.895524,1985402,public,trade_request,0,0,0,0,0,0,0,0,0
1788882806.895524,2753,pg_catalog,pg_opfamily,0,0,2,2,0,0,0,0,0
1788882806.895524,3601,pg_catalog,pg_ts_parser,0,0,0,0,0,0,0,0,0
1788882806.895524,6104,pg_catalog,pg_publication,0,0,0,0,0,0,0,0,0
1788882806.895524,13477,pg_toast,pg_toast_13474,0,0,0,0,0,0,0,0,0
1788882806.895524,3429,pg_catalog,pg_statistic_ext_data,0,0,0,0,0,0,0,0,0
1788882806.895524,2619,pg_catalog,pg_statistic,0,0,17,8,0,0,0,0,0
1788882806.895524,4155,pg_toast,pg_toast_3394,0,0,0,0,0,0,0,0,0
1788882806.895524,1985548,public,taxrate,0,0,0,0,0,0,0,0,0
1788882806.895524,3381,pg_catalog,pg_statistic_ext,0,0,3,0,0,0,0,0,0
1788882806.895524,6106,pg_catalog,pg_publication_rel,0,0,0,0,0,0,0,0,0
1788882806.895524,1985372,public,trade,0,0,0,0,0,0,0,0,0
1788882806.895524,2605,pg_catalog,pg_cast,0,0,34,7,0,0,0,0,0
1788882806.895524,4171,pg_toast,pg_toast_1247,0,0,0,0,0,0,0,0,0
1788882806.895524,2830,pg_toast,pg_toast_2604,0,0,0,0,0,0,0,0,0
1788882806.895524,1985309,public,holding_summary,0,0,0,0,0,0,0,0,0
1788882806.895524,1985413,pg_toast,pg_toast_1985402,0,0,0,0,0,0,0,0,0
1788882806.895524,13479,information_schema,sql_implementation_info,0,0,,,0,0,0,0,0
1788882806.895524,1985341,pg_toast,pg_toast_1985335,0,0,0,0,0,0,0,0,0
1788882806.895524,6244,pg_toast,pg_toast_6243,0,0,0,0,0,0,0,0,0
1788882806.895524,1985315,public,watch_item,0,0,0,0,0,0,0,0,0
1788882806.895524,3430,pg_toast,pg_toast_3429,0,0,0,0,0,0,0,0,0
1788882806.895524,1985320,public,watch_list,0,0,0,0,0,0,0,0,0
1788882867.015650,1985536,pg_toast,pg_toast_1985517,0,0,0,0,0,0,0,0,0
1788882867.015650,3576,pg_catalog,pg_transform,0,0,0,0,0,0,0,0,0
1788882867.015650,2601,pg_catalog,pg_am,0,0,0,0,0,0,0,0,0
1788882867.015650,1985363,public,settlement,0,0,0,0,0,0,0,0,0
1788882867.015650,3394,pg_catalog,pg_init_privs,0,0,0,0,0,0,0,0,0
1788882867.015650,4167,pg_toast,pg_toast_3256,0,0,0,0,0,0,0,0,0
1788882867.015650,4151,pg_toast,pg_toast_1417,0,0,0,0,0,0,0,0,0
1788882867.015650,2834,pg_toast,pg_toast_2609,0,0,0,0,0,0,0,0,0
1788882867.015650,6000,pg_catalog,pg_replication_origin,0,0,0,0,0,0,0,0,0
1788882867.015650,2840,pg_toast,pg_toast_2619,0,0,0,0,0,0,0,0,0
1788882867.015650,1985486,public,last_trade,0,0,0,0,0,0,0,0,0
1788882867.015650,2328,pg_catalog,pg_foreign_data_wrapper,0,0,0,0,0,0,0,0,0
1788882867.015650,4157,pg_toast,pg_toast_2612,0,0,0,0,0,0,0,0,0
1788882867.015650,1260,pg_catalog,pg_authid,0,0,0,0,0,0,0,0,0
1788882867.015650,6102,pg_catalog,pg_subscription_rel,0,0,0,0,0,0,0,0,0
1788882867.015650,1214,pg_catalog,pg_shdepend,0,0,0,0,0,0,0,0,0
1788882867.015650,4163,pg_toast,pg_toast_2615,0,0,0,0,0,0,0,0,0
1788882867.015650,1985343,public,charge,0,0,0,0,0,0,0,0,0
1788882867.015650,1985440,public,daily_market,0,0,0,0,0,0,0,0,0
1788882867.015650,1985422,public,company,0,0,0,0,0,0,0,0,0
1788882867.015650,4169,pg_toast,pg_toast_3600,0,0,0,0,0,0,0,0,0
1788882867.015650,2615,pg_catalog,pg_namespace,1,4,5,2,0,0,0,0,0
1788882867.015650,2396,pg_catalog,pg_shdescription,0,0,0,0,0,0,0,0,0
1788882867.015650,3600,pg_catalog,pg_ts_dict,0,0,0,0,0,0,0,0,0
1788882867.015650,1985325,public,broker,0,0,0,0,0,0,0,0,0
1788882867.015650,3596,pg_catalog,pg_seclabel,0,0,0,0,0,0,0,0,0
1788882867.015650,1985460,public,financial,0,0,0,0,0,0,0,0,0
1788882867.015650,2609,pg_catalog,pg_description,0,0,0,0,0,0,0,0,0
1788882867.015650,1985351,public,commission_rate,0,0,0,0,0,0,0,0,0
1788882867.015650,13482,pg_toast,pg_toast_13479,0,0,0,0,0,0,0,0,0
1788882867.015650,1985396,public,trade_history,0,0,0,0,0,0,0,0,0
1788882867.015650,3603,pg_catalog,pg_ts_config_map,0,0,0,0,0,0,0,0,0
1788882867.015650,1213,pg_catalog,pg_tablespace,0,0,1,1,0,0,0,0,0
1788882867.015650,2608,pg_catalog,pg_depend,0,0,0,0,0,0,0,0,0
1788882867.015650,2964,pg_catalog,pg_db_role_setting,0,0,0,0,0,0,0,0,0
1788882867.015650,1985283,pg_toast,pg_toast_1985275,0,0,0,0,0,0,0,0,0
1788882867.015650,1418,pg_catalog,pg_user_mapping,0,0,0,0,0,0,0,0,0
1788882867.015650,2613,pg_catalog,pg_largeobject,0,0,0,0,0,0,0,0,0
1788882867.015650,6175,pg_toast,pg_toast_3456,0,0,0,0,0,0,0,0,0
1788882867.015650,1261,pg_catalog,pg_auth_members,0,0,0,0,0,0,0,0,0
1788882867.015650,1985335,public,cash_transaction,0,0,0,0,0,0,0,0,0
1788882867.015650,2617,pg_catalog,pg_operator,0,0,5,5,0,0,0,0,0
1788882867.015650,1985300,pg_toast,pg_toast_1985290,0,0,0,0,0,0,0,0,0
1788882867.015650,1985538,public,address,0,0,0,0,0,0,0,0,0
1788882867.015650,2610,pg_catalog,pg_index,1,221,11,14,0,0,0,0,0
1788882867.015650,1249,pg_catalog,pg_attribute,0,0,75,92,0,0,0,0,0
1788882867.015650,1985512,public,sector,0,0,0,0,0,0,0,0,0
1788882867.015650,1985415,public,trade_type,0,0,0,0,0,0,0,0,0
1788882867.015650,2600,pg_catalog,pg_aggregate,0,0,1,1,0,0,0,0,0
1788882867.015650,2966,pg_toast,pg_toast_2964,0,0,0,0,0,0,0,0,0
1788882867.015650,1985451,public,exchange,0,0,0,0,0,0,0,0,0
1788882867.015650,2618,pg_catalog,pg_rewrite,0,0,1,1,0,0,0,0,0
1788882867.015650,4177,pg_toast,pg_toast_1262,0,0,0,0,0,0,0,0,0
1788882867.015650,13484,information_schema,sql_parts,0,0,,,0,0,0,0,0
1788882867.015650,4159,pg_toast,pg_toast_2600,0,0,0,0,0,0,0,0,0
1788882867.015650,4147,pg_toast,pg_toast_3079,0,0,0,0,0,0,0,0,0
1788882867.015650,13474,information_schema,sql_features,0,0,,,0,0,0,0,0
1788882867.015650,1985394,pg_toast,pg_toast_1985372,0,0,0,0,0,0,0,0,0
1788882867.015650,1247,pg_catalog,pg_type,0,0,19,19,0,0,0,0,0
1788882867.015650,2602,pg_catalog,pg_amop,0,0,12,25,0,0,0,0,0
1788882867.015650,3439,pg_toast,pg_toast_3381,0,0,0,0,0,0,0,0,0
1788882867.015650,2846,pg_toast,pg_toast_2396,0,0,0,0,0,0,0,0,0
1788882867.015650,1985555,public,zip_code,0,0,0,0,0,0,0,0,0
1788882867.015650,1985478,pg_toast,pg_toast_1985460,0,0,0,0,0,0,0,0,0
1788882867.015650,4145,pg_toast,pg_toast_3466,0,0,0,0,0,0,0,0,0
1788882867.015650,3541,pg_catalog,pg_range,0,0,0,0,0,0,0,0,0
1788882867.015650,3602,pg_catalog,pg_ts_config,0,0,0,0,0,0,0,0,0
1788882867.015650,1985333,pg_toast,pg_toast_1985325,0,0,0,0,0,0,0,0,0
1788882867.015650,4183,pg_toast,pg_toast_6100,0,0,0,0,0,0,0,0,0
1788882867.015650,1985496,public,news_item,0,0,0,0,0,0,0,0,0
1788882867.015650,2224,pg_catalog,pg_sequence,0,0,0,0,0,0,0,0,0
1788882867.015650,2611,pg_catalog,pg_inherits,0,0,0,0,0,0,0,0,0
1788882867.015650,1417,pg_catalog,pg_foreign_server,0,0,0,0,0,0,0,0,0
1788882867.015650,1262,pg_catalog,pg_database,0,0,0,0,0,0,0,0,0
1788882867.015650,13492,pg_toast,pg_toast_13489,0,0,0,0,0,0,0,0,0
1788882867.015650,3501,pg_catalog,pg_enum,0,0,0,0,0,0,0,0,0
1788882867.015650,2607,pg_catalog,pg_conversion,0,0,0,0,0,0,0,0,0
1788882867.015650,1985449,pg_toast,pg_toast_1985440,0,0,0,0,0,0,0,0,0
1788882867.015650,826,pg_catalog,pg_default_acl,0,0,0,0,0,0,0,0,0
1788882867.015650,2604,pg_catalog,pg_attrdef,0,0,0,0,0,0,0,0,0
1788882867.015650,2336,pg_toast,pg_toast_2620,0,0,0,0,0,0,0,0,0
1788882867.015650,2603,pg_catalog,pg_amproc,0,0,5,11,0,0,0,0,0
1788882867.015650,2606,pg_catalog,pg_constraint,0,0,3,8,0,0,0,0,0
1788882867.015650,1255,pg_catalog,pg_proc,0,0,19,24,0,0,0,0,0
1788882867.015650,4173,pg_toast,pg_toast_1418,0,0,0,0,0,0,0,0,0
1788882867.015650,1985285,public,customer_taxrate,0,0,0,0,0,0,0,0,0
1788882867.015650,2620,pg_catalog,pg_trigger,0,0,0,0,0,0,0,0,0
1788882867.015650,1985256,public,account_permission,0,0,0,0,0,0,0,0,0
1788882867.015650,1985507,public,news_xref,0,0,0,0,0,0,0,0,0
1788882867.015650,1985480,public,industry,0,0,0,0,0,0,0,0,0
1788882867.015650,2612,pg_catalog,pg_language,0,0,0,0,0,0,0,0,0
1788882867.015650,4149,pg_toast,pg_toast_2328,0,0,0,0,0,0,0,0,0
1788882867.015650,6351,pg_toast,pg_toast_2610,0,0,0,0,0,0,0,0,0
1788882867.015650,13489,information_schema,sql_sizing,0,0,,,0,0,0,0,0
1788882867.015650,1985494,pg_toast,pg_toast_1985486,0,0,0,0,0,0,0,0,0
1788882867.015650,3598,pg_toast,pg_toast_3596,0,0,0,0,0,0,0,0,0
1788882867.015650,2836,pg_toast,pg_toast_1255,0,0,0,0,0,0,0,0,0
1788882867.015650,3456,pg_catalog,pg_collation,0,0,0,0,0,0,0,0,0
1788882867.015650,3079,pg_catalog,pg_extension,0,0,0,0,0,0,0,0,0
1788882867.015650,6100,pg_catalog,pg_subscription,0,0,0,0,0,0,0,0,0
1788882867.015650,2832,pg_toast,pg_toast_2606,0,0,0,0,0,0,0,0,0
1788882867.015650,3256,pg_catalog,pg_policy,0,0,0,0,0,0,0,0,0
1788882867.015650,1985302,public,holding_history,0,0,0,0,0,0,0,0,0
1788882867.015650,1985517,public,security,0,0,0,0,0,0,0,0,0
1788882867.015650,3466,pg_catalog,pg_event_trigger,0,0,0,0,0,0,0,0,0
1788882867.015650,3592,pg_catalog,pg_shseclabel,0,0,0,0,0,0,0,0,0
1788882867.015650,3764,pg_catalog,pg_ts_template,0,0,0,0,0,0,0,0,0
1788882867.015650,6237,pg_catalog,pg_publication_namespace,0,0,0,0,0,0,0,0,0
1788882867.015650,13487,pg_toast,pg_toast_13484,0,0,0,0,0,0,0,0,0
1788882867.015650,2995,pg_catalog,pg_largeobject_metadata,0,0,0,0,0,0,0,0,0
1788882867.015650,1985275,public,customer_account,0,0,0,0,0,0,0,0,0
1788882867.015650,4143,pg_toast,pg_toast_826,0,0,0,0,0,0,0,0,0
1788882867.015650,4185,pg_toast,pg_toast_1213,0,0,0,0,0,0,0,0,0
1788882867.015650,6243,pg_catalog,pg_parameter_acl,0,0,0,0,0,0,0,0,0
1788882867.015650,2616,pg_catalog,pg_opclass,0,0,8,134,0,0,0,0,0
1788882867.015650,1985290,public,holding,0,0,0,0,0,0,0,0,0
1788882867.015650,2838,pg_toast,pg_toast_2618,0,0,1,3,0,0,0,0,0
1788882867.015650,6228,pg_toast,pg_toast_6106,0,0,0,0,0,0,0,0,0
1788882867.015650,1985349,pg_toast,pg_toast_1985343,0,0,0,0,0,0,0,0,0
1788882867.015650,1985434,public,company_competitor,0,0,0,0,0,0,0,0,0
1788882867.015650,1985370,pg_toast,pg_toast_1985363,0,0,0,0,0,0,0,0,0
1788882867.015650,1985505,pg_toast,pg_toast_1985496,0,0,0,0,0,0,0,0,0
1788882867.015650,1985264,public,customer,0,0,0,0,0,0,0,0,0
1788882867.015650,3118,pg_catalog,pg_foreign_table,0,0,0,0,0,0,0,0,0
1788882867.015650,1259,pg_catalog,pg_class,1,523,12,12,0,0,0,0,0
1788882867.015650,3350,pg_catalog,pg_partitioned_table,0,0,0,0,0,0,0,0,0
1788882867.015650,4153,pg_toast,pg_toast_3118,0,0,0,0,0,0,0,0,0
1788882867.015650,4060,pg_toast,pg_toast_3592,0,0,0,0,0,0,0,0,0
1788882867.015650,1985543,public,status_type,0,0,0,0,0,0,0,0,0
1788882867.015650,4165,pg_toast,pg_toast_3350,0,0,0,0,0,0,0,0,0
1788882867.015650,1985402,public,trade_request,0,0,0,0,0,0,0,0,0
1788882867.015650,2753,pg_catalog,pg_opfamily,0,0,2,2,0,0,0,0,0
1788882867.015650,3601,pg_catalog,pg_ts_parser,0,0,0,0,0,0,0,0,0
1788882867.015650,6104,pg_catalog,pg_publication,0,0,0,0,0,0,0,0,0
1788882867.015650,13477,pg_toast,pg_toast_13474,0,0,0,0,0,0,0,0,0
1788882867.015650,3429,pg_catalog,pg_statistic_ext_data,0,0,0,0,0,0,0,0,0
1788882867.015650,2619,pg_catalog,pg_statistic,0,0,17,8,0,0,0,0,0
1788882867.015650,4155,pg_toast,pg_toast_3394,0,0,0,0,0,0,0,0,0
1788882867.015650,1985548,public,taxrate,0,0,0,0,0,0,0,0,0
1788882867.015650,3381,pg_catalog,pg_statistic_ext,0,0,3,0,0,0,0,0,0
1788882867.015650,6106,pg_catalog,pg_publication_rel,0,0,0,0,0,0,0,0,0
1788882867.015650,1985372,public,trade,0,0,0,0,0,0,0,0,0
1788882867.015650,2605,pg_catalog,pg_cast,0,0,34,7,0,0,0,0,0
1788882867.015650,4171,pg_toast,pg_toast_1247,0,0,0,0,0,0,0,0,0
1788882867.015650,2830,pg_toast,pg_toast_2604,0,0,0,0,0,0,0,0,0
1788882867.015650,1985309,public,holding_summary,0,0,0,0,0,0,0,0,0
1788882867.015650,1985413,pg_toast,pg_toast_1985402,0,0,0,0,0,0,0,0,0
1788882867.015650,13479,information_schema,sql_implementation_info,0,0,,,0,0,0,0,0
1788882867.015650,1985341,pg_toast,pg_toast_1985335,0,0,0,0,0,0,0,0,0
1788882867.015650,6244,pg_toast,pg_toast_6243,0,0,0,0,0,0,0,0,0
1788882867.015650,1985315,public,watch_item,0,0,0,0,0,0,0,0,0
1788882867.015650,3430,pg_toast,pg_toast_3429,0,0,0,0,0,0,0,0,0
1788882867.015650,1985320,public,watch_list,0,0,0,0,0,0,0,0,0
1788882926.111244,1985536,pg_toast,pg_toast_1985517,0,0,0,0,0,0,0,0,0
1788882926.111244,3576,pg_catalog,pg_transform,0,0,0,0,0,0,0,0,0
1788882926.111244,2601,pg_catalog,pg_am,0,0,0,0,0,0,0,0,0
1788882926.111244,1985363,public,settlement,0,0,0,0,0,0,0,0,0
1788882926.111244,3394,pg_catalog,pg_init_privs,0,0,0,0,0,0,0,0,0
1788882926.111244,4167,pg_toast,pg_toast_3256,0,0,0,0,0,0,0,0,0
1788882926.111244,4151,pg_toast,pg_toast_1417,0,0,0,0,0,0,0,0,0
1788882926.111244,2834,pg_toast,pg_toast_2609,0,0,0,0,0,0,0,0,0
1788882926.111244,6000,pg_catalog,pg_replication_origin,0,0,0,0,0,0,0,0,0
1788882926.111244,2840,pg_toast,pg_toast_2619,0,0,0,0,0,0,0,0,0
1788882926.111244,1985486,public,last_trade,0,0,0,0,0,0,0,0,0
1788882926.111244,2328,pg_catalog,pg_foreign_data_wrapper,0,0,0,0,0,0,0,0,0
1788882926.111244,4157,pg_toast,pg_toast_2612,0,0,0,0,0,0,0,0,0
1788882926.111244,1260,pg_catalog,pg_authid,0,0,0,0,0,0,0,0,0
1788882926.111244,6102,pg_catalog,pg_subscription_rel,0,0,0,0,0,0,0,0,0
1788882926.111244,1214,pg_catalog,pg_shdepend,0,0,0,0,0,0,0,0,0
1788882926.111244,4163,pg_toast,pg_toast_2615,0,0,0,0,0,0,0,0,0
1788882926.111244,1985343,public,charge,0,0,0,0,0,0,0,0,0
1788882926.111244,1985440,public,daily_market,0,0,0,0,0,0,0,0,0
1788882926.111244,1985422,public,company,0,0,0,0,0,0,0,0,0
1788882926.111244,4169,pg_toast,pg_toast_3600,0,0,0,0,0,0,0,0,0
1788882926.111244,2615,pg_catalog,pg_namespace,1,4,5,2,0,0,0,0,0
1788882926.111244,2396,pg_catalog,pg_shdescription,0,0,0,0,0,0,0,0,0
1788882926.111244,3600,pg_catalog,pg_ts_dict,0,0,0,0,0,0,0,0,0
1788882926.111244,1985325,public,broker,0,0,0,0,0,0,0,0,0
1788882926.111244,3596,pg_catalog,pg_seclabel,0,0,0,0,0,0,0,0,0
1788882926.111244,1985460,public,financial,0,0,0,0,0,0,0,0,0
1788882926.111244,2609,pg_catalog,pg_description,0,0,0,0,0,0,0,0,0
1788882926.111244,1985351,public,commission_rate,0,0,0,0,0,0,0,0,0
1788882926.111244,13482,pg_toast,pg_toast_13479,0,0,0,0,0,0,0,0,0
1788882926.111244,1985396,public,trade_history,0,0,0,0,0,0,0,0,0
1788882926.111244,3603,pg_catalog,pg_ts_config_map,0,0,0,0,0,0,0,0,0
1788882926.111244,1213,pg_catalog,pg_tablespace,0,0,1,1,0,0,0,0,0
1788882926.111244,2608,pg_catalog,pg_depend,0,0,0,0,0,0,0,0,0
1788882926.111244,2964,pg_catalog,pg_db_role_setting,0,0,0,0,0,0,0,0,0
1788882926.111244,1985283,pg_toast,pg_toast_1985275,0,0,0,0,0,0,0,0,0
1788882926.111244,1418,pg_catalog,pg_user_mapping,0,0,0,0,0,0,0,0,0
1788882926.111244,2613,pg_catalog,pg_largeobject,0,0,0,0,0,0,0,0,0
1788882926.111244,6175,pg_toast,pg_toast_3456,0,0,0,0,0,0,0,0,0
1788882926.111244,1261,pg_catalog,pg_auth_members,0,0,0,0,0,0,0,0,0
1788882926.111244,1985335,public,cash_transaction,0,0,0,0,0,0,0,0,0
1788882926.111244,2617,pg_catalog,pg_operator,0,0,5,5,0,0,0,0,0
1788882926.111244,1985300,pg_toast,pg_toast_1985290,0,0,0,0,0,0,0,0,0
1788882926.111244,1985538,public,address,0,0,0,0,0,0,0,0,0
1788882926.111244,2610,pg_catalog,pg_index,1,221,11,14,0,0,0,0,0
1788882926.111244,1249,pg_catalog,pg_attribute,0,0,75,92,0,0,0,0,0
1788882926.111244,1985512,public,sector,0,0,0,0,0,0,0,0,0
1788882926.111244,1985415,public,trade_type,0,0,0,0,0,0,0,0,0
1788882926.111244,2600,pg_catalog,pg_aggregate,0,0,1,1,0,0,0,0,0
1788882926.111244,2966,pg_toast,pg_toast_2964,0,0,0,0,0,0,0,0,0
1788882926.111244,1985451,public,exchange,0,0,0,0,0,0,0,0,0
1788882926.111244,2618,pg_catalog,pg_rewrite,0,0,1,1,0,0,0,0,0
1788882926.111244,4177,pg_toast,pg_toast_1262,0,0,0,0,0,0,0,0,0
1788882926.111244,13484,information_schema,sql_parts,0,0,,,0,0,0,0,0
1788882926.111244,4159,pg_toast,pg_toast_2600,0,0,0,0,0,0,0,0,0
1788882926.111244,4147,pg_toast,pg_toast_3079,0,0,0,0,0,0,0,0,0
1788882926.111244,13474,information_schema,sql_features,0,0,,,0,0,0,0,0
1788882926.111244,1985394,pg_toast,pg_toast_1985372,0,0,0,0,0,0,0,0,0
1788882926.111244,1247,pg_catalog,pg_type,0,0,19,19,0,0,0,0,0
1788882926.111244,2602,pg_catalog,pg_amop,0,0,12,25,0,0,0,0,0
1788882926.111244,3439,pg_toast,pg_toast_3381,0,0,0,0,0,0,0,0,0
1788882926.111244,2846,pg_toast,pg_toast_2396,0,0,0,0,0,0,0,0,0
1788882926.111244,1985555,public,zip_code,0,0,0,0,0,0,0,0,0
1788882926.111244,1985478,pg_toast,pg_toast_1985460,0,0,0,0,0,0,0,0,0
1788882926.111244,4145,pg_toast,pg_toast_3466,0,0,0,0,0,0,0,0,0
1788882926.111244,3541,pg_catalog,pg_range,0,0,0,0,0,0,0,0,0
1788882926.111244,3602,pg_catalog,pg_ts_config,0,0,0,0,0,0,0,0,0
1788882926.111244,1985333,pg_toast,pg_toast_1985325,0,0,0,0,0,0,0,0,0
1788882926.111244,4183,pg_toast,pg_toast_6100,0,0,0,0,0,0,0,0,0
1788882926.111244,1985496,public,news_item,0,0,0,0,0,0,0,0,0
1788882926.111244,2224,pg_catalog,pg_sequence,0,0,0,0,0,0,0,0,0
1788882926.111244,2611,pg_catalog,pg_inherits,0,0,0,0,0,0,0,0,0
1788882926.111244,1417,pg_catalog,pg_foreign_server,0,0,0,0,0,0,0,0,0
1788882926.111244,1262,pg_catalog,pg_database,0,0,0,0,0,0,0,0,0
1788882926.111244,13492,pg_toast,pg_toast_13489,0,0,0,0,0,0,0,0,0
1788882926.111244,3501,pg_catalog,pg_enum,0,0,0,0,0,0,0,0,0
1788882926.111244,2607,pg_catalog,pg_conversion,0,0,0,0,0,0,0,0,0
1788882926.111244,1985449,pg_toast,pg_toast_1985440,0,0,0,0,0,0,0,0,0
1788882926.111244,826,pg_catalog,pg_default_acl,0,0,0,0,0,0,0,0,0
1788882926.111244,2604,pg_catalog,pg_attrdef,0,0,0,0,0,0,0,0,0
1788882926.111244,2336,pg_toast,pg_toast_2620,0,0,0,0,0,0,0,0,0
1788882926.111244,2603,pg_catalog,pg_amproc,0,0,5,11,0,0,0,0,0
1788882926.111244,2606,pg_catalog,pg_constraint,0,0,3,8,0,0,0,0,0
1788882926.111244,1255,pg_catalog,pg_proc,0,0,19,24,0,0,0,0,0
1788882926.111244,4173,pg_toast,pg_toast_1418,0,0,0,0,0,0,0,0,0
1788882926.111244,1985285,public,customer_taxrate,0,0,0,0,0,0,0,0,0
1788882926.111244,2620,pg_catalog,pg_trigger,0,0,0,0,0,0,0,0,0
1788882926.111244,1985256,public,account_permission,0,0,0,0,0,0,0,0,0
1788882926.111244,1985507,public,news_xref,0,0,0,0,0,0,0,0,0
1788882926.111244,1985480,public,industry,0,0,0,0,0,0,0,0,0
1788882926.111244,2612,pg_catalog,pg_language,0,0,0,0,0,0,0,0,0
1788882926.111244,4149,pg_toast,pg_toast_2328,0,0,0,0,0,0,0,0,0
1788882926.111244,6351,pg_toast,pg_toast_2610,0,0,0,0,0,0,0,0,0
1788882926.111244,13489,information_schema,sql_sizing,0,0,,,0,0,0,0,0
1788882926.111244,1985494,pg_toast,pg_toast_1985486,0,0,0,0,0,0,0,0,0
1788882926.111244,3598,pg_toast,pg_toast_3596,0,0,0,0,0,0,0,0,0
1788882926.111244,2836,pg_toast,pg_toast_1255,0,0,0,0,0,0,0,0,0
1788882926.111244,3456,pg_catalog,pg_collation,0,0,0,0,0,0,0,0,0
1788882926.111244,3079,pg_catalog,pg_extension,0,0,0,0,0,0,0,0,0
1788882926.111244,6100,pg_catalog,pg_subscription,0,0,0,0,0,0,0,0,0
1788882926.111244,2832,pg_toast,pg_toast_2606,0,0,0,0,0,0,0,0,0
1788882926.111244,3256,pg_catalog,pg_policy,0,0,0,0,0,0,0,0,0
1788882926.111244,1985302,public,holding_history,0,0,0,0,0,0,0,0,0
1788882926.111244,1985517,public,security,0,0,0,0,0,0,0,0,0
1788882926.111244,3466,pg_catalog,pg_event_trigger,0,0,0,0,0,0,0,0,0
1788882926.111244,3592,pg_catalog,pg_shseclabel,0,0,0,0,0,0,0,0,0
1788882926.111244,3764,pg_catalog,pg_ts_template,0,0,0,0,0,0,0,0,0
1788882926.111244,6237,pg_catalog,pg_publication_namespace,0,0,0,0,0,0,0,0,0
1788882926.111244,13487,pg_toast,pg_toast_13484,0,0,0,0,0,0,0,0,0
1788882926.111244,2995,pg_catalog,pg_largeobject_metadata,0,0,0,0,0,0,0,0,0
1788882926.111244,1985275,public,customer_account,0,0,0,0,0,0,0,0,0
1788882926.111244,4143,pg_toast,pg_toast_826,0,0,0,0,0,0,0,0,0
1788882926.111244,4185,pg_toast,pg_toast_1213,0,0,0,0,0,0,0,0,0
1788882926.111244,6243,pg_catalog,pg_parameter_acl,0,0,0,0,0,0,0,0,0
1788882926.111244,2616,pg_catalog,pg_opclass,0,0,8,134,0,0,0,0,0
1788882926.111244,1985290,public,holding,0,0,0,0,0,0,0,0,0
1788882926.111244,2838,pg_toast,pg_toast_2618,0,0,1,3,0,0,0,0,0
1788882926.111244,6228,pg_toast,pg_toast_6106,0,0,0,0,0,0,0,0,0
1788882926.111244,1985349,pg_toast,pg_toast_1985343,0,0,0,0,0,0,0,0,0
1788882926.111244,1985434,public,company_competitor,0,0,0,0,0,0,0,0,0
1788882926.111244,1985370,pg_toast,pg_toast_1985363,0,0,0,0,0,0,0,0,0
1788882926.111244,1985505,pg_toast,pg_toast_1985496,0,0,0,0,0,0,0,0,0
1788882926.111244,1985264,public,customer,0,0,0,0,0,0,0,0,0
1788882926.111244,3118,pg_catalog,pg_foreign_table,0,0,0,0,0,0,0,0,0
1788882926.111244,1259,pg_catalog,pg_class,1,523,12,12,0,0,0,0,0
1788882926.111244,3350,pg_catalog,pg_partitioned_table,0,0,0,0,0,0,0,0,0
1788882926.111244,4153,pg_toast,pg_toast_3118,0,0,0,0,0,0,0,0,0
1788882926.111244,4060,pg_toast,pg_toast_3592,0,0,0,0,0,0,0,0,0
1788882926.111244,1985543,public,status_type,0,0,0,0,0,0,0,0,0
1788882926.111244,4165,pg_toast,pg_toast_3350,0,0,0,0,0,0,0,0,0
1788882926.111244,1985402,public,trade_request,0,0,0,0,0,0,0,0,0
1788882926.111244,2753,pg_catalog,pg_opfamily,0,0,2,2,0,0,0,0,0
1788882926.111244,3601,pg_catalog,pg_ts_parser,0,0,0,0,0,0,0,0,0
1788882926.111244,6104,pg_catalog,pg_publication,0,0,0,0,0,0,0,0,0
1788882926.111244,13477,pg_toast,pg_toast_13474,0,0,0,0,0,0,0,0,0
1788882926.111244,3429,pg_catalog,pg_statistic_ext_data,0,0,0,0,0,0,0,0,0
1788882926.111244,2619,pg_catalog,pg_statistic,0,0,17,8,0,0,0,0,0
1788882926.111244,4155,pg_toast,pg_toast_3394,0,0,0,0,0,0,0,0,0
1788882926.111244,1985548,public,taxrate,0,0,0,0,0,0,0,0,0
1788882926.111244,3381,pg_catalog,pg_statistic_ext,0,0,3,0,0,0,0,0,0
1788882926.111244,6106,pg_catalog,pg_publication_rel,0,0,0,0,0,0,0,0,0
1788882926.111244,1985372,public,trade,0,0,0,0,0,0,0,0,0
1788882926.111244,2605,pg_catalog,pg_cast,0,0,34,7,0,0,0,0,0
1788882926.111244,4171,pg_toast,pg_toast_1247,0,0,0,0,0,0,0,0,0
1788882926.111244,2830,pg_toast,pg_toast_2604,0,0,0,0,0,0,0,0,0
1788882926.111244,1985309,public,holding_summary,0,0,0,0,0,0,0,0,0
1788882926.111244,1985413,pg_toast,pg_toast_1985402,0,0,0,0,0,0,0,0,0
1788882926.111244,13479,information_schema,sql_implementation_info,0,0,,,0,0,0,0,0
1788882926.111244,1985341,pg_toast,pg_toast_1985335,0,0,0,0,0,0,0,0,0
1788882926.111244,6244,pg_toast,pg_toast_6243,0,0,0,0,0,0,0,0,0
1788882926.111244,1985315,public,watch_item,0,0,0,0,0,0,0,0,0
1788882926.111244,3430,pg_toast,pg_toast_3429,0,0,0,0,0,0,0,0,0
1788882926.111244,1985320,public,watch_list,0,0,0,0,0,0,0,0,0
1788882986.212231,1985536,pg_toast,pg_toast_1985517,0,0,0,0,0,0,0,0,0
1788882986.212231,3576,pg_catalog,pg_transform,0,0,0,0,0,0,0,0,0
1788882986.212231,2601,pg_catalog,pg_am,0,0,0,0,0,0,0,0,0
1788882986.212231,1985363,public,settlement,0,0,0,0,0,0,0,0,0
1788882986.212231,3394,pg_catalog,pg_init_privs,0,0,0,0,0,0,0,0,0
1788882986.212231,4167,pg_toast,pg_toast_3256,0,0,0,0,0,0,0,0,0
1788882986.212231,4151,pg_toast,pg_toast_1417,0,0,0,0,0,0,0,0,0
1788882986.212231,2834,pg_toast,pg_toast_2609,0,0,0,0,0,0,0,0,0
1788882986.212231,6000,pg_catalog,pg_replication_origin,0,0,0,0,0,0,0,0,0
1788882986.212231,2840,pg_toast,pg_toast_2619,0,0,0,0,0,0,0,0,0
1788882986.212231,1985486,public,last_trade,0,0,0,0,0,0,0,0,0
1788882986.212231,2328,pg_catalog,pg_foreign_data_wrapper,0,0,0,0,0,0,0,0,0
1788882986.212231,4157,pg_toast,pg_toast_2612,0,0,0,0,0,0,0,0,0
1788882986.212231,1260,pg_catalog,pg_authid,0,0,0,0,0,0,0,0,0
1788882986.212231,6102,pg_catalog,pg_subscription_rel,0,0,0,0,0,0,0,0,0
1788882986.212231,1214,pg_catalog,pg_shdepend,0,0,0,0,0,0,0,0,0
1788882986.212231,4163,pg_toast,pg_toast_2615,0,0,0,0,0,0,0,0,0
1788882986.212231,1985343,public,charge,0,0,0,0,0,0,0,0,0
1788882986.212231,1985440,public,daily_market,0,0,0,0,0,0,0,0,0
1788882986.212231,1985422,public,company,0,0,0,0,0,0,0,0,0
1788882986.212231,4169,pg_toast,pg_toast_3600,0,0,0,0,0,0,0,0,0
1788882986.212231,2615,pg_catalog,pg_namespace,1,4,5,2,0,0,0,0,0
1788882986.212231,2396,pg_catalog,pg_shdescription,0,0,0,0,0,0,0,0,0
1788882986.212231,3600,pg_catalog,pg_ts_dict,0,0,0,0,0,0,0,0,0
1788882986.212231,1985325,public,broker,0,0,0,0,0,0,0,0,0
1788882986.212231,3596,pg_catalog,pg_seclabel,0,0,0,0,0,0,0,0,0
1788882986.212231,1985460,public,financial,0,0,0,0,0,0,0,0,0
1788882986.212231,2609,pg_catalog,pg_description,0,0,0,0,0,0,0,0,0
1788882986.212231,1985351,public,commission_rate,0,0,0,0,0,0,0,0,0
1788882986.212231,13482,pg_toast,pg_toast_13479,0,0,0,0,0,0,0,0,0
1788882986.212231,1985396,public,trade_history,0,0,0,0,0,0,0,0,0
1788882986.212231,3603,pg_catalog,pg_ts_config_map,0,0,0,0,0,0,0,0,0
1788882986.212231,1213,pg_catalog,pg_tablespace,0,0,1,1,0,0,0,0,0
1788882986.212231,2608,pg_catalog,pg_depend,0,0,0,0,0,0,0,0,0
1788882986.212231,2964,pg_catalog,pg_db_role_setting,0,0,0,0,0,0,0,0,0
1788882986.212231,1985283,pg_toast,pg_toast_1985275,0,0,0,0,0,0,0,0,0
1788882986.212231,1418,pg_catalog,pg_user_mapping,0,0,0,0,0,0,0,0,0
1788882986.212231,2613,pg_catalog,pg_largeobject,0,0,0,0,0,0,0,0,0
1788882986.212231,6175,pg_toast,pg_toast_3456,0,0,0,0,0,0,0,0,0
1788882986.212231,1261,pg_catalog,pg_auth_members,0,0,0,0,0,0,0,0,0
1788882986.212231,1985335,public,cash_transaction,0,0,0,0,0,0,0,0,0
1788882986.212231,2617,pg_catalog,pg_operator,0,0,5,5,0,0,0,0,0
1788882986.212231,1985300,pg_toast,pg_toast_1985290,0,0,0,0,0,0,0,0,0
1788882986.212231,1985538,public,address,0,0,0,0,0,0,0,0,0
1788882986.212231,2610,pg_catalog,pg_index,1,221,11,14,0,0,0,0,0
1788882986.212231,1249,pg_catalog,pg_attribute,0,0,75,92,0,0,0,0,0
1788882986.212231,1985512,public,sector,0,0,0,0,0,0,0,0,0
1788882986.212231,1985415,public,trade_type,0,0,0,0,0,0,0,0,0
1788882986.212231,2600,pg_catalog,pg_aggregate,0,0,1,1,0,0,0,0,0
1788882986.212231,2966,pg_toast,pg_toast_2964,0,0,0,0,0,0,0,0,0
1788882986.212231,1985451,public,exchange,0,0,0,0,0,0,0,0,0
1788882986.212231,2618,pg_catalog,pg_rewrite,0,0,1,1,0,0,0,0,0
1788882986.212231,4177,pg_toast,pg_toast_1262,0,0,0,0,0,0,0,0,0
1788882986.212231,13484,information_schema,sql_parts,0,0,,,0,0,0,0,0
1788882986.212231,4159,pg_toast,pg_toast_2600,0,0,0,0,0,0,0,0,0
1788882986.212231,4147,pg_toast,pg_toast_3079,0,0,0,0,0,0,0,0,0
1788882986.212231,13474,information_schema,sql_features,0,0,,,0,0,0,0,0
1788882986.212231,1985394,pg_toast,pg_toast_1985372,0,0,0,0,0,0,0,0,0
1788882986.212231,1247,pg_catalog,pg_type,0,0,19,19,0,0,0,0,0
1788882986.212231,2602,pg_catalog,pg_amop,0,0,12,25,0,0,0,0,0
1788882986.212231,3439,pg_toast,pg_toast_3381,0,0,0,0,0,0,0,0,0
1788882986.212231,2846,pg_toast,pg_toast_2396,0,0,0,0,0,0,0,0,0
1788882986.212231,1985555,public,zip_code,0,0,0,0,0,0,0,0,0
1788882986.212231,1985478,pg_toast,pg_toast_1985460,0,0,0,0,0,0,0,0,0
1788882986.212231,4145,pg_toast,pg_toast_3466,0,0,0,0,0,0,0,0,0
1788882986.212231,3541,pg_catalog,pg_range,0,0,0,0,0,0,0,0,0
1788882986.212231,3602,pg_catalog,pg_ts_config,0,0,0,0,0,0,0,0,0
1788882986.212231,1985333,pg_toast,pg_toast_1985325,0,0,0,0,0,0,0,0,0
1788882986.212231,4183,pg_toast,pg_toast_6100,0,0,0,0,0,0,0,0,0
1788882986.212231,1985496,public,news_item,0,0,0,0,0,0,0,0,0
1788882986.212231,2224,pg_catalog,pg_sequence,0,0,0,0,0,0,0,0,0
1788882986.212231,2611,pg_catalog,pg_inherits,0,0,0,0,0,0,0,0,0
1788882986.212231,1417,pg_catalog,pg_foreign_server,0,0,0,0,0,0,0,0,0
1788882986.212231,1262,pg_catalog,pg_database,0,0,0,0,0,0,0,0,0
1788882986.212231,13492,pg_toast,pg_toast_13489,0,0,0,0,0,0,0,0,0
1788882986.212231,3501,pg_catalog,pg_enum,0,0,0,0,0,0,0,0,0
1788882986.212231,2607,pg_catalog,pg_conversion,0,0,0,0,0,0,0,0,0
1788882986.212231,1985449,pg_toast,pg_toast_1985440,0,0,0,0,0,0,0,0,0
1788882986.212231,826,pg_catalog,pg_default_acl,0,0,0,0,0,0,0,0,0
1788882986.212231,2604,pg_catalog,pg_attrdef,0,0,0,0,0,0,0,0,0
1788882986.212231,2336,pg_toast,pg_toast_2620,0,0,0,0,0,0,0,0,0
1788882986.212231,2603,pg_catalog,pg_amproc,0,0,5,11,0,0,0,0,0
1788882986.212231,2606,pg_catalog,pg_constraint,0,0,3,8,0,0,0,0,0
1788882986.212231,1255,pg_catalog,pg_proc,0,0,19,24,0,0,0,0,0
1788882986.212231,4173,pg_toast,pg_toast_1418,0,0,0,0,0,0,0,0,0
1788882986.212231,1985285,public,customer_taxrate,0,0,0,0,0,0,0,0,0
1788882986.212231,2620,pg_catalog,pg_trigger,0,0,0,0,0,0,0,0,0
1788882986.212231,1985256,public,account_permission,0,0,0,0,0,0,0,0,0
1788882986.212231,1985507,public,news_xref,0,0,0,0,0,0,0,0,0
1788882986.212231,1985480,public,industry,0,0,0,0,0,0,0,0,0
1788882986.212231,2612,pg_catalog,pg_language,0,0,0,0,0,0,0,0,0
1788882986.212231,4149,pg_toast,pg_toast_2328,0,0,0,0,0,0,0,0,0
1788882986.212231,6351,pg_toast,pg_toast_2610,0,0,0,0,0,0,0,0,0
1788882986.212231,13489,information_schema,sql_sizing,0,0,,,0,0,0,0,0
1788882986.212231,1985494,pg_toast,pg_toast_1985486,0,0,0,0,0,0,0,0,0
1788882986.212231,3598,pg_toast,pg_toast_3596,0,0,0,0,0,0,0,0,0
1788882986.212231,2836,pg_toast,pg_toast_1255,0,0,0,0,0,0,0,0,0
1788882986.212231,3456,pg_catalog,pg_collation,0,0,0,0,0,0,0,0,0
1788882986.212231,3079,pg_catalog,pg_extension,0,0,0,0,0,0,0,0,0
1788882986.212231,6100,pg_catalog,pg_subscription,0,0,0,0,0,0,0,0,0
1788882986.212231,2832,pg_toast,pg_toast_2606,0,0,0,0,0,0,0,0,0
1788882986.212231,3256,pg_catalog,pg_policy,0,0,0,0,0,0,0,0,0
1788882986.212231,1985302,public,holding_history,0,0,0,0,0,0,0,0,0
1788882986.212231,1985517,public,security,0,0,0,0,0,0,0,0,0
1788882986.212231,3466,pg_catalog,pg_event_trigger,0,0,0,0,0,0,0,0,0
1788882986.212231,3592,pg_catalog,pg_shseclabel,0,0,0,0,0,0,0,0,0
1788882986.212231,3764,pg_catalog,pg_ts_template,0,0,0,0,0,0,0,0,0
1788882986.212231,6237,pg_catalog,pg_publication_namespace,0,0,0,0,0,0,0,0,0
1788882986.212231,13487,pg_toast,pg_toast_13484,0,0,0,0,0,0,0,0,0
1788882986.212231,2995,pg_catalog,pg_largeobject_metadata,0,0,0,0,0,0,0,0,0
1788882986.212231,1985275,public,customer_account,0,0,0,0,0,0,0,0,0
1788882986.212231,4143,pg_toast,pg_toast_826,0,0,0,0,0,0,0,0,0
1788882986.212231,4185,pg_toast,pg_toast_1213,0,0,0,0,0,0,0,0,0
1788882986.212231,6243,pg_catalog,pg_parameter_acl,0,0,0,0,0,0,0,0,0
1788882986.212231,2616,pg_catalog,pg_opclass,0,0,8,134,0,0,0,0,0
1788882986.212231,1985290,public,holding,0,0,0,0,0,0,0,0,0
1788882986.212231,2838,pg_toast,pg_toast_2618,0,0,1,3,0,0,0,0,0
1788882986.212231,6228,pg_toast,pg_toast_6106,0,0,0,0,0,0,0,0,0
1788882986.212231,1985349,pg_toast,pg_toast_1985343,0,0,0,0,0,0,0,0,0
1788882986.212231,1985434,public,company_competitor,0,0,0,0,0,0,0,0,0
1788882986.212231,1985370,pg_toast,pg_toast_1985363,0,0,0,0,0,0,0,0,0
1788882986.212231,1985505,pg_toast,pg_toast_1985496,0,0,0,0,0,0,0,0,0
1788882986.212231,1985264,public,customer,0,0,0,0,0,0,0,0,0
1788882986.212231,3118,pg_catalog,pg_foreign_table,0,0,0,0,0,0,0,0,0
1788882986.212231,1259,pg_catalog,pg_class,1,523,12,12,0,0,0,0,0
1788882986.212231,3350,pg_catalog,pg_partitioned_table,0,0,0,0,0,0,0,0,0
1788882986.212231,4153,pg_toast,pg_toast_3118,0,0,0,0,0,0,0,0,0
1788882986.212231,4060,pg_toast,pg_toast_3592,0,0,0,0,0,0,0,0,0
1788882986.212231,1985543,public,status_type,0,0,0,0,0,0,0,0,0
1788882986.212231,4165,pg_toast,pg_toast_3350,0,0,0,0,0,0,0,0,0
1788882986.212231,1985402,public,trade_request,0,0,0,0,0,0,0,0,0
1788882986.212231,2753,pg_catalog,pg_opfamily,0,0,2,2,0,0,0,0,0
1788882986.212231,3601,pg_catalog,pg_ts_parser,0,0,0,0,0,0,0,0,0
1788882986.212231,6104,pg_catalog,pg_publication,0,0,0,0,0,0,0,0,0
1788882986.212231,13477,pg_toast,pg_toast_13474,0,0,0,0,0,0,0,0,0
1788882986.212231,3429,pg_catalog,pg_statistic_ext_data,0,0,0,0,0,0,0,0,0
1788882986.212231,2619,pg_catalog,pg_statistic,0,0,17,8,0,0,0,0,0
1788882986.212231,4155,pg_toast,pg_toast_3394,0,0,0,0,0,0,0,0,0
1788882986.212231,1985548,public,taxrate,0,0,0,0,0,0,0,0,0
1788882986.212231,3381,pg_catalog,pg_statistic_ext,0,0,3,0,0,0,0,0,0
1788882986.212231,6106,pg_catalog,pg_publication_rel,0,0,0,0,0,0,0,0,0
1788882986.212231,1985372,public,trade,0,0,0,0,0,0,0,0,0
1788882986.212231,2605,pg_catalog,pg_cast,0,0,34,7,0,0,0,0,0
1788882986.212231,4171,pg_toast,pg_toast_1247,0,0,0,0,0,0,0,0,0
1788882986.212231,2830,pg_toast,pg_toast_2604,0,0,0,0,0,0,0,0,0
1788882986.212231,1985309,public,holding_summary,0,0,0,0,0,0,0,0,0
1788882986.212231,1985413,pg_toast,pg_toast_1985402,0,0,0,0,0,0,0,0,0
1788882986.212231,13479,information_schema,sql_implementation_info,0,0,,,0,0,0,0,0
1788882986.212231,1985341,pg_toast,pg_toast_1985335,0,0,0,0,0,0,0,0,0
1788882986.212231,6244,pg_toast,pg_toast_6243,0,0,0,0,0,0,0,0,0
1788882986.212231,1985315,public,watch_item,0,0,0,0,0,0,0,0,0
1788882986.212231,3430,pg_toast,pg_toast_3429,0,0,0,0,0,0,0,0,0
1788882986.212231,1985320,public,watch_list,0,0,0,0,0,0,0,0,0
1788883046.327279,1985536,pg_toast,pg_toast_1985517,0,0,0,0,0,0,0,0,0
1788883046.327279,3576,pg_catalog,pg_transform,0,0,0,0,0,0,0,0,0
1788883046.327279,2601,pg_catalog,pg_am,0,0,0,0,0,0,0,0,0
1788883046.327279,1985363,public,settlement,0,0,0,0,0,0,0,0,0
1788883046.327279,3394,pg_catalog,pg_init_privs,0,0,0,0,0,0,0,0,0
1788883046.327279,4167,pg_toast,pg_toast_3256,0,0,0,0,0,0,0,0,0
1788883046.327279,4151,pg_toast,pg_toast_1417,0,0,0,0,0,0,0,0,0
1788883046.327279,2834,pg_toast,pg_toast_2609,0,0,0,0,0,0,0,0,0
1788883046.327279,6000,pg_catalog,pg_replication_origin,0,0,0,0,0,0,0,0,0
1788883046.327279,2840,pg_toast,pg_toast_2619,0,0,0,0,0,0,0,0,0
1788883046.327279,1985486,public,last_trade,0,0,0,0,0,0,0,0,0
1788883046.327279,2328,pg_catalog,pg_foreign_data_wrapper,0,0,0,0,0,0,0,0,0
1788883046.327279,4157,pg_toast,pg_toast_2612,0,0,0,0,0,0,0,0,0
1788883046.327279,1260,pg_catalog,pg_authid,0,0,0,0,0,0,0,0,0
1788883046.327279,6102,pg_catalog,pg_subscription_rel,0,0,0,0,0,0,0,0,0
1788883046.327279,1214,pg_catalog,pg_shdepend,0,0,0,0,0,0,0,0,0
1788883046.327279,4163,pg_toast,pg_toast_2615,0,0,0,0,0,0,0,0,0
1788883046.327279,1985343,public,charge,0,0,0,0,0,0,0,0,0
1788883046.327279,1985440,public,daily_market,0,0,0,0,0,0,0,0,0
1788883046.327279,1985422,public,company,0,0,0,0,0,0,0,0,0
1788883046.327279,4169,pg_toast,pg_toast_3600,0,0,0,0,0,0,0,0,0
1788883046.327279,2615,pg_catalog,pg_namespace,1,4,5,2,0,0,0,0,0
1788883046.327279,2396,pg_catalog,pg_shdescription,0,0,0,0,0,0,0,0,0
1788883046.327279,3600,pg_catalog,pg_ts_dict,0,0,0,0,0,0,0,0,0
1788883046.327279,1985325,public,broker,0,0,0,0,0,0,0,0,0
1788883046.327279,3596,pg_catalog,pg_seclabel,0,0,0,0,0,0,0,0,0
1788883046.327279,1985460,public,financial,0,0,0,0,0,0,0,0,0
1788883046.327279,2609,pg_catalog,pg_description,0,0,0,0,0,0,0,0,0
1788883046.327279,1985351,public,commission_rate,0,0,0,0,0,0,0,0,0
1788883046.327279,13482,pg_toast,pg_toast_13479,0,0,0,0,0,0,0,0,0
1788883046.327279,1985396,public,trade_history,0,0,0,0,0,0,0,0,0
1788883046.327279,3603,pg_catalog,pg_ts_config_map,0,0,0,0,0,0,0,0,0
1788883046.327279,1213,pg_catalog,pg_tablespace,0,0,1,1,0,0,0,0,0
1788883046.327279,2608,pg_catalog,pg_depend,0,0,0,0,0,0,0,0,0
1788883046.327279,2964,pg_catalog,pg_db_role_setting,0,0,0,0,0,0,0,0,0
1788883046.327279,1985283,pg_toast,pg_toast_1985275,0,0,0,0,0,0,0,0,0
1788883046.327279,1418,pg_catalog,pg_user_mapping,0,0,0,0,0,0,0,0,0
1788883046.327279,2613,pg_catalog,pg_largeobject,0,0,0,0,0,0,0,0,0
1788883046.327279,6175,pg_toast,pg_toast_3456,0,0,0,0,0,0,0,0,0
1788883046.327279,1261,pg_catalog,pg_auth_members,0,0,0,0,0,0,0,0,0
1788883046.327279,1985335,public,cash_transaction,0,0,0,0,0,0,0,0,0
1788883046.327279,2617,pg_catalog,pg_operator,0,0,5,5,0,0,0,0,0
1788883046.327279,1985300,pg_toast,pg_toast_1985290,0,0,0,0,0,0,0,0,0
1788883046.327279,1985538,public,address,0,0,0,0,0,0,0,0,0
1788883046.327279,2610,pg_catalog,pg_index,1,221,11,14,0,0,0,0,0
1788883046.327279,1249,pg_catalog,pg_attribute,0,0,75,92,0,0,0,0,0
1788883046.327279,1985512,public,sector,0,0,0,0,0,0,0,0,0
1788883046.327279,1985415,public,trade_type,0,0,0,0,0,0,0,0,0
1788883046.327279,2600,pg_catalog,pg_aggregate,0,0,1,1,0,0,0,0,0
1788883046.327279,2966,pg_toast,pg_toast_2964,0,0,0,0,0,0,0,0,0
1788883046.327279,1985451,public,exchange,0,0,0,0,0,0,0,0,0
1788883046.327279,2618,pg_catalog,pg_rewrite,0,0,1,1,0,0,0,0,0
1788883046.327279,4177,pg_toast,pg_toast_1262,0,0,0,0,0,0,0,0,0
1788883046.327279,13484,information_schema,sql_parts,0,0,,,0,0,0,0,0
1788883046.327279,4159,pg_toast,pg_toast_2600,0,0,0,0,0,0,0,0,0
1788883046.327279,4147,pg_toast,pg_toast_3079,0,0,0,0,0,0,0,0,0
1788883046.327279,13474,information_schema,sql_features,0,0,,,0,0,0,0,0
1788883046.327279,1985394,pg_toast,pg_toast_1985372,0,0,0,0,0,0,0,0,0
1788883046.327279,1247,pg_catalog,pg_type,0,0,19,19,0,0,0,0,0
1788883046.327279,2602,pg_catalog,pg_amop,0,0,12,25,0,0,0,0,0
1788883046.327279,3439,pg_toast,pg_toast_3381,0,0,0,0,0,0,0,0,0
1788883046.327279,2846,pg_toast,pg_toast_2396,0,0,0,0,0,0,0,0,0
1788883046.327279,1985555,public,zip_code,0,0,0,0,0,0,0,0,0
1788883046.327279,1985478,pg_toast,pg_toast_1985460,0,0,0,0,0,0,0,0,0
1788883046.327279,4145,pg_toast,pg_toast_3466,0,0,0,0,0,0,0,0,0
1788883046.327279,3541,pg_catalog,pg_range,0,0,0,0,0,0,0,0,0
1788883046.327279,3602,pg_catalog,pg_ts_config,0,0,0,0,0,0,0,0,0
1788883046.327279,1985333,pg_toast,pg_toast_1985325,0,0,0,0,0,0,0,0,0
1788883046.327279,4183,pg_toast,pg_toast_6100,0,0,0,0,0,0,0,0,0
1788883046.327279,1985496,public,news_item,0,0,0,0,0,0,0,0,0
1788883046.327279,2224,pg_catalog,pg_sequence,0,0,0,0,0,0,0,0,0
1788883046.327279,2611,pg_catalog,pg_inherits,0,0,0,0,0,0,0,0,0
1788883046.327279,1417,pg_catalog,pg_foreign_server,0,0,0,0,0,0,0,0,0
1788883046.327279,1262,pg_catalog,pg_database,0,0,0,0,0,0,0,0,0
1788883046.327279,13492,pg_toast,pg_toast_13489,0,0,0,0,0,0,0,0,0
1788883046.327279,3501,pg_catalog,pg_enum,0,0,0,0,0,0,0,0,0
1788883046.327279,2607,pg_catalog,pg_conversion,0,0,0,0,0,0,0,0,0
1788883046.327279,1985449,pg_toast,pg_toast_1985440,0,0,0,0,0,0,0,0,0
1788883046.327279,826,pg_catalog,pg_default_acl,0,0,0,0,0,0,0,0,0
1788883046.327279,2604,pg_catalog,pg_attrdef,0,0,0,0,0,0,0,0,0
1788883046.327279,2336,pg_toast,pg_toast_2620,0,0,0,0,0,0,0,0,0
1788883046.327279,2603,pg_catalog,pg_amproc,0,0,5,11,0,0,0,0,0
1788883046.327279,2606,pg_catalog,pg_constraint,0,0,3,8,0,0,0,0,0
1788883046.327279,1255,pg_catalog,pg_proc,0,0,19,24,0,0,0,0,0
1788883046.327279,4173,pg_toast,pg_toast_1418,0,0,0,0,0,0,0,0,0
1788883046.327279,1985285,public,customer_taxrate,0,0,0,0,0,0,0,0,0
1788883046.327279,2620,pg_catalog,pg_trigger,0,0,0,0,0,0,0,0,0
1788883046.327279,1985256,public,account_permission,0,0,0,0,0,0,0,0,0
1788883046.327279,1985507,public,news_xref,0,0,0,0,0,0,0,0,0
1788883046.327279,1985480,public,industry,0,0,0,0,0,0,0,0,0
1788883046.327279,2612,pg_catalog,pg_language,0,0,0,0,0,0,0,0,0
1788883046.327279,4149,pg_toast,pg_toast_2328,0,0,0,0,0,0,0,0,0
1788883046.327279,6351,pg_toast,pg_toast_2610,0,0,0,0,0,0,0,0,0
1788883046.327279,13489,information_schema,sql_sizing,0,0,,,0,0,0,0,0
1788883046.327279,1985494,pg_toast,pg_toast_1985486,0,0,0,0,0,0,0,0,0
1788883046.327279,3598,pg_toast,pg_toast_3596,0,0,0,0,0,0,0,0,0
1788883046.327279,2836,pg_toast,pg_toast_1255,0,0,0,0,0,0,0,0,0
1788883046.327279,3456,pg_catalog,pg_collation,0,0,0,0,0,0,0,0,0
1788883046.327279,3079,pg_catalog,pg_extension,0,0,0,0,0,0,0,0,0
1788883046.327279,6100,pg_catalog,pg_subscription,0,0,0,0,0,0,0,0,0
1788883046.327279,2832,pg_toast,pg_toast_2606,0,0,0,0,0,0,0,0,0
1788883046.327279,3256,pg_catalog,pg_policy,0,0,0,0,0,0,0,0,0
1788883046.327279,1985302,public,holding_history,0,0,0,0,0,0,0,0,0
1788883046.327279,1985517,public,security,0,0,0,0,0,0,0,0,0
1788883046.327279,3466,pg_catalog,pg_event_trigger,0,0,0,0,0,0,0,0,0
1788883046.327279,3592,pg_catalog,pg_shseclabel,0,0,0,0,0,0,0,0,0
1788883046.327279,3764,pg_catalog,pg_ts_template,0,0,0,0,0,0,0,0,0
1788883046.327279,6237,pg_catalog,pg_publication_namespace,0,0,0,0,0,0,0,0,0
1788883046.327279,13487,pg_toast,pg_toast_13484,0,0,0,0,0,0,0,0,0
1788883046.327279,2995,pg_catalog,pg_largeobject_metadata,0,0,0,0,0,0,0,0,0
1788883046.327279,1985275,public,customer_account,0,0,0,0,0,0,0,0,0
1788883046.327279,4143,pg_toast,pg_toast_826,0,0,0,0,0,0,0,0,0
1788883046.327279,4185,pg_toast,pg_toast_1213,0,0,0,0,0,0,0,0,0
1788883046.327279,6243,pg_catalog,pg_parameter_acl,0,0,0,0,0,0,0,0,0
1788883046.327279,2616,pg_catalog,pg_opclass,0,0,8,134,0,0,0,0,0
1788883046.327279,1985290,public,holding,0,0,0,0,0,0,0,0,0
1788883046.327279,2838,pg_toast,pg_toast_2618,0,0,1,3,0,0,0,0,0
1788883046.327279,6228,pg_toast,pg_toast_6106,0,0,0,0,0,0,0,0,0
1788883046.327279,1985349,pg_toast,pg_toast_1985343,0,0,0,0,0,0,0,0,0
1788883046.327279,1985434,public,company_competitor,0,0,0,0,0,0,0,0,0
1788883046.327279,1985370,pg_toast,pg_toast_1985363,0,0,0,0,0,0,0,0,0
1788883046.327279,1985505,pg_toast,pg_toast_1985496,0,0,0,0,0,0,0,0,0
1788883046.327279,1985264,public,customer,0,0,0,0,0,0,0,0,0
1788883046.327279,3118,pg_catalog,pg_foreign_table,0,0,0,0,0,0,0,0,0
1788883046.327279,1259,pg_catalog,pg_class,1,523,12,12,0,0,0,0,0
1788883046.327279,3350,pg_catalog,pg_partitioned_table,0,0,0,0,0,0,0,0,0
1788883046.327279,4153,pg_toast,pg_toast_3118,0,0,0,0,0,0,0,0,0
1788883046.327279,4060,pg_toast,pg_toast_3592,0,0,0,0,0,0,0,0,0
1788883046.327279,1985543,public,status_type,0,0,0,0,0,0,0,0,0
1788883046.327279,4165,pg_toast,pg_toast_3350,0,0,0,0,0,0,0,0,0
1788883046.327279,1985402,public,trade_request,0,0,0,0,0,0,0,0,0
1788883046.327279,2753,pg_catalog,pg_opfamily,0,0,2,2,0,0,0,0,0
1788883046.327279,3601,pg_catalog,pg_ts_parser,0,0,0,0,0,0,0,0,0
1788883046.327279,6104,pg_catalog,pg_publication,0,0,0,0,0,0,0,0,0
1788883046.327279,13477,pg_toast,pg_toast_13474,0,0,0,0,0,0,0,0,0
1788883046.327279,3429,pg_catalog,pg_statistic_ext_data,0,0,0,0,0,0,0,0,0
1788883046.327279,2619,pg_catalog,pg_statistic,0,0,17,8,0,0,0,0,0
1788883046.327279,4155,pg_toast,pg_toast_3394,0,0,0,0,0,0,0,0,0
1788883046.327279,1985548,public,taxrate,0,0,0,0,0,0,0,0,0
1788883046.327279,3381,pg_catalog,pg_statistic_ext,0,0,3,0,0,0,0,0,0
1788883046.327279,6106,pg_catalog,pg_publication_rel,0,0,0,0,0,0,0,0,0
1788883046.327279,1985372,public,trade,0,0,0,0,0,0,0,0,0
1788883046.327279,2605,pg_catalog,pg_cast,0,0,34,7,0,0,0,0,0
1788883046.327279,4171,pg_toast,pg_toast_1247,0,0,0,0,0,0,0,0,0
1788883046.327279,2830,pg_toast,pg_toast_2604,0,0,0,0,0,0,0,0,0
1788883046.327279,1985309,public,holding_summary,0,0,0,0,0,0,0,0,0
1788883046.327279,1985413,pg_toast,pg_toast_1985402,0,0,0,0,0,0,0,0,0
1788883046.327279,13479,information_schema,sql_implementation_info,0,0,,,0,0,0,0,0
1788883046.327279,1985341,pg_toast,pg_toast_1985335,0,0,0,0,0,0,0,0,0
1788883046.327279,6244,pg_toast,pg_toast_6243,0,0,0,0,0,0,0,0,0
1788883046.327279,1985315,public,watch_item,0,0,0,0,0,0,0,0,0
1788883046.327279,3430,pg_toast,pg_toast_3429,0,0,0,0,0,0,0,0,0
1788883046.327279,1985320,public,watch_list,0,0,0,0,0,0,0,0,0
1788883106.373505,1985536,pg_toast,pg_toast_1985517,0,0,0,0,0,0,0,0,0
1788883106.373505,3576,pg_catalog,pg_transform,0,0,0,0,0,0,0,0,0
1788883106.373505,2601,pg_catalog,pg_am,0,0,0,0,0,0,0,0,0
1788883106.373505,1985363,public,settlement,0,0,0,0,0,0,0,0,0
1788883106.373505,3394,pg_catalog,pg_init_privs,0,0,0,0,0,0,0,0,0
1788883106.373505,4167,pg_toast,pg_toast_3256,0,0,0,0,0,0,0,0,0
1788883106.373505,4151,pg_toast,pg_toast_1417,0,0,0,0,0,0,0,0,0
1788883106.373505,2834,pg_toast,pg_toast_2609,0,0,0,0,0,0,0,0,0
1788883106.373505,6000,pg_catalog,pg_replication_origin,0,0,0,0,0,0,0,0,0
1788883106.373505,2840,pg_toast,pg_toast_2619,0,0,0,0,0,0,0,0,0
1788883106.373505,1985486,public,last_trade,0,0,0,0,0,0,0,0,0
1788883106.373505,2328,pg_catalog,pg_foreign_data_wrapper,0,0,0,0,0,0,0,0,0
1788883106.373505,4157,pg_toast,pg_toast_2612,0,0,0,0,0,0,0,0,0
1788883106.373505,1260,pg_catalog,pg_authid,0,0,0,0,0,0,0,0,0
1788883106.373505,6102,pg_catalog,pg_subscription_rel,0,0,0,0,0,0,0,0,0
1788883106.373505,1214,pg_catalog,pg_shdepend,0,0,0,0,0,0,0,0,0
1788883106.373505,4163,pg_toast,pg_toast_2615,0,0,0,0,0,0,0,0,0
1788883106.373505,1985343,public,charge,0,0,0,0,0,0,0,0,0
1788883106.373505,1985440,public,daily_market,0,0,0,0,0,0,0,0,0
1788883106.373505,1985422,public,company,0,0,0,0,0,0,0,0,0
1788883106.373505,4169,pg_toast,pg_toast_3600,0,0,0,0,0,0,0,0,0
1788883106.373505,2615,pg_catalog,pg_namespace,1,4,5,2,0,0,0,0,0
1788883106.373505,2396,pg_catalog,pg_shdescription,0,0,0,0,0,0,0,0,0
1788883106.373505,3600,pg_catalog,pg_ts_dict,0,0,0,0,0,0,0,0,0
1788883106.373505,1985325,public,broker,0,0,0,0,0,0,0,0,0
1788883106.373505,3596,pg_catalog,pg_seclabel,0,0,0,0,0,0,0,0,0
1788883106.373505,1985460,public,financial,0,0,0,0,0,0,0,0,0
1788883106.373505,2609,pg_catalog,pg_description,0,0,0,0,0,0,0,0,0
1788883106.373505,1985351,public,commission_rate,0,0,0,0,0,0,0,0,0
1788883106.373505,13482,pg_toast,pg_toast_13479,0,0,0,0,0,0,0,0,0
1788883106.373505,1985396,public,trade_history,0,0,0,0,0,0,0,0,0
1788883106.373505,3603,pg_catalog,pg_ts_config_map,0,0,0,0,0,0,0,0,0
1788883106.373505,1213,pg_catalog,pg_tablespace,0,0,1,1,0,0,0,0,0
1788883106.373505,2608,pg_catalog,pg_depend,0,0,0,0,0,0,0,0,0
1788883106.373505,2964,pg_catalog,pg_db_role_setting,0,0,0,0,0,0,0,0,0
1788883106.373505,1985283,pg_toast,pg_toast_1985275,0,0,0,0,0,0,0,0,0
1788883106.373505,1418,pg_catalog,pg_user_mapping,0,0,0,0,0,0,0,0,0
1788883106.373505,2613,pg_catalog,pg_largeobject,0,0,0,0,0,0,0,0,0
1788883106.373505,6175,pg_toast,pg_toast_3456,0,0,0,0,0,0,0,0,0
1788883106.373505,1261,pg_catalog,pg_auth_members,0,0,0,0,0,0,0,0,0
1788883106.373505,1985335,public,cash_transaction,0,0,0,0,0,0,0,0,0
1788883106.373505,2617,pg_catalog,pg_operator,0,0,5,5,0,0,0,0,0
1788883106.373505,1985300,pg_toast,pg_toast_1985290,0,0,0,0,0,0,0,0,0
1788883106.373505,1985538,public,address,0,0,0,0,0,0,0,0,0
1788883106.373505,2610,pg_catalog,pg_index,1,221,11,14,0,0,0,0,0
1788883106.373505,1249,pg_catalog,pg_attribute,0,0,75,92,0,0,0,0,0
1788883106.373505,1985512,public,sector,0,0,0,0,0,0,0,0,0
1788883106.373505,1985415,public,trade_type,0,0,0,0,0,0,0,0,0
1788883106.373505,2600,pg_catalog,pg_aggregate,0,0,1,1,0,0,0,0,0
1788883106.373505,2966,pg_toast,pg_toast_2964,0,0,0,0,0,0,0,0,0
1788883106.373505,1985451,public,exchange,0,0,0,0,0,0,0,0,0
1788883106.373505,2618,pg_catalog,pg_rewrite,0,0,1,1,0,0,0,0,0
1788883106.373505,4177,pg_toast,pg_toast_1262,0,0,0,0,0,0,0,0,0
1788883106.373505,13484,information_schema,sql_parts,0,0,,,0,0,0,0,0
1788883106.373505,4159,pg_toast,pg_toast_2600,0,0,0,0,0,0,0,0,0
1788883106.373505,4147,pg_toast,pg_toast_3079,0,0,0,0,0,0,0,0,0
1788883106.373505,13474,information_schema,sql_features,0,0,,,0,0,0,0,0
1788883106.373505,1985394,pg_toast,pg_toast_1985372,0,0,0,0,0,0,0,0,0
1788883106.373505,1247,pg_catalog,pg_type,0,0,19,19,0,0,0,0,0
1788883106.373505,2602,pg_catalog,pg_amop,0,0,12,25,0,0,0,0,0
1788883106.373505,3439,pg_toast,pg_toast_3381,0,0,0,0,0,0,0,0,0
1788883106.373505,2846,pg_toast,pg_toast_2396,0,0,0,0,0,0,0,0,0
1788883106.373505,1985555,public,zip_code,0,0,0,0,0,0,0,0,0
1788883106.373505,1985478,pg_toast,pg_toast_1985460,0,0,0,0,0,0,0,0,0
1788883106.373505,4145,pg_toast,pg_toast_3466,0,0,0,0,0,0,0,0,0
1788883106.373505,3541,pg_catalog,pg_range,0,0,0,0,0,0,0,0,0
1788883106.373505,3602,pg_catalog,pg_ts_config,0,0,0,0,0,0,0,0,0
1788883106.373505,1985333,pg_toast,pg_toast_1985325,0,0,0,0,0,0,0,0,0
1788883106.373505,4183,pg_toast,pg_toast_6100,0,0,0,0,0,0,0,0,0
1788883106.373505,1985496,public,news_item,0,0,0,0,0,0,0,0,0
1788883106.373505,2224,pg_catalog,pg_sequence,0,0,0,0,0,0,0,0,0
1788883106.373505,2611,pg_catalog,pg_inherits,0,0,0,0,0,0,0,0,0
1788883106.373505,1417,pg_catalog,pg_foreign_server,0,0,0,0,0,0,0,0,0
1788883106.373505,1262,pg_catalog,pg_database,0,0,0,0,0,0,0,0,0
1788883106.373505,13492,pg_toast,pg_toast_13489,0,0,0,0,0,0,0,0,0
1788883106.373505,3501,pg_catalog,pg_enum,0,0,0,0,0,0,0,0,0
1788883106.373505,2607,pg_catalog,pg_conversion,0,0,0,0,0,0,0,0,0
1788883106.373505,1985449,pg_toast,pg_toast_1985440,0,0,0,0,0,0,0,0,0
1788883106.373505,826,pg_catalog,pg_default_acl,0,0,0,0,0,0,0,0,0
1788883106.373505,2604,pg_catalog,pg_attrdef,0,0,0,0,0,0,0,0,0
1788883106.373505,2336,pg_toast,pg_toast_2620,0,0,0,0,0,0,0,0,0
1788883106.373505,2603,pg_catalog,pg_amproc,0,0,5,11,0,0,0,0,0
1788883106.373505,2606,pg_catalog,pg_constraint,0,0,3,8,0,0,0,0,0
1788883106.373505,1255,pg_catalog,pg_proc,0,0,19,24,0,0,0,0,0
1788883106.373505,4173,pg_toast,pg_toast_1418,0,0,0,0,0,0,0,0,0
1788883106.373505,1985285,public,customer_taxrate,0,0,0,0,0,0,0,0,0
1788883106.373505,2620,pg_catalog,pg_trigger,0,0,0,0,0,0,0,0,0
1788883106.373505,1985256,public,account_permission,0,0,0,0,0,0,0,0,0
1788883106.373505,1985507,public,news_xref,0,0,0,0,0,0,0,0,0
1788883106.373505,1985480,public,industry,0,0,0,0,0,0,0,0,0
1788883106.373505,2612,pg_catalog,pg_language,0,0,0,0,0,0,0,0,0
1788883106.373505,4149,pg_toast,pg_toast_2328,0,0,0,0,0,0,0,0,0
1788883106.373505,6351,pg_toast,pg_toast_2610,0,0,0,0,0,0,0,0,0
1788883106.373505,13489,information_schema,sql_sizing,0,0,,,0,0,0,0,0
1788883106.373505,1985494,pg_toast,pg_toast_1985486,0,0,0,0,0,0,0,0,0
1788883106.373505,3598,pg_toast,pg_toast_3596,0,0,0,0,0,0,0,0,0
1788883106.373505,2836,pg_toast,pg_toast_1255,0,0,0,0,0,0,0,0,0
1788883106.373505,3456,pg_catalog,pg_collation,0,0,0,0,0,0,0,0,0
1788883106.373505,3079,pg_catalog,pg_extension,0,0,0,0,0,0,0,0,0
1788883106.373505,6100,pg_catalog,pg_subscription,0,0,0,0,0,0,0,0,0
1788883106.373505,2832,pg_toast,pg_toast_2606,0,0,0,0,0,0,0,0,0
1788883106.373505,3256,pg_catalog,pg_policy,0,0,0,0,0,0,0,0,0
1788883106.373505,1985302,public,holding_history,0,0,0,0,0,0,0,0,0
1788883106.373505,1985517,public,security,0,0,0,0,0,0,0,0,0
1788883106.373505,3466,pg_catalog,pg_event_trigger,0,0,0,0,0,0,0,0,0
1788883106.373505,3592,pg_catalog,pg_shseclabel,0,0,0,0,0,0,0,0,0
1788883106.373505,3764,pg_catalog,pg_ts_template,0,0,0,0,0,0,0,0,0
1788883106.373505,6237,pg_catalog,pg_publication_namespace,0,0,0,0,0,0,0,0,0
1788883106.373505,13487,pg_toast,pg_toast_13484,0,0,0,0,0,0,0,0,0
1788883106.373505,2995,pg_catalog,pg_largeobject_metadata,0,0,0,0,0,0,0,0,0
1788883106.373505,1985275,public,customer_account,0,0,0,0,0,0,0,0,0
1788883106.373505,4143,pg_toast,pg_toast_826,0,0,0,0,0,0,0,0,0
1788883106.373505,4185,pg_toast,pg_toast_1213,0,0,0,0,0,0,0,0,0
1788883106.373505,6243,pg_catalog,pg_parameter_acl,0,0,0,0,0,0,0,0,0
1788883106.373505,2616,pg_catalog,pg_opclass,0,0,8,134,0,0,0,0,0
1788883106.373505,1985290,public,holding,0,0,0,0,0,0,0,0,0
1788883106.373505,2838,pg_toast,pg_toast_2618,0,0,1,3,0,0,0,0,0
1788883106.373505,6228,pg_toast,pg_toast_6106,0,0,0,0,0,0,0,0,0
1788883106.373505,1985349,pg_toast,pg_toast_1985343,0,0,0,0,0,0,0,0,0
1788883106.373505,1985434,public,company_competitor,0,0,0,0,0,0,0,0,0
1788883106.373505,1985370,pg_toast,pg_toast_1985363,0,0,0,0,0,0,0,0,0
1788883106.373505,1985505,pg_toast,pg_toast_1985496,0,0,0,0,0,0,0,0,0
1788883106.373505,1985264,public,customer,0,0,0,0,0,0,0,0,0
1788883106.373505,3118,pg_catalog,pg_foreign_table,0,0,0,0,0,0,0,0,0
1788883106.373505,1259,pg_catalog,pg_class,1,523,12,12,0,0,0,0,0
1788883106.373505,3350,pg_catalog,pg_partitioned_table,0,0,0,0,0,0,0,0,0
1788883106.373505,4153,pg_toast,pg_toast_3118,0,0,0,0,0,0,0,0,0
1788883106.373505,4060,pg_toast,pg_toast_3592,0,0,0,0,0,0,0,0,0
1788883106.373505,1985543,public,status_type,0,0,0,0,0,0,0,0,0
1788883106.373505,4165,pg_toast,pg_toast_3350,0,0,0,0,0,0,0,0,0
1788883106.373505,1985402,public,trade_request,0,0,0,0,0,0,0,0,0
1788883106.373505,2753,pg_catalog,pg_opfamily,0,0,2,2,0,0,0,0,0
1788883106.373505,3601,pg_catalog,pg_ts_parser,0,0,0,0,0,0,0,0,0
1788883106.373505,6104,pg_catalog,pg_publication,0,0,0,0,0,0,0,0,0
1788883106.373505,13477,pg_toast,pg_toast_13474,0,0,0,0,0,0,0,0,0
1788883106.373505,3429,pg_catalog,pg_statistic_ext_data,0,0,0,0,0,0,0,0,0
1788883106.373505,2619,pg_catalog,pg_statistic,0,0,17,8,0,0,0,0,0
1788883106.373505,4155,pg_toast,pg_toast_3394,0,0,0,0,0,0,0,0,0
1788883106.373505,1985548,public,taxrate,0,0,0,0,0,0,0,0,0
1788883106.373505,3381,pg_catalog,pg_statistic_ext,0,0,3,0,0,0,0,0,0
1788883106.373505,6106,pg_catalog,pg_publication_rel,0,0,0,0,0,0,0,0,0
1788883106.373505,1985372,public,trade,0,0,0,0,0,0,0,0,0
1788883106.373505,2605,pg_catalog,pg_cast,0,0,34,7,0,0,0,0,0
1788883106.373505,4171,pg_toast,pg_toast_1247,0,0,0,0,0,0,0,0,0
1788883106.373505,2830,pg_toast,pg_toast_2604,0,0,0,0,0,0,0,0,0
1788883106.373505,1985309,public,holding_summary,0,0,0,0,0,0,0,0,0
1788883106.373505,1985413,pg_toast,pg_toast_1985402,0,0,0,0,0,0,0,0,0
1788883106.373505,13479,information_schema,sql_implementation_info,0,0,,,0,0,0,0,0
1788883106.373505,1985341,pg_toast,pg_toast_1985335,0,0,0,0,0,0,0,0,0
1788883106.373505,6244,pg_toast,pg_toast_6243,0,0,0,0,0,0,0,0,0
1788883106.373505,1985315,public,watch_item,0,0,0,0,0,0,0,0,0
1788883106.373505,3430,pg_toast,pg_toast_3429,0,0,0,0,0,0,0,0,0
1788883106.373505,1985320,public,watch_list,0,0,0,0,0,0,0,0,0
1788883166.486736,1985536,pg_toast,pg_toast_1985517,0,0,0,0,0,0,0,0,0
1788883166.486736,3576,pg_catalog,pg_transform,0,0,0,0,0,0,0,0,0
1788883166.486736,2601,pg_catalog,pg_am,0,0,0,0,0,0,0,0,0
1788883166.486736,1985363,public,settlement,0,0,0,0,0,0,0,0,0
1788883166.486736,3394,pg_catalog,pg_init_privs,0,0,0,0,0,0,0,0,0
1788883166.486736,4167,pg_toast,pg_toast_3256,0,0,0,0,0,0,0,0,0
1788883166.486736,4151,pg_toast,pg_toast_1417,0,0,0,0,0,0,0,0,0
1788883166.486736,2834,pg_toast,pg_toast_2609,0,0,0,0,0,0,0,0,0
1788883166.486736,6000,pg_catalog,pg_replication_origin,0,0,0,0,0,0,0,0,0
1788883166.486736,2840,pg_toast,pg_toast_2619,0,0,0,0,0,0,0,0,0
1788883166.486736,1985486,public,last_trade,0,0,0,0,0,0,0,0,0
1788883166.486736,2328,pg_catalog,pg_foreign_data_wrapper,0,0,0,0,0,0,0,0,0
1788883166.486736,4157,pg_toast,pg_toast_2612,0,0,0,0,0,0,0,0,0
1788883166.486736,1260,pg_catalog,pg_authid,0,0,0,0,0,0,0,0,0
1788883166.486736,6102,pg_catalog,pg_subscription_rel,0,0,0,0,0,0,0,0,0
1788883166.486736,1214,pg_catalog,pg_shdepend,0,0,0,0,0,0,0,0,0
1788883166.486736,4163,pg_toast,pg_toast_2615,0,0,0,0,0,0,0,0,0
1788883166.486736,1985343,public,charge,0,0,0,0,0,0,0,0,0
1788883166.486736,1985440,public,daily_market,0,0,0,0,0,0,0,0,0
1788883166.486736,1985422,public,company,0,0,0,0,0,0,0,0,0
1788883166.486736,4169,pg_toast,pg_toast_3600,0,0,0,0,0,0,0,0,0
1788883166.486736,2615,pg_catalog,pg_namespace,1,4,5,2,0,0,0,0,0
1788883166.486736,2396,pg_catalog,pg_shdescription,0,0,0,0,0,0,0,0,0
1788883166.486736,3600,pg_catalog,pg_ts_dict,0,0,0,0,0,0,0,0,0
1788883166.486736,1985325,public,broker,0,0,0,0,0,0,0,0,0
1788883166.486736,3596,pg_catalog,pg_seclabel,0,0,0,0,0,0,0,0,0
1788883166.486736,1985460,public,financial,0,0,0,0,0,0,0,0,0
1788883166.486736,2609,pg_catalog,pg_description,0,0,0,0,0,0,0,0,0
1788883166.486736,1985351,public,commission_rate,0,0,0,0,0,0,0,0,0
1788883166.486736,13482,pg_toast,pg_toast_13479,0,0,0,0,0,0,0,0,0
1788883166.486736,1985396,public,trade_history,0,0,0,0,0,0,0,0,0
1788883166.486736,3603,pg_catalog,pg_ts_config_map,0,0,0,0,0,0,0,0,0
1788883166.486736,1213,pg_catalog,pg_tablespace,0,0,1,1,0,0,0,0,0
1788883166.486736,2608,pg_catalog,pg_depend,0,0,0,0,0,0,0,0,0
1788883166.486736,2964,pg_catalog,pg_db_role_setting,0,0,0,0,0,0,0,0,0
1788883166.486736,1985283,pg_toast,pg_toast_1985275,0,0,0,0,0,0,0,0,0
1788883166.486736,1418,pg_catalog,pg_user_mapping,0,0,0,0,0,0,0,0,0
1788883166.486736,2613,pg_catalog,pg_largeobject,0,0,0,0,0,0,0,0,0
1788883166.486736,6175,pg_toast,pg_toast_3456,0,0,0,0,0,0,0,0,0
1788883166.486736,1261,pg_catalog,pg_auth_members,0,0,0,0,0,0,0,0,0
1788883166.486736,1985335,public,cash_transaction,0,0,0,0,0,0,0,0,0
1788883166.486736,2617,pg_catalog,pg_operator,0,0,5,5,0,0,0,0,0
1788883166.486736,1985300,pg_toast,pg_toast_1985290,0,0,0,0,0,0,0,0,0
1788883166.486736,1985538,public,address,0,0,0,0,0,0,0,0,0
1788883166.486736,2610,pg_catalog,pg_index,1,221,11,14,0,0,0,0,0
1788883166.486736,1249,pg_catalog,pg_attribute,0,0,75,92,0,0,0,0,0
1788883166.486736,1985512,public,sector,0,0,0,0,0,0,0,0,0
1788883166.486736,1985415,public,trade_type,0,0,0,0,0,0,0,0,0
1788883166.486736,2600,pg_catalog,pg_aggregate,0,0,1,1,0,0,0,0,0
1788883166.486736,2966,pg_toast,pg_toast_2964,0,0,0,0,0,0,0,0,0
1788883166.486736,1985451,public,exchange,0,0,0,0,0,0,0,0,0
1788883166.486736,2618,pg_catalog,pg_rewrite,0,0,1,1,0,0,0,0,0
1788883166.486736,4177,pg_toast,pg_toast_1262,0,0,0,0,0,0,0,0,0
1788883166.486736,13484,information_schema,sql_parts,0,0,,,0,0,0,0,0
1788883166.486736,4159,pg_toast,pg_toast_2600,0,0,0,0,0,0,0,0,0
1788883166.486736,4147,pg_toast,pg_toast_3079,0,0,0,0,0,0,0,0,0
1788883166.486736,13474,information_schema,sql_features,0,0,,,0,0,0,0,0
1788883166.486736,1985394,pg_toast,pg_toast_1985372,0,0,0,0,0,0,0,0,0
1788883166.486736,1247,pg_catalog,pg_type,0,0,19,19,0,0,0,0,0
1788883166.486736,2602,pg_catalog,pg_amop,0,0,12,25,0,0,0,0,0
1788883166.486736,3439,pg_toast,pg_toast_3381,0,0,0,0,0,0,0,0,0
1788883166.486736,2846,pg_toast,pg_toast_2396,0,0,0,0,0,0,0,0,0
1788883166.486736,1985555,public,zip_code,0,0,0,0,0,0,0,0,0
1788883166.486736,1985478,pg_toast,pg_toast_1985460,0,0,0,0,0,0,0,0,0
1788883166.486736,4145,pg_toast,pg_toast_3466,0,0,0,0,0,0,0,0,0
1788883166.486736,3541,pg_catalog,pg_range,0,0,0,0,0,0,0,0,0
1788883166.486736,3602,pg_catalog,pg_ts_config,0,0,0,0,0,0,0,0,0
1788883166.486736,1985333,pg_toast,pg_toast_1985325,0,0,0,0,0,0,0,0,0
1788883166.486736,4183,pg_toast,pg_toast_6100,0,0,0,0,0,0,0,0,0
1788883166.486736,1985496,public,news_item,0,0,0,0,0,0,0,0,0
1788883166.486736,2224,pg_catalog,pg_sequence,0,0,0,0,0,0,0,0,0
1788883166.486736,2611,pg_catalog,pg_inherits,0,0,0,0,0,0,0,0,0
1788883166.486736,1417,pg_catalog,pg_foreign_server,0,0,0,0,0,0,0,0,0
1788883166.486736,1262,pg_catalog,pg_database,0,0,0,0,0,0,0,0,0
1788883166.486736,13492,pg_toast,pg_toast_13489,0,0,0,0,0,0,0,0,0
1788883166.486736,3501,pg_catalog,pg_enum,0,0,0,0,0,0,0,0,0
1788883166.486736,2607,pg_catalog,pg_conversion,0,0,0,0,0,0,0,0,0
1788883166.486736,1985449,pg_toast,pg_toast_1985440,0,0,0,0,0,0,0,0,0
1788883166.486736,826,pg_catalog,pg_default_acl,0,0,0,0,0,0,0,0,0
1788883166.486736,2604,pg_catalog,pg_attrdef,0,0,0,0,0,0,0,0,0
1788883166.486736,2336,pg_toast,pg_toast_2620,0,0,0,0,0,0,0,0,0
1788883166.486736,2603,pg_catalog,pg_amproc,0,0,5,11,0,0,0,0,0
1788883166.486736,2606,pg_catalog,pg_constraint,0,0,3,8,0,0,0,0,0
1788883166.486736,1255,pg_catalog,pg_proc,0,0,19,24,0,0,0,0,0
1788883166.486736,4173,pg_toast,pg_toast_1418,0,0,0,0,0,0,0,0,0
1788883166.486736,1985285,public,customer_taxrate,0,0,0,0,0,0,0,0,0
1788883166.486736,2620,pg_catalog,pg_trigger,0,0,0,0,0,0,0,0,0
1788883166.486736,1985256,public,account_permission,0,0,0,0,0,0,0,0,0
1788883166.486736,1985507,public,news_xref,0,0,0,0,0,0,0,0,0
1788883166.486736,1985480,public,industry,0,0,0,0,0,0,0,0,0
1788883166.486736,2612,pg_catalog,pg_language,0,0,0,0,0,0,0,0,0
1788883166.486736,4149,pg_toast,pg_toast_2328,0,0,0,0,0,0,0,0,0
1788883166.486736,6351,pg_toast,pg_toast_2610,0,0,0,0,0,0,0,0,0
1788883166.486736,13489,information_schema,sql_sizing,0,0,,,0,0,0,0,0
1788883166.486736,1985494,pg_toast,pg_toast_1985486,0,0,0,0,0,0,0,0,0
1788883166.486736,3598,pg_toast,pg_toast_3596,0,0,0,0,0,0,0,0,0
1788883166.486736,2836,pg_toast,pg_toast_1255,0,0,0,0,0,0,0,0,0
1788883166.486736,3456,pg_catalog,pg_collation,0,0,0,0,0,0,0,0,0
1788883166.486736,3079,pg_catalog,pg_extension,0,0,0,0,0,0,0,0,0
1788883166.486736,6100,pg_catalog,pg_subscription,0,0,0,0,0,0,0,0,0
1788883166.486736,2832,pg_toast,pg_toast_2606,0,0,0,0,0,0,0,0,0
1788883166.486736,3256,pg_catalog,pg_policy,0,0,0,0,0,0,0,0,0
1788883166.486736,1985302,public,holding_history,0,0,0,0,0,0,0,0,0
1788883166.486736,1985517,public,security,0,0,0,0,0,0,0,0,0
1788883166.486736,3466,pg_catalog,pg_event_trigger,0,0,0,0,0,0,0,0,0
1788883166.486736,3592,pg_catalog,pg_shseclabel,0,0,0,0,0,0,0,0,0
1788883166.486736,3764,pg_catalog,pg_ts_template,0,0,0,0,0,0,0,0,0
1788883166.486736,6237,pg_catalog,pg_publication_namespace,0,0,0,0,0,0,0,0,0
1788883166.486736,13487,pg_toast,pg_toast_13484,0,0,0,0,0,0,0,0,0
1788883166.486736,2995,pg_catalog,pg_largeobject_metadata,0,0,0,0,0,0,0,0,0
1788883166.486736,1985275,public,customer_account,0,0,0,0,0,0,0,0,0
1788883166.486736,4143,pg_toast,pg_toast_826,0,0,0,0,0,0,0,0,0
1788883166.486736,4185,pg_toast,pg_toast_1213,0,0,0,0,0,0,0,0,0
1788883166.486736,6243,pg_catalog,pg_parameter_acl,0,0,0,0,0,0,0,0,0
1788883166.486736,2616,pg_catalog,pg_opclass,0,0,8,134,0,0,0,0,0
1788883166.486736,1985290,public,holding,0,0,0,0,0,0,0,0,0
1788883166.486736,2838,pg_toast,pg_toast_2618,0,0,1,3,0,0,0,0,0
1788883166.486736,6228,pg_toast,pg_toast_6106,0,0,0,0,0,0,0,0,0
1788883166.486736,1985349,pg_toast,pg_toast_1985343,0,0,0,0,0,0,0,0,0
1788883166.486736,1985434,public,company_competitor,0,0,0,0,0,0,0,0,0
1788883166.486736,1985370,pg_toast,pg_toast_1985363,0,0,0,0,0,0,0,0,0
1788883166.486736,1985505,pg_toast,pg_toast_1985496,0,0,0,0,0,0,0,0,0
1788883166.486736,1985264,public,customer,0,0,0,0,0,0,0,0,0
1788883166.486736,3118,pg_catalog,pg_foreign_table,0,0,0,0,0,0,0,0,0
1788883166.486736,1259,pg_catalog,pg_class,1,523,12,12,0,0,0,0,0
1788883166.486736,3350,pg_catalog,pg_partitioned_table,0,0,0,0,0,0,0,0,0
1788883166.486736,4153,pg_toast,pg_toast_3118,0,0,0,0,0,0,0,0,0
1788883166.486736,4060,pg_toast,pg_toast_3592,0,0,0,0,0,0,0,0,0
1788883166.486736,1985543,public,status_type,0,0,0,0,0,0,0,0,0
1788883166.486736,4165,pg_toast,pg_toast_3350,0,0,0,0,0,0,0,0,0
1788883166.486736,1985402,public,trade_request,0,0,0,0,0,0,0,0,0
1788883166.486736,2753,pg_catalog,pg_opfamily,0,0,2,2,0,0,0,0,0
1788883166.486736,3601,pg_catalog,pg_ts_parser,0,0,0,0,0,0,0,0,0
1788883166.486736,6104,pg_catalog,pg_publication,0,0,0,0,0,0,0,0,0
1788883166.486736,13477,pg_toast,pg_toast_13474,0,0,0,0,0,0,0,0,0
1788883166.486736,3429,pg_catalog,pg_statistic_ext_data,0,0,0,0,0,0,0,0,0
1788883166.486736,2619,pg_catalog,pg_statistic,0,0,17,8,0,0,0,0,0
1788883166.486736,4155,pg_toast,pg_toast_3394,0,0,0,0,0,0,0,0,0
1788883166.486736,1985548,public,taxrate,0,0,0,0,0,0,0,0,0
1788883166.486736,3381,pg_catalog,pg_statistic_ext,0,0,3,0,0,0,0,0,0
1788883166.486736,6106,pg_catalog,pg_publication_rel,0,0,0,0,0,0,0,0,0
1788883166.486736,1985372,public,trade,0,0,0,0,0,0,0,0,0
1788883166.486736,2605,pg_catalog,pg_cast,0,0,34,7,0,0,0,0,0
1788883166.486736,4171,pg_toast,pg_toast_1247,0,0,0,0,0,0,0,0,0
1788883166.486736,2830,pg_toast,pg_toast_2604,0,0,0,0,0,0,0,0,0
1788883166.486736,1985309,public,holding_summary,0,0,0,0,0,0,0,0,0
1788883166.486736,1985413,pg_toast,pg_toast_1985402,0,0,0,0,0,0,0,0,0
1788883166.486736,13479,information_schema,sql_implementation_info,0,0,,,0,0,0,0,0
1788883166.486736,1985341,pg_toast,pg_toast_1985335,0,0,0,0,0,0,0,0,0
1788883166.486736,6244,pg_toast,pg_toast_6243,0,0,0,0,0,0,0,0,0
1788883166.486736,1985315,public,watch_item,0,0,0,0,0,0,0,0,0
1788883166.486736,3430,pg_toast,pg_toast_3429,0,0,0,0,0,0,0,0,0
1788883166.486736,1985320,public,watch_list,0,0,0,0,0,0,0,0,0
1788883226.572814,1985536,pg_toast,pg_toast_1985517,0,0,0,0,0,0,0,0,0
1788883226.572814,3576,pg_catalog,pg_transform,0,0,0,0,0,0,0,0,0
1788883226.572814,2601,pg_catalog,pg_am,0,0,0,0,0,0,0,0,0
1788883226.572814,1985363,public,settlement,0,0,0,0,0,0,0,0,0
1788883226.572814,3394,pg_catalog,pg_init_privs,0,0,0,0,0,0,0,0,0
1788883226.572814,4167,pg_toast,pg_toast_3256,0,0,0,0,0,0,0,0,0
1788883226.572814,4151,pg_toast,pg_toast_1417,0,0,0,0,0,0,0,0,0
1788883226.572814,2834,pg_toast,pg_toast_2609,0,0,0,0,0,0,0,0,0
1788883226.572814,6000,pg_catalog,pg_replication_origin,0,0,0,0,0,0,0,0,0
1788883226.572814,2840,pg_toast,pg_toast_2619,0,0,0,0,0,0,0,0,0
1788883226.572814,1985486,public,last_trade,0,0,0,0,0,0,0,0,0
1788883226.572814,2328,pg_catalog,pg_foreign_data_wrapper,0,0,0,0,0,0,0,0,0
1788883226.572814,4157,pg_toast,pg_toast_2612,0,0,0,0,0,0,0,0,0
1788883226.572814,1260,pg_catalog,pg_authid,0,0,0,0,0,0,0,0,0
1788883226.572814,6102,pg_catalog,pg_subscription_rel,0,0,0,0,0,0,0,0,0
1788883226.572814,1214,pg_catalog,pg_shdepend,0,0,0,0,0,0,0,0,0
1788883226.572814,4163,pg_toast,pg_toast_2615,0,0,0,0,0,0,0,0,0
1788883226.572814,1985343,public,charge,0,0,0,0,0,0,0,0,0
1788883226.572814,1985440,public,daily_market,0,0,0,0,0,0,0,0,0
1788883226.572814,1985422,public,company,0,0,0,0,0,0,0,0,0
1788883226.572814,4169,pg_toast,pg_toast_3600,0,0,0,0,0,0,0,0,0
1788883226.572814,2615,pg_catalog,pg_namespace,1,4,5,2,0,0,0,0,0
1788883226.572814,2396,pg_catalog,pg_shdescription,0,0,0,0,0,0,0,0,0
1788883226.572814,3600,pg_catalog,pg_ts_dict,0,0,0,0,0,0,0,0,0
1788883226.572814,1985325,public,broker,0,0,0,0,0,0,0,0,0
1788883226.572814,3596,pg_catalog,pg_seclabel,0,0,0,0,0,0,0,0,0
1788883226.572814,1985460,public,financial,0,0,0,0,0,0,0,0,0
1788883226.572814,2609,pg_catalog,pg_description,0,0,0,0,0,0,0,0,0
1788883226.572814,1985351,public,commission_rate,0,0,0,0,0,0,0,0,0
1788883226.572814,13482,pg_toast,pg_toast_13479,0,0,0,0,0,0,0,0,0
1788883226.572814,1985396,public,trade_history,0,0,0,0,0,0,0,0,0
1788883226.572814,3603,pg_catalog,pg_ts_config_map,0,0,0,0,0,0,0,0,0
1788883226.572814,1213,pg_catalog,pg_tablespace,0,0,1,1,0,0,0,0,0
1788883226.572814,2608,pg_catalog,pg_depend,0,0,0,0,0,0,0,0,0
1788883226.572814,2964,pg_catalog,pg_db_role_setting,0,0,0,0,0,0,0,0,0
1788883226.572814,1985283,pg_toast,pg_toast_1985275,0,0,0,0,0,0,0,0,0
1788883226.572814,1418,pg_catalog,pg_user_mapping,0,0,0,0,0,0,0,0,0
1788883226.572814,2613,pg_catalog,pg_largeobject,0,0,0,0,0,0,0,0,0
1788883226.572814,6175,pg_toast,pg_toast_3456,0,0,0,0,0,0,0,0,0
1788883226.572814,1261,pg_catalog,pg_auth_members,0,0,0,0,0,0,0,0,0
1788883226.572814,1985335,public,cash_transaction,0,0,0,0,0,0,0,0,0
1788883226.572814,2617,pg_catalog,pg_operator,0,0,5,5,0,0,0,0,0
1788883226.572814,1985300,pg_toast,pg_toast_1985290,0,0,0,0,0,0,0,0,0
1788883226.572814,1985538,public,address,0,0,0,0,0,0,0,0,0
1788883226.572814,2610,pg_catalog,pg_index,1,221,11,14,0,0,0,0,0
1788883226.572814,1249,pg_catalog,pg_attribute,0,0,75,92,0,0,0,0,0
1788883226.572814,1985512,public,sector,0,0,0,0,0,0,0,0,0
1788883226.572814,1985415,public,trade_type,0,0,0,0,0,0,0,0,0
1788883226.572814,2600,pg_catalog,pg_aggregate,0,0,1,1,0,0,0,0,0
1788883226.572814,2966,pg_toast,pg_toast_2964,0,0,0,0,0,0,0,0,0
1788883226.572814,1985451,public,exchange,0,0,0,0,0,0,0,0,0
1788883226.572814,2618,pg_catalog,pg_rewrite,0,0,1,1,0,0,0,0,0
1788883226.572814,4177,pg_toast,pg_toast_1262,0,0,0,0,0,0,0,0,0
1788883226.572814,13484,information_schema,sql_parts,0,0,,,0,0,0,0,0
1788883226.572814,4159,pg_toast,pg_toast_2600,0,0,0,0,0,0,0,0,0
1788883226.572814,4147,pg_toast,pg_toast_3079,0,0,0,0,0,0,0,0,0
1788883226.572814,13474,information_schema,sql_features,0,0,,,0,0,0,0,0
1788883226.572814,1985394,pg_toast,pg_toast_1985372,0,0,0,0,0,0,0,0,0
1788883226.572814,1247,pg_catalog,pg_type,0,0,19,19,0,0,0,0,0
1788883226.572814,2602,pg_catalog,pg_amop,0,0,12,25,0,0,0,0,0
1788883226.572814,3439,pg_toast,pg_toast_3381,0,0,0,0,0,0,0,0,0
1788883226.572814,2846,pg_toast,pg_toast_2396,0,0,0,0,0,0,0,0,0
1788883226.572814,1985555,public,zip_code,0,0,0,0,0,0,0,0,0
1788883226.572814,1985478,pg_toast,pg_toast_1985460,0,0,0,0,0,0,0,0,0
1788883226.572814,4145,pg_toast,pg_toast_3466,0,0,0,0,0,0,0,0,0
1788883226.572814,3541,pg_catalog,pg_range,0,0,0,0,0,0,0,0,0
1788883226.572814,3602,pg_catalog,pg_ts_config,0,0,0,0,0,0,0,0,0
1788883226.572814,1985333,pg_toast,pg_toast_1985325,0,0,0,0,0,0,0,0,0
1788883226.572814,4183,pg_toast,pg_toast_6100,0,0,0,0,0,0,0,0,0
1788883226.572814,1985496,public,news_item,0,0,0,0,0,0,0,0,0
1788883226.572814,2224,pg_catalog,pg_sequence,0,0,0,0,0,0,0,0,0
1788883226.572814,2611,pg_catalog,pg_inherits,0,0,0,0,0,0,0,0,0
1788883226.572814,1417,pg_catalog,pg_foreign_server,0,0,0,0,0,0,0,0,0
1788883226.572814,1262,pg_catalog,pg_database,0,0,0,0,0,0,0,0,0
1788883226.572814,13492,pg_toast,pg_toast_13489,0,0,0,0,0,0,0,0,0
1788883226.572814,3501,pg_catalog,pg_enum,0,0,0,0,0,0,0,0,0
1788883226.572814,2607,pg_catalog,pg_conversion,0,0,0,0,0,0,0,0,0
1788883226.572814,1985449,pg_toast,pg_toast_1985440,0,0,0,0,0,0,0,0,0
1788883226.572814,826,pg_catalog,pg_default_acl,0,0,0,0,0,0,0,0,0
1788883226.572814,2604,pg_catalog,pg_attrdef,0,0,0,0,0,0,0,0,0
1788883226.572814,2336,pg_toast,pg_toast_2620,0,0,0,0,0,0,0,0,0
1788883226.572814,2603,pg_catalog,pg_amproc,0,0,5,11,0,0,0,0,0
1788883226.572814,2606,pg_catalog,pg_constraint,0,0,3,8,0,0,0,0,0
1788883226.572814,1255,pg_catalog,pg_proc,0,0,19,24,0,0,0,0,0
1788883226.572814,4173,pg_toast,pg_toast_1418,0,0,0,0,0,0,0,0,0
1788883226.572814,1985285,public,customer_taxrate,0,0,0,0,0,0,0,0,0
1788883226.572814,2620,pg_catalog,pg_trigger,0,0,0,0,0,0,0,0,0
1788883226.572814,1985256,public,account_permission,0,0,0,0,0,0,0,0,0
1788883226.572814,1985507,public,news_xref,0,0,0,0,0,0,0,0,0
1788883226.572814,1985480,public,industry,0,0,0,0,0,0,0,0,0
1788883226.572814,2612,pg_catalog,pg_language,0,0,0,0,0,0,0,0,0
1788883226.572814,4149,pg_toast,pg_toast_2328,0,0,0,0,0,0,0,0,0
1788883226.572814,6351,pg_toast,pg_toast_2610,0,0,0,0,0,0,0,0,0
1788883226.572814,13489,information_schema,sql_sizing,0,0,,,0,0,0,0,0
1788883226.572814,1985494,pg_toast,pg_toast_1985486,0,0,0,0,0,0,0,0,0
1788883226.572814,3598,pg_toast,pg_toast_3596,0,0,0,0,0,0,0,0,0
1788883226.572814,2836,pg_toast,pg_toast_1255,0,0,0,0,0,0,0,0,0
1788883226.572814,3456,pg_catalog,pg_collation,0,0,0,0,0,0,0,0,0
1788883226.572814,3079,pg_catalog,pg_extension,0,0,0,0,0,0,0,0,0
1788883226.572814,6100,pg_catalog,pg_subscription,0,0,0,0,0,0,0,0,0
1788883226.572814,2832,pg_toast,pg_toast_2606,0,0,0,0,0,0,0,0,0
1788883226.572814,3256,pg_catalog,pg_policy,0,0,0,0,0,0,0,0,0
1788883226.572814,1985302,public,holding_history,0,0,0,0,0,0,0,0,0
1788883226.572814,1985517,public,security,0,0,0,0,0,0,0,0,0
1788883226.572814,3466,pg_catalog,pg_event_trigger,0,0,0,0,0,0,0,0,0
1788883226.572814,3592,pg_catalog,pg_shseclabel,0,0,0,0,0,0,0,0,0
1788883226.572814,3764,pg_catalog,pg_ts_template,0,0,0,0,0,0,0,0,0
1788883226.572814,6237,pg_catalog,pg_publication_namespace,0,0,0,0,0,0,0,0,0
1788883226.572814,13487,pg_toast,pg_toast_13484,0,0,0,0,0,0,0,0,0
1788883226.572814,2995,pg_catalog,pg_largeobject_metadata,0,0,0,0,0,0,0,0,0
1788883226.572814,1985275,public,customer_account,0,0,0,0,0,0,0,0,0
1788883226.572814,4143,pg_toast,pg_toast_826,0,0,0,0,0,0,0,0,0
1788883226.572814,4185,pg_toast,pg_toast_1213,0,0,0,0,0,0,0,0,0
1788883226.572814,6243,pg_catalog,pg_parameter_acl,0,0,0,0,0,0,0,0,0
1788883226.572814,2616,pg_catalog,pg_opclass,0,0,8,134,0,0,0,0,0
1788883226.572814,1985290,public,holding,0,0,0,0,0,0,0,0,0
1788883226.572814,2838,pg_toast,pg_toast_2618,0,0,1,3,0,0,0,0,0
1788883226.572814,6228,pg_toast,pg_toast_6106,0,0,0,0,0,0,0,0,0
1788883226.572814,1985349,pg_toast,pg_toast_1985343,0,0,0,0,0,0,0,0,0
1788883226.572814,1985434,public,company_competitor,0,0,0,0,0,0,0,0,0
1788883226.572814,1985370,pg_toast,pg_toast_1985363,0,0,0,0,0,0,0,0,0
1788883226.572814,1985505,pg_toast,pg_toast_1985496,0,0,0,0,0,0,0,0,0
1788883226.572814,1985264,public,customer,0,0,0,0,0,0,0,0,0
1788883226.572814,3118,pg_catalog,pg_foreign_table,0,0,0,0,0,0,0,0,0
1788883226.572814,1259,pg_catalog,pg_class,1,523,12,12,0,0,0,0,0
1788883226.572814,3350,pg_catalog,pg_partitioned_table,0,0,0,0,0,0,0,0,0
1788883226.572814,4153,pg_toast,pg_toast_3118,0,0,0,0,0,0,0,0,0
1788883226.572814,4060,pg_toast,pg_toast_3592,0,0,0,0,0,0,0,0,0
1788883226.572814,1985543,public,status_type,0,0,0,0,0,0,0,0,0
1788883226.572814,4165,pg_toast,pg_toast_3350,0,0,0,0,0,0,0,0,0
1788883226.572814,1985402,public,trade_request,0,0,0,0,0,0,0,0,0
1788883226.572814,2753,pg_catalog,pg_opfamily,0,0,2,2,0,0,0,0,0
1788883226.572814,3601,pg_catalog,pg_ts_parser,0,0,0,0,0,0,0,0,0
1788883226.572814,6104,pg_catalog,pg_publication,0,0,0,0,0,0,0,0,0
1788883226.572814,13477,pg_toast,pg_toast_13474,0,0,0,0,0,0,0,0,0
1788883226.572814,3429,pg_catalog,pg_statistic_ext_data,0,0,0,0,0,0,0,0,0
1788883226.572814,2619,pg_catalog,pg_statistic,0,0,17,8,0,0,0,0,0
1788883226.572814,4155,pg_toast,pg_toast_3394,0,0,0,0,0,0,0,0,0
1788883226.572814,1985548,public,taxrate,0,0,0,0,0,0,0,0,0
1788883226.572814,3381,pg_catalog,pg_statistic_ext,0,0,3,0,0,0,0,0,0
1788883226.572814,6106,pg_catalog,pg_publication_rel,0,0,0,0,0,0,0,0,0
1788883226.572814,1985372,public,trade,0,0,0,0,0,0,0,0,0
1788883226.572814,2605,pg_catalog,pg_cast,0,0,34,7,0,0,0,0,0
1788883226.572814,4171,pg_toast,pg_toast_1247,0,0,0,0,0,0,0,0,0
1788883226.572814,2830,pg_toast,pg_toast_2604,0,0,0,0,0,0,0,0,0
1788883226.572814,1985309,public,holding_summary,0,0,0,0,0,0,0,0,0
1788883226.572814,1985413,pg_toast,pg_toast_1985402,0,0,0,0,0,0,0,0,0
1788883226.572814,13479,information_schema,sql_implementation_info,0,0,,,0,0,0,0,0
1788883226.572814,1985341,pg_toast,pg_toast_1985335,0,0,0,0,0,0,0,0,0
1788883226.572814,6244,pg_toast,pg_toast_6243,0,0,0,0,0,0,0,0,0
1788883226.572814,1985315,public,watch_item,0,0,0,0,0,0,0,0,0
1788883226.572814,3430,pg_toast,pg_toast_3429,0,0,0,0,0,0,0,0,0
1788883226.572814,1985320,public,watch_list,0,0,0,0,0,0,0,0,0
1788883286.679877,1985536,pg_toast,pg_toast_1985517,0,0,0,0,0,0,0,0,0
1788883286.679877,3576,pg_catalog,pg_transform,0,0,0,0,0,0,0,0,0
1788883286.679877,2601,pg_catalog,pg_am,0,0,0,0,0,0,0,0,0
1788883286.679877,1985363,public,settlement,0,0,0,0,0,0,0,0,0
1788883286.679877,3394,pg_catalog,pg_init_privs,0,0,0,0,0,0,0,0,0
1788883286.679877,4167,pg_toast,pg_toast_3256,0,0,0,0,0,0,0,0,0
1788883286.679877,4151,pg_toast,pg_toast_1417,0,0,0,0,0,0,0,0,0
1788883286.679877,2834,pg_toast,pg_toast_2609,0,0,0,0,0,0,0,0,0
1788883286.679877,6000,pg_catalog,pg_replication_origin,0,0,0,0,0,0,0,0,0
1788883286.679877,2840,pg_toast,pg_toast_2619,0,0,0,0,0,0,0,0,0
1788883286.679877,1985486,public,last_trade,0,0,0,0,0,0,0,0,0
1788883286.679877,2328,pg_catalog,pg_foreign_data_wrapper,0,0,0,0,0,0,0,0,0
1788883286.679877,4157,pg_toast,pg_toast_2612,0,0,0,0,0,0,0,0,0
1788883286.679877,1260,pg_catalog,pg_authid,0,0,0,0,0,0,0,0,0
1788883286.679877,6102,pg_catalog,pg_subscription_rel,0,0,0,0,0,0,0,0,0
1788883286.679877,1214,pg_catalog,pg_shdepend,0,0,0,0,0,0,0,0,0
1788883286.679877,4163,pg_toast,pg_toast_2615,0,0,0,0,0,0,0,0,0
1788883286.679877,1985343,public,charge,0,0,0,0,0,0,0,0,0
1788883286.679877,1985440,public,daily_market,0,0,0,0,0,0,0,0,0
1788883286.679877,1985422,public,company,0,0,0,0,0,0,0,0,0
1788883286.679877,4169,pg_toast,pg_toast_3600,0,0,0,0,0,0,0,0,0
1788883286.679877,2615,pg_catalog,pg_namespace,1,4,5,2,0,0,0,0,0
1788883286.679877,2396,pg_catalog,pg_shdescription,0,0,0,0,0,0,0,0,0
1788883286.679877,3600,pg_catalog,pg_ts_dict,0,0,0,0,0,0,0,0,0
1788883286.679877,1985325,public,broker,0,0,0,0,0,0,0,0,0
1788883286.679877,3596,pg_catalog,pg_seclabel,0,0,0,0,0,0,0,0,0
1788883286.679877,1985460,public,financial,0,0,0,0,0,0,0,0,0
1788883286.679877,2609,pg_catalog,pg_description,0,0,0,0,0,0,0,0,0
1788883286.679877,1985351,public,commission_rate,0,0,0,0,0,0,0,0,0
1788883286.679877,13482,pg_toast,pg_toast_13479,0,0,0,0,0,0,0,0,0
1788883286.679877,1985396,public,trade_history,0,0,0,0,0,0,0,0,0
1788883286.679877,3603,pg_catalog,pg_ts_config_map,0,0,0,0,0,0,0,0,0
1788883286.679877,1213,pg_catalog,pg_tablespace,0,0,1,1,0,0,0,0,0
1788883286.679877,2608,pg_catalog,pg_depend,0,0,0,0,0,0,0,0,0
1788883286.679877,2964,pg_catalog,pg_db_role_setting,0,0,0,0,0,0,0,0,0
1788883286.679877,1985283,pg_toast,pg_toast_1985275,0,0,0,0,0,0,0,0,0
1788883286.679877,1418,pg_catalog,pg_user_mapping,0,0,0,0,0,0,0,0,0
1788883286.679877,2613,pg_catalog,pg_largeobject,0,0,0,0,0,0,0,0,0
1788883286.679877,6175,pg_toast,pg_toast_3456,0,0,0,0,0,0,0,0,0
1788883286.679877,1261,pg_catalog,pg_auth_members,0,0,0,0,0,0,0,0,0
1788883286.679877,1985335,public,cash_transaction,0,0,0,0,0,0,0,0,0
1788883286.679877,2617,pg_catalog,pg_operator,0,0,5,5,0,0,0,0,0
1788883286.679877,1985300,pg_toast,pg_toast_1985290,0,0,0,0,0,0,0,0,0
1788883286.679877,1985538,public,address,0,0,0,0,0,0,0,0,0
1788883286.679877,2610,pg_catalog,pg_index,1,221,11,14,0,0,0,0,0
1788883286.679877,1249,pg_catalog,pg_attribute,0,0,75,92,0,0,0,0,0
1788883286.679877,1985512,public,sector,0,0,0,0,0,0,0,0,0
1788883286.679877,1985415,public,trade_type,0,0,0,0,0,0,0,0,0
1788883286.679877,2600,pg_catalog,pg_aggregate,0,0,1,1,0,0,0,0,0
1788883286.679877,2966,pg_toast,pg_toast_2964,0,0,0,0,0,0,0,0,0
1788883286.679877,1985451,public,exchange,0,0,0,0,0,0,0,0,0
1788883286.679877,2618,pg_catalog,pg_rewrite,0,0,1,1,0,0,0,0,0
1788883286.679877,4177,pg_toast,pg_toast_1262,0,0,0,0,0,0,0,0,0
1788883286.679877,13484,information_schema,sql_parts,0,0,,,0,0,0,0,0
1788883286.679877,4159,pg_toast,pg_toast_2600,0,0,0,0,0,0,0,0,0
1788883286.679877,4147,pg_toast,pg_toast_3079,0,0,0,0,0,0,0,0,0
1788883286.679877,13474,information_schema,sql_features,0,0,,,0,0,0,0,0
1788883286.679877,1985394,pg_toast,pg_toast_1985372,0,0,0,0,0,0,0,0,0
1788883286.679877,1247,pg_catalog,pg_type,0,0,19,19,0,0,0,0,0
1788883286.679877,2602,pg_catalog,pg_amop,0,0,12,25,0,0,0,0,0
1788883286.679877,3439,pg_toast,pg_toast_3381,0,0,0,0,0,0,0,0,0
1788883286.679877,2846,pg_toast,pg_toast_2396,0,0,0,0,0,0,0,0,0
1788883286.679877,1985555,public,zip_code,0,0,0,0,0,0,0,0,0
1788883286.679877,1985478,pg_toast,pg_toast_1985460,0,0,0,0,0,0,0,0,0
1788883286.679877,4145,pg_toast,pg_toast_3466,0,0,0,0,0,0,0,0,0
1788883286.679877,3541,pg_catalog,pg_range,0,0,0,0,0,0,0,0,0
1788883286.679877,3602,pg_catalog,pg_ts_config,0,0,0,0,0,0,0,0,0
1788883286.679877,1985333,pg_toast,pg_toast_1985325,0,0,0,0,0,0,0,0,0
1788883286.679877,4183,pg_toast,pg_toast_6100,0,0,0,0,0,0,0,0,0
1788883286.679877,1985496,public,news_item,0,0,0,0,0,0,0,0,0
1788883286.679877,2224,pg_catalog,pg_sequence,0,0,0,0,0,0,0,0,0
1788883286.679877,2611,pg_catalog,pg_inherits,0,0,0,0,0,0,0,0,0
1788883286.679877,1417,pg_catalog,pg_foreign_server,0,0,0,0,0,0,0,0,0
1788883286.679877,1262,pg_catalog,pg_database,0,0,0,0,0,0,0,0,0
1788883286.679877,13492,pg_toast,pg_toast_13489,0,0,0,0,0,0,0,0,0
1788883286.679877,3501,pg_catalog,pg_enum,0,0,0,0,0,0,0,0,0
1788883286.679877,2607,pg_catalog,pg_conversion,0,0,0,0,0,0,0,0,0
1788883286.679877,1985449,pg_toast,pg_toast_1985440,0,0,0,0,0,0,0,0,0
1788883286.679877,826,pg_catalog,pg_default_acl,0,0,0,0,0,0,0,0,0
1788883286.679877,2604,pg_catalog,pg_attrdef,0,0,0,0,0,0,0,0,0
1788883286.679877,2336,pg_toast,pg_toast_2620,0,0,0,0,0,0,0,0,0
1788883286.679877,2603,pg_catalog,pg_amproc,0,0,5,11,0,0,0,0,0
1788883286.679877,2606,pg_catalog,pg_constraint,0,0,3,8,0,0,0,0,0
1788883286.679877,1255,pg_catalog,pg_proc,0,0,19,24,0,0,0,0,0
1788883286.679877,4173,pg_toast,pg_toast_1418,0,0,0,0,0,0,0,0,0
1788883286.679877,1985285,public,customer_taxrate,0,0,0,0,0,0,0,0,0
1788883286.679877,2620,pg_catalog,pg_trigger,0,0,0,0,0,0,0,0,0
1788883286.679877,1985256,public,account_permission,0,0,0,0,0,0,0,0,0
1788883286.679877,1985507,public,news_xref,0,0,0,0,0,0,0,0,0
1788883286.679877,1985480,public,industry,0,0,0,0,0,0,0,0,0
1788883286.679877,2612,pg_catalog,pg_language,0,0,0,0,0,0,0,0,0
1788883286.679877,4149,pg_toast,pg_toast_2328,0,0,0,0,0,0,0,0,0
1788883286.679877,6351,pg_toast,pg_toast_2610,0,0,0,0,0,0,0,0,0
1788883286.679877,13489,information_schema,sql_sizing,0,0,,,0,0,0,0,0
1788883286.679877,1985494,pg_toast,pg_toast_1985486,0,0,0,0,0,0,0,0,0
1788883286.679877,3598,pg_toast,pg_toast_3596,0,0,0,0,0,0,0,0,0
1788883286.679877,2836,pg_toast,pg_toast_1255,0,0,0,0,0,0,0,0,0
1788883286.679877,3456,pg_catalog,pg_collation,0,0,0,0,0,0,0,0,0
1788883286.679877,3079,pg_catalog,pg_extension,0,0,0,0,0,0,0,0,0
1788883286.679877,6100,pg_catalog,pg_subscription,0,0,0,0,0,0,0,0,0
1788883286.679877,2832,pg_toast,pg_toast_2606,0,0,0,0,0,0,0,0,0
1788883286.679877,3256,pg_catalog,pg_policy,0,0,0,0,0,0,0,0,0
1788883286.679877,1985302,public,holding_history,0,0,0,0,0,0,0,0,0
1788883286.679877,1985517,public,security,0,0,0,0,0,0,0,0,0
1788883286.679877,3466,pg_catalog,pg_event_trigger,0,0,0,0,0,0,0,0,0
1788883286.679877,3592,pg_catalog,pg_shseclabel,0,0,0,0,0,0,0,0,0
1788883286.679877,3764,pg_catalog,pg_ts_template,0,0,0,0,0,0,0,0,0
1788883286.679877,6237,pg_catalog,pg_publication_namespace,0,0,0,0,0,0,0,0,0
1788883286.679877,13487,pg_toast,pg_toast_13484,0,0,0,0,0,0,0,0,0
1788883286.679877,2995,pg_catalog,pg_largeobject_metadata,0,0,0,0,0,0,0,0,0
1788883286.679877,1985275,public,customer_account,0,0,0,0,0,0,0,0,0
1788883286.679877,4143,pg_toast,pg_toast_826,0,0,0,0,0,0,0,0,0
1788883286.679877,4185,pg_toast,pg_toast_1213,0,0,0,0,0,0,0,0,0
1788883286.679877,6243,pg_catalog,pg_parameter_acl,0,0,0,0,0,0,0,0,0
1788883286.679877,2616,pg_catalog,pg_opclass,0,0,8,134,0,0,0,0,0
1788883286.679877,1985290,public,holding,0,0,0,0,0,0,0,0,0
1788883286.679877,2838,pg_toast,pg_toast_2618,0,0,1,3,0,0,0,0,0
1788883286.679877,6228,pg_toast,pg_toast_6106,0,0,0,0,0,0,0,0,0
1788883286.679877,1985349,pg_toast,pg_toast_1985343,0,0,0,0,0,0,0,0,0
1788883286.679877,1985434,public,company_competitor,0,0,0,0,0,0,0,0,0
1788883286.679877,1985370,pg_toast,pg_toast_1985363,0,0,0,0,0,0,0,0,0
1788883286.679877,1985505,pg_toast,pg_toast_1985496,0,0,0,0,0,0,0,0,0
1788883286.679877,1985264,public,customer,0,0,0,0,0,0,0,0,0
1788883286.679877,3118,pg_catalog,pg_foreign_table,0,0,0,0,0,0,0,0,0
1788883286.679877,1259,pg_catalog,pg_class,1,523,12,12,0,0,0,0,0
1788883286.679877,3350,pg_catalog,pg_partitioned_table,0,0,0,0,0,0,0,0,0
1788883286.679877,4153,pg_toast,pg_toast_3118,0,0,0,0,0,0,0,0,0
1788883286.679877,4060,pg_toast,pg_toast_3592,0,0,0,0,0,0,0,0,0
1788883286.679877,1985543,public,status_type,0,0,0,0,0,0,0,0,0
1788883286.679877,4165,pg_toast,pg_toast_3350,0,0,0,0,0,0,0,0,0
1788883286.679877,1985402,public,trade_request,0,0,0,0,0,0,0,0,0
1788883286.679877,2753,pg_catalog,pg_opfamily,0,0,2,2,0,0,0,0,0
1788883286.679877,3601,pg_catalog,pg_ts_parser,0,0,0,0,0,0,0,0,0
1788883286.679877,6104,pg_catalog,pg_publication,0,0,0,0,0,0,0,0,0
1788883286.679877,13477,pg_toast,pg_toast_13474,0,0,0,0,0,0,0,0,0
1788883286.679877,3429,pg_catalog,pg_statistic_ext_data,0,0,0,0,0,0,0,0,0
1788883286.679877,2619,pg_catalog,pg_statistic,0,0,17,8,0,0,0,0,0
1788883286.679877,4155,pg_toast,pg_toast_3394,0,0,0,0,0,0,0,0,0
1788883286.679877,1985548,public,taxrate,0,0,0,0,0,0,0,0,0
1788883286.679877,3381,pg_catalog,pg_statistic_ext,0,0,3,0,0,0,0,0,0
1788883286.679877,6106,pg_catalog,pg_publication_rel,0,0,0,0,0,0,0,0,0
1788883286.679877,1985372,public,trade,0,0,0,0,0,0,0,0,0
1788883286.679877,2605,pg_catalog,pg_cast,0,0,34,7,0,0,0,0,0
1788883286.679877,4171,pg_toast,pg_toast_1247,0,0,0,0,0,0,0,0,0
1788883286.679877,2830,pg_toast,pg_toast_2604,0,0,0,0,0,0,0,0,0
1788883286.679877,1985309,public,holding_summary,0,0,0,0,0,0,0,0,0
1788883286.679877,1985413,pg_toast,pg_toast_1985402,0,0,0,0,0,0,0,0,0
1788883286.679877,13479,information_schema,sql_implementation_info,0,0,,,0,0,0,0,0
1788883286.679877,1985341,pg_toast,pg_toast_1985335,0,0,0,0,0,0,0,0,0
1788883286.679877,6244,pg_toast,pg_toast_6243,0,0,0,0,0,0,0,0,0
1788883286.679877,1985315,public,watch_item,0,0,0,0,0,0,0,0,0
1788883286.679877,3430,pg_toast,pg_toast_3429,0,0,0,0,0,0,0,0,0
1788883286.679877,1985320,public,watch_list,0,0,0,0,0,0,0,0,0
1788883346.765577,1985536,pg_toast,pg_toast_1985517,0,0,0,0,0,0,0,0,0
1788883346.765577,3576,pg_catalog,pg_transform,0,0,0,0,0,0,0,0,0
1788883346.765577,2601,pg_catalog,pg_am,0,0,0,0,0,0,0,0,0
1788883346.765577,1985363,public,settlement,0,0,0,0,0,0,0,0,0
1788883346.765577,3394,pg_catalog,pg_init_privs,0,0,0,0,0,0,0,0,0
1788883346.765577,4167,pg_toast,pg_toast_3256,0,0,0,0,0,0,0,0,0
1788883346.765577,4151,pg_toast,pg_toast_1417,0,0,0,0,0,0,0,0,0
1788883346.765577,2834,pg_toast,pg_toast_2609,0,0,0,0,0,0,0,0,0
1788883346.765577,6000,pg_catalog,pg_replication_origin,0,0,0,0,0,0,0,0,0
1788883346.765577,2840,pg_toast,pg_toast_2619,0,0,0,0,0,0,0,0,0
1788883346.765577,1985486,public,last_trade,0,0,0,0,0,0,0,0,0
1788883346.765577,2328,pg_catalog,pg_foreign_data_wrapper,0,0,0,0,0,0,0,0,0
1788883346.765577,4157,pg_toast,pg_toast_2612,0,0,0,0,0,0,0,0,0
1788883346.765577,1260,pg_catalog,pg_authid,0,0,0,0,0,0,0,0,0
1788883346.765577,6102,pg_catalog,pg_subscription_rel,0,0,0,0,0,0,0,0,0
1788883346.765577,1214,pg_catalog,pg_shdepend,0,0,0,0,0,0,0,0,0
1788883346.765577,4163,pg_toast,pg_toast_2615,0,0,0,0,0,0,0,0,0
1788883346.765577,1985343,public,charge,0,0,0,0,0,0,0,0,0
1788883346.765577,1985440,public,daily_market,0,0,0,0,0,0,0,0,0
1788883346.765577,1985422,public,company,0,0,0,0,0,0,0,0,0
1788883346.765577,4169,pg_toast,pg_toast_3600,0,0,0,0,0,0,0,0,0
1788883346.765577,2615,pg_catalog,pg_namespace,1,4,5,2,0,0,0,0,0
1788883346.765577,2396,pg_catalog,pg_shdescription,0,0,0,0,0,0,0,0,0
1788883346.765577,3600,pg_catalog,pg_ts_dict,0,0,0,0,0,0,0,0,0
1788883346.765577,1985325,public,broker,0,0,0,0,0,0,0,0,0
1788883346.765577,3596,pg_catalog,pg_seclabel,0,0,0,0,0,0,0,0,0
1788883346.765577,1985460,public,financial,0,0,0,0,0,0,0,0,0
1788883346.765577,2609,pg_catalog,pg_description,0,0,0,0,0,0,0,0,0
1788883346.765577,1985351,public,commission_rate,0,0,0,0,0,0,0,0,0
1788883346.765577,13482,pg_toast,pg_toast_13479,0,0,0,0,0,0,0,0,0
1788883346.765577,1985396,public,trade_history,0,0,0,0,0,0,0,0,0
1788883346.765577,3603,pg_catalog,pg_ts_config_map,0,0,0,0,0,0,0,0,0
1788883346.765577,1213,pg_catalog,pg_tablespace,0,0,1,1,0,0,0,0,0
1788883346.765577,2608,pg_catalog,pg_depend,0,0,0,0,0,0,0,0,0
1788883346.765577,2964,pg_catalog,pg_db_role_setting,0,0,0,0,0,0,0,0,0
1788883346.765577,1985283,pg_toast,pg_toast_1985275,0,0,0,0,0,0,0,0,0
1788883346.765577,1418,pg_catalog,pg_user_mapping,0,0,0,0,0,0,0,0,0
1788883346.765577,2613,pg_catalog,pg_largeobject,0,0,0,0,0,0,0,0,0
1788883346.765577,6175,pg_toast,pg_toast_3456,0,0,0,0,0,0,0,0,0
1788883346.765577,1261,pg_catalog,pg_auth_members,0,0,0,0,0,0,0,0,0
1788883346.765577,1985335,public,cash_transaction,0,0,0,0,0,0,0,0,0
1788883346.765577,2617,pg_catalog,pg_operator,0,0,5,5,0,0,0,0,0
1788883346.765577,1985300,pg_toast,pg_toast_1985290,0,0,0,0,0,0,0,0,0
1788883346.765577,1985538,public,address,0,0,0,0,0,0,0,0,0
1788883346.765577,2610,pg_catalog,pg_index,1,221,11,14,0,0,0,0,0
1788883346.765577,1249,pg_catalog,pg_attribute,0,0,75,92,0,0,0,0,0
1788883346.765577,1985512,public,sector,0,0,0,0,0,0,0,0,0
1788883346.765577,1985415,public,trade_type,0,0,0,0,0,0,0,0,0
1788883346.765577,2600,pg_catalog,pg_aggregate,0,0,1,1,0,0,0,0,0
1788883346.765577,2966,pg_toast,pg_toast_2964,0,0,0,0,0,0,0,0,0
1788883346.765577,1985451,public,exchange,0,0,0,0,0,0,0,0,0
1788883346.765577,2618,pg_catalog,pg_rewrite,0,0,1,1,0,0,0,0,0
1788883346.765577,4177,pg_toast,pg_toast_1262,0,0,0,0,0,0,0,0,0
1788883346.765577,13484,information_schema,sql_parts,0,0,,,0,0,0,0,0
1788883346.765577,4159,pg_toast,pg_toast_2600,0,0,0,0,0,0,0,0,0
1788883346.765577,4147,pg_toast,pg_toast_3079,0,0,0,0,0,0,0,0,0
1788883346.765577,13474,information_schema,sql_features,0,0,,,0,0,0,0,0
1788883346.765577,1985394,pg_toast,pg_toast_1985372,0,0,0,0,0,0,0,0,0
1788883346.765577,1247,pg_catalog,pg_type,0,0,19,19,0,0,0,0,0
1788883346.765577,2602,pg_catalog,pg_amop,0,0,12,25,0,0,0,0,0
1788883346.765577,3439,pg_toast,pg_toast_3381,0,0,0,0,0,0,0,0,0
1788883346.765577,2846,pg_toast,pg_toast_2396,0,0,0,0,0,0,0,0,0
1788883346.765577,1985555,public,zip_code,0,0,0,0,0,0,0,0,0
1788883346.765577,1985478,pg_toast,pg_toast_1985460,0,0,0,0,0,0,0,0,0
1788883346.765577,4145,pg_toast,pg_toast_3466,0,0,0,0,0,0,0,0,0
1788883346.765577,3541,pg_catalog,pg_range,0,0,0,0,0,0,0,0,0
1788883346.765577,3602,pg_catalog,pg_ts_config,0,0,0,0,0,0,0,0,0
1788883346.765577,1985333,pg_toast,pg_toast_1985325,0,0,0,0,0,0,0,0,0
1788883346.765577,4183,pg_toast,pg_toast_6100,0,0,0,0,0,0,0,0,0
1788883346.765577,1985496,public,news_item,0,0,0,0,0,0,0,0,0
1788883346.765577,2224,pg_catalog,pg_sequence,0,0,0,0,0,0,0,0,0
1788883346.765577,2611,pg_catalog,pg_inherits,0,0,0,0,0,0,0,0,0
1788883346.765577,1417,pg_catalog,pg_foreign_server,0,0,0,0,0,0,0,0,0
1788883346.765577,1262,pg_catalog,pg_database,0,0,0,0,0,0,0,0,0
1788883346.765577,13492,pg_toast,pg_toast_13489,0,0,0,0,0,0,0,0,0
1788883346.765577,3501,pg_catalog,pg_enum,0,0,0,0,0,0,0,0,0
1788883346.765577,2607,pg_catalog,pg_conversion,0,0,0,0,0,0,0,0,0
1788883346.765577,1985449,pg_toast,pg_toast_1985440,0,0,0,0,0,0,0,0,0
1788883346.765577,826,pg_catalog,pg_default_acl,0,0,0,0,0,0,0,0,0
1788883346.765577,2604,pg_catalog,pg_attrdef,0,0,0,0,0,0,0,0,0
1788883346.765577,2336,pg_toast,pg_toast_2620,0,0,0,0,0,0,0,0,0
1788883346.765577,2603,pg_catalog,pg_amproc,0,0,5,11,0,0,0,0,0
1788883346.765577,2606,pg_catalog,pg_constraint,0,0,3,8,0,0,0,0,0
1788883346.765577,1255,pg_catalog,pg_proc,0,0,19,24,0,0,0,0,0
1788883346.765577,4173,pg_toast,pg_toast_1418,0,0,0,0,0,0,0,0,0
1788883346.765577,1985285,public,customer_taxrate,0,0,0,0,0,0,0,0,0
1788883346.765577,2620,pg_catalog,pg_trigger,0,0,0,0,0,0,0,0,0
1788883346.765577,1985256,public,account_permission,0,0,0,0,0,0,0,0,0
1788883346.765577,1985507,public,news_xref,0,0,0,0,0,0,0,0,0
1788883346.765577,1985480,public,industry,0,0,0,0,0,0,0,0,0
1788883346.765577,2612,pg_catalog,pg_language,0,0,0,0,0,0,0,0,0
1788883346.765577,4149,pg_toast,pg_toast_2328,0,0,0,0,0,0,0,0,0
1788883346.765577,6351,pg_toast,pg_toast_2610,0,0,0,0,0,0,0,0,0
1788883346.765577,13489,information_schema,sql_sizing,0,0,,,0,0,0,0,0
1788883346.765577,1985494,pg_toast,pg_toast_1985486,0,0,0,0,0,0,0,0,0
1788883346.765577,3598,pg_toast,pg_toast_3596,0,0,0,0,0,0,0,0,0
1788883346.765577,2836,pg_toast,pg_toast_1255,0,0,0,0,0,0,0,0,0
1788883346.765577,3456,pg_catalog,pg_collation,0,0,0,0,0,0,0,0,0
1788883346.765577,3079,pg_catalog,pg_extension,0,0,0,0,0,0,0,0,0
1788883346.765577,6100,pg_catalog,pg_subscription,0,0,0,0,0,0,0,0,0
1788883346.765577,2832,pg_toast,pg_toast_2606,0,0,0,0,0,0,0,0,0
1788883346.765577,3256,pg_catalog,pg_policy,0,0,0,0,0,0,0,0,0
1788883346.765577,1985302,public,holding_history,0,0,0,0,0,0,0,0,0
1788883346.765577,1985517,public,security,0,0,0,0,0,0,0,0,0
1788883346.765577,3466,pg_catalog,pg_event_trigger,0,0,0,0,0,0,0,0,0
1788883346.765577,3592,pg_catalog,pg_shseclabel,0,0,0,0,0,0,0,0,0
1788883346.765577,3764,pg_catalog,pg_ts_template,0,0,0,0,0,0,0,0,0
1788883346.765577,6237,pg_catalog,pg_publication_namespace,0,0,0,0,0,0,0,0,0
1788883346.765577,13487,pg_toast,pg_toast_13484,0,0,0,0,0,0,0,0,0
1788883346.765577,2995,pg_catalog,pg_largeobject_metadata,0,0,0,0,0,0,0,0,0
1788883346.765577,1985275,public,customer_account,0,0,0,0,0,0,0,0,0
1788883346.765577,4143,pg_toast,pg_toast_826,0,0,0,0,0,0,0,0,0
1788883346.765577,4185,pg_toast,pg_toast_1213,0,0,0,0,0,0,0,0,0
1788883346.765577,6243,pg_catalog,pg_parameter_acl,0,0,0,0,0,0,0,0,0
1788883346.765577,2616,pg_catalog,pg_opclass,0,0,8,134,0,0,0,0,0
1788883346.765577,1985290,public,holding,0,0,0,0,0,0,0,0,0
1788883346.765577,2838,pg_toast,pg_toast_2618,0,0,1,3,0,0,0,0,0
1788883346.765577,6228,pg_toast,pg_toast_6106,0,0,0,0,0,0,0,0,0
1788883346.765577,1985349,pg_toast,pg_toast_1985343,0,0,0,0,0,0,0,0,0
1788883346.765577,1985434,public,company_competitor,0,0,0,0,0,0,0,0,0
1788883346.765577,1985370,pg_toast,pg_toast_1985363,0,0,0,0,0,0,0,0,0
1788883346.765577,1985505,pg_toast,pg_toast_1985496,0,0,0,0,0,0,0,0,0
1788883346.765577,1985264,public,customer,0,0,0,0,0,0,0,0,0
1788883346.765577,3118,pg_catalog,pg_foreign_table,0,0,0,0,0,0,0,0,0
1788883346.765577,1259,pg_catalog,pg_class,1,523,12,12,0,0,0,0,0
1788883346.765577,3350,pg_catalog,pg_partitioned_table,0,0,0,0,0,0,0,0,0
1788883346.765577,4153,pg_toast,pg_toast_3118,0,0,0,0,0,0,0,0,0
1788883346.765577,4060,pg_toast,pg_toast_3592,0,0,0,0,0,0,0,0,0
1788883346.765577,1985543,public,status_type,0,0,0,0,0,0,0,0,0
1788883346.765577,4165,pg_toast,pg_toast_3350,0,0,0,0,0,0,0,0,0
1788883346.765577,1985402,public,trade_request,0,0,0,0,0,0,0,0,0
1788883346.765577,2753,pg_catalog,pg_opfamily,0,0,2,2,0,0,0,0,0
1788883346.765577,3601,pg_catalog,pg_ts_parser,0,0,0,0,0,0,0,0,0
1788883346.765577,6104,pg_catalog,pg_publication,0,0,0,0,0,0,0,0,0
1788883346.765577,13477,pg_toast,pg_toast_13474,0,0,0,0,0,0,0,0,0
1788883346.765577,3429,pg_catalog,pg_statistic_ext_data,0,0,0,0,0,0,0,0,0
1788883346.765577,2619,pg_catalog,pg_statistic,0,0,17,8,0,0,0,0,0
1788883346.765577,4155,pg_toast,pg_toast_3394,0,0,0,0,0,0,0,0,0
1788883346.765577,1985548,public,taxrate,0,0,0,0,0,0,0,0,0
1788883346.765577,3381,pg_catalog,pg_statistic_ext,0,0,3,0,0,0,0,0,0
1788883346.765577,6106,pg_catalog,pg_publication_rel,0,0,0,0,0,0,0,0,0
1788883346.765577,1985372,public,trade,0,0,0,0,0,0,0,0,0
1788883346.765577,2605,pg_catalog,pg_cast,0,0,34,7,0,0,0,0,0
1788883346.765577,4171,pg_toast,pg_toast_1247,0,0,0,0,0,0,0,0,0
1788883346.765577,2830,pg_toast,pg_toast_2604,0,0,0,0,0,0,0,0,0
1788883346.765577,1985309,public,holding_summary,0,0,0,0,0,0,0,0,0
1788883346.765577,1985413,pg_toast,pg_toast_1985402,0,0,0,0,0,0,0,0,0
1788883346.765577,13479,information_schema,sql_implementation_info,0,0,,,0,0,0,0,0
1788883346.765577,1985341,pg_toast,pg_toast_1985335,0,0,0,0,0,0,0,0,0
1788883346.765577,6244,pg_toast,pg_toast_6243,0,0,0,0,0,0,0,0,0
1788883346.765577,1985315,public,watch_item,0,0,0,0,0,0,0,0,0
1788883346.765577,3430,pg_toast,pg_toast_3429,0,0,0,0,0,0,0,0,0
1788883346.765577,1985320,public,watch_list,0,0,0,0,0,0,0,0,0
1788883406.862572,1985536,pg_toast,pg_toast_1985517,0,0,0,0,0,0,0,0,0
1788883406.862572,3576,pg_catalog,pg_transform,0,0,0,0,0,0,0,0,0
1788883406.862572,2601,pg_catalog,pg_am,0,0,0,0,0,0,0,0,0
1788883406.862572,1985363,public,settlement,0,0,0,0,0,0,0,0,0
1788883406.862572,3394,pg_catalog,pg_init_privs,0,0,0,0,0,0,0,0,0
1788883406.862572,4167,pg_toast,pg_toast_3256,0,0,0,0,0,0,0,0,0
1788883406.862572,4151,pg_toast,pg_toast_1417,0,0,0,0,0,0,0,0,0
1788883406.862572,2834,pg_toast,pg_toast_2609,0,0,0,0,0,0,0,0,0
1788883406.862572,6000,pg_catalog,pg_replication_origin,0,0,0,0,0,0,0,0,0
1788883406.862572,2840,pg_toast,pg_toast_2619,0,0,0,0,0,0,0,0,0
1788883406.862572,1985486,public,last_trade,0,0,0,0,0,0,0,0,0
1788883406.862572,2328,pg_catalog,pg_foreign_data_wrapper,0,0,0,0,0,0,0,0,0
1788883406.862572,4157,pg_toast,pg_toast_2612,0,0,0,0,0,0,0,0,0
1788883406.862572,1260,pg_catalog,pg_authid,0,0,0,0,0,0,0,0,0
1788883406.862572,6102,pg_catalog,pg_subscription_rel,0,0,0,0,0,0,0,0,0
1788883406.862572,1214,pg_catalog,pg_shdepend,0,0,0,0,0,0,0,0,0
1788883406.862572,4163,pg_toast,pg_toast_2615,0,0,0,0,0,0,0,0,0
1788883406.862572,1985343,public,charge,0,0,0,0,0,0,0,0,0
1788883406.862572,1985440,public,daily_market,0,0,0,0,0,0,0,0,0
1788883406.862572,1985422,public,company,0,0,0,0,0,0,0,0,0
1788883406.862572,4169,pg_toast,pg_toast_3600,0,0,0,0,0,0,0,0,0
1788883406.862572,2615,pg_catalog,pg_namespace,1,4,5,2,0,0,0,0,0
1788883406.862572,2396,pg_catalog,pg_shdescription,0,0,0,0,0,0,0,0,0
1788883406.862572,3600,pg_catalog,pg_ts_dict,0,0,0,0,0,0,0,0,0
1788883406.862572,1985325,public,broker,0,0,0,0,0,0,0,0,0
1788883406.862572,3596,pg_catalog,pg_seclabel,0,0,0,0,0,0,0,0,0
1788883406.862572,1985460,public,financial,0,0,0,0,0,0,0,0,0
1788883406.862572,2609,pg_catalog,pg_description,0,0,0,0,0,0,0,0,0
1788883406.862572,1985351,public,commission_rate,0,0,0,0,0,0,0,0,0
1788883406.862572,13482,pg_toast,pg_toast_13479,0,0,0,0,0,0,0,0,0
1788883406.862572,1985396,public,trade_history,0,0,0,0,0,0,0,0,0
1788883406.862572,3603,pg_catalog,pg_ts_config_map,0,0,0,0,0,0,0,0,0
1788883406.862572,1213,pg_catalog,pg_tablespace,0,0,1,1,0,0,0,0,0
1788883406.862572,2608,pg_catalog,pg_depend,0,0,0,0,0,0,0,0,0
1788883406.862572,2964,pg_catalog,pg_db_role_setting,0,0,0,0,0,0,0,0,0
1788883406.862572,1985283,pg_toast,pg_toast_1985275,0,0,0,0,0,0,0,0,0
1788883406.862572,1418,pg_catalog,pg_user_mapping,0,0,0,0,0,0,0,0,0
1788883406.862572,2613,pg_catalog,pg_largeobject,0,0,0,0,0,0,0,0,0
1788883406.862572,6175,pg_toast,pg_toast_3456,0,0,0,0,0,0,0,0,0
1788883406.862572,1261,pg_catalog,pg_auth_members,0,0,0,0,0,0,0,0,0
1788883406.862572,1985335,public,cash_transaction,0,0,0,0,0,0,0,0,0
1788883406.862572,2617,pg_catalog,pg_operator,0,0,5,5,0,0,0,0,0
1788883406.862572,1985300,pg_toast,pg_toast_1985290,0,0,0,0,0,0,0,0,0
1788883406.862572,1985538,public,address,0,0,0,0,0,0,0,0,0
1788883406.862572,2610,pg_catalog,pg_index,1,221,11,14,0,0,0,0,0
1788883406.862572,1249,pg_catalog,pg_attribute,0,0,75,92,0,0,0,0,0
1788883406.862572,1985512,public,sector,0,0,0,0,0,0,0,0,0
1788883406.862572,1985415,public,trade_type,0,0,0,0,0,0,0,0,0
1788883406.862572,2600,pg_catalog,pg_aggregate,0,0,1,1,0,0,0,0,0
1788883406.862572,2966,pg_toast,pg_toast_2964,0,0,0,0,0,0,0,0,0
1788883406.862572,1985451,public,exchange,0,0,0,0,0,0,0,0,0
1788883406.862572,2618,pg_catalog,pg_rewrite,0,0,1,1,0,0,0,0,0
1788883406.862572,4177,pg_toast,pg_toast_1262,0,0,0,0,0,0,0,0,0
1788883406.862572,13484,information_schema,sql_parts,0,0,,,0,0,0,0,0
1788883406.862572,4159,pg_toast,pg_toast_2600,0,0,0,0,0,0,0,0,0
1788883406.862572,4147,pg_toast,pg_toast_3079,0,0,0,0,0,0,0,0,0
1788883406.862572,13474,information_schema,sql_features,0,0,,,0,0,0,0,0
1788883406.862572,1985394,pg_toast,pg_toast_1985372,0,0,0,0,0,0,0,0,0
1788883406.862572,1247,pg_catalog,pg_type,0,0,19,19,0,0,0,0,0
1788883406.862572,2602,pg_catalog,pg_amop,0,0,12,25,0,0,0,0,0
1788883406.862572,3439,pg_toast,pg_toast_3381,0,0,0,0,0,0,0,0,0
1788883406.862572,2846,pg_toast,pg_toast_2396,0,0,0,0,0,0,0,0,0
1788883406.862572,1985555,public,zip_code,0,0,0,0,0,0,0,0,0
1788883406.862572,1985478,pg_toast,pg_toast_1985460,0,0,0,0,0,0,0,0,0
1788883406.862572,4145,pg_toast,pg_toast_3466,0,0,0,0,0,0,0,0,0
1788883406.862572,3541,pg_catalog,pg_range,0,0,0,0,0,0,0,0,0
1788883406.862572,3602,pg_catalog,pg_ts_config,0,0,0,0,0,0,0,0,0
1788883406.862572,1985333,pg_toast,pg_toast_1985325,0,0,0,0,0,0,0,0,0
1788883406.862572,4183,pg_toast,pg_toast_6100,0,0,0,0,0,0,0,0,0
1788883406.862572,1985496,public,news_item,0,0,0,0,0,0,0,0,0
1788883406.862572,2224,pg_catalog,pg_sequence,0,0,0,0,0,0,0,0,0
1788883406.862572,2611,pg_catalog,pg_inherits,0,0,0,0,0,0,0,0,0
1788883406.862572,1417,pg_catalog,pg_foreign_server,0,0,0,0,0,0,0,0,0
1788883406.862572,1262,pg_catalog,pg_database,0,0,0,0,0,0,0,0,0
1788883406.862572,13492,pg_toast,pg_toast_13489,0,0,0,0,0,0,0,0,0
1788883406.862572,3501,pg_catalog,pg_enum,0,0,0,0,0,0,0,0,0
1788883406.862572,2607,pg_catalog,pg_conversion,0,0,0,0,0,0,0,0,0
1788883406.862572,1985449,pg_toast,pg_toast_1985440,0,0,0,0,0,0,0,0,0
1788883406.862572,826,pg_catalog,pg_default_acl,0,0,0,0,0,0,0,0,0
1788883406.862572,2604,pg_catalog,pg_attrdef,0,0,0,0,0,0,0,0,0
1788883406.862572,2336,pg_toast,pg_toast_2620,0,0,0,0,0,0,0,0,0
1788883406.862572,2603,pg_catalog,pg_amproc,0,0,5,11,0,0,0,0,0
1788883406.862572,2606,pg_catalog,pg_constraint,0,0,3,8,0,0,0,0,0
1788883406.862572,1255,pg_catalog,pg_proc,0,0,19,24,0,0,0,0,0
1788883406.862572,4173,pg_toast,pg_toast_1418,0,0,0,0,0,0,0,0,0
1788883406.862572,1985285,public,customer_taxrate,0,0,0,0,0,0,0,0,0
1788883406.862572,2620,pg_catalog,pg_trigger,0,0,0,0,0,0,0,0,0
1788883406.862572,1985256,public,account_permission,0,0,0,0,0,0,0,0,0
1788883406.862572,1985507,public,news_xref,0,0,0,0,0,0,0,0,0
1788883406.862572,1985480,public,industry,0,0,0,0,0,0,0,0,0
1788883406.862572,2612,pg_catalog,pg_language,0,0,0,0,0,0,0,0,0
1788883406.862572,4149,pg_toast,pg_toast_2328,0,0,0,0,0,0,0,0,0
1788883406.862572,6351,pg_toast,pg_toast_2610,0,0,0,0,0,0,0,0,0
1788883406.862572,13489,information_schema,sql_sizing,0,0,,,0,0,0,0,0
1788883406.862572,1985494,pg_toast,pg_toast_1985486,0,0,0,0,0,0,0,0,0
1788883406.862572,3598,pg_toast,pg_toast_3596,0,0,0,0,0,0,0,0,0
1788883406.862572,2836,pg_toast,pg_toast_1255,0,0,0,0,0,0,0,0,0
1788883406.862572,3456,pg_catalog,pg_collation,0,0,0,0,0,0,0,0,0
1788883406.862572,3079,pg_catalog,pg_extension,0,0,0,0,0,0,0,0,0
1788883406.862572,6100,pg_catalog,pg_subscription,0,0,0,0,0,0,0,0,0
1788883406.862572,2832,pg_toast,pg_toast_2606,0,0,0,0,0,0,0,0,0
1788883406.862572,3256,pg_catalog,pg_policy,0,0,0,0,0,0,0,0,0
1788883406.862572,1985302,public,holding_history,0,0,0,0,0,0,0,0,0
1788883406.862572,1985517,public,security,0,0,0,0,0,0,0,0,0
1788883406.862572,3466,pg_catalog,pg_event_trigger,0,0,0,0,0,0,0,0,0
1788883406.862572,3592,pg_catalog,pg_shseclabel,0,0,0,0,0,0,0,0,0
1788883406.862572,3764,pg_catalog,pg_ts_template,0,0,0,0,0,0,0,0,0
1788883406.862572,6237,pg_catalog,pg_publication_namespace,0,0,0,0,0,0,0,0,0
1788883406.862572,13487,pg_toast,pg_toast_13484,0,0,0,0,0,0,0,0,0
1788883406.862572,2995,pg_catalog,pg_largeobject_metadata,0,0,0,0,0,0,0,0,0
1788883406.862572,1985275,public,customer_account,0,0,0,0,0,0,0,0,0
1788883406.862572,4143,pg_toast,pg_toast_826,0,0,0,0,0,0,0,0,0
1788883406.862572,4185,pg_toast,pg_toast_1213,0,0,0,0,0,0,0,0,0
1788883406.862572,6243,pg_catalog,pg_parameter_acl,0,0,0,0,0,0,0,0,0
1788883406.862572,2616,pg_catalog,pg_opclass,0,0,8,134,0,0,0,0,0
1788883406.862572,1985290,public,holding,0,0,0,0,0,0,0,0,0
1788883406.862572,2838,pg_toast,pg_toast_2618,0,0,1,3,0,0,0,0,0
1788883406.862572,6228,pg_toast,pg_toast_6106,0,0,0,0,0,0,0,0,0
1788883406.862572,1985349,pg_toast,pg_toast_1985343,0,0,0,0,0,0,0,0,0
1788883406.862572,1985434,public,company_competitor,0,0,0,0,0,0,0,0,0
1788883406.862572,1985370,pg_toast,pg_toast_1985363,0,0,0,0,0,0,0,0,0
1788883406.862572,1985505,pg_toast,pg_toast_1985496,0,0,0,0,0,0,0,0,0
1788883406.862572,1985264,public,customer,0,0,0,0,0,0,0,0,0
1788883406.862572,3118,pg_catalog,pg_foreign_table,0,0,0,0,0,0,0,0,0
1788883406.862572,1259,pg_catalog,pg_class,1,523,12,12,0,0,0,0,0
1788883406.862572,3350,pg_catalog,pg_partitioned_table,0,0,0,0,0,0,0,0,0
1788883406.862572,4153,pg_toast,pg_toast_3118,0,0,0,0,0,0,0,0,0
1788883406.862572,4060,pg_toast,pg_toast_3592,0,0,0,0,0,0,0,0,0
1788883406.862572,1985543,public,status_type,0,0,0,0,0,0,0,0,0
1788883406.862572,4165,pg_toast,pg_toast_3350,0,0,0,0,0,0,0,0,0
1788883406.862572,1985402,public,trade_request,0,0,0,0,0,0,0,0,0
1788883406.862572,2753,pg_catalog,pg_opfamily,0,0,2,2,0,0,0,0,0
1788883406.862572,3601,pg_catalog,pg_ts_parser,0,0,0,0,0,0,0,0,0
1788883406.862572,6104,pg_catalog,pg_publication,0,0,0,0,0,0,0,0,0
1788883406.862572,13477,pg_toast,pg_toast_13474,0,0,0,0,0,0,0,0,0
1788883406.862572,3429,pg_catalog,pg_statistic_ext_data,0,0,0,0,0,0,0,0,0
1788883406.862572,2619,pg_catalog,pg_statistic,0,0,17,8,0,0,0,0,0
1788883406.862572,4155,pg_toast,pg_toast_3394,0,0,0,0,0,0,0,0,0
1788883406.862572,1985548,public,taxrate,0,0,0,0,0,0,0,0,0
1788883406.862572,3381,pg_catalog,pg_statistic_ext,0,0,3,0,0,0,0,0,0
1788883406.862572,6106,pg_catalog,pg_publication_rel,0,0,0,0,0,0,0,0,0
1788883406.862572,1985372,public,trade,0,0,0,0,0,0,0,0,0
1788883406.862572,2605,pg_catalog,pg_cast,0,0,34,7,0,0,0,0,0
1788883406.862572,4171,pg_toast,pg_toast_1247,0,0,0,0,0,0,0,0,0
1788883406.862572,2830,pg_toast,pg_toast_2604,0,0,0,0,0,0,0,0,0
1788883406.862572,1985309,public,holding_summary,0,0,0,0,0,0,0,0,0
1788883406.862572,1985413,pg_toast,pg_toast_1985402,0,0,0,0,0,0,0,0,0
1788883406.862572,13479,information_schema,sql_implementation_info,0,0,,,0,0,0,0,0
1788883406.862572,1985341,pg_toast,pg_toast_1985335,0,0,0,0,0,0,0,0,0
1788883406.862572,6244,pg_toast,pg_toast_6243,0,0,0,0,0,0,0,0,0
1788883406.862572,1985315,public,watch_item,0,0,0,0,0,0,0,0,0
1788883406.862572,3430,pg_toast,pg_toast_3429,0,0,0,0,0,0,0,0,0
1788883406.862572,1985320,public,watch_list,0,0,0,0,0,0,0,0,0
1788883466.950455,1985536,pg_toast,pg_toast_1985517,0,0,0,0,0,0,0,0,0
1788883466.950455,3576,pg_catalog,pg_transform,0,0,0,0,0,0,0,0,0
1788883466.950455,2601,pg_catalog,pg_am,0,0,0,0,0,0,0,0,0
1788883466.950455,1985363,public,settlement,0,0,0,0,0,0,0,0,0
1788883466.950455,3394,pg_catalog,pg_init_privs,0,0,0,0,0,0,0,0,0
1788883466.950455,4167,pg_toast,pg_toast_3256,0,0,0,0,0,0,0,0,0
1788883466.950455,4151,pg_toast,pg_toast_1417,0,0,0,0,0,0,0,0,0
1788883466.950455,2834,pg_toast,pg_toast_2609,0,0,0,0,0,0,0,0,0
1788883466.950455,6000,pg_catalog,pg_replication_origin,0,0,0,0,0,0,0,0,0
1788883466.950455,2840,pg_toast,pg_toast_2619,0,0,0,0,0,0,0,0,0
1788883466.950455,1985486,public,last_trade,0,0,0,0,0,0,0,0,0
1788883466.950455,2328,pg_catalog,pg_foreign_data_wrapper,0,0,0,0,0,0,0,0,0
1788883466.950455,4157,pg_toast,pg_toast_2612,0,0,0,0,0,0,0,0,0
1788883466.950455,1260,pg_catalog,pg_authid,0,0,0,0,0,0,0,0,0
1788883466.950455,6102,pg_catalog,pg_subscription_rel,0,0,0,0,0,0,0,0,0
1788883466.950455,1214,pg_catalog,pg_shdepend,0,0,0,0,0,0,0,0,0
1788883466.950455,4163,pg_toast,pg_toast_2615,0,0,0,0,0,0,0,0,0
1788883466.950455,1985343,public,charge,0,0,0,0,0,0,0,0,0
1788883466.950455,1985440,public,daily_market,0,0,0,0,0,0,0,0,0
1788883466.950455,1985422,public,company,0,0,0,0,0,0,0,0,0
1788883466.950455,4169,pg_toast,pg_toast_3600,0,0,0,0,0,0,0,0,0
1788883466.950455,2615,pg_catalog,pg_namespace,1,4,5,2,0,0,0,0,0
1788883466.950455,2396,pg_catalog,pg_shdescription,0,0,0,0,0,0,0,0,0
1788883466.950455,3600,pg_catalog,pg_ts_dict,0,0,0,0,0,0,0,0,0
1788883466.950455,1985325,public,broker,0,0,0,0,0,0,0,0,0
1788883466.950455,3596,pg_catalog,pg_seclabel,0,0,0,0,0,0,0,0,0
1788883466.950455,1985460,public,financial,0,0,0,0,0,0,0,0,0
1788883466.950455,2609,pg_catalog,pg_description,0,0,0,0,0,0,0,0,0
1788883466.950455,1985351,public,commission_rate,0,0,0,0,0,0,0,0,0
1788883466.950455,13482,pg_toast,pg_toast_13479,0,0,0,0,0,0,0,0,0
1788883466.950455,1985396,public,trade_history,0,0,0,0,0,0,0,0,0
1788883466.950455,3603,pg_catalog,pg_ts_config_map,0,0,0,0,0,0,0,0,0
1788883466.950455,1213,pg_catalog,pg_tablespace,0,0,1,1,0,0,0,0,0
1788883466.950455,2608,pg_catalog,pg_depend,0,0,0,0,0,0,0,0,0
1788883466.950455,2964,pg_catalog,pg_db_role_setting,0,0,0,0,0,0,0,0,0
1788883466.950455,1985283,pg_toast,pg_toast_1985275,0,0,0,0,0,0,0,0,0
1788883466.950455,1418,pg_catalog,pg_user_mapping,0,0,0,0,0,0,0,0,0
1788883466.950455,2613,pg_catalog,pg_largeobject,0,0,0,0,0,0,0,0,0
1788883466.950455,6175,pg_toast,pg_toast_3456,0,0,0,0,0,0,0,0,0
1788883466.950455,1261,pg_catalog,pg_auth_members,0,0,0,0,0,0,0,0,0
1788883466.950455,1985335,public,cash_transaction,0,0,0,0,0,0,0,0,0
1788883466.950455,2617,pg_catalog,pg_operator,0,0,5,5,0,0,0,0,0
1788883466.950455,1985300,pg_toast,pg_toast_1985290,0,0,0,0,0,0,0,0,0
1788883466.950455,1985538,public,address,0,0,0,0,0,0,0,0,0
1788883466.950455,2610,pg_catalog,pg_index,1,221,11,14,0,0,0,0,0
1788883466.950455,1249,pg_catalog,pg_attribute,0,0,75,92,0,0,0,0,0
1788883466.950455,1985512,public,sector,0,0,0,0,0,0,0,0,0
1788883466.950455,1985415,public,trade_type,0,0,0,0,0,0,0,0,0
1788883466.950455,2600,pg_catalog,pg_aggregate,0,0,1,1,0,0,0,0,0
1788883466.950455,2966,pg_toast,pg_toast_2964,0,0,0,0,0,0,0,0,0
1788883466.950455,1985451,public,exchange,0,0,0,0,0,0,0,0,0
1788883466.950455,2618,pg_catalog,pg_rewrite,0,0,1,1,0,0,0,0,0
1788883466.950455,4177,pg_toast,pg_toast_1262,0,0,0,0,0,0,0,0,0
1788883466.950455,13484,information_schema,sql_parts,0,0,,,0,0,0,0,0
1788883466.950455,4159,pg_toast,pg_toast_2600,0,0,0,0,0,0,0,0,0
1788883466.950455,4147,pg_toast,pg_toast_3079,0,0,0,0,0,0,0,0,0
1788883466.950455,13474,information_schema,sql_features,0,0,,,0,0,0,0,0
1788883466.950455,1985394,pg_toast,pg_toast_1985372,0,0,0,0,0,0,0,0,0
1788883466.950455,1247,pg_catalog,pg_type,0,0,19,19,0,0,0,0,0
1788883466.950455,2602,pg_catalog,pg_amop,0,0,12,25,0,0,0,0,0
1788883466.950455,3439,pg_toast,pg_toast_3381,0,0,0,0,0,0,0,0,0
1788883466.950455,2846,pg_toast,pg_toast_2396,0,0,0,0,0,0,0,0,0
1788883466.950455,1985555,public,zip_code,0,0,0,0,0,0,0,0,0
1788883466.950455,1985478,pg_toast,pg_toast_1985460,0,0,0,0,0,0,0,0,0
1788883466.950455,4145,pg_toast,pg_toast_3466,0,0,0,0,0,0,0,0,0
1788883466.950455,3541,pg_catalog,pg_range,0,0,0,0,0,0,0,0,0
1788883466.950455,3602,pg_catalog,pg_ts_config,0,0,0,0,0,0,0,0,0
1788883466.950455,1985333,pg_toast,pg_toast_1985325,0,0,0,0,0,0,0,0,0
1788883466.950455,4183,pg_toast,pg_toast_6100,0,0,0,0,0,0,0,0,0
1788883466.950455,1985496,public,news_item,0,0,0,0,0,0,0,0,0
1788883466.950455,2224,pg_catalog,pg_sequence,0,0,0,0,0,0,0,0,0
1788883466.950455,2611,pg_catalog,pg_inherits,0,0,0,0,0,0,0,0,0
1788883466.950455,1417,pg_catalog,pg_foreign_server,0,0,0,0,0,0,0,0,0
1788883466.950455,1262,pg_catalog,pg_database,0,0,0,0,0,0,0,0,0
1788883466.950455,13492,pg_toast,pg_toast_13489,0,0,0,0,0,0,0,0,0
1788883466.950455,3501,pg_catalog,pg_enum,0,0,0,0,0,0,0,0,0
1788883466.950455,2607,pg_catalog,pg_conversion,0,0,0,0,0,0,0,0,0
1788883466.950455,1985449,pg_toast,pg_toast_1985440,0,0,0,0,0,0,0,0,0
1788883466.950455,826,pg_catalog,pg_default_acl,0,0,0,0,0,0,0,0,0
1788883466.950455,2604,pg_catalog,pg_attrdef,0,0,0,0,0,0,0,0,0
1788883466.950455,2336,pg_toast,pg_toast_2620,0,0,0,0,0,0,0,0,0
1788883466.950455,2603,pg_catalog,pg_amproc,0,0,5,11,0,0,0,0,0
1788883466.950455,2606,pg_catalog,pg_constraint,0,0,3,8,0,0,0,0,0
1788883466.950455,1255,pg_catalog,pg_proc,0,0,19,24,0,0,0,0,0
1788883466.950455,4173,pg_toast,pg_toast_1418,0,0,0,0,0,0,0,0,0
1788883466.950455,1985285,public,customer_taxrate,0,0,0,0,0,0,0,0,0
1788883466.950455,2620,pg_catalog,pg_trigger,0,0,0,0,0,0,0,0,0
1788883466.950455,1985256,public,account_permission,0,0,0,0,0,0,0,0,0
1788883466.950455,1985507,public,news_xref,0,0,0,0,0,0,0,0,0
1788883466.950455,1985480,public,industry,0,0,0,0,0,0,0,0,0
1788883466.950455,2612,pg_catalog,pg_language,0,0,0,0,0,0,0,0,0
1788883466.950455,4149,pg_toast,pg_toast_2328,0,0,0,0,0,0,0,0,0
1788883466.950455,6351,pg_toast,pg_toast_2610,0,0,0,0,0,0,0,0,0
1788883466.950455,13489,information_schema,sql_sizing,0,0,,,0,0,0,0,0
1788883466.950455,1985494,pg_toast,pg_toast_1985486,0,0,0,0,0,0,0,0,0
1788883466.950455,3598,pg_toast,pg_toast_3596,0,0,0,0,0,0,0,0,0
1788883466.950455,2836,pg_toast,pg_toast_1255,0,0,0,0,0,0,0,0,0
1788883466.950455,3456,pg_catalog,pg_collation,0,0,0,0,0,0,0,0,0
1788883466.950455,3079,pg_catalog,pg_extension,0,0,0,0,0,0,0,0,0
1788883466.950455,6100,pg_catalog,pg_subscription,0,0,0,0,0,0,0,0,0
1788883466.950455,2832,pg_toast,pg_toast_2606,0,0,0,0,0,0,0,0,0
1788883466.950455,3256,pg_catalog,pg_policy,0,0,0,0,0,0,0,0,0
1788883466.950455,1985302,public,holding_history,0,0,0,0,0,0,0,0,0
1788883466.950455,1985517,public,security,0,0,0,0,0,0,0,0,0
1788883466.950455,3466,pg_catalog,pg_event_trigger,0,0,0,0,0,0,0,0,0
1788883466.950455,3592,pg_catalog,pg_shseclabel,0,0,0,0,0,0,0,0,0
1788883466.950455,3764,pg_catalog,pg_ts_template,0,0,0,0,0,0,0,0,0
1788883466.950455,6237,pg_catalog,pg_publication_namespace,0,0,0,0,0,0,0,0,0
1788883466.950455,13487,pg_toast,pg_toast_13484,0,0,0,0,0,0,0,0,0
1788883466.950455,2995,pg_catalog,pg_largeobject_metadata,0,0,0,0,0,0,0,0,0
1788883466.950455,1985275,public,customer_account,0,0,0,0,0,0,0,0,0
1788883466.950455,4143,pg_toast,pg_toast_826,0,0,0,0,0,0,0,0,0
1788883466.950455,4185,pg_toast,pg_toast_1213,0,0,0,0,0,0,0,0,0
1788883466.950455,6243,pg_catalog,pg_parameter_acl,0,0,0,0,0,0,0,0,0
1788883466.950455,2616,pg_catalog,pg_opclass,0,0,8,134,0,0,0,0,0
1788883466.950455,1985290,public,holding,0,0,0,0,0,0,0,0,0
1788883466.950455,2838,pg_toast,pg_toast_2618,0,0,1,3,0,0,0,0,0
1788883466.950455,6228,pg_toast,pg_toast_6106,0,0,0,0,0,0,0,0,0
1788883466.950455,1985349,pg_toast,pg_toast_1985343,0,0,0,0,0,0,0,0,0
1788883466.950455,1985434,public,company_competitor,0,0,0,0,0,0,0,0,0
1788883466.950455,1985370,pg_toast,pg_toast_1985363,0,0,0,0,0,0,0,0,0
1788883466.950455,1985505,pg_toast,pg_toast_1985496,0,0,0,0,0,0,0,0,0
1788883466.950455,1985264,public,customer,0,0,0,0,0,0,0,0,0
1788883466.950455,3118,pg_catalog,pg_foreign_table,0,0,0,0,0,0,0,0,0
1788883466.950455,1259,pg_catalog,pg_class,1,523,12,12,0,0,0,0,0
1788883466.950455,3350,pg_catalog,pg_partitioned_table,0,0,0,0,0,0,0,0,0
1788883466.950455,4153,pg_toast,pg_toast_3118,0,0,0,0,0,0,0,0,0
1788883466.950455,4060,pg_toast,pg_toast_3592,0,0,0,0,0,0,0,0,0
1788883466.950455,1985543,public,status_type,0,0,0,0,0,0,0,0,0
1788883466.950455,4165,pg_toast,pg_toast_3350,0,0,0,0,0,0,0,0,0
1788883466.950455,1985402,public,trade_request,0,0,0,0,0,0,0,0,0
1788883466.950455,2753,pg_catalog,pg_opfamily,0,0,2,2,0,0,0,0,0
1788883466.950455,3601,pg_catalog,pg_ts_parser,0,0,0,0,0,0,0,0,0
1788883466.950455,6104,pg_catalog,pg_publication,0,0,0,0,0,0,0,0,0
1788883466.950455,13477,pg_toast,pg_toast_13474,0,0,0,0,0,0,0,0,0
1788883466.950455,3429,pg_catalog,pg_statistic_ext_data,0,0,0,0,0,0,0,0,0
1788883466.950455,2619,pg_catalog,pg_statistic,0,0,17,8,0,0,0,0,0
1788883466.950455,4155,pg_toast,pg_toast_3394,0,0,0,0,0,0,0,0,0
1788883466.950455,1985548,public,taxrate,0,0,0,0,0,0,0,0,0
1788883466.950455,3381,pg_catalog,pg_statistic_ext,0,0,3,0,0,0,0,0,0
1788883466.950455,6106,pg_catalog,pg_publication_rel,0,0,0,0,0,0,0,0,0
1788883466.950455,1985372,public,trade,0,0,0,0,0,0,0,0,0
1788883466.950455,2605,pg_catalog,pg_cast,0,0,34,7,0,0,0,0,0
1788883466.950455,4171,pg_toast,pg_toast_1247,0,0,0,0,0,0,0,0,0
1788883466.950455,2830,pg_toast,pg_toast_2604,0,0,0,0,0,0,0,0,0
1788883466.950455,1985309,public,holding_summary,0,0,0,0,0,0,0,0,0
1788883466.950455,1985413,pg_toast,pg_toast_1985402,0,0,0,0,0,0,0,0,0
1788883466.950455,13479,information_schema,sql_implementation_info,0,0,,,0,0,0,0,0
1788883466.950455,1985341,pg_toast,pg_toast_1985335,0,0,0,0,0,0,0,0,0
1788883466.950455,6244,pg_toast,pg_toast_6243,0,0,0,0,0,0,0,0,0
1788883466.950455,1985315,public,watch_item,0,0,0,0,0,0,0,0,0
1788883466.950455,3430,pg_toast,pg_toast_3429,0,0,0,0,0,0,0,0,0
1788883466.950455,1985320,public,watch_list,0,0,0,0,0,0,0,0,0
1788883527.033853,1985536,pg_toast,pg_toast_1985517,0,0,0,0,0,0,0,0,0
1788883527.033853,3576,pg_catalog,pg_transform,0,0,0,0,0,0,0,0,0
1788883527.033853,2601,pg_catalog,pg_am,0,0,0,0,0,0,0,0,0
1788883527.033853,1985363,public,settlement,0,0,0,0,0,0,0,0,0
1788883527.033853,3394,pg_catalog,pg_init_privs,0,0,0,0,0,0,0,0,0
1788883527.033853,4167,pg_toast,pg_toast_3256,0,0,0,0,0,0,0,0,0
1788883527.033853,4151,pg_toast,pg_toast_1417,0,0,0,0,0,0,0,0,0
1788883527.033853,2834,pg_toast,pg_toast_2609,0,0,0,0,0,0,0,0,0
1788883527.033853,6000,pg_catalog,pg_replication_origin,0,0,0,0,0,0,0,0,0
1788883527.033853,2840,pg_toast,pg_toast_2619,0,0,0,0,0,0,0,0,0
1788883527.033853,1985486,public,last_trade,0,0,0,0,0,0,0,0,0
1788883527.033853,2328,pg_catalog,pg_foreign_data_wrapper,0,0,0,0,0,0,0,0,0
1788883527.033853,4157,pg_toast,pg_toast_2612,0,0,0,0,0,0,0,0,0
1788883527.033853,1260,pg_catalog,pg_authid,0,0,0,0,0,0,0,0,0
1788883527.033853,6102,pg_catalog,pg_subscription_rel,0,0,0,0,0,0,0,0,0
1788883527.033853,1214,pg_catalog,pg_shdepend,0,0,0,0,0,0,0,0,0
1788883527.033853,4163,pg_toast,pg_toast_2615,0,0,0,0,0,0,0,0,0
1788883527.033853,1985343,public,charge,0,0,0,0,0,0,0,0,0
1788883527.033853,1985440,public,daily_market,0,0,0,0,0,0,0,0,0
1788883527.033853,1985422,public,company,0,0,0,0,0,0,0,0,0
1788883527.033853,4169,pg_toast,pg_toast_3600,0,0,0,0,0,0,0,0,0
1788883527.033853,2615,pg_catalog,pg_namespace,1,4,5,2,0,0,0,0,0
1788883527.033853,2396,pg_catalog,pg_shdescription,0,0,0,0,0,0,0,0,0
1788883527.033853,3600,pg_catalog,pg_ts_dict,0,0,0,0,0,0,0,0,0
1788883527.033853,1985325,public,broker,0,0,0,0,0,0,0,0,0
1788883527.033853,3596,pg_catalog,pg_seclabel,0,0,0,0,0,0,0,0,0
1788883527.033853,1985460,public,financial,0,0,0,0,0,0,0,0,0
1788883527.033853,2609,pg_catalog,pg_description,0,0,0,0,0,0,0,0,0
1788883527.033853,1985351,public,commission_rate,0,0,0,0,0,0,0,0,0
1788883527.033853,13482,pg_toast,pg_toast_13479,0,0,0,0,0,0,0,0,0
1788883527.033853,1985396,public,trade_history,0,0,0,0,0,0,0,0,0
1788883527.033853,3603,pg_catalog,pg_ts_config_map,0,0,0,0,0,0,0,0,0
1788883527.033853,1213,pg_catalog,pg_tablespace,0,0,1,1,0,0,0,0,0
1788883527.033853,2608,pg_catalog,pg_depend,0,0,0,0,0,0,0,0,0
1788883527.033853,2964,pg_catalog,pg_db_role_setting,0,0,0,0,0,0,0,0,0
1788883527.033853,1985283,pg_toast,pg_toast_1985275,0,0,0,0,0,0,0,0,0
1788883527.033853,1418,pg_catalog,pg_user_mapping,0,0,0,0,0,0,0,0,0
1788883527.033853,2613,pg_catalog,pg_largeobject,0,0,0,0,0,0,0,0,0
1788883527.033853,6175,pg_toast,pg_toast_3456,0,0,0,0,0,0,0,0,0
1788883527.033853,1261,pg_catalog,pg_auth_members,0,0,0,0,0,0,0,0,0
1788883527.033853,1985335,public,cash_transaction,0,0,0,0,0,0,0,0,0
1788883527.033853,2617,pg_catalog,pg_operator,0,0,5,5,0,0,0,0,0
1788883527.033853,1985300,pg_toast,pg_toast_1985290,0,0,0,0,0,0,0,0,0
1788883527.033853,1985538,public,address,0,0,0,0,0,0,0,0,0
1788883527.033853,2610,pg_catalog,pg_index,1,221,11,14,0,0,0,0,0
1788883527.033853,1249,pg_catalog,pg_attribute,0,0,75,92,0,0,0,0,0
1788883527.033853,1985512,public,sector,0,0,0,0,0,0,0,0,0
1788883527.033853,1985415,public,trade_type,0,0,0,0,0,0,0,0,0
1788883527.033853,2600,pg_catalog,pg_aggregate,0,0,1,1,0,0,0,0,0
1788883527.033853,2966,pg_toast,pg_toast_2964,0,0,0,0,0,0,0,0,0
1788883527.033853,1985451,public,exchange,0,0,0,0,0,0,0,0,0
1788883527.033853,2618,pg_catalog,pg_rewrite,0,0,1,1,0,0,0,0,0
1788883527.033853,4177,pg_toast,pg_toast_1262,0,0,0,0,0,0,0,0,0
1788883527.033853,13484,information_schema,sql_parts,0,0,,,0,0,0,0,0
1788883527.033853,4159,pg_toast,pg_toast_2600,0,0,0,0,0,0,0,0,0
1788883527.033853,4147,pg_toast,pg_toast_3079,0,0,0,0,0,0,0,0,0
1788883527.033853,13474,information_schema,sql_features,0,0,,,0,0,0,0,0
1788883527.033853,1985394,pg_toast,pg_toast_1985372,0,0,0,0,0,0,0,0,0
1788883527.033853,1247,pg_catalog,pg_type,0,0,19,19,0,0,0,0,0
1788883527.033853,2602,pg_catalog,pg_amop,0,0,12,25,0,0,0,0,0
1788883527.033853,3439,pg_toast,pg_toast_3381,0,0,0,0,0,0,0,0,0
1788883527.033853,2846,pg_toast,pg_toast_2396,0,0,0,0,0,0,0,0,0
1788883527.033853,1985555,public,zip_code,0,0,0,0,0,0,0,0,0
1788883527.033853,1985478,pg_toast,pg_toast_1985460,0,0,0,0,0,0,0,0,0
1788883527.033853,4145,pg_toast,pg_toast_3466,0,0,0,0,0,0,0,0,0
1788883527.033853,3541,pg_catalog,pg_range,0,0,0,0,0,0,0,0,0
1788883527.033853,3602,pg_catalog,pg_ts_config,0,0,0,0,0,0,0,0,0
1788883527.033853,1985333,pg_toast,pg_toast_1985325,0,0,0,0,0,0,0,0,0
1788883527.033853,4183,pg_toast,pg_toast_6100,0,0,0,0,0,0,0,0,0
1788883527.033853,1985496,public,news_item,0,0,0,0,0,0,0,0,0
1788883527.033853,2224,pg_catalog,pg_sequence,0,0,0,0,0,0,0,0,0
1788883527.033853,2611,pg_catalog,pg_inherits,0,0,0,0,0,0,0,0,0
1788883527.033853,1417,pg_catalog,pg_foreign_server,0,0,0,0,0,0,0,0,0
1788883527.033853,1262,pg_catalog,pg_database,0,0,0,0,0,0,0,0,0
1788883527.033853,13492,pg_toast,pg_toast_13489,0,0,0,0,0,0,0,0,0
1788883527.033853,3501,pg_catalog,pg_enum,0,0,0,0,0,0,0,0,0
1788883527.033853,2607,pg_catalog,pg_conversion,0,0,0,0,0,0,0,0,0
1788883527.033853,1985449,pg_toast,pg_toast_1985440,0,0,0,0,0,0,0,0,0
1788883527.033853,826,pg_catalog,pg_default_acl,0,0,0,0,0,0,0,0,0
1788883527.033853,2604,pg_catalog,pg_attrdef,0,0,0,0,0,0,0,0,0
1788883527.033853,2336,pg_toast,pg_toast_2620,0,0,0,0,0,0,0,0,0
1788883527.033853,2603,pg_catalog,pg_amproc,0,0,5,11,0,0,0,0,0
1788883527.033853,2606,pg_catalog,pg_constraint,0,0,3,8,0,0,0,0,0
1788883527.033853,1255,pg_catalog,pg_proc,0,0,19,24,0,0,0,0,0
1788883527.033853,4173,pg_toast,pg_toast_1418,0,0,0,0,0,0,0,0,0
1788883527.033853,1985285,public,customer_taxrate,0,0,0,0,0,0,0,0,0
1788883527.033853,2620,pg_catalog,pg_trigger,0,0,0,0,0,0,0,0,0
1788883527.033853,1985256,public,account_permission,0,0,0,0,0,0,0,0,0
1788883527.033853,1985507,public,news_xref,0,0,0,0,0,0,0,0,0
1788883527.033853,1985480,public,industry,0,0,0,0,0,0,0,0,0
1788883527.033853,2612,pg_catalog,pg_language,0,0,0,0,0,0,0,0,0
1788883527.033853,4149,pg_toast,pg_toast_2328,0,0,0,0,0,0,0,0,0
1788883527.033853,6351,pg_toast,pg_toast_2610,0,0,0,0,0,0,0,0,0
1788883527.033853,13489,information_schema,sql_sizing,0,0,,,0,0,0,0,0
1788883527.033853,1985494,pg_toast,pg_toast_1985486,0,0,0,0,0,0,0,0,0
1788883527.033853,3598,pg_toast,pg_toast_3596,0,0,0,0,0,0,0,0,0
1788883527.033853,2836,pg_toast,pg_toast_1255,0,0,0,0,0,0,0,0,0
1788883527.033853,3456,pg_catalog,pg_collation,0,0,0,0,0,0,0,0,0
1788883527.033853,3079,pg_catalog,pg_extension,0,0,0,0,0,0,0,0,0
1788883527.033853,6100,pg_catalog,pg_subscription,0,0,0,0,0,0,0,0,0
1788883527.033853,2832,pg_toast,pg_toast_2606,0,0,0,0,0,0,0,0,0
1788883527.033853,3256,pg_catalog,pg_policy,0,0,0,0,0,0,0,0,0
1788883527.033853,1985302,public,holding_history,0,0,0,0,0,0,0,0,0
1788883527.033853,1985517,public,security,0,0,0,0,0,0,0,0,0
1788883527.033853,3466,pg_catalog,pg_event_trigger,0,0,0,0,0,0,0,0,0
1788883527.033853,3592,pg_catalog,pg_shseclabel,0,0,0,0,0,0,0,0,0
1788883527.033853,3764,pg_catalog,pg_ts_template,0,0,0,0,0,0,0,0,0
1788883527.033853,6237,pg_catalog,pg_publication_namespace,0,0,0,0,0,0,0,0,0
1788883527.033853,13487,pg_toast,pg_toast_13484,0,0,0,0,0,0,0,0,0
1788883527.033853,2995,pg_catalog,pg_largeobject_metadata,0,0,0,0,0,0,0,0,0
1788883527.033853,1985275,public,customer_account,0,0,0,0,0,0,0,0,0
1788883527.033853,4143,pg_toast,pg_toast_826,0,0,0,0,0,0,0,0,0
1788883527.033853,4185,pg_toast,pg_toast_1213,0,0,0,0,0,0,0,0,0
1788883527.033853,6243,pg_catalog,pg_parameter_acl,0,0,0,0,0,0,0,0,0
1788883527.033853,2616,pg_catalog,pg_opclass,0,0,8,134,0,0,0,0,0
1788883527.033853,1985290,public,holding,0,0,0,0,0,0,0,0,0
1788883527.033853,2838,pg_toast,pg_toast_2618,0,0,1,3,0,0,0,0,0
1788883527.033853,6228,pg_toast,pg_toast_6106,0,0,0,0,0,0,0,0,0
1788883527.033853,1985349,pg_toast,pg_toast_1985343,0,0,0,0,0,0,0,0,0
1788883527.033853,1985434,public,company_competitor,0,0,0,0,0,0,0,0,0
1788883527.033853,1985370,pg_toast,pg_toast_1985363,0,0,0,0,0,0,0,0,0
1788883527.033853,1985505,pg_toast,pg_toast_1985496,0,0,0,0,0,0,0,0,0
1788883527.033853,1985264,public,customer,0,0,0,0,0,0,0,0,0
1788883527.033853,3118,pg_catalog,pg_foreign_table,0,0,0,0,0,0,0,0,0
1788883527.033853,1259,pg_catalog,pg_class,1,523,12,12,0,0,0,0,0
1788883527.033853,3350,pg_catalog,pg_partitioned_table,0,0,0,0,0,0,0,0,0
1788883527.033853,4153,pg_toast,pg_toast_3118,0,0,0,0,0,0,0,0,0
1788883527.033853,4060,pg_toast,pg_toast_3592,0,0,0,0,0,0,0,0,0
1788883527.033853,1985543,public,status_type,0,0,0,0,0,0,0,0,0
1788883527.033853,4165,pg_toast,pg_toast_3350,0,0,0,0,0,0,0,0,0
1788883527.033853,1985402,public,trade_request,0,0,0,0,0,0,0,0,0
1788883527.033853,2753,pg_catalog,pg_opfamily,0,0,2,2,0,0,0,0,0
1788883527.033853,3601,pg_catalog,pg_ts_parser,0,0,0,0,0,0,0,0,0
1788883527.033853,6104,pg_catalog,pg_publication,0,0,0,0,0,0,0,0,0
1788883527.033853,13477,pg_toast,pg_toast_13474,0,0,0,0,0,0,0,0,0
1788883527.033853,3429,pg_catalog,pg_statistic_ext_data,0,0,0,0,0,0,0,0,0
1788883527.033853,2619,pg_catalog,pg_statistic,0,0,17,8,0,0,0,0,0
1788883527.033853,4155,pg_toast,pg_toast_3394,0,0,0,0,0,0,0,0,0
1788883527.033853,1985548,public,taxrate,0,0,0,0,0,0,0,0,0
1788883527.033853,3381,pg_catalog,pg_statistic_ext,0,0,3,0,0,0,0,0,0
1788883527.033853,6106,pg_catalog,pg_publication_rel,0,0,0,0,0,0,0,0,0
1788883527.033853,1985372,public,trade,0,0,0,0,0,0,0,0,0
1788883527.033853,2605,pg_catalog,pg_cast,0,0,34,7,0,0,0,0,0
1788883527.033853,4171,pg_toast,pg_toast_1247,0,0,0,0,0,0,0,0,0
1788883527.033853,2830,pg_toast,pg_toast_2604,0,0,0,0,0,0,0,0,0
1788883527.033853,1985309,public,holding_summary,0,0,0,0,0,0,0,0,0
1788883527.033853,1985413,pg_toast,pg_toast_1985402,0,0,0,0,0,0,0,0,0
1788883527.033853,13479,information_schema,sql_implementation_info,0,0,,,0,0,0,0,0
1788883527.033853,1985341,pg_toast,pg_toast_1985335,0,0,0,0,0,0,0,0,0
1788883527.033853,6244,pg_toast,pg_toast_6243,0,0,0,0,0,0,0,0,0
1788883527.033853,1985315,public,watch_item,0,0,0,0,0,0,0,0,0
1788883527.033853,3430,pg_toast,pg_toast_3429,0,0,0,0,0,0,0,0,0
1788883527.033853,1985320,public,watch_list,0,0,0,0,0,0,0,0,0
1788883586.147970,1985536,pg_toast,pg_toast_1985517,0,0,0,0,0,0,0,0,0
1788883586.147970,3576,pg_catalog,pg_transform,0,0,0,0,0,0,0,0,0
1788883586.147970,2601,pg_catalog,pg_am,0,0,0,0,0,0,0,0,0
1788883586.147970,1985363,public,settlement,0,0,0,0,0,0,0,0,0
1788883586.147970,3394,pg_catalog,pg_init_privs,0,0,0,0,0,0,0,0,0
1788883586.147970,4167,pg_toast,pg_toast_3256,0,0,0,0,0,0,0,0,0
1788883586.147970,4151,pg_toast,pg_toast_1417,0,0,0,0,0,0,0,0,0
1788883586.147970,2834,pg_toast,pg_toast_2609,0,0,0,0,0,0,0,0,0
1788883586.147970,6000,pg_catalog,pg_replication_origin,0,0,0,0,0,0,0,0,0
1788883586.147970,2840,pg_toast,pg_toast_2619,0,0,0,0,0,0,0,0,0
1788883586.147970,1985486,public,last_trade,0,0,0,0,0,0,0,0,0
1788883586.147970,2328,pg_catalog,pg_foreign_data_wrapper,0,0,0,0,0,0,0,0,0
1788883586.147970,4157,pg_toast,pg_toast_2612,0,0,0,0,0,0,0,0,0
1788883586.147970,1260,pg_catalog,pg_authid,0,0,0,0,0,0,0,0,0
1788883586.147970,6102,pg_catalog,pg_subscription_rel,0,0,0,0,0,0,0,0,0
1788883586.147970,1214,pg_catalog,pg_shdepend,0,0,0,0,0,0,0,0,0
1788883586.147970,4163,pg_toast,pg_toast_2615,0,0,0,0,0,0,0,0,0
1788883586.147970,1985343,public,charge,0,0,0,0,0,0,0,0,0
1788883586.147970,1985440,public,daily_market,0,0,0,0,0,0,0,0,0
1788883586.147970,1985422,public,company,0,0,0,0,0,0,0,0,0
1788883586.147970,4169,pg_toast,pg_toast_3600,0,0,0,0,0,0,0,0,0
1788883586.147970,2615,pg_catalog,pg_namespace,1,4,5,2,0,0,0,0,0
1788883586.147970,2396,pg_catalog,pg_shdescription,0,0,0,0,0,0,0,0,0
1788883586.147970,3600,pg_catalog,pg_ts_dict,0,0,0,0,0,0,0,0,0
1788883586.147970,1985325,public,broker,0,0,0,0,0,0,0,0,0
1788883586.147970,3596,pg_catalog,pg_seclabel,0,0,0,0,0,0,0,0,0
1788883586.147970,1985460,public,financial,0,0,0,0,0,0,0,0,0
1788883586.147970,2609,pg_catalog,pg_description,0,0,0,0,0,0,0,0,0
1788883586.147970,1985351,public,commission_rate,0,0,0,0,0,0,0,0,0
1788883586.147970,13482,pg_toast,pg_toast_13479,0,0,0,0,0,0,0,0,0
1788883586.147970,1985396,public,trade_history,0,0,0,0,0,0,0,0,0
1788883586.147970,3603,pg_catalog,pg_ts_config_map,0,0,0,0,0,0,0,0,0
1788883586.147970,1213,pg_catalog,pg_tablespace,0,0,1,1,0,0,0,0,0
1788883586.147970,2608,pg_catalog,pg_depend,0,0,0,0,0,0,0,0,0
1788883586.147970,2964,pg_catalog,pg_db_role_setting,0,0,0,0,0,0,0,0,0
1788883586.147970,1985283,pg_toast,pg_toast_1985275,0,0,0,0,0,0,0,0,0
1788883586.147970,1418,pg_catalog,pg_user_mapping,0,0,0,0,0,0,0,0,0
1788883586.147970,2613,pg_catalog,pg_largeobject,0,0,0,0,0,0,0,0,0
1788883586.147970,6175,pg_toast,pg_toast_3456,0,0,0,0,0,0,0,0,0
1788883586.147970,1261,pg_catalog,pg_auth_members,0,0,0,0,0,0,0,0,0
1788883586.147970,1985335,public,cash_transaction,0,0,0,0,0,0,0,0,0
1788883586.147970,2617,pg_catalog,pg_operator,0,0,5,5,0,0,0,0,0
1788883586.147970,1985300,pg_toast,pg_toast_1985290,0,0,0,0,0,0,0,0,0
1788883586.147970,1985538,public,address,0,0,0,0,0,0,0,0,0
1788883586.147970,2610,pg_catalog,pg_index,1,221,11,14,0,0,0,0,0
1788883586.147970,1249,pg_catalog,pg_attribute,0,0,75,92,0,0,0,0,0
1788883586.147970,1985512,public,sector,0,0,0,0,0,0,0,0,0
1788883586.147970,1985415,public,trade_type,0,0,0,0,0,0,0,0,0
1788883586.147970,2600,pg_catalog,pg_aggregate,0,0,1,1,0,0,0,0,0
1788883586.147970,2966,pg_toast,pg_toast_2964,0,0,0,0,0,0,0,0,0
1788883586.147970,1985451,public,exchange,0,0,0,0,0,0,0,0,0
1788883586.147970,2618,pg_catalog,pg_rewrite,0,0,1,1,0,0,0,0,0
1788883586.147970,4177,pg_toast,pg_toast_1262,0,0,0,0,0,0,0,0,0
1788883586.147970,13484,information_schema,sql_parts,0,0,,,0,0,0,0,0
1788883586.147970,4159,pg_toast,pg_toast_2600,0,0,0,0,0,0,0,0,0
1788883586.147970,4147,pg_toast,pg_toast_3079,0,0,0,0,0,0,0,0,0
1788883586.147970,13474,information_schema,sql_features,0,0,,,0,0,0,0,0
1788883586.147970,1985394,pg_toast,pg_toast_1985372,0,0,0,0,0,0,0,0,0
1788883586.147970,1247,pg_catalog,pg_type,0,0,19,19,0,0,0,0,0
1788883586.147970,2602,pg_catalog,pg_amop,0,0,12,25,0,0,0,0,0
1788883586.147970,3439,pg_toast,pg_toast_3381,0,0,0,0,0,0,0,0,0
1788883586.147970,2846,pg_toast,pg_toast_2396,0,0,0,0,0,0,0,0,0
1788883586.147970,1985555,public,zip_code,0,0,0,0,0,0,0,0,0
1788883586.147970,1985478,pg_toast,pg_toast_1985460,0,0,0,0,0,0,0,0,0
1788883586.147970,4145,pg_toast,pg_toast_3466,0,0,0,0,0,0,0,0,0
1788883586.147970,3541,pg_catalog,pg_range,0,0,0,0,0,0,0,0,0
1788883586.147970,3602,pg_catalog,pg_ts_config,0,0,0,0,0,0,0,0,0
1788883586.147970,1985333,pg_toast,pg_toast_1985325,0,0,0,0,0,0,0,0,0
1788883586.147970,4183,pg_toast,pg_toast_6100,0,0,0,0,0,0,0,0,0
1788883586.147970,1985496,public,news_item,0,0,0,0,0,0,0,0,0
1788883586.147970,2224,pg_catalog,pg_sequence,0,0,0,0,0,0,0,0,0
1788883586.147970,2611,pg_catalog,pg_inherits,0,0,0,0,0,0,0,0,0
1788883586.147970,1417,pg_catalog,pg_foreign_server,0,0,0,0,0,0,0,0,0
1788883586.147970,1262,pg_catalog,pg_database,0,0,0,0,0,0,0,0,0
1788883586.147970,13492,pg_toast,pg_toast_13489,0,0,0,0,0,0,0,0,0
1788883586.147970,3501,pg_catalog,pg_enum,0,0,0,0,0,0,0,0,0
1788883586.147970,2607,pg_catalog,pg_conversion,0,0,0,0,0,0,0,0,0
1788883586.147970,1985449,pg_toast,pg_toast_1985440,0,0,0,0,0,0,0,0,0
1788883586.147970,826,pg_catalog,pg_default_acl,0,0,0,0,0,0,0,0,0
1788883586.147970,2604,pg_catalog,pg_attrdef,0,0,0,0,0,0,0,0,0
1788883586.147970,2336,pg_toast,pg_toast_2620,0,0,0,0,0,0,0,0,0
1788883586.147970,2603,pg_catalog,pg_amproc,0,0,5,11,0,0,0,0,0
1788883586.147970,2606,pg_catalog,pg_constraint,0,0,3,8,0,0,0,0,0
1788883586.147970,1255,pg_catalog,pg_proc,0,0,19,24,0,0,0,0,0
1788883586.147970,4173,pg_toast,pg_toast_1418,0,0,0,0,0,0,0,0,0
1788883586.147970,1985285,public,customer_taxrate,0,0,0,0,0,0,0,0,0
1788883586.147970,2620,pg_catalog,pg_trigger,0,0,0,0,0,0,0,0,0
1788883586.147970,1985256,public,account_permission,0,0,0,0,0,0,0,0,0
1788883586.147970,1985507,public,news_xref,0,0,0,0,0,0,0,0,0
1788883586.147970,1985480,public,industry,0,0,0,0,0,0,0,0,0
1788883586.147970,2612,pg_catalog,pg_language,0,0,0,0,0,0,0,0,0
1788883586.147970,4149,pg_toast,pg_toast_2328,0,0,0,0,0,0,0,0,0
1788883586.147970,6351,pg_toast,pg_toast_2610,0,0,0,0,0,0,0,0,0
1788883586.147970,13489,information_schema,sql_sizing,0,0,,,0,0,0,0,0
1788883586.147970,1985494,pg_toast,pg_toast_1985486,0,0,0,0,0,0,0,0,0
1788883586.147970,3598,pg_toast,pg_toast_3596,0,0,0,0,0,0,0,0,0
1788883586.147970,2836,pg_toast,pg_toast_1255,0,0,0,0,0,0,0,0,0
1788883586.147970,3456,pg_catalog,pg_collation,0,0,0,0,0,0,0,0,0
1788883586.147970,3079,pg_catalog,pg_extension,0,0,0,0,0,0,0,0,0
1788883586.147970,6100,pg_catalog,pg_subscription,0,0,0,0,0,0,0,0,0
1788883586.147970,2832,pg_toast,pg_toast_2606,0,0,0,0,0,0,0,0,0
1788883586.147970,3256,pg_catalog,pg_policy,0,0,0,0,0,0,0,0,0
1788883586.147970,1985302,public,holding_history,0,0,0,0,0,0,0,0,0
1788883586.147970,1985517,public,security,0,0,0,0,0,0,0,0,0
1788883586.147970,3466,pg_catalog,pg_event_trigger,0,0,0,0,0,0,0,0,0
1788883586.147970,3592,pg_catalog,pg_shseclabel,0,0,0,0,0,0,0,0,0
1788883586.147970,3764,pg_catalog,pg_ts_template,0,0,0,0,0,0,0,0,0
1788883586.147970,6237,pg_catalog,pg_publication_namespace,0,0,0,0,0,0,0,0,0
1788883586.147970,13487,pg_toast,pg_toast_13484,0,0,0,0,0,0,0,0,0
1788883586.147970,2995,pg_catalog,pg_largeobject_metadata,0,0,0,0,0,0,0,0,0
1788883586.147970,1985275,public,customer_account,0,0,0,0,0,0,0,0,0
1788883586.147970,4143,pg_toast,pg_toast_826,0,0,0,0,0,0,0,0,0
1788883586.147970,4185,pg_toast,pg_toast_1213,0,0,0,0,0,0,0,0,0
1788883586.147970,6243,pg_catalog,pg_parameter_acl,0,0,0,0,0,0,0,0,0
1788883586.147970,2616,pg_catalog,pg_opclass,0,0,8,134,0,0,0,0,0
1788883586.147970,1985290,public,holding,0,0,0,0,0,0,0,0,0
1788883586.147970,2838,pg_toast,pg_toast_2618,0,0,1,3,0,0,0,0,0
1788883586.147970,6228,pg_toast,pg_toast_6106,0,0,0,0,0,0,0,0,0
1788883586.147970,1985349,pg_toast,pg_toast_1985343,0,0,0,0,0,0,0,0,0
1788883586.147970,1985434,public,company_competitor,0,0,0,0,0,0,0,0,0
1788883586.147970,1985370,pg_toast,pg_toast_1985363,0,0,0,0,0,0,0,0,0
1788883586.147970,1985505,pg_toast,pg_toast_1985496,0,0,0,0,0,0,0,0,0
1788883586.147970,1985264,public,customer,0,0,0,0,0,0,0,0,0
1788883586.147970,3118,pg_catalog,pg_foreign_table,0,0,0,0,0,0,0,0,0
1788883586.147970,1259,pg_catalog,pg_class,1,523,12,12,0,0,0,0,0
1788883586.147970,3350,pg_catalog,pg_partitioned_table,0,0,0,0,0,0,0,0,0
1788883586.147970,4153,pg_toast,pg_toast_3118,0,0,0,0,0,0,0,0,0
1788883586.147970,4060,pg_toast,pg_toast_3592,0,0,0,0,0,0,0,0,0
1788883586.147970,1985543,public,status_type,0,0,0,0,0,0,0,0,0
1788883586.147970,4165,pg_toast,pg_toast_3350,0,0,0,0,0,0,0,0,0
1788883586.147970,1985402,public,trade_request,0,0,0,0,0,0,0,0,0
1788883586.147970,2753,pg_catalog,pg_opfamily,0,0,2,2,0,0,0,0,0
1788883586.147970,3601,pg_catalog,pg_ts_parser,0,0,0,0,0,0,0,0,0
1788883586.147970,6104,pg_catalog,pg_publication,0,0,0,0,0,0,0,0,0
1788883586.147970,13477,pg_toast,pg_toast_13474,0,0,0,0,0,0,0,0,0
1788883586.147970,3429,pg_catalog,pg_statistic_ext_data,0,0,0,0,0,0,0,0,0
1788883586.147970,2619,pg_catalog,pg_statistic,0,0,17,8,0,0,0,0,0
1788883586.147970,4155,pg_toast,pg_toast_3394,0,0,0,0,0,0,0,0,0
1788883586.147970,1985548,public,taxrate,0,0,0,0,0,0,0,0,0
1788883586.147970,3381,pg_catalog,pg_statistic_ext,0,0,3,0,0,0,0,0,0
1788883586.147970,6106,pg_catalog,pg_publication_rel,0,0,0,0,0,0,0,0,0
1788883586.147970,1985372,public,trade,0,0,0,0,0,0,0,0,0
1788883586.147970,2605,pg_catalog,pg_cast,0,0,34,7,0,0,0,0,0
1788883586.147970,4171,pg_toast,pg_toast_1247,0,0,0,0,0,0,0,0,0
1788883586.147970,2830,pg_toast,pg_toast_2604,0,0,0,0,0,0,0,0,0
1788883586.147970,1985309,public,holding_summary,0,0,0,0,0,0,0,0,0
1788883586.147970,1985413,pg_toast,pg_toast_1985402,0,0,0,0,0,0,0,0,0
1788883586.147970,13479,information_schema,sql_implementation_info,0,0,,,0,0,0,0,0
1788883586.147970,1985341,pg_toast,pg_toast_1985335,0,0,0,0,0,0,0,0,0
1788883586.147970,6244,pg_toast,pg_toast_6243,0,0,0,0,0,0,0,0,0
1788883586.147970,1985315,public,watch_item,0,0,0,0,0,0,0,0,0
1788883586.147970,3430,pg_toast,pg_toast_3429,0,0,0,0,0,0,0,0,0
1788883586.147970,1985320,public,watch_list,0,0,0,0,0,0,0,0,0
1788883646.231327,1985536,pg_toast,pg_toast_1985517,0,0,0,0,0,0,0,0,0
1788883646.231327,3576,pg_catalog,pg_transform,0,0,0,0,0,0,0,0,0
1788883646.231327,2601,pg_catalog,pg_am,0,0,0,0,0,0,0,0,0
1788883646.231327,1985363,public,settlement,0,0,0,0,0,0,0,0,0
1788883646.231327,3394,pg_catalog,pg_init_privs,0,0,0,0,0,0,0,0,0
1788883646.231327,4167,pg_toast,pg_toast_3256,0,0,0,0,0,0,0,0,0
1788883646.231327,4151,pg_toast,pg_toast_1417,0,0,0,0,0,0,0,0,0
1788883646.231327,2834,pg_toast,pg_toast_2609,0,0,0,0,0,0,0,0,0
1788883646.231327,6000,pg_catalog,pg_replication_origin,0,0,0,0,0,0,0,0,0
1788883646.231327,2840,pg_toast,pg_toast_2619,0,0,0,0,0,0,0,0,0
1788883646.231327,1985486,public,last_trade,0,0,0,0,0,0,0,0,0
1788883646.231327,2328,pg_catalog,pg_foreign_data_wrapper,0,0,0,0,0,0,0,0,0
1788883646.231327,4157,pg_toast,pg_toast_2612,0,0,0,0,0,0,0,0,0
1788883646.231327,1260,pg_catalog,pg_authid,0,0,0,0,0,0,0,0,0
1788883646.231327,6102,pg_catalog,pg_subscription_rel,0,0,0,0,0,0,0,0,0
1788883646.231327,1214,pg_catalog,pg_shdepend,0,0,0,0,0,0,0,0,0
1788883646.231327,4163,pg_toast,pg_toast_2615,0,0,0,0,0,0,0,0,0
1788883646.231327,1985343,public,charge,0,0,0,0,0,0,0,0,0
1788883646.231327,1985440,public,daily_market,0,0,0,0,0,0,0,0,0
1788883646.231327,1985422,public,company,0,0,0,0,0,0,0,0,0
1788883646.231327,4169,pg_toast,pg_toast_3600,0,0,0,0,0,0,0,0,0
1788883646.231327,2615,pg_catalog,pg_namespace,1,4,5,2,0,0,0,0,0
1788883646.231327,2396,pg_catalog,pg_shdescription,0,0,0,0,0,0,0,0,0
1788883646.231327,3600,pg_catalog,pg_ts_dict,0,0,0,0,0,0,0,0,0
1788883646.231327,1985325,public,broker,0,0,0,0,0,0,0,0,0
1788883646.231327,3596,pg_catalog,pg_seclabel,0,0,0,0,0,0,0,0,0
1788883646.231327,1985460,public,financial,0,0,0,0,0,0,0,0,0
1788883646.231327,2609,pg_catalog,pg_description,0,0,0,0,0,0,0,0,0
1788883646.231327,1985351,public,commission_rate,0,0,0,0,0,0,0,0,0
1788883646.231327,13482,pg_toast,pg_toast_13479,0,0,0,0,0,0,0,0,0
1788883646.231327,1985396,public,trade_history,0,0,0,0,0,0,0,0,0
1788883646.231327,3603,pg_catalog,pg_ts_config_map,0,0,0,0,0,0,0,0,0
1788883646.231327,1213,pg_catalog,pg_tablespace,0,0,1,1,0,0,0,0,0
1788883646.231327,2608,pg_catalog,pg_depend,0,0,0,0,0,0,0,0,0
1788883646.231327,2964,pg_catalog,pg_db_role_setting,0,0,0,0,0,0,0,0,0
1788883646.231327,1985283,pg_toast,pg_toast_1985275,0,0,0,0,0,0,0,0,0
1788883646.231327,1418,pg_catalog,pg_user_mapping,0,0,0,0,0,0,0,0,0
1788883646.231327,2613,pg_catalog,pg_largeobject,0,0,0,0,0,0,0,0,0
1788883646.231327,6175,pg_toast,pg_toast_3456,0,0,0,0,0,0,0,0,0
1788883646.231327,1261,pg_catalog,pg_auth_members,0,0,0,0,0,0,0,0,0
1788883646.231327,1985335,public,cash_transaction,0,0,0,0,0,0,0,0,0
1788883646.231327,2617,pg_catalog,pg_operator,0,0,5,5,0,0,0,0,0
1788883646.231327,1985300,pg_toast,pg_toast_1985290,0,0,0,0,0,0,0,0,0
1788883646.231327,1985538,public,address,0,0,0,0,0,0,0,0,0
1788883646.231327,2610,pg_catalog,pg_index,1,221,11,14,0,0,0,0,0
1788883646.231327,1249,pg_catalog,pg_attribute,0,0,75,92,0,0,0,0,0
1788883646.231327,1985512,public,sector,0,0,0,0,0,0,0,0,0
1788883646.231327,1985415,public,trade_type,0,0,0,0,0,0,0,0,0
1788883646.231327,2600,pg_catalog,pg_aggregate,0,0,1,1,0,0,0,0,0
1788883646.231327,2966,pg_toast,pg_toast_2964,0,0,0,0,0,0,0,0,0
1788883646.231327,1985451,public,exchange,0,0,0,0,0,0,0,0,0
1788883646.231327,2618,pg_catalog,pg_rewrite,0,0,1,1,0,0,0,0,0
1788883646.231327,4177,pg_toast,pg_toast_1262,0,0,0,0,0,0,0,0,0
1788883646.231327,13484,information_schema,sql_parts,0,0,,,0,0,0,0,0
1788883646.231327,4159,pg_toast,pg_toast_2600,0,0,0,0,0,0,0,0,0
1788883646.231327,4147,pg_toast,pg_toast_3079,0,0,0,0,0,0,0,0,0
1788883646.231327,13474,information_schema,sql_features,0,0,,,0,0,0,0,0
1788883646.231327,1985394,pg_toast,pg_toast_1985372,0,0,0,0,0,0,0,0,0
1788883646.231327,1247,pg_catalog,pg_type,0,0,19,19,0,0,0,0,0
1788883646.231327,2602,pg_catalog,pg_amop,0,0,12,25,0,0,0,0,0
1788883646.231327,3439,pg_toast,pg_toast_3381,0,0,0,0,0,0,0,0,0
1788883646.231327,2846,pg_toast,pg_toast_2396,0,0,0,0,0,0,0,0,0
1788883646.231327,1985555,public,zip_code,0,0,0,0,0,0,0,0,0
1788883646.231327,1985478,pg_toast,pg_toast_1985460,0,0,0,0,0,0,0,0,0
1788883646.231327,4145,pg_toast,pg_toast_3466,0,0,0,0,0,0,0,0,0
1788883646.231327,3541,pg_catalog,pg_range,0,0,0,0,0,0,0,0,0
1788883646.231327,3602,pg_catalog,pg_ts_config,0,0,0,0,0,0,0,0,0
1788883646.231327,1985333,pg_toast,pg_toast_1985325,0,0,0,0,0,0,0,0,0
1788883646.231327,4183,pg_toast,pg_toast_6100,0,0,0,0,0,0,0,0,0
1788883646.231327,1985496,public,news_item,0,0,0,0,0,0,0,0,0
1788883646.231327,2224,pg_catalog,pg_sequence,0,0,0,0,0,0,0,0,0
1788883646.231327,2611,pg_catalog,pg_inherits,0,0,0,0,0,0,0,0,0
1788883646.231327,1417,pg_catalog,pg_foreign_server,0,0,0,0,0,0,0,0,0
1788883646.231327,1262,pg_catalog,pg_database,0,0,0,0,0,0,0,0,0
1788883646.231327,13492,pg_toast,pg_toast_13489,0,0,0,0,0,0,0,0,0
1788883646.231327,3501,pg_catalog,pg_enum,0,0,0,0,0,0,0,0,0
1788883646.231327,2607,pg_catalog,pg_conversion,0,0,0,0,0,0,0,0,0
1788883646.231327,1985449,pg_toast,pg_toast_1985440,0,0,0,0,0,0,0,0,0
1788883646.231327,826,pg_catalog,pg_default_acl,0,0,0,0,0,0,0,0,0
1788883646.231327,2604,pg_catalog,pg_attrdef,0,0,0,0,0,0,0,0,0
1788883646.231327,2336,pg_toast,pg_toast_2620,0,0,0,0,0,0,0,0,0
1788883646.231327,2603,pg_catalog,pg_amproc,0,0,5,11,0,0,0,0,0
1788883646.231327,2606,pg_catalog,pg_constraint,0,0,3,8,0,0,0,0,0
1788883646.231327,1255,pg_catalog,pg_proc,0,0,19,24,0,0,0,0,0
1788883646.231327,4173,pg_toast,pg_toast_1418,0,0,0,0,0,0,0,0,0
1788883646.231327,1985285,public,customer_taxrate,0,0,0,0,0,0,0,0,0
1788883646.231327,2620,pg_catalog,pg_trigger,0,0,0,0,0,0,0,0,0
1788883646.231327,1985256,public,account_permission,0,0,0,0,0,0,0,0,0
1788883646.231327,1985507,public,news_xref,0,0,0,0,0,0,0,0,0
1788883646.231327,1985480,public,industry,0,0,0,0,0,0,0,0,0
1788883646.231327,2612,pg_catalog,pg_language,0,0,0,0,0,0,0,0,0
1788883646.231327,4149,pg_toast,pg_toast_2328,0,0,0,0,0,0,0,0,0
1788883646.231327,6351,pg_toast,pg_toast_2610,0,0,0,0,0,0,0,0,0
1788883646.231327,13489,information_schema,sql_sizing,0,0,,,0,0,0,0,0
1788883646.231327,1985494,pg_toast,pg_toast_1985486,0,0,0,0,0,0,0,0,0
1788883646.231327,3598,pg_toast,pg_toast_3596,0,0,0,0,0,0,0,0,0
1788883646.231327,2836,pg_toast,pg_toast_1255,0,0,0,0,0,0,0,0,0
1788883646.231327,3456,pg_catalog,pg_collation,0,0,0,0,0,0,0,0,0
1788883646.231327,3079,pg_catalog,pg_extension,0,0,0,0,0,0,0,0,0
1788883646.231327,6100,pg_catalog,pg_subscription,0,0,0,0,0,0,0,0,0
1788883646.231327,2832,pg_toast,pg_toast_2606,0,0,0,0,0,0,0,0,0
1788883646.231327,3256,pg_catalog,pg_policy,0,0,0,0,0,0,0,0,0
1788883646.231327,1985302,public,holding_history,0,0,0,0,0,0,0,0,0
1788883646.231327,1985517,public,security,0,0,0,0,0,0,0,0,0
1788883646.231327,3466,pg_catalog,pg_event_trigger,0,0,0,0,0,0,0,0,0
1788883646.231327,3592,pg_catalog,pg_shseclabel,0,0,0,0,0,0,0,0,0
1788883646.231327,3764,pg_catalog,pg_ts_template,0,0,0,0,0,0,0,0,0
1788883646.231327,6237,pg_catalog,pg_publication_namespace,0,0,0,0,0,0,0,0,0
1788883646.231327,13487,pg_toast,pg_toast_13484,0,0,0,0,0,0,0,0,0
1788883646.231327,2995,pg_catalog,pg_largeobject_metadata,0,0,0,0,0,0,0,0,0
1788883646.231327,1985275,public,customer_account,0,0,0,0,0,0,0,0,0
1788883646.231327,4143,pg_toast,pg_toast_826,0,0,0,0,0,0,0,0,0
1788883646.231327,4185,pg_toast,pg_toast_1213,0,0,0,0,0,0,0,0,0
1788883646.231327,6243,pg_catalog,pg_parameter_acl,0,0,0,0,0,0,0,0,0
1788883646.231327,2616,pg_catalog,pg_opclass,0,0,8,134,0,0,0,0,0
1788883646.231327,1985290,public,holding,0,0,0,0,0,0,0,0,0
1788883646.231327,2838,pg_toast,pg_toast_2618,0,0,1,3,0,0,0,0,0
1788883646.231327,6228,pg_toast,pg_toast_6106,0,0,0,0,0,0,0,0,0
1788883646.231327,1985349,pg_toast,pg_toast_1985343,0,0,0,0,0,0,0,0,0
1788883646.231327,1985434,public,company_competitor,0,0,0,0,0,0,0,0,0
1788883646.231327,1985370,pg_toast,pg_toast_1985363,0,0,0,0,0,0,0,0,0
1788883646.231327,1985505,pg_toast,pg_toast_1985496,0,0,0,0,0,0,0,0,0
1788883646.231327,1985264,public,customer,0,0,0,0,0,0,0,0,0
1788883646.231327,3118,pg_catalog,pg_foreign_table,0,0,0,0,0,0,0,0,0
1788883646.231327,1259,pg_catalog,pg_class,1,523,12,12,0,0,0,0,0
1788883646.231327,3350,pg_catalog,pg_partitioned_table,0,0,0,0,0,0,0,0,0
1788883646.231327,4153,pg_toast,pg_toast_3118,0,0,0,0,0,0,0,0,0
1788883646.231327,4060,pg_toast,pg_toast_3592,0,0,0,0,0,0,0,0,0
1788883646.231327,1985543,public,status_type,0,0,0,0,0,0,0,0,0
1788883646.231327,4165,pg_toast,pg_toast_3350,0,0,0,0,0,0,0,0,0
1788883646.231327,1985402,public,trade_request,0,0,0,0,0,0,0,0,0
1788883646.231327,2753,pg_catalog,pg_opfamily,0,0,2,2,0,0,0,0,0
1788883646.231327,3601,pg_catalog,pg_ts_parser,0,0,0,0,0,0,0,0,0
1788883646.231327,6104,pg_catalog,pg_publication,0,0,0,0,0,0,0,0,0
1788883646.231327,13477,pg_toast,pg_toast_13474,0,0,0,0,0,0,0,0,0
1788883646.231327,3429,pg_catalog,pg_statistic_ext_data,0,0,0,0,0,0,0,0,0
1788883646.231327,2619,pg_catalog,pg_statistic,0,0,17,8,0,0,0,0,0
1788883646.231327,4155,pg_toast,pg_toast_3394,0,0,0,0,0,0,0,0,0
1788883646.231327,1985548,public,taxrate,0,0,0,0,0,0,0,0,0
1788883646.231327,3381,pg_catalog,pg_statistic_ext,0,0,3,0,0,0,0,0,0
1788883646.231327,6106,pg_catalog,pg_publication_rel,0,0,0,0,0,0,0,0,0
1788883646.231327,1985372,public,trade,0,0,0,0,0,0,0,0,0
1788883646.231327,2605,pg_catalog,pg_cast,0,0,34,7,0,0,0,0,0
1788883646.231327,4171,pg_toast,pg_toast_1247,0,0,0,0,0,0,0,0,0
1788883646.231327,2830,pg_toast,pg_toast_2604,0,0,0,0,0,0,0,0,0
1788883646.231327,1985309,public,holding_summary,0,0,0,0,0,0,0,0,0
1788883646.231327,1985413,pg_toast,pg_toast_1985402,0,0,0,0,0,0,0,0,0
1788883646.231327,13479,information_schema,sql_implementation_info,0,0,,,0,0,0,0,0
1788883646.231327,1985341,pg_toast,pg_toast_1985335,0,0,0,0,0,0,0,0,0
1788883646.231327,6244,pg_toast,pg_toast_6243,0,0,0,0,0,0,0,0,0
1788883646.231327,1985315,public,watch_item,0,0,0,0,0,0,0,0,0
1788883646.231327,3430,pg_toast,pg_toast_3429,0,0,0,0,0,0,0,0,0
1788883646.231327,1985320,public,watch_list,0,0,0,0,0,0,0,0,0
1788883706.328112,1985536,pg_toast,pg_toast_1985517,0,0,0,0,0,0,0,0,0
1788883706.328112,3576,pg_catalog,pg_transform,0,0,0,0,0,0,0,0,0
1788883706.328112,2601,pg_catalog,pg_am,0,0,0,0,0,0,0,0,0
1788883706.328112,1985363,public,settlement,0,0,0,0,0,0,0,0,0
1788883706.328112,3394,pg_catalog,pg_init_privs,0,0,0,0,0,0,0,0,0
1788883706.328112,4167,pg_toast,pg_toast_3256,0,0,0,0,0,0,0,0,0
1788883706.328112,4151,pg_toast,pg_toast_1417,0,0,0,0,0,0,0,0,0
1788883706.328112,2834,pg_toast,pg_toast_2609,0,0,0,0,0,0,0,0,0
1788883706.328112,6000,pg_catalog,pg_replication_origin,0,0,0,0,0,0,0,0,0
1788883706.328112,2840,pg_toast,pg_toast_2619,0,0,0,0,0,0,0,0,0
1788883706.328112,1985486,public,last_trade,0,0,0,0,0,0,0,0,0
1788883706.328112,2328,pg_catalog,pg_foreign_data_wrapper,0,0,0,0,0,0,0,0,0
1788883706.328112,4157,pg_toast,pg_toast_2612,0,0,0,0,0,0,0,0,0
1788883706.328112,1260,pg_catalog,pg_authid,0,0,0,0,0,0,0,0,0
1788883706.328112,6102,pg_catalog,pg_subscription_rel,0,0,0,0,0,0,0,0,0
1788883706.328112,1214,pg_catalog,pg_shdepend,0,0,0,0,0,0,0,0,0
1788883706.328112,4163,pg_toast,pg_toast_2615,0,0,0,0,0,0,0,0,0
1788883706.328112,1985343,public,charge,0,0,0,0,0,0,0,0,0
1788883706.328112,1985440,public,daily_market,0,0,0,0,0,0,0,0,0
1788883706.328112,1985422,public,company,0,0,0,0,0,0,0,0,0
1788883706.328112,4169,pg_toast,pg_toast_3600,0,0,0,0,0,0,0,0,0
1788883706.328112,2615,pg_catalog,pg_namespace,1,4,5,2,0,0,0,0,0
1788883706.328112,2396,pg_catalog,pg_shdescription,0,0,0,0,0,0,0,0,0
1788883706.328112,3600,pg_catalog,pg_ts_dict,0,0,0,0,0,0,0,0,0
1788883706.328112,1985325,public,broker,0,0,0,0,0,0,0,0,0
1788883706.328112,3596,pg_catalog,pg_seclabel,0,0,0,0,0,0,0,0,0
1788883706.328112,1985460,public,financial,0,0,0,0,0,0,0,0,0
1788883706.328112,2609,pg_catalog,pg_description,0,0,0,0,0,0,0,0,0
1788883706.328112,1985351,public,commission_rate,0,0,0,0,0,0,0,0,0
1788883706.328112,13482,pg_toast,pg_toast_13479,0,0,0,0,0,0,0,0,0
1788883706.328112,1985396,public,trade_history,0,0,0,0,0,0,0,0,0
1788883706.328112,3603,pg_catalog,pg_ts_config_map,0,0,0,0,0,0,0,0,0
1788883706.328112,1213,pg_catalog,pg_tablespace,0,0,1,1,0,0,0,0,0
1788883706.328112,2608,pg_catalog,pg_depend,0,0,0,0,0,0,0,0,0
1788883706.328112,2964,pg_catalog,pg_db_role_setting,0,0,0,0,0,0,0,0,0
1788883706.328112,1985283,pg_toast,pg_toast_1985275,0,0,0,0,0,0,0,0,0
1788883706.328112,1418,pg_catalog,pg_user_mapping,0,0,0,0,0,0,0,0,0
1788883706.328112,2613,pg_catalog,pg_largeobject,0,0,0,0,0,0,0,0,0
1788883706.328112,6175,pg_toast,pg_toast_3456,0,0,0,0,0,0,0,0,0
1788883706.328112,1261,pg_catalog,pg_auth_members,0,0,0,0,0,0,0,0,0
1788883706.328112,1985335,public,cash_transaction,0,0,0,0,0,0,0,0,0
1788883706.328112,2617,pg_catalog,pg_operator,0,0,5,5,0,0,0,0,0
1788883706.328112,1985300,pg_toast,pg_toast_1985290,0,0,0,0,0,0,0,0,0
1788883706.328112,1985538,public,address,0,0,0,0,0,0,0,0,0
1788883706.328112,2610,pg_catalog,pg_index,1,221,11,14,0,0,0,0,0
1788883706.328112,1249,pg_catalog,pg_attribute,0,0,75,92,0,0,0,0,0
1788883706.328112,1985512,public,sector,0,0,0,0,0,0,0,0,0
1788883706.328112,1985415,public,trade_type,0,0,0,0,0,0,0,0,0
1788883706.328112,2600,pg_catalog,pg_aggregate,0,0,1,1,0,0,0,0,0
1788883706.328112,2966,pg_toast,pg_toast_2964,0,0,0,0,0,0,0,0,0
1788883706.328112,1985451,public,exchange,0,0,0,0,0,0,0,0,0
1788883706.328112,2618,pg_catalog,pg_rewrite,0,0,1,1,0,0,0,0,0
1788883706.328112,4177,pg_toast,pg_toast_1262,0,0,0,0,0,0,0,0,0
1788883706.328112,13484,information_schema,sql_parts,0,0,,,0,0,0,0,0
1788883706.328112,4159,pg_toast,pg_toast_2600,0,0,0,0,0,0,0,0,0
1788883706.328112,4147,pg_toast,pg_toast_3079,0,0,0,0,0,0,0,0,0
1788883706.328112,13474,information_schema,sql_features,0,0,,,0,0,0,0,0
1788883706.328112,1985394,pg_toast,pg_toast_1985372,0,0,0,0,0,0,0,0,0
1788883706.328112,1247,pg_catalog,pg_type,0,0,19,19,0,0,0,0,0
1788883706.328112,2602,pg_catalog,pg_amop,0,0,12,25,0,0,0,0,0
1788883706.328112,3439,pg_toast,pg_toast_3381,0,0,0,0,0,0,0,0,0
1788883706.328112,2846,pg_toast,pg_toast_2396,0,0,0,0,0,0,0,0,0
1788883706.328112,1985555,public,zip_code,0,0,0,0,0,0,0,0,0
1788883706.328112,1985478,pg_toast,pg_toast_1985460,0,0,0,0,0,0,0,0,0
1788883706.328112,4145,pg_toast,pg_toast_3466,0,0,0,0,0,0,0,0,0
1788883706.328112,3541,pg_catalog,pg_range,0,0,0,0,0,0,0,0,0
1788883706.328112,3602,pg_catalog,pg_ts_config,0,0,0,0,0,0,0,0,0
1788883706.328112,1985333,pg_toast,pg_toast_1985325,0,0,0,0,0,0,0,0,0
1788883706.328112,4183,pg_toast,pg_toast_6100,0,0,0,0,0,0,0,0,0
1788883706.328112,1985496,public,news_item,0,0,0,0,0,0,0,0,0
1788883706.328112,2224,pg_catalog,pg_sequence,0,0,0,0,0,0,0,0,0
1788883706.328112,2611,pg_catalog,pg_inherits,0,0,0,0,0,0,0,0,0
1788883706.328112,1417,pg_catalog,pg_foreign_server,0,0,0,0,0,0,0,0,0
1788883706.328112,1262,pg_catalog,pg_database,0,0,0,0,0,0,0,0,0
1788883706.328112,13492,pg_toast,pg_toast_13489,0,0,0,0,0,0,0,0,0
1788883706.328112,3501,pg_catalog,pg_enum,0,0,0,0,0,0,0,0,0
1788883706.328112,2607,pg_catalog,pg_conversion,0,0,0,0,0,0,0,0,0
1788883706.328112,1985449,pg_toast,pg_toast_1985440,0,0,0,0,0,0,0,0,0
1788883706.328112,826,pg_catalog,pg_default_acl,0,0,0,0,0,0,0,0,0
1788883706.328112,2604,pg_catalog,pg_attrdef,0,0,0,0,0,0,0,0,0
1788883706.328112,2336,pg_toast,pg_toast_2620,0,0,0,0,0,0,0,0,0
1788883706.328112,2603,pg_catalog,pg_amproc,0,0,5,11,0,0,0,0,0
1788883706.328112,2606,pg_catalog,pg_constraint,0,0,3,8,0,0,0,0,0
1788883706.328112,1255,pg_catalog,pg_proc,0,0,19,24,0,0,0,0,0
1788883706.328112,4173,pg_toast,pg_toast_1418,0,0,0,0,0,0,0,0,0
1788883706.328112,1985285,public,customer_taxrate,0,0,0,0,0,0,0,0,0
1788883706.328112,2620,pg_catalog,pg_trigger,0,0,0,0,0,0,0,0,0
1788883706.328112,1985256,public,account_permission,0,0,0,0,0,0,0,0,0
1788883706.328112,1985507,public,news_xref,0,0,0,0,0,0,0,0,0
1788883706.328112,1985480,public,industry,0,0,0,0,0,0,0,0,0
1788883706.328112,2612,pg_catalog,pg_language,0,0,0,0,0,0,0,0,0
1788883706.328112,4149,pg_toast,pg_toast_2328,0,0,0,0,0,0,0,0,0
1788883706.328112,6351,pg_toast,pg_toast_2610,0,0,0,0,0,0,0,0,0
1788883706.328112,13489,information_schema,sql_sizing,0,0,,,0,0,0,0,0
1788883706.328112,1985494,pg_toast,pg_toast_1985486,0,0,0,0,0,0,0,0,0
1788883706.328112,3598,pg_toast,pg_toast_3596,0,0,0,0,0,0,0,0,0
1788883706.328112,2836,pg_toast,pg_toast_1255,0,0,0,0,0,0,0,0,0
1788883706.328112,3456,pg_catalog,pg_collation,0,0,0,0,0,0,0,0,0
1788883706.328112,3079,pg_catalog,pg_extension,0,0,0,0,0,0,0,0,0
1788883706.328112,6100,pg_catalog,pg_subscription,0,0,0,0,0,0,0,0,0
1788883706.328112,2832,pg_toast,pg_toast_2606,0,0,0,0,0,0,0,0,0
1788883706.328112,3256,pg_catalog,pg_policy,0,0,0,0,0,0,0,0,0
1788883706.328112,1985302,public,holding_history,0,0,0,0,0,0,0,0,0
1788883706.328112,1985517,public,security,0,0,0,0,0,0,0,0,0
1788883706.328112,3466,pg_catalog,pg_event_trigger,0,0,0,0,0,0,0,0,0
1788883706.328112,3592,pg_catalog,pg_shseclabel,0,0,0,0,0,0,0,0,0
1788883706.328112,3764,pg_catalog,pg_ts_template,0,0,0,0,0,0,0,0,0
1788883706.328112,6237,pg_catalog,pg_publication_namespace,0,0,0,0,0,0,0,0,0
1788883706.328112,13487,pg_toast,pg_toast_13484,0,0,0,0,0,0,0,0,0
1788883706.328112,2995,pg_catalog,pg_largeobject_metadata,0,0,0,0,0,0,0,0,0
1788883706.328112,1985275,public,customer_account,0,0,0,0,0,0,0,0,0
1788883706.328112,4143,pg_toast,pg_toast_826,0,0,0,0,0,0,0,0,0
1788883706.328112,4185,pg_toast,pg_toast_1213,0,0,0,0,0,0,0,0,0
1788883706.328112,6243,pg_catalog,pg_parameter_acl,0,0,0,0,0,0,0,0,0
1788883706.328112,2616,pg_catalog,pg_opclass,0,0,8,134,0,0,0,0,0
1788883706.328112,1985290,public,holding,0,0,0,0,0,0,0,0,0
1788883706.328112,2838,pg_toast,pg_toast_2618,0,0,1,3,0,0,0,0,0
1788883706.328112,6228,pg_toast,pg_toast_6106,0,0,0,0,0,0,0,0,0
1788883706.328112,1985349,pg_toast,pg_toast_1985343,0,0,0,0,0,0,0,0,0
1788883706.328112,1985434,public,company_competitor,0,0,0,0,0,0,0,0,0
1788883706.328112,1985370,pg_toast,pg_toast_1985363,0,0,0,0,0,0,0,0,0
1788883706.328112,1985505,pg_toast,pg_toast_1985496,0,0,0,0,0,0,0,0,0
1788883706.328112,1985264,public,customer,0,0,0,0,0,0,0,0,0
1788883706.328112,3118,pg_catalog,pg_foreign_table,0,0,0,0,0,0,0,0,0
1788883706.328112,1259,pg_catalog,pg_class,1,523,12,12,0,0,0,0,0
1788883706.328112,3350,pg_catalog,pg_partitioned_table,0,0,0,0,0,0,0,0,0
1788883706.328112,4153,pg_toast,pg_toast_3118,0,0,0,0,0,0,0,0,0
1788883706.328112,4060,pg_toast,pg_toast_3592,0,0,0,0,0,0,0,0,0
1788883706.328112,1985543,public,status_type,0,0,0,0,0,0,0,0,0
1788883706.328112,4165,pg_toast,pg_toast_3350,0,0,0,0,0,0,0,0,0
1788883706.328112,1985402,public,trade_request,0,0,0,0,0,0,0,0,0
1788883706.328112,2753,pg_catalog,pg_opfamily,0,0,2,2,0,0,0,0,0
1788883706.328112,3601,pg_catalog,pg_ts_parser,0,0,0,0,0,0,0,0,0
1788883706.328112,6104,pg_catalog,pg_publication,0,0,0,0,0,0,0,0,0
1788883706.328112,13477,pg_toast,pg_toast_13474,0,0,0,0,0,0,0,0,0
1788883706.328112,3429,pg_catalog,pg_statistic_ext_data,0,0,0,0,0,0,0,0,0
1788883706.328112,2619,pg_catalog,pg_statistic,0,0,17,8,0,0,0,0,0
1788883706.328112,4155,pg_toast,pg_toast_3394,0,0,0,0,0,0,0,0,0
1788883706.328112,1985548,public,taxrate,0,0,0,0,0,0,0,0,0
1788883706.328112,3381,pg_catalog,pg_statistic_ext,0,0,3,0,0,0,0,0,0
1788883706.328112,6106,pg_catalog,pg_publication_rel,0,0,0,0,0,0,0,0,0
1788883706.328112,1985372,public,trade,0,0,0,0,0,0,0,0,0
1788883706.328112,2605,pg_catalog,pg_cast,0,0,34,7,0,0,0,0,0
1788883706.328112,4171,pg_toast,pg_toast_1247,0,0,0,0,0,0,0,0,0
1788883706.328112,2830,pg_toast,pg_toast_2604,0,0,0,0,0,0,0,0,0
1788883706.328112,1985309,public,holding_summary,0,0,0,0,0,0,0,0,0
1788883706.328112,1985413,pg_toast,pg_toast_1985402,0,0,0,0,0,0,0,0,0
1788883706.328112,13479,information_schema,sql_implementation_info,0,0,,,0,0,0,0,0
1788883706.328112,1985341,pg_toast,pg_toast_1985335,0,0,0,0,0,0,0,0,0
1788883706.328112,6244,pg_toast,pg_toast_6243,0,0,0,0,0,0,0,0,0
1788883706.328112,1985315,public,watch_item,0,0,0,0,0,0,0,0,0
1788883706.328112,3430,pg_toast,pg_toast_3429,0,0,0,0,0,0,0,0,0
1788883706.328112,1985320,public,watch_list,0,0,0,0,0,0,0,0,0
1788883766.423672,1985536,pg_toast,pg_toast_1985517,0,0,0,0,0,0,0,0,0
1788883766.423672,3576,pg_catalog,pg_transform,0,0,0,0,0,0,0,0,0
1788883766.423672,2601,pg_catalog,pg_am,0,0,0,0,0,0,0,0,0
1788883766.423672,1985363,public,settlement,0,0,0,0,0,0,0,0,0
1788883766.423672,3394,pg_catalog,pg_init_privs,0,0,0,0,0,0,0,0,0
1788883766.423672,4167,pg_toast,pg_toast_3256,0,0,0,0,0,0,0,0,0
1788883766.423672,4151,pg_toast,pg_toast_1417,0,0,0,0,0,0,0,0,0
1788883766.423672,2834,pg_toast,pg_toast_2609,0,0,0,0,0,0,0,0,0
1788883766.423672,6000,pg_catalog,pg_replication_origin,0,0,0,0,0,0,0,0,0
1788883766.423672,2840,pg_toast,pg_toast_2619,0,0,0,0,0,0,0,0,0
1788883766.423672,1985486,public,last_trade,0,0,0,0,0,0,0,0,0
1788883766.423672,2328,pg_catalog,pg_foreign_data_wrapper,0,0,0,0,0,0,0,0,0
1788883766.423672,4157,pg_toast,pg_toast_2612,0,0,0,0,0,0,0,0,0
1788883766.423672,1260,pg_catalog,pg_authid,0,0,0,0,0,0,0,0,0
1788883766.423672,6102,pg_catalog,pg_subscription_rel,0,0,0,0,0,0,0,0,0
1788883766.423672,1214,pg_catalog,pg_shdepend,0,0,0,0,0,0,0,0,0
1788883766.423672,4163,pg_toast,pg_toast_2615,0,0,0,0,0,0,0,0,0
1788883766.423672,1985343,public,charge,0,0,0,0,0,0,0,0,0
1788883766.423672,1985440,public,daily_market,0,0,0,0,0,0,0,0,0
1788883766.423672,1985422,public,company,0,0,0,0,0,0,0,0,0
1788883766.423672,4169,pg_toast,pg_toast_3600,0,0,0,0,0,0,0,0,0
1788883766.423672,2615,pg_catalog,pg_namespace,1,4,5,2,0,0,0,0,0
1788883766.423672,2396,pg_catalog,pg_shdescription,0,0,0,0,0,0,0,0,0
1788883766.423672,3600,pg_catalog,pg_ts_dict,0,0,0,0,0,0,0,0,0
1788883766.423672,1985325,public,broker,0,0,0,0,0,0,0,0,0
1788883766.423672,3596,pg_catalog,pg_seclabel,0,0,0,0,0,0,0,0,0
1788883766.423672,1985460,public,financial,0,0,0,0,0,0,0,0,0
1788883766.423672,2609,pg_catalog,pg_description,0,0,0,0,0,0,0,0,0
1788883766.423672,1985351,public,commission_rate,0,0,0,0,0,0,0,0,0
1788883766.423672,13482,pg_toast,pg_toast_13479,0,0,0,0,0,0,0,0,0
1788883766.423672,1985396,public,trade_history,0,0,0,0,0,0,0,0,0
1788883766.423672,3603,pg_catalog,pg_ts_config_map,0,0,0,0,0,0,0,0,0
1788883766.423672,1213,pg_catalog,pg_tablespace,0,0,1,1,0,0,0,0,0
1788883766.423672,2608,pg_catalog,pg_depend,0,0,0,0,0,0,0,0,0
1788883766.423672,2964,pg_catalog,pg_db_role_setting,0,0,0,0,0,0,0,0,0
1788883766.423672,1985283,pg_toast,pg_toast_1985275,0,0,0,0,0,0,0,0,0
1788883766.423672,1418,pg_catalog,pg_user_mapping,0,0,0,0,0,0,0,0,0
1788883766.423672,2613,pg_catalog,pg_largeobject,0,0,0,0,0,0,0,0,0
1788883766.423672,6175,pg_toast,pg_toast_3456,0,0,0,0,0,0,0,0,0
1788883766.423672,1261,pg_catalog,pg_auth_members,0,0,0,0,0,0,0,0,0
1788883766.423672,1985335,public,cash_transaction,0,0,0,0,0,0,0,0,0
1788883766.423672,2617,pg_catalog,pg_operator,0,0,5,5,0,0,0,0,0
1788883766.423672,1985300,pg_toast,pg_toast_1985290,0,0,0,0,0,0,0,0,0
1788883766.423672,1985538,public,address,0,0,0,0,0,0,0,0,0
1788883766.423672,2610,pg_catalog,pg_index,1,221,11,14,0,0,0,0,0
1788883766.423672,1249,pg_catalog,pg_attribute,0,0,75,92,0,0,0,0,0
1788883766.423672,1985512,public,sector,0,0,0,0,0,0,0,0,0
1788883766.423672,1985415,public,trade_type,0,0,0,0,0,0,0,0,0
1788883766.423672,2600,pg_catalog,pg_aggregate,0,0,1,1,0,0,0,0,0
1788883766.423672,2966,pg_toast,pg_toast_2964,0,0,0,0,0,0,0,0,0
1788883766.423672,1985451,public,exchange,0,0,0,0,0,0,0,0,0
1788883766.423672,2618,pg_catalog,pg_rewrite,0,0,1,1,0,0,0,0,0
1788883766.423672,4177,pg_toast,pg_toast_1262,0,0,0,0,0,0,0,0,0
1788883766.423672,13484,information_schema,sql_parts,0,0,,,0,0,0,0,0
1788883766.423672,4159,pg_toast,pg_toast_2600,0,0,0,0,0,0,0,0,0
1788883766.423672,4147,pg_toast,pg_toast_3079,0,0,0,0,0,0,0,0,0
1788883766.423672,13474,information_schema,sql_features,0,0,,,0,0,0,0,0
1788883766.423672,1985394,pg_toast,pg_toast_1985372,0,0,0,0,0,0,0,0,0
1788883766.423672,1247,pg_catalog,pg_type,0,0,19,19,0,0,0,0,0
1788883766.423672,2602,pg_catalog,pg_amop,0,0,12,25,0,0,0,0,0
1788883766.423672,3439,pg_toast,pg_toast_3381,0,0,0,0,0,0,0,0,0
1788883766.423672,2846,pg_toast,pg_toast_2396,0,0,0,0,0,0,0,0,0
1788883766.423672,1985555,public,zip_code,0,0,0,0,0,0,0,0,0
1788883766.423672,1985478,pg_toast,pg_toast_1985460,0,0,0,0,0,0,0,0,0
1788883766.423672,4145,pg_toast,pg_toast_3466,0,0,0,0,0,0,0,0,0
1788883766.423672,3541,pg_catalog,pg_range,0,0,0,0,0,0,0,0,0
1788883766.423672,3602,pg_catalog,pg_ts_config,0,0,0,0,0,0,0,0,0
1788883766.423672,1985333,pg_toast,pg_toast_1985325,0,0,0,0,0,0,0,0,0
1788883766.423672,4183,pg_toast,pg_toast_6100,0,0,0,0,0,0,0,0,0
1788883766.423672,1985496,public,news_item,0,0,0,0,0,0,0,0,0
1788883766.423672,2224,pg_catalog,pg_sequence,0,0,0,0,0,0,0,0,0
1788883766.423672,2611,pg_catalog,pg_inherits,0,0,0,0,0,0,0,0,0
1788883766.423672,1417,pg_catalog,pg_foreign_server,0,0,0,0,0,0,0,0,0
1788883766.423672,1262,pg_catalog,pg_database,0,0,0,0,0,0,0,0,0
1788883766.423672,13492,pg_toast,pg_toast_13489,0,0,0,0,0,0,0,0,0
1788883766.423672,3501,pg_catalog,pg_enum,0,0,0,0,0,0,0,0,0
1788883766.423672,2607,pg_catalog,pg_conversion,0,0,0,0,0,0,0,0,0
1788883766.423672,1985449,pg_toast,pg_toast_1985440,0,0,0,0,0,0,0,0,0
1788883766.423672,826,pg_catalog,pg_default_acl,0,0,0,0,0,0,0,0,0
1788883766.423672,2604,pg_catalog,pg_attrdef,0,0,0,0,0,0,0,0,0
1788883766.423672,2336,pg_toast,pg_toast_2620,0,0,0,0,0,0,0,0,0
1788883766.423672,2603,pg_catalog,pg_amproc,0,0,5,11,0,0,0,0,0
1788883766.423672,2606,pg_catalog,pg_constraint,0,0,3,8,0,0,0,0,0
1788883766.423672,1255,pg_catalog,pg_proc,0,0,19,24,0,0,0,0,0
1788883766.423672,4173,pg_toast,pg_toast_1418,0,0,0,0,0,0,0,0,0
1788883766.423672,1985285,public,customer_taxrate,0,0,0,0,0,0,0,0,0
1788883766.423672,2620,pg_catalog,pg_trigger,0,0,0,0,0,0,0,0,0
1788883766.423672,1985256,public,account_permission,0,0,0,0,0,0,0,0,0
1788883766.423672,1985507,public,news_xref,0,0,0,0,0,0,0,0,0
1788883766.423672,1985480,public,industry,0,0,0,0,0,0,0,0,0
1788883766.423672,2612,pg_catalog,pg_language,0,0,0,0,0,0,0,0,0
1788883766.423672,4149,pg_toast,pg_toast_2328,0,0,0,0,0,0,0,0,0
1788883766.423672,6351,pg_toast,pg_toast_2610,0,0,0,0,0,0,0,0,0
1788883766.423672,13489,information_schema,sql_sizing,0,0,,,0,0,0,0,0
1788883766.423672,1985494,pg_toast,pg_toast_1985486,0,0,0,0,0,0,0,0,0
1788883766.423672,3598,pg_toast,pg_toast_3596,0,0,0,0,0,0,0,0,0
1788883766.423672,2836,pg_toast,pg_toast_1255,0,0,0,0,0,0,0,0,0
1788883766.423672,3456,pg_catalog,pg_collation,0,0,0,0,0,0,0,0,0
1788883766.423672,3079,pg_catalog,pg_extension,0,0,0,0,0,0,0,0,0
1788883766.423672,6100,pg_catalog,pg_subscription,0,0,0,0,0,0,0,0,0
1788883766.423672,2832,pg_toast,pg_toast_2606,0,0,0,0,0,0,0,0,0
1788883766.423672,3256,pg_catalog,pg_policy,0,0,0,0,0,0,0,0,0
1788883766.423672,1985302,public,holding_history,0,0,0,0,0,0,0,0,0
1788883766.423672,1985517,public,security,0,0,0,0,0,0,0,0,0
1788883766.423672,3466,pg_catalog,pg_event_trigger,0,0,0,0,0,0,0,0,0
1788883766.423672,3592,pg_catalog,pg_shseclabel,0,0,0,0,0,0,0,0,0
1788883766.423672,3764,pg_catalog,pg_ts_template,0,0,0,0,0,0,0,0,0
1788883766.423672,6237,pg_catalog,pg_publication_namespace,0,0,0,0,0,0,0,0,0
1788883766.423672,13487,pg_toast,pg_toast_13484,0,0,0,0,0,0,0,0,0
1788883766.423672,2995,pg_catalog,pg_largeobject_metadata,0,0,0,0,0,0,0,0,0
1788883766.423672,1985275,public,customer_account,0,0,0,0,0,0,0,0,0
1788883766.423672,4143,pg_toast,pg_toast_826,0,0,0,0,0,0,0,0,0
1788883766.423672,4185,pg_toast,pg_toast_1213,0,0,0,0,0,0,0,0,0
1788883766.423672,6243,pg_catalog,pg_parameter_acl,0,0,0,0,0,0,0,0,0
1788883766.423672,2616,pg_catalog,pg_opclass,0,0,8,134,0,0,0,0,0
1788883766.423672,1985290,public,holding,0,0,0,0,0,0,0,0,0
1788883766.423672,2838,pg_toast,pg_toast_2618,0,0,1,3,0,0,0,0,0
1788883766.423672,6228,pg_toast,pg_toast_6106,0,0,0,0,0,0,0,0,0
1788883766.423672,1985349,pg_toast,pg_toast_1985343,0,0,0,0,0,0,0,0,0
1788883766.423672,1985434,public,company_competitor,0,0,0,0,0,0,0,0,0
1788883766.423672,1985370,pg_toast,pg_toast_1985363,0,0,0,0,0,0,0,0,0
1788883766.423672,1985505,pg_toast,pg_toast_1985496,0,0,0,0,0,0,0,0,0
1788883766.423672,1985264,public,customer,0,0,0,0,0,0,0,0,0
1788883766.423672,3118,pg_catalog,pg_foreign_table,0,0,0,0,0,0,0,0,0
1788883766.423672,1259,pg_catalog,pg_class,1,523,12,12,0,0,0,0,0
1788883766.423672,3350,pg_catalog,pg_partitioned_table,0,0,0,0,0,0,0,0,0
1788883766.423672,4153,pg_toast,pg_toast_3118,0,0,0,0,0,0,0,0,0
1788883766.423672,4060,pg_toast,pg_toast_3592,0,0,0,0,0,0,0,0,0
1788883766.423672,1985543,public,status_type,0,0,0,0,0,0,0,0,0
1788883766.423672,4165,pg_toast,pg_toast_3350,0,0,0,0,0,0,0,0,0
1788883766.423672,1985402,public,trade_request,0,0,0,0,0,0,0,0,0
1788883766.423672,2753,pg_catalog,pg_opfamily,0,0,2,2,0,0,0,0,0
1788883766.423672,3601,pg_catalog,pg_ts_parser,0,0,0,0,0,0,0,0,0
1788883766.423672,6104,pg_catalog,pg_publication,0,0,0,0,0,0,0,0,0
1788883766.423672,13477,pg_toast,pg_toast_13474,0,0,0,0,0,0,0,0,0
1788883766.423672,3429,pg_catalog,pg_statistic_ext_data,0,0,0,0,0,0,0,0,0
1788883766.423672,2619,pg_catalog,pg_statistic,0,0,17,8,0,0,0,0,0
1788883766.423672,4155,pg_toast,pg_toast_3394,0,0,0,0,0,0,0,0,0
1788883766.423672,1985548,public,taxrate,0,0,0,0,0,0,0,0,0
1788883766.423672,3381,pg_catalog,pg_statistic_ext,0,0,3,0,0,0,0,0,0
1788883766.423672,6106,pg_catalog,pg_publication_rel,0,0,0,0,0,0,0,0,0
1788883766.423672,1985372,public,trade,0,0,0,0,0,0,0,0,0
1788883766.423672,2605,pg_catalog,pg_cast,0,0,34,7,0,0,0,0,0
1788883766.423672,4171,pg_toast,pg_toast_1247,0,0,0,0,0,0,0,0,0
1788883766.423672,2830,pg_toast,pg_toast_2604,0,0,0,0,0,0,0,0,0
1788883766.423672,1985309,public,holding_summary,0,0,0,0,0,0,0,0,0
1788883766.423672,1985413,pg_toast,pg_toast_1985402,0,0,0,0,0,0,0,0,0
1788883766.423672,13479,information_schema,sql_implementation_info,0,0,,,0,0,0,0,0
1788883766.423672,1985341,pg_toast,pg_toast_1985335,0,0,0,0,0,0,0,0,0
1788883766.423672,6244,pg_toast,pg_toast_6243,0,0,0,0,0,0,0,0,0
1788883766.423672,1985315,public,watch_item,0,0,0,0,0,0,0,0,0
1788883766.423672,3430,pg_toast,pg_toast_3429,0,0,0,0,0,0,0,0,0
1788883766.423672,1985320,public,watch_list,0,0,0,0,0,0,0,0,0
1788883826.519064,1985536,pg_toast,pg_toast_1985517,0,0,0,0,0,0,0,0,0
1788883826.519064,3576,pg_catalog,pg_transform,0,0,0,0,0,0,0,0,0
1788883826.519064,2601,pg_catalog,pg_am,0,0,0,0,0,0,0,0,0
1788883826.519064,1985363,public,settlement,0,0,0,0,0,0,0,0,0
1788883826.519064,3394,pg_catalog,pg_init_privs,0,0,0,0,0,0,0,0,0
1788883826.519064,4167,pg_toast,pg_toast_3256,0,0,0,0,0,0,0,0,0
1788883826.519064,4151,pg_toast,pg_toast_1417,0,0,0,0,0,0,0,0,0
1788883826.519064,2834,pg_toast,pg_toast_2609,0,0,0,0,0,0,0,0,0
1788883826.519064,6000,pg_catalog,pg_replication_origin,0,0,0,0,0,0,0,0,0
1788883826.519064,2840,pg_toast,pg_toast_2619,0,0,0,0,0,0,0,0,0
1788883826.519064,1985486,public,last_trade,0,0,0,0,0,0,0,0,0
1788883826.519064,2328,pg_catalog,pg_foreign_data_wrapper,0,0,0,0,0,0,0,0,0
1788883826.519064,4157,pg_toast,pg_toast_2612,0,0,0,0,0,0,0,0,0
1788883826.519064,1260,pg_catalog,pg_authid,0,0,0,0,0,0,0,0,0
1788883826.519064,6102,pg_catalog,pg_subscription_rel,0,0,0,0,0,0,0,0,0
1788883826.519064,1214,pg_catalog,pg_shdepend,0,0,0,0,0,0,0,0,0
1788883826.519064,4163,pg_toast,pg_toast_2615,0,0,0,0,0,0,0,0,0
1788883826.519064,1985343,public,charge,0,0,0,0,0,0,0,0,0
1788883826.519064,1985440,public,daily_market,0,0,0,0,0,0,0,0,0
1788883826.519064,1985422,public,company,0,0,0,0,0,0,0,0,0
1788883826.519064,4169,pg_toast,pg_toast_3600,0,0,0,0,0,0,0,0,0
1788883826.519064,2615,pg_catalog,pg_namespace,1,4,5,2,0,0,0,0,0
1788883826.519064,2396,pg_catalog,pg_shdescription,0,0,0,0,0,0,0,0,0
1788883826.519064,3600,pg_catalog,pg_ts_dict,0,0,0,0,0,0,0,0,0
1788883826.519064,1985325,public,broker,0,0,0,0,0,0,0,0,0
1788883826.519064,3596,pg_catalog,pg_seclabel,0,0,0,0,0,0,0,0,0
1788883826.519064,1985460,public,financial,0,0,0,0,0,0,0,0,0
1788883826.519064,2609,pg_catalog,pg_description,0,0,0,0,0,0,0,0,0
1788883826.519064,1985351,public,commission_rate,0,0,0,0,0,0,0,0,0
1788883826.519064,13482,pg_toast,pg_toast_13479,0,0,0,0,0,0,0,0,0
1788883826.519064,1985396,public,trade_history,0,0,0,0,0,0,0,0,0
1788883826.519064,3603,pg_catalog,pg_ts_config_map,0,0,0,0,0,0,0,0,0
1788883826.519064,1213,pg_catalog,pg_tablespace,0,0,1,1,0,0,0,0,0
1788883826.519064,2608,pg_catalog,pg_depend,0,0,0,0,0,0,0,0,0
1788883826.519064,2964,pg_catalog,pg_db_role_setting,0,0,0,0,0,0,0,0,0
1788883826.519064,1985283,pg_toast,pg_toast_1985275,0,0,0,0,0,0,0,0,0
1788883826.519064,1418,pg_catalog,pg_user_mapping,0,0,0,0,0,0,0,0,0
1788883826.519064,2613,pg_catalog,pg_largeobject,0,0,0,0,0,0,0,0,0
1788883826.519064,6175,pg_toast,pg_toast_3456,0,0,0,0,0,0,0,0,0
1788883826.519064,1261,pg_catalog,pg_auth_members,0,0,0,0,0,0,0,0,0
1788883826.519064,1985335,public,cash_transaction,0,0,0,0,0,0,0,0,0
1788883826.519064,2617,pg_catalog,pg_operator,0,0,5,5,0,0,0,0,0
1788883826.519064,1985300,pg_toast,pg_toast_1985290,0,0,0,0,0,0,0,0,0
1788883826.519064,1985538,public,address,0,0,0,0,0,0,0,0,0
1788883826.519064,2610,pg_catalog,pg_index,1,221,11,14,0,0,0,0,0
1788883826.519064,1249,pg_catalog,pg_attribute,0,0,75,92,0,0,0,0,0
1788883826.519064,1985512,public,sector,0,0,0,0,0,0,0,0,0
1788883826.519064,1985415,public,trade_type,0,0,0,0,0,0,0,0,0
1788883826.519064,2600,pg_catalog,pg_aggregate,0,0,1,1,0,0,0,0,0
1788883826.519064,2966,pg_toast,pg_toast_2964,0,0,0,0,0,0,0,0,0
1788883826.519064,1985451,public,exchange,0,0,0,0,0,0,0,0,0
1788883826.519064,2618,pg_catalog,pg_rewrite,0,0,1,1,0,0,0,0,0
1788883826.519064,4177,pg_toast,pg_toast_1262,0,0,0,0,0,0,0,0,0
1788883826.519064,13484,information_schema,sql_parts,0,0,,,0,0,0,0,0
1788883826.519064,4159,pg_toast,pg_toast_2600,0,0,0,0,0,0,0,0,0
1788883826.519064,4147,pg_toast,pg_toast_3079,0,0,0,0,0,0,0,0,0
1788883826.519064,13474,information_schema,sql_features,0,0,,,0,0,0,0,0
1788883826.519064,1985394,pg_toast,pg_toast_1985372,0,0,0,0,0,0,0,0,0
1788883826.519064,1247,pg_catalog,pg_type,0,0,19,19,0,0,0,0,0
1788883826.519064,2602,pg_catalog,pg_amop,0,0,12,25,0,0,0,0,0
1788883826.519064,3439,pg_toast,pg_toast_3381,0,0,0,0,0,0,0,0,0
1788883826.519064,2846,pg_toast,pg_toast_2396,0,0,0,0,0,0,0,0,0
1788883826.519064,1985555,public,zip_code,0,0,0,0,0,0,0,0,0
1788883826.519064,1985478,pg_toast,pg_toast_1985460,0,0,0,0,0,0,0,0,0
1788883826.519064,4145,pg_toast,pg_toast_3466,0,0,0,0,0,0,0,0,0
1788883826.519064,3541,pg_catalog,pg_range,0,0,0,0,0,0,0,0,0
1788883826.519064,3602,pg_catalog,pg_ts_config,0,0,0,0,0,0,0,0,0
1788883826.519064,1985333,pg_toast,pg_toast_1985325,0,0,0,0,0,0,0,0,0
1788883826.519064,4183,pg_toast,pg_toast_6100,0,0,0,0,0,0,0,0,0
1788883826.519064,1985496,public,news_item,0,0,0,0,0,0,0,0,0
1788883826.519064,2224,pg_catalog,pg_sequence,0,0,0,0,0,0,0,0,0
1788883826.519064,2611,pg_catalog,pg_inherits,0,0,0,0,0,0,0,0,0
1788883826.519064,1417,pg_catalog,pg_foreign_server,0,0,0,0,0,0,0,0,0
1788883826.519064,1262,pg_catalog,pg_database,0,0,0,0,0,0,0,0,0
1788883826.519064,13492,pg_toast,pg_toast_13489,0,0,0,0,0,0,0,0,0
1788883826.519064,3501,pg_catalog,pg_enum,0,0,0,0,0,0,0,0,0
1788883826.519064,2607,pg_catalog,pg_conversion,0,0,0,0,0,0,0,0,0
1788883826.519064,1985449,pg_toast,pg_toast_1985440,0,0,0,0,0,0,0,0,0
1788883826.519064,826,pg_catalog,pg_default_acl,0,0,0,0,0,0,0,0,0
1788883826.519064,2604,pg_catalog,pg_attrdef,0,0,0,0,0,0,0,0,0
1788883826.519064,2336,pg_toast,pg_toast_2620,0,0,0,0,0,0,0,0,0
1788883826.519064,2603,pg_catalog,pg_amproc,0,0,5,11,0,0,0,0,0
1788883826.519064,2606,pg_catalog,pg_constraint,0,0,3,8,0,0,0,0,0
1788883826.519064,1255,pg_catalog,pg_proc,0,0,19,24,0,0,0,0,0
1788883826.519064,4173,pg_toast,pg_toast_1418,0,0,0,0,0,0,0,0,0
1788883826.519064,1985285,public,customer_taxrate,0,0,0,0,0,0,0,0,0
1788883826.519064,2620,pg_catalog,pg_trigger,0,0,0,0,0,0,0,0,0
1788883826.519064,1985256,public,account_permission,0,0,0,0,0,0,0,0,0
1788883826.519064,1985507,public,news_xref,0,0,0,0,0,0,0,0,0
1788883826.519064,1985480,public,industry,0,0,0,0,0,0,0,0,0
1788883826.519064,2612,pg_catalog,pg_language,0,0,0,0,0,0,0,0,0
1788883826.519064,4149,pg_toast,pg_toast_2328,0,0,0,0,0,0,0,0,0
1788883826.519064,6351,pg_toast,pg_toast_2610,0,0,0,0,0,0,0,0,0
1788883826.519064,13489,information_schema,sql_sizing,0,0,,,0,0,0,0,0
1788883826.519064,1985494,pg_toast,pg_toast_1985486,0,0,0,0,0,0,0,0,0
1788883826.519064,3598,pg_toast,pg_toast_3596,0,0,0,0,0,0,0,0,0
1788883826.519064,2836,pg_toast,pg_toast_1255,0,0,0,0,0,0,0,0,0
1788883826.519064,3456,pg_catalog,pg_collation,0,0,0,0,0,0,0,0,0
1788883826.519064,3079,pg_catalog,pg_extension,0,0,0,0,0,0,0,0,0
1788883826.519064,6100,pg_catalog,pg_subscription,0,0,0,0,0,0,0,0,0
1788883826.519064,2832,pg_toast,pg_toast_2606,0,0,0,0,0,0,0,0,0
1788883826.519064,3256,pg_catalog,pg_policy,0,0,0,0,0,0,0,0,0
1788883826.519064,1985302,public,holding_history,0,0,0,0,0,0,0,0,0
1788883826.519064,1985517,public,security,0,0,0,0,0,0,0,0,0
1788883826.519064,3466,pg_catalog,pg_event_trigger,0,0,0,0,0,0,0,0,0
1788883826.519064,3592,pg_catalog,pg_shseclabel,0,0,0,0,0,0,0,0,0
1788883826.519064,3764,pg_catalog,pg_ts_template,0,0,0,0,0,0,0,0,0
1788883826.519064,6237,pg_catalog,pg_publication_namespace,0,0,0,0,0,0,0,0,0
1788883826.519064,13487,pg_toast,pg_toast_13484,0,0,0,0,0,0,0,0,0
1788883826.519064,2995,pg_catalog,pg_largeobject_metadata,0,0,0,0,0,0,0,0,0
1788883826.519064,1985275,public,customer_account,0,0,0,0,0,0,0,0,0
1788883826.519064,4143,pg_toast,pg_toast_826,0,0,0,0,0,0,0,0,0
1788883826.519064,4185,pg_toast,pg_toast_1213,0,0,0,0,0,0,0,0,0
1788883826.519064,6243,pg_catalog,pg_parameter_acl,0,0,0,0,0,0,0,0,0
1788883826.519064,2616,pg_catalog,pg_opclass,0,0,8,134,0,0,0,0,0
1788883826.519064,1985290,public,holding,0,0,0,0,0,0,0,0,0
1788883826.519064,2838,pg_toast,pg_toast_2618,0,0,1,3,0,0,0,0,0
1788883826.519064,6228,pg_toast,pg_toast_6106,0,0,0,0,0,0,0,0,0
1788883826.519064,1985349,pg_toast,pg_toast_1985343,0,0,0,0,0,0,0,0,0
1788883826.519064,1985434,public,company_competitor,0,0,0,0,0,0,0,0,0
1788883826.519064,1985370,pg_toast,pg_toast_1985363,0,0,0,0,0,0,0,0,0
1788883826.519064,1985505,pg_toast,pg_toast_1985496,0,0,0,0,0,0,0,0,0
1788883826.519064,1985264,public,customer,0,0,0,0,0,0,0,0,0
1788883826.519064,3118,pg_catalog,pg_foreign_table,0,0,0,0,0,0,0,0,0
1788883826.519064,1259,pg_catalog,pg_class,1,523,12,12,0,0,0,0,0
1788883826.519064,3350,pg_catalog,pg_partitioned_table,0,0,0,0,0,0,0,0,0
1788883826.519064,4153,pg_toast,pg_toast_3118,0,0,0,0,0,0,0,0,0
1788883826.519064,4060,pg_toast,pg_toast_3592,0,0,0,0,0,0,0,0,0
1788883826.519064,1985543,public,status_type,0,0,0,0,0,0,0,0,0
1788883826.519064,4165,pg_toast,pg_toast_3350,0,0,0,0,0,0,0,0,0
1788883826.519064,1985402,public,trade_request,0,0,0,0,0,0,0,0,0
1788883826.519064,2753,pg_catalog,pg_opfamily,0,0,2,2,0,0,0,0,0
1788883826.519064,3601,pg_catalog,pg_ts_parser,0,0,0,0,0,0,0,0,0
1788883826.519064,6104,pg_catalog,pg_publication,0,0,0,0,0,0,0,0,0
1788883826.519064,13477,pg_toast,pg_toast_13474,0,0,0,0,0,0,0,0,0
1788883826.519064,3429,pg_catalog,pg_statistic_ext_data,0,0,0,0,0,0,0,0,0
1788883826.519064,2619,pg_catalog,pg_statistic,0,0,17,8,0,0,0,0,0
1788883826.519064,4155,pg_toast,pg_toast_3394,0,0,0,0,0,0,0,0,0
1788883826.519064,1985548,public,taxrate,0,0,0,0,0,0,0,0,0
1788883826.519064,3381,pg_catalog,pg_statistic_ext,0,0,3,0,0,0,0,0,0
1788883826.519064,6106,pg_catalog,pg_publication_rel,0,0,0,0,0,0,0,0,0
1788883826.519064,1985372,public,trade,0,0,0,0,0,0,0,0,0
1788883826.519064,2605,pg_catalog,pg_cast,0,0,34,7,0,0,0,0,0
1788883826.519064,4171,pg_toast,pg_toast_1247,0,0,0,0,0,0,0,0,0
1788883826.519064,2830,pg_toast,pg_toast_2604,0,0,0,0,0,0,0,0,0
1788883826.519064,1985309,public,holding_summary,0,0,0,0,0,0,0,0,0
1788883826.519064,1985413,pg_toast,pg_toast_1985402,0,0,0,0,0,0,0,0,0
1788883826.519064,13479,information_schema,sql_implementation_info,0,0,,,0,0,0,0,0
1788883826.519064,1985341,pg_toast,pg_toast_1985335,0,0,0,0,0,0,0,0,0
1788883826.519064,6244,pg_toast,pg_toast_6243,0,0,0,0,0,0,0,0,0
1788883826.519064,1985315,public,watch_item,0,0,0,0,0,0,0,0,0
1788883826.519064,3430,pg_toast,pg_toast_3429,0,0,0,0,0,0,0,0,0
1788883826.519064,1985320,public,watch_list,0,0,0,0,0,0,0,0,0
1788883886.591491,1985536,pg_toast,pg_toast_1985517,0,0,0,0,0,0,0,0,0
1788883886.591491,3576,pg_catalog,pg_transform,0,0,0,0,0,0,0,0,0
1788883886.591491,2601,pg_catalog,pg_am,0,0,0,0,0,0,0,0,0
1788883886.591491,1985363,public,settlement,0,0,0,0,0,0,0,0,0
1788883886.591491,3394,pg_catalog,pg_init_privs,0,0,0,0,0,0,0,0,0
1788883886.591491,4167,pg_toast,pg_toast_3256,0,0,0,0,0,0,0,0,0
1788883886.591491,4151,pg_toast,pg_toast_1417,0,0,0,0,0,0,0,0,0
1788883886.591491,2834,pg_toast,pg_toast_2609,0,0,0,0,0,0,0,0,0
1788883886.591491,6000,pg_catalog,pg_replication_origin,0,0,0,0,0,0,0,0,0
1788883886.591491,2840,pg_toast,pg_toast_2619,0,0,0,0,0,0,0,0,0
1788883886.591491,1985486,public,last_trade,0,0,0,0,0,0,0,0,0
1788883886.591491,2328,pg_catalog,pg_foreign_data_wrapper,0,0,0,0,0,0,0,0,0
1788883886.591491,4157,pg_toast,pg_toast_2612,0,0,0,0,0,0,0,0,0
1788883886.591491,1260,pg_catalog,pg_authid,0,0,0,0,0,0,0,0,0
1788883886.591491,6102,pg_catalog,pg_subscription_rel,0,0,0,0,0,0,0,0,0
1788883886.591491,1214,pg_catalog,pg_shdepend,0,0,0,0,0,0,0,0,0
1788883886.591491,4163,pg_toast,pg_toast_2615,0,0,0,0,0,0,0,0,0
1788883886.591491,1985343,public,charge,0,0,0,0,0,0,0,0,0
1788883886.591491,1985440,public,daily_market,0,0,0,0,0,0,0,0,0
1788883886.591491,1985422,public,company,0,0,0,0,0,0,0,0,0
1788883886.591491,4169,pg_toast,pg_toast_3600,0,0,0,0,0,0,0,0,0
1788883886.591491,2615,pg_catalog,pg_namespace,1,4,5,2,0,0,0,0,0
1788883886.591491,2396,pg_catalog,pg_shdescription,0,0,0,0,0,0,0,0,0
1788883886.591491,3600,pg_catalog,pg_ts_dict,0,0,0,0,0,0,0,0,0
1788883886.591491,1985325,public,broker,0,0,0,0,0,0,0,0,0
1788883886.591491,3596,pg_catalog,pg_seclabel,0,0,0,0,0,0,0,0,0
1788883886.591491,1985460,public,financial,0,0,0,0,0,0,0,0,0
1788883886.591491,2609,pg_catalog,pg_description,0,0,0,0,0,0,0,0,0
1788883886.591491,1985351,public,commission_rate,0,0,0,0,0,0,0,0,0
1788883886.591491,13482,pg_toast,pg_toast_13479,0,0,0,0,0,0,0,0,0
1788883886.591491,1985396,public,trade_history,0,0,0,0,0,0,0,0,0
1788883886.591491,3603,pg_catalog,pg_ts_config_map,0,0,0,0,0,0,0,0,0
1788883886.591491,1213,pg_catalog,pg_tablespace,0,0,1,1,0,0,0,0,0
1788883886.591491,2608,pg_catalog,pg_depend,0,0,0,0,0,0,0,0,0
1788883886.591491,2964,pg_catalog,pg_db_role_setting,0,0,0,0,0,0,0,0,0
1788883886.591491,1985283,pg_toast,pg_toast_1985275,0,0,0,0,0,0,0,0,0
1788883886.591491,1418,pg_catalog,pg_user_mapping,0,0,0,0,0,0,0,0,0
1788883886.591491,2613,pg_catalog,pg_largeobject,0,0,0,0,0,0,0,0,0
1788883886.591491,6175,pg_toast,pg_toast_3456,0,0,0,0,0,0,0,0,0
1788883886.591491,1261,pg_catalog,pg_auth_members,0,0,0,0,0,0,0,0,0
1788883886.591491,1985335,public,cash_transaction,0,0,0,0,0,0,0,0,0
1788883886.591491,2617,pg_catalog,pg_operator,0,0,5,5,0,0,0,0,0
1788883886.591491,1985300,pg_toast,pg_toast_1985290,0,0,0,0,0,0,0,0,0
1788883886.591491,1985538,public,address,0,0,0,0,0,0,0,0,0
1788883886.591491,2610,pg_catalog,pg_index,1,221,11,14,0,0,0,0,0
1788883886.591491,1249,pg_catalog,pg_attribute,0,0,75,92,0,0,0,0,0
1788883886.591491,1985512,public,sector,0,0,0,0,0,0,0,0,0
1788883886.591491,1985415,public,trade_type,0,0,0,0,0,0,0,0,0
1788883886.591491,2600,pg_catalog,pg_aggregate,0,0,1,1,0,0,0,0,0
1788883886.591491,2966,pg_toast,pg_toast_2964,0,0,0,0,0,0,0,0,0
1788883886.591491,1985451,public,exchange,0,0,0,0,0,0,0,0,0
1788883886.591491,2618,pg_catalog,pg_rewrite,0,0,1,1,0,0,0,0,0
1788883886.591491,4177,pg_toast,pg_toast_1262,0,0,0,0,0,0,0,0,0
1788883886.591491,13484,information_schema,sql_parts,0,0,,,0,0,0,0,0
1788883886.591491,4159,pg_toast,pg_toast_2600,0,0,0,0,0,0,0,0,0
1788883886.591491,4147,pg_toast,pg_toast_3079,0,0,0,0,0,0,0,0,0
1788883886.591491,13474,information_schema,sql_features,0,0,,,0,0,0,0,0
1788883886.591491,1985394,pg_toast,pg_toast_1985372,0,0,0,0,0,0,0,0,0
1788883886.591491,1247,pg_catalog,pg_type,0,0,19,19,0,0,0,0,0
1788883886.591491,2602,pg_catalog,pg_amop,0,0,12,25,0,0,0,0,0
1788883886.591491,3439,pg_toast,pg_toast_3381,0,0,0,0,0,0,0,0,0
1788883886.591491,2846,pg_toast,pg_toast_2396,0,0,0,0,0,0,0,0,0
1788883886.591491,1985555,public,zip_code,0,0,0,0,0,0,0,0,0
1788883886.591491,1985478,pg_toast,pg_toast_1985460,0,0,0,0,0,0,0,0,0
1788883886.591491,4145,pg_toast,pg_toast_3466,0,0,0,0,0,0,0,0,0
1788883886.591491,3541,pg_catalog,pg_range,0,0,0,0,0,0,0,0,0
1788883886.591491,3602,pg_catalog,pg_ts_config,0,0,0,0,0,0,0,0,0
1788883886.591491,1985333,pg_toast,pg_toast_1985325,0,0,0,0,0,0,0,0,0
1788883886.591491,4183,pg_toast,pg_toast_6100,0,0,0,0,0,0,0,0,0
1788883886.591491,1985496,public,news_item,0,0,0,0,0,0,0,0,0
1788883886.591491,2224,pg_catalog,pg_sequence,0,0,0,0,0,0,0,0,0
1788883886.591491,2611,pg_catalog,pg_inherits,0,0,0,0,0,0,0,0,0
1788883886.591491,1417,pg_catalog,pg_foreign_server,0,0,0,0,0,0,0,0,0
1788883886.591491,1262,pg_catalog,pg_database,0,0,0,0,0,0,0,0,0
1788883886.591491,13492,pg_toast,pg_toast_13489,0,0,0,0,0,0,0,0,0
1788883886.591491,3501,pg_catalog,pg_enum,0,0,0,0,0,0,0,0,0
1788883886.591491,2607,pg_catalog,pg_conversion,0,0,0,0,0,0,0,0,0
1788883886.591491,1985449,pg_toast,pg_toast_1985440,0,0,0,0,0,0,0,0,0
1788883886.591491,826,pg_catalog,pg_default_acl,0,0,0,0,0,0,0,0,0
1788883886.591491,2604,pg_catalog,pg_attrdef,0,0,0,0,0,0,0,0,0
1788883886.591491,2336,pg_toast,pg_toast_2620,0,0,0,0,0,0,0,0,0
1788883886.591491,2603,pg_catalog,pg_amproc,0,0,5,11,0,0,0,0,0
1788883886.591491,2606,pg_catalog,pg_constraint,0,0,3,8,0,0,0,0,0
1788883886.591491,1255,pg_catalog,pg_proc,0,0,19,24,0,0,0,0,0
1788883886.591491,4173,pg_toast,pg_toast_1418,0,0,0,0,0,0,0,0,0
1788883886.591491,1985285,public,customer_taxrate,0,0,0,0,0,0,0,0,0
1788883886.591491,2620,pg_catalog,pg_trigger,0,0,0,0,0,0,0,0,0
1788883886.591491,1985256,public,account_permission,0,0,0,0,0,0,0,0,0
1788883886.591491,1985507,public,news_xref,0,0,0,0,0,0,0,0,0
1788883886.591491,1985480,public,industry,0,0,0,0,0,0,0,0,0
1788883886.591491,2612,pg_catalog,pg_language,0,0,0,0,0,0,0,0,0
1788883886.591491,4149,pg_toast,pg_toast_2328,0,0,0,0,0,0,0,0,0
1788883886.591491,6351,pg_toast,pg_toast_2610,0,0,0,0,0,0,0,0,0
1788883886.591491,13489,information_schema,sql_sizing,0,0,,,0,0,0,0,0
1788883886.591491,1985494,pg_toast,pg_toast_1985486,0,0,0,0,0,0,0,0,0
1788883886.591491,3598,pg_toast,pg_toast_3596,0,0,0,0,0,0,0,0,0
1788883886.591491,2836,pg_toast,pg_toast_1255,0,0,0,0,0,0,0,0,0
1788883886.591491,3456,pg_catalog,pg_collation,0,0,0,0,0,0,0,0,0
1788883886.591491,3079,pg_catalog,pg_extension,0,0,0,0,0,0,0,0,0
1788883886.591491,6100,pg_catalog,pg_subscription,0,0,0,0,0,0,0,0,0
1788883886.591491,2832,pg_toast,pg_toast_2606,0,0,0,0,0,0,0,0,0
1788883886.591491,3256,pg_catalog,pg_policy,0,0,0,0,0,0,0,0,0
1788883886.591491,1985302,public,holding_history,0,0,0,0,0,0,0,0,0
1788883886.591491,1985517,public,security,0,0,0,0,0,0,0,0,0
1788883886.591491,3466,pg_catalog,pg_event_trigger,0,0,0,0,0,0,0,0,0
1788883886.591491,3592,pg_catalog,pg_shseclabel,0,0,0,0,0,0,0,0,0
1788883886.591491,3764,pg_catalog,pg_ts_template,0,0,0,0,0,0,0,0,0
1788883886.591491,6237,pg_catalog,pg_publication_namespace,0,0,0,0,0,0,0,0,0
1788883886.591491,13487,pg_toast,pg_toast_13484,0,0,0,0,0,0,0,0,0
1788883886.591491,2995,pg_catalog,pg_largeobject_metadata,0,0,0,0,0,0,0,0,0
1788883886.591491,1985275,public,customer_account,0,0,0,0,0,0,0,0,0
1788883886.591491,4143,pg_toast,pg_toast_826,0,0,0,0,0,0,0,0,0
1788883886.591491,4185,pg_toast,pg_toast_1213,0,0,0,0,0,0,0,0,0
1788883886.591491,6243,pg_catalog,pg_parameter_acl,0,0,0,0,0,0,0,0,0
1788883886.591491,2616,pg_catalog,pg_opclass,0,0,8,134,0,0,0,0,0
1788883886.591491,1985290,public,holding,0,0,0,0,0,0,0,0,0
1788883886.591491,2838,pg_toast,pg_toast_2618,0,0,1,3,0,0,0,0,0
1788883886.591491,6228,pg_toast,pg_toast_6106,0,0,0,0,0,0,0,0,0
1788883886.591491,1985349,pg_toast,pg_toast_1985343,0,0,0,0,0,0,0,0,0
1788883886.591491,1985434,public,company_competitor,0,0,0,0,0,0,0,0,0
1788883886.591491,1985370,pg_toast,pg_toast_1985363,0,0,0,0,0,0,0,0,0
1788883886.591491,1985505,pg_toast,pg_toast_1985496,0,0,0,0,0,0,0,0,0
1788883886.591491,1985264,public,customer,0,0,0,0,0,0,0,0,0
1788883886.591491,3118,pg_catalog,pg_foreign_table,0,0,0,0,0,0,0,0,0
1788883886.591491,1259,pg_catalog,pg_class,1,523,12,12,0,0,0,0,0
1788883886.591491,3350,pg_catalog,pg_partitioned_table,0,0,0,0,0,0,0,0,0
1788883886.591491,4153,pg_toast,pg_toast_3118,0,0,0,0,0,0,0,0,0
1788883886.591491,4060,pg_toast,pg_toast_3592,0,0,0,0,0,0,0,0,0
1788883886.591491,1985543,public,status_type,0,0,0,0,0,0,0,0,0
1788883886.591491,4165,pg_toast,pg_toast_3350,0,0,0,0,0,0,0,0,0
1788883886.591491,1985402,public,trade_request,0,0,0,0,0,0,0,0,0
1788883886.591491,2753,pg_catalog,pg_opfamily,0,0,2,2,0,0,0,0,0
1788883886.591491,3601,pg_catalog,pg_ts_parser,0,0,0,0,0,0,0,0,0
1788883886.591491,6104,pg_catalog,pg_publication,0,0,0,0,0,0,0,0,0
1788883886.591491,13477,pg_toast,pg_toast_13474,0,0,0,0,0,0,0,0,0
1788883886.591491,3429,pg_catalog,pg_statistic_ext_data,0,0,0,0,0,0,0,0,0
1788883886.591491,2619,pg_catalog,pg_statistic,0,0,17,8,0,0,0,0,0
1788883886.591491,4155,pg_toast,pg_toast_3394,0,0,0,0,0,0,0,0,0
1788883886.591491,1985548,public,taxrate,0,0,0,0,0,0,0,0,0
1788883886.591491,3381,pg_catalog,pg_statistic_ext,0,0,3,0,0,0,0,0,0
1788883886.591491,6106,pg_catalog,pg_publication_rel,0,0,0,0,0,0,0,0,0
1788883886.591491,1985372,public,trade,0,0,0,0,0,0,0,0,0
1788883886.591491,2605,pg_catalog,pg_cast,0,0,34,7,0,0,0,0,0
1788883886.591491,4171,pg_toast,pg_toast_1247,0,0,0,0,0,0,0,0,0
1788883886.591491,2830,pg_toast,pg_toast_2604,0,0,0,0,0,0,0,0,0
1788883886.591491,1985309,public,holding_summary,0,0,0,0,0,0,0,0,0
1788883886.591491,1985413,pg_toast,pg_toast_1985402,0,0,0,0,0,0,0,0,0
1788883886.591491,13479,information_schema,sql_implementation_info,0,0,,,0,0,0,0,0
1788883886.591491,1985341,pg_toast,pg_toast_1985335,0,0,0,0,0,0,0,0,0
1788883886.591491,6244,pg_toast,pg_toast_6243,0,0,0,0,0,0,0,0,0
1788883886.591491,1985315,public,watch_item,0,0,0,0,0,0,0,0,0
1788883886.591491,3430,pg_toast,pg_toast_3429,0,0,0,0,0,0,0,0,0
1788883886.591491,1985320,public,watch_list,0,0,0,0,0,0,0,0,0
1788883946.716695,1985536,pg_toast,pg_toast_1985517,0,0,0,0,0,0,0,0,0
1788883946.716695,3576,pg_catalog,pg_transform,0,0,0,0,0,0,0,0,0
1788883946.716695,2601,pg_catalog,pg_am,0,0,0,0,0,0,0,0,0
1788883946.716695,1985363,public,settlement,0,0,0,0,0,0,0,0,0
1788883946.716695,3394,pg_catalog,pg_init_privs,0,0,0,0,0,0,0,0,0
1788883946.716695,4167,pg_toast,pg_toast_3256,0,0,0,0,0,0,0,0,0
1788883946.716695,4151,pg_toast,pg_toast_1417,0,0,0,0,0,0,0,0,0
1788883946.716695,2834,pg_toast,pg_toast_2609,0,0,0,0,0,0,0,0,0
1788883946.716695,6000,pg_catalog,pg_replication_origin,0,0,0,0,0,0,0,0,0
1788883946.716695,2840,pg_toast,pg_toast_2619,0,0,0,0,0,0,0,0,0
1788883946.716695,1985486,public,last_trade,0,0,0,0,0,0,0,0,0
1788883946.716695,2328,pg_catalog,pg_foreign_data_wrapper,0,0,0,0,0,0,0,0,0
1788883946.716695,4157,pg_toast,pg_toast_2612,0,0,0,0,0,0,0,0,0
1788883946.716695,1260,pg_catalog,pg_authid,0,0,0,0,0,0,0,0,0
1788883946.716695,6102,pg_catalog,pg_subscription_rel,0,0,0,0,0,0,0,0,0
1788883946.716695,1214,pg_catalog,pg_shdepend,0,0,0,0,0,0,0,0,0
1788883946.716695,4163,pg_toast,pg_toast_2615,0,0,0,0,0,0,0,0,0
1788883946.716695,1985343,public,charge,0,0,0,0,0,0,0,0,0
1788883946.716695,1985440,public,daily_market,0,0,0,0,0,0,0,0,0
1788883946.716695,1985422,public,company,0,0,0,0,0,0,0,0,0
1788883946.716695,4169,pg_toast,pg_toast_3600,0,0,0,0,0,0,0,0,0
1788883946.716695,2615,pg_catalog,pg_namespace,1,4,5,2,0,0,0,0,0
1788883946.716695,2396,pg_catalog,pg_shdescription,0,0,0,0,0,0,0,0,0
1788883946.716695,3600,pg_catalog,pg_ts_dict,0,0,0,0,0,0,0,0,0
1788883946.716695,1985325,public,broker,0,0,0,0,0,0,0,0,0
1788883946.716695,3596,pg_catalog,pg_seclabel,0,0,0,0,0,0,0,0,0
1788883946.716695,1985460,public,financial,0,0,0,0,0,0,0,0,0
1788883946.716695,2609,pg_catalog,pg_description,0,0,0,0,0,0,0,0,0
1788883946.716695,1985351,public,commission_rate,0,0,0,0,0,0,0,0,0
1788883946.716695,13482,pg_toast,pg_toast_13479,0,0,0,0,0,0,0,0,0
1788883946.716695,1985396,public,trade_history,0,0,0,0,0,0,0,0,0
1788883946.716695,3603,pg_catalog,pg_ts_config_map,0,0,0,0,0,0,0,0,0
1788883946.716695,1213,pg_catalog,pg_tablespace,0,0,1,1,0,0,0,0,0
1788883946.716695,2608,pg_catalog,pg_depend,0,0,0,0,0,0,0,0,0
1788883946.716695,2964,pg_catalog,pg_db_role_setting,0,0,0,0,0,0,0,0,0
1788883946.716695,1985283,pg_toast,pg_toast_1985275,0,0,0,0,0,0,0,0,0
1788883946.716695,1418,pg_catalog,pg_user_mapping,0,0,0,0,0,0,0,0,0
1788883946.716695,2613,pg_catalog,pg_largeobject,0,0,0,0,0,0,0,0,0
1788883946.716695,6175,pg_toast,pg_toast_3456,0,0,0,0,0,0,0,0,0
1788883946.716695,1261,pg_catalog,pg_auth_members,0,0,0,0,0,0,0,0,0
1788883946.716695,1985335,public,cash_transaction,0,0,0,0,0,0,0,0,0
1788883946.716695,2617,pg_catalog,pg_operator,0,0,5,5,0,0,0,0,0
1788883946.716695,1985300,pg_toast,pg_toast_1985290,0,0,0,0,0,0,0,0,0
1788883946.716695,1985538,public,address,0,0,0,0,0,0,0,0,0
1788883946.716695,2610,pg_catalog,pg_index,1,221,11,14,0,0,0,0,0
1788883946.716695,1249,pg_catalog,pg_attribute,0,0,75,92,0,0,0,0,0
1788883946.716695,1985512,public,sector,0,0,0,0,0,0,0,0,0
1788883946.716695,1985415,public,trade_type,0,0,0,0,0,0,0,0,0
1788883946.716695,2600,pg_catalog,pg_aggregate,0,0,1,1,0,0,0,0,0
1788883946.716695,2966,pg_toast,pg_toast_2964,0,0,0,0,0,0,0,0,0
1788883946.716695,1985451,public,exchange,0,0,0,0,0,0,0,0,0
1788883946.716695,2618,pg_catalog,pg_rewrite,0,0,1,1,0,0,0,0,0
1788883946.716695,4177,pg_toast,pg_toast_1262,0,0,0,0,0,0,0,0,0
1788883946.716695,13484,information_schema,sql_parts,0,0,,,0,0,0,0,0
1788883946.716695,4159,pg_toast,pg_toast_2600,0,0,0,0,0,0,0,0,0
1788883946.716695,4147,pg_toast,pg_toast_3079,0,0,0,0,0,0,0,0,0
1788883946.716695,13474,information_schema,sql_features,0,0,,,0,0,0,0,0
1788883946.716695,1985394,pg_toast,pg_toast_1985372,0,0,0,0,0,0,0,0,0
1788883946.716695,1247,pg_catalog,pg_type,0,0,19,19,0,0,0,0,0
1788883946.716695,2602,pg_catalog,pg_amop,0,0,12,25,0,0,0,0,0
1788883946.716695,3439,pg_toast,pg_toast_3381,0,0,0,0,0,0,0,0,0
1788883946.716695,2846,pg_toast,pg_toast_2396,0,0,0,0,0,0,0,0,0
1788883946.716695,1985555,public,zip_code,0,0,0,0,0,0,0,0,0
1788883946.716695,1985478,pg_toast,pg_toast_1985460,0,0,0,0,0,0,0,0,0
1788883946.716695,4145,pg_toast,pg_toast_3466,0,0,0,0,0,0,0,0,0
1788883946.716695,3541,pg_catalog,pg_range,0,0,0,0,0,0,0,0,0
1788883946.716695,3602,pg_catalog,pg_ts_config,0,0,0,0,0,0,0,0,0
1788883946.716695,1985333,pg_toast,pg_toast_1985325,0,0,0,0,0,0,0,0,0
1788883946.716695,4183,pg_toast,pg_toast_6100,0,0,0,0,0,0,0,0,0
1788883946.716695,1985496,public,news_item,0,0,0,0,0,0,0,0,0
1788883946.716695,2224,pg_catalog,pg_sequence,0,0,0,0,0,0,0,0,0
1788883946.716695,2611,pg_catalog,pg_inherits,0,0,0,0,0,0,0,0,0
1788883946.716695,1417,pg_catalog,pg_foreign_server,0,0,0,0,0,0,0,0,0
1788883946.716695,1262,pg_catalog,pg_database,0,0,0,0,0,0,0,0,0
1788883946.716695,13492,pg_toast,pg_toast_13489,0,0,0,0,0,0,0,0,0
1788883946.716695,3501,pg_catalog,pg_enum,0,0,0,0,0,0,0,0,0
1788883946.716695,2607,pg_catalog,pg_conversion,0,0,0,0,0,0,0,0,0
1788883946.716695,1985449,pg_toast,pg_toast_1985440,0,0,0,0,0,0,0,0,0
1788883946.716695,826,pg_catalog,pg_default_acl,0,0,0,0,0,0,0,0,0
1788883946.716695,2604,pg_catalog,pg_attrdef,0,0,0,0,0,0,0,0,0
1788883946.716695,2336,pg_toast,pg_toast_2620,0,0,0,0,0,0,0,0,0
1788883946.716695,2603,pg_catalog,pg_amproc,0,0,5,11,0,0,0,0,0
1788883946.716695,2606,pg_catalog,pg_constraint,0,0,3,8,0,0,0,0,0
1788883946.716695,1255,pg_catalog,pg_proc,0,0,19,24,0,0,0,0,0
1788883946.716695,4173,pg_toast,pg_toast_1418,0,0,0,0,0,0,0,0,0
1788883946.716695,1985285,public,customer_taxrate,0,0,0,0,0,0,0,0,0
1788883946.716695,2620,pg_catalog,pg_trigger,0,0,0,0,0,0,0,0,0
1788883946.716695,1985256,public,account_permission,0,0,0,0,0,0,0,0,0
1788883946.716695,1985507,public,news_xref,0,0,0,0,0,0,0,0,0
1788883946.716695,1985480,public,industry,0,0,0,0,0,0,0,0,0
1788883946.716695,2612,pg_catalog,pg_language,0,0,0,0,0,0,0,0,0
1788883946.716695,4149,pg_toast,pg_toast_2328,0,0,0,0,0,0,0,0,0
1788883946.716695,6351,pg_toast,pg_toast_2610,0,0,0,0,0,0,0,0,0
1788883946.716695,13489,information_schema,sql_sizing,0,0,,,0,0,0,0,0
1788883946.716695,1985494,pg_toast,pg_toast_1985486,0,0,0,0,0,0,0,0,0
1788883946.716695,3598,pg_toast,pg_toast_3596,0,0,0,0,0,0,0,0,0
1788883946.716695,2836,pg_toast,pg_toast_1255,0,0,0,0,0,0,0,0,0
1788883946.716695,3456,pg_catalog,pg_collation,0,0,0,0,0,0,0,0,0
1788883946.716695,3079,pg_catalog,pg_extension,0,0,0,0,0,0,0,0,0
1788883946.716695,6100,pg_catalog,pg_subscription,0,0,0,0,0,0,0,0,0
1788883946.716695,2832,pg_toast,pg_toast_2606,0,0,0,0,0,0,0,0,0
1788883946.716695,3256,pg_catalog,pg_policy,0,0,0,0,0,0,0,0,0
1788883946.716695,1985302,public,holding_history,0,0,0,0,0,0,0,0,0
1788883946.716695,1985517,public,security,0,0,0,0,0,0,0,0,0
1788883946.716695,3466,pg_catalog,pg_event_trigger,0,0,0,0,0,0,0,0,0
1788883946.716695,3592,pg_catalog,pg_shseclabel,0,0,0,0,0,0,0,0,0
1788883946.716695,3764,pg_catalog,pg_ts_template,0,0,0,0,0,0,0,0,0
1788883946.716695,6237,pg_catalog,pg_publication_namespace,0,0,0,0,0,0,0,0,0
1788883946.716695,13487,pg_toast,pg_toast_13484,0,0,0,0,0,0,0,0,0
1788883946.716695,2995,pg_catalog,pg_largeobject_metadata,0,0,0,0,0,0,0,0,0
1788883946.716695,1985275,public,customer_account,0,0,0,0,0,0,0,0,0
1788883946.716695,4143,pg_toast,pg_toast_826,0,0,0,0,0,0,0,0,0
1788883946.716695,4185,pg_toast,pg_toast_1213,0,0,0,0,0,0,0,0,0
1788883946.716695,6243,pg_catalog,pg_parameter_acl,0,0,0,0,0,0,0,0,0
1788883946.716695,2616,pg_catalog,pg_opclass,0,0,8,134,0,0,0,0,0
1788883946.716695,1985290,public,holding,0,0,0,0,0,0,0,0,0
1788883946.716695,2838,pg_toast,pg_toast_2618,0,0,1,3,0,0,0,0,0
1788883946.716695,6228,pg_toast,pg_toast_6106,0,0,0,0,0,0,0,0,0
1788883946.716695,1985349,pg_toast,pg_toast_1985343,0,0,0,0,0,0,0,0,0
1788883946.716695,1985434,public,company_competitor,0,0,0,0,0,0,0,0,0
1788883946.716695,1985370,pg_toast,pg_toast_1985363,0,0,0,0,0,0,0,0,0
1788883946.716695,1985505,pg_toast,pg_toast_1985496,0,0,0,0,0,0,0,0,0
1788883946.716695,1985264,public,customer,0,0,0,0,0,0,0,0,0
1788883946.716695,3118,pg_catalog,pg_foreign_table,0,0,0,0,0,0,0,0,0
1788883946.716695,1259,pg_catalog,pg_class,1,523,12,12,0,0,0,0,0
1788883946.716695,3350,pg_catalog,pg_partitioned_table,0,0,0,0,0,0,0,0,0
1788883946.716695,4153,pg_toast,pg_toast_3118,0,0,0,0,0,0,0,0,0
1788883946.716695,4060,pg_toast,pg_toast_3592,0,0,0,0,0,0,0,0,0
1788883946.716695,1985543,public,status_type,0,0,0,0,0,0,0,0,0
1788883946.716695,4165,pg_toast,pg_toast_3350,0,0,0,0,0,0,0,0,0
1788883946.716695,1985402,public,trade_request,0,0,0,0,0,0,0,0,0
1788883946.716695,2753,pg_catalog,pg_opfamily,0,0,2,2,0,0,0,0,0
1788883946.716695,3601,pg_catalog,pg_ts_parser,0,0,0,0,0,0,0,0,0
1788883946.716695,6104,pg_catalog,pg_publication,0,0,0,0,0,0,0,0,0
1788883946.716695,13477,pg_toast,pg_toast_13474,0,0,0,0,0,0,0,0,0
1788883946.716695,3429,pg_catalog,pg_statistic_ext_data,0,0,0,0,0,0,0,0,0
1788883946.716695,2619,pg_catalog,pg_statistic,0,0,17,8,0,0,0,0,0
1788883946.716695,4155,pg_toast,pg_toast_3394,0,0,0,0,0,0,0,0,0
1788883946.716695,1985548,public,taxrate,0,0,0,0,0,0,0,0,0
1788883946.716695,3381,pg_catalog,pg_statistic_ext,0,0,3,0,0,0,0,0,0
1788883946.716695,6106,pg_catalog,pg_publication_rel,0,0,0,0,0,0,0,0,0
1788883946.716695,1985372,public,trade,0,0,0,0,0,0,0,0,0
1788883946.716695,2605,pg_catalog,pg_cast,0,0,34,7,0,0,0,0,0
1788883946.716695,4171,pg_toast,pg_toast_1247,0,0,0,0,0,0,0,0,0
1788883946.716695,2830,pg_toast,pg_toast_2604,0,0,0,0,0,0,0,0,0
1788883946.716695,1985309,public,holding_summary,0,0,0,0,0,0,0,0,0
1788883946.716695,1985413,pg_toast,pg_toast_1985402,0,0,0,0,0,0,0,0,0
1788883946.716695,13479,information_schema,sql_implementation_info,0,0,,,0,0,0,0,0
1788883946.716695,1985341,pg_toast,pg_toast_1985335,0,0,0,0,0,0,0,0,0
1788883946.716695,6244,pg_toast,pg_toast_6243,0,0,0,0,0,0,0,0,0
1788883946.716695,1985315,public,watch_item,0,0,0,0,0,0,0,0,0
1788883946.716695,3430,pg_toast,pg_toast_3429,0,0,0,0,0,0,0,0,0
1788883946.716695,1985320,public,watch_list,0,0,0,0,0,0,0,0,0
1788884006.797860,1985536,pg_toast,pg_toast_1985517,0,0,0,0,0,0,0,0,0
1788884006.797860,3576,pg_catalog,pg_transform,0,0,0,0,0,0,0,0,0
1788884006.797860,2601,pg_catalog,pg_am,0,0,0,0,0,0,0,0,0
1788884006.797860,1985363,public,settlement,0,0,0,0,0,0,0,0,0
1788884006.797860,3394,pg_catalog,pg_init_privs,0,0,0,0,0,0,0,0,0
1788884006.797860,4167,pg_toast,pg_toast_3256,0,0,0,0,0,0,0,0,0
1788884006.797860,4151,pg_toast,pg_toast_1417,0,0,0,0,0,0,0,0,0
1788884006.797860,2834,pg_toast,pg_toast_2609,0,0,0,0,0,0,0,0,0
1788884006.797860,6000,pg_catalog,pg_replication_origin,0,0,0,0,0,0,0,0,0
1788884006.797860,2840,pg_toast,pg_toast_2619,0,0,0,0,0,0,0,0,0
1788884006.797860,1985486,public,last_trade,0,0,0,0,0,0,0,0,0
1788884006.797860,2328,pg_catalog,pg_foreign_data_wrapper,0,0,0,0,0,0,0,0,0
1788884006.797860,4157,pg_toast,pg_toast_2612,0,0,0,0,0,0,0,0,0
1788884006.797860,1260,pg_catalog,pg_authid,0,0,0,0,0,0,0,0,0
1788884006.797860,6102,pg_catalog,pg_subscription_rel,0,0,0,0,0,0,0,0,0
1788884006.797860,1214,pg_catalog,pg_shdepend,0,0,0,0,0,0,0,0,0
1788884006.797860,4163,pg_toast,pg_toast_2615,0,0,0,0,0,0,0,0,0
1788884006.797860,1985343,public,charge,0,0,0,0,0,0,0,0,0
1788884006.797860,1985440,public,daily_market,0,0,0,0,0,0,0,0,0
1788884006.797860,1985422,public,company,0,0,0,0,0,0,0,0,0
1788884006.797860,4169,pg_toast,pg_toast_3600,0,0,0,0,0,0,0,0,0
1788884006.797860,2615,pg_catalog,pg_namespace,1,4,5,2,0,0,0,0,0
1788884006.797860,2396,pg_catalog,pg_shdescription,0,0,0,0,0,0,0,0,0
1788884006.797860,3600,pg_catalog,pg_ts_dict,0,0,0,0,0,0,0,0,0
1788884006.797860,1985325,public,broker,0,0,0,0,0,0,0,0,0
1788884006.797860,3596,pg_catalog,pg_seclabel,0,0,0,0,0,0,0,0,0
1788884006.797860,1985460,public,financial,0,0,0,0,0,0,0,0,0
1788884006.797860,2609,pg_catalog,pg_description,0,0,0,0,0,0,0,0,0
1788884006.797860,1985351,public,commission_rate,0,0,0,0,0,0,0,0,0
1788884006.797860,13482,pg_toast,pg_toast_13479,0,0,0,0,0,0,0,0,0
1788884006.797860,1985396,public,trade_history,0,0,0,0,0,0,0,0,0
1788884006.797860,3603,pg_catalog,pg_ts_config_map,0,0,0,0,0,0,0,0,0
1788884006.797860,1213,pg_catalog,pg_tablespace,0,0,1,1,0,0,0,0,0
1788884006.797860,2608,pg_catalog,pg_depend,0,0,0,0,0,0,0,0,0
1788884006.797860,2964,pg_catalog,pg_db_role_setting,0,0,0,0,0,0,0,0,0
1788884006.797860,1985283,pg_toast,pg_toast_1985275,0,0,0,0,0,0,0,0,0
1788884006.797860,1418,pg_catalog,pg_user_mapping,0,0,0,0,0,0,0,0,0
1788884006.797860,2613,pg_catalog,pg_largeobject,0,0,0,0,0,0,0,0,0
1788884006.797860,6175,pg_toast,pg_toast_3456,0,0,0,0,0,0,0,0,0
1788884006.797860,1261,pg_catalog,pg_auth_members,0,0,0,0,0,0,0,0,0
1788884006.797860,1985335,public,cash_transaction,0,0,0,0,0,0,0,0,0
1788884006.797860,2617,pg_catalog,pg_operator,0,0,5,5,0,0,0,0,0
1788884006.797860,1985300,pg_toast,pg_toast_1985290,0,0,0,0,0,0,0,0,0
1788884006.797860,1985538,public,address,0,0,0,0,0,0,0,0,0
1788884006.797860,2610,pg_catalog,pg_index,1,221,11,14,0,0,0,0,0
1788884006.797860,1249,pg_catalog,pg_attribute,0,0,75,92,0,0,0,0,0
1788884006.797860,1985512,public,sector,0,0,0,0,0,0,0,0,0
1788884006.797860,1985415,public,trade_type,0,0,0,0,0,0,0,0,0
1788884006.797860,2600,pg_catalog,pg_aggregate,0,0,1,1,0,0,0,0,0
1788884006.797860,2966,pg_toast,pg_toast_2964,0,0,0,0,0,0,0,0,0
1788884006.797860,1985451,public,exchange,0,0,0,0,0,0,0,0,0
1788884006.797860,2618,pg_catalog,pg_rewrite,0,0,1,1,0,0,0,0,0
1788884006.797860,4177,pg_toast,pg_toast_1262,0,0,0,0,0,0,0,0,0
1788884006.797860,13484,information_schema,sql_parts,0,0,,,0,0,0,0,0
1788884006.797860,4159,pg_toast,pg_toast_2600,0,0,0,0,0,0,0,0,0
1788884006.797860,4147,pg_toast,pg_toast_3079,0,0,0,0,0,0,0,0,0
1788884006.797860,13474,information_schema,sql_features,0,0,,,0,0,0,0,0
1788884006.797860,1985394,pg_toast,pg_toast_1985372,0,0,0,0,0,0,0,0,0
1788884006.797860,1247,pg_catalog,pg_type,0,0,19,19,0,0,0,0,0
1788884006.797860,2602,pg_catalog,pg_amop,0,0,12,25,0,0,0,0,0
1788884006.797860,3439,pg_toast,pg_toast_3381,0,0,0,0,0,0,0,0,0
1788884006.797860,2846,pg_toast,pg_toast_2396,0,0,0,0,0,0,0,0,0
1788884006.797860,1985555,public,zip_code,0,0,0,0,0,0,0,0,0
1788884006.797860,1985478,pg_toast,pg_toast_1985460,0,0,0,0,0,0,0,0,0
1788884006.797860,4145,pg_toast,pg_toast_3466,0,0,0,0,0,0,0,0,0
1788884006.797860,3541,pg_catalog,pg_range,0,0,0,0,0,0,0,0,0
1788884006.797860,3602,pg_catalog,pg_ts_config,0,0,0,0,0,0,0,0,0
1788884006.797860,1985333,pg_toast,pg_toast_1985325,0,0,0,0,0,0,0,0,0
1788884006.797860,4183,pg_toast,pg_toast_6100,0,0,0,0,0,0,0,0,0
1788884006.797860,1985496,public,news_item,0,0,0,0,0,0,0,0,0
1788884006.797860,2224,pg_catalog,pg_sequence,0,0,0,0,0,0,0,0,0
1788884006.797860,2611,pg_catalog,pg_inherits,0,0,0,0,0,0,0,0,0
1788884006.797860,1417,pg_catalog,pg_foreign_server,0,0,0,0,0,0,0,0,0
1788884006.797860,1262,pg_catalog,pg_database,0,0,0,0,0,0,0,0,0
1788884006.797860,13492,pg_toast,pg_toast_13489,0,0,0,0,0,0,0,0,0
1788884006.797860,3501,pg_catalog,pg_enum,0,0,0,0,0,0,0,0,0
1788884006.797860,2607,pg_catalog,pg_conversion,0,0,0,0,0,0,0,0,0
1788884006.797860,1985449,pg_toast,pg_toast_1985440,0,0,0,0,0,0,0,0,0
1788884006.797860,826,pg_catalog,pg_default_acl,0,0,0,0,0,0,0,0,0
1788884006.797860,2604,pg_catalog,pg_attrdef,0,0,0,0,0,0,0,0,0
1788884006.797860,2336,pg_toast,pg_toast_2620,0,0,0,0,0,0,0,0,0
1788884006.797860,2603,pg_catalog,pg_amproc,0,0,5,11,0,0,0,0,0
1788884006.797860,2606,pg_catalog,pg_constraint,0,0,3,8,0,0,0,0,0
1788884006.797860,1255,pg_catalog,pg_proc,0,0,19,24,0,0,0,0,0
1788884006.797860,4173,pg_toast,pg_toast_1418,0,0,0,0,0,0,0,0,0
1788884006.797860,1985285,public,customer_taxrate,0,0,0,0,0,0,0,0,0
1788884006.797860,2620,pg_catalog,pg_trigger,0,0,0,0,0,0,0,0,0
1788884006.797860,1985256,public,account_permission,0,0,0,0,0,0,0,0,0
1788884006.797860,1985507,public,news_xref,0,0,0,0,0,0,0,0,0
1788884006.797860,1985480,public,industry,0,0,0,0,0,0,0,0,0
1788884006.797860,2612,pg_catalog,pg_language,0,0,0,0,0,0,0,0,0
1788884006.797860,4149,pg_toast,pg_toast_2328,0,0,0,0,0,0,0,0,0
1788884006.797860,6351,pg_toast,pg_toast_2610,0,0,0,0,0,0,0,0,0
1788884006.797860,13489,information_schema,sql_sizing,0,0,,,0,0,0,0,0
1788884006.797860,1985494,pg_toast,pg_toast_1985486,0,0,0,0,0,0,0,0,0
1788884006.797860,3598,pg_toast,pg_toast_3596,0,0,0,0,0,0,0,0,0
1788884006.797860,2836,pg_toast,pg_toast_1255,0,0,0,0,0,0,0,0,0
1788884006.797860,3456,pg_catalog,pg_collation,0,0,0,0,0,0,0,0,0
1788884006.797860,3079,pg_catalog,pg_extension,0,0,0,0,0,0,0,0,0
1788884006.797860,6100,pg_catalog,pg_subscription,0,0,0,0,0,0,0,0,0
1788884006.797860,2832,pg_toast,pg_toast_2606,0,0,0,0,0,0,0,0,0
1788884006.797860,3256,pg_catalog,pg_policy,0,0,0,0,0,0,0,0,0
1788884006.797860,1985302,public,holding_history,0,0,0,0,0,0,0,0,0
1788884006.797860,1985517,public,security,0,0,0,0,0,0,0,0,0
1788884006.797860,3466,pg_catalog,pg_event_trigger,0,0,0,0,0,0,0,0,0
1788884006.797860,3592,pg_catalog,pg_shseclabel,0,0,0,0,0,0,0,0,0
1788884006.797860,3764,pg_catalog,pg_ts_template,0,0,0,0,0,0,0,0,0
1788884006.797860,6237,pg_catalog,pg_publication_namespace,0,0,0,0,0,0,0,0,0
1788884006.797860,13487,pg_toast,pg_toast_13484,0,0,0,0,0,0,0,0,0
1788884006.797860,2995,pg_catalog,pg_largeobject_metadata,0,0,0,0,0,0,0,0,0
1788884006.797860,1985275,public,customer_account,0,0,0,0,0,0,0,0,0
1788884006.797860,4143,pg_toast,pg_toast_826,0,0,0,0,0,0,0,0,0
1788884006.797860,4185,pg_toast,pg_toast_1213,0,0,0,0,0,0,0,0,0
1788884006.797860,6243,pg_catalog,pg_parameter_acl,0,0,0,0,0,0,0,0,0
1788884006.797860,2616,pg_catalog,pg_opclass,0,0,8,134,0,0,0,0,0
1788884006.797860,1985290,public,holding,0,0,0,0,0,0,0,0,0
1788884006.797860,2838,pg_toast,pg_toast_2618,0,0,1,3,0,0,0,0,0
1788884006.797860,6228,pg_toast,pg_toast_6106,0,0,0,0,0,0,0,0,0
1788884006.797860,1985349,pg_toast,pg_toast_1985343,0,0,0,0,0,0,0,0,0
1788884006.797860,1985434,public,company_competitor,0,0,0,0,0,0,0,0,0
1788884006.797860,1985370,pg_toast,pg_toast_1985363,0,0,0,0,0,0,0,0,0
1788884006.797860,1985505,pg_toast,pg_toast_1985496,0,0,0,0,0,0,0,0,0
1788884006.797860,1985264,public,customer,0,0,0,0,0,0,0,0,0
1788884006.797860,3118,pg_catalog,pg_foreign_table,0,0,0,0,0,0,0,0,0
1788884006.797860,1259,pg_catalog,pg_class,1,523,12,12,0,0,0,0,0
1788884006.797860,3350,pg_catalog,pg_partitioned_table,0,0,0,0,0,0,0,0,0
1788884006.797860,4153,pg_toast,pg_toast_3118,0,0,0,0,0,0,0,0,0
1788884006.797860,4060,pg_toast,pg_toast_3592,0,0,0,0,0,0,0,0,0
1788884006.797860,1985543,public,status_type,0,0,0,0,0,0,0,0,0
1788884006.797860,4165,pg_toast,pg_toast_3350,0,0,0,0,0,0,0,0,0
1788884006.797860,1985402,public,trade_request,0,0,0,0,0,0,0,0,0
1788884006.797860,2753,pg_catalog,pg_opfamily,0,0,2,2,0,0,0,0,0
1788884006.797860,3601,pg_catalog,pg_ts_parser,0,0,0,0,0,0,0,0,0
1788884006.797860,6104,pg_catalog,pg_publication,0,0,0,0,0,0,0,0,0
1788884006.797860,13477,pg_toast,pg_toast_13474,0,0,0,0,0,0,0,0,0
1788884006.797860,3429,pg_catalog,pg_statistic_ext_data,0,0,0,0,0,0,0,0,0
1788884006.797860,2619,pg_catalog,pg_statistic,0,0,17,8,0,0,0,0,0
1788884006.797860,4155,pg_toast,pg_toast_3394,0,0,0,0,0,0,0,0,0
1788884006.797860,1985548,public,taxrate,0,0,0,0,0,0,0,0,0
1788884006.797860,3381,pg_catalog,pg_statistic_ext,0,0,3,0,0,0,0,0,0
1788884006.797860,6106,pg_catalog,pg_publication_rel,0,0,0,0,0,0,0,0,0
1788884006.797860,1985372,public,trade,0,0,0,0,0,0,0,0,0
1788884006.797860,2605,pg_catalog,pg_cast,0,0,34,7,0,0,0,0,0
1788884006.797860,4171,pg_toast,pg_toast_1247,0,0,0,0,0,0,0,0,0
1788884006.797860,2830,pg_toast,pg_toast_2604,0,0,0,0,0,0,0,0,0
1788884006.797860,1985309,public,holding_summary,0,0,0,0,0,0,0,0,0
1788884006.797860,1985413,pg_toast,pg_toast_1985402,0,0,0,0,0,0,0,0,0
1788884006.797860,13479,information_schema,sql_implementation_info,0,0,,,0,0,0,0,0
1788884006.797860,1985341,pg_toast,pg_toast_1985335,0,0,0,0,0,0,0,0,0
1788884006.797860,6244,pg_toast,pg_toast_6243,0,0,0,0,0,0,0,0,0
1788884006.797860,1985315,public,watch_item,0,0,0,0,0,0,0,0,0
1788884006.797860,3430,pg_toast,pg_toast_3429,0,0,0,0,0,0,0,0,0
1788884006.797860,1985320,public,watch_list,0,0,0,0,0,0,0,0,0
1788884066.920141,1985536,pg_toast,pg_toast_1985517,0,0,0,0,0,0,0,0,0
1788884066.920141,3576,pg_catalog,pg_transform,0,0,0,0,0,0,0,0,0
1788884066.920141,2601,pg_catalog,pg_am,0,0,0,0,0,0,0,0,0
1788884066.920141,1985363,public,settlement,0,0,0,0,0,0,0,0,0
1788884066.920141,3394,pg_catalog,pg_init_privs,0,0,0,0,0,0,0,0,0
1788884066.920141,4167,pg_toast,pg_toast_3256,0,0,0,0,0,0,0,0,0
1788884066.920141,4151,pg_toast,pg_toast_1417,0,0,0,0,0,0,0,0,0
1788884066.920141,2834,pg_toast,pg_toast_2609,0,0,0,0,0,0,0,0,0
1788884066.920141,6000,pg_catalog,pg_replication_origin,0,0,0,0,0,0,0,0,0
1788884066.920141,2840,pg_toast,pg_toast_2619,0,0,0,0,0,0,0,0,0
1788884066.920141,1985486,public,last_trade,0,0,0,0,0,0,0,0,0
1788884066.920141,2328,pg_catalog,pg_foreign_data_wrapper,0,0,0,0,0,0,0,0,0
1788884066.920141,4157,pg_toast,pg_toast_2612,0,0,0,0,0,0,0,0,0
1788884066.920141,1260,pg_catalog,pg_authid,0,0,0,0,0,0,0,0,0
1788884066.920141,6102,pg_catalog,pg_subscription_rel,0,0,0,0,0,0,0,0,0
1788884066.920141,1214,pg_catalog,pg_shdepend,0,0,0,0,0,0,0,0,0
1788884066.920141,4163,pg_toast,pg_toast_2615,0,0,0,0,0,0,0,0,0
1788884066.920141,1985343,public,charge,0,0,0,0,0,0,0,0,0
1788884066.920141,1985440,public,daily_market,0,0,0,0,0,0,0,0,0
1788884066.920141,1985422,public,company,0,0,0,0,0,0,0,0,0
1788884066.920141,4169,pg_toast,pg_toast_3600,0,0,0,0,0,0,0,0,0
1788884066.920141,2615,pg_catalog,pg_namespace,1,4,5,2,0,0,0,0,0
1788884066.920141,2396,pg_catalog,pg_shdescription,0,0,0,0,0,0,0,0,0
1788884066.920141,3600,pg_catalog,pg_ts_dict,0,0,0,0,0,0,0,0,0
1788884066.920141,1985325,public,broker,0,0,0,0,0,0,0,0,0
1788884066.920141,3596,pg_catalog,pg_seclabel,0,0,0,0,0,0,0,0,0
1788884066.920141,1985460,public,financial,0,0,0,0,0,0,0,0,0
1788884066.920141,2609,pg_catalog,pg_description,0,0,0,0,0,0,0,0,0
1788884066.920141,1985351,public,commission_rate,0,0,0,0,0,0,0,0,0
1788884066.920141,13482,pg_toast,pg_toast_13479,0,0,0,0,0,0,0,0,0
1788884066.920141,1985396,public,trade_history,0,0,0,0,0,0,0,0,0
1788884066.920141,3603,pg_catalog,pg_ts_config_map,0,0,0,0,0,0,0,0,0
1788884066.920141,1213,pg_catalog,pg_tablespace,0,0,1,1,0,0,0,0,0
1788884066.920141,2608,pg_catalog,pg_depend,0,0,0,0,0,0,0,0,0
1788884066.920141,2964,pg_catalog,pg_db_role_setting,0,0,0,0,0,0,0,0,0
1788884066.920141,1985283,pg_toast,pg_toast_1985275,0,0,0,0,0,0,0,0,0
1788884066.920141,1418,pg_catalog,pg_user_mapping,0,0,0,0,0,0,0,0,0
1788884066.920141,2613,pg_catalog,pg_largeobject,0,0,0,0,0,0,0,0,0
1788884066.920141,6175,pg_toast,pg_toast_3456,0,0,0,0,0,0,0,0,0
1788884066.920141,1261,pg_catalog,pg_auth_members,0,0,0,0,0,0,0,0,0
1788884066.920141,1985335,public,cash_transaction,0,0,0,0,0,0,0,0,0
1788884066.920141,2617,pg_catalog,pg_operator,0,0,5,5,0,0,0,0,0
1788884066.920141,1985300,pg_toast,pg_toast_1985290,0,0,0,0,0,0,0,0,0
1788884066.920141,1985538,public,address,0,0,0,0,0,0,0,0,0
1788884066.920141,2610,pg_catalog,pg_index,1,221,11,14,0,0,0,0,0
1788884066.920141,1249,pg_catalog,pg_attribute,0,0,75,92,0,0,0,0,0
1788884066.920141,1985512,public,sector,0,0,0,0,0,0,0,0,0
1788884066.920141,1985415,public,trade_type,0,0,0,0,0,0,0,0,0
1788884066.920141,2600,pg_catalog,pg_aggregate,0,0,1,1,0,0,0,0,0
1788884066.920141,2966,pg_toast,pg_toast_2964,0,0,0,0,0,0,0,0,0
1788884066.920141,1985451,public,exchange,0,0,0,0,0,0,0,0,0
1788884066.920141,2618,pg_catalog,pg_rewrite,0,0,1,1,0,0,0,0,0
1788884066.920141,4177,pg_toast,pg_toast_1262,0,0,0,0,0,0,0,0,0
1788884066.920141,13484,information_schema,sql_parts,0,0,,,0,0,0,0,0
1788884066.920141,4159,pg_toast,pg_toast_2600,0,0,0,0,0,0,0,0,0
1788884066.920141,4147,pg_toast,pg_toast_3079,0,0,0,0,0,0,0,0,0
1788884066.920141,13474,information_schema,sql_features,0,0,,,0,0,0,0,0
1788884066.920141,1985394,pg_toast,pg_toast_1985372,0,0,0,0,0,0,0,0,0
1788884066.920141,1247,pg_catalog,pg_type,0,0,19,19,0,0,0,0,0
1788884066.920141,2602,pg_catalog,pg_amop,0,0,12,25,0,0,0,0,0
1788884066.920141,3439,pg_toast,pg_toast_3381,0,0,0,0,0,0,0,0,0
1788884066.920141,2846,pg_toast,pg_toast_2396,0,0,0,0,0,0,0,0,0
1788884066.920141,1985555,public,zip_code,0,0,0,0,0,0,0,0,0
1788884066.920141,1985478,pg_toast,pg_toast_1985460,0,0,0,0,0,0,0,0,0
1788884066.920141,4145,pg_toast,pg_toast_3466,0,0,0,0,0,0,0,0,0
1788884066.920141,3541,pg_catalog,pg_range,0,0,0,0,0,0,0,0,0
1788884066.920141,3602,pg_catalog,pg_ts_config,0,0,0,0,0,0,0,0,0
1788884066.920141,1985333,pg_toast,pg_toast_1985325,0,0,0,0,0,0,0,0,0
1788884066.920141,4183,pg_toast,pg_toast_6100,0,0,0,0,0,0,0,0,0
1788884066.920141,1985496,public,news_item,0,0,0,0,0,0,0,0,0
1788884066.920141,2224,pg_catalog,pg_sequence,0,0,0,0,0,0,0,0,0
1788884066.920141,2611,pg_catalog,pg_inherits,0,0,0,0,0,0,0,0,0
1788884066.920141,1417,pg_catalog,pg_foreign_server,0,0,0,0,0,0,0,0,0
1788884066.920141,1262,pg_catalog,pg_database,0,0,0,0,0,0,0,0,0
1788884066.920141,13492,pg_toast,pg_toast_13489,0,0,0,0,0,0,0,0,0
1788884066.920141,3501,pg_catalog,pg_enum,0,0,0,0,0,0,0,0,0
1788884066.920141,2607,pg_catalog,pg_conversion,0,0,0,0,0,0,0,0,0
1788884066.920141,1985449,pg_toast,pg_toast_1985440,0,0,0,0,0,0,0,0,0
1788884066.920141,826,pg_catalog,pg_default_acl,0,0,0,0,0,0,0,0,0
1788884066.920141,2604,pg_catalog,pg_attrdef,0,0,0,0,0,0,0,0,0
1788884066.920141,2336,pg_toast,pg_toast_2620,0,0,0,0,0,0,0,0,0
1788884066.920141,2603,pg_catalog,pg_amproc,0,0,5,11,0,0,0,0,0
1788884066.920141,2606,pg_catalog,pg_constraint,0,0,3,8,0,0,0,0,0
1788884066.920141,1255,pg_catalog,pg_proc,0,0,19,24,0,0,0,0,0
1788884066.920141,4173,pg_toast,pg_toast_1418,0,0,0,0,0,0,0,0,0
1788884066.920141,1985285,public,customer_taxrate,0,0,0,0,0,0,0,0,0
1788884066.920141,2620,pg_catalog,pg_trigger,0,0,0,0,0,0,0,0,0
1788884066.920141,1985256,public,account_permission,0,0,0,0,0,0,0,0,0
1788884066.920141,1985507,public,news_xref,0,0,0,0,0,0,0,0,0
1788884066.920141,1985480,public,industry,0,0,0,0,0,0,0,0,0
1788884066.920141,2612,pg_catalog,pg_language,0,0,0,0,0,0,0,0,0
1788884066.920141,4149,pg_toast,pg_toast_2328,0,0,0,0,0,0,0,0,0
1788884066.920141,6351,pg_toast,pg_toast_2610,0,0,0,0,0,0,0,0,0
1788884066.920141,13489,information_schema,sql_sizing,0,0,,,0,0,0,0,0
1788884066.920141,1985494,pg_toast,pg_toast_1985486,0,0,0,0,0,0,0,0,0
1788884066.920141,3598,pg_toast,pg_toast_3596,0,0,0,0,0,0,0,0,0
1788884066.920141,2836,pg_toast,pg_toast_1255,0,0,0,0,0,0,0,0,0
1788884066.920141,3456,pg_catalog,pg_collation,0,0,0,0,0,0,0,0,0
1788884066.920141,3079,pg_catalog,pg_extension,0,0,0,0,0,0,0,0,0
1788884066.920141,6100,pg_catalog,pg_subscription,0,0,0,0,0,0,0,0,0
1788884066.920141,2832,pg_toast,pg_toast_2606,0,0,0,0,0,0,0,0,0
1788884066.920141,3256,pg_catalog,pg_policy,0,0,0,0,0,0,0,0,0
1788884066.920141,1985302,public,holding_history,0,0,0,0,0,0,0,0,0
1788884066.920141,1985517,public,security,0,0,0,0,0,0,0,0,0
1788884066.920141,3466,pg_catalog,pg_event_trigger,0,0,0,0,0,0,0,0,0
1788884066.920141,3592,pg_catalog,pg_shseclabel,0,0,0,0,0,0,0,0,0
1788884066.920141,3764,pg_catalog,pg_ts_template,0,0,0,0,0,0,0,0,0
1788884066.920141,6237,pg_catalog,pg_publication_namespace,0,0,0,0,0,0,0,0,0
1788884066.920141,13487,pg_toast,pg_toast_13484,0,0,0,0,0,0,0,0,0
1788884066.920141,2995,pg_catalog,pg_largeobject_metadata,0,0,0,0,0,0,0,0,0
1788884066.920141,1985275,public,customer_account,0,0,0,0,0,0,0,0,0
1788884066.920141,4143,pg_toast,pg_toast_826,0,0,0,0,0,0,0,0,0
1788884066.920141,4185,pg_toast,pg_toast_1213,0,0,0,0,0,0,0,0,0
1788884066.920141,6243,pg_catalog,pg_parameter_acl,0,0,0,0,0,0,0,0,0
1788884066.920141,2616,pg_catalog,pg_opclass,0,0,8,134,0,0,0,0,0
1788884066.920141,1985290,public,holding,0,0,0,0,0,0,0,0,0
1788884066.920141,2838,pg_toast,pg_toast_2618,0,0,1,3,0,0,0,0,0
1788884066.920141,6228,pg_toast,pg_toast_6106,0,0,0,0,0,0,0,0,0
1788884066.920141,1985349,pg_toast,pg_toast_1985343,0,0,0,0,0,0,0,0,0
1788884066.920141,1985434,public,company_competitor,0,0,0,0,0,0,0,0,0
1788884066.920141,1985370,pg_toast,pg_toast_1985363,0,0,0,0,0,0,0,0,0
1788884066.920141,1985505,pg_toast,pg_toast_1985496,0,0,0,0,0,0,0,0,0
1788884066.920141,1985264,public,customer,0,0,0,0,0,0,0,0,0
1788884066.920141,3118,pg_catalog,pg_foreign_table,0,0,0,0,0,0,0,0,0
1788884066.920141,1259,pg_catalog,pg_class,1,523,12,12,0,0,0,0,0
1788884066.920141,3350,pg_catalog,pg_partitioned_table,0,0,0,0,0,0,0,0,0
1788884066.920141,4153,pg_toast,pg_toast_3118,0,0,0,0,0,0,0,0,0
1788884066.920141,4060,pg_toast,pg_toast_3592,0,0,0,0,0,0,0,0,0
1788884066.920141,1985543,public,status_type,0,0,0,0,0,0,0,0,0
1788884066.920141,4165,pg_toast,pg_toast_3350,0,0,0,0,0,0,0,0,0
1788884066.920141,1985402,public,trade_request,0,0,0,0,0,0,0,0,0
1788884066.920141,2753,pg_catalog,pg_opfamily,0,0,2,2,0,0,0,0,0
1788884066.920141,3601,pg_catalog,pg_ts_parser,0,0,0,0,0,0,0,0,0
1788884066.920141,6104,pg_catalog,pg_publication,0,0,0,0,0,0,0,0,0
1788884066.920141,13477,pg_toast,pg_toast_13474,0,0,0,0,0,0,0,0,0
1788884066.920141,3429,pg_catalog,pg_statistic_ext_data,0,0,0,0,0,0,0,0,0
1788884066.920141,2619,pg_catalog,pg_statistic,0,0,17,8,0,0,0,0,0
1788884066.920141,4155,pg_toast,pg_toast_3394,0,0,0,0,0,0,0,0,0
1788884066.920141,1985548,public,taxrate,0,0,0,0,0,0,0,0,0
1788884066.920141,3381,pg_catalog,pg_statistic_ext,0,0,3,0,0,0,0,0,0
1788884066.920141,6106,pg_catalog,pg_publication_rel,0,0,0,0,0,0,0,0,0
1788884066.920141,1985372,public,trade,0,0,0,0,0,0,0,0,0
1788884066.920141,2605,pg_catalog,pg_cast,0,0,34,7,0,0,0,0,0
1788884066.920141,4171,pg_toast,pg_toast_1247,0,0,0,0,0,0,0,0,0
1788884066.920141,2830,pg_toast,pg_toast_2604,0,0,0,0,0,0,0,0,0
1788884066.920141,1985309,public,holding_summary,0,0,0,0,0,0,0,0,0
1788884066.920141,1985413,pg_toast,pg_toast_1985402,0,0,0,0,0,0,0,0,0
1788884066.920141,13479,information_schema,sql_implementation_info,0,0,,,0,0,0,0,0
1788884066.920141,1985341,pg_toast,pg_toast_1985335,0,0,0,0,0,0,0,0,0
1788884066.920141,6244,pg_toast,pg_toast_6243,0,0,0,0,0,0,0,0,0
1788884066.920141,1985315,public,watch_item,0,0,0,0,0,0,0,0,0
1788884066.920141,3430,pg_toast,pg_toast_3429,0,0,0,0,0,0,0,0,0
1788884066.920141,1985320,public,watch_list,0,0,0,0,0,0,0,0,0
1788884126.985341,1985536,pg_toast,pg_toast_1985517,0,0,0,0,0,0,0,0,0
1788884126.985341,3576,pg_catalog,pg_transform,0,0,0,0,0,0,0,0,0
1788884126.985341,2601,pg_catalog,pg_am,0,0,0,0,0,0,0,0,0
1788884126.985341,1985363,public,settlement,0,0,0,0,0,0,0,0,0
1788884126.985341,3394,pg_catalog,pg_init_privs,0,0,0,0,0,0,0,0,0
1788884126.985341,4167,pg_toast,pg_toast_3256,0,0,0,0,0,0,0,0,0
1788884126.985341,4151,pg_toast,pg_toast_1417,0,0,0,0,0,0,0,0,0
1788884126.985341,2834,pg_toast,pg_toast_2609,0,0,0,0,0,0,0,0,0
1788884126.985341,6000,pg_catalog,pg_replication_origin,0,0,0,0,0,0,0,0,0
1788884126.985341,2840,pg_toast,pg_toast_2619,0,0,0,0,0,0,0,0,0
1788884126.985341,1985486,public,last_trade,0,0,0,0,0,0,0,0,0
1788884126.985341,2328,pg_catalog,pg_foreign_data_wrapper,0,0,0,0,0,0,0,0,0
1788884126.985341,4157,pg_toast,pg_toast_2612,0,0,0,0,0,0,0,0,0
1788884126.985341,1260,pg_catalog,pg_authid,0,0,0,0,0,0,0,0,0
1788884126.985341,6102,pg_catalog,pg_subscription_rel,0,0,0,0,0,0,0,0,0
1788884126.985341,1214,pg_catalog,pg_shdepend,0,0,0,0,0,0,0,0,0
1788884126.985341,4163,pg_toast,pg_toast_2615,0,0,0,0,0,0,0,0,0
1788884126.985341,1985343,public,charge,0,0,0,0,0,0,0,0,0
1788884126.985341,1985440,public,daily_market,0,0,0,0,0,0,0,0,0
1788884126.985341,1985422,public,company,0,0,0,0,0,0,0,0,0
1788884126.985341,4169,pg_toast,pg_toast_3600,0,0,0,0,0,0,0,0,0
1788884126.985341,2615,pg_catalog,pg_namespace,1,4,5,2,0,0,0,0,0
1788884126.985341,2396,pg_catalog,pg_shdescription,0,0,0,0,0,0,0,0,0
1788884126.985341,3600,pg_catalog,pg_ts_dict,0,0,0,0,0,0,0,0,0
1788884126.985341,1985325,public,broker,0,0,0,0,0,0,0,0,0
1788884126.985341,3596,pg_catalog,pg_seclabel,0,0,0,0,0,0,0,0,0
1788884126.985341,1985460,public,financial,0,0,0,0,0,0,0,0,0
1788884126.985341,2609,pg_catalog,pg_description,0,0,0,0,0,0,0,0,0
1788884126.985341,1985351,public,commission_rate,0,0,0,0,0,0,0,0,0
1788884126.985341,13482,pg_toast,pg_toast_13479,0,0,0,0,0,0,0,0,0
1788884126.985341,1985396,public,trade_history,0,0,0,0,0,0,0,0,0
1788884126.985341,3603,pg_catalog,pg_ts_config_map,0,0,0,0,0,0,0,0,0
1788884126.985341,1213,pg_catalog,pg_tablespace,0,0,1,1,0,0,0,0,0
1788884126.985341,2608,pg_catalog,pg_depend,0,0,0,0,0,0,0,0,0
1788884126.985341,2964,pg_catalog,pg_db_role_setting,0,0,0,0,0,0,0,0,0
1788884126.985341,1985283,pg_toast,pg_toast_1985275,0,0,0,0,0,0,0,0,0
1788884126.985341,1418,pg_catalog,pg_user_mapping,0,0,0,0,0,0,0,0,0
1788884126.985341,2613,pg_catalog,pg_largeobject,0,0,0,0,0,0,0,0,0
1788884126.985341,6175,pg_toast,pg_toast_3456,0,0,0,0,0,0,0,0,0
1788884126.985341,1261,pg_catalog,pg_auth_members,0,0,0,0,0,0,0,0,0
1788884126.985341,1985335,public,cash_transaction,0,0,0,0,0,0,0,0,0
1788884126.985341,2617,pg_catalog,pg_operator,0,0,5,5,0,0,0,0,0
1788884126.985341,1985300,pg_toast,pg_toast_1985290,0,0,0,0,0,0,0,0,0
1788884126.985341,1985538,public,address,0,0,0,0,0,0,0,0,0
1788884126.985341,2610,pg_catalog,pg_index,1,221,11,14,0,0,0,0,0
1788884126.985341,1249,pg_catalog,pg_attribute,0,0,75,92,0,0,0,0,0
1788884126.985341,1985512,public,sector,0,0,0,0,0,0,0,0,0
1788884126.985341,1985415,public,trade_type,0,0,0,0,0,0,0,0,0
1788884126.985341,2600,pg_catalog,pg_aggregate,0,0,1,1,0,0,0,0,0
1788884126.985341,2966,pg_toast,pg_toast_2964,0,0,0,0,0,0,0,0,0
1788884126.985341,1985451,public,exchange,0,0,0,0,0,0,0,0,0
1788884126.985341,2618,pg_catalog,pg_rewrite,0,0,1,1,0,0,0,0,0
1788884126.985341,4177,pg_toast,pg_toast_1262,0,0,0,0,0,0,0,0,0
1788884126.985341,13484,information_schema,sql_parts,0,0,,,0,0,0,0,0
1788884126.985341,4159,pg_toast,pg_toast_2600,0,0,0,0,0,0,0,0,0
1788884126.985341,4147,pg_toast,pg_toast_3079,0,0,0,0,0,0,0,0,0
1788884126.985341,13474,information_schema,sql_features,0,0,,,0,0,0,0,0
1788884126.985341,1985394,pg_toast,pg_toast_1985372,0,0,0,0,0,0,0,0,0
1788884126.985341,1247,pg_catalog,pg_type,0,0,19,19,0,0,0,0,0
1788884126.985341,2602,pg_catalog,pg_amop,0,0,12,25,0,0,0,0,0
1788884126.985341,3439,pg_toast,pg_toast_3381,0,0,0,0,0,0,0,0,0
1788884126.985341,2846,pg_toast,pg_toast_2396,0,0,0,0,0,0,0,0,0
1788884126.985341,1985555,public,zip_code,0,0,0,0,0,0,0,0,0
1788884126.985341,1985478,pg_toast,pg_toast_1985460,0,0,0,0,0,0,0,0,0
1788884126.985341,4145,pg_toast,pg_toast_3466,0,0,0,0,0,0,0,0,0
1788884126.985341,3541,pg_catalog,pg_range,0,0,0,0,0,0,0,0,0
1788884126.985341,3602,pg_catalog,pg_ts_config,0,0,0,0,0,0,0,0,0
1788884126.985341,1985333,pg_toast,pg_toast_1985325,0,0,0,0,0,0,0,0,0
1788884126.985341,4183,pg_toast,pg_toast_6100,0,0,0,0,0,0,0,0,0
1788884126.985341,1985496,public,news_item,0,0,0,0,0,0,0,0,0
1788884126.985341,2224,pg_catalog,pg_sequence,0,0,0,0,0,0,0,0,0
1788884126.985341,2611,pg_catalog,pg_inherits,0,0,0,0,0,0,0,0,0
1788884126.985341,1417,pg_catalog,pg_foreign_server,0,0,0,0,0,0,0,0,0
1788884126.985341,1262,pg_catalog,pg_database,0,0,0,0,0,0,0,0,0
1788884126.985341,13492,pg_toast,pg_toast_13489,0,0,0,0,0,0,0,0,0
1788884126.985341,3501,pg_catalog,pg_enum,0,0,0,0,0,0,0,0,0
1788884126.985341,2607,pg_catalog,pg_conversion,0,0,0,0,0,0,0,0,0
1788884126.985341,1985449,pg_toast,pg_toast_1985440,0,0,0,0,0,0,0,0,0
1788884126.985341,826,pg_catalog,pg_default_acl,0,0,0,0,0,0,0,0,0
1788884126.985341,2604,pg_catalog,pg_attrdef,0,0,0,0,0,0,0,0,0
1788884126.985341,2336,pg_toast,pg_toast_2620,0,0,0,0,0,0,0,0,0
1788884126.985341,2603,pg_catalog,pg_amproc,0,0,5,11,0,0,0,0,0
1788884126.985341,2606,pg_catalog,pg_constraint,0,0,3,8,0,0,0,0,0
1788884126.985341,1255,pg_catalog,pg_proc,0,0,19,24,0,0,0,0,0
1788884126.985341,4173,pg_toast,pg_toast_1418,0,0,0,0,0,0,0,0,0
1788884126.985341,1985285,public,customer_taxrate,0,0,0,0,0,0,0,0,0
1788884126.985341,2620,pg_catalog,pg_trigger,0,0,0,0,0,0,0,0,0
1788884126.985341,1985256,public,account_permission,0,0,0,0,0,0,0,0,0
1788884126.985341,1985507,public,news_xref,0,0,0,0,0,0,0,0,0
1788884126.985341,1985480,public,industry,0,0,0,0,0,0,0,0,0
1788884126.985341,2612,pg_catalog,pg_language,0,0,0,0,0,0,0,0,0
1788884126.985341,4149,pg_toast,pg_toast_2328,0,0,0,0,0,0,0,0,0
1788884126.985341,6351,pg_toast,pg_toast_2610,0,0,0,0,0,0,0,0,0
1788884126.985341,13489,information_schema,sql_sizing,0,0,,,0,0,0,0,0
1788884126.985341,1985494,pg_toast,pg_toast_1985486,0,0,0,0,0,0,0,0,0
1788884126.985341,3598,pg_toast,pg_toast_3596,0,0,0,0,0,0,0,0,0
1788884126.985341,2836,pg_toast,pg_toast_1255,0,0,0,0,0,0,0,0,0
1788884126.985341,3456,pg_catalog,pg_collation,0,0,0,0,0,0,0,0,0
1788884126.985341,3079,pg_catalog,pg_extension,0,0,0,0,0,0,0,0,0
1788884126.985341,6100,pg_catalog,pg_subscription,0,0,0,0,0,0,0,0,0
1788884126.985341,2832,pg_toast,pg_toast_2606,0,0,0,0,0,0,0,0,0
1788884126.985341,3256,pg_catalog,pg_policy,0,0,0,0,0,0,0,0,0
1788884126.985341,1985302,public,holding_history,0,0,0,0,0,0,0,0,0
1788884126.985341,1985517,public,security,0,0,0,0,0,0,0,0,0
1788884126.985341,3466,pg_catalog,pg_event_trigger,0,0,0,0,0,0,0,0,0
1788884126.985341,3592,pg_catalog,pg_shseclabel,0,0,0,0,0,0,0,0,0
1788884126.985341,3764,pg_catalog,pg_ts_template,0,0,0,0,0,0,0,0,0
1788884126.985341,6237,pg_catalog,pg_publication_namespace,0,0,0,0,0,0,0,0,0
1788884126.985341,13487,pg_toast,pg_toast_13484,0,0,0,0,0,0,0,0,0
1788884126.985341,2995,pg_catalog,pg_largeobject_metadata,0,0,0,0,0,0,0,0,0
1788884126.985341,1985275,public,customer_account,0,0,0,0,0,0,0,0,0
1788884126.985341,4143,pg_toast,pg_toast_826,0,0,0,0,0,0,0,0,0
1788884126.985341,4185,pg_toast,pg_toast_1213,0,0,0,0,0,0,0,0,0
1788884126.985341,6243,pg_catalog,pg_parameter_acl,0,0,0,0,0,0,0,0,0
1788884126.985341,2616,pg_catalog,pg_opclass,0,0,8,134,0,0,0,0,0
1788884126.985341,1985290,public,holding,0,0,0,0,0,0,0,0,0
1788884126.985341,2838,pg_toast,pg_toast_2618,0,0,1,3,0,0,0,0,0
1788884126.985341,6228,pg_toast,pg_toast_6106,0,0,0,0,0,0,0,0,0
1788884126.985341,1985349,pg_toast,pg_toast_1985343,0,0,0,0,0,0,0,0,0
1788884126.985341,1985434,public,company_competitor,0,0,0,0,0,0,0,0,0
1788884126.985341,1985370,pg_toast,pg_toast_1985363,0,0,0,0,0,0,0,0,0
1788884126.985341,1985505,pg_toast,pg_toast_1985496,0,0,0,0,0,0,0,0,0
1788884126.985341,1985264,public,customer,0,0,0,0,0,0,0,0,0
1788884126.985341,3118,pg_catalog,pg_foreign_table,0,0,0,0,0,0,0,0,0
1788884126.985341,1259,pg_catalog,pg_class,1,523,12,12,0,0,0,0,0
1788884126.985341,3350,pg_catalog,pg_partitioned_table,0,0,0,0,0,0,0,0,0
1788884126.985341,4153,pg_toast,pg_toast_3118,0,0,0,0,0,0,0,0,0
1788884126.985341,4060,pg_toast,pg_toast_3592,0,0,0,0,0,0,0,0,0
1788884126.985341,1985543,public,status_type,0,0,0,0,0,0,0,0,0
1788884126.985341,4165,pg_toast,pg_toast_3350,0,0,0,0,0,0,0,0,0
1788884126.985341,1985402,public,trade_request,0,0,0,0,0,0,0,0,0
1788884126.985341,2753,pg_catalog,pg_opfamily,0,0,2,2,0,0,0,0,0
1788884126.985341,3601,pg_catalog,pg_ts_parser,0,0,0,0,0,0,0,0,0
1788884126.985341,6104,pg_catalog,pg_publication,0,0,0,0,0,0,0,0,0
1788884126.985341,13477,pg_toast,pg_toast_13474,0,0,0,0,0,0,0,0,0
1788884126.985341,3429,pg_catalog,pg_statistic_ext_data,0,0,0,0,0,0,0,0,0
1788884126.985341,2619,pg_catalog,pg_statistic,0,0,17,8,0,0,0,0,0
1788884126.985341,4155,pg_toast,pg_toast_3394,0,0,0,0,0,0,0,0,0
1788884126.985341,1985548,public,taxrate,0,0,0,0,0,0,0,0,0
1788884126.985341,3381,pg_catalog,pg_statistic_ext,0,0,3,0,0,0,0,0,0
1788884126.985341,6106,pg_catalog,pg_publication_rel,0,0,0,0,0,0,0,0,0
1788884126.985341,1985372,public,trade,0,0,0,0,0,0,0,0,0
1788884126.985341,2605,pg_catalog,pg_cast,0,0,34,7,0,0,0,0,0
1788884126.985341,4171,pg_toast,pg_toast_1247,0,0,0,0,0,0,0,0,0
1788884126.985341,2830,pg_toast,pg_toast_2604,0,0,0,0,0,0,0,0,0
1788884126.985341,1985309,public,holding_summary,0,0,0,0,0,0,0,0,0
1788884126.985341,1985413,pg_toast,pg_toast_1985402,0,0,0,0,0,0,0,0,0
1788884126.985341,13479,information_schema,sql_implementation_info,0,0,,,0,0,0,0,0
1788884126.985341,1985341,pg_toast,pg_toast_1985335,0,0,0,0,0,0,0,0,0
1788884126.985341,6244,pg_toast,pg_toast_6243,0,0,0,0,0,0,0,0,0
1788884126.985341,1985315,public,watch_item,0,0,0,0,0,0,0,0,0
1788884126.985341,3430,pg_toast,pg_toast_3429,0,0,0,0,0,0,0,0,0
1788884126.985341,1985320,public,watch_list,0,0,0,0,0,0,0,0,0
1788884186.093216,1985536,pg_toast,pg_toast_1985517,0,0,0,0,0,0,0,0,0
1788884186.093216,3576,pg_catalog,pg_transform,0,0,0,0,0,0,0,0,0
1788884186.093216,2601,pg_catalog,pg_am,0,0,0,0,0,0,0,0,0
1788884186.093216,1985363,public,settlement,0,0,0,0,0,0,0,0,0
1788884186.093216,3394,pg_catalog,pg_init_privs,0,0,0,0,0,0,0,0,0
1788884186.093216,4167,pg_toast,pg_toast_3256,0,0,0,0,0,0,0,0,0
1788884186.093216,4151,pg_toast,pg_toast_1417,0,0,0,0,0,0,0,0,0
1788884186.093216,2834,pg_toast,pg_toast_2609,0,0,0,0,0,0,0,0,0
1788884186.093216,6000,pg_catalog,pg_replication_origin,0,0,0,0,0,0,0,0,0
1788884186.093216,2840,pg_toast,pg_toast_2619,0,0,0,0,0,0,0,0,0
1788884186.093216,1985486,public,last_trade,0,0,0,0,0,0,0,0,0
1788884186.093216,2328,pg_catalog,pg_foreign_data_wrapper,0,0,0,0,0,0,0,0,0
1788884186.093216,4157,pg_toast,pg_toast_2612,0,0,0,0,0,0,0,0,0
1788884186.093216,1260,pg_catalog,pg_authid,0,0,0,0,0,0,0,0,0
1788884186.093216,6102,pg_catalog,pg_subscription_rel,0,0,0,0,0,0,0,0,0
1788884186.093216,1214,pg_catalog,pg_shdepend,0,0,0,0,0,0,0,0,0
1788884186.093216,4163,pg_toast,pg_toast_2615,0,0,0,0,0,0,0,0,0
1788884186.093216,1985343,public,charge,0,0,0,0,0,0,0,0,0
1788884186.093216,1985440,public,daily_market,0,0,0,0,0,0,0,0,0
1788884186.093216,1985422,public,company,0,0,0,0,0,0,0,0,0
1788884186.093216,4169,pg_toast,pg_toast_3600,0,0,0,0,0,0,0,0,0
1788884186.093216,2615,pg_catalog,pg_namespace,1,4,5,2,0,0,0,0,0
1788884186.093216,2396,pg_catalog,pg_shdescription,0,0,0,0,0,0,0,0,0
1788884186.093216,3600,pg_catalog,pg_ts_dict,0,0,0,0,0,0,0,0,0
1788884186.093216,1985325,public,broker,0,0,0,0,0,0,0,0,0
1788884186.093216,3596,pg_catalog,pg_seclabel,0,0,0,0,0,0,0,0,0
1788884186.093216,1985460,public,financial,0,0,0,0,0,0,0,0,0
1788884186.093216,2609,pg_catalog,pg_description,0,0,0,0,0,0,0,0,0
1788884186.093216,1985351,public,commission_rate,0,0,0,0,0,0,0,0,0
1788884186.093216,13482,pg_toast,pg_toast_13479,0,0,0,0,0,0,0,0,0
1788884186.093216,1985396,public,trade_history,0,0,0,0,0,0,0,0,0
1788884186.093216,3603,pg_catalog,pg_ts_config_map,0,0,0,0,0,0,0,0,0
1788884186.093216,1213,pg_catalog,pg_tablespace,0,0,1,1,0,0,0,0,0
1788884186.093216,2608,pg_catalog,pg_depend,0,0,0,0,0,0,0,0,0
1788884186.093216,2964,pg_catalog,pg_db_role_setting,0,0,0,0,0,0,0,0,0
1788884186.093216,1985283,pg_toast,pg_toast_1985275,0,0,0,0,0,0,0,0,0
1788884186.093216,1418,pg_catalog,pg_user_mapping,0,0,0,0,0,0,0,0,0
1788884186.093216,2613,pg_catalog,pg_largeobject,0,0,0,0,0,0,0,0,0
1788884186.093216,6175,pg_toast,pg_toast_3456,0,0,0,0,0,0,0,0,0
1788884186.093216,1261,pg_catalog,pg_auth_members,0,0,0,0,0,0,0,0,0
1788884186.093216,1985335,public,cash_transaction,0,0,0,0,0,0,0,0,0
1788884186.093216,2617,pg_catalog,pg_operator,0,0,5,5,0,0,0,0,0
1788884186.093216,1985300,pg_toast,pg_toast_1985290,0,0,0,0,0,0,0,0,0
1788884186.093216,1985538,public,address,0,0,0,0,0,0,0,0,0
1788884186.093216,2610,pg_catalog,pg_index,1,221,11,14,0,0,0,0,0
1788884186.093216,1249,pg_catalog,pg_attribute,0,0,75,92,0,0,0,0,0
1788884186.093216,1985512,public,sector,0,0,0,0,0,0,0,0,0
1788884186.093216,1985415,public,trade_type,0,0,0,0,0,0,0,0,0
1788884186.093216,2600,pg_catalog,pg_aggregate,0,0,1,1,0,0,0,0,0
1788884186.093216,2966,pg_toast,pg_toast_2964,0,0,0,0,0,0,0,0,0
1788884186.093216,1985451,public,exchange,0,0,0,0,0,0,0,0,0
1788884186.093216,2618,pg_catalog,pg_rewrite,0,0,1,1,0,0,0,0,0
1788884186.093216,4177,pg_toast,pg_toast_1262,0,0,0,0,0,0,0,0,0
1788884186.093216,13484,information_schema,sql_parts,0,0,,,0,0,0,0,0
1788884186.093216,4159,pg_toast,pg_toast_2600,0,0,0,0,0,0,0,0,0
1788884186.093216,4147,pg_toast,pg_toast_3079,0,0,0,0,0,0,0,0,0
1788884186.093216,13474,information_schema,sql_features,0,0,,,0,0,0,0,0
1788884186.093216,1985394,pg_toast,pg_toast_1985372,0,0,0,0,0,0,0,0,0
1788884186.093216,1247,pg_catalog,pg_type,0,0,19,19,0,0,0,0,0
1788884186.093216,2602,pg_catalog,pg_amop,0,0,12,25,0,0,0,0,0
1788884186.093216,3439,pg_toast,pg_toast_3381,0,0,0,0,0,0,0,0,0
1788884186.093216,2846,pg_toast,pg_toast_2396,0,0,0,0,0,0,0,0,0
1788884186.093216,1985555,public,zip_code,0,0,0,0,0,0,0,0,0
1788884186.093216,1985478,pg_toast,pg_toast_1985460,0,0,0,0,0,0,0,0,0
1788884186.093216,4145,pg_toast,pg_toast_3466,0,0,0,0,0,0,0,0,0
1788884186.093216,3541,pg_catalog,pg_range,0,0,0,0,0,0,0,0,0
1788884186.093216,3602,pg_catalog,pg_ts_config,0,0,0,0,0,0,0,0,0
1788884186.093216,1985333,pg_toast,pg_toast_1985325,0,0,0,0,0,0,0,0,0
1788884186.093216,4183,pg_toast,pg_toast_6100,0,0,0,0,0,0,0,0,0
1788884186.093216,1985496,public,news_item,0,0,0,0,0,0,0,0,0
1788884186.093216,2224,pg_catalog,pg_sequence,0,0,0,0,0,0,0,0,0
1788884186.093216,2611,pg_catalog,pg_inherits,0,0,0,0,0,0,0,0,0
1788884186.093216,1417,pg_catalog,pg_foreign_server,0,0,0,0,0,0,0,0,0
1788884186.093216,1262,pg_catalog,pg_database,0,0,0,0,0,0,0,0,0
1788884186.093216,13492,pg_toast,pg_toast_13489,0,0,0,0,0,0,0,0,0
1788884186.093216,3501,pg_catalog,pg_enum,0,0,0,0,0,0,0,0,0
1788884186.093216,2607,pg_catalog,pg_conversion,0,0,0,0,0,0,0,0,0
1788884186.093216,1985449,pg_toast,pg_toast_1985440,0,0,0,0,0,0,0,0,0
1788884186.093216,826,pg_catalog,pg_default_acl,0,0,0,0,0,0,0,0,0
1788884186.093216,2604,pg_catalog,pg_attrdef,0,0,0,0,0,0,0,0,0
1788884186.093216,2336,pg_toast,pg_toast_2620,0,0,0,0,0,0,0,0,0
1788884186.093216,2603,pg_catalog,pg_amproc,0,0,5,11,0,0,0,0,0
1788884186.093216,2606,pg_catalog,pg_constraint,0,0,3,8,0,0,0,0,0
1788884186.093216,1255,pg_catalog,pg_proc,0,0,19,24,0,0,0,0,0
1788884186.093216,4173,pg_toast,pg_toast_1418,0,0,0,0,0,0,0,0,0
1788884186.093216,1985285,public,customer_taxrate,0,0,0,0,0,0,0,0,0
1788884186.093216,2620,pg_catalog,pg_trigger,0,0,0,0,0,0,0,0,0
1788884186.093216,1985256,public,account_permission,0,0,0,0,0,0,0,0,0
1788884186.093216,1985507,public,news_xref,0,0,0,0,0,0,0,0,0
1788884186.093216,1985480,public,industry,0,0,0,0,0,0,0,0,0
1788884186.093216,2612,pg_catalog,pg_language,0,0,0,0,0,0,0,0,0
1788884186.093216,4149,pg_toast,pg_toast_2328,0,0,0,0,0,0,0,0,0
1788884186.093216,6351,pg_toast,pg_toast_2610,0,0,0,0,0,0,0,0,0
1788884186.093216,13489,information_schema,sql_sizing,0,0,,,0,0,0,0,0
1788884186.093216,1985494,pg_toast,pg_toast_1985486,0,0,0,0,0,0,0,0,0
1788884186.093216,3598,pg_toast,pg_toast_3596,0,0,0,0,0,0,0,0,0
1788884186.093216,2836,pg_toast,pg_toast_1255,0,0,0,0,0,0,0,0,0
1788884186.093216,3456,pg_catalog,pg_collation,0,0,0,0,0,0,0,0,0
1788884186.093216,3079,pg_catalog,pg_extension,0,0,0,0,0,0,0,0,0
1788884186.093216,6100,pg_catalog,pg_subscription,0,0,0,0,0,0,0,0,0
1788884186.093216,2832,pg_toast,pg_toast_2606,0,0,0,0,0,0,0,0,0
1788884186.093216,3256,pg_catalog,pg_policy,0,0,0,0,0,0,0,0,0
1788884186.093216,1985302,public,holding_history,0,0,0,0,0,0,0,0,0
1788884186.093216,1985517,public,security,0,0,0,0,0,0,0,0,0
1788884186.093216,3466,pg_catalog,pg_event_trigger,0,0,0,0,0,0,0,0,0
1788884186.093216,3592,pg_catalog,pg_shseclabel,0,0,0,0,0,0,0,0,0
1788884186.093216,3764,pg_catalog,pg_ts_template,0,0,0,0,0,0,0,0,0
1788884186.093216,6237,pg_catalog,pg_publication_namespace,0,0,0,0,0,0,0,0,0
1788884186.093216,13487,pg_toast,pg_toast_13484,0,0,0,0,0,0,0,0,0
1788884186.093216,2995,pg_catalog,pg_largeobject_metadata,0,0,0,0,0,0,0,0,0
1788884186.093216,1985275,public,customer_account,0,0,0,0,0,0,0,0,0
1788884186.093216,4143,pg_toast,pg_toast_826,0,0,0,0,0,0,0,0,0
1788884186.093216,4185,pg_toast,pg_toast_1213,0,0,0,0,0,0,0,0,0
1788884186.093216,6243,pg_catalog,pg_parameter_acl,0,0,0,0,0,0,0,0,0
1788884186.093216,2616,pg_catalog,pg_opclass,0,0,8,134,0,0,0,0,0
1788884186.093216,1985290,public,holding,0,0,0,0,0,0,0,0,0
1788884186.093216,2838,pg_toast,pg_toast_2618,0,0,1,3,0,0,0,0,0
1788884186.093216,6228,pg_toast,pg_toast_6106,0,0,0,0,0,0,0,0,0
1788884186.093216,1985349,pg_toast,pg_toast_1985343,0,0,0,0,0,0,0,0,0
1788884186.093216,1985434,public,company_competitor,0,0,0,0,0,0,0,0,0
1788884186.093216,1985370,pg_toast,pg_toast_1985363,0,0,0,0,0,0,0,0,0
1788884186.093216,1985505,pg_toast,pg_toast_1985496,0,0,0,0,0,0,0,0,0
1788884186.093216,1985264,public,customer,0,0,0,0,0,0,0,0,0
1788884186.093216,3118,pg_catalog,pg_foreign_table,0,0,0,0,0,0,0,0,0
1788884186.093216,1259,pg_catalog,pg_class,1,523,12,12,0,0,0,0,0
1788884186.093216,3350,pg_catalog,pg_partitioned_table,0,0,0,0,0,0,0,0,0
1788884186.093216,4153,pg_toast,pg_toast_3118,0,0,0,0,0,0,0,0,0
1788884186.093216,4060,pg_toast,pg_toast_3592,0,0,0,0,0,0,0,0,0
1788884186.093216,1985543,public,status_type,0,0,0,0,0,0,0,0,0
1788884186.093216,4165,pg_toast,pg_toast_3350,0,0,0,0,0,0,0,0,0
1788884186.093216,1985402,public,trade_request,0,0,0,0,0,0,0,0,0
1788884186.093216,2753,pg_catalog,pg_opfamily,0,0,2,2,0,0,0,0,0
1788884186.093216,3601,pg_catalog,pg_ts_parser,0,0,0,0,0,0,0,0,0
1788884186.093216,6104,pg_catalog,pg_publication,0,0,0,0,0,0,0,0,0
1788884186.093216,13477,pg_toast,pg_toast_13474,0,0,0,0,0,0,0,0,0
1788884186.093216,3429,pg_catalog,pg_statistic_ext_data,0,0,0,0,0,0,0,0,0
1788884186.093216,2619,pg_catalog,pg_statistic,0,0,17,8,0,0,0,0,0
1788884186.093216,4155,pg_toast,pg_toast_3394,0,0,0,0,0,0,0,0,0
1788884186.093216,1985548,public,taxrate,0,0,0,0,0,0,0,0,0
1788884186.093216,3381,pg_catalog,pg_statistic_ext,0,0,3,0,0,0,0,0,0
1788884186.093216,6106,pg_catalog,pg_publication_rel,0,0,0,0,0,0,0,0,0
1788884186.093216,1985372,public,trade,0,0,0,0,0,0,0,0,0
1788884186.093216,2605,pg_catalog,pg_cast,0,0,34,7,0,0,0,0,0
1788884186.093216,4171,pg_toast,pg_toast_1247,0,0,0,0,0,0,0,0,0
1788884186.093216,2830,pg_toast,pg_toast_2604,0,0,0,0,0,0,0,0,0
1788884186.093216,1985309,public,holding_summary,0,0,0,0,0,0,0,0,0
1788884186.093216,1985413,pg_toast,pg_toast_1985402,0,0,0,0,0,0,0,0,0
1788884186.093216,13479,information_schema,sql_implementation_info,0,0,,,0,0,0,0,0
1788884186.093216,1985341,pg_toast,pg_toast_1985335,0,0,0,0,0,0,0,0,0
1788884186.093216,6244,pg_toast,pg_toast_6243,0,0,0,0,0,0,0,0,0
1788884186.093216,1985315,public,watch_item,0,0,0,0,0,0,0,0,0
1788884186.093216,3430,pg_toast,pg_toast_3429,0,0,0,0,0,0,0,0,0
1788884186.093216,1985320,public,watch_list,0,0,0,0,0,0,0,0,0
1788884246.191653,1985536,pg_toast,pg_toast_1985517,0,0,0,0,0,0,0,0,0
1788884246.191653,3576,pg_catalog,pg_transform,0,0,0,0,0,0,0,0,0
1788884246.191653,2601,pg_catalog,pg_am,0,0,0,0,0,0,0,0,0
1788884246.191653,1985363,public,settlement,0,0,0,0,0,0,0,0,0
1788884246.191653,3394,pg_catalog,pg_init_privs,0,0,0,0,0,0,0,0,0
1788884246.191653,4167,pg_toast,pg_toast_3256,0,0,0,0,0,0,0,0,0
1788884246.191653,4151,pg_toast,pg_toast_1417,0,0,0,0,0,0,0,0,0
1788884246.191653,2834,pg_toast,pg_toast_2609,0,0,0,0,0,0,0,0,0
1788884246.191653,6000,pg_catalog,pg_replication_origin,0,0,0,0,0,0,0,0,0
1788884246.191653,2840,pg_toast,pg_toast_2619,0,0,0,0,0,0,0,0,0
1788884246.191653,1985486,public,last_trade,0,0,0,0,0,0,0,0,0
1788884246.191653,2328,pg_catalog,pg_foreign_data_wrapper,0,0,0,0,0,0,0,0,0
1788884246.191653,4157,pg_toast,pg_toast_2612,0,0,0,0,0,0,0,0,0
1788884246.191653,1260,pg_catalog,pg_authid,0,0,0,0,0,0,0,0,0
1788884246.191653,6102,pg_catalog,pg_subscription_rel,0,0,0,0,0,0,0,0,0
1788884246.191653,1214,pg_catalog,pg_shdepend,0,0,0,0,0,0,0,0,0
1788884246.191653,4163,pg_toast,pg_toast_2615,0,0,0,0,0,0,0,0,0
1788884246.191653,1985343,public,charge,0,0,0,0,0,0,0,0,0
1788884246.191653,1985440,public,daily_market,0,0,0,0,0,0,0,0,0
1788884246.191653,1985422,public,company,0,0,0,0,0,0,0,0,0
1788884246.191653,4169,pg_toast,pg_toast_3600,0,0,0,0,0,0,0,0,0
1788884246.191653,2615,pg_catalog,pg_namespace,1,4,5,2,0,0,0,0,0
1788884246.191653,2396,pg_catalog,pg_shdescription,0,0,0,0,0,0,0,0,0
1788884246.191653,3600,pg_catalog,pg_ts_dict,0,0,0,0,0,0,0,0,0
1788884246.191653,1985325,public,broker,0,0,0,0,0,0,0,0,0
1788884246.191653,3596,pg_catalog,pg_seclabel,0,0,0,0,0,0,0,0,0
1788884246.191653,1985460,public,financial,0,0,0,0,0,0,0,0,0
1788884246.191653,2609,pg_catalog,pg_description,0,0,0,0,0,0,0,0,0
1788884246.191653,1985351,public,commission_rate,0,0,0,0,0,0,0,0,0
1788884246.191653,13482,pg_toast,pg_toast_13479,0,0,0,0,0,0,0,0,0
1788884246.191653,1985396,public,trade_history,0,0,0,0,0,0,0,0,0
1788884246.191653,3603,pg_catalog,pg_ts_config_map,0,0,0,0,0,0,0,0,0
1788884246.191653,1213,pg_catalog,pg_tablespace,0,0,1,1,0,0,0,0,0
1788884246.191653,2608,pg_catalog,pg_depend,0,0,0,0,0,0,0,0,0
1788884246.191653,2964,pg_catalog,pg_db_role_setting,0,0,0,0,0,0,0,0,0
1788884246.191653,1985283,pg_toast,pg_toast_1985275,0,0,0,0,0,0,0,0,0
1788884246.191653,1418,pg_catalog,pg_user_mapping,0,0,0,0,0,0,0,0,0
1788884246.191653,2613,pg_catalog,pg_largeobject,0,0,0,0,0,0,0,0,0
1788884246.191653,6175,pg_toast,pg_toast_3456,0,0,0,0,0,0,0,0,0
1788884246.191653,1261,pg_catalog,pg_auth_members,0,0,0,0,0,0,0,0,0
1788884246.191653,1985335,public,cash_transaction,0,0,0,0,0,0,0,0,0
1788884246.191653,2617,pg_catalog,pg_operator,0,0,5,5,0,0,0,0,0
1788884246.191653,1985300,pg_toast,pg_toast_1985290,0,0,0,0,0,0,0,0,0
1788884246.191653,1985538,public,address,0,0,0,0,0,0,0,0,0
1788884246.191653,2610,pg_catalog,pg_index,1,221,11,14,0,0,0,0,0
1788884246.191653,1249,pg_catalog,pg_attribute,0,0,75,92,0,0,0,0,0
1788884246.191653,1985512,public,sector,0,0,0,0,0,0,0,0,0
1788884246.191653,1985415,public,trade_type,0,0,0,0,0,0,0,0,0
1788884246.191653,2600,pg_catalog,pg_aggregate,0,0,1,1,0,0,0,0,0
1788884246.191653,2966,pg_toast,pg_toast_2964,0,0,0,0,0,0,0,0,0
1788884246.191653,1985451,public,exchange,0,0,0,0,0,0,0,0,0
1788884246.191653,2618,pg_catalog,pg_rewrite,0,0,1,1,0,0,0,0,0
1788884246.191653,4177,pg_toast,pg_toast_1262,0,0,0,0,0,0,0,0,0
1788884246.191653,13484,information_schema,sql_parts,0,0,,,0,0,0,0,0
1788884246.191653,4159,pg_toast,pg_toast_2600,0,0,0,0,0,0,0,0,0
1788884246.191653,4147,pg_toast,pg_toast_3079,0,0,0,0,0,0,0,0,0
1788884246.191653,13474,information_schema,sql_features,0,0,,,0,0,0,0,0
1788884246.191653,1985394,pg_toast,pg_toast_1985372,0,0,0,0,0,0,0,0,0
1788884246.191653,1247,pg_catalog,pg_type,0,0,19,19,0,0,0,0,0
1788884246.191653,2602,pg_catalog,pg_amop,0,0,12,25,0,0,0,0,0
1788884246.191653,3439,pg_toast,pg_toast_3381,0,0,0,0,0,0,0,0,0
1788884246.191653,2846,pg_toast,pg_toast_2396,0,0,0,0,0,0,0,0,0
1788884246.191653,1985555,public,zip_code,0,0,0,0,0,0,0,0,0
1788884246.191653,1985478,pg_toast,pg_toast_1985460,0,0,0,0,0,0,0,0,0
1788884246.191653,4145,pg_toast,pg_toast_3466,0,0,0,0,0,0,0,0,0
1788884246.191653,3541,pg_catalog,pg_range,0,0,0,0,0,0,0,0,0
1788884246.191653,3602,pg_catalog,pg_ts_config,0,0,0,0,0,0,0,0,0
1788884246.191653,1985333,pg_toast,pg_toast_1985325,0,0,0,0,0,0,0,0,0
1788884246.191653,4183,pg_toast,pg_toast_6100,0,0,0,0,0,0,0,0,0
1788884246.191653,1985496,public,news_item,0,0,0,0,0,0,0,0,0
1788884246.191653,2224,pg_catalog,pg_sequence,0,0,0,0,0,0,0,0,0
1788884246.191653,2611,pg_catalog,pg_inherits,0,0,0,0,0,0,0,0,0
1788884246.191653,1417,pg_catalog,pg_foreign_server,0,0,0,0,0,0,0,0,0
1788884246.191653,1262,pg_catalog,pg_database,0,0,0,0,0,0,0,0,0
1788884246.191653,13492,pg_toast,pg_toast_13489,0,0,0,0,0,0,0,0,0
1788884246.191653,3501,pg_catalog,pg_enum,0,0,0,0,0,0,0,0,0
1788884246.191653,2607,pg_catalog,pg_conversion,0,0,0,0,0,0,0,0,0
1788884246.191653,1985449,pg_toast,pg_toast_1985440,0,0,0,0,0,0,0,0,0
1788884246.191653,826,pg_catalog,pg_default_acl,0,0,0,0,0,0,0,0,0
1788884246.191653,2604,pg_catalog,pg_attrdef,0,0,0,0,0,0,0,0,0
1788884246.191653,2336,pg_toast,pg_toast_2620,0,0,0,0,0,0,0,0,0
1788884246.191653,2603,pg_catalog,pg_amproc,0,0,5,11,0,0,0,0,0
1788884246.191653,2606,pg_catalog,pg_constraint,0,0,3,8,0,0,0,0,0
1788884246.191653,1255,pg_catalog,pg_proc,0,0,19,24,0,0,0,0,0
1788884246.191653,4173,pg_toast,pg_toast_1418,0,0,0,0,0,0,0,0,0
1788884246.191653,1985285,public,customer_taxrate,0,0,0,0,0,0,0,0,0
1788884246.191653,2620,pg_catalog,pg_trigger,0,0,0,0,0,0,0,0,0
1788884246.191653,1985256,public,account_permission,0,0,0,0,0,0,0,0,0
1788884246.191653,1985507,public,news_xref,0,0,0,0,0,0,0,0,0
1788884246.191653,1985480,public,industry,0,0,0,0,0,0,0,0,0
1788884246.191653,2612,pg_catalog,pg_language,0,0,0,0,0,0,0,0,0
1788884246.191653,4149,pg_toast,pg_toast_2328,0,0,0,0,0,0,0,0,0
1788884246.191653,6351,pg_toast,pg_toast_2610,0,0,0,0,0,0,0,0,0
1788884246.191653,13489,information_schema,sql_sizing,0,0,,,0,0,0,0,0
1788884246.191653,1985494,pg_toast,pg_toast_1985486,0,0,0,0,0,0,0,0,0
1788884246.191653,3598,pg_toast,pg_toast_3596,0,0,0,0,0,0,0,0,0
1788884246.191653,2836,pg_toast,pg_toast_1255,0,0,0,0,0,0,0,0,0
1788884246.191653,3456,pg_catalog,pg_collation,0,0,0,0,0,0,0,0,0
1788884246.191653,3079,pg_catalog,pg_extension,0,0,0,0,0,0,0,0,0
1788884246.191653,6100,pg_catalog,pg_subscription,0,0,0,0,0,0,0,0,0
1788884246.191653,2832,pg_toast,pg_toast_2606,0,0,0,0,0,0,0,0,0
1788884246.191653,3256,pg_catalog,pg_policy,0,0,0,0,0,0,0,0,0
1788884246.191653,1985302,public,holding_history,0,0,0,0,0,0,0,0,0
1788884246.191653,1985517,public,security,0,0,0,0,0,0,0,0,0
1788884246.191653,3466,pg_catalog,pg_event_trigger,0,0,0,0,0,0,0,0,0
1788884246.191653,3592,pg_catalog,pg_shseclabel,0,0,0,0,0,0,0,0,0
1788884246.191653,3764,pg_catalog,pg_ts_template,0,0,0,0,0,0,0,0,0
1788884246.191653,6237,pg_catalog,pg_publication_namespace,0,0,0,0,0,0,0,0,0
1788884246.191653,13487,pg_toast,pg_toast_13484,0,0,0,0,0,0,0,0,0
1788884246.191653,2995,pg_catalog,pg_largeobject_metadata,0,0,0,0,0,0,0,0,0
1788884246.191653,1985275,public,customer_account,0,0,0,0,0,0,0,0,0
1788884246.191653,4143,pg_toast,pg_toast_826,0,0,0,0,0,0,0,0,0
1788884246.191653,4185,pg_toast,pg_toast_1213,0,0,0,0,0,0,0,0,0
1788884246.191653,6243,pg_catalog,pg_parameter_acl,0,0,0,0,0,0,0,0,0
1788884246.191653,2616,pg_catalog,pg_opclass,0,0,8,134,0,0,0,0,0
1788884246.191653,1985290,public,holding,0,0,0,0,0,0,0,0,0
1788884246.191653,2838,pg_toast,pg_toast_2618,0,0,1,3,0,0,0,0,0
1788884246.191653,6228,pg_toast,pg_toast_6106,0,0,0,0,0,0,0,0,0
1788884246.191653,1985349,pg_toast,pg_toast_1985343,0,0,0,0,0,0,0,0,0
1788884246.191653,1985434,public,company_competitor,0,0,0,0,0,0,0,0,0
1788884246.191653,1985370,pg_toast,pg_toast_1985363,0,0,0,0,0,0,0,0,0
1788884246.191653,1985505,pg_toast,pg_toast_1985496,0,0,0,0,0,0,0,0,0
1788884246.191653,1985264,public,customer,0,0,0,0,0,0,0,0,0
1788884246.191653,3118,pg_catalog,pg_foreign_table,0,0,0,0,0,0,0,0,0
1788884246.191653,1259,pg_catalog,pg_class,1,523,12,12,0,0,0,0,0
1788884246.191653,3350,pg_catalog,pg_partitioned_table,0,0,0,0,0,0,0,0,0
1788884246.191653,4153,pg_toast,pg_toast_3118,0,0,0,0,0,0,0,0,0
1788884246.191653,4060,pg_toast,pg_toast_3592,0,0,0,0,0,0,0,0,0
1788884246.191653,1985543,public,status_type,0,0,0,0,0,0,0,0,0
1788884246.191653,4165,pg_toast,pg_toast_3350,0,0,0,0,0,0,0,0,0
1788884246.191653,1985402,public,trade_request,0,0,0,0,0,0,0,0,0
1788884246.191653,2753,pg_catalog,pg_opfamily,0,0,2,2,0,0,0,0,0
1788884246.191653,3601,pg_catalog,pg_ts_parser,0,0,0,0,0,0,0,0,0
1788884246.191653,6104,pg_catalog,pg_publication,0,0,0,0,0,0,0,0,0
1788884246.191653,13477,pg_toast,pg_toast_13474,0,0,0,0,0,0,0,0,0
1788884246.191653,3429,pg_catalog,pg_statistic_ext_data,0,0,0,0,0,0,0,0,0
1788884246.191653,2619,pg_catalog,pg_statistic,0,0,17,8,0,0,0,0,0
1788884246.191653,4155,pg_toast,pg_toast_3394,0,0,0,0,0,0,0,0,0
1788884246.191653,1985548,public,taxrate,0,0,0,0,0,0,0,0,0
1788884246.191653,3381,pg_catalog,pg_statistic_ext,0,0,3,0,0,0,0,0,0
1788884246.191653,6106,pg_catalog,pg_publication_rel,0,0,0,0,0,0,0,0,0
1788884246.191653,1985372,public,trade,0,0,0,0,0,0,0,0,0
1788884246.191653,2605,pg_catalog,pg_cast,0,0,34,7,0,0,0,0,0
1788884246.191653,4171,pg_toast,pg_toast_1247,0,0,0,0,0,0,0,0,0
1788884246.191653,2830,pg_toast,pg_toast_2604,0,0,0,0,0,0,0,0,0
1788884246.191653,1985309,public,holding_summary,0,0,0,0,0,0,0,0,0
1788884246.191653,1985413,pg_toast,pg_toast_1985402,0,0,0,0,0,0,0,0,0
1788884246.191653,13479,information_schema,sql_implementation_info,0,0,,,0,0,0,0,0
1788884246.191653,1985341,pg_toast,pg_toast_1985335,0,0,0,0,0,0,0,0,0
1788884246.191653,6244,pg_toast,pg_toast_6243,0,0,0,0,0,0,0,0,0
1788884246.191653,1985315,public,watch_item,0,0,0,0,0,0,0,0,0
1788884246.191653,3430,pg_toast,pg_toast_3429,0,0,0,0,0,0,0,0,0
1788884246.191653,1985320,public,watch_list,0,0,0,0,0,0,0,0,0
1788884306.285763,1985536,pg_toast,pg_toast_1985517,0,0,0,0,0,0,0,0,0
1788884306.285763,3576,pg_catalog,pg_transform,0,0,0,0,0,0,0,0,0
1788884306.285763,2601,pg_catalog,pg_am,0,0,0,0,0,0,0,0,0
1788884306.285763,1985363,public,settlement,0,0,0,0,0,0,0,0,0
1788884306.285763,3394,pg_catalog,pg_init_privs,0,0,0,0,0,0,0,0,0
1788884306.285763,4167,pg_toast,pg_toast_3256,0,0,0,0,0,0,0,0,0
1788884306.285763,4151,pg_toast,pg_toast_1417,0,0,0,0,0,0,0,0,0
1788884306.285763,2834,pg_toast,pg_toast_2609,0,0,0,0,0,0,0,0,0
1788884306.285763,6000,pg_catalog,pg_replication_origin,0,0,0,0,0,0,0,0,0
1788884306.285763,2840,pg_toast,pg_toast_2619,0,0,0,0,0,0,0,0,0
1788884306.285763,1985486,public,last_trade,0,0,0,0,0,0,0,0,0
1788884306.285763,2328,pg_catalog,pg_foreign_data_wrapper,0,0,0,0,0,0,0,0,0
1788884306.285763,4157,pg_toast,pg_toast_2612,0,0,0,0,0,0,0,0,0
1788884306.285763,1260,pg_catalog,pg_authid,0,0,0,0,0,0,0,0,0
1788884306.285763,6102,pg_catalog,pg_subscription_rel,0,0,0,0,0,0,0,0,0
1788884306.285763,1214,pg_catalog,pg_shdepend,0,0,0,0,0,0,0,0,0
1788884306.285763,4163,pg_toast,pg_toast_2615,0,0,0,0,0,0,0,0,0
1788884306.285763,1985343,public,charge,0,0,0,0,0,0,0,0,0
1788884306.285763,1985440,public,daily_market,0,0,0,0,0,0,0,0,0
1788884306.285763,1985422,public,company,0,0,0,0,0,0,0,0,0
1788884306.285763,4169,pg_toast,pg_toast_3600,0,0,0,0,0,0,0,0,0
1788884306.285763,2615,pg_catalog,pg_namespace,1,4,5,2,0,0,0,0,0
1788884306.285763,2396,pg_catalog,pg_shdescription,0,0,0,0,0,0,0,0,0
1788884306.285763,3600,pg_catalog,pg_ts_dict,0,0,0,0,0,0,0,0,0
1788884306.285763,1985325,public,broker,0,0,0,0,0,0,0,0,0
1788884306.285763,3596,pg_catalog,pg_seclabel,0,0,0,0,0,0,0,0,0
1788884306.285763,1985460,public,financial,0,0,0,0,0,0,0,0,0
1788884306.285763,2609,pg_catalog,pg_description,0,0,0,0,0,0,0,0,0
1788884306.285763,1985351,public,commission_rate,0,0,0,0,0,0,0,0,0
1788884306.285763,13482,pg_toast,pg_toast_13479,0,0,0,0,0,0,0,0,0
1788884306.285763,1985396,public,trade_history,0,0,0,0,0,0,0,0,0
1788884306.285763,3603,pg_catalog,pg_ts_config_map,0,0,0,0,0,0,0,0,0
1788884306.285763,1213,pg_catalog,pg_tablespace,0,0,1,1,0,0,0,0,0
1788884306.285763,2608,pg_catalog,pg_depend,0,0,0,0,0,0,0,0,0
1788884306.285763,2964,pg_catalog,pg_db_role_setting,0,0,0,0,0,0,0,0,0
1788884306.285763,1985283,pg_toast,pg_toast_1985275,0,0,0,0,0,0,0,0,0
1788884306.285763,1418,pg_catalog,pg_user_mapping,0,0,0,0,0,0,0,0,0
1788884306.285763,2613,pg_catalog,pg_largeobject,0,0,0,0,0,0,0,0,0
1788884306.285763,6175,pg_toast,pg_toast_3456,0,0,0,0,0,0,0,0,0
1788884306.285763,1261,pg_catalog,pg_auth_members,0,0,0,0,0,0,0,0,0
1788884306.285763,1985335,public,cash_transaction,0,0,0,0,0,0,0,0,0
1788884306.285763,2617,pg_catalog,pg_operator,0,0,5,5,0,0,0,0,0
1788884306.285763,1985300,pg_toast,pg_toast_1985290,0,0,0,0,0,0,0,0,0
1788884306.285763,1985538,public,address,0,0,0,0,0,0,0,0,0
1788884306.285763,2610,pg_catalog,pg_index,1,221,11,14,0,0,0,0,0
1788884306.285763,1249,pg_catalog,pg_attribute,0,0,75,92,0,0,0,0,0
1788884306.285763,1985512,public,sector,0,0,0,0,0,0,0,0,0
1788884306.285763,1985415,public,trade_type,0,0,0,0,0,0,0,0,0
1788884306.285763,2600,pg_catalog,pg_aggregate,0,0,1,1,0,0,0,0,0
1788884306.285763,2966,pg_toast,pg_toast_2964,0,0,0,0,0,0,0,0,0
1788884306.285763,1985451,public,exchange,0,0,0,0,0,0,0,0,0
1788884306.285763,2618,pg_catalog,pg_rewrite,0,0,1,1,0,0,0,0,0
1788884306.285763,4177,pg_toast,pg_toast_1262,0,0,0,0,0,0,0,0,0
1788884306.285763,13484,information_schema,sql_parts,0,0,,,0,0,0,0,0
1788884306.285763,4159,pg_toast,pg_toast_2600,0,0,0,0,0,0,0,0,0
1788884306.285763,4147,pg_toast,pg_toast_3079,0,0,0,0,0,0,0,0,0
1788884306.285763,13474,information_schema,sql_features,0,0,,,0,0,0,0,0
1788884306.285763,1985394,pg_toast,pg_toast_1985372,0,0,0,0,0,0,0,0,0
1788884306.285763,1247,pg_catalog,pg_type,0,0,19,19,0,0,0,0,0
1788884306.285763,2602,pg_catalog,pg_amop,0,0,12,25,0,0,0,0,0
1788884306.285763,3439,pg_toast,pg_toast_3381,0,0,0,0,0,0,0,0,0
1788884306.285763,2846,pg_toast,pg_toast_2396,0,0,0,0,0,0,0,0,0
1788884306.285763,1985555,public,zip_code,0,0,0,0,0,0,0,0,0
1788884306.285763,1985478,pg_toast,pg_toast_1985460,0,0,0,0,0,0,0,0,0
1788884306.285763,4145,pg_toast,pg_toast_3466,0,0,0,0,0,0,0,0,0
1788884306.285763,3541,pg_catalog,pg_range,0,0,0,0,0,0,0,0,0
1788884306.285763,3602,pg_catalog,pg_ts_config,0,0,0,0,0,0,0,0,0
1788884306.285763,1985333,pg_toast,pg_toast_1985325,0,0,0,0,0,0,0,0,0
1788884306.285763,4183,pg_toast,pg_toast_6100,0,0,0,0,0,0,0,0,0
1788884306.285763,1985496,public,news_item,0,0,0,0,0,0,0,0,0
1788884306.285763,2224,pg_catalog,pg_sequence,0,0,0,0,0,0,0,0,0
1788884306.285763,2611,pg_catalog,pg_inherits,0,0,0,0,0,0,0,0,0
1788884306.285763,1417,pg_catalog,pg_foreign_server,0,0,0,0,0,0,0,0,0
1788884306.285763,1262,pg_catalog,pg_database,0,0,0,0,0,0,0,0,0
1788884306.285763,13492,pg_toast,pg_toast_13489,0,0,0,0,0,0,0,0,0
1788884306.285763,3501,pg_catalog,pg_enum,0,0,0,0,0,0,0,0,0
1788884306.285763,2607,pg_catalog,pg_conversion,0,0,0,0,0,0,0,0,0
1788884306.285763,1985449,pg_toast,pg_toast_1985440,0,0,0,0,0,0,0,0,0
1788884306.285763,826,pg_catalog,pg_default_acl,0,0,0,0,0,0,0,0,0
1788884306.285763,2604,pg_catalog,pg_attrdef,0,0,0,0,0,0,0,0,0
1788884306.285763,2336,pg_toast,pg_toast_2620,0,0,0,0,0,0,0,0,0
1788884306.285763,2603,pg_catalog,pg_amproc,0,0,5,11,0,0,0,0,0
1788884306.285763,2606,pg_catalog,pg_constraint,0,0,3,8,0,0,0,0,0
1788884306.285763,1255,pg_catalog,pg_proc,0,0,19,24,0,0,0,0,0
1788884306.285763,4173,pg_toast,pg_toast_1418,0,0,0,0,0,0,0,0,0
1788884306.285763,1985285,public,customer_taxrate,0,0,0,0,0,0,0,0,0
1788884306.285763,2620,pg_catalog,pg_trigger,0,0,0,0,0,0,0,0,0
1788884306.285763,1985256,public,account_permission,0,0,0,0,0,0,0,0,0
1788884306.285763,1985507,public,news_xref,0,0,0,0,0,0,0,0,0
1788884306.285763,1985480,public,industry,0,0,0,0,0,0,0,0,0
1788884306.285763,2612,pg_catalog,pg_language,0,0,0,0,0,0,0,0,0
1788884306.285763,4149,pg_toast,pg_toast_2328,0,0,0,0,0,0,0,0,0
1788884306.285763,6351,pg_toast,pg_toast_2610,0,0,0,0,0,0,0,0,0
1788884306.285763,13489,information_schema,sql_sizing,0,0,,,0,0,0,0,0
1788884306.285763,1985494,pg_toast,pg_toast_1985486,0,0,0,0,0,0,0,0,0
1788884306.285763,3598,pg_toast,pg_toast_3596,0,0,0,0,0,0,0,0,0
1788884306.285763,2836,pg_toast,pg_toast_1255,0,0,0,0,0,0,0,0,0
1788884306.285763,3456,pg_catalog,pg_collation,0,0,0,0,0,0,0,0,0
1788884306.285763,3079,pg_catalog,pg_extension,0,0,0,0,0,0,0,0,0
1788884306.285763,6100,pg_catalog,pg_subscription,0,0,0,0,0,0,0,0,0
1788884306.285763,2832,pg_toast,pg_toast_2606,0,0,0,0,0,0,0,0,0
1788884306.285763,3256,pg_catalog,pg_policy,0,0,0,0,0,0,0,0,0
1788884306.285763,1985302,public,holding_history,0,0,0,0,0,0,0,0,0
1788884306.285763,1985517,public,security,0,0,0,0,0,0,0,0,0
1788884306.285763,3466,pg_catalog,pg_event_trigger,0,0,0,0,0,0,0,0,0
1788884306.285763,3592,pg_catalog,pg_shseclabel,0,0,0,0,0,0,0,0,0
1788884306.285763,3764,pg_catalog,pg_ts_template,0,0,0,0,0,0,0,0,0
1788884306.285763,6237,pg_catalog,pg_publication_namespace,0,0,0,0,0,0,0,0,0
1788884306.285763,13487,pg_toast,pg_toast_13484,0,0,0,0,0,0,0,0,0
1788884306.285763,2995,pg_catalog,pg_largeobject_metadata,0,0,0,0,0,0,0,0,0
1788884306.285763,1985275,public,customer_account,0,0,0,0,0,0,0,0,0
1788884306.285763,4143,pg_toast,pg_toast_826,0,0,0,0,0,0,0,0,0
1788884306.285763,4185,pg_toast,pg_toast_1213,0,0,0,0,0,0,0,0,0
1788884306.285763,6243,pg_catalog,pg_parameter_acl,0,0,0,0,0,0,0,0,0
1788884306.285763,2616,pg_catalog,pg_opclass,0,0,8,134,0,0,0,0,0
1788884306.285763,1985290,public,holding,0,0,0,0,0,0,0,0,0
1788884306.285763,2838,pg_toast,pg_toast_2618,0,0,1,3,0,0,0,0,0
1788884306.285763,6228,pg_toast,pg_toast_6106,0,0,0,0,0,0,0,0,0
1788884306.285763,1985349,pg_toast,pg_toast_1985343,0,0,0,0,0,0,0,0,0
1788884306.285763,1985434,public,company_competitor,0,0,0,0,0,0,0,0,0
1788884306.285763,1985370,pg_toast,pg_toast_1985363,0,0,0,0,0,0,0,0,0
1788884306.285763,1985505,pg_toast,pg_toast_1985496,0,0,0,0,0,0,0,0,0
1788884306.285763,1985264,public,customer,0,0,0,0,0,0,0,0,0
1788884306.285763,3118,pg_catalog,pg_foreign_table,0,0,0,0,0,0,0,0,0
1788884306.285763,1259,pg_catalog,pg_class,1,523,12,12,0,0,0,0,0
1788884306.285763,3350,pg_catalog,pg_partitioned_table,0,0,0,0,0,0,0,0,0
1788884306.285763,4153,pg_toast,pg_toast_3118,0,0,0,0,0,0,0,0,0
1788884306.285763,4060,pg_toast,pg_toast_3592,0,0,0,0,0,0,0,0,0
1788884306.285763,1985543,public,status_type,0,0,0,0,0,0,0,0,0
1788884306.285763,4165,pg_toast,pg_toast_3350,0,0,0,0,0,0,0,0,0
1788884306.285763,1985402,public,trade_request,0,0,0,0,0,0,0,0,0
1788884306.285763,2753,pg_catalog,pg_opfamily,0,0,2,2,0,0,0,0,0
1788884306.285763,3601,pg_catalog,pg_ts_parser,0,0,0,0,0,0,0,0,0
1788884306.285763,6104,pg_catalog,pg_publication,0,0,0,0,0,0,0,0,0
1788884306.285763,13477,pg_toast,pg_toast_13474,0,0,0,0,0,0,0,0,0
1788884306.285763,3429,pg_catalog,pg_statistic_ext_data,0,0,0,0,0,0,0,0,0
1788884306.285763,2619,pg_catalog,pg_statistic,0,0,17,8,0,0,0,0,0
1788884306.285763,4155,pg_toast,pg_toast_3394,0,0,0,0,0,0,0,0,0
1788884306.285763,1985548,public,taxrate,0,0,0,0,0,0,0,0,0
1788884306.285763,3381,pg_catalog,pg_statistic_ext,0,0,3,0,0,0,0,0,0
1788884306.285763,6106,pg_catalog,pg_publication_rel,0,0,0,0,0,0,0,0,0
1788884306.285763,1985372,public,trade,0,0,0,0,0,0,0,0,0
1788884306.285763,2605,pg_catalog,pg_cast,0,0,34,7,0,0,0,0,0
1788884306.285763,4171,pg_toast,pg_toast_1247,0,0,0,0,0,0,0,0,0
1788884306.285763,2830,pg_toast,pg_toast_2604,0,0,0,0,0,0,0,0,0
1788884306.285763,1985309,public,holding_summary,0,0,0,0,0,0,0,0,0
1788884306.285763,1985413,pg_toast,pg_toast_1985402,0,0,0,0,0,0,0,0,0
1788884306.285763,13479,information_schema,sql_implementation_info,0,0,,,0,0,0,0,0
1788884306.285763,1985341,pg_toast,pg_toast_1985335,0,0,0,0,0,0,0,0,0
1788884306.285763,6244,pg_toast,pg_toast_6243,0,0,0,0,0,0,0,0,0
1788884306.285763,1985315,public,watch_item,0,0,0,0,0,0,0,0,0
1788884306.285763,3430,pg_toast,pg_toast_3429,0,0,0,0,0,0,0,0,0
1788884306.285763,1985320,public,watch_list,0,0,0,0,0,0,0,0,0
1788884366.368012,1985536,pg_toast,pg_toast_1985517,0,0,0,0,0,0,0,0,0
1788884366.368012,3576,pg_catalog,pg_transform,0,0,0,0,0,0,0,0,0
1788884366.368012,2601,pg_catalog,pg_am,0,0,0,0,0,0,0,0,0
1788884366.368012,1985363,public,settlement,0,0,0,0,0,0,0,0,0
1788884366.368012,3394,pg_catalog,pg_init_privs,0,0,0,0,0,0,0,0,0
1788884366.368012,4167,pg_toast,pg_toast_3256,0,0,0,0,0,0,0,0,0
1788884366.368012,4151,pg_toast,pg_toast_1417,0,0,0,0,0,0,0,0,0
1788884366.368012,2834,pg_toast,pg_toast_2609,0,0,0,0,0,0,0,0,0
1788884366.368012,6000,pg_catalog,pg_replication_origin,0,0,0,0,0,0,0,0,0
1788884366.368012,2840,pg_toast,pg_toast_2619,0,0,0,0,0,0,0,0,0
1788884366.368012,1985486,public,last_trade,0,0,0,0,0,0,0,0,0
1788884366.368012,2328,pg_catalog,pg_foreign_data_wrapper,0,0,0,0,0,0,0,0,0
1788884366.368012,4157,pg_toast,pg_toast_2612,0,0,0,0,0,0,0,0,0
1788884366.368012,1260,pg_catalog,pg_authid,0,0,0,0,0,0,0,0,0
1788884366.368012,6102,pg_catalog,pg_subscription_rel,0,0,0,0,0,0,0,0,0
1788884366.368012,1214,pg_catalog,pg_shdepend,0,0,0,0,0,0,0,0,0
1788884366.368012,4163,pg_toast,pg_toast_2615,0,0,0,0,0,0,0,0,0
1788884366.368012,1985343,public,charge,0,0,0,0,0,0,0,0,0
1788884366.368012,1985440,public,daily_market,0,0,0,0,0,0,0,0,0
1788884366.368012,1985422,public,company,0,0,0,0,0,0,0,0,0
1788884366.368012,4169,pg_toast,pg_toast_3600,0,0,0,0,0,0,0,0,0
1788884366.368012,2615,pg_catalog,pg_namespace,1,4,5,2,0,0,0,0,0
1788884366.368012,2396,pg_catalog,pg_shdescription,0,0,0,0,0,0,0,0,0
1788884366.368012,3600,pg_catalog,pg_ts_dict,0,0,0,0,0,0,0,0,0
1788884366.368012,1985325,public,broker,0,0,0,0,0,0,0,0,0
1788884366.368012,3596,pg_catalog,pg_seclabel,0,0,0,0,0,0,0,0,0
1788884366.368012,1985460,public,financial,0,0,0,0,0,0,0,0,0
1788884366.368012,2609,pg_catalog,pg_description,0,0,0,0,0,0,0,0,0
1788884366.368012,1985351,public,commission_rate,0,0,0,0,0,0,0,0,0
1788884366.368012,13482,pg_toast,pg_toast_13479,0,0,0,0,0,0,0,0,0
1788884366.368012,1985396,public,trade_history,0,0,0,0,0,0,0,0,0
1788884366.368012,3603,pg_catalog,pg_ts_config_map,0,0,0,0,0,0,0,0,0
1788884366.368012,1213,pg_catalog,pg_tablespace,0,0,1,1,0,0,0,0,0
1788884366.368012,2608,pg_catalog,pg_depend,0,0,0,0,0,0,0,0,0
1788884366.368012,2964,pg_catalog,pg_db_role_setting,0,0,0,0,0,0,0,0,0
1788884366.368012,1985283,pg_toast,pg_toast_1985275,0,0,0,0,0,0,0,0,0
1788884366.368012,1418,pg_catalog,pg_user_mapping,0,0,0,0,0,0,0,0,0
1788884366.368012,2613,pg_catalog,pg_largeobject,0,0,0,0,0,0,0,0,0
1788884366.368012,6175,pg_toast,pg_toast_3456,0,0,0,0,0,0,0,0,0
1788884366.368012,1261,pg_catalog,pg_auth_members,0,0,0,0,0,0,0,0,0
1788884366.368012,1985335,public,cash_transaction,0,0,0,0,0,0,0,0,0
1788884366.368012,2617,pg_catalog,pg_operator,0,0,5,5,0,0,0,0,0
1788884366.368012,1985300,pg_toast,pg_toast_1985290,0,0,0,0,0,0,0,0,0
1788884366.368012,1985538,public,address,0,0,0,0,0,0,0,0,0
1788884366.368012,2610,pg_catalog,pg_index,1,221,11,14,0,0,0,0,0
1788884366.368012,1249,pg_catalog,pg_attribute,0,0,75,92,0,0,0,0,0
1788884366.368012,1985512,public,sector,0,0,0,0,0,0,0,0,0
1788884366.368012,1985415,public,trade_type,0,0,0,0,0,0,0,0,0
1788884366.368012,2600,pg_catalog,pg_aggregate,0,0,1,1,0,0,0,0,0
1788884366.368012,2966,pg_toast,pg_toast_2964,0,0,0,0,0,0,0,0,0
1788884366.368012,1985451,public,exchange,0,0,0,0,0,0,0,0,0
1788884366.368012,2618,pg_catalog,pg_rewrite,0,0,1,1,0,0,0,0,0
1788884366.368012,4177,pg_toast,pg_toast_1262,0,0,0,0,0,0,0,0,0
1788884366.368012,13484,information_schema,sql_parts,0,0,,,0,0,0,0,0
1788884366.368012,4159,pg_toast,pg_toast_2600,0,0,0,0,0,0,0,0,0
1788884366.368012,4147,pg_toast,pg_toast_3079,0,0,0,0,0,0,0,0,0
1788884366.368012,13474,information_schema,sql_features,0,0,,,0,0,0,0,0
1788884366.368012,1985394,pg_toast,pg_toast_1985372,0,0,0,0,0,0,0,0,0
1788884366.368012,1247,pg_catalog,pg_type,0,0,19,19,0,0,0,0,0
1788884366.368012,2602,pg_catalog,pg_amop,0,0,12,25,0,0,0,0,0
1788884366.368012,3439,pg_toast,pg_toast_3381,0,0,0,0,0,0,0,0,0
1788884366.368012,2846,pg_toast,pg_toast_2396,0,0,0,0,0,0,0,0,0
1788884366.368012,1985555,public,zip_code,0,0,0,0,0,0,0,0,0
1788884366.368012,1985478,pg_toast,pg_toast_1985460,0,0,0,0,0,0,0,0,0
1788884366.368012,4145,pg_toast,pg_toast_3466,0,0,0,0,0,0,0,0,0
1788884366.368012,3541,pg_catalog,pg_range,0,0,0,0,0,0,0,0,0
1788884366.368012,3602,pg_catalog,pg_ts_config,0,0,0,0,0,0,0,0,0
1788884366.368012,1985333,pg_toast,pg_toast_1985325,0,0,0,0,0,0,0,0,0
1788884366.368012,4183,pg_toast,pg_toast_6100,0,0,0,0,0,0,0,0,0
1788884366.368012,1985496,public,news_item,0,0,0,0,0,0,0,0,0
1788884366.368012,2224,pg_catalog,pg_sequence,0,0,0,0,0,0,0,0,0
1788884366.368012,2611,pg_catalog,pg_inherits,0,0,0,0,0,0,0,0,0
1788884366.368012,1417,pg_catalog,pg_foreign_server,0,0,0,0,0,0,0,0,0
1788884366.368012,1262,pg_catalog,pg_database,0,0,0,0,0,0,0,0,0
1788884366.368012,13492,pg_toast,pg_toast_13489,0,0,0,0,0,0,0,0,0
1788884366.368012,3501,pg_catalog,pg_enum,0,0,0,0,0,0,0,0,0
1788884366.368012,2607,pg_catalog,pg_conversion,0,0,0,0,0,0,0,0,0
1788884366.368012,1985449,pg_toast,pg_toast_1985440,0,0,0,0,0,0,0,0,0
1788884366.368012,826,pg_catalog,pg_default_acl,0,0,0,0,0,0,0,0,0
1788884366.368012,2604,pg_catalog,pg_attrdef,0,0,0,0,0,0,0,0,0
1788884366.368012,2336,pg_toast,pg_toast_2620,0,0,0,0,0,0,0,0,0
1788884366.368012,2603,pg_catalog,pg_amproc,0,0,5,11,0,0,0,0,0
1788884366.368012,2606,pg_catalog,pg_constraint,0,0,3,8,0,0,0,0,0
1788884366.368012,1255,pg_catalog,pg_proc,0,0,19,24,0,0,0,0,0
1788884366.368012,4173,pg_toast,pg_toast_1418,0,0,0,0,0,0,0,0,0
1788884366.368012,1985285,public,customer_taxrate,0,0,0,0,0,0,0,0,0
1788884366.368012,2620,pg_catalog,pg_trigger,0,0,0,0,0,0,0,0,0
1788884366.368012,1985256,public,account_permission,0,0,0,0,0,0,0,0,0
1788884366.368012,1985507,public,news_xref,0,0,0,0,0,0,0,0,0
1788884366.368012,1985480,public,industry,0,0,0,0,0,0,0,0,0
1788884366.368012,2612,pg_catalog,pg_language,0,0,0,0,0,0,0,0,0
1788884366.368012,4149,pg_toast,pg_toast_2328,0,0,0,0,0,0,0,0,0
1788884366.368012,6351,pg_toast,pg_toast_2610,0,0,0,0,0,0,0,0,0
1788884366.368012,13489,information_schema,sql_sizing,0,0,,,0,0,0,0,0
1788884366.368012,1985494,pg_toast,pg_toast_1985486,0,0,0,0,0,0,0,0,0
1788884366.368012,3598,pg_toast,pg_toast_3596,0,0,0,0,0,0,0,0,0
1788884366.368012,2836,pg_toast,pg_toast_1255,0,0,0,0,0,0,0,0,0
1788884366.368012,3456,pg_catalog,pg_collation,0,0,0,0,0,0,0,0,0
1788884366.368012,3079,pg_catalog,pg_extension,0,0,0,0,0,0,0,0,0
1788884366.368012,6100,pg_catalog,pg_subscription,0,0,0,0,0,0,0,0,0
1788884366.368012,2832,pg_toast,pg_toast_2606,0,0,0,0,0,0,0,0,0
1788884366.368012,3256,pg_catalog,pg_policy,0,0,0,0,0,0,0,0,0
1788884366.368012,1985302,public,holding_history,0,0,0,0,0,0,0,0,0
1788884366.368012,1985517,public,security,0,0,0,0,0,0,0,0,0
1788884366.368012,3466,pg_catalog,pg_event_trigger,0,0,0,0,0,0,0,0,0
1788884366.368012,3592,pg_catalog,pg_shseclabel,0,0,0,0,0,0,0,0,0
1788884366.368012,3764,pg_catalog,pg_ts_template,0,0,0,0,0,0,0,0,0
1788884366.368012,6237,pg_catalog,pg_publication_namespace,0,0,0,0,0,0,0,0,0
1788884366.368012,13487,pg_toast,pg_toast_13484,0,0,0,0,0,0,0,0,0
1788884366.368012,2995,pg_catalog,pg_largeobject_metadata,0,0,0,0,0,0,0,0,0
1788884366.368012,1985275,public,customer_account,0,0,0,0,0,0,0,0,0
1788884366.368012,4143,pg_toast,pg_toast_826,0,0,0,0,0,0,0,0,0
1788884366.368012,4185,pg_toast,pg_toast_1213,0,0,0,0,0,0,0,0,0
1788884366.368012,6243,pg_catalog,pg_parameter_acl,0,0,0,0,0,0,0,0,0
1788884366.368012,2616,pg_catalog,pg_opclass,0,0,8,134,0,0,0,0,0
1788884366.368012,1985290,public,holding,0,0,0,0,0,0,0,0,0
1788884366.368012,2838,pg_toast,pg_toast_2618,0,0,1,3,0,0,0,0,0
1788884366.368012,6228,pg_toast,pg_toast_6106,0,0,0,0,0,0,0,0,0
1788884366.368012,1985349,pg_toast,pg_toast_1985343,0,0,0,0,0,0,0,0,0
1788884366.368012,1985434,public,company_competitor,0,0,0,0,0,0,0,0,0
1788884366.368012,1985370,pg_toast,pg_toast_1985363,0,0,0,0,0,0,0,0,0
1788884366.368012,1985505,pg_toast,pg_toast_1985496,0,0,0,0,0,0,0,0,0
1788884366.368012,1985264,public,customer,0,0,0,0,0,0,0,0,0
1788884366.368012,3118,pg_catalog,pg_foreign_table,0,0,0,0,0,0,0,0,0
1788884366.368012,1259,pg_catalog,pg_class,1,523,12,12,0,0,0,0,0
1788884366.368012,3350,pg_catalog,pg_partitioned_table,0,0,0,0,0,0,0,0,0
1788884366.368012,4153,pg_toast,pg_toast_3118,0,0,0,0,0,0,0,0,0
1788884366.368012,4060,pg_toast,pg_toast_3592,0,0,0,0,0,0,0,0,0
1788884366.368012,1985543,public,status_type,0,0,0,0,0,0,0,0,0
1788884366.368012,4165,pg_toast,pg_toast_3350,0,0,0,0,0,0,0,0,0
1788884366.368012,1985402,public,trade_request,0,0,0,0,0,0,0,0,0
1788884366.368012,2753,pg_catalog,pg_opfamily,0,0,2,2,0,0,0,0,0
1788884366.368012,3601,pg_catalog,pg_ts_parser,0,0,0,0,0,0,0,0,0
1788884366.368012,6104,pg_catalog,pg_publication,0,0,0,0,0,0,0,0,0
1788884366.368012,13477,pg_toast,pg_toast_13474,0,0,0,0,0,0,0,0,0
1788884366.368012,3429,pg_catalog,pg_statistic_ext_data,0,0,0,0,0,0,0,0,0
1788884366.368012,2619,pg_catalog,pg_statistic,0,0,17,8,0,0,0,0,0
1788884366.368012,4155,pg_toast,pg_toast_3394,0,0,0,0,0,0,0,0,0
1788884366.368012,1985548,public,taxrate,0,0,0,0,0,0,0,0,0
1788884366.368012,3381,pg_catalog,pg_statistic_ext,0,0,3,0,0,0,0,0,0
1788884366.368012,6106,pg_catalog,pg_publication_rel,0,0,0,0,0,0,0,0,0
1788884366.368012,1985372,public,trade,0,0,0,0,0,0,0,0,0
1788884366.368012,2605,pg_catalog,pg_cast,0,0,34,7,0,0,0,0,0
1788884366.368012,4171,pg_toast,pg_toast_1247,0,0,0,0,0,0,0,0,0
1788884366.368012,2830,pg_toast,pg_toast_2604,0,0,0,0,0,0,0,0,0
1788884366.368012,1985309,public,holding_summary,0,0,0,0,0,0,0,0,0
1788884366.368012,1985413,pg_toast,pg_toast_1985402,0,0,0,0,0,0,0,0,0
1788884366.368012,13479,information_schema,sql_implementation_info,0,0,,,0,0,0,0,0
1788884366.368012,1985341,pg_toast,pg_toast_1985335,0,0,0,0,0,0,0,0,0
1788884366.368012,6244,pg_toast,pg_toast_6243,0,0,0,0,0,0,0,0,0
1788884366.368012,1985315,public,watch_item,0,0,0,0,0,0,0,0,0
1788884366.368012,3430,pg_toast,pg_toast_3429,0,0,0,0,0,0,0,0,0
1788884366.368012,1985320,public,watch_list,0,0,0,0,0,0,0,0,0
1788884426.443210,1985536,pg_toast,pg_toast_1985517,0,0,0,0,0,0,0,0,0
1788884426.443210,3576,pg_catalog,pg_transform,0,0,0,0,0,0,0,0,0
1788884426.443210,2601,pg_catalog,pg_am,0,0,0,0,0,0,0,0,0
1788884426.443210,1985363,public,settlement,0,0,0,0,0,0,0,0,0
1788884426.443210,3394,pg_catalog,pg_init_privs,0,0,0,0,0,0,0,0,0
1788884426.443210,4167,pg_toast,pg_toast_3256,0,0,0,0,0,0,0,0,0
1788884426.443210,4151,pg_toast,pg_toast_1417,0,0,0,0,0,0,0,0,0
1788884426.443210,2834,pg_toast,pg_toast_2609,0,0,0,0,0,0,0,0,0
1788884426.443210,6000,pg_catalog,pg_replication_origin,0,0,0,0,0,0,0,0,0
1788884426.443210,2840,pg_toast,pg_toast_2619,0,0,0,0,0,0,0,0,0
1788884426.443210,1985486,public,last_trade,0,0,0,0,0,0,0,0,0
1788884426.443210,2328,pg_catalog,pg_foreign_data_wrapper,0,0,0,0,0,0,0,0,0
1788884426.443210,4157,pg_toast,pg_toast_2612,0,0,0,0,0,0,0,0,0
1788884426.443210,1260,pg_catalog,pg_authid,0,0,0,0,0,0,0,0,0
1788884426.443210,6102,pg_catalog,pg_subscription_rel,0,0,0,0,0,0,0,0,0
1788884426.443210,1214,pg_catalog,pg_shdepend,0,0,0,0,0,0,0,0,0
1788884426.443210,4163,pg_toast,pg_toast_2615,0,0,0,0,0,0,0,0,0
1788884426.443210,1985343,public,charge,0,0,0,0,0,0,0,0,0
1788884426.443210,1985440,public,daily_market,0,0,0,0,0,0,0,0,0
1788884426.443210,1985422,public,company,0,0,0,0,0,0,0,0,0
1788884426.443210,4169,pg_toast,pg_toast_3600,0,0,0,0,0,0,0,0,0
1788884426.443210,2615,pg_catalog,pg_namespace,1,4,5,2,0,0,0,0,0
1788884426.443210,2396,pg_catalog,pg_shdescription,0,0,0,0,0,0,0,0,0
1788884426.443210,3600,pg_catalog,pg_ts_dict,0,0,0,0,0,0,0,0,0
1788884426.443210,1985325,public,broker,0,0,0,0,0,0,0,0,0
1788884426.443210,3596,pg_catalog,pg_seclabel,0,0,0,0,0,0,0,0,0
1788884426.443210,1985460,public,financial,0,0,0,0,0,0,0,0,0
1788884426.443210,2609,pg_catalog,pg_description,0,0,0,0,0,0,0,0,0
1788884426.443210,1985351,public,commission_rate,0,0,0,0,0,0,0,0,0
1788884426.443210,13482,pg_toast,pg_toast_13479,0,0,0,0,0,0,0,0,0
1788884426.443210,1985396,public,trade_history,0,0,0,0,0,0,0,0,0
1788884426.443210,3603,pg_catalog,pg_ts_config_map,0,0,0,0,0,0,0,0,0
1788884426.443210,1213,pg_catalog,pg_tablespace,0,0,1,1,0,0,0,0,0
1788884426.443210,2608,pg_catalog,pg_depend,0,0,0,0,0,0,0,0,0
1788884426.443210,2964,pg_catalog,pg_db_role_setting,0,0,0,0,0,0,0,0,0
1788884426.443210,1985283,pg_toast,pg_toast_1985275,0,0,0,0,0,0,0,0,0
1788884426.443210,1418,pg_catalog,pg_user_mapping,0,0,0,0,0,0,0,0,0
1788884426.443210,2613,pg_catalog,pg_largeobject,0,0,0,0,0,0,0,0,0
1788884426.443210,6175,pg_toast,pg_toast_3456,0,0,0,0,0,0,0,0,0
1788884426.443210,1261,pg_catalog,pg_auth_members,0,0,0,0,0,0,0,0,0
1788884426.443210,1985335,public,cash_transaction,0,0,0,0,0,0,0,0,0
1788884426.443210,2617,pg_catalog,pg_operator,0,0,5,5,0,0,0,0,0
1788884426.443210,1985300,pg_toast,pg_toast_1985290,0,0,0,0,0,0,0,0,0
1788884426.443210,1985538,public,address,0,0,0,0,0,0,0,0,0
1788884426.443210,2610,pg_catalog,pg_index,1,221,11,14,0,0,0,0,0
1788884426.443210,1249,pg_catalog,pg_attribute,0,0,75,92,0,0,0,0,0
1788884426.443210,1985512,public,sector,0,0,0,0,0,0,0,0,0
1788884426.443210,1985415,public,trade_type,0,0,0,0,0,0,0,0,0
1788884426.443210,2600,pg_catalog,pg_aggregate,0,0,1,1,0,0,0,0,0
1788884426.443210,2966,pg_toast,pg_toast_2964,0,0,0,0,0,0,0,0,0
1788884426.443210,1985451,public,exchange,0,0,0,0,0,0,0,0,0
1788884426.443210,2618,pg_catalog,pg_rewrite,0,0,1,1,0,0,0,0,0
1788884426.443210,4177,pg_toast,pg_toast_1262,0,0,0,0,0,0,0,0,0
1788884426.443210,13484,information_schema,sql_parts,0,0,,,0,0,0,0,0
1788884426.443210,4159,pg_toast,pg_toast_2600,0,0,0,0,0,0,0,0,0
1788884426.443210,4147,pg_toast,pg_toast_3079,0,0,0,0,0,0,0,0,0
1788884426.443210,13474,information_schema,sql_features,0,0,,,0,0,0,0,0
1788884426.443210,1985394,pg_toast,pg_toast_1985372,0,0,0,0,0,0,0,0,0
1788884426.443210,1247,pg_catalog,pg_type,0,0,19,19,0,0,0,0,0
1788884426.443210,2602,pg_catalog,pg_amop,0,0,12,25,0,0,0,0,0
1788884426.443210,3439,pg_toast,pg_toast_3381,0,0,0,0,0,0,0,0,0
1788884426.443210,2846,pg_toast,pg_toast_2396,0,0,0,0,0,0,0,0,0
1788884426.443210,1985555,public,zip_code,0,0,0,0,0,0,0,0,0
1788884426.443210,1985478,pg_toast,pg_toast_1985460,0,0,0,0,0,0,0,0,0
1788884426.443210,4145,pg_toast,pg_toast_3466,0,0,0,0,0,0,0,0,0
1788884426.443210,3541,pg_catalog,pg_range,0,0,0,0,0,0,0,0,0
1788884426.443210,3602,pg_catalog,pg_ts_config,0,0,0,0,0,0,0,0,0
1788884426.443210,1985333,pg_toast,pg_toast_1985325,0,0,0,0,0,0,0,0,0
1788884426.443210,4183,pg_toast,pg_toast_6100,0,0,0,0,0,0,0,0,0
1788884426.443210,1985496,public,news_item,0,0,0,0,0,0,0,0,0
1788884426.443210,2224,pg_catalog,pg_sequence,0,0,0,0,0,0,0,0,0
1788884426.443210,2611,pg_catalog,pg_inherits,0,0,0,0,0,0,0,0,0
1788884426.443210,1417,pg_catalog,pg_foreign_server,0,0,0,0,0,0,0,0,0
1788884426.443210,1262,pg_catalog,pg_database,0,0,0,0,0,0,0,0,0
1788884426.443210,13492,pg_toast,pg_toast_13489,0,0,0,0,0,0,0,0,0
1788884426.443210,3501,pg_catalog,pg_enum,0,0,0,0,0,0,0,0,0
1788884426.443210,2607,pg_catalog,pg_conversion,0,0,0,0,0,0,0,0,0
1788884426.443210,1985449,pg_toast,pg_toast_1985440,0,0,0,0,0,0,0,0,0
1788884426.443210,826,pg_catalog,pg_default_acl,0,0,0,0,0,0,0,0,0
1788884426.443210,2604,pg_catalog,pg_attrdef,0,0,0,0,0,0,0,0,0
1788884426.443210,2336,pg_toast,pg_toast_2620,0,0,0,0,0,0,0,0,0
1788884426.443210,2603,pg_catalog,pg_amproc,0,0,5,11,0,0,0,0,0
1788884426.443210,2606,pg_catalog,pg_constraint,0,0,3,8,0,0,0,0,0
1788884426.443210,1255,pg_catalog,pg_proc,0,0,19,24,0,0,0,0,0
1788884426.443210,4173,pg_toast,pg_toast_1418,0,0,0,0,0,0,0,0,0
1788884426.443210,1985285,public,customer_taxrate,0,0,0,0,0,0,0,0,0
1788884426.443210,2620,pg_catalog,pg_trigger,0,0,0,0,0,0,0,0,0
1788884426.443210,1985256,public,account_permission,0,0,0,0,0,0,0,0,0
1788884426.443210,1985507,public,news_xref,0,0,0,0,0,0,0,0,0
1788884426.443210,1985480,public,industry,0,0,0,0,0,0,0,0,0
1788884426.443210,2612,pg_catalog,pg_language,0,0,0,0,0,0,0,0,0
1788884426.443210,4149,pg_toast,pg_toast_2328,0,0,0,0,0,0,0,0,0
1788884426.443210,6351,pg_toast,pg_toast_2610,0,0,0,0,0,0,0,0,0
1788884426.443210,13489,information_schema,sql_sizing,0,0,,,0,0,0,0,0
1788884426.443210,1985494,pg_toast,pg_toast_1985486,0,0,0,0,0,0,0,0,0
1788884426.443210,3598,pg_toast,pg_toast_3596,0,0,0,0,0,0,0,0,0
1788884426.443210,2836,pg_toast,pg_toast_1255,0,0,0,0,0,0,0,0,0
1788884426.443210,3456,pg_catalog,pg_collation,0,0,0,0,0,0,0,0,0
1788884426.443210,3079,pg_catalog,pg_extension,0,0,0,0,0,0,0,0,0
1788884426.443210,6100,pg_catalog,pg_subscription,0,0,0,0,0,0,0,0,0
1788884426.443210,2832,pg_toast,pg_toast_2606,0,0,0,0,0,0,0,0,0
1788884426.443210,3256,pg_catalog,pg_policy,0,0,0,0,0,0,0,0,0
1788884426.443210,1985302,public,holding_history,0,0,0,0,0,0,0,0,0
1788884426.443210,1985517,public,security,0,0,0,0,0,0,0,0,0
1788884426.443210,3466,pg_catalog,pg_event_trigger,0,0,0,0,0,0,0,0,0
1788884426.443210,3592,pg_catalog,pg_shseclabel,0,0,0,0,0,0,0,0,0
1788884426.443210,3764,pg_catalog,pg_ts_template,0,0,0,0,0,0,0,0,0
1788884426.443210,6237,pg_catalog,pg_publication_namespace,0,0,0,0,0,0,0,0,0
1788884426.443210,13487,pg_toast,pg_toast_13484,0,0,0,0,0,0,0,0,0
1788884426.443210,2995,pg_catalog,pg_largeobject_metadata,0,0,0,0,0,0,0,0,0
1788884426.443210,1985275,public,customer_account,0,0,0,0,0,0,0,0,0
1788884426.443210,4143,pg_toast,pg_toast_826,0,0,0,0,0,0,0,0,0
1788884426.443210,4185,pg_toast,pg_toast_1213,0,0,0,0,0,0,0,0,0
1788884426.443210,6243,pg_catalog,pg_parameter_acl,0,0,0,0,0,0,0,0,0
1788884426.443210,2616,pg_catalog,pg_opclass,0,0,8,134,0,0,0,0,0
1788884426.443210,1985290,public,holding,0,0,0,0,0,0,0,0,0
1788884426.443210,2838,pg_toast,pg_toast_2618,0,0,1,3,0,0,0,0,0
1788884426.443210,6228,pg_toast,pg_toast_6106,0,0,0,0,0,0,0,0,0
1788884426.443210,1985349,pg_toast,pg_toast_1985343,0,0,0,0,0,0,0,0,0
1788884426.443210,1985434,public,company_competitor,0,0,0,0,0,0,0,0,0
1788884426.443210,1985370,pg_toast,pg_toast_1985363,0,0,0,0,0,0,0,0,0
1788884426.443210,1985505,pg_toast,pg_toast_1985496,0,0,0,0,0,0,0,0,0
1788884426.443210,1985264,public,customer,0,0,0,0,0,0,0,0,0
1788884426.443210,3118,pg_catalog,pg_foreign_table,0,0,0,0,0,0,0,0,0
1788884426.443210,1259,pg_catalog,pg_class,1,523,12,12,0,0,0,0,0
1788884426.443210,3350,pg_catalog,pg_partitioned_table,0,0,0,0,0,0,0,0,0
1788884426.443210,4153,pg_toast,pg_toast_3118,0,0,0,0,0,0,0,0,0
1788884426.443210,4060,pg_toast,pg_toast_3592,0,0,0,0,0,0,0,0,0
1788884426.443210,1985543,public,status_type,0,0,0,0,0,0,0,0,0
1788884426.443210,4165,pg_toast,pg_toast_3350,0,0,0,0,0,0,0,0,0
1788884426.443210,1985402,public,trade_request,0,0,0,0,0,0,0,0,0
1788884426.443210,2753,pg_catalog,pg_opfamily,0,0,2,2,0,0,0,0,0
1788884426.443210,3601,pg_catalog,pg_ts_parser,0,0,0,0,0,0,0,0,0
1788884426.443210,6104,pg_catalog,pg_publication,0,0,0,0,0,0,0,0,0
1788884426.443210,13477,pg_toast,pg_toast_13474,0,0,0,0,0,0,0,0,0
1788884426.443210,3429,pg_catalog,pg_statistic_ext_data,0,0,0,0,0,0,0,0,0
1788884426.443210,2619,pg_catalog,pg_statistic,0,0,17,8,0,0,0,0,0
1788884426.443210,4155,pg_toast,pg_toast_3394,0,0,0,0,0,0,0,0,0
1788884426.443210,1985548,public,taxrate,0,0,0,0,0,0,0,0,0
1788884426.443210,3381,pg_catalog,pg_statistic_ext,0,0,3,0,0,0,0,0,0
1788884426.443210,6106,pg_catalog,pg_publication_rel,0,0,0,0,0,0,0,0,0
1788884426.443210,1985372,public,trade,0,0,0,0,0,0,0,0,0
1788884426.443210,2605,pg_catalog,pg_cast,0,0,34,7,0,0,0,0,0
1788884426.443210,4171,pg_toast,pg_toast_1247,0,0,0,0,0,0,0,0,0
1788884426.443210,2830,pg_toast,pg_toast_2604,0,0,0,0,0,0,0,0,0
1788884426.443210,1985309,public,holding_summary,0,0,0,0,0,0,0,0,0
1788884426.443210,1985413,pg_toast,pg_toast_1985402,0,0,0,0,0,0,0,0,0
1788884426.443210,13479,information_schema,sql_implementation_info,0,0,,,0,0,0,0,0
1788884426.443210,1985341,pg_toast,pg_toast_1985335,0,0,0,0,0,0,0,0,0
1788884426.443210,6244,pg_toast,pg_toast_6243,0,0,0,0,0,0,0,0,0
1788884426.443210,1985315,public,watch_item,0,0,0,0,0,0,0,0,0
1788884426.443210,3430,pg_toast,pg_toast_3429,0,0,0,0,0,0,0,0,0
1788884426.443210,1985320,public,watch_list,0,0,0,0,0,0,0,0,0
1788884486.567727,1985536,pg_toast,pg_toast_1985517,0,0,0,0,0,0,0,0,0
1788884486.567727,3576,pg_catalog,pg_transform,0,0,0,0,0,0,0,0,0
1788884486.567727,2601,pg_catalog,pg_am,0,0,0,0,0,0,0,0,0
1788884486.567727,1985363,public,settlement,0,0,0,0,0,0,0,0,0
1788884486.567727,3394,pg_catalog,pg_init_privs,0,0,0,0,0,0,0,0,0
1788884486.567727,4167,pg_toast,pg_toast_3256,0,0,0,0,0,0,0,0,0
1788884486.567727,4151,pg_toast,pg_toast_1417,0,0,0,0,0,0,0,0,0
1788884486.567727,2834,pg_toast,pg_toast_2609,0,0,0,0,0,0,0,0,0
1788884486.567727,6000,pg_catalog,pg_replication_origin,0,0,0,0,0,0,0,0,0
1788884486.567727,2840,pg_toast,pg_toast_2619,0,0,0,0,0,0,0,0,0
1788884486.567727,1985486,public,last_trade,0,0,0,0,0,0,0,0,0
1788884486.567727,2328,pg_catalog,pg_foreign_data_wrapper,0,0,0,0,0,0,0,0,0
1788884486.567727,4157,pg_toast,pg_toast_2612,0,0,0,0,0,0,0,0,0
1788884486.567727,1260,pg_catalog,pg_authid,0,0,0,0,0,0,0,0,0
1788884486.567727,6102,pg_catalog,pg_subscription_rel,0,0,0,0,0,0,0,0,0
1788884486.567727,1214,pg_catalog,pg_shdepend,0,0,0,0,0,0,0,0,0
1788884486.567727,4163,pg_toast,pg_toast_2615,0,0,0,0,0,0,0,0,0
1788884486.567727,1985343,public,charge,0,0,0,0,0,0,0,0,0
1788884486.567727,1985440,public,daily_market,0,0,0,0,0,0,0,0,0
1788884486.567727,1985422,public,company,0,0,0,0,0,0,0,0,0
1788884486.567727,4169,pg_toast,pg_toast_3600,0,0,0,0,0,0,0,0,0
1788884486.567727,2615,pg_catalog,pg_namespace,1,4,5,2,0,0,0,0,0
1788884486.567727,2396,pg_catalog,pg_shdescription,0,0,0,0,0,0,0,0,0
1788884486.567727,3600,pg_catalog,pg_ts_dict,0,0,0,0,0,0,0,0,0
1788884486.567727,1985325,public,broker,0,0,0,0,0,0,0,0,0
1788884486.567727,3596,pg_catalog,pg_seclabel,0,0,0,0,0,0,0,0,0
1788884486.567727,1985460,public,financial,0,0,0,0,0,0,0,0,0
1788884486.567727,2609,pg_catalog,pg_description,0,0,0,0,0,0,0,0,0
1788884486.567727,1985351,public,commission_rate,0,0,0,0,0,0,0,0,0
1788884486.567727,13482,pg_toast,pg_toast_13479,0,0,0,0,0,0,0,0,0
1788884486.567727,1985396,public,trade_history,0,0,0,0,0,0,0,0,0
1788884486.567727,3603,pg_catalog,pg_ts_config_map,0,0,0,0,0,0,0,0,0
1788884486.567727,1213,pg_catalog,pg_tablespace,0,0,1,1,0,0,0,0,0
1788884486.567727,2608,pg_catalog,pg_depend,0,0,0,0,0,0,0,0,0
1788884486.567727,2964,pg_catalog,pg_db_role_setting,0,0,0,0,0,0,0,0,0
1788884486.567727,1985283,pg_toast,pg_toast_1985275,0,0,0,0,0,0,0,0,0
1788884486.567727,1418,pg_catalog,pg_user_mapping,0,0,0,0,0,0,0,0,0
1788884486.567727,2613,pg_catalog,pg_largeobject,0,0,0,0,0,0,0,0,0
1788884486.567727,6175,pg_toast,pg_toast_3456,0,0,0,0,0,0,0,0,0
1788884486.567727,1261,pg_catalog,pg_auth_members,0,0,0,0,0,0,0,0,0
1788884486.567727,1985335,public,cash_transaction,0,0,0,0,0,0,0,0,0
1788884486.567727,2617,pg_catalog,pg_operator,0,0,5,5,0,0,0,0,0
1788884486.567727,1985300,pg_toast,pg_toast_1985290,0,0,0,0,0,0,0,0,0
1788884486.567727,1985538,public,address,0,0,0,0,0,0,0,0,0
1788884486.567727,2610,pg_catalog,pg_index,1,221,11,14,0,0,0,0,0
1788884486.567727,1249,pg_catalog,pg_attribute,0,0,75,92,0,0,0,0,0
1788884486.567727,1985512,public,sector,0,0,0,0,0,0,0,0,0
1788884486.567727,1985415,public,trade_type,0,0,0,0,0,0,0,0,0
1788884486.567727,2600,pg_catalog,pg_aggregate,0,0,1,1,0,0,0,0,0
1788884486.567727,2966,pg_toast,pg_toast_2964,0,0,0,0,0,0,0,0,0
1788884486.567727,1985451,public,exchange,0,0,0,0,0,0,0,0,0
1788884486.567727,2618,pg_catalog,pg_rewrite,0,0,1,1,0,0,0,0,0
1788884486.567727,4177,pg_toast,pg_toast_1262,0,0,0,0,0,0,0,0,0
1788884486.567727,13484,information_schema,sql_parts,0,0,,,0,0,0,0,0
1788884486.567727,4159,pg_toast,pg_toast_2600,0,0,0,0,0,0,0,0,0
1788884486.567727,4147,pg_toast,pg_toast_3079,0,0,0,0,0,0,0,0,0
1788884486.567727,13474,information_schema,sql_features,0,0,,,0,0,0,0,0
1788884486.567727,1985394,pg_toast,pg_toast_1985372,0,0,0,0,0,0,0,0,0
1788884486.567727,1247,pg_catalog,pg_type,0,0,19,19,0,0,0,0,0
1788884486.567727,2602,pg_catalog,pg_amop,0,0,12,25,0,0,0,0,0
1788884486.567727,3439,pg_toast,pg_toast_3381,0,0,0,0,0,0,0,0,0
1788884486.567727,2846,pg_toast,pg_toast_2396,0,0,0,0,0,0,0,0,0
1788884486.567727,1985555,public,zip_code,0,0,0,0,0,0,0,0,0
1788884486.567727,1985478,pg_toast,pg_toast_1985460,0,0,0,0,0,0,0,0,0
1788884486.567727,4145,pg_toast,pg_toast_3466,0,0,0,0,0,0,0,0,0
1788884486.567727,3541,pg_catalog,pg_range,0,0,0,0,0,0,0,0,0
1788884486.567727,3602,pg_catalog,pg_ts_config,0,0,0,0,0,0,0,0,0
1788884486.567727,1985333,pg_toast,pg_toast_1985325,0,0,0,0,0,0,0,0,0
1788884486.567727,4183,pg_toast,pg_toast_6100,0,0,0,0,0,0,0,0,0
1788884486.567727,1985496,public,news_item,0,0,0,0,0,0,0,0,0
1788884486.567727,2224,pg_catalog,pg_sequence,0,0,0,0,0,0,0,0,0
1788884486.567727,2611,pg_catalog,pg_inherits,0,0,0,0,0,0,0,0,0
1788884486.567727,1417,pg_catalog,pg_foreign_server,0,0,0,0,0,0,0,0,0
1788884486.567727,1262,pg_catalog,pg_database,0,0,0,0,0,0,0,0,0
1788884486.567727,13492,pg_toast,pg_toast_13489,0,0,0,0,0,0,0,0,0
1788884486.567727,3501,pg_catalog,pg_enum,0,0,0,0,0,0,0,0,0
1788884486.567727,2607,pg_catalog,pg_conversion,0,0,0,0,0,0,0,0,0
1788884486.567727,1985449,pg_toast,pg_toast_1985440,0,0,0,0,0,0,0,0,0
1788884486.567727,826,pg_catalog,pg_default_acl,0,0,0,0,0,0,0,0,0
1788884486.567727,2604,pg_catalog,pg_attrdef,0,0,0,0,0,0,0,0,0
1788884486.567727,2336,pg_toast,pg_toast_2620,0,0,0,0,0,0,0,0,0
1788884486.567727,2603,pg_catalog,pg_amproc,0,0,5,11,0,0,0,0,0
1788884486.567727,2606,pg_catalog,pg_constraint,0,0,3,8,0,0,0,0,0
1788884486.567727,1255,pg_catalog,pg_proc,0,0,19,24,0,0,0,0,0
1788884486.567727,4173,pg_toast,pg_toast_1418,0,0,0,0,0,0,0,0,0
1788884486.567727,1985285,public,customer_taxrate,0,0,0,0,0,0,0,0,0
1788884486.567727,2620,pg_catalog,pg_trigger,0,0,0,0,0,0,0,0,0
1788884486.567727,1985256,public,account_permission,0,0,0,0,0,0,0,0,0
1788884486.567727,1985507,public,news_xref,0,0,0,0,0,0,0,0,0
1788884486.567727,1985480,public,industry,0,0,0,0,0,0,0,0,0
1788884486.567727,2612,pg_catalog,pg_language,0,0,0,0,0,0,0,0,0
1788884486.567727,4149,pg_toast,pg_toast_2328,0,0,0,0,0,0,0,0,0
1788884486.567727,6351,pg_toast,pg_toast_2610,0,0,0,0,0,0,0,0,0
1788884486.567727,13489,information_schema,sql_sizing,0,0,,,0,0,0,0,0
1788884486.567727,1985494,pg_toast,pg_toast_1985486,0,0,0,0,0,0,0,0,0
1788884486.567727,3598,pg_toast,pg_toast_3596,0,0,0,0,0,0,0,0,0
1788884486.567727,2836,pg_toast,pg_toast_1255,0,0,0,0,0,0,0,0,0
1788884486.567727,3456,pg_catalog,pg_collation,0,0,0,0,0,0,0,0,0
1788884486.567727,3079,pg_catalog,pg_extension,0,0,0,0,0,0,0,0,0
1788884486.567727,6100,pg_catalog,pg_subscription,0,0,0,0,0,0,0,0,0
1788884486.567727,2832,pg_toast,pg_toast_2606,0,0,0,0,0,0,0,0,0
1788884486.567727,3256,pg_catalog,pg_policy,0,0,0,0,0,0,0,0,0
1788884486.567727,1985302,public,holding_history,0,0,0,0,0,0,0,0,0
1788884486.567727,1985517,public,security,0,0,0,0,0,0,0,0,0
1788884486.567727,3466,pg_catalog,pg_event_trigger,0,0,0,0,0,0,0,0,0
1788884486.567727,3592,pg_catalog,pg_shseclabel,0,0,0,0,0,0,0,0,0
1788884486.567727,3764,pg_catalog,pg_ts_template,0,0,0,0,0,0,0,0,0
1788884486.567727,6237,pg_catalog,pg_publication_namespace,0,0,0,0,0,0,0,0,0
1788884486.567727,13487,pg_toast,pg_toast_13484,0,0,0,0,0,0,0,0,0
1788884486.567727,2995,pg_catalog,pg_largeobject_metadata,0,0,0,0,0,0,0,0,0
1788884486.567727,1985275,public,customer_account,0,0,0,0,0,0,0,0,0
1788884486.567727,4143,pg_toast,pg_toast_826,0,0,0,0,0,0,0,0,0
1788884486.567727,4185,pg_toast,pg_toast_1213,0,0,0,0,0,0,0,0,0
1788884486.567727,6243,pg_catalog,pg_parameter_acl,0,0,0,0,0,0,0,0,0
1788884486.567727,2616,pg_catalog,pg_opclass,0,0,8,134,0,0,0,0,0
1788884486.567727,1985290,public,holding,0,0,0,0,0,0,0,0,0
1788884486.567727,2838,pg_toast,pg_toast_2618,0,0,1,3,0,0,0,0,0
1788884486.567727,6228,pg_toast,pg_toast_6106,0,0,0,0,0,0,0,0,0
1788884486.567727,1985349,pg_toast,pg_toast_1985343,0,0,0,0,0,0,0,0,0
1788884486.567727,1985434,public,company_competitor,0,0,0,0,0,0,0,0,0
1788884486.567727,1985370,pg_toast,pg_toast_1985363,0,0,0,0,0,0,0,0,0
1788884486.567727,1985505,pg_toast,pg_toast_1985496,0,0,0,0,0,0,0,0,0
1788884486.567727,1985264,public,customer,0,0,0,0,0,0,0,0,0
1788884486.567727,3118,pg_catalog,pg_foreign_table,0,0,0,0,0,0,0,0,0
1788884486.567727,1259,pg_catalog,pg_class,1,523,12,12,0,0,0,0,0
1788884486.567727,3350,pg_catalog,pg_partitioned_table,0,0,0,0,0,0,0,0,0
1788884486.567727,4153,pg_toast,pg_toast_3118,0,0,0,0,0,0,0,0,0
1788884486.567727,4060,pg_toast,pg_toast_3592,0,0,0,0,0,0,0,0,0
1788884486.567727,1985543,public,status_type,0,0,0,0,0,0,0,0,0
1788884486.567727,4165,pg_toast,pg_toast_3350,0,0,0,0,0,0,0,0,0
1788884486.567727,1985402,public,trade_request,0,0,0,0,0,0,0,0,0
1788884486.567727,2753,pg_catalog,pg_opfamily,0,0,2,2,0,0,0,0,0
1788884486.567727,3601,pg_catalog,pg_ts_parser,0,0,0,0,0,0,0,0,0
1788884486.567727,6104,pg_catalog,pg_publication,0,0,0,0,0,0,0,0,0
1788884486.567727,13477,pg_toast,pg_toast_13474,0,0,0,0,0,0,0,0,0
1788884486.567727,3429,pg_catalog,pg_statistic_ext_data,0,0,0,0,0,0,0,0,0
1788884486.567727,2619,pg_catalog,pg_statistic,0,0,17,8,0,0,0,0,0
1788884486.567727,4155,pg_toast,pg_toast_3394,0,0,0,0,0,0,0,0,0
1788884486.567727,1985548,public,taxrate,0,0,0,0,0,0,0,0,0
1788884486.567727,3381,pg_catalog,pg_statistic_ext,0,0,3,0,0,0,0,0,0
1788884486.567727,6106,pg_catalog,pg_publication_rel,0,0,0,0,0,0,0,0,0
1788884486.567727,1985372,public,trade,0,0,0,0,0,0,0,0,0
1788884486.567727,2605,pg_catalog,pg_cast,0,0,34,7,0,0,0,0,0
1788884486.567727,4171,pg_toast,pg_toast_1247,0,0,0,0,0,0,0,0,0
1788884486.567727,2830,pg_toast,pg_toast_2604,0,0,0,0,0,0,0,0,0
1788884486.567727,1985309,public,holding_summary,0,0,0,0,0,0,0,0,0
1788884486.567727,1985413,pg_toast,pg_toast_1985402,0,0,0,0,0,0,0,0,0
1788884486.567727,13479,information_schema,sql_implementation_info,0,0,,,0,0,0,0,0
1788884486.567727,1985341,pg_toast,pg_toast_1985335,0,0,0,0,0,0,0,0,0
1788884486.567727,6244,pg_toast,pg_toast_6243,0,0,0,0,0,0,0,0,0
1788884486.567727,1985315,public,watch_item,0,0,0,0,0,0,0,0,0
1788884486.567727,3430,pg_toast,pg_toast_3429,0,0,0,0,0,0,0,0,0
1788884486.567727,1985320,public,watch_list,0,0,0,0,0,0,0,0,0
1788884546.643720,1985536,pg_toast,pg_toast_1985517,0,0,0,0,0,0,0,0,0
1788884546.643720,3576,pg_catalog,pg_transform,0,0,0,0,0,0,0,0,0
1788884546.643720,2601,pg_catalog,pg_am,0,0,0,0,0,0,0,0,0
1788884546.643720,1985363,public,settlement,0,0,0,0,0,0,0,0,0
1788884546.643720,3394,pg_catalog,pg_init_privs,0,0,0,0,0,0,0,0,0
1788884546.643720,4167,pg_toast,pg_toast_3256,0,0,0,0,0,0,0,0,0
1788884546.643720,4151,pg_toast,pg_toast_1417,0,0,0,0,0,0,0,0,0
1788884546.643720,2834,pg_toast,pg_toast_2609,0,0,0,0,0,0,0,0,0
1788884546.643720,6000,pg_catalog,pg_replication_origin,0,0,0,0,0,0,0,0,0
1788884546.643720,2840,pg_toast,pg_toast_2619,0,0,0,0,0,0,0,0,0
1788884546.643720,1985486,public,last_trade,0,0,0,0,0,0,0,0,0
1788884546.643720,2328,pg_catalog,pg_foreign_data_wrapper,0,0,0,0,0,0,0,0,0
1788884546.643720,4157,pg_toast,pg_toast_2612,0,0,0,0,0,0,0,0,0
1788884546.643720,1260,pg_catalog,pg_authid,0,0,0,0,0,0,0,0,0
1788884546.643720,6102,pg_catalog,pg_subscription_rel,0,0,0,0,0,0,0,0,0
1788884546.643720,1214,pg_catalog,pg_shdepend,0,0,0,0,0,0,0,0,0
1788884546.643720,4163,pg_toast,pg_toast_2615,0,0,0,0,0,0,0,0,0
1788884546.643720,1985343,public,charge,0,0,0,0,0,0,0,0,0
1788884546.643720,1985440,public,daily_market,0,0,0,0,0,0,0,0,0
1788884546.643720,1985422,public,company,0,0,0,0,0,0,0,0,0
1788884546.643720,4169,pg_toast,pg_toast_3600,0,0,0,0,0,0,0,0,0
1788884546.643720,2615,pg_catalog,pg_namespace,1,4,5,2,0,0,0,0,0
1788884546.643720,2396,pg_catalog,pg_shdescription,0,0,0,0,0,0,0,0,0
1788884546.643720,3600,pg_catalog,pg_ts_dict,0,0,0,0,0,0,0,0,0
1788884546.643720,1985325,public,broker,0,0,0,0,0,0,0,0,0
1788884546.643720,3596,pg_catalog,pg_seclabel,0,0,0,0,0,0,0,0,0
1788884546.643720,1985460,public,financial,0,0,0,0,0,0,0,0,0
1788884546.643720,2609,pg_catalog,pg_description,0,0,0,0,0,0,0,0,0
1788884546.643720,1985351,public,commission_rate,0,0,0,0,0,0,0,0,0
1788884546.643720,13482,pg_toast,pg_toast_13479,0,0,0,0,0,0,0,0,0
1788884546.643720,1985396,public,trade_history,0,0,0,0,0,0,0,0,0
1788884546.643720,3603,pg_catalog,pg_ts_config_map,0,0,0,0,0,0,0,0,0
1788884546.643720,1213,pg_catalog,pg_tablespace,0,0,1,1,0,0,0,0,0
1788884546.643720,2608,pg_catalog,pg_depend,0,0,0,0,0,0,0,0,0
1788884546.643720,2964,pg_catalog,pg_db_role_setting,0,0,0,0,0,0,0,0,0
1788884546.643720,1985283,pg_toast,pg_toast_1985275,0,0,0,0,0,0,0,0,0
1788884546.643720,1418,pg_catalog,pg_user_mapping,0,0,0,0,0,0,0,0,0
1788884546.643720,2613,pg_catalog,pg_largeobject,0,0,0,0,0,0,0,0,0
1788884546.643720,6175,pg_toast,pg_toast_3456,0,0,0,0,0,0,0,0,0
1788884546.643720,1261,pg_catalog,pg_auth_members,0,0,0,0,0,0,0,0,0
1788884546.643720,1985335,public,cash_transaction,0,0,0,0,0,0,0,0,0
1788884546.643720,2617,pg_catalog,pg_operator,0,0,5,5,0,0,0,0,0
1788884546.643720,1985300,pg_toast,pg_toast_1985290,0,0,0,0,0,0,0,0,0
1788884546.643720,1985538,public,address,0,0,0,0,0,0,0,0,0
1788884546.643720,2610,pg_catalog,pg_index,1,221,11,14,0,0,0,0,0
1788884546.643720,1249,pg_catalog,pg_attribute,0,0,75,92,0,0,0,0,0
1788884546.643720,1985512,public,sector,0,0,0,0,0,0,0,0,0
1788884546.643720,1985415,public,trade_type,0,0,0,0,0,0,0,0,0
1788884546.643720,2600,pg_catalog,pg_aggregate,0,0,1,1,0,0,0,0,0
1788884546.643720,2966,pg_toast,pg_toast_2964,0,0,0,0,0,0,0,0,0
1788884546.643720,1985451,public,exchange,0,0,0,0,0,0,0,0,0
1788884546.643720,2618,pg_catalog,pg_rewrite,0,0,1,1,0,0,0,0,0
1788884546.643720,4177,pg_toast,pg_toast_1262,0,0,0,0,0,0,0,0,0
1788884546.643720,13484,information_schema,sql_parts,0,0,,,0,0,0,0,0
1788884546.643720,4159,pg_toast,pg_toast_2600,0,0,0,0,0,0,0,0,0
1788884546.643720,4147,pg_toast,pg_toast_3079,0,0,0,0,0,0,0,0,0
1788884546.643720,13474,information_schema,sql_features,0,0,,,0,0,0,0,0
1788884546.643720,1985394,pg_toast,pg_toast_1985372,0,0,0,0,0,0,0,0,0
1788884546.643720,1247,pg_catalog,pg_type,0,0,19,19,0,0,0,0,0
1788884546.643720,2602,pg_catalog,pg_amop,0,0,12,25,0,0,0,0,0
1788884546.643720,3439,pg_toast,pg_toast_3381,0,0,0,0,0,0,0,0,0
1788884546.643720,2846,pg_toast,pg_toast_2396,0,0,0,0,0,0,0,0,0
1788884546.643720,1985555,public,zip_code,0,0,0,0,0,0,0,0,0
1788884546.643720,1985478,pg_toast,pg_toast_1985460,0,0,0,0,0,0,0,0,0
1788884546.643720,4145,pg_toast,pg_toast_3466,0,0,0,0,0,0,0,0,0
1788884546.643720,3541,pg_catalog,pg_range,0,0,0,0,0,0,0,0,0
1788884546.643720,3602,pg_catalog,pg_ts_config,0,0,0,0,0,0,0,0,0
1788884546.643720,1985333,pg_toast,pg_toast_1985325,0,0,0,0,0,0,0,0,0
1788884546.643720,4183,pg_toast,pg_toast_6100,0,0,0,0,0,0,0,0,0
1788884546.643720,1985496,public,news_item,0,0,0,0,0,0,0,0,0
1788884546.643720,2224,pg_catalog,pg_sequence,0,0,0,0,0,0,0,0,0
1788884546.643720,2611,pg_catalog,pg_inherits,0,0,0,0,0,0,0,0,0
1788884546.643720,1417,pg_catalog,pg_foreign_server,0,0,0,0,0,0,0,0,0
1788884546.643720,1262,pg_catalog,pg_database,0,0,0,0,0,0,0,0,0
1788884546.643720,13492,pg_toast,pg_toast_13489,0,0,0,0,0,0,0,0,0
1788884546.643720,3501,pg_catalog,pg_enum,0,0,0,0,0,0,0,0,0
1788884546.643720,2607,pg_catalog,pg_conversion,0,0,0,0,0,0,0,0,0
1788884546.643720,1985449,pg_toast,pg_toast_1985440,0,0,0,0,0,0,0,0,0
1788884546.643720,826,pg_catalog,pg_default_acl,0,0,0,0,0,0,0,0,0
1788884546.643720,2604,pg_catalog,pg_attrdef,0,0,0,0,0,0,0,0,0
1788884546.643720,2336,pg_toast,pg_toast_2620,0,0,0,0,0,0,0,0,0
1788884546.643720,2603,pg_catalog,pg_amproc,0,0,5,11,0,0,0,0,0
1788884546.643720,2606,pg_catalog,pg_constraint,0,0,3,8,0,0,0,0,0
1788884546.643720,1255,pg_catalog,pg_proc,0,0,19,24,0,0,0,0,0
1788884546.643720,4173,pg_toast,pg_toast_1418,0,0,0,0,0,0,0,0,0
1788884546.643720,1985285,public,customer_taxrate,0,0,0,0,0,0,0,0,0
1788884546.643720,2620,pg_catalog,pg_trigger,0,0,0,0,0,0,0,0,0
1788884546.643720,1985256,public,account_permission,0,0,0,0,0,0,0,0,0
1788884546.643720,1985507,public,news_xref,0,0,0,0,0,0,0,0,0
1788884546.643720,1985480,public,industry,0,0,0,0,0,0,0,0,0
1788884546.643720,2612,pg_catalog,pg_language,0,0,0,0,0,0,0,0,0
1788884546.643720,4149,pg_toast,pg_toast_2328,0,0,0,0,0,0,0,0,0
1788884546.643720,6351,pg_toast,pg_toast_2610,0,0,0,0,0,0,0,0,0
1788884546.643720,13489,information_schema,sql_sizing,0,0,,,0,0,0,0,0
1788884546.643720,1985494,pg_toast,pg_toast_1985486,0,0,0,0,0,0,0,0,0
1788884546.643720,3598,pg_toast,pg_toast_3596,0,0,0,0,0,0,0,0,0
1788884546.643720,2836,pg_toast,pg_toast_1255,0,0,0,0,0,0,0,0,0
1788884546.643720,3456,pg_catalog,pg_collation,0,0,0,0,0,0,0,0,0
1788884546.643720,3079,pg_catalog,pg_extension,0,0,0,0,0,0,0,0,0
1788884546.643720,6100,pg_catalog,pg_subscription,0,0,0,0,0,0,0,0,0
1788884546.643720,2832,pg_toast,pg_toast_2606,0,0,0,0,0,0,0,0,0
1788884546.643720,3256,pg_catalog,pg_policy,0,0,0,0,0,0,0,0,0
1788884546.643720,1985302,public,holding_history,0,0,0,0,0,0,0,0,0
1788884546.643720,1985517,public,security,0,0,0,0,0,0,0,0,0
1788884546.643720,3466,pg_catalog,pg_event_trigger,0,0,0,0,0,0,0,0,0
1788884546.643720,3592,pg_catalog,pg_shseclabel,0,0,0,0,0,0,0,0,0
1788884546.643720,3764,pg_catalog,pg_ts_template,0,0,0,0,0,0,0,0,0
1788884546.643720,6237,pg_catalog,pg_publication_namespace,0,0,0,0,0,0,0,0,0
1788884546.643720,13487,pg_toast,pg_toast_13484,0,0,0,0,0,0,0,0,0
1788884546.643720,2995,pg_catalog,pg_largeobject_metadata,0,0,0,0,0,0,0,0,0
1788884546.643720,1985275,public,customer_account,0,0,0,0,0,0,0,0,0
1788884546.643720,4143,pg_toast,pg_toast_826,0,0,0,0,0,0,0,0,0
1788884546.643720,4185,pg_toast,pg_toast_1213,0,0,0,0,0,0,0,0,0
1788884546.643720,6243,pg_catalog,pg_parameter_acl,0,0,0,0,0,0,0,0,0
1788884546.643720,2616,pg_catalog,pg_opclass,0,0,8,134,0,0,0,0,0
1788884546.643720,1985290,public,holding,0,0,0,0,0,0,0,0,0
1788884546.643720,2838,pg_toast,pg_toast_2618,0,0,1,3,0,0,0,0,0
1788884546.643720,6228,pg_toast,pg_toast_6106,0,0,0,0,0,0,0,0,0
1788884546.643720,1985349,pg_toast,pg_toast_1985343,0,0,0,0,0,0,0,0,0
1788884546.643720,1985434,public,company_competitor,0,0,0,0,0,0,0,0,0
1788884546.643720,1985370,pg_toast,pg_toast_1985363,0,0,0,0,0,0,0,0,0
1788884546.643720,1985505,pg_toast,pg_toast_1985496,0,0,0,0,0,0,0,0,0
1788884546.643720,1985264,public,customer,0,0,0,0,0,0,0,0,0
1788884546.643720,3118,pg_catalog,pg_foreign_table,0,0,0,0,0,0,0,0,0
1788884546.643720,1259,pg_catalog,pg_class,1,523,12,12,0,0,0,0,0
1788884546.643720,3350,pg_catalog,pg_partitioned_table,0,0,0,0,0,0,0,0,0
1788884546.643720,4153,pg_toast,pg_toast_3118,0,0,0,0,0,0,0,0,0
1788884546.643720,4060,pg_toast,pg_toast_3592,0,0,0,0,0,0,0,0,0
1788884546.643720,1985543,public,status_type,0,0,0,0,0,0,0,0,0
1788884546.643720,4165,pg_toast,pg_toast_3350,0,0,0,0,0,0,0,0,0
1788884546.643720,1985402,public,trade_request,0,0,0,0,0,0,0,0,0
1788884546.643720,2753,pg_catalog,pg_opfamily,0,0,2,2,0,0,0,0,0
1788884546.643720,3601,pg_catalog,pg_ts_parser,0,0,0,0,0,0,0,0,0
1788884546.643720,6104,pg_catalog,pg_publication,0,0,0,0,0,0,0,0,0
1788884546.643720,13477,pg_toast,pg_toast_13474,0,0,0,0,0,0,0,0,0
1788884546.643720,3429,pg_catalog,pg_statistic_ext_data,0,0,0,0,0,0,0,0,0
1788884546.643720,2619,pg_catalog,pg_statistic,0,0,17,8,0,0,0,0,0
1788884546.643720,4155,pg_toast,pg_toast_3394,0,0,0,0,0,0,0,0,0
1788884546.643720,1985548,public,taxrate,0,0,0,0,0,0,0,0,0
1788884546.643720,3381,pg_catalog,pg_statistic_ext,0,0,3,0,0,0,0,0,0
1788884546.643720,6106,pg_catalog,pg_publication_rel,0,0,0,0,0,0,0,0,0
1788884546.643720,1985372,public,trade,0,0,0,0,0,0,0,0,0
1788884546.643720,2605,pg_catalog,pg_cast,0,0,34,7,0,0,0,0,0
1788884546.643720,4171,pg_toast,pg_toast_1247,0,0,0,0,0,0,0,0,0
1788884546.643720,2830,pg_toast,pg_toast_2604,0,0,0,0,0,0,0,0,0
1788884546.643720,1985309,public,holding_summary,0,0,0,0,0,0,0,0,0
1788884546.643720,1985413,pg_toast,pg_toast_1985402,0,0,0,0,0,0,0,0,0
1788884546.643720,13479,information_schema,sql_implementation_info,0,0,,,0,0,0,0,0
1788884546.643720,1985341,pg_toast,pg_toast_1985335,0,0,0,0,0,0,0,0,0
1788884546.643720,6244,pg_toast,pg_toast_6243,0,0,0,0,0,0,0,0,0
1788884546.643720,1985315,public,watch_item,0,0,0,0,0,0,0,0,0
1788884546.643720,3430,pg_toast,pg_toast_3429,0,0,0,0,0,0,0,0,0
1788884546.643720,1985320,public,watch_list,0,0,0,0,0,0,0,0,0
1788884606.722822,1985536,pg_toast,pg_toast_1985517,0,0,0,0,0,0,0,0,0
1788884606.722822,3576,pg_catalog,pg_transform,0,0,0,0,0,0,0,0,0
1788884606.722822,2601,pg_catalog,pg_am,0,0,0,0,0,0,0,0,0
1788884606.722822,1985363,public,settlement,0,0,0,0,0,0,0,0,0
1788884606.722822,3394,pg_catalog,pg_init_privs,0,0,0,0,0,0,0,0,0
1788884606.722822,4167,pg_toast,pg_toast_3256,0,0,0,0,0,0,0,0,0
1788884606.722822,4151,pg_toast,pg_toast_1417,0,0,0,0,0,0,0,0,0
1788884606.722822,2834,pg_toast,pg_toast_2609,0,0,0,0,0,0,0,0,0
1788884606.722822,6000,pg_catalog,pg_replication_origin,0,0,0,0,0,0,0,0,0
1788884606.722822,2840,pg_toast,pg_toast_2619,0,0,0,0,0,0,0,0,0
1788884606.722822,1985486,public,last_trade,0,0,0,0,0,0,0,0,0
1788884606.722822,2328,pg_catalog,pg_foreign_data_wrapper,0,0,0,0,0,0,0,0,0
1788884606.722822,4157,pg_toast,pg_toast_2612,0,0,0,0,0,0,0,0,0
1788884606.722822,1260,pg_catalog,pg_authid,0,0,0,0,0,0,0,0,0
1788884606.722822,6102,pg_catalog,pg_subscription_rel,0,0,0,0,0,0,0,0,0
1788884606.722822,1214,pg_catalog,pg_shdepend,0,0,0,0,0,0,0,0,0
1788884606.722822,4163,pg_toast,pg_toast_2615,0,0,0,0,0,0,0,0,0
1788884606.722822,1985343,public,charge,0,0,0,0,0,0,0,0,0
1788884606.722822,1985440,public,daily_market,0,0,0,0,0,0,0,0,0
1788884606.722822,1985422,public,company,0,0,0,0,0,0,0,0,0
1788884606.722822,4169,pg_toast,pg_toast_3600,0,0,0,0,0,0,0,0,0
1788884606.722822,2615,pg_catalog,pg_namespace,1,4,5,2,0,0,0,0,0
1788884606.722822,2396,pg_catalog,pg_shdescription,0,0,0,0,0,0,0,0,0
1788884606.722822,3600,pg_catalog,pg_ts_dict,0,0,0,0,0,0,0,0,0
1788884606.722822,1985325,public,broker,0,0,0,0,0,0,0,0,0
1788884606.722822,3596,pg_catalog,pg_seclabel,0,0,0,0,0,0,0,0,0
1788884606.722822,1985460,public,financial,0,0,0,0,0,0,0,0,0
1788884606.722822,2609,pg_catalog,pg_description,0,0,0,0,0,0,0,0,0
1788884606.722822,1985351,public,commission_rate,0,0,0,0,0,0,0,0,0
1788884606.722822,13482,pg_toast,pg_toast_13479,0,0,0,0,0,0,0,0,0
1788884606.722822,1985396,public,trade_history,0,0,0,0,0,0,0,0,0
1788884606.722822,3603,pg_catalog,pg_ts_config_map,0,0,0,0,0,0,0,0,0
1788884606.722822,1213,pg_catalog,pg_tablespace,0,0,1,1,0,0,0,0,0
1788884606.722822,2608,pg_catalog,pg_depend,0,0,0,0,0,0,0,0,0
1788884606.722822,2964,pg_catalog,pg_db_role_setting,0,0,0,0,0,0,0,0,0
1788884606.722822,1985283,pg_toast,pg_toast_1985275,0,0,0,0,0,0,0,0,0
1788884606.722822,1418,pg_catalog,pg_user_mapping,0,0,0,0,0,0,0,0,0
1788884606.722822,2613,pg_catalog,pg_largeobject,0,0,0,0,0,0,0,0,0
1788884606.722822,6175,pg_toast,pg_toast_3456,0,0,0,0,0,0,0,0,0
1788884606.722822,1261,pg_catalog,pg_auth_members,0,0,0,0,0,0,0,0,0
1788884606.722822,1985335,public,cash_transaction,0,0,0,0,0,0,0,0,0
1788884606.722822,2617,pg_catalog,pg_operator,0,0,5,5,0,0,0,0,0
1788884606.722822,1985300,pg_toast,pg_toast_1985290,0,0,0,0,0,0,0,0,0
1788884606.722822,1985538,public,address,0,0,0,0,0,0,0,0,0
1788884606.722822,2610,pg_catalog,pg_index,1,221,11,14,0,0,0,0,0
1788884606.722822,1249,pg_catalog,pg_attribute,0,0,75,92,0,0,0,0,0
1788884606.722822,1985512,public,sector,0,0,0,0,0,0,0,0,0
1788884606.722822,1985415,public,trade_type,0,0,0,0,0,0,0,0,0
1788884606.722822,2600,pg_catalog,pg_aggregate,0,0,1,1,0,0,0,0,0
1788884606.722822,2966,pg_toast,pg_toast_2964,0,0,0,0,0,0,0,0,0
1788884606.722822,1985451,public,exchange,0,0,0,0,0,0,0,0,0
1788884606.722822,2618,pg_catalog,pg_rewrite,0,0,1,1,0,0,0,0,0
1788884606.722822,4177,pg_toast,pg_toast_1262,0,0,0,0,0,0,0,0,0
1788884606.722822,13484,information_schema,sql_parts,0,0,,,0,0,0,0,0
1788884606.722822,4159,pg_toast,pg_toast_2600,0,0,0,0,0,0,0,0,0
1788884606.722822,4147,pg_toast,pg_toast_3079,0,0,0,0,0,0,0,0,0
1788884606.722822,13474,information_schema,sql_features,0,0,,,0,0,0,0,0
1788884606.722822,1985394,pg_toast,pg_toast_1985372,0,0,0,0,0,0,0,0,0
1788884606.722822,1247,pg_catalog,pg_type,0,0,19,19,0,0,0,0,0
1788884606.722822,2602,pg_catalog,pg_amop,0,0,12,25,0,0,0,0,0
1788884606.722822,3439,pg_toast,pg_toast_3381,0,0,0,0,0,0,0,0,0
1788884606.722822,2846,pg_toast,pg_toast_2396,0,0,0,0,0,0,0,0,0
1788884606.722822,1985555,public,zip_code,0,0,0,0,0,0,0,0,0
1788884606.722822,1985478,pg_toast,pg_toast_1985460,0,0,0,0,0,0,0,0,0
1788884606.722822,4145,pg_toast,pg_toast_3466,0,0,0,0,0,0,0,0,0
1788884606.722822,3541,pg_catalog,pg_range,0,0,0,0,0,0,0,0,0
1788884606.722822,3602,pg_catalog,pg_ts_config,0,0,0,0,0,0,0,0,0
1788884606.722822,1985333,pg_toast,pg_toast_1985325,0,0,0,0,0,0,0,0,0
1788884606.722822,4183,pg_toast,pg_toast_6100,0,0,0,0,0,0,0,0,0
1788884606.722822,1985496,public,news_item,0,0,0,0,0,0,0,0,0
1788884606.722822,2224,pg_catalog,pg_sequence,0,0,0,0,0,0,0,0,0
1788884606.722822,2611,pg_catalog,pg_inherits,0,0,0,0,0,0,0,0,0
1788884606.722822,1417,pg_catalog,pg_foreign_server,0,0,0,0,0,0,0,0,0
1788884606.722822,1262,pg_catalog,pg_database,0,0,0,0,0,0,0,0,0
1788884606.722822,13492,pg_toast,pg_toast_13489,0,0,0,0,0,0,0,0,0
1788884606.722822,3501,pg_catalog,pg_enum,0,0,0,0,0,0,0,0,0
1788884606.722822,2607,pg_catalog,pg_conversion,0,0,0,0,0,0,0,0,0
1788884606.722822,1985449,pg_toast,pg_toast_1985440,0,0,0,0,0,0,0,0,0
1788884606.722822,826,pg_catalog,pg_default_acl,0,0,0,0,0,0,0,0,0
1788884606.722822,2604,pg_catalog,pg_attrdef,0,0,0,0,0,0,0,0,0
1788884606.722822,2336,pg_toast,pg_toast_2620,0,0,0,0,0,0,0,0,0
1788884606.722822,2603,pg_catalog,pg_amproc,0,0,5,11,0,0,0,0,0
1788884606.722822,2606,pg_catalog,pg_constraint,0,0,3,8,0,0,0,0,0
1788884606.722822,1255,pg_catalog,pg_proc,0,0,19,24,0,0,0,0,0
1788884606.722822,4173,pg_toast,pg_toast_1418,0,0,0,0,0,0,0,0,0
1788884606.722822,1985285,public,customer_taxrate,0,0,0,0,0,0,0,0,0
1788884606.722822,2620,pg_catalog,pg_trigger,0,0,0,0,0,0,0,0,0
1788884606.722822,1985256,public,account_permission,0,0,0,0,0,0,0,0,0
1788884606.722822,1985507,public,news_xref,0,0,0,0,0,0,0,0,0
1788884606.722822,1985480,public,industry,0,0,0,0,0,0,0,0,0
1788884606.722822,2612,pg_catalog,pg_language,0,0,0,0,0,0,0,0,0
1788884606.722822,4149,pg_toast,pg_toast_2328,0,0,0,0,0,0,0,0,0
1788884606.722822,6351,pg_toast,pg_toast_2610,0,0,0,0,0,0,0,0,0
1788884606.722822,13489,information_schema,sql_sizing,0,0,,,0,0,0,0,0
1788884606.722822,1985494,pg_toast,pg_toast_1985486,0,0,0,0,0,0,0,0,0
1788884606.722822,3598,pg_toast,pg_toast_3596,0,0,0,0,0,0,0,0,0
1788884606.722822,2836,pg_toast,pg_toast_1255,0,0,0,0,0,0,0,0,0
1788884606.722822,3456,pg_catalog,pg_collation,0,0,0,0,0,0,0,0,0
1788884606.722822,3079,pg_catalog,pg_extension,0,0,0,0,0,0,0,0,0
1788884606.722822,6100,pg_catalog,pg_subscription,0,0,0,0,0,0,0,0,0
1788884606.722822,2832,pg_toast,pg_toast_2606,0,0,0,0,0,0,0,0,0
1788884606.722822,3256,pg_catalog,pg_policy,0,0,0,0,0,0,0,0,0
1788884606.722822,1985302,public,holding_history,0,0,0,0,0,0,0,0,0
1788884606.722822,1985517,public,security,0,0,0,0,0,0,0,0,0
1788884606.722822,3466,pg_catalog,pg_event_trigger,0,0,0,0,0,0,0,0,0
1788884606.722822,3592,pg_catalog,pg_shseclabel,0,0,0,0,0,0,0,0,0
1788884606.722822,3764,pg_catalog,pg_ts_template,0,0,0,0,0,0,0,0,0
1788884606.722822,6237,pg_catalog,pg_publication_namespace,0,0,0,0,0,0,0,0,0
1788884606.722822,13487,pg_toast,pg_toast_13484,0,0,0,0,0,0,0,0,0
1788884606.722822,2995,pg_catalog,pg_largeobject_metadata,0,0,0,0,0,0,0,0,0
1788884606.722822,1985275,public,customer_account,0,0,0,0,0,0,0,0,0
1788884606.722822,4143,pg_toast,pg_toast_826,0,0,0,0,0,0,0,0,0
1788884606.722822,4185,pg_toast,pg_toast_1213,0,0,0,0,0,0,0,0,0
1788884606.722822,6243,pg_catalog,pg_parameter_acl,0,0,0,0,0,0,0,0,0
1788884606.722822,2616,pg_catalog,pg_opclass,0,0,8,134,0,0,0,0,0
1788884606.722822,1985290,public,holding,0,0,0,0,0,0,0,0,0
1788884606.722822,2838,pg_toast,pg_toast_2618,0,0,1,3,0,0,0,0,0
1788884606.722822,6228,pg_toast,pg_toast_6106,0,0,0,0,0,0,0,0,0
1788884606.722822,1985349,pg_toast,pg_toast_1985343,0,0,0,0,0,0,0,0,0
1788884606.722822,1985434,public,company_competitor,0,0,0,0,0,0,0,0,0
1788884606.722822,1985370,pg_toast,pg_toast_1985363,0,0,0,0,0,0,0,0,0
1788884606.722822,1985505,pg_toast,pg_toast_1985496,0,0,0,0,0,0,0,0,0
1788884606.722822,1985264,public,customer,0,0,0,0,0,0,0,0,0
1788884606.722822,3118,pg_catalog,pg_foreign_table,0,0,0,0,0,0,0,0,0
1788884606.722822,1259,pg_catalog,pg_class,1,523,12,12,0,0,0,0,0
1788884606.722822,3350,pg_catalog,pg_partitioned_table,0,0,0,0,0,0,0,0,0
1788884606.722822,4153,pg_toast,pg_toast_3118,0,0,0,0,0,0,0,0,0
1788884606.722822,4060,pg_toast,pg_toast_3592,0,0,0,0,0,0,0,0,0
1788884606.722822,1985543,public,status_type,0,0,0,0,0,0,0,0,0
1788884606.722822,4165,pg_toast,pg_toast_3350,0,0,0,0,0,0,0,0,0
1788884606.722822,1985402,public,trade_request,0,0,0,0,0,0,0,0,0
1788884606.722822,2753,pg_catalog,pg_opfamily,0,0,2,2,0,0,0,0,0
1788884606.722822,3601,pg_catalog,pg_ts_parser,0,0,0,0,0,0,0,0,0
1788884606.722822,6104,pg_catalog,pg_publication,0,0,0,0,0,0,0,0,0
1788884606.722822,13477,pg_toast,pg_toast_13474,0,0,0,0,0,0,0,0,0
1788884606.722822,3429,pg_catalog,pg_statistic_ext_data,0,0,0,0,0,0,0,0,0
1788884606.722822,2619,pg_catalog,pg_statistic,0,0,17,8,0,0,0,0,0
1788884606.722822,4155,pg_toast,pg_toast_3394,0,0,0,0,0,0,0,0,0
1788884606.722822,1985548,public,taxrate,0,0,0,0,0,0,0,0,0
1788884606.722822,3381,pg_catalog,pg_statistic_ext,0,0,3,0,0,0,0,0,0
1788884606.722822,6106,pg_catalog,pg_publication_rel,0,0,0,0,0,0,0,0,0
1788884606.722822,1985372,public,trade,0,0,0,0,0,0,0,0,0
1788884606.722822,2605,pg_catalog,pg_cast,0,0,34,7,0,0,0,0,0
1788884606.722822,4171,pg_toast,pg_toast_1247,0,0,0,0,0,0,0,0,0
1788884606.722822,2830,pg_toast,pg_toast_2604,0,0,0,0,0,0,0,0,0
1788884606.722822,1985309,public,holding_summary,0,0,0,0,0,0,0,0,0
1788884606.722822,1985413,pg_toast,pg_toast_1985402,0,0,0,0,0,0,0,0,0
1788884606.722822,13479,information_schema,sql_implementation_info,0,0,,,0,0,0,0,0
1788884606.722822,1985341,pg_toast,pg_toast_1985335,0,0,0,0,0,0,0,0,0
1788884606.722822,6244,pg_toast,pg_toast_6243,0,0,0,0,0,0,0,0,0
1788884606.722822,1985315,public,watch_item,0,0,0,0,0,0,0,0,0
1788884606.722822,3430,pg_toast,pg_toast_3429,0,0,0,0,0,0,0,0,0
1788884606.722822,1985320,public,watch_list,0,0,0,0,0,0,0,0,0
1788884666.815725,1985536,pg_toast,pg_toast_1985517,0,0,0,0,0,0,0,0,0
1788884666.815725,3576,pg_catalog,pg_transform,0,0,0,0,0,0,0,0,0
1788884666.815725,2601,pg_catalog,pg_am,0,0,0,0,0,0,0,0,0
1788884666.815725,1985363,public,settlement,0,0,0,0,0,0,0,0,0
1788884666.815725,3394,pg_catalog,pg_init_privs,0,0,0,0,0,0,0,0,0
1788884666.815725,4167,pg_toast,pg_toast_3256,0,0,0,0,0,0,0,0,0
1788884666.815725,4151,pg_toast,pg_toast_1417,0,0,0,0,0,0,0,0,0
1788884666.815725,2834,pg_toast,pg_toast_2609,0,0,0,0,0,0,0,0,0
1788884666.815725,6000,pg_catalog,pg_replication_origin,0,0,0,0,0,0,0,0,0
1788884666.815725,2840,pg_toast,pg_toast_2619,0,0,0,0,0,0,0,0,0
1788884666.815725,1985486,public,last_trade,0,0,0,0,0,0,0,0,0
1788884666.815725,2328,pg_catalog,pg_foreign_data_wrapper,0,0,0,0,0,0,0,0,0
1788884666.815725,4157,pg_toast,pg_toast_2612,0,0,0,0,0,0,0,0,0
1788884666.815725,1260,pg_catalog,pg_authid,0,0,0,0,0,0,0,0,0
1788884666.815725,6102,pg_catalog,pg_subscription_rel,0,0,0,0,0,0,0,0,0
1788884666.815725,1214,pg_catalog,pg_shdepend,0,0,0,0,0,0,0,0,0
1788884666.815725,4163,pg_toast,pg_toast_2615,0,0,0,0,0,0,0,0,0
1788884666.815725,1985343,public,charge,0,0,0,0,0,0,0,0,0
1788884666.815725,1985440,public,daily_market,0,0,0,0,0,0,0,0,0
1788884666.815725,1985422,public,company,0,0,0,0,0,0,0,0,0
1788884666.815725,4169,pg_toast,pg_toast_3600,0,0,0,0,0,0,0,0,0
1788884666.815725,2615,pg_catalog,pg_namespace,1,4,5,2,0,0,0,0,0
1788884666.815725,2396,pg_catalog,pg_shdescription,0,0,0,0,0,0,0,0,0
1788884666.815725,3600,pg_catalog,pg_ts_dict,0,0,0,0,0,0,0,0,0
1788884666.815725,1985325,public,broker,0,0,0,0,0,0,0,0,0
1788884666.815725,3596,pg_catalog,pg_seclabel,0,0,0,0,0,0,0,0,0
1788884666.815725,1985460,public,financial,0,0,0,0,0,0,0,0,0
1788884666.815725,2609,pg_catalog,pg_description,0,0,0,0,0,0,0,0,0
1788884666.815725,1985351,public,commission_rate,0,0,0,0,0,0,0,0,0
1788884666.815725,13482,pg_toast,pg_toast_13479,0,0,0,0,0,0,0,0,0
1788884666.815725,1985396,public,trade_history,0,0,0,0,0,0,0,0,0
1788884666.815725,3603,pg_catalog,pg_ts_config_map,0,0,0,0,0,0,0,0,0
1788884666.815725,1213,pg_catalog,pg_tablespace,0,0,1,1,0,0,0,0,0
1788884666.815725,2608,pg_catalog,pg_depend,0,0,0,0,0,0,0,0,0
1788884666.815725,2964,pg_catalog,pg_db_role_setting,0,0,0,0,0,0,0,0,0
1788884666.815725,1985283,pg_toast,pg_toast_1985275,0,0,0,0,0,0,0,0,0
1788884666.815725,1418,pg_catalog,pg_user_mapping,0,0,0,0,0,0,0,0,0
1788884666.815725,2613,pg_catalog,pg_largeobject,0,0,0,0,0,0,0,0,0
1788884666.815725,6175,pg_toast,pg_toast_3456,0,0,0,0,0,0,0,0,0
1788884666.815725,1261,pg_catalog,pg_auth_members,0,0,0,0,0,0,0,0,0
1788884666.815725,1985335,public,cash_transaction,0,0,0,0,0,0,0,0,0
1788884666.815725,2617,pg_catalog,pg_operator,0,0,5,5,0,0,0,0,0
1788884666.815725,1985300,pg_toast,pg_toast_1985290,0,0,0,0,0,0,0,0,0
1788884666.815725,1985538,public,address,0,0,0,0,0,0,0,0,0
1788884666.815725,2610,pg_catalog,pg_index,1,221,11,14,0,0,0,0,0
1788884666.815725,1249,pg_catalog,pg_attribute,0,0,75,92,0,0,0,0,0
1788884666.815725,1985512,public,sector,0,0,0,0,0,0,0,0,0
1788884666.815725,1985415,public,trade_type,0,0,0,0,0,0,0,0,0
1788884666.815725,2600,pg_catalog,pg_aggregate,0,0,1,1,0,0,0,0,0
1788884666.815725,2966,pg_toast,pg_toast_2964,0,0,0,0,0,0,0,0,0
1788884666.815725,1985451,public,exchange,0,0,0,0,0,0,0,0,0
1788884666.815725,2618,pg_catalog,pg_rewrite,0,0,1,1,0,0,0,0,0
1788884666.815725,4177,pg_toast,pg_toast_1262,0,0,0,0,0,0,0,0,0
1788884666.815725,13484,information_schema,sql_parts,0,0,,,0,0,0,0,0
1788884666.815725,4159,pg_toast,pg_toast_2600,0,0,0,0,0,0,0,0,0
1788884666.815725,4147,pg_toast,pg_toast_3079,0,0,0,0,0,0,0,0,0
1788884666.815725,13474,information_schema,sql_features,0,0,,,0,0,0,0,0
1788884666.815725,1985394,pg_toast,pg_toast_1985372,0,0,0,0,0,0,0,0,0
1788884666.815725,1247,pg_catalog,pg_type,0,0,19,19,0,0,0,0,0
1788884666.815725,2602,pg_catalog,pg_amop,0,0,12,25,0,0,0,0,0
1788884666.815725,3439,pg_toast,pg_toast_3381,0,0,0,0,0,0,0,0,0
1788884666.815725,2846,pg_toast,pg_toast_2396,0,0,0,0,0,0,0,0,0
1788884666.815725,1985555,public,zip_code,0,0,0,0,0,0,0,0,0
1788884666.815725,1985478,pg_toast,pg_toast_1985460,0,0,0,0,0,0,0,0,0
1788884666.815725,4145,pg_toast,pg_toast_3466,0,0,0,0,0,0,0,0,0
1788884666.815725,3541,pg_catalog,pg_range,0,0,0,0,0,0,0,0,0
1788884666.815725,3602,pg_catalog,pg_ts_config,0,0,0,0,0,0,0,0,0
1788884666.815725,1985333,pg_toast,pg_toast_1985325,0,0,0,0,0,0,0,0,0
1788884666.815725,4183,pg_toast,pg_toast_6100,0,0,0,0,0,0,0,0,0
1788884666.815725,1985496,public,news_item,0,0,0,0,0,0,0,0,0
1788884666.815725,2224,pg_catalog,pg_sequence,0,0,0,0,0,0,0,0,0
1788884666.815725,2611,pg_catalog,pg_inherits,0,0,0,0,0,0,0,0,0
1788884666.815725,1417,pg_catalog,pg_foreign_server,0,0,0,0,0,0,0,0,0
1788884666.815725,1262,pg_catalog,pg_database,0,0,0,0,0,0,0,0,0
1788884666.815725,13492,pg_toast,pg_toast_13489,0,0,0,0,0,0,0,0,0
1788884666.815725,3501,pg_catalog,pg_enum,0,0,0,0,0,0,0,0,0
1788884666.815725,2607,pg_catalog,pg_conversion,0,0,0,0,0,0,0,0,0
1788884666.815725,1985449,pg_toast,pg_toast_1985440,0,0,0,0,0,0,0,0,0
1788884666.815725,826,pg_catalog,pg_default_acl,0,0,0,0,0,0,0,0,0
1788884666.815725,2604,pg_catalog,pg_attrdef,0,0,0,0,0,0,0,0,0
1788884666.815725,2336,pg_toast,pg_toast_2620,0,0,0,0,0,0,0,0,0
1788884666.815725,2603,pg_catalog,pg_amproc,0,0,5,11,0,0,0,0,0
1788884666.815725,2606,pg_catalog,pg_constraint,0,0,3,8,0,0,0,0,0
1788884666.815725,1255,pg_catalog,pg_proc,0,0,19,24,0,0,0,0,0
1788884666.815725,4173,pg_toast,pg_toast_1418,0,0,0,0,0,0,0,0,0
1788884666.815725,1985285,public,customer_taxrate,0,0,0,0,0,0,0,0,0
1788884666.815725,2620,pg_catalog,pg_trigger,0,0,0,0,0,0,0,0,0
1788884666.815725,1985256,public,account_permission,0,0,0,0,0,0,0,0,0
1788884666.815725,1985507,public,news_xref,0,0,0,0,0,0,0,0,0
1788884666.815725,1985480,public,industry,0,0,0,0,0,0,0,0,0
1788884666.815725,2612,pg_catalog,pg_language,0,0,0,0,0,0,0,0,0
1788884666.815725,4149,pg_toast,pg_toast_2328,0,0,0,0,0,0,0,0,0
1788884666.815725,6351,pg_toast,pg_toast_2610,0,0,0,0,0,0,0,0,0
1788884666.815725,13489,information_schema,sql_sizing,0,0,,,0,0,0,0,0
1788884666.815725,1985494,pg_toast,pg_toast_1985486,0,0,0,0,0,0,0,0,0
1788884666.815725,3598,pg_toast,pg_toast_3596,0,0,0,0,0,0,0,0,0
1788884666.815725,2836,pg_toast,pg_toast_1255,0,0,0,0,0,0,0,0,0
1788884666.815725,3456,pg_catalog,pg_collation,0,0,0,0,0,0,0,0,0
1788884666.815725,3079,pg_catalog,pg_extension,0,0,0,0,0,0,0,0,0
1788884666.815725,6100,pg_catalog,pg_subscription,0,0,0,0,0,0,0,0,0
1788884666.815725,2832,pg_toast,pg_toast_2606,0,0,0,0,0,0,0,0,0
1788884666.815725,3256,pg_catalog,pg_policy,0,0,0,0,0,0,0,0,0
1788884666.815725,1985302,public,holding_history,0,0,0,0,0,0,0,0,0
1788884666.815725,1985517,public,security,0,0,0,0,0,0,0,0,0
1788884666.815725,3466,pg_catalog,pg_event_trigger,0,0,0,0,0,0,0,0,0
1788884666.815725,3592,pg_catalog,pg_shseclabel,0,0,0,0,0,0,0,0,0
1788884666.815725,3764,pg_catalog,pg_ts_template,0,0,0,0,0,0,0,0,0
1788884666.815725,6237,pg_catalog,pg_publication_namespace,0,0,0,0,0,0,0,0,0
1788884666.815725,13487,pg_toast,pg_toast_13484,0,0,0,0,0,0,0,0,0
1788884666.815725,2995,pg_catalog,pg_largeobject_metadata,0,0,0,0,0,0,0,0,0
1788884666.815725,1985275,public,customer_account,0,0,0,0,0,0,0,0,0
1788884666.815725,4143,pg_toast,pg_toast_826,0,0,0,0,0,0,0,0,0
1788884666.815725,4185,pg_toast,pg_toast_1213,0,0,0,0,0,0,0,0,0
1788884666.815725,6243,pg_catalog,pg_parameter_acl,0,0,0,0,0,0,0,0,0
1788884666.815725,2616,pg_catalog,pg_opclass,0,0,8,134,0,0,0,0,0
1788884666.815725,1985290,public,holding,0,0,0,0,0,0,0,0,0
1788884666.815725,2838,pg_toast,pg_toast_2618,0,0,1,3,0,0,0,0,0
1788884666.815725,6228,pg_toast,pg_toast_6106,0,0,0,0,0,0,0,0,0
1788884666.815725,1985349,pg_toast,pg_toast_1985343,0,0,0,0,0,0,0,0,0
1788884666.815725,1985434,public,company_competitor,0,0,0,0,0,0,0,0,0
1788884666.815725,1985370,pg_toast,pg_toast_1985363,0,0,0,0,0,0,0,0,0
1788884666.815725,1985505,pg_toast,pg_toast_1985496,0,0,0,0,0,0,0,0,0
1788884666.815725,1985264,public,customer,0,0,0,0,0,0,0,0,0
1788884666.815725,3118,pg_catalog,pg_foreign_table,0,0,0,0,0,0,0,0,0
1788884666.815725,1259,pg_catalog,pg_class,1,523,12,12,0,0,0,0,0
1788884666.815725,3350,pg_catalog,pg_partitioned_table,0,0,0,0,0,0,0,0,0
1788884666.815725,4153,pg_toast,pg_toast_3118,0,0,0,0,0,0,0,0,0
1788884666.815725,4060,pg_toast,pg_toast_3592,0,0,0,0,0,0,0,0,0
1788884666.815725,1985543,public,status_type,0,0,0,0,0,0,0,0,0
1788884666.815725,4165,pg_toast,pg_toast_3350,0,0,0,0,0,0,0,0,0
1788884666.815725,1985402,public,trade_request,0,0,0,0,0,0,0,0,0
1788884666.815725,2753,pg_catalog,pg_opfamily,0,0,2,2,0,0,0,0,0
1788884666.815725,3601,pg_catalog,pg_ts_parser,0,0,0,0,0,0,0,0,0
1788884666.815725,6104,pg_catalog,pg_publication,0,0,0,0,0,0,0,0,0
1788884666.815725,13477,pg_toast,pg_toast_13474,0,0,0,0,0,0,0,0,0
1788884666.815725,3429,pg_catalog,pg_statistic_ext_data,0,0,0,0,0,0,0,0,0
1788884666.815725,2619,pg_catalog,pg_statistic,0,0,17,8,0,0,0,0,0
1788884666.815725,4155,pg_toast,pg_toast_3394,0,0,0,0,0,0,0,0,0
1788884666.815725,1985548,public,taxrate,0,0,0,0,0,0,0,0,0
1788884666.815725,3381,pg_catalog,pg_statistic_ext,0,0,3,0,0,0,0,0,0
1788884666.815725,6106,pg_catalog,pg_publication_rel,0,0,0,0,0,0,0,0,0
1788884666.815725,1985372,public,trade,0,0,0,0,0,0,0,0,0
1788884666.815725,2605,pg_catalog,pg_cast,0,0,34,7,0,0,0,0,0
1788884666.815725,4171,pg_toast,pg_toast_1247,0,0,0,0,0,0,0,0,0
1788884666.815725,2830,pg_toast,pg_toast_2604,0,0,0,0,0,0,0,0,0
1788884666.815725,1985309,public,holding_summary,0,0,0,0,0,0,0,0,0
1788884666.815725,1985413,pg_toast,pg_toast_1985402,0,0,0,0,0,0,0,0,0
1788884666.815725,13479,information_schema,sql_implementation_info,0,0,,,0,0,0,0,0
1788884666.815725,1985341,pg_toast,pg_toast_1985335,0,0,0,0,0,0,0,0,0
1788884666.815725,6244,pg_toast,pg_toast_6243,0,0,0,0,0,0,0,0,0
1788884666.815725,1985315,public,watch_item,0,0,0,0,0,0,0,0,0
1788884666.815725,3430,pg_toast,pg_toast_3429,0,0,0,0,0,0,0,0,0
1788884666.815725,1985320,public,watch_list,0,0,0,0,0,0,0,0,0
1788884726.911369,1985536,pg_toast,pg_toast_1985517,0,0,0,0,0,0,0,0,0
1788884726.911369,3576,pg_catalog,pg_transform,0,0,0,0,0,0,0,0,0
1788884726.911369,2601,pg_catalog,pg_am,0,0,0,0,0,0,0,0,0
1788884726.911369,1985363,public,settlement,0,0,0,0,0,0,0,0,0
1788884726.911369,3394,pg_catalog,pg_init_privs,0,0,0,0,0,0,0,0,0
1788884726.911369,4167,pg_toast,pg_toast_3256,0,0,0,0,0,0,0,0,0
1788884726.911369,4151,pg_toast,pg_toast_1417,0,0,0,0,0,0,0,0,0
1788884726.911369,2834,pg_toast,pg_toast_2609,0,0,0,0,0,0,0,0,0
1788884726.911369,6000,pg_catalog,pg_replication_origin,0,0,0,0,0,0,0,0,0
1788884726.911369,2840,pg_toast,pg_toast_2619,0,0,0,0,0,0,0,0,0
1788884726.911369,1985486,public,last_trade,0,0,0,0,0,0,0,0,0
1788884726.911369,2328,pg_catalog,pg_foreign_data_wrapper,0,0,0,0,0,0,0,0,0
1788884726.911369,4157,pg_toast,pg_toast_2612,0,0,0,0,0,0,0,0,0
1788884726.911369,1260,pg_catalog,pg_authid,0,0,0,0,0,0,0,0,0
1788884726.911369,6102,pg_catalog,pg_subscription_rel,0,0,0,0,0,0,0,0,0
1788884726.911369,1214,pg_catalog,pg_shdepend,0,0,0,0,0,0,0,0,0
1788884726.911369,4163,pg_toast,pg_toast_2615,0,0,0,0,0,0,0,0,0
1788884726.911369,1985343,public,charge,0,0,0,0,0,0,0,0,0
1788884726.911369,1985440,public,daily_market,0,0,0,0,0,0,0,0,0
1788884726.911369,1985422,public,company,0,0,0,0,0,0,0,0,0
1788884726.911369,4169,pg_toast,pg_toast_3600,0,0,0,0,0,0,0,0,0
1788884726.911369,2615,pg_catalog,pg_namespace,1,4,5,2,0,0,0,0,0
1788884726.911369,2396,pg_catalog,pg_shdescription,0,0,0,0,0,0,0,0,0
1788884726.911369,3600,pg_catalog,pg_ts_dict,0,0,0,0,0,0,0,0,0
1788884726.911369,1985325,public,broker,0,0,0,0,0,0,0,0,0
1788884726.911369,3596,pg_catalog,pg_seclabel,0,0,0,0,0,0,0,0,0
1788884726.911369,1985460,public,financial,0,0,0,0,0,0,0,0,0
1788884726.911369,2609,pg_catalog,pg_description,0,0,0,0,0,0,0,0,0
1788884726.911369,1985351,public,commission_rate,0,0,0,0,0,0,0,0,0
1788884726.911369,13482,pg_toast,pg_toast_13479,0,0,0,0,0,0,0,0,0
1788884726.911369,1985396,public,trade_history,0,0,0,0,0,0,0,0,0
1788884726.911369,3603,pg_catalog,pg_ts_config_map,0,0,0,0,0,0,0,0,0
1788884726.911369,1213,pg_catalog,pg_tablespace,0,0,1,1,0,0,0,0,0
1788884726.911369,2608,pg_catalog,pg_depend,0,0,0,0,0,0,0,0,0
1788884726.911369,2964,pg_catalog,pg_db_role_setting,0,0,0,0,0,0,0,0,0
1788884726.911369,1985283,pg_toast,pg_toast_1985275,0,0,0,0,0,0,0,0,0
1788884726.911369,1418,pg_catalog,pg_user_mapping,0,0,0,0,0,0,0,0,0
1788884726.911369,2613,pg_catalog,pg_largeobject,0,0,0,0,0,0,0,0,0
1788884726.911369,6175,pg_toast,pg_toast_3456,0,0,0,0,0,0,0,0,0
1788884726.911369,1261,pg_catalog,pg_auth_members,0,0,0,0,0,0,0,0,0
1788884726.911369,1985335,public,cash_transaction,0,0,0,0,0,0,0,0,0
1788884726.911369,2617,pg_catalog,pg_operator,0,0,5,5,0,0,0,0,0
1788884726.911369,1985300,pg_toast,pg_toast_1985290,0,0,0,0,0,0,0,0,0
1788884726.911369,1985538,public,address,0,0,0,0,0,0,0,0,0
1788884726.911369,2610,pg_catalog,pg_index,1,221,11,14,0,0,0,0,0
1788884726.911369,1249,pg_catalog,pg_attribute,0,0,75,92,0,0,0,0,0
1788884726.911369,1985512,public,sector,0,0,0,0,0,0,0,0,0
1788884726.911369,1985415,public,trade_type,0,0,0,0,0,0,0,0,0
1788884726.911369,2600,pg_catalog,pg_aggregate,0,0,1,1,0,0,0,0,0
1788884726.911369,2966,pg_toast,pg_toast_2964,0,0,0,0,0,0,0,0,0
1788884726.911369,1985451,public,exchange,0,0,0,0,0,0,0,0,0
1788884726.911369,2618,pg_catalog,pg_rewrite,0,0,1,1,0,0,0,0,0
1788884726.911369,4177,pg_toast,pg_toast_1262,0,0,0,0,0,0,0,0,0
1788884726.911369,13484,information_schema,sql_parts,0,0,,,0,0,0,0,0
1788884726.911369,4159,pg_toast,pg_toast_2600,0,0,0,0,0,0,0,0,0
1788884726.911369,4147,pg_toast,pg_toast_3079,0,0,0,0,0,0,0,0,0
1788884726.911369,13474,information_schema,sql_features,0,0,,,0,0,0,0,0
1788884726.911369,1985394,pg_toast,pg_toast_1985372,0,0,0,0,0,0,0,0,0
1788884726.911369,1247,pg_catalog,pg_type,0,0,19,19,0,0,0,0,0
1788884726.911369,2602,pg_catalog,pg_amop,0,0,12,25,0,0,0,0,0
1788884726.911369,3439,pg_toast,pg_toast_3381,0,0,0,0,0,0,0,0,0
1788884726.911369,2846,pg_toast,pg_toast_2396,0,0,0,0,0,0,0,0,0
1788884726.911369,1985555,public,zip_code,0,0,0,0,0,0,0,0,0
1788884726.911369,1985478,pg_toast,pg_toast_1985460,0,0,0,0,0,0,0,0,0
1788884726.911369,4145,pg_toast,pg_toast_3466,0,0,0,0,0,0,0,0,0
1788884726.911369,3541,pg_catalog,pg_range,0,0,0,0,0,0,0,0,0
1788884726.911369,3602,pg_catalog,pg_ts_config,0,0,0,0,0,0,0,0,0
1788884726.911369,1985333,pg_toast,pg_toast_1985325,0,0,0,0,0,0,0,0,0
1788884726.911369,4183,pg_toast,pg_toast_6100,0,0,0,0,0,0,0,0,0
1788884726.911369,1985496,public,news_item,0,0,0,0,0,0,0,0,0
1788884726.911369,2224,pg_catalog,pg_sequence,0,0,0,0,0,0,0,0,0
1788884726.911369,2611,pg_catalog,pg_inherits,0,0,0,0,0,0,0,0,0
1788884726.911369,1417,pg_catalog,pg_foreign_server,0,0,0,0,0,0,0,0,0
1788884726.911369,1262,pg_catalog,pg_database,0,0,0,0,0,0,0,0,0
1788884726.911369,13492,pg_toast,pg_toast_13489,0,0,0,0,0,0,0,0,0
1788884726.911369,3501,pg_catalog,pg_enum,0,0,0,0,0,0,0,0,0
1788884726.911369,2607,pg_catalog,pg_conversion,0,0,0,0,0,0,0,0,0
1788884726.911369,1985449,pg_toast,pg_toast_1985440,0,0,0,0,0,0,0,0,0
1788884726.911369,826,pg_catalog,pg_default_acl,0,0,0,0,0,0,0,0,0
1788884726.911369,2604,pg_catalog,pg_attrdef,0,0,0,0,0,0,0,0,0
1788884726.911369,2336,pg_toast,pg_toast_2620,0,0,0,0,0,0,0,0,0
1788884726.911369,2603,pg_catalog,pg_amproc,0,0,5,11,0,0,0,0,0
1788884726.911369,2606,pg_catalog,pg_constraint,0,0,3,8,0,0,0,0,0
1788884726.911369,1255,pg_catalog,pg_proc,0,0,19,24,0,0,0,0,0
1788884726.911369,4173,pg_toast,pg_toast_1418,0,0,0,0,0,0,0,0,0
1788884726.911369,1985285,public,customer_taxrate,0,0,0,0,0,0,0,0,0
1788884726.911369,2620,pg_catalog,pg_trigger,0,0,0,0,0,0,0,0,0
1788884726.911369,1985256,public,account_permission,0,0,0,0,0,0,0,0,0
1788884726.911369,1985507,public,news_xref,0,0,0,0,0,0,0,0,0
1788884726.911369,1985480,public,industry,0,0,0,0,0,0,0,0,0
1788884726.911369,2612,pg_catalog,pg_language,0,0,0,0,0,0,0,0,0
1788884726.911369,4149,pg_toast,pg_toast_2328,0,0,0,0,0,0,0,0,0
1788884726.911369,6351,pg_toast,pg_toast_2610,0,0,0,0,0,0,0,0,0
1788884726.911369,13489,information_schema,sql_sizing,0,0,,,0,0,0,0,0
1788884726.911369,1985494,pg_toast,pg_toast_1985486,0,0,0,0,0,0,0,0,0
1788884726.911369,3598,pg_toast,pg_toast_3596,0,0,0,0,0,0,0,0,0
1788884726.911369,2836,pg_toast,pg_toast_1255,0,0,0,0,0,0,0,0,0
1788884726.911369,3456,pg_catalog,pg_collation,0,0,0,0,0,0,0,0,0
1788884726.911369,3079,pg_catalog,pg_extension,0,0,0,0,0,0,0,0,0
1788884726.911369,6100,pg_catalog,pg_subscription,0,0,0,0,0,0,0,0,0
1788884726.911369,2832,pg_toast,pg_toast_2606,0,0,0,0,0,0,0,0,0
1788884726.911369,3256,pg_catalog,pg_policy,0,0,0,0,0,0,0,0,0
1788884726.911369,1985302,public,holding_history,0,0,0,0,0,0,0,0,0
1788884726.911369,1985517,public,security,0,0,0,0,0,0,0,0,0
1788884726.911369,3466,pg_catalog,pg_event_trigger,0,0,0,0,0,0,0,0,0
1788884726.911369,3592,pg_catalog,pg_shseclabel,0,0,0,0,0,0,0,0,0
1788884726.911369,3764,pg_catalog,pg_ts_template,0,0,0,0,0,0,0,0,0
1788884726.911369,6237,pg_catalog,pg_publication_namespace,0,0,0,0,0,0,0,0,0
1788884726.911369,13487,pg_toast,pg_toast_13484,0,0,0,0,0,0,0,0,0
1788884726.911369,2995,pg_catalog,pg_largeobject_metadata,0,0,0,0,0,0,0,0,0
1788884726.911369,1985275,public,customer_account,0,0,0,0,0,0,0,0,0
1788884726.911369,4143,pg_toast,pg_toast_826,0,0,0,0,0,0,0,0,0
1788884726.911369,4185,pg_toast,pg_toast_1213,0,0,0,0,0,0,0,0,0
1788884726.911369,6243,pg_catalog,pg_parameter_acl,0,0,0,0,0,0,0,0,0
1788884726.911369,2616,pg_catalog,pg_opclass,0,0,8,134,0,0,0,0,0
1788884726.911369,1985290,public,holding,0,0,0,0,0,0,0,0,0
1788884726.911369,2838,pg_toast,pg_toast_2618,0,0,1,3,0,0,0,0,0
1788884726.911369,6228,pg_toast,pg_toast_6106,0,0,0,0,0,0,0,0,0
1788884726.911369,1985349,pg_toast,pg_toast_1985343,0,0,0,0,0,0,0,0,0
1788884726.911369,1985434,public,company_competitor,0,0,0,0,0,0,0,0,0
1788884726.911369,1985370,pg_toast,pg_toast_1985363,0,0,0,0,0,0,0,0,0
1788884726.911369,1985505,pg_toast,pg_toast_1985496,0,0,0,0,0,0,0,0,0
1788884726.911369,1985264,public,customer,0,0,0,0,0,0,0,0,0
1788884726.911369,3118,pg_catalog,pg_foreign_table,0,0,0,0,0,0,0,0,0
1788884726.911369,1259,pg_catalog,pg_class,1,523,12,12,0,0,0,0,0
1788884726.911369,3350,pg_catalog,pg_partitioned_table,0,0,0,0,0,0,0,0,0
1788884726.911369,4153,pg_toast,pg_toast_3118,0,0,0,0,0,0,0,0,0
1788884726.911369,4060,pg_toast,pg_toast_3592,0,0,0,0,0,0,0,0,0
1788884726.911369,1985543,public,status_type,0,0,0,0,0,0,0,0,0
1788884726.911369,4165,pg_toast,pg_toast_3350,0,0,0,0,0,0,0,0,0
1788884726.911369,1985402,public,trade_request,0,0,0,0,0,0,0,0,0
1788884726.911369,2753,pg_catalog,pg_opfamily,0,0,2,2,0,0,0,0,0
1788884726.911369,3601,pg_catalog,pg_ts_parser,0,0,0,0,0,0,0,0,0
1788884726.911369,6104,pg_catalog,pg_publication,0,0,0,0,0,0,0,0,0
1788884726.911369,13477,pg_toast,pg_toast_13474,0,0,0,0,0,0,0,0,0
1788884726.911369,3429,pg_catalog,pg_statistic_ext_data,0,0,0,0,0,0,0,0,0
1788884726.911369,2619,pg_catalog,pg_statistic,0,0,17,8,0,0,0,0,0
1788884726.911369,4155,pg_toast,pg_toast_3394,0,0,0,0,0,0,0,0,0
1788884726.911369,1985548,public,taxrate,0,0,0,0,0,0,0,0,0
1788884726.911369,3381,pg_catalog,pg_statistic_ext,0,0,3,0,0,0,0,0,0
1788884726.911369,6106,pg_catalog,pg_publication_rel,0,0,0,0,0,0,0,0,0
1788884726.911369,1985372,public,trade,0,0,0,0,0,0,0,0,0
1788884726.911369,2605,pg_catalog,pg_cast,0,0,34,7,0,0,0,0,0
1788884726.911369,4171,pg_toast,pg_toast_1247,0,0,0,0,0,0,0,0,0
1788884726.911369,2830,pg_toast,pg_toast_2604,0,0,0,0,0,0,0,0,0
1788884726.911369,1985309,public,holding_summary,0,0,0,0,0,0,0,0,0
1788884726.911369,1985413,pg_toast,pg_toast_1985402,0,0,0,0,0,0,0,0,0
1788884726.911369,13479,information_schema,sql_implementation_info,0,0,,,0,0,0,0,0
1788884726.911369,1985341,pg_toast,pg_toast_1985335,0,0,0,0,0,0,0,0,0
1788884726.911369,6244,pg_toast,pg_toast_6243,0,0,0,0,0,0,0,0,0
1788884726.911369,1985315,public,watch_item,0,0,0,0,0,0,0,0,0
1788884726.911369,3430,pg_toast,pg_toast_3429,0,0,0,0,0,0,0,0,0
1788884726.911369,1985320,public,watch_list,0,0,0,0,0,0,0,0,0
1788884786.999653,1985536,pg_toast,pg_toast_1985517,0,0,0,0,0,0,0,0,0
1788884786.999653,3576,pg_catalog,pg_transform,0,0,0,0,0,0,0,0,0
1788884786.999653,2601,pg_catalog,pg_am,0,0,0,0,0,0,0,0,0
1788884786.999653,1985363,public,settlement,0,0,0,0,0,0,0,0,0
1788884786.999653,3394,pg_catalog,pg_init_privs,0,0,0,0,0,0,0,0,0
1788884786.999653,4167,pg_toast,pg_toast_3256,0,0,0,0,0,0,0,0,0
1788884786.999653,4151,pg_toast,pg_toast_1417,0,0,0,0,0,0,0,0,0
1788884786.999653,2834,pg_toast,pg_toast_2609,0,0,0,0,0,0,0,0,0
1788884786.999653,6000,pg_catalog,pg_replication_origin,0,0,0,0,0,0,0,0,0
1788884786.999653,2840,pg_toast,pg_toast_2619,0,0,0,0,0,0,0,0,0
1788884786.999653,1985486,public,last_trade,0,0,0,0,0,0,0,0,0
1788884786.999653,2328,pg_catalog,pg_foreign_data_wrapper,0,0,0,0,0,0,0,0,0
1788884786.999653,4157,pg_toast,pg_toast_2612,0,0,0,0,0,0,0,0,0
1788884786.999653,1260,pg_catalog,pg_authid,0,0,0,0,0,0,0,0,0
1788884786.999653,6102,pg_catalog,pg_subscription_rel,0,0,0,0,0,0,0,0,0
1788884786.999653,1214,pg_catalog,pg_shdepend,0,0,0,0,0,0,0,0,0
1788884786.999653,4163,pg_toast,pg_toast_2615,0,0,0,0,0,0,0,0,0
1788884786.999653,1985343,public,charge,0,0,0,0,0,0,0,0,0
1788884786.999653,1985440,public,daily_market,0,0,0,0,0,0,0,0,0
1788884786.999653,1985422,public,company,0,0,0,0,0,0,0,0,0
1788884786.999653,4169,pg_toast,pg_toast_3600,0,0,0,0,0,0,0,0,0
1788884786.999653,2615,pg_catalog,pg_namespace,1,4,5,2,0,0,0,0,0
1788884786.999653,2396,pg_catalog,pg_shdescription,0,0,0,0,0,0,0,0,0
1788884786.999653,3600,pg_catalog,pg_ts_dict,0,0,0,0,0,0,0,0,0
1788884786.999653,1985325,public,broker,0,0,0,0,0,0,0,0,0
1788884786.999653,3596,pg_catalog,pg_seclabel,0,0,0,0,0,0,0,0,0
1788884786.999653,1985460,public,financial,0,0,0,0,0,0,0,0,0
1788884786.999653,2609,pg_catalog,pg_description,0,0,0,0,0,0,0,0,0
1788884786.999653,1985351,public,commission_rate,0,0,0,0,0,0,0,0,0
1788884786.999653,13482,pg_toast,pg_toast_13479,0,0,0,0,0,0,0,0,0
1788884786.999653,1985396,public,trade_history,0,0,0,0,0,0,0,0,0
1788884786.999653,3603,pg_catalog,pg_ts_config_map,0,0,0,0,0,0,0,0,0
1788884786.999653,1213,pg_catalog,pg_tablespace,0,0,1,1,0,0,0,0,0
1788884786.999653,2608,pg_catalog,pg_depend,0,0,0,0,0,0,0,0,0
1788884786.999653,2964,pg_catalog,pg_db_role_setting,0,0,0,0,0,0,0,0,0
1788884786.999653,1985283,pg_toast,pg_toast_1985275,0,0,0,0,0,0,0,0,0
1788884786.999653,1418,pg_catalog,pg_user_mapping,0,0,0,0,0,0,0,0,0
1788884786.999653,2613,pg_catalog,pg_largeobject,0,0,0,0,0,0,0,0,0
1788884786.999653,6175,pg_toast,pg_toast_3456,0,0,0,0,0,0,0,0,0
1788884786.999653,1261,pg_catalog,pg_auth_members,0,0,0,0,0,0,0,0,0
1788884786.999653,1985335,public,cash_transaction,0,0,0,0,0,0,0,0,0
1788884786.999653,2617,pg_catalog,pg_operator,0,0,5,5,0,0,0,0,0
1788884786.999653,1985300,pg_toast,pg_toast_1985290,0,0,0,0,0,0,0,0,0
1788884786.999653,1985538,public,address,0,0,0,0,0,0,0,0,0
1788884786.999653,2610,pg_catalog,pg_index,1,221,11,14,0,0,0,0,0
1788884786.999653,1249,pg_catalog,pg_attribute,0,0,75,92,0,0,0,0,0
1788884786.999653,1985512,public,sector,0,0,0,0,0,0,0,0,0
1788884786.999653,1985415,public,trade_type,0,0,0,0,0,0,0,0,0
1788884786.999653,2600,pg_catalog,pg_aggregate,0,0,1,1,0,0,0,0,0
1788884786.999653,2966,pg_toast,pg_toast_2964,0,0,0,0,0,0,0,0,0
1788884786.999653,1985451,public,exchange,0,0,0,0,0,0,0,0,0
1788884786.999653,2618,pg_catalog,pg_rewrite,0,0,1,1,0,0,0,0,0
1788884786.999653,4177,pg_toast,pg_toast_1262,0,0,0,0,0,0,0,0,0
1788884786.999653,13484,information_schema,sql_parts,0,0,,,0,0,0,0,0
1788884786.999653,4159,pg_toast,pg_toast_2600,0,0,0,0,0,0,0,0,0
1788884786.999653,4147,pg_toast,pg_toast_3079,0,0,0,0,0,0,0,0,0
1788884786.999653,13474,information_schema,sql_features,0,0,,,0,0,0,0,0
1788884786.999653,1985394,pg_toast,pg_toast_1985372,0,0,0,0,0,0,0,0,0
1788884786.999653,1247,pg_catalog,pg_type,0,0,19,19,0,0,0,0,0
1788884786.999653,2602,pg_catalog,pg_amop,0,0,12,25,0,0,0,0,0
1788884786.999653,3439,pg_toast,pg_toast_3381,0,0,0,0,0,0,0,0,0
1788884786.999653,2846,pg_toast,pg_toast_2396,0,0,0,0,0,0,0,0,0
1788884786.999653,1985555,public,zip_code,0,0,0,0,0,0,0,0,0
1788884786.999653,1985478,pg_toast,pg_toast_1985460,0,0,0,0,0,0,0,0,0
1788884786.999653,4145,pg_toast,pg_toast_3466,0,0,0,0,0,0,0,0,0
1788884786.999653,3541,pg_catalog,pg_range,0,0,0,0,0,0,0,0,0
1788884786.999653,3602,pg_catalog,pg_ts_config,0,0,0,0,0,0,0,0,0
1788884786.999653,1985333,pg_toast,pg_toast_1985325,0,0,0,0,0,0,0,0,0
1788884786.999653,4183,pg_toast,pg_toast_6100,0,0,0,0,0,0,0,0,0
1788884786.999653,1985496,public,news_item,0,0,0,0,0,0,0,0,0
1788884786.999653,2224,pg_catalog,pg_sequence,0,0,0,0,0,0,0,0,0
1788884786.999653,2611,pg_catalog,pg_inherits,0,0,0,0,0,0,0,0,0
1788884786.999653,1417,pg_catalog,pg_foreign_server,0,0,0,0,0,0,0,0,0
1788884786.999653,1262,pg_catalog,pg_database,0,0,0,0,0,0,0,0,0
1788884786.999653,13492,pg_toast,pg_toast_13489,0,0,0,0,0,0,0,0,0
1788884786.999653,3501,pg_catalog,pg_enum,0,0,0,0,0,0,0,0,0
1788884786.999653,2607,pg_catalog,pg_conversion,0,0,0,0,0,0,0,0,0
1788884786.999653,1985449,pg_toast,pg_toast_1985440,0,0,0,0,0,0,0,0,0
1788884786.999653,826,pg_catalog,pg_default_acl,0,0,0,0,0,0,0,0,0
1788884786.999653,2604,pg_catalog,pg_attrdef,0,0,0,0,0,0,0,0,0
1788884786.999653,2336,pg_toast,pg_toast_2620,0,0,0,0,0,0,0,0,0
1788884786.999653,2603,pg_catalog,pg_amproc,0,0,5,11,0,0,0,0,0
1788884786.999653,2606,pg_catalog,pg_constraint,0,0,3,8,0,0,0,0,0
1788884786.999653,1255,pg_catalog,pg_proc,0,0,19,24,0,0,0,0,0
1788884786.999653,4173,pg_toast,pg_toast_1418,0,0,0,0,0,0,0,0,0
1788884786.999653,1985285,public,customer_taxrate,0,0,0,0,0,0,0,0,0
1788884786.999653,2620,pg_catalog,pg_trigger,0,0,0,0,0,0,0,0,0
1788884786.999653,1985256,public,account_permission,0,0,0,0,0,0,0,0,0
1788884786.999653,1985507,public,news_xref,0,0,0,0,0,0,0,0,0
1788884786.999653,1985480,public,industry,0,0,0,0,0,0,0,0,0
1788884786.999653,2612,pg_catalog,pg_language,0,0,0,0,0,0,0,0,0
1788884786.999653,4149,pg_toast,pg_toast_2328,0,0,0,0,0,0,0,0,0
1788884786.999653,6351,pg_toast,pg_toast_2610,0,0,0,0,0,0,0,0,0
1788884786.999653,13489,information_schema,sql_sizing,0,0,,,0,0,0,0,0
1788884786.999653,1985494,pg_toast,pg_toast_1985486,0,0,0,0,0,0,0,0,0
1788884786.999653,3598,pg_toast,pg_toast_3596,0,0,0,0,0,0,0,0,0
1788884786.999653,2836,pg_toast,pg_toast_1255,0,0,0,0,0,0,0,0,0
1788884786.999653,3456,pg_catalog,pg_collation,0,0,0,0,0,0,0,0,0
1788884786.999653,3079,pg_catalog,pg_extension,0,0,0,0,0,0,0,0,0
1788884786.999653,6100,pg_catalog,pg_subscription,0,0,0,0,0,0,0,0,0
1788884786.999653,2832,pg_toast,pg_toast_2606,0,0,0,0,0,0,0,0,0
1788884786.999653,3256,pg_catalog,pg_policy,0,0,0,0,0,0,0,0,0
1788884786.999653,1985302,public,holding_history,0,0,0,0,0,0,0,0,0
1788884786.999653,1985517,public,security,0,0,0,0,0,0,0,0,0
1788884786.999653,3466,pg_catalog,pg_event_trigger,0,0,0,0,0,0,0,0,0
1788884786.999653,3592,pg_catalog,pg_shseclabel,0,0,0,0,0,0,0,0,0
1788884786.999653,3764,pg_catalog,pg_ts_template,0,0,0,0,0,0,0,0,0
1788884786.999653,6237,pg_catalog,pg_publication_namespace,0,0,0,0,0,0,0,0,0
1788884786.999653,13487,pg_toast,pg_toast_13484,0,0,0,0,0,0,0,0,0
1788884786.999653,2995,pg_catalog,pg_largeobject_metadata,0,0,0,0,0,0,0,0,0
1788884786.999653,1985275,public,customer_account,0,0,0,0,0,0,0,0,0
1788884786.999653,4143,pg_toast,pg_toast_826,0,0,0,0,0,0,0,0,0
1788884786.999653,4185,pg_toast,pg_toast_1213,0,0,0,0,0,0,0,0,0
1788884786.999653,6243,pg_catalog,pg_parameter_acl,0,0,0,0,0,0,0,0,0
1788884786.999653,2616,pg_catalog,pg_opclass,0,0,8,134,0,0,0,0,0
1788884786.999653,1985290,public,holding,0,0,0,0,0,0,0,0,0
1788884786.999653,2838,pg_toast,pg_toast_2618,0,0,1,3,0,0,0,0,0
1788884786.999653,6228,pg_toast,pg_toast_6106,0,0,0,0,0,0,0,0,0
1788884786.999653,1985349,pg_toast,pg_toast_1985343,0,0,0,0,0,0,0,0,0
1788884786.999653,1985434,public,company_competitor,0,0,0,0,0,0,0,0,0
1788884786.999653,1985370,pg_toast,pg_toast_1985363,0,0,0,0,0,0,0,0,0
1788884786.999653,1985505,pg_toast,pg_toast_1985496,0,0,0,0,0,0,0,0,0
1788884786.999653,1985264,public,customer,0,0,0,0,0,0,0,0,0
1788884786.999653,3118,pg_catalog,pg_foreign_table,0,0,0,0,0,0,0,0,0
1788884786.999653,1259,pg_catalog,pg_class,1,523,12,12,0,0,0,0,0
1788884786.999653,3350,pg_catalog,pg_partitioned_table,0,0,0,0,0,0,0,0,0
1788884786.999653,4153,pg_toast,pg_toast_3118,0,0,0,0,0,0,0,0,0
1788884786.999653,4060,pg_toast,pg_toast_3592,0,0,0,0,0,0,0,0,0
1788884786.999653,1985543,public,status_type,0,0,0,0,0,0,0,0,0
1788884786.999653,4165,pg_toast,pg_toast_3350,0,0,0,0,0,0,0,0,0
1788884786.999653,1985402,public,trade_request,0,0,0,0,0,0,0,0,0
1788884786.999653,2753,pg_catalog,pg_opfamily,0,0,2,2,0,0,0,0,0
1788884786.999653,3601,pg_catalog,pg_ts_parser,0,0,0,0,0,0,0,0,0
1788884786.999653,6104,pg_catalog,pg_publication,0,0,0,0,0,0,0,0,0
1788884786.999653,13477,pg_toast,pg_toast_13474,0,0,0,0,0,0,0,0,0
1788884786.999653,3429,pg_catalog,pg_statistic_ext_data,0,0,0,0,0,0,0,0,0
1788884786.999653,2619,pg_catalog,pg_statistic,0,0,17,8,0,0,0,0,0
1788884786.999653,4155,pg_toast,pg_toast_3394,0,0,0,0,0,0,0,0,0
1788884786.999653,1985548,public,taxrate,0,0,0,0,0,0,0,0,0
1788884786.999653,3381,pg_catalog,pg_statistic_ext,0,0,3,0,0,0,0,0,0
1788884786.999653,6106,pg_catalog,pg_publication_rel,0,0,0,0,0,0,0,0,0
1788884786.999653,1985372,public,trade,0,0,0,0,0,0,0,0,0
1788884786.999653,2605,pg_catalog,pg_cast,0,0,34,7,0,0,0,0,0
1788884786.999653,4171,pg_toast,pg_toast_1247,0,0,0,0,0,0,0,0,0
1788884786.999653,2830,pg_toast,pg_toast_2604,0,0,0,0,0,0,0,0,0
1788884786.999653,1985309,public,holding_summary,0,0,0,0,0,0,0,0,0
1788884786.999653,1985413,pg_toast,pg_toast_1985402,0,0,0,0,0,0,0,0,0
1788884786.999653,13479,information_schema,sql_implementation_info,0,0,,,0,0,0,0,0
1788884786.999653,1985341,pg_toast,pg_toast_1985335,0,0,0,0,0,0,0,0,0
1788884786.999653,6244,pg_toast,pg_toast_6243,0,0,0,0,0,0,0,0,0
1788884786.999653,1985315,public,watch_item,0,0,0,0,0,0,0,0,0
1788884786.999653,3430,pg_toast,pg_toast_3429,0,0,0,0,0,0,0,0,0
1788884786.999653,1985320,public,watch_list,0,0,0,0,0,0,0,0,0
1788884846.092081,1985536,pg_toast,pg_toast_1985517,0,0,0,0,0,0,0,0,0
1788884846.092081,3576,pg_catalog,pg_transform,0,0,0,0,0,0,0,0,0
1788884846.092081,2601,pg_catalog,pg_am,0,0,0,0,0,0,0,0,0
1788884846.092081,1985363,public,settlement,0,0,0,0,0,0,0,0,0
1788884846.092081,3394,pg_catalog,pg_init_privs,0,0,0,0,0,0,0,0,0
1788884846.092081,4167,pg_toast,pg_toast_3256,0,0,0,0,0,0,0,0,0
1788884846.092081,4151,pg_toast,pg_toast_1417,0,0,0,0,0,0,0,0,0
1788884846.092081,2834,pg_toast,pg_toast_2609,0,0,0,0,0,0,0,0,0
1788884846.092081,6000,pg_catalog,pg_replication_origin,0,0,0,0,0,0,0,0,0
1788884846.092081,2840,pg_toast,pg_toast_2619,0,0,0,0,0,0,0,0,0
1788884846.092081,1985486,public,last_trade,0,0,0,0,0,0,0,0,0
1788884846.092081,2328,pg_catalog,pg_foreign_data_wrapper,0,0,0,0,0,0,0,0,0
1788884846.092081,4157,pg_toast,pg_toast_2612,0,0,0,0,0,0,0,0,0
1788884846.092081,1260,pg_catalog,pg_authid,0,0,0,0,0,0,0,0,0
1788884846.092081,6102,pg_catalog,pg_subscription_rel,0,0,0,0,0,0,0,0,0
1788884846.092081,1214,pg_catalog,pg_shdepend,0,0,0,0,0,0,0,0,0
1788884846.092081,4163,pg_toast,pg_toast_2615,0,0,0,0,0,0,0,0,0
1788884846.092081,1985343,public,charge,0,0,0,0,0,0,0,0,0
1788884846.092081,1985440,public,daily_market,0,0,0,0,0,0,0,0,0
1788884846.092081,1985422,public,company,0,0,0,0,0,0,0,0,0
1788884846.092081,4169,pg_toast,pg_toast_3600,0,0,0,0,0,0,0,0,0
1788884846.092081,2615,pg_catalog,pg_namespace,1,4,5,2,0,0,0,0,0
1788884846.092081,2396,pg_catalog,pg_shdescription,0,0,0,0,0,0,0,0,0
1788884846.092081,3600,pg_catalog,pg_ts_dict,0,0,0,0,0,0,0,0,0
1788884846.092081,1985325,public,broker,0,0,0,0,0,0,0,0,0
1788884846.092081,3596,pg_catalog,pg_seclabel,0,0,0,0,0,0,0,0,0
1788884846.092081,1985460,public,financial,0,0,0,0,0,0,0,0,0
1788884846.092081,2609,pg_catalog,pg_description,0,0,0,0,0,0,0,0,0
1788884846.092081,1985351,public,commission_rate,0,0,0,0,0,0,0,0,0
1788884846.092081,13482,pg_toast,pg_toast_13479,0,0,0,0,0,0,0,0,0
1788884846.092081,1985396,public,trade_history,0,0,0,0,0,0,0,0,0
1788884846.092081,3603,pg_catalog,pg_ts_config_map,0,0,0,0,0,0,0,0,0
1788884846.092081,1213,pg_catalog,pg_tablespace,0,0,1,1,0,0,0,0,0
1788884846.092081,2608,pg_catalog,pg_depend,0,0,0,0,0,0,0,0,0
1788884846.092081,2964,pg_catalog,pg_db_role_setting,0,0,0,0,0,0,0,0,0
1788884846.092081,1985283,pg_toast,pg_toast_1985275,0,0,0,0,0,0,0,0,0
1788884846.092081,1418,pg_catalog,pg_user_mapping,0,0,0,0,0,0,0,0,0
1788884846.092081,2613,pg_catalog,pg_largeobject,0,0,0,0,0,0,0,0,0
1788884846.092081,6175,pg_toast,pg_toast_3456,0,0,0,0,0,0,0,0,0
1788884846.092081,1261,pg_catalog,pg_auth_members,0,0,0,0,0,0,0,0,0
1788884846.092081,1985335,public,cash_transaction,0,0,0,0,0,0,0,0,0
1788884846.092081,2617,pg_catalog,pg_operator,0,0,5,5,0,0,0,0,0
1788884846.092081,1985300,pg_toast,pg_toast_1985290,0,0,0,0,0,0,0,0,0
1788884846.092081,1985538,public,address,0,0,0,0,0,0,0,0,0
1788884846.092081,2610,pg_catalog,pg_index,1,221,11,14,0,0,0,0,0
1788884846.092081,1249,pg_catalog,pg_attribute,0,0,75,92,0,0,0,0,0
1788884846.092081,1985512,public,sector,0,0,0,0,0,0,0,0,0
1788884846.092081,1985415,public,trade_type,0,0,0,0,0,0,0,0,0
1788884846.092081,2600,pg_catalog,pg_aggregate,0,0,1,1,0,0,0,0,0
1788884846.092081,2966,pg_toast,pg_toast_2964,0,0,0,0,0,0,0,0,0
1788884846.092081,1985451,public,exchange,0,0,0,0,0,0,0,0,0
1788884846.092081,2618,pg_catalog,pg_rewrite,0,0,1,1,0,0,0,0,0
1788884846.092081,4177,pg_toast,pg_toast_1262,0,0,0,0,0,0,0,0,0
1788884846.092081,13484,information_schema,sql_parts,0,0,,,0,0,0,0,0
1788884846.092081,4159,pg_toast,pg_toast_2600,0,0,0,0,0,0,0,0,0
1788884846.092081,4147,pg_toast,pg_toast_3079,0,0,0,0,0,0,0,0,0
1788884846.092081,13474,information_schema,sql_features,0,0,,,0,0,0,0,0
1788884846.092081,1985394,pg_toast,pg_toast_1985372,0,0,0,0,0,0,0,0,0
1788884846.092081,1247,pg_catalog,pg_type,0,0,19,19,0,0,0,0,0
1788884846.092081,2602,pg_catalog,pg_amop,0,0,12,25,0,0,0,0,0
1788884846.092081,3439,pg_toast,pg_toast_3381,0,0,0,0,0,0,0,0,0
1788884846.092081,2846,pg_toast,pg_toast_2396,0,0,0,0,0,0,0,0,0
1788884846.092081,1985555,public,zip_code,0,0,0,0,0,0,0,0,0
1788884846.092081,1985478,pg_toast,pg_toast_1985460,0,0,0,0,0,0,0,0,0
1788884846.092081,4145,pg_toast,pg_toast_3466,0,0,0,0,0,0,0,0,0
1788884846.092081,3541,pg_catalog,pg_range,0,0,0,0,0,0,0,0,0
1788884846.092081,3602,pg_catalog,pg_ts_config,0,0,0,0,0,0,0,0,0
1788884846.092081,1985333,pg_toast,pg_toast_1985325,0,0,0,0,0,0,0,0,0
1788884846.092081,4183,pg_toast,pg_toast_6100,0,0,0,0,0,0,0,0,0
1788884846.092081,1985496,public,news_item,0,0,0,0,0,0,0,0,0
1788884846.092081,2224,pg_catalog,pg_sequence,0,0,0,0,0,0,0,0,0
1788884846.092081,2611,pg_catalog,pg_inherits,0,0,0,0,0,0,0,0,0
1788884846.092081,1417,pg_catalog,pg_foreign_server,0,0,0,0,0,0,0,0,0
1788884846.092081,1262,pg_catalog,pg_database,0,0,0,0,0,0,0,0,0
1788884846.092081,13492,pg_toast,pg_toast_13489,0,0,0,0,0,0,0,0,0
1788884846.092081,3501,pg_catalog,pg_enum,0,0,0,0,0,0,0,0,0
1788884846.092081,2607,pg_catalog,pg_conversion,0,0,0,0,0,0,0,0,0
1788884846.092081,1985449,pg_toast,pg_toast_1985440,0,0,0,0,0,0,0,0,0
1788884846.092081,826,pg_catalog,pg_default_acl,0,0,0,0,0,0,0,0,0
1788884846.092081,2604,pg_catalog,pg_attrdef,0,0,0,0,0,0,0,0,0
1788884846.092081,2336,pg_toast,pg_toast_2620,0,0,0,0,0,0,0,0,0
1788884846.092081,2603,pg_catalog,pg_amproc,0,0,5,11,0,0,0,0,0
1788884846.092081,2606,pg_catalog,pg_constraint,0,0,3,8,0,0,0,0,0
1788884846.092081,1255,pg_catalog,pg_proc,0,0,19,24,0,0,0,0,0
1788884846.092081,4173,pg_toast,pg_toast_1418,0,0,0,0,0,0,0,0,0
1788884846.092081,1985285,public,customer_taxrate,0,0,0,0,0,0,0,0,0
1788884846.092081,2620,pg_catalog,pg_trigger,0,0,0,0,0,0,0,0,0
1788884846.092081,1985256,public,account_permission,0,0,0,0,0,0,0,0,0
1788884846.092081,1985507,public,news_xref,0,0,0,0,0,0,0,0,0
1788884846.092081,1985480,public,industry,0,0,0,0,0,0,0,0,0
1788884846.092081,2612,pg_catalog,pg_language,0,0,0,0,0,0,0,0,0
1788884846.092081,4149,pg_toast,pg_toast_2328,0,0,0,0,0,0,0,0,0
1788884846.092081,6351,pg_toast,pg_toast_2610,0,0,0,0,0,0,0,0,0
1788884846.092081,13489,information_schema,sql_sizing,0,0,,,0,0,0,0,0
1788884846.092081,1985494,pg_toast,pg_toast_1985486,0,0,0,0,0,0,0,0,0
1788884846.092081,3598,pg_toast,pg_toast_3596,0,0,0,0,0,0,0,0,0
1788884846.092081,2836,pg_toast,pg_toast_1255,0,0,0,0,0,0,0,0,0
1788884846.092081,3456,pg_catalog,pg_collation,0,0,0,0,0,0,0,0,0
1788884846.092081,3079,pg_catalog,pg_extension,0,0,0,0,0,0,0,0,0
1788884846.092081,6100,pg_catalog,pg_subscription,0,0,0,0,0,0,0,0,0
1788884846.092081,2832,pg_toast,pg_toast_2606,0,0,0,0,0,0,0,0,0
1788884846.092081,3256,pg_catalog,pg_policy,0,0,0,0,0,0,0,0,0
1788884846.092081,1985302,public,holding_history,0,0,0,0,0,0,0,0,0
1788884846.092081,1985517,public,security,0,0,0,0,0,0,0,0,0
1788884846.092081,3466,pg_catalog,pg_event_trigger,0,0,0,0,0,0,0,0,0
1788884846.092081,3592,pg_catalog,pg_shseclabel,0,0,0,0,0,0,0,0,0
1788884846.092081,3764,pg_catalog,pg_ts_template,0,0,0,0,0,0,0,0,0
1788884846.092081,6237,pg_catalog,pg_publication_namespace,0,0,0,0,0,0,0,0,0
1788884846.092081,13487,pg_toast,pg_toast_13484,0,0,0,0,0,0,0,0,0
1788884846.092081,2995,pg_catalog,pg_largeobject_metadata,0,0,0,0,0,0,0,0,0
1788884846.092081,1985275,public,customer_account,0,0,0,0,0,0,0,0,0
1788884846.092081,4143,pg_toast,pg_toast_826,0,0,0,0,0,0,0,0,0
1788884846.092081,4185,pg_toast,pg_toast_1213,0,0,0,0,0,0,0,0,0
1788884846.092081,6243,pg_catalog,pg_parameter_acl,0,0,0,0,0,0,0,0,0
1788884846.092081,2616,pg_catalog,pg_opclass,0,0,8,134,0,0,0,0,0
1788884846.092081,1985290,public,holding,0,0,0,0,0,0,0,0,0
1788884846.092081,2838,pg_toast,pg_toast_2618,0,0,1,3,0,0,0,0,0
1788884846.092081,6228,pg_toast,pg_toast_6106,0,0,0,0,0,0,0,0,0
1788884846.092081,1985349,pg_toast,pg_toast_1985343,0,0,0,0,0,0,0,0,0
1788884846.092081,1985434,public,company_competitor,0,0,0,0,0,0,0,0,0
1788884846.092081,1985370,pg_toast,pg_toast_1985363,0,0,0,0,0,0,0,0,0
1788884846.092081,1985505,pg_toast,pg_toast_1985496,0,0,0,0,0,0,0,0,0
1788884846.092081,1985264,public,customer,0,0,0,0,0,0,0,0,0
1788884846.092081,3118,pg_catalog,pg_foreign_table,0,0,0,0,0,0,0,0,0
1788884846.092081,1259,pg_catalog,pg_class,1,523,12,12,0,0,0,0,0
1788884846.092081,3350,pg_catalog,pg_partitioned_table,0,0,0,0,0,0,0,0,0
1788884846.092081,4153,pg_toast,pg_toast_3118,0,0,0,0,0,0,0,0,0
1788884846.092081,4060,pg_toast,pg_toast_3592,0,0,0,0,0,0,0,0,0
1788884846.092081,1985543,public,status_type,0,0,0,0,0,0,0,0,0
1788884846.092081,4165,pg_toast,pg_toast_3350,0,0,0,0,0,0,0,0,0
1788884846.092081,1985402,public,trade_request,0,0,0,0,0,0,0,0,0
1788884846.092081,2753,pg_catalog,pg_opfamily,0,0,2,2,0,0,0,0,0
1788884846.092081,3601,pg_catalog,pg_ts_parser,0,0,0,0,0,0,0,0,0
1788884846.092081,6104,pg_catalog,pg_publication,0,0,0,0,0,0,0,0,0
1788884846.092081,13477,pg_toast,pg_toast_13474,0,0,0,0,0,0,0,0,0
1788884846.092081,3429,pg_catalog,pg_statistic_ext_data,0,0,0,0,0,0,0,0,0
1788884846.092081,2619,pg_catalog,pg_statistic,0,0,17,8,0,0,0,0,0
1788884846.092081,4155,pg_toast,pg_toast_3394,0,0,0,0,0,0,0,0,0
1788884846.092081,1985548,public,taxrate,0,0,0,0,0,0,0,0,0
1788884846.092081,3381,pg_catalog,pg_statistic_ext,0,0,3,0,0,0,0,0,0
1788884846.092081,6106,pg_catalog,pg_publication_rel,0,0,0,0,0,0,0,0,0
1788884846.092081,1985372,public,trade,0,0,0,0,0,0,0,0,0
1788884846.092081,2605,pg_catalog,pg_cast,0,0,34,7,0,0,0,0,0
1788884846.092081,4171,pg_toast,pg_toast_1247,0,0,0,0,0,0,0,0,0
1788884846.092081,2830,pg_toast,pg_toast_2604,0,0,0,0,0,0,0,0,0
1788884846.092081,1985309,public,holding_summary,0,0,0,0,0,0,0,0,0
1788884846.092081,1985413,pg_toast,pg_toast_1985402,0,0,0,0,0,0,0,0,0
1788884846.092081,13479,information_schema,sql_implementation_info,0,0,,,0,0,0,0,0
1788884846.092081,1985341,pg_toast,pg_toast_1985335,0,0,0,0,0,0,0,0,0
1788884846.092081,6244,pg_toast,pg_toast_6243,0,0,0,0,0,0,0,0,0
1788884846.092081,1985315,public,watch_item,0,0,0,0,0,0,0,0,0
1788884846.092081,3430,pg_toast,pg_toast_3429,0,0,0,0,0,0,0,0,0
1788884846.092081,1985320,public,watch_list,0,0,0,0,0,0,0,0,0
1788884906.173192,1985536,pg_toast,pg_toast_1985517,0,0,0,0,0,0,0,0,0
1788884906.173192,3576,pg_catalog,pg_transform,0,0,0,0,0,0,0,0,0
1788884906.173192,2601,pg_catalog,pg_am,0,0,0,0,0,0,0,0,0
1788884906.173192,1985363,public,settlement,0,0,0,0,0,0,0,0,0
1788884906.173192,3394,pg_catalog,pg_init_privs,0,0,0,0,0,0,0,0,0
1788884906.173192,4167,pg_toast,pg_toast_3256,0,0,0,0,0,0,0,0,0
1788884906.173192,4151,pg_toast,pg_toast_1417,0,0,0,0,0,0,0,0,0
1788884906.173192,2834,pg_toast,pg_toast_2609,0,0,0,0,0,0,0,0,0
1788884906.173192,6000,pg_catalog,pg_replication_origin,0,0,0,0,0,0,0,0,0
1788884906.173192,2840,pg_toast,pg_toast_2619,0,0,0,0,0,0,0,0,0
1788884906.173192,1985486,public,last_trade,0,0,0,0,0,0,0,0,0
1788884906.173192,2328,pg_catalog,pg_foreign_data_wrapper,0,0,0,0,0,0,0,0,0
1788884906.173192,4157,pg_toast,pg_toast_2612,0,0,0,0,0,0,0,0,0
1788884906.173192,1260,pg_catalog,pg_authid,0,0,0,0,0,0,0,0,0
1788884906.173192,6102,pg_catalog,pg_subscription_rel,0,0,0,0,0,0,0,0,0
1788884906.173192,1214,pg_catalog,pg_shdepend,0,0,0,0,0,0,0,0,0
1788884906.173192,4163,pg_toast,pg_toast_2615,0,0,0,0,0,0,0,0,0
1788884906.173192,1985343,public,charge,0,0,0,0,0,0,0,0,0
1788884906.173192,1985440,public,daily_market,0,0,0,0,0,0,0,0,0
1788884906.173192,1985422,public,company,0,0,0,0,0,0,0,0,0
1788884906.173192,4169,pg_toast,pg_toast_3600,0,0,0,0,0,0,0,0,0
1788884906.173192,2615,pg_catalog,pg_namespace,1,4,5,2,0,0,0,0,0
1788884906.173192,2396,pg_catalog,pg_shdescription,0,0,0,0,0,0,0,0,0
1788884906.173192,3600,pg_catalog,pg_ts_dict,0,0,0,0,0,0,0,0,0
1788884906.173192,1985325,public,broker,0,0,0,0,0,0,0,0,0
1788884906.173192,3596,pg_catalog,pg_seclabel,0,0,0,0,0,0,0,0,0
1788884906.173192,1985460,public,financial,0,0,0,0,0,0,0,0,0
1788884906.173192,2609,pg_catalog,pg_description,0,0,0,0,0,0,0,0,0
1788884906.173192,1985351,public,commission_rate,0,0,0,0,0,0,0,0,0
1788884906.173192,13482,pg_toast,pg_toast_13479,0,0,0,0,0,0,0,0,0
1788884906.173192,1985396,public,trade_history,0,0,0,0,0,0,0,0,0
1788884906.173192,3603,pg_catalog,pg_ts_config_map,0,0,0,0,0,0,0,0,0
1788884906.173192,1213,pg_catalog,pg_tablespace,0,0,1,1,0,0,0,0,0
1788884906.173192,2608,pg_catalog,pg_depend,0,0,0,0,0,0,0,0,0
1788884906.173192,2964,pg_catalog,pg_db_role_setting,0,0,0,0,0,0,0,0,0
1788884906.173192,1985283,pg_toast,pg_toast_1985275,0,0,0,0,0,0,0,0,0
1788884906.173192,1418,pg_catalog,pg_user_mapping,0,0,0,0,0,0,0,0,0
1788884906.173192,2613,pg_catalog,pg_largeobject,0,0,0,0,0,0,0,0,0
1788884906.173192,6175,pg_toast,pg_toast_3456,0,0,0,0,0,0,0,0,0
1788884906.173192,1261,pg_catalog,pg_auth_members,0,0,0,0,0,0,0,0,0
1788884906.173192,1985335,public,cash_transaction,0,0,0,0,0,0,0,0,0
1788884906.173192,2617,pg_catalog,pg_operator,0,0,5,5,0,0,0,0,0
1788884906.173192,1985300,pg_toast,pg_toast_1985290,0,0,0,0,0,0,0,0,0
1788884906.173192,1985538,public,address,0,0,0,0,0,0,0,0,0
1788884906.173192,2610,pg_catalog,pg_index,1,221,11,14,0,0,0,0,0
1788884906.173192,1249,pg_catalog,pg_attribute,0,0,75,92,0,0,0,0,0
1788884906.173192,1985512,public,sector,0,0,0,0,0,0,0,0,0
1788884906.173192,1985415,public,trade_type,0,0,0,0,0,0,0,0,0
1788884906.173192,2600,pg_catalog,pg_aggregate,0,0,1,1,0,0,0,0,0
1788884906.173192,2966,pg_toast,pg_toast_2964,0,0,0,0,0,0,0,0,0
1788884906.173192,1985451,public,exchange,0,0,0,0,0,0,0,0,0
1788884906.173192,2618,pg_catalog,pg_rewrite,0,0,1,1,0,0,0,0,0
1788884906.173192,4177,pg_toast,pg_toast_1262,0,0,0,0,0,0,0,0,0
1788884906.173192,13484,information_schema,sql_parts,0,0,,,0,0,0,0,0
1788884906.173192,4159,pg_toast,pg_toast_2600,0,0,0,0,0,0,0,0,0
1788884906.173192,4147,pg_toast,pg_toast_3079,0,0,0,0,0,0,0,0,0
1788884906.173192,13474,information_schema,sql_features,0,0,,,0,0,0,0,0
1788884906.173192,1985394,pg_toast,pg_toast_1985372,0,0,0,0,0,0,0,0,0
1788884906.173192,1247,pg_catalog,pg_type,0,0,19,19,0,0,0,0,0
1788884906.173192,2602,pg_catalog,pg_amop,0,0,12,25,0,0,0,0,0
1788884906.173192,3439,pg_toast,pg_toast_3381,0,0,0,0,0,0,0,0,0
1788884906.173192,2846,pg_toast,pg_toast_2396,0,0,0,0,0,0,0,0,0
1788884906.173192,1985555,public,zip_code,0,0,0,0,0,0,0,0,0
1788884906.173192,1985478,pg_toast,pg_toast_1985460,0,0,0,0,0,0,0,0,0
1788884906.173192,4145,pg_toast,pg_toast_3466,0,0,0,0,0,0,0,0,0
1788884906.173192,3541,pg_catalog,pg_range,0,0,0,0,0,0,0,0,0
1788884906.173192,3602,pg_catalog,pg_ts_config,0,0,0,0,0,0,0,0,0
1788884906.173192,1985333,pg_toast,pg_toast_1985325,0,0,0,0,0,0,0,0,0
1788884906.173192,4183,pg_toast,pg_toast_6100,0,0,0,0,0,0,0,0,0
1788884906.173192,1985496,public,news_item,0,0,0,0,0,0,0,0,0
1788884906.173192,2224,pg_catalog,pg_sequence,0,0,0,0,0,0,0,0,0
1788884906.173192,2611,pg_catalog,pg_inherits,0,0,0,0,0,0,0,0,0
1788884906.173192,1417,pg_catalog,pg_foreign_server,0,0,0,0,0,0,0,0,0
1788884906.173192,1262,pg_catalog,pg_database,0,0,0,0,0,0,0,0,0
1788884906.173192,13492,pg_toast,pg_toast_13489,0,0,0,0,0,0,0,0,0
1788884906.173192,3501,pg_catalog,pg_enum,0,0,0,0,0,0,0,0,0
1788884906.173192,2607,pg_catalog,pg_conversion,0,0,0,0,0,0,0,0,0
1788884906.173192,1985449,pg_toast,pg_toast_1985440,0,0,0,0,0,0,0,0,0
1788884906.173192,826,pg_catalog,pg_default_acl,0,0,0,0,0,0,0,0,0
1788884906.173192,2604,pg_catalog,pg_attrdef,0,0,0,0,0,0,0,0,0
1788884906.173192,2336,pg_toast,pg_toast_2620,0,0,0,0,0,0,0,0,0
1788884906.173192,2603,pg_catalog,pg_amproc,0,0,5,11,0,0,0,0,0
1788884906.173192,2606,pg_catalog,pg_constraint,0,0,3,8,0,0,0,0,0
1788884906.173192,1255,pg_catalog,pg_proc,0,0,19,24,0,0,0,0,0
1788884906.173192,4173,pg_toast,pg_toast_1418,0,0,0,0,0,0,0,0,0
1788884906.173192,1985285,public,customer_taxrate,0,0,0,0,0,0,0,0,0
1788884906.173192,2620,pg_catalog,pg_trigger,0,0,0,0,0,0,0,0,0
1788884906.173192,1985256,public,account_permission,0,0,0,0,0,0,0,0,0
1788884906.173192,1985507,public,news_xref,0,0,0,0,0,0,0,0,0
1788884906.173192,1985480,public,industry,0,0,0,0,0,0,0,0,0
1788884906.173192,2612,pg_catalog,pg_language,0,0,0,0,0,0,0,0,0
1788884906.173192,4149,pg_toast,pg_toast_2328,0,0,0,0,0,0,0,0,0
1788884906.173192,6351,pg_toast,pg_toast_2610,0,0,0,0,0,0,0,0,0
1788884906.173192,13489,information_schema,sql_sizing,0,0,,,0,0,0,0,0
1788884906.173192,1985494,pg_toast,pg_toast_1985486,0,0,0,0,0,0,0,0,0
1788884906.173192,3598,pg_toast,pg_toast_3596,0,0,0,0,0,0,0,0,0
1788884906.173192,2836,pg_toast,pg_toast_1255,0,0,0,0,0,0,0,0,0
1788884906.173192,3456,pg_catalog,pg_collation,0,0,0,0,0,0,0,0,0
1788884906.173192,3079,pg_catalog,pg_extension,0,0,0,0,0,0,0,0,0
1788884906.173192,6100,pg_catalog,pg_subscription,0,0,0,0,0,0,0,0,0
1788884906.173192,2832,pg_toast,pg_toast_2606,0,0,0,0,0,0,0,0,0
1788884906.173192,3256,pg_catalog,pg_policy,0,0,0,0,0,0,0,0,0
1788884906.173192,1985302,public,holding_history,0,0,0,0,0,0,0,0,0
1788884906.173192,1985517,public,security,0,0,0,0,0,0,0,0,0
1788884906.173192,3466,pg_catalog,pg_event_trigger,0,0,0,0,0,0,0,0,0
1788884906.173192,3592,pg_catalog,pg_shseclabel,0,0,0,0,0,0,0,0,0
1788884906.173192,3764,pg_catalog,pg_ts_template,0,0,0,0,0,0,0,0,0
1788884906.173192,6237,pg_catalog,pg_publication_namespace,0,0,0,0,0,0,0,0,0
1788884906.173192,13487,pg_toast,pg_toast_13484,0,0,0,0,0,0,0,0,0
1788884906.173192,2995,pg_catalog,pg_largeobject_metadata,0,0,0,0,0,0,0,0,0
1788884906.173192,1985275,public,customer_account,0,0,0,0,0,0,0,0,0
1788884906.173192,4143,pg_toast,pg_toast_826,0,0,0,0,0,0,0,0,0
1788884906.173192,4185,pg_toast,pg_toast_1213,0,0,0,0,0,0,0,0,0
1788884906.173192,6243,pg_catalog,pg_parameter_acl,0,0,0,0,0,0,0,0,0
1788884906.173192,2616,pg_catalog,pg_opclass,0,0,8,134,0,0,0,0,0
1788884906.173192,1985290,public,holding,0,0,0,0,0,0,0,0,0
1788884906.173192,2838,pg_toast,pg_toast_2618,0,0,1,3,0,0,0,0,0
1788884906.173192,6228,pg_toast,pg_toast_6106,0,0,0,0,0,0,0,0,0
1788884906.173192,1985349,pg_toast,pg_toast_1985343,0,0,0,0,0,0,0,0,0
1788884906.173192,1985434,public,company_competitor,0,0,0,0,0,0,0,0,0
1788884906.173192,1985370,pg_toast,pg_toast_1985363,0,0,0,0,0,0,0,0,0
1788884906.173192,1985505,pg_toast,pg_toast_1985496,0,0,0,0,0,0,0,0,0
1788884906.173192,1985264,public,customer,0,0,0,0,0,0,0,0,0
1788884906.173192,3118,pg_catalog,pg_foreign_table,0,0,0,0,0,0,0,0,0
1788884906.173192,1259,pg_catalog,pg_class,1,523,12,12,0,0,0,0,0
1788884906.173192,3350,pg_catalog,pg_partitioned_table,0,0,0,0,0,0,0,0,0
1788884906.173192,4153,pg_toast,pg_toast_3118,0,0,0,0,0,0,0,0,0
1788884906.173192,4060,pg_toast,pg_toast_3592,0,0,0,0,0,0,0,0,0
1788884906.173192,1985543,public,status_type,0,0,0,0,0,0,0,0,0
1788884906.173192,4165,pg_toast,pg_toast_3350,0,0,0,0,0,0,0,0,0
1788884906.173192,1985402,public,trade_request,0,0,0,0,0,0,0,0,0
1788884906.173192,2753,pg_catalog,pg_opfamily,0,0,2,2,0,0,0,0,0
1788884906.173192,3601,pg_catalog,pg_ts_parser,0,0,0,0,0,0,0,0,0
1788884906.173192,6104,pg_catalog,pg_publication,0,0,0,0,0,0,0,0,0
1788884906.173192,13477,pg_toast,pg_toast_13474,0,0,0,0,0,0,0,0,0
1788884906.173192,3429,pg_catalog,pg_statistic_ext_data,0,0,0,0,0,0,0,0,0
1788884906.173192,2619,pg_catalog,pg_statistic,0,0,17,8,0,0,0,0,0
1788884906.173192,4155,pg_toast,pg_toast_3394,0,0,0,0,0,0,0,0,0
1788884906.173192,1985548,public,taxrate,0,0,0,0,0,0,0,0,0
1788884906.173192,3381,pg_catalog,pg_statistic_ext,0,0,3,0,0,0,0,0,0
1788884906.173192,6106,pg_catalog,pg_publication_rel,0,0,0,0,0,0,0,0,0
1788884906.173192,1985372,public,trade,0,0,0,0,0,0,0,0,0
1788884906.173192,2605,pg_catalog,pg_cast,0,0,34,7,0,0,0,0,0
1788884906.173192,4171,pg_toast,pg_toast_1247,0,0,0,0,0,0,0,0,0
1788884906.173192,2830,pg_toast,pg_toast_2604,0,0,0,0,0,0,0,0,0
1788884906.173192,1985309,public,holding_summary,0,0,0,0,0,0,0,0,0
1788884906.173192,1985413,pg_toast,pg_toast_1985402,0,0,0,0,0,0,0,0,0
1788884906.173192,13479,information_schema,sql_implementation_info,0,0,,,0,0,0,0,0
1788884906.173192,1985341,pg_toast,pg_toast_1985335,0,0,0,0,0,0,0,0,0
1788884906.173192,6244,pg_toast,pg_toast_6243,0,0,0,0,0,0,0,0,0
1788884906.173192,1985315,public,watch_item,0,0,0,0,0,0,0,0,0
1788884906.173192,3430,pg_toast,pg_toast_3429,0,0,0,0,0,0,0,0,0
1788884906.173192,1985320,public,watch_list,0,0,0,0,0,0,0,0,0
1788884966.282455,1985536,pg_toast,pg_toast_1985517,0,0,0,0,0,0,0,0,0
1788884966.282455,3576,pg_catalog,pg_transform,0,0,0,0,0,0,0,0,0
1788884966.282455,2601,pg_catalog,pg_am,0,0,0,0,0,0,0,0,0
1788884966.282455,1985363,public,settlement,0,0,0,0,0,0,0,0,0
1788884966.282455,3394,pg_catalog,pg_init_privs,0,0,0,0,0,0,0,0,0
1788884966.282455,4167,pg_toast,pg_toast_3256,0,0,0,0,0,0,0,0,0
1788884966.282455,4151,pg_toast,pg_toast_1417,0,0,0,0,0,0,0,0,0
1788884966.282455,2834,pg_toast,pg_toast_2609,0,0,0,0,0,0,0,0,0
1788884966.282455,6000,pg_catalog,pg_replication_origin,0,0,0,0,0,0,0,0,0
1788884966.282455,2840,pg_toast,pg_toast_2619,0,0,0,0,0,0,0,0,0
1788884966.282455,1985486,public,last_trade,0,0,0,0,0,0,0,0,0
1788884966.282455,2328,pg_catalog,pg_foreign_data_wrapper,0,0,0,0,0,0,0,0,0
1788884966.282455,4157,pg_toast,pg_toast_2612,0,0,0,0,0,0,0,0,0
1788884966.282455,1260,pg_catalog,pg_authid,0,0,0,0,0,0,0,0,0
1788884966.282455,6102,pg_catalog,pg_subscription_rel,0,0,0,0,0,0,0,0,0
1788884966.282455,1214,pg_catalog,pg_shdepend,0,0,0,0,0,0,0,0,0
1788884966.282455,4163,pg_toast,pg_toast_2615,0,0,0,0,0,0,0,0,0
1788884966.282455,1985343,public,charge,0,0,0,0,0,0,0,0,0
1788884966.282455,1985440,public,daily_market,0,0,0,0,0,0,0,0,0
1788884966.282455,1985422,public,company,0,0,0,0,0,0,0,0,0
1788884966.282455,4169,pg_toast,pg_toast_3600,0,0,0,0,0,0,0,0,0
1788884966.282455,2615,pg_catalog,pg_namespace,1,4,5,2,0,0,0,0,0
1788884966.282455,2396,pg_catalog,pg_shdescription,0,0,0,0,0,0,0,0,0
1788884966.282455,3600,pg_catalog,pg_ts_dict,0,0,0,0,0,0,0,0,0
1788884966.282455,1985325,public,broker,0,0,0,0,0,0,0,0,0
1788884966.282455,3596,pg_catalog,pg_seclabel,0,0,0,0,0,0,0,0,0
1788884966.282455,1985460,public,financial,0,0,0,0,0,0,0,0,0
1788884966.282455,2609,pg_catalog,pg_description,0,0,0,0,0,0,0,0,0
1788884966.282455,1985351,public,commission_rate,0,0,0,0,0,0,0,0,0
1788884966.282455,13482,pg_toast,pg_toast_13479,0,0,0,0,0,0,0,0,0
1788884966.282455,1985396,public,trade_history,0,0,0,0,0,0,0,0,0
1788884966.282455,3603,pg_catalog,pg_ts_config_map,0,0,0,0,0,0,0,0,0
1788884966.282455,1213,pg_catalog,pg_tablespace,0,0,1,1,0,0,0,0,0
1788884966.282455,2608,pg_catalog,pg_depend,0,0,0,0,0,0,0,0,0
1788884966.282455,2964,pg_catalog,pg_db_role_setting,0,0,0,0,0,0,0,0,0
1788884966.282455,1985283,pg_toast,pg_toast_1985275,0,0,0,0,0,0,0,0,0
1788884966.282455,1418,pg_catalog,pg_user_mapping,0,0,0,0,0,0,0,0,0
1788884966.282455,2613,pg_catalog,pg_largeobject,0,0,0,0,0,0,0,0,0
1788884966.282455,6175,pg_toast,pg_toast_3456,0,0,0,0,0,0,0,0,0
1788884966.282455,1261,pg_catalog,pg_auth_members,0,0,0,0,0,0,0,0,0
1788884966.282455,1985335,public,cash_transaction,0,0,0,0,0,0,0,0,0
1788884966.282455,2617,pg_catalog,pg_operator,0,0,5,5,0,0,0,0,0
1788884966.282455,1985300,pg_toast,pg_toast_1985290,0,0,0,0,0,0,0,0,0
1788884966.282455,1985538,public,address,0,0,0,0,0,0,0,0,0
1788884966.282455,2610,pg_catalog,pg_index,1,221,11,14,0,0,0,0,0
1788884966.282455,1249,pg_catalog,pg_attribute,0,0,75,92,0,0,0,0,0
1788884966.282455,1985512,public,sector,0,0,0,0,0,0,0,0,0
1788884966.282455,1985415,public,trade_type,0,0,0,0,0,0,0,0,0
1788884966.282455,2600,pg_catalog,pg_aggregate,0,0,1,1,0,0,0,0,0
1788884966.282455,2966,pg_toast,pg_toast_2964,0,0,0,0,0,0,0,0,0
1788884966.282455,1985451,public,exchange,0,0,0,0,0,0,0,0,0
1788884966.282455,2618,pg_catalog,pg_rewrite,0,0,1,1,0,0,0,0,0
1788884966.282455,4177,pg_toast,pg_toast_1262,0,0,0,0,0,0,0,0,0
1788884966.282455,13484,information_schema,sql_parts,0,0,,,0,0,0,0,0
1788884966.282455,4159,pg_toast,pg_toast_2600,0,0,0,0,0,0,0,0,0
1788884966.282455,4147,pg_toast,pg_toast_3079,0,0,0,0,0,0,0,0,0
1788884966.282455,13474,information_schema,sql_features,0,0,,,0,0,0,0,0
1788884966.282455,1985394,pg_toast,pg_toast_1985372,0,0,0,0,0,0,0,0,0
1788884966.282455,1247,pg_catalog,pg_type,0,0,19,19,0,0,0,0,0
1788884966.282455,2602,pg_catalog,pg_amop,0,0,12,25,0,0,0,0,0
1788884966.282455,3439,pg_toast,pg_toast_3381,0,0,0,0,0,0,0,0,0
1788884966.282455,2846,pg_toast,pg_toast_2396,0,0,0,0,0,0,0,0,0
1788884966.282455,1985555,public,zip_code,0,0,0,0,0,0,0,0,0
1788884966.282455,1985478,pg_toast,pg_toast_1985460,0,0,0,0,0,0,0,0,0
1788884966.282455,4145,pg_toast,pg_toast_3466,0,0,0,0,0,0,0,0,0
1788884966.282455,3541,pg_catalog,pg_range,0,0,0,0,0,0,0,0,0
1788884966.282455,3602,pg_catalog,pg_ts_config,0,0,0,0,0,0,0,0,0
1788884966.282455,1985333,pg_toast,pg_toast_1985325,0,0,0,0,0,0,0,0,0
1788884966.282455,4183,pg_toast,pg_toast_6100,0,0,0,0,0,0,0,0,0
1788884966.282455,1985496,public,news_item,0,0,0,0,0,0,0,0,0
1788884966.282455,2224,pg_catalog,pg_sequence,0,0,0,0,0,0,0,0,0
1788884966.282455,2611,pg_catalog,pg_inherits,0,0,0,0,0,0,0,0,0
1788884966.282455,1417,pg_catalog,pg_foreign_server,0,0,0,0,0,0,0,0,0
1788884966.282455,1262,pg_catalog,pg_database,0,0,0,0,0,0,0,0,0
1788884966.282455,13492,pg_toast,pg_toast_13489,0,0,0,0,0,0,0,0,0
1788884966.282455,3501,pg_catalog,pg_enum,0,0,0,0,0,0,0,0,0
1788884966.282455,2607,pg_catalog,pg_conversion,0,0,0,0,0,0,0,0,0
1788884966.282455,1985449,pg_toast,pg_toast_1985440,0,0,0,0,0,0,0,0,0
1788884966.282455,826,pg_catalog,pg_default_acl,0,0,0,0,0,0,0,0,0
1788884966.282455,2604,pg_catalog,pg_attrdef,0,0,0,0,0,0,0,0,0
1788884966.282455,2336,pg_toast,pg_toast_2620,0,0,0,0,0,0,0,0,0
1788884966.282455,2603,pg_catalog,pg_amproc,0,0,5,11,0,0,0,0,0
1788884966.282455,2606,pg_catalog,pg_constraint,0,0,3,8,0,0,0,0,0
1788884966.282455,1255,pg_catalog,pg_proc,0,0,19,24,0,0,0,0,0
1788884966.282455,4173,pg_toast,pg_toast_1418,0,0,0,0,0,0,0,0,0
1788884966.282455,1985285,public,customer_taxrate,0,0,0,0,0,0,0,0,0
1788884966.282455,2620,pg_catalog,pg_trigger,0,0,0,0,0,0,0,0,0
1788884966.282455,1985256,public,account_permission,0,0,0,0,0,0,0,0,0
1788884966.282455,1985507,public,news_xref,0,0,0,0,0,0,0,0,0
1788884966.282455,1985480,public,industry,0,0,0,0,0,0,0,0,0
1788884966.282455,2612,pg_catalog,pg_language,0,0,0,0,0,0,0,0,0
1788884966.282455,4149,pg_toast,pg_toast_2328,0,0,0,0,0,0,0,0,0
1788884966.282455,6351,pg_toast,pg_toast_2610,0,0,0,0,0,0,0,0,0
1788884966.282455,13489,information_schema,sql_sizing,0,0,,,0,0,0,0,0
1788884966.282455,1985494,pg_toast,pg_toast_1985486,0,0,0,0,0,0,0,0,0
1788884966.282455,3598,pg_toast,pg_toast_3596,0,0,0,0,0,0,0,0,0
1788884966.282455,2836,pg_toast,pg_toast_1255,0,0,0,0,0,0,0,0,0
1788884966.282455,3456,pg_catalog,pg_collation,0,0,0,0,0,0,0,0,0
1788884966.282455,3079,pg_catalog,pg_extension,0,0,0,0,0,0,0,0,0
1788884966.282455,6100,pg_catalog,pg_subscription,0,0,0,0,0,0,0,0,0
1788884966.282455,2832,pg_toast,pg_toast_2606,0,0,0,0,0,0,0,0,0
1788884966.282455,3256,pg_catalog,pg_policy,0,0,0,0,0,0,0,0,0
1788884966.282455,1985302,public,holding_history,0,0,0,0,0,0,0,0,0
1788884966.282455,1985517,public,security,0,0,0,0,0,0,0,0,0
1788884966.282455,3466,pg_catalog,pg_event_trigger,0,0,0,0,0,0,0,0,0
1788884966.282455,3592,pg_catalog,pg_shseclabel,0,0,0,0,0,0,0,0,0
1788884966.282455,3764,pg_catalog,pg_ts_template,0,0,0,0,0,0,0,0,0
1788884966.282455,6237,pg_catalog,pg_publication_namespace,0,0,0,0,0,0,0,0,0
1788884966.282455,13487,pg_toast,pg_toast_13484,0,0,0,0,0,0,0,0,0
1788884966.282455,2995,pg_catalog,pg_largeobject_metadata,0,0,0,0,0,0,0,0,0
1788884966.282455,1985275,public,customer_account,0,0,0,0,0,0,0,0,0
1788884966.282455,4143,pg_toast,pg_toast_826,0,0,0,0,0,0,0,0,0
1788884966.282455,4185,pg_toast,pg_toast_1213,0,0,0,0,0,0,0,0,0
1788884966.282455,6243,pg_catalog,pg_parameter_acl,0,0,0,0,0,0,0,0,0
1788884966.282455,2616,pg_catalog,pg_opclass,0,0,8,134,0,0,0,0,0
1788884966.282455,1985290,public,holding,0,0,0,0,0,0,0,0,0
1788884966.282455,2838,pg_toast,pg_toast_2618,0,0,1,3,0,0,0,0,0
1788884966.282455,6228,pg_toast,pg_toast_6106,0,0,0,0,0,0,0,0,0
1788884966.282455,1985349,pg_toast,pg_toast_1985343,0,0,0,0,0,0,0,0,0
1788884966.282455,1985434,public,company_competitor,0,0,0,0,0,0,0,0,0
1788884966.282455,1985370,pg_toast,pg_toast_1985363,0,0,0,0,0,0,0,0,0
1788884966.282455,1985505,pg_toast,pg_toast_1985496,0,0,0,0,0,0,0,0,0
1788884966.282455,1985264,public,customer,0,0,0,0,0,0,0,0,0
1788884966.282455,3118,pg_catalog,pg_foreign_table,0,0,0,0,0,0,0,0,0
1788884966.282455,1259,pg_catalog,pg_class,1,523,12,12,0,0,0,0,0
1788884966.282455,3350,pg_catalog,pg_partitioned_table,0,0,0,0,0,0,0,0,0
1788884966.282455,4153,pg_toast,pg_toast_3118,0,0,0,0,0,0,0,0,0
1788884966.282455,4060,pg_toast,pg_toast_3592,0,0,0,0,0,0,0,0,0
1788884966.282455,1985543,public,status_type,0,0,0,0,0,0,0,0,0
1788884966.282455,4165,pg_toast,pg_toast_3350,0,0,0,0,0,0,0,0,0
1788884966.282455,1985402,public,trade_request,0,0,0,0,0,0,0,0,0
1788884966.282455,2753,pg_catalog,pg_opfamily,0,0,2,2,0,0,0,0,0
1788884966.282455,3601,pg_catalog,pg_ts_parser,0,0,0,0,0,0,0,0,0
1788884966.282455,6104,pg_catalog,pg_publication,0,0,0,0,0,0,0,0,0
1788884966.282455,13477,pg_toast,pg_toast_13474,0,0,0,0,0,0,0,0,0
1788884966.282455,3429,pg_catalog,pg_statistic_ext_data,0,0,0,0,0,0,0,0,0
1788884966.282455,2619,pg_catalog,pg_statistic,0,0,17,8,0,0,0,0,0
1788884966.282455,4155,pg_toast,pg_toast_3394,0,0,0,0,0,0,0,0,0
1788884966.282455,1985548,public,taxrate,0,0,0,0,0,0,0,0,0
1788884966.282455,3381,pg_catalog,pg_statistic_ext,0,0,3,0,0,0,0,0,0
1788884966.282455,6106,pg_catalog,pg_publication_rel,0,0,0,0,0,0,0,0,0
1788884966.282455,1985372,public,trade,0,0,0,0,0,0,0,0,0
1788884966.282455,2605,pg_catalog,pg_cast,0,0,34,7,0,0,0,0,0
1788884966.282455,4171,pg_toast,pg_toast_1247,0,0,0,0,0,0,0,0,0
1788884966.282455,2830,pg_toast,pg_toast_2604,0,0,0,0,0,0,0,0,0
1788884966.282455,1985309,public,holding_summary,0,0,0,0,0,0,0,0,0
1788884966.282455,1985413,pg_toast,pg_toast_1985402,0,0,0,0,0,0,0,0,0
1788884966.282455,13479,information_schema,sql_implementation_info,0,0,,,0,0,0,0,0
1788884966.282455,1985341,pg_toast,pg_toast_1985335,0,0,0,0,0,0,0,0,0
1788884966.282455,6244,pg_toast,pg_toast_6243,0,0,0,0,0,0,0,0,0
1788884966.282455,1985315,public,watch_item,0,0,0,0,0,0,0,0,0
1788884966.282455,3430,pg_toast,pg_toast_3429,0,0,0,0,0,0,0,0,0
1788884966.282455,1985320,public,watch_list,0,0,0,0,0,0,0,0,0
1788885026.387149,1985536,pg_toast,pg_toast_1985517,0,0,0,0,0,0,0,0,0
1788885026.387149,3576,pg_catalog,pg_transform,0,0,0,0,0,0,0,0,0
1788885026.387149,2601,pg_catalog,pg_am,0,0,0,0,0,0,0,0,0
1788885026.387149,1985363,public,settlement,0,0,0,0,0,0,0,0,0
1788885026.387149,3394,pg_catalog,pg_init_privs,0,0,0,0,0,0,0,0,0
1788885026.387149,4167,pg_toast,pg_toast_3256,0,0,0,0,0,0,0,0,0
1788885026.387149,4151,pg_toast,pg_toast_1417,0,0,0,0,0,0,0,0,0
1788885026.387149,2834,pg_toast,pg_toast_2609,0,0,0,0,0,0,0,0,0
1788885026.387149,6000,pg_catalog,pg_replication_origin,0,0,0,0,0,0,0,0,0
1788885026.387149,2840,pg_toast,pg_toast_2619,0,0,0,0,0,0,0,0,0
1788885026.387149,1985486,public,last_trade,0,0,0,0,0,0,0,0,0
1788885026.387149,2328,pg_catalog,pg_foreign_data_wrapper,0,0,0,0,0,0,0,0,0
1788885026.387149,4157,pg_toast,pg_toast_2612,0,0,0,0,0,0,0,0,0
1788885026.387149,1260,pg_catalog,pg_authid,0,0,0,0,0,0,0,0,0
1788885026.387149,6102,pg_catalog,pg_subscription_rel,0,0,0,0,0,0,0,0,0
1788885026.387149,1214,pg_catalog,pg_shdepend,0,0,0,0,0,0,0,0,0
1788885026.387149,4163,pg_toast,pg_toast_2615,0,0,0,0,0,0,0,0,0
1788885026.387149,1985343,public,charge,0,0,0,0,0,0,0,0,0
1788885026.387149,1985440,public,daily_market,0,0,0,0,0,0,0,0,0
1788885026.387149,1985422,public,company,0,0,0,0,0,0,0,0,0
1788885026.387149,4169,pg_toast,pg_toast_3600,0,0,0,0,0,0,0,0,0
1788885026.387149,2615,pg_catalog,pg_namespace,1,4,5,2,0,0,0,0,0
1788885026.387149,2396,pg_catalog,pg_shdescription,0,0,0,0,0,0,0,0,0
1788885026.387149,3600,pg_catalog,pg_ts_dict,0,0,0,0,0,0,0,0,0
1788885026.387149,1985325,public,broker,0,0,0,0,0,0,0,0,0
1788885026.387149,3596,pg_catalog,pg_seclabel,0,0,0,0,0,0,0,0,0
1788885026.387149,1985460,public,financial,0,0,0,0,0,0,0,0,0
1788885026.387149,2609,pg_catalog,pg_description,0,0,0,0,0,0,0,0,0
1788885026.387149,1985351,public,commission_rate,0,0,0,0,0,0,0,0,0
1788885026.387149,13482,pg_toast,pg_toast_13479,0,0,0,0,0,0,0,0,0
1788885026.387149,1985396,public,trade_history,0,0,0,0,0,0,0,0,0
1788885026.387149,3603,pg_catalog,pg_ts_config_map,0,0,0,0,0,0,0,0,0
1788885026.387149,1213,pg_catalog,pg_tablespace,0,0,1,1,0,0,0,0,0
1788885026.387149,2608,pg_catalog,pg_depend,0,0,0,0,0,0,0,0,0
1788885026.387149,2964,pg_catalog,pg_db_role_setting,0,0,0,0,0,0,0,0,0
1788885026.387149,1985283,pg_toast,pg_toast_1985275,0,0,0,0,0,0,0,0,0
1788885026.387149,1418,pg_catalog,pg_user_mapping,0,0,0,0,0,0,0,0,0
1788885026.387149,2613,pg_catalog,pg_largeobject,0,0,0,0,0,0,0,0,0
1788885026.387149,6175,pg_toast,pg_toast_3456,0,0,0,0,0,0,0,0,0
1788885026.387149,1261,pg_catalog,pg_auth_members,0,0,0,0,0,0,0,0,0
1788885026.387149,1985335,public,cash_transaction,0,0,0,0,0,0,0,0,0
1788885026.387149,2617,pg_catalog,pg_operator,0,0,5,5,0,0,0,0,0
1788885026.387149,1985300,pg_toast,pg_toast_1985290,0,0,0,0,0,0,0,0,0
1788885026.387149,1985538,public,address,0,0,0,0,0,0,0,0,0
1788885026.387149,2610,pg_catalog,pg_index,1,221,11,14,0,0,0,0,0
1788885026.387149,1249,pg_catalog,pg_attribute,0,0,75,92,0,0,0,0,0
1788885026.387149,1985512,public,sector,0,0,0,0,0,0,0,0,0
1788885026.387149,1985415,public,trade_type,0,0,0,0,0,0,0,0,0
1788885026.387149,2600,pg_catalog,pg_aggregate,0,0,1,1,0,0,0,0,0
1788885026.387149,2966,pg_toast,pg_toast_2964,0,0,0,0,0,0,0,0,0
1788885026.387149,1985451,public,exchange,0,0,0,0,0,0,0,0,0
1788885026.387149,2618,pg_catalog,pg_rewrite,0,0,1,1,0,0,0,0,0
1788885026.387149,4177,pg_toast,pg_toast_1262,0,0,0,0,0,0,0,0,0
1788885026.387149,13484,information_schema,sql_parts,0,0,,,0,0,0,0,0
1788885026.387149,4159,pg_toast,pg_toast_2600,0,0,0,0,0,0,0,0,0
1788885026.387149,4147,pg_toast,pg_toast_3079,0,0,0,0,0,0,0,0,0
1788885026.387149,13474,information_schema,sql_features,0,0,,,0,0,0,0,0
1788885026.387149,1985394,pg_toast,pg_toast_1985372,0,0,0,0,0,0,0,0,0
1788885026.387149,1247,pg_catalog,pg_type,0,0,19,19,0,0,0,0,0
1788885026.387149,2602,pg_catalog,pg_amop,0,0,12,25,0,0,0,0,0
1788885026.387149,3439,pg_toast,pg_toast_3381,0,0,0,0,0,0,0,0,0
1788885026.387149,2846,pg_toast,pg_toast_2396,0,0,0,0,0,0,0,0,0
1788885026.387149,1985555,public,zip_code,0,0,0,0,0,0,0,0,0
1788885026.387149,1985478,pg_toast,pg_toast_1985460,0,0,0,0,0,0,0,0,0
1788885026.387149,4145,pg_toast,pg_toast_3466,0,0,0,0,0,0,0,0,0
1788885026.387149,3541,pg_catalog,pg_range,0,0,0,0,0,0,0,0,0
1788885026.387149,3602,pg_catalog,pg_ts_config,0,0,0,0,0,0,0,0,0
1788885026.387149,1985333,pg_toast,pg_toast_1985325,0,0,0,0,0,0,0,0,0
1788885026.387149,4183,pg_toast,pg_toast_6100,0,0,0,0,0,0,0,0,0
1788885026.387149,1985496,public,news_item,0,0,0,0,0,0,0,0,0
1788885026.387149,2224,pg_catalog,pg_sequence,0,0,0,0,0,0,0,0,0
1788885026.387149,2611,pg_catalog,pg_inherits,0,0,0,0,0,0,0,0,0
1788885026.387149,1417,pg_catalog,pg_foreign_server,0,0,0,0,0,0,0,0,0
1788885026.387149,1262,pg_catalog,pg_database,0,0,0,0,0,0,0,0,0
1788885026.387149,13492,pg_toast,pg_toast_13489,0,0,0,0,0,0,0,0,0
1788885026.387149,3501,pg_catalog,pg_enum,0,0,0,0,0,0,0,0,0
1788885026.387149,2607,pg_catalog,pg_conversion,0,0,0,0,0,0,0,0,0
1788885026.387149,1985449,pg_toast,pg_toast_1985440,0,0,0,0,0,0,0,0,0
1788885026.387149,826,pg_catalog,pg_default_acl,0,0,0,0,0,0,0,0,0
1788885026.387149,2604,pg_catalog,pg_attrdef,0,0,0,0,0,0,0,0,0
1788885026.387149,2336,pg_toast,pg_toast_2620,0,0,0,0,0,0,0,0,0
1788885026.387149,2603,pg_catalog,pg_amproc,0,0,5,11,0,0,0,0,0
1788885026.387149,2606,pg_catalog,pg_constraint,0,0,3,8,0,0,0,0,0
1788885026.387149,1255,pg_catalog,pg_proc,0,0,19,24,0,0,0,0,0
1788885026.387149,4173,pg_toast,pg_toast_1418,0,0,0,0,0,0,0,0,0
1788885026.387149,1985285,public,customer_taxrate,0,0,0,0,0,0,0,0,0
1788885026.387149,2620,pg_catalog,pg_trigger,0,0,0,0,0,0,0,0,0
1788885026.387149,1985256,public,account_permission,0,0,0,0,0,0,0,0,0
1788885026.387149,1985507,public,news_xref,0,0,0,0,0,0,0,0,0
1788885026.387149,1985480,public,industry,0,0,0,0,0,0,0,0,0
1788885026.387149,2612,pg_catalog,pg_language,0,0,0,0,0,0,0,0,0
1788885026.387149,4149,pg_toast,pg_toast_2328,0,0,0,0,0,0,0,0,0
1788885026.387149,6351,pg_toast,pg_toast_2610,0,0,0,0,0,0,0,0,0
1788885026.387149,13489,information_schema,sql_sizing,0,0,,,0,0,0,0,0
1788885026.387149,1985494,pg_toast,pg_toast_1985486,0,0,0,0,0,0,0,0,0
1788885026.387149,3598,pg_toast,pg_toast_3596,0,0,0,0,0,0,0,0,0
1788885026.387149,2836,pg_toast,pg_toast_1255,0,0,0,0,0,0,0,0,0
1788885026.387149,3456,pg_catalog,pg_collation,0,0,0,0,0,0,0,0,0
1788885026.387149,3079,pg_catalog,pg_extension,0,0,0,0,0,0,0,0,0
1788885026.387149,6100,pg_catalog,pg_subscription,0,0,0,0,0,0,0,0,0
1788885026.387149,2832,pg_toast,pg_toast_2606,0,0,0,0,0,0,0,0,0
1788885026.387149,3256,pg_catalog,pg_policy,0,0,0,0,0,0,0,0,0
1788885026.387149,1985302,public,holding_history,0,0,0,0,0,0,0,0,0
1788885026.387149,1985517,public,security,0,0,0,0,0,0,0,0,0
1788885026.387149,3466,pg_catalog,pg_event_trigger,0,0,0,0,0,0,0,0,0
1788885026.387149,3592,pg_catalog,pg_shseclabel,0,0,0,0,0,0,0,0,0
1788885026.387149,3764,pg_catalog,pg_ts_template,0,0,0,0,0,0,0,0,0
1788885026.387149,6237,pg_catalog,pg_publication_namespace,0,0,0,0,0,0,0,0,0
1788885026.387149,13487,pg_toast,pg_toast_13484,0,0,0,0,0,0,0,0,0
1788885026.387149,2995,pg_catalog,pg_largeobject_metadata,0,0,0,0,0,0,0,0,0
1788885026.387149,1985275,public,customer_account,0,0,0,0,0,0,0,0,0
1788885026.387149,4143,pg_toast,pg_toast_826,0,0,0,0,0,0,0,0,0
1788885026.387149,4185,pg_toast,pg_toast_1213,0,0,0,0,0,0,0,0,0
1788885026.387149,6243,pg_catalog,pg_parameter_acl,0,0,0,0,0,0,0,0,0
1788885026.387149,2616,pg_catalog,pg_opclass,0,0,8,134,0,0,0,0,0
1788885026.387149,1985290,public,holding,0,0,0,0,0,0,0,0,0
1788885026.387149,2838,pg_toast,pg_toast_2618,0,0,1,3,0,0,0,0,0
1788885026.387149,6228,pg_toast,pg_toast_6106,0,0,0,0,0,0,0,0,0
1788885026.387149,1985349,pg_toast,pg_toast_1985343,0,0,0,0,0,0,0,0,0
1788885026.387149,1985434,public,company_competitor,0,0,0,0,0,0,0,0,0
1788885026.387149,1985370,pg_toast,pg_toast_1985363,0,0,0,0,0,0,0,0,0
1788885026.387149,1985505,pg_toast,pg_toast_1985496,0,0,0,0,0,0,0,0,0
1788885026.387149,1985264,public,customer,0,0,0,0,0,0,0,0,0
1788885026.387149,3118,pg_catalog,pg_foreign_table,0,0,0,0,0,0,0,0,0
1788885026.387149,1259,pg_catalog,pg_class,1,523,12,12,0,0,0,0,0
1788885026.387149,3350,pg_catalog,pg_partitioned_table,0,0,0,0,0,0,0,0,0
1788885026.387149,4153,pg_toast,pg_toast_3118,0,0,0,0,0,0,0,0,0
1788885026.387149,4060,pg_toast,pg_toast_3592,0,0,0,0,0,0,0,0,0
1788885026.387149,1985543,public,status_type,0,0,0,0,0,0,0,0,0
1788885026.387149,4165,pg_toast,pg_toast_3350,0,0,0,0,0,0,0,0,0
1788885026.387149,1985402,public,trade_request,0,0,0,0,0,0,0,0,0
1788885026.387149,2753,pg_catalog,pg_opfamily,0,0,2,2,0,0,0,0,0
1788885026.387149,3601,pg_catalog,pg_ts_parser,0,0,0,0,0,0,0,0,0
1788885026.387149,6104,pg_catalog,pg_publication,0,0,0,0,0,0,0,0,0
1788885026.387149,13477,pg_toast,pg_toast_13474,0,0,0,0,0,0,0,0,0
1788885026.387149,3429,pg_catalog,pg_statistic_ext_data,0,0,0,0,0,0,0,0,0
1788885026.387149,2619,pg_catalog,pg_statistic,0,0,17,8,0,0,0,0,0
1788885026.387149,4155,pg_toast,pg_toast_3394,0,0,0,0,0,0,0,0,0
1788885026.387149,1985548,public,taxrate,0,0,0,0,0,0,0,0,0
1788885026.387149,3381,pg_catalog,pg_statistic_ext,0,0,3,0,0,0,0,0,0
1788885026.387149,6106,pg_catalog,pg_publication_rel,0,0,0,0,0,0,0,0,0
1788885026.387149,1985372,public,trade,0,0,0,0,0,0,0,0,0
1788885026.387149,2605,pg_catalog,pg_cast,0,0,34,7,0,0,0,0,0
1788885026.387149,4171,pg_toast,pg_toast_1247,0,0,0,0,0,0,0,0,0
1788885026.387149,2830,pg_toast,pg_toast_2604,0,0,0,0,0,0,0,0,0
1788885026.387149,1985309,public,holding_summary,0,0,0,0,0,0,0,0,0
1788885026.387149,1985413,pg_toast,pg_toast_1985402,0,0,0,0,0,0,0,0,0
1788885026.387149,13479,information_schema,sql_implementation_info,0,0,,,0,0,0,0,0
1788885026.387149,1985341,pg_toast,pg_toast_1985335,0,0,0,0,0,0,0,0,0
1788885026.387149,6244,pg_toast,pg_toast_6243,0,0,0,0,0,0,0,0,0
1788885026.387149,1985315,public,watch_item,0,0,0,0,0,0,0,0,0
1788885026.387149,3430,pg_toast,pg_toast_3429,0,0,0,0,0,0,0,0,0
1788885026.387149,1985320,public,watch_list,0,0,0,0,0,0,0,0,0
1788885086.457481,1985536,pg_toast,pg_toast_1985517,0,0,0,0,0,0,0,0,0
1788885086.457481,3576,pg_catalog,pg_transform,0,0,0,0,0,0,0,0,0
1788885086.457481,2601,pg_catalog,pg_am,0,0,0,0,0,0,0,0,0
1788885086.457481,1985363,public,settlement,0,0,0,0,0,0,0,0,0
1788885086.457481,3394,pg_catalog,pg_init_privs,0,0,0,0,0,0,0,0,0
1788885086.457481,4167,pg_toast,pg_toast_3256,0,0,0,0,0,0,0,0,0
1788885086.457481,4151,pg_toast,pg_toast_1417,0,0,0,0,0,0,0,0,0
1788885086.457481,2834,pg_toast,pg_toast_2609,0,0,0,0,0,0,0,0,0
1788885086.457481,6000,pg_catalog,pg_replication_origin,0,0,0,0,0,0,0,0,0
1788885086.457481,2840,pg_toast,pg_toast_2619,0,0,0,0,0,0,0,0,0
1788885086.457481,1985486,public,last_trade,0,0,0,0,0,0,0,0,0
1788885086.457481,2328,pg_catalog,pg_foreign_data_wrapper,0,0,0,0,0,0,0,0,0
1788885086.457481,4157,pg_toast,pg_toast_2612,0,0,0,0,0,0,0,0,0
1788885086.457481,1260,pg_catalog,pg_authid,0,0,0,0,0,0,0,0,0
1788885086.457481,6102,pg_catalog,pg_subscription_rel,0,0,0,0,0,0,0,0,0
1788885086.457481,1214,pg_catalog,pg_shdepend,0,0,0,0,0,0,0,0,0
1788885086.457481,4163,pg_toast,pg_toast_2615,0,0,0,0,0,0,0,0,0
1788885086.457481,1985343,public,charge,0,0,0,0,0,0,0,0,0
1788885086.457481,1985440,public,daily_market,0,0,0,0,0,0,0,0,0
1788885086.457481,1985422,public,company,0,0,0,0,0,0,0,0,0
1788885086.457481,4169,pg_toast,pg_toast_3600,0,0,0,0,0,0,0,0,0
1788885086.457481,2615,pg_catalog,pg_namespace,1,4,5,2,0,0,0,0,0
1788885086.457481,2396,pg_catalog,pg_shdescription,0,0,0,0,0,0,0,0,0
1788885086.457481,3600,pg_catalog,pg_ts_dict,0,0,0,0,0,0,0,0,0
1788885086.457481,1985325,public,broker,0,0,0,0,0,0,0,0,0
1788885086.457481,3596,pg_catalog,pg_seclabel,0,0,0,0,0,0,0,0,0
1788885086.457481,1985460,public,financial,0,0,0,0,0,0,0,0,0
1788885086.457481,2609,pg_catalog,pg_description,0,0,0,0,0,0,0,0,0
1788885086.457481,1985351,public,commission_rate,0,0,0,0,0,0,0,0,0
1788885086.457481,13482,pg_toast,pg_toast_13479,0,0,0,0,0,0,0,0,0
1788885086.457481,1985396,public,trade_history,0,0,0,0,0,0,0,0,0
1788885086.457481,3603,pg_catalog,pg_ts_config_map,0,0,0,0,0,0,0,0,0
1788885086.457481,1213,pg_catalog,pg_tablespace,0,0,1,1,0,0,0,0,0
1788885086.457481,2608,pg_catalog,pg_depend,0,0,0,0,0,0,0,0,0
1788885086.457481,2964,pg_catalog,pg_db_role_setting,0,0,0,0,0,0,0,0,0
1788885086.457481,1985283,pg_toast,pg_toast_1985275,0,0,0,0,0,0,0,0,0
1788885086.457481,1418,pg_catalog,pg_user_mapping,0,0,0,0,0,0,0,0,0
1788885086.457481,2613,pg_catalog,pg_largeobject,0,0,0,0,0,0,0,0,0
1788885086.457481,6175,pg_toast,pg_toast_3456,0,0,0,0,0,0,0,0,0
1788885086.457481,1261,pg_catalog,pg_auth_members,0,0,0,0,0,0,0,0,0
1788885086.457481,1985335,public,cash_transaction,0,0,0,0,0,0,0,0,0
1788885086.457481,2617,pg_catalog,pg_operator,0,0,5,5,0,0,0,0,0
1788885086.457481,1985300,pg_toast,pg_toast_1985290,0,0,0,0,0,0,0,0,0
1788885086.457481,1985538,public,address,0,0,0,0,0,0,0,0,0
1788885086.457481,2610,pg_catalog,pg_index,1,221,11,14,0,0,0,0,0
1788885086.457481,1249,pg_catalog,pg_attribute,0,0,75,92,0,0,0,0,0
1788885086.457481,1985512,public,sector,0,0,0,0,0,0,0,0,0
1788885086.457481,1985415,public,trade_type,0,0,0,0,0,0,0,0,0
1788885086.457481,2600,pg_catalog,pg_aggregate,0,0,1,1,0,0,0,0,0
1788885086.457481,2966,pg_toast,pg_toast_2964,0,0,0,0,0,0,0,0,0
1788885086.457481,1985451,public,exchange,0,0,0,0,0,0,0,0,0
1788885086.457481,2618,pg_catalog,pg_rewrite,0,0,1,1,0,0,0,0,0
1788885086.457481,4177,pg_toast,pg_toast_1262,0,0,0,0,0,0,0,0,0
1788885086.457481,13484,information_schema,sql_parts,0,0,,,0,0,0,0,0
1788885086.457481,4159,pg_toast,pg_toast_2600,0,0,0,0,0,0,0,0,0
1788885086.457481,4147,pg_toast,pg_toast_3079,0,0,0,0,0,0,0,0,0
1788885086.457481,13474,information_schema,sql_features,0,0,,,0,0,0,0,0
1788885086.457481,1985394,pg_toast,pg_toast_1985372,0,0,0,0,0,0,0,0,0
1788885086.457481,1247,pg_catalog,pg_type,0,0,19,19,0,0,0,0,0
1788885086.457481,2602,pg_catalog,pg_amop,0,0,12,25,0,0,0,0,0
1788885086.457481,3439,pg_toast,pg_toast_3381,0,0,0,0,0,0,0,0,0
1788885086.457481,2846,pg_toast,pg_toast_2396,0,0,0,0,0,0,0,0,0
1788885086.457481,1985555,public,zip_code,0,0,0,0,0,0,0,0,0
1788885086.457481,1985478,pg_toast,pg_toast_1985460,0,0,0,0,0,0,0,0,0
1788885086.457481,4145,pg_toast,pg_toast_3466,0,0,0,0,0,0,0,0,0
1788885086.457481,3541,pg_catalog,pg_range,0,0,0,0,0,0,0,0,0
1788885086.457481,3602,pg_catalog,pg_ts_config,0,0,0,0,0,0,0,0,0
1788885086.457481,1985333,pg_toast,pg_toast_1985325,0,0,0,0,0,0,0,0,0
1788885086.457481,4183,pg_toast,pg_toast_6100,0,0,0,0,0,0,0,0,0
1788885086.457481,1985496,public,news_item,0,0,0,0,0,0,0,0,0
1788885086.457481,2224,pg_catalog,pg_sequence,0,0,0,0,0,0,0,0,0
1788885086.457481,2611,pg_catalog,pg_inherits,0,0,0,0,0,0,0,0,0
1788885086.457481,1417,pg_catalog,pg_foreign_server,0,0,0,0,0,0,0,0,0
1788885086.457481,1262,pg_catalog,pg_database,0,0,0,0,0,0,0,0,0
1788885086.457481,13492,pg_toast,pg_toast_13489,0,0,0,0,0,0,0,0,0
1788885086.457481,3501,pg_catalog,pg_enum,0,0,0,0,0,0,0,0,0
1788885086.457481,2607,pg_catalog,pg_conversion,0,0,0,0,0,0,0,0,0
1788885086.457481,1985449,pg_toast,pg_toast_1985440,0,0,0,0,0,0,0,0,0
1788885086.457481,826,pg_catalog,pg_default_acl,0,0,0,0,0,0,0,0,0
1788885086.457481,2604,pg_catalog,pg_attrdef,0,0,0,0,0,0,0,0,0
1788885086.457481,2336,pg_toast,pg_toast_2620,0,0,0,0,0,0,0,0,0
1788885086.457481,2603,pg_catalog,pg_amproc,0,0,5,11,0,0,0,0,0
1788885086.457481,2606,pg_catalog,pg_constraint,0,0,3,8,0,0,0,0,0
1788885086.457481,1255,pg_catalog,pg_proc,0,0,19,24,0,0,0,0,0
1788885086.457481,4173,pg_toast,pg_toast_1418,0,0,0,0,0,0,0,0,0
1788885086.457481,1985285,public,customer_taxrate,0,0,0,0,0,0,0,0,0
1788885086.457481,2620,pg_catalog,pg_trigger,0,0,0,0,0,0,0,0,0
1788885086.457481,1985256,public,account_permission,0,0,0,0,0,0,0,0,0
1788885086.457481,1985507,public,news_xref,0,0,0,0,0,0,0,0,0
1788885086.457481,1985480,public,industry,0,0,0,0,0,0,0,0,0
1788885086.457481,2612,pg_catalog,pg_language,0,0,0,0,0,0,0,0,0
1788885086.457481,4149,pg_toast,pg_toast_2328,0,0,0,0,0,0,0,0,0
1788885086.457481,6351,pg_toast,pg_toast_2610,0,0,0,0,0,0,0,0,0
1788885086.457481,13489,information_schema,sql_sizing,0,0,,,0,0,0,0,0
1788885086.457481,1985494,pg_toast,pg_toast_1985486,0,0,0,0,0,0,0,0,0
1788885086.457481,3598,pg_toast,pg_toast_3596,0,0,0,0,0,0,0,0,0
1788885086.457481,2836,pg_toast,pg_toast_1255,0,0,0,0,0,0,0,0,0
1788885086.457481,3456,pg_catalog,pg_collation,0,0,0,0,0,0,0,0,0
1788885086.457481,3079,pg_catalog,pg_extension,0,0,0,0,0,0,0,0,0
1788885086.457481,6100,pg_catalog,pg_subscription,0,0,0,0,0,0,0,0,0
1788885086.457481,2832,pg_toast,pg_toast_2606,0,0,0,0,0,0,0,0,0
1788885086.457481,3256,pg_catalog,pg_policy,0,0,0,0,0,0,0,0,0
1788885086.457481,1985302,public,holding_history,0,0,0,0,0,0,0,0,0
1788885086.457481,1985517,public,security,0,0,0,0,0,0,0,0,0
1788885086.457481,3466,pg_catalog,pg_event_trigger,0,0,0,0,0,0,0,0,0
1788885086.457481,3592,pg_catalog,pg_shseclabel,0,0,0,0,0,0,0,0,0
1788885086.457481,3764,pg_catalog,pg_ts_template,0,0,0,0,0,0,0,0,0
1788885086.457481,6237,pg_catalog,pg_publication_namespace,0,0,0,0,0,0,0,0,0
1788885086.457481,13487,pg_toast,pg_toast_13484,0,0,0,0,0,0,0,0,0
1788885086.457481,2995,pg_catalog,pg_largeobject_metadata,0,0,0,0,0,0,0,0,0
1788885086.457481,1985275,public,customer_account,0,0,0,0,0,0,0,0,0
1788885086.457481,4143,pg_toast,pg_toast_826,0,0,0,0,0,0,0,0,0
1788885086.457481,4185,pg_toast,pg_toast_1213,0,0,0,0,0,0,0,0,0
1788885086.457481,6243,pg_catalog,pg_parameter_acl,0,0,0,0,0,0,0,0,0
1788885086.457481,2616,pg_catalog,pg_opclass,0,0,8,134,0,0,0,0,0
1788885086.457481,1985290,public,holding,0,0,0,0,0,0,0,0,0
1788885086.457481,2838,pg_toast,pg_toast_2618,0,0,1,3,0,0,0,0,0
1788885086.457481,6228,pg_toast,pg_toast_6106,0,0,0,0,0,0,0,0,0
1788885086.457481,1985349,pg_toast,pg_toast_1985343,0,0,0,0,0,0,0,0,0
1788885086.457481,1985434,public,company_competitor,0,0,0,0,0,0,0,0,0
1788885086.457481,1985370,pg_toast,pg_toast_1985363,0,0,0,0,0,0,0,0,0
1788885086.457481,1985505,pg_toast,pg_toast_1985496,0,0,0,0,0,0,0,0,0
1788885086.457481,1985264,public,customer,0,0,0,0,0,0,0,0,0
1788885086.457481,3118,pg_catalog,pg_foreign_table,0,0,0,0,0,0,0,0,0
1788885086.457481,1259,pg_catalog,pg_class,1,523,12,12,0,0,0,0,0
1788885086.457481,3350,pg_catalog,pg_partitioned_table,0,0,0,0,0,0,0,0,0
1788885086.457481,4153,pg_toast,pg_toast_3118,0,0,0,0,0,0,0,0,0
1788885086.457481,4060,pg_toast,pg_toast_3592,0,0,0,0,0,0,0,0,0
1788885086.457481,1985543,public,status_type,0,0,0,0,0,0,0,0,0
1788885086.457481,4165,pg_toast,pg_toast_3350,0,0,0,0,0,0,0,0,0
1788885086.457481,1985402,public,trade_request,0,0,0,0,0,0,0,0,0
1788885086.457481,2753,pg_catalog,pg_opfamily,0,0,2,2,0,0,0,0,0
1788885086.457481,3601,pg_catalog,pg_ts_parser,0,0,0,0,0,0,0,0,0
1788885086.457481,6104,pg_catalog,pg_publication,0,0,0,0,0,0,0,0,0
1788885086.457481,13477,pg_toast,pg_toast_13474,0,0,0,0,0,0,0,0,0
1788885086.457481,3429,pg_catalog,pg_statistic_ext_data,0,0,0,0,0,0,0,0,0
1788885086.457481,2619,pg_catalog,pg_statistic,0,0,17,8,0,0,0,0,0
1788885086.457481,4155,pg_toast,pg_toast_3394,0,0,0,0,0,0,0,0,0
1788885086.457481,1985548,public,taxrate,0,0,0,0,0,0,0,0,0
1788885086.457481,3381,pg_catalog,pg_statistic_ext,0,0,3,0,0,0,0,0,0
1788885086.457481,6106,pg_catalog,pg_publication_rel,0,0,0,0,0,0,0,0,0
1788885086.457481,1985372,public,trade,0,0,0,0,0,0,0,0,0
1788885086.457481,2605,pg_catalog,pg_cast,0,0,34,7,0,0,0,0,0
1788885086.457481,4171,pg_toast,pg_toast_1247,0,0,0,0,0,0,0,0,0
1788885086.457481,2830,pg_toast,pg_toast_2604,0,0,0,0,0,0,0,0,0
1788885086.457481,1985309,public,holding_summary,0,0,0,0,0,0,0,0,0
1788885086.457481,1985413,pg_toast,pg_toast_1985402,0,0,0,0,0,0,0,0,0
1788885086.457481,13479,information_schema,sql_implementation_info,0,0,,,0,0,0,0,0
1788885086.457481,1985341,pg_toast,pg_toast_1985335,0,0,0,0,0,0,0,0,0
1788885086.457481,6244,pg_toast,pg_toast_6243,0,0,0,0,0,0,0,0,0
1788885086.457481,1985315,public,watch_item,0,0,0,0,0,0,0,0,0
1788885086.457481,3430,pg_toast,pg_toast_3429,0,0,0,0,0,0,0,0,0
1788885086.457481,1985320,public,watch_list,0,0,0,0,0,0,0,0,0
1788885146.610693,1985536,pg_toast,pg_toast_1985517,0,0,0,0,0,0,0,0,0
1788885146.610693,3576,pg_catalog,pg_transform,0,0,0,0,0,0,0,0,0
1788885146.610693,2601,pg_catalog,pg_am,0,0,0,0,0,0,0,0,0
1788885146.610693,1985363,public,settlement,0,0,0,0,0,0,0,0,0
1788885146.610693,3394,pg_catalog,pg_init_privs,0,0,0,0,0,0,0,0,0
1788885146.610693,4167,pg_toast,pg_toast_3256,0,0,0,0,0,0,0,0,0
1788885146.610693,4151,pg_toast,pg_toast_1417,0,0,0,0,0,0,0,0,0
1788885146.610693,2834,pg_toast,pg_toast_2609,0,0,0,0,0,0,0,0,0
1788885146.610693,6000,pg_catalog,pg_replication_origin,0,0,0,0,0,0,0,0,0
1788885146.610693,2840,pg_toast,pg_toast_2619,0,0,0,0,0,0,0,0,0
1788885146.610693,1985486,public,last_trade,0,0,0,0,0,0,0,0,0
1788885146.610693,2328,pg_catalog,pg_foreign_data_wrapper,0,0,0,0,0,0,0,0,0
1788885146.610693,4157,pg_toast,pg_toast_2612,0,0,0,0,0,0,0,0,0
1788885146.610693,1260,pg_catalog,pg_authid,0,0,0,0,0,0,0,0,0
1788885146.610693,6102,pg_catalog,pg_subscription_rel,0,0,0,0,0,0,0,0,0
1788885146.610693,1214,pg_catalog,pg_shdepend,0,0,0,0,0,0,0,0,0
1788885146.610693,4163,pg_toast,pg_toast_2615,0,0,0,0,0,0,0,0,0
1788885146.610693,1985343,public,charge,0,0,0,0,0,0,0,0,0
1788885146.610693,1985440,public,daily_market,0,0,0,0,0,0,0,0,0
1788885146.610693,1985422,public,company,0,0,0,0,0,0,0,0,0
1788885146.610693,4169,pg_toast,pg_toast_3600,0,0,0,0,0,0,0,0,0
1788885146.610693,2615,pg_catalog,pg_namespace,1,4,5,2,0,0,0,0,0
1788885146.610693,2396,pg_catalog,pg_shdescription,0,0,0,0,0,0,0,0,0
1788885146.610693,3600,pg_catalog,pg_ts_dict,0,0,0,0,0,0,0,0,0
1788885146.610693,1985325,public,broker,0,0,0,0,0,0,0,0,0
1788885146.610693,3596,pg_catalog,pg_seclabel,0,0,0,0,0,0,0,0,0
1788885146.610693,1985460,public,financial,0,0,0,0,0,0,0,0,0
1788885146.610693,2609,pg_catalog,pg_description,0,0,0,0,0,0,0,0,0
1788885146.610693,1985351,public,commission_rate,0,0,0,0,0,0,0,0,0
1788885146.610693,13482,pg_toast,pg_toast_13479,0,0,0,0,0,0,0,0,0
1788885146.610693,1985396,public,trade_history,0,0,0,0,0,0,0,0,0
1788885146.610693,3603,pg_catalog,pg_ts_config_map,0,0,0,0,0,0,0,0,0
1788885146.610693,1213,pg_catalog,pg_tablespace,0,0,1,1,0,0,0,0,0
1788885146.610693,2608,pg_catalog,pg_depend,0,0,0,0,0,0,0,0,0
1788885146.610693,2964,pg_catalog,pg_db_role_setting,0,0,0,0,0,0,0,0,0
1788885146.610693,1985283,pg_toast,pg_toast_1985275,0,0,0,0,0,0,0,0,0
1788885146.610693,1418,pg_catalog,pg_user_mapping,0,0,0,0,0,0,0,0,0
1788885146.610693,2613,pg_catalog,pg_largeobject,0,0,0,0,0,0,0,0,0
1788885146.610693,6175,pg_toast,pg_toast_3456,0,0,0,0,0,0,0,0,0
1788885146.610693,1261,pg_catalog,pg_auth_members,0,0,0,0,0,0,0,0,0
1788885146.610693,1985335,public,cash_transaction,0,0,0,0,0,0,0,0,0
1788885146.610693,2617,pg_catalog,pg_operator,0,0,5,5,0,0,0,0,0
1788885146.610693,1985300,pg_toast,pg_toast_1985290,0,0,0,0,0,0,0,0,0
1788885146.610693,1985538,public,address,0,0,0,0,0,0,0,0,0
1788885146.610693,2610,pg_catalog,pg_index,1,221,11,14,0,0,0,0,0
1788885146.610693,1249,pg_catalog,pg_attribute,0,0,75,92,0,0,0,0,0
1788885146.610693,1985512,public,sector,0,0,0,0,0,0,0,0,0
1788885146.610693,1985415,public,trade_type,0,0,0,0,0,0,0,0,0
1788885146.610693,2600,pg_catalog,pg_aggregate,0,0,1,1,0,0,0,0,0
1788885146.610693,2966,pg_toast,pg_toast_2964,0,0,0,0,0,0,0,0,0
1788885146.610693,1985451,public,exchange,0,0,0,0,0,0,0,0,0
1788885146.610693,2618,pg_catalog,pg_rewrite,0,0,1,1,0,0,0,0,0
1788885146.610693,4177,pg_toast,pg_toast_1262,0,0,0,0,0,0,0,0,0
1788885146.610693,13484,information_schema,sql_parts,0,0,,,0,0,0,0,0
1788885146.610693,4159,pg_toast,pg_toast_2600,0,0,0,0,0,0,0,0,0
1788885146.610693,4147,pg_toast,pg_toast_3079,0,0,0,0,0,0,0,0,0
1788885146.610693,13474,information_schema,sql_features,0,0,,,0,0,0,0,0
1788885146.610693,1985394,pg_toast,pg_toast_1985372,0,0,0,0,0,0,0,0,0
1788885146.610693,1247,pg_catalog,pg_type,0,0,19,19,0,0,0,0,0
1788885146.610693,2602,pg_catalog,pg_amop,0,0,12,25,0,0,0,0,0
1788885146.610693,3439,pg_toast,pg_toast_3381,0,0,0,0,0,0,0,0,0
1788885146.610693,2846,pg_toast,pg_toast_2396,0,0,0,0,0,0,0,0,0
1788885146.610693,1985555,public,zip_code,0,0,0,0,0,0,0,0,0
1788885146.610693,1985478,pg_toast,pg_toast_1985460,0,0,0,0,0,0,0,0,0
1788885146.610693,4145,pg_toast,pg_toast_3466,0,0,0,0,0,0,0,0,0
1788885146.610693,3541,pg_catalog,pg_range,0,0,0,0,0,0,0,0,0
1788885146.610693,3602,pg_catalog,pg_ts_config,0,0,0,0,0,0,0,0,0
1788885146.610693,1985333,pg_toast,pg_toast_1985325,0,0,0,0,0,0,0,0,0
1788885146.610693,4183,pg_toast,pg_toast_6100,0,0,0,0,0,0,0,0,0
1788885146.610693,1985496,public,news_item,0,0,0,0,0,0,0,0,0
1788885146.610693,2224,pg_catalog,pg_sequence,0,0,0,0,0,0,0,0,0
1788885146.610693,2611,pg_catalog,pg_inherits,0,0,0,0,0,0,0,0,0
1788885146.610693,1417,pg_catalog,pg_foreign_server,0,0,0,0,0,0,0,0,0
1788885146.610693,1262,pg_catalog,pg_database,0,0,0,0,0,0,0,0,0
1788885146.610693,13492,pg_toast,pg_toast_13489,0,0,0,0,0,0,0,0,0
1788885146.610693,3501,pg_catalog,pg_enum,0,0,0,0,0,0,0,0,0
1788885146.610693,2607,pg_catalog,pg_conversion,0,0,0,0,0,0,0,0,0
1788885146.610693,1985449,pg_toast,pg_toast_1985440,0,0,0,0,0,0,0,0,0
1788885146.610693,826,pg_catalog,pg_default_acl,0,0,0,0,0,0,0,0,0
1788885146.610693,2604,pg_catalog,pg_attrdef,0,0,0,0,0,0,0,0,0
1788885146.610693,2336,pg_toast,pg_toast_2620,0,0,0,0,0,0,0,0,0
1788885146.610693,2603,pg_catalog,pg_amproc,0,0,5,11,0,0,0,0,0
1788885146.610693,2606,pg_catalog,pg_constraint,0,0,3,8,0,0,0,0,0
1788885146.610693,1255,pg_catalog,pg_proc,0,0,19,24,0,0,0,0,0
1788885146.610693,4173,pg_toast,pg_toast_1418,0,0,0,0,0,0,0,0,0
1788885146.610693,1985285,public,customer_taxrate,0,0,0,0,0,0,0,0,0
1788885146.610693,2620,pg_catalog,pg_trigger,0,0,0,0,0,0,0,0,0
1788885146.610693,1985256,public,account_permission,0,0,0,0,0,0,0,0,0
1788885146.610693,1985507,public,news_xref,0,0,0,0,0,0,0,0,0
1788885146.610693,1985480,public,industry,0,0,0,0,0,0,0,0,0
1788885146.610693,2612,pg_catalog,pg_language,0,0,0,0,0,0,0,0,0
1788885146.610693,4149,pg_toast,pg_toast_2328,0,0,0,0,0,0,0,0,0
1788885146.610693,6351,pg_toast,pg_toast_2610,0,0,0,0,0,0,0,0,0
1788885146.610693,13489,information_schema,sql_sizing,0,0,,,0,0,0,0,0
1788885146.610693,1985494,pg_toast,pg_toast_1985486,0,0,0,0,0,0,0,0,0
1788885146.610693,3598,pg_toast,pg_toast_3596,0,0,0,0,0,0,0,0,0
1788885146.610693,2836,pg_toast,pg_toast_1255,0,0,0,0,0,0,0,0,0
1788885146.610693,3456,pg_catalog,pg_collation,0,0,0,0,0,0,0,0,0
1788885146.610693,3079,pg_catalog,pg_extension,0,0,0,0,0,0,0,0,0
1788885146.610693,6100,pg_catalog,pg_subscription,0,0,0,0,0,0,0,0,0
1788885146.610693,2832,pg_toast,pg_toast_2606,0,0,0,0,0,0,0,0,0
1788885146.610693,3256,pg_catalog,pg_policy,0,0,0,0,0,0,0,0,0
1788885146.610693,1985302,public,holding_history,0,0,0,0,0,0,0,0,0
1788885146.610693,1985517,public,security,0,0,0,0,0,0,0,0,0
1788885146.610693,3466,pg_catalog,pg_event_trigger,0,0,0,0,0,0,0,0,0
1788885146.610693,3592,pg_catalog,pg_shseclabel,0,0,0,0,0,0,0,0,0
1788885146.610693,3764,pg_catalog,pg_ts_template,0,0,0,0,0,0,0,0,0
1788885146.610693,6237,pg_catalog,pg_publication_namespace,0,0,0,0,0,0,0,0,0
1788885146.610693,13487,pg_toast,pg_toast_13484,0,0,0,0,0,0,0,0,0
1788885146.610693,2995,pg_catalog,pg_largeobject_metadata,0,0,0,0,0,0,0,0,0
1788885146.610693,1985275,public,customer_account,0,0,0,0,0,0,0,0,0
1788885146.610693,4143,pg_toast,pg_toast_826,0,0,0,0,0,0,0,0,0
1788885146.610693,4185,pg_toast,pg_toast_1213,0,0,0,0,0,0,0,0,0
1788885146.610693,6243,pg_catalog,pg_parameter_acl,0,0,0,0,0,0,0,0,0
1788885146.610693,2616,pg_catalog,pg_opclass,0,0,8,134,0,0,0,0,0
1788885146.610693,1985290,public,holding,0,0,0,0,0,0,0,0,0
1788885146.610693,2838,pg_toast,pg_toast_2618,0,0,1,3,0,0,0,0,0
1788885146.610693,6228,pg_toast,pg_toast_6106,0,0,0,0,0,0,0,0,0
1788885146.610693,1985349,pg_toast,pg_toast_1985343,0,0,0,0,0,0,0,0,0
1788885146.610693,1985434,public,company_competitor,0,0,0,0,0,0,0,0,0
1788885146.610693,1985370,pg_toast,pg_toast_1985363,0,0,0,0,0,0,0,0,0
1788885146.610693,1985505,pg_toast,pg_toast_1985496,0,0,0,0,0,0,0,0,0
1788885146.610693,1985264,public,customer,0,0,0,0,0,0,0,0,0
1788885146.610693,3118,pg_catalog,pg_foreign_table,0,0,0,0,0,0,0,0,0
1788885146.610693,1259,pg_catalog,pg_class,1,523,12,12,0,0,0,0,0
1788885146.610693,3350,pg_catalog,pg_partitioned_table,0,0,0,0,0,0,0,0,0
1788885146.610693,4153,pg_toast,pg_toast_3118,0,0,0,0,0,0,0,0,0
1788885146.610693,4060,pg_toast,pg_toast_3592,0,0,0,0,0,0,0,0,0
1788885146.610693,1985543,public,status_type,0,0,0,0,0,0,0,0,0
1788885146.610693,4165,pg_toast,pg_toast_3350,0,0,0,0,0,0,0,0,0
1788885146.610693,1985402,public,trade_request,0,0,0,0,0,0,0,0,0
1788885146.610693,2753,pg_catalog,pg_opfamily,0,0,2,2,0,0,0,0,0
1788885146.610693,3601,pg_catalog,pg_ts_parser,0,0,0,0,0,0,0,0,0
1788885146.610693,6104,pg_catalog,pg_publication,0,0,0,0,0,0,0,0,0
1788885146.610693,13477,pg_toast,pg_toast_13474,0,0,0,0,0,0,0,0,0
1788885146.610693,3429,pg_catalog,pg_statistic_ext_data,0,0,0,0,0,0,0,0,0
1788885146.610693,2619,pg_catalog,pg_statistic,0,0,17,8,0,0,0,0,0
1788885146.610693,4155,pg_toast,pg_toast_3394,0,0,0,0,0,0,0,0,0
1788885146.610693,1985548,public,taxrate,0,0,0,0,0,0,0,0,0
1788885146.610693,3381,pg_catalog,pg_statistic_ext,0,0,3,0,0,0,0,0,0
1788885146.610693,6106,pg_catalog,pg_publication_rel,0,0,0,0,0,0,0,0,0
1788885146.610693,1985372,public,trade,0,0,0,0,0,0,0,0,0
1788885146.610693,2605,pg_catalog,pg_cast,0,0,34,7,0,0,0,0,0
1788885146.610693,4171,pg_toast,pg_toast_1247,0,0,0,0,0,0,0,0,0
1788885146.610693,2830,pg_toast,pg_toast_2604,0,0,0,0,0,0,0,0,0
1788885146.610693,1985309,public,holding_summary,0,0,0,0,0,0,0,0,0
1788885146.610693,1985413,pg_toast,pg_toast_1985402,0,0,0,0,0,0,0,0,0
1788885146.610693,13479,information_schema,sql_implementation_info,0,0,,,0,0,0,0,0
1788885146.610693,1985341,pg_toast,pg_toast_1985335,0,0,0,0,0,0,0,0,0
1788885146.610693,6244,pg_toast,pg_toast_6243,0,0,0,0,0,0,0,0,0
1788885146.610693,1985315,public,watch_item,0,0,0,0,0,0,0,0,0
1788885146.610693,3430,pg_toast,pg_toast_3429,0,0,0,0,0,0,0,0,0
1788885146.610693,1985320,public,watch_list,0,0,0,0,0,0,0,0,0
1788885206.661799,1985536,pg_toast,pg_toast_1985517,0,0,0,0,0,0,0,0,0
1788885206.661799,3576,pg_catalog,pg_transform,0,0,0,0,0,0,0,0,0
1788885206.661799,2601,pg_catalog,pg_am,0,0,0,0,0,0,0,0,0
1788885206.661799,1985363,public,settlement,0,0,0,0,0,0,0,0,0
1788885206.661799,3394,pg_catalog,pg_init_privs,0,0,0,0,0,0,0,0,0
1788885206.661799,4167,pg_toast,pg_toast_3256,0,0,0,0,0,0,0,0,0
1788885206.661799,4151,pg_toast,pg_toast_1417,0,0,0,0,0,0,0,0,0
1788885206.661799,2834,pg_toast,pg_toast_2609,0,0,0,0,0,0,0,0,0
1788885206.661799,6000,pg_catalog,pg_replication_origin,0,0,0,0,0,0,0,0,0
1788885206.661799,2840,pg_toast,pg_toast_2619,0,0,0,0,0,0,0,0,0
1788885206.661799,1985486,public,last_trade,0,0,0,0,0,0,0,0,0
1788885206.661799,2328,pg_catalog,pg_foreign_data_wrapper,0,0,0,0,0,0,0,0,0
1788885206.661799,4157,pg_toast,pg_toast_2612,0,0,0,0,0,0,0,0,0
1788885206.661799,1260,pg_catalog,pg_authid,0,0,0,0,0,0,0,0,0
1788885206.661799,6102,pg_catalog,pg_subscription_rel,0,0,0,0,0,0,0,0,0
1788885206.661799,1214,pg_catalog,pg_shdepend,0,0,0,0,0,0,0,0,0
1788885206.661799,4163,pg_toast,pg_toast_2615,0,0,0,0,0,0,0,0,0
1788885206.661799,1985343,public,charge,0,0,0,0,0,0,0,0,0
1788885206.661799,1985440,public,daily_market,0,0,0,0,0,0,0,0,0
1788885206.661799,1985422,public,company,0,0,0,0,0,0,0,0,0
1788885206.661799,4169,pg_toast,pg_toast_3600,0,0,0,0,0,0,0,0,0
1788885206.661799,2615,pg_catalog,pg_namespace,1,4,5,2,0,0,0,0,0
1788885206.661799,2396,pg_catalog,pg_shdescription,0,0,0,0,0,0,0,0,0
1788885206.661799,3600,pg_catalog,pg_ts_dict,0,0,0,0,0,0,0,0,0
1788885206.661799,1985325,public,broker,0,0,0,0,0,0,0,0,0
1788885206.661799,3596,pg_catalog,pg_seclabel,0,0,0,0,0,0,0,0,0
1788885206.661799,1985460,public,financial,0,0,0,0,0,0,0,0,0
1788885206.661799,2609,pg_catalog,pg_description,0,0,0,0,0,0,0,0,0
1788885206.661799,1985351,public,commission_rate,0,0,0,0,0,0,0,0,0
1788885206.661799,13482,pg_toast,pg_toast_13479,0,0,0,0,0,0,0,0,0
1788885206.661799,1985396,public,trade_history,0,0,0,0,0,0,0,0,0
1788885206.661799,3603,pg_catalog,pg_ts_config_map,0,0,0,0,0,0,0,0,0
1788885206.661799,1213,pg_catalog,pg_tablespace,0,0,1,1,0,0,0,0,0
1788885206.661799,2608,pg_catalog,pg_depend,0,0,0,0,0,0,0,0,0
1788885206.661799,2964,pg_catalog,pg_db_role_setting,0,0,0,0,0,0,0,0,0
1788885206.661799,1985283,pg_toast,pg_toast_1985275,0,0,0,0,0,0,0,0,0
1788885206.661799,1418,pg_catalog,pg_user_mapping,0,0,0,0,0,0,0,0,0
1788885206.661799,2613,pg_catalog,pg_largeobject,0,0,0,0,0,0,0,0,0
1788885206.661799,6175,pg_toast,pg_toast_3456,0,0,0,0,0,0,0,0,0
1788885206.661799,1261,pg_catalog,pg_auth_members,0,0,0,0,0,0,0,0,0
1788885206.661799,1985335,public,cash_transaction,0,0,0,0,0,0,0,0,0
1788885206.661799,2617,pg_catalog,pg_operator,0,0,5,5,0,0,0,0,0
1788885206.661799,1985300,pg_toast,pg_toast_1985290,0,0,0,0,0,0,0,0,0
1788885206.661799,1985538,public,address,0,0,0,0,0,0,0,0,0
1788885206.661799,2610,pg_catalog,pg_index,1,221,11,14,0,0,0,0,0
1788885206.661799,1249,pg_catalog,pg_attribute,0,0,75,92,0,0,0,0,0
1788885206.661799,1985512,public,sector,0,0,0,0,0,0,0,0,0
1788885206.661799,1985415,public,trade_type,0,0,0,0,0,0,0,0,0
1788885206.661799,2600,pg_catalog,pg_aggregate,0,0,1,1,0,0,0,0,0
1788885206.661799,2966,pg_toast,pg_toast_2964,0,0,0,0,0,0,0,0,0
1788885206.661799,1985451,public,exchange,0,0,0,0,0,0,0,0,0
1788885206.661799,2618,pg_catalog,pg_rewrite,0,0,1,1,0,0,0,0,0
1788885206.661799,4177,pg_toast,pg_toast_1262,0,0,0,0,0,0,0,0,0
1788885206.661799,13484,information_schema,sql_parts,0,0,,,0,0,0,0,0
1788885206.661799,4159,pg_toast,pg_toast_2600,0,0,0,0,0,0,0,0,0
1788885206.661799,4147,pg_toast,pg_toast_3079,0,0,0,0,0,0,0,0,0
1788885206.661799,13474,information_schema,sql_features,0,0,,,0,0,0,0,0
1788885206.661799,1985394,pg_toast,pg_toast_1985372,0,0,0,0,0,0,0,0,0
1788885206.661799,1247,pg_catalog,pg_type,0,0,19,19,0,0,0,0,0
1788885206.661799,2602,pg_catalog,pg_amop,0,0,12,25,0,0,0,0,0
1788885206.661799,3439,pg_toast,pg_toast_3381,0,0,0,0,0,0,0,0,0
1788885206.661799,2846,pg_toast,pg_toast_2396,0,0,0,0,0,0,0,0,0
1788885206.661799,1985555,public,zip_code,0,0,0,0,0,0,0,0,0
1788885206.661799,1985478,pg_toast,pg_toast_1985460,0,0,0,0,0,0,0,0,0
1788885206.661799,4145,pg_toast,pg_toast_3466,0,0,0,0,0,0,0,0,0
1788885206.661799,3541,pg_catalog,pg_range,0,0,0,0,0,0,0,0,0
1788885206.661799,3602,pg_catalog,pg_ts_config,0,0,0,0,0,0,0,0,0
1788885206.661799,1985333,pg_toast,pg_toast_1985325,0,0,0,0,0,0,0,0,0
1788885206.661799,4183,pg_toast,pg_toast_6100,0,0,0,0,0,0,0,0,0
1788885206.661799,1985496,public,news_item,0,0,0,0,0,0,0,0,0
1788885206.661799,2224,pg_catalog,pg_sequence,0,0,0,0,0,0,0,0,0
1788885206.661799,2611,pg_catalog,pg_inherits,0,0,0,0,0,0,0,0,0
1788885206.661799,1417,pg_catalog,pg_foreign_server,0,0,0,0,0,0,0,0,0
1788885206.661799,1262,pg_catalog,pg_database,0,0,0,0,0,0,0,0,0
1788885206.661799,13492,pg_toast,pg_toast_13489,0,0,0,0,0,0,0,0,0
1788885206.661799,3501,pg_catalog,pg_enum,0,0,0,0,0,0,0,0,0
1788885206.661799,2607,pg_catalog,pg_conversion,0,0,0,0,0,0,0,0,0
1788885206.661799,1985449,pg_toast,pg_toast_1985440,0,0,0,0,0,0,0,0,0
1788885206.661799,826,pg_catalog,pg_default_acl,0,0,0,0,0,0,0,0,0
1788885206.661799,2604,pg_catalog,pg_attrdef,0,0,0,0,0,0,0,0,0
1788885206.661799,2336,pg_toast,pg_toast_2620,0,0,0,0,0,0,0,0,0
1788885206.661799,2603,pg_catalog,pg_amproc,0,0,5,11,0,0,0,0,0
1788885206.661799,2606,pg_catalog,pg_constraint,0,0,3,8,0,0,0,0,0
1788885206.661799,1255,pg_catalog,pg_proc,0,0,19,24,0,0,0,0,0
1788885206.661799,4173,pg_toast,pg_toast_1418,0,0,0,0,0,0,0,0,0
1788885206.661799,1985285,public,customer_taxrate,0,0,0,0,0,0,0,0,0
1788885206.661799,2620,pg_catalog,pg_trigger,0,0,0,0,0,0,0,0,0
1788885206.661799,1985256,public,account_permission,0,0,0,0,0,0,0,0,0
1788885206.661799,1985507,public,news_xref,0,0,0,0,0,0,0,0,0
1788885206.661799,1985480,public,industry,0,0,0,0,0,0,0,0,0
1788885206.661799,2612,pg_catalog,pg_language,0,0,0,0,0,0,0,0,0
1788885206.661799,4149,pg_toast,pg_toast_2328,0,0,0,0,0,0,0,0,0
1788885206.661799,6351,pg_toast,pg_toast_2610,0,0,0,0,0,0,0,0,0
1788885206.661799,13489,information_schema,sql_sizing,0,0,,,0,0,0,0,0
1788885206.661799,1985494,pg_toast,pg_toast_1985486,0,0,0,0,0,0,0,0,0
1788885206.661799,3598,pg_toast,pg_toast_3596,0,0,0,0,0,0,0,0,0
1788885206.661799,2836,pg_toast,pg_toast_1255,0,0,0,0,0,0,0,0,0
1788885206.661799,3456,pg_catalog,pg_collation,0,0,0,0,0,0,0,0,0
1788885206.661799,3079,pg_catalog,pg_extension,0,0,0,0,0,0,0,0,0
1788885206.661799,6100,pg_catalog,pg_subscription,0,0,0,0,0,0,0,0,0
1788885206.661799,2832,pg_toast,pg_toast_2606,0,0,0,0,0,0,0,0,0
1788885206.661799,3256,pg_catalog,pg_policy,0,0,0,0,0,0,0,0,0
1788885206.661799,1985302,public,holding_history,0,0,0,0,0,0,0,0,0
1788885206.661799,1985517,public,security,0,0,0,0,0,0,0,0,0
1788885206.661799,3466,pg_catalog,pg_event_trigger,0,0,0,0,0,0,0,0,0
1788885206.661799,3592,pg_catalog,pg_shseclabel,0,0,0,0,0,0,0,0,0
1788885206.661799,3764,pg_catalog,pg_ts_template,0,0,0,0,0,0,0,0,0
1788885206.661799,6237,pg_catalog,pg_publication_namespace,0,0,0,0,0,0,0,0,0
1788885206.661799,13487,pg_toast,pg_toast_13484,0,0,0,0,0,0,0,0,0
1788885206.661799,2995,pg_catalog,pg_largeobject_metadata,0,0,0,0,0,0,0,0,0
1788885206.661799,1985275,public,customer_account,0,0,0,0,0,0,0,0,0
1788885206.661799,4143,pg_toast,pg_toast_826,0,0,0,0,0,0,0,0,0
1788885206.661799,4185,pg_toast,pg_toast_1213,0,0,0,0,0,0,0,0,0
1788885206.661799,6243,pg_catalog,pg_parameter_acl,0,0,0,0,0,0,0,0,0
1788885206.661799,2616,pg_catalog,pg_opclass,0,0,8,134,0,0,0,0,0
1788885206.661799,1985290,public,holding,0,0,0,0,0,0,0,0,0
1788885206.661799,2838,pg_toast,pg_toast_2618,0,0,1,3,0,0,0,0,0
1788885206.661799,6228,pg_toast,pg_toast_6106,0,0,0,0,0,0,0,0,0
1788885206.661799,1985349,pg_toast,pg_toast_1985343,0,0,0,0,0,0,0,0,0
1788885206.661799,1985434,public,company_competitor,0,0,0,0,0,0,0,0,0
1788885206.661799,1985370,pg_toast,pg_toast_1985363,0,0,0,0,0,0,0,0,0
1788885206.661799,1985505,pg_toast,pg_toast_1985496,0,0,0,0,0,0,0,0,0
1788885206.661799,1985264,public,customer,0,0,0,0,0,0,0,0,0
1788885206.661799,3118,pg_catalog,pg_foreign_table,0,0,0,0,0,0,0,0,0
1788885206.661799,1259,pg_catalog,pg_class,1,523,12,12,0,0,0,0,0
1788885206.661799,3350,pg_catalog,pg_partitioned_table,0,0,0,0,0,0,0,0,0
1788885206.661799,4153,pg_toast,pg_toast_3118,0,0,0,0,0,0,0,0,0
1788885206.661799,4060,pg_toast,pg_toast_3592,0,0,0,0,0,0,0,0,0
1788885206.661799,1985543,public,status_type,0,0,0,0,0,0,0,0,0
1788885206.661799,4165,pg_toast,pg_toast_3350,0,0,0,0,0,0,0,0,0
1788885206.661799,1985402,public,trade_request,0,0,0,0,0,0,0,0,0
1788885206.661799,2753,pg_catalog,pg_opfamily,0,0,2,2,0,0,0,0,0
1788885206.661799,3601,pg_catalog,pg_ts_parser,0,0,0,0,0,0,0,0,0
1788885206.661799,6104,pg_catalog,pg_publication,0,0,0,0,0,0,0,0,0
1788885206.661799,13477,pg_toast,pg_toast_13474,0,0,0,0,0,0,0,0,0
1788885206.661799,3429,pg_catalog,pg_statistic_ext_data,0,0,0,0,0,0,0,0,0
1788885206.661799,2619,pg_catalog,pg_statistic,0,0,17,8,0,0,0,0,0
1788885206.661799,4155,pg_toast,pg_toast_3394,0,0,0,0,0,0,0,0,0
1788885206.661799,1985548,public,taxrate,0,0,0,0,0,0,0,0,0
1788885206.661799,3381,pg_catalog,pg_statistic_ext,0,0,3,0,0,0,0,0,0
1788885206.661799,6106,pg_catalog,pg_publication_rel,0,0,0,0,0,0,0,0,0
1788885206.661799,1985372,public,trade,0,0,0,0,0,0,0,0,0
1788885206.661799,2605,pg_catalog,pg_cast,0,0,34,7,0,0,0,0,0
1788885206.661799,4171,pg_toast,pg_toast_1247,0,0,0,0,0,0,0,0,0
1788885206.661799,2830,pg_toast,pg_toast_2604,0,0,0,0,0,0,0,0,0
1788885206.661799,1985309,public,holding_summary,0,0,0,0,0,0,0,0,0
1788885206.661799,1985413,pg_toast,pg_toast_1985402,0,0,0,0,0,0,0,0,0
1788885206.661799,13479,information_schema,sql_implementation_info,0,0,,,0,0,0,0,0
1788885206.661799,1985341,pg_toast,pg_toast_1985335,0,0,0,0,0,0,0,0,0
1788885206.661799,6244,pg_toast,pg_toast_6243,0,0,0,0,0,0,0,0,0
1788885206.661799,1985315,public,watch_item,0,0,0,0,0,0,0,0,0
1788885206.661799,3430,pg_toast,pg_toast_3429,0,0,0,0,0,0,0,0,0
1788885206.661799,1985320,public,watch_list,0,0,0,0,0,0,0,0,0
1788885266.779267,1985536,pg_toast,pg_toast_1985517,0,0,0,0,0,0,0,0,0
1788885266.779267,3576,pg_catalog,pg_transform,0,0,0,0,0,0,0,0,0
1788885266.779267,2601,pg_catalog,pg_am,0,0,0,0,0,0,0,0,0
1788885266.779267,1985363,public,settlement,0,0,0,0,0,0,0,0,0
1788885266.779267,3394,pg_catalog,pg_init_privs,0,0,0,0,0,0,0,0,0
1788885266.779267,4167,pg_toast,pg_toast_3256,0,0,0,0,0,0,0,0,0
1788885266.779267,4151,pg_toast,pg_toast_1417,0,0,0,0,0,0,0,0,0
1788885266.779267,2834,pg_toast,pg_toast_2609,0,0,0,0,0,0,0,0,0
1788885266.779267,6000,pg_catalog,pg_replication_origin,0,0,0,0,0,0,0,0,0
1788885266.779267,2840,pg_toast,pg_toast_2619,0,0,0,0,0,0,0,0,0
1788885266.779267,1985486,public,last_trade,0,0,0,0,0,0,0,0,0
1788885266.779267,2328,pg_catalog,pg_foreign_data_wrapper,0,0,0,0,0,0,0,0,0
1788885266.779267,4157,pg_toast,pg_toast_2612,0,0,0,0,0,0,0,0,0
1788885266.779267,1260,pg_catalog,pg_authid,0,0,0,0,0,0,0,0,0
1788885266.779267,6102,pg_catalog,pg_subscription_rel,0,0,0,0,0,0,0,0,0
1788885266.779267,1214,pg_catalog,pg_shdepend,0,0,0,0,0,0,0,0,0
1788885266.779267,4163,pg_toast,pg_toast_2615,0,0,0,0,0,0,0,0,0
1788885266.779267,1985343,public,charge,0,0,0,0,0,0,0,0,0
1788885266.779267,1985440,public,daily_market,0,0,0,0,0,0,0,0,0
1788885266.779267,1985422,public,company,0,0,0,0,0,0,0,0,0
1788885266.779267,4169,pg_toast,pg_toast_3600,0,0,0,0,0,0,0,0,0
1788885266.779267,2615,pg_catalog,pg_namespace,1,4,5,2,0,0,0,0,0
1788885266.779267,2396,pg_catalog,pg_shdescription,0,0,0,0,0,0,0,0,0
1788885266.779267,3600,pg_catalog,pg_ts_dict,0,0,0,0,0,0,0,0,0
1788885266.779267,1985325,public,broker,0,0,0,0,0,0,0,0,0
1788885266.779267,3596,pg_catalog,pg_seclabel,0,0,0,0,0,0,0,0,0
1788885266.779267,1985460,public,financial,0,0,0,0,0,0,0,0,0
1788885266.779267,2609,pg_catalog,pg_description,0,0,0,0,0,0,0,0,0
1788885266.779267,1985351,public,commission_rate,0,0,0,0,0,0,0,0,0
1788885266.779267,13482,pg_toast,pg_toast_13479,0,0,0,0,0,0,0,0,0
1788885266.779267,1985396,public,trade_history,0,0,0,0,0,0,0,0,0
1788885266.779267,3603,pg_catalog,pg_ts_config_map,0,0,0,0,0,0,0,0,0
1788885266.779267,1213,pg_catalog,pg_tablespace,0,0,1,1,0,0,0,0,0
1788885266.779267,2608,pg_catalog,pg_depend,0,0,0,0,0,0,0,0,0
1788885266.779267,2964,pg_catalog,pg_db_role_setting,0,0,0,0,0,0,0,0,0
1788885266.779267,1985283,pg_toast,pg_toast_1985275,0,0,0,0,0,0,0,0,0
1788885266.779267,1418,pg_catalog,pg_user_mapping,0,0,0,0,0,0,0,0,0
1788885266.779267,2613,pg_catalog,pg_largeobject,0,0,0,0,0,0,0,0,0
1788885266.779267,6175,pg_toast,pg_toast_3456,0,0,0,0,0,0,0,0,0
1788885266.779267,1261,pg_catalog,pg_auth_members,0,0,0,0,0,0,0,0,0
1788885266.779267,1985335,public,cash_transaction,0,0,0,0,0,0,0,0,0
1788885266.779267,2617,pg_catalog,pg_operator,0,0,5,5,0,0,0,0,0
1788885266.779267,1985300,pg_toast,pg_toast_1985290,0,0,0,0,0,0,0,0,0
1788885266.779267,1985538,public,address,0,0,0,0,0,0,0,0,0
1788885266.779267,2610,pg_catalog,pg_index,1,221,11,14,0,0,0,0,0
1788885266.779267,1249,pg_catalog,pg_attribute,0,0,75,92,0,0,0,0,0
1788885266.779267,1985512,public,sector,0,0,0,0,0,0,0,0,0
1788885266.779267,1985415,public,trade_type,0,0,0,0,0,0,0,0,0
1788885266.779267,2600,pg_catalog,pg_aggregate,0,0,1,1,0,0,0,0,0
1788885266.779267,2966,pg_toast,pg_toast_2964,0,0,0,0,0,0,0,0,0
1788885266.779267,1985451,public,exchange,0,0,0,0,0,0,0,0,0
1788885266.779267,2618,pg_catalog,pg_rewrite,0,0,1,1,0,0,0,0,0
1788885266.779267,4177,pg_toast,pg_toast_1262,0,0,0,0,0,0,0,0,0
1788885266.779267,13484,information_schema,sql_parts,0,0,,,0,0,0,0,0
1788885266.779267,4159,pg_toast,pg_toast_2600,0,0,0,0,0,0,0,0,0
1788885266.779267,4147,pg_toast,pg_toast_3079,0,0,0,0,0,0,0,0,0
1788885266.779267,13474,information_schema,sql_features,0,0,,,0,0,0,0,0
1788885266.779267,1985394,pg_toast,pg_toast_1985372,0,0,0,0,0,0,0,0,0
1788885266.779267,1247,pg_catalog,pg_type,0,0,19,19,0,0,0,0,0
1788885266.779267,2602,pg_catalog,pg_amop,0,0,12,25,0,0,0,0,0
1788885266.779267,3439,pg_toast,pg_toast_3381,0,0,0,0,0,0,0,0,0
1788885266.779267,2846,pg_toast,pg_toast_2396,0,0,0,0,0,0,0,0,0
1788885266.779267,1985555,public,zip_code,0,0,0,0,0,0,0,0,0
1788885266.779267,1985478,pg_toast,pg_toast_1985460,0,0,0,0,0,0,0,0,0
1788885266.779267,4145,pg_toast,pg_toast_3466,0,0,0,0,0,0,0,0,0
1788885266.779267,3541,pg_catalog,pg_range,0,0,0,0,0,0,0,0,0
1788885266.779267,3602,pg_catalog,pg_ts_config,0,0,0,0,0,0,0,0,0
1788885266.779267,1985333,pg_toast,pg_toast_1985325,0,0,0,0,0,0,0,0,0
1788885266.779267,4183,pg_toast,pg_toast_6100,0,0,0,0,0,0,0,0,0
1788885266.779267,1985496,public,news_item,0,0,0,0,0,0,0,0,0
1788885266.779267,2224,pg_catalog,pg_sequence,0,0,0,0,0,0,0,0,0
1788885266.779267,2611,pg_catalog,pg_inherits,0,0,0,0,0,0,0,0,0
1788885266.779267,1417,pg_catalog,pg_foreign_server,0,0,0,0,0,0,0,0,0
1788885266.779267,1262,pg_catalog,pg_database,0,0,0,0,0,0,0,0,0
1788885266.779267,13492,pg_toast,pg_toast_13489,0,0,0,0,0,0,0,0,0
1788885266.779267,3501,pg_catalog,pg_enum,0,0,0,0,0,0,0,0,0
1788885266.779267,2607,pg_catalog,pg_conversion,0,0,0,0,0,0,0,0,0
1788885266.779267,1985449,pg_toast,pg_toast_1985440,0,0,0,0,0,0,0,0,0
1788885266.779267,826,pg_catalog,pg_default_acl,0,0,0,0,0,0,0,0,0
1788885266.779267,2604,pg_catalog,pg_attrdef,0,0,0,0,0,0,0,0,0
1788885266.779267,2336,pg_toast,pg_toast_2620,0,0,0,0,0,0,0,0,0
1788885266.779267,2603,pg_catalog,pg_amproc,0,0,5,11,0,0,0,0,0
1788885266.779267,2606,pg_catalog,pg_constraint,0,0,3,8,0,0,0,0,0
1788885266.779267,1255,pg_catalog,pg_proc,0,0,19,24,0,0,0,0,0
1788885266.779267,4173,pg_toast,pg_toast_1418,0,0,0,0,0,0,0,0,0
1788885266.779267,1985285,public,customer_taxrate,0,0,0,0,0,0,0,0,0
1788885266.779267,2620,pg_catalog,pg_trigger,0,0,0,0,0,0,0,0,0
1788885266.779267,1985256,public,account_permission,0,0,0,0,0,0,0,0,0
1788885266.779267,1985507,public,news_xref,0,0,0,0,0,0,0,0,0
1788885266.779267,1985480,public,industry,0,0,0,0,0,0,0,0,0
1788885266.779267,2612,pg_catalog,pg_language,0,0,0,0,0,0,0,0,0
1788885266.779267,4149,pg_toast,pg_toast_2328,0,0,0,0,0,0,0,0,0
1788885266.779267,6351,pg_toast,pg_toast_2610,0,0,0,0,0,0,0,0,0
1788885266.779267,13489,information_schema,sql_sizing,0,0,,,0,0,0,0,0
1788885266.779267,1985494,pg_toast,pg_toast_1985486,0,0,0,0,0,0,0,0,0
1788885266.779267,3598,pg_toast,pg_toast_3596,0,0,0,0,0,0,0,0,0
1788885266.779267,2836,pg_toast,pg_toast_1255,0,0,0,0,0,0,0,0,0
1788885266.779267,3456,pg_catalog,pg_collation,0,0,0,0,0,0,0,0,0
1788885266.779267,3079,pg_catalog,pg_extension,0,0,0,0,0,0,0,0,0
1788885266.779267,6100,pg_catalog,pg_subscription,0,0,0,0,0,0,0,0,0
1788885266.779267,2832,pg_toast,pg_toast_2606,0,0,0,0,0,0,0,0,0
1788885266.779267,3256,pg_catalog,pg_policy,0,0,0,0,0,0,0,0,0
1788885266.779267,1985302,public,holding_history,0,0,0,0,0,0,0,0,0
1788885266.779267,1985517,public,security,0,0,0,0,0,0,0,0,0
1788885266.779267,3466,pg_catalog,pg_event_trigger,0,0,0,0,0,0,0,0,0
1788885266.779267,3592,pg_catalog,pg_shseclabel,0,0,0,0,0,0,0,0,0
1788885266.779267,3764,pg_catalog,pg_ts_template,0,0,0,0,0,0,0,0,0
1788885266.779267,6237,pg_catalog,pg_publication_namespace,0,0,0,0,0,0,0,0,0
1788885266.779267,13487,pg_toast,pg_toast_13484,0,0,0,0,0,0,0,0,0
1788885266.779267,2995,pg_catalog,pg_largeobject_metadata,0,0,0,0,0,0,0,0,0
1788885266.779267,1985275,public,customer_account,0,0,0,0,0,0,0,0,0
1788885266.779267,4143,pg_toast,pg_toast_826,0,0,0,0,0,0,0,0,0
1788885266.779267,4185,pg_toast,pg_toast_1213,0,0,0,0,0,0,0,0,0
1788885266.779267,6243,pg_catalog,pg_parameter_acl,0,0,0,0,0,0,0,0,0
1788885266.779267,2616,pg_catalog,pg_opclass,0,0,8,134,0,0,0,0,0
1788885266.779267,1985290,public,holding,0,0,0,0,0,0,0,0,0
1788885266.779267,2838,pg_toast,pg_toast_2618,0,0,1,3,0,0,0,0,0
1788885266.779267,6228,pg_toast,pg_toast_6106,0,0,0,0,0,0,0,0,0
1788885266.779267,1985349,pg_toast,pg_toast_1985343,0,0,0,0,0,0,0,0,0
1788885266.779267,1985434,public,company_competitor,0,0,0,0,0,0,0,0,0
1788885266.779267,1985370,pg_toast,pg_toast_1985363,0,0,0,0,0,0,0,0,0
1788885266.779267,1985505,pg_toast,pg_toast_1985496,0,0,0,0,0,0,0,0,0
1788885266.779267,1985264,public,customer,0,0,0,0,0,0,0,0,0
1788885266.779267,3118,pg_catalog,pg_foreign_table,0,0,0,0,0,0,0,0,0
1788885266.779267,1259,pg_catalog,pg_class,1,523,12,12,0,0,0,0,0
1788885266.779267,3350,pg_catalog,pg_partitioned_table,0,0,0,0,0,0,0,0,0
1788885266.779267,4153,pg_toast,pg_toast_3118,0,0,0,0,0,0,0,0,0
1788885266.779267,4060,pg_toast,pg_toast_3592,0,0,0,0,0,0,0,0,0
1788885266.779267,1985543,public,status_type,0,0,0,0,0,0,0,0,0
1788885266.779267,4165,pg_toast,pg_toast_3350,0,0,0,0,0,0,0,0,0
1788885266.779267,1985402,public,trade_request,0,0,0,0,0,0,0,0,0
1788885266.779267,2753,pg_catalog,pg_opfamily,0,0,2,2,0,0,0,0,0
1788885266.779267,3601,pg_catalog,pg_ts_parser,0,0,0,0,0,0,0,0,0
1788885266.779267,6104,pg_catalog,pg_publication,0,0,0,0,0,0,0,0,0
1788885266.779267,13477,pg_toast,pg_toast_13474,0,0,0,0,0,0,0,0,0
1788885266.779267,3429,pg_catalog,pg_statistic_ext_data,0,0,0,0,0,0,0,0,0
1788885266.779267,2619,pg_catalog,pg_statistic,0,0,17,8,0,0,0,0,0
1788885266.779267,4155,pg_toast,pg_toast_3394,0,0,0,0,0,0,0,0,0
1788885266.779267,1985548,public,taxrate,0,0,0,0,0,0,0,0,0
1788885266.779267,3381,pg_catalog,pg_statistic_ext,0,0,3,0,0,0,0,0,0
1788885266.779267,6106,pg_catalog,pg_publication_rel,0,0,0,0,0,0,0,0,0
1788885266.779267,1985372,public,trade,0,0,0,0,0,0,0,0,0
1788885266.779267,2605,pg_catalog,pg_cast,0,0,34,7,0,0,0,0,0
1788885266.779267,4171,pg_toast,pg_toast_1247,0,0,0,0,0,0,0,0,0
1788885266.779267,2830,pg_toast,pg_toast_2604,0,0,0,0,0,0,0,0,0
1788885266.779267,1985309,public,holding_summary,0,0,0,0,0,0,0,0,0
1788885266.779267,1985413,pg_toast,pg_toast_1985402,0,0,0,0,0,0,0,0,0
1788885266.779267,13479,information_schema,sql_implementation_info,0,0,,,0,0,0,0,0
1788885266.779267,1985341,pg_toast,pg_toast_1985335,0,0,0,0,0,0,0,0,0
1788885266.779267,6244,pg_toast,pg_toast_6243,0,0,0,0,0,0,0,0,0
1788885266.779267,1985315,public,watch_item,0,0,0,0,0,0,0,0,0
1788885266.779267,3430,pg_toast,pg_toast_3429,0,0,0,0,0,0,0,0,0
1788885266.779267,1985320,public,watch_list,0,0,0,0,0,0,0,0,0
1788885326.859730,1985536,pg_toast,pg_toast_1985517,0,0,0,0,0,0,0,0,0
1788885326.859730,3576,pg_catalog,pg_transform,0,0,0,0,0,0,0,0,0
1788885326.859730,2601,pg_catalog,pg_am,0,0,0,0,0,0,0,0,0
1788885326.859730,1985363,public,settlement,0,0,0,0,0,0,0,0,0
1788885326.859730,3394,pg_catalog,pg_init_privs,0,0,0,0,0,0,0,0,0
1788885326.859730,4167,pg_toast,pg_toast_3256,0,0,0,0,0,0,0,0,0
1788885326.859730,4151,pg_toast,pg_toast_1417,0,0,0,0,0,0,0,0,0
1788885326.859730,2834,pg_toast,pg_toast_2609,0,0,0,0,0,0,0,0,0
1788885326.859730,6000,pg_catalog,pg_replication_origin,0,0,0,0,0,0,0,0,0
1788885326.859730,2840,pg_toast,pg_toast_2619,0,0,0,0,0,0,0,0,0
1788885326.859730,1985486,public,last_trade,0,0,0,0,0,0,0,0,0
1788885326.859730,2328,pg_catalog,pg_foreign_data_wrapper,0,0,0,0,0,0,0,0,0
1788885326.859730,4157,pg_toast,pg_toast_2612,0,0,0,0,0,0,0,0,0
1788885326.859730,1260,pg_catalog,pg_authid,0,0,0,0,0,0,0,0,0
1788885326.859730,6102,pg_catalog,pg_subscription_rel,0,0,0,0,0,0,0,0,0
1788885326.859730,1214,pg_catalog,pg_shdepend,0,0,0,0,0,0,0,0,0
1788885326.859730,4163,pg_toast,pg_toast_2615,0,0,0,0,0,0,0,0,0
1788885326.859730,1985343,public,charge,0,0,0,0,0,0,0,0,0
1788885326.859730,1985440,public,daily_market,0,0,0,0,0,0,0,0,0
1788885326.859730,1985422,public,company,0,0,0,0,0,0,0,0,0
1788885326.859730,4169,pg_toast,pg_toast_3600,0,0,0,0,0,0,0,0,0
1788885326.859730,2615,pg_catalog,pg_namespace,1,4,5,2,0,0,0,0,0
1788885326.859730,2396,pg_catalog,pg_shdescription,0,0,0,0,0,0,0,0,0
1788885326.859730,3600,pg_catalog,pg_ts_dict,0,0,0,0,0,0,0,0,0
1788885326.859730,1985325,public,broker,0,0,0,0,0,0,0,0,0
1788885326.859730,3596,pg_catalog,pg_seclabel,0,0,0,0,0,0,0,0,0
1788885326.859730,1985460,public,financial,0,0,0,0,0,0,0,0,0
1788885326.859730,2609,pg_catalog,pg_description,0,0,0,0,0,0,0,0,0
1788885326.859730,1985351,public,commission_rate,0,0,0,0,0,0,0,0,0
1788885326.859730,13482,pg_toast,pg_toast_13479,0,0,0,0,0,0,0,0,0
1788885326.859730,1985396,public,trade_history,0,0,0,0,0,0,0,0,0
1788885326.859730,3603,pg_catalog,pg_ts_config_map,0,0,0,0,0,0,0,0,0
1788885326.859730,1213,pg_catalog,pg_tablespace,0,0,1,1,0,0,0,0,0
1788885326.859730,2608,pg_catalog,pg_depend,0,0,0,0,0,0,0,0,0
1788885326.859730,2964,pg_catalog,pg_db_role_setting,0,0,0,0,0,0,0,0,0
1788885326.859730,1985283,pg_toast,pg_toast_1985275,0,0,0,0,0,0,0,0,0
1788885326.859730,1418,pg_catalog,pg_user_mapping,0,0,0,0,0,0,0,0,0
1788885326.859730,2613,pg_catalog,pg_largeobject,0,0,0,0,0,0,0,0,0
1788885326.859730,6175,pg_toast,pg_toast_3456,0,0,0,0,0,0,0,0,0
1788885326.859730,1261,pg_catalog,pg_auth_members,0,0,0,0,0,0,0,0,0
1788885326.859730,1985335,public,cash_transaction,0,0,0,0,0,0,0,0,0
1788885326.859730,2617,pg_catalog,pg_operator,0,0,5,5,0,0,0,0,0
1788885326.859730,1985300,pg_toast,pg_toast_1985290,0,0,0,0,0,0,0,0,0
1788885326.859730,1985538,public,address,0,0,0,0,0,0,0,0,0
1788885326.859730,2610,pg_catalog,pg_index,1,221,11,14,0,0,0,0,0
1788885326.859730,1249,pg_catalog,pg_attribute,0,0,75,92,0,0,0,0,0
1788885326.859730,1985512,public,sector,0,0,0,0,0,0,0,0,0
1788885326.859730,1985415,public,trade_type,0,0,0,0,0,0,0,0,0
1788885326.859730,2600,pg_catalog,pg_aggregate,0,0,1,1,0,0,0,0,0
1788885326.859730,2966,pg_toast,pg_toast_2964,0,0,0,0,0,0,0,0,0
1788885326.859730,1985451,public,exchange,0,0,0,0,0,0,0,0,0
1788885326.859730,2618,pg_catalog,pg_rewrite,0,0,1,1,0,0,0,0,0
1788885326.859730,4177,pg_toast,pg_toast_1262,0,0,0,0,0,0,0,0,0
1788885326.859730,13484,information_schema,sql_parts,0,0,,,0,0,0,0,0
1788885326.859730,4159,pg_toast,pg_toast_2600,0,0,0,0,0,0,0,0,0
1788885326.859730,4147,pg_toast,pg_toast_3079,0,0,0,0,0,0,0,0,0
1788885326.859730,13474,information_schema,sql_features,0,0,,,0,0,0,0,0
1788885326.859730,1985394,pg_toast,pg_toast_1985372,0,0,0,0,0,0,0,0,0
1788885326.859730,1247,pg_catalog,pg_type,0,0,19,19,0,0,0,0,0
1788885326.859730,2602,pg_catalog,pg_amop,0,0,12,25,0,0,0,0,0
1788885326.859730,3439,pg_toast,pg_toast_3381,0,0,0,0,0,0,0,0,0
1788885326.859730,2846,pg_toast,pg_toast_2396,0,0,0,0,0,0,0,0,0
1788885326.859730,1985555,public,zip_code,0,0,0,0,0,0,0,0,0
1788885326.859730,1985478,pg_toast,pg_toast_1985460,0,0,0,0,0,0,0,0,0
1788885326.859730,4145,pg_toast,pg_toast_3466,0,0,0,0,0,0,0,0,0
1788885326.859730,3541,pg_catalog,pg_range,0,0,0,0,0,0,0,0,0
1788885326.859730,3602,pg_catalog,pg_ts_config,0,0,0,0,0,0,0,0,0
1788885326.859730,1985333,pg_toast,pg_toast_1985325,0,0,0,0,0,0,0,0,0
1788885326.859730,4183,pg_toast,pg_toast_6100,0,0,0,0,0,0,0,0,0
1788885326.859730,1985496,public,news_item,0,0,0,0,0,0,0,0,0
1788885326.859730,2224,pg_catalog,pg_sequence,0,0,0,0,0,0,0,0,0
1788885326.859730,2611,pg_catalog,pg_inherits,0,0,0,0,0,0,0,0,0
1788885326.859730,1417,pg_catalog,pg_foreign_server,0,0,0,0,0,0,0,0,0
1788885326.859730,1262,pg_catalog,pg_database,0,0,0,0,0,0,0,0,0
1788885326.859730,13492,pg_toast,pg_toast_13489,0,0,0,0,0,0,0,0,0
1788885326.859730,3501,pg_catalog,pg_enum,0,0,0,0,0,0,0,0,0
1788885326.859730,2607,pg_catalog,pg_conversion,0,0,0,0,0,0,0,0,0
1788885326.859730,1985449,pg_toast,pg_toast_1985440,0,0,0,0,0,0,0,0,0
1788885326.859730,826,pg_catalog,pg_default_acl,0,0,0,0,0,0,0,0,0
1788885326.859730,2604,pg_catalog,pg_attrdef,0,0,0,0,0,0,0,0,0
1788885326.859730,2336,pg_toast,pg_toast_2620,0,0,0,0,0,0,0,0,0
1788885326.859730,2603,pg_catalog,pg_amproc,0,0,5,11,0,0,0,0,0
1788885326.859730,2606,pg_catalog,pg_constraint,0,0,3,8,0,0,0,0,0
1788885326.859730,1255,pg_catalog,pg_proc,0,0,19,24,0,0,0,0,0
1788885326.859730,4173,pg_toast,pg_toast_1418,0,0,0,0,0,0,0,0,0
1788885326.859730,1985285,public,customer_taxrate,0,0,0,0,0,0,0,0,0
1788885326.859730,2620,pg_catalog,pg_trigger,0,0,0,0,0,0,0,0,0
1788885326.859730,1985256,public,account_permission,0,0,0,0,0,0,0,0,0
1788885326.859730,1985507,public,news_xref,0,0,0,0,0,0,0,0,0
1788885326.859730,1985480,public,industry,0,0,0,0,0,0,0,0,0
1788885326.859730,2612,pg_catalog,pg_language,0,0,0,0,0,0,0,0,0
1788885326.859730,4149,pg_toast,pg_toast_2328,0,0,0,0,0,0,0,0,0
1788885326.859730,6351,pg_toast,pg_toast_2610,0,0,0,0,0,0,0,0,0
1788885326.859730,13489,information_schema,sql_sizing,0,0,,,0,0,0,0,0
1788885326.859730,1985494,pg_toast,pg_toast_1985486,0,0,0,0,0,0,0,0,0
1788885326.859730,3598,pg_toast,pg_toast_3596,0,0,0,0,0,0,0,0,0
1788885326.859730,2836,pg_toast,pg_toast_1255,0,0,0,0,0,0,0,0,0
1788885326.859730,3456,pg_catalog,pg_collation,0,0,0,0,0,0,0,0,0
1788885326.859730,3079,pg_catalog,pg_extension,0,0,0,0,0,0,0,0,0
1788885326.859730,6100,pg_catalog,pg_subscription,0,0,0,0,0,0,0,0,0
1788885326.859730,2832,pg_toast,pg_toast_2606,0,0,0,0,0,0,0,0,0
1788885326.859730,3256,pg_catalog,pg_policy,0,0,0,0,0,0,0,0,0
1788885326.859730,1985302,public,holding_history,0,0,0,0,0,0,0,0,0
1788885326.859730,1985517,public,security,0,0,0,0,0,0,0,0,0
1788885326.859730,3466,pg_catalog,pg_event_trigger,0,0,0,0,0,0,0,0,0
1788885326.859730,3592,pg_catalog,pg_shseclabel,0,0,0,0,0,0,0,0,0
1788885326.859730,3764,pg_catalog,pg_ts_template,0,0,0,0,0,0,0,0,0
1788885326.859730,6237,pg_catalog,pg_publication_namespace,0,0,0,0,0,0,0,0,0
1788885326.859730,13487,pg_toast,pg_toast_13484,0,0,0,0,0,0,0,0,0
1788885326.859730,2995,pg_catalog,pg_largeobject_metadata,0,0,0,0,0,0,0,0,0
1788885326.859730,1985275,public,customer_account,0,0,0,0,0,0,0,0,0
1788885326.859730,4143,pg_toast,pg_toast_826,0,0,0,0,0,0,0,0,0
1788885326.859730,4185,pg_toast,pg_toast_1213,0,0,0,0,0,0,0,0,0
1788885326.859730,6243,pg_catalog,pg_parameter_acl,0,0,0,0,0,0,0,0,0
1788885326.859730,2616,pg_catalog,pg_opclass,0,0,8,134,0,0,0,0,0
1788885326.859730,1985290,public,holding,0,0,0,0,0,0,0,0,0
1788885326.859730,2838,pg_toast,pg_toast_2618,0,0,1,3,0,0,0,0,0
1788885326.859730,6228,pg_toast,pg_toast_6106,0,0,0,0,0,0,0,0,0
1788885326.859730,1985349,pg_toast,pg_toast_1985343,0,0,0,0,0,0,0,0,0
1788885326.859730,1985434,public,company_competitor,0,0,0,0,0,0,0,0,0
1788885326.859730,1985370,pg_toast,pg_toast_1985363,0,0,0,0,0,0,0,0,0
1788885326.859730,1985505,pg_toast,pg_toast_1985496,0,0,0,0,0,0,0,0,0
1788885326.859730,1985264,public,customer,0,0,0,0,0,0,0,0,0
1788885326.859730,3118,pg_catalog,pg_foreign_table,0,0,0,0,0,0,0,0,0
1788885326.859730,1259,pg_catalog,pg_class,1,523,12,12,0,0,0,0,0
1788885326.859730,3350,pg_catalog,pg_partitioned_table,0,0,0,0,0,0,0,0,0
1788885326.859730,4153,pg_toast,pg_toast_3118,0,0,0,0,0,0,0,0,0
1788885326.859730,4060,pg_toast,pg_toast_3592,0,0,0,0,0,0,0,0,0
1788885326.859730,1985543,public,status_type,0,0,0,0,0,0,0,0,0
1788885326.859730,4165,pg_toast,pg_toast_3350,0,0,0,0,0,0,0,0,0
1788885326.859730,1985402,public,trade_request,0,0,0,0,0,0,0,0,0
1788885326.859730,2753,pg_catalog,pg_opfamily,0,0,2,2,0,0,0,0,0
1788885326.859730,3601,pg_catalog,pg_ts_parser,0,0,0,0,0,0,0,0,0
1788885326.859730,6104,pg_catalog,pg_publication,0,0,0,0,0,0,0,0,0
1788885326.859730,13477,pg_toast,pg_toast_13474,0,0,0,0,0,0,0,0,0
1788885326.859730,3429,pg_catalog,pg_statistic_ext_data,0,0,0,0,0,0,0,0,0
1788885326.859730,2619,pg_catalog,pg_statistic,0,0,17,8,0,0,0,0,0
1788885326.859730,4155,pg_toast,pg_toast_3394,0,0,0,0,0,0,0,0,0
1788885326.859730,1985548,public,taxrate,0,0,0,0,0,0,0,0,0
1788885326.859730,3381,pg_catalog,pg_statistic_ext,0,0,3,0,0,0,0,0,0
1788885326.859730,6106,pg_catalog,pg_publication_rel,0,0,0,0,0,0,0,0,0
1788885326.859730,1985372,public,trade,0,0,0,0,0,0,0,0,0
1788885326.859730,2605,pg_catalog,pg_cast,0,0,34,7,0,0,0,0,0
1788885326.859730,4171,pg_toast,pg_toast_1247,0,0,0,0,0,0,0,0,0
1788885326.859730,2830,pg_toast,pg_toast_2604,0,0,0,0,0,0,0,0,0
1788885326.859730,1985309,public,holding_summary,0,0,0,0,0,0,0,0,0
1788885326.859730,1985413,pg_toast,pg_toast_1985402,0,0,0,0,0,0,0,0,0
1788885326.859730,13479,information_schema,sql_implementation_info,0,0,,,0,0,0,0,0
1788885326.859730,1985341,pg_toast,pg_toast_1985335,0,0,0,0,0,0,0,0,0
1788885326.859730,6244,pg_toast,pg_toast_6243,0,0,0,0,0,0,0,0,0
1788885326.859730,1985315,public,watch_item,0,0,0,0,0,0,0,0,0
1788885326.859730,3430,pg_toast,pg_toast_3429,0,0,0,0,0,0,0,0,0
1788885326.859730,1985320,public,watch_list,0,0,0,0,0,0,0,0,0
1788885386.959353,1985536,pg_toast,pg_toast_1985517,0,0,0,0,0,0,0,0,0
1788885386.959353,3576,pg_catalog,pg_transform,0,0,0,0,0,0,0,0,0
1788885386.959353,2601,pg_catalog,pg_am,0,0,0,0,0,0,0,0,0
1788885386.959353,1985363,public,settlement,0,0,0,0,0,0,0,0,0
1788885386.959353,3394,pg_catalog,pg_init_privs,0,0,0,0,0,0,0,0,0
1788885386.959353,4167,pg_toast,pg_toast_3256,0,0,0,0,0,0,0,0,0
1788885386.959353,4151,pg_toast,pg_toast_1417,0,0,0,0,0,0,0,0,0
1788885386.959353,2834,pg_toast,pg_toast_2609,0,0,0,0,0,0,0,0,0
1788885386.959353,6000,pg_catalog,pg_replication_origin,0,0,0,0,0,0,0,0,0
1788885386.959353,2840,pg_toast,pg_toast_2619,0,0,0,0,0,0,0,0,0
1788885386.959353,1985486,public,last_trade,0,0,0,0,0,0,0,0,0
1788885386.959353,2328,pg_catalog,pg_foreign_data_wrapper,0,0,0,0,0,0,0,0,0
1788885386.959353,4157,pg_toast,pg_toast_2612,0,0,0,0,0,0,0,0,0
1788885386.959353,1260,pg_catalog,pg_authid,0,0,0,0,0,0,0,0,0
1788885386.959353,6102,pg_catalog,pg_subscription_rel,0,0,0,0,0,0,0,0,0
1788885386.959353,1214,pg_catalog,pg_shdepend,0,0,0,0,0,0,0,0,0
1788885386.959353,4163,pg_toast,pg_toast_2615,0,0,0,0,0,0,0,0,0
1788885386.959353,1985343,public,charge,0,0,0,0,0,0,0,0,0
1788885386.959353,1985440,public,daily_market,0,0,0,0,0,0,0,0,0
1788885386.959353,1985422,public,company,0,0,0,0,0,0,0,0,0
1788885386.959353,4169,pg_toast,pg_toast_3600,0,0,0,0,0,0,0,0,0
1788885386.959353,2615,pg_catalog,pg_namespace,1,4,5,2,0,0,0,0,0
1788885386.959353,2396,pg_catalog,pg_shdescription,0,0,0,0,0,0,0,0,0
1788885386.959353,3600,pg_catalog,pg_ts_dict,0,0,0,0,0,0,0,0,0
1788885386.959353,1985325,public,broker,0,0,0,0,0,0,0,0,0
1788885386.959353,3596,pg_catalog,pg_seclabel,0,0,0,0,0,0,0,0,0
1788885386.959353,1985460,public,financial,0,0,0,0,0,0,0,0,0
1788885386.959353,2609,pg_catalog,pg_description,0,0,0,0,0,0,0,0,0
1788885386.959353,1985351,public,commission_rate,0,0,0,0,0,0,0,0,0
1788885386.959353,13482,pg_toast,pg_toast_13479,0,0,0,0,0,0,0,0,0
1788885386.959353,1985396,public,trade_history,0,0,0,0,0,0,0,0,0
1788885386.959353,3603,pg_catalog,pg_ts_config_map,0,0,0,0,0,0,0,0,0
1788885386.959353,1213,pg_catalog,pg_tablespace,0,0,1,1,0,0,0,0,0
1788885386.959353,2608,pg_catalog,pg_depend,0,0,0,0,0,0,0,0,0
1788885386.959353,2964,pg_catalog,pg_db_role_setting,0,0,0,0,0,0,0,0,0
1788885386.959353,1985283,pg_toast,pg_toast_1985275,0,0,0,0,0,0,0,0,0
1788885386.959353,1418,pg_catalog,pg_user_mapping,0,0,0,0,0,0,0,0,0
1788885386.959353,2613,pg_catalog,pg_largeobject,0,0,0,0,0,0,0,0,0
1788885386.959353,6175,pg_toast,pg_toast_3456,0,0,0,0,0,0,0,0,0
1788885386.959353,1261,pg_catalog,pg_auth_members,0,0,0,0,0,0,0,0,0
1788885386.959353,1985335,public,cash_transaction,0,0,0,0,0,0,0,0,0
1788885386.959353,2617,pg_catalog,pg_operator,0,0,5,5,0,0,0,0,0
1788885386.959353,1985300,pg_toast,pg_toast_1985290,0,0,0,0,0,0,0,0,0
1788885386.959353,1985538,public,address,0,0,0,0,0,0,0,0,0
1788885386.959353,2610,pg_catalog,pg_index,1,221,11,14,0,0,0,0,0
1788885386.959353,1249,pg_catalog,pg_attribute,0,0,75,92,0,0,0,0,0
1788885386.959353,1985512,public,sector,0,0,0,0,0,0,0,0,0
1788885386.959353,1985415,public,trade_type,0,0,0,0,0,0,0,0,0
1788885386.959353,2600,pg_catalog,pg_aggregate,0,0,1,1,0,0,0,0,0
1788885386.959353,2966,pg_toast,pg_toast_2964,0,0,0,0,0,0,0,0,0
1788885386.959353,1985451,public,exchange,0,0,0,0,0,0,0,0,0
1788885386.959353,2618,pg_catalog,pg_rewrite,0,0,1,1,0,0,0,0,0
1788885386.959353,4177,pg_toast,pg_toast_1262,0,0,0,0,0,0,0,0,0
1788885386.959353,13484,information_schema,sql_parts,0,0,,,0,0,0,0,0
1788885386.959353,4159,pg_toast,pg_toast_2600,0,0,0,0,0,0,0,0,0
1788885386.959353,4147,pg_toast,pg_toast_3079,0,0,0,0,0,0,0,0,0
1788885386.959353,13474,information_schema,sql_features,0,0,,,0,0,0,0,0
1788885386.959353,1985394,pg_toast,pg_toast_1985372,0,0,0,0,0,0,0,0,0
1788885386.959353,1247,pg_catalog,pg_type,0,0,19,19,0,0,0,0,0
1788885386.959353,2602,pg_catalog,pg_amop,0,0,12,25,0,0,0,0,0
1788885386.959353,3439,pg_toast,pg_toast_3381,0,0,0,0,0,0,0,0,0
1788885386.959353,2846,pg_toast,pg_toast_2396,0,0,0,0,0,0,0,0,0
1788885386.959353,1985555,public,zip_code,0,0,0,0,0,0,0,0,0
1788885386.959353,1985478,pg_toast,pg_toast_1985460,0,0,0,0,0,0,0,0,0
1788885386.959353,4145,pg_toast,pg_toast_3466,0,0,0,0,0,0,0,0,0
1788885386.959353,3541,pg_catalog,pg_range,0,0,0,0,0,0,0,0,0
1788885386.959353,3602,pg_catalog,pg_ts_config,0,0,0,0,0,0,0,0,0
1788885386.959353,1985333,pg_toast,pg_toast_1985325,0,0,0,0,0,0,0,0,0
1788885386.959353,4183,pg_toast,pg_toast_6100,0,0,0,0,0,0,0,0,0
1788885386.959353,1985496,public,news_item,0,0,0,0,0,0,0,0,0
1788885386.959353,2224,pg_catalog,pg_sequence,0,0,0,0,0,0,0,0,0
1788885386.959353,2611,pg_catalog,pg_inherits,0,0,0,0,0,0,0,0,0
1788885386.959353,1417,pg_catalog,pg_foreign_server,0,0,0,0,0,0,0,0,0
1788885386.959353,1262,pg_catalog,pg_database,0,0,0,0,0,0,0,0,0
1788885386.959353,13492,pg_toast,pg_toast_13489,0,0,0,0,0,0,0,0,0
1788885386.959353,3501,pg_catalog,pg_enum,0,0,0,0,0,0,0,0,0
1788885386.959353,2607,pg_catalog,pg_conversion,0,0,0,0,0,0,0,0,0
1788885386.959353,1985449,pg_toast,pg_toast_1985440,0,0,0,0,0,0,0,0,0
1788885386.959353,826,pg_catalog,pg_default_acl,0,0,0,0,0,0,0,0,0
1788885386.959353,2604,pg_catalog,pg_attrdef,0,0,0,0,0,0,0,0,0
1788885386.959353,2336,pg_toast,pg_toast_2620,0,0,0,0,0,0,0,0,0
1788885386.959353,2603,pg_catalog,pg_amproc,0,0,5,11,0,0,0,0,0
1788885386.959353,2606,pg_catalog,pg_constraint,0,0,3,8,0,0,0,0,0
1788885386.959353,1255,pg_catalog,pg_proc,0,0,19,24,0,0,0,0,0
1788885386.959353,4173,pg_toast,pg_toast_1418,0,0,0,0,0,0,0,0,0
1788885386.959353,1985285,public,customer_taxrate,0,0,0,0,0,0,0,0,0
1788885386.959353,2620,pg_catalog,pg_trigger,0,0,0,0,0,0,0,0,0
1788885386.959353,1985256,public,account_permission,0,0,0,0,0,0,0,0,0
1788885386.959353,1985507,public,news_xref,0,0,0,0,0,0,0,0,0
1788885386.959353,1985480,public,industry,0,0,0,0,0,0,0,0,0
1788885386.959353,2612,pg_catalog,pg_language,0,0,0,0,0,0,0,0,0
1788885386.959353,4149,pg_toast,pg_toast_2328,0,0,0,0,0,0,0,0,0
1788885386.959353,6351,pg_toast,pg_toast_2610,0,0,0,0,0,0,0,0,0
1788885386.959353,13489,information_schema,sql_sizing,0,0,,,0,0,0,0,0
1788885386.959353,1985494,pg_toast,pg_toast_1985486,0,0,0,0,0,0,0,0,0
1788885386.959353,3598,pg_toast,pg_toast_3596,0,0,0,0,0,0,0,0,0
1788885386.959353,2836,pg_toast,pg_toast_1255,0,0,0,0,0,0,0,0,0
1788885386.959353,3456,pg_catalog,pg_collation,0,0,0,0,0,0,0,0,0
1788885386.959353,3079,pg_catalog,pg_extension,0,0,0,0,0,0,0,0,0
1788885386.959353,6100,pg_catalog,pg_subscription,0,0,0,0,0,0,0,0,0
1788885386.959353,2832,pg_toast,pg_toast_2606,0,0,0,0,0,0,0,0,0
1788885386.959353,3256,pg_catalog,pg_policy,0,0,0,0,0,0,0,0,0
1788885386.959353,1985302,public,holding_history,0,0,0,0,0,0,0,0,0
1788885386.959353,1985517,public,security,0,0,0,0,0,0,0,0,0
1788885386.959353,3466,pg_catalog,pg_event_trigger,0,0,0,0,0,0,0,0,0
1788885386.959353,3592,pg_catalog,pg_shseclabel,0,0,0,0,0,0,0,0,0
1788885386.959353,3764,pg_catalog,pg_ts_template,0,0,0,0,0,0,0,0,0
1788885386.959353,6237,pg_catalog,pg_publication_namespace,0,0,0,0,0,0,0,0,0
1788885386.959353,13487,pg_toast,pg_toast_13484,0,0,0,0,0,0,0,0,0
1788885386.959353,2995,pg_catalog,pg_largeobject_metadata,0,0,0,0,0,0,0,0,0
1788885386.959353,1985275,public,customer_account,0,0,0,0,0,0,0,0,0
1788885386.959353,4143,pg_toast,pg_toast_826,0,0,0,0,0,0,0,0,0
1788885386.959353,4185,pg_toast,pg_toast_1213,0,0,0,0,0,0,0,0,0
1788885386.959353,6243,pg_catalog,pg_parameter_acl,0,0,0,0,0,0,0,0,0
1788885386.959353,2616,pg_catalog,pg_opclass,0,0,8,134,0,0,0,0,0
1788885386.959353,1985290,public,holding,0,0,0,0,0,0,0,0,0
1788885386.959353,2838,pg_toast,pg_toast_2618,0,0,1,3,0,0,0,0,0
1788885386.959353,6228,pg_toast,pg_toast_6106,0,0,0,0,0,0,0,0,0
1788885386.959353,1985349,pg_toast,pg_toast_1985343,0,0,0,0,0,0,0,0,0
1788885386.959353,1985434,public,company_competitor,0,0,0,0,0,0,0,0,0
1788885386.959353,1985370,pg_toast,pg_toast_1985363,0,0,0,0,0,0,0,0,0
1788885386.959353,1985505,pg_toast,pg_toast_1985496,0,0,0,0,0,0,0,0,0
1788885386.959353,1985264,public,customer,0,0,0,0,0,0,0,0,0
1788885386.959353,3118,pg_catalog,pg_foreign_table,0,0,0,0,0,0,0,0,0
1788885386.959353,1259,pg_catalog,pg_class,1,523,12,12,0,0,0,0,0
1788885386.959353,3350,pg_catalog,pg_partitioned_table,0,0,0,0,0,0,0,0,0
1788885386.959353,4153,pg_toast,pg_toast_3118,0,0,0,0,0,0,0,0,0
1788885386.959353,4060,pg_toast,pg_toast_3592,0,0,0,0,0,0,0,0,0
1788885386.959353,1985543,public,status_type,0,0,0,0,0,0,0,0,0
1788885386.959353,4165,pg_toast,pg_toast_3350,0,0,0,0,0,0,0,0,0
1788885386.959353,1985402,public,trade_request,0,0,0,0,0,0,0,0,0
1788885386.959353,2753,pg_catalog,pg_opfamily,0,0,2,2,0,0,0,0,0
1788885386.959353,3601,pg_catalog,pg_ts_parser,0,0,0,0,0,0,0,0,0
1788885386.959353,6104,pg_catalog,pg_publication,0,0,0,0,0,0,0,0,0
1788885386.959353,13477,pg_toast,pg_toast_13474,0,0,0,0,0,0,0,0,0
1788885386.959353,3429,pg_catalog,pg_statistic_ext_data,0,0,0,0,0,0,0,0,0
1788885386.959353,2619,pg_catalog,pg_statistic,0,0,17,8,0,0,0,0,0
1788885386.959353,4155,pg_toast,pg_toast_3394,0,0,0,0,0,0,0,0,0
1788885386.959353,1985548,public,taxrate,0,0,0,0,0,0,0,0,0
1788885386.959353,3381,pg_catalog,pg_statistic_ext,0,0,3,0,0,0,0,0,0
1788885386.959353,6106,pg_catalog,pg_publication_rel,0,0,0,0,0,0,0,0,0
1788885386.959353,1985372,public,trade,0,0,0,0,0,0,0,0,0
1788885386.959353,2605,pg_catalog,pg_cast,0,0,34,7,0,0,0,0,0
1788885386.959353,4171,pg_toast,pg_toast_1247,0,0,0,0,0,0,0,0,0
1788885386.959353,2830,pg_toast,pg_toast_2604,0,0,0,0,0,0,0,0,0
1788885386.959353,1985309,public,holding_summary,0,0,0,0,0,0,0,0,0
1788885386.959353,1985413,pg_toast,pg_toast_1985402,0,0,0,0,0,0,0,0,0
1788885386.959353,13479,information_schema,sql_implementation_info,0,0,,,0,0,0,0,0
1788885386.959353,1985341,pg_toast,pg_toast_1985335,0,0,0,0,0,0,0,0,0
1788885386.959353,6244,pg_toast,pg_toast_6243,0,0,0,0,0,0,0,0,0
1788885386.959353,1985315,public,watch_item,0,0,0,0,0,0,0,0,0
1788885386.959353,3430,pg_toast,pg_toast_3429,0,0,0,0,0,0,0,0,0
1788885386.959353,1985320,public,watch_list,0,0,0,0,0,0,0,0,0
1788885446.074457,1985536,pg_toast,pg_toast_1985517,0,0,0,0,0,0,0,0,0
1788885446.074457,3576,pg_catalog,pg_transform,0,0,0,0,0,0,0,0,0
1788885446.074457,2601,pg_catalog,pg_am,0,0,0,0,0,0,0,0,0
1788885446.074457,1985363,public,settlement,0,0,0,0,0,0,0,0,0
1788885446.074457,3394,pg_catalog,pg_init_privs,0,0,0,0,0,0,0,0,0
1788885446.074457,4167,pg_toast,pg_toast_3256,0,0,0,0,0,0,0,0,0
1788885446.074457,4151,pg_toast,pg_toast_1417,0,0,0,0,0,0,0,0,0
1788885446.074457,2834,pg_toast,pg_toast_2609,0,0,0,0,0,0,0,0,0
1788885446.074457,6000,pg_catalog,pg_replication_origin,0,0,0,0,0,0,0,0,0
1788885446.074457,2840,pg_toast,pg_toast_2619,0,0,0,0,0,0,0,0,0
1788885446.074457,1985486,public,last_trade,0,0,0,0,0,0,0,0,0
1788885446.074457,2328,pg_catalog,pg_foreign_data_wrapper,0,0,0,0,0,0,0,0,0
1788885446.074457,4157,pg_toast,pg_toast_2612,0,0,0,0,0,0,0,0,0
1788885446.074457,1260,pg_catalog,pg_authid,0,0,0,0,0,0,0,0,0
1788885446.074457,6102,pg_catalog,pg_subscription_rel,0,0,0,0,0,0,0,0,0
1788885446.074457,1214,pg_catalog,pg_shdepend,0,0,0,0,0,0,0,0,0
1788885446.074457,4163,pg_toast,pg_toast_2615,0,0,0,0,0,0,0,0,0
1788885446.074457,1985343,public,charge,0,0,0,0,0,0,0,0,0
1788885446.074457,1985440,public,daily_market,0,0,0,0,0,0,0,0,0
1788885446.074457,1985422,public,company,0,0,0,0,0,0,0,0,0
1788885446.074457,4169,pg_toast,pg_toast_3600,0,0,0,0,0,0,0,0,0
1788885446.074457,2615,pg_catalog,pg_namespace,1,4,5,2,0,0,0,0,0
1788885446.074457,2396,pg_catalog,pg_shdescription,0,0,0,0,0,0,0,0,0
1788885446.074457,3600,pg_catalog,pg_ts_dict,0,0,0,0,0,0,0,0,0
1788885446.074457,1985325,public,broker,0,0,0,0,0,0,0,0,0
1788885446.074457,3596,pg_catalog,pg_seclabel,0,0,0,0,0,0,0,0,0
1788885446.074457,1985460,public,financial,0,0,0,0,0,0,0,0,0
1788885446.074457,2609,pg_catalog,pg_description,0,0,0,0,0,0,0,0,0
1788885446.074457,1985351,public,commission_rate,0,0,0,0,0,0,0,0,0
1788885446.074457,13482,pg_toast,pg_toast_13479,0,0,0,0,0,0,0,0,0
1788885446.074457,1985396,public,trade_history,0,0,0,0,0,0,0,0,0
1788885446.074457,3603,pg_catalog,pg_ts_config_map,0,0,0,0,0,0,0,0,0
1788885446.074457,1213,pg_catalog,pg_tablespace,0,0,1,1,0,0,0,0,0
1788885446.074457,2608,pg_catalog,pg_depend,0,0,0,0,0,0,0,0,0
1788885446.074457,2964,pg_catalog,pg_db_role_setting,0,0,0,0,0,0,0,0,0
1788885446.074457,1985283,pg_toast,pg_toast_1985275,0,0,0,0,0,0,0,0,0
1788885446.074457,1418,pg_catalog,pg_user_mapping,0,0,0,0,0,0,0,0,0
1788885446.074457,2613,pg_catalog,pg_largeobject,0,0,0,0,0,0,0,0,0
1788885446.074457,6175,pg_toast,pg_toast_3456,0,0,0,0,0,0,0,0,0
1788885446.074457,1261,pg_catalog,pg_auth_members,0,0,0,0,0,0,0,0,0
1788885446.074457,1985335,public,cash_transaction,0,0,0,0,0,0,0,0,0
1788885446.074457,2617,pg_catalog,pg_operator,0,0,5,5,0,0,0,0,0
1788885446.074457,1985300,pg_toast,pg_toast_1985290,0,0,0,0,0,0,0,0,0
1788885446.074457,1985538,public,address,0,0,0,0,0,0,0,0,0
1788885446.074457,2610,pg_catalog,pg_index,1,221,11,14,0,0,0,0,0
1788885446.074457,1249,pg_catalog,pg_attribute,0,0,75,92,0,0,0,0,0
1788885446.074457,1985512,public,sector,0,0,0,0,0,0,0,0,0
1788885446.074457,1985415,public,trade_type,0,0,0,0,0,0,0,0,0
1788885446.074457,2600,pg_catalog,pg_aggregate,0,0,1,1,0,0,0,0,0
1788885446.074457,2966,pg_toast,pg_toast_2964,0,0,0,0,0,0,0,0,0
1788885446.074457,1985451,public,exchange,0,0,0,0,0,0,0,0,0
1788885446.074457,2618,pg_catalog,pg_rewrite,0,0,1,1,0,0,0,0,0
1788885446.074457,4177,pg_toast,pg_toast_1262,0,0,0,0,0,0,0,0,0
1788885446.074457,13484,information_schema,sql_parts,0,0,,,0,0,0,0,0
1788885446.074457,4159,pg_toast,pg_toast_2600,0,0,0,0,0,0,0,0,0
1788885446.074457,4147,pg_toast,pg_toast_3079,0,0,0,0,0,0,0,0,0
1788885446.074457,13474,information_schema,sql_features,0,0,,,0,0,0,0,0
1788885446.074457,1985394,pg_toast,pg_toast_1985372,0,0,0,0,0,0,0,0,0
1788885446.074457,1247,pg_catalog,pg_type,0,0,19,19,0,0,0,0,0
1788885446.074457,2602,pg_catalog,pg_amop,0,0,12,25,0,0,0,0,0
1788885446.074457,3439,pg_toast,pg_toast_3381,0,0,0,0,0,0,0,0,0
1788885446.074457,2846,pg_toast,pg_toast_2396,0,0,0,0,0,0,0,0,0
1788885446.074457,1985555,public,zip_code,0,0,0,0,0,0,0,0,0
1788885446.074457,1985478,pg_toast,pg_toast_1985460,0,0,0,0,0,0,0,0,0
1788885446.074457,4145,pg_toast,pg_toast_3466,0,0,0,0,0,0,0,0,0
1788885446.074457,3541,pg_catalog,pg_range,0,0,0,0,0,0,0,0,0
1788885446.074457,3602,pg_catalog,pg_ts_config,0,0,0,0,0,0,0,0,0
1788885446.074457,1985333,pg_toast,pg_toast_1985325,0,0,0,0,0,0,0,0,0
1788885446.074457,4183,pg_toast,pg_toast_6100,0,0,0,0,0,0,0,0,0
1788885446.074457,1985496,public,news_item,0,0,0,0,0,0,0,0,0
1788885446.074457,2224,pg_catalog,pg_sequence,0,0,0,0,0,0,0,0,0
1788885446.074457,2611,pg_catalog,pg_inherits,0,0,0,0,0,0,0,0,0
1788885446.074457,1417,pg_catalog,pg_foreign_server,0,0,0,0,0,0,0,0,0
1788885446.074457,1262,pg_catalog,pg_database,0,0,0,0,0,0,0,0,0
1788885446.074457,13492,pg_toast,pg_toast_13489,0,0,0,0,0,0,0,0,0
1788885446.074457,3501,pg_catalog,pg_enum,0,0,0,0,0,0,0,0,0
1788885446.074457,2607,pg_catalog,pg_conversion,0,0,0,0,0,0,0,0,0
1788885446.074457,1985449,pg_toast,pg_toast_1985440,0,0,0,0,0,0,0,0,0
1788885446.074457,826,pg_catalog,pg_default_acl,0,0,0,0,0,0,0,0,0
1788885446.074457,2604,pg_catalog,pg_attrdef,0,0,0,0,0,0,0,0,0
1788885446.074457,2336,pg_toast,pg_toast_2620,0,0,0,0,0,0,0,0,0
1788885446.074457,2603,pg_catalog,pg_amproc,0,0,5,11,0,0,0,0,0
1788885446.074457,2606,pg_catalog,pg_constraint,0,0,3,8,0,0,0,0,0
1788885446.074457,1255,pg_catalog,pg_proc,0,0,19,24,0,0,0,0,0
1788885446.074457,4173,pg_toast,pg_toast_1418,0,0,0,0,0,0,0,0,0
1788885446.074457,1985285,public,customer_taxrate,0,0,0,0,0,0,0,0,0
1788885446.074457,2620,pg_catalog,pg_trigger,0,0,0,0,0,0,0,0,0
1788885446.074457,1985256,public,account_permission,0,0,0,0,0,0,0,0,0
1788885446.074457,1985507,public,news_xref,0,0,0,0,0,0,0,0,0
1788885446.074457,1985480,public,industry,0,0,0,0,0,0,0,0,0
1788885446.074457,2612,pg_catalog,pg_language,0,0,0,0,0,0,0,0,0
1788885446.074457,4149,pg_toast,pg_toast_2328,0,0,0,0,0,0,0,0,0
1788885446.074457,6351,pg_toast,pg_toast_2610,0,0,0,0,0,0,0,0,0
1788885446.074457,13489,information_schema,sql_sizing,0,0,,,0,0,0,0,0
1788885446.074457,1985494,pg_toast,pg_toast_1985486,0,0,0,0,0,0,0,0,0
1788885446.074457,3598,pg_toast,pg_toast_3596,0,0,0,0,0,0,0,0,0
1788885446.074457,2836,pg_toast,pg_toast_1255,0,0,0,0,0,0,0,0,0
1788885446.074457,3456,pg_catalog,pg_collation,0,0,0,0,0,0,0,0,0
1788885446.074457,3079,pg_catalog,pg_extension,0,0,0,0,0,0,0,0,0
1788885446.074457,6100,pg_catalog,pg_subscription,0,0,0,0,0,0,0,0,0
1788885446.074457,2832,pg_toast,pg_toast_2606,0,0,0,0,0,0,0,0,0
1788885446.074457,3256,pg_catalog,pg_policy,0,0,0,0,0,0,0,0,0
1788885446.074457,1985302,public,holding_history,0,0,0,0,0,0,0,0,0
1788885446.074457,1985517,public,security,0,0,0,0,0,0,0,0,0
1788885446.074457,3466,pg_catalog,pg_event_trigger,0,0,0,0,0,0,0,0,0
1788885446.074457,3592,pg_catalog,pg_shseclabel,0,0,0,0,0,0,0,0,0
1788885446.074457,3764,pg_catalog,pg_ts_template,0,0,0,0,0,0,0,0,0
1788885446.074457,6237,pg_catalog,pg_publication_namespace,0,0,0,0,0,0,0,0,0
1788885446.074457,13487,pg_toast,pg_toast_13484,0,0,0,0,0,0,0,0,0
1788885446.074457,2995,pg_catalog,pg_largeobject_metadata,0,0,0,0,0,0,0,0,0
1788885446.074457,1985275,public,customer_account,0,0,0,0,0,0,0,0,0
1788885446.074457,4143,pg_toast,pg_toast_826,0,0,0,0,0,0,0,0,0
1788885446.074457,4185,pg_toast,pg_toast_1213,0,0,0,0,0,0,0,0,0
1788885446.074457,6243,pg_catalog,pg_parameter_acl,0,0,0,0,0,0,0,0,0
1788885446.074457,2616,pg_catalog,pg_opclass,0,0,8,134,0,0,0,0,0
1788885446.074457,1985290,public,holding,0,0,0,0,0,0,0,0,0
1788885446.074457,2838,pg_toast,pg_toast_2618,0,0,1,3,0,0,0,0,0
1788885446.074457,6228,pg_toast,pg_toast_6106,0,0,0,0,0,0,0,0,0
1788885446.074457,1985349,pg_toast,pg_toast_1985343,0,0,0,0,0,0,0,0,0
1788885446.074457,1985434,public,company_competitor,0,0,0,0,0,0,0,0,0
1788885446.074457,1985370,pg_toast,pg_toast_1985363,0,0,0,0,0,0,0,0,0
1788885446.074457,1985505,pg_toast,pg_toast_1985496,0,0,0,0,0,0,0,0,0
1788885446.074457,1985264,public,customer,0,0,0,0,0,0,0,0,0
1788885446.074457,3118,pg_catalog,pg_foreign_table,0,0,0,0,0,0,0,0,0
1788885446.074457,1259,pg_catalog,pg_class,1,523,12,12,0,0,0,0,0
1788885446.074457,3350,pg_catalog,pg_partitioned_table,0,0,0,0,0,0,0,0,0
1788885446.074457,4153,pg_toast,pg_toast_3118,0,0,0,0,0,0,0,0,0
1788885446.074457,4060,pg_toast,pg_toast_3592,0,0,0,0,0,0,0,0,0
1788885446.074457,1985543,public,status_type,0,0,0,0,0,0,0,0,0
1788885446.074457,4165,pg_toast,pg_toast_3350,0,0,0,0,0,0,0,0,0
1788885446.074457,1985402,public,trade_request,0,0,0,0,0,0,0,0,0
1788885446.074457,2753,pg_catalog,pg_opfamily,0,0,2,2,0,0,0,0,0
1788885446.074457,3601,pg_catalog,pg_ts_parser,0,0,0,0,0,0,0,0,0
1788885446.074457,6104,pg_catalog,pg_publication,0,0,0,0,0,0,0,0,0
1788885446.074457,13477,pg_toast,pg_toast_13474,0,0,0,0,0,0,0,0,0
1788885446.074457,3429,pg_catalog,pg_statistic_ext_data,0,0,0,0,0,0,0,0,0
1788885446.074457,2619,pg_catalog,pg_statistic,0,0,17,8,0,0,0,0,0
1788885446.074457,4155,pg_toast,pg_toast_3394,0,0,0,0,0,0,0,0,0
1788885446.074457,1985548,public,taxrate,0,0,0,0,0,0,0,0,0
1788885446.074457,3381,pg_catalog,pg_statistic_ext,0,0,3,0,0,0,0,0,0
1788885446.074457,6106,pg_catalog,pg_publication_rel,0,0,0,0,0,0,0,0,0
1788885446.074457,1985372,public,trade,0,0,0,0,0,0,0,0,0
1788885446.074457,2605,pg_catalog,pg_cast,0,0,34,7,0,0,0,0,0
1788885446.074457,4171,pg_toast,pg_toast_1247,0,0,0,0,0,0,0,0,0
1788885446.074457,2830,pg_toast,pg_toast_2604,0,0,0,0,0,0,0,0,0
1788885446.074457,1985309,public,holding_summary,0,0,0,0,0,0,0,0,0
1788885446.074457,1985413,pg_toast,pg_toast_1985402,0,0,0,0,0,0,0,0,0
1788885446.074457,13479,information_schema,sql_implementation_info,0,0,,,0,0,0,0,0
1788885446.074457,1985341,pg_toast,pg_toast_1985335,0,0,0,0,0,0,0,0,0
1788885446.074457,6244,pg_toast,pg_toast_6243,0,0,0,0,0,0,0,0,0
1788885446.074457,1985315,public,watch_item,0,0,0,0,0,0,0,0,0
1788885446.074457,3430,pg_toast,pg_toast_3429,0,0,0,0,0,0,0,0,0
1788885446.074457,1985320,public,watch_list,0,0,0,0,0,0,0,0,0
