ctime,pid,gss_authenticated,principal,encrypted,credentials_delegated
1789181323.245568,757989,f,,f,f
1789181323.245568,757991,f,,f,f
1789181323.245568,757976,f,,f,f
1789181323.245568,757990,f,,f,f
1789181323.245568,757972,f,,f,f
1789181323.245568,757988,f,,f,f
1789181383.331732,759759,f,,f,f
1789181383.331732,758042,f,,f,f
1789181383.331732,758819,f,,f,f
1789181383.331732,758037,f,,f,f
1789181383.331732,758080,f,,f,f
1789181383.331732,758032,f,,f,f
1789181383.331732,758116,f,,f,f
1789181383.331732,758896,f,,f,f
1789181383.331732,759775,f,,f,f
1789181383.331732,758174,f,,f,f
1789181383.331732,759250,f,,f,f
1789181383.331732,758051,f,,f,f
1789181383.331732,758204,f,,f,f
1789181383.331732,758314,f,,f,f
1789181383.331732,758149,f,,f,f
1789181383.331732,758052,f,,f,f
1789181383.331732,759763,f,,f,f
1789181383.331732,759171,f,,f,f
1789181383.331732,758046,f,,f,f
1789181383.331732,759755,f,,f,f
1789181383.331732,758372,f,,f,f
1789181383.331732,759770,f,,f,f
1789181383.331732,758050,f,,f,f
1789181383.331732,758653,f,,f,f
1789181383.331732,758971,f,,f,f
1789181383.331732,759773,f,,f,f
1789181383.331732,759739,f,,f,f
1789181383.331732,759771,f,,f,f
1789181383.331732,758091,f,,f,f
1789181383.331732,758048,f,,f,f
1789181383.331732,758038,f,,f,f
1789181383.331732,758260,f,,f,f
1789181383.331732,759754,f,,f,f
1789181383.331732,758040,f,,f,f
1789181383.331732,758043,f,,f,f
1789181383.331732,758039,f,,f,f
1789181383.331732,758434,f,,f,f
1789181383.331732,758044,f,,f,f
1789181383.331732,759752,f,,f,f
1789181383.331732,759749,f,,f,f
1789181383.331732,759774,f,,f,f
1789181383.331732,759605,f,,f,f
1789181383.331732,759060,f,,f,f
1789181383.331732,758075,f,,f,f
1789181383.331732,759675,f,,f,f
1789181383.331732,758736,f,,f,f
1789181383.331732,759532,f,,f,f
1789181383.331732,758045,f,,f,f
1789181383.331732,758041,f,,f,f
1789181383.331732,759331,f,,f,f
1789181383.331732,759434,f,,f,f
1789181383.331732,758572,f,,f,f
1789181383.331732,759766,f,,f,f
1789181383.331732,758047,f,,f,f
1789181383.331732,758049,f,,f,f
1789181383.331732,759761,f,,f,f
1789181383.331732,759772,f,,f,f
1789181383.331732,759740,f,,f,f
1789181383.331732,758512,f,,f,f
1789181383.331732,759757,f,,f,f
1789181443.489091,758042,f,,f,f
1789181443.489091,758819,f,,f,f
1789181443.489091,759812,f,,f,f
1789181443.489091,758037,f,,f,f
1789181443.489091,762539,f,,f,f
1789181443.489091,758080,f,,f,f
1789181443.489091,758032,f,,f,f
1789181443.489091,758116,f,,f,f
1789181443.489091,758896,f,,f,f
1789181443.489091,759869,f,,f,f
1789181443.489091,762550,f,,f,f
1789181443.489091,758174,f,,f,f
1789181443.489091,762537,f,,f,f
1789181443.489091,759250,f,,f,f
1789181443.489091,762530,f,,f,f
1789181443.489091,758051,f,,f,f
1789181443.489091,758204,f,,f,f
1789181443.489091,758314,f,,f,f
1789181443.489091,758149,f,,f,f
1789181443.489091,758052,f,,f,f
1789181443.489091,759171,f,,f,f
1789181443.489091,758046,f,,f,f
1789181443.489091,762536,f,,f,f
1789181443.489091,758372,f,,f,f
1789181443.489091,762557,f,,f,f
1789181443.489091,762544,f,,f,f
1789181443.489091,758050,f,,f,f
1789181443.489091,762549,f,,f,f
1789181443.489091,758653,f,,f,f
1789181443.489091,758971,f,,f,f
1789181443.489091,762518,f,,f,f
1789181443.489091,762535,f,,f,f
1789181443.489091,758091,f,,f,f
1789181443.489091,758048,f,,f,f
1789181443.489091,762551,f,,f,f
1789181443.489091,758038,f,,f,f
1789181443.489091,758260,f,,f,f
1789181443.489091,758040,f,,f,f
1789181443.489091,762510,f,,f,f
1789181443.489091,762546,f,,f,f
1789181443.489091,762559,f,,f,f
1789181443.489091,758043,f,,f,f
1789181443.489091,758039,f,,f,f
1789181443.489091,758434,f,,f,f
1789181443.489091,762532,f,,f,f
1789181443.489091,758044,f,,f,f
1789181443.489091,759605,f,,f,f
1789181443.489091,762558,f,,f,f
1789181443.489091,762513,f,,f,f
1789181443.489091,762526,f,,f,f
1789181443.489091,759060,f,,f,f
1789181443.489091,762561,f,,f,f
1789181443.489091,758075,f,,f,f
1789181443.489091,762552,f,,f,f
1789181443.489091,762548,f,,f,f
1789181443.489091,759675,f,,f,f
1789181443.489091,758736,f,,f,f
1789181443.489091,759532,f,,f,f
1789181443.489091,762554,f,,f,f
1789181443.489091,758045,f,,f,f
1789181443.489091,758041,f,,f,f
1789181443.489091,759331,f,,f,f
1789181443.489091,759434,f,,f,f
1789181443.489091,758572,f,,f,f
1789181443.489091,762553,f,,f,f
1789181443.489091,758047,f,,f,f
1789181443.489091,762547,f,,f,f
1789181443.489091,758049,f,,f,f
1789181443.489091,762545,f,,f,f
1789181443.489091,758512,f,,f,f
1789181443.489091,762529,f,,f,f
1789181443.489091,762538,f,,f,f
1789181503.557288,758042,f,,f,f
1789181503.557288,758819,f,,f,f
1789181503.557288,759812,f,,f,f
1789181503.557288,758037,f,,f,f
1789181503.557288,765279,f,,f,f
1789181503.557288,758080,f,,f,f
1789181503.557288,758032,f,,f,f
1789181503.557288,758116,f,,f,f
1789181503.557288,758896,f,,f,f
1789181503.557288,759869,f,,f,f
1789181503.557288,758174,f,,f,f
1789181503.557288,765237,f,,f,f
1789181503.557288,759250,f,,f,f
1789181503.557288,758051,f,,f,f
1789181503.557288,758204,f,,f,f
1789181503.557288,758314,f,,f,f
1789181503.557288,758149,f,,f,f
1789181503.557288,758052,f,,f,f
1789181503.557288,765259,f,,f,f
1789181503.557288,759171,f,,f,f
1789181503.557288,758046,f,,f,f
1789181503.557288,758372,f,,f,f
1789181503.557288,765278,f,,f,f
1789181503.557288,765260,f,,f,f
1789181503.557288,765257,f,,f,f
1789181503.557288,765261,f,,f,f
1789181503.557288,758050,f,,f,f
1789181503.557288,765268,f,,f,f
1789181503.557288,765250,f,,f,f
1789181503.557288,758653,f,,f,f
1789181503.557288,758971,f,,f,f
1789181503.557288,765273,f,,f,f
1789181503.557288,765239,f,,f,f
1789181503.557288,765276,f,,f,f
1789181503.557288,758091,f,,f,f
1789181503.557288,758048,f,,f,f
1789181503.557288,765242,f,,f,f
1789181503.557288,758038,f,,f,f
1789181503.557288,758260,f,,f,f
1789181503.557288,765254,f,,f,f
1789181503.557288,758040,f,,f,f
1789181503.557288,765252,f,,f,f
1789181503.557288,765272,f,,f,f
1789181503.557288,765275,f,,f,f
1789181503.557288,758043,f,,f,f
1789181503.557288,758039,f,,f,f
1789181503.557288,758434,f,,f,f
1789181503.557288,758044,f,,f,f
1789181503.557288,765280,f,,f,f
1789181503.557288,765277,f,,f,f
1789181503.557288,765266,f,,f,f
1789181503.557288,759605,f,,f,f
1789181503.557288,765262,f,,f,f
1789181503.557288,765264,f,,f,f
1789181503.557288,759060,f,,f,f
1789181503.557288,765234,f,,f,f
1789181503.557288,765253,f,,f,f
1789181503.557288,758075,f,,f,f
1789181503.557288,759675,f,,f,f
1789181503.557288,765255,f,,f,f
1789181503.557288,758736,f,,f,f
1789181503.557288,759532,f,,f,f
1789181503.557288,758045,f,,f,f
1789181503.557288,758041,f,,f,f
1789181503.557288,759331,f,,f,f
1789181503.557288,759434,f,,f,f
1789181503.557288,758572,f,,f,f
1789181503.557288,758047,f,,f,f
1789181503.557288,765238,f,,f,f
1789181503.557288,758049,f,,f,f
1789181503.557288,765269,f,,f,f
1789181503.557288,765265,f,,f,f
1789181503.557288,765271,f,,f,f
1789181503.557288,765263,f,,f,f
1789181503.557288,765256,f,,f,f
1789181503.557288,765258,f,,f,f
1789181503.557288,758512,f,,f,f
1789181503.557288,765251,f,,f,f
1789181503.557288,765274,f,,f,f
1789181503.557288,765270,f,,f,f
1789181563.668044,758042,f,,f,f
1789181563.668044,758819,f,,f,f
1789181563.668044,759812,f,,f,f
1789181563.668044,758037,f,,f,f
1789181563.668044,758080,f,,f,f
1789181563.668044,758032,f,,f,f
1789181563.668044,768356,f,,f,f
1789181563.668044,768362,f,,f,f
1789181563.668044,758116,f,,f,f
1789181563.668044,758896,f,,f,f
1789181563.668044,759869,f,,f,f
1789181563.668044,768346,f,,f,f
1789181563.668044,758174,f,,f,f
1789181563.668044,768354,f,,f,f
1789181563.668044,768367,f,,f,f
1789181563.668044,768355,f,,f,f
1789181563.668044,759250,f,,f,f
1789181563.668044,758051,f,,f,f
1789181563.668044,758204,f,,f,f
1789181563.668044,758314,f,,f,f
1789181563.668044,758149,f,,f,f
1789181563.668044,758052,f,,f,f
1789181563.668044,768370,f,,f,f
1789181563.668044,759171,f,,f,f
1789181563.668044,758046,f,,f,f
1789181563.668044,768379,f,,f,f
1789181563.668044,758372,f,,f,f
1789181563.668044,768349,f,,f,f
1789181563.668044,768369,f,,f,f
1789181563.668044,758050,f,,f,f
1789181563.668044,768368,f,,f,f
1789181563.668044,758653,f,,f,f
1789181563.668044,758971,f,,f,f
1789181563.668044,768353,f,,f,f
1789181563.668044,758091,f,,f,f
1789181563.668044,758048,f,,f,f
1789181563.668044,758038,f,,f,f
1789181563.668044,768345,f,,f,f
1789181563.668044,758260,f,,f,f
1789181563.668044,758040,f,,f,f
1789181563.668044,768380,f,,f,f
1789181563.668044,768358,f,,f,f
1789181563.668044,758043,f,,f,f
1789181563.668044,758039,f,,f,f
1789181563.668044,758434,f,,f,f
1789181563.668044,758044,f,,f,f
1789181563.668044,768366,f,,f,f
1789181563.668044,768352,f,,f,f
1789181563.668044,759605,f,,f,f
1789181563.668044,768371,f,,f,f
1789181563.668044,768360,f,,f,f
1789181563.668044,768351,f,,f,f
1789181563.668044,759060,f,,f,f
1789181563.668044,758075,f,,f,f
1789181563.668044,768361,f,,f,f
1789181563.668044,759675,f,,f,f
1789181563.668044,758736,f,,f,f
1789181563.668044,759532,f,,f,f
1789181563.668044,768372,f,,f,f
1789181563.668044,758045,f,,f,f
1789181563.668044,768363,f,,f,f
1789181563.668044,758041,f,,f,f
1789181563.668044,759331,f,,f,f
1789181563.668044,768365,f,,f,f
1789181563.668044,759434,f,,f,f
1789181563.668044,758572,f,,f,f
1789181563.668044,768373,f,,f,f
1789181563.668044,768364,f,,f,f
1789181563.668044,758047,f,,f,f
1789181563.668044,768350,f,,f,f
1789181563.668044,758049,f,,f,f
1789181563.668044,768347,f,,f,f
1789181563.668044,758512,f,,f,f
1789181563.668044,768359,f,,f,f
1789181563.668044,768348,f,,f,f
1789181563.668044,768357,f,,f,f
1789181623.806735,771078,f,,f,f
1789181623.806735,758042,f,,f,f
1789181623.806735,758819,f,,f,f
1789181623.806735,759812,f,,f,f
1789181623.806735,758037,f,,f,f
1789181623.806735,758080,f,,f,f
1789181623.806735,758032,f,,f,f
1789181623.806735,758116,f,,f,f
1789181623.806735,758896,f,,f,f
1789181623.806735,759869,f,,f,f
1789181623.806735,758174,f,,f,f
1789181623.806735,771068,f,,f,f
1789181623.806735,771058,f,,f,f
1789181623.806735,759250,f,,f,f
1789181623.806735,758051,f,,f,f
1789181623.806735,771044,f,,f,f
1789181623.806735,758204,f,,f,f
1789181623.806735,758314,f,,f,f
1789181623.806735,758149,f,,f,f
1789181623.806735,758052,f,,f,f
1789181623.806735,771048,f,,f,f
1789181623.806735,759171,f,,f,f
1789181623.806735,758046,f,,f,f
1789181623.806735,758372,f,,f,f
1789181623.806735,771051,f,,f,f
1789181623.806735,771056,f,,f,f
1789181623.806735,771074,f,,f,f
1789181623.806735,771054,f,,f,f
1789181623.806735,771076,f,,f,f
1789181623.806735,758050,f,,f,f
1789181623.806735,771045,f,,f,f
1789181623.806735,758653,f,,f,f
1789181623.806735,758971,f,,f,f
1789181623.806735,771061,f,,f,f
1789181623.806735,758091,f,,f,f
1789181623.806735,758048,f,,f,f
1789181623.806735,771070,f,,f,f
1789181623.806735,758038,f,,f,f
1789181623.806735,758260,f,,f,f
1789181623.806735,758040,f,,f,f
1789181623.806735,771057,f,,f,f
1789181623.806735,771059,f,,f,f
1789181623.806735,771064,f,,f,f
1789181623.806735,771049,f,,f,f
1789181623.806735,758043,f,,f,f
1789181623.806735,758039,f,,f,f
1789181623.806735,758434,f,,f,f
1789181623.806735,771062,f,,f,f
1789181623.806735,758044,f,,f,f
1789181623.806735,771055,f,,f,f
1789181623.806735,771046,f,,f,f
1789181623.806735,759605,f,,f,f
1789181623.806735,771060,f,,f,f
1789181623.806735,771047,f,,f,f
1789181623.806735,771073,f,,f,f
1789181623.806735,759060,f,,f,f
1789181623.806735,771065,f,,f,f
1789181623.806735,758075,f,,f,f
1789181623.806735,771052,f,,f,f
1789181623.806735,771071,f,,f,f
1789181623.806735,759675,f,,f,f
1789181623.806735,758736,f,,f,f
1789181623.806735,759532,f,,f,f
1789181623.806735,771080,f,,f,f
1789181623.806735,771063,f,,f,f
1789181623.806735,758045,f,,f,f
1789181623.806735,758041,f,,f,f
1789181623.806735,759331,f,,f,f
1789181623.806735,759434,f,,f,f
1789181623.806735,758572,f,,f,f
1789181623.806735,771050,f,,f,f
1789181623.806735,758047,f,,f,f
1789181623.806735,771079,f,,f,f
1789181623.806735,758049,f,,f,f
1789181623.806735,771081,f,,f,f
1789181623.806735,771067,f,,f,f
1789181623.806735,758512,f,,f,f
1789181623.806735,771069,f,,f,f
1789181623.806735,771066,f,,f,f
1789181623.806735,771053,f,,f,f
1789181683.906784,758042,f,,f,f
1789181683.906784,758819,f,,f,f
1789181683.906784,774749,f,,f,f
1789181683.906784,759812,f,,f,f
1789181683.906784,758037,f,,f,f
1789181683.906784,758080,f,,f,f
1789181683.906784,758032,f,,f,f
1789181683.906784,774732,f,,f,f
1789181683.906784,774734,f,,f,f
1789181683.906784,758116,f,,f,f
1789181683.906784,758896,f,,f,f
1789181683.906784,759869,f,,f,f
1789181683.906784,774731,f,,f,f
1789181683.906784,758174,f,,f,f
1789181683.906784,759250,f,,f,f
1789181683.906784,758051,f,,f,f
1789181683.906784,758204,f,,f,f
1789181683.906784,758314,f,,f,f
1789181683.906784,758149,f,,f,f
1789181683.906784,774742,f,,f,f
1789181683.906784,758052,f,,f,f
1789181683.906784,759171,f,,f,f
1789181683.906784,758046,f,,f,f
1789181683.906784,758372,f,,f,f
1789181683.906784,774736,f,,f,f
1789181683.906784,774737,f,,f,f
1789181683.906784,774720,f,,f,f
1789181683.906784,774753,f,,f,f
1789181683.906784,774743,f,,f,f
1789181683.906784,758050,f,,f,f
1789181683.906784,774744,f,,f,f
1789181683.906784,774729,f,,f,f
1789181683.906784,774745,f,,f,f
1789181683.906784,758653,f,,f,f
1789181683.906784,758971,f,,f,f
1789181683.906784,774754,f,,f,f
1789181683.906784,758091,f,,f,f
1789181683.906784,758048,f,,f,f
1789181683.906784,758038,f,,f,f
1789181683.906784,758260,f,,f,f
1789181683.906784,758040,f,,f,f
1789181683.906784,774750,f,,f,f
1789181683.906784,758043,f,,f,f
1789181683.906784,758039,f,,f,f
1789181683.906784,758434,f,,f,f
1789181683.906784,758044,f,,f,f
1789181683.906784,759605,f,,f,f
1789181683.906784,759060,f,,f,f
1789181683.906784,758075,f,,f,f
1789181683.906784,759675,f,,f,f
1789181683.906784,758736,f,,f,f
1789181683.906784,759532,f,,f,f
1789181683.906784,758045,f,,f,f
1789181683.906784,758041,f,,f,f
1789181683.906784,774741,f,,f,f
1789181683.906784,759331,f,,f,f
1789181683.906784,759434,f,,f,f
1789181683.906784,758572,f,,f,f
1789181683.906784,774728,f,,f,f
1789181683.906784,774752,f,,f,f
1789181683.906784,774751,f,,f,f
1789181683.906784,758047,f,,f,f
1789181683.906784,774738,f,,f,f
1789181683.906784,758049,f,,f,f
1789181683.906784,774735,f,,f,f
1789181683.906784,774730,f,,f,f
1789181683.906784,774739,f,,f,f
1789181683.906784,774740,f,,f,f
1789181683.906784,758512,f,,f,f
1789181744.009193,758042,f,,f,f
1789181744.009193,758819,f,,f,f
1789181744.009193,759812,f,,f,f
1789181744.009193,758037,f,,f,f
1789181744.009193,758080,f,,f,f
1789181744.009193,758032,f,,f,f
1789181744.009193,758116,f,,f,f
1789181744.009193,758896,f,,f,f
1789181744.009193,759869,f,,f,f
1789181744.009193,758174,f,,f,f
1789181744.009193,777385,f,,f,f
1789181744.009193,759250,f,,f,f
1789181744.009193,758051,f,,f,f
1789181744.009193,758204,f,,f,f
1789181744.009193,758314,f,,f,f
1789181744.009193,758149,f,,f,f
1789181744.009193,777374,f,,f,f
1789181744.009193,758052,f,,f,f
1789181744.009193,777376,f,,f,f
1789181744.009193,759171,f,,f,f
1789181744.009193,758046,f,,f,f
1789181744.009193,758372,f,,f,f
1789181744.009193,777378,f,,f,f
1789181744.009193,777383,f,,f,f
1789181744.009193,758050,f,,f,f
1789181744.009193,777384,f,,f,f
1789181744.009193,777373,f,,f,f
1789181744.009193,758653,f,,f,f
1789181744.009193,758971,f,,f,f
1789181744.009193,758091,f,,f,f
1789181744.009193,758048,f,,f,f
1789181744.009193,777379,f,,f,f
1789181744.009193,758038,f,,f,f
1789181744.009193,758260,f,,f,f
1789181744.009193,758040,f,,f,f
1789181744.009193,758043,f,,f,f
1789181744.009193,758039,f,,f,f
1789181744.009193,758434,f,,f,f
1789181744.009193,758044,f,,f,f
1789181744.009193,777380,f,,f,f
1789181744.009193,777388,f,,f,f
1789181744.009193,759605,f,,f,f
1789181744.009193,759060,f,,f,f
1789181744.009193,777387,f,,f,f
1789181744.009193,758075,f,,f,f
1789181744.009193,759675,f,,f,f
1789181744.009193,777386,f,,f,f
1789181744.009193,758736,f,,f,f
1789181744.009193,759532,f,,f,f
1789181744.009193,758045,f,,f,f
1789181744.009193,758041,f,,f,f
1789181744.009193,759331,f,,f,f
1789181744.009193,759434,f,,f,f
1789181744.009193,758572,f,,f,f
1789181744.009193,758047,f,,f,f
1789181744.009193,758049,f,,f,f
1789181744.009193,777382,f,,f,f
1789181744.009193,777381,f,,f,f
1789181744.009193,758512,f,,f,f
1789181744.009193,777377,f,,f,f
1789181744.009193,777390,f,,f,f
1789181803.170951,758042,f,,f,f
1789181803.170951,781065,f,,f,f
1789181803.170951,758819,f,,f,f
1789181803.170951,759812,f,,f,f
1789181803.170951,758037,f,,f,f
1789181803.170951,781082,f,,f,f
1789181803.170951,758080,f,,f,f
1789181803.170951,758032,f,,f,f
1789181803.170951,758116,f,,f,f
1789181803.170951,758896,f,,f,f
1789181803.170951,759869,f,,f,f
1789181803.170951,781074,f,,f,f
1789181803.170951,781083,f,,f,f
1789181803.170951,758174,f,,f,f
1789181803.170951,781063,f,,f,f
1789181803.170951,759250,f,,f,f
1789181803.170951,758051,f,,f,f
1789181803.170951,758204,f,,f,f
1789181803.170951,758314,f,,f,f
1789181803.170951,758149,f,,f,f
1789181803.170951,781079,f,,f,f
1789181803.170951,781076,f,,f,f
1789181803.170951,758052,f,,f,f
1789181803.170951,759171,f,,f,f
1789181803.170951,758046,f,,f,f
1789181803.170951,758372,f,,f,f
1789181803.170951,781057,f,,f,f
1789181803.170951,758050,f,,f,f
1789181803.170951,758653,f,,f,f
1789181803.170951,758971,f,,f,f
1789181803.170951,781060,f,,f,f
1789181803.170951,758091,f,,f,f
1789181803.170951,758048,f,,f,f
1789181803.170951,758038,f,,f,f
1789181803.170951,758260,f,,f,f
1789181803.170951,758040,f,,f,f
1789181803.170951,781080,f,,f,f
1789181803.170951,781084,f,,f,f
1789181803.170951,758043,f,,f,f
1789181803.170951,758039,f,,f,f
1789181803.170951,758434,f,,f,f
1789181803.170951,758044,f,,f,f
1789181803.170951,759605,f,,f,f
1789181803.170951,781077,f,,f,f
1789181803.170951,781072,f,,f,f
1789181803.170951,781078,f,,f,f
1789181803.170951,759060,f,,f,f
1789181803.170951,758075,f,,f,f
1789181803.170951,759675,f,,f,f
1789181803.170951,758736,f,,f,f
1789181803.170951,759532,f,,f,f
1789181803.170951,758045,f,,f,f
1789181803.170951,758041,f,,f,f
1789181803.170951,759331,f,,f,f
1789181803.170951,759434,f,,f,f
1789181803.170951,758572,f,,f,f
1789181803.170951,758047,f,,f,f
1789181803.170951,758049,f,,f,f
1789181803.170951,758512,f,,f,f
1789181863.255037,758042,f,,f,f
1789181863.255037,758819,f,,f,f
1789181863.255037,759812,f,,f,f
1789181863.255037,758037,f,,f,f
1789181863.255037,758080,f,,f,f
1789181863.255037,758032,f,,f,f
1789181863.255037,758116,f,,f,f
1789181863.255037,783799,f,,f,f
1789181863.255037,758896,f,,f,f
1789181863.255037,759869,f,,f,f
1789181863.255037,783798,f,,f,f
1789181863.255037,758174,f,,f,f
1789181863.255037,783794,f,,f,f
1789181863.255037,759250,f,,f,f
1789181863.255037,758051,f,,f,f
1789181863.255037,758204,f,,f,f
1789181863.255037,758314,f,,f,f
1789181863.255037,758149,f,,f,f
1789181863.255037,783807,f,,f,f
1789181863.255037,758052,f,,f,f
1789181863.255037,759171,f,,f,f
1789181863.255037,758046,f,,f,f
1789181863.255037,783778,f,,f,f
1789181863.255037,783802,f,,f,f
1789181863.255037,758372,f,,f,f
1789181863.255037,783786,f,,f,f
1789181863.255037,783791,f,,f,f
1789181863.255037,783787,f,,f,f
1789181863.255037,758050,f,,f,f
1789181863.255037,783776,f,,f,f
1789181863.255037,783782,f,,f,f
1789181863.255037,758653,f,,f,f
1789181863.255037,758971,f,,f,f
1789181863.255037,783797,f,,f,f
1789181863.255037,758091,f,,f,f
1789181863.255037,758048,f,,f,f
1789181863.255037,783780,f,,f,f
1789181863.255037,783801,f,,f,f
1789181863.255037,783806,f,,f,f
1789181863.255037,758038,f,,f,f
1789181863.255037,758260,f,,f,f
1789181863.255037,758040,f,,f,f
1789181863.255037,783811,f,,f,f
1789181863.255037,783779,f,,f,f
1789181863.255037,758043,f,,f,f
1789181863.255037,758039,f,,f,f
1789181863.255037,758434,f,,f,f
1789181863.255037,758044,f,,f,f
1789181863.255037,783785,f,,f,f
1789181863.255037,783781,f,,f,f
1789181863.255037,783775,f,,f,f
1789181863.255037,759605,f,,f,f
1789181863.255037,759060,f,,f,f
1789181863.255037,758075,f,,f,f
1789181863.255037,759675,f,,f,f
1789181863.255037,758736,f,,f,f
1789181863.255037,759532,f,,f,f
1789181863.255037,758045,f,,f,f
1789181863.255037,758041,f,,f,f
1789181863.255037,759331,f,,f,f
1789181863.255037,759434,f,,f,f
1789181863.255037,758572,f,,f,f
1789181863.255037,783790,f,,f,f
1789181863.255037,758047,f,,f,f
1789181863.255037,783805,f,,f,f
1789181863.255037,783788,f,,f,f
1789181863.255037,758049,f,,f,f
1789181863.255037,783789,f,,f,f
1789181863.255037,783796,f,,f,f
1789181863.255037,783784,f,,f,f
1789181863.255037,758512,f,,f,f
1789181863.255037,783795,f,,f,f
1789181863.255037,783800,f,,f,f
1789181863.255037,783793,f,,f,f
1789181863.255037,783783,f,,f,f
1789181923.344454,758042,f,,f,f
1789181923.344454,758819,f,,f,f
1789181923.344454,787630,f,,f,f
1789181923.344454,759812,f,,f,f
1789181923.344454,758037,f,,f,f
1789181923.344454,758080,f,,f,f
1789181923.344454,758032,f,,f,f
1789181923.344454,758116,f,,f,f
1789181923.344454,758896,f,,f,f
1789181923.344454,787620,f,,f,f
1789181923.344454,787628,f,,f,f
1789181923.344454,787612,f,,f,f
1789181923.344454,759869,f,,f,f
1789181923.344454,758174,f,,f,f
1789181923.344454,787625,f,,f,f
1789181923.344454,759250,f,,f,f
1789181923.344454,758051,f,,f,f
1789181923.344454,758204,f,,f,f
1789181923.344454,787622,f,,f,f
1789181923.344454,758314,f,,f,f
1789181923.344454,758149,f,,f,f
1789181923.344454,758052,f,,f,f
1789181923.344454,787629,f,,f,f
1789181923.344454,759171,f,,f,f
1789181923.344454,758046,f,,f,f
1789181923.344454,787614,f,,f,f
1789181923.344454,758372,f,,f,f
1789181923.344454,787604,f,,f,f
1789181923.344454,787605,f,,f,f
1789181923.344454,787636,f,,f,f
1789181923.344454,787608,f,,f,f
1789181923.344454,758050,f,,f,f
1789181923.344454,787615,f,,f,f
1789181923.344454,787618,f,,f,f
1789181923.344454,787639,f,,f,f
1789181923.344454,758653,f,,f,f
1789181923.344454,758971,f,,f,f
1789181923.344454,787626,f,,f,f
1789181923.344454,758091,f,,f,f
1789181923.344454,758048,f,,f,f
1789181923.344454,758038,f,,f,f
1789181923.344454,758260,f,,f,f
1789181923.344454,758040,f,,f,f
1789181923.344454,758043,f,,f,f
1789181923.344454,758039,f,,f,f
1789181923.344454,758434,f,,f,f
1789181923.344454,758044,f,,f,f
1789181923.344454,787635,f,,f,f
1789181923.344454,787634,f,,f,f
1789181923.344454,787623,f,,f,f
1789181923.344454,787601,f,,f,f
1789181923.344454,759605,f,,f,f
1789181923.344454,787610,f,,f,f
1789181923.344454,787607,f,,f,f
1789181923.344454,759060,f,,f,f
1789181923.344454,758075,f,,f,f
1789181923.344454,759675,f,,f,f
1789181923.344454,758736,f,,f,f
1789181923.344454,787609,f,,f,f
1789181923.344454,759532,f,,f,f
1789181923.344454,758045,f,,f,f
1789181923.344454,787621,f,,f,f
1789181923.344454,758041,f,,f,f
1789181923.344454,759331,f,,f,f
1789181923.344454,759434,f,,f,f
1789181923.344454,787637,f,,f,f
1789181923.344454,758572,f,,f,f
1789181923.344454,787602,f,,f,f
1789181923.344454,758047,f,,f,f
1789181923.344454,787638,f,,f,f
1789181923.344454,758049,f,,f,f
1789181923.344454,787616,f,,f,f
1789181923.344454,787624,f,,f,f
1789181923.344454,758512,f,,f,f
1789181923.344454,787632,f,,f,f
1789181923.344454,787603,f,,f,f
1789181983.457345,758042,f,,f,f
1789181983.457345,758819,f,,f,f
1789181983.457345,759812,f,,f,f
1789181983.457345,758037,f,,f,f
1789181983.457345,758080,f,,f,f
1789181983.457345,758032,f,,f,f
1789181983.457345,758116,f,,f,f
1789181983.457345,758896,f,,f,f
1789181983.457345,759869,f,,f,f
1789181983.457345,758174,f,,f,f
1789181983.457345,759250,f,,f,f
1789181983.457345,758051,f,,f,f
1789181983.457345,758204,f,,f,f
1789181983.457345,758314,f,,f,f
1789181983.457345,758149,f,,f,f
1789181983.457345,790575,f,,f,f
1789181983.457345,758052,f,,f,f
1789181983.457345,759171,f,,f,f
1789181983.457345,758046,f,,f,f
1789181983.457345,758372,f,,f,f
1789181983.457345,758050,f,,f,f
1789181983.457345,790572,f,,f,f
1789181983.457345,790570,f,,f,f
1789181983.457345,758653,f,,f,f
1789181983.457345,758971,f,,f,f
1789181983.457345,790573,f,,f,f
1789181983.457345,790576,f,,f,f
1789181983.457345,758091,f,,f,f
1789181983.457345,758048,f,,f,f
1789181983.457345,790563,f,,f,f
1789181983.457345,790579,f,,f,f
1789181983.457345,758038,f,,f,f
1789181983.457345,758260,f,,f,f
1789181983.457345,758040,f,,f,f
1789181983.457345,790577,f,,f,f
1789181983.457345,758043,f,,f,f
1789181983.457345,758039,f,,f,f
1789181983.457345,758434,f,,f,f
1789181983.457345,790564,f,,f,f
1789181983.457345,758044,f,,f,f
1789181983.457345,759605,f,,f,f
1789181983.457345,790567,f,,f,f
1789181983.457345,790566,f,,f,f
1789181983.457345,759060,f,,f,f
1789181983.457345,758075,f,,f,f
1789181983.457345,790574,f,,f,f
1789181983.457345,759675,f,,f,f
1789181983.457345,758736,f,,f,f
1789181983.457345,759532,f,,f,f
1789181983.457345,790580,f,,f,f
1789181983.457345,758045,f,,f,f
1789181983.457345,758041,f,,f,f
1789181983.457345,759331,f,,f,f
1789181983.457345,759434,f,,f,f
1789181983.457345,758572,f,,f,f
1789181983.457345,758047,f,,f,f
1789181983.457345,790560,f,,f,f
1789181983.457345,758049,f,,f,f
1789181983.457345,758512,f,,f,f
1789181983.457345,790581,f,,f,f
1789181983.457345,790562,f,,f,f
1789182043.587245,794054,f,,f,f
1789182043.587245,758042,f,,f,f
1789182043.587245,758819,f,,f,f
1789182043.587245,759812,f,,f,f
1789182043.587245,758037,f,,f,f
1789182043.587245,758080,f,,f,f
1789182043.587245,758032,f,,f,f
1789182043.587245,758116,f,,f,f
1789182043.587245,758896,f,,f,f
1789182043.587245,759869,f,,f,f
1789182043.587245,758174,f,,f,f
1789182043.587245,794023,f,,f,f
1789182043.587245,794039,f,,f,f
1789182043.587245,794055,f,,f,f
1789182043.587245,759250,f,,f,f
1789182043.587245,758051,f,,f,f
1789182043.587245,794038,f,,f,f
1789182043.587245,758204,f,,f,f
1789182043.587245,794030,f,,f,f
1789182043.587245,758314,f,,f,f
1789182043.587245,758149,f,,f,f
1789182043.587245,758052,f,,f,f
1789182043.587245,759171,f,,f,f
1789182043.587245,758046,f,,f,f
1789182043.587245,794044,f,,f,f
1789182043.587245,758372,f,,f,f
1789182043.587245,758050,f,,f,f
1789182043.587245,794053,f,,f,f
1789182043.587245,758653,f,,f,f
1789182043.587245,758971,f,,f,f
1789182043.587245,794026,f,,f,f
1789182043.587245,758091,f,,f,f
1789182043.587245,758048,f,,f,f
1789182043.587245,758038,f,,f,f
1789182043.587245,794048,f,,f,f
1789182043.587245,758260,f,,f,f
1789182043.587245,758040,f,,f,f
1789182043.587245,794052,f,,f,f
1789182043.587245,794050,f,,f,f
1789182043.587245,758043,f,,f,f
1789182043.587245,758039,f,,f,f
1789182043.587245,758434,f,,f,f
1789182043.587245,758044,f,,f,f
1789182043.587245,759605,f,,f,f
1789182043.587245,759060,f,,f,f
1789182043.587245,758075,f,,f,f
1789182043.587245,759675,f,,f,f
1789182043.587245,758736,f,,f,f
1789182043.587245,759532,f,,f,f
1789182043.587245,758045,f,,f,f
1789182043.587245,758041,f,,f,f
1789182043.587245,759331,f,,f,f
1789182043.587245,794057,f,,f,f
1789182043.587245,759434,f,,f,f
1789182043.587245,758572,f,,f,f
1789182043.587245,758047,f,,f,f
1789182043.587245,794051,f,,f,f
1789182043.587245,758049,f,,f,f
1789182043.587245,758512,f,,f,f
1789182103.691486,758042,f,,f,f
1789182103.691486,758819,f,,f,f
1789182103.691486,797189,f,,f,f
1789182103.691486,759812,f,,f,f
1789182103.691486,758037,f,,f,f
1789182103.691486,797201,f,,f,f
1789182103.691486,758080,f,,f,f
1789182103.691486,758032,f,,f,f
1789182103.691486,758116,f,,f,f
1789182103.691486,758896,f,,f,f
1789182103.691486,797182,f,,f,f
1789182103.691486,759869,f,,f,f
1789182103.691486,758174,f,,f,f
1789182103.691486,797185,f,,f,f
1789182103.691486,797191,f,,f,f
1789182103.691486,759250,f,,f,f
1789182103.691486,758051,f,,f,f
1789182103.691486,758204,f,,f,f
1789182103.691486,758314,f,,f,f
1789182103.691486,758149,f,,f,f
1789182103.691486,758052,f,,f,f
1789182103.691486,759171,f,,f,f
1789182103.691486,758046,f,,f,f
1789182103.691486,797194,f,,f,f
1789182103.691486,797190,f,,f,f
1789182103.691486,758372,f,,f,f
1789182103.691486,797197,f,,f,f
1789182103.691486,758050,f,,f,f
1789182103.691486,758653,f,,f,f
1789182103.691486,758971,f,,f,f
1789182103.691486,758091,f,,f,f
1789182103.691486,758048,f,,f,f
1789182103.691486,797188,f,,f,f
1789182103.691486,758038,f,,f,f
1789182103.691486,758260,f,,f,f
1789182103.691486,758040,f,,f,f
1789182103.691486,758043,f,,f,f
1789182103.691486,758039,f,,f,f
1789182103.691486,758434,f,,f,f
1789182103.691486,758044,f,,f,f
1789182103.691486,797187,f,,f,f
1789182103.691486,759605,f,,f,f
1789182103.691486,797184,f,,f,f
1789182103.691486,797202,f,,f,f
1789182103.691486,759060,f,,f,f
1789182103.691486,758075,f,,f,f
1789182103.691486,797186,f,,f,f
1789182103.691486,797193,f,,f,f
1789182103.691486,759675,f,,f,f
1789182103.691486,797198,f,,f,f
1789182103.691486,758736,f,,f,f
1789182103.691486,759532,f,,f,f
1789182103.691486,758045,f,,f,f
1789182103.691486,758041,f,,f,f
1789182103.691486,759331,f,,f,f
1789182103.691486,759434,f,,f,f
1789182103.691486,797195,f,,f,f
1789182103.691486,758572,f,,f,f
1789182103.691486,797180,f,,f,f
1789182103.691486,758047,f,,f,f
1789182103.691486,758049,f,,f,f
1789182103.691486,797200,f,,f,f
1789182103.691486,797176,f,,f,f
1789182103.691486,797175,f,,f,f
1789182103.691486,797199,f,,f,f
1789182103.691486,758512,f,,f,f
1789182103.691486,797174,f,,f,f
1789182103.691486,797183,f,,f,f
1789182163.859826,758042,f,,f,f
1789182163.859826,758819,f,,f,f
1789182163.859826,759812,f,,f,f
1789182163.859826,758037,f,,f,f
1789182163.859826,758080,f,,f,f
1789182163.859826,758032,f,,f,f
1789182163.859826,758116,f,,f,f
1789182163.859826,758896,f,,f,f
1789182163.859826,759869,f,,f,f
1789182163.859826,758174,f,,f,f
1789182163.859826,759250,f,,f,f
1789182163.859826,758051,f,,f,f
1789182163.859826,758204,f,,f,f
1789182163.859826,758314,f,,f,f
1789182163.859826,758149,f,,f,f
1789182163.859826,758052,f,,f,f
1789182163.859826,759171,f,,f,f
1789182163.859826,758046,f,,f,f
1789182163.859826,758372,f,,f,f
1789182163.859826,800513,f,,f,f
1789182163.859826,758050,f,,f,f
1789182163.859826,800521,f,,f,f
1789182163.859826,758653,f,,f,f
1789182163.859826,758971,f,,f,f
1789182163.859826,758091,f,,f,f
1789182163.859826,758048,f,,f,f
1789182163.859826,758038,f,,f,f
1789182163.859826,758260,f,,f,f
1789182163.859826,758040,f,,f,f
1789182163.859826,800512,f,,f,f
1789182163.859826,800517,f,,f,f
1789182163.859826,800504,f,,f,f
1789182163.859826,758043,f,,f,f
1789182163.859826,758039,f,,f,f
1789182163.859826,758434,f,,f,f
1789182163.859826,758044,f,,f,f
1789182163.859826,800505,f,,f,f
1789182163.859826,800524,f,,f,f
1789182163.859826,800516,f,,f,f
1789182163.859826,759605,f,,f,f
1789182163.859826,800518,f,,f,f
1789182163.859826,759060,f,,f,f
1789182163.859826,758075,f,,f,f
1789182163.859826,759675,f,,f,f
1789182163.859826,758736,f,,f,f
1789182163.859826,800520,f,,f,f
1789182163.859826,759532,f,,f,f
1789182163.859826,758045,f,,f,f
1789182163.859826,758041,f,,f,f
1789182163.859826,759331,f,,f,f
1789182163.859826,759434,f,,f,f
1789182163.859826,758572,f,,f,f
1789182163.859826,758047,f,,f,f
1789182163.859826,758049,f,,f,f
1789182163.859826,758512,f,,f,f
1789182163.859826,800519,f,,f,f
1789182224.028044,758042,f,,f,f
1789182224.028044,758819,f,,f,f
1789182224.028044,759812,f,,f,f
1789182224.028044,758037,f,,f,f
1789182224.028044,803863,f,,f,f
1789182224.028044,758080,f,,f,f
1789182224.028044,758032,f,,f,f
1789182224.028044,803857,f,,f,f
1789182224.028044,758116,f,,f,f
1789182224.028044,758896,f,,f,f
1789182224.028044,803874,f,,f,f
1789182224.028044,759869,f,,f,f
1789182224.028044,758174,f,,f,f
1789182224.028044,803865,f,,f,f
1789182224.028044,803884,f,,f,f
1789182224.028044,803869,f,,f,f
1789182224.028044,759250,f,,f,f
1789182224.028044,758051,f,,f,f
1789182224.028044,758204,f,,f,f
1789182224.028044,758314,f,,f,f
1789182224.028044,758149,f,,f,f
1789182224.028044,758052,f,,f,f
1789182224.028044,803868,f,,f,f
1789182224.028044,803854,f,,f,f
1789182224.028044,803889,f,,f,f
1789182224.028044,803881,f,,f,f
1789182224.028044,759171,f,,f,f
1789182224.028044,758046,f,,f,f
1789182224.028044,758372,f,,f,f
1789182224.028044,803877,f,,f,f
1789182224.028044,758050,f,,f,f
1789182224.028044,803873,f,,f,f
1789182224.028044,758653,f,,f,f
1789182224.028044,758971,f,,f,f
1789182224.028044,803886,f,,f,f
1789182224.028044,758091,f,,f,f
1789182224.028044,758048,f,,f,f
1789182224.028044,758038,f,,f,f
1789182224.028044,758260,f,,f,f
1789182224.028044,758040,f,,f,f
1789182224.028044,803872,f,,f,f
1789182224.028044,803875,f,,f,f
1789182224.028044,803858,f,,f,f
1789182224.028044,758043,f,,f,f
1789182224.028044,803864,f,,f,f
1789182224.028044,758039,f,,f,f
1789182224.028044,758434,f,,f,f
1789182224.028044,803859,f,,f,f
1789182224.028044,758044,f,,f,f
1789182224.028044,803882,f,,f,f
1789182224.028044,803867,f,,f,f
1789182224.028044,759605,f,,f,f
1789182224.028044,803879,f,,f,f
1789182224.028044,759060,f,,f,f
1789182224.028044,758075,f,,f,f
1789182224.028044,759675,f,,f,f
1789182224.028044,758736,f,,f,f
1789182224.028044,803885,f,,f,f
1789182224.028044,803862,f,,f,f
1789182224.028044,759532,f,,f,f
1789182224.028044,758045,f,,f,f
1789182224.028044,758041,f,,f,f
1789182224.028044,759331,f,,f,f
1789182224.028044,759434,f,,f,f
1789182224.028044,803878,f,,f,f
1789182224.028044,758572,f,,f,f
1789182224.028044,803880,f,,f,f
1789182224.028044,803870,f,,f,f
1789182224.028044,758047,f,,f,f
1789182224.028044,803891,f,,f,f
1789182224.028044,758049,f,,f,f
1789182224.028044,803866,f,,f,f
1789182224.028044,803883,f,,f,f
1789182224.028044,803850,f,,f,f
1789182224.028044,758512,f,,f,f
1789182224.028044,803856,f,,f,f
1789182224.028044,803892,f,,f,f
1789182283.142143,758042,f,,f,f
1789182283.142143,758819,f,,f,f
1789182283.142143,759812,f,,f,f
1789182283.142143,758037,f,,f,f
1789182283.142143,758080,f,,f,f
1789182283.142143,758032,f,,f,f
1789182283.142143,758116,f,,f,f
1789182283.142143,807179,f,,f,f
1789182283.142143,807184,f,,f,f
1789182283.142143,758896,f,,f,f
1789182283.142143,807190,f,,f,f
1789182283.142143,759869,f,,f,f
1789182283.142143,758174,f,,f,f
1789182283.142143,759250,f,,f,f
1789182283.142143,758051,f,,f,f
1789182283.142143,807189,f,,f,f
1789182283.142143,758204,f,,f,f
1789182283.142143,758314,f,,f,f
1789182283.142143,758149,f,,f,f
1789182283.142143,758052,f,,f,f
1789182283.142143,759171,f,,f,f
1789182283.142143,758046,f,,f,f
1789182283.142143,807192,f,,f,f
1789182283.142143,807178,f,,f,f
1789182283.142143,758372,f,,f,f
1789182283.142143,807187,f,,f,f
1789182283.142143,807177,f,,f,f
1789182283.142143,807182,f,,f,f
1789182283.142143,807183,f,,f,f
1789182283.142143,807191,f,,f,f
1789182283.142143,758050,f,,f,f
1789182283.142143,758653,f,,f,f
1789182283.142143,758971,f,,f,f
1789182283.142143,758091,f,,f,f
1789182283.142143,758048,f,,f,f
1789182283.142143,758038,f,,f,f
1789182283.142143,758260,f,,f,f
1789182283.142143,758040,f,,f,f
1789182283.142143,758043,f,,f,f
1789182283.142143,758039,f,,f,f
1789182283.142143,758434,f,,f,f
1789182283.142143,807194,f,,f,f
1789182283.142143,758044,f,,f,f
1789182283.142143,807188,f,,f,f
1789182283.142143,759605,f,,f,f
1789182283.142143,807193,f,,f,f
1789182283.142143,759060,f,,f,f
1789182283.142143,758075,f,,f,f
1789182283.142143,759675,f,,f,f
1789182283.142143,758736,f,,f,f
1789182283.142143,759532,f,,f,f
1789182283.142143,758045,f,,f,f
1789182283.142143,758041,f,,f,f
1789182283.142143,759331,f,,f,f
1789182283.142143,759434,f,,f,f
1789182283.142143,807180,f,,f,f
1789182283.142143,758572,f,,f,f
1789182283.142143,807172,f,,f,f
1789182283.142143,758047,f,,f,f
1789182283.142143,758049,f,,f,f
1789182283.142143,807169,f,,f,f
1789182283.142143,807186,f,,f,f
1789182283.142143,807197,f,,f,f
1789182283.142143,758512,f,,f,f
1789182283.142143,807196,f,,f,f
1789182283.142143,807185,f,,f,f
1789182343.245734,758042,f,,f,f
1789182343.245734,758819,f,,f,f
1789182343.245734,759812,f,,f,f
1789182343.245734,758037,f,,f,f
1789182343.245734,758080,f,,f,f
1789182343.245734,758032,f,,f,f
1789182343.245734,758116,f,,f,f
1789182343.245734,758896,f,,f,f
1789182343.245734,759869,f,,f,f
1789182343.245734,810933,f,,f,f
1789182343.245734,810905,f,,f,f
1789182343.245734,810921,f,,f,f
1789182343.245734,758174,f,,f,f
1789182343.245734,759250,f,,f,f
1789182343.245734,758051,f,,f,f
1789182343.245734,758204,f,,f,f
1789182343.245734,758314,f,,f,f
1789182343.245734,758149,f,,f,f
1789182343.245734,758052,f,,f,f
1789182343.245734,759171,f,,f,f
1789182343.245734,758046,f,,f,f
1789182343.245734,758372,f,,f,f
1789182343.245734,810926,f,,f,f
1789182343.245734,758050,f,,f,f
1789182343.245734,810915,f,,f,f
1789182343.245734,810927,f,,f,f
1789182343.245734,758653,f,,f,f
1789182343.245734,758971,f,,f,f
1789182343.245734,758091,f,,f,f
1789182343.245734,758048,f,,f,f
1789182343.245734,810931,f,,f,f
1789182343.245734,758038,f,,f,f
1789182343.245734,810920,f,,f,f
1789182343.245734,758260,f,,f,f
1789182343.245734,758040,f,,f,f
1789182343.245734,810925,f,,f,f
1789182343.245734,810928,f,,f,f
1789182343.245734,810913,f,,f,f
1789182343.245734,810917,f,,f,f
1789182343.245734,758043,f,,f,f
1789182343.245734,758039,f,,f,f
1789182343.245734,758434,f,,f,f
1789182343.245734,758044,f,,f,f
1789182343.245734,810909,f,,f,f
1789182343.245734,810932,f,,f,f
1789182343.245734,759605,f,,f,f
1789182343.245734,759060,f,,f,f
1789182343.245734,810904,f,,f,f
1789182343.245734,758075,f,,f,f
1789182343.245734,810916,f,,f,f
1789182343.245734,759675,f,,f,f
1789182343.245734,758736,f,,f,f
1789182343.245734,810929,f,,f,f
1789182343.245734,759532,f,,f,f
1789182343.245734,758045,f,,f,f
1789182343.245734,758041,f,,f,f
1789182343.245734,759331,f,,f,f
1789182343.245734,759434,f,,f,f
1789182343.245734,758572,f,,f,f
1789182343.245734,810914,f,,f,f
1789182343.245734,758047,f,,f,f
1789182343.245734,810908,f,,f,f
1789182343.245734,810930,f,,f,f
1789182343.245734,758049,f,,f,f
1789182343.245734,810924,f,,f,f
1789182343.245734,810910,f,,f,f
1789182343.245734,810918,f,,f,f
1789182343.245734,758512,f,,f,f
1789182343.245734,810902,f,,f,f
1789182403.396324,813681,f,,f,f
1789182403.396324,758042,f,,f,f
1789182403.396324,758819,f,,f,f
1789182403.396324,759812,f,,f,f
1789182403.396324,758037,f,,f,f
1789182403.396324,758080,f,,f,f
1789182403.396324,758032,f,,f,f
1789182403.396324,758116,f,,f,f
1789182403.396324,758896,f,,f,f
1789182403.396324,759869,f,,f,f
1789182403.396324,758174,f,,f,f
1789182403.396324,813672,f,,f,f
1789182403.396324,813630,f,,f,f
1789182403.396324,759250,f,,f,f
1789182403.396324,758051,f,,f,f
1789182403.396324,813664,f,,f,f
1789182403.396324,758204,f,,f,f
1789182403.396324,758314,f,,f,f
1789182403.396324,758149,f,,f,f
1789182403.396324,813676,f,,f,f
1789182403.396324,813666,f,,f,f
1789182403.396324,758052,f,,f,f
1789182403.396324,813660,f,,f,f
1789182403.396324,759171,f,,f,f
1789182403.396324,758046,f,,f,f
1789182403.396324,758372,f,,f,f
1789182403.396324,813679,f,,f,f
1789182403.396324,758050,f,,f,f
1789182403.396324,813657,f,,f,f
1789182403.396324,813669,f,,f,f
1789182403.396324,813652,f,,f,f
1789182403.396324,758653,f,,f,f
1789182403.396324,758971,f,,f,f
1789182403.396324,813662,f,,f,f
1789182403.396324,758091,f,,f,f
1789182403.396324,758048,f,,f,f
1789182403.396324,813673,f,,f,f
1789182403.396324,813668,f,,f,f
1789182403.396324,758038,f,,f,f
1789182403.396324,758260,f,,f,f
1789182403.396324,758040,f,,f,f
1789182403.396324,813671,f,,f,f
1789182403.396324,758043,f,,f,f
1789182403.396324,758039,f,,f,f
1789182403.396324,758434,f,,f,f
1789182403.396324,758044,f,,f,f
1789182403.396324,813678,f,,f,f
1789182403.396324,759605,f,,f,f
1789182403.396324,759060,f,,f,f
1789182403.396324,758075,f,,f,f
1789182403.396324,813635,f,,f,f
1789182403.396324,813670,f,,f,f
1789182403.396324,759675,f,,f,f
1789182403.396324,758736,f,,f,f
1789182403.396324,759532,f,,f,f
1789182403.396324,758045,f,,f,f
1789182403.396324,758041,f,,f,f
1789182403.396324,813656,f,,f,f
1789182403.396324,759331,f,,f,f
1789182403.396324,759434,f,,f,f
1789182403.396324,758572,f,,f,f
1789182403.396324,758047,f,,f,f
1789182403.396324,813632,f,,f,f
1789182403.396324,813663,f,,f,f
1789182403.396324,758049,f,,f,f
1789182403.396324,813667,f,,f,f
1789182403.396324,813653,f,,f,f
1789182403.396324,758512,f,,f,f
1789182403.396324,813675,f,,f,f
1789182403.396324,813651,f,,f,f
1789182403.396324,813650,f,,f,f
1789182403.396324,813665,f,,f,f
1789182463.510299,758042,f,,f,f
1789182463.510299,758819,f,,f,f
1789182463.510299,759812,f,,f,f
1789182463.510299,758037,f,,f,f
1789182463.510299,758080,f,,f,f
1789182463.510299,758032,f,,f,f
1789182463.510299,758116,f,,f,f
1789182463.510299,758896,f,,f,f
1789182463.510299,759869,f,,f,f
1789182463.510299,758174,f,,f,f
1789182463.510299,817597,f,,f,f
1789182463.510299,817599,f,,f,f
1789182463.510299,817602,f,,f,f
1789182463.510299,759250,f,,f,f
1789182463.510299,758051,f,,f,f
1789182463.510299,758204,f,,f,f
1789182463.510299,758314,f,,f,f
1789182463.510299,758149,f,,f,f
1789182463.510299,758052,f,,f,f
1789182463.510299,817609,f,,f,f
1789182463.510299,817615,f,,f,f
1789182463.510299,759171,f,,f,f
1789182463.510299,758046,f,,f,f
1789182463.510299,758372,f,,f,f
1789182463.510299,758050,f,,f,f
1789182463.510299,817593,f,,f,f
1789182463.510299,758653,f,,f,f
1789182463.510299,758971,f,,f,f
1789182463.510299,817578,f,,f,f
1789182463.510299,758091,f,,f,f
1789182463.510299,758048,f,,f,f
1789182463.510299,817601,f,,f,f
1789182463.510299,758038,f,,f,f
1789182463.510299,758260,f,,f,f
1789182463.510299,758040,f,,f,f
1789182463.510299,817616,f,,f,f
1789182463.510299,817590,f,,f,f
1789182463.510299,817603,f,,f,f
1789182463.510299,758043,f,,f,f
1789182463.510299,758039,f,,f,f
1789182463.510299,758434,f,,f,f
1789182463.510299,758044,f,,f,f
1789182463.510299,817596,f,,f,f
1789182463.510299,817604,f,,f,f
1789182463.510299,759605,f,,f,f
1789182463.510299,759060,f,,f,f
1789182463.510299,758075,f,,f,f
1789182463.510299,817607,f,,f,f
1789182463.510299,759675,f,,f,f
1789182463.510299,758736,f,,f,f
1789182463.510299,759532,f,,f,f
1789182463.510299,817594,f,,f,f
1789182463.510299,758045,f,,f,f
1789182463.510299,817598,f,,f,f
1789182463.510299,758041,f,,f,f
1789182463.510299,759331,f,,f,f
1789182463.510299,817584,f,,f,f
1789182463.510299,759434,f,,f,f
1789182463.510299,817592,f,,f,f
1789182463.510299,758572,f,,f,f
1789182463.510299,817612,f,,f,f
1789182463.510299,758047,f,,f,f
1789182463.510299,817613,f,,f,f
1789182463.510299,817605,f,,f,f
1789182463.510299,758049,f,,f,f
1789182463.510299,817608,f,,f,f
1789182463.510299,758512,f,,f,f
1789182463.510299,817610,f,,f,f
1789182523.623871,758042,f,,f,f
1789182523.623871,758819,f,,f,f
1789182523.623871,759812,f,,f,f
1789182523.623871,758037,f,,f,f
1789182523.623871,820449,f,,f,f
1789182523.623871,758080,f,,f,f
1789182523.623871,758032,f,,f,f
1789182523.623871,758116,f,,f,f
1789182523.623871,758896,f,,f,f
1789182523.623871,759869,f,,f,f
1789182523.623871,820461,f,,f,f
1789182523.623871,758174,f,,f,f
1789182523.623871,820455,f,,f,f
1789182523.623871,820460,f,,f,f
1789182523.623871,759250,f,,f,f
1789182523.623871,758051,f,,f,f
1789182523.623871,758204,f,,f,f
1789182523.623871,758314,f,,f,f
1789182523.623871,758149,f,,f,f
1789182523.623871,758052,f,,f,f
1789182523.623871,820467,f,,f,f
1789182523.623871,820471,f,,f,f
1789182523.623871,759171,f,,f,f
1789182523.623871,820451,f,,f,f
1789182523.623871,820457,f,,f,f
1789182523.623871,758046,f,,f,f
1789182523.623871,820474,f,,f,f
1789182523.623871,758372,f,,f,f
1789182523.623871,820465,f,,f,f
1789182523.623871,820435,f,,f,f
1789182523.623871,820463,f,,f,f
1789182523.623871,820459,f,,f,f
1789182523.623871,758050,f,,f,f
1789182523.623871,758653,f,,f,f
1789182523.623871,758971,f,,f,f
1789182523.623871,820437,f,,f,f
1789182523.623871,820470,f,,f,f
1789182523.623871,758091,f,,f,f
1789182523.623871,758048,f,,f,f
1789182523.623871,820476,f,,f,f
1789182523.623871,820478,f,,f,f
1789182523.623871,758038,f,,f,f
1789182523.623871,758260,f,,f,f
1789182523.623871,758040,f,,f,f
1789182523.623871,820472,f,,f,f
1789182523.623871,820469,f,,f,f
1789182523.623871,758043,f,,f,f
1789182523.623871,758039,f,,f,f
1789182523.623871,758434,f,,f,f
1789182523.623871,758044,f,,f,f
1789182523.623871,820462,f,,f,f
1789182523.623871,759605,f,,f,f
1789182523.623871,820468,f,,f,f
1789182523.623871,759060,f,,f,f
1789182523.623871,758075,f,,f,f
1789182523.623871,820438,f,,f,f
1789182523.623871,759675,f,,f,f
1789182523.623871,758736,f,,f,f
1789182523.623871,759532,f,,f,f
1789182523.623871,758045,f,,f,f
1789182523.623871,758041,f,,f,f
1789182523.623871,759331,f,,f,f
1789182523.623871,759434,f,,f,f
1789182523.623871,758572,f,,f,f
1789182523.623871,758047,f,,f,f
1789182523.623871,758049,f,,f,f
1789182523.623871,820452,f,,f,f
1789182523.623871,820453,f,,f,f
1789182523.623871,758512,f,,f,f
1789182523.623871,820477,f,,f,f
1789182523.623871,820450,f,,f,f
1789182583.700022,758042,f,,f,f
1789182583.700022,758819,f,,f,f
1789182583.700022,759812,f,,f,f
1789182583.700022,758037,f,,f,f
1789182583.700022,824373,f,,f,f
1789182583.700022,758080,f,,f,f
1789182583.700022,758032,f,,f,f
1789182583.700022,758116,f,,f,f
1789182583.700022,824382,f,,f,f
1789182583.700022,758896,f,,f,f
1789182583.700022,759869,f,,f,f
1789182583.700022,824379,f,,f,f
1789182583.700022,758174,f,,f,f
1789182583.700022,759250,f,,f,f
1789182583.700022,758051,f,,f,f
1789182583.700022,758204,f,,f,f
1789182583.700022,758314,f,,f,f
1789182583.700022,758149,f,,f,f
1789182583.700022,824374,f,,f,f
1789182583.700022,758052,f,,f,f
1789182583.700022,824376,f,,f,f
1789182583.700022,759171,f,,f,f
1789182583.700022,758046,f,,f,f
1789182583.700022,758372,f,,f,f
1789182583.700022,824386,f,,f,f
1789182583.700022,824380,f,,f,f
1789182583.700022,758050,f,,f,f
1789182583.700022,824375,f,,f,f
1789182583.700022,758653,f,,f,f
1789182583.700022,758971,f,,f,f
1789182583.700022,758091,f,,f,f
1789182583.700022,758048,f,,f,f
1789182583.700022,824377,f,,f,f
1789182583.700022,824384,f,,f,f
1789182583.700022,758038,f,,f,f
1789182583.700022,758260,f,,f,f
1789182583.700022,758040,f,,f,f
1789182583.700022,824378,f,,f,f
1789182583.700022,758043,f,,f,f
1789182583.700022,758039,f,,f,f
1789182583.700022,824372,f,,f,f
1789182583.700022,758434,f,,f,f
1789182583.700022,758044,f,,f,f
1789182583.700022,824392,f,,f,f
1789182583.700022,824385,f,,f,f
1789182583.700022,759605,f,,f,f
1789182583.700022,824390,f,,f,f
1789182583.700022,759060,f,,f,f
1789182583.700022,758075,f,,f,f
1789182583.700022,759675,f,,f,f
1789182583.700022,758736,f,,f,f
1789182583.700022,759532,f,,f,f
1789182583.700022,758045,f,,f,f
1789182583.700022,758041,f,,f,f
1789182583.700022,759331,f,,f,f
1789182583.700022,759434,f,,f,f
1789182583.700022,758572,f,,f,f
1789182583.700022,758047,f,,f,f
1789182583.700022,758049,f,,f,f
1789182583.700022,824381,f,,f,f
1789182583.700022,758512,f,,f,f
1789182583.700022,824387,f,,f,f
1789182583.700022,824391,f,,f,f
1789182583.700022,824383,f,,f,f
1789182643.810884,758042,f,,f,f
1789182643.810884,758819,f,,f,f
1789182643.810884,759812,f,,f,f
1789182643.810884,758037,f,,f,f
1789182643.810884,827351,f,,f,f
1789182643.810884,758080,f,,f,f
1789182643.810884,758032,f,,f,f
1789182643.810884,827357,f,,f,f
1789182643.810884,758116,f,,f,f
1789182643.810884,758896,f,,f,f
1789182643.810884,759869,f,,f,f
1789182643.810884,827333,f,,f,f
1789182643.810884,758174,f,,f,f
1789182643.810884,827349,f,,f,f
1789182643.810884,827359,f,,f,f
1789182643.810884,827353,f,,f,f
1789182643.810884,827350,f,,f,f
1789182643.810884,827342,f,,f,f
1789182643.810884,759250,f,,f,f
1789182643.810884,758051,f,,f,f
1789182643.810884,758204,f,,f,f
1789182643.810884,758314,f,,f,f
1789182643.810884,758149,f,,f,f
1789182643.810884,758052,f,,f,f
1789182643.810884,759171,f,,f,f
1789182643.810884,758046,f,,f,f
1789182643.810884,758372,f,,f,f
1789182643.810884,827339,f,,f,f
1789182643.810884,758050,f,,f,f
1789182643.810884,827340,f,,f,f
1789182643.810884,827367,f,,f,f
1789182643.810884,758653,f,,f,f
1789182643.810884,758971,f,,f,f
1789182643.810884,827331,f,,f,f
1789182643.810884,827348,f,,f,f
1789182643.810884,827347,f,,f,f
1789182643.810884,758091,f,,f,f
1789182643.810884,758048,f,,f,f
1789182643.810884,827341,f,,f,f
1789182643.810884,758038,f,,f,f
1789182643.810884,758260,f,,f,f
1789182643.810884,758040,f,,f,f
1789182643.810884,827361,f,,f,f
1789182643.810884,827330,f,,f,f
1789182643.810884,758043,f,,f,f
1789182643.810884,758039,f,,f,f
1789182643.810884,758434,f,,f,f
1789182643.810884,758044,f,,f,f
1789182643.810884,827352,f,,f,f
1789182643.810884,759605,f,,f,f
1789182643.810884,827362,f,,f,f
1789182643.810884,827356,f,,f,f
1789182643.810884,827354,f,,f,f
1789182643.810884,759060,f,,f,f
1789182643.810884,758075,f,,f,f
1789182643.810884,827344,f,,f,f
1789182643.810884,759675,f,,f,f
1789182643.810884,758736,f,,f,f
1789182643.810884,759532,f,,f,f
1789182643.810884,758045,f,,f,f
1789182643.810884,758041,f,,f,f
1789182643.810884,759331,f,,f,f
1789182643.810884,759434,f,,f,f
1789182643.810884,758572,f,,f,f
1789182643.810884,758047,f,,f,f
1789182643.810884,758049,f,,f,f
1789182643.810884,827366,f,,f,f
1789182643.810884,827328,f,,f,f
1789182643.810884,827345,f,,f,f
1789182643.810884,827346,f,,f,f
1789182643.810884,827338,f,,f,f
1789182643.810884,758512,f,,f,f
1789182643.810884,827358,f,,f,f
1789182703.917528,758042,f,,f,f
1789182703.917528,758819,f,,f,f
1789182703.917528,759812,f,,f,f
1789182703.917528,758037,f,,f,f
1789182703.917528,831319,f,,f,f
1789182703.917528,831302,f,,f,f
1789182703.917528,758080,f,,f,f
1789182703.917528,758032,f,,f,f
1789182703.917528,758116,f,,f,f
1789182703.917528,758896,f,,f,f
1789182703.917528,831312,f,,f,f
1789182703.917528,831308,f,,f,f
1789182703.917528,759869,f,,f,f
1789182703.917528,758174,f,,f,f
1789182703.917528,831311,f,,f,f
1789182703.917528,831287,f,,f,f
1789182703.917528,831296,f,,f,f
1789182703.917528,759250,f,,f,f
1789182703.917528,758051,f,,f,f
1789182703.917528,831299,f,,f,f
1789182703.917528,758204,f,,f,f
1789182703.917528,758314,f,,f,f
1789182703.917528,831286,f,,f,f
1789182703.917528,758149,f,,f,f
1789182703.917528,758052,f,,f,f
1789182703.917528,831314,f,,f,f
1789182703.917528,759171,f,,f,f
1789182703.917528,758046,f,,f,f
1789182703.917528,831315,f,,f,f
1789182703.917528,831305,f,,f,f
1789182703.917528,831289,f,,f,f
1789182703.917528,758372,f,,f,f
1789182703.917528,758050,f,,f,f
1789182703.917528,831297,f,,f,f
1789182703.917528,758653,f,,f,f
1789182703.917528,758971,f,,f,f
1789182703.917528,831295,f,,f,f
1789182703.917528,831275,f,,f,f
1789182703.917528,831316,f,,f,f
1789182703.917528,758091,f,,f,f
1789182703.917528,758048,f,,f,f
1789182703.917528,831292,f,,f,f
1789182703.917528,831291,f,,f,f
1789182703.917528,758038,f,,f,f
1789182703.917528,758260,f,,f,f
1789182703.917528,831301,f,,f,f
1789182703.917528,758040,f,,f,f
1789182703.917528,831294,f,,f,f
1789182703.917528,831318,f,,f,f
1789182703.917528,758043,f,,f,f
1789182703.917528,758039,f,,f,f
1789182703.917528,758434,f,,f,f
1789182703.917528,758044,f,,f,f
1789182703.917528,831307,f,,f,f
1789182703.917528,831300,f,,f,f
1789182703.917528,759605,f,,f,f
1789182703.917528,831284,f,,f,f
1789182703.917528,831317,f,,f,f
1789182703.917528,831310,f,,f,f
1789182703.917528,831283,f,,f,f
1789182703.917528,759060,f,,f,f
1789182703.917528,758075,f,,f,f
1789182703.917528,831285,f,,f,f
1789182703.917528,831288,f,,f,f
1789182703.917528,831309,f,,f,f
1789182703.917528,759675,f,,f,f
1789182703.917528,758736,f,,f,f
1789182703.917528,831306,f,,f,f
1789182703.917528,759532,f,,f,f
1789182703.917528,758045,f,,f,f
1789182703.917528,758041,f,,f,f
1789182703.917528,759331,f,,f,f
1789182703.917528,759434,f,,f,f
1789182703.917528,758572,f,,f,f
1789182703.917528,758047,f,,f,f
1789182703.917528,831290,f,,f,f
1789182703.917528,831274,f,,f,f
1789182703.917528,758049,f,,f,f
1789182703.917528,758512,f,,f,f
1789182703.917528,831320,f,,f,f
1789182703.917528,831304,f,,f,f
1789182764.027778,758042,f,,f,f
1789182764.027778,758819,f,,f,f
1789182764.027778,759812,f,,f,f
1789182764.027778,758037,f,,f,f
1789182764.027778,834421,f,,f,f
1789182764.027778,834415,f,,f,f
1789182764.027778,758080,f,,f,f
1789182764.027778,758032,f,,f,f
1789182764.027778,834405,f,,f,f
1789182764.027778,758116,f,,f,f
1789182764.027778,834418,f,,f,f
1789182764.027778,834419,f,,f,f
1789182764.027778,758896,f,,f,f
1789182764.027778,759869,f,,f,f
1789182764.027778,758174,f,,f,f
1789182764.027778,834413,f,,f,f
1789182764.027778,834402,f,,f,f
1789182764.027778,834403,f,,f,f
1789182764.027778,834396,f,,f,f
1789182764.027778,759250,f,,f,f
1789182764.027778,758051,f,,f,f
1789182764.027778,758204,f,,f,f
1789182764.027778,758314,f,,f,f
1789182764.027778,758149,f,,f,f
1789182764.027778,758052,f,,f,f
1789182764.027778,759171,f,,f,f
1789182764.027778,834425,f,,f,f
1789182764.027778,758046,f,,f,f
1789182764.027778,758372,f,,f,f
1789182764.027778,834401,f,,f,f
1789182764.027778,834409,f,,f,f
1789182764.027778,834424,f,,f,f
1789182764.027778,834412,f,,f,f
1789182764.027778,758050,f,,f,f
1789182764.027778,758653,f,,f,f
1789182764.027778,758971,f,,f,f
1789182764.027778,834423,f,,f,f
1789182764.027778,834411,f,,f,f
1789182764.027778,758091,f,,f,f
1789182764.027778,758048,f,,f,f
1789182764.027778,834397,f,,f,f
1789182764.027778,758038,f,,f,f
1789182764.027778,758260,f,,f,f
1789182764.027778,758040,f,,f,f
1789182764.027778,834428,f,,f,f
1789182764.027778,758043,f,,f,f
1789182764.027778,834408,f,,f,f
1789182764.027778,758039,f,,f,f
1789182764.027778,758434,f,,f,f
1789182764.027778,834399,f,,f,f
1789182764.027778,834417,f,,f,f
1789182764.027778,758044,f,,f,f
1789182764.027778,834406,f,,f,f
1789182764.027778,759605,f,,f,f
1789182764.027778,759060,f,,f,f
1789182764.027778,834414,f,,f,f
1789182764.027778,758075,f,,f,f
1789182764.027778,834429,f,,f,f
1789182764.027778,759675,f,,f,f
1789182764.027778,758736,f,,f,f
1789182764.027778,834398,f,,f,f
1789182764.027778,759532,f,,f,f
1789182764.027778,758045,f,,f,f
1789182764.027778,758041,f,,f,f
1789182764.027778,834427,f,,f,f
1789182764.027778,759331,f,,f,f
1789182764.027778,759434,f,,f,f
1789182764.027778,834404,f,,f,f
1789182764.027778,758572,f,,f,f
1789182764.027778,758047,f,,f,f
1789182764.027778,834420,f,,f,f
1789182764.027778,834410,f,,f,f
1789182764.027778,758049,f,,f,f
1789182764.027778,834430,f,,f,f
1789182764.027778,758512,f,,f,f
1789182764.027778,834426,f,,f,f
1789182823.100050,758042,f,,f,f
1789182823.100050,758819,f,,f,f
1789182823.100050,759812,f,,f,f
1789182823.100050,758037,f,,f,f
1789182823.100050,758080,f,,f,f
1789182823.100050,758032,f,,f,f
1789182823.100050,758116,f,,f,f
1789182823.100050,758896,f,,f,f
1789182823.100050,759869,f,,f,f
1789182823.100050,838022,f,,f,f
1789182823.100050,758174,f,,f,f
1789182823.100050,838023,f,,f,f
1789182823.100050,759250,f,,f,f
1789182823.100050,758051,f,,f,f
1789182823.100050,838019,f,,f,f
1789182823.100050,758204,f,,f,f
1789182823.100050,758314,f,,f,f
1789182823.100050,758149,f,,f,f
1789182823.100050,838027,f,,f,f
1789182823.100050,758052,f,,f,f
1789182823.100050,759171,f,,f,f
1789182823.100050,758046,f,,f,f
1789182823.100050,758372,f,,f,f
1789182823.100050,758050,f,,f,f
1789182823.100050,838028,f,,f,f
1789182823.100050,838021,f,,f,f
1789182823.100050,758653,f,,f,f
1789182823.100050,758971,f,,f,f
1789182823.100050,758091,f,,f,f
1789182823.100050,758048,f,,f,f
1789182823.100050,838026,f,,f,f
1789182823.100050,758038,f,,f,f
1789182823.100050,758260,f,,f,f
1789182823.100050,758040,f,,f,f
1789182823.100050,838018,f,,f,f
1789182823.100050,758043,f,,f,f
1789182823.100050,758039,f,,f,f
1789182823.100050,758434,f,,f,f
1789182823.100050,758044,f,,f,f
1789182823.100050,759605,f,,f,f
1789182823.100050,759060,f,,f,f
1789182823.100050,838024,f,,f,f
1789182823.100050,758075,f,,f,f
1789182823.100050,838029,f,,f,f
1789182823.100050,759675,f,,f,f
1789182823.100050,758736,f,,f,f
1789182823.100050,838016,f,,f,f
1789182823.100050,759532,f,,f,f
1789182823.100050,758045,f,,f,f
1789182823.100050,758041,f,,f,f
1789182823.100050,759331,f,,f,f
1789182823.100050,759434,f,,f,f
1789182823.100050,758572,f,,f,f
1789182823.100050,838025,f,,f,f
1789182823.100050,838017,f,,f,f
1789182823.100050,758047,f,,f,f
1789182823.100050,758049,f,,f,f
1789182823.100050,758512,f,,f,f
1789182883.209487,758042,f,,f,f
1789182883.209487,758819,f,,f,f
1789182883.209487,841292,f,,f,f
1789182883.209487,759812,f,,f,f
1789182883.209487,758037,f,,f,f
1789182883.209487,841287,f,,f,f
1789182883.209487,758080,f,,f,f
1789182883.209487,758032,f,,f,f
1789182883.209487,758116,f,,f,f
1789182883.209487,841283,f,,f,f
1789182883.209487,758896,f,,f,f
1789182883.209487,759869,f,,f,f
1789182883.209487,758174,f,,f,f
1789182883.209487,841303,f,,f,f
1789182883.209487,759250,f,,f,f
1789182883.209487,841308,f,,f,f
1789182883.209487,758051,f,,f,f
1789182883.209487,841314,f,,f,f
1789182883.209487,841312,f,,f,f
1789182883.209487,758204,f,,f,f
1789182883.209487,841282,f,,f,f
1789182883.209487,758314,f,,f,f
1789182883.209487,758149,f,,f,f
1789182883.209487,841299,f,,f,f
1789182883.209487,758052,f,,f,f
1789182883.209487,841296,f,,f,f
1789182883.209487,841293,f,,f,f
1789182883.209487,841302,f,,f,f
1789182883.209487,841307,f,,f,f
1789182883.209487,759171,f,,f,f
1789182883.209487,758046,f,,f,f
1789182883.209487,841309,f,,f,f
1789182883.209487,758372,f,,f,f
1789182883.209487,841285,f,,f,f
1789182883.209487,841311,f,,f,f
1789182883.209487,758050,f,,f,f
1789182883.209487,841284,f,,f,f
1789182883.209487,758653,f,,f,f
1789182883.209487,758971,f,,f,f
1789182883.209487,758091,f,,f,f
1789182883.209487,758048,f,,f,f
1789182883.209487,758038,f,,f,f
1789182883.209487,758260,f,,f,f
1789182883.209487,841291,f,,f,f
1789182883.209487,758040,f,,f,f
1789182883.209487,841290,f,,f,f
1789182883.209487,758043,f,,f,f
1789182883.209487,758039,f,,f,f
1789182883.209487,758434,f,,f,f
1789182883.209487,841294,f,,f,f
1789182883.209487,758044,f,,f,f
1789182883.209487,759605,f,,f,f
1789182883.209487,841306,f,,f,f
1789182883.209487,841310,f,,f,f
1789182883.209487,841298,f,,f,f
1789182883.209487,841300,f,,f,f
1789182883.209487,841297,f,,f,f
1789182883.209487,841295,f,,f,f
1789182883.209487,759060,f,,f,f
1789182883.209487,841286,f,,f,f
1789182883.209487,758075,f,,f,f
1789182883.209487,759675,f,,f,f
1789182883.209487,758736,f,,f,f
1789182883.209487,759532,f,,f,f
1789182883.209487,758045,f,,f,f
1789182883.209487,758041,f,,f,f
1789182883.209487,759331,f,,f,f
1789182883.209487,841313,f,,f,f
1789182883.209487,759434,f,,f,f
1789182883.209487,758572,f,,f,f
1789182883.209487,841280,f,,f,f
1789182883.209487,758047,f,,f,f
1789182883.209487,758049,f,,f,f
1789182883.209487,841304,f,,f,f
1789182883.209487,841288,f,,f,f
1789182883.209487,841281,f,,f,f
1789182883.209487,758512,f,,f,f
1789182883.209487,841289,f,,f,f
1789182883.209487,841279,f,,f,f
1789182943.325200,758042,f,,f,f
1789182943.325200,758819,f,,f,f
1789182943.325200,759812,f,,f,f
1789182943.325200,758037,f,,f,f
1789182943.325200,758080,f,,f,f
1789182943.325200,758032,f,,f,f
1789182943.325200,844494,f,,f,f
1789182943.325200,844493,f,,f,f
1789182943.325200,758116,f,,f,f
1789182943.325200,758896,f,,f,f
1789182943.325200,759869,f,,f,f
1789182943.325200,844500,f,,f,f
1789182943.325200,758174,f,,f,f
1789182943.325200,844501,f,,f,f
1789182943.325200,759250,f,,f,f
1789182943.325200,758051,f,,f,f
1789182943.325200,758204,f,,f,f
1789182943.325200,758314,f,,f,f
1789182943.325200,758149,f,,f,f
1789182943.325200,758052,f,,f,f
1789182943.325200,759171,f,,f,f
1789182943.325200,758046,f,,f,f
1789182943.325200,844517,f,,f,f
1789182943.325200,758372,f,,f,f
1789182943.325200,844502,f,,f,f
1789182943.325200,844514,f,,f,f
1789182943.325200,758050,f,,f,f
1789182943.325200,758653,f,,f,f
1789182943.325200,758971,f,,f,f
1789182943.325200,844513,f,,f,f
1789182943.325200,844510,f,,f,f
1789182943.325200,758091,f,,f,f
1789182943.325200,758048,f,,f,f
1789182943.325200,758038,f,,f,f
1789182943.325200,758260,f,,f,f
1789182943.325200,758040,f,,f,f
1789182943.325200,758043,f,,f,f
1789182943.325200,758039,f,,f,f
1789182943.325200,758434,f,,f,f
1789182943.325200,758044,f,,f,f
1789182943.325200,844518,f,,f,f
1789182943.325200,844506,f,,f,f
1789182943.325200,759605,f,,f,f
1789182943.325200,759060,f,,f,f
1789182943.325200,758075,f,,f,f
1789182943.325200,759675,f,,f,f
1789182943.325200,758736,f,,f,f
1789182943.325200,759532,f,,f,f
1789182943.325200,758045,f,,f,f
1789182943.325200,758041,f,,f,f
1789182943.325200,759331,f,,f,f
1789182943.325200,759434,f,,f,f
1789182943.325200,758572,f,,f,f
1789182943.325200,844504,f,,f,f
1789182943.325200,844491,f,,f,f
1789182943.325200,758047,f,,f,f
1789182943.325200,758049,f,,f,f
1789182943.325200,844519,f,,f,f
1789182943.325200,844520,f,,f,f
1789182943.325200,844512,f,,f,f
1789182943.325200,844497,f,,f,f
1789182943.325200,758512,f,,f,f
1789182943.325200,844499,f,,f,f
1789183003.396366,848054,f,,f,f
1789183003.396366,758042,f,,f,f
1789183003.396366,758819,f,,f,f
1789183003.396366,759812,f,,f,f
1789183003.396366,758037,f,,f,f
1789183003.396366,848071,f,,f,f
1789183003.396366,758080,f,,f,f
1789183003.396366,758032,f,,f,f
1789183003.396366,758116,f,,f,f
1789183003.396366,848067,f,,f,f
1789183003.396366,758896,f,,f,f
1789183003.396366,848068,f,,f,f
1789183003.396366,759869,f,,f,f
1789183003.396366,848060,f,,f,f
1789183003.396366,848051,f,,f,f
1789183003.396366,758174,f,,f,f
1789183003.396366,848065,f,,f,f
1789183003.396366,759250,f,,f,f
1789183003.396366,758051,f,,f,f
1789183003.396366,758204,f,,f,f
1789183003.396366,758314,f,,f,f
1789183003.396366,848059,f,,f,f
1789183003.396366,758149,f,,f,f
1789183003.396366,758052,f,,f,f
1789183003.396366,759171,f,,f,f
1789183003.396366,758046,f,,f,f
1789183003.396366,848078,f,,f,f
1789183003.396366,848055,f,,f,f
1789183003.396366,758372,f,,f,f
1789183003.396366,848080,f,,f,f
1789183003.396366,758050,f,,f,f
1789183003.396366,758653,f,,f,f
1789183003.396366,758971,f,,f,f
1789183003.396366,848058,f,,f,f
1789183003.396366,848064,f,,f,f
1789183003.396366,848041,f,,f,f
1789183003.396366,758091,f,,f,f
1789183003.396366,758048,f,,f,f
1789183003.396366,848052,f,,f,f
1789183003.396366,848073,f,,f,f
1789183003.396366,758038,f,,f,f
1789183003.396366,758260,f,,f,f
1789183003.396366,758040,f,,f,f
1789183003.396366,848069,f,,f,f
1789183003.396366,848043,f,,f,f
1789183003.396366,848045,f,,f,f
1789183003.396366,758043,f,,f,f
1789183003.396366,758039,f,,f,f
1789183003.396366,758434,f,,f,f
1789183003.396366,758044,f,,f,f
1789183003.396366,848050,f,,f,f
1789183003.396366,759605,f,,f,f
1789183003.396366,848076,f,,f,f
1789183003.396366,848047,f,,f,f
1789183003.396366,848075,f,,f,f
1789183003.396366,759060,f,,f,f
1789183003.396366,758075,f,,f,f
1789183003.396366,759675,f,,f,f
1789183003.396366,848063,f,,f,f
1789183003.396366,758736,f,,f,f
1789183003.396366,848072,f,,f,f
1789183003.396366,759532,f,,f,f
1789183003.396366,758045,f,,f,f
1789183003.396366,758041,f,,f,f
1789183003.396366,759331,f,,f,f
1789183003.396366,759434,f,,f,f
1789183003.396366,758572,f,,f,f
1789183003.396366,848053,f,,f,f
1789183003.396366,758047,f,,f,f
1789183003.396366,848056,f,,f,f
1789183003.396366,848049,f,,f,f
1789183003.396366,758049,f,,f,f
1789183003.396366,848079,f,,f,f
1789183003.396366,758512,f,,f,f
1789183003.396366,848062,f,,f,f
1789183003.396366,848074,f,,f,f
1789183063.494650,758042,f,,f,f
1789183063.494650,758819,f,,f,f
1789183063.494650,759812,f,,f,f
1789183063.494650,758037,f,,f,f
1789183063.494650,758080,f,,f,f
1789183063.494650,758032,f,,f,f
1789183063.494650,758116,f,,f,f
1789183063.494650,758896,f,,f,f
1789183063.494650,759869,f,,f,f
1789183063.494650,851157,f,,f,f
1789183063.494650,758174,f,,f,f
1789183063.494650,851169,f,,f,f
1789183063.494650,851145,f,,f,f
1789183063.494650,759250,f,,f,f
1789183063.494650,851142,f,,f,f
1789183063.494650,758051,f,,f,f
1789183063.494650,758204,f,,f,f
1789183063.494650,758314,f,,f,f
1789183063.494650,758149,f,,f,f
1789183063.494650,758052,f,,f,f
1789183063.494650,759171,f,,f,f
1789183063.494650,758046,f,,f,f
1789183063.494650,758372,f,,f,f
1789183063.494650,851164,f,,f,f
1789183063.494650,851172,f,,f,f
1789183063.494650,851168,f,,f,f
1789183063.494650,758050,f,,f,f
1789183063.494650,851163,f,,f,f
1789183063.494650,851173,f,,f,f
1789183063.494650,758653,f,,f,f
1789183063.494650,758971,f,,f,f
1789183063.494650,851152,f,,f,f
1789183063.494650,851149,f,,f,f
1789183063.494650,758091,f,,f,f
1789183063.494650,758048,f,,f,f
1789183063.494650,851156,f,,f,f
1789183063.494650,851174,f,,f,f
1789183063.494650,758038,f,,f,f
1789183063.494650,758260,f,,f,f
1789183063.494650,851171,f,,f,f
1789183063.494650,758040,f,,f,f
1789183063.494650,851170,f,,f,f
1789183063.494650,851176,f,,f,f
1789183063.494650,851165,f,,f,f
1789183063.494650,758043,f,,f,f
1789183063.494650,758039,f,,f,f
1789183063.494650,758434,f,,f,f
1789183063.494650,851155,f,,f,f
1789183063.494650,758044,f,,f,f
1789183063.494650,759605,f,,f,f
1789183063.494650,851175,f,,f,f
1789183063.494650,851154,f,,f,f
1789183063.494650,851153,f,,f,f
1789183063.494650,759060,f,,f,f
1789183063.494650,851158,f,,f,f
1789183063.494650,758075,f,,f,f
1789183063.494650,851160,f,,f,f
1789183063.494650,851162,f,,f,f
1789183063.494650,759675,f,,f,f
1789183063.494650,758736,f,,f,f
1789183063.494650,759532,f,,f,f
1789183063.494650,851159,f,,f,f
1789183063.494650,758045,f,,f,f
1789183063.494650,758041,f,,f,f
1789183063.494650,759331,f,,f,f
1789183063.494650,759434,f,,f,f
1789183063.494650,758572,f,,f,f
1789183063.494650,851161,f,,f,f
1789183063.494650,758047,f,,f,f
1789183063.494650,758049,f,,f,f
1789183063.494650,851178,f,,f,f
1789183063.494650,758512,f,,f,f
1789183063.494650,851166,f,,f,f
1789183063.494650,851143,f,,f,f
1789183123.578929,758042,f,,f,f
1789183123.578929,758819,f,,f,f
1789183123.578929,759812,f,,f,f
1789183123.578929,758037,f,,f,f
1789183123.578929,855023,f,,f,f
1789183123.578929,758080,f,,f,f
1789183123.578929,758032,f,,f,f
1789183123.578929,855033,f,,f,f
1789183123.578929,758116,f,,f,f
1789183123.578929,855016,f,,f,f
1789183123.578929,758896,f,,f,f
1789183123.578929,759869,f,,f,f
1789183123.578929,855035,f,,f,f
1789183123.578929,758174,f,,f,f
1789183123.578929,855031,f,,f,f
1789183123.578929,855040,f,,f,f
1789183123.578929,759250,f,,f,f
1789183123.578929,758051,f,,f,f
1789183123.578929,758204,f,,f,f
1789183123.578929,758314,f,,f,f
1789183123.578929,758149,f,,f,f
1789183123.578929,758052,f,,f,f
1789183123.578929,759171,f,,f,f
1789183123.578929,758046,f,,f,f
1789183123.578929,758372,f,,f,f
1789183123.578929,855017,f,,f,f
1789183123.578929,855042,f,,f,f
1789183123.578929,855021,f,,f,f
1789183123.578929,758050,f,,f,f
1789183123.578929,855022,f,,f,f
1789183123.578929,758653,f,,f,f
1789183123.578929,758971,f,,f,f
1789183123.578929,855014,f,,f,f
1789183123.578929,855018,f,,f,f
1789183123.578929,855020,f,,f,f
1789183123.578929,855036,f,,f,f
1789183123.578929,758091,f,,f,f
1789183123.578929,758048,f,,f,f
1789183123.578929,758038,f,,f,f
1789183123.578929,855043,f,,f,f
1789183123.578929,758260,f,,f,f
1789183123.578929,758040,f,,f,f
1789183123.578929,855015,f,,f,f
1789183123.578929,855032,f,,f,f
1789183123.578929,758043,f,,f,f
1789183123.578929,758039,f,,f,f
1789183123.578929,758434,f,,f,f
1789183123.578929,758044,f,,f,f
1789183123.578929,855019,f,,f,f
1789183123.578929,759605,f,,f,f
1789183123.578929,855034,f,,f,f
1789183123.578929,855041,f,,f,f
1789183123.578929,855026,f,,f,f
1789183123.578929,759060,f,,f,f
1789183123.578929,855012,f,,f,f
1789183123.578929,758075,f,,f,f
1789183123.578929,855038,f,,f,f
1789183123.578929,759675,f,,f,f
1789183123.578929,758736,f,,f,f
1789183123.578929,759532,f,,f,f
1789183123.578929,855045,f,,f,f
1789183123.578929,758045,f,,f,f
1789183123.578929,758041,f,,f,f
1789183123.578929,759331,f,,f,f
1789183123.578929,759434,f,,f,f
1789183123.578929,758572,f,,f,f
1789183123.578929,758047,f,,f,f
1789183123.578929,855024,f,,f,f
1789183123.578929,758049,f,,f,f
1789183123.578929,855030,f,,f,f
1789183123.578929,855010,f,,f,f
1789183123.578929,855013,f,,f,f
1789183123.578929,855011,f,,f,f
1789183123.578929,758512,f,,f,f
1789183123.578929,855028,f,,f,f
1789183123.578929,855025,f,,f,f
1789183123.578929,855046,f,,f,f
1789183123.578929,855027,f,,f,f
1789183123.578929,855037,f,,f,f
1789183183.669396,758042,f,,f,f
1789183183.669396,758819,f,,f,f
1789183183.669396,759812,f,,f,f
1789183183.669396,758037,f,,f,f
1789183183.669396,758080,f,,f,f
1789183183.669396,758032,f,,f,f
1789183183.669396,858050,f,,f,f
1789183183.669396,758116,f,,f,f
1789183183.669396,758896,f,,f,f
1789183183.669396,759869,f,,f,f
1789183183.669396,758174,f,,f,f
1789183183.669396,858048,f,,f,f
1789183183.669396,759250,f,,f,f
1789183183.669396,758051,f,,f,f
1789183183.669396,758204,f,,f,f
1789183183.669396,758314,f,,f,f
1789183183.669396,758149,f,,f,f
1789183183.669396,858062,f,,f,f
1789183183.669396,758052,f,,f,f
1789183183.669396,858056,f,,f,f
1789183183.669396,759171,f,,f,f
1789183183.669396,758046,f,,f,f
1789183183.669396,858052,f,,f,f
1789183183.669396,758372,f,,f,f
1789183183.669396,858043,f,,f,f
1789183183.669396,758050,f,,f,f
1789183183.669396,858046,f,,f,f
1789183183.669396,758653,f,,f,f
1789183183.669396,758971,f,,f,f
1789183183.669396,758091,f,,f,f
1789183183.669396,758048,f,,f,f
1789183183.669396,758038,f,,f,f
1789183183.669396,758260,f,,f,f
1789183183.669396,758040,f,,f,f
1789183183.669396,858058,f,,f,f
1789183183.669396,858045,f,,f,f
1789183183.669396,758043,f,,f,f
1789183183.669396,758039,f,,f,f
1789183183.669396,758434,f,,f,f
1789183183.669396,758044,f,,f,f
1789183183.669396,858047,f,,f,f
1789183183.669396,858054,f,,f,f
1789183183.669396,759605,f,,f,f
1789183183.669396,858055,f,,f,f
1789183183.669396,759060,f,,f,f
1789183183.669396,758075,f,,f,f
1789183183.669396,759675,f,,f,f
1789183183.669396,758736,f,,f,f
1789183183.669396,759532,f,,f,f
1789183183.669396,758045,f,,f,f
1789183183.669396,758041,f,,f,f
1789183183.669396,759331,f,,f,f
1789183183.669396,858061,f,,f,f
1789183183.669396,759434,f,,f,f
1789183183.669396,758572,f,,f,f
1789183183.669396,858051,f,,f,f
1789183183.669396,858060,f,,f,f
1789183183.669396,858053,f,,f,f
1789183183.669396,758047,f,,f,f
1789183183.669396,858049,f,,f,f
1789183183.669396,758049,f,,f,f
1789183183.669396,758512,f,,f,f
1789183243.758002,862070,f,,f,f
1789183243.758002,758042,f,,f,f
1789183243.758002,758819,f,,f,f
1789183243.758002,759812,f,,f,f
1789183243.758002,758037,f,,f,f
1789183243.758002,758080,f,,f,f
1789183243.758002,758032,f,,f,f
1789183243.758002,758116,f,,f,f
1789183243.758002,758896,f,,f,f
1789183243.758002,759869,f,,f,f
1789183243.758002,758174,f,,f,f
1789183243.758002,862066,f,,f,f
1789183243.758002,759250,f,,f,f
1789183243.758002,758051,f,,f,f
1789183243.758002,758204,f,,f,f
1789183243.758002,758314,f,,f,f
1789183243.758002,758149,f,,f,f
1789183243.758002,758052,f,,f,f
1789183243.758002,759171,f,,f,f
1789183243.758002,758046,f,,f,f
1789183243.758002,758372,f,,f,f
1789183243.758002,862067,f,,f,f
1789183243.758002,862064,f,,f,f
1789183243.758002,758050,f,,f,f
1789183243.758002,758653,f,,f,f
1789183243.758002,758971,f,,f,f
1789183243.758002,758091,f,,f,f
1789183243.758002,758048,f,,f,f
1789183243.758002,758038,f,,f,f
1789183243.758002,758260,f,,f,f
1789183243.758002,758040,f,,f,f
1789183243.758002,862073,f,,f,f
1789183243.758002,862069,f,,f,f
1789183243.758002,862075,f,,f,f
1789183243.758002,758043,f,,f,f
1789183243.758002,758039,f,,f,f
1789183243.758002,758434,f,,f,f
1789183243.758002,758044,f,,f,f
1789183243.758002,862071,f,,f,f
1789183243.758002,759605,f,,f,f
1789183243.758002,862072,f,,f,f
1789183243.758002,759060,f,,f,f
1789183243.758002,758075,f,,f,f
1789183243.758002,862074,f,,f,f
1789183243.758002,759675,f,,f,f
1789183243.758002,758736,f,,f,f
1789183243.758002,759532,f,,f,f
1789183243.758002,758045,f,,f,f
1789183243.758002,758041,f,,f,f
1789183243.758002,759331,f,,f,f
1789183243.758002,759434,f,,f,f
1789183243.758002,758572,f,,f,f
1789183243.758002,862062,f,,f,f
1789183243.758002,758047,f,,f,f
1789183243.758002,758049,f,,f,f
1789183243.758002,862065,f,,f,f
1789183243.758002,862063,f,,f,f
1789183243.758002,758512,f,,f,f
1789183243.758002,862068,f,,f,f
1789183303.862424,758042,f,,f,f
1789183303.862424,758819,f,,f,f
1789183303.862424,759812,f,,f,f
1789183303.862424,758037,f,,f,f
1789183303.862424,758080,f,,f,f
1789183303.862424,758032,f,,f,f
1789183303.862424,758116,f,,f,f
1789183303.862424,758896,f,,f,f
1789183303.862424,759869,f,,f,f
1789183303.862424,758174,f,,f,f
1789183303.862424,865185,f,,f,f
1789183303.862424,865189,f,,f,f
1789183303.862424,759250,f,,f,f
1789183303.862424,758051,f,,f,f
1789183303.862424,865191,f,,f,f
1789183303.862424,758204,f,,f,f
1789183303.862424,758314,f,,f,f
1789183303.862424,758149,f,,f,f
1789183303.862424,865192,f,,f,f
1789183303.862424,758052,f,,f,f
1789183303.862424,759171,f,,f,f
1789183303.862424,758046,f,,f,f
1789183303.862424,758372,f,,f,f
1789183303.862424,865174,f,,f,f
1789183303.862424,865187,f,,f,f
1789183303.862424,865193,f,,f,f
1789183303.862424,865194,f,,f,f
1789183303.862424,865176,f,,f,f
1789183303.862424,758050,f,,f,f
1789183303.862424,865183,f,,f,f
1789183303.862424,758653,f,,f,f
1789183303.862424,758971,f,,f,f
1789183303.862424,865179,f,,f,f
1789183303.862424,865190,f,,f,f
1789183303.862424,758091,f,,f,f
1789183303.862424,758048,f,,f,f
1789183303.862424,865184,f,,f,f
1789183303.862424,758038,f,,f,f
1789183303.862424,758260,f,,f,f
1789183303.862424,758040,f,,f,f
1789183303.862424,865182,f,,f,f
1789183303.862424,758043,f,,f,f
1789183303.862424,758039,f,,f,f
1789183303.862424,758434,f,,f,f
1789183303.862424,865188,f,,f,f
1789183303.862424,758044,f,,f,f
1789183303.862424,759605,f,,f,f
1789183303.862424,759060,f,,f,f
1789183303.862424,865197,f,,f,f
1789183303.862424,758075,f,,f,f
1789183303.862424,759675,f,,f,f
1789183303.862424,758736,f,,f,f
1789183303.862424,865186,f,,f,f
1789183303.862424,759532,f,,f,f
1789183303.862424,758045,f,,f,f
1789183303.862424,758041,f,,f,f
1789183303.862424,865175,f,,f,f
1789183303.862424,759331,f,,f,f
1789183303.862424,759434,f,,f,f
1789183303.862424,758572,f,,f,f
1789183303.862424,865173,f,,f,f
1789183303.862424,865178,f,,f,f
1789183303.862424,758047,f,,f,f
1789183303.862424,865181,f,,f,f
1789183303.862424,758049,f,,f,f
1789183303.862424,865177,f,,f,f
1789183303.862424,865196,f,,f,f
1789183303.862424,758512,f,,f,f
1789183303.862424,865198,f,,f,f
1789183363.945514,758042,f,,f,f
1789183363.945514,758819,f,,f,f
1789183363.945514,759812,f,,f,f
1789183363.945514,758037,f,,f,f
1789183363.945514,758080,f,,f,f
1789183363.945514,758032,f,,f,f
1789183363.945514,868565,f,,f,f
1789183363.945514,758116,f,,f,f
1789183363.945514,758896,f,,f,f
1789183363.945514,759869,f,,f,f
1789183363.945514,868571,f,,f,f
1789183363.945514,758174,f,,f,f
1789183363.945514,868562,f,,f,f
1789183363.945514,868578,f,,f,f
1789183363.945514,868573,f,,f,f
1789183363.945514,759250,f,,f,f
1789183363.945514,758051,f,,f,f
1789183363.945514,758204,f,,f,f
1789183363.945514,758314,f,,f,f
1789183363.945514,758149,f,,f,f
1789183363.945514,758052,f,,f,f
1789183363.945514,759171,f,,f,f
1789183363.945514,758046,f,,f,f
1789183363.945514,758372,f,,f,f
1789183363.945514,758050,f,,f,f
1789183363.945514,868560,f,,f,f
1789183363.945514,758653,f,,f,f
1789183363.945514,758971,f,,f,f
1789183363.945514,868569,f,,f,f
1789183363.945514,758091,f,,f,f
1789183363.945514,758048,f,,f,f
1789183363.945514,758038,f,,f,f
1789183363.945514,758260,f,,f,f
1789183363.945514,758040,f,,f,f
1789183363.945514,868563,f,,f,f
1789183363.945514,758043,f,,f,f
1789183363.945514,758039,f,,f,f
1789183363.945514,758434,f,,f,f
1789183363.945514,868575,f,,f,f
1789183363.945514,868566,f,,f,f
1789183363.945514,758044,f,,f,f
1789183363.945514,868561,f,,f,f
1789183363.945514,868577,f,,f,f
1789183363.945514,868568,f,,f,f
1789183363.945514,759605,f,,f,f
1789183363.945514,868572,f,,f,f
1789183363.945514,759060,f,,f,f
1789183363.945514,758075,f,,f,f
1789183363.945514,759675,f,,f,f
1789183363.945514,758736,f,,f,f
1789183363.945514,868567,f,,f,f
1789183363.945514,759532,f,,f,f
1789183363.945514,758045,f,,f,f
1789183363.945514,758041,f,,f,f
1789183363.945514,759331,f,,f,f
1789183363.945514,759434,f,,f,f
1789183363.945514,758572,f,,f,f
1789183363.945514,868580,f,,f,f
1789183363.945514,758047,f,,f,f
1789183363.945514,758049,f,,f,f
1789183363.945514,868570,f,,f,f
1789183363.945514,868576,f,,f,f
1789183363.945514,758512,f,,f,f
1789183363.945514,868564,f,,f,f
1789183423.035720,758042,f,,f,f
1789183423.035720,871247,f,,f,f
1789183423.035720,758819,f,,f,f
1789183423.035720,871228,f,,f,f
1789183423.035720,759812,f,,f,f
1789183423.035720,758037,f,,f,f
1789183423.035720,871249,f,,f,f
1789183423.035720,758080,f,,f,f
1789183423.035720,758032,f,,f,f
1789183423.035720,758116,f,,f,f
1789183423.035720,758896,f,,f,f
1789183423.035720,759869,f,,f,f
1789183423.035720,871242,f,,f,f
1789183423.035720,871235,f,,f,f
1789183423.035720,758174,f,,f,f
1789183423.035720,871238,f,,f,f
1789183423.035720,871229,f,,f,f
1789183423.035720,871234,f,,f,f
1789183423.035720,759250,f,,f,f
1789183423.035720,758051,f,,f,f
1789183423.035720,758204,f,,f,f
1789183423.035720,758314,f,,f,f
1789183423.035720,758149,f,,f,f
1789183423.035720,871244,f,,f,f
1789183423.035720,871248,f,,f,f
1789183423.035720,758052,f,,f,f
1789183423.035720,759171,f,,f,f
1789183423.035720,758046,f,,f,f
1789183423.035720,871263,f,,f,f
1789183423.035720,758372,f,,f,f
1789183423.035720,871266,f,,f,f
1789183423.035720,758050,f,,f,f
1789183423.035720,871264,f,,f,f
1789183423.035720,758653,f,,f,f
1789183423.035720,758971,f,,f,f
1789183423.035720,871253,f,,f,f
1789183423.035720,758091,f,,f,f
1789183423.035720,758048,f,,f,f
1789183423.035720,758038,f,,f,f
1789183423.035720,758260,f,,f,f
1789183423.035720,758040,f,,f,f
1789183423.035720,871255,f,,f,f
1789183423.035720,871246,f,,f,f
1789183423.035720,758043,f,,f,f
1789183423.035720,758039,f,,f,f
1789183423.035720,758434,f,,f,f
1789183423.035720,758044,f,,f,f
1789183423.035720,871257,f,,f,f
1789183423.035720,871258,f,,f,f
1789183423.035720,759605,f,,f,f
1789183423.035720,871233,f,,f,f
1789183423.035720,871251,f,,f,f
1789183423.035720,871250,f,,f,f
1789183423.035720,871243,f,,f,f
1789183423.035720,871240,f,,f,f
1789183423.035720,759060,f,,f,f
1789183423.035720,758075,f,,f,f
1789183423.035720,871231,f,,f,f
1789183423.035720,759675,f,,f,f
1789183423.035720,758736,f,,f,f
1789183423.035720,759532,f,,f,f
1789183423.035720,758045,f,,f,f
1789183423.035720,758041,f,,f,f
1789183423.035720,759331,f,,f,f
1789183423.035720,759434,f,,f,f
1789183423.035720,758572,f,,f,f
1789183423.035720,871259,f,,f,f
1789183423.035720,758047,f,,f,f
1789183423.035720,871261,f,,f,f
1789183423.035720,758049,f,,f,f
1789183423.035720,871262,f,,f,f
1789183423.035720,871252,f,,f,f
1789183423.035720,758512,f,,f,f
1789183423.035720,871232,f,,f,f
1789183423.035720,871265,f,,f,f
1789183423.035720,871260,f,,f,f
1789183483.125943,758042,f,,f,f
1789183483.125943,758819,f,,f,f
1789183483.125943,759812,f,,f,f
1789183483.125943,758037,f,,f,f
1789183483.125943,758080,f,,f,f
1789183483.125943,758032,f,,f,f
1789183483.125943,758116,f,,f,f
1789183483.125943,874918,f,,f,f
1789183483.125943,758896,f,,f,f
1789183483.125943,874928,f,,f,f
1789183483.125943,759869,f,,f,f
1789183483.125943,874923,f,,f,f
1789183483.125943,758174,f,,f,f
1789183483.125943,759250,f,,f,f
1789183483.125943,758051,f,,f,f
1789183483.125943,758204,f,,f,f
1789183483.125943,758314,f,,f,f
1789183483.125943,758149,f,,f,f
1789183483.125943,874916,f,,f,f
1789183483.125943,758052,f,,f,f
1789183483.125943,874935,f,,f,f
1789183483.125943,759171,f,,f,f
1789183483.125943,758046,f,,f,f
1789183483.125943,874910,f,,f,f
1789183483.125943,758372,f,,f,f
1789183483.125943,874940,f,,f,f
1789183483.125943,874908,f,,f,f
1789183483.125943,874913,f,,f,f
1789183483.125943,874919,f,,f,f
1789183483.125943,874926,f,,f,f
1789183483.125943,874922,f,,f,f
1789183483.125943,874937,f,,f,f
1789183483.125943,758050,f,,f,f
1789183483.125943,874909,f,,f,f
1789183483.125943,874941,f,,f,f
1789183483.125943,758653,f,,f,f
1789183483.125943,758971,f,,f,f
1789183483.125943,874912,f,,f,f
1789183483.125943,874942,f,,f,f
1789183483.125943,758091,f,,f,f
1789183483.125943,758048,f,,f,f
1789183483.125943,874911,f,,f,f
1789183483.125943,874921,f,,f,f
1789183483.125943,874930,f,,f,f
1789183483.125943,758038,f,,f,f
1789183483.125943,758260,f,,f,f
1789183483.125943,758040,f,,f,f
1789183483.125943,874907,f,,f,f
1789183483.125943,758043,f,,f,f
1789183483.125943,758039,f,,f,f
1789183483.125943,758434,f,,f,f
1789183483.125943,758044,f,,f,f
1789183483.125943,874932,f,,f,f
1789183483.125943,874917,f,,f,f
1789183483.125943,874924,f,,f,f
1789183483.125943,759605,f,,f,f
1789183483.125943,874934,f,,f,f
1789183483.125943,759060,f,,f,f
1789183483.125943,758075,f,,f,f
1789183483.125943,759675,f,,f,f
1789183483.125943,758736,f,,f,f
1789183483.125943,874939,f,,f,f
1789183483.125943,759532,f,,f,f
1789183483.125943,758045,f,,f,f
1789183483.125943,758041,f,,f,f
1789183483.125943,759331,f,,f,f
1789183483.125943,759434,f,,f,f
1789183483.125943,758572,f,,f,f
1789183483.125943,758047,f,,f,f
1789183483.125943,874920,f,,f,f
1789183483.125943,758049,f,,f,f
1789183483.125943,874931,f,,f,f
1789183483.125943,874938,f,,f,f
1789183483.125943,874915,f,,f,f
1789183483.125943,758512,f,,f,f
1789183483.125943,874929,f,,f,f
1789183483.125943,874927,f,,f,f
1789183483.125943,874914,f,,f,f
1789183483.125943,874925,f,,f,f
1789183543.259319,758042,f,,f,f
1789183543.259319,758819,f,,f,f
1789183543.259319,759812,f,,f,f
1789183543.259319,758037,f,,f,f
1789183543.259319,758080,f,,f,f
1789183543.259319,758032,f,,f,f
1789183543.259319,758116,f,,f,f
1789183543.259319,758896,f,,f,f
1789183543.259319,877925,f,,f,f
1789183543.259319,877935,f,,f,f
1789183543.259319,877926,f,,f,f
1789183543.259319,759869,f,,f,f
1789183543.259319,758174,f,,f,f
1789183543.259319,877928,f,,f,f
1789183543.259319,759250,f,,f,f
1789183543.259319,758051,f,,f,f
1789183543.259319,758204,f,,f,f
1789183543.259319,877930,f,,f,f
1789183543.259319,758314,f,,f,f
1789183543.259319,758149,f,,f,f
1789183543.259319,877953,f,,f,f
1789183543.259319,758052,f,,f,f
1789183543.259319,759171,f,,f,f
1789183543.259319,758046,f,,f,f
1789183543.259319,877921,f,,f,f
1789183543.259319,758372,f,,f,f
1789183543.259319,877918,f,,f,f
1789183543.259319,877929,f,,f,f
1789183543.259319,758050,f,,f,f
1789183543.259319,877920,f,,f,f
1789183543.259319,877944,f,,f,f
1789183543.259319,877941,f,,f,f
1789183543.259319,877931,f,,f,f
1789183543.259319,758653,f,,f,f
1789183543.259319,758971,f,,f,f
1789183543.259319,877952,f,,f,f
1789183543.259319,758091,f,,f,f
1789183543.259319,758048,f,,f,f
1789183543.259319,877948,f,,f,f
1789183543.259319,877947,f,,f,f
1789183543.259319,877937,f,,f,f
1789183543.259319,877940,f,,f,f
1789183543.259319,758038,f,,f,f
1789183543.259319,758260,f,,f,f
1789183543.259319,758040,f,,f,f
1789183543.259319,758043,f,,f,f
1789183543.259319,758039,f,,f,f
1789183543.259319,758434,f,,f,f
1789183543.259319,758044,f,,f,f
1789183543.259319,877924,f,,f,f
1789183543.259319,877923,f,,f,f
1789183543.259319,877939,f,,f,f
1789183543.259319,877949,f,,f,f
1789183543.259319,759605,f,,f,f
1789183543.259319,877927,f,,f,f
1789183543.259319,877945,f,,f,f
1789183543.259319,759060,f,,f,f
1789183543.259319,758075,f,,f,f
1789183543.259319,759675,f,,f,f
1789183543.259319,758736,f,,f,f
1789183543.259319,759532,f,,f,f
1789183543.259319,758045,f,,f,f
1789183543.259319,758041,f,,f,f
1789183543.259319,759331,f,,f,f
1789183543.259319,759434,f,,f,f
1789183543.259319,877933,f,,f,f
1789183543.259319,758572,f,,f,f
1789183543.259319,877922,f,,f,f
1789183543.259319,758047,f,,f,f
1789183543.259319,877942,f,,f,f
1789183543.259319,758049,f,,f,f
1789183543.259319,877919,f,,f,f
1789183543.259319,758512,f,,f,f
1789183543.259319,877932,f,,f,f
1789183543.259319,877950,f,,f,f
1789183603.330129,881774,f,,f,f
1789183603.330129,758042,f,,f,f
1789183603.330129,758819,f,,f,f
1789183603.330129,881764,f,,f,f
1789183603.330129,759812,f,,f,f
1789183603.330129,758037,f,,f,f
1789183603.330129,758080,f,,f,f
1789183603.330129,758032,f,,f,f
1789183603.330129,881753,f,,f,f
1789183603.330129,758116,f,,f,f
1789183603.330129,758896,f,,f,f
1789183603.330129,759869,f,,f,f
1789183603.330129,758174,f,,f,f
1789183603.330129,881768,f,,f,f
1789183603.330129,881780,f,,f,f
1789183603.330129,881776,f,,f,f
1789183603.330129,881756,f,,f,f
1789183603.330129,759250,f,,f,f
1789183603.330129,758051,f,,f,f
1789183603.330129,881777,f,,f,f
1789183603.330129,758204,f,,f,f
1789183603.330129,881781,f,,f,f
1789183603.330129,758314,f,,f,f
1789183603.330129,758149,f,,f,f
1789183603.330129,758052,f,,f,f
1789183603.330129,881759,f,,f,f
1789183603.330129,759171,f,,f,f
1789183603.330129,758046,f,,f,f
1789183603.330129,881770,f,,f,f
1789183603.330129,758372,f,,f,f
1789183603.330129,881769,f,,f,f
1789183603.330129,758050,f,,f,f
1789183603.330129,881775,f,,f,f
1789183603.330129,758653,f,,f,f
1789183603.330129,758971,f,,f,f
1789183603.330129,881757,f,,f,f
1789183603.330129,881771,f,,f,f
1789183603.330129,881783,f,,f,f
1789183603.330129,758091,f,,f,f
1789183603.330129,758048,f,,f,f
1789183603.330129,881760,f,,f,f
1789183603.330129,881750,f,,f,f
1789183603.330129,758038,f,,f,f
1789183603.330129,881773,f,,f,f
1789183603.330129,758260,f,,f,f
1789183603.330129,758040,f,,f,f
1789183603.330129,881761,f,,f,f
1789183603.330129,881766,f,,f,f
1789183603.330129,881772,f,,f,f
1789183603.330129,758043,f,,f,f
1789183603.330129,758039,f,,f,f
1789183603.330129,758434,f,,f,f
1789183603.330129,881755,f,,f,f
1789183603.330129,758044,f,,f,f
1789183603.330129,881748,f,,f,f
1789183603.330129,759605,f,,f,f
1789183603.330129,759060,f,,f,f
1789183603.330129,758075,f,,f,f
1789183603.330129,881765,f,,f,f
1789183603.330129,759675,f,,f,f
1789183603.330129,758736,f,,f,f
1789183603.330129,759532,f,,f,f
1789183603.330129,758045,f,,f,f
1789183603.330129,758041,f,,f,f
1789183603.330129,759331,f,,f,f
1789183603.330129,881782,f,,f,f
1789183603.330129,759434,f,,f,f
1789183603.330129,758572,f,,f,f
1789183603.330129,881762,f,,f,f
1789183603.330129,758047,f,,f,f
1789183603.330129,881778,f,,f,f
1789183603.330129,758049,f,,f,f
1789183603.330129,881744,f,,f,f
1789183603.330129,881734,f,,f,f
1789183603.330129,758512,f,,f,f
1789183603.330129,881746,f,,f,f
1789183663.454394,758042,f,,f,f
1789183663.454394,758819,f,,f,f
1789183663.454394,884977,f,,f,f
1789183663.454394,759812,f,,f,f
1789183663.454394,758037,f,,f,f
1789183663.454394,758080,f,,f,f
1789183663.454394,758032,f,,f,f
1789183663.454394,758116,f,,f,f
1789183663.454394,758896,f,,f,f
1789183663.454394,884964,f,,f,f
1789183663.454394,884962,f,,f,f
1789183663.454394,759869,f,,f,f
1789183663.454394,884959,f,,f,f
1789183663.454394,758174,f,,f,f
1789183663.454394,884963,f,,f,f
1789183663.454394,884970,f,,f,f
1789183663.454394,884944,f,,f,f
1789183663.454394,884955,f,,f,f
1789183663.454394,884967,f,,f,f
1789183663.454394,759250,f,,f,f
1789183663.454394,758051,f,,f,f
1789183663.454394,758204,f,,f,f
1789183663.454394,758314,f,,f,f
1789183663.454394,758149,f,,f,f
1789183663.454394,758052,f,,f,f
1789183663.454394,759171,f,,f,f
1789183663.454394,758046,f,,f,f
1789183663.454394,884972,f,,f,f
1789183663.454394,758372,f,,f,f
1789183663.454394,884947,f,,f,f
1789183663.454394,884969,f,,f,f
1789183663.454394,884957,f,,f,f
1789183663.454394,758050,f,,f,f
1789183663.454394,884953,f,,f,f
1789183663.454394,758653,f,,f,f
1789183663.454394,758971,f,,f,f
1789183663.454394,758091,f,,f,f
1789183663.454394,758048,f,,f,f
1789183663.454394,884948,f,,f,f
1789183663.454394,884950,f,,f,f
1789183663.454394,758038,f,,f,f
1789183663.454394,758260,f,,f,f
1789183663.454394,758040,f,,f,f
1789183663.454394,884954,f,,f,f
1789183663.454394,884945,f,,f,f
1789183663.454394,758043,f,,f,f
1789183663.454394,758039,f,,f,f
1789183663.454394,758434,f,,f,f
1789183663.454394,758044,f,,f,f
1789183663.454394,884979,f,,f,f
1789183663.454394,884956,f,,f,f
1789183663.454394,759605,f,,f,f
1789183663.454394,759060,f,,f,f
1789183663.454394,758075,f,,f,f
1789183663.454394,884978,f,,f,f
1789183663.454394,884965,f,,f,f
1789183663.454394,884966,f,,f,f
1789183663.454394,759675,f,,f,f
1789183663.454394,884968,f,,f,f
1789183663.454394,758736,f,,f,f
1789183663.454394,759532,f,,f,f
1789183663.454394,758045,f,,f,f
1789183663.454394,758041,f,,f,f
1789183663.454394,759331,f,,f,f
1789183663.454394,759434,f,,f,f
1789183663.454394,884949,f,,f,f
1789183663.454394,884960,f,,f,f
1789183663.454394,758572,f,,f,f
1789183663.454394,884973,f,,f,f
1789183663.454394,758047,f,,f,f
1789183663.454394,758049,f,,f,f
1789183663.454394,884980,f,,f,f
1789183663.454394,758512,f,,f,f
1789183663.454394,884976,f,,f,f
1789183663.454394,884971,f,,f,f
1789183723.515233,758042,f,,f,f
1789183723.515233,758819,f,,f,f
1789183723.515233,759812,f,,f,f
1789183723.515233,758037,f,,f,f
1789183723.515233,888124,f,,f,f
1789183723.515233,758080,f,,f,f
1789183723.515233,758032,f,,f,f
1789183723.515233,758116,f,,f,f
1789183723.515233,758896,f,,f,f
1789183723.515233,888103,f,,f,f
1789183723.515233,759869,f,,f,f
1789183723.515233,888123,f,,f,f
1789183723.515233,758174,f,,f,f
1789183723.515233,888117,f,,f,f
1789183723.515233,759250,f,,f,f
1789183723.515233,758051,f,,f,f
1789183723.515233,758204,f,,f,f
1789183723.515233,758314,f,,f,f
1789183723.515233,758149,f,,f,f
1789183723.515233,758052,f,,f,f
1789183723.515233,888118,f,,f,f
1789183723.515233,759171,f,,f,f
1789183723.515233,758046,f,,f,f
1789183723.515233,888119,f,,f,f
1789183723.515233,758372,f,,f,f
1789183723.515233,758050,f,,f,f
1789183723.515233,888125,f,,f,f
1789183723.515233,888108,f,,f,f
1789183723.515233,758653,f,,f,f
1789183723.515233,758971,f,,f,f
1789183723.515233,758091,f,,f,f
1789183723.515233,758048,f,,f,f
1789183723.515233,758038,f,,f,f
1789183723.515233,758260,f,,f,f
1789183723.515233,758040,f,,f,f
1789183723.515233,888131,f,,f,f
1789183723.515233,758043,f,,f,f
1789183723.515233,758039,f,,f,f
1789183723.515233,758434,f,,f,f
1789183723.515233,758044,f,,f,f
1789183723.515233,759605,f,,f,f
1789183723.515233,888128,f,,f,f
1789183723.515233,888105,f,,f,f
1789183723.515233,759060,f,,f,f
1789183723.515233,758075,f,,f,f
1789183723.515233,888104,f,,f,f
1789183723.515233,759675,f,,f,f
1789183723.515233,888122,f,,f,f
1789183723.515233,758736,f,,f,f
1789183723.515233,759532,f,,f,f
1789183723.515233,758045,f,,f,f
1789183723.515233,758041,f,,f,f
1789183723.515233,759331,f,,f,f
1789183723.515233,759434,f,,f,f
1789183723.515233,888120,f,,f,f
1789183723.515233,758572,f,,f,f
1789183723.515233,758047,f,,f,f
1789183723.515233,758049,f,,f,f
1789183723.515233,888115,f,,f,f
1789183723.515233,888126,f,,f,f
1789183723.515233,888127,f,,f,f
1789183723.515233,758512,f,,f,f
1789183783.629503,758042,f,,f,f
1789183783.629503,758819,f,,f,f
1789183783.629503,759812,f,,f,f
1789183783.629503,758037,f,,f,f
1789183783.629503,891416,f,,f,f
1789183783.629503,891408,f,,f,f
1789183783.629503,891402,f,,f,f
1789183783.629503,758080,f,,f,f
1789183783.629503,758032,f,,f,f
1789183783.629503,891397,f,,f,f
1789183783.629503,891405,f,,f,f
1789183783.629503,758116,f,,f,f
1789183783.629503,758896,f,,f,f
1789183783.629503,891417,f,,f,f
1789183783.629503,891406,f,,f,f
1789183783.629503,759869,f,,f,f
1789183783.629503,758174,f,,f,f
1789183783.629503,891401,f,,f,f
1789183783.629503,759250,f,,f,f
1789183783.629503,758051,f,,f,f
1789183783.629503,891392,f,,f,f
1789183783.629503,758204,f,,f,f
1789183783.629503,758314,f,,f,f
1789183783.629503,758149,f,,f,f
1789183783.629503,758052,f,,f,f
1789183783.629503,891411,f,,f,f
1789183783.629503,891410,f,,f,f
1789183783.629503,891412,f,,f,f
1789183783.629503,759171,f,,f,f
1789183783.629503,758046,f,,f,f
1789183783.629503,891399,f,,f,f
1789183783.629503,758372,f,,f,f
1789183783.629503,891409,f,,f,f
1789183783.629503,891421,f,,f,f
1789183783.629503,891403,f,,f,f
1789183783.629503,758050,f,,f,f
1789183783.629503,891394,f,,f,f
1789183783.629503,758653,f,,f,f
1789183783.629503,758971,f,,f,f
1789183783.629503,891391,f,,f,f
1789183783.629503,758091,f,,f,f
1789183783.629503,758048,f,,f,f
1789183783.629503,891398,f,,f,f
1789183783.629503,758038,f,,f,f
1789183783.629503,891407,f,,f,f
1789183783.629503,758260,f,,f,f
1789183783.629503,758040,f,,f,f
1789183783.629503,891418,f,,f,f
1789183783.629503,891387,f,,f,f
1789183783.629503,891383,f,,f,f
1789183783.629503,891380,f,,f,f
1789183783.629503,758043,f,,f,f
1789183783.629503,758039,f,,f,f
1789183783.629503,758434,f,,f,f
1789183783.629503,758044,f,,f,f
1789183783.629503,891419,f,,f,f
1789183783.629503,891413,f,,f,f
1789183783.629503,759605,f,,f,f
1789183783.629503,891379,f,,f,f
1789183783.629503,891414,f,,f,f
1789183783.629503,891385,f,,f,f
1789183783.629503,891404,f,,f,f
1789183783.629503,759060,f,,f,f
1789183783.629503,758075,f,,f,f
1789183783.629503,759675,f,,f,f
1789183783.629503,758736,f,,f,f
1789183783.629503,891415,f,,f,f
1789183783.629503,891400,f,,f,f
1789183783.629503,759532,f,,f,f
1789183783.629503,758045,f,,f,f
1789183783.629503,758041,f,,f,f
1789183783.629503,759331,f,,f,f
1789183783.629503,759434,f,,f,f
1789183783.629503,891393,f,,f,f
1789183783.629503,758572,f,,f,f
1789183783.629503,758047,f,,f,f
1789183783.629503,758049,f,,f,f
1789183783.629503,891384,f,,f,f
1789183783.629503,758512,f,,f,f
1789183843.755534,758042,f,,f,f
1789183843.755534,758819,f,,f,f
1789183843.755534,759812,f,,f,f
1789183843.755534,758037,f,,f,f
1789183843.755534,758080,f,,f,f
1789183843.755534,758032,f,,f,f
1789183843.755534,758116,f,,f,f
1789183843.755534,894836,f,,f,f
1789183843.755534,758896,f,,f,f
1789183843.755534,894838,f,,f,f
1789183843.755534,759869,f,,f,f
1789183843.755534,758174,f,,f,f
1789183843.755534,894833,f,,f,f
1789183843.755534,894818,f,,f,f
1789183843.755534,759250,f,,f,f
1789183843.755534,758051,f,,f,f
1789183843.755534,758204,f,,f,f
1789183843.755534,758314,f,,f,f
1789183843.755534,758149,f,,f,f
1789183843.755534,758052,f,,f,f
1789183843.755534,759171,f,,f,f
1789183843.755534,758046,f,,f,f
1789183843.755534,894839,f,,f,f
1789183843.755534,894846,f,,f,f
1789183843.755534,758372,f,,f,f
1789183843.755534,894841,f,,f,f
1789183843.755534,758050,f,,f,f
1789183843.755534,758653,f,,f,f
1789183843.755534,758971,f,,f,f
1789183843.755534,894829,f,,f,f
1789183843.755534,758091,f,,f,f
1789183843.755534,758048,f,,f,f
1789183843.755534,758038,f,,f,f
1789183843.755534,758260,f,,f,f
1789183843.755534,758040,f,,f,f
1789183843.755534,758043,f,,f,f
1789183843.755534,758039,f,,f,f
1789183843.755534,758434,f,,f,f
1789183843.755534,894820,f,,f,f
1789183843.755534,894850,f,,f,f
1789183843.755534,758044,f,,f,f
1789183843.755534,894849,f,,f,f
1789183843.755534,759605,f,,f,f
1789183843.755534,894845,f,,f,f
1789183843.755534,759060,f,,f,f
1789183843.755534,758075,f,,f,f
1789183843.755534,759675,f,,f,f
1789183843.755534,758736,f,,f,f
1789183843.755534,759532,f,,f,f
1789183843.755534,758045,f,,f,f
1789183843.755534,758041,f,,f,f
1789183843.755534,759331,f,,f,f
1789183843.755534,759434,f,,f,f
1789183843.755534,758572,f,,f,f
1789183843.755534,894835,f,,f,f
1789183843.755534,758047,f,,f,f
1789183843.755534,894830,f,,f,f
1789183843.755534,758049,f,,f,f
1789183843.755534,894832,f,,f,f
1789183843.755534,894828,f,,f,f
1789183843.755534,758512,f,,f,f
1789183843.755534,894824,f,,f,f
1789183903.833707,898480,f,,f,f
1789183903.833707,758042,f,,f,f
1789183903.833707,758819,f,,f,f
1789183903.833707,759812,f,,f,f
1789183903.833707,758037,f,,f,f
1789183903.833707,758080,f,,f,f
1789183903.833707,758032,f,,f,f
1789183903.833707,898491,f,,f,f
1789183903.833707,758116,f,,f,f
1789183903.833707,758896,f,,f,f
1789183903.833707,759869,f,,f,f
1789183903.833707,758174,f,,f,f
1789183903.833707,898495,f,,f,f
1789183903.833707,898494,f,,f,f
1789183903.833707,759250,f,,f,f
1789183903.833707,758051,f,,f,f
1789183903.833707,898478,f,,f,f
1789183903.833707,758204,f,,f,f
1789183903.833707,758314,f,,f,f
1789183903.833707,758149,f,,f,f
1789183903.833707,758052,f,,f,f
1789183903.833707,759171,f,,f,f
1789183903.833707,758046,f,,f,f
1789183903.833707,758372,f,,f,f
1789183903.833707,898466,f,,f,f
1789183903.833707,898468,f,,f,f
1789183903.833707,898479,f,,f,f
1789183903.833707,758050,f,,f,f
1789183903.833707,898482,f,,f,f
1789183903.833707,758653,f,,f,f
1789183903.833707,758971,f,,f,f
1789183903.833707,898488,f,,f,f
1789183903.833707,758091,f,,f,f
1789183903.833707,758048,f,,f,f
1789183903.833707,758038,f,,f,f
1789183903.833707,758260,f,,f,f
1789183903.833707,758040,f,,f,f
1789183903.833707,898496,f,,f,f
1789183903.833707,758043,f,,f,f
1789183903.833707,758039,f,,f,f
1789183903.833707,758434,f,,f,f
1789183903.833707,758044,f,,f,f
1789183903.833707,898498,f,,f,f
1789183903.833707,898492,f,,f,f
1789183903.833707,759605,f,,f,f
1789183903.833707,759060,f,,f,f
1789183903.833707,898485,f,,f,f
1789183903.833707,758075,f,,f,f
1789183903.833707,898486,f,,f,f
1789183903.833707,759675,f,,f,f
1789183903.833707,758736,f,,f,f
1789183903.833707,898493,f,,f,f
1789183903.833707,759532,f,,f,f
1789183903.833707,758045,f,,f,f
1789183903.833707,758041,f,,f,f
1789183903.833707,759331,f,,f,f
1789183903.833707,898484,f,,f,f
1789183903.833707,759434,f,,f,f
1789183903.833707,758572,f,,f,f
1789183903.833707,898501,f,,f,f
1789183903.833707,758047,f,,f,f
1789183903.833707,758049,f,,f,f
1789183903.833707,898483,f,,f,f
1789183903.833707,898490,f,,f,f
1789183903.833707,758512,f,,f,f
1789183903.833707,898481,f,,f,f
1789183903.833707,898503,f,,f,f
1789183903.833707,898489,f,,f,f
1789183963.972054,758042,f,,f,f
1789183963.972054,758819,f,,f,f
1789183963.972054,759812,f,,f,f
1789183963.972054,758037,f,,f,f
1789183963.972054,758080,f,,f,f
1789183963.972054,758032,f,,f,f
1789183963.972054,758116,f,,f,f
1789183963.972054,758896,f,,f,f
1789183963.972054,759869,f,,f,f
1789183963.972054,901273,f,,f,f
1789183963.972054,901271,f,,f,f
1789183963.972054,758174,f,,f,f
1789183963.972054,901278,f,,f,f
1789183963.972054,759250,f,,f,f
1789183963.972054,758051,f,,f,f
1789183963.972054,758204,f,,f,f
1789183963.972054,758314,f,,f,f
1789183963.972054,758149,f,,f,f
1789183963.972054,758052,f,,f,f
1789183963.972054,759171,f,,f,f
1789183963.972054,758046,f,,f,f
1789183963.972054,901277,f,,f,f
1789183963.972054,758372,f,,f,f
1789183963.972054,901274,f,,f,f
1789183963.972054,758050,f,,f,f
1789183963.972054,758653,f,,f,f
1789183963.972054,758971,f,,f,f
1789183963.972054,758091,f,,f,f
1789183963.972054,758048,f,,f,f
1789183963.972054,758038,f,,f,f
1789183963.972054,758260,f,,f,f
1789183963.972054,758040,f,,f,f
1789183963.972054,901267,f,,f,f
1789183963.972054,758043,f,,f,f
1789183963.972054,758039,f,,f,f
1789183963.972054,758434,f,,f,f
1789183963.972054,758044,f,,f,f
1789183963.972054,759605,f,,f,f
1789183963.972054,759060,f,,f,f
1789183963.972054,758075,f,,f,f
1789183963.972054,759675,f,,f,f
1789183963.972054,758736,f,,f,f
1789183963.972054,759532,f,,f,f
1789183963.972054,758045,f,,f,f
1789183963.972054,758041,f,,f,f
1789183963.972054,759331,f,,f,f
1789183963.972054,759434,f,,f,f
1789183963.972054,758572,f,,f,f
1789183963.972054,901280,f,,f,f
1789183963.972054,758047,f,,f,f
1789183963.972054,901283,f,,f,f
1789183963.972054,758049,f,,f,f
1789183963.972054,901282,f,,f,f
1789183963.972054,901263,f,,f,f
1789183963.972054,901265,f,,f,f
1789183963.972054,758512,f,,f,f
1789183963.972054,901269,f,,f,f
1789183963.972054,901276,f,,f,f
1789184023.092432,905117,f,,f,f
1789184023.092432,758042,f,,f,f
1789184023.092432,758819,f,,f,f
1789184023.092432,759812,f,,f,f
1789184023.092432,758037,f,,f,f
1789184023.092432,758080,f,,f,f
1789184023.092432,758032,f,,f,f
1789184023.092432,758116,f,,f,f
1789184023.092432,758896,f,,f,f
1789184023.092432,759869,f,,f,f
1789184023.092432,905113,f,,f,f
1789184023.092432,758174,f,,f,f
1789184023.092432,905116,f,,f,f
1789184023.092432,905109,f,,f,f
1789184023.092432,905106,f,,f,f
1789184023.092432,759250,f,,f,f
1789184023.092432,758051,f,,f,f
1789184023.092432,905097,f,,f,f
1789184023.092432,758204,f,,f,f
1789184023.092432,758314,f,,f,f
1789184023.092432,758149,f,,f,f
1789184023.092432,905107,f,,f,f
1789184023.092432,758052,f,,f,f
1789184023.092432,759171,f,,f,f
1789184023.092432,758046,f,,f,f
1789184023.092432,758372,f,,f,f
1789184023.092432,758050,f,,f,f
1789184023.092432,758653,f,,f,f
1789184023.092432,758971,f,,f,f
1789184023.092432,758091,f,,f,f
1789184023.092432,758048,f,,f,f
1789184023.092432,905101,f,,f,f
1789184023.092432,905086,f,,f,f
1789184023.092432,758038,f,,f,f
1789184023.092432,758260,f,,f,f
1789184023.092432,758040,f,,f,f
1789184023.092432,905111,f,,f,f
1789184023.092432,905120,f,,f,f
1789184023.092432,905110,f,,f,f
1789184023.092432,905114,f,,f,f
1789184023.092432,758043,f,,f,f
1789184023.092432,758039,f,,f,f
1789184023.092432,758434,f,,f,f
1789184023.092432,758044,f,,f,f
1789184023.092432,905085,f,,f,f
1789184023.092432,759605,f,,f,f
1789184023.092432,759060,f,,f,f
1789184023.092432,758075,f,,f,f
1789184023.092432,905081,f,,f,f
1789184023.092432,905083,f,,f,f
1789184023.092432,759675,f,,f,f
1789184023.092432,758736,f,,f,f
1789184023.092432,759532,f,,f,f
1789184023.092432,758045,f,,f,f
1789184023.092432,758041,f,,f,f
1789184023.092432,759331,f,,f,f
1789184023.092432,905121,f,,f,f
1789184023.092432,759434,f,,f,f
1789184023.092432,758572,f,,f,f
1789184023.092432,758047,f,,f,f
1789184023.092432,758049,f,,f,f
1789184023.092432,905105,f,,f,f
1789184023.092432,905112,f,,f,f
1789184023.092432,758512,f,,f,f
1789184023.092432,905084,f,,f,f
1789184023.092432,905108,f,,f,f
1789184083.174322,758042,f,,f,f
1789184083.174322,758819,f,,f,f
1789184083.174322,759812,f,,f,f
1789184083.174322,758037,f,,f,f
1789184083.174322,908057,f,,f,f
1789184083.174322,758080,f,,f,f
1789184083.174322,758032,f,,f,f
1789184083.174322,758116,f,,f,f
1789184083.174322,758896,f,,f,f
1789184083.174322,759869,f,,f,f
1789184083.174322,758174,f,,f,f
1789184083.174322,908058,f,,f,f
1789184083.174322,908051,f,,f,f
1789184083.174322,908021,f,,f,f
1789184083.174322,908050,f,,f,f
1789184083.174322,759250,f,,f,f
1789184083.174322,758051,f,,f,f
1789184083.174322,758204,f,,f,f
1789184083.174322,758314,f,,f,f
1789184083.174322,758149,f,,f,f
1789184083.174322,758052,f,,f,f
1789184083.174322,908036,f,,f,f
1789184083.174322,908052,f,,f,f
1789184083.174322,759171,f,,f,f
1789184083.174322,758046,f,,f,f
1789184083.174322,758372,f,,f,f
1789184083.174322,908056,f,,f,f
1789184083.174322,908062,f,,f,f
1789184083.174322,758050,f,,f,f
1789184083.174322,758653,f,,f,f
1789184083.174322,758971,f,,f,f
1789184083.174322,908037,f,,f,f
1789184083.174322,908064,f,,f,f
1789184083.174322,758091,f,,f,f
1789184083.174322,758048,f,,f,f
1789184083.174322,758038,f,,f,f
1789184083.174322,758260,f,,f,f
1789184083.174322,758040,f,,f,f
1789184083.174322,908018,f,,f,f
1789184083.174322,908042,f,,f,f
1789184083.174322,908059,f,,f,f
1789184083.174322,758043,f,,f,f
1789184083.174322,758039,f,,f,f
1789184083.174322,758434,f,,f,f
1789184083.174322,758044,f,,f,f
1789184083.174322,908060,f,,f,f
1789184083.174322,759605,f,,f,f
1789184083.174322,759060,f,,f,f
1789184083.174322,908035,f,,f,f
1789184083.174322,758075,f,,f,f
1789184083.174322,908045,f,,f,f
1789184083.174322,759675,f,,f,f
1789184083.174322,758736,f,,f,f
1789184083.174322,759532,f,,f,f
1789184083.174322,908065,f,,f,f
1789184083.174322,758045,f,,f,f
1789184083.174322,908053,f,,f,f
1789184083.174322,908033,f,,f,f
1789184083.174322,758041,f,,f,f
1789184083.174322,759331,f,,f,f
1789184083.174322,759434,f,,f,f
1789184083.174322,758572,f,,f,f
1789184083.174322,758047,f,,f,f
1789184083.174322,908046,f,,f,f
1789184083.174322,908055,f,,f,f
1789184083.174322,758049,f,,f,f
1789184083.174322,908054,f,,f,f
1789184083.174322,908061,f,,f,f
1789184083.174322,908047,f,,f,f
1789184083.174322,908025,f,,f,f
1789184083.174322,758512,f,,f,f
1789184083.174322,908044,f,,f,f
1789184143.288182,758042,f,,f,f
1789184143.288182,758819,f,,f,f
1789184143.288182,759812,f,,f,f
1789184143.288182,758037,f,,f,f
1789184143.288182,912021,f,,f,f
1789184143.288182,758080,f,,f,f
1789184143.288182,758032,f,,f,f
1789184143.288182,758116,f,,f,f
1789184143.288182,758896,f,,f,f
1789184143.288182,759869,f,,f,f
1789184143.288182,758174,f,,f,f
1789184143.288182,912017,f,,f,f
1789184143.288182,911986,f,,f,f
1789184143.288182,912006,f,,f,f
1789184143.288182,759250,f,,f,f
1789184143.288182,758051,f,,f,f
1789184143.288182,758204,f,,f,f
1789184143.288182,758314,f,,f,f
1789184143.288182,758149,f,,f,f
1789184143.288182,758052,f,,f,f
1789184143.288182,911996,f,,f,f
1789184143.288182,911988,f,,f,f
1789184143.288182,912007,f,,f,f
1789184143.288182,759171,f,,f,f
1789184143.288182,911997,f,,f,f
1789184143.288182,911999,f,,f,f
1789184143.288182,758046,f,,f,f
1789184143.288182,911992,f,,f,f
1789184143.288182,758372,f,,f,f
1789184143.288182,911991,f,,f,f
1789184143.288182,911987,f,,f,f
1789184143.288182,912010,f,,f,f
1789184143.288182,758050,f,,f,f
1789184143.288182,912008,f,,f,f
1789184143.288182,758653,f,,f,f
1789184143.288182,758971,f,,f,f
1789184143.288182,911993,f,,f,f
1789184143.288182,758091,f,,f,f
1789184143.288182,758048,f,,f,f
1789184143.288182,912004,f,,f,f
1789184143.288182,912018,f,,f,f
1789184143.288182,912003,f,,f,f
1789184143.288182,912022,f,,f,f
1789184143.288182,912005,f,,f,f
1789184143.288182,758038,f,,f,f
1789184143.288182,758260,f,,f,f
1789184143.288182,758040,f,,f,f
1789184143.288182,911998,f,,f,f
1789184143.288182,912020,f,,f,f
1789184143.288182,911994,f,,f,f
1789184143.288182,758043,f,,f,f
1789184143.288182,758039,f,,f,f
1789184143.288182,912023,f,,f,f
1789184143.288182,758434,f,,f,f
1789184143.288182,758044,f,,f,f
1789184143.288182,912009,f,,f,f
1789184143.288182,912012,f,,f,f
1789184143.288182,759605,f,,f,f
1789184143.288182,912015,f,,f,f
1789184143.288182,912001,f,,f,f
1789184143.288182,759060,f,,f,f
1789184143.288182,758075,f,,f,f
1789184143.288182,912000,f,,f,f
1789184143.288182,759675,f,,f,f
1789184143.288182,758736,f,,f,f
1789184143.288182,759532,f,,f,f
1789184143.288182,758045,f,,f,f
1789184143.288182,758041,f,,f,f
1789184143.288182,759331,f,,f,f
1789184143.288182,759434,f,,f,f
1789184143.288182,758572,f,,f,f
1789184143.288182,758047,f,,f,f
1789184143.288182,758049,f,,f,f
1789184143.288182,912013,f,,f,f
1789184143.288182,912019,f,,f,f
1789184143.288182,911990,f,,f,f
1789184143.288182,758512,f,,f,f
1789184143.288182,912002,f,,f,f
1789184143.288182,911995,f,,f,f
1789184143.288182,912016,f,,f,f
1789184203.428080,758042,f,,f,f
1789184203.428080,758819,f,,f,f
1789184203.428080,759812,f,,f,f
1789184203.428080,758037,f,,f,f
1789184203.428080,915056,f,,f,f
1789184203.428080,758080,f,,f,f
1789184203.428080,758032,f,,f,f
1789184203.428080,758116,f,,f,f
1789184203.428080,915042,f,,f,f
1789184203.428080,758896,f,,f,f
1789184203.428080,759869,f,,f,f
1789184203.428080,758174,f,,f,f
1789184203.428080,759250,f,,f,f
1789184203.428080,758051,f,,f,f
1789184203.428080,915030,f,,f,f
1789184203.428080,758204,f,,f,f
1789184203.428080,758314,f,,f,f
1789184203.428080,758149,f,,f,f
1789184203.428080,915041,f,,f,f
1789184203.428080,758052,f,,f,f
1789184203.428080,759171,f,,f,f
1789184203.428080,758046,f,,f,f
1789184203.428080,758372,f,,f,f
1789184203.428080,915028,f,,f,f
1789184203.428080,758050,f,,f,f
1789184203.428080,758653,f,,f,f
1789184203.428080,758971,f,,f,f
1789184203.428080,915054,f,,f,f
1789184203.428080,758091,f,,f,f
1789184203.428080,758048,f,,f,f
1789184203.428080,915059,f,,f,f
1789184203.428080,758038,f,,f,f
1789184203.428080,758260,f,,f,f
1789184203.428080,758040,f,,f,f
1789184203.428080,915035,f,,f,f
1789184203.428080,915044,f,,f,f
1789184203.428080,758043,f,,f,f
1789184203.428080,758039,f,,f,f
1789184203.428080,758434,f,,f,f
1789184203.428080,758044,f,,f,f
1789184203.428080,759605,f,,f,f
1789184203.428080,915058,f,,f,f
1789184203.428080,759060,f,,f,f
1789184203.428080,758075,f,,f,f
1789184203.428080,915052,f,,f,f
1789184203.428080,759675,f,,f,f
1789184203.428080,915047,f,,f,f
1789184203.428080,758736,f,,f,f
1789184203.428080,759532,f,,f,f
1789184203.428080,915049,f,,f,f
1789184203.428080,758045,f,,f,f
1789184203.428080,758041,f,,f,f
1789184203.428080,759331,f,,f,f
1789184203.428080,759434,f,,f,f
1789184203.428080,758572,f,,f,f
1789184203.428080,758047,f,,f,f
1789184203.428080,758049,f,,f,f
1789184203.428080,915053,f,,f,f
1789184203.428080,758512,f,,f,f
1789184203.428080,915029,f,,f,f
1789184203.428080,915043,f,,f,f
1789184263.516697,758042,f,,f,f
1789184263.516697,758819,f,,f,f
1789184263.516697,759812,f,,f,f
1789184263.516697,758037,f,,f,f
1789184263.516697,758080,f,,f,f
1789184263.516697,758032,f,,f,f
1789184263.516697,918994,f,,f,f
1789184263.516697,758116,f,,f,f
1789184263.516697,758896,f,,f,f
1789184263.516697,759869,f,,f,f
1789184263.516697,919002,f,,f,f
1789184263.516697,758174,f,,f,f
1789184263.516697,918998,f,,f,f
1789184263.516697,919001,f,,f,f
1789184263.516697,919013,f,,f,f
1789184263.516697,918980,f,,f,f
1789184263.516697,919016,f,,f,f
1789184263.516697,919000,f,,f,f
1789184263.516697,759250,f,,f,f
1789184263.516697,758051,f,,f,f
1789184263.516697,919017,f,,f,f
1789184263.516697,918984,f,,f,f
1789184263.516697,758204,f,,f,f
1789184263.516697,758314,f,,f,f
1789184263.516697,919019,f,,f,f
1789184263.516697,758149,f,,f,f
1789184263.516697,758052,f,,f,f
1789184263.516697,759171,f,,f,f
1789184263.516697,758046,f,,f,f
1789184263.516697,758372,f,,f,f
1789184263.516697,758050,f,,f,f
1789184263.516697,919003,f,,f,f
1789184263.516697,919014,f,,f,f
1789184263.516697,758653,f,,f,f
1789184263.516697,758971,f,,f,f
1789184263.516697,919021,f,,f,f
1789184263.516697,758091,f,,f,f
1789184263.516697,758048,f,,f,f
1789184263.516697,919020,f,,f,f
1789184263.516697,758038,f,,f,f
1789184263.516697,758260,f,,f,f
1789184263.516697,919018,f,,f,f
1789184263.516697,758040,f,,f,f
1789184263.516697,919008,f,,f,f
1789184263.516697,918992,f,,f,f
1789184263.516697,919004,f,,f,f
1789184263.516697,919005,f,,f,f
1789184263.516697,758043,f,,f,f
1789184263.516697,758039,f,,f,f
1789184263.516697,758434,f,,f,f
1789184263.516697,758044,f,,f,f
1789184263.516697,918991,f,,f,f
1789184263.516697,919012,f,,f,f
1789184263.516697,759605,f,,f,f
1789184263.516697,919009,f,,f,f
1789184263.516697,918993,f,,f,f
1789184263.516697,919011,f,,f,f
1789184263.516697,918988,f,,f,f
1789184263.516697,759060,f,,f,f
1789184263.516697,758075,f,,f,f
1789184263.516697,919015,f,,f,f
1789184263.516697,919010,f,,f,f
1789184263.516697,759675,f,,f,f
1789184263.516697,758736,f,,f,f
1789184263.516697,919007,f,,f,f
1789184263.516697,759532,f,,f,f
1789184263.516697,758045,f,,f,f
1789184263.516697,758041,f,,f,f
1789184263.516697,759331,f,,f,f
1789184263.516697,759434,f,,f,f
1789184263.516697,758572,f,,f,f
1789184263.516697,758047,f,,f,f
1789184263.516697,758049,f,,f,f
1789184263.516697,918989,f,,f,f
1789184263.516697,918999,f,,f,f
1789184263.516697,918995,f,,f,f
1789184263.516697,918975,f,,f,f
1789184263.516697,918996,f,,f,f
1789184263.516697,758512,f,,f,f
1789184263.516697,918997,f,,f,f
1789184323.642748,758042,f,,f,f
1789184323.642748,758819,f,,f,f
1789184323.642748,759812,f,,f,f
1789184323.642748,758037,f,,f,f
1789184323.642748,921897,f,,f,f
1789184323.642748,921884,f,,f,f
1789184323.642748,758080,f,,f,f
1789184323.642748,758032,f,,f,f
1789184323.642748,758116,f,,f,f
1789184323.642748,758896,f,,f,f
1789184323.642748,921893,f,,f,f
1789184323.642748,921901,f,,f,f
1789184323.642748,759869,f,,f,f
1789184323.642748,758174,f,,f,f
1789184323.642748,921888,f,,f,f
1789184323.642748,759250,f,,f,f
1789184323.642748,758051,f,,f,f
1789184323.642748,758204,f,,f,f
1789184323.642748,758314,f,,f,f
1789184323.642748,758149,f,,f,f
1789184323.642748,758052,f,,f,f
1789184323.642748,759171,f,,f,f
1789184323.642748,758046,f,,f,f
1789184323.642748,921895,f,,f,f
1789184323.642748,921903,f,,f,f
1789184323.642748,921892,f,,f,f
1789184323.642748,758372,f,,f,f
1789184323.642748,921906,f,,f,f
1789184323.642748,758050,f,,f,f
1789184323.642748,758653,f,,f,f
1789184323.642748,758971,f,,f,f
1789184323.642748,921885,f,,f,f
1789184323.642748,921890,f,,f,f
1789184323.642748,758091,f,,f,f
1789184323.642748,758048,f,,f,f
1789184323.642748,921889,f,,f,f
1789184323.642748,758038,f,,f,f
1789184323.642748,758260,f,,f,f
1789184323.642748,758040,f,,f,f
1789184323.642748,758043,f,,f,f
1789184323.642748,758039,f,,f,f
1789184323.642748,758434,f,,f,f
1789184323.642748,758044,f,,f,f
1789184323.642748,921902,f,,f,f
1789184323.642748,759605,f,,f,f
1789184323.642748,921896,f,,f,f
1789184323.642748,921887,f,,f,f
1789184323.642748,759060,f,,f,f
1789184323.642748,758075,f,,f,f
1789184323.642748,921905,f,,f,f
1789184323.642748,759675,f,,f,f
1789184323.642748,758736,f,,f,f
1789184323.642748,759532,f,,f,f
1789184323.642748,758045,f,,f,f
1789184323.642748,758041,f,,f,f
1789184323.642748,759331,f,,f,f
1789184323.642748,759434,f,,f,f
1789184323.642748,758572,f,,f,f
1789184323.642748,921907,f,,f,f
1789184323.642748,758047,f,,f,f
1789184323.642748,921898,f,,f,f
1789184323.642748,758049,f,,f,f
1789184323.642748,758512,f,,f,f
1789184323.642748,921900,f,,f,f
1789184323.642748,921904,f,,f,f
1789184383.781739,758042,f,,f,f
1789184383.781739,758819,f,,f,f
1789184383.781739,759812,f,,f,f
1789184383.781739,758037,f,,f,f
1789184383.781739,925302,f,,f,f
1789184383.781739,758080,f,,f,f
1789184383.781739,758032,f,,f,f
1789184383.781739,925307,f,,f,f
1789184383.781739,758116,f,,f,f
1789184383.781739,925301,f,,f,f
1789184383.781739,758896,f,,f,f
1789184383.781739,759869,f,,f,f
1789184383.781739,925311,f,,f,f
1789184383.781739,925314,f,,f,f
1789184383.781739,758174,f,,f,f
1789184383.781739,925317,f,,f,f
1789184383.781739,925305,f,,f,f
1789184383.781739,925293,f,,f,f
1789184383.781739,925294,f,,f,f
1789184383.781739,759250,f,,f,f
1789184383.781739,758051,f,,f,f
1789184383.781739,925321,f,,f,f
1789184383.781739,925325,f,,f,f
1789184383.781739,758204,f,,f,f
1789184383.781739,758314,f,,f,f
1789184383.781739,758149,f,,f,f
1789184383.781739,925323,f,,f,f
1789184383.781739,758052,f,,f,f
1789184383.781739,759171,f,,f,f
1789184383.781739,925296,f,,f,f
1789184383.781739,758046,f,,f,f
1789184383.781739,758372,f,,f,f
1789184383.781739,925326,f,,f,f
1789184383.781739,925291,f,,f,f
1789184383.781739,925292,f,,f,f
1789184383.781739,925309,f,,f,f
1789184383.781739,758050,f,,f,f
1789184383.781739,925310,f,,f,f
1789184383.781739,925312,f,,f,f
1789184383.781739,925324,f,,f,f
1789184383.781739,758653,f,,f,f
1789184383.781739,758971,f,,f,f
1789184383.781739,758091,f,,f,f
1789184383.781739,758048,f,,f,f
1789184383.781739,925319,f,,f,f
1789184383.781739,925295,f,,f,f
1789184383.781739,758038,f,,f,f
1789184383.781739,758260,f,,f,f
1789184383.781739,758040,f,,f,f
1789184383.781739,925316,f,,f,f
1789184383.781739,758043,f,,f,f
1789184383.781739,925299,f,,f,f
1789184383.781739,758039,f,,f,f
1789184383.781739,758434,f,,f,f
1789184383.781739,925308,f,,f,f
1789184383.781739,925304,f,,f,f
1789184383.781739,758044,f,,f,f
1789184383.781739,925300,f,,f,f
1789184383.781739,759605,f,,f,f
1789184383.781739,759060,f,,f,f
1789184383.781739,925315,f,,f,f
1789184383.781739,925303,f,,f,f
1789184383.781739,758075,f,,f,f
1789184383.781739,925297,f,,f,f
1789184383.781739,759675,f,,f,f
1789184383.781739,758736,f,,f,f
1789184383.781739,925320,f,,f,f
1789184383.781739,759532,f,,f,f
1789184383.781739,758045,f,,f,f
1789184383.781739,758041,f,,f,f
1789184383.781739,925298,f,,f,f
1789184383.781739,759331,f,,f,f
1789184383.781739,759434,f,,f,f
1789184383.781739,758572,f,,f,f
1789184383.781739,925313,f,,f,f
1789184383.781739,758047,f,,f,f
1789184383.781739,758049,f,,f,f
1789184383.781739,925318,f,,f,f
1789184383.781739,758512,f,,f,f
1789184383.781739,925306,f,,f,f
1789184443.909932,758042,f,,f,f
1789184443.909932,758819,f,,f,f
1789184443.909932,759812,f,,f,f
1789184443.909932,758037,f,,f,f
1789184443.909932,928392,f,,f,f
1789184443.909932,758080,f,,f,f
1789184443.909932,758032,f,,f,f
1789184443.909932,758116,f,,f,f
1789184443.909932,928400,f,,f,f
1789184443.909932,758896,f,,f,f
1789184443.909932,759869,f,,f,f
1789184443.909932,758174,f,,f,f
1789184443.909932,928385,f,,f,f
1789184443.909932,759250,f,,f,f
1789184443.909932,758051,f,,f,f
1789184443.909932,758204,f,,f,f
1789184443.909932,928407,f,,f,f
1789184443.909932,758314,f,,f,f
1789184443.909932,758149,f,,f,f
1789184443.909932,758052,f,,f,f
1789184443.909932,928405,f,,f,f
1789184443.909932,928403,f,,f,f
1789184443.909932,928381,f,,f,f
1789184443.909932,759171,f,,f,f
1789184443.909932,758046,f,,f,f
1789184443.909932,928386,f,,f,f
1789184443.909932,758372,f,,f,f
1789184443.909932,928395,f,,f,f
1789184443.909932,928408,f,,f,f
1789184443.909932,758050,f,,f,f
1789184443.909932,928376,f,,f,f
1789184443.909932,758653,f,,f,f
1789184443.909932,758971,f,,f,f
1789184443.909932,758091,f,,f,f
1789184443.909932,758048,f,,f,f
1789184443.909932,928389,f,,f,f
1789184443.909932,758038,f,,f,f
1789184443.909932,758260,f,,f,f
1789184443.909932,758040,f,,f,f
1789184443.909932,928379,f,,f,f
1789184443.909932,928398,f,,f,f
1789184443.909932,758043,f,,f,f
1789184443.909932,758039,f,,f,f
1789184443.909932,758434,f,,f,f
1789184443.909932,758044,f,,f,f
1789184443.909932,759605,f,,f,f
1789184443.909932,928393,f,,f,f
1789184443.909932,928387,f,,f,f
1789184443.909932,928406,f,,f,f
1789184443.909932,928399,f,,f,f
1789184443.909932,759060,f,,f,f
1789184443.909932,928384,f,,f,f
1789184443.909932,758075,f,,f,f
1789184443.909932,928377,f,,f,f
1789184443.909932,759675,f,,f,f
1789184443.909932,758736,f,,f,f
1789184443.909932,759532,f,,f,f
1789184443.909932,928371,f,,f,f
1789184443.909932,758045,f,,f,f
1789184443.909932,928374,f,,f,f
1789184443.909932,758041,f,,f,f
1789184443.909932,759331,f,,f,f
1789184443.909932,928383,f,,f,f
1789184443.909932,759434,f,,f,f
1789184443.909932,758572,f,,f,f
1789184443.909932,928375,f,,f,f
1789184443.909932,758047,f,,f,f
1789184443.909932,758049,f,,f,f
1789184443.909932,928401,f,,f,f
1789184443.909932,928402,f,,f,f
1789184443.909932,928380,f,,f,f
1789184443.909932,758512,f,,f,f
1789184443.909932,928404,f,,f,f
1789184503.989367,758042,f,,f,f
1789184503.989367,758819,f,,f,f
1789184503.989367,932266,f,,f,f
1789184503.989367,759812,f,,f,f
1789184503.989367,758037,f,,f,f
1789184503.989367,932256,f,,f,f
1789184503.989367,758080,f,,f,f
1789184503.989367,758032,f,,f,f
1789184503.989367,758116,f,,f,f
1789184503.989367,932271,f,,f,f
1789184503.989367,758896,f,,f,f
1789184503.989367,932278,f,,f,f
1789184503.989367,759869,f,,f,f
1789184503.989367,758174,f,,f,f
1789184503.989367,932260,f,,f,f
1789184503.989367,759250,f,,f,f
1789184503.989367,932270,f,,f,f
1789184503.989367,758051,f,,f,f
1789184503.989367,932259,f,,f,f
1789184503.989367,932272,f,,f,f
1789184503.989367,758204,f,,f,f
1789184503.989367,758314,f,,f,f
1789184503.989367,758149,f,,f,f
1789184503.989367,932245,f,,f,f
1789184503.989367,758052,f,,f,f
1789184503.989367,932261,f,,f,f
1789184503.989367,932262,f,,f,f
1789184503.989367,759171,f,,f,f
1789184503.989367,758046,f,,f,f
1789184503.989367,932263,f,,f,f
1789184503.989367,932279,f,,f,f
1789184503.989367,758372,f,,f,f
1789184503.989367,932268,f,,f,f
1789184503.989367,932276,f,,f,f
1789184503.989367,758050,f,,f,f
1789184503.989367,932258,f,,f,f
1789184503.989367,758653,f,,f,f
1789184503.989367,758971,f,,f,f
1789184503.989367,758091,f,,f,f
1789184503.989367,758048,f,,f,f
1789184503.989367,758038,f,,f,f
1789184503.989367,758260,f,,f,f
1789184503.989367,758040,f,,f,f
1789184503.989367,932275,f,,f,f
1789184503.989367,932274,f,,f,f
1789184503.989367,758043,f,,f,f
1789184503.989367,758039,f,,f,f
1789184503.989367,758434,f,,f,f
1789184503.989367,932246,f,,f,f
1789184503.989367,758044,f,,f,f
1789184503.989367,759605,f,,f,f
1789184503.989367,932265,f,,f,f
1789184503.989367,932269,f,,f,f
1789184503.989367,932267,f,,f,f
1789184503.989367,759060,f,,f,f
1789184503.989367,758075,f,,f,f
1789184503.989367,759675,f,,f,f
1789184503.989367,758736,f,,f,f
1789184503.989367,759532,f,,f,f
1789184503.989367,758045,f,,f,f
1789184503.989367,758041,f,,f,f
1789184503.989367,759331,f,,f,f
1789184503.989367,759434,f,,f,f
1789184503.989367,758572,f,,f,f
1789184503.989367,932264,f,,f,f
1789184503.989367,758047,f,,f,f
1789184503.989367,758049,f,,f,f
1789184503.989367,932255,f,,f,f
1789184503.989367,758512,f,,f,f
1789184503.989367,932257,f,,f,f
1789184503.989367,932273,f,,f,f
1789184503.989367,932277,f,,f,f
1789184563.133429,758042,f,,f,f
1789184563.133429,758819,f,,f,f
1789184563.133429,759812,f,,f,f
1789184563.133429,758037,f,,f,f
1789184563.133429,935657,f,,f,f
1789184563.133429,935653,f,,f,f
1789184563.133429,758080,f,,f,f
1789184563.133429,758032,f,,f,f
1789184563.133429,935634,f,,f,f
1789184563.133429,935650,f,,f,f
1789184563.133429,758116,f,,f,f
1789184563.133429,758896,f,,f,f
1789184563.133429,759869,f,,f,f
1789184563.133429,935660,f,,f,f
1789184563.133429,935646,f,,f,f
1789184563.133429,758174,f,,f,f
1789184563.133429,935658,f,,f,f
1789184563.133429,935642,f,,f,f
1789184563.133429,935654,f,,f,f
1789184563.133429,759250,f,,f,f
1789184563.133429,758051,f,,f,f
1789184563.133429,758204,f,,f,f
1789184563.133429,758314,f,,f,f
1789184563.133429,758149,f,,f,f
1789184563.133429,758052,f,,f,f
1789184563.133429,759171,f,,f,f
1789184563.133429,758046,f,,f,f
1789184563.133429,935647,f,,f,f
1789184563.133429,758372,f,,f,f
1789184563.133429,935635,f,,f,f
1789184563.133429,935631,f,,f,f
1789184563.133429,758050,f,,f,f
1789184563.133429,758653,f,,f,f
1789184563.133429,758971,f,,f,f
1789184563.133429,935661,f,,f,f
1789184563.133429,935644,f,,f,f
1789184563.133429,935639,f,,f,f
1789184563.133429,758091,f,,f,f
1789184563.133429,758048,f,,f,f
1789184563.133429,758038,f,,f,f
1789184563.133429,758260,f,,f,f
1789184563.133429,758040,f,,f,f
1789184563.133429,935656,f,,f,f
1789184563.133429,935663,f,,f,f
1789184563.133429,935630,f,,f,f
1789184563.133429,758043,f,,f,f
1789184563.133429,758039,f,,f,f
1789184563.133429,758434,f,,f,f
1789184563.133429,758044,f,,f,f
1789184563.133429,935641,f,,f,f
1789184563.133429,935666,f,,f,f
1789184563.133429,759605,f,,f,f
1789184563.133429,935655,f,,f,f
1789184563.133429,935664,f,,f,f
1789184563.133429,935665,f,,f,f
1789184563.133429,759060,f,,f,f
1789184563.133429,758075,f,,f,f
1789184563.133429,759675,f,,f,f
1789184563.133429,758736,f,,f,f
1789184563.133429,759532,f,,f,f
1789184563.133429,758045,f,,f,f
1789184563.133429,758041,f,,f,f
1789184563.133429,759331,f,,f,f
1789184563.133429,759434,f,,f,f
1789184563.133429,758572,f,,f,f
1789184563.133429,935652,f,,f,f
1789184563.133429,935633,f,,f,f
1789184563.133429,935659,f,,f,f
1789184563.133429,935643,f,,f,f
1789184563.133429,758047,f,,f,f
1789184563.133429,935662,f,,f,f
1789184563.133429,758049,f,,f,f
1789184563.133429,935649,f,,f,f
1789184563.133429,935636,f,,f,f
1789184563.133429,935648,f,,f,f
1789184563.133429,935668,f,,f,f
1789184563.133429,935651,f,,f,f
1789184563.133429,758512,f,,f,f
1789184563.133429,935667,f,,f,f
1789184563.133429,935640,f,,f,f
1789184623.223909,938821,f,,f,f
1789184623.223909,758042,f,,f,f
1789184623.223909,758819,f,,f,f
1789184623.223909,759812,f,,f,f
1789184623.223909,758037,f,,f,f
1789184623.223909,758080,f,,f,f
1789184623.223909,758032,f,,f,f
1789184623.223909,758116,f,,f,f
1789184623.223909,758896,f,,f,f
1789184623.223909,938810,f,,f,f
1789184623.223909,759869,f,,f,f
1789184623.223909,938825,f,,f,f
1789184623.223909,758174,f,,f,f
1789184623.223909,759250,f,,f,f
1789184623.223909,758051,f,,f,f
1789184623.223909,758204,f,,f,f
1789184623.223909,758314,f,,f,f
1789184623.223909,938807,f,,f,f
1789184623.223909,758149,f,,f,f
1789184623.223909,758052,f,,f,f
1789184623.223909,759171,f,,f,f
1789184623.223909,758046,f,,f,f
1789184623.223909,938826,f,,f,f
1789184623.223909,758372,f,,f,f
1789184623.223909,938808,f,,f,f
1789184623.223909,758050,f,,f,f
1789184623.223909,758653,f,,f,f
1789184623.223909,758971,f,,f,f
1789184623.223909,938830,f,,f,f
1789184623.223909,938811,f,,f,f
1789184623.223909,758091,f,,f,f
1789184623.223909,758048,f,,f,f
1789184623.223909,938829,f,,f,f
1789184623.223909,758038,f,,f,f
1789184623.223909,758260,f,,f,f
1789184623.223909,758040,f,,f,f
1789184623.223909,938820,f,,f,f
1789184623.223909,938814,f,,f,f
1789184623.223909,758043,f,,f,f
1789184623.223909,758039,f,,f,f
1789184623.223909,758434,f,,f,f
1789184623.223909,758044,f,,f,f
1789184623.223909,759605,f,,f,f
1789184623.223909,938827,f,,f,f
1789184623.223909,759060,f,,f,f
1789184623.223909,758075,f,,f,f
1789184623.223909,759675,f,,f,f
1789184623.223909,938812,f,,f,f
1789184623.223909,758736,f,,f,f
1789184623.223909,938815,f,,f,f
1789184623.223909,759532,f,,f,f
1789184623.223909,758045,f,,f,f
1789184623.223909,758041,f,,f,f
1789184623.223909,759331,f,,f,f
1789184623.223909,759434,f,,f,f
1789184623.223909,758572,f,,f,f
1789184623.223909,758047,f,,f,f
1789184623.223909,938824,f,,f,f
1789184623.223909,758049,f,,f,f
1789184623.223909,758512,f,,f,f
1789184623.223909,938831,f,,f,f
1789184683.409043,758042,f,,f,f
1789184683.409043,758819,f,,f,f
1789184683.409043,759812,f,,f,f
1789184683.409043,758037,f,,f,f
1789184683.409043,758080,f,,f,f
1789184683.409043,758032,f,,f,f
1789184683.409043,758116,f,,f,f
1789184683.409043,942308,f,,f,f
1789184683.409043,758896,f,,f,f
1789184683.409043,759869,f,,f,f
1789184683.409043,758174,f,,f,f
1789184683.409043,942282,f,,f,f
1789184683.409043,759250,f,,f,f
1789184683.409043,942277,f,,f,f
1789184683.409043,758051,f,,f,f
1789184683.409043,758204,f,,f,f
1789184683.409043,758314,f,,f,f
1789184683.409043,758149,f,,f,f
1789184683.409043,758052,f,,f,f
1789184683.409043,759171,f,,f,f
1789184683.409043,758046,f,,f,f
1789184683.409043,758372,f,,f,f
1789184683.409043,942278,f,,f,f
1789184683.409043,942287,f,,f,f
1789184683.409043,942311,f,,f,f
1789184683.409043,758050,f,,f,f
1789184683.409043,942291,f,,f,f
1789184683.409043,942305,f,,f,f
1789184683.409043,942296,f,,f,f
1789184683.409043,758653,f,,f,f
1789184683.409043,758971,f,,f,f
1789184683.409043,942303,f,,f,f
1789184683.409043,942304,f,,f,f
1789184683.409043,942295,f,,f,f
1789184683.409043,758091,f,,f,f
1789184683.409043,758048,f,,f,f
1789184683.409043,758038,f,,f,f
1789184683.409043,942307,f,,f,f
1789184683.409043,758260,f,,f,f
1789184683.409043,942292,f,,f,f
1789184683.409043,758040,f,,f,f
1789184683.409043,942297,f,,f,f
1789184683.409043,942306,f,,f,f
1789184683.409043,942283,f,,f,f
1789184683.409043,758043,f,,f,f
1789184683.409043,758039,f,,f,f
1789184683.409043,758434,f,,f,f
1789184683.409043,758044,f,,f,f
1789184683.409043,942312,f,,f,f
1789184683.409043,942301,f,,f,f
1789184683.409043,759605,f,,f,f
1789184683.409043,942310,f,,f,f
1789184683.409043,759060,f,,f,f
1789184683.409043,758075,f,,f,f
1789184683.409043,759675,f,,f,f
1789184683.409043,758736,f,,f,f
1789184683.409043,759532,f,,f,f
1789184683.409043,758045,f,,f,f
1789184683.409043,758041,f,,f,f
1789184683.409043,759331,f,,f,f
1789184683.409043,759434,f,,f,f
1789184683.409043,758572,f,,f,f
1789184683.409043,942298,f,,f,f
1789184683.409043,758047,f,,f,f
1789184683.409043,758049,f,,f,f
1789184683.409043,942315,f,,f,f
1789184683.409043,942294,f,,f,f
1789184683.409043,942317,f,,f,f
1789184683.409043,942299,f,,f,f
1789184683.409043,942300,f,,f,f
1789184683.409043,758512,f,,f,f
1789184683.409043,942285,f,,f,f
1789184683.409043,942314,f,,f,f
1789184743.523687,758042,f,,f,f
1789184743.523687,758819,f,,f,f
1789184743.523687,759812,f,,f,f
1789184743.523687,758037,f,,f,f
1789184743.523687,758080,f,,f,f
1789184743.523687,758032,f,,f,f
1789184743.523687,758116,f,,f,f
1789184743.523687,758896,f,,f,f
1789184743.523687,759869,f,,f,f
1789184743.523687,945341,f,,f,f
1789184743.523687,758174,f,,f,f
1789184743.523687,945340,f,,f,f
1789184743.523687,945359,f,,f,f
1789184743.523687,945343,f,,f,f
1789184743.523687,759250,f,,f,f
1789184743.523687,758051,f,,f,f
1789184743.523687,758204,f,,f,f
1789184743.523687,758314,f,,f,f
1789184743.523687,758149,f,,f,f
1789184743.523687,945348,f,,f,f
1789184743.523687,758052,f,,f,f
1789184743.523687,759171,f,,f,f
1789184743.523687,758046,f,,f,f
1789184743.523687,945347,f,,f,f
1789184743.523687,758372,f,,f,f
1789184743.523687,945328,f,,f,f
1789184743.523687,945346,f,,f,f
1789184743.523687,945350,f,,f,f
1789184743.523687,758050,f,,f,f
1789184743.523687,945355,f,,f,f
1789184743.523687,945352,f,,f,f
1789184743.523687,758653,f,,f,f
1789184743.523687,758971,f,,f,f
1789184743.523687,945337,f,,f,f
1789184743.523687,945338,f,,f,f
1789184743.523687,758091,f,,f,f
1789184743.523687,758048,f,,f,f
1789184743.523687,758038,f,,f,f
1789184743.523687,758260,f,,f,f
1789184743.523687,758040,f,,f,f
1789184743.523687,945356,f,,f,f
1789184743.523687,945334,f,,f,f
1789184743.523687,945362,f,,f,f
1789184743.523687,758043,f,,f,f
1789184743.523687,758039,f,,f,f
1789184743.523687,758434,f,,f,f
1789184743.523687,758044,f,,f,f
1789184743.523687,945354,f,,f,f
1789184743.523687,945351,f,,f,f
1789184743.523687,759605,f,,f,f
1789184743.523687,945357,f,,f,f
1789184743.523687,945335,f,,f,f
1789184743.523687,759060,f,,f,f
1789184743.523687,945330,f,,f,f
1789184743.523687,758075,f,,f,f
1789184743.523687,759675,f,,f,f
1789184743.523687,758736,f,,f,f
1789184743.523687,759532,f,,f,f
1789184743.523687,945358,f,,f,f
1789184743.523687,945331,f,,f,f
1789184743.523687,758045,f,,f,f
1789184743.523687,945345,f,,f,f
1789184743.523687,758041,f,,f,f
1789184743.523687,759331,f,,f,f
1789184743.523687,945360,f,,f,f
1789184743.523687,759434,f,,f,f
1789184743.523687,758572,f,,f,f
1789184743.523687,945353,f,,f,f
1789184743.523687,758047,f,,f,f
1789184743.523687,945349,f,,f,f
1789184743.523687,945333,f,,f,f
1789184743.523687,758049,f,,f,f
1789184743.523687,758512,f,,f,f
1789184743.523687,945339,f,,f,f
1789184743.523687,945332,f,,f,f
1789184743.523687,945329,f,,f,f
1789184743.523687,945361,f,,f,f
1789184743.523687,945336,f,,f,f
1789184803.620797,758042,f,,f,f
1789184803.620797,758819,f,,f,f
1789184803.620797,759812,f,,f,f
1789184803.620797,758037,f,,f,f
1789184803.620797,758080,f,,f,f
1789184803.620797,758032,f,,f,f
1789184803.620797,948971,f,,f,f
1789184803.620797,758116,f,,f,f
1789184803.620797,758896,f,,f,f
1789184803.620797,759869,f,,f,f
1789184803.620797,758174,f,,f,f
1789184803.620797,948996,f,,f,f
1789184803.620797,759250,f,,f,f
1789184803.620797,758051,f,,f,f
1789184803.620797,758204,f,,f,f
1789184803.620797,758314,f,,f,f
1789184803.620797,758149,f,,f,f
1789184803.620797,949005,f,,f,f
1789184803.620797,758052,f,,f,f
1789184803.620797,948952,f,,f,f
1789184803.620797,949004,f,,f,f
1789184803.620797,759171,f,,f,f
1789184803.620797,758046,f,,f,f
1789184803.620797,758372,f,,f,f
1789184803.620797,948998,f,,f,f
1789184803.620797,949002,f,,f,f
1789184803.620797,949003,f,,f,f
1789184803.620797,948984,f,,f,f
1789184803.620797,948991,f,,f,f
1789184803.620797,948980,f,,f,f
1789184803.620797,758050,f,,f,f
1789184803.620797,758653,f,,f,f
1789184803.620797,758971,f,,f,f
1789184803.620797,948951,f,,f,f
1789184803.620797,758091,f,,f,f
1789184803.620797,758048,f,,f,f
1789184803.620797,758038,f,,f,f
1789184803.620797,758260,f,,f,f
1789184803.620797,758040,f,,f,f
1789184803.620797,948954,f,,f,f
1789184803.620797,948990,f,,f,f
1789184803.620797,948979,f,,f,f
1789184803.620797,948988,f,,f,f
1789184803.620797,949000,f,,f,f
1789184803.620797,758043,f,,f,f
1789184803.620797,758039,f,,f,f
1789184803.620797,758434,f,,f,f
1789184803.620797,948965,f,,f,f
1789184803.620797,758044,f,,f,f
1789184803.620797,948999,f,,f,f
1789184803.620797,948992,f,,f,f
1789184803.620797,948982,f,,f,f
1789184803.620797,759605,f,,f,f
1789184803.620797,948981,f,,f,f
1789184803.620797,948973,f,,f,f
1789184803.620797,948997,f,,f,f
1789184803.620797,759060,f,,f,f
1789184803.620797,758075,f,,f,f
1789184803.620797,948995,f,,f,f
1789184803.620797,948959,f,,f,f
1789184803.620797,759675,f,,f,f
1789184803.620797,758736,f,,f,f
1789184803.620797,759532,f,,f,f
1789184803.620797,948983,f,,f,f
1789184803.620797,758045,f,,f,f
1789184803.620797,758041,f,,f,f
1789184803.620797,759331,f,,f,f
1789184803.620797,759434,f,,f,f
1789184803.620797,758572,f,,f,f
1789184803.620797,948993,f,,f,f
1789184803.620797,948967,f,,f,f
1789184803.620797,758047,f,,f,f
1789184803.620797,758049,f,,f,f
1789184803.620797,948987,f,,f,f
1789184803.620797,758512,f,,f,f
1789184803.620797,948972,f,,f,f
1789184863.710085,951983,f,,f,f
1789184863.710085,758042,f,,f,f
1789184863.710085,758819,f,,f,f
1789184863.710085,951986,f,,f,f
1789184863.710085,759812,f,,f,f
1789184863.710085,758037,f,,f,f
1789184863.710085,758080,f,,f,f
1789184863.710085,758032,f,,f,f
1789184863.710085,951997,f,,f,f
1789184863.710085,951981,f,,f,f
1789184863.710085,758116,f,,f,f
1789184863.710085,758896,f,,f,f
1789184863.710085,759869,f,,f,f
1789184863.710085,951984,f,,f,f
1789184863.710085,758174,f,,f,f
1789184863.710085,951979,f,,f,f
1789184863.710085,951995,f,,f,f
1789184863.710085,759250,f,,f,f
1789184863.710085,758051,f,,f,f
1789184863.710085,758204,f,,f,f
1789184863.710085,758314,f,,f,f
1789184863.710085,758149,f,,f,f
1789184863.710085,952009,f,,f,f
1789184863.710085,758052,f,,f,f
1789184863.710085,759171,f,,f,f
1789184863.710085,758046,f,,f,f
1789184863.710085,758372,f,,f,f
1789184863.710085,952000,f,,f,f
1789184863.710085,952003,f,,f,f
1789184863.710085,952002,f,,f,f
1789184863.710085,951987,f,,f,f
1789184863.710085,758050,f,,f,f
1789184863.710085,952010,f,,f,f
1789184863.710085,951980,f,,f,f
1789184863.710085,951993,f,,f,f
1789184863.710085,951998,f,,f,f
1789184863.710085,758653,f,,f,f
1789184863.710085,758971,f,,f,f
1789184863.710085,952006,f,,f,f
1789184863.710085,951989,f,,f,f
1789184863.710085,951982,f,,f,f
1789184863.710085,758091,f,,f,f
1789184863.710085,758048,f,,f,f
1789184863.710085,952007,f,,f,f
1789184863.710085,758038,f,,f,f
1789184863.710085,758260,f,,f,f
1789184863.710085,758040,f,,f,f
1789184863.710085,952011,f,,f,f
1789184863.710085,758043,f,,f,f
1789184863.710085,758039,f,,f,f
1789184863.710085,758434,f,,f,f
1789184863.710085,758044,f,,f,f
1789184863.710085,952013,f,,f,f
1789184863.710085,759605,f,,f,f
1789184863.710085,759060,f,,f,f
1789184863.710085,951991,f,,f,f
1789184863.710085,952004,f,,f,f
1789184863.710085,758075,f,,f,f
1789184863.710085,759675,f,,f,f
1789184863.710085,758736,f,,f,f
1789184863.710085,952001,f,,f,f
1789184863.710085,759532,f,,f,f
1789184863.710085,758045,f,,f,f
1789184863.710085,758041,f,,f,f
1789184863.710085,952005,f,,f,f
1789184863.710085,759331,f,,f,f
1789184863.710085,759434,f,,f,f
1789184863.710085,758572,f,,f,f
1789184863.710085,951978,f,,f,f
1789184863.710085,951996,f,,f,f
1789184863.710085,758047,f,,f,f
1789184863.710085,951992,f,,f,f
1789184863.710085,758049,f,,f,f
1789184863.710085,952008,f,,f,f
1789184863.710085,951994,f,,f,f
1789184863.710085,951990,f,,f,f
1789184863.710085,951988,f,,f,f
1789184863.710085,951985,f,,f,f
1789184863.710085,758512,f,,f,f
1789184863.710085,951977,f,,f,f
1789184923.837390,758042,f,,f,f
1789184923.837390,758819,f,,f,f
1789184923.837390,759812,f,,f,f
1789184923.837390,758037,f,,f,f
1789184923.837390,758080,f,,f,f
1789184923.837390,758032,f,,f,f
1789184923.837390,758116,f,,f,f
1789184923.837390,758896,f,,f,f
1789184923.837390,759869,f,,f,f
1789184923.837390,758174,f,,f,f
1789184923.837390,955858,f,,f,f
1789184923.837390,955865,f,,f,f
1789184923.837390,955854,f,,f,f
1789184923.837390,955827,f,,f,f
1789184923.837390,955863,f,,f,f
1789184923.837390,759250,f,,f,f
1789184923.837390,758051,f,,f,f
1789184923.837390,955868,f,,f,f
1789184923.837390,758204,f,,f,f
1789184923.837390,758314,f,,f,f
1789184923.837390,758149,f,,f,f
1789184923.837390,758052,f,,f,f
1789184923.837390,955867,f,,f,f
1789184923.837390,759171,f,,f,f
1789184923.837390,758046,f,,f,f
1789184923.837390,758372,f,,f,f
1789184923.837390,955857,f,,f,f
1789184923.837390,955855,f,,f,f
1789184923.837390,955864,f,,f,f
1789184923.837390,758050,f,,f,f
1789184923.837390,955871,f,,f,f
1789184923.837390,758653,f,,f,f
1789184923.837390,758971,f,,f,f
1789184923.837390,758091,f,,f,f
1789184923.837390,758048,f,,f,f
1789184923.837390,955866,f,,f,f
1789184923.837390,758038,f,,f,f
1789184923.837390,758260,f,,f,f
1789184923.837390,758040,f,,f,f
1789184923.837390,955872,f,,f,f
1789184923.837390,758043,f,,f,f
1789184923.837390,758039,f,,f,f
1789184923.837390,758434,f,,f,f
1789184923.837390,955870,f,,f,f
1789184923.837390,955828,f,,f,f
1789184923.837390,758044,f,,f,f
1789184923.837390,955869,f,,f,f
1789184923.837390,759605,f,,f,f
1789184923.837390,759060,f,,f,f
1789184923.837390,758075,f,,f,f
1789184923.837390,759675,f,,f,f
1789184923.837390,955862,f,,f,f
1789184923.837390,758736,f,,f,f
1789184923.837390,759532,f,,f,f
1789184923.837390,758045,f,,f,f
1789184923.837390,758041,f,,f,f
1789184923.837390,759331,f,,f,f
1789184923.837390,759434,f,,f,f
1789184923.837390,758572,f,,f,f
1789184923.837390,955853,f,,f,f
1789184923.837390,758047,f,,f,f
1789184923.837390,955850,f,,f,f
1789184923.837390,758049,f,,f,f
1789184923.837390,955859,f,,f,f
1789184923.837390,955861,f,,f,f
1789184923.837390,955829,f,,f,f
1789184923.837390,758512,f,,f,f
1789184923.837390,955856,f,,f,f
1789184923.837390,955860,f,,f,f
1789184983.982457,758042,f,,f,f
1789184983.982457,758819,f,,f,f
1789184983.982457,759812,f,,f,f
1789184983.982457,758037,f,,f,f
1789184983.982457,958764,f,,f,f
1789184983.982457,758080,f,,f,f
1789184983.982457,758032,f,,f,f
1789184983.982457,758116,f,,f,f
1789184983.982457,758896,f,,f,f
1789184983.982457,759869,f,,f,f
1789184983.982457,958789,f,,f,f
1789184983.982457,958775,f,,f,f
1789184983.982457,758174,f,,f,f
1789184983.982457,958777,f,,f,f
1789184983.982457,958787,f,,f,f
1789184983.982457,958768,f,,f,f
1789184983.982457,759250,f,,f,f
1789184983.982457,758051,f,,f,f
1789184983.982457,758204,f,,f,f
1789184983.982457,758314,f,,f,f
1789184983.982457,758149,f,,f,f
1789184983.982457,958786,f,,f,f
1789184983.982457,758052,f,,f,f
1789184983.982457,958763,f,,f,f
1789184983.982457,759171,f,,f,f
1789184983.982457,758046,f,,f,f
1789184983.982457,758372,f,,f,f
1789184983.982457,958776,f,,f,f
1789184983.982457,958784,f,,f,f
1789184983.982457,758050,f,,f,f
1789184983.982457,758653,f,,f,f
1789184983.982457,758971,f,,f,f
1789184983.982457,958781,f,,f,f
1789184983.982457,758091,f,,f,f
1789184983.982457,758048,f,,f,f
1789184983.982457,958779,f,,f,f
1789184983.982457,758038,f,,f,f
1789184983.982457,758260,f,,f,f
1789184983.982457,758040,f,,f,f
1789184983.982457,958791,f,,f,f
1789184983.982457,958788,f,,f,f
1789184983.982457,958783,f,,f,f
1789184983.982457,758043,f,,f,f
1789184983.982457,758039,f,,f,f
1789184983.982457,758434,f,,f,f
1789184983.982457,758044,f,,f,f
1789184983.982457,958761,f,,f,f
1789184983.982457,958785,f,,f,f
1789184983.982457,759605,f,,f,f
1789184983.982457,958794,f,,f,f
1789184983.982457,958793,f,,f,f
1789184983.982457,759060,f,,f,f
1789184983.982457,758075,f,,f,f
1789184983.982457,958792,f,,f,f
1789184983.982457,759675,f,,f,f
1789184983.982457,758736,f,,f,f
1789184983.982457,958770,f,,f,f
1789184983.982457,759532,f,,f,f
1789184983.982457,758045,f,,f,f
1789184983.982457,758041,f,,f,f
1789184983.982457,759331,f,,f,f
1789184983.982457,759434,f,,f,f
1789184983.982457,758572,f,,f,f
1789184983.982457,758047,f,,f,f
1789184983.982457,758049,f,,f,f
1789184983.982457,958790,f,,f,f
1789184983.982457,958780,f,,f,f
1789184983.982457,758512,f,,f,f
